00000B13
00000C33
00000CFA
00000DC6
00000DFB
00000E5B
00000E68
00000F12
00000F15
00000F17
00000F1D
00000F2B
00000F63
00000F7D
00000FA7
00000FB5
00000FB7
00000FC2
00000FCA
00000FD4
00000FDA
00000FE1
00000FE8
00000FFD
00001000
0000100A
0000100B
0000100D
00001015
00001020
0000102B
00001044
00001047
0000104F
00001051
00001055
00001056
00001068
00001069
0000106C
00001071
00001075
00001079
0000107C
00001080
00001085
00001087
00001089
0000108A
0000108B
0000108E
00001094
00001095
000010E6
000011AA
00001221
0000123A
00001266
0000128A
000012CA
000012EB
000012EC
000013BB
0000145F
00001467
0000146E
00001482
00001483
00001485
000014C1
000014CF
00001842
00001845
00001847
0000184E
00001851
00001852
00001857
0000185B
00001860
0000186C
0000186D
00001870
00001871
00001872
00001877
00001878
0000187B
0000187C
0000187F
00001881
00001882
00001883
00000001
0000000D
00000030
00000036
00000041
0000006D
0000006F
00000075
000000A9
000000B8
000000DE
00000105
00000138
0000013D
0000013F
00000148
00000152
00000155
0000017E
00000193
0000019E
0000019F
000001BA
000001C4
000001C5
000001FA
0000020A
0000022E
00000231
00000237
0000024F
0000026E
00000271
00000278
00000290
00000298
000002B9
000002CC
000002D5
000002F5
000002FD
0000030D
00000317
0000034A
00000353
00000389
000003AE
000003D5
00000400
0000042E
0000043D
0000048D
000004B5
000004BD
000004C0
000004E8
00000526
000005A9
000005B3
000005D8
000005FC
00000621
00000651
0000065C
0000069A
000006BD
000006BE
0000071A
00000749
0000075E
00000766
00000779
000007D6
00000805
00000813
00000817
00000843
00000849
00000872
000008AE
000008C5
000008CB
000008EC
000008EE
0000090B
0000091A
00000952
000009F3
00000AF5
00000B14
00000B2B
00000B2C
00000B30
00000B55
00000BB0
00000BE5
00000BFA
00000D5E
00000E00
00000EE2
00000EE7
00000F5A
00001049
0000105D
00001097
000010A9
000010B8
000010C2
000010D2
000010D5
000010DB
0000110B
00001119
0000112E
00001156
0000119F
000011A6
000011C5
000011C6
000011E3
00001203
0000122B
00001239
00001288
000012B5
000012EA
000012F4
000012F5
00001338
00001339
0000135F
000013AA
000013DA
0000142D
00001453
000014A2
000014AA
000014AE
00000003
00000004
00000006
00000007
0000001D
0000003B
0000003E
0000003F
0000004D
00000057
00000065
00000073
00000076
00000078
0000007A
0000007C
00000084
00000093
0000009B
0000009C
0000009E
000000A1
000000AC
000000AD
000000B0
000000DA
000000FB
00000119
00000122
0000012D
00000136
0000014A
0000016E
00000173
0000017D
00000196
000001B1
000001B4
000001C8
000001CB
000001CC
000001DD
000001E5
000001E6
000001F6
000001FB
00000230
00000233
0000023C
0000024A
00000262
00000275
00000284
00000299
000002C0
000002CA
000002E7
00000313
00000314
00000318
00000328
00000331
0000033E
00000354
0000035A
0000037E
00000395
000003BF
000003CC
000003E2
000003EC
000003F4
000003F7
00000401
00000409
0000046C
0000047F
00000488
00000491
0000049F
000004FD
00000501
00000504
0000050B
0000052B
00000537
00000548
0000054E
00000559
0000056C
00000573
00000575
0000057D
000005AE
000005DA
000005EE
000005F2
00000613
0000061F
00000635
00000640
00000652
00000660
00000677
00000680
00000686
0000068D
00000690
000006B1
000006B7
000006B9
000006CE
00000701
00000714
0000071E
00000720
00000753
0000075D
00000786
0000078C
000007A1
000007B6
000007B7
000007BB
000007BC
000007C9
000007CA
000007CD
000007DC
000007E5
000007E9
000007F8
00000801
00000804
00000818
00000824
0000082E
00000844
00000877
0000087D
00000898
000008BB
000008BE
000008D5
000008D6
000008E4
000008E9
00000903
00000907
0000091F
00000923
0000092B
00000932
0000094B
00000961
00000975
0000098E
00000990
000009A2
000009C6
000009F8
00000A01
00000A02
00000A04
00000A06
00000A0C
00000A12
00000A2F
00000A36
00000A4D
00000A69
00000A80
00000A97
00000AB0
00000AB3
00000B36
00000B4D
00000B57
00000B6D
00000B73
00000B8D
00000B94
00000BBB
00000BE8
00000BEC
00000C31
00000C32
00000C49
00000C50
00000C5D
00000C64
00000C66
00000C7A
00000C95
00000CB7
00000CC7
00000CC9
00000CDB
00000CE1
00000CEF
00000CF3
00000D00
00000D0E
00000D1A
00000D2F
00000D3B
00000D3C
00000D6B
00000DA7
00000DD6
00000DF0
00000DF8
00000E27
00000E2C
00000E2E
00000E39
00000E9F
00000ED6
00000EDB
00000EE6
00000EED
00000EF5
00000EF9
00000F0B
00000F2F
00000F37
00000F3A
00000F64
00000F8B
00000FB6
000010C7
000010D6
000010F1
000010FB
0000110C
0000111E
00001125
00001128
00001137
00001138
00001172
0000117E
0000119E
000011AB
000011C1
000011D7
000011DC
000011EA
000011ED
000011F4
000011F7
00001211
00001217
0000121E
0000122E
00001235
00001258
00001268
0000129F
000012C1
000012CF
000012EE
000012F6
0000130C
0000130D
0000131C
0000133B
0000134F
00001350
00001364
00001379
00001399
000013C3
00001410
00001413
00001426
00001427
00001454
00001455
00001456
0000145D
0000148C
0000148E
0000149B
000014AD
000014E2
000014E8
000014EB
000014EE
000014FA
000014FD
0000150B
0000150D
00001513
00001514
0000151E
0000152D
0000152F
0000154A
00001557
00001558
0000156F
00001574
00001575
00001581
0000158E
000015A1
000015B9
000015C2
000015D0
000015E1
00001639
00001661
0000168A
0000168F
000016D1
000017BB
000017D7
000017E0
000017EA
00001843
0000184B
00000008
0000000C
00000012
00000018
0000001A
0000001B
00000021
00000024
00000027
0000002D
00000035
0000003A
00000048
00000049
0000004B
0000004E
0000004F
00000050
00000053
00000059
0000005A
0000005E
00000061
00000064
00000066
00000067
00000068
0000006B
00000077
00000083
00000088
0000008C
00000092
00000094
00000096
00000098
00000099
000000A7
000000AA
000000AF
000000B3
000000B9
000000BA
000000BB
000000C5
000000CB
000000CD
000000D0
000000DF
000000E7
000000EC
000000EE
000000F3
000000F5
000000F8
000000FC
00000100
0000010F
00000113
00000135
00000146
00000159
0000015B
0000015F
00000165
00000166
00000168
0000016A
00000178
00000179
0000017C
00000181
00000188
0000018B
00000192
0000019A
000001A3
000001A6
000001A7
000001A8
000001AC
000001B2
000001B3
000001BC
000001C0
000001CE
000001D6
000001DE
000001DF
000001E2
000001E8
000001EA
000001EB
000001F5
000001FD
00000203
00000205
00000209
00000210
00000211
00000218
0000021B
00000221
00000223
00000225
0000022C
00000242
00000246
00000249
00000250
00000257
00000258
0000025E
00000260
0000027D
0000028E
0000029A
000002A1
000002A7
000002AB
000002AF
000002BB
000002BD
000002C2
000002D2
000002E2
000002EC
000002EE
000002EF
000002F7
000002FC
00000302
00000303
00000305
00000308
00000319
0000031F
00000320
00000322
00000329
0000032B
00000334
00000338
0000033B
0000033C
00000343
0000034B
0000034C
00000358
0000036D
0000037F
00000380
00000382
0000038A
0000039B
0000039F
000003A4
000003AC
000003B2
000003C6
000003D1
000003D3
000003DD
000003EE
000003F6
000003F8
000003FF
00000403
0000041A
0000041D
00000420
00000422
00000434
0000043B
00000442
00000451
00000454
00000457
00000463
00000465
00000466
00000467
0000046B
00000476
00000495
00000497
00000499
000004A5
000004AC
000004B2
000004B7
000004C3
000004D5
000004DC
000004DF
000004F2
000004FA
00000508
00000517
0000051D
00000529
0000052A
0000052F
0000053D
00000540
0000054A
00000558
00000566
0000058C
00000596
0000059B
000005A4
000005BE
000005C0
000005C6
000005E2
000005E3
000005F7
00000603
00000604
00000605
00000607
0000060F
00000625
0000062B
00000631
0000063D
00000646
0000064A
00000650
00000654
00000667
00000679
00000692
00000695
00000696
0000069C
000006A0
000006A2
000006A3
000006B2
000006B3
000006B8
000006BA
000006BC
000006C3
000006DD
000006E0
000006E9
000006EB
000006F5
000006F7
000006F9
000006FC
000006FF
0000070A
0000070B
00000726
00000727
0000072C
00000738
0000073B
00000741
00000745
0000074A
0000074B
0000074D
0000075F
00000763
00000765
00000767
0000076C
00000772
00000781
00000782
00000787
00000793
000007A3
000007B1
000007C1
000007C5
000007E0
000007E7
000007EB
000007ED
000007F4
000007F9
00000806
00000810
00000830
00000831
00000839
00000847
0000084D
00000853
00000858
00000859
00000862
00000864
00000869
0000086D
0000087A
00000883
0000088A
0000088B
0000088F
00000891
00000899
0000089B
000008A5
000008C3
000008D2
000008DD
000008DF
000008E0
000008E6
000008EB
000008F2
000008F5
000008F9
000008FA
00000904
00000914
0000091B
00000920
00000922
0000093F
00000956
00000958
00000964
00000965
00000968
0000096F
0000097B
00000983
00000988
00000989
0000099B
0000099C
000009B8
000009BE
000009C7
000009CE
000009D9
000009DE
000009E8
000009E9
00000A16
00000A1B
00000A27
00000A2B
00000A30
00000A3B
00000A3E
00000A64
00000A6F
00000A7A
00000A8B
00000A92
00000A95
00000A9B
00000AA8
00000ABA
00000ABE
00000AC1
00000ACD
00000ADA
00000AEE
00000B07
00000B08
00000B0A
00000B15
00000B24
00000B44
00000B5F
00000B67
00000B71
00000B78
00000B93
00000BA6
00000BAF
00000BB2
00000BB7
00000BC4
00000BD7
00000BE7
00000BF9
00000C15
00000C16
00000C1F
00000C3E
00000C44
00000C67
00000C73
00000C99
00000C9B
00000C9E
00000CA8
00000CAA
00000CB1
00000CB3
00000CB4
00000CBB
00000CC8
00000CCA
00000CD8
00000CDD
00000CF5
00000D16
00000D26
00000D56
00000D5C
00000D90
00000D9F
00000DAA
00000DAD
00000DD8
00000DE9
00000DEA
00000DEE
00000DF7
00000E1A
00000E29
00000E2B
00000E34
00000E4A
00000E5D
00000E76
00000E9D
00000EB0
00000ECB
00000ECD
00000EE4
00000EEA
00000EF2
00000F3F
00000F56
00000F8E
00000FD9
00001030
00001033
00001036
00001084
0000109A
000010A5
000010AB
000010BE
000010E3
000010ED
000010F3
000010F8
0000111D
00001132
00001136
00001139
00001141
0000114D
0000114E
0000114F
0000115B
00001166
00001173
00001185
0000118B
000011A1
000011A5
000011BA
000011CF
000011D4
000011D6
000011D9
000011E0
00001200
00001208
00001209
00001212
00001218
00001223
00001225
0000122F
00001238
00001253
00001254
0000126C
00001270
00001276
00001293
000012A7
000012AD
000012AF
000012B3
000012B6
000012D3
000012E1
000012E4
000012F0
000012F3
000012FA
00001327
00001328
0000132A
00001331
00001334
00001337
0000133E
0000133F
0000134B
00001355
0000135C
00001362
00001365
00001370
00001371
00001373
00001374
00001380
00001382
00001385
00001389
0000138F
0000139C
000013A7
000013AE
000013B7
000013BC
000013BF
000013C1
000013C2
000013C5
000013C6
000013C7
000013DB
000013E0
000013E2
000013F1
00001402
00001403
0000140A
00001414
00001415
00001429
0000144D
00001450
0000146D
0000149C
000014A6
000014A7
000014B9
000014CD
000014D0
000014DA
000014E0
000014E9
000014F1
000014FB
000014FC
00001504
00001508
00001511
0000151B
0000151D
00001523
00001527
0000152C
00001533
00001535
00001538
00001540
0000154F
0000155A
00001567
0000156A
0000157B
00001584
00001589
0000158A
0000158C
0000158F
0000159F
000015A0
000015A3
000015A6
000015AE
000015B3
000015B5
000015BA
000015D3
000015E4
000015E5
000015E7
000015E8
000015EE
000015F8
000015FB
00001600
00001601
00001602
0000160B
0000160F
00001612
0000162B
0000163E
00001658
00001686
0000168E
000016A9
000016AC
000016B1
000016B2
000016C6
000016CE
000016EA
00001723
00001743
000017B4
000017B6
000017BC
000017C0
000017C1
000017D4
000017DA
000017DD
000017E3
000017EF
000017FB
00001800
00001801
0000181D
0000181E
0000182B
00001841
00001850
0000185A
0000185D
00001868
0000187A
00000001
00000009
0000000A
0000000E
00000011
00000015
0000001E
0000001F
00000023
00000029
0000002A
00000030
00000031
00000032
00000034
00000038
00000047
00000052
00000058
0000006C
0000006D
0000006E
00000079
0000007E
00000081
0000008A
0000008B
0000008F
00000090
00000091
000000A0
000000A2
000000A3
000000A5
000000B2
000000BE
000000C4
000000C7
000000C9
000000D7
000000DB
000000DC
000000EB
000000F6
00000102
00000103
00000104
00000109
00000115
00000117
00000118
0000011D
00000120
00000129
0000012C
0000012F
00000133
00000144
0000014B
0000014E
0000015D
00000160
00000161
00000163
00000172
00000176
0000017F
00000186
00000187
00000189
0000018E
00000191
00000197
00000199
0000019D
000001A4
000001A5
000001BD
000001D0
000001D4
000001DB
000001ED
000001F0
000001F3
000001FE
000001FF
00000214
00000224
00000244
00000255
00000256
0000025C
00000269
0000027E
00000281
00000282
0000028D
00000295
00000297
0000029B
000002A8
000002A9
000002AC
000002AE
000002B2
000002BC
000002BF
000002D3
000002D4
000002DA
000002F0
000002F1
000002F6
000002F8
000002FB
00000300
0000031B
00000326
00000337
00000340
00000348
00000352
0000035C
00000360
00000361
00000362
00000364
00000369
00000384
00000385
0000039D
000003A9
000003AF
000003B4
000003B5
000003C3
000003D0
000003DC
000003E0
000003E3
000003E9
00000402
00000405
00000408
00000410
00000436
0000044B
00000458
0000045B
0000045E
00000464
00000469
0000046D
0000047E
00000481
00000483
00000484
00000489
0000048C
0000048E
000004A1
000004A6
000004AA
000004AD
000004AE
000004B4
000004BF
000004C5
000004C6
000004CF
000004D6
000004DD
000004E1
000004E2
000004F5
000004FC
00000507
0000050A
00000514
00000532
00000536
00000541
0000054C
00000553
00000557
0000055E
00000568
0000056D
0000056F
00000579
0000057E
00000586
00000589
0000059A
000005A0
000005A5
000005AB
000005B2
000005BA
000005C1
000005C9
000005CB
000005FF
00000601
00000619
00000622
0000062F
00000632
00000644
0000065E
0000066B
0000067F
0000068A
0000068F
00000697
0000069D
000006A1
000006A6
000006A7
000006AB
000006D4
000006D5
000006D6
000006DA
000006DF
000006EE
000006F6
000006FB
000006FD
00000702
00000703
00000711
0000072D
00000732
00000733
00000737
0000074E
0000074F
00000758
0000075C
0000076D
00000773
0000077E
00000788
000007BF
000007C6
000007CC
000007D8
000007DE
000007F1
000007F7
000007FC
00000807
00000809
0000080E
00000812
00000815
0000081F
00000825
0000082A
00000856
0000085D
0000086B
0000086C
0000086E
00000871
0000087B
00000889
000008A2
000008AA
000008AC
000008B2
000008B6
000008B9
000008C6
000008C8
000008D0
000008D3
000008ED
000008F4
000008F7
00000912
00000915
0000091E
00000927
00000940
0000096E
00000973
0000097D
00000998
000009AF
000009B9
000009C8
000009D0
000009DB
000009E1
000009E5
000009F9
000009FB
00000A07
00000A0D
00000A1C
00000A1F
00000A21
00000A2A
00000A34
00000A39
00000A46
00000A4B
00000A52
00000A5E
00000A82
00000A8A
00000A93
00000A9F
00000AA7
00000AB4
00000AC9
00000AD5
00000AE1
00000AE9
00000AED
00000AF1
00000B1C
00000B1F
00000B32
00000B35
00000B3E
00000B46
00000B48
00000B54
00000B68
00000B7A
00000B83
00000B95
00000B9B
00000BA0
00000BB9
00000BC5
00000BCF
00000BF6
00000C07
00000C13
00000C26
00000C2E
00000C3A
00000C3D
00000C5B
00000C62
00000C86
00000C91
00000C9D
00000C9F
00000CAC
00000CB0
00000CB5
00000CBC
00000CC6
00000CCE
00000CEA
00000CEB
00000CFF
00000D1D
00000D2A
00000D3A
00000D47
00000D49
00000D4E
00000D4F
00000D59
00000D6F
00000DA6
00000DAB
00000DBD
00000DCB
00000DD1
00000DED
00000DF2
00000E02
00000E1B
00000E40
00000E41
00000E46
00000E50
00000E5E
00000E6B
00000E6E
00000E70
00000E73
00000E7A
00000E8D
00000E93
00000E9A
00000EAF
00000EB6
00000EB7
00000EB9
00000EBB
00000ECC
00000ED0
00000ED3
00000ED7
00000ED9
00000EEB
00000EFE
00000F28
00000F35
00000F39
00000F41
00000F47
00000F48
00000F53
00000F5C
00000F7A
00000F89
00000F98
00000FAD
00000FBE
00000FC3
00000FC5
00001010
00001013
0000101E
00001025
0000105E
00001077
0000107E
00001082
00001086
00001097
00001098
000010B7
000010C0
000010CD
000010CE
000010D0
000010DD
000010DE
000010E7
000010E9
000010EE
000010F0
000010F4
000010F5
00001114
00001116
00001118
0000113F
00001147
00001151
00001162
00001164
0000116C
00001178
0000117D
0000118A
0000119D
000011C3
000011C4
000011D2
000011D5
000011DD
000011DE
000011E1
000011F0
000011F6
000011FE
00001201
00001210
00001215
00001216
0000121D
00001230
00001232
00001233
00001240
00001243
00001244
00001248
0000124B
00001250
0000125A
0000125C
0000125E
0000125F
00001260
00001261
00001267
0000126A
00001272
0000128C
00001291
00001292
00001298
0000129A
0000129D
000012A4
000012B1
000012BC
000012C5
000012C7
000012D2
000012DF
000012E6
000012FF
00001301
00001309
0000131A
0000131B
0000131F
00001322
00001336
00001338
0000133D
00001353
00001354
00001359
0000135B
0000135F
0000136C
00001377
0000137B
00001383
000013A5
000013A9
000013AD
000013CD
000013DA
000013DE
000013E4
000013F0
000013F2
000013F5
000013F7
00001405
0000140C
0000141B
00001424
0000142C
00001436
00001437
0000143C
0000143F
00001441
00001442
00001443
00001445
0000144C
00001453
0000145C
00001464
00001469
0000146C
00001495
00001497
000014A0
000014A4
000014B2
000014B7
000014D2
000014DB
000014DF
000014E1
000014E5
000014EC
000014F9
00001509
0000151A
00001521
00001534
00001549
0000155E
00001565
00001568
0000157F
00001582
0000159C
000015A8
000015A9
000015B2
000015BE
000015D6
000015D9
000015DC
000015F7
000015FA
000015FE
00001605
0000160C
00001627
00001628
0000163B
0000164E
0000169F
000016A3
000016C0
000016F4
000016FA
00001706
0000170A
0000170C
00001730
000017C3
000017DF
000017E1
000017E2
000017E4
000017EB
000017F9
00001813
00001814
00001825
00001828
00001849
0000184C
00001869
00000005
00000006
00000010
0000001C
0000001D
00000022
0000003B
0000003F
00000042
00000044
00000045
0000004D
0000005C
0000005D
00000063
00000071
00000076
0000007F
00000080
00000082
00000084
00000093
0000009B
0000009E
000000DA
000000E3
00000101
00000110
00000126
00000128
00000139
00000145
00000147
0000016E
0000016F
00000170
00000174
0000017B
0000017D
0000018C
0000019B
0000019C
000001AA
000001AE
000001AF
000001B8
000001C5
000001D7
000001E5
000001F4
00000200
0000021D
00000234
0000024C
00000251
0000026D
0000027F
0000029E
000002A5
000002B3
000002DB
000002F9
00000304
00000321
00000324
00000328
0000032D
0000032E
00000375
00000376
0000038E
000003A5
000003A6
000003B7
000003BB
000003C2
000003C7
000003CC
000003CF
000003ED
000003F5
0000040A
00000417
00000418
0000041C
0000041E
0000041F
00000426
00000431
00000432
00000446
0000045C
00000486
0000049A
000004A3
000004A8
000004AF
000004B8
000004BA
000004EC
000004EE
000004F7
00000503
0000051C
0000052E
0000053B
00000548
0000057C
00000584
0000058E
00000597
000005D3
000005D4
000005E0
00000608
0000065B
00000662
00000674
00000715
00000731
00000776
0000079D
000007A8
000007AA
000007BA
000007D2
000007DC
000007E3
0000081D
0000082C
0000083E
00000842
0000084A
00000850
00000874
0000089F
000008E1
000008EA
00000908
00000916
00000933
00000991
000009DC
000009E7
00000A32
00000A5A
00000A63
00000A72
00000A7E
00000A80
00000A9A
00000AB3
00000ACE
00000AF0
00000AF4
00000B19
00000B2E
00000B51
00000B72
00000B87
00000BBB
00000BCC
00000C00
00000C28
00000C4B
00000C4F
00000C59
00000C70
00000C72
00000C93
00000CB6
00000CCF
00000CE3
00000CED
00000CFD
00000D22
00000D3C
00000D7B
00000DA5
00000DE3
00000DF6
00000E1D
00000E2F
00000E31
00000E5A
00000E65
00000E67
00000E78
00000EB4
00000EBE
00000EC9
00000ED6
00000EE6
00000EFD
00000F5B
00000FCD
00000FD0
00001009
00001016
0000101C
00001022
00001024
0000103B
0000103E
00001072
0000109B
000010A7
000010B3
000010B6
000010C9
000010D8
000010D9
000010E2
000010E4
000010FD
00001108
0000110C
00001117
00001127
00001131
00001134
00001145
00001186
00001188
0000118D
00001195
0000119A
000011AC
000011AD
000011B4
000011E5
000011E7
000011F3
0000120E
00001229
00001251
00001258
00001263
00001296
000012A9
000012D4
000012FE
00001332
00001360
0000136D
00001390
000013B3
000013BA
000013D4
000013D7
000013E7
00001404
00001427
0000142B
0000142F
00001433
00001451
00001461
00001465
00001476
0000148B
0000149D
000014A9
000014EB
000014FA
0000150C
00001515
00001517
00001518
0000151F
00001525
0000152A
0000152B
00001537
00001539
0000154A
00001557
00001558
0000155C
0000156E
00001573
00001574
00001575
00001576
0000158E
00001590
00001592
00001593
00001595
000015A5
000015B0
000015B1
000015B7
000015BC
000015C2
000015D5
00001611
00001613
00001626
00001639
0000163C
00001643
00001645
00001646
0000164D
00001650
00001655
0000165B
0000165C
00001664
00001665
00001667
0000166A
0000166C
00001676
00001685
00001688
00001689
0000168A
0000168F
00001691
000016C1
000016DB
000016FB
0000170E
00001718
00001747
0000175D
00001768
00001791
00001796
00001799
000017A7
000017A8
000017A9
000017B9
000017C5
000017E0
000017E5
000017EA
0000180A
0000180E
0000183F
00001848
0000184A
0000184B
00000007
0000000C
00000016
00000018
00000024
00000027
0000002D
0000002E
0000003A
00000049
0000004E
00000050
00000059
0000005A
00000064
0000006B
00000089
0000008C
00000094
00000099
000000AF
000000CD
000000FE
00000121
0000015B
0000016A
00000178
00000181
0000019A
000001A7
000001B5
00000201
00000203
00000209
00000210
00000235
0000023E
00000249
0000028E
000002D2
000002E9
000002EE
000002F4
00000303
00000309
0000030F
0000031D
0000032A
0000032B
0000033C
0000034C
00000380
0000039A
000003BF
000003D3
0000041D
00000490
000004FA
00000527
00000538
00000566
00000567
000005E3
00000646
00000719
0000073A
00000743
00000765
00000769
00000787
0000084F
00000862
0000086A
00000883
00000899
0000089B
000008E2
000008FA
0000092C
00000965
0000097C
00000984
000009CE
000009EA
000009EF
00000A53
00000A92
00000B22
00000B4F
00000B67
00000BC7
00000CB1
00000CFE
00000D2D
00000D35
00000D3D
00000D54
00000DC5
00000E82
00000E83
00000E86
00000E87
00000E9D
00000F3F
00000F68
00000F76
00000FCB
00001006
00001008
00001029
0000102A
0000106F
00001074
00001078
000010AF
000010C3
000010DF
000010EC
0000111C
00001136
00001141
0000116B
000011B9
000011BA
000011EF
00001223
00001238
0000127F
00001289
00001290
000012AD
000012B6
000012D3
000012DC
000012FB
00001328
0000132A
0000133F
00001382
0000138D
00001391
00001409
0000140A
0000141C
00001429
00001487
000014A7
000014CA
000014F6
000014F8
000014FC
00001507
0000150E
00001513
0000151B
00001527
0000152F
00001535
00001541
0000154F
00001554
0000155B
00001567
0000156A
00001577
0000157B
0000157C
00001588
0000159F
000015A0
000015A1
000015AE
000015C7
000015E1
000015EE
00001600
00001601
00001603
0000160A
00001617
0000161C
00001620
00001629
0000163E
00001661
00001663
00001677
00001686
0000168D
000016A9
000016AC
000016B2
000016BE
000016EA
000016EB
000016EE
000016EF
000016F2
000016F3
00001739
00001743
0000174B
00001753
00001760
00001775
0000177B
0000178D
000017A2
000017AE
000017B6
000017C0
000017D4
000017DA
000017DE
000017EF
000017FB
000017FF
00001800
00001801
00001806
00001815
00001818
0000182E
00001841
0000185D
00001866
00001868
0000001E
00000047
00000058
0000005E
0000007E
00000081
00000088
0000008A
0000008B
00000090
00000091
000000A7
000000C4
000000CA
00000102
00000115
0000012E
00000133
00000144
0000014B
0000014E
00000160
0000017F
00000186
00000187
000001DB
000001DE
000001E9
00000225
00000236
0000023B
00000246
0000029A
000002D3
000002D9
000002DC
000003C3
000003E5
00000469
000004AE
000005FF
00000696
000006D5
00000700
00000727
0000074E
00000826
00000851
000008F4
00000A83
00000BDC
00000BFC
00000D5C
00000ED7
00000EEB
00000EF0
00000F35
00000F5E
00000FCC
000010B0
000010C6
00001106
0000116C
000011E1
000011F2
00001215
00001230
00001232
00001285
0000128C
00001298
0000129A
000012C8
00001338
000013E4
0000148E
00001504
0000150A
00001511
0000152C
00001538
0000155E
0000158F
000015B9
000015E4
000015F4
00001670
00001687
000016C0
000016CE
000016D1
000016DF
00001702
00001736
00001761
00001786
00001827
0000001C
00000021
00000042
00000080
000000BD
000000C8
000000CB
000000D5
000000D8
000000DA
00000109
0000011E
0000012C
0000015E
0000016E
0000017D
0000018C
00000191
0000019C
000001D7
00000208
0000021C
00000224
0000027F
000002A4
0000035C
00000361
00000375
000003A5
00000417
00000436
0000045C
000004A3
0000056F
00000575
00000589
000005D4
0000061E
000006F1
00000AB3
00000C07
00000EE1
0000109B
000010D7
000011E5
0000125E
00001268
0000126F
00001291
00001292
00001301
00001332
00001469
00001472
000014A4
00001517
00001568
0000185A
0000003B
00000045
0000004E
0000006B
0000006C
0000008C
000000FE
00000110
00000145
0000016F
00000174
000001AE
000001AF
000001B5
000002C1
000002E5
0000032E
000003C7
000003EB
000003F5
000004FA
000007AA
0000081D
000009FB
00000A7E
00000A92
00000B67
00000C72
00000C93
00000D7B
00000D7C
00000E05
00000E78
00000EBF
00000ED5
000010D9
000010E4
00001145
00001210
00001305
00001382
000013BE
000013F6
0000142F
00001507
0000150E
0000152A
0000152B
0000152F
0000154F
0000155A
00001567
00001573
00001575
00001593
000015A5
000015B7
000015D5
000015FB
00001620
00001643
00001685
00001689
00001706
00001759
000017C0
000017FF
00001801
00001867
00000024
00000029
00000058
00000059
0000007E
00000099
000000E6
00000167
0000018E
0000019A
000001DB
00000234
00000235
0000023E
000002A9
000002D2
00000799
00000883
00000902
00000CA5
00000F5E
00000FCB
00001008
00001029
0000102A
0000103B
0000103E
00001072
000010B0
000010FD
0000110C
000011BA
000012D3
00001451
000014FC
00001530
00001541
00001554
00001588
0000159F
000015C4
00001603
00001650
00001655
000016BE
000016F3
00001753
00001763
00001795
000017DA
000017E5
0000182E
00000047
0000005E
000000A5
000000D5
0000012C
00000199
0000019C
000001D7
000002AB
000002BC
000003BF
000004BF
00000810
00000AB4
00000D43
00000DAD
00001362
0000152C
000015A0
000015B0
00001646
00001670
00001677
00001687
000017E2
0000185A
00000090
000001C5
00000300
000004FA
00000541
00000850
00001586
000015BE
000015C2
00001605
0000169F
0000184B
0000001C
00000191
00000224
0000032A
00000436
00000B67
00000E48
00000010
0000005E
0000006C
00000160
0000016F
00000174
000001AF
000001B5
00000235
0000023B
000003AD
000003F5
00000604
00000700
00000726
00000A92
0000109B
000010B0
000010C6
00001210
00001230
000012C8
000013E5
000016EE
000000D5
00000208
0000021C
0000043B
000005BC
0000061E
00000B13
00000BFC
00000C33
00000CFA
00000E5B
00000F17
00000F1D
00000F5E
00000FA7
00000FC2
00000FE1
00000FE8
00000FFD
0000100A
0000100B
0000100D
00001015
00001020
0000102B
00001044
00001047
00001051
00001068
0000106C
00001071
00001075
00001079
0000107C
00001080
00001085
00001087
00001089
0000108A
0000108B
0000108E
00001094
00001095
000010B3
000010E6
000011AA
00001221
0000125E
00001266
0000128A
000012EC
000013BB
000013E7
00001467
00001483
00001485
000014CF
00001842
00001845
00001847
0000184E
00001851
00001852
00001857
0000185B
00001860
0000186C
0000186D
00001871
00001872
00001877
00001878
0000187B
0000187C
0000187F
00001881
00001882
00001883
00000036
0000006F
000000A9
000000B8
000000DE
00000105
00000138
0000013D
0000017E
0000018E
0000019F
000001BA
000001C4
000001C5
0000020A
00000231
00000237
00000244
0000024F
0000026E
00000290
00000298
000002CC
000002F5
000002F7
000002FD
0000031F
00000353
00000389
0000042E
0000048D
00000526
000005A6
000005A9
000005B3
0000065C
000006BE
0000071A
00000749
000007D6
00000817
00000849
00000872
000008AE
000008CB
0000091A
00000952
000009F3
000009FB
00000AF5
00000B14
00000B30
00000BE5
00000BFA
00000DC6
00000DFB
00000E68
00000F12
00000F15
00000F2B
00000F63
00000F7D
00000FB5
00000FB7
00000FCA
00000FD4
00000FDA
00001000
0000104F
00001055
00001056
0000105D
00001069
00001097
000010D2
000010D5
000010DB
0000110B
00001119
000011C6
00001239
0000123A
000012CA
000012EB
000012F4
000012F5
00001338
0000135F
000013DA
000013EC
000013F6
0000142D
00001453
0000145F
0000146E
00001482
000014A2
000014C1
00001517
00001573
000015D5
000017E5
00001870
00000007
0000001D
0000005A
00000081
000000C0
000000CB
000000DA
0000013F
00000152
0000017D
000001CC
000001E6
0000023C
00000271
00000299
0000030D
0000033E
00000354
0000037E
000003CC
000003EC
000003F7
00000437
000004E8
00000573
00000575
000005EE
00000651
000006B1
000006BD
00000753
0000075D
00000779
0000078C
00000805
0000081D
00000843
00000877
00000898
000008D6
000008E4
00000923
00000975
00000990
000009A2
00000A02
00000A06
00000A12
00000B2B
00000B6D
00000B8D
00000BDF
00000C31
00000C50
00000C7A
00000C95
00000CB7
00000CE1
00000CF3
00000D5E
00000DEA
00000E25
00000E39
00000EE6
00000F37
0000110C
0000111E
00001128
0000119F
000011A6
00001217
00001288
000012F6
00001339
00001350
00001410
00001427
00001454
00001455
000014AD
000014AE
000014EE
000014F1
00001513
0000154F
0000156F
00001581
00001638
00001661
000017D7
00001841
00000018
0000004D
00000054
00000059
0000009B
000000C8
0000016C
00000196
000001A7
000001D6
00000230
0000023E
0000027F
000002DB
00000300
00000514
0000054E
00000646
0000074D
0000079A
00000899
00000956
000009BE
000009C7
00000A38
00001030
00001173
00001223
00001328
00001371
00001382
0000155A
00001575
0000157B
000015A0
000015A1
000015A4
0000160F
000016C5
000017BC
000017D4
000017DA
000017E0
000017EA
00001801
0000181D
0000185D
00000045
00000099
000000C4
00000110
000006D9
00000902
000009DE
00000D7C
00000E05
00001258
00001305
00001436
0000150B
0000159C
0000184B
0000000E
00000079
0000008B
000000E6
00000234
000002AB
000004F9
00000525
00000940
00000BBB
00000EA0
00000EBF
00001230
0000127B
0000158E
0000158F
000017DD
0000004E
0000006C
0000007E
0000013B
00000187
0000019C
000001D7
0000033E
000004BA
00000D43
00000DAD
00000DEA
00000E6E
000010D0
00001301
0000137C
00001385
000014A4
00001646
0000180A
0000180E
0000185A
00000019
00000058
0000008C
0000011E
0000012C
0000015E
00000199
00000300
000004B4
000004FA
00000541
00000850
00000AB4
00000B7A
000011BA
00001362
0000151B
00001567
00001586
000015B0
000015BE
000015C2
00001605
00001627
00001634
0000166A
00001689
0000169F
00001718
000017E2
0000184B
00000059
0000008A
000000A5
000002F1
00000484
000006E4
0000074E
0000110C
00001292
00001443
00000189
00000585
0000005A
0000116C
00000B13
00000C33
00000CFA
00000DC6
00000DFB
00000E5B
00000E68
00000F12
00000F15
00000F17
00000F1D
00000F2B
00000F63
00000F7D
00000FB5
00000FB7
00000FC2
00000FCA
00000FD4
00000FDA
00000FE1
00000FE8
00000FFD
00001000
0000100A
0000100B
0000100D
00001015
00001020
0000102B
00001044
00001047
0000104F
00001051
00001055
00001056
00001068
00001069
0000106C
00001071
00001075
00001079
0000107C
00001080
00001085
00001087
00001089
0000108A
0000108B
0000108E
00001094
00001095
000010E6
000011AA
00001221
00001266
0000128A
000012CA
000012EB
000013BB
0000145F
00001467
0000146E
00001482
00001483
00001485
000014C1
000014CF
00001842
00001845
00001847
0000184E
00001851
00001852
00001857
0000185B
00001860
0000186C
0000186D
00001870
00001871
00001872
00001877
00001878
0000187B
0000187C
0000187F
00001881
00001882
00001883
00000036
0000006D
0000006F
000000A9
000000B8
000000DE
00000105
00000138
0000013D
0000013F
00000152
0000017E
0000019E
0000019F
000001BA
000001C4
000001C5
000001FA
0000020A
00000231
00000237
0000024F
0000026E
00000271
00000290
00000298
000002B9
000002CC
000002D5
000002F5
000002FD
0000030D
00000353
00000389
0000042E
0000048D
000004B5
000004BD
000004E8
00000526
00000548
000005A9
000005D8
00000651
0000065C
0000069A
000006BD
000006BE
0000071A
00000749
00000779
000007D6
00000805
00000813
00000817
00000849
00000872
000008AE
000008C5
000008CB
0000091A
00000952
000009F3
00000A83
00000AF5
00000B14
00000B2B
00000B2C
00000B30
00000B55
00000BB0
00000BE5
00000BFA
00000D5E
00000DE0
00000DF1
00000EE2
00000F21
00000FA7
00000FB6
00001049
0000105D
00001097
000010A9
000010B8
000010D2
000010D5
000010DB
0000110B
00001119
000011A6
000011C6
00001239
0000123A
00001288
000012EC
000012F4
000012F5
00001338
00001339
0000135F
000013DA
0000142D
00001453
000014A2
000014AA
000014AE
00000001
00000003
00000004
00000007
00000018
0000001D
00000073
0000009B
000000DA
0000017D
00000196
000001CC
000001DD
000001E6
00000230
0000023C
00000299
00000331
0000033E
00000354
0000035A
0000037E
00000395
000003CC
000003E2
000003EC
00000537
00000559
0000056C
00000573
00000575
000005A6
000005AE
000005D3
000005EE
000005F2
0000061F
00000652
00000680
000006B1
00000714
00000753
0000075D
0000078C
0000079A
000007A1
000007F8
00000836
00000840
00000844
00000877
00000898
000008BE
000008D6
000008E4
00000923
0000092B
0000093F
0000094B
00000961
00000975
00000990
000009A2
00000A02
00000A06
00000A0C
00000A12
00000A2F
00000A97
00000B4D
00000B6D
00000B8D
00000C31
00000C49
00000C50
00000C7A
00000C95
00000CB7
00000CC7
00000CC9
00000CDB
00000CE1
00000CF3
00000D00
00000D0E
00000D1A
00000D3B
00000D54
00000DF8
00000E2C
00000E39
00000EF9
00000F37
00000F8B
00000FF4
000010F1
0000110C
0000111E
00001125
00001128
0000112E
00001138
0000119F
000011AB
000011DC
000011EA
000011ED
000011F7
00001217
000012CF
000012F6
00001350
00001364
000013C3
00001410
00001413
00001427
00001433
00001454
00001455
000014AD
000014E8
000014EE
00001513
00001557
00001558
0000156F
00001581
000015A1
00001639
00001661
0000168A
0000168F
00001690
000017BB
000017D7
0000181C
00001843
00000027
0000003B
0000004D
00000057
0000005A
00000092
0000009C
000000A1
000000C4
000000CB
00000119
0000014A
000001A7
000001B1
000001B2
000001CB
000001D6
00000249
0000024A
000002CA
000002DB
0000037F
000003AC
000003B2
000003C6
00000467
00000497
0000054E
00000605
00000607
00000646
00000650
000006B8
0000074D
00000763
00000765
00000767
000007B1
000007C9
000007F9
00000837
0000087D
00000891
00000956
00000968
00000988
000009BE
000009C7
000009F8
00000A16
00000A64
00000A8B
00000AA8
00000B15
00000B44
00000BA6
00000BB7
00000BC7
00000BD7
00000C44
00000C98
00000C99
00000CF5
00000D16
00000D90
00000DAD
00000DEA
00000E34
00000ED6
00000EE4
00000EE6
00000F8E
00001030
000010F3
000010FB
00001139
0000114D
0000115B
00001166
00001173
00001200
00001209
00001223
00001268
00001270
0000129F
000012AD
000012DF
00001328
0000133B
00001371
00001382
000013B7
000013C2
000013C7
00001426
0000148C
0000149C
000014E0
000014F7
000014FB
00001509
0000152C
0000155A
0000157B
0000158A
0000158F
000015A0
000015D7
00001647
0000168E
000016CE
000017D4
00001801
00001841
0000185D
00000021
00000024
0000003E
0000004A
00000059
0000005E
00000061
00000065
00000067
0000006D
0000008B
00000099
000000A7
000000AA
000000BA
000000C7
000000CD
0000010F
0000016E
00000178
00000199
000001A8
000001AC
000001E8
000001FD
00000225
00000250
00000257
00000262
000002A1
000002D2
000002DC
000002E7
000002F7
00000300
00000319
0000031F
0000035F
0000039B
000003A4
000003A9
0000041A
0000043B
00000478
0000048E
000004AD
000004B4
000004E3
000004F9
000004FA
000004FC
00000529
000005A4
000005C0
00000604
0000062F
00000640
00000692
0000069D
000006A0
000006A2
000006C3
000006F7
000006F9
000006FB
000006FC
000006FF
0000070A
00000781
000007A3
00000839
00000869
0000086D
000008D2
000008D5
000008F2
000008F9
00000914
0000091B
00000922
00000964
000009D9
000009DE
000009E8
000009FB
00000A2B
00000A6F
00000AA7
00000AD5
00000B07
00000B08
00000B0A
00000B78
00000BBB
00000BF6
00000C73
00000CC6
00000DD8
00000E63
00001097
000010C0
000010F5
00001107
000011CF
000011D9
00001218
00001238
00001258
0000125F
00001260
00001272
000012A4
00001322
0000132A
0000135F
00001380
00001383
000013BC
000013C5
000013DE
00001403
00001436
00001442
0000144D
000014F1
0000150B
00001549
00001586
000015BE
000015C2
000016AC
000017B6
000017D3
000017DD
00001814
0000184B
0000185A
00000012
00000018
0000001D
0000001E
00000029
00000030
00000035
00000049
0000004E
0000006C
00000076
0000007E
0000007F
00000081
00000088
000000A3
000000A5
000000AB
000000BB
000000DA
000000EB
000000FC
0000014B
0000014E
00000159
0000015F
00000160
00000161
00000163
00000165
000001A6
000001AA
000001DB
000001DE
000001F0
000001F5
00000224
00000244
0000027E
0000028E
000002B2
000002E9
00000328
0000032B
000003B4
000003B5
000003D0
000003DC
00000405
00000410
00000484
000004AC
000004BA
00000536
00000541
0000056F
000005E2
00000603
0000060F
00000667
00000683
00000696
000006ED
000006F8
00000708
00000715
00000724
00000726
0000072D
00000733
00000737
000007F4
0000080E
00000825
00000831
00000858
0000085E
00000864
000008AC
00000916
00000920
00000940
000009CE
000009E7
000009F9
00000A07
00000AB0
00000AC9
00000ADA
00000B67
00000BB8
00000CB1
00000CBC
00000D1D
00000D6F
00000E1B
00000E48
00000E50
00000E67
00000E7A
00000F39
00000F9D
00000FCC
00001078
00001096
00001098
0000110C
00001117
00001118
00001147
0000114F
0000116C
000011BA
000011D4
00001215
00001291
0000129A
000012BC
000012E4
000012F7
0000133D
00001379
000013E8
00001443
00001464
0000151B
00001557
00001558
00001576
000015B3
000015D3
000015E5
000015E8
00001605
0000160F
00001627
00001639
0000169F
000016D1
000017F9
00000007
0000000E
00000011
00000019
00000042
00000045
00000046
00000068
00000079
0000008A
0000008C
000000C4
000000C8
000000E6
00000102
00000117
00000118
00000120
00000129
0000012C
00000144
0000015D
00000167
0000017B
00000189
0000018E
0000019C
000001A4
000001D7
00000208
00000235
0000027F
00000281
000002A2
000002B3
0000032A
0000032D
00000360
000003A5
000003B7
000003C3
000003CC
000003DD
0000041C
000004A1
000004DD
0000053B
0000058E
00000644
0000065B
00000674
000006A1
0000074E
00000765
00000850
00000998
00000A38
00000AB4
00000C4B
00000C9F
00000CEA
00000D3C
00000DAD
00000DEA
00000E1D
00000E6E
00000E70
00000ED9
00000F7A
00000FC3
0000109B
000010B0
000010D0
00001157
00001298
00001301
0000131A
00001344
00001353
00001362
00001382
000013CD
000013DB
00001469
00001470
0000148E
000014A0
000014CD
000014E8
00001521
0000155E
00001567
00001575
00001582
00001589
0000158E
0000158F
00001596
000015A8
000015B0
000015B2
000015D0
0000160C
00001646
0000166A
00001689
0000168F
00001718
000017A8
000017E2
000017EA
00001801
00001802
0000180A
0000180E
00001821
00000005
00000044
00000047
00000059
0000005A
0000005E
000000AA
000000D9
000000FE
0000016F
00000186
00000191
00000199
000001AF
000001B7
000001E5
00000203
00000213
0000021C
0000022D
00000234
0000023B
0000023D
000002A9
000002F1
00000300
0000030F
0000031F
00000321
00000375
000003E5
0000042A
00000431
000004B4
000004FA
00000514
00000567
000005E3
000006E4
00000700
00000719
000007CC
00000810
00000902
000009FB
00000BFC
00000D7C
00000E05
00000E83
00000EBF
00000F5E
0000101C
00001024
0000103B
0000103E
000010C3
000010C6
000010F9
00001230
0000125E
00001268
000012C8
000013E4
00001437
00001509
00001517
0000152A
0000152B
00001573
00001574
00001586
00001592
00001593
0000159C
000015A3
000015AC
000015BE
000015C2
000015D5
00001601
00001603
00001611
00001629
00001634
0000163C
00001643
0000164E
00001650
00001655
0000165C
00001676
00001685
0000168D
00001691
000017BC
000017C5
000017E0
000017E4
000017E5
000017EF
000017FF
0000184B
0000185D
0000001E
00000023
00000024
00000058
0000006C
00000081
000000D5
000001DB
0000029A
000002C1
000002F7
0000033E
00000373
00000415
000004EF
00000527
000006D9
000006EE
0000081D
000008D0
00000908
00000965
00000BBB
00000D43
00000D53
00000E48
00000FCB
00001008
00001029
0000102A
0000110C
0000116C
000011BA
00001215
00001232
00001292
0000129A
00001302
00001305
000013E7
00001472
00001507
0000150E
00001527
0000152C
00001541
00001554
0000156A
00001588
000015A5
000015B7
0000161C
00001620
00001677
000016BE
000016EF
000016F3
00001739
0000174B
00001753
00001763
00001775
000017D4
000017D6
0000182E
00001866
000000C8
0000013B
0000016C
00000187
0000027F
000003A5
000003CC
000004BA
00000525
00000EA0
0000127B
0000137C
00001504
0000150A
0000150B
00001511
00001535
0000157C
0000159F
000015F4
00001670
00001687
000017B3
000017C0
000017DA
000000FE
000003DF
00000902
00000B7A
00000D7C
00000E05
00000EBF
000013BE
00000009
0000000E
00000023
0000002A
00000079
000000D5
000000E6
00000154
00000185
000001CC
000001DB
00000234
00000235
0000023C
000002A9
000002AB
0000033E
000004CD
000006D9
000009D6
00000D43
00000F5E
000010B0
00001305
00001385
000013E4
000000BD
0000012C
000001E3
00000232
000003E5
00000405
000004BA
000007A3
00000940
00000EA0
00001096
00001230
00001472
0000008C
0000011E
0000019C
000001D7
0000023B
00000297
0000029A
000002A2
000002EC
00000446
0000052E
00000700
00000A38
00000BC0
00000C93
00000D40
00000DAD
00000DEA
00000E6E
000010C6
000010D0
000012C8
00001301
00001362
000014A4
000014F1
00001518
00001567
00001596
000017E2
00001841
0000185A
0000004E
00000081
0000018E
00000208
0000021C
00000300
00000373
0000040A
000004B4
000004FA
00000541
0000061E
000006E4
00000850
000009FB
00000B7A
00000C72
0000109B
000010B3
000011BA
0000125E
0000151B
00001586
000015BE
000015C2
00001605
00001627
00001646
0000169F
000017B6
0000184B
00000045
00000059
0000006C
000000C8
0000013B
0000016C
00000257
0000027F
000003BB
0000081D
00000965
00000B13
00000C33
00000CFA
00000DC6
00000DFB
00000E05
00000E5B
00000F15
00000F17
00000F1D
00000F63
00000FA7
00000FB5
00000FC2
00000FE1
00000FE8
00000FFD
00001000
0000100A
0000100B
0000100D
00001015
00001020
0000102B
00001044
00001047
00001051
00001068
0000106C
00001071
00001075
00001079
0000107C
00001080
00001085
00001087
00001089
0000108A
0000108B
0000108E
00001094
00001095
000010E6
0000110C
000011AA
00001221
00001266
0000128A
000012EC
000013BB
000013F6
00001467
0000146E
00001483
00001485
000014CF
00001517
00001568
00001573
000015D5
000017E5
00001842
00001845
00001847
0000184E
00001851
00001852
00001857
0000185B
00001860
0000186C
0000186D
00001871
00001872
00001877
00001878
0000187B
0000187C
0000187F
00001881
00001882
00001883
0000000E
00000018
0000001D
00000036
00000043
0000006D
0000006F
00000079
000000A9
000000B8
000000DE
000000E6
00000105
00000138
0000013D
0000013F
00000152
00000154
00000163
0000017E
0000019F
000001BA
000001C4
000001C5
000001FA
0000020A
00000231
00000237
0000024F
00000262
0000026E
00000290
00000298
000002CC
000002D5
000002F5
000002FD
0000030E
00000389
000003C2
000003D5
0000042E
0000048D
000004E8
00000526
000005A9
000005D8
00000651
0000065C
000006BE
000006D9
0000071A
00000749
000007D6
000007E5
00000805
00000813
00000817
00000849
00000872
00000899
000008AE
000008CB
00000902
0000091A
00000952
000009F3
00000AF5
00000B14
00000B2B
00000B30
00000B55
00000BE5
00000BFA
00000D7C
00000E68
00000EBF
00000EE2
00000F12
00000F2B
00000F7D
00000FB7
00000FCA
00000FD4
00000FDA
00001049
0000104F
00001055
00001056
0000105D
00001069
00001097
000010B8
000010D2
000010D5
000010DB
0000110B
00001119
0000119F
000011C6
00001239
0000123A
00001288
000012CA
000012EB
000012F4
000012F5
00001305
00001338
00001339
0000135F
000013DA
000013EC
0000142D
00001453
0000145F
00001482
000014A2
000014AE
000014C1
0000154F
00001706
000017DA
00001814
00001870
00000007
00000023
00000058
0000005A
0000009B
000000AC
000000C4
000000DA
00000126
00000187
00000196
000001AA
000001CC
000001E6
00000232
00000234
0000023C
00000271
00000299
000002AB
000002DB
0000030D
0000033E
00000354
0000037E
000003CC
000003EC
00000431
00000437
00000491
000004B5
000004BA
00000525
00000536
00000559
0000056C
00000575
000005AE
000005EE
000005F2
00000620
00000680
000006B1
000006BD
00000753
0000075D
00000779
0000078C
000007A1
00000877
000008BE
000008D6
000008E4
00000923
0000092B
00000975
000009A2
00000A02
00000A06
00000A83
00000B6D
00000B8D
00000C31
00000C50
00000C7A
00000C95
00000CB7
00000CC7
00000CE1
00000CF3
00000D00
00000D43
00000D5E
00000E25
00000E39
00000EA0
00000EE0
00000F37
00000F4F
00000FB6
00001096
000010A9
0000111E
00001125
00001138
000011AB
000011DC
000011EA
00001217
00001230
000012F6
00001350
0000137C
00001385
000013C3
00001410
00001427
00001454
00001455
000014AD
000014E8
000014EE
00001513
00001557
00001558
0000156F
00001581
000015A1
00001639
0000168A
0000168F
0000177E
000017BB
000017D7
0000004D
00000099
000000BB
00000119
000001CB
000001E3
00000297
000002A2
000002EC
0000037F
0000038E
000004C3
00000573
000005A6
000006B8
000006FF
00000702
0000072C
0000074D
00000763
0000076C
000007B1
000007EB
000007ED
000007F4
0000084D
00000956
00000968
00000990
000009B8
000009BE
000009C7
000009C8
00000A38
00000B15
00000B44
00000BBD
00000BD7
00000C72
00000C93
00000C99
00000CF5
00000CFD
00000D40
00000D5B
00000D90
00000DAD
00000DC3
00000DEA
00000EE6
00001030
0000111D
00001139
0000115B
00001173
000011F3
00001200
00001223
00001371
000013C2
000013C6
000013C7
0000149C
000014E0
000014F1
000014FB
0000152C
00001549
0000155A
00001562
0000157B
0000158F
00001596
000015A0
000015D0
00001661
0000166E
000016C5
000016CE
0000174A
000017D4
000017DD
0000181D
0000183F
00001841
0000185D
00000018
0000001D
00000027
0000004E
00000059
00000061
00000067
0000006C
0000006D
0000007E
00000081
0000008A
0000008B
0000008C
000000A1
000000A3
000000A5
000000C7
000000CD
0000012C
00000160
0000016A
0000016F
00000178
00000199
0000019A
000001D6
000001DE
000001E8
00000249
000002D2
00000300
000003A9
000003AC
000003B7
000003E2
0000041A
00000436
00000446
00000484
000004B4
000004E3
000004F9
000004FA
00000507
0000050A
0000054E
00000597
000005A4
000005C0
0000060F
00000632
000006A2
000006D6
000008E0
00000914
00000940
0000097B
000009DE
00000A12
00000A7A
00000AA7
00000AD5
00000BB9
00000D47
00000ECC
00000ED3
00001091
00001107
0000110C
000011CF
00001209
00001238
00001258
0000125F
000012FB
00001301
00001322
0000135B
0000136C
00001380
00001383
000013B7
000013C1
000013F5
00001436
00001442
00001453
0000145C
00001495
000014DB
0000150B
00001518
0000151B
00001520
00001537
000015BE
000015C2
000015C3
0000160F
0000169F
000017B6
0000184B
00000019
00000021
00000024
00000049
0000005A
0000007F
00000080
000000AB
000000C4
000000C8
000000D9
000000E6
00000102
0000011E
00000120
0000013B
0000015E
00000161
0000016C
00000185
0000018E
0000019C
000001AF
000001D7
000001E5
0000022D
00000257
0000027F
00000281
00000321
0000032B
000003C7
000003F5
00000405
0000046D
0000048E
000004AD
000004BA
000004D2
00000541
00000548
0000058E
00000604
000006C3
000006F1
0000072D
00000760
00000850
00000965
000009F9
00000AB4
00000B08
00000B7A
00000CB3
00000E50
00000E6E
00000E82
00000ED6
00000F41
00000FA1
00001078
00001082
0000109B
000010D0
00001117
00001118
00001151
000011BA
000011D4
00001292
0000131A
00001328
00001362
000013CD
000013DA
00001470
000014A4
000014E8
00001557
00001558
000015B0
00001639
00001646
0000166A
00001689
000016D1
00001718
00001761
000017DF
000017E2
0000180A
0000180E
0000185A
00000043
00000045
000000B2
00000118
00000163
000001AE
00000234
0000042A
000004A6
000004C4
00000902
00000B67
00000C1F
00000D7C
00000E05
00000EBF
000010F5
0000126F
00001305
0000153B
00001586
00001605
00001627
00001634
000017EF
0000000E
00000023
0000004B
00000079
00000117
00000154
00000191
000002AB
0000033E
000003C5
000003EB
000004CD
000006D9
00000702
00000D43
00000E48
0000127B
00001385
00001521
00001537
00001549
000017F9
0000004E
00000058
0000008C
000000CB
0000015D
00000160
0000016F
00000178
00000187
000001AF
0000023B
0000032E
0000039E
000003B8
000003DF
000003E3
00000436
000004BA
000004DD
00000525
0000063C
00000EA0
00001096
00001230
0000125E
00001261
00001292
0000137C
00001509
0000183F
00000010
00000038
0000006C
00000174
00000246
000002A2
0000032A
000003C7
000003F5
00000446
0000052E
000005E3
00000614
000006EE
00000965
000009EF
00000A38
00000BC0
00000BF6
00000DC3
0000109B
00001285
00001301
000014F1
00001518
00001596
0000005E
0000007E
000000BD
0000012C
00000235
0000030F
000003B7
000003E5
00000700
00000D60
000010B0
000010C6
000012C8
000015DC
00000081
0000018E
0000019C
000001D7
00000208
0000021C
0000029A
000003A9
0000061E
000007A3
00000940
00000BFC
00000C1F
00000DE5
00000F5E
0000125E
00001362
000013E7
0000144D
0000158B
000000C8
00000224
0000027F
00000300
000004EE
00000541
00000597
00000850
00000883
000009FB
00000A92
00000AB4
00000B67
00000C72
00000DAD
00000DEA
00000E6E
000010D0
000010FD
00001301
000013CD
000014A4
00001517
00001521
00001537
00001549
00001573
00001586
000015A5
000015B1
000015D5
00001631
00001646
00001670
00001677
00001687
00001689
0000168D
000016AB
000017A8
000017C0
000017E2
000017F2
0000180A
0000180E
00001821
0000185A
00000058
00000191
0000019A
000004B4
000004F6
000004FA
000006E4
0000081D
00000902
00000C93
00000D7C
00000E05
00000E48
00000EBF
000010C5
000011BA
00001230
00001305
0000151B
000015BE
000015C2
00001605
0000169F
000017E5
0000182C
0000184B
0000000E
00000059
0000005A
0000006C
00000079
000000E6
0000013B
00000154
0000016C
0000016F
0000018E
000001CC
000001DE
00000234
0000023C
000002AB
0000032E
0000033E
000003C7
000006D9
00000965
00000D43
00000D45
0000110C
00001292
00001385
0000154F
0000008C
00000102
00000178
00000232
00000262
00000281
00000405
000004BA
00000B13
00000C33
00000CFA
00000DC6
00000DFB
00000E5B
00000E68
00000EA0
00000F12
00000F15
00000F17
00000F1D
00000F2B
00000F63
00000F7D
00000FA7
00000FB7
00000FC2
00000FCA
00000FD4
00000FDA
00000FE1
00000FE8
00000FFD
00001000
0000100A
0000100B
0000100D
00001015
00001020
0000102B
00001044
00001047
0000104F
00001051
00001055
00001056
00001068
00001069
0000106C
00001071
00001075
00001079
0000107C
00001080
00001085
00001087
00001089
0000108A
0000108B
0000108E
00001094
00001095
00001096
000010E6
000011AA
00001221
0000123A
00001266
0000128A
000012CA
000012EB
000012EC
0000131A
000013BB
0000145F
00001467
0000146E
00001470
00001482
00001483
00001485
000014C1
000014CF
00001842
00001845
00001847
0000184E
00001851
00001852
00001857
0000185B
00001860
0000186C
0000186D
00001870
00001871
00001872
00001877
00001878
0000187B
0000187C
0000187F
00001881
00001882
00001883
00000036
0000006D
0000006F
000000A9
000000B8
000000DE
00000105
00000138
0000013D
0000013F
00000152
0000017E
0000019F
000001BA
000001C4
000001C5
000001E3
000001FA
0000020A
00000231
00000237
0000024F
0000026E
00000290
00000297
00000298
000002A2
000002B9
000002CC
000002D5
000002EC
000002F5
000002FD
0000030D
0000037F
00000389
000003D5
0000042E
0000043D
0000048D
000004B5
000004BD
000004E8
00000526
000005A9
000005D8
00000651
0000065C
0000069A
000006BD
000006BE
0000071A
00000749
0000079A
000007D6
00000805
00000813
00000817
00000843
00000849
00000872
000008AE
000008C5
000008CB
0000091A
00000952
000009F3
00000A38
00000A45
00000AF5
00000B14
00000B2B
00000B2C
00000B30
00000B55
00000BB0
00000BE5
00000BFA
00000D58
00000D5E
00000DE0
00000DF1
00000E30
00000E91
00000EE2
00000F8B
00000FB5
00001049
0000105D
00001097
000010A9
000010B8
000010D2
000010D5
000010DB
0000110B
00001119
0000119F
000011A6
000011C6
00001203
00001239
00001288
000012F4
000012F5
00001338
00001339
0000135F
000013DA
0000142D
00001453
000014A2
000014AA
000014AE
000014F1
00001562
00001596
0000162F
00001841
00000003
00000004
00000007
00000018
0000001D
00000024
00000057
00000059
0000005A
0000009B
000000A1
000000DA
0000016E
00000196
000001CC
000001E5
000001E6
00000230
0000023C
00000271
00000299
000002DB
0000033E
00000354
0000037E
00000395
000003CC
000003EC
00000437
0000052E
00000548
00000575
000005A1
000005AE
000005D3
000005EE
000005F2
00000652
00000680
000006B1
00000714
00000753
0000075D
00000779
0000078C
000007A1
000007F8
00000877
00000898
000008BE
000008D5
000008D6
000008E4
00000923
0000092B
0000093F
0000094B
00000961
00000965
00000975
00000990
000009A2
00000A02
00000A06
00000A0C
00000A12
00000A2F
00000A64
00000A97
00000AB0
00000B6D
00000B8D
00000C31
00000C49
00000C50
00000C7A
00000C95
00000CB7
00000CC7
00000CC9
00000CE1
00000CF3
00000D00
00000D0E
00000D35
00000D54
00000DC3
00000E2C
00000E2E
00000E39
00000F37
00000FB6
00000FF4
00001082
0000110C
0000111E
00001125
00001128
0000112E
00001138
000011AB
000011DC
000011EA
000011ED
000011F7
00001217
0000125F
000012F6
00001364
000013C1
000013C3
00001410
00001413
00001426
00001427
00001454
00001455
000014AD
000014E8
000014EE
00001513
00001518
00001557
00001558
0000155E
0000156F
00001574
0000157C
00001581
000015A1
00001610
00001616
00001638
00001639
00001645
0000168A
0000168F
00001715
000017BB
000017D7
0000181C
0000183F
0000184B
0000003E
0000004D
00000099
000000C4
00000119
000001CB
000001D6
00000249
0000024A
000002CA
000003C6
00000442
00000467
000004E3
00000559
00000573
00000646
00000650
000006B8
000006F9
000006FB
000006FF
0000074D
0000075F
00000763
00000765
00000767
000007B1
000007C9
0000087D
00000883
00000956
00000968
000009B8
000009BE
000009C7
000009D0
00000A3B
00000A6F
00000A92
00000B0A
00000B15
00000B44
00000B67
00000BB7
00000BBB
00000BD7
00000C16
00000C1F
00000C93
00000C99
00000CDB
00000CEF
00000CF5
00000D16
00000D90
00000ED6
00000EE4
00000EE6
00000EF2
00000F8E
00001030
00001139
0000114D
0000115B
00001166
00001173
00001200
00001209
00001270
0000133B
00001360
00001371
00001389
0000139C
000013B7
000013C2
000013C7
00001421
00001433
0000149C
000014E0
00001521
0000152C
00001534
00001537
00001549
0000155A
0000157B
0000158F
000015A0
000015A4
00001661
00001686
000016E9
0000171F
000017B6
000017BC
000017C1
000017D4
000017F9
0000185D
00000021
00000027
0000004E
00000061
00000065
00000067
0000006D
00000073
0000007E
00000088
0000008B
000000A3
000000A7
000000C7
000000CD
0000010F
00000161
0000016A
00000178
0000017B
00000187
000001AA
000001E8
00000225
00000262
000002D2
0000032B
000003B2
00000405
0000041A
000004AC
000004F9
00000514
00000529
000005A4
000005BE
000005C0
00000607
0000060F
000006A2
000006C3
000006E9
000006F7
000006FC
000006FD
0000072D
00000738
0000074A
00000781
000007F9
00000891
000008E0
00000914
0000091B
00000922
00000940
000009DE
000009E8
000009E9
00000AA7
00000AD5
00000ADA
00000B78
00000C3A
00000C72
00000CCE
00000D1D
00000F39
00001097
000010ED
000010EE
000010F3
00001107
0000111D
000011CF
000011D4
00001201
00001238
00001258
000012BC
00001322
0000135F
00001380
00001383
00001402
00001436
00001442
000014F8
0000150B
000015C2
000015DC
00001631
000017D6
00000019
00000042
00000049
00000064
0000006C
00000080
000000AB
000000D9
000000E6
00000118
0000011E
0000012C
0000015E
0000016E
0000019C
000001D7
000002BC
0000048E
00000491
0000049C
000004AD
000004BA
000004C1
000004D2
0000051C
00000525
00000536
000005E3
000006A3
0000074B
00000806
000009F9
00000AB4
00000B32
00000DAD
00000DEA
00000E50
00000E6E
00001096
000010D0
00001117
0000119A
000011D9
0000126F
000012D3
00001301
0000130D
00001362
0000137C
000013CD
000013F1
0000149D
000014A4
000014E8
0000151B
00001557
00001558
000015B0
000015D0
000015D3
000015D5
000015E5
000015E8
00001639
00001646
0000166A
00001689
000016D1
00001718
000017A2
000017E2
000017E5
000017EF
0000180A
0000180E
0000185A
0000007F
0000008A
0000008C
000000BB
000000FC
00000191
00000213
0000023D
00000249
0000026D
000002A2
00000300
00000484
000004A1
000004B4
000004C3
000004FA
00000541
00000614
0000072C
0000074E
0000076C
000007EB
000007ED
0000081D
0000084D
00000850
00000925
0000097B
000009CE
00000A34
00000A38
00000A92
00000B67
00000BC0
00000BF6
00000C0D
00000C1F
00000C4B
00000CA7
00000D40
00000DA0
00000E30
000010B9
000010F5
00001116
00001118
000011BA
00001244
0000126B
000013C6
000013DF
000014F1
0000154F
00001586
00001589
00001596
0000159B
000015BE
000015F0
00001605
00001627
00001634
0000169F
00001731
00001804
00001841
0000184B
00000024
00000038
00000044
0000004E
00000058
00000059
0000005A
000000A5
00000104
0000018E
000001AC
000001F0
00000224
00000257
000002F1
00000394
000003B7
000003EB
00000431
0000046D
00000475
00000507
0000050A
0000054E
00000575
00000597
00000632
00000640
00000702
0000074F
00000899
00000965
00000BB9
00000C26
00000C91
00000D47
00000D5B
00000DBE
00000DCB
00000DF2
00000E31
00000EB9
00000EBB
00000EC0
00000ECC
00000ED3
00000F7A
00000FC3
00001010
00001086
000010F0
0000110C
000011F3
0000125F
00001292
000012FB
0000135B
0000145C
0000148E
00001495
000014DB
00001521
00001532
00001537
00001549
0000155E
0000156A
000015A8
000015B8
0000160C
00001610
00001616
00001618
00001631
0000168D
0000168F
00001691
000016AB
000016B8
000017E4
000017F2
000017F9
00001814
0000000A
00000018
0000001D
00000032
000000CB
0000015D
00000160
00000163
0000016F
0000019A
000001AF
000001E5
000002D2
0000039E
000003A9
000003C7
00000436
0000047C
000004DD
000004EF
00000527
00000568
0000063C
0000090A
00000A4B
00000AE1
00000B51
00000FC5
000010D8
0000125E
00001302
00001382
00001419
00001453
00001469
000014A4
0000150A
00001518
00001541
00001574
0000157C
0000160F
0000164E
0000166B
00001686
0000171A
000017B6
000017FB
00001800
00001815
0000182C
0000184C
00000043
00000045
0000006C
0000007E
000000C4
00000174
0000032A
0000032E
000003F5
00000604
000006EE
00000719
0000109B
00001157
00001301
0000130D
000013E5
00000019
0000005E
000000E6
0000012C
0000019C
000001D7
00000235
0000023B
000002F4
0000030F
00000321
00000700
00000AB4
00000E6E
000010B0
000010C6
000010D0
00001230
000012C8
00001689
000000D5
00000208
00000213
0000021C
00000F5E
000010B3
0000125E
00000058
00000059
0000008C
000000E9
0000023D
0000031F
000009FB
00001517
00001532
00001573
00000024
0000011A
00000B13
00000C33
00000CFA
00000DC6
00000E5B
00000F15
00000F17
00000F1D
00000F63
00000FA7
00000FB5
00000FC2
00000FE1
00000FE8
00000FFD
00001000
0000100A
0000100B
0000100D
00001015
00001020
0000102B
00001044
00001047
00001051
00001068
0000106C
00001071
00001075
00001079
0000107C
00001080
00001085
00001087
00001089
0000108A
0000108B
0000108E
00001094
00001095
000010E6
000011AA
00001221
00001266
0000128A
000012EC
000013BB
00001467
0000146E
00001483
00001485
000014CF
00001842
00001845
00001847
0000184E
00001851
00001852
00001857
0000185B
00001860
0000186C
0000186D
00001871
00001872
00001877
00001878
0000187B
0000187C
0000187F
00001881
00001882
00001883
00000036
0000006D
0000006F
000000A9
000000B8
000000DE
00000105
00000138
0000013D
0000013F
00000152
0000017E
0000019F
000001BA
000001C4
000001C5
0000020A
00000231
00000237
0000024F
0000026E
00000271
00000290
00000298
000002CC
000002D5
000002F5
000002FD
00000389
000003D5
0000042E
0000048D
000004E8
00000526
000005A6
000005A9
000005D8
00000651
0000065C
000006BE
0000071A
00000749
000007D6
000007E5
00000805
00000813
00000817
00000849
00000872
000008AE
000008CB
0000091A
00000952
000009F3
00000A83
00000AF5
00000B14
00000B2B
00000B30
00000B55
00000BE5
00000BFA
00000DFB
00000E68
00000EE2
00000F12
00000F21
00000F2B
00000F7D
00000FB7
00000FCA
00000FD4
00000FDA
00001049
0000104F
00001055
00001056
0000105D
00001069
00001097
000010B8
000010D2
000010D5
000010DB
0000110B
00001119
0000119F
000011C6
00001239
0000123A
00001288
000012CA
000012EB
000012F4
000012F5
00001338
00001339
0000135F
000013DA
000013EC
0000142D
00001453
0000145F
00001482
000014A2
000014AE
000014C1
00001870
00000007
00000018
0000001D
0000009B
000000AC
000000CB
000000CC
000000DA
00000196
000001CC
000001E6
00000299
000002DB
0000030D
0000033E
00000354
0000037E
000003CC
000003E2
000003EC
000004B5
00000537
00000559
00000573
00000575
0000058A
000005AE
000005EE
000005F2
00000680
0000069A
000006B1
000006BD
00000753
00000779
0000078C
000007A1
000007F8
00000877
00000898
000008BE
000008D6
000008E4
00000923
0000092B
00000975
00000990
000009A2
00000A02
00000A06
00000A12
00000A97
00000B6D
00000B8D
00000C31
00000C50
00000C7A
00000C95
00000CB7
00000CC7
00000CE1
00000CF3
00000D00
00000D3B
00000D5E
00000DEA
00000E39
00000F37
00000FB6
000010A9
0000110C
0000111E
00001125
00001128
00001138
000011AB
000011DC
000011EA
000011ED
000011F7
00001217
00001223
000012F6
00001362
000013C3
00001410
00001427
00001454
00001455
000014AD
000014E8
000014EE
00001513
00001557
00001558
0000156F
00001581
000015A1
00001639
00001661
0000168A
0000168F
00001690
0000177E
000017BB
000017D7
000017E1
00001843
0000004D
0000005A
0000008A
000000A1
000000C4
00000119
00000199
000001CB
00000225
00000249
0000024A
00000300
00000331
0000037F
000003C6
00000467
00000541
00000548
0000054E
00000625
00000646
000006B8
000006E4
000006F9
0000074D
0000075D
00000763
00000767
000007B1
000007C9
0000087D
00000891
00000956
00000968
000009BE
000009C7
00000A6F
00000A92
00000B15
00000B44
00000B67
00000BD7
00000C99
00000CF5
00000D16
00000D90
00000DAD
00000ED6
00000EE4
00000EE6
00001030
000010F1
000010F3
00001139
0000114D
0000115B
00001166
00001173
000011BA
00001200
00001209
00001328
00001364
000013C2
000013C7
00001413
0000149C
000014E0
0000152C
0000155A
0000157B
00001586
0000158F
000015BE
000015C2
0000169F
000016B5
000016C5
000017C1
000017D4
0000181D
0000183F
00001841
0000184B
0000185A
0000185D
00000021
00000024
00000027
0000003B
00000059
00000065
00000067
0000006D
0000008B
00000099
000000A5
000000A7
000000C7
0000011D
0000014A
00000165
0000016A
000001AC
000001C7
000001D6
000001E8
0000023D
00000262
000002A1
000002D2
000002EC
000004B4
000004E3
000004FA
00000514
000005A4
000005C0
000006A2
000006C3
000006DD
000006E9
000006FD
0000072D
00000738
0000074A
00000781
000007F9
00000850
000008E0
00000914
00000922
000009DE
000009E8
000009FB
00000A64
00000A7A
00000AA7
00000AD5
00000ADA
00000B07
00000B08
00000B0A
00000B78
00000BBB
00000D1D
00000E48
00000F0A
00000F39
00001078
00001097
000010EE
00001107
000011CF
00001201
00001238
00001258
0000125F
00001260
00001267
00001268
000012BC
000012FA
00001322
0000135F
00001380
00001383
000013B7
000013DE
00001402
00001436
00001442
000014F1
00001504
0000150B
00001534
0000159C
000015A0
000015D5
00001605
00001627
000016AC
000016CE
000017D6
00000018
0000001D
00000049
0000004E
00000058
00000064
0000006B
0000006C
0000007F
00000081
00000088
0000008C
000000A3
0000010F
00000161
0000016E
00000178
000001AA
000001DE
000001E5
00000257
0000026D
0000028E
000002B2
00000319
00000328
0000032B
000003A4
000003B2
000003D0
000003E4
0000041C
0000044B
00000458
00000484
0000048E
000004AD
000004C1
00000536
00000560
0000056B
00000696
0000069D
000006A3
000006F6
000006FB
00000745
0000074B
00000806
0000081D
00000965
00000983
000009CE
000009F9
00000B68
00000CB3
00000CBC
00000D70
00000E3D
00000E50
00000ED9
00000F41
000010ED
0000110C
00001117
00001118
0000119A
000011D4
000011D9
0000128B
0000132A
00001427
00001474
000014E8
00001511
0000151B
00001557
00001558
000015A1
000015D0
000015E5
000015E8
00001639
0000168A
0000168F
000016D1
00001771
000017B6
000017E5
00001814
00001843
00000043
00000045
0000005A
000000BB
000000C4
000000C8
000000CD
000000FC
00000102
00000120
0000014B
0000014E
00000163
000001A6
000001AE
000001DB
0000022D
00000244
0000027E
0000027F
00000281
0000030E
0000032D
0000038E
0000038F
000003C2
00000410
00000431
00000457
00000495
000004A6
0000056F
0000058D
000005E3
00000605
000006F1
00000719
00000726
00000737
00000760
0000080E
00000998
00000A39
00000A72
00000A92
00000AC9
00000B67
00000BB9
00000C0D
00000C3D
00000C4B
00000D08
00000E05
00000EC0
00000FCF
000010F5
00001116
00001298
0000131A
0000142B
00001448
000014F8
00001549
00001589
000015D3
000017EF
0000000E
00000079
0000007E
0000008A
000000DA
000000DC
000000E6
000000FE
00000117
00000158
0000019D
000001D0
000001F0
00000234
000002A9
000002D2
000002F1
00000375
000003A5
000003C3
0000042A
000004F9
00000567
00000575
00000604
0000065B
000006D9
00000703
0000074E
0000075C
00000765
00000787
00000809
00000862
0000089B
00000902
00000AB4
00000AE9
00000B1F
00000D2D
00000D7C
00000E6E
00000E83
00000EBF
00000EEE
00000F5C
00000F7A
00000FC3
00001086
000010D0
0000127B
00001305
00001353
0000136C
000013AD
000013CD
00001437
000014F6
000015A8
0000160C
0000164E
00001696
000017E4
000017F9
0000184C
00000021
00000023
00000047
00000049
00000058
0000006C
0000008B
0000008C
000000CB
000000D5
000000E1
0000012C
0000013B
00000142
0000015D
0000016C
00000178
0000017B
00000187
0000018E
0000019C
000001D7
00000235
0000023C
0000028C
000002C1
0000033E
000003A6
000003EC
000004A1
000004BA
00000525
0000052E
00000940
000009CE
00000A1F
00000D43
00000DAD
00000DEA
00000E70
00000EA0
00001009
0000101C
00001024
00001029
0000103B
0000103E
0000106F
00001072
000010B0
000010C3
0000116C
0000120B
00001230
00001232
0000129A
00001337
00001362
0000137C
00001470
000014FF
00001509
0000152A
0000152B
00001539
00001567
00001576
00001592
00001593
000015B0
000015B7
000015D9
00001603
0000160F
00001611
00001620
00001629
00001635
0000163C
00001643
00001646
0000164D
00001650
00001655
0000165C
00001664
0000166C
00001676
00001688
000017C5
000017E2
000017FF
00001802
00001815
0000185A
00000019
00000044
0000004E
00000099
00000109
0000011E
0000015E
000001B7
000002BC
00000300
000003DF
000004B4
000004FA
00000541
000006E4
00000850
000009FB
00000A38
00000B7A
00000F35
00000F5E
00000FCB
00001008
0000102A
000010C5
000011BA
00001215
00001292
00001301
000013E4
00001443
00001472
000014A4
00001507
0000150E
0000151B
00001541
00001554
00001586
00001588
00001595
000015AC
000015BE
000015C2
000015E1
00001627
00001634
0000166A
00001689
0000169F
000016BE
000016EF
000016F3
00001718
00001739
0000174B
00001753
00001775
000017A8
0000180A
0000180E
0000182E
0000184B
00001866
00000059
000000D9
0000023B
00000257
00000527
000008D0
00000965
0000110C
00001382
0000152C
0000159F
00001670
00001677
00001687
000016AE
000017C0
00000043
00000163
0000030E
000003A9
000004A6
00000719
0000019A
00000B13
00000C33
00000CFA
00000DC6
00000DFB
00000E5B
00000E68
00000F12
00000F15
00000F17
00000F1D
00000F63
00000F7D
00000FA7
00000FB5
00000FC2
00000FCA
00000FD4
00000FDA
00000FE1
00000FE8
00000FFD
00001000
0000100A
0000100B
0000100D
00001015
00001020
0000102B
00001044
00001047
0000104F
00001051
00001055
00001056
00001068
00001069
0000106C
00001071
00001075
00001079
0000107C
00001080
00001085
00001087
00001089
0000108A
0000108B
0000108E
00001094
00001095
000010E6
000011AA
00001221
00001266
0000128A
000012CA
000012EB
000012EC
000013BB
0000145F
00001467
0000146E
00001482
00001483
00001485
000014C1
000014CF
00001842
00001845
00001847
0000184E
00001851
00001852
00001857
0000185B
00001860
0000186C
0000186D
00001870
00001871
00001872
00001877
00001878
0000187B
0000187C
0000187F
00001881
00001882
00001883
00000036
0000006D
0000006F
000000A9
000000B8
000000DE
00000105
00000138
0000013D
0000013F
00000152
0000017E
0000019F
000001BA
000001C4
000001C5
000001FA
0000020A
00000231
00000237
0000024F
0000026E
00000271
00000290
00000298
000002B9
000002CC
000002D5
000002F5
000002FD
0000030D
00000389
000003D5
0000042E
0000048D
000004B5
000004BD
000004E8
00000526
000005A9
000005D8
00000651
0000065C
0000069A
000006BE
0000071A
00000749
0000079A
000007D6
00000805
00000813
00000817
00000849
00000872
000008AE
000008CB
0000091A
00000952
000009F3
00000AF5
00000B14
00000B2B
00000B2C
00000B30
00000BB0
00000BE5
00000BFA
00000D5E
00000DE0
00000DF1
00000EE2
00000F2B
00000FB7
00001049
0000105D
00001097
000010A9
000010B8
000010D2
000010D5
000010DB
0000110B
00001119
0000119F
000011A6
000011C6
0000123A
00001288
000012F4
000012F5
00001338
00001339
0000135F
000013DA
0000142D
00001453
000014A2
000014AA
000014AE
00000003
00000007
00000018
0000001D
0000004D
00000057
0000009B
000000DA
00000119
0000016E
00000196
000001CC
000001E6
0000023C
00000299
00000331
0000033E
00000354
0000037E
000003CC
000003EC
00000491
00000537
00000573
00000575
0000058A
000005AE
000005D3
000005EE
000005F2
00000652
00000680
00000690
000006B1
000006BD
00000714
00000753
0000075D
00000779
0000078C
000007A1
000007F8
00000877
000008BE
000008D6
000008E4
00000923
0000092B
0000094B
00000961
00000975
00000990
000009A2
00000A02
00000A06
00000A0C
00000A12
00000A2F
00000A83
00000A97
00000B6D
00000B8D
00000C31
00000C50
00000C7A
00000C95
00000CB7
00000CC7
00000CC9
00000CE1
00000CEF
00000CF3
00000D00
00000D0E
00000D3B
00000D54
00000E25
00000E39
00000F37
00000FF4
000010F1
0000110C
0000111E
00001125
00001128
0000112E
00001138
000011AB
000011DC
000011EA
00001217
00001223
000012CF
000012F6
00001350
00001364
000013C1
000013C3
00001410
00001426
00001427
00001454
00001455
000014AD
000014E8
000014EE
00001513
00001557
00001558
0000156F
00001581
000015A1
000015D0
00001639
00001661
0000168A
0000168F
0000177E
000017BB
000017D7
0000181C
00001841
00001843
0000003B
0000003E
000000C4
000000CB
0000014A
00000165
000001B1
000001CB
000001D6
00000250
000002DB
000003E2
000003F4
00000467
0000054E
00000585
00000646
000006B7
000006B8
0000074D
00000763
00000767
000007B1
000007F4
0000087D
00000956
00000968
000009B8
000009BE
000009C7
00000A64
00000B15
00000B44
00000BD7
00000C99
00000CDB
00000CF5
00000D90
00000DAD
00000DEA
00000EE6
00000EF2
00001030
000010FB
0000111D
00001139
0000114D
0000115B
00001173
000011ED
000011F3
00001200
00001268
00001371
00001389
000013C2
000013C6
000013C7
00001413
00001433
0000149C
000014E0
000014F1
0000152C
0000155A
0000157B
0000158F
000015A0
000015A4
0000168E
00001692
0000174A
000017B6
000017BC
0000181D
0000185D
00000004
00000021
00000027
00000059
0000005A
00000065
0000006D
00000073
0000008B
00000099
000000A3
000000BB
000000C7
000000FC
0000010F
0000016A
00000191
000001AC
000001E8
000001FD
00000224
00000225
00000249
0000024A
00000262
000002A1
000002D2
000002F6
00000300
00000319
000003A4
000003C6
000003E9
00000484
000004B4
000004E3
000004F9
000004FA
00000559
000005A4
000005C0
000005E2
00000603
00000604
00000607
0000060F
00000692
000006A2
000006F7
000006F9
000006FC
000006FF
0000074A
000007C9
00000839
00000869
0000086D
000008AC
000008D2
000008D9
000008E0
000008F2
000008F5
000008F9
00000964
000009BF
000009D6
000009DE
00000A2B
00000AA7
00000AD5
00000B68
00000BB7
00000C3A
00000C73
00000D16
00000DD8
00000ED6
00000F0A
00001097
00001107
00001166
000011CF
00001201
00001208
00001209
00001238
00001254
00001258
00001260
00001322
0000135F
00001383
000013B7
000013BC
000013C5
00001403
00001436
00001442
0000151B
0000159B
000015BE
000015C2
00001605
00001649
0000169F
000016CE
0000184B
0000185A
00000049
0000004E
00000064
0000006C
0000007E
0000008A
0000009C
000000A5
000000A7
000000EB
0000014B
0000014E
00000160
00000178
000001A6
000001DB
000001F0
00000257
000002B2
0000032B
000003D0
00000405
0000041C
0000041E
00000457
00000475
000004A1
000004BA
000004C1
00000536
00000541
0000056B
00000575
00000605
000006C3
000006DD
00000726
00000737
00000738
0000074E
00000765
00000781
000007F9
0000080E
00000825
00000831
00000891
0000089D
00000914
00000922
00000940
000009E8
000009FB
00000AC9
00000AE9
00000B78
00000B7A
00000BB8
00000CBC
00000CCF
00000CFD
00000D3C
00000D6F
00000E3D
00000E50
00000EEE
00000F5C
00000F7A
00000FC3
00001078
00001086
00001096
000010EB
0000110C
00001117
00001118
0000111C
0000114F
000011BA
000011D4
000011E1
000011F6
00001215
0000125F
0000126B
0000129A
0000132A
0000133D
00001344
000013F0
00001443
00001464
0000148E
000014E8
00001557
00001558
00001583
000015A8
000015B3
000015C3
000015D0
000015D3
0000160C
00001627
00001639
0000164E
00001658
0000168F
000016D1
000017E4
0000184C
00000018
00000019
0000001D
00000024
00000035
00000042
00000043
00000044
00000046
00000058
0000005E
0000006B
0000008C
000000AA
000000CB
000000CD
000000D9
000000E6
00000118
0000012C
00000139
0000015D
00000161
00000163
00000167
0000016E
00000189
00000199
0000019C
0000019D
000001D0
000001D7
000001E5
0000022D
0000026D
0000029A
000002A2
000002F1
000002F7
0000030E
0000031F
00000360
00000361
00000379
0000037F
000003C2
00000431
0000043B
00000495
000004C3
000004FC
0000052E
0000058D
0000058E
00000597
0000069D
00000702
00000703
00000715
0000074F
0000075C
00000787
000007A3
000007EB
00000809
00000850
00000862
0000089B
00000989
00000998
000009C8
000009CE
00000A34
00000A38
00000A6F
00000A92
00000A9A
00000AB3
00000AB4
00000B1C
00000B1F
00000B67
00000BC0
00000C0D
00000C1F
00000C4B
00000C59
00000C93
00000D40
00000DAD
00000DEA
00000E46
00000E6E
00000E82
00000EA0
00000EC0
00000ED9
00000F39
00001082
000010D0
000010F5
00001116
0000116C
00001185
000011D9
000011F3
00001292
000012E4
00001301
00001353
00001362
000013AD
000013C6
000013CD
00001448
0000144D
0000145C
00001492
000014A4
000014F1
000014F6
00001518
00001520
00001521
00001537
00001549
0000155E
00001567
00001576
0000157D
00001586
00001589
00001596
000015AA
000015B0
000015D9
000015F0
0000160F
00001612
00001635
00001640
00001646
0000166A
00001689
00001718
000017B6
000017C2
000017DF
000017E2
000017EF
000017F9
00001807
0000180A
0000180E
00001821
00000021
00000047
00000059
0000005A
00000084
000000C4
00000117
0000016F
0000017B
00000184
00000191
000001C7
000001E3
000001E8
00000224
00000244
00000249
0000028E
00000300
000003A6
000003A9
000003B7
000003C7
000003EB
00000436
00000446
000004B4
000004DD
000004FA
00000507
00000527
000005E3
00000632
0000063C
00000640
00000667
000006E4
000006EE
000006FB
00000719
00000767
0000076C
000007ED
00000853
00000871
00000965
000009F9
00000A4A
00000ACE
00000B51
00000BFC
00000C72
00000D47
00000E29
00000E48
00000EE4
00000FCC
00001009
0000101C
00001024
00001029
0000103B
0000103E
00001072
000010D8
00001157
00001230
00001258
000012BC
00001382
00001427
00001469
000014A0
000014DB
000014FF
0000151B
0000152A
0000152B
00001539
00001562
00001582
00001592
00001593
000015A1
000015B7
000015BE
000015C2
00001601
00001603
00001611
00001620
00001626
00001629
00001631
00001634
0000163C
00001643
0000164D
00001650
00001655
0000165C
00001664
0000166C
00001676
00001685
00001686
00001688
0000168D
00001691
0000169F
000016AB
000016C0
000017B4
000017C0
000017C5
000017E9
000017FB
000017FF
00001800
00001806
00001815
00001818
0000183F
00001841
0000184B
00000010
0000006C
00000099
0000014B
0000014E
00000160
00000174
0000018E
000001AF
000001DE
0000023B
000002BC
00000321
0000032E
00000339
000003B0
000003B8
000003BB
000003F5
0000041C
0000044D
0000046D
00000484
000004AA
000004EF
0000050A
00000514
0000056B
0000056F
00000696
0000078C
000008D0
0000097D
00000A9F
00000B9B
00000BB9
00000C07
00000C91
00000ECC
00000ED3
00000FCB
00001008
0000102A
0000109B
000010BE
0000110C
000011BA
00001223
00001261
00001328
0000135B
000013E4
000013E8
00001495
00001507
00001509
0000150E
00001511
00001541
00001554
00001558
00001559
0000156A
00001588
000015C4
000015D1
00001663
00001677
0000168A
000016BE
000016EF
000016F3
00001739
0000174B
00001753
00001763
00001775
000017B3
000017D4
000017E1
0000182E
00001866
00000018
0000001D
0000004E
00000102
00000120
0000019A
000001AC
000001E5
00000246
00000281
000002F4
00000320
0000039E
000003CC
000003DC
0000041E
00000431
0000057A
0000058D
00000B08
00000BB2
00001302
000014A4
0000152C
0000159F
00001670
00001687
000016AE
000000C4
000001A4
00000234
0000042A
00000902
00000EBF
00001218
00001272
0000138E
00001437
00000081
000000DA
000001CC
0000033E
00000D43
00000D7C
00001470
0000148C
00000027
00000045
000000BA
000000C8
0000013B
0000016C
0000023C
0000027F
0000039B
00001403
0000009C
000003DC
00000902
00000C73
00000E05
00000EBF
00001215
00001305
0000001E
00000023
0000005E
000000AA
000000BB
000000E6
000000EB
0000014B
00000185
000001A4
000001BD
000001CC
00000208
00000234
0000029A
000002AB
000002F7
0000031F
0000033E
00000360
0000043B
00000603
00000604
00000620
000006D9
000007A3
00000825
00000831
00000A0D
00000CC3
00000D43
00000D53
00000D7C
00000E1B
00001124
0000116C
0000133D
00001385
0000144D
0000148C
00000016
00000027
00000065
000000BA
000000CA
00000167
00000187
000001D0
0000021C
00000244
0000035F
0000039B
00000525
00000605
000009E7
00000B13
00000BFC
00000C33
00000CFA
00000DC6
00000DFB
00000E5B
00000E5E
00000EA0
00000F15
00000F17
00000F1D
00000F63
00000F7A
00000FA7
00000FB5
00000FC2
00000FC3
00000FCC
00000FE1
00000FE8
00000FFD
00001000
0000100A
0000100B
0000100D
00001015
00001020
0000102B
00001044
00001047
00001051
00001068
0000106C
00001071
00001075
00001079
0000107C
00001080
00001085
00001086
00001087
00001089
0000108A
0000108B
0000108E
00001094
00001095
000010E6
000011AA
00001221
00001230
0000125E
00001266
0000128A
0000129A
000012C9
000012EC
0000132A
0000137C
000013B3
000013BB
00001403
00001467
0000146E
00001483
00001485
000014A0
000014CF
00001842
00001845
00001847
0000184E
00001851
00001852
00001857
0000185B
00001860
0000186C
0000186D
00001871
00001872
00001877
00001878
0000187B
0000187C
0000187F
00001881
00001882
00001883
00000036
0000003E
00000047
0000004E
0000006F
0000008C
000000A5
000000A9
000000B8
000000DE
00000105
00000138
0000013D
0000013F
00000144
0000017E
0000019F
000001BA
000001C4
000001C5
0000020A
00000231
00000237
0000024F
0000026E
00000290
00000298
000002CC
000002D5
000002F5
000002FD
00000389
000003D5
000003DC
0000042E
0000048D
000004E8
00000526
000005A6
000005A9
00000651
0000065C
00000674
000006BE
000006D6
0000071A
00000724
00000749
000007D6
00000805
00000813
00000817
00000849
00000872
000008AE
000008CB
0000091A
00000952
000009F3
000009FB
00000A45
00000AF5
00000B14
00000B2B
00000B30
00000B55
00000BE5
00000BFA
00000E67
00000E68
00000F12
00000F2B
00000F76
00000F7D
00000FB7
00000FCA
00000FD4
00000FDA
00001009
0000101C
00001024
00001029
0000103B
0000103E
00001049
0000104F
00001055
00001056
0000105D
00001069
00001072
00001097
000010B0
000010D2
000010D5
000010DB
0000110B
00001119
0000114F
0000119F
000011C6
00001215
00001216
00001218
00001239
0000123A
00001288
000012AC
000012C8
000012CA
000012E4
000012EB
000012F4
000012F5
0000135F
000013DA
000013E4
000013E7
000013EC
0000142D
00001453
0000145F
00001482
000014A2
000014AE
000014C1
00001509
00001517
0000152A
0000152B
00001573
00001592
00001593
000015B7
000015D3
00001603
00001611
00001620
00001629
0000163C
00001643
0000164D
0000164E
00001650
00001655
00001664
0000166C
00001676
00001685
00001688
00001696
000017FF
00001870
00000007
0000001D
0000001E
00000024
0000005A
00000081
0000009B
0000009C
000000AC
00000126
00000152
0000018E
00000196
000001A4
000001AA
000001CC
000001DB
000001E6
00000208
0000023C
00000271
00000299
000002DB
000002E7
0000030D
0000033E
00000354
00000366
00000373
0000037E
000003CC
000003EC
000003F7
00000437
000004B5
00000537
00000573
00000575
000005AE
000005D8
000005EE
000005F2
00000680
0000069A
000006B1
000006BD
00000753
00000779
0000078C
000007A1
0000081D
00000877
00000898
000008BE
000008D6
000008E4
00000923
0000092B
00000975
00000990
000009A2
00000A02
00000A06
00000A12
00000A83
00000B6D
00000B8D
00000BDF
00000C31
00000C4B
00000C50
00000C7A
00000C95
00000CB7
00000CC7
00000CE1
00000CF3
00000D00
00000D5E
00000E39
00000E5A
00000EE6
00000F37
00000FB6
00000FCB
00001008
0000102A
0000109B
000010B3
0000110C
00001125
00001128
00001138
000011AB
000011DC
000011EA
000011ED
000011F7
00001217
000012F6
00001339
0000136C
000013C1
000013C3
00001410
00001427
00001454
00001455
0000148C
000014AD
000014C0
000014EE
000014FF
00001507
0000150E
00001513
00001527
0000152C
00001541
00001554
0000156F
00001581
00001588
000015B1
000015C4
000015D0
000015D1
000015D5
00001638
00001639
00001661
000016AE
000016BE
000016EF
000016F3
00001730
00001739
0000174B
00001753
00001763
00001775
000017BB
000017BC
000017D4
000017D7
0000182E
00001866
00000018
00000027
0000004D
0000005E
00000065
00000099
000000AA
000000BA
000000C8
00000119
0000013B
0000016C
00000186
000001B2
000001CB
000001D6
000001DE
0000024A
0000027F
0000029A
000002F7
0000031F
0000035F
0000039B
00000431
0000054E
00000559
00000605
00000646
000006B8
00000715
0000074D
0000075D
00000763
00000767
00000792
000007A3
000007B1
00000840
00000899
00000916
00000956
00000968
000009BE
000009C7
00000A7E
00000AB0
00000B44
00000BBD
00000BD7
00000C99
00000CF5
00000D16
00000D7B
00000D90
00000E05
00000EE4
00001030
000010F3
0000111E
00001139
0000115B
00001166
00001173
00001200
00001223
00001328
000013C2
000013C7
000013F5
0000144D
0000149C
000014E0
00001520
00001534
0000155A
00001568
00001574
0000157B
0000157C
0000158F
0000159C
0000159F
000015A0
000015A1
000015A5
000015AC
0000160F
00001647
0000166E
00001670
00001677
00001687
000016C5
000017C0
000017C1
0000181D
00001841
00001848
0000185D
0000000E
00000045
0000006D
00000079
00000088
0000008B
000000A7
000000C4
000000C7
000000CD
000000E6
00000102
00000120
0000016A
00000185
000001E8
00000249
00000281
000003B2
00000484
000004C4
000004F9
000005A4
000005C0
00000674
000006A2
000006D9
000006F1
00000724
0000072D
00000738
00000781
000007F9
00000891
000008E0
00000902
00000914
0000091B
00000922
000009DE
000009E8
000009E9
00000AA7
00000AB3
00000AD5
00000ADA
00000B07
00000B0A
00000B15
00000B78
00000BBB
00000D1D
00000D7C
00000E1A
00000EBF
00000F41
00001157
000011CF
000011D9
00001209
00001238
0000127B
0000129A
00001305
0000131A
000013B7
000013DE
00001436
00001470
000014F8
0000151B
0000154F
00001589
000015C2
000015D3
000015DC
000015E5
000015E8
0000161C
000016CE
00001723
0000174C
000017B6
00001819
0000182B
0000182F
00001850
00000021
00000023
00000049
0000004E
00000058
0000006C
0000007E
000000B2
0000010F
0000012C
00000178
00000187
00000232
00000234
00000262
000002AB
0000033E
000003DF
0000042A
000004BA
00000525
00000562
0000065F
0000069D
000006C3
00000708
00000806
0000081B
00000940
000009CE
00000A6F
00000A7A
00000D2D
00000D43
00000E50
00000EA0
00000ED6
00000ED9
00000F39
00001096
00001258
000012BC
00001301
0000130D
00001322
0000137C
00001385
00001558
000015F4
00001639
0000168F
00000019
00000027
0000006B
0000008C
0000011E
0000015E
0000019C
000001D7
000001E3
00000297
000002A2
000002EC
00000563
00000A38
00000AB4
00000B35
00000B83
00000C93
00000D40
00000DAD
00000DEA
00000E6E
000010D0
0000125F
00001362
000013CD
000014F1
00001567
00001596
000015F1
00001646
0000166A
00001689
00001718
000017E2
0000180A
0000180E
0000185A
00000018
0000001D
00000024
00000059
0000005A
000000A5
0000016E
00000199
000001AE
0000023D
0000027E
000002F1
00000300
0000037F
000004B4
000004FA
00000541
00000640
00000850
00000A72
00000C72
000011BA
00001230
00001443
00001504
0000151B
000015A3
000015B0
000015BE
000015C2
00001627
0000169F
000017B6
00001841
0000184B
00000046
0000006C
000000C4
0000014B
0000014E
00000189
0000019A
000001D0
000001E5
0000022D
0000028E
0000032D
00000379
000003C3
00000484
0000053B
0000056F
00000760
0000110C
00000047
00000099
00000225
00000375
000003A5
000003EC
00000567
00000C1F
00000E83
00001009
0000101C
00001024
00001029
0000103B
00001072
0000116C
00001215
000014A0
0000152A
0000152B
00001539
00001592
00001593
000015B7
00001603
00001611
00001620
00001629
0000163C
00001643
0000164D
00001650
00001655
00001664
0000166C
00001676
00001685
00001688
000017FF
00001828
00000009
0000001E
0000002A
000000FE
000002C1
00000702
00000D60
00000DC3
00000FCB
00001008
0000102A
0000103E
000010C3
00001232
00001292
0000129A
00001441
00001507
0000150E
00001541
00001549
00001554
00001588
00001631
0000163E
000016AE
000016BE
000016EF
000016F3
00001739
0000174B
00001753
00001763
00001775
00001795
0000182E
00001866
00000049
0000004E
00000058
00000063
0000008C
000000CB
00000158
00000160
0000018E
000001DB
00000235
0000032A
000003A9
000003B7
000003EB
00000436
00000446
00000495
000004DD
00000548
00000597
000005E3
00000604
00000605
0000063C
0000079D
00000853
00000883
00000B67
00000C70
00000CED
00000DE5
00000F5E
000010B0
00001216
00001229
0000125E
00001264
000012E4
000013E4
00001518
00001521
0000152C
00001537
0000153A
00001574
0000157C
0000158B
0000159F
000015DC
00001614
00001670
00001677
00001687
000017C0
00000047
0000005E
0000006C
000000D5
0000016F
000001AF
000001E5
0000022D
0000023B
0000032E
0000039E
000003C7
000004F7
00000700
000008B9
00000965
0000109B
000010C6
00001230
00001285
000012C8
00001301
00001472
00001515
00001568
000015A8
000015B1
0000160C
00001639
00001691
000017F2
00000081
00000208
0000021C
0000081D
000010FD
0000154F
00001814
0000182C
000000C8
0000027F
0000031F
000009FB
0000125E
00001517
00001573
00000045
00000902
00000B13
00000C33
00000CFA
00000D7C
00000DC6
00000DFB
00000E05
00000E5B
00000E68
00000EBF
00000F12
00000F15
00000F17
00000F1D
00000F2B
00000F63
00000F7D
00000FB7
00000FC2
00000FCA
00000FD4
00000FDA
00000FE1
00000FE8
00000FFD
00001000
0000100A
0000100B
0000100D
00001015
00001020
0000102B
00001044
00001047
0000104F
00001051
00001055
00001056
00001068
00001069
0000106C
00001071
00001075
00001079
0000107C
00001080
00001085
00001087
00001089
0000108A
0000108B
0000108E
00001094
00001095
000010E6
000011AA
00001221
0000123A
00001266
0000128A
000012CA
000012EB
000012EC
00001305
000013BB
0000145F
00001467
0000146E
00001483
00001485
000014C1
000014CF
00001842
00001845
00001847
0000184E
00001851
00001852
00001857
0000185B
00001860
0000186C
0000186D
00001870
00001871
00001872
00001877
00001878
0000187B
0000187C
0000187F
00001881
00001882
00001883
0000000E
00000023
00000036
00000048
0000004B
0000006D
0000006F
00000079
000000A9
000000B8
000000DE
000000E6
00000105
00000138
0000013B
0000013D
0000013F
00000152
0000016C
0000017E
0000019F
000001BA
000001C4
000001C5
000001CC
000001FA
0000020A
00000231
00000234
00000237
0000023C
0000024F
00000271
00000290
00000298
000002AB
000002B9
000002CC
000002D5
000002F5
000002FD
0000030D
0000033E
00000389
0000042E
0000043D
0000048D
000004B5
000004BD
000004CD
000004E8
00000526
000005A9
000005D8
00000621
00000651
0000065C
0000069A
000006BE
000006D9
0000071A
00000749
0000079A
000007D6
00000805
00000813
00000817
00000849
00000872
000008AE
000008C5
000008CB
0000091A
00000952
000009F3
00000AF5
00000B14
00000B2B
00000B2C
00000B30
00000B55
00000BB0
00000BE5
00000BFA
00000D43
00000D5E
00000DE0
00000DF1
00000E91
00000EE2
00000F21
00000FA7
00000FB5
00001049
0000105D
00001097
000010A9
000010B8
000010D2
000010D5
000010DB
0000110B
00001119
0000119F
000011A6
000011C6
00001203
00001239
00001288
000012F4
000012F5
00001338
00001339
0000133B
0000135F
00001385
000013DA
0000142D
00001453
00001482
000014A2
000014AA
000014AE
00000003
00000007
00000018
0000001D
00000057
0000005A
0000009B
000000BD
0000012C
0000016E
00000196
000001E3
000001E6
00000232
00000299
000002DB
00000354
0000037E
000003CC
000003E2
000003EC
00000491
00000548
00000559
0000056C
00000573
00000575
000005AE
000005D3
000005EE
000005F2
00000680
000006B1
000006BD
00000714
00000753
0000075D
00000779
0000078C
000007A1
000007A3
000007E5
00000844
00000877
000008D5
000008D6
000008E4
00000923
0000092B
0000093F
00000940
0000094B
00000961
00000975
00000990
000009A2
00000A02
00000A06
00000A0C
00000A12
00000A2F
00000A97
00000AB0
00000B6D
00000B8D
00000C31
00000C50
00000C7A
00000C95
00000CB7
00000CC7
00000CC9
00000CDB
00000CE1
00000CEF
00000CF3
00000D00
00000D0E
00000D35
00000D54
00000E39
00000EA0
00000EE0
00000F37
00000F4F
00000FB6
00000FF4
0000110C
0000111E
00001125
00001128
0000112E
00001138
000011AB
000011DC
000011EA
000011F7
00001217
00001223
00001230
000012F6
00001364
000013C3
00001410
00001427
00001454
00001455
000014AD
000014C0
000014EE
00001513
00001557
00001558
0000156F
00001581
000015A1
00001639
00001661
0000168A
0000168F
000016D1
000017BB
000017D4
000017D7
00000004
0000004D
000000C4
00000119
00000161
0000019C
000001CB
000001CE
000001D6
000001D7
0000024A
00000297
000002EC
0000037F
000003B2
000003C6
00000467
00000536
0000054E
00000585
0000058E
00000625
00000646
00000652
000006B8
000006FF
0000074D
00000763
00000765
000007B1
00000904
00000956
00000968
000009BE
000009C7
00000B08
00000B15
00000B44
00000B67
00000BA6
00000BAF
00000BB7
00000BBB
00000BD7
00000C72
00000C98
00000C99
00000CF5
00000D16
00000D90
00000DAD
00000DEA
00000E2C
00000E34
00000E6E
00000EE4
00000EE6
00000EF2
00001030
000010D0
0000111D
00001139
0000115B
00001166
00001173
000011ED
00001200
00001270
00001301
00001328
00001362
0000139C
000013C1
000013C2
000013C7
00001413
0000149C
000014A4
000014A7
000014E0
000014E8
000014F1
00001509
0000150B
0000152C
0000157B
0000158F
000015A0
000015A4
000015D0
00001646
000016AC
00001790
0000181D
00001841
0000185A
0000185D
00000021
00000024
00000027
00000059
0000006D
0000007E
00000081
0000008A
0000008B
0000008C
00000099
000000A3
000000A5
000000C7
00000158
00000191
00000199
0000019A
000001AE
000001DE
000001E8
00000213
00000225
0000023D
00000249
00000262
000002D2
00000300
0000032B
0000041A
00000484
0000048E
000004AD
000004B4
000004E3
000004F9
000004FA
00000514
00000541
000005A4
000005C0
000006E4
000006F9
000006FC
000006FD
0000072D
00000738
00000767
0000076C
00000781
000007F9
0000084D
00000850
00000891
000008E0
00000914
0000091B
00000922
000009DE
000009E8
000009E9
000009FB
00000A16
00000A38
00000A4D
00000AA7
00000AD5
00000B07
00000B78
00000B7A
00000C3A
00000C44
00000C93
00000ED6
00000F0A
00001097
000010ED
000010EE
000010F3
000011BA
000011CF
000011D4
00001209
00001238
0000125F
00001322
0000135F
00001380
00001383
000013B7
000013C6
00001436
00001442
0000151B
00001586
000015BE
000015C2
00001605
00001627
0000169F
000016CE
000017B6
000017E2
000017EF
0000184B
0000187A
00000018
0000001D
00000049
0000004E
0000004F
00000058
0000005A
00000064
0000006C
000000A7
000000C8
000000CD
000000E6
00000102
0000010F
00000120
0000012C
0000013B
0000016C
00000178
00000185
00000187
000001E5
00000257
0000027F
00000281
000002BC
000003BB
00000405
0000046D
000004BA
000004C1
000004FC
00000507
00000525
00000632
0000065F
0000069D
000006A2
000006A3
000006C3
000006EE
000006F7
000006FB
0000074B
000007EB
000007ED
00000806
00000915
00000965
000009B9
000009CE
000009F9
00000A6F
00000AB4
00000D47
00000E05
00000E3D
00000E50
00000E63
000010F5
0000110C
00001117
00001118
0000119A
000011D9
000011F6
00001201
00001258
0000127B
0000132A
0000137C
000013CD
000013DE
00001470
000014DB
00001557
00001558
00001567
000015B0
00001639
00001689
000017A8
000017E5
0000180A
0000180E
0000000E
00000023
00000045
0000004B
0000006B
00000079
00000088
000000B2
000000C4
00000154
00000163
000001C7
00000234
00000321
000003DF
0000042A
000004AC
0000050A
000006D9
000006F6
00000902
00000B0A
00000B67
00000BB9
00000C0D
00000C4B
00000C5B
00000D1D
00000D7C
00000E48
00000EBF
00000EC0
00000ED3
00000ED9
00000F39
00001116
00001157
000012BC
00001305
0000135B
00001437
00001448
00001495
00001521
00001549
00000117
00000186
000001E3
000001E8
000002AB
0000033E
0000038F
00000620
00000696
00000733
00000940
00000ADA
00000B83
00000B9B
00000C91
00000D43
00000E6E
00000EA0
000010AB
000010D0
00001230
000012FB
000014A4
000015A1
0000168A
0000168F
000016D1
0000177E
000017E1
00001843
00000019
000000D9
0000011E
0000015E
0000019C
000001D7
000004D2
0000074F
0000090A
00000A72
00000B35
00000B81
00000EBE
00001010
00001301
000013CD
00001509
00001718
00001821
0000185A
00000011
0000004E
0000007E
0000008C
0000032B
000004FA
0000097B
000010B9
00001689
00000042
00000048
00000080
000000E6
0000012C
00000142
000004EE
0000058E
00000850
00000AB4
00000DAD
00000DEA
00001362
00001567
00001590
00001596
000015B0
00001646
0000166A
000017E2
0000000E
00000079
000001AC
000001B7
0000023D
00000300
000004B4
00000541
00000587
000006E4
000009FB
000010C5
000011BA
00001230
00001586
000015BE
000015C2
00001605
00001627
00001634
0000169F
0000180A
0000180E
0000184B
00000024
00000058
00000059
0000006C
0000016F
00000257
00000965
00000E48
00001078
0000110C
000015D5
00000043
00000163
0000030E
000003C2
000004A6
0000081D
0000153B
0000154F
00000018
0000001D
00000431
00000899
00001292
000000C4
00000B13
00000C33
00000CFA
00000DC6
00000E5B
00000F15
00000F17
00000F1D
00000F63
00000FA7
00000FB5
00000FC2
00000FE1
00000FE8
00000FFD
00001000
0000100A
0000100B
0000100D
00001015
00001020
0000102B
00001044
00001047
00001051
00001068
0000106C
00001071
00001075
00001079
0000107C
00001080
00001085
00001087
00001089
0000108A
0000108B
0000108E
00001094
00001095
000010E6
000011AA
00001221
00001266
0000128A
000012EC
000013BB
00001467
0000146E
00001482
00001483
00001485
000014CF
00001842
00001845
00001847
0000184E
00001851
00001852
00001857
0000185B
00001860
0000186C
0000186D
00001871
00001872
00001877
00001878
0000187B
0000187C
0000187F
00001881
00001882
00001883
00000036
0000006D
0000006F
000000A9
000000B8
000000DE
00000105
00000138
0000013D
0000013F
00000152
0000017E
0000019F
000001BA
000001C4
000001C5
0000020A
00000231
00000237
0000024F
00000271
00000290
00000298
000002CC
000002D5
000002F5
000002FD
00000389
000003D5
0000042E
0000048D
000004E8
00000526
000005A6
000005A9
000005D8
00000651
0000065C
000006BE
0000071A
00000749
000007D6
00000805
00000813
00000817
00000849
00000872
000008AE
000008CB
0000091A
00000952
000009F3
00000A83
00000AF5
00000B14
00000B2B
00000B30
00000BB0
00000BE5
00000BFA
00000DFB
00000E68
00000EE2
00000F12
00000F2B
00000F7D
00000FB7
00000FCA
00000FD4
00000FDA
00001049
0000104F
00001055
00001056
0000105D
00001069
00001097
000010B8
000010D2
000010D5
000010DB
0000110B
00001119
0000119F
000011C6
00001223
00001239
0000123A
00001288
000012CA
000012EB
000012F4
000012F5
00001338
00001339
0000135F
000013DA
000013EC
0000142D
00001453
0000145F
000014A2
000014AE
000014C1
00001870
00000007
0000001D
0000004D
0000005A
0000009B
000000AC
000000C0
000000CB
000000DA
00000119
0000016E
00000196
000001CC
000001E6
0000023C
0000030D
0000033E
0000037E
000003CC
000003EC
000003F7
00000437
000004B5
00000559
00000573
00000575
0000058A
000005AE
000005EE
000005F2
00000680
0000069A
000006B1
000006BD
00000753
0000075D
00000779
0000078C
000007A1
00000877
00000898
000008C5
000008D6
000008E4
00000923
0000092B
00000975
00000990
000009A2
00000A02
00000A06
00000A12
00000A64
00000A97
00000B1A
00000B6D
00000B8D
00000C31
00000C50
00000C7A
00000C95
00000CB7
00000CC7
00000CE1
00000CF3
00000D00
00000D3B
00000D5E
00000E25
00000E39
00000EE6
00000F0A
00000F37
00000FB6
000010A9
0000110C
00001128
00001138
000011A6
000011AB
000011DC
000011EA
000011ED
000011F7
00001217
000012F6
000013C3
00001410
00001427
00001433
00001454
00001455
000014AD
000014C0
000014E8
000014EE
00001513
00001557
00001558
0000156F
00001581
000015A1
000015D0
00001639
00001661
0000168A
0000168F
00001690
00001715
00001771
000017BB
000017D7
0000181C
00001843
0000003E
00000059
000000A1
0000016A
000001CB
000001D6
00000249
0000024A
0000027E
00000299
00000354
000003C6
000003E2
00000467
00000548
0000054E
000005ED
00000607
00000646
00000652
000006B8
000006F9
000006FF
0000074D
00000763
00000767
000007B1
00000956
00000968
000009B8
000009BE
000009C7
00000A4D
00000A6F
00000B0A
00000B15
00000B44
00000BD7
00000C99
00000CF5
00000D16
00000D90
00000DAD
00000DEA
00000E2C
00000ED6
00000EE4
00001030
00001082
000010FB
0000111E
00001139
0000115B
00001166
00001173
00001200
00001209
0000129F
00001328
00001350
00001371
000013C1
000013C2
000013C7
00001413
00001421
0000149C
000014E0
000014F1
000014FB
0000152C
00001534
0000155A
000015A0
0000160F
0000168E
000016C5
000017C1
0000181D
0000183F
00001841
0000185A
0000185D
00000018
00000021
00000027
00000061
0000006D
0000008B
00000099
000000A5
000000A7
000000C7
000000CD
0000014B
0000014E
00000178
0000017F
00000199
000001AA
000001AC
000001C7
000001E8
00000262
0000028E
00000300
0000032D
000003B2
000003C3
0000041A
00000484
000004AC
000004B4
000004E3
000004F9
000004FA
00000541
0000056F
000005A4
000005BE
000005C0
0000060F
0000065B
000006A2
000006C3
000006F7
000006FC
0000072D
00000738
0000074E
00000781
000007F9
00000837
00000891
000008E0
00000914
00000922
00000988
000009DE
000009FB
00000A7A
00000AA7
00000AD5
00000ADA
00000B68
00000B78
00000B7A
00000BBB
00000BC7
00000C3A
00000D1D
00000F39
00001097
000010EE
000010F3
0000111D
0000116C
000011BA
000011CF
00001201
00001258
00001298
000012BC
00001322
0000133B
0000135F
00001380
00001383
000013B7
000013DE
00001436
00001442
000014F8
0000151B
00001549
0000157B
0000159B
000015A4
000015BE
000015C2
00001605
00001627
00001649
00001658
0000169F
000016CE
000017BC
000017D6
0000184B
00000009
0000001D
00000024
0000002A
00000049
0000004E
00000064
0000006C
0000007E
000000A3
000000C4
000000FE
00000109
00000161
0000016E
000001B2
000001DB
0000022D
00000257
0000032B
00000375
000003A5
0000041C
00000491
000004C1
000004FC
00000536
0000053B
00000567
0000056B
0000069D
000006A3
000006F6
00000B08
00000E3D
00000E50
00000E83
00000ED9
00000F0A
00000FCF
00001096
000010ED
0000110C
00001117
00001118
0000111C
00001149
0000119A
000011D4
00001238
00001427
000014A0
000014CD
000014E8
00001557
00001558
00001559
0000157D
00001583
000015A1
000015C3
000015D5
00001639
0000168A
0000168F
000016D1
00001771
0000177E
000017E5
000017E9
00001843
0000001E
00000043
0000008C
000000BB
000000D5
000000E1
0000012C
00000163
00000167
00000186
0000019C
000001D7
000001E5
00000235
0000026D
000002A2
000002C1
0000030E
00000431
00000495
000004C3
00000507
00000632
00000702
00000719
0000072C
0000076C
000007EB
0000084D
00000850
00000925
00000983
00000998
000009C8
00000A38
00000A92
00000B67
00000BB9
00000C0D
00000C1F
00000C26
00000C93
00000CFD
00000D40
00000D47
00000D5B
00000DAD
00000DEA
00000E6E
00000E70
00000EA0
00000EC0
000010B0
000010C3
000010D0
000010F5
00001116
00001157
00001185
00001215
00001232
00001244
0000125F
0000126B
0000129A
000012FA
0000130D
00001362
0000138E
000013C6
000013E4
00001441
00001448
0000145C
000014F1
00001518
00001521
00001537
0000154F
0000155E
0000156A
00001586
00001596
000015A9
000015D1
000015F0
00001647
00001731
0000174A
000017B6
000017D4
000017DF
000017E2
000017EF
000017F9
00001814
0000183F
0000185A
00000018
0000003F
0000005A
00000063
0000008A
000000A5
000000CB
000000CD
00000104
00000117
00000160
00000184
00000191
00000199
000001AC
000001E3
000001F0
00000224
00000225
000002D2
00000300
0000038E
000003A9
000003B7
000003C7
000003CC
000003EB
00000436
00000446
00000484
000004B4
000004FA
0000050A
00000514
0000052E
00000541
00000575
0000058E
00000597
000005FF
00000604
00000605
0000063C
00000640
000006E4
000006FB
0000074F
0000079D
000007BF
000007ED
00000853
0000090A
00000940
00000965
0000097B
000009F9
00000A34
00000A46
00000A4B
00000AB4
00000B1E
00000C70
00000C72
00000C91
00000CED
00000DCB
00000DF2
00000E31
00000E48
00000EB9
00000ECC
00000ED3
00000F5E
000010D8
00001151
0000116C
000011BA
00001229
00001230
00001258
00001292
000012E4
00001301
00001333
00001337
0000135B
000013CD
000013DA
000013F0
00001469
00001495
000014A4
000014DB
000014F6
0000151B
00001520
00001549
000015A8
000015BE
000015C2
000015D0
000015E1
00001603
00001605
0000160C
00001627
00001631
00001634
0000168D
0000169F
000016AB
00001804
00001841
0000184B
0000000A
00000011
00000019
00000021
00000029
00000032
00000049
00000058
00000059
0000006C
0000007E
000000C4
000000E6
0000010F
0000016F
00000174
0000019A
000001AF
000001DE
000001FF
0000023B
00000321
0000032E
0000039E
000003B0
000003B8
000003F5
0000047C
0000049C
000004D2
00000760
00000765
0000089B
00000AE1
00000E82
0000109B
000010BE
000010D9
0000110C
00001216
00001261
00001453
00001509
00001515
000015B0
000015C4
00001639
0000163F
00001646
00001689
000016C0
00001743
000017AC
0000180A
0000180E
00000042
00000048
0000004E
00000080
0000008C
00000099
000000B2
00000101
00000102
0000011E
00000120
00000127
0000012C
0000015E
0000019C
000001AE
000001D7
00000246
00000281
00000340
0000044D
000004C4
000004F7
000006F1
00000CA7
000010B9
0000131A
000013DF
000015B1
000015C7
00001718
000017A2
000017A8
0000004B
00000081
00000126
00000158
00000217
00000234
000002AB
000002BC
000002F4
000002F7
0000042A
000004DD
0000057A
0000078E
00000902
00000C3F
00000D43
00000EBF
00001437
000015F1
00000024
00000045
000000C8
0000013B
0000016C
0000023C
0000027F
0000033E
000006EE
00000965
00000D7C
00000E05
0000148C
00000023
00000027
000000BA
000000E6
00000167
00000605
000006D9
00001305
00000029
00000047
00000058
0000008C
00000187
000004BA
00000525
000006D6
00000EA0
00001230
0000137C
00000B13
00000C33
00000CFA
00000DC6
00000DFB
00000E5B
00000E68
00000F12
00000F15
00000F17
00000F1D
00000F63
00000F7D
00000FA7
00000FB5
00000FB7
00000FC2
00000FCA
00000FD4
00000FDA
00000FE1
00000FE8
00000FFD
00001000
0000100A
0000100B
0000100D
00001015
00001020
0000102B
00001044
00001047
0000104F
00001051
00001055
00001056
00001068
00001069
0000106C
00001071
00001075
00001079
0000107C
00001080
00001085
00001087
00001089
0000108A
0000108B
0000108E
00001094
00001095
000010E6
000011AA
00001221
00001266
0000128A
000012CA
000012EB
000012EC
000013BB
0000145F
00001467
0000146E
00001483
00001485
000014CF
00001842
00001845
00001847
0000184E
00001851
00001852
00001857
0000185B
00001860
0000186C
0000186D
00001870
00001871
00001872
00001877
00001878
0000187B
0000187C
0000187F
00001881
00001882
00001883
00000018
0000001D
00000036
0000006D
0000006F
000000A9
000000B8
000000DE
00000105
00000138
0000013D
0000013F
00000152
0000017E
0000019F
000001BA
000001C4
000001C5
000001FA
0000020A
00000231
00000237
0000024F
00000271
00000290
00000298
000002CC
000002D5
000002F5
000002FD
0000030D
00000389
000003D5
0000042E
0000048D
000004B5
000004BD
000004E8
00000526
000005A9
000005D8
00000651
0000065C
0000069A
000006BE
0000071A
00000749
0000079A
000007D6
000007E5
00000805
00000813
00000817
00000843
00000849
00000872
000008AE
000008C5
000008CB
0000091A
00000952
000009F3
00000AF5
00000B14
00000B2B
00000B2C
00000B30
00000B55
00000BB0
00000BE5
00000BFA
00000D5E
00000DE0
00000DF1
00000EE2
00000F2B
00001049
0000105D
00001097
000010A9
000010B8
000010D2
000010D5
000010DB
0000110B
00001119
0000119F
000011A6
000011C6
00001239
0000123A
00001288
000012F4
000012F5
00001338
00001339
0000135F
000013DA
0000142D
00001453
00001482
000014A2
000014AA
000014AE
000014C1
00000003
00000007
00000057
0000009B
000000AC
000000C4
000000DA
00000119
00000196
000001CC
000001E6
0000023C
00000299
000002DB
00000331
0000033E
00000354
0000037E
000003CC
000003EC
000003F7
00000575
000005AE
000005D3
000005EE
000005F2
00000680
000006B1
000006BD
00000714
00000753
00000779
0000078C
00000877
000008D6
000008E4
00000923
0000093F
0000094B
00000961
00000975
00000990
000009A2
00000A02
00000A06
00000A0C
00000A12
00000A2F
00000A97
00000B6D
00000B8D
00000C31
00000C49
00000C50
00000C7A
00000C95
00000CB7
00000CC7
00000CC9
00000CE1
00000CF3
00000D00
00000D0E
00000D35
00000D54
00000E39
00000F37
00000F8B
00000FB6
00000FF4
000010F1
0000110C
0000111E
00001125
00001128
00001138
000011AB
000011DC
000011EA
000011ED
00001217
000012F6
00001350
00001364
000013C3
00001410
00001427
00001454
00001455
0000148C
000014AD
000014E8
000014EE
00001513
00001527
00001557
00001558
0000156F
00001581
000015A1
000015D0
00001638
00001639
00001661
0000168A
0000168F
000017BB
000017D7
00000027
0000003B
0000004D
0000005A
0000009C
000000BA
000000CB
0000014A
00000165
0000016E
000001B2
000001CB
0000024A
00000257
000002A1
0000037F
0000039B
000003C6
000003E2
00000467
00000539
0000054E
00000559
00000573
00000605
00000646
00000652
000006B8
0000074D
0000075D
00000767
000007B1
00000898
00000956
000009BE
00000A64
00000B15
00000B44
00000B67
00000BD7
00000C73
00000CDB
00000D16
00000E2C
00000E5E
00000ED6
00000EE6
00000F41
00000F8E
00001030
00001078
000010F3
00001139
0000115B
00001166
00001173
00001209
00001270
000013B7
000013C2
000013C7
00001403
000014E0
0000152C
0000155A
0000157B
0000158F
000015A0
00001647
000016E9
0000171F
000017BC
000017D4
0000181D
00001841
0000185D
00000018
0000001D
00000021
00000024
0000003E
00000043
00000049
00000059
0000005E
0000006D
0000008B
000000A7
000000BB
000000C7
000000CD
0000010F
0000011D
0000014B
00000163
0000016A
00000178
0000017F
000001AC
000001D6
000001E8
000001FD
00000249
00000262
000002F7
0000030E
00000319
000003A4
000003B2
000003C2
000003D0
000003DC
000004A6
000004F9
000005A4
000005C0
00000603
00000692
000006A2
000006C3
000006FD
00000738
00000781
000007A3
000007F9
00000831
00000891
000008E0
00000914
0000091B
00000922
000009DE
000009E8
000009E9
00000A2B
00000AA7
00000B07
00000B78
00000E50
00000F0A
00001097
000011CF
000011D9
00001215
00001258
0000125F
00001260
000012E4
0000132A
0000135F
000013C5
000013F5
00001436
00001441
0000144D
00001474
0000150B
0000159C
0000160F
0000003F
0000004E
0000004F
00000063
00000064
0000006C
0000007E
000000C4
000000EB
000000FC
00000117
0000014E
00000160
000001C7
000001DB
00000244
000002B2
0000041E
00000484
00000491
00000495
0000056B
000005E2
00000604
00000696
0000069D
00000726
00000737
0000079D
00000806
0000080E
00000853
00000869
00000965
000009CE
00000AC9
00000AD5
00000B1E
00000B35
00000B51
00000B83
00000BBB
00000C4B
00000C70
00000CBC
00000CED
00000ED9
00001096
000010CD
0000111C
0000116C
00001216
00001218
00001229
0000136C
0000148E
000014E8
00001557
00001558
000015D0
0000160C
0000161C
00001639
0000168F
000016D1
00000019
0000008A
000000CB
000000E6
0000012C
0000016E
0000019C
000001A4
000001AA
000001BD
000001D7
000001E5
000001F0
000002A2
000002DA
000002EC
00000448
0000046D
00000475
000004DF
000004F7
00000536
00000575
0000058E
00000597
00000702
0000074E
00000765
0000078C
000009F9
00000A38
00000A72
00000A92
00000AB4
00000AE9
00000B08
00000B67
00000B81
00000C73
00000C93
00000CFD
00000D2D
00000D40
00000D5B
00000DD1
00000E6E
00000EEE
00000F5C
00000F7A
00000FC3
00001086
000010D0
000011AF
00001238
00001301
000013C6
00001427
000014F1
000014F6
00001515
00001518
00001521
00001537
00001549
00001559
0000155E
00001562
00001567
00001568
0000157D
00001582
00001596
0000159F
000015A1
000015A8
000015B1
000015C7
000015F4
0000162F
0000163F
0000166A
0000168A
00001696
000016DB
0000178C
000017E1
000017E2
000017E4
000017EF
000017F9
0000183F
0000184C
00000029
00000058
0000008C
000000BB
0000015D
0000016F
0000017B
000001D0
00000208
0000024C
000002BC
000002F4
0000032B
00000339
000003A9
000003B7
000003C7
000003DC
00000436
00000507
0000052E
00000568
000005E3
0000063C
0000072C
0000076C
000007AA
00000825
00000831
0000084D
00000925
00000940
000009C8
00000A34
00000A63
00000A9A
00000C72
00000C91
00000D47
00000F9A
00001082
000010AB
0000110C
0000114F
00001244
0000126B
0000133D
00001353
000013C1
00001403
000014DB
00001509
0000151B
00001520
00001534
0000154F
00001576
00001583
000015D9
000015F1
00001621
00001635
0000164E
00001661
000017B6
000017C2
000017E9
00001814
00000010
00000011
0000001E
00000047
0000004E
0000006C
0000007E
00000099
0000014B
00000160
00000174
0000018E
00000191
0000019A
000001AF
0000022D
000002D2
0000031F
0000032A
0000032E
0000038E
000003BB
000003F5
00000431
00000484
0000050A
000005FF
00000603
00000632
000007EB
000007ED
00000850
00000871
00000883
000008D0
0000090A
00000A1C
00000AF0
00000B1C
00000BB8
00000BB9
00000BC0
00000DAD
00000DEA
00000E1B
00000E48
00000E67
00000EE4
00001009
0000101C
00001024
0000103B
0000103E
00001072
0000109B
000010EB
000011BA
000011DD
000011E1
000011F3
00001210
00001215
0000125E
00001285
00001292
0000129A
000012D3
000012E4
000013CD
000013F0
000013F2
00001441
0000145C
00001490
000014A4
00001504
0000152A
0000152B
0000152C
00001539
0000156A
00001590
00001592
00001593
000015B7
00001603
00001611
00001612
00001620
00001626
00001629
0000163C
00001643
00001645
00001646
0000164D
00001650
00001655
0000165C
00001664
0000166C
00001675
00001676
00001685
00001688
00001689
000016C0
00001702
000017C5
000017FF
00001807
00001815
00001841
0000185A
0000003F
0000005E
00000063
000000BD
0000011E
0000012C
0000015E
0000019C
000001AC
000001D7
00000213
00000224
0000023B
00000300
0000030F
00000321
00000361
00000441
00000495
000004B4
000004FA
00000514
00000541
00000548
00000604
00000605
00000700
0000079D
00000853
000009FB
00000AB4
00000B1E
00000C07
00000C70
00000CED
00000E6E
00000EBE
00000ED3
00000FCB
00001008
00001010
00001029
0000102A
000010B0
000010C6
000010D0
00001216
00001229
00001230
00001268
000012C8
00001337
0000135B
00001362
00001495
00001507
0000150E
00001541
00001554
00001567
00001574
0000157C
00001588
000015B0
000015BE
000015C2
000015C4
000015D1
00001691
0000169F
000016AE
000016BE
000016EF
000016F3
00001718
00001739
0000174B
00001753
00001763
00001775
0000180A
0000180E
0000182E
0000184B
00001866
00000021
00000027
00000029
00000049
00000058
00000059
00000064
00000081
0000008A
0000008C
000000A5
0000010F
000001F0
00000208
0000021C
0000023D
000003EB
0000040A
00000486
000004F7
0000054E
00000597
000006EE
00000965
00000D1C
00001021
0000110C
00001515
00001568
00001586
0000159F
000015A3
000015A8
000015B1
000015C7
0000160C
00001627
00001639
0000163F
00001670
00001677
00001687
00001743
000017AC
000017C0
000017F2
00000024
00000045
000000C8
00000161
0000016F
0000019A
0000027F
0000039E
000003C7
000007E6
0000081D
00000C72
00000E48
00001517
0000151A
0000154F
00001573
000015AC
000015D5
000015F4
000017E5
00000902
00000C93
00000D7C
00000E05
00000EBF
000010B3
0000125E
00001305
00000079
000000E6
000001DE
00000234
0000033E
000006D9
00000D43
0000127B
0000000E
00000102
00000120
00000187
00000232
00000281
000003DF
00000525
00000940
00000EA0
00001230
0000131A
0000137C
00001470
0000004E
0000019C
000001D7
00000297
000002EC
0000042A
00000902
00000B13
00000C33
00000CFA
00000DC6
00000DEA
00000DFB
00000E5B
00000E6E
00000EBF
00000F15
00000F17
00000F1D
00000F63
00000FA7
00000FB5
00000FC2
00000FE1
00000FE8
00000FFD
00001000
0000100A
0000100B
0000100D
00001015
00001020
0000102B
00001044
00001047
00001051
00001068
0000106C
00001071
00001075
00001079
0000107C
00001080
00001085
00001087
00001089
0000108A
0000108B
0000108E
00001094
00001095
000010D0
000010E6
000011AA
00001221
00001266
0000128A
000012EC
00001301
00001362
000013BB
00001467
0000146E
00001482
00001483
00001485
000014A4
000014CF
000017E2
00001842
00001845
00001847
0000184E
00001851
00001852
00001857
0000185A
0000185B
00001860
0000186C
0000186D
00001871
00001872
00001877
00001878
0000187B
0000187C
0000187F
00001881
00001882
00001883
00000018
0000001D
00000023
00000036
0000006D
0000006F
0000008A
000000A9
000000B8
000000DE
00000105
00000138
0000013D
0000013F
00000152
0000017E
00000199
0000019F
000001BA
000001C4
000001C5
000001CC
000001FA
0000020A
00000231
00000234
00000237
0000023C
0000024F
00000262
00000271
00000290
00000298
000002AB
000002CC
000002D5
000002F5
000002FD
00000300
0000033E
00000389
000003D5
0000042E
0000048D
000004B4
000004E8
000004FA
00000526
00000541
000005A6
000005A9
000005D8
00000620
00000651
0000065C
000006BE
000006E4
0000071A
00000749
0000074E
000007D6
00000805
00000813
00000817
00000849
00000850
00000872
000008AE
000008CB
0000091A
00000952
000009F3
00000A83
00000AF5
00000B14
00000B2B
00000B30
00000BE5
00000BFA
00000D43
00000D7C
00000E05
00000E68
00000E91
00000EE2
00000F12
00000F21
00000F2B
00000F7D
00000FB7
00000FCA
00000FD4
00000FDA
00001049
0000104F
00001055
00001056
0000105D
00001069
00001097
000010B8
000010C5
000010D2
000010D5
000010DB
0000110B
00001119
0000119F
000011C6
00001239
0000123A
00001288
000012CA
000012EB
000012F4
000012F5
00001338
00001339
0000135F
00001385
000013DA
000013EC
0000142D
00001453
0000145F
000014A2
000014AE
000014C1
00001586
000015BE
000015C2
00001605
00001646
0000169F
000017B6
0000184B
00001870
00000007
0000000E
00000059
0000005A
0000006C
00000079
00000081
0000009B
000000AC
000000C4
000000CC
000000DA
000000E6
0000018E
00000196
000001E3
000001E6
00000257
00000299
000002DB
0000030D
0000037E
000003CC
000003EC
000003F7
00000437
000004B5
00000559
00000575
0000058A
000005AE
000005EE
000005F2
00000680
00000690
0000069A
000006B1
000006BD
000006D9
00000753
0000075D
00000779
0000078C
00000877
000008D6
000008E4
00000923
00000928
00000961
00000965
00000975
00000990
000009A2
00000A02
00000A06
00000A12
00000A38
00000A97
00000B6D
00000B8D
00000C31
00000C50
00000C7A
00000C95
00000CB7
00000CC7
00000CE1
00000CF3
00000D00
00000D5E
00000DAD
00000E2E
00000E39
00000F37
00000F4F
00001030
0000110C
0000111C
00001125
00001128
00001138
000011AB
000011BA
000011DC
000011EA
000011ED
00001217
00001292
000012F6
00001305
000013C3
00001410
00001427
00001454
00001455
0000149C
000014AD
000014C0
000014E8
000014EE
00001513
00001557
00001558
0000156F
00001581
000015A1
000015D0
00001639
0000168A
0000168F
0000177E
000017BB
000017D7
00001843
00000043
0000004D
00000058
0000008C
00000099
000000A1
000000C8
00000119
0000012C
0000013B
00000163
0000016C
000001CB
000001D6
00000232
0000024A
0000027F
00000354
0000037F
000003C6
000003E2
000004BA
000004F9
0000054E
00000573
00000646
00000652
000006B8
000006F9
000006FF
0000074D
00000765
00000767
000007B1
00000891
00000898
000008D5
00000956
000009BE
000009C7
000009D2
000009FB
00000B15
00000B44
00000BD7
00000C99
00000CF5
00000D16
00000D90
00000E48
00000EA0
00000ED6
00000EF2
0000111E
00001139
0000115B
00001166
00001173
00001200
00001209
00001223
00001230
0000125F
000013C1
000013C7
00001413
000014E0
000014F1
00001509
0000151B
0000152C
00001549
000015A0
000015A4
000015E5
00001627
00001634
00001661
0000166E
00001692
000016B5
000016C5
000017D4
00001801
00001814
0000181D
00001841
0000185D
00000018
0000001D
00000024
00000027
00000045
00000061
0000006D
0000007E
0000008B
000000A7
000000CD
00000154
0000016A
00000178
00000187
000001E5
000001E8
00000225
00000297
000002EC
000003B2
000004DD
00000525
00000548
000005A4
000005C0
0000069D
000006A2
000006A3
000006C3
000006F7
000006FC
00000708
00000738
00000781
000007F9
00000806
000008E0
00000902
00000914
0000091B
00000922
00000940
000009DE
000009E8
000009E9
00000AA7
00000AD5
00000B07
00000B78
00000D7C
00000E05
00000EBF
00000EE6
00000FA1
000010ED
000010F3
0000116C
000011CF
00001238
00001258
00001322
0000137C
00001383
000013B7
000013DE
00001402
00001436
00001442
0000157B
0000158F
0000000E
00000019
00000021
00000023
00000042
00000049
0000004B
0000004E
00000064
00000079
00000080
000000A3
000000B2
000000C4
000000D9
000000E6
0000010F
0000011E
0000015E
0000019C
000001D7
00000234
00000249
000002AB
0000032B
0000033E
000003C5
000004CD
000004EE
000006D9
0000081B
000009CE
00000AB4
00000B0A
00000D43
00000D45
00000DAD
00000DEA
00000E50
00000E6E
00000E82
000010D0
00001117
00001157
000011D4
000011D9
0000127B
00001301
00001362
00001385
000013CD
00001557
00001558
00001567
0000157D
00001583
000015B0
000015FC
0000160F
00001639
00001646
0000166A
00001689
000016D1
00001718
00001761
000017A8
000017D6
000017DF
000017E2
0000180A
0000180E
00001821
0000185A
00000058
0000008C
000000A5
0000016F
00000191
000001AE
000001C7
0000023D
00000300
000003DF
00000446
000004B4
000004BA
000004FA
00000541
00000640
000006FB
00000702
000007AA
00000850
00000B67
00000EA0
000011BA
00001230
000012A0
00001443
000014E8
000014F6
000014F8
0000151B
00001549
0000155E
00001586
000015BE
000015C2
000015D5
00001605
00001627
00001661
00001675
0000169F
000016C0
000017B6
000017E5
000017F9
00001804
0000184B
00000024
00000046
00000059
0000006C
0000007E
000000CB
00000109
00000160
00000186
0000018E
000001AF
000001E5
00000224
0000022D
00000257
000002D2
0000032E
000003A9
000003C7
000003E3
000003EB
0000041C
00000436
00000448
00000484
000004DD
00000536
0000058E
0000063C
000006EE
00000787
0000081D
00000917
00000965
000009F9
00000A92
00000EC9
00001078
000010B6
0000110C
0000111C
00001292
0000154F
00001559
000015A1
00001645
0000168A
0000168F
000017E1
000017E9
000017EF
00000018
00000019
0000001D
00000043
0000005A
000000E6
0000011A
0000012C
00000163
0000016E
00000174
0000019C
000001D7
000002BC
0000030E
0000032A
0000032B
0000039E
000003B0
000003B7
000003C2
000003F5
00000431
000004A6
00000514
0000058D
00000604
00000696
00000719
000007EB
00000899
00000E48
0000109B
00001238
00001291
00001302
00001328
00001441
0000153B
0000156A
00001590
00001596
000015D4
00001647
000017A2
00000049
0000005E
00000063
000000BD
000000C4
00000117
0000016F
0000019A
00000235
0000023B
0000030F
000003AD
00000441
0000044D
00000495
00000605
00000700
00000760
0000079D
00000853
00000B1E
00000C70
00000CED
000010C6
00001229
000012C8
000012E4
0000150A
00001518
000017E2
0000183F
00000021
0000003F
00000064
0000010F
00000208
0000057A
00000597
000007A3
0000089B
00000D53
00000F5E
000010B0
00001216
0000125E
00001261
00001427
00001509
00001515
00001537
00001582
000015A8
0000160C
00001639
0000163F
00000038
0000004E
00000081
000000D5
00000246
0000031F
000004F7
00001301
000015C7
00000059
000000C8
0000027F
000002F4
00000339
0000063C
00000E05
000015B1
0000000E
00000045
00000079
000000E6
00000154
0000018E
0000046D
000006D9
00000902
00000D7C
00000EBF
0000106F
00001230
00001305
00001490
00001599
00001868
0000013B
0000016F
000001CC
00000232
00000234
0000023C
00000262
000002AB
0000033E
00000405
000004BA
00000D43
00000EA0
00001385
00000297
000002EC
00000940
00000B13
00000C33
00000CFA
00000DC6
00000DFB
00000E5B
00000E68
00000F12
00000F15
00000F17
00000F1D
00000F63
00000F7D
00000FA7
00000FB5
00000FB7
00000FC2
00000FCA
00000FD4
00000FDA
00000FE1
00000FE8
00000FFD
00001000
0000100A
0000100B
0000100D
00001015
00001020
0000102B
00001044
00001047
0000104F
00001051
00001055
00001056
00001068
00001069
0000106C
00001071
00001075
00001079
0000107C
00001080
00001085
00001087
00001089
0000108A
0000108B
0000108E
00001094
00001095
000010E6
000011AA
00001221
00001266
0000128A
000012CA
000012EB
000012EC
000013BB
0000145F
00001467
0000146E
00001483
00001485
000014CF
00001842
00001845
00001847
0000184E
00001851
00001852
00001857
0000185B
00001860
0000186C
0000186D
00001870
00001871
00001872
00001877
00001878
0000187B
0000187C
0000187F
00001881
00001882
00001883
00000019
00000036
0000006D
0000006F
000000A9
000000B8
000000DE
00000105
00000138
0000013D
0000013F
00000152
0000017E
0000019C
0000019F
000001BA
000001C4
000001C5
000001D7
000001FA
0000020A
00000231
00000237
0000024F
00000290
00000298
000002CC
000002D5
000002F5
000002FD
0000030D
00000389
000003D5
0000042E
0000048D
000004B5
000004BD
000004D2
000004E8
00000526
00000548
000005A9
000005D8
00000651
0000065C
0000069A
000006BD
000006BE
0000071A
00000749
00000779
0000079A
000007D6
000007E5
00000805
00000813
00000817
00000849
00000872
000008AE
000008C5
000008CB
0000091A
00000952
000009F3
00000A45
00000AB4
00000AF5
00000B14
00000B2B
00000B2C
00000B30
00000B55
00000BB0
00000BE5
00000BFA
00000D5E
00000DAD
00000DE0
00000DEA
00000DF1
00000E6E
00000EE2
00000F2B
00000FB6
00001049
0000105D
00001097
000010A9
000010B8
000010D0
000010D2
000010D5
000010DB
0000110B
00001119
0000119F
000011A6
000011C6
00001217
00001239
0000123A
00001288
000012F4
000012F5
00001301
00001338
00001339
0000135F
00001362
000013CD
000013DA
0000142D
00001453
00001482
000014A2
000014A4
000014AA
000014AE
000014C1
00001567
00001646
00001689
0000185A
00000007
0000001D
0000004D
00000057
0000005A
0000006C
0000008A
0000008C
0000009B
000000AC
000000CB
000000DA
00000119
00000191
00000196
00000199
000001AA
000001B2
000001CC
00000213
00000230
0000023C
00000271
00000299
000002DB
00000300
0000033E
00000354
0000037E
00000395
000003CC
000003EC
000003F7
00000437
00000491
000004B4
000004FA
00000541
0000056C
00000573
00000575
0000058A
000005AE
000005D3
000005EE
000005F2
00000652
00000680
000006B1
000006E4
00000714
00000753
0000075D
0000078C
00000850
00000877
00000898
000008D6
000008E4
00000923
0000093F
0000094B
00000975
00000990
000009A2
000009FB
00000A02
00000A06
00000A0C
00000A12
00000A2F
00000A38
00000A4D
00000A97
00000B6D
00000B7A
00000B8D
00000C31
00000C50
00000C95
00000CB7
00000CC9
00000CE1
00000CEF
00000CF3
00000D0E
00000D54
00000DA2
00000E25
00000E39
00000EE0
00000F37
00000F8B
00000FF4
000010B9
0000110C
0000111E
00001125
00001128
0000112E
00001138
000011AB
000011BA
000011DC
000011EA
000011ED
000011F7
00001223
00001230
000012F6
00001350
00001364
000013C3
00001410
00001413
00001427
00001433
00001454
00001455
000014AD
000014E8
00001513
0000151B
00001557
00001558
0000156F
00001581
00001586
000015A1
000015BE
000015C2
000015D0
000015E1
00001605
00001627
00001634
00001639
00001661
0000168A
0000168F
0000169F
0000177E
000017BB
000017E2
0000180A
0000180E
0000181C
00001841
00001843
0000184B
00000018
0000004E
00000058
00000059
00000099
00000161
0000016E
000001CB
000001D6
00000249
0000024A
00000257
000002CA
000003B2
000003C6
00000467
00000484
00000536
0000054E
00000559
000005ED
00000646
000006B8
000006F9
0000074D
00000767
000007B1
000007ED
00000956
00000965
0000097B
00000B08
00000B15
00000B44
00000BD7
00000C98
00000CDB
00000CF5
00000D16
00000D3C
00000E48
00000ED6
00000EE4
00001030
00001139
0000115B
00001166
00001173
00001209
00001270
0000129F
000013C2
000013C7
000014E0
000014EE
000014F1
0000152C
00001532
00001534
00001549
0000157B
0000158F
0000174A
000017B6
000017BC
000017C1
000017D7
0000181D
00000021
00000027
00000043
00000061
0000006D
0000008B
000000C4
000000CD
00000163
00000178
0000017F
000001E8
00000225
00000262
000002D2
0000030E
0000038E
000004A6
00000507
00000529
0000056B
000005A4
000005C0
00000632
000006C3
000006F7
000006FC
0000072C
00000738
0000076C
00000781
000007EB
000007F9
0000084D
00000891
000008E0
00000914
00000922
00000983
000009BE
000009DE
000009E8
00000AA7
00000AD5
00000B78
00000BBB
00000D47
00000DE9
00001097
000010F3
000011CF
000012FB
00001328
0000135F
00001383
000013B7
000013C6
00001442
00001567
000015A0
00001814
00000049
000000A7
00000104
000001AC
00000321
0000047C
000004FC
0000050A
0000069D
000006A2
000006A3
000009E9
00000A6F
00000AE1
00000B07
00000BA6
00000BB9
00000C91
00000DA6
00000DF2
00000E50
00000EB9
00000EBB
00000ED3
00000ED9
00000F0A
00001117
00001118
00001151
000011D9
000011DD
00001201
00001238
00001258
00001322
0000135B
00001436
0000145C
00001495
000014DB
000014E8
00001557
00001558
00001639
000016D1
0000000A
00000032
00000064
000000A3
000001C7
00000249
00000568
00000702
0000074F
00000806
000009CE
00000A92
00000B67
00000B83
00000B87
00000C4B
00000D2D
00000FC5
000010F5
000014A4
00001521
000015B0
000017EF
0000004E
0000007E
0000008C
000000CB
00000160
0000016F
0000032A
000003A9
00000436
0000056B
0000063C
0000090A
00000925
00000A72
00000E6E
000010B6
000010D0
0000111C
00001292
000012A9
00001537
000015A1
0000168A
0000168F
00000019
0000004B
00000058
0000005E
0000006C
000000E6
0000011E
0000012C
0000015E
0000016E
00000174
0000019C
000001AF
000001D7
00000208
00000213
00000235
0000023B
0000027D
0000030F
0000032E
000003B0
000003C7
000003F5
00000700
00000AB4
00000DAD
00000DEA
0000109B
000010B0
000010C6
00001210
00001230
000012C8
00001301
00001362
000013CD
00001567
00001689
00001718
0000185A
00000024
00000059
000000A5
00000199
0000021C
0000023D
00000300
00000373
000003EB
000004B4
000004F6
000004FA
00000541
0000061E
00000850
00000940
000009FB
00000BFC
00000F5E
000010C5
000011BA
0000125E
000014F6
00001532
00001586
000015BE
000015C2
00001605
00001627
0000168D
00001691
0000169F
000017E2
0000184B
00000011
000000D5
0000018E
0000019A
000001CA
000001E5
0000022D
00000257
0000031F
0000039E
000003B8
0000044D
00000484
0000049C
000004D2
000004EF
00000604
00000726
00000965
00000E48
00000E6E
000010D0
0000110C
000012AC
000014A4
00001517
00001573
000015A5
000015D5
00001646
000017DF
000017E5
0000180A
0000180E
00000043
00000163
0000030E
000003C2
0000057A
0000081D
00000CA7
000010B3
000012A2
000013E7
0000154F
00000018
0000001D
00000117
00000431
000005BF
000000C4
0000021F
0000137C
00001509
000017BC
00000B13
00000C33
00000CFA
00000DC6
00000DFB
00000E5B
00000F15
00000F17
00000F1D
00000F2B
00000F63
00000FA7
00000FC2
00000FDA
00000FE1
00000FE8
00000FFD
00001000
0000100A
0000100B
0000100D
00001015
00001020
0000102B
00001044
00001047
00001051
00001055
00001068
0000106C
00001071
00001075
00001079
0000107C
00001080
00001085
00001087
00001089
0000108A
0000108B
0000108E
00001094
00001095
000010E6
000011AA
00001221
0000123A
00001266
0000128A
000012EC
000013BB
00001467
0000146E
00001482
00001483
00001485
000014C1
000014CF
00001842
00001845
00001847
0000184E
00001851
00001852
00001857
0000185B
00001860
0000186C
0000186D
00001871
00001872
00001877
00001878
0000187B
0000187C
0000187F
00001881
00001882
00001883
00000036
0000006D
0000006F
000000A9
000000B8
000000DE
00000105
00000138
0000013D
0000013F
00000152
0000017E
0000019F
000001BA
000001C4
000001C5
000001FA
0000020A
00000231
00000237
0000024F
00000271
00000290
00000298
000002CC
000002D5
000002F5
000002FD
00000389
000003D5
0000042E
0000048D
000004B5
000004BD
000004E8
00000526
00000548
000005A6
000005A9
000005D8
00000651
0000065C
0000069A
000006BE
0000071A
00000749
000007D6
00000805
00000813
00000817
00000849
00000872
000008AE
000008CB
0000091A
00000952
000009F3
00000A83
00000AF5
00000B14
00000B2B
00000B2C
00000B30
00000BB0
00000BE5
00000BFA
00000E68
00000EE2
00000F12
00000F7D
00000FB5
00000FB7
00000FCA
00000FD4
00001049
0000104F
00001056
0000105D
00001069
00001097
000010B8
000010D2
000010D5
000010DB
0000110B
00001119
0000119F
000011C6
00001223
00001239
00001288
000012CA
000012EB
000012F4
000012F5
00001338
00001339
0000135F
000013DA
000013EC
0000142D
00001453
0000145F
000014A2
000014AE
00001870
00000003
00000007
0000001D
0000003E
00000057
0000005A
0000009B
000000A1
000000AC
000000C0
000000DA
00000126
0000016E
00000196
000001CC
000001E6
0000023C
00000299
000002DB
0000030D
0000033E
0000037E
000003CC
000003E2
000003EC
000003F7
00000448
00000537
00000559
00000573
00000575
0000058A
000005AE
000005EE
000005F2
00000652
00000680
000006B1
000006BD
00000714
00000753
0000075D
00000779
0000078C
0000079A
000007E5
00000877
000008C5
000008D5
000008D6
000008E4
00000923
00000961
00000975
00000990
00000A02
00000A06
00000A0C
00000A12
00000A64
00000A97
00000B6D
00000B8D
00000C31
00000C50
00000C7A
00000C95
00000CB7
00000CC7
00000CE1
00000CF3
00000D00
00000D3B
00000D5E
00000E39
00000EE6
00000F37
00000F41
00000FB6
000010A9
000010F1
0000110C
00001125
00001128
0000112E
00001138
000011A6
000011AB
000011DC
000011EA
000011ED
00001217
000012F6
00001364
000013C1
000013C3
000013E8
00001410
00001426
00001427
00001454
00001455
0000148C
0000149C
000014AD
000014C0
000014E8
000014EE
00001513
00001557
00001558
0000156F
0000157D
00001581
000015A1
000015B9
000015C3
000015D0
00001638
00001639
00001661
0000168A
0000168F
000016D1
00001771
0000177E
000017BB
000017D7
00001843
00000018
00000027
0000003B
0000004D
0000004E
00000059
00000075
00000099
000000BA
000000CB
00000119
0000014A
000001B2
000001CB
000001D6
00000225
00000249
0000024A
00000331
00000354
00000395
000003C6
0000045A
00000467
00000514
0000054E
000005C0
00000605
00000607
00000646
000006B8
000006F9
000006FB
000006FF
0000074D
00000765
00000767
000007B1
000007C9
000007F9
0000087D
00000891
00000898
00000928
00000956
000009A2
000009BE
000009D2
00000A92
00000B15
00000B44
00000B67
00000BD7
00000C99
00000CF5
00000D16
00000D35
00000D3C
00000D90
00000E2C
00000ED6
00000EF2
00000F0A
00000FF4
00001030
00001082
000010F3
0000111E
00001139
00001157
0000115B
00001166
00001173
00001200
00001209
00001218
00001328
0000133B
00001350
00001371
000013B7
000013C2
000013C7
000013DE
00001413
000014E0
000014F1
0000152C
00001549
0000155A
0000155E
0000156A
00001583
0000158F
000015A0
000015A4
00001621
00001647
0000168E
000017B6
000017C1
000017D4
000017D6
000017E9
000017F9
0000181D
00001841
0000185D
00000021
00000061
0000006D
0000008B
000000A3
000000A7
000000BB
000000C4
0000010F
0000011D
00000165
0000016A
000001AC
000001B1
000001E8
000001FD
00000262
000002A1
000002D2
000003B2
000004F9
000004FC
0000056B
00000585
000005A4
00000640
0000065F
00000661
0000069D
000006A2
000006A3
000006C3
000006F6
000006FD
00000702
00000738
00000781
00000806
000008E0
00000914
0000091B
00000922
000009DE
000009E8
000009E9
00000A6F
00000AA7
00000AB3
00000AD5
00000B07
00000B0A
00000B68
00000B78
00000BBB
00000C5B
00000E70
00000ED9
00001078
00001097
000010ED
000010EE
000011CF
000011D4
00001201
00001258
00001260
000012DF
0000130E
00001322
0000135F
00001380
00001383
00001403
00001436
00001442
0000148E
000014F6
000014F8
0000150A
00001518
0000151B
00001521
00001534
00001537
00001567
0000157B
000015B3
000015C2
000015D5
000015E1
000015E5
00001612
00001645
00001675
00001686
000016C0
000017BC
000017D1
000017E5
00001800
00001814
0000183F
0000184B
00000049
00000064
0000006B
0000006C
0000007E
0000008C
0000014B
0000015D
00000160
0000016F
00000178
00000187
000001C7
000001E5
000001F0
000002B2
00000304
00000319
0000039B
000003A4
000003D0
000003E9
00000436
00000484
000004BA
000004C1
00000525
00000536
00000560
00000597
00000603
0000060F
0000063C
00000692
000006D5
000006F7
0000072D
0000074B
000007E0
00000825
00000831
00000839
0000086D
000008AC
000008D2
000008F2
000008F9
0000090A
00000943
00000964
000009CE
000009F9
00000A2B
00000ADA
00000B35
00000B81
00000B83
00000C0D
00000C13
00000C73
00000CBC
00000D1D
00000DD8
00000E3D
00000E50
00000E76
00000F8E
00000FCF
000010AB
000010B6
00001117
000011D9
000011F6
0000125E
0000125F
00001268
00001292
000012B8
00001301
000013BC
000013C5
000014E8
00001557
00001558
00001574
000015F0
00001601
0000160A
0000160C
00001639
0000168F
000016DB
000016EA
000017B4
000017E1
000017FB
00000010
00000011
00000018
00000019
0000001D
00000024
00000059
0000005A
00000088
000000C7
000000CD
000000E6
000000EB
000000FC
0000012C
0000014E
0000016E
00000174
0000019C
000001AF
000001D0
000001D7
000001DB
000001FF
0000023D
00000249
0000027D
000002DA
0000032A
0000032B
000003A9
000003C7
000003DC
000003F5
0000041E
00000491
000004C3
000004DD
000004DF
000005E2
000005FF
00000604
00000726
00000737
00000787
0000080E
00000869
00000940
00000998
000009C8
000009EF
00000A72
00000A92
00000AB4
00000AC9
00000AF0
00000B08
00000B51
00000B67
00000B9B
00000C4B
00000DAD
00000E5E
00000E6E
00000EC0
00000F39
0000109B
000010CD
000010D0
000010F5
00001116
00001118
0000111C
0000114F
000011F3
00001210
00001238
0000126B
000012E4
0000133D
000013C6
000013CD
00001441
00001464
00001559
000015A1
000015D0
0000166A
0000168A
000016D1
000017EF
0000185A
00001868
00000021
00000042
00000047
0000004E
00000058
0000005E
00000063
00000080
0000008A
00000099
0000009C
000000BD
000000C4
000000CB
00000191
000001A4
000001BD
00000208
00000235
0000023B
000002BC
0000030F
00000321
00000340
00000360
0000038E
000003AD
000003E5
00000441
0000046D
00000495
000004B4
000004FA
00000507
00000541
00000575
00000605
00000632
00000696
000006EE
00000700
0000072C
0000074E
00000760
0000076C
0000078C
0000079D
000007EB
000007ED
0000084D
00000850
00000853
00000925
00000965
0000097B
00000A34
00000A38
00000A9A
00000B1E
00000BB9
00000C59
00000C70
00000C91
00000CED
00000D47
00000DCB
00000DEA
00000EBE
00000ECC
00000EEE
00000F5C
00000F7A
00000FC3
00001010
0000101C
0000103B
000010C6
000010D8
000011BA
00001216
00001229
00001230
00001244
000012C8
0000132A
00001353
00001362
0000136C
00001403
00001427
0000145C
00001469
000014A4
000014DB
0000152A
0000152B
0000152E
00001539
00001567
000015A8
000015B0
000015C2
00001603
00001611
00001620
00001629
00001634
00001635
0000163C
00001646
00001647
0000164D
00001650
00001655
00001664
00001676
00001688
00001689
0000169F
000017A8
000017E2
000017E4
000017FF
0000180A
0000180E
00001821
0000184B
00000029
0000003F
00000045
00000049
00000064
0000006C
0000006D
00000081
000000AA
000000BB
0000010F
00000127
00000144
0000014B
00000161
0000016F
0000017B
0000018E
000001AA
000001AC
000001B7
000001F0
00000213
0000021C
0000022D
00000244
00000257
0000029A
000002EC
000002F7
00000300
0000031F
0000032E
00000373
00000394
000003B5
0000041C
00000448
00000484
0000050A
0000052E
00000597
00000603
000006E4
0000074F
000007A3
00000831
0000089B
000008D0
0000090A
000009FB
00000A0D
00000AE1
00000B81
00000C07
00000C26
00000D53
00000DA6
00000DF2
00000E1B
00000E31
00000ED3
00000F5E
00000FCB
00000FCC
00001008
00001009
00001024
00001029
0000102A
0000103E
00001072
000010B0
000010BE
0000110C
00001124
0000116C
000011DD
00001215
0000125E
00001337
00001344
0000135B
0000144D
00001472
00001495
000014A0
000014F6
0000150E
00001515
0000151B
00001541
00001549
00001554
0000157D
00001582
00001586
00001588
00001592
00001593
0000159F
000015B7
000015BE
000015C7
000015D9
00001605
00001627
00001639
0000163F
0000164E
00001663
00001670
00001677
00001685
000016BE
000016EF
000016F3
00001739
0000174B
00001753
00001775
000017AC
000017C2
00001807
0000182E
00001866
0000000A
00000018
0000001D
0000001E
00000024
000000C8
000000D5
0000011A
00000163
0000016E
000001DE
000001E5
000001FF
0000027F
0000030E
0000032B
00000431
00000475
000004A6
0000058A
00000646
0000078E
0000081D
00000862
00000871
00000940
00000A1C
00000A1F
00000AE9
00000D43
00000E48
00001086
000010B3
0000111C
0000117B
000014A7
000014E8
00001507
00001517
0000152C
0000154F
00001557
00001558
0000155E
00001568
00001573
00001574
0000157C
00001583
000015A1
000015A5
000015AC
000015D0
000015D5
0000160C
00001643
00001687
0000168F
00001696
000016C0
000016D1
00001702
00001731
00001736
0000178C
000017B8
000017C0
000017E5
000017E9
000017F9
00001843
0000184C
00000011
00000019
000000C4
000000CB
00000102
00000117
0000011E
00000120
0000015E
0000019C
000001AE
000001B8
000001D7
00000217
00000281
00000702
000007AA
00000899
00000902
00000917
00000A92
00000B67
00000BB8
00000D3C
00000D7C
00000DEA
00000E05
00000E6E
00000EBF
000010D0
000010DE
000011E1
00001291
00001301
00001305
0000131A
00001362
0000138E
000013CD
000014A4
00001521
0000152E
0000156A
00001576
0000160F
00001661
000016EB
00001718
0000175D
000017EF
0000000E
00000023
0000004E
00000058
0000005A
0000006C
00000079
0000007E
0000008A
0000008C
000000B2
000000E6
0000015D
00000160
0000016F
000001AF
00000224
00000234
000002AB
000002D2
00000300
0000032E
0000033E
000003A9
000003C7
000003E3
000003EB
0000042A
00000436
000004B4
000004DD
000004FA
00000514
00000541
00000620
0000063C
000006D9
00000850
00000883
000010B6
000010C5
000011BA
00001230
00001261
00001292
00001373
000014F6
00001509
0000150A
00001518
00001537
00001567
00001586
000015BE
000015C2
00001646
00001689
000017B6
00001804
0000184B
00000029
00000042
00000059
00000080
00000101
0000012C
00000158
00000174
0000018E
000001B5
0000022D
00000246
0000032A
000003B0
000003DC
000003F5
0000041C
0000041E
0000047C
00000484
00000486
000004BA
000004EE
00000604
00000965
00000AB4
00000DAD
00000EA0
0000109B
0000110C
00001210
00001285
0000137C
000013E5
00001469
000015B0
000017DF
000017E2
0000180A
0000180E
0000185A
00000018
0000001D
0000001E
00000038
0000005E
000000A5
000000AA
000000BD
000000CA
0000011A
00000191
00000199
0000019A
000001A4
000001CA
000001DC
000001E5
00000213
00000235
0000023B
00000257
000002A4
000002A9
0000030F
00000360
0000039E
000003AD
000003E5
00000431
0000044D
0000058D
00000700
00000719
000010B0
000010C6
00001218
00001268
000012C8
0000151B
00001605
0000169F
00000024
00000043
00000058
0000005A
00000081
000000C3
000000C4
000000DC
00000144
00000163
000001B2
00000208
0000021C
0000023D
00000244
0000029A
0000030E
00000373
000003C2
000003DF
0000057A
0000061E
00000684
00000BFC
000010B3
00001157
0000125E
00001344
000013E7
000014A0
00001532
00001814
00000045
0000008C
000000C8
0000027F
0000031F
00000726
0000081D
000008C4
00000965
000009FB
00000B13
00000C33
00000CFA
00000DC6
00000DFB
00000E48
00000E5B
00000E68
00000F12
00000F15
00000F17
00000F1D
00000F63
00000F7D
00000FA7
00000FB5
00000FC2
00000FCA
00000FD4
00000FE1
00000FE8
00000FFD
00001000
0000100A
0000100B
0000100D
00001015
00001020
0000102B
00001044
00001047
0000104F
00001051
00001056
00001068
00001069
0000106C
00001071
00001075
00001079
0000107C
00001080
00001085
00001087
00001089
0000108A
0000108B
0000108E
00001094
00001095
000010E6
000011AA
00001221
00001266
0000127B
0000128A
000012CA
000012EB
000012EC
000013BB
000013F6
0000145F
00001467
0000146E
00001483
00001485
000014CF
00001517
00001573
000015A5
000015D5
000017D4
000017E5
00001842
00001845
00001847
0000184E
00001851
00001852
00001857
0000185B
00001860
0000186C
0000186D
00001871
00001872
00001877
00001878
0000187B
0000187C
0000187F
00001881
00001882
00001883
00000027
00000036
0000006D
0000006F
000000A9
000000B8
000000DE
00000105
00000138
0000013D
0000013F
00000152
0000017E
0000019F
000001BA
000001C4
000001C5
000001FA
0000020A
00000231
00000237
0000024F
00000271
00000290
00000298
000002CC
000002D5
000002F5
000002FD
0000030D
00000389
000003CC
000003D5
0000042E
0000047F
0000048D
000004B5
000004BD
000004E8
00000526
000005A9
000005D8
00000651
0000065C
0000069A
000006BE
0000071A
00000749
000007D6
00000805
00000813
00000817
00000849
00000872
000008AE
000008CB
00000902
0000091A
00000952
000009F3
00000A45
00000AF5
00000B14
00000B2B
00000B2C
00000B30
00000BE5
00000BFA
00000D5E
00000D7C
00000DE0
00000E05
00000E91
00000EBF
00000EE2
00000F21
00000F2B
00000FB7
00000FDA
00001049
00001055
0000105D
00001097
000010A9
000010B8
000010D2
000010D5
000010DB
0000110B
00001119
0000119F
000011C6
00001217
00001239
0000123A
00001288
000012F4
000012F5
00001305
00001338
00001339
0000135F
000013DA
0000142D
00001453
00001482
000014A2
000014AA
000014AE
000014C1
0000154F
0000159C
00001870
00000003
00000007
00000018
0000001D
00000023
00000057
00000059
00000079
0000009B
000000AC
000000CB
000000E6
00000154
00000196
000001CC
00000234
0000023C
00000299
000002AB
000002DB
0000033E
00000354
0000037E
000003EC
000003F7
00000437
00000491
0000054E
00000559
00000573
00000575
000005AE
000005D3
000005EE
000005F2
00000652
00000680
000006B1
000006BD
000006D9
00000714
00000753
0000075D
00000779
0000078C
0000079A
000007F8
00000877
000008D6
000008E4
00000923
00000961
00000975
00000990
00000A02
00000A06
00000A0C
00000A12
00000A2F
00000B6D
00000B8D
00000BBB
00000C31
00000C50
00000C95
00000CB7
00000CC9
00000CE1
00000CF3
00000D0E
00000D3B
00000D43
00000D54
00000E39
00000F37
00000F4F
0000110C
0000111E
00001125
00001128
00001138
000011AB
000011DC
000011EA
000011ED
000012F6
00001364
000013C3
00001410
00001427
00001454
00001455
000014AD
000014C0
000014E8
00001509
00001513
00001527
00001557
00001558
0000156F
00001581
0000158F
000015A1
0000161C
00001639
00001661
0000168A
0000168F
00001715
00001771
0000177E
000017BB
00001841
0000004D
0000005A
00000099
000000C4
00000119
0000016E
00000187
000001CB
000001CE
000001D6
0000024A
000003E2
000003F4
000004BA
000004F9
00000525
00000646
000006B8
000006D6
0000074D
00000765
00000767
00000940
00000956
00000B15
00000D16
00000D3C
00000DAD
00000EA0
00000EE4
00000EE6
00001030
000010FB
00001139
0000115B
00001166
00001223
00001230
000013C2
000013C6
000013C7
00001413
000014E0
000014EE
000014F1
0000152C
00001549
0000157B
000015F4
00001691
00001790
000017B6
000017BC
000017D4
000017D7
0000181D
00000027
0000004E
00000061
0000006C
0000006D
0000007E
0000008B
000000A7
0000016A
0000019C
000001B2
000001D7
00000232
00000262
0000027E
000003CC
000004B4
000004FA
00000514
00000548
000005A4
00000695
000006A2
000006FC
00000708
00000738
0000075F
00000781
00000806
000008E0
000008EB
00000914
0000091B
00000922
000009BE
000009DE
000009E8
000009E9
00000A38
00000AA7
00000B78
00000DEA
00000E6E
00000FA1
000010D0
00001173
00001209
00001301
00001362
0000137C
000013F5
000014A4
00001567
0000159C
000015A0
000015C2
00001601
0000160F
00001627
0000163E
00001646
00001686
000016AC
000016B1
000016B2
000016CE
00001800
0000184B
0000185A
0000185D
00000018
00000021
00000049
00000059
00000081
00000088
0000008C
000000A5
000000E6
0000011E
0000012C
00000142
0000014B
0000014E
00000158
0000016C
00000178
00000199
000001AE
000001DE
00000225
0000023D
00000249
00000257
0000028E
00000297
000002EC
00000300
0000032D
000003C3
00000410
00000541
00000560
0000056F
00000640
000006C3
000006D5
000006E4
000006FB
000007E0
0000081B
00000850
00000915
000009CE
000009FB
00000AB4
00000B08
00000BBB
00000D2D
00000E82
00000ED6
00000F0A
00001078
000010F3
0000110C
000011BA
000011D9
00001258
00001328
00001436
000014A0
000014E8
0000151B
00001557
00001558
0000157D
00001586
0000158F
00001596
000015B0
000015BE
000015D0
00001605
00001634
00001639
0000166A
00001689
0000169F
000016D1
00001718
000017A2
000017DD
000017E2
0000180A
0000180E
0000000E
0000001D
00000024
00000058
0000006B
00000079
000000C4
000000C8
000000EF
00000102
0000013B
00000163
000001B7
0000027F
00000281
000002A9
0000030E
000003A5
000004A6
000004C4
0000053B
00000567
00000587
000006F1
00000702
00000760
00000A92
00000B67
00000BB2
00000E05
00000E83
0000131A
00001470
00001521
00001537
0000153B
00001583
00001612
000017EF
00001814
0000181C
0000001E
00000029
00000043
00000045
00000047
0000004E
000000CB
000000DC
000000FE
00000117
00000160
0000016F
000001AF
000003A9
000003B8
000003C7
00000436
000004DD
0000063C
000006D9
00000902
00000965
00000D7C
00000EBF
000010C3
0000116C
00001215
00001232
00001292
0000129A
000012A0
00001305
000014F6
000014F8
00001518
00001549
0000155E
000015C3
00001621
00001645
000016A5
000016AB
000016C0
000017F9
0000183F
00000023
0000006C
000000D5
00000109
00000174
00000178
00000186
00000187
000001DB
00000232
00000234
00000235
000002AB
0000032A
0000032B
0000032E
0000033E
000003F5
0000041C
000006EE
00000D43
00000EA0
00000EC9
00000F5E
0000109B
000010B0
00001210
00001230
00001301
00001472
00001509
00000018
0000001D
0000005E
000001E5
00000213
0000023B
00000297
000002EC
0000030F
000003AD
00000431
0000058D
00000700
000009E7
000010C6
000012C8
00000058
00000081
0000008C
000000C4
0000018E
00000208
0000021C
0000023D
0000061E
00000674
000010B3
00001157
0000125E
000013E7
00001532
000000C8
0000016C
0000019A
0000027F
0000031F
000009FB
00000E05
00001333
00001517
00001573
000015D5
0000000E
00000045
00000079
000000E6
00000154
000006D9
0000081D
00000902
00000D7C
00000EBF
0000112D
00001305
00000023
0000012C
0000013B
00000178
000001CC
00000232
00000234
0000023C
000002AB
0000033E
000003C5
00000525
00000620
00000682
00000899
00000940
00000D43
00000D45
00000EA0
000010C1
00001230
0000137C
00000019
0000019C
000001D7
00000297
000002EC
00000E6E
000010D0
00001301
00001362
000013CD
000014A4
00001567
00000300
00000B13
00000C33
00000CFA
00000DC6
00000DFB
00000E5B
00000F15
00000F17
00000F1D
00000F63
00000F7D
00000FA7
00000FB5
00000FB7
00000FC2
00000FDA
00000FE1
00000FE8
00000FFD
00001000
0000100A
0000100B
0000100D
00001015
00001020
0000102B
00001044
00001047
0000104F
00001051
00001055
00001068
0000106C
00001071
00001075
00001079
0000107C
00001080
00001085
00001087
00001089
0000108A
0000108B
0000108E
00001094
00001095
000010E6
000011AA
00001221
00001266
0000128A
000012EC
000013BB
0000145F
00001467
0000146E
00001483
00001485
000014CF
00001842
00001845
00001847
0000184E
00001851
00001852
00001857
0000185B
00001860
0000186C
0000186D
00001870
00001871
00001872
00001877
00001878
0000187B
0000187C
0000187F
00001881
00001882
00001883
00000036
0000006D
0000006F
000000A9
000000B8
000000DE
00000105
00000138
0000013D
0000013F
00000152
0000017E
0000019F
000001BA
000001C4
000001C5
000001FA
0000020A
00000231
00000237
0000024F
00000262
00000290
00000298
000002CC
000002D5
000002F5
000002FD
0000030D
00000389
000003D5
0000042E
0000048D
000004B5
000004BD
000004E8
00000526
00000540
000005A6
000005A9
000005D8
00000651
0000065C
0000069A
000006BE
0000071A
00000749
000007D6
00000805
00000813
00000817
00000849
00000872
000008AE
000008C5
000008CB
0000091A
00000952
000009F3
00000A83
00000AF5
00000B14
00000B2B
00000B2C
00000B30
00000BB0
00000BE5
00000BFA
00000DF1
00000E68
00000EE2
00000F12
00000F2B
00000FB6
00000FCA
00000FD4
00001049
00001056
0000105D
00001069
00001097
000010B8
000010D2
000010D5
000010DB
0000110B
00001119
0000119F
000011A6
000011C6
00001239
0000123A
00001288
000012CA
000012EB
000012F4
000012F5
00001338
00001339
0000135F
000013DA
000013EC
0000142D
00001453
00001455
00001482
000014A2
000014AA
000014AE
000014C1
00000003
00000007
00000018
0000001D
00000057
0000005A
0000009B
0000009C
000000A1
00000126
0000016E
00000196
000001CC
000001E6
0000023C
00000271
00000299
000002DB
0000033E
00000354
0000037E
00000395
000003CC
000003EC
00000437
00000491
00000559
0000056C
00000573
00000575
000005AE
000005EE
000005F2
00000680
000006B1
000006BD
00000714
00000753
0000075D
00000779
0000078C
0000079A
000007F8
00000818
00000877
00000898
000008BE
000008D5
000008D6
000008E4
00000923
0000093F
00000975
00000990
000009A2
00000A02
00000A06
00000A0C
00000A12
00000A2F
00000A97
00000B6D
00000B8D
00000C31
00000C50
00000C7A
00000C95
00000CB7
00000CC7
00000CE1
00000CEF
00000CF3
00000D00
00000D54
00000D5E
00000DEA
00000E25
00000E39
00000EE0
00000EE6
00000F37
00000FF4
000010A9
0000110C
0000111E
00001125
00001128
0000112E
00001138
000011AB
000011DC
000011EA
000011ED
00001217
000012F6
00001350
00001364
000013C3
00001410
00001426
00001427
00001454
0000149C
000014AD
000014C0
000014E8
000014EE
00001513
00001557
00001558
0000156F
00001581
000015A1
000015C2
000015D0
00001639
00001661
0000168A
0000168F
000017BB
000017D4
000017D7
00001843
00000004
0000001E
0000003E
0000004D
00000059
0000005E
00000075
0000008A
000000AA
000000C4
00000119
00000144
000001CB
000001CE
000001D6
000001E3
0000029A
000002CA
000002F7
00000300
0000031F
0000037F
000003C6
00000467
00000536
00000541
0000054E
000005C0
00000646
00000652
000006B8
000006F9
000006FF
0000074D
00000765
00000767
0000076C
000007A3
000007B1
000007C9
000007E5
000007ED
00000850
00000956
000009BE
000009C7
00000B15
00000B44
00000BD7
00000C99
00000CC3
00000CF5
00000D16
00000D90
00000DAD
00000ED6
00001030
00001139
0000115B
00001166
00001173
000011CF
00001200
00001209
00001270
00001328
00001371
000013C1
000013C2
000013C6
000013C7
00001413
0000144D
000014E0
0000152C
0000157B
0000158F
0000159C
000015A0
000015A4
000015BE
00001647
0000166E
000016C5
000017B6
000017BC
000017C1
00001841
0000184B
0000185A
0000185D
00000021
00000024
00000027
00000049
0000004E
00000061
0000006D
0000008B
0000008C
00000099
000000A3
000000A7
000000BB
000000C7
00000178
00000199
000001AA
000001E5
000001E8
000001FD
00000213
00000225
0000023D
00000262
0000038E
000004B4
000004C3
000004FA
00000507
00000529
000005A4
00000605
00000640
000006A2
000006C3
0000072C
000007EB
0000084D
00000914
00000922
0000097B
00000983
000009DE
000009FB
00000AA7
00000AB3
00000AD5
00000B78
00000B9B
00000BBB
00000D3C
00000D47
00000E50
00000F0A
00000F41
00000F9A
00001097
000011BA
000011F3
00001238
00001258
0000125E
0000125F
0000126B
0000129A
000012FB
00001322
0000135F
00001380
00001383
000013B7
00001436
00001442
00001455
0000148E
000014F1
0000151B
00001534
000015B3
000015E1
00001605
00001627
0000169F
000016CE
000017DD
000017E2
000017E5
00000018
0000001D
00000058
0000005A
0000006C
00000081
000000A5
00000104
00000161
000001AC
000001DE
0000022D
000002D2
00000484
0000050A
00000514
00000632
0000072D
0000074F
000009F9
00000A1F
00000BB9
00000C91
00000DF2
00000EB9
00000EBB
00000ECC
00000ED3
0000110C
00001117
00001151
000011D4
000011F6
00001223
0000135B
0000145C
00001495
000014DB
000014E8
00001532
0000154F
00001557
00001558
00001567
0000157D
00001583
000015A3
000015C3
0000160A
0000160C
00001639
00001686
0000168F
000016AC
000016C0
000016D1
000016EA
000017B4
000017E1
000017FB
00001800
0000000A
00000032
00000045
00000064
0000007E
000000C4
000000C8
00000102
0000013B
0000016C
00000185
0000027F
00000281
0000047C
00000568
00000702
00000925
00000A92
00000B67
00000E05
00000E70
00000FC5
000010F0
000010F4
00001118
0000131A
00001470
000014A4
000014F6
000014F8
00001521
0000152E
00001537
00001549
0000155E
0000156A
00001586
000015A9
000015D3
00001612
00001621
00001702
000017EF
000017F9
0000000E
00000019
00000029
00000048
0000004B
0000004E
00000079
0000008C
000000CB
000000E6
0000012C
00000154
0000015D
0000015E
00000160
0000016F
0000019C
000001AE
000001D7
00000321
000003EB
00000436
000004DD
0000063C
000006D9
00000902
00000965
00000AB4
00000B51
00000C26
00000D7C
00000DAD
00000DEA
00000E48
00000E6E
00000EBF
000010B6
000010C9
000010D0
0000127B
00001292
000012A9
000012C7
00001301
00001305
00001362
000013CD
0000150A
00001539
000015B0
000015D5
00001645
00001646
00001689
000017D1
0000180A
0000180E
0000185A
00000023
00000058
0000006C
000000A5
0000011A
00000178
00000187
00000191
00000199
000001AF
00000208
00000213
00000224
00000234
0000023D
000002AB
00000300
0000032A
0000033E
000003A9
000003B0
000003C7
000003DF
000003F5
0000046D
000004B4
000004BA
000004F9
000004FA
00000541
00000604
000006E4
000006EE
000006FB
0000074E
00000850
00000940
000009FB
00000A38
00000B7A
00000D43
00000EA0
0000109B
000010C5
000011BA
00001210
00001230
0000151B
000015BE
000015C2
00001605
00001627
00001634
0000168D
0000169F
000017DF
000017E2
0000184B
00000024
00000059
0000005E
0000008B
0000011E
0000019A
000001E3
000001E5
0000023B
00000257
0000030F
0000032E
0000039E
00000405
0000044D
000004D2
000004EF
00000525
00000700
00000708
000008C4
000010B0
000010C6
0000110C
000012C8
00001302
0000137C
000014A4
00001677
000017A8
00001821
00000081
00000163
0000018E
0000021C
0000057A
0000061E
0000125E
00001814
00000043
000000C8
00000117
0000013B
0000016C
0000027F
0000081D
00000E05
00001517
00001573
000015A5
0000000E
00000018
00000059
0000005A
00000079
000000E6
00000154
00000431
000004CD
000006D9
00000902
00000D7C
00000EBF
00001261
00001305
00001509
00000023
00000038
0000004E
0000008C
000000BD
000000C4
00000178
000001CC
00000232
00000234
0000023C
00000246
000002AB
0000033E
00000446
000004BA
00000D43
00000EA0
00001230
00001385
00000262
00000297
000002EC
00000B13
00000C33
00000CFA
00000DC6
00000DFB
00000E5B
00000E68
00000F12
00000F15
00000F17
00000F1D
00000F63
00000FA7
00000FC2
00000FCA
00000FD4
00000FE1
00000FE8
00000FFD
00001000
0000100A
0000100B
0000100D
00001015
00001020
0000102B
00001044
00001047
00001051
00001056
00001068
00001069
0000106C
00001071
00001075
00001079
0000107C
00001080
00001085
00001087
00001089
0000108A
0000108B
0000108E
00001094
00001095
000010E6
000011AA
00001221
00001266
0000128A
000012CA
000012EB
000012EC
000013BB
00001467
0000146E
00001483
00001485
000014CF
00001842
00001845
00001847
0000184E
00001851
00001852
00001857
0000185B
00001860
0000186C
0000186D
00001871
00001872
00001877
00001878
0000187B
0000187C
0000187F
00001881
00001882
00001883
0000001D
00000036
0000006D
0000006F
000000A9
000000B8
000000DE
00000105
00000138
0000013D
0000013F
00000152
0000017E
0000019F
000001BA
000001C4
000001C5
000001FA
0000020A
00000231
00000237
0000024F
00000290
00000298
000002CC
000002D5
000002F5
000002FD
00000389
000003D5
0000042E
0000048D
000004B5
000004BD
000004E8
00000526
00000548
000005A9
000005D8
00000651
0000065C
0000069A
000006BE
0000071A
00000749
000007D6
00000805
00000813
00000817
00000849
00000872
000008AE
000008CB
0000091A
00000952
000009F3
00000AF5
00000B14
00000B2B
00000B30
00000BB0
00000BE5
00000BFA
00000D5E
00000DE0
00000F2B
00000F7D
00000FB5
00000FB7
00000FDA
00001049
0000104F
00001055
0000105D
00001097
000010A9
000010B8
000010D2
000010D5
000010DB
0000110B
00001119
0000119F
000011C6
00001239
0000123A
00001288
000012F4
000012F5
00001338
00001339
0000135F
000013DA
0000142D
00001453
0000145F
00001482
000014A2
000014AE
000014C1
00001870
00000003
00000004
00000007
00000018
0000004D
00000057
0000009B
000000AC
000000C0
000000DA
00000119
0000016E
00000196
000001CC
000001E6
0000023C
00000271
00000299
000002DB
0000030D
0000033E
0000037E
000003CC
000003E2
000003EC
00000437
0000056B
0000056C
00000573
00000575
0000058A
000005AE
000005D3
000005EE
000005F2
00000652
00000680
000006B1
000006BD
00000714
00000753
0000075D
00000779
0000078C
000007E5
000007F8
00000818
00000840
00000877
000008BE
000008C5
000008D6
000008E4
00000923
00000961
00000975
00000990
00000A02
00000A06
00000A12
00000A64
00000A97
00000B6D
00000B8D
00000C31
00000C49
00000C50
00000C95
00000CB7
00000CC7
00000CE1
00000CF3
00000D00
00000D0E
00000E2C
00000E2E
00000E39
00000EE2
00000F37
00000F8B
00000FB6
0000110C
00001125
0000112E
00001138
000011A6
000011AB
000011DC
000011EA
000011ED
000011F7
00001217
00001223
0000129F
000012F6
00001350
00001364
000013C3
00001410
00001427
00001433
00001454
00001455
000014AA
000014AD
000014E8
000014EE
00001513
00001557
00001558
0000156F
00001581
000015A1
000015B9
000015D0
00001638
00001639
00001661
0000168A
0000168F
00001690
0000177E
000017BB
000017D7
000017E9
0000181C
00001843
0000003E
0000005A
00000099
000000C4
000001CB
000001D6
000002CA
00000354
000003C6
00000467
0000054E
000005A6
00000625
00000646
000006B8
000006F9
0000074D
00000760
00000767
000007B1
000007C9
0000087D
00000898
00000956
000009C7
000009D0
00000B15
00000B44
00000BD7
00000C16
00000C98
00000D16
00000D35
00000E48
00000ED6
00000EE4
00000F8E
00001030
000010F3
0000111E
00001139
0000115B
00001166
00001209
0000126C
0000133B
00001370
000013B7
000013C2
000013C7
000013F1
00001413
0000149C
000014E0
0000152C
0000155A
0000156A
0000158F
000015A0
0000168E
000016E9
0000174A
000017B6
0000181D
00001841
0000185D
0000001D
00000021
00000027
0000006D
000001E8
00000225
00000262
000002D2
00000395
0000048E
000004AD
00000514
00000529
00000559
000005A4
000005C0
00000733
000007F9
000008D5
000008DF
000008E0
00000922
00000940
000009BE
000009DE
00000AA7
00000B68
00000B78
00000EE6
00000F0A
00001097
00001173
000011CF
0000135F
00001442
0000150A
00001549
0000157B
0000159B
00001649
000017BC
00000059
00000061
0000007E
0000008B
0000019C
000001D7
000004C1
000004F9
000006A2
000006C3
00000914
00000B08
00000B67
00000CFD
00000E3D
00000E50
00000E6E
00000ED9
000010D0
0000111C
0000113F
00001157
000011F6
00001258
0000125F
00001301
00001322
00001436
000014A4
000014E8
00001557
00001558
00001567
0000157D
00001583
00001639
00001646
000016D1
00001718
00000018
00000024
00000042
00000049
0000004E
0000005A
00000064
0000006C
000000A3
000000AB
000000C7
000000CD
000000E6
0000011E
0000012C
0000016E
00000187
0000026D
0000037F
00000495
000004BA
000004D2
00000525
00000702
00000850
00000896
00000A38
00000A92
00000AB4
00000C0D
00000D3C
00000DAD
00000DEA
00000EC0
00001096
000010F5
00001116
00001117
00001118
000011D4
000012A0
0000130D
00001362
0000137C
000013CD
0000141C
00001448
000014F6
00001518
0000151B
00001521
0000152E
00001537
0000155E
00001596
000015C3
00001621
00001635
00001661
0000166A
00001675
00001689
000016A5
000016C0
000016EB
000016F7
000017B6
000017E2
000017E9
000017EF
000017F9
0000180A
0000180E
0000183F
0000185A
0000001D
00000058
0000008A
0000008C
000000A5
000000C4
000000CB
00000109
00000160
00000186
00000199
000001E5
000001E8
000002A2
00000300
0000032B
000003B7
00000436
00000446
000004B4
000004DD
000004FA
00000541
00000597
000005E3
0000063C
00000696
00000703
00000883
000009FB
00000C4B
00000CA7
00000CED
00000D40
00000EBE
000010B6
000010B9
000010C9
000011BA
00001238
00001292
000012BD
000012D3
00001373
000014F1
00001515
00001549
0000156A
00001574
00001586
000015A1
000015A8
000015BE
000015C2
00001601
00001605
00001627
00001645
00001663
0000168F
0000169F
000016AB
000016AF
000016DF
000017B8
000017D1
00001841
0000184B
00000059
0000016F
00000174
000001AF
000001E3
00000257
0000032A
000003C7
000003F5
00000484
00000965
00000E48
0000109B
0000110C
00001210
00001230
0000138E
0000150A
0000157C
00001670
00001677
00001745
000017D6
000017E5
00000043
0000005E
00000163
00000235
0000023B
0000030E
0000030F
000003A9
000003C2
000003E5
00000700
000010B0
000010C6
000012C8
000015D5
00001634
0000001D
00000208
0000021C
0000029A
00000373
0000061E
000007A3
0000081D
00000F5E
000010B3
0000125E
000013E7
0000154F
00000018
00000059
0000018E
0000031F
00000431
00000899
000009FB
00001517
00001573
000000C4
00000B13
00000C33
00000CFA
00000DC6
00000DFB
00000E5B
00000F15
00000F17
00000F1D
00000F63
00000F7D
00000FB5
00000FB7
00000FC2
00000FDA
00000FE1
00000FE8
00000FFD
00001000
0000100A
0000100B
0000100D
00001015
00001020
0000102B
00001044
00001047
0000104F
00001051
00001055
00001068
0000106C
00001071
00001075
00001079
0000107C
00001080
00001085
00001087
00001089
0000108A
0000108B
0000108E
00001094
00001095
000010E6
000011AA
00001221
00001266
0000128A
000012EC
000013BB
0000145F
00001467
0000146E
00001482
00001483
00001485
000014C1
000014CF
00001842
00001845
00001847
0000184E
00001851
00001852
00001857
0000185B
00001860
0000186C
0000186D
00001870
00001871
00001872
00001877
00001878
0000187B
0000187C
0000187F
00001881
00001882
00001883
00000036
0000006D
0000006F
000000A9
000000B8
000000DE
00000105
00000138
0000013D
0000013F
00000152
0000017E
0000019F
000001BA
000001C4
000001C5
000001FA
0000020A
00000231
00000237
0000024F
00000271
00000290
00000298
000002CC
000002D5
000002F5
000002FD
0000030D
00000389
0000042E
0000048D
000004B5
000004BD
000004E8
00000526
000005A9
000005D8
00000651
0000065C
0000069A
000006BD
000006BE
0000071A
00000749
0000079A
000007D6
00000805
00000813
00000817
00000849
00000872
000008AE
000008CB
0000091A
0000093F
00000952
000009F3
00000A45
00000A83
00000AF5
00000B14
00000B2B
00000B2C
00000B30
00000B55
00000BB0
00000BE5
00000BFA
00000DF1
00000E68
00000E91
00000EE2
00000F12
00000F21
00000F2B
00000FA7
00000FCA
00000FD4
00001049
00001056
0000105D
00001069
00001097
000010B8
000010D2
000010D5
000010DB
0000110B
00001119
0000119F
000011A6
000011C6
00001239
0000123A
00001288
000012CA
000012EB
000012F4
000012F5
00001338
00001339
0000135F
000013DA
000013EC
00001410
0000142D
00001453
000014A2
000014AE
00000003
00000004
00000007
0000001D
0000004D
00000057
0000005A
0000009B
000000A1
000000CC
000000DA
00000119
00000196
000001CC
000001E6
0000023C
00000299
000002DB
00000331
0000033E
00000354
0000037E
000003CC
000003EC
00000491
00000536
00000537
00000559
0000056C
00000573
00000575
000005A6
000005AE
000005EE
000005F2
00000652
00000680
000006B1
00000714
00000753
0000075D
00000779
0000078C
000007E5
000007F8
00000818
00000877
000008BE
000008D6
000008E4
00000923
0000094B
00000975
00000990
00000A02
00000A06
00000A0C
00000A12
00000A2F
00000A97
00000B6D
00000B8D
00000BC7
00000C31
00000C50
00000C7A
00000C95
00000CB7
00000CC7
00000CC9
00000CDB
00000CE1
00000CEF
00000CF3
00000D00
00000D54
00000D5E
00000DF8
00000E2E
00000E39
00000F37
00000F4F
00000F8B
00000FB6
00000FF4
000010A9
000010F1
0000110C
0000111E
00001125
00001128
0000112E
00001138
000011AB
000011DC
000011EA
000011ED
000011F7
00001217
000012F6
00001350
00001364
000013C3
00001426
00001427
00001454
00001455
000014AD
000014C0
000014E8
000014EE
00001513
00001557
00001558
0000156F
00001581
000015A1
000015D0
00001639
00001661
0000168A
0000168F
000017BB
000017D7
00001843
00000018
0000003B
0000003E
00000073
00000075
0000009C
000000BB
000000CB
0000014A
00000161
00000165
0000016E
000001B1
000001CB
000001D6
00000249
0000024A
000002CA
0000038E
00000395
000003C6
00000442
00000467
00000476
000004C3
0000054E
00000605
00000607
00000625
00000646
00000650
000006B8
000006F9
000006FF
0000074D
00000767
0000076C
000007B1
000007C9
000007EB
000007ED
0000084D
0000087D
00000898
00000956
00000961
000009BE
00000A64
00000B15
00000B44
00000BD7
00000CF5
00000D0E
00000D16
00000D47
00000D90
00000DEA
00000E2C
00000ED6
00000EE4
00000EE6
00000EF2
00001030
00001078
000010F3
00001139
0000115B
00001166
00001173
000011F3
00001209
00001218
00001223
0000126B
0000126C
00001270
00001328
0000133B
00001371
00001389
000013B7
000013C1
000013C2
000013C6
000013C7
00001413
0000148C
0000149C
000014A7
000014E0
0000152C
0000155A
0000157B
0000158F
000015A0
000015A4
0000168E
000016B5
000016C5
0000171F
000017B6
000017C1
0000181D
00001841
0000185D
00000021
00000027
00000049
00000059
0000005E
00000061
00000065
0000006D
00000088
0000008B
000000A7
000000AA
000000BA
000000C4
000000C7
000000CD
000000FC
00000104
0000010F
0000015D
0000016A
00000178
000001AA
000001AC
000001B2
000001E8
000001FD
00000225
0000023D
00000262
0000029A
000002A1
000002D2
000002F7
00000300
00000319
0000031F
0000039B
000003A4
0000041C
0000044B
00000484
000004F9
00000507
0000050A
00000514
00000529
00000548
000005A4
000005C0
000005E2
00000603
00000604
00000632
00000640
00000692
000006A2
000006A3
000006C3
000006DD
000006E0
000006FC
00000726
0000072C
00000738
0000074A
0000074F
00000765
00000781
000007A3
000007F9
00000839
00000869
0000086D
00000891
000008AC
000008D2
000008D5
000008E0
000008F2
000008F9
00000914
00000922
00000925
00000964
0000097B
00000988
000009DE
000009E8
00000A2B
00000A34
00000AA7
00000ACD
00000AD5
00000B78
00000B93
00000BB9
00000BBB
00000C13
00000C26
00000C73
00000C91
00000D3C
00000DCB
00000DD8
00000E50
00000E93
00000EB9
00000EBB
00000ECC
00000ED0
00000ED3
00001010
00001077
00001097
000010AB
000010BE
000010F0
0000114D
00001151
000011CF
000011D4
00001258
00001260
000012DF
000012E4
000012FB
00001322
00001337
0000135B
0000135F
00001380
000013BC
000013C5
000013DE
00001403
00001436
00001442
0000144D
0000145C
00001474
0000148E
00001495
000014DB
000014F8
00001534
000015B3
000015C2
000015E1
000015E5
0000160C
0000160F
00001612
0000184B
0000000A
0000001D
00000024
00000032
00000047
0000004E
00000064
0000006C
0000007E
0000008A
0000008C
0000011A
0000014B
0000014E
00000160
000001DB
000001E5
00000213
00000244
00000394
000003B5
000003D0
00000405
00000431
0000047C
000004BA
00000568
0000056B
0000058D
000005FF
00000719
0000072D
00000737
0000074E
000007F1
0000080E
00000825
00000831
0000090A
00000937
000009C8
000009F9
00000A46
00000A4B
00000A5E
00000A9A
00000AB4
00000AC9
00000AE1
00000B0A
00000B1C
00000B35
00000B83
00000B87
00000BC5
00000C4B
00000CB0
00000DA6
00000DF2
00000E6E
00000E73
00000EA0
00000ED9
00000EEE
00000F0A
00000F41
00000F48
00000F5C
00000F7A
00000FC3
00000FC5
00001086
00001096
000010D0
000010DE
000010F4
00001117
00001118
0000114F
00001178
000011D2
000011D9
000011DD
000011F0
00001225
00001238
0000125F
00001268
0000129A
000012C7
000012E8
0000133D
0000136C
0000137C
000013C4
000013CD
00001469
000014A4
000014E8
0000151B
00001557
00001558
00001567
00001589
000015A8
000015D3
00001639
0000168F
000016D1
000017E1
000017E4
00001800
00000011
00000015
00000018
00000019
0000001E
00000029
00000038
00000045
00000058
0000005A
000000E6
0000011D
0000012C
0000015E
0000017B
0000019C
000001D0
000001D7
000001FF
00000249
000002A2
000002BC
00000304
00000321
00000391
000003DC
00000417
000004AF
0000052E
000005E3
00000644
00000940
00000998
00000A1F
00000A38
00000A72
00000A92
00000AF0
00000B67
00000C59
00000C5B
00000C93
00000D40
00000DAD
00000DEA
00000E1B
00000E31
00000EBE
00000EC9
00000F5B
00000FD0
000010D7
000010D8
000010D9
00001157
000011F3
00001248
000012D3
00001301
00001353
000013C6
000014F1
000014F6
00001518
00001521
0000152E
00001532
00001537
00001549
00001576
00001596
000015A3
000015B0
000015D9
000015F0
00001635
0000164E
00001689
0000169F
000016AC
000017C2
000017EF
00001807
0000184C
0000185A
00000042
00000048
00000080
00000081
00000099
000000C4
0000011E
000001AE
000001DE
0000022D
00000257
000002B2
000002F1
00000300
000004B4
000004FA
00000541
000006E4
00000715
0000073A
00000760
00000850
000008A3
000009FB
00000B7A
00000C07
00000C72
00000CBC
00001009
0000101C
00001024
00001029
0000103B
0000103E
00001072
000010CD
0000110C
000011BA
00001230
000012A9
00001362
000014FF
0000152A
0000152B
00001539
00001592
00001593
000015B7
000015BE
000015C2
00001603
00001611
00001620
00001626
00001627
00001629
0000163C
00001643
00001646
0000164D
00001650
00001655
0000165C
00001664
0000166A
0000166C
00001676
00001685
00001688
00001718
000017C5
000017E2
000017FF
0000180A
0000180E
00001815
00001841
0000184B
00000059
0000006C
0000008C
000000A5
000000C8
00000102
00000158
00000163
00000199
000001F0
0000027F
00000281
0000030E
00000484
000004A6
00000604
00000FCB
00001008
0000102A
0000131A
00001507
0000150E
00001541
00001554
00001586
00001680
000016BE
000016EF
000016F3
00001739
0000174B
00001753
00001763
00001775
0000182E
00001866
00000117
00000902
00000D7C
00000E05
00000EBF
00001305
0000152C
00001588
0000159F
00001634
00001670
00001677
00001687
000017C0
00001814
0000000E
00000023
0000004B
00000079
000000E6
00000234
0000033E
000006D9
00000D43
00001470
00001509
00000178
00000187
000001E3
00000232
000004BA
00000525
00000EA0
00001096
00001230
00000297
000002A2
000002EC
0000037F
00000A38
00000BC0
00000BF6
00000D5B
000014F1
00001562
00001596
0000001D
00000024
00000059
0000005A
00001082
000017B6
00000B13
00000C33
00000CFA
00000DC6
00000DFB
00000E5B
00000E68
00000F12
00000F15
00000F17
00000F1D
00000F63
00000FA7
00000FB5
00000FC2
00000FCA
00000FD4
00000FE1
00000FE8
00000FFD
00001000
0000100A
0000100B
0000100D
00001015
00001020
0000102B
00001044
00001047
00001051
00001056
00001068
00001069
0000106C
00001071
00001075
00001079
0000107C
00001080
00001085
00001087
00001089
0000108A
0000108B
0000108E
00001094
00001095
000010E6
000011AA
00001221
00001266
0000128A
000012CA
000012EB
000012EC
000013BB
00001467
0000146E
00001482
00001483
00001485
000014CF
00001842
00001845
00001847
0000184E
00001851
00001852
00001857
0000185B
00001860
0000186C
0000186D
00001871
00001872
00001877
00001878
0000187B
0000187C
0000187F
00001881
00001882
00001883
00000018
00000036
0000006D
0000006F
000000A9
000000B8
000000DE
00000105
00000138
0000013D
0000013F
00000152
0000017E
0000019F
000001BA
000001C4
000001C5
000001FA
0000020A
00000231
00000237
0000024F
00000271
00000290
00000298
000002CC
000002D5
000002F5
000002FD
0000030D
00000389
000003D5
0000042E
0000048D
000004B5
000004BD
000004E8
00000526
000005A9
000005D8
00000651
0000065C
0000069A
000006BE
0000071A
00000749
000007D6
00000805
00000813
00000817
00000849
00000872
000008AE
000008CB
0000091A
00000952
000009F3
00000AF5
00000B14
00000B2B
00000B2C
00000B30
00000B55
00000BE5
00000BFA
00000D5E
00000DE0
00000EE2
00000F2B
00000F7D
00000FB7
00000FDA
00001049
0000104F
00001055
0000105D
00001097
000010A9
000010B8
000010D2
000010D5
000010DB
0000110B
00001119
0000119F
000011C6
00001239
0000123A
00001288
000012F4
000012F5
00001338
00001339
0000135F
000013DA
0000142D
00001453
0000145F
000014A2
000014AA
000014AE
000014C1
00001870
00000003
00000004
00000007
0000001D
0000003E
0000004D
00000057
00000065
00000073
0000009B
000000AC
000000C4
000000DA
00000119
0000016E
0000017D
00000196
000001CC
000001E6
0000023C
00000299
0000033E
00000354
0000037E
000003CC
000003E2
000003EC
00000537
00000575
0000058A
000005AE
000005D3
000005EE
000005F2
00000680
000006B1
000006BD
00000714
00000753
0000075D
00000779
0000078C
0000079A
000007F8
00000818
00000877
000008BE
000008C5
000008D6
000008E4
00000923
00000975
00000990
00000A02
00000A06
00000A0C
00000A12
00000A2F
00000B6D
00000B8D
00000C31
00000C50
00000C7A
00000C95
00000CB7
00000CC7
00000CE1
00000CF3
00000D00
00000D3B
00000DF8
00000E25
00000E39
00000F37
00000FB6
0000110C
0000111E
00001125
00001128
0000112E
00001138
000011AB
000011DC
000011EA
000011ED
00001217
000012F6
00001364
000013C1
000013C3
00001410
00001427
00001454
00001455
0000148C
000014AD
000014E8
000014EE
00001513
00001557
00001558
0000156F
00001581
000015A1
000015D0
00001639
00001661
0000168A
0000168F
0000177E
000017BB
000017D7
0000181C
00001841
00001843
00000027
00000043
0000004E
0000005A
00000075
0000009C
000000BA
0000015F
000001CB
000001D6
000001F5
000002CA
000002DB
0000035F
00000395
0000039B
000003F4
00000467
00000484
00000559
000005E3
00000605
000006B8
000006FF
0000074D
00000767
000007B1
000007C9
0000087D
00000956
000009BE
000009C7
00000B15
00000B44
00000BD7
00000C99
00000CF5
00000D16
00000DAD
00000DEA
00000E5E
00000EE6
00001030
000010FB
00001139
0000114D
0000115B
00001166
00001173
000011A6
00001200
00001209
00001218
000012D3
00001371
00001382
000013C2
000013C7
00001403
00001413
0000149C
000014E0
0000151B
00001520
0000152C
0000156A
0000157B
00001589
000015A0
000015D3
000015E5
000015E8
0000168E
00001692
000016CE
00001730
000017B6
000017BC
000017C1
0000185D
00000018
00000021
0000004A
00000059
0000005E
00000061
0000006D
0000008C
00000099
000000A3
000000AA
000000BB
00000129
00000199
000001AC
000001E8
00000213
00000225
00000249
00000262
0000029A
000002D2
000002F7
00000300
00000405
000004A1
000004B4
000004F9
000004FA
00000514
00000529
000005A4
000005C0
00000603
00000640
000006A2
000006F9
000006FB
00000724
0000074A
00000922
000009DE
00000AA7
00000AD5
00000B78
00000BBB
00000C73
00000CC3
00000D3C
00000E70
00000F0A
00001097
000010F3
000011BA
000011CF
00001215
00001258
0000125F
00001322
0000135F
00001380
00001383
000013B7
00001436
00001442
00001534
00001549
0000159B
000015B3
000015BE
000015C2
000015DC
000015E1
00001649
0000169F
0000184B
0000185A
0000001D
00000024
00000044
00000049
0000006C
0000007E
0000008B
000000A5
000000C4
000000EB
00000118
0000014B
00000176
00000178
000001E5
000001F0
00000203
00000228
0000023D
00000257
000003B5
0000041C
000004BA
000004C1
00000536
00000548
0000056B
000006C3
000006DD
0000072D
000007F9
00000825
00000831
00000914
00000940
000009FB
00000B08
00000B7A
00000E3D
00000E50
00000E67
00000ED6
00001096
0000110C
00001117
00001118
0000116C
0000117B
000011D4
000011F6
00001223
00001292
0000129A
000012F7
0000130D
0000133D
0000137C
000013AF
000014E8
000014F1
00001532
00001557
00001558
000015A3
00001601
00001605
00001612
00001627
00001639
00001686
0000168F
00001696
000016AC
000016D1
000017E1
00000019
0000001E
00000043
00000058
00000064
00000081
000000C7
000000D9
000000E6
0000011E
0000012C
00000163
00000167
0000019A
0000019C
000001D0
000001D7
000001DE
00000217
000002A2
00000361
0000037F
0000038F
000003C2
00000431
000004EF
00000527
0000052E
00000541
0000058D
0000058E
00000614
00000719
0000074F
0000078A
0000078E
000007EB
00000850
00000852
000008BF
00000965
00000998
000009C8
000009CE
00000A38
00000A92
00000AB4
00000B12
00000B67
00000C0D
00000C26
00000C4B
00000C93
00000CFD
00000D40
00000D5B
00000DAD
00000DEA
00000E6E
00000E82
00000EA0
00000EC0
00000ED9
00001082
000010D0
000010F5
00001116
0000114F
00001157
000011F3
000012E4
00001301
00001302
00001353
00001362
00001382
0000138E
000013C6
000013DD
00001448
00001469
000014A4
00001518
00001521
00001567
00001596
000015B0
00001646
0000166A
00001689
00001718
000017A8
000017E2
000017EF
0000180A
0000180E
00000018
00000045
00000047
00000048
0000004E
00000059
0000005A
0000008A
0000008C
00000094
000000C8
00000102
00000117
00000120
0000013B
0000016C
00000185
000001AE
000001E8
00000224
0000022D
0000027F
00000281
00000287
0000028E
000002DA
000002F1
00000300
000003B7
000003BB
000003DC
00000446
0000046D
000004B4
000004FA
00000632
000006E4
000006F1
0000074E
000008D0
00000A72
00000A7E
00000BB9
00000C72
00000D47
00000E05
00001009
0000101C
00001024
00001029
0000103B
0000103E
00001072
000010C5
00001230
00001238
0000131A
0000135B
000013CD
00001470
0000151B
00001520
0000152A
0000152B
00001539
00001586
00001592
00001593
000015B7
000015BE
000015C2
00001603
00001611
00001620
00001626
00001629
00001634
0000163C
00001643
0000164D
00001650
00001655
0000165C
00001664
0000166C
00001676
00001685
00001688
0000169F
000017B3
000017B6
000017C5
000017FF
00001815
00001841
0000184B
0000000E
0000001D
00000023
00000024
0000004B
0000006C
00000079
00000099
000000B2
000000C4
0000014B
0000014E
00000158
00000161
000001A4
00000234
000002D2
0000032D
00000410
0000042A
0000056F
00000604
000006D9
000006EE
00000760
0000076D
00000902
00000D7C
00000E48
00000EBF
00000FCB
00001008
0000102A
00001078
0000110C
000011BA
0000127B
00001298
00001305
0000132A
00001437
00001507
00001509
0000150E
00001541
00001554
00001562
00001588
000015C4
000015D1
00001663
000016BE
000016EF
000016F3
00001739
0000174B
00001753
00001763
00001775
0000182E
00001866
0000016F
00000178
000001E3
0000033E
00000375
000003DF
00000525
00000567
00000708
00000D43
00000E83
00000EA0
0000152C
0000159F
00001670
00001677
00001687
000016AE
000017C0
0000001E
000000FE
000002C1
000010C3
0000116C
00001215
0000129A
00001441
00000049
00000063
000000CD
000000D5
000001DB
00000235
00000495
00000605
0000079D
00000853
00000C70
00000CED
000010B0
00001216
00001229
00001232
000012E4
000013E4
000003A5
00000484
000004F7
0000054E
00000597
00000F5E
00001472
00001515
0000159F
000015A8
0000160C
00001639
00000009
0000002A
00000058
000000FE
0000023B
000002F4
000003A9
0000129A
000000D5
000001DB
00000235
000009D6
000010B0
000013E4
000002F7
00000B13
00000BFC
00000C33
00000CFA
00000DC6
00000DFB
00000E5B
00000F15
00000F17
00000F1D
00000F63
00000F7D
00000FA7
00000FB5
00000FB7
00000FC2
00000FDA
00000FE1
00000FE8
00000FFD
00001000
0000100A
0000100B
0000100D
00001015
00001020
0000102B
00001044
00001047
0000104F
00001051
00001055
00001068
0000106C
00001071
00001075
00001079
0000107C
00001080
00001085
00001087
00001089
0000108A
0000108B
0000108E
00001094
00001095
000010E6
000011AA
00001221
00001266
0000128A
000012EC
000013BB
0000145F
00001467
0000146E
00001483
00001485
000014C1
000014CF
00001842
00001845
00001847
0000184E
00001851
00001852
00001857
0000185B
00001860
0000186C
0000186D
00001870
00001871
00001872
00001877
00001878
0000187B
0000187C
0000187F
00001881
00001882
00001883
00000036
0000006D
0000006F
000000A9
000000B8
000000DE
00000105
00000138
0000013D
0000013F
00000152
0000017E
0000019F
000001BA
000001C4
000001C5
000001FA
0000020A
00000231
00000237
0000024F
00000271
00000290
00000298
000002CC
000002D5
000002F5
000002FD
0000030D
00000389
000003D5
0000042E
0000048D
000004B5
000004BD
000004E8
00000526
00000548
000005A6
000005A9
000005D8
00000651
0000065C
0000069A
000006BE
0000071A
00000749
000007D6
000007E5
00000805
00000813
00000817
00000849
00000872
000008AE
000008CB
0000091A
00000952
000009F3
00000A45
00000A83
00000AF5
00000B14
00000B2B
00000B2C
00000B30
00000B55
00000BB0
00000BE5
00000BFA
00000DF1
00000E68
00000EE2
00000F12
00000F2B
00000FCA
00000FD4
00001049
00001056
0000105D
00001069
00001097
000010B8
000010D2
000010D5
000010DB
0000110B
00001119
0000119F
000011A6
000011C6
00001239
0000123A
00001288
000012CA
000012EB
000012F4
000012F5
00001338
00001339
0000135F
000013DA
000013EC
0000142D
00001453
00001482
000014A2
000014AE
00000003
00000007
0000001D
0000004D
00000057
0000009B
000000CB
00000119
00000126
0000016E
0000017D
00000196
000001AA
000001CC
000001E6
0000023C
00000299
00000331
0000033E
00000354
0000037E
000003CC
000003EC
00000437
00000537
00000559
0000056C
00000573
00000575
000005AE
000005EE
000005F2
00000652
00000680
000006B1
000006BD
00000714
00000753
0000075D
00000779
0000078C
0000079A
000007B6
000007F8
00000818
00000877
00000898
000008BE
000008D5
000008D6
000008E4
00000923
0000094B
00000961
00000975
00000990
000009A2
00000A02
00000A06
00000A0C
00000A12
00000A2F
00000A97
00000B6D
00000B8D
00000C12
00000C31
00000C50
00000C7A
00000C95
00000CB7
00000CC7
00000CC9
00000CE1
00000CEF
00000CF3
00000D00
00000D0E
00000D3B
00000D54
00000D5E
00000DF8
00000E2E
00000E39
00000F37
00000F8B
00000FB6
00000FF4
000010A9
000010F1
0000110C
0000111E
00001125
00001128
0000112E
00001138
000011AB
000011DC
000011EA
000011ED
000011F7
00001217
000012F6
00001364
000013C1
000013C3
00001410
00001426
00001427
00001433
00001454
00001455
000014AD
000014C0
000014E8
000014EE
00001513
00001557
00001558
0000156F
00001581
000015A1
000015B9
000015D0
00001638
00001639
00001661
0000168A
0000168F
00001715
000017BB
000017D7
00001843
00000018
0000003B
0000003E
0000003F
00000075
0000014A
00000165
000001B1
000001CB
000001D6
00000249
0000024A
00000257
000002CA
0000039F
000003C6
000003E2
000003F4
00000442
00000467
0000054E
000005ED
00000605
00000646
000006B8
000006F9
0000074D
00000765
00000767
000007B1
000007C9
0000087D
00000956
000009BE
000009C7
00000A64
00000B44
00000B67
00000BB7
00000CA3
00000CDB
00000D16
00000D90
00000E2C
00000ED6
00000EE4
00000EE6
00000F41
00000F8E
00001030
00001082
000010F3
000010FB
00001139
0000115B
00001166
00001173
00001209
00001223
0000129F
0000133B
00001371
00001382
00001389
000013B7
000013C2
000013C7
00001413
0000148C
0000149C
000014E0
0000152C
00001549
0000155A
0000157B
0000158A
0000158F
000015A0
000015A4
0000166E
0000168E
000016C5
0000174A
0000181D
00001841
0000185D
00000021
00000027
00000043
0000004E
0000005A
00000061
0000006C
00000088
0000008B
00000099
000000A7
000000BA
000000C4
000000CD
000000FC
0000010F
00000163
0000016A
0000017F
000001AC
000001E8
000001EA
000001FD
00000225
00000262
000002A1
000002D2
0000030E
00000319
0000039B
000003A4
000003E9
0000041C
000004A6
000004F9
0000056B
000005A4
000005C0
000005D4
000005E2
00000604
00000692
000006A2
000006FC
000006FF
00000726
00000738
0000074A
00000839
00000869
0000086D
00000891
000008BC
000008D2
000008D9
000008E0
000008F2
000008F9
00000914
00000922
00000964
000009DE
000009E8
000009E9
00000A2B
00000A9B
00000AA7
00000AB3
00000AD5
00000B07
00000B15
00000B78
00000B93
00000C13
00000C73
00000D3C
00000DD8
00000E29
00001097
000011CF
000011D9
00001208
00001218
00001258
0000125F
00001260
000012E4
0000135F
0000138F
000013BC
000013C5
00001403
00001436
0000148E
00001509
00001537
000015E1
000015E5
00001658
00000009
0000001D
00000024
0000002A
00000049
00000059
00000064
0000006B
0000006D
0000007E
0000008A
0000009C
000000BB
000000EB
0000014B
0000014E
0000015F
00000160
00000178
00000187
000001DB
000001E5
00000244
000002B2
000003B5
000003D0
000003DC
00000431
00000454
00000514
0000052F
0000058D
00000603
00000664
0000068F
000006C3
000006E0
0000070B
0000072C
00000737
0000074E
00000781
0000080E
00000831
000008AC
00000940
0000097B
00000983
000009CE
000009D6
000009DB
000009F9
00000A3E
00000AAD
00000AC9
00000BB8
00000CBC
00000E1B
00000E50
00000E5E
00000EBB
00000ECC
00000EEE
00000F5C
00000F7A
00000FC3
00001096
00001114
0000114F
0000116C
00001215
0000126A
0000129A
000012B3
000012E6
00001309
0000132A
0000137C
00001394
000013DE
00001464
000014E5
00001567
00001601
0000160A
00001649
00001686
000016B2
000016EA
000017B4
000017E4
000017FB
00001800
00000019
0000001E
0000005E
0000008C
000000D9
000000E6
00000104
0000011E
0000012C
0000015E
0000017B
0000019C
000001A4
000001BD
000001D0
000001D7
000002A2
000002F7
00000475
00000491
0000052E
00000536
0000058E
00000670
00000715
000007A3
00000A38
00000A72
00000A82
00000AB4
00000AE9
00000AF0
00000C4B
00000D40
00000D53
00000DA6
00000DAD
00000DEA
00000E6E
00000E93
00000FC5
00000FCC
00001013
00001025
00001086
000010D0
00001124
00001151
000011DD
000011E1
0000126B
00001301
00001353
00001362
0000136C
000013CD
0000144D
00001469
000014A7
000014E8
000014F1
000014F6
00001518
00001557
00001558
00001596
000015A8
000015B3
000015D0
000015D9
0000160C
00001635
00001639
00001646
0000164E
0000166A
00001689
0000168F
000016D1
00001718
000017E2
000017F9
0000180A
0000180E
0000183F
0000184C
0000185A
00000047
0000004E
000000CB
000000FC
0000015D
00000191
000001F0
0000022D
000002BC
00000300
00000315
00000361
0000038E
00000391
0000047C
00000484
000004B4
000004C3
000004FA
00000507
00000541
0000054C
00000568
00000575
00000619
00000640
00000741
0000076C
0000078C
000007EB
000007ED
000007F1
0000083E
0000084D
00000850
000008EA
00000925
000009C8
000009FB
00000A34
00000A4A
00000A92
00000A9A
00000B1C
00000B67
00000B87
00000B9B
00000C00
00000D3C
00000D47
00000EB9
00001009
0000101C
00001024
0000103B
0000103E
00001072
000010F0
000011BA
0000120E
000012FB
000013C6
000013E4
0000151B
00001520
00001521
0000152A
0000152B
00001576
00001586
00001592
00001593
000015B0
000015B7
000015BE
000015C2
00001603
00001605
0000160F
00001611
00001620
00001626
00001627
00001629
0000163C
00001643
0000164D
00001650
00001655
0000165C
00001664
0000166C
00001676
00001685
00001688
0000169F
000017B6
000017C5
000017EF
000017FF
00001815
00001841
0000184B
00000059
0000006C
0000008A
00000257
00000287
0000050A
00000632
0000074F
00000852
0000090A
00000965
00000A46
00000A4B
00000BB9
00000C07
00000C26
00000C91
00000DCB
00000DF2
00000E31
00000E48
00000ED3
00000EEE
00000F5C
00000F7A
00000FC3
00000FCB
00001008
00001010
00001029
0000102A
00001077
000010BE
000010EB
0000110C
00001178
000011F3
00001243
00001495
000014A4
000014DB
00001507
0000150E
00001541
00001554
00001567
00001582
00001588
000015D1
000016AE
000016BE
000016EF
000016F3
00001739
0000174B
00001753
00001763
00001775
0000178D
000017E4
0000182E
00001866
00000011
00000038
00000043
00000161
00000163
00000181
000001AC
000001FF
0000030E
00000321
000003A9
000003C2
000004A6
0000052E
0000076D
00000940
00000A1F
00000DEB
00000EA8
000010F4
000012C7
00001337
000013CF
00001469
000014FF
0000152C
00001562
0000159F
000015AA
000015AC
000015D6
000015D9
00001612
00001651
00001670
00001677
00001687
00001696
000017C0
000017C2
00001807
0000000A
00000018
00000019
0000001D
00000023
00000042
00000045
00000048
0000007E
00000080
000000B2
000000B9
00000101
00000117
00000127
00000158
0000019C
000001AE
000001B7
000001D7
0000024C
00000334
00000DAD
00000DEA
00000E6E
000010D0
00001301
00001362
000013CD
00001539
00001590
000016CE
0000185A
0000185D
0000004B
00000058
00000081
0000008A
000000C4
000000D9
000000E6
0000011D
0000011E
0000012C
000001DE
00000217
00000224
00000225
00000289
000002AB
00000300
000003A6
000004B4
000004C5
000004EE
000004FA
00000541
0000058E
000006E4
000006FB
0000074E
00000850
000009FB
00000AB4
00000B7A
00000D43
000010C5
00001157
000011BA
00001230
00001261
00001443
00001509
0000151B
00001586
000015B0
000015BE
000015C2
00001605
00001627
00001646
0000166A
00001689
0000169F
000017A2
000017A8
000017E2
00001804
0000180A
0000180E
00001821
0000184B
00000038
00000046
0000004E
00000059
0000006C
0000008C
000000C8
00000102
00000120
0000013B
0000016C
00000189
0000018E
00000246
00000257
0000027F
00000281
000002B2
000002BC
000002D2
00000339
000003DC
0000041C
0000041E
00000431
0000046D
00000484
000004AA
00000965
00000CBC
00001078
000010CD
0000110C
00001223
00001292
0000131A
00001328
00001470
00000018
0000001D
0000001E
00000021
00000023
00000043
0000005A
00000163
000001A4
000001BD
000001E5
0000022D
000002F4
0000030E
00000320
0000042A
000004A6
0000058D
000006EE
00000719
00000902
00000D7C
00000E05
00000EBF
00000F35
0000106F
0000116C
00001215
00001272
00001305
000013F0
00001490
0000153B
00001814
0000000E
00000079
000000B2
000000C4
000000E6
00000234
000002AB
0000033E
000003FE
00000620
000006D9
00000760
00000D43
0000109B
000013B3
000015BF
0000016F
00000232
00000405
000004BA
00000525
00000B13
00000C33
00000CFA
00000DC6
00000DFB
00000E5B
00000E68
00000EA0
00000F12
00000F15
00000F17
00000F1D
00000F63
00000FA7
00000FB5
00000FC2
00000FCA
00000FD4
00000FE1
00000FE8
00000FFD
00001000
0000100A
0000100B
0000100D
00001015
00001020
0000102B
00001044
00001047
00001051
00001056
00001068
00001069
0000106C
00001071
00001075
00001079
0000107C
00001080
00001085
00001087
00001089
0000108A
0000108B
0000108E
00001094
00001095
000010E6
000011AA
00001221
00001230
00001266
0000128A
000012CA
000012EB
000012EC
000013BB
00001467
0000146E
00001483
00001485
000014CF
00001842
00001845
00001847
0000184E
00001851
00001852
00001857
0000185B
00001860
0000186C
0000186D
00001871
00001872
00001877
00001878
0000187B
0000187C
0000187F
00001881
00001882
00001883
00000036
00000064
0000006D
0000006F
000000A9
000000B8
000000DE
00000105
00000138
0000013D
0000013F
00000152
0000017E
0000019F
000001BA
000001C4
000001C5
000001FA
0000020A
00000231
00000237
0000024F
00000271
00000290
00000297
00000298
000002CC
000002D5
000002EC
000002F5
000002FD
0000030D
00000389
000003D5
0000042E
0000048D
000004B5
000004BD
000004E8
00000526
000005A9
000005D8
00000651
0000065C
0000069A
000006BE
0000071A
00000749
000007D6
00000805
00000813
00000817
00000849
00000872
000008AE
000008CB
0000091A
00000940
00000952
000009F3
00000AF5
00000B14
00000B2B
00000B30
00000B55
00000BE5
00000BFA
00000D5E
00000EE2
00000F21
00000F2B
00000F7D
00000FB7
00000FDA
00001049
0000104F
00001055
0000105D
00001097
000010A9
000010B8
000010D2
000010D5
000010DB
0000110B
00001119
0000119F
000011C6
00001239
0000123A
00001288
000012F4
000012F5
00001339
0000135F
000013DA
0000142D
00001453
0000145F
00001482
000014A2
000014AA
000014AE
000014C1
00001870
00000003
00000007
00000019
0000001D
00000048
0000004B
00000057
0000009B
000000AC
00000119
0000015E
00000196
0000019C
000001CC
000001D7
000001E6
0000023C
00000299
000002DB
0000033E
00000354
0000037E
000003CC
000003EC
00000537
00000575
0000058A
000005AE
000005D3
000005EE
000005F2
00000680
000006B1
000006BD
00000714
00000753
0000075D
00000779
0000078C
000007F8
00000818
00000877
000008BE
000008D6
000008E4
00000923
00000975
00000990
00000A02
00000A06
00000A0C
00000A12
00000A2F
00000A38
00000A97
00000B6D
00000B8D
00000C31
00000C50
00000C7A
00000C95
00000CB7
00000CC7
00000CE1
00000CF3
00000D00
00000D3B
00000DAD
00000DEA
00000E25
00000E39
00000E6E
00000EE0
00000F37
00000FB6
000010D0
0000110C
0000111E
00001125
00001128
00001138
000011AB
000011DC
000011EA
000011ED
00001217
000012F6
00001301
00001362
00001364
000013C1
000013C3
00001410
00001427
00001454
00001455
000014A4
000014AD
000014E8
000014EE
00001513
00001557
00001558
0000156F
00001580
00001581
000015A1
000015D0
00001639
0000168A
0000168F
000017BB
000017D7
000017E1
00001843
0000185A
00000018
0000004D
0000004E
0000005A
0000008A
0000008C
00000099
0000009C
0000016E
00000191
000001B2
000001CB
000001D6
00000300
00000334
000003C6
000003E2
00000467
00000484
000004B4
000004FA
00000541
00000585
000005A1
00000607
00000646
000006B8
000006E4
0000074D
00000767
000007B1
000007C9
00000850
00000898
00000956
000009BE
000009C7
000009FB
00000B08
00000B15
00000B44
00000B7A
00000BBD
00000BD7
00000C98
00000C99
00000CF5
00000D16
00000ED6
00001030
00001082
000010F3
00001139
0000115B
00001166
00001173
000011BA
00001200
00001209
00001223
00001350
0000138E
000013C2
000013C7
00001413
0000149C
000014E0
000014F1
000014FB
0000152C
00001549
0000157B
0000158F
000015A0
000015BE
000015C2
00001605
00001627
00001634
00001640
00001646
00001661
0000168D
0000169F
00001718
000017B6
000017BC
000017C1
000017D4
000017E2
0000181D
00001841
0000184B
0000185D
00000021
00000059
0000005E
00000061
0000006C
0000006D
0000007E
000000C4
00000178
000001AC
000001E8
00000225
00000257
00000262
000002D2
000002F7
0000031F
0000048E
000004AD
000004F9
000005A4
000005C0
00000604
000006A2
000006C3
00000792
000007A3
000007F9
00000891
00000922
000009DE
00000AA7
00000AD5
00000B78
00000BBB
00000CC3
00000EE6
00000F0A
00001097
000011CF
00001322
00001328
0000135F
00001383
000013B7
00001436
00001442
0000144D
000014F8
00001534
0000159B
000016CE
00000019
00000027
00000043
00000049
00000064
00000081
0000008B
000000A3
000000D9
000000E6
0000012C
00000163
0000019C
000001D7
0000030E
000003C2
000004A6
000004BA
00000514
0000056B
0000058E
00000605
000006A3
00000914
00000A6F
00000AB4
00000BB2
00000C50
00000DAD
00000DEA
00000E50
00000ED9
00001117
00001118
000011F6
00001201
0000129A
0000130D
00001362
0000137C
00001469
000014E8
00001557
00001558
000015B0
000015C3
00001639
0000166A
00001689
000016D1
000017DF
0000180A
0000180E
0000185A
0000001D
00000045
0000008A
000000A5
000000C8
00000117
0000013B
00000165
0000016C
00000249
0000027F
00000300
000003FE
00000473
000004B4
000004FA
00000541
00000640
000006E4
000006FB
0000074E
00000965
000009FB
00000B67
00000B68
00000C1F
00000C4B
00000D3C
00000D95
00000E05
000011BA
00001230
00001258
000013F5
0000151B
00001586
000015BE
000015C2
000015E1
00001605
00001627
0000169F
0000184B
0000000E
00000018
00000059
00000079
00000154
00000158
000001AE
000001F0
0000022D
00000257
000002F6
000003E9
000003EB
0000041C
00000484
000006D9
00000702
00000902
00000D7C
00000E48
00000EBF
00000FCF
0000110C
00001157
0000127B
00001292
00001305
00001509
00001521
00001549
0000154B
00001567
00001686
000017B4
00001800
00000023
00000043
0000004B
0000004E
00000058
0000006C
0000008C
000000C4
000000CB
00000160
00000163
0000016F
00000178
00000187
000001AF
000001E5
00000224
00000234
0000023B
000002AB
0000030E
0000032E
0000033E
000003A9
000003B7
000003B8
000003C7
000003DF
00000431
000004A6
000004BA
000004CD
000004DD
00000525
0000058D
00000597
0000063C
00000708
00000940
00000D43
00000EA0
00001082
00001096
000012A2
00001333
00001518
00001537
0000153B
000016B2
000016EA
00000019
00000035
0000011E
0000018E
0000019C
000001D7
000001E3
000002A2
000003B0
000003FE
00000446
0000049C
000004D2
0000052E
000005BF
000006EE
00000850
00000A38
00000B1A
00000E6E
000010D0
00001301
000013C1
000013CD
000013E7
000013E8
000014F1
00001596
000015BF
00001761
000017E2
0000183F
0000005A
00000161
0000021F
0000027E
0000039E
000010B3
000010B9
0000116C
0000137C
00000018
0000014B
0000014E
0000028E
0000032D
000003C3
0000056F
00000009
0000001D
000000C4
000002A9
000003A5
0000053B
00000567
00000E83
000014A0
0000001E
0000002A
000000FE
000010C3
0000116C
00001215
00001232
0000129A
00001509
000001DB
00000235
00000F5E
000010B0
000013E4
000000D5
00000B13
00000C33
00000CFA
00000DC6
00000DFB
00000E5B
00000F15
00000F17
00000F1D
00000F63
00000F7D
00000FA7
00000FB5
00000FB7
00000FC2
00000FDA
00000FE1
00000FE8
00000FFD
00001000
0000100A
0000100B
0000100D
00001015
00001020
0000102B
00001044
00001047
0000104F
00001051
00001055
00001068
0000106C
00001071
00001075
00001079
0000107C
00001080
00001085
00001087
00001089
0000108A
0000108B
0000108E
00001094
00001095
000010E6
000011AA
00001221
00001266
0000128A
000012EC
000013BB
0000145F
00001467
0000146E
00001472
00001482
00001483
00001485
000014C1
000014CF
00001842
00001845
00001847
0000184E
00001851
00001852
00001857
0000185B
00001860
0000186C
0000186D
00001870
00001871
00001872
00001877
00001878
0000187B
0000187C
0000187F
00001881
00001882
00001883
00000036
0000006D
0000006F
000000A9
000000B8
000000DE
00000105
00000138
0000013D
0000013F
00000152
0000017E
0000019F
000001BA
000001C4
000001C5
000001FA
0000020A
00000231
00000237
0000023B
0000024F
00000271
00000290
00000298
000002CC
000002D5
000002F5
000002FD
0000030D
00000389
000003D5
0000042E
0000048D
000004B5
000004BD
000004E8
00000526
00000540
00000548
000005A6
000005A9
000005D8
00000651
0000065C
0000069A
000006BE
0000071A
00000749
000007D6
000007E5
00000805
00000813
00000817
00000843
00000849
00000872
000008AE
000008C5
000008CB
0000091A
00000952
000009F3
00000A83
00000AF5
00000B14
00000B2B
00000B2C
00000B30
00000B55
00000BB0
00000BE5
00000BFA
00000DE0
00000DF1
00000E68
00000E91
00000EE2
00000F12
00000F2B
00000FCA
00000FD4
00001049
00001056
0000105D
00001069
00001097
000010B8
000010D2
000010D5
000010DB
0000110B
00001119
0000119F
000011A6
000011C6
0000123A
00001288
000012CA
000012EB
000012F4
000012F5
00001338
00001339
0000135F
000013DA
000013EC
0000142D
00001453
000014A2
000014AE
00000003
00000007
0000001D
0000004D
00000057
0000009B
0000009C
000000A1
000000DA
00000119
00000126
0000016E
00000196
000001CC
000001E6
0000023C
00000299
00000331
0000033E
00000354
0000037E
000003CC
000003EC
00000437
00000491
00000536
00000537
00000559
00000573
00000575
000005AE
000005EE
000005F2
00000652
00000680
000006B1
000006BD
00000714
00000753
0000075D
00000779
0000078C
0000079A
000007F8
00000818
00000840
00000877
00000898
000008BE
000008D5
000008D6
000008E4
00000923
0000093F
0000094B
00000961
00000975
00000990
00000A02
00000A06
00000A0C
00000A12
00000A2F
00000A97
00000B6D
00000B8D
00000C31
00000C49
00000C50
00000C7A
00000C95
00000CB7
00000CC7
00000CC9
00000CE1
00000CF3
00000D00
00000D0E
00000D35
00000D3B
00000D54
00000D5E
00000DEA
00000E2C
00000E2E
00000E39
00000EE6
00000F37
00000F4F
00000F8B
00000FB6
00000FF4
000010A9
000010F1
0000110C
0000111E
00001125
00001128
00001138
000011AB
000011DC
000011EA
000011ED
00001217
00001223
000012F6
00001362
00001364
000013C3
00001410
00001427
00001433
00001454
000014AD
000014C0
000014E8
000014EE
00001513
00001527
00001557
00001558
0000156F
00001581
000015A1
000015B9
000015D0
00001639
00001661
0000168A
0000168F
00001690
0000177E
000017BB
000017D4
000017D7
0000181C
00001841
00001843
00000018
0000003B
0000005A
0000005E
0000007A
0000008A
000000BB
000000CB
0000014A
0000015D
00000165
000001B1
000001CB
000001D6
00000249
0000024A
0000029A
000002F7
00000300
00000318
0000031F
00000395
000003C6
000003E2
000003F4
00000442
00000467
00000476
000004C3
000004FA
00000541
0000054E
000005ED
00000646
000006B8
00000715
0000074D
00000767
0000076C
000007A3
000007B1
000007C9
000007EB
00000837
0000084D
00000956
000009BE
000009C7
000009D0
00000A4D
00000A64
00000B15
00000B44
00000BBB
00000BC7
00000BD7
00000BF1
00000C16
00000C1F
00000CDB
00000CEF
00000D16
00000D90
00000DAD
00000ED6
00000EF2
00000F41
00000F8E
00001030
00001078
000010FB
00001139
0000115B
00001166
00001173
000011F3
00001209
00001244
0000125F
00001270
0000129F
00001328
0000133B
00001371
000013B7
000013C1
000013C2
000013C6
000013C7
000013F1
00001413
00001426
0000144D
0000148C
0000149C
000014E0
0000152C
0000155A
0000157B
00001586
0000158F
000015A0
000015A4
000015BE
000015C2
0000160F
000016C5
000017B6
000017BC
000017C1
0000181D
0000184B
0000185A
0000185D
00000021
00000024
00000027
0000004E
00000059
00000061
0000006D
00000088
0000008B
00000099
000000A7
000000BA
000000C4
000000C7
000000CD
000000FC
0000010F
0000016A
00000178
0000017F
00000191
000001AA
000001AC
000001E8
000001F0
000001FD
00000224
00000225
00000262
000002A1
000002D2
000002F6
00000319
0000039B
000003A4
000003E9
000003EB
00000484
000004B4
000004F9
00000507
000005A4
000005C0
000005CE
000005E2
00000603
00000605
00000632
00000692
000006A2
000006C3
000006FC
000006FD
00000702
0000072C
00000738
00000765
000007ED
000007F9
00000839
00000869
0000086D
000008D2
000008E0
000008F9
00000914
00000922
00000964
0000097B
000009BF
000009D6
000009DE
000009E8
000009FB
00000A2B
00000A5E
00000AA7
00000AD5
00000B07
00000B67
00000B68
00000B78
00000B7A
00000BB9
00000C13
00000C73
00000D47
00000DBE
00000DD8
00000EBB
00000ECC
00000ED0
00000F0A
00001097
000010AB
000010F0
000010F3
000011BA
000011CF
000011D4
00001201
00001230
00001258
00001260
000012DF
000012E4
00001337
0000135B
0000135F
00001370
00001380
000013BC
000013C5
00001403
00001436
00001442
0000145C
00001495
000014DB
000014F1
0000151B
00001521
00001534
00001537
00001549
000015DC
00001605
00001627
00001634
00001649
0000169F
000017D6
000017E5
000017F9
0000002A
00000049
00000064
0000006C
0000007E
0000008C
0000009C
000000EB
00000104
0000014B
0000014E
00000160
0000016F
000001A6
000001DB
00000244
000002A9
000002B2
000003C7
000003D0
000003DC
0000041C
00000436
000004DD
0000056B
00000597
00000604
0000063C
00000726
0000072D
0000074E
0000074F
00000781
00000831
000008AC
000008C0
000009C8
000009F9
00000AB4
00000AC9
00000B08
00000B51
00000C0D
00000C26
00000C91
00000CBC
00000D6F
00000E50
00000E6E
00000EB9
00000ED3
00000ED9
00000EEE
00000FC3
00000FC5
00001077
00001096
000010B6
000010D0
0000110C
0000114F
00001151
0000116C
00001178
000011D9
00001215
0000126B
00001292
0000129A
000012E6
00001301
0000130D
0000132A
0000136C
0000137C
000013CD
00001464
000014A4
000014E8
00001557
00001558
000015A8
000015D5
0000160C
00001639
0000164E
0000168F
000016D1
000017E4
000017EF
00001814
0000000A
00000018
00000019
0000001D
00000058
0000005E
000000E6
0000012C
00000174
0000017B
0000019C
000001AF
000001D7
000001E5
0000022D
0000029A
000002A2
000002BC
000002F7
0000031F
000003A9
000003B0
000003F5
00000431
0000046D
0000047C
0000052E
00000568
0000058B
0000058D
0000058E
000005E3
000006EE
00000719
00000792
000007A3
00000850
00000852
00000965
00000A38
00000A72
00000A92
00000B87
00000BC0
00000C4B
00000CC3
00000D53
00000DAD
00000DC3
00000DEA
00000E73
00000F7A
00000FCC
00001086
0000109B
00001124
00001218
000012FB
00001362
000013E4
0000144D
00001469
000014F6
000014F8
00001518
0000155E
00001596
000015F0
00001635
00001646
00001689
000017E2
0000180E
0000184C
0000185A
00000027
000000C4
000000CD
0000011D
00000224
0000023D
00000287
00000300
0000039E
000003B7
0000044D
000004B4
000004FA
00000541
00000640
000006E4
000006FB
00000760
00000925
000009FB
00000C50
00000D60
000010BE
000010C5
00001157
000011BA
00001353
0000151B
00001576
00001586
000015B0
000015BE
000015C2
00001605
00001627
0000168D
00001691
0000169F
0000180A
0000183F
0000184B
00000010
0000003B
0000004E
00000059
00000161
0000016F
00000191
000001B8
00000257
000002B2
0000032E
00000484
0000057A
000008D0
00000940
00000C1F
00000CBC
00000DF2
00000E48
00001024
0000103B
0000103E
000010CD
0000110C
000014EC
0000152A
0000152B
00001562
0000158B
00001593
000015DC
000015F5
00001603
00001611
00001629
0000163C
00001643
00001650
00001655
0000165C
00001676
000017C5
000017FF
00000011
0000006C
000000D9
0000015E
00000163
0000018E
0000019C
000001D7
00000321
000003C7
000004A6
000007AA
00000E6E
00000FCB
00001008
00001029
0000102A
000010D0
00001292
00001301
00001362
00001419
00001507
0000150E
0000151F
00001521
00001537
0000153B
00001541
00001549
0000154B
00001554
00001588
000015B7
000015B8
000015C4
000015D1
00001618
00001620
00001631
00001663
00001670
00001677
00001687
00001692
000016AB
000016BE
000016EF
000016F3
00001739
0000174B
00001753
00001763
00001775
00001791
000017A8
000017F2
00001815
00001818
0000182E
00001866
00000043
00000058
0000007E
0000008A
0000008C
00000117
000002D2
00000300
000005E3
00000A92
00000B67
00001082
0000120B
0000130D
000013C1
000014F6
0000152C
00001567
0000159F
00001634
000017BB
000017C0
000017E2
000017E3
00001804
00001841
00001859
00000019
00000042
00000080
0000011E
0000012C
0000058E
00000850
00000AB4
00000DAD
000013CD
00001469
000014A4
00001525
0000158F
00001646
00001689
00001718
000017C1
000017DF
0000180E
00001821
0000185A
00000045
000001B7
000003EB
000004B4
000004F6
000004FA
00000541
00000BBB
00000E70
000011BA
00001534
00001586
000015AC
000015BE
000015C2
00001605
0000169F
0000184B
00000059
0000006C
000001AF
000001F0
00000257
0000039E
0000041C
0000044D
00000484
00000965
00000E48
0000110C
00001223
000013E8
00000018
0000001D
00000043
00000163
000001E5
0000030E
000003C2
00000431
000004A6
0000057A
0000058D
00001814
000000C4
0000022D
00000719
00000B13
00000C33
00000CFA
00000DC6
00000DFB
00000E5B
00000E68
00000F12
00000F15
00000F17
00000F1D
00000F2B
00000F63
00000FB5
00000FC2
00000FCA
00000FD4
00000FE1
00000FE8
00000FFD
00001000
0000100A
0000100B
0000100D
00001015
00001020
0000102B
00001044
00001047
00001051
00001056
00001068
0000106C
00001071
00001075
00001079
0000107C
00001080
00001085
00001087
00001089
0000108A
0000108B
0000108E
00001094
00001095
000010E6
000011AA
00001221
0000123A
00001266
0000128A
000012CA
000012EB
000012EC
000013BB
00001467
0000146E
00001483
00001485
000014CF
00001842
00001845
00001847
0000184E
00001851
00001852
00001857
0000185B
00001860
0000186C
0000186D
00001871
00001872
00001877
00001878
0000187B
0000187C
0000187F
00001881
00001882
00001883
00000036
0000006D
0000006F
000000A9
000000B8
000000DE
00000105
00000138
0000013D
0000013F
00000152
0000017E
0000019F
000001BA
000001C4
000001C5
000001FA
0000020A
00000231
00000237
0000024F
00000271
00000290
00000298
000002CC
000002D5
000002F5
000002FD
00000389
0000042E
0000043D
0000048D
000004B5
000004BD
000004E8
00000526
000005A9
000005D8
00000651
0000065C
0000069A
000006BE
0000071A
00000749
000007D6
00000805
00000813
00000817
00000849
00000872
000008AE
000008CB
0000091A
00000952
000009F3
00000AF5
00000B14
00000B2B
00000B2C
00000B30
00000BE5
00000BFA
00000D5E
00000EE2
00000F7D
00000FA7
00000FB7
00000FDA
00001049
0000104F
00001055
0000105D
00001069
00001097
000010A9
000010B8
000010D2
000010D5
000010DB
0000110B
00001119
0000119F
000011C6
00001217
00001288
000012F4
000012F5
00001339
0000135F
000013DA
0000142D
00001453
0000145F
00001482
000014A2
000014AA
000014AE
000014C1
00001870
00000003
00000007
0000001D
00000057
0000009B
000000AC
000000CB
0000016E
00000196
000001CC
000001E6
00000299
000002DB
0000030D
0000033E
0000037E
000003CC
000003EC
00000537
00000575
0000058A
000005A6
000005AE
000005D3
000005EE
000005F2
00000680
000006B1
000006BD
00000714
00000753
00000779
0000078C
0000079A
000007F8
00000818
00000877
000008BE
000008D6
000008E4
00000923
0000094B
00000975
00000990
00000A02
00000A06
00000A12
00000B6D
00000B8D
00000C31
00000C50
00000C95
00000CB7
00000CC7
00000CE1
00000CF3
00000D00
00000D3B
00000DEA
00000E25
00000E39
00000F37
00000FB6
000010F1
0000110C
00001125
0000112E
00001138
000011A6
000011AB
000011DC
000011EA
000011ED
000012F6
00001364
000013C3
00001410
00001427
00001454
000014AD
000014E8
000014EE
00001513
00001557
00001558
0000156F
00001581
000015A1
000015D0
00001638
00001639
00001661
0000168A
0000168F
000017BB
000017D7
000017E1
00001843
00000004
0000003B
0000003E
0000007A
00000099
0000009C
0000014A
00000165
000001B1
000001B2
00000225
0000024A
00000300
00000318
00000331
00000354
00000395
000003E2
00000559
00000646
00000652
000006B7
000006B8
0000074D
0000075D
00000767
000007B1
000007C9
000007E5
00000891
00000898
00000956
000009C7
00000A64
00000B15
00000B1A
00000B44
00000BB7
00000BD7
00000C99
00000CC9
00000CF5
00000D0E
00000D16
00000D54
00000FF4
00001030
000010F3
0000111E
00001139
0000115B
00001166
00001200
00001223
00001230
00001268
00001328
000013C1
000013C2
000013C7
00001413
0000149C
000014E0
000014F1
00001509
0000152C
0000158F
000015A0
000016E9
0000174A
00001790
000017B6
000017C1
000017D4
0000181D
00001841
0000185D
00000018
00000021
00000027
0000005A
0000005E
00000061
0000006D
00000076
000000FC
0000010F
000001AA
000001AC
000001D6
000001E8
00000249
00000250
0000027E
0000029A
000002A1
000002F6
000002F7
00000319
0000031F
00000343
000003A4
000003E9
0000044B
00000497
00000517
000005A4
000005C0
00000604
00000692
000006A2
000006A3
00000715
000007A3
00000839
00000869
0000086D
000008D2
000008F2
000008F5
000008F9
0000091B
0000091F
00000922
00000964
00000993
000009BE
000009CE
000009DE
000009E8
000009E9
00000A0E
00000A2B
00000A3E
00000A9B
00000AA7
00000ACC
00000AD5
00000B78
00000BA6
00000BBB
00000BF1
00000C73
00000DD8
00000E34
00000EE6
00000F64
00001078
000010AA
0000114E
00001173
000011CF
000011D9
00001209
00001238
00001258
000012E4
00001383
0000138F
000013BC
000013C5
000013DB
000013DE
00001403
00001442
0000144D
0000146D
000014F8
00001534
0000157B
000016CE
000017BC
0000184B
00000024
00000035
00000049
00000059
00000064
0000006B
00000081
00000083
00000088
0000008A
00000092
0000009E
000000A3
000000A7
000000BB
000000C4
000000CB
000000EB
00000118
0000014B
0000014E
0000015D
00000160
0000016A
00000178
000001A6
000001C7
000001DB
000001ED
00000244
0000028E
000002B2
00000304
0000032D
000003B4
000003D0
000003DC
0000041E
00000514
0000052F
0000054E
0000056F
000005E2
00000603
00000605
0000065B
0000065F
0000068F
000006C3
000006F6
00000726
00000737
0000074E
00000765
00000781
000007F9
00000806
0000080E
00000825
00000831
000008AC
00000914
000009DB
00000AA6
00000AAD
00000AB7
00000AC9
00000B07
00000BB8
00000C54
00000CB1
00000CBC
00000D6F
00000E1B
00000E50
00000ED6
00000EEE
00000F5C
00000F7A
00000FC3
000010C0
000010F5
00001117
0000114F
0000116C
0000122F
0000125F
00001260
0000129A
0000130D
00001322
0000133D
000013B7
000013F5
00001400
00001436
00001441
00001464
0000148B
0000148E
000014E8
00001557
00001558
0000160F
00001639
0000164E
0000168F
000016D1
000017E4
000017E9
0000001D
0000003B
00000045
0000004E
00000063
000000C8
0000016C
0000016E
00000170
0000017B
000001A4
000001BD
000001E5
000001F0
00000246
0000027F
000002A9
00000375
00000385
000003A5
000003C3
00000410
0000041F
00000454
00000475
00000491
00000495
0000052E
00000536
00000567
00000575
000006AE
000006FB
0000079D
00000853
00000908
000009F9
00000A72
00000A92
00000AE9
00000AEE
00000AF0
00000B08
00000B35
00000B67
00000B83
00000B9B
00000C4B
00000C59
00000C5B
00000C70
00000CED
00000D3C
00000E83
00000ED9
00000EE4
00001013
00001025
00001082
00001086
00001118
0000111C
00001216
00001218
00001229
00001298
000012B8
00001353
00001427
000014A0
000014CD
000014F6
00001549
00001559
0000156A
0000157D
00001583
0000159B
000015A1
000015A8
000015AA
000015D0
000015D9
0000160C
00001635
0000168A
00001696
0000177E
000017EF
000017F9
00001807
0000184C
00000009
0000002A
000000DA
000000FC
000000FE
00000144
00000186
000001D0
00000208
0000021C
00000249
00000257
00000287
0000028C
000002C1
000002DA
00000315
0000032B
00000369
0000038E
0000039F
00000441
00000484
00000486
000004F7
00000507
0000056B
00000597
00000646
00000696
000006AB
00000702
0000072C
00000741
0000076C
0000078C
000007EB
0000084D
00000871
00000883
00000902
0000090A
00000998
000009C8
000009CE
00000A34
00000A82
00000A9A
00000AB3
00000B1C
00000B81
00000D47
00000D7C
00000DD1
00000E05
00000E70
00000EBF
0000101C
00001024
0000103B
0000103E
00001072
000010AB
000010C3
000010D8
00001157
000011E1
000011F3
00001232
00001244
0000126B
00001305
0000138E
000013C6
00001509
0000150A
00001515
00001518
0000151B
00001521
0000152A
0000152B
00001537
0000155E
00001567
00001576
00001582
00001586
00001593
000015A9
000015B1
000015B3
000015C3
000015C7
00001603
00001611
00001612
00001620
00001629
0000163C
0000163F
00001647
00001650
00001655
0000165C
00001661
00001664
00001676
000016C0
000017B4
000017C2
000017C5
000017FF
00001800
0000183F
0000185D
0000000E
00000023
0000003F
00000047
00000049
0000005A
0000006C
00000079
0000008A
0000008C
000000CB
000000D5
000000E6
0000013B
0000015D
00000160
00000163
000001CC
000001DB
000001DE
0000022D
00000234
00000235
0000023B
0000023C
000002BC
000002F4
0000030E
0000032E
00000339
0000033E
00000361
00000376
000003A9
000003C7
00000429
00000431
00000436
000004A6
000004DD
0000050A
000005AD
00000632
0000063C
000006D9
0000074F
0000076D
000007ED
000008D0
00000940
00000965
000009FB
00000AE1
00000B6A
00000BB9
00000C07
00000C26
00000C91
00000D43
00000E31
00000E48
00000EEE
00000F5C
00000F5E
00000F7A
00000FC3
00000FCB
00001008
00001009
00001010
00001029
0000102A
000010B0
000010B6
000010D0
000010EB
0000110C
00001129
0000116C
000011AC
000011DD
00001215
0000125E
00001292
0000129A
00001301
0000135B
00001373
000013BE
000013CF
000013E4
000013F0
000013F2
00001441
0000145C
00001495
000014DB
00001507
0000150E
00001517
0000152C
0000152E
00001539
00001541
00001554
00001568
00001573
0000157B
00001588
0000159F
000015A0
000015B7
000015C2
000015C4
000015D1
000015D5
00001601
0000160A
0000161C
00001622
0000164E
00001685
00001686
00001688
000016BE
000016EA
000016EF
000016F3
00001739
0000174B
00001753
00001763
00001775
000017D6
000017E4
000017E5
000017FB
00001806
00001814
00001815
0000182E
00001866
00000019
00000029
0000002B
0000004E
00000058
00000063
00000064
0000007E
00000102
00000117
00000120
0000012C
00000161
0000016F
0000018E
0000019C
000001AE
000001AF
000001D7
000001E3
00000281
00000297
000002A9
000003E3
000003F5
0000046D
00000495
000004AA
00000525
0000052E
00000548
00000604
00000605
000006EE
0000079D
0000081D
00000853
00000917
0000097B
00000A38
00000A4A
00000AB4
00000BFC
00000C70
00000C93
00000CED
00000E6E
00000EA0
00000ED3
0000109B
000010F4
00001210
00001216
00001229
00001230
00001243
00001285
00001291
000012E4
0000131A
00001337
000013CD
00001470
00001472
00001490
000014A4
000014FF
0000154F
000015D9
000015E1
00001670
00001677
00001687
000016AE
000016DF
000017B8
000017C0
000017E2
0000180A
0000184C
00000010
00000021
000000BD
0000011E
000001F0
000002A4
000002EC
000003EB
0000042A
000004F7
000004F9
00000541
00000597
00000850
00000902
00000A75
00000C72
00000DEA
00000EBF
00001021
0000106F
000012C6
000012FB
00001509
00001515
000015A8
000015B0
000015B1
000015C7
000015F1
00001639
0000163F
00001646
00001689
00001743
000017AC
0000180E
0000185A
00000023
0000006C
0000008C
00000099
0000013B
00000187
00000191
000001CC
00000234
0000023C
000002AB
000002F1
00000300
0000033E
0000039E
000003B0
0000044D
000004FA
00000620
00000D43
00000D7C
000011BA
0000137C
00001504
000015BE
000015C2
000015F4
0000169F
0000184B
00000018
000001CA
00000527
0000057A
000005C8
000000C4
00000B13
00000C33
00000CFA
00000DC6
00000DFB
00000E5B
00000F15
00000F17
00000F1D
00000F63
00000F7D
00000FA7
00000FB5
00000FC2
00000FDA
00000FE1
00000FE8
00000FFD
00001000
0000100A
0000100B
0000100D
00001015
00001020
0000102B
00001044
00001047
0000104F
00001051
00001055
00001068
00001069
0000106C
00001071
00001075
00001079
0000107C
00001080
00001085
00001087
00001089
0000108A
0000108B
0000108E
00001094
00001095
000010E6
000011AA
00001221
00001266
0000128A
000012EC
000013BB
0000145F
00001467
0000146E
00001482
00001483
00001485
000014CF
00001842
00001845
00001847
0000184E
00001851
00001852
00001857
0000185B
00001860
0000186C
0000186D
00001870
00001871
00001872
00001877
00001878
0000187B
0000187C
0000187F
00001881
00001882
00001883
00000036
0000006D
0000006F
000000A9
000000B8
000000DE
00000105
00000138
0000013D
0000013F
00000152
0000017E
0000019F
000001BA
000001C4
000001C5
000001FA
0000020A
00000231
00000237
0000024F
00000290
00000298
000002CC
000002D5
000002F5
000002FD
0000030D
00000389
000003D5
0000042E
0000048D
000004B5
000004BD
000004E8
00000526
00000540
000005A9
000005D8
00000651
0000065C
0000069A
000006BE
0000071A
00000749
000007D6
00000805
00000813
00000817
00000849
00000872
000008AE
000008C5
000008CB
0000091A
00000952
000009F3
00000A83
00000AF5
00000B14
00000B2B
00000B2C
00000B30
00000BB0
00000BE5
00000BFA
00000DF1
00000E68
00000F12
00000F2B
00000FB7
00000FCA
00000FD4
00001049
00001056
0000105D
00001097
000010B8
000010D2
000010D5
000010DB
0000110B
00001119
0000119F
000011C5
000011C6
00001239
0000123A
00001288
000012CA
000012EB
000012F4
000012F5
00001338
00001339
0000135F
000013DA
000013EC
0000142D
00001453
000014A2
000014AE
000014C1
00000003
00000007
0000001D
00000043
00000057
0000009B
000000DA
00000196
000001CC
000001E6
0000023C
00000271
00000299
000002DB
0000033E
00000354
0000037E
00000395
000003CC
000003EC
000003F7
00000537
00000573
00000575
0000058A
000005AE
000005EE
000005F2
00000680
000006B1
000006BD
000006CF
00000714
00000753
0000075D
00000779
0000078C
0000079A
000007F8
00000818
00000877
000008BE
000008D5
000008D6
000008E4
00000923
00000961
00000975
00000990
000009A2
00000A02
00000A06
00000A0C
00000A2F
00000A97
00000B6D
00000B8D
00000C31
00000C50
00000C7A
00000C95
00000CB7
00000CDB
00000CE1
00000CEF
00000CF3
00000D54
00000D5E
00000DAD
00000E39
00000EE2
00000EE6
00000F37
00000FB6
00001030
0000110C
0000111E
00001125
00001128
0000112E
00001138
000011A6
000011AB
000011DC
000011EA
000011ED
00001217
000012F6
00001362
00001364
000013C3
00001410
00001426
00001427
00001454
0000148C
000014AD
000014C0
000014E8
00001513
00001557
00001558
0000156F
0000157D
00001581
000015A1
000015B9
000015D0
0000160C
00001639
00001661
0000168A
0000168F
000017BB
000017D4
000017E1
00001843
00000004
00000018
00000027
0000003E
0000004D
00000059
0000005A
00000061
00000075
00000081
0000008A
000000BA
00000119
0000016E
000001CB
000001D6
00000300
000003C6
000003E2
00000467
00000484
000004B4
000004FA
0000054E
00000605
00000625
00000646
000006B8
000006F9
000006FF
0000074D
00000765
00000767
000007B1
000007C9
000007E5
0000087D
00000956
000009BE
000009FB
00000A92
00000B15
00000B44
00000B67
00000BD7
00000D3C
00000D90
00000DEA
00000ED6
000010F3
00001139
0000115B
00001166
00001173
00001209
00001218
0000125F
00001270
000012D3
000013B7
000013C1
000013C7
00001413
00001433
000014E0
000014EE
000014F1
00001509
00001511
0000151B
00001521
0000152C
0000152E
00001534
00001549
0000155A
0000155E
0000157B
00001586
0000158F
0000159C
000015A0
000015A4
000015BE
000015C2
000015E5
0000160F
00001627
00001647
0000166E
0000169F
000016B5
000016C0
000017B6
000017BC
000017D7
000017E9
000017F9
0000181D
00001841
0000184B
0000185A
0000185D
00000021
00000024
0000006C
0000006D
00000073
0000008B
0000008C
000000A7
000000C4
000000C8
0000013B
0000016C
00000191
000001AA
000001E5
000001E8
00000224
00000225
0000023D
00000249
00000257
00000262
0000027F
000002D2
0000041C
00000514
00000541
000005A4
000005C0
00000603
00000607
000006A2
000006E4
0000074E
000007F9
00000922
00000965
000009DE
00000AA7
00000B78
00000BBB
00000D16
00000E05
00000E48
00000F0A
00001097
000011BA
000011CF
00001223
0000132A
0000135F
00001436
00001567
000015B3
000015E1
00001605
00001612
0000161C
00001634
000016B2
0000000E
0000001D
00000043
00000045
0000004E
00000079
000000E6
00000163
0000030E
000003C2
00000431
000004A6
000004F9
0000056B
0000058D
000006C3
000006D9
000006FB
00000719
00000902
00000914
00000D7C
00000E50
00000EBF
00000ED9
00000F41
000011F6
0000127B
00001305
000014E8
00001557
00001558
00001583
00001639
000016D1
000016DB
00000023
0000007E
00000117
00000187
00000232
00000234
000002AB
0000033E
000003DF
00000405
000004BA
000004CD
00000525
00000702
00000708
00000940
00000A92
00000B67
00000D43
00000EA0
00001096
0000111C
00001230
0000137C
000014F6
00001521
0000152E
0000156A
00001702
000017EF
00000019
00000058
00000080
0000008C
000000CB
0000012C
0000015E
00000160
0000016F
0000019C
000001D7
0000022D
00000297
000002A2
000002EC
000003A9
000003B7
000003C7
00000436
00000446
0000058E
0000063C
00000850
00000A38
00000AB4
00000DAD
00000DEA
00000E6E
000010B6
000010C9
000010D0
00001261
00001292
000012D3
00001301
00001362
000013CD
000014F1
00001509
00001518
00001537
00001539
00001549
0000155E
00001567
00001596
000015B0
000015F0
00001646
0000166A
00001689
00001718
000017E2
000017F9
0000180A
0000180E
0000185A
00000038
0000004E
0000006C
0000008A
000000A5
00000174
00000191
00000199
000001AC
000001AF
000001DE
00000246
000002BB
00000300
0000032A
0000032E
000003EB
000003F5
000004B4
000004FA
00000541
000006E4
0000109B
000010C5
000011BA
00001210
00001586
000015BE
000015C2
00001605
00001627
0000169F
0000184B
00000029
00000059
0000005E
000000BD
00000102
00000213
00000235
0000023B
0000023D
00000257
00000281
0000030F
0000039E
00000604
000006F1
00000700
00000965
00000E48
000010B0
000010C6
0000110C
000012C8
0000131A
00001470
00001814
00000018
00000024
00000043
00000058
00000081
0000008C
0000015D
00000163
0000018E
000001E5
00000208
000002F7
0000030E
000003DC
00000484
000007A3
000008C4
00000F5E
0000125E
0000153B
000000C4
000000C8
000000D5
0000027F
00000760
000009FB
00000D53
00000E05
0000000E
00000079
000000E6
00000154
000006D9
00000902
00000D7C
00000EBF
00001305
0000013B
0000016C
000001CC
00000232
00000234
0000023C
000002AB
0000033E
000003C5
000004BA
00000D43
00000EA0
00001230
00001385
00000297
000002EC
00000B13
00000C33
00000CFA
00000DC6
00000DFB
00000E5B
00000E68
00000F12
00000F15
00000F17
00000F1D
00000F63
00000FA7
00000FB7
00000FC2
00000FCA
00000FD4
00000FE1
00000FE8
00000FFD
00001000
0000100A
0000100B
0000100D
00001015
00001020
0000102B
00001044
00001047
00001051
00001056
00001068
0000106C
00001071
00001075
00001079
0000107C
00001080
00001085
00001087
00001089
0000108A
0000108B
0000108E
00001094
00001095
000010E6
000011AA
00001221
0000128A
000012CA
000012EB
000012EC
000013BB
00001467
0000146E
00001483
00001485
000014CF
00001842
00001845
00001847
0000184E
00001851
00001852
00001857
0000185B
00001860
0000186C
0000186D
00001871
00001872
00001877
00001878
0000187B
0000187C
0000187F
00001881
00001882
00001883
00000036
0000006D
0000006F
000000A9
000000B8
000000DE
00000105
00000138
0000013D
0000013F
00000152
0000017E
0000019F
000001BA
000001C4
000001C5
000001FA
0000020A
00000231
00000237
0000024F
00000262
00000290
00000298
000002CC
000002D5
000002F5
000002FD
0000030D
00000389
000003D5
0000042E
0000048D
000004B5
000004BD
000004E8
00000526
00000548
000005A6
000005A9
000005D8
00000651
0000065C
0000069A
000006BE
0000071A
00000749
00000805
00000813
00000817
00000849
00000872
000008AE
000008CB
0000091A
00000952
000009F3
00000A45
00000AF5
00000B14
00000B2B
00000B2C
00000B30
00000B55
00000BB0
00000BE5
00000BFA
00000D5E
00000DE0
00000EE2
00000F21
00000F2B
00000F7D
00000FB5
00000FDA
00001049
0000104F
00001055
0000105D
00001069
00001097
000010A9
000010B8
000010D2
000010D5
000010DB
0000110B
00001119
0000119F
000011C6
00001217
0000123A
00001266
00001288
000012F4
000012F5
00001338
00001339
0000135F
000013DA
0000142D
00001453
0000145F
00001482
000014A2
000014AA
000014C1
00001870
00000003
00000004
00000007
0000001D
0000004D
00000057
00000073
0000009B
000000A1
000000AC
000000CC
000000DA
00000119
0000016E
00000196
000001CC
000001E3
000001E6
0000023C
00000271
00000299
00000314
0000033E
00000354
0000037E
00000395
000003CC
000003EC
00000437
00000491
00000536
00000537
00000559
0000056C
00000575
000005AE
000005EE
000005F2
00000652
00000680
000006B1
000006BD
00000714
00000753
0000075D
00000779
0000078C
0000079A
000007F8
00000818
00000877
00000898
000008BE
000008D6
000008E4
00000923
0000093F
00000975
00000990
000009A2
00000A02
00000A06
00000A0C
00000A12
00000A2F
00000A64
00000A97
00000B6D
00000B8D
00000C31
00000C40
00000C50
00000C95
00000CB7
00000CC7
00000CC9
00000CE1
00000CF3
00000D00
00000D0E
00000DA2
00000E2E
00000E39
00000EE0
00000EE6
00000F37
00000F8B
00000FB6
00000FF4
0000110C
0000111E
00001125
00001128
0000112E
00001138
000011A6
000011AB
000011DC
000011EA
000011ED
000012F6
00001364
000013C3
00001410
00001427
00001454
0000149C
000014AD
000014AE
000014E8
000014EE
00001513
00001557
00001558
0000156F
00001581
000015A1
000015D0
00001639
00001661
0000168A
0000168F
00001715
000017BB
000017D7
0000181C
00001841
00001843
00000018
00000027
0000003E
00000054
00000059
0000005A
00000075
00000099
0000009C
00000136
000001CB
000001D6
0000024A
000002CA
000003C6
00000467
000004C3
00000514
00000573
000005D3
000005ED
00000607
00000646
00000650
000006B8
000006F9
000006FF
0000074D
00000767
0000076C
000007B1
000007C9
000007E5
000007EB
000007ED
0000084D
0000087D
0000091F
00000956
000009C7
00000A2C
00000A4D
00000B15
00000B44
00000B5B
00000BD7
00000BF1
00000C99
00000CEF
00000CF5
00000D16
00000D54
00000D90
00000DAD
00000DEA
00000E2C
00000ED6
00000EF2
00001030
000010F3
00001139
0000115B
00001166
000011D4
00001200
00001209
00001218
0000129F
000012DF
0000133B
00001360
00001370
00001371
00001380
00001389
000013B7
000013C2
000013C6
000013C7
00001413
00001421
00001426
00001442
000014E0
0000152C
0000155A
0000157B
0000158F
000015A0
0000168E
000016C5
000017B6
000017BC
000017C1
0000181D
0000183F
0000185A
0000185D
00000021
0000005E
00000061
00000065
0000006D
0000008B
0000008C
00000092
000000A3
000000A7
000000BA
000000C4
000000C7
000000CD
0000016A
00000178
0000017F
00000187
00000199
000001A8
000001AC
000001E8
000001FD
00000225
0000023D
00000249
00000250
00000262
000002D2
000002DB
000002F7
00000300
0000031F
000003B2
00000458
000004B4
000004E3
000004FA
00000507
0000050A
00000529
00000541
000005A4
000005C0
000005D4
00000632
00000640
000006A2
000006A3
000006C3
000006E9
000006FC
000006FD
0000072D
00000738
00000781
000007A3
000007F9
00000891
000008D5
000008E0
00000914
00000922
00000940
00000983
00000988
000009BE
000009DE
000009E8
000009FB
00000AA7
00000AB7
00000ACD
00000AD5
00000B07
00000B68
00000B78
00000B7A
00000BB9
00000BBB
00000D3C
00000D47
00000DCB
00000EB9
00000EBB
00000ECC
00000ED3
00000F0A
00001097
000010EE
00001107
0000114D
00001173
000011BA
000011CF
000011D9
000011F6
00001201
00001238
00001258
00001322
0000132A
0000135B
0000135F
00001383
00001400
0000144D
0000148C
0000148E
00001495
000014DB
000014F1
000014F8
0000151B
00001534
00001549
000015B3
000015BE
000015C2
000015E1
00001605
00001627
00001634
00001649
0000169F
000016CE
0000184B
00000024
00000049
0000004E
0000006C
0000007E
000000A5
000000BB
00000161
0000019C
000001B2
000001C7
000001D7
000001E5
00000213
00000257
00000321
0000032B
0000039B
00000405
0000041C
00000484
000004C1
000004C4
0000056B
00000605
00000850
000009CE
00000AB3
00000B08
00000D08
00000E3D
00000E50
00000E6E
00000FCF
000010D0
0000110C
00001117
00001118
00001223
0000125F
00001267
00001301
00001362
000013CD
00001436
000014A4
000014E8
00001557
00001558
00001567
000015B9
000015D3
00001612
00001639
00001646
00001677
000016AC
000016D1
000017E1
000017E2
00001800
00000018
0000001D
00000042
00000058
00000059
0000005A
00000064
00000081
000000E6
0000011E
0000012C
00000163
0000019A
000001DE
0000030E
0000037F
000003C2
00000431
000004A6
0000054E
0000058D
000006FB
0000074F
00000965
000009F9
00000A38
00000AB4
00000B67
00000B9B
00000C0D
00000C4B
00000DEA
00000EC0
000010F5
00001116
00001427
0000142B
00001521
00001532
00001559
00001586
00001589
000015A1
000015A3
000015B0
000015D0
00001601
0000160A
0000166A
00001686
00001689
0000168A
0000168F
000016EA
00001718
0000177E
000017A8
000017B4
000017EF
000017FB
0000180A
0000180E
0000185A
00000029
00000045
0000008A
0000008C
000000C4
000000C8
00000102
00000117
00000185
00000199
000001AE
00000224
0000027F
00000281
000002D2
000002F1
00000300
000004B4
000004FA
000006E4
00000719
0000074E
00000A92
00000F35
00001157
00001230
00001292
0000131A
000013C1
00001469
00001470
000015BE
000015C2
000015D9
00001647
000017F9
0000184B
00000023
0000006C
000001F0
0000022D
00000257
00000902
00000D7C
00000E05
00000EBF
00001078
0000110C
000011BA
00001305
0000000E
00000019
00000043
0000004B
00000079
000000E6
00000154
00000163
0000016C
00000234
000002AB
0000030E
0000033E
000003A9
000004A6
000006D9
00000D43
00001385
0000153B
00000178
000003FE
000004BA
00000525
00000B1A
00000EA0
00001230
0000137C
0000005A
0000027E
0000014B
0000014E
0000028E
0000032D
000003C3
0000056F
0000065B
0000116C
00000018
0000001D
00000024
000000DA
000001DB
000003A5
000003EC
0000053B
00000567
00000E83
00001298
00001338
000014A0
0000001E
000000C4
000000FE
00000375
000003CC
000010C3
00001215
00001232
0000129A
00001509
00000009
0000002A
000000D5
00000235
000002C1
00000B13
00000C33
00000CFA
00000DC6
00000DFB
00000E5B
00000F15
00000F17
00000F1D
00000F5E
00000F63
00000F7D
00000FA7
00000FB5
00000FC2
00000FDA
00000FE1
00000FE8
00000FFD
00001000
0000100A
0000100B
0000100D
00001015
00001020
0000102B
00001044
00001047
0000104F
00001051
00001055
00001068
00001069
0000106C
00001071
00001075
00001079
0000107C
00001080
00001085
00001087
00001089
0000108A
0000108B
0000108E
00001094
00001095
000010B0
000010E6
0000116C
000011AA
00001221
00001266
0000128A
000012EC
000013BB
000013E4
0000145F
00001467
0000146E
00001482
00001483
00001485
000014CF
0000156A
00001842
00001845
00001847
0000184E
00001851
00001852
00001857
0000185B
00001860
0000186C
0000186D
00001870
00001871
00001872
00001877
00001878
0000187B
0000187C
0000187F
00001881
00001882
00001883
00000036
0000006D
0000006F
000000A9
000000B8
000000C0
000000DE
00000105
00000138
0000013D
0000013F
00000152
0000017E
0000019E
0000019F
000001BA
000001C4
000001C5
000001FA
0000020A
00000231
00000237
0000024F
00000271
00000290
00000298
000002CC
000002D5
000002F5
000002FD
0000030D
00000389
000003D5
0000042E
0000048D
000004BD
000004E8
00000526
000005A9
000005D8
00000651
0000065C
0000069A
000006BE
0000071A
00000749
000007D6
00000805
00000813
00000817
00000843
00000849
00000872
000008AE
000008C5
000008CB
0000091A
00000952
000009F3
00000A83
00000AF5
00000B14
00000B2B
00000B2C
00000B30
00000BB0
00000BE5
00000BFA
00000DF1
00000E68
00000E91
00000EE2
00000EE7
00000F12
00000F2B
00000FB7
00000FCA
00000FD4
00001049
00001056
0000105D
00001097
000010B8
000010D2
000010D5
000010DB
0000110B
00001119
0000119F
000011C6
00001239
0000123A
00001288
000012CA
000012EB
000012F4
000012F5
00001338
00001339
0000135F
000013DA
000013EC
0000142D
00001453
00001472
000014A2
000014AE
000014C1
0000150A
00000003
00000007
0000001D
0000004D
0000009B
000000DA
00000119
0000016E
0000017D
00000196
000001CC
000001E6
0000023B
0000023C
0000024A
00000299
0000033E
00000354
0000037E
000003CC
000003E2
000003EC
000004B5
00000537
00000573
00000575
000005AE
000005EE
000005F2
00000680
000006B1
000006BD
00000714
0000075D
00000779
0000078C
0000079A
000007F8
00000818
00000877
000008D6
000008E4
00000923
00000961
00000975
00000990
00000A02
00000A06
00000A0C
00000A2F
00000A97
00000B6D
00000B8D
00000BB2
00000C31
00000C50
00000C7A
00000C95
00000CB7
00000CC7
00000CE1
00000CF3
00000D00
00000D35
00000D3B
00000D54
00000D5E
00000DF8
00000E25
00000E2C
00000E2E
00000E39
00000EE6
00000F37
00000F4F
00000F8B
00000FB6
000010A9
0000110C
0000111C
0000111E
00001125
00001128
0000112E
00001138
000011A6
000011AB
000011DC
000011EA
000011ED
000011F7
00001217
000012CF
000012F6
000013C3
00001410
00001427
00001433
00001454
00001455
000014AD
000014E8
000014EE
00001513
00001527
00001557
00001558
0000156F
00001581
000015A1
000015C3
000015D0
00001638
00001639
00001661
0000168A
0000168F
00001690
00001771
000017BB
000017D4
000017D7
000017E9
0000181C
00001841
00001843
00000004
00000018
00000027
00000057
0000005A
00000065
00000073
00000075
00000092
0000009C
0000016A
000001CB
000001D6
00000225
00000249
00000250
000002CA
00000395
000003C6
000003F4
00000442
00000467
00000476
000004E3
00000514
00000548
0000054E
00000559
000005A4
00000625
00000646
00000652
000006B8
000006F9
0000074D
00000765
00000767
000007B1
000007C9
0000087D
00000891
00000898
000008EB
0000091B
0000091F
00000956
000009BE
000009C7
000009D0
000009E9
00000A12
00000A2C
00000A4D
00000A92
00000B08
00000B15
00000B44
00000B67
00000BBB
00000BC7
00000BD7
00000BF1
00000CA3
00000CEF
00000CF5
00000D16
00000E48
00000ED6
00000EE4
00000F8E
00001030
000010F3
000010FB
00001139
0000114D
0000115B
00001166
00001173
00001209
00001223
00001258
00001270
00001328
0000133B
00001364
00001371
00001382
000013B7
000013C1
000013C2
000013C7
000013F1
000013F5
00001413
00001441
0000148C
0000149C
000014E0
000014F1
00001518
0000152C
00001537
0000155A
0000156A
00001575
0000157B
0000158F
000015A0
000015A4
0000160F
00001647
0000168E
00001692
0000171F
0000174A
000017BC
000017C1
000017D6
0000181D
0000183F
0000185D
00000021
0000003F
00000049
0000005E
00000061
00000063
0000006D
00000088
0000008B
00000099
000000A7
000000BA
000000BB
000000C4
000000C7
000000CB
000000CD
0000010F
00000178
000001AA
000001B2
000001E8
000001FD
00000262
0000029A
000002D2
000002F7
0000031F
0000032B
0000035F
0000039B
0000039F
0000043B
00000441
00000495
000004A1
000004C3
000004F9
000004FC
00000539
000005C0
000005E3
00000604
00000605
0000069D
000006A2
000006A3
000006C3
000006D6
000006DD
000006F7
000006FC
00000715
0000072C
00000738
0000074A
00000760
00000781
0000079D
000007A3
000007ED
000007F9
00000806
00000853
000008E0
00000914
00000922
00000940
000009CE
000009DE
000009E8
00000A6F
00000AA7
00000AB3
00000AD5
00000B07
00000B1E
00000B68
00000B78
00000C13
00000C70
00000C73
00000CC3
00000CED
00000D3C
00000E50
00000E5E
00000E70
00000EBB
00000ECC
00000ED0
00000ED9
00000F0A
00000F41
00000FCC
00001097
000010ED
000010F0
00001107
000011CF
000011D4
000011D9
00001216
00001229
00001238
000012C9
000012E4
00001322
0000135F
00001380
00001383
000013DE
00001403
00001436
00001442
0000144D
0000148E
0000150A
0000151B
00001534
00001549
00001589
0000159B
000015B3
000015C2
000015D3
000015D5
000015DC
000015E1
000015E5
000015E8
00001612
000016CE
00001730
000017B6
000017E5
00001814
0000182B
0000184B
00000019
0000003E
00000044
0000004B
0000004E
0000004F
00000059
00000064
0000006B
0000006C
0000007E
00000081
000000A3
00000104
0000014B
00000187
0000019C
000001D7
000001F0
00000244
0000024D
000002DC
000002EC
00000405
00000484
000004C1
000004D2
000004F7
0000050A
00000529
00000536
0000058E
00000597
00000603
00000696
00000724
0000072D
000007F3
00000831
000008A9
00000925
0000097B
00000A72
00000AB4
00000B0A
00000B35
00000B83
00000BB9
00000BFC
00000C4B
00000C5B
00000C91
00000CFD
00000D47
00000DAD
00000DEA
00000E3D
00000E6E
00000F76
00001077
000010D0
00001117
00001118
0000111C
00001151
0000116C
0000119A
00001215
00001218
00001250
0000129A
00001301
0000130D
0000136C
0000137C
000013CD
000013E4
000014A4
000014A7
000014DB
000014F6
00001515
00001557
00001558
00001567
0000157D
00001583
000015A1
000015A8
000015D0
0000160C
00001639
00001646
00001686
0000168F
00001696
000016B2
000016C0
000016D1
000016DB
000016EA
000017F9
000017FB
00001800
0000185A
0000000A
00000032
00000045
00000058
0000008C
000000C8
000000D9
000000E6
00000118
0000011E
0000012C
0000013B
0000015E
0000016C
0000016E
00000186
000001AC
000001D0
00000249
0000027F
000002BC
000002F4
00000300
0000038F
0000047C
0000049C
000004B4
000004FA
00000507
00000527
00000541
00000568
0000060A
00000632
00000702
0000074F
0000076C
0000084D
00000850
00000852
00000883
00000998
000009C8
000009FB
00000A38
00000A5E
00000A92
00000AE1
00000B67
00000B7A
00000B87
00000C0D
00000C26
00000CA7
00000DA6
00000DF2
00000E05
00000E82
00000EB9
00000EC0
000010B9
000010F5
00001116
00001185
000011BA
00001258
0000125F
00001291
000012D3
000012FB
00001353
00001362
00001382
00001441
00001448
00001469
000014E8
000014F8
00001521
0000152E
00001537
0000155E
000015AC
000015B0
000015BE
00001605
00001627
00001661
0000166A
00001689
0000169F
00001718
000017AC
000017E2
0000180A
0000180E
00001821
0000000E
00000018
0000001D
00000024
0000003F
00000047
00000048
00000049
0000005A
00000063
00000079
000000CB
000000CD
00000158
00000160
00000191
000001DB
000001E5
0000022D
00000394
000003A9
000003C7
0000041C
00000441
0000046D
00000495
000004DD
000005FF
00000604
00000605
0000063C
000006D9
000006E4
000006EE
00000719
0000079D
000007EB
00000853
000008D0
00000902
0000090A
00000965
00000B1E
00000B51
00000C70
00000CED
00000D7B
00000D7C
00000E93
00000EBE
00000EBF
00000ED3
00000FC5
00001009
00001010
0000101C
00001024
0000103B
0000103E
00001072
000010B6
000010BE
000010D8
000010F4
0000110C
00001216
00001229
0000127B
00001292
000012E4
00001305
0000135B
000013DF
000013F0
000013F2
0000140A
00001427
0000145C
00001495
0000152A
0000152B
00001539
00001592
00001593
000015B7
00001603
00001611
00001620
00001626
00001629
00001634
0000163C
00001643
0000164D
00001650
00001655
0000165C
00001664
0000166C
00001676
00001685
00001688
000017B8
000017C5
000017EF
000017FF
00001815
00000021
00000023
00000059
000000C4
0000010F
0000016F
00000178
0000019A
00000234
000002AB
00000321
00000339
0000033E
000003DF
000003EB
00000417
00000431
00000436
00000448
000004AF
000004CD
000004F7
00000525
00000575
0000058D
00000597
00000871
000009CE
00000A46
00000A4B
00000D43
00000EA0
00000EC9
00000FCB
00001008
00001029
0000102A
000010D9
00001157
00001230
000014A4
00001507
0000150E
00001515
00001541
00001554
00001582
00001588
0000159F
000015A8
000015B1
000015C7
00001601
00001639
0000163F
00001663
00001670
00001677
000016BE
000016EF
000016F3
00001739
00001743
0000174B
00001753
00001763
00001775
0000178C
000017DF
0000182E
00001848
00001866
00000011
0000004E
0000006C
00000174
000001AF
000001FF
0000023D
000002F4
0000032B
0000032E
0000039E
000003B0
000003F5
000004EF
0000073A
000007E6
00000940
0000109B
000010D7
00001301
00001302
0000152C
00001568
00001687
00001795
000017C0
00000024
00000042
00000058
00000080
000000B2
0000019C
000001AE
000001D7
00000213
0000044D
0000081D
00001362
0000154F
00001567
00000018
00000059
0000008A
0000008C
00000300
0000057A
00001586
000015C2
000016AC
0000005A
00000081
00000099
000000C4
000001DE
000003BB
00000E48
00000045
000000C8
00000102
0000013B
0000016C
0000027F
00000281
000006F1
00000E05
0000131A
00001470
0000000E
00000019
00000079
000000E6
00000154
00000158
000006D9
00000902
00000D7C
00000EBF
00001305
00000023
00000178
00000185
00000187
000001CC
00000232
00000234
0000023C
000002AB
0000033E
00000405
000004BA
00000620
00000B13
00000C33
00000CFA
00000D43
00000DC6
00000DFB
00000E5B
00000E68
00000EA0
00000F12
00000F15
00000F17
00000F1D
00000F63
00000FA7
00000FB5
00000FB7
00000FC2
00000FCA
00000FD4
00000FE1
00000FE8
00000FFD
00001000
0000100A
0000100B
0000100D
00001015
00001020
0000102B
00001044
00001047
00001051
00001056
00001068
0000106C
00001071
00001075
00001079
0000107C
00001080
00001085
00001087
00001089
0000108A
0000108B
0000108E
00001094
00001095
000010E6
000011AA
00001221
00001230
00001266
0000128A
000012CA
000012EB
000012EC
0000137C
00001385
000013BB
00001467
0000146E
00001483
00001485
000014C1
000014CF
00001842
00001845
00001847
0000184E
00001851
00001852
00001857
0000185B
00001860
0000186C
0000186D
00001871
00001872
00001877
00001878
0000187B
0000187C
0000187F
00001881
00001882
00001883
0000001D
00000036
0000006D
0000006F
000000A9
000000B8
000000DE
00000105
00000138
0000013D
0000013F
00000152
0000017E
0000019E
0000019F
000001BA
000001C4
000001C5
000001FA
0000020A
00000231
00000237
0000024F
00000262
00000290
00000297
00000298
000002CC
000002D5
000002EC
000002F5
000002FD
0000030D
00000389
000003D5
0000042E
0000048D
000004B5
000004BD
000004E8
00000526
00000540
00000548
000005A6
000005A9
000005D8
00000651
0000065C
0000069A
000006BE
0000071A
00000749
000007D6
000007E5
00000805
00000813
00000817
00000849
00000872
000008AE
000008CB
0000091A
00000952
000009F3
00000AF5
00000B14
00000B2B
00000B2C
00000B30
00000B55
00000BB0
00000BE5
00000BFA
00000D5E
00000EE2
00000F2B
00000F7D
00000FDA
00001049
0000104F
00001055
0000105D
00001069
00001097
000010A9
000010B8
000010D2
000010D5
000010DB
0000110B
00001119
0000112E
0000119F
000011C6
00001239
0000123A
00001279
00001288
000012F4
000012F5
00001339
0000135F
000013DA
0000142D
00001453
0000145F
00001482
000014A2
000014AA
000014AE
00001870
00000003
00000004
00000007
00000018
0000003E
0000004D
00000057
00000075
0000009B
00000119
00000126
0000016E
00000196
000001E3
000001E6
00000271
00000299
000002DB
00000354
0000037E
00000395
000003CC
000003EC
00000437
00000559
0000056C
00000573
00000575
0000058A
000005AE
000005D3
000005EE
000005F2
00000680
000006B1
000006BD
00000714
00000753
00000779
0000078C
0000079A
000007F8
00000818
00000877
00000898
000008BE
000008C5
000008D5
000008D6
000008E4
00000923
0000093F
00000961
00000975
00000990
000009A2
00000A02
00000A06
00000A0C
00000A12
00000A2F
00000A64
00000A97
00000AB7
00000B6D
00000B8D
00000C31
00000C50
00000C7A
00000C95
00000CB7
00000CC9
00000CDB
00000CE1
00000CF3
00000D0E
00000DEA
00000E39
00000EE6
00000F37
00000FB6
00000FF4
0000110C
0000111E
00001125
00001128
00001138
000011A6
000011AB
000011DC
000011EA
000011ED
00001217
0000129F
000012CF
000012F6
00001364
000013C3
00001410
00001427
00001454
00001455
000014AD
000014E8
000014EE
00001513
00001557
00001558
0000156F
00001581
000015A1
000015D0
00001639
00001661
0000168A
0000168F
000017BB
000017D7
000017E1
00001843
0000184B
00000059
0000005A
00000073
00000099
000000C4
000001CB
000002CA
00000300
0000037F
000003C6
000003E2
00000467
00000541
0000054E
000005ED
00000640
00000646
00000652
000006B8
000006F9
000006FF
0000074D
0000075D
00000767
000007B1
000007C9
0000087D
0000091F
00000956
000009BE
000009C7
00000A4D
00000A92
00000B15
00000B44
00000B67
00000BD7
00000C98
00000C99
00000CEF
00000CF5
00000D16
00000D3C
00000D90
00000DAD
00000ED6
00001030
00001139
0000114D
0000115B
00001166
00001173
00001200
00001209
0000126C
000013C2
000013C7
00001413
0000149C
000014E0
000014F1
0000152C
00001549
0000157B
0000158F
000015A0
000015BE
000015C2
000015E1
000015E5
000016C5
000016D1
0000181D
00001841
0000185A
0000185D
0000001D
00000021
00000024
00000027
0000004B
00000061
0000006D
0000007E
0000008B
0000008C
00000092
000000A5
000000C7
0000017F
00000199
000001AC
000001D6
000001E5
000001E8
00000225
0000023D
00000250
00000262
000002D2
0000048E
000004B4
000004F9
000004FA
00000514
00000529
000005A4
000005C0
000005CE
000005D4
000006A2
000006C3
00000733
0000074A
00000850
00000914
00000922
00000940
000009DE
000009FB
00000AA7
00000AD5
00000B78
00000B7A
00000BF1
00000F0A
00001097
000011BA
000011CF
00001223
00001238
00001258
0000125F
00001322
0000135F
00001389
000013B7
00001400
00001436
00001442
00001567
000015B3
00001605
00001627
00001649
0000169F
000017B4
00000018
00000019
00000048
0000004E
00000058
0000006C
000000A3
000000D9
000000E6
0000011E
0000012C
0000015E
0000019C
000001D7
00000257
00000405
00000484
0000049C
000004AD
000004BA
000004C4
000004D2
00000525
00000536
0000058E
00000965
000009F9
00000A38
00000AB4
00000DEA
00000E50
00000E6E
00000ECF
00000FA1
00001096
000010D0
0000110C
00001301
00001362
00001383
0000138E
000013CD
000014A4
000014E8
00001557
00001558
00001596
000015B0
00001639
00001646
0000166A
00001689
000016DB
00001718
000017A8
000017E2
0000180A
0000180E
0000008A
000000C4
00000118
00000161
00000163
000001E3
00000213
000002A2
00000300
00000446
000004DD
0000052E
00000541
000006E4
000006FB
00000702
0000074E
00000760
0000078E
00000A92
00000B67
00000CA7
00001082
000010B9
00001117
00001118
000011D4
00001230
0000126F
00001295
000012A2
000013DF
000014F1
00001518
00001586
000015BE
000017B6
000017EF
00001804
0000184B
00000043
00000059
0000008C
000000CB
00000117
00000160
0000016F
000001AF
000003A9
000003B8
0000041C
00000436
0000063C
00000998
00000A1F
00001292
000013E7
00001532
00001537
00001549
000015A3
000015C2
00000010
00000018
0000001D
0000006C
0000011A
00000174
0000018E
000001E5
0000027D
0000032A
000003C7
000003F5
00000431
0000058D
0000109B
00001260
00001285
000014F6
00001509
000017BC
00001868
0000005E
000000BD
000000C4
00000235
0000023B
0000030F
00000700
000010B0
000010C6
00001157
00001230
000012C8
00000208
00000F5E
000010B3
0000125E
00000B13
00000C33
00000CFA
00000DC6
00000DFB
00000E5B
00000F15
00000F17
00000F1D
00000F63
00000F7D
00000FA7
00000FC2
00000FDA
00000FE1
00000FE8
00000FFD
00001000
0000100A
0000100B
0000100D
00001015
00001020
0000102B
00001044
00001047
0000104F
00001051
00001055
00001068
00001069
0000106C
00001071
00001075
00001079
0000107C
00001080
00001085
00001087
00001089
0000108A
0000108B
0000108E
00001094
00001095
000010E6
000011AA
00001221
00001266
0000128A
000012EC
000013BB
0000145F
00001467
0000146E
00001483
00001485
000014CF
00001842
00001845
00001847
0000184E
00001851
00001852
00001857
0000185B
00001860
0000186C
0000186D
00001870
00001871
00001872
00001877
00001878
0000187B
0000187C
0000187F
00001881
00001882
00001883
00000036
0000006D
0000006F
000000A9
000000B8
000000DE
00000105
00000138
0000013D
0000013F
00000152
0000017E
0000019F
000001BA
000001C4
000001C5
000001FA
0000020A
00000231
00000237
0000024F
00000271
00000290
00000298
000002CC
000002D5
000002F5
000002FD
0000030D
00000389
000003D5
0000042E
0000048D
000004B5
000004BD
000004E8
00000526
00000548
000005A9
000005D8
00000651
0000065C
0000069A
000006BD
000006BE
0000071A
00000749
000007D6
00000805
00000813
00000817
00000849
00000872
000008AE
000008CB
0000091A
00000952
000009F3
00000A45
00000A83
00000AF5
00000B14
00000B2B
00000B30
00000B55
00000BB0
00000BE5
00000BFA
00000DE0
00000DF1
00000E68
00000EE2
00000F12
00000F21
00000F2B
00000FB5
00000FB7
00000FCA
00000FD4
00001049
00001056
0000105D
00001097
000010B8
000010D2
000010D5
000010DB
0000110B
00001119
0000119F
000011C6
00001239
0000123A
00001288
000012CA
000012EB
000012F4
000012F5
00001339
0000135F
000013DA
000013EC
0000142D
00001453
00001482
000014A2
000014AE
000014C1
00000003
00000007
0000001D
0000004D
00000073
0000009B
000000A1
000000AC
00000119
0000016E
00000196
000001CC
000001E6
00000230
0000023C
00000299
000002DB
00000331
0000033E
00000354
0000037E
000003CC
000003EC
00000491
00000537
00000573
00000575
000005AE
000005EE
000005F2
00000652
00000680
000006B1
00000714
00000753
0000075D
00000779
0000078C
000007B6
000007E5
000007F8
00000818
00000840
00000877
000008BE
000008D6
000008E4
0000091F
00000923
00000975
00000990
000009A2
00000A02
00000A06
00000A0C
00000A12
00000A2F
00000A97
00000B6D
00000B8D
00000C31
00000C50
00000C7A
00000C95
00000CB7
00000CC7
00000CE1
00000CF3
00000D00
00000D3B
00000D54
00000D5E
00000DF8
00000E2C
00000E2E
00000E39
00000EE0
00000EE6
00000F37
00000F8B
00000FB6
000010A9
000010F1
0000110C
0000111E
00001125
00001128
00001138
000011A6
000011AB
000011DC
000011EA
000011ED
000011F7
00001217
000012CF
000012F6
00001350
00001364
000013C1
000013C3
00001410
00001426
00001427
00001433
00001454
00001455
0000148C
000014AD
000014E8
000014EE
00001513
00001557
00001558
0000156F
00001581
000015A1
000015B9
000015D0
00001639
00001661
0000168A
0000168F
000017BB
000017D7
0000181C
00001841
00001843
00000018
00000027
0000003B
00000059
0000005A
00000065
00000092
0000009C
000000BA
000000BB
000000CB
0000014A
0000015F
00000165
000001B1
000001B2
000001CB
000001D6
000001E8
00000249
00000250
0000035F
0000039B
000003C6
000003E2
00000442
0000045A
00000467
00000476
00000536
0000054E
00000559
00000585
00000605
00000607
00000646
00000650
000006B8
000006F9
000006FF
0000074D
00000767
0000076C
000007B1
000007C9
0000087D
00000956
00000988
000009BE
00000A64
00000B15
00000B44
00000B67
00000BD7
00000CF5
00000D16
00000DEA
00000ED6
00000EE4
00000EF2
00000F8E
00001030
000010F3
00001139
0000114D
0000115B
00001166
00001173
00001209
00001223
00001268
00001270
000012DF
00001328
0000133B
00001371
000013B7
000013C2
000013C6
000013C7
00001413
0000149C
000014E0
0000152C
00001534
0000155A
0000157B
0000158F
000015A0
000015A4
0000166E
0000168E
000017C1
0000181D
0000183F
0000185D
00000004
00000021
0000005E
0000006D
00000088
000000A7
000000C4
000000C7
000000FC
0000010F
0000016A
00000178
0000017F
000001AA
000001AC
00000225
00000262
0000029A
000002A1
000002D2
000002F7
00000300
00000319
0000031F
0000038E
00000391
0000039F
000003A4
000003E9
0000044B
00000484
000004C3
000004F9
00000507
0000056B
000005A4
000005C0
000005E2
00000603
00000604
00000692
000006A2
000006DD
000006E0
00000724
00000726
0000072C
00000741
00000765
000007A3
000007EB
000007ED
000007F1
000007F9
00000839
0000084D
00000869
0000086D
00000891
000008AC
000008D2
000008D9
000008EA
000008F2
000008F9
00000922
00000925
00000961
00000964
0000097B
000009C8
000009DE
00000A2B
00000A34
00000A9A
00000AA7
00000AD5
00000B68
00000B78
00000B93
00000BB9
00000BBB
00000C13
00000C73
00000CB5
00000D47
00000D90
00000DCB
00000DD8
00000DE9
00000EBB
00000ECC
00000ED0
00000F0A
00000F9A
00001097
000010AB
000010F0
00001107
00001151
000011CF
000011D2
000011F3
00001208
00001244
00001258
00001260
0000126B
000012E4
000012FB
00001322
0000135F
00001380
000013BC
000013C5
00001403
00001436
00001442
0000144D
0000145C
00001474
0000148E
000014A7
000014F8
0000151B
00001589
000015D3
0000160C
000017B6
0000184B
00000035
00000049
0000004E
0000006C
0000008A
0000008B
000000EB
00000104
0000014B
0000014E
00000160
00000187
000001A3
000001DB
00000244
000002B2
000002FB
00000394
000003B5
000003D0
000003DC
000004BA
000004C1
0000050A
0000051E
00000525
00000553
000005FF
00000632
000006C3
0000072D
00000737
0000074E
0000074F
000007BF
0000080E
00000825
00000831
0000089D
0000090A
00000914
00000A0D
00000A1C
00000A46
00000A4B
00000AB4
00000AC9
00000AE9
00000B08
00000B1C
00000BC5
00000C07
00000C26
00000C4B
00000C91
00000CB0
00000DA6
00000DEB
00000DF2
00000E3D
00000E40
00000E50
00000E73
00000E93
00000EB9
00000EC0
00000ED3
00000ED9
00000EEE
00000F41
00000F48
00000F5C
00000F7A
00000FAD
00000FC3
00000FC5
00001010
00001077
00001086
00001096
000010BE
000010D0
000010F4
00001117
0000114F
00001178
0000119A
000011D4
000011DD
000011F0
000011F6
0000125F
000012C7
000012D2
000012E8
0000130D
0000132A
0000133D
0000137C
00001383
000013C4
000013CD
00001495
000014D0
000014E8
00001557
00001558
000015A8
000015C3
000015F0
00001639
0000168F
000016D1
000017E4
0000184C
0000000A
00000011
00000018
0000001D
0000001E
00000024
00000027
00000032
00000059
0000005A
00000064
0000007E
0000008C
000000A3
000000CB
0000012C
0000015D
0000017B
000001D0
000001FF
00000287
000002A2
00000321
0000037F
00000417
00000454
0000047C
000004AF
0000052E
0000052F
00000568
00000586
00000597
000005E3
00000644
00000649
00000852
000008E0
00000940
00000989
00000A38
00000A5E
00000A72
00000A92
00000AA0
00000AE1
00000AF0
00000B2E
00000B67
00000B72
00000B87
00000C00
00000C0D
00000C59
00000C93
00000CFD
00000D40
00000E1B
00000E6E
00000EA0
00000EBE
00000EC9
00000F5B
00000FCF
00000FD0
00001082
000010D7
000010D8
000010D9
000010DE
000010F5
00001116
00001118
0000116C
00001218
00001301
00001353
000013C6
00001448
00001469
0000149D
000014A4
000014DB
000014F1
000014F6
00001518
00001521
00001537
00001549
00001576
00001596
000015C2
000015D9
000015DC
0000160F
00001635
0000164E
000017EF
00000042
00000047
00000058
00000080
00000099
000000C4
000000D9
0000011D
0000011E
0000019C
000001B7
000001D7
000001E8
0000022D
000002BC
00000304
000003B7
0000046D
00000541
0000073A
0000076D
00000850
00000998
000009F9
00000C72
00000DAD
00000DEA
00000E31
00000ED5
00001009
0000101C
00001024
00001029
0000103B
0000103E
00001072
0000110C
0000116B
000011E1
00001258
000012A9
0000135B
00001362
000013CF
0000151B
00001520
0000152A
0000152B
00001539
00001562
00001592
00001593
000015B0
000015B7
000015E5
000015F5
00001603
00001611
00001620
00001626
00001629
0000163C
00001643
00001646
0000164B
0000164D
00001650
00001655
0000165C
00001664
0000166A
0000166C
00001676
00001685
00001688
00001689
00001696
00001718
000017B6
000017C5
000017E2
000017FF
0000180A
0000180E
00001815
0000185A
0000008A
00000167
000001B8
000002B2
00000300
000004B4
000004FA
000006E4
0000097B
000009FB
00000CBC
00000FCB
00001008
0000102A
0000107E
000010CD
000011BA
00001230
000012FB
00001337
0000144A
00001507
0000150E
00001541
00001554
00001567
00001586
00001588
000015BE
00001627
00001680
0000169F
000016AE
000016BE
000016EF
000016F3
00001739
0000174B
00001753
00001763
00001775
0000181B
0000182E
00001841
0000184B
00001866
00000059
0000006C
000000A5
000001F0
00000257
0000041C
00000484
0000074F
0000090A
00000B81
00000DA6
00000DF2
00000E48
00000F03
00001078
000011DD
00001215
00001225
000012E8
0000152C
0000159F
00001634
00001670
00001677
00001687
000017C0
00000011
00000015
00000018
0000001D
00000038
00000043
00000163
000001E5
000001FF
0000030E
000003C2
00000431
0000058D
00000719
00000940
00001248
00000019
00000023
00000045
0000004E
000000B2
000000B9
000000C4
000000E6
00000127
0000015E
0000019C
000001AE
000001D7
000002BD
00000334
0000058E
00000604
00000760
000008A3
00000965
00000DAD
00000DEA
00000E6E
00001157
00001301
00001362
00001469
0000185A
0000007E
00000081
0000008A
0000008C
000000A5
00000101
00000117
00000191
00000199
000001DC
000001DE
00000217
0000023D
000002AB
00000300
000004B4
000004FA
00000541
000006E4
00000724
0000074E
00000850
000009FB
00000B7A
000010C5
000011BA
00001230
0000131A
00001443
0000151B
00001586
000015BE
000015C2
000015E1
00001605
00001627
00001646
0000169F
000017E2
0000184B
00000042
00000046
00000058
00000059
0000005A
0000006C
00000080
000000C3
000000C8
000000D9
00000102
0000011E
0000012C
00000158
00000161
00000189
0000022D
00000257
0000027F
00000281
00000289
000002D2
000002F1
000003DF
00000410
00000484
000004EE
000008D0
00000AB4
000010D0
0000110C
00001278
00001292
000013E8
000014A4
00001567
00001590
000015B0
00001689
000017A8
000017E5
0000180A
0000180E
00001821
00000043
000000DC
00000163
0000030E
000003A9
000004A6
00000D7C
00000E05
0000116C
00001215
00001305
000013B3
00001814
000000E6
000003FE
000006D9
00000B13
00000C33
00000CFA
00000DC6
00000DFB
00000E5B
00000E68
00000F12
00000F15
00000F17
00000F1D
00000F2B
00000F63
00000FB5
00000FC2
00000FCA
00000FD4
00000FE1
00000FE8
00000FFD
00001000
0000100A
0000100B
0000100D
00001015
00001020
0000102B
00001044
00001047
00001051
00001056
00001068
0000106C
00001071
00001075
00001079
0000107C
00001080
00001085
00001087
00001089
0000108A
0000108B
0000108E
00001094
00001095
000010E6
000011AA
00001221
0000123A
00001266
0000128A
000012CA
000012EB
000012EC
000013BB
00001467
0000146E
00001482
00001483
00001485
000014C1
000014CF
00001842
00001845
00001847
0000184E
00001851
00001852
00001857
0000185B
00001860
0000186C
0000186D
00001871
00001872
00001877
00001878
0000187B
0000187C
0000187F
00001881
00001882
00001883
0000001D
00000036
0000006D
0000006F
000000A9
000000B8
000000DE
00000105
00000138
0000013D
0000013F
00000152
0000016F
00000178
0000017E
0000019F
000001BA
000001C4
000001C5
000001FA
0000020A
00000231
00000237
0000024F
00000271
00000290
00000298
000002CC
000002D5
000002F5
000002FD
00000389
0000042E
0000043D
0000048D
000004B5
000004BA
000004BD
000004E8
00000526
000005A6
000005A9
000005D8
00000651
0000065C
0000069A
000006BE
0000071A
00000749
000007D6
00000805
00000813
00000817
00000849
00000872
000008AE
000008CB
0000091A
00000940
00000952
000009F3
00000AF5
00000B14
00000B2B
00000B30
00000B55
00000BE5
00000BFA
00000D5E
00000E91
00000EA0
00000EE2
00000F7D
00000FA7
00000FB7
00000FDA
00001049
0000104F
00001055
0000105D
00001069
00001097
000010A9
000010B8
000010D2
000010D5
000010DB
0000110B
00001119
0000119F
000011C6
00001230
00001239
00001288
000012F4
000012F5
00001339
0000135F
000013DA
0000142D
00001453
0000145F
000014A2
000014AA
000014AE
00001870
00000003
00000004
00000007
00000018
00000019
0000004D
00000057
0000009B
00000119
00000126
0000016E
00000196
0000019C
000001CC
000001D7
000001E3
000001E6
00000299
0000030D
0000033E
00000379
0000037E
000003CC
000003EC
00000405
00000437
00000537
00000559
00000573
00000575
0000058A
000005AE
000005D3
000005EE
000005F2
00000652
00000660
00000680
000006B1
000006BD
00000714
00000753
00000779
0000078C
0000079A
000007F8
00000818
00000877
00000898
000008BE
000008C5
000008D5
000008D6
000008E4
00000923
0000094B
00000975
00000990
00000A02
00000A06
00000A12
00000A38
00000B6D
00000B8D
00000C31
00000C50
00000C7A
00000C95
00000CB7
00000CC7
00000CC9
00000CE1
00000CF3
00000D00
00000D0E
00000DAD
00000DEA
00000E25
00000E39
00000E6E
00000F37
00000FB6
000010D0
0000110C
00001125
00001128
00001138
000011A6
000011AB
000011DC
000011EA
000011ED
00001217
000012F6
00001350
00001362
00001364
000013C1
000013C3
000013CD
00001410
00001427
00001454
00001455
000014A4
000014AD
000014C0
000014E8
000014EE
00001513
00001557
00001558
0000156F
00001581
000015A1
000015D0
00001638
00001639
00001661
0000166A
0000168A
0000168F
00001718
00001761
0000177E
000017A2
000017BB
000017D7
000017E1
00001843
0000185A
00000048
0000005A
0000008A
0000008C
000000C4
000000F1
0000014A
00000199
00000213
00000225
000002DB
00000300
00000331
00000354
00000446
00000467
00000484
000004B4
000004FA
00000541
000005ED
00000646
000006B8
000006E4
000006FB
0000074D
0000074E
0000075D
00000767
000007B1
00000850
0000093F
00000956
000009BE
000009C7
000009FB
00000B15
00000B7A
00000BBD
00000C1F
00000C99
00000CDB
00000D16
00000D3C
00000D54
00000ED6
00000FF4
00001030
0000111E
00001139
0000115B
00001166
00001173
000011BA
00001200
00001223
000013C2
000013C7
00001413
0000149C
000014E0
000014F1
00001509
0000151B
0000152C
00001586
0000158F
000015A0
000015AC
000015BE
000015C2
00001605
00001627
00001634
00001646
0000168D
0000168E
00001691
0000169F
000016C5
000016CE
000016E9
0000174A
00001790
000017B6
000017C1
000017E2
00001818
0000181D
00001841
0000184B
0000185D
0000001D
00000021
00000024
0000004E
00000058
00000059
00000061
0000006C
0000006D
00000099
000000CB
0000010F
00000165
0000016F
0000017F
00000191
000001AC
000001B1
000001D6
00000249
00000257
00000262
00000319
00000340
000003A4
000003EB
0000041C
000004F9
00000702
00000922
00000965
000009DE
00000A3E
00000A64
00000AA7
00000B78
00000BBB
00000E48
00000F0A
00001078
00001097
000010F1
000010F3
00001107
000011CF
00001209
00001260
00001268
00001292
00001337
0000135F
000013C5
00001403
00001436
00001532
00001534
00001549
0000154B
00001567
0000157B
0000159B
000015D5
000016AC
000017D6
00000018
0000001E
0000003B
00000043
0000007E
00000081
0000008B
000000EB
000000FC
0000014B
0000014E
0000015D
00000163
00000178
00000187
000001AE
000001AF
000001DE
000001E5
0000022D
000002A1
000002A9
000002F6
000003A9
000003C2
000003C7
00000431
00000436
000004A6
000004BA
000004DD
00000525
0000056B
0000058D
000005A4
000005C0
00000603
00000604
0000068F
00000692
000006EE
00000726
00000737
0000080E
0000081D
00000831
00000839
00000869
0000086D
000008AC
000008D2
000008F2
000008F5
000008F9
00000964
00000993
000009BF
000009D6
00000A2B
00000A9B
00000AC9
00000B51
00000C73
00000CCF
00000DD8
00000E29
00001082
000010AA
00001215
0000129A
000012E4
00001301
0000137C
0000138E
0000138F
000013BC
000013DB
0000141C
00001437
00001464
000014E8
00001507
0000150E
0000153B
00001557
00001558
000015C3
00001639
000016D1
000017B4
000017E5
00001814
00000010
00000019
00000027
00000045
00000064
00000076
00000083
0000008A
0000009C
000000C4
000000C8
000000D9
00000102
00000117
0000012C
0000013B
00000160
0000016C
00000174
0000018E
0000019C
000001A6
000001D7
000001DF
0000027F
00000281
000002B2
0000032E
00000343
00000361
000003D0
000003DC
000003F5
0000041E
0000044B
0000052F
0000058E
000005E2
00000605
000006AB
000006B8
000006C3
000006F1
00000719
0000074E
00000914
00000AAD
00000AB4
00000B67
00000BB8
00000BF6
00000C1F
00000C54
00000CBC
00000DAD
00000DEA
00000E67
00000ED6
00000EEE
0000109B
0000113F
0000114F
0000122F
0000131A
00001362
000013B7
000013C1
00001469
00001470
000014F8
00001518
00001537
00001689
0000168F
000017DF
000017E4
000017EF
0000180A
0000180E
0000185A
0000005A
0000005E
0000006C
000000A5
000000AA
0000017B
00000191
000001A4
000001BD
000001DB
00000213
00000224
0000023B
00000252
0000029A
000002D2
000002F7
00000300
000003B0
00000454
000004B4
000004FA
00000541
00000597
000006E4
00000715
00000850
00000902
00000A82
00000CC3
00000D7C
00000DBE
00000E05
00000EBF
000010C5
000011BA
00001230
00001292
000012E6
00001305
00001309
00001403
000014F6
00001509
0000151B
00001521
00001549
00001586
000015B0
000015BE
000015C2
000015DC
00001605
00001614
00001618
00001627
00001631
0000169F
000016AB
000017BC
000017E2
00001804
0000184B
00000058
00000059
0000008C
000000BB
000000E6
00000161
0000016F
00000234
0000023C
0000023D
0000033E
0000039E
000003EB
0000046D
000006D9
00000825
00000831
00000A7E
00000B24
00000C07
00000C1E
00000C4B
00000D43
00000DDD
00000E48
0000110C
0000116C
00001215
0000127B
0000129A
00001441
00001532
0000154B
0000156A
000015B8
0000163E
00001859
00000018
00000021
00000024
00000049
00000063
000001F0
00000232
00000361
000003DF
00000441
0000044D
0000045C
00000475
00000484
00000495
000004BA
00000514
00000604
00000605
00000708
00000765
0000079D
00000853
000008C4
00000A1F
00000B1E
00000C70
00000C73
00000CED
00000D7B
00000E78
00000EA0
00000F7A
00000FC3
00001086
00001145
000011AD
00001229
000012E4
00001353
0000136C
00001507
0000150A
0000150E
00001541
000015A8
000015D0
00001686
0000168D
000016B2
000016EA
000017F9
000017FB
00001800
0000003F
00000064
000000C4
000000EB
0000010F
0000014B
0000022D
00000297
000002EC
000003DC
00000548
0000057A
00000597
00000603
0000078E
00000940
00000E1B
00001024
0000103B
0000103E
00001114
00001216
000013B3
000013F0
0000142F
00001451
000014B2
0000152B
00001603
0000160C
00001611
00001629
00001639
0000163C
0000164E
00001655
0000165C
00001664
00001676
00001743
000017C5
000017FF
00001815
00000019
0000001E
0000004E
0000019C
000001A4
000001AA
000001D7
0000054E
00000AC6
00000D53
00000DAD
00000DEA
00000E6E
00000FCB
00001008
0000102A
000010D0
00001218
00001272
00001301
00001362
000013CD
00001515
0000152A
00001554
00001567
00001588
00001596
000015B1
00001646
000016BE
0000184C
0000185A
000000CB
00000225
0000023D
00000252
00000257
00000300
000004B4
000004F6
000004FA
00000541
000006E4
00000850
000009FB
00000B7A
00001029
0000109B
000011BA
00001230
0000125E
00001507
0000150E
0000151B
0000152C
00001586
0000159F
000015BE
000015C2
000015C4
00001605
00001627
00001634
00001670
00001677
00001687
0000169F
000016AE
00001753
000017B6
000017C0
000017E2
0000182E
0000184B
0000001D
00000024
00000043
00000058
00000059
0000006C
00000163
0000018E
000001AF
000001E5
0000030E
0000032E
000003C7
0000041C
00000484
00000486
000004A6
000008D0
00000965
0000110C
00001292
00001539
0000154C
000017E5
00000018
0000019A
00000431
0000058D
00000719
00000917
0000154F
000000C4
00000760
00000B13
00000C33
00000CFA
00000DC6
00000DFB
00000E5B
00000F15
00000F17
00000F1D
00000F63
00000F7D
00000FA7
00000FC2
00000FDA
00000FE1
00000FE8
00000FFD
00001000
0000100A
0000100B
0000100D
00001015
00001020
0000102B
00001044
00001047
0000104F
00001051
00001055
00001068
00001069
0000106C
00001071
00001075
00001079
0000107C
00001080
00001085
00001087
00001089
0000108A
0000108B
0000108E
00001094
00001095
000010E6
000011AA
00001221
00001266
0000128A
000012EC
000013BB
0000145F
00001467
0000146E
00001483
00001485
000014CF
00001842
00001845
00001847
0000184E
00001851
00001852
00001857
0000185B
00001860
0000186C
0000186D
00001870
00001871
00001872
00001877
00001878
0000187B
0000187C
0000187F
00001881
00001882
00001883
00000027
00000036
0000006D
0000006F
000000A9
000000B8
000000DE
00000105
00000138
0000013D
0000013F
00000152
0000017E
0000019F
000001BA
000001C4
000001FA
0000020A
00000231
00000237
0000024F
00000271
00000290
00000298
000002CC
000002D5
000002F5
000002FD
0000030D
00000389
000003D5
0000042E
0000048D
000004B5
000004BD
000004E8
00000526
000005A9
000005D8
00000651
0000065C
0000069A
000006BE
0000071A
00000749
000007D6
000007E5
00000805
00000813
00000817
00000849
00000872
000008AE
000008CB
0000091A
00000952
000009F3
00000A45
00000A83
00000AF5
00000B14
00000B2B
00000B30
00000BE5
00000BFA
00000DE0
00000DF1
00000E68
00000EE2
00000F12
00000F2B
00000FB5
00000FB7
00000FCA
00000FD4
00001049
00001056
0000105D
00001097
000010B8
000010D2
000010D5
000010DB
0000110B
00001119
0000119F
000011C6
00001239
0000123A
00001288
000012CA
000012EB
000012F4
000012F5
00001339
0000135F
000013DA
000013EC
0000142D
00001453
00001482
000014A2
000014AA
000014AE
000014C1
00000007
0000001D
0000003F
0000009B
000000AC
000000CC
0000016E
00000196
000001CC
00000230
0000023C
00000299
0000033E
00000354
0000037E
000003CC
000003E2
000003EC
00000491
00000559
00000573
00000575
000005AE
000005EE
000005F2
00000680
000006B1
000006BD
00000714
00000753
0000075D
00000779
0000078C
000007F8
00000818
00000877
000008BE
000008D6
000008E4
00000923
00000961
00000975
00000990
00000A02
00000A06
00000A0C
00000A12
00000A2F
00000A97
00000B6D
00000B8D
00000C31
00000C50
00000C7A
00000C95
00000CB7
00000CE1
00000CF3
00000D3B
00000D5E
00000E2E
00000E39
00000F37
00000F8B
000010A9
0000110C
0000111C
0000111E
00001125
00001128
00001138
000011AB
000011DC
000011EA
000011ED
00001217
00001223
0000129F
000012F6
00001364
000013C1
000013C3
00001410
00001427
00001454
00001455
000014AD
000014E8
00001513
00001557
00001558
0000156F
00001581
000015A1
000015B9
00001639
0000168A
0000168F
00001715
000017BB
00001843
0000004D
0000005A
000000CB
00000119
000001CB
000001D6
000001E3
0000024A
000003C6
00000442
00000467
00000476
00000536
0000054E
00000646
00000652
000006B8
0000074D
00000767
000007B1
00000956
000009BE
00000B15
00000B44
00000BD7
00000CC7
00000CF5
00000D00
00000D16
00000D90
00000ED6
00000F8E
00001030
00001082
000010F3
00001139
00001157
0000115B
00001166
00001173
00001209
00001328
00001370
00001371
000013B7
000013C2
000013C7
00001413
00001441
0000149C
000014E0
000014F1
00001521
00001525
0000152C
0000157B
0000158F
000015A4
000015D0
00001661
00001692
000016B5
000017C1
000017D4
00001841
00000021
00000027
00000049
00000061
00000063
0000006D
00000088
0000008B
000000A7
000000BB
000000C7
000000CD
000000FC
0000010F
0000016A
00000178
000001AC
000001E8
000001FD
00000249
00000262
00000441
00000495
000004C3
000004E3
000004F9
00000548
0000056B
000005A4
000005C0
00000605
000006A2
000006C3
000006D6
000006E0
000006F7
000006FC
0000072C
00000738
0000076C
0000079D
000007EB
000007ED
000007F9
0000084D
00000853
00000891
000008E0
00000914
00000922
000009C8
000009CE
000009DE
000009E8
00000AA7
00000AD5
00000B08
00000B1E
00000B24
00000B68
00000B78
00000B93
00000BBB
00000C13
00000C70
00000CED
00000E50
00000E70
00000EBB
00000ECC
00000EE6
00000F0A
00001097
000010AB
000010F0
00001107
000011AF
000011CF
000011D9
00001216
00001229
00001238
00001258
0000126B
000012E4
00001322
00001333
0000135F
00001380
00001383
000013C6
000013DE
00001436
00001442
00001534
000015C7
0000003F
0000004E
00000059
00000064
0000006C
0000007E
0000008A
000000A3
00000104
00000187
000001AA
000001F0
000002EC
00000484
000004BA
000004F7
00000507
0000050A
00000525
00000575
00000597
00000603
00000619
00000632
00000664
00000696
0000072D
00000741
0000074E
00000765
00000781
00000871
00000925
0000097B
000009F9
00000A6F
00000AE9
00000AF0
00000B0A
00000BB9
00000C5B
00000C91
00000D47
00000DCB
00000E93
00000EB9
00000ED0
00000ED3
00000ED9
00000EEE
00000F5C
00000F7A
00000FC3
00000FC5
00001077
00001086
000010BE
000010D0
00001117
00001118
0000111C
00001151
00001178
000011D2
000011D4
00001243
0000125C
0000125F
000012D2
000012FB
0000130D
0000135B
0000137C
000013CC
00001427
00001495
000014DB
000014E8
00001515
00001549
00001557
00001558
00001582
000015A1
000015A8
000015B1
0000160C
0000160F
00001639
0000163F
0000164E
0000168F
000016D1
000016DB
000017AC
000017E4
000017F9
0000184C
0000000A
00000018
00000019
0000001D
00000024
0000005A
000000CB
000000E6
0000012C
0000015E
0000016E
0000019C
000001D7
000002F4
00000321
0000052E
0000058E
000005FF
0000074F
0000090A
00000940
00000A46
00000A4B
00000A5E
00000A92
00000AB4
00000AE1
00000B67
00000B87
00000C26
00000C2E
00000DA6
00000DAD
00000DF2
00000E6E
00000F9A
000011DD
00001291
00001337
000013CD
00001469
000014A4
000014F6
00001576
0000157D
000015AA
000015D9
00001635
00001689
000017EF
00001807
0000180E
0000185A
00000011
00000032
0000008C
000000C4
000000D9
0000011E
000001FF
0000047C
000004B4
000004FA
00000541
00000850
00000A38
00000C4B
00000DEA
00000E82
00000EBE
00001301
00001362
000014A7
00001537
0000155E
00001567
00001583
000015B0
000015C2
00001646
00001661
00001691
0000169F
00001718
000017A8
000017C2
000017E2
000017F2
0000180A
0000184B
00000023
00000042
00000059
0000006C
00000080
0000008A
000000B2
00000191
000001B7
0000022D
0000023D
00000257
00000300
00000604
00000965
000009FB
0000110C
000011BA
00001353
000014F8
0000151B
00001521
00001590
000015BE
00001605
00001627
000016C0
000017B6
000017E9
00000024
00000043
00000163
0000030E
000003A9
000003C2
000004A6
00000E48
00001024
0000103B
0000103E
0000152A
0000156A
00001592
00001603
00001611
00001620
00001629
0000163C
00001650
00001655
0000165C
00001676
000017C5
000017FF
00001814
00000018
0000001D
00000117
00000514
00000FCB
00001008
0000102A
00001507
0000150A
0000152B
00001541
00001554
00001588
00001593
000016AE
000016BE
00001753
0000182E
000000C4
00001029
00001072
00001509
0000150E
0000152C
0000159F
000015B7
00001634
00001670
00001677
00001687
000016F3
000017C0
0000152A
00001763
00000CA5
00000CE9
00000FCB
00001008
00001024
0000102A
0000103B
0000103E
00001507
0000152B
00001554
00001588
000015C4
000016BE
00001753
0000182E
0000101C
00001029
00001072
000011AD
0000150E
0000152C
00001541
00001593
0000159F
000015D1
00001603
00001650
00001670
00001677
00001687
000016AE
000016D9
000016F3
000017C0
00000361
00000B13
00000C07
00000C33
00000CFA
00000DC6
00000DFB
00000E5B
00000E68
00000F12
00000F15
00000F17
00000F1D
00000F63
00000FA7
00000FB5
00000FB7
00000FC2
00000FCA
00000FD4
00000FE1
00000FE8
00000FFD
00001000
0000100A
0000100B
0000100D
00001015
00001020
0000102B
00001044
00001047
00001051
00001056
00001068
0000106C
00001071
00001075
00001079
0000107C
00001080
00001085
00001087
00001089
0000108A
0000108B
0000108E
00001094
00001095
000010E6
000011AA
00001221
00001266
0000128A
000012CA
000012EB
000012EC
000013BB
00001467
0000146E
00001482
00001483
00001485
000014CF
000017FF
00001842
00001845
00001847
0000184E
00001851
00001852
00001857
0000185B
00001860
0000186C
0000186D
00001871
00001872
00001877
00001878
0000187B
0000187C
0000187F
00001881
00001882
00001883
00000036
0000006D
0000006F
000000A9
000000B8
000000DE
00000105
00000138
0000013D
0000013F
00000152
0000017E
0000019E
0000019F
000001BA
000001C4
000001C5
000001FA
0000020A
00000231
00000237
0000024F
00000271
00000290
00000298
000002CC
000002D5
000002F5
000002FD
0000030D
00000389
000003D5
0000042E
0000048D
000004B5
000004BD
000004E8
00000526
00000540
000005A6
000005A9
000005D8
00000651
0000065C
0000069A
000006BE
0000071A
00000749
000007D6
00000805
00000813
00000817
00000849
00000872
000008AE
000008C5
000008CB
0000091A
00000952
000009F3
00000AF5
00000B14
00000B2B
00000B30
00000B55
00000BB0
00000BE5
00000BFA
00000D5E
00000EE2
00000F21
00000F2B
00000F7D
00000FB6
00000FDA
00001049
0000104F
00001055
0000105D
00001069
00001097
000010A9
000010B8
000010D2
000010D5
000010DB
0000110B
00001119
0000119F
000011A6
000011C6
00001217
00001239
0000123A
00001288
000012F4
000012F5
00001338
00001339
0000135F
000013DA
0000142D
00001453
0000145F
000014A2
000014AE
000014C1
00001870
00000007
0000001D
0000004D
0000009B
000000A1
000000CB
000000DA
00000119
0000016E
00000196
000001CC
000001E6
0000023C
00000299
000002DB
00000331
0000033E
00000354
0000037E
000003CC
000003EC
00000537
00000548
00000559
00000573
00000575
0000058A
000005AE
000005D3
000005EE
000005F2
00000652
00000680
000006B1
000006BD
00000714
00000753
0000075D
00000779
0000078C
0000079A
000007B6
000007F8
00000818
00000877
00000898
000008BE
000008D5
000008D6
000008E4
00000923
0000093F
00000961
00000975
00000990
00000A02
00000A06
00000A0C
00000A12
00000A2F
00000A97
00000B04
00000B6D
00000B8D
00000BFB
00000C12
00000C31
00000C50
00000C95
00000CB7
00000CC9
00000CE1
00000CEF
00000CF3
00000D00
00000D0E
00000D35
00000D3B
00000D54
00000E2C
00000E39
00000F0A
00000F37
000010F1
0000110C
0000111E
00001125
00001128
00001138
000011AB
000011DC
000011EA
000011ED
00001223
000012F6
00001350
00001364
000013C3
00001410
00001426
00001427
00001433
00001454
0000148C
000014AD
000014E8
000014EE
00001513
00001557
00001558
0000156F
00001581
000015A1
000015D0
00001639
00001661
0000168A
0000168F
000017BB
00001843
00000018
00000027
0000003B
0000005A
00000076
0000007A
00000099
0000009C
000000BA
0000011D
0000014A
00000165
000001B1
000001B2
000001CB
000001D6
00000249
0000024A
000002A1
00000318
00000334
00000395
0000039F
000003C6
000003E2
000003F4
0000045A
00000467
00000492
0000052F
000005ED
00000605
00000625
00000646
00000650
000006B8
000006F3
000006F9
000006FF
0000074D
00000767
000007B1
000007C9
000007E5
0000087D
00000956
000009BE
00000A64
00000B15
00000B44
00000BC7
00000BD7
00000C73
00000C98
00000C99
00000CF5
00000D16
00000DAD
00000DEA
00000ED6
00000EE4
00000EE6
00000FF4
00001030
00001078
000010F3
000010FB
00001139
0000115B
00001166
00001200
00001209
00001268
00001270
000013C2
000013C7
000013DB
00001413
0000149C
000014E0
0000152C
0000155A
0000157B
000015A0
0000168E
000017BC
000017C1
000017D7
0000181D
00001841
0000185D
00000021
00000059
0000005E
00000061
0000006D
000000A7
000000AA
000000BB
000000C4
000000C7
000000FC
0000010F
0000014B
0000015D
0000016A
00000178
0000017F
000001AC
000001E8
000001EA
000001FF
00000225
00000250
00000257
00000262
0000029A
000002B2
000002D2
000002DC
000002F7
00000300
00000304
00000319
0000031F
000003A4
000003D0
000003E9
0000041C
0000048E
00000497
000004B4
000004E3
000004FA
0000056B
000005A4
000005C0
000005E2
00000603
00000640
00000692
000006A2
000006C3
0000072D
00000738
00000781
000007A3
000007F9
00000831
00000839
00000869
0000086D
00000891
000008AC
000008D2
000008E0
000008E6
000008F2
000008F9
00000914
0000091B
00000922
00000964
00000983
000009CE
000009DE
000009E8
000009E9
00000A2B
00000A3E
00000A82
00000AA7
00000AD5
00000B68
00000B78
00000BBB
00000CBC
00000D7B
00000DD8
00000E50
00001097
00001107
0000114F
00001173
000011CF
00001230
00001258
00001260
000012E4
00001322
00001328
0000132A
0000133D
0000135F
00001383
000013B7
000013BC
000013C5
00001403
00001436
00001442
00001443
0000144D
000014F1
00001534
00001549
000015BE
000015C2
0000169F
0000184B
0000185A
0000001D
00000023
00000046
00000049
00000064
0000006C
0000006E
00000088
0000008A
0000008B
000000A3
000000B2
000000B9
000000EB
0000014E
00000160
00000163
0000016E
00000189
000001AE
000001DB
000001E5
000001F0
0000022D
00000244
0000024C
000002A9
0000030E
0000032B
00000361
0000039B
000003B4
000003B5
000003DC
000003E4
0000041E
00000431
0000045C
00000475
00000478
00000484
000004A6
000004AD
000004C1
00000541
0000054E
00000585
0000058D
00000604
0000067F
0000068F
0000069D
000006A3
000006AB
000006DF
000006FC
00000726
00000737
0000074E
00000765
00000806
0000080E
00000825
000008C0
000009FB
00000A72
00000A7E
00000AC9
00000AE9
00000B35
00000B67
00000C0D
00000C4B
00000C59
00000D6F
00000DDD
00000E3D
00000E5E
00000E67
00000E78
00000ED9
00000EEE
00000F41
00000F5C
00000F7A
00000FC3
00000FCF
00001086
000010C0
000010CD
000010ED
000010F5
0000110C
00001117
00001118
00001145
0000119A
000011BA
000011D4
000011D9
000011E1
000011F6
00001216
00001238
00001291
0000136C
000013F0
0000142F
00001441
00001451
00001464
000014E5
000014E8
00001557
00001558
00001586
000015D0
00001605
0000160C
00001627
00001639
0000164E
0000168F
000016D1
00001789
00001795
000017E1
000017E4
000017F9
0000001E
00000035
0000003B
0000003F
0000004E
0000005A
0000005C
00000063
0000006B
0000008C
000000A2
000000CB
000000CD
0000012F
00000159
00000167
00000170
00000176
000001A4
000001AA
000001BD
000001D0
00000249
000002B3
000002DA
000002E9
00000441
00000454
0000046B
00000495
000004F7
00000512
0000052E
00000560
00000575
000005FF
00000605
000006AE
0000074F
0000079D
00000852
00000853
00000989
00000998
00000A92
00000AEE
00000B1E
00000B83
00000BB8
00000C07
00000C26
00000C70
00000CB1
00000CED
00000DD1
00000E1B
00000E48
00000EC0
00001098
00001116
00001147
00001157
0000116C
00001215
00001218
00001229
00001272
000012FF
00001353
000013DE
000013E8
000013F2
000014DB
000014F6
000014FF
00001521
00001576
000015A8
000015AA
000015AC
000015D6
000015D9
0000160F
00001635
000017D6
000017EF
0000184C
00000021
00000038
00000042
00000047
00000058
0000007E
00000080
000000A5
000000D9
000000FC
0000010F
00000178
0000018E
00000199
00000214
00000246
00000257
00000287
000002EC
000002F4
00000339
00000417
000004A3
0000058E
00000597
00000940
000009CE
00000A34
00000A4A
00000A63
00000AB4
00000AF0
00000B1C
00000B7A
00000C00
00000D47
00000E6E
00000F48
00001009
0000101C
00001024
00001029
0000103B
0000103E
00001072
000010D0
000010D8
000010D9
0000111C
00001185
000011AD
000011F0
0000129D
00001301
0000135B
000013B3
000013CD
00001427
00001469
00001515
0000152A
0000152B
00001537
00001554
00001568
00001582
00001592
00001593
0000159F
000015B1
000015B7
000015C7
000015D5
00001611
0000161C
0000163C
0000163F
0000164D
00001650
00001655
0000165C
00001664
0000166C
00001676
00001685
00001688
0000169F
00001743
000017C5
000017E5
00001814
00001815
00000011
00000019
00000043
00000048
00000049
00000064
0000008A
000000E6
0000011E
0000012C
00000163
0000019C
000001D7
000002BC
0000030E
00000321
00000361
000003A9
000003C2
0000046D
0000052F
00000646
0000073A
0000081D
00000850
00000A38
00000AC6
00000AE9
00000DAD
00000DEA
00000EC9
00000EEE
00000F5B
00000F5C
00000F7A
00000FC3
00000FCB
00000FD0
00001008
0000102A
00001086
000010D7
000010EB
00001332
00001362
000013CF
000013F0
00001441
000014A4
00001507
0000150E
0000152C
00001539
00001541
0000154F
00001567
00001588
00001590
000015B0
000015C4
000015D1
000015F0
000015F1
000015F4
00001603
00001620
00001629
00001643
00001646
0000164E
0000166A
00001670
00001677
00001687
00001689
00001696
000016AE
000016BE
000016DB
000016EF
000016F3
00001718
00001739
00001753
00001763
000017C0
000017E2
000017E4
000017FF
00001806
0000180A
0000180E
0000182E
0000185A
00001866
00000018
0000001D
0000003F
00000045
00000063
0000006C
0000008C
00000117
00000161
0000016E
0000017B
00000191
00000224
000003A6
000003FE
00000441
00000495
000004AA
000004B4
000004FA
0000052E
00000541
00000548
00000605
000006E4
0000074E
0000079D
00000853
00000899
000008D0
00000965
00000A1F
00000B1E
00000C70
00000CED
00000D95
00000E03
000011AF
00001216
00001229
00001230
0000125E
00001292
000012E4
00001337
0000140A
00001443
000014FF
00001504
00001576
00001586
000015A3
000015AA
000015BE
000015C2
000015D9
00001605
00001627
00001634
000017C2
0000184B
0000184C
00000021
0000004E
00000059
0000005A
0000006D
000000C4
000000CB
0000010F
0000016F
0000018E
000001F0
00000339
00000360
00000379
000003C7
000003EB
00000431
00000484
000004F7
0000055A
00000597
00000603
00000604
0000063C
00000696
000006EE
00000871
00000C7F
00000D8B
00000E48
00001021
0000110C
00001185
000011BA
00001223
0000138E
000014A7
00001509
00001515
00001525
00001549
00001554
00001568
000015A1
000015A8
000015B1
000015C7
0000160C
00001639
0000163F
0000178C
000017AC
00000049
00000058
00000064
000000AA
000000C7
000000CD
0000015D
00000184
000001E5
00000244
000002F4
00000300
000003B0
00000448
0000058A
00000702
000007E6
0000081D
0000089B
0000106F
0000111C
0000117B
00001258
000013F0
00001441
000014A0
000014E8
0000151B
0000152B
0000152C
0000154C
0000154F
00001558
0000157D
0000159F
00001670
00001677
00001687
0000168A
0000168D
00001691
000016C0
000016D1
000016DF
00001726
000017C0
00001818
0000003F
00000063
0000008C
00000160
0000016E
000001AF
0000032B
0000032E
0000039E
000003A9
000003E3
000003F5
00000436
00000441
0000044D
00000495
00000605
0000079D
00000853
000009CE
000009F9
00000B1E
00000C70
00000CED
00000D6E
00000F35
00000FCB
00001008
0000101C
00001029
0000102A
0000103E
00001072
00001216
0000121A
00001229
00001238
0000125E
00001292
000012E4
00001301
000013A9
000014F6
00001507
0000150E
00001518
0000152A
00001557
0000155E
000016EF
000016F3
000017D4
000017EF
000017F9
0000182E
0000183F
00001866
00000010
00000021
0000006C
0000006D
000000CB
0000010F
0000016F
000001F0
000002EC
000003CC
00000490
000004F7
0000054E
0000057A
00000597
000007AA
00000831
000009FB
00000A92
00000AF2
00000B67
00000C7F
00000D3C
0000103B
0000109B
00001114
00001427
000014B2
00001515
00001521
00001537
00001541
00001549
00001554
00001568
00001582
000015A8
000015B1
000015B7
000015C7
00001603
00001639
0000163F
000016DB
00001753
00001763
0000004E
00000058
00000059
0000007E
00000191
000002BC
000002D2
000003C7
00000484
000004DD
0000081D
00000965
00000B08
00000C48
000010FD
0000118D
000014E8
0000152B
0000152C
0000152E
0000154F
00001558
00001567
00001583
00001593
00001595
0000159F
000015A0
000015D0
000015F4
00001670
00001677
00001687
0000168F
000017B4
000017C0
000017E1
000017E9
00001841
0000185D
0000005A
0000012C
0000019C
000001D7
00000224
000002F4
00000339
0000046D
000005E3
000006EE
00000883
00000899
00000B13
00000B4F
00000C33
00000CFA
00000DC6
00000DFB
00000E48
00000E5B
00000F15
00000F17
00000F1D
00000F2B
00000F35
00000F63
00000F7D
00000FA7
00000FB5
00000FC2
00000FCB
00000FE1
00000FE8
00000FFD
00001000
00001008
0000100A
0000100B
0000100D
00001015
0000101C
00001020
00001029
0000102A
0000102B
00001044
00001047
0000104F
00001051
00001055
00001068
00001069
0000106C
0000106F
00001071
00001072
00001075
00001079
0000107C
00001080
00001085
00001087
00001089
0000108A
0000108B
0000108E
00001094
00001095
000010E6
000010EC
000011AA
000011BA
00001221
00001266
0000128A
000012A0
000012EC
00001328
000013BB
00001410
0000145F
00001467
0000146E
00001483
00001485
000014C1
000014CF
000014F6
000014F8
00001507
0000150E
0000152A
0000155E
0000156A
000015F1
00001612
0000161C
000016EF
000016F3
000017EF
000017F9
0000182E
00001842
00001845
00001847
0000184E
00001851
00001852
00001857
0000185B
00001860
00001866
0000186C
0000186D
00001870
00001871
00001872
00001877
00001878
0000187B
0000187C
0000187F
00001881
00001882
00001883
00000018
0000001D
00000036
0000006D
0000006F
000000A9
000000B8
000000DE
00000105
00000109
00000138
0000013F
00000152
0000017E
00000186
0000019E
0000019F
000001BA
000001C4
000001C5
000001FA
00000231
00000237
0000024F
00000271
00000290
00000298
000002CC
000002D5
000002F0
000002F5
000002FD
0000032B
00000389
000003D5
0000042E
0000048D
000004BD
000004E8
00000514
00000526
0000052E
00000548
000005A9
000005D8
00000651
0000065C
0000069A
000006BE
0000071A
00000749
000007D6
00000805
00000813
00000817
00000849
00000872
000008AE
000008CB
0000091A
00000952
000009F3
00000A45
00000A83
00000AF5
00000B14
00000B2B
00000B30
00000BE5
00000BFA
00000CA5
00000E68
00000EE2
00000F12
00000FB7
00000FCA
00000FD4
00000FDA
00001024
0000103B
0000103E
00001049
00001056
0000105D
00001097
000010B8
000010D2
000010D5
000010DB
0000110B
00001119
0000119F
000011C6
0000123A
00001279
00001288
000012CA
000012EB
000012F4
000012F5
00001339
0000135F
000013DA
000013EC
0000142D
00001453
00001482
00001490
000014A2
000014AA
000014AE
00001554
000016D9
00001740
00001753
00001795
000017FF
00000007
0000003B
0000009B
000000AC
000000C4
000000CB
00000196
000001CC
0000020A
00000299
0000030D
0000037E
000003CC
000003E2
000003EC
000003F7
00000491
000004B5
00000536
00000573
00000575
000005AE
000005EE
000005F2
00000680
000006B1
000006BD
00000714
00000760
00000779
0000078C
000007E5
000007F8
00000818
00000877
000008D6
000008E4
00000923
00000961
00000975
00000A02
00000A06
00000A0C
00000A97
00000B6D
00000B8D
00000C31
00000C50
00000C7A
00000C95
00000CB7
00000CC7
00000CDB
00000CE1
00000CE9
00000CF3
00000D5E
00000DEA
00000E25
00000E39
00000E7B
00000EE0
00000EE6
00000F37
00000F4F
0000110C
0000111C
00001125
00001138
000011AB
000011DC
000011EA
00001217
000012F6
00001362
000013C3
00001427
00001454
00001455
000014AD
000014E8
00001513
00001527
0000152B
0000152C
00001557
00001558
0000156F
00001581
00001593
0000159F
000015A1
000015B7
000015D0
00001603
0000160C
00001628
00001638
00001639
00001661
00001670
00001677
00001687
0000168A
0000168F
000016D1
0000177E
000017BB
000017C0
0000181C
00001843
0000004D
00000059
0000008A
00000099
000000FC
00000119
00000300
00000354
0000035A
000003C6
00000507
00000541
0000054E
000005A6
00000646
000006B8
0000074D
0000075D
00000765
00000767
000007EB
00000850
00000956
00000990
000009BE
000009F0
00000A12
00000A82
00000A92
00000B67
00000D90
00000ED6
00000FCB
00001008
0000101C
00001029
0000102A
00001030
00001072
0000111E
00001139
0000115B
000011AD
00001223
00001230
00001238
0000125F
00001291
000013C7
00001426
00001441
0000148E
000014E0
000014EE
000014F1
00001507
0000150E
0000152A
00001534
00001541
00001586
0000158F
000015A4
000015AC
000015BE
000015C2
000015C4
0000160F
0000166E
0000169F
000016C5
000016EF
000016F3
00001739
00001763
000017D4
000017D7
00001804
0000181D
0000182E
00001841
0000184B
00001866
00000018
0000001D
00000024
0000003F
0000005A
00000061
00000063
0000008C
000000CD
000001D6
00000361
00000441
0000045C
00000495
000004A3
00000604
00000605
000006D6
0000074E
0000079D
00000853
000009DE
00000A7E
00000B1E
00000C07
00000C70
00000CED
00000D47
00000D5C
00000E31
00000E48
00000E78
00000EEE
00000F5C
00000F7A
00000FC3
0000103B
0000103E
00001145
00001173
000011AF
00001216
0000121A
00001229
000012E4
00001350
000013A9
000013F0
000013F5
0000140A
0000142F
00001436
00001451
0000157B
0000159C
0000164E
00001753
000017BC
000017E4
00000021
00000027
00000049
000000C4
0000010F
000001AA
000001F0
0000028E
0000035C
000004F7
000004F9
0000051C
0000052E
00000589
00000597
00000603
00000696
00000722
00000AE9
00000BBB
00001086
00001157
00001185
0000144C
000014A4
000014A7
000014F6
000014FF
00001515
0000152B
00001549
00001554
00001576
0000157D
00001580
00001582
00001593
0000159F
000015A8
000015B1
000015C7
000015D6
00001639
0000163F
000016C0
000016C4
000016DB
00001743
00001807
00001814
0000184C
0000004E
00000064
0000006C
0000008B
000000CB
0000014B
0000014E
00000184
0000027E
0000032B
0000032D
00000339
000003C3
000004BA
0000063C
00000862
000008A9
00000FCB
00001008
0000101C
00001029
0000102A
00001072
00001238
00001441
00001507
0000150E
0000151A
0000152A
0000152C
0000152E
0000155E
00001568
000015F4
00001650
00001655
00001670
00001677
00001687
000016EF
000016F3
000017C0
000017F2
000017F9
0000182E
00001866
00000018
0000003F
00000059
00000063
000000DA
000002A9
000002BC
000002F4
000003A5
000003BB
00000410
00000441
00000495
0000053B
00000548
00000567
0000056F
00000605
00000642
0000079D
00000853
00000B1E
00000C70
00000C87
00000CED
00000D63
00000E83
00001024
0000103E
0000106F
00001216
00001229
000012E4
000013A9
0000140A
00001490
000014A0
00001541
0000154F
000015B7
00001603
0000161C
00001753
00001763
000017FF
00000009
00000021
0000002A
00000049
00000058
0000006D
000000C4
000000CD
000000FE
0000010F
000004F7
00000597
00000722
0000089B
000009FB
00000A92
00000C93
00000E9B
00000EDA
00001021
000010A0
000010C3
0000111C
00001185
0000121A
00001232
0000129A
00001301
000013F0
00001509
00001515
00001521
00001593
00001595
0000159F
000015A8
000015B1
000015C7
000015F1
0000160C
00001631
00001639
0000163F
00001706
00001713
000017AC
00001801
00000064
000000D5
0000012E
00000184
000001DB
000001E8
000001F0
00000235
00000262
0000028E
0000039D
00000448
00000614
00000787
00000965
000009F0
00000B08
00000C72
00000D5C
000010B0
000010FD
0000110C
0000116C
00001215
00001258
000013A2
000013E4
00001427
00001441
0000144C
000014E8
00001504
0000151A
00001554
00001557
0000157D
00001583
000015A1
000015A3
000015F0
00001620
0000168F
000016D1
000016DB
000017EF
00001848
0000001D
00000024
0000003F
00000063
00000099
00000109
0000014B
0000014E
00000186
0000032B
0000035C
00000369
00000375
00000385
000003C3
0000041D
00000441
00000495
0000051C
00000589
000005A8
00000604
00000605
0000065B
0000079D
000007AA
0000081D
00000853
00000883
00000B1E
00000B67
00000C70
00000CED
00000F5E
000011AF
00001216
00001229
00001238
00001298
000012A0
000012D3
000012E4
00001328
00001338
000013A9
0000140A
000014F6
0000152C
0000152E
00001537
00001549
0000155E
00001661
00001670
00001677
00001687
000016C0
0000175D
000017C0
000017E9
000017F9
00000018
00000021
00000027
00000049
0000004E
00000058
0000005A
0000006C
0000006D
000000CB
000000CD
000000DA
000000FE
0000010F
00000115
0000015B
0000016F
0000018E
00000191
000001AA
0000023B
000002C1
000002D3
000002F8
0000032E
00000339
00000361
00000376
000003C4
000003C7
000003F7
00000410
0000045C
00000469
00000484
000004A3
000004F7
0000054E
00000597
000005AD
000005C1
00000603
0000063C
000006D4
00000722
00000831
000009CE
00000A92
00000C07
00000E48
00000EBE
00000EC9
00000EDA
00000F5B
00000FD0
000010D9
000010E1
000011AC
000011CE
00001292
00001301
00001455
000014A0
00001515
00001539
00001567
00001568
00001582
000015A8
000015B1
000015C7
00001639
0000163F
00001696
00001743
0000178C
00000029
00000064
0000008A
000000C4
000000D5
000001DB
000001E8
00000225
00000235
0000028E
000002BC
000002F4
0000031B
000003B0
000003BB
0000046D
00000487
00000536
00000575
0000058A
000005E3
00000614
00000642
00000696
000006EE
0000074E
000007E6
00000862
000009D6
00000A7E
00000C48
00000C59
00000D7B
00000E78
00000E82
00000F35
0000106F
0000109B
000010B0
000010E4
000010FD
0000111C
00001145
000011E1
00001332
000013BA
000013DA
000013E4
000013F0
000013F2
0000142F
00001472
00001490
000014DB
000014E8
0000154F
00001557
00001558
00001575
0000159F
000015A1
000015B9
000015E1
000015F4
0000168A
0000168F
000016D1
000016DF
00001706
00001736
000017D4
000017E1
00001801
00001843
00001868
00000059
0000008C
000000FF
0000014B
0000014E
0000017B
00000181
0000027E
0000032D
00000375
000003A5
000003C3
000003CC
000003EC
0000044C
0000052E
0000053B
0000056F
00000702
000007B5
00000871
000008B9
000009F0
00000B67
00000D5C
00000EE6
00000EEB
0000117B
00001291
00001298
00001338
00001344
00001366
00001441
00001453
00001521
0000172A
000017EF
00000009
00000018
0000001D
00000024
0000002A
0000003F
00000049
0000004E
00000058
00000063
00000091
0000009B
000000CD
000000DA
000000FE
0000015D
00000160
0000016F
0000017D
0000018E
000001AF
00000224
0000028C
000002A9
000002C1
0000032A
0000035C
000003A9
000003C7
000003E3
000003EB
00000431
00000436
00000441
00000486
00000495
000004DD
00000567
00000589
00000605
0000063C
0000065B
0000079D
00000853
00000883
000008D0
00000965
00000B1E
00000B51
00000C70
00000CED
00001060
000010B6
000010EC
000011BA
00001216
0000121A
00001229
00001238
00001292
0000129A
000012E4
000013A9
000013BE
0000140A
0000144C
00001497
000014F6
00001518
00001537
000015A0
0000160F
000017DA
0000183F
0000185D
00000021
0000003B
00000047
0000005A
0000005E
0000006C
000000C4
000000CB
000000D5
0000010F
00000174
0000019A
000001B5
000001CA
000001DB
000001E5
000001F0
00000235
0000023B
0000023D
0000027D
00000281
0000031B
0000032B
0000032E
00000361
0000039E
0000039F
000003AD
000003C4
0000044D
0000045C
00000469
000004A3
000004EF
000004F7
0000051C
00000597
00000604
00000646
00000700
00000722
00000760
0000078E
0000089B
00000991
000009CE
000009E7
000009EA
00000A7E
00000B13
00000C07
00000C33
00000CDD
00000CFA
00000DC6
00000DFB
00000E5B
00000E68
00000EDA
00000F12
00000F15
00000F17
00000F1D
00000F5E
00000F63
00000FA7
00000FB5
00000FC2
00000FCA
00000FD4
00000FDA
00000FE1
00000FE8
00000FFD
00001000
0000100A
0000100B
0000100D
00001015
00001020
00001021
0000102B
00001044
00001047
00001051
00001055
00001056
00001068
0000106C
00001071
00001075
00001079
0000107C
00001080
00001085
00001087
00001089
0000108A
0000108B
0000108E
00001094
00001095
0000109B
000010B0
000010C6
000010E6
0000116C
00001185
000011AA
00001210
00001221
00001230
0000123A
00001266
00001268
00001285
0000128A
000012C8
000012CA
000012EB
000012EC
00001301
00001302
00001332
00001382
000013BB
000013E4
00001451
00001467
0000146E
00001482
00001483
00001485
000014CF
000014ED
00001509
00001515
00001549
0000155A
0000157D
0000159F
000015A8
000015B1
000015C7
000015F1
0000160C
00001639
0000163F
000016C4
000016DB
000017AC
000017E2
000017F9
00001801
00001842
00001845
00001847
0000184E
00001851
00001852
00001857
0000185B
00001860
00001868
0000186C
0000186D
00001871
00001872
00001877
00001878
0000187B
0000187C
0000187F
00001881
00001882
00001883
00000027
00000036
00000064
0000006D
0000006F
000000A9
000000AF
000000B8
000000BD
000000DE
00000105
00000138
0000013F
00000152
0000017E
00000184
0000019F
000001BA
000001C4
000001C5
000001D4
000001E8
000001FA
00000208
0000020A
00000231
00000237
0000023C
00000244
0000024F
0000028E
00000290
00000298
000002CC
000002D5
000002F5
000002F8
000002FD
00000339
00000389
000003D5
0000042E
0000043B
0000048D
000004BD
000004E8
00000526
00000548
0000057A
000005A9
000005D8
00000651
0000065C
00000674
0000069A
000006BE
0000071A
00000749
000007D6
00000805
00000813
00000817
00000849
00000872
000008AE
000008CB
000008F4
0000091A
00000952
000009F3
00000A83
00000AF5
00000B14
00000B2B
00000B2C
00000B30
00000BCA
00000BE5
00000BFA
00000BFC
00000D5E
00000DE0
00000DF1
00000E91
00000F2B
00000F7D
00000FB7
00000FCC
00001049
0000104F
0000105D
00001069
00001097
000010B3
000010D2
000010D5
000010DB
0000110B
0000110C
00001119
0000119F
000011A6
000011C6
00001239
00001258
0000125E
00001288
000012D3
000012F4
000012F5
00001338
00001339
0000135F
000013DA
000013F0
0000142D
00001441
00001453
0000145F
00001472
000014A2
000014AE
000014C1
0000152E
0000155E
00001583
00001702
00001870
00000007
00000018
0000001D
00000024
0000003F
00000049
0000004D
00000058
00000063
00000081
0000008C
0000009B
000000AC
000000DA
00000119
00000126
0000014E
0000015B
0000017D
00000186
00000196
000001CC
000001E6
00000271
000002DB
000002F4
000002F7
00000300
0000030D
0000030F
0000031F
0000032D
00000331
0000033E
0000037E
000003C3
000003CC
000003EC
000003F7
00000441
00000448
0000044C
0000046D
00000491
00000495
000004B5
00000559
00000573
00000575
000005AE
000005D3
000005EE
000005F2
00000605
00000642
0000064E
00000680
000006BD
000006EE
00000702
00000703
00000714
00000753
00000779
0000078C
0000079A
0000079D
000007AA
000007B6
000007F8
00000818
00000853
00000877
000008BE
000008D5
000008D6
00000916
00000923
00000961
00000975
00000A02
00000A06
00000A92
00000A97
00000A9F
00000AF4
00000B1E
00000B67
00000B6D
00000B8D
00000C12
00000C31
00000C50
00000C70
00000C95
00000CB7
00000CC9
00000CE1
00000CED
00000CF3
00000D0E
00000D54
00000D6E
00000E39
00000E5A
00000E70
00000EE6
00000F35
00000F37
00000F41
00000FB6
00000FF4
0000106F
0000111C
00001125
00001138
000011AB
000011AF
000011DC
000011EA
000011ED
00001216
00001217
0000121A
00001229
00001298
0000129F
000012A0
000012E4
000012F6
00001350
00001364
000013A9
000013B7
000013C3
000013CF
00001410
00001427
00001454
00001455
00001490
000014A0
000014A7
000014AA
000014C0
000014E8
000014EE
00001501
00001504
00001513
00001527
00001557
00001558
00001568
0000156F
00001581
000015A1
000015D0
00001628
00001645
00001661
0000168A
0000168F
000016C0
000017B8
000017BB
000017D7
000017E9
0000181C
00001841
00000021
00000029
0000003B
00000045
0000004E
00000059
0000006C
0000008A
00000099
000000C4
000000C8
000000CB
000000FC
000000FE
00000109
0000010F
0000015D
00000161
0000016F
00000191
000001AA
000001F0
00000224
00000225
0000022D
0000027F
00000299
000002D2
000002D3
000002EC
0000032A
0000032B
0000032E
00000354
0000035A
00000375
000003C6
000003C7
000003E2
0000041D
00000436
00000484
000004DD
000004F7
00000514
00000536
0000054E
00000567
00000568
0000056F
00000597
000005A6
000005E3
000005ED
00000603
0000063C
00000646
00000696
000006B8
00000722
0000073A
0000074D
0000074E
0000075D
00000765
00000767
0000076C
000007ED
00000862
00000883
00000898
000008A9
000008E4
000008E7
000008EA
00000956
0000097B
00000990
000009BE
000009F0
000009F9
00000A2F
00000A64
00000B08
00000C87
00000C99
00000D16
00000D5C
00000E48
00000E83
00000ED6
00000EDA
00000EE4
00000FD2
00001022
00001030
000010A0
000010B6
000010C3
0000111E
00001139
00001157
00001166
00001185
000011CE
00001223
00001227
00001238
00001268
0000128C
00001292
00001301
00001328
00001382
000013BA
000013C2
000013C7
0000141E
00001426
0000144C
000014E0
000014F1
000014F6
000014F8
00001509
00001515
00001518
00001521
0000152C
00001534
00001537
00001549
0000154F
0000155A
00001567
00001575
00001582
0000158F
00001595
0000159F
000015A0
000015A8
000015B9
000015C7
000015E4
0000161C
0000163F
00001647
00001665
000016D1
00001706
00001743
0000174A
000017C2
000017D4
000017D6
000017E1
000017EF
000017F2
000017F9
00001801
00001802
0000181D
0000185D
00000009
00000010
0000002A
00000061
00000064
0000006D
000000AF
000000CD
000000D5
00000115
0000012E
00000160
00000174
0000017F
00000184
000001AF
000001B5
000001D4
000001D6
000001DB
000001E8
00000208
00000212
00000235
0000023B
0000023D
00000250
00000262
0000027D
0000028E
000002BC
000002C1
000002F8
0000035C
00000361
000003A9
000003AD
000003B0
000003F5
00000469
00000507
0000050A
0000051C
00000589
00000614
00000632
00000684
000006C3
000006D4
00000700
00000726
0000072C
000007EB
00000866
0000086E
0000089B
000008F4
00000902
00000908
00000922
00000925
00000965
000009C8
000009D6
000009E7
000009EF
00000A9A
00000B78
00000BB9
00000C91
00000D47
00000D7C
00000E05
00000EBF
00000ED3
00000F5C
00000F7A
00000FC3
0000109B
000010B0
000010C6
000010FD
0000116C
00001173
000011BA
00001210
00001215
00001232
00001258
00001285
0000129A
000012C8
000012FB
00001305
000013A2
000013E4
000013F0
00001441
0000156A
0000157B
000015D5
000015F1
000015F4
0000164E
00001769
000017BC
000017E4
0000182C
00001868
00000018
00000024
00000047
00000058
00000063
00000081
0000008C
000000BD
000000E6
00000104
0000011A
0000014B
0000014E
00000186
0000019A
00000213
0000021C
00000234
0000027E
0000028C
00000296
000002A4
000002A9
0000031B
0000031F
0000033E
00000373
000003A5
000003C3
000003EB
0000043B
00000441
00000454
0000045C
00000495
000004A3
0000052E
0000052F
0000053B
000005D4
000005FF
00000604
00000605
00000674
000006D9
0000079D
000007B5
00000853
000008B9
0000090A
00000A46
00000A7E
00000AE9
00000B1E
00000C07
00000C0C
00000C59
00000C70
00000CED
00000D43
00000D7B
00000E40
00000E78
00000EBE
00000F5E
00001010
00001077
00001086
000010B3
000010D9
000010E4
00001127
00001145
000011E5
00001216
00001229
00001230
0000125E
00001298
000012E4
000012E8
00001338
0000135B
000013A9
000013CD
000013E7
000013F2
000013F6
0000140A
0000142F
00001436
00001451
00001472
00001495
000014DB
000014E8
00001557
00001558
00001576
0000157D
0000160C
0000160F
00001612
00001639
0000168F
000016DB
000017E5
00001814
0000184C
00000011
0000001D
00000021
00000032
0000003F
00000049
00000059
0000005A
00000091
000000C4
000000C8
000000CB
000000DA
000000FE
00000109
0000012C
0000017D
00000187
0000018E
000001CA
000001E5
0000022D
00000244
0000027F
00000300
0000032D
00000375
00000391
00000394
0000039E
0000039F
00000431
00000437
00000448
0000044D
000004EF
000004F7
00000527
00000548
00000568
0000057A
00000597
000005A8
000005E3
0000065B
000006EE
000006F8
00000722
00000787
0000081D
00000883
00000917
000009FB
00000A92
00000AF0
00000B67
00000C93
00000E9B
00000EA0
00000EC9
00000F35
0000106F
0000111C
00001185
0000121A
0000127B
000012D3
00001302
0000137C
000013BE
000014A0
000014CD
000014F6
00001515
00001517
00001521
0000152E
00001537
00001549
0000154F
00001554
00001568
00001583
0000159F
000015A1
000015A8
000015B1
000015C7
000015F8
000015FB
0000163F
00001661
000016C0
00001706
00001736
0000175D
0000177A
000017F9
00001807
00001848
0000184B
00000009
00000029
0000002A
00000045
0000004E
00000064
00000086
000000AF
000000CD
000000D5
0000012E
0000015B
00000184
000001CC
000001DB
000001E8
000001F0
00000235
0000028E
000002C1
000002D3
000002E5
000002F8
0000032B
00000339
000003DF
00000417
00000567
00000614
00000702
00000719
000007AA
00000848
00000899
000008F4
00000902
000009F0
00000AF4
00000B1C
00000C72
00000D5C
00000D7C
00000E05
00000EBF
00000EEB
00000F5B
00000FC5
00000FD0
000010B0
000010D7
000010FD
0000110C
000011CE
00001238
00001258
00001291
00001292
000012A0
00001305
00001382
0000138E
000013BA
000013E4
000013F0
00001441
0000144C
000014FF
00001504
00001509
00001511
0000151A
0000152C
0000155E
00001575
000015C2
00001621
00001624
00001635
00001645
00001670
00001677
00001687
000016DF
000016EB
000017AC
000017C0
000017DA
000017E9
000017EF
00001801
00000024
00000058
00000063
0000006C
00000079
0000007E
0000008A
0000008C
00000099
000000E6
0000014B
0000014E
0000015D
00000160
0000016F
0000017B
00000186
00000191
0000019A
000001D7
00000209
00000225
00000234
0000023C
0000027D
000002BC
000002D2
000002F4
000002F7
0000032E
0000033E
0000035C
000003A9
000003BB
000003C3
000003C7
000003E3
000003EC
00000410
0000041D
00000436
00000441
00000469
0000046D
00000484
00000495
000004DD
000004F9
0000051C
0000056F
00000589
000005D4
00000605
0000063C
00000642
000006D4
000006D9
00000703
0000073A
0000074E
0000079D
000007A3
00000810
00000853
00000862
0000086E
0000089B
000008B9
00000940
00000965
00000991
000009CE
000009EA
00000B1E
00000B51
00000C05
00000C48
00000C70
00000C9F
00000CED
00000D43
00000E48
00000FCC
00001060
000010B6
000010C9
000010EC
000011AF
000011E1
000011E5
00001216
00001229
00001298
000012E4
00001301
00001338
000013A9
0000140A
00001427
00001490
000014A4
000014E8
00001567
000015B9
00001786
00001804
00001825
00001827
00000010
00000021
00000027
0000003F
00000049
00000059
00000080
0000008B
0000009B
000000CB
000000DA
000000FE
00000109
0000010F
00000115
0000012C
00000174
0000017D
00000187
0000019C
000001AA
000001AF
00000262
0000031B
0000032A
00000361
00000375
000003CC
000003F5
0000044C
0000045C
00000487
000004A3
000004F7
00000525
0000052E
0000054E
00000597
000005C1
00000603
00000604
00000696
000006EE
00000708
00000722
00000850
00000874
00000883
000009E2
00000A7E
00000C07
00000E6E
00000E82
00000EA0
00000EBE
00000ED7
00000EDA
00000F35
00001021
0000106F
00001090
0000109B
000010D0
000010D9
00001185
000011AC
000011BA
00001210
00001230
0000128C
00001299
000012D3
00001362
0000137C
000013E5
00001455
000014A7
000014ED
00001501
00001515
00001525
00001568
00001582
0000159F
000015A1
000015A8
000015B0
000015B1
000015C7
00001631
00001639
0000163F
00001646
00001689
0000168A
00001696
000016C0
000016D1
00001702
00001713
0000178C
000017DF
000017E1
000017E2
000017F9
0000180A
0000180E
00001843
00001868
00000047
00000064
000000AF
000000CD
000000FF
0000012E
00000184
000001D4
000001DB
000001E8
00000212
00000213
00000235
0000023B
0000023D
0000028C
0000028E
000002C1
00000300
0000030F
000004AE
00000541
00000575
00000614
00000700
000007E6
00000916
000009D6
00000BCA
00000D7B
00000E78
00000E9F
00000F5E
000010B0
000010C6
000010FD
00001145
00001258
000012C8
00001366
00001382
000013F0
0000142F
00001441
0000151A
0000154F
00001575
000015F4
0000169F
00001706
000017EA
00001801
00000007
00000018
0000001D
00000024
00000058
0000005E
00000063
00000081
0000008C
00000091
000000D5
0000014E
000001E5
00000208
000003A5
000003C3
00000441
00000495
0000053B
00000605
00000674
000006A1
0000079D
00000853
000008B9
000008C4
000009E7
00000A92
00000B1E
00000BFC
00000C70
00000CED
00000D53
000010B3
00001216
00001229
0000125E
00001298
000012E4
00001338
000013A9
000013E7
000013F6
00001472
00001539
0000161C
00000021
0000003F
00000049
0000004E
00000059
000000C4
000000C8
000000DA
000000FE
0000010F
000001F0
0000027F
000002EC
0000031F
00000375
000003C4
000004F7
00000597
00000646
00000722
00000977
00000AF2
000010A0
00001185
0000121A
0000129A
00001497
00001515
00001554
00001568
0000159F
000015A8
000015B1
000015C7
000015F1
0000160C
0000163F
000016C4
000016DB
00001743
00001749
000017F2
00000045
00000064
000000AF
000000CD
0000012E
00000184
000001DB
000001E8
00000235
0000028C
0000028E
000002C1
00000339
00000614
0000063C
00000702
000007B5
0000081D
000008F4
00000902
00000C72
00000D7C
00000E05
00000EBF
000010B0
000010FD
00001258
00001305
000013A2
000013BE
000013E4
000013F0
00001441
0000151A
0000152C
0000154F
0000155A
0000157D
000015A3
000015E4
000015F8
000015FB
00001670
00001677
00001687
000017C0
00001801
00001802
0000182C
0000001D
00000029
00000047
00000058
0000005A
00000063
0000006C
00000079
0000008C
00000091
00000099
000000CB
000000D5
000000E6
0000011A
0000014B
0000014E
0000015D
00000160
0000018E
0000019A
000001CC
000001DE
000001E5
00000224
00000234
0000027D
0000027E
000002A7
000002A9
000002F1
000002F4
00000300
0000032A
0000032D
0000032E
0000033E
000003A9
000003B0
000003BB
000003C3
000003C7
000003EB
00000431
00000436
00000441
0000044C
0000046D
00000486
00000487
00000495
00000498
000004AE
000004CD
00000548
0000056F
000005D4
00000605
00000642
000006D9
000006EE
0000079D
000007AA
00000853
00000883
000008B9
000008D0
00000965
0000098E
00000A9F
00000B1E
00000B67
00000C48
00000C70
00000C87
00000C93
00000CED
00000D43
00000F35
00000F5E
00001060
0000106F
000010B6
000010C9
000010EC
00001216
00001223
00001229
0000125E
00001292
00001298
000012C5
000012D3
000012E4
00001301
00001328
00001338
000013A9
0000140A
00001444
00001490
000014A0
000014F6
00001501
00001518
0000152E
00001549
0000155E
000017DA
000017EF
000017F9
0000183F
00001868
00000018
00000021
00000024
0000003F
00000049
0000004E
00000059
0000005E
0000007E
000000BD
000000DA
000000FE
000000FF
00000102
0000010F
00000120
0000012C
0000016F
0000017D
00000181
00000191
000001AA
000001AF
000001B5
000001CA
000001CE
000001F0
00000213
0000023B
00000281
000002BC
000002D2
00000375
0000039E
000003A5
000003AD
000003C4
000003CC
000003EC
0000044D
00000484
000004EF
0000052E
0000053B
0000054E
00000554
00000567
0000057A
00000597
000005C1
000005E3
00000603
00000604
0000065B
000006D3
00000700
00000722
00000726
00000750
00000765
000007A3
0000089B
000009CE
00000A92
00000AAB
00000B13
00000C33
00000CDD
00000CFA
00000D5C
00000DC6
00000DFB
00000E2F
00000E42
00000E5B
00000E83
00000EA0
00000EDA
00000EE6
00000F15
00000F17
00000F1D
00000F63
00000F7D
00000FA7
00000FB5
00000FC2
00000FE1
00000FE8
00000FFD
00001000
0000100A
0000100B
0000100D
00001015
00001020
00001021
00001022
0000102B
00001044
00001047
0000104F
00001051
00001068
00001069
0000106C
00001071
00001075
00001079
0000107C
00001080
00001085
00001087
00001089
0000108A
0000108B
0000108E
00001094
00001095
0000109B
000010C3
000010C6
000010E1
000010E6
00001108
0000110C
0000111C
00001157
0000116C
00001185
000011AA
000011BA
00001210
00001221
00001227
00001230
00001238
00001266
00001285
0000128A
00001299
000012C8
000012EC
00001302
0000131A
00001366
000013BB
0000144C
0000145F
00001467
0000146E
00001483
00001485
000014CD
000014CF
000014ED
00001509
00001515
00001521
00001567
00001582
0000159F
000015A8
000015C7
00001639
0000163F
000016C0
000017D4
00001841
00001842
00001845
00001847
00001848
0000184E
00001851
00001852
00001857
0000185B
00001860
0000186C
0000186D
00001870
00001871
00001872
00001877
00001878
0000187B
0000187C
0000187F
00001881
00001882
00001883
00000009
00000027
0000002A
00000036
00000064
0000006D
0000006F
00000081
000000A9
000000AF
000000B8
000000C4
000000CD
000000DE
00000105
0000012E
00000138
0000013F
00000152
00000158
0000015E
0000017E
00000184
0000019C
0000019F
000001BA
000001C4
000001C5
000001D4
000001D7
000001DB
000001E8
000001FA
00000203
0000020A
00000212
00000225
00000231
00000235
00000237
0000023D
0000024F
00000262
0000028C
0000028E
00000290
00000298
000002A4
000002C1
000002CC
000002D5
000002F5
000002FD
0000030F
0000032B
0000035C
00000389
000003D5
0000042A
0000042E
0000048D
000004BD
000004D7
000004E8
0000051C
00000589
000005A9
00000614
00000651
0000065C
00000688
0000069A
000006BE
0000071A
00000749
00000760
000007D6
00000805
00000813
00000817
00000849
00000862
00000872
000008A9
000008AE
000008CB
00000902
0000091A
00000952
000009D6
000009F0
000009F3
00000A83
00000AB4
00000AF5
00000B14
00000B2B
00000B30
00000BE5
00000BFA
00000CBD
00000D35
00000E68
00000E9F
00000EBF
00000F12
00000F21
00000F2B
00000FB7
00000FCA
00000FD4
00000FDA
00001049
00001055
00001056
0000105D
00001097
000010B0
000010B8
000010D2
000010D5
000010DB
0000110B
00001119
00001127
0000119F
000011C6
00001215
00001232
00001239
0000123A
00001258
0000129A
000012CA
000012EB
000012F4
000012F5
00001339
0000135F
0000136E
00001382
000013BA
000013CF
000013DA
000013E4
000013EC
000013F0
000013F6
00001410
0000142D
00001441
00001453
00001455
00001472
00001476
00001482
000014A2
000014A4
000014C1
00001504
00001575
0000158A
000015A0
000015C2
000015F4
0000160F
00001624
000017EA
00001801
0000184B
00000007
0000001D
00000023
0000005A
00000063
0000008C
0000009B
000000AC
000000C8
000000CB
000000D5
00000125
0000014B
0000014E
0000016C
00000196
000001CC
000001E3
00000234
0000023C
0000027F
000002A7
000002DB
0000031B
0000033E
00000361
0000037E
000003C3
00000410
00000437
00000441
00000448
0000045C
00000469
00000495
000004A3
000004B5
000004C4
00000573
00000575
000005AE
000005EE
000005F2
00000605
00000620
00000680
00000682
00000714
00000753
00000779
0000078C
0000079A
0000079D
000007F8
00000818
00000853
00000877
000008D6
00000923
00000961
00000A02
00000A0C
00000A7E
00000A97
00000B08
00000B1E
00000B6D
00000B8D
00000BCA
00000C07
00000C50
00000C70
00000C95
00000CB7
00000CE1
00000CED
00000CF3
00000D43
00000D5E
00000D63
00000D7C
00000DA2
00000E05
00000E2E
00000E39
00000F37
000010C1
00001125
00001138
000011AB
000011AF
000011DC
000011EA
000011ED
00001216
0000121A
00001229
0000127B
00001288
00001298
000012E4
000012F6
000013A9
000013C3
000013D0
00001427
00001451
00001454
0000149C
000014A0
000014AE
000014E8
00001513
00001527
00001557
00001558
0000156F
00001581
00001583
000015A1
000015F0
000015FA
0000160C
00001661
0000168A
0000168F
000016D1
000016DB
00001707
0000181C
0000000E
00000021
0000003F
00000045
00000049
0000004D
00000059
00000079
000000E6
000000FE
0000010F
00000117
00000119
00000161
000002E5
0000030D
00000354
0000035A
00000375
000003C4
000003C6
000003DF
000003E2
0000041D
00000490
000004F7
0000054E
00000597
000005A6
000005A8
00000646
00000696
000006B8
000006D9
00000722
0000074D
00000765
00000767
000007B5
000007F9
00000956
00000A06
00000A92
00000ABD
00000B67
00000C31
00000D16
00000D90
00000DEA
00000E70
00000ED6
00001030
0000112D
00001139
00001166
00001185
000011CE
00001223
00001305
00001328
00001350
00001364
000013B7
000013C2
000013C7
000013D8
0000140C
0000148E
000014A7
000014E0
000014EE
000014F1
000014F6
00001509
00001515
00001521
0000152C
0000152E
00001549
00001554
00001568
0000157D
00001595
0000159F
000015A8
000015A9
000015B1
000015C7
000015F1
00001621
00001639
0000163F
00001665
00001691
00001696
000016A5
00001743
000017AC
000017D4
000017D7
000017E9
000017F9
0000181D
0000185D
00000029
00000058
00000061
00000064
00000099
000000AF
000000CD
00000109
00000115
00000126
0000015B
00000184
00000186
00000187
000001DB
000001E8
0000022D
00000232
00000235
00000262
0000028C
0000028E
000002C1
000002F8
00000300
00000339
000003CC
0000046D
000004F9
00000525
00000614
000006A2
000006D6
000006EE
0000074E
0000075D
00000787
00000871
00000883
000008B9
000008E4
00000922
00000990
00000991
00000AF4
00000B78
00000C7A
00000D76
00000E48
00000EA0
00000EE6
00000F5E
000010B0
0000111E
00001230
00001238
00001258
000012A0
000012D3
0000137C
000013E4
000013F0
000013F5
0000140A
000014B2
00001539
0000154F
0000155E
0000157B
00001582
000015A3
000015BE
000015F8
000015FB
0000161C
00001645
00001670
00001677
00001687
00001689
00001702
00001706
00001736
000017B8
000017BC
000017C0
00000018
00000047
0000004E
0000006C
0000008A
0000008B
000000D5
0000014B
0000014E
000001F0
0000027E
000002A7
000002BC
000002D3
000002EC
000002F4
0000032B
0000032D
00000361
000003BB
000003C3
0000043B
0000045C
000004A3
00000514
0000056F
00000589
00000702
00000708
0000089B
00000940
000009BE
00000C07
00000C59
00000D7B
00000E78
00000EBE
00000EC9
00000FCC
0000106F
000010D9
000010FD
00001145
00001298
000013F2
0000141C
00001455
00001490
000014E8
000015A1
000015F4
000016C0
0000172A
0000175D
000017E1
00000009
0000001D
0000002A
00000059
0000005A
0000005E
0000008C
00000091
000000C4
000000CB
000000DA
000000FE
00000160
0000019C
000001D7
0000023B
00000244
000002A9
000002F7
00000375
000003A5
000003E3
00000436
000004DD
0000053B
00000541
00000567
0000063C
00000703
0000072B
00000850
000009E7
00000BFC
00000DAD
00000DEA
00000E6E
000010B6
000010C9
000010D0
00001173
00001299
00001301
00001344
00001362
000013CD
00001437
000014A0
000014CD
000014F6
0000158E
00001646
000017A8
000017E2
000017EF
0000180A
0000180E
0000185A
0000016F
00000174
00000191
000001AF
000001D6
000001DB
00000212
00000235
0000023D
0000028C
000002C1
00000300
0000032A
000003A9
000003B0
000003C7
000003EB
000003F5
00000674
00000916
000009D6
000009DE
000009EF
00000A38
0000109B
000010B0
000010B3
0000116C
000011BA
00001210
00001230
00001292
0000129A
000012C8
000013BE
000013E4
000013E7
00001411
00001436
00001472
00001509
00001567
0000156A
00001575
000015BE
000015C2
0000169F
000017D6
00001814
00001841
0000184B
00001868
0000011A
0000018E
0000019A
000001CA
00000208
00000213
0000021C
0000039E
000003E5
0000044D
000004EF
00000700
00000F5E
000010C6
00001302
000013F6
000015D5
00000058
00000059
000001E5
0000057A
0000081D
000008C4
00000965
000009FB
0000125E
00001517
0000154F
000017E5
00000018
00000431
00000899
000000C4
00000B13
00000C33
00000CFA
00000DC6
00000DFB
00000E5B
00000E68
00000F12
00000F15
00000F17
00000F1D
00000F63
00000FA7
00000FB5
00000FB7
00000FC2
00000FCA
00000FD4
00000FDA
00000FE1
00000FE8
00000FFD
00001000
0000100A
0000100B
0000100D
00001015
00001020
0000102B
00001044
00001047
00001051
00001055
00001056
00001068
00001069
0000106C
00001071
00001075
00001079
0000107C
00001080
00001085
00001087
00001089
0000108A
0000108B
0000108E
00001094
00001095
000010E6
000011AA
00001221
00001266
0000128A
000012CA
000012EB
000012EC
000013BB
00001467
0000146E
00001482
00001483
00001485
000014CF
00001842
00001845
00001847
0000184E
00001851
00001852
00001857
0000185B
00001860
0000186C
0000186D
00001871
00001872
00001877
00001878
0000187B
0000187C
0000187F
00001881
00001882
00001883
0000001D
00000036
0000006D
0000006F
000000A9
000000B8
000000C0
000000DE
00000105
00000138
0000013F
00000152
0000017E
0000019F
000001BA
000001C4
000001C5
000001FA
0000020A
00000231
00000237
0000024F
00000290
00000298
000002CC
000002D5
000002F5
000002FD
0000030D
00000389
000003D5
0000042E
0000048D
000004B5
000004BD
000004E8
000005A9
000005D8
00000651
0000065C
0000069A
000006BE
0000071A
00000749
000007D6
00000805
00000813
00000817
00000849
00000872
000008AE
000008CB
0000091A
00000952
000009F3
00000AF5
00000B14
00000B2B
00000B2C
00000B30
00000BB0
00000BE5
00000BFA
00000D5E
00000DE0
00000E91
00000F2B
00000F7D
00001049
0000104F
0000105D
00001097
000010A9
000010B8
000010D2
000010D5
000010DB
0000110B
00001119
0000119F
000011C6
00001239
0000123A
00001288
000012F4
000012F5
00001338
00001339
0000135F
000013DA
0000142D
00001453
0000145F
000014A2
000014AA
000014AE
000014C1
00001870
00000007
00000018
0000004D
0000005A
0000009B
000000CB
000000DA
00000119
00000196
000001CC
000001E3
000001E6
0000023C
00000271
00000299
000002DB
00000331
0000033E
00000354
0000037E
000003CC
000003EC
000003F7
00000548
00000573
00000575
000005AE
000005D3
000005EE
000005F2
00000680
000006BD
00000714
00000753
0000075D
00000779
0000078C
0000079A
000007F8
00000818
00000877
000008BE
000008D5
000008D6
000008E4
00000923
00000975
00000990
00000A02
00000A06
00000A0C
00000A12
00000A2F
00000A97
00000B6D
00000B8D
00000C31
00000C50
00000C7A
00000C95
00000CB7
00000CC7
00000CE1
00000CF3
00000D00
00000D0E
00000E25
00000E39
00000EE0
00000EE2
00000EE6
00000F37
00000F4F
00000FB6
00001030
000010F1
0000110C
0000111E
00001125
0000112E
00001138
000011AB
000011DC
000011EA
000011ED
00001217
000012F6
00001350
00001364
000013C3
00001410
00001427
00001454
00001455
000014E8
000014EE
00001513
00001557
00001558
0000156F
00001581
000015A1
000015B9
00001638
00001639
00001661
0000168A
0000168F
000016D1
00001715
000017BB
000017D4
000017D7
0000003B
00000059
00000061
00000099
000000C4
0000014A
000001B1
000001D6
000003C6
00000454
00000467
00000514
0000054E
000005A6
00000625
00000646
000006B8
0000074D
00000767
000007B1
0000087D
00000891
00000956
000009BE
00000A64
00000A92
00000B15
00000B67
00000C98
00000C99
00000D16
00000E2E
00000ED6
00000FF4
000010F3
00001139
0000115B
00001166
00001173
00001209
00001223
00001268
00001328
000013B7
000013C2
000013C7
00001413
000014E0
000014F1
0000152C
00001534
0000155A
0000157B
0000158F
0000159C
000015A0
000015A4
0000160F
00001647
000016C5
000016E9
0000174A
000017BC
00001801
0000181D
00001841
0000185D
00000021
0000006D
0000010F
0000016A
000001AA
00000225
00000262
000002A1
00000319
0000048E
000004AD
000004F9
00000603
00000604
00000692
000006A2
00000726
000007F9
00000839
00000869
000008AC
000008D2
000008F2
000008F9
00000922
00000964
000009DE
00000A2B
00000AA7
00000B78
00000BBB
00000DD8
00001097
000011CF
0000125F
00001260
0000129F
000012E4
0000133B
0000135F
0000138F
000013BC
000013C5
00001436
00001549
0000158E
000017DD
00000018
0000001D
00000024
0000004E
0000005A
0000006C
0000008B
000000AC
0000014E
00000165
000003D0
00000536
00000559
000005E2
00000605
0000065F
000007C1
00000B08
00000B0A
00000C73
00000ED9
00001464
00001557
00001558
0000157D
000015D0
00001639
000000C4
000000FC
0000015D
00000160
00000249
000003E9
0000068A
00000702
00000760
00000831
0000086B
00000A92
00000B67
00001157
000012D3
00001403
000014E8
000014F6
00001521
0000152E
00001537
00001583
00001661
00001675
000017F9
0000008A
0000008C
000000CB
0000014B
0000016F
00000436
0000063C
0000074E
00000765
00000883
000009F9
00000B51
00000EEE
00000F5C
00000F7A
00000FC3
000010B6
000010C9
0000114F
000012A0
00001301
000014F8
00001518
0000155E
00001621
00001645
0000164E
0000168F
000017E4
000017EF
0000183F
00000010
00000029
0000003B
0000006C
00000109
00000174
0000017B
0000017F
00000186
000001AF
000001B5
000001E5
000002D3
000002F8
0000032A
0000032B
000003A9
000003F5
0000052E
00001086
0000109B
00001210
00001292
0000129A
000014A7
000014FF
00001574
00001576
0000157C
000015A8
00001635
000016A6
000016E4
000017C2
000017D1
0000184C
00001868
00000047
00000058
0000005E
0000012C
0000015B
00000209
00000235
0000023B
000002A4
0000030F
000003AD
00000597
00000700
00000EE4
000010B0
000010C6
000011E5
00001230
00001268
000012C8
0000004E
00000081
0000008A
000001F0
00000208
0000021C
00000225
000002D2
000004DD
0000074E
00000883
00000F5E
000011E1
0000125E
0000128C
000012D3
000014E8
0000155E
00001568
000015A1
000015B9
00001628
0000168A
000016C0
000016D1
00001702
00001706
00001736
0000175D
00001786
000017E1
000017E9
000017F9
00001825
00001843
00000045
000000C8
0000018E
0000027F
0000031F
00000575
000005E3
0000081D
000009FB
00000A92
000010FD
000011BA
00001517
0000154F
0000156A
00001573
000017EF
00000059
0000005A
00000902
00000D7C
00000E05
00000EBF
00001305
0000150A
000000E6
00000234
000002AB
0000033E
000006D9
00000D43
00000187
00000232
00000525
00000940
00000EA0
00001230
0000137C
0000019C
000001D7
00000297
000002EC
00000B13
00000C33
00000CFA
00000DC6
00000DEA
00000DFB
00000E5B
00000E6E
00000F15
00000F17
00000F1D
00000F63
00000F7D
00000FA7
00000FB5
00000FC2
00000FE1
00000FE8
00000FFD
0000100A
0000100B
0000100D
00001015
00001020
0000102B
00001044
00001047
0000104F
00001051
00001068
0000106C
00001071
00001075
00001079
0000107C
00001080
00001085
00001087
00001089
0000108A
0000108B
0000108E
00001094
00001095
000010D0
000010E6
000011AA
00001221
00001266
0000128A
000012EC
00001301
000013BB
0000145F
00001467
0000146E
00001482
00001483
00001485
000014C1
000014CF
00001567
00001646
00001842
00001845
00001847
0000184E
00001851
00001852
00001857
0000185B
00001860
0000186C
0000186D
00001870
00001871
00001872
00001877
00001878
0000187B
0000187C
0000187F
00001881
00001882
00001883
00000036
0000006D
0000006F
000000A9
000000B8
000000DE
00000105
00000138
0000013F
00000152
0000017E
0000019F
000001BA
000001C4
000001FA
0000020A
00000231
00000237
0000024F
00000262
00000271
00000290
00000298
000002CC
000002D5
000002F5
000002FD
00000300
00000389
0000042E
0000048D
000004B5
000004BD
000004E8
000005A9
00000651
0000065C
0000069A
000006BE
0000071A
00000749
000007D6
000007E5
00000805
00000813
00000817
00000849
00000872
000008AE
000008CB
0000091A
00000952
000009F3
00000A83
00000AF5
00000B14
00000B2B
00000B2C
00000B30
00000BE5
00000BFA
00000E68
00000F12
00000F2B
00000F8B
00000FB7
00000FCA
00000FD4
00000FDA
00001000
00001049
00001055
00001056
0000105D
00001069
00001097
000010B8
000010D2
000010D5
000010DB
0000110B
00001119
0000119F
000011C6
00001239
0000123A
000012CA
000012EB
000012F4
000012F5
00001338
00001339
0000135F
000013DA
000013EC
0000142D
00001453
000014A2
000014AA
000014AE
0000184B
00000003
00000007
00000018
0000001D
0000003E
0000004D
00000079
0000009B
000000CB
000000DA
00000119
0000016E
0000017D
00000196
000001CC
000001E3
000001E6
0000023C
00000299
000002DB
0000030D
00000331
0000033E
0000037E
000003CC
000003E2
000003EC
000003F7
00000437
00000491
0000056C
00000573
00000575
000005A6
000005AE
000005D8
000005EE
000005F2
00000680
000006B1
000006BD
00000714
00000753
0000075D
00000779
0000078C
0000079A
000007B6
000007F8
00000818
00000877
000008BE
000008C5
000008D6
000008E4
00000923
0000094B
00000961
00000975
00000A02
00000A0C
00000A97
00000B36
00000B6D
00000B8D
00000BB0
00000C50
00000C7A
00000C95
00000CB7
00000CC9
00000CDB
00000CE1
00000CF3
00000D3B
00000D54
00000D5E
00000E2E
00000E39
00000E5A
00000ED6
00000EE2
00000EE6
00000F37
00000FB6
000010F1
0000110C
00001125
0000112E
00001138
000011A6
000011AB
000011DC
000011EA
000011ED
00001217
00001288
000012F6
00001362
00001364
000013C3
00001410
00001426
00001427
00001454
00001455
0000149C
000014AD
000014E8
000014EE
00001513
00001557
00001558
0000156F
0000157D
00001581
000015A1
000015B9
000015D0
00001639
00001661
0000168A
0000168F
000017BB
000017D7
0000181C
00001843
0000003B
00000057
00000059
0000005A
0000008A
000000A7
000000C4
0000014A
00000165
0000016A
000001B1
000001CB
000001D6
0000023D
00000249
0000024A
000002AA
000002CA
00000354
000003C6
00000442
00000454
00000467
00000514
0000052F
00000536
00000541
0000054E
00000559
000005A8
00000646
00000652
000006B8
00000702
0000074D
00000767
000007B1
000007C9
000007F9
00000850
0000087D
000008D5
00000956
00000990
000009BE
000009C7
00000A06
00000A12
00000A64
00000A92
00000B15
00000B44
00000B67
00000BD7
00000C31
00000CF5
00000D0E
00000D16
00000D90
00000DAD
00000EF2
00000F56
00000F8E
00001030
00001078
000010F3
000010FB
0000111E
00001139
0000115B
00001166
00001173
00001200
00001209
00001223
0000129F
000012D3
00001360
000013B7
000013C7
00001413
00001421
000014E0
000014F6
00001521
0000152C
0000152E
00001549
0000155A
00001575
0000158F
000015A0
000015BE
000015C2
00001621
00001647
0000166E
00001675
0000168E
000016B5
000016EB
0000171F
000017EA
00001801
0000181D
00001841
0000185A
0000185D
00000021
00000024
00000027
0000004E
00000058
00000061
00000068
0000006C
0000006D
0000007E
00000088
0000008B
0000008C
00000099
000000BB
000000CC
000000EA
000000FC
00000109
0000010F
0000011D
0000015D
00000160
0000016F
0000017F
00000186
00000191
000001AC
000001B2
000001E8
000001F9
00000213
00000225
00000262
00000264
000002A1
000002D2
000002D3
000002F6
000002F8
00000302
00000319
0000032B
0000038E
000003A4
000003B2
000003E9
000003EB
00000436
00000458
000004B4
000004C3
000004F9
000004FA
00000517
00000585
000005A4
000005C0
00000603
00000604
0000063C
0000065B
00000692
0000069D
000006A2
000006A3
000006C3
000006E0
00000723
00000726
0000072C
0000076C
00000781
000007EB
000007ED
00000839
0000084D
00000869
0000086D
00000883
00000891
000008BC
000008D2
000008EA
000008F2
000008F5
000008F9
00000922
00000964
0000097B
000009BF
000009C8
000009D6
000009DE
000009FB
00000A0E
00000A2B
00000A9A
00000A9B
00000AA7
00000AAD
00000AD5
00000B35
00000B78
00000B7A
00000B93
00000BF6
00000C13
00000C73
00000DD8
00000E46
00000ED9
00000F5B
00001097
000010AB
000010B6
000010C9
000011BA
000011CF
00001238
00001260
0000126B
00001292
000012E4
0000132A
0000135F
0000138F
000013BC
000013C5
000013DE
00001403
00001436
00001442
00001474
000014F1
00001538
00001539
0000157B
00001605
00001627
00001645
00001649
0000169F
000017D1
000017E2
000017F9
0000184B
00000019
00000029
00000064
0000009C
000000A5
000000C6
000000E6
000000EB
00000104
0000012C
0000014B
0000014E
0000015B
00000161
00000174
00000199
0000019C
000001A6
000001AF
000001D7
000001DB
000001E5
000001F0
00000209
00000244
00000257
000002B2
000002BC
00000304
0000032A
0000032E
000003A9
000003B0
000003C7
000003D0
000003DC
000003F5
0000041C
00000475
00000484
00000495
00000507
0000050A
000005E2
000005FF
00000605
00000619
00000632
0000064E
0000068F
00000737
00000741
0000074E
00000765
000007F1
0000080E
00000831
000008AC
0000090A
0000090E
00000914
00000925
00000940
00000965
000009CE
000009DB
00000A1C
00000A38
00000A3E
00000A6F
00000AA5
00000AB4
00000AC9
00000AE9
00000B0A
00000B1C
00000B83
00000BB8
00000BB9
00000C5B
00000C91
00000CBC
00000D08
00000D47
00000D6F
00000DCB
00000DD1
00000E1B
00000E29
00000E31
00000E50
00000E6E
00000E93
00000EB9
00000EBB
00000ECC
00000ED3
00000ED6
00000F7A
00000FC3
00000FC5
00001010
00001013
00001025
00001077
00001086
0000109B
000010BE
000010CD
000010D0
000010D7
000010F0
000010F4
0000110C
0000111C
0000114F
00001151
00001178
000011E5
00001210
00001243
0000126A
0000128B
0000129A
000012FB
00001301
00001309
00001328
00001344
0000135B
00001362
0000136C
00001373
000013C8
000013CD
00001406
00001441
0000145C
00001464
0000148E
00001495
000014A4
000014DB
000014E8
00001557
00001558
0000155E
00001567
00001574
0000157C
00001583
000015A8
000015B0
000015D0
0000160C
00001639
0000164E
00001689
0000168F
000016C0
000016D1
000016DB
00001718
000017E4
000017EF
0000180A
0000180E
0000184C
00001868
0000000A
00000011
00000018
0000001D
00000032
00000049
0000005E
00000063
0000006B
0000008A
000000BD
000000CB
0000011E
0000015E
0000016E
00000208
0000022D
00000235
0000023B
00000249
0000029A
000002F7
00000300
0000030F
00000315
0000031F
00000321
000003AD
000003C0
000003E5
00000431
0000043B
00000441
00000454
00000480
000004DC
000004DD
0000052E
0000052F
00000568
00000597
00000696
000006FB
00000700
00000702
00000715
0000073A
0000079D
000007A3
000007AA
0000083E
00000850
00000853
000009E7
00000A92
00000ADA
00000AF0
00000B1E
00000B24
00000B51
00000B67
00000B87
00000B9B
00000C70
00000CED
00000D53
00000EBE
00000EC9
00000ED0
00000F41
00000FCC
00000FD0
00001006
000010B0
000010C6
000010D8
000011E1
0000120E
00001218
00001229
00001230
00001268
000012A0
000012C8
000012D2
000012D3
00001383
000013C6
0000144D
000014F6
00001521
00001576
00001586
0000159B
000015A1
000015B9
0000160F
00001612
00001621
00001628
00001646
0000168A
000016A5
000016A6
000016E4
00001702
00001736
0000175D
000017E1
000017E9
00001807
00001814
00001827
00001843
00000021
00000024
00000027
0000003F
00000047
0000004E
00000058
00000059
0000006C
0000007E
0000008C
000000C4
000000D5
00000109
0000010F
00000144
00000160
0000016F
00000186
0000018E
0000021C
00000224
000002D2
000002D3
000002EC
000002F8
0000032B
00000373
000003B8
000003E3
00000436
0000046D
00000548
00000575
000005E3
0000061E
0000063C
00000674
000006EE
00000862
00000883
0000089B
000008D0
00000BFC
00000C73
00000DF2
00000E48
00000F5E
000010B3
000010B6
000010C9
000011BA
000011D2
00001216
00001244
0000125E
00001292
000012A9
000012E4
000013E5
000013E7
000013F6
00001465
00001472
00001515
00001518
00001549
00001568
0000156A
00001582
0000159F
00001634
0000163F
00001675
000017D1
000017F9
00000010
00000019
00000042
00000080
000000C6
000000E6
000000EB
0000012C
0000015B
00000174
0000019C
000001AA
000001AF
000001B5
000001D7
00000209
000003DC
00000486
00000541
00000603
00000684
000006D4
00000703
00000755
0000081D
000009EF
000009FB
00000DAD
00000DEA
0000109B
000011E5
00001210
00001238
00001285
00001301
00001362
000013BA
00001403
0000150A
00001517
0000154F
00001567
00001573
0000157D
000015A5
000015D5
0000166A
00001706
000017A8
000017DF
000017E5
0000185A
00001868
0000005A
0000006B
0000008A
000000A5
0000014B
0000016E
00000191
00000199
000001F0
00000203
00000213
00000225
0000023D
00000296
000002A4
00000300
0000032A
000003F5
00000484
000004B4
000004FA
00000702
00000715
0000074E
000007A3
00000831
00000899
00000A92
00000AFD
00000B67
00000E67
00000ED7
00001090
000010C5
000010FD
0000114F
0000116C
000011E1
00001215
00001230
00001268
00001272
0000128C
000012D3
0000144D
000014E8
0000152E
0000155E
00001586
000015A1
000015B9
000015BE
000015C2
00001605
00001617
00001627
0000163B
00001645
00001665
0000169F
000016C0
000016D1
00001702
00001736
00001786
000017E1
000017E2
000017E9
00001804
00001825
00001841
00001843
0000184B
00000018
0000001D
00000024
00000029
0000004E
00000058
00000059
0000006C
0000008C
000000BD
000000CB
000000DA
0000011A
0000015D
00000160
0000016F
0000018E
000001E5
00000208
00000235
0000023B
000002D2
0000030F
0000032E
00000351
00000361
000003A9
000003AD
000003C7
000003E5
000003EB
00000436
000004DD
00000604
0000063C
00000700
00000726
000007AA
000008C4
00000965
000009F9
00000E48
000010B0
000010B6
000010C6
000010C9
0000110C
00001117
000011BA
0000125E
00001292
000012C8
000014F6
00001532
0000156A
00001621
000017B8
000017DA
000017EF
0000003B
0000005E
0000007E
00000081
000000C4
000000D5
00000144
00000174
000001AF
000001B5
000001CA
0000021C
0000029A
00000373
0000039E
000003B0
0000041C
0000044D
000004EF
00000514
000005E3
0000061E
00000883
00000D53
00000F5E
00001060
0000109B
000010B3
00001157
00001210
0000129A
00001301
00001373
0000138E
000013F6
0000150A
00001567
00001574
00001599
000015E4
000016BF
000017D1
00001801
00001802
00001868
00000045
000000C8
0000019C
000001D7
0000027F
000002BC
0000031F
00000431
0000057A
0000058D
00000719
0000081D
00000850
000009FB
00000AB4
00000E6E
000010D0
00001302
00001362
00001517
0000156C
00001573
000015A5
000015B0
000015D5
00001689
000017C0
000017D6
0000180A
0000180E
0000005A
00000300
00000902
00000D7C
00000E05
00000EBF
00001305
000017DA
000017E5
00000079
000000E6
00000234
0000033E
000006D9
00000D43
0000127B
0000154F
0000012C
00000187
000003DF
00000525
00000940
00000B13
00000C33
00000CFA
00000DC6
00000DFB
00000E5B
00000E68
00000EA0
00000F12
00000F15
00000F17
00000F1D
00000F63
00000FA7
00000FB5
00000FB7
00000FC2
00000FCA
00000FD4
00000FDA
00000FE1
00000FE8
00000FFD
00001000
0000100A
0000100B
0000100D
00001015
00001020
0000102B
00001044
00001047
00001051
00001056
00001068
00001069
0000106C
00001071
00001075
00001079
0000107C
00001080
00001085
00001087
00001089
0000108A
0000108B
0000108E
00001094
00001095
000010E6
000011AA
00001221
00001230
00001266
0000128A
000012CA
000012EB
000012EC
0000137C
000013BB
00001467
0000146E
00001483
00001485
000014CF
00001842
00001845
00001847
00001851
00001852
00001857
0000185B
00001860
0000186C
0000186D
00001871
00001872
00001877
00001878
0000187B
0000187C
0000187F
00001881
00001882
00001883
00000036
0000006D
0000006F
000000A9
000000B8
000000DE
00000105
00000138
0000013F
00000152
0000017E
0000019C
0000019F
000001BA
000001C4
000001D7
000001FA
0000020A
00000231
00000237
0000024F
00000290
00000298
000002CC
000002D5
000002F5
000002FD
0000030D
00000389
000003D5
0000042E
0000048D
000004B5
000004BD
000004E8
00000541
000005A9
000005D8
00000651
0000065C
0000069A
000006BD
000006BE
0000071A
00000779
000007D6
00000805
00000813
00000817
00000849
00000872
000008AE
000008C5
000008CB
0000091A
00000952
000009F3
00000AF5
00000B14
00000B2B
00000B2C
00000B30
00000BB0
00000BE5
00000BFA
00000D5E
00000DAD
00000DEA
00000DF1
00000E6E
00000EE2
00000F21
00000F2B
00000F7D
00001049
0000104F
00001055
0000105D
00001097
000010A9
000010B8
000010D0
000010D2
000010D5
000010DB
0000110B
00001119
0000119F
000011A6
000011C6
00001239
0000123A
00001288
000012F4
000012F5
00001301
00001338
00001339
0000135F
00001362
000013CD
000013DA
00001410
0000142D
00001453
0000145F
00001482
000014A2
000014A4
000014AE
000014C1
00001646
000017E2
0000184E
0000185A
00001870
00000003
00000007
0000000E
00000018
0000001D
00000058
0000008A
0000009B
000000A5
000000AC
000000CB
000000DA
00000119
0000016E
00000196
00000199
000001CC
000001E6
00000230
0000023C
0000023D
00000271
00000299
000002DB
00000300
0000033E
00000354
0000037E
000003CC
000003EC
000003F7
000004B4
000004FA
00000548
0000056C
00000573
00000575
000005A6
000005AE
000005D3
000005EE
000005F2
00000640
00000680
000006B1
000006E4
000006FB
00000714
00000749
0000074E
00000753
0000075D
0000078C
000007F8
00000818
00000850
00000877
000008D6
000008E4
00000923
0000093F
00000975
00000990
000009FB
00000A02
00000A06
00000A0C
00000A2F
00000A38
00000A83
00000A97
00000B6D
00000B8D
00000C31
00000C50
00000C95
00000CB7
00000CC7
00000CE1
00000CF3
00000D00
00000D35
00000D54
00000DA2
00000E25
00000E39
00000F37
00000FB6
0000110C
0000111E
00001125
0000112E
00001138
000011AB
000011BA
000011DC
000011EA
000011ED
00001217
00001223
000012F6
00001364
000013C3
00001427
00001433
00001454
00001455
000014AA
000014AD
000014E8
000014EE
000014F1
00001513
00001557
00001558
0000156F
00001581
00001586
000015A1
000015B9
000015BE
000015C2
00001605
00001627
00001639
00001661
0000168A
0000168F
0000169F
000017D7
00001843
0000184B
0000003E
0000004D
00000059
0000005A
0000006C
0000008C
00000099
000000C4
000001CB
000001D6
00000249
0000024A
00000257
000002CA
000003C6
000003E2
00000437
0000054E
00000559
00000607
00000646
00000652
000006B8
0000074D
00000767
000007B1
0000087D
00000956
000009C7
00000A12
00000A4D
00000B15
00000B44
00000BD7
00000C99
00000CEF
00000CF5
00000D16
00000E48
00000ED6
00000EE6
00000F56
00000FF4
00001030
00001139
0000115B
00001166
00001173
00001209
00001218
00001328
000013C2
000013C7
00001413
000014E0
00001549
0000155A
00001575
0000157B
000015A0
000015A4
000016C5
00001718
000017BB
000017BC
00001801
0000181D
00001841
0000185D
00000021
00000024
00000027
00000061
0000006D
000000A7
00000163
0000016A
000001B2
000001E8
000003C2
000004F9
000005A4
000005C0
000006A2
000006C3
000006F7
000007F9
00000891
000008E0
00000914
00000922
000009BE
000009DE
00000AA7
00000AD5
00000B78
00000DE9
000010F3
000011CF
00001258
00001322
00001380
00001383
000013B7
00001436
00001442
0000152C
00001538
0000158F
00001649
000017C1
00001814
0000001D
00000043
00000049
0000004E
00000064
0000007E
0000008B
00000117
000004BA
0000069D
0000072D
00000965
00000A6F
00000B08
00000BBB
00000E50
00000E82
00001117
00001118
000011D4
000011D9
00001238
0000125F
000014F8
00001534
00001557
00001558
0000157D
00001583
000015D0
00001639
000016D1
000017D6
00000018
00000019
00000059
0000005A
000000E6
0000011E
0000012C
0000015E
0000019C
000001C7
000001D7
00000249
000005A8
00000702
000009CE
00000A92
00000AB4
00000B67
00000C4B
00000DAD
00000DEA
00000E70
00000ED9
000010F5
000012A0
00001362
000014E8
00001509
00001521
00001537
0000155E
000015D5
00001621
00001661
0000166A
00001675
00001689
000016A5
000016A6
000016EB
00001703
000017A2
000017E5
000017F9
0000180A
0000180E
0000185A
00000058
0000006C
0000008A
0000008C
000000A5
000000C4
000000CB
00000109
00000160
0000016F
00000186
00000191
00000199
000001AF
00000213
00000224
00000225
0000023D
000002D2
000002D3
000002F1
000002F8
00000300
0000032B
000003A9
000003C7
000003EB
00000436
00000484
000004B4
000004DD
000004FA
00000541
0000063C
00000696
000006FB
0000074E
00000760
00000850
00000917
00000940
000009FB
00000B51
00000B7A
00000F5B
000010B6
000010C5
000010C9
000010D0
000011BA
00001292
00001301
000014F6
0000151B
00001549
0000154F
00001559
00001574
0000157C
00001586
000015A1
000015B0
000015BE
000015C2
00001605
00001627
00001634
00001645
0000168A
0000168F
0000169F
000016C0
000016E4
0000174E
0000177E
000017B6
000017D1
000017E9
000017EF
0000184B
00000011
00000024
00000029
0000004E
000000C6
0000015B
0000015D
00000174
000001E5
00000209
0000022D
00000257
0000032A
0000032E
0000039E
000003B0
000003F5
0000041C
0000046D
00000604
000006EE
0000081D
00000965
00000E48
00000E6E
00000EBE
00001078
0000109B
0000110C
000011E5
00001210
00001230
000013CD
000014A4
00001518
00001532
00001539
00001567
0000156A
00001596
00001646
00001727
00001761
000017E2
00000018
0000001D
00000043
00000059
0000005E
0000011A
00000163
0000016E
0000019A
000001CA
000001F0
00000235
0000023B
0000030E
0000030F
000003AD
000003E5
00000431
0000044D
000004A6
000004EF
00000514
00000700
00000715
00000719
000007A3
00000883
00000899
000010B0
000010C6
000011E1
0000125E
000012C8
000012D3
00001302
0000144D
000014E8
0000150A
0000155E
000015B9
00001628
000016D1
00001702
00001736
0000175D
000017E1
000017F9
00001843
000000C4
000000D5
0000018E
00000208
0000029A
0000057A
0000061E
00000BFC
00000F5E
00000FCC
000010B3
00001157
000013E7
000016CF
000012AC
00000B13
00000C33
00000CFA
00000DC6
00000DFB
00000E5B
00000F15
00000F17
00000F1D
00000F63
00000F7D
00000FA7
00000FC2
00000FE1
00000FE8
00000FFD
00001000
0000100A
0000100B
0000100D
00001015
00001020
0000102B
00001044
00001047
0000104F
00001051
00001055
00001068
0000106C
00001071
00001075
00001079
0000107C
00001080
00001085
00001087
00001089
0000108A
0000108B
0000108E
00001094
00001095
000010E6
000011AA
00001221
00001266
0000128A
000012EC
000013BB
0000145F
00001467
0000146E
00001482
00001483
00001485
000014CF
00001842
00001845
00001847
0000184E
00001851
00001852
00001857
0000185B
00001860
0000186C
0000186D
00001870
00001871
00001872
00001877
00001878
0000187B
0000187C
0000187F
00001881
00001882
00001883
00000036
0000006D
0000006F
000000A9
000000B8
000000DE
00000105
00000138
0000013F
00000152
0000017E
0000019F
000001BA
000001C4
000001C5
000001FA
0000020A
00000231
00000237
0000024F
00000271
00000290
00000298
000002CC
000002D5
000002F5
000002FD
00000389
000003D5
0000042E
0000048D
000004B5
000004BD
000004E8
000005A9
000005D8
00000651
0000065C
0000069A
000006BE
0000071A
00000749
000007D6
000007E5
00000805
00000813
00000817
00000849
00000872
000008AE
000008CB
0000091A
00000952
000009F3
00000A45
00000AF5
00000B14
00000B2B
00000B30
00000BB0
00000BE5
00000BFA
00000DE0
00000E68
00000E91
00000EE2
00000F12
00000F2B
00000FB5
00000FB7
00000FCA
00000FD4
00000FDA
00001049
00001056
0000105D
00001069
00001097
000010B8
000010D2
000010D5
000010DB
0000110B
00001119
0000119F
000011C6
00001239
0000123A
00001288
000012CA
000012EB
000012F4
000012F5
00001338
00001339
0000135F
000013DA
000013EC
0000142D
00001453
000014A2
000014AE
000014C1
00000003
00000007
00000018
0000001D
0000004D
00000057
0000005A
0000009B
000000A1
000000AC
000000C0
000000CB
000000DA
0000016E
00000196
000001CC
0000023C
00000299
000002DB
0000030D
00000331
0000033E
0000037E
000003CC
000003EC
000003F7
00000491
00000536
00000548
00000573
00000575
0000058A
000005AE
000005EE
000005F2
00000680
000006B1
000006BD
00000714
00000753
0000075D
00000779
0000078C
0000079A
000007F8
00000818
00000877
000008C5
000008D5
000008D6
00000923
0000094B
00000961
00000975
00000A02
00000A0C
00000A97
00000B6D
00000B8D
00000C50
00000C7A
00000C95
00000CB7
00000CC9
00000CE1
00000CF3
00000D0E
00000D3B
00000D5E
00000DF8
00000E39
00000EE0
00000F37
00000F4F
00000FB6
000010A9
000010F1
0000110C
00001125
0000112E
00001138
000011A6
000011AB
000011DC
000011EA
000011ED
000011F7
00001217
00001223
000012F6
000013C3
00001410
00001427
00001454
00001455
0000148C
0000149C
000014AA
000014AD
000014E8
00001513
00001557
00001558
0000156F
00001581
000015A1
000015B9
00001638
00001639
00001661
0000168A
0000168F
00001771
000017BB
00001843
00000027
0000003B
0000003E
00000075
00000076
00000099
0000009C
000000BA
000000BB
000000C4
00000119
0000014A
00000161
00000165
000001A6
000001B1
000001B2
000001CB
000001FD
00000249
0000024A
000002CA
00000354
0000038E
0000039B
000003C6
000003E2
00000467
0000054E
000005A6
000005C0
00000605
00000646
000006B8
0000074D
00000765
00000767
0000076C
000007B1
000007C9
000007EB
000007ED
0000084D
0000087D
000008E4
00000956
00000990
000009BE
00000A06
00000A34
00000A64
00000A92
00000B15
00000B44
00000B67
00000BD7
00000C31
00000CDB
00000CF5
00000D16
00000D90
00000ED6
00000EE4
00000EE6
00001030
000010F3
0000111E
00001139
0000115B
00001166
00001173
000011F3
00001200
00001209
00001268
00001328
00001360
00001370
00001371
000013B7
000013C2
000013C6
000013C7
000013DB
00001413
00001421
000014E0
000014EE
00001509
0000152C
0000158F
000015D0
00001647
0000168E
000017C1
000017D7
000017EF
0000181D
0000183F
00001841
00000021
00000059
0000005E
00000061
0000006D
0000008B
000000A3
000000A7
0000010F
0000016A
00000178
000001AA
000001AC
000001D6
000001E8
00000262
0000029A
000002A1
00000319
0000031F
00000395
000003A4
000003B2
000004E3
00000507
00000529
000005A4
000005B2
000005E2
00000632
00000692
000006A2
000006C3
000006E9
000006FC
000006FD
00000726
0000072D
00000738
00000781
000007A3
000007F9
00000839
00000869
0000086D
00000891
000008D2
000008E0
000008F2
000008F9
00000914
00000922
00000964
000009DE
000009E8
00000A2B
00000AA7
00000AD5
00000B07
00000B5B
00000B68
00000B78
00000BB9
00000BBB
00000C73
00000CC3
00000D47
00000DD8
00000E50
00000ED3
00000F0A
00001097
00001107
0000111C
000011CF
000011F6
00001238
00001258
00001260
00001270
000012E4
00001322
0000132A
00001337
0000135B
0000135F
00001380
00001383
000013BC
000013C5
000013DE
00001403
00001436
00001442
0000144D
0000148E
00001495
000014DB
00001534
0000157B
000015A8
000015B3
000015E1
0000160C
00001612
000016D1
000017BC
00000024
00000049
00000064
0000007E
000000EB
000000FC
0000014B
0000014E
00000160
0000016E
000001DB
000002B2
0000032B
000003B4
000003B5
000003D0
000003DC
000004C1
0000056B
00000603
00000604
0000065F
00000667
0000069D
000006F6
00000737
0000080E
00000825
00000831
00000983
000009C8
000009CE
000009F9
00000AC9
00000B0A
00000B35
00000B83
00000E1B
00000E34
00000E3D
00000ED9
00000F41
00000FCF
00001117
00001118
0000114F
000011D4
000011D9
0000129A
0000133D
00001441
00001464
000014A4
000014E8
00001557
00001558
0000157D
00001583
000015F0
00001639
000016C0
000017E1
00000019
0000001E
00000063
0000006B
0000008A
000000E6
0000012C
00000167
0000019C
000001C7
000001D0
000001D7
00000249
000002BC
00000321
00000340
0000038F
00000410
00000441
00000495
000005E3
00000605
00000702
0000074E
0000074F
0000079D
00000853
00000883
0000090A
00000998
00000A72
00000A92
00000AB4
00000B1E
00000B67
00000C0D
00000C4B
00000C59
00000C70
00000CED
00000D6F
00000E6E
00000EC0
00000EEE
00000F5C
00000F7A
00000FC3
00001086
000010D0
000010F5
00001116
000011E1
00001216
00001218
00001229
000012D3
00001353
000013CD
00001469
000014A7
000014F6
000014F8
00001521
0000152E
00001537
00001549
0000155E
00001621
00001635
00001645
00001661
00001675
0000168F
00001718
000017E4
000017E9
000017F9
00000011
00000021
00000029
0000003F
00000047
0000004E
00000058
0000006D
0000008C
000000CB
000000CD
0000010F
0000015B
0000015D
0000016F
0000017B
000001E5
000001F0
0000022D
00000436
00000448
00000484
0000052E
0000054E
00000575
00000597
0000063C
00000646
000006D6
00000871
00000940
00000A4A
00000AE9
00000B24
00001009
0000101C
00001024
00001029
0000103B
0000103E
00001072
000010B6
000010C9
000010D8
0000111C
00001301
00001427
00001515
0000152A
0000152B
00001539
00001559
00001567
0000156A
00001574
00001576
0000157C
00001582
00001592
00001593
000015A1
000015A8
000015B1
000015B7
000015C7
000015D0
000015D9
00001603
0000160F
00001611
00001620
00001629
0000163C
0000163F
00001643
0000164D
0000164E
00001650
00001655
0000165C
00001664
0000166C
00001676
00001688
0000168A
000016A6
000016DB
000016E4
0000177E
000017AC
000017B8
000017C2
000017C5
000017D1
000017EF
000017F4
000017FF
00001807
00001815
0000184C
00001861
00000010
0000003B
00000042
00000049
00000059
0000006C
0000011E
00000160
0000016E
00000174
000001AF
00000208
00000213
000002EC
0000032A
0000032B
000003A9
000003C7
000003F5
00000514
00000548
0000056B
0000058A
00000696
00000787
00000850
0000089B
00000A38
00000B9B
00000C9F
00000DAD
00000DEA
00000FCB
00001008
0000102A
0000109B
0000117B
00001210
00001238
00001292
00001362
00001441
000014A4
000014E8
000014FF
0000150A
00001518
00001541
00001554
00001557
00001558
00001568
00001588
000015B9
000015C4
000015D1
000015D6
0000160C
00001628
00001639
00001646
00001647
00001665
00001689
000016BE
000016C0
000016D1
000016EF
000016F3
00001739
0000174B
00001753
00001763
00001775
0000178C
000017A8
000017E1
000017E2
0000182E
00001843
0000185A
00001866
00001868
0000005E
00000063
0000008A
00000191
0000021C
00000224
00000235
0000023B
0000023D
00000300
0000030F
000003AD
00000441
00000495
000004B4
000004FA
00000541
00000604
00000605
000006E4
00000700
0000079D
000007AA
00000853
000009FB
00000A92
00000B1E
00000B67
00000C70
00000CED
000010B0
000010C6
000011AF
000011BA
00001216
00001229
00001230
00001268
000012C8
000012E4
00001337
0000152C
0000154F
00001586
0000159F
000015BE
000015C2
00001627
00001634
00001670
00001677
00001687
0000168D
00001691
0000169F
000016AE
000016E2
00001703
00001706
00001727
00001737
0000174E
00001786
000017C0
0000180A
0000180E
0000183F
0000184B
00000021
00000024
00000027
0000003F
0000004E
00000058
00000064
0000006D
0000007E
000000BD
000000CD
0000010F
0000011A
00000144
0000016F
0000018E
000001F0
000002D2
0000032E
00000373
0000041C
00000484
000004F7
00000597
00000702
00000765
0000081D
00000883
00000D53
00000D6E
00000E48
00000F5E
00001021
000010FD
0000110C
00001185
0000125E
00001301
00001472
000014F6
00001515
00001517
00001521
00001549
00001567
0000157D
000015A8
000015B1
000015C7
0000163F
00001675
00001696
00000018
0000001D
00000029
00000049
00000059
0000005A
0000006C
00000080
00000081
0000008C
000000CB
000000D5
0000012C
0000015E
00000160
0000019C
000001AA
000001AF
000001D7
000001E5
0000031F
00000339
000003A9
000003B8
000003C7
000003E3
000003EB
00000431
00000436
00000448
000004DD
00000536
0000058D
0000063C
000008C4
000008D0
00000965
00000C93
00000DAD
000010B6
0000111C
00001292
000012D3
00001362
00001373
000013F0
00001441
000014E8
00001557
00001558
00001573
00001583
000015A1
000015A5
000015B0
000015D5
00001621
00001639
00001645
000016DB
00001702
00001736
0000175D
000017DF
000017F9
00001814
00000010
00000045
00000063
000000A5
000000C4
000000C8
0000016E
00000174
00000186
0000019A
000001B5
00000208
00000225
0000023D
0000027F
000002BC
000002F4
00000300
0000032A
0000032B
0000039E
000003B0
000003F5
00000441
0000046D
00000495
000004B4
000004FA
000005E3
00000604
00000605
000006EE
0000079D
000007EB
00000850
00000853
00000862
000009EF
00000A92
00000AB4
00000B1E
00000B67
00000C70
00000CED
0000109B
00001210
00001216
00001229
00001285
00001291
000012A0
000012E4
000013E5
00001537
0000155E
00001574
0000157C
00001586
000015BE
000015C2
000015D4
00001605
00001661
000016A5
000016A6
000016D1
000016E4
000016EB
000016F2
000017D1
000017E2
000017EF
000017F2
00001804
0000184B
00001868
00000021
00000024
0000003F
0000005E
00000064
000000BD
000000CD
00000109
0000010F
0000016F
000001CA
000001F0
00000213
0000022D
00000235
0000023B
00000257
000002A4
0000030F
00000393
000003AD
000003F7
0000044D
00000484
00000486
000004F7
0000054E
00000597
00000603
00000684
00000700
00000726
0000078C
000008E2
00000902
00000D2D
00000D47
00000D7C
00000E05
00000E48
00000EBF
00001078
000010B0
000010C6
0000110C
000011BA
00001230
00001238
00001268
000012C8
00001302
00001305
000013E8
00001427
00001515
00001568
00001582
0000159F
000015A8
000015B1
000015C7
000015F1
00001631
0000163F
000016C0
000016DF
00001743
000017AC
000017E5
00000043
0000004E
00000058
00000059
0000006C
00000079
00000081
000000D5
00000144
0000018E
0000021C
00000234
00000296
0000032E
0000033E
00000373
0000043B
0000057A
0000061E
000006D9
000007AA
000007E6
0000081D
00000AC6
00000BFC
00000D43
00000F5E
000010B3
0000125E
00001504
00001532
0000154F
000015F4
000017DA
0000182C
0000007E
000000C8
00000187
000001AF
00000244
0000027F
000002D2
0000031F
00000351
000003C7
00000436
000004BA
0000068E
00000883
00000899
000009E7
000009FB
00000A92
00000B13
00000B67
00000C33
00000CFA
00000DC6
00000DFB
00000E5B
00000E68
00000EA0
00000F12
00000F15
00000F17
00000F1D
00000F63
00000FA7
00000FB5
00000FC2
00000FCA
00000FCC
00000FD4
00000FDA
00000FE1
00000FE8
00000FFD
00001000
0000100A
0000100B
0000100D
00001015
00001020
0000102B
00001044
00001047
00001051
00001056
00001068
00001069
0000106C
0000106F
00001071
00001075
00001079
0000107C
00001080
00001085
00001087
00001089
0000108A
0000108B
0000108E
00001094
00001095
000010E6
000011AA
00001221
00001266
0000127B
0000128A
00001292
000012CA
000012D3
000012EB
000012EC
00001301
000013BB
000013E7
000013F6
00001467
0000146E
00001483
00001485
000014CF
000014F6
00001517
00001567
00001573
000015A5
000015D5
0000161C
00001841
00001842
00001845
00001847
0000184E
00001851
00001852
00001857
0000185B
00001860
0000186C
0000186D
00001871
00001872
00001877
00001878
0000187B
0000187C
0000187F
00001881
00001882
00001883
00000036
0000006D
0000006F
0000008C
000000A9
000000B8
000000DE
000000E6
00000105
0000012C
00000138
0000013F
00000152
00000160
0000016F
00000174
0000017E
00000191
0000019C
0000019F
000001B5
000001BA
000001C4
000001D7
000001FA
00000208
0000020A
00000231
00000237
0000024F
00000271
00000290
00000298
000002CC
000002D5
000002F5
000002FD
0000030D
0000032A
00000389
000003D5
000003DF
0000042E
0000048D
000004B5
000004BD
000004E8
000004EE
00000541
00000548
000005A9
00000651
0000065C
00000674
0000069A
000006BE
0000071A
00000749
000007D6
00000805
00000813
00000817
00000849
00000872
000008AE
000008CB
00000902
0000091A
00000952
00000965
000009F3
00000A83
00000AF5
00000B14
00000B2B
00000B2C
00000B30
00000BE5
00000BFA
00000D5E
00000D7C
00000DF1
00000E05
00000E6E
00000EBF
00000EE2
00000F2B
00000F7D
00000FB7
00001049
0000104F
00001055
0000105D
00001097
0000109B
000010B8
000010D0
000010D2
000010D5
000010DB
0000110B
00001119
0000119F
000011C6
00001210
00001223
00001239
0000123A
00001288
000012F4
000012F5
00001305
00001338
00001339
0000135F
000013DA
0000142D
00001453
0000145F
00001482
000014A2
000014A4
000014AE
000014C1
00001689
00001870
00000007
0000000E
00000018
0000001D
0000005A
0000005E
00000079
0000009B
000000AC
000000CB
000000DA
0000012E
00000154
00000161
0000016E
00000173
00000196
000001CC
000001E6
00000234
00000235
0000023B
0000023C
00000299
000002AA
000002AB
000002DB
0000030F
0000033E
00000354
0000037E
000003AD
000003CC
000003E2
000003E5
000003EC
000003F7
00000437
00000491
0000056C
00000573
00000575
0000058A
000005AE
000005D3
000005D8
000005EE
000005F2
00000620
00000680
000006B1
000006BD
000006D9
00000700
00000714
00000753
00000779
0000078C
0000079A
000007F8
00000818
00000877
000008D6
000008E4
00000923
00000961
00000975
00000990
000009A2
00000A02
00000A06
00000A0C
00000A12
00000A2F
00000B6D
00000B8D
00000C31
00000C50
00000C7A
00000C95
00000CB7
00000CE1
00000CF3
00000D3B
00000D43
00000D54
00000DEA
00000DF8
00000E25
00000E2E
00000E39
00000EE6
00000F37
00000F8B
000010B0
000010C6
0000110C
0000111E
00001125
0000112E
00001138
000011AB
000011DC
000011EA
000011ED
00001217
00001268
0000129F
000012C8
000012F6
00001362
00001364
000013C3
00001410
00001426
00001427
00001454
00001455
000014AA
000014C0
000014E8
000014F1
00001513
00001557
00001558
0000156F
0000157D
00001581
000015A1
000015B9
000015D0
0000160C
00001639
00001661
0000168A
0000168F
0000169F
000017E9
0000181C
00001843
00000027
0000003E
0000004D
00000059
00000068
00000081
0000008A
00000099
000000C4
000000CC
000000EA
00000144
000001B2
000001C2
000001F9
00000213
0000021C
00000224
00000232
0000023D
0000024A
00000264
0000029A
000002CA
000002F7
00000300
00000302
00000360
00000373
0000038A
000004BA
00000525
0000054E
000005A6
00000605
0000061E
00000646
0000065B
000006B8
00000723
0000074D
0000075D
00000765
00000767
000007A3
000007ED
00000850
00000883
00000928
00000940
00000956
000009BE
00000A92
00000B67
00000BF6
00000C98
00000C99
00000D16
00000D75
00000DAD
00000E46
00000E70
00000EA0
00000ED6
00000F5E
00000F9A
00001030
000010F9
00001139
0000115B
00001166
00001173
00001230
0000125E
0000126C
000012D3
00001328
0000137C
000013B7
000013C7
000013F1
00001413
00001472
000014E0
000014EE
000014F6
00001521
0000152E
00001549
0000155A
0000155E
0000156A
0000157B
00001586
000015A0
000015A4
000015BE
000015C2
000015E4
0000174A
000017BB
000017D4
000017D6
000017F9
0000181D
0000184B
0000185A
0000185D
00000024
00000045
0000004E
00000058
00000061
0000008B
0000008C
000000A5
000000A7
000000AA
000000C8
0000011A
0000013B
0000016C
00000199
0000019C
000001CB
000001D6
000001D7
00000225
00000244
00000262
0000027F
00000297
000002D2
000002EC
0000031F
00000393
000003B2
000004B4
000004F9
000004FA
00000507
00000514
00000529
00000559
0000068E
0000081D
00000891
000008D5
0000091B
00000922
000009DE
000009E9
000009FB
00000A38
00000AB4
00000B08
00000B78
00000D53
00000E05
00000E48
00000E6E
00000F8E
00000FF4
000010D0
000011BA
00001258
00001301
000013CD
00001436
000014A4
0000150A
00001516
00001517
0000152C
00001532
00001534
00001539
00001567
00001573
000015A5
000015D5
00001605
00001627
00001634
00001646
000017BC
000017E2
000017E5
0000180A
0000180E
00001814
0000000E
00000029
0000005A
0000006C
00000079
0000007E
000000CA
000000E6
00000154
0000016F
00000187
0000018E
00000208
00000249
00000431
00000604
0000069D
000006A2
000006D9
000006FC
00000708
00000781
00000806
00000902
00000914
00000BFC
00000D7C
00000EBF
0000110C
000011D9
00001223
00001292
000012AC
00001305
00001444
0000154F
000017DA
00000023
00000042
0000010F
0000011E
0000012C
0000015E
00000173
000001CC
000001DE
000001E3
00000232
00000234
000002AB
0000033E
000003C5
000004BA
00000541
000009CE
00000D43
00000D45
00000DAD
00000EA0
000010C1
0000112D
00001230
00001509
000015B0
0000166A
00001689
00001718
000017A8
0000185A
0000004E
0000008C
00000102
00000192
000001B2
00000281
000002EC
0000038A
00000451
000004B4
000004FA
00000682
000006E4
00000940
0000131A
000015C2
0000169F
0000184B
00000019
00000059
0000006C
00000080
0000019C
000001D7
0000022D
00000257
0000041C
00000850
00000965
00000DEA
00000E6E
000010D0
0000110C
000011BA
00001301
00001362
000014A4
000015FC
000017A2
00000018
0000001D
00000043
00000163
00000199
000001E5
00000300
0000030E
000003A9
000003C2
00000431
000004A6
00000541
0000058D
00000719
000009FB
000010C5
00001586
000015BE
00001605
00001627
00001646
000017E2
000000C4
00000117
00000760
00000E48
00001157
00001509
00000B13
00000C33
00000CFA
00000DC6
00000DFB
00000E5B
00000F15
00000F17
00000F1D
00000F63
00000F7D
00000FA7
00000FB5
00000FB7
00000FC2
00000FE1
00000FE8
00000FFD
00001000
0000100A
0000100B
0000100D
00001015
00001020
0000102B
00001044
00001047
0000104F
00001051
00001068
0000106C
00001071
00001075
00001079
0000107C
00001080
00001085
00001087
00001089
0000108A
0000108B
0000108E
00001094
00001095
000010E6
000011AA
00001221
00001266
0000128A
000012EC
000013BB
0000145F
00001467
0000146E
00001482
00001483
00001485
000014C1
000014CF
00001842
00001845
00001847
00001851
00001852
00001857
0000185B
00001860
0000186C
0000186D
00001870
00001871
00001872
00001877
00001878
0000187B
0000187C
0000187F
00001881
00001882
00001883
00000036
0000006D
0000006F
000000A9
000000B8
000000DE
00000105
00000138
0000013F
00000152
0000017E
0000019F
000001BA
000001C4
000001C5
000001FA
0000020A
00000231
00000237
0000024F
00000290
00000298
000002CC
000002D5
000002F5
000002FD
0000030D
00000389
000003D5
0000042E
0000048D
000004B5
000004BD
000004E8
00000540
000005A9
000005D8
00000651
0000065C
0000069A
000006BE
0000071A
000007D6
000007E5
00000805
00000813
00000817
00000849
00000872
000008AE
000008C5
000008CB
0000091A
00000952
000009F3
00000A45
00000AF5
00000B14
00000B2B
00000B2C
00000B30
00000B55
00000BB0
00000BE5
00000BFA
00000DE0
00000E68
00000EE2
00000F12
00000F21
00000F2B
00000FB6
00000FCA
00000FD4
00000FDA
00001049
00001055
00001056
0000105D
00001069
00001097
000010B8
000010D2
000010D5
000010DB
0000110B
00001119
0000119F
000011A6
000011C5
000011C6
00001239
0000123A
00001288
000012CA
000012EB
000012F4
000012F5
00001338
00001339
0000135F
000013DA
000013EC
0000142D
00001453
000014A2
000014AA
000014AE
0000184E
00000003
00000007
00000018
0000001D
0000003E
0000004D
00000057
0000009B
000000DA
00000119
0000016E
00000196
000001CC
000001E6
0000023C
00000271
00000299
00000331
0000033E
00000354
0000037E
00000395
000003CC
000003EC
000003F7
00000573
00000575
000005A6
000005AE
000005EE
000005F2
00000680
000006B1
000006BD
00000714
00000749
00000753
0000075D
00000779
0000078C
0000079A
000007F8
00000818
00000877
000008D6
000008E4
00000923
0000093F
0000094B
00000975
00000A02
00000A06
00000A0C
00000A2F
00000A83
00000A97
00000B6D
00000B8D
00000C31
00000C50
00000C7A
00000C95
00000CB7
00000CC9
00000CE1
00000CEF
00000CF3
00000D00
00000D0E
00000D5E
00000DA2
00000DF8
00000E2C
00000E39
00000EE6
00000F37
000010F1
0000110C
0000111E
00001125
0000112E
00001138
000011AB
000011DC
000011EA
000011ED
000011F7
00001217
000012F6
00001364
000013C3
00001410
00001427
00001433
00001454
00001455
0000148C
000014AD
000014E8
000014EE
00001513
00001557
00001558
0000156F
00001581
000015A1
000015B9
00001639
0000168A
0000168F
000016D1
00001715
00001771
000017BB
000017D7
00001841
00001843
00000027
00000059
0000005A
00000075
0000009C
000000BA
000000C4
000000CB
0000014A
0000015F
00000165
000001B1
000001CB
000001D6
00000249
0000024A
000002CA
0000039B
000003C6
00000467
0000054E
00000559
00000605
00000646
00000652
000006B8
0000074D
00000767
000007B1
000007C9
000007F9
00000837
00000840
0000091F
00000956
00000990
000009BE
000009C7
00000A2C
00000A4D
00000A64
00000AB7
00000B15
00000B44
00000BB7
00000BC7
00000BD7
00000BF1
00000CC7
00000CDB
00000CF5
00000D16
00000D54
00000D90
00000DEA
00000ED6
00000EE4
00001030
00001078
000010F3
00001139
0000115B
00001166
00001173
000011CF
00001200
00001209
00001218
00001223
0000125F
00001268
00001270
00001360
00001371
000013B7
000013C1
000013C2
000013C7
00001413
000014E0
000014F1
0000152C
0000155A
0000157B
0000158F
000015A0
0000160F
00001640
00001661
0000166E
0000168E
000016C5
000017BC
000017C1
0000181D
0000185D
00000021
00000024
0000003B
0000005E
0000006D
00000092
00000099
000000A7
000000AA
0000010F
000001AC
000001B2
000001E5
000001E8
00000225
00000250
00000262
0000029A
000002A1
000002F7
00000300
00000319
0000031F
000003A4
000003E9
000004E3
00000529
000005A4
000005C0
00000607
00000640
00000692
000006A2
000006C3
000006F7
000006FD
00000726
00000738
0000074E
00000781
000007A3
00000839
00000869
0000086D
00000891
000008AC
000008D2
000008E0
000008F2
000008F9
00000914
00000922
00000964
000009CE
000009DE
000009E8
00000A2B
00000AA7
00000AD5
00000B07
00000B78
00000B7F
00000BBB
00000C73
00000DD8
00000E29
00000F0A
000010EE
00001230
00001258
0000135F
00001380
00001383
0000138F
000013BC
000013C5
00001403
00001436
0000144D
0000148E
000014F8
0000151B
00001534
0000159B
000015B3
000015C2
000015E1
00001612
000017B6
0000184B
00000049
000000A3
000000BB
000000FC
0000014B
0000014E
00000160
000002B2
00000304
0000032B
000003B4
000003D0
00000491
00000536
0000056B
000005E2
00000603
00000604
0000065F
0000069D
0000072D
00000737
0000074B
00000806
0000080E
00000825
00000831
00000AC9
00000BB8
00000CBC
00000E50
00000ED9
00000F41
000010ED
0000114F
000011D4
000011D9
0000129A
000012E4
0000132A
0000133D
000013DE
00001441
000014E8
00001557
00001558
000015D0
00001639
00001649
000017E1
00000063
0000008A
0000016A
00000178
000001D0
00000249
0000038E
00000441
00000484
00000495
000004FC
00000575
00000605
00000661
000006D5
0000072C
00000765
0000076C
0000078C
0000079D
0000084D
00000853
0000091B
000009C8
000009E9
000009F9
00000A34
00000A92
00000A9A
00000B1E
00000B35
00000B67
00000B83
00000C4B
00000C70
00000CED
00000D47
00000EEE
00000F5C
00000F7A
00000FC3
00001086
000010AB
00001117
000011F3
00001216
00001229
0000126B
0000136C
000013C6
000014A7
00001521
00001549
000015A8
0000160C
0000168F
000017E4
000017EF
00000021
00000029
0000003F
00000047
0000004E
00000064
0000006B
00000088
00000094
000000A7
0000010F
000001AA
000001F0
000004F7
00000507
0000050A
0000052E
00000548
00000597
00000632
000007EB
000007ED
0000090A
000009CE
00000A72
00000AF0
00000B81
00000BB9
00000C13
00000C5B
00000C91
00000DD1
00001009
0000101C
00001024
00001029
0000103B
00001072
00001118
0000111C
00001238
00001353
00001427
0000145C
000014DB
000014F6
00001515
0000152A
0000152B
00001568
00001576
0000157D
0000159F
000015B7
000015C7
000015D9
00001603
00001611
00001620
00001629
00001635
0000163C
0000163F
0000164D
0000164E
00001650
00001655
00001664
00001676
00001688
000016DB
000017F9
000017FF
0000184C
00000059
000000CB
0000016E
000001AC
0000022D
000002BC
000002DA
000002F4
000005FF
00000940
00000961
00000AB4
00000E31
00000E6E
00000EBB
00000ECC
00000ED3
00000FCB
00001008
00001010
0000102A
0000103E
000010D0
0000135B
000013CD
000013F2
00001441
00001495
0000150E
0000152E
00001541
0000154F
00001554
0000155E
00001588
00001592
00001593
000015C4
000015D1
00001621
00001661
000016AE
000016BE
000016EF
000016F3
00001739
0000174B
0000174F
00001753
00001763
00001775
000017C2
0000182E
00001866
0000000A
00000011
00000019
00000049
00000063
0000007E
000000E6
0000019C
000001D0
000001D7
00000321
00000441
00000495
00000605
0000079D
00000853
0000097B
00000B1E
00000B24
00000C70
00000CED
00000DEA
00000EBE
00000EC9
000011AF
00001216
00001229
000012E4
00001301
00001362
000013A9
0000140A
000014A4
000014FF
0000152C
00001539
00001567
00001574
0000157C
00001646
00001670
00001677
00001687
000017B8
000017C0
0000180A
0000180E
0000185A
00000021
0000003F
00000058
00000064
0000006D
0000008A
0000008C
00000099
000000FC
0000010F
0000011D
0000011E
0000012C
0000015B
00000191
000001F0
0000023D
000002EC
00000300
00000339
00000484
000004B4
000004F7
000004FA
00000541
0000054E
0000058E
00000597
00000646
00000696
0000074F
00000850
00000871
000009CE
000009FB
00000A38
00000ACE
00000AE9
00000B7A
00000DAD
00000E76
00001009
0000101C
00001021
00001024
00001029
0000103B
00001072
000011BA
000011DD
0000121A
00001337
00001515
0000151B
0000152A
0000152B
00001568
00001582
00001583
00001586
000015A1
000015A8
000015B0
000015B1
000015B7
000015BE
000015C2
000015C7
000015F1
00001603
00001605
00001611
00001620
00001627
00001629
00001639
0000163C
0000163F
00001643
0000164D
00001650
00001655
00001664
0000166A
0000166C
00001676
00001685
00001688
00001689
0000169F
000016C0
00001718
000017AC
000017C5
000017E2
000017FF
00001815
0000184B
00000024
00000027
0000004E
00000059
0000006C
0000015D
00000161
0000016E
0000018E
00000224
0000022D
00000257
000002B2
000002BC
000002F4
0000032E
000003C7
0000041C
0000046D
0000052E
0000063C
000006E4
000006EE
00000702
0000074E
0000081D
00000883
000008D0
00000965
00000C93
00000CBC
00000E48
00000F7A
00000FC3
00000FCB
00001008
0000102A
0000103E
00001086
000010FD
0000110C
0000111C
000011E1
00001230
000013F0
00001469
00001490
000014E8
00001507
0000150E
00001541
0000154F
00001554
00001557
00001558
0000155E
0000157D
00001588
00001593
000015B9
000015C4
000015D1
000015F4
00001601
0000160C
00001621
00001628
00001645
0000164E
00001675
0000168A
00001696
000016AE
000016BE
000016D1
000016EF
000016F3
00001702
00001706
00001739
0000174B
00001753
00001763
00001775
000017E1
000017E4
000017E9
000017F9
0000182E
00001843
00001866
00000018
0000001D
00000029
00000043
000000CB
00000160
00000163
0000016F
000001AF
000001E5
0000030E
000003A9
000003EB
00000431
00000436
000004A6
000004DD
0000058D
000007AA
00000899
000009F0
00000A92
00000AE1
00000B51
00000B67
00000C72
000010B6
00001238
0000125E
00001292
000012A0
000012D3
00001441
000014F6
000014FF
00001518
00001521
0000152C
00001537
00001549
0000156A
00001574
00001576
0000157C
0000159F
000015AC
0000161C
00001634
00001670
00001677
00001687
00001736
0000175D
000017C0
000017EF
00001801
00001807
00001814
0000184C
00000010
0000003B
0000003F
00000049
00000058
00000063
00000064
0000007E
00000099
000000C4
00000109
00000186
0000019A
000002D2
0000032B
000003B0
000003BB
000003F5
00000441
00000495
00000514
0000051C
00000604
00000605
0000079D
00000853
00000B1E
00000C70
00000CA5
00000CED
0000109B
000011BA
00001210
00001216
00001229
00001260
000012E4
00001301
000013A9
0000140A
0000144C
0000150A
00001567
00000059
0000010F
0000015E
0000019C
000001AA
000001D7
000001F0
0000039E
000003F7
00000448
0000044D
00000484
000004F7
00000548
00000575
00000597
00000603
000009CE
00000CE9
00000DAD
00001291
00001362
00001427
000014A7
00001515
00001554
00001568
000015A8
000015B1
000015C7
00001639
00001743
0000178C
0000004E
00000191
00000300
000004B4
000004FA
00000541
0000057A
0000063C
000007E6
00000A82
00000AC6
000010FD
000011AD
0000152B
0000152C
0000154F
0000159F
000015BE
000015C2
00001670
00001677
00001687
00001691
0000169F
00001706
000017C0
00001804
0000184B
0000006C
0000016F
0000032A
0000032E
00000361
000003C7
0000045C
00000486
00000702
00000965
00000C07
00000FCB
00001008
0000101C
00001029
0000102A
0000106F
00001072
0000110C
000011BA
00001507
0000150E
0000152A
00001593
000015DC
00001650
000016EF
000016F3
0000174B
000017DF
000017E2
0000182E
00001866
00001868
0000005E
0000008C
000000CB
0000012C
0000015D
00000160
000001AF
00000213
00000235
0000023B
0000030F
00000339
000003A9
000003AD
000003E3
00000436
000004DD
00000700
00000883
00001024
0000103B
0000103E
000010B0
000010B6
000010C6
00001230
00001268
00001292
000012C8
000012D3
000014F6
00001541
00001554
000015B7
00001603
00001629
00001753
00001763
00001795
00000024
00000029
0000003B
00000058
00000059
00000174
0000018E
000001B5
00000208
0000021C
0000023D
000002BC
000002F4
000003DC
000003F5
0000046D
00000642
000006EE
0000081D
000009EF
00000F35
00000F5E
0000109B
000010B3
00001210
0000125E
00001301
000013E4
00001490
0000152B
0000152C
0000159F
00001670
00001677
00001687
000017C0
0000004E
0000005A
000001E5
0000031F
000009FB
00000FCB
00001008
0000101C
00001029
0000102A
00001072
00001507
0000150E
00001517
0000152A
000016EF
000016F3
0000174B
0000182E
00001866
0000103B
0000103E
00001554
00001753
000017FF
0000152B
0000152C
00001593
0000159F
00001603
00001670
00001677
00001687
000017C0
00000FCB
00001008
0000101C
00001029
0000102A
00001072
00001507
0000150E
0000152A
00001541
000015B7
000015C4
000016EF
000016F3
00001739
0000174B
00001763
0000182E
00001866
00000CA5
00001024
0000103B
0000103E
00001554
00001753
00000CE9
0000152B
0000152C
00001593
0000159F
00001670
00001677
00001687
000017C0
00000A82
00000B04
00000BFB
00000FCB
00001008
0000101C
00001029
0000102A
00001072
000011AD
00001507
0000150E
0000152A
00001650
000016EF
000016F3
0000174B
0000182E
00001866
00000361
0000045C
00000492
000004A3
000006F3
00000A7E
00000C07
00000C19
00000D7B
00000DDD
00000E03
00000E78
0000103B
0000103E
00001145
0000142F
00001451
00001541
00001554
000015B7
00001603
00001629
000016D9
000016E2
00001753
00001763
000017FF
00001332
000013F2
0000152C
00001593
00001595
0000159F
00001670
00001677
00001687
000017C0
0000152B
00000FCB
00001008
0000101C
00001029
0000102A
00001072
00001507
0000150E
0000152A
000015D1
00001620
000016EF
000016F3
0000174B
0000182E
00001866
00001024
0000103B
0000103E
00001541
00001554
00001603
00001753
00001763
00001795
0000152B
0000152C
00001568
00001593
0000159F
000015B7
00001670
00001677
00001687
000017C0
0000081D
00000FCB
00001008
0000101C
00001029
0000102A
00001072
000010FD
00001507
0000150E
0000152A
0000154F
000015C4
000016EF
000016F3
00001706
00001739
0000174B
0000182E
00001866
00000059
0000005A
00000899
000008F4
00000CA5
0000103B
0000103E
00001554
00001753
000017DA
000017FF
00000024
00000B59
00000CCD
0000152B
0000152C
00001593
0000159F
00001603
00001670
00001677
00001687
000017C0
00000625
00000D39
00000E56
00000FCB
00001008
0000101C
00001029
0000102A
00001072
00001507
0000150E
0000152A
00001541
000015B7
000016EF
000016F3
0000174B
00001763
0000182E
00001866
0000067F
00000DDD
00001024
0000103B
0000103E
0000138D
00001554
00001595
00001740
00001753
00000361
00000C07
00000E67
0000152B
0000152C
00001593
0000159F
00001650
00001670
00001677
00001687
000017C0
00000D7B
00000E78
00000FCB
00001008
0000101C
00001029
0000102A
00001072
00001332
00001507
0000150E
0000152A
00001603
000016D9
000016EF
000016F3
0000174B
000017FF
0000182E
00001866
00000CE9
0000103E
00001541
00001554
000015B7
00001753
00001763
00000492
00000A82
00000BFB
000011AD
0000152B
0000152C
0000159F
00001670
00001677
00001687
000017C0
00000115
0000012F
0000031B
0000035C
00000361
0000045C
00000464
000006F3
00000A7E
00000C07
00000FCB
00001008
0000101C
00001029
0000102A
0000103B
00001072
00001145
00001332
000013F2
0000142F
00001451
000014DB
00001507
0000150E
0000152A
00001593
000015C4
000015D1
00001620
00001650
000016EF
000016F3
00001739
0000174B
0000182E
00001866
00000469
000004A3
00000589
00000C59
00000CA5
00000D22
00000D7B
00000E78
00001024
0000103E
000010D9
000010E4
00001304
0000135B
0000138D
00001554
00001753
00001795
00000B04
0000152B
0000152C
0000158B
0000159F
000015AC
00001670
00001677
00001687
000017C0
00000625
0000067F
000006F3
000007AC
00000A05
00000D01
00000FCB
00001008
0000101C
00001029
0000102A
00001072
00001507
0000150E
0000152A
00001541
000015B7
00001603
000016EF
000016F3
0000174B
00001763
0000182E
00001866
0000006E
0000012F
0000019D
0000031B
000003C8
00000492
00000E81
0000103B
0000103E
000012F8
00001332
00001554
00001593
00001595
000015B8
00001753
000000CB
00000464
00000619
000008E7
0000125C
00001304
000014A7
0000152B
0000152C
0000159F
00001670
00001677
00001687
000017C0
000000BE
00000361
000005FF
00000FCB
00001008
0000101C
00001024
00001029
0000102A
00001072
00001507
0000150E
0000152A
00001650
000016EF
000016F3
0000174B
00001781
0000182E
00001866
00000042
00000058
00000080
0000008C
000003A6
00000729
00000730
00000978
000009FB
00000BCC
00000CE9
0000103B
0000103E
00001541
00001554
00001593
000015B7
00001603
00001646
00001655
00001753
00001763
000001E5
0000081D
00000A82
00000BFB
00000E43
000011AD
0000152B
0000152C
0000159F
00001670
00001677
00001687
000017C0
0000005A
0000006E
0000031B
00000361
0000045C
00000492
00000A7E
00000C07
00000D7B
00000E67
00000E78
00000FCB
00001008
0000101C
00001029
0000102A
00001072
000010E4
00001145
00001332
0000138D
0000142F
00001451
00001507
0000150E
0000152A
000015C4
000015D1
000016D9
000016EF
000016F3
0000174B
000017DA
0000182E
00001866
000000BE
00000115
0000035C
00000CA5
00001024
0000103B
0000103E
000011F0
00001304
00001554
00001753
00000042
00000058
00000080
000000A5
00000199
000001EE
000003A6
00000417
00000464
00000469
000004A3
000004AF
00000543
00000589
0000067F
00000729
000007CD
00000803
00000978
000009D3
000009FB
00000B59
00000B7A
00000BCC
00000C38
00000C59
00000E56
00000E65
000010D9
000012F8
000013F2
00001461
0000152B
0000152C
0000159F
00001646
00001650
0000166A
00001670
00001677
00001687
0000169F
00001718
000017C0
00000024
00000040
0000008C
000000A2
000000EC
0000015D
00000188
000002BB
000002F0
00000320
00000321
0000039D
0000046B
0000049B
00000635
0000063C
00000686
0000068F
000006AB
00000730
0000073A
00000A3E
00000D39
00000FCB
00001008
0000101C
00001029
0000102A
00001072
000010D7
000010F9
00001230
00001507
0000150E
0000152A
00001541
0000156C
00001593
000015B7
00001655
000016EF
000016F3
00001739
0000174B
00001763
0000182E
00001866
0000002B
0000005E
0000006E
000000BE
0000012F
0000017F
0000027D
0000029A
0000031F
00000337
0000037A
00000434
00000454
00000489
000004B7
000004B8
000004F7
00000700
00000793
00000841
000008E6
00000901
00000B63
00000D22
00000DDD
00000EEA
0000103B
0000103E
000010B0
000010C6
00001186
0000118D
0000125C
000013E4
000014DB
00001554
0000157F
00001595
00001795
00001868
00000042
00000058
0000006C
00000080
000000FC
00000165
00000199
000002B2
000002CB
000002FB
0000031B
00000361
000003A6
000003CF
0000052F
00000543
00000619
0000064A
00000687
00000720
00000729
00000850
0000088A
00000978
000009D3
000009FB
00000A82
00000BCC
00000C07
00000CCF
00000D51
00000E03
00000F35
0000119E
000012C6
000012EF
00001332
00001461
0000152B
0000152C
0000159F
0000163C
00001646
00001650
00001670
00001677
00001687
000017C0
000017EF
00000005
00000021
00000035
00000040
00000059
0000005A
00000081
0000008A
000000A2
000000BB
000000EC
00000104
0000010F
00000115
0000015D
00000163
000001E5
00000246
00000255
000002F1
000002F4
000002F6
00000320
000003E9
000003FA
0000044C
0000045C
0000046B
000004F2
0000053D
000005BA
000005D4
000005FF
00000686
00000697
0000074E
00000788
000007CD
00000803
0000093C
000009FE
00000CBC
00000E78
00000EEE
00000F5C
00000F7A
00000FC3
00000FCB
00001008
0000101C
00001029
0000102A
00001072
00001086
000010E7
000010EB
000010F9
00001145
0000118B
000011C4
000011E0
000011F0
00001230
00001243
000012B0
000012F8
0000135B
000013B8
00001490
00001507
0000150E
0000152A
0000164E
000016EF
000016F3
0000174B
00001753
0000182E
00001866
0000002B
00000032
0000004E
0000005E
0000007E
000000A5
000000BE
000000C8
0000016F
0000017F
00000181
00000188
000001AC
00000205
0000023B
0000027F
0000029A
000002BB
0000031F
00000337
0000035C
0000037A
00000417
00000469
00000484
000004A3
000004AA
000004AF
000004F7
0000052E
00000541
00000568
00000589
000005A5
000006B4
00000700
00000741
000007A8
00000841
00000901
00000940
00000A53
00000A5E
00000A7E
00000AE9
00000B1C
00000B63
00000B7A
00000CB0
00000D1C
00000DF6
00000E05
00000EBE
00000F48
00000F5B
00000F64
00000F8C
00001024
0000103B
0000103E
000010B0
000010B3
000010C6
00001186
000011AD
000011E7
000011FE
00001210
0000126A
000012B6
000012E6
000012FF
00001304
00001309
0000130D
00001337
000013E4
000013F2
0000142F
00001451
000014A7
000014CA
000014F6
00001541
00001554
00001576
0000157F
00001593
0000159A
000015A8
000015AA
000015B7
000015D0
0000160C
00001655
00001676
0000169F
000016E2
00001763
000017D4
0000184C
0000000E
00000011
00000016
00000019
00000023
00000042
00000045
00000048
0000004B
00000058
0000006C
00000079
00000080
0000008C
000000CB
000000E6
00000110
0000011E
0000012C
00000154
00000165
0000019C
000001D7
00000262
000002BC
000002CB
000002FE
0000031B
00000321
00000339
00000352
00000361
0000039D
000003A6
000003A9
000003CC
00000402
00000489
0000049A
00000543
0000058E
00000597
00000616
00000635
0000064C
000006D9
00000720
00000729
0000073A
00000765
00000769
000007C6
00000850
000008D3
00000902
00000978
00000989
000009D3
00000A65
00000AB4
00000BCC
00000C07
00000C59
00000CF6
00000D51
00000D7B
00000D7C
00000D8B
00000DAD
00000DEA
00000E6E
00000EBF
00000EC9
00000ED5
00000FD0
000010D0
000010D7
000010D8
000010D9
0000116B
0000119E
0000122F
000012C6
000012EF
00001301
00001305
00001332
00001362
000013CD
000013E7
00001407
00001461
00001469
000014EC
0000152B
0000152C
00001567
00001582
00001590
00001592
0000159C
0000159F
000015AC
000015B0
000015BE
000015D3
00001646
0000166A
00001670
00001677
00001687
00001689
0000168F
00001718
000017C0
000017C2
000017E2
0000180A
0000180E
0000185A
00000024
00000035
00000040
00000059
0000005A
00000072
00000081
0000008A
000000EC
0000012E
0000014B
0000014E
0000015D
0000015E
00000161
00000163
00000173
00000191
000001AF
000001B4
000001B5
000001CC
000001DE
000001E5
000001E9
00000224
00000232
00000234
00000255
0000027E
00000297
000002AB
000002B2
000002F0
000002F4
000002F6
00000300
00000320
0000033E
000003E9
0000041C
00000431
00000434
0000044C
0000046D
00000487
000004B4
000004BA
000004CD
000004FA
00000503
00000525
00000593
0000063C
00000686
000006EE
00000750
000007AA
0000087B
00000933
000009FB
00000A0D
00000A80
00000AEE
00000C41
00000C48
00000D43
00000EA0
00000FCB
00001008
0000101C
00001029
0000102A
0000103C
00001072
000010F9
00001141
0000116C
0000118B
00001230
000012B0
0000134D
00001385
00001490
00001501
00001507
0000150E
0000151F
0000152A
0000158F
000015C2
00001605
00001627
0000163C
00001650
00001661
000016D9
000016EF
000016F3
0000174B
000017A8
00001814
0000182E
0000184B
00001866
00000014
00000018
0000001D
0000002B
0000004E
0000005E
0000007E
00000099
000000A2
000000C3
000000C8
000000FC
000000FF
00000102
00000117
00000120
00000127
0000013B
0000016C
0000016F
0000017F
00000181
00000188
00000192
00000199
000001B2
000001F2
0000020A
0000027F
00000281
0000028E
0000029A
000002BB
000002D2
000002EA
000002EC
0000031F
0000032E
00000337
0000037A
0000038A
000003B0
000003BB
000003C3
000003C7
000003DD
000003E5
00000484
00000569
0000065B
0000070B
000008B9
00000965
00000CA5
00000E05
00000EE6
00000F35
0000103E
0000106F
000010B0
000010C6
0000110C
000011BA
000011CB
00001223
0000127B
00001292
00001315
0000131A
00001328
00001366
000013E4
00001429
00001444
0000148F
000014A0
00001549
00001554
0000157F
000015F4
0000160F
0000161C
00001740
00001753
00001841
00001868
0000000E
00000019
00000023
00000031
00000042
00000048
0000004B
0000004F
00000051
00000058
00000079
00000080
000000A5
000000B2
000000C4
000000DA
000000DC
000000E6
000000E8
00000110
0000012C
00000140
00000154
00000165
0000019C
000001CA
000001D7
000001DF
00000217
00000270
00000295
000002B3
0000032D
00000334
00000352
00000370
00000385
000003A4
000003A5
000003BF
000003DF
0000042A
000004AE
00000514
0000053B
0000058E
00000598
000005F9
00000646
00000687
000006D9
00000700
0000074E
00000810
00000841
00000901
00000902
000009AB
00000A38
00000A75
00000B63
00000C3F
00000D51
00000D7C
00000E42
00000E5D
00000E67
00000EBF
00000EEE
00000FC3
0000103B
00001040
00001098
000010E2
0000112D
0000124B
00001278
00001298
000012C6
000012E0
00001300
00001305
000013CF
00001470
00001527
0000152B
0000152C
0000158E
00001595
0000159F
000015F1
00001646
0000164E
00001670
00001677
00001687
0000169F
000017BC
000017C0
000017EF
00000009
0000002A
0000005A
00000081
00000090
0000009B
000000B9
000000D9
000000EC
000000FE
0000014B
0000014E
00000163
00000173
00000185
000001CC
000001DB
00000232
00000234
0000023B
0000023C
00000244
000002A9
000002AB
000002CB
000002F1
000002F6
00000319
0000033E
00000361
00000369
00000375
00000376
000003CC
000003CF
000003E9
00000410
00000436
000004B8
000004BA
000004C6
0000052E
00000567
000005AA
000005F0
0000060A
00000682
00000720
00000940
000009F9
00000A9F
00000B31
00000B6A
00000D43
00000EA0
00000F7A
00000FA9
00000FCB
00001008
0000101C
00001029
0000102A
00001072
000010C3
0000116C
00001215
00001230
00001338
0000137C
00001385
00001407
00001437
00001469
00001507
0000150E
0000152A
00001541
0000156E
00001575
00001593
000015B7
000015B8
000015D1
000016EF
000016F3
0000174B
00001763
00001801
0000182E
00001849
0000184C
00001859
00001866
0000001C
0000002B
00000045
0000006C
000000FC
0000011E
0000013B
00000160
0000016C
0000016F
00000174
0000017F
00000192
000001A6
000001AF
000001B2
000001B7
000001D0
00000235
00000262
0000027F
0000028C
000002AF
000002C1
000002E5
000002EC
00000337
0000035A
0000037A
0000038A
00000451
00000489
00000561
000005AD
000005E3
000006B3
000006D3
000007C8
00000850
00000AB4
00000AC9
00000D6F
00000DAD
00000DEA
00000E6E
00001024
0000103E
000010B0
000010D0
00001141
0000115D
00001186
0000118D
000011AC
00001232
0000129A
00001301
00001359
00001362
00001395
000013CD
000013E4
00001429
00001443
000014A0
000014EC
00001554
00001567
00001576
0000157F
000015B0
000015E1
00001603
00001689
00001753
000017E2
0000185A
00001868
0000004E
0000005E
0000008A
0000008C
00000099
000000A5
000000D5
00000165
00000189
00000191
00000224
0000023A
0000029A
00000300
000003A5
000003E3
000004B4
000004CD
000004FA
00000541
0000074E
000008C4
000009FB
00000A4A
00000A53
00000A80
00000AE9
00000B67
00000B7A
00000C1F
00000C3D
00000D51
00000EEE
00000F5C
00000F5E
00000F64
00000FC3
00001009
0000103B
00001086
0000109B
0000119E
000011BA
0000123F
0000125E
00001272
00001292
000012C6
0000150C
0000151F
0000152B
0000152C
00001592
0000159F
000015A8
000015BE
000015C2
00001605
00001627
0000163C
0000164E
00001650
00001661
00001670
00001677
00001687
0000168D
0000169F
000016CB
00001791
000017C0
000017D4
000017E0
000017E3
000017E4
00001806
0000180A
0000180E
0000184B
00000009
0000002A
00000035
00000059
0000005A
00000081
00000091
000000BD
000000CB
000000DA
000000FE
00000103
0000015D
00000170
000001DE
00000246
00000257
0000028E
000002F6
000003BF
000003CC
000003E9
000003EB
0000041C
0000052E
00000597
00000604
00000750
0000088A
00000965
00000B51
00000CBC
00000CE9
00000EE6
00000FCB
00001008
0000101C
00001029
0000102A
00001072
0000110C
0000116C
0000118B
00001215
000013BE
0000148E
000014A7
00001507
0000150B
0000150E
0000151B
00001521
0000152A
00001541
00001549
0000154B
0000158B
00001593
0000159A
0000159C
000015AA
000015B3
000015B7
000015C4
0000160B
00001612
00001631
0000163E
00001655
00001691
000016EF
000016F3
00001739
0000174B
00001789
000017C1
000017EA
000017F2
000017FF
0000182E
00001866
00000018
0000001D
00000058
00000090
000000BB
000000C8
000000E8
00000102
00000120
00000125
0000013B
0000014B
0000014E
00000163
0000016C
00000185
0000019C
000001AA
000001CA
000001D7
000001DB
000001DF
000001E5
0000022D
00000235
0000027F
00000281
000002A9
00000375
00000385
000003A9
000003C2
000003C3
000003C7
00000431
0000044D
000004AE
0000058D
000006F1
00000719
00000765
000007AA
000007B5
000008B9
00000A82
00000BBB
00000E9F
0000103C
0000103E
00001082
000010B0
000010B3
000011AD
00001223
00001298
0000131A
00001328
00001338
000013E4
00001410
00001455
00001470
00001472
000014F8
0000153D
00001554
00001571
0000158E
0000158F
000015B1
000015DC
000015F4
0000160F
00001614
0000161C
0000170F
00001795
000017D6
000017DA
000017DD
00001801
00001859
0000185D
00000007
0000001C
00000045
0000004E
0000006C
00000072
0000007E
000000C4
000000D5
00000117
00000156
0000018E
00000212
00000224
00000234
0000028C
000002C1
000002D2
0000032E
00000361
00000369
0000042A
00000436
0000045C
0000046D
00000484
00000575
0000057A
000005E3
00000646
000006EE
0000076F
0000078C
00000902
00000A7E
00000A92
00000AF9
00000B67
00000C07
00000CA5
00000D76
00000D7B
00000D7C
00000E05
00000E78
00000EBF
00000F7A
00000FC3
00001086
000010EB
000011AC
000011BA
000011F2
00001292
00001301
00001305
00001332
00001407
0000142F
00001494
000014A0
000014CD
000014F1
000014F6
0000152B
0000152C
00001567
0000159F
000015D0
000015D5
000015F1
000015FA
0000160C
00001670
00001677
00001687
000016EE
000017C0
000017D3
000017E5
000017EF
00001814
00001841
0000184C
0000000E
00000010
00000014
00000023
00000079
000000CB
000000DA
000000E6
00000140
00000154
00000160
0000016F
00000174
00000191
000001AF
000001B5
0000020A
0000023B
000002AB
000002B3
000002BC
000002EA
0000033E
00000370
00000376
000003C5
00000410
000004F9
00000569
000006D9
0000081D
00000BFB
00000D43
00000FCB
00001008
0000101C
00001029
0000102A
00001072
0000109B
000010E2
00001210
0000127B
00001285
00001315
00001362
00001385
000013E5
00001444
00001504
00001507
00001509
0000150E
0000152A
0000154F
00001576
00001590
00001593
00001596
00001603
0000164E
00001650
000016EF
000016F3
0000174B
00001753
00001759
00001763
00001781
000017A2
0000182E
00001866
0000002A
00000031
0000004F
00000051
00000058
00000099
000000A5
000000B2
000000B9
0000012C
0000013B
00000158
0000016C
00000185
00000187
00000199
000001C3
000001E3
000001F2
00000232
00000251
0000027E
00000295
000002A4
00000300
000003DD
000003DF
00000433
00000492
000004BA
00000525
0000058E
00000598
000005F9
0000076A
00000883
00000897
00000899
000008C4
00000940
000009E7
00000A75
00000AB4
00000B04
00000D2E
00000E42
00000E87
00000EA0
00000FD9
00001024
0000103B
0000103E
00001040
0000106F
00001098
000010B2
0000112D
0000116C
00001230
00001278
000012E0
0000137C
000013CF
00001470
00001541
00001554
0000155A
00001575
000015B7
000015B8
000015BC
0000169C
000017DA
000017E0
00001801
00001802
00000009
00000018
00000019
00000048
0000004B
0000005A
00000080
000000D9
00000111
0000014B
0000019C
000001AE
000001D5
000001D7
00000235
00000297
000002EC
00000321
0000032D
00000334
00000385
000003BF
000003C3
000003EC
00000439
00000464
000004C6
0000053B
00000541
00000555
0000056F
0000057E
00000595
0000060A
00000625
00000674
0000067F
00000682
000006F3
000007CC
00000850
00000AF2
00000B08
00000B31
00000DAD
00000DEA
00000E5D
00000E6E
000010B3
000010D0
000010EC
00001131
0000118D
0000129B
00001301
0000138D
000013CD
000013E7
00001480
000014A0
000014A4
000014CD
0000152B
0000152C
0000159F
000015B0
000015FC
00001646
00001670
00001677
00001687
00001689
00001718
000017A8
000017C0
000017E2
000017FF
00001800
0000180A
0000180E
0000185A
0000005E
00000090
000000C4
000000DA
0000010C
00000191
00000224
00000252
000002E5
0000031B
00000369
0000048E
000004AD
000004B4
000004FA
00000561
00000567
000005AA
000005AD
000005F0
00000602
00000610
00000619
000006FB
00000760
000009F9
00000A38
00000A92
00000B67
00000E83
00000F5E
00000FCB
00001008
0000101C
00001029
0000102A
00001072
00001082
00001129
00001145
000011BA
00001300
00001304
0000131F
00001332
000013C1
00001443
00001451
00001507
00001509
0000150E
0000152A
00001567
000015BE
000015C2
00001605
00001627
0000166A
0000169F
000016F3
0000174B
000017D4
0000182E
0000184B
00001866
0000001C
00000029
0000002A
00000046
00000047
00000052
00000059
0000006C
0000008C
00000091
00000161
00000189
0000022D
000002F1
0000036F
00000376
000003CC
000003E3
00000410
00000436
000004AA
00000709
00000810
00000E9F
00000EE6
0000103B
0000103E
00001078
000010C3
0000110C
0000116C
000011AC
00001215
00001292
00001296
00001517
00001554
0000159C
000015E4
00001603
00001753
00001763
000017BC
000017EA
00001801
00000007
00000009
0000001D
0000005A
00000125
00000156
00000160
0000016F
00000174
000001AF
000001B5
0000023D
0000028E
000003F5
00000493
000004C7
00000514
000005E3
00000604
0000076F
00000965
00000BBB
0000109B
00001232
0000129A
0000152B
0000152C
00001575
0000158E
0000158F
00001593
0000159F
000015AC
000015E1
00001670
00001677
00001687
000017C0
000017DD
00000018
00000024
0000014B
0000014E
000003A5
000003C3
0000065B
00000FCB
00001008
0000101C
00001029
0000102A
00001072
00001328
00001338
00001411
000014A0
000014CD
00001507
0000150E
0000152A
00001541
000015B7
000015D1
000016D9
000016F3
00001739
0000174B
0000182E
00001866
0000002A
000000C4
000000DA
000000FE
0000017D
00000375
00000CE9
00001024
0000103B
0000103E
00001509
00001554
00001595
000015C4
0000160B
00001620
000017E0
0000000D
000001DB
00000235
000002C1
00000CA5
00000CE4
000010B0
00001472
0000152C
00001575
00001593
0000159F
00001603
00001670
00001677
00001687
000017C0
000017D6
000017EA
00001801
0000005E
00000091
00000095
000000D5
0000023B
00000A05
00000B59
00000BFB
00000BFC
00000CD8
00000DDD
00000E43
00000E56
00000E9F
00000F5E
00000F95
000010F9
00001511
0000155A
000015D5
000017DA
000017E5
000017EF
00000007
0000029A
0000031F
00000361
00000492
00000700
0000081D
00000AF9
00000C07
000010C6
00001223
000014CD
00001504
0000154F
000015DA
00001624
000017CB
00000059
0000005A
00000464
00001410
0000031B
0000067F
000012F8
000000BE
00000730
00001304
00000042
00000080
000000A5
00000199
00000729
00000978
000009D3
000009FB
00001646
