0005851EC
009D70A3C
000000000
000000000
000228F5C
000000000
000000000
000000000
000000000
000000000
000000000
000000000
000000000
001200001
000547AE0
000000000
000000000
000000000
000000000
000000000
000000000
000000000
000000000
000000000
000828F5C
000000000
000000000
000000000
000000000
0008A3D71
000000000
000000000
000000000
000000000
000000000
000000000
000000000
000000000
000000000
000770A3E
000000000
000000000
000000000
000000000
000000000
000000000
000000000
000000000
0024B851F
000000000
000000000
000000000
000000000
000000000
009866666
000000000
000000000
000000000
000A8F5C3
000000000
000000000
000000000
000000000
000000000
000000000
0024B851D
000000000
000000000
000000000
000000000
000000000
000000000
000000000
000000000
000000000
000000000
000000000
000000000
000000000
000000000
000000000
000000000
000000000
000000000
000000000
000000000
000000000
00099999A
000000000
000000000
000000000
000000000
000000000
000000000
000000000
000000000
000000000
00035C28F
000000000
000000000
000000000
000000000
000000000
000000000
000133333
000000000
000000000
000000000
000000000
003C00001
000000000
004B9999A
000000000
000000000
000000000
0005FFFFF
000000000
0024F5C2A
000FD70A4
000000000
000000000
000133333
000DAE148
000000000
000000000
000000000
000000000
000000000
000000000
000000000
000000000
000000000
000000000
000000000
000000000
000000000
000000000
000000000
000000000
000000000
000000000
000000000
000000000
000000000
000000000
0004CCCCC
000000000
000000000
000000000
000133333
000000000
00050A3D7
000000000
000000000
000000000
0002E147B
000ACCCCD
000000000
000000000
000000000
000000000
000000000
000000000
000000000
000000000
000000000
000000000
000000000
000000000
00515C28F
000000000
000000000
000000000
000000000
000000000
000000000
000000000
000000000
000000000
000000000
000000000
000000000
000000000
000000000
00487AE14
000000000
000000000
000000000
000000000
000000000
000000000
000000000
0009D70A3
000000000
000000000
000000000
000000000
000000000
000000000
000000000
000000000
000000000
000000000
000170A3D
000000000
000000000
000000000
000000000
000000000
000000000
000000000
000600000
000228F5C
000000000
000000000
000000000
000000000
000000000
000170A3D
000000000
000000000
000000000
00AFEB850
000000000
000000000
000000000
000000000
000000000
000000000
000000000
000000000
000000000
000000000
000000000
000600000
000000000
000000000
0001EB852
000000000
000000000
000000000
000000000
000000000
000000000
000000000
000000000
000000000
000000000
000000000
000000000
000000000
000399999
000000000
000000000
000000000
000000000
000000000
000000000
000000000
000000000
000000000
003D33334
000000000
000000000
000000000
000000000
000000000
000000000
000000000
000000000
000000000
000000000
000000000
000000000
000000000
000000000
000000000
000000000
000000000
000000000
000000000
000000000
000000000
000000000
000000000
000000000
000000000
000000000
000000000
000000000
000266666
000228F5C
000000000
000000000
000000000
000000000
000000000
000000000
000000000
000000000
000000000
000770A3D
000000000
000000000
000000000
000000000
000000000
000000000
000000000
000000000
000000000
000000000
0076147AF
000000000
000000000
000000000
000000000
00468F5C1
000000000
0030B851E
000000000
000000000
000000000
000000000
000000000
000000000
000000000
000000000
001D0A3D6
000000000
000000000
000000000
000000000
000000000
000000000
000000000
000000000
00031EB85
001EF5C29
000000000
000000000
0015D70A2
000266666
000000000
000000000
000000000
000000000
000000000
000000000
000000000
000000000
000000000
000000000
000000000
000000000
000000000
000000000
000000000
000000000
000000000
000000000
000000000
000000000
000000000
000000000
000000000
00091EB85
000000000
000000000
000000000
000000000
000000000
000000000
000000000
000000000
000000000
000000000
000000000
000000000
000000000
000000000
000000000
005AB851C
000000000
000000000
000000000
000000000
000000000
000000000
000000000
000000000
000000000
000000000
000000000
000000000
000000000
000000000
000000000
000000000
000000000
000000000
000000000
000000000
001933333
00063D70A
000000000
000000000
000000000
000000000
000000000
000000000
000000000
000000000
000000000
0017851EC
003770A3C
000000000
000000000
000000000
000000000
000000000
000000000
000000000
000000000
000000000
000000000
000000000
000000000
000000000
000000000
000000000
000000000
000000000
000000000
000000000
000000000
000000000
000000000
000000000
000000000
000000000
000000000
008AB851E
000000000
000000000
000000000
000000000
000000000
000000000
000000000
000000000
000000000
004747AE2
001D851EB
000000000
000000000
0007EB852
000000000
000000000
0002E147B
000000000
000000000
000000000
000000000
000000000
000133333
000000000
000000000
000000000
000000000
000000000
000000000
000000000
000000000
000000000
000000000
000000000
000DEB852
000000000
000000000
000000000
000000000
000000000
000000000
000000000
000000000
000000000
000000000
000000000
000000000
000000000
000000000
000000000
000000000
000000000
000000000
000000000
000000000
000000000
000000000
000000000
000000000
000000000
0002A3D71
000000000
000000000
0051D70A3
000000000
000000000
000000000
000000000
000000000
000000000
000000000
000000000
000000000
0009D70A3
000000000
000000000
000000000
000000000
000000000
002D1EB86
000000000
000000000
000000000
0002A3D71
000000000
000000000
000000000
000000000
000000000
000000000
000000000
000000000
000000000
000000000
000000000
000000000
000000000
000000000
000000000
000000000
000000000
000000000
000000000
000000000
000000000
000000000
000000000
000000000
000000000
000000000
000000000
000000000
000000000
000000000
000000000
0023851EA
000000000
00050A3D7
0035851ED
000000000
000000000
000000000
000000000
000000000
0033D70A3
000000000
000000000
000000000
000000000
000000000
000000000
000000000
000000000
000000000
000000000
000000000
000000000
000000000
000000000
000000000
000000000
000000000
000000000
000000000
000000000
000000000
000000000
000000000
004C147AE
000000000
000000000
000000000
000000000
000000000
000000000
000000000
000000000
000000000
000000000
000000000
000000000
000000000
000000000
000000000
000228F5C
000000000
000000000
00048F5C3
000000000
000000000
000000000
000000000
000000000
000000000
000000000
000000000
000000000
000000000
000000000
001747AE2
000000000
000000000
001FAE148
000000000
000000000
000000000
000000000
000000000
000000000
0012B8520
000000000
00031EB85
000000000
000000000
000000000
000000000
000000000
000000000
000000000
000000000
000000000
000000000
000000000
000000000
000000000
000000000
000000000
000000000
000000000
000000000
000000000
000000000
000000000
005028F5B
000000000
000000000
000000000
000000000
000000000
000000000
000000000
00A051EB9
0006F5C29
000000000
000000000
000000000
000000000
000000000
000000000
000000000
000000000
000000000
000000000
000000000
000000000
000000000
000000000
000000000
000000000
000000000
000000000
000000000
000000000
000000000
000000000
000000000
000000000
000000000
000000000
000000000
000170A3D
000000000
000000000
000000000
0013EB852
000000000
000000000
000000000
000000000
000000000
000000000
000BC28F5
000000000
000000000
0007AE147
000000000
000000000
000000000
000000000
000000000
000000000
000000000
000000000
003B851EA
000000000
00031EB85
000000000
000000000
000000000
000000000
000000000
000000000
0031AE146
000000000
000000000
000000000
000000000
000000000
000000000
000000000
000000000
000000000
000600000
000000000
000000000
000000000
000000000
000000000
000000000
000000000
0003D70A4
000000000
000000000
000000000
000000000
000000000
000000000
000000000
000000000
000000000
000000000
000000000
000000000
000000000
004D0A3D5
000000000
000000000
000000000
000000000
000000000
000000000
000000000
0035851EB
000000000
000000000
000000000
000000000
000000000
000000000
000000000
000000000
000000000
000000000
000000000
000000000
000000000
000000000
000000000
001D0A3D7
000000000
000000000
0002A3D70
000000000
000000000
00095C290
000000000
000000000
000000000
001933333
000C3D70A
000000000
000000000
000000000
00050A3D7
000000000
000000000
000000000
000000000
000000000
000000000
000000000
000000000
000000000
000000000
000000000
000000000
000000000
000000000
000000000
0001EB852
000000000
000000000
000000000
000000000
0001EB852
000000000
00067AE14
000000000
0001EB852
000000000
000000000
000000000
000000000
000170A3D
000000000
000000000
000000000
000000000
000000000
000000000
000000000
000000000
000000000
000000000
000000000
0006F5C28
000000000
000000000
000000000
0024F5C29
000000000
000000000
000000000
000000000
000000000
000000000
000000000
000000000
0038A3D70
000000000
000000000
0002E147B
0001AE148
000000000
000000000
000000000
000000000
000000000
000000000
000000000
000000000
000000000
000000000
000000000
000000000
000000000
000000000
000000000
000000000
000000000
000000000
000000000
000000000
000000000
000000000
000170A3D
000000000
000000000
000000000
000000000
000000000
000000000
000000000
000000000
000000000
000000000
000000000
000000000
000000000
000000000
000000000
000000000
000000000
000000000
000000000
000000000
000000000
000000000
000000000
000000000
000000000
000000000
00219999B
000000000
000000000
000000000
000000000
000000000
000000000
000000000
000000000
000000000
000000000
000000000
000133333
000000000
000000000
000000000
000000000
000000000
000000000
000000000
000000000
000000000
000000000
000000000
000000000
000000000
000000000
000000000
000000000
000000000
000CB851E
000000000
000000000
000000000
000000000
000000000
000000000
002A00000
000000000
000000000
000000000
000000000
000000000
000000000
000000000
000000000
000000000
000000000
000000000
000000000
000000000
000000000
000000000
000000000
000000000
000000000
000000000
000000000
000000000
000000000
000000000
000170A3D
000000000
000000000
0004147AE
000000000
000000000
000000000
000133333
000000000
000000000
000000000
000000000
000000000
000000000
000000000
00127AE15
000000000
000000000
000000000
000000000
000000000
000000000
000000000
000000000
000000000
000000000
000000000
000000000
0001AE148
000000000
000000000
000000000
000000000
000000000
000000000
000000000
0005C28F6
000000000
000000000
000000000
000000000
000000000
000000000
000000000
000000000
000000000
0009D70A4
000000000
000000000
000000000
000000000
000000000
000000000
000000000
000000000
000000000
000000000
000000000
0019EB851
00099999A
000000000
000000000
000000000
000000000
000000000
000000000
000000000
000000000
000000000
000A147AE
000000000
000000000
000000000
000000000
000000000
000000000
000000000
000000000
000000000
000000000
000000000
000000000
000000000
000000000
000000000
000000000
000000000
000000000
000000000
000000000
000000000
000000000
000000000
000000000
000000000
000000000
000000000
000000000
000000000
000000000
000000000
000000000
000000000
000000000
00903D70A
000000000
000000000
000000000
000000000
000000000
000000000
000000000
000000000
000000000
000000000
000000000
000000000
000000000
000000000
0011FFFFF
000000000
000000000
000000000
000000000
000000000
000000000
000000000
000000000
000000000
000000000
000000000
000000000
000000000
000000000
000000000
000000000
000000000
0001EB852
000000000
000000000
000000000
000000000
000000000
000000000
000000000
000000000
000000000
000000000
000000000
000000000
000000000
000000000
000000000
000000000
000000000
000000000
000000000
000000000
000000000
000000000
000000000
000000000
000000000
000000000
000000000
000000000
000000000
000000000
000000000
000000000
000000000
000000000
000000000
000000000
000000000
000000000
0005851EC
000000000
000000000
000000000
000000000
000000000
000000000
000000000
000000000
000E28F5B
000000000
000000000
000000000
000000000
000000000
000000000
000000000
000000000
0001AE148
000000000
000000000
000000000
000000000
0025EB852
000000000
000000000
000000000
000000000
0002A3D71
000000000
000000000
000000000
000000000
000000000
000000000
000000000
000000000
000000000
000000000
000000000
000000000
000B0A3D7
000133333
000000000
000000000
000000000
000000000
000000000
000000000
000000000
000000000
000000000
000000000
000000000
000000000
000000000
000000000
000000000
000000000
000000000
000000000
000000000
000000000
005570A3C
000000000
000000000
000000000
000000000
000000000
000000000
000000000
0029C28F4
000000000
000000000
0014E147B
000000000
000000000
000000000
000000000
000000000
000000000
000133333
000000000
000000000
000000000
000000000
000000000
000000000
000000000
000000000
000000000
000C00000
000000000
000000000
0008A3D70
000000000
000000000
000000000
000000000
000000000
000000000
000000000
000000000
000000000
000000000
000000000
000000000
000000000
000000000
000000000
000000000
000000000
000000000
000000000
00168F5C2
000000000
000000000
000000000
000000000
0002E147B
000000000
000000000
000000000
000000000
000000000
000000000
000000000
000000000
000000000
000000000
000000000
000000000
000000000
000000000
000000000
000000000
000000000
000000000
000000000
000133333
000000000
000000000
000000000
000000000
000000000
000000000
000000000
000000000
000000000
000000000
000000000
000000000
00039999A
000000000
000000000
000000000
000000000
000000000
00048F5C2
000000000
000000000
000000000
000000000
000000000
000000000
000000000
000000000
000000000
000000000
000000000
000000000
000000000
000000000
000000000
000000000
000000000
001AE147A
000000000
000000000
000000000
000000000
000000000
000000000
000000000
000000000
000000000
000000000
000000000
000000000
000000000
000000000
000000000
000000000
000000000
000000000
000000000
000000000
000000000
000000000
000000000
000000000
000000000
000EE147B
000000000
000000000
000000000
000000000
000000000
000000000
000000000
000DEB851
000000000
000000000
000000000
000000000
000BC28F6
000228F5C
000000000
000000000
000000000
000000000
000000000
000000000
000000000
000000000
000000000
000000000
000000000
000000000
000000000
000000000
000000000
000000000
000000000
000000000
000000000
000000000
000000000
000000000
000000000
000000000
000000000
000000000
000000000
000B47AE2
000000000
000000000
000000000
000000000
0001EB852
000000000
000000000
000000000
000170A3D
000000000
00050A3D7
000000000
000000000
000000000
000000000
000000000
000000000
000000000
000000000
000000000
000000000
000000000
000000000
000000000
000000000
000000000
000000000
000000000
000000000
000000000
000000000
000000000
000000000
000000000
000000000
000000000
000000000
000000000
000000000
000000000
000000000
000000000
000000000
000000000
000000000
000000000
000000000
000000000
0004CCCCD
000000000
000000000
000000000
000000000
000000000
000000000
000000000
000000000
000000000
000000000
000DAE147
000000000
000000000
003170A3C
000000000
000000000
000000000
000000000
000000000
000000000
000000000
000000000
000000000
0011851EB
000000000
000000000
000000000
000000000
000000000
000000000
000000000
000000000
000000000
000000000
000000000
000000000
000000000
000000000
000000000
000A51EB7
000000000
000000000
000000000
000000000
000000000
000000000
000000000
000000000
000000000
000000000
000000000
000000000
000000000
000000000
000000000
0007AE148
000000000
000000000
000000000
000000000
0010CCCCC
000000000
000000000
000000000
000000000
000133333
000000000
000000000
000000000
000000000
000000000
000000000
000000000
000000000
000000000
000000000
000000000
000000000
00031EB85
000000000
000000000
000000000
000B47AE0
000000000
000000000
000000000
000C00000
000000000
000000000
000000000
000000000
000000000
000000000
000000000
000000000
0002A3D70
0017FFFFF
000000000
000000000
000000000
000000000
000000000
000000000
000000000
000000000
000000000
000000000
000000000
000000000
000000000
000000000
000000000
000000000
000000000
000000000
000000000
000000000
000000000
000000000
000000000
000000000
000000000
000000000
000000000
000000000
000000000
000000000
000000000
000000000
000000000
000000000
0002E147B
000000000
00127AE14
000000000
000000000
000000000
0008A3D71
000000000
000000000
000000000
000000000
000000000
000000000
000000000
000000000
000000000
000000000
000000000
000000000
000000000
000000000
000000000
000000000
000000000
000000000
000170A3D
000000000
000000000
000000000
000000000
000000000
000000000
000000000
000000000
000000000
000000000
000133333
000000000
000000000
000000000
000000000
000000000
000000000
000000000
000000000
000000000
000000000
000000000
000000000
000000000
00427AE13
000000000
000000000
000000000
000000000
000000000
000000000
000000000
000000000
000000000
000000000
0017FFFFF
000000000
000000000
000000000
000547AE1
000000000
000000000
000000000
000000000
000000000
000000000
000000000
000000000
000000000
000170A3D
000000000
000000000
000000000
000000000
000000000
000000000
00031EB85
000000000
000000000
000000000
000000000
000000000
000000000
000000000
000000000
000000000
000000000
000000000
000000000
000000000
000000000
000733332
000000000
000000000
000000000
000000000
000000000
000000000
000000000
000000000
000000000
000000000
000000000
000000000
000770A3D
000000000
000000000
000000000
000000000
000000000
000000000
000000000
000000000
000000000
000000000
000000000
000000000
0049AE149
000000000
000000000
0002A3D71
000000000
000000000
0001EB852
000000000
000000000
000000000
000000000
000000000
000000000
000000000
000000000
000000000
000000000
000000000
000000000
000000000
000000000
000D33333
000000000
000266666
000000000
000000000
000000000
000000000
000000000
000000000
000000000
000000000
000000000
000000000
000000000
0012F5C2A
0023C28F6
000000000
000000000
000000000
000000000
000000000
000000000
000000000
000000000
000000000
000000000
000000000
000000000
000000000
000000000
000228F5C
000000000
000000000
000000000
000000000
000000000
000000000
000000000
000000000
000000000
000000000
000000000
000000000
000000000
000CB851F
00063D70A
000000000
000000000
000000000
000000000
000000000
000000000
000000000
000000000
000000000
000000000
0001AE148
000000000
000000000
000000000
000000000
000000000
000000000
000000000
000000000
000000000
000000000
000000000
000000000
000000000
000000000
000000000
000000000
000000000
000000000
000000000
000000000
000000000
000000000
000000000
000828F5D
000000000
000000000
000000000
000000000
000000000
000000000
000000000
000000000
000000000
000000000
000000000
000000000
000000000
000000000
000000000
000000000
000000000
000000000
000000000
000000000
0005C28F5
000000000
000000000
000000000
000000000
000000000
001C147AE
000000000
000000000
000000000
000000000
000000000
000170A3D
000000000
000000000
000000000
000000000
000170A3D
000000000
000000000
000000000
000000000
000170A3D
000000000
000000000
000000000
000000000
000000000
000000000
000000000
000000000
000000000
000000000
000000000
000000000
000000000
000000000
000000000
000000000
000000000
000000000
000000000
000000000
000170A3D
000000000
000000000
000000000
000000000
000000000
000000000
000000000
0002E147B
000000000
001370A3C
000000000
000000000
000000000
000000000
000000000
000000000
000000000
000000000
000000000
000000000
000000000
000000000
000000000
0002A3D71
000000000
000000000
000000000
000000000
000000000
000000000
0012F5C29
000000000
000000000
000000000
000000000
000000000
000000000
000000000
002347AE2
000000000
000000000
000000000
000000000
000000000
000000000
000000000
000000000
000000000
000000000
000000000
000000000
000000000
000000000
000000000
000000000
000000000
000000000
0010CCCCD
000000000
000000000
000000000
000000000
000000000
000000000
000000000
000000000
000000000
000000000
000000000
000000000
000000000
000000000
000000000
000000000
000000000
000000000
0004147AE
000000000
000000000
000000000
000000000
000000000
000000000
000000000
000000000
000000000
000000000
000000000
0001AE148
000000000
000CF5C29
000000000
000000000
000000000
000000000
000000000
000000000
000000000
000000000
000000000
000000000
000000000
000000000
000000000
000000000
000000000
000000000
000000000
000000000
000000000
000000000
000000000
000000000
000000000
000000000
000000000
000000000
000000000
000000000
000000000
000000000
000000000
000000000
0003D70A3
0005C28F5
000000000
000000000
000000000
000133333
000000000
000000000
000000000
000000000
0009D70A3
000000000
000000000
000000000
000000000
0002E147B
000000000
000000000
000000000
000000000
000000000
000000000
000000000
000000000
000000000
000000000
000000000
001428F5B
000000000
000000000
000000000
000000000
000266666
000000000
000000000
000000000
000000000
000000000
000000000
000000000
000000000
000000000
000E28F5C
000000000
000000000
000000000
000000000
000000000
000000000
000000000
000000000
000000000
000000000
000000000
000000000
000000000
000000000
000000000
000000000
000000000
000000000
000000000
000000000
000000000
000000000
000000000
000000000
000000000
000000000
000000000
000266666
000000000
000000000
000000000
003770A3C
000000000
000000000
000000000
000000000
000000000
000000000
000000000
000000000
000000000
000000000
000000000
000000000
000000000
001A28F5C
000000000
000000000
000000000
003228F59
000000000
000000000
000000000
000000000
000000000
000000000
000000000
000000000
000000000
000133333
000000000
000000000
000000000
000000000
000000000
000000000
000000000
000000000
000000000
000000000
000000000
000000000
000000000
000000000
000000000
000000000
000000000
0004147AE
000000000
000000000
0001EB852
000000000
000000000
000000000
000000000
000000000
000000000
000000000
000000000
000000000
000170A3D
000000000
000000000
0012B851E
000000000
000000000
000000000
000000000
000000000
001DFFFFF
000000000
000000000
000000000
000000000
000000000
000000000
000000000
000000000
000000000
000000000
000000000
000000000
000000000
000000000
000000000
000000000
000000000
000000000
000000000
000000000
000000000
000000000
000133333
000000000
000000000
000000000
000000000
000000000
000000000
000000000
000399999
000000000
000000000
000000000
000000000
000000000
000000000
000000000
000000000
000000000
002BEB852
000000000
000000000
000000000
000000000
0002E147A
000000000
000000000
000000000
000000000
000000000
000000000
000000000
000000000
000000000
000000000
000000000
000000000
000000000
000000000
000000000
000000000
000000000
000000000
000000000
000000000
000000000
000000000
000000000
000000000
000A147AD
000000000
000000000
000000000
000000000
000000000
000000000
000000000
000000000
000000000
000000000
000000000
000000000
000000000
000000000
000000000
000000000
000000000
000000000
000000000
00050A3D7
000000000
000000000
000000000
000170A3D
000000000
000000000
000000000
000000000
000000000
003000000
000000000
000000000
000000000
000000000
000000000
000000000
000000000
000000000
000000000
000000000
000000000
000000000
000000000
000000000
000000000
000000000
000000000
000000000
000000000
000000000
000000000
000000000
0014A3D70
000000000
000000000
000000000
000000000
000000000
00243D70A
000000000
000000000
0008A3D71
000000000
000000000
000000000
000000000
000000000
000000000
000133333
000EA3D72
000000000
000000000
000000000
000000000
000000000
000000000
000000000
000000000
000000000
000000000
000000000
000000000
000000000
000000000
000000000
000000000
000000000
000000000
000000000
000000000
000000000
00108F5C3
000000000
001A66665
000000000
000000000
000000000
000000000
000266666
000000000
000000000
000000000
000000000
000000000
000000000
000000000
000000000
000000000
000000000
000000000
000000000
000000000
000000000
000000000
000000000
000000000
000000000
000000000
000000000
000000000
0001EB852
000000000
00187AE16
000000000
000000000
000000000
000000000
000000000
000000000
000000000
000000000
000000000
000000000
000000000
000000000
000000000
000000000
001B5C28E
000000000
000600000
000000000
000000000
000000000
000000000
000000000
000000000
00050A3D6
000000000
000000000
000000000
000000000
000000000
000000000
000000000
000000000
000000000
000000000
000000000
000000000
000000000
000170A3D
000000000
000000000
000000000
000000000
000000000
000000000
000000000
000000000
000000000
000000000
000000000
000000000
000000000
000828F5C
000000000
000000000
000000000
000000000
000000000
000000000
000000000
000000000
000000000
000000000
000000000
000000000
000000000
000000000
000000000
000000000
000000000
000000000
001C8F5C3
000000000
000000000
000000000
000ACCCCD
000000000
000000000
000000000
000000000
000000000
000000000
000000000
000000000
000000000
000000000
0004CCCCD
000000000
000000000
000000000
000000000
000000000
000000000
000000000
000000000
000000000
000000000
000000000
000000000
000000000
000000000
000000000
000000000
000000000
000000000
000000000
000000000
000000000
000000000
000000000
000000000
000000000
000000000
000000000
000000000
000000000
000000000
000000000
000000000
000000000
000000000
000000000
000000000
000000000
000000000
000000000
000000000
000000000
000000000
000000000
000000000
000000000
000000000
000000000
000000000
000000000
000000000
000000000
000000000
000000000
000000000
000000000
000000000
000000000
000000000
000000000
000000000
000000000
000000000
000000000
000000000
000000000
000000000
000000000
000000000
000000000
000000000
000000000
000000000
000000000
000000000
000000000
000000000
000000000
000000000
000000000
000000000
000000000
000000000
000000000
000000000
000000000
000000000
000000000
000000000
000000000
000000000
000000000
000000000
0006B851E
000000000
000000000
000000000
000000000
000000000
000000000
000000000
000000000
000000000
000000000
000000000
000000000
000000000
000000000
000000000
000000000
0002A3D70
0003D70A4
000000000
000000000
000000000
000000000
000000000
000000000
000000000
000000000
000000000
000000000
000000000
000000000
000000000
000000000
000000000
000000000
000000000
0003D70A4
000000000
000000000
000000000
000000000
000000000
000000000
000000000
000000000
000000000
000000000
000000000
000000000
000000000
000000000
000000000
000000000
001AA3D6F
000000000
000000000
000000000
000000000
000000000
000000000
000000000
000000000
000000000
000000000
000000000
000000000
000000000
000000000
0005851EB
000000000
000000000
000000000
000000000
000000000
000000000
000000000
000000000
000000000
000000000
000000000
000000000
000000000
000133333
000000000
000000000
000000000
000000000
000000000
000000000
000000000
000000000
000000000
000000000
000000000
000000000
000000000
000000000
000000000
000000000
000000000
000000000
000000000
000000000
000000000
000000000
000000000
000000000
000000000
000000000
000000000
000000000
000000000
000000000
000000000
000000000
000000000
000000000
000000000
000000000
000000000
000000000
000000000
000000000
000000000
000000000
000000000
000000000
000000000
000000000
000000000
000000000
000000000
000000000
000000000
000000000
000B47AE1
000000000
000000000
000000000
000000000
000000000
000000000
000000000
000000000
000000000
000000000
000000000
000000000
000000000
000000000
000000000
000000000
000000000
000000000
000000000
000000000
000000000
000000000
000000000
000000000
000000000
000000000
000000000
000000000
000733333
000000000
000000000
000000000
000000000
000000000
000000000
000000000
000000000
000000000
000000000
000000000
000000000
000000000
000000000
000000000
000000000
000000000
000000000
000000000
000000000
000000000
000000000
000000000
000000000
000000000
000000000
000000000
000000000
000000000
000000000
000000000
000000000
000ACCCCD
000000000
000000000
000000000
000000000
000000000
000000000
000000000
000000000
000000000
000000000
000000000
000000000
000000000
000000000
000000000
000000000
000000000
000000000
000000000
000000000
000000000
000000000
000000000
000000000
000000000
000000000
000000000
000000000
000000000
000000000
000000000
000866665
000000000
000000000
000000000
000000000
000000000
000000000
000000000
000000000
000000000
000000000
000000000
000000000
0004147AE
000000000
000000000
000000000
000000000
000000000
000000000
000000000
000000000
000000000
000000000
000000000
000000000
0005851EB
000000000
000000000
000000000
000000000
000000000
000000000
000000000
000000000
000000000
000000000
000000000
000000000
000000000
000000000
000000000
000000000
000000000
000000000
000000000
000000000
000000000
000000000
000000000
000000000
000000000
000000000
000000000
000000000
000000000
000000000
000000000
000000000
000000000
000000000
000000000
000000000
000000000
000000000
000000000
000000000
000000000
000000000
000000000
000000000
000000000
000000000
000000000
000000000
000000000
000000000
000000000
000000000
000000000
000000000
000000000
001747AE0
000000000
000000000
000BC28F6
000000000
000000000
000000000
000000000
000000000
000000000
000000000
000000000
000000000
000000000
000000000
000000000
000000000
000000000
000000000
000000000
000000000
000000000
000000000
000000000
000000000
000000000
000000000
000000000
000000000
000000000
000133333
001CCCCCD
000000000
000000000
000000000
000000000
000000000
000000000
000000000
000000000
000000000
000000000
000000000
000000000
000000000
000000000
000000000
000000000
000000000
000000000
000000000
000000000
000000000
000000000
0026A3D6E
0024F5C28
0001AE148
000000000
000000000
0025EB852
000000000
000000000
000000000
000000000
000000000
000000000
000000000
000000000
000000000
000000000
000000000
000133333
000000000
000000000
000000000
000000000
000000000
0003D70A4
000000000
000000000
000000000
000000000
000000000
000000000
000000000
000000000
000000000
000000000
000000000
000000000
0001AE148
000000000
000000000
000000000
000000000
000000000
0011C28F6
000000000
000000000
000000000
000000000
000000000
000000000
000000000
000000000
000000000
000000000
000000000
000000000
000000000
000000000
000000000
000000000
000000000
000000000
000000000
000000000
000000000
000000000
000000000
000000000
000000000
000000000
000000000
000000000
000000000
000000000
000000000
000000000
000000000
000000000
000000000
000000000
000000000
000000000
000000000
000000000
000000000
000000000
000000000
000000000
000000000
000000000
000000000
000000000
000000000
000000000
000000000
000000000
000000000
000000000
000000000
000FD70A3
000000000
0001AE148
000000000
000000000
000000000
000000000
000000000
000000000
000000000
000000000
000000000
000000000
000000000
000000000
000000000
000000000
000000000
000170A3D
000000000
000000000
000000000
000000000
000000000
000000000
000000000
000000000
000000000
000000000
000000000
000000000
000000000
000000000
000000000
000000000
001933333
000170A3D
000000000
000000000
000000000
000000000
000000000
000000000
000000000
000000000
000000000
000000000
000000000
000000000
000000000
000000000
000000000
000000000
000000000
000000000
000000000
000000000
000000000
000000000
000000000
000133333
000000000
000000000
000000000
000000000
000000000
000000000
000000000
000000000
000000000
000000000
000000000
000000000
000000000
000000000
000000000
000000000
000000000
000000000
000000000
000000000
000000000
00035C28F
000000000
000000000
000000000
000000000
000000000
0017FFFFF
000000000
000000000
000000000
000000000
000000000
000000000
000000000
000000000
000000000
000170A3D
000000000
000000000
000000000
000000000
000000000
000770A3D
000000000
000000000
000170A3D
000000000
00168F5C1
000000000
000000000
000000000
000000000
0007AE148
000000000
000000000
000000000
000000000
000000000
000000000
000000000
000000000
000000000
000000000
000000000
000000000
000000000
000000000
000000000
000000000
000000000
000000000
0002A3D70
000000000
000000000
000000000
000000000
000000000
000000000
000000000
000000000
000000000
000000000
000000000
000000000
000000000
000000000
000000000
0001AE148
000000000
000000000
000000000
000000000
000000000
000000000
000000000
000000000
000000000
000000000
000000000
000000000
000000000
000000000
000000000
000000000
000000000
000000000
000000000
000133333
000000000
000000000
000000000
000000000
000000000
000000000
000000000
000000000
000000000
000733333
000000000
000000000
000000000
000000000
000000000
000000000
000000000
000000000
000000000
000000000
000000000
000000000
000000000
000000000
000000000
00031EB85
000000000
000000000
000000000
000000000
000000000
000000000
000000000
000000000
000000000
000000000
000000000
000000000
000000000
000000000
000000000
000000000
000000000
000000000
000000000
000000000
000000000
000000000
000000000
000000000
000000000
000000000
000000000
000000000
000000000
000000000
000000000
000000000
000000000
000000000
000000000
000000000
000000000
000000000
000000000
000000000
000000000
0005C28F6
000000000
000000000
000000000
000000000
000000000
000000000
000000000
000000000
000000000
000000000
000000000
000000000
000000000
000000000
000000000
000000000
000000000
000000000
000000000
000000000
000000000
000000000
000000000
000000000
000000000
000000000
000228F5C
000000000
000000000
000000000
000000000
000000000
000000000
000000000
000000000
000000000
000000000
000000000
000000000
000000000
000000000
000000000
000000000
000000000
000000000
000000000
000000000
000000000
000000000
000000000
000000000
000000000
000000000
000000000
000000000
000000000
000000000
000000000
000000000
000000000
000000000
000000000
000000000
000000000
000547AE1
000000000
000000000
000000000
000000000
000000000
000000000
000000000
000000000
000000000
000000000
000000000
000000000
000000000
000000000
000000000
000000000
000000000
000000000
000000000
000000000
000000000
000000000
000000000
000000000
000000000
000000000
000000000
000000000
000000000
000000000
000000000
000000000
000000000
000000000
000000000
000000000
000000000
00063D70A
000000000
000000000
000000000
000000000
000000000
000000000
000000000
000000000
000000000
000000000
000000000
000000000
000000000
000000000
000000000
000000000
000000000
000733334
000000000
000000000
000000000
000000000
000000000
000000000
000000000
000000000
000000000
000000000
000000000
000000000
000000000
000000000
000000000
000000000
000000000
000000000
000000000
000000000
000000000
000000000
000000000
000000000
000000000
000000000
000000000
000000000
000000000
000000000
000000000
000000000
000000000
000000000
000000000
000000000
000000000
000000000
000000000
000000000
000000000
000000000
000000000
000000000
000000000
000000000
000000000
000000000
000000000
000170A3D
000000000
000000000
000000000
000000000
000000000
000000000
000000000
000000000
000000000
000000000
000000000
000000000
000000000
000000000
000000000
00050A3D8
000000000
000000000
000000000
000000000
000000000
000C00000
000000000
000000000
000000000
000000000
000000000
000000000
000000000
000000000
000000000
000000000
000000000
000000000
000000000
000000000
000000000
000000000
000000000
000000000
000000000
000000000
000000000
000000000
000000000
000000000
00039999A
000000000
000000000
000000000
000000000
000000000
000000000
000000000
000000000
000000000
00127AE15
000000000
000000000
000000000
000133333
000000000
000000000
000000000
000000000
00048F5C3
000000000
000000000
000000000
000000000
000000000
000000000
000000000
000000000
000000000
000000000
000000000
000000000
000000000
000000000
000000000
000000000
000000000
000000000
000000000
000000000
000000000
000000000
000000000
000000000
000000000
000000000
000000000
000000000
000000000
000000000
000000000
000000000
00035C28F
000000000
000000000
000000000
000000000
000000000
000000000
0004CCCCD
000000000
000000000
000000000
000000000
000000000
000000000
000000000
000000000
000000000
000000000
000000000
000000000
000000000
000000000
000000000
000000000
000000000
000000000
0004147AE
000000000
000000000
000000000
000000000
0001AE148
000000000
000000000
000000000
000000000
000000000
000000000
000000000
000000000
000000000
000000000
000000000
000000000
000000000
000000000
000000000
000000000
000000000
000000000
000000000
000000000
00048F5C2
000000000
000000000
000000000
0001EB852
000000000
000000000
000000000
000000000
000000000
000133333
000000000
000000000
000000000
000000000
000000000
000000000
000000000
000000000
000000000
000000000
000000000
000000000
000000000
000000000
000000000
000000000
000000000
000000000
000000000
000000000
000000000
000000000
000000000
000000000
000000000
000CF5C2A
000000000
000000000
000000000
000000000
000000000
000000000
000000000
000000000
000000000
000000000
000000000
000000000
000000000
000000000
000000000
000000000
000B851EA
000000000
000000000
000000000
000000000
000000000
000000000
00039999A
000000000
000000000
00031EB85
000000000
000000000
000000000
000000000
0012B851E
000000000
000000000
000000000
000000000
000000000
000000000
000733333
000000000
000000000
000000000
000000000
000000000
000000000
000000000
000000000
000000000
00035C28F
000000000
000000000
000000000
000000000
000000000
000000000
000000000
000000000
000000000
000000000
000000000
000000000
000000000
000000000
000000000
000000000
000000000
000000000
000000000
0004147AD
000000000
000000000
000000000
000000000
000000000
000000000
00050A3D7
000000000
000000000
000000000
000000000
000000000
000000000
000000000
000000000
000000000
000000000
000000000
000000000
000EE147A
000000000
000000000
000000000
000000000
000000000
000000000
000000000
000000000
000000000
000000000
000000000
0001EB852
000000000
000000000
000000000
000000000
000000000
000000000
00031EB85
000000000
000000000
000000000
000000000
000000000
000000000
000000000
000000000
0003D70A4
000000000
000000000
000000000
000000000
000000000
000451EB9
000000000
000000000
000000000
000000000
000000000
000000000
000000000
000000000
000000000
000000000
000000000
000000000
000170A3D
000000000
000000000
000000000
000000000
000000000
000000000
000000000
000000000
000000000
000000000
000000000
000000000
000000000
000000000
000000000
000000000
000000000
000000000
000133333
000000000
000000000
000000000
000000000
000000000
000000000
000000000
000000000
000000000
000000000
000170A3D
000000000
000000000
000000000
000000000
000000000
000000000
000000000
000170A3D
000000000
000000000
000B47AE0
000000000
000000000
000000000
00095C28F
000000000
000170A3D
000133333
000000000
000000000
000000000
000000000
000000000
000000000
000000000
000000000
000000000
000000000
000000000
000000000
000000000
0007AE147
000000000
000000000
000000000
000170A3D
000000000
000000000
000000000
000000000
000000000
000000000
000000000
000000000
000000000
000170A3D
000266666
000000000
000000000
000000000
000000000
000000000
000000000
000000000
000000000
000000000
000000000
000000000
000000000
000000000
000000000
000000000
000000000
000000000
000000000
000000000
000000000
000000000
000000000
000000000
000000000
000000000
000000000
000000000
000000000
000000000
000000000
000000000
000000000
000000000
000000000
000000000
000000000
000000000
0004147AE
000000000
000000000
000000000
000000000
00063D70A
000000000
0011FFFFF
000000000
000000000
000000000
000000000
00155C28F
000000000
000000000
000000000
000000000
000000000
000000000
000000000
000000000
000000000
000000000
000000000
000000000
000000000
000000000
000000000
000000000
000000000
000000000
000000000
000000000
000000000
000000000
000000000
000000000
000000000
000000000
000000000
000000000
000000000
000000000
000000000
000000000
000000000
000866667
000000000
0001EB852
000000000
000000000
000000000
000000000
000000000
000000000
000000000
000000000
000000000
000000000
000000000
000000000
000000000
000000000
0001AE148
000000000
000000000
000000000
000000000
000000000
000000000
000B851EC
000000000
000000000
000000000
000000000
000000000
0006B851E
000000000
000000000
000000000
000133333
000000000
000000000
000000000
000B851EB
000000000
000000000
000000000
000000000
000000000
000000000
000000000
000000000
000000000
000000000
000000000
000000000
000000000
000000000
0008E147A
000000000
0008A3D70
000000000
000000000
000000000
000000000
000000000
000000000
000000000
000000000
000000000
000000000
000000000
000000000
000000000
000000000
000866667
000000000
000000000
000000000
000000000
000000000
000000000
000000000
000000000
000000000
00031EB85
0011C28F5
000000000
000000000
000000000
000000000
000000000
000000000
000000000
000000000
000266666
000266666
000000000
000000000
000000000
000000000
000000000
000000000
000000000
000000000
000000000
000000000
000000000
000000000
000000000
000000000
000000000
000000000
000000000
000000000
000000000
000000000
000000000
000000000
000000000
000000000
000133333
000000000
000000000
000133333
000000000
000000000
000000000
000000000
000000000
000000000
000133333
0003D70A3
000000000
000000000
000D33333
000000000
000000000
000000000
000000000
000000000
000000000
000000000
000000000
000000000
000000000
000000000
000000000
000000000
000000000
000000000
000000000
0001EB852
000000000
000000000
000000000
000000000
000000000
000000000
000000000
000000000
000000000
000000000
000228F5C
000000000
000000000
000000000
000000000
000000000
000000000
000000000
000000000
000000000
000000000
00095C290
000000000
000000000
00031EB85
000D33333
000000000
000000000
000000000
000000000
000000000
000000000
000000000
000000000
000000000
000000000
000000000
0001EB852
000000000
000000000
000000000
000000000
000000000
000000000
000000000
000000000
000000000
000000000
000000000
000000000
000000000
000000000
000000000
000000000
000000000
0002A3D71
000000000
000000000
000000000
000000000
000000000
000000000
000000000
000000000
000000000
000000000
000000000
000000000
000000000
000000000
000000000
000000000
000000000
000000000
000000000
000000000
000000000
000000000
000000000
000000000
000000000
000000000
000000000
000000000
000133333
000000000
000000000
0001AE148
000000000
000000000
000000000
000000000
000000000
000000000
000000000
0001AE148
000170A3D
000000000
000000000
0002E147B
000000000
000000000
000000000
000000000
000000000
000000000
000000000
000000000
000000000
0005C28F5
000000000
000000000
0002A3D70
000000000
000000000
000000000
000000000
000000000
000000000
000000000
000170A3D
000000000
000000000
000000000
000000000
000000000
000000000
000000000
000000000
000000000
000000000
000133333
000000000
000000000
000000000
000000000
000000000
000000000
000000000
000000000
000000000
000000000
000133333
000000000
000133333
000000000
000000000
0009D70A4
000000000
000000000
000000000
000000000
000000000
000000000
000000000
000000000
000000000
000000000
000000000
000000000
000000000
000000000
000000000
000000000
000000000
000000000
000000000
000000000
000170A3D
000000000
000170A3D
000000000
0020A3D70
000000000
000000000
000000000
000000000
000000000
000170A3D
000000000
000133333
000000000
000000000
000000000
000133333
000170A3D
000000000
000000000
000000000
000000000
000000000
000000000
00151EB85
000000000
000000000
000000000
000000000
000000000
000000000
000000000
000000000
000000000
000000000
000000000
000000000
000000000
000000000
000000000
000000000
000000000
000000000
000000000
000000000
000000000
000000000
000000000
000000000
000000000
000000000
000000000
000000000
000000000
000170A3D
000000000
000000000
000000000
000000000
000000000
000000000
000000000
000170A3D
000000000
000000000
000000000
000000000
000000000
000000000
000000000
000000000
000000000
000000000
000000000
000000000
000000000
000000000
000000000
000000000
0001EB852
000000000
000000000
006770A40
000000000
000000000
000000000
000000000
000133333
000000000
000000000
000000000
000000000
000000000
000000000
000000000
000000000
000000000
000000000
000000000
000000000
001C147AE
000000000
000000000
000000000
000000000
000000000
000000000
000000000
000000000
000000000
000000000
000399999
000000000
000000000
000000000
0019AE148
000000000
000000000
000000000
000000000
000000000
000000000
000000000
000000000
000000000
001CCCCCB
000000000
000000000
000000000
000000000
000EA3D70
000000000
000000000
000000000
00048F5C2
000000000
000000000
00035C28F
000000000
000000000
000000000
00288F5C1
000000000
000000000
005066668
00048F5C2
000000000
000000000
000000000
000000000
0028CCCCD
000000000
000000000
000000000
000000000
000000000
000000000
000000000
000000000
000000000
000000000
000228F5C
000000000
000000000
000000000
0001EB852
000000000
000000000
000000000
000000000
000000000
000000000
000133333
000000000
000000000
000000000
000000000
000000000
000000000
000000000
000000000
000000000
0005851EB
000000000
000000000
000000000
000000000
000000000
000000000
000000000
0001EB852
000000000
000000000
000000000
000000000
000000000
000000000
000000000
00155C28F
000000000
000000000
000000000
000399999
000000000
000000000
000000000
000000000
000000000
000000000
000000000
000000000
000000000
0012F5C28
000000000
000000000
000000000
000000000
000133333
000000000
000000000
000000000
000000000
000000000
000000000
000133333
000000000
000000000
000170A3D
000000000
000000000
000000000
000000000
000000000
001051EB8
000000000
000000000
000000000
000000000
000000000
000000000
000000000
000000000
0002E147B
000000000
000000000
000000000
000000000
000000000
000000000
000000000
000000000
000000000
000000000
000000000
000000000
000000000
000000000
000000000
000000000
000000000
000000000
000000000
000000000
000C3D70A
0002E147A
000000000
000000000
000000000
000000000
000000000
000000000
000000000
000000000
0019AE148
000000000
000000000
000000000
000000000
000000000
000000000
000000000
000000000
000000000
000000000
000000000
000000000
000000000
0001AE148
000000000
000000000
000000000
000000000
000000000
000CB851E
000000000
000000000
000000000
000000000
000000000
000000000
000000000
0001EB852
000266666
000000000
000000000
000000000
000000000
000000000
000000000
000000000
000000000
000000000
000000000
000000000
000000000
000000000
000000000
000000000
000000000
000000000
000000000
000000000
000000000
000000000
000000000
000000000
000000000
000000000
000000000
000000000
000000000
000000000
000000000
000000000
000000000
000000000
000000000
000000000
000000000
000000000
000000000
000000000
000000000
000000000
000000000
0001EB852
001C51EB7
000000000
000000000
000000000
000000000
0002A3D70
000000000
001333333
000000000
000000000
000000000
000000000
0008E147A
000000000
000000000
000000000
000000000
000000000
000000000
000000000
000000000
000000000
000000000
000000000
000000000
000000000
000000000
000000000
000000000
000451EB8
000000000
000000000
000000000
000000000
00095C28F
000000000
000000000
000000000
001147AE1
001AE147A
000000000
000000000
000000000
000000000
000000000
000000000
000000000
000000000
000000000
000000000
00048F5C2
000000000
000000000
000000000
000000000
000000000
000000000
000000000
000000000
000000000
000000000
0002A3D70
000000000
000000000
000000000
000000000
000000000
000000000
0019AE148
0009D70A4
000000000
000000000
000000000
000000000
000000000
000133333
000000000
000000000
000000000
000000000
000000000
000000000
000000000
000000000
000000000
000000000
000A147AD
000000000
000000000
000000000
000000000
000000000
000000000
000000000
000000000
000000000
000000000
000000000
000000000
000000000
0018F5C29
000000000
000170A3D
000000000
000000000
000000000
000000000
000000000
000000000
000000000
000000000
000000000
000000000
000000000
0005851EC
000000000
000451EB8
000000000
000000000
000000000
000E66665
000000000
000000000
000000000
000000000
000000000
000000000
0001EB852
000000000
000170A3D
000000000
000000000
000451EB8
000000000
000000000
000000000
000000000
000000000
000000000
0005851EB
001051EB8
000000000
000000000
000000000
000000000
000000000
000000000
000000000
000000000
000000000
000000000
000000000
000000000
000000000
0012B851E
000000000
000000000
000000000
000000000
000000000
000000000
000000000
000000000
000000000
000000000
000000000
000133333
000000000
000000000
000000000
000000000
000000000
000000000
000000000
000000000
000000000
000000000
000000000
000000000
000000000
000000000
000000000
0002E147B
000000000
000000000
000000000
000000000
000000000
000000000
000000000
000000000
000000000
000000000
000000000
000000000
000000000
000000000
000000000
000000000
00031EB85
000000000
000000000
000000000
000000000
000000000
000000000
000000000
000000000
000000000
000266666
000EA3D6E
000000000
000000000
000000000
000000000
000000000
000000000
000000000
000A147AE
000000000
000000000
000000000
000000000
000000000
000000000
000000000
000000000
000000000
000000000
0005C28F6
000000000
000000000
000000000
0013AE148
000000000
000000000
000000000
000000000
000000000
000000000
000000000
00039999A
000000000
000000000
000000000
000000000
000000000
000000000
000000000
00050A3D7
000170A3D
000000000
000000000
000000000
000000000
000000000
000000000
000000000
000000000
000000000
000000000
000000000
000000000
000000000
000000000
000000000
000000000
000000000
000000000
000000000
000000000
00031EB85
000000000
000000000
000000000
000000000
000000000
000000000
00108F5C3
000000000
000000000
000000000
000000000
000000000
000000000
000000000
000000000
000000000
000000000
000000000
000000000
000000000
000000000
000000000
000000000
000000000
000000000
000000000
000000000
0001AE148
000000000
000000000
000000000
000000000
00035C28F
000000000
000000000
000000000
000000000
000000000
000000000
000000000
000000000
000000000
000000000
000000000
000000000
000000000
000000000
000000000
000000000
000000000
000228F5C
000000000
000000000
000000000
000000000
000000000
000000000
000000000
000000000
00183D70A
000266666
0001AE148
000000000
000451EB8
000000000
000000000
000000000
000000000
000133333
004747AE2
0036B851E
0009D70A3
000000000
000000000
000000000
000000000
000000000
000000000
000000000
000000000
000000000
000000000
000000000
000000000
000000000
000000000
000000000
000000000
000000000
000000000
000000000
000000000
000000000
000000000
000000000
000228F5C
000000000
000000000
000000000
000000000
000000000
000000000
000000000
000000000
000000000
000000000
000000000
000000000
000000000
000000000
000000000
000000000
000000000
000000000
000000000
000000000
000000000
000133333
000000000
000000000
000000000
000000000
000000000
000000000
000000000
000000000
000000000
000000000
000000000
000000000
000000000
000000000
000000000
0004147AE
000000000
000000000
000000000
0035C28F4
001DFFFFF
00039999A
0008E147B
00039999A
000000000
000000000
000000000
000000000
000000000
000000000
000000000
000000000
000000000
000000000
000000000
000000000
000000000
000000000
000000000
000000000
000000000
000000000
000000000
000000000
000266666
000000000
000000000
000000000
000000000
000000000
000000000
000000000
000000000
000000000
000000000
000000000
000000000
000000000
003FD70A2
000000000
000000000
000000000
000000000
000266666
000000000
000000000
000000000
000000000
000000000
000000000
000000000
000133333
000000000
000000000
000000000
0003D70A4
000000000
000000000
000000000
000000000
000000000
000000000
000000000
000000000
000000000
000000000
000000000
000000000
000000000
000000000
000000000
000451EB8
000000000
000000000
000000000
000000000
000000000
000000000
000000000
000000000
000000000
000000000
000000000
000770A3D
000000000
000000000
000000000
000000000
000000000
000000000
000000000
000000000
000000000
000B851EB
000000000
000000000
000399999
000000000
000000000
00031EB85
000000000
000000000
000000000
000000000
000000000
000000000
000000000
000000000
000000000
000000000
000000000
000000000
000000000
00110A3D6
000000000
000000000
000000000
000000000
000000000
000000000
000000000
000000000
000000000
000000000
000000000
000000000
000266666
000000000
000000000
000000000
000133333
000000000
000000000
000000000
000000000
000000000
000000000
000000000
0001AE148
000000000
000000000
000000000
000000000
000000000
000000000
000000000
0002E147B
000000000
000000000
000000000
000000000
000000000
000000000
000000000
000000000
000000000
000000000
000000000
000000000
000000000
000000000
0019AE147
000B851EB
000000000
000000000
000000000
000000000
000000000
000000000
000000000
000000000
000000000
000000000
000000000
000000000
000000000
000000000
000000000
000000000
000BC28F4
000000000
000000000
000000000
000000000
000451EB8
000000000
000000000
000000000
000000000
000000000
000000000
000000000
000000000
000000000
000000000
0001AE148
000000000
000000000
000000000
000000000
000000000
000000000
000000000
000000000
000000000
000000000
000000000
000000000
000000000
000000000
000000000
000000000
000000000
000000000
000000000
000999999
000133333
000000000
000000000
000000000
000000000
000000000
000000000
000000000
000000000
000000000
000000000
000000000
000000000
000000000
000000000
000000000
000170A3D
000000000
000000000
000000000
000000000
000000000
000133333
000000000
000000000
000000000
000000000
000000000
006C00002
000000000
000000000
000000000
000000000
000000000
000547AE1
000000000
000000000
000170A3D
000000000
000000000
000000000
000000000
000000000
000000000
000000000
000000000
000000000
000000000
000000000
000000000
000000000
000000000
000000000
000000000
000000000
000000000
000000000
000000000
000000000
000000000
000000000
000000000
000000000
000000000
000000000
000000000
0028147AE
000EA3D70
000866667
0002A3D70
000000000
000000000
000000000
000000000
000000000
000000000
000000000
000000000
000170A3D
000000000
000000000
000000000
000000000
000000000
000000000
000000000
000000000
000000000
000000000
000000000
000000000
000000000
000000000
000000000
000000000
000000000
000000000
000000000
000000000
000000000
000000000
000000000
000000000
000000000
000000000
000133333
000000000
000000000
000000000
000000000
000000000
000000000
000000000
000000000
000133333
000000000
000170A3D
000000000
000000000
000000000
000000000
000000000
000000000
000133333
000000000
000000000
000000000
000000000
000000000
000000000
0004CCCCD
000000000
000000000
000000000
000000000
000000000
000000000
000000000
0001AE148
000000000
0002E147B
000000000
000000000
000000000
000000000
00230A3D8
000000000
000000000
000000000
000000000
000000000
000000000
000000000
00108F5C1
000000000
000000000
0002A3D71
0012B8520
000000000
000000000
000000000
000000000
000000000
000000000
000000000
000000000
000000000
000000000
000000000
000000000
000000000
000000000
000000000
000000000
000000000
000000000
0007EB851
000133333
000000000
000000000
000000000
000000000
000000000
000000000
000000000
000000000
000000000
000000000
000000000
000000000
000000000
000000000
000170A3D
000000000
000000000
000000000
000170A3D
000000000
000000000
000000000
000000000
000000000
000000000
000000000
000000000
000000000
000000000
0002E147B
000000000
000170A3D
000000000
000000000
000000000
000000000
000000000
000000000
000000000
000000000
000000000
000000000
000000000
000000000
000000000
000000000
000000000
000000000
000000000
000000000
000000000
000000000
000000000
000000000
000000000
000000000
000000000
000000000
000000000
000000000
000000000
000000000
000000000
000000000
000000000
000000000
000000000
000000000
000000000
000000000
000000000
000000000
000000000
000000000
000000000
000000000
000000000
000000000
000000000
000000000
000000000
000000000
000000000
000000000
000000000
000000000
000000000
000000000
000000000
000000000
000000000
000000000
000000000
000000000
000000000
000000000
000000000
000000000
000000000
000000000
000000000
000000000
000000000
000000000
000000000
000000000
000000000
000000000
000000000
000000000
000000000
000000000
000000000
000000000
000000000
000000000
000000000
000000000
000000000
000000000
000000000
000000000
000000000
000000000
000000000
000000000
000000000
000000000
000000000
000000000
000000000
000000000
000000000
000000000
000000000
000000000
000000000
000000000
000000000
000000000
000000000
000000000
000000000
000000000
000000000
000000000
000000000
000000000
000000000
000000000
000000000
000000000
000000000
000000000
000000000
000000000
000000000
000000000
000000000
000000000
000000000
000000000
000000000
000000000
000000000
000000000
000000000
000000000
000000000
000000000
000000000
000000000
000266666
000000000
000000000
000000000
000000000
000000000
000000000
000000000
000000000
000000000
000000000
000000000
000000000
000000000
000000000
000000000
000000000
000000000
000000000
000000000
000000000
000000000
000000000
000000000
000000000
000000000
000000000
000000000
000000000
000000000
000000000
000000000
000000000
000000000
000000000
000000000
000000000
000000000
000000000
000000000
000000000
000000000
000000000
000000000
000000000
000000000
000000000
000000000
000000000
000000000
000000000
000000000
000000000
000000000
000000000
000000000
000000000
000000000
000000000
000000000
000000000
000000000
000000000
000000000
000000000
000000000
000000000
000000000
000000000
000000000
000000000
000000000
000000000
000000000
000000000
000000000
000000000
000000000
000000000
000000000
000000000
000000000
000000000
000000000
000000000
000000000
000000000
000000000
000000000
000000000
000000000
000000000
000000000
000000000
000000000
000000000
000000000
000000000
000000000
000000000
000000000
000000000
000000000
000000000
000000000
000000000
000000000
000000000
000000000
000000000
000000000
000000000
000000000
000000000
000000000
000000000
000000000
000000000
000000000
000000000
000000000
000000000
000000000
000000000
000000000
000000000
000000000
000000000
000000000
000000000
000000000
000000000
000000000
000000000
000000000
000000000
000000000
000000000
000000000
000000000
000000000
000000000
000000000
000000000
000000000
000000000
000000000
000000000
000000000
000000000
000000000
000000000
000000000
000000000
000000000
000000000
000000000
000000000
000000000
000000000
000000000
000000000
000000000
000000000
000000000
000000000
000000000
000000000
000000000
000000000
000000000
000000000
000000000
000000000
000000000
000000000
000000000
000000000
000000000
000000000
000000000
000000000
000000000
000000000
000000000
000000000
000000000
000000000
000000000
000000000
000000000
000000000
000000000
000000000
000000000
000000000
000000000
000000000
000000000
000000000
000000000
000000000
000000000
000000000
000000000
000000000
000000000
000000000
000000000
000000000
000000000
000000000
000000000
000000000
000000000
000000000
000000000
000000000
000000000
000000000
000000000
000000000
000000000
000000000
000000000
000000000
000000000
000000000
000000000
000000000
000000000
000000000
000000000
000000000
000000000
000000000
000000000
000000000
000000000
000000000
000000000
000000000
000000000
000000000
000000000
000000000
000000000
000000000
000000000
000000000
000000000
000000000
000000000
000000000
000000000
000000000
000000000
000000000
000000000
000000000
000000000
000000000
000000000
000000000
000000000
000000000
000000000
000000000
000000000
000000000
000000000
000000000
000000000
000000000
000000000
000000000
000000000
000000000
000000000
000000000
000000000
000000000
000000000
000000000
000000000
000000000
000000000
000000000
000000000
000000000
000000000
000000000
000000000
000000000
000000000
000000000
000000000
000000000
000000000
000000000
000000000
000000000
000000000
000000000
000000000
000000000
000000000
000000000
000000000
000000000
000000000
000000000
000000000
000000000
000000000
000000000
000000000
000000000
000000000
000000000
000000000
000000000
000000000
000000000
000000000
000000000
000000000
000000000
000000000
000000000
000000000
000000000
000000000
000000000
000000000
000000000
000000000
000000000
000000000
000000000
000000000
000000000
000000000
000000000
000000000
000000000
000000000
000000000
000000000
000000000
000000000
000000000
000000000
000000000
000000000
000000000
000000000
000000000
000000000
000000000
000000000
000000000
000000000
000000000
000000000
000000000
000000000
000000000
000000000
000000000
000000000
000000000
000000000
000000000
000000000
000000000
000000000
000000000
000000000
000000000
000000000
000000000
000000000
000000000
000000000
000000000
000000000
000000000
000000000
000000000
000000000
000000000
000000000
000000000
000000000
000000000
000000000
000000000
000000000
000000000
000000000
000000000
000000000
000000000
000000000
000000000
000000000
000000000
000000000
000000000
000000000
000000000
000000000
000000000
000000000
000000000
000000000
000000000
000000000
000000000
000000000
000000000
000000000
000000000
000000000
000000000
000000000
000000000
000000000
000000000
000000000
000000000
000000000
000000000
000000000
000000000
000000000
000000000
000000000
000000000
000000000
000000000
000000000
000000000
000000000
000000000
000000000
000000000
000000000
000000000
000000000
000000000
000000000
000000000
000000000
000000000
000000000
000000000
000000000
000000000
000000000
000000000
000000000
000000000
000000000
000000000
000000000
000000000
000000000
000000000
000000000
000000000
000000000
000000000
000000000
000000000
000000000
000000000
000000000
000000000
000000000
000000000
000000000
000000000
000000000
000000000
000000000
000000000
000000000
000000000
000000000
000000000
000000000
000000000
000000000
000000000
000000000
000000000
000000000
000000000
000000000
000000000
000000000
000000000
000000000
000000000
000000000
000000000
000000000
000000000
000000000
000000000
000000000
000000000
000000000
000000000
000000000
000000000
000000000
000000000
000000000
000000000
000000000
000000000
000000000
000000000
000000000
000000000
000000000
000000000
000000000
000000000
000000000
000000000
000000000
000000000
000000000
000000000
000000000
000000000
000000000
000000000
000000000
000000000
000000000
000000000
000000000
000000000
000000000
000000000
000000000
000000000
000000000
000000000
000000000
000000000
000000000
000000000
000000000
000000000
000000000
000000000
000000000
000000000
000000000
000000000
000000000
000000000
000000000
000000000
000000000
000000000
000000000
000000000
000000000
000000000
000000000
000000000
000000000
000000000
000000000
000000000
000000000
000000000
000000000
000000000
000000000
000000000
000000000
000000000
000000000
000000000
000000000
000000000
000000000
000000000
000000000
000000000
000000000
000000000
000000000
000000000
000000000
000000000
000000000
000000000
000000000
000000000
000000000
000000000
000000000
000000000
000000000
000000000
000000000
000000000
000000000
000000000
000000000
000000000
000000000
000000000
000000000
000000000
000000000
000000000
000000000
000000000
000000000
000000000
000000000
000000000
000000000
000000000
000000000
000000000
000000000
000000000
000000000
000000000
000000000
000000000
000000000
000000000
000000000
000000000
000000000
000000000
000000000
000000000
000000000
000000000
000000000
000000000
000000000
000000000
000000000
000000000
000000000
000000000
000000000
000000000
000000000
000000000
000000000
000000000
000000000
000000000
000000000
000000000
000000000
000000000
000000000
000000000
000000000
000000000
000000000
000000000
000000000
000000000
000000000
000000000
000000000
000000000
000000000
000000000
000000000
000000000
000000000
000000000
000000000
000000000
000000000
000000000
000000000
000000000
000000000
000000000
000000000
000000000
000000000
000000000
000000000
000000000
000000000
000000000
000000000
000000000
000000000
000000000
000000000
000000000
000000000
000000000
000000000
000000000
000000000
000000000
000000000
000000000
000000000
000000000
000000000
000000000
000000000
000000000
000000000
000000000
000170A3D
000000000
000000000
000000000
000000000
000000000
000000000
000000000
000000000
000000000
000170A3D
000133333
000000000
000170A3D
000000000
000000000
0005C28F5
000000000
000000000
000000000
000000000
000000000
000000000
000000000
000000000
000000000
000000000
000000000
000000000
000000000
000000000
000000000
000000000
000000000
000000000
000000000
000000000
000000000
000770A3D
000000000
000000000
000170A3D
000000000
000000000
000000000
000000000
000000000
000000000
000000000
000000000
000000000
000000000
000000000
000000000
0001AE148
0001AE148
000000000
000000000
000000000
000170A3D
000000000
000000000
000000000
000000000
7F6F851ED
0016CCCCD
000000000
00C828F5F
007428F5B
000000000
0052CCCCC
002F0A3D7
7FE428F5C
000133333
000000000
000000000
000A8F5C3
7FE7851EB
0004CCCCD
000000000
000000000
000170A3D
000EE147A
000000000
000B851EC
000000000
7FCF47AE3
000000000
0006B851E
000000000
000000000
000170A3D
0005851EC
001651EB9
000000000
000000000
00039999A
7FF9851EC
7FFE51EB8
000000000
00048F5C3
7FFE51EB8
000000000
7FFA00000
7FF6A3D72
000000000
0001EB852
000133333
000000000
000000000
000000000
7FE55C28E
000BFFFFF
000000000
000000000
7FFE147AE
7FDA147AF
000000000
7FC666665
7FB933332
000000000
000000000
000170A3E
00363D709
000000000
7F8A28F5C
001FEB851
002851EB7
000000000
7FAA8F5C3
00050A3D7
00035C28F
000000000
000000000
000000000
000000000
000000000
000000000
000000000
000133333
7FF5AE148
002347AE1
000451EB8
000000000
000000000
000000000
000000000
000000000
0001AE148
000000000
000000000
0060B851F
000170A3D
0004147AE
000E28F5C
000000000
000000000
000000000
000000000
7FF666666
7FBAE147B
0006B851E
0000B851F
000000000
7FFC28F5C
006B47AE1
000000000
000133333
0007AE148
000170A3D
0000F5C29
7FF628F5D
000266666
003451EB8
000000000
001AA3D70
7FD7AE148
000000000
000CB851D
005400001
000000000
7FF4B851D
001800001
000000000
005AB851D
00063D70A
001C51EB8
000000000
005799998
000D33333
000000000
7FF8147AE
7FFECCCCD
00063D70A
0006F5C29
7FF400000
00127AE15
000000000
7FFAF5C29
000000000
7FFAF5C29
7FF666666
000451EB8
000000000
0004CCCCD
000000000
7FFECCCCD
000000000
0001AE148
00039999A
000000000
001F70A3D
0002A3D71
7FD03D70B
00091EB85
0005C28F4
000000000
0001EB852
000000000
004370A3C
0019AE147
7FDE66666
0036B851F
000000000
000000000
001B1EB86
7FF851EB8
000000000
000000000
000000000
000000000
0000B851F
000000000
0002A3D70
000000000
000000000
001A28F5C
0036F5C27
000000000
7FF71EB85
002628F5B
000000000
000000000
000EE147B
000000000
7FEEB851E
000000000
000000000
7F9A00000
000547AE0
000000000
000133333
000133333
000000000
7FFA7AE14
0001AE148
000000001
7FFECCCCD
000133333
000000000
000000000
7FF6A3D70
000000000
7FFBEB852
000000000
000000000
7FF88F5C2
000D33333
000DEB852
000000000
000000000
000000000
7FFFC28F6
000000000
7FF9851EC
7FEC51EB9
7FF3C28F6
000000000
000000000
000000000
7FE970A3E
000000000
0039D70A4
000000000
000000000
000000000
7F527AE14
000266666
000000000
000547AE1
000000000
000000000
000228F5D
000133333
000000000
000000000
000000000
000000000
7FD547AE2
000000000
000000000
000000000
000000000
000000000
7FFD9999A
00091EB86
000000000
7FD1EB850
000000000
7FFECCCCC
000000000
000000000
000000000
0004147AF
000000000
0090F5C29
000000000
000000000
000000000
7FF4B851F
000000000
000000000
000000000
000000000
000000000
7FC47AE15
000000000
000000000
000000000
000000000
000000000
000000000
000000000
000000000
000399999
00003D70A
000000000
7FFCA3D70
000000000
0002E147B
000000000
000000000
000170A3D
000000000
000000000
00279999A
000000000
000000000
000000000
000000000
000000000
000000000
000000000
000000000
0039D70A6
7FD547AE1
000399998
7FFE8F5C3
000999999
000000000
000000000
000000000
000000000
0001EB852
000000000
003547AE3
000000000
000000000
000000000
000170A3D
0000B851F
000000000
000000000
0002A3D70
0059851F1
000000000
7FFD5C28F
7FFE8F5C3
7FFECCCCD
000000000
000000000
7F65AE147
7FFE147AE
7FF28F5C3
000000000
000000000
000000000
000000000
000000000
000000000
000000000
000000000
7F85D70A4
000000000
0040147AD
000000000
7FFE51EB8
000133333
000133333
000000000
7FE651EB9
7FBE00000
003451EB8
000000000
000000000
7FD4CCCCD
7FFC66667
000000000
000000000
000000000
7FFDD70A4
000000000
000000000
7FFECCCCD
000000000
7FFE8F5C3
000000000
00039999A
000000000
0004147AE
000000000
000000000
000170A3D
000000000
000000000
0006B851F
7FFECCCCD
000000000
000000000
000000000
005799999
000000000
7FFE8F5C2
000000000
000170A3D
00155C290
000000000
000133333
000000000
7FD03D70A
000000000
000000000
000000000
000000000
0005C28F6
003B0A3D7
7F703D70A
7FF3851EB
0001AE148
7FFA00001
000000000
7FF90A3D7
000000000
000000000
000000000
000000000
000000000
0004CCCCD
7FEF70A3C
00099999B
000000000
0001AE148
7FFCA3D71
000000000
000000000
000000000
7FF4F5C29
004147AE3
7FF666667
000000000
001970A3D
000000000
7FF533334
000000000
7FFE147AE
000000000
000000000
7FFCE147B
7FFBAE149
7FD39999A
000000000
000000000
000ACCCCD
7FFECCCCD
000000000
7FE333333
000000000
000FD70A4
000000000
000000000
00063D70A
000000000
7FFAB851F
0002A3D71
000000000
000000000
7FFECCCCD
0024B851E
0006B851F
0007EB852
003DAE148
7FFD5C28F
000000000
000000000
0001AE148
000000000
7F88F5C2C
000000000
7FFE51EB8
000000000
000000000
000133333
0001EB852
000000000
000000000
000000000
0076147AF
00007AE13
000000000
00007AE14
000D33335
7FF4F5C28
000000000
0038E147A
001F70A3E
7FFAB851F
7FF4F5C28
000000000
000000000
0009D70A4
7FF799999
000000000
7FF9851EC
000000000
7FFE8F5C3
000000000
7FFE147AE
7FDEA3D71
000266667
00063D70A
000000000
008A3D70B
000000000
7FFE8F5C3
000000000
000000000
000000000
0006F5C29
000000000
0012B851F
0010CCCCD
000000000
7FD733334
000000000
000000000
7FF43D70A
00039999A
000000000
000000000
000000000
000133333
000000000
000000000
000000000
0002E147B
000600000
0010147AE
7FF028F5D
000000000
7FF1D70A4
0096F5C29
0010147AE
000000000
0004CCCCD
000000000
000000000
0001EB852
000000000
0005851EB
000000000
7FEE7AE13
000000000
7FFE8F5C3
000000000
000000000
7FFE8F5C3
000E66666
7FFC28F5C
000000000
000000000
7FD31EB86
000170A3D
000866667
000000000
000000000
0009D70A4
000000000
7FFFC28F6
0001AE148
7FFECCCCD
000000000
000000000
0003D70A4
000000000
000000000
000000000
000000000
000000000
000000000
000000000
000000000
7FFC66666
000000000
0006B851E
7FFE8F5C3
00031EB85
000000000
000000000
000451EB9
000000000
000000000
000000000
7FA266666
000000000
003133333
7FDC00000
000000000
005251EB8
000000000
000000000
000000000
7FF9C28F6
000000000
000000000
000000000
000228F5C
0010CCCCD
0009D70A4
000000000
000000000
000000000
000000000
7FF2147AE
000000000
0001AE148
000000000
000000000
7FF7D70A4
7FFBEB852
000170A3D
0052147AE
000000000
00039999A
000000000
000000000
0071FFFFE
000170A3D
000000000
7FD6B851F
7FF75C290
000170A3D
7FFECCCCD
000000000
000000000
000000000
000000000
000000000
7FB5D70A4
000000000
000000000
000828F5C
000000000
000000000
000000000
001466666
000000000
7FFDD70A4
000000000
000000000
000000000
000000000
000000000
000000000
7FFC28F5D
000000000
7FF0A3D70
7FD48F5C3
000000000
000000000
0054F5C2A
000000000
000000000
0002A3D71
0043EB84F
000000000
7FFC28F5C
003A147AE
000000000
7FFECCCCD
00031EB85
7FFD5C28F
000000000
000000000
000000000
000000000
000000000
000000000
000000000
003733333
000133333
000000000
000000000
000000000
000000000
000000000
000000000
000000000
000000000
000000000
7FFD1EB85
004C8F5C5
000000000
000000000
000000000
000000000
000000000
000000000
000000000
7F32CCCCE
00C866665
000000000
000000000
7FF533333
000000000
000133333
000000000
000000000
000000000
7FFA00000
000000000
7FFE147AE
7FFCE147B
000000000
000000000
0001AE148
000000000
7FE68F5C2
000000000
000000000
000000000
000000000
7FFD5C28F
000000000
000000000
000133333
000000000
000000000
7FFCA3D70
7FF71EB86
000000000
000000000
7FDF99999
7FFD1EB86
000000000
000133333
000000000
000000000
000000000
003C00000
0001EB852
000733333
7FFD1EB86
000000000
0001EB852
000000000
000000000
000000000
000000000
0018B851F
000000000
0000F5C29
000000000
7FFD9999A
000000000
7FF400000
7FEEF5C29
7FFC66667
000000000
000000000
7FB147AE2
7FFB33333
000000000
000000000
000000000
000000000
000F1EB85
000000000
000000000
7FF19999A
0001AE147
000000000
000000000
000170A3D
000000000
7FD2A3D70
000000000
000000000
001333333
000000000
000000000
000000000
000000000
0002A3D70
000000000
00067AE14
0007AE146
000133333
000000000
000000000
000000000
000000000
0026A3D71
7FFDD70A4
000000000
000000000
000000000
7FE08F5C3
000000000
000000000
0011851EC
7FFD1EB85
000000000
000266666
000000000
0001EB851
000000000
000000000
000F5C28F
000000000
000170A3D
000266666
000000000
000000000
000000000
000000000
000A147AC
000000000
0001AE148
7FF3851EB
000000000
000000000
00279999B
004370A3F
000000000
000999999
7FD733334
003828F5B
000000000
000000000
000000000
7FF947AE2
000000000
000000000
000000000
000000000
000000000
000000000
000000000
000000000
000170A3D
000000000
000000000
0012B851E
7FFD5C28F
000000000
000000000
7FEF33334
0005FFFFF
000000000
000000000
000000000
006D33334
000000000
000000000
000E28F5D
000000000
000000000
000000000
0001EB852
000000000
7FF4B851F
7FE3AE148
0002A3D71
000000000
0012F5C29
000000000
000000000
000A51EB8
000228F5C
000000000
7FDF1EB85
000000000
7FF79999A
7FFECCCCD
000000000
000000000
7FA0B851F
7FEF70A3D
000000000
000000000
000000000
7FF5EB852
7FFECCCCD
000000000
000000000
7F870A3D6
00271EB85
000000000
7FF8CCCCD
7FEAA3D71
000000000
000000000
001A66666
7FF9C28F5
000000000
000000000
000000000
000000000
000000000
000000000
7FD8E147A
000000000
000000000
000000000
000000000
000000000
000000000
000000000
000000000
000000000
000000000
000000000
7FF11EB86
000000000
000000000
000000000
000000000
000000000
7FFD9999A
7FFD1EB85
000000000
000000000
0008A3D71
00050A3D7
7FF90A3D7
000000000
000000000
7FFB70A3E
005570A3D
0001EB852
000000000
7FED0A3D8
00099999A
7FFD5C28F
000000000
000000000
000000000
000000000
000733332
7FDB47AE1
000000000
7FFECCCCD
000000000
000000000
000000000
000000000
000170A3D
000000000
000000000
000000000
000000000
0059C28F6
000000000
000000000
7FFBEB852
7FF79999A
7FFE51EB8
000000000
00039999A
000000000
000000000
0002E147B
7FFCE147B
000000000
000000000
000266666
000000000
000000000
000000000
00003D70B
000000000
7FFE51EB8
7FFE8F5C3
000000000
000000000
000000000
7FB83D70B
000000000
000000000
000000000
0007EB851
000000000
0002A3D71
000133333
000000000
000D70A3D
000000000
000000000
000228F5C
000000000
7FB8F5C29
7FF4B851F
000000000
001800000
000000000
000A51EB7
000000000
000733334
7FFECCCCD
000000000
7FF799999
000000000
7FF851EB8
0008A3D70
7FFE8F5C3
000000000
00828F5C2
7FF6A3D70
000133333
000000000
000000000
000000000
7FFCE147B
000000000
000000000
7FFB33333
7FFCA3D71
000000000
0002E147B
000000000
7FF9851EB
000000000
000000000
000000000
000000000
000000000
000000000
000000000
001051EB8
000000000
000000000
000000000
7FFE8F5C3
7FFC28F5C
000000000
000000000
000000000
00031EB85
00110A3D6
000000000
000000000
000000000
000000000
000000000
000266666
000000000
004FAE148
000000000
000000000
0032A3D72
000000000
000000000
000000000
7FFBAE148
000000000
0003D70A4
000000000
7FD5851EB
7FBF70A3D
000ACCCCD
0002E147A
000000000
000000000
000000000
000000000
000000000
000000000
001933332
000000000
7FF533333
7FF570A3D
000000000
000000000
000000000
000000000
000000000
000000000
000000000
000000000
000000000
000000000
000000000
7FFC66666
000000000
7FFB70A3E
000000000
000000000
000000000
000000000
000000000
0008A3D71
000000000
000000000
000000000
000000000
000000000
000000000
000000000
000B851EC
000000000
000000000
000000000
7FF533334
7FFF47AE2
7FF15C290
000000000
7FFE8F5C2
000000000
0001AE148
000000000
000000000
7FFE147AE
000000000
000A51EB9
000000000
000000000
000000000
000000000
000000000
7FF28F5C3
000000000
7FF47AE14
0004CCCCD
000000000
000E66666
000000000
000000000
7FD1AE148
0001EB852
000000000
7FFF851EC
7FE51EB85
000000000
7FFCE147B
000000000
000000000
000000000
7FF2CCCCC
7FFB33333
000170A3D
000000000
7FFDD70A3
000000000
000000000
000000000
7FFE8F5C3
000000000
7FF400001
0008E147B
7FE2F5C29
000000000
000000000
000000000
000000000
000000000
7FFECCCCD
000000000
000000000
000133333
000000000
000000000
0004147AE
000000000
000000000
000000000
000000000
00110A3D7
000000000
000000000
7FECCCCCC
000000000
000000000
000000000
000000000
000000000
000170A3D
000266667
000000000
0001AE148
000000000
7FFAB851F
000000000
000000000
7FFE147AE
000000000
0005C28F7
000000000
000000000
000000000
7FFECCCCD
000600000
7FE68F5C3
000000000
7FF30A3D8
0012F5C29
7FFC66667
000000000
000000000
000000000
7FFC28F5C
000133333
000000000
000000000
00123D70A
000266666
000000000
000000000
0003D70A4
000000000
000000000
000000000
000000000
000000000
000000000
000000000
000000000
7FF2CCCCC
0006F5C29
7FF5AE147
0002A3D71
000000000
000000000
7FFE51EB8
000000000
000266666
000000000
000266666
000000000
000000000
7FF347AE2
000000000
000133333
7FFD1EB85
000000000
7FFB70A3D
7FEF33333
000000000
000000000
000000000
7FFCE147B
000000000
000133333
7FFECCCCD
000000000
000000000
000000000
7FFD9999A
7FB800001
000000000
000000000
7FE5D70A3
7FF9851EB
7FFE8F5C3
000000000
0003D70A4
000000000
000000000
7FF8147AE
0001EB852
000000000
7FF347AE1
000000000
000000000
000000000
7FF90A3D7
000000000
000000000
7FDC00000
000000000
000000000
7FFD5C28F
00091EB85
000000000
000000000
000000000
000000000
000000000
000000000
000000000
7FFC66666
0001AE148
000000000
000000000
000000000
000000000
7FFECCCCD
7FFECCCCD
000000000
000000000
000000000
0004147AD
000000000
000000000
000000000
000000000
000000000
000000000
000000000
000000000
7FF400000
000000000
000000000
000C00000
000000000
00063D70B
000000000
000000000
000000000
000000000
000000000
000000000
001147AE1
000000000
7FFB70A3E
000000000
00168F5C3
7FB87AE15
000000000
001C147AE
000000000
000000000
000000000
000000000
000000000
000000000
00123D70A
000000000
000000000
7FEAA3D71
000000000
7FFD5C28F
000000000
000000000
0005C28F5
000000000
000000000
000000000
7FF6A3D71
000000000
7FFC28F5C
000000000
7FFD1EB85
000000000
000866667
000000000
000000000
000C00000
000000000
000000000
000000000
000A51EB8
000000000
7FC47AE12
000000000
000000000
000600000
000000000
00127AE14
00039999A
000000000
000000000
000000000
7FFE51EB8
000000000
000000000
000000000
7FFE8F5C3
000000000
000C7AE14
0024B851E
000000000
000000000
7FFECCCCD
0004CCCCD
000000000
000000000
000000000
000000000
0000F5C29
000000000
000000000
000000000
000733333
000000000
000000000
000000000
000A147AC
000000000
000000000
00039999C
000000000
7FDF1EB86
001333331
000000000
000000000
000A147AE
000000000
000000000
7FFECCCCD
7FFECCCCD
000000000
000000000
000000000
001AA3D6F
000000000
7FFE147AE
000000000
7FFD99999
000000000
000000000
000000000
7FF400000
0007AE148
0005C28F6
000000000
7FF947AE1
000000000
000133333
000000000
7FFBAE148
7FEE7AE14
000EA3D71
0010147AD
000000000
000000000
000000000
7FC666667
000000000
000000000
0014E147C
000000000
002AF5C29
7FFC66666
000000000
000000000
000266666
000000000
000000000
000000000
001F70A3D
000000000
000000000
000000000
7FF90A3D6
000000000
000000000
000000000
00035C28F
000000000
000000000
000000000
000000000
00099999A
000000000
7FFC66666
7FFECCCCD
000000000
0001EB852
000000000
7FFD5C290
000000000
7FEAA3D71
7FFCE147B
000000000
000000000
000000000
000000000
000000000
000000000
000866666
000000000
000000000
7FE23D70B
000000000
000000000
0003D70A4
000000000
000000000
7FFE51EB8
000B47AE1
7FFE147AE
7FEDFFFFF
000000000
7FFA7AE14
000000000
000000000
000000000
000000000
003733333
000000000
00048F5C3
000133333
000000000
7FEF70A3D
000000000
000000000
000000000
000000000
7FFE147AE
7FFD9999A
000000000
000000000
000000000
000000000
000000000
000000000
0001AE148
000000000
000000000
7FFDD70A2
0001AE148
000000000
0001AE148
000000000
000000000
000000000
000000000
0001AE148
000266666
000000000
000000000
000000000
7FFCA3D71
000000000
000000000
0006F5C29
0006B851F
000000000
7FE68F5C3
000000000
00035C290
7FFCE147A
0011851EA
000000000
000000000
7FF347AE3
000000000
000000000
000000000
000000000
000000000
00035C28F
000000000
000000000
7FF8147AE
7FFC66666
7FE4A3D70
7FFE147AE
7FFD9999A
000133333
000000000
00031EB85
00110A3D7
000000000
000000000
7FF570A3D
0015D70A4
7FFB33333
0002E147B
000000000
000133333
000133333
000000000
00035C28F
7FE8F5C29
0006F5C27
000266664
7FFE147AE
0001AE148
000000000
000000000
000000000
000000000
7FFE51EB8
000000000
00039999A
7FFD5C28F
0007AE148
000600000
0007AE147
000000000
000000000
000000000
000000000
000000000
0008A3D72
000000000
000000000
000000000
002533333
000000000
000000000
000000000
000000000
000000000
000000000
000000000
000000000
7FFE8F5C3
000000000
000000000
003FD70A4
000000000
7FF570A3D
000000000
000000000
000000000
000000000
000133333
7FF570A3E
000000000
000000000
000000000
00048F5C3
000000000
7FFBAE148
7FEC147AE
000000000
000000000
7FFE147AE
000000000
7FFD1EB85
000000000
001CCCCCD
000000000
000000000
7FFCA3D71
7FE933335
0005C28F5
000170A3D
0002A3D70
0004147AE
000000000
7FF0E147A
0010CCCCD
000000000
000000000
000000000
0001AE148
000000000
0001EB852
000000000
7FF5EB851
000000000
000000000
00031EB85
000000000
000000000
000000000
000000000
0005C28F6
7FEEF5C2B
002CA3D71
000000000
000266666
7FF851EB8
00003D70A
000000000
000000000
000000000
000000000
000000000
7FF79999A
000000000
000228F5C
000000000
000C7AE13
7FFECCCCD
000000000
000000000
000000000
000000000
0003D70A3
000133333
000000000
000CB851F
7FF9851EC
000000000
000000000
000000000
000133333
7FFE51EB8
000000000
0007AE147
000266666
000000000
000133333
000000000
000000000
00151EB84
000000000
7FFE147AE
000000000
7FFE51EB8
000000000
7FF0A3D71
000000000
000A147AE
00168F5C3
00031EB85
000000000
000228F5C
000000000
000000000
002B70A3D
000000000
000000000
000000000
000000000
000000000
000000000
003733333
0001AE148
000000000
00168F5C1
7FFECCCCD
000000000
000000000
7FE70A3D7
000000000
00031EB85
0002A3D71
7FF6E147B
000000000
7FB9AE149
000000000
0008A3D6F
7FF11EB85
7FEC147AE
000000000
000000000
000000000
000000000
000000000
000000000
000000000
000000000
000000000
000000000
0001AE148
7FFAB851F
000000000
000000000
000000000
000000000
7FF0E147B
7FE8F5C29
0032A3D6F
000000000
000170A3D
000000000
000000000
000000000
0013AE148
000B47AE1
00307AE15
000600001
000000000
0002E147B
002570A40
7FF5EB851
000000000
7FFBEB852
000000000
000000000
000000000
000000000
000000000
7FE7851EB
7FEE00001
0006F5C29
000A8F5C3
7FFB33333
000266666
000000000
7FE0147AE
0011851EC
0003D70A4
7FFCE147B
7FFE147AE
000399999
000000000
000000000
7FFECCCCD
000000000
000000000
000000000
7FFD5C28F
000000000
7FD91EB85
7FFE51EB8
7FFFFFFFF
000000000
000000000
000000000
000133333
000000000
000000000
000000000
000000000
000000000
000000000
7FF628F5C
00050A3D7
000000000
000000000
000000000
000B47AE1
000000000
000000000
7FFECCCCD
000000000
000000000
0005851EC
000000000
7FFF47AE1
0001EB852
0000F5C29
000000000
7FFCE147B
000000000
0002E147B
7FFCE147A
7FFD1EB85
7FFB70A3D
7FFB70A3E
000000000
001466667
000000000
000000000
7FF71EB85
7FF0A3D71
7FFD9999A
000170A3D
000000000
0001EB852
000000000
000000000
000000000
000000000
000000000
000000000
000000000
000000000
7FFBEB851
000000000
0036B851D
000000000
000266666
000000000
00095C28F
000000000
7FFBEB84F
000000000
000828F5C
0007AE147
001BD70A4
7FFE8F5C3
000FD70A4
000000000
7FFECCCCD
7FFBEB852
000000000
7FE4A3D70
000000000
000451EB8
7FF799999
7FFCE147B
000000000
000000000
000000000
000000000
000B0A3D8
000000000
000000000
000133333
000000000
000000000
000000000
000000000
000000000
000000000
000000000
000000000
000000000
0009D70A4
000000000
000170A3D
000000000
7FF0A3D71
7FFCE147B
000733333
000000000
000000000
000000000
0003D70A4
000866667
7FFECCCCD
000170A3D
000170A3E
000CB8520
000133334
7FFBAE148
0007EB852
00039999A
000000000
7FFECCCCD
000000000
7FFE147AE
002A3D70A
000000000
000000000
7FFC66666
7FF90A3D8
000000000
000000000
000266666
000000000
000000000
001933332
7FBB1EB84
0008E147C
000000000
000000000
000000000
7FF8CCCCD
0002A3D70
000ACCCCC
7FC75C290
000866666
000000000
7FF9C28F5
000000000
000000000
7FFCE147B
000000000
7FFE147AF
000000000
7FFC66667
000000000
0004CCCCD
000000000
000000000
000000000
000000000
000000000
7FF71EB85
001FAE146
7FF400000
000170A3D
000000000
000000000
7FF666666
000000000
000000000
0008A3D71
0002E147B
000000000
000000000
000000000
003FD70A4
000133333
000000000
7FFE51EB8
000000000
0009D70A3
00228F5C3
7FFAF5C29
000000000
000000000
000133333
7FFECCCCC
000000000
000266666
7FF251EB8
7FFCA3D6F
000228F5C
00063D70A
7FEC51EB7
000228F5C
7FFF851EC
000000000
000000000
000000000
000133333
7FFE8F5C3
000000000
0022CCCCF
000133333
000000000
0005851EB
000000000
000000000
000000000
000000000
000000000
0002A3D71
000000000
000000000
7FE4A3D70
000000000
000000000
000000000
7FFBAE148
7FFBAE147
000000000
000000000
000000000
002628F5C
001466665
000170A3D
7FDC3D70B
000000000
007C51EB7
006EE147B
00048F5C3
000000000
000000000
7FFF0A3D7
000000000
7FEB5C28F
000000000
7FFECCCCD
000228F5D
000000000
0005851EC
7FFDD70A4
0012B8520
0016CCCCE
7FF28F5C2
000000000
0023C28F6
000451EB8
0001AE148
000A51EB8
7FFCE147B
000000000
000000000
000000000
000000000
7FF88F5C4
0002A3D71
000000000
7FFECCCCD
000000000
7FF666666
00127AE13
7FFECCCCD
000000000
000000000
0005851EC
000000000
000000000
000000000
7FF851EB8
000CB851D
00007AE15
000000000
7FFF851EB
0018B8520
000000000
000000000
00091EB85
000000000
000000000
000000000
000000000
000000000
7FE87AE14
7FFBEB852
7FFD1EB85
00048F5C3
7FF79999A
000000000
00487AE14
7FFECCCCD
000000000
7FFB70A3D
000000000
000000000
0002A3D71
000000000
000000000
007DC28F4
7FE4E147B
7FF7D70A4
00108F5C3
7FEBD70A3
00063D70A
000000000
000D70A3D
000000000
000000000
000000000
7FFD5C290
7FFE51EB8
000000000
000000000
000000000
7FEF70A3E
000000000
7FDC7AE15
7FF028F5C
000000000
7FFC28F5C
7FEB1EB85
0047851ED
000000000
7FFECCCCD
000000000
000733334
000000000
000000000
000000000
000000000
000000000
000000000
000000000
001EF5C2A
000000000
000000000
000547AE1
000000000
000000000
000000000
00050A3D7
000000000
000000000
00170A3D7
000000000
000000000
00007AE14
7FFECCCCD
7FFC66667
00003D70B
7FFD5C28F
000A8F5C3
000770A3D
000000000
000000000
7FFA3D70B
000000000
0004147AE
00050A3D7
0003D70A4
000000000
0007EB851
000000000
000000000
7FFAF5C29
003547AE1
7FF066667
000000000
000000000
000000000
7FF6E147B
000000000
000000000
7FFE147AE
000000000
000000000
000000000
000000000
000000000
000000000
000000000
0005851EB
000000000
000000000
7FFFC28F5
7FFBAE148
000000000
7FF199998
0001EB852
000000000
000000000
000000000
000000000
000000000
000000000
000000000
000000000
7FFECCCCD
7FF9C28F5
000000000
000000000
7FEBD70A4
000000000
000000000
000000000
000000000
000000000
000000000
000000000
7FFCA3D71
000000000
7FF6A3D70
000000000
000000000
7FFB33334
000000000
007970A3D
000000000
000000000
7FFC66666
0008A3D71
000000000
0014A3D70
000000000
000000000
000000000
000000000
000000000
000000000
7FF8CCCCD
000000000
7FFCA3D71
7FFECCCCD
000000000
000000000
000000000
000000000
7FFA7AE15
000000000
000000000
000000000
7FEE7AE15
000399999
7FFAF5C29
7FE7851EC
7FFE8F5C3
000828F5D
7FFBAE148
000000000
00288F5C2
000000000
7FFFC28F6
000000000
000170A3D
000266666
000000000
0008E147B
000000000
000000000
000000000
7FFECCCCD
7FEB99999
000000000
000000000
000228F5C
000000000
000000000
000000000
000000000
000000000
0001EB852
7FED0A3D6
000000000
000000000
000A8F5C2
000000000
000600000
000000000
0004CCCCD
000000000
000000000
7FFECCCCD
7FF533333
000000000
001B9999A
000000000
000000000
00307AE15
000000000
000000000
000000000
000000000
000000000
000000000
0001EB851
000000000
000000000
000000000
0001EB852
0006F5C29
7FEC8F5C3
00031EB85
7FFD9999A
7FF628F5C
000600000
000000000
7FFB33333
000000000
000000000
000000000
00127AE13
001C147AF
000266666
000000000
000000000
000000000
000000000
000000000
000000000
000000000
00095C290
7FFF851EB
000000000
000000000
000770A3D
0056A3D71
000000000
000000000
000000000
000000000
00348F5C2
000000000
000F99999
7FF4B851F
000000000
7FD5C28F5
7FFFC28F6
000000000
000000000
000000000
7FF9851EB
000133333
7FF8CCCCD
7FFCE147A
000000000
000000000
000000000
000000000
0004147AE
7FFE8F5C2
000000000
000600000
000000000
000000000
000000000
000000000
00427AE14
000000000
000000000
000000000
002A00003
000000000
7FE27AE15
000000000
7FC79999A
0006F5C28
000000000
000000000
000770A3D
000000000
0001EB852
000000000
000000000
000000000
7FF666667
000000000
0001EB852
00063D70A
000000000
7FE6CCCCE
000000000
7FFA3D70B
000000000
000000000
0026E147A
000000000
000000000
000000000
002628F5D
7FFF0A3D8
000000000
000000000
000000000
00050A3D7
000000000
7FEF70A3D
002F47AE2
000000000
000000000
000000000
7FEC8F5C2
000000000
7FF90A3D8
002347AE2
000000000
7FFECCCCD
000000000
000000000
000000000
000000000
000000000
7FFD5C28F
000000000
7FFD1EB85
000399999
0004CCCCD
000828F5B
000000000
000000000
000000000
000F5C28F
000000000
000000000
000000000
7FF400000
000000000
000000000
7FF8CCCCC
003DAE148
000000000
000000000
000000000
000000000
000000000
000000000
000228F5D
7FFBEB852
00035C28F
000000000
0004147AE
000000000
000000000
000000000
000000000
000000000
000000000
0000B851F
000000000
000000000
000000000
000CF5C29
000000000
7FEE00000
000000000
0004CCCCD
000000000
000170A3D
7FF947AE1
00050A3D7
000000000
000000000
000000000
000000000
000000000
000000000
000228F5C
000000000
000000000
000000000
7FF0E147B
0031EB852
000000000
000000000
000000000
000000000
0002A3D71
000000000
000000000
000000000
000000000
000000000
000000000
000000000
000000000
000000000
000000000
7FFC66666
000451EB9
000000000
0002A3D70
000000000
000000000
000000000
000000000
000170A3D
001970A3D
000000000
003547AE3
000000000
000000000
7FF347AE1
000000000
000000000
7FFECCCCD
000C3D70B
000000000
000B0A3D7
000000000
000000000
000000000
000000000
000000000
000B47AE2
000000000
0005851EB
00230A3D8
7FF9851EB
000000000
7FEBD70A4
000000000
000451EB8
000000000
7FFE147AE
000000000
000000000
0005851EB
000000000
000000000
000000000
000000000
000266666
000000000
7FF628F5C
000000000
000000000
0006B851E
0002E147A
000451EB9
000000000
0000B851E
7FFCA3D71
000000000
000000000
000266666
000000000
000000000
000000000
7FFAB851F
7FFD5C28F
000000000
7FFE51EB8
001E3D70B
000000000
000000000
000000000
7FFB33334
000000000
000000000
000000000
0001AE148
7FF9851ED
00007AE15
000000000
000228F5A
000000000
000000000
000000000
000000000
000B47AE1
000000000
000000000
000000000
000000000
000000000
000000000
0001EB852
7FF30A3D7
000000000
000000000
000000000
000266666
000000000
000000000
000000000
000000000
000000000
000000000
000000000
7FFE8F5C2
000000000
000000000
0006F5C29
000000000
0002A3D71
000170A3D
000000000
7FEC51EB9
000000000
7FFECCCCD
000133333
7FFCA3D70
0019AE148
00039999A
000000000
0001EB852
000000000
000000000
000000000
000000000
000000000
0011C28F6
001F33335
000266665
002400000
7FFE51EB8
0043EB852
0001AE148
0001AE148
00007AE15
7FDCF5C29
000000000
00588F5C3
000000000
000000000
0001EB852
000000000
00039999A
001F70A3C
000000000
000000000
000000000
000000000
0004CCCCC
000000000
000000000
000266666
000000000
000000000
000000000
7FF30A3D8
000000000
000000000
000000000
000000000
7FFBEB852
000000000
7FF9851EC
000000000
000000000
000000000
7FFC66666
000000000
000000000
000CF5C29
000000000
0002E147B
001F70A3D
000000000
0002E147B
000000000
000000000
000000000
000000000
0012B851F
000000000
00031EB85
000000000
7FFF851EB
00007AE15
000000000
000000000
000000000
000000000
000000000
000000000
000000000
000000000
000000000
000000000
000000000
000000000
00035C28F
000000000
000000000
000000000
0003D70A4
002666667
000000000
000000000
000000000
000000000
000000000
000000000
7FE2B851F
000000000
000000000
000828F5C
7FFE8F5C3
000000000
000000000
000000000
0004147AD
7FFD9999A
000000000
000000000
0000F5C2A
000000000
7FFCE147B
000000000
000A8F5C2
000000000
000000000
000000000
000000000
004C51EB9
000000000
000000000
000000000
7FFB33335
000600000
7FFECCCCD
000000000
000000000
000000000
7FFCE147B
000000000
000000000
0002E147B
000000000
7FFFFFFFF
0003D70A4
000399999
000000000
7FF851EB9
000000000
000000000
00050A3D8
0010147AE
000000000
000000000
00039999A
000000000
7FE4A3D70
7FFE147AE
000000000
000000000
000266666
000000000
7FFB70A3D
0001EB852
000000000
0004147AE
000000000
0000F5C29
000000000
0003D70A4
000000000
000000000
000451EB7
000000000
003170A3D
000000000
7FFA3D70B
000000000
000000000
000000000
000000000
000000000
000266666
000000000
000000000
000000000
000733333
7FFE147AE
00035C28F
000000000
000000000
7FFF0A3D7
7FFD5C290
000000000
0004CCCCD
00035C28F
000000000
000133333
000000000
000DEB851
000000000
000000000
0019AE147
000000000
0000B851E
0002A3D71
000828F5D
000133333
000000000
000000000
7FFCA3D71
000000000
000000000
000000000
000000000
000000000
00048F5C2
000000000
000000000
000000000
000000000
000000000
7FFCA3D71
000000000
000000000
000E28F5C
000000000
7FFB70A3D
0001AE148
000000000
7FFE147AE
000000000
000000000
000000000
000000000
000000000
7FFB33333
7FFE8F5C3
000000000
7FFE147AE
000866666
000451EB8
000000000
000133333
000547AE0
000000000
00091EB85
7FFECCCCD
000000000
000000000
7FFB70A3E
000000000
7FF3C28F4
000000000
000000000
000000000
000000000
000000000
000000000
000000000
000000000
000000000
000A147AD
000000000
000000000
000000000
7FFE147AE
000000000
7FFE8F5C2
0002A3D71
000000000
7FE83D70B
000CB851F
000000000
000000000
000A8F5C2
000000000
000733333
000770A3C
000000000
000000000
000000000
000000000
0008A3D71
000000000
7FFD9999A
000000000
0006B851F
000600000
000000000
7FFB33333
7FFAB851F
000000000
000000000
000000000
7FF4F5C29
7FFE8F5C3
000000000
7FF28F5C3
001599999
000000000
000170A3D
000B851EB
000000000
000000000
0004147AE
000000000
000000000
0001AE148
7FFF47AE1
000000000
7FFCE147B
0005C28F6
000000000
000000000
000000000
7FFD5C28F
000133333
000000000
7FFECCCCD
000000000
000000000
7FF1D70A5
7FD3D70A4
7FFE147AE
000000000
000000000
7FF400000
000000000
000000000
000000000
000000000
000000000
0013AE147
000000000
000000000
0001AE148
000000000
000266666
000000000
0006F5C29
000000000
7FF75C290
000000000
000000000
7FE5D70A4
000170A3D
0001EB852
000000000
000000000
7FFE8F5C3
000000000
7FF6E147B
000000000
000000000
7FF0A3D71
001E7AE13
000000000
000000000
000000000
000000000
000266666
0002A3D70
000000000
7FFBEB852
0001EB852
00168F5C3
7FFAF5C29
7FFF851EB
000000000
7FFD5C290
7FFE51EB8
000000000
000000000
0001EB852
000000000
000000000
000000000
000000000
000000000
000228F5C
000000000
0002A3D70
7FFECCCCD
000000000
7FFE51EB8
7FFECCCCD
000000000
0049EB851
0004147AE
7FFC66666
000000000
000000000
000000000
001466665
000000000
000000000
000000000
000000000
000000000
000000000
000000000
7FF90A3D7
0003D70A4
0001AE148
000000000
000ACCCCD
000000000
000000000
000000000
000000000
000000000
000000000
7FFECCCCD
000000000
000000000
00067AE14
000000000
000000000
7FF2CCCCD
00095C28F
0001EB852
00035C28F
000000000
000000000
000000000
000000000
0011FFFFE
000000000
7FFCA3D71
7FF43D70B
000000000
000000000
000000000
0002A3D71
000000000
000000000
000000000
000000000
000000000
000000000
000000000
000000000
000000000
000000000
7FFF851EB
000000000
000000000
000000000
0001AE148
000B47AE2
000170A3D
000000000
0004147AE
000547AE1
7FFD99998
000000000
0008E147B
000000000
0003D70A4
000000000
7FFE147AE
0008A3D70
000000000
000000000
000000000
00571EB86
000000000
000228F5C
000000000
000000000
000000000
000000000
000000000
7FFD5C28F
000CB851F
000000000
000000000
0008E147B
000000000
7FFD9999A
000228F5C
000000000
000133333
00067AE14
000000000
000000000
000000000
000000000
000000000
000000000
7FFC28F5C
000000000
000000000
7FFCE147B
000000000
000000000
000000000
7FFECCCCD
000000000
000000000
000170A3D
000733333
000000000
000000000
000000000
0004CCCCD
000000000
7FED851EA
000000000
000000000
001599999
000000000
7FFE8F5C3
000000000
0020A3D71
000000000
000000000
000000000
000000000
000CB851F
7FFD9999A
000000000
7FFE51EB8
7FFE147AE
7FFDD70A3
7FF5AE148
000000000
000000000
7FF6A3D71
0006F5C29
000000000
000000000
000000000
7FF666667
000000000
000000000
000000000
0002E147B
000000000
000266666
000000000
000000000
000170A3D
000000000
000000000
000000000
000000000
7FFECCCCD
000000000
000000000
000000000
7FFD5C28F
0005C28F6
000000000
000000000
000FD70A4
00035C28F
000000000
000000000
000000000
000170A3E
000000000
000000000
000000000
000000000
00048F5C3
000000000
000000000
7FFE51EB8
000000000
000000000
000000000
000000000
000000000
00031EB85
000000000
000000000
0004147AE
000000000
7FFBAE147
000000000
7FFD9999A
7FF947AE2
0047851EC
0011851EC
7FFC66666
000000000
000000000
0002A3D71
000000000
000000000
000000000
000000000
000000000
000000000
000000000
000733333
000000000
00035C28F
000000000
000000000
7FFE51EB8
000133333
000000000
000000000
0002A3D71
000000000
00168F5C2
00003D70A
000000000
7FF851EB8
000000000
000000000
000000000
01627AE13
000000000
0001EB852
0003D70A4
000000000
000000000
000000000
000000000
000000000
000000000
000000000
000000000
0001EB852
00110A3D6
000000000
000000000
000000000
000000000
000000000
000000000
00243D70B
7FF5EB851
00151EB86
000399999
000000000
000BC28F6
000000000
000000000
000000000
0008A3D71
000000000
000000000
000000000
000000000
0001AE148
000000000
000000000
000000000
0002E147B
000170A3D
000828F5D
0004CCCCD
000C7AE12
7FFE51EB8
000000000
000000000
000000000
7FFE51EB8
000228F5C
000000000
000000000
000000000
000000000
0003D70A4
000000000
000000000
7FFA7AE15
000000000
7FFE8F5C3
000000000
000000000
000000000
000000000
000000000
000000000
000000000
000000000
0001AE148
000133333
0023851EB
000000000
7FFA3D70B
000770A3D
0004147AE
000000000
00067AE14
7FFECCCCD
000828F5C
000000000
0001AE148
000000000
7FDDAE148
000000000
000000000
000000000
000000000
000000000
000000000
000000000
000000000
000133333
000000000
7FFE51EB8
000000000
000000000
000000000
000000000
000170A3D
0001AE148
0001EB852
000000000
000000000
7FFE147AE
003B47AE2
0000B851E
7FF628F5C
000000000
000866667
000170A3D
7FFE147AE
000EA3D71
000000000
0006F5C29
000000000
7FFE147AE
000000000
000000000
000000000
000000000
0018F5C29
000000000
00307AE14
000000000
000000000
7FF400001
000000000
000000000
000000000
000000000
000000000
000000000
000000000
000000000
000000000
000000000
000000000
000A51EB8
000000000
000000000
002FC28F6
000000000
000000000
000000000
000000000
000000000
000E28F5C
000000000
000000000
000000000
000000000
000000000
0000B851F
000000000
000000000
00039999A
00035C28F
7FFE147AE
000000000
7FFF47AE1
00108F5C2
000000000
000000000
000000000
001051EB8
000000000
000000000
000000000
000000000
000000000
7FFECCCCD
7FF6E147C
000000000
000000000
0002A3D71
7FFE8F5C3
000000000
001C51EB9
000000000
7FF88F5C3
000000000
0001AE148
000000000
000000000
000000000
000000000
000000000
000000000
000000000
000266666
000000000
002A7AE15
7FFBAE148
7FFE147AE
000000000
000000000
000000000
000000000
000000000
7FFCE147B
000000000
000000000
000000000
0066F5C2A
000000000
000000000
000000000
000000000
000000000
000000000
000170A3D
000000000
000000000
000000000
000000000
000000000
000000000
000266667
000000000
000000000
7FA35C28F
000000000
000000000
000000000
00215C28F
000000000
00035C290
000000000
000000000
7FFAB851F
000600000
000000000
000000000
000547AE1
000000000
000000000
000866662
001970A3E
000000000
000000000
7FFF47AE2
000451EB8
000000000
000000000
000000000
000A8F5C3
000000000
000000000
000000000
000000000
000266666
000000000
000000000
000000000
0001AE148
000000000
00035C28F
7FFFC28F6
000133333
000000000
000000000
000B0A3D6
000000000
0007AE147
000000000
7FFAB851F
000000000
000000000
00031EB85
000000000
0006F5C27
0028CCCCD
0001EB852
000000000
000000000
0002E147B
000000000
7FF666666
000000000
000000000
7FFE8F5C3
000000000
000000000
000000000
0014E1478
000000000
000000000
0001EB852
000000000
000000000
000000000
7FE747AE2
000000000
000000000
0002E147B
000000000
0001EB852
0004147AE
000000000
7FFE51EB8
000000000
000000000
000228F5C
000000000
000000000
000000000
000000000
000000000
000000000
7FFECCCCD
000000000
0008A3D71
00050A3D6
0002A3D70
7FFC28F5C
0005C28F6
000000000
000000000
000133333
000000000
000000000
000170A3D
000000000
000000000
000000000
000000000
000000000
000000000
0002E147B
000000000
000000000
0001AE148
0001EB852
7FFECCCCD
000000000
000000000
000170A3D
000000000
7FFB33333
0004CCCCD
7FFE51EB8
7FFE51EB8
000000000
000000000
000F9999A
000133333
000000000
00095C28F
000000000
000170A3D
000828F5C
0001AE148
000000000
000000000
000000000
7FFBEB852
000000000
0006B851E
7FF851EB9
000000000
000399999
000000000
000000000
000000000
000000000
000133333
000000000
000000000
000000000
000000000
000000000
000000000
000000000
7FFA7AE14
000170A3D
7FFD5C290
000000000
000000000
000000000
000228F5C
000133333
000000000
000000000
000000000
7FFE147AE
000000000
000000000
000000000
000000000
7FFD1EB85
000000000
001428F5C
000000000
000000000
000000000
000000000
000000000
000000000
000000000
7FFDD70A4
000266666
7FFD9999A
7FD3D70A4
000000000
7FFA3D70A
0004147AE
000000000
000000000
7FFECCCCD
000000000
7FFC28F5C
000F1EB85
000000000
000170A3D
000000000
000000000
0001EB852
00168F5C3
7FFFC28F6
000000000
000000000
000000000
000000000
000000000
0009D70A4
003A8F5C2
000000000
0001AE148
7FF3851EB
000000000
7FFC66666
000000000
000170A3D
7FFD5C290
000000000
000000000
000000000
000000000
000000000
000000000
000000000
000000000
000000000
000000000
000000000
7FFDD70A4
000228F5C
000000000
7FFE51EB8
000000000
000133333
000000000
000000000
000000000
000000000
000000000
000000000
000000000
000000000
0002E147B
000000000
000000000
000000000
7FF8CCCCD
7FFECCCCD
000000000
000000000
000000000
000000000
000000000
000866667
7FDA8F5C3
006F1EB85
000000000
000600000
000000000
000000000
000C3D709
000600000
00219999A
000000000
7FBC51EB8
000000000
000000000
000000000
000000000
7FFE147AE
000000000
000000000
000000000
00067AE15
7FFE8F5C3
000000000
000000000
7FF666666
000000000
000000000
000000000
000000000
7FFCE147B
000000000
7FFE8F5C3
7FEBD70A4
00048F5C2
000000000
000000000
000000000
000000000
000547AE2
00050A3D7
7FFAF5C29
000000000
000000000
7FFECCCCD
000000000
000000000
000000000
000170A3D
7FFECCCCD
00003D70A
7FFE147AE
000000000
7FFD99999
000C3D70B
7FF79999A
000000000
000547AE1
000000000
000000000
000000000
000000000
000000000
000000000
000000000
000000000
000000000
000000000
000000000
000000000
0002A3D71
000000000
000000000
000000000
000000000
000170A3D
0008E147A
7FF533333
000000000
000000000
00039999A
000000000
7FF570A3D
000133333
000000000
000000000
00031EB85
0006F5C29
7FFECCCCD
000000000
000000000
000000000
000000000
000000000
000000000
00035C28F
000000000
000000000
000547AE1
000170A3D
7FFC66666
000000000
00031EB85
000000000
000000000
000170A3D
7FFE51EB8
000000000
000000000
7FFE8F5C3
000000000
000000000
000000000
7FF533333
000000000
0001EB853
7FF7D70A4
000000000
000000000
000000000
000000000
000000000
0004CCCCD
00279999A
00031EB85
7FFD1EB85
000000000
000000000
000266666
000000000
000266666
000000000
000228F5C
000000000
000000000
000000000
000000000
000000000
000000000
0003D70A4
00031EB86
000000000
000000000
000000000
7FF533335
000000000
000000000
0003D70A4
7FF6A3D70
000000000
000000000
000000000
000000000
000000000
000000000
000000000
000000000
000000000
0004CCCCC
7FE200000
000000000
7FFECCCCD
000000000
000000000
7FFE51EB8
000000000
000000000
000000000
000000000
00039999A
7FFD5C28F
000000000
000000000
000000000
000000000
000000000
000000000
000000000
0010CCCCD
0001AE148
7FFECCCCD
000000000
000000000
001AE1479
000000000
000000000
000000000
000000000
0004147AE
7FFA3D70A
001147AE2
000000000
00048F5C3
7FED851EB
00155C28F
7FF9FFFFF
000133333
000000000
000000000
000000000
0008E147B
002B33333
00091EB85
000000000
000000000
7FFBEB852
000000000
000451EB9
000000000
00211EB85
000133333
000000000
000170A3D
0030F5C29
7FF71EB85
7FF0E1479
7FF1D70A4
000228F5C
000000000
000000000
000000000
000000000
000000000
000000000
000000000
000133333
7FFECCCCD
7FFECCCCD
000000000
7FEEF5C2A
000F5C28F
0012B8520
000000000
000000000
000000000
000000000
000000000
000000000
7FFD9999A
000228F5C
000000000
7FF1D70A4
00031EB85
7FFBAE148
000000000
7FFF0A3D6
0001EB852
000133333
000000000
7FFCA3D71
000170A3D
000000000
000000000
7FFD1EB86
000000000
000000000
7FFD1EB85
000000000
000000000
000000000
00007AE15
000000000
000000000
000000000
7FFECCCCD
7FFE51EB8
000000000
00151EB84
000000000
000000000
000000000
0000F5C28
7FFECCCCD
7FFD5C28F
000000000
0041851ED
000000000
000000000
002C28F5D
000000000
000000000
000000000
7FFD1EB85
000133333
7FFECCCCD
0008A3D71
7FF3C28F5
000000000
000000000
000000000
000000000
000000000
000000000
000000000
000000000
000000000
000000000
000000000
0001AE148
0001AE148
000000000
000000000
000000000
000000000
000000000
000000000
7FF79999A
000133334
7FFCE147B
000000000
7FE7C28F5
000000000
000828F5C
000000000
000000000
000000000
000000000
7FFD9999A
000000000
7FF851EB8
000DEB852
000000000
7FFD9999A
000000000
000000000
000000000
7FFA00000
000000000
000000000
000000000
7FFCE147B
000000000
000000000
000000000
000000000
000000000
000000000
7FFE51EB8
000000000
000000000
000000000
000000000
000000000
000000000
7FFDD70A4
7FFCA3D71
7FFE147AE
000170A3D
7FFECCCCD
000000000
000000000
000000000
000000000
000000000
000000000
7FF5EB852
7FFE8F5C3
000000000
000000000
000B0A3D7
7FFE51EB8
0002A3D70
0003D70A4
000000000
000000000
000000000
000000000
000000000
000000000
000000000
7FFD1EB85
000000000
000000000
000000000
000000000
000000000
000000000
000000000
000000000
000000000
000000000
000000000
000000000
000000000
7FFA7AE14
000000000
000000000
7FF4B851F
000000000
000000000
000000000
000000000
7FFD9999A
000000000
000000000
000000000
000000000
000000000
7FFFC28F5
000000000
000000000
7FFCA3D70
0006F5C29
7FF8147AE
000000000
000000000
000000000
000000000
000000000
000000000
000000000
7FFE8F5C3
000000000
000000000
7FF947AE1
000000000
000000000
000000000
7FFECCCCD
000000000
000000000
000000000
7FFB33333
7FFE147AE
000000000
000000000
000000000
000000000
000000000
000000000
000000000
0001AE148
7FFA3D70A
000000000
000000000
000000000
000000000
000828F5C
7FFE147AE
000000000
000000000
000000000
7FFF0A3D6
000000000
000000000
000000000
7FFD5C290
000000000
000000000
7FFECCCCD
000000000
000000000
7FFC28F5C
0006F5C28
000000000
000000000
000000000
000000000
000000000
000000000
000000000
000000000
000000000
000000000
0007AE148
000000000
000000000
7FFECCCCD
000000000
000000000
000000000
000000000
7FFB33333
7FFE51EB8
000000000
000000000
7FF666667
000000000
7FFCA3D71
0002E147B
000000000
7FFECCCCD
000000000
000000000
7FFCA3D71
7FFA00000
7FFC28F5C
7FFB70A3D
000000000
7FFAF5C29
7FFCE147B
000000000
000000000
7FFE51EB8
000000000
000451EB8
000000000
7FFD9999A
7FFC66666
0001AE148
000000000
7FFCA3D71
7FFE51EB8
000000000
7FF8CCCCD
000000000
000000000
000000000
7FFE51EB8
000000000
000000000
7FFE8F5C3
7FF4F5C29
0007AE148
000000000
7FED0A3D7
000000000
7FFB33333
7FFAF5C29
7FFB70A3E
0001AE148
7FFCE147B
000000000
000000000
000547AE1
000000000
000000000
000000000
000000000
000000000
7FFECCCCD
000000000
000000000
000000000
000000000
7FF79999A
000000000
000000000
7FF851EB8
000000000
0001EB852
7FF8147AE
000000000
000000000
7FF851EB9
000000000
7FFCE147B
000000000
000000000
7FE651EBA
000000000
000000000
0002E147B
7FFD5C28F
7FFAB851F
7FFAB851F
000000000
7FFE51EB8
000000000
7FFECCCCD
7FFE51EB8
7FFECCCCD
7FFDD70A4
000000000
000000000
000000000
000000000
7FF8CCCCD
7FFE147AE
0005851EC
000000000
000000000
000399999
7FFBEB852
7FFD1EB85
000170A3D
000000000
000DAE148
7FFD5C28F
000000000
7FFE51EB8
000000000
000000000
000000000
000000000
000000000
000000000
7FFA00001
000000000
000000000
7FF90A3D7
000000000
000000000
000000000
000000000
000000000
000000000
7FFECCCCD
000000000
7FFBEB852
7FFA7AE14
000000000
000000000
000000000
000000000
000000000
000170A3D
0004CCCCC
000000000
000000000
000000000
000000000
000000000
000000000
000000000
7FFECCCCD
000000000
000170A3D
000000000
000000000
000000000
000000000
000000000
000000000
000000000
000000000
000000000
006EE147C
0002A3D70
000000000
0008E147B
000000000
7FFECCCCD
7FFD9999A
000000000
000000000
000000000
000170A3D
000000000
000000000
000000000
000000000
7FFA3D70B
7FFECCCCD
000000000
7FFA3D708
7FF15C290
000000000
000000000
7FFC66667
000000000
000000000
000000000
000000000
000000000
000000000
7FF851EB8
000000000
000000000
000000000
001F33332
000000000
000000000
000000000
000000000
000000000
000000000
000133333
000000000
000000000
7FB1C28F5
000000000
000000000
7FED47AE1
000000000
000770A3E
000CF5C29
000000000
000000000
7FF400001
0000B851E
000000000
7FFE8F5C2
000000000
000000000
7FFECCCCD
7FD170A3E
000000000
000000000
7F6666667
00170A3D7
000000000
000000000
000000000
000000000
0005C28F7
000000000
000000000
000000000
000000000
0001EB852
0001AE148
000000000
000000000
000000000
000000000
7FF15C28F
000000000
000000000
000000000
7FFD9999B
7FFC28F5C
000000000
0007AE148
7FFB70A3D
000000000
000000000
007051EB7
000000000
000000000
000000000
000000000
7FFECCCCD
000000000
7FF066666
000000000
000000000
004333332
000000000
000000000
000000000
000000000
000000000
000000000
000228F5C
000000000
000000000
000000000
000000000
7FFE51EB8
0005C28F6
7FF88F5C3
0006B851E
000866667
0014A3D71
000000000
000000000
000266666
7FF88F5C3
000000000
000000000
000000000
000000000
000000000
000000000
000000000
000000000
7FECCCCCD
7FF88F5C3
000000000
00050A3D7
000000000
0065851EA
000000000
000000000
000000000
000000000
000000000
000000000
004A28F5C
00003D70A
000000000
006DEB854
000000000
000000000
000000000
000000000
000000000
000FD70A3
7FFE8F5C3
000000000
000000000
000DAE148
000000000
000000000
0001EB852
000000000
0079EB851
003A147AF
000000000
000000000
000000000
000000000
000000000
000000000
7FFC28F5C
000000000
000000000
000000000
000000000
000000000
000000000
000000000
000000000
000547AE1
000000000
00031EB85
0001EB852
7FF400000
000C7AE15
0001AE148
000000000
0001EB852
000000000
000000000
000000000
000000000
7FFAB851F
7FE333333
000000000
000170A3D
000000000
000000000
000170A3D
000000000
0001AE148
000000000
000000000
000000000
000000000
000000000
7FE2F5C28
000B0A3D6
000000000
000000000
000000000
0002E147B
000000000
7FB83D70A
000000000
000000000
000000000
000000000
000000000
000000000
000000000
0037AE147
7FFE51EB8
000000000
000000000
0005FFFFF
7FF88F5C3
000000000
000000000
000000000
000733333
000000000
0001EB852
0020E147A
000000000
000000000
7FFECCCCD
000000000
7FFECCCCC
000000000
7FFD5C28F
000000000
000000000
000000000
000000000
000000000
000000000
000547AE1
000000000
000000000
7FF851EB9
000000000
000000000
000000000
000000000
000000000
000000000
000547AE2
000000000
000000000
000000000
000133333
000000000
000000000
000000000
0017851EB
7FF47AE15
000000000
000000000
000000000
000000000
7FF251EB9
7FFB70A3E
7FFF851EC
000000000
000000000
000000000
7FFB33334
002E147AF
000600000
000000000
000000000
000000000
000000000
000000000
000000000
000000000
000000000
000000000
000000000
000000000
000000000
0001AE148
000600000
000000000
7FE800000
000000000
000000000
7FE83D70B
0001EB851
0007AE147
000000000
000000000
000000000
7FFB70A3D
7FEDC28F7
7FFCA3D71
000133333
000000000
000000000
7FF6E147B
000000000
000000000
000000000
000000000
000000000
7FEB1EB85
000000000
000000000
000000000
000000000
000000000
0010147AD
000000000
000000000
000133333
000000000
008666667
000000000
7FFECCCCD
000000000
000000000
0002E147B
000000000
7FD547AE0
7FF43D70A
000000000
000000000
000000000
000000000
0001EB852
005533334
000000000
000000000
002E147AE
000000000
000000000
000000000
000000000
000000000
000000000
003399999
7FF9851EB
7FFE147AE
00187AE14
000000000
000000000
000000000
7FEF70A3E
000000000
7FFBEB852
000000000
7FFCA3D71
000000000
000000000
000000000
7FE333334
000000000
7FF8CCCCD
000000000
000000000
00035C28F
000000000
7FFECCCCD
000000000
000000000
0007AE148
000000000
000000000
000000000
0025AE146
000A51EB9
0008E147E
000000000
000000000
0001AE147
001A66667
0006F5C29
000000000
000000000
7FFBAE148
000000000
000000000
002533333
000000000
7FFECCCCD
000000000
000000000
00095C28F
000000000
000000000
000000000
000000000
000000000
000000000
7F94B851F
7FF666666
000000000
000000000
0016CCCCD
000000000
000000000
000000000
000000000
000000000
000000000
0011C28F6
000000000
0004147AE
000000000
7FFD5C28F
000000000
000000000
000000000
000000000
000000000
000000000
000000000
000000000
000000000
000000000
000133333
7FF851EB9
000000000
000000000
000000000
000000000
7FFECCCCD
000000000
000000000
000000000
0001EB852
000000000
000000000
000000000
000000000
7FFD1EB86
00091EB84
7FFB70A3D
000000000
000000000
001599999
000000000
000000000
000000000
000000000
000000000
000000000
000600000
000000000
000000000
000000000
000000000
000000000
7FE27AE15
7FF347AE1
7FE970A3D
00108F5C2
7FFDD70A4
000000000
000000000
00035C28F
000000000
000000000
000000000
00050A3D7
7FFB70A3E
000000000
000000000
000000000
000000000
00091EB84
000000000
000000000
7FF90A3D6
000000000
0001AE148
000000000
000000000
000000000
000000000
000000000
000000000
000228F5C
000000000
7F90A3D70
000000000
000000000
000000000
000D70A3E
000133333
7FFC66667
000000000
0001AE148
000000000
000000000
000BC28F6
7FD451EB8
000000000
000000000
000000000
000000000
000000000
7FFFC28F6
000000000
0001EB852
7FF4F5C29
000000000
000000000
000000000
000000000
000000000
0014A3D70
000000000
000000000
000000000
7FFECCCCD
000000000
000000000
000000000
000000000
000000000
000000000
000000000
000000000
000000000
000000000
7FEB5C290
000000000
7FF570A3E
7FFAF5C29
000000000
000DEB851
000000000
7FE4E147A
000000000
000000000
000000000
000000000
000000000
000000000
7FFECCCCD
000000000
7FFD1EB86
000000000
000000000
00408F5C4
7FF570A3D
000000000
000000000
000000000
000000000
000000000
000000000
000000000
7FF88F5C4
000000000
7FFC66666
000000000
000000000
002AB851D
7FFF47AE1
000BFFFFF
000000000
000000000
000000000
000000000
000000000
000000000
000866665
000000000
000000000
000000000
7FFECCCCD
000000000
000000000
000ACCCCD
000000000
000451EB9
7FEB5C28F
000000000
000000000
00031EB85
000000000
000000000
000000000
7FFE8F5C2
7FD266667
7FFECCCCD
7FF0E147B
7FF28F5C1
001B5C290
000000000
0002E147A
000000000
7FFE8F5C3
000000000
000F1EB86
7FBA28F5D
0014E147B
000000000
000000000
000000000
7FD4CCCCC
000000000
000000000
7FFECCCCD
000000000
000000000
000000000
000000000
000000000
7FFD1EB86
000000000
000000000
000000000
000000000
7FD50A3D7
000000000
000000000
000B47AE1
00187AE15
002851EB9
7FF3851EC
000000000
0001EB852
000000000
000000000
7FFE8F5C3
000170A3D
7FFE8F5C3
000000000
000000000
000000000
000000000
000000000
00007AE15
0018F5C29
7FFDD70A4
000000000
7FEDC28F5
000133333
7FFE8F5C3
7FF666666
0003D70A4
7FC47AE14
0001EB852
7FFE8F5C3
0002A3D6F
0000B851E
000000000
000000000
000000000
7FFE51EB8
7FFE51EB8
000000000
000000000
7FF666666
0004147AE
000000000
000000000
7FFFC28F6
000228F5C
000000000
7FFCA3D71
7FDD33331
002DD70A4
7F9C28F5C
0021D70A4
00003D70A
000000000
000000000
000000000
000000000
000000000
7FFF851EC
000000000
000000000
7FFE8F5C3
000000000
000000000
000000000
000228F5C
00063D70A
7FFECCCCD
000000000
000000000
000000000
001C51EB8
005533332
7FFECCCCD
000000000
000000000
000000000
0005851EB
000000000
000000000
000228F5C
0002A3D71
000000000
000000000
000000000
000000000
000000000
001C147AE
000451EB8
000CB8520
000BC28F6
7FFE147AE
001747AE1
000000000
7FF666666
000000000
000000000
7FFE8F5C2
000000000
000170A3D
000600000
000000000
7FFECCCCD
000000000
0006B851F
00035C28E
7FFD5C290
000000000
000000000
000000000
000000000
000000000
000000000
001B9999A
000000000
000000000
000000000
000000000
000133333
0004CCCCC
000ACCCCC
7FFCE147B
000000000
7FFD1EB85
000000000
000000000
0006B851E
000000000
000000000
00035C28F
000000000
0003D70A4
7FF851EB8
000000000
000000000
7FFDD70A4
7FFB70A3D
000000000
000000000
000547AE1
000000000
000000000
7FED47AE2
000000000
000000000
0016147AD
000000000
000000000
0001EB851
7FFE8F5C3
000000000
7FFB33334
000000000
7FFE147AE
000000000
000000000
000BC28F6
000000000
7FEE3D709
000000000
000000000
000000000
7FEF70A3D
000000000
000000000
000000000
000000000
000000000
000000000
000000000
000000000
0005C28F6
000000000
7FFC66666
000000000
000B47AE0
000000000
000000000
000000000
000000000
000000000
000000000
7FFCA3D70
000228F5C
000000000
000A147AE
00003D70B
0017C28F4
000000000
000000000
000000000
7FFBEB852
000000000
000000000
7FF066664
7FFF851EC
000000000
000000000
000000000
000000000
0002A3D70
7FFFC28F6
000000000
0008E147A
7FFC28F5C
000000000
7FE51EB85
000000000
000000000
000000000
00067AE13
7FEB1EB84
000000000
000000000
7FFECCCCD
000000000
7FE200000
7FFD9999A
000000000
7FF6E147C
000000000
000000000
000000000
000000000
0004147AE
000000000
7FF0E147B
000000000
0002E147B
000000000
000000000
7FFD5C28F
000000000
7FFF47AE2
000000000
000000000
000ACCCCD
0005C28F5
000000000
000000000
7FFE51EB8
0007AE148
000000000
000000000
000000000
000000000
000000000
000000000
000000000
0004147AE
0005851EB
000000000
000000000
000000000
000000000
000000000
000000000
000000000
7FFA00000
000000000
000000000
0001EB852
000000000
000266666
003828F5C
7FFC28F5D
000000000
002028F5A
000828F5C
000133333
7FE1C28F7
000000000
000000000
000000000
000000000
000000000
000000000
7FFD1EB85
000000000
000000000
0004CCCCC
7FFF47AE1
000000000
000000000
000000000
000000000
002028F5C
00243D70A
7FEB9999A
7FF028F5C
000000000
000000000
000000000
7FA63D70C
000000000
000000000
000000000
000133333
000000000
0008E147A
7FFECCCCD
000000000
7FFFC28F6
000000000
000000000
000000000
000000000
000000000
7FF4F5C29
000000000
000000000
000000000
7FF7D70A4
000000000
7FFECCCCD
000547AE1
000000000
000000000
7FFDD70A4
000000000
000000000
000000000
000000000
000000000
000000000
000000000
000000000
7FF947AE1
7FF90A3D7
000000000
000000000
001B5C28F
00247AE15
001CCCCD0
003C7AE13
000000000
7FF400001
000000000
000000000
000000000
000000000
0017851EC
7FFDD70A4
7FF7D70A5
7FFE51EB8
000000000
000000000
000000000
000133333
000000000
000000000
000000000
0004CCCCC
000000000
000266666
000000000
000000000
0005851EC
7FFE51EB8
000000000
000000000
000170A3D
000000000
000133333
7FFECCCCD
000000000
000000000
000000000
000000000
000000000
7FFE8F5C3
7FFE147AE
000000000
000000000
000000000
000000000
000000000
000000000
7FFB70A3D
000000000
7FEEF5C29
7FF9C28F6
000000000
000000000
000000000
000000000
7FFB33333
000000000
004C51EBB
000000000
001051EB8
7FDCB851F
7FFD9999A
000000000
000000000
7FC851EB9
7FFBAE148
000000000
000000000
000000000
000133333
000000000
7FFECCCCD
0019AE147
000D33333
000000000
000000000
7FCD9999A
000000000
7FFCE1479
7FF533333
000000000
000000000
000266666
000000000
000000000
000000000
000000000
0000F5C29
7FFD99999
000000000
0017C28F6
00035C28F
000000000
7FFDD70A4
000000000
000000000
000000000
000000000
0001EB852
7FFE8F5C2
000000000
7FFE147AE
000000000
000000000
7FF9851EC
000000000
000000000
7FFAB851F
000000000
0005FFFFF
7FF9C28F6
7FFF0A3D5
0002A3D71
7FFCE147B
000000000
000000000
000000000
000000000
000000000
7FF90A3D7
000000000
000000000
7FFC28F5C
000000000
7FFE51EB8
000000000
7FFBEB852
000000000
7FFE8F5C3
000000000
7FFF851EB
000000000
000000000
00007AE14
7FFECCCCD
000000000
000000000
000000000
000000000
7FFA7AE14
000000000
7FF8CCCCE
7FEF70A3D
002F0A3D8
000000000
7FFD1EB85
000000000
000000000
000000000
001C8F5C3
000EA3D71
7FF947AE1
001F33333
0005851EC
7FF47AE14
001FAE147
000000000
000000000
000A8F5C3
7FDD70A3D
0009D70A4
000547AE1
000000000
000000000
0005851EB
000133333
7FFE8F5C2
001466666
0008E147A
000733333
001CCCCCD
7FF7D70A4
000451EB9
00003D70A
7FE3AE149
00031EB85
000000000
000733333
000000000
000000000
000266666
0006F5C29
0003D70A3
000266666
00110A3D7
000000000
0018B851F
0002A3D71
000000000
000000000
000A147AE
000000000
00127AE14
00110A3D7
7FF90A3D7
00091EB85
000770A3D
000133333
000000000
000266666
00003D70A
000000000
00039999A
001200000
000000000
0003D70A4
000000000
000000000
000B851EC
000170A3D
0002E147B
000000000
000A147AE
000000000
7FFA7AE14
000000000
000000000
00050A3D7
0010CCCCD
000000000
0047C28F6
000000000
000000000
0001EB852
000EE147B
000000000
0002A3D71
7FFC66667
000000000
000000000
000000000
000000000
000000000
000828F5C
000170A3D
000000000
7FFECCCCD
000170A3D
7FFDD70A4
000000000
000000000
7FFBEB852
000000000
000000000
000000000
000000000
0001AE148
001051EB8
000000000
7FFE147AE
000133333
0005C28F6
000547AE1
000000000
000000000
7FFE8F5C3
000000000
000000000
000000000
000266666
001BD70A4
001D0A3D7
0002E147B
000A51EB8
000000000
000170A3D
000000000
000000000
000000000
000000000
000000000
000000000
000000000
000866666
000000000
7FFE8F5C3
000000000
000133333
0001AE148
000228F5C
000000000
000000000
000000000
7FF251EB9
00483D70A
0007EB852
000000000
7FFD5C28F
0002A3D71
0010147AE
00151EB86
00039999A
000000000
7FFCE147B
000170A3D
000000000
000000000
000770A3D
7FF90A3D7
000000000
000000000
0006B851F
0018F5C29
000133333
7FF666666
0001EB852
000000000
000000000
000000000
000000000
000133333
000000000
000000000
000000000
000000000
0011851EC
00099999A
0001EB852
000000000
7FFB70A3D
7FFDD70A4
000000000
000000000
000000000
000000000
7FFF851EB
000451EB8
7FE747AE1
000000000
000547AE1
7FFE147AE
000000000
000000000
000000000
002028F5C
7FFDD70A4
00035C28F
000000000
000000000
000000000
000399999
000228F5C
000733333
000000000
000000000
000133333
7FE9AE148
000000000
000170A3D
000000000
000170A3D
0001AE148
000CB851E
000000000
000000000
000000000
7FFE8F5C3
000000000
00127AE14
000000000
000170A3D
0006F5C29
000000000
000000000
000000000
000000000
000000000
003547AE2
0008E147B
000000000
000000000
000000000
000000000
000000000
000000000
7FFD1EB85
000000000
7FFD9999A
000000000
000000000
7FFD9999A
001147AE1
000000000
0001AE148
0003D70A4
0001EB852
000000000
000133333
000000000
000000000
0001AE148
7FF71EB85
000000000
000399999
000000000
000000000
0002A3D71
000000000
0012B851F
000000000
000000000
00031EB85
000866667
000000000
00063D70A
000547AE1
000000000
000000000
000000000
000000000
7FFD9999A
000133333
000000000
000547AE1
000000000
0006F5C29
000000000
0002A3D71
7FFE8F5C3
000000000
0003D70A4
00063D70A
0007AE148
000733333
00050A3D7
000000000
000000000
000266666
00048F5C3
000000000
000000000
000F9999A
000000000
7FFD1EB85
000000000
000000000
000000000
000266666
000000000
0001AE148
000DAE148
000600000
000000000
7FFC66667
000D70A3D
000000000
7FFECCCCD
0008E147B
000000000
000000000
00031EB85
000000000
000000000
7FFE147AE
000000000
000133333
0004CCCCD
000000000
000000000
7FFE8F5C3
000000000
000000000
0002A3D71
000000000
000228F5C
000000000
000000000
000000000
000000000
0005851EC
000000000
000000000
0005C28F6
7FFE51EB8
000000000
000000000
000000000
000133333
000000000
000000000
000000000
000000000
000170A3D
000600000
000A147AE
00099999A
00247AE14
00031EB85
000000000
000000000
7FFA00000
000170A3D
0001EB852
00048F5C3
000000000
000133333
000000000
7FFDD70A4
000547AE1
000000000
000000000
000000000
000000000
7FFDD70A4
7FFE8F5C3
000000000
7FFCE147B
000000000
7FFA3D70A
7FFE8F5C3
000000000
000000000
0007EB852
000000000
7FFE8F5C3
00039999A
000000000
000133333
000170A3D
000000000
000000000
7FFDD70A4
000000000
000000000
7FFECCCCD
0001AE148
0018F5C29
0002A3D71
000000000
7FFECCCCD
000228F5C
000000000
000000000
7FFE8F5C3
000000000
000228F5C
0002E147B
000000000
0001EB852
000451EB8
000000000
000000000
000000000
000000000
00035C28F
000170A3D
000000000
000000000
000000000
000000000
000000000
000000000
00031EB85
000000000
000000000
000000000
000000000
000000000
0002A3D71
000000000
0003D70A4
0001AE148
000000000
000000000
000000000
7FFE8F5C3
000000000
0010147AE
000000000
000000000
000000000
000000000
0017851EB
000ACCCCC
000000000
000000000
000000000
0005851EC
00031EB85
000133333
000000000
000000000
000000000
000000000
000000000
000000000
7FFE51EB8
0001EB852
00035C28F
0001AE148
7FFE8F5C3
000000000
000000000
0001AE148
000000000
000000000
7FFECCCCD
000000000
000000000
000170A3D
00007AE15
00050A3D7
000000000
000000000
000000000
000000000
000000000
000000000
000000000
0002A3D70
000000000
000000000
000000000
000000000
000000000
000000000
0002E147B
0002A3D71
000000000
000000000
000170A3D
7FFAF5C29
00091EB85
000000000
000000000
00050A3D7
000866666
0002A3D70
000228F5C
00063D70A
000000000
000000000
000000000
0008A3D70
000000000
0004CCCCD
000000000
7FF347AE1
0010CCCCD
000000000
000000000
000399999
0002A3D70
000000000
000000000
7FD63D70A
000000000
000000000
000733333
000170A3D
000000000
000000000
000000000
000266666
000000000
000000000
000399999
000000000
0001AE148
000000000
000000000
000000000
00050A3D7
000000000
000000000
000600000
000228F5C
000000000
000000000
000000000
000000000
000000000
000000000
000000000
7FFE51EB8
7FFE51EB8
000000000
0003D70A4
000000000
000133333
000600000
000000000
000000000
00039999A
000000000
0001AE148
00035C28F
000000000
000000000
000000000
0001AE148
000000000
00050A3D8
000000000
000000000
000266666
000000000
000000000
000170A3D
000000000
000000000
000000000
000000000
000000000
000000000
000000000
0008E147B
7FFECCCCD
0001AE148
000000000
000000000
000000000
0002A3D71
0002A3D71
000451EB8
000000000
000600000
000133333
0000F5C29
000133333
000170A3D
000170A3D
00048F5C2
00050A3D7
000000000
000000000
000000000
000000000
000133333
000000000
000000000
000828F5C
000000000
000600000
0001AE148
000000000
0001AE148
000000000
000000000
000000000
000000000
000770A3D
000000000
000000000
000000000
000228F5C
000133333
7FF9851EC
000170A3D
000000000
000000000
0001AE148
000133333
000000000
000000000
000000000
000000000
000133333
000000000
00067AE14
000000000
000000000
000000000
000000000
000000000
000000000
000000000
000000000
7FFE8F5C3
00039999A
7FFE51EB8
000000000
000266666
000000000
000000000
000133333
000000000
000000000
000000000
000000000
7FFECCCCD
0001EB852
000000000
000000000
000000000
000000000
000000000
000000000
000000000
0001EB852
0001EB852
000BFFFFF
000000000
000000000
000000000
000000000
000000000
000000000
000E28F5C
000000000
000228F5C
000000000
000000000
00035C28F
000000000
000000000
000000000
0001AE148
000000000
7FFECCCCD
000000000
000B851EC
0001AE148
000000000
000000000
000000000
000000000
000000000
7FFC28F5C
000000000
000000000
000266666
000000000
000000000
7FFECCCCD
0002E147B
0002E147B
000000000
000170A3D
000600000
000000000
0002E147B
000000000
000133333
000000000
000228F5C
000000000
000000000
0002E147B
000228F5C
0003D70A3
000000000
000000000
0002E147B
0004147AE
000000000
000000000
0001AE148
000000000
0004147AE
0004CCCCD
000000000
000133333
000000000
0001EB852
000000000
7FFECCCCD
000170A3D
000000000
000000000
000000000
0001AE148
000133333
0005C28F6
000000000
000228F5C
000000000
7FFF851EB
000000000
000266666
000000000
000770A3D
003547AE3
000000000
000000000
00039999A
0001AE148
000000000
000228F5C
000000000
000000000
000000000
7FFE147AE
000000000
000000000
00035C28F
000228F5C
0002E147B
000000000
000000000
000000000
000000000
000000000
000000000
0001EB852
000000000
0006F5C29
0009D70A4
00063D70A
000266666
001BD70A4
0001EB852
000000000
00067AE14
000000000
7FFCE147B
000733333
000000000
000000000
0014E147B
000E28F5C
000000000
00063D70A
000000000
0001AE148
000000000
000000000
00050A3D7
000D70A3C
001C51EB9
000770A3E
000133334
000000000
000000000
0001EB852
7FF8147AE
000000000
000000000
0001EB852
000000000
000000000
000000000
000000000
7FF570A3D
000FD70A4
000000000
000000000
000600000
000000000
00048F5C3
000000000
000000000
000B0A3D7
0001EB852
000000000
000000000
000000000
000000000
000000000
000000000
000000000
000000000
000000000
000000000
0007AE147
000000000
000000000
7FFD1EB85
000000000
000000000
0002A3D71
000170A3D
000000000
000000000
000000000
000000000
000000000
000000000
000000000
000C00000
000000000
00067AE14
0002A3D71
000000000
000000000
000000000
000133333
000000000
000170A3D
0003D70A4
000000000
000000000
7FD8A3D71
000000000
000133333
000000000
000000000
7FFD9999A
0002E147B
00067AE14
000000000
000000000
000266666
000000000
0001EB852
7FF851EB8
0001EB852
7FFDD70A4
000000000
000000000
000228F5C
000228F5C
000000000
000000000
000000000
000000000
0009D70A4
7FF88F5C2
001F70A3D
000000000
7FF9851EC
000451EB8
7FF9851EB
000000000
000000000
000000000
00271EB85
000000000
0009D70A4
7FF9851EB
000000000
000133333
7FFAB851F
7FFDD70A4
000000000
000000000
000000000
7FFECCCCD
7FF199999
000000000
0004CCCCD
00031EB85
7FFE147AE
7FF7D70A4
000000000
000000000
000000000
000000000
7FFB70A3D
00031EB85
000000000
000000000
000000000
000000000
000133333
0001EB852
000000000
000000000
000000000
7FFDD70A4
7FFECCCCD
000266666
000000000
000000000
000000000
7FFE8F5C3
7FFE51EB8
7FFECCCCD
7FFE147AE
7FFD9999A
000000000
000000000
000000000
0001AE148
000000000
000000000
7FFD9999A
000000000
7FFECCCCD
7FFD5C290
7FFE8F5C3
7FFAF5C29
000000000
000000000
000000000
000000000
7FF28F5C9
7F5147AE3
000000000
7FFB70A3F
001970A3E
7FFE147AE
003770A3F
000733334
00367AE16
000133333
000000000
7ED6A3D71
00215C28F
7F80CCCCD
00063D70A
7EEE66665
7FFF851EB
0001AE148
0018F5C29
000000000
7F6A00001
7FFDD70A3
7FDB851E9
000000000
0037EB851
0005851EB
004651EBA
0014A3D71
00063D70A
00511EB86
7FF90A3D7
7FED851EC
7FF79999A
00E47AE15
000866667
0005C28F6
0056E147A
7FE10A3D6
7FED851EB
00CBC28F4
7FD35C28F
0000F5C29
00007AE15
7F7BFFFFF
000000000
00230A3D6
7FFFC28F5
7FFB33335
0028CCCCB
000E28F5B
000000000
7FFA7AE15
7FC79999B
001EB851D
7F7F9999A
7F0D99999
000000000
000000000
0045D70A4
0044E147B
0007AE147
7FAC3D70C
0006F5C29
0107851ED
7FE970A3D
7FCAB8520
000000000
7FF71EB86
0009D70A4
0001EB852
000000000
000C7AE13
002851EB8
007D0A3D7
000D33333
002B33333
7F27FFFFE
7FFFFFFFE
00151EB85
0010147AE
001A28F5C
7FFD5C28F
000000000
0010147AE
000B851EA
000170A3D
7FFCA3D71
7FDCF5C28
7FFD99998
009600001
00423D70A
7FBC8F5C3
0002E147B
7FEF33333
00667AE15
7F99C28F5
7FBAA3D70
000EA3D71
7F8747AE1
0005851ED
003C3D70B
0067EB84E
0012F5C29
0118147AD
0008E147B
0001AE148
7FFE147AE
005A00000
7FFE147AE
003BFFFFE
000266666
000133333
7F0347AE1
000A51EB9
7F62CCCCD
0038A3D6F
7FFF851EC
7FF47AE15
004D0A3D8
001651EB8
7F6F47ADE
000770A3D
000FD70A4
7FFE147AF
7F6251EB8
7FFF851ED
000228F5C
7FDEA3D72
7FFCA3D71
00048F5C4
7FFECCCCD
002666668
008570A3D
7F92CCCCC
7FED0A3D7
0001AE148
015A51EB9
000E28F5B
0000F5C28
7FFBEB852
001B5C291
000228F5C
7FD5C28F5
0008E147A
000DEB852
7FF066666
00B43D70A
00348F5C5
0029851EA
7FFC28F5C
001A66665
7FE8B851F
001CCCCCD
0016147AE
7FD828F5E
7FFBEB853
004FAE146
7FC6A3D70
0058CCCCC
000000000
000000000
003F5C28E
0001EB853
00003D70A
000228F5C
00050A3D6
0008E147B
008AB851E
000000000
001F70A3B
003170A3D
00039999A
000866666
7FF9FFFFE
7F6F47AE2
001B1EB82
7FF8CCCCE
000000000
00063D70A
000A8F5C2
7FFE51EB8
7F5651EB9
7F868F5C2
7FFA00000
7FDBC28F8
002A00002
004651EB6
004DC28F7
000000000
0002A3D71
000E28F5C
7FED851EB
000000000
000000000
000266666
7FFE8F5C3
000000000
0033D70A4
000733333
000866667
00031EB85
7FFF851EC
7FE68F5C3
00123D70A
7FFAF5C29
005F47AE0
000133333
000000000
006399999
7FFE51EB9
7FF3851EC
7FFD1EB85
7FFE8F5C2
7FF947AE1
000000000
000266667
7FC15C28F
7FFECCCCD
7FDD70A3E
000000000
0004CCCCD
7FFA00000
7FCAF5C2A
000EE147B
7F93851EC
7FFAF5C2A
0005851EC
0008A3D71
7FEA66666
7FFF0A3D7
000000000
00787AE14
7FA7AE147
000451EB8
000000000
0001AE148
002E147AE
7FFECCCCD
002F47AE1
0004147AE
7FF9C28F5
7FF15C290
7FCC28F5C
004147ADD
000B47AE2
0073EB852
000A147AE
0000F5C2A
00168F5C2
0001EB852
7FBC8F5C2
7F65EB853
005AB851E
7FF8CCCCD
000000000
7FEC8F5C2
00288F5C4
000000000
000000000
0006B851F
00095C28F
7FE428F5D
000000000
7FF11EB86
7FEA66666
0004CCCCD
000000000
7F7170A3E
7FFE51EB8
7FFC28F5C
000866667
0088147AF
0001AE148
7FF628F5E
7FC947AE1
00108F5C2
00039999A
000000000
7FFE147AE
0005851EB
000866667
0000F5C28
00031EB85
7FD000000
000000000
000EE147B
000000000
000170A3E
000000000
000133333
7FBE00002
7FF066666
7F93851EB
7FE51EB85
0004CCCCC
000000000
0003D70A4
0000F5C29
000133333
7FEEF5C29
0005C28F6
7F8EB851F
7FE370A3D
000266666
7FFA00000
000000000
7FE800000
7FFAB851E
000828F5C
0011C28F6
0064CCCCE
000000000
7FEE7AE14
000170A3E
7FDD33333
000000000
7FFD5C28F
7FEFAE148
7FFE51EB7
7FF628F5D
7FFD9999A
000000000
000000000
7FFF851EC
000BC28F6
7FF0E147B
002533333
7FE6147AD
7FAA8F5C3
7FF7D70A5
0034CCCCC
000ACCCCC
7FF0E147B
000399999
00048F5C3
0007EB852
7FE147AE1
7FDA8F5C2
7FF11EB86
000000000
000170A3D
7FE200002
7FF75C290
0005FFFFF
000000000
001AA3D71
7FEC147AF
0020E147C
00003D70B
000866667
000000000
0060F5C2A
7FFF0A3D6
000733334
7FFAB851F
000A51EB9
7FFE8F5C3
001428F5B
000EE1479
000000000
00170A3D6
7FFD1EB85
0069D70A4
00007AE15
7FFECCCCD
7FFD5C290
0065851EC
7FEA28F5C
000C00000
7FF9C28F6
000133333
7FE2F5C29
7FFD5C290
0009D70A3
000266667
7FFF47AE1
0086E147A
001E3D709
7FB83D70B
0000B851F
001E3D70B
7FCBAE148
7F9B70A41
7FEB99999
7FFC66667
00183D709
000A51EB9
0000B851F
00095C290
000000000
0004CCCCD
000266666
002B70A3C
000999999
00063D707
000E28F5C
7FF570A3E
7FE7C28F7
7FF3C28F6
7FDA147AE
0003D70A4
0006B851F
0024F5C28
7FB23D709
000000000
7FFB33333
000EA3D70
7FDF5C28F
7FFE51EB8
000228F5D
00170A3D6
000866664
000E66666
000BC28F6
7FF8147AE
7FE08F5C2
00035C28F
7FE08F5C2
7FEFEB852
002F851EB
7FFE147AE
7FFAB8520
001B1EB86
0058147AC
0054B851F
7FEF33333
000133333
7FE8B851E
001A28F5B
7FEAA3D71
000000000
7FED0A3D8
7FB7C28F6
002A00000
00410A3D5
004428F5C
7FE651EB8
7FF47AE15
000000000
000133333
000000000
7FDB851EA
7FF066668
000266665
00151EB85
000000000
7FED851EB
0006F5C29
001333334
000000000
00003D709
7FF533333
7FD91EB87
000A147AE
7FB0CCCCE
00099999B
001C147AF
0017C28F5
7FD03D70A
0070147AD
000B47AE0
7FE8B851D
002E8F5C2
7FCCE147B
00050A3D7
7FFB70A3E
7FD228F5D
000000000
7FFC28F5B
7FD547AE2
00151EB87
000C00000
000733333
7FE5D70A4
7FFDD70A4
7FF947AE1
000000000
7FAD3332E
0013EB852
00307AE16
0001EB852
7FE428F5D
0016147AE
7FF028F5C
0002E147A
00219999A
7FF19999A
0001EB852
00903D70C
7FE933333
002C28F5C
001CCCCCA
00003D70A
000770A3E
7FF75C290
000000000
000B0A3D6
000266666
00031EB85
7FFBEB851
000000000
000CF5C29
0006F5C29
7FFE51EB8
7FF666667
7FF4F5C2A
7F887AE14
0015D70A5
000000000
0041FFFFF
000DAE148
000DAE148
000A147AE
0005851EC
7FE200001
0016CCCCC
7FF6A3D70
0015D70A5
7FF8CCCCD
00031EB86
0004CCCCD
00279999A
7FF0E147B
7FEEF5C2A
0001EB852
7FFAB851F
7FEFAE148
7FF400000
0016CCCCD
001B1EB86
7FFE147AE
7FDB851EB
7FEEF5C29
000828F5C
7FF8147AE
000133333
002947AE1
0005851EB
00039999A
003451EBA
0003D70A3
7FED0A3D8
7FEFEB851
000000000
000000000
001051EBA
000733333
006F1EB86
0005C28F6
00215C290
001051EB9
0006B851E
000133333
000000000
000000000
7FE7C28F6
00183D70B
7FEE7AE15
7FA733333
000000000
7FEC147B1
7FF2CCCCE
000170A3D
7F8D0A3D7
7FFA7AE14
000A147AE
7FFBAE148
000000000
7FFECCCCD
00039999A
7FD9D70A4
7FFF0A3D7
000B47AE1
7FE970A3E
7FD07AE15
0001EB852
000000000
000B0A3D7
001FAE148
7FFA00000
000451EB8
000000000
0028CCCCC
7FDA8F5C2
7FD67AE14
006451EB8
0046CCCCD
00039999A
000C3D708
7FEFAE148
000000000
001147AE1
00A370A3D
000266666
7FC79999B
7FF30A3D7
7FF6E147B
0002A3D71
0005C28F6
0012F5C29
001333333
000000000
000828F5C
7FC8147AE
0007EB852
7FF9851EC
001651EB8
7FE08F5C2
004933332
00003D70A
003B47AE2
000133333
7FF947AE2
7FF8147AD
7FF90A3D8
000000000
00095C290
000BC28F5
7FFBEB852
000000000
000B0A3D7
0004147AD
7FE428F5C
7FFECCCCD
0004CCCCC
000C00000
000170A3D
000000000
00039999A
7FB333335
7FD07AE14
000000000
000547AE3
000A147AD
000000000
7FF47AE16
7FD170A3E
001C8F5C3
000547AE1
0001EB852
7FFFC28F6
000000000
000828F5C
0002E147A
0013EB853
7FD5851EB
7FF71EB86
000000000
000000000
7FFF47AE1
0004147AD
00050A3D7
000000000
000000000
00170A3D8
7FEB9999B
002533332
000D70A3D
7FE651EB8
0008E147A
7FF6A3D71
0003D70A3
0001EB852
000C7AE15
7FA828F5E
0026A3D70
001A28F5C
000E66666
7FD48F5C3
000133333
7FD7EB852
000000000
00048F5C3
0012B851E
7FFECCCCD
00031EB85
000733333
000000000
000000000
0014E147B
7FEC51EB8
7FEFAE148
7FF4F5C29
001370A3E
0000B851F
000000000
7FFE147AE
0021D70A3
000000000
7FD600001
7FF251EB8
7FFBAE147
7FC570A3E
000000000
7FC8CCCCD
0005851EB
7FFD1EB85
7FFE51EB8
7FF3851EC
003EA3D71
000547AE2
0012F5C29
000000000
0007AE146
7FB68F5C6
000000000
00211EB85
7FFC28F5D
000BC28F6
7FF5AE147
7FE6147AF
000451EB8
000000000
000000000
001AE147B
7FE1851EC
000000000
7FFD5C28F
000000000
7FEE7AE14
7FE333333
7FC8CCCCF
0029851EC
7FF066667
00050A3D8
7FC3851EE
0000B851F
000A51EB8
7FFD1EB85
000000000
7FFFC28F6
000000000
00039999A
000000000
7F971EB85
7FF666666
7FFE8F5C3
000000000
001147AE1
7FF88F5C2
7FCB70A3F
7FFCE147B
7FFD1EB85
000133334
000000000
000000000
7FFE147AE
000000000
000DEB852
0003D70A4
000B0A3D5
002400001
000547AE1
0005851EC
000999999
000A8F5C2
0003D70A4
7FA8E147C
7FF5AE147
001FAE148
7FF9851EB
000000000
7F9B70A3E
00048F5C3
0013EB851
001B9999A
7FF2147AF
00039999A
00035C290
000DAE147
001200001
001EF5C29
000000000
0004CCCCD
7FFD5C28F
7FF570A3D
001D0A3D8
7FEC147AE
7FFA3D70A
7FFE8F5C3
00048F5C3
7FE4E147C
7FFB70A3D
000228F5B
7FF066666
0001AE148
7FFD9999A
7FD8E147B
7FEC147AC
000000000
7FF851EB9
7FF0A3D70
0008A3D72
003170A3D
7FFBAE148
7FFDD70A3
7FD1AE148
000000000
7FFFC28F7
001D0A3D7
0012F5C29
000000000
004370A3C
7FEEF5C29
000C7AE14
7FF9FFFFF
0001EB852
0008A3D71
00031EB85
002D1EB85
000C7AE14
00127AE14
7FB68F5C3
7FFE51EB8
7FEA66666
000000000
000000000
7FE370A3F
000866667
7FD2A3D71
001EB851F
7FFA7AE14
7FF75C28F
7FFCA3D6F
0016147AE
7FFFC28F6
000CF5C29
003EA3D72
003133333
000828F5C
000133333
000EA3D70
000A8F5C3
000133334
7FF947AE2
001466665
7FC5EB851
7FD5C28F6
7FEA66667
7FD6B851F
7FFE147AE
000000000
7FCCA3D73
0026A3D72
00110A3D7
7FFE51EB8
0007AE147
7FEA28F5D
7FAA147AE
7FF75C28F
00035C28F
7FB27AE16
7FED47AE1
7FFECCCCD
7FE68F5C3
7FD91EB86
0011851EB
7FFCE147A
7FDD33333
7FDA147B0
000000000
7FE59999A
7FFD9999A
000EA3D70
00039999A
000000000
0008E147A
7FFE8F5C3
000D33332
7FFA7AE15
000E66666
000133333
0002A3D71
0001AE148
000000000
7FF570A3E
7FFA7AE13
0022147AF
7FFC66666
000000000
000000000
000C00001
0001AE148
7FF5AE147
7FF947AE1
7FE51EB85
0004CCCCD
7FE651EB8
7FFDD70A4
00003D70B
7FE6CCCCD
7FA733333
000170A3D
7FFD9999A
001147AE1
0011851EB
00127AE15
000C00001
0014E147B
000228F5C
000E66666
000133333
7FD2E147B
0001EB852
7FED0A3D8
7FFB33333
001DC28F6
7F9BAE148
00035C28F
000399999
000547AE1
7FFF47AE1
7FFECCCCD
00003D70B
7FFF851EB
000133332
0001AE148
7FEB5C28B
0005851EB
000266666
7FEDC28F5
7FD63D70B
000000000
0020E147B
000133333
000451EB9
7FDA51EB8
00519999A
7FD547AE1
000000000
7FFF851EB
7FE599999
00350A3D7
7FFECCCCD
7FEC51EB8
7FF199999
7FF8147AE
0002A3D70
7FFE147AE
0002E147C
0028147AE
7FF251EB8
7FBF33334
000000000
7FFECCCCD
0001AE148
001DC28F6
0007EB852
000266667
0003D70A4
000451EB8
7FFF0A3D7
000000000
000170A3D
7FFF851EB
7FF75C28F
002066666
7FB4A3D6F
7FFD1EB85
001E00001
00007AE14
7FFC28F5C
7FFD1EB85
7FFC28F5D
7FEAA3D72
000000000
002400001
7FE9EB853
7FDF9999A
7FF199999
7FFA00000
7FDC3D70A
7FCE8F5C2
00031EB85
7FF4B851E
7FFB33333
000B0A3D7
0012F5C29
7FD9D70A4
004599999
000000000
7FF90A3D7
7FD2E147B
7FF88F5C3
000B851EB
000266666
7FCA3D70B
00050A3D7
7FF251EB8
001466667
000C00000
000000000
000A147AE
000000000
000CB851E
0007EB851
7FFC28F5D
00050A3D7
7FE68F5C2
7FFCA3D70
00031EB85
00050A3D7
7FFECCCCD
00031EB85
7FA547AE4
00063D70B
002B33334
7FFE51EB8
7FFC28F5C
7FFDD70A4
7FFB33333
000133333
001147AE1
7FFE8F5C3
00243D70C
7FD170A3F
0014A3D71
000000000
0004CCCCD
7FFE147AE
000000000
7FDDAE148
000000000
003A147AF
7FE08F5C4
0013EB852
7FD35C28F
003547AE2
7FFECCCCD
0002A3D70
0001EB852
0004CCCCB
0007EB851
00219999A
7FFAF5C29
7FF2CCCCD
7FC8CCCCE
000000000
0006F5C29
0004147AE
000133333
7FF75C28F
000000000
7FFA7AE15
7FD95C28F
000266666
000000000
000000000
7FFC66667
000170A3D
001B9999A
7FFE8F5C3
7FF9851EB
0025AE149
7FF570A3E
0000F5C29
000D70A3D
000000000
004B5C28E
7FD2A3D70
000266666
000000000
000000000
7FD91EB85
0002A3D71
7FE0147AE
000547AE1
000E28F5D
7FFECCCCD
7FFC66666
000547AE2
000266666
000FD70A5
7FF88F5C3
00035C28F
000547AE1
001E3D70A
7FF1D70A4
000D70A3E
7FFC28F5D
000000000
7FCE147AF
7FF666666
001800000
7FFC66667
7FFE51EB8
7FFF851EC
7FF88F5C2
00063D70A
7FDA8F5C3
004800000
7FFA00000
000000000
7FF90A3D7
7FFB70A3E
7FFF851EB
7FEC147AF
7FF251EB9
7FFBAE148
000000000
7FFBAE147
7FEA66667
000000000
7FF0E147C
7FFCE147B
001C147AE
7FFFC28F6
00067AE13
001747AE2
7FFC66666
000000000
00288F5C3
0008E147B
7FD2E147B
7FF9C28F5
7FBF33335
7FFE51EB8
7FFE147AE
000F9999A
7FD8A3D72
0005C28F6
7FEDC28F5
000000000
00275C290
000733334
002C66667
001FEB852
002A3D709
7FF533333
000000000
7FF628F5D
0012B8520
007370A3D
0005C28F6
7FFB70A3D
7FC43D709
7FFCE147B
7FF5AE148
7FEC8F5C3
000000000
000547AE1
00031EB85
004C51EB9
000000000
00035C28F
7FFA00000
7FFB70A3D
000000000
000000000
00091EB85
0002E147B
00031EB85
000A51EB8
000000001
7FFF0A3D7
000547AE1
00067AE15
7FD1EB852
7FFE8F5C3
7FED0A3D7
002851EB8
7FFDD70A4
7FF5EB852
7FFCE147C
000266665
7FE147AE1
7FF47AE15
000000000
000170A3D
7FF9C28F5
000228F5C
7FE2B851E
000000000
0018F5C29
000000000
004051EB8
000000000
007D47AE2
0001EB852
000000000
00031EB85
7FF9C28F6
7FDA8F5C2
7FF71EB85
7FDB47AE2
000CF5C2A
000228F5C
000000000
7FFECCCCD
0010CCCCC
000133333
0003D70A4
7FFF851EC
0003D70A4
000000000
7FF88F5C3
001651EB7
7FF347AE1
7FF3FFFFF
000000000
7FE55C290
7FD7AE149
0010147AE
000170A3D
000000000
7F5BD70A4
000000000
002E8F5C2
000451EB9
000547AE1
000B47AE1
000000000
7FFC28F5C
7FDE66668
7FFC28F5C
000A8F5C3
7FF533333
7FF7D70A3
7FC71EB85
0016CCCCC
000000000
000170A3D
000B851EB
0000F5C2B
7FE8B851F
000000000
7FF947AE0
7FFDD70A5
000266667
7FFC66666
7FFD5C290
000170A3D
00048F5C3
7FFE8F5C3
00031EB85
7FF3851EC
000000000
000A147AE
7FF88F5C3
7FF666666
7FD3D70A3
000000000
000000000
00091EB85
002AB851D
000399998
7FFE8F5C3
00408F5C1
000133333
0002E147B
000770A3D
0007EB852
7FFE147AE
7FFFC28F6
000000000
7FFE51EB8
7FFD9999A
7FFE51EB8
7FFC66666
000133333
7FFE51EB9
7FFE147AE
000000000
000000000
000000000
7FFB33333
00127AE15
000399999
0000B851F
000C00000
00007AE13
7FEFAE148
00035C28F
000547AE1
001970A3D
0002A3D71
0003D70A4
001BD70A5
000133333
7FE10A3D7
000000000
001C51EB9
0011C28F5
000ACCCCC
7FA48F5C3
000000000
7FF75C28F
0006F5C29
001051EB8
7FEFAE148
0004CCCCC
0017C28F6
7FF79999A
7FFCA3D71
7FFA3D70A
7FE4E147B
7FF947AE1
7FFB33334
0004CCCCD
00063D709
0009D70A4
000866666
000600000
001AA3D70
000000000
000000000
7FF6E147B
7FE200000
7FFCE147B
00095C290
00099999A
7FEFAE149
7FFA00001
000170A3D
000133333
7FFBAE148
00050A3D6
000228F5C
000170A3C
000000000
0004147AE
0020A3D71
001E3D70C
002B33332
000170A3D
000F99999
000000000
00127AE15
7FFAB851F
7FFA00000
000D33333
7FFBEB852
7FF2147AE
000000000
0002A3D70
7FE370A3E
7FFD99999
7FE27AE15
7FDB0A3D7
7FFC28F5C
7FF11EB85
001C51EB9
7FF0A3D71
7FFD5C28F
0007AE148
000000000
7FFBAE148
7FEC51EB8
7FE9EB852
000000000
7FFD1EB86
7FF2CCCCD
0001AE148
7FF9C28F6
00483D70A
7FC947AE3
000733333
7FC5EB853
000E28F5C
7FFC66666
7FED0A3D8
7FEDC28F6
7FF8CCCCC
7FFF0A3D7
000000000
7FFF47AE1
7FC570A3E
000000000
0017851EC
001B1EB85
000000000
7FE747AE0
7FF28F5C3
7FF8CCCC9
7FFCA3D72
7FFDD70A4
7FFC28F5C
000000000
7FFBEB852
7FFD1EB85
000000000
7FD91EB85
0010147AE
000000000
000DEB851
7FFE8F5C3
7FF88F5C3
7FFBEB852
7FEFAE149
0006F5C29
000170A3D
0003D70A4
7FF4B851F
000B47AE2
000228F5C
001EF5C29
000000000
000ACCCCC
7FFF851EB
000000000
7FFF0A3D7
000266666
7FEAE147B
7FEB1EB85
7FFE147AE
7F9B33333
000733334
7FFB70A3D
000000000
7FF3C28F5
000228F5C
000000000
000CB851F
0006F5C29
000F5C28F
000170A3D
0003D70A4
000000000
7FF7D70A4
00091EB85
0013EB852
000000000
000000000
000B851EC
00031EB85
000399999
7FD8A3D71
7FC88F5C2
000399999
000451EB8
00155C28F
000000000
000000000
0001AE148
7FFE147AE
0007AE148
7FE9AE148
000547AE1
7FFCE147B
7FF628F5C
000E28F5D
0002A3D71
000170A3D
000000000
002347AE0
000228F5D
7FFFC28F5
7FF28F5C2
7FE651EB8
7FFC66667
0002E147B
000000000
00035C290
000266667
7FF028F5C
000000000
7FF90A3D7
7FFECCCCD
000866667
7FF3851EC
000733332
7FFBAE148
7FF947AE2
000000000
7FFC66666
7FF2CCCCD
000B0A3D7
000000000
7FFA00000
000000000
001333332
7FEEF5C29
00288F5C3
000E28F5C
000ACCCCC
7FF79999A
00035C290
7FFE147AE
001BD70A4
7FFC66667
7FE83D70A
000000000
000266666
0008A3D70
7FFA3D70B
0009D70A4
7FFECCCCD
7FFDD70A4
000000000
7FFE8F5C3
7FE8B851F
000133333
7FF5EB852
7FF347AE0
00003D70A
000000000
7FF066668
7FDCF5C28
001F70A3D
7FFD5C28F
7FFAB851F
7FE2F5C29
7FF90A3D7
7FFDD70A4
0004CCCCD
7FFCA3D71
0012F5C29
00168F5C2
7FDC7AE15
7FF6E147A
7FE051EBA
0004147AE
7FDC00000
7FF8147AD
000000000
7FE5D70A5
000600000
000C7AE15
7FE6147AF
000000000
000399999
0000B851E
7FDC00001
7FFBAE148
7FFECCCCC
7FFECCCCD
000D70A3C
00151EB86
7FFCA3D71
000770A3D
7FD67AE14
7FFB70A3D
7FDFD70A3
7FF19999A
7FF88F5C3
000000000
000000000
0007AE148
7FFDD70A4
004970A3E
00151EB86
003A51EB8
000000000
000BFFFFF
7FFBEB852
7FFC28F5C
7FFDD70A4
00007AE15
000133333
7FFECCCCD
000000000
002F0A3D9
000600000
00007AE15
7FFDD70A4
0061EB852
7FFE147AE
7FDBC28F6
7FDA51EB8
7FF90A3D7
000000000
00050A3D7
7FFD5C28F
000170A3D
7FDFD70A5
000547AE1
7FEC147AE
7FE0147B0
7FFD1EB86
7FFC28F5C
000A147AE
0007EB852
000000000
00155C290
000266666
7FF8147AE
0001EB852
000133333
0009D70A4
001051EB9
7FFFC28F6
7FF570A3D
0001AE148
0004147AE
000000000
001D0A3D6
00031EB85
7FD828F5D
000133333
7FF4F5C29
7FD770A3D
000000000
000000000
0019EB850
0000F5C29
000000000
7FFE51EBA
003228F5D
7FE8B851F
7FD7AE148
7FE466668
000999999
7FF75C28F
7FE9AE149
000828F5C
000000000
002570A3E
000000000
7FFD1EB84
00050A3D7
00127AE14
7FF6A3D71
000000000
7FFDD70A4
0005C28F6
000000000
002851EB8
7FF0E147C
0027D70A4
000733333
000F9999B
7FED0A3D6
7FB333334
000000000
7FE1C28F5
000CF5C29
7FF570A3E
000451EB9
7FF8147AF
000266666
0001AE147
000000000
7FF71EB85
7FF8CCCCC
000133333
0001AE148
000133333
7FDEA3D71
0001EB852
00215C28E
000000000
7FC19999A
000000000
7FFD9999A
7FFE51EB9
000000000
7FEE3D70B
000CF5C28
000866667
7FF79999A
000000000
7FFC66666
0005851ED
000451EB8
7FE051EB8
7FBDFFFFF
00067AE15
0014E147A
000000000
7FF11EB87
7FFA7AE14
7FE1851EB
000000000
0002A3D70
7FE0147AF
7FFE8F5C3
000000000
0001AE148
0001AE148
000000000
7FECCCCCE
7FEEF5C29
7FEB99999
000133333
000A8F5C3
7FEFAE148
7FFECCCCD
7FD228F5A
000CF5C29
000F1EB85
0005C28F6
7FF799999
001B5C290
7FE27AE14
7FFF47AE2
0026E147B
000E66666
000A51EBA
7FDBC28F6
000170A3D
7FC533334
7FFA3D70A
00247AE15
001970A3E
7FE08F5C2
000000000
000F1EB85
000133333
002DD70A4
002199999
0007EB852
7FFC28F5C
00035C28F
000D33333
0000B851D
000000000
7FF6E147B
000EE147B
000133333
7FFE51EB8
000733334
7FEE00000
7FD770A3D
7FEE00001
001147AE2
0011C28F4
000E66667
7FEE00000
000ACCCCD
7FFA7AE14
0050E147A
7FD6F5C2B
000C3D709
7FFF851EB
000E28F5C
7FF4F5C2C
7FFAB851E
00031EB85
7FFE8F5C3
000CF5C29
000000000
0011851EC
000000000
0007EB851
7FCCE147B
000000000
7FFECCCCD
0005851EB
000000000
000000000
7FFFC28F6
7FFE51EB8
000BC28F7
000000000
7FC6A3D72
000000000
000000000
000170A3D
000000000
000000000
00039999A
00031EB85
7FFA7AE15
0004147AE
7FEFAE147
7FF7D70A5
7FFE8F5C3
0032E147C
7FFCE147B
000B47AE0
001D0A3D7
0008E147B
0001EB852
000133333
000000000
000000000
000547AE2
7FFE8F5C3
7FF666666
000E28F5D
0001AE148
001147AE0
0006F5C29
000266666
0005851EB
7FFAB851F
000000000
000000000
0001AE148
7FFE51EB9
000000000
001BD70A2
000133334
002066666
0001EB852
001F33333
000866666
00091EB85
0020A3D70
001200000
7FFCA3D71
001BD70A2
000133333
7FF851EB9
00095C28F
0007EB852
7FFB70A3D
7FFBEB853
7FEB1EB86
000451EB8
000266667
7FE428F5C
001051EB8
001051EB9
7FFB70A3D
000000000
000000000
7FEEF5C29
0005C28F6
000547AE1
7FBB5C290
7FFFC28F5
7FF9C28F6
000C7AE14
0007EB851
000DEB852
7FC0A3D70
000000000
7FFE51EB9
7FFBEB851
000170A3E
7FFECCCCD
7FDA147AF
000A147AD
7FF43D70B
000000000
000FD70A4
7FFAF5C29
0005C28F6
7FFC28F5C
0011FFFFE
0010147AD
000000000
7FF8147AE
7FFE8F5C3
000000000
001A66665
000EA3D71
7FFE51EB8
000828F5C
000C7AE15
000170A3D
000CB851E
000228F5C
7FEF70A3D
7FF5AE148
7FFF851EB
0007AE148
00183D70A
000000000
000000000
000CF5C29
00063D70B
000000000
000170A3D
7FFF47AE1
7FFD9999A
000ACCCCC
7FDB47AE2
00007AE14
000000000
0031AE14A
7FF3851EB
7FFE8F5C3
000000000
7FFA7AE15
0042B851F
001DC28F6
000170A3D
004466666
7FFF47AE1
000000000
7FFCA3D71
000000000
7FF251EB9
7FF666667
7FFECCCCD
000000000
000547AE1
7FF11EB86
000F1EB84
000000000
00003D70A
7FFECCCCD
7FFE51EB8
0011C28F4
7FE7851EB
0045D70A6
000000000
000000000
000000000
00410A3D7
000000000
00168F5C1
7FAF1EB87
004BD70A3
7FF2147AF
000600000
000000000
0004CCCCD
002947AE0
00003D70B
7FF028F5C
7FFE8F5C4
000000000
000000000
000C3D70A
000451EB8
7FF2147AE
000000000
00091EB86
7FFDD70A4
7F7D33334
7FFF47AE0
000000000
7FFC28F5D
00050A3D7
00007AE15
001333333
7FD4CCCCE
7FF570A3D
002C28F5C
001147AE0
000000000
000000000
7FF2CCCCC
7FB933334
001E7AE14
000D70A3E
7FEEF5C29
00035C28F
000000000
000600000
7FFA3D70A
000000000
000000000
7FFB70A3E
000EA3D72
0009D70A4
0012B851E
7FD8A3D70
7FD2A3D6E
7FFDD70A4
000000000
7FF666667
000399999
7FF6E147B
000000000
7FF066666
7FF4B851F
000000000
0000B851F
000999999
7FEBD70A4
7FFA7AE15
0012F5C29
0002E147B
7FFB70A3D
000000000
7FFCE147B
7FFE8F5C3
7FFCA3D71
7FFE147AE
7FFD1EB85
00031EB85
7FF75C28E
7FFC28F5D
7FFD5C28F
7FFCA3D71
003BC28F4
0004147AF
7FF851EB9
000000000
7FEF70A3D
7FED0A3D7
00391EB86
7FF066665
7FDACCCCB
7FFF0A3D7
7FD133335
7FD0F5C27
7FFECCCCD
7FFCE147B
000000000
7FFCE147B
00183D709
7FD5C28F4
000F99999
000399999
0005C28F6
0001EB852
000000000
000000000
0028147AF
001D0A3DA
7FE6147AE
00091EB85
000A147AE
7FEC147AF
00095C28F
7FFECCCCD
7FF666666
000733334
0004147AE
000000000
7FFF0A3D8
7FFF851EB
000C7AE14
0008E147B
00063D70A
7FFF47AE1
7FE8B8520
00127AE13
00035C290
7FFE51EB8
7FFE147AE
001B5C290
7FFA7AE15
7FFC28F5C
7FFB70A3E
7FFCA3D6F
00003D70A
7FED47AE1
001EF5C28
7FBE00000
7FC6E147B
7FFFC28F6
0011C28F5
000000000
00228F5C2
000000000
000000000
7FFAF5C29
000ACCCCE
000547AE1
000000000
003B47AE1
7FFDD70A4
7F8651EB8
00048F5C2
7FB428F5F
00275C28F
0004CCCCD
0008E147A
000000000
0001AE148
000000000
000000000
000000000
7FDA51EB9
7FEEB851D
000B0A3D8
000F1EB85
000228F5D
001B5C28E
000000000
7FA228F5E
7FFA7AE14
7FFD9999A
00099999A
000000000
7FF2CCCCD
000000000
000000000
001051EB7
7FD0F5C29
000C00000
7FF9851EC
7FE466667
000133333
7FDA51EBA
7FFAF5C29
7FAF5C291
7FFD5C28F
00007AE15
000000000
7FFE8F5C3
7FFDD70A4
00067AE15
00035C28F
7FFECCCCD
000000000
7FFE51EB8
7FFE147AE
7FC5EB853
000133333
7FFD5C28F
7FFCA3D71
0002A3D70
000866665
0008A3D70
7FE428F5D
000000000
000770A3D
7FEC51EB7
000000000
0011851EC
0038A3D71
7FE9EB852
7FFDD70A4
000ACCCCD
000000000
0002A3D71
00035C290
000000000
001A28F5C
7FF9FFFFF
7FFDD70A4
00007AE14
0001EB851
000170A3D
000000000
0000F5C29
7FE1C28F6
0002E147B
00099999A
7FE428F5C
7FE0CCCCD
7FFCE147B
0018B851E
000133333
7FFE51EB8
7FFD1EB85
00067AE13
000CF5C2A
001F70A3E
000000000
0001EB852
000000000
000000000
000000000
00127AE14
7FE333332
000133334
00035C28F
7FE2F5C28
002570A3D
00151EB85
7FC8CCCCE
7FFE51EB8
000000000
000B0A3D7
000000000
000000000
000000000
000000000
0018B851E
000228F5C
00155C28F
7FFD1EB87
000000000
000BC28F6
000000000
001933333
0005851EB
000C00000
000000000
00155C28F
0005851EB
7FFC28F5C
000000000
000266666
7FFD9999A
00091EB85
000000000
7FF666667
000000000
7FD266667
0004CCCCD
0002E147A
002A3D70A
000600000
7FFD5C28F
00247AE12
000770A3D
00095C290
000000000
000000000
7FFDD70A4
002AB851D
7FFAB851F
000000000
0008A3D70
000000000
7FFDD70A4
0001AE148
003770A40
002628F5B
000A147AC
0009D70A4
7FFCA3D71
0014E147B
7FFC66667
0015D70A2
7FF947AE1
7FDF5C28F
000E28F5D
7FB1851EB
7FFE147AF
0002A3D71
7FF5EB853
002028F5C
7FF666665
00271EB85
0007AE148
000A8F5C2
000A51EB8
000133333
00048F5C3
000266666
00048F5C2
000133333
7FFE8F5C3
001E3D709
000000000
000000000
0002E147B
000000000
000828F5C
7FFBEB851
000F1EB85
0001EB850
7FF947AE2
000000000
000000000
7FFE8F5C3
000399999
000133333
000133333
7FFE8F5C3
000A8F5C3
0000F5C29
7FFDD70A4
7FF8CCCCD
0006F5C29
7FE59999A
000B47AE1
000B851EC
7FD6B851F
000000000
000B851EC
7FFAF5C29
000000000
00110A3D7
000133333
7FFE8F5C3
0006F5C28
000000000
000C3D70A
7FF251EB8
000000000
7FF5AE148
0000F5C29
7FF11EB85
7FFDD70A4
000451EB8
0004147AE
7FE970A3E
0017FFFFF
000733332
7FFA7AE14
00110A3D5
7FEE3D70B
000000000
7FFD9999A
000DAE147
000133333
000266666
7FFE8F5C3
00155C290
000CB851F
000C7AE13
0016CCCCE
000170A3D
000600000
000000000
7FF251EB9
000000000
001651EB7
000DAE147
00035C28F
7FD2E1479
000828F5C
0037AE149
7FFAF5C2A
00095C28F
7F928F5C2
000451EB8
000E28F5C
0006F5C29
0012F5C29
000000000
000D33332
0017C28F5
7FDB0A3D6
00067AE14
00031EB85
00159999A
001C147AE
7FFE8F5C3
000000000
000000000
00003D70A
000000000
7FFD1EB85
7FF199999
000228F5C
7FD2E147B
001370A3E
7FFE51EB8
000000000
7FF28F5C3
000A8F5C3
7FFAF5C29
000000000
7FE70A3D7
7FFAF5C29
000133333
000451EB8
000000000
000228F5C
00050A3D7
000000000
000000000
00303D709
000C7AE14
000600000
000133333
000000000
7FFECCCCD
7FFC28F5C
0019EB852
7FF400001
7FFCA3D70
7FFECCCCD
7FE3EB852
0021D70A3
000733333
0014E147B
0002E147C
7FFECCCCD
000F1EB85
00050A3D6
000600000
7FEFAE149
0003D70A4
000E28F5C
7FF066667
0007AE148
000000000
7FF7D70A3
7FF628F5D
0002E147B
7FC75C28E
7FEA66667
0003D70A3
000000000
000866667
000000000
000000000
000133333
0002E147B
000000000
7FFECCCCD
7FFC66667
7FF75C28F
000000000
0000F5C28
000ACCCCC
0005C28F5
000000000
7FF4F5C29
7FFE8F5C3
000266666
7FC79999A
000000000
000000000
00003D70A
000EE147B
7FD6B8520
000600000
000000000
000CB851F
00050A3D7
0001AE148
000000000
7FED47AE0
7FF2147AE
000000000
7FFD1EB85
001A66666
7FF6E147B
001DC28F6
00095C28F
000B0A3D7
000000000
000000000
000170A3D
000D70A3F
7FFE51EB8
000000000
0004147AE
7FFECCCCC
7FE370A3D
0012B851F
001C8F5C3
7FFAF5C28
7FFBEB852
004B1EB86
000000000
7FFECCCCD
000000000
000000000
0001EB852
000866666
00228F5C3
000000000
000000000
000170A3D
000000000
000000000
7FEF70A3E
000000000
0001EB852
7FE70A3D8
000000000
000000000
001333333
000000000
000451EB9
7FF0E147A
000000000
7FFCA3D71
7FD1EB852
000000000
001BD70A4
0007AE148
7FFECCCCD
7FFD9999A
7FFC28F5C
00108F5C2
0015D70A3
7FFD5C290
7FFBEB852
7FFF851EB
000000000
00031EB85
7FFDD70A4
7FEE3D70A
000000000
000000000
0016147AD
7FEE7AE15
000000000
00099999A
7FA733332
000000000
7FEF70A40
00067AE14
0018B851F
00271EB84
7FFE51EB8
7FFFC28F6
000000000
000000000
000000000
7FE08F5C4
00123D70B
7FFE51EB8
7FE9AE149
7FFE51EB8
7FFE8F5C3
000000000
7FFE8F5C3
000000000
000828F5C
7F9FC28F9
000000000
7FFF851EA
0008A3D70
000266666
000000000
0003D70A4
7FFD9999A
000A8F5C3
000266666
000000000
000170A3D
001D0A3D9
0007EB852
7FFB70A3D
7FF251EB9
000228F5C
00048F5C3
001370A3D
000DEB852
0002A3D71
000133333
7FCE51EB9
000399999
7FF47AE15
7FF6A3D71
7F6066665
0016147AE
000FD70A4
7FFC28F5C
7FCCE147A
0008E147B
7FFC66667
000000000
00348F5C5
7FF11EB85
000B851EB
000ACCCCD
7FF2CCCCE
7FE747AE1
000000000
7FFECCCCC
000D33334
0001AE148
0001EB852
002CA3D71
7FFE147AE
000733333
7FFF851EB
7FFAF5C29
0013EB852
7FFE8F5C3
000000000
000133333
7FFD9999A
7FF1D70A3
000000000
00095C290
000133333
000600000
0021D70A4
001FAE148
7FFAB851F
0001AE147
000000000
000000000
00031EB85
0004CCCCD
7FFE51EB9
0005851EB
7FF400000
7FFC66667
000000000
0001AE148
000000000
7FF4F5C29
002066669
000733333
000451EB8
000000000
7FFAB851F
7FF9C28F5
00067AE15
000228F5C
000547AE1
7FE8F5C28
00007AE14
0000B851F
7FE466665
7FFB70A3E
00048F5C3
0006B851F
000000000
7FDACCCCE
7FDB0A3D8
7FFECCCCD
0008E147B
000999999
000D70A3E
0007AE148
000133333
000451EB8
7FEF70A3E
7FF7D70A4
000266666
000000000
0045D70A5
000000000
7FFB70A3E
000000000
00039999A
00307AE15
000000000
000000000
7FF4B851F
000DAE148
7FFCA3D71
0001EB852
7FFA7AE14
000733333
000170A3D
7FEF33334
000133333
0013AE148
7FF5AE148
7FFB70A3E
000000000
00247AE15
7FE2F5C28
000000000
7FFECCCCD
000D70A3C
00271EB85
7FFC66666
000B851EB
7FFAF5C29
000B0A3D7
000000000
7FF199999
7FF2CCCCD
000170A3D
0004147AD
7FFAF5C29
002066666
00048F5C2
000451EB8
0013AE147
000547AE1
0000B851F
7FDD70A3E
000000000
7FF199999
0003D70A3
0004CCCCD
000170A3D
000170A3D
000000000
000000000
000000000
000000000
000000000
7FDEE147B
000133333
7FFDD70A4
7FFECCCCD
000000000
000F5C28F
7FFBAE148
0002A3D70
7FFDD70A4
000170A3D
000000000
7FFCE147B
7FEB9999A
0008E147B
000000000
00031EB85
000547AE1
0007EB852
000000000
7FF2147AE
000000000
7FF6A3D71
0001AE148
001200000
000000000
000133333
0001EB852
7FFD1EB85
7F9AB8521
000000000
000000000
000000000
7FF5EB852
000000000
00350A3D7
00039999A
000000000
00035C28F
000000000
000000000
0004CCCCD
000000000
000000000
7FB6147AD
7FFBAE147
000EA3D71
000170A3D
7FF88F5C3
7FFECCCCD
000000000
7FEF70A3E
7FF947AE2
000770A3D
000000000
7FFF47AE2
000170A3D
7FD451EBA
00048F5C2
000000000
0000B851F
7FF28F5C3
00039999A
0031EB852
000B0A3D6
000000000
000000000
000451EB9
7FFA7AE16
0001AE148
001EB851F
000B47AE2
00048F5C3
000F1EB85
7FFB33333
7FFD9999C
000000000
000133333
0006B851E
001051EB9
7FFE8F5C3
000000000
7FFB33333
00091EB85
000170A3D
7FFCA3D71
000000000
7FF8147AE
000170A3D
0001EB852
7FFE8F5C3
000A147AE
002D5C290
0007AE148
000547AE1
7FFFFFFFF
000170A3D
000DEB851
7FFFC28F6
000000000
000E66666
000000000
00095C290
0014A3D70
000000000
7FD2A3D6F
000000000
7FEFEB852
7FF90A3D7
7FF400000
0014E147B
7FF9851EC
7FF9851EC
7FFECCCCD
0015D70A4
0002E147B
000000000
002A00001
000000000
00007AE14
0004147AF
7FFECCCCD
000000000
000000000
000000000
000D33333
7FE3AE149
000000000
0011C28F7
00168F5C3
000399999
000000000
7FFE8F5C2
00035C290
7FFF851EB
0002A3D70
7FF9C28F6
00127AE15
000000000
7FFECCCCD
000C7AE15
7FF88F5C3
001147AE1
00039999A
7FFB70A3E
7FDC3D70B
00039999A
7FEFEB851
000EA3D73
000000000
000000000
000170A3D
000F5C28F
7FA6F5C2A
000133333
00035C28F
7FF28F5C3
0002E147B
000451EB8
000000000
000000000
000000000
00110A3D6
7FF851EB7
000000000
000600000
0002A3D70
00048F5C2
7FFE8F5C3
7FFCA3D70
000133333
7FFDD70A3
7FE10A3D7
7FF3851EB
000000000
7FFF851EB
7FC8CCCCC
7FF71EB86
7FF251EB8
7FF5EB853
0006B851E
7FF5EB851
000133333
7FFE51EB8
7FFD1EB85
7FFFC28F5
000F1EB84
001D0A3D7
000DEB850
0002A3D70
00427AE14
7FF6E147B
7FE5D70A5
000C00000
7FF71EB85
7FFD5C28F
7FFE51EB8
7FF8CCCCD
000000000
7FFDD70A4
0000F5C28
0026E147B
7FEE00000
7FDCB8520
7FFECCCCD
000C7AE14
0002E147B
000170A3E
000770A3D
000170A3F
7FF75C28F
7FF628F5C
7FED0A3D7
0005C28F5
00091EB85
000000000
001EB851F
000F9999A
000170A3D
0004CCCCC
7FFD9999A
000000000
000000000
7FEF70A3D
7FED0A3D7
7FD866666
0005C28F6
000170A3D
7FFAF5C28
000828F5C
7FF7D70A4
7FFE8F5C3
7FFE147AE
7FFCA3D71
7FFECCCCD
00050A3D7
000170A3E
7FF628F5D
00050A3D7
000000000
000000000
7FED0A3D6
0004147AE
000F1EB86
000170A3D
7FFF851EC
7FFA7AE15
7FFE147AE
003451EB7
000000000
00067AE15
7FFE147AE
0005C28F5
00039999A
0001EB852
7FFDD70A4
000000000
7FF6E147C
000000000
7FFD9999A
000600000
0000F5C2A
0001AE147
7FFE8F5C2
00063D70A
7FFD9999A
7FEC51EB8
7FE7C28F5
0004147AD
7FFF0A3D6
000EE147B
000E66666
7FFE147AD
000000000
7FE59999A
000E66668
7FFE8F5C3
000000000
00048F5C2
7FE8B851F
000000000
7FF90A3D7
0001AE147
0023851EA
00091EB84
7FFD9999A
7FFE8F5C3
7FA50A3D7
000000000
7FF533333
7FDB851EB
7FF28F5C3
000000000
0015D70A4
7FFF851EB
7FEC8F5C3
7FFA00000
0008E147A
0004CCCCD
7FFBAE148
0014E147C
00035C28F
7FFECCCCD
000000000
000000000
7FFD1EB85
000000000
0001AE148
7FFCA3D70
000000000
000000000
7FFD1EB85
0003D70A4
000228F5C
7FF3C28F6
7FFF851EB
7FFE147AE
7FFC66667
7FFE147AE
7FF5EB851
7FFCE147B
000000000
000733333
000266666
000770A3D
7FFD1EB85
0001AE148
0024F5C2A
7FD228F5D
000A8F5C2
7FF8CCCCD
7FF628F5D
000000000
000000000
7FFDD70A4
0009D70A4
000000000
7FFF47AE1
0001EB852
0007AE148
000BC28F7
00048F5C3
000170A3D
7FFB70A3E
000547AE1
000170A3D
003451EB9
000000000
000228F5C
000170A3D
7FFE147AE
7FF30A3D8
000E66666
000000000
7FFE51EB8
001C51EB9
7FF6E147A
7FFDD70A4
00099999A
7FFECCCCD
7FFAB851F
000000000
000170A3E
006B0A3D6
000133333
7FFF0A3D7
00048F5C2
001333332
000000000
00063D70A
7FFCA3D71
0002A3D71
7FFECCCCD
000000000
7FDE28F5C
7FFF851EB
000BC28F6
000600000
00035C28F
0000F5C28
000000000
7FF9851EB
7FFD5C290
7FFECCCCD
7FCD1EB84
7FDB851EE
7FFCE147B
0004CCCCD
000000000
7FFCA3D71
000000000
000133333
7FF0E147B
7FFE147AE
7FFE147AE
003BC28F4
000B0A3D7
000000000
000000000
7FFBEB852
7FE5D70A3
7FF47AE14
000000000
7FF30A3D8
0001EB853
7FD8E147B
000000000
000133333
000000000
0005C28F6
0002E147B
001EF5C29
7FF0A3D6E
000000000
000000000
000770A3E
00127AE14
000000000
000000000
000000000
000000000
7FEAA3D71
000000000
7FFC66666
0005851EB
7FFECCCCC
000A51EB8
7FF7D70A4
7FFD1EB85
001933333
7FFECCCCD
7FFA3D70B
0002E147B
000000000
7FF7D70A4
7FFE8F5C2
000000000
7FFAF5C2A
000133333
7FFF851EA
7FEAA3D71
000000000
000133333
000000000
7FFDD70A4
0007AE148
000000000
000000000
000133333
000000000
7FF851EB8
000000000
7FFD1EB85
000000000
7FFF851EB
000EA3D71
7FFD5C28F
000770A3D
003A8F5C2
0002E147A
000266666
000000000
7FFD1EB86
000DEB851
000133333
7FFBEB852
7FFE8F5C3
000E66666
0001EB852
000000000
0004147AE
000000000
0001AE148
000000000
000000000
000000000
7FF9851EC
7FF28F5C2
0006F5C29
7FFE51EB8
000000000
7FFE51EB8
000733333
7FFC66667
7FFE147AF
7FF88F5C4
7FEB5C28E
000000000
000000000
000000000
7FFBEB852
000000000
7FFFC28F5
000000000
7FFDD70A3
000133333
000000000
00039999A
000EE147A
000000000
7FFC66666
7FC9C28F5
7FFF47AE2
7FFAB851F
002E147AD
7FFDD70A4
000000000
7FFA00000
7FFAF5C29
7FF6E147A
7FFB33333
000000000
7FFECCCCD
000000000
00035C290
000133333
7FACF5C28
000000000
7FF88F5C3
7FF3C28F8
000B0A3D7
000000000
000000000
000000000
7FF9C28F6
000000000
7FFC28F5C
7FFB70A3D
000170A3E
7FF79999A
7FFECCCCD
000000000
7FFE51EB9
7FF75C28E
000000000
000170A3D
0006F5C28
000000000
0008A3D70
000DEB852
7FE8B851F
7FBDC28F6
7FFAB851F
000000000
000000000
000770A3D
7FF0E147B
00063D70A
7FF947AE2
000170A3D
000451EB9
004C8F5C4
00007AE15
000000000
7FFDD70A4
7FF666666
000000000
7FEF70A3D
7FF851EB8
7FF90A3D7
000266666
000000000
7FBB1EB85
7FF947AE2
7FECCCCCD
0005851EB
7FFE8F5C3
7FFC66666
000000000
000133333
000A8F5C3
7FFE51EB8
7FFE8F5C3
000000000
000600000
000266666
000170A3D
000133333
0008A3D70
00031EB85
000000000
000451EB8
7FFF0A3D7
0005FFFFF
7FD1EB852
003E28F5D
7FF9C28F6
000000000
0001AE148
001E3D70C
7FEEB851F
001428F5B
00007AE14
0004147AE
001747AE1
0002E147B
7FED47AE2
7FEE3D70A
7FF570A3D
000B47AE1
000000000
000000000
000000000
000000000
001333333
000000000
001D851EC
000000000
000000000
000000000
000170A3D
000000000
000000000
001B99997
00067AE14
00123D70A
0038E147A
00063D70A
000266667
7FFFC28F6
7FFFC28F5
7FF666667
000CB851E
00230A3D6
7FEB99999
0001AE148
7FFE8F5C3
0001AE148
7FFECCCCD
7FFD1EB85
0002A3D71
000E28F5C
7FFC66667
000170A3D
0005851EB
7FF8CCCCD
001EF5C2A
0056A3D6F
001DFFFFF
000000000
7FC666665
7FFCE147B
0008A3D71
0001AE148
7FF5EB852
000733333
0002E147B
7FFECCCCD
7FFECCCCD
000000000
000000000
0002E147B
001F33333
00050A3D6
00035C28F
001B5C28F
000B851EB
0011C28F5
000A147AD
00031EB85
000000000
00003D70A
000000000
000000000
000000000
000000000
7FE200000
0006F5C29
000000000
7FFE51EB8
00091EB85
000B47AE2
7FEBD70A4
0006B851F
7FFE51EB8
7FF066666
000000000
00048F5C3
000000000
7FFE8F5C3
7FFCA3D71
003133333
000000000
000828F5D
000000000
7FFB70A3D
000000000
7FE200001
000133333
000133333
000000000
0008E147B
7FFBAE148
7FFE147AE
00170A3D7
7FFAB851F
000133333
000000000
00050A3D6
000133333
00031EB85
000000000
000000000
7FFC28F5C
7FFD1EB85
00039999A
0010147AE
7FED0A3D6
0001EB852
7FF066667
00063D70A
000000000
000B0A3D8
7FFDD70A4
0042F5C29
0000F5C28
000866666
000000000
7FB051EBB
0008E147A
7FE1851EB
000866666
7FFB70A3D
000000000
0001EB852
7FFB33333
000000000
00095C28F
000000000
000000000
00183D70A
000000000
7FFE8F5C3
000000000
000F1EB85
7FF8CCCCE
000CF5C29
000000000
000000000
000000000
000000000
7FF28F5C3
7FF2147AE
000170A3D
7FFC66667
000000000
7FF4F5C29
7FF0E147B
7FFE8F5C3
7FFECCCCD
000DEB852
7FEBD70A4
001AA3D6F
000B0A3D7
000000000
0002A3D70
7FFDD70A4
000000000
000170A3D
00050A3D7
7FFBEB853
0008A3D70
0007AE148
0007EB852
00063D70A
000DAE148
000266666
7FFECCCCD
7FFD1EB85
7FF1D70A4
00067AE14
00095C28F
7FFE147AE
7FF30A3D7
0002A3D70
0005C28F6
000170A3D
7FFE8F5C3
0014A3D70
000170A3D
7FF90A3D7
0005851EC
000000000
000BFFFFF
00247AE15
000133334
001D47AE1
7FFECCCCD
7FF6A3D71
7FFBAE148
7FFE8F5C5
000000000
7FFE8F5C3
000000000
000000000
000000000
000000000
7FFDD70A3
7FE1851EC
7FE747AE2
000000000
000000000
000000000
000228F5C
000266666
7FFE147AE
7FE3AE148
000000000
000133333
000000000
7FF6E147B
000000000
7FFBAE148
000000000
7FFBAE148
000000000
7FFA00000
0001AE148
000000000
000000000
000000000
000000000
0006B851E
000000000
000000000
7FF8CCCCD
0007AE148
7FE7851EC
000000000
7FF5EB852
7FEEB851F
000000000
000000000
7FFD1EB85
0005851EB
7FFFC28F6
0025AE148
7FF71EB85
0004CCCCC
7FFD9999A
000000000
0001AE148
000000000
7FBC8F5C2
000000000
000000000
7FFB33333
7FFA3D70A
7FE1FFFFF
0002E147B
000733334
00155C290
0002E147B
7FFB33333
7FFB33334
7FF947AE1
7FFB70A3D
000000000
000000000
000000000
000000000
0003D70A4
000ACCCCD
00050A3D7
00095C28F
002570A3D
7FFF0A3D7
7FFE51EB8
000170A3D
000133333
000133333
7FFCE147B
7FFDD70A3
0003D70A4
7FFE8F5C2
000000000
000000000
7FFECCCCD
000000000
000547AE1
7FF8CCCCC
00050A3D7
000000001
000000000
000000000
7FFA3D70A
000000000
7FFB33333
7FF47AE15
0009D70A4
7FF71EB85
000170A3D
7FF3C28F6
000000000
7FFCE147B
0004147AE
000000000
000000000
000000000
000000000
0001AE148
7FF851EB8
000170A3D
0004147AE
000000000
000000000
0003D70A3
000000000
001933334
000133333
000000000
000000000
7FFCE147B
7FFE51EB8
000000000
7FFECCCCD
7FF43D70C
7FF90A3D7
7FFCE147B
000C3D70B
7FFA7AE14
000000000
000828F5C
000451EB8
7FCA3D70A
002066667
0018F5C28
000133333
7FFCA3D70
000BC28F5
001051EB9
0002E147B
7FFFFFFFF
000000000
000000000
000170A3D
00095C28F
7FFD5C28F
00039999B
00095C290
7FE200001
7FE933334
000000000
000000000
0002A3D70
00007AE15
7FFC66666
000000000
7FEAE147B
0001AE148
000D33333
000000000
0005851EC
000000000
0002E147B
7FF75C28F
000000000
7FF4F5C29
000000000
00031EB85
0000F5C29
000000000
7FE87AE15
00035C28F
000A8F5C2
7FFB33333
000000000
0003D70A4
7FFD5C290
000133333
000000000
0001AE148
000000000
00063D70A
001BD70A3
00031EB85
7FFBAE148
000000000
000000000
000170A3D
7FFD9999A
000266666
7FF15C290
7FFECCCCD
7FFE8F5C3
000170A3D
000B0A3D8
7FBDC28F6
7FFB70A3D
000A51EB8
0002E147B
0018B851E
0003D70A4
000170A3D
0005FFFFF
0005851EB
00031EB85
000000000
000A51EB9
000000000
0019EB852
000000000
000000000
7FF251EB9
000000000
7FFE147AE
000CF5C29
000733333
0005C28F6
7FF71EB85
000733333
7FFD9999A
0005851EC
000B851EC
0001EB852
000170A3D
7FDB851EC
7FF3C28F6
0005C28F5
7FED851EC
000DAE148
000000000
0014E147C
7FBF70A3E
7FF8CCCCD
7FFE8F5C3
000000000
000000000
0002E147B
000000000
7FFE147AE
000000000
7FFBAE147
000000000
7FFE51EB8
0000B851E
7FFC66666
000000000
7FFE8F5C3
000000000
000170A3D
001C147AE
000C3D70A
7FFF851EC
000228F5C
000000000
7FFC28F5C
00067AE15
7FFE8F5C3
7FFECCCCD
000000000
000000000
7FF533334
7FFE51EB8
000000000
000828F5C
000000000
7FFD5C28F
000000000
0002E147B
00035C28F
7FE051EB8
000000000
00063D70B
7FFDD70A4
000000000
002947AE1
000000000
000000000
000000000
000B851EC
000000000
000000000
7FFD9999A
000000000
0004147AE
7FE9AE147
00091EB84
000000000
000000000
000000000
000000000
7FFC66667
000600000
000000000
000170A3D
000000000
000000000
0001AE148
000A51EB8
000000000
0004147AD
000CB851F
7FF3851EC
000CB851E
000C00000
000000000
000000000
7FFFC28F6
000000000
000000000
000000000
00031EB85
000451EB8
000000000
0031EB853
7FFE8F5C3
000A8F5C4
7FF8CCCCD
7FF851EB8
0002E147B
000000000
7FFA00000
000000000
7FFA00000
000133333
7FFD5C290
000133333
000000000
0001AE148
000000000
000000000
7FF8147AE
00067AE15
0025EB852
7FFF47AE1
000000000
0002E147B
000ACCCCB
000000000
00095C28F
000B0A3D8
7FEF33333
00035C290
000000000
00050A3D7
7FFB33333
0001AE148
000000000
0001AE148
000000000
000000000
7FFECCCCD
7FE333334
7FFAF5C29
00031EB85
000000000
000000000
7FFE8F5C3
000000000
000000000
001051EB8
000B47AE1
00110A3D6
7FF3C28F6
00050A3D7
00091EB84
000000000
000000000
000000000
000133333
000000000
0054F5C29
000133333
7FF947AE2
7FFCA3D70
000B0A3D6
7FF628F5D
00031EB85
000133333
00050A3D7
000170A3D
000000000
7FFA7AE15
7FFD1EB87
000000000
001147AE1
7FDD33334
0025AE147
7FF666666
000228F5D
000B851EA
00110A3D8
000000000
7FF6E147A
7F930A3D8
7FEDC28F5
000000000
000000000
00050A3D7
00168F5C2
0005C28F6
000000000
7FD7AE14A
0001EB852
7FFAB851F
7FEEF5C2A
7FE1851EE
000000000
7FED851ED
000000000
00031EB84
7FFE147AE
7FFD5C290
7FFA3D70B
000000000
000000000
000547AE1
7FFFC28F7
000000000
0002E147B
00095C28F
000000000
7FD000000
7FFD9999A
7FF47AE14
000000000
7FFE51EB8
7FF90A3D7
000000000
7FFE8F5C3
00031EB85
7FEA28F5C
0004147AE
000000000
7FF6A3D72
00048F5C2
7FFBAE148
7FFD9999A
7FF7D70A4
7FFD1EB86
7FFB33333
7FEF70A3E
7FFECCCCD
7FF066666
0005FFFFF
7FFE51EB8
7FFBEB852
000000000
000C7AE15
000000000
000000000
000000000
7FF947AE1
000A147AF
000170A3D
000000000
7FEEB851F
000000000
7FFE51EB8
000000000
7FF4B851F
7FFE8F5C3
7FF9851EC
000733333
7FFE147AE
0001EB851
00050A3D8
000000000
7FF71EB86
000733333
00095C290
7FEE00000
7FF9C28F6
000000000
7FF947AE1
7FF30A3D7
001FEB852
000000000
000451EB8
000B47AE2
0002A3D71
000133333
000000000
000000000
000A8F5C3
000000000
000000000
000451EB8
7FFA00000
000266666
000000000
000ACCCCC
000000000
7FF947AE1
7FF90A3D7
0002A3D71
0004147AE
000000000
00050A3D7
002ECCCCC
7FF75C290
7FFD5C290
7FFECCCCD
7FF3C28F6
000000000
0000F5C29
000266666
000451EB8
7FFBAE148
000000000
7FDEA3D70
7FFE51EB8
7FFE51EB8
001051EB8
000000000
000000000
7FFC28F5C
7FF4B851E
000000000
7FE55C28F
000000000
0003D70A3
7FFECCCCD
7FFD9999A
0003D70A4
000000000
000000000
000000000
000000000
000000000
000547AE1
00007AE14
7FF47AE14
0001AE148
000000000
7FFCE147B
00039999A
7FF7D70A4
7FF5EB852
00091EB87
0004147AE
7FF2147AF
7FF8CCCCC
000000000
000000000
000000000
000000000
7FF851EB9
7FFE51EB8
000000000
000000000
7FFE8F5C2
0001AE147
7FEB5C291
000133333
0039D70A4
7FFA3D70B
000000000
7FF9851EB
0006B851F
000000000
0002E147B
000000000
0004147AE
000000000
000000000
000451EB8
000600000
7FFECCCCD
7FFB33334
000000000
000000000
000000000
000000000
000228F5C
000547AE1
000000000
7FEFAE148
000266666
000C00000
7FFC28F5D
7FFD5C290
0007AE148
7FFE8F5C3
000000000
7FFB70A3E
000000000
000000000
7FF947AE1
000000000
000000000
7FE466668
000000000
7FFE8F5C3
7FF9C28F6
7FFA7AE15
7FF4F5C29
000133333
000000000
000000000
7FFC28F5D
000000000
000133333
000866667
7FFCA3D71
7FF6A3D71
7FEE3D70A
7FFE8F5C3
0000B851F
000000000
000170A3D
7FFC66666
7FFE8F5C3
000170A3D
0001EB852
7FF4B851F
000000000
0005851EC
000000000
7FFF47AE1
0002A3D70
000000000
7FF28F5C2
000866666
000000000
7FED47AE2
7FF2CCCCD
000000000
000000000
000B47AE1
001C8F5C3
7FF7D70A4
000000000
000547AE1
000000000
7FF30A3D6
000000000
7FF7D70A3
000000000
7FFF47AE1
0001EB852
000000000
000000000
0001AE148
000FD70A4
000000000
0003D70A3
000000000
000228F5C
7FFD1EB85
7FFC66667
000000000
000000000
000228F5C
000000000
000000000
00048F5C2
7FFE51EB8
0003D70A4
000000000
7FFCA3D70
000000000
0001AE148
000000000
00031EB85
7FFE8F5C3
7FFE147AE
7FFC28F5C
000000000
7FFE8F5C3
000000000
7FFA00000
000C00000
000000000
7FFD9999A
000000000
7FFE8F5C3
7FFDD70A4
7FF347AE1
000000000
7FFE147AE
7FFE51EB8
7FFECCCCD
7FF2147B0
000000000
000000000
000000000
7FFCE147B
0005851EC
00039999A
7FFE51EB8
7FF028F5D
7FF251EB8
000170A3D
000000000
00067AE14
000000000
7FF90A3D7
7FFE147AE
000266666
000000000
000000000
7FFCE147B
000170A3D
7FFAB8520
7FF11EB86
000547AE2
7FFE8F5C3
000000000
000000000
7FFB33333
7FFDD70A4
7FFE8F5C3
000000000
7FFE147AE
000000000
7FF88F5C2
001D0A3D8
0002A3D71
000000000
001A66666
7FFD5C28F
000000000
00215C28F
000000000
000133333
7FFE8F5C3
000000000
7FFB33333
7FEB99999
7FFCE147B
7FF7D70A5
7FEA66667
000000000
7FEB1EB85
000000000
7FFD5C290
000000000
7FFA7AE15
7FF947AE1
000000000
000000000
7FEE7AE15
0007AE148
000000000
000000000
0001AE148
7FFC66667
7FF9851EB
000133333
000000000
000000000
7FFE8F5C3
7FFE8F5C3
7FF9C28F6
7FF4B851F
7FFE51EB8
000000000
7FFDD70A4
000000000
7FF47AE14
7FFA00000
000000000
0009D70A4
000000000
7FF947AE1
7FFDD70A4
7FF9C28F6
7FF8CCCCE
000000000
7F65EB852
7FFECCCCD
7FFC66666
7FFECCCCD
7FF28F5C3
0001EB852
7FFECCCCD
000000000
7FFE8F5C3
00035C28F
7FF066667
000000000
000000000
7FF47AE15
7FBA66665
000000000
000000000
7FFF0A3D7
000000000
00095C290
000000000
7FFECCCCD
7FF79999A
000000000
7FFC66666
000828F5C
000133333
000000000
0002E147B
0007AE147
7FFFC28F6
0014E147A
000000000
0005FFFFF
000000000
0001EB852
000000000
000000000
000000000
7FFECCCCD
7FF8147AE
000000000
000000000
000000000
7FFFFFFFF
7FFE51EB8
7FFC28F5C
7FFAB851F
000000000
0002E147C
000D70A3F
7FFE8F5C2
0006B851F
00127AE15
7FFECCCCD
000000000
7FF066667
7FEB5C28F
000266666
000133333
000770A3D
7FFB33333
7FFE147AE
7FFECCCCD
0013AE148
7FF30A3D7
7FFC66667
000000000
7FA770A3D
00151EB85
001147AE2
7FEF33334
7FD07AE15
000B0A3D7
7FEFAE148
0001AE148
7FFE51EB8
000000000
7FFB70A3D
7FEEB8520
00035C28F
000E28F5C
000000000
7FEE7AE14
000000000
00035C28F
000000000
000000000
7FF3C28F6
001051EB9
7FF5AE148
000000000
000000000
7FD133334
0003D70A4
000000000
7FF6A3D71
000133333
000770A3E
7FF30A3D6
0001AE148
000000000
7FE651EB8
7FF9851EB
000DEB852
000DAE148
7FF6E147B
000000000
7FFE51EB8
7FFAB851F
000000000
7FF5EB852
7FB87AE14
001970A3E
000000000
000000000
000000000
7FFF47AE2
000000000
000000000
000770A3E
000000000
7FFDD70A4
7FFB33333
0001EB852
0003D70A4
0016CCCCD
000000000
0006B851F
7FFE147AE
000DEB852
0003D70A4
00095C290
7FCAB851F
7FFE51EB9
7FFECCCCE
001BD70A4
001200000
000000000
000228F5C
7FE6147B1
000547AE1
00228F5C2
000000000
00031EB85
7FFFC28F6
000770A3D
002851EB8
0000B851F
0000F5C29
000E28F5C
7FCC28F5D
7FF15C290
7FF5EB852
7FF666666
0002A3D70
0005851EC
000451EB8
7FE800000
000733333
7FFCA3D71
000000000
7FF400000
7FFD5C290
7FF8CCCCD
000000000
000000000
0002E147B
000A147AE
000170A3D
7FF347AE1
7FEF70A3E
0006B851F
000600000
7FF666667
00035C28F
000170A3D
000A51EB9
7FFD9999A
7FFD1EB85
000000000
7FF7D70A3
7FE7851EC
7FF628F5B
001147AE1
7FD0B851E
00031EB85
000133333
7FFF47AE2
7FFC66666
0001AE148
000A51EB8
7FF8CCCCF
7FFCA3D71
000000000
7FBFAE149
000000000
000000000
00003D70A
7FEC147AF
0001AE148
7FE933333
000000000
7FF4F5C29
000170A3D
0005C28F6
000000000
7FFDD70A4
7FF5AE148
003A147AE
7FD547AE0
7FF0A3D71
002D99999
00039999A
7FFBAE147
7FFDD70A4
7FF5AE148
0000B8520
0000F5C28
000000000
002C66666
000733333
000000000
000000000
000000000
7FFD5C28F
000266666
00035C28F
000000000
000000000
00003D70A
000133333
002066664
00228F5C4
00123D70A
000000000
00031EB85
00050A3D7
000170A3D
000000000
000399999
7FB970A3D
0006B851F
0002E147B
000000000
7FFECCCCD
004C8F5C3
7FFB33333
000DAE147
7FFE51EB8
7FF533333
0009D70A4
7FFA3D70A
7FFBAE148
7FFF851EA
0001EB852
000133333
0041C28F5
00067AE14
7FF8CCCCD
000000000
7FD91EB85
000000000
7FEF70A3E
0005FFFFF
7FDA51EBA
000000000
000000000
7FF3C28F6
7FE051EB9
0018B851E
7FF066666
0001AE147
7FF88F5C3
7F7451EB9
000133333
00048F5C3
0001EB852
7FFC28F5B
7FF30A3D7
0005C28F6
7FC90A3D8
0004147AE
000000000
000000001
0004147AE
7FE7C28F7
000CB851F
001428F5C
0000F5C28
000828F5C
7FFE147AE
7FFE147AE
000770A3D
0026A3D71
000000000
000170A3D
00007AE14
7FF43D70A
000000000
7FFC28F5C
7FFE8F5C3
000000000
000000000
000000000
000000000
00091EB85
000000000
00095C28F
00067AE14
7FFE51EB9
7FFA3D70A
000D70A3E
000170A3E
7FFA3D70B
00067AE14
00168F5C3
7FF347AE1
00050A3D7
7FFDD70A4
002251EB7
000266666
00063D70B
7FF47AE14
000EE147A
7FFECCCCD
7FF028F5C
000000000
000000000
7FFE147AE
000000000
000000000
000000000
000000000
000000000
7FFA3D70A
000266666
000000000
000828F5D
0000F5C29
000547AE1
001466667
7FFECCCCD
7FFECCCCD
7FFC28F5C
000000000
7FF5AE148
7FD866666
7FFA3D70A
7FF4F5C29
0008A3D70
000B47AE2
0007AE148
000000000
000000000
7FF5AE148
000000000
7FFAB851F
7FE4E147C
000000000
000000000
000266666
001AE1479
7FFE8F5C3
7FB68F5C1
00031EB85
000000000
00247AE10
000F5C290
0010147AE
7FFC28F5C
7FFD1EB85
001370A3E
7FFC66667
000000000
7FD547AE2
000000000
000733334
7FFECCCCD
001C8F5C3
7FFECCCCD
7FFFC28F5
7FED0A3D8
7FFB33333
7FFD9999A
7FFE51EB8
0004147AE
000451EB8
000000000
7FF8CCCCD
7FFCE147B
000170A3E
0006B8521
7FFECCCCD
7FEC8F5C3
000133333
000266667
000F99999
000BFFFFF
7FBAE147E
7FF3C28F7
7FFA3D70A
7FEC8F5C3
7FFDD70A4
7FFD1EB86
000170A3D
7FF7D70A4
7FE3AE148
7FFE8F5C3
000451EB8
000F5C28F
002628F5C
000547AE1
000000000
7FF570A3D
000000000
000000000
7FCD5C291
000C3D70A
000D70A3C
00215C290
0001AE148
7FFDD70A4
7FFB33334
000133333
000000000
7FFFC28F5
7FFD1EB85
7FEE7AE16
002851EBA
7FF9C28F3
000000000
7FE6147AE
0005C28F6
7FF628F5C
000A51EB8
00063D70A
0002A3D71
0001EB853
000266666
7FFFC28F6
7FFF0A3D7
000451EB8
000000000
000000000
000A147AE
001AE147B
7FE1851EC
001933333
7FFF47AE1
0009D70A4
0000F5C29
7FEE3D70B
0000B8520
7FC9C28F6
7FFB33333
7FFE8F5C3
7FF947AE2
00230A3D8
7FF79999A
7FFF851EC
000000000
000000000
000CB851F
001A66666
000133333
7FFA3D70A
001651EB8
7FF71EB85
7FF400000
7FFAF5C29
7FED851EC
7FF851EB9
7FE59999A
000000000
0004147AE
000000000
000000000
000170A3D
0007EB852
0007EB851
000B0A3D8
7FF851EB7
0004147AF
000CF5C29
7FFF0A3D8
0007AE147
7FFA7AE14
000770A3F
000266666
7FFDD70A4
00050A3D7
000000000
7FFE51EB9
00168F5C3
0019EB851
000D70A3E
000000000
7FFB33333
0098A3D70
7FFD9999A
000E66666
000133333
000EA3D70
000266666
000133333
00035C290
0006F5C2A
000F5C28F
000000000
0001AE148
7FF19999A
7FE466664
7FFC28F5C
001A28F5C
0023851EC
000000000
0005C28F6
000D33332
00151EB85
0005851EC
7FB1C28F7
7FFA7AE14
000B47AE1
7FDEE147A
7FFD5C290
7FFD1EB85
000000000
000600000
003E28F5C
7FFECCCCD
000000000
000C7AE14
000266667
000000000
0001EB852
000399998
000000000
7FFBAE147
000000000
7FFECCCCD
0001EB852
000000000
7FA1EB852
000000000
7FFECCCCD
000000000
7FFECCCCD
000000000
7FFECCCCD
7FF5AE147
000000000
000000000
000000000
7F7EE147B
7FEF70A3E
000000000
7FE70A3D7
00607AE15
0001EB852
000000000
7FF6E147B
7FFD9999A
7FFF0A3D7
7FF15C290
000B0A3D7
7FFCE147B
7FFDD70A4
7FEAE147B
000000000
000DEB852
7FDE28F5B
7FECCCCCD
7FA31EB86
7FF9851EC
0002E147B
0004CCCCD
000000000
001D0A3D6
7FE70A3D7
000000000
000000000
000170A3D
7FFF0A3D7
00155C28F
7FDC00000
0011851EB
7FC666667
00099999A
0002E147B
002666666
000000000
0026E147B
0024F5C29
00007AE14
000000000
000000000
7FFE8F5C3
00031EB85
000EE147C
7FFAB851F
7FFC66667
0007AE148
000000000
0069D70A5
0019AE146
7FF28F5C3
0002A3D71
000A51EB8
000000000
000ACCCCB
000DAE148
000770A3E
7FF851EBA
0001AE147
000E66665
7FFECCCCD
7FBBD70A4
000CB851E
7FF2147B0
7FF0E147B
000000000
002BEB852
0001EB852
00003D70A
000170A3D
0001EB852
00035C28E
7FF7D70A3
000000000
7FFF0A3D7
0004147AE
0001EB852
0006B851F
0001EB851
7FFD99999
000DAE147
00067AE15
7FF9C28F6
003828F5C
00031EB85
000828F5C
000000000
000000000
0007AE147
7FDE66668
7FF199999
7FFAB8520
7FC6A3D71
002066665
7FE747AE1
001051EB9
7FFFFFFFF
7FE370A3F
001DFFFFF
0017C28F6
7FE08F5C3
000D33333
0000F5C29
00035C28F
7FF570A3E
0039D70A1
000D70A3D
7FFC28F5C
7FF5EB851
0008E147A
000547AE1
000399999
7FFD99999
000000000
00007AE14
000133333
0002A3D71
000170A3D
000133333
7FEFAE148
0003D70A4
7FF6E147B
7FE800001
7FF666666
00275C28F
7FFA3D709
0002A3D70
000000000
0008E147B
7FF3C28F6
000770A3E
0002A3D71
7FF628F5D
7FFCA3D71
000000000
7FFCA3D71
000547AE1
000000000
7FF8147AF
00279999A
7FE333334
000828F5B
0014E147A
000266667
7FA866666
000D33333
7FB970A3E
7FC3851EC
000000000
7FFC28F5C
000F5C28E
002347AE2
000000000
002A00001
7FFF0A3D7
00048F5C3
7FEAA3D73
7FFFC28F5
00099999A
7FE1C28F7
000CF5C28
7FFB33333
000000000
002D5C28F
000770A3E
0002A3D70
0016CCCCD
7F943D70C
7FF6A3D71
7FD6F5C29
001CCCCCC
7FFF0A3D7
000000000
002D1EB85
0016CCCCC
7FF2CCCCC
000A8F5C3
7FF90A3D7
000228F5C
000600000
000000000
00048F5C2
000170A3D
7FE200000
7FF947AE1
7FCE8F5C4
001466668
7FF79999A
7FE51EB85
7FFECCCCD
002B70A3E
001466666
000000000
000133333
7FFE8F5C3
7FFE8F5C1
001651EB8
7FFF47AE1
7FFA3D70B
0004147AF
7FFA3D70B
000000000
0000B851E
00110A3D6
7FFF851EB
000000000
0040147B0
0006F5C29
7FFCE147B
0018B851F
000000000
7FF666666
0013AE148
7FF6E147B
000000000
7FF2CCCCD
00063D70B
7FFECCCCD
7FF90A3D7
0002A3D70
000000000
000170A3D
0007EB853
001AE147C
002199998
7FDEE147B
0063D70A3
00151EB85
000228F5C
7FF851EB8
000228F5C
000000000
7FF0A3D71
7FFA3D70A
0005851EB
000000000
7FF251EB9
7FFAF5C29
0009D70A4
0010147AD
0007EB851
002F851EC
000BFFFFF
000133333
0013EB852
0001AE149
7FFE51EB9
000CF5C29
00155C28E
7FFA00000
7FFCE147B
7FF628F5D
000000000
000451EB8
00183D70A
7FF4F5C2A
7FFC28F5D
7FFE8F5C3
00063D70B
7FFA3D70A
0006B851F
000000000
000000000
000000000
7FC1D70A3
7FFF851EC
7FFAF5C29
0028CCCCC
7FFF0A3D7
000000000
000000000
7FEB5C28F
000000000
7FFE51EB8
000451EB9
7FF79999A
00048F5C3
7FCD9999A
001466667
000866666
00050A3D7
7FFAB851F
7FFDD70A4
0000F5C29
000000000
0020A3D71
000133333
000000000
0005C28F6
000000000
0006B851F
7FE55C290
7FB6CCCD0
00007AE14
003A51EB7
000C00000
000266666
000266667
7FFE51EB8
0011851EB
7FFECCCCD
7FFECCCCD
002B33333
000228F5C
00067AE14
004C8F5C1
7FFE8F5C3
0001AE148
0014A3D71
001200000
007C51EB9
000DEB853
7FF90A3D7
7FE3EB851
7FF7D70A4
000000000
000000000
000000000
000000000
000600000
7FEC147AF
000000000
7FE4A3D72
0008E147A
7FFC28F5C
7FB7C28F6
00050A3D7
000000000
000000000
0011FFFFF
004C51EB9
7FE370A3D
0008E147A
000B47AE1
000000000
004147AE2
7FF628F5C
0010147AF
000BC28F5
000DAE148
7FFBEB851
7FFC28F5C
7FF947AE2
7FCE147AD
000000000
7FF3C28F5
000000000
7FFE8F5C3
000000000
000170A3D
000000000
000D70A3E
00168F5C2
00031EB85
000000000
7FE3EB851
0005851EB
7FDD33333
7FFD5C28F
000000000
7FEF33333
00003D70A
000000000
7FFD5C290
7FFB70A3E
7FFF47AE1
7FE428F5C
000ACCCCD
7FFE51EB8
000BC28F5
0040CCCCB
000000000
000170A3D
000000000
000000000
7FD67AE14
000133333
0022CCCCC
000133333
000999999
000000000
000000000
7FFB70A3C
7FF066668
7FFF47AE1
00007AE14
7FFFC28F5
000999998
000FD70A5
7FBB5C290
7FE08F5C3
000170A3D
7FF8CCCCC
000000000
0001EB852
000000000
7FFB33332
00003D70A
7FFA3D70A
00099999A
000733333
7FFCA3D71
0001AE148
000000000
7FEC51EB8
0031AE148
002947AE3
001B99999
004C147AE
000133333
7FDFD70A4
000170A3D
7F7EA3D73
000266666
000266666
000000000
00035C28F
000000000
0001EB852
7FF0A3D71
7FE3EB852
0001EB851
000547AE1
7FF8147AE
7FF947AE1
00063D70A
000B851EB
00048F5C2
7FDDEB850
000451EB8
000BC28F6
7F83EB853
7FFA7AE14
000D33333
00039999A
000133333
000866666
7FF75C28F
7FE3AE147
0002E147B
7FB70A3D9
000000000
0004147AE
00063D70B
0010147AE
000000000
000000000
00307AE15
000000000
000EE147B
00127AE14
7FF0E147B
7FA828F5C
7FD03D70B
7FF19999A
7FE933333
7FE55C290
0001EB852
7FF43D709
0004CCCCD
7FEF70A40
7FEBD70A3
7FF8CCCCD
7FEC147AE
7FF8CCCCC
7FF71EB85
0006B851F
000CF5C28
000000000
000170A3D
000000000
7FEFAE149
000170A3D
00003D70B
7FFCE147C
0002A3D70
002ECCCCD
7FFD9999A
000451EB8
000000000
7FEE00000
00031EB85
7FFE8F5C3
7FFE51EB8
7FFBEB852
000000000
0001AE148
000000000
7FFF47AE2
7FFC66666
00035C28F
7FF628F5C
000000000
000000000
00063D70A
000000000
000000000
7FFAB851F
7FFE147AE
7FEBD70A4
000000000
000266666
000170A3D
7FFCE147B
000000000
7FBB1EB85
7FFD5C28F
0082CCCCD
0004147AE
7FEDFFFFF
7F827AE14
00007AE15
7FF4F5C29
00039999A
7FBC51EB7
7FF75C290
000399999
000CB851E
000F5C28F
000000000
0001EB852
7FF0A3D70
7FE970A3E
001AE147A
0002A3D70
7FD0F5C28
7FFBEB852
000000000
7FB7851EC
0002E147B
7FFF851EB
00031EB85
0001AE148
00108F5C3
001AE147A
000133333
0002E147B
0005851EB
7FF7D70A4
7FFE8F5C3
7FF400001
000000000
000000000
0004147AE
000000000
000000000
7FF6E147B
000000000
000000000
0004CCCCD
7FDF9999A
000B47AE0
001051EB8
0006F5C29
7FF3851EB
000266666
7FF3C28F6
7FFC28F5C
0000B851E
7FFAF5C2A
7FE68F5C2
0007AE147
0005851EB
7FFECCCCD
00050A3D7
000133333
000000000
7FFE147AE
7FE9EB852
000770A3D
0007EB852
7FF251EB9
001A28F5D
000000000
7FFE8F5C3
001051EB9
7FFECCCCC
000D33331
000000000
000000000
7FF251EB9
0002E147B
000000000
000000000
7FB6147AF
001747AE0
0002E147B
7FE55C290
7FE70A3D7
7FFE8F5C3
0004147AE
006E66666
001E3D709
7FC628F5E
7FDE28F5C
000000000
00031EB85
000000000
7FEC8F5C2
000BFFFFF
000D70A3E
7FF066667
0034147B0
0001AE148
7FF0A3D71
00127AE15
7FF5EB853
7FF6E147C
0007EB852
000000000
7FCD1EB86
7FDA8F5C2
000000000
7FFD9999B
0006F5C28
00063D70A
000C7AE14
000733333
000EA3D71
0064CCCCC
0010147AE
7FFAB851E
7FF47AE15
00031EB85
7F92147AE
7FD50A3D7
0006F5C29
002628F5C
000DAE148
7FE9EB852
7FECCCCCC
000EA3D72
0008A3D70
7FF15C28F
004147AE2
7FF947AE2
00031EB85
7FE4A3D71
7FFCE147B
7FD4CCCCD
00211EB86
7FF5EB852
002BAE147
7FDB851EC
00050A3D6
7FD770A3D
000547AE1
000451EB8
7FD770A3E
000D33333
001B99999
7FFCE147B
001147AE1
000B0A3D6
0008E147B
7FF5AE148
000BC28F5
000000000
00BE147AF
7FFE8F5C3
00063D70B
000C7AE14
002BEB851
7FF3FFFFF
7FD547AE2
7FCA3D70A
7FCA00000
002400001
7FFB70A3D
0005C28F6
00247AE15
7FFECCCCD
7FD0F5C2A
0005851EC
0001EB852
000C7AE14
00470A3D6
7FE800000
0004147AE
00547AE15
000399999
0004147AE
7FFE51EB8
7FF15C291
000399999
7FEC8F5C2
7FE8B851E
0016CCCCE
0007EB852
7FF3C28F4
7FF4B851F
7FE200000
7FEFEB853
7FCE51EB8
7FD770A3D
7FEE3D70A
000A8F5C2
7FEEB851E
000866666
7FF43D70B
7FFB33333
7FFA00001
004BD70A3
7FF0A3D71
7FF30A3D7
7FFCA3D71
7FF251EB8
7FF3C28F6
000266666
000000000
7FEBD70A5
7FFCE147B
7FFBAE148
0015D70A3
7FF851EB8
000E66667
7FED47AE1
0005C28F6
7FFE8F5C3
7FF347AE1
7FF0E147B
000000000
7FF75C290
7FFB33333
000E28F5C
7FF066667
003E66667
0007AE148
7FFCA3D71
0032E147B
7FE8F5C29
7FED851EB
7FF47AE14
00091EB85
7FA0B851F
7FDA147AE
7FFF851EC
000FD70A3
7FFB70A3D
7FF75C28F
002947AE1
0005C28F5
7FFFC28F6
7FE7C28F6
7FFCA3D71
7FEC147AE
003F5C28F
7FFE51EB9
7FFE51EB8
7FFE51EB8
7FF43D70A
7FFE147AE
7FFA3D70A
0000F5C29
7FFECCCCD
001C51EB9
7FFBEB852
7FFAF5C28
7FFCA3D71
000000000
001200000
00151EB85
7FFD1EB86
002CA3D71
7FFE8F5C3
0002E147B
002A7AE13
7FFA00000
00003D70A
7FFE8F5C3
7FFCE147B
7FF947AE1
0008E147B
7FFE51EB8
7FDEA3D72
7FE051EBA
7FFC66667
7FFE8F5C3
0006F5C27
000133333
7FF28F5C3
000000000
001599999
0027D70A4
00048F5C3
7FD99999B
001933332
000DAE148
7FFECCCCD
0043AE148
7FFF47AE2
7FFF851EB
00035C28F
7FFF851EB
7FFC66666
00063D70A
7FFDD70A4
003CF5C29
000000000
000170A3D
7FFCE147B
000000000
0018F5C2A
00031EB84
001200000
7FF90A3D7
7FFC66666
7FFE51EB8
7FF947AE0
0013EB852
7FFE8F5C3
0002E147B
7FF3C28F5
000000000
7FEFAE148
7FD8A3D71
7FE9EB852
002AB851E
000000000
7FF43D70A
7FF1D70A3
7FF947AE2
7FFE8F5C3
7FE3AE147
7FFECCCCD
000000000
7FFAB851E
000000000
7FF7D70A4
7FD99999A
7FFD9999A
0001EB852
7FFA00000
7FF19999A
0011FFFFF
0002E147B
000228F5C
0001EB853
000CF5C28
000C3D70A
00063D70A
00048F5C3
00099999A
000770A3D
7FF75C290
000000000
7FFD5C28F
7FFA7AE14
7FF8CCCCC
7FFA7AE14
7FEF70A3D
0019AE148
00215C291
7FFAF5C29
000FD70A4
002DD70A2
7FF11EB86
000000000
7FFE8F5C3
7FF533333
7FFB33333
001147AE1
7FFA00000
000000000
000000000
000733333
7FFD9999A
7FFCE147B
000000000
000000000
000C00000
00108F5C3
7FF1D70A5
7FFE51EB8
001147AE2
000000000
000E66666
000B47AE2
0001EB852
00127AE14
0011C28F6
0019EB852
7FF75C290
7FFD9999A
00031EB85
7FFE147AE
000000000
00095C290
7FFA7AE15
000C7AE14
00279999B
7FFCA3D71
0005851EB
7FFDD70A4
000A51EB9
000000000
000000000
001466668
0002A3D71
00031EB84
0000F5C28
7FFC28F5E
000000000
000266667
000170A3D
000000000
7FFD9999A
0001AE148
7FFC28F5C
7FFE8F5C3
7FFCA3D71
7FFECCCCD
7FFC28F5C
00035C28F
0002E147B
0001EB852
000000000
7FFECCCCD
000000000
7FFE51EB8
7FF75C290
7FFE51EB8
000ACCCCD
7FFD5C28F
7FE5D70A4
7FFA7AE15
7FFECCCCD
7FFBAE148
000000000
000000000
000000000
000000000
00063D70A
7FFF47AE1
7FDF9999A
00031EB85
7FFE8F5C2
7FF75C28F
7FFDD70A4
7FF400000
000000000
001651EB9
000000000
7FFD9999B
000000000
7FF947AE1
7FFECCCCD
7FFE8F5C3
7FFDD70A4
0004CCCCD
000E66667
000B47AE1
00095C28F
7FFECCCCD
7FFE8F5C3
7FF79999A
7FFCA3D71
7FF43D70A
000000000
7FFE8F5C3
7FFECCCCD
7FF5EB852
7FF8CCCCD
7FF947AE1
7FF8147AE
0004147AE
7FFE147AE
0010CCCCD
7FF8CCCCC
7FFDD70A4
7FFECCCCD
000000000
000000000
000000000
000000000
000000000
000C3D70A
7FF71EB85
0009D70A4
7FFE8F5C3
000000000
7FF6A3D71
000C00001
000000000
00035C290
000133333
000547AE1
00031EB85
7FFE147AE
000547AE1
7FF71EB86
0001AE148
7FF90A3D7
7FF5EB851
000000000
000000000
000000000
7FF9851EB
000D33333
7FF11EB84
00031EB85
000000000
00031EB85
0001AE148
0002E147B
7FF30A3D7
7FFBEB852
7FFC28F5C
000000000
7FFC66666
000000000
7FF90A3D7
7FFA3D70A
0019AE148
000000000
7FFD1EB85
000733333
7FF75C28F
7FFC66666
7FF3FFFFF
00050A3D7
001F33334
7FF6E147B
00007AE14
0003D70A4
00091EB85
7FFECCCCD
7FFE147AE
7FFAF5C29
00067AE15
7FFE51EB8
7FF251EB8
7FFBEB852
7FF9851EB
7FFD9999A
7FF3851EB
000000000
000000000
000133333
000000000
00031EB85
7FF8CCCCD
0000F5C29
7FFF851EB
000000000
7FFECCCCD
000000000
7FE8F5C29
001051EB9
7FF30A3D7
000000000
0010CCCCD
7FEF33333
7FFC66667
000170A3D
000000000
00110A3D6
0018B851E
7FFE8F5C3
7FE933333
0008A3D71
00050A3D7
7FF6A3D70
7FFECCCCD
000000000
000133332
000000000
7FF533334
0005C28F6
7FFBEB852
7FFF47AE1
00007AE14
7FFFFFFFF
7FFAB851F
000000000
000000000
0002A3D71
0013AE148
000000000
7FE333334
7FFE8F5C3
7FEF70A3E
0003D70A4
7FEFAE148
7FE87AE14
0017851EC
7FFCE147A
7FEAA3D70
7FFE51EB9
000266666
0005851EC
7FE0CCCCC
000000000
000828F5C
7FFAF5C29
000000000
7FFCA3D71
00031EB85
000000000
7FFF851EC
000000000
7FFECCCCD
00003D70A
0007EB853
7FFCA3D71
7FFECCCCD
000399999
000000000
7FFFC28F6
000000000
7FFC66666
7FFCE147B
0003D70A4
0013AE148
000000000
0000F5C29
000733333
7FFDD70A4
7FFE8F5C3
000000000
7FFECCCCD
000DAE148
000000000
000DAE148
000000000
7FFC66667
000133333
0001EB852
00007AE15
000B47AE1
00048F5C4
000000000
7FF3C28F6
000866667
7FFECCCCD
7FFC28F5C
00050A3D6
000000000
000000000
7FEB99999
00063D70A
000000000
7FFD1EB85
000000000
0000F5C29
000DAE148
7FFC28F5C
000F5C28F
7FFB70A3E
000000000
7FFE147AE
7FED0A3D8
7FFD1EB85
00063D70C
7FFE51EB8
7FF9C28F6
7FFD1EB85
0004CCCCD
000600000
000547AE1
0001AE148
000451EB8
7FF79999A
000000000
000266666
000266666
00007AE15
0003D70A4
000000000
0000B851F
001370A3E
000A8F5C2
00003D70A
0006B851F
7FFE51EB8
7FF851EB8
00063D709
000000000
000266666
000228F5C
000000000
7FEC51EB9
7FFCA3D71
0007EB852
0005C28F6
7FFB70A3D
000733333
00031EB85
000000000
000170A3D
7FFECCCCD
7FF28F5C2
7FFECCCCD
000133333
7FF28F5C2
0001AE148
000451EB8
7FFDD70A4
7FEF33332
00048F5C2
0001EB852
0002E147A
0010147AE
000133333
00063D70A
7FF8CCCCC
0006B851F
0003D70A4
000000000
7FFF47AE1
000000000
0001EB852
0001EB852
000000000
000000000
000000000
7FF7D70A5
0001EB852
7FFA7AE14
000866666
7FEB99999
000000000
7FF88F5C2
7FFAF5C29
7FFDD70A4
000133333
000000000
0003D70A4
000000000
7FF1D70A4
7FFCE147B
0004CCCCC
000000000
000000000
7FF8CCCCD
7FF4B851F
7FFD5C28F
000866667
7FFDD70A4
00067AE15
000000000
7FF43D70A
000000000
000000000
0002E147B
000000000
00035C28F
7FF5EB852
7FF5EB852
000000000
000000000
0000F5C29
000000000
000133333
7FFE147AE
000000000
000000000
000000000
00035C28F
000000000
000133333
7FFAF5C29
0009D70A4
00035C28F
7FFCE147B
000000000
000000000
0009D70A3
000000000
000000000
00007AE15
7FFF0A3D7
0001EB852
7FFE51EB8
0000B851E
7FFECCCCD
000770A3E
7FFD9999A
000451EB8
000547AE1
000B47AE2
0007EB852
000170A3D
0005851EB
000000000
000D33333
7FFE51EB8
7FFE8F5C3
000B47AE2
000000000
0001EB852
000000000
7FFD5C290
000547AE2
000451EB8
000000000
000000000
00031EB85
000000000
000000000
7FFBEB852
000000000
000000000
0004CCCCD
000E28F5C
00050A3D7
0000B851F
000000000
7FFF0A3D7
0003D70A3
000000000
000000000
7FF7D70A4
7FFE51EB8
000133333
000F9999A
0002A3D70
0028CCCCE
7FF066666
000000000
000266666
7FE4A3D70
7FF71EB85
0013EB852
000000000
7FFF851EC
000000000
001933333
001051EB9
0001AE147
000F1EB85
0003D70A4
7FFB33333
7FFC66666
7FEEF5C29
7FFC66666
00031EB85
7FFB70A3D
0001AE148
7FE599999
000000000
0006F5C29
7FF8CCCCC
000000000
000600000
7FFD1EB85
7FFE8F5C3
000BC28F6
7FD5851EB
000999999
000A8F5C2
7FFB33334
7FFB70A3D
00290A3D8
7FF88F5C3
7FEE3D70B
001C147AC
000DEB852
000D70A3E
0029851EC
7FFB33334
000CF5C29
000E28F5D
7FFAF5C29
0003D70A4
000000000
0000B851F
000170A3D
7FFAF5C28
0025AE148
000133334
7FF7D70A5
7FF75C291
7FF6E147B
001B9999B
7FF570A3E
7FFCE147B
000000000
7FE9EB852
7FFE147AF
7FFD9999A
0006B851F
000000000
000000000
7FFE147AF
000000000
00183D70B
000266666
7FFBAE148
000000000
7FF9851EC
001599999
0029C28F6
00091EB85
00048F5C2
000133333
000000000
00031EB85
0000B851E
7FFBAE148
0002E147B
00067AE14
7FF9851EC
7FF947AE1
7FFFC28F5
000547AE1
7FF9C28F5
7FFECCCCD
7FFD1EB86
7FFD5C28F
0005C28F6
00007AE14
000000000
000000000
000000000
7FFFC28F6
00035C290
7FFAB851E
000000000
000000000
0010147AE
00108F5C3
7FFD5C28F
000000000
000170A3D
000000000
000000000
00007AE16
000000000
0002A3D70
000133333
000ACCCCE
000000000
000000000
0015D70A4
0001EB852
00035C28F
000000000
000B851EB
000000000
0000F5C29
00039999A
7FFE147AE
7FF9851EB
000000000
000000000
7FF947AE2
000000000
000000000
000A51EB8
7FFCA3D71
00031EB85
7FFDD70A4
7FF9851EB
0006F5C29
7FF9851EB
0011C28F6
000000000
7FF851EB9
7FFECCCCD
000000000
000000000
000000000
00050A3D7
000000000
7FFDD70A3
00230A3D7
0006F5C29
7FF347AE3
7FFC28F5C
7FFE51EB8
00127AE15
7FFE51EB8
000000000
7FF71EB85
000000000
7FF6E147B
7FFD1EB85
000000000
7FFD5C290
0001EB852
002251EB8
000000000
000000000
0048B851E
000000000
7FDB0A3D8
000000000
7FFBAE148
7FFE8F5C3
0004CCCCD
000000000
000000000
7FFE8F5C3
0006F5C29
001651EB8
000C7AE14
7FFBEB852
000000000
000000000
7FFE8F5C3
00031EB85
000000000
7FF0E147B
000000000
7FFECCCCD
7FFE147AE
7FF851EB9
000000000
000000000
000000000
000000000
0005851EB
002AB851F
000000000
000000000
000000000
000000000
7FFECCCCD
7FFE51EB8
000000000
000000000
000000000
000000000
000000000
00031EB85
7F66E147B
00110A3DB
7FFD1EB85
002E51EBB
0000F5C2C
0000F5C27
004599998
0014A3D71
7FDA147AB
0023851EB
002A7AE14
7F3628F5C
7FF8147AE
7FD133334
000A51EB7
7F315C28E
000451EB8
0011851EA
00483D70C
7FFBAE148
7FFE8F5C2
00AE7AE15
7FEA66666
000000000
00451EB84
000000000
011B33330
7FCE51EB9
7FF8CCCCD
005A00000
003CF5C29
003A8F5C3
7FDB0A3D6
0146E147B
0003D70A2
001147AE1
018228F5D
7FC19999B
001651EBB
0031EB853
7FED851ED
00C50A3D8
00211EB85
0059851ED
0001AE148
006866667
7FEA66666
7FFD9999C
003A8F5C4
000600000
001466667
7FFB33333
006B851E9
001D47AE1
7FFC66666
002066667
006B47AE2
000000000
7FE6147AF
001FEB852
00050A3D8
7F030A3D7
7FED47AE1
0077851EB
7FB55C28F
000000000
000170A3D
000BC28F6
7FEDC28F5
000000000
000228F5C
009C7AE12
0007AE148
0245851E8
7FDD33332
000451EB8
7F8333332
7FBD0A3D8
007B99998
00547AE14
7FD770A3C
000133333
001933332
7FDA147AF
7FFCE147B
7FFD5C28F
00035C290
7FFCE147A
00BAB8521
00FF1EB85
0076147AE
7FCA00000
00067AE14
001B99999
7FCAF5C28
7F375C28F
7F9F47AE0
0013AE147
7FADEB851
000133332
0120F5C28
0088147AE
003C7AE19
7EE3D70A6
00127AE14
7FEEF5C2A
00035C290
00C99999C
0022CCCCB
005B70A3D
0025EB852
7FFF851EB
00A0147AF
7FEBD70A6
000FD70A5
7FFF47AE2
0002E147B
0005C28F7
00187AE15
004651EBA
005347AE0
00067AE15
000000000
7FE1FFFFF
006B47AE2
7F851EB87
002BAE147
002570A3D
7FF75C28F
00230A3D8
00048F5C3
000EE147D
006E66666
7FE9AE147
7FA31EB85
7FFCA3D71
016A28F5B
7FF628F5E
0067EB852
001B1EB84
00948F5C3
7FFE8F5C3
7FB8B8520
0079AE149
0016CCCCD
001AA3D71
00183D70A
7F6C66666
00755C28F
000133333
7FD50A3D9
000F1EB85
7E72CCCCD
0022CCCCD
7FCCE1479
7FF11EB85
7FF5AE14A
7FF28F5C3
000866667
7FFFFFFFF
001428F5C
7FF666665
0078F5C2A
001FAE148
000266666
0045D70A2
0006B851F
0004147AC
7FEB5C28F
000B851EB
7FE08F5C2
7FF30A3D7
7FF8147AE
7F9251EBA
7FC851EB8
0054F5C27
7FF251EB9
000133333
00183D70B
0028CCCCB
7FF2CCCCB
7F551EB85
7FC79999A
7FFC66666
7FEDFFFFF
7FF4B851E
002533330
0096F5C25
7FF9851EC
00003D70A
00590A3D6
000A8F5C3
000000000
7FFD5C290
7FEAA3D71
000F9999A
009A147AE
002D5C28E
7F93851E9
0010147AD
7FEEB851F
0034147AF
0020E147D
001933334
7FFA3D70A
00B47AE11
7FFECCCCD
7FF947AE0
005947AE1
7FC9851EB
7FA7EB852
000000000
000828F5C
00099999A
000000000
005AB851F
004AE147C
000B47AE2
002666667
004AE147B
000D33333
7FFE8F5C3
7FEBD70A4
0001AE149
7FC570A3C
7FFE51EB9
0001EB852
7FFE8F5C1
7FB9EB851
7FF5EB852
7FFECCCCD
7F047AE15
00095C28F
7FFC28F5C
7FFD5C28F
003BC28F7
7FA4CCCCE
000000000
7F75851EC
7FF47AE15
7FADAE14A
7FF5AE149
7FEA66666
7FDA51EB7
7FFAB851F
000600000
001C8F5C2
7FB4A3D70
7FBEB851D
7FDEA3D71
7FFF0A3D6
7FFB70A3D
009E66663
7FE10A3D8
000000000
7FFA7AE15
7FD48F5C1
7FFECCCCD
00EF851EC
0041FFFFF
001D47AE0
7FF947AE1
7FFC66666
7FFD9999A
000000000
0019EB851
0002E147C
7F9AF5C28
000000000
7FD03D709
7FF11EB85
0154147AD
000600001
000DAE146
7FEDFFFFF
7FD866668
7FBDC28F4
003000000
7FF28F5C2
0011851EB
004466667
7FC8147AD
000399999
7FD133332
0001EB852
0002E147B
000000000
7FF43D70A
001D851EB
0002A3D70
7FF75C28F
00063D70A
7FDB851EB
00067AE14
000170A3D
7FF3851EB
7FF9851EC
002066668
7FFECCCCD
7FDC3D70A
000F5C28E
7F9CE147B
0019EB852
00127AE14
7FC19999A
7FF8CCCCD
000828F5E
003E28F5E
7FF43D70B
7FA3D70A4
7FDD70A3C
000000000
7FFE51EB8
000FD70A1
000F5C28F
7FC5AE149
0004CCCCD
000E66667
7FA91EB86
000000000
000000000
7F83EB852
0005851EB
7FD5C28F6
000C3D70B
7FF570A3C
001DC28F7
00003D709
7FE7C28F6
7FEE3D70B
7FBE7AE14
003F99999
7FEFEB84F
7FEEF5C2A
005E51EB7
7F8EF5C28
000000000
0000B851E
0004CCCCD
000BC28F5
7FFA7AE12
0002E147B
0008E147B
7FF533334
7FEFAE148
7F94F5C28
7FBEF5C29
7FF347AE3
7FB370A3D
002666666
000133333
0014E147A
002666666
002028F5C
7FE747AE1
001C51EB9
7FCE51EB8
00050A3D7
002E147AE
0007EB852
7F88F5C2C
7FF88F5C3
00EE147AA
7FECCCCCD
7FD7EB853
7FE9AE146
00515C28F
0004CCCCC
00007AE15
7FF11EB85
00127AE14
7FA3D70A5
7FF28F5C2
7FB747AE0
000EA3D6F
00091EB85
00A68F5C1
001A28F5C
7F8F70A3D
000866665
7FDB47AE1
7FF30A3D7
7FE68F5C2
003CB851F
7FF47AE15
7FB27AE15
7FD03D70A
7F9C66667
7FF066667
7FFF0A3D6
001428F5B
000EE147B
0007AE147
001B1EB84
7FFBAE148
7F975C28D
7FE55C291
0011851EA
003D33333
000133334
7FF75C291
001E3D709
7FFCA3D70
0002E147B
000000000
7FF0A3D70
00367AE15
007EB851F
7FFC28F5E
004F70A3E
000D33333
00039999A
7FF5AE148
00410A3D7
7FEBD70A4
7FFE8F5C3
7FF666666
7FFA7AE14
7FF0E147A
000266666
001333333
002F47AE1
00B570A3D
7FB7851EB
002066666
7FC7D70A7
00048F5C2
7FDD33331
001B1EB83
7FC2CCCCD
0005C28F7
000999998
7FF71EB86
7FCCA3D71
000FD70A3
7F9D1EB87
7FEF70A3D
7FFD1EB85
00031EB85
7FFD1EB86
00048F5C3
000EA3D6F
000000000
7FF47AE15
002347AE2
0012B8520
0009D70A4
7FF3C28F5
004200000
00003D70A
7FF28F5C3
000000000
000133333
000A8F5C2
7FE4E147C
7FE6CCCD3
7FB27AE12
7FE4A3D6F
0003D70A4
7FE9EB856
7FFC28F5C
0004147AE
7FEC8F5C2
7FED851EC
0024F5C29
7FB8B8520
7FE428F5C
000000000
00575C28E
7FF9C28F5
002F47AE1
7FFCA3D70
7FA2A3D6F
7FB10A3D8
000733333
0029FFFFF
00050A3D7
7FF851EB8
002947AE0
00A6CCCCB
7FF5EB852
7FFBAE147
7F8051EB8
7FE370A3D
7FE1851EC
005347AE1
000399999
7FD0F5C29
019747AE6
0014A3D72
0005C28F5
7FAACCCCC
000B851EB
0010147AF
7FFE147AF
7FE1851EA
001C51EB7
7FF47AE14
7FFF0A3D7
00159999A
0004147AE
002E8F5C1
003266667
000000000
7FEAA3D71
7FF947AE1
7F94B8521
7F2AE147C
7FF75C290
7FF347AE0
00035C28F
002347AE3
7FFBEB853
7FF3851ED
7FEE3D709
7FFB33333
000000000
00183D709
7FFCE147B
00095C28F
7FF9851EB
000B851ED
000000000
7FCA00001
7FF30A3D7
000ACCCCD
000000000
0009D70A3
001FAE147
7FE68F5C3
7FFC28F5C
000828F5E
002947AE2
7FD31EB86
000547AE1
7FF6E147C
0005851EC
7FF0E147A
7FFD1EB85
7FC8147AE
00091EB86
001651EB6
7FCCA3D70
7FF11EB85
000000000
7FD7AE149
000266667
006828F5C
00183D70C
00727AE14
7F8651EB9
7FE147AE2
7F0CE147A
0006B851E
7FFD9999A
7FFC66666
7FFDD70A3
0000F5C27
7FFCA3D71
000600000
7FE6CCCCC
7FFAB851F
7FD95C28F
7FFCE147A
7FE68F5C2
7FF2CCCCD
000733333
000B0A3D7
000000000
7FE933333
7FFFC28F7
000000000
000399999
7FFFC28F5
7FD399998
0006F5C28
7FBA28F5D
7FFD9999A
7FF0E147A
7FA6B851E
00271EB85
7FFBAE148
0009D70A5
000000000
7FF43D70A
028D851EC
7FB7851ED
7FC71EB85
7FF75C290
7FE7851EB
000000000
0002E147B
003EA3D70
0002A3D70
0001EB851
00031EB86
7FF30A3D8
00170A3D8
000FD70A4
00095C28F
7FE4E147B
000000000
7FBCCCCCD
7FEA66666
000BFFFFF
7FE599999
005628F5C
7FC347AE0
7FDDAE14A
7FFBEB853
003E66667
7FC9C28F5
7FFE51EB8
0005851E9
7FFD1EB85
7FE83D70A
7FC43D70A
000866664
7FBD851EB
7FEB1EB85
000000000
7FEEB851D
000000000
000C7AE14
7FFA7AE15
000133333
0001EB853
000000000
7FFAB851F
7FCA7AE17
7FC570A3E
7FFECCCCD
0001AE147
7FD91EB81
000000000
00007AE15
7FC79999A
7FE6CCCCE
00215C28F
7FFDD70A4
7FAB47AE1
0025EB852
00155C28E
7FEA66666
7FC88F5C3
7FA0F5C2A
7F990A3D7
7FEB5C28E
7FFECCCCD
7FF88F5C3
7FDCB851E
7F9E147AD
000000000
00110A3D8
0011851EA
7FBAA3D71
000228F5C
7FD7AE148
000D33333
7F62147AE
7FD4147AF
0017C28F7
000000000
002251EB9
7FE83D70B
7FDBC28F6
0008E147B
003F1EB88
7FEE3D70B
7FF251EB9
000F9999A
000B851EC
7FCC28F5D
0001EB852
00035C28F
7FB7851EB
000547AE2
0006F5C29
000266666
7FFB33334
005666668
002851EB8
0004147AE
7FC251EB8
00219999A
000000000
00168F5C3
7F9DD70A4
7FEF33333
001E3D70A
006999998
00067AE14
7FCBAE148
7FFECCCCD
7FFECCCCD
7FEDC28F6
000000000
7FFE147AE
7ECD851EE
7FFC28F5D
000C3D70B
0016147AD
7FFAF5C29
003266663
7FD600000
000000000
000C3D70A
000C3D70A
7FF3851EC
7FD866667
7FAEE147A
000999999
7FFAB851F
7FF9FFFFE
0002E147B
7FFAB851F
00091EB85
7FD0B851F
000000000
7FF9C28F6
7FE1851EB
000000000
005799997
002ECCCCE
0027D70A3
000000000
7FE9AE147
7FEE00001
7FC90A3D7
7FFB70A3E
004EB851E
000000000
7FFFC28F4
7FF251EB9
7FCC28F5D
7FF0E147B
000266666
000733332
7FC0A3D70
000EE147B
0017FFFFF
0008E147B
7FFE8F5C2
002570A3D
000000000
7FFD99999
7FF570A3D
000CF5C29
001599999
00039999A
7F3A00002
7FF11EB86
001200000
0035851ED
7F6851EB8
7FE0147AF
000BC28F7
7FF199999
002851EB9
7FF6E147B
002066666
7FFC28F5D
000133333
001E3D70A
7FA9D70A3
000000000
000DEB852
0002A3D71
004A28F5E
7FE800002
7FF3851EB
7FD48F5C3
000F5C28F
7F388F5C3
7FF88F5C2
7FAB0A3D7
000733333
7FFF47AE1
7FF47AE14
000000000
7FFD5C28F
7FFE51EB8
001051EB8
00031EB86
7FFECCCCD
7FBC8F5C4
7FF8147AE
7FCC28F5E
00067AE14
000F5C28F
7FA451EB9
000000000
000000000
005628F5D
000133333
002E147AD
7FFE8F5C2
7FF6E1479
000E66666
7FF0E147A
000E28F5D
000399999
009733333
001428F5D
000170A3D
00039999A
00511EB86
7FF88F5C2
0012B851F
7FE9EB853
7FFF851ED
002AB851C
7FF79999B
00095C28F
00151EB85
00003D70C
000000000
7FDF1EB85
7FB970A3E
000000000
000B0A3D7
000000000
7FE8F5C2A
0026E147B
7FA228F5C
7FFC28F5C
000133333
7FFA00000
7FC9C28F7
7FFBEB851
7FE8F5C29
7FDF1EB86
001A66666
7F583D70A
7FFB33334
00271EB85
7FC400001
7FD733332
7FFE147AE
7FA2A3D70
0031EB852
000000000
000000000
7F43D70A6
7FDF1EB86
00048F5C4
7FDBC28F4
000000000
0029851EA
0007AE148
000D33333
7FFE147AE
00031EB85
7FF79999A
7FFAB851F
7FFD9999A
7FDD33334
7FF0E147C
001C8F5C2
7FFD1EB85
0020A3D71
7FD67AE14
7FFFC28F5
7FE68F5C1
000DAE147
001B99998
002D5C28F
7FBFEB851
001051EB8
7FF71EB85
7FD7AE147
0002A3D71
7FFD1EB85
0016147AE
7FF533333
7FC5AE148
0006B851F
7FE6147AF
000000000
000000000
000000000
7FD7AE145
7FF9851EB
000770A3C
7FFD9999A
001051EB8
0004147AE
7FE7851EC
000266666
7FDF5C28D
0001EB852
7FEF33334
7FE466666
000000000
7FDBC28F7
000ACCCCE
7FE70A3D8
7FE10A3D9
7FF8CCCCD
7FE70A3D6
000E66666
0019AE148
000CB851D
7FE651EB8
7FBC147AE
7FFD9999A
002628F5C
002CE147A
7FEF70A3F
7FEF70A3D
000866667
00039999A
7FFAB851F
7FF066669
7F6A00002
00007AE14
0001EB852
7FD3D70A5
7FF71EB85
7FEA28F5C
7FE83D70A
7FF8147AE
7FF30A3D8
000DEB853
000000000
001A66665
7FF628F5D
007DC28F6
7FDD33334
000A51EB9
7FFA3D70A
7FAEE147C
0042F5C29
000D70A3E
7FF6E147B
000000000
0014E1479
001C51EB9
7F51FFFFF
7FD2E147B
7FC11EB83
7FEC147AD
000000000
002D5C28F
7FFAB851F
000170A3D
000266667
7FD35C28F
002947AE1
003A51EB9
7FFE8F5C1
00003D70A
7FFA3D70A
000000000
7FF666667
000D33332
7FF11EB85
7FEAA3D71
7FEC147AE
001147AE1
000D70A3D
7FFFFFFFF
000CB851F
001A28F5B
000A147AE
0002A3D71
000828F5C
0017FFFFF
0007AE14A
000BC28F6
7FE0147B0
0009D70A4
001970A3D
00007AE14
7FC75C28E
7FFCE147C
001D851EB
7FD31EB86
7FDEA3D73
7FADEB850
000000000
000000000
001051EB8
7FFE8F5C3
7F9533332
7FFCA3D72
000D70A3E
7FE2B851F
002ECCCCD
0000B851F
7FF15C28F
000133333
001B1EB84
7FF8CCCCC
7FFF851EC
000A8F5C3
7FFAB851E
0001AE148
000CB851E
7FD5C28F6
7FBD47AE0
004D0A3D7
000000000
7FFD5C291
000ACCCCD
0001EB851
7FF6A3D71
7FFE147AE
7FF90A3D8
7FF88F5C3
00031EB85
7FC90A3D9
000000000
000133333
002066666
000000000
7FBEB8520
0001AE148
7FF251EB8
00007AE15
7FE7C28F7
000000000
7FF3851EB
7FF11EB85
000000000
000600000
005533333
0000B851F
7FFAF5C29
002BEB852
7FFCE147B
7FDA147AC
000D33332
7F5F33331
7FED851EB
7FECCCCCD
7FCAB851F
7FFE147AE
7F6E8F5C3
0006B851E
0014E147A
7FDBC28F6
000000000
000733333
7FF5AE149
7FFF0A3D7
7FF400000
7FFFC28F5
0015D70A4
7FFCE147B
001F33333
7FFECCCCD
0008E147A
002628F5B
00151EB84
00031EB85
001D851EC
000000000
7FEEF5C29
7FAA147AE
7FEAA3D72
7FF8147AE
7FFAB851F
0007AE148
7FF533334
0018B851F
7FE933334
7FCB70A3C
000000000
00050A3D7
7FFD9999A
7FFA3D70A
7FF9C28F3
001333332
7FF799999
7F72E147A
7FFE147AE
7FCA00002
002066667
000000000
7FFBAE148
0003D70A4
7FCDD70A4
7FE51EB85
7FE68F5C3
7FFB33333
7FFBEB852
00048F5C2
7F9A7AE15
7FE68F5C3
7FB051EBA
7FFE147AE
000000000
7FE27AE15
00123D70B
0004CCCCB
000451EB8
7FB23D70B
7FE9AE148
0013AE147
7FFAB851E
000547AE1
000A147AE
7FF75C290
7FF066667
001A28F5C
00099999A
7FEDC28F5
001747AE0
00063D70C
00031EB85
7FE147AE1
001B1EB82
7FF90A3D7
7FEBD70A3
008BEB852
7FFF851EB
7FF3C28F6
003770A3D
7FFE8F5C3
000000000
000000000
000733333
000F5C28C
0023851EC
000DAE146
7FF851EB8
7FEAA3D71
7FF7D70A3
003399999
7FB7851EB
00219999B
004C51EB8
00127AE14
7FFB33333
7FD07AE15
7FF6A3D71
7FE1C28F8
0006F5C28
7FF30A3D6
7FCF47AE1
0007AE147
7FEEB851F
7FFC66666
0005851EB
000CB851F
7FD266668
000547AE2
7FFE147AD
7FFB70A3D
0016CCCCE
7FFC66667
7FFC28F5F
0014A3D70
7FF28F5C4
001051EB9
0029C28F5
7FFC66667
00095C28F
000A8F5C2
7FE2F5C28
001D0A3D8
7FFC66667
7FEB9999B
00155C28D
000000000
0027D70A5
7FB08F5C3
000A8F5C2
0000B8520
000600000
7FFE8F5C3
0009D70A4
7FFC28F5E
7FF8147AE
7FCF47AE1
7FF15C28F
002028F5D
00039999A
000228F5D
000266666
7FFD9999A
7FDA147AF
7FF30A3D6
7FCBAE147
002CE147A
7FE4E147A
7FFB70A3E
7F9028F5C
0014E147B
002251EB7
00003D709
000866668
7FDD33334
0025EB852
7FF11EB84
002E51EB8
003547AE1
002E8F5C2
7FFF0A3D8
000A147AE
7FD170A3E
7FC2147AD
7FFE147AE
00290A3D8
7FFCE147B
000000000
000F5C292
000228F5C
7FF5EB852
000399999
000547AE2
7FDF5C28E
000000000
7FFECCCCD
0020E147A
000000000
7FD39999B
7FFBEB852
000B47AE0
0008A3D71
000F99999
000B0A3D7
0007EB853
7FFF851EB
000000000
7FE9EB852
0004147AE
7FF947AE1
7FEC8F5C2
7FE10A3D7
002FC28F6
7FEB5C28F
7FFE51EB8
000266666
7FF71EB86
7FFDD70A4
00410A3D7
002400001
7FF90A3D8
00031EB86
0002A3D71
7FE466667
7FC3C28F6
7FFF851EC
00183D70A
7FCF0A3D7
7FC6A3D73
7FC8147AF
0014E147C
000D70A3D
0000B851D
7FF7D70A4
7FC628F5C
00031EB85
7FDE66666
000133333
7FF0E147B
7FF533332
7FFCA3D71
000DEB853
7FF8CCCCC
000A51EB9
7FF3851EB
000170A3D
7FBFEB853
001D0A3D7
7FEA66667
7FEFEB851
00110A3D8
7FF6A3D70
7FF3851EB
7FF400001
000770A3D
00159999A
7FEAE147A
004EF5C29
7FD228F5C
00031EB86
7FF47AE15
7FEDC28F6
7FFD5C290
00091EB85
7FFE147AD
7F99851EC
000600000
7FF1D70A5
002AB851D
7FF28F5C2
7FEE00002
0032E147B
7F943D70B
7FE7C28F4
000000000
000133333
000B47AE2
0002A3D71
7FF4B851F
00035C28F
7F735C28D
00110A3D7
0007AE147
7FF570A3D
7FEAE147B
7FF251EB8
000000000
7FFE8F5C3
7FE428F5D
0010CCCCC
7FEEF5C2A
7FFA7AE15
000133333
7FF43D70A
0001AE148
7FFE8F5C3
000000000
7FD0F5C2B
0006F5C29
000000000
7FFCA3D70
7FEE00001
7FFCA3D72
7FF028F5A
7FF851EB8
7FFD9999A
7FEAA3D71
0001EB852
001B1EB86
7FE651EB7
7FDF5C290
000CF5C29
7FFB33333
000C3D70A
7FDEA3D70
00067AE14
0001EB851
7FF15C290
7FF3851EC
000B47AE1
000E66666
00048F5C3
001B5C290
7FFE8F5C2
000000000
000000000
001800000
000A8F5C2
7FF6A3D71
000000000
000000000
7FA399999
7FF400000
7FF1D70A4
7FFC66668
0033D70A5
7FE4E147C
003B0A3D8
7FFCA3D71
000F5C290
7FED0A3D9
0002E147C
000170A3D
7FF851EB9
002E147AB
7FFB70A3D
7FFCA3D71
000170A3D
0013EB852
7FEF33334
001A66667
00063D70A
00035C290
7FFDD70A4
7FE933333
002CE147A
7FD7EB853
7FF90A3D7
7FFC28F5C
7FFE8F5C2
000133333
7FFD5C28F
0004147AF
0002E147B
00031EB85
0008E147A
7FF75C28F
000000000
7FE0CCCCE
7FFBEB852
001428F5D
7F98CCCCD
002A00001
7FDC00000
7FAF1EB85
7FF8CCCCD
0000F5C29
0008E147B
001370A3D
7FE23D70A
00048F5C3
000600000
00288F5C3
000000000
7FFCE147B
7FF4F5C2A
7FE3EB853
0011851EC
7FFECCCCD
7FFE8F5C3
7FF666667
7FDD70A3E
00003D70A
000228F5E
000000000
000DEB84F
0000B851F
7FFE51EB8
003FD70A2
7FFAB851F
7FFBEB852
7FD0F5C28
7FF71EB84
0002A3D70
7FEC51EB8
0001AE148
0006F5C29
7FDF9999A
7FD451EB8
7FEEB851E
7FE933333
001370A40
00050A3D7
00048F5C3
0006F5C29
002B70A3D
7FFF0A3D8
000133333
7FF666666
7FFA7AE15
000170A3D
000547AE5
7FFD5C290
000000000
7FFDD70A4
0000B851E
000547AE1
000000000
7FDEE147B
7FFC28F5D
7FFB33333
7FDB851EB
002A3D70A
7FE9EB853
00003D70A
7FDB47AE2
00067AE14
7FF6E147B
7FF6A3D70
001051EB7
000000000
7F9628F5C
7FF5EB853
7FC5EB851
00050A3D7
7FCA7AE15
7FB9EB852
000DAE147
000000000
001599998
7FE8F5C28
000A8F5C2
000F1EB85
00170A3D7
000A51EB9
7FEFEB851
7FF0E147A
7FF6A3D6F
000170A3E
7F9947AE1
000547AE0
0002A3D70
00168F5C3
7FE599999
000770A3E
7FDCB8520
7FFDD70A4
00039999A
7FE51EB85
000000000
7FFE147AE
7FD91EB85
000000000
0001AE148
000228F5C
7FC251EB8
7FDF5C28F
000000000
7FDFD70A5
7FE5D70A3
000000000
7FA1AE145
7FF90A3D8
7FDEA3D72
000E28F5D
000733333
000000000
0007AE148
006828F5D
7FB800002
000000000
7FEB9999A
7FFC28F5C
7FF628F5D
0001EB854
000000000
7F54A3D70
7FDF5C290
00003D70B
000000000
000000000
7FEFEB852
7FEB5C28F
000000000
000828F5D
000266666
7FF43D709
7FFD9999A
00050A3D7
7FC533332
7FD600001
7FDFD70A5
7FFE147AE
00035C28F
7FF0E147C
7FFBAE147
004B9999C
7FF628F5B
00423D709
000000000
00219999A
001D0A3D6
00031EB87
7FFAB8520
000828F5B
0004CCCCD
0002A3D71
00095C291
00039999B
000000000
7FCF47AE3
000133333
001747AE4
7FEB1EB85
7FF5AE148
7FF71EB85
0050E147A
7FFD9999A
7F855C28F
00031EB85
7FF628F5D
7FE9EB851
001B1EB87
7FE8B8520
7FFE8F5C3
7FD48F5C3
0008E147A
000D70A3F
7FEE00000
7FF947AE1
7FFDD70A4
0011851EC
7FFF0A3D7
000D33333
7FFBAE149
7FFE51EB8
7FF9C28F6
7FF6E147B
000000000
7FFA7AE15
7FE5D70A3
7FB933332
7FEC51EBA
7FF8147AE
0023C28F5
000000000
7FD7AE148
00288F5C1
7FD5851EC
7FFCE147A
0011C28F6
7FF15C28E
7FD35C28F
000000000
7FE428F5D
7FCB33335
7FFF47AE1
7FEE3D70A
7FD170A3E
000000000
7FEDFFFFF
7FF628F5C
7FEE3D70B
7FF7D70A4
7FFECCCCD
000770A3D
7FF5EB850
0010147AE
000000000
7FE800000
000770A3D
002AB851D
7FE08F5C3
000000000
000866665
0004147AE
000000000
7FB83D709
7FFD5C28F
7FFB70A3E
7FF066666
0009D70A5
000000000
7FDF1EB85
000170A3D
7FE7851EB
7FF4B851F
7FEAE147B
0004147AE
000000000
000000000
00183D70A
7FE970A3A
00050A3D7
7FD999999
7FF5EB851
7FF4F5C29
7FFB33332
0007AE148
7FF666666
7FFC66666
000000000
7FF15C28D
000170A3D
003547AE2
7FEA28F5C
000000000
000228F5C
7FD133334
7FFE147AE
7FF6A3D71
7FFBEB852
000000000
000828F5C
7FFA00001
7FE970A3D
7FEB5C290
7FFDD70A4
001051EB9
7FFCA3D71
7FEB9999A
7FF15C290
7FFE8F5C3
000000000
000E66668
000000000
7FF4F5C28
7FFC66667
000000000
0001EB852
000000000
00048F5C2
7FFE147AE
00095C290
7FF947AE3
003866667
0006F5C28
7FFC66666
7FFA00001
7FD733334
001BD70A4
7FE59999A
7FF533334
001428F5C
7FFB33334
7FEDC28F7
7FDBC28FA
0012F5C29
0038A3D71
7FDE28F5C
7FFE8F5C3
000000000
7FEB1EB85
7FD770A3D
000D33332
000999999
000170A3E
00127AE15
00183D70B
00470A3D7
003F5C28E
7FF9851ED
000000000
00155C290
000C00000
7FFD5C290
000000000
7FD2A3D71
00247AE13
00031EB85
000000000
0006F5C29
7FFD1EB85
7FF6E147B
00007AE15
7FFB70A3E
000E28F5C
0001AE147
7FFA3D70B
00007AE15
7FF4B851F
002066668
7FF79999A
7FD4147AE
7FF30A3D7
7FC9C28F6
7FFE51EB8
000000000
0003D70A4
7FAFD70A3
7FCF47AE2
7FFA00000
001E7AE13
7F6B33332
0006B851F
7FEF33333
000000000
000000000
7FB4A3D72
000000000
000000000
00031EB87
000733333
0028CCCCC
0001AE148
7FF11EB85
000000000
7FF799999
000133333
001747AE2
002C28F5E
0011C28F5
7FFECCCCE
7FDACCCCD
7FFA00000
0029C28F6
7FFE8F5C3
7FFBAE148
7FB599997
7FEB9999A
0016147AF
000770A3E
7FF9851EB
00063D70A
000000000
000A8F5C4
7FF19999A
7FF028F5C
7FFC66666
7FFBAE148
7FE51EB84
7FD770A3E
7FF30A3D9
7FF6A3D71
7FFBAE148
000E66665
7FF2CCCCD
7FF8147B0
000F9999A
7FFD9999A
0002E147A
0001EB852
7FF4F5C29
000E66666
0011FFFFF
00067AE14
0000B8522
7FCBEB853
0010CCCCC
0026E1479
0001AE14A
000000000
0000B8520
7FFCE147B
7FFB70A3D
001D0A3D7
002F47AE2
7FFD5C290
000000000
7FF347AE1
7FF666667
00048F5C3
7FFA00000
0014A3D71
000D33334
7FFC66664
7FFD9999A
000000000
7FE651EB7
7FE4A3D70
000F1EB86
7FCE51EB8
7FF4B851E
7FFE51EB9
0002A3D70
7FBC8F5C2
7FC8CCCCC
7FFE51EB8
000B0A3D7
000000000
7FDD33335
7FFA3D70B
000000000
7FDB851EB
7FE08F5C3
0000B851E
000000000
7FE59999A
7FFA7AE14
7FD35C291
7FF400000
002628F5B
0002A3D70
000000000
7FF0E147B
7FFAB851F
0002E147C
000DEB850
00183D709
7FFAB851F
7FFBAE146
7FFECCCCC
000000000
00050A3D6
000F9999A
7FFCE147C
0012F5C29
000000000
00290A3D8
001DC28F6
7FF066667
000828F5C
7FD866665
7FE4A3D71
000000000
7FE4A3D71
00039999A
7FDE66666
000C7AE14
7FE970A3E
000770A3E
7FFE8F5C3
7FBBD70A5
7FE2F5C2B
000000000
7FFECCCCD
000000000
7FDBC28F4
000266665
7FEC51EB8
0032A3D6E
005D9999A
0014E147E
7FF8147AE
7FFECCCCD
7FEB1EB85
7FFAB851F
7FF400000
0001AE147
7FFECCCCD
7FFC28F5C
0004CCCCB
7FDA8F5C3
7FA67AE16
00067AE14
002E147AF
0006F5C2B
7FFE51EB8
7FD228F59
0005C28F6
7FF3C28F7
000228F5C
7FF251EB7
7FFE8F5C3
001FEB852
7FEE3D70A
001F70A3D
7FEA66665
7FF251EB8
000000000
7FD0F5C2B
0008A3D71
001B1EB85
7FFB70A3D
7FFAB851E
7FFA7AE14
7FC8CCCCC
001200000
000D33331
7FCAF5C28
7FFDD70A4
7FF75C28E
7FFA3D70A
7FDD33332
7FFE8F5C3
000000000
7FE5D70A4
7FF2CCCCD
7FF9851EC
001147AE0
7FF066667
7FE55C28E
001200000
7FD2E147C
7FF4B8520
000000000
7FF628F5C
7FF2CCCCD
7FFCA3D70
001C8F5C4
000000000
7F8200000
7FFECCCCD
0008A3D70
000133333
0004147AD
7FFE51EB8
000A51EB9
7FDB47AE0
7FFDD70A4
0024F5C28
7FEE3D70A
7FF75C28F
0000B851E
7FFECCCCD
7FF6A3D70
000133333
0001AE147
0006B851F
7FF8CCCCD
7FF4F5C29
000000000
7FE7C28F5
000000000
7FDF99999
7FFCA3D71
7FFF851EC
7FDEA3D70
000133333
000ACCCCB
000000000
0001EB852
7FE9AE148
000E66666
7FFC28F5C
7FFFC28F6
7FF0E147B
7FFD9999A
0000B851F
7FFCA3D71
0001EB852
7FFE51EB8
7F9D5C28F
000000000
7FF6E147B
7FF88F5C3
7FEAE147C
001599999
7FEA66665
0004CCCCC
000828F5C
7FFFC28F6
7FFE8F5C3
7FF4F5C29
001D47AE3
7FFC28F5D
7FEA28F5B
7FD3D70A4
7FF75C290
7FFECCCCD
7FE5D70A5
0014E147D
000000000
000000000
7FB8F5C2A
7FF570A3F
7FE3EB852
001051EB8
0005851EB
7FF3C28F6
7FDB47AE0
000000000
7FD0F5C28
000170A3C
0008E1477
7FF2CCCCD
7FFB70A3B
000000000
7FEE3D70A
001B5C291
0001AE148
7F6A7AE14
7FEEF5C28
002C66666
7FD7AE148
003451EB8
000000000
7FF19999B
7FEEF5C29
000133333
001370A3E
7FD228F5D
000000000
0002E147C
7FD5851EC
7FE0CCCCC
7FFA3D70A
7FFAF5C29
00155C28F
000000000
000C3D70B
7F9947AE0
0000B851F
7FF43D70A
001051EB9
000C00000
7FFECCCCD
000B0A3D7
000000000
7FED0A3D8
000CB851E
7FF066666
002028F5C
7FEA66668
000170A3E
001933333
7FFDD70A4
7FFE8F5C3
000000000
00095C291
000547AE3
7FFC66666
7FEFEB853
7FF71EB84
000000000
00007AE13
001466666
7FE08F5C4
003A147AF
000600000
0001EB853
7FFE8F5C3
7FE4A3D70
001E3D70A
7FF6A3D71
001651EB8
7FF75C28F
00095C28F
000000000
7FFECCCCE
000F1EB86
7FF400001
000000000
7FF6E147A
7FFCA3D70
7FF71EB85
7FED851EC
000000000
0002E147B
7FFBEB852
001F70A3C
000000000
7FFD5C28F
000000000
7FCE51EB8
7FFBAE148
00230A3D5
000399999
000000000
7FE23D70C
7FEEB851E
00127AE15
7FDF9999A
000ACCCCC
7FF47AE15
7FF199999
7FFC66666
7FEA66667
002FC28F6
7FFE147AE
7FFE8F5C3
7FF88F5C3
7FEDFFFFF
7FFECCCCD
0000F5C29
000000000
7FFF47AE1
7FEEB8520
0002E147B
7FD733333
7FFF47AE1
0002E147A
000000000
0001EB852
7FFECCCCD
000770A3E
0004CCCCD
7FDEE147B
7FE08F5C3
000000000
001051EB8
000266666
000000000
000451EB9
7FDC00002
7FE8B8520
000D33333
7FF066666
000A51EB9
000DEB851
7FFECCCCD
00035C290
7FF9851EA
7FFE8F5C3
7FF2147AE
001428F5A
7FF6A3D72
7FFB70A3D
7FFF0A3D5
7FFAF5C29
000000000
7FEEB8520
0006B851E
000000000
0006B851F
000000000
7FF88F5C2
7FFA00000
00067AE14
0034147AF
7FFDD70A3
7FF570A3D
7FEA28F5C
000000000
00127AE14
7FE3EB853
0019AE14A
00110A3D6
7FED0A3D7
001FEB853
7FFECCCCB
7FFDD70A4
0014A3D70
000000000
7FF628F5A
00031EB85
7FEB1EB85
000770A3E
001051EB8
7FF6E147B
000000000
0006F5C2A
0007EB852
7FF43D70A
7FE83D70A
7FF15C28F
7FB9AE149
000170A3D
000000000
7FFA7AE14
00755C290
7FE428F5D
000133333
7FFAB851E
7FD63D70B
000000000
003E66667
004A28F5C
000D33333
7FFBEB852
7F78E147D
000600000
7FDCF5C2A
00035C28F
001AA3D6F
000451EB8
7FF15C291
7FE747AE2
7FE87AE15
7FD9D70A5
00063D70A
7FFD1EB84
00271EB85
7FF066666
00067AE14
7FFA7AE15
7FEF70A3C
7FEE3D709
000170A3E
7FFBAE148
0008A3D70
001A28F5D
7FFB70A3E
000000000
000828F5E
7FE800000
7FCCE147B
000000000
0001EB852
000A8F5C3
7FFCA3D70
00035C28F
000770A3C
000000000
7FEEF5C29
00050A3D8
7FF066666
0010147AE
7FEAE147A
7FF6A3D71
000000000
000733333
7FFF47AE1
7FD0B851E
004C147AE
7FF628F5E
7FE370A3E
7FE800000
7FFE147AE
7FEA28F5C
7FFBEB852
000228F5C
7FF75C290
0005851EB
7FA828F5B
7FFD9999A
000000000
000C3D70A
7FF6A3D70
001147AE3
7FFECCCCD
000000000
000000000
7FFE51EBA
7FE1851EC
000000000
7FE8F5C29
000D70A3D
7FF5AE148
7FE51EB84
0012F5C29
7FFCA3D71
000133333
0003D70A4
000000000
7FF43D70A
7FF30A3D7
7FED47AE1
7FE651EB9
7FEDC28F6
7FFD1EB86
7FF6E147B
7FEA66667
00063D70A
7FF3851EB
00050A3D7
000170A3D
7FFE8F5C2
7FFE8F5C3
000828F5B
7FE200001
7FD5C28F6
7FEE3D70A
000770A3D
7FCC28F5C
7FFBEB852
001428F5C
7FF43D70B
7FEB99999
7FC9851EA
7FFD99998
00050A3D6
0003D70A4
0007AE147
7FF47AE14
7FF251EB9
0009D70A4
7FEC51EB9
000133333
7FC947AE2
000000000
0002E147B
7FFCA3D71
7FEEB851F
7FEB1EB86
7FFBEB852
000000000
7FA8E147B
7FFAF5C29
7FF947AE1
7FFDD70A3
00048F5C3
7FF8147AE
7FFECCCCD
000000000
000EA3D72
7FFCA3D71
7FF799999
000733333
000A147AE
000000000
7FF947AE2
7FCC28F5E
0023C28F6
0004CCCCD
006F5C28E
000CF5C28
0007AE148
7FD50A3D7
000000000
000000000
000000000
00170A3D3
000000000
7FFBEB852
0014A3D70
7FD4147AE
001CCCCCA
7FED851EC
00215C28E
7FF628F5D
7FF1D70A5
000170A3D
000266666
002ECCCCE
7FEB5C291
7FCF851EC
7FE0CCCCC
7FD733333
7FFA00000
0004147AF
7FF2CCCCD
7FF6A3D72
000828F5C
7FF75C290
7FD91EB85
7FFE147AD
000000000
7FFBAE148
000000000
00063D70B
7FF1D70A3
0008E147B
000133333
0001EB852
7FD1EB855
7FFAB851F
7FFECCCCD
7FFE8F5C3
006D33332
7FEC51EBA
7FFBEB851
7FE3AE149
7FF028F5D
7FF947AE2
7FD39999A
000000000
7FFCE147B
000266666
7FFA00001
7FDCB851E
000000000
000770A3D
7FE87AE12
7FBB99998
000000000
000000000
000000000
7FEE3D70A
000000000
7FFDD70A4
00031EB85
7FE68F5C2
000C7AE15
0002A3D71
7FFF47AE1
7FE83D70A
000000000
7FFD99999
7FF90A3D8
7FF2147AE
000000000
000828F5C
7FD8E147A
7F99851EB
7FF8147AE
001428F5C
7FDB0A3D7
7FF666667
7FFB33333
000000000
7FFCE147C
000000000
7FFBEB852
000000000
0023FFFFF
7FA2E147B
7FF0E1479
7FD5851EC
7FD866667
001651EB8
000133333
7FE051EB8
7FFC28F5B
0000F5C29
7FFAF5C2A
7FF066666
7FFECCCCD
7FFAF5C29
0002A3D71
001DC28F4
000000000
7FE87AE14
000000000
7FE55C28F
000000000
0005C28F5
7FF8147AF
7FFECCCCD
000000000
000000000
00067AE14
001D0A3D7
7FFECCCCD
7FFECCCCC
0005851EB
7FF3851EC
00035C28F
7FFD9999A
7FFAF5C29
000000000
7FF11EB85
7FFDD70A4
0000F5C29
7FEFEB852
7FF71EB86
7FD2E147B
0017851EB
7FD133333
7FDA8F5C3
7FE3EB852
000E28F5B
7FF90A3D6
7FCB33334
000000000
7FF7D70A3
000000000
7FEFAE148
7FF8CCCCE
7FFCE147B
7FEBD70A4
7FF15C28F
000000000
000000000
7FFE51EB9
7FFECCCCD
7FE051EB8
7FE200001
000000000
7FE1851EC
00095C291
0006F5C29
000000000
000866667
000000000
7FDF5C28F
0000B851F
000000000
000000000
7FF028F5B
001428F5E
7FF1D70A6
7FDF9999A
7FD770A3E
7FF570A3D
000828F5C
000000000
7FF533333
000C7AE15
7FF15C290
7FF6E147C
7FFCE147A
7FE7C28F6
7FE0147AE
000000000
0007EB851
7FF4F5C2A
7FF8CCCCD
7FEFAE148
7FFAF5C29
0000F5C29
01F1FFFFF
000000000
000600000
7FF2147AF
7FD95C290
7FF9C28F6
7FFC66666
7FEF70A3E
7FE27AE15
7FFBAE147
000A8F5C2
00091EB85
7FF8147AE
001370A3E
0006B851E
7FFECCCCD
000D70A3D
7FFECCCCD
7FF533334
001800001
000000000
7FE9EB853
7FFECCCCD
001800001
000000000
00067AE14
7FEE3D70C
7FFE147AE
0008A3D70
7FEB5C290
000000000
0007EB851
7FEDC28F7
000000000
7FF88F5C0
7FD7AE14A
7FEC8F5C2
000000000
000000000
7FF066667
7FF4F5C29
7FF533333
7FC5AE148
002851EB6
000600000
000EE147B
7FFC28F5C
000828F5D
7FBA28F5E
000000000
000228F5C
7FD50A3D7
7FF90A3D8
7FD95C28F
7FE2F5C29
000000000
7FFF851EB
000D33333
7FFE51EB8
7FEB99999
7FF851EBA
7FB970A3C
7FFF0A3D7
00348F5C4
7FFBEB851
7FFECCCCD
000133333
7FFB33334
7FF533332
7FFA7AE14
000133333
000000000
000F5C28F
00031EB86
7FDB47AE2
7FF4B851F
0000F5C29
7FE8F5C29
0012F5C28
000000000
7FF9C28F6
000A51EB8
7FF90A3D7
002D9999B
000000000
0001AE147
7FF666667
7FFA7AE15
7FFE147AF
7FE428F5C
7FEEB851F
7FFC66667
001F33334
000F1EB85
7FEE3D70B
000C3D70B
7FEDFFFFF
000000000
001E7AE15
000000000
7FFE8F5C2
7FF533333
00095C28F
7FF71EB85
7FEC147AF
7FFE8F5C3
7FFBEB852
0011851EB
7FEEF5C28
7FFC66667
7FF5EB853
7FDB47AE1
000DAE147
7FF251EB8
0000F5C29
7FF4F5C29
7FFFC28F6
000000000
7FDC7AE15
000133333
001747AE2
7FF28F5C2
000000000
000000000
7FFFC28F6
00123D70A
000000000
7FF90A3D6
00048F5C2
7FF7D70A4
000000000
000000000
0014E147A
7FFE51EB7
000000000
000B0A3D8
7FFBAE148
000000000
7FD6B851F
7FF947AE1
00067AE15
7FFC28F5C
7FF11EB86
000C7AE13
00123D70A
0004147AE
7FE051EBA
000866667
000000000
000547AE1
0001AE148
000000000
7FF628F5C
00050A3D6
7FE2F5C29
7FEC51EB7
000133333
000000000
7FFBAE148
7FF5EB852
000000000
000228F5B
7FFC28F5C
7FFC28F5C
00035C290
7FE6147AE
7FFC66666
0008E147A
7FF947AE1
7FE08F5C3
7FF75C290
7FFB33334
0010147AD
000266666
000000000
7FFBEB853
000770A3F
7FFAB851F
7FD7AE147
7FFAB851F
00170A3D6
0003D70A4
7FD5851EB
7FF347AE1
7FF570A3D
7FF88F5C3
7FFFC28F5
7FF066667
000D33333
7FBEF5C2B
7FF947AE2
000000000
000000000
7FF947AE1
7FE10A3D8
7FD5C28F6
002028F5D
00067AE15
0002E147A
000DAE148
7FE147AE1
7FDE66668
7FF30A3D7
7FFA3D70A
0007AE147
7FEA66666
7FF666667
7FFE147AE
7FE3AE147
0008E147B
0009D70A3
7FE70A3D8
7FEFEB853
0002E147B
7FF79999A
0008E147A
000451EB8
00228F5C3
7FD000002
7FF6E147C
00031EB84
000451EB8
7FFCA3D70
0002A3D71
7FF628F5C
000000000
00091EB85
7FF19999A
7FFD5C290
7FF347AE3
003A51EB8
7FE4E147C
7FEFEB852
00007AE15
7FFB70A3E
7FE9EB852
7FF666663
0014A3D70
7FFDD70A4
000000000
000C3D70B
0008E147B
7FF400001
7FCF851EB
000000000
00039999A
7FFECCCCD
7FF6E147B
7FE466666
7FEEF5C29
000EE147A
001F33333
7FF570A3E
7FF30A3D5
0000B851F
7FE6CCCCD
000266666
0004CCCCD
7FF251EB8
7FEF70A3D
7FC947AE3
7FF3C28F5
7FF2CCCCD
0031EB850
7FFB70A3E
000000000
0003D70A4
7FFE147AE
001AA3D71
7FF30A3D5
7FFC28F5C
7FEF33333
00095C28F
7FF947AE2
7FF2147AE
0012B851F
7FFA3D70B
00063D70B
7FF5EB851
7FD63D70B
000266666
7FF9C28F6
7FDB0A3D7
0028147AE
7FFE51EB8
7FFECCCCD
7FF347AE2
002FC28F7
00183D70A
7FEEB851F
000170A3E
000CF5C27
000133333
7FFA3D70C
7FFE147AD
0004147AE
7FFAB851F
7FD9D70A4
7FEFAE148
7FB651EBB
7FF0E147C
7FE651EB8
7FD133334
0012B851E
7FFDD70A3
7FFD9999A
7FFA7AE14
7FEA66667
7FEA28F5D
7FFFC28F6
7FF0E147C
7FF7D70A3
0000B851D
7FF199999
000EE147B
7FFE8F5C3
7FFECCCCE
7FCD5C290
7FF9851ED
7FEC147AD
000133333
7FF851EB8
7FEC51EB9
7FFBAE147
7FF90A3D8
000000000
7FFE147AF
00151EB85
7FF5EB852
7FFA00000
7FFECCCCD
0001AE147
7FF15C290
7FF4B851F
001BD70A3
7FFE8F5C2
0005851E9
002AB851E
7FF90A3D6
7FFBAE147
7FFCA3D70
7FD1AE149
001970A3F
7FE9EB852
0002E147B
7FDB851EC
7FF347AE2
000451EB7
7FFAF5C29
7FFAF5C29
00003D70B
7FF5EB851
0008E147B
7FF9851EB
000000000
0002E147B
002799999
7FFECCCCD
7FF6E147C
002251EB9
7FDE66667
00031EB85
000266667
7FF533332
000000000
000000000
000000000
7FF88F5C4
000EE147A
7FF8147AE
7FF9C28F7
7FF6E147B
000000000
000000000
7FFFC28F8
7FFECCCCD
000A8F5C2
7FFAB851F
000EE147B
001051EB8
0001EB852
7FF851EB8
000000000
7FDF5C290
7FF066667
00048F5C2
7FFE147AE
000BC28F5
000170A3E
7FF15C290
0020A3D71
000000000
000000000
7FEAA3D70
7FF8CCCCD
000170A3D
7FFC28F5E
7FFA3D70A
7FF400000
7FEE7AE16
7FFE8F5C3
7FF88F5C4
000000000
00007AE14
7FF71EB85
7FFCA3D71
7FFECCCCB
7FFECCCCD
0002E147B
002947AE3
0008A3D72
000000000
00127AE14
7FF8147AE
7FDEA3D71
7FFECCCCD
7FF43D70B
7FF2CCCCD
000000000
002ECCCCD
0007AE149
7FE428F5D
7FFD1EB85
7FFFC28F5
7FEEF5C29
7FF6A3D71
00290A3D8
000A51EB8
001D851EB
000000000
7FF88F5C2
000000000
00099999A
000000000
7FFE8F5C3
0006B851F
0007AE148
0024B851E
000228F5C
7FFE147AE
7FAE28F5D
000F9999A
7FF3C28F6
0001AE148
001147AE1
0009D70A4
7FF400000
000000000
7FF3C28F5
000000000
000866666
00050A3D8
00099999A
7FFD5C28E
7FF947AE2
000770A3E
0001AE148
7FE0CCCCE
000000000
000266667
0004147AE
000866667
7FFE51EB8
7FFE8F5C2
7FFAF5C28
0001AE148
00067AE14
7FFCA3D71
7FFECCCCD
7FEF70A3F
00039999A
000133333
7FF19999A
7FF79999A
000866666
7FF79999A
000228F5C
7FD7AE148
7FF947AE1
000170A3D
0005C28F5
7FF75C28E
000000000
7FFDD70A4
000B0A3D7
7FFAB851E
7FFD5C290
7FFA3D70A
7FFFC28F7
7FED0A3D7
000C00000
0035C28F8
000000000
00519999C
7FEAA3D71
000000000
7FF0E147B
7FFDD70A4
7FF1D70A4
0002A3D6E
7FF75C28F
7FFCA3D70
7FFE51EB8
000A8F5C0
7FFBEB852
00050A3D7
0002E147C
00067AE14
0007EB853
7FFB70A3E
7FF1D70A2
7FF1D70A4
7FF0A3D70
000C7AE15
0006B851E
7FF90A3D8
000133333
00003D70A
000A147B0
7FFC28F5C
7FF851EB9
7FFB70A3B
7FE5D70A5
00063D70B
0004CCCCD
0001AE147
7FD6F5C2A
7FF0E147A
000000000
0001AE148
0000F5C29
7FFAB851F
000A8F5C3
7FEFEB852
7FF75C28F
000000000
7FEE7AE15
0025EB852
7FE7C28F6
7FF851EB8
000000000
000170A3D
7FE6CCCCD
000000000
000000000
000000000
7FED47AE2
7FF400001
7FF628F5C
00063D70A
7FF3851EC
7FFE8F5C3
00247AE14
7FFDD70A5
7FE800002
7FD266667
000000000
7FF15C28F
000C3D70A
7FF30A3D8
0000B851F
000266666
0000F5C2A
7FF2CCCCD
7FFD1EB86
0005C28F6
7FFE147AE
7FFD9999A
000000000
0014A3D6E
7FDE66666
7FFFC28F5
000170A3D
000266665
7FFECCCCD
000F1EB85
7FF8147AE
7FFD1EB85
000D70A3D
000000000
000000000
0018F5C28
7FF8CCCCE
7FF1D70A3
7FF947AE1
7FFC28F5C
7FFCA3D72
00067AE15
7FFE8F5C3
7FF0A3D72
00067AE15
7FF251EB9
7FE6147AD
7FEB9999A
7FF6A3D70
7FE6CCCCC
7FFFC28F5
00095C290
000000000
7FF43D70B
001C147AE
0004147AE
00031EB85
7FF570A3F
7FFBEB853
7FFD1EB86
000000000
000000000
000A51EB8
7FF5EB853
7FF79999A
00031EB85
7FFA7AE15
000000000
000000000
7FFD5C28F
000000000
00007AE15
00031EB85
0001AE148
0022147AF
00063D70B
7FFECCCCC
000CF5C27
0005851EB
7FF4B8520
000000000
7FFCA3D70
000000000
7FF71EB85
7FFCE147B
7FF47AE15
000228F5C
000170A3D
000228F5B
7FE10A3D7
7FE68F5C3
00099999A
7FFECCCCD
7FFECCCCD
7FFECCCCD
7FFF0A3D7
001E00000
000000000
7FD266667
7FE10A3D8
7FFE8F5C2
7FF251EB9
0001AE148
7FF628F5C
7FFDD70A4
0001AE148
7FFCA3D71
0016147AD
000000000
7FFAF5C29
0005851EB
000133333
0001EB852
7FEB5C28E
001466666
7FF75C28E
7FFA00000
7FFECCCCD
7FFA00000
7FE3AE148
000A8F5C3
0004147AF
0007AE147
0000F5C29
7FFE8F5C3
7FF3C28F5
000BC28F5
7FEE3D70B
7FF5AE148
000000000
7FF851EB6
0083C28F4
7FFCA3D71
000000000
7FE1851EA
000000000
0001AE148
7FF0E147B
000133333
7FFE51EB8
0002A3D71
000000000
7FD35C291
7FF71EB84
7FBFEB853
7FE4A3D71
00048F5C3
7FE9EB852
7FDDEB852
7FFBEB852
003170A3B
7FF0A3D73
7FF4F5C2A
7FFECCCCD
7FFF0A3D8
7FFECCCCD
0003D70A4
0007AE147
0000B851E
7FFE8F5C3
0001AE148
001800003
7FFF0A3D8
0000F5C29
7FF251EB8
000000000
000000000
7FF2147AE
000000000
00035C28F
000451EB8
7FC8147AE
7FFE8F5C2
000547AE1
00063D70A
000FD70A3
00003D70B
7FFDD70A3
7FFCA3D71
000000000
000266665
7FF1D70A3
7FF90A3D7
000000000
001D47AE0
000451EB7
7FF19999A
7FFC28F5C
0013EB853
7FFD5C28F
0005851EB
7FF0E147B
003CF5C28
002BEB852
000000000
0010CCCCC
7FEFEB853
0010CCCCE
000451EB7
0000F5C29
000000000
7FE08F5C3
7FFFC28F6
00099999A
005ECCCCC
000170A3D
7FF570A3D
0009D70A4
7FEC8F5C2
7FD63D70A
0000B851F
7FFCA3D71
7FDC3D70A
0004147AE
000EA3D71
00091EB85
7FFA00002
7FF3851EC
7FF71EB85
000000000
7FFBAE147
7FF799999
00123D709
0006F5C2A
000000000
7FFDD70A4
7FFD1EB85
7FFDD70A4
0007EB853
7FFBAE148
000000000
7FF666666
7FCA7AE15
00007AE14
0008A3D71
7FF628F5C
7FEB5C28F
000866666
7FFBAE148
7FF947AE1
7FEE3D70B
000000000
0005FFFFF
0008E147B
7FFE51EB8
7FFAB851F
7FF851EB8
7FFE51EB8
7FEF33333
7FF30A3D7
001A66667
00031EB85
7FEE3D709
7FF628F5D
7FFECCCCD
0000B851F
7FFBAE148
0002A3D70
0000F5C29
000000000
7FD31EB85
0002A3D71
000600001
7FFCE1479
7FFB70A3D
000000000
000000000
7FE747AE1
7FEF70A3D
0007EB852
000000000
000DEB852
00067AE15
7FF90A3D7
7FFF851EB
7FF5EB852
000170A3D
000000000
7FF6E147B
0004147AE
7FD399999
0003D70A4
0002A3D70
000228F5C
7FFE147AD
0000F5C29
7FFAF5C29
000266666
000547AE2
000000000
7FF71EB85
7FF90A3D7
7FE1851EB
7FCFC28F3
00035C28F
0004CCCCD
000000000
7FFE51EB8
7FED0A3D7
7FFDD70A3
000C7AE14
00168F5C3
7FFE8F5C3
000000000
0001EB851
000133333
7FFAB851F
0005C28F6
7FF8147AE
000000000
7FF7D70A5
7FFAF5C29
000000000
7FFECCCCD
000266666
7FF028F5B
7F750A3D8
000EE147B
000000000
000733334
7FFA7AE15
000000000
0010CCCCD
0001AE148
7FFE8F5C3
000133333
0004147AE
7FFD5C28F
7FE800000
7FF88F5C2
000547AE2
7FFAB851F
7FFCE147C
7FFDD70A5
7FFB70A3C
00039999A
0001EB851
0000B851F
00031EB85
7FF0A3D72
7FD600000
7FF2CCCCD
0001AE148
002E8F5C2
7FF0A3D73
00048F5C2
7FFD5C290
7FFBEB852
00007AE15
7FF947AE1
000CF5C29
001051EB8
000000000
0008A3D71
000133333
0000F5C29
000000000
000000000
7FF15C290
7FFE147AE
7FF347AE2
000C3D70B
7FFE147AE
7FFC66668
00290A3D6
7FFCE147C
7FFD9999A
00048F5C3
7FF066668
7FFD5C28F
7FFE147AE
0002E147A
7FFECCCCD
7FE2B851F
000000000
000000000
0006F5C28
000170A3D
7FE87AE15
7FF947AE2
0002A3D6F
7FFE51EB8
0005C28F6
0012B851E
7FEB1EB85
00031EB85
00048F5C3
00031EB85
7FF28F5C4
0002A3D71
000000000
0005C28F5
000170A3D
7FFCA3D71
7FF7D70A3
0003D70A3
7FC799999
000000000
000000000
000828F5C
00003D70A
000000000
7FF5AE148
0004147AE
000000000
7FF88F5C3
7FF6A3D71
7FFE147AE
000000000
000000000
7FFBAE148
7FFC28F5C
000133333
7FFDD70A4
7FE08F5C3
0001EB852
00067AE14
7FDEA3D72
7FFE8F5C3
000000000
7FF0A3D71
00050A3D7
7FF90A3D7
7FE9EB852
000000000
7FFC28F5C
000133333
7FFE147AE
7FD999998
000000000
7FDC00000
7FFDD70A3
7FFBEB852
000F1EB86
000000000
7FF8147AE
7FD95C28F
0005851EB
0021D70A4
000000000
000000000
000133333
7FFF47AE1
000CF5C29
7FB6CCCCD
00110A3D7
7FFD5C28F
7FF7D70A5
0006B851F
000228F5C
00039999A
7FFA7AE15
7FF9851EC
7FFB70A3E
7FFE51EB8
0005FFFFF
0004CCCCD
7FF5AE147
7FDEA3D71
7FE9AE149
000000000
000BFFFFF
000FD70A4
00039999A
7FF19999A
000828F5C
000000000
7FE3AE147
7FE333333
7FFBAE148
000000000
000170A3D
000000000
000000000
7FFE51EB8
001147ADF
00091EB85
000000000
7FEFAE149
000000000
7FFD1EB85
001A28F5B
000000000
0009D70A3
000000000
7FF88F5C3
7FF3851EB
7FF19999A
0005851EB
7FFE8F5C3
000000000
000000000
7FF7D70A4
000B0A3D8
000CF5C29
000000000
000000000
7FEBD70A3
000000000
000600000
7FFCA3D71
0004CCCCC
0002E147B
000000000
7FF30A3D8
000228F5C
000C7AE15
000547AE0
000000000
001E7AE13
7FF628F5C
000000000
00099999A
000000000
0019EB853
7FF851EB9
0002A3D71
7FFC66666
0002A3D71
7FF4F5C29
7FF2147AF
7FF251EBA
00035C28F
7FF9851EC
000000000
7FF028F5B
7FEEB851F
000000000
7FF851EB8
7FFECCCCC
0004CCCD0
000C3D70A
7FFECCCCD
7FF5AE148
7FFA7AE14
000000000
000000000
7FE147AE3
7FFBEB852
7FFA3D70A
000EA3D71
7FFE8F5C3
7FE651EB9
7FF347AE3
7FFD9999A
000000000
7FF8147AE
7FFA7AE14
7FFECCCCD
000E66667
000133333
7FF6E147C
000170A3D
0001AE147
001D47AE2
0012B851E
000170A3D
000CB851E
7FFE8F5C3
000828F5C
0008A3D70
7FFAB851F
0010CCCCD
7FFD1EB84
7FFCA3D71
000000000
0004147AD
00067AE14
00050A3D7
000A8F5C2
00099999B
7FF947AE0
7FF8147AE
7FF400000
7FF15C290
000828F5C
7FEA28F5E
000DEB852
000266667
000133333
000266667
000000000
7FF75C28F
7FFBEB852
7FFCA3D71
000000000
7FD07AE14
7FE8F5C2A
000170A3E
7FD770A3D
000170A3E
7FE7C28F6
000DEB853
000F9999B
00031EB85
7FFDD70A4
7FBF70A3E
000D33333
0006F5C29
7FF8147AE
7FF5EB852
7FFD9999A
7FF88F5C1
7FEC8F5C3
000000000
000000000
7FEC51EB9
000000000
003266667
000000000
000547AE2
000000000
7FF47AE15
000000000
000228F5C
7FE5D70A2
7FFB70A3D
7FF570A3D
00048F5C3
000000000
7FFE8F5C3
7F767AE15
000D33334
7FFDD70A4
000133333
000000000
000DEB852
0000F5C29
7FFB33333
000170A3D
000000000
000F1EB84
000000000
00035C28F
00035C28F
000C7AE15
0001EB853
7FEE00000
002CE147B
7FE70A3D8
001C8F5C3
7FEEF5C29
000000000
000F9999B
7FF9FFFFF
000451EB8
7FEE00001
000000000
000000001
7FF666666
00035C291
000000000
0001AE148
0000F5C29
7FFCA3D71
000000000
0002A3D71
7FE2F5C29
00048F5C2
00031EB85
000000000
7FFD1EB85
000A51EB9
000828F5D
000000000
00095C290
000000000
00031EB85
7FFD1EB85
00123D70A
000000000
000170A3D
000000000
000000000
7FF79999A
0029C28F8
7FFECCCCD
000000000
7FDD33334
000000000
000000000
000133333
000EA3D70
0001EB852
000000000
0023C28F5
000000000
00003D70B
000600000
7FFFFFFFF
000133333
7FFBAE147
0001EB852
7FFE147AE
000000000
000000000
7FFECCCCC
0003D70A4
000133333
00063D70B
000451EB8
7FFE147AE
7FF6E147B
002570A3D
7FC947AE3
0002E147C
000000000
000828F5C
000DAE146
000133333
0007AE146
001E00002
000000000
00170A3D6
000000000
00335C290
000170A3C
7FF9851EB
000170A3D
7FA9D70A4
7FFF0A3D7
000000000
000000000
7FEE00000
7FDB851EB
7FF3851EC
000000000
0003D70A3
7FFECCCCD
000000000
0002E147B
7FFA00000
0040147AF
7FF066666
7FFE147AE
000266666
001B1EB83
000000000
000451EB8
0032E147A
0005C28F6
000000000
001800002
00155C290
000000000
003F99999
7FEC8F5C3
7FFB33335
0001EB852
7FFDD70A4
7FF3C28F6
7FE2F5C28
000000000
000A147AF
0005C28F6
000ACCCCC
7FFE147AE
7FEB9999B
7FE933332
7FF251EB8
7FF851EB9
7FFD5C28F
0017851EA
0011C28F7
7FF30A3D7
7FF15C290
000EA3D71
7FF5EB852
0002A3D70
00007AE15
0002A3D70
7FF4B851F
7FF347AE1
7FF5EB852
7FE147AE2
000170A3D
0001AE148
7FEC51EB8
000000000
7FFB33333
000170A3D
7FF75C28F
001A28F5D
000000000
000000000
7FFBAE148
7FEE00001
0003D70A4
7FF851EB8
0003D70A4
0004CCCCD
00035C28F
7FEEB851E
7FDEA3D71
7FEE00000
7FD5851ED
000000000
7FF88F5C2
7FFE147AE
000000000
0005C28F6
7FFC28F5C
000000000
000133332
7FFDD70A4
000000000
7FF28F5C2
000000000
000451EB8
000000000
7FF2CCCCC
000000000
000000000
000000000
0000B851F
000000000
000000000
000000000
7FFE8F5C3
7FFC28F5C
7FE9AE148
000000000
7FF88F5C3
000000000
001051EB8
000000000
000600000
000000000
7FEAE147B
7FFCA3D70
7FF30A3D7
7FFFC28F6
7FFECCCCD
7FFE51EB9
7FFECCCCD
7FF90A3D7
7FE87AE14
00247AE15
7FFA00000
0001EB852
7FFDD70A3
0019EB853
7FF47AE15
0001EB852
0001EB852
7FFDD70A4
000170A3D
7FD1AE148
000000000
0005851EC
7FC9C28F6
7FD5C28F5
7FF066667
000000000
0005C28F5
00067AE14
001DC28F4
7FED851EB
7FFF851EC
000000000
7FF15C290
7FFA3D70A
00035C290
000000000
7FFAF5C29
000000000
7FF90A3D7
000C7AE15
000228F5C
7FE59999A
7FF570A3C
7FFBEB852
000000000
000000000
000000000
000000000
0012B851F
7FFDD70A4
7FFECCCCD
000000000
7FF3C28F6
000000001
7FFE8F5C3
000000000
000451EB9
000000000
000000000
000000000
000866666
000000000
000000000
000000000
00063D70A
7FF30A3D7
000000000
0003D70A4
00003D70A
0002E147A
0001AE148
7FF570A3E
7FFBAE148
7FCF47AE1
000133333
0002E147B
7FE5D70A3
7FFECCCCD
0047C28F5
7FD99999A
000000000
000000000
7FE10A3D8
7FEEB851E
000000000
0008E147A
7FFE147AE
000000000
7FFD9999A
000000000
0008E147A
000000000
000000000
001051EB9
7FF3C28F7
7FF28F5C3
001147AE2
000000000
7FEC8F5C3
7FFF47AE1
7FFECCCCD
000170A3E
7FF799999
7FFA3D70A
000266666
7FFAF5C28
0002E147A
0006F5C28
0011851EB
0001AE148
000228F5D
7FFE8F5C3
00035C28F
7FFFC28F6
7FF2CCCCD
0002E147A
0008E147C
0001AE148
000733333
7FFE8F5C3
0008A3D70
00035C28F
7FFECCCCD
000000000
000228F5B
000133333
000170A3E
7FFE8F5C3
000000000
001651EB9
000000000
7FFE147AE
00035C28E
7FFF0A3D6
0011C28F6
000170A3D
7FFE147AE
000000000
000000000
000000000
7FFE51EB9
000000000
000000000
0001EB852
7FFA7AE14
7FF6E147C
000BC28F5
000000000
000000000
000733333
000000000
004428F5C
000000000
0029C28F6
7FEB9999A
7FFCE147B
7FFE8F5C3
00067AE14
000000000
000000000
00095C28F
000BC28F5
0000B851F
000133333
000000000
7FFE51EB8
7FE9EB851
000000000
000000000
7FF533333
7FFF47AE2
7FF30A3D7
7FF3851EB
7FFBEB852
000000000
000000000
000133333
000000000
7FF347AE2
000133333
7FF4F5C29
000000000
7FE428F5E
7FF028F5D
000000000
7FF851EB9
7FF570A3E
7FFB33334
000000000
0004147AE
00007AE14
000600001
000000000
7FF9851EB
000000000
000000000
000000000
000000000
7FFF47AE2
7FFE8F5C2
000133333
7FFBAE147
000133333
000000000
7FFE8F5C3
7FFA00000
7FFFC28F5
7FFE147AE
000000000
000000000
000770A3D
7FF88F5C3
000000000
7FFC28F5C
000000000
7FF0E147C
7FFDD70A4
000000000
000C00000
000000000
7FF570A3D
7FF947AE1
000000000
000000000
7FFDD70A4
000000000
7FDDAE148
7FFC28F5C
00127AE15
0005FFFFF
7FFAB851F
000C3D70B
0007EB852
000000000
7FFCE147A
7FF75C28F
000228F5C
000000000
7FF15C28F
0002A3D70
7FF666667
7FFA00001
0011851EB
000000000
000000000
0001EB852
0004CCCCD
7FF75C28F
7FF8147AE
0005C28F6
000000000
000000000
7FF75C28F
7FF6E147B
7FF400001
000000000
0001EB852
000000000
0001AE148
000000000
00067AE14
000000000
000000000
7FC9851EB
7FFDD70A4
000000000
7FE9EB853
000133333
000133333
000000000
000266666
7FF066667
000ACCCCC
7FFC28F5D
7FF3FFFFF
7FFE8F5C3
0003D70A4
7FFE8F5C3
000170A3D
000000000
000000000
000000000
00048F5C3
000000000
0003D70A4
7FFFC28F6
7FFD5C290
0004CCCCD
7FFE8F5C3
7FFC28F5C
7FED47AE2
000000000
000266666
000000000
000399999
000000000
7FED851EB
000000000
000000000
000000000
000000000
7FFE147AE
0003D70A4
000A8F5C3
000000000
000000000
0008E147C
000451EB8
7FF71EB85
000000000
7FF628F5C
7FC47AE13
7FFBAE147
7F70F5C26
000000000
7FF8147AF
000000000
000000000
0005851EB
000000000
000000000
000000000
7FFA3D70A
00187AE16
000000000
000000000
7FF47AE14
7FE2F5C28
0005851EC
000000000
7FE466667
002BAE148
000000000
000000000
000000000
000000000
000000000
000000000
000DEB850
0002A3D70
000000000
7FFAB851F
000866666
000000000
002F47AE1
000000000
0046CCCCE
000000000
7FE1C28F8
000000000
000000000
000000000
7FFECCCCD
000000000
000000000
000BC28F6
000600000
00063D709
000000000
000000000
000000000
000000000
7FD170A3E
0017851EB
0019AE149
000000000
7FFC28F5C
7FE651EB8
7FFC28F5C
7FF9C28F6
0004CCCCD
7FE800001
7FF028F5B
7FBB5C28F
000000000
7FC15C28F
7FC2147B0
000CB851D
7FF6A3D71
7FDC00000
0004CCCCC
7FFA00000
7FFB70A3E
00031EB84
7FEFEB852
7FDEA3D72
7F79D70A4
000A8F5C2
000828F5C
7FFD1EB85
000000000
00048F5C4
7FF251EB8
7FD9D70A4
7FFAF5C29
0013AE148
000600000
000000000
7FF666667
000000000
000000000
7FF666666
00275C28F
7FFE8F5C3
002628F5C
7FEE3D70A
000000000
000866666
7FCECCCCD
0005FFFFE
7FFECCCCD
7FCA3D70D
7FF30A3D7
7FF4B851F
7FFE8F5C3
0000B851F
7FF2CCCCC
000DAE147
000451EB9
7FF90A3D7
0037EB851
000000000
000000000
000000000
7FF347AE3
7FED0A3D7
001428F5D
000170A3D
00035C28F
000D33333
000000000
7FFA7AE15
7FEB99999
0014A3D70
0030F5C29
7FF400000
0004CCCCD
0006F5C28
00050A3D7
7FB800000
0004147AF
000000000
000000000
001B1EB83
7FF30A3D6
000EA3D70
7F5466666
00108F5C3
0006F5C29
7FFBAE147
000C3D70C
000B0A3D7
0025EB852
7FCE8F5C6
7FF6A3D72
0031AE148
0016147AE
0023851E9
7FE6147AE
7FD63D709
7FEC51EB8
7FF4B8520
7FFE147AF
000000000
7FF75C28E
000F5C290
7FFCA3D71
7FFBAE148
7FD733335
0002A3D70
7FEAA3D70
7FFF851EB
7FF400000
7FFA7AE15
7FFB33333
00003D70B
0006F5C29
0002A3D71
000000000
000000000
000DEB851
7FFB33334
7FF30A3D8
7FDB47AE4
7FFB33333
7FF4F5C28
7FEB9999B
7FB4A3D70
0010147AF
0004147AE
0012B851F
000A51EB8
0021D70A4
000000000
0008A3D71
7FEEB851F
0009D70A4
000E28F5C
0006F5C28
0006F5C28
7FE9AE148
7FFF47AE3
7FE651EB8
0004147AE
000000000
7FFE147AE
7FEFAE147
0007EB853
0008A3D71
0006B851E
7FED0A3D7
7FF5EB852
7FF5AE147
7FFDD70A4
000133334
7FFF851EB
7FFF47AE2
000CB851E
0019EB852
00031EB85
000C00001
000000000
002947AE1
000866666
7FDBC28F6
000133334
7FFE51EB9
7FF3851EB
7FE10A3D6
0001AE148
7FE051EBB
0017C28F6
7FFF0A3D7
7FFA3D70A
7FFE8F5C3
000170A3D
7FFA00000
0002E147A
7FA1EB852
00168F5C2
7FF8CCCCD
00048F5C2
000399999
000000000
000000000
7FEE3D70B
7FD770A3E
001E00001
000000000
00271EB88
000266666
7FFD1EB85
000000000
7FBE3D70C
7FEB9999B
000000000
7FF0E147B
7FFBAE149
7FF1D70A4
000451EBA
7FF19999A
7FED851EC
7FFCA3D71
0007EB852
7FE51EB86
0001EB854
0021D70A5
0002E147C
0004147AE
000170A3D
000A147AB
7FD4CCCCC
7FFF851EB
7FFF0A3D8
7FFCA3D70
00063D709
002851EB6
0001AE148
0006B8520
000000000
7FFE51EB8
7FEB1EB86
000A51EB8
00091EB86
000000000
7FFC28F5B
00035C28F
7FE0CCCCF
0012B851F
7FD770A3E
7FC9FFFFF
7FFBEB852
7FF88F5C1
000A51EB9
7FFB70A3E
7FFECCCCC
000133333
7FE4A3D71
7FFE8F5C3
00031EB84
7FFBAE148
7FED0A3D4
7FFB70A3D
7FFC66668
0008E147A
7FDCB851E
001D0A3D6
7FFAF5C29
00003D70A
00031EB85
00007AE14
7FF6E147B
7FE466666
000000000
7FFBEB852
7FFECCCCD
00048F5C2
000266666
7FEF33333
0004CCCCD
7FF15C28F
7FE7C28F5
7FF066668
7FE7C28F6
7FBDC28F5
0009D70A3
001051EB8
000000000
00099999B
7FFA3D70B
7FD50A3D9
00063D709
000000000
7FDB851EB
000133333
7FFD1EB85
7FEC8F5C2
7FF251EB8
000000000
7FFF0A3D7
000000000
0008A3D70
000133334
7FFCA3D70
7FFE8F5C3
00091EB86
7FF066665
7FFE8F5C3
000B47AE1
7FF30A3D6
7FFAB851E
7FF4B851F
7FDBC28F6
0004CCCCD
001F70A3F
7FE1851EC
000000000
7FFCA3D72
7FF5EB852
7FF851EBA
7FE466668
7FE466669
7FF028F5D
000828F5B
0011851EC
000000000
000000000
0004CCCCD
000000000
000000000
7FD8E147C
00110A3D7
7FF9851EC
000133333
7FFCE147B
00271EB85
7FEF70A3D
7FDF1EB84
001147AE1
7FF88F5C3
0012B851F
000CB851E
000170A3D
7FFA7AE14
7FFE147AE
0034CCCCC
7FF251EB9
000000000
0011C28F5
0028147AC
000B851EB
0002E147B
000F5C28F
0029C28F6
7FF11EB86
000000000
000000000
00048F5C4
7FE147AE1
0005851EC
7FF947AE0
000000000
0000F5C29
7FE0147AE
7FDEE147C
7FE933334
7FF71EB85
7FFF0A3D7
002D1EB86
7FFF47AE1
7FFA3D70B
7FFECCCCB
7FF2CCCCC
7FF4F5C29
00187AE14
7FD4CCCCD
000000000
000170A3D
000000000
7FF79999A
7FE333333
7FEE00001
000D33332
7FF43D70A
00067AE15
001AA3D6F
7FFC28F5C
000000000
000733333
0001AE148
7FF9851EB
7FF47AE14
7FFECCCCD
001BD70A5
000170A3C
7FC9851EB
7FC30A3D9
000000000
000DAE147
7FE9AE146
003266664
7FF9C28F7
7FFD1EB85
7FFBAE148
000D70A3D
003EE147B
001370A3E
00031EB85
000D70A3E
00067AE14
0002A3D70
7F628F5C1
0004CCCCE
0012B851F
000228F5C
000266666
000000000
000000000
7F6947AE2
7FFAB8520
7F5F70A3E
003CF5C2A
000133334
7FFB70A3D
7FD600002
7FF15C28F
0001AE149
7FFB33333
7FCC66666
000451EB8
7FEE00000
006CB851F
001FEB853
7FF570A3E
0016147AE
0022147AE
7F7D33335
7FD5851EC
000000000
0002E147A
004051EB8
000000000
000000000
7FE9AE148
7FDC7AE12
7FF88F5C3
7FF8147AE
7FFCE147C
000D70A3D
7FD733332
00031EB85
0015D70A6
0016CCCCC
7FFCA3D72
0001EB851
7FEF70A3E
0014E147B
7FD3D70A3
7FD8E147A
001333333
7FF79999A
7FF028F5C
7FFE147AE
7FFB33333
0048B851F
00007AE13
7FFE51EB8
7FD600000
7FFCA3D71
7FF628F5B
7FF5AE147
7FFB70A3E
014066666
000000000
00219999A
7FE051EBA
001CCCCCC
7FE4E147C
000F99999
001EF5C29
002F0A3D6
003BC28F6
0002A3D70
7FF71EB83
7FF7D70A5
00127AE15
000000000
001B9999A
00187AE14
7FFA00000
0016CCCCD
7FF8CCCCD
000266666
7FFECCCCD
7F86147AF
7FFECCCCD
0002A3D71
000CB8520
002400000
7FEB99999
000133334
7FF47AE15
7FE970A3E
7FF3851EC
000000000
7FD828F5D
7FA2A3D70
000000000
000000000
7FB0CCCCD
000B47AE1
00048F5C2
000170A3D
7FFCE147A
7FD0B8520
00035C28F
7FD733334
000000000
0001AE148
7FEB9999A
000000000
000000000
000000000
7FEFAE149
00170A3D9
000000000
00007AE15
7FE5D70A5
0042B8521
00247AE14
00348F5C3
00667AE14
000733331
000000000
00003D70B
7FDF5C290
001FEB852
000000000
000DEB850
7FF75C28F
7FF8CCCCD
0044E147C
00050A3D7
7FFD1EB85
000133333
7FD35C290
00279999B
7FAA8F5C2
001C147AF
0004CCCCD
0004CCCCE
0038A3D71
7FEC147AE
000000000
000000000
7FFFC28F6
0006B851F
0005C28F6
7FF7D70A4
000D70A3E
7FD63D70B
001E00002
000866667
7FDC7AE12
000D33333
000000000
7FFD1EB85
7FCE147AE
7FF7D70A4
000000000
7FFECCCCD
0002A3D71
00151EB84
000266667
7FFF851EC
7FE1851EB
000133334
7FB200000
7FF251EB9
00095C291
7FFA3D70A
000F9999B
000000000
00348F5C2
7FF3C28F7
7FFBEB852
000000000
7FFECCCCD
7FDC3D70B
0001EB851
7FC43D70B
7FFBEB852
7FF28F5C4
7FF3C28F6
00155C28E
0060F5C29
0008A3D72
7FD1AE149
7FD95C290
7FE55C28F
7FAD33332
7FF5AE148
7FEE3D70C
7FFB70A3F
00091EB86
0006F5C28
7FFE8F5C3
00091EB84
0001EB853
7FF8CCCCD
7FF947AE1
7FFC28F5C
0053FFFFD
7FEB5C28F
0011C28F6
00050A3D7
000CF5C2A
7FE0147AE
000133333
000000000
000000000
7FDBC28F5
000C00000
7FFCE147B
7FF43D70B
7FEEF5C29
7EE733333
0014A3D70
000000000
7FF90A3D7
000000000
7FDB47AE0
7FEDC28F6
7FFECCCCD
0092E147F
7FEDC28F5
7FE0CCCCC
0004147AE
00067AE15
002028F5C
7FDEA3D71
001466665
7FF533333
7FF9C28F4
7FE7C28F7
7FEA28F5C
7FFF851EC
7FE55C290
7FD770A3D
00170A3D6
7FFAF5C29
7FFE51EB8
7FFF47AE1
00110A3D9
7FDC7AE14
7FF19999A
7FFE8F5C3
7FEB99998
7FF8CCCCD
7FD6B851D
000000000
7FFCE147B
000000000
0001AE148
7FFE147AE
00003D70A
0013EB852
001800000
7FEC8F5C3
7FABC28F5
7FE370A3E
000CB851F
7FE27AE17
7FEB5C28F
0017851E9
7FE933335
7FEE00002
00050A3D7
7FEFAE148
7FFBAE148
000866666
7FE4A3D71
0074E1479
000000000
7FCCE1479
7FF43D709
7FFDD70A4
7FEDFFFFF
7FD91EB86
000170A3D
0006B851E
7FEE7AE14
7FE27AE14
7FE599999
0043EB851
0017C28F5
001D851EA
0007EB852
7FF15C290
0000F5C29
000266667
001800000
7FD170A3F
7FD0F5C2B
0005FFFFF
7FE933333
7FFBAE148
000547AE1
7FECCCCCE
7FF88F5C4
7FC6A3D72
7FF9C28F6
7F8DC28F5
7FED47AE2
7FE970A3D
7FF7D70A5
7FFE51EB8
000ACCCCC
0005851EB
7FAE66664
7FDA51EB8
000000000
0001AE148
002347AE2
00170A3D9
7FFE51EB8
0004CCCCE
7FEC8F5C1
0000F5C28
0036F5C2B
7FFECCCCD
001DFFFFF
7FB2F5C2B
7FEE00001
000000000
001CCCCCD
0000F5C29
7FFB70A3D
000770A3D
000000000
0000F5C29
000451EB8
7FFDD70A4
0001AE148
7FFA3D70A
7FDB47AE1
7FE9AE147
7FFCA3D71
000BFFFFF
7FF947AE1
00031EB85
00035C290
7FFBEB852
7FEE00001
00050A3D7
0066B8520
7FEDC28F5
000266666
7FE6CCCCE
000F99998
7FFBAE148
7FFDD70A2
7FF3851EB
00108F5C2
0005851EC
7FFA7AE14
7FFB70A3E
7FF028F5D
7FFD5C290
7FF8147AE
0016147AD
001428F5C
000000000
7FCD5C28E
7FF9851ED
0005C28F4
7FF533332
7FF570A3F
0006B851F
7FFCA3D71
7FFA7AE15
0004147AE
000000000
7FF6E147B
0018F5C2A
7FE1851EC
7FECCCCCD
7FF570A3E
0013AE148
00035C291
000000000
7FFCA3D71
7FF30A3D8
7FFAB851F
7FE4E147C
000266667
0006F5C29
7FFAF5C29
7FFD5C28F
7FFE51EB8
00007AE15
7FFE51EB8
00003D70A
0005FFFFF
7FE933332
002AB851F
002C66666
7FF90A3D7
00050A3D7
000EE147B
7FFE8F5C3
7FF7D70A4
7FE051EB9
002AB851F
000EE147A
000999999
00091EB86
7FFD9999A
7FFE51EB8
0004147AF
7FE87AE16
7FE651EBA
7FFB70A3E
001370A3D
7FF15C28E
7FF251EB9
0009D70A4
000000000
0005FFFFF
000000000
000000000
7FE9AE148
7FFFC28F6
0006F5C29
7FFCA3D71
000000000
0005851EC
000C00000
000170A3E
7FFBAE149
7FF7D70A2
7FF628F5C
7FF570A3E
7FF3C28F5
000BC28F5
002400000
7FF11EB85
000000000
000170A3D
7FF6A3D71
0004147AE
001B1EB86
7FFF0A3D6
000547AE2
7FFAB851F
7FED0A3D7
00063D70A
7FF533333
0011851EB
002028F5E
7FFF47AE1
7F8466667
0015D70A2
000000000
7FEEB851F
7FB9AE146
000770A3F
7FD6F5C28
00091EB84
7FFD5C290
7FDD70A3E
0006F5C2A
7FF8147AE
7FE4A3D71
0008E147A
000000000
7FFECCCCD
0002A3D71
000000000
0001EB852
0028147AE
0004147AE
000E66666
7FF2CCCCC
001AE147A
000770A3E
000BC28F6
00391EB84
000000000
000000000
7FF347AE2
7FF5AE147
000000000
000000000
7F9570A3C
7FE2B851F
0001AE148
0005FFFFF
7FED851EC
006FD70A5
000E28F5C
001933333
00099999A
000000000
00230A3D4
0007AE148
000170A3D
7FD3D70A3
00155C291
7FEF70A3D
0001AE148
000E66666
000547AE2
000451EB8
7FF75C290
0004147AD
0007AE148
7FBF33333
003828F5D
0008E147B
7FFECCCCC
00067AE15
00048F5C2
0019AE148
7FFCE147A
7FFAB851E
7FEEB8520
7FF251EB9
00003D70A
7FFD1EB86
00007AE14
7FE3AE148
001428F5D
7FB6CCCCB
7FFD9999A
7FFE147AE
7FC947AE1
7FC666663
000000000
000F5C291
000F5C290
7FE51EB85
000133332
000547AE1
000828F5C
7FEE3D70A
7FFD9999A
000000000
000000000
7FADEB851
001466667
001B1EB83
7FF347AE0
7FFD9999A
7FFCE147C
7FB59999C
00168F5C4
7FBBD70A3
0002E147B
001DC28F5
7FE3EB851
003F1EB85
001BD70A5
0035851ED
7FFE147AE
000E28F5D
7FDA51EB9
0004147AE
7FDF5C28E
7FD1EB852
000C3D70A
000000000
0019EB84E
7FFE51EB8
7FC851EB8
7FDCF5C29
7FF11EB85
00035C28F
7FFF47AE1
00127AE15
00031EB85
0027D70A3
000866666
000000000
7FC8CCCCC
7FF11EB86
000547AE1
000C3D707
003D70A3B
7FF028F5D
0002A3D70
000000000
7FE333332
7FFCE147C
7FFD5C290
0000B851F
001370A3E
0005FFFFF
7FFE8F5C3
000000000
7FED0A3D8
001466666
7FF4F5C29
7FC0E147B
000E66666
7FE4A3D73
7FFD9999A
000000000
0002A3D72
000000000
000000000
7FEE3D70A
000CF5C29
7FFC28F5C
0002E147B
7FFE8F5C2
0004147AD
000399999
000000000
7FFD5C290
000000000
7FF75C28F
7FFBAE148
000133333
0006F5C28
000000000
000000000
000000000
7FFE8F5C2
000000000
7FFB33333
7FFE51EB7
000000000
7FE370A3D
001147AE1
00123D70B
000A51EB9
7F9A00000
7FF7D70A3
7FF75C28F
0010CCCCC
000E28F5D
0007EB851
7FE466666
001147AE1
0024F5C29
7FFE8F5C1
0003D70A4
7FF570A3D
7FFA7AE15
000000000
0004CCCCD
7FFA00000
0004CCCCC
001B99999
0011851EC
002666667
7FF0A3D71
000000000
000000000
001370A3D
000170A3D
7FFE147AF
0014E147B
000228F5C
000C00000
7FFCE147B
7FFD5C28F
7FFE147AE
0001EB852
000000000
00003D70A
7FFF851EC
7FF347AE1
00168F5C2
7FFE147AE
000DAE147
7FF947AE1
7FE9EB852
0034CCCCE
7FA99999A
7FD228F5C
7FCE8F5C2
7FCDD70A3
0003D70A4
7FFB70A3E
7FF3C28F5
0004147AE
7FE800000
000000000
7FF9C28F6
7FFA7AE15
7FFF47AE0
000451EB9
00067AE13
000451EB8
000000000
0009D70A4
7FEEB8520
7FD399998
7FF851EB9
001333333
0005851EC
000000000
000999999
000000000
00067AE16
000000000
7FFE147AE
7FFE147AE
00007AE14
7FFD5C290
0002A3D71
0020A3D71
000F5C28F
0020E1479
7FF7D70A4
7FE0147AE
7FFDD70A4
00108F5C2
7FFC28F5C
009DEB852
000000000
7FE2B851F
000000000
00187AE14
000000000
7F979999A
0005FFFFE
7FA31EB85
7FEB9999A
0017C28F4
000CF5C2A
7FFECCCCD
7FF79999A
00039999A
000266667
0009D70A4
000000000
7FC7D70A4
7FD770A3D
000C7AE14
000B851EB
000266667
7FFFC28F7
000E66666
7FFF851EC
0004147AE
7FB10A3D6
7FC570A3D
00003D70A
7FFE51EB9
7FFECCCCD
7FE747AE0
7FC347AE0
000266666
00063D70A
7FECCCCCD
0006B851F
7FEBD70A3
7FE370A3E
00275C28F
7FF90A3D7
002ECCCCD
7FFCE147B
7FAB0A3D6
7FF2CCCCD
7FF7D70A4
7FFB33334
7FFB70A3D
7FE70A3D7
00035C28F
7FE6CCCCE
000EA3D70
7FCCA3D70
7FF90A3D7
7FFF851EB
000000000
00127AE14
00348F5C3
7FEBD70A3
000ACCCCC
7FB800000
7FE428F5C
7FEC8F5C2
00215C291
7FE8B851F
7FF400001
7FDCF5C29
7FF79999C
7FF8CCCCD
000266666
000000000
7FFDD70A4
7FD7EB852
7FD5C28F6
7FEF70A3F
7FAE66668
7FFE51EB7
7FE70A3D7
000B47AE1
7FF90A3D7
7FF19999A
7FB27AE16
0005851EC
7FEBD70A4
7FED851EC
000547AE2
000F5C290
7FFD5C28F
0006F5C2A
0005C28F7
7FF79999A
7FC5AE147
7FF570A3D
7FF6A3D71
7FED851EB
7FF5EB851
7FFBAE147
7FDA147AD
000000000
7FFECCCCD
7FF8147AE
7FD7EB851
7FF19999A
001E3D70A
7FF71EB85
7FFE147AE
000266666
7FF8CCCCD
0001EB852
7FF9851EB
7FD35C290
7FFA00000
7FFE147AE
7FF4F5C29
7FF11EB85
7FF47AE15
7FF400000
0007AE148
7FFBAE148
7FFD9999A
000866667
000600001
7FFD9999A
7FFC66666
005066667
7FFBAE148
7FFBEB852
7FE70A3D7
7FFE8F5C3
7FDDEB851
7FF570A3E
0006F5C29
7F02CCCCC
0007EB851
000D33335
000000000
7FEEF5C28
7FC71EB86
7FCC66667
7FFAB851E
7FF7D70A4
000547AE1
000133333
7FE4E147B
7F9E147AF
0003D70A4
7FF9851EA
0001AE147
000170A3D
7FDACCCCD
7FF2147AF
000000000
7FFE147AE
00170A3D6
7FEC51EBA
0004CCCCD
7FFA7AE14
004747AE0
00035C28F
7FFECCCCD
0017851EC
0003D70A5
002C28F5C
7FF628F5C
001466666
7FE08F5C2
7FEE00000
000CB851F
000ACCCCD
7FFDD70A4
0021D70A5
7FBC147AD
7FF88F5C2
00331EB85
000133333
7FFE51EB8
7FFECCCCD
000000000
7FFE8F5C3
7FE2B851F
7FEEB851E
7FFE51EB8
000000000
7FF3C28F6
7FF8CCCCD
0004CCCCB
000A8F5C3
7FF2CCCCD
000000000
00183D70A
000EE147B
0035851EB
000000000
0004147AE
0001EB852
0005851EB
003CB851C
7FFD5C290
0016CCCCC
0018F5C2A
7FF9851EB
7FFFC28F6
00007AE14
000000000
0007EB853
7FF8CCCCD
0002A3D70
00067AE15
00127AE15
000CF5C2A
7FFE51EB9
00091EB85
000000000
7FFB70A3D
7FF11EB86
002F47AE1
0001EB851
000000000
000133333
7FFE51EB8
0029FFFFF
7FF1D70A4
7FEBD70A4
7FF9851EC
004A66668
7FFB33334
7FDC3D709
7FFBEB853
7FE5D70A3
00095C28F
7FE2F5C2A
000000000
7FFAB851F
001147AE2
000000000
7FDB0A3D7
7FF8CCCCD
000000000
000CF5C2B
7FD0B851E
7FE3AE147
0008A3D70
7FF47AE15
000B47AE1
001E00000
0000F5C29
7FF28F5C2
00127AE15
0002E147B
7FF11EB86
001CCCCCF
0000F5C2A
7FF347AE1
7FFD5C28F
7FFD5C28F
7FFB33333
7FF8CCCCD
7FFD1EB85
000999999
002A00000
7FF28F5C3
000000000
002ECCCCD
7FFF47AE1
7FE6CCCCC
7FFC66667
0000B851F
7FFB33333
7FFB33333
7FEAE147B
000000000
7FF79999A
7FFE147AE
7FF28F5C2
7FFF47AE1
000000000
0005851EB
000600001
7FFCA3D71
7FE0147AE
0011C28F5
7FF9851EB
000266666
0000B851E
000451EB8
7FFECCCCD
7FF6A3D72
00063D70A
001051EB8
0001EB852
7FFD1EB86
002251EBA
7FE8B851F
7FD133333
7FF1D70A5
000000000
000000000
000EA3D70
00170A3D7
000733333
000000000
0012F5C29
7FE68F5C3
7FFC28F5C
00091EB84
000C00000
7FE8F5C2B
7FF3C28F7
7FE23D709
000B851EC
7FFBEB851
000000000
7FFE8F5C2
7FFD99998
00039999A
000000000
0001EB852
000000000
00035C28F
7FF79999A
7FF533333
000000000
0004147AE
000000000
000000000
001AE147C
000D70A3E
7FFD9999A
7FE55C28F
0005C28F7
7FFF0A3D6
7FFD5C28F
7FFDD70A4
7FFBEB852
7FF533333
000B851EC
7FFE147AE
000000000
0005C28F5
0001EB852
7FF47AE16
7FDD33333
000000000
0001EB852
7FFAF5C29
001747AE1
000000000
000000000
7FE27AE17
7FF9851EC
7FF9C28F6
7FB5D70A4
7FC6E147C
0003D70A5
7FF8CCCCD
000A147AD
00048F5C2
7FFF0A3D7
7FEEF5C2B
0004147AE
7FFE147AE
7FFCE147B
7FE6CCCCC
7FFECCCCD
0026A3D71
000000000
7FFB33334
000BC28F6
0006F5C2A
7FFF851EB
0004147AE
7FFA7AE14
7FF628F5C
000000000
7FFD1EB85
7FF8CCCCD
7FE970A3D
000ACCCCC
000000000
000000000
7FFA00000
000000000
000000000
7FFB33333
0005FFFFF
7FF90A3D6
7FF5EB851
000A147AE
7FFE147AD
7FF570A3E
000000000
0005C28F6
000133333
7FFC28F5B
000133334
0002A3D71
7FFECCCCD
7FF3C28F6
7FFE147AD
7FEFEB852
7FEE3D709
0008E147A
000000000
7FD866666
7FFC28F5C
7FFBEB852
000399999
000170A3D
7FF666666
7FFBEB852
7FFA7AE14
7FF28F5C2
7FFD9999A
7FF533333
7FEDC28F6
000000000
7FF9851EC
7FE5D70A5
0002E147B
7FDE28F5C
7FFB33333
7FF43D70A
000000000
000170A3D
000DEB852
00050A3D6
7FFC66667
0005FFFFF
7FFC66666
0006F5C28
7FFD5C28F
000770A3E
000000000
7FFDD70A4
000170A3E
000547AE0
0003D70A3
7FFECCCCD
7FFB33334
000266666
0011C28F6
000000000
000399999
000266666
000000000
001A28F5C
7FEC8F5C3
7FE83D70C
7FFECCCCD
001147AE0
7FFDD70A5
000600001
7FE200000
000000000
000000000
0002A3D71
000866666
0005C28F6
00123D70C
7FF4F5C28
7FF6A3D70
7FFE51EB8
7FF028F5C
7FE70A3D8
000133333
000000000
7FFAF5C29
000000000
7FF30A3D6
000170A3D
000547AE0
7FFC66667
7FEC147AE
000170A3D
7FF2CCCCD
7FFA7AE16
7FF570A3D
7FF43D70A
001A28F5D
00063D709
7FFD5C290
000547AE2
7FFB33333
000451EB9
00091EB85
7FF88F5C2
7FFBEB852
7FFDD70A3
000000000
7FD866665
000000000
7FFD1EB86
000DEB851
7FF4B851F
7FF4F5C29
0017851EC
000000000
7FF028F5C
7FFCA3D70
000170A3D
7FF6E147B
000228F5C
000000000
7FFDD70A4
7FFCE147B
0004147AE
7FFA00001
000000000
7FFCE147B
0004147AE
7FEDC28F6
7FEEB851F
7FD170A3E
7FFE8F5C2
7FDF1EB85
7FF90A3D8
000000000
0004CCCCC
7FFECCCCD
000000000
000000000
00050A3D7
7FFC66666
0004CCCCC
00035C28F
000133333
7FF9851EB
7FFA3D70B
7FF4F5C28
7FFC28F5C
0007EB851
000000000
0000B851E
7FFCA3D71
0001AE148
000000000
000BFFFFF
00048F5C3
000451EB9
7FED0A3D7
7FFAB851E
7FF43D70A
7FF90A3D6
7FF570A3D
000BC28F5
7FE9AE147
7FEE00001
000000000
0014A3D70
7FFBAE148
7FFBAE147
7FE7851EC
000C7AE15
0004147AF
000EE147B
7FFBEB852
000000000
7FE2B851F
000A147AE
000000000
7FEEF5C28
7FFCE147B
0005851EC
7FFD9999A
7FEF33334
7FFAF5C29
000000000
7FF533333
7FF066667
7FEAA3D70
7FFECCCCD
000770A3D
7FFE51EB8
7FFF851EB
000000000
000170A3D
0003D70A3
7FFFFFFFF
7FF9851EC
7FF8CCCCD
0004147AD
7FED0A3D6
7FF9C28F6
7FFA7AE15
7FF851EB9
7FFD9999A
000000000
7FEC8F5C3
00003D70A
7FFD1EB85
00048F5C2
000000000
7FFECCCCD
7FFF0A3D7
7FF4B851F
0003D70A4
000BC28F6
7FE6CCCCD
7FFD1EB85
7FFE51EB8
7FFE51EB8
00039999A
7FF7D70A5
00035C28F
000000000
7FFBAE148
000133333
000000000
7FFFC28F6
0009D70A4
000000000
7FFAB851F
7FEEF5C29
000770A3D
7FFDD70A4
000000000
00003D70A
000000000
0003D70A4
7FFCE147B
7FEDC28F6
000133333
7FFAF5C29
000ACCCCD
00063D70A
7FFECCCCD
7FF30A3D7
000000000
7FFF0A3D7
000000000
000600000
000133333
7FFBEB852
7FED47AE1
0001AE147
000FD70A4
000266666
000000000
000547AE1
000B851EC
000000000
000000000
001200000
7FFA7AE15
0000B851F
000266666
00067AE15
000451EB8
7FFD1EB86
7FEFAE147
000000000
0005851EB
7FFD5C28F
7FFA3D70B
7FFCE147B
7FFDD70A4
7FFCE147B
000000000
7FFECCCCD
000000000
000133333
7FF8147AE
7FFE8F5C3
000000000
000000000
0008A3D71
000000000
00050A3D7
7FFE8F5C3
000000000
00067AE15
000000000
7FF3851EC
7FFD5C28F
7FF9851EB
000000000
000C3D70A
000733334
0005851ED
7FFCA3D71
000000000
7FFE51EB9
000000000
000000000
7FFD1EB86
000000000
7FFBAE148
0001EB852
0001AE148
7FFE51EB8
7FFECCCCD
000000000
000170A3D
7FFECCCCD
000000000
000000000
7FFD5C290
0005C28F6
000000000
7FFE8F5C3
000000000
000000000
000000000
7FFE8F5C3
000170A3D
7FFF47AE1
0004147AE
000228F5C
7FFD5C28F
00003D70A
0001EB852
000000000
7FFC66667
7FFD99999
7FFE51EB8
7FFDD70A4
000133334
7FFD1EB85
000133333
7FEE3D70A
000000000
0000F5C29
7FFECCCCD
7FF3851EB
0034CCCCD
7FFA00000
7FFBAE148
0007EB851
7FFB33333
7FE8B851F
000770A3D
000000000
000170A3E
000170A3D
0017851EB
7FF6A3D71
000451EB8
00039999A
7FF5EB852
7FFCA3D71
7FEFAE148
0001EB852
00007AE14
000000000
00003D70A
7FEF33332
0000B851F
7FED47AE1
7FFC66667
7FFE8F5C3
000228F5C
7FFFFFFFF
7FFE147AE
7FFE147AE
7FF347AE1
7FF43D70A
7FD9D70A5
7FFBAE149
0000B851F
7FF9851EB
00123D70B
00031EB85
7FF15C28F
0035851EB
7FFAF5C29
0008A3D71
0005851EC
001E3D70A
000CF5C29
0001EB852
002028F5C
0005C28F6
7FFDD70A4
7FD866666
7FFA7AE15
00003D70C
0010CCCCE
0009D70A4
7FFDD70A4
000228F5C
7FFD1EB85
000CF5C29
7FEA28F5C
000000000
00007AE15
000170A3E
7FEB1EB84
000000000
7FFC66666
7FF0E147B
000000000
002347AE1
7FF8CCCCD
7FFB33333
000547AE1
000000000
7FF8CCCCC
000000000
000000000
001A66666
7FFECCCCD
00031EB85
0003D70A4
7FF4B851E
0008A3D71
00039999A
7FF9C28F6
000000000
000733334
000ACCCCC
000000000
7FFF851EC
0009D70A3
0001EB852
000F1EB85
7FFCE147B
000000000
0008E147B
00211EB85
7FFA00000
7FF75C290
7FFDD70A4
0001EB852
0006F5C29
7FFE147AE
7FFAB851F
7FF75C28F
0002A3D71
7FF3C28F5
000866666
7FFE8F5C3
0006F5C29
7FFE51EB8
000000000
000170A3D
001200000
0005851EC
000BC28F5
00099999A
000000000
7FE51EB86
7FF43D70A
7FF9C28F6
00031EB85
7FEE3D70A
000133334
0000B851E
7FF400000
7FFA7AE14
000266666
7FF88F5C2
000000000
000000000
000000000
7FFE8F5C2
7FD7EB852
7FFBEB852
0001EB852
7FFCE147B
7FF19999A
7FF4B851E
7FF90A3D7
7FF90A3D7
0016147AC
7FFE51EB8
0018B851F
000866666
000000000
7FCAF5C29
000000000
0008E147B
001933333
000A51EB7
005AF5C2A
00215C28F
7FF8CCCCC
000000000
7FEC51EB9
7FEE7AE13
000000000
000000000
7FFCA3D71
000000000
000000000
000000000
7FFECCCCD
000000000
7FD3D70A4
00108F5C3
7FFECCCCD
000000000
000866666
000000000
7FEC51EB9
000000000
7FFE8F5C3
00063D70B
0007AE148
0001AE148
7FEEB851E
0000B851E
000000000
7FE747AE1
000A147AC
000000000
7FFE51EB8
000000000
000000000
000000000
7FF9851EC
000000000
000000000
000000000
000000000
7FED47AE1
000000000
000000000
000000000
000000000
00035C28F
7FF6A3D70
000000000
000000000
000000000
000000000
000000000
000000000
000000000
000000000
000000000
000133333
7FF628F5C
0006B851E
7F8651EB9
7F08147AD
7FF666667
7FED851EB
7FF2CCCCD
00168F5C3
002F851EE
7FFD5C290
000F1EB86
0008A3D6E
005666665
7ED628F5F
7FEFAE147
0034CCCCE
7F851EB86
7EAE8F5C3
001333334
0001AE146
0010147AE
000000000
0017851EA
008B70A3D
005BEB851
7FFA7AE14
00288F5C4
7FFBAE149
01C3AE14B
0002A3D70
000FD70A4
002AF5C29
002B33335
000F5C292
7F83EB854
003A147AE
000828F5B
7FFC66666
0093D70A5
7EA1D70A1
7FF19999A
0046CCCC9
0006B851F
006E66666
00110A3D6
002ECCCCD
000000000
003CB851F
0008A3D70
7FDF1EB86
000A8F5C2
000B851EB
0034147AD
7FF2147AE
004B9999A
0040147AE
7FFE147AF
7F22B8520
0090F5C29
7FF7D70A4
7FFF0A3D6
0040CCCCD
7FFC28F5C
7FF028F5D
7FF347AE2
00BE51EB6
7FEEB8520
7FFA3D70A
003F5C28F
7FFD1EB85
0020A3D70
0016CCCCD
0007AE14A
004E7AE14
000228F5B
0135D70A5
7FFE147AF
7FF2CCCCC
7F4866669
0014A3D70
00603D70C
0005851EA
7FDC00002
7FD91EB85
000A8F5C2
7FFDD70A4
0003D70A3
7FFBAE148
0002A3D70
7FE0147AF
00B8147AC
007EB851F
005E8F5C3
001747AE3
000DEB850
001051EB8
001747AE0
7F0B70A3F
7FDA8F5C3
7FCBAE148
7FC5EB851
0035C28F6
0089FFFFE
7FE7851EA
7F690A3D6
7FBAA3D72
7FF75C28F
0004147AE
000000000
00B88F5C4
0043EB853
000170A3C
00271EB88
0002E147B
7F268F5C3
0043AE147
001599999
7FF15C28F
7FFE51EB8
7FF066667
006F9999A
7F4C7AE18
7F2DC28F6
7F7E28F5C
7FF9C28F6
7FF947AE2
7F31D70A1
000EA3D72
0055AE149
0019AE148
0050A3D71
00050A3D7
0007EB852
000547AE2
00A8B851E
7EC8F5C27
7FF028F5C
7FFC66667
0005FFFFE
7FF4F5C2A
0021D70A4
008799999
00335C28E
7F95AE147
7FFD9999B
7FDCF5C27
00035C28F
0012B851F
000228F5C
001747AE0
0025EB853
000170A3D
7F5C51EB9
7F615C28F
7F450A3D7
0072B8520
000B47AE3
002628F5D
7FF4F5C28
7FFE8F5C3
003FD70A3
7FC0E147B
7FDDEB853
7FFE8F5C2
00663D707
001747AE1
7FCE147AE
002F0A3D7
7FFD5C28F
00095C28F
7FCA00000
00050A3D7
001F33334
7FF90A3D7
000451EB8
7FD266666
7F9B33333
004200000
7F8651EB8
7FF347AE1
7FEF33332
7FB3AE14A
7FDBFFFFF
7F42E1478
7F7451EBA
000000000
000EA3D72
00230A3D6
7FFD1EB84
7FE200002
000170A3D
7FFE147AE
005CA3D6D
7FE5D70A4
0006B851F
7FFE147AE
7FF851EB9
7FF9C28F4
7FFE51EB8
7FE933336
000FD70A3
00099999B
7FFD9999A
7FB2F5C29
000266666
004EB851E
000000000
00888F5C0
000000000
7FB1851EA
7FEC8F5C4
001051EB8
7FED47AE0
000000000
7FFF47AE1
7FFCE147B
000000000
7FCC66667
7FBB1EB86
7FED851ED
0078F5C2A
00530A3D8
001370A3E
7FFBEB852
7FCF851EB
7FF6E147C
7FB370A3D
00039999A
7FE1C28F6
001370A3D
0019AE147
7FFD5C28F
000A147AE
7F4F5C290
001B9999A
0004147AE
7FFA3D70A
003C00001
000FD70A5
7FFCA3D71
7F9E147AE
7FFD5C28F
7FBE00001
7FFECCCCE
7FE6147AE
00050A3D7
7FF4F5C29
7FEB9999A
004428F5A
7FE9AE148
7FE4E147C
7FF947AE1
002B70A3D
000000000
7FD95C28F
7FFFC28F6
000B851EB
7FFA7AE15
7FDC3D70B
001EB851F
000E28F5C
7FDDAE147
7FE08F5C1
7FFCE147B
0002A3D71
000000000
000000000
0055AE147
7FF88F5C3
7FC79999B
000000000
7FED47AE1
7FBCCCCCE
0024B851F
000DEB852
7FFBAE147
7FEA28F5D
000F1EB85
7F92CCCCC
000F99999
7FFB70A3D
000A8F5C2
000C7AE14
000E66667
7FCB70A3D
0006F5C29
000000000
0004147AE
000EE147B
7FDEE147B
7FAA51EB9
7FFBEB852
7FF2CCCCD
7FFC66667
7FF251EB8
000A147AE
000FD70A3
7FD6B851E
0036B8520
7FE933334
0001AE148
000000000
00603D70A
7FA733333
000E66667
003A147B3
7FE08F5C2
000000000
7FE147AE0
008A3D708
7FFAF5C2B
7F9D1EB86
7FF6E147C
7FFECCCCD
7FEAA3D71
000F1EB86
7FD6B8520
00303D70A
7FFD9999A
7FD866667
7FFD9999A
7FFECCCCD
7FC2CCCCD
0023851EC
0006B851F
7F7B851EC
7FED47AE1
005CE147A
006828F5D
002A00000
7FFC66666
7FD8E147A
7FBD851EC
006C00000
00127AE14
7FDE66667
006F1EB85
7FD828F5D
000000000
7FFBAE148
7FF533333
7FF5AE148
7FA39999A
7FFE51EB8
7FFAF5C29
7FB27AE14
0014E147B
005851EB8
0002E147D
001E3D70A
0001EB852
001B99998
000DAE147
00187AE14
005400000
001651EB7
7FECCCCCD
000999999
7F27851ED
7FFE147AF
00050A3D7
7FF43D70B
7F3A7AE16
000E28F5C
00A7FFFFD
7FB68F5C2
002AF5C2A
7FEF70A3C
004933333
005E51EB8
00108F5C3
7FF8CCCCD
7FDF1EB85
7FB428F5D
0022147AE
7FFE147AC
002947AE0
000000000
00DC147AD
000ACCCCD
7FEF70A3F
00170A3D7
0009D70A4
004370A3D
7FEB99999
7FF533334
7FFE147AE
0024B851F
00050A3D7
7FEFEB851
00031EB85
7FFB33333
0049AE145
0095C28F4
001333333
002251EBA
7F7828F5C
000000000
007C147B0
7FE8F5C28
004147AE3
7FFECCCCD
7FFE8F5C2
000170A3E
7FFC28F5B
7FEB9999A
000170A3D
7FF628F5D
7FF1D70A5
000DEB852
7FDE28F5C
002E147B1
7FE200001
0009D70A6
0070147AF
7FE6147AD
00067AE15
000000000
7F78E147C
7FF9851EB
000000000
00031EB87
000770A3E
7F75851EE
000DEB851
7FEB5C28F
7FFD5C290
7FA03D707
00091EB84
7FE428F5B
7FFAB851F
7FADEB853
001333333
00588F5C2
7FDB0A3D7
7FC8CCCCD
7FFECCCCA
7FFCE147C
7FEEF5C2A
001B5C290
7FF7D70A4
00035C28F
00127AE14
0011FFFFF
7FFECCCCD
000999998
7FF1D70A3
7FFBEB853
7FA5851EB
7FF88F5C3
00099999C
7FB4A3D70
7F883D70B
7FFCE147B
7FF8147AE
0025AE146
7FEC147B0
0005FFFFF
7FCCE147B
7FF628F5C
7FEB5C28E
7FFAB851E
7FFA3D70A
0023C28F5
000000000
7F587AE15
005347AE3
7FDDEB853
7FFD1EB85
7FF9851EB
00159999B
000BC28F5
7FFD9999A
007D47AE1
7FC79999D
7F9E8F5C3
7FF1D70A4
7FF6A3D71
7FD4147AD
7FFBAE148
7FFE8F5C4
000ACCCCD
000000000
7FF6E147B
7FD6B8520
7FFDD70A4
0001AE147
00243D70B
0001EB852
000D33334
00ADFFFFF
0004CCCCC
7FD03D70A
7FE747AE0
7FFF851EB
7FE87AE14
001051EB8
0007EB853
0019AE147
7FFCE147B
7FCF851EC
0047851EA
000BC28F5
7FF251EB8
7FE051EB8
000000000
000000000
7FFECCCCD
7FF799999
7FD770A3C
7FF3C28F7
7FF5EB852
7FFA00000
0034147AD
0010CCCCD
7FFBAE148
7FFFC28F5
001A28F5D
7FF79999A
00CF9999C
000000000
7FEEF5C29
00091EB87
00455C290
0002E147B
7F81851EB
00159999A
000000000
7FFE147AE
7FEE00000
000DEB852
7FC2CCCCD
7FED0A3D6
7FE1851ED
7FF71EB84
7FFDD70A4
7FD91EB85
7FEE00000
7FBA28F5D
7FF4B8520
000000000
7FEEB851D
0002A3D72
001DC28F6
7FB10A3D6
000000000
000000000
7FE51EB85
7FEAA3D71
7FB3AE146
00003D70C
0006F5C29
0045D70A5
0006B851F
7EC0CCCCD
000170A3D
7FEDC28F5
0006B851E
7FF628F5B
000A51EB7
7FF5AE147
7FBC147AD
000000000
7FFE147AE
7FEE00000
7FFD5C290
00350A3D7
7FF6A3D71
000866664
000000000
7FFE147AE
7FBD47AE2
7E9DC28F5
00095C28F
7FFE51EB8
7FD000001
0050E147A
7FF88F5C0
7FDD33333
0002A3D71
7FE8B851E
7FD9D70A4
001B9999A
000000000
003B0A3D6
000000000
00063D70B
009F99999
00063D70A
000A8F5C3
0017851EB
7FFC28F5A
7FEBD70A4
7FF947AE1
7FFE8F5C2
000E28F5D
7FF5AE146
000133333
000000000
000B0A3D7
7FE970A3D
002251EB9
000B47AE1
000133333
7FF30A3D7
7FFD1EB86
000828F5B
0001AE148
002BAE147
001B5C28F
7FFA00001
7FF347AE1
7FF3FFFFF
7FE0CCCCD
000000000
7F9E147B2
7FE800000
000000000
7FFCE147B
7FF1D70A2
7FED851EC
7FED0A3D7
000451EB8
002A3D70A
7FFCE147B
7FE87AE14
0006F5C29
7FFA00000
7FF3C28F6
7FFBEB852
7FFCA3D71
7FF4B851F
003DEB851
7FFAF5C29
000266666
0001AE147
000000000
7FE51EB86
004147AE1
005347AE3
000C7AE14
002347AE1
7FD1AE149
7FE6CCCCD
001147AE0
7FEB99999
7FEFEB852
0039D70A2
7FEFEB852
7FE051EB9
000000000
7FD48F5C4
000133334
7FF570A3D
7FDA147AE
7FC75C28E
00271EB84
7FC75C28E
7FF5AE14A
7FD07AE12
7FA63D70A
000733333
7FF6E147B
00007AE13
00035C28F
0004CCCCD
7FE23D70B
0001EB852
000E28F5D
00048F5C4
00048F5C4
7FFF851EC
002666667
7FFF47AE2
000C00001
00048F5C3
7FFDD70A3
7FFA00000
000170A3D
001970A3D
7FEB5C28F
001E7AE14
00290A3D7
003451EB7
00228F5C3
7FDACCCCC
7FE466668
7FF851EB8
004428F5C
7FCD5C28E
000000000
7FC30A3D7
005400001
003A51EB9
001FEB852
000000000
000000000
7FB800000
7FFCA3D71
7FFC28F5C
7FD03D70A
001EB851F
7FFA7AE14
00063D70A
7FF666667
0003D70A3
7FF7D70A5
7FF9851EC
000133333
7FF71EB86
7FDB0A3DA
7FFDD70A5
00048F5C3
7FD866667
0001EB852
7FF11EB85
7FFA00001
7FC28F5C3
000000000
000000000
7FF90A3D7
7FFB33334
000A147AE
000000000
00123D70C
7FE9EB852
001747AE3
7FFC66666
7FFCA3D70
0004147AE
7FECCCCCE
000C3D70A
0053851EA
00035C28F
7FFA7AE12
7FF9851EC
7FDE66667
000000000
000000000
7FCA3D709
7FFC66666
7FFB33333
7FF533334
0001AE148
000170A3D
7FF71EB86
7FFC28F5C
00110A3D7
001B1EB83
7FDE66667
000D33333
7FEC8F5C2
7FDF1EB87
000000000
7FFFC28F6
005D99999
7FA95C290
7FFD9999A
7FFD9999B
7FE59999B
7F90A3D70
001EF5C29
7FFECCCCC
00183D70A
0001AE148
0026E147A
7F388F5C4
000000000
7FFC66666
7FF4B8520
7FE59999A
7FEC147AF
7FFC66666
7FB9EB853
00050A3D6
7FE08F5C3
0005851EC
7FF5AE149
00007AE13
0010CCCCC
000600000
000000000
7FFD5C290
000000000
7FFB70A3E
00063D70A
000000000
7FCAB8520
7FD7AE148
7FFA7AE16
7FF9C28F7
7FF90A3DA
7FE4E147B
000000000
7FF9C28F6
00170A3D7
7FF47AE15
0058147AE
000000000
000451EB9
7FFA3D70B
7FEE3D70C
7FFD1EB85
002E8F5C1
7FB4E147A
0004147AD
0006B851E
7FFF0A3D7
000000000
7FF347AE1
0012B851E
7FB87AE14
7FFF0A3D8
00D10A3D8
7FFD5C28F
001147AE0
0019EB851
7FE7C28F5
000451EB9
7FEFAE149
000A147AD
000000000
0030F5C28
7FF7D70A4
7FF1D70A4
000EA3D73
0001AE149
7FF570A3F
7FECCCCCD
00003D70B
7FD7AE148
000B851ED
7FF4F5C29
0007EB851
000C7AE15
7FAF1EB85
000000000
0006F5C29
7FE933333
7FF0A3D71
7FF90A3D7
002F0A3D7
7FF5AE147
7FEEF5C29
7FF9C28F6
7FA5851EB
7FFC28F5C
7FF9C28F6
7FFD5C28E
7FFBEB852
000266667
000000000
7FF9FFFFF
7FF8147AF
0004147AE
7FF15C28F
7FFD9999A
000000000
7FE0147AD
7FFD9999A
7FF570A3D
7FFF851EB
000E28F5C
7FEA28F5E
000133333
7FF4B851E
7FE599999
0069D70A4
0006F5C2A
7FE147AE1
7FE87AE15
7FAB47AE3
7FC47AE15
7FFD5C28F
7FE70A3D8
7FE747AE1
7FD770A3D
7FDB47AE3
7FF3C28F7
7FA48F5C7
7FFE147AE
00067AE15
7FF90A3D7
7FE4A3D72
7FC6A3D71
7FF0E147C
7FF15C290
003C7AE15
001428F5C
7FDBFFFFF
7FF0A3D71
7FFECCCCE
7FE27AE15
7FEB5C290
7FF47AE13
7FFE8F5C3
7FF30A3D8
7FF30A3D7
7FEC147AE
7FFF0A3D7
7FFD9999A
00110A3D7
000133334
000D33334
7FF90A3D8
7FFC66666
0019AE148
7FF947AE1
7FF570A3E
000A8F5C2
00063D709
7FD31EB87
001651EB8
0000F5C2A
000000000
0005851EB
7FC75C291
7FDF1EB86
7FF90A3D8
7FF4B851F
7FFECCCCD
7FF15C290
7FFBEB852
7FFE51EB9
001970A3E
00003D70B
00050A3D7
7FF400000
7FDB0A3D8
000E28F5B
7FF028F5C
000000000
7FFA3D70A
7FED851EC
000D33333
0018F5C29
004BD70A4
7FF4B851F
7FCE147AF
0016147AD
7FF570A3D
7FB08F5C3
7FE87AE15
000133332
7FF90A3D7
7FFDD70A4
0001EB852
000000000
7FE83D70A
7FF533333
7FC3C28F6
7FD6B851F
7FE6CCCCE
0013AE148
0006B851F
7FF570A3D
7FE87AE15
002533335
0034147AD
7FD03D70A
7FFE8F5C3
000770A3E
7FF90A3D6
000451EB7
000733333
000B851EC
7FF4F5C29
7FFB70A3E
000170A3D
0020E147B
7FF533332
7FF947AE1
7FE147AE2
7FEFAE149
001EF5C28
7FFAB851F
7F87C28F8
001B99999
000000000
7FF88F5C2
7FEFEB854
7FF1D70A4
7FFC66666
000000000
0007EB852
000000000
00035C28F
7FF947AE0
7FF2CCCCD
000F99999
0030F5C27
7FF90A3D6
7FF9C28F6
7FDCF5C28
7FF8CCCCD
7FE428F5C
00035C28F
00095C290
7FF90A3D7
7FDC3D70B
000000000
7FD228F5E
00039999A
7FF4F5C28
000000000
000C7AE14
000EE147A
000E28F5B
7FB7FFFFE
7FE7C28F5
7FFE147AF
0006B851F
7FFD5C28F
7FFBAE148
7FFA3D70B
001A66666
7FBAA3D71
000228F5C
7FEFAE147
7FDBC28F7
000A51EB9
7FFC66668
7FEB99998
0008E147B
000B47AE0
7FFECCCCD
7FFD9999A
7FFD1EB85
003BFFFFF
7FF5EB853
7FF3851EB
7FF628F5C
7FFE147AE
7FF533333
0008A3D71
7FDA51EB9
002799999
000000000
7FDC00000
7FF7D70A4
7FD7EB853
7FF066667
0028CCCCC
7FFC66666
000000000
000A51EB8
7FF851EB9
7FFCE147B
7FD6B851F
0046147AF
00230A3D8
7FFD9999A
00031EB85
7FEEF5C2A
001599999
001466668
002BEB853
00275C28F
7FE87AE13
000000000
7FE599999
7FEEF5C2A
7FAFD70A5
7FFAF5C29
0016147AE
7FF15C28F
7FF0E147A
0013AE147
000EA3D71
7FF71EB86
7FFE147AE
0002E147B
7FEC147AF
000000000
00003D70A
0010CCCCC
002CE147B
7FDE28F5D
000133333
7FFE147AE
001F70A3E
7FFF851EC
0002E147B
0004CCCCC
7FE933332
0005851EC
000228F5B
7FFA00000
7FFB33334
7FF3C28F6
00063D709
0030B851F
0002E147B
7FF347AE1
7FF570A3D
000000000
0003D70A4
7FDFD70A5
00035C290
7FDDAE149
7FF88F5C2
7FFBEB852
7FC5AE149
000170A3D
7FE200001
000000000
7FE4E147C
000000000
0004147AE
7FFD1EB85
001EB8521
7FCF47AE2
7FF30A3D7
7FACB8520
0004CCCCD
000000000
7FE599999
002AB8521
0052147AC
000000000
7FF4F5C28
000000000
7FFDD70A4
000000000
7FE59999A
7FB1C28F5
7FD63D70A
7FFE8F5C2
7FB9EB84E
7FFC28F5C
7FFC28F5C
005CA3D70
7FEB99999
7FFD9999A
7FDF5C291
0011851EC
000000000
7FEB1EB86
7FF3851EC
7FFD9999B
7FF9C28F6
7FDEA3D71
7FEEF5C29
000000000
7FF75C290
000000000
7FFECCCCD
7FF6A3D72
7FE147AE0
7FEB9999A
7FE4E147C
7FF88F5C2
0007AE147
7FFE147AE
7FFA00001
7FE8F5C2A
0005851EB
7F8A66666
00247AE13
7FE3AE146
000C7AE13
7FF799999
7FF15C290
0036F5C28
7FE55C28F
0002A3D71
7FACF5C2A
000000000
00B028F5D
000266666
000266667
7FE428F5F
7FE3EB853
00035C28F
000000000
0020E147B
7FFFC28F6
7FF066666
7FFA00000
000EA3D71
00455C28E
7FFE8F5C2
7FF666667
7FF71EB85
7FEAA3D71
00048F5C3
7FE3AE148
7FE4A3D72
7FFF0A3D8
004933333
000000000
7FDF9999C
7FF5AE148
7FF28F5C3
0013AE147
7FCCE147B
000B47AE2
7FF7D70A4
000B851EC
00BCA3D71
7FF028F5C
0043EB852
7FF533334
7FEF33334
7FE83D70B
7FFF0A3D7
7FEEF5C29
7FEB9999A
7FFA3D70A
7FEC8F5C3
002BEB851
7FE68F5C2
0004CCCCB
0001EB853
7FF2147AE
7FFECCCCD
7FEB9999A
00035C28F
7FFD1EB85
0028CCCCB
7FE1C28F6
000F9999A
7FFA7AE15
7FC11EB85
000D70A3F
7FFECCCCC
7FF5EB851
7FF43D70A
7FF71EB86
000170A3D
7FEAA3D6F
7FFB70A3E
000000000
7FFE8F5C3
7FFAF5C2A
7FF5EB852
7FF8CCCCE
0001EB853
7FFE147AE
7FBAE147B
00050A3D7
7FD91EB85
7FEFAE147
00091EB85
00003D70B
7FF79999B
0009D70A4
000D33334
000000000
002AB851F
000CF5C29
00050A3D8
7FEBD70A6
7FE59999C
000000000
7FF3C28F5
7FF066666
7FFECCCCD
7FFB33334
7FC90A3D7
7FFC66666
7FFBEB852
000CB851F
000000000
00095C28F
7FF90A3D6
000000000
7FCE147AE
7FF2147AF
00007AE15
0002A3D70
7FF9851EB
000828F5C
003000000
7FF15C290
000228F5D
7FFDD70A4
7FD50A3D7
0011C28F5
7FF88F5C3
7FF5EB852
000000000
7FF2CCCCD
7FFA7AE14
0005C28F5
002F0A3D8
7EC4E1479
7FE70A3D8
7FBFEB852
00063D709
000BC28F6
7FF11EB85
0000B8521
7FFB70A3E
7FFC66667
7FFD9999A
00035C28F
7FFECCCCD
00063D709
7FFD99999
0006F5C29
7FCC28F5D
001428F5C
7FE970A3D
7FFCA3D70
7FFD5C290
000600000
000000000
00063D70A
7FF8CCCCD
001F33332
0000B851F
0003D70A3
000000000
7FF90A3D7
7FF628F5C
000000000
7FF5AE148
7FE333334
0001EB853
7FFC28F5C
7FF88F5C3
00048F5C2
7FE8F5C2A
0000B8520
000733333
000133333
001051EB8
001B1EB85
000C00000
00031EB84
0008E147B
7FF6E147A
7FFE51EB9
7FFB33333
7FFE51EB8
7FE8F5C29
000770A3E
001EB851F
7FF8147AE
7FFF851EC
00050A3D7
7FF3851ED
7FEA66668
7FEE3D70A
000000000
7FF75C290
0010147AE
7FE333333
001E7AE13
000866666
7FE599999
7FD3D70A4
7FE8F5C29
001651EB8
7FFBAE147
7FDF1EB86
7FF43D70A
000C00001
7FF6E147B
000266666
7FF5EB852
7FF347AE3
000000000
7FF5EB852
7FF9851EB
7FFD1EB85
0008A3D70
7FFB70A3D
7FFE8F5C2
00067AE14
7FFCE147B
7FF9851EC
7FF251EB8
7FDACCCCD
000000000
7FE2B8520
7FFA00000
7FEAE147B
000266666
0005C28F6
00048F5C2
7FFE8F5C3
7FF47AE14
7FFAB851F
000399999
0015D70A5
00048F5C2
7FF3C28F6
0008A3D71
0007EB852
7FE9EB851
7FE3AE147
001651EB8
7FFE51EB8
7FFECCCCD
000000000
0002A3D70
000770A3D
000DAE149
7FF9851EC
00007AE14
000000000
7FE651EB9
000228F5C
7FD95C290
001D47AE1
7FF5EB852
7FFF851EC
7FFA3D70B
7FFE51EB8
7FF6E147B
7FBCCCCCC
7FF2CCCCD
000CB851F
0000F5C29
7FFA3D70A
7FFF0A3D7
0008E147A
006A147AD
00099999A
00031EB85
7FFA7AE14
7FFB33333
002199999
7FF75C290
7FEC51EB8
000133333
7FF30A3D8
7FE70A3D5
7FDACCCCD
001800001
000547AE1
0011851EB
000000000
7FE8F5C2A
7FF8CCCCF
7FFCE147B
0007EB852
000451EB9
7FFECCCCD
000000000
7FF43D70A
0000B851F
000000000
7FEEB851D
00035C28E
000451EB8
7FFE147AE
7FF3FFFFF
0005C28F6
7FED47AE1
000CB8521
7FC1D70A4
7FF666666
00099999A
7FF066666
0005C28F6
0007EB852
7FFD9999A
7FFECCCCC
00035C28F
7FF9C28F6
7FE200000
7FFBEB852
000000000
7FFB70A3E
7FFAB851E
00035C28E
00003D70B
7FFE8F5C3
7FDD70A3D
0004CCCCD
000266666
7FFCE147A
0005C28F6
7FF851EB8
7FFCE147B
7FFB70A3D
7FEAE147B
7FEA66667
7FFE147AE
0006F5C29
000000000
7FFFC28F5
7FE2F5C2A
7FE70A3D7
7FFAF5C29
000170A3D
000000000
7FFD9999A
7FFECCCCD
7FFE147AE
0002A3D71
00170A3D7
0002A3D70
7FF75C290
7FFCE147B
000000000
7FFC28F5C
0002A3D71
7FFE147AE
7FE10A3D7
7FF3851EB
7FD1AE149
7FF8CCCCD
000E28F5D
000000000
000000000
0010147AE
7FE7851EB
7FD07AE14
7FFECCCCD
7FFF47AE1
000000000
7FFDD70A4
000000000
7FF75C28F
7FF9C28F6
000000000
7FFC28F5C
7FFE51EB9
000A147AD
7FF43D70A
000000000
7FF75C28E
7FE83D709
7FF851EB8
000000000
7FF628F5C
7FFECCCCD
7FE83D709
7FEC147AE
000000000
7FFCE147B
000000000
000000000
00168F5C2
7FD35C28F
0019AE148
7FFECCCCD
0001AE147
00279999A
002570A3E
7FF9851EB
000000000
000ACCCCD
00050A3D7
7FCDD70A2
7FD266666
7FF2147AE
7FEB1EB85
7FFE8F5C2
000BC28F6
000CB851C
7FF90A3D8
7FF71EB85
7FA866666
000133333
7FCB70A3E
000B0A3D8
7FC533332
7FEAA3D72
7FF5AE14B
7FE933334
000000000
7FF75C28E
7FE651EB8
000B0A3D7
7FFF851EB
7FFDD70A4
7FF666666
7FB87AE15
7FF88F5C2
000000000
0000B8520
000000000
000000000
0008A3D71
7FFD1EB85
7FF6A3D71
7FE8F5C29
00091EB85
7FF4B8520
7FDEA3D71
7FFD9999A
7FF4F5C29
7FFAB851F
0014E147A
7FEC8F5C2
000FD70A5
7FFFC28F6
7FF9C28F7
7FD547AE2
000000000
0001EB851
7FF9851EC
000170A3D
0012F5C29
7FE466666
000000000
000000000
7FFD1EB85
7FF4B851E
7FE2F5C2A
7FFD5C28F
0001AE148
7FFB33332
0005851EB
7FF9851EC
7FFD1EB86
7FFDD70A3
7FF7D70A4
7FEB9999A
7FF47AE15
7FF30A3D9
00003D70C
7FFA3D70A
000451EB9
7FFD5C290
0001EB853
7FF47AE14
7FFF47AE1
7FFD1EB85
7FE2B8520
7FF851EB8
7F92147AF
7FF8CCCCD
7FC028F5D
00099999A
000000000
7FD5851EB
7FEB9999A
7FFB33333
7FF8147AE
00003D70B
0023851EC
000133333
7FC4B851C
7FF88F5C3
0004CCCCC
000C3D709
000000000
7FF8147AF
7FF947AE1
000000000
00048F5C3
00048F5C2
000170A3D
7FFB33334
7FFB70A3E
000000000
7FFE8F5C2
7FF6E147B
0002A3D71
000000000
000133333
7FFE8F5C3
000000000
7FFD9999A
7FFC28F5D
7FF8CCCCD
7FFF47AE0
7FF6A3D70
000000000
7FDC00000
000000000
7FFE8F5C3
7FFCA3D71
7FF7D70A4
0003D70A3
7FFA7AE15
7FFE8F5C2
0010147AF
7FB8B851F
7FC9C28F5
7FEB5C28F
0006B851F
7FFAB851F
000000000
7FFD9999B
00067AE15
000DEB852
7FFBEB852
000000000
0009D70A4
7FE1C28F4
7FF75C290
000CB851E
7FB27AE15
7FFE8F5C3
0008E147B
7FF851EB8
7FE7C28F6
7FFB70A3E
0001AE147
0016147AE
00063D70A
00048F5C3
000228F5C
0007EB853
000000000
7FE55C28D
000000000
7FE0147AE
0005C28F6
0002E147A
000000000
7FD399999
000DAE149
7FF88F5C3
7FFBEB853
7FF628F5D
000000000
000000000
7FFD1EB85
7F9F0A3D6
7FFB70A3F
000000000
00003D70A
7FF4F5C29
000000000
001E3D70A
7FFC66666
0001AE148
000866667
7FFE8F5C2
000000000
000000000
7FF1D70A4
7FE51EB85
000000000
7FFECCCCD
000451EB8
7FF4B851F
000170A3D
000000000
000170A3D
7FFCA3D71
7FF75C28F
7FFD1EB85
7FFD1EB85
7FF570A3F
0001AE149
7FE70A3D7
00039999A
7FDC7AE14
7FEDC28F6
000266666
7FF251EB7
7FFD5C290
000828F5D
000000000
7FF9C28F5
7FF851EB9
7FFAF5C29
7FAB851EC
7FF851EB8
000000000
7FF28F5C2
0002E147A
7FF947AE1
7FDFD70A4
7FF8CCCCC
000547AE1
0001AE148
7FF5EB854
7FFE147AE
0001AE148
000000000
7FFECCCCD
7FF88F5C2
7FBC8F5C3
7FFBAE147
7FF8147AE
7FF71EB85
000FD70A3
7FF88F5C3
7FEEB851F
000000000
000000000
7FFE51EB8
7FFAB851F
000000000
001F33333
000B0A3D7
7FF4F5C29
7FF3C28F7
0004147AD
00095C290
000266667
0005851EA
000000000
7FF7D70A5
00063D70B
000000000
7FCDD70A4
00183D70A
7FFBEB852
000000000
7FF71EB86
000170A3D
000133333
001466666
7FFAF5C29
7FE5D70A3
7FFC28F5C
000000000
0001EB852
7FEC8F5C2
7FB1C28F7
7FEA28F5D
000000000
7FF347AE1
000000000
000770A3E
7FFCA3D71
0000F5C2A
7FF5EB852
7FFCA3D71
7FEE7AE14
7FE2B851F
000A147AE
7FFDD70A4
7FFC66667
000000000
0003D70A4
7FF666666
7FEDC28F6
000000000
7FFF851EC
7FFCE147B
00099999A
0001AE148
7FEFAE147
001EB851F
000000000
000733333
7FE2F5C2A
000000000
000000000
7FE8B851F
7FD170A3E
000E66666
000000001
000000000
7FFCE147B
7FF8147AE
7FFB33333
7FF9C28F5
0001EB851
7FF0A3D70
00031EB85
7FFC66667
7FFB70A3D
000000000
7FFECCCCD
7FFE8F5C3
7FFD9999A
00050A3D9
000228F5C
00067AE16
7FFD5C290
7FF628F5D
00003D70A
000000000
0003D70A4
000000000
7FF0A3D71
0005C28F6
7FF43D70B
000828F5D
0011851EB
7FFC28F5C
7FD3D70A5
7FF1D70A4
7FF71EB86
000000000
7FEEB851D
0001AE149
7FFECCCCD
7FFF851EB
7FF9C28F5
7FE87AE14
7FFCE147B
7FE10A3D7
00123D70A
7FFD9999A
7FF199999
7FF628F5C
7FFECCCCD
7FFDD70A4
000000000
001800000
7FFE51EB8
0002A3D70
7FEF70A3D
00067AE14
7FEC147AD
001466668
7FFECCCCD
7FEDFFFFF
7FFF851ED
7FEA28F5C
7FFF47AE2
000170A3E
7FFE51EB8
7FD547AE3
7FCF851EC
7FF851EB8
7F7EA3D71
000000000
0027D70A4
000A147AD
7FD3D70A5
0001EB852
7FFC28F5C
000000000
7FEF70A3E
000D33334
0005C28F6
7FD4CCCCC
7FEC147AE
7FF799999
0004CCCCD
000451EB8
000000000
7FFE147AE
7FF570A3D
0004CCCCC
7FF0A3D71
000000000
7FF4F5C29
000000000
0004147AD
00003D70A
000000000
000000000
0004147AE
000000000
000000000
7FEC147AF
7FF79999A
7FF71EB86
000000000
000000000
000000000
000133333
000000000
000000000
000000000
003FD70A4
0004147AE
00168F5C2
000000000
7FEA28F5C
000000000
7FF90A3D7
0001AE148
7FFD1EB85
00048F5C3
7FE3EB852
00187AE15
7FF1D70A5
00063D70B
7FDF99999
7FB4A3D74
7FF90A3D7
000000000
7FFECCCCC
7FF7D70A4
000399999
7FF0E147B
7FFDD70A4
7FF8147AE
000000000
7FEEB851E
7FF79999B
7FC251EB7
000000000
000F5C28F
7FF9C28F6
7FFA3D70A
7FFBAE148
000000000
7FE651EB8
000133333
00039999A
7FFD5C290
7FF88F5C3
7FFD5C28F
7FFCE147B
0019AE146
000000000
000EE147B
0000F5C29
7FF47AE15
7FE747AE1
000ACCCCC
0000F5C29
7FF6A3D71
7FFD99999
7FFD1EB85
7FF9851EC
00151EB85
7FF3851EB
7FBC51EB6
0002E147C
7FFD5C290
7FFE8F5C3
7FE23D70C
7FFCE147B
7FF3C28F7
7FFAB851F
001B5C28F
7FFE51EB8
002C28F5E
7FFCA3D71
7FFECCCCD
00007AE14
7FFE8F5C3
000399999
7FFBAE148
7FF8147AF
000000000
7FF11EB85
000000000
7FF71EB85
7FE933334
00110A3D9
7FFE51EB8
7FF947AE2
7FEA28F5C
7FFECCCCD
7FFE8F5C3
7FFC66667
000733333
0000B8520
7FE1851EC
7FFD9999A
7FFD9999A
7FF28F5C2
7FF666666
001051EB7
7FE1851ED
7FFA7AE14
0002E147A
7FFCE147B
7FFD5C28F
7FFB70A3D
7FFAB851F
7FFCA3D71
7FDACCCCD
000A147B0
7FF71EB85
7FFE51EB8
7FF71EB86
7FDF5C28E
7FFC28F5C
000866666
7FF88F5C2
00003D70A
000451EB8
7FFA00000
000E66666
000D70A3D
000266667
000000000
7FEEF5C29
000000000
000000000
7FEFAE149
7FFC28F5C
00039999A
7FF9851EC
7FF19999A
7FEAE147B
001AE147A
000000000
000FD70A3
7FF90A3D6
7FFDD70A4
7FF7D70A4
000000000
7FF851EB8
7FF251EB8
7FFE8F5C3
7FF3851EB
000A147AE
7FFDD70A4
7FEEF5C29
7FF5EB852
7FF666666
7FF2CCCCD
0013AE148
7FFE51EB9
000000000
7FFF851EB
7FFD9999A
000F99999
000000000
000000000
7FFA3D70A
7FE747AE2
7FFBEB852
000000000
000000000
000000000
000000000
7FD266667
7FD39999B
000266667
000DAE147
7FFAF5C2A
000000000
000C00000
0011FFFFF
7FFAF5C29
000000000
7FFBAE148
000000000
7FC28F5C3
000266667
0003D70A4
0025EB852
000000000
7FF3851EB
0013AE149
000600000
0003D70A3
0016CCCCD
000ACCCCD
7FE23D709
00215C28F
000000000
7FEA28F5B
7FDE28F5D
7FFA00000
00095C28F
7FEFEB852
7FFCE147B
7FF71EB85
7FDEA3D70
000170A3D
000A8F5C2
7FFECCCCD
000000000
7FFCE147B
000770A3E
00031EB86
7FE0147AD
7FFD9999A
7FFD1EB85
0005FFFFF
000000000
7FFF851EC
000CB8520
7FE27AE15
7FFF0A3D8
7FF7D70A5
0012F5C29
7FF6E147C
0000F5C2A
000A147AE
000000000
7FC11EB84
001466666
7FFAF5C29
7FFAF5C28
0000F5C29
7FD95C28F
7FFBEB852
7FFAF5C29
7FF6A3D70
7FFCA3D71
7FF8CCCCC
7FEA66666
7FD4147AF
00039999B
7FF71EB85
0003D70A4
0004147AF
7F9D9999A
7FFE51EB9
0002E147A
000000000
7FFE51EB8
000733334
7FD63D70E
7FFA7AE14
7FFCE147B
7FF3851EC
7FF8CCCCD
000000000
7FFCA3D70
7FFF47AE2
7FFC66666
000000000
7FFECCCCD
000000000
7FF88F5C2
7FF851EB9
7FFE51EB8
000000000
000000000
000F5C28F
00031EB86
00031EB85
7FFD9999A
0012F5C2A
000000000
7FEF33333
7FE1FFFFF
0012B851E
000000000
7FF79999A
000000000
000000000
7FF9851EB
000B0A3D9
7FFF851EB
0002E147B
000F5C28F
7FD600000
7FF47AE14
7FFCA3D71
7FFF851EB
7FFDD70A3
7FFCA3D70
7FFAF5C29
7FFDD70A5
7FF9C28F6
7FFF851EB
7FF5AE148
7FE2F5C29
003228F5A
7FDEA3D72
000000000
7FFA7AE15
7FF75C290
7FFA00000
7FFFC28F6
000000000
7FEC147AE
7FFBAE147
7FDDEB852
7FF9851EB
7FFA00000
7FE2F5C2A
000A8F5C2
7FE1851ED
7FF43D70B
7FFE51EB8
7FF6E147B
00035C28F
7FFD1EB86
7FFB70A3D
000000000
00067AE14
7FF28F5C2
7FFF47AE1
00099999A
7FFD9999A
7FFE147AE
000000000
000000000
7FD31EB86
7FFE51EB8
7FFAB851F
7FE599999
7FE70A3D7
7FFECCCCD
0001AE147
00003D70A
000828F5C
002A3D70A
0001EB852
000000000
7FFE51EB8
7FF4B851F
7FFF0A3D8
7FFDD70A6
000547AE2
7FFA00000
000CB851F
7FFD9999A
000228F5C
7FFF851EC
7FED47AE1
7FFD5C291
7FFA3D709
7FF9C28F6
7FFECCCCD
7FFE8F5C3
7FD0F5C29
7FF947AE1
7FFECCCCD
7FFB33333
7FFA7AE15
000000000
7FFBEB852
7FFECCCCD
000451EB9
00039999A
7FFAF5C29
0000B851F
0000F5C28
0017C28F6
0029C28F6
7FFC28F5C
7FFDD70A4
7FFE8F5C3
7FF5AE148
000000000
000B851EC
000000000
7FE2F5C2B
7FE3EB852
000000000
000000000
7FDF5C290
7FFECCCCD
7FF9C28F6
0006B851F
7FF4F5C29
7FF8147AE
000E28F5C
000547AE2
000866666
7FFECCCCD
7FFE147AE
7FFB33333
7FFC66667
000133333
000170A3D
7FF5AE148
0001AE145
000000000
7FF1D70A5
0006B851F
7FFFC28F6
7FF0A3D71
7FFECCCCD
7FF75C290
7FFE8F5C3
000DEB852
000000000
7FE4E147B
7FFF47AE1
7FEBD70A4
00091EB84
000000000
7FF4B851F
7FFDD70A4
7FF47AE15
7FD9D70A4
7FEAA3D71
0010147AD
7FF9851EC
7FEEF5C2B
7FFE8F5C3
7FEEF5C28
000D33332
7FEBD70A5
7FFD5C290
0003D70A4
7FFBAE149
7FF851EB8
7FFDD70A4
0001EB852
0070CCCCC
7FF7D70A3
7FF8CCCCD
000000000
7FF19999A
7FDC3D709
7FF6A3D71
7FF9851EC
7FFA3D70B
000000000
000000000
000000000
7FED851EB
000399999
00039999A
7FFE147AE
000000000
000000000
7FFB33333
7FFBAE148
7FFE147AE
000000000
000000000
7FFD99999
7FFAF5C2A
000000000
7FF5AE147
00063D70A
7FFCA3D71
7FFCE147A
7FFE147AE
000228F5C
7FFFC28F5
7FFE8F5C2
7FEF70A3D
7FF5EB853
000228F5C
00215C28F
7FF533333
7FFC66667
001B5C290
7FFE8F5C3
7FFC28F5C
7FFE51EB8
7FE8F5C29
00048F5C2
7FD2E147C
7FFAF5C29
000000001
7FE651EB9
7FFA3D70A
7FF1D70A4
000000000
7FFD9999A
0000F5C28
7FF7D70A4
000CF5C28
000228F5D
7FFCA3D71
7FF9FFFFF
000A147AE
0008E147A
000000000
7FF8CCCCE
000000000
000000000
00035C28F
000000000
000E66667
7FEA28F5D
000000000
7FE599999
0003D70A4
00159999B
000000000
000000000
00003D70B
000000000
000000000
000000000
0004147AE
001747ADF
7FF028F5D
000000000
7FF7D70A4
7FFC66666
000000000
7FFE8F5C3
0011C28F5
000000000
7FF570A3D
7FFD1EB85
7FE83D70A
7FCD9999A
7FEC51EB8
7FFD1EB85
000170A3E
000000000
7FFD5C28F
000000000
7FFE147AE
7FFA3D70B
7FFD5C290
7FFE51EB8
000133332
7FFD1EB86
0001EB852
7FAB851ED
7FFCA3D71
7FFE51EB8
0001EB852
00048F5C2
7FFCE147B
7FFC28F5C
7FFBEB851
000000000
7FDFD70A3
7FE3EB853
7FFECCCCD
7FFECCCCD
7FFD9999A
0003D70A4
7FFE8F5C3
000000000
7FF199999
0002E147B
000451EB9
000000000
7FDE66665
7FFA00000
7FDACCCCD
000F9999A
0004147AE
0004147AE
7FFECCCCD
000000000
000866667
7FF90A3D7
7FFECCCCD
00067AE15
7FDA8F5C2
7FFECCCCE
00D6CCCCC
7FFE8F5C3
7FF71EB85
7FC3C28F7
000000000
001147AE3
000000000
7FF2CCCCC
7FFA3D70A
7FFD1EB86
7FDB0A3D4
000CF5C29
7FFB70A3D
7FFB33334
000A51EB8
000000000
000000000
000266666
7FFE8F5C3
7FFD5C291
0003D70A4
000133333
7FFECCCCD
000000000
7FFD9999A
000D33333
7FFE51EB8
7FFF851EB
000B851EB
7FFE147AE
000000000
7FF28F5C1
7FE147AE1
000828F5C
0010CCCCC
000000000
7FFAF5C29
000000000
000133333
7FF5EB852
7FEB1EB86
000000000
000000000
000B0A3D7
000000000
000EE147A
7FF4B851E
00031EB85
7FF71EB86
7FFCA3D72
000000000
7FFDD70A4
7FF1D70A3
000000000
000000000
000170A3D
000000000
000000000
000000000
7FFECCCCD
000000000
0004147AE
000000000
7FF251EB8
7FFECCCCD
000170A3E
000000000
000000000
000000000
7FF11EB85
000000000
7FE68F5C3
0012F5C29
7FF8CCCCD
000CB851F
7FF5EB852
0001AE148
00048F5C2
7FE70A3D7
7FFB33333
000000000
7FFBAE148
7FFE8F5C3
0005C28F6
000000000
7FFECCCCD
7FE1851EC
000000000
00039999B
7FFA00000
7FF3FFFFF
7FFD9999A
0008A3D70
7FFC66667
000000000
0000F5C29
000000000
000000000
7FF851EB8
7FF251EB8
001747AE2
7FFA7AE15
000ACCCCB
7FFBEB852
000000000
000000000
000A147AE
7FFE51EB8
7FF947AE1
7FFA00000
7FFA00001
7FED47AE2
0016147AE
000000000
7FFC66667
000000000
7FF533333
000133333
7FFCE147B
7FFA3D70A
7FE933332
7FF7D70A4
7FFECCCCD
7FFF47AE1
0005C28F5
7FF251EB9
7FFECCCCD
7FFD9999A
7FFD1EB85
7FF947AE2
7FFDD70A4
000000000
7FDCB8521
001200000
7FFECCCCD
7FE6147AE
7FFBEB852
7FFE147AE
7FCE147AF
7FEEF5C29
00031EB85
7FFA7AE15
7FF947AE1
7FF19999A
0001AE148
7FFB70A3D
000000000
000000000
7FFC28F5C
0016147B0
000000000
7FED851EB
000000000
7FF90A3D7
7FFDD70A4
000000000
000228F5C
000000000
7FF4F5C29
7FF947AE2
7FFE147AE
000F1EB85
7FE27AE13
7FFECCCCD
0029851EE
7FFE8F5C3
7FFECCCCD
7FFBEB852
7FFE8F5C3
0002E147B
7FF347AE1
000000000
000000000
7FFFC28F6
00031EB86
000866666
002F47AE2
000000000
001D0A3D7
7FF8CCCCD
000F99999
000000000
000000000
000000000
00048F5C2
00003D70A
0008A3D71
000133333
7FFD9999A
7FE200000
7FF9851EC
7FF6A3D72
000000000
00007AE15
7FFC66666
7FFAB851F
7FFAB851D
7FFC28F5C
000170A3D
7FF75C28F
000000000
7FF947AE2
0006F5C29
0009D70A4
0007EB851
7FFB33333
7FFD1EB85
00050A3D8
000B47AE1
000F9999A
7FF666666
000451EB8
7FFBEB852
000000000
000000000
7FF4B851E
000228F5D
0007AE147
7FEA28F5C
0001EB852
00007AE15
7FFDD70A4
0005C28F6
7FF71EB85
000000000
00003D70A
7FFE51EB9
0003D70A4
7FFE51EB8
001FAE149
003B851EB
7FFCA3D71
7FFA00000
0000B851F
000000000
7FFD1EB85
7FF79999A
00007AE15
00063D70B
000133333
7FF71EB84
000000000
0005851EC
7FFF851EB
7FFCE147B
00031EB85
7FF947AE2
00035C28F
7FFECCCCD
000000000
7FF90A3D7
001FEB853
000000000
000000000
7FFC28F5C
7FFB33332
000C3D70A
7FFF0A3D8
7FFCA3D71
0005851EC
000000000
00067AE15
7FFC66666
000999999
7FFA7AE15
000000000
0001EB852
7FF7D70A4
000000000
000451EB8
0003D70A2
000000000
7FFE147AE
7FFC66666
000000000
7FFC28F5E
7FFE8F5C2
7FFDD70A5
000000000
7FFAB851F
7FEB9999A
000000000
0004CCCCD
000EA3D71
0001EB852
7FFECCCCD
7FF90A3D7
00048F5C3
0014E147C
000000000
0024B851E
0007AE147
7FFAF5C29
7FFAB851F
002F0A3D7
0001EB852
000170A3D
000170A3D
7FF2147AE
000266666
000000000
7FF71EB85
7FF8CCCCD
7FFECCCCD
000000000
7FFAB851F
0001EB852
7FFE147AE
7FC15C290
7FFCA3D71
0001AE148
00050A3D7
7FFAB851F
000451EB9
0014E147C
7FFF0A3D8
000E28F5B
7FFB33333
7FFBEB852
0006F5C2A
000228F5C
000000000
000000000
7FF947AE1
7FFAB851F
000000000
000000000
000170A3D
7FFE8F5C2
000000000
000000000
000399999
7FFBEB852
7FED47AE2
000A8F5C3
7FFC28F5D
7FFF0A3D6
7FD7EB852
7FE6147AF
7FEA66666
7FFECCCCD
000000000
001333332
000000000
7FFAF5C29
0001AE148
7FF028F5C
7FFF0A3D8
000000000
000000000
7FFC28F5C
000000000
000451EB8
7FD9D70A3
000000000
000133333
000C3D70A
7FED851EC
000000000
00067AE15
7FF88F5C3
0004147AE
7FFE147AE
7FFD1EB85
7FDD70A3D
7FFD1EB85
000000000
000000000
0004CCCCD
7FF28F5C4
7FF90A3D7
7FFA00000
7FF3C28F6
000000000
7FF8CCCCD
000170A3E
000133333
000000000
7FFE147AE
7FF666666
7FFE8F5C3
7FFECCCCD
000000000
7FFB33333
0008E147A
000451EB8
00035C290
000E28F5C
000000000
0003D70A4
7FF8147AE
7FFCA3D70
000000000
0005851EB
7FFE147AE
000000000
7FFECCCCD
00035C28F
7FFD9999A
7FF6E147B
000000000
7FDFD70A4
7FFF0A3D7
000000000
7FEEF5C28
0012B851F
000266664
000000000
000866667
001200000
000C00001
7FDB0A3D7
7FF666665
000000000
00035C28F
000000000
000000000
000000000
7FFE51EB8
7FF9C28F6
0009D70A4
7FF3C28F6
000000000
0001AE148
0003D70A4
00067AE15
0001AE149
000000000
0005851EB
000000000
0001AE148
0001AE148
7FF30A3D7
000000000
7FF2147AF
7FEC147B0
000000000
00215C28F
000266666
7FFBEB853
7FEE7AE15
000CF5C29
0004CCCCD
000000000
000000000
00048F5C3
00063D70A
000000000
7FFBEB853
000000000
7FFE51EB8
0003D70A4
000000000
7FE4E147A
7FF6E147B
7FDEA3D70
000000000
000000000
7FFE51EB8
000000000
000000000
0004147AE
7FFDD70A4
7FFF0A3D8
00007AE15
7FFE147AE
7FD99999A
7FFAB851F
7FFE8F5C3
000000000
7FF9C28F5
000000000
000770A3D
000C3D708
7FF71EB85
000ACCCCC
000000000
000000000
7FFE51EB8
0004CCCCD
7FFF47AE3
000000000
000133333
000000000
0001EB852
7FFE8F5C3
7FFE8F5C3
7FF9C28F6
7FF7D70A3
000133333
0002A3D71
000BC28F8
000000000
005400000
0008E147B
000170A3D
0000B851F
0001EB852
7FFE51EB8
000170A3E
7FFB33333
7FFE51EB8
000733333
00067AE15
000266666
000000000
7FFC66666
000B0A3D7
7FFF0A3D7
7FF9C28F6
0078F5C28
7FFECCCCD
7FFCE147B
7FF947AE1
000000000
0002E147B
7FFB70A3E
000000000
7FF028F5C
00031EB85
7FF628F5C
00003D70B
00067AE15
000000000
000170A3D
7FF88F5C3
7FADAE14A
7FFA3D70A
000000000
7FFD5C290
00031EB85
7FFF0A3D7
7FF3851EB
7FFB33333
0003D70A4
000000000
0001AE148
7FFECCCCD
000000000
7FFECCCCD
7FFD1EB85
00063D70A
000000000
000000000
000000000
0001EB852
7FF9C28F5
000000000
000000000
000000000
7FF9C28F6
000133333
7FE4A3D70
000000000
7FFD9999A
7FFDD70A4
000000000
7FF347AE2
7FF6A3D71
0000B851D
00031EB85
000000000
00123D709
7FF6E147B
7FFE147AE
0002A3D70
7FFD5C28F
000000000
000228F5C
005C28F5D
7FFECCCCD
00035C28F
0000F5C29
000828F5C
000228F5C
7FFE51EB8
7FF9C28F6
000000000
7FF9C28F5
7FFD5C28F
000266666
7FFB70A3D
7FF88F5C2
00031EB85
000000000
7FFC66667
7FFE8F5C3
000733333
000000000
7FFF851ED
000000000
7FFCA3D71
7FE83D70A
00159999A
7FFBEB852
000000000
7FE83D70A
7FFC28F5C
7FF628F5B
0004147AE
7FF71EB84
7FE6147AF
001C147AE
7FFECCCCD
7FF15C290
7FF628F5D
7FF28F5C3
000000000
00003D70A
7FF7D70A4
7FFE51EB8
000000000
7FFC28F5C
000000000
000000000
00067AE16
000000000
000000000
000000000
000228F5C
7FFFC28F6
7FFF0A3D7
000547AE1
000600000
00007AE15
7FFC28F5C
7FFA3D70A
0002E147C
7FFB33333
7FF90A3D7
0006B851F
7FFFC28F6
0000B851F
7FFBEB852
7FE87AE16
000000000
000000000
00110A3D6
000000000
7FF9851EC
000000000
001147AE1
7FFE8F5C2
00031EB85
000000000
000000000
7FFC66666
00063D70A
000000000
000600000
000000000
0020E147A
7FFECCCCD
000866666
000000000
7FF2147AF
7FFBEB852
000133333
000600000
7FDE28F5C
7FFC28F5C
000BC28F6
000000000
000000000
000000000
7FFF851EC
7FB8B851F
001D851EC
7FF533334
000170A3E
000000000
000733333
7FEAA3D70
7FFAB851F
0042F5C28
7FFCE147B
00288F5C3
0005C28F5
000600001
00035C290
0002E147B
000000000
000000000
000770A3D
7FFE51EB8
7FFAF5C28
7FFC66666
000000000
7FFF47AE2
7FF851EB8
7FF9C28F5
7FFD5C28F
7FF71EB84
7FF9C28F5
7FFCA3D70
000000000
7FF028F5C
0006B8520
7FF8CCCCD
000000000
000000000
7FFE8F5C2
000000000
7FFE147AE
7FFA7AE15
000000000
000000000
000DEB851
7FFAB851F
00228F5C3
000000000
7FFD1EB85
000133333
7FF8147AF
0001EB852
000000000
7FFBAE148
0002E147B
000000000
7FFF47AE1
7FC9851EB
000C7AE14
7FF75C290
7FF400000
7FF400000
000133333
7FE1C28F6
7FFCE147B
7FFD1EB85
7FFF0A3D8
7FFC28F5D
7FF9C28F6
0002E147B
7FFF47AE2
7FFBAE146
7FFE51EB8
7FF6E147B
7FFD9999A
7FFD1EB85
004800000
7FFE147AE
0006F5C29
000000000
7FFCE147C
000CB851F
000000000
000000000
000000000
7FFFC28F5
7FE7FFFFF
005570A3E
7FF6A3D70
000000000
000000000
0000B851F
7FFE8F5C3
000000000
7FFECCCCD
7FE55C28F
7FF666666
0001AE148
7FFE147AE
00031EB85
000000000
000000000
0000F5C29
7FEF33333
7FFA7AE14
7FFF0A3D7
0008E147B
7FF11EB85
7FFC66667
000000000
000733333
7FED0A3D7
00007AE15
7FF71EB86
7FFC66667
000000000
000000000
7FFF0A3D7
000000000
7FF851EB8
7FECCCCCD
000547AE1
7FFFC28F6
7FF71EB86
000133333
7FE0147AE
0013AE148
0001EB852
7FF43D70A
7FEEF5C29
000000000
7FDCB8520
7FF79999A
0008E147A
0001EB852
7FFC66667
00427AE13
0001EB852
000000000
000228F5C
7FFECCCCD
000000000
000000000
00050A3D7
7FFB33334
7FF88F5C3
000547AE3
7FFC28F5C
7FF7D70A4
000000000
7FF11EB86
7FFC28F5C
0005C28F6
7FFE8F5C3
7FFE51EB8
7FF7D70A4
7FFD1EB85
7FFE51EB8
0003D70A3
7FFD1EB86
7FFE51EB8
7FF851EB8
7FFC66667
001C51EB9
0000B851F
7FF4B851F
7FFE51EB8
7FFBEB852
7FFFC28F5
000000000
7FF628F5D
7FE2B851F
7FFECCCCD
001051EB8
000000000
7FD451EB8
7FF947AE1
00063D70A
000000000
000000000
7FF75C28F
7FEFEB853
0000B8520
7FF570A3E
00035C28F
7FFC28F5C
000000000
7FF4F5C28
7FF947AE1
00183D70A
7FFF851EC
000000000
7FFE147AE
000A8F5C2
00099999A
000000000
7FDA147AE
000547AE1
7FEE3D70C
000266666
0000B851F
000547AE1
7FCB33334
0000B851E
000000000
7FE466666
7FFD9999A
7FFECCCCD
000133333
7FFC28F5C
00007AE15
000000000
000000000
7FF9851EB
000000000
001A66668
7FFB70A3D
0011851EC
7FFECCCCD
0001EB852
7FF28F5C3
000733333
7FF43D70A
000170A3D
7FFAF5C28
000000000
001E3D709
7FFECCCCD
00003D70A
0001AE148
000C3D70A
000000000
7FFDD70A4
7FFE51EB8
00151EB86
000000000
7FFE8F5C3
000600000
7FFE51EB9
000000000
000000000
7FF8147AE
7FFDD70A4
000000000
00031EB85
0001EB852
7FF75C28F
000770A3E
000000000
7FFC66666
7FF90A3D7
7FF947AE1
7FFCA3D71
7FFD1EB85
0005851EB
000000000
0001AE148
000000000
7FF9851EB
0000B851F
000000000
7FF347AE1
00007AE15
000A147AE
0002E147B
0005851EB
0010CCCCD
00035C290
0002E147B
00048F5C3
000000000
7FD4147B1
7FFE8F5C3
000133333
0001AE148
00067AE14
0000B851F
000000000
0020E147B
7FFF0A3D8
7FEFAE148
7FEE7AE14
7FFE147AE
000000000
7FFD1EB85
0006F5C28
7FFF47AE1
7FFE51EB8
7FFE8F5C2
000000000
000000000
000000000
000000000
7FFE51EB8
000DAE147
7FFF851EC
00063D70B
7FFECCCCD
000000000
7FFECCCCD
0002A3D6F
7FFC66666
000000000
000000000
7FFCA3D70
000000000
7FD600001
7FEBD70A3
00007AE15
000000000
000000000
7FF9851EC
000000000
000000000
7FFE147AE
7FEAA3D71
7FFA7AE14
000000000
7FFA3D70A
7FFF0A3D8
000B851ED
7FEEB8521
7FFD5C290
000000000
000000000
7FFF0A3D7
0006B851F
7FFD99999
0022CCCCB
000000000
7FF8CCCCD
7FFD5C290
000000000
7FFD9999A
7FF6E147C
7FFD1EB85
7FFBEB852
7FF47AE15
7FF8CCCCB
7FF5AE149
000000000
000170A3D
0001AE147
7FFAF5C29
000000000
7FF3C28F7
0001AE148
000000000
00007AE15
000000000
7FFE8F5C3
7FFECCCCD
7FFFC28F5
000000000
00039999A
000000000
000000000
7FFC66667
000828F5D
00035C28F
0001AE148
7FFE8F5C3
7FFE8F5C3
000000000
000B851ED
000000000
7FFE8F5C3
000000000
000000000
000000000
000000000
0010147AE
7FFAB851F
7FFCE147B
7FEC51EB9
7FFE8F5C3
0006B851D
7FFA00000
000000000
000000000
7FFD9999A
000000000
000866666
7FFF0A3D7
000000000
7FFA7AE13
7FFECCCCD
00091EB86
7FFBAE147
001FAE149
000170A3F
7FFD5C28F
000266666
0031EB852
7FFD5C290
000170A3D
000000000
7FF79999B
7FFE147AE
000000000
7FFAB851F
005570A3F
000000000
000000000
7F9E51EB8
7FF8CCCCC
7FFE8F5C3
000133333
000000000
7FEEB851E
000000000
7FFA7AE14
7FFE51EB8
7FD733335
000451EB8
7FFA00000
7FF0A3D71
7FFE8F5C3
7FFAB851F
7FFC66666
7FE8F5C29
00050A3D7
000000000
7FF666666
000000000
0001AE148
7FF8147AE
7FFBAE147
7FF9C28F6
000000000
000228F5C
7FFC66666
7FF947AE1
000170A3D
0002E147B
000170A3D
7FFE51EB8
000ACCCCD
000EE147B
7FFF851EB
000B0A3D6
000000000
7FFA7AE14
0008E147B
000000000
7FC2147AE
000170A3E
000000000
000000000
000000000
7FFAF5C29
7FC4F5C2B
7FFF851EC
7FE51EB86
7FFD1EB85
000266666
000000000
7FF570A3D
000600002
7FE6147AF
0004147AE
7FF90A3D7
0004147AE
0002E147B
7FFE51EB8
000133333
7FFD9999A
0005C28F6
000000000
7FF88F5C3
7FEF70A3D
000000000
001D47AE0
000170A3E
7FFE8F5C3
7FF11EB84
7FFC66666
000399999
7FFE51EB8
7FF628F5D
7FFE147AE
000228F5C
7FEF33333
7FFE147AE
7FF79999A
7FFE147AE
7FFBEB852
000000000
000000000
0008A3D71
000000000
00095C28F
0002E147B
000000000
000000000
000000000
7FFECCCCD
7FFECCCCD
7FFE8F5C3
000000000
000000000
000451EB8
000000000
000000000
7FE08F5C3
7FFC28F5C
0001AE148
000000000
00035C290
7FE0CCCCB
7FFDD70A4
000000000
00127AE14
000000000
0007EB852
000000000
7FFBEB851
7FFE51EB8
7FFDD70A4
7FF666667
7FF90A3D7
0042F5C2A
7FFA00000
001200000
7FFBAE147
000000000
00035C290
7FFDD70A5
00003D70A
0006B851F
000000000
0020A3D72
00035C28F
000133333
000000000
000000000
000000000
0005C28F6
7FF851EB8
0009D70A4
7FCE147AF
000999999
000266666
000170A3D
7FFBAE148
7FFBAE148
7FFD1EB85
000000000
7FE933332
000133333
000000000
7FF628F5D
00095C290
7FFE51EB8
7FFECCCCD
000000000
000000000
7F8BD70A6
7FEEB851F
7FF6E147A
000000000
00050A3D7
000000000
000000000
7FF8CCCCD
000547AE0
7FFF47AE1
000000000
00108F5C2
000000000
000000000
7FF6E147B
7FFCA3D70
000000000
000000000
7FFE51EB8
000000000
7FFA7AE14
000000000
000228F5C
000000000
000000000
000000000
000000000
00063D709
000000000
000A51EB8
7FEFEB852
000C3D70A
7FFDD70A4
7FEB1EB85
000600000
000000000
000EE147A
000F1EB85
7FF47AE14
7FF8147AE
000170A3D
7FE7C28F6
00035C28F
7FF9FFFFF
001D0A3D7
0031AE147
7FFD5C290
000000000
7FFA7AE14
000000000
001200000
7FF947AE2
000170A3D
7FF7D70A3
7FFE147AE
002066667
000000000
0007EB852
7FE8B851D
7FFC28F5C
7FFD1EB85
000170A3D
0002E147B
7FF8CCCCD
000266666
0007EB851
7FEEB851E
7FF71EB84
00110A3D6
000228F5C
7FF6A3D71
0011C28F5
7FE83D709
7FF6A3D71
000A51EB9
0001EB852
7FFBEB852
000733334
7FFA7AE14
0001EB852
7FFA3D70A
7FEF33333
7FFF47AE2
000000000
0017C28F5
7FFBEB852
7FF400001
00031EB85
7FF400000
7FFA00003
0002E147B
000000000
7FE747AE1
000133333
000B0A3D5
000733333
00035C290
7FFA7AE14
000000000
000000000
7FFD9999A
000000000
000000000
0001EB852
7FF47AE14
7FFE147AE
7FED851EC
0013EB851
7FFBEB852
000000000
7FF7D70A4
7FFE147AE
7FF43D70B
000547AE0
7FE68F5C3
000000000
7FFE147AE
0002E147A
000000000
7FF8CCCCE
000F9999A
7FFD1EB85
7FF75C28F
000000000
7FF6A3D70
7FE9EB852
0004CCCCD
7FFE8F5C3
7FFECCCCD
7FFE8F5C3
0001AE148
000000000
7FF4B851E
000000000
7FFECCCCD
7FFE51EB8
00003D70A
7FFF851EB
7FFDD70A4
000000000
7FFE51EB8
0003D70A3
000000000
000000000
7FF7D70A4
7FF4B8520
7FF666666
000000000
000000000
7FF9C28F6
7FE7851EC
7FF15C290
7FEF33335
7FFBAE148
0002A3D70
000828F5C
00007AE15
7FFE147AE
7FF666665
000000000
7FFECCCCD
000133334
7FFA3D70A
7FE6CCCCE
7FFCE147B
000000000
7FFA3D70B
0002A3D70
7FF5EB852
7FFECCCCD
000A51EB9
7FFCE147B
000000000
7FEEB851F
000000000
00039999A
7FFCE147B
7FF570A3E
000228F5C
000000000
7FEEF5C29
7FFE51EB9
0007EB852
7FFD1EB86
000000000
7FFB70A3E
7FFB33333
000000000
7FF1D70A4
7FF628F5C
000000000
7FFCE147B
7FF028F5D
00035C28F
000000000
7FFE147AE
0009D70A3
000000000
7FFCA3D71
000000000
000000000
0016CCCCD
7FECCCCCD
000000000
7FF9C28F5
000000000
7FFECCCCD
7FF8CCCCD
7FFA00000
000000000
0002E147A
7FFE8F5C3
000000000
000000000
7FF2147AE
7FFD5C28F
000000000
7FFAF5C29
7FFAF5C29
000000000
7FF5EB852
0007EB851
000000000
000828F5C
000228F5C
7FFECCCCD
7FFA7AE14
000000000
0008E147B
000000000
7FFC66667
7FF8CCCCD
001C8F5C2
7FF9C28F5
7FFE147AE
000000000
00048F5C2
7FFE147AD
7FFECCCCD
000228F5C
000000000
7FFECCCCD
000C7AE15
0008A3D70
7FF11EB85
000000000
000000000
7FFB70A3D
7FFAF5C29
7FFECCCCD
7FFA3D70A
000000000
000451EB8
00007AE15
000000000
000000000
7FF9C28F6
000000000
7FFC66666
000228F5D
000266667
7FED851ED
7FFE147AD
00003D70A
7FF28F5C2
000000000
000000000
7FFAB851F
000000000
000000000
7FFE51EB9
00095C290
7FF79999A
000000000
7FFF851EB
000266666
7FFF851EB
000000000
7FF8CCCCC
0001AE147
000133333
7FF570A3F
7FFB70A3E
7FF4B851F
7FFCA3D71
000000000
7FFCA3D72
7FF9851EC
000000000
7FF88F5C3
000000000
000000000
000000000
7FFE51EB8
7FFD1EB85
7FFECCCCD
000000000
000000000
000228F5D
000000000
7FFD1EB85
7FFB33333
000000000
000133333
000000000
001D0A3D7
000000000
7FE87AE16
7FF2CCCCC
000000000
7FFE8F5C3
7FFAF5C29
000000000
7FFD1EB85
7FFCA3D70
000E28F5C
7FFD1EB85
000B0A3D7
00168F5C2
7FFA7AE14
0002E147A
7FFE8F5C3
000000000
7FFBEB852
7FEFEB852
7FFA00000
7FF9851EC
000133333
000000000
000000000
000170A3D
000000000
7FF8147AE
7FF8CCCCD
7FF947AE2
000000000
7FFAF5C29
7FE7C28F6
7FF9851EB
000000000
7FF79999A
000170A3D
000000000
000000000
7FEE00000
7FFB33333
000000000
000000000
000000000
000000000
7FFE51EB8
000000000
000733333
000000000
7FFE51EB8
000133333
7FF570A3E
7FF6A3D71
7FFE8F5C2
00063D70A
7FFECCCCD
000000000
000000000
000000000
000000000
7FF5EB852
000000000
000000000
000000000
7FFD9999A
000000000
7FF8CCCCD
000266666
000000000
7FFF47AE1
004D851EC
000000000
000000000
000000000
000000000
000000000
0000B851E
7FFF0A3D8
7FFF851EB
000000000
7FF43D70A
7FFD9999A
000000000
0024F5C29
000000000
000000000
7FFE147AE
7FF4B851F
7FFCA3D71
005A3D70B
00067AE14
00063D709
000000000
000000000
000451EB8
0017C28F6
7FFBAE148
005628F5D
7FEC147B0
7FFCE147B
000000000
000000000
001933334
7FFE147AE
000000000
7FFE51EB8
000000000
7FFD9999A
7FFD1EB85
00007AE15
000000000
7FFE147AE
00048F5C2
000000000
000000000
7FFA7AE14
0001EB852
0008E147B
000000000
000228F5C
00590A3D8
000DEB851
7FF90A3D7
0036B851F
7FFD1EB84
00050A3D7
7FE0147AE
000000000
7FFC66667
000000000
000000000
7FF066667
000000000
7FF9851EC
7FFE8F5C3
000000000
7FF30A3D7
7FFF851EC
00031EB85
7FF628F5C
000000000
7FF9851EC
000000000
00091EB85
7FFBAE147
000000000
7FFBEB852
7FFECCCCD
000000000
000000000
000000000
7FEB5C291
0004147AE
000000000
000000000
0004CCCCD
7FF851EBA
0007AE146
000000000
7FFB33333
000170A3D
7FF7D70A3
7EB733334
000000000
7FF8147AE
000000000
000000000
00007AE14
7FFC28F5C
000000000
000000000
7FFE8F5C3
7FEE7AE13
000000000
000000000
003733333
7ED43D70B
0009D70A3
000000000
7FEA28F5D
7FD7AE149
000733333
000000000
000000000
000000000
000000000
7FF947AE2
0005C28F8
7FF347AE2
000000000
00031EB85
7FE70A3D7
7FFCE147B
7FDFD70A3
000000000
0011C28F6
000000000
000600000
000000000
000000000
000000000
000000000
000000000
000000000
0002A3D71
000000000
000000000
7FFDD70A4
000000000
000000000
000000000
7FF90A3D9
0001EB852
000A147AE
7FFCA3D71
00110A3D5
003CF5C2A
7FFE147AE
7FFC66666
000000000
7FF90A3D7
7FEEF5C29
7FED851EB
000000000
7FDE6666A
7FD0B8522
7FCFC28F5
7FF7D70A4
003D70A3D
7FF79999A
7FF19999A
000000000
000FD70A4
7FFECCCCD
7FDB47AE2
00050A3D7
000828F5C
7FFF851EB
000000000
7FFF0A3D7
003170A3F
000000000
7FDA8F5C4
001AE147A
000000000
7FFA00000
00031EB85
7FE7851EA
000000000
000000000
7FEBD70A4
7FF4F5C27
7FFC28F5C
7FF947AE1
0007EB852
7FFA00000
000000000
000000000
000000000
00067AE15
7FF3851EC
7FE747AE1
00219999A
7FF47AE14
7FFD5C28F
7FFDD70A4
000547AE2
7FFCA3D70
7FFECCCCD
004E3D709
7FFE8F5C3
7FF5EB852
000000000
7FFB33333
7FEDC28F6
00039999A
00063D70A
001DC28F5
0026E147B
000000000
7FF43D70A
7FDDEB852
7FEA66666
7FF19999A
000C3D70A
000000000
7FFF851EB
0031AE148
7FFE8F5C3
0015D70A4
000000000
000000000
7FE5D70A3
7FE428F59
7FD1EB853
7FD4147AF
7FFE147AD
000451EB9
000266667
0004CCCCD
7FFD1EB85
000828F5C
7FED851EB
0008E147B
7FFD1EB85
7FFF47AE1
7FF88F5C1
0004147AE
000F99999
0005FFFFF
7FCA3D70B
7FF400000
000000000
7FE59999A
00219999A
000000000
000000000
7FD133333
7FFB33333
7FEAE147C
000000000
7FF6A3D71
7FEC51EBA
000B47AE1
7FEC147AE
000A147AE
7FE7C28F6
7FE9AE148
000000000
008D9999B
00050A3D8
7FFECCCCD
000000000
7FF15C28F
000A8F5C3
7FFA00000
000170A3E
7FFA7AE14
7FE147AE2
000E28F5E
00230A3D8
000F9999B
000000000
7FE200001
7FFCE147B
000866667
000170A3E
7FFE8F5C3
7FFC28F5D
7FC570A3D
7FFB70A3D
000B0A3D7
000170A3E
7FFECCCCD
000000000
000133333
001C8F5C2
7FFC28F5C
000600000
7FFA00000
00050A3D7
7FE55C292
7FFECCCCD
7FFD5C28F
000000000
7FFC28F5C
00063D70C
7FE23D70A
0006B851F
001CCCCCC
7FFE51EB8
001147AE0
7FFD1EB85
7FED851EB
000000000
7FFECCCCD
7FFECCCCD
0002A3D71
00007AE14
7FF666666
7FFCA3D70
7FF71EB85
7FF1D70A4
7FF851EB9
7FFCE147B
000000000
00288F5C6
7FB4A3D71
7FD9D70A4
7FF79999A
00007AE15
7FFC66666
000000000
000000000
7FF28F5C3
7FFC28F5C
0013EB851
000000000
7FF3C28F4
7FF851EB8
7FFE147AE
7FF19999A
7FD1EB853
7FF347AE1
7FFECCCCD
0005FFFFF
7FF0A3D73
7FFD5C290
7FF47AE14
7FEF70A3E
7FFC66667
000000000
7FFE8F5C3
000399999
7FFB70A3D
0000F5C29
7FFBAE148
7FFD5C290
7FE747AE2
0003D70A4
7FE933334
7FF90A3D6
000000000
7FE23D70B
0007EB852
002E51EB9
7FE5D70A4
7FEEF5C29
000000000
0002E147B
7FF628F5D
7FFE51EB8
000170A3D
000170A3E
0006B851F
7FFB33333
7FD3D70A3
7FF88F5C4
7FD2A3D72
7FCECCCCC
000733333
7FE3EB853
7FFAB851E
7FF0A3D71
7FFB70A40
7FFDD70A4
7FF347AE1
000000000
7FF6A3D70
7FFE147AE
00050A3D7
0023C28F4
7FE6CCCCC
001800000
7FF9851EC
0007EB852
000828F5C
000000000
002BAE148
0000B851F
7FFA7AE14
000000000
000000000
000000000
7FFAB851F
000547AE2
001333334
7FFE51EB8
7FF666665
00035C28F
7FF7D70A4
00219999A
7F7D70A3E
7FEEF5C29
7FED47AE1
7FFCE147A
000000000
7FFBAE148
7FEB99998
7FEEB851F
000000000
7FFA3D70A
7FF8147AE
000000000
7FFC28F5C
0001EB852
7FF570A3C
000000000
000000000
001D851EB
000C3D70A
7FFAF5C28
000E28F5C
7FDEE147B
00050A3D7
7FF88F5C3
7FFC66666
001200000
000B0A3D7
000000000
7FF947AE1
00050A3D8
000133333
7FF9851ED
7FF43D70A
000000000
7FEB9999A
7FFE51EB8
0001EB852
7FEFAE149
7FFECCCCD
00048F5C3
7FF11EB86
7FF79999A
7FF7D70A4
000000000
0002E147B
7FE55C28D
000266666
000BC28F6
7FEF33334
7FFC28F5C
7FFE8F5C3
7FEDFFFFF
7FF88F5C2
7FFB70A3E
7FE933333
7FF6E147C
000BC28F5
0020A3D70
7FF533333
7FF71EB85
7FE51EB86
000000000
000000000
7FFE147AE
00048F5C3
7FFC66666
7FF7D70A6
7FFB70A3E
00007AE14
7FF90A3D9
7FFCE147B
7FF7D70A4
000000000
000000000
002FC28F7
7FEDC28F5
00099999B
7FFD1EB84
000000000
000000000
7FF79999A
7FF570A3D
7FFAF5C29
7FF251EB8
000828F5B
000733332
0007AE148
0005C28F5
0019EB850
7FF851EB8
7FF19999A
0008A3D70
7FEEB851F
7FFCA3D70
7FFBAE148
0003D70A4
000000000
7FFBAE148
7FFB33333
001FEB84F
7FFA00000
7FFC28F5D
000170A3D
7FFE8F5C3
000000000
7FE87AE15
000000000
7FF71EB86
7FE70A3D8
7FFFC28F5
7FF8147AD
7FFCA3D71
7FFECCCCB
7FC947AE1
00067AE15
000DEB851
7FFBEB852
003E28F5B
7FF4F5C28
7FFBEB852
7FFD9999A
7FF533334
002F47AE2
004B5C28E
7FF9851EC
001466667
7FFA7AE15
7FF628F5B
7FB466667
00067AE14
000A51EB9
7FFE8F5C2
7FED851EA
000000000
000000000
7FFDD70A4
7FFB70A3C
7FEB1EB85
7FF90A3D7
7FF2147AF
7FE333333
7FD0B851E
005F0A3D8
7FFCA3D71
7FF8147AE
7FFAF5C2A
000000000
7FFECCCCD
00288F5C2
000451EB8
7FE0CCCCE
0008A3D71
7FFAB851E
7FE55C291
7FD1AE146
7FF5AE148
7FFF47AE1
009F5C28D
7FFC28F5D
7FFA7AE14
7F9A7AE14
7EE1AE14A
7FFAB851F
7FD170A3B
7FB51EB86
7FDEA3D70
7FDB47AE3
7FF400000
7FFBEB850
000D70A3C
7FEC51EBB
7FF5AE147
000228F5C
7FFD99998
7FEEF5C29
7FE27AE14
7FEDC28F5
7FF71EB85
7FFF0A3D8
0004147AE
000000000
7FE08F5C3
001BD70A2
7FFCE147B
7FFAB851F
000228F5C
7FF90A3D7
7FEDC28F6
000000000
0072B851D
7FFAB851F
0006F5C29
7FC9851EE
7FC347AE1
7F9F0A3D7
002400001
7FFAF5C29
7FFE147AF
00215C28F
00031EB85
0025AE144
7FCECCCCE
000E28F5C
000000000
000000000
0005C28F5
7FFBEB851
7FFDD70A3
0006B851F
7FFCA3D70
7FF8CCCCC
7EB7AE148
0002A3D6F
000133333
0002E147B
0016CCCCC
7FE83D70B
000B47AE2
7FF3851EC
7FF7D70A5
000000000
7FDFD70A3
0017C28F7
7FFD9999A
0004147AE
000000000
7FF5AE147
7FF0E147B
7FFCA3D71
7FFE51EB8
7FFA7AE14
7FEAA3D71
7FF7D70A4
7FF2147AD
0007EB852
000A147AF
00067AE15
000000000
000000000
000000000
00127AE15
7FFDD70A4
7FFFC28F6
00003D70A
7FFD9999A
0000F5C29
00095C291
003600001
00459999A
7FF47AE15
7FFBEB852
00183D70A
7FFAF5C29
7FF28F5C3
0005851EB
00335C290
0008A3D70
00063D70A
0000F5C2B
7FF9851EA
7FFF851EB
000228F5C
7FFE51EB9
0019AE147
00035C28F
7FFE51EB8
7FE51EB85
000399999
7FEFEB851
001A28F5C
0011851EC
7FFA00000
000170A3D
7FB800000
7FE5D70A4
7FFECCCCD
7FFE147AD
7FED851EB
000133334
000266666
7FF666667
7FE599999
7FFD5C28F
005F47AE1
7FED851ED
0000B851E
000000000
000000000
7FF799999
00031EB85
0001EB851
7FFCA3D71
7FF43D70B
7FF5AE148
7FCDD70A5
7FF7D70A4
7FA39999B
000000000
7FE6147B0
7FFB70A3D
7FF2147AE
00095C28F
00039999A
000000000
000000000
7FF9851EC
000228F5C
7FFAB851F
7FFE51EB8
000000000
000000000
7FF0A3D71
7FFAB851F
001C51EB9
7FFAF5C29
7FFC28F5C
7FF6A3D71
7FEA66667
00007AE14
7FEE7AE16
7FFFC28F5
0003D70A3
000000000
7F7A51EB7
0001EB852
7FF400001
7FFA7AE15
000000000
000000000
0037AE148
7FFC28F5C
7FFECCCCC
7FFECCCCE
7FDEE147D
7FFA00000
000000000
7FFE51EB8
000000000
7FEC147AD
000451EB8
7FC2CCCCF
7FF5EB852
7FFA00001
7FEF33334
7FDA8F5C2
000133333
7FF88F5C3
7FFCE147B
7FF2147AE
7FC6E147E
7FFBEB852
00967AE12
00151EB86
7FDF5C290
7FF628F5C
00331EB85
0019EB852
000D70A3E
006F1EB84
7FF4B851E
7FF628F5D
7FD266665
7FFAB8520
7FD91EB85
0005C28F6
7FFECCCCD
0001AE147
7FF71EB85
000000000
000000000
0004CCCCD
000000000
0007EB852
0002A3D71
0007EB852
0017851EC
7FF5AE149
000170A3D
000170A3D
000000000
7FFF47AE1
7FEA66667
7FFE51EB8
7FFCA3D71
7FC2147AD
7FFB33333
7FF2CCCCD
7FF3851EB
00048F5C2
000000001
7FEE3D70A
7FFF851EC
7FEFEB852
7FFD9999A
7FFF47AE1
7FFC66667
7FFAB851F
7FF666667
7FF8147AE
7FC3C28F4
000000000
7FF8147AE
000000000
7FF75C28F
7FF9C28F6
7FEAA3D71
0003D70A4
00699999F
7FF947AE1
000000000
0001EB852
7FEEB851E
7FEE7AE16
000C3D70A
7FF666666
7FF8CCCCD
7FF666666
7FFECCCCD
7FF2147AE
7FFD1EB86
7FA1AE147
7FDDEB852
7FE1C28F6
000000000
000133333
001428F5C
00007AE15
7FDC7AE16
00007AE15
000547AE1
7FDBC28F6
7FF947AE1
7FF1D70A5
000000000
7FF71EB86
000000000
7FFF851EC
7FFDD70A4
000000000
00048F5C2
00648F5C0
0006F5C29
000000000
7FFE8F5C3
7FFD9999A
0003D70A3
7FE55C28D
7FFAF5C2A
000C7AE13
000170A3D
7FF8147AE
0004CCCCD
7FFA00001
0005C28F6
7FF15C28F
002D1EB85
000000000
000000000
7FD266667
7FEE00000
000266666
7FFECCCCD
7FE83D70A
0005851EC
0002A3D70
000000000
001933334
7FFAB851F
7FF5EB852
000133334
7FE1C28F5
7F83AE148
003F5C290
7FF4B851E
7FEB9999A
7FF3851EB
7FFCA3D70
000000000
7FDD33334
7FEEB851F
7FFD9999A
000170A3D
00003D70B
7FAC3D70B
7FFE147AE
7FFE51EB8
7FF7D70A4
7FEA28F5C
7FFE51EB8
000000000
7FE55C28F
000000000
0004CCCCC
7FE970A3D
7FF628F5C
7FF4B851E
0000F5C28
7FFB33334
000C00001
000000000
7FFD5C28F
0011851EC
000866665
00035C28F
7FF347AE1
000133334
7FE0CCCCD
7FFD9999A
7FFDD70A4
7FFCA3D70
7FF2CCCCD
7FFE147AE
7FF570A3E
7FFE147AE
000733333
7FFC28F5C
000000000
7FF799999
000000000
7FFB70A3D
7FDB0A3D7
000000000
0043AE148
7FD7AE149
0007EB851
7FE747AE2
7FF3851EC
7FF75C28F
000000000
7FF8147AE
000B0A3D7
7FCB33332
7FFC28F5C
7FEDC28F6
7FFD1EB86
7FFD1EB85
00247AE13
7FC9FFFFE
7FFAF5C29
7FF533333
000D33333
7FE8F5C29
000000000
000C3D709
000000000
0005851EB
000000000
000133332
7FF666667
7FF3C28F6
7FE8B851E
7FFBEB852
000000000
7FEC8F5C2
000547AE1
0013AE146
000000000
7FE1851EC
00039999A
000000000
7FFCE147B
7FEC51EBA
0033D70A4
7FFE8F5C3
7FE8F5C29
000451EB8
7FF1D70A4
00067AE15
7FF9851EC
0012B851E
7FE466667
7FFB33333
0023851EB
7FFC66666
000170A3D
00031EB85
004EB851E
0002A3D70
7FF666666
000C3D70A
00003D70B
000170A3E
7FE370A3E
7FEE7AE15
7FF90A3D8
000170A3D
000DEB851
7FFA7AE14
002947AE2
0021D70A4
000000000
7FF88F5C3
7FFBEB852
000000000
00035C290
00003D70A
000A147AE
0019AE146
7FFD99999
001E7AE15
0018B851D
7FF75C290
000600000
000CF5C29
7FFE147AC
000000000
7FFAB851F
7FF8CCCCD
000547AE1
000000000
7FFAB851F
7FFF47AE2
0002A3D70
0002E147A
7FFECCCCD
000266667
001C147AF
000B0A3D6
7FFF47AE1
7FFD5C28E
7FFCE147B
7FD266667
0000B851E
0012F5C2A
000F5C28E
7FFD1EB87
000000000
0000B851E
7FF90A3D8
0002A3D71
000B47AE1
7FFB70A3E
7FFD9999A
000733332
7FEBD70A4
000451EB8
000133333
00003D70A
7FF9851EA
7FFE51EB8
7FFECCCCC
0001AE148
7FFC66667
7FF666666
0004CCCCD
7FFECCCCD
000266666
7FD91EB85
7FC6E147A
7FD63D70C
7FF43D70B
000170A3E
00108F5C3
7FFE147AE
00A9EB851
000000000
003D33334
7FF5EB853
7FF4B851F
7FFA7AE15
001C51EB9
000000000
7FFF0A3D7
7FE800000
000266666
000000000
7FE933334
000000000
0019AE149
7FF19999A
000600000
7FF666668
7FFE147AE
000170A3F
0012F5C29
7FAC00000
00067AE14
7FFFC28F6
7FF947AE2
00050A3D7
7FF8147AE
7FDCB851E
00035C28F
7FFAF5C29
7FF947AE2
0003D70A4
0001EB850
7FEDFFFFF
7FFE8F5C3
000000001
7FFB70A3D
7FF6E147B
7FF3C28F6
7FFE147AE
001C147AF
7FF9851EB
00050A3D7
0002A3D71
7FF3C28F7
7FF6E147B
7FFCE147B
7FF1D70A4
7FEAE147A
7FFE8F5C3
7FB800001
0000F5C28
7FFCE147B
0002A3D70
000000000
7FF947AE1
0026E147B
000000000
7FF3C28F5
001AE147A
000D70A3E
7FF570A3D
000000000
000000000
004428F5D
7FD547AE0
7FDD33333
000828F5C
7FFD1EB85
000000000
7FF75C28F
7FF9851EB
000000000
7FFC66667
7FFECCCCD
0002A3D71
000000000
000F99999
7FDEE147C
000000000
7FFCE147B
0001AE148
000000000
000000000
7FFE147AE
7FFE8F5C3
7FFFC28F6
000170A3E
000000000
000000000
000000000
000000000
000000000
000000000
0000B851E
7FF2147AD
7FFA3D70A
000451EB7
0002A3D71
7FF2CCCCD
7FFDD70A3
0004CCCCD
7FAC00001
7FC5AE147
7FD3D70A4
000000000
000000000
0002A3D70
0000B851E
7FD9D70A6
7FE8F5C29
7FE8F5C28
000170A3D
000000000
7FFAF5C29
7FFA3D70A
000828F5C
7FAB851EB
7FD50A3D7
0075D70A3
7FEF33333
000133333
000000000
002C66665
7FF19999A
7FF5AE149
001200000
7FF9C28F5
0006F5C29
7FFD9999A
000000000
000000000
7FFD1EB85
000000000
0006B851F
0001AE147
00067AE15
7FFBAE147
000000000
7FE83D708
7FF19999A
7FFD1EB85
003ACCCCC
00050A3D7
7FFDD70A4
0022147AD
7F96E147B
7FE7851EC
7FCE147AF
0007AE148
7FFD9999A
000000000
7FFB70A3D
000000000
000000000
000000000
000000000
000228F5C
000600000
000000000
00063D70A
0013AE148
0002A3D70
7FFAF5C29
001E3D70A
000000000
000000000
7FE8F5C28
7FFD9999A
0002A3D70
000000000
000000000
7FFBAE148
7FFD5C290
7FD50A3D8
000170A3D
00063D70A
7FD770A3D
00247AE15
7FECCCCCD
7EDA00001
000133333
0002E147A
000000000
7FD03D70B
7FF947AE2
7FFE8F5C3
7FFE8F5C3
7FFBAE147
000000000
7FF066666
7FED851EB
7FDF5C28E
7FF15C290
00348F5C1
7FF47AE14
7FF79999A
7FFF47AE2
7FFD1EB85
7FFBAE148
0003D70A4
7FFECCCCD
0006F5C29
0003D70A5
7FB933332
7FF947AE2
7FFE8F5C3
000000000
7FED851EC
003547AE0
00003D709
000170A3D
7FF71EB85
7FFECCCCD
7FEC51EB8
7FD7AE148
7FC90A3D8
7FE7C28F7
000000000
7FFE147AE
7FF851EB9
0000F5C29
7FCDD70A3
001B5C290
001F70A3D
0000F5C29
000A51EB8
001933333
7FFB33333
7FCCA3D6F
7FE7C28F6
7FE27AE15
000000000
000000000
000133333
7FFB33331
000E28F5D
0009D70A4
0020E147B
0010CCCCC
7FF90A3D7
00048F5C2
7FEEF5C29
7FE4E147C
7FED851EC
7FF8CCCCC
0025AE148
0017C28F5
000133333
7FF19999A
7FFE51EB8
0001AE148
0017C28F6
7FEA28F5C
000451EB8
000000000
000000000
009DAE14A
0083851ED
001C147AF
7FFD5C28F
7FF7D70A5
7FF5AE148
7FFB33333
7FFD5C28F
7FDCB851E
7FF947AE1
000E66666
000547AE2
7FFCE147B
001933333
000000000
0010CCCCD
7FFC66666
7FFDD70A3
0003D70A4
7FF1D70A4
7FE23D70A
7FFE147AE
00048F5C3
000000000
7FFA3D70B
7FF9C28F5
7FFE8F5C3
7FFC28F5C
000000000
7FF3C28F6
7FF11EB85
00155C290
002A3D709
7FD50A3D5
000600000
0000F5C28
0004147AE
00275C290
000000000
000000000
7FFA7AE14
7FFF0A3D7
001800000
7FE6147AD
000000000
0016CCCCD
001333333
7FFD9999A
0006F5C29
7FFE8F5C2
000B0A3D9
000000000
7FF251EB8
000000000
7FED0A3D7
000000000
7FFD9999A
7FEB1EB86
7FFECCCCD
7FFD1EB85
00168F5C3
000E66667
7FF851EB9
7FE68F5C3
7FF6A3D71
7FF533333
000266666
7FF43D70A
002E147AE
7FE599999
0007EB852
000133333
7FD2E147C
000EE147B
001E7AE15
002E8F5C3
002570A3F
0004CCCCD
000000000
000000000
7FF799999
000266666
0012B851E
000C00001
00007AE14
7FFE147AE
7FFE8F5C3
000228F5C
00048F5C2
000A51EB9
7FF533333
000000000
7FFAF5C29
001651EB9
000000000
7FEFAE148
7FD7AE147
7FFE147AE
7FED851EC
7FFAF5C29
0030B851F
001A28F5D
001747AE1
7FFFC28F6
003866666
00228F5C3
000000000
002AB851F
000B0A3D8
7FF8CCCCD
000000000
000000000
7FFAF5C29
7FFE147AE
0008A3D70
7FF6A3D71
000000000
00110A3D6
000133333
000DAE148
000000000
7FFCA3D71
7FFBEB852
00127AE15
00127AE14
0002A3D70
0001AE147
0013EB853
000000000
000000000
7FFECCCCD
000000000
7FFB33333
7FFD5C28F
001147AE1
00168F5C2
0009D70A3
000228F5C
7FFE8F5C3
000A51EB9
7FFE51EB9
0027D70A3
7FF2147AE
7FFF851EC
0000F5C28
7FFE51EB8
00108F5C1
7FFE8F5C3
7FFBAE149
7FE051EB8
7FFCA3D71
7FEB1EB85
0032A3D72
00048F5C3
000451EB8
7FF43D70A
7FE51EB85
7FFA00000
7FFA3D70A
7FFDD70A4
7FF88F5C4
7FF43D70B
000000000
000000000
7FF347AE2
000000000
0002A3D6F
7FFDD70A4
7FF4F5C29
0002A3D71
7FFECCCCD
000F1EB85
00050A3D6
7FFDD70A4
7FECCCCCD
000BC28F6
0001EB852
0004147AD
7FFF851EA
001051EB8
7FFECCCCD
000547AE1
000000000
000451EB8
000000000
7FEBD70A4
0001AE148
0010CCCCC
7FFAF5C29
7FD733333
001933334
7FFB70A3D
000000000
00031EB85
00050A3D7
7FFE51EB8
0005851EB
000000000
000547AE1
00050A3D7
000228F5C
7FFCA3D70
0004CCCCD
000DEB852
7FE68F5C3
7FE9EB852
7FE970A3E
0005C28F5
000DAE147
7FD50A3D7
00095C28F
7FCECCCCC
7FDA147AF
7FEB5C28F
7FFE51EB8
001051EB8
000CF5C2A
7FF028F5C
7FF9851EA
7FF8147AE
7FFC28F5C
7FE7851EC
7FF4B851E
7FEFEB853
0001AE148
00155C290
000266666
000000000
00095C28F
0023FFFFF
7FEE7AE14
002B33333
0001AE148
000BC28F6
7FF2147AE
000000000
7FE51EB84
000170A3D
7FEB99999
000000000
7FEA66667
7FEC147AE
0006F5C29
0001EB852
7FFE147AE
000000000
00063D70B
000FD70A4
00007AE14
00050A3D7
0007EB852
000000000
0012B851F
7FFF851EB
0005851EC
000228F5B
7FE9AE147
7FFF47AE2
7FE333332
7FFB70A3E
7FF6A3D71
00007AE15
0000F5C29
7FFF47AE2
000000000
000000000
7FFCA3D71
7FFD9999A
000000000
7FF8147AE
000000000
00151EB85
00031EB85
00091EB84
004D851EC
000000000
0005851EB
7FFD1EB85
7FFA7AE15
0001EB852
00108F5C2
0017C28F6
7FF400001
0009D70A4
00363D70B
7FF9C28F6
7FFBAE148
00035C28F
7FF5EB853
000B0A3D7
7FFE8F5C3
0036F5C29
000451EB8
7FFBEB852
004FEB851
7FFC66667
7FFD9999A
0007EB852
000000000
003399999
000000000
000133333
7FFF851EB
000000000
000000000
000C00000
001EF5C29
000000000
000000000
7FFDD70A4
000A8F5C3
000600000
0002A3D71
000170A3D
001DC28F5
0005851EB
000000000
00187AE14
7FF947AE1
000000000
001A28F5C
00003D70A
00247AE14
7FFD9999A
000000000
7FFECCCCD
7FFE8F5C3
000000000
0005851EC
7FEDC28F5
7FFC28F5C
0004CCCCD
00350A3D8
000770A3D
000000000
0004CCCCC
000ACCCCC
0002A3D71
7FFC28F5C
000770A3F
7FF90A3D7
000000000
000133333
7FFAF5C2A
7FFCA3D71
0008E1479
0003D70A4
004AA3D71
000000000
00003D70A
0033D70A4
001466666
001370A3E
000000000
000000000
00035C28F
7FFE8F5C3
001428F5B
0001EB852
0008A3D71
0006F5C29
7FFA3D70A
0001AE148
0006F5C29
000133333
000133333
000000000
000000000
0003D70A5
000000000
000000000
00067AE14
000000000
002A7AE15
00151EB85
7FEC51EB8
7FF3851EC
00048F5C3
000000000
7FFE51EB8
0001EB852
00050A3D7
000000000
000000000
0006B851E
7FFFC28F7
7FFD99999
7FEE3D70A
000000000
7FF5AE148
000000000
000B851EB
7FFE51EB8
000000000
7FFECCCCD
000000000
7FFC66667
000000000
000000000
000000000
000A51EB8
0005851EC
7FFC66668
000000000
000000000
00003D70A
000266667
000266666
7FFCA3D71
000228F5C
0002A3D71
000170A3D
0000B851E
7FFCA3D71
7FFD1EB86
7FFECCCCD
000000000
000000000
0004CCCCD
7FFE8F5C3
000600000
0004CCCCD
7FFB33333
000A8F5C3
000000000
7FFF47AE1
7FFC28F5C
000000000
7FF947AE1
000000000
000000000
000266666
000000000
0008E147B
000000000
7FFF851EB
000000000
00007AE15
000170A3D
000000000
000000000
000266666
0001AE148
7FFECCCCD
000000000
00007AE15
000000000
000000000
000000000
00035C28F
000266666
7FF570A3E
0004147AE
000000000
000000000
000000000
000451EB9
000000000
0007EB852
0000F5C29
7FFC28F5C
7FFB33333
000000000
000000000
000733333
00067AE14
7FFE147AE
000228F5C
00039999A
000000000
00095C290
000000000
000000000
000000000
000000000
00035C290
7FE933334
000266666
7FFE8F5C3
0001AE148
7FF75C290
0001AE148
7FF8CCCCC
000170A3D
001051EB8
000000000
7FF79999A
000000000
7FFF0A3D7
000000001
000000000
000000000
000000000
000000000
001C147AF
000000000
000000000
0002E147B
0002A3D71
7FFCE147B
000000000
000000000
000000000
7FFE147AE
7FFC28F5C
0001AE148
7FF4B851E
000000000
0001AE148
000000000
000000000
000000000
7FF666667
000133333
000000000
000000000
7FFC66666
000000000
000000000
7FFE51EB9
0005851EB
7FF8147AE
000000000
000266666
000000000
000000000
000266666
000000000
000133333
0000B851F
000733333
7FF6E147C
000000000
7FFA3D70A
000000000
0006B851F
7FF8147AF
000000000
000000000
7FFD5C28F
000000000
00031EB85
7FFDD70A4
00035C28F
000000000
000000000
000000000
000000000
000000000
00031EB85
000000000
00031EB85
000228F5C
000000000
7FFD1EB86
000000000
000000000
000000000
00039999A
000000000
7FFDD70A4
000000000
000000000
000170A3D
000170A3E
7FFB33334
7FFF851EB
0002A3D70
000000000
000000000
000170A3D
00031EB85
7FFBAE147
7FFDD70A4
000CF5C29
0004CCCCD
00035C28F
000000000
000000000
0001EB853
000000000
000266666
000000000
000733333
7FFE8F5C3
7FFDD70A4
000133333
000000000
7FFCA3D70
7FFBEB853
0002E147A
000000000
7FF851EB9
000170A3D
000170A3D
000000000
0002E147B
000000000
0004CCCCD
000170A3D
7FFC66667
000000000
0005C28F6
000000000
000000000
00050A3D7
7FFD1EB85
000000000
7FFCA3D71
000BC28F5
0002E147B
0002E147B
000000000
7FEAA3D70
000133333
000CF5C29
7FEB5C290
000000000
7FE5D70A3
000000000
000399999
000170A3D
000000000
000ACCCCD
000228F5C
000451EB8
7FFDD70A4
000000000
7FE933334
00035C28F
7FFE8F5C3
000000000
00095C290
000000000
00003D70A
00007AE14
000000000
000F99999
0011C28F5
0004CCCCC
7FFE147AE
00123D70B
7FFBAE148
000000000
0009D70A3
7FFBAE148
000000000
0002E147B
0001AE148
00067AE15
000228F5C
7FF4F5C29
7FE7C28F6
0000B851F
000A147AE
000A8F5C3
000000000
0008E147B
000B47AE1
000000000
000000000
000000000
00123D70B
000866666
0001EB852
7FE1FFFFF
0001EB852
00243D70A
000000000
000000000
000D70A3E
000000000
000399999
000000000
7FF9C28F6
7FEA28F5C
000000000
0001AE148
7FF79999A
000000000
000000000
00035C28E
000D70A3D
7FFE8F5C3
0003D70A4
7FFCA3D70
000266666
00063D70B
00091EB85
000000000
7FE0147AE
0014E147B
000770A3E
0002E147B
001C8F5C3
0004CCCCC
00183D70A
000C00000
7FF251EB7
0007AE148
000000000
7FFE8F5C3
0003D70A4
7FF47AE15
002BEB853
000133333
00048F5C3
7FFE147AE
7FFA3D70B
7FF3C28F6
7FFC66666
7FFDD70A4
00039999A
0000B851F
001333334
7FFE51EB8
000000000
000000000
000000000
0000F5C29
000000000
000000000
7FFFC28F5
7FF90A3D7
7FF3C28F5
7FFF47AE3
000000000
0002E147B
7FEAE147B
000000000
000133333
7FFA00000
000000000
00007AE15
7FF11EB86
000000000
0017851EC
0001EB852
7FFE8F5C3
0001EB852
00123D70A
000266666
7FFECCCCD
000000000
000000000
000000000
001051EB7
001599999
000000000
000000000
0003D70A4
7FFE51EB8
7FF9851EC
7FFA3D70A
7FFCE147B
7FFC28F5C
7FF7D70A4
0004147AE
00035C28F
0000B851F
000000000
7FFC66667
7FFCE147B
000000000
000133333
000133333
00063D70A
000000000
000000000
00003D70A
7FF8147AD
0005C28F6
0004CCCCD
000000000
0002A3D71
00067AE14
000733334
7FFD99999
7FFECCCCD
00035C28F
000000000
7FFBEB851
000000000
7FFD1EB85
7FF666667
7FFECCCCD
000000000
7FFAF5C29
000000000
0018F5C28
7FAC3D70A
0004147AE
000000000
0003D70A4
7FFBAE147
000000000
7FFC28F5C
000000000
000F5C28F
000133334
00307AE15
001F33334
00123D70B
0000F5C2A
000000000
001333333
0000F5C28
000000000
000000000
7FFE8F5C2
000000000
000000000
000000000
000000000
0001AE148
00007AE15
0023C28F5
000000000
000000000
7FFE8F5C3
000000000
7FFB33334
000000000
0017FFFFF
000000000
7FF8147AD
0004CCCCD
7FE83D70B
000000000
000133333
7FFB70A3D
7FF799999
000000000
7FFE51EB8
000000000
000000000
000133333
7FC3851EC
7FFD1EB85
000000000
000000000
7FFA00000
7FF347AE1
000000000
000000000
000000000
000000000
000170A3D
7FFECCCCD
000000000
000000000
000000000
000000000
000000000
000000000
000000000
000000000
000000000
000000000
7FCD5C28E
000170A3D
7F7D70A3D
7F7451EB8
000000000
7FD31EB84
7FCC66667
7FC199999
7FD0B8520
001333333
7FC11EB85
7FF400001
7FEE3D709
7DB43D70A
001A28F5A
7F8970A3E
7FBDC28F5
7DB6A3D73
0004147AE
7FF47AE15
7FF75C28F
000000000
7FDD70A3D
7FF628F5C
0036F5C28
000000000
003EE147B
7FEEB851F
7FA866663
0009D70A4
000000000
003CF5C2A
7FDEE147A
7F8466666
7FFF851EC
0007EB851
7FD91EB84
7F9C66668
0041851EE
7F52B851E
7F8DFFFFE
0018B851F
7FFA7AE15
7FD600000
7FF71EB85
7FB51EB85
000000000
00EE147B3
003866666
0006F5C28
001FAE147
0017C28F6
00048F5C3
7FF79999A
7F7F1EB86
000600000
7FFD1EB85
7F3A7AE15
7FF7D70A4
000000000
004599999
000170A3D
0001EB852
7FF4B851E
7FEFAE147
0053851EC
7FF400001
7FFE147AE
0007EB852
0006F5C2A
000000000
0001EB852
7FEF70A3E
7FDD33333
7FE4E147C
00408F5C2
7FF8CCCCD
7FD50A3D7
7ED43D70A
7FCB70A3E
0066B851E
7FEAA3D71
001E3D70A
7FEB99999
7FF4B851F
7FE370A3C
7FFBEB852
000000000
7FF88F5C2
7FE8B851F
008666667
004C8F5C3
005B33334
7FA5851EB
7FFB70A3D
7FD99999A
7FBAA3D71
00487AE15
7FAA8F5C3
7FDCB851F
7FE370A3E
00170A3D6
00303D70A
7F5E7AE13
7FC90A3D8
7FD63D70B
0005851EB
000133333
7FFF851EB
00367AE15
001A66666
00187AE14
7FD770A3F
000133333
7F58B8520
7FEBD70A4
7FD48F5C3
7FD399998
7FF947AE1
7FCE147AE
00099999A
7FA451EBA
7F5599999
7FB9AE147
7FFA00000
7FFECCCCD
7F587AE14
7F915C290
00C547ADF
7FE200000
7FFE147AE
7FF19999B
7FDD33333
7FB23D70B
00528F5C2
7F527AE14
7FEAA3D70
7FFBAE147
7FF75C28F
001F70A3C
00050A3D8
004970A3D
00230A3D8
001200001
7FF11EB83
7FB08F5C4
000A51EB8
7FF3C28F6
000000000
7FDC00000
0014A3D71
7FEFAE148
7FBD0A3D7
7FB55C28F
7FF199999
003266665
7FC0E147B
7FFBEB852
7FF15C28F
7FF947AE1
007C8F5C2
7FEE00000
7FE370A3F
7FFA3D70A
003133334
7FFECCCCD
7FE428F5C
000D33333
7FFBEB852
00003D70B
000000000
000000000
7FFF851EC
000A51EB8
000000000
00183D70C
7F48A3D72
007AA3D70
00110A3D6
000000000
7FC3C28F4
7FC75C28E
7FA6F5C2A
7EFF70A3E
7FBBD70A4
7FFAB851F
7FF28F5C3
7FDBC28F6
7FED47AE1
7FC5EB851
7FFE51EB8
00007AE15
7FF11EB83
7FFAF5C29
7FF71EB85
000547AE2
7FFBEB852
7FF7D70A4
000000000
7FF628F5D
7FBAE147A
0001AE148
000170A3D
7FD1EB855
000000000
7FFF0A3D7
000000000
004FAE148
000000000
7FF0A3D6F
7FFBAE148
7FFD1EB86
7FEFEB852
000000000
0005C28F6
7FC3C28F6
000000000
00110A3D7
003F5C291
000ACCCCD
7FF570A3E
7FFB70A3D
7FFE8F5C3
7FFCA3D71
7FF11EB85
000A8F5C3
7FA0F5C27
0003D70A4
7FDDAE148
0002A3D70
7FE51EB86
7FFBEB852
7FC79999A
000451EB9
7FEB1EB85
0001EB852
000000000
7FF947AE1
7FC9851EA
000000000
7FC75C28E
000000000
7FFF0A3D6
7FFD1EB84
7FFD5C28F
7FB147AE0
7FFD5C290
7FF6E147B
0000F5C2B
001200000
7FFECCCCD
7FD228F5C
001E3D70B
7FF6A3D71
7FED0A3D7
7FF8CCCCD
00EF47AE1
000170A3D
7FE3EB851
000000000
000000000
7FD67AE15
7FF43D70A
7FFE147AE
000000000
7FF9851EC
7FF347AE1
001DFFFFF
000170A3D
7F8B5C292
7FF9C28F5
000000000
7FFE51EB8
000228F5C
7FBF70A3C
7FEC8F5C4
7FC0A3D70
7FFCA3D70
7FFE8F5C3
000C3D70A
7FEC51EB9
0001EB852
000170A3D
7FC5EB854
7FF88F5C2
7FD50A3D7
7FFBAE148
7FFECCCCD
000133333
7FE9EB852
000000000
001C147AE
000000000
000000000
7FFB70A3E
7FFBEB852
0001AE148
000000000
00091EB85
000170A3E
000000000
7FF851EB8
0008A3D70
7FF3C28F6
000170A3D
7FCE147AE
7FED47AE2
7FF347AE1
001EB8520
0033D70A4
000000000
7FFAB851F
7FD170A3D
000000000
000000000
7FFE8F5C2
00127AE14
7FDACCCCD
7FFD5C28F
7FFECCCCD
00003D70A
000000000
7FFBEB852
000000000
7FFB33334
7F5147AE2
7FEC147AE
7FCA7AE18
7FBFAE148
7FF028F5C
000000000
7FF9C28F6
7FC43D70B
000B47AE1
0010147B0
7FFAB851E
00003D70B
7FF28F5C4
000000000
7FFF851EC
000000000
7FF15C290
0000B851F
000000000
7FF8CCCCD
000000000
7FD39999A
000000001
7FFB70A3E
001B1EB86
0004147AE
001200000
000000000
7FE8B851F
000399999
000000000
7FFD5C28F
0002A3D71
7FFE51EB8
7FED47AE1
7FEF70A3D
000DEB852
7FE333333
7FFDD70A3
001466666
7FAEE147B
7FDDEB851
7FBB1EB85
001E00001
0008E147A
000000000
7FFE8F5C3
7FE051EB9
7FF5EB853
7FF88F5C3
7FF066666
000170A3D
000133333
004466667
000E66666
7FBA66666
0008A3D70
7FFA3D70A
7FC0A3D71
7FFD1EB85
7FFE147AF
000133333
001933334
0005851EC
7FF5EB852
7FFBEB851
7FE51EB86
000F5C291
00031EB85
7FF71EB85
000EA3D70
7F8651EB7
7FF0E147B
7F51FFFFE
0028CCCCD
7FE5D70A5
000000000
7FF251EB8
0020E147C
7FFBEB852
7FFC66667
000000000
7FFB33333
0006B851E
7FBAE147B
7F7BC28F5
00168F5C3
0033D70A3
7FDCF5C29
000170A3E
00279999A
000000000
000000000
7FD170A3D
0016147AE
000000000
7FF6E147C
7FCA00000
7FCDD70A5
7FD07AE13
003E66667
000BC28F6
7FFB70A3E
00031EB85
7FEA28F5D
7FFE8F5C3
7FFC66667
7FC3851EB
000770A3E
7FE10A3D7
7FCE147AE
000000000
7FE6147AE
7FDE66666
0008A3D71
000170A3E
000000000
000000000
7FFB70A3E
000000000
000EE147A
7FF0A3D71
7FD4147AE
7FFF0A3D6
7FD6B8520
7FFFC28F8
7FE651EB8
7FCA3D70B
7FF533333
7FFDD70A4
7FFAF5C2A
7F6028F5C
7FF5AE148
7FE83D70B
7FF628F5C
7FEDC28F7
7FFD99999
00003D70A
7FD1AE148
7FFD5C28F
7FA266665
001D851EA
7FFA7AE15
7FDF9999A
000133333
7FDEE147B
7FF1D70A4
00050A3D8
00050A3D7
7FE428F5B
00031EB86
7FFE51EB8
000828F5C
000228F5C
7FF71EB85
0005851EC
7FF47AE14
000000000
7FED0A3D6
7FDD70A3E
7FFAF5C29
7FFD1EB85
00288F5C3
0001EB852
7FC947AE1
0008E147B
7FEF70A3E
7FDCF5C29
0004147AD
7FFE147AE
7FF066666
7FF88F5C3
001051EB8
0017851EB
7FF570A3E
7FFBEB852
7FEAA3D71
000000000
000A51EB8
000A8F5C2
000000000
7FFAB851F
7FF9851EB
7FFE51EB8
7FEA66667
7FF251EB8
000000000
7FEF33332
000228F5D
7FFF47AE3
0037EB852
7FF1D70A4
001D851EB
000000000
0008A3D74
000000000
7FF71EB85
7FF75C290
00127AE15
7FDEE147B
7FD1AE148
000000000
7FFBEB852
000000000
7FE68F5C3
001370A3D
000F5C28F
000F1EB85
7FE83D70B
0009D70A5
7FFB70A3D
7FF628F5C
000170A3D
7FD91EB86
7FFB70A3D
000000000
7FFA7AE16
7FEBD70A5
7FF9851EC
7FEDC28F6
000000000
000000000
7FF533333
7FE3AE148
7FEEF5C2A
00271EB86
000133331
7FD31EB85
000266666
000000000
7FFE51EB8
000228F5D
7FE466667
000600000
0004147AE
7FE428F5C
7FE87AE14
00048F5C3
7FFECCCCD
7FFECCCCD
000451EB9
7FFA7AE14
001E00000
0000B8520
000000000
000000000
7FFF0A3D9
7FC5EB851
7FFDD70A3
7FFDD70A4
7FFBAE146
002066667
7FFCA3D71
7FFE8F5C3
000000000
7FFE51EB8
7FFA00000
7FFECCCCD
000000000
000C3D70A
7FFE8F5C3
7FD48F5C2
002251EB9
7FFCA3D70
7FED0A3D7
7FEC147AD
7FEFAE148
0002E147B
7FF90A3D7
000000000
00050A3D7
7FEDC28F6
7FFD1EB86
7FFECCCCD
7FFDD70A4
7FF30A3D7
0006F5C29
7FFF851EC
000000000
000000000
7FFD1EB85
7FFE51EB8
00099999A
0001EB853
7FD547AE0
7FFC28F5C
7FEEF5C29
000000000
7FFB70A3D
7FF79999A
7FE51EB84
7FED47AE1
000000000
7FE59999A
7FFC66666
7FFC28F5C
7FF4B8520
7FF9851EC
000399999
000266666
7FE147AE1
000000000
7FF9FFFFF
000000000
000000000
000000000
000000000
7FFB70A3D
7FFA00000
7FE428F5B
7FDD70A3D
000000000
7FB8F5C2A
7FF4F5C29
0003D70A3
7FFBEB852
00039999A
7FE55C28F
000000000
000000000
7FF5AE148
7FF79999A
000828F5C
7FFB70A3D
001C8F5C3
000000000
7FDCB851E
7FFF47AE1
000000000
001651EB8
7FDF99999
00187AE15
7FF666667
7FFF47AE1
7FFBAE149
7FE933331
7FFB70A3D
000170A3E
00048F5C3
7FD999999
00123D70A
7FFE8F5C3
7FFCA3D71
000228F5C
7FF570A3D
7FEB5C290
7FFB70A3D
0016CCCCC
000000000
000866666
000000000
0005851EB
7FF7D70A4
000000000
7FCBAE148
7FE51EB85
7FEEF5C29
7FF5EB852
001147AE1
000000000
0000B851F
7FE2B851E
000000000
7FFF851EC
7FFA00000
000000000
000547AE2
7FFE147AF
7FF79999B
7FE9EB851
000000000
000000000
7FC0E147B
000000000
7FFE51EB8
7FFA7AE15
7FE147AE1
0013AE148
0006B851E
7FEB5C290
000228F5C
7FED851EC
0013AE148
7FFECCCCD
7FF533333
7FFECCCCE
7FE7851EB
7FF3851EA
7FEFAE148
7FFC28F5D
7FF8147AE
7FE68F5C3
7FF88F5C4
000000000
000133333
000000000
7FFA7AE14
7FF0E147B
000000000
002570A3D
000228F5D
7FBFEB852
000000000
7FF9C28F6
7FFBEB851
000170A3D
000133333
7FDF9999A
00063D70A
7FFC28F5D
7FF2147AE
7F98147AE
000000000
000000000
0001AE148
000000000
7FFE8F5C3
7FE68F5C3
0006F5C29
0002A3D70
7FF2CCCCC
000000000
0008E147B
7FEAA3D71
7FF5EB852
000ACCCCC
000000000
002347AE0
7FFD5C28F
000DAE148
003EE147A
0016CCCCD
002570A3D
0014A3D71
7FF7D70A4
7FF71EB85
000000000
00048F5C2
7FF90A3D7
7FC79999A
000228F5D
7FEA66667
000000000
0006F5C29
7FEE7AE15
0007AE147
7FFBEB852
7FFF47AE1
0012B851F
000000000
000000000
7FFA00000
7FE27AE15
000000000
001970A3E
7FF88F5C3
7FFBEB852
7FF570A3D
7FFD1EB85
7FF7D70A4
00110A3D7
000000000
7FCB33333
7FFCA3D71
7FE651EB9
7FF1D70A4
7FFE147AE
00031EB86
000000000
7FF8147AE
7FFECCCCD
00035C290
0042B851F
000000000
001CCCCCD
7FF570A3E
00063D70A
000228F5C
0007AE148
7FF11EB84
7FFA7AE14
7FDFD70A4
7FE51EB85
7FE6147AF
0006B851F
7FFD5C28F
7FE7C28F6
001A28F5C
004466667
7FFECCCCD
000170A3D
002D1EB87
0016CCCCD
000000000
7FF0E147B
7FF8147AE
7FFD1EB85
7FF2CCCCD
000000000
7FEEF5C29
0001AE147
7FFCA3D70
000FD70A5
7FFB70A3E
7FF3C28F6
0016147AD
7FF4F5C29
000000000
00108F5C3
000600000
7FB7851EB
7FF7D70A5
7FF9851EB
7FE8B8520
7FFF47AE1
7FFE147AE
000266666
7FF2CCCCC
7FCDD70A3
7FFE8F5C3
7FF3C28F7
0022147AE
7FE87AE13
0023851ED
000000000
7FD67AE15
7FF8147AE
7FFA3D70B
7FF15C28F
000000000
7FDFD70A4
000000000
7FFECCCCD
000000000
7FDB851EB
7FFB33333
7FFE51EB9
7FFDD70A4
7FD266667
7FDE66667
7FFB33333
0022CCCCD
002A3D70A
000000000
7FFA7AE15
7FFECCCCD
7FF3851EC
7FFE8F5C2
000000000
7FD2E147B
0005851EC
0007AE148
7FDC7AE16
7FF1D70A3
7FF066667
000000000
000000000
7FFA3D70A
7FF9C28F6
7FFECCCCD
7FE7851EB
7FEE00000
0005851EC
7FFAF5C29
7FF0A3D70
0001EB852
00048F5C2
7FEC8F5C3
7FC628F5C
7FFCE147A
000000000
7FE3EB852
000E66665
001651EB9
0002E147B
000000000
7FF88F5C3
7FFF851EC
0002E147C
7F92CCCCD
7FEEF5C29
7FF0E147C
000000000
0004147AE
7FD03D70A
7FFD1EB85
7FFE51EB8
7FE051EB8
00063D70A
000000000
7FF7D70A3
7FFE147AD
7FF8CCCCD
7FF47AE14
000CF5C29
7FFBAE148
7FFAF5C29
7FFB70A3D
00007AE15
000ACCCCD
00003D70A
000000000
0011C28F6
7FFCE147A
7FFC66666
7FD50A3D9
000000000
7FFD1EB85
7FFECCCCD
000000000
000000000
7FDF1EB86
7FF6A3D70
7FEA66666
0008A3D70
7FFE147AE
7FED851EC
000547AE1
7FF9851EC
7FFAF5C29
000000000
00007AE14
000000000
000770A3D
0004CCCCD
7FF11EB85
7FC0E147C
0001AE148
0000B851E
000133333
7FF8CCCCD
7FFC66666
001051EB9
7FF851EB9
7FC7D70A2
7FEA66667
000D33333
7FFE147AE
7FE83D70A
7FFFC28F6
7FF75C290
7FF347AE1
000000000
000000000
00350A3D7
001E00000
7FEC8F5C3
7FFCA3D70
7FEEF5C29
000600000
000000000
7FC0A3D72
7FF71EB85
7FF9C28F6
000828F5C
7FDEE147B
001FEB852
000000000
000000000
7FD866668
7FF88F5C3
000000000
7FE6CCCCE
7FCE147AE
000E28F5C
7FFCA3D70
00039999A
7FFECCCCD
7FEF70A3D
7FEA28F5C
7FD733332
0002A3D70
0007EB851
7FFA3D70B
7FFD5C290
7FEC51EB9
7FF9C28F6
000133333
7FFD1EB85
000000000
0000B851F
000000000
7FFB70A3D
7FE7C28F7
7FF3851EC
0000B851E
000000000
7FFB33333
000000000
7FF533333
0007AE147
7FD6F5C2B
0002E147C
000000000
7FE08F5C2
7FFB70A3D
7FDC3D70A
7FF947AE1
7FF9851EC
7FFA00000
7FF3851EC
7FFE8F5C3
7FFD1EB85
00367AE14
7FFCA3D71
7FFECCCCD
7FFE8F5C2
7FF47AE14
7FF4F5C29
7FF43D70C
7FF628F5C
7FE428F5C
000000000
7FD451EB8
000000000
000866666
000D70A3E
0002E147C
7FF75C28F
7FF628F5C
7FFBAE147
7FBFAE148
000BC28F6
000F1EB85
7FFCA3D71
7FF19999A
000000000
7FFF0A3D6
7FE147AE1
7FFD1EB86
00228F5C4
7FF71EB85
000B851EC
000BC28F6
000000000
7FFD5C28F
7FFB70A3D
7FFBEB852
7FFECCCCD
7FFECCCCD
7FEE7AE15
7FFECCCCD
7FF0E147A
000000000
7FFC28F5C
000000000
7FFAB851E
000000000
7FFD9999A
7FF9C28F6
002347AE1
00095C290
000000000
7FFBEB852
7FF851EB9
000F9999A
000000000
000000000
7FFB33333
7FF4B851E
000228F5C
7FFE8F5C3
000000000
7FFAF5C29
7FF570A3D
000228F5C
00031EB85
7FF90A3D7
7FEC51EB9
000000000
0000B851F
00091EB86
7FFCE147B
0007AE148
7FE10A3D6
7FF2CCCCD
7FFA3D70A
7FFB33334
7FF5EB852
7FFA7AE14
000000000
7FF43D70B
000000000
0000B851F
7FFCE147B
000BC28F6
7FF8CCCCD
000000000
7FEF33333
000600000
000000000
0002E147B
7F8C147B0
0004147AF
000000000
00099999A
7FF5EB852
7FEF70A3D
000000000
7FF3C28F6
7FDB47AE3
7FE59999A
7FF43D709
00095C28E
7FEAE147A
000600000
000266667
7FF9C28F6
0009D70A5
7FEAE147C
000D70A3D
7FEB1EB86
7FC028F5B
7FEC51EB8
7FEC51EB8
7FEBD70A4
7FFE147AE
7FFECCCCD
000000000
7FFA7AE15
000000000
7FFE8F5C3
7FFB70A3E
7FEC51EB9
7FFAB851F
7FFECCCCD
7FFC66667
7FFB70A3D
000000000
000547AE1
7FE7C28F6
7FF90A3D7
000000000
002ECCCCD
7FE651EB7
0007EB852
0002A3D71
000000000
7FFFC28F6
7FE333332
7FFB33334
7FFECCCCC
000000000
7FF7D70A4
000133333
00067AE14
7FF90A3D7
7FE466666
7FEEB851F
000000000
000A8F5C3
7FDFD70A3
00050A3D7
000000000
7FCF0A3D7
0005C28F6
0002E147B
7FFB33334
7FEA66666
7FF8147AD
7FE08F5C4
7FE6CCCCE
000C7AE14
0000F5C29
00095C290
7FFCE147B
7FF15C290
7FFAB851F
7FEC8F5C2
00067AE15
000228F5D
0018B851F
000000000
7FFD1EB85
7FF0A3D70
001E7AE14
000228F5C
7FF0A3D71
7FC8147AF
7FFD9999A
7FED851EC
7FE8F5C29
7FDA147AE
000000000
7FE1FFFFF
7FFBEB853
7FFCA3D71
001051EB8
7FFDD70A4
7FF8CCCCD
7FFE147AE
7FEC8F5C3
000000000
000000000
7FF90A3D7
7FE466666
7FFE147AD
000000000
7FD8E147A
000866666
000A8F5C3
7FDEA3D71
000000000
7FFDD70A4
7FF0E147C
0001EB851
00035C28F
7FFD9999A
000000000
7FF0A3D71
000000000
7FE23D70B
7FEEB851F
000000000
7FF2147AE
000000000
7FF1D70A4
7F9D99999
7FFCE147B
7FFC28F5C
7FFD5C28F
7FFD9999A
000CB851E
000000000
0007AE147
7FF88F5C2
7FFE147B0
7FF8CCCCD
7FE4E147B
000000000
7FF947AE1
000000000
0013AE148
000000000
7FFCA3D70
7FFE147AE
0001EB852
7FFF47AE0
7FF6A3D71
000000000
0013AE148
7FDB0A3D7
7FF028F5C
0002A3D70
000170A3D
7FFC66666
7FF8CCCCC
00067AE13
7FF15C290
7FFBEB852
00007AE15
002199999
7FFD5C28F
000600000
7FF8147AE
000000000
7FFE51EB8
7FEAA3D71
7FFBEB852
0002A3D71
7FF7D70A6
7FB83D70A
7FFE8F5C3
7FFECCCCD
7FFE8F5C3
7FFA7AE14
7FE5D70A4
7FFDD70A4
7FF947AE1
7FEEF5C29
7FF5EB852
7FF43D70A
0006F5C29
00050A3D8
7FFCA3D71
7FE333333
7FF4B851F
000E28F5C
000866666
7FF9851EC
7FFECCCCD
000CB851F
000000000
7FF47AE14
7FE6CCCCD
000E66666
7FED47AE1
7FFD5C28F
000000000
7FFECCCCD
7FF8147AE
7FFD1EB85
7FF88F5C2
7FF533333
7FFE51EB8
7FFE51EB8
001C51EB8
00007AE14
7FF947AE1
7FFE51EB9
7FFE147AE
000000000
7FE3AE148
00155C28F
000733334
000170A3E
7FF5AE148
7FF7D70A4
7FFBEB852
7FED0A3D7
7FFA7AE14
7FFAF5C29
7FE8B851E
0030B8520
000B0A3D7
7FE800002
7FFC28F5D
7FEDC28F6
0001EB852
7FFB33332
7FFD5C28F
000000000
000170A3D
000866666
7FE651EB8
000000000
000B851EC
7FF4B851F
7FE147AE1
7FFB33333
000547AE2
7FF2147AF
7FFBEB852
7FDB0A3D8
7FDE28F5C
000A51EB7
0002A3D71
7FF0A3D71
7FFD5C290
7FF851EB8
7FFC28F5C
7FF75C290
7FFDD70A4
7FF3C28F6
000000000
000000000
7FFE51EB8
7FF5AE148
000000000
000C7AE14
7FFA3D70A
7FF9851ED
000133333
7FFC28F5C
000000000
000000000
000000000
7FF19999A
7FE1851EB
0012F5C28
00155C28F
7FEFAE148
7FF6E147C
000000000
7FF9C28F6
7FF7D70A4
7FF3851EC
000000000
7FF8147AF
7FFECCCCD
000000000
7FFECCCCD
000000000
000000000
7FFF47AE1
7FFA00000
000000000
000000000
0003D70A3
7FFB33333
00091EB85
00007AE14
000000000
000CB8520
7FFE147AE
000000000
000000000
000133333
000000000
000DAE148
000000000
7FFC28F5D
000000000
7FFD5C28F
00035C290
7FFD5C28F
000000000
7FC4B851F
0012F5C29
7FF7D70A3
7FF79999A
7FD7AE148
7FFE8F5C3
7FEBD70A4
7FE1FFFFF
7FF666666
0001EB852
7FFECCCCD
001333334
000000000
7FF5AE148
000133333
7FFAB851F
7FF9C28F6
000000000
000000000
000000000
7FFDD70A4
0002E147B
7FE747AE1
7FFB33334
7FF2CCCCD
7FFE51EB9
000000000
7FFFC28F6
00007AE15
000000000
000000000
7FE9EB851
7FF9851EC
000451EB9
000000000
000000000
7FFD9999A
000000000
00063D70A
7FFDD70A4
000000000
7FF533334
7FFDD70A4
000000000
7FFCE147B
7FF43D70A
7FE2B851F
7FFF851EB
7FE9EB850
7FE970A3D
000A147AE
7FF799999
7FF2CCCCD
0002A3D71
7FFBEB852
7FFECCCCD
7FFE8F5C3
7FFDD70A4
000000000
7FFDD70A4
7FFB70A3D
000228F5C
000000000
7FEF70A3D
7FF666666
7FF3851ED
000000000
7FE4E147C
7FFBAE148
000000000
7FBD0A3D7
000000000
00050A3D7
7FF400000
7FFE147AE
7FF8CCCCD
000000000
7FFAF5C29
7FFD9999A
7FFD5C28F
7FF851EB8
7FFC28F5C
7FF066667
7FE8F5C29
0006F5C29
7FF43D70A
7FF90A3D7
00243D70B
7FFD5C28F
00099999A
000399999
7FFC66667
000000000
7FE7851EA
000000000
7FF6E147B
000000000
7FDE28F5B
000266666
7FFECCCCD
0001AE148
000000000
000000000
7FDF5C28F
7FF15C28F
000170A3D
7FF7D70A3
7FFA7AE14
000000000
000000000
7FDC3D70A
7FFC66666
7FFECCCCD
7FF066667
7FFD1EB85
7FFBEB853
7FF8147AE
7FC79999A
0001AE148
00003D70A
0006B851F
7FF2CCCCD
000000000
00003D70A
7FFDD70A4
000133333
00063D70A
7FF90A3D7
000000000
00031EB85
7FFA00000
7FF90A3D7
0005851EC
7FF0A3D70
7FEA66666
7FD000000
7FF19999A
7FD50A3D8
7FFF0A3D7
7FEC8F5C3
0007EB852
00003D70A
7FF628F5D
7FFB33333
7FF47AE14
000000000
7FFECCCCC
7FF0E147A
7FFE8F5C3
000000000
7FFA00000
000000000
000000000
7FF6E147B
000000000
7FFBAE148
000000000
000000000
7FF666667
000000000
7FFE51EB8
7FF2CCCCD
7FF400002
0002E147B
000000000
00048F5C2
0000B851E
7FF9851ED
7FFF851EC
7FF88F5C3
7FCD1EB84
7FFF47AE2
000000000
7FFECCCCD
7FECCCCCD
000000000
7FFBEB853
7FFA00000
000000000
7FFCA3D71
7FFC28F5D
7FFAB851F
7FEDC28F7
7FFF851EB
000000000
7FFD9999A
0012B851F
7FF9C28F6
000000000
000000000
7FF8CCCCD
7FF88F5C3
000C00000
7FEAE147B
7FF400000
7FFD5C28F
7FEAE147B
000000000
000266667
7FED851EB
7FFB33333
000000000
7FD451EB9
000000000
7FE370A3E
000000000
7FF0A3D71
7FFB70A3E
000000000
7FF0A3D71
7FF6A3D71
000000000
7FFFC28F6
000000000
7FF79999A
000000000
000170A3D
7FFAF5C29
7FFDD70A3
00035C28F
000000000
7FD5C28F6
000000000
7FFF0A3D7
7FF6A3D72
000600000
7FF628F5C
7FFB70A3D
000000000
7FFD1EB84
000000000
7FE466667
002C28F5C
7FFAF5C29
7FEFAE148
000DEB851
7FFDD70A4
7FFDD70A4
000000000
7FF90A3D8
7FFA7AE14
0002E147C
000000000
7FF6E147B
000000000
000000000
000000000
7FFECCCCD
7FDF1EB85
000000000
7FFBAE148
7FF8CCCCD
000133333
7FF30A3D8
7FFE147AE
0002E147B
000A147AE
7FEFEB851
00003D70A
7FF4B851F
7FFD9999A
7FFD1EB86
7FFCE147B
7FF0A3D71
7FF2CCCCE
7FFFC28F6
000CB851F
7FFBAE148
7FF6E147B
7FF6A3D71
7FF9C28F6
7FFA3D70A
000000000
7FFE8F5C3
7FDC00001
7FFBAE148
7FFAF5C2A
7FFE147AE
000000000
000000000
7FFBAE147
000000000
7FEAE147B
000770A3D
7FF066665
000000000
7FF851EB9
7FF3C28F5
7FFDD70A3
7FF5AE148
7FF8CCCCD
7FFD9999A
000000000
000266667
000000000
7FFB33333
7FFECCCCD
7FFECCCCD
000170A3D
000000000
000000000
000000000
7FFC28F5C
000F5C290
00095C28F
7FF666667
000000000
000228F5C
7FFAB851F
000000000
000000000
000000000
000000000
7FFDD70A4
7FF90A3D7
000000000
7FFECCCCD
000451EB8
000000000
000000000
00003D70B
7FFFC28F7
0008E147B
7FFFC28F6
7FD2E147B
7FFECCCCD
000000000
7FF851EB8
00050A3D7
7FF5EB852
7FFD1EB85
000000000
7FFC66667
000000000
7FECCCCCD
000000000
000000000
000133333
7FF5AE148
000E66665
7FFC28F5C
7FF028F5C
00035C290
7FFF0A3D7
00003D70B
000000000
000000000
000000000
7FFA7AE15
7FF79999A
00035C28F
7FFD99999
7FFECCCCD
7FFDD70A4
000A8F5C2
7FFE147AE
7FFECCCCD
000000000
000000000
0001AE148
000000000
7FFECCCCD
7FFD1EB85
0004147AE
0001EB852
7FEC51EB8
7FFAF5C2A
7FFA00000
000000000
7FFD1EB85
000000000
0002E147B
7FFB33333
000000000
7FF8CCCCD
0007AE148
000000000
000000000
7FEE3D70B
000000000
7FFECCCCD
7FEE3D70B
7FFBAE147
000000000
7FFA3D70A
000000000
000228F5C
0000B851E
7FFD1EB85
7FFC66665
7FF2CCCCD
7FE3AE147
0003D70A4
7FF947AE2
7FFECCCCD
0008A3D71
7FE1C28F4
001200000
000000000
7FF88F5C2
0000B851F
7FFECCCCD
000000000
000000000
7FFCA3D72
000000000
0009D70A3
000000000
000000000
000000000
000000000
000547AE1
000000000
000547AE2
000000000
7FFD9999A
000266666
7FFAF5C29
000000000
7FED851EC
7FF9C28F6
7FFA7AE14
7FFECCCCD
7FF947AE1
7FFD9999A
7FF2147AE
00007AE15
000000000
7FF15C28F
7FFECCCCD
000A51EB8
7FFD1EB85
7FFD5C290
7FFB33333
000000000
7FF75C28F
7FF79999A
7FFE8F5C3
7FF3851EC
000866667
000000000
000000000
7FFE8F5C3
000000000
000000000
000000000
000D70A3C
7FF90A3D7
000000000
000000000
00035C28F
7FFFC28F6
000733333
000000000
7FE27AE15
000000000
00003D70A
7FFA00001
000000000
7FF71EB86
7FFF47AE1
7FFC66666
000000000
7FF666667
000770A3D
000133333
7FF851EB8
7FFD5C28F
000000000
7FFECCCCD
000000000
7FFDD70A4
000000000
00108F5C4
7FFCE147B
000000000
000266666
000F9999A
000000000
7FFB33333
7FFF47AE0
0000F5C29
7FF6A3D71
7FE200000
000000000
7FFECCCCD
7FED47AE2
7FFFC28F6
7FEC51EB8
7FF47AE14
7FFC28F5C
7FEB1EB85
7F7C3D70B
000000000
7FF628F5C
7FFECCCCD
7FFECCCCD
7FF8CCCCD
7FFE8F5C2
7FF28F5C3
7FF0E147B
000000000
7FFD5C28F
000BC28F6
0002A3D71
7FF7D70A4
7FF90A3D7
0010CCCCC
000A147AE
7FF8147AE
000000000
0001EB852
000170A3D
7FFB70A3D
000000000
7FFE147AE
7FFE51EB8
7FFDD70A4
000000000
7FF7D70A5
7FEC51EB8
7FF9851EB
000000000
000000000
7FFC28F5C
0005851EC
00003D70A
7FFE8F5C3
7FFE147AE
000B47AE1
000000000
7FF75C290
7FFECCCCD
000000000
7FF79999A
7FEEF5C29
7FF30A3D7
7FFB33333
7FF9C28F6
000000000
7FFC66666
7FF1D70A4
0007AE148
7FFB33333
7FF47AE15
000000000
7FF90A3D7
000000000
7FFCA3D71
000000000
7FFE147AE
7FFAB851F
000000000
7FFBAE148
7FF028F5D
7FFCA3D71
0018B851E
7FFC66666
0002E147D
7FFDD70A4
7FFE8F5C3
7FFECCCCD
7FFDD70A4
0001AE148
7FF90A3D7
000000000
7FFB33333
7FF799999
000000000
7FF7D70A4
7FF7D70A5
7FFB33334
7FFECCCCD
7FEEB851F
7FFC28F5C
7FD5851EB
000000000
0001AE148
7FEEB851F
0014A3D70
7FFECCCCD
7FF15C28F
7FFD5C290
000000000
7FFBEB852
7FF8147AE
000000000
000000000
7FFA7AE14
7FFD9999A
7FFC28F5C
7FF628F5C
7F9028F5C
7FF851EB9
000000000
000000000
7FFD9999A
7FFBEB852
000000000
000733333
7FFBAE148
0005C28F6
7FF199999
7FFBEB852
7FF5AE148
7FFE51EB8
7FEEB851E
0002E147B
000000000
00095C28F
000000000
000000000
7FF7D70A4
7FFD9999A
7FF47AE15
7FFECCCCD
7FF6A3D71
7FFDD70A4
000000000
7FFCA3D71
7FFAB851F
000000000
7FF90A3D7
0004147AE
0000F5C28
7FFECCCCD
000000000
000000000
000000000
7FFBAE148
7FEDC28F6
000C7AE14
7FE7C28F6
000000000
000000000
7FFCA3D71
7FF6E147B
00067AE14
7FF8147AD
7FFF47AE2
7FFECCCCD
7FFBAE147
0004147AE
000170A3D
000DEB851
7FFBAE148
000000000
000000000
000000000
000451EB8
000000000
000000000
7FFAF5C29
0008E147B
7FFD9999A
0002A3D71
7FFE8F5C3
000F9999A
000000000
000B851EB
7FF3851EC
000000000
7FF947AE2
7FF851EB8
7FFB70A3D
000000000
7FFD1EB86
7FFE147AE
7FF6A3D70
000000000
7FFDD70A4
7FED47AE1
000000000
000000000
000000000
00063D70A
7FFCA3D71
7FFE147AE
7FF3851EC
000000000
7FFECCCCD
7FEC147AE
0002A3D71
000266666
000000000
000000000
7FFA7AE14
000000000
7FC71EB85
7FF9851EC
7FFCE147B
7FFE8F5C3
7FFECCCCD
7FED0A3D8
00003D70A
000399999
000000000
7FF90A3D7
7FFB33333
000000000
0003D70A4
000000000
7FE9AE148
7FFB33333
7FF90A3D8
0005851EC
000000000
000228F5C
000000000
000170A3D
7FE1851EA
000999999
000000000
7FFECCCCD
7FF79999A
7FF6A3D70
00039999A
000000000
7FFBAE148
000000000
7FEA66666
000228F5C
000000000
7FF47AE14
000000000
000ACCCCD
001333332
7FFBEB852
7FFA3D70B
7FFE8F5C3
00035C28F
000000000
000000000
7FFDD70A4
001B1EB85
7FFBAE148
0000B851F
000000000
000770A3E
7FFECCCCD
0002A3D71
0002E147B
000000000
000133333
0002A3D71
000000000
7FFECCCCD
7FFC66666
7FF9851EC
000000000
7FFCA3D71
000170A3D
7FF9C28F6
0002E147B
000170A3D
000000000
7FF79999A
000000000
000000000
003733333
7FEE00000
7FFA7AE14
7FF851EB8
000000000
7FE4E147B
00003D70B
7FF2147AE
7FFC66666
7FFC28F5D
000000000
00003D709
000000000
0001AE148
000000000
0002E147B
7FF9851EB
7FFE51EB8
7FFECCCCD
7FFA00000
000170A3D
7FFA3D70A
0012B851F
7FFBAE148
001EB851F
000170A3D
7FF15C28F
7FFAF5C29
7FFA7AE14
000000000
000000000
7FFA3D70A
000000000
000000000
7FFC28F5C
000000000
000000000
0002A3D71
000228F5C
000000000
7FFCE147B
7FFBEB852
7FE7FFFFF
7FFDD70A4
000000000
7FE08F5C4
00007AE14
000000000
7FF628F5C
0001AE148
7FFE8F5C3
0001EB852
7FFE147AE
000000000
7FEB1EB84
000000000
000000000
000000000
7FFECCCCD
7FFD1EB85
000000000
7FF5AE148
7FF628F5D
000133333
7FFE8F5C3
00003D70B
7FF43D70A
7FF88F5C3
000170A3D
7FFCE147B
7FF251EB8
000000000
7FFDD70A4
7FFA7AE14
7FF79999A
000000000
000000000
000A147AD
7FF8147AE
000000000
7FF28F5C3
000000000
000000000
7FFFC28F6
000000000
7FFE51EB8
7FF2CCCCD
00151EB84
7FFA7AE15
7FF8147AE
7FF6A3D71
000000000
7FFB70A3D
7FFE51EB9
7FF251EB9
0008A3D70
000000000
7FF9851EC
7FFE51EB8
7FF1D70A4
7FFD5C28F
000000000
7FF90A3D7
00003D70B
7FF9C28F6
7FFCE147B
7FFB70A3D
7FFECCCCD
0004147AE
00050A3D7
7FFC66666
000000000
7FF28F5C3
7FFF47AE0
7FFD9999A
000000000
000000000
7FF1D70A4
000000000
0013AE148
7FFE8F5C3
7FFCA3D71
0000B851F
7FF251EB8
0001EB852
7FFE8F5C3
7FF3851EC
000000000
7FFC66666
7FF71EB85
7FFE147AE
0008A3D72
000000000
000000000
7FFAF5C29
000000000
7FF028F5C
0000F5C29
7FF028F5C
7FF7D70A4
000000000
000266667
000000000
7FFFC28F6
7FFD9999A
000000000
000000000
7FEE00001
0006F5C29
000000000
7FE6CCCCD
000000000
7FFE147AE
000000000
7FF851EB8
0006F5C29
00091EB85
7FFD9999A
000000000
000000000
000000000
000000000
000600000
7FFFC28F5
000F9999B
000000000
000000000
7FFC66666
000000000
0018F5C29
7FFDD70A4
000000000
7FFECCCCD
7FDA147AE
7F9D5C28E
000000000
00048F5C2
7FFECCCCD
7FFE8F5C3
000000000
7FFECCCCD
000170A3D
000000000
000000000
000133333
7FFECCCCD
7FFAF5C29
000000000
7FFD9999A
0020E147C
7FF75C28F
000000000
000000000
7FFF47AE1
000133333
7FC9851EC
000000000
000000000
00048F5C3
000000000
000000000
7FFE8F5C3
7FFE8F5C3
7FF947AE1
7FFCA3D71
7FFD9999A
000000000
0002A3D71
7FF947AE1
000000000
000000000
7FFE147AE
7FFC28F5C
000C3D70A
0002A3D70
7FFA3D70A
7FFECCCCD
000000000
000000000
7FFE8F5C3
000000000
000000000
00007AE15
000000000
7FFD1EB86
000000000
00228F5C3
7FFAB851F
00007AE15
7FFC28F5C
000000000
000000000
000000000
7FFE147AE
0006F5C2A
7FEA28F5D
000000000
7FFBEB852
000000000
7FFC66666
7FF066667
000000000
00035C28F
7FFA00001
000DEB852
7FF5EB852
000600000
000170A3D
000C7AE14
0004147AE
7FFB70A3D
7FFB33333
7FFE8F5C3
7FF88F5C3
7FD63D70A
000000000
000000000
000399999
7FFD9999A
7FFD9999A
7FFA7AE14
000000000
7FEEF5C29
7FF90A3D7
7FFBEB852
7FFB33333
000000000
7FFDD70A4
7FF400000
7FFB33333
00035C290
7FFD9999A
7FF43D70B
7FE2F5C29
000000000
7FF88F5C2
7FFC28F5C
000B47AE1
000000000
000000000
7FFE8F5C3
7FFE8F5C3
7FE6CCCCC
000000000
000000000
7FFECCCCD
000000000
000000000
7FFECCCCD
7FEF33332
7FFD9999A
7FFCA3D70
7FFE8F5C3
0002E147B
000228F5C
000000000
7FFE51EB8
7FFECCCCD
000000000
7FF347AE1
7FFD5C28F
7FFE8F5C3
000000000
000770A3D
0004147AE
7FFDD70A4
7FF628F5E
000000000
000000000
000266666
000000000
7FFC28F5C
7FFE51EB8
000000000
7FFAB851F
7FFB33333
000000000
7FFD5C291
7FFF851EB
7FD5C28F7
000000000
00003D70B
7FEEF5C2A
7FF6A3D71
0000B851F
7FFE51EB8
000000000
7FF851EB9
7FF9C28F6
7FED47AE3
000733333
00271EB85
000000000
7FF570A3E
7FFC28F5D
000000000
7FEF33333
000000000
000000000
000000000
7FFC28F5C
0006B851C
7FFD5C28F
7FFB70A3D
7FFCA3D71
7FEB1EB86
7FF628F5C
7FFD9999A
000228F5C
0008A3D71
00035C28F
000000000
7FFE51EB8
000000000
000000000
000000000
7FFB70A3D
7FFD5C290
7FFBEB852
000B0A3D6
7FF533334
000000000
7FF6A3D70
000000000
0005C28F6
000266666
00035C28F
000228F5C
000000000
000000000
7FFE51EB8
7FFECCCCD
000000000
7FFF47AE1
000228F5C
000000000
7FF7D70A4
7FFCE147B
7FFECCCCD
000133333
000000000
7FFF47AE1
7FFA7AE14
000000000
7FFD9999A
000000000
000000000
000733333
0000B851E
000000000
00035C28F
000000000
000133333
000000000
000170A3D
000000000
0000F5C29
0003D70A4
7FFDD70A4
000000000
7FFA7AE15
7FFE51EB8
000000000
7FFAF5C29
000000000
000000000
00050A3D7
000547AE2
000000000
7FFF0A3D7
000000000
000000000
0007EB852
000000000
0005851EC
000000000
7FFECCCCD
7FFA3D70A
000000000
7FF7D70A4
000000000
000000000
000000000
7FF2CCCCC
000000000
0007AE147
7FFE8F5C3
7FFE51EB8
000000000
7FF9851EC
7FF947AE1
7FFD9999A
7FFE51EB8
7FEB5C28F
000133334
000000000
7FFD9999A
00035C28F
00127AE14
7FF2CCCCC
000000000
000000000
000000000
7FF4F5C29
7FFAB851F
0008A3D71
0002A3D71
000F9999A
7FF4B851F
000000000
7FF947AE1
0001EB852
7FFE147AE
000000000
7FFECCCCD
000000000
000133333
000000000
000828F5D
000000000
000000000
7FFECCCCD
000000000
000000000
00050A3D7
7FFBEB852
0000F5C29
000000000
000000000
7FFE147AE
000000000
000000000
0001AE148
7FFDD70A4
7FFBEB852
0002E147B
00007AE15
7FFECCCCD
000000000
000000000
7FF3C28F6
000000000
0007EB852
7FFE147AE
7FFFC28F5
000000000
7FFC28F5D
0001AE148
000000000
7FFE51EB8
000000000
000000000
7FFBAE148
7FF71EB86
000000000
7FF2CCCCD
000000000
000000000
0001AE148
000000000
7FFD9999A
7FFFC28F6
7FFD9999A
000000000
0000F5C29
000000000
7FFAF5C29
000EA3D70
000000000
7FF75C290
00031EB85
7FE4E147B
000000000
000000000
7FF851EB8
7FFE8F5C3
7FFE8F5C3
7FFBAE147
7FFC66666
7FFD1EB86
7FFE8F5C3
000000000
7FF47AE12
000000000
000000000
7FF947AE2
7FFE8F5C3
003A147AE
7FFD9999A
000228F5C
000266667
000000000
7FFE8F5C3
000000000
000A51EB8
000000000
000000000
000000000
7FFF0A3D7
000000000
0004CCCCC
7FFF47AE1
000000000
7FFECCCCD
000133333
7FFC28F5C
7FFC66666
7FFD5C28F
000000000
0000F5C28
7FFC66666
000000000
7FF4B851F
7FFBAE148
000000000
7FFD5C28F
7FFD5C28F
000000000
7FFD1EB85
000000000
7FED0A3D9
7FFD5C28F
000266666
7FFECCCCD
0001EB852
7FF8147AF
7FF6A3D71
7FFD1EB85
000133333
7FF628F5C
000000000
0007EB852
0002E147B
0002A3D71
000000000
000000000
7FFC66666
00039999A
000000000
000000000
000000000
7FF0A3D71
000000000
000000000
7FF7D70A4
7FFD5C290
7FFA7AE15
000170A3D
7FD733333
0004CCCCC
000000000
0001AE148
000000000
7FFBAE148
7FFAF5C2A
000000000
7FF851EB8
000000000
7FFE51EB8
000000000
7FFCA3D71
000228F5C
000000000
000000000
000000000
7FFAB851F
00003D70B
7FFE8F5C3
7FFD1EB85
000000000
7FFE8F5C3
7FFD1EB85
000000000
7FFECCCCD
7FEF70A3E
000000000
000000000
000000000
000000000
7FF028F5C
7FFECCCCD
0004147AE
7FFD1EB85
00031EB85
7FFECCCCD
00095C28F
000000000
000133333
7FF79999A
000000000
0001EB850
000000000
7FFD5C28F
7FFDD70A4
00035C28F
7FDA51EB8
000000000
000000000
7FF666666
000000000
7FFE51EB8
7FFECCCCD
00035C28F
7FFD5C28F
7FFD1EB85
00007AE14
000000000
7FFECCCCD
7FFECCCCD
000000000
0009D70A4
000000000
000000000
000000000
7FF666667
000000000
000000000
000000000
7FFCA3D71
7FDC3D70A
000000000
7FFECCCCD
7FF5EB852
7FF7D70A4
7FF2CCCCE
00007AE16
7FDD70A3E
7FE147AE1
7FD770A3D
7FEE00000
7FFD1EB85
000DAE148
000000000
00050A3D7
000000000
0001EB852
000133333
000000000
000000000
7FED47AE1
000000000
7FF4B8520
7FD866666
7FFF47AE1
7FF666667
7FFE51EB8
00050A3D7
000000000
7FFE8F5C3
000000000
000000000
000000000
7FFD5C28F
7FFECCCCD
000000000
0006F5C29
000000000
000000000
000000000
0004147AE
7FFAB851F
000000000
7FF5EB852
000000000
000170A3D
7FFDD70A4
7FF8CCCCC
000733333
7FFE147AE
7FFE51EB9
7FF47AE15
00063D70A
000000000
000000000
000000000
7FFE51EB8
000A147AE
7FFE8F5C3
000770A3E
000000000
7FFB33333
000000000
7FFD5C290
000000000
0003D70A4
7FF79999A
000000000
7FFC66666
7FFE147AE
7FF3851EB
7FF851EB8
000000000
7FF6A3D71
7FFECCCCD
0001AE148
00031EB84
7FEE7AE15
0007EB852
000000000
7FFECCCCD
003733333
7FF11EB85
7FF9851EC
7FF9851EC
7FF15C28F
000000000
000000000
000000000
000000000
000133333
000266666
000000000
000000000
000000000
7FFECCCCD
000000000
7FF8147AE
0002A3D71
000000000
7FE147AE1
7FFE51EB8
7FFC66666
000000000
7FFE8F5C3
000000000
00003D70B
000000000
000000000
000000000
7FFE147AE
7FF90A3D7
7FE800000
000000000
000EE147B
000000000
000000000
7FEEF5C29
000000000
000000000
7FFA00000
000000000
000000000
00067AE14
000000000
7FFC66666
7FF8147AE
000000000
7FFAB851F
000000000
7FFCE147B
000000000
7FFDD70A4
7FFE147AE
000000000
7FFAB851F
000000000
000000000
7FFD1EB87
0000B851F
000000000
7FFE8F5C3
000000000
000000000
000000000
00007AE14
0001AE148
7FF9851EC
7FFDD70A4
7FFC66666
000000000
000000000
0001EB852
000000000
7FF15C28F
000000000
0000F5C29
7FFB33333
000000000
000133333
7FFE147AE
000000000
000000000
7FFF851EC
7FFECCCCD
000A147AE
0000F5C2A
000000000
000170A3D
7FFBAE148
7FF851EB9
7FFE51EB8
7FF9C28F6
000000000
000000000
7FFF851EB
000000000
0004147AE
000170A3D
000228F5C
7FEA28F5C
000000000
7FDACCCCD
000000000
7FFAB851F
000000000
000000000
7FF9851EC
000000000
000000000
7FDDAE148
7FFAF5C29
7FFE51EB8
000000000
0001AE148
0008E147A
000000000
7FF628F5D
008AB851F
0008E147B
0002E147B
000000000
0001AE148
7FEE00000
7FFD1EB85
7FFBEB852
000000000
000000000
7FFD5C28F
00050A3D7
000000000
000000000
7FF5EB852
000000000
000000000
7FF8CCCCD
000000000
000000000
000000000
00067AE14
000000000
000000000
7FFC66667
7FFE147AE
000228F5C
000000000
0001AE148
7FE747AE2
0001EB852
000000000
7FFBEB853
7FFECCCCD
7FFA00000
000000000
7FF8147AD
7FD07AE15
7FFE51EB8
000228F5C
7FEC147AE
000000000
000000000
00290A3D6
7FFC66666
000133333
7FFCE147B
7FFD5C290
7FF9851EC
000000000
7FF8147AE
000000000
7FF666666
7FFD9999A
0004CCCCD
000000000
7FFD5C28F
000000000
000000000
000000000
000000000
7FF0A3D71
000000000
0006B851F
7FF9851EC
7FFA3D70A
7FF90A3D7
7FECCCCCC
000000000
000000000
7FE051EB8
7FFD9999A
000000000
7FFBEB852
000228F5C
7FFB70A3E
7FF5AE148
7FE87AE13
00003D70A
000000000
000000000
000000000
000000000
000000000
7FFD1EB85
00003D70A
000000000
000000000
000000000
7FFECCCCD
7FFE147AE
7FFD1EB85
7FFE51EB8
000000000
000170A3D
000000000
7FF28F5C3
001333333
000000000
000000000
000000000
7FCE147AE
000000000
7FFBEB852
000000000
7FFDD70A4
000000000
000000000
000E66667
7FFC66666
000000000
7FF0E147A
000000000
7FFDD70A4
000000000
000000000
7FE9EB852
000000000
7FFECCCCD
000000000
7FFECCCCD
000000000
7FFE51EB8
7FFDD70A4
000000000
0000B851F
000000000
7FFA7AE15
000000000
000000000
000000000
000000000
7FFB70A3E
7FDF1EB84
7FF666666
000000000
000000000
7FFDD70A4
000000000
000170A3D
7FDA51EBA
0004147AE
7FF75C290
7FE7C28F7
000000000
7FFB70A3E
7FCD1EB86
7FFB33333
000CB851F
000170A3D
00170A3D9
000000000
00007AE15
000000000
7FD3D70A3
7FFECCCCD
000000000
000000000
000000000
000000000
7FFDD70A4
7FFD9999A
7FD000001
00050A3D8
7FDFD70A5
000000000
000000000
000133334
000000000
000266666
7FD7AE148
00050A3D7
7FFE8F5C3
7FFECCCCD
000000000
7FFD5C28F
000000000
000000000
000547AE1
7FFD5C28F
000000000
7FFECCCCD
7FFDD70A4
00048F5C3
7FFB70A3D
000000000
7FF9C28F6
000000000
000000000
7FF9851EC
7FF30A3D8
00050A3D8
7FF8CCCCD
7FFC66666
000000000
7FFECCCCD
7FF28F5C2
000000000
7FF570A3D
000000000
7FF88F5C3
00110A3D7
7FF9851EC
000ACCCCD
7FFC66667
0008A3D71
7FFD9999A
000000000
7FFD5C28F
000000000
0002E147B
000000000
7FFC28F5C
00243D70A
7FFCE147B
000000000
000000000
7FF851EB8
7FFB33333
000228F5C
000000000
000000000
7FFB70A3E
7FD6B851E
7FF4B851E
000000000
000000000
000000000
000000000
000000000
0001EB852
000000000
000000001
7FFE147AE
7FF947AE2
7FFB33333
000000000
000000000
000000000
7FFE8F5C3
000451EB8
000547AE1
7FFE51EB8
7FF5EB852
7FF5EB852
0004147AE
000000000
7FFCE147B
000266667
0001AE147
7FFECCCCD
000000000
7FFF47AE1
000000000
000000000
000000000
000000000
000000000
000000000
0000F5C29
000000000
000000000
7FFB33333
7FFAF5C29
000000000
000000000
7FF1D70A4
000000000
000000000
000D70A3D
7FFBEB852
000000000
7FFC66666
000733333
000000000
0004CCCCD
00035C28F
000000000
000000000
7FFE8F5C3
000000000
7FFBAE148
7FFE51EB8
000451EB9
000000000
000000000
000000000
7FEEF5C2A
000000000
7FEB9999B
0017C28F6
000000000
7FF71EB86
0000B851E
7FFC66666
7FF628F5D
7FF4F5C29
000000000
7FFE51EB8
0001AE148
000000000
000000000
7FFE147AE
7FF947AE1
00031EB85
7FFD5C28F
000000000
7FF43D70B
0000B851F
000000000
000133333
000000000
7FD266666
000000000
000000000
000000000
000000000
000000000
7FFA00000
000000000
7FF400000
000000000
000000000
000000000
00007AE14
7FF9851EB
7FF251EB9
7FFC28F5C
000000000
7FFA3D70A
000000000
0001AE148
000000000
7FFA00000
000000000
7FEBD70A6
7FFE51EB8
000228F5C
000000000
7FEFAE149
7FF75C290
7FFCE147B
7FBB1EB86
00003D70A
000000000
00091EB85
7FFA3D70B
000266666
7FFE8F5C3
0005851EB
0004147AE
000000000
0000B851D
000F9999A
000000000
0001EB852
7FEF33333
00007AE15
000170A3D
7FFE8F5C3
0001EB852
000000000
0001EB852
0005C28F5
000000000
00050A3D7
7FFB70A3D
00048F5C3
000000000
000000000
000000000
7FFA7AE14
000000000
7FEE7AE14
000000000
7FFCE147B
00031EB85
7FFCA3D71
7FFC66667
7FFA7AE15
7FF9851EC
00031EB86
000133333
7FDCF5C29
000228F5C
000000000
000000000
7FFECCCCD
7FFBAE147
7FFA7AE15
000000000
000133333
000000000
000000000
000000000
7FFA00000
00067AE14
7FFC66666
7FF19999A
7FF533333
000000000
7FFD1EB85
000133333
000000000
7FFD1EB85
000000000
7FFB70A3E
000000000
000000000
000000000
000170A3D
7FFA00000
7FF947AE2
000170A3D
0004CCCCD
0009D70A2
7FF666666
0001AE148
7FFA7AE15
7FFD5C290
000000000
7FFE8F5C3
7FFE8F5C3
7FED47AE1
000000000
7FFAF5C29
000000000
000000000
00050A3D7
7FF71EB85
7FF7D70A5
000451EB9
000000000
7FF9C28F6
000000000
000000000
7FFD9999A
7FFBEB851
000000000
0011851EC
000000000
00091EB85
000000000
7F8D851EB
7FF947AE1
000133333
00108F5C2
000133333
7FF3C28F5
7FFECCCCD
000000000
000F99999
7FF9C28F6
7FF851EB8
000000000
000000000
7FF8CCCCD
7FF79999A
7FFD5C28F
000000000
7FFBAE147
000000000
000000000
000000000
7FFF0A3D8
7FF47AE14
7FFECCCCD
000000000
000000000
000000000
000000000
000547AE1
000000000
7FDDAE149
000000000
7FFECCCCD
7FFDD70A4
7FFECCCCD
7FFECCCCD
000000000
7FFDD70A4
000000000
7FF6E147C
000600000
000000000
00007AE14
000000000
7FFF0A3D7
7FED47AE2
000C7AE15
000000000
000000000
7FEFEB851
000000000
7FFCE147B
00048F5C3
7FF947AE1
7FFECCCCD
000000000
000000000
000000000
000133333
000000000
7FFDD70A4
7FFECCCCD
7FFE8F5C3
000000000
7FFE147AE
7FFE8F5C3
0002A3D71
7FFE147AE
7FF570A3D
7FF666666
7FF533333
7FF28F5C3
000000000
000000000
000000000
000000000
7FFD9999A
7FDF1EB85
7FF570A3D
7FF6A3D71
7FFECCCCD
7FFA3D70B
7FFC66666
7FE933332
000000001
7FFA3D70A
000770A3D
000600001
7FFD9999A
000133333
000000000
000000000
7FFECCCCD
000000000
7FFE8F5C3
0004CCCCE
000000000
7FF3C28F5
7FE59999A
000000000
000000000
000000000
7FFECCCCD
7FFE51EB8
000000000
000000000
7FFD5C28F
7FEC8F5C2
7FF8147AF
0007AE148
7FF666666
000000000
7FF851EB8
000000000
7FD8E147C
7FFD5C28F
000000000
000000000
000000000
7FFC28F5C
7FFD5C290
7FF570A3D
000000000
7FFCA3D71
000000000
000170A3D
00007AE14
0005851EB
7FFE147AE
000000000
000000000
7FF43D70A
00007AE14
7FFBEB852
000A51EB7
7FFE147AE
7FF799999
7FF851EB9
000000000
7FC43D70B
000266667
000000000
00048F5C3
7FFE8F5C3
7FF8CCCCD
7F9F47AE1
000451EB8
7FFF851EB
000000000
7FF8CCCCC
000000000
000000000
000547AE1
7FF9FFFFF
000000000
7FFD1EB85
000000000
000000000
000000000
000000000
7FEEF5C2A
000000000
000000000
0003D70A3
7FFE147AF
000000000
7FF75C28F
000000000
7FFE147AE
000000000
7FFC28F5D
000000000
000000000
7FDB851EC
001147AE2
0003D70A4
7FF8147AF
0004147AF
000000000
000000000
7FFDD70A4
7FFD5C28F
00039999A
0007AE148
000000000
0001AE148
7FFE8F5C2
7FFD1EB85
000000000
000000000
7FFE51EB8
000000000
7FFD1EB85
7FFE51EB8
000000000
000266667
000000000
000000000
7FF9C28F6
000000000
7FFD9999A
000000000
7FEA28F5C
7FE6147AD
000000000
00050A3D7
0002E147B
000000000
7FF9C28F6
7FFE8F5C3
7FFA7AE14
000133333
7FFB33333
7FF4B851F
7FD8A3D71
7FFC66666
7FFE51EB8
000133333
7FFB33333
000000000
7FFE51EB8
000000000
7FFE8F5C3
7FF88F5C2
000000000
000EE147B
000000000
000000000
000000000
7FFE147AE
7FF4B851F
000228F5C
0001EB852
7FF666666
7FFA00001
000EE147B
000F9999A
000000000
000000000
000B0A3D6
000C00000
000000000
7FF4F5C29
000000000
000000000
7FF9C28F6
7FFE8F5C3
000000000
000000000
000000000
000000000
7FFAF5C29
7FFE51EB8
7FFE147AE
000000000
7FF88F5C3
000000000
000000000
000000000
00031EB85
00031EB85
000000000
0029C28F6
7FFE8F5C3
7FFE51EB9
7FF9851EB
000600000
000000000
000000000
7FEB99999
000000000
7FFC28F5D
000000000
7FF9C28F6
7FF9C28F6
0005851EC
7FFE8F5C3
000000000
000133333
7FF8147AE
7FFAB851F
7FFD9999A
7FFE8F5C3
000000000
7FFECCCCD
000DAE148
7FFE8F5C3
7FFBEB851
0001EB852
7FF6E147B
0004CCCCC
7FF9C28F6
7FFC28F5C
7FFC66666
0002E147B
000547AE1
000000000
7FFF0A3D7
000000000
7FEFEB852
000000000
000000000
000000000
000000000
000000000
000000000
0002E147B
7FFBAE148
0002A3D71
7FFAF5C29
7FFE51EB8
7FF3C28F6
000000000
000000000
000000000
000000000
7FF8147AE
7FF90A3D7
0011851EC
000000000
7FF347AE1
000000000
000000000
7FFE8F5C3
7FECCCCCD
000000000
000000000
7FDF5C290
000000000
000000000
000733333
000866666
000000000
00003D70A
7FFAF5C29
0020A3D71
7FFA00000
00007AE15
7FFBAE148
7FF3C28F7
00048F5C2
7FFF851EB
000000000
000C7AE14
000000000
7FFE8F5C2
000547AE1
7FFE8F5C3
000000000
7FF88F5C3
7FFD5C290
7FFA3D70B
0004147AE
0006B851F
0002A3D71
000000000
7FFD5C28F
000000000
7FFF0A3D7
7FF0E147B
000000000
000000000
7FFECCCCD
7FF666667
7FFECCCCC
7FF8147AE
000000000
000000000
0001AE148
000000000
7FFE8F5C3
7FFE8F5C2
000000000
000000000
7FFDD70A4
7FF4F5C29
0006B851F
0001AE148
000000000
000000000
000000000
000170A3D
000000000
7FF75C28F
000000000
000000000
00067AE14
7FEF33333
7FF400000
00050A3D7
000000000
00031EB84
000133333
7FF066666
000000000
000000000
00095C28F
7FFD5C28F
000000000
000000000
7FFC28F5C
7FFA7AE14
000000000
000228F5C
7FFECCCCD
000000000
7FFE51EB8
7FFA00000
000000000
7FE4E147C
000000000
000B0A3D7
000600001
7FFB33333
0054F5C2A
7FF947AE1
000133333
7FFE8F5C3
000000000
7FFE8F5C3
7FFF851EB
000000000
000000000
000000000
001333333
000000000
000000000
7FF1D70A4
7FFC66666
000000000
000000000
7FFE147AE
7FFECCCCD
7FE4E147E
7FF1D70A3
000000000
7FFBEB852
7FFE8F5C3
000000000
000000000
000000000
000000000
000000000
000170A3D
7FFE147AE
000000000
0001AE148
7FF533333
7FFDD70A4
0003D70A4
000133333
000000000
7FFD1EB85
7FFECCCCD
000000000
7FFD5C290
000000000
000000000
7FDB47AE1
7FE1C28F6
000000000
7FF1D70A4
7FFD9999A
000000000
7FFECCCCD
0027D70A3
000000000
000000000
000000000
000000000
7FE147AE1
000000000
000000000
7FFC28F5C
000000000
7FFE8F5C2
7FFDD70A4
000000000
000000000
000828F5C
0004CCCCD
000000000
000000000
7FF9851EB
0001EB852
000000000
000000000
00003D70B
7FFD1EB85
7FFBEB852
7FFF851EC
000000000
000170A3D
00003D70A
0001EB852
7FF79999A
000000000
000000000
7FF15C290
7FFBEB852
000170A3D
7FF0A3D70
7FFB70A3D
000000000
7FEF33333
000000000
00007AE15
7FF88F5C3
000000000
000000000
000000000
7FFE8F5C3
7FF47AE15
7FFECCCCD
000133333
7FFBAE147
000000000
7FFDD70A4
7FFECCCCD
000000000
000000000
7FFE8F5C3
000000000
7FEC51EB8
000000000
7FFCE147C
7FE0147AE
7FF533333
000000000
7FFF851EC
7FFA00000
000170A3E
000000000
7FFD9999A
000000000
000451EB8
000000000
7FFCA3D70
7FFB70A3D
7FFCA3D71
000000000
000000000
000000000
7FFA3D70A
7FFA00000
7FFE51EB8
7FFCE147B
7FFECCCCD
7FFFC28F6
7FFD1EB85
7FFCE147B
7FFE147AE
7FF7D70A4
7FF8147AE
7FEA66666
000000000
00050A3D7
000000000
0003D70A4
7FF75C28F
000000000
7FFE147AE
7FFBAE148
000000000
0059851EC
000228F5D
0008A3D71
7FFE147AE
000000000
7FFD1EB85
000000000
000000000
000000000
000000000
7FF2CCCCD
7FF9C28F5
7FFAF5C29
7FFBAE148
000000000
7FFD5C28F
000000000
7FFECCCCD
000000000
000000000
000000000
7FF15C290
000000000
7FFBEB852
7FF6A3D70
000133333
000000000
7FFE147AF
7FFECCCCD
000000000
7FFD1EB86
7FFB33333
0001AE148
000000000
000000000
000000000
000000000
0007AE148
000000000
000000000
0002A3D70
7FFE51EB8
000000000
7FEEF5C29
000000000
000000000
7FFE8F5C3
000000000
000000000
000000000
000000000
7FFBAE148
000000000
7FFECCCCD
000000000
000000000
000000000
000000000
000000000
0004147AE
000000000
006C00000
7FF19999C
000000000
000000000
000000000
000000000
7FF570A3E
000000000
000000000
000000000
000000000
7FFB33333
000000000
000000000
0016147AF
001466666
000000000
000000000
7FF9C28F6
000451EB8
000ACCCCB
7FFECCCCD
7FFE147AE
000000000
000000000
000000000
0014A3D71
7FF7D70A4
7FF8CCCCE
7FFCA3D71
000000000
000000000
000000000
003BC28F6
006733333
000000000
000000000
000000000
000000000
000000000
000000000
000000000
000000000
7FFBAE148
000000000
000000000
000000000
7FFCA3D71
7FE933333
000000000
7FFD1EB85
0014A3D72
7FF88F5C1
7FFF0A3D7
003000001
7FF15C290
7FED851EC
7FEEB851E
000000000
7FFAB851E
000000000
000000000
000000000
000000000
7FECCCCCD
7FFAB851F
0007AE148
7FFE51EB9
7FFB33333
000000000
7FFD99999
000000000
7FFE51EB8
000000000
7FEA28F5C
7FFAB851F
7FF15C28F
000000000
000000000
000000000
000000000
000000000
0001EB852
0005851EB
000000000
00063D70A
000170A3D
7FFFC28F6
7FF47AE15
000000000
000547AE2
00003D70A
7FFE8F5C2
7F851EB84
000000000
7FFECCCCD
000000000
7FFC28F5C
7FE970A3D
000000000
000000000
000000000
7FFC66666
004BD70A4
000000000
000000000
001E3D70B
7F85D70A3
000600000
000000000
000000000
7FFDD70A4
000133333
000000000
7FFECCCCD
7FFC66666
000000000
7FF90A3D7
00039999A
7FFBEB851
000000000
00007AE14
7FF15C28F
00007AE15
0000B851E
000000000
000547AE2
000000000
7FF4F5C29
000000000
000000000
000000000
000000000
7FFDD70A4
000000000
000000000
00063D70A
7FFA00000
000000000
000000000
000000000
000000000
7FFE51EB9
000770A3D
7FFE51EB9
000000000
7FEEB851D
001B5C290
000000000
7FFECCCCD
7FEC51EB9
7FFBAE147
000000000
7FFD99999
000000000
7FFCE147B
7FFECCCCD
000000000
000000000
7FF570A3E
7FEEF5C29
7FF799999
7FF1D70A4
7FFF851EB
7FF2147AE
7FE428F5E
000000000
002400001
7FFF851EC
7FF533333
000000000
00151EB85
000000000
7FED851EB
7FF47AE16
000170A3D
7FFECCCCD
000ACCCCC
7FE8B851E
7FFD9999A
000000000
000000000
00007AE14
7FF8CCCCD
0005C28F6
7FFD9999A
7FFE147AE
000FD70A3
7FF79999A
000000000
7FFF0A3D8
7FFBAE148
7FFE147AE
7FF7D70A4
7FFD5C28F
000000000
0001AE148
7FFCA3D71
000000000
7FFDD70A4
0002A3D70
000000000
7FFBEB852
000000000
7FEB5C290
7FFD9999A
7FAA147AF
000770A3E
00063D70B
00091EB85
7FFD9999A
000000000
7FFD9999A
7FFA00000
7FF75C290
0049AE147
0004147AE
0002E147B
7FE9AE147
000000000
00050A3D7
000000000
000000000
7FF4F5C29
7FF71EB85
7FFCA3D71
7FEEF5C29
7FFFC28F6
000770A3D
7FFA3D70A
7FF7D70A4
000770A3D
7FFE147AE
7FEF33334
0007AE147
7FFE51EB8
000770A3E
000228F5C
7FFE8F5C3
000266666
7FFA7AE14
000A8F5C3
7FFBEB853
7FF9C28F5
7FFBEB852
7FFE51EB8
000000000
000000000
7FFF47AE1
000000000
7FFD5C290
7FE800000
7FEB1EB85
7FF9851EC
0000F5C29
7FF199999
7FFE147AE
001B5C28F
000266666
000000000
0035C28F7
0004CCCCC
7FFE51EB8
000000000
000000000
7FEE3D70A
000000000
7FF4B851F
7FEEF5C2A
7FFCE147B
7FFF851EC
0001EB852
000A51EB8
000000000
7FF851EB9
7FEF33334
000C3D709
7FFBAE148
7FFAF5C29
000600000
7FFE147AE
7FF628F5C
000000000
0003D70A4
000266666
000170A3D
000000000
000C00001
7FEF70A3E
00007AE14
7FFA00000
7FF28F5C3
7FF6E147A
000000000
7FDF9999B
7FF4F5C29
0007EB853
000B0A3D7
00095C290
0004147AE
7FE6CCCCC
7FFA00000
001466666
7FFAB851F
000000000
7FFD5C28F
7FD3D70A5
7FFBEB852
7FFDD70A4
7FF9C28F6
7FFC66667
7FF666666
7FF47AE15
001B1EB86
7FE87AE15
000266666
000000000
000E28F5D
7FF799999
7FE747AE2
7FEB1EB85
7FFD1EB85
000133333
7FFE8F5C3
000000000
0003D70A5
7FF9C28F6
00003D70B
000000000
0000B851F
000000000
000170A3D
7FFB70A3D
7FFF47AE1
7FFA7AE14
0006B851F
000000000
000000000
000000000
7FFD1EB85
7FF8CCCCD
7FE51EB85
7FECCCCCD
7FED0A3D7
00127AE15
7FEDFFFFF
00031EB85
000000000
000000000
000000000
000000000
000000000
7FF666666
000000000
7FED47AE1
000A8F5C3
7FF71EB85
000000000
7FA733335
000000000
0003D70A4
00048F5C3
7FFD99999
7FFB70A3E
0002E147B
7FF9851EC
7FFA7AE15
7F7ACCCCD
000828F5D
7FF7D70A4
000000000
000451EB8
7FF6E147C
7FF79999A
7FEB1EB85
7FFF851EB
7FFECCCCD
000000000
000000000
7FFECCCCD
0006F5C29
00050A3D7
7FEE7AE15
7FF9C28F7
7FEE00000
000866667
000000000
7FF8CCCCD
000000000
7FFE147AE
7FE200000
7FFE147AE
7FFD5C290
7FF2CCCCC
000000000
000000000
7FFC28F5C
000000000
000000000
7FFBEB852
7FFCE147B
7FF6A3D70
7FF75C290
7FCBEB852
7FFD9999A
000000000
7FF7D70A4
000000000
000000000
7FFC28F5D
7FF2147AE
7FF4B851F
000000000
0006F5C28
0002E147B
7FFC66666
7FF628F5C
7FF8CCCCD
000000000
7FFB33333
000000000
7FF199998
7FFECCCCD
7FFECCCCD
0000B851E
000000000
0018F5C29
000000000
7FE7C28F5
7FFAF5C29
000000000
000000000
7FFE147AE
0005851EC
002570A3D
7FF9851EB
000000000
7FEBD70A3
000A8F5C3
7FF15C28F
000000000
7FFECCCCD
7FF71EB85
7FFD5C28F
00031EB85
000133333
00031EB85
7FFE147AE
7FEF70A3F
000000000
000000000
7FEFAE148
7FFC28F5C
000000000
000000000
000000000
7FF8CCCCD
7FE4A3D71
7FFBAE147
000000000
7FFECCCCD
00110A3D7
000BFFFFF
000000000
7FEDC28F6
000000000
000000000
000000000
000000000
7FFBAE149
7FFCA3D71
7FFE147AE
000828F5D
7FF30A3D6
000000000
7FF5EB852
000000000
7FFA7AE15
000000000
000133333
7FF9851EB
7FFB70A3D
000000000
7FF75C28F
00050A3D7
7FFECCCCD
7FFB70A3E
002D99999
7FEEF5C29
7FFC28F5C
000000000
7FE3EB853
7FFAF5C29
7FFE51EB8
7FEE3D70A
7FF0E147B
7FE933333
7FFAF5C29
000000000
000170A3D
7FEB9999A
7FF9C28F6
7FF9851EB
7FFBAE148
7FFE147AE
7FEFAE148
00007AE14
000000000
000000000
000000000
7FE4A3D71
7FF666666
7FF400000
7FFE51EB8
0001AE148
00050A3D7
7FDFD70A5
000000000
7FFCE147B
7FFDD70A4
000133334
7FDCB8520
7FFCA3D71
7FFD5C28F
7FFAF5C29
7FECCCCCD
0019EB853
000828F5C
00003D70A
7FFE51EB8
7FF75C28F
7FF15C291
000228F5C
7FFAB851F
7FCECCCCC
7FF4B851F
000000000
000000000
000000000
0026A3D71
000000000
00031EB85
0002A3D71
000000000
7FF79999A
00067AE14
000000000
7FF666666
7FFD5C28F
7FFCE147B
7FFCA3D71
7FE87AE15
001051EB8
7FE4A3D70
000170A3E
00091EB86
7FE70A3D6
7FFA3D70B
7FF0A3D71
7FFDD70A4
0036B851F
000266666
7FFE147AE
000E66666
7FDC00000
7FF30A3D8
7FEAA3D71
000000000
7FFB70A3D
000170A3D
7FFE147AE
7FFECCCCC
000451EB8
7FE9EB852
7FFECCCCD
7FF533333
7FF066667
7FF71EB85
7FDF1EB85
000000000
7FFC66666
7FE8B8520
000133333
000000000
7FDF5C28E
00007AE15
7FFCA3D71
7FFC28F5C
7FFD1EB86
000000000
000000000
7FFB33333
00123D70A
7FFA00000
0011851EC
000000000
00003D70A
000133333
00007AE14
000D70A3F
00091EB85
000000000
7FFECCCCD
7FF3C28F6
7FE200000
7FE10A3D7
000000000
7FF9851EC
7FE147AE1
000000000
7FFE147AE
7FF7D70A4
7FF5EB851
7FFAF5C29
7F947AE15
000EE147C
000000000
00003D70A
00063D70B
7FF75C290
00007AE15
7FF6A3D71
7FFE8F5C3
000000000
7FFBAE148
7FFC66666
7FFDD70A4
7FFD5C28F
000000000
7FFECCCCD
000000000
001428F5C
7FFE8F5C3
7FFD1EB85
7FFC66667
7FFBEB852
7FFBAE148
000266666
7FF4B851F
7FFE8F5C3
000000000
00127AE14
000000000
7FF2147AE
7FF11EB85
7FFDD70A4
000000000
7FFE8F5C3
00031EB85
001A66667
002851EBA
7FFDD70A4
7FFBAE147
000B851EC
000000000
000170A3D
7FD99999A
7FF9C28F6
000F9999A
7FF5AE148
000600000
0011851EE
7FF47AE14
000000000
000451EB8
7FEB1EB85
7F9DD70A4
7FF028F5C
000000000
000000000
7FFE8F5C3
7FFAB851E
7FFAB851F
000000000
000000000
000000000
7FEEB851F
001147AE1
7FFECCCCD
7FFCA3D71
7FEB1EB84
7FF71EB86
000000000
000A51EB8
00031EB85
000000000
001D47AE1
7FE147AE1
000000000
0001EB852
000000000
0001AE147
000000000
000600000
00003D70B
7FFE147AE
7FEF33334
7FEFAE148
000000000
7FF028F5E
7FF4F5C29
7FFAF5C29
000000000
000547AE1
7FDF5C290
7FF9C28F6
000000000
7FFECCCCD
7FF947AE1
000170A3D
7FBDC28F6
7FFE8F5C3
7FFD9999A
000000000
7FFD1EB86
002BEB852
000266666
00099999A
7FFD5C28F
000000000
7FDE28F5C
7FF3C28F6
000000000
000228F5D
0007AE148
000000000
001D47AE1
7FE9AE148
7FFB33334
7FFB70A3D
7FFAB851F
7FFE8F5C3
7FEDFFFFF
000000000
000000000
0000F5C29
0001EB852
7FFE147AF
000000000
7FFE147AE
000000000
7FC799999
7FBD851EB
7FF3851EC
000000000
7FF400000
7FF43D70A
7FF2147AE
000000000
7FFECCCCD
000000000
000000000
000DAE148
7FF0A3D71
7FF9851EA
00067AE14
7FFD5C28F
7FFDD70A3
001333332
7FEC51EB8
7FFCE147B
005628F5B
000EE147B
7FFD1EB85
000170A3E
000133333
7FE333334
000000000
7FFE51EB8
000000000
7FFECCCCD
000000000
7FFD5C28F
000000000
000000000
000000000
000000000
7FF6A3D71
7FFCE147B
00159999A
7FFC28F5D
7FC1D70A4
000000000
7FFCE147B
7FF400000
0002E147B
000000000
7FF2CCCCE
7FFE8F5C2
7FC8147AF
0013EB851
000000000
7FF9851EC
7FB147AE1
7FF028F5C
7FFECCCCD
7FFBEB852
000000000
7FFCA3D71
000000000
00215C290
000000000
0019AE147
7FFD5C28F
000000000
000000000
7FFA7AE14
7FF9851EC
7FEF33334
7FFECCCCD
0012B851E
000000000
7FEEB851E
0001AE148
000170A3D
7FFBEB852
000000000
0003D70A4
7FFBEB852
7FFD5C28F
000000000
0006F5C29
000D70A3D
00468F5C4
7FE83D70A
7FF851EB8
7FFD9999A
000228F5C
7FF066666
000000000
0002A3D71
7FFECCCCD
000133334
7FEEF5C2A
000866666
7FBE00000
7FEE3D70A
00007AE15
7FF628F5C
7FFD1EB85
000000000
000000000
000000000
001A28F5A
7FF43D70A
7FFFC28F6
000000000
7FF9C28F6
7FFE8F5C3
7FFB33334
7FF11EB86
000B47AE0
7FFA00000
000000000
000000000
0002E147B
7FF88F5C2
7FFE147AE
7FFB70A3E
000000000
000000000
7FFE8F5C3
7FFCE147B
000000000
7FF4F5C29
7FEEF5C29
7FFD9999A
0003D70A5
000000000
7FFCE147B
000170A3D
000000000
7FFB70A3E
7FFB70A3D
7F9F851EA
7FFA3D709
000000000
7FF8147AE
7FF6E147B
000170A3D
7FFECCCCD
7FCAB851F
7FFC66666
000000000
7FFD9999A
000600000
000000000
7FFCE147B
7FFBEB852
7FFCA3D71
006C7AE15
7FEFAE147
000000000
7FE428F5D
000133333
7FFC66667
0002E147B
7FFA7AE15
7FFD5C28F
7FF947AE2
7FF251EB8
000C7AE14
000451EB8
7FFBEB852
7FE51EB86
00307AE15
000000000
7FF79999A
7FFD1EB85
000228F5C
000000000
000000000
000EE147C
7FF3851EC
0001AE148
000600000
000000000
000133333
000000000
000000000
7FFB33333
00063D70A
000000000
7FFC28F5B
000000000
7FF79999C
001B9999A
7FFE147AE
7FF400000
7FF400000
000000000
000000000
000170A3D
0002A3D70
7FF400001
7FF47AE15
7FF8CCCCD
7FFE8F5C3
7FFECCCCD
000228F5C
7FDCF5C2A
7FF71EB85
000000000
7FF71EB85
7FFB33334
000000000
000000000
000000000
000000000
7FF75C290
000CB851E
7FFECCCCD
0001EB852
7FF1D70A3
000000000
000000000
7FF570A3F
7FFE8F5C3
7FDEA3D71
7FFECCCCD
7FFE8F5C3
7FFBAE148
000000000
7FF5AE148
7FFCA3D71
0004147AE
000000000
7FFE8F5C2
000000000
000000000
7FF90A3D8
7FF3851EC
7FF251EB7
7FEE7AE15
000451EB8
7FFE8F5C3
0007AE148
000000000
0009D70A3
7FFD9999A
7FF666666
000000000
000000000
000ACCCCD
7FF666666
7FFCE147A
0007AE148
7FFBAE148
7FD4CCCCD
7FF8147AE
7FFD9999A
001EB851F
7FCAB851E
000000000
7FFAB851F
000000000
000547AE2
000000000
7FF75C28F
7FFDD70A4
0009D70A4
7FFE8F5C3
000DEB852
7FFF47AE1
7FF28F5C3
000000000
0000F5C28
000228F5C
000133333
7FF3C28F6
000000000
000000000
000000000
0002E147B
000000000
7FEDC28F6
000000000
000000000
000000000
7FFE8F5C3
7FFE8F5C4
0004CCCCD
7FFCE147B
000000000
0008E147B
0008E147B
0013EB851
7FFC28F5D
00035C28F
000000000
000000000
000000000
00095C291
0002E147B
000000000
7FF79999A
7FF88F5C3
0001AE148
000170A3D
7FEB5C28F
7FF5AE148
0002A3D71
7FF0E147B
000D33333
00151EB86
7FF90A3D7
000000000
000000000
000000000
7FFE51EB8
001747AE1
000000000
7FFCA3D70
7FDB47AE1
7FFDD70A4
000000000
7FFB70A3D
0012B851F
7FF88F5C3
7FEC147AF
7FFC28F5C
7FFE147AE
000000000
001370A3E
000000000
001800000
000000000
000133333
000000000
7FF5EB852
7FFE51EB8
7FFCA3D71
7FF43D70A
7FF6A3D71
7FFA00000
0023C28F6
7FECCCCCD
0028147AF
7FFAF5C29
7FEBD70A2
7FA48F5C3
7FBD47AE1
7FF19999A
000866669
7FF799999
7FDA8F5C2
7FDCB851E
7FDC3D70A
7FFC28F5D
7FA770A3E
7FFD99999
7FFE147AE
00050A3D6
7FF75C28F
7FFCA3D71
7FFC66667
7FFE51EB8
00170A3D7
000000000
7FFCA3D71
000000000
7FFE51EB8
7FF90A3D7
7FF30A3D7
7FEE3D70A
7FF90A3D8
000000000
0010CCCCC
000000000
7FFAF5C29
7FF628F5C
000000000
7FEE7AE14
7FF28F5C3
7FF9C28F6
7FF947AE1
000000000
000000000
7FF8CCCCC
000000000
00007AE15
7FCBAE148
7FA67AE16
7FFB70A3E
00048F5C3
7FFB70A3D
000000000
0007EB852
7FEB1EB85
000000000
7FFD9999A
7FFCE147B
000000000
7FFD1EB86
7FFD1EB85
7FFECCCCD
000133333
000000000
7FF9851EB
000000000
7FF628F5C
0007EB852
7FFAB851E
7FF5EB851
7FFE147AE
000000000
7FFCE147B
000000000
000000000
000000000
000000000
001E3D70A
7FFBAE148
7FFDD70A4
7FF79999A
7FFAF5C2A
7FC028F5B
002ECCCCD
0006F5C29
7FEEB851F
7FF75C28F
7FB1C28F7
000000000
7FFF0A3D7
00050A3D7
000000000
00048F5C3
7FFBAE148
000000000
7FFE147AE
000266667
7FFD1EB85
7FFECCCCD
7FEF70A3E
7FB2F5C29
7FED851EC
7FF90A3D6
0000B851F
7FFC66667
7FF9C28F6
001051EB7
000000000
000133333
0015D70A4
7FFECCCCD
00127AE14
000000000
000000000
000000000
0006B851F
000000000
7FF628F5C
000000000
000000000
0006F5C29
000000000
7FFAF5C29
000000000
7FDC00000
7FEBD70A4
7FEDC28F7
7FFD1EB85
7FEFAE147
7FDF5C28F
00007AE14
7FF2CCCCE
000000000
000000000
000000000
7FFECCCCD
0002E147B
000000000
0001AE148
7FFDD70A4
7FFE8F5C3
0002A3D71
000000000
7FEEB851F
0011851EB
7FFF851EB
7FF71EB86
0000F5C2A
000000000
000000000
000000000
0000B851F
7FFB33333
000000000
7FFC66667
7FFB70A3D
7FF533333
7FF47AE14
7FFE51EB8
7FFAF5C29
7FD8A3D71
00035C290
7FE747AE2
7FDB0A3D6
000000000
7FFD9999A
000000000
7FD39999A
7FF533333
7FDE28F5C
000000000
000000000
000000000
7FF90A3D5
7FFF851EB
7FFBAE146
7FF79999A
7FA4147AF
0003D70A4
7FFC28F5D
7FFBEB852
7FED851EB
7FF1D70A4
000E28F5C
000000000
7FFCE147A
7FF533332
7FC75C28F
001FAE149
7FFCA3D71
0011C28F5
7FF88F5C2
7FC30A3D7
7FF1D70A4
006EA3D72
7FFCE147B
0019AE147
7FEF70A3C
000ACCCCD
0019AE147
7FEC51EB8
000170A3D
000D70A3D
7FE6CCCCD
7FF3851EA
0115AE146
7FC19999B
000C7AE13
0007AE148
7FFAF5C29
000228F5D
7FFC66667
011D99999
7FF947AE1
7FEF33333
000B0A3D7
7FE51EB85
0010CCCCC
7FF6E147B
0020A3D70
7FFFC28F6
0005C28F5
000C3D70A
7FFDD70A4
7FFC28F5C
0012B851E
000828F5C
7FF47AE13
7FFECCCCD
7FF75C290
7FF71EB85
002628F5D
7FC9C28F6
7FF5EB852
000266667
7FF88F5C3
7FDE28F5B
001651EB8
00031EB85
7FF199999
01A1D70A3
01BD33335
00035C290
000000000
000228F5C
001AE147B
00007AE13
7FCCE147C
7FF90A3D8
000000000
001147AE2
0051D70A3
0006F5C29
00039999A
000D70A3E
000A147AD
7FFC28F5C
7FFAB851E
7FF11EB87
000E66667
7FD828F5C
000266667
7FF2CCCCE
005799998
7FF947AE1
7FF028F5C
7FF9C28F6
7FE5D70A4
000133333
7FEE3D70A
7FFD5C28E
00155C28F
7FE27AE15
001C147AE
7FD7EB853
7FF799999
7FFB33334
0052147AF
7FF4B851F
000000000
7FFDD70A4
7FF533333
0065851EC
000F9999A
000000000
7FF79999A
7FFCE147B
7FEAE147B
000547AE1
0022CCCCC
000170A3E
7FFDD70A4
00091EB87
7FF570A3D
7FE1851EB
7FF6A3D71
7FF799999
7FE651EB9
7FF30A3D6
000E28F5C
002BEB852
0053851ED
001E3D70B
7FFAF5C29
0012B851F
7FFA3D70A
7FF799999
7FFF47AE1
7FE4E147C
0000B851F
000133333
0002E147B
7FD5C28F5
7FF851EB8
000DAE147
001466666
0006B851E
002F47AE1
7FCAB851F
7FFECCCCD
7FCD9999A
001FEB852
001333333
7FFE51EB8
7FF8CCCCD
000170A3E
7FFB70A3D
7FFAF5C29
00168F5C2
7FFECCCCD
7FF71EB85
00007AE15
7FFA3D70A
00031EB85
004D47AE3
0004CCCCD
000FD70A4
7FFECCCCD
7FF3851EB
000B47AE1
00050A3D7
000F9999A
7FF666666
7FFF0A3D7
000F1EB85
00723D70C
7FFAF5C29
00170A3D7
7FFD5C28F
7FE51EB86
7FEEF5C2A
7FFECCCCD
7FFB70A3D
7FFE8F5C3
0002E147B
7FFE147AE
000000000
003547AE2
001933333
000451EB8
7FF1D70A4
000DAE146
000000000
000266666
7FEDFFFFF
000000000
0022CCCCC
7FFECCCCD
7FFBEB852
7FF0E147B
000547AE0
7FFDD70A4
004C51EB9
7FFD1EB86
0006F5C29
7FFCE147B
00279999A
000000000
000000000
000CF5C28
7FF90A3D7
00423D70A
7FF88F5C3
7FF199999
0001EB852
7FFBAE148
000770A3E
7FF8CCCCE
000000000
7FC3C28F7
7FD48F5C2
7FEE00000
7FF9851EC
7FED851EC
0028147AD
7FEBD70A3
7FF251EB9
0016CCCCD
7FEAE147B
000000000
7FF47AE13
7FE370A3D
000000000
7FFA3D70A
7FF2147AE
7FFA7AE14
7FFE147AE
002DD70A3
7FE4A3D72
000133333
7FFD9999A
0004CCCCC
7FFB70A3D
7FF6A3D71
00127AE14
7FFAB851E
7FF71EB85
000DAE147
000000000
7FEA28F5C
7FE0147AE
7FEFAE148
000000000
000CF5C28
7FFC28F5C
7FF0E147B
000BFFFFF
000FD70A4
7FFECCCCC
00048F5C4
0005851EB
7FECCCCCD
7FFE8F5C3
7FFD5C28F
7FE599999
000000000
0016147AE
7FFD9999A
000000000
0000B851F
7FE2F5C2A
7FFAF5C2A
0008E147B
7FF1D70A4
7FCAF5C2A
000999999
0007EB852
7FEDC28F7
000000000
000D70A3D
000000000
000BC28F6
0012B851F
7FF3851EC
001428F5C
001747AE2
7FD9D70A4
0046CCCCD
7FEC147AE
7FF5EB852
000000000
7FF628F5D
7FF79999A
7FEFAE147
000C7AE14
7FE2F5C29
000E66667
000451EB8
7FF90A3D6
000A51EB9
7FED0A3D7
0012B851E
000266666
7FFBAE148
00063D709
7FFE147AE
7FF028F5D
00067AE14
000451EB9
000170A3D
7FFD1EB85
7FD133333
00095C28F
7FF90A3D7
000770A3D
000000000
004AE147A
00067AE14
7FFD99999
000000000
7FF6A3D71
000000000
000000000
7FF9851EC
000547AE1
0042F5C28
7FF3C28F6
7FFCA3D71
7FED851EC
7FFA3D70A
7FF30A3D7
7FF9C28F5
7FFFC28F6
0001AE147
000000000
7FFE51EB8
7FFFC28F5
7FFFC28F6
7FFF47AE1
7FFF0A3D6
00031EB85
0022147AE
7FFC28F5C
00039999A
00399999D
000000000
001A66667
001147AE1
7FEC8F5C4
000999999
003399999
001F70A3C
7FE6CCCCD
7FFCE147B
000266667
7FFCE147A
000C3D70A
7FF851EB8
7FEEF5C29
7FFB70A3F
7FFCA3D71
00031EB85
7FFCA3D71
7FF6E147B
00483D70C
7FF947AE2
7FF0E147C
7FF851EB8
7FFE51EB8
0024F5C28
000000000
7FFE51EB8
7FFAF5C29
7FFC28F5C
7FFDD70A4
7FF5AE148
7FE747AE2
000000000
7FF7D70A4
7FF6A3D70
7FFE51EB8
00127AE14
7FFB70A3D
00123D709
0010CCCCD
00035C28F
7FF666666
0000B851F
7FF15C28F
00007AE15
7FF799999
0005851EC
000B47AE1
7FF628F5B
000000000
7FF88F5C3
000770A3D
7FFF851EB
00039999A
000170A3D
7FFCA3D71
0006B8520
0016CCCCD
00110A3D7
7FFC28F5C
00031EB85
000DEB852
000000000
7FFECCCCD
00050A3D7
7FFD9999A
00035C28F
001147AE1
7FFB70A3D
7FF43D70A
7FF5AE148
7FFAF5C29
0023851EC
0019AE148
000B0A3D7
00091EB85
000D33333
7FFE51EB8
0000F5C29
7FFE51EB8
000828F5C
7FE9AE149
000000000
0001EB852
0011851EC
7FFCE147B
7FFF47AE2
7FFE51EB8
7FFBAE148
00039999A
7FF666667
7FFC28F5B
0002A3D71
00007AE14
7FF533334
00063D70A
7FFE147AE
000000000
0007EB851
7FF628F5C
7FF570A3E
000000000
000228F5C
000133333
000000000
000170A3D
7FFBAE148
7FF400000
001051EB9
7FFBEB852
7FFECCCCD
0016CCCCD
7FDCF5C29
001A28F5C
7FFC66666
000000000
000FD70A3
001B1EB85
7FFBAE149
7FF8CCCCC
000000000
7FF5EB852
7FFE51EB8
7FFD9999A
000B47AE1
7FFFC28F5
000000000
7FEEB851F
000DAE148
0067EB854
00007AE15
0007AE147
7FFD5C290
7FFCA3D71
000170A3E
00035C28F
000000000
7FFA3D70C
000000000
7FEF33333
00035C290
7FFA7AE15
000866667
7FF47AE14
7FFBEB852
0008A3D71
7FFE8F5C3
7FD0B851E
000000000
7FFECCCCD
7FFD5C290
7FF47AE14
000000000
7FFE8F5C4
7FFDD70A4
000000000
0005851EB
000000000
000CB851F
7FF9851EB
7FFECCCCD
7FFE51EB8
000828F5D
7FFCA3D71
00063D70B
000451EB8
000000000
0005851EB
7FF3C28F6
000000000
0001EB851
000C7AE14
0001AE148
0013AE148
00099999A
000266666
0000B851F
000BC28F6
00391EB85
00031EB85
7FFDD70A4
000B851EC
00215C28F
000000000
7FFE51EB8
0002E147C
7FF75C28F
000000000
000000000
7FF6E147A
0002E147B
000000000
0002A3D71
7FFD5C290
0007AE147
7FFAB851F
7FFD9999A
000451EB8
000266666
7FFECCCCD
00050A3D7
0008A3D72
000000000
7FFDD70A4
00031EB85
0004CCCCD
7FFDD70A4
0001AE148
7FFE8F5C3
7FFBAE148
0005C28F6
7FF6A3D71
7FFE51EB8
7FFAF5C29
000000000
000CB851E
000000000
7FFECCCCD
7FFBAE148
7FFCE147A
0004147AE
0005C28F5
000266666
000170A3D
000133333
000133333
000000000
00031EB85
0001AE147
7FF4F5C29
0004147AE
0000F5C27
7FFD5C290
7FFE8F5C3
000000000
000000000
00063D709
000000000
000170A3D
000000000
000000000
7FF8147AE
7FFAF5C29
7FFA7AE14
000000000
0002E147A
0000F5C29
000000000
000133333
0003D70A3
00031EB85
7FF947AE1
002628F5D
000228F5C
7FFD99999
7FFB33334
0001AE148
000000000
7FFB70A3D
0007EB851
0001EB852
7FF43D70A
0019EB852
000000000
00063D70A
7FF43D70A
000000000
0005C28F5
7FFE51EB8
000000000
002199999
7FF533334
000170A3D
000170A3D
000600000
000000000
7FF90A3D8
00031EB85
00219999A
7FFE8F5C3
7FEDC28F5
7FFA00000
7FFA7AE14
0001AE148
000F9999A
00048F5C2
000000000
7FFBEB852
0001AE148
7FF9851EB
7FFA7AE15
000770A3D
0002A3D71
000451EB8
0016147AF
7FF628F5C
7FFA00000
7FFECCCCE
000000000
7FFD9999A
000000000
7FF75C28F
7FFE8F5C3
000000000
000000000
000000000
7FFBEB852
7FF851EB8
7FF47AE15
7FFECCCCD
000000000
000000000
0011FFFFF
000000000
7FF3C28F6
7FFE8F5C3
000000000
00067AE14
00050A3D6
000000000
000266666
7FFA3D70A
0004CCCCD
000000000
0000B851F
0004147AE
000000000
0006F5C28
000000000
00048F5C2
000000000
7FFBAE148
0001EB852
000000000
7FE2F5C28
0002E147B
000770A3E
00003D70A
000451EB8
000266666
000B47AE2
0007EB852
7FFF0A3D7
0005851EB
000547AE1
000C00000
000170A3D
000000000
000C7AE15
000451EB8
7FF47AE14
7FFE51EB8
000000000
000266667
0001EB852
000000000
000000000
00031EB85
000000000
000170A3D
7FF88F5C3
7FFBAE148
000000000
0006B851F
000CF5C29
7FFA00000
7FE6CCCCD
000B0A3D7
000000000
00048F5C1
000000000
000000000
7FFC66666
7FFAF5C29
000228F5C
000F9999A
7FFFC28F6
00155C28F
7FF47AE14
7FFD5C290
7FFA7AE14
00067AE14
7FE9AE147
000A8F5C3
7FFD5C28F
7FFB33333
000000000
003B47AE1
000451EB8
7FFD99999
000F1EB85
0003D70A4
7FFF0A3D7
000000000
7FF851EB8
7FF47AE14
0001AE148
000000000
000451EB9
7FD8A3D71
7FFAF5C28
0004CCCCD
7FFA7AE14
00007AE16
00048F5C3
000000000
7FFD1EB86
00275C28F
00035C28F
000828F5C
7FFD9999A
000000000
7FFECCCCD
0039D70A5
7FFE147AE
7FBAA3D71
000B851EB
000ACCCCD
000D70A3E
7FE051EB9
7FFC28F5D
000EA3D71
000F5C290
7FFA7AE15
00039999A
000000000
000000000
000000000
7FF628F5C
0013EB852
7FF533333
7FFC28F5D
7FF71EB86
0001AE148
001428F5C
7FE6CCCCE
000000000
0001EB852
7FF71EB85
7FF400000
000000000
0006B851F
000000000
000000000
001CCCCCE
000828F5C
00183D70B
7FFA00000
000000000
7FF6E147C
004F33333
001599999
00391EB85
00091EB85
7FFE147AE
7FFA7AE14
7FF0A3D70
000B851EC
000000000
000000000
0004147AE
0008A3D70
7FFBEB852
000000000
000170A3D
000547AE1
0002A3D70
7FF9851EB
7FF5EB853
000000000
000000000
0007AE146
0012F5C29
7FFB70A3D
000000000
001147AE1
7FF3C28F6
000000000
000DAE147
000266666
000000000
7FFA00001
7FF11EB87
7FFE8F5C3
00003D70B
000000000
7FFD1EB85
7FFA3D70B
000133333
000133333
000133333
7FFF851EC
000000000
000000000
000170A3D
000DAE148
00035C28F
00710A3D8
7FFECCCCD
000000000
0009D70A4
000133334
7FEFEB851
000000000
0001AE148
000000000
7FF6A3D71
7FFE147AE
000000000
000C00000
7FF8CCCCD
0000B851F
7FFFC28F6
00003D70A
7FFE147AF
7FD7AE147
001D47AE0
000000000
7FF43D70B
7FF90A3D7
000000000
000000000
000000000
7FF30A3D7
000000000
0023851EB
7FF30A3D7
7FFCA3D71
7FEC51EB9
000000000
000E66666
7FFC28F5D
000000000
000000000
7FF628F5D
000000000
000000000
000000000
000000000
7FFD1EB85
0013AE147
7FFAB8520
000000000
000000000
00307AE14
000000000
0004CCCCF
000000000
7FFCA3D71
000000000
7FFE51EB8
000000000
7FEDC28F6
0035851EC
0006F5C29
0019AE148
7FFDD70A4
000000000
7FFE8F5C3
000000000
000000000
000000000
7FF251EB8
000000000
000000000
000000000
000000000
000D33334
000000000
000000000
000000000
000000000
0001EB852
0001EB852
000000000
000000000
000000000
000000000
000000000
000000000
000000000
000000000
000000000
000000000
7FFAB851F
7FFF851EC
7F7C7AE16
7FAC3D70B
000000000
7FF8CCCCD
7FEC51EBA
7FD1EB852
7F7B851EB
7FF3C28F6
7F7C3D70A
7FF851EB8
7FC9C28F6
7F35EB853
7FD6B851E
7FF666666
7FE5D70A4
7F3CE147C
7FFD5C28F
00031EB85
7FFD9999A
7FFBAE148
7FFECCCCD
0002E147B
0006B8520
000000000
7FDC00001
000000000
7F78A3D70
7FCD5C290
7FFCA3D71
7FEC8F5C3
001428F5C
7FCECCCCD
7FC1D70A4
0003D70A4
7FF15C28F
7FF8CCCCD
0006F5C29
00007AE15
7FCCA3D70
7FD5C28F6
7FEFAE149
0009D70A4
7FFF0A3D8
7FD03D70B
0001AE148
001428F5D
00063D70A
7FE08F5C4
7FE0147AF
7FFB33333
000000000
7FFF0A3D7
7FDBFFFFE
7FFA3D70B
7FFAB851F
7FADAE148
0001AE148
000000000
7F8F33335
7FEFAE148
7FF5EB852
7F6F851EC
7FF7D70A3
7FAEA3D72
00168F5C4
000000000
000733333
7FF3C28F6
7FF3C28F5
000000000
7FFC28F5D
00183D70A
7FF11EB86
000B47AE2
7FF47AE14
7FEAA3D71
7F69FFFFE
7FFE51EB9
0013AE148
7FE4E147B
7FDC00000
7FFC66666
7FFDD70A3
7FC7D70A4
7FFECCCCD
7FFAF5C29
7FFE8F5C3
7FE1C28F6
001C147AE
7F3570A3D
7FF3851EA
7FAA8F5C2
000000000
7FFCE147B
00C48F5C2
7F7FD70A4
7F7B0A3D7
7FEEF5C2A
7F33851EC
7FE87AE15
0024B851F
7F5B9999B
7FC628F5E
7E8CB851E
000000000
7FFE51EB9
7FFC66666
00635C290
0003D70A3
7F84A3D70
7FE9AE148
7FFB33333
7FF90A3D8
000F1EB88
000000000
000399999
000000000
7FEF70A3E
7FD6B851F
7F6DD70A3
7FB9AE147
7FF6A3D71
7FFCE147B
7FE051EB8
7FBFAE148
7F328F5C3
001466667
0001AE147
7FFD9999A
001933333
7FF15C290
7FA8A3D71
00331EB85
7F7399999
001370A3E
000000000
001970A3D
7FA50A3D8
001800000
002FC28F5
0018F5C2A
7FF7D70A4
7F947AE15
7FA7EB852
001C51EB9
0016147AE
000000000
7F7B0A3D7
7FF799999
000000000
001F70A3D
7FC47AE15
7EB8E147C
00003D70A
7FBEF5C29
0005C28F6
7FDDEB852
000000000
7FDD70A3E
7FE428F5C
7FF71EB85
7FDA147AF
7FF0A3D70
7FEE7AE15
7FE7851EB
000600000
7FFF851EC
003BFFFFF
7FF7D70A4
000000000
000828F5C
000770A3E
000000000
7F8FAE149
7FDEE147A
7FF347AE1
7FE3EB852
000000000
7FDDEB852
7FE83D70A
7FE27AE13
7F5800000
7F971EB85
000000000
7FFF47AE1
7FD733332
7FF90A3D7
7FE9AE148
7FF9851EC
0008E147A
7FF3C28F5
7FFE8F5C3
000133333
7FFBAE148
7FEC51EB8
7FF9C28F6
009A147AE
7F9570A3F
7FFFC28F6
7FE5D70A4
7FFCA3D71
7FBB5C291
00127AE16
000600000
7FFA3D70A
00487AE13
7FFECCCCD
00003D70A
7FEFEB852
0002A3D71
7FBA28F5C
000000000
000000000
0044A3D71
000000000
7FED0A3D7
7FDEA3D71
7FF0E147C
000EE147B
0008E147B
0005851EB
7FFECCCCD
7FF9C28F5
7FF9851EC
7FBD0A3D7
000000000
00168F5C3
7FFECCCCD
7FDE66667
7FF90A3D7
7FFC66667
7EA066666
7FEF33333
7FFAB851E
7FFECCCCD
7FFC28F5C
7FB9AE148
000000000
7FA770A3D
000000000
7FBE00000
7FF028F5E
7FCE51EB9
7F19D70A3
000000000
7FF6A3D71
7FE200001
7F94F5C29
7FD48F5C3
7FF533333
7FFA00000
7FFC28F5C
7FEB1EB85
000000000
000000000
7FFA3D70B
7FCBEB851
000000000
00D6CCCCD
0009D70A4
000170A3D
7FFA7AE15
7FF6A3D70
000000000
000000000
0007AE147
7FFD1EB86
7FADEB852
000000000
7FE6147AE
7FFB33334
000000000
7FFD9999A
7FFECCCCD
7FE200000
7FE23D70B
7FC5EB850
003000000
7FCC28F5C
000170A3D
0001AE148
0000F5C29
7FFE147AE
7FA8A3D71
000000000
000000000
000000000
7FDDEB851
0002E147B
000266666
7FFC28F5C
7FFAF5C29
7FFB33332
0003D70A4
00003D70A
000000000
7FEC8F5C2
7FE747AE2
000000000
000000000
000B0A3D7
7FE51EB85
0010147AE
7FF028F5D
7FCECCCCD
7FFA3D70A
7FD8E147A
0016147AD
7FFD9999A
7FE428F5D
7FC0E147A
000000000
000000000
7FEE00000
7FDBFFFFF
7FDDAE149
000000000
7FFECCCCD
000133333
7FF8CCCCD
000000000
7FC90A3D7
000451EB8
006770A3E
0013EB852
7FC400001
0037EB852
7FFCE147A
7FFECCCCD
7FFECCCCD
7FE68F5C3
001333334
7FBB9999B
7FD228F5C
001599999
7F810A3D9
7FFD5C28F
000000000
7FEC147AE
7FFA7AE14
7FF570A3D
000000000
000733334
7FE800001
0008A3D71
7FE23D70A
7F98CCCCD
7FC19999A
7FBD0A3D7
000000000
7FFECCCCD
7FD866667
00155C290
7FFCE147B
7FEEF5C29
7FF666666
7FD399999
7FF9851EB
7FE0147AF
7FFC66666
7FD6F5C2C
000000000
00427AE14
7FE370A3D
7FE27AE16
7FE800001
00290A3D7
003D70A3D
7FF71EB86
000000000
7FF7D70A4
7FB4E147C
0001EB852
7FA133333
7FFE51EB8
7FFECCCCD
002A00000
7FEAE147B
7F98CCCCE
7FFD5C28F
7FE7851EC
7FF30A3D7
000000000
001051EB8
7FF43D70B
000EA3D71
7FE55C290
0002E147A
7FDA147AE
7FF066666
001200001
002E8F5C3
7FF71EB85
7FF9C28F6
7FACF5C29
7FFAB851F
7FCE8F5C4
7FF851EB8
7FF9851EC
7FF4F5C2A
7FEFAE149
000770A3E
7FD1AE147
7FF4B851E
000000000
7FF90A3D7
000000000
7FFE8F5C3
7FCC28F5D
0004CCCCD
7FE8F5C29
7FF4F5C29
000E66666
7FEA66667
000000000
000000000
7FF628F5C
00048F5C3
000000000
7FE87AE14
7FE2F5C29
7FE3AE148
00091EB85
7FD8E147C
7FF71EB85
7FC851EBA
000133333
7FD7AE147
7FED851EB
7FFC28F5C
000A147AF
0032E147A
7FFA3D70A
7FF28F5C2
7FFECCCCD
7FB68F5C5
7FFCA3D71
000000000
000000000
000000000
000000000
7FC9C28F5
000000000
7FDB851EC
7FFCE147B
7FF9851EC
7FCECCCCD
7FFA3D70B
7FE8F5C29
000266667
0050E147C
000000000
7FFCE147B
000A147AE
7F90A3D72
7FCA00001
7FF9851EC
7FE147AE2
7FFE147AE
7FD4147AF
0001EB852
7FCFC28F6
000000000
7FF9C28F6
7FD0B851E
7FC8CCCCD
7FE933333
7FFE8F5C3
7FD5851EB
7FFA7AE15
7FFA3D70A
000A8F5C3
7FBAA3D71
7FE3EB853
000000000
002666665
000000000
7FEE00000
001BD70A3
000000000
000000000
7FA733332
7FA48F5C2
000266667
7FF251EB8
0001AE148
0003D70A4
7FCC66667
7FE6CCCCE
002028F5D
7FF8CCCCD
7FCF47AE1
000000000
000000000
7FFC28F5D
7FBEB851E
000600000
7FF347AE1
000000000
7FE9AE147
000000000
7FF5AE148
7FD7EB852
000000000
000000000
000000000
7FC251EB9
7F823D70B
7FF28F5C2
7FFFC28F6
7FF43D70A
7FFA7AE14
7FFA7AE15
7FF347AE3
7FC3851EB
7FF8CCCCD
000000000
7FE8B851F
000000000
7FE8B851F
000770A3D
7FE333334
000000000
0007EB852
7FE23D70A
000000000
000000000
7FD451EB9
7FF400000
7FDF9999A
0001AE148
00039999A
7FF947AE2
7FFD1EB85
7FF79999A
7FF9851EC
7FF066666
7FFECCCCD
000000000
7FEB99999
000228F5D
7FEFEB852
7FE147AE1
000000000
000000000
7FD0B8520
001466667
7FBFEB852
0008E147B
0023851EC
7FB933333
7FE333333
7F64F5C28
0004147AE
7FFD9999A
7FFD5C28F
7FF4F5C29
7FF6A3D70
000000000
00031EB85
7FF628F5C
7FF75C28F
7FFD9999A
7FCECCCCD
000000000
0054B851F
002D99999
0001AE148
000000000
7FE8B851E
000228F5D
0039D70A4
000000000
7FEF70A3E
7FD07AE14
7FFF0A3D6
7FBB5C290
000000000
7FF5EB852
7FEFEB851
00039999A
000000000
0008E147B
7FFD5C28F
7FF43D70A
000EA3D71
7FEB99999
002D5C290
7FD000000
7FF43D709
000000000
7FFD1EB85
000000000
7FFECCCCD
7FD547AE0
7FF90A3D8
7FFD5C290
0002A3D71
000451EB8
7FEEB851F
0003D70A4
000000000
7FD866666
7FFB33333
7FFECCCCD
7FD999999
7FFBAE147
7FDFD70A3
7FDC3D70A
7FFB33333
7FFF0A3D8
7FF88F5C2
000000000
7FF71EB86
000228F5C
0001EB852
000266666
7FF570A3D
7FD4147AE
7FF8CCCCD
000000000
7FFCE147B
000000000
7FF851EB8
7FFCA3D71
7FFBAE147
000000000
000000000
7FFECCCCD
7FF400001
7FD4147AE
7FFECCCCD
7FE466667
7FDDAE148
000000000
7FD6F5C29
7FE051EB8
0009D70A4
000C7AE14
7FFDD70A4
7FD99999A
00035C28F
7FF9FFFFF
7FFBEB852
7FE051EB8
7FEE00001
001F70A3E
00003D709
7FFECCCCD
7FF75C290
7FFCE147B
7FDC00000
000000000
7FF9851EC
000000000
7FB651EB8
7FFC66666
7FFBEB852
7FEC147AF
7FCA00000
7FE8F5C29
000000000
000133333
7FE051EB8
7FFD9999A
7FF8147AE
003D33332
7FC3851ED
7FD170A3E
7FF251EB9
7FD2E147B
000000000
7FEDC28F7
000000000
7FF947AE1
7F9E8F5C3
000228F5C
000000000
7FDD33334
7FF6E147B
7FF6E147C
000266666
00003D70A
7FEBD70A3
7FF19999A
000000000
7FEE7AE15
7F9B33333
000000000
7FEC51EB9
000228F5C
7FED0A3D7
7FC533333
000000000
7FFCE147B
7FE651EB8
000000000
000000000
7F77AE149
0028CCCCD
0000B851F
0001EB852
000170A3D
7FEC51EB7
7FDB0A3D7
000000000
000000000
00048F5C2
7FFA3D70A
7FDFD70A4
7FF4F5C29
7FFD5C28F
7FFECCCCD
7FFCA3D70
7FFE8F5C3
0005C28F6
000000000
7FE87AE14
7FFE147AE
000000000
7FD000001
000000000
002FC28F4
0018B8520
7FF533333
7FFAF5C29
7FE466666
7FF066666
7FF75C28F
001AA3D70
000D33333
000228F5C
00168F5C2
7FF251EB9
7FF1D70A4
7FFE147AE
000000000
7FFE147AE
000547AE1
000000000
7FED47AE1
7FFECCCCD
7FFBAE148
000000000
7FF88F5C2
7FF947AE1
7FFE8F5C3
7FFE147AE
7FFB70A3D
000000000
7FA7EB853
7FFCE147B
7FFE147AE
000770A3D
7F44CCCCD
7FC1D70A4
0005851EB
7FFD1EB85
7FFBAE147
0007AE147
00007AE14
7FEE7AE15
000000000
000866666
7FD5C28F6
000000000
7FFE147AE
000266666
7FFCA3D70
7FF5EB853
7FFB70A3D
7F9CE147B
000000000
000000000
000000000
7FA67AE16
000000000
7FF71EB86
7FEE00000
000000000
7FDB851EC
7FFB70A3D
7FF8CCCCD
001AE147B
000000000
7FAC00001
7FFC66667
7FDA147AF
7FFAF5C29
000000000
7FA547AE1
000000000
7FFE51EB8
0001AE148
7FFAB851F
7FCBAE148
000000000
7FE68F5C2
7FEA28F5C
7FFA3D70A
000000000
000266666
7FEC147AE
7FED47AE1
000000000
7FFE8F5C3
0002A3D71
7FF533333
0005C28F6
7FC8147B1
000B0A3D7
000E28F5C
7FDF1EB85
00095C28F
0002E147C
7FB8F5C2A
000000000
7FF851EB8
7FE59999A
7FFB33333
7FD67AE15
7FF9C28F5
7FE970A3E
7FEAE147B
7FB3AE148
000133333
000133333
7FF028F5C
7F9E51EB8
000266666
7FEE3D70A
7FE9EB852
000000000
7FD0B851F
7FFE147AE
7FFECCCCD
7FEAE147B
7FD866666
7FFCA3D71
7FF028F5C
7FF4F5C2A
000000000
7FFE51EB8
7FCECCCCE
7FE2F5C28
7FFA3D70A
7FDF5C28F
000000000
00091EB85
7FFE8F5C3
7FFA3D70A
000000000
000000000
7FF8147AE
7FF47AE15
7FFC66666
7FE800001
7FFA00001
000000000
7FF88F5C2
7FFA7AE15
7FD5851EB
7FF9C28F5
7FF7D70A4
00031EB85
00067AE15
7FFCE147B
7FCDD70A4
7FFCA3D71
7FFC66667
7FD8E147B
7FEF33333
0002A3D71
000C7AE14
7FF0A3D71
7FAA147AE
7FE51EB85
7FCA00001
000000000
000000000
000000000
7FFF47AE1
7FFD5C28F
00091EB85
000000000
001051EB8
000000000
000228F5D
7FFB33333
7FE68F5C1
7FADEB853
7FEF33334
0000F5C28
000000000
7FF533334
7FED851EC
7FE6147AF
0001AE148
7FF7D70A4
000228F5C
7FF3851EC
0005C28F6
7FFDD70A4
7FEA66667
7FDA8F5C3
000000000
7FF75C28F
000828F5C
7FF066667
7FF5AE148
0008E147B
7FFE8F5C3
7FF8147AE
00048F5C2
7FB0147AF
7FF347AE1
0005851EC
7FE747AE1
7FF799999
7FD50A3D7
7FF8147AE
7FF3C28F5
0005C28F6
7FFE8F5C3
000000000
7FF43D70B
00007AE15
7FF0E147B
7FE6CCCCE
000000000
0001AE148
7FD5C28F6
000133333
000B0A3D7
7FF90A3D7
000000000
7FC9851EC
00007AE15
7FF1D70A3
7FE8F5C28
7FC11EB86
001A28F5C
000000000
7FFD1EB85
7FFE8F5C3
000000000
7FFFC28F5
7FF9851EC
7FF9C28F6
000451EB8
7FF90A3D7
7FFCE147B
7FFA3D70A
000000000
7FFA00000
0005851EB
7FE7851EB
7FE800000
7FF0E147C
000000000
7FEBD70A4
7FEC147AF
7FF6A3D71
0016147AE
7FE970A3E
7FFB70A3D
7FFECCCCD
00003D70A
7FF43D70C
7FFA3D70B
7FEE7AE16
7FE933333
000828F5D
7FFA3D70B
7FA5851E9
000133333
7FFB70A3D
7FF666666
7FEBD70A4
7FD95C28F
000000000
000000000
00039999A
7FFE8F5C3
7FAD70A3C
7FF3851EC
7FC90A3D8
7FF666666
7FF851EB9
000000000
7FDD70A3D
000133333
7FF90A3D7
7FECCCCCE
000000000
000000000
7FED47AE2
002DD70A3
7FFD9999A
7FE051EB8
7FFA7AE14
7FF79999A
000000000
7FFE51EB8
7FFBAE147
7FE1FFFFF
7FD0B851F
7FF8147AE
7FEE3D70A
7FF75C290
000000000
7FCAF5C29
000000000
000170A3D
7FF6E147C
7FFCE147B
7FD63D70A
7FFD5C28F
00003D70A
7FD07AE15
7FEEF5C2A
000000000
7FEFAE148
7FF11EB86
000000000
0001EB852
0004147AE
7FE10A3D7
7FFECCCCD
7FFF0A3D8
000000000
7FEA28F5B
00003D70A
7FD7AE147
000000000
000000000
7FF8147AE
7FFE147AE
7F99C28F6
7FFC66666
000C3D70A
7FD000000
000000000
000228F5C
0011C28F4
7FFD5C28F
7FF6A3D71
7FDCB851F
7FF6A3D71
7FFE51EB8
7FF6E147C
7FFECCCCD
7FE2F5C29
000DEB852
7FEBD70A4
7FFCA3D71
7FD228F5D
000000000
7FE333333
7FB800001
7FFE8F5C3
7FFBAE148
7FF628F5D
000866667
7FF028F5D
7FFF851EB
7FFB70A3E
7FDB0A3D7
000000000
000000000
000000000
7FFA3D70A
7FFCE147B
7FFF851EB
7FC3851EB
7FA0F5C28
000000000
7FFBEB853
000A8F5C3
000000000
7FF028F5D
000000000
7FD0B851E
00063D70B
7FEE7AE16
000000000
7FF43D70B
0005C28F6
7FA07AE16
7FFA3D70B
7FE2B851F
000000000
000000000
7FF666667
7FFE8F5C3
7FF8147AD
7FFF47AE1
7FD8E147B
7FEC147AE
000000000
7FFAF5C29
0003D70A4
7FF9C28F6
000000000
7FF7D70A4
000000000
7FFA3D70B
7FF6A3D71
7FE051EB9
7FF9851EC
7FFCE147B
7FF8CCCCC
7FE6147AD
7FFE51EB8
7FDF5C28F
7FE51EB85
0006B851F
7FFE8F5C3
7FFC66667
7FFB33334
000000000
000000000
000000000
7FF6A3D70
7FFE51EB8
7FE51EB86
7FF0E147B
7FDD70A3E
7FE55C28F
002CE147A
7FEF70A3D
7FEA66667
7FF533333
7FFB70A3E
7FFB33333
7FFCE147B
7FF6A3D71
7FF75C290
7FFAF5C29
7FF6A3D71
7FF533333
7FFECCCCD
7FD0F5C29
7FFC66666
7FFB33333
7FF90A3D7
7FF6A3D72
7FF9851EC
7FF6E147B
7FF47AE14
7FF947AE2
7FF2CCCCD
000000000
7FFD1EB85
0002A3D71
000000000
7FFF0A3D7
7FED47AE1
000000000
7FFB33333
7FED47AE1
000000000
000228F5C
7FEF33334
7FF533333
000000000
0002A3D71
7FE8B8520
7FFF851EC
000000000
7FF90A3D7
7FFB70A3D
000000000
00003D70B
7FFBEB852
7FF30A3D7
000000000
00007AE15
7FE6147AF
000000000
7FFECCCCD
000000000
7FE27AE15
7FF5EB852
7FF8147AE
7FFBEB851
7FD770A3D
00063D70A
7FA7EB852
7FFA00001
7FFA7AE15
7FF533333
000000000
7FF9C28F6
000D33333
7FFD1EB85
7FFBAE148
00007AE15
001428F5C
7FD31EB85
7FF8147AE
7FF066666
7FDEA3D71
000000000
7FF8CCCCD
7FF5AE148
000000000
0000B851F
000000000
7FF9851EC
000CF5C29
000000000
7FCCA3D70
000000000
7FFECCCCD
7FFD9999A
000000000
7FD03D70A
7FFE8F5C3
7FFBAE148
000000000
7FF43D709
7FFE8F5C2
0001AE148
000000000
000000000
7FFE51EB8
7FF7D70A4
7FF400000
00067AE14
7FE10A3D7
7FFECCCCD
7FE87AE14
000000000
000000000
000A147AE
000000000
7FEFEB852
7FD7EB852
7FFD5C290
7FF570A3D
000000000
7FFD1EB85
00007AE15
7FD828F5C
00039999A
000000000
7FE970A3E
7FF1D70A4
000000000
7FF90A3D7
7FE747AE1
000000000
7FDE28F5C
0001EB852
7FFBAE148
7FF6A3D71
7FF666667
7FFE147AE
7FFDD70A4
7FFC66666
7FF6E147B
000000000
7FEC147AE
000000000
7FC7D70A5
7FFE147AE
7FE9AE148
7FF8CCCCD
7FF9851EC
7FEAE147B
7FF3FFFFF
7FF066667
7FED0A3D7
7FF3FFFFF
7FF7D70A3
0001EB852
7FE3EB853
7FFD9999A
7FFD9999A
7FEDC28F6
7FEC8F5C2
000000000
7FD999999
7FE428F5E
7FE3EB853
7FF2CCCCD
000866666
7FD828F5C
7FCE51EB8
000451EB9
7FE1C28F7
7FEAA3D6F
000000000
7FFCA3D71
00003D70A
0004147AF
7FF3851EC
7FF3C28F6
7FC47AE14
000E28F5C
000000000
7FFBAE148
7FF851EB8
7FE0CCCCD
000000000
7FFD9999A
7FF4B851F
00031EB86
7FF28F5C3
000000000
000133333
7FFBEB852
7FFECCCCD
000000000
7FEC147AE
7FC4B851F
7FFDD70A4
000000000
7FF71EB85
7FCF0A3D7
7FFC66667
7FD828F5C
7FEA28F5B
7FFD9999A
7FF11EB85
0001EB852
7FEB5C28F
7FF666666
00095C28F
000000000
7FF7D70A4
7FFC28F5C
7FFE147AE
7FFD1EB85
7FF9C28F5
00048F5C3
7FFCE147B
000000000
000B47AE1
7FFCE147B
0001AE148
7FF2CCCCD
000000000
7FFD1EB86
000000000
7FF90A3D7
7FF8147AE
0004147AF
000733333
7FB1851EC
7FF79999A
7FE51EB86
7FED0A3D7
7FE23D70A
7FF15C290
0001EB852
7FFCA3D71
000000000
7FE4A3D71
7FFD5C290
000000000
7FFAF5C2A
0001AE148
0005FFFFF
000000000
000547AE1
000000000
7FECCCCCD
7FEFEB852
7FFECCCCD
7FFB33333
7FFDD70A3
7FEBD70A4
7FF79999A
7FE3AE148
7FE200000
7FFA00000
7FF851EB8
7FF90A3D7
7FF9C28F6
7FF666667
7FFB33333
000000000
000000000
000000000
000000000
7FD547AE2
7FFD5C28F
00031EB85
7FDA8F5C2
000C00000
7FF947AE1
7FBB5C290
000000000
7FF8CCCCD
000170A3D
000000000
7FE3EB853
000000000
7FFECCCCD
000266666
000000000
00095C290
000D33334
7FF2CCCCD
7FFF851EB
000000000
7FFB33333
7FF3C28F7
7FF851EB8
00003D70A
000EA3D71
000000000
7FF43D70A
000000000
000000000
0005851EB
7FFB33334
000000000
000000000
7FF251EB8
7FF1D70A4
7FDF5C290
000000000
7FFE8F5C3
7FE970A3E
7FE933333
0001EB852
7FE8B851F
7FEFAE148
7FF8CCCCD
000000000
000000000
7FFC66666
7FEC8F5C3
7FFAB851F
7FFECCCCD
000000000
000000000
7FF533334
7FF400000
7FFC66666
7FFCA3D71
7FF90A3D7
7FF8CCCCC
7FFD5C290
7FED0A3D7
7FFD5C290
7FFECCCCD
7FE59999A
7FE370A3E
7FFDD70A4
7FFE51EB9
7FFE147AE
7FFECCCCD
0002A3D71
000000000
7FF851EB9
000000000
000000000
7FE59999A
7FF947AE1
000000000
7FE7C28F7
7FD1AE148
7FED0A3D7
000000000
00108F5C2
7FEEF5C28
7FFDD70A4
000000000
7FF8CCCCD
000000000
7FF88F5C2
7FED47AE2
7FFA3D70A
0003D70A4
7FDBC28F6
7FDF9999A
7FFB33333
7FD63D70B
7FDF9999A
000000000
7FFE51EB8
7FEE00001
000000000
7FF947AE1
000000000
000000000
7FE08F5C2
000000000
0007AE148
0003D70A4
000000000
7FF0A3D71
7FFC66666
7FFE8F5C3
7FD451EB8
000000000
7FD1EB851
7FFCA3D71
7FF9C28F6
7FF90A3D7
7FF43D70A
000000000
000000000
0001AE148
7FB800000
0008E147A
7FF88F5C2
7FFCA3D71
000000000
7FF9851ED
000000000
7FE428F5C
7FE87AE15
7FFDD70A4
7FFD5C28F
000000000
7FEBD70A4
7FFA7AE14
7FF851EB9
0004CCCCC
000000000
7FF570A3D
000000000
000000000
7FFECCCCD
7FFCE147B
7FF8147AE
7FFE8F5C3
7FEF70A3E
7FFC28F5D
7FFBEB852
0010147AE
7FF7D70A4
000000000
000000000
7FEB5C290
000000000
000000000
7FFAB8520
000000000
7FF88F5C2
7FF570A3D
7FFAB851F
7FFC28F5D
000000000
7FBE7AE16
000000000
7FE933334
7FEEB851E
0017C28F6
7FF71EB85
7FEA66665
7FFA7AE15
7FA6B851E
0001EB852
7FFCE147B
7FEFEB852
7FFECCCCD
7FDDAE149
000170A3D
7FE2F5C29
000000000
0000F5C29
7FF9C28F6
7FFE8F5C3
000000000
7FFBAE148
7FF88F5C4
000000000
7FF400000
000000000
7FF9C28F6
7FF6E147B
000000000
7FF628F5D
7FFD5C28F
7FE8F5C29
7FF4B8520
7FF47AE15
000266666
000000000
7FC666667
000547AE1
7FCF0A3D8
000000000
7FFD5C28F
7FF9851EC
7FF0A3D71
000000000
7FEA28F5C
7FDF5C290
000000000
7FFF47AE2
7FEEB851E
000000000
7FF666666
0006B851F
7FEB1EB85
7FF9C28F6
7FEC8F5C2
000000000
7FF1D70A4
000000000
000000000
7FEBD70A3
000000000
7FFECCCCD
7FFCA3D71
7FFE147AE
7FEF33332
7FFE51EB8
00039999A
7FE9EB851
7FFA3D70A
7FEC147AE
7FDF1EB85
7FF75C290
000000000
7FF3851EB
000170A3D
7FDC00000
7FFB70A3D
7FF28F5C2
0004147AE
7FFE51EB8
7FFE147AE
7FEF70A3D
7FDA51EB8
7FFE8F5C3
7FD63D70A
7FF066666
7FF9851EC
7FEE7AE14
7FF30A3D7
7FFC28F5C
000000000
000000000
7FE1851EC
7FF5AE147
7FFCA3D71
7FF19999A
000000000
000000000
7FDE28F5C
000133333
7FFA3D70B
000000000
000000000
7FFE51EB8
7FFC28F5D
7FF799999
7FEE7AE14
000000000
7FFCE147B
7FFCA3D71
7FEBD70A5
7FEBD70A4
7FFA7AE14
000000000
000000000
7FFA7AE15
7FFECCCCD
000000000
000000000
0002E147B
000000000
7FFC28F5C
7FFECCCCD
7FF851EB9
7FF6E147B
7FD2E147B
7FFA3D70A
7FF90A3D8
7FFB33334
7FFC66667
000000000
7FF0E147B
7FF88F5C3
000000000
7FF851EB9
7FF19999B
7FEFEB852
0007EB852
7FFE147AE
7FFC28F5C
000000000
000000000
7FDA147AF
7FED0A3D8
7FFD5C28F
7FFBAE147
7FEC51EB9
000000000
0004CCCCD
7FFE8F5C3
7FF0A3D70
7FEF70A3E
000000000
7FFE51EB8
000000000
7FFCA3D71
000000000
7FD95C28F
000000000
000000000
000000000
7FFECCCCD
000000000
7FFCA3D71
7FFA3D70B
7FFB70A3E
7FF19999A
7FFBEB853
000B851EC
000000000
000000000
7FF947AE2
000000000
7FD7AE148
7FFB33333
7FCA7AE14
7FFE51EB8
000000000
000000000
7FC4F5C29
7FCECCCCD
7FFBAE148
7FF90A3D7
7FFD5C28F
00031EB85
7FF90A3D7
000000000
000000000
7FE7851EC
000000000
000000000
0001AE149
7FF628F5B
7FF5EB852
7FFF851EB
000000000
000000000
000000000
7FFFC28F5
0003D70A4
00151EB86
000000000
7FFAF5C29
7FEE7AE14
7FFAB851F
7FFECCCCD
000000000
000000000
7FBB5C28F
7FEBD70A5
7FFBAE148
000000000
7FFC28F5D
7FFCA3D70
7FFC66666
7FFECCCCD
7FFA7AE14
000000000
000000000
7FFAB851F
7FD0F5C28
7FFAF5C29
7FDF9999A
7FF4F5C2A
00039999A
00050A3D7
7FF400000
7FF400000
000000000
7FFD9999A
7FFD1EB85
000000000
7FFE8F5C3
7FFBAE148
7FFD5C28F
0004147AE
7FE970A3D
00007AE15
0002A3D71
7FFA7AE14
7FF628F5E
000000000
7FDEA3D71
0030F5C29
000000000
00063D70A
0002E147B
7FFE8F5C3
7FFE8F5C3
7FFCA3D71
000000000
000000000
7FF9C28F6
000000000
000000000
7FF5AE147
000000000
00039999A
000000000
7FE970A3D
7FFBEB852
7FF628F5C
7FFAB851F
7FF400000
7FF7D70A4
7FE1C28F6
7FE3EB852
7FDD33333
000F5C290
7FFDD70A4
7FD67AE15
7FF47AE15
000000000
7FF0E147B
7FFECCCCD
0000B851F
000000000
7FEAE147B
7FFA7AE14
0000F5C2A
7FF533333
0006B851F
000BC28F5
000000000
7FFA3D70A
000000000
000133333
000000000
7FE8B851E
000000000
7FF5AE147
7FFF0A3D7
000000000
7FF0A3D70
000000000
000451EB9
7FFBEB852
000000000
0001EB852
7FED851EC
7FE428F5C
0003D70A4
7FEDC28F6
7FFA00000
000000000
7FFA00000
7FFAF5C29
7FF15C28F
0001AE148
7FE970A3E
7FDCB851E
000000000
7FC028F5C
7FEE3D70B
7FFE8F5C3
7FFECCCCD
000000000
7FBAA3D70
7FEFAE147
7FFD1EB85
000000000
0016147AF
7FFD1EB86
7FFE147AE
7FFCE147B
7FED0A3D7
7FFE147AE
7FF19999A
7FFC28F5C
7FEF33333
7FFD9999A
000228F5D
7FE6CCCCD
7FF88F5C3
7FFDD70A4
0007AE147
7FFB33334
7FFE51EB8
7FF43D70A
0005C28F6
7FF9C28F6
000228F5C
7FFECCCCD
000000000
7FFD9999A
7FFAF5C29
000000000
7FFC28F5C
000000000
000000000
7FEA28F5D
7FFCE147B
7FE7C28F6
000000000
7FF533333
7FFCE147B
7FF30A3D7
7FFDD70A4
000000000
7FE70A3D7
000000000
7FE599999
7FEA66666
7FE2F5C2A
7FFE8F5C3
000000000
7FFBEB852
7FFB33333
7FFB70A3E
7FFA7AE14
7FE800001
7FDE66666
7FF628F5C
7FDEA3D71
7FE2B8520
000000000
7FF1D70A4
7FFDD70A4
0003D70A4
000000000
7FFA3D70A
7FC8147AE
000000000
000000000
7FFE8F5C3
00035C28F
7FFE51EB8
7FF533334
7FEE00000
000000000
000000000
7FFDD70A4
7FFD5C28F
00035C28F
000000000
7FFA7AE14
000170A3D
000170A3D
000000000
7FFCA3D71
7FF3851EB
7FFECCCCD
7FF2CCCCD
000000000
7FFECCCCD
7FFCE147B
00091EB85
7FEEB851F
000000000
7FFAB851F
000000000
7FFD9999A
7FE9EB852
000A51EB8
000000000
000133333
7FD63D70B
000000000
000000000
000000000
7FF47AE14
7FFECCCCD
7FD50A3D7
000000000
0010147AE
7FFECCCCD
7FED0A3D7
7FDE28F5C
7FF5EB851
0004CCCCD
7FFA3D70A
7FF88F5C3
000000000
7FFCE147B
7FFBAE148
7FFBEB852
7FFBEB852
7FF947AE2
7FE55C28F
000000000
7FDA51EB9
7FF15C290
000000000
000000000
7FE10A3D8
7FF2CCCCD
7FECCCCCD
7FFECCCCD
7FFB33333
7FF5AE148
7FCF0A3D6
000000000
7FF028F5C
000000000
7FF75C28F
7FF4F5C29
7FF75C28E
000000000
7FFE147AE
7FF9851EC
000000000
7FF47AE15
7FF28F5C2
7FA170A3E
7FF28F5C2
000000000
000000000
7FF7D70A4
7FEEF5C29
7FF90A3D7
7FFECCCCD
7FF251EB9
7FE87AE14
000000000
7FEAE147B
7FF251EB8
000000000
7FF8147AE
0001AE148
000000000
000000000
7FCB70A3D
000228F5C
7FF6A3D70
7FFC28F5C
7FFECCCCD
7FFC66666
7FFA00000
000000000
7FFBEB852
7FFECCCCD
7FFECCCCD
7FFBAE148
7FEFAE149
7FF8CCCCD
0008A3D71
000000000
000000000
000000000
7FFE8F5C3
7FFA3D70A
7FFDD70A4
0004CCCCD
000000000
7FFB33333
7FEE3D70A
000000000
7FFC28F5C
0005C28F6
0001AE148
7FD9D70A4
000000000
7FF5AE147
000000000
7FFC28F5D
7FFE147AE
7FFAB851F
000000000
000000000
7FF666666
000000000
000000000
000000000
7FFE51EB8
7FEE3D70A
0000B851F
00039999A
000000000
00035C290
7FF347AE1
000228F5C
000000000
000000000
000000000
7FEC51EB8
7FFAB851F
000000000
00099999A
000000000
7FDFD70A5
7FFA3D70A
00031EB85
7FE051EB9
7FF6E147B
7FF666667
7FF533333
000000000
7FF28F5C3
7FF8147AE
7FFA00000
000000000
000000000
7FF5AE147
000000000
7FFD9999A
000000000
7FFE147AE
7FFB33333
000000000
7FD770A3D
7FFFC28F6
000000000
000000000
7FFECCCCD
7FFD9999A
7FF15C290
0008A3D71
000000000
7FF75C28F
000000000
000000000
000000000
000000000
7FE428F5D
7FE55C290
7FE68F5C4
7FF9C28F6
7FEE00000
000000000
0000B851F
000770A3D
000C3D70B
7FFECCCCC
7FFCA3D71
7FED47AE2
7FFAB851E
7FEA28F5C
000000000
7FEEF5C28
7FFECCCCD
000000000
7FF6E147B
000000000
000000000
7FFE8F5C3
000000000
7FF9C28F6
000228F5C
000000000
7FFC28F5D
000000000
7FFE51EB8
000000000
000000000
7FF947AE1
7FDC7AE15
7FBEB851F
0001AE148
7FFD5C28F
000228F5D
7FFB33333
00003D70A
0002E147B
000000000
000000000
0002A3D71
7FF666667
000000000
7FF47AE14
7FFA7AE15
000000000
7FFECCCCD
7FFAB851F
7FF4B851E
7FE51EB85
000000000
7FC851EBA
7FFC66666
000000000
7FE55C28F
003451EB9
7FE7851EC
7FFE51EB8
000000000
7FDEA3D71
000000000
000451EB9
0001AE148
7FFD5C290
000000000
7FD600001
000000000
7FFA7AE14
000000000
7FFC66666
000000000
7FFD5C290
7FFB33333
7FF88F5C2
7FDB0A3D8
000000000
7FF851EB8
7FFC66667
7FF0A3D71
0005851EC
7FFBEB852
7FEBD70A3
7FEFAE148
000000000
000000000
000000000
000000000
000133333
000000000
7FDCB851F
000000000
7FFE147AE
000000000
7FFFC28F6
7FF0A3D71
7FFE51EB8
000000000
7FF851EB8
000000000
7FDEA3D71
00099999A
7FF7D70A4
7FFA00000
7FF028F5C
7FF88F5C2
000000000
000000000
7FFAF5C28
7FE6CCCCD
7FFE51EB8
000000000
000000000
7FFE8F5C3
000000000
000000000
7FFE51EB8
000000000
000000000
7FFC28F5C
7FBFEB852
000000000
7FFF851EC
7FFCE147B
7FF851EB9
7FFDD70A4
7FFCE147B
000000000
000000000
7FF851EB9
7FE4A3D71
000000000
000000000
0004CCCCD
00003D70A
000000000
000000000
7FFAF5C29
7FFE8F5C3
7FFA7AE14
000000000
000000000
7FF3851EB
7FF9C28F4
7FF8CCCCD
000170A3D
7FFD9999A
7FF43D70A
7FE747AE1
7FF066666
7FFD1EB85
000000000
000000000
7FFE51EB8
7FFCE147B
7FFECCCCD
00067AE14
7FD4147AE
000000000
7FF90A3D7
7FEFEB852
7FFA7AE14
7FFE51EB8
7FFD9999A
000000000
7FCECCCCC
7FF251EB8
000000000
000000000
001AA3D70
7FFECCCCD
000000000
000000000
7FDF1EB85
000000000
7FD4147AE
000000000
000000000
7FFE8F5C3
7FF47AE14
7FFAF5C29
7FF75C290
000228F5C
000000000
000000000
7FF75C28F
7FF947AE1
0001AE148
7FFECCCCD
0006F5C29
000000000
000828F5C
7FFE51EB8
7FF5EB852
000000000
000000000
000000000
7FF570A3E
7FCECCCCE
0004CCCCD
000000000
000000000
000000000
000451EB9
000000000
000000000
000000000
000000000
7FF347AE1
000000000
000000000
00031EB85
7FD7EB853
7FFFC28F5
7FF1D70A3
000000000
7FF71EB85
7FF666666
000000000
000000000
7FFBAE148
7FFECCCCE
7FE7C28F6
7FF9C28F6
000000000
7FF533333
000000000
7FF15C28F
7FFAB8520
000000000
7FDEA3D71
7FFDD70A4
000000000
000000000
000000000
000000000
7FFF851EC
000000000
0005C28F6
000000000
7FFFC28F5
000000000
7FFECCCCD
000000000
7FFE8F5C3
0003D70A5
7FF6E147B
7FF88F5C2
7FFC66666
7FF6E147B
7FFCE147B
7FEFEB852
000000000
000000000
7FFE51EB8
7FFCA3D71
000000000
000000000
000000000
7FEEB851E
7FF88F5C2
000000000
000000000
000000000
7FF8CCCCD
000000000
000000000
7FF8147AE
0000B851F
7FDB0A3D7
000000000
7FE3AE148
000000000
000000000
7FFE8F5C3
7FFD5C290
7FE70A3D7
7FF9C28F6
000000000
7FFE51EB8
7FC19999A
000000000
7FE0147AE
7FFD1EB85
7FF88F5C3
000000000
000000000
7FF9C28F6
000000000
7FFE147AE
7FFF47AE1
7FF4B851F
7FDA8F5C2
7FFAB851E
7FE1C28F6
7FD8A3D70
7FFAB851F
000000000
7FEE3D70A
000000000
000000000
7FFE8F5C3
7FFAB851F
000000000
0001AE148
7FFD1EB85
000000000
000000000
000000000
000133333
7FECCCCCC
000000000
7FF4F5C29
7FF947AE1
7FFCA3D71
000000000
000000000
000000000
000000000
000000000
000000000
7FFF0A3D7
000133333
00035C28F
000000000
7FFB33333
000828F5C
000000000
7FFECCCCD
7FF90A3D7
7FFA3D70B
000000000
7FEE00000
7FFDD70A3
7FF947AE1
7FEBD70A4
7FFD1EB85
7FFBAE147
7FE10A3D6
7FECCCCCD
000000000
000000000
000000000
7FFB33333
000000000
000000000
7FF28F5C2
7FF028F5C
000000000
000000000
000000000
7FFECCCCD
7FE7851EB
000000000
000000000
7FE51EB86
7FFFC28F7
7FFA3D70A
000000000
000000000
7FF947AE1
7FD133333
00007AE14
000000000
000000000
7FF75C28F
7FF7D70A4
7FFC28F5D
7FF0E147B
7FF028F5C
00003D70A
7FFA7AE14
000000000
7FF7D70A4
7FF851EB9
7FFB33334
7FFC66666
7FFAB851F
7FE6CCCCD
7FFD9999A
7FFF0A3D7
7FFC28F5C
7FF666667
7FFC28F5C
7FE9AE148
7FF1D70A4
000000000
001E7AE15
000000000
7FF3851EC
7FF251EB9
7FFAB851F
7FFAF5C29
000000000
7FFE8F5C3
0005851EB
7FF6A3D70
7FF7D70A3
7FFB33334
7FE147AE1
000000000
7FF8147AE
7FFECCCCD
000000000
7FFECCCCD
000170A3D
000000000
000000000
7FEE00000
000000000
7FFDD70A4
000000000
0006B851F
7FF251EB8
7FF3851EC
0002A3D70
7FEFAE148
000000000
7FFC66666
7FF400001
000000000
7FF4F5C27
7FFB70A3E
7FEF33333
000000000
000000000
7FF9C28F6
7FF3C28F6
000000000
7FF347AE1
000000000
000000000
00050A3D7
7FFDD70A4
7FF947AE1
000266667
000000000
000000000
7FEE7AE15
7FF47AE14
7FFDD70A4
000000000
0001AE148
7FFE51EB8
000000000
000000000
7FEDFFFFF
7FFECCCCD
7FFC28F5C
000000000
0001EB852
000000000
7FF3851EC
000000000
000000000
000000000
7FFB33333
000000000
000000000
7FF628F5B
000000000
7FFD1EB85
7FE0CCCCD
000000000
7FFA00000
7FFE147AE
000000000
000000000
0000B851E
7FFECCCCD
7FFBAE148
000000000
7FFE147AE
7FFD5C290
7FFECCCCD
7FFE147AE
7FF851EB8
000000000
7FFC28F5C
7FFD1EB85
7FF88F5C3
7FF2CCCCD
0001EB852
7FF6A3D71
000000000
7FEBD70A4
7FFE8F5C3
000000000
7FFCE147B
7FF75C290
7FFDD70A4
000000000
000000000
7FF6E147B
0007AE147
7FF3851EB
7FFE147AE
000000000
7FEE00000
000000000
7FFE51EB8
7FFF47AE1
7FFA3D70A
7FFFC28F6
7FFE8F5C3
7FE27AE15
000000000
00050A3D7
7FF8CCCCD
000000000
000000000
0003D70A3
7FFBEB853
000000000
000000000
000000000
7FF75C28F
000000000
000000000
000000000
7FFDD70A3
000170A3D
7FE55C290
000000000
000000000
7FD48F5C2
000451EB8
000000000
7FFC28F5C
7FEFEB852
000133333
000000000
000000000
7FF1D70A5
000000000
000000000
7FF6A3D71
000000000
7FFCE147B
000000000
000266666
7FFDD70A4
7FF947AE1
000228F5C
000000000
7FFE51EB8
7FFE51EB8
000000000
000000000
7FFE147AE
000000000
7FF71EB84
7FE466666
7FFC66666
000000000
000000000
000000000
0001EB852
7FFD9999A
000000000
000000000
000000000
7FF9851EC
7FFAB851E
000000000
7FE1C28F5
7FECCCCCD
000000000
0003D70A4
7FD91EB85
000000000
000133333
7FFB70A3D
7FFC66666
7FF4F5C29
7FFDD70A4
7FD170A3E
7FF8CCCCD
7FFE51EB8
000000000
7FF5EB852
7FFB33333
7FD6F5C29
001466667
7FFD9999A
000000000
7FF90A3D7
7FF30A3D7
7FFD5C28F
7FFCA3D71
000170A3D
7FFA3D70A
7FFCA3D71
7FFF0A3D8
000000000
000000000
7FFE51EB8
000000000
7FFCE147B
7FF90A3D7
7FFA3D70B
7FF400000
000000000
7FFA3D70A
7FFBEB852
7FDB47AE2
7FF4F5C29
7FF2CCCCD
000451EB8
7FFE51EB8
000000000
7FFD1EB85
000228F5C
000000000
000000000
7FFECCCCD
7FC28F5C4
7FFC66666
7FE7C28F8
000228F5C
7FFECCCCD
000000000
7FF570A3D
7FF9C28F5
00031EB85
7FFCA3D71
000000000
000547AE1
000133333
7FFAB851F
7FE9AE148
000000000
7FFD9999A
000000000
7FEAA3D71
7FE70A3D7
000000000
7FFD1EB85
000000000
000000000
7FFC66665
7FF851EB8
7FFA00000
000170A3D
7FFA3D70A
7FF11EB85
7FF88F5C2
7FFDD70A4
7FEEB851F
7FF71EB85
7FF9C28F6
7FFDD70A4
000000000
7FFDD70A4
7FFB70A3E
000000000
7FF28F5C2
0001EB851
7FF8147AE
7FFD5C28F
7FFDD70A4
7FFAF5C2A
000A51EB8
7FFBEB852
000000000
7FF628F5C
7FEB99999
000000000
7FFECCCCD
7FF9851EC
7FF8CCCCD
000000000
7FFECCCCD
7FF4B851F
000000000
000000000
7FFAF5C29
7FF9851EC
7FEB1EB85
000000000
7FF79999A
7FFB33334
0004147AE
000000000
7FF251EB9
7FF533333
7FFD9999B
7FF0E147C
7FF11EB85
7FE9EB852
00048F5C3
7FF5AE147
000000000
7FFECCCCD
7FEBD70A4
7FF71EB85
7FFE8F5C3
000000000
7FF8CCCCC
7FFAF5C29
7FF8CCCCD
0000B851F
7FF947AE2
7FFE8F5C3
7FEC51EB9
000000000
7FF43D70A
000000000
000000000
7FFCE147B
7FED47AE2
7FF3851EC
000000000
7FF666666
7FE9EB852
7FEE7AE15
000000000
7FFBAE148
7FFE51EB8
7FF79999A
7FF19999A
000170A3E
7FEBD70A5
7FFCE147B
00035C28F
000133333
7FFAF5C29
7FF533333
7FFECCCCD
7FEC51EB9
7FF30A3D7
7FFECCCCD
7FEAA3D71
7FFD5C290
000000000
7FFD1EB85
7FFC28F5C
7FFE147AE
7FF6A3D70
000000000
7FFD1EB85
000000000
000000000
7FFE147AE
000000000
7FFD5C290
7FFBAE148
7FFECCCCD
000000000
7FFB33334
7FEF70A3D
000000000
000000000
000000000
7FFE147AE
000600000
7FFC28F5C
7FFCA3D71
7FFECCCCD
000000000
000000000
7FFC28F5D
7FFE8F5C3
000000000
000000000
000000000
000266666
7FFECCCCD
7FF71EB85
000000000
7FEE3D70B
7FF2CCCCD
7FFC66666
000451EB8
00050A3D6
7FFCA3D71
7FFB70A3E
00048F5C3
000000000
7FD999999
7FD866666
7FFE51EB8
000000000
7FEE00001
7FFCA3D71
7FFBEB852
7FF9851EC
000000000
7FF28F5C4
7FFECCCCD
000000000
7FF628F5C
7FFB33333
7FFE51EB8
7FF400000
000170A3D
0018B851F
7FF28F5C2
000000000
000733334
7FFECCCCD
7FFE8F5C3
000000000
000000000
000000000
000000000
7FFCE147B
000000000
000000000
000000000
7FFECCCCD
7FF628F5D
7FF75C290
000000000
7FFD9999A
00091EB85
000000000
7FFC28F5C
000000000
7FFB33333
000000000
7FFE8F5C3
7FF5EB852
000000000
00007AE15
000000000
7FFF0A3D7
7F84A3D71
000000000
7FE55C290
000000000
000000000
7FED0A3D7
000000000
000000000
7FFB33333
000000000
7FFD9999A
7FFDD70A4
000000000
000000000
7FFECCCCD
00035C28F
000000000
000000000
000000000
000000000
000000000
000228F5C
7FFE51EB8
7FFE51EB8
000000000
000000000
000399999
7FFCA3D71
000000000
7FF533334
7FF75C28F
000000000
7FF30A3D7
7FF9851EC
7FFDD70A4
7FF628F5D
000000000
000000000
000000000
000000000
7FFECCCCD
000000000
000000000
000000000
0000B851E
7FF79999A
000000000
000000000
7FFD5C28F
000000000
000000000
0006B851F
000000000
7FEFAE148
7FE27AE15
000000000
7FFB70A3D
000000000
7FE9EB852
7FFFC28F5
7FFB33334
7FFC28F5C
000000000
00031EB85
7FFBEB852
000000000
000000000
7FFC66666
000000000
7FF8CCCCD
7FE55C28F
000000000
7FF400000
7FFCE147B
000000000
7FEFEB852
000000000
7FFBEB852
7FEFAE149
7FFECCCCD
7FFA7AE14
7FF9C28F6
7FF628F5C
000000000
0001AE148
7FF3C28F6
002251EBA
7FFE8F5C3
000000000
7FFD1EB85
7FFE8F5C3
7FFCA3D71
000000000
000000000
000000000
000000000
7FEFAE148
7FF43D70B
7FF6A3D71
000000000
000000000
000000000
7FFBEB852
000000000
000000000
000000000
7FEE7AE15
7FEB1EB86
7FFB70A3D
7FFE8F5C3
7FFBAE148
7FFE8F5C3
000000000
7FFE8F5C3
7FF8147AF
7FC47AE15
000000000
7FFB33334
000F99999
7FF6A3D71
7FFE147AE
7FFCE147B
7FFCA3D72
7FFB70A3E
7FFB70A3E
000000000
7FFE147AE
0004147AE
000000000
7FFF851EC
7FF3851EB
7FFECCCCD
7FFE51EB8
000228F5C
7FFCE147B
7FFD9999A
7FFE147AE
000000000
7FFE8F5C3
000000000
7FFAF5C29
7FFDD70A4
7FF2CCCCD
7FFE51EB8
000000000
7FFC28F5C
7FEE3D70A
000000000
7FFE8F5C3
7FEF70A3E
7FFBEB853
7FF47AE15
7FC2147AD
7FEB5C290
7FF9851EB
000000000
7FF6E147C
00039999A
000000000
7FF75C290
7FFF47AE1
0004147AE
7FFBEB852
7FFA3D70B
7FFA3D70B
7FFE147AE
0001EB852
7FFC28F5C
7FFE8F5C3
7FF43D70B
7FF6A3D71
000000000
000000000
000000000
000000000
7FFE147AE
7FFA3D70B
000000000
000000000
000000000
7FFC28F5C
000000000
7FFCA3D70
0002A3D71
000000000
7FFD5C290
7FFD9999A
000F5C28E
000000000
7FFC28F5C
7FF88F5C3
7FFD9999A
000000000
7FFE147AE
7FFFC28F5
7FFE8F5C3
7FF851EB9
7FF90A3D7
7FFECCCCD
7FFECCCCD
000000000
7FFD99999
7FE3AE148
7FFD9999A
000000000
000000000
000000000
7FF5AE148
000000000
000000000
000000000
7FF88F5C2
7FFE8F5C3
7FFF47AE2
000451EB8
000000000
000000000
000000000
7FFE8F5C3
7FDD33333
7FFD9999A
7FFD5C28F
000000000
7FF7D70A4
000000000
7FF90A3D7
7FE9AE149
0002E147B
7FF851EB9
7FFE8F5C3
000000000
7FF5AE148
7FFBAE148
7FEF70A3E
7FF9FFFFF
7FF9C28F6
7FDF9999A
000451EB8
7FFF47AE1
000000000
7FF251EB8
7FEDC28F6
000133333
7FFF0A3D7
000000000
000000000
7FFC28F5D
000000000
00035C28F
7FF028F5C
7FBD0A3D8
7FF066666
7FFECCCCD
0000B851F
7FF251EB9
7FFDD70A4
7FEEB851E
7FFA7AE15
7FF90A3D7
000000000
000000000
7FFC28F5D
000000000
7FFA7AE14
7FFC28F5C
000000000
000000000
0003D70A4
7FF75C28F
7FF666666
7FFBEB852
000000000
000000000
7FFC66666
000000000
000000000
7FF1D70A4
7FDB47AE1
7FF6E147B
000000000
000170A3D
00050A3D6
7FFC66667
7FFE147AE
7FFCA3D71
000000000
0004147AE
000228F5C
7FF5AE147
7FE68F5C3
7FFECCCCD
000228F5C
7FF8CCCCD
7FFC28F5C
000000000
000000000
7FF851EB9
7FF251EB9
0009D70A4
7FFA3D70A
000000000
000000000
000000000
000000000
7FFC66666
000000000
0002A3D71
7FFECCCCD
000000000
7FB651EB9
000000000
000000000
000000000
000000000
7FF4B851F
7FFAB851F
000000000
000000000
7FD03D709
7FFAB851F
0002E147B
7FEFEB852
7FFD9999A
000000000
000000000
000000000
7FF7D70A4
000000000
000000000
000000000
000000000
7FF570A3E
7FFD1EB85
7FFD1EB85
7FFECCCCD
7FFBAE148
000000000
7FF9C28F6
00091EB85
7FFB70A3E
7FF6A3D70
000000000
7FE3AE147
000000000
000000000
7FFE51EB8
7FFC28F5C
000000000
000000000
000266666
000000000
7FFAB851F
7FEC8F5C3
7FFE51EB8
7FF9C28F6
000133333
00031EB85
000000000
7FF570A3D
000399999
7FFECCCCD
7FFD1EB85
7FFBAE148
000000000
000000000
000000000
7FFD1EB85
7FFD9999A
7FF8147AE
7FF28F5C1
7FFC28F5C
000000000
000000000
7FE2B851F
7FFB70A3D
000133333
7FFB70A3D
7FFA3D70B
7FF43D70A
0000B851F
7FFBAE148
000000000
000000000
000000000
7FEFEB852
0005851EB
000000000
000000000
000000000
000000000
7FFE51EB8
7FF75C290
000000000
7FF947AE1
000000000
000000000
7FFB33334
000000000
00067AE15
7FE27AE15
7FF347AE1
7FFC66666
000000000
7FFF47AE1
000000000
7FF799999
7FFD9999A
000000000
000000000
000000000
7FFA3D70A
000000000
7FF9C28F6
000000000
7FF7D70A4
7FFCA3D71
7FFA3D70B
7FFDD70A4
000000000
0007AE148
7FFBAE148
7FE5D70A3
7FA50A3D8
000170A3D
000000000
7FE2B8520
7FFCE147B
000000000
7FFE8F5C3
000000000
7FFD1EB85
000133333
7FF8CCCCC
7FF88F5C2
000000000
000000000
0001AE148
7FFD9999A
7FCE147AF
00039999A
000000000
0001AE148
7FFC28F5C
7FFB70A3D
000000000
000000000
7FE5D70A4
000000000
000000000
00067AE14
7FF666667
000000000
7FFD5C290
7FFE51EB8
7FFE51EB8
7FF4B851F
000000000
7FF570A3D
000000000
7FF4F5C29
000000000
000B0A3D7
000000000
000000000
7FFECCCCD
7FFE147AE
7FED0A3D7
7FFECCCCD
000000000
7FFAB851F
0010147AE
000000000
000000000
7FFCA3D71
7FE333334
000600000
7FFD9999A
000133333
000000000
7FEC51EB9
000000000
7FFAB851F
000000000
000000000
7FF0A3D71
7FFAB851F
7FFBEB852
000000000
000133333
000170A3D
000000000
000000000
000000000
7FFECCCCD
7FFBAE148
000000000
7FFBEB852
000000000
000228F5C
7FFECCCCD
000000000
7FFCE147B
7FFD1EB85
7FFE51EB8
000000000
7FFBAE148
000000000
000000000
0000B851F
000000000
000000000
7FFB33334
000000000
000000000
000000000
000000000
7FFBAE148
7FFC66666
000000000
7FFA3D70B
7FE466667
00003D70B
000000000
7FDE28F5D
7FFE8F5C3
7FFC28F5C
000000000
7FFE51EB8
000000000
7FDEA3D72
000000000
7FF75C28F
7FFD5C28F
000000000
7FD7EB852
7FFE8F5C3
7FF028F5C
7FEA66665
000000000
7FFD9999A
7FFC66667
7FFE8F5C3
7FD99999A
7FFE147AE
000A8F5C3
000000000
7FFD1EB86
000000000
000000000
7FFE8F5C3
7FC028F5C
0002A3D71
000000000
7FFA7AE15
000000000
000000000
000000000
000000000
000000000
7FFC28F5C
7FFE51EB8
000000000
000000000
7FFD5C28F
0003D70A4
7FE10A3D8
000000000
000000000
7FF533334
000451EB8
7FF5EB852
0002E147B
000228F5C
7FDEA3D71
7FD5851EC
7FF8CCCCD
000000000
000000000
000000000
000000000
7FFBEB852
0003D70A3
000000000
7FFE8F5C3
7FF15C291
000000000
7FFE51EB8
000000000
000000000
7FFECCCCD
000000000
000000000
000000000
000000000
000000000
000000000
000000000
000000000
7FFECCCCD
000000000
7FFBAE148
000000000
000000000
7FE9AE148
000000000
7FFB70A3E
0006F5C29
7FFD5C28F
000000000
000000000
000133334
7FFCA3D71
7FFB33333
7FFCE147B
000000000
7FF628F5D
7FE370A3D
000000000
7FFD9999A
000000000
0008A3D71
7FF947AE2
000000000
000000000
7FDF9999A
000000000
7FFE51EB8
7FC347AE3
000000000
000000000
7FFE8F5C3
7FFA7AE14
7FECCCCCD
000000000
7FED851EB
7FFA3D70A
7FF2CCCCE
000228F5C
000133333
000000000
000000000
000000000
000000000
7FC6A3D71
7FFECCCCD
7FFBEB852
000000000
000000000
7FE7851EC
7FF8147AF
7FFD1EB85
000000000
7FF8147AE
7FFA7AE14
7FFD9999A
000000000
0005851EC
7FFD1EB85
000000000
7FFECCCCD
7FEF33333
7FFC28F5C
000000000
7FFCE147A
7FFE8F5C3
000266666
7FFECCCCD
000000000
000000000
7FF5EB852
000000000
000000000
000000000
7FF666667
7FF851EB8
000000000
000000000
7FFB33333
7FF88F5C3
7FFE147AE
7FF19999A
7FF75C290
7FEB1EB85
000000000
7FFC28F5C
000000000
000000000
000000000
000000000
7FF79999A
000000000
7FFE8F5C3
7FCD5C28E
7FD770A3E
7FFE147AE
7FD35C290
7FFD5C290
7FF0A3D71
000133333
7FFE51EB8
00031EB85
000000000
7FF7D70A4
7FEF70A3E
000000000
7FF88F5C3
7FFBEB852
000000000
7FFAB851F
7FFD9999A
7FFCE147B
7FF4F5C29
7FF5AE148
000000000
7FFECCCCD
000000000
000000000
000000000
000000000
000000000
000000000
7FF666666
000000000
000000000
7FFE8F5C3
000000000
7FFD1EB85
7FD266667
7FFE147AE
7FFD5C290
000000000
000000000
000228F5C
7FFCE147B
0000F5C29
7FFCE147B
000000000
000000000
000000000
00035C28F
000000000
000000000
0001AE148
7FEE00000
7FF6E147B
7FE3AE148
0001AE148
7FF15C28F
000000000
7FFE8F5C3
7FFD5C28F
7FFAB851F
7FE6147AF
000000000
7FF9C28F6
7FFA7AE14
7FFECCCCD
000000000
000000000
7FFF47AE1
7FFCE147B
000000000
0002A3D71
00003D70A
00067AE15
000000000
000000000
000000000
7FFDD70A4
000000000
000000000
7FFAF5C29
000000000
000000000
7FFD1EB85
7FFB33334
000000000
000000000
000000000
000000000
7FFCE147B
7FFECCCCD
000000000
000000000
7FE333334
000000000
000000000
000000000
000000000
000000000
000000000
7FBAA3D71
000000000
000000000
000170A3D
7FFCA3D70
000000000
000000000
000000000
000000000
000000000
000000000
7FFC66666
000000000
000133333
7FF88F5C3
000000000
7FFC28F5C
7FF90A3D7
7FED47AE1
7FD733334
7FEB5C28F
000000000
000000000
000000000
000000000
0001EB852
7FF6E147C
000000000
000000000
000000000
7FFF47AE1
7FE6CCCCC
7FFC66666
7FFCA3D71
000170A3D
7FF71EB85
000000000
00091EB85
7FFBAE148
7FFE8F5C3
7FEC51EB8
000000000
000000000
7FFECCCCD
7FFCE147B
7FFE51EB8
7FED0A3D7
7FFE8F5C3
7FE3EB852
000000000
000000000
000000000
000000000
000000000
000000000
7FFD5C290
000000000
000000000
001200000
000000000
000000000
7FE800001
7FFAF5C2A
000000000
000000000
7FF3C28F6
7FF066665
000000000
000770A3E
7FED0A3D7
000000000
000000000
7FFD9999A
7FF71EB85
7FF79999A
000000000
7FF8CCCCC
000000000
001333334
7FF5AE148
7FFBAE148
000000000
000000000
0005C28F6
7FDE66666
7FFC28F5C
7FFBAE148
7FF347AE1
7FF6A3D71
7FDE66666
000133333
7FFE8F5C3
7FFECCCCD
000000000
000000000
000000000
7FF79999A
7FFBEB852
000000000
000000000
7FFD5C290
7FF0A3D71
0004147AE
7FF90A3D7
0002A3D71
7FFECCCCD
7FFD9999A
000000000
7FEF70A3D
7FCFC28F6
7FFD1EB86
7FFC28F5C
7FF533333
7FFB70A3D
000000000
000000000
7FFCE147B
000000000
00031EB84
7FFDD70A4
000000000
7FF2CCCCD
000000000
7FF90A3D7
7FFFC28F6
7FF3C28F5
7FFBEB852
7FFB33333
000000000
7FFE8F5C3
7FFD5C28F
000000000
000000000
000000000
7FF88F5C3
7FF2CCCCD
000000000
7FFCE147B
000000000
7FF851EB9
0006B851F
000000000
000000000
000000000
7FF5EB852
7FF88F5C2
7FF347AE2
7FFECCCCD
7FFBAE148
7FFE51EB8
7FF5AE148
7FEC8F5C3
0018F5C2A
000000000
000000000
7FF570A3D
000000000
7FED851EC
000000000
7FFE51EB8
000000000
7FFECCCCD
7FD67AE15
000000000
00007AE15
7FE68F5C3
7FE27AE14
0002E147B
000000000
000000000
7FFB33333
000866666
7FF11EB85
7FFDD70A4
000000000
7FF2CCCCD
7FFAB851F
000000000
000000000
000000000
000000000
7FFBEB852
000000000
000000000
7FFECCCCD
7FF666666
7FFECCCCD
7FFCA3D71
000000000
000000000
000000000
7FF75C28F
7FFC28F5C
001D851EC
000000000
7FF28F5C3
7FFA00000
7FFE8F5C3
7FF9C28F6
7FFE147AE
000000000
000000000
000000000
7FF9851EC
000000000
000000000
000000000
7FFDD70A4
7FFC66666
000000000
000000000
7FFAF5C29
000000000
000000000
7FF570A3E
7FFDD70A4
7FFE147AE
000133333
7FFECCCCD
7FDDAE147
000000000
7FFA3D70B
7FE333334
000000000
000000000
7FEB5C290
7FE68F5C2
7FFECCCCD
7FFFFFFFF
000000000
000000000
000000000
000000000
7FF8CCCCC
000000000
000000000
7FFCA3D71
7FFA3D70B
7FF5EB852
7FEDC28F6
000000000
000000000
7FFBAE148
7FFECCCCD
7FF7D70A4
7FFBEB852
000000000
000000000
000000000
7FFCA3D70
7FFCE147A
000000000
000000000
000000000
000000000
000000000
7FFCE147B
000000000
000000000
7FFBEB852
000000000
7FFAB851F
000000000
0000F5C29
7FFD9999A
000000000
000000000
000000000
7FFECCCCD
7FF75C290
0001AE148
000000000
000000000
000000000
000000000
000000000
7FFE51EB8
7FF9851EC
000000000
000000000
000000000
000000000
000000000
7FFCA3D71
7FF066666
000000000
7FF347AE2
7FF799999
7FFC28F5D
7FFCE147B
000000000
000000000
000000000
000000000
7FF9C28F6
000000000
0001EB852
7FE333334
7FFECCCCD
000000000
0001AE148
7FFE51EB8
000000000
0008A3D71
7FFE51EB8
7FFECCCCD
000000000
7FFCE147B
000000000
000133333
000000000
000000000
7FF666666
000000000
7FF19999A
000170A3D
000000000
000000000
000000000
000170A3D
000000000
7FFECCCCD
000000000
7FFD5C28F
000000000
7FDD33335
0003D70A4
000000000
7FFB33334
7FF11EB85
7FFECCCCD
000000000
000000000
000000000
7FFE147AE
000000000
000000000
000000000
000000000
000000000
000000000
7FFD9999A
7FF947AE1
000133333
7FF9C28F5
000000000
000000000
000000000
7FFCE147B
000000000
7FFBEB852
000000000
000000000
7FFC28F5C
000000000
7FF9C28F6
000000000
000000000
000000000
7FFDD70A4
000000000
000A51EB8
000000000
7FF4B8520
7FDACCCCD
000000000
7FFECCCCD
7FFE8F5C3
000000000
7FE23D70B
7FFA3D70A
000000000
7FFCE147B
000000000
000000000
000000000
000000000
7FDBC28F5
00035C28F
000228F5C
000000000
7FFCA3D71
000000000
7FDB0A3D8
000000000
000000000
7FFECCCCD
000000000
7FFE8F5C3
000133333
7FFAB851F
7FDF99998
000000000
000000000
7FFC28F5C
7FF400000
7FEE3D709
7FFFC28F6
000000000
000000000
7FFDD70A4
000000000
000000000
7FFB33333
000000000
000000000
7FDCF5C29
000000000
000000000
7FFD1EB86
000000000
000170A3D
000000000
7FFCA3D71
7FD95C28D
0004CCCCC
7FFAF5C2A
7FE370A3D
7FF28F5C3
000000000
7FFE147AE
000000000
7FFC28F5C
7FFE51EB8
000000000
000000000
000000000
000000000
7FF628F5D
000000000
00039999A
7FFE8F5C3
7FFC28F5C
7FFECCCCD
000000000
7FFECCCCD
000000000
000000000
7FF4F5C2A
7FF3C28F5
000000000
000000000
000000000
000000000
7FFE147AE
7FFECCCCD
00007AE14
000000000
000000000
7FF947AE2
000133333
7FDB0A3D7
000000000
7FFE8F5C3
7FFA3D70A
0001EB852
7FB10A3D7
000000000
7FFA7AE16
000000000
7FFECCCCD
000000000
000000000
000000000
000000000
7FF5EB853
001E00001
000000000
000000000
7FDE66666
7F7451EB9
0001AE148
000000000
7FE87AE14
00050A3D7
7FFE8F5C3
000000000
000000000
7FFD9999A
000000000
7FFE51EB8
7FFCA3D70
000000000
000000000
7FFE147AE
7FE651EB8
000000000
7FF88F5C3
000000000
7FF47AE15
000000000
7FE428F5E
000000000
000000000
000000000
000000000
000000000
000000000
00031EB85
0004147AE
7FFE51EB8
000000000
000000000
000000000
000000000
7FD63D70B
7FFECCCCD
7FFF0A3D7
000000000
000000000
000000000
000000000
7FFE8F5C3
000000000
7FE08F5C3
7FEC8F5C2
7FC15C28F
000000000
7FF251EB8
7FF9C28F6
0005851EC
000000000
7FCA3D70A
000000000
7FF6E147B
7FFE51EB8
7FFAB851F
7FF71EB85
7FEE3D70B
7FAD33333
0008E147C
002AB851F
7FFD1EB85
000000000
7FEB5C290
7FF251EB8
7FE933333
7FFFC28F6
7FFE8F5C3
7FE68F5C3
7FEAA3D71
7FF9C28F6
000000000
000000000
7FFE8F5C3
7FFECCCCD
7FFE8F5C3
7FFD1EB85
00003D70A
000000000
0002A3D71
7FC628F5D
7FFE147AE
002B70A3D
7FCD1EB86
000000000
7FFB70A3E
000000000
7FF5EB852
7FF75C28F
7FFE51EB8
7FF628F5D
000000000
7FF6E147A
000000000
000000000
000000000
7FF400001
7FFCA3D71
000000000
000000000
000000000
0002A3D71
000000000
7FF851EB8
7FF628F5C
7FFBAE148
000133334
000E66666
000000000
000170A3D
7FFE51EB8
000000000
7FF90A3D7
7FF75C28F
000000000
000000000
0000B851F
7FFC28F5C
7F947AE14
7FF4B851F
00031EB85
7FE51EB85
7FF251EB8
7FFE51EB8
0001AE148
7FF347AE2
7FC3C28F7
7FF11EB86
000000000
000000000
7FEB1EB86
7FFE147AD
7FF1D70A3
002F851EC
7FFD5C290
000000000
7FEEB851E
000000000
7FFCA3D71
000000000
7FED47AE1
000000000
7FF30A3D7
7FFD5C28F
7FF851EB8
0001AE148
0013AE148
7FCF47AE2
000000000
7FFF0A3D7
000133333
000000000
0000B851E
7FC30A3D7
7FF4F5C2A
7FFA3D70A
000000000
7FDA51EB8
7FF2CCCCD
7FF9C28F6
7FF9851EC
000170A3D
7FFAF5C29
7FFDD70A4
7FFC28F5D
000000000
7FFECCCCD
7FF8147AE
7FFDD70A4
7FFD9999A
7FF570A3D
7FFCE147B
7FFE8F5C3
7FFECCCCD
000000000
000000000
000000000
000000000
7FF628F5C
7FFF851EB
7FFECCCCD
000228F5C
7FF47AE14
7FF15C290
7FFC66666
000000000
7FFE8F5C3
7FFE51EB8
7FFE8F5C3
000547AE2
7FF43D70A
000170A3D
7FEF33333
000000000
7FE8F5C29
7FF9851EC
000000000
000000000
7FFAF5C29
7FF6E147B
7FE970A3D
000000000
7FE0CCCCE
7FF79999A
7FFE51EB8
7FFFC28F6
00003D70B
000000000
000000000
7FFE147AE
7FB08F5C2
000000000
7FFAB851F
000000000
000000000
7FFD5C28F
7FFE8F5C3
7FDEA3D71
7FE6CCCCE
7FFE51EB9
000000000
7FFECCCCD
000000000
7FFD1EB85
7FFD1EB85
7FC9C28F7
7FF30A3D8
000000000
7FFECCCCD
7FFE8F5C3
7FEDC28F6
7FFB33334
7FF570A3E
7FBFEB852
7FFCA3D71
7FFD9999A
7FD48F5C2
00031EB86
0005C28F6
7FDB0A3D6
7FFE51EB8
000000000
7FEAA3D70
7FE3AE147
7FFCE147B
7FF9851EC
7FF79999A
000170A3D
002FC28F6
000000000
7FFD1EB86
000000000
7FF570A3E
7FEFAE147
7FFAB851F
7FFD1EB85
000000000
7FF4B851E
7FFE8F5C3
7FE6CCCCE
7FFECCCCD
7FFF851EC
7FF947AE1
7FF8147AE
000133332
000000000
7FF4F5C29
7FFAB851F
000000000
7FF5AE148
7FFA3D70A
7FF5EB852
7FFE51EB8
7FEAA3D70
0002A3D71
7FF4B8520
7FFECCCCD
0002E147B
0004CCCCD
000000000
00003D70A
00035C28F
7FEFEB852
7FFD5C28F
000000000
000000000
000000000
000000000
00007AE14
0001AE148
7FEFAE148
7FF79999A
7FFE147AE
7FE8F5C28
7FDE28F5D
002CE147C
7FD99999A
000000000
000133333
000000000
7FF8147AE
7FEEB851F
7FE08F5C3
7FFE51EB8
000000000
7FE0CCCCC
000000000
000000000
7FF4B851F
7FF19999A
7FFECCCCD
7FFC28F5C
000000000
7FFE51EB8
7FFE8F5C3
0002E147B
7FF8CCCCD
7FFE8F5C3
7FEC147AD
000000000
000000000
7FF4F5C28
000000000
000000000
7FE4E147B
000000000
7FF9851EC
7FE1851EC
000000000
000000000
7FDD33333
7FFD5C290
7FEA66668
7FFB33334
7FF71EB86
7FF6E147B
7FFE8F5C3
7FFE51EB8
000000000
7FF9C28F6
7FF75C290
000000000
000000000
7FFD9999A
7FF71EB85
000000000
7FF3851EC
7FF570A3E
7FF1D70A4
7FD63D70A
00035C28F
7FFA00000
7FDC7AE14
7FFE51EB8
7FFF0A3D7
0001EB852
7FFE147AE
7FFC66667
7FF15C290
000000000
7FF4F5C29
000B47AE1
7FFCE147B
000000000
7FFDD70A4
001B1EB86
7FFECCCCD
000000000
000000000
7FFE147AF
7FF1D70A4
000266666
7FF851EB8
000000000
7FFBEB852
7FE7851EB
7FD1AE148
7FFD9999A
000000000
7FF666667
000CB851F
7FF15C28F
00031EB86
0006B851F
000000000
7FF15C290
7FF30A3D7
7FF947AE1
000000000
7FFD1EB85
000000000
7FFC66667
7FE0CCCCD
7FEFAE147
7FF666667
7FF90A3D7
7FFECCCCD
7FF88F5C3
7FFA00000
000000000
000600000
000000000
7FF90A3D6
7FF30A3D7
7FECCCCCD
7FF5EB852
000000000
7FC6A3D71
7FDCF5C29
000000000
000000000
7FE6CCCCC
000F1EB86
7FF79999B
7FDEA3D70
7FFD9999A
000000000
003CB851F
7FDF99999
7FEF33333
000170A3D
7FFD1EB85
7FFAB851E
7FD170A3C
7FFC28F5C
000000000
7FFAB851F
000133333
000000000
000000000
7FF7D70A4
0010147AE
7F5C8F5C3
000ACCCCC
0002A3D71
7FFC28F5C
7FB6CCCCE
7FFF0A3D7
7FFD5C290
000000000
7FDEE147B
7FF6A3D71
7FF75C290
7FFE51EB8
0011851EC
7FF570A3E
0017C28F6
000000000
7F8A66668
7FA8E147B
000000000
000170A3D
0013AE147
000000000
000000000
7FFECCCCD
7FF43D708
7FFBEB852
00003D70B
7FF851EB8
7FFC28F5D
7FF5EB852
000000000
7FFE8F5C3
000133333
7FE1851EC
000000000
7FF666667
7FFECCCCD
000000000
7FD48F5C2
000000000
7FF79999A
7FF4B851F
7FFE147AE
7FFE8F5C3
000A147AF
000228F5C
7FFCE147B
7FD9D70A3
7FF71EB85
7FDFD70A3
7FFB70A3D
000000000
7FF90A3D7
000000000
7FF628F5C
7FF5AE148
7FFCA3D70
7FEB1EB85
000BC28F5
7FEAE147C
0001EB852
0000B851F
000000000
000C7AE14
7FFCA3D71
7FE7851EC
000000000
000000000
001466667
7FFD1EB85
0000B851F
7FFDD70A4
000000000
000000000
7FCCE147C
7FFC66667
000170A3D
7FFA3D70A
00035C28F
7FED47AE1
7FDEE147C
7FFB33334
7FED851EC
7FEF33333
000000000
7FCDD70A4
7FA133333
000000000
000000000
7FA6F5C2A
7FFF47AE1
7FCCE147B
7FFAF5C29
7FFBEB852
7FE970A3E
7FFE147AE
000000000
0006B851E
7FFE147AF
7FEBD70A4
0001EB852
7FFAF5C29
000000000
7FFDD70A4
001333335
000000000
7FFD1EB86
7FFA7AE15
000170A3D
000DAE148
000DAE148
7FE6CCCCC
7FFA3D70A
000000000
7FFE8F5C3
7FFE8F5C3
001FEB852
000000000
0017851EB
000000000
000133333
7FEE3D70A
7FFA3D70A
000000000
7FF75C28F
7FEEF5C2A
7FE428F5D
7FE1851EC
0001AE148
7FFD9999A
7FFD5C290
000FD70A3
00095C28F
000000000
000000000
000000000
0011851EC
000000000
7FF75C28F
7FF28F5C3
7FDA8F5C2
7FF71EB86
7FF9C28F6
7FC628F5C
000000000
7FF75C28F
7FC9FFFFF
7FC3851EC
7FF3C28F6
000000000
000000000
000000000
000000000
7FFA7AE15
7FF88F5C3
7FED47AE1
7FFE8F5C3
7FD133334
7FF251EB8
7FF4F5C2A
7FF5AE148
7FFB33333
000000000
0008E147C
0043AE148
7FE4A3D71
000000000
7FFECCCCD
7FE9EB852
000000000
7FE68F5C3
7FFAF5C29
7FF570A3F
7FFE51EB8
00048F5C2
002ECCCCD
7FE8F5C29
7FFF47AE2
7FD4147AE
7FED851EB
7F91D70A4
7FE2B851F
7FFA3D70B
000170A3D
7FDFD70A4
000000000
7FF570A3E
7FFE147AE
000000000
7FF9851EC
7FF947AE1
000000000
0000B851F
7FF88F5C3
0003D70A4
7FFAB851F
00127AE14
7FFA00000
000000000
000000000
000000000
7FFA7AE15
7FFE51EB8
0004147AF
7FFCA3D71
7FF533334
7F6D5C291
7FF5AE148
000000000
7FFBEB852
000000000
7FF28F5C2
7FFC66667
000000000
7FFC28F5E
000000000
7FE651EB9
000228F5C
001CCCCCC
000000000
7FE6147AE
00091EB86
7FE800000
7FF6A3D71
000547AE1
7FF6A3D71
7FFD9999A
7FF43D70A
7FFECCCCD
00048F5C3
7FF9851EC
000000000
7FFE147AE
0000B851F
7FFAB851E
7FFECCCCD
000000000
7FE7FFFFF
7FFE51EB9
7FE9EB851
000000000
7FFDD70A4
000000000
000000000
7FD2A3D70
000000000
0002E147B
7FF11EB85
7FE1C28F5
7FBB1EB85
7FEB99999
000000000
7FE10A3D8
7FE747AE1
7FFC28F5C
000228F5C
7FFBAE148
000000000
7FFB70A3E
7FF79999A
001051EB7
7FF8CCCCD
000FD70A3
000000000
7FD50A3D6
7FF799999
7FF5EB852
7FFBEB852
7FFC66667
7FF947AE2
7FDC7AE14
7FED47AE1
7FF6A3D71
7FCAB851E
7FFE8F5C3
7FF799999
00127AE14
7FEB1EB85
7FFE8F5C3
7FFAF5C29
7FF8CCCCD
000000000
7FE200001
7FF947AE1
7FFDD70A3
7FEEF5C29
7FF9C28F6
000000000
00007AE14
7FF8CCCCE
7FF88F5C3
7FFBAE148
7FA39999A
7FF30A3D8
7FEDC28F6
7FE466666
7FFAB851E
00123D70A
7FFE51EB8
7FF8147AE
7FD266666
000000000
000000000
7FE23D70B
00007AE15
000000000
7FFCE147B
7FE333333
000000000
7FF3851EC
7FFECCCCD
0001AE148
7FF0A3D71
7FFA3D70A
7FFE8F5C2
0001EB852
7FFAF5C29
000000000
7FFAB851E
000000000
7FF347AE1
000000000
7FFECCCCD
000000000
7FFE51EB8
7FD828F5C
7FF4F5C28
000000000
000000000
7FF88F5C2
000000000
000000000
7FE5D70A4
7FF570A3E
7FA07AE14
7FE466666
000000000
000000000
7FF30A3D8
7FFE51EB8
000000000
0002A3D70
7FF628F5C
7FFD5C28F
000000000
7FE370A3D
7FFF0A3D7
7FEB9999A
7FF47AE15
7FF75C290
7FFF0A3D7
7FFB33333
000000000
7FDDAE147
7FFAB851F
7FFA7AE14
000000000
7FF11EB86
7FF88F5C4
7FF7D70A4
7FFE8F5C3
7FF9851EC
000000000
7FFAF5C29
7FF71EB86
00228F5C3
000000000
7FF628F5C
000133333
000E28F5D
7FFDD70A4
000000000
7FFC66667
7FFD1EB85
7FD770A3F
7FFCA3D71
7FF79999A
000000000
000000000
7FFE51EB8
7FF71EB85
000000000
000547AE1
7FE87AE15
7FF2CCCCD
7FF19999A
7FEAE147B
7FF9C28F6
7FFF0A3D7
0000F5C29
000000000
7FFBAE148
7FE051EB9
00050A3D7
7FFE8F5C3
7FFB33333
7FF43D70A
7FF400001
000000000
000228F5C
7FFBAE148
7FF851EB9
7FFDD70A4
7FFECCCCD
7FFA7AE15
7FF8CCCCD
7FF8147AF
000000000
000000000
000000000
000170A3D
7FE2B8520
000000000
7FD63D70A
000000000
7FF4B851E
7FFE147AE
000000000
7FFCA3D71
000000000
000000000
7FF3C28F6
7FFECCCCD
7FF028F5C
000133333
7FF71EB85
7FF11EB85
000170A3D
000170A3D
000000000
000000000
000266667
7FFA7AE14
000B0A3D7
000000000
7FDCF5C29
7FFC28F5C
7FF75C28F
000600001
7FE1851EC
7FFAB851F
7FD0B851F
7FF88F5C3
000000000
7FF0E147B
7FCAB851E
000170A3D
7FF0E147B
0056A3D70
0001AE148
7FFE8F5C3
7FF15C290
000000000
000000000
000000000
000000000
000000000
000000000
000000000
7FFD1EB86
7FD2E147C
7FF347AE1
7FFBAE148
7FFE8F5C3
7FFB70A3D
0003D70A4
000733333
0005C28F6
000000000
000000000
7FFA7AE15
7FF666667
000000000
000000000
7FFCA3D71
7FE2B851F
000000000
000000000
7FFAB851E
0005851EC
000E28F5C
7FFE8F5C3
000000000
000000000
7FE68F5C3
000266666
7FF8CCCCD
7FE651EB8
00003D70A
7FFF851EB
000000000
000000000
7FFE51EB8
000170A3D
7FF79999A
7FFCE147B
000000000
7FD451EB8
7FFD1EB85
7FF88F5C3
000000000
7FF88F5C2
000000000
7FF71EB85
00035C290
7FF5AE148
0000F5C29
7FFD9999A
7FFBEB852
7FFBEB852
7FD5851EC
7FF3C28F6
000866666
7FDB47AE1
7FDA51EB8
7FED851EB
7FE370A3E
7FF71EB86
000000000
000D33334
000000000
000000000
7FF9851EB
7FF8CCCCD
000000000
7FDDAE147
000000000
000000000
000000000
7FFD9999A
000000000
000A8F5C2
7FF2CCCCD
7FFC28F5D
7FFE8F5C3
7FF6A3D71
7FDC7AE15
7FD07AE13
7FFC66667
00067AE15
7FE147AE0
7FD8A3D70
7FF3851EC
7FF666667
000000000
7FFC28F5C
7FC6A3D71
7FF7D70A4
7FEE3D70A
7FCAB851F
000133333
000000000
0004CCCCC
00091EB85
7FDF5C290
7FE428F5C
7FF79999A
7FF71EB85
7FFE51EB8
000999999
7FF9851EB
7FF6E147B
7FFA00000
000000000
7FCA3D709
7FFDD70A5
000000000
7FE08F5C2
0003D70A4
7FFAB851F
000133333
000000000
7FF666666
7FFD9999A
7FFECCCCD
000000000
000133333
7FFE147AE
000000000
000000000
7FF066667
0006B851F
7FDB0A3D7
7FD228F5C
000000000
7FEA28F5D
000000000
000000000
7FF628F5D
7FF4F5C2A
0011851EC
7FE933333
000000000
7FFAB851F
0004CCCCC
7FF75C28F
00007AE15
000000000
7FF9C28F6
000000000
000000000
00039999A
7FF8CCCCD
000000000
7FF0E147B
000000000
000000000
000000000
7FFDD70A4
000000000
7FFB33333
7FEE00000
000000000
000000000
000866665
000000000
7FC88F5C3
7FBB1EB85
0007EB852
7FDF99999
00007AE14
7FFF851EC
000000000
7FFE8F5C3
000000000
000000000
7FFB33333
7FFDD70A4
7FF3C28F5
7FFB70A3D
7FFC28F5C
7FFBEB852
7FF75C28F
7FF19999A
7FACF5C27
0011851EC
000A51EB9
7FFD1EB85
7FFDD70A4
000000000
7FFECCCCD
000000000
7FFA3D70A
7FFDD70A4
000000000
000000000
7FF2CCCCD
000000000
000000000
7FF9851EB
000000000
000170A3D
7FFDD70A4
000000000
000170A3D
000000000
000999999
7FF851EB8
7FDC7AE14
7FF7D70A4
7FB8F5C29
7FFCA3D71
7FD266666
7FD7AE148
000B851EC
7FD733333
7FFE51EB8
000000000
7FFBAE148
000000000
7FFE147AE
000000000
7FF2CCCCC
000000000
000228F5C
000000000
000000000
000000000
000228F5C
00003D70A
7FFB70A3E
7FFE8F5C2
7FFECCCCD
000000000
7FFB33333
7FFC66666
7FFC28F5D
000000000
7FFE147AE
7FFD9999A
000000000
7FFE8F5C3
000000000
0004CCCCE
7FDF5C28F
0002A3D71
7FF9C28F6
7FE8F5C29
000000000
00031EB85
000000000
7FB68F5C3
000000000
7FEB9999A
000000000
7FFD9999A
000000000
7FDB851EC
001800000
7FCFC28F6
7FF47AE15
7FA7EB852
7FFE8F5C3
000000000
000000000
000133334
0004147AF
7FFE8F5C3
000000000
7FEE00000
7FF5AE147
000000000
000000000
7FFECCCCD
000000000
7FFDD70A4
7FEE7AE15
7FFE8F5C3
7F887AE15
7FE70A3D7
7FFA7AE14
7FF11EB86
000000000
7FC3C28F6
7FB51EB85
7FF88F5C2
0005C28F6
7FE87AE15
7FFBEB852
7FDF1EB87
7FEE00000
000000000
002CE147B
00095C28F
7FF570A3E
7FEC51EB8
7FF90A3D8
7FF8147AE
7FFA3D70B
000770A3D
7FE2B851F
000170A3D
7FBAA3D71
7FFD1EB85
7FFD1EB85
7FF4F5C29
7FF851EB8
7FFE147AE
00007AE15
7FE51EB86
7FE651EB9
7FFD1EB85
7FE428F5D
7FFD5C28F
7FDA8F5C3
000000001
7FE9AE148
7FDC7AE15
000000000
7FE59999A
7FE3EB852
0004147AE
7FFD1EB85
7FF570A3E
7FA03D70A
7F91D70A6
00768F5C3
7FE1851EC
7FF947AE0
7FBB1EB85
7FFCE147B
7FFDD70A4
7FFBAE148
7FE200001
7FFDD70A4
004C8F5C2
7FE933334
7FF15C290
00035C28F
000000000
7FF947AE2
7FFA7AE15
7FF9851EC
7FF8147AE
0004CCCCD
7FCD9999A
7FEC51EB8
7FFCE147A
7FFAB851E
7FC028F5B
7FFAF5C29
7FFD5C290
7FD4CCCCD
7FD1AE147
7FF2147AE
7FFAB851E
7FFA7AE14
7FD266668
7FF8147AE
7FFD1EB85
7FFE147AD
00123D70A
7FD03D70B
7FF9C28F6
7FFC28F5C
000000000
7FF028F5D
7FE333334
7FFC66666
7FED0A3D7
7FFBAE148
0004147AE
0009D70A4
7FFCA3D71
7FF43D70B
7FFC66666
0013AE149
000000000
7FF71EB85
7FF1D70A4
7FF533334
7FD770A3E
7FF0E147B
000133333
7FED47AE1
0007EB851
000EA3D71
7FFD5C28F
000133333
7FEE00000
7FEA28F5D
7FFE8F5C2
7FF90A3D6
7FFD5C28F
000000000
7FF0E147B
7FA6F5C2A
00003D70A
7FFE8F5C3
7FDF1EB85
000000000
7FF347AE1
7FFD5C290
000000000
000000000
0002A3D70
7FF851EB8
7FEEB851F
000000000
7FE5D70A4
7FFD5C290
000000000
0000B851F
7FEFAE147
7FE1C28F6
7FF066667
7FF251EB8
7FDC3D70A
7FD0B851F
7FFE51EB8
7FFD99999
7FFF0A3D7
7FDBC28F7
001E3D70A
000547AE1
0007AE148
7FF3851EC
7FFB70A3D
7FE800000
7FE2B851D
7FFC28F5D
7FFB33333
7FEEB851E
7FFE51EB8
7FF628F5C
7FF9C28F6
7FFBAE148
7FFE147AE
000CF5C29
7FEB5C290
000000000
001D851EC
0012F5C29
0029C28F5
7FED47AE2
7FF570A3E
000000000
7FF4F5C29
7FE466666
000000000
000000000
0001EB852
7FFC28F5C
000000000
0000B851F
7FFCE147B
7FD31EB85
7FE08F5C2
000000000
7FFF851EC
000000000
000000000
7FFB33333
7FF851EB9
7FFD9999A
7FF199999
7FD9D70A5
002DD70A3
7FEDC28F6
000000000
000000000
7FFD9999A
000000000
7FE747AE2
7FE4E147B
7FF947AE1
7FFA3D70A
7FF5AE148
7FFB70A3D
7FF79999A
7FC570A3D
7FFF47AE1
7FD3D70A4
7FE3EB852
7FDE66666
00039999A
7FF15C28F
7FB970A3D
7FEF70A3E
7FFECCCCD
7FF8147AF
7FFA3D70A
7FE10A3D7
7FFC66666
7FFECCCCD
000C00000
000000000
7FFECCCCD
7FF6A3D70
7FFDD70A4
000000000
7FF30A3D7
7FFAF5C29
7FFD5C290
7FF347AE1
7FE3EB851
7FFA7AE14
7FFCA3D71
7FF9851EC
7FFDD70A4
001428F5C
7FFDD70A4
7FEEB851F
000000000
7FFD1EB85
0001AE148
7FE6CCCCC
7FFD1EB86
00007AE15
7FF8147AE
00067AE14
7FD866666
000170A3D
00035C290
7FE9AE148
7FC5EB852
0005C28F5
7FEDC28F6
000133333
7FF9851EC
7FEF70A3D
7FDBC28F6
00003D70A
7FF6E147B
000000000
7FF71EB85
7FF5AE147
000000000
7FEFEB853
7FFD1EB86
7FF628F5C
7FED851EB
7FD50A3D7
7FFCA3D71
7FEF70A3E
7FC4F5C2A
7FF0A3D71
000000000
7FFD5C28F
7FEC147AE
000000000
7FEAA3D71
7FF3C28F6
00048F5C3
7FD1EB853
7FDE28F5C
000000000
000000000
7FD07AE15
7FEC51EB9
7FC47AE14
000733333
7FD999999
7FFE51EB8
000000000
7FF9C28F5
7FFA3D70C
000000000
7FFECCCCD
000000000
7FFBEB853
7FD35C28E
7FE70A3D7
000000000
7FFECCCCD
7FEAE147B
7FED0A3D7
7FF7D70A4
000828F5D
7FE27AE14
7FDDEB852
7FFE8F5C3
7FE466665
7FF851EB8
7FFDD70A4
7FF47AE15
7FF347AE1
7FFD5C290
7FEDFFFFF
000000000
7FFD9999A
7FF947AE1
7FF4F5C29
7FF666666
000000000
0000B851F
000000000
00095C28F
7FD170A3E
000000000
7FD03D70C
0004147AE
7FF30A3D7
000170A3D
7FD3D70A4
7FD8E147B
7FDACCCCD
7FFA00000
000000000
7FFCA3D71
7FF5EB852
7FF11EB85
7FE51EB86
7FE147AE2
7FDE66666
7FDD33334
7FFA00000
000000000
7FC5AE148
000000000
7FED47AE2
000000000
7FFD5C28F
7FCBEB850
7FEFAE147
7FFE147AE
7FFA3D70A
7FFCE147B
7FE4E147B
7FFE8F5C3
7FDEE147C
000000000
7FE9AE148
7FE10A3D8
000000000
7FBE3D70A
000133333
7FF71EB85
7FE2B851D
0006B851F
000170A3D
7FF19999B
7FE59999A
7FFA3D70A
000000000
000000000
7FE5D70A4
7FFA3D70B
000000000
7FDDEB852
003EA3D71
7FEBD70A3
7FF400000
7FFC28F5C
7FFB70A3E
7FBA28F5B
7FE2B851E
002666667
7FFE8F5C3
000000000
7FEB5C28F
7FF066667
7FFAF5C29
7FE23D70A
7FFD9999A
7FEE00000
7FF028F5C
7FFE8F5C3
7FDE66667
7FDF9999B
7FFD5C28F
7FDA51EB8
7FF9C28F6
00410A3D6
7FEB1EB86
000000000
000866666
7FFD1EB85
7FFECCCCD
7FF5EB852
000000000
7FF851EB8
7FFD5C28F
7FF88F5C3
000000000
7FFBEB852
7FFDD70A4
7FFBAE148
7FF6A3D71
7FD8E147C
7FFE8F5C3
7FF628F5C
7FF6E147B
7FD4147AE
000000000
000000000
000000000
000000000
7FED0A3D8
7FDB851ED
7FFECCCCD
7FFCA3D70
7FF5AE149
7FF947AE2
7FC6E147B
000000000
000000000
7FF6E147B
7FFC28F5C
7FF947AE1
7FFD9999A
7FF75C28F
7FF4F5C29
7FFE51EB8
7FEEB851F
7FE59999A
7FFB33333
7FD770A3E
7FFF851EC
000000000
7FE08F5C2
7FFF0A3D7
7FFAF5C29
7FE68F5C3
7FE9AE148
000000000
7FF71EB85
7FFBAE148
7FD03D70A
7FD3D70A3
0011C28F6
7FF8CCCCC
7FFECCCCD
000170A3D
7FE6CCCCD
7FFE51EB8
7FF8147AE
7FEEF5C29
000000000
7FFA3D70A
000000000
7FDDEB851
000000000
000000000
000828F5D
7FE428F5D
7FFECCCCD
000C7AE15
000000000
7FEBD70A3
0000B851E
7FF47AE14
7FDBC28F6
7FFF851EB
000000000
7FFB33333
000000000
7FF347AE1
7FFC28F5C
7FFCE147B
7FFECCCCD
000451EB8
7FFE8F5C3
7FDEA3D72
7FE27AE14
000000000
7FCB33332
7FFD5C290
000000000
7FFECCCCD
7FDB851EC
000000000
7FFECCCCD
7FFAF5C29
7FFE8F5C3
7FF8CCCCC
000000000
7FC0E147B
7FF666666
7FF79999A
7FDCF5C29
7FFAB851F
7FFECCCCD
000000000
7FFF0A3D7
7FFCA3D71
000000000
000000000
7FFD1EB85
00007AE15
7FFAF5C29
7FF5EB852
7FFD9999A
7FD600000
7FFE51EB8
000000000
0005851EC
7FDA147AE
7FF43D70B
7FFECCCCD
000B0A3D7
000000000
7FFA7AE14
7FE6147AE
7FFC28F5C
7FFD9999A
000000000
7FFC28F5B
000000000
7FEB9999A
7FFE8F5C3
000000000
7FFB33333
7FE8B851F
7FD8A3D71
000000000
7FFAF5C29
7FFE147AE
000000000
7FFCA3D71
7FF30A3D7
7FDCF5C2A
7FF028F5C
000170A3D
000000000
000000000
000000000
0001AE148
7FF11EB85
7FEA28F5C
7FF2147AF
7FFD9999A
000000000
7FE4E147B
000000000
7FF4B851F
7FFD1EB85
000000000
000228F5C
7FEC8F5C3
0000F5C29
7FFD1EB85
7FF251EB7
000000000
7FFD5C290
7FF90A3D7
7FFCE147B
7FFCA3D71
000828F5D
7FEAA3D71
7FFD1EB85
7FD07AE14
7FD266666
000000000
7FFECCCCD
7FFECCCCD
000000000
7FFD1EB85
000000000
7FFE147AE
7FEC8F5C3
000ACCCCD
000000000
0001AE148
7FFD5C28F
000000000
7FEDC28F6
7FFD1EB85
000000000
7FD39999A
000000000
7FFCA3D71
7FF43D70A
7FDA147AE
7FFD5C28F
000000000
000000000
7FF6E147B
7FE59999A
000000000
7FFE51EB8
000000000
000000000
000000000
7FFAB851F
7FED47AE1
000000000
000D33333
7FFBAE148
000000000
000000000
000133334
7FDDAE147
7FF400000
000000000
7FF9C28F6
7FF11EB85
000000000
000000000
000451EB8
7FFE8F5C3
7FF1D70A4
000000000
7FFB33334
7FFD5C28F
7FF5EB852
7FFCE147B
7FFDD70A4
7FFECCCCD
000133333
000000000
7FE4E147B
000000000
7FFAB851F
7FDACCCCD
000000000
000000000
0004147AE
7FFCA3D71
000000000
7FFE8F5C3
000000000
000000000
7FFE51EB8
7FF4F5C29
000000000
7FF851EB8
000000000
000A51EB8
000451EB9
7FF066667
7FFD1EB86
00031EB85
7FEC51EB9
000000000
7FFE8F5C3
7FFD5C28F
000000000
7FFBAE148
000000000
000000000
7FFCA3D70
7FFECCCCD
000000000
000000000
7FFECCCCD
7FFECCCCD
000000000
7FFE8F5C3
000000000
000000000
7FFCA3D71
000000000
7FFE8F5C3
7FFECCCCD
7FFE8F5C3
000000000
7FFE147AE
000000000
000000000
7FFA7AE15
000000000
000000000
000000000
7FF4F5C2A
7FF43D70A
7FFE51EB8
7FFDD70A4
7FFDD70A4
7FFD1EB85
000000000
7FDE66667
7FFC28F5C
0001EB852
7FF79999A
0002A3D71
7FDA51EB8
000000000
7FFD9999A
000000000
7FE51EB85
7FFC28F5C
7FFDD70A4
7FFE147AE
7FFD1EB86
000000000
001D47AE2
7FFD1EB85
7FFD5C290
7FFD9999A
0001AE148
7FE59999A
7FDE28F5C
000000000
7FFC66666
000000000
000000000
7FFB70A3D
7FE651EB8
7FEB5C28F
000000000
7FFE8F5C3
000000000
7FE651EB8
7FFB33333
7FFF47AE1
000000000
7FD91EB85
7FF947AE2
000000000
000000000
00003D70A
001D851EC
7FFE51EB8
7FF19999A
0001EB852
7FDE28F5C
0003D70A4
7FE370A3E
000F99999
00050A3D7
000000000
7FF851EB8
0004CCCCD
7FE7C28F7
7FFECCCCD
000000000
0011C28F6
7FE6CCCCD
7FFE8F5C3
7FFCE147B
000000000
7FF9C28F5
7FFD1EB85
7FF8147AE
7FFDD70A4
7FFAB851F
7FFE8F5C3
7FCE147AE
000000000
0006B851E
7FFD1EB85
000000000
7FE8F5C29
7FDC3D70B
7FF75C28F
7FFECCCCD
000000000
000170A3D
7FF43D70A
7FFD1EB86
0020E147B
000000000
0000B851F
7FFE8F5C3
7FEDC28F5
7FFE147AE
7FFE147AE
7FF9C28F6
000000000
000000000
7FFD9999A
000000000
000000000
000000000
000000000
000000000
7FCE8F5C2
000000000
000000000
7FFDD70A4
7FEA66666
7FF75C290
7FFDD70A4
7FF7D70A4
000000000
7FFE147AE
7FEFEB852
7FFECCCCD
000000000
7FEA66666
000000000
7FEB5C28F
7FFCA3D71
7FFAF5C29
7FFE8F5C3
000000000
000D33333
000000000
000866666
7FF628F5D
000000000
7FFD9999A
7FE428F5C
7FFD9999A
000000000
7FF0E147B
7FF5AE148
000000000
7FF628F5D
7FF2CCCCC
000000000
7FFBEB852
000000000
000000000
000000000
7FFAF5C29
000000000
000000000
7FFE8F5C3
000000000
7FFECCCCD
7FF75C28F
7FF5AE148
7FDD70A3E
0006F5C29
000000000
001051EB8
0001EB852
000000000
000000000
000000000
000A8F5C2
7FFECCCCD
0004147AF
7FFF851EC
7FFC66667
7FE200000
000000000
7FEB1EB86
7FE3AE147
000000000
000000000
7FFECCCCD
000000000
000000000
000000000
000000000
7FDE66667
7F9BAE147
00031EB85
7FFECCCCD
000000000
000170A3D
000000000
7FE428F5C
000000000
7FE9AE148
0005C28F6
7FFA7AE15
000000000
7FF75C290
7FCAB851E
7FFECCCCD
7FF628F5C
7FF6A3D71
000000000
000000000
000000000
000000000
000000000
7FE9AE148
000000000
000000000
000000000
000000000
7FEFAE148
000000000
000000000
000000000
000000000
000000000
7FF79999A
000000000
000000000
7FFECCCCD
000000000
000000000
000000000
000000000
000000000
000000000
7FFE8F5C3
7FEAA3D71
7FFA3D70A
7FA1AE148
7F8A28F5C
000000000
7FF4B851F
7FF947AE1
7FF90A3D7
7FD07AE16
7FFD5C290
7FE4E147B
7FF851EB8
7FA6F5C29
7FC90A3D9
7FA8E147B
002400001
7FF2CCCCE
7FD228F5C
7FFE147AE
000600000
7FFC28F5C
000000000
000133333
7FF2147AF
7FFF851EB
000000000
7FFECCCCD
0010147AE
7FA4147AE
7FFA3D70A
001333333
000000000
00003D70B
7FE747AE2
7FDFD70A4
0005C28F6
7FD451EB8
7FFA3D70A
7FFD5C28F
00007AE14
7FFCA3D71
000133333
7FFD9999A
7FFAB851F
7FF799998
000A8F5C3
000000000
7FD733334
7FE4E147B
7FF1D70A4
7FEAE147A
7FEF70A3D
0004CCCCD
7FFECCCCD
000170A3D
000000000
0004147AE
002DD70A6
0000F5C29
000000000
000000000
0004147AE
000000000
7FEEB851F
7FF666667
7FD1AE148
7FCE147AE
000000000
001200000
7FF71EB85
000000000
000D70A3D
000000000
0015D70A5
00039999A
7FEFEB852
000000000
000170A3D
7FAE66667
7FE87AE15
001EF5C27
7FE0147AC
7FE08F5C3
000451EB9
7FFD5C28F
0006F5C29
000000000
000000000
7FFDD70A4
000000000
001E00000
7FD95C28F
7FFF851ED
00108F5C3
7FEEF5C2A
7FECCCCCC
7FBE7AE13
7FA5851EB
7FFFC28F6
000000000
7FA03D70A
7FFB33333
7FF90A3D7
7FF347AE1
7FE200000
7FE651EB7
7FFD1EB85
7FF9C28F5
7FFDD70A4
7FEE3D70B
0001AE148
000000000
7FE147AE2
000000000
0067EB852
7FCBAE148
0002E147B
7FF066666
7FFE51EB8
7FFECCCCD
7FF71EB85
7FE599999
7FF15C28F
7FF2CCCCD
000000000
000000000
7FE8B851F
7FA733333
00063D70B
00099999A
00108F5C3
001800001
7FF347AE0
000D33333
7FC75C290
7FC75C28F
7FECCCCCC
000000000
7FE1FFFFF
7FFD9999A
0001AE148
000000000
001EB851F
7FF79999A
7FF15C290
7FFC66666
000451EB7
000BC28F6
000228F5C
7FFECCCCD
7FF8147AF
000170A3D
7FA170A3D
7FCCE147B
000000000
000000000
7FF30A3D7
0006F5C29
7FF4B851F
7FFDD70A4
7FFE51EB8
7FF5AE147
7FFCE147B
000000000
7FDACCCCD
7FFD5C28F
7FBA28F5C
00067AE14
000000000
7FF947AE2
000000000
000000000
7FEC8F5C3
7FE6147AE
7FFC66666
7FA07AE14
7FE4E147B
7FFB33333
7F947AE15
000000000
7FF4B851F
7FA50A3D8
7FFA7AE14
7FAA51EB8
7FE10A3D7
000000000
000000000
7FFFC28F6
000000000
7FE8F5C29
000000000
000770A3E
7FF88F5C2
000000000
0001AE148
00035C28F
7FFE8F5C3
7FFBAE148
7FFE51EB8
7FFCE147B
001D851EB
000266666
0027D70A4
7FE6147AF
7FFA7AE15
001370A3D
000000000
7FDF9999A
000000000
0001EB852
000000000
7FF947AE1
000000000
000000000
7FF947AE1
000DEB852
000000000
7FAD70A3D
004651EB9
000228F5C
0012B851F
7FF3C28F6
7FEEB851F
7FFD1EB85
7FFE147AE
000000000
00067AE14
000170A3D
7FEFEB852
000000000
7FFE51EB8
7FFDD70A4
000EE147B
7F8E00000
000000000
000000000
000000000
7FFB70A3E
7FFB33333
000000000
7F9D1EB84
0002E147B
7FE23D709
0003D70A4
7FCD9999A
7FE87AE15
7FE651EB8
000000000
7FCA7AE14
7FE7C28F6
7FFBEB852
7FFCA3D71
000000000
7FFE51EB8
00031EB85
000000000
00110A3D7
7FFDD70A4
7FFECCCCD
000228F5C
0018B851F
7FFD5C290
000000000
000000000
000000000
000000000
000000000
000B47AE2
000000000
7FE147AE2
000170A3D
000000000
7FCCA3D71
000828F5C
00063D70A
7FFC28F5C
7FF8CCCCD
000000000
7FA0B851E
0000B851F
7FD7AE148
000000000
000000000
7FE800000
7FFCE147B
7FE370A3D
000000000
7FFC28F5C
0008A3D71
7FE466666
7FFA3D70A
000000000
000000000
7FFCE147B
000000000
7FF47AE14
000000000
000133333
7FE6147AE
7FFD1EB85
000000000
000000000
001C51EB9
7FE333333
7FFBAE148
7FD133334
7FE08F5C3
000000000
000000000
7FFA00000
7FE7851EC
7FEF33333
7FF3851EC
000000000
000000000
7FFBAE148
7FFD5C290
002D9999A
000000000
000000000
000000000
000000000
000000000
000000000
0004147AE
7F448F5C4
7FFF0A3D8
0008E147C
7FF7D70A4
0007AE148
7FF666666
7FF11EB85
000000000
7FFB33333
7FE333333
7FD03D70A
7FFBEB852
7FEEF5C29
000000000
000000000
000000000
7FF47AE15
7FBE00000
000000000
7FF251EB8
7FEBD70A4
00050A3D7
7FFC28F5C
7FF75C290
7FF79999A
7FD6F5C28
7FF9851EA
00095C28F
0001AE148
0006B851F
000000000
7FEE00000
0004147AE
7FD7EB852
000000000
7FFCE147B
000133334
7FFCA3D71
000000000
7FC9851EC
000000000
002D5C290
7FFA7AE14
002C28F5C
000547AE2
0001EB852
000000000
7FFECCCCD
7FFBAE148
00007AE14
7FF1D70A3
7FEAE147A
7FFCE147B
7FEF33334
7FE51EB85
0011851ED
000000000
7FE23D70A
004370A3D
7FFA3D70A
7FEE7AE14
000000000
7FFF851EC
7FFCE147B
7FC947AE1
0003D70A4
001B99999
0016CCCCC
7FFD5C28F
7FFE8F5C3
7FFECCCCD
7FBA28F5C
7FFD1EB85
003CB8520
7FE10A3D7
0011C28F5
7FFECCCCD
000000000
0012B851F
7FFAF5C29
7FF71EB85
000000000
7FF88F5C2
000000000
7FFECCCCD
7FD866666
000451EB9
000866667
7FFD5C290
00451EB86
7FF5AE148
7FF19999A
000000000
7FE747AE2
7FF9851EB
7FFA3D70A
7FF79999A
000000000
7FE08F5C3
0002E147B
7FE4A3D71
000000000
7FE1C28F6
00048F5C2
7FF5EB852
000000000
7FB8F5C29
000828F5D
000399999
7FE466666
000000000
000000000
7FFD9999A
7FFCE147B
000000000
7FFECCCCD
000170A3D
000000000
7FFFC28F6
000000000
7FF570A3D
7FFE147AE
000000000
000000000
7FFE8F5C3
7FFA7AE15
7FE333333
7FC3851EB
7FFECCCCD
0000F5C29
7FFE8F5C2
7FCDD70A4
7FD600000
000000000
7FFECCCCD
000000000
7FF4B851F
000000000
7FF79999A
7FFE147AE
7FEE00000
7FDA8F5C4
7FF851EB9
000000000
000000000
7FFD1EB85
0002A3D71
7FFECCCCD
0040147AE
7FE200000
7FAD33334
000000000
000228F5C
000000000
000000000
00067AE15
000000000
000000000
7FF066666
7FE7C28F6
000000000
000000000
000DEB852
000000000
7FF851EB9
000000000
7FFA3D70A
000000000
00035C28F
000000000
7FF0A3D70
7FEDC28F7
7FFAB851F
000000000
7FF6A3D71
00003D70A
7FF851EB9
000000000
7FFECCCCD
000000000
000000000
000000000
7FFBAE148
7FD03D70A
7FA8E147B
7FEB9999A
000000000
7FFC28F5D
7FF947AE1
000547AE2
0001AE148
7FEF33333
000000000
000000000
7FDBC28F6
000000000
7FFB33333
001E7AE15
000B47AE2
0004CCCCD
7FBC147AE
7FFDD70A4
000000000
000000000
7FD9D70A4
0001AE148
7FFE51EB8
7FF5EB852
001333333
7FFECCCCD
7FED851EB
000000000
00035C28F
7FF251EB9
7FF3851EC
000000000
00003D70A
001970A3D
7FF3851EC
7FFB70A3D
000000000
000000000
7FDC7AE14
00031EB86
000170A3D
00187AE15
7FF1D70A4
7FFC66667
000000000
7F510A3D7
000133333
7FFD1EB85
000000000
7FE6CCCCC
000866666
000000000
7FE370A3D
000000000
000000000
000000000
7FFE51EB8
000000000
7FFB70A3D
7FF851EB8
000000000
000000000
7FFE147AE
000000000
0004147AE
000170A3D
000B0A3D7
7FFD5C28F
7FFD99999
7FDD33333
000000000
000000000
7FF9851EB
000133333
000000000
000000000
000000000
0002A3D71
7FF5EB851
7FEDC28F6
7FDD33333
7FFE8F5C3
000170A3D
000170A3D
0001EB852
000000000
000000000
7FF9FFFFF
000000000
7FFE51EB8
000600000
7FE8F5C29
7FFE147AE
7FFB33333
000000000
7FFC28F5C
7FFE147AE
7FFE8F5C3
000000000
000000000
7FFB70A3E
7FFCE147B
7FD733333
000000000
000000000
000000000
7FF88F5C3
7FFD9999A
000133333
7FFBAE148
7FF6A3D71
7FEEF5C29
7FEE3D70A
00031EB85
000000000
0001EB852
7FFB33333
000000000
000000000
0002E147B
000000000
7FF400000
7FE200001
00035C28F
000000000
000000000
7FE933334
000000000
7FEC147AF
7FFF47AE1
7FEFAE149
000133333
002347AE1
7FCAF5C29
000547AE2
7FF75C28F
7FFBAE148
7FF947AE1
7FD170A3D
7FBB1EB84
7FFE51EB8
000000000
7FFECCCCD
000000000
7FF199999
7FED47AE2
7FD95C28F
00035C28F
7FF570A3D
000000000
7FFD1EB85
7FEF33333
7FFD5C290
7FF3C28F6
7FF90A3D7
000866667
7FFAB851F
000000000
000000000
001A66667
7FEAA3D70
7FFAF5C29
7FFCE147B
7FFECCCCD
000000000
7FFF0A3D7
000000000
000000000
000000000
001D851EC
000000000
7FCB70A3D
7FEFEB851
0004147AE
00063D70A
000000000
7FF0A3D70
000228F5D
000000000
00050A3D7
7FE7C28F6
7FF251EB8
7FE83D70A
000000000
7FFECCCCD
7FFFC28F6
000000000
000000000
000000000
000000000
000000000
7FBF33333
000000000
000B0A3D7
000266666
000000000
7FF628F5C
7FFE51EB8
000170A3D
000000000
00035C28F
7FFE51EB8
7FF628F5D
7FEB5C28F
000000000
7FFA00000
7FEC51EB8
7FEDC28F6
7FF8CCCCD
000000000
0001AE148
000000000
7FFCA3D71
7FF5AE148
000000000
7FE800001
7FFA7AE15
00108F5C3
000000000
7FFA3D70A
000133333
000000000
7FF5EB852
7FDBC28F6
000000000
7FE83D70A
7FF3C28F6
7FFBEB851
7FF0E147B
000000000
000000000
7FFD5C290
000000000
7FF533334
0001AE148
000000000
7FF400000
000000000
7FFE8F5C3
000000000
00035C28F
7FFC28F5C
7FFECCCCD
7FBB5C290
000000000
7FFCE147A
0004147AE
7FE333333
7FFF0A3D7
000399999
000000000
000170A3D
7FED47AE1
0002A3D71
7FFAF5C29
0003D70A4
7FF9C28F6
7FF7D70A3
000000000
7FE59999A
7FF8CCCCD
000ACCCCD
7FE4E147C
7FF666667
000000000
000000000
7FF533333
000000000
7FFD9999A
000000000
00003D70A
7FF9C28F5
000000000
000000000
000000000
000000000
000F5C290
000000000
7FDEE147C
7FEFAE148
000000000
000000000
0001AE148
7FDB851EC
000000000
000000000
000000000
7FFDD70A4
001FEB852
000000000
7FD63D70B
7FF90A3D7
7FF851EBA
0006B851F
0005FFFFF
0004147AE
7FF90A3D7
000000000
7FFD5C28F
7FFD9999A
000000000
7FFAF5C29
7FF2CCCCD
0001EB852
0008E147B
7FFD5C28F
000000000
0004CCCCC
7FF5EB852
000000000
7FF3C28F6
7FFA00000
000000000
0001AE148
000000000
7FEF70A3E
000000000
7FE59999A
7FFE147AE
7FFD1EB85
000000000
7FFD1EB85
7FF1D70A3
7FFD9999A
00039999A
00035C290
7FDC00001
000000000
000000000
000000000
7FF199999
7FFECCCCD
7FDB0A3D7
7FF028F5B
000000000
000000000
7FCC66667
7FFF47AE2
7FF11EB85
7FFF851EB
000000000
0006F5C29
000000000
7FFD9999A
000000000
000000000
7FFA7AE14
7FFD9999A
000000000
7FD95C28E
7FE0147AE
000000000
000000000
002AB851F
7FF79999A
000000000
7FFE51EB8
7FFD1EB85
001CCCCCD
000000000
7FE4E147B
000000000
7FE7C28F5
7FC90A3D7
000000000
7FFD1EB85
7FED47AE2
7FFA00000
7FF028F5D
7FED851EC
7FF11EB86
000000000
000000000
000000000
00007AE14
7FED47AE1
001333333
000000000
0034CCCCD
000000000
7FFE147AE
000000000
000000000
7FF0A3D70
000000000
7FE7C28F5
000000000
000000000
7FF199999
7FEC147AE
7FF9C28F6
000000000
00048F5C3
7FFF0A3D8
7FED47AE1
000170A3D
7FF251EB8
7FEC147AE
000000000
7FFD1EB85
000770A3D
7FF88F5C3
7FFD1EB85
0002E147B
7FFECCCCD
000000000
0001EB852
7FB599999
7FF30A3D8
0001AE148
000000000
000000000
7FF3C28F6
7FFBEB852
7FFECCCCD
7FF9C28F6
7FFE8F5C3
000000000
7FF71EB85
7FFE147AE
000000000
7FEB9999A
000000000
7FFE147AE
7FEFAE148
000000000
00110A3D7
0006B851F
00035C290
7FD1AE148
0002A3D70
7FF75C28F
000000000
7FCC66667
7FFFC28F5
000000000
000000000
000000000
000000000
7FF79999B
7FFAB851F
7FE3AE147
7FDE28F5C
000000000
7FFDD70A4
000000000
7FFB33333
7FFECCCCD
7FFE8F5C2
000133333
7FF4F5C29
7FDDEB852
001E00000
000000000
000770A3D
000000000
000000000
000000000
7FFBEB852
000000000
000600000
00099999A
000000000
7FE1851EC
7FF666666
00095C28F
000000000
7FD547AE1
000000000
0006B851F
7FF30A3D7
7FF28F5C2
7FDFD70A3
000000000
000000000
00031EB85
000000000
000000000
7FEF33333
7FFAF5C29
000000000
7FFE51EB8
000000000
7FF5EB852
7FFF851EB
7FE7851EC
7FDCF5C29
7FFECCCCD
0002A3D71
7FF6E147B
7FDC00001
000133333
7FD3D70A4
7FF7D70A4
7FFE51EB8
000000000
000000000
000000000
7FFDD70A4
7FED0A3D7
000000000
7FF066667
000000000
000000000
7FFE147AE
0002A3D71
000770A3D
7FEF33334
000000000
7FECCCCCD
7FF88F5C3
7FFC66666
7FD99999A
7FF851EB8
000000000
000228F5C
000000000
000000000
000000000
7FFECCCCD
7FEAE147B
000000000
7FF666666
7FFCE147B
7FFBEB852
000000000
7FB933333
000866666
7FECCCCCD
7FF71EB85
000000000
7FB051EB9
7FF400000
000000000
7FF8147AE
000000000
000000000
00003D70B
000000000
7FF347AE2
001747AE1
000000000
000000000
000000000
7FFBAE148
000000000
7FFCA3D71
000000000
000000000
000000000
000000000
7FF15C28F
7FE6CCCCD
000000000
000000000
7FF8CCCCD
7FFE8F5C3
7FFC28F5C
7FF3C28F6
000000000
7FFCA3D71
000000000
000000000
7FED0A3D7
000000000
000000000
000133333
7FE051EB9
7FFB70A3D
7FFE8F5C3
7FF5AE148
000C3D70A
00050A3D7
000000000
7FFF47AE1
7FFE51EB8
0004147AE
000000000
000000000
7FFD9999A
0001AE147
000000000
00007AE15
7FECCCCCD
000000000
000000000
000000000
7FFB33334
000000000
7FF88F5C3
7FFE147AF
7FE147AE1
00007AE14
7FF6A3D71
000000000
000000000
7FFE8F5C3
7FED0A3D7
7FFE8F5C3
7FFE51EB8
000000000
000000000
000000000
7FFECCCCD
000000000
7FFBAE148
000000000
7FFBAE148
001200000
0018B851F
000133333
7FF066666
000000000
000000000
000000000
000000000
7FF7D70A4
00031EB86
7FF15C28F
000266666
7FFE147AE
000170A3D
001F33334
7FFECCCCD
7FE747AE2
000000000
7FFE8F5C3
000000000
7FFDD70A4
7FF3851EC
7FF79999A
000000000
000000000
7FFC66666
000000000
000000000
000000000
7FFBAE148
7FFE147AE
7FED851EB
7FF7D70A4
7FF3851EC
7FF43D70A
000000000
000000000
000000000
7FFF47AE1
7FFD5C28F
7F8A66666
7FFB33333
7FFFC28F5
7FFF851EC
7FFBAE148
000000000
00003D70A
7FFBEB852
000000000
7FB87AE14
000000000
7FF066667
7FE7C28F6
7FF0A3D70
000000000
000547AE1
7FFDD70A4
000000000
0001AE148
7FFB70A3E
000000000
000000000
000000000
00050A3D7
7FF71EB85
7FFF851EC
7FFE51EB8
00063D70A
7FFCA3D71
7FF947AE2
7FFB70A3D
7FF851EB8
001AE147A
000000000
000000000
000000000
7FE7851EC
000170A3D
000000000
000000000
000000000
000000000
7FF30A3D7
00155C290
0000B851F
000000000
7FFE147AE
7FBFEB852
0000F5C29
7FF19999A
000000000
000000000
000000000
0004CCCCD
7FFE147AE
7FD95C290
000000000
7FF851EB8
000000000
000000000
000000000
000000000
7FF9851EC
7FEB9999A
000000000
000600000
00035C28F
000000000
7FF5AE148
7FFE51EB8
000000000
000000000
7FFA7AE14
7FFD5C28F
000000000
000000000
000000000
7FF90A3D7
000000000
0001AE148
000000000
000000000
000266666
7FEF70A3E
000266666
000000000
000000000
7FF5AE148
7FFE8F5C3
7FF570A3D
000000000
7FE9EB852
7FF4F5C2A
7FFDD70A4
0006F5C2A
7FF90A3D7
7FF6A3D71
000000000
7FF9851EB
7FED0A3D7
000000000
000000000
000000000
7FFC66666
000000000
000266666
7FFECCCCD
0003D70A4
000000000
000170A3D
000000000
000000000
000000000
7FFE8F5C3
7FF88F5C3
7FFC66666
7FF851EB8
7FED851EC
7FFECCCCD
000000000
7FEE7AE14
7FE7851EB
7FEFEB852
7FFECCCCD
000000000
000000000
000000000
7FFD1EB85
0005C28F6
7FAB0A3D8
00031EB85
7FF1D70A5
7FFD5C28F
7FFD5C28F
7FFAF5C29
000000000
7FF2CCCCD
7FFCA3D71
7FFD9999A
0002E147B
7FFCA3D71
7FFCE147B
000000000
7FE800000
7FF8147AE
000000000
000000000
7FFE51EB8
7FF9C28F6
7FF666667
000000000
7FFDD70A4
7FF570A3E
000000000
7FF43D70B
7FE5D70A4
000000000
000000000
7FEDC28F6
000000000
000000000
7FED47AE2
7FFE8F5C3
000000000
000000000
7FF7D70A4
7FF666666
7FF3851EC
000000000
7FFBEB852
7FEC51EB8
000000000
7FFDD70A4
7FFECCCCD
7FF9851EC
7FF71EB85
7FFD1EB86
7FFA7AE14
000000000
000000000
7FF028F5D
7FFECCCCD
00039999A
0002A3D71
000000000
0002E147A
000170A3E
0001AE148
000000000
000000000
0005851EC
0006F5C29
7FF947AE2
000000000
000000000
7FF799999
7FF2147AE
7FFC28F5C
7FE59999A
000000000
7FFD9999A
000000000
000000000
000000000
000000000
000000000
000000000
7FFC66667
7FF4F5C29
000000000
000133333
000733333
7FFDD70A4
7FEE7AE14
7FF6A3D71
7FFA7AE14
000000000
001200000
000000000
0007AE148
7FF628F5C
7FE3AE148
000000000
000000000
00048F5C2
7FF75C28F
7FFE147AE
000000000
000000000
000000000
000000000
000000000
7FF79999B
0002E147B
7FFC28F5D
7FDDAE147
0008E147B
000000000
000000000
000000000
7FFD9999A
000000000
0007EB853
7FFBAE148
000000000
000000000
00003D70A
000000000
7FFD5C290
7FFE8F5C3
000000000
000000000
000000000
000000000
000000000
000000000
7FEEB851F
00035C28F
000000000
7FF666666
000228F5C
000000000
004599999
000000000
000000000
000000000
000000000
0009D70A4
7FFD9999A
000000000
000000000
000000000
7FF6A3D71
7FFA3D70A
7FFC28F5C
7FF90A3D7
0001EB852
0002A3D71
7FF71EB85
000000000
000000000
000000000
000000000
000000000
000000000
7FECCCCCD
000000000
000000000
000000000
000000000
000000000
000000000
7FFA00000
7FFE51EB8
000000000
000000000
000000000
7FF666666
000000000
000000000
000000000
7FEC51EB8
7FFB70A3D
000133333
00035C28F
7FE200000
7FF19999A
000000000
000000000
7FF9851EC
000000000
000000000
7FFD9999A
000828F5C
7FEEF5C29
000000000
7FFD9999A
000000000
000000000
7FF666666
0001AE148
7FF47AE14
7FFA3D70A
7FC6E147B
7FF79999A
000133333
000000000
000000000
7FF1D70A4
7FF43D70A
7FEE00001
000000000
000000000
000000000
000000000
000000000
000000000
00168F5C2
000000000
000000000
7FD99999A
000000000
7FF4F5C29
000000000
000000000
7FDB0A3D6
7FFDD70A4
000000000
7FF3851EC
7FFE147AF
000000000
000000000
000000000
7FE800000
7FEEF5C28
7FF400000
7FFDD70A4
7FFECCCCD
000266666
000000000
7FB7FFFFF
7FFAF5C29
7FFCE147B
000000000
000000000
7FFD9999A
7FF9C28F6
000000000
0004147AE
000000000
000000000
000000000
7FF90A3D7
7FD99999A
7FFC28F5C
7FFB33333
000000000
000000000
000000000
000000000
7FF4B851E
000000000
000000000
00039999A
7FFE147AE
000000000
000000000
000000000
000000000
0005851EC
000000000
000EA3D71
000000000
7FECCCCCD
0000F5C29
000000000
000000000
7FF5AE147
7FF2147AF
7FF251EB9
000000000
000000000
7FF19999A
000600000
000266666
7FFECCCCD
000000000
000000000
000000000
000000000
7FF6E147A
0020E147B
000000000
7FFE8F5C3
000000000
000000000
000000000
7FFCE147B
000000000
000000000
000000000
7FFE8F5C3
000000000
7FF251EB8
7FFECCCCD
7FE7FFFFF
000000000
000000000
000000000
000000000
7FFBAE148
000000000
7FF0E147B
7FFE147AE
000000000
000133333
000000000
000000000
000000000
7FEC51EB9
000000000
7FFAB851F
7FEDC28F5
000000000
000000000
7FFAB851F
7FFC66666
000547AE1
7FFD5C28F
000000000
000000000
000000000
000000000
7FF19999A
7FECCCCCD
7FE651EB8
7FF6E147B
00007AE15
7FECCCCCD
7FFBAE148
000000000
7FF79999A
000000000
7FEEB851F
7FF47AE15
7FFCE147B
000000000
7FFA00000
7FF851EB8
7FDB47AE1
7FFD1EB85
7FF9C28F6
000000000
000000000
000000000
000000000
7FD50A3D7
7FFD1EB85
7FD99999A
7FF15C290
7FEFEB852
000000000
000000000
7FFE147AE
000000000
000000000
7FF79999A
7FFD5C28F
000000000
7FF6E147B
000000000
000000000
7FFB33334
7FFA3D70A
7FFA00000
000000000
7FFDD70A4
000000000
7FFCA3D71
7FF0E147B
7FF533334
7FFCA3D71
7FFE8F5C3
000000000
7FFE8F5C3
7FFE51EB8
000000000
000000000
7FFF851EB
000000000
7FFD5C290
000000000
000000000
000547AE1
000000000
7FFE51EB8
7FFB70A3E
0001AE148
7FFCE147B
7FD451EB8
7FF0E147B
000000000
000000000
0007EB852
7FF75C28F
7FF347AE1
000000000
000000000
00031EB85
7FFD1EB85
7FF5EB852
000228F5C
7FF43D70A
7FF0A3D70
00003D70A
000000000
7FF5EB852
7FF251EB8
000000000
0008E147B
7FF15C290
000000000
7FFECCCCD
7FFECCCCD
7FF9C28F5
7FEB5C28F
000000000
000000000
000000000
7FFBEB852
000000000
7FFC28F5C
7FE0CCCCD
7FFCA3D71
7FFECCCCD
7FF19999A
000000000
000000000
7FFD1EB85
000000000
7FFD1EB85
000000000
000EA3D71
000000000
000000000
000000000
000000000
000000000
7FFD5C290
7FF47AE15
000000000
000000000
7FFBAE148
7FE933333
000000000
000000000
000000000
7FB5D70A4
7FF28F5C3
7FFECCCCD
000000000
7FFCA3D71
7FEA28F5C
000000000
7FFD1EB85
7FECCCCCD
7FFF47AE2
000000000
000000000
7FF533333
000000000
7FFB70A3D
000133333
000000000
7FF2147AE
000000000
7FF251EB8
7FF90A3D8
7FFD9999A
000000000
000000000
7FFBAE148
7FFECCCCD
7FC1D70A4
7FE68F5C2
000000000
0003D70A4
000000000
7FFECCCCD
7FFBEB852
000000000
000000000
7FFC66666
7FFBEB852
000000000
0001AE148
7FF28F5C2
7FF4B851E
000000000
000170A3D
000000000
7FEEB851F
000C00000
000000000
000000000
000000000
7FFDD70A4
7FEF33333
7FFE51EB8
000000000
7FF1D70A4
7FFE51EB8
7FF347AE1
7FFBAE148
000000000
0005851EB
7FEB9999A
00243D70B
7FFE147AE
7FFB33334
00039999A
000000000
000000000
000000000
000000000
000000000
7FFE147AE
7FFECCCCD
7FFD1EB85
7FFAF5C29
000000000
7FFBEB852
7FFA7AE14
7FFE8F5C3
7FF5EB852
7FF30A3D7
000000000
000000000
7FFECCCCD
7FF4F5C29
7FF0A3D71
7FF79999A
000000000
000000000
7FD95C290
000000000
7FFDD70A4
7FFDD70A4
7FEB9999A
000000000
000000000
7FFE8F5C2
000000000
7FF5AE148
7FFE8F5C3
0007EB851
000000000
000000000
0002A3D71
7FFAB851F
7FFE147AE
000000000
7FFECCCCD
000000000
7FFAF5C29
000000000
000000000
000000000
000000000
000C3D70A
7FFB33333
000000000
7FFECCCCD
7FF15C28F
7FE1C28F7
000547AE2
7FFA3D70A
7FE333333
000000000
000000000
7FFBAE148
7FFAB851F
000000000
000000000
7FFFC28F6
000000000
000000000
7FFD5C290
000000000
000000000
000000000
7FFECCCCD
7FFE8F5C3
7FFECCCCD
000000000
7FFCA3D71
000000000
7FFD9999A
000000000
000000000
000000000
7FFCE147B
7FFFC28F6
000000000
7FFECCCCD
7FEDFFFFF
7FDEE147B
7FDCF5C29
7FFA3D70A
000000000
7FFECCCCD
000547AE1
7FF666666
000000000
000000000
000000000
000000000
7FFE51EB8
000000000
000000000
000000000
000170A3D
0002A3D71
0001AE148
7FDB47AE1
7FFE51EB8
7FF88F5C2
0001AE148
7FFC66666
000000000
7FFE51EB8
000000000
7FFAF5C29
7FF347AE1
000000000
7FFAF5C29
7FCF0A3D7
000000000
000000000
000000000
7FF0A3D70
7FFD1EB85
000000000
000000000
7FFAB851E
7FF71EB85
7FF0E147B
7FF5AE148
7FFA7AE14
000000000
000000000
7FFB33333
000000000
000000000
000000000
7FF75C28F
000000000
000000000
000000000
7FFE51EB8
000000000
7FFCA3D71
7FF7D70A4
000000000
7FF570A3D
000000000
000000000
7FF6E147A
000000000
000000000
000133333
000000000
000000000
000000000
000266667
000000000
7FEF70A3D
000000000
000000000
000000000
0006F5C29
7FF347AE2
000000000
00007AE14
7FF2147AE
7FFF851EB
7FFECCCCD
000A51EB8
7FF400000
000000000
000000000
000000000
000000000
000000000
000000000
000000000
7FFE51EB8
000000000
0001AE147
7FFCA3D71
000000000
7FF3C28F6
000000000
000000000
000000000
000000000
7FFBAE148
7FF4F5C29
7FF628F5D
7FFDD70A3
7FDA51EB8
7FEB9999A
7FE08F5C3
000000000
7FE6147AE
00048F5C3
000000000
000000000
7FEE7AE14
000000000
7FFBAE148
000000000
000000000
7FFCE147B
7FFAF5C29
7FFD1EB85
000000000
7FFECCCCD
7FF30A3D6
000000000
7FF6A3D71
000000000
000000000
7FFAF5C29
000000000
7FC43D70A
000000000
000B47AE1
7FF9C28F6
000000000
000000000
7FFAB851F
7FFE147AE
000000000
7FFD5C28F
7FF6A3D71
7FFE8F5C3
000000000
7FF851EB9
7FF347AE1
000000000
7FFDD70A4
000000000
7FFE51EB8
000000000
7FE7851EB
7FFE8F5C3
7FFE8F5C3
000000000
000000000
7FFD5C290
7FFC66666
7FFD9999A
000000000
7FFBEB852
7FFB70A3D
7FF3C28F5
7FF947AE1
7FFD5C28F
000000000
000000000
7FFD5C28F
000000000
7FFD9999A
000000000
000000000
0000B851F
000000000
000000000
7FF71EB86
000000000
7FF5AE148
000266666
7FF6A3D71
7FF1D70A4
000000000
000000000
000000000
000000000
000228F5C
7FFE147AE
000000000
000000000
7FFECCCCD
000451EB8
000000000
000000000
7FFC28F5C
7FFAF5C29
7FF30A3D7
7FFE51EB8
000000000
000EE147B
000000000
00035C28F
7FFD5C28F
7FFD5C28F
7FFE147AE
7FFE8F5C3
000000000
7FEC51EB8
000451EB8
7FFDD70A4
7FFAF5C29
7FFBEB852
7FF666666
7FF570A3D
000000000
7FFE8F5C3
7FFB70A3D
7FFE147AE
000000000
000000000
7FFCA3D71
000000000
000000000
000000000
000000000
000000000
000000000
000000000
7FFECCCCD
7FF6E147B
7FDF9999A
7FFE147AE
000000000
7FFE8F5C3
000000000
7FF0E147A
000000000
7FFD5C28F
7FFBAE148
7FEDC28F6
000000000
7FFD9999A
000000000
0003D70A4
7FE08F5C3
000000000
7FF9851EB
7FFC66667
7FF851EB8
000000000
00063D70A
000266666
7FF1D70A4
0004147AE
7FFDD70A4
7FFE51EB8
7FFECCCCD
7FF628F5C
000000000
7FE970A3D
000000000
000000000
000000000
000000000
000000000
000000000
000000000
7FFCA3D71
0003D70A4
7FFDD70A4
7FDDEB851
000000000
000000000
000000000
000000000
000000000
7FE9EB852
7FC2CCCCD
7FF347AE1
7FFE8F5C3
7FFFC28F6
7FF1D70A3
000000000
000000000
000000000
7FE9AE147
7FFD1EB85
7FF851EB8
7FFECCCCD
000000000
7FFECCCCD
000000000
7FF6E147B
7FFA3D70A
7FF90A3D8
7FF4F5C29
7FF9C28F6
7FCAF5C29
000000000
000000000
7FFD5C290
00048F5C3
000170A3D
000000000
000000000
000000000
000000000
7FFE8F5C3
0002E147B
7FFCE147B
000000000
7FAC7AE15
000000000
7FDEA3D71
000228F5C
7FF533333
000000000
000000000
000000000
000000000
0001AE148
000000000
7FFE51EB8
000000000
000000000
0005C28F6
000000000
7FF851EB8
7FF199999
000000000
000000000
000000000
000000000
000000000
000000000
7FE70A3D8
000000000
7FCCE147B
000000000
7FFE8F5C3
7FFD1EB85
0002E147B
000000000
7FFD1EB85
000000000
000000000
000000000
7FFE147AE
7FFCE147B
7FFC66666
000000000
7FF9C28F6
000000000
7FF79999A
7FD67AE15
000BC28F6
7FF6E147B
7FFA00000
000000000
000000000
7FF347AE1
7FFE8F5C3
000000000
000000000
7FF9851EB
7FE2F5C29
000000000
000000000
000000000
7FFE51EB8
7FFAB851F
7FFECCCCD
7FFE51EB8
000000000
7FFDD70A4
7FF0E147B
000000000
000000000
000000000
7FFECCCCD
000000000
7FFDD70A4
000000000
000000000
000000000
000000000
7FD733334
7FEFEB852
7FF533334
7FFDD70A4
7FFD5C28F
7FF851EB9
7FF4B851E
7FF88F5C3
000000000
7FFB33333
000000000
000000000
000000000
7FFE147AE
7FEB5C28F
000000000
0001AE148
7FFA3D70A
000000000
7FF90A3D7
7FFC28F5C
7FFCA3D71
7FFE51EB8
7FFC66666
7FFB70A3D
7FF9851EC
7FFE147AE
000000000
7FF47AE14
000000000
000000000
7FFE147AE
7FFD9999A
000000000
7FD8E147B
7FFECCCCD
000000000
000000000
7FFB70A3E
000000000
000000000
7FFB33333
000000000
000000000
7FFBEB852
000000000
7FF570A3E
000000000
000000000
000000000
7FF570A3E
000000000
7FFE147AE
7FFECCCCD
7FFECCCCD
7FFECCCCD
7FFECCCCD
000000000
000000000
7FFE147AE
000000000
000133333
000228F5C
7FD6B851F
7FFE147AE
000000000
0002A3D71
7FF8CCCCC
000000000
7FFBEB852
7FFECCCCD
7FF851EB8
7FFC28F5D
7FE2B851F
000000000
000000000
000000000
000170A3D
000000000
000000000
7FF71EB85
7FDC7AE15
7FFDD70A4
000000000
7FFAB851E
000000000
7FF4B851F
7FFE147AE
7FFA00001
7FF400000
000000000
7FFECCCCD
000000000
7FF5EB852
000000000
000000000
000000000
000000000
7FFE8F5C3
000000000
7FFB70A3E
7FFE147AE
7FFDD70A4
000000000
7FFB33333
7FFC28F5C
7FFD5C28F
7FF5EB852
000000000
000000000
000000000
000000000
000000000
000000000
000000000
7FFB33333
000000000
7FFB33333
7FD4147AE
7FD170A3D
000000000
000000000
000000000
7FF43D70A
7FFE147AE
000000000
000000000
7FFDD70A4
000000000
000000000
7FE4E147A
000000000
7FFCA3D71
7FFA7AE14
7FF71EB85
000000000
000000000
000000000
000133333
7FFBEB852
000000000
7FF5AE148
7FFBAE147
000000000
000000000
7FFE8F5C3
7FF799999
000000000
000000000
7FF43D70A
000000000
7FFAF5C29
7FFD5C290
7FE970A3E
7FFD5C28F
000000000
000000000
7FFC66666
7FFE51EB8
000000000
7FFBEB852
00003D70B
000000000
000000000
000000000
000000000
000000000
7FF9C28F6
000000000
000000000
000000000
7FFCA3D71
7FFE51EB8
7FFD5C290
000000000
7FDBC28F5
000000000
7FF79999A
000000000
000000000
7FFD1EB85
000000000
000000000
000000000
000000000
7FFD9999A
000000000
000000000
000000000
7FF799999
000000000
7FFAB851F
000000000
7FEF33334
7FF251EB9
000000000
7FFC28F5C
7FF947AE2
7FE23D70A
7FFD1EB85
7FE8F5C29
000000000
7FFB70A3D
7FFECCCCD
7FFDD70A4
000000000
7FFD1EB86
7FFE51EB8
000000000
000000000
000000000
000000000
000000000
000000000
000000000
7FF4B851F
7FF400000
7FFC28F5C
7FF5AE148
000000000
000000000
000000000
7FFECCCCD
7FFECCCCD
000000000
7FF8CCCCD
000000000
7FF628F5C
7FFC28F5C
0004CCCCD
000000000
000000000
000000000
7FF28F5C3
7FF0E147B
7FFAB851F
000266666
7FEE00000
7FFD1EB85
000000000
7FF9851EC
7FF9C28F6
000000000
7FFDD70A4
7FFCA3D70
0001AE148
7FE3EB852
000000000
000000000
7FFD9999A
7FE970A3E
7FF9851EC
000000000
000000000
000000000
7FFCE147B
7FFECCCCD
7FF851EB8
7FF6E147A
000000000
000000000
000000000
7FF71EB85
000000000
7FFD5C28F
000000000
0003D70A4
000000000
7FFECCCCD
000000000
7FFCA3D71
000000000
7FE3AE148
7FF347AE1
000000000
7FFCA3D71
000000000
000000000
7FFB70A3D
000000000
00007AE15
7FEC147AE
000000000
000000000
000000000
7FF47AE15
7FFCA3D71
7FFE147AE
7FED0A3D7
000000000
000000000
0006F5C29
000000000
7FFA7AE14
0001EB852
7FFCE147B
000000000
7FFA7AE14
000000000
7FFC66666
7FFCA3D71
000000000
7FFDD70A4
000000000
000000000
7FF666667
7FFE147AE
000000000
000000000
7FF251EB8
000000000
7FF4B851F
000000000
7FFE8F5C3
000000000
7FFE8F5C3
000000000
000000000
7FF79999A
000000000
000000000
7FF4F5C29
000000000
7FF4F5C29
000000000
000000000
000000000
0002A3D71
7FFE8F5C3
7FFECCCCD
7FFAB851F
000000000
7FF4F5C29
000000000
7FFE51EB8
7FED0A3D7
7FF851EB8
7FFECCCCD
7FFE147AE
7FFE8F5C3
7FFAB851F
000000000
7FF7D70A4
000000000
000000000
000000000
7FFE8F5C3
7FFE147AE
000000000
7FFD1EB85
7FFD9999A
000000000
00031EB85
0001AE148
7FF6E147B
000000000
000000000
7FEB5C290
7FF15C28F
000000000
7FFECCCCD
000000000
000000000
000000000
000000000
7FFA3D70A
7FFDD70A4
000000000
000000000
7FF947AE2
000133333
7FFECCCCD
000000000
7FF400000
7FFE51EB8
000000000
7FFDD70A4
000000000
000000000
00031EB85
000000000
7FFD5C28F
000000000
7FFE147AE
7FC4B8520
7FF5EB852
7FFE8F5C3
000000000
7FF947AE1
7FEB9999A
000000000
000000000
7FF5AE148
000000000
000133333
7FF947AE2
000000000
0002E147B
000000000
7FF71EB85
7FF4F5C29
000000000
7FFDD70A4
000000000
000000000
000000000
7FFE147AE
7FFE147AE
7FFA3D70A
000000000
7FF6E147C
000000000
000000000
000170A3D
7FFAF5C29
7FFECCCCD
7FFDD70A4
000000000
000000000
000000000
0007EB852
000133333
000EE147B
000000000
000000000
000000000
000170A3E
000000000
000000000
7FF8CCCCD
000000000
000000000
000000000
000000000
000000000
7FF533333
7FF88F5C3
7FFCE147B
000000000
000000000
7FFA00000
7FFCA3D71
001370A3D
7FFA7AE14
7FFD9999A
7FFB70A3D
7FF2147AE
7FF79999A
000000000
000000000
7FFE147AE
000000000
7FFE8F5C3
7FFECCCCD
000133333
00039999A
7FFF47AE1
000000000
7FFE8F5C3
000000000
7FFD5C28F
000000000
7FFE8F5C3
000000000
7FF5AE148
000000000
7FFCE147B
000133333
000000000
000000000
000000000
7FFECCCCD
000000000
000000000
000000000
0017C28F6
000DAE148
7FF43D70B
7FF8147AE
000000000
000000000
000000000
7FF028F5C
000000000
7FFE147AE
000133333
000000000
000000000
000000000
7FEBD70A3
7FFCE147B
000000000
7FFAB851F
000000000
7FFD5C28F
000000000
7FF5EB852
000000000
7FFE8F5C3
7FFDD70A4
000000000
7FFB70A3D
000000000
000000000
7FF15C290
7FFA00000
000000000
7FFDD70A4
7FFC28F5C
7FFD5C28F
000000000
000000000
000000000
000000000
000000000
000000000
000000000
000000000
000000000
7FFC66666
000000000
7FF9851EC
7FFB33333
7FFECCCCD
7FFE51EB8
7FF8CCCCD
7FFCA3D71
000000000
000170A3D
000000000
000000000
7FFECCCCD
7FF851EB8
000000000
7FFF851EC
000000000
0005851EB
7FF5AE147
7FFD9999A
7FF9C28F6
000000000
000000000
000000000
7FFF0A3D7
000000000
7FC5EB852
000000000
000000000
7FFC28F5C
000000000
7FFBEB852
000000000
000000000
7FFE147AE
000000000
000000000
7FFD9999A
000133333
7FFBEB852
7FE651EB8
7FFE147AE
000000000
000000000
000000000
000000000
000000000
000000000
000000000
7FF0A3D71
000000000
7FF75C290
000000000
000000000
000000000
7FF8147AE
000000000
000000000
7FFECCCCD
000000000
000000000
00007AE15
7FFC28F5C
7FFCE147B
7FFA7AE15
0001EB852
7FF1D70A4
000000000
7FEA28F5C
7FFE51EB8
7FFB33333
7FFD5C290
7FFDD70A4
7FFECCCCD
7FFC66667
000000000
000000000
000000000
000000000
000000000
000451EB8
000000000
000000000
000000000
000000000
000000000
000000000
7FE8B851F
000000000
000000000
7FFD1EB85
7FDF5C28F
7FFD1EB85
000000000
7FFE8F5C3
7FF347AE1
7FFECCCCD
000000000
7FFE147AE
000000000
000000000
7FFD9999A
000000000
000000000
000000000
000000000
7FF066666
7FFECCCCD
000000000
000000000
7FFC66666
000000000
000000000
000000000
000000000
00050A3D7
000000000
7FF5EB852
7FFAB851F
000000000
000000000
000000000
000000000
7FFECCCCD
000000000
000000000
7FFA00000
000000000
7FFD5C28F
000000000
000000000
000000000
7FFCE147B
7FFBEB851
000000000
00039999A
0018B851F
000000000
7FFE51EB8
000266666
000000000
000000000
7FFECCCCD
7FFE8F5C3
7FFCA3D71
000000000
000000000
0001AE148
000000000
000000000
000000000
000000000
000000000
000000000
000000000
7FFECCCCD
000000000
000000000
000000000
7FF6E147B
000000000
000000000
7FEC147AF
0007AE148
7FFE8F5C3
000000000
000000000
000000000
000000000
7FF75C28F
000000000
000000000
000000000
000000000
000000000
000000000
000000000
7FFE51EB8
000000000
000000000
7FFD1EB85
000000000
000000000
000000000
7FFE8F5C3
7FFE51EB8
000000000
7FFE51EB8
7FF1D70A4
000000000
000000000
7FFE51EB8
000000000
7FF4B851F
7FFE8F5C3
000000000
000000000
7FF1D70A3
000000000
7FF8CCCCD
7FFAB851E
7FFC66666
000000000
000000000
7FF0A3D71
7FFE51EB8
000000000
000000000
000000000
000133333
7FFDD70A4
000000000
000000000
000000000
000000000
7FFC28F5C
000000000
000000000
000000000
000000000
7FFDD70A4
000000000
000000000
000000000
000000000
000000000
7FFECCCCD
000000000
7FFECCCCD
000000000
7FFE8F5C3
000000000
000000000
000000000
000000000
7FFCA3D71
7FFE51EB8
000CB851F
000000000
7FFCE147B
7FF9C28F6
000000000
7FFAB851F
000000000
7FFECCCCD
7FFE8F5C3
7FFCA3D71
7FF1D70A4
000000000
000000000
000000000
000170A3D
000000000
7FAEE147B
000000000
000000000
000000000
000000000
000000000
000000000
7FFB33333
000133333
000000000
000000000
7FFA7AE14
7FF90A3D7
000228F5C
000000000
000000000
000000000
000000000
000000000
000000000
7FF9C28F5
7FFD9999A
000000000
000000000
7FF5EB852
000133333
000000000
000000000
7FF533333
7FFD9999A
000000000
000000000
7FF9851EB
7FFB70A3D
000000000
000000000
7FF400000
7FFA3D70A
7FFE147AE
000000000
000000000
000000000
000000000
002028F5D
7FF28F5C3
000000000
00003D70A
7FF90A3D7
000000000
000000000
000000000
000000000
000000000
000000000
7FFD1EB85
000000000
7FF5AE148
000000000
000000000
000000000
7FFE8F5C3
7FFE8F5C3
000000000
000000000
7FE3EB852
7FF851EB9
7FED0A3D8
7FFBAE148
000000000
000000000
7FF9851EB
000133333
7FFA7AE14
000000000
000000000
7FFECCCCD
00048F5C2
7FFD9999A
7FFDD70A4
7FFE8F5C3
000000000
000000000
000000000
000000000
7FFE51EB8
000000000
7FFC28F5C
000000000
000000000
000000000
000000000
000000000
000000000
000000000
7FFE51EB8
000000000
000000000
000170A3D
000000000
7FFAB851F
7FFC28F5C
7FFDD70A5
000000000
7FFECCCCD
7FF628F5C
7FFE8F5C3
000000000
000000000
7FFD1EB85
7FFCA3D71
7FF028F5C
7FF851EB9
000000000
000000000
000000000
0002A3D71
000170A3D
7FFDD70A4
7FF9C28F6
7FFC28F5C
000000000
000000000
000000000
000000000
7FFDD70A4
00048F5C3
000000000
000000000
000000000
000000000
000000000
000000000
7FFECCCCD
7FDFD70A4
7FFECCCCD
000000000
000000000
000000000
000000000
7FF71EB85
0001AE148
000000000
7FFAB8520
000000000
000000000
7FFA7AE14
00067AE14
000000000
000000000
000000000
0004147AE
7FF570A3E
000000000
000000000
7FF851EB8
000000000
000000000
7FFDD70A4
000000000
000000000
000000000
000000000
7FED851EB
7FF8147AE
7FFD1EB85
7FFE8F5C3
000000000
000000000
7FFDD70A4
000000000
7FD451EB8
000000000
7FFC28F5D
000000000
000000000
7FFD5C28F
000000000
7FFE147AE
000000000
000000000
000000000
000000000
7FF6E147B
0005851EB
000000000
000000000
000000000
7FFE8F5C3
0001EB852
000000000
000000000
000000000
7FF8CCCCD
000000000
00007AE14
000133333
000000000
7FFE147AE
000000000
000000000
7FF5EB852
000000000
000000000
000000000
000000000
7FFECCCCD
7FFD9999A
000000000
000000000
000000000
7FFECCCCD
000000000
7FF7D70A4
000000000
000000000
000000000
000000000
000000000
000000000
7FFECCCCD
000000000
7FFDD70A4
000000000
7F63FFFFF
000000000
000000000
7FFC66666
000000000
7FFCA3D71
000000000
000000000
000000000
7FF88F5C2
000000000
7FFCE147B
000000000
7FFE8F5C3
000000000
000000000
000000000
000000000
000000000
000000000
000000000
000000000
000000000
000000000
000000000
0004147AE
000000000
7FFE51EB8
7FF4F5C2A
7FCD9999A
000000000
7FFD5C28F
000000000
7FFE51EB8
000000000
000000000
000133333
7FFD1EB86
000000000
7FFECCCCD
7FF75C290
000000000
7FFB70A3D
7FF9C28F5
000000000
000000000
000000000
7FF8CCCCC
7FFECCCCD
000000000
000600000
7FFECCCCD
7FFECCCCD
7FFCE147B
000133333
000000000
000000000
7FFE147AE
7FFDD70A4
000000000
7FFD1EB86
000000000
000000000
000000000
7FFB33333
7FEEB851E
7FFC28F5C
000000000
7FF947AE1
000000000
000000000
000000000
000000000
000133333
000000000
7FECCCCCD
000000000
000000000
000000000
000000000
000000000
7FFE8F5C3
000000000
000000000
7FFD5C290
7FF79999A
7FFD1EB85
000000000
000000000
7FE370A3D
7FEEB851E
7FF628F5C
000000000
000000000
000000000
000000000
7FFC66667
7FF8CCCCD
000000000
000000000
000000000
000000000
000133333
000600000
7FF88F5C3
000000000
000000000
7FFB70A3E
000000000
0002A3D71
7FF947AE1
7FFA7AE14
7FFE147AE
000000000
000000000
000228F5C
7FFD1EB85
7FFD1EB85
000000000
00168F5C2
000000000
000000000
000000000
000000000
7FF2CCCCD
7FF8147AE
000000000
7FFBEB852
000000000
000C00000
000000000
000000000
000000000
7FFC66667
7FFB33333
000000000
7FFD1EB85
000000000
7FFF47AE1
000000000
7FFBAE148
7FFA7AE15
000000000
000000000
000000000
000000000
000000000
000000000
000000000
000266666
7FF9851EC
0001EB852
7FF851EB9
000000000
000000000
7FF628F5C
000000000
7FFE8F5C3
7FF9851EC
000000000
7FF947AE1
000000000
000000000
000000000
7FFD9999A
7FFD1EB85
7FFCA3D71
000000000
000228F5C
000000000
000000000
000000000
000000000
000000000
000000000
7FF79999A
7FFE51EB8
000000000
000000000
000133333
7FFE8F5C3
000000000
000000000
000000000
000000000
000000000
0002A3D71
7FF851EB8
000000000
0000B851F
000000000
000000000
000B851EC
7FFECCCCD
000000000
000000000
7FFECCCCD
000000000
000000000
000133333
7FFCA3D71
7FFE51EB8
000000000
000000000
000000000
000000000
000000000
000170A3D
7FFA7AE14
000000000
000000000
000000000
000000000
000000000
7FFD1EB85
000000000
000000000
7FFE147AE
000000000
000000000
7FEC147AD
000000000
000000000
000000000
7FFC28F5C
000000000
000000000
7FFC28F5C
7FF79999A
0000F5C29
7FFDD70A4
000000000
000000000
7FFE147AE
7FFD1EB85
7FF88F5C3
000000000
000000000
000000000
000000000
7FFE8F5C3
000CF5C29
0014E147B
000000000
7FFCA3D71
000000000
000000000
000000000
000000000
7FF9851EC
7FF88F5C3
7FFD1EB85
000000000
7FFCE147B
000000000
000000000
000000000
7FFAF5C29
000000000
7FFBAE148
000000000
000000000
7FF7D70A4
000000000
7FFD5C28F
000000000
000000000
000000000
000000000
000000000
000000000
7FFE51EB8
000000000
000000000
0001AE148
000000000
7FFE8F5C3
000000000
000000000
000000000
7FFE8F5C3
000000000
000000000
7FFE147AE
000000000
000000000
7FFAB851F
7FFE147AE
7FFE147AE
7FFE147AE
00007AE14
7FFBAE147
000000000
000000000
7FFD5C28F
000000000
000000000
000000000
000000000
7FF5EB851
000000000
0004CCCCD
000000000
0014A3D71
000000000
000000000
7FEE3D70A
7FF5AE147
000000000
000170A3D
000000000
7FFCA3D71
7FFBEB852
000000000
7FFAB851F
7FF851EB9
000000000
000000000
7FE6CCCCD
7FF6A3D70
000000000
000000000
000000000
000000000
000000000
000000000
000000000
7FFDD70A4
00048F5C2
000000000
0011851EC
000000000
7FFAB851F
000133333
7FF15C290
000000000
7FFD1EB85
000000000
000000000
0001AE148
7FF8147AE
7FFECCCCD
7FF9C28F6
000000000
000000000
000000000
7FFE8F5C3
000000000
000000000
000000000
7FFE51EB8
000000000
000228F5C
7FFE51EB8
7FF628F5C
000000000
7FF533333
000000000
000000000
000451EB8
000000000
000000000
000000000
000000000
000000000
000E28F5D
000000000
000000000
000000000
000133333
000000000
7FF570A3D
000000000
7FFD9999A
000228F5C
000000000
000000000
000000000
000000000
000000000
7FF4B851F
000000000
000000000
7FFD1EB86
7FF251EB8
000000000
7FF851EB8
7FFECCCCD
000000000
000000000
7FFB33333
000000000
000000000
7FF79999A
7FFE51EB8
000000000
7FF43D70A
7FFE147AE
000000000
000000000
000000000
000000000
000000000
7FF79999A
000000000
000000000
000000000
7FFCA3D71
000000000
7FFB33333
000000000
000000000
7FF2147AE
000000000
000000000
000266666
000000000
000000000
7FED0A3D7
7FFE8F5C3
7FFECCCCD
000000000
00035C290
7FF400000
7FFA00000
000000000
00048F5C3
000000000
00007AE14
000000000
7FF71EB85
000000000
7FFCA3D71
000000000
000000000
0009D70A4
000000000
000000000
000000000
000000000
000000000
000000000
000000000
000000000
000000000
000B0A3D7
000000000
000133333
000000000
000000000
000000000
000000000
000000000
000000000
000000000
000170A3D
000000000
000170A3D
0001AE148
000000000
000000000
000000000
000000000
000000000
000000000
7FFA3D70B
000000000
000000000
7FFECCCCD
000000000
000000000
000000000
000000000
000000000
000000000
000000000
000000000
000000000
7FFAF5C29
000000000
000000000
000000000
7FF5EB852
000000000
000000000
000000000
000C00000
000000000
000000000
000000000
000000000
7FFA7AE14
000000000
7FFE147AE
000000000
000000000
7FFCA3D71
000000000
000000000
000000000
000000000
7FE0CCCCD
00063D70A
000000000
000000000
000000000
000000000
000000000
000000000
000000000
000000000
000000000
000000000
7FFC66666
000000000
0006F5C29
000000000
000000000
000000000
7FFE51EB8
000000000
000000000
7FFECCCCD
000170A3D
000000000
000000000
000547AE1
000000000
000000000
000000000
000000000
000000000
000170A3D
000000000
000000000
000000000
000000000
7FF8CCCCD
7FFE51EB8
000000000
000266666
000000000
7FFA7AE15
000000000
000000000
000000000
000000000
000000000
7FFE8F5C3
000000000
0001AE148
000000000
000000000
000000000
000000000
0001EB852
7FFA00000
000000000
000000000
7FEE00000
000266666
000000000
000000000
7FFE51EB8
000000000
7FFCE147B
7FFE147AE
7FFCA3D71
7FFE147AE
000000000
7FFE51EB8
000000000
7FFE51EB8
7FFD9999A
000000000
000000000
000000000
000000000
7FF9851EC
7FFCE147B
000000000
000000000
000000000
7FFE51EB8
000000000
0000F5C29
000000000
7FFE147AE
000000000
000000000
7FFCA3D71
7FFC66667
7FFB70A3D
7FF75C28F
7FFE51EB8
000000000
7FFCE147B
000000000
7FF8CCCCD
000000000
7FFE51EB8
000000000
000000000
000000000
000000000
7FFECCCCD
000228F5C
7FEB5C290
000000000
000FD70A4
000000000
7FF90A3D7
000000000
000000000
000000000
000000000
000133333
7FF28F5C3
000000000
7FFCE147B
7FF9C28F6
7FFE147AE
7FFE8F5C3
000000000
000000000
000000000
000000000
7FFCA3D71
000000000
000000000
0004147AE
000000000
7FFE8F5C3
7FF28F5C2
001800000
000000000
000000000
7FF8147AF
000000000
000000000
7FFF47AE1
000000000
7FFCE147B
000000000
7FFC28F5C
000000000
000000000
000000000
7FF75C290
000000000
000000000
000000000
000000000
000228F5C
000000000
000000000
000000000
7FF79999A
000000000
000000000
000000000
000000000
000000000
7FFC66667
7FFD1EB85
000000000
7FED47AE2
00035C28F
7FFAB851F
000733333
000000000
000000000
0004147AE
000000000
000000000
7FFFC28F5
000000000
000000000
000000000
000000000
000000000
000000000
7FFE51EB8
000000000
000000000
7FEAE147A
000000000
000000000
000000000
7FFAF5C29
000000000
000000000
000000000
7FFE8F5C3
000133333
7FFE8F5C3
000000000
000133333
7FEC147AE
7FFE147AE
7FFB33333
7FF79999A
000000000
000000000
7FFE51EB8
000000000
000000000
000000000
000000000
000000000
7FFD5C28F
000000000
000000000
000000000
000000000
000000000
000000000
000000000
000000000
7FF7D70A4
7FFAB851F
7FFECCCCD
000000000
000000000
7FFD9999A
000000000
0006B851F
7FFCA3D71
000000000
7FFA3D70A
000000000
000000000
00035C28F
000000000
000000000
000000000
000000000
000000000
7FFE51EB8
000000000
000000000
7FFE147AE
000000000
000000000
000000000
7FFD1EB85
000000000
7FF71EB85
000000000
7FFDD70A4
7FF400000
000000000
000000000
000000000
000000000
7FFECCCCD
000000000
000000000
7FF79999A
000000000
7FFE8F5C3
000000000
000000000
000000000
000000000
000000000
000000000
000000000
00099999A
000000000
000000000
7FFBAE148
000000000
0001EB852
000000000
000000000
000000000
000000000
000000000
7FEF70A3E
000000000
7FFD9999A
7FFD9999A
000000000
000000000
7FF5AE147
7FFD9999A
000000000
000000000
000228F5C
7FFA7AE14
000000000
7FFE8F5C3
000000000
000000000
000000000
7FFB33333
7FF43D70B
000000000
000000000
000000000
000000000
000000000
000000000
000000000
7FF79999A
000000000
000000000
7FFA7AE14
000000000
000000000
7FFD9999A
000000000
000000000
000000000
000000000
000133333
000000000
7FFECCCCD
000000000
000000000
000000000
000000000
7FFE8F5C3
000000000
000000000
000000000
000000000
000000000
000000000
7FFD1EB85
000000000
000000000
000000000
000000000
000CB851F
000000000
000000000
000000000
000000000
7FF79999A
000000000
000000000
000000000
000000000
000000000
7FFC66666
000000000
000000000
000000000
000000000
7FF628F5C
000000000
000000000
000000000
000000000
000000000
000000000
000000000
7FFAF5C29
000000000
000000000
000000000
7FF5EB852
000000000
7FFD5C28F
7FFE8F5C3
000000000
000000000
000000000
7FFE51EB8
000133333
000000000
00007AE15
7FFE51EB8
000000000
000000000
000000000
7FFE147AE
000000000
000000000
000000000
000000000
000000000
7FFD1EB85
000000000
000000000
0001AE148
7FF4B851E
000000000
000000000
000000000
000133333
000000000
000000000
000000000
7FFE51EB9
000000000
000000000
0000B851F
7FF4F5C29
000000000
000000000
000000000
00003D70A
000000000
000000000
7FFE8F5C3
000000000
000000000
000000000
000000000
000000000
000000000
000000000
000000000
000000000
000000000
000000000
000000000
7FFE8F5C3
000000000
000000000
000000000
000000000
000000000
000000000
000000000
7FFD1EB85
000000000
000000000
7FFE51EB8
000000000
00048F5C2
000000000
000000000
7FD1AE147
000000000
7F911EB85
000000000
7FFBAE148
000000000
000000000
000000000
000000000
000000000
000000000
7FFE51EB8
002B33334
000000000
000000000
7FFBAE148
7FC533333
000000000
000000000
7FEFEB852
000000000
000000000
000000000
000000000
000000000
000000000
000000000
000000000
000000000
000000000
000000000
7FFAF5C29
7FFECCCCD
7FDF99999
000000000
000000000
000000000
7FF8CCCCC
000000000
000000000
000000000
000000000
000000000
000000000
000000000
000000000
000000000
000000000
000000000
000000000
000000000
7FE428F5C
000000000
7FFDD70A4
000000000
7FE1C28F5
00151EB85
000000000
7FFC66666
000000000
000000000
000000000
001200000
000000000
000000000
000000000
7FFE147AE
000000000
7FF79999A
7FEEF5C29
000000000
000000000
7FFE147AE
000000000
7FFAB851F
000000000
7FE1851EC
000170A3C
000000000
000170A3D
000F1EB85
000000000
7FEAA3D71
7FFBEB852
000000000
000000000
000000000
7FF9851EB
000000000
000000000
7FF79999A
000000000
000000000
000000000
00031EB85
000133333
000000000
000000000
000000000
00215C28F
7FE0147AF
000000000
7FF947AE1
000000000
000000000
000000000
000000000
000000000
7FFE8F5C3
000B0A3D7
000000000
000000000
000000000
7FD50A3D7
000000000
7FFAB851F
000770A3E
00031EB85
000B851EC
000000000
000000000
000000000
000000000
7FF666666
000000000
000000000
000000000
000000000
7FD0F5C29
000BC28F6
000000000
000000000
7FEDC28F6
7FFC66666
000000000
7FD266667
000170A3D
00048F5C3
7FFDD70A4
000000000
7FFD5C28F
000000000
7FF628F5C
7FE2F5C29
7FFECCCCD
000000000
000000000
000000000
001651EB8
000000000
7FDFD70A4
7FEAA3D71
000547AE1
000000000
7FFC28F5C
000000000
000000000
000000000
000000000
000000000
000000000
7FFECCCCD
7FF5AE148
000000000
7FF400000
0005C28F6
00039999A
000000000
000000000
000170A3D
7FEAA3D71
7FFECCCCD
7FFE147AE
000000000
7FFECCCCD
7FEF33334
7FFCA3D71
7FFA7AE14
000228F5C
000000000
000000000
7FFECCCCD
000000000
7FF90A3D8
000000000
7FFF47AE2
000000000
000000000
000000000
7FE147AE1
7FFD5C28F
000133333
000000000
000000000
000000000
000000000
000000000
000170A3D
000000000
7FFE51EB8
000000000
7FF2CCCCE
7FFECCCCD
00050A3D7
000000000
000000000
0003D70A4
000000000
000000000
7FE6147AE
000000000
000000000
000000000
000000000
000000000
7FFBAE148
7FFE51EB8
000000000
000000000
000000000
000000000
000000000
7FF8CCCCD
0008E147B
000000000
000000000
000770A3E
7FE68F5C2
7FF6E147A
000000000
7FFE51EB8
7FFECCCCD
7FFECCCCD
000000000
7FEB5C290
7FEF70A3E
000000000
000000000
000000000
000000000
000000000
000000000
7FE9EB852
7FFE8F5C3
000000000
000000000
000000000
7FFD9999A
000000000
7FEB9999A
7FFECCCCD
000000000
000000000
7FE51EB85
00003D70A
000000000
000000000
000000000
7FFE51EB8
7FF666666
7FF0E147B
00003D70B
000000000
000000000
000000000
001EB851F
000000000
000000000
000000000
000000000
7FFD9999A
000000000
000000000
000000000
000000000
7FFBAE148
000000000
000000000
7FFD9999A
000000000
000000000
0003D70A4
000000000
000000000
000000000
000000000
7FEC51EB8
000000000
000000000
000000000
000000000
00050A3D7
7FFBAE148
000000000
000000000
0004147AE
000000000
000000000
000000000
7FFDD70A4
7FFE51EB8
000000000
000000000
000000000
000000000
000451EB8
000000000
7FFD1EB85
7FF347AE1
000000000
7FFECCCCD
000000000
7FB3AE148
7FF066666
000000000
000000000
000000000
7FFCA3D71
7FF1D70A3
7FF79999A
000000000
000000000
7FFC28F5C
000000000
000000000
000000000
7FEB5C28F
000000000
000000000
000600000
7FFE51EB8
000000000
000000000
000000000
7FFBEB852
7FF9C28F7
000000000
000000000
000000000
000000000
7FF6E147B
000000000
7FFF0A3D7
000266667
000000000
000000000
7FFECCCCD
7FF90A3D7
0002A3D71
000000000
7FFECCCCD
000000000
7FF15C290
000000000
000000000
000000000
7FFCA3D71
7FFA7AE14
000266666
000133333
7FFD9999A
7FFAB851F
7FFE8F5C3
7FFCE147B
000000000
7FFAF5C29
0006B851F
000000000
000000000
000000000
000000000
000000000
7FFECCCCD
000000000
7FFD1EB86
7FFE147AE
7FFE51EB8
000000000
7FF75C291
7FFE8F5C3
000133333
7FFD1EB85
000170A3D
7FEFAE148
0002E147B
000000000
0011851EC
7FEB99999
000000000
000000000
000000000
000000000
7FF90A3D7
7FF3C28F5
7FF570A3D
7FED851EC
7FFF851EB
00035C28F
7FF7D70A4
000770A3D
7FF8CCCCD
7FF90A3D7
000133333
000000000
7FFECCCCD
000133333
7FFE147AE
000000000
7FFBEB852
000000000
7FF8147AE
0002E147A
7FFA00000
000000000
000000000
7FFA00000
000000000
7FE70A3D7
000000000
0005C28F6
7FFAF5C29
7FFDD70A4
000000000
000000000
7FFE147AE
7FDA51EBA
000000000
000000000
7FFC28F5C
7FFD1EB85
000000000
7FFECCCCD
000000000
7FF851EB8
001EF5C2A
7FDC3D70A
000000000
7FF9851EC
7FF7D70A4
7FFA7AE14
7FAFD70A4
7FF947AE1
000000000
000000000
7FFB70A3D
000000000
000000000
7F9ECCCCD
000EA3D71
7FFECCCCD
7FFECCCCD
0001AE148
000000000
7FE333334
00048F5C3
000000000
000000000
7FEA28F5D
7FFD5C28F
7FF4B851F
000000000
000266666
7FFD9999A
7FFE147AE
000000000
7FF400001
7FFC66666
000000000
7FFF47AE1
000000000
000000000
000000000
7FDC3D70B
7FC90A3D7
000000000
7FF6A3D70
000000000
000000000
000000000
000170A3D
000170A3D
00031EB85
7FF11EB86
7FF2CCCCD
000000000
7FE4E147B
000000000
7FFE51EB8
000000000
7FFB33333
000000000
000000000
000000000
7FCF47AE1
7FFD1EB85
000000000
7FFDD70A4
000000000
000000000
00007AE15
000000000
000000000
000000000
7FFD5C290
000000000
0001EB852
000000000
00399999A
7FFB70A3D
000000000
000133333
000133333
7FF628F5D
0005C28F6
7FF4B851F
000000000
000000000
00339999A
000000000
7FFECCCCD
7FFECCCCD
7FFB33333
7FFE51EB8
7FB7851EB
000999999
000000000
7FFAB851F
7FF6E147A
7FFCE147B
7FF3851EC
7FF6E147B
000000000
000000000
000000000
000000000
7FFECCCCD
0004147AE
000000000
7FF9851EB
7FF6A3D71
7FDDEB853
7FFE147AE
7FF7D70A4
000000000
000000000
7FF47AE14
000000000
7FF11EB85
000000000
000000000
000000000
000000000
7FFF0A3D8
0002A3D71
000000000
0001EB852
000000000
000000000
001051EB8
00095C28F
000000000
7FF4F5C29
7FFC28F5C
7FFECCCCD
000000000
7FEF33334
00108F5C2
000770A3D
7FFECCCCD
000000000
7FFDD70A4
0001EB852
000000000
000000000
7FF533333
000000000
7FF8147AD
000000000
7FF7D70A4
7FFD1EB85
7FFD5C28F
7FFAF5C29
000000000
000000000
000000000
7FF2147AE
7FE2B851F
000000000
7FFD5C28F
7FF88F5C3
000000000
000000000
000000000
7FFA7AE14
0001EB852
7FF4B851E
7FFECCCCD
7FFAF5C29
000000000
000000000
7FF71EB85
000000000
000000000
000000000
7FF1D70A5
7FFAF5C29
000000000
000000000
7FFD9999A
000000000
7FFCE147B
000000000
000000000
002AF5C29
000000000
000000000
000000000
7FF4F5C29
00003D70A
7FFE51EB8
000000000
000000000
000000000
000000000
000A51EBA
7FE800000
7FFCE147B
7FFC28F5C
7FF6A3D71
7FD547AE2
000000000
7FFBAE148
000000000
7FFD5C28F
000000000
7FF6E147B
7FF47AE14
000000000
000000000
000000000
000000000
0004147AE
7FFDD70A4
7FFECCCCD
000000000
0001EB852
7FEE00000
000000000
000000000
000000000
7FFE51EB8
7FFE51EB8
7FF851EB9
000000000
7FED851EC
000000000
7FFD9999A
000000000
000000000
000000000
7FF251EB8
7FFD5C28F
000000000
7FFECCCCD
000000000
7FFE147AE
7FF199999
7FFECCCCD
000170A3D
000000000
0014E147A
000000000
7FF79999A
000228F5C
7FFE8F5C3
7FFCE147C
7FF6A3D71
000000000
000000000
000000000
000000000
000000000
000000000
7FE83D70A
000000000
7FFE8F5C3
000000000
7FFA3D70A
7FED47AE1
000000000
000170A3D
000000000
000266666
000000000
7FFECCCCD
00067AE15
7FF47AE14
000000000
7FFAB851F
7FEE3D70B
7FFECCCCD
7FFE8F5C3
000000000
000000000
000000000
7FFD5C28F
7FFD1EB85
7FFCE147B
000000000
0007AE148
7FFC66666
000133333
000000000
7FFA3D70A
7FF8147AE
7FF5AE147
7FFAF5C29
7FEF33333
7FF88F5C3
002628F5D
7FF947AE1
000000000
00039999A
7FF066666
7FFD9999A
000000000
000000000
7FFA00000
7FF4B851F
000000000
7FF19999A
7FF43D70A
7F7F5C28F
7FFECCCCD
7FEAA3D71
000000000
000133333
7FE6147AE
7FFE8F5C3
000000000
0001AE148
7FE599999
0001EB852
7FEEB851E
7FF1D70A5
000000000
7FF6A3D71
000000000
7FE68F5C3
000000000
000000000
000000000
7FE1851EC
7FF851EB9
000000000
7FFBEB852
000000000
000000000
7FFD5C28F
7FFECCCCD
0003D70A4
7FFE8F5C3
7FFBEB852
7FFF851EC
7FFE8F5C3
000000000
7FFCA3D71
001147AE2
000000000
000000000
000000000
7FFAB851F
0001AE148
7FFECCCCD
7FF71EB85
7FFCE147B
7FFE51EB8
000000000
7FF79999A
000000000
7FF1D70A4
000000000
000000000
7FBF33332
000000000
000000000
7FFBEB852
7FEF33333
7FFB70A3D
7FFB70A3E
000D33333
7FF5EB852
7FFD9999A
000000000
000000000
7FD6B851F
000000000
000000000
7FF7D70A4
0008A3D71
000000000
000000000
0002A3D71
000000000
7FFBEB852
00003D70A
7FFBEB852
0001EB852
7FE933333
7FE7C28F6
000828F5C
000000000
7FFE8F5C3
7FFAB851F
7FF0A3D70
000000000
000000000
000000000
000000000
000000000
7FFECCCCD
7FFE8F5C3
000000000
7FF88F5C2
000000000
000000000
000000000
7FFE147AE
00031EB85
000000000
000000000
000000000
7FFECCCCD
7FFD5C28F
7FE7851EB
002570A3E
7FFF0A3D7
7FFAF5C29
7FFD1EB85
000000000
000000000
7FF9C28F6
000000000
7FF9C28F6
000133333
000000000
7FEAE147B
000000000
000000000
000547AE1
7FF4F5C29
000000000
000000000
000000000
000000000
7FFE51EB8
000000000
000000000
000000000
0002E147A
7FED0A3D7
7FFAF5C29
7FFAB851F
000000000
000000000
000000000
000000000
000000000
000000000
7FFDD70A4
000000000
7FFECCCCD
000000000
000000000
00050A3D7
000000000
000000000
000000000
000000000
000000000
7FF79999A
7FFA00000
7FFB33334
000000000
7FFC28F5C
7FEBD70A4
7FFCA3D71
000547AE1
0001EB852
000133333
7FF533333
000000000
7FFB33333
000000000
7FE8F5C29
000000000
000000000
0017C28F5
000000000
000000000
000CB851F
7FFECCCCD
000000000
7FFC66667
000133333
000000000
000000000
000000000
000000000
001B9999A
000000000
00091EB85
7FFB33333
7FFC66667
000000000
000547AE1
7FFE51EB8
000000000
000000000
7FFDD70A4
000000000
000000000
000000000
7FFE51EB8
000000000
000170A3D
000000000
7FF3C28F6
7FF851EB9
7FFF851EB
0001AE148
000000000
000000000
7FEA66666
7FFD5C28F
7FF1D70A5
7FF88F5C2
7FEAE147B
000000000
7FFE51EB8
000000000
000228F5C
000000000
7FF75C290
000000000
000000000
7FE83D709
7FFECCCCD
000000000
7FFECCCCD
0002A3D70
7FF4F5C29
7FFC28F5C
000000000
7FFC66666
7FFD9999A
000000000
000000000
000000000
7FF43D70A
000000000
000170A3D
7FFAF5C29
7FFD9999A
000000000
7FFB33333
7FEA66667
000000000
7FFCA3D71
000000000
7FFBEB852
7FFBAE148
000DEB852
000000000
7FFCA3D71
000000000
000000000
000000000
7FF4F5C29
000000000
000000000
7FFBEB852
000000000
7FF75C290
7FFE8F5C3
7FF2CCCCD
7FDDEB852
7FE8B851F
7FF11EB85
7FF71EB85
0003D70A4
000000000
7FFE8F5C2
000228F5C
000000000
7FF9C28F6
7FFD1EB85
7FFECCCCD
0010CCCCC
000000000
7FFE8F5C3
7FFF47AE1
0005851EC
7FF2147AE
7FF028F5C
000000000
000A8F5C3
000000000
0005C28F6
000000000
0000B851F
000000000
000000000
7FDF1EB85
7FF11EB85
000000000
7FF4F5C29
000000000
7FF79999A
000170A3D
000000000
7FF628F5B
7FFAF5C29
000000000
7FF533333
000000000
000000000
7FFA3D70A
000000000
000000000
000DEB852
7FF9851EC
7FE333333
000000000
7FF19999A
7FFD9999A
7FFBEB852
001E7AE14
000000000
000266666
000000000
000000000
000000000
7FFD1EB85
000000000
000000000
000000000
0001AE148
7FFECCCCD
000000000
7FFC66666
7FFD1EB86
000000000
000000000
000000000
000000000
000000000
000000000
000000000
000000000
7FFE8F5C3
000000000
7FFCE147B
000A8F5C2
000000000
7FFE51EB8
7FEAA3D70
7FFECCCCD
7FF79999A
7FFD5C28F
7FDFD70A4
000000000
7FF9851EC
7FFA7AE14
000000000
7FFDD70A4
000000000
7FFECCCCD
000000000
7FFAF5C29
000000000
000000000
000000000
7FD0F5C2A
7FEEF5C29
000000000
000000000
000000000
000000000
001651EB8
000000000
7FF799999
000000000
000000000
000000000
000000000
000000000
000000000
7FFD1EB85
000000000
000000000
000000000
7FDCB851F
7FEB5C28F
7FFE147AE
7FF7D70A4
000000000
000000000
7FF5EB852
7FF8CCCCD
7FD9D70A4
7FFCE147B
000000000
7FFE8F5C3
7FFECCCCD
000000000
000000000
000000000
000000000
000000000
000000000
000000000
000000000
000000000
000000000
000000000
000000000
000133333
000000000
000000000
0002A3D71
000000000
000000000
7FD8E147B
000000000
000000000
000000000
000000000
7FFE147AE
7FFE8F5C3
000000000
000000000
0006B851E
7FF11EB85
000451EB8
000000000
7FFD1EB85
000000000
7FFCA3D71
000000000
7FF6A3D72
000000000
7FFE8F5C3
000000000
7FFD5C28F
000000000
7FFDD70A4
7FF799999
7FFF851EC
7FF8147AE
0006F5C28
7FFECCCCD
7FFECCCCD
7FFE8F5C3
7FFE8F5C3
000000000
000000000
000000000
7FEF70A3D
7FF3C28F6
000000000
000133332
7FFE8F5C3
7FFECCCCD
000000000
000000000
000170A3D
7FD828F5C
7FF3851EC
000000000
7FF19999A
000000000
00003D70A
7FFE51EB8
000000000
000000000
7FFCE147B
000000000
7FC6E147B
000000000
7FF0A3D71
7FD48F5C2
000000000
000000000
7FE1C28F5
7FC15C28F
7FFD9999A
7FF066666
000000000
000000000
000000000
7FFECCCCD
000000000
7FE051EB8
0016147AE
000000000
000000000
7FF19999A
7FFB33334
7FFAF5C29
000000000
7FF347AE1
000000000
000228F5C
7FFB33334
7FFDD70A4
7FEFAE148
7FDEA3D71
000000000
7FFE8F5C3
000000000
000000000
000000000
7FFB33334
0004147AE
000000000
7FF3C28F6
000B0A3D7
000000000
0003D70A4
000000000
000000000
7FF6A3D71
000000000
7FF5AE147
000000000
000000000
000000000
7FFF851EB
7FFE8F5C2
000000000
0006B851E
7FD9D70A4
7FF71EB85
000000000
000000000
000000000
000000000
7FFECCCCD
000000000
7FFE8F5C3
000000000
7FFECCCCD
000000000
000000000
7FF28F5C3
7FF9C28F5
000000000
7FF9851EC
000000000
7FF71EB85
7FFD5C28F
7FFE8F5C3
7FFE147AE
000000000
7FFECCCCD
7FF028F5B
7FFC66666
7FFD5C290
000000000
000000000
000000000
7FFECCCCD
7FF3C28F6
000000000
00031EB85
7FFBAE148
7FF9C28F6
7FE7C28F6
7FF6E147B
7FEBD70A4
7FFCA3D70
000133333
7F1DEB852
0010CCCCD
000228F5D
000000000
7FEFEB852
7FFECCCCD
000133333
000000000
7FFE8F5C3
0000F5C29
000000000
000000000
7FFB70A3E
000DEB852
00007AE15
000000000
000000000
7FE5D70A4
7FFA00000
000000000
000000000
000000000
7FFECCCCD
000000000
0001AE148
000000000
000000000
7FFECCCCD
000000000
000000000
7FF8147AE
000000000
000000000
000000000
7FBC8F5C2
7FFE147AE
7FDC7AE14
000000000
7FF8CCCCD
7FC066666
0002A3D71
000000000
00067AE14
7FFE51EB8
000000000
7FFD9999A
000000000
000000000
0006F5C29
000000000
7FFDD70A4
000000000
7FFECCCCD
7FFDD70A4
000000000
7FFBAE148
000000000
0007EB852
000000000
000000000
7FFE8F5C3
000000000
7FFE147AE
000EA3D71
000000000
000000000
000170A3D
000000000
000000000
7FFDD70A4
000000000
000000000
7FFCE147B
7FE83D70A
0009D70A4
000000000
000000000
000000000
000000000
7FF43D70A
000000000
00007AE14
7FE651EB8
7FFE8F5C3
000000000
000000000
000170A3D
000000000
000000000
7FDA8F5C3
7FFECCCCD
7FFCA3D71
000228F5C
0002A3D71
000000000
7FFCE147B
7FEFAE147
000000000
000000000
000000000
7FFE8F5C3
7FFD9999A
000000000
7FFECCCCD
7FFAB851F
000000000
000000000
7FFE147AE
7FF4B851F
000000000
7FFBEB852
000F1EB85
000170A3D
000000000
7FFE8F5C3
000000000
000000000
7FFD9999A
7FF90A3D8
000000000
000000000
00039999A
000000000
7FFE51EB8
7FFC66666
7FFD1EB85
000000000
000000000
000000000
7FFCA3D71
0001EB852
000000000
000000000
7FFECCCCD
000266666
000000000
000000000
000000000
000000000
0000B851F
7FFAF5C29
7FF8147AE
7FF5AE148
000000000
000133333
000000000
000600000
7FF3851EB
7FF75C28F
000600000
0001AE148
000000000
000133333
7FFA7AE14
7FFD1EB85
000000000
000000000
000000000
000133333
7FF79999A
7FF3851EB
7FE4E147B
7FFE147AE
7FFE147AE
000000000
000000000
000000000
7FFC28F5C
000000000
000000000
7FEAA3D71
000000000
000000000
0000B851F
7FF9C28F7
7FFCA3D71
7FDDAE146
000133333
7FF851EB8
000000000
000000000
000170A3D
0006F5C29
000000000
000000000
000000000
000000000
000000000
7FEEB851E
000000000
0005851EC
000000000
7FFECCCCD
7FFAF5C29
7FFBAE148
000000000
7FF347AE1
7FFCA3D71
7FFD99999
7FFE51EB8
7FFD5C28F
7FF3851EC
000000000
000000000
000000000
000000000
000000000
000000000
7FFBAE148
000000000
000000000
000000000
0001AE148
000000000
000133333
000000000
7FFE8F5C3
7FF947AE1
7FFB33333
7FBA28F5C
0002A3D71
000E66667
7FFECCCCD
000000000
0009D70A4
000000000
7FFE51EB8
7FFECCCCD
000000000
000000000
000000000
7FFE8F5C3
000000000
000000000
000000000
000000000
000000000
000000000
7FFE8F5C3
00031EB85
000000000
000000000
7FFE51EB8
7FFD9999A
000000000
000000000
0002A3D71
000000000
000000000
000000000
000000000
000000000
000000000
000000000
000000000
000228F5C
000000000
000000000
000000000
000000000
00063D70B
7FFE51EB8
0002A3D71
000000000
000000000
000000000
7FFE51EB8
000000000
7FFD5C28F
000266666
7FFCE147B
000000000
000228F5C
000000000
000228F5C
000000000
7FFECCCCD
000000000
7FFC28F5C
7FFE51EB8
7FFECCCCD
000000000
000000000
7FFECCCCD
000000000
000EA3D71
000000000
00095C28F
000000000
000000000
000000000
000A51EB8
7FFECCCCD
000000000
000000000
000228F5C
7FFE147AE
000000000
000000000
000000000
000000000
000000000
000000000
000000000
000000000
000000000
000000000
000000000
7FFC28F5D
000000000
000000000
000000000
000000000
0001AE148
00048F5C3
7FF570A3D
7FFECCCCD
7FFBEB852
7FFD1EB85
000133333
000000000
000000000
000000000
7FFE51EB8
000000000
000000000
000170A3D
7FFC28F5C
7FC5EB852
000000000
000000000
000000000
000000000
000000000
7FFD5C28F
000000000
000000000
000000000
000000000
000000000
7FFECCCCD
000000000
7FFBEB852
7FF9851EC
7FBA28F5C
000000000
000000000
000000000
000000000
000000000
000000000
000000000
000000000
000000000
7FFE147AE
000000000
0003D70A4
000133333
000000000
00063D70A
7FFF0A3D7
000000000
7FF947AE1
000000000
7FFECCCCD
7FFE147AE
7FFB33333
000000000
7FFECCCCD
7FFE51EB8
000000000
000000000
000000000
000000000
7FF851EB8
000000000
7FFCE147B
000133333
7FF2147AE
000000000
000000000
000000000
000000000
7FFCA3D71
000000000
7FFC28F5C
000000000
000000000
000000000
000000000
000000000
7FFAB851F
0004147AE
000000000
000000000
7FFE8F5C3
00039999A
000000000
000000000
000000000
7FFCA3D71
000000000
000000000
000000000
000000000
7FFE8F5C3
7FFBAE148
7FFDD70A4
000000000
000000000
00095C290
7FF6E147B
000000000
000000000
7FFE51EB8
000000000
0002A3D71
000266666
000000000
000000000
7FFAF5C29
7FFDD70A4
000000000
7FFD9999A
000000000
000000000
7FFAB851F
000000000
000000000
000000000
000000000
000000000
000000000
000170A3D
00063D70B
000000000
000000000
000133333
000000000
000000000
000000000
000000000
000000000
000000000
000000000
000000000
7FFD9999A
7FFE147AE
0001AE148
000000000
7FF88F5C3
000000000
0001EB852
000000000
000000000
000000000
7FFCE147B
000000000
7FFECCCCD
7FFECCCCD
000000000
00039999A
000000000
000000000
000000000
000000000
7FFCE147B
000000000
000000000
7FFE51EB8
000000000
7FFD9999A
000000000
7FF9C28F5
000000000
000000000
000000000
000000000
000000000
000000000
7FF71EB85
000133333
000000000
000000000
000000000
000000000
000000000
000000000
000000000
000133333
7FFD9999A
7FFE8F5C3
000228F5C
000000000
0001AE148
000000000
7FFD5C28F
000000000
0008A3D71
0001AE148
000000000
000000000
7FFE8F5C3
000000000
000000000
000000000
000000000
000228F5C
000000000
000000000
000000000
000000000
000000000
000000000
000000000
000000000
7FFE147AE
000000000
000000000
000000000
000000000
0002E147B
000000000
000000000
000000000
000000000
000000000
000000000
000133333
000000000
000000000
000000000
7FFE147AE
000000000
000000000
000000000
000000000
000000000
000000000
000000000
000000000
7FFD5C28F
000000000
000000000
000000000
000000000
000000000
000866666
000000000
000133333
000000000
000000000
000000000
000000000
000000000
0002A3D71
0001EB852
000000000
000000000
0007EB852
000000000
000000000
000000000
000000000
7FFE8F5C3
7FF90A3D7
000000000
000000000
000000000
000000000
000000000
000000000
0005851EC
000000000
000000000
000000000
000000000
000000000
000547AE1
000000000
000000000
000000000
000451EB8
000000000
00067AE14
000000000
000000000
000000000
7FFCE147B
7FFE51EB8
000000000
7FF28F5C2
7FFA7AE15
000000000
7FFFC28F6
000000000
000000000
7FFB33333
000000000
000000000
7FFCA3D71
000000000
0002E147B
7FFE8F5C3
000000000
000133333
000000000
000000000
000000000
000000000
0006F5C29
000000000
000000000
000000000
7FFE147AE
000000000
000000000
7FF88F5C3
000000000
000000000
000000000
000000000
7FFE51EB8
000000000
7FF666667
000000000
000000000
000000000
0002A3D71
000000000
000000000
7FFECCCCD
000000000
0003D70A4
000000000
7FFE147AE
000A8F5C3
000133333
000000000
0007AE148
000000000
7FD6F5C29
000000000
7FF90A3D7
000000000
7FFB33333
7FFDD70A4
000000000
000000000
000000000
7FFB70A3D
000000000
000000000
000000000
0002A3D70
000000000
000000000
000000000
000000000
001651EB8
000000000
7FFE147AE
7FFD9999A
000000000
7FE651EB8
000000000
000000000
7FFCA3D71
000000000
000000000
000266666
000000000
000000000
000000000
000000000
000000000
0006F5C29
000000000
000000000
000000000
000733333
000228F5C
000000000
7FFECCCCD
000000000
000000000
000133333
0002E147B
000000000
000000000
7FFD9999A
7FFE51EB8
7FFCE147B
000000000
000000000
000000000
7FFDD70A4
000000000
000000000
00048F5C3
7FFE8F5C3
000000000
7FF8CCCCD
7FFECCCCD
000000000
000133333
7FFBEB852
000000000
000000000
000000000
000000000
000170A3D
000000000
000000000
000000000
000000000
000000000
000000000
000000000
000000000
000000000
000000000
000000000
000000000
000000000
000000000
000000000
7FFA7AE14
7FFCE147B
000133333
7FF6E147B
7FFE51EB8
000000000
7FFD1EB85
7FF9851EC
000000000
7FE2B851F
000000000
000133333
000000000
7FED0A3D7
0004CCCCD
000000000
7FFAB851F
000000000
000EE147B
7FFFC28F5
000000000
000000000
7FFDD70A4
000000000
000000000
000000000
000000000
7FFE8F5C3
7FDB851EC
00127AE14
000000000
000000000
000000000
000000000
000000000
000000000
000000000
000000000
000000000
0001EB852
7FFE8F5C3
000000000
000000000
000000000
7FF6A3D70
000000000
000000000
000000000
000000000
000000000
000000000
000000000
000000000
000000000
000000000
7FF6A3D71
000000000
000000000
000000000
000000000
000000000
000000000
000000000
000000000
000000000
000000000
000000000
000000000
000000000
000000000
000000000
000000000
000000000
000133333
