000000000
000000000
000000000
000000000
000000000
000000000
000000000
000000000
000000000
000000000
000000000
000000000
000000000
000000000
000000000
000000000
000000000
000000000
000000000
000000000
000000000
000000000
000000000
000000000
000000000
000000000
000000000
000000000
000000000
000000000
000000000
000000000
000000000
000000000
000000000
000000000
000000000
000000000
000000000
000000000
000000000
000000000
000000000
000000000
000000000
000000000
000000000
000000000
000000000
000000000
000000000
000000000
000000000
000000000
000000000
000000000
000000000
000000000
000000000
000000000
000000000
000000000
000000000
000000000
000000000
000000000
000000000
000000000
000000000
000000000
000000000
000000000
000000000
000000000
000000000
000000000
000000000
000000000
000000000
000000000
000000000
000000000
000000000
000000000
000000000
000000000
000000000
000000000
000000000
000000000
000000000
000000000
000000000
000000000
000000000
000000000
000000000
000000000
000000000
000000000
000000000
000000000
000000000
000000000
000000000
000000000
000000000
000000000
000000000
000000000
000000000
000000000
000000000
000000000
000000000
000000000
000000000
000000000
000000000
000000000
000000000
000000000
000000000
000000000
000000000
000000000
000000000
000000000
000000000
000000000
000000000
000000000
000000000
000000000
000000000
000000000
000000000
000000000
000000000
000000000
000000000
000000000
000000000
000000000
000000000
000000000
000000000
000000000
000000000
000000000
000000000
000000000
000000000
000000000
000000000
000000000
000000000
000000000
000000000
000000000
000000000
000000000
000000000
000000000
000000000
000000000
000000000
000000000
000000000
000000000
000000000
000000000
000000000
000000000
000000000
000000000
000000000
000000000
000000000
000000000
000000000
000000000
000000000
000000000
000000000
000000000
000000000
000000000
000000000
000000000
000000000
000000000
000000000
000000000
000000000
000000000
000000000
000000000
000000000
000000000
000000000
000000000
000000000
000000000
000000000
000000000
000000000
000000000
000000000
000000000
000000000
000000000
000000000
000000000
000000000
000000000
000000000
000000000
000000000
000000000
000000000
000000000
000000000
000000000
000000000
000000000
000000000
000000000
000000000
000000000
000000000
000000000
000000000
000000000
000000000
000000000
000000000
000000000
000000000
000000000
000000000
000000000
000000000
000000000
000000000
000000000
000000000
000000000
000000000
000000000
000000000
000000000
000000000
000000000
000000000
000000000
000000000
000000000
000000000
000000000
000000000
000000000
000000000
000000000
000000000
000000000
000000000
000000000
000000000
000000000
000000000
000000000
000000000
000000000
000000000
000000000
000000000
000000000
000000000
000000000
000000000
000000000
000000000
000000000
000000000
000000000
000000000
000000000
000000000
000000000
000000000
000000000
000000000
000000000
000000000
000000000
000000000
000000000
000000000
000000000
000000000
000000000
000000000
000000000
000000000
000000000
000000000
000000000
000000000
000000000
000000000
000000000
000000000
000000000
000000000
000000000
000000000
000000000
000000000
000000000
000000000
000000000
000000000
000000000
000000000
000000000
000000000
000000000
000000000
000000000
000000000
000000000
000000000
000000000
000000000
000000000
000000000
000000000
000000000
000000000
000000000
000000000
000000000
000000000
000000000
000000000
000000000
000000000
000000000
000000000
000000000
000000000
000000000
000000000
000000000
000000000
000000000
000000000
000000000
000000000
000000000
000000000
000000000
000000000
000000000
000000000
000000000
000000000
000000000
000000000
000000000
000000000
000000000
000000000
000000000
000000000
000000000
000000000
000000000
000000000
000000000
000000000
000000000
000000000
000000000
000000000
000000000
000000000
000000000
000000000
000000000
000000000
000000000
000000000
000000000
000000000
000000000
000000000
000000000
000000000
000000000
000000000
000000000
000000000
000000000
000000000
000000000
000000000
000000000
000000000
000000000
000000000
000000000
000000000
000000000
000000000
000000000
000000000
000000000
000000000
000000000
000000000
000000000
000000000
000000000
000000000
000000000
000000000
000000000
000000000
000000000
000000000
000000000
000000000
000000000
000000000
000000000
000000000
000000000
000000000
000000000
000000000
000000000
000000000
000000000
000000000
000000000
000000000
000000000
000000000
000000000
000000000
000000000
000000000
000000000
000000000
000000000
000000000
000000000
000000000
000000000
000000000
000000000
000000000
000000000
000000000
000000000
000000000
000000000
000000000
000000000
000000000
000000000
000000000
000000000
000000000
000000000
000000000
000000000
000000000
000000000
000000000
000000000
000000000
000000000
000000000
000000000
000000000
000000000
000000000
000000000
000000000
000000000
000000000
000000000
000000000
000000000
000000000
000000000
000000000
000000000
000000000
000000000
000000000
000000000
000000000
000000000
000000000
000000000
000000000
000000000
000000000
000000000
000000000
000000000
000000000
000000000
000000000
000000000
000000000
000000000
000000000
000000000
000000000
000000000
000000000
000000000
000000000
000000000
000000000
000000000
000000000
000000000
000000000
000000000
000000000
000000000
000000000
000000000
000000000
000000000
000000000
000000000
000000000
000000000
000000000
000000000
000000000
000000000
000000000
000000000
000000000
000000000
000000000
000000000
000000000
000000000
000000000
000000000
000000000
000000000
000000000
000000000
000000000
000000000
000000000
000000000
000000000
000000000
000000000
000000000
000000000
000000000
000000000
000000000
000000000
000000000
000000000
000000000
000000000
000000000
000000000
000000000
000000000
000000000
000000000
000000000
000000000
000000000
000000000
000000000
000000000
000000000
000000000
000000000
000000000
000000000
000000000
000000000
000000000
000000000
000000000
000000000
000000000
000000000
000000000
000000000
000000000
000000000
000000000
000000000
000000000
000000000
000000000
000000000
000000000
000000000
000000000
000000000
000000000
000000000
000000000
000000000
000000000
000000000
000000000
000000000
000000000
000000000
000000000
000000000
000000000
000000000
000000000
000000000
000000000
000000000
000000000
000000000
000000000
000000000
000000000
000000000
000000000
000000000
000000000
000000000
000000000
000000000
000000000
000000000
000000000
000000000
000000000
000000000
000000000
000000000
000000000
000000000
000000000
000000000
000000000
000000000
000000000
000000000
000000000
000000000
000000000
000000000
000000000
000000000
000000000
000000000
000000000
000000000
000000000
000000000
000000000
000000000
000000000
000000000
000000000
000000000
000000000
000000000
000000000
000000000
000000000
000000000
000000000
000000000
000000000
000000000
000000000
000000000
000000000
000000000
000000000
000000000
000000000
000000000
000000000
000000000
000000000
000000000
000000000
000000000
000000000
000000000
000000000
000000000
000000000
000000000
000000000
000000000
000000000
000000000
000000000
000000000
000000000
000000000
000000000
000000000
000000000
000000000
000000000
000000000
000000000
000000000
000000000
000000000
000000000
000000000
000000000
000000000
000000000
000000000
000000000
000000000
000000000
000000000
000000000
000000000
000000000
000000000
000000000
000000000
000000000
000000000
000000000
000000000
000000000
000000000
000000000
000000000
000000000
000000000
000000000
000000000
000000000
000000000
000000000
000000000
000000000
000000000
000000000
000000000
000000000
000000000
000000000
000000000
000000000
000000000
000000000
000000000
000000000
000000000
000000000
000000000
000000000
000000000
000000000
000000000
000000000
000000000
000000000
000000000
000000000
000000000
000000000
000000000
000000000
000000000
000000000
000000000
000000000
000000000
000000000
000000000
000000000
000000000
000000000
000000000
000000000
000000000
000000000
000000000
000000000
000000000
000000000
000000000
000000000
000000000
000000000
000000000
000000000
000000000
000000000
000000000
000000000
000000000
000000000
000000000
000000000
000000000
000000000
000000000
000000000
000000000
000000000
000000000
000000000
000000000
000000000
000000000
000000000
000000000
000000000
000000000
000000000
000000000
000000000
000000000
000000000
000000000
000000000
000000000
000000000
000000000
000000000
000000000
000000000
000000000
000000000
000000000
000000000
000000000
000000000
000000000
000000000
000000000
000000000
000000000
000000000
000000000
000000000
000000000
000000000
000000000
000000000
000000000
000000000
000000000
000000000
000000000
000000000
000000000
000000000
000000000
000000000
000000000
000000000
000000000
000000000
000000000
000000000
000000000
000000000
000000000
000000000
000000000
000000000
000000000
000000000
000000000
000000000
000000000
000000000
000000000
000000000
000000000
000000000
000000000
000000000
000000000
000000000
000000000
000000000
000000000
000000000
000000000
000000000
000000000
000000000
000000000
000000000
000000000
000000000
000000000
000000000
000000000
000000000
000000000
000000000
000000000
000000000
000000000
000000000
000000000
000000000
000000000
000000000
000000000
000000000
000000000
000000000
000000000
000000000
000000000
000000000
000000000
000000000
000000000
000000000
000000000
000000000
000000000
000000000
000000000
000000000
000000000
000000000
000000000
000000000
000000000
000000000
000000000
000000000
000000000
000000000
000000000
000000000
000000000
000000000
000000000
000000000
000000000
000000000
000000000
000000000
000000000
000000000
000000000
000000000
000000000
000000000
000000000
000000000
000000000
000000000
000000000
000000000
000000000
000000000
000000000
000000000
000000000
000000000
000000000
000000000
000000000
000000000
000000000
000000000
000000000
000000000
000000000
000000000
000000000
000000000
000000000
000000000
000000000
000000000
000000000
000000000
000000000
000000000
000000000
000000000
000000000
000000000
000000000
000000000
000000000
000000000
000000000
000000000
000000000
000000000
000000000
000000000
000000000
000000000
000000000
000000000
000000000
000000000
000000000
000000000
000000000
000000000
000000000
000000000
000000000
000000000
000000000
000000000
000000000
000000000
000000000
000000000
000000000
000000000
000000000
000000000
000000000
000000000
000000000
000000000
000000000
000000000
000000000
000000000
000000000
000000000
000000000
000000000
000000000
000000000
000000000
000000000
000000000
000000000
000000000
000000000
000000000
000000000
000000000
000000000
000000000
000000000
000000000
000000000
000000000
000000000
000000000
000000000
000000000
000000000
000000000
000000000
000000000
000000000
000000000
000000000
000000000
000000000
000000000
000000000
000000000
000000000
000000000
000000000
000000000
000000000
000000000
000000000
000000000
000000000
000000000
000000000
000000000
000000000
000000000
000000000
000000000
000000000
000000000
000000000
000000000
000000000
000000000
000000000
000000000
000000000
000000000
000000000
000000000
000000000
000000000
000000000
000000000
000000000
000000000
000000000
000000000
000000000
000000000
000000000
000000000
000000000
000000000
000000000
000000000
000000000
000000000
000000000
000000000
000000000
000000000
000000000
000000000
000000000
000000000
000000000
000000000
000000000
000000000
000000000
000000000
000000000
000000000
000000000
000000000
000000000
000000000
000000000
000000000
000000000
000000000
000000000
000000000
000000000
000000000
000000000
000000000
000000000
000000000
000000000
000000000
000000000
000000000
000000000
000000000
000000000
000000000
000000000
000000000
000000000
000000000
000000000
000000000
000000000
000000000
000000000
000000000
000000000
000000000
000000000
000000000
000000000
000000000
000000000
000000000
000000000
000000000
000000000
000000000
000000000
000000000
000000000
000000000
000000000
000000000
000000000
000000000
000000000
000000000
000000000
000000000
000000000
000000000
000000000
000000000
000000000
000000000
000000000
000000000
000000000
000000000
000000000
000000000
000000000
000000000
000000000
000000000
000000000
000000000
000000000
000000000
000000000
000000000
000000000
000000000
000000000
000000000
000000000
000000000
000000000
000000000
000000000
000000000
000000000
000000000
000000000
000000000
000000000
000000000
000000000
000000000
000000000
000000000
000000000
000000000
000000000
000000000
000000000
000000000
000000000
000000000
000000000
000000000
000000000
000000000
000000000
000000000
000000000
000000000
000000000
000000000
000000000
000000000
000000000
000000000
000000000
000000000
000000000
000000000
000000000
000000000
000000000
000000000
000000000
000000000
000000000
000000000
000000000
000000000
000000000
000000000
000000000
000000000
000000000
000000000
000000000
000000000
000000000
000000000
000000000
000000000
000000000
000000000
000000000
000000000
000000000
000000000
000000000
000000000
000000000
000000000
000000000
000000000
000000000
000000000
000000000
000000000
000000000
000000000
000000000
000000000
000000000
000000000
000000000
000000000
000000000
000000000
000000000
000000000
000000000
000000000
000000000
000000000
000000000
000000000
000000000
000000000
000000000
000000000
000000000
000000000
000000000
000000000
000000000
000000000
000000000
000000000
000000000
000000000
000000000
000000000
000000000
000000000
000000000
000000000
000000000
000000000
000000000
000000000
000000000
000000000
000000000
000000000
000000000
000000000
000000000
000000000
000000000
000000000
000000000
000000000
000000000
000000000
000000000
000000000
000000000
000000000
000000000
000000000
000000000
000000000
000000000
000000000
000000000
000000000
000000000
000000000
000000000
000000000
000000000
000000000
000000000
000000000
000000000
000000000
000000000
000000000
000000000
000000000
000000000
000000000
000000000
000000000
000000000
000000000
000000000
000000000
000000000
000000000
000000000
000000000
000000000
000000000
000000000
000000000
000000000
000000000
000000000
000000000
000000000
000000000
000000000
000000000
000000000
000000000
000000000
000000000
000000000
000000000
000000000
000000000
000000000
000000000
000000000
000000000
000000000
000000000
000000000
000000000
000000000
000000000
000000000
000000000
000000000
000000000
000000000
000000000
000000000
000000000
000000000
000000000
000000000
000000000
000000000
000000000
000000000
000000000
000000000
000000000
000000000
000000000
000000000
000000000
000000000
000000000
000000000
000000000
000000000
000000000
000000000
000000000
000000000
000000000
000000000
000000000
000000000
000000000
000000000
000000000
000000000
000000000
000000000
000000000
000000000
000000000
000000000
000000000
000000000
000000000
000000000
000000000
000000000
000000000
000000000
000000000
000000000
000000000
000000000
000000000
000000000
000000000
000000000
000000000
000000000
000000000
000000000
000000000
000000000
000000000
000000000
000000000
000000000
000000000
000000000
000000000
000000000
000000000
000000000
000000000
000000000
000000000
000000000
000000000
000000000
000000000
000000000
000000000
000000000
000000000
000000000
000000000
000000000
000000000
000000000
000000000
000000000
000000000
000000000
000000000
000000000
000000000
000000000
000000000
000000000
000000000
000000000
000000000
000000000
000000000
000000000
000000000
000000000
000000000
000000000
000000000
000000000
000000000
000000000
000000000
000000000
000000000
000000000
000000000
000000000
000000000
000000000
000000000
000000000
000000000
000000000
000000000
000000000
000000000
000000000
000000000
000000000
000000000
000000000
000000000
000000000
000000000
000000000
000000000
000000000
000000000
000000000
000000000
000000000
000000000
000000000
000000000
000000000
000000000
000000000
000000000
000000000
000000000
000000000
000000000
000000000
000000000
000000000
000000000
000000000
000000000
000000000
000000000
000000000
000000000
000000000
000000000
000000000
000000000
000000000
000000000
000000000
000000000
000000000
000000000
000000000
000000000
000000000
000000000
000000000
000000000
000000000
000000000
000000000
000000000
000000000
000000000
000000000
000000000
000000000
000000000
000000000
000000000
000000000
000000000
000000000
000000000
000000000
000000000
000000000
000000000
000000000
000000000
000000000
000000000
000000000
000000000
000000000
000000000
000000000
000000000
000000000
000000000
000000000
000000000
000000000
000000000
000000000
000000000
000000000
000000000
000000000
000000000
000000000
000000000
000000000
000000000
000000000
000000000
000000000
000000000
000000000
000000000
000000000
000000000
000000000
000000000
000000000
000000000
000000000
000000000
000000000
000000000
000000000
000000000
000000000
000000000
000000000
000000000
000000000
000000000
000000000
000000000
000000000
000000000
000000000
000000000
000000000
000000000
000000000
000000000
000000000
000000000
000000000
000000000
000000000
000000000
000000000
000000000
000000000
000000000
000000000
000000000
000000000
000000000
000000000
000000000
000000000
000000000
000000000
000000000
000000000
000000000
000000000
000000000
000000000
000000000
000000000
000000000
000000000
000000000
000000000
000000000
000000000
000000000
000000000
000000000
000000000
000000000
000000000
000000000
000000000
000000000
000000000
000000000
000000000
000000000
000000000
000000000
000000000
000000000
000000000
000000000
000000000
000000000
000000000
000000000
000000000
000000000
000000000
000000000
000000000
000000000
000000000
000000000
000000000
000000000
000000000
000000000
000000000
000000000
000000000
000000000
000000000
000000000
000000000
000000000
000000000
000000000
000000000
000000000
000000000
000000000
000000000
000000000
000000000
000000000
000000000
000000000
000000000
000000000
000000000
000000000
000000000
000000000
000000000
000000000
000000000
000000000
000000000
000000000
000000000
000000000
000000000
000000000
000000000
000000000
000000000
000000000
000000000
000000000
000000000
000000000
000000000
000000000
000000000
000000000
000000000
000000000
000000000
000000000
000000000
000000000
000000000
000000000
000000000
000000000
000000000
000000000
000000000
000000000
000000000
000000000
000000000
000000000
000000000
000000000
000000000
000000000
000000000
000000000
000000000
000000000
000000000
000000000
000000000
000000000
000000000
000000000
000000000
000000000
000000000
000000000
000000000
000000000
000000000
000000000
000000000
000000000
000000000
000000000
000000000
000000000
000000000
000000000
000000000
000000000
000000000
000000000
000000000
000000000
000000000
000000000
000000000
000000000
000000000
000000000
000000000
000000000
000000000
000000000
000000000
000000000
000000000
000000000
000000000
000000000
000000000
000000000
000000000
000000000
000000000
000000000
000000000
000000000
000000000
000000000
000000000
000000000
000000000
000000000
000000000
000000000
000000000
000000000
000000000
000000000
000000000
000000000
000000000
000000000
000000000
000000000
000000000
000000000
000000000
000000000
000000000
000000000
000000000
000000000
000000000
000000000
000000000
000000000
000000000
000000000
000000000
000000000
000000000
000000000
000000000
000000000
000000000
000000000
000000000
000000000
000000000
000000000
000000000
000000000
000000000
000000000
000000000
000000000
000000000
000000000
000000000
000000000
000000000
000000000
000000000
000000000
000000000
000000000
000000000
000000000
000000000
000000000
000000000
000000000
000000000
000000000
000000000
000000000
000000000
000000000
000000000
000000000
000000000
000000000
000000000
000000000
000000000
000000000
000000000
000000000
000000000
000000000
000000000
000000000
000000000
000000000
000000000
000000000
000000000
000000000
000000000
000000000
000000000
000000000
000000000
000000000
000000000
000000000
000000000
000000000
000000000
000000000
000000000
000000000
000000000
000000000
000000000
000000000
000000000
000000000
000000000
000000000
000000000
000000000
000000000
000000000
000000000
000000000
000000000
000000000
000000000
000000000
000000000
000000000
000000000
000000000
000000000
000000000
000000000
000000000
000000000
000000000
000000000
000000000
000000000
000000000
000000000
000000000
000000000
000000000
000000000
000000000
000000000
000000000
000000000
000000000
000000000
000000000
000000000
000000000
000000000
000000000
000000000
000000000
000000000
000000000
000000000
000000000
000000000
000000000
000000000
000000000
000000000
000000000
000000000
000000000
000000000
000000000
000000000
000000000
000000000
000000000
000000000
000000000
000000000
000000000
000000000
000000000
000000000
000000000
000000000
000000000
000000000
000000000
000000000
000000000
000000000
000000000
000000000
000000000
000000000
000000000
000000000
000000000
000000000
000000000
000000000
000000000
000000000
000000000
000000000
000000000
000000000
000000000
000000000
000000000
000000000
000000000
000000000
000000000
000000000
000000000
000000000
000000000
000000000
000000000
000000000
000000000
000000000
000000000
000000000
000000000
000000000
000000000
000000000
000000000
000000000
000000000
000000000
000000000
000000000
000000000
000000000
000000000
000000000
000000000
000000000
000000000
000000000
000000000
000000000
000000000
000000000
000000000
000000000
000000000
000000000
000000000
000000000
000000000
000000000
000000000
000000000
000000000
000000000
000000000
000000000
000000000
000000000
000000000
000000000
000000000
000000000
000000000
000000000
000000000
000000000
000000000
000000000
000000000
000000000
000000000
000000000
000000000
000000000
000000000
000000000
000000000
000000000
000000000
000000000
000000000
000000000
000000000
000000000
000000000
000000000
000000000
000000000
000000000
000000000
000000000
000000000
000000000
000000000
000000000
000000000
000000000
000000000
000000000
000000000
000000000
000000000
000000000
000000000
000000000
000000000
000000000
000000000
000000000
000000000
000000000
000000000
000000000
000000000
000000000
000000000
000000000
000000000
000000000
000000000
000000000
000000000
000000000
000000000
000000000
000000000
000000000
000000000
000000000
000000000
000000000
000000000
000000000
000000000
000000000
000000000
000000000
000000000
000000000
000000000
000000000
000000000
000000000
000000000
000000000
000000000
000000000
000000000
000000000
000000000
000000000
000000000
000000000
000000000
000000000
000000000
000000000
000000000
000000000
000000000
000000000
000000000
000000000
000000000
000000000
000000000
000000000
000000000
000000000
000000000
000000000
000000000
000000000
000000000
000000000
000000000
000000000
000000000
000000000
000000000
000000000
000000000
000000000
000000000
000000000
000000000
000000000
000000000
000000000
000000000
000000000
000000000
000000000
000000000
000000000
000000000
000000000
000000000
000000000
000000000
000000000
000000000
000000000
000000000
000000000
000000000
000000000
000000000
000000000
000000000
000000000
000000000
000000000
000000000
000000000
000000000
000000000
000000000
000000000
000000000
000000000
000000000
000000000
000000000
000000000
000000000
000000000
000000000
000000000
000000000
000000000
000000000
000000000
000000000
000000000
000000000
000000000
000000000
000000000
000000000
000000000
000000000
000000000
000000000
000000000
000000000
000000000
000000000
000000000
000000000
000000000
000000000
000000000
000000000
000000000
000000000
000000000
000000000
000000000
000000000
000000000
000000000
000000000
000000000
000000000
000000000
000000000
000000000
000000000
000000000
000000000
000000000
000000000
000000000
000000000
000000000
000000000
000000000
000000000
000000000
000000000
000000000
000000000
000000000
000000000
000000000
000000000
000000000
000000000
000000000
000000000
000000000
000000000
000000000
000000000
000000000
000000000
000000000
000000000
000000000
000000000
000000000
000000000
000000000
000000000
000000000
000000000
000000000
000000000
000000000
000000000
000000000
000000000
000000000
000000000
000000000
000000000
000000000
000000000
000000000
000000000
000000000
000000000
000000000
000000000
000000000
000000000
000000000
000000000
000000000
000000000
000000000
000000000
000000000
000000000
000000000
000000000
000000000
000000000
000000000
000000000
000000000
000000000
000000000
000000000
000000000
000000000
000000000
000000000
000000000
000000000
000000000
000000000
000000000
000000000
000000000
000000000
000000000
000000000
000000000
000000000
000000000
000000000
000000000
000000000
000000000
000000000
000000000
000000000
000000000
000000000
000000000
000000000
000000000
000000000
000000000
000000000
000000000
000000000
000000000
000000000
000000000
000000000
000000000
000000000
000000000
000000000
000000000
000000000
000000000
000000000
000000000
000000000
000000000
000000000
000000000
000000000
000000000
000000000
000000000
000000000
000000000
000000000
000000000
000000000
000000000
000000000
000000000
000000000
000000000
000000000
000000000
000000000
000000000
000000000
000000000
000000000
000000000
000000000
000000000
000000000
000000000
000000000
000000000
000000000
000000000
000000000
000000000
000000000
000000000
000000000
000000000
000000000
000000000
000000000
000000000
000000000
000000000
000000000
000000000
000000000
000000000
000000000
000000000
000000000
000000000
000000000
000000000
000000000
000000000
000000000
000000000
000000000
000000000
000000000
000000000
000000000
000000000
000000000
000000000
000000000
000000000
000000000
000000000
000000000
000000000
000000000
000000000
000000000
000000000
000000000
000000000
000000000
000000000
000000000
000000000
000000000
000000000
000000000
000000000
000000000
000000000
000000000
000000000
000000000
000000000
000000000
000000000
000000000
000000000
000000000
000000000
000000000
000000000
000000000
000000000
000000000
000000000
000000000
000000000
000000000
000000000
000000000
000000000
000000000
000000000
000000000
000000000
000000000
000000000
000000000
000000000
000000000
000000000
000000000
000000000
000000000
000000000
000000000
000000000
000000000
000000000
000000000
000000000
000000000
000000000
000000000
000000000
000000000
000000000
000000000
000000000
000000000
000000000
000000000
000000000
000000000
000000000
000000000
000000000
000000000
000000000
000000000
000000000
000000000
000000000
000000000
000000000
000000000
000000000
000000000
000000000
000000000
000000000
000000000
000000000
000000000
000000000
000000000
000000000
000000000
000000000
000000000
000000000
000000000
000000000
000000000
000000000
000000000
000000000
000000000
000000000
000000000
000000000
000000000
000000000
000000000
000000000
000000000
000000000
000000000
000000000
000000000
000000000
000000000
000000000
000000000
000000000
000000000
000000000
000000000
000000000
000000000
000000000
000000000
000000000
000000000
000000000
000000000
000000000
000000000
000000000
000000000
000000000
000000000
000000000
000000000
000000000
000000000
000000000
000000000
000000000
000000000
000000000
000000000
000000000
000000000
000000000
000000000
000000000
000000000
000000000
000000000
000000000
000000000
000000000
000000000
000000000
000000000
000000000
000000000
000000000
000000000
000000000
000000000
000000000
000000000
000000000
000000000
000000000
000000000
000000000
000000000
000000000
000000000
000000000
000000000
000000000
000000000
000000000
000000000
000000000
000000000
000000000
000000000
000000000
000000000
000000000
000000000
000000000
000000000
000000000
000000000
000000000
000000000
000000000
000000000
000000000
000000000
000000000
000000000
000000000
000000000
000000000
000000000
000000000
000000000
000000000
000000000
000000000
000000000
000000000
000000000
000000000
000000000
000000000
000000000
000000000
000000000
000000000
000000000
000000000
000000000
000000000
000000000
000000000
000000000
000000000
000000000
000000000
000000000
000000000
000000000
000000000
000000000
000000000
000000000
000000000
000000000
000000000
000000000
000000000
000000000
000000000
000000000
000000000
000000000
000000000
000000000
000000000
000000000
000000000
000000000
000000000
000000000
000000000
000000000
000000000
000000000
000000000
000000000
000000000
000000000
000000000
000000000
000000000
000000000
000000000
000000000
000000000
000000000
000000000
000000000
000000000
000000000
000000000
000000000
000000000
000000000
000000000
000000000
000000000
000000000
000000000
000000000
000000000
000000000
000000000
000000000
000000000
000000000
000000000
000000000
000000000
000000000
000000000
000000000
000000000
000000000
000000000
000000000
000000000
000000000
000000000
000000000
000000000
000000000
000000000
000000000
000000000
000000000
000000000
000000000
000000000
000000000
000000000
000000000
000000000
000000000
000000000
000000000
000000000
000000000
000000000
000000000
000000000
000000000
000000000
000000000
000000000
000000000
000000000
000000000
000000000
000000000
000000000
000000000
000000000
000000000
000000000
000000000
000000000
000000000
000000000
000000000
000000000
000000000
000000000
000000000
000000000
000000000
000000000
000000000
000000000
000000000
000000000
000000000
000000000
000000000
000000000
000000000
000000000
000000000
000000000
000000000
000000000
000000000
000000000
000000000
000000000
000000000
000000000
000000000
000000000
000000000
000000000
000000000
000000000
000000000
000000000
000000000
000000000
000000000
000000000
000000000
000000000
000000000
000000000
000000000
000000000
000000000
000000000
000000000
000000000
000000000
000000000
000000000
000000000
000000000
000000000
000000000
000000000
000000000
000000000
000000000
000000000
000000000
000000000
000000000
000000000
000000000
000000000
000000000
000000000
000000000
000000000
000000000
000000000
000000000
000000000
000000000
000000000
000000000
000000000
000000000
000000000
000000000
000000000
000000000
000000000
000000000
000000000
000000000
000000000
000000000
000000000
000000000
000000000
000000000
000000000
000000000
000000000
000000000
000000000
000000000
000000000
000000000
000000000
000000000
000000000
000000000
000000000
000000000
000000000
000000000
000000000
000000000
000000000
000000000
000000000
000000000
000000000
000000000
000000000
000000000
000000000
000000000
000000000
000000000
000000000
000000000
000000000
000000000
000000000
000000000
000000000
000000000
000000000
000000000
000000000
000000000
000000000
000000000
000000000
000000000
000000000
000000000
000000000
000000000
000000000
000000000
000000000
000000000
000000000
000000000
000000000
000000000
000000000
000000000
000000000
000000000
000000000
000000000
000000000
000000000
000000000
000000000
000000000
000000000
000000000
000000000
000000000
000000000
000000000
000000000
000000000
000000000
000000000
000000000
000000000
000000000
000000000
000000000
000000000
000000000
000000000
000000000
000000000
000000000
000000000
000000000
000000000
000000000
000000000
000000000
000000000
000000000
000000000
000000000
000000000
000000000
000000000
000000000
000000000
000000000
000000000
000000000
000000000
000000000
000000000
000000000
000000000
000000000
000000000
000000000
000000000
000000000
000000000
000000000
000000000
000000000
000000000
000000000
000000000
000000000
000000000
000000000
000000000
000000000
000000000
000000000
000000000
000000000
000000000
000000000
000000000
000000000
000000000
000000000
000000000
000000000
000000000
000000000
000000000
000000000
000000000
000000000
000000000
000000000
000000000
000000000
000000000
000000000
000000000
000000000
000000000
000000000
000000000
000000000
000000000
000000000
000000000
000000000
000000000
000000000
000000000
000000000
000000000
000000000
000000000
000000000
000000000
000000000
000000000
000000000
000000000
000000000
000000000
000000000
000000000
000000000
000000000
000000000
000000000
000000000
000000000
000000000
000000000
000000000
000000000
000000000
000000000
000000000
000000000
000000000
000000000
000000000
000000000
000000000
000000000
000000000
000000000
000000000
000000000
000000000
000000000
000000000
000000000
000000000
000000000
000000000
000000000
000000000
000000000
000000000
000000000
000000000
000000000
000000000
000000000
000000000
000000000
000000000
000000000
000000000
000000000
000000000
000000000
000000000
000000000
000000000
000000000
000000000
000000000
000000000
000000000
000000000
000000000
000000000
000000000
000000000
000000000
000000000
000000000
000000000
000000000
000000000
000000000
000000000
000000000
000000000
000000000
000000000
000000000
000000000
000000000
000000000
000000000
000000000
000000000
000000000
000000000
000000000
000000000
000000000
000000000
000000000
000000000
000000000
000000000
000000000
000000000
000000000
000000000
000000000
000000000
000000000
000000000
000000000
000000000
000000000
000000000
000000000
000000000
000000000
000000000
000000000
000000000
000000000
000000000
000000000
000000000
000000000
000000000
000000000
000000000
000000000
000000000
000000000
000000000
000000000
000000000
000000000
000000000
000000000
000000000
000000000
000000000
000000000
000000000
000000000
000000000
000000000
000000000
000000000
000000000
000000000
000000000
000000000
000000000
000000000
000000000
000000000
000000000
000000000
000000000
000000000
000000000
000000000
000000000
000000000
000000000
000000000
000000000
000000000
000000000
000000000
000000000
000000000
000000000
000000000
000000000
000000000
000000000
000000000
000000000
000000000
000000000
000000000
000000000
000000000
000000000
000000000
000000000
000000000
000000000
000000000
000000000
000000000
000000000
000000000
000000000
000000000
000000000
000000000
000000000
000000000
000000000
000000000
000000000
000000000
000000000
000000000
000000000
000000000
000000000
000000000
000000000
000000000
000000000
000000000
000000000
000000000
000000000
000000000
000000000
000000000
000000000
000000000
000000000
000000000
000000000
000000000
000000000
000000000
000000000
000000000
000000000
000000000
000000000
000000000
000000000
000000000
000000000
000000000
000000000
000000000
000000000
000000000
000000000
000000000
000000000
000000000
000000000
000000000
000000000
000000000
000000000
000000000
000000000
000000000
000000000
000000000
000000000
000000000
000000000
000000000
000000000
000000000
000000000
000000000
000000000
000000000
000000000
000000000
000000000
000000000
000000000
000000000
000000000
000000000
000000000
000000000
000000000
000000000
000000000
000000000
000000000
000000000
000000000
000000000
000000000
000000000
000000000
000000000
000000000
000000000
000000000
000000000
000000000
000000000
000000000
000000000
000000000
000000000
000000000
000000000
000000000
000000000
000000000
000000000
000000000
000000000
000000000
000000000
000000000
000000000
000000000
000000000
000000000
000000000
000000000
000000000
000000000
000000000
000000000
000000000
000000000
000000000
000000000
000000000
000000000
000000000
000000000
000000000
000000000
000000000
000000000
000000000
000000000
000000000
000000000
000000000
000000000
000000000
000000000
000000000
000000000
000000000
000000000
000000000
000000000
000000000
000000000
000000000
000000000
000000000
000000000
000000000
000000000
000000000
000000000
000000000
000000000
000000000
000000000
000000000
000000000
000000000
000000000
000000000
000000000
000000000
000000000
000000000
000000000
000000000
000000000
000000000
000000000
000000000
000000000
000000000
000000000
000000000
000000000
000000000
000000000
000000000
000000000
000000000
000000000
000000000
000000000
000000000
000000000
000000000
000000000
000000000
000000000
000000000
000000000
000000000
000000000
000000000
000000000
000000000
000000000
000000000
000000000
000000000
000000000
000000000
000000000
000000000
000000000
000000000
000000000
000000000
000000000
000000000
000000000
000000000
000000000
000000000
000000000
000000000
000000000
000000000
000000000
000000000
000000000
000000000
000000000
000000000
000000000
000000000
000000000
000000000
000000000
000000000
000000000
000000000
000000000
000000000
000000000
000000000
000000000
000000000
000000000
000000000
000000000
000000000
000000000
000000000
000000000
000000000
000000000
000000000
000000000
000000000
000000000
000000000
000000000
000000000
000000000
000000000
000000000
000000000
000000000
000000000
000000000
000000000
000000000
000000000
000000000
000000000
000000000
000000000
000000000
000000000
000000000
000000000
000000000
000000000
000000000
000000000
000000000
000000000
000000000
000000000
000000000
000000000
000000000
000000000
000000000
000000000
000000000
000000000
000000000
000000000
000000000
000000000
000000000
000000000
000000000
000000000
000000000
000000000
000000000
000000000
000000000
000000000
000000000
000000000
000000000
000000000
000000000
000000000
000000000
000000000
000000000
000000000
000000000
000000000
000000000
000000000
000000000
000000000
000000000
000000000
000000000
000000000
000000000
000000000
000000000
000000000
000000000
000000000
000000000
000000000
000000000
000000000
000000000
000000000
000000000
000000000
000000000
000000000
000000000
000000000
000000000
000000000
000000000
000000000
000000000
000000000
000000000
000000000
000000000
000000000
000000000
000000000
000000000
000000000
000000000
000000000
000000000
000000000
000000000
000000000
000000000
000000000
000000000
000000000
000000000
000000000
000000000
000000000
000000000
000000000
000000000
000000000
000000000
000000000
000000000
000000000
000000000
000000000
000000000
000000000
000000000
000000000
000000000
000000000
000000000
000000000
000000000
000000000
000000000
000000000
000000000
000000000
000000000
000000000
000000000
000000000
000000000
000000000
000000000
000000000
000000000
000000000
000000000
000000000
000000000
000000000
000000000
000000000
000000000
000000000
000000000
000000000
000000000
000000000
000000000
000000000
000000000
000000000
000000000
000000000
000000000
000000000
000000000
000000000
000000000
000000000
000000000
000000000
000000000
000000000
000000000
000000000
000000000
000000000
000000000
000000000
000000000
000000000
000000000
000000000
000000000
000000000
000000000
000000000
000000000
000000000
000000000
000000000
000000000
000000000
000000000
000000000
000000000
000000000
000000000
000000000
000000000
000000000
000000000
000000000
000000000
000000000
000000000
000000000
000000000
000000000
000000000
000000000
000000000
000000000
000000000
000000000
000000000
000000000
000000000
000000000
000000000
000000000
000000000
000000000
000000000
000000000
000000000
000000000
000000000
000000000
000000000
000000000
000000000
000000000
000000000
000000000
000000000
000000000
000000000
000000000
000000000
000000000
000000000
000000000
000000000
000000000
000000000
000000000
000000000
000000000
000000000
000000000
000000000
000000000
000000000
000000000
000000000
000000000
000000000
000000000
000000000
000000000
000000000
000000000
000000000
000000000
000000000
000000000
000000000
000000000
000000000
000000000
000000000
000000000
000000000
000000000
000000000
000000000
000000000
000000000
000000000
000000000
000000000
000000000
000000000
000000000
000000000
000000000
000000000
000000000
000000000
000000000
000000000
000000000
000000000
000000000
000000000
000000000
000000000
000000000
000000000
000000000
000000000
000000000
000000000
000000000
000000000
000000000
000000000
000000000
000000000
000000000
000000000
000000000
000000000
000000000
000000000
000000000
000000000
000000000
000000000
000000000
000000000
000000000
000000000
000000000
000000000
000000000
000000000
000000000
000000000
000000000
000000000
000000000
000000000
000000000
000000000
000000000
000000000
000000000
000000000
000000000
000000000
000000000
000000000
000000000
000000000
000000000
000000000
000000000
000000000
000000000
000000000
000000000
000000000
000000000
000000000
000000000
000000000
000000000
000000000
000000000
000000000
000000000
000000000
000000000
000000000
000000000
000000000
000000000
000000000
000000000
000000000
000000000
000000000
000000000
000000000
000000000
000000000
000000000
000000000
000000000
000000000
000000000
000000000
000000000
000000000
000000000
000000000
000000000
000000000
000000000
000000000
000000000
000000000
000000000
000000000
000000000
000000000
000000000
000000000
000000000
000000000
000000000
000000000
000000000
000000000
000000000
000000000
000000000
000000000
000000000
000000000
000000000
000000000
000000000
000000000
000000000
000000000
000000000
000000000
000000000
000000000
000000000
000000000
000000000
000000000
000000000
000000000
000000000
000000000
000000000
000000000
000000000
000000000
000000000
000000000
000000000
000000000
000000000
000000000
000000000
000000000
000000000
000000000
000000000
000000000
000000000
000000000
000000000
000000000
000000000
000000000
000000000
000000000
000000000
000000000
000000000
000000000
000000000
000000000
000000000
000000000
000000000
000000000
000000000
000000000
000000000
000000000
000000000
000000000
000000000
000000000
000000000
000000000
000000000
000000000
000000000
000000000
000000000
000000000
000000000
000000000
000000000
000000000
000000000
000000000
000000000
000000000
000000000
000000000
000000000
000000000
000000000
000000000
000000000
000000000
000000000
000000000
000000000
000000000
000000000
000000000
000000000
000000000
000000000
000000000
000000000
000000000
000000000
000000000
000000000
000000000
000000000
000000000
000000000
000000000
000000000
000000000
000000000
000000000
000000000
000000000
000000000
000000000
000000000
000000000
000000000
000000000
000000000
000000000
000000000
000000000
000000000
000000000
000000000
000000000
000000000
000000000
000000000
000000000
000000000
000000000
000000000
000000000
000000000
000000000
000000000
000000000
000000000
000000000
000000000
000000000
000000000
000000000
000000000
000000000
000000000
000000000
000000000
000000000
000000000
000000000
000000000
000000000
000000000
000000000
000000000
000000000
000000000
000000000
000000000
000000000
000000000
000000000
000000000
000000000
000000000
000000000
000000000
000000000
000000000
000000000
000000000
000000000
000000000
000000000
000000000
000000000
000000000
000000000
000000000
000000000
000000000
000000000
000000000
000000000
000000000
000000000
000000000
000000000
000000000
000000000
000000000
000000000
000000000
000000000
000000000
000000000
000000000
000000000
000000000
000000000
000000000
000000000
000000000
000000000
000000000
000000000
000000000
000000000
000000000
000000000
000000000
000000000
000000000
000000000
000000000
000000000
000000000
000000000
000000000
000000000
000000000
000000000
000000000
000000000
000000000
000000000
000000000
000000000
000000000
000000000
000000000
000000000
000000000
000000000
000000000
000000000
000000000
000000000
000000000
000000000
000000000
000000000
000000000
000000000
000000000
000000000
000000000
000000000
000000000
000000000
000000000
000000000
000000000
000000000
000000000
000000000
000000000
000000000
000000000
000000000
000000000
000000000
000000000
000000000
000000000
000000000
000000000
000000000
000000000
000000000
000000000
000000000
000000000
000000000
000000000
000000000
000000000
000000000
000000000
000000000
000000000
000000000
000000000
000000000
000000000
000000000
000000000
000000000
000000000
000000000
000000000
000000000
000000000
000000000
000000000
000000000
000000000
000000000
000000000
000000000
000000000
000000000
000000000
000000000
000000000
000000000
000000000
000000000
000000000
000000000
000000000
000000000
000000000
000000000
000000000
000000000
000000000
000000000
000000000
000000000
000000000
000000000
000000000
000000000
000000000
000000000
000000000
000000000
000000000
000000000
000000000
000000000
000000000
000000000
000000000
000000000
000000000
000000000
000000000
000000000
000000000
000000000
000000000
000000000
000000000
000000000
000000000
000000000
000000000
000000000
000000000
000000000
000000000
000000000
000000000
000000000
000000000
000000000
000000000
000000000
000000000
000000000
000000000
000000000
000000000
000000000
000000000
000000000
000000000
000000000
000000000
000000000
000000000
000000000
000000000
000000000
000000000
000000000
000000000
000000000
000000000
000000000
000000000
000000000
000000000
000000000
000000000
000000000
000000000
000000000
000000000
000000000
000000000
000000000
000000000
000000000
000000000
000000000
000000000
000000000
000000000
000000000
000000000
000000000
000000000
000000000
000000000
000000000
000000000
000000000
000000000
000000000
000000000
000000000
000000000
000000000
000000000
000000000
000000000
000000000
000000000
000000000
000000000
000000000
000000000
000000000
000000000
000000000
000000000
000000000
000000000
000000000
000000000
000000000
000000000
000000000
000000000
000000000
000000000
000000000
000000000
000000000
000000000
000000000
000000000
000000000
000000000
000000000
000000000
000000000
000000000
000000000
000000000
000000000
000000000
000000000
000000000
000000000
000000000
000000000
000000000
000000000
000000000
000000000
000000000
000000000
000000000
000000000
000000000
000000000
000000000
000000000
000000000
000000000
000000000
000000000
000000000
000000000
000000000
000000000
000000000
000000000
000000000
000000000
000000000
000000000
000000000
000000000
000000000
000000000
000000000
000000000
000000000
000000000
000000000
000000000
000000000
000000000
000000000
000000000
000000000
000000000
000000000
000000000
000000000
000000000
000000000
000000000
000000000
000000000
000000000
000000000
000000000
000000000
000000000
000000000
000000000
000000000
000000000
000000000
000000000
000000000
000000000
000000000
000000000
000000000
000000000
000000000
000000000
000000000
000000000
000000000
000000000
000000000
000000000
000000000
000000000
000000000
000000000
000000000
000000000
000000000
000000000
000000000
000000000
000000000
000000000
000000000
000000000
000000000
000000000
000000000
000000000
000000000
000000000
000000000
000000000
000000000
000000000
000000000
000000000
000000000
000000000
000000000
000000000
000000000
000000000
000000000
000000000
000000000
000000000
000000000
000000000
000000000
000000000
000000000
000000000
000000000
000000000
000000000
000000000
000000000
000000000
000000000
000000000
000000000
000000000
000000000
000000000
000000000
000000000
000000000
000000000
000000000
000000000
000000000
000000000
000000000
000000000
000000000
000000000
000000000
000000000
000000000
000000000
000000000
000000000
000000000
000000000
000000000
000000000
000000000
000000000
000000000
000000000
000000000
000000000
000000000
000000000
000000000
000000000
000000000
000000000
000000000
000000000
000000000
000000000
000000000
000000000
000000000
000000000
000000000
000000000
000000000
000000000
000000000
000000000
000000000
000000000
000000000
000000000
000000000
000000000
000000000
000000000
000000000
000000000
000000000
000000000
000000000
000000000
000000000
000000000
000000000
000000000
000000000
000000000
000000000
000000000
000000000
000000000
000000000
000000000
000000000
000000000
000000000
000000000
000000000
000000000
000000000
000000000
000000000
000000000
000000000
000000000
000000000
000000000
000000000
000000000
000000000
000000000
000000000
000000000
000000000
000000000
000000000
000000000
000000000
000000000
000000000
000000000
000000000
000000000
000000000
000000000
000000000
000000000
000000000
000000000
000000000
000000000
000000000
000000000
000000000
000000000
000000000
000000000
000000000
000000000
000000000
000000000
000000000
000000000
000000000
000000000
000000000
000000000
000000000
000000000
000000000
000000000
000000000
000000000
000000000
000000000
000000000
000000000
000000000
000000000
000000000
000000000
000000000
000000000
000000000
000000000
000000000
000000000
000000000
000000000
000000000
000000000
000000000
000000000
000000000
000000000
000000000
000000000
000000000
000000000
000000000
000000000
000000000
000000000
000000000
000000000
000000000
000000000
000000000
000000000
000000000
000000000
000000000
000000000
000000000
000000000
000000000
000000000
000000000
000000000
000000000
000000000
000000000
000000000
000000000
000000000
000000000
000000000
000000000
000000000
000000000
000000000
000000000
000000000
000000000
000000000
000000000
000000000
000000000
000000000
000000000
000000000
000000000
000000000
000000000
000000000
000000000
000000000
000000000
000000000
000000000
000000000
000000000
000000000
000000000
000000000
000000000
000000000
000000000
000000000
000000000
000000000
000000000
000000000
000000000
000000000
000000000
000000000
000000000
000000000
000000000
000000000
000000000
000000000
000000000
000000000
000000000
000000000
000000000
000000000
000000000
000000000
000000000
000000000
000000000
000000000
000000000
000000000
000000000
000000000
000000000
000000000
000000000
000000000
000000000
000000000
000000000
000000000
000000000
000000000
000000000
000000000
000000000
000000000
000000000
000000000
000000000
000000000
000000000
000000000
000000000
000000000
000000000
000000000
000000000
000000000
000000000
000000000
000000000
000000000
000000000
000000000
000000000
000000000
000000000
000000000
000000000
000000000
000000000
000000000
000000000
000000000
000000000
000000000
000000000
000000000
000000000
000000000
000000000
000000000
000000000
000000000
000000000
000000000
000000000
000000000
000000000
000000000
000000000
000000000
000000000
000000000
000000000
000000000
000000000
000000000
000000000
000000000
000000000
000000000
000000000
000000000
000000000
000000000
000000000
000000000
000000000
000000000
000000000
000000000
000000000
000000000
000000000
000000000
000000000
000000000
000000000
000000000
000000000
000000000
000000000
000000000
000000000
000000000
000000000
000000000
000000000
000000000
000000000
000000000
000000000
000000000
000000000
000000000
000000000
000000000
000000000
000000000
000000000
000000000
000000000
000000000
000000000
000000000
000000000
000000000
000000000
000000000
000000000
000000000
000000000
000000000
000000000
000000000
000000000
000000000
000000000
000000000
000000000
000000000
000000000
000000000
000000000
000000000
000000000
000000000
000000000
000000000
000000000
000000000
000000000
000000000
000000000
000000000
000000000
000000000
000000000
000000000
000000000
000000000
000000000
000000000
000000000
000000000
000000000
000000000
000000000
000000000
000000000
000000000
000000000
000000000
000000000
000000000
000000000
000000000
000000000
000000000
000000000
000000000
000000000
000000000
000000000
000000000
000000000
000000000
000000000
000000000
000000000
000000000
000000000
000000000
000000000
000000000
000000000
000000000
000000000
000000000
000000000
000000000
000000000
000000000
000000000
000000000
000000000
000000000
000000000
000000000
000000000
000000000
000000000
000000000
000000000
000000000
000000000
000000000
000000000
000000000
000000000
000000000
000000000
000000000
000000000
000000000
000000000
000000000
000000000
000000000
000000000
000000000
000000000
000000000
000000000
000000000
000000000
000000000
000000000
000000000
000000000
000000000
000000000
000000000
000000000
000000000
000000000
000000000
000000000
000000000
000000000
000000000
000000000
000000000
000000000
000000000
000000000
000000000
000000000
000000000
000000000
000000000
000000000
000000000
000000000
000000000
000000000
000000000
000000000
000000000
000000000
000000000
000000000
000000000
000000000
000000000
000000000
000000000
000000000
000000000
000000000
000000000
000000000
000000000
000000000
000000000
000000000
000000000
000000000
000000000
000000000
000000000
000000000
000000000
000000000
000000000
000000000
000000000
000000000
000000000
000000000
000000000
000000000
000000000
000000000
000000000
000000000
000000000
000000000
000000000
000000000
000000000
000000000
000000000
000000000
000000000
000000000
000000000
000000000
000000000
000000000
000000000
000000000
000000000
000000000
000000000
000000000
000000000
000000000
000000000
000000000
000000000
000000000
000000000
000000000
000000000
000000000
000000000
000000000
000000000
000000000
000000000
000000000
000000000
000000000
000000000
000000000
000000000
000000000
000000000
000000000
000000000
000000000
000000000
000000000
000000000
000000000
000000000
000000000
000000000
000000000
000000000
000000000
000000000
000000000
000000000
000000000
000000000
000000000
000000000
000000000
000000000
000000000
000000000
000000000
000000000
000000000
000000000
000000000
000000000
000000000
000000000
000000000
000000000
000000000
000000000
000000000
000000000
000000000
000000000
000000000
000000000
000000000
000000000
000000000
000000000
000000000
000000000
000000000
000000000
000000000
000000000
000000000
000000000
000000000
000000000
000000000
000000000
000000000
000000000
000000000
000000000
000000000
000000000
000000000
000000000
000000000
000000000
000000000
000000000
000000000
000000000
000000000
000000000
000000000
000000000
000000000
000000000
000000000
000000000
000000000
000000000
000000000
000000000
000000000
000000000
000000000
000000000
000000000
000000000
000000000
000000000
000000000
000000000
000000000
000000000
000000000
000000000
000000000
000000000
000000000
000000000
000000000
000000000
000000000
000000000
000000000
000000000
000000000
000000000
000000000
000000000
000000000
000000000
000000000
000000000
000000000
000000000
000000000
000000000
000000000
000000000
000000000
000000000
000000000
000000000
000000000
000000000
000000000
000000000
000000000
000000000
000000000
000000000
000000000
000000000
000000000
000000000
000000000
000000000
000000000
000000000
000000000
000000000
000000000
000000000
000000000
000000000
000000000
000000000
000000000
000000000
000000000
000000000
000000000
000000000
000000000
000000000
000000000
000000000
000000000
000000000
000000000
000000000
000000000
000000000
000000000
000000000
000000000
000000000
000000000
000000000
000000000
000000000
000000000
000000000
000000000
000000000
000000000
000000000
000000000
000000000
000000000
000000000
000000000
000000000
000000000
000000000
000000000
000000000
000000000
000000000
000000000
000000000
000000000
000000000
000000000
000000000
000000000
000000000
000000000
000000000
000000000
000000000
000000000
000000000
000000000
000000000
000000000
000000000
000000000
000000000
000000000
000000000
000000000
000000000
000000000
000000000
000000000
000000000
000000000
000000000
000000000
000000000
000000000
000000000
000000000
000000000
000000000
000000000
000000000
000000000
000000000
000000000
000000000
000000000
000000000
000000000
000000000
000000000
000000000
000000000
000000000
000000000
000000000
000000000
000000000
000000000
000000000
000000000
000000000
000000000
000000000
000000000
000000000
000000000
000000000
000000000
000000000
000000000
000000000
000000000
000000000
000000000
000000000
000000000
000000000
000000000
000000000
000000000
000000000
000000000
000000000
000000000
000000000
000000000
000000000
000000000
000000000
000000000
000000000
000000000
000000000
000000000
000000000
000000000
000000000
000000000
000000000
000000000
000000000
000000000
000000000
000000000
000000000
000000000
000000000
000000000
000000000
000000000
000000000
000000000
000000000
000000000
000000000
000000000
000000000
000000000
000000000
000000000
000000000
000000000
000000000
000000000
000000000
000000000
000000000
000000000
000000000
000000000
000000000
000000000
000000000
000000000
000000000
000000000
000000000
000000000
000000000
000000000
000000000
000000000
000000000
000000000
000000000
000000000
000000000
000000000
000000000
000000000
000000000
000000000
000000000
000000000
000000000
000000000
000000000
000000000
000000000
000000000
000000000
000000000
000000000
000000000
000000000
000000000
000000000
000000000
000000000
000000000
000000000
000000000
000000000
000000000
000000000
000000000
000000000
000000000
000000000
000000000
000000000
000000000
000000000
000000000
000000000
000000000
000000000
000000000
000000000
000000000
000000000
000000000
000000000
000000000
000000000
000000000
000000000
000000000
000000000
000000000
000000000
000000000
000000000
000000000
000000000
000000000
000000000
000000000
000000000
000000000
000000000
000000000
000000000
000000000
000000000
000000000
000000000
000000000
000000000
000000000
000000000
000000000
000000000
000000000
000000000
000000000
000000000
000000000
000000000
000000000
000000000
000000000
000000000
000000000
000000000
000000000
000000000
000000000
000000000
000000000
000000000
000000000
000000000
000000000
000000000
000000000
000000000
000000000
000000000
000000000
000000000
000000000
000000000
000000000
000000000
000000000
000000000
000000000
000000000
000000000
000000000
000000000
000000000
000000000
000000000
000000000
000000000
000000000
000000000
000000000
000000000
000000000
000000000
000000000
000000000
000000000
000000000
000000000
000000000
000000000
000000000
000000000
000000000
000000000
000000000
000000000
000000000
000000000
000000000
000000000
000000000
000000000
000000000
000000000
000000000
000000000
000000000
000000000
000000000
000000000
000000000
000000000
000000000
000000000
000000000
000000000
000000000
000000000
000000000
000000000
000000000
000000000
000000000
000000000
000000000
000000000
000000000
000000000
000000000
000000000
000000000
000000000
000000000
000000000
000000000
000000000
000000000
000000000
000000000
000000000
000000000
000000000
000000000
000000000
000000000
000000000
000000000
000000000
000000000
000000000
000000000
000000000
000000000
000000000
000000000
000000000
000000000
000000000
000000000
000000000
000000000
000000000
000000000
000000000
000000000
000000000
000000000
000000000
000000000
000000000
000000000
000000000
000000000
000000000
000000000
000000000
000000000
000000000
000000000
000000000
000000000
000000000
000000000
000000000
000000000
000000000
000000000
000000000
000000000
000000000
000000000
000000000
000000000
000000000
000000000
000000000
000000000
000000000
000000000
000000000
000000000
000000000
000000000
000000000
000000000
000000000
000000000
000000000
000000000
000000000
000000000
000000000
000000000
000000000
000000000
000000000
000000000
000000000
000000000
000000000
000000000
000000000
000000000
000000000
000000000
000000000
000000000
000000000
000000000
000000000
000000000
000000000
000000000
000000000
000000000
000000000
000000000
000000000
000000000
000000000
000000000
000000000
000000000
000000000
000000000
000000000
000000000
000000000
000000000
000000000
000000000
000000000
000000000
000000000
000000000
000000000
000000000
000000000
000000000
000000000
000000000
000000000
000000000
000000000
000000000
000000000
000000000
000000000
000000000
000000000
000000000
000000000
000000000
000000000
000000000
000000000
000000000
000000000
000000000
000000000
000000000
000000000
000000000
000000000
000000000
000000000
000000000
000000000
000000000
000000000
000000000
000000000
000000000
000000000
000000000
000000000
000000000
000000000
000000000
000000000
000000000
000000000
000000000
000000000
000000000
000000000
000000000
000000000
000000000
000000000
000000000
000000000
000000000
000000000
000000000
000000000
000000000
000000000
000000000
000000000
000000000
000000000
000000000
000000000
000000000
000000000
000000000
000000000
000000000
000000000
000000000
000000000
000000000
000000000
000000000
000000000
000000000
000000000
000000000
000000000
000000000
000000000
000000000
000000000
000000000
000000000
000000000
000000000
000000000
000000000
000000000
000000000
000000000
000000000
000000000
000000000
000000000
000000000
000000000
000000000
000000000
000000000
000000000
000000000
000000000
000000000
000000000
000000000
000000000
000000000
000000000
000000000
000000000
000000000
000000000
000000000
000000000
000000000
000000000
000000000
000000000
000000000
000000000
000000000
000000000
000000000
000000000
000000000
000000000
000000000
000000000
000000000
000000000
000000000
000000000
000000000
000000000
000000000
000000000
000000000
000000000
000000000
000000000
000000000
000000000
000000000
000000000
000000000
000000000
000000000
000000000
000000000
000000000
000000000
000000000
000000000
000000000
000000000
000000000
000000000
000000000
000000000
000000000
000000000
000000000
000000000
000000000
000000000
000000000
000000000
000000000
000000000
000000000
000000000
000000000
000000000
000000000
000000000
000000000
000000000
000000000
000000000
000000000
000000000
000000000
000000000
000000000
000000000
000000000
000000000
000000000
000000000
000000000
000000000
000000000
000000000
000000000
000000000
000000000
000000000
000000000
000000000
000000000
000000000
000000000
000000000
000000000
000000000
000000000
000000000
000000000
000000000
000000000
000000000
000000000
000000000
000000000
000000000
000000000
000000000
000000000
000000000
000000000
000000000
000000000
000000000
000000000
000000000
000000000
000000000
000000000
000000000
000000000
000000000
000000000
000000000
000000000
000000000
000000000
000000000
000000000
000000000
000000000
000000000
000000000
000000000
000000000
000000000
000000000
000000000
000000000
000000000
000000000
000000000
000000000
000000000
000000000
000000000
000000000
000000000
000000000
000000000
000000000
000000000
000000000
000000000
000000000
000000000
000000000
000000000
000000000
000000000
000000000
000000000
000000000
000000000
000000000
000000000
000000000
000000000
000000000
000000000
000000000
000000000
000000000
000000000
000000000
000000000
000000000
000000000
000000000
000000000
000000000
000000000
000000000
000000000
000000000
000000000
000000000
000000000
000000000
000000000
000000000
000000000
000000000
000000000
000000000
000000000
000000000
000000000
000000000
000000000
000000000
000000000
000000000
000000000
000000000
000000000
000000000
000000000
000000000
000000000
000000000
000000000
000000000
000000000
000000000
000000000
000000000
000000000
000000000
000000000
000000000
000000000
000000000
000000000
000000000
000000000
000000000
000000000
000000000
000000000
000000000
000000000
000000000
000000000
000000000
000000000
000000000
000000000
000000000
000000000
000000000
000000000
000000000
000000000
000000000
000000000
000000000
000000000
000000000
000000000
000000000
000000000
000000000
000000000
000000000
000000000
000000000
000000000
000000000
000000000
000000000
000000000
000000000
000000000
000000000
000000000
000000000
000000000
000000000
000000000
000000000
000000000
000000000
000000000
000000000
000000000
000000000
000000000
000000000
000000000
000000000
000000000
000000000
000000000
000000000
000000000
000000000
000000000
000000000
000000000
000000000
000000000
000000000
000000000
000000000
000000000
000000000
000000000
0005851EC
000000000
000000000
000000000
000228F5C
000000000
000000000
000000000
000000000
000000000
000000000
000000000
000000000
000000000
000547AE0
000000000
000000000
000000000
000000000
000000000
000000000
000000000
000000000
000000000
000828F5C
000000000
000000000
000000000
000000000
0008A3D71
000000000
000000000
000000000
000000000
000000000
000000000
000000000
000000000
000000000
000770A3E
000000000
000000000
000000000
000000000
000000000
000000000
000000000
000000000
000000000
000000000
000000000
000000000
000000000
000000000
000000000
000000000
000000000
000000000
000A8F5C3
000000000
000000000
000000000
000000000
000000000
000000000
000000000
000000000
000000000
000000000
000000000
000000000
000000000
000000000
000000000
000000000
000000000
000000000
000000000
000000000
000000000
000000000
000000000
000000000
000000000
000000000
000000000
000000000
00099999A
000000000
000000000
000000000
000000000
000000000
000000000
000000000
000000000
000000000
00035C28F
000000000
000000000
000000000
000000000
000000000
000000000
000133333
000000000
000000000
000000000
000000000
000000000
000000000
000000000
000000000
000000000
000000000
0005FFFFF
000000000
000000000
000FD70A4
000000000
000000000
000133333
000DAE148
000000000
000000000
000000000
000000000
000000000
000000000
000000000
000000000
000000000
000000000
000000000
000000000
000000000
000000000
000000000
000000000
000000000
000000000
000000000
000000000
000000000
000000000
0004CCCCC
000000000
000000000
000000000
000133333
000000000
00050A3D7
000000000
000000000
000000000
0002E147B
000ACCCCD
000000000
000000000
000000000
000000000
000000000
000000000
000000000
000000000
000000000
000000000
000000000
000000000
000000000
000000000
000000000
000000000
000000000
000000000
000000000
000000000
000000000
000000000
000000000
000000000
000000000
000000000
000000000
000000000
000000000
000000000
000000000
000000000
000000000
000000000
000000000
0009D70A3
000000000
000000000
000000000
000000000
000000000
000000000
000000000
000000000
000000000
000000000
000170A3D
000000000
000000000
000000000
000000000
000000000
000000000
000000000
000600000
000228F5C
000000000
000000000
000000000
000000000
000000000
000170A3D
000000000
000000000
000000000
000000000
000000000
000000000
000000000
000000000
000000000
000000000
000000000
000000000
000000000
000000000
000000000
000600000
000000000
000000000
0001EB852
000000000
000000000
000000000
000000000
000000000
000000000
000000000
000000000
000000000
000000000
000000000
000000000
000000000
000399999
000000000
000000000
000000000
000000000
000000000
000000000
000000000
000000000
000000000
000000000
000000000
000000000
000000000
000000000
000000000
000000000
000000000
000000000
000000000
000000000
000000000
000000000
000000000
000000000
000000000
000000000
000000000
000000000
000000000
000000000
000000000
000000000
000000000
000000000
000000000
000000000
000000000
000000000
000266666
000228F5C
000000000
000000000
000000000
000000000
000000000
000000000
000000000
000000000
000000000
000770A3D
000000000
000000000
000000000
000000000
000000000
000000000
000000000
000000000
000000000
000000000
000000000
000000000
000000000
000000000
000000000
000000000
000000000
000000000
000000000
000000000
000000000
000000000
000000000
000000000
000000000
000000000
000000000
000000000
000000000
000000000
000000000
000000000
000000000
000000000
000000000
00031EB85
000000000
000000000
000000000
000000000
000266666
000000000
000000000
000000000
000000000
000000000
000000000
000000000
000000000
000000000
000000000
000000000
000000000
000000000
000000000
000000000
000000000
000000000
000000000
000000000
000000000
000000000
000000000
000000000
00091EB85
000000000
000000000
000000000
000000000
000000000
000000000
000000000
000000000
000000000
000000000
000000000
000000000
000000000
000000000
000000000
000000000
000000000
000000000
000000000
000000000
000000000
000000000
000000000
000000000
000000000
000000000
000000000
000000000
000000000
000000000
000000000
000000000
000000000
000000000
000000000
000000000
000000000
00063D70A
000000000
000000000
000000000
000000000
000000000
000000000
000000000
000000000
000000000
000000000
000000000
000000000
000000000
000000000
000000000
000000000
000000000
000000000
000000000
000000000
000000000
000000000
000000000
000000000
000000000
000000000
000000000
000000000
000000000
000000000
000000000
000000000
000000000
000000000
000000000
000000000
000000000
000000000
000000000
000000000
000000000
000000000
000000000
000000000
000000000
000000000
000000000
000000000
000000000
000000000
000000000
0007EB852
000000000
000000000
0002E147B
000000000
000000000
000000000
000000000
000000000
000133333
000000000
000000000
000000000
000000000
000000000
000000000
000000000
000000000
000000000
000000000
000000000
000DEB852
000000000
000000000
000000000
000000000
000000000
000000000
000000000
000000000
000000000
000000000
000000000
000000000
000000000
000000000
000000000
000000000
000000000
000000000
000000000
000000000
000000000
000000000
000000000
000000000
000000000
0002A3D71
000000000
000000000
000000000
000000000
000000000
000000000
000000000
000000000
000000000
000000000
000000000
000000000
0009D70A3
000000000
000000000
000000000
000000000
000000000
000000000
000000000
000000000
000000000
0002A3D71
000000000
000000000
000000000
000000000
000000000
000000000
000000000
000000000
000000000
000000000
000000000
000000000
000000000
000000000
000000000
000000000
000000000
000000000
000000000
000000000
000000000
000000000
000000000
000000000
000000000
000000000
000000000
000000000
000000000
000000000
000000000
000000000
000000000
00050A3D7
000000000
000000000
000000000
000000000
000000000
000000000
000000000
000000000
000000000
000000000
000000000
000000000
000000000
000000000
000000000
000000000
000000000
000000000
000000000
000000000
000000000
000000000
000000000
000000000
000000000
000000000
000000000
000000000
000000000
000000000
000000000
000000000
000000000
000000000
000000000
000000000
000000000
000000000
000000000
000000000
000000000
000000000
000000000
000000000
000000000
000000000
000228F5C
000000000
000000000
00048F5C3
000000000
000000000
000000000
000000000
000000000
000000000
000000000
000000000
000000000
000000000
000000000
000000000
000000000
000000000
000000000
000000000
000000000
000000000
000000000
000000000
000000000
000000000
000000000
00031EB85
000000000
000000000
000000000
000000000
000000000
000000000
000000000
000000000
000000000
000000000
000000000
000000000
000000000
000000000
000000000
000000000
000000000
000000000
000000000
000000000
000000000
000000000
000000000
000000000
000000000
000000000
000000000
000000000
000000000
000000000
0006F5C29
000000000
000000000
000000000
000000000
000000000
000000000
000000000
000000000
000000000
000000000
000000000
000000000
000000000
000000000
000000000
000000000
000000000
000000000
000000000
000000000
000000000
000000000
000000000
000000000
000000000
000000000
000000000
000170A3D
000000000
000000000
000000000
000000000
000000000
000000000
000000000
000000000
000000000
000000000
000BC28F5
000000000
000000000
0007AE147
000000000
000000000
000000000
000000000
000000000
000000000
000000000
000000000
000000000
000000000
00031EB85
000000000
000000000
000000000
000000000
000000000
000000000
000000000
000000000
000000000
000000000
000000000
000000000
000000000
000000000
000000000
000000000
000600000
000000000
000000000
000000000
000000000
000000000
000000000
000000000
0003D70A4
000000000
000000000
000000000
000000000
000000000
000000000
000000000
000000000
000000000
000000000
000000000
000000000
000000000
000000000
000000000
000000000
000000000
000000000
000000000
000000000
000000000
000000000
000000000
000000000
000000000
000000000
000000000
000000000
000000000
000000000
000000000
000000000
000000000
000000000
000000000
000000000
000000000
000000000
000000000
000000000
0002A3D70
000000000
000000000
00095C290
000000000
000000000
000000000
000000000
000C3D70A
000000000
000000000
000000000
00050A3D7
000000000
000000000
000000000
000000000
000000000
000000000
000000000
000000000
000000000
000000000
000000000
000000000
000000000
000000000
000000000
0001EB852
000000000
000000000
000000000
000000000
0001EB852
000000000
00067AE14
000000000
0001EB852
000000000
000000000
000000000
000000000
000170A3D
000000000
000000000
000000000
000000000
000000000
000000000
000000000
000000000
000000000
000000000
000000000
0006F5C28
000000000
000000000
000000000
000000000
000000000
000000000
000000000
000000000
000000000
000000000
000000000
000000000
000000000
000000000
000000000
0002E147B
0001AE148
000000000
000000000
000000000
000000000
000000000
000000000
000000000
000000000
000000000
000000000
000000000
000000000
000000000
000000000
000000000
000000000
000000000
000000000
000000000
000000000
000000000
000000000
000170A3D
000000000
000000000
000000000
000000000
000000000
000000000
000000000
000000000
000000000
000000000
000000000
000000000
000000000
000000000
000000000
000000000
000000000
000000000
000000000
000000000
000000000
000000000
000000000
000000000
000000000
000000000
000000000
000000000
000000000
000000000
000000000
000000000
000000000
000000000
000000000
000000000
000000000
000000000
000133333
000000000
000000000
000000000
000000000
000000000
000000000
000000000
000000000
000000000
000000000
000000000
000000000
000000000
000000000
000000000
000000000
000000000
000CB851E
000000000
000000000
000000000
000000000
000000000
000000000
000000000
000000000
000000000
000000000
000000000
000000000
000000000
000000000
000000000
000000000
000000000
000000000
000000000
000000000
000000000
000000000
000000000
000000000
000000000
000000000
000000000
000000000
000000000
000000000
000170A3D
000000000
000000000
0004147AE
000000000
000000000
000000000
000133333
000000000
000000000
000000000
000000000
000000000
000000000
000000000
000000000
000000000
000000000
000000000
000000000
000000000
000000000
000000000
000000000
000000000
000000000
000000000
000000000
0001AE148
000000000
000000000
000000000
000000000
000000000
000000000
000000000
0005C28F6
000000000
000000000
000000000
000000000
000000000
000000000
000000000
000000000
000000000
0009D70A4
000000000
000000000
000000000
000000000
000000000
000000000
000000000
000000000
000000000
000000000
000000000
000000000
00099999A
000000000
000000000
000000000
000000000
000000000
000000000
000000000
000000000
000000000
000A147AE
000000000
000000000
000000000
000000000
000000000
000000000
000000000
000000000
000000000
000000000
000000000
000000000
000000000
000000000
000000000
000000000
000000000
000000000
000000000
000000000
000000000
000000000
000000000
000000000
000000000
000000000
000000000
000000000
000000000
000000000
000000000
000000000
000000000
000000000
000000000
000000000
000000000
000000000
000000000
000000000
000000000
000000000
000000000
000000000
000000000
000000000
000000000
000000000
000000000
000000000
000000000
000000000
000000000
000000000
000000000
000000000
000000000
000000000
000000000
000000000
000000000
000000000
000000000
000000000
000000000
000000000
000000000
0001EB852
000000000
000000000
000000000
000000000
000000000
000000000
000000000
000000000
000000000
000000000
000000000
000000000
000000000
000000000
000000000
000000000
000000000
000000000
000000000
000000000
000000000
000000000
000000000
000000000
000000000
000000000
000000000
000000000
000000000
000000000
000000000
000000000
000000000
000000000
000000000
000000000
000000000
000000000
0005851EC
000000000
000000000
000000000
000000000
000000000
000000000
000000000
000000000
000E28F5B
000000000
000000000
000000000
000000000
000000000
000000000
000000000
000000000
0001AE148
000000000
000000000
000000000
000000000
000000000
000000000
000000000
000000000
000000000
0002A3D71
000000000
000000000
000000000
000000000
000000000
000000000
000000000
000000000
000000000
000000000
000000000
000000000
000B0A3D7
000133333
000000000
000000000
000000000
000000000
000000000
000000000
000000000
000000000
000000000
000000000
000000000
000000000
000000000
000000000
000000000
000000000
000000000
000000000
000000000
000000000
000000000
000000000
000000000
000000000
000000000
000000000
000000000
000000000
000000000
000000000
000000000
000000000
000000000
000000000
000000000
000000000
000000000
000000000
000133333
000000000
000000000
000000000
000000000
000000000
000000000
000000000
000000000
000000000
000C00000
000000000
000000000
0008A3D70
000000000
000000000
000000000
000000000
000000000
000000000
000000000
000000000
000000000
000000000
000000000
000000000
000000000
000000000
000000000
000000000
000000000
000000000
000000000
000000000
000000000
000000000
000000000
000000000
0002E147B
000000000
000000000
000000000
000000000
000000000
000000000
000000000
000000000
000000000
000000000
000000000
000000000
000000000
000000000
000000000
000000000
000000000
000000000
000000000
000133333
000000000
000000000
000000000
000000000
000000000
000000000
000000000
000000000
000000000
000000000
000000000
000000000
00039999A
000000000
000000000
000000000
000000000
000000000
00048F5C2
000000000
000000000
000000000
000000000
000000000
000000000
000000000
000000000
000000000
000000000
000000000
000000000
000000000
000000000
000000000
000000000
000000000
000000000
000000000
000000000
000000000
000000000
000000000
000000000
000000000
000000000
000000000
000000000
000000000
000000000
000000000
000000000
000000000
000000000
000000000
000000000
000000000
000000000
000000000
000000000
000000000
000000000
000000000
000EE147B
000000000
000000000
000000000
000000000
000000000
000000000
000000000
000DEB851
000000000
000000000
000000000
000000000
000BC28F6
000228F5C
000000000
000000000
000000000
000000000
000000000
000000000
000000000
000000000
000000000
000000000
000000000
000000000
000000000
000000000
000000000
000000000
000000000
000000000
000000000
000000000
000000000
000000000
000000000
000000000
000000000
000000000
000000000
000B47AE2
000000000
000000000
000000000
000000000
0001EB852
000000000
000000000
000000000
000170A3D
000000000
00050A3D7
000000000
000000000
000000000
000000000
000000000
000000000
000000000
000000000
000000000
000000000
000000000
000000000
000000000
000000000
000000000
000000000
000000000
000000000
000000000
000000000
000000000
000000000
000000000
000000000
000000000
000000000
000000000
000000000
000000000
000000000
000000000
000000000
000000000
000000000
000000000
000000000
000000000
0004CCCCD
000000000
000000000
000000000
000000000
000000000
000000000
000000000
000000000
000000000
000000000
000DAE147
000000000
000000000
000000000
000000000
000000000
000000000
000000000
000000000
000000000
000000000
000000000
000000000
000000000
000000000
000000000
000000000
000000000
000000000
000000000
000000000
000000000
000000000
000000000
000000000
000000000
000000000
000000000
000000000
000A51EB7
000000000
000000000
000000000
000000000
000000000
000000000
000000000
000000000
000000000
000000000
000000000
000000000
000000000
000000000
000000000
0007AE148
000000000
000000000
000000000
000000000
000000000
000000000
000000000
000000000
000000000
000133333
000000000
000000000
000000000
000000000
000000000
000000000
000000000
000000000
000000000
000000000
000000000
000000000
00031EB85
000000000
000000000
000000000
000B47AE0
000000000
000000000
000000000
000C00000
000000000
000000000
000000000
000000000
000000000
000000000
000000000
000000000
0002A3D70
000000000
000000000
000000000
000000000
000000000
000000000
000000000
000000000
000000000
000000000
000000000
000000000
000000000
000000000
000000000
000000000
000000000
000000000
000000000
000000000
000000000
000000000
000000000
000000000
000000000
000000000
000000000
000000000
000000000
000000000
000000000
000000000
000000000
000000000
000000000
0002E147B
000000000
000000000
000000000
000000000
000000000
0008A3D71
000000000
000000000
000000000
000000000
000000000
000000000
000000000
000000000
000000000
000000000
000000000
000000000
000000000
000000000
000000000
000000000
000000000
000000000
000170A3D
000000000
000000000
000000000
000000000
000000000
000000000
000000000
000000000
000000000
000000000
000133333
000000000
000000000
000000000
000000000
000000000
000000000
000000000
000000000
000000000
000000000
000000000
000000000
000000000
000000000
000000000
000000000
000000000
000000000
000000000
000000000
000000000
000000000
000000000
000000000
000000000
000000000
000000000
000000000
000547AE1
000000000
000000000
000000000
000000000
000000000
000000000
000000000
000000000
000000000
000170A3D
000000000
000000000
000000000
000000000
000000000
000000000
00031EB85
000000000
000000000
000000000
000000000
000000000
000000000
000000000
000000000
000000000
000000000
000000000
000000000
000000000
000000000
000733332
000000000
000000000
000000000
000000000
000000000
000000000
000000000
000000000
000000000
000000000
000000000
000000000
000770A3D
000000000
000000000
000000000
000000000
000000000
000000000
000000000
000000000
000000000
000000000
000000000
000000000
000000000
000000000
000000000
0002A3D71
000000000
000000000
0001EB852
000000000
000000000
000000000
000000000
000000000
000000000
000000000
000000000
000000000
000000000
000000000
000000000
000000000
000000000
000D33333
000000000
000266666
000000000
000000000
000000000
000000000
000000000
000000000
000000000
000000000
000000000
000000000
000000000
000000000
000000000
000000000
000000000
000000000
000000000
000000000
000000000
000000000
000000000
000000000
000000000
000000000
000000000
000000000
000000000
000228F5C
000000000
000000000
000000000
000000000
000000000
000000000
000000000
000000000
000000000
000000000
000000000
000000000
000000000
000CB851F
00063D70A
000000000
000000000
000000000
000000000
000000000
000000000
000000000
000000000
000000000
000000000
0001AE148
000000000
000000000
000000000
000000000
000000000
000000000
000000000
000000000
000000000
000000000
000000000
000000000
000000000
000000000
000000000
000000000
000000000
000000000
000000000
000000000
000000000
000000000
000000000
000828F5D
000000000
000000000
000000000
000000000
000000000
000000000
000000000
000000000
000000000
000000000
000000000
000000000
000000000
000000000
000000000
000000000
000000000
000000000
000000000
000000000
0005C28F5
000000000
000000000
000000000
000000000
000000000
000000000
000000000
000000000
000000000
000000000
000000000
000170A3D
000000000
000000000
000000000
000000000
000170A3D
000000000
000000000
000000000
000000000
000170A3D
000000000
000000000
000000000
000000000
000000000
000000000
000000000
000000000
000000000
000000000
000000000
000000000
000000000
000000000
000000000
000000000
000000000
000000000
000000000
000000000
000170A3D
000000000
000000000
000000000
000000000
000000000
000000000
000000000
0002E147B
000000000
000000000
000000000
000000000
000000000
000000000
000000000
000000000
000000000
000000000
000000000
000000000
000000000
000000000
000000000
0002A3D71
000000000
000000000
000000000
000000000
000000000
000000000
000000000
000000000
000000000
000000000
000000000
000000000
000000000
000000000
000000000
000000000
000000000
000000000
000000000
000000000
000000000
000000000
000000000
000000000
000000000
000000000
000000000
000000000
000000000
000000000
000000000
000000000
000000000
000000000
000000000
000000000
000000000
000000000
000000000
000000000
000000000
000000000
000000000
000000000
000000000
000000000
000000000
000000000
000000000
000000000
000000000
000000000
0004147AE
000000000
000000000
000000000
000000000
000000000
000000000
000000000
000000000
000000000
000000000
000000000
0001AE148
000000000
000CF5C29
000000000
000000000
000000000
000000000
000000000
000000000
000000000
000000000
000000000
000000000
000000000
000000000
000000000
000000000
000000000
000000000
000000000
000000000
000000000
000000000
000000000
000000000
000000000
000000000
000000000
000000000
000000000
000000000
000000000
000000000
000000000
000000000
0003D70A3
0005C28F5
000000000
000000000
000000000
000133333
000000000
000000000
000000000
000000000
0009D70A3
000000000
000000000
000000000
000000000
0002E147B
000000000
000000000
000000000
000000000
000000000
000000000
000000000
000000000
000000000
000000000
000000000
000000000
000000000
000000000
000000000
000000000
000266666
000000000
000000000
000000000
000000000
000000000
000000000
000000000
000000000
000000000
000E28F5C
000000000
000000000
000000000
000000000
000000000
000000000
000000000
000000000
000000000
000000000
000000000
000000000
000000000
000000000
000000000
000000000
000000000
000000000
000000000
000000000
000000000
000000000
000000000
000000000
000000000
000000000
000000000
000266666
000000000
000000000
000000000
000000000
000000000
000000000
000000000
000000000
000000000
000000000
000000000
000000000
000000000
000000000
000000000
000000000
000000000
000000000
000000000
000000000
000000000
000000000
000000000
000000000
000000000
000000000
000000000
000000000
000000000
000000000
000000000
000133333
000000000
000000000
000000000
000000000
000000000
000000000
000000000
000000000
000000000
000000000
000000000
000000000
000000000
000000000
000000000
000000000
000000000
0004147AE
000000000
000000000
0001EB852
000000000
000000000
000000000
000000000
000000000
000000000
000000000
000000000
000000000
000170A3D
000000000
000000000
000000000
000000000
000000000
000000000
000000000
000000000
000000000
000000000
000000000
000000000
000000000
000000000
000000000
000000000
000000000
000000000
000000000
000000000
000000000
000000000
000000000
000000000
000000000
000000000
000000000
000000000
000000000
000000000
000000000
000133333
000000000
000000000
000000000
000000000
000000000
000000000
000000000
000399999
000000000
000000000
000000000
000000000
000000000
000000000
000000000
000000000
000000000
000000000
000000000
000000000
000000000
000000000
0002E147A
000000000
000000000
000000000
000000000
000000000
000000000
000000000
000000000
000000000
000000000
000000000
000000000
000000000
000000000
000000000
000000000
000000000
000000000
000000000
000000000
000000000
000000000
000000000
000000000
000A147AD
000000000
000000000
000000000
000000000
000000000
000000000
000000000
000000000
000000000
000000000
000000000
000000000
000000000
000000000
000000000
000000000
000000000
000000000
000000000
00050A3D7
000000000
000000000
000000000
000170A3D
000000000
000000000
000000000
000000000
000000000
000000000
000000000
000000000
000000000
000000000
000000000
000000000
000000000
000000000
000000000
000000000
000000000
000000000
000000000
000000000
000000000
000000000
000000000
000000000
000000000
000000000
000000000
000000000
000000000
000000000
000000000
000000000
000000000
000000000
000000000
000000000
000000000
0008A3D71
000000000
000000000
000000000
000000000
000000000
000000000
000133333
000EA3D72
000000000
000000000
000000000
000000000
000000000
000000000
000000000
000000000
000000000
000000000
000000000
000000000
000000000
000000000
000000000
000000000
000000000
000000000
000000000
000000000
000000000
000000000
000000000
000000000
000000000
000000000
000000000
000000000
000266666
000000000
000000000
000000000
000000000
000000000
000000000
000000000
000000000
000000000
000000000
000000000
000000000
000000000
000000000
000000000
000000000
000000000
000000000
000000000
000000000
000000000
0001EB852
000000000
000000000
000000000
000000000
000000000
000000000
000000000
000000000
000000000
000000000
000000000
000000000
000000000
000000000
000000000
000000000
000000000
000000000
000600000
000000000
000000000
000000000
000000000
000000000
000000000
00050A3D6
000000000
000000000
000000000
000000000
000000000
000000000
000000000
000000000
000000000
000000000
000000000
000000000
000000000
000170A3D
000000000
000000000
000000000
000000000
000000000
000000000
000000000
000000000
000000000
000000000
000000000
000000000
000000000
000828F5C
000000000
000000000
000000000
000000000
000000000
000000000
000000000
000000000
000000000
000000000
000000000
000000000
000000000
000000000
000000000
000000000
000000000
000000000
000000000
000000000
000000000
000000000
000ACCCCD
000000000
000000000
000000000
000000000
000000000
000000000
000000000
000000000
000000000
000000000
0004CCCCD
000000000
000000000
000000000
000000000
000000000
000000000
000000000
000000000
000000000
000000000
000000000
000000000
000000000
000000000
000000000
000000000
000000000
000000000
000000000
000000000
000000000
000000000
000000000
000000000
000000000
000000000
000000000
000000000
000000000
000000000
000000000
000000000
000000000
000000000
000000000
000000000
000000000
000000000
000000000
000000000
000000000
000000000
000000000
000000000
000000000
000000000
000000000
000000000
000000000
000000000
000000000
000000000
000000000
000000000
000000000
000000000
000000000
000000000
000000000
000000000
000000000
000000000
000000000
000000000
000000000
000000000
000000000
000000000
000000000
000000000
000000000
000000000
000000000
000000000
000000000
000000000
000000000
000000000
000000000
000000000
000000000
000000000
000000000
000000000
000000000
000000000
000000000
000000000
000000000
000000000
000000000
000000000
0006B851E
000000000
000000000
000000000
000000000
000000000
000000000
000000000
000000000
000000000
000000000
000000000
000000000
000000000
000000000
000000000
000000000
0002A3D70
0003D70A4
000000000
000000000
000000000
000000000
000000000
000000000
000000000
000000000
000000000
000000000
000000000
000000000
000000000
000000000
000000000
000000000
000000000
0003D70A4
000000000
000000000
000000000
000000000
000000000
000000000
000000000
000000000
000000000
000000000
000000000
000000000
000000000
000000000
000000000
000000000
000000000
000000000
000000000
000000000
000000000
000000000
000000000
000000000
000000000
000000000
000000000
000000000
000000000
000000000
000000000
0005851EB
000000000
000000000
000000000
000000000
000000000
000000000
000000000
000000000
000000000
000000000
000000000
000000000
000000000
000133333
000000000
000000000
000000000
000000000
000000000
000000000
000000000
000000000
000000000
000000000
000000000
000000000
000000000
000000000
000000000
000000000
000000000
000000000
000000000
000000000
000000000
000000000
000000000
000000000
000000000
000000000
000000000
000000000
000000000
000000000
000000000
000000000
000000000
000000000
000000000
000000000
000000000
000000000
000000000
000000000
000000000
000000000
000000000
000000000
000000000
000000000
000000000
000000000
000000000
000000000
000000000
000000000
000B47AE1
000000000
000000000
000000000
000000000
000000000
000000000
000000000
000000000
000000000
000000000
000000000
000000000
000000000
000000000
000000000
000000000
000000000
000000000
000000000
000000000
000000000
000000000
000000000
000000000
000000000
000000000
000000000
000000000
000733333
000000000
000000000
000000000
000000000
000000000
000000000
000000000
000000000
000000000
000000000
000000000
000000000
000000000
000000000
000000000
000000000
000000000
000000000
000000000
000000000
000000000
000000000
000000000
000000000
000000000
000000000
000000000
000000000
000000000
000000000
000000000
000000000
000ACCCCD
000000000
000000000
000000000
000000000
000000000
000000000
000000000
000000000
000000000
000000000
000000000
000000000
000000000
000000000
000000000
000000000
000000000
000000000
000000000
000000000
000000000
000000000
000000000
000000000
000000000
000000000
000000000
000000000
000000000
000000000
000000000
000866665
000000000
000000000
000000000
000000000
000000000
000000000
000000000
000000000
000000000
000000000
000000000
000000000
0004147AE
000000000
000000000
000000000
000000000
000000000
000000000
000000000
000000000
000000000
000000000
000000000
000000000
0005851EB
000000000
000000000
000000000
000000000
000000000
000000000
000000000
000000000
000000000
000000000
000000000
000000000
000000000
000000000
000000000
000000000
000000000
000000000
000000000
000000000
000000000
000000000
000000000
000000000
000000000
000000000
000000000
000000000
000000000
000000000
000000000
000000000
000000000
000000000
000000000
000000000
000000000
000000000
000000000
000000000
000000000
000000000
000000000
000000000
000000000
000000000
000000000
000000000
000000000
000000000
000000000
000000000
000000000
000000000
000000000
000000000
000000000
000000000
000BC28F6
000000000
000000000
000000000
000000000
000000000
000000000
000000000
000000000
000000000
000000000
000000000
000000000
000000000
000000000
000000000
000000000
000000000
000000000
000000000
000000000
000000000
000000000
000000000
000000000
000000000
000000000
000000000
000000000
000000000
000000000
000000000
000000000
000000000
000000000
000000000
000000000
000000000
000000000
000000000
000000000
000000000
000000000
000000000
000000000
000000000
000000000
000000000
000000000
000000000
000000000
000000000
000000000
0001AE148
000000000
000000000
000000000
000000000
000000000
000000000
000000000
000000000
000000000
000000000
000000000
000000000
000000000
000000000
000133333
000000000
000000000
000000000
000000000
000000000
0003D70A4
000000000
000000000
000000000
000000000
000000000
000000000
000000000
000000000
000000000
000000000
000000000
000000000
0001AE148
000000000
000000000
000000000
000000000
000000000
000000000
000000000
000000000
000000000
000000000
000000000
000000000
000000000
000000000
000000000
000000000
000000000
000000000
000000000
000000000
000000000
000000000
000000000
000000000
000000000
000000000
000000000
000000000
000000000
000000000
000000000
000000000
000000000
000000000
000000000
000000000
000000000
000000000
000000000
000000000
000000000
000000000
000000000
000000000
000000000
000000000
000000000
000000000
000000000
000000000
000000000
000000000
000000000
000000000
000000000
000000000
000000000
000000000
000000000
000000000
000000000
000FD70A3
000000000
0001AE148
000000000
000000000
000000000
000000000
000000000
000000000
000000000
000000000
000000000
000000000
000000000
000000000
000000000
000000000
000000000
000170A3D
000000000
000000000
000000000
000000000
000000000
000000000
000000000
000000000
000000000
000000000
000000000
000000000
000000000
000000000
000000000
000000000
000000000
000170A3D
000000000
000000000
000000000
000000000
000000000
000000000
000000000
000000000
000000000
000000000
000000000
000000000
000000000
000000000
000000000
000000000
000000000
000000000
000000000
000000000
000000000
000000000
000000000
000133333
000000000
000000000
000000000
000000000
000000000
000000000
000000000
000000000
000000000
000000000
000000000
000000000
000000000
000000000
000000000
000000000
000000000
000000000
000000000
000000000
000000000
00035C28F
000000000
000000000
000000000
000000000
000000000
000000000
000000000
000000000
000000000
000000000
000000000
000000000
000000000
000000000
000000000
000170A3D
000000000
000000000
000000000
000000000
000000000
000770A3D
000000000
000000000
000170A3D
000000000
000000000
000000000
000000000
000000000
000000000
0007AE148
000000000
000000000
000000000
000000000
000000000
000000000
000000000
000000000
000000000
000000000
000000000
000000000
000000000
000000000
000000000
000000000
000000000
000000000
0002A3D70
000000000
000000000
000000000
000000000
000000000
000000000
000000000
000000000
000000000
000000000
000000000
000000000
000000000
000000000
000000000
0001AE148
000000000
000000000
000000000
000000000
000000000
000000000
000000000
000000000
000000000
000000000
000000000
000000000
000000000
000000000
000000000
000000000
000000000
000000000
000000000
000133333
000000000
000000000
000000000
000000000
000000000
000000000
000000000
000000000
000000000
000733333
000000000
000000000
000000000
000000000
000000000
000000000
000000000
000000000
000000000
000000000
000000000
000000000
000000000
000000000
000000000
00031EB85
000000000
000000000
000000000
000000000
000000000
000000000
000000000
000000000
000000000
000000000
000000000
000000000
000000000
000000000
000000000
000000000
000000000
000000000
000000000
000000000
000000000
000000000
000000000
000000000
000000000
000000000
000000000
000000000
000000000
000000000
000000000
000000000
000000000
000000000
000000000
000000000
000000000
000000000
000000000
000000000
000000000
0005C28F6
000000000
000000000
000000000
000000000
000000000
000000000
000000000
000000000
000000000
000000000
000000000
000000000
000000000
000000000
000000000
000000000
000000000
000000000
000000000
000000000
000000000
000000000
000000000
000000000
000000000
000000000
000228F5C
000000000
000000000
000000000
000000000
000000000
000000000
000000000
000000000
000000000
000000000
000000000
000000000
000000000
000000000
000000000
000000000
000000000
000000000
000000000
000000000
000000000
000000000
000000000
000000000
000000000
000000000
000000000
000000000
000000000
000000000
000000000
000000000
000000000
000000000
000000000
000000000
000000000
000547AE1
000000000
000000000
000000000
000000000
000000000
000000000
000000000
000000000
000000000
000000000
000000000
000000000
000000000
000000000
000000000
000000000
000000000
000000000
000000000
000000000
000000000
000000000
000000000
000000000
000000000
000000000
000000000
000000000
000000000
000000000
000000000
000000000
000000000
000000000
000000000
000000000
000000000
00063D70A
000000000
000000000
000000000
000000000
000000000
000000000
000000000
000000000
000000000
000000000
000000000
000000000
000000000
000000000
000000000
000000000
000000000
000733334
000000000
000000000
000000000
000000000
000000000
000000000
000000000
000000000
000000000
000000000
000000000
000000000
000000000
000000000
000000000
000000000
000000000
000000000
000000000
000000000
000000000
000000000
000000000
000000000
000000000
000000000
000000000
000000000
000000000
000000000
000000000
000000000
000000000
000000000
000000000
000000000
000000000
000000000
000000000
000000000
000000000
000000000
000000000
000000000
000000000
000000000
000000000
000000000
000000000
000170A3D
000000000
000000000
000000000
000000000
000000000
000000000
000000000
000000000
000000000
000000000
000000000
000000000
000000000
000000000
000000000
00050A3D8
000000000
000000000
000000000
000000000
000000000
000C00000
000000000
000000000
000000000
000000000
000000000
000000000
000000000
000000000
000000000
000000000
000000000
000000000
000000000
000000000
000000000
000000000
000000000
000000000
000000000
000000000
000000000
000000000
000000000
000000000
00039999A
000000000
000000000
000000000
000000000
000000000
000000000
000000000
000000000
000000000
000000000
000000000
000000000
000000000
000133333
000000000
000000000
000000000
000000000
00048F5C3
000000000
000000000
000000000
000000000
000000000
000000000
000000000
000000000
000000000
000000000
000000000
000000000
000000000
000000000
000000000
000000000
000000000
000000000
000000000
000000000
000000000
000000000
000000000
000000000
000000000
000000000
000000000
000000000
000000000
000000000
000000000
000000000
00035C28F
000000000
000000000
000000000
000000000
000000000
000000000
0004CCCCD
000000000
000000000
000000000
000000000
000000000
000000000
000000000
000000000
000000000
000000000
000000000
000000000
000000000
000000000
000000000
000000000
000000000
000000000
0004147AE
000000000
000000000
000000000
000000000
0001AE148
000000000
000000000
000000000
000000000
000000000
000000000
000000000
000000000
000000000
000000000
000000000
000000000
000000000
000000000
000000000
000000000
000000000
000000000
000000000
000000000
00048F5C2
000000000
000000000
000000000
0001EB852
000000000
000000000
000000000
000000000
000000000
000000000
000000000
000000000
000000000
000000000
000000000
000000000
000000000
000000000
000000000
000000000
000000000
000000000
000000000
000000000
000000000
000000000
000000000
000000000
000000000
000000000
000000000
000000000
000000000
000000000
000000000
000CF5C2A
000000000
000000000
000000000
000000000
000000000
000000000
000000000
000000000
000000000
000000000
000000000
000000000
000000000
000000000
000000000
000000000
000B851EA
000000000
000000000
000000000
000000000
000000000
000000000
00039999A
000000000
000000000
000000000
000000000
000000000
000000000
000000000
000000000
000000000
000000000
000000000
000000000
000000000
000000000
000733333
000000000
000000000
000000000
000000000
000000000
000000000
000000000
000000000
000000000
00035C28F
000000000
000000000
000000000
000000000
000000000
000000000
000000000
000000000
000000000
000000000
000000000
000000000
000000000
000000000
000000000
000000000
000000000
000000000
000000000
0004147AD
000000000
000000000
000000000
000000000
000000000
000000000
00050A3D7
000000000
000000000
000000000
000000000
000000000
000000000
000000000
000000000
000000000
000000000
000000000
000000000
000EE147A
000000000
000000000
000000000
000000000
000000000
000000000
000000000
000000000
000000000
000000000
000000000
0001EB852
000000000
000000000
000000000
000000000
000000000
000000000
00031EB85
000000000
000000000
000000000
000000000
000000000
000000000
000000000
000000000
0003D70A4
000000000
000000000
000000000
000000000
000000000
000000000
000000000
000000000
000000000
000000000
000000000
000000000
000000000
000000000
000000000
000000000
000000000
000000000
000000000
000000000
000000000
000000000
000000000
000000000
000000000
000000000
000000000
000000000
000000000
000000000
000000000
000000000
000000000
000000000
000000000
000000000
000000000
000133333
000000000
000000000
000000000
000000000
000000000
000000000
000000000
000000000
000000000
000000000
000170A3D
000000000
000000000
000000000
000000000
000000000
000000000
000000000
000170A3D
000000000
000000000
000B47AE0
000000000
000000000
000000000
00095C28F
000000000
000170A3D
000133333
000000000
000000000
000000000
000000000
000000000
000000000
000000000
000000000
000000000
000000000
000000000
000000000
000000000
0007AE147
000000000
000000000
000000000
000170A3D
000000000
000000000
000000000
000000000
000000000
000000000
000000000
000000000
000000000
000170A3D
000266666
000000000
000000000
000000000
000000000
000000000
000000000
000000000
000000000
000000000
000000000
000000000
000000000
000000000
000000000
000000000
000000000
000000000
000000000
000000000
000000000
000000000
000000000
000000000
000000000
000000000
000000000
000000000
000000000
000000000
000000000
000000000
000000000
000000000
000000000
000000000
000000000
000000000
0004147AE
000000000
000000000
000000000
000000000
00063D70A
000000000
000000000
000000000
000000000
000000000
000000000
000000000
000000000
000000000
000000000
000000000
000000000
000000000
000000000
000000000
000000000
000000000
000000000
000000000
000000000
000000000
000000000
000000000
000000000
000000000
000000000
000000000
000000000
000000000
000000000
000000000
000000000
000000000
000000000
000000000
000000000
000000000
000000000
000000000
000000000
000866667
000000000
0001EB852
000000000
000000000
000000000
000000000
000000000
000000000
000000000
000000000
000000000
000000000
000000000
000000000
000000000
000000000
0001AE148
000000000
000000000
000000000
000000000
000000000
000000000
000B851EC
000000000
000000000
000000000
000000000
000000000
0006B851E
000000000
000000000
000000000
000000000
000000000
000000000
000000000
000B851EB
000000000
000000000
000000000
000000000
000000000
000000000
000000000
000000000
000000000
000000000
000000000
000000000
000000000
000000000
0008E147A
000000000
0008A3D70
000000000
000000000
000000000
000000000
000000000
000000000
000000000
000000000
000000000
000000000
000000000
000000000
000000000
000000000
000866667
000000000
000000000
000000000
000000000
000000000
000000000
000000000
000000000
000000000
00031EB85
000000000
000000000
000000000
000000000
000000000
000000000
000000000
000000000
000000000
000000000
000266666
000000000
000000000
000000000
000000000
000000000
000000000
000000000
000000000
000000000
000000000
000000000
000000000
000000000
000000000
000000000
000000000
000000000
000000000
000000000
000000000
000000000
000000000
000000000
000000000
000000000
000000000
000000000
000133333
000000000
000000000
000000000
000000000
000000000
000000000
000133333
0003D70A3
000000000
000000000
000D33333
000000000
000000000
000000000
000000000
000000000
000000000
000000000
000000000
000000000
000000000
000000000
000000000
000000000
000000000
000000000
000000000
0001EB852
000000000
000000000
000000000
000000000
000000000
000000000
000000000
000000000
000000000
000000000
000000000
000000000
000000000
000000000
000000000
000000000
000000000
000000000
000000000
000000000
000000000
00095C290
000000000
000000000
000000000
000D33333
000000000
000000000
000000000
000000000
000000000
000000000
000000000
000000000
000000000
000000000
000000000
000000000
000000000
000000000
000000000
000000000
000000000
000000000
000000000
000000000
000000000
000000000
000000000
000000000
000000000
000000000
000000000
000000000
000000000
000000000
000000000
000000000
000000000
000000000
000000000
000000000
000000000
000000000
000000000
000000000
000000000
000000000
000000000
000000000
000000000
000000000
000000000
000000000
000000000
000000000
000000000
000000000
000000000
000000000
000000000
000000000
000000000
000000000
000133333
000000000
000000000
0001AE148
000000000
000000000
000000000
000000000
000000000
000000000
000000000
0001AE148
000000000
000000000
000000000
000000000
000000000
000000000
000000000
000000000
000000000
000000000
000000000
000000000
000000000
000000000
000000000
000000000
000000000
000000000
000000000
000000000
000000000
000000000
000000000
000000000
000000000
000000000
000000000
000000000
000000000
000000000
000000000
000000000
000000000
000000000
000000000
000000000
000000000
000000000
000000000
000000000
000000000
000000000
000000000
000000000
000000000
000000000
000000000
000000000
000133333
000000000
000000000
0009D70A4
000000000
000000000
000000000
000000000
000000000
000000000
000000000
000000000
000000000
000000000
000000000
000000000
000000000
000000000
000000000
000000000
000000000
000000000
000000000
000000000
000170A3D
000000000
000000000
000000000
000000000
000000000
000000000
000000000
000000000
000000000
000000000
000000000
000000000
000000000
000000000
000000000
000000000
000000000
000000000
000000000
000000000
000000000
000000000
000000000
000000000
000000000
000000000
000000000
000000000
000000000
000000000
000000000
000000000
000000000
000000000
000000000
000000000
000000000
000000000
000000000
000000000
000000000
000000000
000000000
000000000
000000000
000000000
000000000
000000000
000000000
000000000
000000000
000000000
000000000
000170A3D
000000000
000000000
000000000
000000000
000000000
000000000
000000000
000170A3D
000000000
000000000
000000000
000000000
000000000
000000000
000000000
000000000
000000000
000000000
000000000
000000000
000000000
000000000
000000000
000000000
000000000
000000000
000000000
000000000
000000000
000000000
000000000
000000000
000133333
000000000
000000000
000000000
000000000
000000000
000000000
000000000
000000000
000000000
000000000
000000000
000000000
000000000
000000000
000000000
000000000
000000000
000000000
000000000
000000000
000000000
000000000
000000000
000399999
000000000
000000000
000000000
000000000
000000000
000000000
000000000
000000000
000000000
000000000
000000000
000000000
000000000
000000000
000000000
000000000
000000000
000000000
000EA3D70
000000000
000000000
000000000
00048F5C2
000000000
000000000
00035C28F
000000000
000000000
000000000
000000000
000000000
000000000
000000000
00048F5C2
000000000
000000000
000000000
000000000
000000000
000000000
000000000
000000000
000000000
000000000
000000000
000000000
000000000
000000000
000000000
000000000
000000000
000000000
000000000
0001EB852
000000000
000000000
000000000
000000000
000000000
000000000
000133333
000000000
000000000
000000000
000000000
000000000
000000000
000000000
000000000
000000000
0005851EB
000000000
000000000
000000000
000000000
000000000
000000000
000000000
0001EB852
000000000
000000000
000000000
000000000
000000000
000000000
000000000
000000000
000000000
000000000
000000000
000399999
000000000
000000000
000000000
000000000
000000000
000000000
000000000
000000000
000000000
000000000
000000000
000000000
000000000
000000000
000133333
000000000
000000000
000000000
000000000
000000000
000000000
000133333
000000000
000000000
000170A3D
000000000
000000000
000000000
000000000
000000000
000000000
000000000
000000000
000000000
000000000
000000000
000000000
000000000
000000000
0002E147B
000000000
000000000
000000000
000000000
000000000
000000000
000000000
000000000
000000000
000000000
000000000
000000000
000000000
000000000
000000000
000000000
000000000
000000000
000000000
000000000
000C3D70A
0002E147A
000000000
000000000
000000000
000000000
000000000
000000000
000000000
000000000
000000000
000000000
000000000
000000000
000000000
000000000
000000000
000000000
000000000
000000000
000000000
000000000
000000000
000000000
0001AE148
000000000
000000000
000000000
000000000
000000000
000CB851E
000000000
000000000
000000000
000000000
000000000
000000000
000000000
0001EB852
000266666
000000000
000000000
000000000
000000000
000000000
000000000
000000000
000000000
000000000
000000000
000000000
000000000
000000000
000000000
000000000
000000000
000000000
000000000
000000000
000000000
000000000
000000000
000000000
000000000
000000000
000000000
000000000
000000000
000000000
000000000
000000000
000000000
000000000
000000000
000000000
000000000
000000000
000000000
000000000
000000000
000000000
000000000
0001EB852
000000000
000000000
000000000
000000000
000000000
0002A3D70
000000000
000000000
000000000
000000000
000000000
000000000
0008E147A
000000000
000000000
000000000
000000000
000000000
000000000
000000000
000000000
000000000
000000000
000000000
000000000
000000000
000000000
000000000
000000000
000451EB8
000000000
000000000
000000000
000000000
00095C28F
000000000
000000000
000000000
000000000
000000000
000000000
000000000
000000000
000000000
000000000
000000000
000000000
000000000
000000000
000000000
00048F5C2
000000000
000000000
000000000
000000000
000000000
000000000
000000000
000000000
000000000
000000000
0002A3D70
000000000
000000000
000000000
000000000
000000000
000000000
000000000
0009D70A4
000000000
000000000
000000000
000000000
000000000
000133333
000000000
000000000
000000000
000000000
000000000
000000000
000000000
000000000
000000000
000000000
000A147AD
000000000
000000000
000000000
000000000
000000000
000000000
000000000
000000000
000000000
000000000
000000000
000000000
000000000
000000000
000000000
000170A3D
000000000
000000000
000000000
000000000
000000000
000000000
000000000
000000000
000000000
000000000
000000000
0005851EC
000000000
000451EB8
000000000
000000000
000000000
000E66665
000000000
000000000
000000000
000000000
000000000
000000000
0001EB852
000000000
000170A3D
000000000
000000000
000451EB8
000000000
000000000
000000000
000000000
000000000
000000000
0005851EB
000000000
000000000
000000000
000000000
000000000
000000000
000000000
000000000
000000000
000000000
000000000
000000000
000000000
000000000
000000000
000000000
000000000
000000000
000000000
000000000
000000000
000000000
000000000
000000000
000000000
000000000
000133333
000000000
000000000
000000000
000000000
000000000
000000000
000000000
000000000
000000000
000000000
000000000
000000000
000000000
000000000
000000000
0002E147B
000000000
000000000
000000000
000000000
000000000
000000000
000000000
000000000
000000000
000000000
000000000
000000000
000000000
000000000
000000000
000000000
000000000
000000000
000000000
000000000
000000000
000000000
000000000
000000000
000000000
000000000
000266666
000EA3D6E
000000000
000000000
000000000
000000000
000000000
000000000
000000000
000A147AE
000000000
000000000
000000000
000000000
000000000
000000000
000000000
000000000
000000000
000000000
0005C28F6
000000000
000000000
000000000
000000000
000000000
000000000
000000000
000000000
000000000
000000000
000000000
00039999A
000000000
000000000
000000000
000000000
000000000
000000000
000000000
00050A3D7
000170A3D
000000000
000000000
000000000
000000000
000000000
000000000
000000000
000000000
000000000
000000000
000000000
000000000
000000000
000000000
000000000
000000000
000000000
000000000
000000000
000000000
00031EB85
000000000
000000000
000000000
000000000
000000000
000000000
000000000
000000000
000000000
000000000
000000000
000000000
000000000
000000000
000000000
000000000
000000000
000000000
000000000
000000000
000000000
000000000
000000000
000000000
000000000
000000000
000000000
000000000
000000000
000000000
000000000
000000000
00035C28F
000000000
000000000
000000000
000000000
000000000
000000000
000000000
000000000
000000000
000000000
000000000
000000000
000000000
000000000
000000000
000000000
000000000
000228F5C
000000000
000000000
000000000
000000000
000000000
000000000
000000000
000000000
000000000
000000000
000000000
000000000
000451EB8
000000000
000000000
000000000
000000000
000133333
000000000
000000000
0009D70A3
000000000
000000000
000000000
000000000
000000000
000000000
000000000
000000000
000000000
000000000
000000000
000000000
000000000
000000000
000000000
000000000
000000000
000000000
000000000
000000000
000000000
000000000
000000000
000228F5C
000000000
000000000
000000000
000000000
000000000
000000000
000000000
000000000
000000000
000000000
000000000
000000000
000000000
000000000
000000000
000000000
000000000
000000000
000000000
000000000
000000000
000133333
000000000
000000000
000000000
000000000
000000000
000000000
000000000
000000000
000000000
000000000
000000000
000000000
000000000
000000000
000000000
0004147AE
000000000
000000000
000000000
000000000
000000000
00039999A
0008E147B
00039999A
000000000
000000000
000000000
000000000
000000000
000000000
000000000
000000000
000000000
000000000
000000000
000000000
000000000
000000000
000000000
000000000
000000000
000000000
000000000
000000000
000266666
000000000
000000000
000000000
000000000
000000000
000000000
000000000
000000000
000000000
000000000
000000000
000000000
000000000
000000000
000000000
000000000
000000000
000000000
000266666
000000000
000000000
000000000
000000000
000000000
000000000
000000000
000133333
000000000
000000000
000000000
0003D70A4
000000000
000000000
000000000
000000000
000000000
000000000
000000000
000000000
000000000
000000000
000000000
000000000
000000000
000000000
000000000
000451EB8
000000000
000000000
000000000
000000000
000000000
000000000
000000000
000000000
000000000
000000000
000000000
000770A3D
000000000
000000000
000000000
000000000
000000000
000000000
000000000
000000000
000000000
000B851EB
000000000
000000000
000399999
000000000
000000000
00031EB85
000000000
000000000
000000000
000000000
000000000
000000000
000000000
000000000
000000000
000000000
000000000
000000000
000000000
000000000
000000000
000000000
000000000
000000000
000000000
000000000
000000000
000000000
000000000
000000000
000000000
000000000
000266666
000000000
000000000
000000000
000000000
000000000
000000000
000000000
000000000
000000000
000000000
000000000
0001AE148
000000000
000000000
000000000
000000000
000000000
000000000
000000000
0002E147B
000000000
000000000
000000000
000000000
000000000
000000000
000000000
000000000
000000000
000000000
000000000
000000000
000000000
000000000
000000000
000B851EB
000000000
000000000
000000000
000000000
000000000
000000000
000000000
000000000
000000000
000000000
000000000
000000000
000000000
000000000
000000000
000000000
000BC28F4
000000000
000000000
000000000
000000000
000451EB8
000000000
000000000
000000000
000000000
000000000
000000000
000000000
000000000
000000000
000000000
0001AE148
000000000
000000000
000000000
000000000
000000000
000000000
000000000
000000000
000000000
000000000
000000000
000000000
000000000
000000000
000000000
000000000
000000000
000000000
000000000
000999999
000133333
000000000
000000000
000000000
000000000
000000000
000000000
000000000
000000000
000000000
000000000
000000000
000000000
000000000
000000000
000000000
000170A3D
000000000
000000000
000000000
000000000
000000000
000133333
000000000
000000000
000000000
000000000
000000000
000000000
000000000
000000000
000000000
000000000
000000000
000547AE1
000000000
000000000
000170A3D
000000000
000000000
000000000
000000000
000000000
000000000
000000000
000000000
000000000
000000000
000000000
000000000
000000000
000000000
000000000
000000000
000000000
000000000
000000000
000000000
000000000
000000000
000000000
000000000
000000000
000000000
000000000
000000000
000000000
000EA3D70
000866667
0002A3D70
000000000
000000000
000000000
000000000
000000000
000000000
000000000
000000000
000000000
000000000
000000000
000000000
000000000
000000000
000000000
000000000
000000000
000000000
000000000
000000000
000000000
000000000
000000000
000000000
000000000
000000000
000000000
000000000
000000000
000000000
000000000
000000000
000000000
000000000
000000000
000133333
000000000
000000000
000000000
000000000
000000000
000000000
000000000
000000000
000000000
000000000
000000000
000000000
000000000
000000000
000000000
000000000
000000000
000133333
000000000
000000000
000000000
000000000
000000000
000000000
0004CCCCD
000000000
000000000
000000000
000000000
000000000
000000000
000000000
0001AE148
000000000
0002E147B
000000000
000000000
000000000
000000000
000000000
000000000
000000000
000000000
000000000
000000000
000000000
000000000
000000000
000000000
000000000
0002A3D71
000000000
000000000
000000000
000000000
000000000
000000000
000000000
000000000
000000000
000000000
000000000
000000000
000000000
000000000
000000000
000000000
000000000
000000000
000000000
000000000
000133333
000000000
000000000
000000000
000000000
000000000
000000000
000000000
000000000
000000000
000000000
000000000
000000000
000000000
000000000
000170A3D
000000000
000000000
000000000
000170A3D
000000000
000000000
000000000
000000000
000000000
000000000
000000000
000000000
000000000
000000000
0002E147B
000000000
000170A3D
000000000
000000000
000000000
000000000
000000000
000000000
000000000
000000000
000000000
000000000
000000000
000000000
000000000
000000000
000000000
000000000
000000000
000000000
000000000
000000000
000000000
000000000
000000000
000000000
000000000
000000000
000000000
000000000
000000000
000000000
000000000
000000000
000000000
000000000
000000000
000000000
000000000
000000000
000000000
000000000
000000000
000000000
000000000
000000000
000000000
000000000
000000000
000000000
000000000
000000000
000000000
000000000
000000000
000000000
000000000
000000000
000000000
000000000
000000000
000000000
000000000
000000000
000000000
000000000
000000000
000000000
000000000
000000000
000000000
000000000
000000000
000000000
000000000
000000000
000000000
000000000
000000000
000000000
000000000
000000000
000000000
000000000
000000000
000000000
000000000
000000000
000000000
000000000
000000000
000000000
000000000
000000000
000000000
000000000
000000000
000000000
000000000
000000000
000000000
000000000
000000000
000000000
000000000
000000000
000000000
000000000
000000000
000000000
000000000
000000000
000000000
000000000
000000000
000000000
000000000
000000000
000000000
000000000
000000000
000000000
000000000
000000000
000000000
000000000
000000000
000000000
000000000
000000000
000000000
000000000
000000000
000000000
000000000
000000000
000000000
000000000
000000000
000000000
000000000
000000000
000266666
000000000
000000000
000000000
000000000
000000000
000000000
000000000
000000000
000000000
000000000
000000000
000000000
000000000
000000000
000000000
000000000
000000000
000000000
000000000
000000000
000000000
000000000
000000000
000000000
000000000
000000000
000000000
000000000
000000000
000000000
000000000
000000000
000000000
000000000
000000000
000000000
000000000
000000000
000000000
000000000
000000000
000000000
000000000
000000000
000000000
000000000
000000000
000000000
000000000
000000000
000000000
000000000
000000000
000000000
000000000
000000000
000000000
000000000
000000000
000000000
000000000
000000000
000000000
000000000
000000000
000000000
000000000
000000000
000000000
000000000
000000000
000000000
000000000
000000000
000000000
000000000
000000000
000000000
000000000
000000000
000000000
000000000
000000000
000000000
000000000
000000000
000000000
000000000
000000000
000000000
000000000
000000000
000000000
000000000
000000000
000000000
000000000
000000000
000000000
000000000
000000000
000000000
000000000
000000000
000000000
000000000
000000000
000000000
000000000
000000000
000000000
000000000
000000000
000000000
000000000
000000000
000000000
000000000
000000000
000000000
000000000
000000000
000000000
000000000
000000000
000000000
000000000
000000000
000000000
000000000
000000000
000000000
000000000
000000000
000000000
000000000
000000000
000000000
000000000
000000000
000000000
000000000
000000000
000000000
000000000
000000000
000000000
000000000
000000000
000000000
000000000
000000000
000000000
000000000
000000000
000000000
000000000
000000000
000000000
000000000
000000000
000000000
000000000
000000000
000000000
000000000
000000000
000000000
000000000
000000000
000000000
000000000
000000000
000000000
000000000
000000000
000000000
000000000
000000000
000000000
000000000
000000000
000000000
000000000
000000000
000000000
000000000
000000000
000000000
000000000
000000000
000000000
000000000
000000000
000000000
000000000
000000000
000000000
000000000
000000000
000000000
000000000
000000000
000000000
000000000
000000000
000000000
000000000
000000000
000000000
000000000
000000000
000000000
000000000
000000000
000000000
000000000
000000000
000000000
000000000
000000000
000000000
000000000
000000000
000000000
000000000
000000000
000000000
000000000
000000000
000000000
000000000
000000000
000000000
000000000
000000000
000000000
000000000
000000000
000000000
000000000
000000000
000000000
000000000
000000000
000000000
000000000
000000000
000000000
000000000
000000000
000000000
000000000
000000000
000000000
000000000
000000000
000000000
000000000
000000000
000000000
000000000
000000000
000000000
000000000
000000000
000000000
000000000
000000000
000000000
000000000
000000000
000000000
000000000
000000000
000000000
000000000
000000000
000000000
000000000
000000000
000000000
000000000
000000000
000000000
000000000
000000000
000000000
000000000
000000000
000000000
000000000
000000000
000000000
000000000
000000000
000000000
000000000
000000000
000000000
000000000
000000000
000000000
000000000
000000000
000000000
000000000
000000000
000000000
000000000
000000000
000000000
000000000
000000000
000000000
000000000
000000000
000000000
000000000
000000000
000000000
000000000
000000000
000000000
000000000
000000000
000000000
000000000
000000000
000000000
000000000
000000000
000000000
000000000
000000000
000000000
000000000
000000000
000000000
000000000
000000000
000000000
000000000
000000000
000000000
000000000
000000000
000000000
000000000
000000000
000000000
000000000
000000000
000000000
000000000
000000000
000000000
000000000
000000000
000000000
000000000
000000000
000000000
000000000
000000000
000000000
000000000
000000000
000000000
000000000
000000000
000000000
000000000
000000000
000000000
000000000
000000000
000000000
000000000
000000000
000000000
000000000
000000000
000000000
000000000
000000000
000000000
000000000
000000000
000000000
000000000
000000000
000000000
000000000
000000000
000000000
000000000
000000000
000000000
000000000
000000000
000000000
000000000
000000000
000000000
000000000
000000000
000000000
000000000
000000000
000000000
000000000
000000000
000000000
000000000
000000000
000000000
000000000
000000000
000000000
000000000
000000000
000000000
000000000
000000000
000000000
000000000
000000000
000000000
000000000
000000000
000000000
000000000
000000000
000000000
000000000
000000000
000000000
000000000
000000000
000000000
000000000
000000000
000000000
000000000
000000000
000000000
000000000
000000000
000000000
000000000
000000000
000000000
000000000
000000000
000000000
000000000
000000000
000000000
000000000
000000000
000000000
000000000
000000000
000000000
000000000
000000000
000000000
000000000
000000000
000000000
000000000
000000000
000000000
000000000
000000000
000000000
000000000
000000000
000000000
000000000
000000000
000000000
000000000
000000000
000000000
000000000
000000000
000000000
000000000
000000000
000000000
000000000
000000000
000000000
000000000
000000000
000000000
000000000
000000000
000000000
000000000
000000000
000000000
000000000
000000000
000000000
000000000
000000000
000000000
000000000
000000000
000000000
000000000
000000000
000000000
000000000
000000000
000000000
000000000
000000000
000000000
000000000
000000000
000000000
000000000
000000000
000000000
000000000
000000000
000000000
000000000
000000000
000000000
000000000
000000000
000000000
000000000
000000000
000000000
000000000
000000000
000000000
000000000
000000000
000000000
000000000
000000000
000000000
000000000
000000000
000000000
000000000
000000000
000000000
000000000
000000000
000000000
000000000
000000000
000000000
000000000
000000000
000000000
000000000
000000000
000000000
000000000
000000000
000000000
000000000
000000000
000000000
000000000
000000000
000000000
000000000
000000000
000000000
000000000
000000000
000000000
000000000
000000000
000000000
000000000
000000000
000000000
000000000
000000000
000000000
000000000
000000000
000000000
000000000
000000000
000000000
000000000
000000000
000000000
000000000
000000000
000000000
000000000
000000000
000000000
000000000
000000000
000000000
000000000
000000000
000000000
000000000
000000000
000000000
000000000
000000000
000000000
000000000
000000000
000000000
000000000
000000000
000000000
000000000
000000000
000000000
000000000
000000000
000000000
000000000
000000000
000000000
000000000
000000000
000000000
000000000
000000000
000000000
000000000
000000000
000000000
000000000
000000000
000000000
000000000
000000000
000000000
000000000
000000000
000000000
000000000
000000000
000000000
000000000
000000000
000000000
000000000
000000000
000000000
000000000
000000000
000000000
000000000
000000000
000000000
000000000
000000000
000000000
000000000
000000000
000000000
000000000
000000000
000000000
000000000
000000000
000000000
000000000
000000000
000000000
000000000
000000000
000000000
000000000
000000000
000000000
000000000
000000000
000000000
000000000
000000000
000000000
000000000
000000000
000000000
000000000
000000000
000000000
000000000
000000000
000000000
000000000
000000000
000000000
000000000
000000000
000000000
000000000
000000000
000000000
000000000
000000000
000000000
000000000
000000000
000000000
000000000
000000000
000000000
000000000
000000000
000000000
000000000
000000000
000000000
000000000
000000000
000000000
000000000
000000000
000000000
000000000
000000000
000000000
000000000
000000000
000000000
000000000
000000000
000170A3D
000000000
000000000
000000000
000000000
000000000
000000000
000000000
000000000
000000000
000000000
000000000
000000000
000000000
000000000
000000000
000000000
000000000
000000000
000000000
000000000
000000000
000000000
000000000
000000000
000000000
000000000
000000000
000000000
000000000
000000000
000000000
000000000
000000000
000000000
000000000
000000000
000000000
000000000
000000000
000000000
0001AE148
0001AE148
000000000
000000000
000000000
000000000
000000000
000000000
000000000
000000000
3F74C5526
000000000
000000000
000000000
000000000
000000000
000000000
000000000
3FE428F5C
000133333
000000000
000000000
000A8F5C3
000000000
0009D28EC
000000000
000000000
000170A3D
000EE147A
000000000
000B851EC
000000000
3FCF47AE3
000000000
000E7B666
000000000
000000000
000170A3D
0005851EC
000000000
000000000
000000000
00039999A
3FF9851EC
3FFE51EB8
000000000
00048F5C3
3FFE51EB8
000000000
000113BFF
3FF6A3D72
000000000
0001EB852
000133333
000000000
000000000
000000000
3FE55C28E
000000000
000000000
000000000
3FFE147AE
3FDA147AF
000000000
000000000
3FB933332
000000000
000000000
000B7C27E
000000000
000000000
3F8A28F5C
000000000
000000000
000000000
000000000
00050A3D7
00035C28F
000000000
000000000
000000000
000000000
000000000
000000000
000000000
000133333
3FF5AE148
000000000
000451EB8
000000000
000000000
000000000
000000000
000000000
0001AE148
000000000
000000000
000000000
000170A3D
0004147AE
000E28F5C
000000000
000000000
000000000
000000000
3FF666666
3FBAE147B
0009EA878
0000B851F
000000000
3FFC28F5C
000000000
000000000
000133333
0008D24C3
000170A3D
0000F5C29
3FF628F5D
000266666
000000000
000000000
000000000
3FD7AE148
000000000
000CB851D
000000000
000000000
000000000
000000000
000000000
000000000
000761A85
000000000
000000000
000000000
000D33333
000000000
3FF8147AE
3FFECCCCD
00063D70A
0006F5C29
3FF400000
000000000
000000000
3FFAF5C29
000000000
3FFAF5C29
3FF666666
000451EB8
000000000
0004CCCCD
000000000
3FFECCCCD
000000000
0001AE148
00082A788
000000000
000000000
0002A3D71
3FD161A86
00091EB85
000A8DDFB
000000000
0001EB852
000000000
000000000
000000000
3FDE66666
000000000
000000000
000000000
000000000
3FF851EB8
000000000
000000000
000000000
000000000
0000B851F
000000000
000000000
000000000
000000000
000000000
000000000
000000000
3FF71EB85
000000000
000000000
000000000
000EE147B
000000000
3FEEB851E
000000000
000000000
000000000
000547AE0
000000000
000133333
000133333
000000000
3FFA7AE14
0001AE148
00095C2F6
3FFECCCCD
000133333
000000000
000000000
3FF6A3D70
000000000
3FFBEB852
000000000
000000000
3FF88F5C2
000E91DC7
000DEB852
000000000
000000000
000000000
3FFFC28F6
000000000
3FF9851EC
3FF207023
3FF5D08D4
000000000
000000000
000000000
3FE970A3E
000000000
000000000
000000000
000000000
000000000
000000000
000266666
000000000
000547AE1
000000000
000000000
000228F5D
000133333
000000000
000000000
000000000
000000000
3FDAFCC4C
000000000
000000000
0001D38C6
000000000
000000000
3FFD9999A
00091EB86
000000000
3FD1EB850
000000000
3FFECCCCC
000000000
000000000
000000000
0004147AF
000000000
000000000
000000000
000000000
000000000
3FF4B851F
000000000
000000000
000000000
000000000
000000000
000000000
000000000
000000000
000000000
000000000
000000000
000000000
000000000
000000000
000399999
00003D70A
000000000
3FFCA3D70
000000000
0002E147B
000000000
000000000
000170A3D
000000000
000000000
000000000
000000000
000000000
000000000
000000000
000000000
000000000
000000000
000000000
000000000
3FD755ABF
000399998
3FFE8F5C3
000999999
000000000
000000000
000000000
000000000
0001EB852
000000000
000000000
000000000
000000000
000000000
000170A3D
0000B851F
000000000
000000000
0002A3D70
000000000
000000000
000000000
3FFE8F5C3
3FFECCCCD
000000000
000000000
000000000
3FFE147AE
000000000
000000000
000000000
000000000
000000000
000000000
000000000
000000000
000000000
000000000
000000000
000000000
000000000
3FFE51EB8
000133333
000133333
000000000
3FE651EB9
3FC0F7C41
000000000
000000000
000000000
000000000
3FFEAED5E
000000000
000000000
000000000
3FFDD70A4
000000000
000000000
3FFECCCCD
000000000
3FFE8F5C3
000000000
00039999A
000000000
0004147AE
000000000
000000000
000170A3D
000000000
000000000
0006B851F
3FFECCCCD
000000000
000000000
000000000
000000000
000000000
3FFE8F5C2
000000000
000170A3D
000000000
000000000
000133333
000000000
3FD03D70A
000000000
000000000
000000000
000000000
0005C28F6
000000000
000000000
3FF3851EB
0001AE148
3FFA00001
000000000
3FF90A3D7
000000000
000000000
000000000
000000000
000000000
0004CCCCD
3FEF70A3C
00099999B
000000000
0001AE148
3FFCA3D71
000000000
000000000
000000000
3FF4F5C29
000000000
3FFC55EEA
000000000
000000000
000000000
3FF533334
000000000
3FFE147AE
000000000
000000000
3FFCE147B
000000000
000000000
000000000
000000000
000ACCCCD
3FFECCCCD
000000000
3FE333333
000000000
000FD70A4
000000000
000000000
00063D70A
000000000
3FFAB851F
0002A3D71
000000000
000000000
3FFECCCCD
000000000
0006B851F
0007EB852
000000000
3FFD5C28F
000000000
000000000
0001AE148
000000000
000000000
000000000
3FFE51EB8
000000000
000000000
000133333
0001EB852
000000000
000000000
000000000
000000000
000000000
000000000
00007AE14
000000000
3FF4F5C28
000000000
000000000
000000000
3FFAB851F
3FF4F5C28
000000000
000000000
000AFB41F
3FF799999
000000000
3FF9851EC
000000000
3FFE8F5C3
000000000
3FFE147AE
3FDEA3D71
000266667
00063D70A
000000000
000000000
000000000
3FFE8F5C3
000000000
000000000
000000000
0006F5C29
000000000
000000000
000000000
000000000
3FD733334
000000000
000000000
3FF43D70A
00039999A
000000000
000000000
000000000
000133333
000000000
000000000
000000000
0002E147B
000600000
000000000
3FF2ABD6D
000000000
3FF1D70A4
000000000
000000000
000000000
0004CCCCD
000000000
000000000
0001EB852
000000000
0005851EB
000000000
3FF7D7108
000000000
3FFE8F5C3
000000000
000000000
3FFE8F5C3
000000000
3FFC28F5C
000000000
000000000
3FD5A1996
000170A3D
000866667
000000000
000000000
0009D70A4
000000000
3FFFC28F6
0001AE148
3FFECCCCD
000000000
000000000
0003D70A4
000000000
000000000
000000000
000000000
000000000
000000000
000000000
000000000
3FFC66666
000000000
0006B851E
3FFE8F5C3
00031EB85
000000000
000000000
000451EB9
000000000
000000000
000000000
000000000
000000000
000000000
000000000
000000000
000000000
000000000
000000000
000000000
000000000
000000000
000000000
000000000
000228F5C
000000000
0009D70A4
000000000
000000000
000000000
000000000
3FF2147AE
000000000
0001AE148
000000000
000000000
3FF7D70A4
3FFBEB852
000170A3D
000000000
000000000
00039999A
000000000
000000000
000000000
000170A3D
000000000
3FD6B851F
3FF75C290
000170A3D
3FFECCCCD
000000000
000000000
000000000
000000000
000000000
3FB5D70A4
000000000
000000000
000828F5C
00020DFDE
000000000
000000000
000000000
000000000
3FFDD70A4
000000000
000000000
000000000
000000000
000000000
000000000
3FFC28F5D
000000000
3FF0A3D70
000000000
000000000
000000000
000000000
000000000
000000000
0002A3D71
000000000
000000000
3FFC28F5C
000000000
000000000
0001C490E
00031EB85
3FFD5C28F
000000000
000000000
000000000
000000000
000000000
000000000
000000000
000000000
000133333
000000000
000000000
000000000
000000000
000000000
000000000
000000000
000000000
000000000
3FFD1EB85
000000000
000000000
000000000
000000000
000000000
000000000
000000000
000000000
000000000
000000000
000000000
000000000
3FF533333
000000000
000133333
000000000
000000000
000000000
3FFA00000
000000000
3FFE147AE
3FFCE147B
000000000
000000000
0001AE148
000000000
3FE68F5C2
000000000
000000000
000000000
000000000
3FFD5C28F
000000000
000000000
000133333
000000000
000000000
3FFE02804
3FF71EB86
000000000
000000000
000000000
3FFD1EB86
000000000
000133333
000000000
000000000
000000000
000000000
0001EB852
000733333
00046CE9C
000000000
0001EB852
000000000
000000000
000000000
000000000
000000000
000000000
000000000
000000000
0000915DB
000000000
3FF400000
3FEEF5C29
3FFC66667
000000000
000000000
000000000
3FFB33333
000000000
000000000
000000000
000000000
000F1EB85
000000000
000000000
3FF19999A
0007632B1
000000000
000000000
000170A3D
000000000
3FD2A3D70
000000000
000000000
000000000
000000000
000000000
000000000
000000000
0002A3D70
000000000
00067AE14
0007AE146
000133333
000000000
000000000
000000000
000000000
000000000
3FFDD70A4
000000000
000000000
000000000
3FE08F5C3
000000000
000000000
000000000
3FFD1EB85
000000000
000266666
000000000
0001EB851
000000000
000000000
000F5C28F
000000000
000170A3D
000266666
000000000
000000000
000000000
000000000
000000000
000000000
0001AE148
3FF607FFA
000000000
000000000
000000000
000000000
000000000
000999999
000000000
000000000
000000000
000000000
000000000
3FFE12FE9
000000000
000000000
000000000
000000000
000000000
000000000
000000000
000000000
000170A3D
000000000
000000000
000000000
3FFD5C28F
000000000
000000000
3FF106BFA
0005FFFFF
000000000
000000000
000000000
000000000
000000000
000629F9B
000E28F5D
0001D38C6
000000000
000000000
0001EB852
000000000
3FF616FB3
3FE3AE148
0002A3D71
000000000
000000000
000000000
000000000
000A51EB8
000228F5C
000000000
3FDF1EB85
000000000
3FFE38766
3FFECCCCD
000000000
000000000
000000000
3FEF70A3D
000000000
000000000
000000000
3FF5EB852
3FFECCCCD
000000000
000000000
000000000
000000000
000000000
3FFB8A1F6
3FEC3CF1E
000000000
000000000
000000000
3FF9C28F5
000000000
000000000
000000000
000000000
000000000
000000000
3FD8E147A
000000000
000000000
000000000
000000000
000000000
000000000
000000000
000000000
000000000
000000000
000000000
3FF27D61A
000000000
000000000
000000000
000000000
000000000
3FFD9999A
3FFD1EB85
000000000
000000000
0008A3D71
00050A3D7
3FF90A3D7
000000000
000000000
3FFB70A3E
000000000
0001EB852
000000000
3FED0A3D8
00099999A
3FFD5C28F
000000000
000000000
000000000
000000000
000733332
000000000
000000000
3FFECCCCD
000000000
000000000
000000000
000000000
000170A3D
000000000
000000000
000000000
000000000
000000000
000000000
000000000
3FFBEB852
3FF79999A
3FFE51EB8
000000000
00039999A
000000000
000000000
0002E147B
3FFCE147B
000000000
000000000
000266666
000000000
000000000
000000000
000C56F29
000000000
3FFE51EB8
3FFE8F5C3
000000000
000000000
000000000
000000000
000000000
000000000
000000000
0007EB851
000000000
0002A3D71
000133333
000000000
000D70A3D
000000000
000000000
000228F5C
000000000
3FB8F5C29
3FF4B851F
000000000
000000000
000000000
000A51EB7
000000000
000733334
3FFECCCCD
000000000
3FF8F842D
000000000
3FF851EB8
000C85614
3FFE8F5C3
000000000
000000000
3FF7C80EB
000133333
000000000
000000000
000000000
3FFCE147B
000000000
000000000
000000000
3FFCA3D71
000000000
0002E147B
000000000
3FF9851EB
000000000
000000000
000000000
000000000
000000000
000000000
000000000
000000000
000000000
000000000
000000000
3FFE8F5C3
3FFC28F5C
000000000
000000000
00057AA52
00031EB85
000000000
000000000
000000000
000000000
000000000
000000000
000266666
000000000
000000000
000000000
000000000
000000000
000000000
000000000
000000000
3FFBAE148
000000000
0003D70A4
000000000
3FD5851EB
000000000
000000000
0002E147A
000000000
000000000
000000000
000000000
000000000
000000000
000000000
000000000
3FFEC9D41
3FF570A3D
000000000
000000000
000000000
000000000
000000000
000000000
000000000
000000000
000000000
000000000
000000000
3FFC66666
000000000
3FFB70A3E
000000000
000000000
000000000
000000000
000000000
0008A3D71
000000000
000000000
000000000
000000000
000000000
000000000
000000000
000B851EC
000000000
000000000
000000000
3FF533334
3FFF47AE2
000000000
000000000
3FFE8F5C2
000000000
0001AE148
000000000
000000000
3FFE147AE
000000000
000A51EB9
000000000
000000000
000000000
000000000
000000000
000000000
000000000
3FF47AE14
0004CCCCD
000000000
000E66666
000000000
000000000
3FD1AE148
0001EB852
000000000
3FFF851EC
3FE51EB85
000000000
3FFCE147B
000000000
000000000
000000000
3FF4A0592
3FFB33333
000170A3D
000000000
3FFDD70A3
000000000
000000000
000000000
3FFE8F5C3
000000000
3FF400001
0008E147B
3FE2F5C29
000000000
000000000
000000000
000000000
000000000
3FFECCCCD
000000000
000000000
000133333
000000000
000000000
0004147AE
000000000
000000000
000000000
000000000
000000000
000000000
000000000
3FECCCCCC
000000000
000000000
000000000
000000000
000000000
000170A3D
0007A69A0
000000000
0001AE148
000000000
3FFAB851F
000000000
000000000
3FFE147AE
000000000
000000000
000000000
000000000
000000000
3FFECCCCD
000600000
3FE68F5C3
000000000
3FF30A3D8
000000000
3FFC66667
000000000
000000000
000000000
000000000
000133333
000000000
000000000
000000000
0004E9476
000000000
000000000
0003D70A4
000000000
000000000
000000000
000000000
000000000
000000000
000000000
000000000
3FF2CCCCC
000000000
3FF6D24C2
0002A3D71
000000000
000000000
3FFE51EB8
000000000
000266666
000000000
000266666
000000000
000000000
3FF347AE2
000000000
000133333
3FFD1EB85
000000000
3FFB70A3D
3FEF33333
000000000
000000000
000000000
000000000
000000000
000133333
3FFECCCCD
000000000
000000000
000000000
3FFD9999A
000000000
000000000
000000000
000000000
3FF9851EB
3FFE8F5C3
000000000
0003D70A4
000000000
000000000
3FF938B29
0001EB852
000000000
3FF347AE1
000000000
000000000
000000000
3FF90A3D7
000000000
000000000
3FE76A2D4
000000000
000000000
000594208
00091EB85
000000000
000000000
000000000
000000000
000000000
000000000
000000000
3FFC66666
0001AE148
000000000
000000000
000000000
000000000
3FFECCCCD
3FFECCCCD
000000000
000000000
000000000
000000000
000000000
000000000
000000000
000000000
0002BD529
000000000
000000000
000000000
3FF400000
000000000
000000000
000C00000
000000000
00063D70B
000000000
000000000
000000000
000000000
000000000
000000000
000000000
000000000
3FFB70A3E
000000000
000000000
3FB87AE15
000000000
000000000
000000000
000000000
000000000
000000000
000000000
000000000
000000000
000000000
000000000
3FEE107E4
000000000
3FFD5C28F
000000000
000000000
0005C28F5
0004566D5
000000000
000000000
3FF6A3D71
000000000
3FFC28F5C
000000000
3FFD1EB85
000000000
000866667
000000000
000000000
000C00000
000000000
000000000
000000000
000A51EB8
000000000
000000000
000000000
000000000
000600000
000000000
000000000
00039999A
000000000
000000000
000000000
3FFE51EB8
000000000
000000000
000000000
3FFE8F5C3
000000000
000C7AE14
000000000
000000000
000000000
3FFECCCCD
0004CCCCD
000000000
000000000
000000000
000000000
000F1D426
000000000
000000000
000000000
000733333
000000000
000000000
000000000
000000000
000000000
000000000
00039999C
000000000
3FEA4E742
000000000
000000000
000000000
000A147AE
000000000
000000000
3FFECCCCD
3FFECCCCD
000000000
000000000
000000000
000000000
000000000
3FFE147AE
000000000
3FFD99999
000000000
000000000
000000000
3FF400000
0007AE148
0005C28F6
000000000
3FF947AE1
000000000
000133333
000000000
3FFBAE148
3FF935B9F
000EA3D71
000000000
000000000
000000000
0001D38C6
3FC666667
000000000
000000000
000000000
000000000
000000000
3FFC66666
000000000
000000000
000266666
000000000
000000000
000000000
000000000
000000000
000000000
000000000
3FF90A3D6
000000000
000000000
000000000
00035C28F
000000000
000000000
000000000
000000000
00099999A
000000000
3FFC66666
3FFECCCCD
000000000
0001EB852
000000000
3FFD5C290
000000000
3FEAA3D71
3FFCE147B
000000000
000000000
000000000
000000000
000000000
000000000
000CF7455
000000000
000000000
3FE23D70B
000000000
000000000
0003D70A4
000000000
000000000
3FFE51EB8
000B47AE1
000B17C2F
3FEDFFFFF
000000000
000000000
000000000
000000000
000000000
000000000
000000000
000000000
00048F5C3
000133333
000000000
000000000
000000000
000000000
000000000
000000000
3FFE147AE
3FFD9999A
000000000
000000000
000000000
000000000
000000000
000000000
0001AE148
000000000
000000000
0007A81C8
0001AE148
000000000
0001AE148
000000000
000000000
000000000
000000000
0001AE148
000266666
000000000
000000000
000000000
3FFCA3D71
000000000
000000000
000E43F40
0006B851F
000000000
3FE68F5C3
000000000
000000000
3FFCE147A
000000000
000000000
000000000
3FF46BE5E
000000000
000000000
000000000
000000000
000000000
00035C28F
000000000
000000000
3FF8147AE
3FFC66666
3FE4A3D70
3FFE147AE
0000915DB
000133333
000000000
00031EB85
000000000
000000000
000000000
3FF570A3D
000000000
3FFB33333
0002E147B
000000000
000133333
000133333
000000000
00035C28F
3FE8F5C29
000978A36
000000000
3FFE147AE
0001AE148
000000000
000000000
000000000
000000000
3FFE51EB8
000000000
00039999A
3FFD5C28F
0007AE148
000600000
0007AE147
000000000
000000000
000000000
000000000
000000000
0008A3D72
000000000
000000000
000000000
000000000
000000000
000000000
000000000
000000000
000000000
000000000
000000000
000000000
3FFE8F5C3
000000000
000000000
000000000
000000000
000000000
000000000
000000000
000000000
000837F7A
000133333
3FF570A3E
000000000
000000000
000000000
00048F5C3
000000000
3FFBAE148
3FEC147AE
000000000
000000000
3FFE147AE
000000000
3FFD1EB85
000000000
000000000
000000000
000000000
3FFE02805
3FE933335
0005C28F5
000170A3D
0002A3D70
0004147AE
000000000
3FF0E147A
000000000
000000000
000000000
00012437B
0001AE148
000000000
0001EB852
000000000
3FF5EB851
000000000
000000000
00031EB85
000000000
000000000
000000000
000000000
0005C28F6
000000000
000000000
000000000
000266666
3FF851EB8
00003D70A
000000000
000000000
000000000
000000000
000000000
000000000
000000000
000228F5C
000000000
000000000
3FFECCCCD
000000000
000000000
000000000
000000000
0003D70A3
000133333
000000000
000CB851F
3FFAE3C80
000000000
000000000
000000000
000133333
3FFE51EB8
000000000
000AA5D88
000266666
000000000
000133333
000000000
000000000
000000000
000000000
3FFE147AE
000000000
3FFE51EB8
000000000
3FF0A3D71
000000000
000A147AE
000000000
00031EB85
000000000
000228F5C
000000000
000000000
000000000
000000000
000000000
000000000
000000000
000000000
000000000
000000000
0001AE148
000000000
000000000
3FFECCCCD
000000000
000000000
3FE70A3D7
000000000
00031EB85
0002A3D71
3FF6E147B
000000000
000000000
000000000
0008A3D6F
3FF3A1995
3FEC147AE
000000000
0001D38C6
000000000
000000000
000000000
000000000
000000000
000000000
000000000
000000000
0001AE148
3FFAB851F
000000000
000000000
000000000
000000000
3FFD6FACB
3FE8F5C29
000000000
000000000
000170A3D
000000000
000000000
000000000
000000000
000B47AE1
000000000
000600001
000000000
0002E147B
000000000
000000000
000000000
3FFBEB852
000000000
000000000
000000000
000000000
000000000
3FE7851EB
3FEE00001
0006F5C29
000A8F5C3
3FFB33333
000266666
000000000
3FE22278C
000000000
0003D70A4
3FFCE147B
3FFE147AE
000399999
000000000
000000000
3FFECCCCD
000000000
000000000
000000000
3FFD5C28F
000000000
3FE5383A4
00044173B
3FFFFFFFF
000000000
000000000
000000000
000133333
000000000
000000000
000000000
000000000
000000000
0001991AD
3FF628F5C
00050A3D7
000000000
000000000
000000000
000B47AE1
000000000
000000000
3FFECCCCD
000000000
000000000
0005851EC
000000000
3FFF47AE1
0001EB852
0000F5C29
000000000
3FFCE147B
000000000
0002E147B
3FFCE147A
3FFD1EB85
3FFB70A3D
000333B87
000000000
000000000
000000000
000000000
3FF71EB85
3FF0A3D71
3FFD9999A
000170A3D
000000000
0001EB852
000000000
000000000
000000000
000000000
000000000
000000000
000000000
000000000
3FFBEB851
000000000
000000000
000000000
000266666
000000000
00095C28F
000000000
000000000
000000000
000828F5C
0007AE147
000000000
3FFE8F5C3
000000000
000000000
3FFECCCCD
3FFBEB852
000000000
3FE602804
000000000
000451EB8
3FF799999
3FFCE147B
00015EA94
000000000
000000000
000000000
000B0A3D8
000000000
000000000
000133333
000000000
000000000
000000000
000000000
000000000
000000000
000000000
000000000
000000000
0009D70A4
000000000
000170A3D
000000000
3FF202805
3FFCE147B
000733333
000000000
000000000
000000000
0003D70A4
000866667
00018A1F6
000170A3D
000000000
000CB8520
000133334
3FFBAE148
0007EB852
00039999A
000000000
3FFECCCCD
000000000
3FFE147AE
000000000
000000000
000000000
3FFC66666
3FFB8D1E8
000000000
000000000
000266666
000000000
000000000
000000000
000000000
0008E147C
000000000
000000000
000000000
3FF8CCCCD
0002A3D70
000ACCCCC
000000000
000866666
000000000
3FF9C28F5
000000000
000000000
3FFCE147B
000000000
3FFE147AF
000000000
3FFC66667
000000000
0004CCCCD
000000000
000000000
000000000
000000000
000000000
3FF71EB85
000000000
3FF400000
000170A3D
000000000
000000000
3FF666666
000000000
000000000
0008A3D71
0002E147B
000000000
000000000
000000000
000000000
000133333
000000000
3FFE51EB8
000000000
0009D70A3
000000000
3FFAF5C29
000000000
000000000
000133333
3FFECCCCC
000000000
000266666
3FF251EB8
3FFCA3D6F
000228F5C
00063D70A
3FEDEB064
000228F5C
000BD9123
000000000
000000000
000000000
000133333
3FFE8F5C3
000000000
000000000
000133333
000000000
0005851EB
000000000
000000000
000000000
000000000
000000000
0002A3D71
000000000
000000000
3FE4A3D70
000000000
000000000
000000000
3FFBAE148
3FFBAE147
000000000
000000000
000000000
000000000
000000000
000170A3D
3FDC3D70B
000000000
000000000
000000000
00048F5C3
000000000
000000000
00002E752
000000000
3FEB5C28F
000000000
3FFECCCCD
000B85252
000000000
0005851EC
3FFDD70A4
000000000
000000000
3FF28F5C2
000000000
000000000
000451EB8
0001AE148
000A51EB8
3FFCE147B
000000000
000000000
000000000
000000000
000000000
0002A3D71
000000000
3FFECCCCD
000000000
3FF8AED5D
000000000
3FFECCCCD
000000000
000000000
0005851EC
000000000
000000000
000000000
3FF851EB8
000000000
00007AE15
000000000
3FFF851EB
000000000
000000000
000000000
00091EB85
000000000
000000000
000000000
000000000
000000000
3FE87AE14
3FFBEB852
3FFD1EB85
00048F5C3
3FF79999A
000000000
000000000
3FFECCCCD
000000000
3FFB70A3D
000000000
000000000
0002A3D71
000000000
000000000
000000000
3FE4E147B
3FF7D70A4
000000000
000000000
00063D70A
000000000
000D70A3D
000000000
000000000
000000000
3FFD5C290
3FFE51EB8
000000000
000000000
000000000
3FEF70A3E
000000000
000000000
3FF028F5C
000000000
3FFC28F5C
000000000
000000000
000000000
3FFECCCCD
000000000
000733334
000000000
000000000
000000000
000000000
00012437B
000000000
000000000
000000000
000000000
000000000
000547AE1
000000000
000000000
000000000
00050A3D7
000000000
000000000
000000000
000000000
000000000
00007AE14
3FFECCCCD
000047F0B
00003D70B
3FFD5C28F
000C62E89
000770A3D
000000000
000000000
3FFA3D70B
000000000
0004147AE
00050A3D7
0003D70A4
000000000
00094A2E5
000000000
000000000
000000000
000000000
3FF066667
000000000
000000000
000000000
000000000
000000000
000000000
3FFE147AE
000000000
000000000
000000000
000000000
000000000
000000000
000000000
0005851EB
000000000
000000000
3FFFC28F5
3FFBAE148
000000000
3FF199998
0001EB852
000000000
000000000
000000000
000000000
00012437B
000000000
000000000
000000000
3FFECCCCD
3FF9C28F5
000000000
000000000
3FEF43B16
000000000
000000000
000000000
000000000
000000000
000000000
000000000
3FFCA3D71
000000000
000000000
000000000
000000000
3FFB33334
000000000
000000000
000000000
000000000
3FFC66666
0008A3D71
000000000
000000000
000000000
000000000
000000000
000000000
000000000
000000000
3FF8CCCCD
000000000
3FFCA3D71
3FFECCCCD
000000000
000000000
000000000
000000000
3FFA7AE15
000000000
000000000
000000000
3FF811822
000399999
3FFAF5C29
3FE7851EC
3FFE8F5C3
000828F5D
3FFBAE148
000000000
000000000
000000000
3FFFC28F6
000000000
000170A3D
000266666
000000000
0008E147B
000000000
000000000
000000000
3FFECCCCD
3FF064EA0
000000000
000000000
000228F5C
00015EA94
000000000
000000000
000000000
000000000
0001EB852
000000000
000000000
000000000
000A8F5C2
000000000
000600000
000000000
0004CCCCD
000000000
000000000
3FFECCCCD
3FF533333
000000000
000000000
000000000
000000000
000000000
000000000
000000000
000000000
000000000
000000000
000000000
000000000
000000000
000000000
000000000
0001EB852
0006F5C29
000000000
00031EB85
3FFD9999A
3FFE60ED6
000600000
000000000
3FFB33333
000000000
000000000
000000000
000000000
000000000
000266666
000000000
000000000
000000000
000000000
000000000
000000000
000000000
00095C290
3FFF851EB
000000000
000000000
000770A3D
000000000
000000000
000000000
000000000
000000000
000000000
000000000
000F99999
000000000
000000000
000000000
3FFFC28F6
000000000
000000000
000000000
3FFBCD8E2
000133333
3FF8CCCCD
3FFCE147A
000000000
000000000
000000000
000000000
0004147AE
3FFE8F5C2
000000000
000600000
000000000
000000000
000000000
000000000
000000000
000000000
000000000
000000000
000000000
000000000
3FE44E6DB
000000000
000000000
0006F5C28
000000000
000000000
000770A3D
000000000
0001EB852
000000000
000000000
000000000
3FF666667
000000000
0001EB852
00063D70A
000000000
000000000
000000000
3FFFF2875
000000000
000000000
000000000
000000000
000000000
000000000
000000000
3FFF0A3D8
000000000
000000000
000000000
00050A3D7
000000000
3FEF70A3D
000000000
000000000
000000000
000000000
3FEC8F5C2
000000000
3FFA68E6C
000000000
000000000
3FFECCCCD
000000000
000000000
000000000
000000000
000000000
3FFD5C28F
000000000
3FFD1EB85
000399999
0004CCCCD
000FEC0A3
000000000
000000000
000000000
000F5C28F
000000000
000000000
000000000
3FF400000
000000000
000000000
3FF8CCCCC
000000000
000000000
000000000
000000000
000000000
000000000
000000000
000000000
3FFBEB852
00035C28F
000000000
000E5A707
000000000
000000000
000000000
000000000
000000000
000000000
0000B851F
000000000
000000000
000000000
000000000
000000000
3FEE00000
000000000
0004CCCCD
000000000
000170A3D
3FF947AE1
00050A3D7
000000000
000000000
000000000
000000000
000000000
000000000
000228F5C
000000000
000000000
000000000
3FF0E147B
000000000
000000000
000000000
000000000
000000000
0002A3D71
000000000
000000000
000000000
000000000
000000000
000000000
000000000
000000000
000000000
000000000
3FFC66666
000451EB9
000000000
0002A3D70
000000000
000000000
000000000
000000000
000170A3D
000000000
000000000
000000000
000000000
000000000
3FF347AE1
000000000
000000000
3FFECCCCD
000C3D70B
000000000
000B0A3D7
000000000
000000000
000000000
000000000
000000000
000B47AE2
000000000
0005851EB
000000000
3FF9851EB
000000000
3FEBD70A4
000000000
000451EB8
000000000
3FFE147AE
000000000
000000000
0005851EB
000000000
000000000
000000000
000000000
000266666
000000000
3FF628F5C
000000000
000000000
0006B851E
0002E147A
000451EB9
000000000
0000B851E
3FFCA3D71
000000000
000000000
0008CAD1A
000000000
000000000
000000000
3FFAB851F
3FFD5C28F
000000000
3FFE51EB8
000000000
000000000
000000000
000000000
3FFB33334
000000000
000000000
000000000
0001AE148
3FFC07FFC
000421FA1
000000000
000228F5A
000000000
000000000
000000000
000000000
000B47AE1
000000000
000000000
000000000
000000000
000000000
000000000
0001EB852
3FF30A3D7
000000000
000000000
0003A718C
000266666
000000000
000000000
000000000
000000000
000000000
000000000
000000000
3FFE8F5C2
000000000
000000000
0006F5C29
000000000
0002A3D71
000170A3D
000000000
000000000
000000000
3FFECCCCD
000133333
3FFCA3D70
000000000
00039999A
000000000
0001EB852
000000000
000000000
000000000
000000000
000000000
000000000
000000000
000266665
000000000
3FFE51EB8
000000000
0001AE148
0001AE148
00007AE15
3FDCF5C29
000000000
000000000
000000000
000000000
0001EB852
00012437B
00039999A
000000000
000000000
000000000
000000000
000000000
0004CCCCC
000000000
000000000
000266666
000000000
000000000
000000000
3FF30A3D8
000000000
000000000
000000000
000000000
3FFBEB852
000000000
3FF9851EC
000000000
000000000
000000000
3FFC66666
000000000
000000000
000CF5C29
000000000
0002E147B
000000000
000000000
0002E147B
000000000
000000000
000000000
000000000
000000000
000000000
00031EB85
000000000
3FFF851EB
00007AE15
000000000
000000000
000000000
000000000
000000000
000000000
000000000
000000000
000000000
000ABAD8A
000000000
000000000
00035C28F
000000000
000000000
000000000
0003D70A4
000000000
000000000
000000000
000000000
000000000
000000000
000000000
3FE2B851F
000000000
000000000
000828F5C
3FFE8F5C3
000000000
000000000
000000000
0004147AD
3FFD9999A
000000000
000000000
0000F5C2A
000000000
0003BA960
000000000
000A8F5C2
000000000
000000000
000000000
000000000
000000000
000000000
000000000
000000000
3FFB33335
000600000
3FFECCCCD
000000000
000000000
000000000
3FFCE147B
000000000
000000000
0002E147B
000000000
3FFFFFFFF
0003D70A4
000399999
000000000
3FF851EB9
000000000
000000000
00050A3D8
000000000
000000000
000000000
000DDF8F3
000000000
3FE4A3D70
3FFE147AE
000000000
000000000
000266666
000000000
3FFB70A3D
0001EB852
000000000
0004147AE
000000000
0000F5C29
000000000
0003D70A4
000000000
000000000
000451EB7
000000000
000000000
000000000
3FFA3D70B
000000000
000000000
000000000
000000000
000000000
000266666
000000000
000000000
000000000
000F30B93
3FFE147AE
00035C28F
000000000
000000000
3FFF0A3D7
3FFD5C290
000000000
0004CCCCD
00035C28F
000000000
000133333
000000000
000000000
000000000
000000000
000000000
000000000
0000B851E
0002A3D71
000828F5D
000133333
000000000
000000000
3FFCA3D71
000000000
000540338
000000000
000000000
000000000
00048F5C2
000000000
000000000
000000000
000000000
000000000
3FFCA3D71
000000000
000000000
000E28F5C
000000000
3FFB70A3D
0001AE148
000000000
3FFE147AE
000000000
000000000
000000000
000000000
000000000
3FFB33333
3FFE8F5C3
000000000
3FFE147AE
000866666
000451EB8
000000000
000133333
000547AE0
000000000
00091EB85
3FFECCCCD
000000000
000000000
3FFB70A3E
000000000
3FF3C28F4
000000000
000000000
000000000
000000000
000000000
000000000
000000000
000000000
000000000
000A147AD
000000000
000000000
000000000
3FFE147AE
000000000
000000000
0002A3D71
000000000
3FF36D2C7
000CB851F
000000000
000000000
000A8F5C2
000000000
000733333
000770A3C
000000000
000000000
000000000
000000000
0008A3D71
000000000
3FFD9999A
000000000
0006B851F
000600000
000000000
3FFB33333
3FFAB851F
000000000
000000000
000000000
3FF4F5C29
3FFE8F5C3
000000000
000000000
000000000
000000000
000170A3D
000B851EB
000000000
000000000
0004147AE
000000000
000000000
0001AE148
3FFF47AE1
000000000
3FFCE147B
0005C28F6
000000000
000000000
000000000
3FFD5C28F
000133333
000000000
3FFECCCCD
000000000
000000000
000000000
000000000
3FFFAD95B
000000000
000000000
000000000
000000000
000000000
000000000
000000000
000000000
000000000
000000000
000000000
0001AE148
000000000
000266666
00012437B
0006F5C29
000000000
3FF75C290
000000000
000000000
3FE97E230
000170A3D
0001EB852
000000000
000000000
3FFE8F5C3
000000000
3FF6E147B
000000000
000000000
3FF0A3D71
000000000
000000000
0001991AD
000000000
000000000
000266666
0002A3D70
000000000
000000000
0001EB852
000000000
3FFAF5C29
3FFF851EB
000000000
3FFD5C290
3FFE51EB8
000000000
000000000
0001EB852
000000000
000000000
000000000
000000000
000000000
000228F5C
000000000
0002A3D70
3FFECCCCD
000000000
3FFE51EB8
3FFECCCCD
000000000
000000000
0004147AE
3FFC66666
000000000
000000000
000000000
000000000
000000000
000000000
000000000
000000000
000000000
000000000
000000000
3FF90A3D7
0003D70A4
0001AE148
000000000
000ACCCCD
000000000
000000000
000000000
000000000
000000000
000000000
3FFECCCCD
000000000
000000000
00067AE14
000000000
000000000
3FF2CCCCD
000000000
0001EB852
0004F543C
000000000
000000000
000000000
000000000
000000000
000000000
3FFCA3D71
3FF43D70B
000000000
000000000
000000000
0002A3D71
000000000
000000000
000000000
00015EA94
000000000
000000000
000000000
000000000
000000000
000000000
3FFF851EB
000000000
000000000
000000000
0001AE148
000B47AE2
000170A3D
000000000
0004147AE
000547AE1
000000000
00015EA94
0008E147B
000000000
0003D70A4
000000000
3FFE147AE
0008A3D70
000000000
000000000
000000000
000000000
000000000
000228F5C
000000000
000000000
000000000
000000000
000000000
3FFD5C28F
000CB851F
000000000
000000000
0008E147B
000000000
3FFEBDD15
000228F5C
000000000
000133333
00067AE14
000000000
000000000
000000000
000000000
000000000
000000000
3FFC28F5C
000000000
000000000
3FFCE147B
000000000
000000000
000000000
3FFECCCCD
000000000
000000000
000170A3D
000A6568D
000000000
000000000
000000000
0004CCCCD
000000000
000000000
000000000
000000000
000000000
000000000
3FFE8F5C3
000000000
000000000
000000000
000000000
00015EA94
000000000
000CB851F
3FFD9999A
000000000
3FFE51EB8
0005283AC
3FFDD70A3
3FF5AE148
00015EA94
000000000
000000000
0006F5C29
000000000
000000000
000000000
3FFDB497E
000000000
000000000
000000000
0002E147B
000000000
000266666
000000000
000000000
000170A3D
000000000
000000000
000000000
000000000
3FFECCCCD
000000000
000000000
000000000
3FFD5C28F
000845705
000000000
000000000
000FD70A4
00035C28F
000000000
000000000
000000000
000170A3E
000000000
000000000
000000000
000000000
00048F5C3
000000000
000000000
3FFFEB065
000000000
000000000
000000000
000000000
000000000
00031EB85
000000000
000000000
0004147AE
000000000
3FFBAE147
000000000
3FFD9999A
3FF947AE2
000000000
000000000
000000000
000000000
000000000
0003C80EC
000000000
000000000
000000000
000000000
000000000
000000000
000000000
000733333
000000000
000A35774
000000000
000000000
3FFE51EB8
000133333
000000000
000000000
0002A3D71
000000000
000000000
00003D70A
000000000
3FF851EB8
000000000
000000000
000000000
000000000
000000000
0001EB852
0003D70A4
000000000
000000000
000000000
000000000
000000000
000000000
000000000
000000000
0001EB852
000000000
000000000
000000000
000000000
000000000
000000000
000000000
000000000
3FF5EB851
000000000
000399999
000000000
000BC28F6
000000000
000000000
000000000
0008A3D71
000000000
000000000
000000000
000000000
0001AE148
000000000
000000000
000000000
0002E147B
000170A3D
000828F5D
0004CCCCD
000000000
3FFE51EB8
000000000
000000000
000000000
3FFE51EB8
000228F5C
000000000
000000000
000000000
000000000
0003D70A4
000000000
000000000
3FFA7AE15
000000000
3FFE8F5C3
000000000
000000000
000000000
000000000
000000000
000000000
000000000
000000000
0001AE148
000133333
000000000
000000000
3FFA3D70B
000770A3D
0004147AE
000000000
00067AE14
3FFECCCCD
000828F5C
000000000
0001AE148
000000000
3FDDAE148
000000000
000000000
000000000
000000000
000000000
000000000
000000000
000000000
000133333
000000000
3FFE51EB8
000000000
000000000
000000000
000000000
000170A3D
0001AE148
0001EB852
000000000
000000000
3FFE147AE
000000000
0000B851E
3FF628F5C
000000000
000D6C287
000170A3D
3FFE147AE
000EA3D71
000000000
0006F5C29
000000000
3FFE147AE
000000000
000000000
000000000
000000000
000000000
000000000
000000000
000000000
000000000
3FF400001
000000000
000000000
000000000
000000000
000000000
000000000
000000000
000000000
000000000
000000000
000000000
000A51EB8
000000000
000000000
000000000
000000000
000000000
000000000
000000000
000000000
000000000
000000000
000000000
000000000
000000000
000000000
0000B851F
000000000
000000000
00039999A
00035C28F
3FFE147AE
000000000
3FFF47AE1
000000000
000000000
000000000
000000000
000000000
000000000
000000000
000000000
000000000
000000000
3FFECCCCD
000000000
000000000
000000000
0002A3D71
3FFE8F5C3
000000000
000000000
000000000
3FF88F5C3
000000000
0001AE148
000000000
000000000
000000000
000000000
000000000
000000000
000000000
000266666
000000000
000000000
3FFBAE148
3FFE147AE
000000000
000000000
000000000
000000000
000000000
3FFCE147B
000000000
000000000
000000000
000000000
000000000
000000000
000000000
000000000
000000000
000000000
000170A3D
000000000
000000000
000000000
00015EA94
000000000
000000000
000266667
000000000
000000000
3FA35C28F
000000000
000000000
000000000
000000000
000000000
00035C290
000000000
000000000
3FFAB851F
000ACB508
000000000
000000000
000547AE1
000000000
000000000
000000000
000000000
000000000
000000000
3FFF47AE2
000451EB8
000000000
000000000
000000000
000A8F5C3
000000000
000000000
000000000
000000000
000266666
000000000
000000000
000000000
0001AE148
000000000
00035C28F
3FFFC28F6
000133333
000000000
000000000
000E76E49
000000000
0007AE147
000000000
3FFAB851F
000000000
000000000
00031EB85
000000000
0006F5C27
000000000
0001EB852
000000000
000000000
0004057F6
000000000
3FF666666
000000000
000000000
0002E5C99
000000000
000000000
000000000
000000000
000000000
000000000
0001EB852
000000000
000000000
000000000
3FE747AE2
000000000
000000000
0002E147B
000000000
0001EB852
0004147AE
000000000
3FFE51EB8
000000000
000000000
000228F5C
000000000
000000000
000000000
000000000
000000000
000000000
3FFECCCCD
000000000
0008A3D71
00050A3D6
0005D60CA
3FFC28F5C
0005C28F6
000000000
000000000
000133333
000000000
000490DEF
000170A3D
000000000
000000000
000000000
000000000
000000000
000000000
0002E147B
000000000
000000000
0001AE148
0001EB852
3FFECCCCD
000000000
000000000
000170A3D
000000000
3FFB33333
0008AE571
3FFE51EB8
3FFE51EB8
000000000
000000000
000000000
000133333
000000000
00095C28F
000000000
000170A3D
000828F5C
0001AE148
000000000
000000000
000000000
3FFBEB852
000000000
0006B851E
3FF851EB9
000000000
000399999
000000000
000000000
000000000
000000000
000589A08
000000000
000000000
000000000
0001D38C6
000000000
000000000
000000000
3FFA7AE14
000170A3D
000000000
000000000
000000000
000000000
000228F5C
000133333
000000000
000000000
000000000
3FFE147AE
000000000
000000000
000000000
000000000
3FFD1EB85
000000000
000000000
000000000
000000000
000000000
000000000
000000000
000000000
000000000
3FFDD70A4
000266666
0009ED8D2
3FD3D70A4
000000000
3FFA3D70A
0004147AE
000000000
000000000
3FFECCCCD
000000000
3FFC28F5C
000F1EB85
000000000
000170A3D
000000000
000000000
0001EB852
000000000
000AB7D97
000000000
000000000
000000000
000000000
000000000
0009D70A4
000000000
000000000
0001AE148
000000000
000000000
3FFC66666
000000000
000170A3D
000000000
000000000
000000000
000000000
000000000
000000000
000000000
0006D94E5
000000000
000000000
000000000
000000000
3FFDD70A4
000228F5C
000000000
3FFE51EB8
000000000
00046568D
000000000
000000000
000000000
000000000
000000000
000000000
000000000
000000000
0002E147B
000000000
000000000
000000000
3FF8CCCCD
3FFECCCCD
000000000
000000000
000000000
000000000
000000000
000C47F0A
3FDA8F5C3
000000000
000000000
000600000
000000000
000000000
000000000
000600000
000000000
000000000
3FBC51EB8
000000000
000000000
000000000
000000000
3FFE147AE
000000000
000000000
000000000
000000000
3FFE8F5C3
000000000
000000000
3FF666666
000000000
000000000
000000000
000000000
3FFCE147B
000000000
3FFE8F5C3
3FEDAA96A
00048F5C2
000000000
000000000
000000000
000000000
000547AE2
000802018
3FFAF5C29
000000000
000000000
3FFECCCCD
000000000
000000000
000000000
000170A3D
000273E59
00003D70A
3FFE147AE
000000000
3FFD99999
000C3D70B
000000000
000000000
000547AE1
000000000
000000000
000000000
000000000
000000000
000000000
000000000
000000000
000000000
000000000
000000000
000000000
0002A3D71
000000000
000000000
000000000
000000000
000170A3D
0008E147A
3FF533333
000000000
000000000
00039999A
000000000
3FF570A3D
000133333
000000000
000000000
00031EB85
000819FA4
3FFECCCCD
000000000
000000000
000000000
000000000
000000000
000000000
00035C28F
000000000
000000000
0006A6575
000170A3D
3FFC66666
000000000
00031EB85
000000000
000000000
000170A3D
3FFFB094C
000000000
000000000
00094A34C
000000000
000000000
000000000
3FFE1A7F7
000000000
00034A2E7
3FF8FB41F
000000000
000000000
000000000
000000000
000000000
0004CCCCD
000000000
00031EB85
3FFD1EB85
000000000
000000000
000266666
000000000
0009B497C
000000000
000228F5C
000000000
00015EA94
000000000
000000000
000000000
000000000
0003D70A4
00031EB86
000000000
000000000
000000000
3FF691DC9
0002486F7
000000000
0003D70A4
3FF6A3D70
000000000
000000000
000000000
000000000
000000000
000000000
000000000
000000000
000000000
0004CCCCC
3FE200000
000000000
3FFECCCCD
000000000
000000000
3FFE51EB8
000000000
000000000
000000000
000000000
00039999A
3FFD5C28F
000000000
000000000
000000000
000000000
000000000
000000000
000000000
000000000
0001AE148
3FFECCCCD
000000000
000000000
000000000
000000000
000000000
000000000
000000000
000A04031
3FFA3D70A
000000000
000000000
00048F5C3
3FED851EB
000000000
000000000
000133333
000000000
000000000
000000000
0008E147B
000000000
00091EB85
000000000
000000000
3FFBEB852
000000000
000451EB9
000000000
000000000
000133333
000000000
000170A3D
000000000
3FF71EB85
3FF0E1479
3FF1D70A4
000228F5C
000000000
000000000
000000000
000000000
000000000
000000000
000000000
000133333
3FFECCCCD
3FFECCCCD
000000000
3FF6F348C
000F5C28F
000000000
000000000
000000000
000000000
000000000
000000000
000000000
000000000
000228F5C
000000000
000000000
00031EB85
000000000
000000000
3FFF0A3D6
0003849FF
000133333
000000000
000000000
000170A3D
000000000
000000000
000814029
000000000
000000000
3FFD1EB85
000000000
000000000
0006646B4
00007AE15
000000000
000000000
000000000
3FFECCCCD
3FFE51EB8
000000000
000000000
000000000
000000000
000000000
0000F5C28
3FFECCCCD
3FFD5C28F
000000000
000000000
000000000
000000000
000000000
000000000
000000000
000000000
000591217
000133333
000704C46
0008A3D71
3FF3C28F5
000000000
000000000
000000000
000000000
000000000
000000000
000000000
000000000
000000000
000000000
000000000
0001AE148
0009AB9AA
000000000
000000000
000000000
000000000
000000000
000000000
3FF79999A
000133334
3FFCE147B
0002F7C41
000000000
000000000
000828F5C
000000000
000000000
000000000
000000000
3FFD9999A
000000000
000000000
000000000
000000000
3FFD9999A
000000000
000000000
000000000
3FFA00000
000000000
000000000
000000000
3FFCE147B
000000000
000000000
000000000
000000000
000000000
000000000
3FFE51EB8
000000000
000000000
000000000
000000000
000000000
000000000
3FFDD70A4
000000000
3FFE147AE
000170A3D
3FFFF1048
000000000
000000000
000000000
000000000
000000000
000000000
3FF70FBCD
00023674E
000000000
000000000
000000000
3FFE51EB8
0002A3D70
0003D70A4
000000000
000000000
000000000
000000000
000000000
000000000
000000000
3FFD1EB85
000000000
000000000
000000000
000000000
000000000
0001D38C6
000000000
000000000
000000000
000000000
000000000
000000000
000000000
3FFA7AE14
000000000
000000000
000000000
000000000
000000000
000000000
000000000
3FFD9999A
000000000
000000000
000000000
000000000
000000000
0008A9DBA
000000000
000000000
000000000
000000000
000000000
000000000
000000000
000000000
000000000
000000000
000000000
000000000
3FFE8F5C3
000000000
000000000
000000000
000000000
000000000
000000000
3FFECCCCD
000000000
000000000
000000000
000000000
3FFE147AE
000000000
000000000
000000000
000000000
000000000
000000000
000000000
0001AE148
000000000
000000000
000000000
000000000
000000000
000828F5C
000000000
000000000
000000000
000000000
3FFF0A3D6
000000000
000000000
000000000
3FFD5C290
000000000
000000000
3FFECCCCD
000000000
000000000
000000000
0006F5C28
000000000
000000000
000000000
000000000
000000000
000000000
000000000
00012437B
000000000
000000000
0009472F5
000000000
000000000
3FFECCCCD
000000000
000000000
000000000
000000000
3FFCCC4E0
000000000
000000000
000000000
000000000
000000000
3FFCA3D71
0002E147B
000000000
3FFECCCCD
000000000
000000000
3FFCA3D71
3FFA00000
000000000
000000000
000000000
000000000
3FFCE147B
000000000
000000000
3FFE51EB8
000000000
000451EB8
000000000
000000000
3FFC66666
0001AE148
000000000
3FFCA3D71
3FFE51EB8
000000000
3FF8CCCCD
000000000
000000000
000000000
000000000
000000000
000000000
3FFE8F5C3
3FF4F5C29
0007AE148
000000000
3FED0A3D7
000000000
3FFB33333
3FFAF5C29
000000000
0001AE148
3FFE057F6
000000000
000000000
000EA3DD7
000000000
000000000
000000000
000000000
000000000
3FFECCCCD
000000000
000000000
000000000
000000000
3FF79999A
000000000
000000000
3FF851EB8
000000000
0001EB852
3FF8147AE
000000000
000000000
000000000
00015EA94
3FFCE147B
000000000
000000000
000000000
000000000
000000000
0002E147B
3FFD5C28F
3FFAB851F
000000000
000000000
000000000
000000000
3FFECCCCD
3FFE51EB8
000000000
000000000
000000000
000000000
000000000
000000000
3FF8CCCCD
3FFE147AE
000000000
000000000
000000000
000399999
3FFBEB852
3FFD1EB85
000170A3D
000000000
000DAE148
3FFD5C28F
000000000
000000000
000000000
000000000
000000000
000000000
000000000
000000000
3FFA00001
000000000
000000000
3FF90A3D7
000000000
000000000
000000000
000000000
000000000
000000000
000000000
000000000
3FFD4A2E6
000000000
000000000
000000000
000000000
000000000
000000000
000170A3D
00062B760
000000000
000000000
000000000
000000000
000000000
000000000
000000000
000000000
000000000
000170A3D
000000000
000000000
000000000
000000000
000000000
000000000
000000000
000000000
000000000
000000000
0002A3D70
000000000
0008E147B
000000000
3FFFF1048
3FFD9999A
000000000
000000000
000000000
000170A3D
000000000
000000000
000000000
000000000
3FFA3D70B
3FFECCCCD
000000000
000000000
3FF15C290
000000000
000000000
3FFC66667
000000000
000000000
000000000
000000000
000000000
000000000
3FFBBE92A
000000000
000000000
000000000
000000000
000000000
000000000
000000000
000000000
000000000
000000000
000133333
000000000
000000000
000000000
000000000
000000000
3FED47AE1
000000000
000000000
000CF5C29
000000000
000000000
3FF8566D6
0000B851E
000000000
0001C191C
000000000
000000000
3FFECCCCD
000000000
000000000
000000000
000000000
000000000
000000000
000000000
000000000
000000000
000000000
000000000
000000000
000000000
000000000
0001EB852
0001AE148
000000000
000000000
000000000
000000000
000000000
000000000
000000000
000000000
3FFF6D261
3FFC28F5C
000000000
0007AE148
3FFB70A3D
000000000
000000000
000000000
000000000
000000000
000000000
000000000
3FFECCCCD
000000000
3FF066666
000000000
000000000
000000000
000000000
000000000
000000000
000000000
000000000
000000000
000228F5C
0001D38C6
000000000
000000000
000000000
3FFE51EB8
0005C28F6
3FF88F5C3
0006B851E
000000000
000000000
000000000
000000000
0005D30D8
3FF88F5C3
000000000
000000000
000000000
000000000
000000000
000000000
000000000
000000000
000000000
3FF88F5C3
000000000
00050A3D7
000000000
000000000
000000000
000000000
000000000
000000000
000000000
000000000
000000000
00003D70A
000000000
000000000
000000000
000000000
000000000
000000000
000000000
000000000
3FFE8F5C3
000000000
000000000
000DAE148
000000000
000000000
0001EB852
000000000
000000000
000000000
000000000
000000000
000000000
000000000
000000000
000000000
3FFC28F5C
000000000
000000000
000000000
000000000
000000000
000000000
000000000
000000000
000547AE1
000000000
00031EB85
0001EB852
3FFFA49ED
000F3833D
0001AE148
000000000
0001EB852
000000000
000000000
000000000
000000000
3FFAB851F
000000000
000000000
000170A3D
000000000
000000000
000170A3D
000000000
0001AE148
000000000
000000000
000000000
000000000
000000000
3FE2F5C28
000CA3583
000000000
000000000
000000000
0002E147B
000000000
3FC456F28
000000000
000000000
000000000
000000000
000000000
000000000
000000000
000000000
00009A5AF
000000000
000000000
0005FFFFF
3FF88F5C3
000000000
000000000
000000000
000733333
000000000
0001EB852
000000000
000000000
000000000
3FFECCCCD
000000000
3FFECCCCC
000000000
3FFD5C28F
000000000
000000000
000000000
000000000
000000000
000000000
000547AE1
000000000
000000000
3FF851EB9
000000000
000000000
000000000
000000000
000000000
000000000
000547AE2
000000000
000000000
000000000
000133333
000000000
000000000
000000000
000000000
000000000
000000000
000000000
000000000
000000000
3FF4D4CC8
3FFB70A3E
000000000
000000000
000000000
000000000
000000000
000000000
000600000
000000000
000000000
000000000
000000000
000000000
000000000
000000000
000000000
000000000
000000000
000000000
000000000
0001AE148
000600000
000000000
3FEC1BFBD
000000000
000000000
3FE83D70B
0001EB851
000000000
000000000
000000000
000000000
000000000
000000000
3FFCA3D71
000133333
000000000
000000000
3FF6E147B
000000000
000000000
000000000
000000000
000000000
3FEF7525A
000000000
000000000
000000000
000000000
000000000
000000000
000000000
000000000
000133333
000000000
000000000
000000000
3FFECCCCD
000000000
000000000
0002E147B
000000000
000000000
3FFD99A00
000000000
000000000
000000000
000000000
0001EB852
000000000
000000000
000000000
000000000
000000000
000000000
000000000
000000000
000000000
000000000
000000000
00031BBF8
3FFE147AE
000000000
000000000
000000000
000000000
3FEF70A3E
000000000
3FFBEB852
000000000
3FFCA3D71
000000000
000000000
000000000
000000000
000000000
3FFA2B761
000000000
000000000
00035C28F
000000000
3FFECCCCD
000000000
000000000
0007AE148
000000000
000000000
000000000
000000000
000A51EB9
000CFD43B
000000000
000000000
0001AE147
000000000
0006F5C29
000000000
000000000
3FFBAE148
000000000
000000000
000000000
000000000
00002B761
000000000
000000000
000D7824C
000000000
000000000
000000000
000000000
000000000
000000000
3F99F8857
000000000
000000000
000000000
000000000
000000000
000000000
000000000
000000000
000000000
000000000
000000000
000000000
0004147AE
000000000
000000000
000000000
000000000
000000000
000000000
000000000
000000000
000000000
000000000
000000000
000000000
000133333
3FF976234
000000000
000000000
000000000
000000000
3FFECCCCD
000000000
000000000
000000000
0001EB852
000000000
000000000
000000000
000000000
3FFD1EB86
00091EB84
3FFE2DF66
000000000
000000000
000000000
000000000
000000000
000000000
000000000
000000000
000000000
000600000
000000000
000000000
000000000
000000000
000000000
3FE27AE15
000000000
3FE970A3D
000000000
3FFDD70A4
000000000
000000000
00035C28F
000000000
000000000
000000000
000752ACE
00095DB20
000000000
000000000
000000000
000000000
00091EB84
000000000
000000000
0002A0DE4
000000000
0001AE148
000000000
000000000
000000000
000000000
000000000
000000000
000228F5C
000000000
3F961E7C2
000000000
000000000
000000000
000000000
000133333
000000000
000000000
0001AE148
000000000
000000000
000BC28F6
3FD7BE92B
000000000
000000000
000000000
000000000
000000000
3FFFC28F6
000000000
0006B6D59
3FF6546BD
000000000
000000000
000000000
000000000
000000000
000000000
000000000
000000000
000000000
3FFECCCCD
000000000
000000000
000000000
000000000
000000000
000000000
000000000
000000000
000000000
000000000
3FEE53ED1
000000000
3FF570A3E
3FFAF5C29
000000000
000DEB851
000000000
000000000
000000000
000000000
000000000
000000000
000000000
000000000
3FFECCCCD
000000000
3FFD1EB86
000000000
000000000
000000000
3FF570A3D
000000000
000000000
000000000
000000000
000000000
000000000
000000000
000000000
000000000
3FFC66666
000000000
000000000
000000000
3FFF47AE1
000BFFFFF
000000000
000000000
000000000
000000000
000000000
000000000
000866665
000000000
000000000
000000000
3FFECCCCD
000000000
000000000
000ACCCCD
000000000
00065FE97
3FEB5C28F
000000000
000000000
00031EB85
000000000
000000000
000000000
3FFE8F5C2
000000000
000000000
000000000
3FF28F5C1
000000000
000000000
0002E147A
000000000
3FFE8F5C3
00012437B
000000000
000000000
000000000
000000000
000000000
000000000
3FD4CCCCC
000000000
000000000
3FFECCCCD
000000000
000000000
000000000
000000000
000000000
3FFD1EB86
000000000
000000000
000000000
000000000
3FD50A3D7
000000000
000000000
000B47AE1
000000000
000000000
3FF5931CA
000000000
0001EB852
000000000
000000000
3FFE8F5C3
000170A3D
3FFE8F5C3
000000000
000000000
000000000
000000000
000000000
00007AE15
000000000
3FFDD70A4
000000000
3FEDC28F5
000133333
3FFE8F5C3
3FF666666
0003D70A4
3FC59F18F
0001EB852
3FFE8F5C3
0002A3D6F
0000B851E
000000000
000000000
000000000
3FFE51EB8
3FFE51EB8
000000000
000000000
3FF666666
0004147AE
000000000
000000000
0003A419A
000228F5C
000000000
3FFCA3D71
000000000
000000000
3F9F959CF
000000000
0003AA17D
000000000
000000000
000000000
000000000
000000000
3FFF851EC
000000000
000000000
3FFE8F5C3
000000000
000000000
000000000
000228F5C
00063D70A
3FFECCCCD
000000000
000000000
000000000
000000000
000000000
0001153C4
000000000
000000000
000000000
0005851EB
000000000
000000000
000228F5C
0002A3D71
000000000
000000000
000000000
000000000
000000000
000000000
000451EB8
000CB8520
000BC28F6
3FFE147AE
000000000
000000000
3FF666666
000000000
000000000
3FFE8F5C2
000000000
000170A3D
00072437B
000000000
3FFECCCCD
000000000
000A5F6AB
00035C28E
3FFD5C290
000000000
000000000
000000000
000000000
000000000
000000000
000000000
000000000
000000000
000000000
000000000
000133333
0004CCCCC
000EE8C89
3FFCE147B
000000000
3FFD1EB85
000000000
000000000
0006B851E
000000000
000000000
00035C28F
000000000
0003D70A4
3FFF65AB6
000000000
000000000
3FFDD70A4
3FFB70A3D
000000000
000000000
000547AE1
000000000
000000000
3FF83CF84
000000000
000000000
000000000
000000000
000000000
0004E3492
3FFE8F5C3
000000000
3FFB33334
000000000
3FFE147AE
000000000
000000000
000BC28F6
000000000
3FEE3D709
000000000
000000000
000000000
000000000
000000000
000000000
000000000
000000000
000000000
000000000
000000000
000000000
0005C28F6
000000000
3FFC66666
000000000
000D901D7
000000000
000000000
000000000
000000000
000000000
000000000
3FFCA3D70
000228F5C
000000000
000A147AE
00003D70B
000000000
000000000
000000000
000000000
3FFBEB852
000000000
000000000
3FF066664
000242715
000000000
000000000
000000000
000000000
0002A3D70
3FFFC28F6
000000000
0008E147A
3FFC28F5C
000000000
3FE51EB85
000000000
000000000
000000000
000000000
3FF614026
000000000
000000000
3FFECCCCD
000000000
3FE200000
3FFD9999A
000000000
3FF6E147C
000000000
000000000
000000000
000000000
0004147AE
000000000
3FF0E147B
000000000
000E11035
000000000
000000000
3FFD5C28F
000000000
000363A9F
000000000
000000000
000ACCCCD
0005C28F5
000000000
000000000
3FFE51EB8
0007AE148
000000000
000000000
0001991AD
000000000
000000000
000000000
000000000
0004147AE
0005851EB
000000000
000000000
000000000
000000000
000000000
000000000
000000000
3FFA00000
000000000
000000000
0001EB852
000000000
000266666
000000000
3FFD4D2D8
000000000
000000000
000828F5C
000133333
3FE1C28F7
000000000
000000000
000000000
000000000
000000000
000000000
3FFD1EB85
000000000
000000000
0004CCCCC
0000A6575
000000000
000000000
000000000
000000000
000000000
000000000
3FEB9999A
3FF028F5C
000000000
000000000
000000000
000000000
000000000
000000000
000000000
000133333
000000000
000DE709A
3FFECCCCD
000000000
00012138A
000000000
000000000
000000000
000000000
000000000
3FF4F5C29
000000000
000000000
000000000
3FF7D70A4
000000000
3FFECCCCD
000547AE1
000000000
000000000
3FFDD70A4
000000000
000000000
000000000
000000000
000000000
000000000
000000000
000000000
3FF947AE1
3FF90A3D7
000000000
000000000
000000000
000000000
000000000
000000000
000000000
3FF400001
000000000
000000000
000000000
000000000
000000000
3FFDD70A4
000000000
3FFE51EB8
000000000
000000000
000000000
000133333
000000000
000000000
000000000
0004CCCCC
000000000
000266666
000000000
000000000
0005851EC
000000000
000000000
000000000
000170A3D
000000000
000133333
3FFECCCCD
000000000
000000000
000000000
000000000
000000000
3FFFB393E
3FFE147AE
000000000
000000000
000000000
000000000
000000000
000000000
000000000
000000000
3FEEF5C29
000000000
000000000
000000000
000000000
000000000
3FFB33333
000000000
000000000
000000000
000000000
3FDCB851F
3FFD9999A
000000000
000000000
3FCCE2CA8
3FFBAE148
000000000
000000000
000000000
000133333
000000000
3FFECCCCD
000000000
000D33333
0002BD529
000000000
3FCD9999A
000000000
3FFCE1479
000000000
000000000
000000000
000266666
000000000
000000000
000000000
000000000
000000000
3FFD99999
000000000
000000000
000000000
000000000
3FFDD70A4
000000000
000000000
000000000
000000000
0001EB852
3FFE8F5C2
000000000
3FFE147AE
000000000
000000000
3FF9851EC
000000000
000000000
3FFAB851F
000000000
0005FFFFF
000000000
00002E750
0002A3D71
3FFCE147B
000000000
000000000
000000000
000000000
000000000
3FF90A3D7
000000000
000000000
3FFC28F5C
000000000
000000000
000000000
3FFD4A2E6
000000000
3FFE8F5C3
000000000
0000E3C7F
000000000
000000000
00007AE14
3FFECCCCD
000000000
000000000
000000000
000000000
3FFA7AE14
000000000
3FFB8A1F7
3FEF70A3D
000000000
000000000
3FFD1EB85
000000000
000000000
000000000
000000000
000EA3D71
3FF947AE1
000000000
0005851EC
3FF47AE14
000000000
000000000
000000000
000A8F5C3
3FDD70A3D
0009D70A4
000547AE1
000000000
000000000
0005851EB
000133333
3FFE8F5C2
000000000
0008E147A
000733333
000000000
3FF7D70A4
000451EB9
00003D70A
3FE3AE149
00031EB85
000000000
000733333
000000000
000000000
000266666
0006F5C29
0003D70A3
000266666
000000000
000000000
000000000
0002A3D71
000000000
000000000
000A147AE
000000000
000000000
000000000
3FF90A3D7
00091EB85
000770A3D
000133333
000000000
000266666
00003D70A
000000000
00039999A
000000000
000000000
0003D70A4
000000000
000000000
000B851EC
000170A3D
0002E147B
000000000
000A147AE
000000000
3FFA7AE14
000000000
000000000
00050A3D7
000000000
000000000
000000000
000000000
000000000
0001EB852
000EE147B
000000000
0002A3D71
3FFC66667
000000000
000000000
000000000
000000000
000000000
000828F5C
000170A3D
000000000
3FFECCCCD
000170A3D
3FFDD70A4
000000000
000000000
3FFBEB852
000000000
000000000
000000000
000000000
0001AE148
000000000
000000000
3FFE147AE
000133333
0005C28F6
000547AE1
000000000
000000000
3FFE8F5C3
000000000
000000000
000000000
000266666
000000000
000000000
0002E147B
000A51EB8
000000000
000170A3D
000000000
000000000
000000000
000000000
000000000
000000000
000000000
000866666
000000000
3FFE8F5C3
000000000
000133333
0001AE148
000228F5C
000000000
000000000
000000000
3FF251EB9
000000000
0007EB852
000000000
3FFD5C28F
0002A3D71
000000000
000000000
00039999A
000000000
3FFCE147B
000170A3D
000000000
000000000
000770A3D
3FF90A3D7
000000000
000000000
0006B851F
000000000
000133333
3FF666666
0001EB852
000000000
000000000
000000000
000000000
000133333
000000000
000000000
000000000
000000000
000000000
00099999A
0001EB852
000000000
3FFB70A3D
3FFDD70A4
000000000
000000000
000000000
000000000
3FFF851EB
000451EB8
3FE747AE1
000000000
000547AE1
3FFE147AE
000000000
000000000
000000000
000000000
3FFDD70A4
00035C28F
000000000
000000000
000000000
000399999
000228F5C
000733333
000000000
000000000
000133333
3FE9AE148
000000000
000170A3D
000000000
000170A3D
0001AE148
000CB851E
000000000
000000000
000000000
3FFE8F5C3
000000000
000000000
000000000
000170A3D
0006F5C29
000000000
000000000
000000000
000000000
000000000
000000000
0008E147B
000000000
000000000
000000000
000000000
000000000
000000000
3FFD1EB85
000000000
3FFD9999A
000000000
000000000
3FFD9999A
000000000
000000000
0001AE148
0003D70A4
0001EB852
000000000
000133333
000000000
000000000
0001AE148
3FF71EB85
000000000
000399999
000000000
000000000
0002A3D71
000000000
000000000
000000000
000000000
00031EB85
000866667
000000000
00063D70A
000547AE1
000000000
000000000
000000000
000000000
3FFD9999A
000133333
000000000
000547AE1
000000000
0006F5C29
000000000
0002A3D71
3FFE8F5C3
000000000
0003D70A4
00063D70A
0007AE148
000733333
00050A3D7
000000000
000000000
000266666
00048F5C3
000000000
000000000
000F9999A
000000000
3FFD1EB85
000000000
000000000
000000000
000266666
000000000
0001AE148
000DAE148
000600000
000000000
3FFC66667
000D70A3D
000000000
3FFECCCCD
0008E147B
000000000
000000000
00031EB85
000000000
000000000
3FFE147AE
000000000
000133333
0004CCCCD
000000000
000000000
3FFE8F5C3
000000000
000000000
0002A3D71
000000000
000228F5C
000000000
000000000
000000000
000000000
0005851EC
000000000
000000000
0005C28F6
3FFE51EB8
000000000
000000000
000000000
000133333
000000000
000000000
000000000
000000000
000170A3D
000600000
000A147AE
00099999A
000000000
00031EB85
000000000
000000000
3FFA00000
000170A3D
0001EB852
00048F5C3
000000000
000133333
000000000
3FFDD70A4
000547AE1
000000000
000000000
000000000
000000000
3FFDD70A4
3FFE8F5C3
000000000
3FFCE147B
000000000
3FFA3D70A
3FFE8F5C3
000000000
000000000
0007EB852
000000000
3FFE8F5C3
00039999A
000000000
000133333
000170A3D
000000000
000000000
3FFDD70A4
000000000
000000000
3FFECCCCD
0001AE148
000000000
0002A3D71
000000000
3FFECCCCD
000228F5C
000000000
000000000
3FFE8F5C3
000000000
000228F5C
0002E147B
000000000
0001EB852
000451EB8
000000000
000000000
000000000
000000000
00035C28F
000170A3D
000000000
000000000
000000000
000000000
000000000
000000000
00031EB85
000000000
000000000
000000000
000000000
000000000
0002A3D71
000000000
0003D70A4
0001AE148
000000000
000000000
000000000
3FFE8F5C3
000000000
000000000
000000000
000000000
000000000
000000000
000000000
000ACCCCC
000000000
000000000
000000000
0005851EC
00031EB85
000133333
000000000
000000000
000000000
000000000
000000000
000000000
3FFE51EB8
0001EB852
00035C28F
0001AE148
3FFE8F5C3
000000000
000000000
0001AE148
000000000
000000000
3FFECCCCD
000000000
000000000
000170A3D
00007AE15
00050A3D7
000000000
000000000
000000000
000000000
000000000
000000000
000000000
0002A3D70
000000000
000000000
000000000
000000000
000000000
000000000
0002E147B
0002A3D71
000000000
000000000
000170A3D
3FFAF5C29
00091EB85
000000000
000000000
00050A3D7
000866666
0002A3D70
000228F5C
00063D70A
000000000
000000000
000000000
0008A3D70
000000000
0004CCCCD
000000000
3FF347AE1
000000000
000000000
000000000
000399999
0002A3D70
000000000
000000000
3FD63D70A
000000000
000000000
000733333
000170A3D
000000000
000000000
000000000
000266666
000000000
000000000
000399999
000000000
0001AE148
000000000
000000000
000000000
00050A3D7
000000000
000000000
000600000
000228F5C
000000000
000000000
000000000
000000000
000000000
000000000
000000000
3FFE51EB8
3FFE51EB8
000000000
0003D70A4
000000000
000133333
000600000
000000000
000000000
00039999A
000000000
0001AE148
00035C28F
000000000
000000000
000000000
0001AE148
000000000
00050A3D8
000000000
000000000
000266666
000000000
000000000
000170A3D
000000000
000000000
000000000
000000000
000000000
000000000
000000000
0008E147B
3FFECCCCD
0001AE148
000000000
000000000
000000000
0002A3D71
0002A3D71
000451EB8
000000000
000600000
000133333
0000F5C29
000133333
000170A3D
000170A3D
00048F5C2
00050A3D7
000000000
000000000
000000000
000000000
000133333
000000000
000000000
000828F5C
000000000
000600000
0001AE148
000000000
0001AE148
000000000
000000000
000000000
000000000
000770A3D
000000000
000000000
000000000
000228F5C
000133333
3FF9851EC
000170A3D
000000000
000000000
0001AE148
000133333
000000000
000000000
000000000
000000000
000133333
000000000
00067AE14
000000000
000000000
000000000
000000000
000000000
000000000
000000000
000000000
3FFE8F5C3
00039999A
3FFE51EB8
000000000
000266666
000000000
000000000
000133333
000000000
000000000
000000000
000000000
3FFECCCCD
0001EB852
000000000
000000000
000000000
000000000
000000000
000000000
000000000
0001EB852
0001EB852
000BFFFFF
000000000
000000000
000000000
000000000
000000000
000000000
000E28F5C
000000000
000228F5C
000000000
000000000
00035C28F
000000000
000000000
000000000
0001AE148
000000000
3FFECCCCD
000000000
000B851EC
0001AE148
000000000
000000000
000000000
000000000
000000000
3FFC28F5C
000000000
000000000
000266666
000000000
000000000
3FFECCCCD
0002E147B
0002E147B
000000000
000170A3D
000600000
000000000
0002E147B
000000000
000133333
000000000
000228F5C
000000000
000000000
0002E147B
000228F5C
0003D70A3
000000000
000000000
0002E147B
0004147AE
000000000
000000000
0001AE148
000000000
0004147AE
0004CCCCD
000000000
000133333
000000000
0001EB852
000000000
3FFECCCCD
000170A3D
000000000
000000000
000000000
0001AE148
000133333
0005C28F6
000000000
000228F5C
000000000
3FFF851EB
000000000
000266666
000000000
000770A3D
000000000
000000000
000000000
00039999A
0001AE148
000000000
000228F5C
000000000
000000000
000000000
3FFE147AE
000000000
000000000
00035C28F
000228F5C
0002E147B
000000000
000000000
000000000
000000000
000000000
000000000
0001EB852
000000000
0006F5C29
0009D70A4
00063D70A
000266666
000000000
0001EB852
000000000
00067AE14
000000000
3FFCE147B
000733333
000000000
000000000
000000000
000E28F5C
000000000
00063D70A
000000000
0001AE148
000000000
000000000
00050A3D7
000D70A3C
000000000
000770A3E
000133334
000000000
000000000
0001EB852
3FF8147AE
000000000
000000000
0001EB852
000000000
000000000
000000000
000000000
3FF570A3D
000FD70A4
000000000
000000000
000600000
000000000
00048F5C3
000000000
000000000
000B0A3D7
0001EB852
000000000
000000000
000000000
000000000
000000000
000000000
000000000
000000000
000000000
000000000
0007AE147
000000000
000000000
3FFD1EB85
000000000
000000000
0002A3D71
000170A3D
000000000
000000000
000000000
000000000
000000000
000000000
000000000
000C00000
000000000
00067AE14
0002A3D71
000000000
000000000
000000000
000133333
000000000
000170A3D
0003D70A4
000000000
000000000
3FD8A3D71
000000000
000133333
000000000
000000000
3FFD9999A
0002E147B
00067AE14
000000000
000000000
000266666
000000000
0001EB852
3FF851EB8
0001EB852
3FFDD70A4
000000000
000000000
000228F5C
000228F5C
000000000
000000000
000000000
000000000
0009D70A4
000000000
000000000
000000000
000000000
000451EB8
000000000
000000000
000000000
000000000
000000000
000000000
0009D70A4
000000000
000000000
000133333
000000000
000000000
000000000
00015EA94
000000000
3FFECCCCD
000000000
000000000
0004CCCCD
00031EB85
000000000
3FF7D70A4
000000000
000000000
000000000
000000000
3FFB70A3D
00031EB85
000000000
000000000
000000000
000000000
000133333
0001EB852
000000000
000000000
000000000
000000000
000000000
000266666
000000000
000000000
000000000
000000000
3FFE51EB8
3FFECCCCD
3FFE147AE
3FFD9999A
000000000
000000000
000000000
0001AE148
000000000
000000000
3FFF32B47
0001991AD
000000000
3FFD5C290
000000000
000000000
000000000
000000000
000000000
000000000
3F6E1EFF5
000000000
000000000
000000000
000000000
3FFE147AE
000000000
000000000
000000000
0002576AE
000000000
3ED6A3D71
000000000
000000000
000F955C7
3EEE66665
3FFF851EB
00030CBDC
000000000
000000000
3F74F54A4
3FFDD70A3
3FAD2D150
000000000
000000000
0005851EB
000000000
000000000
000B7DA43
000000000
3FF90A3D7
3FED851EC
3FFB0640D
000000000
0006CD4BA
0005C28F6
000000000
3FDF71229
3FED851EB
000000000
3FCA74DCC
0000F5C29
00024E6DB
3F7D2437A
000000000
000000000
3FFFC28F5
3FE1DBF7B
000000000
000E28F5B
000000000
3FF8A754F
3FA38785A
000000000
000000000
3ECA40C1B
000000000
000000000
000000000
000000000
0007AE147
3F3C25AA1
000000000
000000000
3FE970A3D
000000000
0004CB507
3FFA50EE0
0009D70A4
0001EB852
000000000
000C7AE13
000000000
000000000
000D33333
000000000
3F1E2EED7
000000000
000000000
000000000
000000000
3FFD5C28F
000000000
000000000
000D1E397
000170A3D
3FFCA3D71
000000000
3FFEF842C
000000000
000000000
3FBC8F5C3
0002E147B
3FEF33333
000000000
3F90A0D18
3F78E41A0
000000000
3F87F702B
0005851ED
000000000
000000000
000000000
000000000
000000000
00030CBDC
3FFEFE411
000000000
00005CEA5
000000000
000266666
000000000
3EDCED2A8
000A51EB9
3F6EE64EA
000000000
3FFF851EC
000000000
000000000
000000000
000000000
000E76234
000000000
3FFE147AF
000000000
000C1383D
000228F5C
3FD71B342
3FFB7F9F6
000A7EE47
00056BA9A
000000000
000000000
3F92CCCCC
3FE83EED0
0001AE148
000000000
00050737E
000511BE5
3FFBEB852
000000000
000228F5C
3FD49E57A
0008E147A
000F849FF
3FF82AEAD
000000000
000000000
000000000
3FCFD0A99
000000000
3FF2C26C0
000000000
000000000
3FD828F5E
000000000
000000000
3FA6ADBEA
000000000
000000000
000000000
000000000
3FFA9D53C
00003D70A
000228F5C
00050A3D6
0008E147B
000000000
000000000
000000000
000000000
00039999A
000000000
000000000
3F6F47AE2
000000000
000000000
000000000
00063D70A
000000000
3FFE51EB8
3F45E1FC4
3F868F5C2
3FFA00000
000000000
000000000
000000000
000000000
00012437B
0002A3D71
0008E8C23
3FEF1E398
0008E7526
3FFEDBC85
00038A9E1
3FFE8F5C3
000000000
000000000
000733333
000484DC3
00031EB85
3FFF851EC
3FDF7B9C4
000000000
0008337C3
000000000
000133333
000000000
000000000
3FFE51EB9
3FED5B251
3FEFD42E3
3FF4DF141
3FF947AE1
000000000
000266667
3FABE677C
3FFECCCCD
000000000
000000000
0004CCCCD
3FFA00000
000000000
000000000
3F93851EC
3FFFFB84A
0005851EC
0008A3D71
3FEC74645
00002E752
000000000
000000000
3FA7AE147
000451EB8
3FDCCAE19
0001AE148
000000000
0000898BC
000000000
0004147AE
3FF77A1FE
3FFA0903C
3FCC28F5C
000000000
000B47AE2
000000000
000A147AE
0000F5C2A
000000000
0005CD0F7
3FBC8F5C2
000000000
000000000
3FF8CCCCD
000000000
3FE1D4838
000000000
000000000
000000000
0006B851F
00095C28F
000000000
000000000
3FF11EB86
3FEA66666
0004CCCCD
000000000
3F7170A3E
3FFE51EB8
3FFC28F5C
000BD30D9
000000000
0001AE148
3FF2F6C03
3FC947AE1
000000000
00039999A
000000000
3FFF73242
0005851EB
000866667
000000000
00031EB85
3FD000000
000000000
000EE147B
000000000
000170A3E
000000000
000133333
000000000
3FC9B7CA1
3F96F1C5C
3FE3C00F1
000DEE8A8
000000000
0003D70A4
0000F5C29
000133333
3FF0C94EF
0005C28F6
000000000
3FE370A3D
000266666
3FFA00000
00015EA94
3FE8AF54A
3FFAB851E
000828F5C
000000000
000000000
000000000
000000000
000011FAA
3FDC0EFB8
000000000
3FFD5C28F
000000000
3FFC7E5F1
000000000
3FFD9999A
000000000
000000000
3FFF851EC
000BC28F6
3FF0E147B
000000000
3FE6147AD
000000000
3FF7D70A5
000000000
000ACCCCC
3FEF482CE
0004BDD14
0005B393E
0007EB852
3FC8DA38C
3F9E9A196
000000000
000000000
000170A3D
000000000
3FF61B707
0005FFFFF
000000000
000000000
3FEA067D1
000000000
00003D70B
0007422EC
000000000
000000000
3FFF0A3D6
000A9FDA7
3FFAB851F
000E3375D
3FFE8F5C3
000000000
000000000
000000000
000000000
00038323A
000000000
00007AE15
3FFECCCCD
3FFD5C290
000000000
3FEA28F5C
000AA156B
3FF9C28F6
000291DC7
000000000
3FFD5C290
000AFB41E
000266667
3FD1D96A9
000000000
000000000
3FB83D70B
0000B851F
000000000
000000000
000000000
3FDFBA893
3FFDFF814
000000000
000A51EB9
3FFA19752
00095C290
000000000
0004CCCCD
000266666
000000000
000E2A788
3FF67CD5C
000000000
3FF570A3E
3FE95BAA4
3FF09059C
3FDA147AE
0003D70A4
0006B851F
000000000
000000000
3FFC83AEA
3FFB33333
000000000
3FDF5C28F
3FF40BF60
000228F5D
000000000
000866664
000E66666
0008CACB5
000000000
000000000
00035C28F
3FE08F5C2
3FFA317AB
000000000
3FFE147AE
3FDF53189
000000000
000000000
000000000
3FEF33333
000722BB6
3FE8B851E
000000000
3FED26B81
000000000
3FED0A3D8
3FB69E57B
000000000
000000000
000000000
000000000
3FF1F8005
000000000
000133333
0001991AD
3FDB851EA
000000000
000266665
000000000
000000000
3FED851EB
000819FA4
000000000
000000000
00003D709
3FF533333
000000000
000000000
3FB0CCCCE
000A0E7CC
000000000
000D42283
3FD03D70A
000000000
000000000
3FE3B28FD
000000000
3FCCE147B
00050A3D7
0005E2CA8
3FCA2B6FB
000000000
3FF5FEFC0
3FD547AE2
000000000
000C00000
00055FA6D
3FC61B638
00001F79C
3FFF37364
000000000
000000000
000000000
000000000
0001EB852
3FE428F5D
000000000
3FF6C7D29
0002E147A
000000000
000000000
0001EB852
000000000
3FE933333
000000000
000000000
0003AA17D
000770A3E
3FF75C290
000000000
000C2E751
000266666
00031EB85
3FFBEB851
0002BD529
000000000
000000000
3FF1A42C1
3FF666667
3FE77D978
000000000
000000000
000000000
000000000
000DAE148
000DAE148
000BE8074
0005851EC
3FE740339
000000000
3FEEE0C87
000000000
3FF76E239
00031EB86
0004CCCCD
000000000
000000000
3FEB4EA9E
0001EB852
3FFAB851F
3FC760AA1
3FF55EA94
000000000
000000000
3FFE147AE
3FE4E14E1
3FEEF5C29
0007EE844
3FF9AD95B
00000EFB8
000000000
0005851EB
000740B26
000000000
0003D70A3
3FED0A3D8
3FEFEB851
000000000
000000000
000000000
000733333
000000000
0005C28F6
000000000
000EF3425
0009B015F
000133333
000000000
00041BFBE
3FE7C28F6
000000000
3FEE7AE15
000000000
000000000
000000000
000000000
000170A3D
000000000
3FFA7AE14
000A147AE
3FFBAE148
000000000
3FFECCCCD
00039999A
3FD9D70A4
0001183B5
000000000
3FF2CCD34
3FD07AE15
0001EB852
000000000
000B0A3D7
000000000
3FFA00000
0005EB065
000000000
000000000
3FD2CC47A
3FD299570
000000000
000000000
00039999A
000FAA17B
3FEFAE148
000000000
000000000
000000000
000266666
3FA0554FF
3FEAD245E
3FF83FF0F
00017F9F6
0005C28F6
000000000
000000000
000000000
000828F5C
3F81896D7
0007EB852
3FF9851EC
000000000
3FE283B2E
000000000
00003D70A
000000000
000133333
3FF739B04
3FF8147AD
3FF90A3D8
000000000
00095C290
000BC28F5
3FFBEB852
3FFC58E75
000B0A3D7
3FF57817E
000000000
3FFECCCCD
0004CCCCC
000000000
000170A3D
000000000
00061C7AA
000000000
3FD07AE14
3FFC58E74
000000000
000A147AD
0001AE7E7
3FF772A57
3FCEEDC2E
000000000
000547AE1
0001EB852
3FFFC28F6
000000000
000828F5C
0002E147A
000000000
3FD6A9566
3FF71EB86
000000000
000000000
3FFF47AE1
0004147AD
00050A3D7
000000000
000000000
000000000
3FE8DC472
000000000
000D70A3D
3FE651EB8
0008E147A
3FF6A3D71
0003D70A3
0001EB852
000C7AE15
000000000
000000000
000000000
000E66666
3FCA4966A
000133333
3FD90FBCD
000000000
00048F5C3
000000000
3FF917B63
00031EB85
00055FA6D
3FFD083BF
000000000
000000000
3FEDEB065
3FEFAE148
3FDCC2BEC
000000000
0000B851F
000000000
3FFE147AE
000000000
000000000
3FD600001
3FF376233
3FFBAE147
3FC570A3E
3FFE1B598
3FC05A63B
0005851EB
3FFD1EB85
000000000
3FF0C7CC4
000000000
00066BE5D
000000000
000000000
0007AE146
000000000
0001D38C6
000000000
00005E9ED
000BC28F6
3FF781A0D
3FE6147AF
000451EB8
000000000
000000000
000000000
3FE1851EC
000000000
3FFD5C28F
00008A46C
3FEE7AE14
3FD7C905F
3FB8974F4
000000000
3FF066667
00050A3D8
000000000
3FFC27730
000A51EB8
3FFD1EB85
000000000
3FFFC28F6
000E61F15
00039999A
000000000
3F896C1BA
3FFD6D55B
3FFE8F5C3
000000000
000000000
3FF88F5C2
3FA04ACFE
3FFCE147B
3FFD1EB85
000000000
000000000
000000000
3FFE147AE
000000000
000000000
0003D70A4
000000000
000000000
00066BE5C
0005851EC
000999999
000A8F5C2
0003D70A4
000000000
3FF3A0169
000000000
3FF9851EB
000000000
3F7D88898
00048F5C3
000000000
000000000
3FEF57286
00039999A
0005A4987
000DAE147
000000000
000000000
000000000
000000000
3FFD5C28F
3FF6CF4D1
000000000
3FEC147AE
3FFA3D70A
3FFE8F5C3
00048F5C3
000000000
3FFB70A3D
0003C2108
3FE6EADC7
0001AE148
3FFD9999A
000000000
000000000
000000000
000173A95
000000000
000000000
000000000
3FFBAE148
3FFDD70A3
3FCFD91E6
000000000
3FFFC28F7
000000000
000000000
000000000
000000000
3FEEF5C29
000C7AE14
3FFB5EA93
0001EB852
0008A3D71
000000000
000000000
000C7AE14
000000000
3FA8510F0
000407021
3FEA66666
000000000
000000000
000000000
000866667
3FD880DB5
000000000
3FFC37A03
3FF75C28F
3FFCA3D6F
000000000
3FFFC28F6
000388792
000000000
000000000
000828F5C
000000000
000EA3D70
000A8F5C3
000B0445B
3FFB55AC0
000000000
3FA6A4C16
3FD5C28F6
3FE8B5145
3FD5941A4
3FFE147AE
000000000
000000000
000000000
000000000
3FFE51EB8
0007AE147
3FE09254F
3FA8F0433
3FF75C28F
00035C28F
000000000
000000000
3FFECCCCD
3FE2512C3
3FC65265F
000000000
3FFCE147A
000000000
3FD424F2C
000000000
3FE59999A
3FFD9999A
000EA3D70
00039999A
000000000
3FE3AAFBB
3FFE8F5C3
000D33332
3FFA7AE15
000E66666
000133333
0002A3D71
0001AE148
000000000
3FF570A3E
3FFA7AE13
000000000
3FEF8C75C
000000000
000000000
000C00001
0001AE148
3FF5AE147
3FF6FF3EA
3FE26165C
0004CCCCD
3FE651EB8
00060F01E
000508C12
3FE02DF00
3FA733333
000170A3D
3FF9432C5
000000000
000000000
000000000
3FF9F6F61
000000000
3FFFA614C
000E66666
000133333
3FD2E147B
0001EB852
3FF3E38BD
000000000
000000000
3F9A89DCD
00035C28F
000399999
000547AE1
3FFF47AE1
00002B761
00003D70B
3FFF851EB
000133332
0001AE148
000000000
0005851EB
000266666
3FE9E1051
3FCE3FEAA
3FFE66E53
000000000
00049FDA6
000451EB9
3FDA51EB8
000000000
3FD24FEA0
000000000
3FFF851EB
3FE7E2090
000000000
3FFECCCCD
3FEC51EB8
3FFD567BD
3FF8147AE
00010ABC3
3FFCB5D1A
0002E147C
000000000
3FF251EB8
000000000
000000000
3FFECCCCD
0001AE148
000000000
0007EB852
0004E9477
0004FB41F
000451EB8
000BD313F
000000000
000170A3D
0001931C9
3FF75C28F
3FDCD31D0
3FA9E8FE5
3FFD1EB85
000000000
00007AE14
0005FA082
3FFD1EB85
000302443
3FE97F9F7
000000000
000000000
3FE9EB853
3FD84B683
3FFD82A6D
3FF8A156C
3FDC3D70A
000000000
3FFB4D635
3FF5DC899
3FFB33333
000B0A3D7
000000000
3FD6DF463
000000000
000000000
000000000
3FCFAF121
3FF88F5C3
000E42714
000266666
3FC41376F
00050A3D7
3FF251EB8
000000000
000C00000
000000000
000A147AE
000000000
000000000
0007EB851
3FFC28F5D
00050A3D7
3FE530B2E
3FF8FCBE4
00031EB85
00050A3D7
000403099
0006167C6
000000000
00063D70B
000000000
3FFE51EB8
3FFC28F5C
3FFDD70A4
3FFD7BA2A
000133333
000000000
3FFE8F5C3
000000000
000000000
000000000
000000000
0004CCCCD
3FF9F87F1
000000000
3FE1552D4
000000000
000000000
000000000
000000000
3FD6197B7
000000000
3FFECCCCD
0002A3D70
0001EB852
0004CCCCB
0007EB851
000000000
3FFAF5C29
3FF1A5C17
3FBEC148E
000000000
0006F5C29
0004147AE
000133333
3FF75C28F
000000000
3FFA7AE15
3FD95C28F
000266666
000000000
000000000
3FF8F9BF4
000170A3D
000000000
3FFE8F5C3
3FF9851EB
000000000
3FF570A3E
0000F5C29
000000000
000000000
000000000
3FD2A3D70
000266666
000000000
000000000
3FD91EB85
000D99214
3FE0147AE
000547AE1
000E28F5D
3FF486D75
3FFBB711D
000000000
000266666
000E78610
3FF88F5C3
0004F543C
000547AE1
000000000
3FF0037DE
000D70A3E
0005FA085
000000000
3FCE147AF
3FF666666
000000000
3FFC66667
000000000
3FFF851EC
3FED9A11F
000ACE4F9
3FDA8F5C3
000000000
3FFA00000
000000000
3FCCFAA34
3FFD44304
3FFF851EB
3FEB9F97E
3FD8C03E8
3FFBAE148
3FFD083BF
3FFBAE147
3FEA66667
000000000
3FE60FA1A
3FF85068C
000000000
3FFFC28F6
00046CE34
000000000
3FFC66666
000000000
000000000
0008E147B
3FC7771A8
000234F88
3FA393886
3FFE51EB8
3FFE147AE
000F9999A
3FD8A3D72
0005C28F6
3FEC9E57A
000000000
000000000
0008576AF
000000000
000000000
000000000
3FF533333
000000000
3FF628F5D
000000000
000000000
0005C28F6
3FFB70A3D
3FB1F9F4E
3FFCE147B
3FF5AE148
3FEC8F5C3
000000000
000547AE1
00047D619
000000000
000000000
0004F543C
3FFA00000
3FF66AE1D
000000000
000000000
00074B2BF
0002E147B
000000000
000A51EB8
000000001
3FFF0A3D7
000423766
000C2FF7F
3FB9B8816
3FFE8F5C3
3FE0B64A1
000000000
3FFA6A632
3FF5EB852
3FFCE147C
000266665
000000000
3FF59F190
000000000
000170A3D
000000000
0006D4EBB
3FE2B851E
000000000
000000000
000000000
000000000
000000000
000000000
0001EB852
000000000
00031EB85
3FF9C28F6
3FCE00F71
000000000
3FD28C92F
000F78A3A
000228F5C
000000000
3FFD33B20
000000000
00037BA2A
0003D70A4
0001CD8E3
0003D70A4
000000000
3FEC75DA5
000000000
3FF46BE5C
3FF142AD6
000000000
3FE105BBA
3FC7B3086
000000000
000170A3D
000000000
000000000
000000000
000000000
00032DB3E
000547AE1
000B47AE1
000000000
3FF9E0865
000000000
3FFC28F5C
000A8F5C3
000000000
3FF1AD107
3FC5C00F1
000000000
0003A718C
000170A3D
000B851EB
3FFA8316F
3FEA8BDE5
000000000
3FED2E2C1
3FFDD70A5
000266667
3FFC66666
3FF6BD4C3
000170A3D
00048F5C3
3FE72C7D8
00031EB85
3FF3851EC
00054E79F
000000000
3FF88F5C3
3FF666666
3FD3D70A3
000000000
000000000
00091EB85
000000000
00002CF25
000028770
000000000
000133333
0002E147B
000770A3D
0006C74D7
3FFCF0433
3FFFC28F6
000000000
3FFE51EB8
000000000
3FFE51EB8
3FFC66666
000133333
3FFE51EB9
0000AF994
000000000
000000000
000000000
3FEFC905F
000000000
000399999
000C227F3
000C00000
00066A697
3FEFAE148
00035C28F
000547AE1
000000000
0002A3D71
0003D70A4
000000000
000133333
3FDCB3D02
000000000
000000000
3FCDBA62E
000ACCCCC
000000000
000000000
3FF75C28F
0006F5C29
000000000
3FEFAE148
0004CCCCC
000000000
3FF79999A
3FFCA3D71
3FE92DDD1
3FE4E147B
3FF6C4CD1
3FFB33334
0004CCCCD
000BB815A
000DF74F9
000866666
000600000
000000000
000000000
3FFC58E74
3FF6E147B
3FDF42AD7
3FFCE147B
000000000
00099999A
3FEFAE149
00056A2D5
000170A3D
000133333
3FFBAE148
000EDB4FD
000228F5C
000000000
000000000
0004147AE
000000000
000000000
000000000
0004DD4B0
000F99999
000000000
000000000
3FF91F372
3FFA00000
000D33333
3FFBEB852
3FF0B5D1A
000000000
000E82E75
000000000
3FFD99999
3FE27AE15
3FD9E605C
0000B9D4B
3FF11EB85
000000000
3FF0A3D71
3FFD5C28F
000000000
000000000
3FFBAE148
3FEC51EB8
3FF0C4D37
000000000
3FFD1EB86
3FF2CCCCD
000000000
3FF9C28F6
000000000
3FCCB4558
000733333
3FB148D2D
000000000
3FFC66666
3FED0A3D8
3FF759304
3FF8CCCCC
3FFF0A3D7
3FFEDBC85
3FFE23766
3FC570A3E
000000000
000000000
000000000
000000000
3FE57421A
3FF28F5C3
3FF6845D1
3FFCA3D72
3FFDD70A4
3FFC28F5C
3FF495D2C
000339B69
0002995D7
000000000
3FD2BA4D0
000000000
00012437B
000DEB851
3FFA73606
3FF219DCF
0009D8936
000000000
0006F5C29
000170A3D
000593C93
3FBDEDDF2
000B47AE2
000228F5C
000000000
000000000
000000000
3FFC18778
000000000
3FFF0A3D7
0004AED5D
3FEAE147B
3FEB1EB85
3FFE147AE
000000000
000733334
3FFB70A3D
000000000
3FED23B27
000228F5C
000000000
000CB851F
000A27F83
000F5C28F
000170A3D
0003D70A4
000000000
0000F8C81
00091EB85
000000000
3FFEDBC85
000000000
000D58AB2
00031EB85
000116B8A
3FD8A3D71
3FB43DE2A
0000A1D58
000451EB8
000000000
000000000
000000000
0001AE148
3FFE147AE
000000000
3FE9AE148
000547AE1
3FE092482
3FF628F5C
000E28F5D
00064AEFD
000170A3D
000000000
000000000
000CE3CE7
000A4FD31
3FE170183
3FE651EB8
000000000
0002E147B
000000000
00035C290
000266667
000000000
000000000
3FFD60AAD
3FFFF1048
000866667
000000000
000733332
3FFBAE148
3FF947AE2
000000000
3FFA92DA0
3FF0845D6
000B0A3D7
000000000
3FFA00000
000000000
000000000
3FEEF5C29
000000000
000E28F5C
000ACCCCC
3FFEE21DA
0004F543D
3FFE147AE
000000000
3FFC66667
3FE83D70A
000000000
000266666
000A3CF1D
3FFC85E02
0009D70A4
3FFECCCCD
3FFDD70A4
3FFCCDCA6
3FFE8F5C3
3FE8B851F
000EC50B9
3FFC4FF07
3FF347AE0
3FE80A6CE
000000000
000000000
3FD9FDFE6
000000000
3FFD5C28F
3FFAB851F
3FD7F2381
3FF90A3D7
3FFDD70A4
0004CCCCD
3FFCA3D71
000000000
000000000
3FDC7AE15
3FF6E147A
3FD8C948A
0000A7D3B
3FC1F96FD
3FF640EE7
00008A46C
3FE6FB420
000600000
000F72A56
000000000
000000000
000399999
3FF6ACCDE
000000000
3FF71D359
00018A1F5
3FFECCCCD
000E94DB7
000000000
3FFCA3D71
000AA2D97
3FC0904CF
00047306F
000000000
3FEFC60D4
3FFA28770
000000000
000000000
0007AE148
3FFDD70A4
000000000
000000000
000000000
3FFD7D1F0
000000000
0001A09BC
000377272
3FFDD70A4
00007AE15
000133333
3FFECCCCD
000000000
000000000
000600000
00007AE15
3FFDD70A4
000000000
3FFE147AE
3FDBC28F6
3FDA51EB8
3FF90A3D7
000000000
00050A3D7
3FFD5C28F
000170A3D
3FDE78611
000547AE1
3FEC147AE
000000000
3FFD1EB86
000000000
000A147AE
0007EB852
000000000
000000000
00038A9E1
3FEE08F6F
0001EB852
000133333
0009D70A4
000000000
3FFFC28F6
3FF154A80
3FEEBB444
0004147AE
000000000
000000000
00031EB85
3FD56BA34
000133333
000000000
3FD770A3D
000000000
3FFE1B599
00043B625
00067067A
00015EA94
0000D4CC9
000000000
3FE8B851F
3FC94C232
000000000
000999999
3FF75C28F
3FEAC40BD
0009C2109
000000000
000000000
000000000
3FF388175
00050A3D7
000000000
3FF99B9B2
000000000
3FFDD70A4
0005C28F6
000000000
000000000
000000000
000000000
000733333
000000000
3FE5BC0BF
3FB36DA4C
000000000
3FE1C28F5
000CF5C29
3FF570A3E
000451EB9
000000000
000266666
0003BC125
000000000
000000000
3FF7A8951
000133333
0001AE148
000133333
3FDEA3D71
0005929DD
000000000
000000000
3FCDB31B9
3FFB23957
3FFD9999A
3FFE51EB9
000000000
3FEF61A86
000B5CA7B
000866667
0001BA813
0002486F7
3FFC66666
0006A9568
000451EB8
3FE051EB8
000000000
00067AE15
000000000
000000000
3FEF859DA
3FFA7AE14
3FD2E8BBD
000000000
000C3A77E
000000000
000187204
000000000
0003BC126
0001AE148
000000000
000000000
3FEEF5C29
3FEB99999
000133333
000A8F5C3
3FEFAE148
3FFECCCCD
000000000
000E8EDD6
000F1EB85
000000000
3FF67561E
000000000
3FE27AE14
3FE7898D7
000000000
000000000
000CD4CCA
3FD315B4B
000170A3D
000000000
3FFA3D70A
000000000
000DACAA9
3FCD9C8BE
000000000
000000000
000133333
000000000
000000000
0007EB852
3FFC28F5C
00035C28F
000D33333
0000B851D
0001991AD
3FF1DB85B
000EE147B
000133333
3FFE51EB8
000733334
3FEB8FAF1
3FC1860F8
000000000
000000000
000000000
000E66667
3FEE00000
000ACCCCD
000000000
000000000
000000000
000000000
3FFF851EB
000000000
000000000
000000000
00031EB85
3FFAADD1F
000CF5C29
000000000
000000000
000000000
0007EB851
3FB5980A1
3FEEE0BC3
00056BA9A
000F90A2B
3FFB6F211
0002486F7
3FFFC28F6
3FE1E944B
000000000
0003A718C
3FC3AC131
3FFE2C73A
00036CA72
000170A3D
000000000
3FFEDBC85
00039999A
00031EB85
3FFA7AE15
00019199E
3FEFAE147
3FDE5DA0B
00029BADC
000000000
3FFCE147B
000B47AE0
000000000
000A057F6
0001EB852
000133333
000000000
000000000
000547AE2
000014833
3FED0A370
000000000
0001AE148
000000000
0006F5C29
000D213F0
0005851EB
3FFAB851F
3FFEDBC85
000000000
0001AE148
0003921F2
000000000
000000000
000306BFA
000000000
0001EB852
000000000
000866666
000BDC0AE
000000000
000F42AD7
3FF84D69B
000000000
000133333
000000000
00095C28F
0007EB852
3FF2FE3AA
3FED4F225
3FE8D648F
0005B094C
000266667
3FE5FC822
000000000
000000000
3FFB70A3D
000000000
000000000
3FEEF5C29
0005C28F6
000547AE1
3FB77A9EB
3FFFC28F5
000000000
000C7AE14
000A33F48
000DEB852
3FC98B234
000000000
000000000
3FFBEB851
000933B86
00061AFE3
000000000
0008B5D19
000000000
000000000
000EB2D29
3FF714385
0005C28F6
3FE36FF4B
000000000
000000000
3FF80279E
3FF51CB6D
3FFFDCEB5
000000000
000000000
000EA3D71
0008D252A
000828F5C
000C7AE15
000294DB8
000CB851E
000228F5C
3FEF70A3D
3FF5AE148
3FFF851EB
0007AE148
000000000
000000000
000000000
000000000
00063D70B
00015EA94
000170A3D
3FF1F8DA6
3FFAA1D59
000000000
3FDB47AE2
00007AE14
000000000
000000000
3FFB82A4D
00000642D
00015EA94
000000000
000000000
000000000
3FFD54A80
000000000
0002B4554
000000000
3FFB7F9F6
000000000
3FF07E5F3
000000000
3FFECCCCD
000000000
0001DB06E
3FECE3622
000F1EB84
000000000
000285E01
3FFECCCCD
3FFE51EB8
000000000
000000000
000000000
000000000
000000000
000000000
000000000
000282E0F
000000000
000000000
000000000
3FF2147AF
00001077C
000000000
0004CCCCD
000000000
00003D70B
3FEE55697
3FFE8F5C4
3FFC9358E
000000000
000000000
000451EB8
3FF2147AE
000000000
00091EB86
3FFDD70A4
3F74C0CA1
000000000
3FF495D2C
3FFD879F1
00050A3D7
00007AE15
000A11756
3FD4CCCCE
3FF570A3D
000000000
000000000
000000000
000000000
3FF2CCCCC
000000000
000000000
000D70A3E
3FED5CA7C
00035C28F
00095C2F5
000000000
3FF572203
000000000
000000000
3FFC94DB9
000D7F9F6
0009D70A4
000000000
3FCBA08EE
3FCF71A12
3FFFE5082
0005EF883
3FE5332EB
0005A7977
0002266D3
000000000
3FF066666
3FF4B851F
00012437B
3FFF59A8B
000999999
000000000
3FFB9F190
000000000
0008217B3
3FFB70A3D
000000000
3FFCE147B
3FFE8F5C3
3FFCA3D71
0000975BE
3FFD1EB85
00031EB85
3FDD5598B
3FFC28F5D
3FFD5C28F
3FFCA3D71
000000000
3FFFF87F1
3FF851EB9
000000000
3FEF70A3D
000000000
000000000
3FF1C50F9
3FB8C8B68
3FFF0A3D7
000000000
000000000
0003233A3
3FFCE147B
000000000
3FFD0D78C
000000000
3FC2206A6
000F99999
00027561E
000000000
0001EB852
000540339
3FFDF2022
000000000
000000000
3FD94BA45
00091EB85
000000000
3FF03076C
000AF543C
00089DDF4
3FF36EA25
000733334
0004147AE
000000000
3FFF0A3D8
000000000
000EFDC24
0008E147B
00051938F
3FFF47AE1
3FE1C282C
000000000
000237F15
3FFE51EB8
3FFE147AE
000000000
3FFA7AE15
3FFC28F5C
3FFB70A3E
3FF555A58
000000000
3FEDBC913
000000000
3FBD8B1CE
000000000
3FFFC28F6
000000000
0008ACDAB
000000000
000000000
000000000
3FFAF5C29
000ACCCCE
3FEEE836A
3FFC1E75C
000000000
00022D77A
3F7E54657
00048F5C2
000000000
000000000
0004CCCCD
00048ADA4
000000000
0001AE148
000282E10
000000000
000000000
000000000
3FD4EC333
000347290
000000000
000000000
000000000
000000000
3FAEF1CC6
3FFA7AE14
3FFD9999A
00099999A
3FFD7D1F1
3FF133B20
000000000
000000000
000000000
3FC135280
000C00000
000000000
3FD555207
000133333
3FD6AAD2E
000000000
000000000
3FFD5C28F
3FFF56A9A
000000000
000568AA9
3FFDD70A4
00067AE15
00035C28F
3FFECCCCD
000115F74
3FFE51EB8
3FFE147AE
000000000
000133333
3FFD5C28F
0001A9991
0002A3D70
000866665
0008A3D70
3FE8F4464
000000000
000770A3D
000000000
000000000
000000000
000000000
3FE8C74D7
3FFE1B78C
000B073E6
3FFD7D1F0
000E6C1A0
000A6FE8E
000000000
000000000
3FF4855AE
3FFDD70A4
00045C6B8
0006B6D58
000517BC9
000000000
0009CBF4A
3FE1C28F6
0002E147B
000000000
000000000
3FD1F5F87
3FFCE147B
000000000
000133333
000000000
3FFD1EB85
00067AE13
000B22364
000000000
000000000
0001EB852
000000000
000000000
000000000
000000000
3FE87366A
000133334
00035C28F
3FE2BB50F
000000000
000000000
3FBB1A301
00002577E
000000000
000B0A3D7
000000000
000000000
000115F74
000000000
000000000
000228F5C
000000000
3FF72F303
000000000
000BC28F6
3FF014A42
000000000
0005851EB
000C00000
000000000
000000000
0005851EB
3FFC28F5C
3FFCCDCA6
000266666
000000000
00091EB85
000000000
3FF1D5879
000000000
000000000
0004CCCCD
0002E147A
000000000
000E37F7A
3FFD5C28F
000000000
000770A3D
00095C290
000000000
000000000
3FFDD70A4
000000000
3FF3DF03A
000000000
000571A16
3FFEDBC85
3FFDD70A4
0001AE148
000000000
000000000
0004D4474
0009D70A4
3FFCA3D71
000000000
3FF4DAEFD
000000000
3FF47C5DA
3FC812EB6
000CCA4C9
3FB948334
3FF9F87F2
0002A3D71
000000000
000000000
3FF62BF4D
000000000
00090CBDC
000CD7CB9
000A51EB8
0009A59C6
00048F5C3
000266666
00048F5C2
00000EFB8
3FEFB71DE
000000000
000000000
00020DFDE
00042ED6D
000000000
000828F5C
3FFBEB851
000F1EB85
0003BF116
000000000
000000000
000000000
00089AE02
000399999
0006E849D
000133333
0003203B2
000A8F5C3
0000F5C29
3FFCB2D29
3FEE86D74
0006F5C29
000000000
000B47AE1
000B851EC
000000000
000000000
000B851EC
3FFAF5C29
000000000
000000000
000133333
000000000
0006F5C28
000000000
000C3D70A
3FF42577E
00069EDCD
000000000
0003ED86A
3FEED648E
3FFC4C35F
000A07022
0004147AE
3FE4DFC4F
000000000
000733332
3FFA7AE14
000000000
000000000
0002486F7
3FFD9999A
000DAE147
000133333
000266666
3FFE8F5C3
000000000
000CB851F
000000000
000000000
000170A3D
000600000
000713BFE
000000000
000000000
000000000
000DAE147
00035C28F
000000000
000828F5C
000000000
000000000
00095C28F
000000000
0004177A0
000E28F5C
0006F5C29
000000000
3FFC01F4E
000E576AD
000000000
3FD812794
00067AE14
00031EB85
000000000
000000000
000270E67
3FFEA156B
000000000
0005F2874
000000000
3FFD1EB85
3FF199999
000228F5C
000000000
000000000
3FFE51EB8
000000000
000000000
000A8F5C3
3FE09DF37
000000000
000000000
0001949F5
000133333
000451EB8
000713BFE
000228F5C
0006DDC9D
000000000
000000000
000000000
000359238
000600000
000306BF9
0005EF883
3FFECCCCD
000000000
000000000
3FF3F32F9
3FFCA3D70
3FFECCCCD
000000000
000000000
000733333
000000000
000000000
3FFDE306B
000F1EB85
00050A3D6
000600000
3FF479650
0003D70A4
3FFE685B2
000000000
0007AE148
000000000
3FF7D70A3
3FE3AB08A
0002E147B
3FC20ADB4
000000000
0003D70A3
3FFEDBC85
000866667
000000000
000000000
000133333
0002E147B
3FFD7D1F0
3FFECCCCD
3FF9A913E
3FFAC8D01
000490DEF
000000000
000ACCCCC
0005C28F5
000000000
000392257
3FFE8F5C3
000266666
3FC79999A
3FF495D2C
000000000
00003D70A
000807F95
000000000
000600000
000000000
000CB851F
00050A3D7
0001AE148
000000000
000000000
3FEE32F0A
00033235A
3FFD1EB85
000000000
3FF6E147B
000000000
00095C28F
000B0A3D7
000000000
000000000
00021FF87
000D70A3F
3FFE51EB8
000000000
000000000
3FFECCCCC
3FD2515FF
000000000
000000000
3FFAF5C28
3FFD4A2E6
000000000
0004CB507
3FFECCCCD
000000000
000000000
0001EB852
000866666
000000000
00020DFDE
000000000
000170A3D
000000000
3FF19E0EB
000000000
000000000
0001EB852
3FE70A3D8
000000000
000282E10
000000000
000000000
000451EB9
3FF0E147A
000000000
3FFCA3D71
3FD1EB852
000000000
000000000
0007AE148
3FFB6025A
0001B5958
3FFC28F5C
000000000
000000000
3FFD5C290
3FFBEB852
3FFF851EB
00015EA94
000000000
3FFDD70A4
000000000
000000000
000000000
0009FAF8E
3FEE7AE15
000000000
00087561F
3FB2D7D20
000000000
3FF9F10B1
00067AE14
000000000
000000000
3FFE51EB8
3FFFC28F6
000ABAD8B
000000000
000540338
000000000
000C1376F
3FFE51EB8
3FD680D2C
3FFE51EB8
0002AB580
000000000
3FFCBBCFD
000000000
000828F5C
3FA502C31
000000000
3FFF851EA
0008A3D70
000266666
0002486F7
0003D70A4
3FF43D6A4
000A8F5C3
000266666
0006646B4
00042DF65
000000000
0007EB852
3FFC1FF86
3FEF1FB5F
000228F5C
00048F5C3
000000000
000DEB852
0002A3D71
000133333
3FC94C299
000116B89
3FF47AE15
3FF50ABC4
000000000
000000000
000FD70A4
3FFC28F5C
3FC85068C
0008E147B
3FFC66667
000000000
000000000
3FED58452
000F737FA
000ACCCCD
3FF4DACAA
3FE747AE1
000000000
3FFECCCCC
000D33334
000C68ED2
0001EB852
000000000
3FFE147AE
000733333
3FFF851EB
3FFAF5C29
000000000
3FF23B68C
000000000
000133333
000113177
3FF41F79A
000000000
00095C290
000133333
000600000
000000000
000000000
3FFAB851F
00004F6B2
000000000
000000000
0009BD952
0004CCCCD
0000D4CC9
0006E3C7F
3FF400000
000000000
000000000
000089DCD
00012437B
3FF1C38CE
000000000
000A9FDA6
000451EB8
0001D38C6
3FFAB851F
3FF9C28F5
00067AE15
000228F5C
000547AE1
000000000
000000000
000300C15
000000000
3FF9D7891
000000000
0008516CC
0001991AD
3FDB41B00
3FB9B57BF
3FFECCCCD
000000000
000999999
000D70A3E
000981A0E
0002492A7
0007BE92B
000000000
3FF7D70A4
000266666
000000000
000000000
000490DEE
3FFB70A3E
000000000
0005E2091
000000000
000000000
000000000
3FE8645E9
000DAE148
3FFCA3D71
0001EB852
3FFA7AE14
000351A8F
000170A3D
3FE909399
000133333
000000000
3FF5AE148
3FF803FCB
000000000
000000000
3FEF49B5F
000000000
00018A1F6
000000000
000000000
3FFF23B8F
000B851EB
3FFAF5C29
000B0A3D7
000000000
000000000
3FF2CCCCD
00046867E
0004147AD
3FFA80DF7
000000000
00048F5C2
000451EB8
000000000
000547AE1
0000B851F
3FDD70A3E
000000000
3FF199999
0003D70A3
000F01AE5
000170A3D
000170A3D
00033235A
000000000
000000000
000000000
0003A718C
000000000
000133333
3FFDD70A4
3FFECCCCD
000000000
000F5C28F
3FFBAE148
3FE6C9BA8
3FFDD70A4
000170A3D
0007C3148
3FFB829E7
3FEB9999A
0008E147B
000000000
000700428
0002FF3EA
0007EB852
000000000
3FF2FE412
000000000
3FFA2FDED
0001AE148
000000000
000000000
000133333
0001EB852
3FFD1EB85
000000000
000000000
000000000
000000000
3FF15AA65
0005B516A
000000000
00039999A
000000000
00035C28F
3FFD083BF
000000000
0004CCCCD
0002BD529
000000000
3FB6147AC
3FFF552D3
000000000
000170A3D
3FF1412AD
3FFECCCCD
000000000
3FF43BF46
000000000
000770A3D
000000000
000C7A072
000170A3D
3FBA4B5B7
0002BBCFC
000000000
0000B851F
3FF4D7CBA
00039999A
000000000
000CDDC9C
000000000
0003E18A4
000451EB9
3FFB64A79
0001AE148
000000000
000B47AE2
00048F5C3
000000000
3FFB33333
000000000
000000000
3FFBB88E2
0006B851E
000000000
3FFE8F5C3
000000000
3FFB33333
000B6727C
000170A3D
3FFCA3D71
000000000
0006878C5
3FFF9D177
00051DBAC
3FFE8F5C3
000A147AE
000000000
00052B339
000547AE1
000490DEE
0004A2D97
000DEB851
0000E6C71
000000000
000000000
000000000
00095C290
000000000
000000000
3FD3532B8
000282E10
3FF7AE99B
3FFA2E752
3FF400000
000000000
3FF652E92
3FF9851EC
0003CB71A
000000000
0002E147B
000000000
000000000
000000000
00007AE14
0004147AF
3FFECCCCD
000000000
3FFCCDCA6
000000000
000D33333
3FF1263FB
000000000
000D6C221
000000000
000399999
3FFE2C73A
3FFE8F5C2
00035C290
3FFF851EB
0002A3D70
3FF9C28F6
000DEA026
3FFEA156C
3FFECCCCD
000AA754F
00008CE24
000000000
00039999A
3FFC94DB9
3FE14332A
00039999A
3FF8985FC
000D7F9F8
000000000
000000000
3FFD1A368
000F5C28F
3F9B5123B
000133333
00035C28F
3FF28F5C3
0002E147B
000451EB8
000000000
000000000
000000000
000000000
0001E88C4
000000000
000600000
0002A3D70
0002BBCFC
3FFE8F5C3
000000000
0003B6143
3FFDD70A3
3FD51465D
3FFF9EA0A
000000000
3FFF851EB
3FD2D850B
3FF71EB86
3FF92B39D
3FFCFF450
0006B851E
3FF5EB851
000133333
3FFE51EB8
000556AFF
3FFFC28F5
000CD648D
000000000
000000000
000858EDA
000000000
3FF25068C
3FE0D1485
000C00000
3FF71EB85
3FFD5C28F
3FF3D1847
3FF76E239
000000000
3FFDD70A4
000000000
000000000
3FEF5EA94
3FE7AD9C2
3FFECCCCD
000C7AE14
0006C2D1F
000170A3E
000770A3D
000309BEC
3FF6ACD45
3FF628F5C
3FEA12796
000B3D347
00091EB85
000000000
000000000
000D16B8A
000294DB8
0004CCCCC
3FFC7561F
000000000
000000000
000000000
000000000
3FD818011
0005C28F6
000170A3D
000000000
000828F5C
3FF7D70A4
3FFE8F5C3
3FFE147AE
3FFCA3D71
000000000
00050A3D7
000170A3E
3FF7C210A
00050A3D7
0002486F7
000115F74
3FF3A91A3
0004147AE
0006E6C0D
000170A3D
3FFF851EC
3FE51206B
3FFF73242
000000000
000000000
00067AE15
3FFCB5D1A
0005C28F5
3FFAECBEF
0001EB852
3FFDD70A4
3FF1639D2
000000000
000000000
3FFF1EC0A
000600000
0000F5C2A
0003F683E
0001123D1
00063D70A
000000000
3FEE2577E
000000000
3FFF492A6
3FFE955A4
000EE147B
000BE3857
3FFC7B600
000000000
3FE59999A
000000000
3FFE8F5C3
000000000
00048F5C2
3FE8B851F
000000000
3FFB183B5
0001AE147
000000000
0007FA809
3FFD9999A
3FFCF6416
3FA3E605C
000000000
000000000
3FDF66A8F
3FEF22B50
000000000
000000000
3FFF851EB
000000000
3FFA00000
0008E147A
0004CCCCD
3FFBAE148
000000000
00035C28F
3FFECCCCD
3FF961233
0003A718C
3FFEB7D32
000000000
000BF40A1
3FFCA3D70
000000000
000000000
3FFD1EB85
0003D70A4
000228F5C
3FF29E57B
3FFF851EB
3FFE147AE
000290602
3FFE147AE
3FF5EB851
3FF052E2B
000000000
000906BF9
00071DC30
000770A3D
3FFD1EB85
0001AE148
000000000
000000000
000A8F5C2
3FF59A973
3FEAF93A2
000000000
000000000
3FFDD70A4
000C59EB4
000000000
3FFF47AE1
0001EB852
0008FBA3A
000BC28F7
00048F5C3
000170A3D
3FFB70A3E
000547AE1
000170A3D
000000000
000000000
000228F5C
000170A3D
3FFFAD95B
3FFDC5163
000FC50FA
000000000
00023375C
000000000
000000000
3FFF24996
000000000
3FFECCCCD
3FFE5F6AB
000000000
3FFF9D178
000000000
000133333
3FFF0A3D7
00048F5C2
000000000
000000000
00084B6E8
3FFCA3D71
0002A3D71
3FFECCCCD
000000000
3FDE28F5C
3FFD023DB
000000000
000600000
00035C28F
0009682BB
000000000
3FF852A69
3FFF6A26E
3FFECCCCD
3FCE42EFF
3FE1AF189
3FFCE147B
0004CCCCD
000000000
3FFCA3D71
000000000
000133333
3FED3A2EF
3FFE147AE
3FFE147AE
000000000
000B0A3D7
000000000
000000000
3FFAC74D7
3FE5D70A3
3FF47AE14
00015EA94
3FFCEDD9E
0001EB853
3FD8E147B
000000000
0005C4122
000000000
000000000
0002E147B
000000000
000000000
000000000
3FFEA156C
000770A3E
000000000
000000000
000000000
00014D8F2
000000000
3FF6BD590
3FFDB7909
3FFC66666
0003EC03E
0003B4A41
000843ED9
3FEE05F7D
3FFE6C477
000000000
000000000
0000DC4D8
0002E147B
000000000
3FF7D70A4
3FFC6099F
000000000
3FFAF5C2A
000133333
000242713
3FEAA3D71
0002486F7
000133333
000000000
3FFF35B38
0007AE148
000000000
000000000
000133333
3FFEDBC85
3FF851EB8
000000000
3FFD1EB85
3FFD7D1F0
0007634A3
000EA3D71
3FFD5C28F
000000000
000000000
0002E147A
000266666
000000000
3FFE7D61B
000DEB851
000133333
3FFBEB852
3FFE8F5C3
000000000
0001EB852
000000000
000400871
000000000
0001AE148
000000000
000000000
000000000
3FFC7CE2D
3FF28F5C2
0006F5C29
00023375C
000000000
3FFA35EFA
000733333
3FFA1DF70
3FF7B00FB
000000000
000000000
000000000
000000000
000000000
3FFF845D7
000000000
3FFFC28F5
000000000
3FFDD70A3
000133333
000000000
00039999A
000000000
000000000
00061C67D
3FC9C28F5
3FFF47AE2
3FF91F372
000000000
3FFDD70A4
000000000
3FFC82E10
3FFAF5C29
000000000
3FFB6DA4B
000000000
3FF77E9B6
000000000
00035C290
000133333
000000000
000000000
3FFA62E89
3FF769A84
000B0A3D7
000000000
000000000
000000000
3FF9C28F6
000000000
3FFC28F5C
3FFB70A3D
000344304
000000000
3FFECCCCD
000000000
3FFE51EB9
3FF75C28E
000000000
000170A3D
000000000
3FF6695F1
000000000
000000000
3FE8B851F
3FC8F24B2
3FFAB851F
000000000
000000000
000FA89B7
3FF0E147B
00063D70A
3FF947AE2
000170A3D
0005EB066
000000000
00007AE15
000000000
0000945CD
3FF7C50FA
0007C3149
3FF40182C
000000000
3FF77122A
000266666
000000000
3FBB1EB85
3FF7AE935
3FEEDACAB
0005851EB
3FFE8F5C3
3FFC66666
000000000
0004DA4BF
000A8F5C3
3FFE51EB8
3FF94F28B
000000000
0004A156C
000266666
000170A3D
000133333
0008A3D70
00031EB85
000000000
000451EB8
3FFF0A3D7
0007991AC
3FD30FBCD
000000000
3FF9C28F6
3FFA855AF
0008C1D46
000000000
3FEEB851F
000000000
3FFF56A99
000BD78F6
000000000
00047A628
3FED47AE2
3FCD9803B
3FF570A3D
000B47AE1
000000000
000000000
000000000
000000000
000000000
000000000
000000000
000000000
3FFE66E53
000000000
000170A3D
000000000
000000000
000000000
000813FC1
000000000
000000000
00063D70A
000092DA1
000000000
000071E3E
3FED0A371
000CB851E
000000000
3FECF842D
3FFFDA882
000C7C6A7
0001AE148
00056BA9A
3FFD1EB85
0000D04AB
000E28F5C
3FFC66667
000170A3D
0005851EB
000000000
000000000
000000000
000000000
000000000
3FBAFC392
3FFCE147B
0008A3D71
0001AE148
3FF5EB852
000733333
0002E147B
3FFECCCCD
3FFECCCCD
000000000
000000000
0002E147B
000000000
00050A3D6
00035C28F
000000000
000B851EB
000000000
000A147AD
00031EB85
000000000
000000000
000000000
000000000
000000000
000000000
3FE200000
0007A5173
000000000
3FFE51EB8
000C8B5F8
000E79E3C
3FEA037DE
0006B851F
3FFDA296E
000000000
000000000
00048F5C3
000000000
000000000
3FFCA3D71
000000000
000000000
000828F5D
000000000
3FFA4C6C2
000000000
3FE200001
000133333
0003B6143
3FFEA156C
0008E147B
000000000
3FFE147AE
000FF67D9
3FFAB851F
0002CC4E0
000000000
00050A3D6
000133333
00031EB85
000000000
000000000
3FFC28F5C
3FFF6727C
00039999A
000000000
3FE8EE419
000017F8C
3FF066667
00063D70A
000000000
000B0A3D8
3FFDD70A4
000000000
0000F5C28
000866666
000000000
000000000
0008E147A
3FE1851EB
000866666
3FFB70A3D
000000000
0001EB852
3FFC91DC7
000000000
00095C28F
000000000
00014D8F2
000000000
000000000
0000D7CBB
000000000
000F1EB85
3FA0AD987
000CF5C29
000000000
000000000
000000000
000000000
3FF5C191E
3FF2147AE
000170A3D
3FF760A47
000A448BC
3FF4F5C29
3FF0E147B
0003951E3
3FFECCCCD
000DEB852
000000000
000000000
000B0A3D7
000000000
0001F4827
0001F3061
000000000
000170A3D
00050A3D7
0005F7093
0008A3D70
0007AE148
0007EB852
00063D70A
000FF683F
000266666
3FFECCCCD
3FFD1EB85
3FF370251
00067AE14
000C8E5E9
3FFDDA096
3FF42E752
0002A3D70
0005C28F6
000F32F0C
3FFE8F5C3
000000000
000170A3D
3FF4047B7
0005851EC
000000000
000EF7C40
000000000
0007D20FF
000000000
0000A0593
3FF6A3D71
3FFBAE148
000262A62
000000000
3FF56D9E6
000000000
000000000
0002C19C2
000000000
3FFDD70A3
3FE1851EC
000000000
000000000
000000000
0001D38C6
000228F5C
000266666
3FFE147AE
3FCC2A656
000000000
000133333
0002BD529
3FF6E147B
0001D38C6
3FFF8F9EC
000000000
3FFA14F9B
000000000
3FFA00000
0003BC126
000000000
000000000
000000000
000000000
0006B851E
000000000
3FFEDBC85
3FF8CCCCD
000FE60C2
3FEC506F2
00058D2F0
3FF2446C6
3FF432F71
000000000
000000000
3FFE42F00
0005851EB
00041A6CA
000000000
3FF71EB85
0004CCCCC
3FFD9999A
000000000
0001AE148
000000000
3FBF4CAEB
000000000
000000000
3FFCCC4E0
3FFC10FD0
3FE0DBC84
0002E147B
000733334
000000000
0002E147B
3FF6A2544
00037527D
3FF7AE934
3FF9D7890
000000000
000000000
000000000
00012437B
0003D70A4
000000000
00050A3D7
000ABAD23
000000000
0000A3584
3FFE51EB8
000170A3D
000133333
3FFD51A8F
3FFCE147B
00043B757
3FFC88D8E
3FFE8F5C2
00036CA72
000000000
3FFECCCCD
000000000
000547AE1
3FFE1149D
00050A3D7
000000001
000000000
0001BCBEF
3FFA3D70A
000000000
3FFB33333
3FEF3AADC
000B35B38
3FF71EB85
000170A3D
3FF3C28F6
000000000
3FFEEF459
000538B29
000000000
000000000
000000000
3FFE2C73A
0001AE148
3FF851EB8
000170A3D
0004147AE
3FFD42AD7
000000000
000000000
000000000
000000000
000133333
000000000
000000000
3FFCE147B
3FFE51EB8
3FFDF2022
0001153C4
3FFDAF09F
3FCF08A12
3FFCE147B
0006C2CB9
3FFE5C6B8
000000000
000828F5C
00032DB3D
3FCA3D70A
000000000
000000000
000133333
3FFE02804
000BC28F5
000000000
0004B4D41
000000000
000A3207C
000000000
000170A3D
00095C28F
3FFD5C28F
00039999B
000000000
000000000
3FE933334
0001991AD
000000000
0002A3D70
3FFD0E3A2
3FFC66666
00015EA94
000000000
0001AE148
000D33333
000000000
0005851EC
000000000
0002E147B
3FFDDFF4C
000000000
3FF4F5C29
000000000
00031EB85
3FFEE7C4B
00020DFDE
3FE87AE15
0001C30E2
000A8F5C2
3FFF61B8F
000000000
0003D70A4
3FFD5C290
000133333
000000000
0001AE148
000000000
00063D70A
000000000
00031EB85
3FFBAE148
000000000
3FF926B1B
00004C6C2
3FFD9999A
000266666
3FF15C290
3FFECCCCD
3FFE8F5C3
000D1F3F8
3FE76D0C8
000000000
3FFB70A3D
000000000
0002E147B
000000000
000000000
000725BA7
000000000
0005851EB
3FC2BDA49
000000000
000A51EB9
000000000
000000000
3FFE2C73A
000000000
3FF251EB9
000000000
000000000
000B97195
000733333
0005C28F6
3FEDFCFA8
000733333
3FFD9999A
0005851EC
000B851EC
3FFEF3C11
000170A3D
3FDA26758
3FE2520C8
000A18FCA
3FED851EC
000DAE148
000000000
000000000
3FC47665F
00006AD37
3FF9C40BC
000000000
000000000
0001BD100
000000000
3FFE147AE
000000000
3FFD0CBDB
000255462
3FFE8C5D0
3FFEE4C58
3FFC66666
3FFDB7908
000A33FB1
000000000
000170A3D
000000000
000C3D70A
3FFF851EC
000228F5C
000000000
3FFC28F5C
00067AE15
3FFE8F5C3
3FFECCCCD
000000000
000000000
3FF533334
3FFE51EB8
000282E10
000828F5C
000000000
3FFD5C28F
000000000
00043FF0F
000BCE921
3FD60BF5F
000000000
00063D70B
000143B17
000000000
000000000
00012437B
000000000
000000000
000E7CE2D
0007B4D41
3FFEDBC85
3FFD9999A
000000000
0004147AE
3FE9AE147
00091EB84
000000000
00033235A
000000000
000000000
0002B9B79
00075EA94
3FFC9358D
000170A3D
0002F7C41
000000000
0001AE148
000BB094C
3FFFB4745
0004147AD
000CB851F
3FFC5B56F
000CB851E
000C00000
000000000
3FFE322D1
3FFFC28F6
0003211B9
3FF952E2C
000000000
00031EB85
000451EB8
000000000
000000000
0003203B2
000000000
3FFBC490E
3FF59498F
0002E147B
000000000
3FFC486F7
000000000
00033B6AF
000133333
3FFF6A26E
000133333
00014D8F2
0001AE148
000000000
000000000
3FF8147AE
000A21FA1
000000000
3FFF47AE1
000000000
0002E147B
0001D4667
00022BEEA
00095C28F
000EB1564
3FE64BE6E
00035C290
000000000
00050A3D7
3FFB33333
0001AE148
000000000
0001AE148
000000000
000000000
00035DABB
3FC6A9C22
3FFAF5C29
0001FA80A
000000000
000000000
3FFCF6416
000000000
000000000
000000000
000B47AE1
000000000
3FF13FAE6
00050A3D7
00091EB84
000000000
000000000
000000000
000133333
000000000
000000000
0002CC4E0
3FF823767
3FFCA3D70
000B0A3D6
000000000
00031EB85
000133333
00050A3D7
000170A3D
000986F6B
3FF5003C3
000000000
000000000
000000000
3FCB9F0C4
000000000
000000000
00034D2D8
000B851EA
000000000
000000000
3FFF53B0D
000000000
3FF66F6A0
000000000
000000000
000128B33
000000000
0009DE8B4
000000000
000000000
00030FBCD
3FFAB851F
3FF0546BE
000000000
3FF78D96D
3FDF232D6
3FF287D4E
00052CB62
3FFE147AE
3FFD5C290
3FFA3D70B
000000000
000000000
000547AE1
3FFFC28F7
00012437B
0001BD100
000837F14
000000000
3FC764459
000C35FC8
000000000
000000000
3FFE51EB8
3FF90A3D7
000000000
3FFE8F5C3
00031EB85
3FEA28F5C
00062278C
000000000
3FF6A3D72
000787203
3FFBAE148
3FFD9999A
3FF6ED440
0000776BC
3FFC576AE
3FEF70A3E
3FFECCCCD
3FF1C50FA
0005FFFFF
3FFE51EB8
00039AAC0
000000000
000C7AE15
3FFD42AD7
000000000
000000000
3FFF5C4A3
000A895E1
000170A3D
000000000
3FEEB851F
3FFEDBC85
3FFCB8D0B
000000000
000000000
3FFE8F5C3
3FF9851EC
000733333
3FFEFE410
0000C74D6
0002875C8
000000000
000000000
000733333
00095C290
000000000
3FF9C28F6
000000000
3FF947AE1
3FF855DDC
000000000
0006AD234
000C89E32
3FFFA30F4
0002A3D71
000133333
000000000
000000000
000A8F5C3
000000000
000000000
000451EB8
3FFA00000
000266666
000000000
000C65E79
000932DE1
3FF947AE1
3FF90A3D7
0002A3D71
0004147AE
000000000
00050A3D7
000000000
3FF88060C
3FFA6464F
00019F830
000000000
000000000
0008B8D71
000266666
000451EB8
3FFBAE148
000000000
3FDC5B679
3FFE51EB8
3FFE51EB8
000000000
000000000
3FFDB7909
3FFC28F5C
3FF4B851E
000000000
3FDFA7125
000000000
0003D70A3
3FFECCCCD
3FFAA1D59
0003D70A4
000000000
000000000
000000000
000000000
000000000
0003AE934
00007AE14
3FF47AE14
0001AE148
000000000
3FFCE147B
00039999A
3FF5C90C6
3FF5EB852
00074B2C1
000573242
3FF2063A8
3FF8CCCCC
000000000
000000000
000000000
000000000
3FF851EB9
3FF5D141E
00021AD48
000000000
3FFE8F5C2
000000000
3FE9C30E4
0003B6142
000000000
3FFA3D70B
000000000
3FF9851EB
0006B851F
000000000
0002E147B
000000000
000157285
000000000
000000000
000451EB8
000600000
3FFECCCCD
3FFCEFF23
000000000
000000000
000000000
000000000
000228F5C
000547AE1
000000000
3FEA6DE0F
000266666
000C00000
3FFC28F5D
3FFD5C290
0007AE148
3FFE8F5C3
000000000
3FF928347
000000000
000000000
3FF947AE1
000000000
000000000
3FECA4179
000000000
3FFE8F5C3
3FF9C28F6
000000000
3FF4F5C29
000133333
000000000
000000000
3FFC28F5D
000000000
000133333
000866667
3FFB452DD
3FF6A3D71
3FEE3D70A
3FFE8F5C3
0000B851F
000000000
000170A3D
3FFB422EB
3FFE8F5C3
000170A3D
0001EB852
3FF4B851F
3FFE2C73A
0005851EC
000000000
3FFF47AE1
0002A3D70
000000000
3FF28F5C2
000866666
0001991AD
3FED47AE2
3FF2CCCCD
000000000
000000000
000B47AE1
000000000
3FF7D70A4
000000000
000547AE1
000000000
3FF220772
000000000
3FF7D70A3
000000000
3FFCC4CD2
0001EB852
000000000
3FFEDBC85
0001AE148
000FD70A4
000000000
000A75E6F
000000000
000228F5C
3FFD1EB85
3FFC66667
000000000
000000000
000228F5C
000115F74
000000000
00048F5C2
000725440
0003D70A4
000000000
3FFB7F9F5
000000000
0001AE148
000000000
00031EB85
3FFB83A45
3FFE147AE
3FFC28F5C
000000000
3FFE8F5C3
000000000
3FF6CDCA6
000EBD529
000000000
3FFC7561F
000000000
3FFE8F5C3
3FFAA4D4A
3FED92977
000000000
3FFE147AE
3FFE51EB8
3FFECCCCD
3FEF1CB6F
000000000
000000000
3FFE66E53
3FFCE147B
0009A11A9
00039999A
3FFE51EB8
3FECBC4EA
3FF3EB065
000170A3D
3FFCCDCA6
0004E1C67
000000000
3FF230EF2
3FFE147AE
000266666
000000000
000000000
3FFCE147B
000170A3D
3FF959A8C
3FE69E515
000C95DF9
3FFE8F5C3
3FEDF6F5F
000000000
3FF6A2544
3FF90BB9D
3FFE8F5C3
0001991AD
3FFC32AE1
000000000
3FF88F5C2
000000000
0002A3D71
000000000
000000000
3FFD5C28F
000000000
000000000
000000000
000133333
3FFE8F5C3
000000000
3FF335AD2
3FEB99999
3FFCE147B
3FF088D8E
3FEA66667
0001D38C6
3FE396155
000000000
3FFD5C290
000000000
3FFBC8707
3FF64FEA0
000000000
000000000
000000000
0007AE148
000000000
0002BD529
3FFF2B338
3FF760A47
3FF9851EB
000133333
000000000
000000000
3FFD6B248
3FFCF6416
3FF9C28F6
3FF4B851F
3FFE51EB8
000000000
3FFDD70A4
000000000
3FEDA192F
3FF82C73A
000000000
0009D70A4
000000000
3FFCB4553
3FF9F5800
3FF7053CD
3FFA2B762
000000000
3F72EECD4
3FFC49EBD
3FFC66666
3FFECCCCD
3FF28F5C3
0001EB852
3FFECCCCD
000000000
3FFE8F5C3
00035C28F
3FEAB14FE
000000000
000000000
3FEDDC048
3FBA66665
000000000
000000000
3FFF0A3D7
000000000
00095C290
000000000
3FFECCCCD
3FF5059E8
000000000
3FFC66666
000828F5C
000133333
000000000
0002E147B
00090CBDB
0005A0FD6
000000000
000000000
0005FFFFF
000000000
0001EB852
000000000
000000000
000000000
3FFECCCCD
3FF973242
000000000
000000000
000000000
3FFFFFFFF
3FFE51EB8
3FFC28F5C
3FFAB851F
000000000
0002E147C
000000000
0001123D1
0006B851F
000000000
3FFECCCCD
3FFFF1BF9
3FEE1DF70
3FEB5C28F
000266666
000133333
0008CF4D1
3FFB33333
3FFE147AE
3FFECCCCD
000000000
3FED8F986
3FFB422EC
000000000
000000000
000731AA2
000000000
3FEF33334
3FCD0E3A3
000B0A3D7
3FEFAE148
0001AE148
3FFE51EB8
000000000
3FFB70A3D
3FEAAC067
00035C28F
000E28F5C
000000000
000000000
000000000
00035C28F
000000000
000000000
3FF3C28F6
000000000
3FF6D24C3
000000000
000000000
000000000
0003D70A4
000000000
3FE4D53E8
000133333
000000000
3FFF5E30D
0001AE148
000000000
3FDF0803A
3FFA34734
000DEB852
000F59B94
3FF6E147B
000000000
3FFD2DB3D
000000000
000000000
3FF5EB852
000000000
000000000
000000000
000000000
000000000
3FFF47AE2
000000000
000000000
000770A3E
000000000
3FFDD70A4
3FFD06BF9
0003849FF
0003D70A4
000000000
000000000
0006B851F
3FFE147AE
000DEB852
0003D70A4
00095C290
3FCA2CA18
3FFAAAD2D
3FFECCCCE
000000000
000DA992A
000000000
000228F5C
000000000
000547AE1
000000000
000000000
00031EB85
3FFE9E57B
000770A3D
000000000
0000B851F
0000F5C29
000000000
3FCC28F5D
3FF15C290
3FF5EB852
3FF666666
0002A3D70
0005851EC
00065FE96
3FE9BCBEF
000733333
3FFCA3D71
000000000
3FF266E53
0002D6CE2
3FF1B90CF
0006646B4
000000000
000000000
000A147AE
000170A3D
3FF8D2036
3FE85CE40
0006B851F
000600000
3FF666667
00035C28F
000170A3D
000A51EB9
3FFD9999A
3FFD1EB85
000000000
3FF0C34A5
3FE7851EC
3FFAF4462
000000000
000000000
00031EB85
000133333
3FFF47AE2
3FFC66666
0001AE148
000A51EB8
000000000
3FFCDE489
000000000
000000000
000000000
000000000
00003D70A
3FEC147AF
0001AE148
000000000
3FFEA156C
3FF4F5C29
000170A3D
000000000
000000000
3FFDD70A4
3FF781A0E
000000000
000000000
000000000
000000000
00039999A
3FFBAE147
3FFDD70A4
3FF5AE148
0000B8520
3FFD4EA9C
000000000
000000000
000733333
000000000
000000000
000000000
3FFD5C28F
000266666
000861EAF
000000000
0002F7C41
000210FD0
0000DC46E
000000000
000000000
000000000
0001D38C6
00031EB85
00050A3D7
000170A3D
000000000
3FFE93D79
000000000
0006B851F
00043FF0F
000000000
3FFECCCCD
000000000
3FFB33333
000F472F4
3FFE51EB8
3FF533333
0009D70A4
3FFA3D70A
3FFBAE148
3FE3E573A
000DF1133
000133333
000000000
00067AE14
3FFB8A1F6
000000000
3FA05E8AF
000000000
3FEF70A3E
0005FFFFF
3FDA51EBA
000000000
000000000
3FF3C28F6
000000000
000000000
3FF066666
0001AE147
3FFE4472C
3F6D3E2BB
000133333
00048F5C3
0001EB852
000302440
3FF30A3D7
0007961BC
000000000
0004147AE
000000000
3FFEDBC86
0004147AE
3FE69E57B
000CB851F
000000000
0000F5C28
000828F5C
3FFE147AE
3FFE147AE
000770A3D
000000000
000505C20
000170A3D
00007AE14
3FECEF3F4
000000000
3FFC28F5C
3FFE8F5C3
000000000
000000000
000000000
000505C21
00091EB85
000000000
00095C28F
00079F18F
3FFE51EB9
3FFA3D70A
000D70A3E
000000000
000000000
00067AE14
000000000
3FF347AE1
00050A3D7
3FF33748A
000000000
000000000
00063D70B
3FF47AE14
000EE147A
3FFECCCCD
000000000
0005B516A
000000000
3FFE147AE
000000000
000000000
000000000
000000000
000000000
3FFA3D70A
000266666
000000000
000828F5D
0000F5C29
0006E0C8E
000000000
3FFECCCCD
3FEBE11FD
3FFC28F5C
000000000
3FDF142B9
3FDA39F2B
000000000
3FF4F5C29
0008A3D70
000B47AE2
000000000
000000000
3FFCCDCA6
3FF6D24C3
000000000
3FFAB851F
3FDC346D1
000000000
000000000
000266666
000000000
3FFE8F5C3
3FA6D30AF
00031EB85
000000000
000000000
000F5C290
000000000
000000000
3FFD1EB85
000000000
3FFD8A9E2
000000000
000000000
000000000
00060EFB9
3FFECCCCD
000000000
00018A1F6
3FFFC28F5
000000000
3FF8EAC9D
3FFD9999A
3FFE51EB8
0004147AE
000451EB8
0001D38C6
000000000
3FFCE147B
000170A3E
000000000
3FFECCCCD
3FEC8F5C3
000133333
000266667
000F99999
000BFFFFF
000000000
3FF6B77FD
3FF869E44
000000000
3FFDD70A4
3FFD1EB86
000170A3D
3FE8166FB
3FE3AE148
3FFAADD1F
000451EB8
000C29F35
000000000
000547AE1
000000000
000000000
000000000
3FFA7440D
3FCD5C291
000C3D70A
000000000
000000000
000089DCD
3FFDD70A4
3FFB33334
00088164A
000000000
3FFFC28F5
3FFD1EB85
000000000
000000000
00061DA61
000000000
3FE6147AE
00075BAA2
000000000
000000000
00063D70A
0002A3D71
3FFDCF896
000266666
3FFFC28F6
000000000
000451EB8
000029577
000000000
000A147AE
000000000
3FE1851EC
000000000
3FFF47AE1
0009D70A4
0000F5C29
3FEE3D70B
3F9FAAB42
000000000
3FFB33333
3FFE8F5C3
000000000
000000000
3FF79999A
3FFF851EC
000000000
000000000
000CB851F
000000000
000133333
3FFE1EFAE
000000000
000000000
3FF400000
3FFAF5C29
3FED851EC
3FF851EB9
3FE59999A
000000000
0004147AE
000000000
000000000
000170A3D
00090FBCD
0001B34AF
000B0A3D8
3FF851EB7
0004147AF
000CF5C29
3FFDE605D
0007AE147
3FFA7AE14
000770A3F
000439F2C
3FFDD70A4
00050A3D7
000000000
3FFE51EB9
000000000
000000000
000BB554E
000000000
3FFB33333
000000000
3FFD9999A
000E66666
000133333
000EA3D70
000266666
000133333
0009113FA
0006F5C2A
000F5C28F
000000000
0001AE148
3FF19999A
3FC851D84
3FFC28F5C
0004B3448
000000000
3FFDF2022
0005C28F6
000D33332
000000000
0005851EC
3FB1C28F7
3FFA7AE14
000000000
3FE7CA09C
3FFD5C290
3FFD1EB85
000000000
000600000
000000000
3FFECCCCD
000000000
000EFAEE9
000266667
0001991AD
0001EB852
000399998
000000000
3FFBAE147
000000000
3FFECCCCD
0003F9830
000000000
3F3D33F4E
000000000
3FFECCCCD
000000000
000000000
00012437B
3FFECCCCD
3FF5AE147
0001991AD
000000000
000000000
3F8A11037
3FC925D09
000000000
3FE70A3D7
000000000
0001EB852
000000000
3FF6A6D63
3FFD9999A
00056D3EE
3FE829511
000B0A3D7
3FFCE147B
3FFDD70A4
3FEAE147B
000000000
000000000
3FDE28F5B
3FECCCCCD
3FA31EB86
3FF860E71
0002E147B
0004CCCCD
000000000
000000000
3FE70A3D7
000000000
000000000
000170A3D
3FFF0A3D7
000000000
3FCB30915
000000000
3FBC5AE28
0004CE493
0002E147B
000000000
000000000
000000000
000000000
00007AE14
000000000
000000000
3FFE8F5C3
00031EB85
000DBD101
3FFAB851F
3FF9A913F
0007AE148
000000000
000000000
000FA2906
3FF28F5C3
0002A3D71
000A51EB8
000000000
000ACCCCB
000DAE148
000770A3E
3FF851EBA
0001AE147
000AF9BF2
3FFECCCCD
3FBBD70A4
000000000
3FF165266
3FFC4B74E
000000000
000000000
0001EB852
00003D70A
000170A3D
0001EB852
000B59AEE
3FF7D70A3
000000000
3FFF0A3D7
0002F0433
0001EB852
0006B851F
000C317AA
3FFD99999
000000000
3FF2D8BC7
3FF9C28F6
000000000
0006167C6
000828F5C
000000000
000000000
00064F6B2
000000000
3FF199999
3FFAB8520
3FB9DB007
000000000
3FE747AE1
000000000
3FFFFFFFF
3FE211FAB
000000000
000000000
000000000
000000000
0000F5C29
00035C28F
3FF570A3E
000000000
000D70A3D
3FFC28F5C
3FF4C74D6
0008E147A
000547AE1
000399999
3FFD99999
000000000
3FFDBD8EC
000133333
0002A3D71
000170A3D
000133333
3FC6D0AFF
0003D70A4
3FF6E147B
3FF2BAD8B
000000000
000000000
3FF052B70
0002A3D70
0001D38C6
0008E147B
3FF3C28F6
000611FAA
000402805
3FF4CA4C9
3FFCA3D71
000000000
3FFCA3D71
000547AE1
000000000
3FF8895E1
000000000
3FE125356
000828F5B
000387922
00038A9E2
3FA707BD2
000411756
3FBD17BCA
3F8BFD16D
0001D38C6
3FFACA4C8
000000000
000000000
000000000
000000000
3FFF0A3D7
0002F6416
3FE90ABC6
3FFFC28F5
00099999A
3FD8A0D1A
000000000
3FFB33333
000000000
000000000
00097EA1C
0002A3D70
000000000
000000000
000000000
3F7B3F25B
000000000
00028694F
000000000
000000000
000000000
3FF2CCCCC
000A8F5C3
3FF8955A6
000228F5C
000600000
3FFEA156C
00048F5C2
000170A3D
3FE200000
3FFB55ABF
3FD47EE47
000000000
3FF79999A
3FE51EB85
3FFECCCCD
000000000
000000000
000107B6E
000133333
3FFE8F5C3
3FFE8F5C1
000000000
3FFF47AE1
3FFA3D70B
00062278D
3FFCC051B
000000000
0000B851E
000000000
3FFF851EB
000000000
000000000
000B11BE6
0008FAC9B
000000000
3FFE2C73A
000000000
000000000
3FEDBF89E
000000000
3FF2CCCCD
0004DEC76
3FFECCCCD
3FFA68E6B
00096EE4E
000000000
00004C6C2
0007EB853
000000000
000000000
3FDC5E66C
000000000
000000000
000228F5C
3FF851EB8
000228F5C
000000000
000000000
3FFA3D70A
0005851EB
000000000
3FF251EB9
3FFC19FA4
000E67E92
000000000
0004F3C10
000000000
000942AD6
000133333
000000000
0008127FD
3FFE51EB9
000CF5C29
000000000
3FFA00000
000088607
3FF596281
000000000
000451EB8
000000000
3FF09F554
3FFC28F5D
3FFE8F5C3
000B4332B
3FFA3D70A
0006B851F
3FF89DE0E
000000000
000000000
000000000
3FFF851EC
3FFAF5C29
000000000
3FFDAB943
000000000
3FFB6F212
3FEB5C28F
3FFE2C73A
3FFE51EB8
000451EB9
0002C9556
00048F5C3
3FBCB4C73
000000000
000866666
00050A3D7
000000000
3FFDD70A4
0000F5C29
000000000
000000000
000133333
000000000
0005C28F6
000000000
000C32F71
3FE55C290
3FB36025D
00007AE14
000000000
000C00000
000266666
000266667
3FFE51EB8
000000000
3FFECCCCD
3FFB9A972
000000000
000228F5C
000000000
000000000
000000000
0001AE148
000000000
000000000
000000000
000DEB853
3FF90A3D7
3FD514B08
3FF9FD459
000000000
000000000
000000000
000000000
000882E0F
3FEBDA097
000000000
3FED16404
00053A2EE
3FFC28F5C
3F9E30E25
00050A3D7
000000000
000000000
000000000
000000000
3FE370A3D
0008E147A
000A23766
000000000
000000000
3FF3E0865
000000000
000315B4B
000DAE148
3FFBEB851
3FFC28F5C
3FF947AE2
3FD1F6051
000000000
3FE5609E0
000000000
000BF0BFE
000000000
000170A3D
3FFD7D1F0
000D70A3E
000000000
00031EB85
000000000
3FEE317AA
000AFFC3C
3FDD33333
3FFD5C28F
3FFE66E53
3FF68164A
00003D70A
000000000
3FFEE1500
3FFB70A3E
3FFF47AE1
3FE428F5C
000ACCCCD
00023375C
000000000
000000000
000000000
000170A3D
000000000
000000000
3FD67AE14
000133333
000000000
000133333
000999999
0001D38C6
000000000
3FFDB9133
000000000
3FFCB68CB
00007AE14
000000000
000000000
000000000
3F9E98466
3FE08F5C3
000170A3D
3FF8CCCCC
000000000
0001EB852
000000000
3FF875E09
00003D70A
3FFA3D70A
000E2A788
0007D16DB
3FFCA3D71
0001AE148
000000000
3FEC51EB8
000000000
000000000
000831E64
000000000
000133333
3FDFD70A4
000170A3D
000000000
000266666
000266666
000000000
00048060A
000000000
000F24FB3
3FEF7F9F6
3FE3EB852
0002FEA2B
000547AE1
3FF8147AE
3FF947AE1
00063D70A
000B851EB
3FFA0EF51
3FDDEB850
000451EB8
000BC28F6
3F7C2870B
3FFA7AE14
000C0EFB8
00089F5BA
000133333
000866666
3FF54E2B1
3FE3AE147
0002E147B
3FB70A3D9
000000000
0004147AE
00063D70B
000000000
000000000
3FF99B94B
000000000
000000000
000EE147B
000000000
000000000
000000000
000000000
3FF19999A
3FDDC9060
3FE55C290
0001EB852
3FF43D709
0004CCCCD
000000000
3FE9C90C5
3FF8CCCCD
3FEA7B601
3FF8CCCCC
3FF71EB85
0006B851F
000E19FA3
000000000
000170A3D
000000000
3FF43EF37
000170A3D
000285E02
3FFCE147C
0002A3D70
000000000
3FFD9999A
000451EB8
000000000
3FEF5EA94
00031EB85
3FFFB393E
3FFD2DB3D
3FFBEB852
000000000
0001AE148
000000000
3FFF47AE2
3FFC1DB46
0001889C9
3FF628F5C
000000000
000000000
00063D70A
000000000
000000000
3FFAB851F
3FFE147AE
3FDBA18C9
000000000
000266666
000170A3D
3FFCE147B
000000000
3FB68DD96
3FFD5C28F
000000000
0004147AE
000000000
3F60EBAE2
3FFE3271E
3FF4F5C29
00039999A
3F8BB2E24
3FF3402D3
000399999
000CB851E
000F5C28F
00012437B
0001EB852
3FEF7F9F5
000000000
000000000
00053EF56
3FD0F5C28
3FCBFA60B
000000000
3FB48D5A9
000000000
3FFF851EB
00031EB85
0003F683F
000000000
000000000
000133333
0002E147B
000000000
3FF58E9AC
3FFE8F5C3
000000000
000000000
000000000
0002067D0
000000000
000000000
3FF6E147B
000000000
0001D38C6
00036E238
3FDF9999A
00097421A
000000000
0006F5C29
3FED5B250
000266666
3FF3C28F6
3FF72333C
0000B851E
0000AAD93
3FE68F5C2
0007DA457
000807FFB
3FFBD508C
00050A3D7
000133333
000000000
3FFE147AE
3FE9EB852
0000D1C70
0007EB852
3FF251EB9
000000000
000000000
3FFE8F5C3
000000000
3FFC38D1A
000D33331
3FFEA156C
000000000
3FF32A979
0002E147B
000000000
000074E31
3FB4F0434
000000000
0002E147B
3FE55C290
3FE70A3D7
3FF94F28A
0004147AE
000000000
000E7CD5F
000000000
3FDE28F5C
3FFD42AD7
00031EB85
000000000
3FEC8F5C2
000000000
000000000
3FEA01FB2
000000000
0006EE481
3FE5AE8CE
000000000
3FF5EB853
3FF6E147C
000000000
3FDF20218
3FD67AE7C
3FDF951E2
000000000
3FFD9999B
000C35F60
000761A85
000B1C37F
000000000
000000000
000000000
000000000
3FF2F53D6
3FF896DD3
00035929D
3F772424A
3FD802018
0006F5C29
000000000
000DAE148
3FE9EB852
3FEF153C3
000000000
000C4AEFB
3FF3A4986
000000000
3FF947AE2
000000000
3FE726B81
3FFCE147B
3FD4CCCCD
000000000
3FF5EB852
000000000
000000000
3FFE6B609
3FE01D7E8
000C5B6DF
000576233
3FD770A3E
000F7BA2A
000000000
3FFCE147B
000000000
000000000
0008E147B
3FF9552D4
000BC28F5
000000000
000000000
3FFFEE057
0008FAC34
000C7AE14
000000000
3FF3FFFFF
3FD0077A9
3FCA3D70A
3FCA00000
000000000
000000000
0005C28F6
000000000
3FFECCCCD
3FD0F5C2A
000758AB2
000000000
000C7AE14
000000000
3FE49358E
0004147AE
000000000
000399999
0004147AE
3FFE51EB8
3FF91F3D9
0004F842D
3FEC8F5C2
3FE7941A3
000000000
0005DD874
3FF3C28F4
3FF4B851F
3FDE1E75C
3FEFEB853
3FCE51EB8
3FD770A3D
3FEE3D70A
000C2876F
000000000
000866666
3FF269E45
3FFC576AE
3FFF7AA53
000000000
3FF0A3D71
3FF30A3D7
3FFB452DD
3FF251EB8
3FF3C28F6
000266666
0002486F7
000000000
000000000
3FFE6B671
000000000
3FF851EB8
000FC50FB
3FED47AE1
0005C28F6
3FFE8F5C3
3FF347AE1
3FF0E147B
000000000
3FF75C290
000330B94
000E28F5C
3FEF07BD3
000000000
0008D24C3
3FFE3CF1E
000000000
3FE8F5C29
3FED851EB
3FF47AE14
3FFC1B704
000000000
3FE19D1DE
3FFF851EC
000D54293
3FFDF384D
000000000
000000000
00092F368
3FFFC28F6
3FE4CACB5
3FFE02805
3FEC147AE
000000000
000565AB7
3FF7B30EB
3FFE51EB8
3FF43D70A
000478E63
000000000
000219FA4
3FF5AB0F0
000000000
3FFBEB852
3FFAF5C28
3FFCA3D71
000000000
000000000
000000000
3FFD1EB86
000000000
3FFE8F5C3
000000000
000000000
3FFBD38C6
00003D70A
3FFA38EED
3FFAD349D
3FF947AE1
0008E147B
3FFE51EB8
3FDEA3D72
3FDFDD088
000082624
3FE70BAD0
0006F5C27
000638F53
3FF0BBCFD
000000000
000000000
000000000
000000000
3FD78B9BD
000000000
000DAE148
3FFECCCCD
000000000
0002B4554
0001931C9
000A35774
3FFF851EB
3FFC66666
000761A85
3FE89BCA9
000000000
00015EA94
000170A3D
3FFE3FF0F
0001991AD
000000000
00031EB84
000000000
3FF90A3D7
3FFB07BD2
3FFE51EB8
000000000
000000000
3FFFEE057
000980248
3FF3C28F5
000000000
3FEFAE148
3FD8A3D71
3FE9EB852
000000000
000872693
3FF43D70A
3FF1D70A3
3FF947AE2
3FFE8F5C3
3FE3AE147
3FFECCCCD
3FFD42AD7
3FFAB851E
3FFDB7909
3FF7D70A4
3FD99999A
3FFB512A3
000000000
3FFA00000
3FF332B47
000000000
0004B4D41
000228F5C
00030FBCE
000CF5C28
000C3D70A
0007D68B7
3FFC1CF30
00099999A
000ADD4AF
3FF75C290
000000000
3FFFDF09F
3FFA7AE14
000000000
3FFA7AE14
3FEF70A3D
000000000
000000000
3FFAF5C29
000000000
000000000
3FF11EB86
000000000
3FFE8F5C3
3FF533333
3FF8EAC3C
000000000
3FFA00000
000505C20
000000000
000DD2100
3FFD9999A
3FFF6428B
3FFEA156C
000000000
000FA718C
000000000
3FF9253BC
00052B39D
000000000
000000000
000E66666
000D901D9
000641F28
000000000
000000000
000000000
3FF75C290
3FFADC471
00031EB85
3FFE147AE
000000000
000BA4987
3FFA7AE15
000E13FC1
000000000
000258EDB
0005851EB
3FFA6A632
000000000
000000000
3FFEDBC85
000000000
0002A3D71
00031EB84
0003ED869
3FFC28F5E
000000000
000092DA1
000170A3D
00012437B
00022A789
0001AE148
3FFC28F5C
3FFD30B2F
3FFCA3D71
3FFECCCCD
3FFEABD6C
00035C28F
0004EF459
0001EB852
000000000
3FFECCCCD
000000000
0003921F1
3FF75C290
3FFE51EB8
000000000
3FFBC30E2
3FE5D70A4
3FFA7AE15
3FFECCCCD
3FFCD24C3
000000000
000000000
000000000
000000000
00079C19E
0004FCC4B
3FE9303A8
000C40762
000000000
3FFA53ED0
3FFDD70A4
3FF400000
3FFA4AE96
000000000
0001D38C6
0001F0071
000000000
3FFA6BE5C
3FFECCCCD
3FFC815E5
0002DCCC4
0004CCCCD
000E66667
000B47AE1
00095C28F
3FFCBECEF
3FFD30B2F
3FF79999A
3FF9AC130
3FF43D70A
3FFA855AE
3FFD30B2F
3FFECCCCD
3FF5EB852
0000556FD
3FF947AE1
3FF6B5D1A
000781221
3FFE147AE
000000000
3FFA2B760
3FFDD70A4
3FFECCCCD
3FFDF2022
000000000
000000000
3FFEDBC85
0001991AD
000000000
3FF9A1995
0009D70A4
3FFD6B248
00020DFDE
3FF6A3D71
000C00001
3FFEA156C
00035C290
000341311
00080500A
00031EB85
3FFFE8074
000963A9E
3FF71EB86
0001AE148
3FF90A3D7
3FF5EB851
00033235A
00015EA94
000000000
3FF9851EB
000D33333
3FF11EB84
00031EB85
000000000
0006167C6
0001AE148
0002E147B
3FF30A3D7
3FFBEB852
3FFC28F5C
000282E10
3FFC66666
0003A718C
3FFAA3584
3FFA3D70A
000000000
000000000
3FFBC00F1
000733333
000000000
3FFC66666
3FF3FFFFF
00050A3D7
000000000
000000000
000AC0D6C
0003D70A4
00091EB85
3FFECCCCD
000354AE7
3FFDED86A
00079F190
3FFE51EB8
3FF251EB8
3FFBEB852
3FF9851EB
3FFD9999A
3FF3851EB
3FFE66E53
0001D38C6
00046568D
0001991AD
0001C00F1
3FF8CCCCD
0000F5C29
00011E398
000000000
3FFECCCCD
3FFEDBC85
3FE8F5C29
000000000
3FF468E6B
000074E32
000000000
3FEF33333
3FFC66667
000170A3D
000000000
000000000
000000000
3FFE8F5C3
3FEBB6142
0008A3D71
00050A3D7
3FF6A3D70
3FFECCCCD
000000000
000133332
0002BD529
3FF7B6144
0005C28F6
3FFBEB852
0000A6575
3FFBAF90D
0008ACDAA
3FFAB851F
000000000
0004CB507
000AA15D2
000000000
00020DFDE
3FE922BB7
3FFE8F5C3
3FEF70A3E
0003D70A4
3FF7E60C1
3FE87AE14
000000000
3FFCE147A
3FDE8A551
000000000
000266666
0005851EC
3FE43973E
000282E0F
000828F5C
3FFAF5C29
3FD846D32
3FFCA3D71
00031EB85
0006D94E5
0000E3C80
000000000
3FFECCCCD
00003D70A
000A33F4A
3FFCA3D71
3FFECCCCD
00070640B
000000000
00015BAA3
000000000
3FFC66666
3FFCE147B
0008A25AB
000000000
000000000
0006AAD93
000941311
3FFDD70A4
3FFE8F5C3
000000000
3FFECCCCD
000DAE148
000000000
000DAE148
3FFE66E53
3FFACD4BA
000133333
0005929DE
00007AE15
000C6BE5C
000A4472E
000000000
3FF3C28F6
000BD30DA
3FFECCCCD
3FFDC2109
00083C730
000000000
000000000
3FEB99999
0007D68B7
000000000
0001EA08D
000000000
0000F5C29
000FF683F
3FFC28F5C
000F5C28F
3FFCCF4D2
000000000
3FFE147AE
3FED0A3D8
3FFD1EB85
00063D70C
3FFE51EB8
3FF9C28F6
000591218
0003A8952
0007991AD
000547AE1
0001AE148
000451EB8
3FFA1C7AA
000282E10
000682623
000266666
00062FF7F
0004FB41F
0000E9C63
0001DC89A
000000000
000BEE056
000493DDF
000B83A26
3FFE51EB8
3FF851EB8
00063D709
000000000
00038A9E1
000228F5C
000000000
3FF415001
3FFCA3D71
000DA09BC
00075BAA3
3FFB70A3D
0008CC4E0
00031EB85
000000000
000170A3D
3FFECCCCD
3FF9A31C0
3FFECCCCD
000133333
3FF28F5C2
0003BC126
000576233
3FF7AD109
3FF091DC6
00048F5C2
0001EB852
00047A627
000000000
000133333
00063D70A
3FF8CCCCC
0006B851F
0004FB41F
000000000
000571A7C
000000000
0001EB852
0001EB852
000000000
000000000
000000000
3FF7D70A5
0001EB852
3FF91C380
000BD30D9
3FEA007EC
000000000
3FFAD7CB9
3FFAF5C29
3FFDD70A4
0002576AE
000000000
0003D70A4
000000000
3FF1D70A4
3FFBBD100
0006A0592
000000000
000000000
3FF8CCCCD
3FF4B851F
3FFD5C28F
000866667
3FFDD70A4
00084E6DB
0001D38C6
3FFFA79DD
000000000
000000000
0002E147B
000000000
00035C28F
3FF5EB852
000363B04
000000000
00020DFDE
0000F5C29
000000000
00046568D
3FFE147AE
000000000
000000000
0001991AD
00035C28F
3FFEDBC85
000133333
0005EB0CC
000B70251
00035C28F
3FFCE147B
000000000
000000000
0009D70A3
3FFC58E74
000000000
00007AE15
000152ACE
0001EB852
3FFE51EB8
3FFF941A3
00018A1F6
000A2DF67
3FFD9999A
0005B094C
000AFCC4B
000B47AE2
000AA8D7B
000170A3D
0006A9566
000000000
000F41311
3FFE51EB8
3FFE8F5C3
000E0500B
00020DFDE
0005929DD
000000000
3FFD5C290
00080500B
00083375C
000000000
000000000
0004B7D32
000000000
0003E18A4
00007C641
000000000
00012437B
0004CCCCD
000FFC822
00050A3D7
3FFF941A4
00015EA94
3FFF0A3D7
0003D70A3
000000000
0001991AD
3FF8FB41F
0003CC90A
000133333
000000000
0002A3D70
000000000
3FF066666
0002486F7
000266666
3FEBB796E
000000000
000000000
000000000
0002F1C5F
0001991AD
000000000
000000000
0001AE147
000F1EB85
0003D70A4
3FF95FA6D
3FFC66666
3FEEF5C29
3FFF989C0
00052CB63
3FFE2DF66
0001AE148
3FE599999
000000000
0006F5C29
3FF8CCCCC
000000000
0007D38C6
3FFD1EB85
00052E390
000000000
3FDB74A6E
000BE2090
000000000
3FFD06BFA
3FFB70A3D
000000000
3FF88F5C3
3FEB45ACA
000000000
000DEB852
000D70A3E
000000000
0008AB5E6
000CF5C29
000000000
3FFAF5C29
000570251
000000000
0000B851F
00063BF44
0007BE98F
000000000
000846F33
3FF8FB421
3FF75C291
3FF6E147B
000000000
3FEDE800E
3FFCE147B
000000000
3FEBBF118
3FFE147AF
3FFD9999A
0006B851F
000000000
3FF5F47C0
000D25C0F
000000000
000000000
00081B7D0
3FFBAE148
0004566D6
3FF9851EC
000000000
000000000
000AF244B
00048F5C2
000133333
000000000
00031EB85
0000B851E
3FFBAE148
0002E147B
00067AE14
3FF9851EC
3FF947AE1
000710C0B
000547AE1
3FF9C28F5
3FFC0F7A4
3FFD1EB86
3FFD5C28F
000845706
0001D98A8
000000000
000000000
000000000
3FFFC28F6
00035C290
3FFAB851E
000000000
000B6A2D4
000000000
000000000
3FFFDF09F
000000000
000170A3D
000000000
00012437B
00007AE16
00015EA94
00064AEFC
000133333
000ACCCCE
3FDA8F42A
000000000
000000000
0001EB852
00035C28F
3FFDB7909
000E42714
000629F9B
0000F5C29
00039999A
00005CEA5
3FF9851EB
0001D38C6
3FF8B1CE9
3FFB1B3A8
3FFDF2022
000000000
000A51EB8
3FFEB1D4F
00052CB63
3FFDD70A4
3FF9851EB
0006F5C29
3FF9851EB
000000000
000000000
000000000
3FFECCCCD
000000000
00041BFBD
000000000
00050A3D7
000000000
3FFDD70A3
000000000
0006F5C29
3FFCA3DD9
3FFC28F5C
3FFE51EB8
000000000
3FFE51EB8
000000000
3FF71EB85
00014D8F2
3FF6E147B
3FFBFA80A
000000000
3FFD5C290
00067C641
000000000
000000000
3FF83CEB8
000000000
000000000
3FDB0A3D8
000000000
3FF757A72
000187204
0004CCCCD
000000000
000000000
3FFE8F5C3
000819FA4
000000000
000C7AE14
3FFBEB852
000000000
000000000
3FFE8F5C3
00056727C
000000000
3FF0E147B
000000000
3FFECCCCD
3FFC7B601
3FF72DB3E
3FFE2C73A
3FFDB7909
000000000
000000000
0005851EB
000000000
000000000
000000000
3FFF3CB7A
000185270
3FFECCCCD
3FFBCF0A9
000000000
000000000
000000000
000000000
000000000
00031EB85
3EDC1D9D6
000000000
3FFD1EB85
000000000
000000000
3FFF22361
000000000
000000000
000000000
000000000
000000000
3E1B4D6B5
000000000
3FD133334
000000000
3E2D1A875
0003DD086
000000000
000000000
3FFBAE148
3F7A4C9FE
000000000
3F9B9D8F8
000000000
000000000
000540338
000000000
000000000
0003BAF9D
000000000
000000000
000000000
3FD64E9D4
000000000
000A4F693
000000000
000000000
3FA2A13B4
0004BDC4B
000000000
3FBA967CD
000000000
000000000
3FDD0B243
0001AE148
000000000
3FEA2BF4D
3FE0EDE23
000000000
000000000
000000000
3FF43640C
000000000
000000000
3FFC66666
3EF9C26E7
000000000
000000000
000000000
000000000
000C586EE
3E48BD2E0
000000000
000000000
3F9FE677B
000000000
00060018E
00065A745
3FF71EBEB
0001D38C6
000228F5C
000000000
000000000
000000000
3FE9C1982
000000000
3EAC65825
000000000
000000000
000000000
000000000
3FFEB0523
000000000
000000000
00095BB8D
3FFEBAD23
000029F36
000000000
000000000
000000000
000000000
3F89D95DD
00093833D
000B9E8D6
000000000
3ECD6B7C3
3F1EC2A73
000000000
3F3BBD336
00067366C
000000000
000000000
000000000
000000000
000000000
3FF1DC6CA
000266FC1
000000000
000000000
000000000
000000000
3FFF851EB
3F8B33C71
3FF5A81CE
3F85D0F6E
000000000
00026C64A
0005C28F7
000000000
000000000
000000000
000000000
000000000
3FE02C73A
000000000
3F909B75E
000000000
3FFE8A69B
3FF313FC1
000000000
0009B7588
000000000
000000000
3F81CE455
3F8C86392
3FFE3CF1E
000000000
3FFAF1668
000000000
000000000
000000000
00009D5A1
3F8F744AC
000000000
000000000
000000000
000000000
000000000
000000000
3FD35D76C
000000000
000286742
000000000
000000000
3FA6FBA73
000000000
000000000
3F9D984E2
000000000
3FFFFFFFF
000000000
000000000
000000000
000000000
000474644
000000000
000F2ABB2
000000000
3FEB5C28F
000B851EB
000000000
3FF676E4A
000000000
000000000
3F3EA877D
000000000
000000000
000133333
000000000
000000000
3FF133B1E
3EA4146DD
3F54152BC
3FF6B14FC
3FEDFFFFF
000000000
000000000
000000000
3FFA9B160
0002C051A
000000000
3FFA805C3
000878287
3FFC4631C
3FEE023DC
000E3AF06
000000000
000000000
3F9A5E6CE
000000000
3FF1B0160
000000000
0001F2E05
000000000
00020A883
000000000
3FFFF1048
3FF947AE0
000000000
3FC7EC03F
3F962F709
3FF09E14F
3FFD92FB6
0003352E5
000000000
000000000
3FFAE1C17
000A23767
000000000
000000000
000000000
3FF8DA459
3FEBD70A4
000000000
3F5E40296
3FFE4DA82
00072BB8B
0006C753B
3FA753F0C
3FF617B63
3FFECCCCD
000000000
3FB558F04
000044F19
3FDBDE9DB
000000000
000000000
000082D67
000000000
3FF85C6B9
3FA5929DD
3FF001912
3FB91698A
000000000
0005732AA
000000000
000000000
3FB58D9D4
000000000
3FE428792
3FBEE39B2
000000000
000000000
3FDA30EF3
000000000
3FDDC812A
000000000
3FFECCCCD
000000000
000000000
000000000
3FF947AE1
3FFC66666
3FEF7219E
3FEB7414F
000000000
0002E147C
3F135A4CB
3FFE66E53
3FCC9657D
3FFC5E245
000000000
0007991AE
000147970
3FB9F2DFA
000000000
3FC12F367
000000000
3FF2095EF
000000000
000000000
000000000
0006915DA
3FA38A7E1
0001EB852
000000000
000000000
3FF59C19F
000000000
0003C80EB
000000000
3FD29AF4A
3F77968A1
3FEB9BA51
000EB13D2
3FF3851EB
3FFD2C378
000000000
3FFFF1048
3FCDC4B1D
000000000
000000000
3FFEC0BD4
000000000
3FBBE4830
3FFA1A5BF
3FF1FB62F
000000000
3FFC00853
000000000
000000000
000000000
3FFE51EB8
000FE8243
3FED2BE1A
3FC5AE149
000249EBD
000E66667
3FA5C8DE9
000000000
3FFDB7909
3F83EB852
0005851EB
3FD54DAC5
000000000
3FE70EB27
000000000
3FE79589A
3FE7C28F6
3FE67A5C4
000000000
000000000
3FE0046C9
3FF378611
000000000
3F967E658
3FCB8AC10
3FA41275B
0004CCCCD
000BC28F5
3FFBD98A6
0002E147B
3FFF783BD
3FFAE849D
3FEFAE148
000000000
3FAA0E9BA
000000000
3FB3AB156
000000000
000133333
000000000
000000000
000000000
3FE241EC1
000000000
3FCCF3424
000000000
000000000
0007EB852
000000000
3FFBE6A5D
000000000
3FED41AFF
3FD6C74D8
3FE72B337
000000000
3FF006702
000A977F6
3FEB2F302
000000000
000000000
3FF00C7B3
3FC1B9D49
000000000
3FDD38572
000000000
000000000
3F4B2E05E
000915BAF
000000000
000000000
3FE68F5C2
000000000
3FF293613
000000000
3FDA0E832
3F96C9871
3FF94DB2C
3FFF0A3D6
000000000
000000000
000000000
000000000
3FF2A1ADF
000000000
3FDB50A52
3FFBFB79B
000000000
3FDD211F2
3FFB0341D
000000000
000000000
0002E147B
3FFCAF337
3FEC12F81
000000000
000000000
3FF0CA294
000000000
000000000
000B971F9
000360B13
000000000
3FEBD70A4
3FFE8F5C3
3FF9989C0
3FDC92C6D
3FEB5B41F
000000000
000000000
000000000
000000000
000000000
000000000
3FB7DBFE4
000B59004
3FC70E2D2
000000000
3FB0DED9D
0005C28F7
3FF7908F8
3FB151400
000000000
000000000
000000000
000000000
3FEFC5E7B
00031EB85
3FFE42F01
000614833
3FEBF06C0
000000000
3FF6C350B
000000000
000000000
3FF842E34
3FFB77636
000000000
00003D70A
3FF2C9CDB
3FF5BA0A7
000133333
000A8F5C2
3F998AE9F
3FF05DBAC
000000000
3FF140763
3FD668C6C
000000000
000000000
3FE92867F
000000000
3FBCE4A5A
000000000
3FBE519FD
3FB0F47B7
000000000
000000000
3FD11F9C5
000000000
00080E044
3FA7C0666
3F79F8705
00075123F
000000000
00050A3D7
000000000
000000000
000000000
3FF7BF118
3FE132A14
000000000
3FDAAB91D
3FE442714
000000000
000000000
3FD2C94EF
000000000
3FFEF3B45
000000000
000000000
000F01763
000000000
3FF5DC836
3FE1851EA
000000000
3FF6C350B
000202018
000000000
0006AF994
000000000
000000000
3FF25771C
3FE182195
3FE1F7474
3F94B8521
000000000
3FF75C290
000000000
000000000
000000000
00073EE50
3FF8C5526
3FD6B2A44
000000000
3FEFB68E1
000000000
3FF4BA6A3
000C53ED1
3FFE15FDA
000000000
000000000
3FB65104A
3FF4DDC9D
0005C70AD
3FCA239C3
3FFFBA6C1
000000000
000000000
3FFA55696
3FEE5CDD5
000000000
3FDAAA351
3FFF44322
3FF6EF883
000000000
3FF6217B2
000404DD5
000000000
000CC5D11
000448E16
3FBD581F7
3FF11EB85
000000000
000000000
00093FB4C
000000000
000000000
000000000
3F948A858
3FEA7ECF8
3F0E057F5
0006B851E
000182473
3FE5579A5
000000000
3FF04B61B
3FFCA3D71
000600000
000000000
3FFAB851F
3FDABAD23
000000000
3FE14F289
3FFC636DB
000317376
000B0A3D7
3FFEDBC85
3FEC9FDA6
3FDB7609C
00010A909
000000000
3FF334307
3FA665C79
0008C94EE
3FBA28F5D
00081A00B
000000000
3FA1033B4
000000000
3FFBAE148
000000000
3FD500A3A
3FC90D9FA
000000000
000000000
3FCA8B5F8
000642ADA
3FD7FEF5A
000000000
0002E147B
000000000
0004EC467
3FA6EB41D
3FEEF969F
3FEBAAF1F
000000000
000000000
000000000
000000000
000000000
3FC48FE15
3F721AC10
000000000
3FDF6F9FE
000000000
3FA73B837
000000000
3FFC25F6B
000000000
3FCAE6C70
3FF5F9299
3FFDFC7B8
3FF67FDB9
3FE83D70A
3FCD24BCF
000000000
3FB9A3947
3FE7A53A9
000A80671
3FE4B3E4D
000000000
000B56A99
3FFF0BC03
000133333
00034A2E7
000000000
0000887FA
000000000
3F983CD1E
3FFB534F0
0001AE147
3FE2B558E
0001997FA
3FF8584D7
3F98EC077
000000000
000000000
3FFFAA96A
3FAB0D3C9
000000000
000000000
3FED23B8E
000000000
3F79A3386
3F9097D45
3FEB5C28E
3FFECCCCD
3FF7E0079
3FE099DC1
3FA2DFCB4
000000000
000000000
000000000
3FA4A1057
000228F5C
3FE476EB0
3FF4C5BDD
3F6A86E40
3FCB2D2EB
000000000
0001D38C6
000000000
3FE83D70B
000000000
000000000
000000000
3FBB25774
3FF376234
3FEA8F7EE
000B851EC
3FD07F633
000000000
3FFCCA1CB
3FBA7CE2C
000A643D9
0004230C6
000266666
000000000
000000000
000000000
3FE28F326
000000000
000000000
000000000
000000000
000000000
3FEF33333
3FF649D24
000000000
00025EE56
3F93F9DB8
3FFCFFC95
3FC241D69
3FF302C2E
3FFD42AD7
3FFE147AE
3EBF0AF04
000000000
000000000
000000000
3FFAF5C29
000000000
000000000
0001BCBEF
000000000
000C97721
3FFEB4DA8
3FD05212E
3F963960D
000DB5956
3FFAB851F
3FF9FFFFE
000000000
3FDDB9FDC
00091EB85
3FCE3570F
000083885
3FE9182E9
3FBB443C3
3FBC12DE9
000000000
000000000
000000000
000000000
3FE6058BD
3FF7D1128
3FC64CEAE
3FFB70A3E
000000000
000DAE5F4
00032F367
3FF251EB9
3F5B5D8AE
3FEE6EBD0
000107BD2
000733332
000000000
0007CD87C
3FBCF5BFB
0005E983A
3FFBD2099
000000000
000000000
3FFD99999
3FF39D177
000CF5C29
000000000
000740B26
000000000
000000000
000000000
000000000
3F7173A94
3FEA1FFEE
000F69A83
3FF199999
000000000
000000000
000000000
3FFC28F5D
3F8518A5F
000000000
000000000
000000000
3FFE12AD3
0006107E4
000000000
3FF503483
000000000
000000000
000F5C28F
000000000
3FF60C7B2
3FA24C489
000000000
3FEC54DDD
3FEF003C2
3FFEA156C
0001B2965
3FFE51EB8
000BFB7E2
0006B1DD4
3FE6F0D2E
3FBE28771
3FF5CC0B7
000000000
000000000
000F5C28F
3FA5B3749
000000000
000000000
000000000
3FFD17376
000000000
3FD0C1AAF
3FF6E1479
000E2BF4E
000000000
000000000
000399999
000000000
0003F3782
000D4FB42
3FFF32121
000000000
0000C753C
000000000
000000000
000B642F2
000000000
3FA43168C
000D30E29
000092CD4
00003D70C
000000000
000000000
3FC16E2A0
3FDA6DFBA
000000000
3FFC66DAA
3FE0BDCB0
000000000
000000000
3FFBEE844
00048F8FC
000000000
000000000
0003AE999
000000000
3FED0BC69
000000000
3F62B82A7
3FF6C31EC
000000000
3F6F00650
3FAF05233
3FE7EC5FE
3F7A49960
000000000
000000000
000000000
000000000
000000000
0002F6417
3FE310C0A
3FE21AB94
3FD6B45E3
3FFF761CE
000000000
3FFE147AE
000000000
3FF67561F
3FDE7C178
3FC6BC201
000000000
3FEDE983A
000000000
3FD36737D
000000000
3FBD5E175
3FFD7A1FE
3FF47C6A4
000000000
000000000
000000000
3FBE8CDBD
000000000
3FF1DE84D
3FE560B12
0003C80EC
3FFFA1995
000000000
3FF533333
3FBBA2909
0001781E5
000000000
3FF059DBF
000000000
000000000
3FE31841A
3FFB1E398
3FFD9F914
3FF5093FC
3FF425201
0008A559D
3FCF17A96
000829C38
3FE4260F8
3FE3A6BEE
3F9ABB178
3FE5C50FA
3FF9974B4
000000000
000000000
000000000
3FDB4C8DE
000000000
3FE6B4B4D
000000000
000000000
3FE1CCEF5
3FE82577E
3FB08F3CB
3FFD9999A
000000000
3FCC5DEA8
3FF2A2D99
3FF2DD4AF
000D6C287
0002EA450
3FFAE1A96
3FF0A0D82
3F698B1D0
00019F18E
0003849FF
000000000
3FFC5EEBD
3FEC71653
3FD332A58
3FC8C18AF
3FF185168
000000000
0004661DA
000000000
3FD251533
000000000
3FB1BD8A0
000A51EB9
3FF9C88D8
3F97F06C6
000000000
000C4C6C3
3FE428E8F
3FFD77B8C
000D58A49
000000000
3F4EDEE47
3FD59E9A5
000000000
3FDF1132B
000000000
000000000
3FF9941A4
000309BEA
000000000
3FDAE4CBF
000000000
000000000
0002AB57E
000B7CE2B
3FFA3D70A
00015EA94
3FF7E5DA1
0004FB3B8
3FCFA901C
3F98BFB04
3FE957285
000000000
000DE586E
0005AF693
0009FAFF6
000000000
3FF4AD0A3
0002A3D71
000000000
0002FF31E
3FE1E9388
0009644BA
3FD911D53
3FE7D2F40
000000000
3FFC02EB8
3FBDB7478
3FF85068D
000000000
000000000
3FB7849B5
000000000
000000000
000000000
3FE25C3AF
3FF77B9C5
3FA2C39BA
3FFEEC469
3FD470458
3FE783A26
000000000
000000000
3FFCC6563
000133333
000000000
3FF8CCCCC
000000000
000000000
3FF711393
00067964F
3FF337BEE
3FCF16DBE
3FC03F721
000000000
0003D0F2C
000326A35
000000000
0007DB0D5
000000000
3FFC7B601
3FF56324C
3FF6815E5
0000B9C80
3FCA2E754
000000000
3FFFD489F
000000000
000000000
000000000
0001AE148
3FF6E2CA7
3FFABEA77
3FE7C28F7
3FE2D410E
3FF3851EB
000000000
000000000
000000000
000000000
000000000
3FF9D18AE
000000000
3FFEB4D41
3FDEA5599
000000000
000000000
3FE8B9CE4
3FDF25C03
3F8CA834B
3FFE147AE
3F752E390
000A99DC2
000000000
3FD38A97C
000000000
0001F2FFB
3FD0ECABC
000152ACE
3FF400000
3FFFC28F5
000F287D3
3FFE3FF0F
000000000
3FFD6E239
0002B74DE
000000000
000B13345
0004087E8
000000000
000000000
000000000
3F7EEEA6D
3FECEC469
3FF8147AE
3FFAB851F
3FE2B23A3
0002228DB
3FFA5B547
3FEE38F54
3FD8E8CEF
3FF516168
0000F6CEC
3FFD9999A
3FFC85E01
000786460
000C1F734
3FFC50F63
3F77E709A
000000000
3FBACB161
000000000
0005AF697
3FFBAE148
3FD45AC8F
3FC4B54C7
000000000
3FE322B51
3FFB33333
3FFB76A21
3FF30F22D
3FA4C246C
3FC2F22B3
000000000
3FF85F644
000000000
3FB1F2873
000FA3C24
000457E99
3FF0EFEBA
3F8CE7B82
3FE59218B
000000000
3FF69C560
3FF0BBC31
000A147AE
3FDEAFA56
3FE916C51
000000000
00095F282
3FF1F8323
000000000
0002D0C99
00031EB85
000000000
000000000
3FC34331F
3FEDF074E
000000000
3FFDEC03E
3FF1EF030
000000000
3FD91E9EE
00057AA52
3FED90534
000733333
000000000
000000000
000000000
000000000
000000000
3FED9114A
000000000
3FAE28EF6
000000000
000000000
000000000
3FF6DCC5D
3F8642FB7
3FF3AC130
3FD7F17D1
3FF477D56
3FF30A3D6
3FD44D701
000BF367B
000000000
3FFC66666
000A3C7B5
0007033B5
3FC948EC2
000547AE2
3FFE147AD
000260BFA
000000000
000000000
0005FA086
000000000
3FF1A5961
000000000
000000000
3FB98C5C7
0007FD7FB
3FECCC499
000000000
000000000
3FF2CFC59
3FE8A1D5B
000000000
000000000
000000000
3FB08F5C3
000BEE056
000000000
000C7F9FF
3FE2B53FA
0009D70A4
000000000
3FF8147AE
000000000
3FF15C28F
000000000
00056D260
000228F5D
00055E2A7
3FF7AA117
3FAA85A96
000000000
3FA0721EC
000000000
3FE6EF458
3FFB70A3E
3F8D7F970
000000000
000000000
0003E4895
000A1D721
3FE0DA4C0
000000000
3FDE8887B
000000000
000000000
000000000
3FFF0A3D8
3FEC9CFA0
3F9BE29A0
000000000
3FFF73242
000000000
3FFCE147B
000000000
000000000
00052EFA5
3FFAF1472
000E54723
000547AE2
3FD989219
000000000
3FFB25B41
000000000
000000000
3FC5F980D
3FC482D7C
000000000
000C1D54E
000000000
000000000
0002B320D
3FEB1CD7C
000000000
3FD804A91
0002067D1
3FFB901D9
3FE922B4F
3FD83B288
000000000
3FEFB2965
3FE6B45F4
00055E2A7
3FEB3FA81
0002E3434
000000000
000000000
3FEFE87FB
3FD91D1C0
0002A3D71
3FE466667
3FCC6F6A1
000000000
000000000
3FCF30BB4
000000000
3FC938B2A
000000000
000000000
00072AFD9
3FF4ED86A
3FC5EE844
00031EB85
3FDCCD4B9
000133333
3FEF482CE
3FF1C68BF
3FFDC80EC
000C526A7
3FF973D5A
000A51EB9
3FF3851EB
000170A3D
3FB07EFD3
000000000
3FEDD30D9
3FFB7682D
000000000
3FFCBE268
3FE3FEF5A
3FF73235B
000C7665D
000000000
3FED6428A
000000000
000000000
000442F01
3FD2E764A
3FEDC28F6
000000000
3FD94CC3C
00085A705
000000000
000600000
3FE99F12B
000000000
000000000
3FDE79D71
000000000
000000000
3FDFC5093
3FFCCDCA6
3FEB7DFCE
3FF17B8F8
3FF9DBE55
3FF027731
0007ED07E
3F7E81ED9
000000000
000FAB9A8
3FFB25BA7
000000000
3FF251EB8
3FFC86823
3FF5E2818
3FC504665
000DD508B
000000000
00039C9F2
3FF1AD0A3
3FF964032
00030CBDC
3FFFB393E
3FFBE4043
3FDF17952
000903C07
000000000
3FFCA3D70
3FF1E18A5
000000000
000000000
000000000
00023A28D
3FF97AAB7
0001EB852
000000000
3FDFC7027
3FD9A7126
000000000
3FF751A8F
3FFDB227E
3FDEA3D70
000000000
000000000
3FEF13B98
3FD77090C
3FE70968D
000F172AF
3FF667DC6
000000000
3FEFF2F94
3FFD7D1F0
000000000
000000000
000673605
3FE3EB785
3FF182FDB
000000000
3FA0DC471
3FE7719B0
000000000
3FF676DE5
000000000
3FB4160DA
000000000
3FB1C372B
000000000
3FE99D966
3FF0D83DC
3FF935D89
3FF1789D3
000000000
3FFA5AAC9
3FFADE8B2
3FC9BC6AD
000000000
000000000
000000000
00063D70A
3FEA1BBAE
3FF10E33C
3FE02DF5F
000000000
3FD5DD875
3FF56324B
3FF14D4CB
0001A0CD7
0003AC1D6
3FFD5C28F
3FD904047
000000000
000434AF9
000000000
3FF214D23
3FF2C7654
3FEA2A723
000000000
000000000
3F9A2B761
000000000
3F9D26C89
3FB9D9910
3FFADACAB
000000000
0008E147B
000000000
3FDE86A79
00048F5C3
00051639D
000000000
3FEBE8F81
3FE904B14
3FF322364
000000000
000000000
3FFA765F7
3FFE8F5C3
3FE475938
3FDF7EA1C
00003D70A
000E4277D
0009A92AE
000000000
000216FB3
0001F9044
000000000
3FFBA4F7E
0004985FD
000000000
3FF608C10
0002A3D70
3FF903F4A
0004A5D89
0007FEE34
3FBA28DC4
3F8C41AAD
3FEF5242D
3FED4F2F0
000000000
00050A3D7
00048F5C3
00088EDD6
000000000
000000000
3FEBF7F38
3FFB6C286
3FDC958E6
3FF814747
000000000
00035887D
00015EA94
3FFDD70A4
000000000
000000000
0009CF142
3FC1CEF37
3FE3BB807
3FFB33333
3FDE42714
000000000
3FED1DBAE
000285E02
000000000
00067AE14
3FF462B04
3FF695969
000000000
000000000
3F9D02441
3FF1CF896
3FBF8719D
00050A3D7
3FC5517B3
3FAB31319
000000000
000000000
000FE482E
3FE8F5C28
000000000
3FFEE93AA
000000000
000000000
3FFA317A9
3FEFD1569
3FFB5B33A
3FFF9D178
000000000
0001DB06E
3FEC09EE0
000000000
3FE7E2090
000000000
3FD9699B9
00073339A
00027561F
3FE310BA7
3FFCF5B1F
3FFCB5D1A
3FC2F9B27
000E0CA43
3FFE2C0FD
3FF60F73C
3FAB877BB
3FDF5C28F
000000000
3FBBAF927
000000000
3FFD7D1F0
3F9CA8525
3FD2F08AC
3FD804FA5
000C1AF7F
000BC4122
3FFCCDCA6
000000000
000000000
3F96365B8
3FF753254
3FC64C7A5
3FFCC89A1
3FBB28CDC
3FF8A6235
000083885
3F3CD775F
3FE5113FA
000EEF374
000000000
000000000
3FF3582C4
3FE27D639
000000000
3FFFB51CC
0003DD4CF
3FF31938E
000B78675
000000000
3FC200FD8
3FE01E0E0
3FA37F5C4
00024FF4C
00035C28F
3FE171EC2
3FF61F7BA
000000000
3FF628F5B
000000000
3FFDF2022
000000000
000000000
000000000
3FF854CB8
000000000
000659172
0005EFB9E
00074E2B3
00040E7CD
00012437B
3FCE23768
000133333
000000000
3FF0D3CEF
3FF622F7A
3FF510BA7
000000000
3FFBC60D4
3F62E32FA
3FDF4715B
3FEF8A190
3FE9EB851
000000000
3FE635710
3FFFEE057
3FB4AA5E1
000DE709A
3FFA7DD3B
000000000
3FF68A5B9
3FFDD70A4
000000000
000692E07
000D33333
000000000
0001B0523
3FE8ABD28
3FF8B4D41
00012437B
0003D710B
000000000
3FB8F8C1A
3FDE5DBA2
3FE7A7593
000000000
000000000
000000000
000000000
3FAD045FF
3FFE057F5
000000000
3FCAC733B
3FD35C28F
3FFE32FC9
3FE82F81D
3FD153363
0000953D3
3FEF07DC5
000000000
3FE9DAFA2
3FB9F71D1
000000000
3FF75F2E7
3FEF9F12A
3FEA99F5F
000000000
3FF5EB850
000000000
000000000
3FDC23C32
000C3BF44
000000000
3FDA7AC62
000000000
000658687
00098F200
000000000
000000000
3FFD5C28F
000000000
3FF73FB4B
000000000
3FE703FA5
3F964861C
000170A3D
3FCAC13BF
00010C456
3FE0D5C3C
00083076C
000000000
0002486F7
000000000
3FE970A3A
000000000
3FD1AA53E
3FF70FBCC
3FF68EDD6
3FFC576AD
3FE7F26DC
3FFBB3708
000000000
000000000
3FC18347D
3FFCD0EA2
000000000
3FE88FDB0
000000000
3FF25A1AC
3FDC01FFA
000612010
3FF848C37
3FFE1773C
3FFC9358D
000E7F20A
3FFE1BFBE
3FCB4E17D
000000000
000401040
000000000
3FFCA3D71
3FDBECF2E
3FEC1BF57
3FD3AB10C
000000000
000000000
000000000
3FF669CF7
3FFC66667
00038D719
0003849FF
000000000
000000000
3FEDDEFD3
3FF5F475A
3FFA6BE5E
000000000
3FF76F997
3FFB422EB
000000000
3FE50C4DC
000000000
000000000
3FEC1FB5E
000000000
3FDF1EA53
3FD67D893
000000000
000000000
000000000
3FB36F71B
3FFFEE057
000000000
3FE5A4133
000000000
000000000
3FD9AB429
000170A3E
000000000
000000000
000000000
000000000
00010DC1D
3FFC58E74
000000000
000000000
3FFE0B7D9
000185270
3FC52FEF6
000000000
000442F00
3FFE66E53
000DCF10F
3FE9AD964
3FBB735FD
000000000
000000000
000000000
000F60B13
3FE91E2CD
000AC0D6E
000000000
000000000
000000000
000000000
3FF2955A5
000000000
3FFE51EB8
000000000
0006CECE5
3FAAC74B5
3FDB9BA19
3FFA00000
000000000
3F6B33332
000E40F4E
3FA86C382
3FEFB6827
000527FC5
3FC372249
3FFBA822C
00022BEEA
0002E446F
3FEA94229
000000000
000527925
3FB7BC00F
3FFE43411
3FFADB7F7
000291DC7
000000000
000000000
000000000
0001C490F
3FD58C995
3FFB7E03C
000000000
3FDE90EBB
3FFE29322
000000000
3FE8A1D59
000000000
000000000
00030D7F2
000810FD0
00012437B
000A8F5C4
3FF19999A
3FF52EB7D
3FFC79E97
3FE9A5045
000000000
3FD909BEB
000000000
3FFD42B3E
00082B657
000000000
3FEDC70AD
3FF6FE83C
000F9999A
3FFF32B47
000646D1B
0001EB852
000000000
000000000
000000000
00084E6DA
000000000
3FD3E90B4
000000000
000000000
000000000
3FF8AD850
000000000
3FFE057F6
000000000
000000000
000000000
3FF0FCC8B
3FEE387EA
3FDD3F291
3FFBCFF16
0006D7CBB
3FE1414BB
000000000
000000000
3FF80FF8E
3FFD9999A
000000000
3FD61C6DC
3FEA1E7C2
000000000
3F8955FBF
3FF47DE05
000000000
000E82E75
3FC643EDB
3FD60A866
3FCA84F62
000B0A3D7
000000000
3FD951A90
0002FE454
0005CEC3D
000000000
3FE8D86DE
000000000
000000000
3FF394E85
3FF1FE7B3
3FD8D6CE3
3FD8D4918
000000000
000000000
3FF8663CD
3FE685EE8
3FFA96F34
0002E147C
000000000
000000000
00031C80D
00037128E
000AABDD2
000274A08
000000000
000000000
3FED20AD2
000924B02
3FFF8B1CE
000000000
000000000
3FF066667
000828F5C
000000000
3FEA935F5
00014D8F2
3FE602805
3FF641987
3FD94B40C
000000000
3FC682C78
0007E586F
3FFE8F5C3
000000000
3FDEB0758
000005F4A
00001A5BF
000000000
000000000
000000000
3FE9C7E74
000000000
000000000
000000000
3FF3CC4E0
3FFECCCCD
3FDC5EB16
000000000
3FF2DBC85
0001AE147
000090A8E
3FE9FAF58
000000000
3FDA8F5C3
3FA8E1418
000556A99
000000000
000000000
3FFE51EB8
000000000
0005C28F6
3FF3C28F7
000228F5C
000000000
0000F2E2A
000000000
3FEE3D70A
000000000
3FDD28ACC
3FF26195A
000000000
3FD586A1A
000000000
000000000
3FEAA29F0
3FF959A8B
3FF738FB6
3FC8CCCCC
000000000
000000000
3FBDB808E
3FFDD70A4
00000903A
3FF82F72C
3F58BE862
3FFE8F5C3
3FF52456F
3FE37D80C
3FF7981D4
3FF9FA01E
000000000
3FC74E906
3FDB50A4E
000000000
000000000
3FF4B8520
000000000
3FE99A90B
000000000
000000000
000000000
3FEE455B4
3F853235A
0007B41F2
000000000
3FF729190
0004147AD
3FFE51EB8
000711758
3FE81EC50
00073339A
000000000
3FBC6BE30
3FC92C069
00009EAAB
000472394
3FDD25A0D
000694311
0003B9A96
0006B851F
3FE9F5F86
3FEA3AE9F
000115F74
3FE72454D
000921BDC
000000000
3FF8799AD
000000000
3FE65FCE5
3FFCDCC5D
000ACCCCB
3FFD083BF
00008CDBE
3FE67BDEE
000EF6608
3FF96BA33
0002BA537
3FCFE7AFB
3FF9F280F
3FFE3570F
3FF971A17
000000000
3FFE4AC84
3F960DF79
000000000
3FE720AD1
000000000
000000000
000810543
3FA6A8435
0003E3069
000000000
000000000
00018B69E
3FF1FDFE8
000000000
3FF95B3B1
000000000
3F98FBF61
000632FD6
0001237CB
000000000
000000000
0004FEA4E
3FFE0BA94
000000000
000000000
3FBF1A65F
000000000
000000000
3FE4B86CB
3FE5B4214
0008324A6
3FC5014E8
000849F22
000CC2D1B
3FF2CCCCD
3FFA86DD9
000000000
3FFC80077
000000000
000687A56
3F69CB8CA
3FD231D3D
000000000
3FD9CA52E
000000000
3FFE2C73A
000000000
3FE9B58F1
3FFD8C1A7
000F1A369
3FC803C48
000000000
3FF181DEF
000000000
3FA195A41
000000000
3FFABB511
000000000
0008408AC
000000000
3F9947AE0
0000B851F
3FEF72203
000000000
3FFBBD9F8
3FFB1BB73
000000000
000212478
3F71B19AF
000000000
000000000
000000000
3FEEF7457
0005C2C7A
000000000
3FFF70251
0000F2E2B
000000000
00095C291
000000000
3FD36C6EA
3FF309C11
000000000
000000000
000000000
000000000
3F9375287
000000000
0003B7909
000B0D430
3FFC2BD5C
3FD6904B0
000000000
3FF6A3D71
000000000
3FBBA14BB
000000000
000000000
3FD636A45
000000000
3FCCAEDFC
000000000
000000000
3FFA20F60
3FF67DA43
3FED851EC
00052522A
0000D349D
0002157EE
000000000
3FFEDBC85
3FFE6491B
3FFE66E53
3FCC7E5F2
000000000
000000000
000116B89
000194D76
3FE4C051B
3FF6B5D7E
000000000
3FC9AD9B8
000ACCCCC
3FFB8EA13
000000000
3FFC66666
000000000
000000000
3FE7FDB57
3FFCC2766
00030CE9A
3FEB9C797
000C84D5F
000AE35BF
000000000
000000000
3FE3CCFEA
0000D349D
3FDB592BE
0005AAAF7
0007B96EB
000000000
000B3D294
3FE208EA2
000A2DF67
0004CCCCD
000000000
3FB4C4246
3FFD083BF
000000000
00038A9E1
000000000
000194990
3FE229F9C
3FF34F869
000000000
3FF066666
000C2577F
000DEB851
3FFECCCCD
00035C290
000000000
3FE828C78
3FF338B2A
000000000
3FDACC944
000000000
000000000
3FB96C277
000023A41
3FEEB8520
000000000
000000000
0006B851F
00010868C
3FF88F5C2
000000000
000888DF2
000000000
3FF5744B4
3FF570A3D
3FF558B18
3FF0DB661
000000000
3FE92BB8B
000000000
000000000
000000000
000000000
3FFB25B3F
3FFACCBC3
000000000
000000000
3FFED5D05
00031EB85
3FDDA51D5
000770A3E
000000000
3FFB7226A
0002BD528
000000000
000000000
3FF1BA8FA
000000000
3FF86FE8D
3FC29560E
000170A3D
000000000
3FF86CE36
000000000
3FD89F680
000133333
3FFFE5FB6
3FD527797
3FFDF2022
000000000
000000000
000000000
000083812
3F823D773
0002CDCA6
000000000
3FF8C23E0
000000000
3FF95E0B2
3FBC29550
3FF3724A3
3FA536036
3FD41AD08
0008C051A
000000000
000000000
3FE70D10B
000000000
000316A1F
3FFBA8165
3FF80E830
000A9DCE8
00000481E
000AEC467
000000000
3FFB7EE45
3FF0826F8
000000000
3FE800000
3FCED59E7
0003FA9D2
0001EB852
000000000
3FF8C24CB
000000000
000B00EEE
000000000
3FEEF5C29
00050A3D8
3FF895D70
000000000
3FF17353E
3FF7C80EC
0002F9340
000000000
000031744
3FCD945CB
000000000
3FFCC7D2B
000000000
3FF2BAD8A
000909C51
000000000
3FFBEB852
000D1E3FF
3FF290D89
0005851EB
000000000
3FFEBDD15
000000000
000000000
3FF6A3D70
000000000
3FF38643A
00064C340
000000000
00020E680
3FD131B05
3FFC7A6F5
3FF27F92E
000000000
3FDBE0860
000000000
000000000
3FF763A38
000000000
000000000
00022BEEA
3FF1F5013
00000D858
3FEE6BE5C
3FE89A5B0
3FEC63E62
000000000
0002FAC9A
000000000
000000000
3FF4E3C7F
000ABF541
00082C078
000000000
3FFE8F5C3
000000000
3FEF03482
3FD8F4C50
000000000
000F33B85
000000000
3FFBEB852
000000000
3FF43D70B
3FEF7DFD9
3FD6FD49C
000438765
000000000
00000AD7A
000000000
000000000
3FCC56E75
000000000
3FEF49AFA
000000000
000000000
0002526C6
000193B88
3FFCA3D71
3FF460980
3FEB1EB86
3FF92E329
3FF24D634
3FAAEF459
000000000
000000000
3FFC3DEF6
00048F5C3
000000000
0008D850D
3FE225C6B
000EA3D72
3FFCA3D71
3FF91A7D1
0008576AE
000E3076B
0006BB63B
3FFB55AC0
3FD2B1054
000000000
0004CCCCD
000000000
000000000
000D632B2
3FD7EB341
0005A56C7
3FFEDBC85
000000000
000000000
3FF489A25
3FF8B94F7
000000000
000000000
000000000
3FF45E6D1
000000000
000000000
3FEFD4733
000FD2952
000731B6C
000000000
3FE065753
3FD32C378
3FDF49097
000000000
00014E317
0004147AF
3FEB09B84
3FDBB09B0
000AE6485
3FBC6C92E
000000000
0001BB938
3FFEEA08C
0003AB9AA
000000000
00063D70B
3FF2FB41E
000B9E9A4
3FFECFACB
0000C74D7
3FCBE3BFD
3FF5C2403
000324AA1
000000000
000000000
3FF1CC90B
3FFBEB851
3FE713A4A
3FEECA4C9
3FFB901D9
3F9DF35E9
3FF52456F
3FFCE147B
0002A0D7E
0001A3B40
000000000
0005B516A
000770A3D
3FF494631
3FC064E9F
0001991AD
000000000
000000000
3FDD4EA16
00030A4E1
3FFB19B7B
000000000
3FDDE2817
000000000
000B8B235
0009C8152
3FE83D70A
000000000
3FFF9F0A6
0005D3142
3FF07B601
000000000
000000000
3FD7BD0FE
3F6E10D92
000000000
000000000
3FD63EECF
3FF3D26B5
000000000
00048F751
3FFBBD101
000000000
3FFBEB852
0001D38C6
000000000
000000000
3FF2D59E5
3FD5851EC
3FD9C50FB
000000000
3FF384D3F
000000000
3FFC28F5B
0002C94EF
3FE337A20
3FF066666
000130535
000000000
0002A3D71
000000000
3FF19E0EA
3FE87AE14
3FFCCDCA6
3FB987004
000000000
000000000
3FFF62AC6
3FFA66AF3
0001A03E2
3FFC58E74
000000000
000000000
3FFC49EBE
3FFAEB428
0005103B9
3FF4D2ADE
000000000
3FFB8B9BC
000000000
000000000
3FF11EB85
00075567A
3FF04B61D
3FEFEB852
3FFF2A7EF
3F897C6CF
000000000
3FCB6FE26
3FE0B955E
000000000
000000000
3FF771229
3FCAF8C1C
000A34E19
3FF7D70A3
0004FEA4D
000000000
0004497E1
3FFB482CE
3FC45DF63
3FEFC30E2
00028A044
000000000
3FFB36837
3FFECCCCD
3FE815000
3F8B72C97
000000000
3FE1103B9
000000000
00093E320
00022BEEA
000C0D7F3
3FF4D03E3
3FE967ACF
000300C16
0006149C2
0003F9C79
000000000
000000000
3FEE27648
3FCF8C038
3FD97EA1C
3FF9C7113
000000000
000D3DB9A
3FF7B6143
000D9F190
3FBD534C4
3FF7EA687
3FF1EBFD8
3FDD561C2
000000000
000000000
000000000
3FF14EA9E
3FC3D4767
3FF8207DB
3FF7891B7
0000F5C29
000000000
3FEE412F6
000000000
3FFC5A708
3FCEC21AB
3FE23EE03
3FFC66666
3FEE4C6C2
3FEF09466
00077C10D
000C62E88
000000000
3FF640EE8
000000000
0006436EC
3FFA017C6
000000000
3FF1B41B0
3FF533334
000000000
000105ACE
3FDE9F489
3FFECCCCD
000000000
00012437B
000C2FF7E
000000000
000000000
00039E150
3FEBA7B49
000000000
0007EB851
3FF706878
000490DEF
3FF959C7B
3FDE3BD75
3FE1252EE
000000000
000000000
3FF0E98A0
3FF60BB9D
3FE7A87E0
000000000
000000000
000A1BFBD
000000000
3FF72333C
0002396D9
3FC052EFA
00020DFDE
00072EB7C
000000000
000000000
3FDC376C2
000000000
3FFA246BA
000000000
000000000
3FFFD7128
3FC8A609E
3FB57501E
3FB84C6C1
000000000
000000000
0008B45BA
0007D7BD3
00035FD3B
000291150
000000000
3FF2B7CCC
00037BA2A
000000000
000000000
000776959
3FD6F140D
3FF4B851F
00068E586
000000000
000000000
000000000
3FE34DAE5
000000000
3FF5D807D
000000000
3FFABFCC7
0004D64D2
3FF7C50FB
3FE4A2D0F
3FFF38B2A
000000000
3FE4E73F8
3FF4CE133
000000000
000000000
3FDE57CE3
000C3D70B
3FEF76E69
000000000
000000000
3FFF2E773
000984A64
3FF067E2C
000000000
3FF71EB85
000000000
3FF200F73
00001CE49
000000000
3FE9BB425
000000000
3FFA41F28
3FDF63A9E
000000000
3FF757AD8
0001A5173
3FD415E41
3FFFC28F6
3FF24D634
3FE021FA0
000F79851
000000000
3FF3EE056
00030A4E1
000000000
3FFFC28F6
000000000
0003797DD
000000000
0005B393D
3FF5C90C6
3FFEDBC85
000000000
000000000
3FFA35EFA
3FE80481D
0008FC3FA
3FFD0CBDC
0007622B4
3FD272FEB
3FE5DFFAC
000EED4A8
3FFC28F5C
3FF7C7921
000F54B49
000000000
0004147AE
3FD3F2918
000866667
3FFA78728
0006E0C8E
000000000
000000000
3FF74D2D7
0006DDC9C
3FE038700
000000000
000133333
000000000
3FFBAE148
3FE7FD071
00056DD49
000000000
3FFF959CF
3FFC28F5C
00068E5EA
3FE341C4B
3FFC66666
000D72269
3FFBE2CC7
3FE08F5C3
3FB10B8CF
3FFA90B53
000000000
0003C50FA
3FF1F944A
3FFAC74D8
000770A3F
3FEF872C8
000000000
0001CC11D
000000000
000FB54B1
3FD6E3C7F
3FB0F954A
3FF80A524
3FF88F5C3
000071E3F
3FE5C97E9
000000000
000000000
000584D41
000000000
0003B115A
3FFD63A9F
3FDCA8698
3FD75BAA3
000000000
000000000
000737B50
000000000
3FDCB6CF2
000000000
3FF30A3D7
3FF62B6BB
000E127FB
000000000
3FF507BD3
3FFE147AE
3FDF1D358
000000000
000B35B37
3FE3D807E
3FEFEB853
0009174E4
3FF73B83F
000DBF221
0002F3424
000000000
000000000
3FFBCBF2D
0008247A4
0008A9C8B
00010CCE5
000FE190A
3FF7047B8
000000000
000000000
3FF19999A
000643755
000000000
000000000
3FBA623B2
3FF24F0BA
3FF891552
3FF5E7BE5
3FDE8157E
000000000
000B6F8F4
3FF7AD109
00039C10E
000000000
000B9E9A4
3FF400001
000000000
000000000
00040E7CB
0002AE572
3FF5BD100
3FE466666
3FEBEB748
000EE147A
000000000
3FE7504D7
3FF30A3D5
000D7CDEF
000000000
0005D30D8
0003100DE
3FF0F3423
3FF2A2D98
3FC8D2CB1
3FF645704
3FECDD44A
000000000
3FFA2314C
3FFEDBC85
000DF95BC
3FFE9A7E2
000000000
3FF676E48
3FF8E87FB
3FD1F629F
000CC8D02
3FF23C814
3FFEEB920
000000000
3FFA3D70B
00037BD4A
000487E7F
3F7677A26
00038A9E1
3FFCF4C50
3FCE4166F
000000000
00026DE75
3FFECCCCD
3FF347AE2
000000000
000000000
3FF0890A9
000170A3E
000000000
0003B6142
3FFCD71F3
3FFCB5D19
0004147AE
3FFE40102
3FD7C90C5
3FC6DA597
3FB5F54C1
3FF0E147C
3FE5DD086
3FA63F49B
000A45E8C
3FF7578DF
3FFABE5C7
0000DF4C8
3FE0CFC58
3FEB4D2D8
3FFE29749
3FF5F5504
3FF79C98A
000CEE548
000000000
000000000
00068011B
000000000
3FC057710
3FDBDBB98
3FF77EA81
3FF8C0CA0
3FF5CF0A8
3FE0BB871
3FF38736F
3FF90A3D8
3FFDF2022
3FFE147AF
000000000
3FE619D06
3FE2DD464
3FFDA8952
000D8D24C
3FF7CA913
3FF616FB4
000000000
0001732C8
3FFCA65F5
000000000
3FE42E7D2
00065EF63
000550B1B
3FD1AE149
000000000
3FF65ED32
000555E83
3FE015FDA
3FEFE9477
000451EB7
3FFAF5C29
3FFAF5C29
00003D70B
3FCFF5C39
000E5BECD
3FFAE3C7F
000000000
000AA45C3
000000000
3FFD6E239
3FF50DBB6
000000000
000000000
0007EA08C
0003C50FC
3FED5C2AE
0004CB507
00022BEEA
00010868C
3FECD2862
000000000
3FFEA5115
3FFB2138B
3FF66C64A
3FE6623FD
3FFF7A02D
000000000
3FFECCCCD
000000000
3FF797367
000000000
000B7E080
0003BF118
3FF643EDA
3FF21A08E
000000000
3FF066667
0003B9190
0003C9918
000CAC559
000535AD4
3FF261062
000000000
000000000
3FEF04603
000000000
3FF81EE1F
000017ADD
000A5075B
00058C86E
3FF0A74C9
3FEE7AE16
3FE572924
000000000
3FFEA156C
00007AE14
3FFB7525A
3FE67ED13
3FFECCCCB
3FFA2246C
00047A627
000000000
000000000
3FFDB7909
000F97110
3FA0786A0
3FDEA3D71
000000000
3FD53B1B7
3FE2C2106
000000000
000000000
000739317
000000000
3FF769A1B
000834F87
3FF386A18
3FF287DB4
000000000
000D84212
000000000
3FF9B3CC0
3FFC08D9F
3FFEC7D48
00099999A
000B5ECCA
3FFB5D268
0006B851F
0007AE148
000000000
0005D00E8
00002278C
3FA16E5FC
000F24B68
3FF1EF030
00041E71A
000F7421B
000040695
3FE5169B8
000000000
3FFC589C9
0006C4E9D
000F7A264
00024CEAF
000B32B47
000000000
000000000
000000000
3FF7CA782
3FCCCC8C6
000000000
000266667
0002067D0
000000000
3FFE51EB8
3FFDE0078
3FFCC94EE
000A39908
000000000
0000FA447
00002B761
3FEB1A36A
00089F5BA
000291DC7
000000000
3FF79999A
000A74644
3FF8F842E
0001DA907
3FD58F02B
000847D9E
000170A3D
0007DA8A2
000000000
000000000
3FFD0656E
000000000
3FF9941A3
3FFBCFE4D
3FFA3D70A
3FFF6479D
000000000
000D2437B
000000000
0004566D5
000000000
3FEAA3D71
0007E3DEE
3FEDAF121
000059EB4
3FF0B2D29
0002A3D6E
3FD72B9F1
3FF9CB6D6
000000000
000000000
3FFF1DBAC
000DFCF68
0002E147C
3FFF2D61C
00075CFAF
3FFA4C6C3
3FC286F9C
3FD500A3C
3FEDAC12F
000000000
0006B851E
3FF5D807E
000133333
000161A85
3FF8390BD
3FFA55696
3FF67E5F3
000000000
3FF057716
00063D70B
0004CCCCD
3FFCB692E
3FBE136A2
3FE5EBFD7
00014D8F2
3FFEC245A
0002C94F0
3FD582061
000A8F5C3
3FF5679A2
3FF75C28F
000000000
3FF13833E
000000000
000000000
3FF851EB8
3FFEB270E
00088463C
000000000
000000000
000000000
00013D4A9
3FED47AE2
3FEB30F75
3FF3FD072
0002D0C97
3FF7402B4
000215BC3
000000000
3FECBD73C
3FE67FF82
000000000
000000000
3FF22DB7E
000EFAC33
3FF30A3D8
3FF8F53D7
3FFEF43B2
0000F5C2A
3FEE017C7
3FFE42F01
0007E8CA9
3FE9C3016
3FFFC5884
00012437B
000000000
3FDDA5F7A
000710C0C
000170A3D
000266665
3FFFF1048
000E08C11
3FF0C6497
3FFD1EB85
000AB3514
3FFD9C798
0007070CF
000000000
3FF649EBE
000000000
000000000
3FFEE6484
3FFEEC469
00067AE15
3FFD1F98F
3FFDE190B
00079F190
3FEE70615
3FE4B5D19
000000000
3FF877636
3FE6CCCCC
0003911EE
00095C290
0001991AD
3FF43D70B
000000000
0004147AE
3FFFC774D
3FE8A7CD6
00028A620
3FFF36B33
000000000
3FFA7E379
000000000
3FF052EF7
3FEFB1713
000000000
000000000
000000000
000000000
3FFD5C28F
3FFF8A651
00007AE15
0002E446C
0001AE148
000000000
000761A86
3FFECCCCC
000000000
000000000
3FF4B8520
0005D01BD
3FC90B99C
3FFF50AB7
3FF093CF5
000000000
3FF26CE37
000228F5C
3FFE1F13B
3FFD5DA54
000000000
3FE236151
00099999A
3FF6B5998
3FFECCCCD
0001FF028
00002E752
000000000
000000000
3FCD0F658
3FD8DF1CA
00090FC33
3FF251EB9
0001AE148
3FF628F5C
3FF7E7821
0001AE148
3FF8FCBE5
000000000
00031B683
000000000
000460E70
000133333
0000526A6
3FE324313
000000000
3FF8BAD22
000000000
3FF5ADE29
000000000
000000000
3FF46A565
3FCFB621C
0002A8527
0000F5C29
3FFE8F5C3
0002A7AA3
3FFD609E0
3FF42CF8E
3FEF49A94
00015EA94
3FFDF30E4
000000000
3FFD18BA3
000000000
3FE2123F1
3FF82BD15
0009103FD
3FE5788A5
000000000
3FF62DE7B
0004EC468
000000000
3F91D6DD9
3FEF35260
3FAF9C605
3FE9E40A9
000330B2F
3FE67EDDF
3FDDEB852
0000893AB
000000000
3FEF0ABC6
3FEE98749
3FFECCCCD
000371C50
0001153C4
000535B38
0008D24C2
0008F0497
000187204
0001AE148
000000000
3FFE20775
000830003
3FC792BA2
000000000
3FFA1077D
3FECDE3E3
0008547E9
000000000
3FF3E1FC4
000000000
3FFDEE47F
000000000
000000000
000000000
3FEE6ED83
3FCDE4639
3FF298531
000ABAD8A
000266665
3FF1D70A3
3FF90A3D7
000000000
000000000
000451EB7
000000000
3FFC28F5C
000000000
3FFD5C28F
0006E3C7F
3FF0E147B
000000000
000000000
0007AF20C
000000000
000000000
000000000
0004DD9C0
000000000
00006C55F
3FCE864C1
000BDC114
000000000
000000000
00014CFFC
0001512A2
000B70251
3FF1B7587
3FD3801E1
00017E741
000A1C023
3FD8D0C98
000573242
000000000
000000000
000000000
000000000
000000000
000000000
3FBA07F88
3FF4A1D58
000000000
00088EDD7
3FF6695F2
0004B0589
3FFFDC0AE
3FFCB2D29
0006C74D8
3FFBAE148
000000000
3FF923B8F
000000000
00054631A
000BD60CB
000000000
3FF651731
000000000
000544B55
3FFC3F722
3FEE3D70B
000000000
0005FFFFF
0008E147B
3FFE51EB8
3FFAB851F
3FDBC87A6
0005978FE
3FEF33333
3FF17122A
000000000
000000000
3FD9536FE
3FFC8D612
3FFC8CEA6
000000000
3FFBAE148
0006FA446
0000F5C29
000000000
3FCFEC82B
000000000
000600001
0004A45C2
3FFB70A3D
3FFA939B5
000000000
3FCABE3D0
3FF094DB8
000B73435
3FFEB270E
000000000
000000000
3FF736B11
000EB44F5
3FF0E5C32
00041A029
000000000
3FFBAC981
000538B29
3FD6915DA
0003D70A4
0002A3D70
3FFE81DD0
3FFD8316E
00046269C
000000000
3FEC74AEC
00055E7B9
3FF1292BA
3FFD0E408
3FF90A3D7
3FEC0585D
3FCDB4915
000000000
0005B692F
0007FD861
3FFE51EB8
000000000
000649735
3FEF7C8D0
000000000
3FFA38EED
000000000
0003BF117
3FFDEFE37
3FFAB851F
000EA9DBA
3FF8147AE
00013D4A9
000000000
3FFAF5C29
0000CD457
3FFECCCCD
000000000
3F957CACB
3F815E30F
000EE147B
000000000
000000000
3FFA7AE15
3FF64177A
00038F133
00030CBDC
3FF65BA81
000AF78CD
3FF99413D
3FEEFA37A
3FEB6863C
3FF76B247
000000000
000000000
000000000
000857716
3FFB70A3C
000575B31
0003C634B
0000B851F
00047D619
3FF56F279
3FDBAC8FC
3FFB04C46
0008FC45F
000000000
3FF6935F6
000000000
3FFFA4987
3FFAC74D7
3FFDBD8EC
3FED54A9F
000000000
000000000
3FFDF4DBD
3FFD65DAE
0003B6142
00067067B
000E752D5
3FFEA156C
000000000
3FFF73242
3FE7E1C45
000000000
3FFE147AE
000AA349E
000000000
000451B36
3FFD9999A
000527E36
3FE77F1A4
3FF9402D2
00005958E
0002E147A
3FF4BE691
3FE2B851F
000000000
00029F326
0006F5C28
3FFF62A5E
3FCB7C8D2
000000000
0002A3D6F
3FFE51EB8
00077F4E5
000000000
3FED6727C
00014B2BF
3FD340EC2
00031EB85
3FF3B393F
00053EF57
3FF753255
00077F4E4
000105BDA
3FFCA3D71
3FF235E76
0003D70A3
3FC1E482F
00038D719
000000000
000828F5C
00003D70A
000000000
3FFC127FC
0004147AE
3FFEEA08C
3FF1B60DE
0005C3639
3FEB5AB25
000547DF2
3FF2EFE15
3FF074620
3FFC28F5C
000133333
3FFC2FAF0
3FE5CF8FB
0005D2B6F
000000000
3FD6316DF
0003203B1
3FFDB7909
3FF0A3D71
0006A3584
3FF90A3D7
3FAC60014
000000000
3FFC28F5C
3FFE277B5
3FFA5694B
3FBBFA310
0002BD529
3FE2D94E6
000000000
3FFEA8D7B
000635FC3
000349FC7
3FF02AE89
3FD380948
0005851EB
000000000
000000000
000115F74
0004DA4BF
000000000
000000000
3FC101A83
000000000
3FFDF789D
3FF63DEF8
000816FB3
00034D2D7
00010CBBB
3FF7831D4
3FFD8BBCF
3FF824C11
3FFCF3423
000941E5D
0004CCCCD
3FF489DCC
3FDEA3D71
3FEEB3D69
3FFE296A7
000000000
000FD70A5
00039999A
3FF340A7D
0002AE50A
000000000
3FDF1D358
3FD33F443
000657D30
3FF78D96D
0002CF4D1
3FF45B613
000000000
3FFD4E7E2
000000000
00091EB85
000000000
3FEFAE149
3FFE43411
3FFEB7D32
000000000
00015EA94
000DB8947
3FFD64E1A
3FF88F5C3
000000000
3FF19999A
000000000
3FFFB393E
000000000
000000000
3FF4DF463
00097122B
000B016BD
000107B6E
3FFDCBF53
3FBD4306C
3FFD083BF
000C6E622
3FFB14B92
0004CCCCC
000AA45C3
000306048
3FBFE6E36
000000000
000000000
00066BE5B
3FFE1B598
000000000
000000000
00047A117
000000000
0009B2BCD
000000000
3FF9B094D
000B8B235
3FF9E3856
0006107E5
000000000
000000000
3FDCA1C8E
0004E14FF
3FF9851EC
000282E0F
3FED5BF2E
3FEB4BAAC
00014D8F2
3FF851EB8
000065E79
000000000
000C3D70A
00040D006
3FF5AE148
3FFD3833D
3FFDFA7D5
000000000
3FD6C7472
3FFBEB852
3FFD3534B
000D99468
000083B2F
3FCFF2743
3FF4F4BCC
0007A51D9
3FFF69711
3FF8147AE
3FFE21FA0
3FFC49EBE
000F8A9E2
000133333
3FF87A629
000170A3D
00079D9CA
000000000
000000000
3FFD54A80
000CB851E
3FF80B906
000871A7C
00065B679
3FFD00C16
0002DFBEA
3FFBFA809
3FFB452DD
000C7B6A6
3FECB4578
000000000
0000B3D01
000000000
000C56EC4
000000000
000000000
3FFACC7DD
000000000
000D69294
3FAFE370E
000DEB852
000C3778F
000133333
000000000
3FFE43411
3FF75C28F
3FEEE83D1
3FFCA3D71
000000000
3FDB81459
3FEFCF10F
0006EB490
3FC64E802
000849F23
3FE57A1FF
000000000
000000000
00021F8E8
3FFF35B38
3F9B6FA9E
3FF0F7CE2
000000000
3FE68053F
0002EECD4
3FFD9999A
000000000
3FB3ED19A
0000659DB
3FFA11E1B
3FEC51EB9
000000000
000000000
000000000
00037421C
000000000
3FF1AC74A
000238250
0000C772C
3FE4C99FD
3FF803FCA
3FF344B52
000E43F40
000000000
3FFFEE057
000000000
000000000
3FFD62273
000341311
000000000
000A446C6
00071FBC5
3FF9D489F
00004C6C2
000000000
000F1EB84
3FF5BA0A8
0001C30E2
0005BFAF7
000000000
0001EB853
3FEB7D1F0
000000000
3FEB151F3
000000000
3FC70D84C
000000000
000000000
3FFB33E80
000451EB8
000000000
000115F74
000000001
3FF666666
000000000
0007549CC
0000981D4
3FFEAD532
3FFCA3D71
0003E18A4
3FED68975
3FEBA29D3
00048F5C2
000629066
000000000
3FFD1EB85
000CE99BF
000F2B9BA
3FFCBE1A1
000ABAD24
0002D2B63
00031EB85
3FFEB7D32
000000000
3FFFB8238
0005522E0
000C1981F
3FFC88D37
0003B31B8
000000000
3FFECCCCD
3FFE48B31
3FDCF8C1C
0002FA098
3FF9A63D8
000133333
000000000
00060780F
000000000
000000000
0002F9340
000000000
0001F967D
3FF616B02
0003F085C
3FFBAE147
3FFE625D2
3FFE147AE
000313106
00012437B
3FFE3E428
0004FB41F
0002707DC
0007D68B8
000451EB8
3FFE147AE
3FEF58A4B
000000000
000000000
000231F32
000000000
000AE6485
000F6BA2B
00034404E
000000000
000000000
3FE78CD13
000000000
000000000
000000000
3FFCDFC4D
3FFB1E398
000170A3D
3FAB70251
3FFF0A3D7
000000000
000333A58
3FB7759FE
3FD6B9CE4
3FF566EB9
000000000
0003D70A3
3FFBE8FC9
000000000
0002E147B
000000000
000000000
000000000
3FF00C55A
000731B6D
000000000
000000000
000451EB8
000000000
0006E6C71
000000000
000000000
000000000
3FF8859D8
000000000
3FF70FC33
000000000
0004E3493
3FFEFB41F
3FF88DDFD
3FE4546BC
000910039
3FFF9E0AB
0005C28F6
000ACCCCC
000000000
3FB9C69C5
000000000
3FF251EB8
3FFB75E0D
000851730
000000000
000000000
3FF266559
000000000
00058AAC5
3FF5EB852
0002A3D70
0001951C2
000000000
3FFE1BA4A
3FF347AE1
000000000
3FE43131C
3FFC6AE1D
3FF2C6260
000000000
3FF7F70D1
3FDBF0ACE
3FF4A0A40
3FFC4843B
000000000
3FFD7D1F1
3FFA855AF
3FFBAE148
3FEE00001
0008DCCC4
3FF8177A0
0004ED018
000674281
000B2D7DE
3FEEB851E
3FA8CAE1C
3FF99D87C
000000000
000000000
3FF6F6415
3FF7759E1
000000000
000463E62
3FFF20B9D
3FEB39A36
000709142
3FFDD70A4
3FF718B3D
3FF9B87FA
3FFBE4043
0002097C1
3FF75E8BF
3FF33E658
3FFC85186
3FF03F657
3FFEDBC85
3FF32F0CA
0005B5169
3FFE66E53
00036DAC3
3FFE8F5C3
000808062
3FE712F62
000000000
3FF88F5C3
3FFF64462
000000000
00015EA94
000600000
3FEF9010C
3FE9CB507
3FF985952
3FF30A3D7
000000000
3FFD6E239
3FF827F1E
0005A61B2
3FF815107
3FE938765
000000000
3FFA00000
000000000
0004B0588
000000000
000000000
3FFBFBFCF
0001EB852
3FF7729EF
3FFA26335
000000000
000659C83
000000000
3FC96A270
3FD845705
3FF18A9E2
000000000
0005C28F5
000000000
000000000
3FED851EB
0003A11A9
3FFA4AE96
3FF3A4987
3FFA3D70A
000F27458
0008C004F
3FF491574
3FF961233
3FFB8D1E7
000000000
000228F5C
3FEA64EA1
000000000
3FF4C984E
3FFAAA68E
00018B3F4
000000000
000000000
000000000
00001F79B
0002E8C8A
3FFBE4043
3FF3C28F6
3FDE186AA
3FFCF6416
3FFE66E53
000000000
000000000
3FFDD4116
3FFC58E74
3FFDAB8DB
000000000
3FE13AEFF
000000000
0009E4895
3FF1E605C
3FFAE4DA6
00077E230
00003D70A
0002E147A
0001AE148
3FF570A3E
3FFBAE148
3FD2C8490
0001A8164
3FF7EBFD8
3FE770250
3FFECCCCD
000000000
3FDD0640D
3FF64894C
3FF6695F2
3FE7FA597
3FF3E76B5
3FF2B4B7F
000207F94
3FFE147AE
000000000
3FFD9999A
000000000
000193164
3FF65063C
0002008D1
000000000
3FF263E62
000000000
3FFC20625
000387BE2
000000000
3FF9CD090
3FFECCCCD
3FFB46AA2
3FFDFE04E
3FFA3D70A
000523B8F
3FFAF5C28
000427B38
0006F5C28
000000000
0005CA105
0007DE0C7
3FFD6B248
000072584
3FFFC28F6
3FF2CCCCD
0002E147A
0008E147C
0003BC126
000C38F53
3FFE8F5C3
3FF41F092
0005A4986
000A36FA1
3FFC58E75
3FFFA614C
00088164A
000011FAA
3FFE8F5C3
3FF97DA41
000000000
000000000
3FF7B00F9
00035C28E
3FFF0A3D6
3FFF585AC
000170A3D
3FFCB5D1A
3FFA1077D
000000000
3FF57F98F
3FFF76234
000000000
000000000
3FFE446C7
3FFA7AE14
3FF8057F7
000000000
3FFB803B4
3FF718B3C
3FF64E60D
3FFEA156C
000000000
000000000
000000000
3FE716FB2
3FFB829E7
3FFFEE057
00084E6DA
3FF545276
3FFE43411
000E9C5C8
000BC28F5
000008FD5
0003B6142
000000000
3FF18914F
3FF1E90B2
000185270
3FEE31678
3FE8A4CE3
3FFF47AE2
3FF30A3D7
3FFE3FF75
000000000
3FF83CEB8
000000000
000638F53
000000000
3FE6155B2
000133333
3FED32AE0
000000000
3FE1161AD
3FF1FC823
000000000
3FF73BF45
3FF709BEB
000A44794
000000000
000E07C78
00007AE14
00080DFDF
3FFD42AD7
3FF618779
000000000
000000000
00020DFDE
00010868C
3FFF47AE2
0002E5C97
0007FF405
3FFF552D3
000133333
3FFBB7D31
3FFE8F5C3
3FFB991AD
3FFFC28F5
00010C3EF
3FFBBBA5E
3FFE2C73A
0003C98B1
3FF88F5C3
3FFEA156C
3FFC28F5C
3FF7409B5
3FFEE6936
3FFDD70A4
3FFCA1995
000C00000
3FFEA156C
3FF05857E
3FE7C057A
000000000
3FFE2C73A
3FFC3DEF7
3FFEDBC85
3FCD9DA4D
3FFC28F5C
000000000
00047AD8F
3FF7C08DE
000000000
000B582C5
3FFE66E53
3FEA8E1BC
3FEBDE07E
0003879F0
3FFCF5B1F
3FF600FBA
0002A3D70
3FE943BDD
3FF82C73B
000000000
000000000
000000000
3FFEF3C11
00062B761
3FF108D7E
3FDFEFB18
000000000
3FFEA156C
3FEED822F
3FF75C28F
3FEDF88B8
3FED628D1
3FFEA156C
000370AC2
3FFC62264
0001AE148
3FF8EC401
000000000
000282E10
000000000
000000000
3FFB54294
000000000
000000000
000133333
0002576AE
3FFEA156C
000266666
3FE43BC46
3FF765196
3FF93131C
3FE549EFE
3FEA03713
000593C93
3FE388325
000170A3D
3FFD7D1F1
000000000
3FFBFD171
3FFB583AC
000000000
0003D70A4
3FFFC28F6
0004AA5A7
0004CCCCD
00012A7A9
3FFB5E8A2
3FE513FA0
3FF9D6064
00038A9E1
000000000
000399999
3FFD8B5F8
3FEAA14E7
3FFA1077D
3FF545276
3FFE66E53
000000000
3FFC067D0
0003D70A4
3FF916463
3FF88E2A7
000000000
000000000
000451EB8
3FF3FC32F
3FFA40EC7
3FED9E4F4
3FBEEF221
3FFBAE147
3EEAC5D29
3FFC7841D
3FF4A7D3C
3FFEDBC85
3FF337298
000758AB1
3FFEDBC85
000000000
3FFEA156C
3FFD6FA64
000436388
000000000
000000000
3FE339632
3FA0C1225
0005851EC
000000000
3FE37CA04
000000000
0008E74C5
000000000
3FFEDBC85
3FF58EAEE
000000000
3FFC9358D
000000000
0003C80EB
000000000
3FFD75A48
000000000
00055AB64
000000000
000000000
000000000
000000000
3FE3961BE
000000000
000000000
000000000
3FFDA8952
3FF9C4EC3
000000000
000BC28F6
000600000
00063D708
3FFE66E53
3FFC58E74
3FFAFA3E0
000000000
3FD42DF68
000000000
000000000
0006646B5
000000000
3FE52DB3D
3FFC1B674
3FE8BFCC6
3FF12AA7F
3FEA486F8
3FF14D2D6
3FC3BD77F
3FFB6F211
3FBF889C9
3FC0F0435
000000000
3FE519A6F
3FD77D619
0004CCCCC
3FFA00000
0002487C5
000000000
3FDFF0790
3FAE2E1F5
3F8457715
3FFB09331
0009C2109
3FFB859D8
000000000
000038EEE
3FDE083B3
3FDD093FE
00086DEDB
000000000
000600000
000000000
3FF9989C1
000000000
000000000
3FEAC1C79
000000000
3FF5D4411
000000000
3FEE3D70A
000000000
000C0D7F2
3FCECCCCD
3FEC286E6
3FFFF1048
000000000
3FF270528
3FF6516CC
3FFE8F5C3
3FE15BF51
3FED499A8
000000000
000000000
3FF05D62C
000000000
3FFD50EDE
000000000
000000000
3FE9B10D5
3FED0A3D7
000000000
000170A3D
00035C28F
000D33333
3FFF50AB7
3FFA7AE15
3FEB99999
000000000
000000000
3FF1F2022
0001F8ACD
000A4E75E
0008B1563
000000000
0004147AF
0006646B5
3FFE2C73A
000000000
3FF6B1562
000000000
3F21330F0
000B7CC3A
0005D18AF
000000000
000000000
000B0A3D7
000000000
000000000
3FFBA9992
000000000
000000000
000000000
3FE4C4121
3FDD51307
000000000
3FF567A6A
3FFEFE412
000000000
3FC60C5B3
00016F1AD
3FF30D363
3FF28C56B
3FD9B6144
0007E40A9
3FF0B4298
3FEA57D25
3FFAD94E5
3FF748ABB
3FFB33333
3FF34E1C6
0009A91E5
3FF50F250
0006149C2
000000000
000000000
0004C9D42
3FF468E6C
3FD473556
3FE4B734E
3FFB5A2DD
3FF14EB05
3FAB82194
000000000
000573242
000000000
0008097C1
000000000
000000000
3FFA255EC
3FD76F146
00050A4FF
000000000
000000000
0009ED869
3FEAD24C3
3FFE9859A
3FE2E5445
0005AD95B
0009D1127
000000000
3FECB376A
0007EB853
000000000
0006B851E
3FED0A3D7
3FF625F6A
3FE2BB444
3FFF70251
000133334
3FFE378F9
3FF4C7471
000E16FB2
000000000
00031EB85
0009F2023
3FF7EBAC8
000000000
000000000
000000000
000000000
0001BE92C
3FEF6922D
3FDEFC3F8
3FF7DD021
3FE101406
000000000
3FFF0A3D7
000000000
000568AA8
000170A3D
3FFA00000
0002E147A
3F9F68A42
000000000
0000C60F6
00048F5C2
00066C4FC
0001F7307
0000D188B
000000000
000000000
000000000
0001BCBEF
000000000
000731B6D
3FFE7D619
000000000
3FBCE30AF
3FEB9999B
0006646B5
3FF4EC296
3FFBAE149
3FF0B2D29
000000000
3FED08BAB
3FFC0D8DD
3FFB0ABC4
3FFDA58F9
3FEE7AE7C
3FFC70E02
000000000
3FE8259D4
000000000
000294DB8
000000000
3FDAF6C67
3FFB46EEB
3FFF0A3D8
3FA1AC5B8
00063D709
000000000
0007632B1
3FE2E0AF8
000000000
3FFE51EB8
3FDF7A199
000000000
000000000
3FF1292B9
3FFDC2107
0001B63D9
3F5533460
000000000
3FDBC7114
3FCBD38C5
3FFEC8382
3FEC3B68A
000000000
000000000
0002AE570
000133333
3FE38DDFE
000270E67
3FEAF9F4F
0007C7967
000000000
3FFC5A69F
0004297B0
00070DBB4
3FDAE4C58
000000000
000000000
0005047DA
00047D619
0000EFC45
3FE4BE907
3FE466666
3FFC58E74
3FFA8CDBE
3FFECCCCD
00048F5C2
000266666
3FF3FA403
000D79A78
3FF15C28F
3FF0A9DB9
3FF7A6577
3FE62974A
3FB847EA3
000000000
000000000
000000000
000FC3936
000000000
3FC8F0BBA
000B08C10
3FF3D6E56
000000000
000133333
00030E409
3FE19A11F
0000796B4
3FFEDBC85
000000000
00056DD49
0008A3D70
3FFF5FA6E
3FFCA3D70
3FFE8F5C3
00091EB86
3FF066665
3FFE8F5C3
0005CD08F
3FF552ACD
3FFAB851E
3FFC7B668
3FDCAC559
000B57B5D
000000000
3FE060E71
3FECDC55E
3FF8FCBE6
3FF5EB852
3FD9011EE
3FC077F66
000000000
3FE5A88EC
000000000
000000000
000000000
000000000
0001C27EC
3FF744E4E
000000000
3FD3DB85C
3FEEFD943
3FF9851EC
000133333
3FFF29B72
000000000
3FEE11FA9
3F8A4B24D
000000000
3FF88F5C3
000000000
000000000
000000000
000000000
3FFB57285
000000000
3FEFFB3BB
000000000
000000000
000000000
000000000
0001BD100
000000000
000000000
3FF0E446D
000000000
3FF943384
000246ECD
3FDFAE934
000966A90
3FFD63A9D
0001BCBEF
000000000
3FDD1CB6D
3FE03FF11
000000000
3FF5FA80A
3FEC8C505
000000000
0001901D9
000914451
000A36F9E
000000000
3FEC2129A
000000000
000000000
3FFDF2022
3FFEB3515
00015EA94
3FE0DA96B
3FC842DCE
3FE8F0413
000000000
3FFFCF857
000000000
000000000
3FFC28F5C
000000000
000733333
3FFC67934
3FC95988C
00001F801
000000000
000000000
0001F3C75
3FC77720D
3FBE795EB
000817335
000DAE147
3FE973A2D
000000000
000000000
000000000
00017F5F0
000D70A3D
000000000
000000000
000000000
000000000
000C6A697
000526B80
3F607A3B0
0007153C5
000000000
000000000
000682623
000027534
000000000
3F72DE4F0
000000000
3F42724FB
000000000
000083DEA
0004CCD33
3FD6E9C65
3FE07756A
3FA60B879
3FFB33333
3FC7D5877
0002F3424
000000000
000000000
000000000
3FF4FBC0D
000000000
000000000
3F894CB54
000000000
00012437B
000117B83
000000000
000000000
3FF495D2C
3FE4E2C41
3FCAE6BA3
3FF1412AD
3FDEF7B0F
3FFCE147C
000000000
3FD733332
00031EB85
000000000
000000000
3FFE41E75
000C6BEC3
3FE822726
000000000
3FE02AFDA
3FD6E18A4
000000000
3FF259661
3FF73CB5C
000219A93
3FF925355
000000000
00007AE13
3FFCB8D0C
000000000
000000000
00014C1C1
3FF5AE147
3FF6DFC4F
000000000
3FFDB7909
000000000
3FE176235
000000000
3FE729B73
000000000
000000000
000000000
000000000
0002A3D70
3FF8B7D30
3FEA246DA
3FDD83E88
3FFC58E74
000000000
000000000
3FF80BA94
000000000
00055B31C
000000000
00040D006
3F3BA7E35
3FF98C994
000000000
3FF5B0A2F
000000000
3FE8DC470
000133334
3FFA2FF7F
000000000
3FF260E71
000000000
3FE668DC4
3FA4EC468
000185270
0001D38C6
3FB43973E
000B47AE1
000073604
000170A3D
3FFBBD0FF
3FD480352
00035C28F
3F1DE7400
000000000
000089DCD
3FEB9999A
000000000
000115F74
3FFEDBC85
3FE5DD021
000000000
000000000
00007AE15
3F75A87C5
000E8AFB1
000000000
000000000
000000000
000906BF7
000000000
3FF758FE3
3FDD13B99
000000000
3FE952F2B
000000000
3FF46464E
3FF6BECEF
000000000
00050A3D7
000000000
3FE102A94
3FC118AD6
3FCF3FF3C
3FA34F6B3
000000000
00095DABC
0004CCCCE
000000000
3FD4565A3
000000000
000000000
00012138A
0005CE8BC
000000000
3FC59AF55
000000000
3F95E4E40
000000000
000B23B90
000000000
000D33333
000000000
000000000
3FCE895DF
3FF7D70A4
000000000
3FFD6E239
00059B9B2
000000000
3FFD60A47
3FF97D595
3FE8D3502
000133334
000000000
00013146E
3FFC93529
3FFCC051A
000000000
000000000
000000000
0000C5D79
0002FF451
3FF8B1CEA
000065E79
3FE6AE276
0000C74D6
3F836779E
000000000
3FE4AADB3
3FF03C471
000000000
000000000
000A77638
3FD1E8861
3FDABAD24
3FE72FB55
3FB7FF2BC
3FEDEAFFF
3FEE3D70C
3FFA86DDC
000BEA4B6
0008C94EE
0004F3C78
000000000
3FFFA315B
000000000
3FECC4A3B
3FF6396D9
000000000
3FF126A33
000000000
00050A3D7
000CF5C2A
3FE6151D1
000133333
3FF24D634
3FFAFA3E1
3F990955B
000000000
3FE55D988
000000000
3FEEF5C28
3ECABADC4
000000000
000000000
3FF90A3D7
000000000
3FDC31743
3FF0F4C50
3FF4C148E
000000000
3FFA8B65D
3FDD25B40
3FF967E2A
000EED4A7
000000000
3FE2107E3
000000000
3FF533333
3FF79C540
3FE8E6C72
3FECABD6C
0000E3C80
3FE68060B
3FA10B4B8
000000000
3FF248E7E
3FF1B2729
000000000
000000000
3FCD91533
3FF41C7A9
00004C1B2
3FF40C02B
3FED282E0
3FDC7E82A
0003D0703
3FF237894
3FFCCDCA6
0001AE148
3FFAE2454
00054332A
000000000
000000000
000000000
3F8E68FF3
3FEB33B85
000000000
3FE5D9483
3F96BAB5C
000000000
3FA98E4AE
3F7FA585D
0006C6FC6
3FEAB96CA
000000000
000000000
3FE4A3D71
000000000
3FFF1639D
3FCFB28DF
3FDE66D02
3FFD9C98B
3FF721BDC
3FB3AB1B4
000000000
00022772F
3FEE7AE14
000000000
3FEEA1B04
000000000
000000000
000000000
0007EB852
3F7314C4B
000000000
0004CD72A
000000000
000000000
000000000
3FF9719AE
3FF33EB73
3FF4A0080
000755ABF
3FF281E38
3FF741CD2
3FCAFA447
3FFB2138A
3F71391E3
3FE8D7999
3FC00EB20
000000000
3FF654657
3FF13B1FB
000460E70
000000000
000000000
0000FADA5
0002D24C3
000000000
000000000
000000000
00041D784
3FE714B70
0006CBA39
000000000
3FFECCCCD
000000000
000000000
3FED8B1CF
000000000
000000000
000B7D4CE
0003FB508
000000000
3FFE43411
000000000
000000000
3FEC7A751
0001AE148
3FEDAF0BA
3FDFE9A71
3FE889DCC
3FF752896
000000000
3FF947AE1
0003676A5
000AE4CC1
000000000
000000000
3FE32581D
000000000
000000000
000474644
3FDF7E9B7
000000000
3FFBAE148
000000000
3FEE0A799
000000000
0005851EC
3FED77993
3FF7BB4AB
3FFDDD026
000000000
3FFCCA67A
000000000
000000000
00012437B
000000000
000132D5D
000429748
000187269
000000000
0001033B5
3FFD2590D
3FF0930D2
0004147AE
00041BFBD
000000000
000A55163
3FDDDE061
3FEB6E239
000027391
000E336F6
0009C0946
3FF8FA0F9
3FFCA3D71
3FF30A3D8
000000000
3FE46C64B
3FFD9B160
000000000
3FF8BE6D4
3FFD5C28F
3FF9FA0E5
3FECD8BC7
3FFC952C9
3FFEA455D
000A1BFBD
3FEBD9BE5
000000000
3FEC635C1
000000000
000D07C38
000000000
3FFE8F5C3
3FF5C90C6
3FE13BB1C
000000000
000000000
000ABDD14
00091EB86
0003143EC
3FFE51EB8
000FAF22F
3FCF23A5E
3F9D6EBEA
3FFBE586F
000000000
3FFCC6562
3FF49A5B0
000C1F79C
3FFE66E53
000000000
3FFEDBC85
3FFBD17A3
000000000
0001D08D4
000000000
000000000
000000000
00071E399
000000000
000000000
000000000
000514C3D
3FEF8A18F
3FCC9D2FE
3FEE0AE05
000BC28F5
000000000
3FF11EB85
000000000
00098940E
3FE3796F1
0004147AE
0009211B2
00040328B
0001A0956
3F9DAE605
3FF1D58DE
00063D70A
3FF533333
000000000
000000000
3FE41CE63
3F8CD8CF9
000000000
000000000
000000000
3FAE25F67
000000000
3FD9E4F38
000000000
3FF97A9EB
3FD9C98B2
000091576
3FCC494F1
3FE4A3D71
3FEF8E498
000000000
000A28786
0002A3D71
00015EA94
3FFF87FEA
000000000
000000000
000000000
3FF2CCCCC
0009F114A
000000000
3FEAA83F5
000000000
3FFE7AD90
3FF6F7EF6
3FF3821FA
3FF5AE147
3FFEEF4B6
3FFBA992B
3F94C14F2
3FC83CDEB
000BF40A1
000817FAC
000000000
000000000
000E28F5C
000000000
00099999A
000000000
3FFB8B81F
0008D24C3
000000000
3FD4FB41E
000000000
3FF12D62C
0001AE148
000C3BE79
000000000
00013181F
3FF7D10C1
000000000
000000000
000000000
3FDB815D6
3FEAF92D5
00002B760
3FFFA192F
00048F5C2
000000000
3FFCE147A
3FF38C549
3FEEF2C38
3FECD7467
000DB70BB
00048E89B
3FFD48ABA
3FE5472F5
000000000
3FA4146DF
000000000
000000000
3FD113438
000000000
00012437B
3FF0C4BA0
000000000
3FE51EB85
00037BA29
0007901D8
000828F5C
3FF2859D8
3FFD9999A
000E67E61
3FF04DA5E
3F9335A05
000000000
000000000
3FEBBF0B0
3FF7352E5
0002D0CFF
3FC08EE3E
000000000
3F9B6C0EB
0006FD438
000000000
3F66820B0
000000000
000000000
000000000
3FFF38B29
000000000
3FD0259D3
3FE924248
3FE2197B7
3F8C84AF8
000C3D70A
0003E18A4
000000000
000000000
3FC851EB8
3FD6E1266
000000000
00035C28F
000D6F2DE
000000000
000000000
000000000
000000000
3FF24D635
3FA84100F
3FD7C77CE
00071B3A7
00010DB4A
000000000
000000000
3FED823E7
3FF926B1B
3FCEBB3BD
3FF607F96
3FF4E9BFD
00071CBD4
000000000
0005FFFFF
3FFFEE057
000000000
3FE1DBF1C
000000000
3FF75C22C
3FBDE983B
000000000
000000000
3FFB512A3
00041BFBD
0002A3D72
3FF02E4B4
0002F7C41
3FEDF4BEA
000A46B07
3FF8476B8
0002E147B
00002876F
0004147AD
0002EA450
3FFC4E327
3FFED19FB
3FF6A3D0A
3FF75C28F
3FFBAE148
000722BB6
0006F5C28
000000000
3FFAFA3E0
3FFE2C73A
3FDBF6FC3
000000000
3FFD7BA2A
3FFFB094B
3FFD083BF
3FE370A3D
3FCB6A855
000FBA8FB
000000000
3F9DE18A4
000000000
3F6009FD1
000F15C14
0003A88EC
000B582C4
3F75C555F
00052708F
000000000
000AA8DDF
000000000
3FF6869B1
3FFC4E6DB
3FF04DA5D
000000000
000000000
0009CA42F
3FEEDAAAA
3FE009018
000000000
3FA8DF2E2
000000000
3FFF8B1CE
000000000
000535AD4
000000000
000000000
00034D2D7
000EBD529
3FFCE147B
3FF36D25C
3FFCB5D1A
000000000
000000000
00003D70A
000172525
3FF347AE1
000000000
3FF567A03
000DAE147
3FFB046D0
3FED2ED4D
000000000
3FB297B34
000000000
3FD52E38F
3FBC1AF59
00061F79B
3FEFCC051
3FEB5469A
0004C3CF7
3FE8A2842
3FE7CCFC3
00013ACA1
00021E9B5
3FFB50C02
00091D3C0
00079F18E
000451EB8
3FFE2C73A
3FF4D63C2
3FEF7FDDE
3FDB223C8
3FEB4EA38
000000000
0005851EC
3FFEA156C
000000000
3FFC67FD2
000000000
3FFEB270E
3FFE147AE
3FF1DF4DA
00033833D
3FFD5C290
00031306C
3FD93D43F
000000000
000000000
3FDE7FCEC
3FC8565A3
3FF779BC3
000000000
000000000
000000000
000000000
3FC287C81
3FFD64E1A
000000000
000000000
3F851BAC7
000000000
000000000
3FD6AE291
000000000
000000000
3FE5C3F09
000000000
3FFA02F8D
3FF9B98BD
000000000
3FE0BA93E
3FA058551
3FB89A7FB
000C7AE14
00093CAF5
000E03E80
0006C80EE
000000000
000000000
000000000
000000000
000000000
3FF3D5835
3FF7454F0
0001FC28B
3F65188AB
3F9D3CFFA
000905433
000000000
3FF9D014F
3FF1B783D
3FDBBF7D2
000000000
000000000
3FED491DC
000000000
3FF67CDC7
000000000
3FDB29C33
3FF4DF463
3FD21B5D2
000000000
3FDD739C9
000000000
000000000
000D22F36
3FAE4F6C9
0004CB632
0004B711C
3FD96B0AE
000000000
000000000
3FE8DF462
000000000
000000000
3FEC9B5EF
3FE637C78
000000000
3FE8B851F
000000000
3FDCE4A88
000024405
0004ABDD2
000000000
3FF495D2B
3FD035726
3FA4C82B0
3FA264C3B
000000000
000000000
0003CC909
000000000
000A23766
3FCC4B4EA
3FF8968C2
000000000
000000000
000000000
3FD36EDE6
000929386
000000000
0000C8D01
000AD74CE
00042974A
3FF10EB6C
3FCA684AC
3FE2F2B6A
3FDF68D9E
000000000
3FFB7FD15
3FF009758
3FCF59A23
3FDFC5793
3FEF81156
3FC8D2AB0
3FB1568FE
3FE0B4C74
000000000
000000000
00061200F
3FF579EBD
3FF551E53
00016CAB5
000000000
3FC4BFC62
3FEDAC0C9
3FF994B62
3FE7F27A7
3FE57A198
3FF6C350C
3FF62BEEA
000000000
000000000
3FFC18BC3
000000000
3FFEB1CEA
000C99C58
3FEA97CDD
000000000
3FFA4F6B4
3FEFD2033
3FD8A84C2
3FFE8F5C3
3FD5B38D8
3FF879882
000000000
3EF2A8693
000000000
000000000
3FFE52F17
000000000
3FB134241
3FBAD23F7
3FEFC307B
3FF42314D
000000000
3FE44BB28
3FE46C64A
3FAAC23A6
0001E4236
000000000
000000000
000A2D2ED
3FDA925B5
3FD832F8B
3FFE1B599
3FEB21AAA
000000000
3FF174349
3FFCE77E0
3FF8E1C67
000000000
00079D38C
000000000
000000000
3FFA03182
000000000
3FF2476B8
000F9B15E
3FDD5D268
3FEE00000
000000000
000000000
3FFB19B7C
000000000
3FBAB5D19
000000000
000000000
3FFD3ADB7
3FFE8C5D0
3FF94DDE3
3FFB13E53
3FF82AF0E
3FEB2ABB2
3FED1F371
3FDE9644D
3FE16E446
3FF43E95C
3FE11009C
000B6BA96
000000000
3FE447376
000000000
000000000
000000000
000000000
3FD984B22
000000000
000EEECD4
000460E70
000000000
3FFFEEBA5
000000000
000000000
3FF9103B9
3FFC55E83
00078060B
3FE9BFD6F
000000000
3FFA1A5BF
000402804
0004D0AC6
000000000
000000000
000149AF9
000000000
3FF961233
3FF6B66D7
3FEF859D9
000000000
000000000
3FFFEEE5F
000A3CB9C
3FF2AD4CA
000000000
3FE250E13
3FC6664CE
3FE48450A
000000000
00033C263
3FD10DB4D
3FEE735A0
3FDF729EF
0007FD7FB
3FC8056C4
3FFEDBC85
3FF81D339
000C41EC1
3FFDD4116
3FD34728F
3FD445D5A
3FFB8BA1F
000000000
3FCB033B4
3FD7809ED
000000000
3FF8F4F2C
000D55ABF
000000000
000D49B5F
3FFE33FAF
000000000
3FFF2EC23
3FFA40763
000000000
3FF8BDCB1
3FF347AE1
3FFD3CCE6
3FF81BF56
000000000
3FF38C994
3FED5E1DB
000000000
000000000
3FEDC40BC
000000000
000000000
3FF1202E5
3FE6CCCCC
3FFB07BD3
3FF6725C6
3FF47665B
000000000
3FE52C311
0004C70D0
3FF79999A
000B39FD3
3FF046ECB
3FFEB3707
3FFEB270E
0005851EB
000000000
000000000
3FD98F4B6
000000000
000000000
000266666
000E6AEE9
000000000
0004C09E9
000000000
000000000
000000000
3FF9B38D9
3FF83B2A9
000000000
3FE6E4C59
3FD133333
3FFCEA453
3FFABFCC8
000D64376
000000000
000000000
000C7366B
3FFAB01C4
000000000
3FE68F5C3
3FFB12FE8
000000000
000E82E10
3FEBED86B
3FF77F0BC
3FDE9657F
000B851EC
3FFC7735A
00015EA94
3FFFA5536
3FFFA9076
000532B47
3FFC58E74
3FFF3F4CC
3FFCCDCA6
000237F14
3FF656076
3FF86568D
0004B1A94
0005E8074
000000000
3FFEDBC85
000000000
000000000
3FF561A21
3FE3C30E2
000000000
3FFB02355
3FE479D08
3FF896D6C
3FFAC74D7
3FF22D2EB
000B851EC
3FFE147AE
000000000
0005C28F5
0009289C7
3FF939614
3FC7803CD
000BA77E9
000000000
3FF590812
000000000
3FF495D2C
3FFA922B7
000000000
3FFB41DDB
3FFB9A656
3FB5D70A4
3FC192D3C
0002B2D2A
3FF579CCD
000CCD89E
0009203B1
000CBCDA3
3FF9B09B5
000CFBC72
3FFAFBEC7
3FFA350F5
3FDECF46B
3FF8C7E10
000000000
3FFAC9C34
3FF886FAE
000A9E57B
3FFD5F21C
3FFFD663D
3FFDB00F9
3FF1A4AF2
3FFD4C65F
3FFE2C73A
000000000
3FF3410D9
3FE762A5F
0009A8951
3FFE0BA94
000000000
3FFA00000
3FFEEA08C
000185270
000000000
3FFFF11D4
0002666CC
3FF376E49
000C08D1A
3FF52D2E9
0000DAD13
3FFEB270E
0008F4C51
00044BC1A
0003C9D60
00042AF75
00028D09A
0007BB3C5
3FEB50264
3FFFAD95A
3FE94CA85
3FE4A6CFA
000BEB95B
00014D8F2
3FD866666
3FF5FEFC0
000879EA2
3FF57219B
00046867E
3FF666666
0001B5FF6
3FFC13FC1
3FF54CAEB
3FF145A63
3FF151A8F
3FEA1B76A
000263868
3FF618779
3FE950882
3FFDC791E
3FD8AE50A
000000000
3FF43D70A
3FFBF51E5
000849F22
000000000
00019D963
3FF0FC392
000ACB506
000000000
000000000
000796BDC
000B17BCA
0008ACDAB
3FFCB2D29
00049BBC6
00034F13C
000B16FB3
3FFD33B20
3FEE2FEB2
3FFE84DC2
000B9895A
3FFDB7909
3FF7BA893
0000E13F6
0001BCBEF
000000000
3FEE14833
3FE9E7A5B
3FF7F37E8
000000000
3FFEE74E4
000600001
3FE0DBC85
3FFEEA08C
3FEA156BB
000000000
3FFD60021
000631BF2
000000000
3FE4FAB65
3FF3372FE
3FFFB094C
3FF028F5C
000000000
000000000
3FFEA156C
3FE7A9263
000837F7A
3FF7D58DD
3FF889578
000423765
3FFC66667
3FED38B28
00040BC23
3FEAEA5DD
3FFFF5868
3FF18F199
3FF4DBAB2
000000000
000E7DFB4
3FF856670
000547AE2
3FFFC2A84
000E6E8FC
000000000
3FFA83B2E
3FE62BB83
3FFC7860F
3FF03F657
3FDC0D7F1
3FF84B31F
3FE6BF40F
000000000
3FF1C08DD
3FD521D84
000000000
0002486F7
3FF569295
3FE23813F
0003D42A4
3FFEA45C3
3FFD5DA55
3FDA36C80
3FFAA4D4A
3FFFD90BC
000A9846B
3FFAD8AC2
000000000
3FFBBD100
00044EEC6
3FF777211
3FEB861C5
3FD04C6C3
00053DE92
3FDF1EB85
3FFA54F30
000000000
000160259
3FFBD508C
0008368DD
000000000
00050A3D7
0002BE012
000D9A71D
00014E2B1
3FFFD489F
3FF9851EB
3FF919390
0001F90AA
3FFC28F5C
000000000
3FFE7AD90
3FFBC683B
3FFDC80EC
0006FB1EB
000074E32
000000000
000E539E3
000451EB9
3FE1659EA
0005F7BDF
3FF31938F
3FF6E84BB
3FFD46424
000BC28F5
3FE9AE147
3FDA984CB
000774AF3
000000000
3FFD80372
3FFBAE147
3FE86EE4F
000000000
00006D623
000000000
3FF8E2A6F
000000000
3FE0E4C59
3FF80B70E
3FFD42AD7
3FF4E54AC
3FFB482CE
3FFF95969
0002E53A0
3FF2AE1AE
000230004
000505C20
3FF6CC4E0
3FF482624
3FE509D77
000130535
000DA1C0C
00009A5AF
000567D66
0004BD100
00024F034
00059C562
000000000
0004DE31E
3FFD2783B
000F085B3
3FEB71229
3FF2745DF
00006A697
3FF851EB9
0000F8005
00020DFDE
3FEC8F5C3
3FF4E73D4
3FF9EC82B
000000000
0006FFCC2
3FFA765F7
000768B2D
3FF7B0160
0003D70A4
000D2138A
3FE5A8952
3FF711457
3FFD2DB3D
3FFF76233
3FF6D0C31
3FFB647BE
00088E1C0
3FF814FDE
3FED00977
000589A08
0001D38C6
00040508E
000000000
00012437B
0000A7DA2
3FE81C743
000DD50F2
0002941A4
000000000
00056B203
000000000
0005AA96A
3FFEB4D41
3FEDC28F6
000133333
3FFAF5C29
000309B86
000810FD0
3FF83F0A1
3FFE49A97
3FEB1325A
3FFF0A3D7
3FFB182EB
000134AF9
3FFF25355
3FFE25B42
3FED47AE1
0005552D3
000FD70A4
3FF4EE3B4
3FFBF244A
000B954BD
000B851EC
000000000
3FF926B1B
000745276
3FF7F8005
0008B5D81
000058688
000E619A0
00060EAA7
3FFCCAA5B
3FEFAE147
000000000
000842714
3FFD5C28F
3FFD6FA65
3FF34AA6D
000110693
3FFCE147B
0001F456C
3FFFB6930
000000000
000561B8F
3FF640EE8
3FFE8F5C3
000000000
000185270
000BD60CB
3FFEEA08C
00062E752
000430852
000AE1566
0009AD16F
3FFD083BF
3FF3851EC
3FFD5C28F
0002E14E0
3FFC86823
000C3D70A
0007A8166
0006C7474
3FFE77637
3FFE66E53
3FFDEB48E
000176E6A
0009AEDE5
3FFAD648F
0005698AF
000621AB0
000CA65DD
000BD1D5E
3FFFB094C
000522F7A
000000000
000FF35F8
3FFD33B20
3FFEA156C
000D55F70
3FFF507FC
000B0F998
000000000
3FFC0C7B4
0007A0E06
0007CD117
000000000
3FFE8F5C3
0005ED8EF
3FFF47AE1
0007C5908
00029F48C
3FFD5C28F
00015367E
00067C641
000F34EA1
000131B6E
3FFD32F6F
3FFF9F7AA
3FFCED441
0004DA4BF
3FFD1EB85
0002B85A3
3FE790536
00039D21E
000219FA4
000000000
3FF607FFA
000000000
3FEB292B9
3FFDDA032
000A33F48
3FE7E806B
000000000
000000000
000000000
00043DA6C
0002F5CAD
000000000
000000000
0005EB064
000000000
3FF9929DE
3FF656394
3FEC416D5
3FF1B6077
000018882
0004EC1AD
3FFE8221A
3FF0CC4DF
3FE79B87F
3FED47AE1
000305434
3FF7B60DD
000228F5C
000771D58
3FFB57285
00030205A
000000000
3FD17A5B8
3FE524B6B
000000000
3FFDE4320
3FF52EB15
000000000
3FFC0AF87
3FDDA4A07
000000000
0008337C3
000000000
000000000
000000000
000000000
000000000
000000000
000AEECF2
3FFDD70A4
3FD915BB0
000068FFA
00079B587
000000000
000000000
3FF729ED2
3FF9F0FE4
3FF471DDA
000000000
3FD8F2DE5
3FFD083BF
00007AE15
3FEE2C94A
3FE94B2BF
3FFDB7909
0002CAD1B
3FF0E147B
3FF671E61
000000000
3FF8CCCCD
000000000
000CFDF21
3FFBE4043
3FFCED122
3FF9D6065
000000000
000000000
000936667
00077525A
0004FB41F
3FF4B851E
000B9B9B2
000448EE3
3FF5A6939
0002BD529
000D5D2CF
0004A2D31
3FF99B94B
00063DA8B
000EDCCC3
3FFBFBFCE
000B5F624
3FFA23F53
3FFD7D1F0
000000000
000000000
3FFA00000
3FF75C290
3FFDD70A4
0001B113A
000A27F84
3FF90EB8D
3FFAB851F
000237D20
000000000
000000000
0008470BD
3FFE8F5C3
0008546BD
3FFE51EB8
000115F74
0001E5870
000000000
000B817D8
000CE6C70
000000000
3FDC62B6B
3FE51EB86
000000000
3FFB961BC
000650EDF
3FEC11820
000EC39BC
000695562
3FF4E9C63
3FFDE7887
0002BEC8A
3FF265626
0001BCBEF
3FF90D047
3FFB5853B
3FFC9B056
3FD7EB852
0005BC979
0000ADA64
0001CD628
3FEF8B9BC
3FEE8E582
3FFFA91A4
3FF2E043B
000000000
3FFE51EB8
000000000
0007422EB
000000000
3FCEDE701
000000000
000DAC982
000000000
000843ED8
000000000
000000000
3FF59A9D5
3FFC58E74
3FEAB8D0C
000000000
3FFE66E53
000000000
3FF4316DE
00013D4A9
3FF753255
3FFC2CB63
3FFECCCCD
3FFD7D1F1
3FDA0273E
000000000
3FFECCCCD
3FF89DD4C
000000000
000000000
3FC9299DB
000000000
3FF6531B0
0007B17DA
000C3EF37
0001AE148
3FEEB851E
3FFF59A8A
0007B4D41
000000000
000000000
3FFC1E75C
3FFE51EB8
000000000
3FFEA156C
000523B2B
3FF9851EC
3FF19E0EB
000000000
3FFEDBC85
3FFCA74CA
3FE4E3856
3FFE43411
3FFDD4116
000000000
000000000
00089C5C7
000000000
000000000
000000000
3FFF463DD
0001722C5
3FFEDBC85
3FFC035EC
000000000
000000000
000000000
000133333
3FF628F5C
0009B015F
3E70ABC9E
000000000
3FF3A913E
3FED851EB
3FF2CCCCD
000000000
000000000
3FFD5C290
000000000
000000000
000000000
3D0919F57
000000000
0008484FA
000000000
3CF26F370
000000000
000000000
000000000
3FFBE4043
3F9857087
000000000
3FFC6E687
3FFA7AE14
000000000
0000ACB96
000000000
000000000
000000000
000000000
000000000
000000000
3F5C42AE9
000000000
000000000
000000000
000000000
3E490605C
3FF61C2C1
000000000
3FC4B16FE
000000000
000000000
000D8C61E
0001991AD
000000000
3FF3E0541
3FC19087D
000000000
000000000
000000000
3FE6DDE90
000000000
000000000
3FFAA7D3C
3E2944E50
000000000
3FF7D70A4
000000000
000000000
0007E741C
3E4E526E6
3FF347AE2
000000000
3F934E9E6
3FFA3D70A
000000000
000329D9F
000000000
000000000
0009BC128
000000000
000000000
000000000
3FE8EBCB4
000000000
3E055BF33
000000000
000000000
000000000
000000000
3FD7DF699
000000000
000000000
000CBDEBC
3FFA78C2A
0002CBBEA
3FE0147AF
000000000
000000000
000000000
3FA6E4315
000000000
000000000
000000000
3DE7CFDC4
3F044E30B
000000000
3F0B3B174
000000000
000000000
3FE7851EA
000000000
000000000
000000000
3FF6A16EE
000248FDD
000000000
000000000
000000000
000000000
00026C649
3EB775638
000000000
3FA1600F9
3FF15C28F
0000A00E6
3FF5E10BA
000000000
000000000
3F2DC28F6
000000000
3FF9C28F6
3FDB017E1
3F31D70A1
3FA4AE11A
000000000
000000000
000000000
000000000
000000000
000000000
000000000
3E50EB997
3F8250ED9
3FFAB957E
000000000
3FF0264C9
000000000
000000000
000000000
3F9643C1F
3F928B0E5
000000000
000000000
000000000
000000000
000000000
000000000
3FD6FB61F
000000000
3F63C315F
000000000
000000000
3FB69ABC0
000000000
3FF4F5C28
3FA0F4476
000000000
3FC0E147A
000000000
3FFE8F5C2
000000000
000000000
3FD251410
000000000
000BC9872
000000000
3FB65DDB2
000FFF879
000000000
3FEFF82FF
000451EB8
3FD266666
3EE34997F
000000000
3F8651EB8
3FF46BE5C
000000000
000000000
3FCDEC73D
3DF7ED95C
3ED0C9866
3FF725844
3FFD84933
000000000
000000000
000000000
3FFC4F12E
0000B272E
000000000
3FE09C0D3
000EC6BC5
3FFA89312
3FE734C97
00074BD49
000000000
000000000
3FAF2A5B7
000000000
3FEFFC609
000000000
000440F21
000000000
0001F10C4
000000000
3FFFF1BF9
3FAB20B35
000000000
3FDAFA15C
3F88A03E8
3FF15E22E
3FFCF8F30
3FFFEE695
000000000
000000000
3FB640609
3FF72A003
000000000
000000000
000000000
3FF51F075
3FBC57DCE
000000000
3F1994492
0001FC70A
3FE894C09
000000000
3FC5551D8
3FF3EF916
0008F0433
000000000
3FD496989
0004560FB
3FD7DF276
000000000
000000000
3FFD204BF
000000000
3FF617F47
3F67FBA02
3FEF960E1
3FA2A06DA
000000000
3FFA24E23
000000000
000000000
3FA2DD2ED
000000000
3FDECBC44
3FED812C5
000000000
000000000
3FDBCB8C5
000B851EB
3FD9EE2E0
000000000
000000000
000000000
000000000
000000000
3FF67CDC6
3FFF372FE
3FF040C93
3FEC749C7
000000000
3FFB4CAED
3EE67E812
3FFE7AD90
3FBC5FECB
3FB9584AB
000000000
000000000
3FFCE5B16
3FA786715
000000000
3F570C482
000000000
3FEE2858F
000000000
000000000
000E66667
3FD1B0012
3FAF02A0C
0001D38C6
000000000
000EE147B
3FD4FF1B3
000000000
3FFF845D6
3FF2CCCCD
3FD1381EF
3F708F995
3FF6AEB97
000000000
3FCAD9418
000000000
000000000
00019FD41
3FD037D9B
000000000
3FA733333
000D36B5C
000000000
3F9FC635E
3FFA63FC3
3FD3F215C
000000000
3FF728325
000000000
3FF6E147C
3FFECCCCD
3FE90ABC4
000000000
3FC4CF482
3FF8C3A94
3FFFC6F21
3FE619033
3FA7C8D51
3FFECCCCD
3FC0A0DE3
3FAD7DCFE
000BF8857
3F52E7DF2
000000000
000000000
000000000
000000000
3FE5579A5
3FC09A4A2
3FBD851EC
000000000
3FF40E9DE
3FD27B378
000000000
3F73CCA17
3FCE19B4C
3FA43C48C
3FF9C4122
0000DDD03
3F9FA6F51
00010F3E1
3FFA749D7
3FADA2C04
00055B1EA
000000000
3FB120E8B
000000000
3FB94FA01
000000000
000ED24C2
000000000
000000000
000000000
3FD08210B
000000000
3EF6F5BFD
000000000
000000000
3FFBC613B
000000000
000A42C90
000000000
3FA4BB104
0003BFB96
3FD7D1DD8
000000000
000000000
000000000
3FE4FFE09
000000000
3FB428F5D
000000000
3FC2D7D19
000000000
3FDEEA93B
000000000
000000000
3F4370409
000000000
000000000
000000000
3FD36695C
000000000
3FF14F773
000000000
3FE0F27C1
3F8BD6A83
3FFCC0069
3FFA496CF
000000000
000000000
000000000
000000000
3F6B718C4
000000000
000000000
3FE523659
000000000
3FDDA14A6
3FF9D0E27
000000000
000000000
3FEE56EC3
3FFE493CC
3FE334B5A
3FF1D70A5
000000000
3FCFB106A
000000000
000000000
000000000
000000000
000000000
3FF34D9F8
3FFEA156C
3F72C9D80
3FD7D2353
3FEC5CFF6
000000000
000000000
000000000
000000000
000000000
000000000
3F5B9E20B
000000000
3FADFE1AD
000000000
3F62A652F
000000000
000000000
3F9031DD1
3FC8CCCCD
000000000
000000000
3FEEF5C2A
000BECA9B
3FFACECE5
0001B4CDC
000000000
3FFEEAE30
3FFECCCCD
0000D03DF
000000000
000000000
3F9E28A0A
3FF43F5A2
000000000
3FB4DE488
3F7BAC320
3FF31B95E
3FF938B29
000000000
3F8A9E9A1
3FF720EC2
3FCCE147B
3FE8218E9
3FC3CC351
3FFAB851E
3FFA3D70A
000E08280
000000000
3F18A55FC
000000000
3F9F71310
3FB1EE19A
3FF9851EB
000000000
3FDF2B6FB
000000000
000000000
3F73A7CE6
3F1F11318
3FF8CCD38
000000000
3FD8DFCB4
3FFBAE148
000000000
000000000
3FF8261E0
3FD9947BE
000000000
3FDA54AEA
3FE74ADE9
000000000
0001EB852
3FE231035
000000000
0003CD96D
000000000
000000000
000DCB3B3
000000000
0006AD044
3FEAED30E
000000000
3FF417EC2
3FD16E0EC
000000000
000000000
000000000
3FE051EB8
3FF301F93
3FE2FECC1
3FE23B0FD
3F918D570
3FD770A3C
3FEB8A97E
000000000
000000000
000000000
000000000
3FF4CDA91
3FD878DEC
000000000
3FE81B805
000000000
3FF547258
3FFAAFC51
00074C9BF
000000000
0002E147B
3F3B6E18B
000B02651
00057EE89
3FCAD88ED
3FEDBDD0C
000000000
000000000
3FE7A665C
3FD0BE30D
000000000
3FDA5362F
3FD86C134
3FE560B3E
000000000
3FEB55056
0003D2AFB
000000000
000ECA2FA
000000000
3F71A293E
3FF1D8803
000000000
000000000
3FF370126
000000000
000000000
000000000
3FDF9F370
3FF2439F3
3DDA9F76C
0007D50F1
3FEF31FFB
3FED5CC0A
000000000
3FFB6163A
3FF27BDED
3FC1C9917
000000000
3FF90EB8E
3FCA8C266
3FFD5C290
000000000
3FF3345C4
000B57071
000A80671
3FFCFE83A
3FAAD9714
3E7B00CBC
000A59B96
3FFE51EB8
3FC3D3F3E
3FFBA5C50
0000EAF7B
3F9AC4219
000A58B14
000000000
3F7F7C36E
000000000
3FFBE4043
000000000
3FD719797
3FD1F916D
000000000
00063D70A
3FD7B623F
000000000
3FD61B616
3FEBD70A4
3FFC0500A
000000000
000000000
3FA0F1898
3FF1012F4
3FECA8CC7
000000000
000000000
000000000
000000000
000133333
3FBA80381
3F762513D
000000000
3FE2B4464
000000000
3FC6EBF5B
000000000
3FEF9DBBB
3FF3FFFFF
3FAE4A86D
3FF676593
3F9C2A1B0
3FDEF6798
3FE966170
3FCC80F99
000000000
3FAA972D1
3FD5DF8AD
000E4F352
000000000
3FFCE147B
3FF343FA5
00060D6C4
3FFB2437B
3FF6E3AAF
3FFBEB852
3FFD25AE7
3FF4B851F
3FDB37D76
3FF6836E9
0003FF812
3FE5D1240
00018586F
3FDDD6993
3FDF3AAA6
000000000
000000000
000000000
3F80DFEB5
000000000
000000000
3FD9A8CCC
3FEFEB852
3FBA07CF8
3F85F24B6
3FCCAFC6A
3FFEDBC85
3FCCD4D4D
3FE35515A
3F9CDB227
3FDA147AE
000000000
000000000
3F7071F8F
3FF7BC128
3FB64995D
3F9B8F5C5
3F79044D5
3FC4A1FA6
000000000
000518E7E
000000000
3FCBA387C
0001EB852
000000000
000000000
3FC3107B8
3FF397CE0
000000000
000A3CF85
3FDED077C
000000000
3FFAC93C6
3FB7E0C38
000B53239
000000000
3FEDA4986
000000000
000000000
000000000
00068E219
000000000
000000000
3FF851EB8
000000000
000000000
3FF004F3D
3FB9CD505
000000000
000000000
3FB92A160
3FFD2540B
3FC544B6C
3FABA4EF6
3FFA08B8B
3FFA55696
3E9EEF9DA
000000000
000000000
000000000
3FF19B160
000000000
3FF7D70A5
3FFB2C2CF
000000000
000318F4E
3FD9CF3E9
3FD07C677
3F9FF160D
3FE570D1C
3FFCE5C32
3FEB69A19
3FFA00001
3FA1F543D
0008ACDAB
3FD0A3192
3FF9875B9
3FE5695D2
3FC8B2DEE
3FBF62F28
000000000
000000000
000000000
3FFC66666
3FE3EDBB8
3FFC4BB92
3FB5EA1CB
0007E7035
000000000
000000000
3FFD82557
3FEC81D6B
3F41CB732
3FEF4A128
0000FAE04
3FD116BEE
000000000
00029F4F4
3FB56DF64
00074DC78
3FFD76DC2
3FF71EB86
3FFC28F5C
000EC1CDF
000F56754
3FEABA59E
000000000
3FF375812
000000000
000000000
000000000
000000000
3F21C392E
3FE8CAB61
000C42D35
3FD7E6FCF
000000000
000000000
000000000
000000000
3F8CC536D
000000000
000000000
000000000
3FFA9122D
3FFA7D18F
000000000
3FE1A0F0B
000000000
000000000
000000000
000000000
3FFC0DD85
3F9C8C423
000000000
3FFE173B9
3FF5D4791
3FFEB270E
3FFEF98D6
3FFE66E53
0006D6879
000C9BB7D
3FE829B21
3F8C16D6F
3FCDF982E
3FFA7AE16
3FF9C28F7
0007A6A08
3F8EFC248
000000000
3FF9C28F6
000000000
3FF1B66B8
000000000
3FD30F83F
3FFBA510C
0007B8759
000000000
000000000
000000000
000000000
0007D69E8
000000000
3FFE465A9
000000000
3FF405493
000000000
000000000
0009E0335
000000000
3FA607CDD
000000000
000000000
3FE7FD00F
000451EB9
3FEFAE149
3FCE8FD7C
3FDC430F2
000000000
3FF46AD1A
3FD41B1AF
000000000
000000000
3FF191F36
3FF1236B4
000000000
000000000
000F05BFC
3FF4F5C29
3FF5E3F0F
000000000
3F1982938
3FF73674F
000000000
3F5F45F06
3FA39C08A
3FE22337D
3FAFD9435
000000000
3FEEF5C29
3FF9C28F6
000000000
000000000
3FFC93D5D
3FE1D62AF
3FDF7B7F9
3FDB1E5A4
3FFF7CD67
000000000
3FF640EE9
0004147AE
3FE848ABA
3FDDB8239
3FC987188
000000000
3FEC64F22
3FF570A3D
3FD519241
000000000
3FAAC6F9C
3FFECCD30
3FE9C47D8
000000000
000000000
000000000
3FA305B25
000000000
3F9DD6A04
3FAB27F56
0000F5014
3FE6B0717
000000000
3FCD2AAE4
3F9A3FCCE
3FF52855D
000000000
3FEF31B89
00067AE15
3FF90A3D7
3FC924FC8
3FC1FF045
3FEE9E857
3FE6EE4BD
000000000
000000000
3FAD7A491
3FF867AF5
3FE44E979
3FC78390F
3F8B079FF
3FDB876EA
3FF876AC1
3FF30A3D8
000000000
000000000
3FDC2103F
000000000
3FF8FAC00
000000000
000000000
3FDC50394
3FE5B5AFF
3FCE1D272
3FF6FF3EA
000000000
3FD971EDF
3FF987242
3FC6A003B
000000000
0003BBA24
3FFB21915
3FF6E5E25
3F383DC3B
3FE0A992A
3FFC62F0E
3FF4B851F
3FFB59087
3FDEC1BB0
3FD14D889
3FC9C532E
000BAA843
000000000
0009396F3
000000000
3FAF95EBD
000000000
3FA5B7976
0009D1128
3FF4539BC
3F8A88C56
000000000
000000000
000000000
3FF24FA8A
3FDAC67DD
000000000
3F4CF30A1
3F883F182
000000000
3FE1DF92A
3FF90A3D7
000000000
3FFBCFCBE
0002E3D04
000000000
3FD1E7474
000000000
000000000
3FE956D10
000000000
00013DACD
3FF6BE32F
3FE0C5E3B
000000000
00061905B
3F6E063F6
3FE9016D9
000770A3E
000642439
0009BA597
000000000
000000000
3FEA302F1
3FFDF384E
000000000
000000000
3FD89416E
000236B77
3FBC3F919
3FD8AEE07
000000000
3FF6ED09E
3F48B56A0
000000000
000000000
000000000
3FAAF915A
000000000
3FFC66666
000000000
3FEBB9CF6
3FF7E5F31
3FAAABD7D
3FF841671
3FC95CF2A
3FF84EF23
000000000
000000000
3FF6B12A3
3FDE19FA3
000000000
3FDD4FA76
00035C28F
000000000
3FF08AFDA
3FE26600A
3FF3D755E
3FA3A27B9
3FC6F5023
000000000
0003A14D5
000F7A2D8
000EE147A
000000000
000000000
3FE469DBF
3FF3FC206
3FFDB03B5
3FFE0CE17
3FC87C7A1
3FFA3D70B
000000000
000000000
000228F5C
000000000
3FDD5BAA4
0001A680C
3FF766AAF
3FD48ACD8
3FED218FB
3FFF689DA
000000000
3FFD9999A
3FFD1EB85
000000000
000000000
3FEDA3D6F
000000000
3FFCD975B
3FD578FC1
000000000
3FDA51EB9
000000000
3FE0BFEC6
3F6E484B1
3FF6037DE
3F53DEF0D
3FFA7BE75
000000000
3FD21C121
000000000
000C2C951
3FCB8A576
3FFE23702
3FCB4E24B
000000000
000000000
3FFBEF64B
000000000
3FEC83FBC
000000000
000000000
000000000
000000000
000000000
000000000
000000000
3F742FDB8
3F9DB17F8
3FF36D1F9
000000000
3FD57C40C
3FF2E92D7
000E4FDDF
3FFDBAC15
3FD1EF95C
3FF3B2D42
0003CC0D0
3FE9CC0B8
3FFCB1498
000765C49
000000000
000000000
3F5CB3363
000000000
3FBC3FA16
000000000
0004ED8D0
3FFEC54BE
3FDB48824
3FB0CCC5B
000000000
3FE6B40C1
3FF56F211
3FF6E2795
3FE773443
3FAF72E2C
3FF6A4C3C
000000000
3FEC064D2
3FF570A3D
3FB5C1093
000000000
3FE3F8B96
3FF50824D
3F7032CA2
3FDF6B6EF
000000000
3FBCBFA4F
3FF2EB024
3FEB96A0F
3FE04F942
3FCF1619C
000000000
000CFEA0E
3FEFC6172
000000000
3FD1F5507
3FF602018
000000000
000000000
3FC63984F
3FD46B8CA
000000000
000000000
3FF29EA25
000000000
3FDB040D8
00030D470
3FEE7681A
3FEC72E7F
000000000
000000000
000000000
000000000
000000000
3FEAA02F6
000000000
3F9DC0549
000000000
3FDF5C291
000000000
3FF74EDBB
3F7751A36
3FE7CB1C5
3FD77F351
3FEECA5F5
3FD24FE39
3FC564C5E
000B5E323
000000000
3FFC9358D
0008897AB
3FFD4F848
3FAD3BBC4
3FF09F5BB
3FE30DBB5
3FFAD26B6
000000000
3FFE147AE
3FFFAF699
000000000
3FF7DDE8D
000000000
000000000
3FA0AA0C9
000000000
3FE555A12
3FF15C290
000000000
3FD8D097A
3FEC696DB
000000000
000000000
000000000
3FB6D596F
000DBF799
3FE428F5F
3FEFCF18F
3FE77F208
00095C2F6
000000000
3FF839EC6
000000000
3FEC12F1C
000000000
000000000
00009D5A1
3FFB818C1
3FEF30DC7
3F9954B75
00048F5C3
3F88C9386
000000000
3FE732759
000000000
3F93152C4
000000000
000000000
3FF6434B8
000000000
3FAF40758
000000000
3FD801691
000000000
000000000
000000000
000000000
3FE2C239F
3F8FF7C32
000000000
3FFE84404
000000000
3FE8A1D59
3FFA3D70A
000000000
000000000
3FE1BFC83
000000000
0006F1474
3FCD7DD94
3FFECCCCD
3FE6FBE41
000000000
3FFD1EB85
3FF19AC3E
3FA92C234
000000000
000600F54
000000000
000000000
00015E38A
3FE20D258
3FF43D70A
3FD116906
00035DD77
3FE66B5A5
3FE5B0D0C
3FDA2BAF1
000000000
3FEB73E32
3FDDDBB65
3FFDE7F28
3FEE2E434
0000D3B04
000000000
000000000
3FC9D0211
3FCAB0B1F
000BA1995
3FE5FC6F0
3FC68CD09
000000000
000000000
3FD192220
000000000
3FD8DA61E
000000000
000000000
3FEC6B18F
3FF577C3D
3FBC86132
3FF35E2A7
3FDD518D7
3FFC576AF
3FB923251
3FEEDE8AD
3FF9CF46D
000000000
3FF9C5950
000000000
3FED2B2D0
00015EA94
3F827418E
000000000
3FEF30DC3
3FFE52FF5
000000000
00050FC71
000000000
3FE8FC49E
000E03C2B
000000000
3FC356BBE
000000000
3FF88F5C3
3FF9F9409
3FD51A6E2
3FE173176
3FFA7AE14
3FE0F2819
000000000
3EC4E1479
3FECBF542
3FAAA1FF0
000000000
000000000
3FD13B1DF
000000000
3FFB70A3E
3FDDBDD72
3FFA8F4B9
3FEFDA31A
3FF0FD9D1
000066020
3FEE86E3C
000E7FD57
3F50FBA2E
000000000
3FF858986
3FF806279
000000000
3FF8FCB7E
3FFCB1E3C
3FFC9E3CA
3FC0B19DB
000000000
000000000
000746913
3FF25FE13
3FF2C0C58
3FF90F9FC
3FFFB74E0
3FF1C5670
3FC3E5A58
000A7EB8C
3FFC28F5C
3FF55D268
3FF7212DF
000000000
000000000
000733333
0003518D7
000A1E010
000000000
000000000
3FE478099
3FE467211
000000000
3FF60FF70
3FF9021F7
3FDE9644B
000000000
000770A3E
000E9F551
3FD17F739
3FE7C633D
000000000
3FEA64C4C
000000000
3FDEF8D03
3FFD9C798
000000000
000000000
3FE95609A
0003C4F04
3FFA9E481
3FE599999
3F7957290
3FD199F4E
000000000
3FF29C00F
000000000
3FAC074C4
000000000
3FAC75883
000266666
3FE0A0954
3FE4DD23C
3FF98A9DE
3FE81987D
000000000
3FF7BFE22
0003C2710
3FC7D28EC
000000000
000000000
3FFCE147B
3FFF74A6F
3FDD7EF93
3FCC9596B
3FE1BB3F7
000000000
3FD1EB975
3FE0C8ED1
3FF46B356
00074F08F
00080D9FF
3FFC0C7B3
3FCF65A07
000000000
000799C67
000000000
3FF751F59
3FE72F065
3FF3DEE45
0007EB852
000000000
3F82D0EB3
000000000
3FA04ADA7
3FBC1235B
3FFB1B086
0002A3D70
000FE30D0
000DAE149
3FD9ADB4E
0004D14EA
0004D6B73
000000000
3FEF0CC1F
3FC37FC8F
000000000
3FF5EB852
000000000
3FF4F8F39
3FFCF3424
3FDCAEB5A
3F9DE1450
3FF3073E5
000000000
000A264F4
000000000
000107214
000AC1AAA
000000000
000574F30
00077DB8C
000000000
3FF1B8613
000000000
3FF0B751D
3FF0BDBC8
0008CE428
3FB09B139
3F78F0FEC
3FCAEF4C7
0006388AC
000000000
000000000
0004566D6
3FF119C67
000000000
000000000
3FF4DD91B
3FFFF73AB
3FDD1C883
3FF87756E
000000000
0003E713C
00014D8F2
3FECAA53F
000000000
000000000
000769178
3FB8D76DF
3FEADEFD7
3FE8B6CF2
3FECA0058
000000000
3FE46FE66
000BFFF9D
3FF066666
000BEC891
3FFCDF37F
3FF4A4BED
000000000
00035C28F
3F9B98C1C
3FD480B1A
3FBE97930
0004CB507
3FC39EC74
3FAA0C5CB
000000000
00003D70B
000DAD72A
3FC7860F7
000000000
00015D398
000000000
000000000
3FF2CBE5B
3FED7CA88
3FF705D1E
3FEA83321
000000000
3FFFD856F
3FF3F8E93
000000000
3FE8D1B3F
000000000
3FC2559F6
0001CF170
0003C753C
3FE479FC3
3FFAB540F
3FFBABB15
3FC40815F
000000000
000000000
3FF92F642
3FA702489
3FDDD4F58
000000000
3FBB2D73E
0002A3D71
3FFBB0F46
3F828AE11
3FC8A840B
3FABA639E
000450A15
000000000
3FFCF5B1F
000000000
000000000
3F82E443C
3FC83A567
3FC7E9B18
3FFC38708
3FBE844C1
3FF6D8F52
00007D1E2
3F3DB8399
3FE02411D
000E34C16
3FFC28F5C
3FFE51EB9
3FFE0AA93
3FD82B458
000000000
3FF714ECA
3FEBEA7DD
3FEC0C387
000AE9318
000000000
3FC3D3D42
3FC9E98EA
3F9416C24
000233160
0000137D5
3FE2EF68E
3FF69ACCD
000000000
3FC9FFF98
000000000
3FFCD8761
000000000
000000000
000000000
3FF239A95
000000000
000000000
000AAFD92
3FD4C9FFC
3FD6423D6
3FF32A722
3FBBB0B78
3FFFB393D
000000000
3FFE498FE
3FEFA85AD
3FECB7F86
3FA866666
3FFD2E04E
3F35FD6B2
3FEBE9DF3
3FB58ACFD
3FD5A308F
000000000
3FD0AAA6F
3FFFEEE5F
3FAFB3193
3FF38B619
0005CCD78
3FFF851EB
3FF4D780B
3FF458688
000000000
3FFED0296
000C8E650
000000000
00019B3C9
3FE9CF16C
0001B3BB4
3FFE34AF9
3FFA4AF5F
000000000
3FC58E48A
3FD4B9F9B
3FC77B289
000000000
3FF4F5C29
000000000
000000000
3F9D9FCC6
000DF53D7
3FFFC28F6
3FC722406
3FAAD12EB
3FFE49787
3FEB445B4
3FCD1F14C
0001FE99B
0002D17CA
000000000
3FEAEF756
3FBD61840
3FFD1EB85
3FEC833A0
3FD361531
3FE90149B
000000000
3FF19C922
000000000
3FF9851EC
3FDB02354
00097A3F2
000000000
3FC7E8D39
3FF47AE15
3FF9136CD
00095537C
3FFA3D70A
000000000
3FFAD9480
0001EB853
3FEC27D8A
000000000
3FE55AA2B
3F7E289C4
3FF9B094C
3F5F6E7EA
3FF9CBFCC
3FA283D3F
000000000
000000000
3FD7B10D5
000000000
3FE5BD81C
3FF8147AE
3FD42A44B
000000000
3FF837F32
3FC13D6A1
3FE1AE18E
0000B5EA1
000000000
000000000
3FBCA3EE1
3FF64058C
000000000
3FEE43D8A
00048F5C2
3FF47524D
3FD8F6922
000136DAC
3FF8A918D
3FFCBEA38
3FF39F61C
000000000
3FFE3396F
3FCF13342
3FFE8F5C3
0003CF066
000000000
3FF8F6C03
3FD67C25C
3FEC5BFAF
3FCC78664
000000000
000000000
000000000
3FF570DCD
3FF9372FF
3FFB38213
00072FBD9
3FFA7AE15
3FFE8F5C2
3FFED5D06
3FAF2A31F
3FC4741B7
000000000
3FFE92D81
3FF635B37
000000000
3FE3F6680
000000000
000DEB852
3FE90363A
000000000
3FEA90346
3FBA465AB
000000000
000000000
000000000
3FB5BABC1
0008D02DA
3FF851EB8
3FCEAFBC3
000000000
000000000
3FF19E502
00079C19F
000000000
000000000
000000000
000000000
3FE65CC2A
3FFC86823
000000000
000000000
0001052E3
0001722C5
3F9BA7D3F
000000000
3FFC9D179
3FFA665E3
00034B9E8
3FEAC4484
3FBECB3B2
3FFD1EB85
000000000
000000000
000EA0B29
3FEA794DF
3FFF30578
000000000
000000000
3FFC66666
000000000
3FFBA3434
000000000
3FFE66E53
000000000
3FF850D93
3F940E070
3FDD61FEF
3FF917B63
000000000
3F672D53E
000EFFA28
3FACB1A51
3FF1F27F7
00018B730
3FBDC2565
3FF8FD150
3FFF2F8A0
3FF830D05
3FED4DAAA
3FE70A3D7
000880D0C
3F97BD239
3FEC1B813
3FFD821AB
3FF4C3B25
000000000
000000000
000000000
3FFB710DD
3FCFF0875
3FF6AC0E2
000000000
3FD884459
3FFE40284
000000000
3FECA6DE2
000000000
000000000
3FFBB42EB
000CF3F52
0002C40BC
3FFFF7095
3FF061DE3
3FF763DB9
3FFCA5E84
3FE988EE2
000000000
3F977F8E2
000000000
3FF57962A
3FFEE41E2
000000000
3FE739EA4
3FE627465
000ED6D47
3FFF3CB7A
00044A5FA
3FFC8BDE5
000000000
000000000
000000000
3FFCDC7B3
000000000
3FDA23FEC
000000000
000000000
000000000
3FF908F06
000000000
00045BA3E
000000000
000000000
000000000
3FEDA3BD6
3FEF16796
3FD60FC8E
3FFD74DE2
0007B58F4
3FF7278DF
000000000
000000000
3FF49C091
3FFDB7909
0001EB852
3FC4B6C88
3F9CF23C0
000000000
3F8F1F899
3FE8553D8
000000000
000000000
3FC5B899E
3FD90C273
3FC30C338
0007243E2
3FEE7AE14
3FBDECEC5
000CED611
00035D4B6
3FFC66667
3FE9F9853
0003D70A4
3FF666666
3FE1F2838
3FF2AD596
3FDA44DC3
3FD79EE46
000000000
000000000
3FE87336A
00067C563
3FFADA7FF
0009F085D
000000000
000000000
0002F5A84
3FEBFE815
3FDB9744F
000000000
000000000
000000000
3FEAED953
0000C702E
3FFAC4037
000000000
000000000
3FE1CD02A
000AE1CCD
000000000
3FE70F803
00013D4A9
3FE613CBD
3FF54A9BF
3FD8C81BC
000000000
3FCB7981B
000DFDD10
3FFBFD7FC
000000000
3FE08DCAC
000005AA4
0003F01D1
000000000
000000000
000000000
3FDF1AC16
000000000
000000000
000000000
3FC83BB08
3FF0B2D29
3FD53A43B
000000000
3FE2382D4
0003472F5
3FFF56679
3FEA93002
000000000
3FC4DDB04
3FAA0240F
3FE61E3FE
000000000
3FFD9999A
3FF0007EC
000000000
00044771F
3FF2326B8
00020DFDE
000000000
3FFF38F5A
000000000
3FDE8BD17
000000000
3FCAF027C
00077204F
3FFECCCCD
3FC598EE8
000000000
000000000
3FEAF50BD
3FFB1D52C
3FF5F87D8
3FA0C5AAC
000000000
000000000
3F3F97698
3FFDF2022
000000000
0002A57F0
3F34BDCC1
00008CDBE
3FF1D4DD8
3FE4E1747
3FE771B40
000778695
000000000
3F9EDF314
3FC92F255
000000000
000000000
3FF99712F
000000000
3FE8C6AB0
3FF570A3D
000000000
000000000
3FEF22B57
3F8025357
000753F0B
0004147AD
3FF7D4E69
0003E18A3
3FFE66E53
000ACDB0D
3FE948EA5
0006D9547
000000000
3FB751393
3FC2F749D
000096EDB
00043AB64
3FDED8C70
00077540B
00038B26A
0006646B5
3FEB0922A
000000000
00051CE3A
3FFEEA0D1
0008AFBA7
3FEA28F5C
3FF8D78E6
000000000
3FE94DD49
3FFA22AAA
000ED551A
3FE118CEF
000000000
3FD9917C9
000000000
3FD957627
3FB73C1BE
3FCB4A67A
3FFA3E12D
3FFD189AF
3FF19A869
000000000
3FEF4162B
3F990FC3A
3FF8147AE
3FE85736D
3FEEB851E
3FF79999B
3FC9FD91F
3FAB03BB1
000000000
3FF9C28F6
3FFA3D70A
3FFD26358
3FF2ACE2C
000000000
3FFAE160D
000000000
3F9B5E4D0
3FFE74F39
3FFE716E5
000000000
000000000
0004C048B
000D0557D
0000F5C29
3FF47AE15
3FA98C554
000000000
0000F5C29
3FDCB0DB9
3FE4960C0
0004EAAD0
3FC166FE7
000000000
3FFFA89D4
3FAFC3866
3FFDAC7AE
3FFD5C290
3FFB3B161
000000000
000317662
3F64E1753
3FCF260A2
000000000
3FD9F94D4
000000000
3FFAE7182
000000000
3FEB46BEC
3FFC3A161
000000000
3FC66CD6C
3FF8147AF
3FF236D0E
000000000
3FA630717
3FF71EB85
3FE4304B0
000000000
00062B6EA
000000000
3F8873205
3FFF7C217
3FEED02B6
000000000
000326005
3FFC111C5
000000000
3FFF92047
3F763BEFD
000000000
3FF666666
000000000
3FD151112
3FFFF5BBE
000000000
3FFC5870D
3FFE43332
3FFB70A3D
00039F9E5
3FFCA3D71
3FB065C7F
3FFDC0114
3FF71EB85
3FFE51EB8
000000000
000000000
3F94E94C5
000000000
3FFC18842
000AC0B79
0000AD8EE
3FD295A31
000000000
000489579
000000000
3FBEF6E9A
000000000
000000000
3FD8405BB
000000000
3FCB588A0
00039999A
3FF9851EC
3FEC03DD8
3FE1D5A58
00094D20B
0004E4E5D
000000000
3FFB05B77
000000000
3FF6C1130
3FFE78A28
3FF6CCC48
3FC1535CC
3FFE8F5C3
000000000
000B1D9B9
3FFF58231
3FD50A498
3FED1558F
000000000
3FBF20A15
000000000
3FFA18052
000000000
3FFC18778
000000000
000000000
3FE929778
3FFCEAEB6
3FFD24446
3FD3E2B6C
0007D40DD
000A5B6B0
000000000
000000000
3FE52D11D
3FD32F624
3FB0BC60B
0007CA55B
000000000
3FFAF5C2A
000AB0D72
3FEF7F09B
000000000
3FFF86A18
000000000
3FB41D896
3FFD2D49D
000000000
0005C4CD2
0003D70A4
000000000
3FE39E7C8
3FE773135
000000000
3FF7292B9
000F64DB9
000000000
0009A8952
3FE56FA64
000000000
3FE9526FD
3FDE01336
000000000
3FD69D0AB
000000000
000000000
3FB9BE9D0
3FF7409F6
3FCE33E7D
000000000
000A8F5C2
000531382
0000FB838
3FF5CD87C
000000000
000B3D08D
000000000
3FF3918F7
3FF313345
3FFBDDB49
3FF198767
000000000
3FF701121
000000000
000000000
000000000
000000000
3FF243922
3FFC036C0
000000000
000000000
3FC003138
000000000
3FDA47CE6
000209827
0000F5C29
3FD5072B8
3FFE86A37
000000000
000000000
3FEF1094E
3FF8CCCCC
3FE334BBD
3F99A8A8F
0004F842F
3FF71EB85
3FFCA27FF
000000000
3F7824A49
3FFF76234
0002C887D
3FD73E6A7
3FFC5D94C
000000000
000000000
000000000
3FFD5E5EF
3F7BE4BB5
3FFB77956
000000000
3FF5C07DB
000000000
3FF61740F
3FBF78508
3FF2DBD31
3FA9A389D
3FCECE37E
0000A4FA3
3FFE51EB8
000000000
3FE8448F4
000000000
00060ECB1
3FFEFD092
3FF60B494
000000000
00000449A
3FF997196
000000000
000E6F731
3FF143D6A
000000000
3FE92BA58
3FD13B76C
3FFD4E0E2
000CDDC9F
000000000
3FFBFDFC5
000000000
3FE0778CB
3FF47AE14
3FEC6E596
0004506F3
3FF6C9744
000000000
3FED1EBDF
3FF605B56
3FFC96A39
000000000
3FF5DD1F5
3FB2FFA29
000000000
3FDB93DBE
000000000
3FEDDB685
3FFFF5160
3FFA00000
3FFBE1052
000C7A775
3FDF4D0E3
0000EE47F
000000000
3FF852A69
3FFA00000
000000000
0001A80FD
000000000
3FE85F76F
00044F7EB
3FF6E147B
000550E4A
3FD098CB1
3FF8170B7
3FF328254
000000000
3FD032E35
000000000
000000000
3FF568BF3
3FFE147AE
000000000
000210D1B
3FC5C30E1
3FFE5EC83
3FE9FFB0B
3FCF5812E
3FD462F8E
000000000
000483AA7
000000000
000000000
000000000
000C24AA2
0007C5FFF
3FFE51EB8
3FF359A8B
000000000
3FEDAE697
3FE023EC4
3FFA00000
000000000
000000000
3FFE476B8
000000000
3FE217F26
3FEDA8418
3FD33AC19
3FFDC653D
000000000
3FFE99AC7
000000000
000000000
3FCDA8B30
000000000
3FEA9538D
000000000
000000000
0001023BA
0005D1F38
000067640
3FEFE7775
3FECDBBB9
3FFA7919E
000ABAF7A
3FD8D7E53
3FFC28F5C
000000000
3FFAFC373
3FFA0481E
000000000
000000000
3FE39A7DE
3FF0E2D10
3FE0B94F8
3FF97097F
0007EF45A
3FECDB777
000534238
3FF5527AE
3FDB9F079
000000000
3FFCA559D
000000000
000000000
000000000
3FD8AC6DB
00037368D
3FFA1D3BF
3FFC66667
000000000
3FF689627
3FEEC23C2
000000000
000000000
000000000
3FFBA7F6D
000000000
3FF0A3D71
3FEF6B236
000669318
00056740A
000000000
3FE1F009C
3FBA3D2D7
3FE0292B2
3FEBD70A4
000A5C9D3
0003E18A5
3FE0C7C1A
3FDB4CFCC
3FFED9143
3F998F511
3FEAA3D71
000000000
3FF87CB60
3FF2738A2
3FFE8F5C3
3FF4E54AC
0000D0FF3
3FF6E491E
3FFC3AAD4
0004949F5
3FCA1C710
3FEE9408F
0000D475E
000000000
000000000
3FEA54E84
3FF4EB428
3FE84AD11
3FE13AC49
3FD804F3F
3F995F61B
3FEF31068
3FF745ACA
000280074
00018F3BE
000000000
3FF2F2F34
000AAD597
3FF8BC92C
3FC193878
000185270
000000000
3FFB33333
3FDAADDC2
0000F8D39
3FFB56E3C
000000000
3FDD260B0
000000000
000AFB03A
3FFEFC097
3FEFA387A
3FFCA3D71
3FFC850C9
00039ED68
3FF366152
3FFFC28F5
3FFE8F5C2
3FC924609
3F6B1A655
000000000
000000000
3FCD7B701
3FF0D0DD9
000000000
0002E5E14
3FF81B3A7
3FFE51EB8
3FE514385
00064C1B1
000000000
000000000
3FF379FE8
3FBDE96A2
3FD5DFD0E
000000000
3FF420A88
3FFD9999A
3FFD4EA9B
3FFA7D8F5
3FF194C09
3FF352216
3FFDC552D
000000000
000C975BE
000000000
3FF251A0B
3FE26D557
3FFCF5B1F
3FBCF6DEF
00035C28F
000000000
000DD0BF1
3FE4D58C5
00018BF14
3FE2201BC
000000000
000000000
3FFC7841E
3FFB2AB29
00050E747
3FF55E3A4
000000000
3FFBC339E
0004147AE
000000000
3FE201760
0006F9D7C
3FE8E6829
3FED1AAEE
3FFF34E8A
3F8DD376D
000000000
3FCE00259
3FD7B0771
000000000
000000000
3FC57595C
3FB9E0BFD
0006D42B6
3FF9AD8F5
0004C048A
3FFD5C28F
000413F79
3FF9978FC
3FC183EF7
3FEDE9F3B
0000BC3C2
000133332
3FF891005
0000C74D7
3F94C4BE2
3F8DC5CE1
3FFE51EB8
3FE47E012
000000000
0005AC132
3FFE39C77
000762890
3FF55BE8F
3FCA58D1F
3FE6C6C87
0004957E4
000294F12
000000000
000000000
3FED95910
3FD1E8F69
3FCCF8FB3
3FFCF6091
000000000
000C98680
3FD683F74
0006F507A
3F9B608C6
0007E8F18
3FF6B03D6
3FE31B5FE
3FFECCCCD
000000000
000000000
3FEB1058A
3FC590809
3FFEFDAB3
3FD28225D
3FFFB6931
000000000
3FEDAE19D
000000000
3FC04A87B
3FD128E6B
3FF4FA0C3
3FFC9358D
3FE1F63AD
3FEA1A831
00043D56A
3FE6D2802
000000000
3FF22B41F
000000000
000000000
3FFA4C533
000000000
3FF4CD002
3FF44966B
000000000
0004CFF41
3FE17336D
3FFDA8952
000000000
3FFEAF90E
000000000
000000000
000000000
000EF6095
3FEABA326
000000000
3FFA17FF0
3FD8BE422
000C80D30
000A79992
3FDFE16BF
3FDD9C2C4
000000000
000133333
3FE7916F0
3FE1A6BA1
3FE8D8681
000000000
000000000
00099DC42
000000000
3FEC4A2C3
00053C607
3FBA8CAB2
3FFE982DE
0006D50AE
3FFDD70A4
3FF1D70A3
3FDDF6306
000000000
3FFBDE321
000000000
000000000
3FFFD9118
3FCA25EA7
3FB917B22
3FBFE01D4
000000000
000000000
0007147AD
0008E675E
000335B29
000271092
000000000
3FE47C598
000350265
3FE68F5C3
000000000
3FFFE6344
3FE5AA304
3FEB30AC8
0007EA925
000000000
000000000
3FFB33333
3FE4B3F71
000000000
3FF4E6315
000000000
3FFB015B2
000366B57
3FD9B0F02
3FE5F8768
0002DC04A
000000000
3FDA398EA
3FF2F372A
000000000
000000000
3FDFFC05B
000C9A617
3FF04559F
000000000
000000000
3FF18A9AC
000000000
3FEBA576B
000000000
3FF3791BF
000000000
3FF2AFB65
000A2FF6B
000000000
3FE418F7A
000000000
3FF489A49
3FCE427F3
000000000
3FF7C3C4E
3FFDF6F43
3FD63A2CD
3FF4F8C1B
3FF42B9B7
3FDE9120D
0008F5C11
000000000
3FEC5BC2D
0001B1258
3FFF47AE1
0005881DD
000000000
00021AE91
3FFD9999A
00028B1CF
3FEF9042E
3FFCC1130
000000000
000000000
000C7E379
3FE7FCBBD
3FEEA08B5
3FF91D188
00051A76E
3FA2C0306
3FD61BEB1
000000000
3FF6D3C89
3FF175E28
00002EE53
000000000
3FFF522E1
3FD618934
0007FD862
3FF6E671D
000000000
000000000
3FED851EB
3FF7B9C7F
3FFF924CC
3FDF9C40F
000000000
00034D2D7
000000000
3FF0D9C6C
3FE2707FD
00033E871
000000000
3FE215AE6
3FFB25B41
000000000
3FE337FE6
3FFB6025A
0008B5CB8
3FFAA5862
3FE4F92D5
3FA82D00D
3FFAD48FD
000000000
0003588DF
3FF5C71C4
00036EE4E
000000000
3FF054D4B
000000000
3FFA826E9
000000000
000EF12C2
3FD8E50DA
3FB4D3FDF
3FFCFD0F5
3FF929B0C
0009102D1
3FE843F83
000000000
000000000
3FFEC50B4
3FF6A3D72
000382FE0
3FFDFF23A
3FDAC8117
3FD40F691
000000000
000000000
00084E3BB
000000000
3FDE6F5CF
3FF947AE2
3FFAA1CF2
00007D322
000000000
000000000
3FF2AF6B6
000336B12
3FEBFF7A7
000000000
00011024D
3FE9897CD
3FEC9FCDB
0008A5CD3
3FF7A8FAF
0001CBD2A
0004F7627
000000000
000000000
3FFDEBF2C
000839B25
000614A95
0006C2419
00063A014
3FF774A19
00003D70A
3FFE51EB9
3FF6246D9
0004472D3
000000000
000000000
3FBA6B3FC
3FECF9FBF
3FF9A6726
3FF665C77
3FDD42411
000000000
000B5BA93
3FFE526E9
0004A232E
000000000
000B0D879
3FFA1AF19
000000000
3FFCE147B
0006FA8F3
3FFBD48C2
3FF99956F
3FE48BCB2
3FECE6299
000731BD3
000000000
3FE884849
3FF3AC0C7
0008FD6EB
000000000
000000000
0001F40E4
3FEE52FFC
3FF8CED24
3FCB83B01
3FFD39C8E
3FEA32950
000000000
3FF4E7297
3FFEEA08C
000F3668A
3FF682F7F
000000000
3FFB3FDDE
3FFD1814D
3FD434F74
000A3DAD1
3FEF4EBF6
3FFEF90D5
000000000
3FF914B71
000127603
00044F563
3F77E5163
3FEEF8005
3FFD1AC5E
3FD57B46A
000000000
00043B17D
3FFDA8952
3FECF0BB9
000000000
000000000
3FF14A1F4
000000000
000000000
3FFE7D80B
3FF7B6E43
000000000
0005CD0F6
3FFFC68C9
3FDB2FC76
3FBBB8537
3FBBF8210
3FF19E0EC
3FDE42133
3FA36CACE
000892727
3FF7C3A6E
3FF5B84F1
0002BFEDB
3FE069A5A
3FADABC3B
3FFAE43E8
3FF820C47
3FFD0F910
000705341
000000000
000000000
00053926D
000000000
3FBEA56F1
3FD98A7BC
3FFEDE9B6
3FFB443A9
3FF64E481
3FE241E91
3FED6A9BC
3FF419753
3FFE0BA94
3FFE2C73B
000000000
3FE5EC882
3FE4490A7
3FFDC5D10
000000000
3FF41C934
3FE3DA64C
000000000
3FFD8A082
3FFBDA706
000000000
3FCB9E4A1
3FF075D19
0003DB21E
3FD3F065E
000000000
3FF6D70D8
0000090D1
3FE35286E
3FE0DB1C8
000326394
3FFB34AF9
3FFB34AF9
3FFC63675
3FD24D8E5
000000000
3FD4FA9F9
000000000
000B52B10
000000000
3FEB1357E
3FF596667
000000000
3FF88F5C3
000B9BB41
0001AA799
3FEB639CD
3FE20018E
3FFF2F8A0
0000FB838
3FEDC1F64
000000000
3FF145592
3FF468448
3FF0E3F59
3FDB64A27
3FFF808BB
000000000
00004C6C3
000000000
3FF800349
000000000
000154F25
00021FA77
3FF58A44A
3FF2C78F0
3FFB33333
3FFA0A734
0007DC88D
0006F6713
000000000
0004F4A1F
3FF6E2203
000000000
3FFCA3D70
3FEFD8697
0005851EB
3FF695BD1
000016863
00089C7BA
0008A3682
3FEF00811
3FE636E70
3FE6BE15F
000000000
3FFDBCAE5
000074E31
3FEAA39EA
3FFA7591C
0001422E7
3FFA6B843
000CA8DFF
000000000
000000000
3FD8DE4ED
00053AD1C
3FA521208
3FE3A0823
000000000
3FD751175
3FE42F285
3FFE51EB8
000000000
000000000
3FF3C28F6
3FF7D4D8E
00097C95C
3FF7F969D
3FF9AAE79
000000000
000CDB608
000000000
3FFA026CD
3FFDE870D
000085228
3FFC2BFB4
000AD0D68
3FEDAB839
3FF278E65
00074E317
000000000
0007EDE21
3FFC0C4F9
3F9485F8B
000000000
3FF76B6F2
0003EB04A
000EB3305
0004CCA15
3FECA40C1
000000000
3FF871C05
00067065F
000D0AD54
0006073C6
000AA6E4E
000000000
3FF6E147B
000000000
3FF830F65
3FCF4BCE7
3FFE51EB8
0002486F8
0001ED339
000000000
3FFC3DEF7
3FFD04CCA
3FFD6C4FB
0007CE626
000000000
3FFBA661C
3FFEB8B3A
3FEC1F202
0001F6438
000271C6E
000000000
00043FEA7
000110952
00041CD5E
0001C36B6
3FD7A0E70
000632627
00062B761
0006C02A3
000000000
000133333
3FFD2B7C7
000000000
3FF873A2E
3FFA938A9
3FF447EA4
3FF74319C
000000000
000F23FBA
000000000
000420455
000000000
3FF48FCE3
0008F2001
3FEF4C129
0002410DB
3FEFC3C91
0003F384B
3FD45C970
3FF86AD2A
000000000
000000000
00018F2A3
000D4E514
3FFF23B90
000A41E4D
00060B49E
3FF4562AC
000000000
3FD5E6466
3FEB722E9
000000000
0006646B4
3FF9381CE
3FFC94DB9
00015068D
3FE8C31B2
3FFDBAE0B
3FED1E057
000000000
3FF795D2A
0005EF884
00060182C
3FF56EF88
3F6EF8937
3FE16F05D
00013D4A9
3FFC2DED9
0005C53D7
3FD69EC9F
3FFD90A2B
3FF11F165
3FFB9F12A
000000000
3FF39ED22
000000000
000000000
3FF77E9B6
3FFBE16DC
000E577DA
000000000
000000000
000000000
000319564
3FE7F3F6D
3FEC34C4C
3FF492FF0
0002ADA24
3FF16FF78
00032EE79
000000000
3FEDADEAF
3FE557F1F
000000000
000000000
3FE621F66
0004E3943
3FF4645E7
3FFC6BE1B
3FFF014A5
000000000
3FE5C36DB
3FFC6D1FB
000A29E18
3FE834D0E
3FFFC8624
00033EED0
000000000
3FDE1FA85
000A14B2F
0002546BD
000A71652
00021AB55
000BAB741
3FEB46F0D
3FFD42AD7
0003F0477
3FFB16758
000915B5B
000000000
3FEF52876
000000000
000000000
3FFB5A6C0
3FFD89154
000D5D2CF
3FFD43832
3FFD8123F
00073FF10
3FEBEF796
3FCE47FA8
000000000
3FF4C0F7C
3FE8076DB
3FEBA206F
000510421
3FF7AE1CB
3FF8E4BF3
000000000
3FE9F6053
000000000
3FE89810A
3FF3C6D2D
3FF5697A5
3FF28F5C3
3FFAC2F91
000000000
3FE8EDB1E
3FEECEF53
000000000
3FFC28F5C
000000000
000000000
0003F8006
3FFF90216
000074E32
0002C02C3
0003C2109
000000000
00060FBCF
000423765
000000000
000000000
3FF16E1D3
3FFFC4F90
3FCE9B014
3FFA8C6BB
3FEA5E9AF
000000000
3FF2D8EE8
0002C64FD
3FFA220D4
3FE5F96A2
000000000
3FE3AA00B
000000000
3FF729987
3FF860E71
0001E6167
000000000
3FFE8F5C2
00031EB85
3FCF8B64F
3FDAC7A42
00050506B
3FF93A289
0001991AD
3FFCA3D0A
3FF84C95B
000000000
3FF821196
000000000
0002F49D5
3FF2147AF
000015C16
0002576AE
00064E656
3FC2B575B
000000000
0004D826D
000000000
3FF62EBE1
000000000
000000000
3FADB34B5
3FEF9625C
3FF7BA57B
00025A6A1
3FFEA156C
0009B9B79
3FE825336
3FEF78EC1
000000000
3FFE2ED6D
000000000
000000000
00033CFA3
00035C290
3FE66931D
3FF88D901
00089F16E
3FEE34675
3FFE51EB8
3FF19E475
000115360
000000000
3F967DEE6
3FE858B9D
3FAD4A9DC
3FE8543DA
3FFA27968
3FE17FDB4
3FDC38DB9
000082895
000000000
3FF696C84
3FE83E8E1
3FFEDBC85
000346C3E
3FFF97130
0004F4A7E
000678A39
0002FB90E
0001740CF
0001991AD
000000000
3FF8F02C6
000000000
3FCA533B4
3FFD1EB85
3FFB8DC6C
3FE5E196F
0009D802F
000000000
3FF0275A4
000000000
3FFE081DA
000000000
000000000
000000000
3FE6A6556
3FC455FFB
3FE73FB07
000B6814B
3FE40AFEC
3FEF691C8
3FF67FDB8
3FFF0A3D8
000000000
3FFDDE8B2
000000000
3FFBA0956
000000000
3FFBCF0A8
3FFD6F0A6
3FEF37A85
000000000
000000000
000563AB8
000000000
000000000
000000000
000000000
000000000
0000670D5
3FD0F002C
000B0A8E7
000000000
000000000
3FF7E0993
000140B89
000AE1566
3FF32200B
3FD43B10F
00016BCD0
00086A970
3FC0162CD
3FFB957FD
000000000
3FFE147AE
000000000
000000000
000000000
0000F5C29
3FACA4C03
3FEFAAA4F
000000000
000000000
3FE7FFCE2
0000DC346
3FFFDDCBD
00040F3E0
3FF37CE94
3FFC5EE58
3FF71EB86
3FF5DFC70
000000000
000504582
000A4C832
000000000
3FEF1C3FF
000000000
000A4A9C6
3FFC30DA4
3FE639E61
000133333
3FE5C9917
000000000
0000526A5
3FEF37AEA
3FCC826A6
000551BE7
3FCCBD45D
3FE9C07F2
000000000
000000000
3FD79CB18
000000000
3FFEA3811
000000000
3FFE0CF9F
00056FF33
0000E9C63
000000000
3FD74EFE7
000000000
3FFE4472E
0009B2155
3FF7D2886
3FF2AE5C0
000000000
3FBE75E29
3FED7E526
000000000
3FFD5211A
000000000
3FF7D70A4
3FF4C31C9
000C4EA46
3FF5795C5
000105855
3FFE51EB8
3FF43485D
00015DE80
3FF4E893E
00045F6AB
3FF73B32E
3FFCE66B9
3FF98DAC0
0003EE3B7
000000000
3FE391A85
3FE7D3C4B
3FF0AF3DD
000D84EEC
3FF961233
3FC150E0F
3FC970309
000000000
00056F3E5
000799C32
3FF5C30E2
3FEFEB853
0006B346E
3FE5BB5DB
000000000
3FF6AA072
000000000
3FF8860DB
3FF751532
000000000
000D77E67
3FF8775D0
3FFF424C0
000000000
0004CE493
0000C3429
3FD8F0433
000000000
3F88EBF55
3F89F1A05
000EDFD1C
000547AE1
3FCB33334
3FFB781E6
3FF6BB209
3FE7C90A9
00008043A
3FF5A0D6D
000BA1D30
3FF60D366
3FF049A10
3FEC697D3
3FF7D648D
000000000
000000000
000000000
00035FEFA
000D2EB15
0003FE554
0005829A8
3FF33EB0D
000B78867
3FEA3082F
3FDEE2BD9
3FF638B88
00088C167
000000000
3FF5D5D68
000000000
000157222
000745EF1
3FFDD9C4C
3FEC14CB8
000000000
000000000
3FFE0E5F6
3FFC15B41
000987BE2
000471EE8
000DC0AB2
3FFEB270E
000000000
3FFD510D1
3FE90EE34
000000000
000017F8C
00017AA1D
000000000
00041BC67
3FFA1DF6F
3FFDF1C1A
3FE1F8B72
3FF638488
3FFD73B5B
000842713
3FF54AF28
3FE5D3F80
000000000
3FFC03950
0007572EB
3FFF6A527
3FC153E04
00007AE15
000C975BC
0001482CE
000CA6D1F
000000000
3FF1AB813
00041C4CE
3FD9FEF40
0002F7C41
3FC8619BE
00038CD27
3FF8F2A87
0008CFC7B
000773DB0
3FFD861C5
3FF2E2119
000000000
3FC3F62DD
3FF30F2B7
3FEE7AE14
0005D78F6
00003A718
3FFD1EB85
0003394C3
000329385
3FFD4982C
3FF0F7D07
00057B6EF
3FEC5C76C
000505F0A
3FF392F99
3FEF88641
000A06FBB
0000A9567
00029CBD4
3FE5E3573
00058A02F
000000000
3FDADF3D5
3FFF5F9A5
3FFDD4116
3FF1639D2
0002F44E8
3FF961233
3F867415E
3FEBD70A3
3FFCD3C89
3FFE3E86D
3FFA9D451
3FB8D097D
00029B1E6
3FE445442
000000000
3FE95D6B3
000063521
000320EC0
3FEB2E052
3FD4B662F
000000000
000000000
3FFD5C290
00010868C
00049DB59
000000000
000000000
3FC1ADBF7
000000000
3FFE10EBF
3FEF84915
00050E237
000323F53
3FFE993A2
3FEECE5E1
3FFAC9194
3FF4725D2
3FF194374
00019B1DB
3FFA3EF38
3FF518F64
3FE1B4FD1
3FF139E1D
3FF936206
000000000
0002D3D58
00051ABBB
3FF3DFCF9
000307B92
000000000
3FDF47289
3FD43AD16
0005CB307
3FF7F70D1
000645D20
3FF4ECBF0
000000000
3FF9D6854
000000000
000C0903A
0001AE148
3FEF09333
3FFCE84E0
3FFEC7D48
000000000
00014D8F2
000B9CA12
3FFD856AC
3FF8EC402
000000000
3FF24D635
000000000
3FFA6F9FF
3FFCE147B
3FEC51EB9
3FF3F9918
000FB391F
000478039
0000FADA5
3FFDE7776
3FBE1DDED
3FFD2D49D
000000000
3FFA5C610
000490DEE
00049A5F0
0001AD118
3FCC25E3E
000000000
000000000
00078C5D2
3FFB8F257
000000000
000000000
00019E558
000170A3D
000939A73
000000000
3FF813D8A
000AFB03A
3FF4E8244
000000000
000000000
000000000
3F7CAD48B
3FFD712EB
3FF865628
000396B9A
3FEE44AF3
3FDB067CB
00013D4A9
3FF32CAFD
3FFEB2DAC
000000000
000FF68A5
3FFDDA6D2
3FE6D2C4A
3FFBEA470
3FF8CC0C8
3FFC66666
3FC1BFB34
000128B33
3FFD58111
000355E44
00007D46A
3FD3F87CC
3FED931AC
0002F3BEE
3FF933583
3FF8775D0
000062400
3FF8DEA84
000810421
000294DB8
3FFBB9941
0002CF4D1
00059072B
000000000
000000000
3FFCFB1A7
000000000
3FF86EE1D
0002831C2
000EED50B
3FFD262CA
3FC4D0579
3FFD9D5A0
3FFB803B4
000BDF92C
3FEDA5407
3FFAF5C29
3FC5A0CDC
000000000
3FF0DB94A
000000000
000266666
3FFB0D6E1
3FF570A3D
000000000
3F99E022B
000000000
0004A92F1
000538B29
000000000
3FFCAADD5
3FF8FB3B9
3FED573F4
00029059C
000000000
3FD5D8483
3FE009DB6
000694E60
3FE6667F4
000953190
3FE554A19
000000000
000000000
00059EA5A
3FFD917CC
3F968030A
3FEFC7F6C
000000000
3FD6F1E2E
0000DEAA3
3FF5512A3
000000000
3FB38E6C1
000060A90
3FFA5BEBD
3FF5EB786
000000000
000000000
0002E147B
000349032
000000000
3FF25F52E
0000E93C6
3FFF8A856
3FE4ACBD1
3FF867ACB
3FF3E3AA4
000000000
000000000
3FFFEEE5F
000000000
000000000
3FFF30E6E
0003188E7
00035C290
3FEA91088
00049DD4C
3FFA2191F
000000000
000000000
000000000
3FF63A4E4
3FFD9893A
0003C9D49
000000000
3FF839F2E
3FE587731
000000000
3FE61A484
000000000
3FC582997
000000000
000000000
3FF946D76
0004596C7
000000000
00010868C
000000000
3FFA3A6B2
000000000
0006F916C
000090B21
3FFEBDD79
00029059C
3FFC03012
3FF827C01
3FBAB55AA
000DF006E
000842833
000170A3D
3FF8F0C1F
0007F6790
000B8CEC1
3FFCE6C58
3FF3680E9
0003E2AA2
0002F7C41
3FF4F0CA5
000000000
3FFE0D903
0003DC8BA
000B8270C
3FFCB4181
3F8F5BF50
000000000
3FF5BD0FF
3FFE5E1FE
3FE3B855A
0002D4DF4
3FF9F5879
3FF9F1048
000000000
000503E7F
000000000
000000000
0002D4143
000000000
3FF8C2096
3FF336462
0003BF561
3FFBE4042
3FFCC8750
3FFE2C73A
3FFD678EF
000115F74
00007D276
0004BD100
00025208D
000774AF4
00041BFBD
000469E43
3FF02891D
000000000
000000000
000E53FBB
3FFDD70A4
3FF57CEB3
000000000
00031B3EF
000000000
000000000
3FDD38F60
000000000
000170A3D
000000000
000062F4E
3FF55B2D3
000000000
3FE13E00C
3FFC7262D
000000000
3FFD868D4
3FBAFF500
3FEABD200
3FEF32EB3
000170A3D
3FFB7E22E
3FFA3087B
000000000
0002BD529
000000000
000000000
000000000
3FEDF2379
000848885
000000000
3FF8CCCCD
000682623
000000000
3FF548EE4
3FF71EB84
000000000
000000000
3FEF86D23
000000000
3FDFBCCD0
3FF6A3D71
000EF82E2
0000F37E8
3FF4D65B7
3FECE1176
000319BED
00018E56E
3FFFB815C
3FF97928B
000000000
3FBD3360D
000000000
3FEEE83D0
3FEFAE8E4
000B08509
000000000
000000000
3FF5F16AC
000000000
3FEC8D29E
3FF79C925
000D8D1E4
0008B48D7
000000000
3FF8AE253
3FF3E67E1
000000000
3FE325FB9
3FFC979C4
3FF36B474
0001EB852
3FECD63FE
3FDBC75F5
3FE2B3BFE
000000000
000000000
3FFD9C799
3FF2A0CD9
3FF9F87F1
3FE31E2CE
000DB5D3B
3FDF0992E
0004AF818
0004380F5
000D83370
3FEF9010B
3FA5D87DB
000986D83
3FFD1EB85
3FF75C28F
3FF767191
3FEE8416A
3FE9EB852
0008F9E2C
3FFDBAF9A
3FEB09D16
000540996
3FFFA016A
3FF787DD7
3FEEBF379
3FFC17528
0000BCDA0
3FF61C391
3FF41B1A1
3FFC35AA4
3FEEDB1BD
3FFEEA08C
3FF220FBB
000944DEB
3FFE7AD90
000342DE3
3FF678610
3FFC5C122
3FDEB0918
000000000
3FF8EC402
3FF92E6DD
000000000
3FF2A9B82
3FF4E849F
3FEC0B5E7
3FED84664
0001FF6CB
3FF426EDE
3FFE147AE
3FF3F49F7
3FF889E10
00042C60F
3FF9AB1E8
3FE4924F4
000000000
3FF72C311
000000000
3FFEB33E9
000000000
3FF5EB852
3FFAFAECC
000C2577F
3FF4BEADA
3FFA6F3FC
000000000
00060A7DE
000000000
3FC8F4F1F
3FCFA61A6
3FF46818A
000000000
3FF47067A
000000000
000000000
3FEB8A916
000373CA7
3FF602CF5
3FEF72139
3FFA855AE
0000411E0
3FFE7BBB7
3FF520136
3FF69513B
3FEBED9F8
000000000
00020DFDE
3FE987260
000000000
3FF55583A
3FF790D9B
000177F88
000000000
000000000
000000000
00001DF0B
3FFC87052
3FFC17528
3FF3282E0
3FD88C866
3FF71C2FC
3FFE7AD90
0002E147A
3FFE8F5C3
3FFDEF2E5
3FFC86823
3FEFDD1F6
3FFD5C28F
3FE2BB1B3
3FFAF5C29
00045EC88
3FF296155
3FF1101F9
000F0C1BA
00003A718
000AE6484
0003C2109
3FF4C148E
3FF65EE57
3FD4FCD6E
000A74AF2
3FF850D92
3FE509350
3FF7A8952
000000000
3FD87D7E1
3FF4D65FB
3FF6E115D
3FEDB5A1A
3FF292EBC
3FF2277FA
000417930
3FFE2C73A
3FFECCCCD
000A3271E
0008A3D70
3FF29E25F
3FF6C9526
0001E78DC
000000000
3FEE0394A
3FFECCCCD
3FF68E2F8
00035BAAA
000000000
3FFA95500
3FFEDBC85
3FFB81A50
3FF7D9A57
3FFA855AE
000149F43
3FFD5DA55
00065A396
3FF423FB9
000000000
0005BF390
3FFA0B2EA
3FFD8B5F8
00006CC4A
3FFA7DE07
3FF3719B0
0002BD528
0006C454D
000CE99A9
000339F4F
3FFEA156C
3FF438771
0007C48A9
00093C901
3FFC86824
3FF877443
0009C547C
0001444D5
3FF411FAB
3FF53F8CE
000000000
3FFCA3D71
3FF817D77
3FFFD60CB
3FF89B588
3FFF6087E
3FF9EE057
3FFCDEE48
3FFA5A939
000000000
3FF454A1E
3FFC9B94D
3FFECCCCD
000000000
3FFE5A0EA
3FFCE8C24
3FF8691CA
000000000
3FF6EB9A9
3FF787DD6
3FF7FA9BB
3FFEB270E
000000000
000000000
000000000
3FDB1ACAB
3FFBBAACC
3FFE7E422
0002DC7B3
3FF5CB1E8
3FFB77AA2
000A89C81
000000000
3FFD27456
000E91FB9
000000000
3FECB88E2
3FF57A3C9
000001888
3FEF0FBAD
3FE5B3EF2
3FEF3C309
3FEDAC0C9
3FF7DAEFE
000000000
3FF89DD4C
000000000
00075BE88
000000000
3FDF6D695
3FF9F1048
3FE7651BB
000000000
3FDD8DD48
3FDA6E086
3FF9851EB
3FF7A965D
3FEF133CB
000B34EBE
000000000
000D589B3
3FEE74E31
0002DCA0A
3FFD64E1A
3FF694206
000000000
000000000
000046424
0000FB838
000683DEA
0002C19C0
0005ED535
000090B52
3FF694DB9
3FF291203
3FFD30B2E
00020D810
3FFE925B4
0000FF29D
3FFBF0EC3
3FFE43411
00039A421
3FEED7C54
3FFEB270E
3FFC58E74
3FF7ADD2C
3FFC8DE6B
3FFDF2022
3FF598757
000DD093A
3FFEB270E
3FF0637AA
000000000
000000000
3FFE43411
3FFC6CDB1
3FFEEA08C
3FD012B44
3FFD11392
000000000
0003C808F
3FF82787D
000000000
000864229
3FFE7AD90
000000000
3FECD9649
00035B8D1
3FFB30223
3FEB361B9
3FFF26B80
000000000
3FFF090BC
000000000
000000000
000000000
000352C1B
000000000
3FED71C56
000000000
000000000
3FFB93B89
3FEFAE548
3FF7C8086
00080CD7F
3FEC5F71D
3FFEB270E
000197A43
3FFC8F4DC
3FFF32B47
3FF663549
000000000
000263868
3FFE147AE
000000000
3FFB8E7BA
000000000
000000000
00030FBCD
000B1B76B
3FFEB270E
000471653
000000000
0005BC0E4
3FF2906E9
000000000
3FE834AB8
000A58645
3FC5001B6
00015EA94
3FFA02E00
000000000
3FFC2F2C5
3FEBF8C0C
000000000
3FFD2C378
3FFE54EAB
0004701AA
3FF79B1C6
0000A10AC
3FFEB7134
3FDC8D108
3FFA22FBB
3FFCE3857
000000000
000C8B5F7
3FF9581C8
3FEBAC1D8
3FF64618B
3FF497EB5
3FFE7AD90
000000000
3FFC381CE
3FEF0341D
3FFD81109
3FF8EB1D5
000000000
000000000
3FFC6DE77
3FFC40498
3FFA88AB4
3FE9B7024
3FC38C235
3FF3BB0E5
3DAF7E477
3FFCA4555
3FED49F20
3FFEEA08C
3FF3D6C7C
000777D3B
3FFB12FE8
000000000
3FFEB270E
3FFC1F052
3FF27C83D
000000000
000000000
000000000
3E79A3BDA
000F173DC
000000000
3FCF0994B
000000000
000FAB55E
000000000
3FFEEA08C
3FF6110FF
000000000
3FF605C83
000000000
3FF6E0866
000000000
0000B414B
000000000
0001F9244
000000000
000000000
000000000
000000000
3FEAF8DC6
000000000
000000000
000000000
3FFDC5D10
3FFA12B72
000000000
000DD392D
0005B516A
0005EF881
3FFC51E34
3FFC86823
3FFB38F30
000000000
3FCF5B504
000000000
000000000
0002B8734
000000000
000000000
3FFA607CE
3FE6487D9
3FF1E3DAD
3FE461D19
3FE0FA73D
3FB432F30
3FFBA822C
3FA113E46
3F94BBEC5
000000000
3FDE408B1
000000000
3FFC2A788
3FEBE4830
00022BFAE
000000000
3FE04D8F0
3F8D73585
3F8F69975
000370232
0008CD5A4
3FFBBD867
3FFF0A3D7
000000000
3FDFB0543
3FB94D24A
000000000
000000000
3FFFB516A
00031EB85
3FE16DAEF
000000000
000000000
3FD7A20B7
000000000
3FF27C334
000000000
3FF706B2C
3FFA00000
000B7703E
3FD133134
3FED202A2
00066CA0E
3FF3851EC
3FDA61516
000000000
3FF31C380
3FE036AD0
3FEC0A462
000000000
000000000
3FEFED654
000000000
3FFC01CC5
3FF5EB852
000000000
3FE5FAC73
3FDBB9855
00039999A
00079C19E
000000000
000000000
3FFF59388
3FEEFD3D2
3FCA83D1C
000000000
000000000
3FFEDEECA
0001E00FD
000952E6B
000000000
000000000
000000000
0006149C3
3FFE43411
000000000
3FDB4E7FE
000000000
3F0025436
000901D23
0009DAD13
000000000
000000000
00079F1F6
000000000
3FED851EB
0004C1088
000000000
000000000
000000000
3FEA2C935
3FEE9BD05
000000000
3FC0295FB
3FF30AD32
000000000
3FAE797FD
000000000
3FF3AEE03
3FF33449C
3FACC7531
0002B4B90
3FDC546B9
3FEB6636E
3FF1BD75A
3FE4076A1
0006B6CF2
3FE001170
000000000
3FDD5A4DD
3FEF76C5F
000000000
000000000
00099848D
3FF3C6689
3FD6930F7
3FD76804D
000623914
3FEC06215
3FB111A44
000000000
3FE676C79
000000000
000000000
000000000
000000000
3FDC6E75A
3FD64AD69
000D31C88
000000000
3FFE8F5C3
00059A88C
3FB14B5B6
3FFA1A87C
3FEF5AE22
0006D7553
0008234EE
000000000
3FEED79DC
000000000
3FFC28F5C
000C646B4
3FE7F6F5F
3FFBAB346
3FC984DA2
3FFE43F5F
3FFE8060B
3FFE4DD25
3FF17C578
000000000
000000000
0009B0160
000000000
3FF6A277A
000000000
3FFD1EB85
3FED851EB
000000000
000075980
3FEF050EE
3FE33C48F
3FF8BD7A0
3FD8EAA23
000000000
3FF634F22
000000000
3FFD770E2
3FFE3FF0F
3FFA4AE96
000000000
3F58C272E
000000000
3FF856003
0004D14EA
000282847
0001DEA60
0000C750A
000000000
000000000
000000000
0001A70E3
000000000
3FFF29D00
3FFCA4B78
3FF19999A
3F92147D0
3FDFDFFAD
0004E1690
3FFB76778
3FEC87DB7
3FEECE069
000000000
3FDD6629F
3FF8A53BF
3FFB48A36
3FFC524D6
3FF2EF3EF
3FF80DF39
000000000
3FE4FD81A
000000000
3FE9BC4EA
000000000
3FC5F8615
3FF48C23A
3FFF1639E
3F88837DF
000DDB0D4
000000000
3FECDDF99
3FD3420BB
000000000
0001482CE
3FD7391E7
3FFE51EB8
000000000
3FF35314E
000496602
3FFCD4113
3F315ECB1
000000000
3FB02F277
3F9D2BBFF
00060AA00
3FD11DBCA
000000000
3FF0A3D71
3FFDFD81E
3FFEFB41F
3FD838B54
0002526C6
3FE2A4483
00057AEFD
000000000
000000000
3FEAC250F
000000000
3FD6392CB
000000000
000000000
0004C5D87
000000000
00019C64B
3FE08DBCD
3FE5BEFE5
3FFC86823
3FFAD0E69
3FF9941A4
00099E1B7
000000000
3FF2E2463
000337CFF
3FF56F1AB
3FE94060C
000000000
3F64DCB0E
3FAABD1B5
000000000
3FFCE147A
000000000
000AACD6A
000000000
3FBA587CC
000A7EFD3
3FEEAC29F
000000000
00012437B
3FFF110FB
3FE5011E9
3FF5E4231
3FFEEA08C
000000000
000000000
000000000
3FFA5D3B6
000AF6C01
3FDD829E7
000DB7183
3FE9B887B
3FFB07BD2
000000000
0000E2389
3FFAFA3DF
3FF5EF00D
3FE36FA3A
000BFD4B6
000000000
3FD629252
3FEDCB4B8
3FE4EDE64
3FF4BB4AA
3FDCD382F
3FB33F3FD
3FFECCCCD
3FEB80CCA
000000000
000000000
3FF7D70A4
000000000
00048DCDE
3FDD0E0F9
000266666
3FE1C536A
3FDF05259
3FF5FEFC1
3FFFB393E
3FED342A7
000000000
3FEA627A1
3F793BF0C
000000000
0004AECF7
000000000
000000000
000000000
3FE51EB86
3FFB91554
000000000
3FEED7B5C
00048F5C3
3FFC66666
000000000
000000000
0002223C8
000000000
000000000
3FE977F2A
000000000
3FF997569
000000000
3FCF04A28
000000000
3FFAA2FA7
0001A70E3
000000000
3FD669E5F
3FD73CFDE
3FFAF5C29
3FE8C98B1
3FF5A822B
000000000
00092AAE8
000E65794
000000000
3FF851EB8
3FDEB2D9C
000000000
3FEEB851F
3FFAAF804
3FFA719F7
000524996
3FE25F74E
3FC6A8DB6
3FE543623
000000000
3FF9D1E2B
000000000
000000000
3FFAE8437
000000000
3FEF542FA
3FFC94770
3FC32293D
3FE728344
000000000
000000000
3FFE7F3E8
3FC905C73
3F8AF3288
000E2D112
000000000
3FE678AD7
000000000
3FF4F5C28
000000000
3FFF06462
0001FC09C
000000000
000000000
3FF9851EC
000000000
00064A477
3FFB0F5D2
3F1CA84FF
000D37AED
000000000
3FFE8F5C2
3FF3B63B9
000025684
000000000
3F77976A2
000000000
3F36CFA83
000000000
3FF291EB2
3FE7C4183
3FA9A3131
000000000
3FA7127B4
3FF3839BF
3FC588892
0002CE6CA
3FFECCCCD
000000000
000000000
3FD652194
000000000
000000000
3F7472DFC
3FD1AE146
3FF6C40BC
000051C1E
000000000
3FFC28F5D
3FEF9F383
3F80B02C8
3EAF2BC27
3FECB1969
3FB204BFE
3FB226F46
000000000
3FB478477
3FF6F7C41
000000000
000000000
3FEAA994A
00017EEA7
3FEB755F8
000000000
3FD0AE2EC
3FBB5DCD3
000000000
3FEA228D7
3FF6B45B5
000613EB4
3FF97ACA6
000000000
000000000
3FF9C305E
000000000
000000000
3FFA46270
3FE3F17CE
3FF751B56
000000000
3FF88C635
000000000
3FAC788A5
000000000
3F876A0D8
000000000
000000000
000000000
000000000
0005A1994
000000000
3FBA0220B
3FED5B6B5
3FFC86823
000000000
0005C28F5
3FF45A7E9
000000000
000BD0A3F
000000000
3FFCA739E
3DFCE960B
3FFC80FA6
000000000
3FF912A3D
000000000
3FD23A9EF
000C6BE5E
3FEDFDA93
000000000
3FF30AF86
3FDFD70A3
3FFF6AEC7
3FA6F6FF3
000586A73
0001BCBEF
3FAD999C6
3FFB9C205
3FFD1196D
3FFFB094C
3FF66D25D
3FC143259
3FFB093FE
3F1B029B7
0007EB852
000A979E8
3FF3132E0
000000000
00010868C
3FFEEA08C
3FF99E363
000000000
3FFFC28F6
0000B253C
3F7A01522
000ECB2B3
000000000
000000000
000000000
3FFD10EE7
3FFBEB852
000000000
3FD9BD81E
000000000
3FEFF32F0
000000000
3FFD99293
3FFD6FCB9
000000000
3FFE506F1
3FFF851EB
3FE4AE88E
3FC27BF74
3FEB4EB0F
3FAB30D5D
000000000
3FEE07748
00082A789
000000000
3FF0A073E
000000000
3FFA00000
000283C17
3FBD860BD
000000000
3FC740D4F
000000000
3F8896C56
000000000
000CFF0AE
000000000
3FF227FE9
3FFD5C28F
000000000
3FBE780D2
3FF8F53D6
000000000
3FFD8E392
3FFCEF30C
000000000
3FFF6CE79
3FF67278F
3FDE32180
3FF6D24C4
3FCDD70A5
3FF8F96DB
3FA057ADD
3FFCE8E16
000000000
3FFB70A3D
000000000
000A185A6
000673732
3FF90D048
000060EF4
3FE16F65B
0002E68AD
3F8433687
3FFE51EB8
3FE6001C6
3FF1011A2
000000000
000000000
000000000
3FCF1DC04
3FD8B51C3
3FDF095A7
3FA5E88D0
3FEF47A38
3FDD960F2
3FFA8DC29
000F2C91D
00085B9BB
3F7F07DE6
000000000
3FF3A79DD
000000000
3FEDB4C13
3FF6B37AD
000000000
3FEE08FDF
000000000
0003981D5
3FEB353B5
3FE158B36
00012437B
3FF14A53C
3FFB38F31
3F8A23578
000451EB8
3FA976EF1
000000000
3FE9CA825
3EC903615
000000000
000133333
3FF1F07F6
3FFCE147B
3FD004FDD
3FB891E08
3FF139338
000000000
000FEE3B2
3FBE35024
3FEFE32CF
000000000
000000000
3FF0F6E30
000000000
3FEA725C5
3FEE2E081
3FBC6D91A
3FE8557BE
3FD9F7646
3FED814B3
3FA479A50
000000000
3FEA12DD2
3FF265060
000000000
0004CCCCD
3FD006FC7
3FFC9C6EE
0002EC3C0
3FFC8CC4A
0005988F7
3FD3E7E3E
00051174F
3FF45442E
3FFCF5B1F
0000E0C8E
3FE5888C0
0003536A0
000000000
000000000
3FFB33333
3F86BFFF2
3FDFBC821
000000000
3FE71FC9A
3F8A1A7B7
000000000
3F9DB1175
3F8381A65
0005BA0CB
3FE829750
000000000
000000000
3FDE0DEAC
000000000
3FFF21A09
3FCA221AB
3FE00A4C4
3FF516933
3FF15305F
3FA207F7A
000000000
000000000
3FE89D4D4
000000000
3FF1660EC
000000000
000000000
000000000
3FFDEF096
3F72C0FA7
3FF666666
00035E497
000000000
000000000
000000000
3FD7AEFB3
3FD5A0868
3FF52E0CB
00082D4BE
0007534EC
3FF829D6F
3FAA0B258
3FFBD8E85
3F7D7767D
3FC5BB4AA
3FBC74B73
000000000
3FF6CD220
3FE9123D5
00042A3C4
3FFF851EC
3FFDD70A4
0000EE9E6
00073E6E4
000000000
000000000
000000000
000279739
3FE5E56FB
000A4DD5E
000000000
3FF9D18AF
000000000
000000000
3FE686075
0004CCCCD
000000000
000000000
3FF525C30
000000000
3FFE58F1D
000000000
000000000
3FDB6E30C
0003FF813
3FED60875
3FC9B7B60
3FEF33E7C
3FFA62B7F
000000000
000000000
3FFDF53C6
0000484E5
000000000
000000000
3F683BD4A
000000000
000000000
3FEFD65FC
3FD49990F
000000000
3FFBE4043
3FDD33334
3FDDA304D
000000000
0006B0D76
3FEE9C6D0
3FA45FF71
3FFC0C2A9
000000000
3FF4C983B
000000000
000000000
000115F74
000000000
000123DEE
0008C24AC
3FEAE4B6C
000000000
3FF5AEE8A
3FFE3EF30
3FEC86D81
000FE18A5
0003E8AD8
000000000
000000000
3FE7EE946
3FEFCB1E3
3FF36CFD7
000EB5554
3FEA139EC
3FF6EB58F
3FFAA4D4A
3FF04FE3A
3FF2CCCCD
3FE3D92CA
3FF3299E4
000000000
00004C38C
3FF9A614C
3FFA4541E
3FE561789
3FFCBFD70
3FFA25EE5
3FE4A8019
3FECD5508
000000000
3FC5064CB
000000000
3FF3ACC1C
000000000
3FF5FD7FB
3FF64894C
3FDAD04E7
000000000
000000000
000660AAD
3FF66F6A2
00000C85B
3FFB859D8
000000000
3F9B85AFE
3F9D33252
3FF14BF59
000000000
3FE5E45D5
3FF528A69
000000000
3FFE7AD90
000000000
3FFEEA08C
3FFD38E31
000000000
3FF57C749
000000000
000000000
000000000
3FF354B6C
000000000
000000000
000000000
3FE65A723
3FF3F1364
3FCF1EC14
3FEBCC5C5
3FF781A75
000000000
3FF067DC6
3FE8F5C29
000D641CB
3FD6B49FD
000A5C6B9
0002343E8
000000000
3FE5F2AAA
3F9DAD1D0
000000000
000255EE9
3FF72AAE4
000000000
000000000
3FE81CEAC
3F88DCED8
000000000
00003D70B
000000000
3F95948B1
000000000
3FD4CAF36
000000000
0007B78E7
3FD62184F
000000000
3FF0A601F
3FE5F96FE
3FE8EAF51
3FFBEB852
0009A9A4D
0005DF0A0
00018AFFC
0009A253D
000000000
000000000
000000000
000C29ECC
0000D11DA
000000000
3FF8A87A5
000000000
3FFE8DD3B
3FF221041
3FECEAE2C
3FFB769B9
3FFEFC983
3FF6980CA
3F9943F87
3FCD98EA8
000E40144
00067FBA6
000000000
000000000
000000000
000000000
00067DE6B
3FFCE147B
3FCE2987C
00091C7AA
000000000
3FE67083D
000000000
3FF1E6738
0002516CB
0004AD666
0002A3D71
000C6A49B
3FF3A7DC0
3FFD9999A
000000000
000000000
3FE19AEE3
3FED32E68
000066C80
3FF92B4C8
0002A858D
000000000
3FFEB6506
3FF08E31F
3FE62E0F0
3FF293481
000BD89C2
0006BC0B8
3FD6894D5
3FAD76186
000000000
3F9CCD849
000170A3E
000000000
3FD1719CA
000000000
000115F74
000000000
000000000
3FDB26A4E
3FFDCB079
000000000
0007C3148
3FF23821F
3FE5B7909
000000000
3FF111A01
3F81B71AF
000000000
000000000
3FDE55843
3FFDA2F46
3FF9140EE
3FC1BB756
000000000
3FB3498F3
3FB2A6001
000000000
3F6DC0FDF
000000000
000000000
000000000
3FDBFABCD
000000000
3FCD70D52
3FE38938A
3FE765D66
3F9412066
3FF9A49EC
00024071D
000000000
000000000
3FC1EA613
3FCCA51C5
000000000
000000000
00064C918
000000000
0002A3D71
3FF3C28F7
3FF6E147B
3FEFD9B00
3F9E5F93B
3FC49EEF3
000551DD1
3FB9008D5
000000000
3FFCE147B
3FF10CF3A
3FF97C343
3FCA6A0BA
000000000
3FF5742C2
3FFA86802
000000000
000000000
3FF55F89C
000000000
3FE35442C
000000000
3FCD0FB07
3F9E55D6B
000000000
000000000
3FFB8BA1F
3FFB44D67
3FFC07FFC
3FF0F3CCF
3FFF391CA
3FEDA2D41
000C6A3AA
3FF8A7D1A
000000000
3FDF07C58
0003E18A3
3FFFA7275
3FFE2A679
3FFEE05EF
3FF718ADA
3FF5DC834
3FFA73606
00068C338
00080F80A
000000000
3FFB38F30
3FFE43411
3FDDB8E4F
000000000
3FFD9B0FB
00006CC62
3FEF41C4A
3FDF12A8C
3FD24CF6F
000000000
3FF2CCCCD
3FA0819F2
0004CCCCD
3F13D724F
3FD4077EA
3FD751EBD
000ACA88E
3F7C8329E
00078A8B7
000000000
3FE3FAD1B
000000000
3FDFF2A74
3FFDED2F3
3FF111A00
3FFAF5C29
000000000
000000000
3F9B35DB5
3FB6A255D
000000000
3F9C5232F
000133333
3FFF90D04
000000000
3FF68E3B9
000000000
000000000
3FFCE6848
000000000
3FFAA1D59
3FF40A220
3FFCDEE48
3FFD1EB85
000000000
0006F2C37
00030E573
3FFA615F6
000000000
3FF5EBE8E
3FF540B89
3FECDC3C8
3FEB387CC
000000000
3FBB68648
000000000
3FF959508
3F564BEC3
3FED58261
3FBEAACCA
3FF404910
000221EB6
3FE9C63C9
3FE46BC27
00012B6FD
00020424C
3FFB8B3D1
0008AB70F
000968E6A
000A1BFBD
3FFE43411
3FFB9F0CB
0003FBF5D
3FDF925C8
3FE746C11
000000000
000540339
3FFEB270E
000000000
3FFA2E755
000000000
3FFEC2B57
3FFE2C73A
3FEE3DC59
00006C2A7
3FD2875C9
00045D485
3FE15EA49
000000000
000000000
3FCCEEDFA
3EA50D50F
3FF9175D9
000000000
000000000
000000000
3FF947AE2
3FC4169B2
3FFC14C6F
000000000
000000000
3F7B80696
3FED851EB
000000000
3FCA0E353
000000000
000000000
3FDEA5160
3FFF47AE2
3FF76C756
3FF5B5F95
000000000
3FE10DCE8
3FABF85EB
3FBFECF18
3FC512437
00021109B
000BE4483
00067363C
000000000
000000000
000000000
000000000
3FF71EB85
3FF33A355
3FE404374
3FD99174B
3F35B0CD3
3F89D0A02
000894A37
000000000
3FF26F402
3FF35F9A9
3FAB5B250
000000000
000000000
3FEF2887C
000A51EB8
000000000
3FFB33333
3FA999853
3FDD2CC4B
3FB6D33B5
000000000
3FDF22F52
000133333
3FFB33331
000000000
3FBC2261F
000000000
000000000
3FD456FCC
000000000
000000000
3FCEE14FC
000000000
3FF8CCCCC
000000000
3FFF3C3C5
000000000
3FDB7493C
000000000
3FE0490E6
000000000
3FEE9A803
000000000
3FF52456E
3FD28A221
000000000
000000000
000000000
3FFD5C28F
3FFB742C2
3FF5AE148
0004D8148
3FCC2D073
3FD5AB683
000000000
000000000
000000000
3FD27C942
000000000
000000000
000000000
0006B658E
0001CC885
3FF5A050C
3FBEDC734
3FC69ADFC
3FDF143B3
000000000
3FFBB802A
3FEB0E33C
3FCB7B99A
3FDFE7376
3FEC77FF6
3FCB83919
3FA8EF3C9
3FD35A35D
000000000
000000000
3FDAD0742
3FFBFD502
3FF6CCFFB
00056F5D3
000000000
3FC7A3898
3FEE90E0D
3FF45FBC4
3FE829063
3FFEC53F4
3FDD4B1F5
3FF6A6A46
000000000
000000000
3FF9E311E
000000000
3FFD51774
000000000
3FEBA3138
000000000
3FFA96751
3FDDA6427
3FDA93800
3FFC3AF06
3FC2E261F
3FF7A4497
000000000
3F165A946
000000000
000000000
3FE4F73A8
000000000
3FAA3F225
3FC0985CD
3FE4CB353
000000000
3FE599999
3FED911CF
3FE6F7E4E
3F81CBC4D
000000000
000000000
000000000
000000000
3FE132758
3FDA23E57
3FFE32FC9
3FE3BFD0A
000000000
0004E2230
00090E24C
3FF9B586A
000000000
0005CD846
000228F5C
000000000
00049FC67
000000000
3FF2F2BB0
0009CE00C
3FF55F831
3FEEE0BC2
000000000
000000000
3FF96B5EB
000000000
3FB90CAE1
000000000
000000000
000000000
3FFE610C6
000000000
000000000
3FF88CBA9
000000000
3FF915273
3FD9043D4
3FE2EBEEC
3FF4D15B2
3FDD880F2
0008F18D9
000000000
3FDC452BB
000000000
000000000
000000000
000DAE148
3FDB65265
000000000
000A1FE1B
000000000
000000000
00029368F
000000000
000000000
3FF966D68
3FFC83A88
0005EF851
3FEAD5A50
000000000
3FF7C0252
000000000
000000000
000000000
000000000
3FFFC8F79
000000000
3FF805B79
000000000
3FE267D42
3FFF851EC
000000000
3FFE41A6F
000000000
3FF1E3005
000000000
3FC41569C
3FC5D94BF
3FD0FA2B6
000000000
0007A31EB
3FD7A9C3F
3FE38BE69
3FC627C3B
000199BD1
3FC4FDC5F
3FFCC1130
3FF10F051
3FFFE652F
3FFDEF2E5
3FD57586C
3FC9AF75E
3FFBC33FC
0002A3D6F
3FCB6FD54
3FCE7000E
000000000
3FF819AF2
000000000
000000000
000A7AD8F
3FEB17374
000000000
0001247BC
3FFE9CB59
000000000
00096A56C
3FF2B34AE
0002A6F9F
3FF87E7A2
000451EB8
3FF4280CD
3FDA1DC93
000000000
000000000
3FE99D76F
000000000
000000000
3FED4A87C
3FE8076DB
3FFE64820
3FFBF3E04
3FF3585DB
000000000
3FE67B238
0009D314F
3FFD0CB76
000CD6C87
3FEDAF11D
000390756
000CAE3A9
3FEBCF8FB
000000000
000000000
3FE131CA8
000000000
000000000
000BA4986
3FDC83B91
000000000
3FEFE171B
000000000
000000000
000000000
3FEA2B272
3FF221485
000000000
3FE447310
3FBB00A17
3FF1C91B1
3FEAECE06
000E6B19B
000000000
000000000
000BD7F32
00044E97C
000000000
3FD647DD8
000000000
000000000
000000000
3FDEFC9CD
3FF7E937A
3FC5563AE
000C65EE0
3FE83CEFC
00014D8F2
3FEA1025E
3FEBC1C02
000BE790D
3FFE72075
3FFD5D2D9
3FFCF5B1F
000859AF0
0006A5B9D
3FF93F39C
0009814BA
000D89CE5
000000000
000000000
000000000
000000000
3FF80F2B5
3FCED1B1E
000000000
3FDE73BA0
3FE14219E
3FEF97346
3FFB835FC
3FF3CF885
000A3CF85
3FFE2C73A
000000000
00021E7C2
00064FDCF
3FF98DFA7
3FC2561FA
000B15FCD
000000000
3FF93183C
000000000
000000000
3FFAD5F3D
000000000
3FF89BCCD
3FF64C2C2
3FBB6077B
3FD52D991
000000000
3FE9FD32B
000000000
000000000
0005E060F
3FF5AD787
000FB5D5D
3FF12611B
0005879FA
3FDEFD06C
000000000
000000000
3FF6F65AB
000000000
0006802AE
3FFB198C5
0007C3F07
3FFDCCEE1
000000000
3FFD6E20C
3FFF76744
000000000
3FF3E0305
3FE895F80
000000000
000000000
000000000
3FFA4AE96
3FFCCEA18
000C01888
000600000
000295AE3
0003B9195
000000000
000000000
3FF5B450F
000000000
3FF80A638
000884F34
000000000
0003D7F9F
000000000
000006C9E
00075AB50
3FEB1F3B3
3FFE40F6D
3FEA68148
3FEB81621
3FF919512
3FFD66405
3FDF219DD
000000000
000F80BA0
3FF5F5DFA
0008FE2C3
0001AB0EF
00044479F
3FF86DE93
3FFD42EBC
3FEB07C57
3FF208F4D
3FEC5FFFF
3FFD3B761
3FF337F77
3FF34D0B8
0001BA552
000000000
000000000
3FF50DB4E
000000000
000000000
000000000
0001896A7
3FF1B7AFB
000DA0B4A
000000000
000000000
000923834
000000000
000F364D5
3FF7197B7
000610479
000A1B865
000BBFB8F
3FFE89D47
3FEF0E50F
3FFE9759D
000EDED86
3FFDD4116
3FF821CE5
000751246
0001A70E3
000000000
000412F78
3FD74D6E4
3FEBDD1B3
000000000
3FFEF4FED
000407023
3FE44C1CB
000401D4B
3FEB270D4
000000000
00043919F
0005A6F81
000000000
3FD489832
3FF3D6CDD
3FF56288D
3FF0EEBA0
000000000
000000000
3FFEB270E
3FE7A5D4D
0007D15B0
3FF4A1E80
3FF8E6869
0003EFCAA
3FFC9358E
3FF875127
00095E5D3
3FE858033
3FFFF6094
3FF243666
3FF5A437E
000000000
000000000
3FF559E92
00072EB7D
0002697D3
000F2B040
000000000
3FF76C070
3FE48CECA
3FFB713FB
3FF104119
3FDDCE4ED
3FFD7835C
3FE689E73
000000000
3FF73F3DF
3FD26C42B
000A8F5C3
00022BEEA
3FF5350CF
3FDFD4DC6
0003A45CA
3FF7FCFEA
3FFD7E88D
3FDC0E8CC
3FFD4E1A7
3FFFDAF22
000000000
3FFB19045
3FFF851EB
3FFBF244A
000494036
3FF952539
3FEC85C2B
3FD29FFD0
000762DD6
3FE26750D
3FF968849
000000000
0001C9DA4
3FFC09122
0007D002E
000000000
000827796
0005022AD
0002613E7
00055259C
3FFFD6A89
3FF9D6064
3FF96F63B
00063254A
3FFC58E74
000000000
3FFF83964
3FF824381
3FF916F4E
0006A3F60
00006F2FC
000000000
000000000
00023076C
3FE50CAAB
000946D55
3FF3BA4D0
0000B5FAB
3FFD6849C
000B2FBBB
3FEAC4C04
3FDC6B4FE
000A73C1C
000000000
000005D16
3FFA73605
3FEB43366
000000000
000216210
000000000
3FFAAC1EC
000000000
3FE26924A
3FF0085D8
3FFD64E1A
3FF47A2C3
3FFB8314F
3FFF9AC72
0002C1139
3FF354685
000214B08
000000000
3FF73F318
3FF511D92
3FE93BBE7
0003C552D
0009D8D5F
000092D3C
00052458D
000481E69
000046AB3
00017F3ED
000000000
3FF959BCB
3FFD4B0B0
000FFABFF
3FEC71CED
3FF31D7C4
00006538E
3FEF18351
00021F1B2
0001F456C
3FED8212E
3FF1D82F5
3FFA385F6
000000000
0004FA54A
000040A19
3FFF20ACE
3FF817DD9
00060D7F2
000C7D4AE
3FE6F1768
3FF9E7324
3FFD50EDE
0000B00FA
3FF7FBC0D
0002D135A
3FFF0493A
3FF877D9A
3FE82B390
0005447D1
00087510E
3FFBE7541
000000000
000115F74
3FFDFBD36
3FE946B67
000000000
00004AF2F
00035C28F
000527799
000000000
000563D7A
3FFEC4FAD
3FEEA64A9
000442F00
3FFB34AF9
00060282A
0009D53CD
3FF89FD8D
3FFB7DC29
3FEC18676
3FFF1639D
3FFB556DF
0004BF3B3
3FFF2FE10
3FFC13E01
3FEE31677
000512989
000000000
3FF6E9138
3FF758144
000A89CC0
000D99213
000000000
3FF97C343
00085B063
3FFB7AFE5
0003F72C5
3FFE2B22F
000000000
000A8FD6C
00004EDD7
3FF079D6E
000000000
0009C6D71
3FFD7D1F0
3FFFF60F6
3FF3E951C
000836534
3FFB97982
3FFFB2FA2
0000ED5AF
000000000
0001C25EB
3FF2A6235
0001829E6
000000000
3FF9C417E
000CB2E98
0000683B1
0005E147C
0006DD7E2
000A597EB
000E0114A
3FFE9DEDA
3FF087562
3FFD7D1F0
00087FE7F
3FFCB1E3C
000BA49ED
000C52BBA
0003915E2
3FFE8A895
3FFB1EB01
0009C7D34
000445E59
000C1740B
3FFB16BEE
3FEFC9CF1
000708507
000000000
3FF69A6C8
3FFFB4745
3FEAB9E02
000000000
000000000
3FFEC7451
3FFEB270E
000000000
00018204B
000ED76BC
3FFDD70A4
3FFC3DD05
3FF074D57
000AC7D47
3FFE8F5C3
3FFEA156C
000EFFB4D
3FFF50AB6
0007A1F8E
0002F96CD
3FFD7D1F0
000000000
000000000
000000000
3FFF3748D
000F93600
3FFB52443
3FFD13A2A
000E74BFC
3FF8F0C1F
000296641
3FEBA2B2D
00051E17E
00087A9EC
000000000
3FEB7A38A
000000000
3FECE5AC4
00080950C
000000000
3FE914D78
0008E147B
000000000
000000000
000408B42
0002D0D59
000000000
000000000
00078CA7E
000000000
3FFBCE621
000000000
3FED37F10
3FF2686E3
000D87F9B
0004AEA61
00022E5AF
3FF18A1AD
3FE28EA33
3FD85A5D3
0002DF8CE
3FF9CB9F6
3FF9A7978
000714E2A
3FFB91554
000638A09
000000000
3FD24E8EC
3FEA4B10C
3FFCA3D70
000064EC0
3FFBF3319
000000000
3FFC3C606
3FBF660FE
000000000
000F3DBB7
000000000
000000000
000000000
000000000
000000000
000000000
000000000
3FFDF2022
3FD98AF4D
00043AEAF
3FFBB740A
000000000
000000000
3FFC279BF
3FF8511DE
3FEF3F937
000000000
3FD740D59
3FFB04541
00040E7CC
3FEFC3761
3FFD99DDE
3FFC25FCE
0002A7F50
3FF19E0EB
3FF6E9325
000000000
3FF926B1B
000000000
000C1E4C1
3FF5218FF
3FF0D6027
3FF96AA9F
000000000
000000000
3FF3A4A8E
000718097
0005F0433
3FEF45275
000B0AADD
00048E500
3FE74682B
00029B1E6
000000000
000654766
3FF87AC00
0007DB42A
000000000
3FFE94864
00099E31B
3FFA6D1DA
3FFD9C798
000000000
000000000
000FE482F
3FF7C8087
3FFDF2022
000572FED
0007FB167
3FF2EA856
3FF537AEA
3FFEFD685
000000000
000000000
000BF42DD
0001FD7FB
0008A4BDE
3FFE66E53
3FFD6ECF3
3FFEAF20C
000000000
000C25097
000D78E62
000000000
3FDE1F5E7
3FE66E530
000000000
3FF3E1B19
000BC4A18
3FF1D728D
000E0B465
0008E6FB5
3FFBEF137
000534E5A
0000361BC
3FF1DC089
000503372
3FF963C78
3FF77DF72
3FFCC566D
3FD6FEA64
3FFBDB5E4
3FFF71FB0
0001B6E20
3FEB4ECF2
3FEF68231
000000000
3F9FC18F8
000000000
3FFE66E53
0003D70A4
000295A34
000000000
3FCD6CD01
000000000
000000000
000000000
000000000
000000000
000000000
3FF7122C1
3FFC86823
3FFEF5AD8
000000000
3FFE7AD90
000000000
3FF35433A
00012DD12
3FF7BF754
3FFC5C78E
3FFEDBC85
3FFF4A8E1
3FDC57A74
000000000
3FFEDBC85
3FF8FA040
000000000
000000000
3FC70979F
000000000
000ECBE7A
000751700
0003BA899
000665E7A
3FD7CD816
3FFF61C57
000887CFF
000000000
000000000
3FFC4EEA6
3FFCB8D0B
000000000
3FFEB270E
000616BB1
3FBD5B251
3FEF70591
000000000
3FFEEA08C
3FF6D114C
3FD97DB13
3FFE58F1D
3FFDEF2E5
000000000
000000000
0009A17E3
000000000
000000000
000000000
3FFF4F4D1
0001601EA
3FFEEA08C
3FFC35259
000000000
000000000
000000000
00012437B
3FC3FFF98
000AA7C53
3E0196284
000000000
3FF44323E
3FC18A914
3FBFD8017
000000000
000000000
000000000
3FC11EB85
000000000
000000000
3AE25A736
000000000
3F91518AE
000000000
3ACF311C5
000000000
000000000
3FF75C28F
3FFC17528
3F7AD5E56
000000000
000000000
3FFABFCC7
000000000
3FEF5C9ED
3FA866663
0009D70A4
000000000
000000000
000000000
000000000
3F63C4224
0007EB851
000000000
000000000
000000000
3DB12714C
3F8497A68
000000000
3FC210C79
000000000
000000000
3FC201F28
000185270
000000000
000000000
3FCB91D03
000000000
000000000
000000000
3FDFB14DF
000000000
000600000
3FF809461
3D7AB4F9C
000000000
3FF83CEB8
000000000
000000000
0009701A0
3E5831564
3FE394929
000000000
3F8C9BADC
3FF899D5C
000000000
0009F81D6
000000000
000000000
3FF8B32C3
000000000
3FE4E147C
000000000
3FE2D8BDA
3FD50A3D7
3CF24EEFA
000000000
000000000
3FEAA3D71
000000000
3FC56E032
000000000
3FE370A3C
00080A5AF
3FFABDC84
3FFB38328
3FCA5B548
000000000
000000000
000000000
3F50C1DB8
000000000
000000000
3FBAA3D71
3E4A71311
3EBB24064
3FDCB851F
3EFA9BBD5
000000000
000000000
3F4731A38
3FC90A3D8
3FD63D70B
0005851EB
3FF8499CD
0001B194C
000000000
000000000
000000000
000000000
000381560
3E2033A31
000000000
3F7A8CD62
3FC5AC8B4
3FF9DFEE1
3FC473E34
000000000
3FA451EBA
3E8D9D100
000000000
3FF41077D
3FDB9C2CB
3E945FE1C
3F3A7E626
000000000
000000000
000000000
000000000
000000000
3FB23D70B
000000000
3DB86C9FE
3F7315F6F
3FF6A94BA
3FF75C28F
000000000
000000000
000000000
000000000
3FAD6BE44
3F89005F8
000000000
000000000
000000000
000000000
000000000
000000000
3FC8A9957
3FBD0A3D7
3F20BDEB1
3FF199999
000000000
3F7B1060B
000000000
3FE6DBC1D
3F9EDEA18
000000000
3FB1F5599
000000000
3FF8DEC75
000000000
000000000
3FB8B492D
000000000
000721E1A
00003D70B
3FB9F5303
000F37C9C
3FFF851EC
3FFB1240A
00041BFBD
3FECDD2B2
3E39D0255
000000000
3F9D4B5DF
3FF4FC756
000000000
3FC75C28E
3F77536DF
3D10BB765
3E9B6A420
3FF24C5FD
3FF032ECD
3FDBC28F6
3FED47AE1
3FC5EB851
3FFACF141
000124A03
000000000
3FDD19BAB
00052CF83
00001517C
3FE455DD3
3FFEC7C67
000000000
3FF628F5D
3F6DFCE0C
000000000
3FF234F54
000000000
00040BD65
3FFF0A3D7
0001D8CE8
000000000
3FFFF2718
3F9FE8316
3FFBAE148
3FD9E70C7
3F7E5E2E6
3FF214D30
0002E14F1
3FC3B1D45
000000000
000000000
3FF9354EC
0002651EB
000000000
000000000
000000000
3FF24AB18
3FB0C34BC
000A8F5C3
3EC5C6E8F
0005BAAEE
3FC767395
000000000
3FAD5050B
3FF071B66
3FD01A434
000451EB9
3FC1D352B
00060B716
3FD9D42AA
000000000
3FC9851EA
3FFD442D6
3FC75C28E
3FF693A3A
3F6E6FD6D
3FED81B4C
3FA48A611
3FB147AE0
3FF7CA281
3FF6E147B
000000000
3FB96802C
3FFECCCCD
3FB29349B
000CA5889
3FF6A3D71
3FED0A3D7
3FD65C604
000000000
3FDD3A210
3FE3EB851
000000000
000000000
000000000
000000000
3FF5081AA
3FFF40FB1
3FEA8A82C
3FE0B04F2
000000000
3FFCF8026
3E7F95574
3FF850630
3FBFAC3E9
3FBB1C5C1
000228F5C
000000000
3FE99BCAC
3F6C7AEA1
3FFCA3D70
3F5DD90D9
000000000
3FDB5908E
000000000
000000000
3FD39E220
3FCC81968
3F88000BE
3FFD6AD37
000000000
000F5AB30
3FC103895
000000000
000000000
3FF3719B0
3FD380310
3F72FF1D3
3FF30E936
000000000
3FCD70DD5
000000000
000000000
00018B8C5
3FCADE56E
000000000
3F9F4A73A
000E025F8
000000000
3F91BF4B7
3FEDF1B34
3FF4D06F9
000000000
3FF7969A8
3FFAB851F
3FC8C3C93
3FFEDBC85
3FEA295F8
000000000
3FDA2D2B2
3FD3EACD0
3FFD25E35
3FE62935A
3FAC53AA9
3FFEDBC85
3FBFA3997
3FB183F41
000696435
3EACA0AE0
000000000
000000000
3FBFAE148
000000000
3FE6A46EC
3FBD7461C
3F850094B
000000000
0004B8352
3FCF6BD98
000000000
3F6D326F1
3FD088B74
3FA83B1BE
3FFA11E7C
3FF22F27D
3FA51234A
000102038
3FF386A3A
3FB1A7174
3FD8B1D97
000000001
3FB06A47C
000000000
3FC0D6AD0
000000000
000E193F5
3FE8B851F
000000000
000000000
3FD02F2CB
000000000
3F0234C3D
3FED47AE1
3FEF70A3D
0009E65CF
3FE333333
000799B71
000000000
3F580FDD7
3FE17C700
3F94E63EF
000000000
000000000
000000000
3FE4E0587
000000000
3FADC75CF
000000000
3FB639C79
000000000
3FE1BAD5E
000000000
000E66666
3F0708E4A
000000000
3FFA3D70A
000000000
3FD2B2239
000000000
3FF33A11A
000000000
3FE7FB4EA
3F876C7C0
3FF8D41F1
3FDFAF79F
000000000
000000000
3FF71EB85
000000000
3EF9023C1
3FF0E147B
000000000
000F3F92A
000000000
3FDF4E68A
3FEC70039
000000000
3FFBEB852
3FEB99D18
3FFE5EA2D
3FDFCF696
3FF94026C
000000000
3F4DCEBAF
000000000
000000000
000000000
000000000
000000000
3FF3EC255
3FFEB270E
3F4B1D8C3
3FEFDC54F
3FED522AE
3FF6E147C
000000000
000000000
3FD07AE13
000000000
000BC28F6
3F5F13200
000000000
3F9C26F30
3FFE8F5C3
3F66B948E
000000000
000000000
3F76B0058
3F9992778
000000000
3FE6147AE
3FCE30E8C
000000000
3FFC80458
00019F802
000000000
3FFA690AB
3FFEDBC85
000FA75DA
3FF0A3D71
000000000
3FA1F8712
3FCB8A67E
3FFFC28F8
3F9EDA3E2
3F4C5DC73
3FE8EFBFA
3FF7645E8
000000000
3EF081169
3FED3DC3A
3FB79CF79
3FDF7486D
3FB47E68E
3FF893D78
3FFAC2CB8
3FDF070B7
3FFD5C28F
3EC6544A5
000000000
3F9EA19F4
3F95566C9
3FFB09397
000000000
3FD29C5F3
00050A3D8
000000000
3F5EA9013
3F2D2842A
3FF778A38
000000000
3FDCF1400
3FF302BC8
0005851EC
3FF47AE14
3FF88823F
3FC87E685
3FDD70A3E
3FD720C09
3FE59E11D
000000000
0003BF118
3FACECDC5
0008E147B
3FF30EBF3
3FDCF5C29
0004147AD
000B337DB
000000000
3FFEE906F
3FFC46380
000000000
3FEA1D381
3FCF9F048
000000000
000000000
000A51EB8
3FEC6CD02
3FF3A42F8
3FDF213FA
3FDD33DBF
3F95423B3
3FC3D1713
3FDEDBF1D
000000000
000000000
000000000
000000000
000000000
3FCC3D6D1
000000000
3FE945CE7
0008A3D74
3FF5CD03C
3FF210D43
3FFE4DA2E
000000000
3FE19E9A4
3F16B267A
000A78F0A
000125D01
3FCD70336
3FD531236
000000000
000F5C28F
3FF7F5224
3FBB49A5E
000000000
3FD79A665
3FD0832CD
3FE81DBA8
3FD91EB86
3FE7C7B48
0003A2F48
3FFA7AE16
3FF9E8926
000000000
3F66569A1
3FF289389
000000000
3FF533333
3FD7BAFEA
3FEEF5C2A
000000000
000133331
3FB4522F0
3FF555848
3DF56A957
0005C530E
3FF22CC52
3FD2ABD96
000600000
3FFFAF8BB
3FD74D953
3FAD4D307
00048F5C3
3FF832338
3FCBF451B
0001CF0AA
000000000
000000000
000B81C40
0009FD49A
3FFD240AE
3FAE0ACFA
3E53E50BC
0007AF891
3FFC3DEF7
3FC2714BE
000000000
3FFD83592
3F9E436C5
0009D783A
3FFE51EB8
3F7FC0C18
000000000
3FFC17528
000C3D70A
3FD7A77CF
3FA8C71BC
000000000
0002935F3
3FC6B764B
000000000
3FC7D481A
3FEFB405E
3FF540F08
000000000
000000000
3F9356E72
3FEEDB204
3FEC67125
000000000
000000000
0006F5C29
3FFF851EC
00012437B
3FBDE3EF3
3F79FCF4C
000000000
3FEDBBA3F
0001EB853
3F9EFC46F
3FFC28F5C
3FDF600CD
3FF495D2B
3FADB752E
3FEE87078
3F86274C6
3FCDDAA20
3FEA8045A
3FB49D84D
000000000
3FAAEA7F0
3FCCA5D3A
000721ABC
000000000
3FFF6EA25
3FD52AA6A
0005C1DB5
3FF560E09
3FF7556AC
3FFC1E75C
3FFD494CB
3FF545276
3FD873B67
3FF0F9DFE
3FE7F68C1
3FC488AED
000172879
3F9876E08
3FD5C9940
0003D70A3
000000000
000000000
3F6C6F45D
000000000
000000000
3FD13592A
3FE84DE22
3FC59A5BC
3F8756CE3
3FEBBFCC1
3FFEEA08C
3FAC0C015
3FE402B00
3FA1B0F95
3FF23FD76
000000000
000000000
3F6DD8B15
3FF76AF28
3FB58FFC9
3F89A8949
3F7B0A3E4
3FC8F7D5A
000000000
3FDE72DD5
000000000
3FCCC0A25
3FFE77637
000228F5C
000000000
3FB16570A
3FEFA3597
000000000
0009BD24D
3FE8D5332
000000000
00008F73F
3FB33C443
000AC5BF1
000000000
3FD3A8820
3FEEF5C29
000000000
000000000
00063C49A
0000B851F
000000000
3FF8B1CE9
000000000
3FFA00000
3FF0CC79A
3FC2816F4
000000000
000000000
3FA68A01D
3FFD48E44
3FC821FE5
3F70A36B4
3FFA53353
3FF8EE13E
3EAAA2982
3FE147AE1
000000000
0006B851E
3FDDAAF62
000000000
3FE5C20A5
000F16871
3FFECCCCD
3FF8257BD
3FDA78DCE
3FBA52BFE
3F9825CBF
3FD66A7FD
3FF935753
3FE47F266
3FE0DA45A
3F9F1AC39
0008408AC
3FD425A2F
3FF9D8273
3FE130351
3FBC469A2
3FC289A9F
000000000
000000000
000000000
3FFC9358D
3FDF0EC56
3FF8657DB
3FBAF7BAB
0008B78CA
000000000
000000000
3FF9CA64B
3FDF89B11
3EE326B18
3FF01AB59
0000EEA40
3FD50E862
000000000
00010DEDF
3F9FA05AB
000DE8596
00003A5BD
3FEA5A63A
3FFC58E74
000000000
3FF93ACD7
3FE1AF756
000ACCCCC
3FF412150
000000000
3FFD5C28F
000000000
000000000
3F43670CD
000F5D1C7
000000000
3FD1B2A8A
000000000
000000000
000000000
000000000
3F59FD7CB
000000000
3FEA66667
000000000
0001CABAB
3FE93CC9C
000000000
3FDF07A78
3FFF47AE1
000000000
000000000
000000000
3FF63F1C6
3F83E0D33
000000000
000000000
3FEEE2CF0
3FFAAE3A9
3FF476FDF
3FFB99915
3FFE58320
000000000
3FE9534EF
3F5CF1377
3FCD0DEE6
3FE111B82
3FEBE7822
00055B956
3F979DE2E
000000000
3FF224F2B
3FFECCCCD
3FF5C4F66
000000000
3FD540988
000000000
3FFCC8B4D
00063D70A
000228F5C
000000000
3FF11EB84
0001EFA29
000000000
3FE37A9CF
000000000
3FFB532BE
000000000
3FE7C28F6
000000000
000000000
3FA937E5C
000000000
000000000
3FFFF598A
00041BFBE
3FE15B1EB
3FC90D922
3FDB1FFA7
3FF2CCCCD
3FF4FB6EB
3FC534E52
000000000
3FFCA3D70
00021D26E
3FED4D9C5
3FF3C28F6
000000000
00033FF32
3FF57F98F
0006F185C
000000000
3EDC456CB
3FEF7B356
3FF9851EB
3F4FD4F9F
3FA7653BD
3FE1AC89D
3FB6285FA
000000000
3FBDA18C8
3FF89FD40
3FF3C28F7
000000000
3FE539722
0006D3E2E
3FE1117D3
3FB365B51
3FF797B6F
000000000
3FE816C71
0003E18A4
3FC947D01
3FDF64249
3FCAFBFF3
000000000
3FC8DED91
3FF127AF3
3FD582B39
000000000
3F8155679
3FDD4234A
3FE60D44B
000000000
000000000
000000000
3FA2096DC
000000000
3F962551F
3FADDA9E0
0000E90E5
3FBACDBC2
000000000
3FD7536D8
3F7BB1110
3FE786BEF
3FF066667
3FF0038BB
000629F9C
3FF39E93D
3FC5946EA
3FC3D1F39
3FD6FCA51
3FD6274A9
000000000
000000000
3FA224704
3FFAB207C
3FEA37B4D
3FB6D42B8
3F56E4FD4
3FDA300FD
3FF8D4C44
3FD79791C
000E66665
000000000
3FE0C227A
000000000
3FF1E1C35
000000000
000000000
3F70DA94B
3FD5F3B04
3FC16D465
3FF76FA62
0004147AE
3FAB90BD1
3FF6F6AAC
3FC7BE46A
000000000
0009CA779
3FFB5E5B6
3FEF2E90A
3F4010491
3FDAFDA19
3FF10AEFC
00023AE9F
3FF741328
3FDB568A9
3FCF05331
3FCCE526B
000000000
00003D70A
0008C6441
000000000
3FB063322
3FFC66666
3F7F29099
000956822
3FF20412F
3F8F10298
000000000
000000000
000000000
3FE99E684
3FC6FDA6A
000000000
3F53C303A
3F7B9B5E9
000547AE1
3FDCDCD51
3FF456E5C
000000000
3FFC7EF7E
0002BFBB8
000770A3D
3FD8F39B4
000000000
000000000
3FEC1FD2D
000000000
00026161C
3FEFFE936
3FDEB22AB
000000000
3FFE1ECF8
3F3CFBD4E
3FD486EB7
000000000
00040899C
3FF17E556
000000000
000000000
3FDE88309
3FFE0D193
000000000
000000000
3FF880471
3FEEAA700
3FBC314E7
3FC98F84C
000000000
3FF75E54B
3F1249B23
000000000
000000000
000828F5C
3F8DFFF31
000000000
3FFC9358D
000000000
3FC51D56D
3FF0DA765
3FAED531F
3FDF6EE53
3F9A1B959
0006D7F02
000000000
00039999A
3FF5F22D5
3FCF31D97
000000000
3FB633F40
0005D60CA
000000000
3FEB896AA
3FE133BEF
3FE0C10FE
3FA1E63F9
3FCAF067A
000000000
000373FAC
000F71429
000E277FC
000000000
3FE7C28F7
3FD947676
3FF54A756
3FFDCD17B
3FF9586C4
3FCB3194C
3FEFB88E2
000000000
3FD6F5C2B
0004EF45A
000000000
3FBF9B89F
3FFD02898
3FD40F77D
3FCFF110A
3FE79243C
3FF96FFFB
3FF3851EC
3FFC46ECC
3FFA6165C
000000000
3FFCA3D71
3FED55DE8
000000000
3FF17BACD
3FCC81B5F
000000000
3FD251533
000000000
3FE246178
3F49B5895
3FF6802C9
3F64AA6B4
000831699
000000000
3FCBB52F1
3FF628F5C
000742AA2
3F8DC764C
0009FD3D8
3FDCFEC57
000000000
000000000
3FFC2224F
3FFF0A3D6
3FCEBEEE9
000000000
000000000
000000000
000000000
000BC28F6
000000000
3FFD5C28F
3F767219D
3F9E68672
3FF2D6E8F
000000000
3FC609F09
3FF259663
3FFE7E753
3FFDD71A5
3FD057AAF
3FF44C6A6
3FFE54F69
3FEAE1413
3FFA742E9
0000CBF7C
000000000
000000000
3F64AA0E2
3FFBEB852
3FB7DF720
000000000
0004B0063
3FFED4A51
3FD84620A
3FA961ED3
000228F5C
3FE67F3E4
3FF5F30C2
3FF24A0A9
3FDE166A9
3FB5898CA
3FFA384D3
3FF90A3D7
3FD9519E9
3FF5F47C0
3FBA18562
000000000
3FE237F25
3FFD3F2A2
3F58406E4
3FD3CF01F
000000000
3FBB3A7F0
3FE979DC7
3FE7105A6
3FE1DB39E
3FC5B63DB
000000000
000D14B4F
3FED71F58
000BC28F6
3FCD00F53
3FF67EC2C
3FEF33333
000000000
3FC90ADC1
3FD96CEF9
000000000
000000000
3FF345B0F
000000000
3FD2BD548
3FF257D06
3FEF51762
3FE129914
3FDB47AE3
000000000
3FF43D709
00095C28E
3FEAE147A
3FF1AB0C7
000000000
3F9C4D8D4
0009D70A5
3FCBD4F5B
000000000
3FE2DA199
3F3E25191
3FD54B41A
3FC5CAD1B
3FDB78470
3FD29ECB8
3FC70D4A0
000AD043A
3FFA7AE15
3FFCBE1A1
0006AE409
3FF8E1BC4
3F9D9704F
3FEC17ABA
3FE343EF5
3FF779781
000000000
3FFE2C73A
0004FB05D
000000000
3FF14DB1B
000000000
000000000
3F8BA242D
000000000
3FE946654
3FF212F1D
000000000
3FBDED079
3FE891313
000000000
000000000
000000000
3FBB9A485
000000000
3FDE8ECA6
3FD4FFA58
3FD76960F
0008E7526
000A8F5C3
3FD872053
00050A3D7
3FED0BB9D
3FCF0A3D7
000000000
000376F53
3FF6ECDB0
3FDA6920A
3F966B0BF
3FE4E5C9A
3F7566706
000000000
3FE95DE3D
000000000
3F9546508
3FF15C290
000000000
3FE34C39B
000000000
3FB559950
000000000
3FD9F4C09
3FFD1EB85
000000000
000000000
000000000
3FD4D326E
3F5D82FE8
3FFD9999A
3FEC1BE44
000000000
3FC3DA116
3FFA855AE
3FE1FFFFF
000000000
3FDFDD4FE
000000000
000471A3B
3FC8C1427
3FFCF0433
3FD4C3954
000000000
3FFD42AD7
3FEB58BC7
3F91CE9A7
3FFE147AD
0005B5FFF
000000000
000000000
000BDC803
3FC226E74
3FF4D0444
3FD1374FA
3FF41516E
3FE996410
3FEA55744
3FD99D97F
000000000
3FDD18442
3FDF85FB2
3FE03F87F
3FDDC50FB
0000C95D4
3FF2147AE
000000000
3FBE4BB55
3F6AE3E1C
0007F1A8E
3FE36A2F3
3FC6B640A
3FFD9999A
000000000
3FD3D5D04
0007AE147
3FD352809
000000000
000000000
3FD240DC1
3FF5FB430
3FB91836C
3FF3FBE1C
3FF2B0A3C
3FFC85187
3FB93BB98
3FEDC8E75
3FFC0815A
000000000
3FF0B72ED
000000000
0001C45EC
3FDC57CC9
3F78BC89E
0002A3D70
3FF1735DE
3FFACE51E
000000000
000B4B762
000000000
3FE607269
000DCFA9E
000000000
3FC3A843E
000000000
3FF100BB0
3FFA447E3
3FD583ED7
3FCD945C9
3FF6AB519
3FE51A0C3
000000000
3E8C7D13B
3FEC3F101
3FAD98A0E
000000000
3FFA7AE14
3FB95A14D
000000000
3FF4F140C
3FCE5F538
3FF0BEBD0
3FE4E13DF
3FF8AEC4E
00056B45E
3FEC04E2D
3FF0FE016
3F4E3D174
000000000
00011E8E7
3FF1EEDB5
3FFECCCCD
00060C986
3FFCDB27B
3FF143573
3FAA94CF9
000000000
3FED47AE1
000447E38
3FF309FF5
3FF232F6B
3FF17ABD2
3FFCD991F
3FEB0669F
3FBC073F7
00084D9BD
3FFAAAD2C
000000000
3FF80ACF0
3FF947AE1
3FFE51EB9
0004EDC93
0003281E9
3FED4DC4A
000000000
000733334
3FE740692
3FDB6DC46
000000000
3FF2778F1
3FE663A80
3FDAB2519
000000000
3FEFCC11D
000000000
3FDECE488
3FD0F4AB1
000000000
3FD935170
0001EB852
3FDBC8609
3FFB16758
000000000
000000000
3FF2D7671
3FE9E7CC4
3FFAE1794
3FF26854C
3F74A0BD9
3FB524EF8
000000000
3FF88ADE8
3FF2147AF
3FAC0B397
000000000
3F8EB185B
000C9A5AE
3FE4CC1EB
3FD6D3C84
3FF73769D
3FE195DA1
000000000
3FEF830D7
00016A8AF
3FBE52824
000000000
000000000
3FFB5A277
3FF529874
3FDF2DC3E
3FDB92683
3FDD72995
000000000
3FD55E1BD
3FDE779D8
3FF4FBCD9
0006F3C89
0007A9140
3FEDD769E
3FB349918
000000000
000000000
000000000
3FEE9F9C1
3FE864DCF
3FEE38E3D
3FFF5FAD4
000000000
3F88EBDF9
000000000
3FA3C296A
3FBF6251E
3FFA24F0D
000282E0F
000F1CB2D
000C4AF63
3FD58C290
000495287
00049A4D8
000000000
3FEB1395C
3FCF91DFC
000000000
3FF6695F2
000000000
3FF3971CF
3FFD19560
3FDE67A89
3FA3DD864
3FF3A932E
000000000
0009A796B
000000000
0000FA4C0
000797875
000000000
00028CFAA
000720318
3FC4B851F
0005606D2
000000000
3FE90FBE5
3FC92A53C
0006EFADA
3FA0515FF
3F61873CE
3FC3EC3B7
0007D6649
3FFECCCCD
000000000
000420456
3FE781E09
000000000
3FFAB851F
3FEF2B257
3FFFF7A83
3FDED01FF
3FF8D566C
000000000
000697A1B
3FE884F8A
3FE8CEED3
3FF2CCCCD
000000000
00070C91D
3FBC126C1
3FEC61ABB
3FE9D98A3
3FED91EC3
000000000
3FDF4D267
000FBC12F
3FF1292B9
000B57A95
3FFA9FDF9
3FF53288B
000000000
0001093FE
3FA07E51A
3FCBD2F82
3FBF9F3FE
00048F751
3FC371EA8
3FA27AEEA
000000000
3FFFBF904
3FF6EE332
3FB3B7D28
000A147AE
3FF8E5CAE
3FF2CCCCD
000000000
3FEF5C445
3FED30994
3FF605437
3FE966835
000000000
3FFDB1506
3FEFFFB84
000000000
3FE9F31F4
000000000
3FBBBDEEE
3FF53DA00
000398267
3FCAB2E75
3FF6A567D
3FFBE1BED
3F83FF0C2
000000000
000000000
3FED847A1
3FA96DD74
3FD84C5B7
000000000
3FB97E7AB
00001C7AA
3FF942E92
3F80FB2B6
3FC7842E9
3FA029C46
3FED10844
000000000
3FF15917F
3FF90A3D7
000000000
3F865A6F8
3FD48C448
3FCE3F8E6
3FF8CE073
3FC1B5DF6
3FDED0594
000077040
3F3E1325B
3FE1B1D6D
3FEBAC593
3FFEBF4DA
3FFD33B21
3FFFD1311
3FDA1C926
000000000
3FD6E06E6
3FDE4167E
3FEE75F84
00023801F
3FFA7AE14
3FC6C3195
3FCC8CDB3
3F75977F6
3FFE7E062
3FFEDF56D
3FD4C0B11
3FF42ED2B
000000000
3FC4B6A90
000000000
3FFEADECE
00003D70A
0006B851F
3FF2CCCCD
3FF2E5A49
00003D70A
000000000
000B5D9E8
3FDD22F07
3FD155A16
3FF3CAAF2
3FC2244D4
3FF9B74E0
3FF90A3D7
0003E410A
3FE1183BC
3FD80F1A6
3F7CAC1C0
3FEEEAD4A
3F14E1CF0
3FEBEEE58
3FA5BBCC1
3FDF9F786
000000000
3FC922951
3FFB22EEA
3FA8188CE
3FF426E45
00045139A
3FF06C648
3FF3F22D0
3FF4E9EB7
000000000
3FFEDEFAE
000BF1A07
3FF6E147B
0001872E3
3FE6923AF
00019E7B0
3FFE4B164
3FF0F89DD
000000000
3FC6B9E52
3FC9A30EA
3FBE3CD01
000000000
3FF57F98F
00048F5C2
000000000
3F9BF12AB
000CCC175
3FF854EAB
3F9706F60
3FAE4064C
3FFE5EDBA
3FEB14037
3FBC671D3
0001E5B2B
3FFE99D1E
3FFA00000
3FEBF674B
3FBD451CE
3FF96BA34
3FE82EDA2
3FC350F9B
3FE9A5819
000000000
3FEFE9D06
000000000
3FF39895B
3FDCD00E2
000903EAD
3FF8CCCCD
3FC3347DE
00010AB5E
3FE44B279
3FFCE0B1C
3FF7E183D
3FEAE147B
3FFB19989
000439F2E
3FDAA4BA6
3FFB33333
3FE6A7514
3F58CFA28
3FF9FF5DB
3F4AB3DFC
3FFA196F8
3F97B6DA9
000000000
000000000
3FCA4C273
000000000
3FE7055DE
3FF839EC6
3FD64D8F0
000000000
3FF8991A6
3FC5BDA18
3FDE1E68E
3FFE84150
00035C28F
000000000
3F95AF7E4
3FF6BA0FA
000000000
3FE5C51CD
000A566D5
3FEB2E36C
3FD64E989
000127B1A
3FF62373B
3FFCE7484
3FD8A0514
000000000
3FF93FCDE
3FC124201
000C8CDBD
000176833
3FFDD70A4
3FF94E994
3FD18CB6D
3FE7CC146
3FD1DD0AB
000000000
000000000
000000000
3FF5F4B23
3FF98BE48
3FFA409E6
3FE5F4BC4
3FFABFCC8
3FFA4F6B3
3FF7B1282
3FB44EA4D
3FBA65CD0
000000000
000185EED
0000C46A2
3FEFEB851
3FE591E6D
000000000
000AD7534
3FE7411AF
3FFCE147B
3FDC3FB00
3FB079B13
3FFFC28F6
000CB851F
000000000
3FB03B4D7
3FFF05FBB
3FF2745DF
3FCB54DE2
000000000
000000000
3FCE51DF1
0002EB2BE
3FFAF5C2A
000000000
000000000
000000000
3FE34AEEE
3FFCB1E3C
000000000
000000000
3FF15ED79
0001601EA
3F98DE933
000000000
3FFA9E695
3FF05A5DF
3FFBEF468
3FE966FC4
3FC1F958D
3FFFA913E
000000000
3FFB33333
000CB6DDD
3FEA52DD4
0000AB1C0
000000000
000000000
3FFC9358D
3FFC28F5C
000B35E30
00095C28F
3FF4E13F7
000000000
3FFAD9BF6
3F940A128
3FDF12337
3FF96DF3C
000000000
3F6EA15CE
000C1B69E
3FA9CBFBC
3FF2A1F33
000044F68
3FC54F4AC
3FF9549F0
3FFF39B4B
3FF8CFC16
3FEDF9A8B
3FF123270
0007D9360
3F6FB425D
3FEBE0AB3
3FFDA1370
3FEDA1E54
000000000
000000000
000000000
3FFBA9F77
3FCEAEF9E
3FF720844
000000000
3FDA713B4
3FFE55FFB
000133333
3FE34683D
000000000
3FFC28F5C
3FEC12C7F
000FAE658
0001ABC11
000034E9F
3FF124DBF
3FF7CF5AE
3FFCCFC1C
3FE51C4B1
3FF79999A
3F9FF4728
3FFD99999
3FF4C99A7
3FFCC900C
000000000
3FE683B3C
3FE636C6B
000E1D8F0
3FFF463DD
0005C2E2A
3FFCB6FCF
3FFECCCCD
000000000
0004147AE
3FFEEF307
3FEC51EB8
3FD6F270A
000000000
000000000
000000000
3FF95FE66
0002E147B
3FFF586E0
000000000
000000000
000000000
3FEE88F96
3FEFE9A0B
3FC658D61
3FFD949FB
0006221BA
3FE5D36ED
3FFBAE147
000000000
3FEF67B05
3FFDD4116
0003FC822
3FC8534E0
3F9EE5AAD
000000000
3F876DA27
3FCD2ACF3
0003D70A4
000000000
3FC75D076
3FE396537
3FA7C7C46
000000000
3FEF559F3
3FB9B53DB
000D044C8
00020016B
3FFC9358E
3FEB0C832
00004AEFE
3FF6DE423
3FED40C4F
3FF353B04
3FDC1BF12
3FD99709F
000000000
000547AE1
3FE9993DA
000B730A9
3FFB1AC14
00070E066
000266666
000000000
0002D0B4B
3FDA7D675
3FD720682
000000000
000000000
000000000
3FE98E459
3FF2D1C91
3FFB803ED
000000000
3FF15C28F
3FE212DAF
000000000
3FFD1EB85
3FE5A3096
3FFC61045
3FE757729
3FED2C77E
3FD24B5C2
3FFE8F5C3
3FC18E6B8
000000000
3FFC2F8FE
000000000
3FE0A5C3F
000005638
0003BEF28
000000000
000D70A3C
3FF90A3D7
3FE0B576E
000000000
000000000
000000000
3FD227274
3FF171DD9
3FB9CB2B6
000000000
3FE3E96F6
3FFD1E41F
3FFF5EAD0
3FE2BD3A3
000000000
3FC426648
3FAE33E07
3FDDC7CA9
000000000
3FFEEAC3C
3FE91A27C
3FFD5C28F
000412050
3FF1AB8E0
0001F456C
3FFDD70A4
3FFF42AAB
000000000
3FDD0EC74
000000000
3FCFED0C1
000000000
3FFEDBC85
3FC3A54DC
3FFF47AE0
000000000
3FE29F9C7
3FDD5A51D
3FF675B59
3FA437699
3FED47AE2
000000000
3F354B9AB
3FF2868A8
000000000
3FEDA32C9
3EBAE4F9B
000085FD3
3FE8AEB90
3FE500D8D
3FE77116F
3FFFE7F13
000000000
3F962B393
3FBCBCD0F
000000000
3FFD5C28F
0005A9A9B
0002A3D71
3FE1BFAA5
3FEEFEB97
000000000
000000000
3FE809BEE
3F8661822
0008E3F83
0005522E0
3FF3AB865
0003B1159
3FFC8F53E
000898B9F
3FE83B8F7
000683D1A
3FF7D70A5
3FA72E9B4
3FBF766F3
00008F915
000405E85
3FDC9FAA0
000C9D41F
00039C594
0004A3F86
3FEA235C4
000000000
0004DD0DD
3FF653C45
000710137
3FEB39A36
3FF0CA869
3FEEF5C29
3FDD736F8
3FF59F166
0007DEAE7
3FE29AA44
000000000
3FCD485B5
000000000
3FD66D3F8
3FAF437B6
3FCDDC7EC
3FF39032A
3FFD3CDC7
3FEEF21BC
000000000
3FEE26ED1
3F98CD4C4
3FF8775D0
3FE52CAFE
3FDFB9068
3FF4A6511
3FE558368
3FAB8F324
000000000
3FF7E7821
3FF914B71
3FFC1699F
3FF12A49B
000000000
3FF42B89B
000000000
3F9B79E9E
3FF621D17
3FFE84DE9
3FF7D70A4
000000000
3FFFB82A5
000B2F92F
3FEFA2182
3FF133ABA
3F8348D3B
000000000
000297DAB
3FCD2205A
3FFA90280
00037A16F
3FB5D0B3E
000000000
3FFFACE05
3FAF98D0D
3FF5DE010
3FFD7D1F1
3FFB76A18
000000000
00008A66F
3F689B1FB
3FC7B0EC2
000000000
3FD425FD2
000000000
3FFB26BC4
3FFD9999A
3FE835016
3FFC6931C
000000000
3FC4E9C1A
3FFE39EC7
3FE47C894
3FFBEB852
3FA03FD5B
3FF5DF825
3FD443D85
0002E147B
0005DE670
00095C28F
3F8E47BE6
3FFF828FE
3FE77DCAB
000000000
3FF779928
3FFB0F047
3FF6A3D71
3FFD6E6BE
3F7CF3FB0
000000000
3FF196942
000000000
3FCCA2293
00040AB6F
000000000
3FFB52DE5
3FFE58E49
3FFBA992A
00037260C
3FF87BDEE
3FA20A32D
000A57093
3FDF50263
3FFE66E53
000000000
000000000
3F91039BE
000000000
3FF45DBDC
000982254
3FFF71E4C
3FD07ABDC
000000000
0005C157B
000DEB851
3FBDD0FA7
000000000
000000000
3FDA30A15
000000000
3FCDE9F0B
00036CA73
3FF4CBC8E
3FF5DEA98
3FE0E7DEC
000B7CD6C
000337274
000000000
3FFB43DD3
000000000
3FEAB9A17
3FFE8BB8D
3FF087505
3FBCB3C9D
3FFA11FA9
000000000
0007B18BC
3FFD74CDC
3FCDC67DE
3FEE0186C
000000000
3FAF9242D
000000000
3FFA61C2A
000000000
000286A79
3FFCA3D71
3FFE147AE
3FDDCBB9C
3FFD11674
3FFC14C11
3FC21DF95
000A1627C
000C4081B
000000000
000000000
3FE0F6DA8
3FD55EE8F
3F7BB8BB5
0000EE30A
000000000
3FF9C40BD
0008F829C
3FDD57550
000000000
000326266
000000000
3FB0DB376
3FF883BC4
000000000
000953D12
0003A718C
000000000
3FE034079
3FE1AFD5C
0005851EC
3FF79787A
000000000
000000000
000AA0A21
3FC8406D1
000999999
3FEA6D93D
3FDE7670F
000000000
3FCF459A9
00039999A
000000000
3FB8D9D9E
3FF7ADD6A
3FBB08099
000000000
000A0B83F
3FF96B45B
0000EF3F5
000119A50
000000000
00069C3D6
3FFA3D70B
3FF2BC214
3FF710BC7
3FFC1151A
3FF24C4E5
3FFDD70A4
000000000
000000000
000000000
000000000
000000000
3FF1BBDE8
3FFED9094
000000000
000000000
3FC4552EE
000000000
3FDC1EBE9
0000BCE01
3FFD502C9
3FD0A4CE9
3FFE990AE
3FFCA3D71
000000000
3FE9A6952
3FFC07F95
3FE60CDFE
3F9EA66AB
3FFC53D01
3FF78D96D
3FFCCC840
000000000
3F6CC4DA2
3FF9F7BDC
3FFAF7B33
3FD93B448
3FE16C3CF
000000000
3FF2147AE
3FFC66666
3FF9A82F3
3F82561DF
3FFBED9E1
000000000
3FF7EE856
000000000
3FF974409
3FBC231BE
3FF1D1D13
3FACA694B
3FCB346CA
00020D923
3FF8A455D
000000000
3FE51AF14
000000000
000733CCD
3FF065D35
3FF17D593
000000000
000004141
3FF9E7207
000000000
000DBB386
3FF1FBCF1
3FFC28F5C
3FEA48ADD
3FD3835F1
0000138B5
000E661BE
000000000
3FF9114E1
000000000
3FCA013F5
3FF2E1C01
3FED62AC3
3FE4A9EE4
3FF7B75C9
000000000
3FE4336C3
3FF8305CE
3FFB5097E
000000000
3FF47027F
3FB6C104B
000000000
3FDD5A9A4
000000000
3FEEBDED5
3FFEC26B1
3FF769A1B
3FFC1478D
00018CC01
3FD70E458
000215DC2
3FFE8F5C3
3FF8EFF13
3FEE885A0
000000000
000304052
000000000
3FDBD8600
000419AD4
3FF52A2F9
3FFF8966C
3FCA823C0
3FF879CD9
3FF3C87F0
000000000
3FCA9C2DD
000000000
000000000
3FF5ECF9F
3FFE2C73A
3FFFC28F6
0001F7074
3FC6EC17C
3FF13FEE1
00003119D
3FCC326FC
3FCE97FA2
3FF6A3D71
00044B4DA
3FFB70A3D
3FFE51EB9
000000000
000000000
000764F24
3FF7EC03F
3FF24983C
3FF1D70A4
3FEBEF492
3FE1B1B31
3FF35526D
000000000
3FF9C28F6
3FFB3E2FF
000000000
3FE25A231
3FF2A1C00
3FDA73F7B
3FFA4882B
000000000
3FF13A827
000000000
3FFD9999A
3FD01D386
000000000
3FDD77A90
000000000
000000000
3FFF84FFB
00022D202
00011AAB1
3FE30258C
3FEFB63DD
3FF94D777
3FFDBA1DC
3FDAC0C6D
3FF8BF4DA
3FF71EB85
3FF94F4E7
0002F30A2
000000000
000000000
3FDFF2CA3
3FF19F84D
3FD268C2F
3FFAB8425
3FF7B52A6
3FE5A1823
0004F32B6
3FF83E321
3FDD653A8
000000000
3FFA68D3E
000000000
000000000
000000000
3FE18D309
000348533
3FE133852
3FFC9358E
3FFE147AE
3FF6FF897
3FE7EB6AB
000000000
00091EB85
3FFD9999A
3FFBDE32E
000000000
3FF1639D2
3FF03A29A
000C1926C
0004E659B
000000000
3FE3675FE
3FBDA429A
3FDE1D16D
3FECD2BE3
000000000
0001881FF
3FE24D8AF
3FDBE3FCD
3FD8FBF14
3F3BEA782
3FEBAE868
000000000
3FF7A74F9
3FF1AC0EF
3FFEA156C
3FF43CBB9
00023771A
3FF756466
3FFC69C19
00058EA20
3FCB8A0F1
3FEA634F6
0000CA194
3FFD9999A
000000000
3FE2BF9A2
3FF5759BF
3FE972D07
3FE202A00
3FDB2B527
3F67E5D52
3FF002E25
3FF7B2A4C
0006F02C8
00017BC35
000000000
3FF225415
0008B7670
3FF25EF04
3FC142BF0
3FFF0BC5F
000000000
3FFE12F82
3FD5C7803
0000ECB0E
3FFB91141
3FFE147AE
3FDB0221C
000C3D70A
000D15C26
3FF94627C
3FEF3C9AA
3FFCCDCA6
3FFCB0805
000200FEE
3FF403699
3FFFC58E7
3FFF1C380
3FCBD14AF
3F6F7C223
000000000
000000000
3FCAAA7C8
3FF20952D
3FFC28F5C
0002C1B2B
3FF87DC85
3FFE66E53
3FE478D0E
000CF33E2
000000000
000000000
3FF001DF7
3FC1228B3
3FD4542AB
000000000
3FF4B4E38
000113B98
3FF770485
0008ADDE3
3FE8344BE
3FF9F06EF
3FFF51CBB
000C7AE14
000000000
000000000
3FEE2FA3F
3FE26DEB7
3FF5AB038
3F967944E
00033235A
000000000
000000000
3FE3C2522
3FFF123B7
3FDE0FFB0
000000000
3FEEF5C29
3FF5AE92D
3FF7528FC
000002860
3FF5E2F85
3FFDD70A4
3FEFF8219
3FFF14BD7
000000000
3FE1118C4
3FFAE02FB
3FCCFCACA
3FEE069A1
3FF7CE2C6
3F8F8DEAA
000000000
3FD070672
3FD9A7C13
3FFE8F5C3
3FFE8F5C3
3FAF1D47E
3FBD4C3E0
00067EE90
3FF8C94AD
000484F70
3FFD7D1F0
0002ADDA3
3FE91AC43
3FC229AC3
3FEB6F9A1
3FFF426A2
0004057F5
3FFB16C58
0000BD951
3F985179F
3F9224C38
3FFE66E53
3FD91D206
000000000
0003F49DC
3FFE4FEE8
000E76F90
3FF9F53ED
3FCACDBB9
3FDE2AAA6
00045C42E
000274B51
000266666
000000000
3FEAA473B
3FD27A543
3FCF76128
3FF7D44C2
3FFB33333
000BFB267
3FD5E6124
00062349B
3F760B697
0007862F9
3FF761EFF
3FD379DF6
3FF57F9F6
0000B851F
000000000
3FEC15BD5
3FC0BC017
3FF8CCD3E
3FC201CD9
0006ED5B0
000000000
3FEE92D47
000000000
3FBF8EE99
3FD371B6C
3FE4B6E03
3FFCBE1A1
3FE36D43A
3FEB2BE51
0000315DA
3FEEC52BB
3FFD5C28F
3FEE4894E
000000000
000000000
3FF0BC796
3FFD9999A
3FF781C92
3FFD7F7C1
000000000
000493DED
3FE1428EF
3FFDC5D10
000000000
3FFEBFF96
000000000
3FFD5C290
3FFBEB852
000000000
3FE0F6FDF
000000000
3FF10593C
3FDAA863D
000000000
000C5D370
3FE4CE99F
3FE172802
000000000
00012437B
3FE714647
3FE1EE705
3FE9F97FA
3FFF47AE1
000000000
000925B45
000000000
3FEA218A6
0003C7CE5
3FBF22FA0
3FFEA9BA5
0005C76BB
3FF86CE36
3FF287D4D
3FDD38C44
000000000
3FFC11C91
000733333
000000000
3FFFDAF79
3FD0226E5
3FBC8CFE8
3FC433ED3
000000000
000000000
0006BC158
00096D194
0006E4A9B
00002997A
000000000
3FE04EC0B
000178B47
3FE7CCFC4
3FFAF5C29
3FFFE7765
3FE6F2FD9
3FF13EBB0
000CCF6A2
000000000
000000000
3FFB6F211
3FE608C69
000000000
3FF570CA1
000000000
3FFB3FB75
0002090B3
3FD5CCAC9
3FE73D729
3FFA8F5B7
000000000
3FDC1130B
3FF3965E5
000000000
000000000
3FE939D32
000A8C636
3FEF5BA74
000000000
3FF9851EC
3FEB86CDC
000000000
3FEAF5812
000000000
3FF548B61
000000000
3FF0EF895
000D0CEE8
000000000
3FD842231
000000000
3FF518C0D
3FD0AF846
3FF4F5C29
3FF2E2E8A
0006B434A
3FDAE78F2
00051C0C4
3FE9779FB
3FE0328CA
0001CD910
000000000
3FEB6578A
00019C059
3FFE1D783
0005430D4
000000000
000200A0A
0005E0866
00026B5BA
3FF05D79A
3FFBB6662
000000000
000000000
000000000
3FE5140F3
3FF06F359
3FF97312D
0004DABF5
3FA560E93
3FD826F01
000000000
3FF8F4633
3FF002746
3FFC1820D
000000000
3FFFD5899
3FD6F08ED
000799C33
3FF7580EF
000000000
000000000
3FF6575E2
3FF635915
3FFF5A35B
3FE130A5A
3FFC28F5D
0004D209B
000000000
3FEFE8D6F
3FE3E1921
00031605B
3FFBAE148
3FDAA9E6F
3FFB624A7
000000000
3FE49F55E
3FFB99E26
0009F7207
3FFAE85CE
3FE3E4365
3FAC38127
3FF8AEB4F
000000000
0004248A3
3FF646BCD
3FFE39CA3
000000000
3FF118753
000000000
3FFDE5B3C
000000000
000E369DD
3FDACD4B0
3FB0D0740
3FFBB204E
3FF80E6A0
00044D198
3FE5D2B37
000000000
3FFE8F5C3
3FFED4679
3FEB9394F
00035725D
3FFE1826D
3FD5E06E5
3FD4C35EE
000000000
000000000
000A0F7EE
000266667
3FE0126E5
3FF82AF0F
3FFAE4D44
000AC9028
000000000
000000000
3FF355A87
000218CF1
3FECF9358
000000000
00004A8D1
3FEAA1F18
3FEC5E83E
00096D088
3FF43A110
3FFE1BCC0
00021589D
000000000
0000F5C28
3FFA6C4BF
0007D3002
3FFA810FF
00021BF36
0005EC43B
3FF53B786
3FFD969A7
3FFE66E54
3FF3BE396
000411C3A
000000000
000000000
3FC036631
3FECB44C3
3FFBE13EF
3FEEF225F
3FD597D8F
3FFD1EB85
000C010D7
3FF490579
00046858E
0007EB852
000D64CFD
3FFD0861A
000000000
3FFD083BF
000309D3E
3FFFA2353
3FF9E9421
3FE5E2903
3FEDD4A48
3FF77BC1A
000000000
3FE9A9B38
3FEC1D019
0005E959B
3FFA7AE15
000000000
3FD90EDE2
3FF3FC7C6
3FF9289DE
3FCFC1108
3FFD5C6C2
3FE6F0DF0
000000000
3FF571B61
3FF74982C
000E7879E
3FF54B5A9
000000000
3FF81F04B
3FFF65529
3FD657BC0
0009BDD0C
3FF01F281
3FF9BE324
000000000
3FF7FA763
3FFE37B0A
00041986C
3F7D17C17
3FECEB5C6
3FFD3EEC5
3FD65AEE2
000000000
000406452
3FFDC5D10
3FEDDEB28
000000000
3FF028F5C
3FF0CE961
000000000
000000000
0001AF128
3FF6EB23A
000000000
000584A20
0000FC8D1
3FD49500F
3FBF0CD1D
3FC13507D
3FF251A0D
3FDD4382F
3FA5C78B8
000B83952
3FD27C65B
3FF638A87
00029D98F
3FD85A6C4
3FB1AFAA2
3FF975F1B
3FF74FD9F
0000906C4
000409B67
3FFD1EB85
00007AE14
0004F7F02
3FFECCCCD
3FC0A2317
3FDB6AA7B
0008C3C2C
3FFB7F53E
3FF6C7510
3FE3B5410
3FE4B9078
3FF4AE0A1
3FFE24102
3FFE43412
3FFCA3D71
3FC36F89C
3FE5A310E
3FFCAE6CB
000000000
3FEC880B8
3FD8069D9
000000000
3FDB19655
3FDD55E45
000000000
3FBC2C49E
3FEE568E9
000000000
3FD61682C
00050A3D7
3FF7496AD
0001F4213
3FE5EBC65
3FE25FF42
0002FEE75
3FE8B8390
3FFB708AF
3FF148D12
3FACEE7EE
000000000
3FCD7A26F
3FFE51EB8
000FCF8F8
000000000
3FEAA7F36
3FF618673
000000000
3FF8EC402
000866EE8
00006279C
3FEC64F1F
3FEA6C691
3FFF39B4B
0000EF3F5
3FEEA5B8F
000000000
3FECB590B
3FF4F9017
3FE78C203
3FDD2DAE7
0000F766D
3FFDD70A4
3FF9157EC
000000000
3FF6788EB
000000000
3FF5BF32D
000842946
3FF60CDCD
3FF36C9EA
3FFB6F211
3FF8A6C5A
000000000
00052EDF2
000000000
0004B6C2C
3FF287267
000000000
3FFA29F35
3FF0A21B6
0009173DC
3FEEA4E37
0000156CF
0004975E7
00064C090
3FE359D95
3FDFCAC30
3FE7F96EA
3FF6A3D71
3FFCA5BC1
00021D443
3FEECD091
3FE935A09
00091DFD1
3FFAB12F3
000AD79D9
000000000
000000000
3FD44BFF2
3FFE7EA50
3F9AEBD4A
3FE502C0D
000000000
3FD94D084
3FE58A71F
3FFF9A186
000266666
000000000
3FF45B613
3FF83AD58
0007D2F10
3FF85D9DE
3FF20E724
0002A3D71
000C3ADAC
000000000
3FF89F236
3FFA68F5D
00007EA44
3FFAEB234
000A49CCD
3FEECDCF3
3FF321CC1
0006F2FB9
000000000
00059F5D5
3FF547E43
3F81C3D8B
000000000
0006B7D78
0003BA19B
000DFBA7E
3FF386782
3FED95C07
000000000
3FF2D015F
000620014
000C67FF0
000C36D9F
000A21E6E
3FFC66666
3FEF67A03
000000000
3FF34AC6C
3FD1ABE33
3FFB482CE
00022BEEB
3FFFAC301
000000000
3FFC6CDB1
3FF7E2575
3FFD8C7C1
00076CEC0
000000000
3FFC95038
3FFEC8AA1
3FEBA6AC4
0001DDC4A
00025341E
000000000
000485BCC
0002B15E6
3FFD6E9BB
3FFF84719
3FD5FF59D
0005E5040
0005DE6E1
00085766B
000000000
3FF28060A
3FFD4ED23
0000F5C29
3FF405142
3FFAD741D
3FF60D6E5
3FF5C4ACF
000000000
000E66F2F
000000000
0002B98E5
000000000
3FF614602
00088250D
3FF18D408
3FFDD2FD8
3FE8E0681
0002141B2
3FD03FFC7
3FF8C97EC
000000000
000000000
00017BB28
000000000
00009F1B1
000BEAC99
3FEFE8C95
3FF4E7C9B
000000000
3FD7F3E92
3FE72B1FB
000000000
0006149C2
3FF311E4A
3FFCBF89F
00014000A
3FC793513
3FF8CCFAB
3FEC5BB27
000000000
3FF9ACF6A
000E86B42
0005B6868
3FEC1BDB5
0000C39F3
3FEBCDEE7
00040F18D
3FFC5DA11
00072B463
3FC6A36D0
3FFACDC1E
3FEDC45EC
3FFBD5BDB
000000000
3FF1958B2
00050A3D7
000000000
3FF7E8CCB
3FF200618
000DA46E1
000000000
3FF8CCCCD
000000000
0002F2A54
3FE920329
3FF3A6C7C
3FF521A67
00028C31F
3FEE8C2F7
00011BA42
000000000
3FEE92A7E
3FE852D69
3FE747AE2
0001EB852
3FE764EC5
0000920F1
3FF3C218E
3FF6988FB
3FFF0DB67
000000000
3FB785E13
3FFAEBA9B
000BD3F21
3FD5725DD
3FFFCB18A
00031666B
000000000
3FDC2D033
000ACA097
3FFF189D0
00074B2C1
3FFB858E2
000B19C0F
3FE45E26C
3FFD64E1A
3FFA25813
3FF8ED63E
000D71156
000000000
3FED7EE9D
000000000
000000000
3FFB94703
3FFDA7DA7
3FFD5A29B
3FFD65ACE
0004589E3
00006A8BD
3FE7276CE
3FC9BEF8B
3FECCCCCC
3FF54D614
3FE932B67
3FCCF23C5
00026AA39
3FF815FCF
3FF528FE3
000000000
3FE679D2B
000000000
3FD2372CC
3FF49CE01
3FF5EDABF
3FF337298
3FFB04602
000000000
3FEA0DBFB
3FECC451B
00003D70A
3FFC58E74
000000000
000000000
000293402
3FFDAA110
3FFD8DE81
0000EFBFE
00039324F
000000000
0005C40F1
3FF67F26D
000000000
000000000
3FF22405D
3FFFC7DA0
3F9F18304
3FFAD07BE
3FE7582FF
000000000
3FF1542F8
0002A3AB6
3FFA6B4D8
3FF5A4C0C
3FFC66666
3FE50BC8D
000000000
3FF797EF3
3FF697195
0001CE618
000000000
3FE88CDBD
0002F7C41
3FD0B52C9
3FDC98584
00039327A
3FF98EB81
3FFFD7128
3FFAA4CE8
3FF8ACBB5
000000000
3FF8835DF
000000000
0002CFB6C
3FF2C2467
000014B1C
00023A2F0
0001704D1
3FA4D16A8
000000000
00049BAB3
000000000
3FF4805B0
000000000
000170A3D
3F8C08BF6
3FF4778DE
3FEF7DC83
3FE9FF983
3FFEB270E
0004B0EEA
3FB66DC0C
3FEB7A796
000000000
3FFFB62A5
000000000
000000000
00038F6D8
00033235B
3FBB7FB89
3FF7B7574
00083372C
3FEF12952
3FFE66E53
3FF251D69
3FFEDEBB3
3FFD9999A
3F6BA33A6
3FEE8A490
3F912A4B7
3FE97BC75
3FFA7091A
3FE42FDD4
3FDDF78DE
0002E291E
000000000
3FFC16857
3FE7F682B
3FFDB6D59
00031DDBB
3FFCF859F
0004B6C86
000627D80
00081E01A
3FFEBE10C
000185270
000000000
3FF71F61D
000000000
3FC862044
3FFD42AD7
3FF587D92
3FE727B09
00095D1BF
3FF9851EC
3FE3F7701
00050A3D8
3FF6ED7D9
000000000
000000000
000000000
3FDA7232C
3FC73EEBB
3FDDE55AD
000AD9AAB
3FDDF7681
000142798
3FF07B983
0009E306B
3FFC66667
00069CFC6
3FFD9999A
3FFBD72D9
000000000
3FFC035EB
0000705C6
3FF009315
000000000
000000000
000201A9A
000000000
000000000
000000000
000000000
000228F5C
00006206B
3FD33B992
0005F1580
3FD6B851E
000000000
3FF846031
000131144
000A597EB
3FF3C2A72
3FD65D899
000345940
000801826
3FC33426A
3FF9E11D5
000000000
3FF95FA6D
000000000
000000000
000000000
3FFF79226
3FB50765F
3FF5BE406
000000000
000000000
3FDF16FB3
0004E5F1F
3FFFDF76E
0000BDD68
3FF67F872
3FFE3A4A1
3FF65A63B
3FF65E339
3FFF47AE1
0004C5B4C
0009CBED9
000000000
3FEFEF1F2
000000000
0009CA1E9
3FFD562BD
3FE77BB12
00012437B
3FE2440A3
000000000
00004E655
3FF009375
3FC0DC544
00050F54B
3FCF3D469
3FF846E8D
000000000
000000000
3FD5FB58E
000000000
3FFEB4802
0004CCCCD
000181795
00052C105
0000DE5F7
3FFE8F5C3
3FD94B099
3FFBAE148
3FFCAC004
000D8AF36
3FF838A1E
3FF354A64
000000000
3FB09DEC7
3FEE65619
000000000
000000000
000000000
3FEF5BA3E
3FF607BD3
00081B622
3FEC25BD7
3FF5EE86B
3FFE66E53
3FF319B45
0002FAEBD
3FF5730ED
000428D28
3FF5BD28B
3FF654CDB
3FFCFCE12
000119515
000000000
3FD932111
3FE9B9E46
3FF16E759
000E0F574
3FF9B3CC0
3F96C5E7F
3FCC19687
000000000
00052B644
00073ADDC
3FF642E15
3FEAB4489
00065F9F3
3FDB03549
000000000
3FF71E969
000000000
3FF95E471
3FF142D88
000000000
0008F8B44
3FF8D56C9
3FF988FD2
000000000
0006405D4
0000B9BCB
3FD4D7F49
000000000
3F7A91B92
3F8E05824
000000000
000505C20
3FBD7480B
3FF30CD8D
3FF410223
3FA41616A
0000B772D
3FF622553
000000000
3FF0C6DC6
3FF37433C
3FEBED68E
3FFDC1523
000000000
000000000
000000000
000000000
000C8A1B6
0005B7FE4
3FF47101F
3FF458D26
000C59F2F
3FE9D02E8
3FE26BB39
3FF6B2CEA
000A0CE4B
000000000
3FF654BF3
000000000
3FFCB709D
000B7A7C8
3FFDF49A9
3FED0D7C7
000000000
000000000
3FFE26A46
3FEAC1774
000910C15
00011BB6D
000000000
3FFB668C8
3FFC66667
3FF7ED6F2
3FE3B2716
000000000
00014A00A
3FDE5DED1
000228F5C
0003E87AC
3FFA676A3
3FFCD838C
3FDF1DB56
3FF12D456
3FFD9385B
00090E850
3FF5D0A14
3FE71ABBB
000000000
3FF635593
000D7669D
3FFBD8059
3FB5FBF51
3FF5A8165
000BFA274
3FFE56E3D
000D3C0F9
000000000
3FEF7D23A
0003E8FAA
3FD74A15A
0002D2B63
3FCB18060
0003607F9
3FFABB587
000261C3B
00005E7D1
3FFF15AA6
3FF852A31
000000000
3FBD4A2C8
3FF55ED18
3FE9D0808
0002EAC7F
00003797D
3FFBD209A
0001A0685
3FF0496F1
3FFD6B61A
3FECA940A
000536FCB
3FED51A8E
0009D176C
3FEB4CD5D
3FE82D076
000DDBB5C
0000A1143
3FFC3EAF4
3FE7295AF
000544DAB
3FFD9999A
3FD89A4FE
3FFF676CF
000F744D1
3FF21A08E
000BEE242
3FF9B3CC0
3F19E6BF1
3FE61A6C3
3FFE2E988
000EE3CEC
3FFC13B61
3FB00BEB4
000147621
3FE59F79B
000F99999
3FE43A957
3FF8B0658
0002F9DC4
3FEC31F76
3FCF9FA4B
000000000
000000000
3FFD7D1F1
3FFCA997F
00046413A
000000000
000000000
3FC3C2161
3FF47AE14
3FFCF5DDF
3FF0525A1
0004CF05C
0002FCBF9
3FFEAAB98
3FF4ECB7B
3FFB0A33E
3FD2B0B09
3FF248443
000053DDA
3FF85DD53
3FF46DE1F
3FE1FC014
3FF1F2569
3FF761EC7
000000000
3FF991D00
000ADB00C
3FF477343
00035CC54
000000000
3FDFE9F12
3FC3A4FB3
000000000
3FF85B5EA
0005F780E
3FE5628AF
000000000
3FF704BC3
000000000
0004BA6E6
000065E7A
3FEFDD003
3FFD0EEA8
3FFED70E0
000000000
00013D4A9
0008E2B15
3FFC712A8
3FF7D3F88
000000000
3FF10CE33
3FFE8F5C3
3FFD58EEB
3FFB1CB6D
3FE2B8452
3FEAF61AF
000422BBB
3FF6CF947
0000EE9E6
3FFE01A22
3FC15470F
3FFD50891
000000000
3FD9C1815
3FF9C8810
3FFB04BDD
000064F14
3FC8EAB76
3FFC66666
3FE933332
00072E1F2
3FF604080
000000000
000600001
3FFF23BA1
000291DC7
0008C6795
000000000
3FF7438F8
000A71EB6
3FF40200D
000000000
000000000
3FF3C28F5
3F68AE7D0
3FFD911E4
3FF8C4528
000369EB2
3FEDEEDE9
3FDB260BA
00012DD12
3FF3CCD0E
3FFC1F432
000000000
000743B7B
0005A34F3
3FDE73817
3FFC1D472
3FF177E64
3FFC9358D
3F9DAA33F
3FFE7663C
3FFD793A3
00032C3F3
0000772A8
3FD2472A6
3FEBD54F7
3FF83F870
3FF9883CC
3FF57943A
00005D755
3FFAA851F
000826768
0007F9BF3
3FFA036F1
0002AC386
00054AFA1
3FF43D70A
000000000
3FF90C516
000000000
3FF6E1D62
3FF9FD585
000684DE2
3FFD49C4B
3F8BF0BCC
000021889
3FFBB8676
000FDAB11
3FED19C5C
3FF4017C6
3F67C145A
000451EB8
3FF11DC17
000000000
3FFB153C3
3FFB4B338
3FF5F47C0
000000000
3F98DB2FC
000000000
00018DB62
0004F7819
000000000
3FFCD478F
3FF952DCB
3FDD35F8F
000270571
000000000
3FDBBDA3E
3FDFAD629
000642B99
3FDF02467
0008DEAD7
3FE4B615F
000000000
000000000
0005587BC
3FFDAFD90
3F772A7F2
0001DA243
000000000
3FD106F36
0004E8492
3FF5D68B5
000000000
3FB51FE1C
3FFDB81B2
3FFE3BF32
3FFE17678
000000000
000000000
00014CAEB
00003EB73
000000000
3FF30977F
3FFF2FC7E
3FFF90402
3FE3209F1
3FF7186BA
3FF47ADEC
000000000
000000000
3FFFEFBB7
3FF9C28F6
000000000
3FFCD49A3
0002F1E73
3FED5B2B7
3FD1B11D9
000464314
3FFF7515A
000000000
000000000
000000000
3FF543ACC
3FF83178A
0004CDBB3
000000000
3FED53532
3FBF75C93
000000000
3FE5AF899
000000000
3FC3900F9
000000000
000000000
3FF99AC88
0002B27B4
3FF88F5C2
0000FB838
000000000
3FFA827B2
000000000
0006A2077
3FFE9E1E6
3FF385DFC
0004994CD
3FFE2051A
3FEEF0180
3FB8167A7
000000000
000000000
00015EA94
3FF948E5D
000000000
000000000
3FFD0D753
3FE8FB0CF
0003B2278
0002D2B63
3FEF3D6E2
000000000
3FFE25DF5
0003AC556
000AF2BDA
3FFCDD407
3F8FD0114
000000000
3FF451A8D
3FFE72813
3FDDA8C70
0002B1850
3FFA40F3B
3FFA3CA8F
000000000
0007E4025
000000000
000000000
000140201
3FFE51EB9
3FF2A1935
3FF9D5EF8
0003908C8
3FFC17527
3FE88A38B
3FFE43411
3FF9B0EC8
00010868C
3FFA399C3
3FFE4475F
0007BA2EE
0005A6F50
0003E8AD8
000565FC6
3FE902D5D
000000000
3FFD9999A
000C30742
3FFDF2022
3FF4CCF6E
000000000
000183D24
000000000
000000000
3FD5CC728
000000000
3FFB2138A
000000000
3FFCC487C
3FF8C1590
000000000
3FE2BE05B
3FFBA8FD0
000000000
3FED90F72
3FBE5CD46
3FEBC693C
3FF004AF5
00015EA94
3FFBB6693
3FFA79132
000000000
3FFE4932E
0002A3D71
000000000
3FFE51EB8
3FE2962F2
0007E11CE
000000000
3FF926B1B
0006311CF
000000000
3FEED8F3A
000912B58
000000000
000000000
3FF0547ED
000000000
3FDFDEF78
3FE3E5809
000E3D485
0000E79E7
3FD4BDE2E
3FEDCFD1A
0002F308B
0008AE1CB
000821FE0
3FF9CAA59
00003D70A
3FBB6B253
000000000
3FE9BDA59
3FF0F52C1
00062CA6C
3FF3C28F7
000000000
3FF5F419D
000000000
3FF9FADD4
3FF8054D8
000B73498
000D8F8B7
3FFE8F5C3
3FF90988C
3FED0CEB7
3FFD5C290
3FDECBA4A
0000D6A32
3FFAC0ACC
000477637
3FEDC5818
3FDAE7C38
3FE4218A8
000000000
000000000
3FFDBA4CA
3FF347C11
3FF91092F
3FDAED2D3
000BD7735
3FD8B999C
000475016
000403628
000E88964
3FF05D49E
3FA8CD73B
00079F42B
3FFD42AD7
3FF7C8086
3FF5A97A3
3FE454242
3FF1B783D
000A37E59
3FFDD74FE
3FEC0F87A
0004FF05B
00011567F
3FF7F19B3
3FE6F2C93
3FFC48204
0000B3A42
3FFD12944
3FE3E2CDA
3FF064FD2
3FF4BB65C
3FFEF7974
3FF5ECE35
000A0457F
3FEEF43A1
00031A26A
3FF6EF5C5
0005E5AE7
3FDDAC9DB
000000000
3FF9449C5
3FF5AC858
000000000
3FF3503C5
3FF79BBE4
3FEBD151E
3FEE6B299
00003866F
3FEEBADA9
3FFE2C73A
3FD96C480
3FF8E7096
000F02836
3FFFFA2BB
3FE11BF62
000000000
3FF0E2157
000133333
3FFD52D55
000000000
3FF4F8BB5
3FFABEB7F
000B8DD16
3FF54B33B
3FFAB4BC2
000000000
0005BF118
000000000
3FBD7B36C
3FCE682E2
3FF4F8D7B
000000000
3FF31539D
000000000
000000000
3FDE610A5
000348B01
3FF26B0BA
3FEED01F6
3FFAC9C34
00003DF10
3FFE8EAB1
3FF5A7D97
3FF70AA8B
3FEE58DD5
000000000
0001F456C
3FEC4DCC6
3FF533333
3FF3B1B8C
3FFBD1318
000298D59
000000000
000000000
000000000
00001C7AE
3FFA0E894
3FFC48204
3FF3C8875
3FB5C0C31
3FD94DBD4
3FFE8DD3B
3FF4945CC
3FFC3AF06
3FFE08F8C
3FFB7EB09
000000000
3FFD7D1F0
3FE4288A0
3FFB34AF9
000428383
3FD4853CC
3FF1CA9DB
000E503D0
3FFC608D9
000A5E32D
000222811
3FF324B8A
3FF6D71EF
3FD715DC3
000000000
3FFD7D966
3FE659DC3
3FF810BA6
000000000
3FDC564D8
3FF561BDF
3FF752F5E
3FEED76EF
3FF05944F
3FEEBFE2D
0003699A8
3FFE43411
00004C6C2
0009F0926
000A237CB
3FEADED44
3FF73C5B2
0001CFC68
000000000
3FEACFA93
00004C6C2
3FE7A7F19
3FFEA2614
000000000
3FEA0C246
3FFEEA08C
3FFC34A0D
3FF0CEC25
3FFAC9C34
000139DCA
3FFD7E88D
00049A45C
3FE932EE6
000000000
0006AAAB9
3FF603A0D
3FFDAA081
3FFE3E80E
3FF98F730
3FF40E5F9
00029B1E5
0004FF346
000C48633
3FEF63982
3FFEB270E
3FF1ACD09
3FE77809F
3FFDFC711
3FFCB1E3D
3FF85A73B
00034B4AA
0002A5203
3FF4A6ECF
3FF35F639
000000000
00011FB5E
3FF87A8FA
3FFC7BEF7
3FF4684AA
3FFC0C25F
3FFA39CF4
3FFD05F69
3FFAA1121
3FFA3D70A
3FEEE653F
3FFB17DAC
3FFBBD100
3FFECCCCD
3FFE31321
3FFA2E117
3FF5A925D
000000000
3FEF34018
3FF006160
3FE2C5273
3FFEC2B57
000000000
000000000
000000000
3FD443999
3FFBEFFF3
3FFCA58D1
3FFE66D67
3FF64A8D0
000000000
000C2F2B6
000000000
3FFB5F4AA
000DDC11C
000000000
3FEDA9428
3FF5FD9CF
000001756
3FEFE3365
3FD9C90F9
3FE9D0104
3FE986A36
3FF3EEB4F
000000000
3FF6562CF
000000000
0005CCD43
000000000
3FE10416D
3FFA3CA8F
3FD9F4781
000000000
3FDB276AD
3FD2E6F24
3FFB09397
3FF81180E
3FEDFB075
000975CD7
000000000
0009D0B25
3FEA831F0
000466FA1
3FFD856AC
3FF709C14
000000000
000000000
0007F0E99
0000EF3F5
00063286D
000543094
0003F53EA
000089A67
3FE60035E
3FF338D77
3FFD53C79
0000833C2
3FFEA4307
0000F2B80
3FFC23996
3FFE58F1D
3FFF1B5BF
3FEFADFB7
3FFD8F824
3FFC86823
3FF815B69
3FFCB8EBF
3FFE0BA94
3FF61A5C7
000000000
3FFEC2B57
000000000
000000000
000000000
3FFE58F1D
3FFC997CE
3FFEF7974
3FC7D9B99
3FFD35D6C
000000000
000398D2C
3FF8897C1
000000000
0007FB5E8
3FFE8DD3B
000000000
00022EE55
000331A15
3FFB6C366
3FE5FC383
0003833C5
000000000
3FFDE1E3E
000000000
000000000
000000000
00032943C
000000000
3FE6307B8
000000000
000000000
3FFBCAF16
3FF07A13D
3FF82EA50
000000000
000000000
3FFEC2B57
000183C2B
3FFCBA418
3FFF3CB7A
3FF6DB56B
000000000
000245B37
3FFE2C73A
3FFBAE148
3FFBC5F5D
000000000
000000000
3FFF8D5AB
3FF3C3FC8
3FFEC2B57
000158A4D
000000000
3FFE03D14
3FF2426BF
000000000
3FDAB9E86
3FF75C593
3FB6990D6
00014D8F2
3FF505F76
000000000
3FFC5ED04
3FECF2CFD
000000000
3FEA1C50F
3FF92210E
000BE6C69
3FF655D56
3FFBCC635
3FFEC71DF
3FDBE1411
3FFA6C305
3FFB5C493
000000000
3FF617B65
3FF46387F
3FDE06125
3FF6BF87D
3FF526555
3FFE8DD3B
000000000
3FFC67513
3FF1C2DE2
000325588
3FF94387B
00063D70A
000000000
3FFC5D0B9
3FF0E9F91
3FFACCEA4
3FF014ECB
3FC6BC583
3FF2E399F
3D51829A9
3FFCCE428
3FED005BF
3FFEF7974
3FF09792E
3FF08B39D
3FFB507E8
000000000
3FFEC2B57
3FF8B5D92
000000000
000000000
000000000
000000000
3E128488D
000000000
000000000
3FD16CE44
000000000
000000000
000000000
3FFDC4641
3FF2F37B9
000000000
3FEF8C97C
000000000
3FF33DF27
000000000
0001262D9
000000000
00025B62C
0000B851E
000000000
000000000
000000000
3FE0F528E
000000000
000000000
000000000
3FFDE19FE
3FF833C11
000000000
000D26F25
000BAB453
3FFFA56C5
3FFC7FD5C
3FFCB1E3C
3FFB74992
000000000
3FD00C8EF
000000000
000000000
0002967BE
3FEEB851D
000000000
3FFAA6B19
3FE6565F4
3FDEE5F10
3FE168B72
3FE27DC43
3FB57EF1D
3FFBDE5CB
3FA2964D7
3F98C3F78
000000000
3FDFE5E50
000000000
3FEB5019B
3FE479285
3FF3E7E79
3FFF851EB
3FD3EDC8E
3F77327C6
3F94E746D
000000000
0007E4935
3FF125E88
3FFF1639D
000000000
3FE143BE3
3FAA44F46
000000000
000000000
3FFE858AC
000DC490D
3FCBA3B27
3FFD9999A
000000000
3FD99A09A
00007AE14
3FEBF1BC9
000000000
3FF51056D
3FF85F644
000000000
3FCB14FDF
3FEE0BD0E
000526A8C
3FEFCF043
3FDA4B7DE
000000000
3FF1194F9
3FE1C389B
3FEEB18EF
000000000
000000000
3FEE8D1B7
000000000
3FFC33A6C
3FF254E44
000000000
3FD29BCF5
3FDB18072
3FAD81222
000EADBB3
000000000
000000000
3FFCFAF47
3FEFD19F8
3FCAB931F
000000000
000000000
000000000
0005DD210
000BBFC54
000000000
000000000
000000000
0005C8B18
3FFE58F1D
000000000
3FD437589
000000000
3EFB956F3
000853ECC
000000000
3FFA3D70A
000000000
000EB09AE
000000000
3FDD9F0C4
000C33C1F
3FFE51EB8
000000000
000000000
3FE9CC700
3FF1DB597
3FFA7AE14
3FCDD5C5F
3FEF98202
3FF9C28F5
3FAE5EE2C
000000000
3FF448A7D
3FF3D40BE
3FB01E0BB
000292F03
3FDB6DEEC
3FD4676B8
3FDD8E37F
3FDEE9C2A
000758BDE
3FD32A2A4
000000000
3FFA670B4
3FF2ABA14
000000000
000000000
000DED4A3
3FF2B0F5E
3FD89844F
3FD962D78
3FF4145C7
3FECFF896
3FA9A3700
000000000
3FE496E23
000000000
000000000
000000000
000000000
3FD67C765
3FC786C51
000000000
3FFBAE148
3FF997195
000B54923
3FB3367F7
3FF08D1BA
3FF02AB35
000A58F59
000A241A9
000170A3D
3FEFADD5D
000000000
3FEBC98B2
000C44940
3FE3230C4
3FEE70A43
3FC30E57A
3FFE599DE
3FDE2CB00
3FF358C1B
3FFA1D13B
000000000
00095C290
000D4B9C5
000000000
3FF117657
000000000
3FF7FAFF6
3FEE6BD90
3FFD5C28F
3FD446E62
3FEBC494C
3FE27A752
3FF2DAAD9
3FD739005
000000000
3FEB2A18B
000000000
3FE61195B
0000BC317
3FFA922B7
000000000
3F5884171
000000000
3FE3D4689
0001B3E0C
00039661A
000056AA2
0000BD982
0003D70A5
3FF9C28F6
00003D70B
0001926C4
000000000
3FFF34423
3FFE3F43B
3FEDBE072
3F96B88C6
3FDBEBF32
000B5CCBB
3FFBAF1D9
3FED7AEFD
3FEFA4B66
3FFD1EB85
3FD7E2F73
3FDE1FC71
3FE850527
3FE98A783
00060D406
3FE671272
000000000
3FE64EBAF
000000000
3FEAD248D
000000000
3FC8CCE5B
3FEB81871
3FFF21A0A
3F7B9EFDB
000000000
000000000
3FEDCCDAB
3F7CA3DCB
000000000
00050F35C
3FDDC596E
3FFC007EC
3FFB70A3E
3FF6D29E4
3FFDE2388
3FF7768BB
3EB63F6BA
000000000
3FABEAB74
3FA1FDA85
000A111D8
3FCA485FD
000000000
3FDC82557
3FFD9BB82
3FFDD4C63
3FDA295A6
0002356ED
3FE2DFA0C
000C2C465
00050A3D7
000000000
3FE58E135
000000000
3FE0A92AE
000000000
3FF8CCCCD
00048A416
000000000
3FE38847E
3FE02AD56
3FE462F0E
3FEF7EB08
3FFB119FC
3FF9E446C
00054EFD2
000000000
3FF386085
3FFEFB279
3FF2D44DC
3FE1003D4
000000000
3F3859264
3FAC7F379
000000000
3FF4DF462
000000000
000A278E7
3FFC28F5D
3FAFD29ED
3FFEB4436
3FEF84809
0006F5C28
0003F73EF
3FFB831D4
3FDC7B208
3FEF2F261
3FFEF7974
3FFB33333
000000000
000000000
3FF970659
00093AA9E
3FDFE98D8
000D0BDB4
0003C473A
3FFB45C9A
000000000
3FFBCCF2B
3FFB38F30
3FF66CAF5
3FE2E8BF4
000000000
000000000
3FD1B8A3B
3FEEAE99A
3FD216ECA
3FFFD7573
3FCFE6D35
3FB6FD87C
3FFDA8952
3FE39F6DA
000000000
000000000
3FF9701EB
00031EB85
0002696D6
3FCE32FFF
0002486F7
3FE33EA37
3FD04EFD5
3FF2A4D8C
3FFFB74E0
3FEE1ED78
000000000
3FE43D266
3F64725E5
000000000
000474580
3FFECCCCD
000000000
000BFFFFF
3FE66E530
3FE98B3B4
000000000
3FEFADECB
0004566D6
3FFC9358D
000000000
000000000
00001C137
000828F5D
000000000
3FEA91425
3FF5EB852
3FF9E75AB
000000000
3FD1682FD
000000000
3FF46B0FB
3FFD03101
000000000
3FCFCD465
3FDE44273
3FFA017C6
3FE55C002
000000000
000000000
0004E1315
000DB1BB2
000000000
3FF3A7912
3FDEA48C0
000000000
3FE071587
3FE4250DA
3FF5ACC0C
0004E4635
3FE541FFC
3FB50E5E0
3FE053C27
000000000
3FF5CD205
3FFE147AE
000000000
3FFBA2BA3
000000000
3FF024547
3FFCBF2A5
3FAABE552
3FDEC4C66
3FF400000
3FFE51EB8
00004016C
3FD0BE6D1
3F707F99E
000D7C134
000000000
3FE58E72F
000000000
3FD237EAE
3FFCA3D71
3FFC6E9CF
3FFCD9055
000000000
000000000
0001FEFC1
00003D70A
00044DAA3
3FF2A9336
3F191AE7B
000EBB9E6
000000000
3FCD6E237
3FE907F94
000023953
000000000
3F7E3E830
000000000
3F409F8DB
00031EB85
3FF5DD6F9
3FE8F2A9A
3FA572F09
000000000
3FAB68C4D
3FEA85E62
3FC5BEAAE
3FFF8CAA9
3FFB7F9F6
3FE87AE15
000000000
3FBCFE50D
000000000
000000000
3F624B72E
3FCE2DD66
3FE7DB2D7
3FFE24CF6
000000000
3FFEBF4DB
3FEE802F1
3F954C189
3E9B99291
3FE0ACDF6
3FA076357
3FB5F2E7D
000000000
3FB997EEE
3FF57D03D
000000000
000000000
3FD59F818
0000390A7
3FE1A90A1
000000000
3FCA1BB35
3F9DD56E2
000000000
3FE799F17
3FDFE0BBD
0006FB3C6
3FF9CC32E
000000000
000000000
3FF6B4BFA
3FFC28F5C
3FFD1EB86
3FFA8DA48
3FE54FC87
3FF2F14A7
000000000
3FF2E96C6
000000000
3FB08B6C8
000000000
3F8E7ECC4
000000000
000000000
000000000
000000000
000428175
000000000
3F9F6BFE2
3FCF4E6BB
3FFCB1E3C
000000000
3FE6C2532
3FF4EBE77
000000000
0003142AC
3FF5EB851
3FF7C6C58
3DAA83462
000B8DE8B
000000000
3FF9A6915
000000000
3FCBD23E9
000C4BB15
3FE582599
3FFE8F5C3
3FF3ACBE6
3FDD16A56
3FFBD8981
3FA925AA3
00029DD1D
0001A70E3
3FB06B324
3FFBD2F03
000000000
3FFE43D08
3FF40365B
3FC0B8D81
3FF732BEB
3F21DBAFB
0009EF096
3FFECBB12
3FF243E9B
000000000
000000000
3FFEF7974
3FEC025F6
000000000
3FFD9C98C
0000A9A15
3F7F19A47
000000000
000000000
000000000
3FFDD70A4
3FF8E3A43
0007A3948
000000000
3FDD0BD49
000000000
3FEA7E221
000000000
3FF3653A2
00038FCC7
000000000
3FF2E05C9
3FFF8B1CE
3FEA5587B
3FB09ABA0
3F8A28158
3F9F7CA94
000000000
3FEEE7D39
000653E0B
3FFAB851E
3FEC18B63
000000000
3FFA4AE96
0002645C0
3FAF7C577
000000000
3FC8D2215
3FFCA3D71
3F79885EA
000000000
000C5CC7E
000A51EB8
3FF5F38EC
3FFD7D1F0
000000000
3FA2F1E76
3FF94D295
0001EB852
3FFDACBE2
3FFEC38BC
000000000
000574141
3FF7272EB
3FDDECA13
3FE678183
3FBFF761A
3FF951255
3F952AF2F
3FF205394
000000000
3FFBA992A
000000000
3FE8F6791
3FFFE577B
3FF963C79
3FFF2901D
3FDC34B00
000432F7D
3F47FFA25
3FFCF6416
3FE4DE529
3FF1BC53D
000000000
000000000
000000000
3FDB19ADA
3FD7FBD91
3FE0A4E93
3F8876541
3FE3DAF45
3FDF43B99
3FFCFAB7D
000000000
0007F3422
3FA299C3B
000000000
3FEF74F35
3FFB70A3D
3FE9517AB
3FF5B6F07
3FEDFFFFF
3FEEE949D
000000000
000461000
3FEE2458A
3FE0EBE5F
000115F74
3FF016761
3FFB74993
3F577C7AC
3FC1A11A8
3FA13478C
000000000
3FDEDFCB3
3ECC6B92D
3FF2147AE
00012437B
3FF16CD8F
3FFD083BF
3FD25C0A7
3FC9BBC82
3FE29587D
3FF9851EA
000000000
3FBEC69C7
3FEE8362B
000000000
000000000
3FEE93E3E
000000000
3FFA60BD3
3FEC2B3DC
3FC129DD1
3FEAB0294
3FBF0573C
3FEE68354
3FA74246C
000000000
3FE9F16B7
3FF30EE3E
3FFD5C28F
000490DEF
3FD25DF03
3FFCC6BEB
0002C7BE1
3FF35BAF1
000233F94
3FEBA8049
0000FB23A
3FB6BD03D
3FFD1BA75
3FFDB71A1
3FDAD2FD6
00060B2B9
000000000
000000000
3FF9FE7D3
3F54BE50D
3FF53AD91
000000000
3FE1DB7D3
3F412221D
000000000
3FA1494BB
3F857F815
0005728CB
3FE5F6EBF
000000000
000000000
3FDFB5BCC
000000000
3FFC88A1E
3FCCC2A54
3FE199530
3FF019B12
3FEB8F5F9
3F95D064E
3FFECCCCD
000000000
3FE9C146C
3FEEB851E
3FF3CA707
000000000
3FFBEB852
000000000
0001DFDFE
3F758FFEA
3FF43A6B2
0003343B9
000000000
000D70A3D
000000000
3FC1E3C88
3FD0037BA
3FF34EBDE
0009F02A4
3FF75E3F7
3FF88BAE6
3FB0E02D1
3FFAD98E2
3F85085A3
3FB7888C6
3FC8266BE
3FBE00000
3FE57D6BC
3FEAAB642
3FFA1F31C
3FFCA9D54
3FFDF2022
0000E2FB3
0006E3FD3
000000000
000000000
3FFFC28F6
00025A8EC
3FE0EDE8B
00085C8C0
000000000
3FEB3D70B
000000000
3FFA00000
3FE7C41BE
000490DEF
000000000
000000000
3FF3C1BCF
3FFB70A3E
3FFE6D93C
000000000
3FFE8F5C3
3FDA180D2
0003CD967
3FE33ECD0
3FBB53337
3FED9F393
3FFE7FDB2
000000000
000000000
3FFF7F5F1
000044C79
3FFB70A3E
3FFB70A3D
3F0F27CB0
3FFA3D709
000000000
3FE8B4A60
3FCD98B56
000000000
3FFAE41F5
3FA99E01F
3FDBB673E
000000000
0003F6E7B
3FF575882
3FA8D7EDF
3FF91ECB4
3FFBEB852
3FF1F9598
000000000
000000000
00010868C
3FE428F5D
000248D60
0004BB559
3FEECD83F
3FFA7AE15
3FF38BE05
3FF79C87A
3FDFCBE49
000000000
000809CB4
3FFBEB852
000000000
000000000
3FF095761
3FEBA3954
000B1C6A6
3FED4E4C9
3FF75CB8E
3FFAE7B41
3FFFF5099
3FE6F6B9C
3FE6E6BC4
3FF9C9E5A
000000000
00017BB45
3FF9F560D
3FFA8CCA9
3FE1E104F
000325DD6
3FFA6EFE2
3FE2265C1
3FEDC49DC
000000000
3FE380392
3FFE147AE
3FE846A3D
000000000
3FF67A793
3FF6C1E4D
3FDE113A3
000000000
3FF400001
3FFA8BEBD
3FEFB3A23
3FFE9B459
3FFA8A534
000000000
3F7D61F07
3F9923698
3FF20388A
3FF71EB85
3FE25D879
3FF5B0019
000000000
3FFE8DD3B
000000000
3FF653C04
000A13E36
3FFECCCCD
3FF7EB3E5
3FF1D70A3
000000000
000000000
3FE963880
3FFE8F5C3
3FDEA3D71
3FFECCCCD
3FE62A031
3FF035D62
3FD181087
3FE276AA2
3FF48F89B
000000000
3FF12A8F5
3FE8A4C7D
000CBCEBD
3FD8B8324
0002E54CE
3FF59DD88
000000000
3FD5B2D06
3FA6CAA1C
000000000
0009E6D9C
3FF798F77
000000000
3FFD9999A
3FDFAD8D9
3F8EAC629
000000000
000B073E6
3FF666666
3F97A6808
0007AE148
3FD2947C1
000000000
3FFF6BAFF
3FD5C5DDB
000000000
3FBC1DFED
3FE73E5FC
3FE4C3770
3FFC1E75C
000E78AED
000595BC2
3FF8D3E50
000701155
000000000
3FFE8F5C3
000000000
000AD9BCA
3FF35646F
000000000
3FF9F9E72
000000000
3FFFD3149
3FE690C27
3FEDD922B
3FFBAF3FE
3FFF093EF
3FF9EEC44
3F9E46A35
3FBDD0C45
000D8E290
00062E965
000000000
3FFE8F5C3
000000000
000000000
00030E212
3FFD083BF
3FD9790C5
000000000
000000000
3FE3D89AD
000000000
3FF2967DB
0002347BA
000473008
000BDF0A1
000EB08FA
3FF441FB3
3FF5512A3
3FF88F5C3
0001AE148
3FE4870EC
3FD979CC4
3FF60FD94
3FFC246C9
3FF368723
000000000
000000000
3FEA5943B
3FE7706DE
3FF33AE47
000B44B53
0004B9E1D
3FEFD6AAB
3FB17C9CE
000000000
3F7CEBB38
3FFF35B39
000000000
3FCF2784B
000000000
3FF997C4F
000000000
000000000
3FDB0731C
3FFDE6956
000000000
0007622B4
000AE4305
3FE6FFB6E
000000000
3FF1CC0B7
3F7DCB52F
000000000
000000000
3FD43748E
3FF4644D9
3FF36A7A1
3FE88772B
000000000
3FDF1BD15
3FB16183E
000000000
3F1972462
000000000
000000000
000000000
3FD556105
000000000
3FACA065F
3FC12A0AA
3FE4C1F67
3F40C631E
3FF78D969
000038CFA
000000000
3FF75C28F
3FC1955C6
3FCB8CB13
3FFE51EB8
000000000
0005FDEC2
000000000
000282E10
3FF2AD4CC
3FF05D62C
3FE3AD8F7
3F915FE96
3FC08E8A1
00050F71D
3FCD43C76
000000000
3FF7FDFE8
3FE7F08F2
3FF9CD8B1
3FBB81F53
000000000
3FEFBA679
3FF412885
000000000
000000000
3FEEB1043
000000000
3FE5351AB
000000000
3F76068D9
3F9E89D94
000000000
3FFB70A3D
3FFBC33FC
00036B6D4
3FE758452
3FF1AFACB
3FFCDC697
3FEB69632
000BCF399
3FF6223C9
000000000
3FDF7034D
0004E448C
3FFFAB7C9
3FF7C66D4
3FFEEE661
3FEDB0CD5
3FFE469DC
3FF570FB2
3FFC25F8C
0005BF582
000000000
3FF855E0D
3FFE58F1D
3FDF64DC8
000000000
3FFDB8F46
000000000
3FEBC0E3E
3FDE84CD9
3FCC21222
000000000
3FB39A90B
3FD3F6AF8
000B86A18
3F0E13FAE
3FCD88A41
3F8B1061D
000A43CDE
3F81F70FE
000C36A18
000000000
3FE9E804F
000000000
3FE182D53
3FFC1B8D7
3FF43271D
3FF85367E
3FFECCCCD
000000000
3F5316009
3FA7BB72B
000000000
3FA1E7097
3FFD8A9E2
3FF958CBD
000000000
3FF704261
000133333
000000000
3FFBDA042
000000000
3FFAE4DA6
3FF49F764
3FFD05F69
0003FAFF6
000000000
3FFCC4F8E
0002E82F7
3FFAA7890
000000000
3FF669BE0
3FF0BCA99
3FEDCB336
3FC83BEC5
000000000
3FAC83585
3FFD1EB85
3FE95A6F7
3F3DEEE01
3FEEBBF31
3FB4A74C2
3FF49A2AC
0002074B7
3FEADBBAC
3FE490E44
0003FE1CF
0001EAF89
3FFD70F44
0006163CE
000782C71
000C419B3
3FFE58F1D
3FEA8E0A0
000000000
3FE0AC5B6
3FDF9A27C
0000F5C2A
0004FEA4E
3FFEC2B57
000000000
3FFB2F6C9
000000000
3FFED22EE
3FFAA9A78
3FEA8C224
3FF59A172
3FC939F65
000278B64
3FDDD2D49
3FD8A3D71
000000000
3FB6B4234
3E91034B5
3FF96D9F7
000000000
000000000
000000000
3FEECEC7F
3FA52B945
3FFC45B47
000000000
000000000
3F7B00EDD
3FEDF0F7B
3FFBAE146
3FC44951C
000000000
000000000
3FDC6E7E7
3FFB3C309
3FE55CA80
3FE80D7A1
000E28F5C
3FE2902D3
3FACF2C8C
3FB840213
3F8F4E29D
000000000
0007F3A69
000000000
000000000
000000000
3FF1D70A4
000000000
3FF46EDE8
000D87C20
3FD4D23CC
3FE63E166
3F593CC49
3F7BE61E1
00099A25A
000D70A3D
3FD9E56B2
3FE7825E8
000000000
3FC19999B
000000000
3FF7A8E22
0004C6D50
000000000
3FF7D5878
000000000
3FD8273FD
3FA9980A2
000B0A3D7
3FC5DBFC8
000000000
3FF25068A
000000000
3FBF34439
000000000
000000000
3FD44F230
000000000
000000000
3FD96F8BE
3FF47AE13
3FF7F37E7
000000000
3FF66480D
000000000
3FA6FF681
3FF5EB852
3FE43B6C0
000000000
3FCD9CA90
000000000
3FF8CAA00
3FC65B518
000000000
000000000
00035C290
3FFD7D1F0
3FFDD5E49
000000000
0005167AF
3F9B9558A
3FD0C6277
000000000
000000000
000000000
3FDBAA95D
000000000
000D70A3E
000000000
00028B80A
3FFC6E645
3FE7408E2
3FD070206
3FA1906D2
3FE315A89
3FF2CCCCE
000000000
3FE55B615
3FBE34405
3FDB3A838
3FD342E40
3FCF46123
3F9B6BB66
3FD2E3CEB
000000000
000000000
3FF8B5351
3FD41AE7C
3FEED9741
00005EB4E
000000000
3FBF1B8AA
3FEF6A8C1
3FF2C7EDF
3FDE85DEB
000000000
3FEE960B0
3FF71B5E1
000000000
000000000
3FE510AC2
000547AE1
000000000
000000000
3FEA785A8
000000000
3FF04AABC
3FC0D8415
3FD30A963
3FF4039B0
3FAC2F593
3FEB16E1B
000000000
3F4DAB3C1
000000000
000000000
3FE13E84C
000000000
3FA8AB3A5
3FBB4996B
3FE566909
000000000
3FE79B87F
3FEFAA74B
3FEB11B38
3F5DB6050
000000000
000000000
000000000
000000000
000000000
3FA6B4E7E
3FFD16454
3FB2BA220
000000000
000000000
0006EF01A
3FF2D0DEA
000000000
0000F5B52
3FFD03C07
000000000
000332D78
3FF71EB85
3FF41090F
000391075
3FF902E96
000000000
0004CCCCD
000FD70A4
3FF88A549
3FF3851EB
3FC7CA321
000000000
000F9999A
000000000
3FFD7F86A
000000000
000000000
3FF3DF81F
000000000
3FF6C7ADA
3FC009ADA
3FD34CBE9
3FF429C4D
3FDAA70C3
000711401
000000000
3FDC17BF3
000000000
000000000
000000000
000000000
3FCF05362
000DAE146
0009A1796
000000000
3FEDFFFFF
000273400
000000000
000000000
3FF5A4BD4
3FED90755
000AED177
3FE9B4F0E
000000000
3FF545DC9
000000000
000000000
000000000
000000000
3FFFCBA6B
000CF5C28
3FF1738F7
000000000
3FDC68AED
3FF124B68
0001EB852
3FFA05803
000000000
3FEB60027
000000000
3F8AC40B9
3F9D3EB09
3FC14542F
000000000
3FF4C8E34
0001B5DC9
3FD0C630B
3FBB4BE40
000000000
3FB2BFCAE
3FFCE9995
3FE644722
3FE358375
3FFE08F8C
3FD1C619E
3FBE6A12A
3FF673086
0000975BC
3FFBD7234
3FB57EA50
000133333
3FF615E9E
000000000
000000000
00009BD7F
3FFE97277
000000000
3FF834F05
000C5C1DE
000000000
3FF31DBEC
3FD36DD27
3FF233F14
3FF8DC30E
000000000
3FF0E4E14
3FCCD80DB
000BFFFFF
000FD70A4
3FE981BEF
00048F5C4
0005851EB
3FDB00EA6
3FE7C212A
3FFBD4BC8
3FE1C0022
3FF3F65D6
000000000
3FE55359A
0009586B8
3FFDE9DF4
3FEF2C3EB
3FE989830
000C453CC
3FFDE6F2C
3FB7C163A
000000000
0007EB852
3FD074F76
000000000
000D70A3D
000B133AE
3FEA01541
000000000
3FE42FD19
000000000
000000000
3FD9D70A4
000000000
3FDEE2EEE
000000000
3FE5A14E9
3FB4870B2
3FEA142D4
3FDBA2146
000000000
3FE2F5C29
000000000
000F95FFF
3FFD230EF
000A51EB9
3FC55AFB4
000000000
000266666
000000000
3FE6D63B3
3FF662B0C
3FB85B9D9
000000000
3FEDB7880
0002ADEE6
3FE840C1A
3FBDF1B11
000000000
3FF78FAD8
0004EEBAB
3FFD1BA75
000000000
000CCD9C9
3FF72D238
00090A9F4
0003849DE
000000000
000000000
000000000
000000000
000000000
3FC4FA4A9
3FFCA3D71
3FCD9BB3A
3FDCFF5C5
3FE36E51E
3FF57DF3F
3FF42A479
000B6B394
3FFE43411
3FFE51EB8
0001C6966
0005C39DD
3FF926217
3FC4623FE
000DAA4C1
000000000
3FF5AF74E
000000000
000000000
3FFB166DF
000000000
000A3FC38
3FE354ABA
3FC852D89
000ADDD72
000000000
3FD1DCCF8
000000000
000000000
0002784A0
00026BC9C
0007439BA
3FE0D5406
0000B3392
3FDD3D068
000000000
000000000
3FEE4878E
000000000
3FFF76AF7
3FEC38024
3FFFB4E80
3FFC3A4FA
000000000
3FFD8E367
3FFDCF151
3FFAF5C29
3FF0A0860
3FE791575
000000000
000000000
000000000
3FF26935B
3FF39A559
0009BD8E2
000000000
3FFDE60CC
000000000
000000000
000000000
3FEC9B428
000000000
3FE9C9EC9
00089576D
000000000
00092D1B8
000000000
3FF62F6AD
0006FEE2E
3FE4B3424
0005C7680
3FEAFACCC
3FF01ADD2
3FFAE01E7
3FFA2A8F7
3FE7744FA
000000000
000000000
3FF29C2E1
000BAC9D4
000F81C02
00040F321
3FF7993B9
00026F5A6
3FE9A72ED
3FF613792
3FFE9CB40
3FF8CEA83
3FE814FC4
3FE999AD1
3FFC9A851
000000000
000000000
0000A09DB
000000000
000000000
000000000
00026BFD2
3FF0BBED4
000000000
3FE9AE149
000000000
000A9CEEF
000000000
000B59A7A
3FF6D0497
0004167E7
00054B68E
000EC6A26
3FF5027A8
3FEC0AD3C
00014CC7B
000EA0102
3FF322619
3FFEC17AB
00050A449
0001926C4
000000000
3FFA090F8
3FCEBA30C
3FECD8837
000000000
00003537A
0003D4B9C
3FE716A0A
3FFF7DE17
3FE02B568
000000000
3FFFEFE54
00042D331
000000000
3FB39DEAE
000E9798A
3FF24D778
3FF1AAD91
000FD70A3
000000000
3FFA70CA0
3FE1A2ACD
00076FBF9
3FEB1B5A7
3FF79115B
0001583DB
000805C83
3FF895CDE
0008E9650
3FD837AFC
000DA49A2
000000000
3FF6A06D6
000000000
000000000
3FF282B42
000845AED
0005A788A
000E6DA38
3FFA3D70C
3FF7D7205
3FD516D6C
3FFF064FE
3FEC3A078
3FE7DFA17
3FF212AED
3FE3B3508
0008A3D71
3FF63BE29
3FA55D9F7
000A0B840
0000DD9E8
3FF317F62
3FD5E15F9
000376E3D
3FF6F0624
3FFB74DBF
3FDDCF4F5
0002F4DEB
3FFFDCC0C
000000000
3FF4DB57D
3FFE57E9B
3FFA76CC8
000C83D05
3FF6498C6
3FF3B661F
3FD9286D8
000706A57
3FE95DF47
3FED7D60A
000000000
00039F0AE
0008B5731
00091C8CB
000000000
000000000
00072A090
0002FBD9D
000000000
000000000
3FFD41B40
3FF79864D
000000000
000000000
000000000
3FFDDB931
3FFB679D7
3FF0C964D
0006510D9
000069C39
000000000
000000000
000215213
3FE900FDC
00062F2BE
3FFC019A6
3FFB656C9
3FFB22420
000EF5FCB
3FEE343B3
3FDCF4591
000EFB7FA
000000000
00000588C
3FF88FB37
3FEF64D85
000000000
3FFFD31E8
000000000
3FF97DFF5
000000000
3FE99D222
3FE7738FC
3FFBD7564
3FEFFFCC2
3FFBBB1D8
000C5808D
00029EB08
3FF2BF664
3FFDA8CA4
000000000
3FFBC0F57
3FFB5CE02
3FECBE642
000506E25
000A9117D
0001BEDDC
0004E425E
000768582
0001F14D5
3FF662507
0004147AE
3FFAA2845
3FFAC8FFC
000DC29A0
3FED65F67
3FF3BE5B1
00069DB9A
3FEFEB46B
000375422
0001DBEFE
3FEE68F33
3FEA9D668
3FF5764B8
000000000
0004BC2E4
00031EC24
00002153B
3FF87A957
0006F5207
000FB8660
3FEB49060
3FF37AFF6
000000000
0002D06F3
3FF5F9714
3FFDE13C6
0000BEEB3
3FF8D5E31
3FE4C566A
000CEE3DE
0009F6FE9
3FF057E9A
000000000
00010868C
000452709
3FDE9FDD7
000000000
000609DA8
000184212
0004E71F9
000000000
3FFA53BF3
000044FBC
3FF0EF8E5
000A0DBB6
3FFB708AF
3FFEC1B77
000C7930C
000000000
3FFA4569C
3FDAD37A9
3FF921A09
3FF60A91C
0006320B3
000ED3A11
0000D434F
3FEF0FBAC
0000BEC86
000000000
3FF0DFAE7
3FF23F07F
000000000
000F93317
000451EB8
000FE2060
3FFE1BA9A
3FF5B36BE
000292768
3FFE4200D
000000000
000A0BF8A
3FF7A72DC
3FEFCB058
000000000
00094CC67
3FFD9C798
3FFBE210A
3FECD22B3
3FFC4AAC8
3FFA9B6D6
3FFFB6BBC
0000E1C78
000000000
0001AC67B
3FE70F63A
3FFFFF1F8
000000000
00008CCE7
000000000
00006325B
0007FE445
0000C5380
000EA513E
000D523BF
3FFF67844
3FF55CFAF
3FFD9C798
000F0B8BB
3FFCDB27B
000FA29D2
000BB8DFF
3FFF12E70
000088454
3FFB5B9E1
3FEC4378D
0006F1D3B
000000000
3FFB9180B
3FF4E622D
000916E97
000000000
3FFEFB43E
3FFEC260F
3FF1489B2
000547AE1
000000000
000047296
3FFEC2B57
000000000
0005C11CA
000299003
3FFC43EDA
3FFC6CBD7
3FF39D4CD
000C2CC06
3FFEA156C
3FFEB270E
000000000
3FFF59387
0008B350D
3FFB63A66
3FF94A8E0
000000000
000000000
000000000
3FF94112D
3FF59DB56
000696EBA
3FFD38223
000000000
3FF948E5D
00027615F
3FE9075AA
3FFFD3F59
000A39B7C
000F9999A
3FEC3D02D
000000000
3FE24F0E9
00050123A
000000000
3FF0ADDDD
3FF2207DA
000A8F5C3
3FFD5C28F
3FFF0989C
0002ADADC
000000000
000451EB8
0004C7FFB
000000000
3FFFD9C8B
000000000
3FEE226EE
3FEB640D1
000159EA4
000622452
0002131FC
3FF690918
3FBCA2144
3FD53F20A
0007887A2
3FF493F7F
3FFA71B21
000B4BD47
3FFBC8ABE
000309AC9
000000000
3FD7E5356
3FF3830A5
3FFA6763F
00005FFFF
3FFAF28F3
000000000
3FFA7FDA6
3F7D30778
000B851EB
000000000
000000000
000000000
000000000
000000000
000F5C290
000000000
000000000
3FFE0BA94
3FDB6B1AD
0004061A7
3FF215B39
000000000
000000000
3FF880942
3FEFCFC35
3FF1BECE1
000000000
3FC00A5E5
3FFB428B3
0005C75C1
3FE7ACE5E
3FF1B7D18
3FFC56138
00093F1D8
3FF251A0C
3FF75AAD1
000000000
0001A529F
000000000
000586FF1
3FF5A9437
3FE8749DE
000000000
000000000
000000000
3FFD5DA85
0004D3F2A
000020FF9
3FE0B9DED
000000000
0004556E4
3FE87B341
00068F102
000000000
0001F0F39
3FF8D8A54
0008E9CF5
000000000
00014A175
0002AB3B4
3FF09E39E
3FFDBA4C9
000000000
000000000
000000000
3FF39F48D
3FFE0BA94
000000000
3FFB5A015
3FF38DE08
00036C626
0001706B5
000000000
3FFA00001
3FFC7DA72
00007402A
00087643E
3FFE7AD90
3FFAAD94B
3FF8FCFF6
000000000
000CC09B7
000E03E4E
000000000
3FDFC6569
3FE7AD8F8
000170A3D
000227133
000E8DDCF
000000000
000C28BB3
000877D5A
0005F8E1E
000627175
3FF01EFD4
3FF28C94D
000672B65
3FF9B64F5
3FEE8C079
3FFB02320
3FD8FE9C8
00080F188
3FF845B4F
000259CC6
3FEC13B76
3FF074BF6
000000000
3F7C21457
000000000
3FFE7AD90
3FF7E4897
3FFB7F9BF
000000000
3FCFE4413
000000000
000000000
000000000
000000000
000000000
000000000
3FE3D392D
3FFCB1E3C
000D69110
3FFC28F5D
3FFE8DD3B
000000000
3FEA1B5D2
00011F18E
3FF8267CE
3FFC89E74
3FFEEA08C
3FFC721FC
3FF1C2ED9
3FFAB8520
3FFEEA08C
3FF951B45
000000000
000000000
3FCE9D799
000000000
000AB701B
0006F611A
0001DDE77
00061605F
3FC785F05
000000000
000F13110
000000000
000000000
3FFC7D020
3FFB711A5
000000000
3FFEC2B57
0005CAB5E
3FB2ED21E
3FF03F1E4
000000000
3FFEF7974
3FF743BCA
3FE891B01
3FFE6D93C
3FFE08F8C
000000000
000000000
000B14C50
0001EB852
000000000
000000000
3FFF57EB3
00014EF25
3FFEF7974
3FFC647EF
000000000
000000000
000000000
000115F74
3FC1A5697
0009A7DB0
3D96F5AFA
3FAC3D70B
3FF4D5B06
3FBD632E6
3FAF4AEF0
000000000
000000000
000000000
3F406D3BD
3FF851EB8
3FC9C28F6
3A5825429
000000000
3F8D1DD48
3FE5D70A4
3A4CE0EA8
000000000
00031EB85
3FF561A20
3FF7F634C
3F80214A4
0002E147B
000000000
3FFB015B2
000000000
3FF02C5A5
3F254FF2D
3FD6B8586
000000000
000000000
000000000
3FCECCCCD
3F2D39CB9
000B5FAD3
000000000
3FF8CCCCD
000000000
3DCE72D92
3F5740447
000000000
3FB4C420D
0009D70A4
3FFF0A3D8
3F9545611
00032040D
000000000
000000000
3FAEAFC80
3FE0147AF
3FFB33333
000000000
3FE04EE94
3FDBFFFFE
3FFFF2875
3FF325061
3D47DBB65
0001AE148
3FF89DD4C
000000000
000000000
3FFEE5C97
3DDC61CDE
3FDCCE707
000000000
3FA8CBBCD
3FF8F636F
000000000
3FFD3E34F
000000000
000000000
3FF53746D
000000000
3FD75299D
000000000
3FD8BF9BB
3FC1C6728
3C826E90A
000000000
000000000
3FD08FCE3
000000000
3FC4AFAD7
3FFDD70A3
3FACAC425
000672C4A
3FF5F532B
3FFA033E3
3FAEBBA3F
000000000
000000000
000000000
3F03DD2B8
000000000
000000000
000000000
3DDF9F422
3E4606383
3FCD668F8
3E3AE0677
000000000
000000000
3EABCE97B
3F91E1641
3E64FF251
000540338
3FF6FBD32
3FFE02D5C
000000000
0003D70A3
3F84A3D70
3FE9AE148
3FFE88C5B
3E30A4498
000000000
3F810EFE6
3FCC1E5C1
3FFA2C67D
3FB6CBFDF
000000000
3F16A19C1
3E595B844
3FF6A3D71
3FF186C4A
3FBDB46EC
3E65C9EC5
3E76AFA9E
000000000
000000000
000000000
000000000
000000000
3F5EAC228
000000000
3D487C52A
3F8D65F4D
3FF71DE43
000000000
000000000
000000000
000000000
000000000
3FA949F26
3F2348FB5
3FA7EB852
000000000
000000000
000000000
000000000
000000000
3FCB5C7CF
3FDFBEE4B
3EF01C3C6
3EAB2EAB0
000000000
3F4081E12
000000000
3FC6012D2
3FA39B545
000000000
3F99ECAE2
3FF71EB85
3FD34C46A
3FF0A3D70
3FEE7AE15
3FA3B3D37
000600000
00064DF3C
000000000
3FB536B97
000E79C9D
0007B412B
0002C06DC
0003E8AD8
3F7D7A2AF
3E2ED8122
000000000
3F860740B
3FF585F82
3FDDEB852
3FB25CC3E
3F6078B8D
3C8D5F3DA
3E43ED093
3FF2F7717
3FF03FE2B
3FB4BA39D
3FE73BA4E
3FB26EBE8
3FF49502C
0009F7A25
3FF3C28F5
3FDD5CD1A
00061F8CC
3FFBC224E
3FD2012F1
3FF899900
000000000
3F8C1474A
3F74DE707
3FE5D70A4
3FEF85025
3FBB5C291
000000000
00051639D
3FFBFF300
000000000
3FFEBFE79
3FA4D5613
3FEBCF895
3FDE668BB
3F3ED9A1F
3FF2C29A3
0002BD599
000B46991
000000000
3FED0A3D7
3FD82DF1E
3FF3287F8
000000000
0008E147B
0005851EB
3FF1C2A4F
3FAE63270
000390A2C
3E92244EE
00057326F
3FE0B935C
000000000
3F8FBF135
3FEA3E2BC
3FCED6ACC
3EA482624
3FB40EC9D
0000784B0
3FDA7D8B6
3FFC28F5C
3F85DB65A
3FFD664EE
3F718FF71
3FF7094AA
3F33893BD
3FDE918F9
3F775231F
3ECEF58F5
3FF830AA2
3FEDF6FC6
3FE200001
3F51CF26F
3FD36B248
3FAB8D27C
000607A31
3FF341A98
3FD915AE4
3FD864408
000000000
3FD929B7F
3FB135A04
000000000
000000000
0009D70A4
000170A3D
3FF00BED4
3FF5EE230
3FEB966E7
3FE2373D3
0007AE147
3FFA3C933
3E404067C
3FF8B0593
3FA8E3DDC
3FB9ABA90
00020DFDE
000000000
3FE98027B
3F55ACBD4
3FDF0B3B0
3F2BAD15D
000000000
3FA94B9B7
000170A3D
0001AE148
3FD6BE048
3FCD18FB5
3F367E1DC
3FFD8B126
000000000
000E9AFF3
3FA20174A
0002E147B
000000000
3FF037555
3FD0A1895
3F7512C79
3FF78736A
000000000
3FCFE81BD
000000000
3FE747AE2
00017841D
3FCD75B34
000B0A3D7
3F89209C9
000000000
3FF028F5D
3F65ECA14
3FE910928
3FCE3D5F9
000000000
3FF59939E
3FDF2333D
3F8C56B13
3FFEEA08C
3FEB3A080
000000000
3FB80567D
3FB3BF445
3FFD497EF
3FE6389DE
3FB19B8C6
3FF7B6D59
3FC2C729B
3F7E62181
000A95F16
3F249E797
000000000
000000000
3FFABCA71
000000000
3FE6ADD48
3FBF8004D
3F718F99C
000000000
3FC016E20
3FA3F353F
000000000
3EF5658C8
3FD035804
3FAC82EE0
3FE6706C7
3FED56878
3F9EF21DF
0000F56E2
3FFB5594D
3F9D79473
3FE3406D2
3FE23D70B
3F4D18B7E
000000000
3F80F580C
000000000
000C3605B
3FC241609
000000000
3FFCE147B
3FC179ED4
3FF666666
3EE22F0CA
3FE7B6862
3FD053E05
0005D1292
3FBB90895
00073AD25
000000000
3F43B1419
3FC5744AD
3F821F6D0
000000000
000000000
000000000
3FE632FDD
3FF7D70A4
3F66AB329
000000000
3F5B06124
3FFE51EB8
3FE201911
000000000
3FF893E46
3EABFA176
000000000
3FE20A79A
000000000
3FD4E7C5F
000000000
3FE816FC4
000000000
3FCE8357B
3F902F30D
3FD342236
3FD1A9550
000000000
000000000
3FEEAC4F2
3FF9C28F6
3EB2CB82D
3FEC5660A
000000000
0006D31D0
3FF9851EC
3FD5DC5BD
3FDD12563
000770A3E
3FCDCC8A3
3FE150D3B
3FFE72FDB
3FDA6B8CC
3FF9946B6
3FFE8F5C3
3F22A8789
0004CCCCD
000000000
000000000
000000000
3FEA66667
3FF482EFF
3FFEC2B57
3F4A18E66
3FF535322
3FEE3B615
3FDFCE06A
3FE2F5C29
3FE3AE148
3FDBEAE64
000000000
00024E741
3F2F3E3DA
000000000
3F78B3A80
3FEC26757
3F6A5BF08
000000000
000000000
3F779FD80
3F9120AA8
3FFECCCCD
3F9DE7757
3FCD42A09
000000000
3FFCABF4F
00018B3C8
000000000
3FC47163E
3FFEEA08C
3FEA690B5
3FEE44E4D
3FF9851EC
3F755B39C
3FC856D0A
3FE8BB512
3FA5FD8E2
3FA601D53
3FEA0FB3D
3FF4B11F2
000000000
3E8E62A02
3FB827F8E
3FB4A9DB3
3FC25289A
3FB6419AE
3FCD04FE7
3FFCEFB9F
3FB065466
3FFD7D1F0
3ECF631D1
3FD0B851E
3F6C2E189
3F83BD553
3FF9D68FA
3FD5851EB
3FCF4DF2B
3FFF08C12
000000000
3F212B373
3F1B5C356
3FF7E31F6
000000000
3FDEA6F42
3FE1A4E95
000000000
3FF50AB5D
3FF8E5620
3F72669E0
3F83AF7DA
3FDB85737
3FD93961F
000000000
000767558
3F7D6078B
3FEF3F361
000000000
3FD7780B4
3FD329384
000AA7A45
000000000
3FFB1F97D
3FBB2D0E1
000600000
3FDE76266
3FD1FB0A5
3FE9AE147
000000000
3FFF7F26F
3FC54CBB4
3FF43E7C9
3FE0BBA41
3FDEE6507
3F5CC8D84
3F48FE44E
3FD30913A
3FFFC28F6
3FF43D70A
3FFA7AE14
000000000
000000000
3F9248C8B
000000000
3FEA61902
3FF0F049C
3FF64C5AA
3FDB771F3
0005D375D
000000000
3FE319E92
3F29FEC6C
3FEC33A10
0001177BC
3FCFE77A3
3FAB99874
000000000
3FEE35FC8
3FFA07A04
3FC23D23C
3FF947AE2
3FD6B17C4
3FCA6DABA
3FE2CD0B9
3FCB6A8C2
3FE7C2E5A
0003758D4
3FE659662
3FFC5D961
000000000
3F4F1CCA1
3FF331528
000000000
3FC6725C7
3FEE182BC
3FAFB6078
0008E147B
000000000
3F7136417
3FD90DE28
3D73DCF0B
000991A0A
3FF072FB0
3FD23DF34
3FFAAAD93
3FF6574F3
3FD949B1F
3FB4746C0
3FFA7F632
3FEFEFCB8
3FCC17B91
3FD085424
000000000
000000000
000000000
000B2EA5B
3FFD47BD9
3F9AC2654
3E6AEF03E
000000000
3FFC6CDB1
3FB4E27F6
000000000
3FFCACA34
3F5E63D9E
00095CA2D
3FF4526A5
3F75ED797
00039999A
3FFC48204
000000000
3FD6FB602
3FA1458A9
000000000
3FEE0CD05
3FF6DEC14
000000000
3FBECF3E0
3FF07F7E2
3FF2E5D49
000000000
000000000
3F6DEB3D0
3FE8BB6A0
3FEAB7E90
0002A3D71
000451EB8
3FF5572EC
000362273
000115F74
3F9983BB1
3F7BB9549
3FFECCCCD
3FC8394F2
3FFD81A0E
3F838E91C
3FD89657E
3FDC2A945
3FF42E946
3FAA4A052
3FEF612DC
3F83374E0
3FD275ADB
3FED78364
3FBAB11DE
3FF570A3D
3F832545C
3FC7F3C5F
0006C8A1C
000000000
3FFF75B94
3FCF935B7
00021DD0E
3FF193920
3FF7C19E6
3FFC4EEA6
3FFC37FB0
3FE9CB1E9
3FAE75F5C
3FF082409
3FCD890E0
3FA51D368
000160756
3F74794EA
3FB82A889
000D7E22F
000C7AE14
000000000
3F4D3B440
00035C28F
3FF9FFFFF
3FCF6949A
3FC9C7A6B
3FB673761
3FACA9EDF
3FECFA12D
3FFDC4641
3FA78057A
3FE2416C8
3F824A717
3FF2EB858
3FF9851EC
000000000
3F2B4B60F
3FF43C7FB
3FB51CE12
3F7B8295F
3F4B8648C
3FB49CAEB
000000000
3FE148F62
3FE051EB8
3FCCDA12C
3FF69F043
000000000
3FC3851ED
3F86AB781
3FE2C18D7
000000000
0009438D4
3FD7B9023
000000000
3FF9D022F
3F558A0D8
000C6835A
000000000
3FB30553B
3FE6ABCA0
3FF6E147C
000266666
00062BE03
3FEC865ED
3FF19999A
3FF90D047
3FEE7AE15
3F957E1C9
3FF18A446
3FB1D320F
000228F5C
000000000
3F701A268
3FFD6ACAE
3FC7BCCA6
3F5DF33F5
3FFA9A0FB
3FF946594
3E32F6B4D
000B94070
0000B851F
00084FF06
3FE0C83F7
3FEC51EB7
3FC213EB4
000E5A266
3FFEDBC85
3FFD16E5C
3FD68AD93
3F9D8FB8F
3F922C2E6
3FD5CDD8B
3FF8570C3
3FE27A604
3FE0EE83F
3FA99716F
0007D9832
3FBEC4085
3FF8397CF
3FE2B0E64
3F8F94284
3FC589095
000000000
000000000
3FF533333
3FF7B3DCA
3FC51076E
3FE92AD2C
3FB5B1C6A
000000000
000D33333
000000000
000000000
3FD370E91
3EE2E225C
3FEEF5A6A
0000E3008
3FD53B298
000547AE1
000100C3D
3F919B48E
000C07824
3FFBE597B
3FEB68A82
3FF515DE5
000000000
3FF81EB11
3FE13E6CB
0005B6995
3FF4A7060
000000000
3FFA5E66B
3FFE147AE
000770A3D
3E91668A3
3FD07454C
000000000
3FD113791
3FFBAE147
0007AE147
00007AE14
000000000
3F62162A0
000866666
3FC136A46
000000000
3FFFC8D63
3FECBF627
3FFCA3D70
3FD68ED0B
3FFAC14F3
000000000
000000000
000000000
3FF6B8E2B
3F3069662
000000000
000000000
3FDDB87B6
3FFAF0A4A
3FD08C21D
3FF74124F
3FF739AA2
000000000
3FEA6E681
3F10E5095
3FCBF0668
3FBCA860F
3FE7D82B1
000518B0D
3F41FCD1B
000000000
3FF123DC1
000089DCD
3FF0FD03B
3FCBAE148
3FD7564FD
000000000
3FE719D1A
00002CF8D
00020DFDE
000000000
3FDDECFB0
3FEF1F248
000000000
3FE36E10E
0002A3D71
3FF0C0BDD
000000000
3FB105AF0
000000000
000000000
3F8C921C1
000000000
000000000
3FB8EBDD2
0003E8AD9
3FDB2BA3A
3FB15532E
3FD81F92D
3FC9EC7C5
3FEF478D9
3FB183961
3FEAE147B
3FB07BDED
000335F5A
3FEF6A3EE
3FE48456F
000000000
00057DC66
3FE440270
3FF0865A1
000000000
3EBB380E9
3FEE5DEDD
3FF8A2D31
3F434DC30
3F841DE29
3FDFCB01C
3FA9EB463
3FF4F5C2A
3FC0DE2ED
3FF74DD5D
3FC3282E2
000000000
3FE0C52FB
3FE5DACD0
3FE293ADF
3FC040D52
3FF6900B0
3FFA3D70A
3FE941503
0003B115A
3FC4077AE
3FD576272
3FC9F84FA
3FE800001
3FC58F27A
3FF1E1072
3FD0248DB
3FFA7AE15
3F5D07FCF
3FD8B6855
3FDF28474
00031EB85
00067AE15
3FFCE147B
3F74759FC
3FFCA3D71
3F97B556A
3F8ABD832
3FF010E3C
3FC0D1828
000C7AE14
3FC9F3185
3F2C39739
3FCDD706A
3FBB292BB
3FF0CB231
0005DD045
3FF43926E
3FC7B580F
3FC41D792
3FE21B6CA
3FD831C1A
000000000
000000000
3FA8E13C9
3FF627759
3FD1D7066
3F685140A
3F4E57846
3FDCFDEAF
3FF92E45A
3FCEC3460
3FFB37BB6
000000000
3FE3F64B6
3FF7D70A4
3FF4BAFDC
3FF3851EC
0005C28F6
3F75ACD6D
3FC267120
3F9F09E09
3FF7DA923
3FFB3DB33
3FB7D7E32
3FE7CDE3C
3FC02ABC8
000000000
0007DF95D
3FF3ACA95
3FF48FE74
3EF981249
3FD01361A
3FF74ACD6
3FE966C00
3FEF47FC2
3FB22A83F
3FC97D343
3FC325C4E
000000000
3FFEC9CDB
000858B6D
3FF43D70B
3FB4C00F4
3FED74A08
3F6C3E6F9
0008E1EC0
3FF460BFC
3F6A54C4E
000133333
000000000
000000000
3FEAB5D7C
3F934A8BC
00007AE15
3F4E007E8
3F6B0617A
3FC6247A6
3FF8BC7DE
3FF4E87B9
3FFD1EB85
3FFB3A13C
00029D693
0006D64F3
3FD46041A
3FF9C28F6
000451EB8
3FE622378
000000000
3FFC811A1
3FF0C668D
3FDA51FA0
000000000
3FE5BB65F
3F2E7EA97
3FC786F8C
000000000
3FEFAD47B
3FDE47EE7
000000000
000000000
3FC99AAFD
3FF99611F
3FFECCCCD
000000000
3FED1B581
3FE9C04CD
3FADFAC7C
3FB56A68A
000000000
3FF20789B
3EC366B70
000000000
3FFB70A3D
3FFE297AE
3F7F66500
000000000
3FFCBE1A1
000000000
3FCB9623A
3FF026EEA
3F603B3AA
3FD48A9EF
3F681DF9F
3FFCE8E51
3FF851EB9
00036CA73
3FD3E0580
3FD2C6657
3FF90A3D7
3FA69A212
00058D2F0
000000000
3FD9D095E
000000000
3FDFE0C66
3F86CF0A1
3FC801C3B
3FF79999A
000348DE0
000D02609
000924DBD
000000000
3FB9A985F
3FD33F53B
3FE40D9AE
3FF544B4C
3FF9AB81E
3F98BAA46
3FF083CDD
000000000
3FCFD76FA
000192F10
3FD63D70A
3FC01BA7C
3FFD654F2
3FA6AEF21
3FC13ED8B
3FE8C3435
3FE970037
3FE53FA81
3FFC75682
3FFC93143
0004147AE
3FDDD807D
3FED0BB39
3FFF0A3D8
3FF230EC2
3FB92D941
00003D70A
3FAC39C2C
000000000
3FE3B93B4
3F4AADF77
3FF50B417
3F06005E9
000431853
000C3D70A
3F9E42111
3FF6A3D0A
000910F9F
3FA51C08D
0006DCAEA
3FD557A7D
000000000
000000000
3FFAA4571
3FF5F7818
3FCFF2AEF
000000000
000000000
000000000
000000000
3FDD58B19
000000000
3FE0B0523
3F352780D
3FA1BA3A3
3FEF294D7
000000000
3FD144002
3FE32CCB0
3FFE16618
3FF962B54
3FADB4ECD
3FF4DE831
3FFE69CA4
3FEBE8F1E
3FF4F6DE0
3FFDA34CE
000000000
000000000
3F0D33391
3FFC1E75C
3FB74F7E1
000A8F5C3
0004757F9
3FEF0C346
3FDA361E3
3F7E53B05
00084B6E9
3FD63888E
3FF670882
3FE732AA0
3FE58061D
3F59A61DD
3FF4BDE85
3FDC19752
3FDB34907
3FF671E61
3FB3E784B
000000000
3FDBC0418
3FFCA9384
3F395017E
3FC20B3A9
000000000
3FB98AE30
3FEE6A1E8
3FE20A3F5
3FE35393E
3FC065061
000000000
0006AED42
3FE4FD762
3FEB81A75
3FC902C7A
3FF3D6B61
3FE8D1C09
3FE6147AD
3FCA0AF09
3FBAAAB55
3FE51EB85
000000000
3FF273F60
3FFC66667
3FD0259E7
3FF302533
3FF021BCF
3FE2AA956
3FD3B5FAB
3FFE51EB8
3FD9EEFC9
3FF9C893E
3FC9599BE
3FD7BA253
000000000
3F909AEFA
3FF3C295E
3FC3937E2
3FFB70A3E
3FDF79389
3F447AB5E
3FCE044AF
3FBFFDB7F
3FD836205
3FCB79368
3FBF07805
0009160DF
3FCBB58F1
3FF94D2BE
00018E0AD
3FF244D92
3F9907893
3FE695577
3FDB8BF97
3FEC5ECAD
3FF947AE2
3FF1100DE
0004BCD6D
3FFD1EB85
3FF4A9062
000000000
3FFF0A3D7
3F7E96CDC
000000000
3FE59552D
3FE0087E9
000000000
3FC34EF14
3FD8E8F53
3FF533333
000000000
0002A3D71
3FA7A88FD
000000000
3FE030536
3FD022C53
3FD4D4C67
000878287
000A48F4B
3FD64B63E
3FF7D58DE
3FEDF85FC
3FD1E8662
000000000
00034BB35
3FF62AF4E
3FDC3E70C
3F7E0C24F
3FDC23B03
3F743D600
3FFBEB851
3FC1E91CA
000000000
3F4266543
3FEC12F1E
3FFA7AE15
3FD9E5C7D
000000000
3FB2C02B1
000D33333
3FD8EE760
3FF8F0C1F
00007AE15
000000000
000000000
3FCF02AF8
3F55D61AA
3FDC5B67A
3FED143C9
3FF8CCCCD
3FBC771D3
3FFAC9C34
3FE42EE0C
000000000
3FDAF3A70
000000000
00043A27F
3F9816D95
3FFD167C6
3FD5AC323
3FFD9999A
3FFD64E1A
3FBC9809F
3F95BDC08
3FF9DA881
00056EB28
3FF43D709
3FFE8F5C2
000CF67D3
3FC52B17B
3FF55BEEC
3FD1D1575
3FEC80EC9
3FDEAE165
3FF1DED7A
3FBC8712B
3FFECCCCD
3FC746F26
3FE11B75E
3FE1CBF61
3FE984EA3
0000BF8B3
3FE2ADCB8
3FD7EB852
3FBEDC342
3F679A32B
00078E7A1
3FE1EDCC6
3FC9FC63B
3FD5E0865
00039999A
3FD5FD390
3FF0BED54
3FC7575B0
000000000
3FF90A3D7
3FBBC3B2E
3FF678587
3F9AB6726
3FF67D6D1
3FEF04E61
3FF35462B
3FB315AA8
3FECC0CE3
3FFA10ABE
000000000
3FE8574B1
000000000
3FEDC2C9B
3FDE14FC9
3F472C615
0000975BD
3FDBD7197
3FF3DBF82
3FF9851EC
3FF59FB92
000000000
3FD7B1D1B
3FFA2D77A
000000000
3FBE70B33
0001EB852
3FD5A77E8
3FF825AA0
3FD52FF5C
3FBDCC6F4
3FE3AF2D0
3FE669E12
000000000
3E82C474F
3FD121367
3FA46A431
000866666
3FD2E8C23
3F8B1E0FD
000451EB9
3FD73DDED
3FBB6EC7B
3FF17D334
3FE2D7AF3
3FF947915
00093C185
3FE083792
3FE57BF11
3F1B635E7
000E28F5C
00011094B
3FEE4C911
3FF72DB3D
3FE68DDE9
3FFD02686
3FEF94EF8
3FA3779B3
000000000
3FE0C0C3A
000412711
3FF4DF04A
3FEECACAB
3FF0FCD4F
3FFD00E67
3FD820C59
3F8410367
0005BCFB4
3FFAED676
000000000
3FC778675
3FF601FB2
3FD68FDB0
3FEED9352
00009A4EA
3FDF55EA5
000000000
3FF235775
3FDEDBCD0
3FE692875
000000000
3FEAF78FD
3FE3CC5F7
3FDA988AC
3FFD1EB85
3FEA58ED2
000000000
3FDD4E007
3FD340074
000000000
3FD7FAB4C
000381A0E
3FD0595C1
3FFB53CA4
3FFD1EB86
000000000
3FEC85EE5
3FE310225
3FFF35DE7
3FFA453C9
3F2CF1F57
3FB065212
000000000
3FE5F237F
3FD4FFB71
3FA17F998
0001EB852
3F90DC066
000BFD010
3FCAC397A
3FD631FEB
3FF7A5140
3FDE0758D
0001AE148
3FF650E91
000158DC8
3FC6CE314
000000000
3FECCCCCD
3FEB7FB42
3FF47DA41
3FDBFABF3
3FDB3042E
3FCAF908C
3FF79999A
3FBB20773
3FC21A47D
3FEF85588
3FFEEEE70
000053ACE
3FE87CB02
3FAD6DBF0
000000000
000000000
000000000
3FEF788F6
3FE98B972
3FC45E87C
3FFCC3A7E
00031EB85
3F6949F63
000C00000
3FA189E87
3F7DE53A3
3FFA6E0D0
3FFB30534
000FD0A8E
000BB17B8
3FBB89B61
00045BF14
00032DA2E
000266666
3FEC18D20
3FDB4AB2B
000000000
3FE9ADE2A
3FFF851EB
3FF4320D4
3FF870C19
3FD3CDA99
3FA0ADC53
3FF480B20
000000000
00092F0C4
3FF43D70A
0000EE170
000738BDD
0005851EB
3FFDA0554
0006C739F
3FC79C726
3FF76F379
000000000
3FC98A4C0
3FCBD6F3E
000528700
3F8E6CA1C
3F5274FFF
3FC8C5D51
3FF02CDC2
3FEE89DCD
000000000
0003ECC19
3FE8B3ACC
3FFC66666
3FE7899A3
3FEAB59C9
3FFEC4DD3
3FE06E793
3FF92EE03
3FF533334
3FFA45532
3FE610885
3FE694523
3FEC7BD87
3FF8CCCCC
000410B84
3FAC6CC30
3FEAB2C5D
3FE9BAE43
3FD411A04
3FE370A3E
3FDEBC710
000D498AF
3FEFF6EBE
000996D92
3FFD86D3F
3FF5B9684
3FF851EB9
0000FC503
3FA526BE7
3FB3F7FFE
3FBC0AB48
000456851
3FAE2885A
3F78B8A1C
3FED0A3D7
3FFFC2B4C
0007EECB9
3FA665FB8
00076DAB2
3FF93E77B
3FEC3E67D
000000000
3FE8BB606
3FDB6320F
3FF0BF4CA
3FEE57B6F
3FDBC28F6
3FDD67B8E
3FEBFAB29
3FD63D70B
3FCAA006B
000000000
3FBD6412C
3FE3C3F53
00036B462
3FC694101
3FF71A30F
3FFC15297
3F6A9AA08
000000000
000000000
3FF24246A
3FADA6B3C
3FCADFE25
3FFC66666
3FBB7E1FF
3FD46D029
3FF9970B5
3F59188DC
3FC6E93C5
3F9E98E03
3FE7072BD
000000000
3FF210070
3FF961233
000000000
3F44493A4
3FDF8C0EE
3FC93C147
3FF5CBB3C
3FC4BF931
3FD9F3CE9
000071361
3F2BB150B
3FCBA716D
3FEA812C7
3FFC2B1A9
3FFD56A15
3FEBAA83C
3FD6707F9
3FF851EB9
3FDDAEAAA
3FDFE6B71
3FE4C1975
00021C4E3
3FFABFCC7
3FC85A878
3FCBF0802
3F746C0A8
3FFD20355
3FEE5E0EB
3FD3059B2
3FF0ADE1F
000000000
3FBF71E86
000000000
3FFEBE69D
3FEB969A8
0006646B5
3FF3719B0
3FEE418EA
00003A718
000000000
0000405AF
3FD98E8A2
3FCFC538D
3FF4631B8
3F83A37F9
3FFA05C30
3FE294567
3FF26BCE6
3FFA5CA7A
3FD1207F4
3F6D7A2BA
3FEA3AFE2
3EC711A38
3FEED4F4C
3FA70413D
3FD11F3A0
3FFECCCCD
3FA97DAA7
3FFCD04B7
3F8F57D10
3FF4BAD18
000511153
3FEAF16E4
3FF318088
3FF57455A
3FFBAE148
3FF77C6FA
000B5C812
3FEB53255
0001741A3
3FE192468
3FF86B8BD
3FFE60654
3FE7DD374
3FFD5C28F
3FB27ABC0
3FC1021D6
3FB5ECC13
000266666
3FF602B66
3FCABCD3C
000547AE1
3F6FDCA84
000C2C507
3FF610D14
3F95AAB1D
3FA2E0E29
3FFE7333C
3FD642302
3F9F0F3E5
0001CE02A
3FFDF2F80
3FE9033B4
3FECF0A07
3FB6ECA7B
0000761AE
3FD476EEF
3FC009300
3FD74BF49
000000000
3FE289B34
000000000
3FF43373A
3FCA5E6AF
0008935BE
3FF7F37E8
3FC2CF5F8
3FFF122ED
3FD4D846C
3FFB5998D
3FFBE07BE
3FD5D47D2
3FF59436C
3FF019A95
3FBB95DAB
3FF2CB4A1
3FE7E3C63
3F547C273
3FFBBAF2D
3F2F8B6B9
3FF5D3BF2
3F8F5C3FB
000000000
3FFE51EB8
3FCAFF1FA
3FEF70A3D
3FC28F281
3FF72A573
3FAE9398E
000000000
3FF27AA37
3FB70FE4A
3FD2CFAA7
3FFABF922
00033235A
000000000
3F7C63FA6
3FECDBEB5
3FFCA3D71
3FD8A633A
0009D55BF
3FEC32269
3FB6801AA
00024C790
3FF0DC041
3FFD0DF19
3FDA8BE8D
000000000
3FF5BD0CB
3FBBCE890
3FFA6B0BB
0001643F5
3FFAD349D
3FF646009
3FBFA7B30
3FD4D14C6
3FCE97F2F
000000000
000000000
3FFA7AE15
3FF53EE67
3FF9DC778
3FFA8860F
3FEA1B2E8
3FFB015B3
3FF6BF6AC
3FF6E5AF2
3FB0519BE
3FB4AC15B
3FD2E147B
3FFBB05B0
3FF9C5135
3FEBE77BB
3FE34249D
000000000
3FFB31404
3FE1056C0
3FFD083BF
3FD64FF8A
3FA5F42DD
3FEFB113A
000000000
3FFE147AE
3FB048311
3FFF122D3
3FF31D7C4
3FA7FAED9
3FED0A3D8
3FFD5C28F
3FCC6C38C
3FEF18A6D
3FFB34AFA
0004CCCCD
3FFE8F5C3
3FF0A3D70
3FD421FDD
3FFCDB27B
3FFE51EB8
000000000
3FEEB955F
00014EF25
3F7742590
000000000
3FFAE198E
3FF11DB95
3FFAEED51
3FEA811FB
3FC1A3992
3FF9EAC1D
3FFB70A3E
3FED08BAB
000803A52
3FF6E69E7
0000A2C3A
000000000
3FF947AE2
3FFCBE1A1
3FD406FBC
0005DD1EE
3FD3622D8
3FF3BE016
000000000
3FFB1A0A2
3F5E43C00
3FAF7A209
3FF56E111
3FF90A3D7
3F7314808
000EA2F93
3FA70A7E4
3FF348D86
000041998
3FAFB12D0
3FF9A7E41
3FFF43607
3FFAD795E
3FE503A9B
3FE7C83CB
0006FC572
3F76BDB9C
3FECDBE6F
3FFDBECEE
3FEE49C7A
0003D70A4
000000000
000000000
3FF6D5DD1
3FBF9195F
3FF2479E4
3FFECCCCD
3FDC46263
3FFE6AC67
3FBC8060A
3FD084306
3FFBAE148
3FFC58E74
3FE93487D
000B8E73B
3FFDFD4AD
3FFEFF222
3FEC59387
3FF8359C1
3FFCF790C
3FE12455F
3FC8F83C7
3F9F995B4
3FDD512A2
3FEA4B5AC
00008ABDB
00050A3D7
3FDBC1E56
3FDB78B8C
000D6D52C
3FFCE8E6B
000299ACA
3FFCE0013
3FFD6B248
3FFBAE148
00013DB33
000310F97
3FD6B8451
3FD96DE0A
0002A3D71
3FFA7AE14
3FF628F5E
3FF9B29EA
3FE16129A
000000000
000000000
00063D70A
0002E147B
3FEDF2638
3FEF41D7E
3FC5CC7D4
3FFDB2D4C
0005D5887
3FE0DCC89
3FFBE4042
000000000
3FE5E4F61
3FFDEF2E5
000764567
3FCB0A6AB
3F8D12A99
3FFBEB852
3F8377F70
3FCA5DCA5
3FF7A718C
000000000
3FABE2B65
3FC8E4965
3F894869C
000000000
3FEDFCBC5
3F939DBC6
0000DCA93
0001E71D2
3FED9F61D
3FEADEE48
0000FF9A3
3FF750458
3FD90C1C5
3FEE6CCBA
3FDED1CF2
3FD0A9CC4
0006B851F
000000000
3FEAB0EDA
000521886
3FFB57E06
0007E924E
0002486F7
3FE8B851E
0002AD8E8
3FD1FFCEC
3FD828F65
000000000
3FF0A3D70
000000000
3FEEF86A1
3FEF61DE3
3FFBB86AC
0001EB852
3FDF98108
3FC7B1742
000000000
3FEB053CD
3FE0EC300
3FFC8E39F
3FE28B507
3FE90D479
3FC5E22AB
00004F6B4
3FAE0AAFA
000000000
3FFC5F2EF
3FC028F5C
3FD06AA65
3FFE947C7
00025CFAA
000000000
3FC76CAD7
3FE90F37A
3FDF5ADCE
000000000
000000000
3FFD1EB86
3FD2780BD
3FEF08DF1
3FAA41F47
3FFE147AE
3FD6E1B92
3FF96B32A
3FEE99BE6
3FE1C4282
000228F5D
3FADDE6FB
3FAAC07FB
3FDD4A126
0007AE147
3FFA2B7C6
3FE889F5F
3FF1BA8FA
0009A1C28
3FEC2106E
000404E5A
3FFCBECEF
3FFF4BE69
000000000
3FD9B8CD5
000000000
3FCE6E397
000000000
3FFEEA08C
3FB0BFCDA
3FFC31F30
3FE7C28F6
3FE40E628
3FD43E195
3FF3CE19E
3F9BBB983
3FEC0871C
000000000
3F2638AA9
3FF32EC5F
000000000
3FD8EED60
3EADB5C40
3FFF0ED08
3FE9D1D90
3FE23D6D9
3FE3D6E7E
3FFB59C17
3FFA7AE14
3F83548DD
3F9E6B017
3FF628F5C
3FDC20F61
3FE81B484
000282E10
3FD51066A
3FEDAA138
000000000
000000000
3FE3725B5
3F54646F7
000874F82
00050FBED
3FF2D4D3F
0006DF26E
3FFB0C32D
3FFD60988
3FD7644D5
0006327A7
3FF83CEB9
3FA95A8FF
3FBFF85C5
0003E4B9C
0003D3ADA
3FD8D43A0
000D7067A
0004DFE85
00046A084
3FE7D826E
000000000
00036D21D
3FE999559
0006B7E52
3FEB09D16
3FEE69B15
3FF8E93AA
3FCDDB1C3
3FF620AAA
000234BE9
3FE409A86
000000000
3FB9AD18B
000000000
3FD8744D2
3FB466B29
3FA68BEE2
3FF42B794
3FFD5F594
3FEFC7091
3FF47AE14
3FEDD2900
3F72DFFE4
3FF8D56C9
3FF690170
3FE018D0C
3FE23E44C
3FC4CDF91
3FA598FAE
000000000
3FF28A065
3FF1FA763
3FFC4770B
3FEEC4C8D
3FFBAE148
3FF0AAC20
3FFBEB852
3F99A8A8F
3FDBF92E7
3FFE975C2
3FD28ED71
3FF15C290
3FFFBBAB3
000AA3EA7
3FD178ADC
3FE4B93AC
3F762ABBD
3FFECCCCD
3FFDAAAD8
3FC54B310
3FC9DE46F
00034EADF
3FA997E11
000000000
3FF70D171
3FA87A6DF
3FEDB8ACA
3FFD9C799
3FF9C3C06
3FF9851EC
000083A6F
3F647832F
3FBCFF506
000000000
3FC8D8D90
000000000
3FFB6345C
3FF58E9AD
3FD853D3A
3FF5A03EC
000000000
3FBA1D646
3FE6CAF2F
3FE5D40CC
3FE6FFBD7
3F973D3A2
3FF65DF24
3FCE7A5E3
00046B671
000595212
0008E74C4
3F5F44348
0001B1A3C
3FDF53A0E
3FFC28F5C
3FF6B0CF8
3FF7B31C7
3FF118B3C
3FFD8E7DF
3F7F43A82
3FFECCCCD
3FF117506
3FFBAE148
3FBED1910
3FFCA50D1
0008A3D71
3FFB8D40D
3FFE6D873
3FFBDFBAA
0001D6B43
3FF31726C
3FA4765B3
000EA2BD1
3FE0E8411
3FF9AE0C3
3FEE3D70A
000000000
3F929641F
0005C28F6
3FF69D12A
3FE2E2789
3FFF78D30
3FC87A20B
000000000
0001A2727
000B52347
3FBBC39E9
000000000
000000000
3FD26F193
000000000
3FD05B479
000341E5F
3FF3A996D
3FE49A94A
3FE324691
000E87033
00030F01F
000000000
3FEEC6A91
000228F5C
3FEBC340D
3FFE9DE0D
3FF1487A9
3FAC4DF02
3FF514556
000000000
000000000
3FFD94902
3FB01099A
3FE91FA07
00031EB85
3F93D05AC
000000000
3FF10E4DE
3FF533333
0002671DF
3FEF5D269
3FF640EE8
3FD976C63
3FFD3602A
3FFC45AEE
3FBAD0ADB
00099838E
000941233
000000000
3FFE147AE
3FDDAD8AF
3FD77325D
3F599CE71
0000A5222
000000000
3FFA11E1C
000754FA6
3FDCA1A84
000000000
000BA2AC7
000000000
3FAC1381A
3FF8E1315
000000000
0008DF5C9
0003797DD
000000000
3FC71D2E4
3FC9B9A9C
3FFF02C2F
3FE60081D
000000000
000000000
000000000
3FD735E63
0007EE8A8
3FE81EBFD
3FCD60D81
3FFAB851E
3FBBCEF28
00036CA73
3FEEF5C28
3FBB1EF73
3FF815BA4
3FB54668B
000000000
00098E19E
3FF84CCC2
0000E3944
3FFACE77F
000000000
000649B55
3FF6AE50C
3FF361BFA
3FF5D2351
3FFC426A5
3FF2F760D
3FF739B03
000000000
3FBEB851F
0001AE148
3FFD5C28F
000228F5D
3FEDA12F8
3FFF24DC9
0002E147B
000000000
3FC73E251
000000000
3FD4451D6
0000B3A9E
3FF1EC998
3FCD6EF13
3FFEAA8C9
3FFB9A973
3FFAB851F
3FDF75F07
3FE1583F0
3FE750DD1
3F6BB7C6F
3FF8E810F
3FF7F70D1
3FE250A47
000000000
3F5B7830F
3FF894F9C
3FFB3687F
3FB9C3248
3FE2EA00A
000451EB9
3FF4705AE
3FF9EF81D
3FF9F760F
3F5E770F9
3FFC20748
3FFA7AE14
3FF853417
3FFC66666
3FF9C5FAC
3FBCCE8E1
3FEDB6103
3FA946943
3FA8D1D3B
0001F3F05
3FF1521F6
000000000
3FD70E922
000000000
0002C565A
3FDCFFA9D
3FE1E0982
000000000
000003E12
3FFA33406
000000000
000E42FB2
3FF2AACE9
3FD911393
3FEB57CF7
3FD3C3480
000012975
000D74E53
3FF0A3D71
3FF7B9C72
000000000
3FC4F54F9
3FF38588B
3FCCEEEBA
3FEF98D4A
3FEFF5D39
3FFA00000
3FD5B7765
3FF1213F0
3FFB8B16D
000000000
3FEFF644E
3FA120508
3FFE51EB8
3FDF0B2B1
000000000
3FEE24C25
3FFED1E82
3FF7D4D8E
3FFA9755A
000179668
3FD90D78B
3FFE24C88
3FBE8CDBE
3FF9481F4
3FEEE78E8
3FFCE147B
3FFB3049D
3FFDD70A4
3FDA7D0EA
0003E67BC
3FF5B1776
3FF7E11B1
3FB1C1ED6
3FF8D7BEA
3FF46106C
0004CCCCD
3FCD7434D
000000000
000000000
3FF160845
3FFCD29D4
3FFA406FC
0001DE7ED
3FC9B4B95
3FE57D360
3FF9F1440
3FC78602C
3FD27177E
3FF4B24D6
3FF853212
3FE2F140B
3FEECD4BA
000000000
000000000
000708A05
3FF6A2CAC
3FEFD600D
3FF154A1B
3FF364AFA
3FB7408E6
3FF3F34EA
000000000
3FE9FBFCF
3FF5F475E
3FFE51EB8
3FE165E63
3FF348A7B
3FAB158D4
3FECE1CE4
000000000
3FF1F2EF6
000000000
3FFC845D6
3FD273168
000000000
3FBE45875
000000000
000000000
3FFF8AFF6
000211F44
3FFF9C3E1
3FD8E72F5
3FEB775CF
3FF0FD3EE
3FFFFF748
3FDC91D0A
3FF919DB0
3FEEE9BFC
3FF2EA83F
00047C4BC
3FFECCCCD
000000000
3FE182F67
3FFA7BFA6
3FD2F3E50
3FF0E5B45
3FF81CB28
3FE6EABBE
0004B55E7
3FEE0FAF4
3FADE2138
0004CCCCD
3FFAAEA07
000000000
000000000
000000000
3FE30958E
00031F578
3FE2B40CF
3FFCBE1A2
3FF17421B
3FF76FED4
3FE918113
00031EB85
3FE0985FE
3FFD7A1FE
3FEDE8D40
000000000
3FE938C13
3FE7657D8
000B821A0
0004A92CD
3FFBAE148
3FE39934B
3FA8A33AB
3FD986BAC
3FEDC22B9
000000000
000175002
3FD51C7A9
3FD85F24C
3FDAE310D
3F241E78D
3FEA833E9
000000000
3FF80F84B
3FF25EF23
3FFEB270E
3FF454B6D
00021BC4F
3FFD84FEA
3FFC968A1
00050BCF6
3FCE190B8
3FEA3DF15
0000C03E0
3FFC46ECC
0003D70A5
3FDB0E187
3FEE88923
3FE6F2C69
3FDA5A55C
3FD9D871B
3F5F3C63B
3FF0CA81F
3FF81A4C6
0004EB780
3FFE0D14F
000000000
3FF2D23B6
00084A936
3FE1C16C0
3FBCE16C3
3FFF17AF3
000000000
3FFE2B03C
3FD0A3700
0000E125C
3FFBC86DE
3FF640EE8
3FDD884D8
3FE6AEDC4
000C7263C
3FDD4835F
3FF00DE5E
3FFCF5B1F
3FFB6931C
3FFF44230
3FDBA34F2
3FF98AF78
3FFF2753F
3FCCAEB98
3F38220B2
000000000
000000000
3FCA63189
3FEB4705D
3FFC58E74
00029F47E
3FF29E171
3FFE7AD90
3FE3E4FDC
000B993C8
3FF4B851F
3FDA8F5C2
3FEB81DD9
3FA5F5FDB
3FAF1940E
3FFAB851F
3FF541E3D
3FEF43B7A
3FF7DB2C8
000841819
3FE7ECC0A
3FF4F46CA
3FFF5A4AB
000D8D24D
000000000
000000000
3FEF0E0D4
3FE3DF1DF
3FF75F361
3F886B97C
00030A4E1
3FF4F5C29
000000000
3FE1C6C1B
3FFF1DD41
3FDFB7B34
000000000
3FEFCA825
3FF62F65C
3FF7BEE70
3FFF0CA3F
3FF794704
00014E2B1
3FF0C0477
3FFA5369F
000000000
3FE293BC4
3FF9ECF6E
3FC883D34
3FE924747
3FF8347C5
3F8309D49
3FFDD70A3
3FCC09E4C
3FC75D89E
3FFBC00F1
3FFA4F6B3
3F9419663
3FAD59D63
00062DCF2
3FF9235B7
00044C8A0
3FF8CFACB
00028C672
3FEA389F4
3FB7BD163
3FDC994F4
3FFF4BA92
0003D349C
3FFB54165
3FFF8122E
3F84E5172
3F978059A
3FFE7AD90
3FC0215A0
3FFFC28F7
3FFE00AB9
3FFE65010
000DC2606
3FF3885C8
3F9E991A7
3FE04BF6B
000425D21
0002560B8
3FF9A4986
3FF7D70A4
3FE7D8115
3FC593F71
3FC1FD0D4
3FF877C03
3FF5EA025
000B65904
3FCFCAC1D
3FFE28935
3F77F905C
00038EA50
3FF285D93
3FBC7290E
3FF39C562
3FFFB9921
3FFC28F5C
3FE374C8E
3FBFFADA8
3FE2D4CCE
3FB6DED77
000696DE3
000000000
3FEF6C675
3FF3851EC
3FB50567B
3FD056534
3FE1014DE
3FFCE6C58
3FE3615E4
3FF1B5108
3FF6D2CC4
3FE773544
3FF8B0524
3FD06D74E
000000000
000000000
3FF047D8B
3FFDB7909
3FF6B89F9
3FFF0F5CE
000000000
00045AB7B
3FD0C25B0
3FFDE19FE
3FFDD70A4
3FFECF950
000000000
3FEFCF0A9
3FEFA3948
000000000
3FD2288E0
000000000
3FEE26FBF
3FD07A9E3
000000000
0000B89AE
3FE192C0C
3FD22328D
000000000
000115F74
3FE20E16F
3FD72869D
3FEB0C7DD
3FF298597
000000000
0008B37F8
00050A3D7
3FE9099EE
3FFCE0491
3FC4B336A
3FFEBA6BB
00057F44C
3FE746570
3FE7AAE16
3FDCC205C
000000000
3FFDF0F07
00052B39D
000000000
3FFFDCC5F
3FC0780B5
3FBEA3EA8
3FC347785
000000000
0001EB852
000667FFE
3FFC7C87D
00068E996
000027905
000000000
3FDD0DA3F
000166553
3FE8FB1EB
3FF15DA54
3FFFE8A8B
3FE54A7A0
3FD2C3C01
000C2F79C
3FFA00000
3FFE147AE
3FFBA822C
3FE74CF6F
0000B851E
3FF4C16D3
3FFBAE148
3FFB7B08F
0000041CB
3FD537B80
3FE73F61E
3FF8E7C1D
3FF851EB8
3FDDD1D25
3FF05A4DA
3FFD1EB85
3FF88F5C3
3FDD22F74
000BF4357
3FE6CF45E
000000000
3FE5AD109
3FEB15C7B
000000000
3FE8DD7CA
3FF75C290
3FF3A58B0
000000000
3FF1AB9E5
00034B45C
0007AE147
3FCDB7712
3FFE147AE
3FF5A0E24
3FC0FE3FF
3FF57F98F
3FF1D88E5
0005A82F6
3FD6F4256
00049ED05
3FE9204FA
3FC43A7E2
0001B70E4
00050A3D7
3FE533835
000187ED6
3FFE3500B
0008D8652
3FFBEB853
0001E7A05
000597260
00024D26C
3FE87CD72
3FFBEBEDF
000000000
000000000
000000000
3FE7D4D2C
3FD68DB5C
3FF9C4DBB
00049E234
3F7E5BB42
3FDE6A5E9
000000000
3FF5754F8
3FE0B59E8
3FFD7C17B
000000000
3FFFD79BC
3FCAC83F5
00073ADDD
3FF7C4219
000000000
000000000
3FF3B13D5
3FF6AFCED
0001C8B20
3FE0885B9
3FF5A0956
0006BED02
000000000
3FEF03A74
3FE3928FE
0002EF7E1
3FFBE4043
3FDA90894
3FFB9BEC6
000000000
3FCA5B8D5
3FF83734A
00097AB4F
3FFB27F12
3FE54327A
3FB2399EB
3FF6A3AB2
000000000
0003F0D11
3FF6C023F
3FF7D50FE
000000000
3FF1D28B4
000000000
3FEACCC16
000000000
000000000
3FB5BC70E
3FB4AD1BB
3FFD1AF69
3FF3E23BB
00007DCC6
3FDC0F498
3FFDD70A4
3FD011FAA
3FF7AFD0E
3FEAE47EA
00032D711
3FF41B76E
3FD3218D4
3FADD4F44
000000000
3FFD9999A
000991E32
3FFB52ACF
3FD4AB4CF
3FF5E8E39
3FF7C86BB
000BB2FE6
000000000
3FFCA3D71
3FF2FE077
0001FEA0E
3FEDE6C2A
3FFE51EB8
000046EA4
3FE88E005
3FE65DD9D
000334C9D
3FE8CD0EC
3FFE33696
3FFC38F51
3FFBEB852
3FDC31744
3FEFA7AFC
3FFA3E1CF
3FFF17997
000053897
0005A250C
3FF2E0A0B
3FFFDDAC9
3FFE7AD90
3FF457416
0002ABC1C
000000000
3FFC66666
3FAB155A2
3FEFCE2B7
3FFAE17CA
3FEFC712C
3FCD19F2B
3FF7053CC
000E89E5E
3FF1C2F73
000431513
000CD0511
000DF0C96
3FF7E5BFA
3FE9AE148
3FFD2D49D
00007D7E2
3FFFA6C83
3FE4D91E7
3FCE32DB1
3FEEB77DF
3FF504CEE
000000000
3FEAC0960
3FE97BB25
3FFDF176A
3FF4BFCC8
000000000
3FD532821
3FE5B1335
3FF20D648
3FCFF2778
3FEC35B0D
3FDF4875F
3FF9C28F6
3FF3CC8B2
3FF7B64B0
000B9AD8C
3FF141A82
000000000
3FEB10BF6
00015862D
3FD074511
0006A059C
3FEEBC710
3FF50213D
000A51EB8
3FF44A225
3FFE4DF1C
3FFA0F4CE
3F6F13C45
3FEDD9966
3FFC2E1C3
3FD1E7FF3
3FF8CCCCD
0003D405F
3FFCAE6CB
3FE379605
000000000
3FF0EEBA0
3FEC82090
000000000
3FEB1EB85
00019A0C7
3FEEF61FC
000000000
00095437C
0000F03BE
3FC905023
3FB76AEFD
3FC1DE9DD
3FE3DDB8A
3FD013EC6
3F94197E1
000F832FF
3FCA62BB8
3FF6B2BF5
000149BDA
3FC62076B
3FACA0274
3FF856F2F
3FF7BC530
3FF9562DD
3FFECD0ED
3FF60F7A4
00012D350
3FFE0195C
3FFD6B248
3FB00B42A
3FDD33688
3FFC93C57
3FFBB78B5
3FF73A72C
3FE1F7C45
3FD35545E
3FE8C07EA
3FFE3B465
3FF4BF584
3FE6B94F8
3FB4DE947
3FE6EC372
3FF885F06
000000000
3FE514B72
3FCB934DC
000170A3E
3FC8BD270
3FDBE7F7A
00035C28F
3FC0AE53A
3FEA28D49
000000000
3FD6EE982
3FF11D3C0
3FEAC071B
0000A889C
3FD1D537D
3FE12DFE0
0002D9805
3FE6F99AC
3FF7D270B
3FF015065
3FA79F776
000000000
3FCD0FA9D
3FFE66E53
000F0A28A
3FFE147AE
3FEBB26F8
3FF3F039D
3FFBAE148
3FF811692
0007FE079
3FFB90DF8
3FDCCA5E0
3FEB79CC9
3FFF43607
0000E3944
3FED92DAD
000600000
3FE9CF602
3FF226865
3FE78A393
3FDEE0701
0000EB55F
3FFA1AF7F
3FF7FB343
000000000
3FF6EF87C
000000000
3FF8A59C9
0006A8402
3FEDA7CED
3FF409A17
3FE9E5937
3FEBCF521
000000000
000940144
000000000
00011FBF1
3FEE9FFE2
00048F5C3
3FFA72D0F
3FCAFB90A
3FE10C23E
3FEDCF806
000014617
3FF25E0BB
0002A1416
3FE0AB0F4
3FDAE201C
3FE925662
3FE9A8100
3FFB9C649
000202DE5
3FE5CCBB0
3FE5855F7
0006FE141
3FEEF3746
000BC0E31
000000000
3FF28F5C2
3FD66DA45
0005C4A38
3F9EA6A05
3FE4E314D
000000000
3FDB30336
3FE6D4CB9
3FFF9F10B
3FFF29B72
000000000
3FF4ECBF0
3FF89BD8C
00063E0E9
3FEEE5E4B
3FEA18B21
000282E10
00093BC2D
00091EB85
3FF8FB425
3FF6D7B68
000078772
3FF65DC81
0009C9592
3FEE33DDE
3FE9ADFA3
00069C388
00007AE15
0005592A7
3FF4D7F69
3F0C8FC39
000000000
3FEBC01FD
00038B918
000D4D12F
3FE12C75A
3FEE7BAB1
000000000
3FEEA7EE5
0005D3885
000966B37
00097564A
0009A3655
3FFC9358D
3FEF039F1
00035C28F
3FF3E9702
3FD3EE4FE
3FFB8314E
000210D1C
3FFFB0468
000228F5C
3FFAEB686
3FF69996F
3FFDAB16C
000710368
000399999
3FF963870
3FFED7D93
3FE1D7EF5
3FF922A08
00023639F
3FF30A3D7
3FFDD264D
000066C9B
3FF3B7A13
3FFF8A783
3FD80BC38
00059B6B9
00059527D
0006BC0E7
000000000
3FF328E90
3FFD706EC
0001A2181
3FEC34411
3FFB17ABA
3FF689A0F
3FF3A094D
000000000
000DB3226
0006B851F
000297892
000000000
3FD90B1D5
00081813F
3FEDB2483
3FFDEE27F
3FD3ECA0E
0001BCB6F
3FCDC75BC
3FF54C82A
000000000
00031EB85
3FFD54B30
000000000
000097589
0007BC661
3FF0B1AED
3FEE3F1B5
000000000
3FD9E7E93
3FDC61270
3FFCE147B
0005C8B17
3FE39ED95
3FFCE8237
3FFD1BEA7
3FBA01DF8
3FF7F3AA2
3FE7CBCF6
3FF9C28F6
3FF024E28
000DD1572
00071D470
3FE0D6C37
000000000
3FEB59705
0003DC6B7
3FF9A9B95
000561208
3FC61370E
3FFB0EA25
3FEEA8036
3FFC09BE3
000000000
3FE1F79BF
3FF908C12
3FF6A3D71
3FF84DD03
3FF2AF27F
000CFA1A2
3FFBEB852
3FF926B1B
000000000
0002CDD75
3FD8B8AB2
3FDF5FACD
3FF119FCA
0000FBBF5
3FEB1429D
3FFF9D2B0
000000000
3FEDFB992
3FE18EECC
3FACF7323
0001D38C6
3FE3CB554
000000000
3FEAFEC79
3FF522741
3FFBFACF2
000000000
3FB67F6A3
3FF69BB8A
000B40456
3FD59A22A
0003E2280
0002EFDA5
3FFF851EC
3FD171682
000910218
3FFD75D17
00091911B
3FF89EBF8
000828C28
3FE3CBA08
3FFD856AC
3FF8FDF28
3FF945B1D
0007BF051
3FFDD70A4
3FE132BE7
3FFE51EB8
000000000
3FF7F495D
3FEC02901
3FFD7B38B
3FFC15885
3FF392FEC
3FFC50DEC
3FDCD883B
3F8E78D3C
3FD918AD5
3FEF58105
3FEA4F668
3FC650EF9
0005E6115
3FF878CC4
3FED0C7DE
3FFF47AE1
3FEBCCFA8
000000000
3FCEB03F1
3FEF687CE
3FF47FE5F
3FF5C24CE
3FF76B8C6
3FFE8F5C3
3FDF5D31C
3FE4584A4
00003A718
3FFC86823
000000000
000000000
000087941
3FF804AB1
3FFDAC710
0000E40E9
000366832
3FFC28F5C
00057C121
3FF399A49
0002A3D71
000000000
3FF02D384
3FFD6430A
3FB32E3D5
3FFB113A4
3FE4B4FA6
3FF88F5C3
3FEFA4F58
000282B77
3FF8C5761
3FF5E89D9
3FFB22B50
3FDEAE3B7
000000000
3FF6CDB12
3FF5D961E
0001B7D49
000000000
3FCD5FB72
00006C4FD
3FD303A18
3FDE52627
00036685B
3FEF8D3C4
3FFFD9118
3FFAE7AE3
3FF908309
000000000
3FF77033D
3FFF47AE2
0006FE887
3FF367981
000013AF6
00021E602
3FFFEDB2F
3F86770C1
3FFD9999A
0001BE4BA
000000000
3FECE6F57
000000000
3FFA68E6B
3F7B5EB14
3FF7E8D3A
3FE89DD13
3FE9A1A67
3FFEC2B57
3FFA24713
3FB5B263E
3FDBEB54F
000000000
3FF97C539
000000000
000451EB8
0002AAA82
00030A4E2
3FB128E53
3FE5E153A
00090041C
3FEEF02A7
3FFE7AD90
3FF2FCA40
3FFB15CCA
3FFDB7909
3F763BBB7
3FDF8D3C5
3F539C564
3FDAFB4D9
3FF982CA6
3FE643700
3FD1F262A
00009596E
3FEEB851E
3FF6C23E8
3FE22CDC1
3FFDD35F8
0002F6F23
3FF94723F
00047BED6
000055DE7
0003E19EF
3FFECDC43
0001722C5
0003D70A4
3FEEEA610
000000000
3FC703EE6
3FFD64E1A
3FF60A8F9
3FE4C4492
0008E8336
3FF9D6065
3FD72C7BA
3FE012FE9
3FEE400A6
000000000
000170A3D
00050A3D6
3FD8AD781
3FC817FE0
3FDC32FE5
000A5232C
3FE3B4CE0
00035BB51
3FE6EB693
3FEFF6F25
3FFB6025B
00087360C
3FF6845D6
3FF83411E
000000000
3FFC35258
3FF8BCCD1
3FE3226DC
0009D70A4
000000000
0001E89C7
000000000
000000000
000000000
000000000
00020DFDE
00030115E
3FD437542
0005A725A
3F8F0DA1C
000000000
3FF8A67AC
000122334
0009D8471
3FE913C9C
3FD31DAD4
00031CBAA
00079D8DB
3F9668A60
3FF4E5DA4
0002E147B
3FE99DE75
3FFD9999A
000000000
000000000
3FFF7FB63
3FB08678F
3FF63E4F9
000000000
000000000
3FE0B1DFD
3FFA196E0
3FFCFFC56
3FFDD34CA
3FF5C2F60
3FF9FE7F4
3FF6D2D57
3FF099051
00086F63B
3FFFFAC35
3FFFF5747
000000000
3FD465C9F
000000000
00094FE50
3FFBC9582
3FE4D6C04
000115F74
3FE3B7479
000000000
00004A928
3FEB88D9D
3FB080003
00032213A
3FCB60A01
3FF9DA888
00031EB85
000000000
3FCD78986
000000000
3FFD9177D
0001AF974
3FFD1CC11
0004EB7D0
0000D3871
3FFEA156C
3FD84D05F
3FF97D9DD
3FF4EA089
3FFF7139A
3FF4C2B66
3FF3F2D46
000000000
3F97355CF
3FEAB1CFB
000000000
000000000
3FFA3D70B
3FE468DC4
3FF73C88D
0003643EF
3FED1D9AD
3FF66C3B2
3FFE7AD90
3FE3A6478
00085AD54
3FF5F6C8D
0003F4E3F
3FF63D458
3FF6CD853
3FFB74684
3FF867C20
000000000
3FD45E3AF
3FEACFFCB
3FF22459E
000892FFC
3FFA026CD
3FA262929
3FB11C486
3FF347AE1
0001513FC
0006E0993
3FF60426A
3FEBBE2AB
3FFDA9A58
3FDA6AB91
000000000
3FF78D76B
000000000
3FF3EE843
3FF1FADD5
000000000
000888B15
3FF105F00
3FF67D8B7
3FFA3D70B
0003C95A8
0000B0ADB
3FDEA0DAE
3FFBAE148
3F66EAAE9
3F389ECD0
000000000
0004C70D0
3FA36BA77
3FF08FCF1
3FF4A52B8
3FA721041
0000AE807
3FF3BC3B2
000000000
3FEA51B9F
3FECA0340
3FECE8059
3FFDDD593
0001AE148
3FFD9999A
000000000
000000000
000BED8C5
00071EAC6
3FF12A478
3FF05AF3F
000BBFBD3
3FEAE5309
3FC9B40C0
3FF726F07
00098F697
00067AE14
3FED33DDD
000000000
3FFA3C367
00093D183
3FFC600CD
3FE2B25E5
000000000
3FF570A3D
3FFE3DBA6
3FE0C0776
00089F921
000C181E0
000000000
3FFB9FF95
3FFB6025B
3FF666B3A
3FD21E0D8
3FFECCCCD
000139E87
3FDABA2A1
000000000
0003B7AF8
3FFAAD486
3FF9A3752
3FC3EB794
3FF7E6579
3FFB4B622
0009D0A4E
3FF64FCAF
3FD4A37B3
000000000
3FF167EB5
000CCE547
3FFC0BE9A
3FAA3BE78
3FF0E18C2
00075022A
3FFE6B9F7
000DCA05E
000170A3D
3FF04B492
0003B8292
3FD9465E0
00017C43C
3FC95AA6B
000336561
3FF6E8A3E
00024406A
000282D72
3FFDEDE4F
3FF8B27D2
000000000
3FBDA9CA1
3FF43573B
3FEAE57E9
3FFE7470B
000034E1C
3FFC06386
0002446B5
3FF10D9DE
3FFD8B99A
3FE8CDE75
0004F5E10
3FEE3AE5B
000956E18
3FEC4F475
3FE5048F3
000995160
000099391
3FF6AB023
3FCCC5DEC
000540829
3FFDB7909
3FB8AF283
3FFDFE3A1
000ADC4F5
3FF2C78F0
0009AB1BE
3FFA026CD
3F03C36E0
3FE75DC04
3FF5A1742
000B86104
3FFC44B0E
3F8BDDADD
3FFFC6C6D
3FD711C28
3FF93D3AB
3FE595506
3FF6A546A
3FFF3B1AB
3FEBB8985
3FAB953C5
000000000
000A8F5C3
3FFD9C799
3FF9F1FBD
00042D414
000000000
3FFE8F5C3
3F86DB2E8
3FF7AE8CE
3FFD1BD12
3FEB90FAE
000492FC2
0002D7738
3FFEBB5E7
3FF576FEF
3FFB4821A
3FD10F5AD
3FF14574A
00004FC69
3FF8BD238
3FF25A81B
3FE749CC4
3FD3AC09D
3FF7CD83E
000000000
3FEF154C5
000EA563A
3FEAF2BBC
000614120
000228F5C
3FC01E62E
3F9C1BA81
000000000
3FF8BACBB
0005AD019
3FE6AED6C
000000000
3FF360644
0003D70A3
00047F65D
3FFEF04B8
3FE202A1E
3FFD33A4F
3FFD3774F
000000000
00012DD12
0007408E0
3FFC9D968
3FF83A001
000000000
3FF1C789B
3FFEA156C
3FFD7A0D0
3FFB59BD7
3FE425D75
3FEAC9941
0003EF192
3FF2F0639
0000E2FB3
3FFE1A863
3FAE10F99
3FFD72104
000000000
3FE294C0D
3FF772483
3FFB42EFC
00006004F
3FCCCDA4F
3FF9372FE
3FE583105
0003B5C16
3FF680AFF
3FF628F5D
3FE925BA8
3FFF2E784
00000B608
000858E98
0008A3D71
3FF0F8503
0009EF82C
3FF497BA9
000000000
000000000
3FF2AD4CA
3F33576B6
3FFDAF7F2
3FF91EA13
0001CEA83
3FE94B51D
3FC9BEF1E
00011F18E
3FE1EA416
3FF68D1E6
3FF2CCCCE
000911FA6
0006901E4
3FE0165F1
3FFC4DCA8
3FF22D54B
3FFCBE1A1
3F6919C89
3FFD5662E
3FF9844A7
000304A21
0000715AB
3FBC07232
3FE4E593F
3FF5BF080
3FF9D8FD6
3FEE112B0
3FFAD3C7B
3FF8849F7
0007C0B47
000D1B4A3
3FF76CE5E
00028AD9B
0003D5B1A
3FE403777
3FFC28F5C
3FF9631D3
000000000
3FF5E3090
3FFCAEC93
00050046B
3FFD6BA06
3F9199C5D
3FF60B6B0
3FFBEDD63
000F14BF3
3FEE05BC5
3FEAFDA30
3F6780030
00041BFBD
3FF1D7956
3FFB33333
3FF3E1FC6
3FF99A70A
3FE80B7FB
000000000
3F8901AF4
000000000
3FFDA3465
0004B97E8
000000000
3FFCFC0D1
3FF9A637C
3FD681ECB
000251E40
3FFE8F5C3
3FAADE818
3FB8B1953
0004090A0
3FB3FA569
0005CC187
3FD6AEA20
000133333
3FFE51EB8
000834763
3FFDCCBA3
3F75ADF21
3FF133A84
000000000
3FCBE0C78
000096893
3FF6556B3
3FFAB851F
3FB660527
3FFAB5DCE
3FF347C1B
3FF3DD504
000000000
3FFECCCCD
00013C751
00003BA83
000000000
3FF3AB50B
3FFF39EF9
3FFF95B36
3FDAEF80C
3FF78798D
3FF50AB37
000000000
000000000
3FFD0F3EE
3FCC76DE4
3FFE147AE
3FFA5855B
0002CD228
3FEE43F18
3FD61C3EB
00010EA52
0000719E9
000000000
000000000
000000000
3FF5C9B65
3FFBEF19C
000491C1B
000000000
3FEFEA8FA
3FB09B957
3FF6E147B
3FCAA628A
0001AE148
3FB7DECBD
000000000
3FFE8F5C3
3FF746CA8
3FFD49205
3FDF00BB0
0000EF3F5
000000000
3FF541E8A
3FFECCCCD
00064F371
3FFEAF60B
3FF369555
00014129A
3FFE37B69
3FF268F59
3FBBD5C2E
000000000
000000000
00014D8F2
3FF99CBD4
000000000
000000000
3FFD3241E
3FE510369
000384028
0002AF76F
3FED2D676
3FFB33334
3FFE3CFEF
00037E791
000A6A0CB
3FFD0466F
3F922A090
3FFECCCCD
3FF4E3800
3FFE85E40
3FC288BB0
00028FE43
3FFA88B22
3FFA849CF
000000000
0007817DF
000000000
000000000
000130833
3FFE66E54
3FF4B9210
3FF6C6BD1
0003640B1
3FFC48203
3FE9AF207
3FFE58F1D
3FF9FFB13
0000FB838
3FF6E81CA
3FFE5A17A
00088CE7F
3FFDEFBF9
0003B7DFC
00014B8BB
3FE32C192
3FED47AE1
3FD4EAC3D
3FF6F46D6
3FFE0BA94
3FF558CA9
000000000
000170E83
0001EB852
3FF6E147C
3FD7DB57C
000000000
3FFB5E070
3FFF47AE1
3FE3B9AFB
3FF582333
000000000
3FE59BF3E
3FF2FDE49
000000000
3FF795D5E
3FBD3E68F
3FEB52717
3FDD1E240
00014D8F2
3FFBEBF0E
3FF98AE1B
000000000
3FFCB084F
3FEF8D1E7
3FFE8F5C3
3FE2526A5
3FE4056AE
00077EBCB
000000000
3FF97C343
0005E3CE6
000000000
3FED0B441
0008A16DE
000000000
000000000
3FF118238
000000000
3FC9701B5
3FE03A247
000D8B800
0000DC52A
3FCA9C898
3FDF194DA
0002CE35E
000FB260E
3FF4C6B13
3FFA18291
00003A718
3FBC5D00D
000000000
3FE26D28A
3FF1B0FAB
3FFEAC5CA
3FF45B614
000000000
3FEC1F9D3
3FFBAE148
3FFA4606C
3FF868ED2
000000000
3FEB4CA2A
3FFACA4C8
3FF50E8BD
3FE141309
3FF420F62
3FBED09C4
0001FF5E8
3FF9918CB
00030C6CC
3FEEA917F
3FDCB6E69
3FE57D7E2
000000000
3FFBEB852
3FFDD6AB5
3FF3E6903
3FF6C352A
3FCD5FE3C
000F5815B
3FD3AE331
0006E132B
00029E142
000B6CBB6
3FF12080D
3F9C7EC68
3FD702A81
3FFA839A0
3FF4579AC
3FEB5DBFF
3FE11E43D
3FF269D80
0009B8516
3FFAD38C0
3FED087A5
0007DF5D0
3FFEDEEAB
3FF85630C
3FDAF85CB
3FFC768CA
3FF9B51EB
3FFCF9B06
3FD9045FE
3FED13591
3FF07B480
3FFF047C8
3FF4FA086
0006E3706
3FEFC90CF
0002F36B7
3FF7608A2
3FFE2B69E
3FD225FB5
000000000
3FF679F10
3FF62D721
3FF851EB9
3FFAA6F37
3FF80483D
3FECCD4D4
3FEF46ABC
3FF6212BE
3FE821D5E
3FF18AEF3
3FDA1AB9D
3FF4EDBB2
000C99081
3FF5A888F
3FCF2D005
000000000
3FF19ED26
00012437B
3FF2E4E3A
000000000
3FE3078B5
3FFB00542
00094F7BC
3FF5D0DF5
3FF9C3A1D
000000000
00057752D
00007AE15
3FA74913E
3FB34E3E1
3FF863CF4
000000000
3FF3B67FC
3FFB33333
000866666
3FD12386D
0000F6BA2
3FF3149E5
3FE27381D
3FF5C3278
00003AEBA
3FFEA0AE4
3FF629005
3FF77A81B
3FEB20C91
000000000
0001DBEFE
3FEC10827
3FEC2070D
3FF31829A
3FF8A941E
00027868F
000000000
000000000
3FF75C28F
3FFC440D1
000000000
3FFC768CA
3FE6F06AD
3FB35FC18
3FD9C03BC
3FF86270C
3FF3376E0
3FFC6A017
3FFE21813
3FFBB6EFF
000000000
3FFD9C798
3FE584264
3FFB708AF
0001CB5B6
3FD30A7DB
3FF27C036
000D9D880
3FF7838B9
0009DCC07
000207D9D
3FE935E10
3FF52085A
3FD7292B8
000000000
3FFC69B7E
3FC5482CA
3FF873CB6
3FFA3D70B
3FC146C37
3FF5E6502
3FF7BF482
3FDB09D25
3FD7AC0A3
3FEE64100
00033EFF4
3FFE58F1D
000048B20
00097478B
0009A4E75
3FE4B36FF
3FF7A9C7A
0001B9282
3FFCA3D71
3FE615A63
3FF634372
3FD69A71D
3FFEB36E6
000000000
3FE6CC4E5
3FFDC4641
3FF43B0AE
3FED77F5A
3FFB0AD59
00012A8E0
3FFD9DD1B
000104A5B
3FE730E36
000000000
0006576F5
3FF6804DD
3FFDC731E
3FFE546CF
3FF6C1215
3FF4A37EE
00027A953
0000AC565
000BAF08B
3FEAEB4E8
3FFEC2B57
3FF3556CF
3FE643EA9
3FFE1595F
3FFCDB27C
3FF8B9EC3
0001EEF6B
3FF9E0431
3FF6E2B01
3FF3FD0B9
000000000
000111ADC
3FF8D8774
3FFCA7D50
3FF34AF2C
3FF5C29DF
3FFA81E6E
3FFD2B20D
3FFAE4207
3FFA855AE
3FEFBBD46
3FF7F8F52
3FEC58AB0
3FFEDBC85
3FF18F727
3FF210553
3FF253325
3FFCE147B
3FF005B81
3FF0CD8DB
3FE432189
3FFED22EE
3FF9C28F6
000000000
0001EB852
3FB998DAE
3FFAEF84B
3FFCCF6B0
000028DF7
3FF515B00
000000000
000000000
000000000
3FFA65DED
000D2F072
000000000
3FEE8E399
3FF7ADC83
000001633
3FF0AC616
3FD20C949
3FEAE513C
3FDC38D54
3FF5F6036
000000000
3FF6CED35
000000000
0006F50D8
000000000
3FE153BBA
3FFA849CF
3FD92BA1A
000000000
3FBA26A67
3FD8F10B9
3FFB47337
3FF3A7BB7
3FDFFAB9D
0007CC7D6
000000000
00095626A
3FEB8F66F
0002447E5
3FFDA45DB
3FF779A58
000000000
000000000
00078DC42
0000E3944
00037EC04
3FFE49053
0004F7073
3FFA457F2
3FE744D13
3FF3D860C
3FFD75264
3FFD5E1D5
3FFEB526F
3FFCD266B
3FFC53CDD
3FFE6D93C
3FFB4F785
3FF079BF2
3FF770869
3FFCB1E3C
3FF878895
3FFCE1D81
3FFBFB1A6
3FF695EDA
000000000
3FFED22EE
000000000
000000000
000000000
3FFD3A609
3FFB534DA
3FFF047C8
3FACD434F
3FF7961BE
000000000
00004D31B
3FF8E6A96
000000000
000797B68
3FFE9FE16
000000000
00056FCC5
000532B6C
3FFBA55C7
3FE3E4DC6
000357612
000000000
3FFDFC544
000000000
3FFECCCCD
000000000
000191281
000000000
3FE22B0E1
000000000
000000000
3FFBFF78C
3FED64D91
3FEC90407
000000000
000000000
3FFED22EE
000170D96
3FFABA273
3FFF463DD
3FF74D7E8
3FFB33333
00022954C
3FFE43411
3FD8D9C6C
3FFBFABB6
000000000
3FFD1EB86
3FFF92F21
3FF5CD605
3FFED22EE
3FFDEBACE
000000000
0002E966D
3FEDE3BC8
000000000
3FCF1AA42
3FF7C8364
3FB841FA4
00013D4A9
3FF1B7F92
3FFE51EB8
3FFC8C216
3FEDE0ACD
000000000
3FEB2D9C7
3FEFA0C2F
000B522EC
3FFA6819A
3FFA9034D
3FFAFF562
3FDC71060
3FFAB1D2F
3FFA6302F
000000000
3FF693689
3FE9EA42A
3FD370D59
3FF7330AD
3FF5ADCD4
3FFE9FE16
000000000
3FFAA8B31
3FF141716
000378F2D
3FF997A22
0005EF883
3FF947AE2
3FFDBDA60
3FCCB090F
3FFB0DD53
3FEF6B075
3FC3C4BE9
3FF572D0A
3D2407DA5
3FFCF6243
3FE868713
3FFF047C8
3FF024BEE
3FF14C333
3FFB8AFEA
000000000
3FFED22EE
3FEEFC61B
000000000
000000000
000000000
000000000
3D9EE7B68
000000000
000000000
3FBC2D44B
00050A3D7
000000000
000000000
3FFDE044C
3FF130007
000000000
3FEEABE7D
3FFCA3D70
3FF3DD3C0
000000000
3FFF2C4F9
3FE651EB8
00023DF55
3FF93EB0C
000000000
3FF47AE15
000000000
3FC6A1B13
000000000
000000000
000000000
3FFDFC139
3FF8951CC
000000000
000FA1756
000F2E0F3
3FFDFBC2B
3FFCAB8AA
3FFCDB27B
3FFBAD568
000000000
3FA8A0ADD
3FFECCCCD
3FFF0A3D7
0002762C9
3FEF9010A
000000000
3FFAE979C
3FE626230
3FE08339E
3FC376030
3FD07D8CF
3F7A7D4EF
3FFC11F19
3F997681E
3F978F6FF
0005851EC
3FE176B24
000000000
3FEC52627
3FDCB21DB
3FF2D0D2A
3FFA436ED
3FCD32BEB
3F6C1BF21
3F47539B2
000000000
000000000
3FEEFE0EF
3FFF21A09
000000000
3FD515670
3F97A6865
000000000
3FFE8F5C3
3FE5275C1
3FF7BC82C
3FC7F3FE2
3FFDB7909
000000000
3FDA08CF8
3FFF41AFE
3FEB7B7F6
3FFD1EB85
3FF5D651F
3FF8BE9F1
000000000
3F93D2A5C
3FED00745
000000000
3FBDB7E3D
3FDC22400
000000000
3FF1D35B0
3FD928909
3FE6E5CB2
3FFE51EB8
3FF628F5D
3FEF66F5D
3FF6E147A
3FFC6312D
3FF2FF8B9
000000000
3FC8D2889
3FD988A6A
3FB1871CD
000DF676F
000000000
000000000
3FFD20A82
3FE8ED91B
3FC37B53D
3FFBAE148
000133334
000000000
000593EB0
000C9DB84
000000000
000000000
000000000
3FFCDCA39
3FFE6D93C
000000000
3FD712519
3FFC28F5C
3E9CC3AE5
3FFCA4451
000000000
3FDFA4133
3FF251EB8
000C4B1E3
0001AE148
3FD293F4A
3FCF5DF87
3FEF859D9
000000000
000000000
3FD600593
3FF0A0691
3FEC96D6A
3FFFCD375
3FEDC11DB
3FFA1077C
3FA1125EB
000000000
3FF17EC68
3FF46C036
3FA14B14E
000272CD3
3FD040C42
3FD3E3E34
3FD78E2FD
3FE234F05
000000000
3FA4A1A03
000000000
3FF9B72B8
3FF48540D
000000000
000000000
3FD049A60
3FE84CE25
3FD4C1B19
3FDB44F25
3FCEFB1C7
3FE0B9945
3FA79C3EB
3FF9851EC
3FE75DC09
3FFAF5C29
000000000
3FFC28F5D
000000000
3FD74F92C
3FC25C565
000000000
3FF97D9DD
3FEF57C43
0007A8638
3FB58490D
3FF01ACA5
3FF0F061D
0009D7C4A
0009A57D8
00015EA94
3FE6A2911
000000000
3FEB92B47
000DD45ED
3FD9064A9
3FE0A80AF
3FC26DA4E
3FFE6E377
3FDE625E0
3FF248A80
3FF8F5EE3
000000000
3FFD24BCF
000E16412
000000000
3FF1D188C
000000000
3FF1E43E7
3FEF4752A
3FFD7D1F0
3FD15E8D9
3FE3A276E
3FCD5BAEE
3FF37ECE8
3FBA02EAE
3FF79999A
3FEA80276
000000000
3FE792C8C
0000B303D
3FFAD5F3D
000000000
3F113E886
000000000
3FDFEC712
00019E9EB
000369976
3FFDAE991
3FFF43B53
3FE24AEFE
3FE0DD44B
3FFE8C5D2
00017ECBE
3FFECCCCD
3FFF3E31F
3FFB73DE9
3FEBC0B34
3F659D8BE
3FD0B8A33
000ACEEEA
3FFAB1CD2
3FECF1857
3FDE337D2
3FF875E0B
3FCF486EB
3F9FB23F3
3FE61BE42
3FE83C7A4
3FDA510DB
3FEACEF8B
0005C28F6
3FC299BF5
3FFE51EB8
3FEBDAB46
3FEAA3D70
3FAF2C28C
3FE962AE6
3FF8B197C
3F79AD60A
000000000
000000000
3FEEB0156
3F802AA56
000000000
3FFA40AE9
3FCF1F046
3FF6EABB7
3FF8C84B0
3FF74532F
3FF2B4F6A
3FF6707DE
3EAD21441
3FFECCCCD
3FAF89A2F
3F9FDB112
0001A7E86
3FCE1A3FB
000000000
3FD333350
3FF871E69
3FFDEFDA5
3FD1AFDB4
3FFC574BE
3FDA36CCB
0009E6365
3FEF6F277
000000000
3FDB9091A
000000000
3FE511B9C
0004CCCCD
3FF926B1B
00048F02F
000000000
3FD4D73A2
3FDF146ED
3FE5BBB3F
3FF04CC2A
3FFB4F30E
3FFA308A4
000587971
000000000
3FE3CFE26
3FF6A179F
3FF18D392
3FCB7907E
000000000
3F6EF722A
3F8A2B601
000000000
3FF69D687
000000000
0001BD412
3FEB11394
3F944B03E
3FFD165CB
3FF0524A2
3FE76BA98
0003C5BB5
3FFBBB256
3FD2EEE96
3FE19AB2F
3FFDD1495
3FF79816D
000000000
000000000
3FF851AC1
000BA8B71
3FDA46F9E
000AF8547
3FEFA9E50
3FFB80CF7
000000000
3FF0F7238
3FFB74992
3FF6E43CA
3FC9353BE
000000000
000000000
3FB57F8FE
3FEF86D1D
3FD45420F
3FDD0C860
3FCF9B819
3FA4F379C
3FF8F9044
3FDC20722
3FF6E147B
3FFE8F5C3
3FF813F7F
0002F7C41
3FFC0DE00
3FC7FCEFA
00022BEEA
3FE4A5A80
3FD03C07B
3FEA6A522
3FFFBAD9A
3FE283315
3FF570A3E
3FD76ECB9
3F4245EEB
00035C28F
3FFE3CBA8
3FDB56A99
3FFE51EB8
000A746AA
3FE99914A
3FE8B8151
3FFC66667
3FE1D5DA1
000420456
3FF1B3DCA
000B47AE1
3FFCE147B
00001AB4E
00059A1ED
000000000
3FEA69A69
3FF6695F2
3FFA3377C
000000000
3FC584F40
000000000
3FED4D954
3FFD285E8
3FFBEB852
3FB9AC295
3FB197689
3FF7E5ECD
3FE6A89DA
000000000
000CB851F
3FF6006DC
000000000
000000000
3FF441B40
3FD1A12E6
3FF30A3D7
3FDB4306B
3FE580D56
3FF34C62B
0004A74EF
3FE2F6485
3F9982DC9
3FD18D487
3FF666667
3FEF56B33
3FFCF9407
3FF88F5C3
3FF5D937A
000000000
3FF6EA528
3FFCE7C88
3FA7F105D
3FD36DEAD
3FE1629F9
3FF4526A5
00003CF69
3F99B0459
3F5475043
000CD3B73
000000000
3FCDA5675
000F1EB86
3FCC0D1CF
3FDB71A16
3FFA34C27
3FFD0060B
000000000
3FDF99999
3FF119438
0001AB155
000136A7F
3FEE080FF
3EF5CE545
000A2CA27
000000000
3FCA9DD5F
3FEB59F22
000021D8F
000000000
3F7C69968
000000000
3EA6844DB
000DC490D
3FF8FFD07
3FE63B6F2
3F60AA4B3
000000000
3FACE5113
3FEB920B6
3FA777478
3FF63621A
3FF313FC2
3FE7F2742
000000000
3FB5B38D0
000000000
000000000
3EF462D78
3F797D253
3FE9089EB
3FFFACA01
000000000
3FFECEF1B
3FEF5AAAC
3F994D1BC
3EA1385EE
3FDE1F7D7
3FA55C783
3FB1E15FB
3FFC28F5D
3FB2F27F5
3FF600418
3FFE8F5C3
000133333
3FB935B6A
000036424
3FD98A3D1
3FFECCCCD
3FCCBC8DD
3F772E6C2
000000000
3FE0642AC
3FD62A1B7
0004B88D2
3FF8A8FF3
000A147AF
000000000
3FF40A10E
3FD62FF17
3FF46165D
3FDAA8AFA
3FE20DA25
3FF394511
000000000
3FF38CD54
3FF628F5C
3FAA19869
3FFCA3D70
3F7F26A78
000BC28F5
3FEAE147C
0001EB852
0000B851F
0003F431E
000000000
3FA0C5A30
3FB9337E8
3FFCDB27B
000000000
3FFC63DD5
3FF294F13
0000B851F
0000C4C48
3FF6695F1
3FF82D71D
3D9488578
0007640CD
000170A3D
3FF43347E
00035C28F
3FBBA563C
3FEA93754
3FE2004B8
3FEC26758
3FE379D3D
3FDECA86A
3FC9E37F4
3F4E953F0
00027D26F
0001926C4
3F5B428CC
3FFB4EC1C
000000000
3FF94F3CD
3FF084932
3FAD3F86C
3FF5B51E1
3F2CB12FD
000000000
3FFCEF356
3FDEC66F4
0001EB852
000000000
3FFF047C8
3FEAD3009
000000000
3FFDBA6A5
3FFDC013D
3F7FDDDF1
000000000
000DAE148
000DAE148
3FE4BECEE
3FF379DC8
000744349
000000000
3FDD4F991
000000000
3FEB8AA85
000000000
3FF402994
000496879
3FEE3D70A
3FEDC1A73
3FFF90D04
3FE2C031D
3FA36FC32
3F741059D
3F85B6C5C
0001AE148
3FED56DAE
000361091
000AD1482
3FF66D5F3
000000000
3FFA922B7
0002467E8
3FC4EEB44
000000000
3FC2DF378
3FEF5D269
3F5AA6970
3FF71EB86
000584FE2
3FCFFA083
3FF671046
3FF4F8A27
000000000
3F6B00D76
3FED635AF
0001D38C6
3FFDC9C61
3FFED2FAC
000000000
3FFFAADEF
3FF024FFC
3FCCDDC0E
3FE64636E
3F944A0F2
3FEBF6815
3F8F5689C
3FE861D7C
3FFB33333
3FFBDFBAA
0008E147C
000000000
3FE48A9A0
3FF9B64F6
3FFE004AE
3FC7DF1B9
0003FE8A9
3F37884D2
3FF811F25
3FDBA1B52
3FF0C0577
00048F5C2
000000000
000000000
3FDC2E0FA
3FAE03F0F
3FCFB1844
3F2021D46
3FC7F2AB3
3FDB19E04
3FFE91124
000000000
00078FFF6
3F9C98854
3FFE147AE
3FF0437F1
3FF52EB16
3FE3B458B
3FF6375AE
3FEF990E0
3FE84E017
0003D70A4
3FFEE2A5F
00017E303
3FDC6FEC0
00010868C
3FF0DD215
3FFBAD569
3F5A2F4C8
3FC2FDBD0
3FA9E87E4
3FFCA3D71
3FD5B0941
3E48C7F32
3FE8705AE
000115F74
3FEE0E568
3FFD2D49D
3FC7253BF
3FC8C7B6A
3FE404CBC
3FF5FEFC1
000000000
3FA846DF6
3FF186AC3
000000000
000000000
3FD581E47
00091EB86
3FE2A6EEC
3FE3C6AD8
3FC98212D
3FE25E15F
3FBFCA542
3FE3814CF
3FAA63087
00048F5C3
3FE489ED4
3FF3B078F
3FFB9199E
0005102F3
3FCF4FFFC
3FFBBBCB0
0002A507C
3FDBF9854
00006A637
3FD69188B
0000EEE41
3FB826BF1
3FFD3FC2C
3FFDD3A0B
3FAF46FAD
0005BFB6C
0002E147B
3FF11EB85
3FDC0C08C
3F1837384
3FE15AEA6
000000000
3FC45E116
3F31B8D56
3FFC28F5C
3FA810C80
3F87270E0
00052E896
3FE2AC9F2
3FF79999A
000000000
3FDA15B01
000000000
3FFCB3E8E
3FA44CA05
3FDAAE7D6
3FE6CBB92
3FE87A177
3F97648DE
3FF823767
000000000
3FD81EB0F
3FE633E7C
3FBF1B31C
3FFE8F5C3
3FF3B80F5
000000000
3FECE730D
3F7ADFC8C
3FEFC3271
3FFBD9079
000000000
3FEEC8D69
000000000
3FC2C2492
3FC1505DB
3FEDAFC52
00097415B
3FF844E61
3FF1B58D2
3FAD4B6CA
3FF6C7EFC
3F2EA13BA
3FAE1B8DB
3FB8A2485
3FA59E6D7
3FE180B9E
3FFDF325F
3FF8BA812
3FF4E7F8A
3FD0720FA
0000D7E94
00068DF55
3FE23D70B
00007AE15
3FFFC58E8
3FFF1E736
3FC5A508D
0007F426B
3FF3851EC
3FEB0D6F3
0001AE148
3FEAEEC07
3FE3301DC
0002E7396
0001EB852
000000000
3FF45A991
3FF661E49
3FFE81342
3FF347AE1
3FFEA156C
3FDABE1E5
00039E1AF
3FE2F7BB1
3F96D5963
3FE37A701
3FFE92974
000000000
000000000
3FFF85A50
0000416CD
3FE1809CF
3FF11A368
3EBB61AE8
3FDEEBC13
000000000
3FE9D77C1
3FC3183FF
3FFE51EB8
3FFB23E88
3FB0785C1
3FD3A4782
3FFD5C28F
0003C5685
3FD969C71
3FAC22579
3FE50E4A0
3FF099571
3FEA04A0C
000000000
3FFB33333
0000FB838
3FC332A14
3FFCE4A22
3FFEFB230
3FEFA43A2
3FEBDE84E
3FECB6B92
3FEFDC4DA
3FDFED52A
000000000
0007A56F2
3FF714385
000000000
000000000
3FF155EFA
3FE2CAC17
000BC4E44
3FFC60A92
3FF59F9B8
3FFB27509
3FFC5BF8E
3FE54E079
3FBF90BD5
3FF6BB499
3FF79999A
0001692FA
3FFA40CED
3FF922C1A
3FDA77CEE
0002FE8FF
3FFFFC2BD
3FCC15ED5
3FE1750C2
3FF19999A
3FCFC5529
3FF7EF030
3FE87914C
0000F5C29
3FF6F15A6
3FF2E35EC
3FC00ACE7
00050A3D7
3FF3252F0
3FF603357
3FE4BC8FF
3FF2ACAB8
3FFACE7D9
000000000
3F7F6ED01
3F9679967
3FF08931F
3FF65A63A
3FDE4A680
3FEEFD8F6
000000000
3FFE9FE16
000000000
3FF6CC84E
000B06B49
3FE1941A5
3FF850235
3FC8C5457
000000000
3FF4B851E
3FE892517
3FFEA156C
3FDCE8305
3FFEDBC85
3FE76C948
3FE4BD890
3FD292590
3FD410653
3FF6518F8
3FF71EB85
3FE3027BB
3FEB3907C
000D8E862
3FDAA29FA
0002C1259
3FF885E2B
000000000
3FE2CD332
3FAB246C6
000000000
0005942F3
3FEF5E08A
000600001
3FDF3CAF5
3FDBF96C3
3F64EB9E4
3FF88F5C3
000A7D8D7
3FE7BF89E
3F6775A79
0008BED54
3FC5ACD86
000000000
000121003
3FD664715
000000000
3FBF6D87E
3FE87376B
3FE61784F
3FFC4EEA6
000DC400E
000550018
3FF92D714
0003C85A9
3FD2E147C
3FF1E904D
3FFBAE148
0008E1A00
3FEF65048
0003D70A4
0001784FD
0005C28F6
3FFFD5456
3FE7CE510
3FE936A56
3FF24B877
3FFF1547C
3FFA3A84D
3F9FAE96D
3FA3C36B1
000CE4EB2
0005E1675
3FFAB851E
000426758
000000000
3FFE8F5C3
0002E7FC0
3FFD2D49D
3FC1E96E1
000000000
000000000
3FCB8A089
00003D70A
3FF2C310A
000218F3E
00043B73C
00099CBE6
000F69CBD
3FEC6E2FC
3FF2B7D30
3FF8EC402
3FD5EB065
3FE2FCC74
3FD3EA24B
3FF68BEDB
3FF4E3F2D
3FF405A92
3FF71EB85
000000000
3FE115AAC
3FE998D67
3FF173EDC
0006A389F
00006A654
3FC625912
3FA9136E8
000866666
3F5E97F0F
3FD9917CD
000000000
3FB4FA026
000000000
3FF9E7C3B
000000000
000000000
3FDCD4CC6
3FF785E9E
000000000
000705FC0
3FE80A497
3FE837DC2
000000000
3FF27D5F5
3F81BE93F
000000000
000A8F5C2
3FC926BD8
3FF11E31D
3FF296F3D
3FE050542
3FDC7AE15
3FB1315AC
3FB19D7EE
00067AE15
3F05F87A3
3FD8A3D70
3FF3851EC
3FF666667
3FD76ABBA
3FFC28F5C
3F77552D9
3FBC119A6
3FD45387D
3F14D2053
3FF92A401
0000360A5
0004CCCCC
0000E6C0B
3FA3FCCEF
3FB244827
3FF6007ED
000000000
000405083
000999999
3FFBE8A53
3FEA34EBF
3FEB20987
3FE50F2B2
3F610289D
3FC17DAF6
0004D043D
3FB04C94F
0003D70A4
3FF31A4B5
3FEA50289
3FFA1AEA6
3FB53F80C
000000000
3FEF525CF
3FF4A773B
000133333
000000000
3FEF891E3
000000000
3FD6EA044
0006B851F
3F57CB70B
3F7573A45
000000000
3FE5D2887
3FFBF8272
000340BB5
3FDEB50E9
3FE758256
000E88B93
3FD59DA35
000B3BC7D
3FF155BD5
000000000
3FD862E86
00052216F
3FFFAF9BC
3FF1EFAD4
3FFEFBBE1
3FEE95664
0001F5BE3
3FEEC19BE
3FFC560F9
3FF658DDB
000000000
3FF8B5927
3FFE6D93C
3FDED2FF0
000000000
3FF908971
000000000
3FECBDAC6
3FE026D34
3FD70F26A
000000000
3F7FE3C0B
3F913B363
000000000
3EF97A0A4
3FD0799AF
3F90497AC
0009C3A51
3F86AC007
000B9E24B
000000000
3FE62F109
3FFDD70A4
3FD6C20E2
3FF7BCCA3
3FF0EEC48
3FF49EBD8
3FF637F14
000000000
3F087AA3D
3FBD8E9D7
000A51EB9
3FA39C96E
3FFB805A6
3FF9ABDCC
3FFECCCCD
3FF774505
3FFB61A85
000000000
3FFC0DCF4
000000000
3FEDF1674
3FF52D821
3FFD2B20D
3FFD4E6BA
000000000
3FFE5DF26
00009AEE5
3FFAEA46A
000170A3D
3FF6E1701
3FFB14D34
3FE7006E3
3FA76F0E3
3FF7D70A4
3F698B763
3FF9E6848
3FBCDB95F
3F1F13EEB
3FFB18A35
3F8F8737F
3FF37A643
0001EDF7E
3FE791C4E
3FE5E769A
0001E0BE7
0001D306B
3FF05DB37
0005CA3DE
00094DF67
000BA8955
3FFE6D93C
3FEB99C9A
000000000
3FE270EB6
3FDC9F4A8
3FFF79226
00038D158
3FFED22EE
3FFB33333
3FF7D1F00
3FFC28F5D
3FFEE0E72
3FF900C59
3FE931935
3FF61BE9C
3FCA752F6
000259DAB
3FE44A553
3FB9EB6B9
0002A3D71
3FB409D27
3E8BDEFC9
3FF9BFAC6
00031EB85
000000000
3FB68F5C3
3FEFA56E5
3F953336A
3FFC743F1
3FFD9999A
000000000
3F5D028B6
0006D26F8
3FCBA6937
3FBBADBD6
000000000
3FFE8F5C3
3FDE2A932
3FFB77AE4
3FE7DC709
3FED4CF24
000C07875
3FE3FFB3F
3F9EFFB4B
3FB16E056
3F94CD2FC
000000000
00065D2BC
000000000
3FFDD70A4
000000000
3FF117311
000000000
3FDC09867
000759B55
3FC80C0E5
3FE77FAD2
3F2521676
3F377627B
0001B19F2
000000000
3FC43C090
3FE49FA9A
000000000
3FB2A4AE5
000000000
000000000
000DE75A9
000000000
3FE48D671
000000000
3FD22D39D
3FA80C487
000000000
3FAB6A355
000000000
3FAD9F1EF
000000000
3FBF7BFA3
000000000
000000000
3FD4851BE
00007AE15
000000000
3FC1A2F3B
3FF2296E1
3FDC80F24
000000000
3FD16BD08
000000001
3F9504B45
3FD2E4407
3FE5961C8
000000000
3FB3FD49D
000000000
3FF643585
3FBE9BA68
000000000
000000000
000000000
3FDF21984
3FF73898C
000000000
0001B83CD
3F9E521D5
3FCEC1DCE
3FE200001
3FFDD70A4
000000000
3FC6A36BB
000000000
000000000
000000000
3FFBB3689
3FF715D44
3FE1FAA8A
3FCAD66E5
3FAAF8487
3FB218466
3FDFC3869
000000000
3FE160587
3F8192B0B
3FD7FB5FF
3FD2CDA02
3FA6733B5
3F72018D1
3FC72B7FD
3FFAB851E
000000000
3FCB76A70
3FCE536CC
3FECCE4D8
3FFE6E914
000000000
3F92832E5
3FE9FC291
3FEF95EEB
3FE027D71
000000000
3FD2A2A91
3FF3F0CCD
000000000
000000000
3FEA75710
000EDCCC4
000000000
000000000
3FE7EB8F4
000000000
3FF10ECB2
3FBB0B7C4
3FC712F29
3FE9CC740
3F87B6712
3FDCFD3C8
000133333
3F43A56D2
000000000
000EA3D71
3FE01AAC3
000000000
3F9AED949
3FA8CC718
3FE542065
000000000
3FE6283CC
3FF076646
3FDCF84F0
3F0C96005
000000000
000000000
000000000
000000000
000000000
3FA86BEAC
3FFD3AA3E
3FB67EE7E
000000000
000000000
3FF550C22
3FF3757A0
3FE5D70A4
3FFE45E26
3FFD29065
0000B851F
3FF2B8FC8
3FD950263
3FE50BFB5
3FF5B66B7
3FD5979B4
000000000
0002E2CA7
000CAADF9
3FF7F1B4C
3FCFE37F1
3FE8C56F4
000000000
000000000
000000000
3FF90F66F
000000000
000000000
3FF09FE03
000000000
3FE5F31CC
3FC17A2EF
3FCBA3CC7
3FEE801D7
3FD8276BC
0004CD7DF
000CF5C29
3FC93437F
000000000
000000000
000000000
000000000
3FBEB06A6
000273EBE
0009293B4
000000000
3FD347227
000254A8A
000000000
0001EB852
3FF24F00B
3FEE76A21
000B1CFEF
3FE7AC8EC
000000000
3FD65B26F
000000000
000000000
000000000
000000000
3FFB01677
0004A5DEF
3FEFC2CDB
000000000
3FB7FC166
000000000
3FEF961BC
3FFA5024E
000000000
3FE9FB1E2
000000000
3F77C36D0
3F86F0F43
3FBD9C22A
000000000
3FEB02FE6
3FFD11259
3FCAAD6AD
3F8416501
000000000
3F8A5B546
3FE0FBAAD
3FC5EC1FE
3FE857963
3FEF7DAA2
3F8D77E31
3FB10D914
3FF5B7134
3FF8A474F
3FF64882F
3F9A2B1A6
3FFD8A9E1
3FF55E7F6
000000000
000000000
3FFF610B0
3FF54C97B
3FFDD70A4
3FF8963D3
3FFECC0A8
3FFAF5C29
3FF11AC36
3FC8E1FBA
3FD6CBB90
3FF3B036D
000000000
3FEB269A0
3FCD2DCA5
000000000
000CE8504
3FD952E63
0004566D7
00025EEBD
3FDE7CE7E
3FCFBD8A1
3FF92781F
3FE3B4914
3FECA1235
000000000
3FBF06C98
000A54615
000160150
3FD9AC6AB
3FB08D7C8
000000000
3FEBC3B36
3FBC7A950
3FF9851EC
3FF6F946D
3FAE891D6
00003D70A
0003AA1E3
000A88F44
3FE232A8D
3FF5AE147
3FE58B12F
000000000
000000000
3FD1DC701
000000000
3FB58A9AC
3FFCA3D71
3FD65B2EA
3F7D2B191
3FDBC9B57
3FDD68214
000000000
3FD074CFF
000000000
3FF9773ED
3FF1095D5
000E606EB
3F9A22B20
000000000
0002486F7
000000000
3FB88B47B
3FE32CA67
3F8054F77
000000000
3FC835667
0000DE65D
3FE9693EA
3FBAECFA2
000000000
3FF7F909B
00037DF20
3FFD3FC2C
000000000
3FDF89EB9
3FDEA58B7
000899BC9
0002257E4
3FEAE147B
000000000
3FF7D70A4
000828F5D
000000000
3FA5C6B87
3FFB5D269
3FB47741A
3FD7064BD
3FE2AA0D6
3FEA7C073
3FE805B88
000838D10
3FEC58F1C
3FFE66E53
3FFF4A046
3FFEC3547
3FEE716D8
3FBDB0F95
000CFFAEE
000000000
3FF6303CC
00095C28F
000000000
3FFB53C31
000000000
000DD4480
3FD7C4DA9
3FCC7A9ED
3FDE2D356
000000000
3FAEE9A63
000000000
000000000
3FFEFD4AC
3FF83914A
3FF807A24
3FC779199
3FE1F229A
3FBD556EF
000000000
3FFA00000
3FEF25AC2
000000000
3FFF7D61E
3FDA76A9B
3FFFB8919
3FF9C5917
000000000
3FED5AD00
3FFBFEEB2
3FF572203
3FEE41BD3
3FCDA3AA1
000000000
000000000
000000000
3FDCC0F3D
3FD53F5B2
000943F17
000000000
3FFF337C6
000000000
000000000
000000000
3FEEFE087
000000000
3FD078D66
000267BB8
000000000
0008BA8A4
000000000
3FF0E765C
0006A78B3
3FC3F39FB
000000000
3FD7D848B
3FE4E1516
3FF7490F6
3FF5E4095
3FA2CFBAE
000000000
000000000
3FF1D2B78
000B1ADBA
3FFA1C4DB
3FF442E9E
3FF2F7E30
3FE48E644
3FE857CA6
3FE48F605
3FEED6FDC
3FF7B7D21
3FC7A6023
3FCA4AF15
3FFA2115B
000000000
000000000
000000000
000000000
000000000
000000000
3FFF6C78B
3FF047536
000000000
3FEAC4C06
000000000
000774964
000000000
000ACBF1C
3FF32E805
0001BA7EF
0000B762C
0004B1FE4
3FCE6CF9D
3FEB935D5
3FF765829
0004CABE3
3FC7D77E2
3FFED1038
0004CB574
00017ECBE
000000000
3FE75DC54
3FACA67E6
3FEC94759
3FFCA3D70
3FF5E0B3C
3FFCEC934
3FAF2EEF8
3FFF843A0
3FE1B8C0C
000000000
3FFC19A41
3FFD40BBE
000000000
3FAEB3BDC
0002D72B4
3FF14A670
3FE1161D6
3FF4AADF9
000000000
3FD226D71
3FE2A2E7A
000712E6C
3FCCAF91E
3FF7049DC
3FFC3D365
3FEE30FA6
3FE2A075E
00087A213
3FD14719F
0008A8589
000000000
3FCAEC7EE
000000000
000000000
3FF1F7EC4
00094F0AD
3FEC2DBC9
000C0B6AF
3FF299D5E
3FE732C30
3FD72E977
3FF94FEDF
3FED30E79
3FC6F8602
3FF2C090C
3FE514A45
000000000
3FDADEC70
3FA896042
000000000
0000D2CF8
3FDF90242
3FD8A7917
3FF7C6840
3FD32412A
3FFB32B4C
3FDF7A2F0
3FFE03282
3FFFDE78D
000000000
3FF18F6DC
3FFB4DE03
3FF988B77
000000000
3FF5522C9
3FD2F3A2F
3FBD8842F
0006AEECE
3FB5ABBBC
3FEBC0A4A
000000000
00023EA15
3FE3CDD69
0008AACA3
000000000
000000000
00055FF2C
3FFBA365B
000000000
000000000
3FF3CA5AC
3FEF9AEDD
000000000
000000000
3FFECCCCD
3FFDF6525
3FFAAB3A6
3FEE2B2D1
000602304
0000649B1
3FFD1EB85
000000000
3FFCF0E38
3FE00B9FC
00037B8F3
3FD233774
3FF9F0D2E
3FFB5F037
000000000
3FC926E61
3FD2E7574
000D0D3D3
000B0A3D7
00000543A
3FF367746
3FD648A80
3FFC28F5C
3FFD6EE88
000000000
3FF5F8358
000000000
3FD64E3B2
3FE7356AD
3FFC0B42E
3FEBFAC58
3FE4A8BC6
3FE461C20
00027DFAC
3FEE5A9E5
3FFBDA7E7
000000000
3FF899D08
3FEEA1032
3FCAA4924
3FF4F1150
000B7DCDD
0001A9128
0004A7148
00070BDBC
00038720E
3FE7F9179
3FEE0A800
3FECF9FB9
3FF8A3B54
000D16CD6
3FD32F7D7
3FF457616
3FFB0370F
3FEDD2C56
00034A157
0003EDAF7
3FDBD3ED3
3FEC9E28E
3FF318956
3FF251EB7
0004810FE
000053F69
3FF929F10
3FF5B9C47
00034219B
000000000
3FD6EF7E2
3FF136070
000000000
3FD513B2C
3FF6769D7
3FFCC881C
3FFF82685
3FF92F567
3FE33814C
000C4CCCA
00078F0F9
3FDDAABFE
000000000
0000FB838
0005CA8EE
3FDD9CBA3
000000000
3FF381058
3FFE8FEB9
0004A9E90
000000000
3FFA9A92F
3FFCE5759
3FE5E913B
3FE3A4B08
3FF905A3E
3FFED13D5
000BDD74F
000000000
3FE0268A2
3FDCA39AE
3FF7C94DD
3FF686E81
0005E4B10
000E1A83A
3FFB822D7
3FDD2AE45
0000B57A6
000000000
3FED4A9DE
3FF2EAC03
000000000
000000000
3FE1CA104
00031BB8A
3FFE3348B
3FEFF691A
3FF39111C
3FFE57C13
000000000
000DE0746
3FF69EC0C
3FE26C68E
000000000
00040BDD1
3FFB16758
3FF200FC7
3FEAA2E77
3FFA50035
3FF9AB8F0
0000ED81B
0000D6C49
000000000
00019782F
3FE2FF172
3FDACBF74
000000000
000085F07
000000000
3FFD0226E
00079A782
3FFF4AF5E
000DEE3BA
000CABEA4
3FFDC0DF9
3FEAD78B2
3FFDBA4C9
0006A19FA
3FFD02686
000000000
000F7870C
3FEF84DDB
3FFDA0584
3FFEB44BA
3FD98BCE9
00069B1F1
000000000
3FF924FE2
3FF570BC4
00045381D
000000000
3FFF07FB4
3FFB75B58
3FF0CD24E
000505C20
000000000
3FFF107DB
3FFD9EFBB
000000000
000408A0A
000278918
3FFC728E7
3FF93D37C
3FF437EFE
000A241B1
3FFD7F3DB
3FFD5211A
000000000
3FFD75D5A
000846B03
3FFB9D376
3FF419321
000000000
000000000
000000000
3FEE8B0E9
3FEA5CCB8
000496918
3FFB31E44
000000000
3FF6BB759
0002575B2
3FC88C8E8
3FFBFF113
000BA591F
0006706E1
3FEFD794B
000000000
3FE3C1C26
00025C41E
000000000
3FD68BDF0
3FEEF6A8F
0007E28E4
3FFB9199E
3FFC34474
00028C3CE
000000000
00013AB42
0001E876C
3FFD9999A
000189BA5
000000000
3FCD2A72D
3FEC655CB
3FFDAF71D
0005D5AFE
0001F9388
3FF27702A
3FA63D17B
3FC2B1134
00072A6C9
3FF3B1EF7
3FFAB70FF
3FF110B6B
3FF73082C
00022B6D3
000000000
3FB2F8A55
3FED66A35
3FFAAD427
00005B516
3FFB6F14C
000000000
3FF91672F
3F752B45F
000CE0CF4
000000000
0003D70A4
000000000
000F99999
00050A3D7
000E9C62F
3FF851EB8
000000000
3FE5E69F9
3FDC00A2E
0003D3DD5
000485FF3
000000000
3FFE8F5C3
3FF5BF785
3FF099E14
3FEC33569
000000000
3FBB3D666
3FF954C3C
00003787D
3FE76BF52
3FC07E9CC
3FFC83D1C
000F83FD5
3FF01B292
3FF7C69F0
3FE8F5C29
3FDDCE105
000000000
00040EC94
3FF62A58A
3FEB0B373
000000000
000000000
000000000
3FFD7E8BB
00054FFD7
3FFEAEBFC
3FD002E4D
000000000
000233CD9
3FE36366B
00063D2C9
000000000
3FFF7250A
3FF931F63
00087A865
000000000
000139FE1
000289E8F
3FBFEDA23
3FFDD6AB4
000000000
3FFDD70A4
000000000
3FEB95FC1
3FFBFB1A6
000000000
3FFB940AB
3FF23DBF0
3FF32D29A
00002B405
000000000
3FE4B14FD
3FFCA9774
3FEBCA832
0004B0749
3FF983964
3FF97F631
3FF9548A7
000D33333
000C2163F
000000000
3FF628F5D
3FE158ADD
3FE676D3E
3FE5879F0
3FFFA5CC8
000DD8269
000000000
00013F006
00080E1BA
3FFBD7473
3FF8A712A
3FF0E53E0
3FEF2009F
00062234C
3FFA04D0C
3FEF65EF6
3FF636465
3FDAE59AC
0007AA7A3
3FF7358CA
00023C72C
3FEBD9429
3FE892FA5
000000000
3F6000581
000000000
3FFE8DD3B
00089BADA
3FFDA3550
000000000
3FD23CE69
000000000
000000000
3FFECCCCD
000000000
000000000
3FFC66667
3FC73353E
3FFCDB27B
3FF7E05AA
3FE006FBC
3FFE9FE16
000000000
3FE9F9815
000111186
3FF8887E3
3FFCB51E6
3FFEF7974
3FDB04E64
3F8E22C7B
3FFE18F66
3FFDC4641
3FF9A51DD
000000000
000000000
3FB52F04A
000000000
3FF3DF4F0
000C61B76
3FFC417A0
0005CA09A
3FC1A33A1
000000000
000D23A85
000000000
3FF6A3D71
3FFCA8DA3
3FFBAA035
000000000
3FFED22EE
00058265D
3FA05D7F9
3FF103CDE
000000000
3FFF047C8
3FF7B0CD0
3FD9644F2
3FFE81342
3FFE21813
000000000
000000000
000A8A6B3
3FF96D260
000000000
000000000
3FFE2CEA9
00013E9C7
3FFF047C8
3FFC91892
000000000
000000000
000000000
3FFF97C4F
3FAF53C1B
00036CBDE
