00000B13
00000C33
00000CFA
00000DC6
00000DFB
00000E5B
00000E68
00000F12
00000F15
00000F17
00000F1D
00000F2B
00000F63
00000F7D
00000FA7
00000FB5
00000FB7
00000FC2
00000FCA
00000FD4
00000FDA
00000FE1
00000FE8
00000FFD
00001000
0000100A
0000100B
0000100D
00001015
00001020
0000102B
00001044
00001047
0000104F
00001051
00001055
00001056
00001068
00001069
0000106C
00001071
00001075
00001079
0000107C
00001080
00001085
00001087
00001089
0000108A
0000108B
0000108E
00001094
00001095
000010E6
000011AA
00001221
0000123A
00001266
0000128A
000012CA
000012EB
000012EC
000013BB
0000145F
00001467
0000146E
00001482
00001483
00001485
000014C1
000014CF
00001842
00001845
00001847
0000184E
00001851
00001852
00001857
0000185B
00001860
0000186C
0000186D
00001870
00001871
00001872
00001877
00001878
0000187B
0000187C
0000187F
00001881
00001882
00001883
00000001
0000000D
00000030
00000036
00000041
0000006D
0000006F
00000075
000000A9
000000B8
000000DE
00000105
00000138
0000013D
0000013F
00000148
00000152
00000155
0000017E
00000193
0000019E
0000019F
000001BA
000001C4
000001C5
000001FA
0000020A
0000022E
00000231
00000237
0000024F
0000026E
00000271
00000278
00000290
00000298
000002B9
000002CC
000002D5
000002F5
000002FD
0000030D
00000317
0000034A
00000353
00000389
000003AE
000003D5
00000400
0000042E
0000043D
0000048D
000004B5
000004BD
000004C0
000004E8
00000526
000005A9
000005B3
000005D8
000005FC
00000621
00000651
0000065C
0000069A
000006BD
000006BE
0000071A
00000749
0000075E
00000766
00000779
000007D6
00000805
00000813
00000817
00000843
00000849
00000872
000008AE
000008C5
000008CB
000008EC
000008EE
0000090B
0000091A
00000952
000009F3
00000AF5
00000B14
00000B2B
00000B2C
00000B30
00000B55
00000BB0
00000BE5
00000BFA
00000D5E
00000E00
00000EE2
00000EE7
00000F5A
00001049
0000105D
00001097
000010A9
000010B8
000010C2
000010D2
000010D5
000010DB
0000110B
00001119
0000112E
00001156
0000119F
000011A6
000011C5
000011C6
000011E3
00001203
0000122B
00001239
00001288
000012B5
000012EA
000012F4
000012F5
00001338
00001339
0000135F
000013AA
000013DA
0000142D
00001453
000014A2
000014AA
000014AE
00000003
00000004
00000006
00000007
0000001D
0000003B
0000003E
0000003F
0000004D
00000057
00000065
00000073
00000076
00000078
0000007A
0000007C
00000084
00000093
0000009B
0000009C
0000009E
000000A1
000000AC
000000AD
000000B0
000000DA
000000FB
00000119
00000122
0000012D
00000136
0000014A
0000016E
00000173
0000017D
00000196
000001B1
000001B4
000001C8
000001CB
000001CC
000001DD
000001E5
000001E6
000001F6
000001FB
00000230
00000233
0000023C
0000024A
00000262
00000275
00000284
00000299
000002C0
000002CA
000002E7
00000313
00000314
00000318
00000328
00000331
0000033E
00000354
0000035A
0000037E
00000395
000003BF
000003CC
000003E2
000003EC
000003F4
000003F7
00000401
00000409
0000046C
0000047F
00000488
00000491
0000049F
000004FD
00000501
00000504
0000050B
0000052B
00000537
00000548
0000054E
00000559
0000056C
00000573
00000575
0000057D
000005AE
000005DA
000005EE
000005F2
00000613
0000061F
00000635
00000640
00000652
00000660
00000677
00000680
00000686
0000068D
00000690
000006B1
000006B7
000006B9
000006CE
00000701
00000714
0000071E
00000720
00000753
0000075D
00000786
0000078C
000007A1
000007B6
000007B7
000007BB
000007BC
000007C9
000007CA
000007CD
000007DC
000007E5
000007E9
000007F8
00000801
00000804
00000818
00000824
0000082E
00000844
00000877
0000087D
00000898
000008BB
000008BE
000008D5
000008D6
000008E4
000008E9
00000903
00000907
0000091F
00000923
0000092B
00000932
0000094B
00000961
00000975
0000098E
00000990
000009A2
000009C6
000009F8
00000A01
00000A02
00000A04
00000A06
00000A0C
00000A12
00000A2F
00000A36
00000A4D
00000A69
00000A80
00000A97
00000AB0
00000AB3
00000B36
00000B4D
00000B57
00000B6D
00000B73
00000B8D
00000B94
00000BBB
00000BE8
00000BEC
00000C31
00000C32
00000C49
00000C50
00000C5D
00000C64
00000C66
00000C7A
00000C95
00000CB7
00000CC7
00000CC9
00000CDB
00000CE1
00000CEF
00000CF3
00000D00
00000D0E
00000D1A
00000D2F
00000D3B
00000D3C
00000D6B
00000DA7
00000DD6
00000DF0
00000DF8
00000E27
00000E2C
00000E2E
00000E39
00000E9F
00000ED6
00000EDB
00000EE6
00000EED
00000EF5
00000EF9
00000F0B
00000F2F
00000F37
00000F3A
00000F64
00000F8B
00000FB6
000010C7
000010D6
000010F1
000010FB
0000110C
0000111E
00001125
00001128
00001137
00001138
00001172
0000117E
0000119E
000011AB
000011C1
000011D7
000011DC
000011EA
000011ED
000011F4
000011F7
00001211
00001217
0000121E
0000122E
00001235
00001258
00001268
0000129F
000012C1
000012CF
000012EE
000012F6
0000130C
0000130D
0000131C
0000133B
0000134F
00001350
00001364
00001379
00001399
000013C3
00001410
00001413
00001426
00001427
00001454
00001455
00001456
0000145D
0000148C
0000148E
0000149B
000014AD
000014E2
000014E8
000014EB
000014EE
000014FA
000014FD
0000150B
0000150D
00001513
00001514
0000151E
0000152D
0000152F
0000154A
00001557
00001558
0000156F
00001574
00001575
00001581
0000158E
000015A1
000015B9
000015C2
000015D0
000015E1
00001639
00001661
0000168A
0000168F
000016D1
000017BB
000017D7
000017E0
000017EA
00001843
0000184B
00000008
0000000C
00000012
00000018
0000001A
0000001B
00000021
00000024
00000027
0000002D
00000035
0000003A
00000048
00000049
0000004B
0000004E
0000004F
00000050
00000053
00000059
0000005A
0000005E
00000061
00000064
00000066
00000067
00000068
0000006B
00000077
00000083
00000088
0000008C
00000092
00000094
00000096
00000098
00000099
000000A7
000000AA
000000AF
000000B3
000000B9
000000BA
000000BB
000000C5
000000CB
000000CD
000000D0
000000DF
000000E7
000000EC
000000EE
000000F3
000000F5
000000F8
000000FC
00000100
0000010F
00000113
00000135
00000146
00000159
0000015B
0000015F
00000165
00000166
00000168
0000016A
00000178
00000179
0000017C
00000181
00000188
0000018B
00000192
0000019A
000001A3
000001A6
000001A7
000001A8
000001AC
000001B2
000001B3
000001BC
000001C0
000001CE
000001D6
000001DE
000001DF
000001E2
000001E8
000001EA
000001EB
000001F5
000001FD
00000203
00000205
00000209
00000210
00000211
00000218
0000021B
00000221
00000223
00000225
0000022C
00000242
00000246
00000249
00000250
00000257
00000258
0000025E
00000260
0000027D
0000028E
0000029A
000002A1
000002A7
000002AB
000002AF
000002BB
000002BD
000002C2
000002D2
000002E2
000002EC
000002EE
000002EF
000002F7
000002FC
00000302
00000303
00000305
00000308
00000319
0000031F
00000320
00000322
00000329
0000032B
00000334
00000338
0000033B
0000033C
00000343
0000034B
0000034C
00000358
0000036D
0000037F
00000380
00000382
0000038A
0000039B
0000039F
000003A4
000003AC
000003B2
000003C6
000003D1
000003D3
000003DD
000003EE
000003F6
000003F8
000003FF
00000403
0000041A
0000041D
00000420
00000422
00000434
0000043B
00000442
00000451
00000454
00000457
00000463
00000465
00000466
00000467
0000046B
00000476
00000495
00000497
00000499
000004A5
000004AC
000004B2
000004B7
000004C3
000004D5
000004DC
000004DF
000004F2
000004FA
00000508
00000517
0000051D
00000529
0000052A
0000052F
0000053D
00000540
0000054A
00000558
00000566
0000058C
00000596
0000059B
000005A4
000005BE
000005C0
000005C6
000005E2
000005E3
000005F7
00000603
00000604
00000605
00000607
0000060F
00000625
0000062B
00000631
0000063D
00000646
0000064A
00000650
00000654
00000667
00000679
00000692
00000695
00000696
0000069C
000006A0
000006A2
000006A3
000006B2
000006B3
000006B8
000006BA
000006BC
000006C3
000006DD
000006E0
000006E9
000006EB
000006F5
000006F7
000006F9
000006FC
000006FF
0000070A
0000070B
00000726
00000727
0000072C
00000738
0000073B
00000741
00000745
0000074A
0000074B
0000074D
0000075F
00000763
00000765
00000767
0000076C
00000772
00000781
00000782
00000787
00000793
000007A3
000007B1
000007C1
000007C5
000007E0
000007E7
000007EB
000007ED
000007F4
000007F9
00000806
00000810
00000830
00000831
00000839
00000847
0000084D
00000853
00000858
00000859
00000862
00000864
00000869
0000086D
0000087A
00000883
0000088A
0000088B
0000088F
00000891
00000899
0000089B
000008A5
000008C3
000008D2
000008DD
000008DF
000008E0
000008E6
000008EB
000008F2
000008F5
000008F9
000008FA
00000904
00000914
0000091B
00000920
00000922
0000093F
00000956
00000958
00000964
00000965
00000968
0000096F
0000097B
00000983
00000988
00000989
0000099B
0000099C
000009B8
000009BE
000009C7
000009CE
000009D9
000009DE
000009E8
000009E9
00000A16
00000A1B
00000A27
00000A2B
00000A30
00000A3B
00000A3E
00000A64
00000A6F
00000A7A
00000A8B
00000A92
00000A95
00000A9B
00000AA8
00000ABA
00000ABE
00000AC1
00000ACD
00000ADA
00000AEE
00000B07
00000B08
00000B0A
00000B15
00000B24
00000B44
00000B5F
00000B67
00000B71
00000B78
00000B93
00000BA6
00000BAF
00000BB2
00000BB7
00000BC4
00000BD7
00000BE7
00000BF9
00000C15
00000C16
00000C1F
00000C3E
00000C44
00000C67
00000C73
00000C99
00000C9B
00000C9E
00000CA8
00000CAA
00000CB1
00000CB3
00000CB4
00000CBB
00000CC8
00000CCA
00000CD8
00000CDD
00000CF5
00000D16
00000D26
00000D56
00000D5C
00000D90
00000D9F
00000DAA
00000DAD
00000DD8
00000DE9
00000DEA
00000DEE
00000DF7
00000E1A
00000E29
00000E2B
00000E34
00000E4A
00000E5D
00000E76
00000E9D
00000EB0
00000ECB
00000ECD
00000EE4
00000EEA
00000EF2
00000F3F
00000F56
00000F8E
00000FD9
00001030
00001033
00001036
00001084
0000109A
000010A5
000010AB
000010BE
000010E3
000010ED
000010F3
000010F8
0000111D
00001132
00001136
00001139
00001141
0000114D
0000114E
0000114F
0000115B
00001166
00001173
00001185
0000118B
000011A1
000011A5
000011BA
000011CF
000011D4
000011D6
000011D9
000011E0
00001200
00001208
00001209
00001212
00001218
00001223
00001225
0000122F
00001238
00001253
00001254
0000126C
00001270
00001276
00001293
000012A7
000012AD
000012AF
000012B3
000012B6
000012D3
000012E1
000012E4
000012F0
000012F3
000012FA
00001327
00001328
0000132A
00001331
00001334
00001337
0000133E
0000133F
0000134B
00001355
0000135C
00001362
00001365
00001370
00001371
00001373
00001374
00001380
00001382
00001385
00001389
0000138F
0000139C
000013A7
000013AE
000013B7
000013BC
000013BF
000013C1
000013C2
000013C5
000013C6
000013C7
000013DB
000013E0
000013E2
000013F1
00001402
00001403
0000140A
00001414
00001415
00001429
0000144D
00001450
0000146D
0000149C
000014A6
000014A7
000014B9
000014CD
000014D0
000014DA
000014E0
000014E9
000014F1
000014FB
000014FC
00001504
00001508
00001511
0000151B
0000151D
00001523
00001527
0000152C
00001533
00001535
00001538
00001540
0000154F
0000155A
00001567
0000156A
0000157B
00001584
00001589
0000158A
0000158C
0000158F
0000159F
000015A0
000015A3
000015A6
000015AE
000015B3
000015B5
000015BA
000015D3
000015E4
000015E5
000015E7
000015E8
000015EE
000015F8
000015FB
00001600
00001601
00001602
0000160B
0000160F
00001612
0000162B
0000163E
00001658
00001686
0000168E
000016A9
000016AC
000016B1
000016B2
000016C6
000016CE
000016EA
00001723
00001743
000017B4
000017B6
000017BC
000017C0
000017C1
000017D4
000017DA
000017DD
000017E3
000017EF
000017FB
00001800
00001801
0000181D
0000181E
0000182B
00001841
00001850
0000185A
0000185D
00001868
0000187A
00000001
00000009
0000000A
0000000E
00000011
00000015
0000001E
0000001F
00000023
00000029
0000002A
00000030
00000031
00000032
00000034
00000038
00000047
00000052
00000058
0000006C
0000006D
0000006E
00000079
0000007E
00000081
0000008A
0000008B
0000008F
00000090
00000091
000000A0
000000A2
000000A3
000000A5
000000B2
000000BE
000000C4
000000C7
000000C9
000000D7
000000DB
000000DC
000000EB
000000F6
00000102
00000103
00000104
00000109
00000115
00000117
00000118
0000011D
00000120
00000129
0000012C
0000012F
00000133
00000144
0000014B
0000014E
0000015D
00000160
00000161
00000163
00000172
00000176
0000017F
00000186
00000187
00000189
0000018E
00000191
00000197
00000199
0000019D
000001A4
000001A5
000001BD
000001D0
000001D4
000001DB
000001ED
000001F0
000001F3
000001FE
000001FF
00000214
00000224
00000244
00000255
00000256
0000025C
00000269
0000027E
00000281
00000282
0000028D
00000295
00000297
0000029B
000002A8
000002A9
000002AC
000002AE
000002B2
000002BC
000002BF
000002D3
000002D4
000002DA
000002F0
000002F1
000002F6
000002F8
000002FB
00000300
0000031B
00000326
00000337
00000340
00000348
00000352
0000035C
00000360
00000361
00000362
00000364
00000369
00000384
00000385
0000039D
000003A9
000003AF
000003B4
000003B5
000003C3
000003D0
000003DC
000003E0
000003E3
000003E9
00000402
00000405
00000408
00000410
00000436
0000044B
00000458
0000045B
0000045E
00000464
00000469
0000046D
0000047E
00000481
00000483
00000484
00000489
0000048C
0000048E
000004A1
000004A6
000004AA
000004AD
000004AE
000004B4
000004BF
000004C5
000004C6
000004CF
000004D6
000004DD
000004E1
000004E2
000004F5
000004FC
00000507
0000050A
00000514
00000532
00000536
00000541
0000054C
00000553
00000557
0000055E
00000568
0000056D
0000056F
00000579
0000057E
00000586
00000589
0000059A
000005A0
000005A5
000005AB
000005B2
000005BA
000005C1
000005C9
000005CB
000005FF
00000601
00000619
00000622
0000062F
00000632
00000644
0000065E
0000066B
0000067F
0000068A
0000068F
00000697
0000069D
000006A1
000006A6
000006A7
000006AB
000006D4
000006D5
000006D6
000006DA
000006DF
000006EE
000006F6
000006FB
000006FD
00000702
00000703
00000711
0000072D
00000732
00000733
00000737
0000074E
0000074F
00000758
0000075C
0000076D
00000773
0000077E
00000788
000007BF
000007C6
000007CC
000007D8
000007DE
000007F1
000007F7
000007FC
00000807
00000809
0000080E
00000812
00000815
0000081F
00000825
0000082A
00000856
0000085D
0000086B
0000086C
0000086E
00000871
0000087B
00000889
000008A2
000008AA
000008AC
000008B2
000008B6
000008B9
000008C6
000008C8
000008D0
000008D3
000008ED
000008F4
000008F7
00000912
00000915
0000091E
00000927
00000940
0000096E
00000973
0000097D
00000998
000009AF
000009B9
000009C8
000009D0
000009DB
000009E1
000009E5
000009F9
000009FB
00000A07
00000A0D
00000A1C
00000A1F
00000A21
00000A2A
00000A34
00000A39
00000A46
00000A4B
00000A52
00000A5E
00000A82
00000A8A
00000A93
00000A9F
00000AA7
00000AB4
00000AC9
00000AD5
00000AE1
00000AE9
00000AED
00000AF1
00000B1C
00000B1F
00000B32
00000B35
00000B3E
00000B46
00000B48
00000B54
00000B68
00000B7A
00000B83
00000B95
00000B9B
00000BA0
00000BB9
00000BC5
00000BCF
00000BF6
00000C07
00000C13
00000C26
00000C2E
00000C3A
00000C3D
00000C5B
00000C62
00000C86
00000C91
00000C9D
00000C9F
00000CAC
00000CB0
00000CB5
00000CBC
00000CC6
00000CCE
00000CEA
00000CEB
00000CFF
00000D1D
00000D2A
00000D3A
00000D47
00000D49
00000D4E
00000D4F
00000D59
00000D6F
00000DA6
00000DAB
00000DBD
00000DCB
00000DD1
00000DED
00000DF2
00000E02
00000E1B
00000E40
00000E41
00000E46
00000E50
00000E5E
00000E6B
00000E6E
00000E70
00000E73
00000E7A
00000E8D
00000E93
00000E9A
00000EAF
00000EB6
00000EB7
00000EB9
00000EBB
00000ECC
00000ED0
00000ED3
00000ED7
00000ED9
00000EEB
00000EFE
00000F28
00000F35
00000F39
00000F41
00000F47
00000F48
00000F53
00000F5C
00000F7A
00000F89
00000F98
00000FAD
00000FBE
00000FC3
00000FC5
00001010
00001013
0000101E
00001025
0000105E
00001077
0000107E
00001082
00001086
00001097
00001098
000010B7
000010C0
000010CD
000010CE
000010D0
000010DD
000010DE
000010E7
000010E9
000010EE
000010F0
000010F4
000010F5
00001114
00001116
00001118
0000113F
00001147
00001151
00001162
00001164
0000116C
00001178
0000117D
0000118A
0000119D
000011C3
000011C4
000011D2
000011D5
000011DD
000011DE
000011E1
000011F0
000011F6
000011FE
00001201
00001210
00001215
00001216
0000121D
00001230
00001232
00001233
00001240
00001243
00001244
00001248
0000124B
00001250
0000125A
0000125C
0000125E
0000125F
00001260
00001261
00001267
0000126A
00001272
0000128C
00001291
00001292
00001298
0000129A
0000129D
000012A4
000012B1
000012BC
000012C5
000012C7
000012D2
000012DF
000012E6
000012FF
00001301
00001309
0000131A
0000131B
0000131F
00001322
00001336
00001338
0000133D
00001353
00001354
00001359
0000135B
0000135F
0000136C
00001377
0000137B
00001383
000013A5
000013A9
000013AD
000013CD
000013DA
000013DE
000013E4
000013F0
000013F2
000013F5
000013F7
00001405
0000140C
0000141B
00001424
0000142C
00001436
00001437
0000143C
0000143F
00001441
00001442
00001443
00001445
0000144C
00001453
0000145C
00001464
00001469
0000146C
00001495
00001497
000014A0
000014A4
000014B2
000014B7
000014D2
000014DB
000014DF
000014E1
000014E5
000014EC
000014F9
00001509
0000151A
00001521
00001534
00001549
0000155E
00001565
00001568
0000157F
00001582
0000159C
000015A8
000015A9
000015B2
000015BE
000015D6
000015D9
000015DC
000015F7
000015FA
000015FE
00001605
0000160C
00001627
00001628
0000163B
0000164E
0000169F
000016A3
000016C0
000016F4
000016FA
00001706
0000170A
0000170C
00001730
000017C3
000017DF
000017E1
000017E2
000017E4
000017EB
000017F9
00001813
00001814
00001825
00001828
00001849
0000184C
00001869
00000005
00000006
00000010
0000001C
0000001D
00000022
0000003B
0000003F
00000042
00000044
00000045
0000004D
0000005C
0000005D
00000063
00000071
00000076
0000007F
00000080
00000082
00000084
00000093
0000009B
0000009E
000000DA
000000E3
00000101
00000110
00000126
00000128
00000139
00000145
00000147
0000016E
0000016F
00000170
00000174
0000017B
0000017D
0000018C
0000019B
0000019C
000001AA
000001AE
000001AF
000001B8
000001C5
000001D7
000001E5
000001F4
00000200
0000021D
00000234
0000024C
00000251
0000026D
0000027F
0000029E
000002A5
000002B3
000002DB
000002F9
00000304
00000321
00000324
00000328
0000032D
0000032E
00000375
00000376
0000038E
000003A5
000003A6
000003B7
000003BB
000003C2
000003C7
000003CC
000003CF
000003ED
000003F5
0000040A
00000417
00000418
0000041C
0000041E
0000041F
00000426
00000431
00000432
00000446
0000045C
00000486
0000049A
000004A3
000004A8
000004AF
000004B8
000004BA
000004EC
000004EE
000004F7
00000503
0000051C
0000052E
0000053B
00000548
0000057C
00000584
0000058E
00000597
000005D3
000005D4
000005E0
00000608
0000065B
00000662
00000674
00000715
00000731
00000776
0000079D
000007A8
000007AA
000007BA
000007D2
000007DC
000007E3
0000081D
0000082C
0000083E
00000842
0000084A
00000850
00000874
0000089F
000008E1
000008EA
00000908
00000916
00000933
00000991
000009DC
000009E7
00000A32
00000A5A
00000A63
00000A72
00000A7E
00000A80
00000A9A
00000AB3
00000ACE
00000AF0
00000AF4
00000B19
00000B2E
00000B51
00000B72
00000B87
00000BBB
00000BCC
00000C00
00000C28
00000C4B
00000C4F
00000C59
00000C70
00000C72
00000C93
00000CB6
00000CCF
00000CE3
00000CED
00000CFD
00000D22
00000D3C
00000D7B
00000DA5
00000DE3
00000DF6
00000E1D
00000E2F
00000E31
00000E5A
00000E65
00000E67
00000E78
00000EB4
00000EBE
00000EC9
00000ED6
00000EE6
00000EFD
00000F5B
00000FCD
00000FD0
00001009
00001016
0000101C
00001022
00001024
0000103B
0000103E
00001072
0000109B
000010A7
000010B3
000010B6
000010C9
000010D8
000010D9
000010E2
000010E4
000010FD
00001108
0000110C
00001117
00001127
00001131
00001134
00001145
00001186
00001188
0000118D
00001195
0000119A
000011AC
000011AD
000011B4
000011E5
000011E7
000011F3
0000120E
00001229
00001251
00001258
00001263
00001296
000012A9
000012D4
000012FE
00001332
00001360
0000136D
00001390
000013B3
000013BA
000013D4
000013D7
000013E7
00001404
00001427
0000142B
0000142F
00001433
00001451
00001461
00001465
00001476
0000148B
0000149D
000014A9
000014EB
000014FA
0000150C
00001515
00001517
00001518
0000151F
00001525
0000152A
0000152B
00001537
00001539
0000154A
00001557
00001558
0000155C
0000156E
00001573
00001574
00001575
00001576
0000158E
00001590
00001592
00001593
00001595
000015A5
000015B0
000015B1
000015B7
000015BC
000015C2
000015D5
00001611
00001613
00001626
00001639
0000163C
00001643
00001645
00001646
0000164D
00001650
00001655
0000165B
0000165C
00001664
00001665
00001667
0000166A
0000166C
00001676
00001685
00001688
00001689
0000168A
0000168F
00001691
000016C1
000016DB
000016FB
0000170E
00001718
00001747
0000175D
00001768
00001791
00001796
00001799
000017A7
000017A8
000017A9
000017B9
000017C5
000017E0
000017E5
000017EA
0000180A
0000180E
0000183F
00001848
0000184A
0000184B
00000007
0000000C
00000016
00000018
00000024
00000027
0000002D
0000002E
0000003A
00000049
0000004E
00000050
00000059
0000005A
00000064
0000006B
00000089
0000008C
00000094
00000099
000000AF
000000CD
000000FE
00000121
0000015B
0000016A
00000178
00000181
0000019A
000001A7
000001B5
00000201
00000203
00000209
00000210
00000235
0000023E
00000249
0000028E
000002D2
000002E9
000002EE
000002F4
00000303
00000309
0000030F
0000031D
0000032A
0000032B
0000033C
0000034C
00000380
0000039A
000003BF
000003D3
0000041D
00000490
000004FA
00000527
00000538
00000566
00000567
000005E3
00000646
00000719
0000073A
00000743
00000765
00000769
00000787
0000084F
00000862
0000086A
00000883
00000899
0000089B
000008E2
000008FA
0000092C
00000965
0000097C
00000984
000009CE
000009EA
000009EF
00000A53
00000A92
00000B22
00000B4F
00000B67
00000BC7
00000CB1
00000CFE
00000D2D
00000D35
00000D3D
00000D54
00000DC5
00000E82
00000E83
00000E86
00000E87
00000E9D
00000F3F
00000F68
00000F76
00000FCB
00001006
00001008
00001029
0000102A
0000106F
00001074
00001078
000010AF
000010C3
000010DF
000010EC
0000111C
00001136
00001141
0000116B
000011B9
000011BA
000011EF
00001223
00001238
0000127F
00001289
00001290
000012AD
000012B6
000012D3
000012DC
000012FB
00001328
0000132A
0000133F
00001382
0000138D
00001391
00001409
0000140A
0000141C
00001429
00001487
000014A7
000014CA
000014F6
000014F8
000014FC
00001507
0000150E
00001513
0000151B
00001527
0000152F
00001535
00001541
0000154F
00001554
0000155B
00001567
0000156A
00001577
0000157B
0000157C
00001588
0000159F
000015A0
000015A1
000015AE
000015C7
000015E1
000015EE
00001600
00001601
00001603
0000160A
00001617
0000161C
00001620
00001629
0000163E
00001661
00001663
00001677
00001686
0000168D
000016A9
000016AC
000016B2
000016BE
000016EA
000016EB
000016EE
000016EF
000016F2
000016F3
00001739
00001743
0000174B
00001753
00001760
00001775
0000177B
0000178D
000017A2
000017AE
000017B6
000017C0
000017D4
000017DA
000017DE
000017EF
000017FB
000017FF
00001800
00001801
00001806
00001815
00001818
0000182E
00001841
0000185D
00001866
00001868
0000001E
00000047
00000058
0000005E
0000007E
00000081
00000088
0000008A
0000008B
00000090
00000091
000000A7
000000C4
000000CA
00000102
00000115
0000012E
00000133
00000144
0000014B
0000014E
00000160
0000017F
00000186
00000187
000001DB
000001DE
000001E9
00000225
00000236
0000023B
00000246
0000029A
000002D3
000002D9
000002DC
000003C3
000003E5
00000469
000004AE
000005FF
00000696
000006D5
00000700
00000727
0000074E
00000826
00000851
000008F4
00000A83
00000BDC
00000BFC
00000D5C
00000ED7
00000EEB
00000EF0
00000F35
00000F5E
00000FCC
000010B0
000010C6
00001106
0000116C
000011E1
000011F2
00001215
00001230
00001232
00001285
0000128C
00001298
0000129A
000012C8
00001338
000013E4
0000148E
00001504
0000150A
00001511
0000152C
00001538
0000155E
0000158F
000015B9
000015E4
000015F4
00001670
00001687
000016C0
000016CE
000016D1
000016DF
00001702
00001736
00001761
00001786
00001827
0000001C
00000021
00000042
00000080
000000BD
000000C8
000000CB
000000D5
000000D8
000000DA
00000109
0000011E
0000012C
0000015E
0000016E
0000017D
0000018C
00000191
0000019C
000001D7
00000208
0000021C
00000224
0000027F
000002A4
0000035C
00000361
00000375
000003A5
00000417
00000436
0000045C
000004A3
0000056F
00000575
00000589
000005D4
0000061E
000006F1
00000AB3
00000C07
00000EE1
0000109B
000010D7
000011E5
0000125E
00001268
0000126F
00001291
00001292
00001301
00001332
00001469
00001472
000014A4
00001517
00001568
0000185A
0000003B
00000045
0000004E
0000006B
0000006C
0000008C
000000FE
00000110
00000145
0000016F
00000174
000001AE
000001AF
000001B5
000002C1
000002E5
0000032E
000003C7
000003EB
000003F5
000004FA
000007AA
0000081D
000009FB
00000A7E
00000A92
00000B67
00000C72
00000C93
00000D7B
00000D7C
00000E05
00000E78
00000EBF
00000ED5
000010D9
000010E4
00001145
00001210
00001305
00001382
000013BE
000013F6
0000142F
00001507
0000150E
0000152A
0000152B
0000152F
0000154F
0000155A
00001567
00001573
00001575
00001593
000015A5
000015B7
000015D5
000015FB
00001620
00001643
00001685
00001689
00001706
00001759
000017C0
000017FF
00001801
00001867
00000024
00000029
00000058
00000059
0000007E
00000099
000000E6
00000167
0000018E
0000019A
000001DB
00000234
00000235
0000023E
000002A9
000002D2
00000799
00000883
00000902
00000CA5
00000F5E
00000FCB
00001008
00001029
0000102A
0000103B
0000103E
00001072
000010B0
000010FD
0000110C
000011BA
000012D3
00001451
000014FC
00001530
00001541
00001554
00001588
0000159F
000015C4
00001603
00001650
00001655
000016BE
000016F3
00001753
00001763
00001795
000017DA
000017E5
0000182E
00000047
0000005E
000000A5
000000D5
0000012C
00000199
0000019C
000001D7
000002AB
000002BC
000003BF
000004BF
00000810
00000AB4
00000D43
00000DAD
00001362
0000152C
000015A0
000015B0
00001646
00001670
00001677
00001687
000017E2
0000185A
00000090
000001C5
00000300
000004FA
00000541
00000850
00001586
000015BE
000015C2
00001605
0000169F
0000184B
0000001C
00000191
00000224
0000032A
00000436
00000B67
00000E48
00000010
0000005E
0000006C
00000160
0000016F
00000174
000001AF
000001B5
00000235
0000023B
000003AD
000003F5
00000604
00000700
00000726
00000A92
0000109B
000010B0
000010C6
00001210
00001230
000012C8
000013E5
000016EE
000000D5
00000208
0000021C
0000043B
000005BC
0000061E
00000BFC
00000F5E
000010B3
0000125E
000013E7
0000018E
00000244
000002F7
0000031F
000009FB
000013F6
00001517
00001573
000015D5
000017E5
0000081D
0000154F
00000059
0000005A
0000023E
00000899
00001410
000017DA
00000B13
00000C33
00000CFA
00000DC6
00000DFB
00000E5B
00000E68
00000F15
00000F17
00000F1D
00000F63
00000F7D
00000FA7
00000FB5
00000FC2
00000FCA
00000FDA
00000FE1
00000FE8
00000FFD
00001000
0000100A
0000100B
0000100D
00001015
00001020
0000102B
00001044
00001047
0000104F
00001051
00001055
00001056
00001068
0000106C
00001071
00001075
00001079
0000107C
00001080
00001085
00001087
00001089
0000108A
0000108B
0000108E
00001094
00001095
000010E6
000011AA
00001221
00001266
0000128A
000012CA
000012EC
000013BB
0000145F
00001467
0000146E
00001482
00001483
00001485
000014CF
00001842
00001845
00001847
0000184E
00001851
00001852
00001857
0000185B
00001860
0000186C
0000186D
00001871
00001872
00001877
00001878
0000187B
0000187C
0000187F
00001881
00001882
00001883
00000001
00000036
00000041
0000006D
0000006F
000000A9
000000B8
000000DE
00000105
00000138
0000013D
0000013F
00000148
00000152
0000017E
0000019F
000001BA
000001C4
000001C5
000001FA
0000020A
0000022E
00000231
00000237
0000024F
0000026E
00000271
00000290
00000298
000002CC
000002D5
000002F5
000002FD
00000317
0000034A
00000353
00000389
000003AE
000003D5
00000400
0000042E
0000048D
000004B5
000004BD
000004E8
00000526
000005A9
000005B3
000005FC
00000651
0000065C
0000069A
000006BE
0000071A
00000749
00000766
000007D6
00000805
00000813
00000817
00000849
00000872
000008AE
000008CB
000008EE
0000091A
00000952
000009F3
00000AF5
00000B14
00000B2B
00000B2C
00000B30
00000BB0
00000BE5
00000BFA
00000D5E
00000F12
00000F2B
00000FB7
00000FD4
00001049
0000105D
00001069
00001097
000010A9
000010B8
000010C2
000010D2
000010D5
000010DB
0000110B
00001119
0000119F
000011C6
000011E3
00001239
0000123A
00001288
000012EB
000012F4
000012F5
00001338
00001339
0000135F
000013DA
0000142D
00001453
000014A2
000014AE
000014C1
00001870
00000003
00000004
00000007
00000018
0000001D
00000030
0000003B
0000004D
00000057
00000073
00000093
0000009B
000000AC
000000CB
000000CC
000000DA
000000FB
00000119
00000136
0000016E
0000017D
0000018B
00000193
00000196
000001A7
000001B4
000001CC
000001DD
000001E6
00000230
00000233
0000023C
0000024A
00000275
00000278
00000284
00000299
000002C0
0000030D
00000314
00000331
0000033E
00000354
0000035A
0000037E
00000395
000003CC
000003E2
000003EC
000003F7
00000537
00000548
0000054E
00000559
0000056C
00000573
00000575
000005A6
000005D8
000005EE
000005F2
0000061F
00000635
00000652
00000680
00000686
0000068D
00000690
000006B1
000006B9
000006BD
00000701
00000714
0000071E
00000753
0000075D
00000779
00000786
0000078C
0000079A
000007B6
000007BB
000007BC
000007CD
000007E5
000007E9
000007F8
00000801
00000818
00000824
0000082E
00000844
00000877
00000898
000008BE
000008C5
000008D6
000008E4
000008E9
00000903
00000907
00000923
00000928
00000943
0000094B
00000961
00000975
00000990
000009A2
00000A02
00000A06
00000A0C
00000A12
00000A2F
00000A4D
00000A69
00000A97
00000B6D
00000B8D
00000BEC
00000C31
00000C49
00000C50
00000C64
00000C66
00000C95
00000CB7
00000CC7
00000CC9
00000CDB
00000CE1
00000CF3
00000D00
00000D0E
00000D1A
00000D3B
00000DEA
00000DF8
00000E27
00000E2E
00000E39
00000EDB
00000EE2
00000EE6
00000EF5
00000EF9
00000F2F
00000F37
00000F3A
00000F8B
00000FB6
000010F1
0000110C
0000111E
00001125
00001128
0000112E
00001137
00001172
0000119E
000011A6
000011AB
000011DC
000011EA
000011ED
000011F4
00001211
00001217
0000122E
0000129F
000012C1
000012CF
000012F6
0000130C
0000130D
0000134F
00001350
00001364
000013C3
000013EC
00001410
00001413
00001426
00001427
00001454
00001455
00001456
0000148C
000014AD
000014E2
000014E8
000014EE
00001513
00001557
00001558
0000156F
00001581
000015A1
000015B9
00001639
00001661
0000168A
0000168F
000017BB
000017D7
00001843
00000021
00000027
0000002D
0000003E
0000003F
0000004A
00000054
00000059
0000005A
00000065
00000067
0000006B
00000071
00000075
00000076
00000084
00000088
00000092
00000094
0000009C
0000009E
000000A1
000000A7
000000AD
000000BA
000000C4
00000100
0000014A
0000015F
0000016A
00000178
00000188
000001A8
000001B1
000001B2
000001B3
000001CB
000001CE
000001D6
000001E8
000001EB
000001FD
00000209
00000225
00000249
00000250
00000260
00000262
000002BB
000002CA
000002D2
000002EE
000002EF
00000300
0000035F
0000039B
000003B2
000003C6
000003D3
000003F4
00000409
00000422
00000434
00000442
00000457
00000467
00000476
00000488
00000497
00000501
00000514
0000052B
00000605
00000607
0000060F
0000063D
00000646
00000650
00000695
0000069C
000006A2
000006B8
0000074A
0000074D
0000075F
00000765
00000767
00000781
00000787
000007B7
000007C9
000007CA
000007E0
000007E7
000007F9
00000806
00000862
0000087D
0000088A
0000088B
00000891
0000089B
000008D5
000008DD
000008EB
00000914
00000920
00000922
00000956
00000993
0000099C
000009C7
000009D9
000009F8
00000A16
00000A1B
00000A64
00000A8B
00000AA8
00000B15
00000B67
00000B78
00000BA6
00000BAF
00000BB7
00000BBB
00000BDC
00000C16
00000C44
00000C73
00000CB4
00000D16
00000DAD
00000E25
00000E2C
00000E34
00000ED6
00000F3F
00000F8E
00001030
000010F3
000010FB
00001136
00001166
00001173
00001209
00001258
00001268
00001270
00001276
000012E6
000012FA
0000131C
0000132A
00001334
0000133B
0000133E
0000134B
00001360
00001370
00001371
00001380
00001382
000013B7
000013DB
000013F1
00001403
0000140A
0000149C
000014EB
000014F1
0000151B
0000152C
0000155A
00001575
0000157B
0000158E
0000158F
000015A0
000015B3
000015C2
0000160F
0000168E
000017B6
000017C1
000017E0
000017EA
0000181D
00001841
0000184B
0000185D
0000187A
00000006
0000001E
00000029
00000049
0000004E
0000005E
00000061
0000006D
00000083
0000008A
0000008C
000000A5
000000AA
000000BB
000000BE
000000C5
000000C7
000000CD
000000EB
000000FC
00000104
0000010F
00000133
00000139
0000014B
0000015D
00000165
00000187
00000199
0000019D
000001A6
000001AC
000001EA
000001F5
00000213
00000218
0000021B
0000023D
0000029A
000002A1
000002AC
000002BF
000002E2
000002E7
000002F7
00000319
0000031F
0000032B
00000364
0000038A
0000039F
000003A4
000003A9
000003B5
000003DC
000003F6
0000041A
0000041D
0000043B
00000451
00000463
00000466
00000478
00000484
000004A1
000004AC
000004AD
000004B4
000004B7
000004C3
000004CF
000004DF
000004F2
000004FA
000004FC
00000529
0000053D
0000058C
000005B2
000005C1
000005DA
000005E3
00000603
00000604
00000622
0000062F
00000640
00000692
0000069D
000006A0
000006A3
000006B2
000006B3
000006C3
000006D5
000006E0
000006F7
000006FB
000006FC
00000703
0000070A
00000715
00000724
00000726
0000072C
0000072D
0000074B
0000074E
0000075C
0000076C
00000772
0000077E
00000788
000007A3
000007D8
000007DE
000007EB
000007ED
00000809
00000810
00000825
00000831
00000839
00000847
0000084D
00000864
00000869
00000883
00000889
000008C8
000008D2
000008E0
000008F2
000008F9
0000091B
00000925
00000964
0000097B
00000988
000009BE
000009CE
000009D0
000009F0
000009F9
00000A2B
00000A52
00000A5E
00000A92
00000AA7
00000AB3
00000ABE
00000B08
00000B1F
00000B24
00000B35
00000B83
00000B93
00000B95
00000B9B
00000BF6
00000C13
00000C5B
00000C9E
00000CB1
00000CB3
00000CCE
00000CDD
00000D3C
00000D5C
00000DAA
00000DD1
00000DD8
00000E1A
00000E41
00000E50
00000E67
00000E73
00000E93
00000EBB
00000ECC
00000ED0
00000ED9
00000F28
00000F64
00001078
00001084
00001097
000010A5
000010AA
000010AB
000010BE
000010C0
000010DD
000010E9
000010ED
000010F0
000010F5
0000114F
00001151
0000119D
000011BA
000011C4
000011CF
000011D4
000011D9
000011E0
000011E1
00001208
00001218
00001225
0000122F
00001238
00001240
0000124B
00001254
0000125A
0000125C
00001260
000012A4
000012A7
000012C5
000012C7
000012D3
000012E1
000012E4
000012F7
00001337
0000135F
00001362
00001365
00001390
000013A9
000013AD
000013BC
000013C5
000013DE
000013E2
000013F7
00001442
00001443
0000144D
0000148E
000014FB
00001534
00001549
0000155E
00001586
00001589
000015BE
000015D3
000015DC
000015E5
000015E8
00001612
0000169F
000016C0
000016CE
000016D1
0000170C
000017DD
000017E1
000017F9
00001814
0000185A
0000000A
00000012
00000015
00000018
0000001D
00000024
00000032
00000035
00000038
0000003B
00000042
00000044
00000046
00000047
00000058
00000064
0000006C
00000080
000000C9
000000CB
000000D1
000000DB
000000F6
00000103
00000109
00000115
00000129
0000012C
00000144
00000146
0000014E
00000159
00000160
00000161
00000167
0000016E
00000170
00000186
00000189
00000197
000001A4
000001D0
000001DB
000001DF
000001E5
000001F0
00000203
00000205
00000210
00000224
00000234
0000023F
00000244
00000246
00000257
0000025E
0000027E
0000028E
00000297
0000029F
000002A8
000002AA
000002AE
000002B2
000002D3
000002DA
000002F1
000002F6
000002F8
000002FB
00000326
00000328
00000337
00000340
00000343
0000035C
00000361
000003A6
000003AF
000003B4
000003D0
000003DD
000003E9
00000402
00000417
0000041C
0000041E
0000041F
00000469
0000048E
00000490
00000495
000004AF
00000507
0000050A
0000051C
0000052E
00000536
00000541
0000054C
00000557
00000566
00000568
0000056F
00000575
00000585
00000589
000005BE
000005E2
000005FF
00000601
00000619
00000632
00000667
00000683
00000696
000006ED
000006F8
000006FA
00000733
0000074F
000007A6
000007BF
000007F1
0000080E
00000842
00000850
00000858
0000086E
0000087A
000008AC
000008D0
00000908
0000090A
00000915
00000940
0000097D
00000989
00000998
000009AF
000009B2
000009B9
000009FB
00000A07
00000A0D
00000A46
00000A4B
00000A72
00000AB4
00000AC9
00000AD5
00000AE1
00000AE9
00000AEE
00000AF0
00000AF4
00000B1C
00000B2E
00000B32
00000B3E
00000B7A
00000B81
00000B87
00000BB9
00000C07
00000C26
00000C4B
00000C62
00000C91
00000C9F
00000CAC
00000CB0
00000CBC
00000CE3
00000D47
00000D6F
00000DA6
00000DCB
00000DE3
00000DED
00000DF2
00000E1B
00000E1D
00000E2F
00000E40
00000E6E
00000E70
00000E76
00000E9A
00000EB9
00000ED3
00000F35
00000F48
00000F7A
00000FC3
00000FC5
0000101E
00001086
00001098
000010CD
000010D0
000010DE
000010F4
0000110C
00001114
0000111C
00001127
00001141
00001147
00001188
000011DD
000011F0
000011FE
00001210
00001215
00001223
00001233
00001248
00001250
0000125F
00001267
00001272
00001292
0000129A
000012B6
000012E8
000012FF
00001328
0000133D
00001353
0000135B
0000137B
000013A5
000013AF
000013CD
000013F2
00001405
0000140C
00001424
00001427
00001436
0000144C
0000145C
00001464
00001474
0000148B
00001495
000014A4
000014A7
000014B2
000014D0
000014DB
000014E5
000014FE
00001535
0000154F
00001557
00001558
0000155B
00001567
00001568
00001577
00001582
00001583
0000159F
000015A1
000015A3
000015A8
000015AE
000015B2
000015BA
000015D0
000015EE
00001601
00001605
0000160A
0000160C
00001627
00001639
00001646
00001686
0000168A
0000168F
00001691
000016A9
000016AC
000016B2
000016EA
00001718
00001743
000017B4
000017C0
000017DA
000017E4
000017E9
000017EF
000017FB
00001800
00001801
00001806
0000184C
00000007
00000011
00000021
00000030
00000031
0000003F
00000059
0000005A
00000068
00000076
0000007E
00000081
00000084
00000099
0000009E
000000C4
000000DA
000000EA
0000011D
0000015B
00000163
00000178
0000017B
0000018E
0000019C
000001BD
000001D7
000001DE
000001E8
000001EC
000001F9
000001FF
00000208
00000209
0000021C
0000022D
00000255
00000264
00000282
000002B3
000002BD
000002D4
000002DC
000002EC
00000302
00000304
00000321
0000032D
0000033D
000003A5
000003BB
000003C2
000003C3
000003CF
000003E3
00000410
00000415
00000431
0000045C
000004A3
000004A8
000004EC
000004EF
00000514
00000527
0000053B
00000574
0000058E
0000063C
0000065B
000006A1
000006B4
000006D4
00000702
00000719
00000723
00000729
0000073A
000007AA
000007C6
000007CC
0000081D
00000871
00000874
000008B9
00000991
000009EA
00000A38
00000A63
00000A7E
00000ACE
00000B67
00000BB8
00000BCC
00000BDC
00000C59
00000C73
00000CEA
00000D22
00000D7B
00000DAD
00000DEA
00000E46
00000E48
00000E78
00000EBE
00000EC9
00000EF0
00000F5B
00000FD0
00001009
00001016
0000101C
00001024
00001029
0000103B
0000103E
00001072
000010B3
000010D7
000010D8
000010D9
000010E4
00001145
00001157
0000116C
00001195
000011E5
000011F3
00001230
00001251
0000125E
00001298
0000129D
000012AD
000012EE
000012FB
00001301
00001302
00001382
000013BA
000013DB
000013E4
000013E7
000013F0
00001403
0000142F
00001437
00001451
00001461
00001469
00001476
000014A0
000014CA
000014CD
000014E8
000014F6
000014F8
00001517
00001521
00001525
0000152A
0000152B
0000152E
00001539
0000156A
00001573
00001576
00001592
00001593
000015A5
000015A9
000015B7
000015C2
000015D5
00001603
0000160F
00001611
00001620
00001629
0000163C
00001643
00001645
0000164D
0000164E
00001650
00001655
0000165C
00001664
0000166A
0000166C
00001676
00001677
00001685
00001688
000016DB
00001706
000017C5
000017DF
000017E2
000017E5
000017F6
000017FF
0000180A
0000180E
00001815
0000184B
0000184F
00000009
00000010
0000002A
00000045
0000004E
0000008A
0000008C
000000A9
000000BB
000000BE
000000C8
000000EB
000000FE
00000102
00000117
0000011E
00000120
0000012E
0000014B
0000015D
0000015E
0000016F
00000191
00000199
000001AE
000001AF
000001B8
0000027F
00000281
000002A9
000002AC
000002BB
000002BC
000002D2
0000031F
0000032E
00000334
00000375
000003A9
000003B0
000003B5
000003C7
000003CC
000003DC
000003F5
000003FA
00000436
00000484
000004AA
000004B4
000004DD
000004FA
00000567
00000597
000005E3
00000603
000006E4
0000074E
00000765
00000769
00000803
00000825
00000831
00000883
00000899
00000965
000009C8
00000A92
00000B24
00000B51
00000BBB
00000C28
00000C93
00000E83
00000ED7
00000FCB
00000FCD
00001006
00001008
0000102A
00001090
000010FD
0000114F
00001162
000011BA
000011E1
00001232
00001238
00001244
00001286
0000128C
00001291
000012A9
000012D3
00001311
0000131A
000013B3
00001410
00001441
000014FA
00001507
00001509
0000150A
0000150E
00001518
0000151B
00001541
00001554
0000155E
00001574
00001575
00001586
00001588
0000158E
0000158F
00001590
000015AC
000015B0
000015B9
000015BE
000015E1
0000160B
00001613
00001628
0000163B
00001653
00001689
0000168D
0000169F
000016BE
000016C0
000016D1
000016EF
000016F3
00001702
00001736
00001739
0000174B
00001753
0000175D
00001763
00001775
00001786
000017D6
000017E0
000017E1
000017EA
000017F4
000017F9
00001825
0000182E
0000183F
00001841
00001843
00001848
00001866
00001868
0000001E
00000042
00000049
00000058
00000063
0000006C
00000080
000000A5
000000CD
000000DC
00000160
00000174
00000186
000001A4
000001B5
000001DB
00000234
00000235
00000257
000002C1
000002F7
000003EB
0000041C
00000475
00000495
000004F6
00000548
00000604
00000605
000006EE
00000715
0000075C
0000079D
000007CD
00000853
000008C4
00000902
0000091E
000009E7
00000A99
00000C3D
00000C70
00000C72
00000CED
00000D7C
00000E05
00000EBF
00000F56
00000F7A
00000FC3
00001086
0000109B
000010B0
000010C3
000010EB
0000110C
00001210
00001215
00001218
00001229
00001292
0000129A
000012E4
00001305
0000136C
0000140A
0000152C
0000157C
0000159F
00001634
00001646
00001670
00001687
00001696
000017C0
00000018
0000001D
00000024
00000043
00000099
000000D5
000000E6
00000163
00000188
0000019A
000001DF
000001E5
0000030E
0000032A
0000033E
0000039E
00000431
0000044D
000004F9
0000057A
0000058D
00000646
00000674
000006D9
000007FC
00000D43
00000F5E
00000FCC
0000127B
00001285
000013E7
00001472
00001515
00001538
00001549
00001576
00001582
000015A8
0000160C
00001639
000017AC
0000005E
0000006B
000000BD
000000C4
0000012E
00000133
00000144
0000016F
00000178
00000187
000001AF
000001CA
0000023B
000002A4
000003AD
000003E5
00000525
00000700
00000708
00000940
00000EA0
000010C6
00001230
0000137C
0000004E
0000019C
000001D7
000009FB
00000DEA
00000E6E
000010D0
000012C8
00001301
00001517
000017A8
00000081
00000208
0000021C
00000300
00000373
00000541
00000850
0000109B
000010B3
0000125E
000000C8
0000013B
0000016C
0000027F
0000031F
0000081D
00000E05
000010B0
00001568
00001573
000015A5
000015D5
00001706
00000045
000000E6
0000018E
000006D9
00000902
00000C72
00000C93
00000D7C
00000EBF
00000F35
000010FD
00001305
0000154F
000017E5
00000023
00000058
00000099
0000012C
00000178
0000019A
000001CC
000001DE
00000232
00000234
0000023C
000002AB
0000033E
00000D43
00000EA0
0000110C
00001230
00000102
00000120
00000185
00000281
00000297
000002EC
000006F1
0000131A
00001470
0000042A
00000902
00000EBF
00000023
0000013B
000001CC
00000234
000002AB
0000033E
000004CD
00000D43
00000D7C
00000E05
00001385
0000000E
00000079
000000E6
00000154
000006D9
0000127B
00001305
0000008C
00000178
00000187
00000232
000003DF
000004BA
00000525
00000940
00000EA0
00001230
0000137C
0000019C
000001D7
00000262
00000297
000002EC
00000405
0000058E
00000DAD
00000DEA
00000E6E
000010D0
00001301
00001362
000013CD
00001567
00001646
00001689
000017E2
0000180A
0000180E
0000185A
0000008A
000000A5
00000199
00000213
00000300
000004B4
000004FA
00000541
000006E4
00000850
000011BA
0000151B
00001586
000015BE
000015C2
00001605
00001627
0000169F
0000184B
00000024
00000058
00000059
0000006C
0000023D
00000965
00000E48
0000110C
00001292
00001532
0000004E
0000008C
00000B13
00000C33
00000CFA
00000DC6
00000DFB
00000E5B
00000F12
00000F15
00000F17
00000F1D
00000F2B
00000F63
00000F7D
00000FA7
00000FB5
00000FB7
00000FC2
00000FCA
00000FD4
00000FDA
00000FE1
00000FE8
00000FFD
00001000
0000100A
0000100B
0000100D
00001015
00001020
0000102B
00001044
00001047
0000104F
00001051
00001056
00001068
00001069
0000106C
00001071
00001075
00001079
0000107C
00001080
00001085
00001087
00001089
0000108A
0000108B
0000108E
00001094
00001095
000010E6
000011AA
00001221
00001266
0000128A
000012CA
000012EB
000012EC
000013BB
0000145F
00001467
0000146E
00001482
00001483
00001485
000014C1
000014CF
00001842
00001845
00001847
0000184E
00001851
00001852
00001857
0000185B
00001860
0000186C
0000186D
00001870
00001871
00001872
00001877
00001878
0000187B
0000187C
0000187F
00001881
00001882
00001883
0000001D
00000036
00000041
0000006D
0000006F
000000A9
000000B8
000000DE
00000105
00000138
0000013D
0000013F
00000148
00000152
0000017E
0000019E
0000019F
000001BA
000001C4
000001C5
000001FA
0000020A
0000022E
00000231
00000237
0000024F
0000026E
00000290
00000298
000002CC
000002D5
000002F5
000002FD
0000030D
00000317
0000034A
00000353
00000389
000003AE
000003D5
00000400
0000042E
0000048D
000004B5
000004BD
000004E8
00000526
000005A9
000005B3
000005D8
000005FC
00000651
0000065C
0000069A
000006BD
000006BE
0000071A
00000749
00000766
00000779
000007D6
00000805
00000813
00000817
00000849
00000872
000008AE
000008C5
000008CB
000008EE
0000091A
00000952
000009F3
00000AF5
00000B14
00000B2B
00000B2C
00000B30
00000BB0
00000BE5
00000BFA
00000D5E
00000E68
00001049
00001055
0000105D
00001097
000010A9
000010B8
000010C2
000010D2
000010D5
000010DB
0000110B
00001119
0000119F
000011A6
000011C5
000011C6
000011E3
00001203
00001239
0000123A
00001288
000012F4
000012F5
00001338
00001339
0000135F
000013DA
0000142D
00001453
000014A2
000014AA
000014AE
00000003
00000004
00000007
00000018
00000057
0000005A
00000073
0000009B
000000A1
000000AC
000000DA
000000FB
00000136
0000016E
0000017D
00000193
00000196
000001B4
000001CC
000001DD
000001E6
00000230
00000233
0000023C
0000024A
00000271
00000275
00000278
00000284
00000299
000002C0
000002DB
00000314
00000331
0000033E
00000354
0000035A
0000037E
00000395
000003CC
000003E2
000003EC
000003F7
00000409
00000548
0000054E
00000559
0000056C
00000573
00000575
000005AE
000005D3
000005EE
000005F2
0000061F
00000635
00000652
00000680
00000686
0000068D
00000690
000006B1
000006B9
00000701
00000714
0000071E
00000753
0000075D
00000786
0000078C
000007BB
000007BC
000007CA
000007CD
000007E5
000007F8
00000801
00000818
00000824
0000082E
00000844
00000877
00000898
000008BE
000008D6
000008E4
000008E9
00000903
00000907
0000091F
00000923
0000093F
00000943
0000094B
00000961
00000975
00000990
000009A2
00000A02
00000A06
00000A0C
00000A12
00000A2F
00000A4D
00000A69
00000A83
00000A97
00000B4D
00000B6D
00000B8D
00000BEC
00000C31
00000C50
00000C64
00000C66
00000C7A
00000C95
00000CB7
00000CBE
00000CC7
00000CC9
00000CDB
00000CE1
00000CF3
00000D00
00000D0E
00000D1A
00000D54
00000DF8
00000E27
00000E2E
00000E39
00000EE2
00000EE6
00000EF5
00000EF9
00000F2F
00000F37
00000F3A
00000F8B
00000FB6
000010F1
0000110C
0000111E
00001125
00001128
0000112E
00001137
00001138
00001172
0000119E
000011AB
000011DC
000011EA
000011ED
000011F4
00001217
0000122E
0000129F
000012C1
000012CF
000012F6
0000130C
0000130D
00001350
00001364
000013C3
00001410
00001413
00001426
00001427
00001454
00001455
00001456
0000148C
000014AD
000014E2
000014E8
000014EE
00001513
00001557
00001558
0000156F
00001581
000015A1
00001639
00001661
0000168A
0000168F
000017BB
000017D7
00001843
00000021
00000027
0000003B
0000003E
0000003F
0000004A
0000004D
00000054
00000059
00000061
00000065
00000067
00000088
00000092
00000093
0000009C
000000A7
000000BA
000000C4
000000CB
000000CD
000000EC
000000FC
0000010F
00000119
0000014A
0000015F
00000165
0000016A
00000178
00000188
000001A7
000001A8
000001B1
000001B2
000001CB
000001CE
000001D6
000001E8
000001FD
00000225
00000246
00000249
00000250
00000257
00000260
00000262
000002BB
000002CA
000002EF
0000035F
0000037F
0000039B
000003C6
00000434
00000442
00000467
00000476
00000488
000004B7
00000501
0000050B
0000052B
0000059B
000005A4
00000605
00000607
0000060F
0000063D
00000646
00000650
00000695
0000069C
000006A2
000006B8
000006E9
000006F9
0000070B
0000072C
0000074A
0000074B
0000074D
0000075F
00000765
00000767
00000781
000007B1
000007B7
000007C1
000007C9
000007E0
000007E7
000007F9
0000087D
0000088A
00000891
000008D5
000008DD
000008EB
00000914
00000922
00000956
000009BE
000009C7
000009D9
000009DE
000009F8
00000A16
00000A1B
00000A64
00000A8B
00000AA8
00000AE4
00000B15
00000B44
00000B5B
00000B93
00000BA6
00000BAF
00000BB7
00000BD7
00000C44
00000CB4
00000CF5
00000D16
00000DAD
00000DEA
00000E2C
00000E34
00000E7A
00000ED6
00000F8E
00001030
000010F3
00001139
0000115B
00001166
00001173
000011D4
00001209
00001258
00001268
00001270
00001276
000012E6
000012FA
00001309
0000131C
00001334
0000133B
0000133E
0000134B
0000134F
00001360
00001370
00001371
00001380
00001382
000013B7
000013C1
000013C2
000013C7
000013F1
00001420
0000146D
0000148B
0000149C
000014E0
000014F1
000014FB
00001509
0000152C
0000155A
0000157B
0000158A
0000158F
000015A0
000015B3
000015C2
0000168E
000017B6
000017D4
00001801
0000181D
00001841
0000184B
0000185D
0000001D
0000001E
00000024
00000029
00000030
00000043
00000049
0000004E
0000005E
0000006B
0000006C
0000006D
00000084
0000008A
00000094
00000099
000000A3
000000A5
000000AA
000000BB
00000104
00000133
0000015D
00000163
0000017F
00000187
00000199
000001A3
000001A6
000001AC
000001EA
000001F5
0000021B
0000029A
000002A1
000002AE
000002D2
000002E7
000002F7
00000300
00000319
0000031F
0000032B
00000337
00000364
0000038A
000003A4
000003A9
000003B2
000003E9
0000041D
0000044B
00000451
00000466
00000484
0000048E
000004A6
000004AC
000004AD
000004B4
000004C3
000004DF
000004F2
000004F9
000004FA
000004FC
00000529
0000053D
000005C0
000005C1
000005DA
000005E2
00000603
00000619
00000622
0000062F
00000640
00000692
0000069D
000006A0
000006A3
000006B2
000006B3
000006C3
000006DD
000006E0
000006F7
000006FB
000006FC
0000070A
00000724
00000726
0000072D
00000745
0000074E
0000076C
00000772
00000787
00000788
000007A3
000007ED
00000831
00000839
00000847
0000084D
00000864
00000869
00000889
0000089B
000008D2
000008F2
000008F9
0000091B
00000925
00000964
0000097B
00000988
000009BF
000009CE
000009E5
000009E9
000009F9
000009FB
00000A2B
00000A52
00000A5E
00000AA7
00000AD5
00000B08
00000B78
00000B7A
00000B95
00000B9B
00000BBB
00000BF6
00000C13
00000C2E
00000C73
00000C9E
00000CCE
00000CDD
00000DAA
00000DBD
00000DD8
00000DED
00000E41
00000E50
00000E73
00000E93
00000EBB
00000ECC
00000ED0
00000ED9
00000EEE
00000F0A
00000F28
00000F5C
00000F64
00000FAD
00000FC3
00000FC5
00001077
00001084
00001097
000010A5
000010AB
000010BE
000010DD
000010E9
000010ED
000010F0
000010F5
00001136
00001151
0000119D
000011C4
000011CF
000011D9
000011E0
00001208
00001238
00001240
00001243
0000124B
00001254
0000125A
0000125C
0000125F
00001260
00001267
000012A4
000012C5
000012E1
000012E4
000012F7
000012FB
0000132A
00001337
0000135F
00001365
000013BC
000013BF
000013C5
000013E2
000013F7
00001403
00001436
00001442
00001443
0000144D
0000150B
0000151B
00001549
00001582
00001586
0000159C
000015A8
000015BE
000015D0
000015D3
000015E5
000015E8
00001612
0000164E
0000169F
000017BC
000017DD
000017E4
000017F9
00001814
0000185A
0000000A
00000018
00000032
00000035
00000046
0000005A
00000064
0000007E
0000008B
000000A9
000000EB
00000109
00000115
00000117
00000129
0000014B
0000014E
00000160
00000161
0000017B
00000186
00000189
000001DB
000001E5
000001F0
00000244
0000025E
0000027E
0000028E
000002B2
000002DA
000002F1
00000328
00000361
000003B4
000003B5
000003C2
000003CC
000003D0
000003DC
000003F6
0000041C
0000041E
00000465
00000469
00000490
000004A1
00000507
0000050A
0000051C
00000525
0000052E
00000536
00000541
0000054C
00000568
00000589
000005FF
00000604
00000632
00000667
00000696
000006B4
00000708
00000733
00000737
00000741
0000074F
000007BF
000007EB
0000080E
00000825
00000858
0000085D
0000085E
0000086E
000008AC
000008C0
0000090A
00000912
00000915
00000940
0000097D
00000989
00000A07
00000A0D
00000A46
00000A72
00000A93
00000AB4
00000AC9
00000AE1
00000AE9
00000B2E
00000B3E
00000B67
00000B83
00000B87
00000BB9
00000C26
00000C91
00000CB0
00000CB3
00000CBC
00000CE3
00000CEA
00000D47
00000D5C
00000D6F
00000DA6
00000DCB
00000DD1
00000DF2
00000E1B
00000E40
00000E5E
00000E6E
00000E9A
00000ED3
00000F41
00000F48
00000F7A
00000F9D
0000101E
00001078
00001086
0000109A
000010D0
000010DE
0000110C
00001114
0000111C
0000114F
00001157
0000116C
000011BA
000011DD
000011F0
000011FE
00001215
00001225
0000122F
00001233
00001250
00001251
00001292
0000129A
000012A7
000012C7
0000133D
0000135B
00001362
000013A5
000013CD
000013F2
0000140C
0000145C
00001464
00001495
000014B2
000014DB
000014E5
000014E8
00001557
00001558
0000157D
00001583
000015B2
000015D9
0000160C
0000160F
00001627
00001634
00001639
0000168F
00001691
000016AC
000016CE
000016D1
000016DB
0000184C
00000011
00000015
00000019
00000021
00000038
00000044
00000047
00000048
0000004B
00000081
000000C4
000000C7
000000CB
000000E6
000000FC
0000011D
0000011E
0000012C
0000015E
0000016E
00000178
0000018E
0000019C
000001A4
000001D0
000001D7
000001DE
000001DF
000001FF
00000203
00000205
0000022D
000002B3
000002D4
00000304
00000321
0000032D
00000360
000003A5
000003C3
000003EC
00000410
00000417
00000431
0000045C
000004A3
00000514
0000056F
0000058D
0000058E
00000596
000005A8
0000065B
000006A1
000006F8
00000702
00000715
00000719
00000850
00000883
000008B9
000008BD
000008D0
00000965
000009C8
00000A32
00000A38
00000A63
00000A7E
00000A92
00000A9A
00000AF0
00000B1C
00000B72
00000C07
00000C4B
00000C59
00000C9F
00000D3C
00000DAD
00000DEA
00000E1D
00000EBE
00000EC9
00000F5B
00000FD0
00001082
00001096
000010D7
000010D8
000010D9
000011F3
00001218
00001248
00001272
00001301
00001353
0000137C
000013C6
0000142F
00001437
00001441
0000144C
00001451
00001469
000014A0
000014A4
000014CD
000014F6
00001509
00001521
0000152E
00001534
00001537
0000155E
00001567
0000156A
00001576
00001589
000015B0
00001605
00001621
00001635
00001645
00001646
00001661
0000166A
00001677
00001689
000016C0
00001718
000017E2
000017EF
0000180A
0000180E
0000184F
00000009
00000023
00000029
0000002A
0000003F
00000045
00000049
0000004E
00000058
00000059
00000063
0000008A
0000008C
00000099
000000AA
000000B2
000000C8
000000D9
000000DA
000000FE
00000102
00000120
0000015D
0000016F
00000191
00000199
000001AE
000001AF
000001B8
000001F4
00000224
00000255
0000027F
00000281
000002A2
000002A9
000002F8
00000300
0000032B
0000032E
00000334
000003C7
00000408
0000041D
00000436
0000047E
00000486
00000495
000004AA
000004B4
000004DD
000004EF
000004FA
00000527
00000567
00000575
00000597
000005E3
00000605
0000063C
000006E4
0000073A
0000074E
0000079D
00000810
0000081F
00000826
00000851
00000853
0000091E
00000991
00000A4B
00000AF4
00000B1E
00000B24
00000C70
00000CED
00000E31
00000E83
00000EEE
00000EF0
00000F5C
00000FC3
00001009
00001016
0000101C
00001024
00001029
0000103B
0000103E
00001072
000010CD
000010F4
00001127
00001216
00001229
00001230
00001232
00001238
0000125E
00001291
000012A9
000012E4
0000131A
00001382
000013B3
0000140A
000014F1
0000150A
00001518
0000152A
0000152B
0000152C
00001539
00001574
0000157C
00001586
00001592
00001593
00001596
000015B7
000015BE
000015C2
00001601
00001603
00001611
00001620
00001626
00001629
0000163C
00001643
0000164D
0000164E
00001650
00001655
0000165C
00001664
0000166C
00001676
00001685
00001688
000017C5
000017D1
000017E4
000017F4
000017FF
00001815
0000183F
00001841
0000184B
00000010
0000003B
00000064
0000006C
00000080
00000084
000000D5
00000109
0000010F
00000115
00000160
00000174
00000186
000001AA
000001DB
000001F0
00000234
00000235
00000257
000002EC
0000032A
000003A9
000003EB
000003F5
0000041C
0000042A
00000469
00000484
0000052E
0000054E
00000604
00000646
000006EE
00000765
00000902
000009CE
00000A4A
00000D7C
00000E05
00000E48
00000EBF
00000FCB
00001008
0000102A
0000109B
000010B0
000010C3
0000110C
0000116C
000011BA
00001215
0000129A
00001305
000013E4
000014A7
000014FF
00001507
0000150E
00001511
00001515
00001541
00001549
00001554
00001582
00001588
000015A8
000015AA
000015B1
000015D5
000015D6
000015D9
00001639
00001663
00001696
000016BE
000016EF
000016F3
00001739
0000174B
00001753
00001763
00001775
000017B3
000017C2
000017D6
000017E5
00001801
00001807
0000182E
00001866
00000018
0000001D
00000043
00000047
0000005E
000000E6
00000163
000001DF
000001E5
0000023B
000002D4
0000030E
0000030F
0000033E
00000361
00000431
0000044D
0000045C
000004A3
000004A6
0000058D
000006D9
00000700
00000726
0000081D
00000C07
00000D43
00000D7B
00000E65
00000E78
00000F5E
000010C6
000010E4
00001292
000012C8
00001302
0000159F
00001670
00001677
00001687
000017C0
00000058
00000081
000000C4
0000018E
00000208
000004AE
0000057A
00000760
000007E3
00000899
000008B9
00000C28
00000EA0
000010B3
00001230
0000125E
000013E7
000000C8
0000016C
0000027F
00000E05
0000127B
0000000E
00000045
00000079
000000E6
00000154
000003DF
000006D9
00000902
00000D7C
00000EBF
00001305
00000023
0000012C
0000013B
0000016F
00000187
000001CC
00000234
0000023C
000002AB
0000033E
00000405
00000446
000004BA
00000525
00000D43
00000EA0
00001096
000010C1
00001230
0000137C
0000008C
000001E3
000002A2
0000037F
00000A38
00000BF6
00000E30
000014F1
00001562
00001596
0000001D
00000024
00000059
0000005A
00000B13
00000C33
00000CFA
00000DC6
00000DFB
00000E5B
00000E68
00000F15
00000F17
00000F1D
00000F63
00000F7D
00000FA7
00000FB5
00000FC2
00000FCA
00000FDA
00000FE1
00000FE8
00000FFD
00001000
0000100A
0000100B
0000100D
00001015
00001020
0000102B
00001044
00001047
0000104F
00001051
00001055
00001056
00001068
00001069
0000106C
00001071
00001075
00001079
0000107C
00001080
00001085
00001087
00001089
0000108A
0000108B
0000108E
00001094
00001095
000010E6
000011AA
00001221
0000123A
00001266
0000128A
000012CA
000012EB
000012EC
000013BB
0000145F
00001467
0000146E
00001482
00001483
00001485
000014CF
00001842
00001845
00001847
0000184E
00001851
00001852
00001857
0000185B
00001860
0000186C
0000186D
00001871
00001872
00001877
00001878
0000187B
0000187C
0000187F
00001881
00001882
00001883
00000036
00000041
0000006D
0000006F
000000A9
000000B8
000000DE
00000105
00000138
0000013D
0000013F
00000148
00000152
0000017E
00000193
0000019F
000001BA
000001C4
000001C5
000001FA
0000020A
00000231
00000237
0000024F
0000026E
00000271
00000290
00000298
000002CC
000002D5
000002F5
000002FD
0000030D
00000317
0000034A
00000353
00000389
000003AE
000003D5
00000400
0000042E
0000043D
0000048D
000004B5
000004BD
000004E8
00000526
00000548
000005A9
000005B3
000005D8
000005FC
00000621
00000651
0000065C
0000069A
000006BE
0000071A
00000749
00000766
000007D6
00000805
00000813
00000817
00000849
00000872
000008AE
000008CB
000008EE
0000091A
00000952
000009F3
00000AF5
00000B14
00000B2B
00000B2C
00000B30
00000B55
00000BB0
00000BE5
00000BFA
00000D5E
00000EE2
00000F12
00000F2B
00000FB7
00000FD4
00001049
0000105D
00001097
000010A9
000010B8
000010C2
000010D2
000010D5
000010DB
0000110B
00001119
0000119F
000011C5
000011C6
000011E3
00001203
00001239
00001288
000012F4
000012F5
00001338
00001339
0000135F
000013DA
0000142D
00001453
000014A2
000014AA
000014AE
000014C1
00001870
00000003
00000004
00000007
00000018
0000001D
00000030
0000003B
0000003F
0000004D
00000057
00000073
0000009B
000000A1
000000AC
000000CC
000000DA
000000FB
00000119
00000136
0000016E
0000017D
00000196
000001CC
000001DD
000001E6
00000230
00000233
0000023C
0000024A
00000275
00000278
00000284
00000299
000002C0
000002DB
00000314
00000331
0000033E
00000354
0000035A
0000037E
00000395
000003CC
000003E2
000003EC
000003F7
0000050B
00000537
00000559
00000573
00000575
000005A6
000005AE
000005EE
000005F2
0000061F
00000635
00000652
00000680
00000686
0000068D
00000690
000006B1
000006B9
000006BD
00000701
00000714
0000071E
00000753
0000075D
00000779
00000786
0000078C
0000079A
000007A1
000007B6
000007BB
000007BC
000007CD
000007E5
000007E9
000007F8
00000801
00000818
0000082E
00000844
00000877
00000898
000008BE
000008C5
000008D6
000008E4
000008E9
00000903
00000907
0000091F
00000923
00000928
0000092B
00000943
0000094B
00000961
00000975
00000990
000009A2
000009F8
00000A02
00000A04
00000A06
00000A0C
00000A2F
00000A4D
00000A69
00000A97
00000B4D
00000B6D
00000B8D
00000BEC
00000C31
00000C50
00000C64
00000C66
00000C7A
00000C95
00000CB7
00000CC7
00000CC9
00000CDB
00000CE1
00000CF3
00000D00
00000D0E
00000D1A
00000D3B
00000DA7
00000DF8
00000E27
00000E2E
00000E39
00000EE6
00000EF5
00000EF9
00000F2F
00000F37
00000F3A
00000F8B
00000FB6
000010F1
0000110C
0000111E
00001125
00001128
0000112E
00001137
00001138
00001172
0000119E
000011A6
000011AB
000011DC
000011EA
000011ED
000011F4
000011F7
00001217
0000122E
0000129F
000012C1
000012CF
000012F6
0000130C
0000130D
0000134F
00001350
00001364
000013C3
000013EC
00001410
00001413
00001426
00001427
00001454
00001455
00001456
0000145D
0000148C
000014AD
000014E2
000014E8
000014EE
00001513
00001557
00001558
0000156F
00001581
000015A1
000015D0
00001639
00001661
0000168A
0000168F
000017BB
000017D7
00001843
00000021
00000027
0000003E
00000054
00000059
0000005A
00000061
00000065
00000067
00000076
00000088
00000092
00000093
0000009C
0000009E
000000A7
000000B9
000000BA
000000C4
000000C5
000000CB
000000EC
000000FC
0000014A
0000015F
00000165
0000016A
00000178
00000188
000001A7
000001A8
000001B1
000001B2
000001B3
000001CB
000001CE
000001D6
000001E8
000001FD
00000225
00000246
00000249
00000250
00000260
00000262
000002BB
000002EF
00000334
0000039B
0000039F
000003B2
000003C6
000003F4
000003FF
00000409
0000041A
00000422
00000434
00000442
00000467
00000476
00000488
00000497
000004B7
000004E3
00000501
0000052B
0000054E
0000059B
000005A4
000005C0
00000605
00000607
0000060F
0000063D
00000646
00000650
00000695
0000069C
000006A2
000006A3
000006B8
000006DD
000006E9
000006F7
000006F9
000006FF
00000745
0000074A
0000074B
0000074D
0000075F
00000763
00000765
00000767
00000781
000007B1
000007B7
000007C1
000007C9
000007CA
000007E0
000007E7
000007F4
000007F9
00000806
0000087A
0000087D
0000088B
00000891
000008A5
000008D5
000008DD
000008DF
000008EB
00000914
0000091B
00000920
00000922
00000956
00000968
0000099C
000009B8
000009BE
000009C7
000009D9
000009DE
000009E8
000009E9
00000A16
00000A1B
00000A27
00000A3B
00000A64
00000A6F
00000A8B
00000AA8
00000AB0
00000AC1
00000ACD
00000ADA
00000B07
00000B0A
00000B15
00000B44
00000B5B
00000B78
00000BA6
00000BAF
00000BB7
00000BBB
00000BC4
00000BD7
00000C16
00000C3E
00000C44
00000C99
00000CAA
00000CB4
00000CC8
00000CF5
00000D16
00000D56
00000D90
00000DAD
00000DEA
00000E25
00000E2C
00000E34
00000EB0
00000ED6
00000EE4
00000EF2
00000F8E
00000FD9
00001030
000010ED
000010F3
000010FB
00001139
0000114D
0000115B
00001166
00001173
000011CF
000011D4
00001200
00001209
00001258
00001268
00001270
00001276
000012E6
000012EE
000012FA
00001309
0000131C
00001334
0000133B
0000133E
0000134B
00001355
00001360
00001370
00001371
00001380
00001382
00001389
0000139C
000013B7
000013BF
000013C1
000013C2
000013C7
000013DB
000013E0
000013F1
00001402
0000146D
0000149C
000014E0
0000152C
0000155A
00001575
0000157B
0000158A
0000158F
000015A0
000015C2
0000160F
0000168E
000017B6
000017C1
000017E0
000017EA
00001841
0000184B
0000185D
0000187A
00000015
0000001A
0000003C
00000049
0000004E
0000005E
0000006B
0000006D
00000077
00000084
0000008A
00000094
000000A3
000000AA
000000AF
000000BB
000000C7
000000CD
00000104
0000010F
00000133
0000015B
0000015D
00000179
0000017F
00000187
00000199
000001A3
000001A6
000001AC
000001C7
000001EA
000001F5
00000205
0000021B
0000029A
0000029B
000002A1
000002AE
000002BD
000002BF
000002D2
000002D4
000002E7
000002F7
00000300
00000302
00000319
0000031F
00000328
0000032B
00000337
00000362
00000364
0000037A
0000038A
000003A4
000003AF
000003E4
000003E9
000003F6
00000403
00000405
0000041D
00000451
00000458
0000045A
00000465
00000466
00000478
00000484
0000048E
000004A1
000004AC
000004AD
000004B4
000004C3
000004CF
000004D6
000004DC
000004DF
000004F2
000004F9
000004FA
000004FC
0000053D
000005B2
000005BE
000005C1
000005DA
000005E2
00000603
00000622
00000625
0000062F
00000654
00000679
00000692
0000069D
000006A0
000006B2
000006B3
000006C3
000006D5
000006E0
000006F6
000006FB
000006FC
000006FD
0000070A
0000072C
0000072D
00000738
0000074E
0000076C
00000772
0000077E
00000787
00000788
000007D8
000007DE
000007EB
000007ED
000007F1
00000831
00000839
00000842
00000847
0000084D
00000859
00000864
00000869
00000889
0000088A
0000089B
000008AA
000008C8
000008D2
000008E0
000008ED
000008F2
000008F9
00000912
00000915
00000925
00000940
00000964
0000096E
0000097B
00000983
00000988
000009B9
000009CE
000009E5
000009F9
000009FB
00000A2B
00000A52
00000A5E
00000A7A
00000AA7
00000AB3
00000AD5
00000AED
00000B08
00000B32
00000B35
00000B67
00000B68
00000B79
00000B83
00000B93
00000B95
00000B9B
00000BCF
00000BF6
00000C13
00000C2E
00000C3A
00000C5B
00000C73
00000C9E
00000CB1
00000CC6
00000CCE
00000CDD
00000D1D
00000D3C
00000D4E
00000D5C
00000DBD
00000DD8
00000DE9
00000E32
00000E41
00000E50
00000E70
00000E73
00000E76
00000E93
00000EBB
00000ECC
00000ED0
00000ED9
00000EEE
00000F0A
00000F28
00000F39
00000F5C
00000F64
00000F7A
00000FBE
00000FC3
00001084
00001086
000010A5
000010AB
000010BE
000010C0
000010DD
000010E9
000010EE
000010F0
000010F5
00001107
0000111D
00001136
0000113F
00001151
00001162
0000119D
000011A0
000011C4
000011D9
000011E0
00001201
00001238
00001240
0000124B
00001254
0000125C
0000125F
00001260
00001267
000012A4
000012B1
000012B3
000012BC
000012C5
000012D3
000012E1
000012E4
000012F3
000012FB
00001322
0000132A
00001337
0000135F
00001365
00001383
0000138F
000013BC
000013C5
000013DE
000013E2
000013F7
00001403
0000140A
0000141B
00001436
00001442
00001443
000014A7
000014EC
000014F1
0000151B
00001534
00001549
0000155E
0000157F
00001586
00001589
000015BE
000015D3
000015DC
000015E5
000015E8
00001649
0000164E
0000169F
000017DD
000017E4
000017F9
00001814
0000000A
0000000E
00000018
00000019
0000001D
00000024
00000029
00000030
00000032
00000035
0000003B
00000044
00000046
00000047
0000004F
00000058
00000064
0000006C
0000007E
0000008B
0000008C
00000099
000000D9
000000EB
000000F6
00000109
00000115
00000118
00000129
0000012C
0000014B
0000014E
00000159
00000160
00000161
0000016E
00000170
0000017B
00000186
00000189
0000018E
00000192
0000019C
000001D0
000001D7
000001DB
000001F0
000001FF
00000210
0000022D
0000023F
00000244
00000255
00000257
0000025E
0000027E
0000028E
00000297
000002A8
000002B2
000002DA
000002F1
000002FB
0000035C
00000361
0000037F
00000384
000003A9
000003B4
000003B5
000003D0
000003DC
000003ED
00000417
0000041C
0000041F
00000469
00000490
00000491
000004A5
000004AA
000004AF
000004BA
000004E1
00000507
0000050A
0000051C
00000525
0000052E
00000536
0000054C
00000553
00000557
0000055E
00000568
0000056D
00000586
00000589
00000596
0000059A
000005E3
000005FF
00000604
00000619
00000632
0000064A
00000667
0000066B
00000696
000006B4
000006D6
000006ED
000006F8
00000715
00000726
00000737
0000074F
000007A6
000007BF
0000080E
0000081B
0000081F
00000825
0000086E
00000874
00000883
000008AC
000008B9
000008C0
0000090A
0000091E
0000097D
00000989
00000998
000009EA
00000A07
00000A0D
00000A39
00000A46
00000A4B
00000A72
00000A92
00000AB4
00000AC9
00000AE1
00000AE9
00000AEE
00000AF0
00000AF4
00000B1C
00000B2E
00000B3E
00000B51
00000B54
00000B81
00000B87
00000B91
00000BB9
00000C07
00000C1F
00000C26
00000C4B
00000C62
00000C91
00000C9F
00000CB0
00000CB3
00000CBC
00000CEA
00000D47
00000DA6
00000DAB
00000DCB
00000DD1
00000DE3
00000DED
00000DF2
00000E1B
00000E1D
00000E2F
00000E40
00000E6E
00000E9A
00000EB9
00000ED3
00000F48
00000F9D
00000FC5
0000101E
00001074
00001078
00001096
00001097
00001098
000010D0
000010DE
000010EB
000010F4
0000110C
00001116
00001117
00001118
0000111C
00001127
00001134
00001147
0000114F
0000116B
0000116C
00001178
00001188
000011BA
000011DD
000011E1
000011F0
000011FE
00001215
00001216
00001225
0000122F
00001233
00001250
0000125A
00001263
0000126F
00001272
00001291
00001292
000012A7
000012B6
000012C7
000012E8
000012FF
00001301
00001328
0000133D
0000135B
00001362
0000136C
0000137C
000013A5
000013AE
000013CD
000013F2
00001405
0000140C
00001424
0000142B
0000143C
0000144C
0000145C
00001464
00001495
000014A4
000014B2
000014DB
000014E5
000014E8
0000151F
00001557
00001558
00001559
00001567
00001576
00001582
000015A1
000015A8
000015B2
000015B3
000015B9
000015D0
000015D9
00001601
0000160C
00001635
00001639
00001646
00001661
00001686
0000168A
0000168F
00001692
000016AC
000016B2
000016CE
000016D1
000016EA
00001771
0000177E
000017B4
000017D6
000017E1
000017E2
000017E9
000017EF
000017FB
00001800
0000180A
00001843
0000184C
0000185A
00000011
0000001E
00000021
00000023
00000031
00000038
00000043
00000059
0000005A
00000063
00000076
00000081
00000093
0000009E
000000A5
000000A9
000000B9
000000C4
000000C5
000000CB
000000DA
000000E6
000000FC
0000011D
0000011E
00000163
0000016A
000001A4
000001AA
000001AE
000001BD
000001DE
000001E5
00000203
00000209
000002A2
000002DC
00000304
00000321
0000032D
00000334
00000343
0000038E
000003A5
000003B7
000003C2
000003C3
000003CC
000003DD
00000402
00000408
00000410
00000415
00000431
00000432
0000045C
0000046D
00000486
000004A3
000004A6
000004DD
000004EF
00000514
00000527
0000053B
00000541
0000056F
00000575
0000058D
0000058E
00000597
0000065B
000006A1
000006CC
000006E4
00000702
00000719
00000765
0000078C
000007D2
00000810
00000850
0000085D
0000088E
000008A9
000008B0
000008BD
000008D0
00000991
000009C8
00000A34
00000A38
00000A7E
00000A83
00000A93
00000A9A
00000BB8
00000BBB
00000C00
00000C28
00000C3D
00000C59
00000C93
00000CE3
00000D40
00000D6F
00000D7B
00000E48
00000E78
00000EBE
00000EC9
00000ED5
00000EF0
00000F5B
00000FD0
00001009
00001010
0000101C
00001072
00001082
000010D7
000010D8
000010D9
00001145
00001195
0000119A
000011F3
00001207
00001218
00001230
00001251
00001286
000012D4
000012FA
00001302
00001311
00001353
00001382
000013B3
000013C6
000013DB
00001404
0000142F
00001437
00001441
00001451
00001469
000014A0
000014CD
000014D2
000014F6
000014F8
00001515
00001518
00001521
00001525
0000152A
0000152B
0000152E
00001537
0000156A
00001574
00001575
0000157D
00001583
00001596
000015A9
000015B0
000015B1
000015C2
000015D5
000015F0
00001603
0000160F
00001620
00001627
00001629
00001631
0000163C
00001643
00001647
0000164D
00001650
00001655
00001664
0000166A
0000166C
00001676
00001677
00001688
00001689
00001718
000017A8
000017BB
000017E0
000017E5
000017EA
000017F4
000017FF
00001801
0000180E
0000183F
00001841
0000184A
0000184B
00000009
00000012
0000002A
0000003F
00000045
00000049
0000004E
0000006B
00000084
0000008A
000000C8
000000CD
000000FE
00000102
00000117
00000120
00000158
0000015F
0000016F
000001AF
0000027F
00000281
000002EC
0000032E
000003BB
000003C7
000003E3
000003F5
0000041D
00000436
00000475
00000484
00000495
000004F6
000004F7
00000567
00000579
00000584
00000605
0000063C
00000646
000006EE
0000073A
0000074E
0000079D
000007CC
000007E3
00000853
00000871
0000089B
00000965
000009CE
00000B1E
00000B24
00000B67
00000B6A
00000C70
00000C72
00000CED
00000DA5
00000DAD
00000DEA
00000E31
00000E82
00000E83
00000EB4
00000ED7
00000EEE
00000F56
00000F5C
00000F7A
00000FC3
00000FCB
00001006
00001008
00001024
00001029
0000102A
0000103B
0000103E
00001086
000010CD
0000118A
00001229
00001232
00001243
00001244
00001258
0000125E
0000128C
0000129A
000012A8
000012A9
000012D3
000012E4
0000131A
000013DA
000013F0
0000140A
00001476
00001504
00001507
0000150A
0000150E
00001511
0000151B
0000152C
00001539
00001541
00001549
0000154F
00001554
0000155E
00001568
0000158F
00001593
0000159F
000015B7
000015C7
000015D6
00001612
0000161C
00001621
00001628
0000163F
00001645
0000164E
00001685
0000168D
00001691
00001696
000016AB
000016C0
000016EB
000016EF
000016F3
00001702
00001706
00001736
00001739
0000174B
00001753
0000175D
00001775
00001786
000017AC
000017AE
000017B8
000017D4
000017E4
000017F2
000017F9
00001806
0000182E
0000184F
00001866
00000007
00000010
00000024
0000002B
00000058
00000068
0000006C
00000099
0000010F
00000115
00000159
0000015D
00000160
00000191
0000019A
000001C5
000001DB
00000224
00000234
00000235
000002F4
00000300
0000032A
0000032B
000003EB
0000042A
00000469
000004FA
0000052E
000005A1
00000644
000007AA
0000081D
00000902
00000908
00000A4A
00000BF6
00000D7C
00000E05
00000EBF
0000109B
000010B0
000010C3
000010FD
0000116C
00001215
00001305
000013E4
0000148B
000014FF
00001509
00001576
0000157C
00001586
0000159C
000015AA
000015BE
000015D9
000015F4
00001634
00001653
00001670
00001687
000016BE
0000171A
00001795
000017BC
000017C0
000017C2
0000000E
00000023
00000038
0000005E
0000007E
000000BD
000000D5
000000E6
00000208
0000023B
000002D2
0000033E
00000361
0000044D
0000045C
000004A3
000006D9
00000700
00000883
00000A7E
00000BBB
00000C07
00000D43
00000E48
00000F5E
000010C6
000011BA
00001285
00001292
000012C6
000012C8
00001301
00001472
000014F6
00001567
000017DD
00001814
00000081
0000012C
0000015E
0000019C
000001D7
0000021C
000002A4
000002A9
000002BC
0000030F
0000031F
000004BA
0000057A
00000708
00000DAD
00000DEA
00000EA0
00001230
0000125E
00001268
00001362
000017DF
000017E2
0000008A
000000C8
0000013B
0000018E
0000027F
00000300
000003B0
000004B4
000004FA
00000541
00000850
00000940
000009FB
00000B7A
00000E05
000010C5
0000127B
00001337
00001517
00001586
000015BE
000015C2
00001605
00001627
0000169F
00001804
0000184B
0000000E
00000011
00000018
0000004E
00000059
0000006C
00000079
00000080
000000E6
00000154
0000016F
000001AF
0000039E
000003DF
000004CD
000004EF
000006D9
00000902
00000AB4
00000D7C
00000E6E
00000EBF
000010D0
0000110C
000011BA
00001301
00001302
00001305
00001469
000015D5
00001646
00001689
000017E5
0000180A
0000180E
0000185A
00000023
00000045
00000058
0000008C
000000C4
00000101
0000016C
00000187
000001B7
000001CA
000001CC
000001E3
00000232
00000234
0000023C
000002AB
0000033E
000004BA
00000525
00000733
0000081D
00000D43
00000EA0
000010C1
00001230
0000137C
0000154F
000015B0
0000005A
00000297
000002EC
00000899
000017DA
00000B13
00000C33
00000CFA
00000DC6
00000DFB
00000E5B
00000E68
00000F12
00000F15
00000F17
00000F1D
00000F2B
00000F63
00000F7D
00000FA7
00000FB5
00000FB7
00000FC2
00000FCA
00000FD4
00000FDA
00000FE1
00000FE8
00000FFD
00001000
0000100A
0000100B
0000100D
00001015
00001020
0000102B
00001044
00001047
0000104F
00001051
00001055
00001056
00001068
00001069
0000106C
00001071
00001075
00001079
0000107C
00001080
00001085
00001087
00001089
0000108A
0000108B
0000108E
00001094
00001095
000010E6
000011AA
00001221
00001266
0000128A
000012CA
000012EC
000013BB
0000145F
00001467
0000146E
00001482
00001483
00001485
000014C1
000014CF
00001842
00001845
00001847
0000184E
00001851
00001852
00001857
0000185B
00001860
0000186C
0000186D
00001870
00001871
00001872
00001877
00001878
0000187B
0000187C
0000187F
00001881
00001882
00001883
00000036
00000041
0000006D
0000006F
000000A9
000000B8
000000DE
00000105
00000138
0000013D
0000013F
00000148
00000152
0000017E
0000019F
000001BA
000001C4
000001C5
000001FA
0000020A
00000231
00000237
0000024F
0000026E
00000271
00000290
00000298
000002B9
000002CC
000002D5
000002F5
000002FD
0000030D
00000317
0000034A
00000353
00000389
000003AE
000003D5
00000400
0000042E
0000048D
000004B5
000004BD
000004E8
00000526
00000548
000005A9
000005B3
000005D8
000005FC
00000621
00000651
0000065C
0000069A
000006BE
0000071A
00000749
00000766
00000779
000007D6
00000805
00000813
00000817
00000843
00000849
00000872
000008AE
000008C5
000008CB
000008EE
0000091A
00000952
000009F3
00000AF5
00000B14
00000B2B
00000B2C
00000B30
00000B55
00000BB0
00000BE5
00000BFA
00000D5E
00000EE2
00001049
0000105D
00001097
000010A9
000010B8
000010C2
000010D2
000010D5
000010DB
0000110B
00001119
0000119F
000011A6
000011C5
000011C6
000011E3
00001239
0000123A
00001288
000012EB
000012F4
000012F5
00001338
00001339
0000135F
000013DA
0000142D
00001453
000014A2
000014AA
000014AE
00000003
00000004
00000007
0000001D
00000030
0000003F
00000057
00000073
00000093
0000009B
000000AC
000000CC
000000DA
000000FB
00000136
0000016E
0000017D
00000193
00000196
000001CC
000001DD
000001E6
00000230
00000233
0000023C
0000024A
00000275
00000278
00000284
00000299
000002C0
000002DB
00000314
00000331
0000033E
00000354
0000035A
0000037E
00000395
000003CC
000003E2
000003EC
000003F7
00000409
00000491
00000537
0000054E
00000559
00000573
00000575
000005AE
000005D3
000005EE
000005F2
0000061F
00000635
00000652
00000680
00000686
0000068D
00000690
000006B1
000006B9
000006BD
00000701
00000714
0000071E
00000753
0000075D
00000786
0000078C
0000079A
000007A1
000007B6
000007BB
000007BC
000007CA
000007CD
000007E5
000007E9
000007F8
00000801
00000818
00000824
0000082E
00000844
00000877
00000898
000008BE
000008D6
000008E4
000008E9
00000903
00000907
0000091F
00000923
00000928
0000092B
0000093F
00000943
0000094B
00000961
00000975
00000990
000009A2
000009F8
00000A02
00000A04
00000A06
00000A0C
00000A12
00000A2F
00000A4D
00000A69
00000A97
00000B4D
00000B6D
00000B8D
00000BEC
00000C31
00000C50
00000C64
00000C66
00000C7A
00000C95
00000CB7
00000CBE
00000CC7
00000CC9
00000CDB
00000CE1
00000CF3
00000D00
00000D0E
00000D1A
00000D3B
00000D54
00000DF8
00000E27
00000E2E
00000E39
00000EE6
00000EF5
00000EF9
00000F2F
00000F37
00000F3A
00000F8B
00000FB6
000010F1
0000110C
0000111E
00001125
00001128
0000112E
00001137
00001138
00001172
0000119E
000011AB
000011DC
000011EA
000011ED
000011F4
00001217
00001223
0000122E
0000129F
000012C1
000012CF
000012F6
0000130C
00001350
00001364
000013C3
00001410
00001413
00001426
00001427
00001454
00001455
00001456
0000145D
0000148C
000014AD
000014E2
000014E8
000014EE
00001513
00001557
00001558
0000156F
00001581
000015A1
000015D0
00001639
00001661
0000168A
0000168F
000017BB
000017D7
00001843
00000018
00000021
00000027
0000003B
0000003E
0000004D
00000054
00000059
0000005A
00000061
00000065
00000067
0000006B
00000076
00000084
00000088
00000092
00000094
0000009C
0000009E
000000A1
000000A7
000000B9
000000BA
000000BB
000000C5
000000CB
000000CD
000000EC
000000FC
0000010F
00000119
0000014A
0000015F
00000165
0000016A
00000178
00000188
000001A7
000001A8
000001B1
000001B2
000001B3
000001CB
000001D6
000001E8
000001FD
00000209
0000021B
00000225
00000246
00000249
00000250
00000257
00000260
00000262
000002BB
000002EF
0000032B
00000334
0000037F
0000039B
0000039F
000003C6
000003F4
0000041A
0000041D
00000422
00000430
00000434
00000442
00000466
00000467
00000476
00000488
00000497
000004B7
000004C3
000004E3
00000501
0000050B
0000052B
0000059B
000005A4
000005C0
000005DA
00000603
00000605
00000607
0000060F
0000063D
00000646
00000650
00000695
0000069C
000006A2
000006A3
000006B8
000006E9
000006F7
000006F9
000006FF
0000072C
0000073B
0000074A
0000074B
0000074D
0000075F
00000763
00000765
00000767
0000076C
00000781
00000787
000007B1
000007B7
000007C1
000007C9
000007E0
000007E7
000007ED
000007F4
000007F9
00000806
0000084D
00000859
00000862
0000087A
0000087D
0000088A
0000088B
00000891
0000089B
000008A5
000008D5
000008DD
000008DF
000008EB
00000914
0000091B
00000922
00000956
00000968
0000097B
00000993
000009B8
000009BE
000009C7
000009D9
000009DE
000009E8
000009E9
00000A16
00000A1B
00000A27
00000A3B
00000A64
00000A6F
00000A8B
00000AA8
00000AB0
00000AC1
00000B07
00000B0A
00000B15
00000B44
00000B78
00000B93
00000BA6
00000BAF
00000BB7
00000BBB
00000BC4
00000BD7
00000C16
00000C3E
00000C44
00000C99
00000CAA
00000CB4
00000CBC
00000CC8
00000CF5
00000D16
00000D56
00000D90
00000DAD
00000DEA
00000E2B
00000E2C
00000E34
00000E7A
00000EB0
00000ED6
00000F8E
00001030
000010ED
000010F3
000010FB
00001136
00001139
0000114D
0000115B
00001166
00001173
000011D4
00001200
00001209
0000122F
00001258
00001268
00001270
00001276
000012E6
000012FA
000012FB
0000130D
0000131C
0000132A
00001334
0000133B
0000133E
0000134B
0000134F
00001360
00001370
00001371
00001380
00001382
00001389
00001393
0000139C
000013AE
000013B7
000013BF
000013C1
000013C2
000013C6
000013C7
000013DB
000013F1
00001402
00001420
0000146D
0000148B
0000149C
000014E0
000014F1
000014FB
00001509
0000152C
0000152F
00001534
0000155A
00001574
00001575
0000157B
0000158A
0000158E
0000158F
000015A0
000015C2
0000160F
00001647
0000168E
000017B6
000017C1
000017D4
000017E0
000017EA
00001801
0000181D
00001841
0000184B
0000185D
0000187A
0000001A
00000024
00000029
00000043
00000049
0000004E
0000005E
00000066
0000006C
0000006D
00000077
0000007E
00000083
0000008A
0000008C
000000A3
000000A5
000000AA
000000AF
000000C4
000000C7
000000CF
00000104
00000115
00000133
0000015D
00000163
00000179
0000017F
00000187
00000199
000001A3
000001A6
000001AC
000001C7
000001EA
000001F0
000001F5
00000205
00000213
00000269
0000029A
000002A1
000002AE
000002BF
000002D2
000002D4
000002E7
000002F7
000002FB
00000300
0000030E
00000319
0000031F
00000328
00000337
00000361
00000362
00000364
0000037A
0000038A
000003A4
000003A9
000003B2
000003E4
000003E9
000003F6
00000403
00000405
0000043B
00000451
0000045A
00000463
00000465
00000469
00000478
00000484
0000048E
000004A1
000004A5
000004A6
000004AC
000004AD
000004B4
000004CF
000004D6
000004DC
000004DD
000004F2
000004F5
000004F9
000004FA
000004FC
00000507
0000050A
0000053D
00000553
00000568
00000596
000005B2
000005BE
000005C1
000005E2
000005FF
00000619
00000622
00000625
0000062F
00000632
00000640
00000692
00000696
0000069D
000006A0
000006B2
000006B3
000006C3
000006D5
000006E0
000006F6
000006FB
000006FC
0000070A
00000726
0000072D
00000738
0000074E
0000074F
00000772
0000077E
00000788
000007A3
000007BF
000007DE
000007EB
000007F1
00000831
00000839
00000847
00000864
00000869
0000086E
00000883
00000889
000008AA
000008D2
000008E0
000008F2
000008F9
0000090A
00000912
00000915
00000920
00000925
00000940
00000964
0000096E
00000988
0000099C
000009B9
000009CE
000009E5
000009F9
00000A2B
00000A46
00000A4B
00000A52
00000A5E
00000A7A
00000A92
00000AA7
00000AB4
00000ABE
00000AD5
00000ADA
00000AE1
00000AE9
00000B08
00000B32
00000B35
00000B5A
00000B67
00000B95
00000B9B
00000BB9
00000BCF
00000BF6
00000C13
00000C26
00000C2E
00000C3A
00000C5B
00000C73
00000C91
00000C9E
00000CB0
00000CC3
00000CCE
00000CDD
00000D1D
00000D47
00000D5C
00000DA6
00000DAA
00000DAB
00000DBD
00000DD8
00000DE9
00000DED
00000DF2
00000E40
00000E41
00000E50
00000E6E
00000E73
00000E93
00000EB9
00000EBB
00000ECC
00000ED0
00000ED3
00000ED7
00000ED9
00000EEE
00000F0A
00000F28
00000F39
00000F47
00000F48
00000F5C
00000F64
00000F7A
00000FC3
00000FC5
00001077
00001078
00001084
00001086
00001097
000010A5
000010AA
000010AB
000010BE
000010C0
000010D0
000010DD
000010DE
000010E9
000010EE
000010F0
000010F4
000010F5
00001116
0000111D
00001151
00001162
00001178
0000119D
000011A0
000011C4
000011CF
000011D9
000011DD
000011DE
000011E0
000011E1
000011F0
00001201
00001208
00001225
00001233
00001238
00001240
00001243
0000124B
00001254
0000125A
0000125C
0000125F
00001260
00001263
00001267
000012A4
000012A7
000012BC
000012C5
000012C7
000012D3
000012DC
000012E1
000012E4
000012E8
000012F3
00001322
00001337
0000135B
0000135F
00001365
0000136C
00001383
000013BC
000013C5
000013CD
000013DE
000013E2
000013F7
00001403
00001405
0000141B
00001436
00001442
00001443
0000144C
0000144D
0000145C
0000148E
00001495
00001496
00001497
000014DB
0000150B
0000151B
0000155E
0000157F
00001582
00001586
0000159C
000015A8
000015B9
000015BE
000015D3
000015DC
000015E4
000015E5
000015E8
0000160C
0000164E
000016CE
000016D1
000017BC
000017DD
000017E1
000017E4
000017F9
00001814
0000184C
0000185A
00000006
0000000A
00000011
00000012
00000015
00000019
0000001D
00000030
00000032
00000035
00000038
0000003F
00000042
00000044
00000046
00000047
0000004F
00000058
00000064
0000008B
00000093
00000099
000000D1
000000D9
000000DB
000000E6
000000EB
000000F6
00000109
00000117
0000011E
00000129
0000012C
0000014B
0000014E
00000159
00000160
00000161
0000016E
00000170
0000017B
00000186
00000189
0000018E
00000192
0000019C
000001AA
000001D0
000001D7
000001DB
000001DF
000001E5
000001FF
00000210
0000022D
00000244
00000255
0000025E
0000027E
0000028E
000002A8
000002AA
000002B2
000002C9
000002DA
000002E9
000002F1
000002F9
00000321
00000340
00000343
0000035C
00000384
000003AF
000003B4
000003B5
000003C2
000003C7
000003D0
000003DC
000003DD
000003ED
00000417
0000041C
0000041F
0000045C
00000486
00000490
0000049C
000004A3
000004AA
000004AF
000004BA
000004E1
0000051C
00000525
0000052E
00000541
0000055E
0000056D
0000056F
00000579
00000585
00000589
0000058E
0000059A
000005E3
00000604
0000060A
0000064D
00000667
0000066B
00000683
000006AE
000006CC
000006D6
000006ED
000006EE
000006F8
000006FD
00000715
00000737
000007E3
000007FC
0000080E
0000081B
0000081F
00000825
0000084A
00000850
00000858
00000871
00000874
000008AC
000008B9
000008C0
000008D0
0000091E
0000097D
00000989
00000991
00000998
000009B2
000009C8
000009FB
00000A07
00000A0D
00000A32
00000A38
00000A72
00000A7E
00000A93
00000AC9
00000AED
00000AEE
00000AF0
00000AF4
00000B1C
00000B24
00000B2E
00000B3E
00000B54
00000B68
00000B72
00000B77
00000B7A
00000B83
00000B87
00000C07
00000C4B
00000C9F
00000CB1
00000CB3
00000CE3
00000CEA
00000D6F
00000DD1
00000DE3
00000E1B
00000E2F
00000E5E
00000EBE
00000EC9
00000F41
00000F5B
00000F6F
00000F9D
00000FD0
00001010
00001098
000010D7
000010D8
000010D9
0000110C
00001114
00001117
00001118
00001127
00001134
00001147
0000114F
0000116C
00001188
000011BA
000011FE
00001207
00001215
00001216
00001218
0000121D
00001248
0000124D
00001250
00001251
00001272
00001291
00001292
0000129A
000012B6
000012FF
00001301
0000133D
00001353
00001362
0000137C
000013A5
000013D8
000013E0
000013F2
00001404
0000140C
00001427
0000142F
0000143C
0000143F
00001451
00001464
00001469
000014A4
000014B2
000014D0
000014E1
000014E5
000014EC
00001557
00001558
00001559
00001567
00001576
000015A1
000015A3
000015B0
000015B2
000015B3
000015D9
00001627
00001635
00001639
00001646
0000166A
00001689
0000168A
0000168F
0000169F
000016AC
000016C0
00001718
00001771
0000177E
000017E2
000017E9
000017EF
0000180A
0000180E
0000184F
00000007
00000018
0000001E
00000021
00000023
00000048
00000059
0000005A
00000068
0000006B
00000076
00000081
00000084
00000094
0000009E
000000A9
000000BA
000000C5
000000CD
000000DA
000000E3
000000EA
0000011D
00000121
0000015F
0000016A
000001A4
000001AE
000001DE
000001E8
000001F9
00000203
00000249
00000257
00000264
000002BD
000002C3
000002DC
000002EC
00000302
00000304
0000032B
0000032D
00000334
00000378
00000394
000003A5
000003C3
000003CC
000003EC
00000402
00000408
00000410
00000415
0000041D
00000431
00000432
00000495
0000049A
000004EF
00000514
00000527
0000053B
00000574
0000058D
000005E0
00000644
0000065B
00000679
000006A1
000006E4
00000702
00000719
00000723
0000073A
00000765
000007C6
000007CC
000007D2
0000085D
0000086C
0000089B
000008A9
000008BD
00000965
000009AF
000009EA
00000A39
00000A4A
00000ACE
00000B9E
00000BBB
00000C1F
00000C28
00000C3D
00000C59
00000D7B
00000E1D
00000E46
00000E48
00000E65
00000E70
00000E76
00000E78
00000E9A
00000EB6
00000EC0
00000ED5
00000EF0
00001009
0000101C
0000101E
00001024
00001029
0000103B
0000103E
00001072
00001074
00001082
0000108F
00001136
00001145
0000116B
0000119A
000011F3
00001258
00001261
00001286
000012D4
000012FA
000012FB
00001311
00001328
00001382
000013B3
000013DB
0000140A
00001441
000014A0
000014A7
000014CD
000014D2
000014F6
00001509
0000150C
00001515
0000151F
00001521
00001525
0000152A
0000152B
0000152C
0000152F
00001535
00001549
0000154F
0000156A
00001574
00001575
0000157C
0000157D
00001583
00001589
0000158E
0000158F
00001592
00001593
0000159F
000015A9
000015AE
000015B1
000015B7
000015C2
000015EE
000015FA
00001602
00001603
0000160B
0000160F
00001611
0000161C
00001620
00001626
00001629
00001634
0000163C
00001643
00001645
0000164D
00001650
00001655
0000165C
00001661
00001664
0000166C
00001676
00001685
00001688
00001691
00001692
00001743
00001791
000017A8
000017C0
000017C5
000017E0
000017E3
000017EA
000017F4
000017FF
00001801
00001815
0000184A
0000184B
00000009
00000024
0000002A
00000045
0000004E
0000005C
00000063
0000006C
0000007E
0000008C
00000092
000000C4
000000C8
000000CB
000000FE
00000102
00000115
00000120
00000158
00000163
00000167
0000016F
00000176
00000191
000001AF
000001B8
000001BD
00000205
00000224
00000246
0000027F
00000281
000002FB
0000030E
0000032E
000003A9
000003BB
000003EB
000003F5
00000429
00000436
00000469
000004A6
000004DD
000004F6
00000567
00000584
00000595
00000597
000005A8
00000605
0000063C
000006A7
0000079D
00000853
00000883
00000A92
00000AC6
00000B1E
00000B51
00000B67
00000BB2
00000C12
00000C40
00000C70
00000CBC
00000CED
00000DCB
00000E05
00000E82
00000E83
00000F56
00000FCB
00001008
0000102A
000010C3
000010CD
00001131
00001214
00001229
00001230
00001232
0000125E
00001263
000012A8
000012A9
000012D3
000012E4
000012E8
0000131A
000014F8
00001507
0000150A
0000150E
00001511
00001527
0000152E
00001537
00001541
00001554
0000155E
00001588
000015C4
000015F4
00001601
00001612
00001621
00001631
00001647
00001653
00001663
00001670
00001675
00001677
000016AB
000016BE
000016EF
000016F3
00001702
00001739
0000174B
00001753
00001763
00001775
000017B6
000017BB
000017F2
000017F9
0000182E
00001848
00001866
00000010
00000019
00000029
0000002B
0000003B
0000003F
00000047
00000049
00000058
00000064
00000079
00000080
000000B2
000000D5
000000E6
00000109
0000010F
0000012C
00000142
00000159
0000015E
00000160
00000186
0000019C
000001B5
000001D7
000001DB
00000234
00000235
000002F1
000002F8
0000032A
00000361
000003B0
000003E3
0000042A
0000044D
0000045C
0000046D
0000047E
000004A3
000004F7
00000646
000006D9
00000902
00000908
000009CE
00000A7E
00000C07
00000D7C
00000EBF
0000109B
000010B0
000010C1
000010E4
0000111C
0000116C
00001215
00001216
0000127B
00001285
0000129A
00001305
00001362
000013E4
00001437
00001534
00001538
00001539
00001568
000015A8
000015C7
00001639
00001687
00001689
00001696
00001789
000017A2
000017AC
000017C1
000017DF
0000182C
00000023
00000038
0000005E
000000BD
0000019A
000001B7
00000213
0000023B
000002A4
000002A9
000002F4
00000300
0000030F
0000039E
000003AD
000003DF
000004BA
00000541
0000057A
00000587
00000700
000007AA
00000940
00000BBB
00000D43
00000D51
00000EA0
00000F5E
00001021
000010C6
00001268
00001292
000012C6
000012C8
00001301
00001302
00001441
00001515
0000154F
000015B1
000015F1
00001814
00000024
0000004E
0000005A
00000063
0000007E
00000081
00000099
000000A5
0000018E
000001DE
000001F0
00000208
0000021C
000002D2
0000032E
000003C7
00000441
00000484
00000495
000004E1
00000548
00000604
00000605
0000061E
0000079D
00000810
00000850
00000853
00000883
000008C4
00000A1F
00000A92
00000AB4
00000B1E
00000B67
00000C70
00000CED
00000DAD
00000E6E
000010B3
000010D0
000011AF
000011BA
00001229
0000125E
000012C5
000012D3
000012E4
000013A9
00001472
000014A4
000014F6
00001504
00001567
00001596
000015A3
000015B0
00001646
000017E2
0000180A
0000180E
0000185A
00000019
0000003F
00000042
00000049
00000059
00000064
0000006C
000000C8
000000E6
00000102
0000010F
0000011E
00000120
0000012C
0000015B
00000199
0000019C
000001D7
00000224
0000023D
0000027F
00000281
000002BC
0000031F
00000321
000004C4
000004EE
000004FA
00000597
000006F1
0000081D
000009CE
000009FB
00000E05
00001216
00001238
0000131A
00001470
00001517
00001568
00001582
0000159F
000015A8
000015BE
000015C2
000015D5
000015FC
00001605
00001639
0000163F
0000168D
0000169F
000017E5
0000184B
0000000E
00000018
00000023
00000058
00000079
0000008A
0000008C
00000154
0000016E
000001E5
00000225
00000234
000002F7
0000033E
0000042A
000004F7
00000575
00000696
000006D9
0000074E
00000899
00000902
00000D7C
00000EBF
000010FD
00001305
000014E8
0000154F
0000157D
000015A1
000015B1
000015B9
000015C7
00001628
000016C0
00001706
00001747
0000175D
000017DA
000017E1
000000B2
000000C4
0000016F
00000187
000001AF
000001CC
0000023C
000004BA
000004CD
00000525
00000702
00000708
00000760
00000883
00000965
00000A92
00000C93
00000D43
00000EA0
00001230
000012D3
0000137C
000014F6
00001549
0000155E
00001621
00001645
00001736
000017E9
000017EF
000017F4
000017F9
00000029
0000004E
000000CB
0000015D
00000160
0000032E
00000339
000003A9
000003C7
00000436
000004DD
0000063C
00000E48
0000110C
00001574
0000157C
00001675
0000006C
00000174
00000191
000002F4
0000032A
000003F5
000006EE
0000109B
00001210
00001292
00001301
00001868
0000005E
000000BD
0000016F
000001AF
0000023B
0000030F
000003AD
00000700
000010B0
000010C6
000012C8
00000081
0000018E
00000208
00000213
0000021C
0000061E
000007A3
000010B3
0000125E
000013E7
00000024
00000045
00000058
00000059
000000C8
0000013B
0000016C
0000023D
0000027F
0000031F
000009FB
00000E05
00001517
00001532
00001573
0000000E
00000079
0000008C
000000E6
00000154
000006D9
00000902
00000D7C
00000EBF
0000127B
00001305
00000232
00000234
000002AB
0000033E
000003DF
00000405
00000498
000004BA
00000620
00000940
00000D43
00000EA0
00001230
00001385
0000004E
0000019C
000001D7
000002EC
00000E6E
000010D0
00001301
000013CD
00001567
00001689
00000B13
00000C33
00000CFA
00000DC6
00000DFB
00000E5B
00000F15
00000F17
00000F1D
00000F63
00000F7D
00000FA7
00000FB5
00000FB7
00000FC2
00000FCA
00000FDA
00000FE1
00000FE8
00000FFD
00001000
0000100A
0000100B
0000100D
00001015
00001020
0000102B
00001044
00001047
0000104F
00001051
00001055
00001056
00001068
00001069
0000106C
00001071
00001075
00001079
0000107C
00001080
00001085
00001087
00001089
0000108A
0000108B
0000108E
00001094
00001095
000010E6
000011AA
00001221
0000123A
00001266
0000128A
000012CA
000012EB
000012EC
000013BB
0000145F
00001467
0000146E
00001482
00001483
00001485
000014CF
00001842
00001845
00001847
0000184E
00001851
00001852
00001857
0000185B
00001860
0000186C
0000186D
00001871
00001872
00001877
00001878
0000187B
0000187C
0000187F
00001881
00001882
00001883
00000036
00000041
0000006D
0000006F
000000A9
000000B8
000000DE
00000105
00000138
0000013D
0000013F
00000148
00000152
0000017E
0000019F
000001BA
000001C4
000001C5
000001FA
0000020A
00000231
00000237
0000024F
0000026E
00000271
00000290
00000298
000002CC
000002D5
000002F5
000002FD
0000030D
00000317
0000034A
00000353
00000389
000003AE
000003D5
0000042E
0000048D
000004B5
000004BD
000004E8
00000526
000005A6
000005A9
000005B3
000005D8
000005FC
00000621
00000651
0000065C
0000069A
000006BE
0000071A
00000749
00000766
00000779
000007D6
00000805
00000813
00000817
00000849
00000872
000008AE
000008C5
000008CB
000008EE
0000091A
00000952
000009F3
00000AF5
00000B14
00000B2B
00000B2C
00000B30
00000BB0
00000BE5
00000BFA
00000D5E
00000E68
00000EE2
00000F12
00000F2B
00000FD4
00001049
0000105D
00001097
000010A9
000010B8
000010C2
000010D2
000010D5
000010DB
0000110B
00001119
0000119F
000011A6
000011C5
000011C6
000011E3
00001239
00001288
000012F4
000012F5
00001338
00001339
0000135F
000013DA
0000142D
00001453
000014A2
000014AE
000014C1
00001870
00000003
00000004
00000007
0000001D
00000057
00000073
0000009B
000000A1
000000AC
000000CC
000000DA
000000FB
00000119
0000016E
0000017D
00000193
00000196
000001CC
000001DD
00000230
00000233
0000023C
0000024A
00000275
00000278
00000284
00000299
000002C0
000002DB
00000314
00000331
0000033E
00000354
0000035A
0000037E
00000395
000003CC
000003E2
000003EC
000003F7
0000050B
00000537
00000548
0000054E
00000559
00000573
00000575
000005AE
000005EE
000005F2
0000061F
00000635
00000652
00000680
00000686
0000068D
00000690
000006B1
000006BD
00000701
00000714
0000071E
00000753
0000075D
00000786
0000078C
0000079A
000007BB
000007BC
000007CD
000007E5
000007F8
00000801
00000818
00000824
0000082E
00000844
00000877
00000898
000008BE
000008D6
000008E4
000008E9
00000903
00000907
0000091F
00000923
00000928
00000943
0000094B
00000961
00000975
00000990
000009A2
000009F8
00000A02
00000A06
00000A0C
00000A12
00000A2F
00000A4D
00000A69
00000A80
00000A83
00000A97
00000B4D
00000B6D
00000B8D
00000BEC
00000C31
00000C50
00000C64
00000C66
00000C7A
00000C95
00000CB7
00000CC9
00000CDB
00000CE1
00000CF3
00000D00
00000D0E
00000D1A
00000D3B
00000DEA
00000DF8
00000E27
00000E2E
00000E39
00000EE6
00000EF5
00000EF9
00000F2F
00000F37
00000F3A
00000F8B
00000FB6
00000FF4
000010F1
0000110C
0000111E
00001125
00001128
0000112E
00001137
00001138
00001172
0000119E
000011AB
000011DC
000011EA
000011ED
000011F4
00001217
0000122E
000012C1
000012CF
000012F6
0000130C
00001350
00001362
00001364
000013C3
000013EC
00001410
00001413
00001426
00001427
00001454
00001455
00001456
0000145D
0000148C
000014AA
000014AD
000014E2
000014E8
000014EE
00001513
00001557
00001558
0000156F
00001581
000015A1
000015B9
000015D0
00001639
00001661
0000168A
0000168F
000016D1
000017BB
00001843
00000018
00000021
00000027
0000003B
0000003E
0000003F
0000004D
00000054
00000059
0000005A
00000065
00000067
00000088
0000008A
00000092
00000093
00000099
0000009C
000000A7
000000BA
000000CB
000000CD
000000EC
00000136
0000014A
0000015F
00000165
0000016A
00000188
000001A7
000001A8
000001B1
000001B2
000001CB
000001CE
000001D6
000001E8
000001FD
00000209
00000225
0000023D
00000246
00000249
00000250
00000260
00000262
0000028E
000002BB
000002EF
00000300
0000034C
0000039B
000003C6
00000409
00000422
00000434
00000442
00000467
00000476
00000488
000004B4
000004B7
00000501
0000052B
00000541
00000605
00000607
0000060F
0000063D
00000646
00000650
00000695
0000069C
0000069D
000006A2
000006B4
000006B8
000006F7
000006F9
0000073B
0000074B
0000074D
0000075F
00000765
00000767
00000781
000007B1
000007B7
000007C1
000007C9
000007CA
000007E0
000007E7
000007F9
00000806
00000859
0000087D
00000891
000008A5
000008D5
000008DD
000008EB
00000914
0000091B
00000922
00000956
000009BE
000009D9
000009DE
000009E8
00000A16
00000A1B
00000A27
00000A64
00000A8B
00000A92
00000AA8
00000AC1
00000B07
00000B15
00000B44
00000B5B
00000B67
00000B78
00000BA6
00000BAF
00000BB7
00000BD7
00000C16
00000C44
00000CAA
00000CB4
00000CC8
00000CF5
00000D16
00000DAD
00000E25
00000E34
00000EB0
00000ED6
00000F8E
00001030
000010F3
000010FB
00001139
0000115B
00001166
00001173
000011D4
00001209
00001223
00001258
00001268
00001270
00001276
0000129F
000012E6
000012FA
0000130D
0000131C
00001331
00001334
0000133B
0000133E
0000134B
0000134F
00001355
00001360
00001370
00001371
00001380
00001382
00001389
00001393
000013B7
000013BF
000013C2
000013C7
000013F1
00001402
0000146D
0000149C
000014E0
000014F1
00001509
0000152C
00001575
0000157B
00001586
0000158A
0000158F
000015BE
000015C2
000017C1
000017D4
000017D7
000017EA
00001801
0000181D
00001841
0000184B
0000185A
0000187A
0000001A
00000024
00000029
00000049
0000004E
0000005E
00000061
0000006B
0000006C
0000006D
00000084
0000008C
00000094
000000A5
000000AA
000000C4
000000C5
000000C7
000000D7
000000F3
000000FC
00000104
0000010F
00000133
0000014B
0000014E
0000015D
00000178
00000179
0000017F
00000187
00000199
000001A3
000001AA
000001AC
000001F0
000001F5
00000213
0000021B
00000257
0000029A
000002A1
000002AE
000002BF
000002D2
000002F7
00000319
0000031F
0000032B
00000337
0000033F
00000364
0000037A
0000038A
000003A4
000003A9
000003B2
000003C3
000003E4
000003E9
00000403
0000041C
0000041D
00000451
00000458
0000045A
00000466
00000484
000004A1
000004AC
000004C3
000004D6
000004DC
000004DF
000004F2
000004F9
000004FA
000004FC
0000053D
00000560
000005A4
000005BE
000005C0
000005C1
00000603
00000604
00000622
0000062F
00000654
0000065F
0000068A
00000692
000006A0
000006A3
000006B2
000006B3
000006C3
000006D5
000006DD
000006E0
000006F6
000006FB
000006FC
000006FF
0000070A
00000726
0000072C
0000072D
00000738
00000745
0000074E
0000076C
00000772
00000787
00000788
000007A3
000007ED
00000839
00000847
0000084D
00000850
00000862
00000869
00000883
0000088A
0000089B
000008AA
000008D2
000008E0
000008ED
000008F2
000008F9
00000915
00000925
00000964
0000097B
00000983
000009B9
000009BF
000009CE
000009E5
000009E9
000009F9
000009FB
00000A2B
00000A52
00000A5E
00000AA7
00000AD5
00000AF1
00000B08
00000B5A
00000B79
00000B93
00000B95
00000B9B
00000BBB
00000BF6
00000C13
00000C2E
00000C5B
00000C73
00000C9E
00000CC6
00000CCE
00000CDD
00000CFF
00000D5C
00000DD8
00000DE9
00000E41
00000E48
00000E73
00000E93
00000EBB
00000ECC
00000ED0
00000ED9
00000F28
00000F64
00000FBE
00001078
00001097
000010A5
000010AB
000010BE
000010DD
000010E9
000010ED
000010F0
000010F5
0000111D
00001136
0000119D
000011BA
000011C4
000011CF
000011D9
000011E0
000011E1
00001230
00001238
00001240
0000124B
00001254
0000125C
0000125F
00001260
00001267
00001298
000012A4
000012C5
000012D3
000012E4
00001328
0000132A
00001337
0000135F
00001365
00001390
000013BC
000013C5
000013DE
000013F7
00001403
00001436
00001442
0000144D
000014A0
0000151B
00001534
00001549
0000155E
0000157F
00001589
0000159C
000015D3
000015DC
000015E5
000015E8
00001605
0000160F
00001627
00001691
0000169F
000016C0
000017B6
000017BC
000017D6
000017DD
000017E1
00001814
0000000A
0000001D
0000001E
00000030
00000032
00000035
00000043
00000044
00000047
00000058
00000064
0000007E
0000008B
000000A3
000000AF
000000BB
000000EB
000000F1
000000FE
00000109
00000115
00000129
00000160
00000161
00000163
00000186
000001A6
000001DB
000001E5
000001EA
00000203
00000244
00000255
0000027E
000002B2
000002DA
000002F1
00000328
0000032D
0000035C
00000361
00000375
000003D0
000003DC
0000041A
0000041E
00000426
00000431
00000469
00000507
0000050A
0000051C
00000525
0000054C
00000553
00000568
0000056F
00000589
0000058D
000005E2
000005E3
000005FF
00000632
00000667
00000696
000006A1
000006F8
00000719
00000733
00000737
0000074F
000007BF
000007DE
000007F1
0000080E
0000081B
00000825
00000831
0000085E
0000086E
00000889
000008AC
0000090A
00000940
00000988
00000A0D
00000A46
00000AB4
00000AC9
00000B2E
00000B35
00000B83
00000B87
00000BB9
00000BC4
00000C26
00000C91
00000CB0
00000CBC
00000D47
00000DA6
00000DCB
00000DD1
00000DED
00000DF2
00000E1B
00000E40
00000E50
00000E6E
00000E76
00000E9A
00000ED3
00000F48
000010D0
000010DE
00001114
00001147
0000114F
00001151
0000116C
000011DD
000011F0
000011FE
00001215
00001225
00001233
0000125A
00001292
000012C7
00001322
0000133D
0000135B
0000136D
0000137C
00001383
000013CD
000013F2
0000144C
0000145C
00001464
00001495
000014A4
000014B2
000014DB
000014EC
00001525
00001532
00001557
0000155B
00001583
000015B2
000015B3
000015D5
000015D6
000015D9
00001639
0000168D
0000168F
000017E4
000017E5
000017EF
00001818
00000011
00000015
00000018
00000019
00000027
00000038
0000003F
000000A9
000000E6
00000117
0000011D
0000011E
0000012C
00000136
0000015E
0000019C
000001A4
000001A7
000001B8
000001D0
000001D7
000001FF
00000235
0000025E
000002C1
000002D4
00000304
00000321
000003A5
000003CC
00000410
00000417
0000045C
0000049A
000004A3
000004AF
000004EF
00000514
00000527
0000053B
00000567
00000575
0000058E
000005A8
0000065B
000006B8
00000702
000007AA
000008F4
00000989
00000A38
00000A72
00000A7E
00000A80
00000A92
00000AE9
00000AF0
00000AF4
00000B32
00000B67
00000C07
00000C4B
00000C59
00000CE3
00000CEA
00000D3C
00000D7B
00000DAD
00000DEA
00000E2F
00000E70
00000E78
00000E83
00000EBE
00000EC9
00000F5B
00000F5E
00000F7A
00000FC3
00000FD0
00001082
00001086
000010B0
000010D7
000010D8
000010D9
00001117
0000111C
00001127
00001145
000011F3
00001251
000012A0
00001301
00001302
00001353
00001362
0000137B
00001382
000013B7
000013E4
00001404
0000142F
00001451
00001469
0000148E
000014CD
000014E5
000014E8
000014F6
000014F8
0000150C
0000151F
00001521
00001537
00001567
0000156A
00001575
0000157D
00001582
000015A8
000015A9
000015B0
000015C2
000015D0
000015F4
0000160C
00001621
00001646
0000164E
00001661
0000166A
00001689
00001692
000016DB
00001718
00001747
000017A8
000017E2
000017E9
000017EA
000017F9
0000180A
0000180E
0000184B
0000184C
0000185A
00000007
00000009
00000023
00000024
00000029
0000002A
00000042
00000049
0000004E
0000005A
0000006C
00000080
0000008A
0000008C
00000099
000000A5
000000C4
000000C5
000000CB
000000D5
0000015D
0000015F
0000016E
0000016F
0000017B
0000018E
00000191
00000192
00000199
00000213
00000224
0000022D
0000023B
0000023D
00000257
0000028E
000002A8
000002D2
000002D3
000002F8
00000300
0000032B
0000032E
00000334
000003A9
000003B7
000003BB
000003C7
000003E3
000003EB
0000041D
00000436
00000484
00000486
00000495
000004A1
000004B4
000004DD
000004FA
00000541
0000055E
00000579
0000063C
000006E4
0000073A
000007C6
00000810
00000850
00000883
000008B9
000008D0
000009F0
00000AE1
00000B51
00000BB8
00000C3D
00000D5C
00000EEB
00001009
0000101C
00001024
00001029
0000103B
0000103E
00001072
000010C3
000010C5
000010CD
0000110C
00001118
0000116B
000011BA
000011E5
00001230
00001232
00001238
00001291
0000129A
000012A9
000012D3
000012E4
00001441
00001509
0000150A
0000151B
0000152A
0000152B
0000152E
00001539
00001549
0000155E
00001574
00001576
00001586
00001592
00001593
000015A0
000015B7
000015BE
000015FA
00001603
00001605
00001611
00001612
0000161C
00001620
00001626
00001627
00001629
00001634
0000163C
0000163E
00001643
00001645
0000164D
00001650
00001655
0000165C
00001664
0000166C
00001675
00001676
00001685
00001688
0000169F
000016B1
00001702
000017BB
000017C5
000017D1
000017F4
000017FF
00001804
00001815
0000185D
00000010
0000001D
00000021
0000003B
00000043
00000044
00000058
00000059
00000063
00000091
000000E9
00000109
00000115
0000014B
0000014E
0000015B
00000160
00000163
00000174
00000186
0000019A
000001AF
000001E5
00000203
00000209
0000030E
0000035C
000003B0
000003C2
000003C3
0000041C
00000469
0000046D
00000490
000004A6
00000589
00000604
00000605
000006D4
000006EE
0000079D
00000853
00000965
000009E7
00000A1F
00000B1E
00000C70
00000CED
00000E48
00000FCB
00001008
0000102A
0000109B
0000116C
00001210
00001215
00001223
00001229
00001285
00001292
00001338
000013BA
00001437
0000150E
0000152C
00001534
00001541
00001554
0000157C
00001588
0000158F
00001601
00001677
000016A6
000016BE
000016E4
000016EF
000016F3
00001739
0000174B
00001753
00001763
00001775
000017C1
0000182E
00001866
00000018
000000DA
0000010F
000001F0
00000225
00000235
000002A4
000002D4
00000302
0000032A
00000361
0000039E
00000431
0000044D
0000045C
000004A3
000004EF
00000527
0000057A
0000058D
00000597
00000674
00000719
0000074E
00000A7E
00000BBB
00000C07
00000C9F
00000D7B
00000E78
00001006
000010D9
000010E4
00001145
00001157
000011E1
00001216
00001268
00001382
000013E7
0000142F
00001451
000014E8
00001507
00001515
00001525
0000159F
000015A1
000015A8
000015B9
000015C7
00001624
00001628
00001639
0000163B
00001670
00001687
0000168A
00001696
000016C0
000016D1
00001736
0000175D
00001786
000017C0
000017E1
000017E9
000017F9
00001814
00001825
0000005E
000000BD
000000C4
000000CB
0000016F
0000018E
000001CA
0000023B
000002A9
000003AD
000004AA
00000700
000007E3
000008B9
0000091E
000009FB
00000A92
00000B67
00000BE7
00000FCC
000010B0
000010C6
000012C8
00001472
00001504
00001511
0000156A
000015B1
000015F1
000017B3
000017EF
00000081
00000208
0000021C
00000F5E
0000109B
000010B3
0000125E
000015A3
00000045
000000C8
0000027F
0000081D
00001517
00001568
000015D5
000017E5
0000005A
00000883
00000902
00000D7C
00000E05
00000EBF
00001305
0000154F
00000023
000000E6
00000173
00000234
0000033E
000006D9
00000D43
00000192
000001B2
0000035A
0000038A
00000EA0
00001230
00000B13
00000C33
00000CFA
00000DC6
00000DFB
00000E5B
00000E68
00000F12
00000F15
00000F17
00000F1D
00000F2B
00000F63
00000F7D
00000FA7
00000FB5
00000FB7
00000FC2
00000FCA
00000FD4
00000FDA
00000FE1
00000FE8
00000FFD
00001000
0000100A
0000100B
0000100D
00001015
00001020
0000102B
00001044
00001047
0000104F
00001051
00001055
00001056
00001068
00001069
0000106C
00001071
00001075
00001079
0000107C
00001080
00001085
00001087
00001089
0000108A
0000108B
0000108E
00001094
00001095
000010E6
000011AA
00001221
00001266
0000128A
000012CA
000012EB
000012EC
000013BB
0000145F
00001467
0000146E
00001482
00001483
00001485
000014C1
000014CF
00001842
00001845
00001847
0000184E
00001851
00001852
00001857
0000185B
00001860
0000186C
0000186D
00001870
00001871
00001872
00001877
00001878
0000187B
0000187C
0000187F
00001881
00001882
00001883
00000030
00000036
00000041
0000006D
0000006F
000000A9
000000B8
000000DE
00000105
00000138
0000013D
0000013F
00000148
00000152
0000017E
0000019F
000001BA
000001C4
000001C5
000001FA
0000020A
00000231
00000237
0000024F
0000026E
00000271
00000290
00000298
000002B9
000002CC
000002D5
000002F5
000002FD
0000030D
00000317
0000034A
00000353
00000389
000003AE
000003D5
00000400
0000042E
0000048D
000004B5
000004BD
000004E8
00000526
00000548
000005A9
000005B3
000005D8
000005FC
00000621
00000651
0000065C
0000069A
000006BD
000006BE
0000071A
00000749
00000766
00000779
000007D6
00000805
00000813
00000817
00000849
00000872
000008AE
000008C5
000008CB
000008EE
0000091A
00000952
000009F3
00000AF5
00000B14
00000B2B
00000B2C
00000B30
00000BB0
00000BE5
00000BFA
00000D5E
00000EE2
00001049
0000105D
00001097
000010A9
000010B8
000010C2
000010D2
000010D5
000010DB
0000110B
00001119
0000119F
000011A6
000011C5
000011C6
000011E3
00001239
0000123A
00001288
000012B5
000012F4
000012F5
00001338
00001339
0000135F
000013DA
0000142D
00001453
000014A2
000014AA
000014AE
00000003
00000004
00000007
00000018
0000001D
0000003B
0000003F
0000004D
00000057
00000065
00000073
00000076
0000007A
00000093
0000009B
000000A1
000000AC
000000CC
000000DA
000000FB
00000119
00000136
0000014A
0000016E
00000173
0000017D
00000193
00000196
000001CC
000001DD
000001E6
00000230
00000233
0000023C
0000024A
00000275
00000278
00000284
00000299
000002C0
000002DB
00000314
00000318
00000328
00000331
0000033E
00000354
0000035A
0000037E
00000395
000003BF
000003CC
000003E2
000003EC
000003F4
000003F7
00000401
00000409
00000537
00000540
0000054E
00000559
0000056C
00000573
00000575
000005AE
000005D3
000005EE
000005F2
0000061F
00000635
00000652
00000680
00000686
0000068D
00000690
000006B1
000006B7
000006B9
00000701
00000714
0000071E
00000753
0000075D
00000786
0000078C
0000079A
000007A1
000007B6
000007BB
000007BC
000007CA
000007CD
000007E5
000007E9
000007F8
00000801
00000818
00000824
0000082E
00000844
00000877
00000898
000008BE
000008D6
000008E4
000008E9
00000903
00000907
0000091F
00000923
00000928
0000092B
0000093F
00000943
0000094B
00000961
00000975
0000098E
00000990
000009A2
000009F8
00000A02
00000A04
00000A06
00000A0C
00000A12
00000A2F
00000A4D
00000A69
00000A80
00000A97
00000AB0
00000B36
00000B4D
00000B6D
00000B8D
00000BBB
00000BEC
00000C31
00000C50
00000C64
00000C66
00000C7A
00000C95
00000CB7
00000CBE
00000CC7
00000CC9
00000CDB
00000CE1
00000CF3
00000D00
00000D0E
00000D1A
00000D3B
00000D54
00000DF0
00000DF8
00000E27
00000E2E
00000E39
00000EE6
00000EF5
00000EF9
00000F2F
00000F37
00000F3A
00000F8B
00000FB6
000010F1
000010FB
0000110C
0000111E
00001125
00001128
0000112E
00001137
00001138
00001172
0000119E
000011AB
000011DC
000011EA
000011ED
000011F4
000011F7
00001211
00001217
0000121E
0000122E
0000129F
000012C1
000012CF
000012F6
0000130C
0000133B
0000134F
00001350
00001364
000013C3
00001410
00001413
00001426
00001427
00001454
00001455
00001456
0000145D
0000148C
000014AD
000014E2
000014E8
000014EE
00001513
00001557
00001558
0000156F
00001575
00001581
000015A1
000015B9
000015C2
000015D0
00001639
00001661
0000168A
0000168F
000017BB
000017D7
000017E0
000017EA
00001843
0000184B
00000021
00000027
0000003E
00000048
0000004B
0000004E
00000054
00000059
0000005A
00000061
00000067
00000084
00000088
00000092
00000094
00000099
0000009C
0000009E
000000A7
000000B9
000000BA
000000C4
000000C5
000000CB
000000E7
000000EC
000000F3
000000F5
000000FC
0000010F
0000015F
00000165
0000016A
00000188
00000192
000001A3
000001A7
000001A8
000001B1
000001B2
000001B3
000001CB
000001D6
000001E8
000001EA
000001EB
000001FD
00000209
0000021B
00000225
00000246
00000249
00000250
0000025E
00000260
00000262
0000028E
000002BB
000002BD
000002CA
000002EF
00000319
00000334
0000038A
0000039B
0000039F
000003A4
000003B2
000003C6
0000041A
0000041D
00000422
00000430
00000434
00000442
00000451
00000466
00000467
00000476
00000484
00000488
00000497
000004A1
000004B7
000004DC
000004E3
000004FD
00000501
0000050B
00000514
0000052B
0000059B
000005A4
000005C0
000005DA
00000603
00000605
00000607
0000060F
0000063D
00000646
00000650
00000695
0000069C
000006A2
000006A3
000006B3
000006B8
000006CE
000006DD
000006E0
000006E9
000006F7
000006F9
000006FF
0000073B
00000745
0000074A
0000074B
0000074D
0000075F
00000763
00000765
00000767
00000781
00000787
000007B1
000007B7
000007C1
000007C9
000007E0
000007E7
000007F4
000007F9
00000806
00000836
00000859
00000864
0000087A
0000087D
0000088A
0000088B
00000891
0000089B
000008A5
000008D5
000008DD
000008EB
00000914
0000091B
00000920
00000922
00000956
00000968
00000993
0000099C
000009B8
000009BE
000009C7
000009D9
000009DE
000009E8
000009E9
00000A16
00000A1B
00000A27
00000A2B
00000A3B
00000A64
00000A6F
00000A8B
00000A92
00000AA8
00000AC1
00000B07
00000B0A
00000B15
00000B44
00000B5B
00000B67
00000B78
00000B93
00000BA6
00000BAF
00000BB7
00000BC4
00000BD7
00000C16
00000C3E
00000C44
00000C73
00000C99
00000CAA
00000CB4
00000CC8
00000CF5
00000D16
00000D2A
00000D3C
00000D56
00000D90
00000DAA
00000DAD
00000DEA
00000E2C
00000E34
00000E7A
00000EB0
00000ED6
00000EE4
00000EF2
00000F8E
00000FD9
00001030
000010AA
000010ED
000010F3
00001136
00001139
0000114D
0000114E
0000115B
0000115D
00001166
00001173
000011CF
000011D4
00001200
00001209
00001223
0000122F
00001258
00001268
00001270
00001276
000012D3
000012E6
000012EE
000012FA
0000130D
0000131C
00001328
0000132A
00001334
00001337
0000133E
0000134B
00001360
00001370
00001371
00001380
00001382
00001393
0000139C
000013B7
000013BF
000013C1
000013C2
000013C7
000013DB
000013E0
000013F1
00001402
00001403
0000140A
0000146D
0000148E
0000149C
000014A7
000014E0
000014FB
0000152C
0000155A
0000157B
0000158F
000015A0
000015D3
000015E5
000015E8
00001602
0000160B
0000160F
0000168E
000017B6
000017C1
0000181D
00001841
0000185A
0000185D
0000187A
00000006
0000001A
0000001E
00000024
00000029
0000003C
00000044
00000047
00000049
0000004F
00000058
0000005E
00000064
00000066
0000006B
0000006D
00000075
00000077
00000083
0000008A
0000008C
000000A3
000000A5
000000AA
000000AF
000000BB
000000C7
000000CD
000000D7
000000EB
00000104
00000109
00000115
0000014B
0000014E
0000015B
0000015D
00000174
00000178
00000179
0000017F
00000191
00000199
000001A6
000001AA
000001AC
000001C7
000001DB
000001DF
000001F5
000001F6
00000203
00000205
00000210
00000213
00000218
00000224
0000023D
00000244
00000257
0000029A
0000029B
000002A1
000002A4
000002A8
000002AC
000002AE
000002BF
000002D2
000002D4
000002E7
000002F1
000002F7
00000300
00000302
0000031F
00000329
0000032B
0000032D
00000337
00000343
00000362
00000364
000003A9
000003AF
000003B4
000003B5
000003C0
000003C3
000003DC
000003E9
000003EE
000003F6
00000403
00000405
0000043B
00000458
0000045A
00000463
00000465
00000469
0000046C
00000478
0000048C
0000048E
000004AC
000004AD
000004B4
000004C3
000004CF
000004D6
000004DF
000004F2
000004F9
000004FA
000004FC
0000051C
00000529
0000053D
00000541
00000560
00000568
0000056F
00000596
000005B2
000005BE
000005C1
000005E2
000005E3
000005FF
00000604
00000619
00000622
00000625
0000062F
00000654
0000065F
00000667
0000068A
00000692
00000696
0000069D
000006A0
000006B2
000006C3
000006D5
000006F6
000006FB
000006FC
000006FD
0000070A
00000715
00000726
0000072C
0000072D
00000737
00000738
0000074E
0000076C
00000772
0000077E
00000788
000007A3
000007C3
000007DE
000007EB
000007ED
0000080E
00000812
00000825
00000831
00000839
00000842
00000847
0000084A
0000084D
00000858
00000869
0000086B
0000086E
00000883
00000889
00000899
000008AA
000008C8
000008D2
000008E0
000008F2
000008F9
00000912
00000925
00000940
00000958
00000964
0000096E
0000097B
00000988
000009B9
000009CE
000009D0
000009E5
000009F0
000009F9
000009FB
00000A0D
00000A52
00000A5E
00000A7A
00000A83
00000A95
00000AA7
00000AB4
00000AC9
00000AD5
00000ADA
00000AF1
00000B08
00000B24
00000B32
00000B35
00000B5A
00000B68
00000B77
00000B7A
00000B83
00000B90
00000B95
00000B9B
00000BCF
00000BF6
00000C13
00000C2E
00000C3A
00000C5B
00000C9E
00000CA8
00000CB0
00000CB1
00000CCE
00000CDA
00000CDD
00000CFF
00000D1D
00000D4E
00000D5C
00000D6F
00000DAB
00000DBD
00000DD8
00000DE9
00000DED
00000E2F
00000E32
00000E41
00000E50
00000E5E
00000E67
00000E6E
00000E73
00000E93
00000EBB
00000ECC
00000ED0
00000ED9
00000EEE
00000F28
00000F39
00000F5C
00000F64
00000F7A
00000FAD
00000FBE
00000FC3
00000FC5
00001077
00001078
0000107E
00001084
00001098
000010A5
000010AB
000010BE
000010C0
000010D0
000010D6
000010DD
000010E9
000010EE
000010F0
000010F5
00001107
0000111D
00001134
0000113F
00001147
0000114F
00001151
00001162
0000116C
0000119D
000011A0
000011BA
000011C4
000011D9
000011DE
000011E0
000011E1
000011F0
00001201
00001208
00001215
00001216
00001225
00001238
00001240
00001243
0000124B
00001254
0000125A
0000125C
0000125E
0000125F
00001260
00001267
00001298
0000129A
000012A4
000012A7
000012B3
000012B6
000012BC
000012C5
000012C7
000012E1
000012E4
000012F3
000012FB
00001322
00001338
0000135F
00001362
00001365
0000137B
00001383
0000138F
000013A9
000013AE
000013BC
000013C5
000013CD
000013DE
000013F7
0000141B
00001436
00001442
00001443
0000144C
00001464
000014A0
000014E5
000014F1
0000151B
00001534
00001549
0000155E
00001567
0000157F
00001582
000015A3
000015B2
000015B3
000015BE
000015D6
000015D9
00001601
00001627
0000164E
0000169F
000016AC
000016C0
000016D1
00001706
000017DD
000017E1
000017E4
000017E9
000017F9
00001814
00000009
0000000A
00000015
00000018
0000001D
0000002A
00000031
00000032
00000035
00000038
0000003B
0000003F
00000043
00000046
0000006C
00000076
0000007E
00000081
0000008B
000000D0
000000F6
000000FE
00000103
00000118
00000128
00000129
0000012C
00000146
00000159
00000160
00000161
00000163
0000016E
00000170
0000017B
0000017D
00000186
00000187
00000189
0000018E
0000019C
000001A4
000001BD
000001D0
000001D7
000001DE
000001E5
000001F0
000001FF
0000022D
00000255
0000027E
00000297
000002B2
000002B3
000002C3
000002DA
000002EC
000002F8
000002F9
000002FB
00000321
0000032E
00000340
0000035C
00000361
00000375
0000037F
000003C2
000003D0
00000410
00000417
0000041C
0000041F
00000426
0000045C
00000486
00000490
00000491
000004A3
000004A5
000004A6
000004AA
000004AF
000004DD
000004EF
00000507
0000050A
00000525
00000527
0000052E
00000536
00000548
0000054C
00000553
0000055E
00000567
0000056D
00000575
00000579
00000589
0000059A
000005E0
0000060A
00000632
00000640
0000066B
00000683
000006A1
000006B4
000006CC
000006D6
000006ED
000006F8
00000702
00000708
0000074F
000007BF
000007E3
000007F1
000007FC
00000804
00000810
0000081F
00000850
0000085D
00000871
00000874
000008AC
000008B9
000008D0
000008F4
00000908
0000090A
00000915
0000091E
0000095A
00000965
0000097D
00000989
00000991
00000998
000009EA
00000A07
00000A1F
00000A46
00000A72
00000A7E
00000AE1
00000AE9
00000AED
00000AEE
00000AF0
00000AF4
00000B1C
00000B2E
00000B3E
00000B51
00000B72
00000B81
00000B87
00000B91
00000BB2
00000BB9
00000BE7
00000C07
00000C26
00000C4B
00000C59
00000C91
00000C9F
00000CB3
00000CB6
00000CBC
00000CE3
00000D47
00000D7B
00000DA6
00000DD1
00000DE3
00000DF2
00000E1B
00000E1D
00000E29
00000E40
00000E65
00000E70
00000E76
00000E78
00000E83
00000E9A
00000EB9
00000EBE
00000EC9
00000ED3
00000ED7
00000F41
00000F48
00000F5B
00000F9D
00000FD2
0000101E
00001074
00001086
000010C3
000010CD
000010D7
000010D8
000010D9
000010DE
000010E4
000010EB
0000110C
00001116
00001117
00001118
0000111C
00001127
00001145
00001188
0000119A
000011AC
000011B1
000011DD
000011E5
000011F6
000011FE
00001210
00001218
00001233
00001250
00001251
0000126F
00001272
0000128C
00001291
00001292
000012FE
000012FF
00001301
00001353
0000135B
0000136C
0000136D
0000137C
00001390
000013A5
000013B3
000013D8
000013F2
00001404
00001405
0000140C
00001427
0000142B
0000142F
0000143F
00001441
00001451
0000145C
00001476
00001495
000014A4
000014B2
000014CD
000014DB
000014E1
000014E8
000014F6
00001515
00001525
00001532
00001535
0000154F
00001557
00001558
00001559
00001568
0000156A
00001576
0000157D
00001583
00001586
0000159F
000015A1
000015A8
000015A9
000015AE
000015B9
000015D0
000015DC
000015EE
0000160C
00001612
00001628
00001639
0000163B
00001646
00001665
0000168A
0000168F
000016CE
000016DB
00001743
00001771
0000177E
000017C0
000017D4
000017E2
00001801
00001806
0000180A
00001813
0000181C
00001843
0000184B
0000184C
0000184F
0000000C
00000011
00000019
00000021
00000023
00000030
00000045
00000048
0000004E
00000059
0000005A
00000063
00000084
00000091
0000009E
000000B2
000000B9
000000C4
000000C8
000000CB
000000D8
000000DA
000000E6
000000FC
00000102
00000117
0000011D
0000011E
00000120
00000121
0000016F
0000019A
000001A7
000001AE
000001AF
000001B8
000001E8
000001EB
00000200
00000208
0000021C
00000225
00000235
00000249
0000025C
0000025E
0000027F
00000281
0000028E
000002C1
000002DC
00000304
0000031D
0000032A
00000334
000003A5
000003BB
000003C7
000003C8
000003CC
000003DD
000003E3
000003F5
00000402
00000408
00000415
00000431
00000436
0000046D
00000484
00000495
000004E1
000004EC
00000514
00000538
0000053B
00000574
0000057E
0000058D
0000058E
00000597
000005A8
000005D4
00000605
0000063C
0000065B
000006A7
000006D4
000006EE
00000719
0000073A
0000078C
0000079D
000007AA
000007CC
000007D2
00000853
000008A9
000008BD
000009AF
000009C8
000009E7
00000A39
00000A4A
00000A4B
00000A92
00000A9A
00000A9F
00000AB3
00000AC6
00000ACE
00000B1E
00000B67
00000BBB
00000C28
00000C3D
00000C70
00000CEA
00000CED
00000D3C
00000DCB
00000E05
00000E31
00000E48
00000E82
00000EC0
00000EF0
00000FD0
00001009
00001010
0000101C
00001024
00001029
0000103B
0000103E
00001072
0000108F
00001097
0000109B
000010B0
000010DF
000010F4
000010FD
00001106
00001131
0000116B
0000118A
000011F3
00001207
00001229
00001230
00001232
00001244
00001286
000012A0
000012D3
000012E8
00001311
0000131A
0000133D
00001382
000013BA
000013DA
000013DB
00001410
00001437
00001453
00001469
0000148B
0000149D
000014F8
0000150A
00001521
0000152A
0000152B
0000152E
00001537
00001539
0000155B
00001574
0000158F
00001590
00001592
00001593
0000159C
000015B0
000015B7
000015C2
00001603
0000160F
00001611
00001620
00001621
00001626
00001629
00001635
0000163C
00001643
00001645
00001647
0000164D
00001650
00001655
0000165C
00001664
0000166C
00001675
00001676
00001685
00001688
00001689
00001691
000016EB
00001700
00001702
00001718
00001736
00001747
0000175D
00001786
000017C2
000017C5
000017D6
000017DF
000017EF
000017F4
000017FF
00001807
0000180E
00001815
00001818
0000183F
00000010
00000012
00000024
00000049
00000058
0000005E
00000064
0000006D
0000008A
0000008C
000000A9
000000BD
000000CD
000000D5
000000DB
000000DC
000000EB
00000109
0000010F
00000144
0000014B
0000014E
00000174
000001B5
000001C5
000001F4
00000205
00000234
0000023B
000002D2
000002D3
0000031F
00000328
0000032B
00000378
0000038E
000003AD
000003C3
0000042A
0000043B
00000475
000004F6
0000054E
00000595
00000646
00000674
000006D9
00000700
0000074A
00000765
0000081D
00000883
00000902
00000940
000009CE
000009F0
00000BFC
00000C73
00000D6E
00000D7C
00000EBF
00000EEE
00000F56
00000F5C
00000F5E
00000F7A
00000FC3
00000FCB
00000FCC
00001008
0000102A
000010B3
000010C6
0000116C
00001215
00001216
00001238
00001268
0000127B
00001285
00001293
0000129A
000012A9
000012C8
00001305
0000132A
00001338
000013C6
000013E7
000013F0
00001403
00001472
000014A0
00001507
00001509
0000150E
00001511
00001517
00001541
00001549
00001554
00001567
00001573
00001575
0000157B
0000157C
00001588
000015A0
000015A5
000015B1
000015C4
000015C7
000015D5
00001601
0000160A
0000161C
0000163E
0000163F
0000164E
00001653
00001663
00001677
00001686
0000168D
00001696
000016A6
000016B2
000016BE
000016E4
000016EA
000016EF
000016F3
00001706
00001739
00001745
0000174B
00001753
00001763
00001775
000017AC
000017B4
000017BC
000017D1
000017DD
000017E4
000017E5
000017EA
000017F6
000017F9
000017FB
00001800
0000182E
0000185D
00001866
00000007
00000068
00000081
00000092
000000BB
000000CA
00000103
0000015E
0000016E
0000017D
0000018E
0000019C
000001D7
00000209
00000244
000002A4
000002A9
000002AC
0000033E
000003DC
00000448
000004F7
0000052E
0000058A
00000603
0000061E
00000644
00000702
00000726
00000831
000008F4
00000916
000009FB
00000A38
00000AE9
00000BF6
00000C12
00000C93
00000D43
00000DAD
00000DEA
00000EA0
00001021
00001022
000011E5
0000125E
00001301
0000152C
00001535
00001538
0000154F
00001557
00001558
00001568
0000157D
0000159F
000015AA
000015D6
000015D9
000015F0
000015F4
00001639
00001670
00001687
0000168F
000016DF
00001795
000017C0
000017DA
000017E0
00001848
0000184B
0000184C
0000185A
0000004E
0000006C
00000084
000000AA
000000C8
000000CB
0000012E
0000013B
0000015D
00000160
0000016C
0000016F
00000191
000001A4
000001AF
000001F0
00000213
00000224
00000235
0000023D
0000027F
00000282
0000029A
000002BC
000002F4
000002F7
00000300
0000030F
0000032A
0000032E
000003A9
000003B7
000003C7
000003EB
00000436
00000437
00000484
000004B4
000004DD
000004FA
0000051C
00000541
00000597
000005D4
0000063C
0000074E
00000850
000008B9
00000A92
00000B67
00000C72
00000E05
00001006
00001060
00001086
000010B6
000010EB
0000110C
000011BA
000011E1
00001230
00001292
000012D3
00001373
00001382
000013E5
000013F6
000014E8
000014F6
00001537
0000155E
00001576
00001582
00001586
0000158A
000015A1
000015A8
000015AC
000015B9
000015BE
000015C2
000015D0
000015F1
00001661
0000168A
0000169F
000016C0
000016D1
000017AE
000017E1
000017E2
00001814
00001825
00001841
00001843
00000010
00000018
0000001D
00000024
00000058
00000059
0000005E
0000008C
00000099
000000D5
000000E6
0000012C
00000174
0000019A
000001B5
000001E5
00000203
0000022D
0000023B
000003AD
000003B0
000003E5
000003F5
0000041C
00000575
00000604
000006D9
00000700
000008C4
00000902
00000965
000009E7
000009EF
00000D53
00000D7C
00000E48
00000E70
00000EBF
0000109B
000010B0
000010C6
00001210
00001268
000012C8
00001302
00001305
00001504
00001518
00001532
000015A9
000017EF
00001868
00000045
00000081
000000C4
00000144
00000187
000001CA
000001CC
000001DE
00000208
0000021C
00000234
0000023C
000002AB
0000033E
0000039E
00000431
0000044D
000004EF
00000525
0000057A
0000058D
0000061E
00000674
00000733
00000760
000007A3
00000977
00000D43
00000EA0
000010B3
0000125E
0000137C
000013E7
000000C8
00000102
00000120
0000013B
0000016C
0000027F
00000281
000005BC
000006F1
0000081D
000009FB
00000C72
00000E05
0000131A
00001517
00001568
00001573
000015A5
000015D5
000017E5
00000059
0000005A
00000099
000000E6
0000018E
0000019A
0000042A
000004CD
000006D9
00000899
00000902
00000C93
00000D7C
00000EBF
0000112D
0000127B
00001305
0000154F
000017DA
00000023
00000058
000001CC
000001E3
00000232
00000234
000002AB
0000033E
000003DF
00000405
00000620
00000682
00000940
00000D43
00000EA0
000010C1
0000110C
00001230
00001385
0000144D
00001470
00000019
00000167
0000019C
000001D7
00000262
00000297
000002EC
00000DAD
00000DEA
00000E6E
000010D0
00001301
00001362
000014A4
00001567
00001646
0000180A
0000185A
0000004E
0000008A
0000008C
000000A5
00000199
00000225
00000300
000004B4
000004FA
00000541
00000850
000009FB
00000B7A
000011BA
0000152E
00001586
000015BE
000015C2
00001605
00001627
00001634
0000169F
000017E2
0000180E
0000184B
00000029
00000059
0000006C
00000257
00000965
0000110C
00001292
00000043
00000163
00000B13
00000C33
00000CFA
00000DC6
00000DFB
00000E5B
00000E68
00000F15
00000F17
00000F1D
00000F63
00000F7D
00000FA7
00000FB5
00000FC2
00000FCA
00000FDA
00000FE1
00000FE8
00000FFD
00001000
0000100A
0000100B
0000100D
00001015
00001020
0000102B
00001044
00001047
0000104F
00001051
00001055
00001056
00001068
00001069
0000106C
00001071
00001075
00001079
0000107C
00001080
00001085
00001087
00001089
0000108A
0000108B
0000108E
00001094
00001095
000010E6
000011AA
00001221
00001266
0000128A
000012CA
000012EC
000013BB
0000145F
00001467
0000146E
00001482
00001483
00001485
000014CF
00001842
00001845
00001847
0000184E
00001851
00001852
00001857
0000185B
00001860
0000186C
0000186D
00001871
00001872
00001877
00001878
0000187B
0000187C
0000187F
00001881
00001882
00001883
00000036
00000041
0000006D
0000006F
000000A9
000000B8
000000DE
00000105
00000138
0000013D
0000013F
00000148
00000152
0000017E
00000193
0000019F
000001BA
000001C4
000001C5
000001FA
0000020A
00000231
00000237
0000024F
0000026E
00000290
00000298
000002CC
000002D5
000002F5
000002FD
0000030D
00000317
0000034A
00000353
00000389
000003AE
000003D5
00000400
0000042E
0000048D
000004B5
000004BD
000004E8
00000526
000005A6
000005A9
000005B3
000005D8
000005FC
00000651
0000065C
0000069A
000006BE
0000071A
00000749
00000766
000007D6
00000805
00000813
00000817
00000849
00000872
000008AE
000008CB
000008EE
0000091A
00000952
000009F3
00000AF5
00000B14
00000B2B
00000B2C
00000B30
00000BB0
00000BE5
00000BFA
00000D5E
00000EE2
00000F12
00000F2B
00000FB7
00000FD4
00001049
0000105D
00001097
000010A9
000010B8
000010C2
000010D2
000010D5
000010DB
0000110B
00001119
0000119F
000011C6
000011E3
0000123A
00001288
000012EB
000012F4
000012F5
00001338
00001339
0000135F
000013DA
0000142D
00001453
000014A2
000014AE
000014C1
00001870
00000003
00000004
00000007
0000001D
00000030
00000057
00000073
0000009B
000000A1
000000AC
000000CC
000000DA
000000FB
0000016E
0000017D
00000196
000001CC
000001DD
00000230
00000233
0000023C
0000024A
00000271
00000275
00000278
00000284
00000299
000002C0
00000314
00000331
0000033E
00000354
0000035A
0000037E
00000395
000003CC
000003E2
000003EC
000003F7
00000491
0000050B
00000537
00000548
0000054E
00000559
0000056C
00000573
00000575
000005AE
000005EE
000005F2
0000061F
00000635
00000652
00000680
00000686
0000068D
00000690
000006B1
000006B9
000006BD
00000701
00000714
0000071E
00000753
0000075D
00000779
00000786
0000078C
0000079A
000007BB
000007BC
000007CD
000007E5
000007E9
000007F8
00000801
00000818
00000824
0000082E
00000844
00000877
00000898
000008BE
000008C5
000008D6
000008E4
000008E9
00000903
00000907
0000091F
00000923
00000928
00000943
0000094B
00000961
00000975
00000990
000009A2
00000A02
00000A06
00000A0C
00000A12
00000A2F
00000A4D
00000A69
00000A97
00000B36
00000B4D
00000B6D
00000B8D
00000BEC
00000C31
00000C50
00000C64
00000C66
00000C95
00000CB7
00000CC7
00000CC9
00000CDB
00000CE1
00000CF3
00000D00
00000D0E
00000D1A
00000D3B
00000DF8
00000E27
00000E2E
00000E39
00000E5A
00000EE6
00000EF5
00000EF9
00000F2F
00000F37
00000F3A
00000F8B
00000FB6
000010F1
0000110C
0000111E
00001125
00001128
0000112E
00001137
00001138
00001172
000011A6
000011AB
000011DC
000011EA
000011ED
000011F4
00001217
0000122E
0000129F
000012C1
000012CF
000012F6
0000130C
0000130D
00001350
00001364
000013C3
000013EC
00001410
00001413
00001426
00001427
00001454
00001455
00001456
0000145D
0000148C
000014AA
000014AD
000014E2
000014E8
000014EE
00001513
00001557
00001558
0000156F
00001581
000015A1
000015B9
000015D0
00001639
00001661
0000168A
0000168F
000017BB
00001843
00000018
00000021
00000027
0000003B
0000003E
0000003F
0000004D
00000054
00000059
0000005A
00000061
00000065
00000067
00000075
00000076
00000088
00000092
00000093
0000009C
0000009E
000000A7
000000BA
000000BB
000000C5
000000CB
000000CD
000000EC
000000FC
00000119
00000136
0000014A
0000015F
00000165
0000016A
00000178
00000188
000001A7
000001A8
000001B1
000001B2
000001B3
000001CB
000001CE
000001D6
000001E8
000001EB
000001FD
00000209
00000225
00000249
00000250
00000260
00000262
000002BB
000002CA
000002EF
0000034C
0000037F
0000039B
000003AC
000003B2
000003C6
000003F4
00000409
00000422
00000434
00000442
00000467
00000476
00000488
00000497
00000501
0000052B
00000536
0000059B
000005A4
00000605
0000060F
0000063D
00000646
00000650
00000695
0000069C
000006A2
000006A3
000006B8
000006E9
000006F9
00000745
0000074A
0000074B
0000074D
0000075F
00000765
00000767
0000076C
00000781
000007B1
000007B7
000007C1
000007C9
000007CA
000007E0
000007E7
000007ED
000007F9
00000806
0000087D
00000891
000008A5
000008D5
000008DD
000008DF
000008EB
00000914
0000091B
00000922
00000956
0000097B
000009D9
000009DE
000009E8
000009F8
00000A16
00000A1B
00000A27
00000A64
00000A8B
00000AA8
00000AC1
00000B15
00000B44
00000B5B
00000B78
00000BA6
00000BAF
00000BB7
00000BBB
00000BD7
00000C16
00000C44
00000CB4
00000CF5
00000D16
00000DAD
00000DEA
00000E25
00000E34
00000EB0
00000ED6
00000F8E
00001030
000010F3
000010FB
00001139
0000114D
0000115B
00001166
00001173
000011D4
00001209
00001258
00001268
0000126C
00001270
00001276
000012FA
0000131C
00001334
0000133B
0000133E
0000134B
0000134F
00001360
00001370
00001371
00001380
00001382
00001389
000013B7
000013BF
000013C2
000013C7
000013DB
000013F1
00001402
0000146D
0000148B
0000149C
000014E0
00001509
0000152C
0000152F
00001575
0000157B
0000158A
0000158F
000015C2
0000160F
0000168E
000017B6
000017C1
000017D4
000017D7
000017E0
000017EA
00001801
00001841
0000184B
0000001A
0000001E
00000024
00000029
00000049
0000004E
0000005E
0000006B
0000006D
00000084
0000008A
0000008C
00000094
000000A3
000000A5
000000AA
000000AF
000000C4
000000C7
000000D7
00000104
0000010F
00000133
0000015D
00000179
0000017F
00000187
00000199
000001A3
000001A6
000001AC
000001E5
000001EA
000001F0
000001F5
00000205
00000213
0000021B
0000023D
00000269
0000029A
0000029B
000002A1
000002AE
000002BF
000002D2
000002E7
000002F7
00000300
00000319
0000031F
00000328
0000032B
00000337
00000362
00000364
0000038A
0000038E
0000039F
000003A4
000003A9
000003E4
000003E9
00000403
0000041A
0000041D
00000451
00000458
0000045A
00000465
00000466
00000478
00000484
0000048C
0000048E
000004A1
000004AC
000004AD
000004B4
000004B7
000004C3
000004CF
000004D6
000004DC
000004DF
000004F2
000004F9
000004FA
000004FC
00000507
00000529
0000053D
00000560
00000568
000005B2
000005C0
000005C1
000005DA
000005E2
00000603
00000622
00000625
0000062F
00000632
00000640
00000654
0000068A
00000692
00000696
0000069D
000006A0
000006B2
000006B3
000006C3
000006D5
000006DD
000006E0
000006F6
000006F7
000006FB
000006FC
000006FF
0000070A
0000072C
0000072D
00000738
00000741
00000743
0000074E
00000772
00000787
00000788
000007A3
000007EB
000007F1
00000831
00000839
00000847
0000084D
00000864
00000869
00000883
00000889
0000088A
0000088B
0000089B
000008AA
000008D2
000008D9
000008EA
000008F2
000008F9
00000915
00000920
00000925
00000964
00000983
0000099C
000009B9
000009BE
000009C8
000009CE
000009D0
000009E5
000009E9
000009F0
000009F9
00000A2B
00000A34
00000A52
00000A5E
00000A92
00000A9A
00000AA7
00000AB3
00000ABE
00000AD5
00000AE9
00000B67
00000B79
00000B83
00000B93
00000B95
00000B9B
00000BF6
00000C13
00000C73
00000C9E
00000CC6
00000CCE
00000CDD
00000D3C
00000D47
00000D5C
00000DAA
00000DBD
00000DD8
00000E40
00000E41
00000E50
00000E73
00000E93
00000EBB
00000ECC
00000ED0
00000ED7
00000ED9
00000EEE
00000F0A
00000F28
00000F47
00000F5C
00000F64
00000F7A
00000FC3
0000105E
00001077
00001086
00001097
000010A5
000010AB
000010BE
000010C0
000010DD
000010E9
000010ED
000010F0
000010F5
00001136
00001151
0000119D
000011BA
000011C4
000011CF
000011D9
000011E0
000011E1
000011F3
00001208
00001218
00001225
00001238
00001240
0000124B
00001254
0000125C
0000125F
00001260
0000126B
00001274
000012A4
000012B3
000012B6
000012C5
000012C7
000012D3
000012DF
000012E1
000012E4
000012FB
0000132A
00001337
0000135F
00001365
0000136C
00001390
000013BC
000013C5
000013C6
000013DE
000013F7
00001403
00001442
00001443
0000144D
0000148E
00001495
000014D2
000014F1
0000150B
0000151B
00001534
00001549
0000155E
0000157F
00001582
00001586
0000159C
000015A8
000015B3
000015BE
000015D3
000015DC
000015E1
000015E4
000015E5
000015E8
0000160C
00001612
0000164E
0000169F
000016C0
000016D1
000017BC
000017D6
000017DD
000017E1
000017E4
000017E9
000017F9
00001814
0000184C
0000185A
