timestep,raw34_hex,low32_hex,high2_hex
0,0000EDA8F,000EDA8F,0
1,3FFF0EC44,FFF0EC44,3
2,3FFF816CF,FFF816CF,3
3,3FFF66140,FFF66140,3
4,0000FC8AE,000FC8AE,0
5,3FFEF3C79,FFEF3C79,3
6,3FFFA77F5,FFFA77F5,3
7,00000046F,0000046F,0
8,00006CAA5,0006CAA5,0
9,0002052F0,002052F0,0
10,3FFF8C2A6,FFF8C2A6,3
11,0002168BE,002168BE,0
12,00010B1CC,0010B1CC,0
13,00014BCD7,0014BCD7,0
14,000080561,00080561,0
15,3FFF42018,FFF42018,3
16,3FFFE521D,FFFE521D,3
17,3FFF6BAA6,FFF6BAA6,3
18,0000C751F,000C751F,0
19,3FFF9A455,FFF9A455,3
20,00001CC58,0001CC58,0
21,00003D98F,0003D98F,0
22,0000FA578,000FA578,0
23,00004A943,0004A943,0
24,3FFFC34FD,FFFC34FD,3
25,3FFFA7518,FFFA7518,3
26,00013DDFE,0013DDFE,0
27,0000F0209,000F0209,0
28,0000167D6,000167D6,0
29,000047044,00047044,0
30,00018F7CC,0018F7CC,0
31,0000A0B86,000A0B86,0
32,3FFF80D4C,FFF80D4C,3
33,3FFFB3089,FFFB3089,3
34,3FFF4E858,FFF4E858,3
35,3FFEF3C5E,FFEF3C5E,3
36,000014AEE,00014AEE,0
37,0000C7297,000C7297,0
38,3FFF02C3F,FFF02C3F,3
39,00002D3B8,0002D3B8,0
40,00002A39A,0002A39A,0
41,3FFF316B7,FFF316B7,3
42,0000170AB,000170AB,0
43,3FFF4EBB8,FFF4EBB8,3
44,3FFF1933E,FFF1933E,3
45,3FFF5CC52,FFF5CC52,3
46,00009A235,0009A235,0
47,0000CF38F,000CF38F,0
48,0001BB223,001BB223,0
49,000013E33,00013E33,0
50,3FFD14E47,FFD14E47,3
51,3FFE5E64F,FFE5E64F,3
52,3FFDEE548,FFDEE548,3
53,3FFFE661A,FFFE661A,3
54,00011C150,0011C150,0
55,3FFFCD90B,FFFCD90B,3
56,3FFDE99D3,FFDE99D3,3
57,0000096A8,000096A8,0
58,0000FA690,000FA690,0
59,3FFF12396,FFF12396,3
60,00008FD37,0008FD37,0
61,000060B19,00060B19,0
62,3FFF7FD65,FFF7FD65,3
63,000040ED5,00040ED5,0
64,00006F811,0006F811,0
65,3FFFDE768,FFFDE768,3
66,3FFEF72AD,FFEF72AD,3
67,3FFFB775A,FFFB775A,3
68,0001C1D75,001C1D75,0
69,000032503,00032503,0
70,3FFFD99A2,FFFD99A2,3
71,3FFF4FDD0,FFF4FDD0,3
72,3FFF2B968,FFF2B968,3
73,0000CF5D1,000CF5D1,0
74,00034D655,0034D655,0
75,3FFEEDBA6,FFEEDBA6,3
76,0000F05B8,000F05B8,0
77,3FFF4C3B2,FFF4C3B2,3
78,3FFEE33E0,FFEE33E0,3
79,00006A4EC,0006A4EC,0
80,3FFFB04A7,FFFB04A7,3
81,3FFFBF09D,FFFBF09D,3
82,00000058A,0000058A,0
83,00008501B,0008501B,0
84,3FFE4938A,FFE4938A,3
85,00022AADC,0022AADC,0
86,0000EE1AB,000EE1AB,0
87,0000E6E64,000E6E64,0
88,3FFFA27AA,FFFA27AA,3
89,00001E82A,0001E82A,0
90,3FFFE37AC,FFFE37AC,3
91,3FFFFC868,FFFFC868,3
92,00006ECB2,0006ECB2,0
93,3FFF5021D,FFF5021D,3
94,3FFE743CC,FFE743CC,3
95,0000CAFA5,000CAFA5,0
96,3FFED4178,FFED4178,3
97,0000467D3,000467D3,0
98,000043695,00043695,0
99,00009ECFE,0009ECFE,0
100,0012930F2,012930F2,0
101,001379D2C,01379D2C,0
102,0012AB57A,012AB57A,0
103,0000B0012,000B0012,0
104,3FFFEFABC,FFFEFABC,3
105,3FFF16F3B,FFF16F3B,3
106,00003A171,0003A171,0
107,0000FFEAE,000FFEAE,0
108,0000D682A,000D682A,0
109,3FFF4C143,FFF4C143,3
110,3FFF048E9,FFF048E9,3
111,3FFE2B367,FFE2B367,3
112,3FFFDD91D,FFFDD91D,3
113,000031E2E,00031E2E,0
114,3FFED40D9,FFED40D9,3
115,0000A00F8,000A00F8,0
116,000145229,00145229,0
117,000001B6C,00001B6C,0
118,000122986,00122986,0
119,00015B229,0015B229,0
120,3FFEB6432,FFEB6432,3
121,0001E994E,001E994E,0
122,00005F7EE,0005F7EE,0
123,3FFEAB0FF,FFEAB0FF,3
124,000045A8E,00045A8E,0
125,3FFF9740C,FFF9740C,3
126,3FFF65FA4,FFF65FA4,3
127,3FFFC08A7,FFFC08A7,3
128,3FFF99311,FFF99311,3
129,3FFFC025F,FFFC025F,3
130,3FFFC01BA,FFFC01BA,3
131,000058D28,00058D28,0
132,3FFF93EC0,FFF93EC0,3
133,3FFE39459,FFE39459,3
134,3FFFC2E9A,FFFC2E9A,3
135,001438633,01438633,0
136,001225A06,01225A06,0
137,001414BD9,01414BD9,0
138,3FFFE1BD6,FFFE1BD6,3
139,3FFEC6582,FFEC6582,3
140,3FFF01940,FFF01940,3
141,3FFE1C11C,FFE1C11C,3
142,3FFFBE2D0,FFFBE2D0,3
143,3FFF76286,FFF76286,3
144,00012E88C,0012E88C,0
145,3FFE00EA4,FFE00EA4,3
146,3FFF602C1,FFF602C1,3
147,3FFF39440,FFF39440,3
148,0000C36AB,000C36AB,0
149,3FFF5F06C,FFF5F06C,3
150,3FFE89915,FFE89915,3
151,0000344F2,000344F2,0
152,3FFF24212,FFF24212,3
153,0000D13A0,000D13A0,0
154,3FFFF2144,FFFF2144,3
155,3FFF98B5A,FFF98B5A,3
156,3FFFE9B0E,FFFE9B0E,3
157,3FFEC7517,FFEC7517,3
158,3FFEA42EB,FFEA42EB,3
159,00002521E,0002521E,0
160,00004CCDE,0004CCDE,0
161,3FFFC7A9E,FFFC7A9E,3
162,3FFFB078A,FFFB078A,3
163,3FFF33279,FFF33279,3
164,000004DE9,00004DE9,0
165,0000B96E9,000B96E9,0
166,3FFEC932E,FFEC932E,3
167,3FFFC597E,FFFC597E,3
168,3FFE28C6E,FFE28C6E,3
169,3FFFCF1EB,FFFCF1EB,3
170,0013F1459,013F1459,0
171,00136B1C6,0136B1C6,0
172,001436237,01436237,0
173,0001260C2,001260C2,0
174,3FFFC0D1C,FFFC0D1C,3
175,3FFF10CCE,FFF10CCE,3
176,3FFE76A9F,FFE76A9F,3
177,3FFFE3EC8,FFFE3EC8,3
178,3FFFB41D4,FFFB41D4,3
179,0000701A1,000701A1,0
180,0000A28EE,000A28EE,0
181,3FFF8F616,FFF8F616,3
182,3FFF42571,FFF42571,3
183,0000178C5,000178C5,0
184,0000EFB75,000EFB75,0
185,3FFF847D8,FFF847D8,3
186,0000E6F0E,000E6F0E,0
187,00007A9A1,0007A9A1,0
188,3FFD701DF,FFD701DF,3
189,00012B1DB,0012B1DB,0
190,3FFF283D3,FFF283D3,3
191,3FFE896DC,FFE896DC,3
192,3FFF99367,FFF99367,3
193,000081251,00081251,0
194,3FFF1B93C,FFF1B93C,3
195,00005993F,0005993F,0
196,3FFE44DC0,FFE44DC0,3
197,00003C2D1,0003C2D1,0
198,3FFFBE103,FFFBE103,3
199,000151A6E,00151A6E,0
200,0001762EC,001762EC,0
201,3FFE85045,FFE85045,3
202,3FFEDFC69,FFEDFC69,3
203,3FFF8C35C,FFF8C35C,3
204,000131786,00131786,0
205,00132C666,0132C666,0
206,0014C5C5A,014C5C5A,0
207,00126A4D3,0126A4D3,0
208,00009D373,0009D373,0
209,3FFEC3BC2,FFEC3BC2,3
210,3FFFDECD2,FFFDECD2,3
211,3FFFA93D6,FFFA93D6,3
212,3FFFC3F06,FFFC3F06,3
213,3FFED6AAA,FFED6AAA,3
214,3FFFD2599,FFFD2599,3
215,000015737,00015737,0
216,3FFF8D3EF,FFF8D3EF,3
217,3FFEDB0A4,FFEDB0A4,3
218,0000C4643,000C4643,0
219,0000BEA84,000BEA84,0
220,000022DD6,00022DD6,0
221,000047E5F,00047E5F,0
222,3FFF4E812,FFF4E812,3
223,000029416,00029416,0
224,00007E277,0007E277,0
225,000045631,00045631,0
226,3FFFD4757,FFFD4757,3
227,000053F7F,00053F7F,0
228,0000CFC38,000CFC38,0
229,3FFFD1C82,FFFD1C82,3
230,3FFFD49D8,FFFD49D8,3
231,3FFE928BD,FFE928BD,3
232,0000682B1,000682B1,0
233,0000C3667,000C3667,0
234,3FFFD9CE2,FFFD9CE2,3
235,00012249B,0012249B,0
236,3FFF4EB61,FFF4EB61,3
237,3FFF3EB28,FFF3EB28,3
238,00004DEC0,0004DEC0,0
239,00009155C,0009155C,0
240,00142B22A,0142B22A,0
241,001470AF4,01470AF4,0
242,00117C7D1,0117C7D1,0
243,3FFF4F4B9,FFF4F4B9,3
244,00007F039,0007F039,0
245,000064D08,00064D08,0
246,000064EE5,00064EE5,0
247,3FFF3C178,FFF3C178,3
248,00016726C,0016726C,0
249,00026293B,0026293B,0
250,0001AD4C5,001AD4C5,0
251,000025F58,00025F58,0
252,3FFE52170,FFE52170,3
253,3FFEF989C,FFEF989C,3
254,3FFEC0D7B,FFEC0D7B,3
255,0001092B9,001092B9,0
256,0000D01E0,000D01E0,0
257,3FFF4728F,FFF4728F,3
258,0000DF438,000DF438,0
259,3FFF5922F,FFF5922F,3
260,3FFEC6186,FFEC6186,3
261,3FFF2FD2B,FFF2FD2B,3
262,3FFF5DD55,FFF5DD55,3
263,3FFEB603C,FFEB603C,3
264,00000F1F4,0000F1F4,0
265,3FFF81B25,FFF81B25,3
266,3FFF4E009,FFF4E009,3
267,00010B42C,0010B42C,0
268,3FFECB6AD,FFECB6AD,3
269,3FFF6090F,FFF6090F,3
270,3FFEC21C7,FFEC21C7,3
271,3FFF869DB,FFF869DB,3
272,0000E50BB,000E50BB,0
273,00007903D,0007903D,0
274,3FFF76B1C,FFF76B1C,3
275,0014304C4,014304C4,0
276,0013E2B41,013E2B41,0
277,0014245DA,014245DA,0
278,3FFE741F2,FFE741F2,3
279,0001FFADF,001FFADF,0
280,0001044B6,001044B6,0
281,3FFFAB975,FFFAB975,3
282,3FFFBD8D5,FFFBD8D5,3
283,0000E9330,000E9330,0
284,000047CEB,00047CEB,0
285,3FFFC2969,FFFC2969,3
286,000012864,00012864,0
287,000072FB1,00072FB1,0
288,000168764,00168764,0
289,3FFF44A28,FFF44A28,3
290,3FFF03411,FFF03411,3
291,0000F2A28,000F2A28,0
292,3FFEA8630,FFEA8630,3
293,3FFFCE13C,FFFCE13C,3
294,3FFFEB47D,FFFEB47D,3
295,3FFFD42F8,FFFD42F8,3
296,3FFF6A743,FFF6A743,3
297,3FFEC4993,FFEC4993,3
298,3FFEA9772,FFEA9772,3
299,00003B007,0003B007,0
300,0001E37C5,001E37C5,0
301,0001769E7,001769E7,0
302,3FFFEF5BA,FFFEF5BA,3
303,00002CC74,0002CC74,0
304,3FFF23557,FFF23557,3
305,000067B3E,00067B3E,0
306,00000D508,0000D508,0
307,3FFDF51EF,FFDF51EF,3
308,0000DF9D5,000DF9D5,0
309,000178B21,00178B21,0
310,001239FB8,01239FB8,0
311,0012ED214,012ED214,0
312,0013C9F86,013C9F86,0
313,3FFF96AB0,FFF96AB0,3
314,3FFFF7612,FFFF7612,3
315,3FFF928EC,FFF928EC,3
316,00001E939,0001E939,0
317,3FFEF4158,FFEF4158,3
318,3FFDF779E,FFDF779E,3
319,0001549E8,001549E8,0
320,3FFEE57F6,FFEE57F6,3
321,3FFED0811,FFED0811,3
322,0000AFA67,000AFA67,0
323,000119647,00119647,0
324,3FFF70C06,FFF70C06,3
325,3FFFFD0FB,FFFFD0FB,3
326,000134945,00134945,0
327,0000B518E,000B518E,0
328,3FFF18936,FFF18936,3
329,0001D7476,001D7476,0
330,3FFEA2995,FFEA2995,3
331,0000ED003,000ED003,0
332,0000D29F8,000D29F8,0
333,3FFFEA0B6,FFFEA0B6,3
334,0001633F4,001633F4,0
335,000014DCC,00014DCC,0
336,00001E342,0001E342,0
337,00006E9F4,0006E9F4,0
338,3FFF55329,FFF55329,3
339,000277E17,00277E17,0
340,0000091E0,000091E0,0
341,3FFF4A887,FFF4A887,3
342,00002696D,0002696D,0
343,3FFED624D,FFED624D,3
344,3FFF4129A,FFF4129A,3
345,00149F578,0149F578,0
346,00168FD53,0168FD53,0
347,00118EA38,0118EA38,0
348,0000737D0,000737D0,0
349,3FFF7DEFC,FFF7DEFC,3
350,3FFF28C5F,FFF28C5F,3
351,0000F9254,000F9254,0
352,3FFF693B5,FFF693B5,3
353,0001CE0F2,001CE0F2,0
354,0000A8197,000A8197,0
355,3FFF2EED6,FFF2EED6,3
356,0000E7FD7,000E7FD7,0
357,3FFF26F8D,FFF26F8D,3
358,00005DFB6,0005DFB6,0
359,00003A132,0003A132,0
360,0002A8C75,002A8C75,0
361,3FFF7EF05,FFF7EF05,3
362,3FFFE50DE,FFFE50DE,3
363,3FFF93EA6,FFF93EA6,3
364,3FFF8F8CF,FFF8F8CF,3
365,000058DC8,00058DC8,0
366,3FFFBF6C0,FFFBF6C0,3
367,0000D19AC,000D19AC,0
368,00005653C,0005653C,0
369,000080A01,00080A01,0
370,3FFFE07E3,FFFE07E3,3
371,000049D58,00049D58,0
372,00018E1A7,0018E1A7,0
373,3FFFF6947,FFFF6947,3
374,3FFE9F01B,FFE9F01B,3
375,3FFF38A28,FFF38A28,3
376,3FFF461CB,FFF461CB,3
377,0001D11EE,001D11EE,0
378,00009A5B4,0009A5B4,0
379,3FFEC1A95,FFEC1A95,3
380,001411112,01411112,0
381,00139FF3C,0139FF3C,0
382,001325826,01325826,0
383,000006F05,00006F05,0
384,3FFF503F8,FFF503F8,3
385,3FFDBC77A,FFDBC77A,3
386,3FFEB6412,FFEB6412,3
387,0000A5906,000A5906,0
388,00016F00B,0016F00B,0
389,00004B9D8,0004B9D8,0
390,000028CC5,00028CC5,0
391,00009CD57,0009CD57,0
392,3FFF332F0,FFF332F0,3
393,00009A080,0009A080,0
394,00026126B,0026126B,0
395,00010337F,0010337F,0
396,000045F99,00045F99,0
397,3FFEF74FE,FFEF74FE,3
398,3FFF4A6CF,FFF4A6CF,3
399,0000801EF,000801EF,0
400,000030A07,00030A07,0
401,000085599,00085599,0
402,0000BD394,000BD394,0
403,00005F705,0005F705,0
404,0000A10A0,000A10A0,0
405,3FFFE5C62,FFFE5C62,3
406,0000BC93E,000BC93E,0
407,3FFFF6401,FFFF6401,3
408,0000A11A3,000A11A3,0
409,00001DC8D,0001DC8D,0
410,0000EDE96,000EDE96,0
411,3FFF95608,FFF95608,3
412,0001DE5E7,001DE5E7,0
413,0000BF6A8,000BF6A8,0
414,3FFD5E311,FFD5E311,3
415,0013FCDA9,013FCDA9,0
416,00140400B,0140400B,0
417,0012C4F64,012C4F64,0
418,000108E62,00108E62,0
419,3FFE48A15,FFE48A15,3
420,3FFF3F5F3,FFF3F5F3,3
421,3FFF42466,FFF42466,3
422,000100F8C,00100F8C,0
423,3FFF75B23,FFF75B23,3
424,3FFF0453F,FFF0453F,3
425,3FFF7A55A,FFF7A55A,3
426,3FFF8DBB0,FFF8DBB0,3
427,3FFF1335B,FFF1335B,3
428,3FFF97E2E,FFF97E2E,3
429,00017A821,0017A821,0
430,0001A9354,001A9354,0
431,3FFF65C16,FFF65C16,3
432,0000FCAC0,000FCAC0,0
433,3FFFA5E75,FFFA5E75,3
434,00003C7F0,0003C7F0,0
435,00012022F,0012022F,0
436,3FFF68F27,FFF68F27,3
437,3FFFFF421,FFFFF421,3
438,0000D0FC0,000D0FC0,0
439,3FFF7B5F7,FFF7B5F7,3
440,0001BA1D3,001BA1D3,0
441,0000CE99E,000CE99E,0
442,00010B2A9,0010B2A9,0
443,3FFDE834C,FFDE834C,3
444,0000229F0,000229F0,0
445,3FFD0D282,FFD0D282,3
446,3FFFBDC43,FFFBDC43,3
447,3FFF2AAA0,FFF2AAA0,3
448,000053FC9,00053FC9,0
449,00004975F,0004975F,0
450,00150593F,0150593F,0
451,001389AB5,01389AB5,0
452,001489E2C,01489E2C,0
453,000045FC1,00045FC1,0
454,3FFFB27EC,FFFB27EC,3
455,0001A2741,001A2741,0
456,00016B74B,0016B74B,0
457,3FFFBF047,FFFBF047,3
458,0000E5F5D,000E5F5D,0
459,0000D112F,000D112F,0
460,000086BDF,00086BDF,0
461,3FFFACDFC,FFFACDFC,3
462,000082193,00082193,0
463,000119585,00119585,0
464,3FFFFF43F,FFFFF43F,3
465,3FFFC3052,FFFC3052,3
466,000079D4A,00079D4A,0
467,3FFFCD05A,FFFCD05A,3
468,0000B1CE0,000B1CE0,0
469,3FFED2D8D,FFED2D8D,3
470,3FFDF29AC,FFDF29AC,3
471,0000F8C57,000F8C57,0
472,000038325,00038325,0
473,3FFF70876,FFF70876,3
474,0000D629A,000D629A,0
475,0000D2E8A,000D2E8A,0
476,3FFF69203,FFF69203,3
477,0001327D4,001327D4,0
478,3FFEFCDA6,FFEFCDA6,3
479,00000AD1D,0000AD1D,0
480,0000BA166,000BA166,0
481,00017B94A,0017B94A,0
482,00001D8AD,0001D8AD,0
483,3FFEFFC3F,FFEFFC3F,3
484,3FFF39996,FFF39996,3
485,00137F3CB,0137F3CB,0
486,00138DD90,0138DD90,0
487,001183BD0,01183BD0,0
488,3FFF7DC38,FFF7DC38,3
489,0000D799D,000D799D,0
490,3FFF6970B,FFF6970B,3
491,0000728AD,000728AD,0
492,000051272,00051272,0
493,3FFFC2ACF,FFFC2ACF,3
494,3FFF6D45B,FFF6D45B,3
495,3FFEB123D,FFEB123D,3
496,3FFEE1832,FFEE1832,3
497,3FFE894E0,FFE894E0,3
498,3FFE75AFD,FFE75AFD,3
499,3FFFD0B6B,FFFD0B6B,3
500,3FFF97346,FFF97346,3
501,000000551,00000551,0
502,3FFF05289,FFF05289,3
503,0001FF9D6,001FF9D6,0
504,3FFF3DF22,FFF3DF22,3
505,00007BF89,0007BF89,0
506,000070727,00070727,0
507,00013B6DC,0013B6DC,0
508,0000898CE,000898CE,0
509,3FFF8B27B,FFF8B27B,3
510,3FFEACAE9,FFEACAE9,3
511,00011ECBF,0011ECBF,0
512,0002084D5,002084D5,0
513,000014380,00014380,0
514,3FFF6CEE4,FFF6CEE4,3
515,3FFFE9A8A,FFFE9A8A,3
516,0000CB83A,000CB83A,0
517,0001C0CB9,001C0CB9,0
518,3FFFEA40C,FFFEA40C,3
519,0001C4E97,001C4E97,0
520,00136E415,0136E415,0
521,001235B75,01235B75,0
522,001361182,01361182,0
523,0000FD772,000FD772,0
524,3FFFDD8E7,FFFDD8E7,3
525,0001641C1,001641C1,0
526,000083A03,00083A03,0
527,0001171A0,001171A0,0
528,000093C1B,00093C1B,0
529,3FFF57807,FFF57807,3
530,3FFF8ED77,FFF8ED77,3
531,3FFFE3761,FFFE3761,3
532,3FFE9BEAE,FFE9BEAE,3
533,0000048DF,000048DF,0
534,3FFEDEC04,FFEDEC04,3
535,00002A8FC,0002A8FC,0
536,0000A5DFF,000A5DFF,0
537,00006D8CD,0006D8CD,0
538,3FFFFA932,FFFFA932,3
539,000062AB7,00062AB7,0
540,3FFFF74D9,FFFF74D9,3
541,0000ADF71,000ADF71,0
542,3FFF8C75C,FFF8C75C,3
543,0000EDC42,000EDC42,0
544,3FFF4BCD1,FFF4BCD1,3
545,3FFFD32E5,FFFD32E5,3
546,3FFEC26B3,FFEC26B3,3
547,3FFF5BE45,FFF5BE45,3
548,00006D4AB,0006D4AB,0
549,3FFF53446,FFF53446,3
550,000028431,00028431,0
551,3FFE55885,FFE55885,3
552,00008E37F,0008E37F,0
553,3FFF07F1A,FFF07F1A,3
554,000119CA1,00119CA1,0
555,0012ADD85,012ADD85,0
556,0012EC72E,012EC72E,0
557,00131F0A9,0131F0A9,0
558,3FFFC7602,FFFC7602,3
559,00008692E,0008692E,0
560,00003A46E,0003A46E,0
561,3FFFB7A94,FFFB7A94,3
562,3FFF45348,FFF45348,3
563,3FFF339D6,FFF339D6,3
564,3FFEF2144,FFEF2144,3
565,0000B78F7,000B78F7,0
566,0000730A6,000730A6,0
567,3FFDFD4C3,FFDFD4C3,3
568,3FFF5687A,FFF5687A,3
569,3FFFDD613,FFFDD613,3
570,3FFF102A0,FFF102A0,3
571,3FFF0CD39,FFF0CD39,3
572,3FFEE4E8F,FFEE4E8F,3
573,00015CAED,0015CAED,0
574,000013E81,00013E81,0
575,0000A67F6,000A67F6,0
576,3FFF32EE5,FFF32EE5,3
577,3FFF8ED63,FFF8ED63,3
578,00010DD0A,0010DD0A,0
579,3FFF3304E,FFF3304E,3
580,0000D8B1A,000D8B1A,0
581,0001BE083,001BE083,0
582,3FFFD555D,FFFD555D,3
583,0000E09C6,000E09C6,0
584,3FFF1AD0E,FFF1AD0E,3
585,3FFF396CF,FFF396CF,3
586,3FFF8A1B1,FFF8A1B1,3
587,3FFEFCA98,FFEFCA98,3
588,000183DD7,00183DD7,0
589,3FFFF527D,FFFF527D,3
590,00147E680,0147E680,0
591,00128BEDC,0128BEDC,0
592,0014271D0,014271D0,0
593,0000204BE,000204BE,0
594,3FFFA081F,FFFA081F,3
595,000185503,00185503,0
596,3FFF657F0,FFF657F0,3
597,3FFECF7C9,FFECF7C9,3
598,3FFF66691,FFF66691,3
599,00000C08B,0000C08B,0
600,3FFE96954,FFE96954,3
601,000080CBD,00080CBD,0
602,0000D6B69,000D6B69,0
603,3FFFF7EC2,FFFF7EC2,3
604,3FFF1C467,FFF1C467,3
605,3FFF0973C,FFF0973C,3
606,0000F7885,000F7885,0
607,3FFF94A92,FFF94A92,3
608,000067F87,00067F87,0
609,0000AF7D3,000AF7D3,0
610,00008008A,0008008A,0
611,00013E322,0013E322,0
612,3FFF9FBF6,FFF9FBF6,3
613,3FFE957A7,FFE957A7,3
614,3FFFB24E3,FFFB24E3,3
615,0000EDFBB,000EDFBB,0
616,3FFF58ECF,FFF58ECF,3
617,3FFF9280D,FFF9280D,3
618,3FFE84A93,FFE84A93,3
619,3FFF3CEDF,FFF3CEDF,3
620,3FFFE5FF0,FFFE5FF0,3
621,3FFF46271,FFF46271,3
622,3FFF8AD6B,FFF8AD6B,3
623,000173C02,00173C02,0
624,3FFF4A18C,FFF4A18C,3
625,0013B8878,013B8878,0
626,00124488F,0124488F,0
627,0012AE923,012AE923,0
628,0000288EE,000288EE,0
629,3FFFC6676,FFFC6676,3
630,3FFF879C1,FFF879C1,3
631,3FFF2DFA8,FFF2DFA8,3
632,0000C68AF,000C68AF,0
633,3FFFD2686,FFFD2686,3
634,000053E2F,00053E2F,0
635,3FFE6B8CC,FFE6B8CC,3
636,00000236A,0000236A,0
637,00000B3CB,0000B3CB,0
638,3FFF7BF16,FFF7BF16,3
639,3FFEE8069,FFEE8069,3
640,00013E558,0013E558,0
641,00001566B,0001566B,0
642,0001C7F4D,001C7F4D,0
643,000054263,00054263,0
644,0000D7542,000D7542,0
645,3FFFB93BA,FFFB93BA,3
646,00011DFC1,0011DFC1,0
647,3FFFFB579,FFFFB579,3
648,3FFFA231F,FFFA231F,3
649,00015FCB7,0015FCB7,0
650,00005397E,0005397E,0
651,0000BCB15,000BCB15,0
652,3FFF9AE09,FFF9AE09,3
653,0000D3DF0,000D3DF0,0
654,3FFFADDB6,FFFADDB6,3
655,00008D28E,0008D28E,0
656,00002BEC5,0002BEC5,0
657,3FFE748B0,FFE748B0,3
658,3FFF62A3C,FFF62A3C,3
659,00008628E,0008628E,0
660,001402B88,01402B88,0
661,0011E2E15,011E2E15,0
662,001379996,01379996,0
663,000024877,00024877,0
664,3FFFE98F5,FFFE98F5,3
665,3FFFD17F9,FFFD17F9,3
666,0000F4C57,000F4C57,0
667,3FFE87170,FFE87170,3
668,3FFF9BEC2,FFF9BEC2,3
669,00028E7A9,0028E7A9,0
670,3FFF9B831,FFF9B831,3
671,0000B6614,000B6614,0
672,3FFEF6F9B,FFEF6F9B,3
673,3FFFEA3ED,FFFEA3ED,3
674,00000601B,0000601B,0
675,3FFE8CB95,FFE8CB95,3
676,3FFFBE0A6,FFFBE0A6,3
677,00006E209,0006E209,0
678,0001A8BB7,001A8BB7,0
679,3FFF453FF,FFF453FF,3
680,00007EBB0,0007EBB0,0
681,3FFF02A0F,FFF02A0F,3
682,0000A0EF8,000A0EF8,0
683,0000656C1,000656C1,0
684,3FFF185F0,FFF185F0,3
685,0001E6FE9,001E6FE9,0
686,00013BE5A,0013BE5A,0
687,3FFEC2FC9,FFEC2FC9,3
688,3FFF93190,FFF93190,3
689,3FFE3F80C,FFE3F80C,3
690,3FFEF2B84,FFEF2B84,3
691,3FFFA1B4C,FFFA1B4C,3
692,00008795F,0008795F,0
693,00001952E,0001952E,0
694,0000E2C41,000E2C41,0
695,0011B3D1F,011B3D1F,0
696,0013A08D3,013A08D3,0
697,0013987C3,013987C3,0
698,3FFF4594E,FFF4594E,3
699,00006FFF3,0006FFF3,0
700,00005B694,0005B694,0
701,3FFFBA5AC,FFFBA5AC,3
702,000083C77,00083C77,0
703,00007E92A,0007E92A,0
704,3FFFEF741,FFFEF741,3
705,3FFDF6E0E,FFDF6E0E,3
706,000110CC7,00110CC7,0
707,00014CE59,0014CE59,0
708,3FFFA9734,FFFA9734,3
709,0001096E6,001096E6,0
710,3FFEA8D97,FFEA8D97,3
711,0000175B9,000175B9,0
712,3FFF0CDE6,FFF0CDE6,3
713,3FFF94563,FFF94563,3
714,3FFF091BC,FFF091BC,3
715,3FFFAED79,FFFAED79,3
716,3FFED1F25,FFED1F25,3
717,3FFFDD1B7,FFFDD1B7,3
718,3FFEBDEEF,FFEBDEEF,3
719,0000BA858,000BA858,0
720,3FFE9BB33,FFE9BB33,3
721,0000D8971,000D8971,0
722,00003453B,0003453B,0
723,00006241C,0006241C,0
724,000014827,00014827,0
725,3FFED0240,FFED0240,3
726,3FFF9B8CB,FFF9B8CB,3
727,3FFF7B7F5,FFF7B7F5,3
728,3FFFCD5FB,FFFCD5FB,3
729,3FFEC4690,FFEC4690,3
730,0014B2ED3,014B2ED3,0
731,001335E2B,01335E2B,0
732,0013DE3F1,013DE3F1,0
733,0000737A2,000737A2,0
734,3FFF8DEEF,FFF8DEEF,3
735,3FFF29E50,FFF29E50,3
736,3FFE16799,FFE16799,3
737,3FFF4B476,FFF4B476,3
738,0000834F6,000834F6,0
739,00011994D,0011994D,0
740,3FFF73DE0,FFF73DE0,3
741,0000F168D,000F168D,0
742,3FFFF6572,FFFF6572,3
743,000165A02,00165A02,0
744,0000C148E,000C148E,0
745,00014565E,0014565E,0
746,3FFEEE8DA,FFEEE8DA,3
747,3FFDB97A8,FFDB97A8,3
748,000015492,00015492,0
749,000008A43,00008A43,0
750,3FFF9B764,FFF9B764,3
751,0000BF1BE,000BF1BE,0
752,3FFFD83FF,FFFD83FF,3
753,0000605C9,000605C9,0
754,00003FA9F,0003FA9F,0
755,3FFEEBFFF,FFEEBFFF,3
756,3FFF022DE,FFF022DE,3
757,3FFF76FE6,FFF76FE6,3
758,0000213BF,000213BF,0
759,3FFF6D8A6,FFF6D8A6,3
760,3FFECF810,FFECF810,3
761,3FFEF2CB5,FFEF2CB5,3
762,3FFF971B4,FFF971B4,3
763,00008BB30,0008BB30,0
764,3FFF1C279,FFF1C279,3
765,0012F89F4,012F89F4,0
766,0012D3A14,012D3A14,0
767,0013F181B,013F181B,0
768,0001C30E7,001C30E7,0
769,3FFE91032,FFE91032,3
770,3FFE5B362,FFE5B362,3
771,00005A7FC,0005A7FC,0
772,0000D813A,000D813A,0
773,000033672,00033672,0
774,0000527BA,000527BA,0
775,3FFFE092C,FFFE092C,3
776,000012FF4,00012FF4,0
777,0001026F4,001026F4,0
778,0003836DA,003836DA,0
779,000078CDB,00078CDB,0
780,00009E6E1,0009E6E1,0
781,0002006A7,002006A7,0
782,0000A4B38,000A4B38,0
783,000152954,00152954,0
784,3FFE72630,FFE72630,3
785,0000A1E99,000A1E99,0
786,0000D1C0F,000D1C0F,0
787,0000A6F20,000A6F20,0
788,3FFEFD9D4,FFEFD9D4,3
789,3FFFEAED3,FFFEAED3,3
790,000199550,00199550,0
791,3FFEE884A,FFEE884A,3
792,3FFF359DE,FFF359DE,3
793,3FFF27C6E,FFF27C6E,3
794,3FFECC770,FFECC770,3
795,0001E2F93,001E2F93,0
796,3FFF49216,FFF49216,3
797,000156B87,00156B87,0
798,0000206AD,000206AD,0
799,3FFFEB450,FFFEB450,3
800,00137CD89,0137CD89,0
801,001409244,01409244,0
802,0014D5CDD,014D5CDD,0
803,0002245C0,002245C0,0
804,000094048,00094048,0
805,3FFF6DCC5,FFF6DCC5,3
806,3FFF0C69D,FFF0C69D,3
807,3FFE9D487,FFE9D487,3
808,3FFFE4699,FFFE4699,3
809,00003E82D,0003E82D,0
810,00000A55A,0000A55A,0
811,3FFEA0C30,FFEA0C30,3
812,000127BC4,00127BC4,0
813,000178162,00178162,0
814,3FFF7A297,FFF7A297,3
815,00004E274,0004E274,0
816,00012701D,0012701D,0
817,3FFFA6DD5,FFFA6DD5,3
818,000127C05,00127C05,0
819,3FFE3E540,FFE3E540,3
820,3FFE4AAFC,FFE4AAFC,3
821,3FFE19B1C,FFE19B1C,3
822,3FFF99044,FFF99044,3
823,3FFE32887,FFE32887,3
824,3FFFBBB2D,FFFBBB2D,3
825,00012FE72,0012FE72,0
826,00005780B,0005780B,0
827,0000B0C00,000B0C00,0
828,3FFF1B587,FFF1B587,3
829,3FFFA9030,FFFA9030,3
830,0000B681C,000B681C,0
831,0000D15A0,000D15A0,0
832,3FFEC733D,FFEC733D,3
833,3FFF61DC2,FFF61DC2,3
834,00001FFED,0001FFED,0
835,0014505AB,014505AB,0
836,0010ECD35,010ECD35,0
837,0012D9C95,012D9C95,0
838,3FFF7823F,FFF7823F,3
839,3FFEA6F47,FFEA6F47,3
840,3FFF457A3,FFF457A3,3
841,3FFFD4EEF,FFFD4EEF,3
842,0000FEEFC,000FEEFC,0
843,000098992,00098992,0
844,000192AAF,00192AAF,0
845,000038F35,00038F35,0
846,0000140FE,000140FE,0
847,3FFEE5D07,FFEE5D07,3
848,3FFFD9A29,FFFD9A29,3
849,00017B794,0017B794,0
850,0000B2710,000B2710,0
851,3FFF98E4C,FFF98E4C,3
852,000142432,00142432,0
853,000093868,00093868,0
854,00005AA03,0005AA03,0
855,3FFD19CD1,FFD19CD1,3
856,3FFF46841,FFF46841,3
857,0000C122C,000C122C,0
858,3FFFE7A46,FFFE7A46,3
859,0000567FE,000567FE,0
860,0001647E9,001647E9,0
861,3FFDA9D5A,FFDA9D5A,3
862,3FFF8AB74,FFF8AB74,3
863,3FFF37518,FFF37518,3
864,00014B476,0014B476,0
865,3FFFDFFD7,FFFDFFD7,3
866,000041E44,00041E44,0
867,3FFE92E0C,FFE92E0C,3
868,00007D5D6,0007D5D6,0
869,3FFF02466,FFF02466,3
870,001449775,01449775,0
871,00130468D,0130468D,0
872,00130372C,0130372C,0
873,3FFEE103C,FFEE103C,3
874,00011A4B6,0011A4B6,0
875,3FFF328CE,FFF328CE,3
876,3FFF72016,FFF72016,3
877,0001280C8,001280C8,0
878,3FFFE93E8,FFFE93E8,3
879,0000F6B63,000F6B63,0
880,3FFFF0AB7,FFFF0AB7,3
881,000068F58,00068F58,0
882,0000AD59C,000AD59C,0
883,3FFF845A9,FFF845A9,3
884,3FFE3CC11,FFE3CC11,3
885,3FFF01BE1,FFF01BE1,3
886,3FFF8F042,FFF8F042,3
887,000013368,00013368,0
888,0001324C1,001324C1,0
889,0000363D1,000363D1,0
890,00000D170,0000D170,0
891,3FFF1391D,FFF1391D,3
892,000020C81,00020C81,0
893,3FFF1CC05,FFF1CC05,3
894,3FFF63A3A,FFF63A3A,3
895,3FFFAD43E,FFFAD43E,3
896,3FFF6DA1D,FFF6DA1D,3
897,000089403,00089403,0
898,0000CCE80,000CCE80,0
899,000097C28,00097C28,0
900,3FFDAAEB7,FFDAAEB7,3
901,3FFFD59CF,FFFD59CF,3
902,3FFE41BCA,FFE41BCA,3
903,3FFF42705,FFF42705,3
904,3FFFD3CE4,FFFD3CE4,3
905,0013FFFA9,013FFFA9,0
906,0012E1937,012E1937,0
907,00144D4F7,0144D4F7,0
908,0000BCFD2,000BCFD2,0
909,3FFFB74A1,FFFB74A1,3
910,0000A9DA6,000A9DA6,0
911,3FFF869A5,FFF869A5,3
912,00006A10A,0006A10A,0
913,3FFFE2494,FFFE2494,3
914,00003CCE8,0003CCE8,0
915,3FFF1F57C,FFF1F57C,3
916,00012963C,0012963C,0
917,3FFEC18E7,FFEC18E7,3
918,3FFFCD0F7,FFFCD0F7,3
919,3FFF2D386,FFF2D386,3
920,000148304,00148304,0
921,3FFF6BA69,FFF6BA69,3
922,0000346FA,000346FA,0
923,00006C9D9,0006C9D9,0
924,3FFFC0EF0,FFFC0EF0,3
925,0002321A9,002321A9,0
926,3FFFED4DB,FFFED4DB,3
927,0000951E0,000951E0,0
928,000130A0C,00130A0C,0
929,0001138B7,001138B7,0
930,00008B5E0,0008B5E0,0
931,0000961AD,000961AD,0
932,000065587,00065587,0
933,3FFF58389,FFF58389,3
934,3FFFBE84D,FFFBE84D,3
935,0000B6EE4,000B6EE4,0
936,3FFF2F899,FFF2F899,3
937,0000C5240,000C5240,0
938,0000A028F,000A028F,0
939,000096676,00096676,0
940,0014ACF79,014ACF79,0
941,0013797F1,013797F1,0
942,00133D232,0133D232,0
943,3FFF32267,FFF32267,3
944,3FFDA9684,FFDA9684,3
945,3FFFB94CE,FFFB94CE,3
946,3FFF1F013,FFF1F013,3
947,3FFF8BDEE,FFF8BDEE,3
948,3FFDEE617,FFDEE617,3
949,00021AF1E,0021AF1E,0
950,3FFF1B947,FFF1B947,3
951,3FFF810B6,FFF810B6,3
952,0000762DB,000762DB,0
953,0000320E4,000320E4,0
954,000131D01,00131D01,0
955,3FFF49316,FFF49316,3
956,00019DEAB,0019DEAB,0
957,3FFF66611,FFF66611,3
958,3FFF92B66,FFF92B66,3
959,000091DE7,00091DE7,0
960,3FFF31EFD,FFF31EFD,3
961,00005821D,0005821D,0
962,3FFF0EA0A,FFF0EA0A,3
963,000025A23,00025A23,0
964,3FFFC0781,FFFC0781,3
965,00008AD4A,0008AD4A,0
966,3FFFBE362,FFFBE362,3
967,3FFF8FAD4,FFF8FAD4,3
968,3FFF5A3D4,FFF5A3D4,3
969,0000362A8,000362A8,0
970,0000A5A27,000A5A27,0
971,3FFECF305,FFECF305,3
972,3FFFB455B,FFFB455B,3
973,000068F78,00068F78,0
974,3FFF1CD43,FFF1CD43,3
975,00139C160,0139C160,0
976,00121B63D,0121B63D,0
977,0013B7C64,013B7C64,0
978,00007BEC1,0007BEC1,0
979,3FFEEB2DF,FFEEB2DF,3
980,0000E352D,000E352D,0
981,00008996D,0008996D,0
982,0001160B1,001160B1,0
983,0001ABDFA,001ABDFA,0
984,3FFFDBB10,FFFDBB10,3
985,00013DE0F,0013DE0F,0
986,3FFEDA6D4,FFEDA6D4,3
987,00021390E,0021390E,0
988,3FFFAC6C3,FFFAC6C3,3
989,3FFF61EC5,FFF61EC5,3
990,3FFF761F8,FFF761F8,3
991,0000F88D4,000F88D4,0
992,3FFEF97DD,FFEF97DD,3
993,00000BB5A,0000BB5A,0
994,00001AD9B,0001AD9B,0
995,00011D0CF,0011D0CF,0
996,000139088,00139088,0
997,0000B7608,000B7608,0
998,000150392,00150392,0
999,3FFFFE703,FFFFE703,3
1000,3FFF476D6,FFF476D6,3
1001,0000B7D07,000B7D07,0
1002,3FFFCBD83,FFFCBD83,3
1003,0000AC37D,000AC37D,0
1004,000028E3F,00028E3F,0
1005,0000E3A90,000E3A90,0
1006,0000343DC,000343DC,0
1007,0000C7348,000C7348,0
1008,00000CD32,0000CD32,0
1009,000104D38,00104D38,0
1010,001356FD4,01356FD4,0
1011,00126AA34,0126AA34,0
1012,0012D0D57,012D0D57,0
1013,0001EF79F,001EF79F,0
1014,000155D9B,00155D9B,0
1015,0000BDE24,000BDE24,0
1016,000232216,00232216,0
1017,3FFEEDD98,FFEEDD98,3
1018,3FFE84980,FFE84980,3
1019,0000CD9AE,000CD9AE,0
1020,00021BCBF,0021BCBF,0
1021,00000C231,0000C231,0
1022,3FFFF08EA,FFFF08EA,3
1023,000145C68,00145C68,0
1024,3FFFF1192,FFFF1192,3
1025,0000388A8,000388A8,0
1026,3FFF87528,FFF87528,3
1027,3FFF63CDE,FFF63CDE,3
1028,0000A7DE8,000A7DE8,0
1029,3FFFDEE99,FFFDEE99,3
1030,00000B412,0000B412,0
1031,000080B92,00080B92,0
1032,00014B159,0014B159,0
1033,00013EA9D,0013EA9D,0
1034,3FFF42913,FFF42913,3
1035,00004F4DF,0004F4DF,0
1036,000086AC7,00086AC7,0
1037,3FFED69F4,FFED69F4,3
1038,0001D458B,001D458B,0
1039,00027A402,0027A402,0
1040,00002FEAE,0002FEAE,0
1041,3FFEE9603,FFEE9603,3
1042,3FFFF9257,FFFF9257,3
1043,00015946A,0015946A,0
1044,3FFE21FA0,FFE21FA0,3
1045,00129B330,0129B330,0
1046,00120EE4B,0120EE4B,0
1047,001458133,01458133,0
1048,3FFFF0B97,FFFF0B97,3
1049,3FFEBF8D8,FFEBF8D8,3
1050,3FFF4768D,FFF4768D,3
1051,000100424,00100424,0
1052,000014B96,00014B96,0
1053,00001B1E2,0001B1E2,0
1054,3FFED0B2B,FFED0B2B,3
1055,3FFFA08DE,FFFA08DE,3
1056,3FFF2F2B7,FFF2F2B7,3
1057,00015F834,0015F834,0
1058,00001E352,0001E352,0
1059,3FFEAF872,FFEAF872,3
1060,000130D7E,00130D7E,0
1061,000008D31,00008D31,0
1062,0000738D8,000738D8,0
1063,00006AA8B,0006AA8B,0
1064,3FFE941DC,FFE941DC,3
1065,3FFE9E7D5,FFE9E7D5,3
1066,3FFF417F4,FFF417F4,3
1067,3FFEE8D82,FFEE8D82,3
1068,00006BA7B,0006BA7B,0
1069,00006864C,0006864C,0
1070,00004C2EC,0004C2EC,0
1071,3FFF3900E,FFF3900E,3
1072,0000A9E8E,000A9E8E,0
1073,0000CA1D5,000CA1D5,0
1074,3FFF92D72,FFF92D72,3
1075,3FFF8AA18,FFF8AA18,3
1076,0000825E6,000825E6,0
1077,3FFE9D114,FFE9D114,3
1078,000042AD4,00042AD4,0
1079,00021F131,0021F131,0
1080,00119C99B,0119C99B,0
1081,00147D00C,0147D00C,0
1082,0013B8340,013B8340,0
1083,00013120F,0013120F,0
1084,000074383,00074383,0
1085,3FFFDB1B1,FFFDB1B1,3
1086,3FFF1FDA7,FFF1FDA7,3
1087,3FFF52AAE,FFF52AAE,3
1088,3FFEF2345,FFEF2345,3
1089,3FFFA0195,FFFA0195,3
1090,0000C8853,000C8853,0
1091,3FFFB09C4,FFFB09C4,3
1092,3FFFA6A25,FFFA6A25,3
1093,3FFFBF79A,FFFBF79A,3
1094,3FFF370A8,FFF370A8,3
1095,00017ECBE,0017ECBE,0
1096,3FFF9EB30,FFF9EB30,3
1097,0000796FA,000796FA,0
1098,0000E00D0,000E00D0,0
1099,3FFFBE8F2,FFFBE8F2,3
1100,0000EB081,000EB081,0
1101,3FFEFA905,FFEFA905,3
1102,3FFD44855,FFD44855,3
1103,3FFF18F10,FFF18F10,3
1104,3FFED3C6E,FFED3C6E,3
1105,00005D531,0005D531,0
1106,00009A353,0009A353,0
1107,00023790C,0023790C,0
1108,3FFF8C31F,FFF8C31F,3
1109,0000111E0,000111E0,0
1110,00008F2CA,0008F2CA,0
1111,0000B8535,000B8535,0
1112,00006FDD3,0006FDD3,0
1113,3FFF80D32,FFF80D32,3
1114,0001E8E97,001E8E97,0
1115,0013C9CA3,013C9CA3,0
1116,0012F12F9,012F12F9,0
1117,001367AC1,01367AC1,0
1118,3FFE4BDF8,FFE4BDF8,3
1119,3FFF0097E,FFF0097E,3
1120,0000B0694,000B0694,0
1121,0001DFE14,001DFE14,0
1122,3FFFB0070,FFFB0070,3
1123,3FFFB3332,FFFB3332,3
1124,3FFE9D954,FFE9D954,3
1125,000046B3F,00046B3F,0
1126,00010F46E,0010F46E,0
1127,0001A7ABE,001A7ABE,0
1128,3FFFB9B95,FFFB9B95,3
1129,3FFE7009B,FFE7009B,3
1130,00000EAD6,0000EAD6,0
1131,0000B290C,000B290C,0
1132,3FFFD33C6,FFFD33C6,3
1133,3FFFA67CA,FFFA67CA,3
1134,000053EB3,00053EB3,0
1135,0000D5874,000D5874,0
1136,3FFEDAD78,FFEDAD78,3
1137,3FFE10F5B,FFE10F5B,3
1138,0000345FD,000345FD,0
1139,3FFFC973C,FFFC973C,3
1140,3FFF503FF,FFF503FF,3
1141,3FFF6E84B,FFF6E84B,3
1142,3FFFC6268,FFFC6268,3
1143,3FFED6D81,FFED6D81,3
1144,000004078,00004078,0
1145,3FFFEBB3D,FFFEBB3D,3
1146,3FFE853B6,FFE853B6,3
1147,000102E28,00102E28,0
1148,0001BFCCE,001BFCCE,0
1149,3FFED8A70,FFED8A70,3
1150,0013CC047,013CC047,0
1151,00128DBB0,0128DBB0,0
1152,00127C827,0127C827,0
1153,0000F7597,000F7597,0
1154,3FFF954F4,FFF954F4,3
1155,3FFEEEB8E,FFEEEB8E,3
1156,000125FF9,00125FF9,0
1157,3FFFD8794,FFFD8794,3
1158,000082778,00082778,0
1159,3FFF493AE,FFF493AE,3
1160,3FFEFFF52,FFEFFF52,3
1161,3FFFA793F,FFFA793F,3
1162,0000189A7,000189A7,0
1163,3FFF652C7,FFF652C7,3
1164,000025480,00025480,0
1165,3FFFEF0FB,FFFEF0FB,3
1166,3FFF80695,FFF80695,3
1167,0000514F3,000514F3,0
1168,000076EE2,00076EE2,0
1169,000115539,00115539,0
1170,3FFE8E622,FFE8E622,3
1171,0000536F9,000536F9,0
1172,000130EC8,00130EC8,0
1173,0000C3C5C,000C3C5C,0
1174,00004DCE9,0004DCE9,0
1175,3FFDC3E9D,FFDC3E9D,3
1176,000026945,00026945,0
1177,0000BDBCA,000BDBCA,0
1178,3FFEFF35B,FFEFF35B,3
1179,0000D1435,000D1435,0
1180,00008E541,0008E541,0
1181,000051DCE,00051DCE,0
1182,000001F69,00001F69,0
1183,0000E2C8D,000E2C8D,0
1184,3FFEDC3AF,FFEDC3AF,3
1185,00134D433,0134D433,0
1186,00143CE00,0143CE00,0
1187,0013A8569,013A8569,0
1188,3FFD83BCD,FFD83BCD,3
1189,3FFE5369F,FFE5369F,3
1190,0000BB56A,000BB56A,0
1191,3FFEF7E46,FFEF7E46,3
1192,00007DB3E,0007DB3E,0
1193,3FFF07CFD,FFF07CFD,3
1194,3FFF5E75B,FFF5E75B,3
1195,0000BF60D,000BF60D,0
1196,000075150,00075150,0
1197,000043151,00043151,0
1198,3FFFEDA7A,FFFEDA7A,3
1199,3FFFA94C2,FFFA94C2,3
1200,00005F13A,0005F13A,0
1201,3FFF83D0A,FFF83D0A,3
1202,3FFF23C13,FFF23C13,3
1203,3FFECA7A8,FFECA7A8,3
1204,3FFF3459F,FFF3459F,3
1205,0001191C4,001191C4,0
1206,3FFE7258E,FFE7258E,3
1207,3FFFC1A4B,FFFC1A4B,3
1208,3FFF1280F,FFF1280F,3
1209,00006B01A,0006B01A,0
1210,3FFF3655D,FFF3655D,3
1211,0000DAC9E,000DAC9E,0
1212,3FFFE8AF8,FFFE8AF8,3
1213,000210026,00210026,0
1214,3FFEF1CF3,FFEF1CF3,3
1215,3FFE7D789,FFE7D789,3
1216,0000CB601,000CB601,0
1217,000015A87,00015A87,0
1218,0000A4F8C,000A4F8C,0
1219,3FFFC9A83,FFFC9A83,3
1220,0013A211D,013A211D,0
1221,0012A706C,012A706C,0
1222,001194908,01194908,0
1223,000109C1C,00109C1C,0
1224,3FFD11AEA,FFD11AEA,3
1225,0000DA98C,000DA98C,0
1226,0001EC309,001EC309,0
1227,0001044C6,001044C6,0
1228,00006AF7C,0006AF7C,0
1229,000037AB2,00037AB2,0
1230,3FFF584F2,FFF584F2,3
1231,3FFFEFAFC,FFFEFAFC,3
1232,3FFF1F91A,FFF1F91A,3
1233,00013E228,0013E228,0
1234,0000647FF,000647FF,0
1235,00003E533,0003E533,0
1236,3FFFCE8A0,FFFCE8A0,3
1237,3FFFACD52,FFFACD52,3
1238,3FFF8213C,FFF8213C,3
1239,000011E7D,00011E7D,0
1240,000171B3E,00171B3E,0
1241,000139417,00139417,0
1242,00016C9B7,0016C9B7,0
1243,00001C6B5,0001C6B5,0
1244,3FFF1E565,FFF1E565,3
1245,00001666D,0001666D,0
1246,000019EB3,00019EB3,0
1247,0000CB238,000CB238,0
1248,0001A5DE7,001A5DE7,0
1249,000193B59,00193B59,0
1250,000034E6D,00034E6D,0
1251,3FFFFF32E,FFFFF32E,3
1252,3FFFBFA0F,FFFBFA0F,3
1253,00023C261,0023C261,0
1254,00010479E,0010479E,0
1255,00127753B,0127753B,0
1256,001355370,01355370,0
1257,0012AA455,012AA455,0
1258,0000DA7F2,000DA7F2,0
1259,3FFFD945D,FFFD945D,3
1260,3FFEA2645,FFEA2645,3
1261,3FFFB5319,FFFB5319,3
1262,3FFF0E0FA,FFF0E0FA,3
1263,3FFFEC226,FFFEC226,3
1264,0000B4572,000B4572,0
1265,3FFF38C35,FFF38C35,3
1266,00004CB8F,0004CB8F,0
1267,0000DB78F,000DB78F,0
1268,3FFF40941,FFF40941,3
1269,3FFF0C5F8,FFF0C5F8,3
1270,3FFFEA17B,FFFEA17B,3
1271,3FFF2C913,FFF2C913,3
1272,3FFF304B5,FFF304B5,3
1273,3FFF9CC60,FFF9CC60,3
1274,000051379,00051379,0
1275,0000A6D4E,000A6D4E,0
1276,0000A3943,000A3943,0
1277,0000153E6,000153E6,0
1278,0000DA411,000DA411,0
1279,00016D3DB,0016D3DB,0
1280,3FFF89BC6,FFF89BC6,3
1281,3FFEB7CCB,FFEB7CCB,3
1282,00010122F,0010122F,0
1283,3FFFAC303,FFFAC303,3
1284,3FFFFFCE6,FFFFFCE6,3
1285,3FFED6E64,FFED6E64,3
1286,3FFECA0D8,FFECA0D8,3
1287,0000D7606,000D7606,0
1288,00008F931,0008F931,0
1289,0000F609E,000F609E,0
1290,0013AA45A,013AA45A,0
1291,0013F4556,013F4556,0
1292,0013CE4C8,013CE4C8,0
1293,00008D8A0,0008D8A0,0
1294,00006E2BA,0006E2BA,0
1295,3FFFC9581,FFFC9581,3
1296,3FFFD9315,FFFD9315,3
1297,000092520,00092520,0
1298,3FFF1D295,FFF1D295,3
1299,3FFFCFCE2,FFFCFCE2,3
1300,3FFDC995C,FFDC995C,3
1301,3FFF5234D,FFF5234D,3
1302,3FFFC6D5E,FFFC6D5E,3
1303,3FFFB68DB,FFFB68DB,3
1304,3FFEE25F5,FFEE25F5,3
1305,00015C02C,0015C02C,0
1306,0000D30DC,000D30DC,0
1307,00003E2D5,0003E2D5,0
1308,3FFFE5F13,FFFE5F13,3
1309,0000D98D5,000D98D5,0
1310,0000EDCBB,000EDCBB,0
1311,00019023D,0019023D,0
1312,0000E8593,000E8593,0
1313,0000670B0,000670B0,0
1314,3FFFF1DC0,FFFF1DC0,3
1315,3FFF65F15,FFF65F15,3
1316,3FFF756BC,FFF756BC,3
1317,3FFF8B166,FFF8B166,3
1318,000029AB8,00029AB8,0
1319,00006D4F9,0006D4F9,0
1320,0000D98A4,000D98A4,0
1321,3FFFAD7A2,FFFAD7A2,3
1322,3FFFF4A59,FFFF4A59,3
1323,3FFFF23DC,FFFF23DC,3
1324,00016A20F,0016A20F,0
1325,00132BA9B,0132BA9B,0
1326,001311E2A,01311E2A,0
1327,00131FFCE,0131FFCE,0
1328,000094BE6,00094BE6,0
1329,3FFF8B273,FFF8B273,3
1330,00003B524,0003B524,0
1331,3FFF21E82,FFF21E82,3
1332,3FFF7CCE0,FFF7CCE0,3
1333,0000557E8,000557E8,0
1334,3FFE7B396,FFE7B396,3
1335,000084393,00084393,0
1336,0000537BC,000537BC,0
1337,3FFFE7D84,FFFE7D84,3
1338,00004393C,0004393C,0
1339,000087D70,00087D70,0
1340,000069592,00069592,0
1341,3FFF30E15,FFF30E15,3
1342,0000DA1E6,000DA1E6,0
1343,3FFFD1C0B,FFFD1C0B,3
1344,3FFFBEA03,FFFBEA03,3
1345,3FFED1088,FFED1088,3
1346,0001C6C2A,001C6C2A,0
1347,3FFFEC324,FFFEC324,3
1348,3FFF34100,FFF34100,3
1349,00014005D,0014005D,0
1350,000006C56,00006C56,0
1351,0002059AF,002059AF,0
1352,3FFEB7180,FFEB7180,3
1353,3FFE8FF85,FFE8FF85,3
1354,0000AE5F4,000AE5F4,0
1355,000152F09,00152F09,0
1356,3FFFBF8B1,FFFBF8B1,3
1357,0000C7645,000C7645,0
1358,000050FF5,00050FF5,0
1359,3FFF50129,FFF50129,3
1360,0013596EA,013596EA,0
1361,001431299,01431299,0
1362,0013FC1DE,013FC1DE,0
1363,00023497A,0023497A,0
1364,000073940,00073940,0
1365,3FFFE5292,FFFE5292,3
1366,3FFF616D6,FFF616D6,3
1367,0000D4793,000D4793,0
1368,3FFF950A1,FFF950A1,3
1369,0001119FE,001119FE,0
1370,0000EBEFF,000EBEFF,0
1371,000103AF6,00103AF6,0
1372,3FFEC4037,FFEC4037,3
1373,00009E096,0009E096,0
1374,3FFE43632,FFE43632,3
1375,3FFD74196,FFD74196,3
1376,3FFF9EA24,FFF9EA24,3
1377,3FFF14653,FFF14653,3
1378,000030389,00030389,0
1379,0000DD4A7,000DD4A7,0
1380,3FFE97BBA,FFE97BBA,3
1381,00007273C,0007273C,0
1382,00013CF91,0013CF91,0
1383,0000346D3,000346D3,0
1384,00013C6F5,0013C6F5,0
1385,3FFF25309,FFF25309,3
1386,3FFE8639A,FFE8639A,3
1387,3FFEFDFA8,FFEFDFA8,3
1388,0000C0123,000C0123,0
1389,3FFE880C1,FFE880C1,3
1390,000164D1D,00164D1D,0
1391,3FFF55F89,FFF55F89,3
1392,3FFF887DD,FFF887DD,3
1393,3FFED7CB7,FFED7CB7,3
1394,3FFED2D0E,FFED2D0E,3
1395,0012662ED,012662ED,0
1396,001461162,01461162,0
1397,0014206E3,014206E3,0
1398,00005D5E6,0005D5E6,0
1399,3FFF9B876,FFF9B876,3
1400,3FFF68F5C,FFF68F5C,3
1401,0000381A7,000381A7,0
1402,0000D90EB,000D90EB,0
1403,3FFECEE30,FFECEE30,3
1404,3FFF4114E,FFF4114E,3
1405,000164EA4,00164EA4,0
1406,0000C0A04,000C0A04,0
1407,00008FD56,0008FD56,0
1408,0000D30E2,000D30E2,0
1409,0001476DC,001476DC,0
1410,3FFEAAB55,FFEAAB55,3
1411,000182079,00182079,0
1412,3FFFE34A2,FFFE34A2,3
1413,0000C2D74,000C2D74,0
1414,000191A8A,00191A8A,0
1415,3FFFC048C,FFFC048C,3
1416,3FFF3DC64,FFF3DC64,3
1417,3FFE00306,FFE00306,3
1418,3FFE84DA4,FFE84DA4,3
1419,3FFF67517,FFF67517,3
1420,3FFF11571,FFF11571,3
1421,3FFF3EDCB,FFF3EDCB,3
1422,0002173F2,002173F2,0
1423,3FFF8B815,FFF8B815,3
1424,0001ACD8F,001ACD8F,0
1425,000366723,00366723,0
1426,0000A7E8D,000A7E8D,0
1427,000043041,00043041,0
1428,3FFF4020F,FFF4020F,3
1429,000111138,00111138,0
1430,00149B5A8,0149B5A8,0
1431,0013D57D4,013D57D4,0
1432,001240CEB,01240CEB,0
1433,00006F47D,0006F47D,0
1434,00021D9B7,0021D9B7,0
1435,00003A77C,0003A77C,0
1436,3FFF57AEC,FFF57AEC,3
1437,3FFFCEAE3,FFFCEAE3,3
1438,3FFE85036,FFE85036,3
1439,3FFEF2166,FFEF2166,3
1440,0000201F5,000201F5,0
1441,000226839,00226839,0
1442,3FFE96844,FFE96844,3
1443,00016002A,0016002A,0
1444,3FFE9E9AF,FFE9E9AF,3
1445,3FFFE5F20,FFFE5F20,3
1446,3FFFE02C8,FFFE02C8,3
1447,0000F76B7,000F76B7,0
1448,3FFFE7F15,FFFE7F15,3
1449,000128748,00128748,0
1450,3FFEDAF2D,FFEDAF2D,3
1451,3FFF9A6A1,FFF9A6A1,3
1452,0000CCE8A,000CCE8A,0
1453,3FFF73C26,FFF73C26,3
1454,3FFE81886,FFE81886,3
1455,000059C36,00059C36,0
1456,3FFEBE80A,FFEBE80A,3
1457,3FFF3A206,FFF3A206,3
1458,00019CDDD,0019CDDD,0
1459,3FFFDEAE7,FFFDEAE7,3
1460,00016EFE8,0016EFE8,0
1461,3FFF05FEA,FFF05FEA,3
1462,3FFFC5C1E,FFFC5C1E,3
1463,3FFFCADC2,FFFCADC2,3
1464,000061A46,00061A46,0
1465,00123E6E9,0123E6E9,0
1466,00111E6D5,0111E6D5,0
1467,00141A67D,0141A67D,0
1468,000046FD8,00046FD8,0
1469,3FFF731C8,FFF731C8,3
1470,000103C62,00103C62,0
1471,00009719D,0009719D,0
1472,0000F90F6,000F90F6,0
1473,3FFFC83AC,FFFC83AC,3
1474,3FFFD6549,FFFD6549,3
1475,000001EF7,00001EF7,0
1476,3FFFFACA1,FFFFACA1,3
1477,0001FE378,001FE378,0
1478,3FFFC4C91,FFFC4C91,3
1479,0000CE50B,000CE50B,0
1480,3FFEDF634,FFEDF634,3
1481,3FFEC8587,FFEC8587,3
1482,3FFF596BE,FFF596BE,3
1483,0000DC936,000DC936,0
1484,3FFF352A0,FFF352A0,3
1485,3FFDC330E,FFDC330E,3
1486,3FFED767E,FFED767E,3
1487,000154F47,00154F47,0
1488,000136F76,00136F76,0
1489,0001E9BFE,001E9BFE,0
1490,3FFE9C314,FFE9C314,3
1491,0001827AA,001827AA,0
1492,3FFEC276D,FFEC276D,3
1493,000081C61,00081C61,0
1494,3FFF94816,FFF94816,3
1495,3FFFD0347,FFFD0347,3
1496,0000E8DB2,000E8DB2,0
1497,00008B55E,0008B55E,0
1498,3FFEF1DEB,FFEF1DEB,3
1499,00023EA37,0023EA37,0
1500,0001BB75D,001BB75D,0
1501,0000E3F6C,000E3F6C,0
1502,00004F3C9,0004F3C9,0
1503,0000EA6A6,000EA6A6,0
1504,000070F7D,00070F7D,0
1505,3FFF932E1,FFF932E1,3
1506,3FFEF52B8,FFEF52B8,3
1507,00015B893,0015B893,0
1508,3FFDE9D93,FFDE9D93,3
1509,000133E0F,00133E0F,0
1510,3FFF46130,FFF46130,3
1511,3FFF45859,FFF45859,3
1512,3FFFC8865,FFFC8865,3
1513,3FFEB660E,FFEB660E,3
1514,3FFF0CD77,FFF0CD77,3
1515,0001199BE,001199BE,0
1516,000097646,00097646,0
1517,3FFF16EB5,FFF16EB5,3
1518,3FFD79C8D,FFD79C8D,3
1519,0000C74B5,000C74B5,0
1520,000206F5A,00206F5A,0
1521,000078DE9,00078DE9,0
1522,00003ABA3,0003ABA3,0
1523,3FFFAB728,FFFAB728,3
1524,00025F4B5,0025F4B5,0
1525,3FFDD616D,FFDD616D,3
1526,00012FE5D,0012FE5D,0
1527,3FFF42C6C,FFF42C6C,3
1528,000046A5F,00046A5F,0
1529,000005C4C,00005C4C,0
1530,0000E9452,000E9452,0
1531,00009E85C,0009E85C,0
1532,3FFFEFF9E,FFFEFF9E,3
1533,0000285EA,000285EA,0
1534,00009CB46,0009CB46,0
1535,3FFF3AA8A,FFF3AA8A,3
1536,000033A4E,00033A4E,0
1537,00014AC9E,0014AC9E,0
1538,3FFF1FABE,FFF1FABE,3
1539,0000C3DD8,000C3DD8,0
1540,000020FB3,00020FB3,0
1541,00004409D,0004409D,0
1542,3FFFF1E0B,FFFF1E0B,3
1543,3FFF6EA09,FFF6EA09,3
1544,0000DE614,000DE614,0
1545,000066143,00066143,0
1546,00005ADAD,0005ADAD,0
1547,0000A4839,000A4839,0
1548,3FFFC352F,FFFC352F,3
1549,0000AEEF1,000AEEF1,0
1550,3FFFC25B4,FFFC25B4,3
1551,000001C02,00001C02,0
1552,00003A102,0003A102,0
1553,3FFE0AA25,FFE0AA25,3
1554,000271AD3,00271AD3,0
1555,3FFEB897F,FFEB897F,3
1556,3FFE3504C,FFE3504C,3
1557,3FFEF6E9E,FFEF6E9E,3
1558,0000656F9,000656F9,0
1559,3FFFFD52B,FFFFD52B,3
1560,3FFECEC72,FFECEC72,3
1561,3FFE8300F,FFE8300F,3
1562,3FFE6E84B,FFE6E84B,3
1563,0000CFFED,000CFFED,0
1564,3FFF1AD29,FFF1AD29,3
1565,0000CDDBA,000CDDBA,0
1566,00002EF03,0002EF03,0
1567,3FFE8B678,FFE8B678,3
1568,3FFF0FBA0,FFF0FBA0,3
1569,000025319,00025319,0
1570,3FFF491D6,FFF491D6,3
1571,3FFE8BDA8,FFE8BDA8,3
1572,000176267,00176267,0
1573,0000E3AA5,000E3AA5,0
1574,0001171A6,001171A6,0
1575,0000BB7A4,000BB7A4,0
1576,00001E815,0001E815,0
1577,00001B27B,0001B27B,0
1578,0000E567C,000E567C,0
1579,3FFEE0C04,FFEE0C04,3
1580,00002C854,0002C854,0
1581,3FFFD0543,FFFD0543,3
1582,00003555C,0003555C,0
1583,3FFFDFEA4,FFFDFEA4,3
1584,3FFF3FB12,FFF3FB12,3
1585,0001A6168,001A6168,0
1586,000056BC6,00056BC6,0
1587,3FFEB320A,FFEB320A,3
1588,3FFDC6EBD,FFDC6EBD,3
1589,00011B22E,0011B22E,0
1590,3FFED3A5B,FFED3A5B,3
1591,0000C27BA,000C27BA,0
1592,0000BDA3F,000BDA3F,0
1593,3FFEE4E93,FFEE4E93,3
1594,3FFF75876,FFF75876,3
1595,0001FD0A4,001FD0A4,0
1596,0000B75AA,000B75AA,0
1597,0001342DD,001342DD,0
1598,00001AD07,0001AD07,0
1599,00019471C,0019471C,0
1600,3FFF9A5C2,FFF9A5C2,3
1601,3FFE8ECD7,FFE8ECD7,3
1602,00011EEAD,0011EEAD,0
1603,3FFF50845,FFF50845,3
1604,0000CB11F,000CB11F,0
1605,3FFF7958C,FFF7958C,3
1606,3FFE8E484,FFE8E484,3
1607,0000616D4,000616D4,0
1608,3FFF5B168,FFF5B168,3
1609,3FFF8A63B,FFF8A63B,3
1610,00015078D,0015078D,0
1611,3FFF0A1FE,FFF0A1FE,3
1612,0000D266A,000D266A,0
1613,3FFF56998,FFF56998,3
1614,0000883B2,000883B2,0
1615,3FFF73ADF,FFF73ADF,3
1616,0000657A5,000657A5,0
1617,3FFEA4D51,FFEA4D51,3
1618,00005C3BA,0005C3BA,0
1619,3FFE7CB59,FFE7CB59,3
1620,3FFD82443,FFD82443,3
1621,00024269C,0024269C,0
1622,3FFF4FD04,FFF4FD04,3
1623,000062846,00062846,0
1624,3FFE23288,FFE23288,3
1625,000034795,00034795,0
1626,3FFE3F7CC,FFE3F7CC,3
1627,3FFF5204F,FFF5204F,3
1628,3FFF79156,FFF79156,3
1629,0000FD88A,000FD88A,0
1630,000003C9D,00003C9D,0
1631,3FFED5AB4,FFED5AB4,3
1632,3FFE0F8B3,FFE0F8B3,3
1633,3FFFD737D,FFFD737D,3
1634,0000551A9,000551A9,0
1635,3FFF3D3B5,FFF3D3B5,3
1636,3FFF47DE3,FFF47DE3,3
1637,3FFFD9E86,FFFD9E86,3
1638,3FFFE53B0,FFFE53B0,3
1639,3FFFEFE24,FFFEFE24,3
1640,00006A16F,0006A16F,0
1641,000085279,00085279,0
1642,3FFFC2CFA,FFFC2CFA,3
1643,0000B9832,000B9832,0
1644,3FFE5C14B,FFE5C14B,3
1645,00000FE41,0000FE41,0
1646,3FFF98970,FFF98970,3
1647,0000289FF,000289FF,0
1648,00001692B,0001692B,0
1649,3FFF77C3A,FFF77C3A,3
1650,3FFFD0B95,FFFD0B95,3
1651,3FFDEF71F,FFDEF71F,3
1652,3FFFCFA83,FFFCFA83,3
1653,3FFEBFC24,FFEBFC24,3
1654,3FFF9F72C,FFF9F72C,3
1655,3FFFBE61D,FFFBE61D,3
1656,3FFFEB73B,FFFEB73B,3
1657,3FFF3073F,FFF3073F,3
1658,3FFEA7B33,FFEA7B33,3
1659,3FFF901DA,FFF901DA,3
1660,3FFF0094C,FFF0094C,3
1661,0000064A3,000064A3,0
1662,3FFE12C3A,FFE12C3A,3
1663,3FFF6FF5F,FFF6FF5F,3
1664,0001A6F45,001A6F45,0
1665,3FFFEE00F,FFFEE00F,3
1666,0001A0B95,001A0B95,0
1667,3FFE32DB2,FFE32DB2,3
1668,3FFF41A87,FFF41A87,3
1669,000003FAC,00003FAC,0
1670,00017C26B,0017C26B,0
1671,00000EC92,0000EC92,0
1672,3FFF4648A,FFF4648A,3
1673,3FFF7634D,FFF7634D,3
1674,0000912C0,000912C0,0
1675,3FFEDD7AD,FFEDD7AD,3
1676,0000C7C26,000C7C26,0
1677,0000D88D2,000D88D2,0
1678,00003ABED,0003ABED,0
1679,3FFF3DF88,FFF3DF88,3
1680,3FFE2AAD2,FFE2AAD2,3
1681,0000F53F5,000F53F5,0
1682,3FFFB835F,FFFB835F,3
1683,3FFF92FA8,FFF92FA8,3
1684,3FFFAD801,FFFAD801,3
1685,00012EA84,0012EA84,0
1686,3FFEFB356,FFEFB356,3
1687,0001180AC,001180AC,0
1688,00009D67A,0009D67A,0
1689,3FFFC7334,FFFC7334,3
1690,3FFFF3ABF,FFFF3ABF,3
1691,3FFE351F4,FFE351F4,3
1692,3FFEE3D7E,FFEE3D7E,3
1693,3FFFF6B04,FFFF6B04,3
1694,3FFF1A1BB,FFF1A1BB,3
1695,3FFFD316A,FFFD316A,3
1696,3FFF86DF5,FFF86DF5,3
1697,000043290,00043290,0
1698,3FFEB355F,FFEB355F,3
1699,00013B4D7,0013B4D7,0
1700,3FFF81DE4,FFF81DE4,3
1701,3FFF9710D,FFF9710D,3
1702,0000A4CFD,000A4CFD,0
1703,3FFFF1FED,FFFF1FED,3
1704,000032749,00032749,0
1705,000058439,00058439,0
1706,000199DCD,00199DCD,0
1707,3FFDC3E07,FFDC3E07,3
1708,3FFE82991,FFE82991,3
1709,00010493B,0010493B,0
1710,3FFFA9503,FFFA9503,3
1711,3FFEC58DA,FFEC58DA,3
1712,00014C48E,0014C48E,0
1713,000039F6F,00039F6F,0
1714,3FFF595B5,FFF595B5,3
1715,3FFFFEDC9,FFFFEDC9,3
1716,0001D4873,001D4873,0
1717,000134911,00134911,0
1718,0001A1AE7,001A1AE7,0
1719,3FFF48EB6,FFF48EB6,3
1720,3FFF4C748,FFF4C748,3
1721,000084DFB,00084DFB,0
1722,3FFE88686,FFE88686,3
1723,0000B6A53,000B6A53,0
1724,00006D931,0006D931,0
1725,0001215C0,001215C0,0
1726,3FFF1FABA,FFF1FABA,3
1727,3FFE77024,FFE77024,3
1728,3FFFF6FAF,FFFF6FAF,3
1729,3FFF7E3DE,FFF7E3DE,3
1730,3FFF12D9A,FFF12D9A,3
1731,3FFFC19A3,FFFC19A3,3
1732,000048385,00048385,0
1733,3FFF4DDE3,FFF4DDE3,3
1734,3FFFFE610,FFFFE610,3
1735,3FFD9EB20,FFD9EB20,3
1736,00017BE2F,0017BE2F,0
1737,0000355AB,000355AB,0
1738,0000B8314,000B8314,0
1739,3FFFB3FC8,FFFB3FC8,3
1740,0000F32B9,000F32B9,0
1741,3FFE88EAF,FFE88EAF,3
1742,3FFF5C75F,FFF5C75F,3
1743,0000D52BA,000D52BA,0
1744,000116475,00116475,0
1745,3FFE44D9C,FFE44D9C,3
1746,00004C2D7,0004C2D7,0
1747,000011295,00011295,0
1748,00003463B,0003463B,0
1749,3FFEFC88C,FFEFC88C,3
1750,000182AB7,00182AB7,0
1751,3FFFF9029,FFFF9029,3
1752,3FFFFF5BB,FFFFF5BB,3
1753,000088E87,00088E87,0
1754,000083D1C,00083D1C,0
1755,3FFF78215,FFF78215,3
1756,3FFFA7094,FFFA7094,3
1757,0000EC365,000EC365,0
1758,3FFFF8355,FFFF8355,3
1759,000054C6B,00054C6B,0
1760,3FFE78A3E,FFE78A3E,3
1761,00002CB65,0002CB65,0
1762,3FFF90981,FFF90981,3
1763,00004D746,0004D746,0
1764,00007E4F2,0007E4F2,0
1765,3FFD2C393,FFD2C393,3
1766,0001D6DC0,001D6DC0,0
1767,0001661DA,001661DA,0
1768,3FFE1E12D,FFE1E12D,3
1769,3FFDD1468,FFDD1468,3
1770,000019AA9,00019AA9,0
1771,3FFEEA393,FFEEA393,3
1772,3FFFD5F39,FFFD5F39,3
1773,3FFF9CE9E,FFF9CE9E,3
1774,3FFED5B69,FFED5B69,3
1775,0000CC050,000CC050,0
1776,3FFF954C7,FFF954C7,3
1777,0000C424E,000C424E,0
1778,3FFFC6497,FFFC6497,3
1779,3FFF492C5,FFF492C5,3
1780,3FFEF0E2B,FFEF0E2B,3
1781,0000BCBCD,000BCBCD,0
1782,3FFFA9FE7,FFFA9FE7,3
1783,0001538F8,001538F8,0
1784,3FFEE1337,FFEE1337,3
1785,0000CB0EF,000CB0EF,0
1786,3FFE7907C,FFE7907C,3
1787,00010EC25,0010EC25,0
1788,0001F4A84,001F4A84,0
1789,0000A9B13,000A9B13,0
1790,3FFFB0292,FFFB0292,3
1791,0000A6327,000A6327,0
1792,00001B26B,0001B26B,0
1793,0000559F5,000559F5,0
1794,3FFF58BA7,FFF58BA7,3
1795,00006AA61,0006AA61,0
1796,3FFF035D3,FFF035D3,3
1797,000017A87,00017A87,0
1798,000229543,00229543,0
1799,3FFF89016,FFF89016,3
1800,00001318B,0001318B,0
1801,000039292,00039292,0
1802,000026CAD,00026CAD,0
1803,000151BA4,00151BA4,0
1804,00018B958,0018B958,0
1805,00005C5D6,0005C5D6,0
1806,0001D5EF0,001D5EF0,0
1807,00002D23D,0002D23D,0
1808,000047CB0,00047CB0,0
1809,3FFE6E931,FFE6E931,3
1810,000007705,00007705,0
1811,00005073B,0005073B,0
1812,0000BFC38,000BFC38,0
1813,0000EE5CD,000EE5CD,0
1814,3FFF70111,FFF70111,3
1815,3FFF8451C,FFF8451C,3
1816,3FFF508E4,FFF508E4,3
1817,3FFF45601,FFF45601,3
1818,3FFF5D25D,FFF5D25D,3
1819,000141A7A,00141A7A,0
1820,000088BB9,00088BB9,0
1821,00011CA44,0011CA44,0
1822,3FFFC1113,FFFC1113,3
1823,3FFF3A4BF,FFF3A4BF,3
1824,3FFFFFB75,FFFFFB75,3
1825,3FFFE4DD4,FFFE4DD4,3
1826,3FFEF4A32,FFEF4A32,3
1827,3FFFCCCA4,FFFCCCA4,3
1828,000147A52,00147A52,0
1829,3FFFF2750,FFFF2750,3
1830,0000183EA,000183EA,0
1831,00009DDC3,0009DDC3,0
1832,0000D44F5,000D44F5,0
1833,0000A9E37,000A9E37,0
1834,3FFEDD0E7,FFEDD0E7,3
1835,00007148C,0007148C,0
1836,00025422A,0025422A,0
1837,000089821,00089821,0
1838,3FFF99755,FFF99755,3
1839,0000C61BC,000C61BC,0
1840,000037429,00037429,0
1841,0000A6B71,000A6B71,0
1842,3FFFCBBD3,FFFCBBD3,3
1843,000088442,00088442,0
1844,3FFF59843,FFF59843,3
1845,3FFF82E72,FFF82E72,3
1846,3FFF78660,FFF78660,3
1847,00013DC7A,0013DC7A,0
1848,3FFE53A2B,FFE53A2B,3
1849,3FFEECD9C,FFEECD9C,3
1850,3FFFF4DE0,FFFF4DE0,3
1851,3FFF0727F,FFF0727F,3
1852,000093D90,00093D90,0
1853,0000DE4D2,000DE4D2,0
1854,00000A08F,0000A08F,0
1855,000088D3E,00088D3E,0
1856,3FFFBB769,FFFBB769,3
1857,0000DD4AA,000DD4AA,0
1858,0000923C6,000923C6,0
1859,00002977B,0002977B,0
1860,00013FD33,0013FD33,0
1861,00009C598,0009C598,0
1862,0000B69B0,000B69B0,0
1863,000004D10,00004D10,0
1864,3FFF99460,FFF99460,3
1865,0000CF1B9,000CF1B9,0
1866,0000CD56A,000CD56A,0
1867,3FFF75AC3,FFF75AC3,3
1868,00000BF58,0000BF58,0
1869,000023819,00023819,0
1870,000134F23,00134F23,0
1871,3FFF26A79,FFF26A79,3
1872,3FFFF304E,FFFF304E,3
1873,3FFFCACD4,FFFCACD4,3
1874,3FFD56522,FFD56522,3
1875,0000BE3B3,000BE3B3,0
1876,000173453,00173453,0
1877,00001B36F,0001B36F,0
1878,3FFEFAA03,FFEFAA03,3
1879,3FFF2859E,FFF2859E,3
1880,3FFF1BDBB,FFF1BDBB,3
1881,3FFFBFBA3,FFFBFBA3,3
1882,3FFFEA521,FFFEA521,3
1883,3FFFDADB5,FFFDADB5,3
1884,3FFEC220F,FFEC220F,3
1885,3FFFF91E0,FFFF91E0,3
1886,3FFEE436A,FFEE436A,3
1887,00008E6EF,0008E6EF,0
1888,3FFED86C6,FFED86C6,3
1889,000099E1C,00099E1C,0
1890,00000F747,0000F747,0
1891,0001127DF,001127DF,0
1892,3FFEDFAF5,FFEDFAF5,3
1893,3FFF54023,FFF54023,3
1894,00007A345,0007A345,0
1895,3FFF9E8E9,FFF9E8E9,3
1896,000093E5A,00093E5A,0
1897,3FFECF0F1,FFECF0F1,3
1898,3FFFAC535,FFFAC535,3
1899,3FFF03E62,FFF03E62,3
1900,0000BE1B4,000BE1B4,0
1901,3FFFA0878,FFFA0878,3
1902,0000984E6,000984E6,0
1903,000224F24,00224F24,0
1904,3FFF20AFC,FFF20AFC,3
1905,000129896,00129896,0
1906,000121269,00121269,0
1907,0000EF23F,000EF23F,0
1908,00014FFF0,0014FFF0,0
1909,3FFF5578E,FFF5578E,3
1910,3FFFBABD5,FFFBABD5,3
1911,3FFECE784,FFECE784,3
1912,3FFF43977,FFF43977,3
1913,0000BAA35,000BAA35,0
1914,0000341E9,000341E9,0
1915,0000D18AD,000D18AD,0
1916,0001AC250,001AC250,0
1917,0000278F8,000278F8,0
1918,3FFF3E344,FFF3E344,3
1919,00006A67D,0006A67D,0
1920,000142628,00142628,0
1921,3FFE9BEF2,FFE9BEF2,3
1922,000050725,00050725,0
1923,3FFFCC1AC,FFFCC1AC,3
1924,000061F9F,00061F9F,0
1925,0000C67BB,000C67BB,0
1926,3FFF986BB,FFF986BB,3
1927,000150BA3,00150BA3,0
1928,000011EA7,00011EA7,0
1929,000069AF5,00069AF5,0
1930,3FFE121BB,FFE121BB,3
1931,000015CCA,00015CCA,0
1932,00021B461,0021B461,0
1933,3FFFDD2E9,FFFDD2E9,3
1934,000001C9A,00001C9A,0
1935,3FFF58544,FFF58544,3
1936,3FFFA1CED,FFFA1CED,3
1937,3FFFC2922,FFFC2922,3
1938,0000CEF70,000CEF70,0
1939,3FFF842DC,FFF842DC,3
1940,3FFE892CC,FFE892CC,3
1941,00006A525,0006A525,0
1942,00003C245,0003C245,0
1943,000016BFB,00016BFB,0
1944,3FFDB39FA,FFDB39FA,3
1945,00017A355,0017A355,0
1946,3FFF09154,FFF09154,3
1947,0000ED245,000ED245,0
1948,3FFFDC13C,FFFDC13C,3
1949,00005C292,0005C292,0
1950,00010EA18,0010EA18,0
1951,3FFF1B751,FFF1B751,3
1952,000059B55,00059B55,0
1953,0000E959B,000E959B,0
1954,3FFF6B6E7,FFF6B6E7,3
1955,00006EDEB,0006EDEB,0
1956,3FFFAF113,FFFAF113,3
1957,3FFE556EC,FFE556EC,3
1958,00003380B,0003380B,0
1959,3FFFAC140,FFFAC140,3
1960,3FFE41DD7,FFE41DD7,3
1961,3FFFF29BB,FFFF29BB,3
1962,3FFF2132A,FFF2132A,3
1963,000045B71,00045B71,0
1964,00000EF9B,0000EF9B,0
1965,3FFF07E36,FFF07E36,3
1966,3FFDD775D,FFDD775D,3
1967,3FFFF3FEB,FFFF3FEB,3
1968,0000BDD5F,000BDD5F,0
1969,3FFF9EE0E,FFF9EE0E,3
1970,00008A4AA,0008A4AA,0
1971,3FFEE1E21,FFEE1E21,3
1972,0000074E5,000074E5,0
1973,3FFFD8A90,FFFD8A90,3
1974,3FFF82B2C,FFF82B2C,3
1975,0000610B5,000610B5,0
1976,0001AFD23,001AFD23,0
1977,00008149D,0008149D,0
1978,000085CED,00085CED,0
1979,000249582,00249582,0
1980,00005604B,0005604B,0
1981,0000A76FC,000A76FC,0
1982,0000FED63,000FED63,0
1983,00001A614,0001A614,0
1984,3FFF39E81,FFF39E81,3
1985,3FFEB22DC,FFEB22DC,3
1986,0000E8E62,000E8E62,0
1987,0000229F0,000229F0,0
1988,00020D8A8,0020D8A8,0
1989,3FFF8A36A,FFF8A36A,3
1990,0000DA9DB,000DA9DB,0
1991,3FFFD1BA6,FFFD1BA6,3
1992,00001D0C1,0001D0C1,0
1993,3FFEE0BBD,FFEE0BBD,3
1994,00011252C,0011252C,0
1995,3FFEEEC02,FFEEEC02,3
1996,3FFF81312,FFF81312,3
1997,000058652,00058652,0
1998,3FFF99B32,FFF99B32,3
1999,3FFF30393,FFF30393,3
2000,3FFFA022A,FFFA022A,3
2001,3FFED729B,FFED729B,3
2002,000142A70,00142A70,0
2003,3FFFA970D,FFFA970D,3
2004,00000C1B6,0000C1B6,0
2005,3FFF14C10,FFF14C10,3
2006,3FFF6A665,FFF6A665,3
2007,0001F4373,001F4373,0
2008,0000784CA,000784CA,0
2009,000031AD4,00031AD4,0
2010,3FFE2C753,FFE2C753,3
2011,3FFEED103,FFEED103,3
2012,3FFF0ADE5,FFF0ADE5,3
2013,3FFEB786B,FFEB786B,3
2014,3FFF34774,FFF34774,3
2015,0000AECC7,000AECC7,0
2016,000060643,00060643,0
2017,0000E3CF8,000E3CF8,0
2018,3FFE7AFA9,FFE7AFA9,3
2019,3FFEFA489,FFEFA489,3
2020,3FFF1BFD7,FFF1BFD7,3
2021,000025368,00025368,0
2022,3FFF044C6,FFF044C6,3
2023,0000067D3,000067D3,0
2024,000175BD4,00175BD4,0
2025,000064571,00064571,0
2026,000053756,00053756,0
2027,3FFFFA8FF,FFFFA8FF,3
2028,00010A2EE,0010A2EE,0
2029,00001A8F1,0001A8F1,0
2030,3FFEEF556,FFEEF556,3
2031,000112ADA,00112ADA,0
2032,3FFCE1786,FFCE1786,3
2033,0001436BE,001436BE,0
2034,0000C9279,000C9279,0
2035,3FFF5E5ED,FFF5E5ED,3
2036,0000323D9,000323D9,0
2037,3FFFA9DF4,FFFA9DF4,3
2038,3FFFDAFF5,FFFDAFF5,3
2039,0001179D4,001179D4,0
2040,3FFFD3081,FFFD3081,3
2041,3FFFFFC61,FFFFFC61,3
2042,3FFF8FF52,FFF8FF52,3
2043,00014F1FD,0014F1FD,0
2044,00004EF4A,0004EF4A,0
2045,00000C9D2,0000C9D2,0
2046,0000674F9,000674F9,0
2047,3FFF7536B,FFF7536B,3
2048,3FFFBF798,FFFBF798,3
2049,3FFFE1857,FFFE1857,3
2050,0002A1AD6,002A1AD6,0
2051,00001B0FD,0001B0FD,0
2052,3FFFA1CAC,FFFA1CAC,3
2053,3FFF65553,FFF65553,3
2054,3FFFA8A50,FFFA8A50,3
2055,0000E6241,000E6241,0
2056,0001DF0E3,001DF0E3,0
2057,0000FB46C,000FB46C,0
2058,3FFF3EF2F,FFF3EF2F,3
2059,3FFEAAA5C,FFEAAA5C,3
2060,3FFF21197,FFF21197,3
2061,000173B77,00173B77,0
2062,000109BDD,00109BDD,0
2063,3FFFD1C49,FFFD1C49,3
2064,00009FE5F,0009FE5F,0
2065,3FFF48596,FFF48596,3
2066,3FFFFD78E,FFFFD78E,3
2067,3FFF87C79,FFF87C79,3
2068,3FFFA7757,FFFA7757,3
2069,3FFEF38C1,FFEF38C1,3
2070,3FFECA987,FFECA987,3
2071,3FFFC6D3C,FFFC6D3C,3
2072,3FFE73B89,FFE73B89,3
2073,000013288,00013288,0
2074,3FFE30B0B,FFE30B0B,3
2075,0001F0610,001F0610,0
2076,3FFF96F54,FFF96F54,3
2077,3FFF63067,FFF63067,3
2078,3FFFC85C4,FFFC85C4,3
2079,3FFE18074,FFE18074,3
2080,3FFFE0670,FFFE0670,3
2081,00016EBF6,0016EBF6,0
2082,0000C62A5,000C62A5,0
2083,00007B106,0007B106,0
2084,3FFFA9140,FFFA9140,3
2085,0001312FD,001312FD,0
2086,000048F11,00048F11,0
2087,00006EBEF,0006EBEF,0
2088,3FFF461D3,FFF461D3,3
2089,00038A32B,0038A32B,0
2090,3FFEE6835,FFEE6835,3
2091,00012AA44,0012AA44,0
2092,0000122A0,000122A0,0
2093,3FFFE2B67,FFFE2B67,3
2094,3FFD7C87C,FFD7C87C,3
2095,000197E83,00197E83,0
2096,0000D2363,000D2363,0
2097,3FFE54E10,FFE54E10,3
2098,3FFF4C7AB,FFF4C7AB,3
2099,00004E306,0004E306,0
2100,000161C5F,00161C5F,0
2101,3FFFC2DCD,FFFC2DCD,3
2102,3FFF4CDC0,FFF4CDC0,3
2103,000053EA9,00053EA9,0
2104,00000AA3C,0000AA3C,0
2105,3FFF21A86,FFF21A86,3
2106,3FFE26A20,FFE26A20,3
2107,3FFFE6597,FFFE6597,3
2108,3FFE78774,FFE78774,3
2109,3FFFD5D3E,FFFD5D3E,3
2110,3FFED8D35,FFED8D35,3
2111,3FFF46BDB,FFF46BDB,3
2112,0001282D3,001282D3,0
2113,0001A2398,001A2398,0
2114,3FFEB1F57,FFEB1F57,3
2115,00005E844,0005E844,0
2116,3FFE5F4D9,FFE5F4D9,3
2117,000177E94,00177E94,0
2118,0000586C2,000586C2,0
2119,3FFFB4056,FFFB4056,3
2120,3FFF7AE47,FFF7AE47,3
2121,3FFF6927C,FFF6927C,3
2122,00003785B,0003785B,0
2123,00017D43B,0017D43B,0
2124,3FFEB00CD,FFEB00CD,3
2125,3FFED1E81,FFED1E81,3
2126,000077571,00077571,0
2127,000037F16,00037F16,0
2128,3FFFA97CF,FFFA97CF,3
2129,00006FD80,0006FD80,0
2130,3FFE99E0F,FFE99E0F,3
2131,000064366,00064366,0
2132,3FFFAA483,FFFAA483,3
2133,3FFF68A01,FFF68A01,3
2134,000057D7B,00057D7B,0
2135,000120B81,00120B81,0
2136,3FFFB3705,FFFB3705,3
2137,0000C4648,000C4648,0
2138,00015603C,0015603C,0
2139,0000B7942,000B7942,0
2140,3FFF46902,FFF46902,3
2141,3FFEFED01,FFEFED01,3
2142,3FFF080DA,FFF080DA,3
2143,3FFFEAE79,FFFEAE79,3
2144,3FFF1B0CB,FFF1B0CB,3
2145,00015E0A3,0015E0A3,0
2146,000009AC1,00009AC1,0
2147,3FFDDD334,FFDDD334,3
2148,000052AA2,00052AA2,0
2149,3FFF84C85,FFF84C85,3
2150,0001B967D,001B967D,0
2151,3FFEF75C5,FFEF75C5,3
2152,3FFF71697,FFF71697,3
2153,3FFFB494B,FFFB494B,3
2154,00016DA2C,0016DA2C,0
2155,00012EEE9,0012EEE9,0
2156,00005F2DD,0005F2DD,0
2157,00016D213,0016D213,0
2158,3FFFF3A38,FFFF3A38,3
2159,0000AF8C1,000AF8C1,0
2160,3FFF79127,FFF79127,3
2161,00002CA6B,0002CA6B,0
2162,000043A59,00043A59,0
2163,3FFF4AE4B,FFF4AE4B,3
2164,3FFE8894B,FFE8894B,3
2165,00003F8D4,0003F8D4,0
2166,00008D1FE,0008D1FE,0
2167,3FFFE4356,FFFE4356,3
2168,3FFF80A7C,FFF80A7C,3
2169,00008EEF4,0008EEF4,0
2170,00000E021,0000E021,0
2171,3FFF87192,FFF87192,3
2172,3FFEF0D13,FFEF0D13,3
2173,3FFEE1E2B,FFEE1E2B,3
2174,00002F419,0002F419,0
2175,000135F4C,00135F4C,0
2176,3FFF80100,FFF80100,3
2177,3FFF322D1,FFF322D1,3
2178,00014FEF6,0014FEF6,0
2179,3FFF60B84,FFF60B84,3
2180,3FFE57970,FFE57970,3
2181,00019C020,0019C020,0
2182,000133817,00133817,0
2183,3FFEDA03D,FFEDA03D,3
2184,00001E421,0001E421,0
2185,3FFEF11E3,FFEF11E3,3
2186,3FFF98BCB,FFF98BCB,3
2187,3FFFD427C,FFFD427C,3
2188,000134F1E,00134F1E,0
2189,0000F13C6,000F13C6,0
2190,3FFF732DE,FFF732DE,3
2191,3FFE58167,FFE58167,3
2192,3FFFCCEDA,FFFCCEDA,3
2193,0001D75B4,001D75B4,0
2194,3FFFBE110,FFFBE110,3
2195,0000567A4,000567A4,0
2196,3FFEFB641,FFEFB641,3
2197,000095566,00095566,0
2198,3FFF6E18E,FFF6E18E,3
2199,00007CB90,0007CB90,0
2200,3FFFB8631,FFFB8631,3
2201,3FFFC1D57,FFFC1D57,3
2202,3FFEE8273,FFEE8273,3
2203,3FFFDE1D1,FFFDE1D1,3
2204,3FFFF0B46,FFFF0B46,3
2205,00011ED3B,0011ED3B,0
2206,3FFFBD024,FFFBD024,3
2207,000132845,00132845,0
2208,00000E559,0000E559,0
2209,3FFFFDD37,FFFFDD37,3
2210,3FFF9DC7F,FFF9DC7F,3
2211,3FFF1C6E3,FFF1C6E3,3
2212,000015C23,00015C23,0
2213,000185579,00185579,0
2214,00008BE6A,0008BE6A,0
2215,0000B182E,000B182E,0
2216,0001B1A48,001B1A48,0
2217,00001DE93,0001DE93,0
2218,3FFF5EA34,FFF5EA34,3
2219,0001E6215,001E6215,0
2220,0000B6735,000B6735,0
2221,000146A33,00146A33,0
2222,3FFF654B6,FFF654B6,3
2223,000110CA6,00110CA6,0
2224,00024DE53,0024DE53,0
2225,000003908,00003908,0
2226,00008305A,0008305A,0
2227,3FFEDC9CA,FFEDC9CA,3
2228,3FFF026E3,FFF026E3,3
2229,3FFFFEDF0,FFFFEDF0,3
2230,3FFF032DE,FFF032DE,3
2231,00019C4FC,0019C4FC,0
2232,0000C1E9D,000C1E9D,0
2233,3FFEF6BBF,FFEF6BBF,3
2234,3FFF4B0E3,FFF4B0E3,3
2235,0000869A5,000869A5,0
2236,00005A01F,0005A01F,0
2237,00003A3C9,0003A3C9,0
2238,3FFF784BE,FFF784BE,3
2239,3FFDFD00A,FFDFD00A,3
2240,3FFF79350,FFF79350,3
2241,3FFF735E6,FFF735E6,3
2242,3FFF94F0F,FFF94F0F,3
2243,3FFF7B49C,FFF7B49C,3
2244,3FFEDF6A3,FFEDF6A3,3
2245,00020BCA2,0020BCA2,0
2246,0001B8DE7,001B8DE7,0
2247,3FFF9B880,FFF9B880,3
2248,0002B124F,002B124F,0
2249,3FFFA9B51,FFFA9B51,3
2250,3FFFBB605,FFFBB605,3
2251,0000E63E6,000E63E6,0
2252,3FFFDEE38,FFFDEE38,3
2253,00000BC38,0000BC38,0
2254,000050A65,00050A65,0
2255,000107B26,00107B26,0
2256,3FFE40E84,FFE40E84,3
2257,3FFFC6FFE,FFFC6FFE,3
2258,3FFF54B50,FFF54B50,3
2259,0000441EC,000441EC,0
2260,3FFE5851C,FFE5851C,3
2261,0000AE769,000AE769,0
2262,00003ACD9,0003ACD9,0
2263,3FFEC85E0,FFEC85E0,3
2264,3FFFF5553,FFFF5553,3
2265,000038175,00038175,0
2266,00010CBA2,0010CBA2,0
2267,3FFEF631E,FFEF631E,3
2268,000101BC8,00101BC8,0
2269,3FFEC0DF1,FFEC0DF1,3
2270,0000B00AC,000B00AC,0
2271,00009F2D6,0009F2D6,0
2272,0001FB1FD,001FB1FD,0
2273,3FFF56F61,FFF56F61,3
2274,00017500B,0017500B,0
2275,0000D8232,000D8232,0
2276,000021F64,00021F64,0
2277,00002D75D,0002D75D,0
2278,0000A773E,000A773E,0
2279,00001EB7F,0001EB7F,0
2280,3FFF62DCB,FFF62DCB,3
2281,3FFEE4EE7,FFEE4EE7,3
2282,3FFFA39D6,FFFA39D6,3
2283,00001CEBC,0001CEBC,0
2284,000021544,00021544,0
2285,0000311DA,000311DA,0
2286,3FFFAD69E,FFFAD69E,3
2287,3FFF0D10B,FFF0D10B,3
2288,3FFFF9D58,FFFF9D58,3
2289,000093011,00093011,0
2290,3FFF5A9A5,FFF5A9A5,3
2291,3FFF722C2,FFF722C2,3
2292,3FFFC8230,FFFC8230,3
2293,0000103E1,000103E1,0
2294,3FFFFBE42,FFFFBE42,3
2295,000035236,00035236,0
2296,3FFFCF5F5,FFFCF5F5,3
2297,3FFFD323E,FFFD323E,3
2298,3FFFFD4EA,FFFFD4EA,3
2299,3FFF24275,FFF24275,3
2300,000096921,00096921,0
2301,3FFFE19AF,FFFE19AF,3
2302,3FFF196CF,FFF196CF,3
2303,3FFF30044,FFF30044,3
2304,0000F735E,000F735E,0
2305,0002098FD,002098FD,0
2306,3FFF9523B,FFF9523B,3
2307,3FFEA503C,FFEA503C,3
2308,3FFFE5671,FFFE5671,3
2309,3FFCB93BF,FFCB93BF,3
2310,3FFFF826B,FFFF826B,3
2311,0000A03C6,000A03C6,0
2312,000018A0B,00018A0B,0
2313,00012E870,0012E870,0
2314,000115113,00115113,0
2315,3FFF2DF9F,FFF2DF9F,3
2316,3FFEB6362,FFEB6362,3
2317,3FFFB998F,FFFB998F,3
2318,0000BBD16,000BBD16,0
2319,3FFF74DFF,FFF74DFF,3
2320,00014718A,0014718A,0
2321,0000C7DED,000C7DED,0
2322,3FFEF54E4,FFEF54E4,3
2323,3FFE8B9E3,FFE8B9E3,3
2324,00001507E,0001507E,0
2325,0000260B3,000260B3,0
2326,3FFF5F5D4,FFF5F5D4,3
2327,00011CEA3,0011CEA3,0
2328,00004ABC1,0004ABC1,0
2329,0000A4174,000A4174,0
2330,0000D5F59,000D5F59,0
2331,3FFF5FCF2,FFF5FCF2,3
2332,3FFFDF916,FFFDF916,3
2333,0000574F7,000574F7,0
2334,00008EB8C,0008EB8C,0
2335,3FFF6EEA2,FFF6EEA2,3
2336,0000E37FF,000E37FF,0
2337,00003FDB1,0003FDB1,0
2338,00018BCAE,0018BCAE,0
2339,000088876,00088876,0
2340,0000492D2,000492D2,0
2341,3FFE7B749,FFE7B749,3
2342,000079430,00079430,0
2343,000019C90,00019C90,0
2344,00009EF93,0009EF93,0
2345,3FFF1898D,FFF1898D,3
2346,00004B5A6,0004B5A6,0
2347,0000AC14B,000AC14B,0
2348,3FFECAECA,FFECAECA,3
2349,0000F8494,000F8494,0
2350,3FFEF5DD3,FFEF5DD3,3
2351,00004AC4D,0004AC4D,0
2352,00004AD6D,0004AD6D,0
2353,00012116D,0012116D,0
2354,000001D72,00001D72,0
2355,3FFFB2234,FFFB2234,3
2356,00006F4A3,0006F4A3,0
2357,3FFFA19F7,FFFA19F7,3
2358,3FFE55639,FFE55639,3
2359,00025F782,0025F782,0
2360,0000075E9,000075E9,0
2361,0000171BD,000171BD,0
2362,3FFF0F48E,FFF0F48E,3
2363,00015420F,0015420F,0
2364,3FFF148EA,FFF148EA,3
2365,3FFECECB7,FFECECB7,3
2366,000029BC7,00029BC7,0
2367,3FFFE46E2,FFFE46E2,3
2368,00002BF12,0002BF12,0
2369,0000C6976,000C6976,0
2370,00001C381,0001C381,0
2371,0000A25F0,000A25F0,0
2372,00001DD99,0001DD99,0
2373,3FFFB7053,FFFB7053,3
2374,00000132D,0000132D,0
2375,00017C7F6,0017C7F6,0
2376,000013EF3,00013EF3,0
2377,00006A46B,0006A46B,0
2378,3FFF17E3E,FFF17E3E,3
2379,000075844,00075844,0
2380,3FFFFA57E,FFFFA57E,3
2381,0001A83CE,001A83CE,0
2382,000019BAA,00019BAA,0
2383,3FFDF051E,FFDF051E,3
2384,3FFFDBBB2,FFFDBBB2,3
2385,0000EDED8,000EDED8,0
2386,3FFF07FF0,FFF07FF0,3
2387,0000DE2E0,000DE2E0,0
2388,000001C52,00001C52,0
2389,00025BF34,0025BF34,0
2390,00010BFC1,0010BFC1,0
2391,3FFECE75C,FFECE75C,3
2392,3FFED3B32,FFED3B32,3
2393,000120E85,00120E85,0
2394,0000FFD91,000FFD91,0
2395,0000184C0,000184C0,0
2396,00001EE2A,0001EE2A,0
2397,00022A06D,0022A06D,0
2398,3FFFAEFA6,FFFAEFA6,3
2399,0001166AC,001166AC,0
2400,000077DF8,00077DF8,0
2401,3FFFDFAAE,FFFDFAAE,3
2402,00004CE60,0004CE60,0
2403,3FFF9237C,FFF9237C,3
2404,0000080AA,000080AA,0
2405,3FFF6E113,FFF6E113,3
2406,00009EAAE,0009EAAE,0
2407,3FFF712F2,FFF712F2,3
2408,0000609B8,000609B8,0
2409,00023B8B1,0023B8B1,0
2410,3FFFDDC8D,FFFDDC8D,3
2411,3FFF4EB89,FFF4EB89,3
2412,3FFF20C4C,FFF20C4C,3
2413,3FFFD78EC,FFFD78EC,3
2414,00007C125,0007C125,0
2415,00000CBEF,0000CBEF,0
2416,000121689,00121689,0
2417,3FFFFF59F,FFFFF59F,3
2418,3FFEEE065,FFEEE065,3
2419,00000AC0B,0000AC0B,0
2420,3FFF202FB,FFF202FB,3
2421,3FFE83449,FFE83449,3
2422,3FFECA263,FFECA263,3
2423,3FFEED43B,FFEED43B,3
2424,3FFF7ACDD,FFF7ACDD,3
2425,000085F29,00085F29,0
2426,3FFE3B3BA,FFE3B3BA,3
2427,3FFFD5CC0,FFFD5CC0,3
2428,3FFF33D43,FFF33D43,3
2429,3FFFF20DB,FFFF20DB,3
2430,3FFFB723A,FFFB723A,3
2431,3FFF62F36,FFF62F36,3
2432,3FFFDDF29,FFFDDF29,3
2433,0000D3F3A,000D3F3A,0
2434,000120CB0,00120CB0,0
2435,000045CEC,00045CEC,0
2436,3FFF0875D,FFF0875D,3
2437,3FFFD636A,FFFD636A,3
2438,000357CCE,00357CCE,0
2439,3FFE822BF,FFE822BF,3
2440,0000001E6,000001E6,0
2441,3FFF53B86,FFF53B86,3
2442,3FFFE9EF1,FFFE9EF1,3
2443,000002810,00002810,0
2444,3FFF3480C,FFF3480C,3
2445,000091ADD,00091ADD,0
2446,3FFF1A34C,FFF1A34C,3
2447,3FFF46947,FFF46947,3
2448,0000642D2,000642D2,0
2449,3FFE228FD,FFE228FD,3
2450,3FFF5FB8E,FFF5FB8E,3
2451,3FFEA44E0,FFEA44E0,3
2452,000131A88,00131A88,0
2453,0000025C2,000025C2,0
2454,00007B18B,0007B18B,0
2455,3FFEEF61D,FFEEF61D,3
2456,0000876D4,000876D4,0
2457,000040359,00040359,0
2458,3FFDDD5F8,FFDDD5F8,3
2459,000158444,00158444,0
2460,3FFF56114,FFF56114,3
2461,3FFE709FE,FFE709FE,3
2462,3FFF5D828,FFF5D828,3
2463,3FFF86525,FFF86525,3
2464,3FFFB0EB5,FFFB0EB5,3
2465,0000B5BAD,000B5BAD,0
2466,3FFFEB0B2,FFFEB0B2,3
2467,3FFEC1CA7,FFEC1CA7,3
2468,000105AF3,00105AF3,0
2469,0000B020F,000B020F,0
2470,3FFFEF442,FFFEF442,3
2471,00014392D,0014392D,0
2472,000041565,00041565,0
2473,3FFFE82DB,FFFE82DB,3
2474,3FFF1461A,FFF1461A,3
2475,3FFFCA7B9,FFFCA7B9,3
2476,0000FF38C,000FF38C,0
2477,3FFF3E8B1,FFF3E8B1,3
2478,3FFF0302C,FFF0302C,3
2479,0000D3A39,000D3A39,0
2480,000091C20,00091C20,0
2481,000201070,00201070,0
2482,3FFF41B32,FFF41B32,3
2483,0001204C1,001204C1,0
2484,3FFEEEA77,FFEEEA77,3
2485,0001B675B,001B675B,0
2486,3FFF3F17A,FFF3F17A,3
2487,000050748,00050748,0
2488,00012EB53,0012EB53,0
2489,3FFF36893,FFF36893,3
2490,0000E86BC,000E86BC,0
2491,0000D2D0E,000D2D0E,0
2492,00008A3EF,0008A3EF,0
2493,3FFFC54D5,FFFC54D5,3
2494,00000475C,0000475C,0
2495,000033C85,00033C85,0
2496,0000586DC,000586DC,0
2497,000207115,00207115,0
2498,3FFEA90EC,FFEA90EC,3
2499,0000F8040,000F8040,0
2500,00006F22A,0006F22A,0
2501,3FFF30923,FFF30923,3
2502,0001EEC4E,001EEC4E,0
2503,00009E2BA,0009E2BA,0
2504,3FFF45761,FFF45761,3
2505,000065AC4,00065AC4,0
2506,000109E2E,00109E2E,0
2507,3FFF2B8BC,FFF2B8BC,3
2508,3FFFD8D00,FFFD8D00,3
2509,000098E88,00098E88,0
2510,3FFDF7176,FFDF7176,3
2511,0000C47C4,000C47C4,0
2512,3FFFBA0AC,FFFBA0AC,3
2513,3FFFA9ACF,FFFA9ACF,3
2514,000011505,00011505,0
2515,3FFF77637,FFF77637,3
2516,000113B14,00113B14,0
2517,0000604C1,000604C1,0
2518,3FFFE5211,FFFE5211,3
2519,3FFFA6DF8,FFFA6DF8,3
2520,3FFEF774A,FFEF774A,3
2521,3FFFE3CAF,FFFE3CAF,3
2522,3FFF7C71F,FFF7C71F,3
2523,00004470B,0004470B,0
2524,0000A3A26,000A3A26,0
2525,000125E38,00125E38,0
2526,00001A595,0001A595,0
2527,3FFF1D641,FFF1D641,3
2528,3FFEFCE3D,FFEFCE3D,3
2529,3FFF5450B,FFF5450B,3
2530,000085AE5,00085AE5,0
2531,000035CE2,00035CE2,0
2532,00012BCAB,0012BCAB,0
2533,00006819E,0006819E,0
2534,3FFF9F4DF,FFF9F4DF,3
2535,3FFE9908E,FFE9908E,3
2536,00002C8F0,0002C8F0,0
2537,00012C797,0012C797,0
2538,000184BB6,00184BB6,0
2539,3FFF169D6,FFF169D6,3
2540,3FFF2586F,FFF2586F,3
2541,3FFF18D02,FFF18D02,3
2542,0000A62D4,000A62D4,0
2543,00016DEFF,0016DEFF,0
2544,0000CBE04,000CBE04,0
2545,3FFF6FF77,FFF6FF77,3
2546,00003D74D,0003D74D,0
2547,3FFFE8E7C,FFFE8E7C,3
2548,3FFFDF31E,FFFDF31E,3
2549,3FFF25F03,FFF25F03,3
2550,3FFF41817,FFF41817,3
2551,0000563DF,000563DF,0
2552,3FFF526FD,FFF526FD,3
2553,0000C10C9,000C10C9,0
2554,3FFF30351,FFF30351,3
2555,00024BD67,0024BD67,0
2556,3FFEF9785,FFEF9785,3
2557,000053DFA,00053DFA,0
2558,0001F12F1,001F12F1,0
2559,0000B3894,000B3894,0
2560,0000C3F65,000C3F65,0
2561,3FFEEEC8C,FFEEEC8C,3
2562,3FFE887AC,FFE887AC,3
2563,0000E6BB2,000E6BB2,0
2564,0001090D3,001090D3,0
2565,3FFEB5D60,FFEB5D60,3
2566,0000E7C40,000E7C40,0
2567,000031966,00031966,0
2568,00004FA2D,0004FA2D,0
2569,3FFF10756,FFF10756,3
2570,00001E1DF,0001E1DF,0
2571,3FFEA1E6F,FFEA1E6F,3
2572,3FFF96C0C,FFF96C0C,3
2573,0000A4A27,000A4A27,0
2574,00002267D,0002267D,0
2575,0001C2849,001C2849,0
2576,3FFF39C09,FFF39C09,3
2577,3FFE0743F,FFE0743F,3
2578,3FFFE2DA3,FFFE2DA3,3
2579,00009C33F,0009C33F,0
2580,000036626,00036626,0
2581,3FFEEBDB2,FFEEBDB2,3
2582,3FFEF7A1D,FFEF7A1D,3
2583,3FFFA3EF8,FFFA3EF8,3
2584,3FFF824F2,FFF824F2,3
2585,3FFF48A85,FFF48A85,3
2586,000158CCC,00158CCC,0
2587,3FFF0F30E,FFF0F30E,3
2588,3FFFA9DCE,FFFA9DCE,3
2589,3FFE2EDFC,FFE2EDFC,3
2590,00014E7EE,0014E7EE,0
2591,3FFF23B86,FFF23B86,3
2592,000102864,00102864,0
2593,00003EBC0,0003EBC0,0
2594,0000DC071,000DC071,0
2595,000067499,00067499,0
2596,3FFF0E12D,FFF0E12D,3
2597,000121D69,00121D69,0
2598,0001C4FF0,001C4FF0,0
2599,3FFE46507,FFE46507,3
2600,0000905E2,000905E2,0
2601,0000CB84D,000CB84D,0
2602,3FFFAF870,FFFAF870,3
2603,00005382B,0005382B,0
2604,3FFF3E9E1,FFF3E9E1,3
2605,3FFEF59ED,FFEF59ED,3
2606,00024138B,0024138B,0
2607,000071A2C,00071A2C,0
2608,3FFE9E1BE,FFE9E1BE,3
2609,0000B6B69,000B6B69,0
2610,00008ECB4,0008ECB4,0
2611,3FFD98803,FFD98803,3
2612,0000BE1A2,000BE1A2,0
2613,00009B285,0009B285,0
2614,3FFF0AFBF,FFF0AFBF,3
2615,3FFFF93A7,FFFF93A7,3
2616,00021A9E4,0021A9E4,0
2617,3FFF88037,FFF88037,3
2618,3FFF57C5D,FFF57C5D,3
2619,3FFF4AEF6,FFF4AEF6,3
2620,3FFEF1741,FFEF1741,3
2621,3FFF429AD,FFF429AD,3
2622,0000D41D2,000D41D2,0
2623,000080B11,00080B11,0
2624,00000009F,0000009F,0
2625,000162660,00162660,0
2626,0000488F1,000488F1,0
2627,3FFEF8844,FFEF8844,3
2628,00000E6E9,0000E6E9,0
2629,0001230FE,001230FE,0
2630,3FFF8AEFE,FFF8AEFE,3
2631,000123FF8,00123FF8,0
2632,3FFF07AAE,FFF07AAE,3
2633,3FFEE4821,FFEE4821,3
2634,3FFF57092,FFF57092,3
2635,000031D77,00031D77,0
2636,3FFF20FA6,FFF20FA6,3
2637,0000B9660,000B9660,0
2638,0000D1726,000D1726,0
2639,000057B9E,00057B9E,0
2640,000200F8E,00200F8E,0
2641,3FFF47DCE,FFF47DCE,3
2642,000052D01,00052D01,0
2643,0000188AC,000188AC,0
2644,000017ECC,00017ECC,0
2645,000043699,00043699,0
2646,3FFE78C46,FFE78C46,3
2647,3FFFA2E39,FFFA2E39,3
2648,3FFFFF39F,FFFFF39F,3
2649,3FFFCB87D,FFFCB87D,3
2650,3FFF24719,FFF24719,3
2651,3FFFCE0E7,FFFCE0E7,3
2652,3FFFBFC87,FFFBFC87,3
2653,000120CE8,00120CE8,0
2654,3FFE4EDC7,FFE4EDC7,3
2655,000040660,00040660,0
2656,000090CE5,00090CE5,0
2657,3FFF49B1C,FFF49B1C,3
2658,00002B8C3,0002B8C3,0
2659,00000789D,0000789D,0
2660,3FFFADE9A,FFFADE9A,3
2661,0000111DB,000111DB,0
2662,3FFF4B67C,FFF4B67C,3
2663,3FFF83BC5,FFF83BC5,3
2664,00001B1EE,0001B1EE,0
2665,3FFFED5CA,FFFED5CA,3
2666,0000C0304,000C0304,0
2667,3FFFED129,FFFED129,3
2668,3FFD751BF,FFD751BF,3
2669,3FFF66E35,FFF66E35,3
2670,3FFFD0E96,FFFD0E96,3
2671,3FFF771B4,FFF771B4,3
2672,3FFF6E1C8,FFF6E1C8,3
2673,3FFF0FE4D,FFF0FE4D,3
2674,3FFFFC5CF,FFFFC5CF,3
2675,00005E526,0005E526,0
2676,00007C683,0007C683,0
2677,3FFF8F69F,FFF8F69F,3
2678,0000A4189,000A4189,0
2679,3FFE7A95B,FFE7A95B,3
2680,00012AA10,0012AA10,0
2681,000079280,00079280,0
2682,3FFFDF24C,FFFDF24C,3
2683,3FFFA2BEE,FFFA2BEE,3
2684,0001A9BDD,001A9BDD,0
2685,0000571C4,000571C4,0
2686,000016A6E,00016A6E,0
2687,3FFF5BD8F,FFF5BD8F,3
2688,3FFFC5AA9,FFFC5AA9,3
2689,3FFF6B0FC,FFF6B0FC,3
2690,00005FCF0,0005FCF0,0
2691,00009F2E9,0009F2E9,0
2692,00010928A,0010928A,0
2693,3FFF49F7B,FFF49F7B,3
2694,3FFEA6B6B,FFEA6B6B,3
2695,0000C9AC9,000C9AC9,0
2696,3FFF86A4B,FFF86A4B,3
2697,3FFF709BF,FFF709BF,3
2698,00007DFBA,0007DFBA,0
2699,3FFFAD2BC,FFFAD2BC,3
2700,3FFFD94D0,FFFD94D0,3
2701,000127FFC,00127FFC,0
2702,00005B02D,0005B02D,0
2703,000266ACD,00266ACD,0
2704,3FFFEDFAB,FFFEDFAB,3
2705,3FFE741D5,FFE741D5,3
2706,3FFF46E37,FFF46E37,3
2707,00003776A,0003776A,0
2708,3FFF8BFEB,FFF8BFEB,3
2709,0000934EB,000934EB,0
2710,000049D82,00049D82,0
2711,0001E78CE,001E78CE,0
2712,0000C8AD4,000C8AD4,0
2713,3FFF6E056,FFF6E056,3
2714,0000FE76B,000FE76B,0
2715,0000C72EB,000C72EB,0
2716,3FFEB4694,FFEB4694,3
2717,3FFFD38B6,FFFD38B6,3
2718,000166DFA,00166DFA,0
2719,3FFDC42C7,FFDC42C7,3
2720,0002050C3,002050C3,0
2721,3FFF3F8CF,FFF3F8CF,3
2722,0000201B7,000201B7,0
2723,3FFF674FA,FFF674FA,3
2724,3FFFE30E0,FFFE30E0,3
2725,00006040B,0006040B,0
2726,00001B191,0001B191,0
2727,00007E632,0007E632,0
2728,00013EA16,0013EA16,0
2729,0000DD9F6,000DD9F6,0
2730,00016E384,0016E384,0
2731,0000BA40D,000BA40D,0
2732,3FFFF8927,FFFF8927,3
2733,3FFFE2AAB,FFFE2AAB,3
2734,0001061BC,001061BC,0
2735,000080C7A,00080C7A,0
2736,00009D7CA,0009D7CA,0
2737,0000B6868,000B6868,0
2738,00004805C,0004805C,0
2739,00002A7E7,0002A7E7,0
2740,3FFF46CC7,FFF46CC7,3
2741,0001D604F,001D604F,0
2742,0000BD866,000BD866,0
2743,00003EEE8,0003EEE8,0
2744,0000D30C7,000D30C7,0
2745,3FFF4A279,FFF4A279,3
2746,0001347A8,001347A8,0
2747,3FFF823E7,FFF823E7,3
2748,3FFF6573E,FFF6573E,3
2749,000062D62,00062D62,0
2750,3FFF654C7,FFF654C7,3
2751,000054E72,00054E72,0
2752,3FFFA0476,FFFA0476,3
2753,3FFF3B7F9,FFF3B7F9,3
2754,000037D90,00037D90,0
2755,3FFF77F7D,FFF77F7D,3
2756,00013FD95,0013FD95,0
2757,0000ED292,000ED292,0
2758,3FFFAD008,FFFAD008,3
2759,000078E69,00078E69,0
2760,3FFF9182A,FFF9182A,3
2761,0000F75D3,000F75D3,0
2762,3FFEF964B,FFEF964B,3
2763,3FFFA5AC1,FFFA5AC1,3
2764,3FFF70ABE,FFF70ABE,3
2765,3FFEEB335,FFEEB335,3
2766,00003D0B5,0003D0B5,0
2767,3FFF89B20,FFF89B20,3
2768,3FFFE49F7,FFFE49F7,3
2769,000016949,00016949,0
2770,0000C6DEE,000C6DEE,0
2771,00004789A,0004789A,0
2772,0000635A6,000635A6,0
2773,0001EC774,001EC774,0
2774,3FFF717C5,FFF717C5,3
2775,3FFFD8942,FFFD8942,3
2776,3FFE45892,FFE45892,3
2777,3FFF2C2DC,FFF2C2DC,3
2778,000079642,00079642,0
2779,00027C797,0027C797,0
2780,000070F0E,00070F0E,0
2781,3FFF03624,FFF03624,3
2782,000008B66,00008B66,0
2783,00024273A,0024273A,0
2784,3FFFF3567,FFFF3567,3
2785,0000DE0CD,000DE0CD,0
2786,3FFF6EE31,FFF6EE31,3
2787,3FFFECBD4,FFFECBD4,3
2788,3FFF7247E,FFF7247E,3
2789,00020E16D,0020E16D,0
2790,3FFECD03E,FFECD03E,3
2791,00004E836,0004E836,0
2792,3FFF47AF5,FFF47AF5,3
2793,000067C76,00067C76,0
2794,3FFFD80B5,FFFD80B5,3
2795,0000B45F8,000B45F8,0
2796,000134520,00134520,0
2797,3FFEAB49E,FFEAB49E,3
2798,000052DF4,00052DF4,0
2799,3FFE94A03,FFE94A03,3
2800,000000B33,00000B33,0
2801,3FFF21116,FFF21116,3
2802,3FFEC023D,FFEC023D,3
2803,00018C396,0018C396,0
2804,3FFEB949B,FFEB949B,3
2805,3FFFAFB83,FFFAFB83,3
2806,3FFE49C38,FFE49C38,3
2807,00006B244,0006B244,0
2808,00002650D,0002650D,0
2809,3FFFE18AA,FFFE18AA,3
2810,00003BF2D,0003BF2D,0
2811,0000FF749,000FF749,0
2812,00022032A,0022032A,0
2813,3FFF2BB80,FFF2BB80,3
2814,00014EE51,0014EE51,0
2815,3FFF5F532,FFF5F532,3
2816,0000691DB,000691DB,0
2817,00000E3D8,0000E3D8,0
2818,000040B89,00040B89,0
2819,0000897D0,000897D0,0
2820,000234281,00234281,0
2821,3FFF5357E,FFF5357E,3
2822,3FFFCF9BD,FFFCF9BD,3
2823,3FFEC7BD3,FFEC7BD3,3
2824,00015AD04,0015AD04,0
2825,000014E52,00014E52,0
2826,3FFDF674F,FFDF674F,3
2827,3FFFA56B7,FFFA56B7,3
2828,3FFFDEACE,FFFDEACE,3
2829,00007CE2E,0007CE2E,0
2830,3FFFC3DC5,FFFC3DC5,3
2831,3FFF60A73,FFF60A73,3
2832,3FFF1D526,FFF1D526,3
2833,00000356A,0000356A,0
2834,000141B0A,00141B0A,0
2835,00015044F,0015044F,0
2836,000087918,00087918,0
2837,0000EE4E2,000EE4E2,0
2838,3FFEB2D52,FFEB2D52,3
2839,3FFFB83FE,FFFB83FE,3
2840,3FFFB51EB,FFFB51EB,3
2841,3FFF18449,FFF18449,3
2842,3FFFDE41C,FFFDE41C,3
2843,3FFEE7078,FFEE7078,3
2844,3FFF5C8FD,FFF5C8FD,3
2845,00001A0C6,0001A0C6,0
2846,0000BD178,000BD178,0
2847,3FFEF742D,FFEF742D,3
2848,000086BBE,00086BBE,0
2849,00002507F,0002507F,0
2850,00018FE98,0018FE98,0
2851,0000EFB49,000EFB49,0
2852,3FFEB01EB,FFEB01EB,3
2853,0000C78A4,000C78A4,0
2854,3FFFE639B,FFFE639B,3
2855,3FFF714C3,FFF714C3,3
2856,3FFF95455,FFF95455,3
2857,3FFFDF488,FFFDF488,3
2858,3FFFB67F1,FFFB67F1,3
2859,000025E17,00025E17,0
2860,3FFF415B8,FFF415B8,3
2861,000033C5E,00033C5E,0
2862,0000406CF,000406CF,0
2863,00008C40A,0008C40A,0
2864,3FFEDC5B5,FFEDC5B5,3
2865,3FFFED519,FFFED519,3
2866,0000EFEB4,000EFEB4,0
2867,3FFFC821A,FFFC821A,3
2868,3FFFC0F2F,FFFC0F2F,3
2869,3FFFEF84B,FFFEF84B,3
2870,0000E0C92,000E0C92,0
2871,0000A30A1,000A30A1,0
2872,000174D7C,00174D7C,0
2873,3FFF59B65,FFF59B65,3
2874,3FFE356C7,FFE356C7,3
2875,3FFEE6501,FFEE6501,3
2876,0000C354F,000C354F,0
2877,3FFFE292D,FFFE292D,3
2878,000032B23,00032B23,0
2879,3FFECBCC2,FFECBCC2,3
2880,3FFEB51F7,FFEB51F7,3
2881,00001F489,0001F489,0
2882,3FFF3978C,FFF3978C,3
2883,00021A87A,0021A87A,0
2884,3FFEFC5F8,FFEFC5F8,3
2885,00006BD4E,0006BD4E,0
2886,000051DB7,00051DB7,0
2887,000192B24,00192B24,0
2888,0000EB1C0,000EB1C0,0
2889,0001A87E2,001A87E2,0
2890,3FFF047F6,FFF047F6,3
2891,3FFFA407A,FFFA407A,3
2892,3FFF70370,FFF70370,3
2893,3FFFDD3F7,FFFDD3F7,3
2894,3FFF9E034,FFF9E034,3
2895,000097274,00097274,0
2896,3FFF279CB,FFF279CB,3
2897,0000FE8E8,000FE8E8,0
2898,0000C833D,000C833D,0
2899,0000BBDBF,000BBDBF,0
2900,3FFF0F770,FFF0F770,3
2901,3FFE92D0A,FFE92D0A,3
2902,3FFFCB8BE,FFFCB8BE,3
2903,3FFFACD1E,FFFACD1E,3
2904,3FFFF755A,FFFF755A,3
2905,3FFEF2DD2,FFEF2DD2,3
2906,3FFDFEF04,FFDFEF04,3
2907,00001A514,0001A514,0
2908,0001CC91F,001CC91F,0
2909,000147BBA,00147BBA,0
2910,00009EFE8,0009EFE8,0
2911,00009F0E7,0009F0E7,0
2912,3FFF45220,FFF45220,3
2913,3FFFA2FA3,FFFA2FA3,3
2914,0001315E0,001315E0,0
2915,00016DD20,0016DD20,0
2916,000058220,00058220,0
2917,3FFF3B49C,FFF3B49C,3
2918,00003D264,0003D264,0
2919,3FFF614CD,FFF614CD,3
2920,3FFF98690,FFF98690,3
2921,3FFEF7A79,FFEF7A79,3
2922,3FFF0D82D,FFF0D82D,3
2923,00014D284,0014D284,0
2924,0000946CF,000946CF,0
2925,3FFF8A200,FFF8A200,3
2926,0000BC997,000BC997,0
2927,3FFE9B0BC,FFE9B0BC,3
2928,0000625C7,000625C7,0
2929,3FFE36B8E,FFE36B8E,3
2930,3FFFBC1A6,FFFBC1A6,3
2931,00007F9B0,0007F9B0,0
2932,3FFF8F639,FFF8F639,3
2933,3FFF86F1B,FFF86F1B,3
2934,3FFF4DA47,FFF4DA47,3
2935,3FFF799B3,FFF799B3,3
2936,3FFFFA793,FFFFA793,3
2937,000037B47,00037B47,0
2938,000144F44,00144F44,0
2939,3FFF39680,FFF39680,3
2940,3FFF886D3,FFF886D3,3
2941,000030721,00030721,0
2942,0000BAD74,000BAD74,0
2943,00017D501,0017D501,0
2944,3FFFBA453,FFFBA453,3
2945,0000967CA,000967CA,0
2946,0000CD5EC,000CD5EC,0
2947,3FFFA7FC6,FFFA7FC6,3
2948,000039A3A,00039A3A,0
2949,3FFE2F357,FFE2F357,3
2950,000063C35,00063C35,0
2951,3FFFF36AD,FFFF36AD,3
2952,0001993BC,001993BC,0
2953,00001B1E6,0001B1E6,0
2954,3FFFDC503,FFFDC503,3
2955,0000D2CC0,000D2CC0,0
2956,00021FCE2,0021FCE2,0
2957,000018384,00018384,0
2958,0000152F6,000152F6,0
2959,3FFFE4724,FFFE4724,3
2960,3FFF60C6C,FFF60C6C,3
2961,0000903AC,000903AC,0
2962,3FFFA5705,FFFA5705,3
2963,0001D724C,001D724C,0
2964,3FFF45D8F,FFF45D8F,3
2965,00002937D,0002937D,0
2966,3FFFA8905,FFFA8905,3
2967,000100C4A,00100C4A,0
2968,000036D79,00036D79,0
2969,3FFFBA912,FFFBA912,3
2970,3FFF5AEF8,FFF5AEF8,3
2971,00003EA6F,0003EA6F,0
2972,3FFEE251C,FFEE251C,3
2973,0001823C3,001823C3,0
2974,3FFF0329B,FFF0329B,3
2975,0001AC68A,001AC68A,0
2976,3FFFA90B0,FFFA90B0,3
2977,00019654D,0019654D,0
2978,0000AC65F,000AC65F,0
2979,3FFFE7366,FFFE7366,3
2980,3FFF1BE16,FFF1BE16,3
2981,00002AFBD,0002AFBD,0
2982,3FFEC8742,FFEC8742,3
2983,3FFF7822F,FFF7822F,3
2984,3FFF3FF2D,FFF3FF2D,3
2985,0001D3D8B,001D3D8B,0
2986,0000763E4,000763E4,0
2987,3FFFD99F4,FFFD99F4,3
2988,3FFF2D681,FFF2D681,3
2989,0000BF4EE,000BF4EE,0
2990,3FFF0505F,FFF0505F,3
2991,0000520BA,000520BA,0
2992,0000133DF,000133DF,0
2993,3FFF23B6E,FFF23B6E,3
2994,3FFF44E08,FFF44E08,3
2995,3FFE61736,FFE61736,3
2996,3FFF26943,FFF26943,3
2997,0000F49BE,000F49BE,0
2998,3FFF8AC1D,FFF8AC1D,3
2999,3FFFABC40,FFFABC40,3
3000,3FFF83F80,FFF83F80,3
3001,000053FD5,00053FD5,0
3002,0000C5342,000C5342,0
3003,0001DC40A,001DC40A,0
3004,3FFF91093,FFF91093,3
3005,3FFF5C27D,FFF5C27D,3
3006,3FFF857AC,FFF857AC,3
3007,00005ED0B,0005ED0B,0
3008,000003DDB,00003DDB,0
3009,00000514E,0000514E,0
3010,3FFEEE0AC,FFEEE0AC,3
3011,3FFF2411A,FFF2411A,3
3012,3FFF96DB0,FFF96DB0,3
3013,00009D851,0009D851,0
3014,3FFEA7D4C,FFEA7D4C,3
3015,000111C86,00111C86,0
3016,3FFCD4F41,FFCD4F41,3
3017,3FFFF1A9F,FFFF1A9F,3
3018,000015AB2,00015AB2,0
3019,3FFEA1819,FFEA1819,3
3020,3FFE46A8F,FFE46A8F,3
3021,0001A9B7C,001A9B7C,0
3022,3FFE3BCBC,FFE3BCBC,3
3023,0001202BC,001202BC,0
3024,3FFFE9F29,FFFE9F29,3
3025,000021A9F,00021A9F,0
3026,0000CDF81,000CDF81,0
3027,3FFFD62BB,FFFD62BB,3
3028,000005CB3,00005CB3,0
3029,3FFE0C1E8,FFE0C1E8,3
3030,3FFE54585,FFE54585,3
3031,3FFF81625,FFF81625,3
3032,00015EC1F,0015EC1F,0
3033,000064751,00064751,0
3034,3FFF98F5F,FFF98F5F,3
3035,3FFF65760,FFF65760,3
3036,3FFFA2283,FFFA2283,3
3037,3FFFC2222,FFFC2222,3
3038,3FFF41513,FFF41513,3
3039,3FFE79F8E,FFE79F8E,3
3040,3FFD54F76,FFD54F76,3
3041,3FFF2D920,FFF2D920,3
3042,00004AC59,0004AC59,0
3043,3FFF7CAA5,FFF7CAA5,3
3044,3FFFDEDEE,FFFDEDEE,3
3045,000027D42,00027D42,0
3046,3FFD6EBF9,FFD6EBF9,3
3047,0000436B7,000436B7,0
3048,3FFF28411,FFF28411,3
3049,0000152E2,000152E2,0
3050,0000B74D6,000B74D6,0
3051,000056131,00056131,0
3052,3FFF4FFD0,FFF4FFD0,3
3053,00008D853,0008D853,0
3054,0000C77B6,000C77B6,0
3055,3FFFE50AF,FFFE50AF,3
3056,3FFF38FAA,FFF38FAA,3
3057,00007D4B7,0007D4B7,0
3058,00010D9FA,0010D9FA,0
3059,000011C37,00011C37,0
3060,000022377,00022377,0
3061,000056328,00056328,0
3062,3FFF87F1E,FFF87F1E,3
3063,0000111F4,000111F4,0
3064,0000C3238,000C3238,0
3065,000174D56,00174D56,0
3066,0000936A7,000936A7,0
3067,000020929,00020929,0
3068,3FFF7B57A,FFF7B57A,3
3069,000066617,00066617,0
3070,3FFFE2CB7,FFFE2CB7,3
3071,0000FC37B,000FC37B,0
3072,3FFFEBEA5,FFFEBEA5,3
3073,0000AB4C8,000AB4C8,0
3074,0000BDE8C,000BDE8C,0
3075,000099023,00099023,0
3076,3FFE733FD,FFE733FD,3
3077,3FFF2595E,FFF2595E,3
3078,00004E1A5,0004E1A5,0
3079,3FFFF3191,FFFF3191,3
3080,000039A39,00039A39,0
3081,3FFF401A9,FFF401A9,3
3082,0000DF3FA,000DF3FA,0
3083,000113829,00113829,0
3084,3FFFB6A57,FFFB6A57,3
3085,3FFE67E5B,FFE67E5B,3
3086,0000F5EDA,000F5EDA,0
3087,3FFF9D134,FFF9D134,3
3088,000023407,00023407,0
3089,3FFFCC1CD,FFFCC1CD,3
3090,3FFE0887B,FFE0887B,3
3091,3FFEE589B,FFEE589B,3
3092,00011679A,0011679A,0
3093,3FFFC1540,FFFC1540,3
3094,3FFEEBD94,FFEEBD94,3
3095,0000FDF22,000FDF22,0
3096,000065B18,00065B18,0
3097,3FFFA2642,FFFA2642,3
3098,0000351A3,000351A3,0
3099,0000D7CFF,000D7CFF,0
3100,000061258,00061258,0
3101,00013AA89,0013AA89,0
3102,3FFF24B33,FFF24B33,3
3103,3FFF8102B,FFF8102B,3
3104,00000724E,0000724E,0
3105,3FFFC2F42,FFFC2F42,3
3106,000050F7B,00050F7B,0
3107,0000F55E6,000F55E6,0
3108,3FFE9409A,FFE9409A,3
3109,3FFF4530A,FFF4530A,3
3110,0000EF487,000EF487,0
3111,0000C78FC,000C78FC,0
3112,000133C24,00133C24,0
3113,00008F378,0008F378,0
3114,3FFF7BA67,FFF7BA67,3
3115,0001DE6AA,001DE6AA,0
3116,00018B3A5,0018B3A5,0
3117,3FFFD642A,FFFD642A,3
3118,3FFF89411,FFF89411,3
3119,3FFF2136E,FFF2136E,3
3120,0000194CC,000194CC,0
3121,00004E052,0004E052,0
3122,000030D85,00030D85,0
3123,3FFFCC417,FFFCC417,3
3124,3FFFDBF0F,FFFDBF0F,3
3125,3FFF7DD97,FFF7DD97,3
3126,3FFE2A095,FFE2A095,3
3127,0001A1C90,001A1C90,0
3128,000123356,00123356,0
3129,3FFEA9F02,FFEA9F02,3
3130,0001D2DD8,001D2DD8,0
3131,00022E1AB,0022E1AB,0
3132,000161C48,00161C48,0
3133,3FFE2630D,FFE2630D,3
3134,3FFFCC3BF,FFFCC3BF,3
3135,3FFF47D6C,FFF47D6C,3
3136,3FFF967D6,FFF967D6,3
3137,0000FC0A5,000FC0A5,0
3138,3FFDB42E1,FFDB42E1,3
3139,3FFFAEE1C,FFFAEE1C,3
3140,3FFDEFC97,FFDEFC97,3
3141,00004A30C,0004A30C,0
3142,3FFF49695,FFF49695,3
3143,3FFE44617,FFE44617,3
3144,0000B05B0,000B05B0,0
3145,0000DEC92,000DEC92,0
3146,3FFD6F4B7,FFD6F4B7,3
3147,3FFF1979C,FFF1979C,3
3148,000114699,00114699,0
3149,000128E5B,00128E5B,0
3150,0000ACDA4,000ACDA4,0
3151,3FFF610D8,FFF610D8,3
3152,0000ACE6E,000ACE6E,0
3153,0000676FA,000676FA,0
3154,000055848,00055848,0
3155,000102EBE,00102EBE,0
3156,3FFEA3B99,FFEA3B99,3
3157,3FFF0DFC3,FFF0DFC3,3
3158,3FFE4DC67,FFE4DC67,3
3159,3FFEB1EC7,FFEB1EC7,3
3160,3FFE16F3F,FFE16F3F,3
3161,3FFE844EC,FFE844EC,3
3162,0000833D2,000833D2,0
3163,3FFF44273,FFF44273,3
3164,000160A7F,00160A7F,0
3165,3FFD50F7D,FFD50F7D,3
3166,3FFEC167E,FFEC167E,3
3167,000043DAA,00043DAA,0
3168,00002D1B2,0002D1B2,0
3169,0000C2C3B,000C2C3B,0
3170,3FFF4F70A,FFF4F70A,3
3171,00003B8E2,0003B8E2,0
3172,3FFE71873,FFE71873,3
3173,00007A520,0007A520,0
3174,00017ADC4,0017ADC4,0
3175,000153E1E,00153E1E,0
3176,3FFF5BF5F,FFF5BF5F,3
3177,0001E5682,001E5682,0
3178,0000C6C11,000C6C11,0
3179,3FFFE08FD,FFFE08FD,3
3180,3FFFA1750,FFFA1750,3
3181,3FFEFCF92,FFEFCF92,3
3182,0000884ED,000884ED,0
3183,3FFF7D18C,FFF7D18C,3
3184,00009EBD4,0009EBD4,0
3185,0000F141A,000F141A,0
3186,3FFEB02A0,FFEB02A0,3
3187,00006C860,0006C860,0
3188,0001085C8,001085C8,0
3189,0000BFAC8,000BFAC8,0
3190,0001C770F,001C770F,0
3191,0001EB3EB,001EB3EB,0
3192,0000F6728,000F6728,0
3193,0000973CD,000973CD,0
3194,3FFFD459F,FFFD459F,3
3195,0000A3573,000A3573,0
3196,0000E580E,000E580E,0
3197,3FFF49859,FFF49859,3
3198,00004EF5B,0004EF5B,0
3199,00017501D,0017501D,0
3200,3FFEA5122,FFEA5122,3
3201,3FFF4A4C7,FFF4A4C7,3
3202,0000A44D5,000A44D5,0
3203,0000F00A2,000F00A2,0
3204,3FFF97850,FFF97850,3
3205,3FFF7189A,FFF7189A,3
3206,000016177,00016177,0
3207,000181219,00181219,0
3208,3FFFD192C,FFFD192C,3
3209,3FFF00648,FFF00648,3
3210,00013CFAC,0013CFAC,0
3211,3FFF7C716,FFF7C716,3
3212,3FFFA9D1B,FFFA9D1B,3
3213,0000B04B1,000B04B1,0
3214,3FFEA7120,FFEA7120,3
3215,0000D69FB,000D69FB,0
3216,000016879,00016879,0
3217,3FFF4F6CF,FFF4F6CF,3
3218,0001114DA,001114DA,0
3219,3FFEFC1C3,FFEFC1C3,3
3220,3FFFD6783,FFFD6783,3
3221,3FFFCB2F9,FFFCB2F9,3
3222,3FFE4FB2D,FFE4FB2D,3
3223,3FFF74E60,FFF74E60,3
3224,000001853,00001853,0
3225,3FFFF411F,FFFF411F,3
3226,00001CE14,0001CE14,0
3227,0000C3F2A,000C3F2A,0
3228,00027E9A6,0027E9A6,0
3229,0002D42AC,002D42AC,0
3230,3FFF3DA19,FFF3DA19,3
3231,3FFFED948,FFFED948,3
3232,3FFF542CB,FFF542CB,3
3233,3FFF1F251,FFF1F251,3
3234,0001B6CCF,001B6CCF,0
3235,00017CC08,0017CC08,0
3236,0001D1101,001D1101,0
3237,3FFEF1994,FFEF1994,3
3238,00008FB2D,0008FB2D,0
3239,000020FA7,00020FA7,0
3240,00014A774,0014A774,0
3241,00011FBA2,0011FBA2,0
3242,3FFFE68AD,FFFE68AD,3
3243,3FFF1AF4D,FFF1AF4D,3
3244,00008A5F2,0008A5F2,0
3245,000152F59,00152F59,0
3246,3FFF64483,FFF64483,3
3247,3FFED4871,FFED4871,3
3248,0000C0B85,000C0B85,0
3249,00003B6D0,0003B6D0,0
3250,3FFEC24EF,FFEC24EF,3
3251,0000A5D49,000A5D49,0
3252,3FFF6119A,FFF6119A,3
3253,000115676,00115676,0
3254,3FFF2CFF5,FFF2CFF5,3
3255,000058EB7,00058EB7,0
3256,00027F408,0027F408,0
3257,0001C2237,001C2237,0
3258,00016A26E,0016A26E,0
3259,3FFF18B83,FFF18B83,3
3260,3FFF9EB17,FFF9EB17,3
3261,3FFF85FE3,FFF85FE3,3
3262,00012A234,0012A234,0
3263,3FFEC6F52,FFEC6F52,3
3264,0000474F5,000474F5,0
3265,3FFDF0D28,FFDF0D28,3
3266,3FFED03AF,FFED03AF,3
3267,0001ACB0F,001ACB0F,0
3268,3FFF62641,FFF62641,3
3269,3FFFCE33B,FFFCE33B,3
3270,3FFF84D2E,FFF84D2E,3
3271,3FFFD8A1D,FFFD8A1D,3
3272,0000501AF,000501AF,0
3273,000116257,00116257,0
3274,3FFEADFD4,FFEADFD4,3
3275,000253008,00253008,0
3276,000093CFD,00093CFD,0
3277,3FFD8EBE0,FFD8EBE0,3
3278,3FFF2A544,FFF2A544,3
3279,0000E1DB3,000E1DB3,0
3280,3FFE760FB,FFE760FB,3
3281,000072827,00072827,0
3282,3FFF3A589,FFF3A589,3
3283,3FFF6364F,FFF6364F,3
3284,0000955E7,000955E7,0
3285,000079EDD,00079EDD,0
3286,3FFF22721,FFF22721,3
3287,0001F6097,001F6097,0
3288,00013DA74,0013DA74,0
3289,3FFE2F4D7,FFE2F4D7,3
3290,00000B4F4,0000B4F4,0
3291,0000AA09D,000AA09D,0
3292,3FFE25B97,FFE25B97,3
3293,3FFEA44AA,FFEA44AA,3
3294,3FFFC8BBB,FFFC8BBB,3
3295,00010BBF7,0010BBF7,0
3296,00018979D,0018979D,0
3297,3FFF39C91,FFF39C91,3
3298,00000B9B5,0000B9B5,0
3299,3FFF5AA9D,FFF5AA9D,3
3300,3FFF49CE9,FFF49CE9,3
3301,3FFF88D15,FFF88D15,3
3302,3FFF45701,FFF45701,3
3303,0001384C8,001384C8,0
3304,00004BC8C,0004BC8C,0
3305,000086A0E,00086A0E,0
3306,3FFE9013D,FFE9013D,3
3307,0001531FA,001531FA,0
3308,3FFFC571A,FFFC571A,3
3309,00024F428,0024F428,0
3310,0001CE666,001CE666,0
3311,3FFF18996,FFF18996,3
3312,00007AF7B,0007AF7B,0
3313,3FFF7B524,FFF7B524,3
3314,3FFF692BB,FFF692BB,3
3315,3FFE9601F,FFE9601F,3
3316,000038B15,00038B15,0
3317,3FFF4CE70,FFF4CE70,3
3318,0000BD3F8,000BD3F8,0
3319,00003EFD6,0003EFD6,0
3320,0000989BA,000989BA,0
3321,00018F6B4,0018F6B4,0
3322,000117617,00117617,0
3323,000017007,00017007,0
3324,3FFD690A9,FFD690A9,3
3325,00011C3F6,0011C3F6,0
3326,0001AF135,001AF135,0
3327,3FFF98E27,FFF98E27,3
3328,3FFED9223,FFED9223,3
3329,3FFFECE5E,FFFECE5E,3
3330,0000B7642,000B7642,0
3331,00022BC14,0022BC14,0
3332,0000E6041,000E6041,0
3333,3FFF0D04F,FFF0D04F,3
3334,0000ABC32,000ABC32,0
3335,00014BE28,0014BE28,0
3336,0000C7DF6,000C7DF6,0
3337,00017F6C4,0017F6C4,0
3338,3FFEFA7F6,FFEFA7F6,3
3339,000025BCD,00025BCD,0
3340,3FFED40F9,FFED40F9,3
3341,3FFFB69C6,FFFB69C6,3
3342,00021A981,0021A981,0
3343,3FFE760A0,FFE760A0,3
3344,3FFFD484C,FFFD484C,3
3345,3FFFDB90B,FFFDB90B,3
3346,0000960BF,000960BF,0
3347,3FFDC9321,FFDC9321,3
3348,00003BEAD,0003BEAD,0
3349,000001545,00001545,0
3350,0000681A5,000681A5,0
3351,3FFFAFF00,FFFAFF00,3
3352,3FFF39E2D,FFF39E2D,3
3353,3FFEFAF0A,FFEFAF0A,3
3354,3FFFDA6B8,FFFDA6B8,3
3355,000130DB9,00130DB9,0
3356,00010D1C4,0010D1C4,0
3357,0001D43A8,001D43A8,0
3358,000120F98,00120F98,0
3359,3FFEBFCB2,FFEBFCB2,3
3360,000032264,00032264,0
3361,3FFFA0DEB,FFFA0DEB,3
3362,00024E4CD,0024E4CD,0
3363,3FFEC81E1,FFEC81E1,3
3364,3FFFBCF42,FFFBCF42,3
3365,0000D20B9,000D20B9,0
3366,3FFF2F7D3,FFF2F7D3,3
3367,0000D63FB,000D63FB,0
3368,3FFF9AE44,FFF9AE44,3
3369,3FFFF50ED,FFFF50ED,3
3370,00001C009,0001C009,0
3371,000083311,00083311,0
3372,0000C4E2B,000C4E2B,0
3373,3FFE6C1F0,FFE6C1F0,3
3374,3FFFDD2BD,FFFDD2BD,3
3375,00004C0FA,0004C0FA,0
3376,0000D9275,000D9275,0
3377,3FFF0861B,FFF0861B,3
3378,3FFF77DF5,FFF77DF5,3
3379,3FFEC979A,FFEC979A,3
3380,00008F77C,0008F77C,0
3381,0000394DB,000394DB,0
3382,0000FFEFC,000FFEFC,0
3383,3FFF5CB9E,FFF5CB9E,3
3384,3FFFC3456,FFFC3456,3
3385,000043371,00043371,0
3386,3FFFE34A7,FFFE34A7,3
3387,00019B2C7,0019B2C7,0
3388,00012595B,0012595B,0
3389,000035461,00035461,0
3390,3FFE5C79D,FFE5C79D,3
3391,3FFFD70A0,FFFD70A0,3
3392,0000533CD,000533CD,0
3393,3FFF3EE6B,FFF3EE6B,3
3394,0000CD279,000CD279,0
3395,3FFF60631,FFF60631,3
3396,0000166B6,000166B6,0
3397,3FFE5755A,FFE5755A,3
3398,0000AC09E,000AC09E,0
3399,0000B0281,000B0281,0
3400,000094372,00094372,0
3401,3FFEEE734,FFEEE734,3
3402,0001134D0,001134D0,0
3403,3FFFE41A8,FFFE41A8,3
3404,3FFE7A1D6,FFE7A1D6,3
3405,3FFED1E71,FFED1E71,3
3406,0000C38C5,000C38C5,0
3407,000019DC4,00019DC4,0
3408,3FFF23143,FFF23143,3
3409,00008D619,0008D619,0
3410,3FFFC28EE,FFFC28EE,3
3411,3FFF24406,FFF24406,3
3412,00010E22F,0010E22F,0
3413,3FFF3A43F,FFF3A43F,3
3414,00007B9FE,0007B9FE,0
3415,0000ACA2E,000ACA2E,0
3416,00017C1E1,0017C1E1,0
3417,3FFEF97F6,FFEF97F6,3
3418,3FFF69520,FFF69520,3
3419,000099DF6,00099DF6,0
3420,3FFE3B5F3,FFE3B5F3,3
3421,000128C2F,00128C2F,0
3422,3FFED7B8F,FFED7B8F,3
3423,000029E2A,00029E2A,0
3424,000010EC5,00010EC5,0
3425,000068B49,00068B49,0
3426,000094163,00094163,0
3427,3FFF68902,FFF68902,3
3428,0001F203D,001F203D,0
3429,3FFF17290,FFF17290,3
3430,000099EDB,00099EDB,0
3431,3FFE838D3,FFE838D3,3
3432,000073764,00073764,0
3433,0000EEA4E,000EEA4E,0
3434,3FFF2B718,FFF2B718,3
3435,3FFF256E0,FFF256E0,3
3436,0000AD152,000AD152,0
3437,3FFECEC8C,FFECEC8C,3
3438,0001E081E,001E081E,0
3439,3FFF50568,FFF50568,3
3440,3FFFCA308,FFFCA308,3
3441,3FFF84020,FFF84020,3
3442,000078F06,00078F06,0
3443,3FFFD49F4,FFFD49F4,3
3444,3FFFF1292,FFFF1292,3
3445,0000C67B6,000C67B6,0
3446,3FFF46571,FFF46571,3
3447,3FFE267BD,FFE267BD,3
3448,00004B76A,0004B76A,0
3449,3FFFCEF8E,FFFCEF8E,3
3450,3FFE80680,FFE80680,3
3451,3FFE99B7C,FFE99B7C,3
3452,000020D3A,00020D3A,0
3453,000194D0C,00194D0C,0
3454,0000B2D14,000B2D14,0
3455,3FFF833B6,FFF833B6,3
3456,0000636BD,000636BD,0
3457,3FFED1C76,FFED1C76,3
3458,3FFFF4533,FFFF4533,3
3459,3FFF41D73,FFF41D73,3
3460,3FFF33795,FFF33795,3
3461,3FFF1FCDE,FFF1FCDE,3
3462,3FFEB99ED,FFEB99ED,3
3463,3FFDB6ED1,FFDB6ED1,3
3464,0000899CD,000899CD,0
3465,0000819B7,000819B7,0
3466,000050691,00050691,0
3467,3FFFA7630,FFFA7630,3
3468,00004F82E,0004F82E,0
3469,3FFFD2380,FFFD2380,3
3470,0000C3F49,000C3F49,0
3471,00005136C,0005136C,0
3472,0001C4B2E,001C4B2E,0
3473,3FFFA2C2C,FFFA2C2C,3
3474,3FFEF0EA3,FFEF0EA3,3
3475,0000CA1C5,000CA1C5,0
3476,3FFF5D613,FFF5D613,3
3477,000160D5F,00160D5F,0
3478,000038B95,00038B95,0
3479,3FFF95B61,FFF95B61,3
3480,0000929A5,000929A5,0
3481,000036BFD,00036BFD,0
3482,0000A2FFC,000A2FFC,0
3483,00004F9EB,0004F9EB,0
3484,000003844,00003844,0
3485,3FFFCEAF6,FFFCEAF6,3
3486,3FFEB2D2D,FFEB2D2D,3
3487,3FFF5F09E,FFF5F09E,3
3488,00014CC91,0014CC91,0
3489,0000BFB9C,000BFB9C,0
3490,000120EC0,00120EC0,0
3491,0001B4FE5,001B4FE5,0
3492,3FFF91656,FFF91656,3
3493,000100E63,00100E63,0
3494,3FFFECC22,FFFECC22,3
3495,3FFE46F3D,FFE46F3D,3
3496,000082ED2,00082ED2,0
3497,3FFE310A1,FFE310A1,3
3498,0000D7F1C,000D7F1C,0
3499,3FFFD4DE5,FFFD4DE5,3
3500,3FFF19813,FFF19813,3
3501,00021C24C,0021C24C,0
3502,000014F48,00014F48,0
3503,3FFF0D648,FFF0D648,3
3504,00006B315,0006B315,0
3505,3FFF0B9D3,FFF0B9D3,3
3506,000124A31,00124A31,0
3507,0000BB047,000BB047,0
3508,3FFECB3B2,FFECB3B2,3
3509,0000E0907,000E0907,0
3510,3FFF1CC9E,FFF1CC9E,3
3511,3FFF80A48,FFF80A48,3
3512,3FFF88E60,FFF88E60,3
3513,00000E25A,0000E25A,0
3514,3FFFFE36A,FFFFE36A,3
3515,3FFF4D7E5,FFF4D7E5,3
3516,3FFF24FFB,FFF24FFB,3
3517,3FFF117C5,FFF117C5,3
3518,3FFDD86D9,FFDD86D9,3
3519,3FFFD18D6,FFFD18D6,3
3520,3FFF7808F,FFF7808F,3
3521,000177AF4,00177AF4,0
3522,3FFF9383A,FFF9383A,3
3523,000148C88,00148C88,0
3524,00013D0FE,0013D0FE,0
3525,000026DFA,00026DFA,0
3526,00013FA1B,0013FA1B,0
3527,00003DCE6,0003DCE6,0
3528,000046BC0,00046BC0,0
3529,0000DC1C7,000DC1C7,0
3530,3FFFB480F,FFFB480F,3
3531,0000E0FD0,000E0FD0,0
3532,00005E23E,0005E23E,0
3533,3FFFEE631,FFFEE631,3
3534,3FFEEBE55,FFEEBE55,3
3535,00005F345,0005F345,0
3536,3FFDD7E0C,FFDD7E0C,3
3537,3FFF86E32,FFF86E32,3
3538,00001DD4B,0001DD4B,0
3539,000007ADD,00007ADD,0
3540,3FFF84E87,FFF84E87,3
3541,3FFF22612,FFF22612,3
3542,3FFF42420,FFF42420,3
3543,0000D98AA,000D98AA,0
3544,0000A123B,000A123B,0
3545,00018E308,0018E308,0
3546,3FFE7015A,FFE7015A,3
3547,3FFE58180,FFE58180,3
3548,000092FE0,00092FE0,0
3549,3FFFF8AB0,FFFF8AB0,3
3550,3FFE00F12,FFE00F12,3
3551,0000317E8,000317E8,0
3552,3FFFC4B18,FFFC4B18,3
3553,00009275A,0009275A,0
3554,3FFFC9FC4,FFFC9FC4,3
3555,0000CCC5A,000CCC5A,0
3556,3FFEEB9B5,FFEEB9B5,3
3557,000015CAB,00015CAB,0
3558,3FFFEEF42,FFFEEF42,3
3559,3FFFCE2EA,FFFCE2EA,3
3560,3FFED438D,FFED438D,3
3561,0001C7CCF,001C7CCF,0
3562,000117A09,00117A09,0
3563,00011B06E,0011B06E,0
3564,000163457,00163457,0
3565,3FFFCF4BB,FFFCF4BB,3
3566,3FFF27A77,FFF27A77,3
3567,3FFFF0493,FFFF0493,3
3568,3FFFDF358,FFFDF358,3
3569,000143141,00143141,0
3570,3FFF56165,FFF56165,3
3571,0000F3CA5,000F3CA5,0
3572,3FFF83E93,FFF83E93,3
3573,3FFED5C75,FFED5C75,3
3574,3FFD793BB,FFD793BB,3
3575,00005764B,0005764B,0
3576,3FFE79329,FFE79329,3
3577,000042F36,00042F36,0
3578,00001992A,0001992A,0
3579,0000AC3C1,000AC3C1,0
3580,00019DE75,0019DE75,0
3581,3FFF27883,FFF27883,3
3582,3FFEFA1E2,FFEFA1E2,3
3583,00006F9A9,0006F9A9,0
3584,3FFF50E32,FFF50E32,3
3585,0001B3C62,001B3C62,0
3586,3FFF5CA9E,FFF5CA9E,3
3587,3FFD48B04,FFD48B04,3
3588,3FFFFC250,FFFFC250,3
3589,3FFEF2026,FFEF2026,3
3590,3FFF21D37,FFF21D37,3
3591,3FFEC00E2,FFEC00E2,3
3592,3FFFA5644,FFFA5644,3
3593,3FFFC49A8,FFFC49A8,3
3594,0000600E5,000600E5,0
3595,3FFEFEDC5,FFEFEDC5,3
3596,3FFD7ECCF,FFD7ECCF,3
3597,00010C1F0,0010C1F0,0
3598,3FFF92661,FFF92661,3
3599,3FFE64CC1,FFE64CC1,3
3600,3FFE2A99C,FFE2A99C,3
3601,00002D990,0002D990,0
3602,3FFEC6DD4,FFEC6DD4,3
3603,3FFF4AB18,FFF4AB18,3
3604,00003C77C,0003C77C,0
3605,00001BA7A,0001BA7A,0
3606,0000078C3,000078C3,0
3607,000108A82,00108A82,0
3608,3FFFE143C,FFFE143C,3
3609,00001FCE0,0001FCE0,0
3610,3FFFCB458,FFFCB458,3
3611,00009F2F0,0009F2F0,0
3612,3FFFCAAD6,FFFCAAD6,3
3613,3FFFA75BA,FFFA75BA,3
3614,3FFE834B4,FFE834B4,3
3615,3FFF4589F,FFF4589F,3
3616,3FFF834A2,FFF834A2,3
3617,0000279AF,000279AF,0
3618,3FFF76FEC,FFF76FEC,3
3619,3FFEF0C71,FFEF0C71,3
3620,3FFFC949F,FFFC949F,3
3621,0000311D4,000311D4,0
3622,3FFF8B318,FFF8B318,3
3623,3FFF7D0CC,FFF7D0CC,3
3624,0000FD75D,000FD75D,0
3625,3FFD11B90,FFD11B90,3
3626,000010A5C,00010A5C,0
3627,3FFF9B269,FFF9B269,3
3628,3FFF7AADC,FFF7AADC,3
3629,000150608,00150608,0
3630,0000CD20D,000CD20D,0
3631,0000B62CE,000B62CE,0
3632,000066383,00066383,0
3633,3FFEB26FE,FFEB26FE,3
3634,000001C0B,00001C0B,0
3635,3FFEACAA8,FFEACAA8,3
3636,3FFE1E4DA,FFE1E4DA,3
3637,3FFEF65DA,FFEF65DA,3
3638,0000175AF,000175AF,0
3639,00012CDB8,0012CDB8,0
3640,0000B3A29,000B3A29,0
3641,3FFDF149D,FFDF149D,3
3642,3FFF561A5,FFF561A5,3
3643,000217D2B,00217D2B,0
3644,3FFFA7B3F,FFFA7B3F,3
3645,3FFFF60F7,FFFF60F7,3
3646,3FFDCCD0B,FFDCCD0B,3
3647,3FFFF5AE2,FFFF5AE2,3
3648,3FFFD3198,FFFD3198,3
3649,3FFFD3230,FFFD3230,3
3650,000022694,00022694,0
3651,00007143A,0007143A,0
3652,3FFED962C,FFED962C,3
3653,3FFF1688E,FFF1688E,3
3654,0000AF3F2,000AF3F2,0
3655,3FFECC538,FFECC538,3
3656,3FFF7E562,FFF7E562,3
3657,00008FCF4,0008FCF4,0
3658,3FFF68B6D,FFF68B6D,3
3659,00005FC52,0005FC52,0
3660,0000E2093,000E2093,0
3661,3FFFC40D3,FFFC40D3,3
3662,3FFF6D9B3,FFF6D9B3,3
3663,000031D83,00031D83,0
3664,000000DC5,00000DC5,0
3665,3FFFD0F21,FFFD0F21,3
3666,00013FFEC,0013FFEC,0
3667,3FFEDFCDA,FFEDFCDA,3
3668,00001A157,0001A157,0
3669,0000D0FA3,000D0FA3,0
3670,3FFFDC71E,FFFDC71E,3
3671,3FFEC3DF4,FFEC3DF4,3
3672,3FFF91575,FFF91575,3
3673,3FFF8FB7E,FFF8FB7E,3
3674,0000B1E33,000B1E33,0
3675,0000401A9,000401A9,0
3676,000010828,00010828,0
3677,0000C6B18,000C6B18,0
3678,3FFF90D5A,FFF90D5A,3
3679,3FFEFBF5F,FFEFBF5F,3
3680,3FFFCB5C5,FFFCB5C5,3
3681,000079CCE,00079CCE,0
3682,000073D2D,00073D2D,0
3683,3FFF93D70,FFF93D70,3
3684,3FFFCCE52,FFFCCE52,3
3685,3FFE1CDC7,FFE1CDC7,3
3686,0000CCC29,000CCC29,0
3687,3FFFDAFBA,FFFDAFBA,3
3688,0001E8B73,001E8B73,0
3689,00005C41E,0005C41E,0
3690,0000D3904,000D3904,0
3691,3FFF9FAEA,FFF9FAEA,3
3692,000088533,00088533,0
3693,0000C9FD4,000C9FD4,0
3694,0000AD742,000AD742,0
3695,000117A1E,00117A1E,0
3696,00004FA60,0004FA60,0
3697,3FFFC34D6,FFFC34D6,3
3698,000181187,00181187,0
3699,3FFEDACBE,FFEDACBE,3
3700,00011C1CC,0011C1CC,0
3701,3FFF5D841,FFF5D841,3
3702,000287A95,00287A95,0
3703,3FFFEE37E,FFFEE37E,3
3704,00004BD9B,0004BD9B,0
3705,00005BB49,0005BB49,0
3706,00011A1F1,0011A1F1,0
3707,0000CF978,000CF978,0
3708,00011E2E3,0011E2E3,0
3709,3FFEC92C9,FFEC92C9,3
3710,000078B49,00078B49,0
3711,00013FC68,0013FC68,0
3712,3FFF0DA7B,FFF0DA7B,3
3713,0000E3B22,000E3B22,0
3714,3FFFE361C,FFFE361C,3
3715,0000BC5DC,000BC5DC,0
3716,3FFF6A9CC,FFF6A9CC,3
3717,3FFDA9190,FFDA9190,3
3718,3FFF6EDFA,FFF6EDFA,3
3719,3FFFEE534,FFFEE534,3
3720,3FFF2315A,FFF2315A,3
3721,00002D3E1,0002D3E1,0
3722,000067D68,00067D68,0
3723,3FFF6F68E,FFF6F68E,3
3724,3FFF9AB9A,FFF9AB9A,3
3725,3FFFFFA7C,FFFFFA7C,3
3726,3FFE9991F,FFE9991F,3
3727,0000EF0A3,000EF0A3,0
3728,00000972F,0000972F,0
3729,3FFF8ABA9,FFF8ABA9,3
3730,0000D4ADD,000D4ADD,0
3731,3FFF4929B,FFF4929B,3
3732,0001F09CA,001F09CA,0
3733,3FFF1D79C,FFF1D79C,3
3734,3FFFD5ADD,FFFD5ADD,3
3735,3FFF9385C,FFF9385C,3
3736,3FFFC47D3,FFFC47D3,3
3737,3FFF29514,FFF29514,3
3738,3FFFF8E54,FFFF8E54,3
3739,3FFF3CF33,FFF3CF33,3
3740,3FFF13DC7,FFF13DC7,3
3741,0000141A1,000141A1,0
3742,000098951,00098951,0
3743,0001A7EA7,001A7EA7,0
3744,3FFFC157E,FFFC157E,3
3745,00000B328,0000B328,0
3746,0000A7B19,000A7B19,0
3747,3FFE9FCD7,FFE9FCD7,3
3748,0000F5EF5,000F5EF5,0
3749,3FFDFCF3D,FFDFCF3D,3
3750,0002948BE,002948BE,0
3751,0000A111C,000A111C,0
3752,000024E0C,00024E0C,0
3753,000107DCC,00107DCC,0
3754,00013CB9B,0013CB9B,0
3755,00002CC16,0002CC16,0
3756,3FFE17704,FFE17704,3
3757,3FFF702B7,FFF702B7,3
3758,00009FAC9,0009FAC9,0
3759,3FFF81D5E,FFF81D5E,3
3760,00006DDA7,0006DDA7,0
3761,00009882D,0009882D,0
3762,0001091CE,001091CE,0
3763,00006DB27,0006DB27,0
3764,0000A8F2F,000A8F2F,0
3765,3FFFD5956,FFFD5956,3
3766,00002A383,0002A383,0
3767,0000CBB5B,000CBB5B,0
3768,00004DC98,0004DC98,0
3769,3FFFC489F,FFFC489F,3
3770,0002D5A93,002D5A93,0
3771,000147DEC,00147DEC,0
3772,00017B5C8,0017B5C8,0
3773,000199087,00199087,0
3774,3FFFC790D,FFFC790D,3
3775,3FFFC5848,FFFC5848,3
3776,3FFF70A4F,FFF70A4F,3
3777,3FFFFF7A4,FFFFF7A4,3
3778,0000B514B,000B514B,0
3779,0001D7B5C,001D7B5C,0
3780,00001CDFE,0001CDFE,0
3781,000114C06,00114C06,0
3782,3FFF1673A,FFF1673A,3
3783,0000DE4A7,000DE4A7,0
3784,3FFFB434F,FFFB434F,3
3785,3FFE15140,FFE15140,3
3786,00005AF85,0005AF85,0
3787,00016CD21,0016CD21,0
3788,3FFE9C2F8,FFE9C2F8,3
3789,00020AACC,0020AACC,0
3790,3FFF55DD4,FFF55DD4,3
3791,00002D199,0002D199,0
3792,0000505D1,000505D1,0
3793,000122249,00122249,0
3794,0000CFAF2,000CFAF2,0
3795,3FFEC54E4,FFEC54E4,3
3796,3FFF0124A,FFF0124A,3
3797,3FFEE811F,FFEE811F,3
3798,3FFE50E7B,FFE50E7B,3
3799,00015AA69,0015AA69,0
3800,3FFF7439D,FFF7439D,3
3801,3FFF4E445,FFF4E445,3
3802,3FFEE0934,FFEE0934,3
3803,00002917B,0002917B,0
3804,3FFFE4725,FFFE4725,3
3805,3FFD75C3E,FFD75C3E,3
3806,0000373BF,000373BF,0
3807,00009C5B5,0009C5B5,0
3808,3FFFEEF1C,FFFEEF1C,3
3809,3FFF5293D,FFF5293D,3
3810,0001951B3,001951B3,0
3811,00035FA6A,0035FA6A,0
3812,00001C0CB,0001C0CB,0
3813,3FFEE356C,FFEE356C,3
3814,0000F51FF,000F51FF,0
3815,3FFFC0801,FFFC0801,3
3816,3FFFDF048,FFFDF048,3
3817,000009150,00009150,0
3818,3FFFA46B0,FFFA46B0,3
3819,3FFF80156,FFF80156,3
3820,000191110,00191110,0
3821,00016A731,0016A731,0
3822,3FFF5492C,FFF5492C,3
3823,0000ADC62,000ADC62,0
3824,3FFFB2F9E,FFFB2F9E,3
3825,0000A2C76,000A2C76,0
3826,3FFF7939E,FFF7939E,3
3827,3FFEE04C9,FFEE04C9,3
3828,3FFF6867F,FFF6867F,3
3829,3FFF5A1D2,FFF5A1D2,3
3830,3FFFB1928,FFFB1928,3
3831,000108A32,00108A32,0
3832,000140EE8,00140EE8,0
3833,0000A2AEB,000A2AEB,0
3834,3FFEF21D8,FFEF21D8,3
3835,3FFFD2287,FFFD2287,3
3836,000031BD3,00031BD3,0
3837,00011F2B1,0011F2B1,0
3838,00003975F,0003975F,0
3839,3FFFDC22C,FFFDC22C,3
3840,3FFFC8DDB,FFFC8DDB,3
3841,000085F5E,00085F5E,0
3842,0000ABD1C,000ABD1C,0
3843,3FFFB64B3,FFFB64B3,3
3844,3FFF9C37C,FFF9C37C,3
3845,0001AD7C4,001AD7C4,0
3846,0000CB4B1,000CB4B1,0
3847,3FFE53840,FFE53840,3
3848,3FFFC24C9,FFFC24C9,3
3849,0000403C5,000403C5,0
3850,0000A939A,000A939A,0
3851,3FFFAEF51,FFFAEF51,3
3852,3FFF3DBC0,FFF3DBC0,3
3853,0001CD7BD,001CD7BD,0
3854,00004F585,0004F585,0
3855,3FFF40E92,FFF40E92,3
3856,0000CED51,000CED51,0
3857,3FFE0C550,FFE0C550,3
3858,3FFF3556F,FFF3556F,3
3859,3FFF732B3,FFF732B3,3
3860,3FFFC1491,FFFC1491,3
3861,00013811E,0013811E,0
3862,00003F56F,0003F56F,0
3863,3FFEF0438,FFEF0438,3
3864,3FFEABBEA,FFEABBEA,3
3865,3FFDE1158,FFDE1158,3
3866,0000A9508,000A9508,0
3867,0000C01A7,000C01A7,0
3868,3FFF9EE9E,FFF9EE9E,3
3869,3FFFDF96C,FFFDF96C,3
3870,00001E73D,0001E73D,0
3871,3FFEE93E8,FFEE93E8,3
3872,3FFFE998E,FFFE998E,3
3873,00027D31B,0027D31B,0
3874,3FFFFEF2E,FFFFEF2E,3
3875,000105940,00105940,0
3876,3FFFF23D1,FFFF23D1,3
3877,0000C1B36,000C1B36,0
3878,3FFEBB8B7,FFEBB8B7,3
3879,3FFF8494C,FFF8494C,3
3880,3FFF4AECA,FFF4AECA,3
3881,00006C31E,0006C31E,0
3882,3FFFA8319,FFFA8319,3
3883,3FFFBCC86,FFFBCC86,3
3884,3FFEBD6E3,FFEBD6E3,3
3885,0001084A1,001084A1,0
3886,0002AAE73,002AAE73,0
3887,3FFF7B64F,FFF7B64F,3
3888,3FFEA1970,FFEA1970,3
3889,000105F06,00105F06,0
3890,000132212,00132212,0
3891,3FFE24BFC,FFE24BFC,3
3892,3FFDECC41,FFDECC41,3
3893,3FFEB6A46,FFEB6A46,3
3894,000049016,00049016,0
3895,3FFF75600,FFF75600,3
3896,3FFFE642B,FFFE642B,3
3897,3FFFE1705,FFFE1705,3
3898,0001B6BD2,001B6BD2,0
3899,3FFF932AD,FFF932AD,3
3900,3FFEA5415,FFEA5415,3
3901,3FFFFD7C6,FFFFD7C6,3
3902,3FFEE0292,FFEE0292,3
3903,00013750F,0013750F,0
3904,3FFFA00B6,FFFA00B6,3
3905,3FFEB4A80,FFEB4A80,3
3906,00016A976,0016A976,0
3907,0001536A9,001536A9,0
3908,0000BD6DA,000BD6DA,0
3909,00000D77E,0000D77E,0
3910,000182D99,00182D99,0
3911,3FFDDCE8B,FFDDCE8B,3
3912,0000456F9,000456F9,0
3913,000037F2E,00037F2E,0
3914,000010513,00010513,0
3915,00007700B,0007700B,0
3916,3FFF64625,FFF64625,3
3917,3FFFBEAF4,FFFBEAF4,3
3918,00008BE47,0008BE47,0
3919,3FFEC0BD8,FFEC0BD8,3
3920,00005A99D,0005A99D,0
3921,3FFFD334A,FFFD334A,3
3922,00013E92D,0013E92D,0
3923,000070025,00070025,0
3924,0000C41D1,000C41D1,0
3925,3FFDDEC7A,FFDDEC7A,3
3926,3FFF57F09,FFF57F09,3
3927,00000D6EF,0000D6EF,0
3928,3FFF51AC5,FFF51AC5,3
3929,0001388ED,001388ED,0
3930,3FFD3B34F,FFD3B34F,3
3931,3FFFFBEA3,FFFFBEA3,3
3932,000130DCF,00130DCF,0
3933,0000FCBA4,000FCBA4,0
3934,3FFCA155E,FFCA155E,3
3935,3FFEA4F23,FFEA4F23,3
3936,000061431,00061431,0
3937,3FFFDE601,FFFDE601,3
3938,00007D2E2,0007D2E2,0
3939,00001C4E0,0001C4E0,0
3940,3FFE8AF42,FFE8AF42,3
3941,3FFF045AF,FFF045AF,3
3942,000040671,00040671,0
3943,3FFF43FC2,FFF43FC2,3
3944,3FFCF05AA,FFCF05AA,3
3945,0001E528E,001E528E,0
3946,00003481C,0003481C,0
3947,3FFF6A714,FFF6A714,3
3948,3FFE0FDD9,FFE0FDD9,3
3949,000183C0C,00183C0C,0
3950,0000046E1,000046E1,0
3951,00003ED02,0003ED02,0
3952,0000D8B0F,000D8B0F,0
3953,0001612DD,001612DD,0
3954,0000F2A79,000F2A79,0
3955,00005E84F,0005E84F,0
3956,00001B273,0001B273,0
3957,3FFEF9B70,FFEF9B70,3
3958,000031345,00031345,0
3959,3FFEF9020,FFEF9020,3
3960,00005BAFD,0005BAFD,0
3961,0000CEBEF,000CEBEF,0
3962,3FFFCBFF7,FFFCBFF7,3
3963,0000ED231,000ED231,0
3964,0000D7C15,000D7C15,0
3965,000034A91,00034A91,0
3966,3FFFF5853,FFFF5853,3
3967,0000D00B3,000D00B3,0
3968,0000C5075,000C5075,0
3969,00005F612,0005F612,0
3970,00017E5D0,0017E5D0,0
3971,3FFF967A2,FFF967A2,3
3972,3FFEC9557,FFEC9557,3
3973,0001F2557,001F2557,0
3974,0000C15D1,000C15D1,0
3975,3FFF09A9E,FFF09A9E,3
3976,0000F2617,000F2617,0
3977,00021EB8D,0021EB8D,0
3978,3FFEF8C8F,FFEF8C8F,3
3979,3FFF26FC1,FFF26FC1,3
3980,0000111CD,000111CD,0
3981,000147A68,00147A68,0
3982,0000DD1FF,000DD1FF,0
3983,3FFE889CB,FFE889CB,3
3984,000119B24,00119B24,0
3985,000029676,00029676,0
3986,3FFFADA7B,FFFADA7B,3
3987,000011873,00011873,0
3988,3FFFA3354,FFFA3354,3
3989,00008F0F9,0008F0F9,0
3990,00002EE80,0002EE80,0
3991,000233EC8,00233EC8,0
3992,3FFE9EE0B,FFE9EE0B,3
3993,0001A3A8D,001A3A8D,0
3994,3FFF5C342,FFF5C342,3
3995,3FFF6E2D3,FFF6E2D3,3
3996,000081C7A,00081C7A,0
3997,3FFF4C22B,FFF4C22B,3
3998,3FFFF1B79,FFFF1B79,3
3999,3FFE76E78,FFE76E78,3
4000,00005C0F4,0005C0F4,0
4001,0001352B9,001352B9,0
4002,3FFF300AD,FFF300AD,3
4003,3FFF5F29E,FFF5F29E,3
4004,00018ACEE,0018ACEE,0
4005,3FFE4C23D,FFE4C23D,3
4006,0001D49FF,001D49FF,0
4007,0000039D5,000039D5,0
4008,0001DACCC,001DACCC,0
4009,000052DC1,00052DC1,0
4010,3FFFF922D,FFFF922D,3
4011,0000E4E97,000E4E97,0
4012,0000B4D93,000B4D93,0
4013,3FFF2B0FF,FFF2B0FF,3
4014,00007DC10,0007DC10,0
4015,0000EFE86,000EFE86,0
4016,000149A22,00149A22,0
4017,000268AFD,00268AFD,0
4018,00025E4CB,0025E4CB,0
4019,0000248A2,000248A2,0
4020,00005161D,0005161D,0
4021,3FFF55DA0,FFF55DA0,3
4022,3FFF76536,FFF76536,3
4023,3FFFC4087,FFFC4087,3
4024,00011DBD1,0011DBD1,0
4025,0000F9424,000F9424,0
4026,3FFFFDA12,FFFFDA12,3
4027,000005F01,00005F01,0
4028,0000A03C9,000A03C9,0
4029,00002C56A,0002C56A,0
4030,000182ABC,00182ABC,0
4031,3FFEEE4ED,FFEEE4ED,3
4032,3FFF34237,FFF34237,3
4033,00007C663,0007C663,0
4034,00010F4F8,0010F4F8,0
4035,3FFF4A21F,FFF4A21F,3
4036,00005FF90,0005FF90,0
4037,0001D33E3,001D33E3,0
4038,0001C03EE,001C03EE,0
4039,3FFF3398D,FFF3398D,3
4040,3FFFDF9FD,FFFDF9FD,3
4041,0000955FB,000955FB,0
4042,0000C1434,000C1434,0
4043,00003F64E,0003F64E,0
4044,3FFDF66B6,FFDF66B6,3
4045,00001B5AB,0001B5AB,0
4046,3FFF936D3,FFF936D3,3
4047,000039C71,00039C71,0
4048,3FFEEB044,FFEEB044,3
4049,0001B6781,001B6781,0
4050,3FFD7CECF,FFD7CECF,3
4051,3FFF393BE,FFF393BE,3
4052,0001AC647,001AC647,0
4053,3FFFD6D11,FFFD6D11,3
4054,3FFFFF9E2,FFFFF9E2,3
4055,000004AF8,00004AF8,0
4056,3FFF8B64C,FFF8B64C,3
4057,00002D022,0002D022,0
4058,3FFFC79EF,FFFC79EF,3
4059,000088F2F,00088F2F,0
4060,000038617,00038617,0
4061,3FFF87C9C,FFF87C9C,3
4062,0000CAD0F,000CAD0F,0
4063,3FFF76E65,FFF76E65,3
4064,3FFF1A038,FFF1A038,3
4065,3FFEF17EF,FFEF17EF,3
4066,0001A565E,001A565E,0
4067,0000DFD3A,000DFD3A,0
4068,00019F0BC,0019F0BC,0
4069,0003210C2,003210C2,0
4070,3FFEA3D25,FFEA3D25,3
4071,3FFE18655,FFE18655,3
4072,3FFF1AB73,FFF1AB73,3
4073,3FFF83411,FFF83411,3
4074,3FFED4E33,FFED4E33,3
4075,3FFF86994,FFF86994,3
4076,3FFF752E2,FFF752E2,3
4077,3FFF856B6,FFF856B6,3
4078,000041877,00041877,0
4079,00019844A,0019844A,0
4080,3FFF2E5AF,FFF2E5AF,3
4081,0000EE9E6,000EE9E6,0
4082,000017C69,00017C69,0
4083,3FFF699C7,FFF699C7,3
4084,3FFFC5B18,FFFC5B18,3
4085,3FFF9EBD3,FFF9EBD3,3
4086,3FFF7CBF9,FFF7CBF9,3
4087,0000A42F8,000A42F8,0
4088,3FFEBA7C5,FFEBA7C5,3
4089,3FFEF3AAA,FFEF3AAA,3
4090,00001731D,0001731D,0
4091,000203FF5,00203FF5,0
4092,0000FBF28,000FBF28,0
4093,3FFEEF1C1,FFEEF1C1,3
4094,00022A100,0022A100,0
4095,3FFECC835,FFECC835,3
4096,00005FB84,0005FB84,0
4097,0000F4B97,000F4B97,0
4098,000091765,00091765,0
4099,3FFE7E9AB,FFE7E9AB,3
4100,3FFFE438E,FFFE438E,3
4101,3FFEDF9AF,FFEDF9AF,3
4102,3FFFBBBEA,FFFBBBEA,3
4103,000062988,00062988,0
4104,0000003DB,000003DB,0
4105,0001C11DD,001C11DD,0
4106,0000518A6,000518A6,0
4107,0000A087D,000A087D,0
4108,3FFF854C4,FFF854C4,3
4109,00000B3A3,0000B3A3,0
4110,00008C881,0008C881,0
4111,3FFF111B0,FFF111B0,3
4112,00010D070,0010D070,0
4113,00005731B,0005731B,0
4114,0001C1A80,001C1A80,0
4115,3FFF4057B,FFF4057B,3
4116,000030150,00030150,0
4117,0000599D8,000599D8,0
4118,00007B4BC,0007B4BC,0
4119,0000A082A,000A082A,0
4120,3FFF479FF,FFF479FF,3
4121,3FFD9B1EC,FFD9B1EC,3
4122,0000511B9,000511B9,0
4123,000187591,00187591,0
4124,3FFFF5F69,FFFF5F69,3
4125,3FFF084B9,FFF084B9,3
4126,000000E50,00000E50,0
4127,000269B56,00269B56,0
4128,3FFF9CB6D,FFF9CB6D,3
4129,3FFD759B4,FFD759B4,3
4130,0001CBD5A,001CBD5A,0
4131,3FFFB6759,FFFB6759,3
4132,000058F05,00058F05,0
4133,3FFFD4689,FFFD4689,3
4134,3FFF0205D,FFF0205D,3
4135,3FFF0BA42,FFF0BA42,3
4136,000004ACF,00004ACF,0
4137,3FFFB0F87,FFFB0F87,3
4138,0001DB696,001DB696,0
4139,000069E88,00069E88,0
4140,3FFEE0BD0,FFEE0BD0,3
4141,000007D92,00007D92,0
4142,0000E20A1,000E20A1,0
4143,00006312B,0006312B,0
4144,3FFF6CBAA,FFF6CBAA,3
4145,000066C24,00066C24,0
4146,3FFFE58C3,FFFE58C3,3
4147,3FFE88467,FFE88467,3
4148,000040E54,00040E54,0
4149,000022AC8,00022AC8,0
4150,3FFF56C00,FFF56C00,3
4151,00019A378,0019A378,0
4152,00009889B,0009889B,0
4153,3FFF07167,FFF07167,3
4154,3FFFD4DB6,FFFD4DB6,3
4155,3FFE8E49E,FFE8E49E,3
4156,0000765EE,000765EE,0
4157,0001454F1,001454F1,0
4158,3FFF9A23D,FFF9A23D,3
4159,3FFEC4BBC,FFEC4BBC,3
4160,00001EA40,0001EA40,0
4161,0000F57D2,000F57D2,0
4162,0000DB798,000DB798,0
4163,00003C92E,0003C92E,0
4164,0000F7EEC,000F7EEC,0
4165,3FFFC07AB,FFFC07AB,3
4166,3FFDFBA49,FFDFBA49,3
4167,3FFFF97D5,FFFF97D5,3
4168,0000F021C,000F021C,0
4169,00003CEC1,0003CEC1,0
4170,0000CF05C,000CF05C,0
4171,3FFDB1BB5,FFDB1BB5,3
4172,000028199,00028199,0
4173,000091DAC,00091DAC,0
4174,3FFF1717F,FFF1717F,3
4175,000199D70,00199D70,0
4176,00019C9C1,0019C9C1,0
4177,3FFF225C9,FFF225C9,3
4178,000021AC3,00021AC3,0
4179,0001CE754,001CE754,0
4180,000012248,00012248,0
4181,0000DB121,000DB121,0
4182,000192C8B,00192C8B,0
4183,00006CD9C,0006CD9C,0
4184,3FFF20B7B,FFF20B7B,3
4185,3FFFB249D,FFFB249D,3
4186,000039432,00039432,0
4187,3FFF201F9,FFF201F9,3
4188,3FFFD5704,FFFD5704,3
4189,00014DA77,0014DA77,0
4190,000140F05,00140F05,0
4191,00001CA85,0001CA85,0
4192,0000165D1,000165D1,0
4193,000053FE0,00053FE0,0
4194,00009DE7D,0009DE7D,0
4195,00008E131,0008E131,0
4196,3FFFD1E69,FFFD1E69,3
4197,3FFF4A9CE,FFF4A9CE,3
4198,3FFF977DF,FFF977DF,3
4199,3FFFBCB9A,FFFBCB9A,3
4200,3FFF568F2,FFF568F2,3
4201,0000B98C1,000B98C1,0
4202,0001814A3,001814A3,0
4203,0000943AA,000943AA,0
4204,3FFEE5BC5,FFEE5BC5,3
4205,00002B7B8,0002B7B8,0
4206,000095CCD,00095CCD,0
4207,0000F1DF1,000F1DF1,0
4208,00002E0A7,0002E0A7,0
4209,000160651,00160651,0
4210,3FFFEEF61,FFFEEF61,3
4211,3FFE2D653,FFE2D653,3
4212,0000409CC,000409CC,0
4213,0000973C0,000973C0,0
4214,3FFF68081,FFF68081,3
4215,3FFCB8C1C,FFCB8C1C,3
4216,000022830,00022830,0
4217,00020CA1D,0020CA1D,0
4218,0000CACCD,000CACCD,0
4219,3FFF0CDFC,FFF0CDFC,3
4220,0000C4478,000C4478,0
4221,3FFF8DAEB,FFF8DAEB,3
4222,3FFFCECAD,FFFCECAD,3
4223,0000BD1D2,000BD1D2,0
4224,00015B908,0015B908,0
4225,3FFF81FBB,FFF81FBB,3
4226,000008867,00008867,0
4227,3FFFB70B6,FFFB70B6,3
4228,0001B75A0,001B75A0,0
4229,3FFF3D66E,FFF3D66E,3
4230,3FFE7A3C7,FFE7A3C7,3
4231,3FFF8678F,FFF8678F,3
4232,0000902FB,000902FB,0
4233,3FFEE7939,FFEE7939,3
4234,3FFF4587F,FFF4587F,3
4235,3FFF1B171,FFF1B171,3
4236,3FFFC9A7C,FFFC9A7C,3
4237,3FFFF9422,FFFF9422,3
4238,0000F4646,000F4646,0
4239,3FFFD969C,FFFD969C,3
4240,0000D1BA5,000D1BA5,0
4241,3FFE72D88,FFE72D88,3
4242,0000A3FFF,000A3FFF,0
4243,0000C3E41,000C3E41,0
4244,0000509C4,000509C4,0
4245,3FFF783C4,FFF783C4,3
4246,3FFDD47BB,FFDD47BB,3
4247,3FFF4329B,FFF4329B,3
4248,3FFE943AC,FFE943AC,3
4249,00005BE63,0005BE63,0
4250,0000A3BFB,000A3BFB,0
4251,00011F308,0011F308,0
4252,0000722A1,000722A1,0
4253,000116738,00116738,0
4254,3FFFE2DF8,FFFE2DF8,3
4255,00005E86A,0005E86A,0
4256,3FFF68D44,FFF68D44,3
4257,3FFF10EFB,FFF10EFB,3
4258,3FFF0A8B4,FFF0A8B4,3
4259,3FFE2150F,FFE2150F,3
4260,3FFE64CCF,FFE64CCF,3
4261,00021CD96,0021CD96,0
4262,00012B4BF,0012B4BF,0
4263,00000899D,0000899D,0
4264,3FFFAFA81,FFFAFA81,3
4265,3FFF8DDBA,FFF8DDBA,3
4266,000024662,00024662,0
4267,3FFF4F40C,FFF4F40C,3
4268,3FFF343FC,FFF343FC,3
4269,3FFEE0CD0,FFEE0CD0,3
4270,0000E1587,000E1587,0
4271,000030F72,00030F72,0
4272,3FFFB87DD,FFFB87DD,3
4273,00013F8EE,0013F8EE,0
4274,000007461,00007461,0
4275,000182F49,00182F49,0
4276,3FFF957ED,FFF957ED,3
4277,00001A22B,0001A22B,0
4278,00003F7F2,0003F7F2,0
4279,3FFF20A1B,FFF20A1B,3
4280,3FFF6A26B,FFF6A26B,3
4281,000037C52,00037C52,0
4282,0001B450C,001B450C,0
4283,000043D91,00043D91,0
4284,000001EDD,00001EDD,0
4285,3FFFF90A1,FFFF90A1,3
4286,000282020,00282020,0
4287,00002973A,0002973A,0
4288,0001594F9,001594F9,0
4289,3FFEADD64,FFEADD64,3
4290,0000D526B,000D526B,0
4291,00016728B,0016728B,0
4292,00019144E,0019144E,0
4293,0001313C9,001313C9,0
4294,00005EDE5,0005EDE5,0
4295,3FFF3A131,FFF3A131,3
4296,0001BB58D,001BB58D,0
4297,00011F6B0,0011F6B0,0
4298,3FFF4BD27,FFF4BD27,3
4299,3FFFDD4AF,FFFDD4AF,3
4300,000040741,00040741,0
4301,00000A56C,0000A56C,0
4302,3FFEE2D46,FFEE2D46,3
4303,3FFF5D412,FFF5D412,3
4304,3FFE46FBC,FFE46FBC,3
4305,3FFFF63EE,FFFF63EE,3
4306,3FFFA5D5F,FFFA5D5F,3
4307,0000EBCB6,000EBCB6,0
