PREFLIGHT neurons=226 synapses=1730 words=4816 packets=81 checksum=6C233D31
PREFLIGHT neurons=6279 synapses=350185 words=738044 packets=11538 checksum=45AEAAAE
Trial: <local-project>\code\12_Visual-to-Steering Circuit\outputs\visual_left_board_v0\trial
Steps: 250, events: 0
Capture: <local-project>\code\15_Ethernet_Runtime_Deployment\build\p0_ethernet_20260930_detached\preflight_visual
Vivado: E:\Xilinx\Vivado\2021.2\bin\vivado.bat
Validation passed. No hardware connection or trial was started.
Trial: <local-project>\code\9_KU115 FPGA Validation\host\trials\smoke8
Steps: 8, events: 0
Capture: <local-project>\code\15_Ethernet_Runtime_Deployment\build\p0_ethernet_20260930_detached\preflight_courtship
Vivado: E:\Xilinx\Vivado\2021.2\bin\vivado.bat
Validation passed. No hardware connection or trial was started.
Trial: <local-project>\code\9_KU115 FPGA Validation\host\trials\ipi_15
Steps: 4308, events: 0
Capture: <local-project>\code\15_Ethernet_Runtime_Deployment\build\p0_ethernet_20260930_detached\preflight_ipi_15
Vivado: E:\Xilinx\Vivado\2021.2\bin\vivado.bat
Validation passed. No hardware connection or trial was started.
Trial: <local-project>\code\9_KU115 FPGA Validation\host\trials\ipi_35
Steps: 4308, events: 0
Capture: <local-project>\code\15_Ethernet_Runtime_Deployment\build\p0_ethernet_20260930_detached\preflight_ipi_35
Vivado: E:\Xilinx\Vivado\2021.2\bin\vivado.bat
Validation passed. No hardware connection or trial was started.
Trial: <local-project>\code\9_KU115 FPGA Validation\host\trials\ipi_65
Steps: 4308, events: 0
Capture: <local-project>\code\15_Ethernet_Runtime_Deployment\build\p0_ethernet_20260930_detached\preflight_ipi_65
Vivado: E:\Xilinx\Vivado\2021.2\bin\vivado.bat
Validation passed. No hardware connection or trial was started.
ETHERNET_P0_SESSION_START session=1

****** Vivado v2021.2 (64-bit)
  **** SW Build 3367213 on Tue Oct 19 02:48:09 MDT 2021
  **** IP Build 3369179 on Thu Oct 21 08:25:16 MDT 2021
    ** Copyright 1986-2021 Xilinx, Inc. All Rights Reserved.

source {<local-project>\code\15_Ethernet_Runtime_Deployment\scripts\program_ethernet_bitstream.tcl} -notrace
INFO: [Labtools 27-2285] Connecting to hw_server url TCP:localhost:3121
INFO: [Labtools 27-2222] Launching hw_server...
INFO: [Labtools 27-2221] Launch Output:

****** Xilinx hw_server v2021.2
  **** Build date : Oct 19 2021 at 03:13:30
    ** Copyright 1986-2021 Xilinx, Inc. All Rights Reserved.




INFO: [Labtools 27-3415] Connecting to cs_server url TCP:localhost:3042
INFO: [Labtools 27-3417] Launching cs_server...
INFO: [Labtools 27-2221] Launch Output:


******** Xilinx cs_server v2021.2.0
  ****** Build date   : Sep 28 2021-05:44:20
    **** Build number : 2021.2.1632779060
      ** Copyright 2017-2026 Xilinx, Inc. All Rights Reserved.



connect_hw_server: Time (s): cpu = 00:00:00 ; elapsed = 00:00:08 . Memory (MB): peak = 1567.109 ; gain = 0.000
INFO: [Labtoolstcl 44-466] Opening hw_target localhost:3121/xilinx_tcf/Digilent/REDACTED_JTAG_SERIAL
INFO: [Labtools 27-3164] End of startup status: HIGH
program_hw_devices: Time (s): cpu = 00:00:12 ; elapsed = 00:00:12 . Memory (MB): peak = 1567.109 ; gain = 0.000
INFO: [Labtools 27-2302] Device xcku115 (JTAG device index = 0) is programmed with a design that has 1 JTAG AXI core(s).
RUNTIME_ETH_PROGRAM_PASS target=localhost:3121/xilinx_tcf/Digilent/REDACTED_JTAG_SERIAL device=xcku115_0 axi=hw_axi_1 bit=<local-project>/code/15_Ethernet_Runtime_Deployment/build/runtime_eth_portfilter_200mhz/cns2fpga_runtime_eth_portfilter_200mhz.bit
INFO: [Labtoolstcl 44-464] Closing hw_target localhost:3121/xilinx_tcf/Digilent/REDACTED_JTAG_SERIAL
INFO: [Common 17-206] Exiting Vivado at Wed Sep 30 13:33:06 2026...
ETHERNET_STATUS_PASS peer=192.168.1.128:4321 ack_status=0 image_status=0x00000000 attempt=1 rtt_ms=1.25
PREFLIGHT neurons=226 synapses=1730 words=4816 packets=81 checksum=6C233D31
ETHERNET_IMAGE_COMMIT_PASS words=4816 checksum=6C233D31
Trial: <local-project>\code\12_Visual-to-Steering Circuit\outputs\visual_left_board_v0\trial
Steps: 250, events: 1
Capture: <local-project>\code\15_Ethernet_Runtime_Deployment\build\p0_ethernet_20260930_detached\session_1\visual_250
Vivado: E:\Xilinx\Vivado\2021.2\bin\vivado.bat

****** Vivado v2021.2 (64-bit)
  **** SW Build 3367213 on Tue Oct 19 02:48:09 MDT 2021
  **** IP Build 3369179 on Thu Oct 21 08:25:16 MDT 2021
    ** Copyright 1986-2021 Xilinx, Inc. All Rights Reserved.

source {<local-project>\code\14_Runtime Reconfigurable Deployment\host\run_runtime_trial.tcl} -notrace
INFO: [Labtools 27-2285] Connecting to hw_server url TCP:localhost:3121
INFO: [Labtools 27-3415] Connecting to cs_server url TCP:localhost:3042
INFO: [Labtools 27-3414] Connected to existing cs_server.
INFO: [Labtoolstcl 44-466] Opening hw_target localhost:3121/xilinx_tcf/Digilent/REDACTED_JTAG_SERIAL
INFO: [Labtools 27-2302] Device xcku115 (JTAG device index = 0) is programmed with a design that has 1 JTAG AXI core(s).
RUNTIME_TARGET localhost:3121/xilinx_tcf/Digilent/REDACTED_JTAG_SERIAL
RUNTIME_DEVICE xcku115_0
RUNTIME_AXI hw_axi_1
INFO: [Labtoolstcl 44-481] READ DATA is: 434e5352
INFO: [Labtoolstcl 44-481] READ DATA is: 00000001
INFO: [Labtoolstcl 44-481] READ DATA is: 000000e2
INFO: [Labtoolstcl 44-481] READ DATA is: 00000000
INFO: [Labtoolstcl 44-481] WRITE DATA is: 000000FA
INFO: [Labtoolstcl 44-481] WRITE DATA is: 00030D40
INFO: [Labtoolstcl 44-481] WRITE DATA is: 00000001
RUNTIME_LOADING timesteps=250 capture_events=1
INFO: [Labtoolstcl 44-481] WRITE DATA is: 00000000
INFO: [Labtoolstcl 44-481] WRITE DATA is: 00000000
INFO: [Labtoolstcl 44-481] WRITE DATA is: 00000000
INFO: [Labtoolstcl 44-481] WRITE DATA is: 00000000
INFO: [Labtoolstcl 44-481] WRITE DATA is: 00000000
INFO: [Labtoolstcl 44-481] WRITE DATA is: 00000000
INFO: [Labtoolstcl 44-481] WRITE DATA is: 00000000
INFO: [Labtoolstcl 44-481] WRITE DATA is: 00000000
INFO: [Labtoolstcl 44-481] WRITE DATA is: 00000000
INFO: [Labtoolstcl 44-481] WRITE DATA is: 00000000
INFO: [Labtoolstcl 44-481] WRITE DATA is: 00000000
INFO: [Labtoolstcl 44-481] WRITE DATA is: 00000000
INFO: [Labtoolstcl 44-481] WRITE DATA is: 00000000
INFO: [Labtoolstcl 44-481] WRITE DATA is: 00000000
INFO: [Labtoolstcl 44-481] WRITE DATA is: 00000000
INFO: [Labtoolstcl 44-481] WRITE DATA is: 00000000
INFO: [Labtoolstcl 44-481] WRITE DATA is: 00000000
INFO: [Labtoolstcl 44-481] WRITE DATA is: 00000000
INFO: [Labtoolstcl 44-481] WRITE DATA is: 00000000
INFO: [Labtoolstcl 44-481] WRITE DATA is: 00000000
INFO: [Labtoolstcl 44-481] WRITE DATA is: 00000000
INFO: [Labtoolstcl 44-481] WRITE DATA is: 00000000
INFO: [Labtoolstcl 44-481] WRITE DATA is: 00000000
INFO: [Labtoolstcl 44-481] WRITE DATA is: 00000000
INFO: [Labtoolstcl 44-481] WRITE DATA is: 00000000
INFO: [Labtoolstcl 44-481] WRITE DATA is: 00000000
INFO: [Labtoolstcl 44-481] WRITE DATA is: 00000000
INFO: [Labtoolstcl 44-481] WRITE DATA is: 00000000
INFO: [Labtoolstcl 44-481] WRITE DATA is: 00000000
INFO: [Labtoolstcl 44-481] WRITE DATA is: 00000000
INFO: [Labtoolstcl 44-481] WRITE DATA is: 00000000
INFO: [Labtoolstcl 44-481] WRITE DATA is: 00000000
INFO: [Labtoolstcl 44-481] WRITE DATA is: 00000000
INFO: [Labtoolstcl 44-481] WRITE DATA is: 00000000
INFO: [Labtoolstcl 44-481] WRITE DATA is: 00000000
INFO: [Labtoolstcl 44-481] WRITE DATA is: 00000000
INFO: [Labtoolstcl 44-481] WRITE DATA is: 00000000
INFO: [Labtoolstcl 44-481] WRITE DATA is: 00000000
INFO: [Labtoolstcl 44-481] WRITE DATA is: 00000000
INFO: [Labtoolstcl 44-481] WRITE DATA is: 00000000
INFO: [Labtoolstcl 44-481] WRITE DATA is: 01333333
INFO: [Labtoolstcl 44-481] WRITE DATA is: 00000000
INFO: [Labtoolstcl 44-481] WRITE DATA is: 01333333
INFO: [Labtoolstcl 44-481] WRITE DATA is: 00000000
INFO: [Labtoolstcl 44-481] WRITE DATA is: 01333333
INFO: [Labtoolstcl 44-481] WRITE DATA is: 00000000
INFO: [Labtoolstcl 44-481] WRITE DATA is: 00000000
INFO: [Labtoolstcl 44-481] WRITE DATA is: 00000000
INFO: [Labtoolstcl 44-481] WRITE DATA is: 00000000
INFO: [Labtoolstcl 44-481] WRITE DATA is: 00000000
INFO: [Labtoolstcl 44-481] WRITE DATA is: 00000000
INFO: [Labtoolstcl 44-481] WRITE DATA is: 00000000
INFO: [Labtoolstcl 44-481] WRITE DATA is: 00000000
INFO: [Labtoolstcl 44-481] WRITE DATA is: 00000000
INFO: [Labtoolstcl 44-481] WRITE DATA is: 00000000
INFO: [Labtoolstcl 44-481] WRITE DATA is: 00000000
INFO: [Labtoolstcl 44-481] WRITE DATA is: 00000000
INFO: [Labtoolstcl 44-481] WRITE DATA is: 00000000
INFO: [Labtoolstcl 44-481] WRITE DATA is: 00000000
INFO: [Labtoolstcl 44-481] WRITE DATA is: 00000000
INFO: [Labtoolstcl 44-481] WRITE DATA is: 00000000
INFO: [Labtoolstcl 44-481] WRITE DATA is: 00000000
INFO: [Labtoolstcl 44-481] WRITE DATA is: 00000000
INFO: [Labtoolstcl 44-481] WRITE DATA is: 00000000
INFO: [Labtoolstcl 44-481] WRITE DATA is: 00000000
INFO: [Labtoolstcl 44-481] WRITE DATA is: 00000000
INFO: [Labtoolstcl 44-481] WRITE DATA is: 00000000
INFO: [Labtoolstcl 44-481] WRITE DATA is: 00000000
INFO: [Labtoolstcl 44-481] WRITE DATA is: 00000000
INFO: [Labtoolstcl 44-481] WRITE DATA is: 00000000
INFO: [Labtoolstcl 44-481] WRITE DATA is: 00000000
INFO: [Labtoolstcl 44-481] WRITE DATA is: 00000000
INFO: [Labtoolstcl 44-481] WRITE DATA is: 00000000
INFO: [Labtoolstcl 44-481] WRITE DATA is: 00000000
INFO: [Labtoolstcl 44-481] WRITE DATA is: 00000000
INFO: [Labtoolstcl 44-481] WRITE DATA is: 00000000
INFO: [Labtoolstcl 44-481] WRITE DATA is: 00000000
INFO: [Labtoolstcl 44-481] WRITE DATA is: 00000000
INFO: [Labtoolstcl 44-481] WRITE DATA is: 00000000
INFO: [Labtoolstcl 44-481] WRITE DATA is: 00000000
INFO: [Labtoolstcl 44-481] WRITE DATA is: 00000000
INFO: [Labtoolstcl 44-481] WRITE DATA is: 00000000
INFO: [Labtoolstcl 44-481] WRITE DATA is: 00000000
INFO: [Labtoolstcl 44-481] WRITE DATA is: 00000000
INFO: [Labtoolstcl 44-481] WRITE DATA is: 00000000
INFO: [Labtoolstcl 44-481] WRITE DATA is: 00000000
INFO: [Labtoolstcl 44-481] WRITE DATA is: 00000000
INFO: [Labtoolstcl 44-481] WRITE DATA is: 00000000
INFO: [Labtoolstcl 44-481] WRITE DATA is: 00000000
INFO: [Labtoolstcl 44-481] WRITE DATA is: 00000000
INFO: [Labtoolstcl 44-481] WRITE DATA is: 00000000
INFO: [Labtoolstcl 44-481] WRITE DATA is: 00000000
INFO: [Labtoolstcl 44-481] WRITE DATA is: 00000000
INFO: [Common 17-14] Message 'Labtoolstcl 44-481' appears 100 times and further instances of the messages will be disabled. Use the Tcl command set_msg_config to change the current settings.
RUNTIME_LOADED 250/250
RUNTIME_COMPLETE timesteps=250 events=560 status=00000002 capture=<local-project>/code/15_Ethernet_Runtime_Deployment/build/p0_ethernet_20260930_detached/session_1/visual_250
INFO: [Labtoolstcl 44-464] Closing hw_target localhost:3121/xilinx_tcf/Digilent/REDACTED_JTAG_SERIAL
INFO: [Common 17-206] Exiting Vivado at Wed Sep 30 13:33:32 2026...
JTAG capture completed.
{
  "status": "PASS",
  "steps": 250,
  "image_epoch": 1,
  "image_checksum": "6C233D31",
  "max_latency_cycles": 4548,
  "ordered_events_compared": 560
}
PREFLIGHT neurons=6279 synapses=350185 words=738044 packets=11538 checksum=45AEAAAE
UPLOAD words=8192/738044 region=neuron_param
UPLOAD words=16384/738044 region=neuron_param
UPLOAD words=24576/738044 region=neuron_param
ETHERNET_IMAGE_COMMIT_PASS words=738044 checksum=45AEAAAE
Trial: <local-project>\code\9_KU115 FPGA Validation\host\trials\smoke8
Steps: 8, events: 1
Capture: <local-project>\code\15_Ethernet_Runtime_Deployment\build\p0_ethernet_20260930_detached\session_1\courtship_smoke8
Vivado: E:\Xilinx\Vivado\2021.2\bin\vivado.bat

****** Vivado v2021.2 (64-bit)
  **** SW Build 3367213 on Tue Oct 19 02:48:09 MDT 2021
  **** IP Build 3369179 on Thu Oct 21 08:25:16 MDT 2021
    ** Copyright 1986-2021 Xilinx, Inc. All Rights Reserved.

source {<local-project>\code\14_Runtime Reconfigurable Deployment\host\run_runtime_trial.tcl} -notrace
INFO: [Labtools 27-2285] Connecting to hw_server url TCP:localhost:3121
INFO: [Labtools 27-3415] Connecting to cs_server url TCP:localhost:3042
INFO: [Labtools 27-3414] Connected to existing cs_server.
INFO: [Labtoolstcl 44-466] Opening hw_target localhost:3121/xilinx_tcf/Digilent/REDACTED_JTAG_SERIAL
INFO: [Labtools 27-2302] Device xcku115 (JTAG device index = 0) is programmed with a design that has 1 JTAG AXI core(s).
RUNTIME_TARGET localhost:3121/xilinx_tcf/Digilent/REDACTED_JTAG_SERIAL
RUNTIME_DEVICE xcku115_0
RUNTIME_AXI hw_axi_1
INFO: [Labtoolstcl 44-481] READ DATA is: 434e5352
INFO: [Labtoolstcl 44-481] READ DATA is: 00000001
INFO: [Labtoolstcl 44-481] READ DATA is: 00001887
INFO: [Labtoolstcl 44-481] READ DATA is: 00000002
INFO: [Labtoolstcl 44-481] WRITE DATA is: 00000008
INFO: [Labtoolstcl 44-481] WRITE DATA is: 00030D40
INFO: [Labtoolstcl 44-481] WRITE DATA is: 00000001
RUNTIME_LOADING timesteps=8 capture_events=1
INFO: [Labtoolstcl 44-481] WRITE DATA is: 01333333
INFO: [Labtoolstcl 44-481] WRITE DATA is: 00000000
INFO: [Labtoolstcl 44-481] WRITE DATA is: 01333333
INFO: [Labtoolstcl 44-481] WRITE DATA is: 00000000
INFO: [Labtoolstcl 44-481] WRITE DATA is: 01333333
INFO: [Labtoolstcl 44-481] WRITE DATA is: 00000000
INFO: [Labtoolstcl 44-481] WRITE DATA is: 00000000
INFO: [Labtoolstcl 44-481] WRITE DATA is: 00000000
INFO: [Labtoolstcl 44-481] WRITE DATA is: 00000000
INFO: [Labtoolstcl 44-481] WRITE DATA is: 00000000
INFO: [Labtoolstcl 44-481] WRITE DATA is: 00000000
INFO: [Labtoolstcl 44-481] WRITE DATA is: 00000000
INFO: [Labtoolstcl 44-481] WRITE DATA is: 00000000
INFO: [Labtoolstcl 44-481] WRITE DATA is: 00000000
INFO: [Labtoolstcl 44-481] WRITE DATA is: 00000000
INFO: [Labtoolstcl 44-481] WRITE DATA is: 00000000
RUNTIME_LOADED 8/8
INFO: [Labtoolstcl 44-481] READ DATA is: 01333333
INFO: [Labtoolstcl 44-481] READ DATA is: 00000000
INFO: [Labtoolstcl 44-481] READ DATA is: 00000000
INFO: [Labtoolstcl 44-481] READ DATA is: 00000000
INFO: [Labtoolstcl 44-481] WRITE DATA is: 00000001
INFO: [Labtoolstcl 44-481] READ DATA is: 00000002
INFO: [Labtoolstcl 44-481] READ DATA is: 00000008
INFO: [Labtoolstcl 44-481] READ DATA is: 000009ab
INFO: [Labtoolstcl 44-481] READ DATA is: 434e5352
INFO: [Labtoolstcl 44-481] READ DATA is: 00000002
INFO: [Labtoolstcl 44-481] READ DATA is: 00000008
INFO: [Labtoolstcl 44-481] READ DATA is: 00030d40
INFO: [Labtoolstcl 44-481] READ DATA is: 00000008
INFO: [Labtoolstcl 44-481] READ DATA is: 000009ab
INFO: [Labtoolstcl 44-481] READ DATA is: 00000000
INFO: [Labtoolstcl 44-481] READ DATA is: 00030c13
INFO: [Labtoolstcl 44-481] READ DATA is: 0002af62
INFO: [Labtoolstcl 44-481] READ DATA is: 00000000
INFO: [Labtoolstcl 44-481] READ DATA is: 00000001
INFO: [Labtoolstcl 44-481] READ DATA is: 00000001
INFO: [Labtoolstcl 44-481] READ DATA is: 45aeaaae
INFO: [Labtoolstcl 44-481] READ DATA is: 00000002
INFO: [Labtoolstcl 44-481] READ DATA is: 00001887
INFO: [Labtoolstcl 44-481] READ DATA is: 000557e9
INFO: [Labtoolstcl 44-481] READ DATA is: 0000c7a2
INFO: [Labtoolstcl 44-481] READ DATA is: 000008d4
INFO: [Labtoolstcl 44-481] READ DATA is: 0000005d
INFO: [Labtoolstcl 44-481] READ DATA is: 00000000
INFO: [Labtoolstcl 44-481] READ DATA is: 00000000
INFO: [Labtoolstcl 44-481] READ DATA is: 005d0000
INFO: [Labtoolstcl 44-481] READ DATA is: 00000000
INFO: [Labtoolstcl 44-481] READ DATA is: 00000000
INFO: [Labtoolstcl 44-481] READ DATA is: 000131e0
INFO: [Labtoolstcl 44-481] READ DATA is: 00002c02
INFO: [Labtoolstcl 44-481] READ DATA is: 0006008a
INFO: [Labtoolstcl 44-481] READ DATA is: 00000000
INFO: [Labtoolstcl 44-481] READ DATA is: 00000000
INFO: [Labtoolstcl 44-481] READ DATA is: 008a0000
INFO: [Labtoolstcl 44-481] READ DATA is: 0000005d
INFO: [Labtoolstcl 44-481] READ DATA is: 00000000
INFO: [Labtoolstcl 44-481] READ DATA is: 0001e7f1
INFO: [Labtoolstcl 44-481] READ DATA is: 000067bd
INFO: [Labtoolstcl 44-481] READ DATA is: 00000142
INFO: [Labtoolstcl 44-481] READ DATA is: 00000002
INFO: [Labtoolstcl 44-481] READ DATA is: 00000000
INFO: [Labtoolstcl 44-481] READ DATA is: 01420000
INFO: [Labtoolstcl 44-481] READ DATA is: 000000e7
INFO: [Labtoolstcl 44-481] READ DATA is: 00000000
INFO: [Labtoolstcl 44-481] READ DATA is: 00030c13
INFO: [Labtoolstcl 44-481] READ DATA is: 0000c77b
INFO: [Labtoolstcl 44-481] READ DATA is: 0000027c
INFO: [Labtoolstcl 44-481] READ DATA is: 000e0004
INFO: [Labtoolstcl 44-481] READ DATA is: 00000000
INFO: [Labtoolstcl 44-481] READ DATA is: 027c0000
INFO: [Labtoolstcl 44-481] READ DATA is: 00000229
INFO: [Labtoolstcl 44-481] READ DATA is: 00000000
INFO: [Labtoolstcl 44-481] READ DATA is: 00028c88
INFO: [Labtoolstcl 44-481] READ DATA is: 00009d12
INFO: [Labtoolstcl 44-481] READ DATA is: 00000268
INFO: [Labtoolstcl 44-481] READ DATA is: 001d0001
INFO: [Labtoolstcl 44-481] READ DATA is: 00000002
INFO: [Labtoolstcl 44-481] READ DATA is: 02680000
INFO: [Labtoolstcl 44-481] READ DATA is: 000004a5
INFO: [Labtoolstcl 44-481] READ DATA is: 00000000
INFO: [Labtoolstcl 44-481] READ DATA is: 00019e35
INFO: [Labtoolstcl 44-481] READ DATA is: 00004f09
INFO: [Labtoolstcl 44-481] READ DATA is: 0000015a
INFO: [Labtoolstcl 44-481] READ DATA is: 00090001
INFO: [Labtoolstcl 44-481] READ DATA is: 00020000
INFO: [Labtoolstcl 44-481] READ DATA is: 015a0000
INFO: [Labtoolstcl 44-481] READ DATA is: 0000070d
INFO: [Labtoolstcl 44-481] READ DATA is: 00000000
INFO: [Labtoolstcl 44-481] READ DATA is: 00017a00
INFO: [Labtoolstcl 44-481] READ DATA is: 00004396
INFO: [Labtoolstcl 44-481] READ DATA is: 000000e3
INFO: [Labtoolstcl 44-481] READ DATA is: 00020000
INFO: [Labtoolstcl 44-481] READ DATA is: 00000000
INFO: [Common 17-14] Message 'Labtoolstcl 44-481' appears 100 times and further instances of the messages will be disabled. Use the Tcl command set_msg_config to change the current settings.
RUNTIME_COMPLETE timesteps=8 events=2475 status=00000002 capture=<local-project>/code/15_Ethernet_Runtime_Deployment/build/p0_ethernet_20260930_detached/session_1/courtship_smoke8
INFO: [Labtoolstcl 44-464] Closing hw_target localhost:3121/xilinx_tcf/Digilent/REDACTED_JTAG_SERIAL
INFO: [Common 17-206] Exiting Vivado at Wed Sep 30 13:33:55 2026...
JTAG capture completed.
{
  "status": "PASS",
  "steps": 8,
  "image_epoch": 2,
  "image_checksum": "45AEAAAE",
  "max_latency_cycles": 199699,
  "ordered_events_compared": 2475
}
Trial: <local-project>\code\9_KU115 FPGA Validation\host\trials\ipi_15
Steps: 4308, events: 0
Capture: <local-project>\code\15_Ethernet_Runtime_Deployment\build\p0_ethernet_20260930_detached\session_1\courtship_ipi_15
Vivado: E:\Xilinx\Vivado\2021.2\bin\vivado.bat

****** Vivado v2021.2 (64-bit)
  **** SW Build 3367213 on Tue Oct 19 02:48:09 MDT 2021
  **** IP Build 3369179 on Thu Oct 21 08:25:16 MDT 2021
    ** Copyright 1986-2021 Xilinx, Inc. All Rights Reserved.

source {<local-project>\code\14_Runtime Reconfigurable Deployment\host\run_runtime_trial.tcl} -notrace
INFO: [Labtools 27-2285] Connecting to hw_server url TCP:localhost:3121
INFO: [Labtools 27-3415] Connecting to cs_server url TCP:localhost:3042
INFO: [Labtools 27-3414] Connected to existing cs_server.
INFO: [Labtoolstcl 44-466] Opening hw_target localhost:3121/xilinx_tcf/Digilent/REDACTED_JTAG_SERIAL
INFO: [Labtools 27-2302] Device xcku115 (JTAG device index = 0) is programmed with a design that has 1 JTAG AXI core(s).
RUNTIME_TARGET localhost:3121/xilinx_tcf/Digilent/REDACTED_JTAG_SERIAL
RUNTIME_DEVICE xcku115_0
RUNTIME_AXI hw_axi_1
INFO: [Labtoolstcl 44-481] READ DATA is: 434e5352
INFO: [Labtoolstcl 44-481] READ DATA is: 00000001
INFO: [Labtoolstcl 44-481] READ DATA is: 00001887
INFO: [Labtoolstcl 44-481] READ DATA is: 00000002
INFO: [Labtoolstcl 44-481] WRITE DATA is: 000010D4
INFO: [Labtoolstcl 44-481] WRITE DATA is: 00030D40
INFO: [Labtoolstcl 44-481] WRITE DATA is: 00000000
RUNTIME_LOADING timesteps=4308 capture_events=0
INFO: [Labtoolstcl 44-481] WRITE DATA is: 00000000
INFO: [Labtoolstcl 44-481] WRITE DATA is: 00000000
INFO: [Labtoolstcl 44-481] WRITE DATA is: 00000000
INFO: [Labtoolstcl 44-481] WRITE DATA is: 00000000
INFO: [Labtoolstcl 44-481] WRITE DATA is: 00000000
INFO: [Labtoolstcl 44-481] WRITE DATA is: 00000000
INFO: [Labtoolstcl 44-481] WRITE DATA is: 00000000
INFO: [Labtoolstcl 44-481] WRITE DATA is: 00000000
INFO: [Labtoolstcl 44-481] WRITE DATA is: 00000000
INFO: [Labtoolstcl 44-481] WRITE DATA is: 00000000
INFO: [Labtoolstcl 44-481] WRITE DATA is: 00000000
INFO: [Labtoolstcl 44-481] WRITE DATA is: 00000000
INFO: [Labtoolstcl 44-481] WRITE DATA is: 00000000
INFO: [Labtoolstcl 44-481] WRITE DATA is: 00000000
INFO: [Labtoolstcl 44-481] WRITE DATA is: 00000000
INFO: [Labtoolstcl 44-481] WRITE DATA is: 00000000
INFO: [Labtoolstcl 44-481] WRITE DATA is: 00000000
INFO: [Labtoolstcl 44-481] WRITE DATA is: 00000000
INFO: [Labtoolstcl 44-481] WRITE DATA is: 00000000
INFO: [Labtoolstcl 44-481] WRITE DATA is: 00000000
INFO: [Labtoolstcl 44-481] WRITE DATA is: 00000000
INFO: [Labtoolstcl 44-481] WRITE DATA is: 00000000
INFO: [Labtoolstcl 44-481] WRITE DATA is: 00000000
INFO: [Labtoolstcl 44-481] WRITE DATA is: 00000000
INFO: [Labtoolstcl 44-481] WRITE DATA is: 00000000
INFO: [Labtoolstcl 44-481] WRITE DATA is: 00000000
INFO: [Labtoolstcl 44-481] WRITE DATA is: 00000000
INFO: [Labtoolstcl 44-481] WRITE DATA is: 00000000
INFO: [Labtoolstcl 44-481] WRITE DATA is: 00000000
INFO: [Labtoolstcl 44-481] WRITE DATA is: 00000000
INFO: [Labtoolstcl 44-481] WRITE DATA is: 00000000
INFO: [Labtoolstcl 44-481] WRITE DATA is: 00000000
INFO: [Labtoolstcl 44-481] WRITE DATA is: 00000000
INFO: [Labtoolstcl 44-481] WRITE DATA is: 00000000
INFO: [Labtoolstcl 44-481] WRITE DATA is: 00000000
INFO: [Labtoolstcl 44-481] WRITE DATA is: 00000000
INFO: [Labtoolstcl 44-481] WRITE DATA is: 00000000
INFO: [Labtoolstcl 44-481] WRITE DATA is: 00000000
INFO: [Labtoolstcl 44-481] WRITE DATA is: 00000000
INFO: [Labtoolstcl 44-481] WRITE DATA is: 00000000
INFO: [Labtoolstcl 44-481] WRITE DATA is: 00000000
INFO: [Labtoolstcl 44-481] WRITE DATA is: 00000000
INFO: [Labtoolstcl 44-481] WRITE DATA is: 00000000
INFO: [Labtoolstcl 44-481] WRITE DATA is: 00000000
INFO: [Labtoolstcl 44-481] WRITE DATA is: 00000000
INFO: [Labtoolstcl 44-481] WRITE DATA is: 00000000
INFO: [Labtoolstcl 44-481] WRITE DATA is: 00000000
INFO: [Labtoolstcl 44-481] WRITE DATA is: 00000000
INFO: [Labtoolstcl 44-481] WRITE DATA is: 00000000
INFO: [Labtoolstcl 44-481] WRITE DATA is: 00000000
INFO: [Labtoolstcl 44-481] WRITE DATA is: 00000000
INFO: [Labtoolstcl 44-481] WRITE DATA is: 00000000
INFO: [Labtoolstcl 44-481] WRITE DATA is: 00000000
INFO: [Labtoolstcl 44-481] WRITE DATA is: 00000000
INFO: [Labtoolstcl 44-481] WRITE DATA is: 00000000
INFO: [Labtoolstcl 44-481] WRITE DATA is: 00000000
INFO: [Labtoolstcl 44-481] WRITE DATA is: 00000000
INFO: [Labtoolstcl 44-481] WRITE DATA is: 00000000
INFO: [Labtoolstcl 44-481] WRITE DATA is: 00000000
INFO: [Labtoolstcl 44-481] WRITE DATA is: 00000000
INFO: [Labtoolstcl 44-481] WRITE DATA is: 00000000
INFO: [Labtoolstcl 44-481] WRITE DATA is: 00000000
INFO: [Labtoolstcl 44-481] WRITE DATA is: 00000000
INFO: [Labtoolstcl 44-481] WRITE DATA is: 00000000
INFO: [Labtoolstcl 44-481] WRITE DATA is: 00000000
INFO: [Labtoolstcl 44-481] WRITE DATA is: 00000000
INFO: [Labtoolstcl 44-481] WRITE DATA is: 00000000
INFO: [Labtoolstcl 44-481] WRITE DATA is: 00000000
INFO: [Labtoolstcl 44-481] WRITE DATA is: 00000000
INFO: [Labtoolstcl 44-481] WRITE DATA is: 00000000
INFO: [Labtoolstcl 44-481] WRITE DATA is: 00000000
INFO: [Labtoolstcl 44-481] WRITE DATA is: 00000000
INFO: [Labtoolstcl 44-481] WRITE DATA is: 00000000
INFO: [Labtoolstcl 44-481] WRITE DATA is: 00000000
INFO: [Labtoolstcl 44-481] WRITE DATA is: 00000000
INFO: [Labtoolstcl 44-481] WRITE DATA is: 00000000
INFO: [Labtoolstcl 44-481] WRITE DATA is: 00000000
INFO: [Labtoolstcl 44-481] WRITE DATA is: 00000000
INFO: [Labtoolstcl 44-481] WRITE DATA is: 00000000
INFO: [Labtoolstcl 44-481] WRITE DATA is: 00000000
INFO: [Labtoolstcl 44-481] WRITE DATA is: 00000000
INFO: [Labtoolstcl 44-481] WRITE DATA is: 00000000
INFO: [Labtoolstcl 44-481] WRITE DATA is: 00000000
INFO: [Labtoolstcl 44-481] WRITE DATA is: 00000000
INFO: [Labtoolstcl 44-481] WRITE DATA is: 00000000
INFO: [Labtoolstcl 44-481] WRITE DATA is: 00000000
INFO: [Labtoolstcl 44-481] WRITE DATA is: 00000000
INFO: [Labtoolstcl 44-481] WRITE DATA is: 00000000
INFO: [Labtoolstcl 44-481] WRITE DATA is: 00000000
INFO: [Labtoolstcl 44-481] WRITE DATA is: 00000000
INFO: [Labtoolstcl 44-481] WRITE DATA is: 00000000
INFO: [Labtoolstcl 44-481] WRITE DATA is: 00000000
INFO: [Labtoolstcl 44-481] WRITE DATA is: 00000000
INFO: [Common 17-14] Message 'Labtoolstcl 44-481' appears 100 times and further instances of the messages will be disabled. Use the Tcl command set_msg_config to change the current settings.
RUNTIME_LOADED 512/4308
RUNTIME_LOADED 1024/4308
RUNTIME_LOADED 1536/4308
RUNTIME_LOADED 2048/4308
RUNTIME_LOADED 2560/4308
RUNTIME_LOADED 3072/4308
RUNTIME_LOADED 3584/4308
RUNTIME_LOADED 4096/4308
RUNTIME_LOADED 4308/4308
RUNTIME_SUMMARY_READ 4096/34464
RUNTIME_SUMMARY_READ 8192/34464
RUNTIME_SUMMARY_READ 12288/34464
RUNTIME_SUMMARY_READ 16384/34464
RUNTIME_SUMMARY_READ 20480/34464
RUNTIME_SUMMARY_READ 24576/34464
RUNTIME_SUMMARY_READ 28672/34464
RUNTIME_SUMMARY_READ 32768/34464
RUNTIME_COMPLETE timesteps=4308 events=0 status=00000002 capture=<local-project>/code/15_Ethernet_Runtime_Deployment/build/p0_ethernet_20260930_detached/session_1/courtship_ipi_15
INFO: [Labtoolstcl 44-464] Closing hw_target localhost:3121/xilinx_tcf/Digilent/REDACTED_JTAG_SERIAL
INFO: [Common 17-206] Exiting Vivado at Wed Sep 30 13:37:15 2026...
JTAG capture completed.
{
  "output_dir": "E:\\Workspace\\CNS2FPGA\\code\\15_Ethernet_Runtime_Deployment\\build\\p0_ethernet_20260930_detached\\session_1\\courtship_ipi_15_parsed",
  "schema": "cns2fpga.step9.capture",
  "schema_version": 1,
  "timesteps": 4308,
  "period_cycles": 200000,
  "max_latency_cycles": 199699,
  "deadline_miss_steps_by_cycle_count": 0,
  "event_words_parsed": 0,
  "summary_words_sha256": "60e5065fb844c048078fd8aa1b6a299f6860b6a1a2271ee721c77c1cf6fc37f7",
  "event_words_sha256": null,
  "counts_csv_sha256": "341669e5f5ea719fac32458924294cc9191981b7bb22f5261a3ba57ea8d8f64b"
}
{
  "pass": true,
  "ipi_ms": 15,
  "response_window_ms": [
    100,
    1188
  ],
  "fixed_response_spikes": {
    "vPN1": 25,
    "pC1": 611,
    "pIP10": 36,
    "pMP2": 4
  },
  "board_response_spikes": {
    "vPN1": 25,
    "pC1": 611,
    "pIP10": 36,
    "pMP2": 4
  },
  "diagnostic_flag_sums": {
    "state_saturation": 0,
    "accumulator_saturation": 0,
    "deadline_miss": 0,
    "event_overflow": 0
  }
}
{
  "status": "PASS",
  "steps": 4308,
  "epoch": 2,
  "checksum": "45AEAAAE",
  "full_per_step_count_fields_compared": 34464,
  "cycle_different_steps": 642,
  "max_absolute_cycle_delta": 636,
  "max_latency_cycles": 199699,
  "missed_steps": 0,
  "summary_sha256": "60E5065FB844C048078FD8AA1B6A299F6860B6A1A2271EE721C77C1CF6FC37F7"
}
Trial: <local-project>\code\9_KU115 FPGA Validation\host\trials\ipi_35
Steps: 4308, events: 0
Capture: <local-project>\code\15_Ethernet_Runtime_Deployment\build\p0_ethernet_20260930_detached\session_1\courtship_ipi_35
Vivado: E:\Xilinx\Vivado\2021.2\bin\vivado.bat

****** Vivado v2021.2 (64-bit)
  **** SW Build 3367213 on Tue Oct 19 02:48:09 MDT 2021
  **** IP Build 3369179 on Thu Oct 21 08:25:16 MDT 2021
    ** Copyright 1986-2021 Xilinx, Inc. All Rights Reserved.

source {<local-project>\code\14_Runtime Reconfigurable Deployment\host\run_runtime_trial.tcl} -notrace
open_hw_manager: Time (s): cpu = 00:00:02 ; elapsed = 00:00:06 . Memory (MB): peak = 1543.379 ; gain = 0.000
INFO: [Labtools 27-2285] Connecting to hw_server url TCP:localhost:3121
INFO: [Labtools 27-3415] Connecting to cs_server url TCP:localhost:3042
INFO: [Labtools 27-3417] Launching cs_server...
INFO: [Labtools 27-2221] Launch Output:


******** Xilinx cs_server v2021.2.0
  ****** Build date   : Sep 28 2021-05:44:20
    **** Build number : 2021.2.1632779060
      ** Copyright 2017-2026 Xilinx, Inc. All Rights Reserved.



INFO: [Labtoolstcl 44-466] Opening hw_target localhost:3121/xilinx_tcf/Digilent/REDACTED_JTAG_SERIAL
INFO: [Labtools 27-2302] Device xcku115 (JTAG device index = 0) is programmed with a design that has 1 JTAG AXI core(s).
RUNTIME_TARGET localhost:3121/xilinx_tcf/Digilent/REDACTED_JTAG_SERIAL
RUNTIME_DEVICE xcku115_0
RUNTIME_AXI hw_axi_1
INFO: [Labtoolstcl 44-481] READ DATA is: 434e5352
INFO: [Labtoolstcl 44-481] READ DATA is: 00000001
INFO: [Labtoolstcl 44-481] READ DATA is: 00001887
INFO: [Labtoolstcl 44-481] READ DATA is: 00000002
INFO: [Labtoolstcl 44-481] WRITE DATA is: 000010D4
INFO: [Labtoolstcl 44-481] WRITE DATA is: 00030D40
INFO: [Labtoolstcl 44-481] WRITE DATA is: 00000000
RUNTIME_LOADING timesteps=4308 capture_events=0
INFO: [Labtoolstcl 44-481] WRITE DATA is: 00000000
INFO: [Labtoolstcl 44-481] WRITE DATA is: 00000000
INFO: [Labtoolstcl 44-481] WRITE DATA is: 00000000
INFO: [Labtoolstcl 44-481] WRITE DATA is: 00000000
INFO: [Labtoolstcl 44-481] WRITE DATA is: 00000000
INFO: [Labtoolstcl 44-481] WRITE DATA is: 00000000
INFO: [Labtoolstcl 44-481] WRITE DATA is: 00000000
INFO: [Labtoolstcl 44-481] WRITE DATA is: 00000000
INFO: [Labtoolstcl 44-481] WRITE DATA is: 00000000
INFO: [Labtoolstcl 44-481] WRITE DATA is: 00000000
INFO: [Labtoolstcl 44-481] WRITE DATA is: 00000000
INFO: [Labtoolstcl 44-481] WRITE DATA is: 00000000
INFO: [Labtoolstcl 44-481] WRITE DATA is: 00000000
INFO: [Labtoolstcl 44-481] WRITE DATA is: 00000000
INFO: [Labtoolstcl 44-481] WRITE DATA is: 00000000
INFO: [Labtoolstcl 44-481] WRITE DATA is: 00000000
INFO: [Labtoolstcl 44-481] WRITE DATA is: 00000000
INFO: [Labtoolstcl 44-481] WRITE DATA is: 00000000
INFO: [Labtoolstcl 44-481] WRITE DATA is: 00000000
INFO: [Labtoolstcl 44-481] WRITE DATA is: 00000000
INFO: [Labtoolstcl 44-481] WRITE DATA is: 00000000
INFO: [Labtoolstcl 44-481] WRITE DATA is: 00000000
INFO: [Labtoolstcl 44-481] WRITE DATA is: 00000000
INFO: [Labtoolstcl 44-481] WRITE DATA is: 00000000
INFO: [Labtoolstcl 44-481] WRITE DATA is: 00000000
INFO: [Labtoolstcl 44-481] WRITE DATA is: 00000000
INFO: [Labtoolstcl 44-481] WRITE DATA is: 00000000
INFO: [Labtoolstcl 44-481] WRITE DATA is: 00000000
INFO: [Labtoolstcl 44-481] WRITE DATA is: 00000000
INFO: [Labtoolstcl 44-481] WRITE DATA is: 00000000
INFO: [Labtoolstcl 44-481] WRITE DATA is: 00000000
INFO: [Labtoolstcl 44-481] WRITE DATA is: 00000000
INFO: [Labtoolstcl 44-481] WRITE DATA is: 00000000
INFO: [Labtoolstcl 44-481] WRITE DATA is: 00000000
INFO: [Labtoolstcl 44-481] WRITE DATA is: 00000000
INFO: [Labtoolstcl 44-481] WRITE DATA is: 00000000
INFO: [Labtoolstcl 44-481] WRITE DATA is: 00000000
INFO: [Labtoolstcl 44-481] WRITE DATA is: 00000000
INFO: [Labtoolstcl 44-481] WRITE DATA is: 00000000
INFO: [Labtoolstcl 44-481] WRITE DATA is: 00000000
INFO: [Labtoolstcl 44-481] WRITE DATA is: 00000000
INFO: [Labtoolstcl 44-481] WRITE DATA is: 00000000
INFO: [Labtoolstcl 44-481] WRITE DATA is: 00000000
INFO: [Labtoolstcl 44-481] WRITE DATA is: 00000000
INFO: [Labtoolstcl 44-481] WRITE DATA is: 00000000
INFO: [Labtoolstcl 44-481] WRITE DATA is: 00000000
INFO: [Labtoolstcl 44-481] WRITE DATA is: 00000000
INFO: [Labtoolstcl 44-481] WRITE DATA is: 00000000
INFO: [Labtoolstcl 44-481] WRITE DATA is: 00000000
INFO: [Labtoolstcl 44-481] WRITE DATA is: 00000000
INFO: [Labtoolstcl 44-481] WRITE DATA is: 00000000
INFO: [Labtoolstcl 44-481] WRITE DATA is: 00000000
INFO: [Labtoolstcl 44-481] WRITE DATA is: 00000000
INFO: [Labtoolstcl 44-481] WRITE DATA is: 00000000
INFO: [Labtoolstcl 44-481] WRITE DATA is: 00000000
INFO: [Labtoolstcl 44-481] WRITE DATA is: 00000000
INFO: [Labtoolstcl 44-481] WRITE DATA is: 00000000
INFO: [Labtoolstcl 44-481] WRITE DATA is: 00000000
INFO: [Labtoolstcl 44-481] WRITE DATA is: 00000000
INFO: [Labtoolstcl 44-481] WRITE DATA is: 00000000
INFO: [Labtoolstcl 44-481] WRITE DATA is: 00000000
INFO: [Labtoolstcl 44-481] WRITE DATA is: 00000000
INFO: [Labtoolstcl 44-481] WRITE DATA is: 00000000
INFO: [Labtoolstcl 44-481] WRITE DATA is: 00000000
INFO: [Labtoolstcl 44-481] WRITE DATA is: 00000000
INFO: [Labtoolstcl 44-481] WRITE DATA is: 00000000
INFO: [Labtoolstcl 44-481] WRITE DATA is: 00000000
INFO: [Labtoolstcl 44-481] WRITE DATA is: 00000000
INFO: [Labtoolstcl 44-481] WRITE DATA is: 00000000
INFO: [Labtoolstcl 44-481] WRITE DATA is: 00000000
INFO: [Labtoolstcl 44-481] WRITE DATA is: 00000000
INFO: [Labtoolstcl 44-481] WRITE DATA is: 00000000
INFO: [Labtoolstcl 44-481] WRITE DATA is: 00000000
INFO: [Labtoolstcl 44-481] WRITE DATA is: 00000000
INFO: [Labtoolstcl 44-481] WRITE DATA is: 00000000
INFO: [Labtoolstcl 44-481] WRITE DATA is: 00000000
INFO: [Labtoolstcl 44-481] WRITE DATA is: 00000000
INFO: [Labtoolstcl 44-481] WRITE DATA is: 00000000
INFO: [Labtoolstcl 44-481] WRITE DATA is: 00000000
INFO: [Labtoolstcl 44-481] WRITE DATA is: 00000000
INFO: [Labtoolstcl 44-481] WRITE DATA is: 00000000
INFO: [Labtoolstcl 44-481] WRITE DATA is: 00000000
INFO: [Labtoolstcl 44-481] WRITE DATA is: 00000000
INFO: [Labtoolstcl 44-481] WRITE DATA is: 00000000
INFO: [Labtoolstcl 44-481] WRITE DATA is: 00000000
INFO: [Labtoolstcl 44-481] WRITE DATA is: 00000000
INFO: [Labtoolstcl 44-481] WRITE DATA is: 00000000
INFO: [Labtoolstcl 44-481] WRITE DATA is: 00000000
INFO: [Labtoolstcl 44-481] WRITE DATA is: 00000000
INFO: [Labtoolstcl 44-481] WRITE DATA is: 00000000
INFO: [Labtoolstcl 44-481] WRITE DATA is: 00000000
INFO: [Labtoolstcl 44-481] WRITE DATA is: 00000000
INFO: [Labtoolstcl 44-481] WRITE DATA is: 00000000
INFO: [Common 17-14] Message 'Labtoolstcl 44-481' appears 100 times and further instances of the messages will be disabled. Use the Tcl command set_msg_config to change the current settings.
RUNTIME_LOADED 512/4308
RUNTIME_LOADED 1024/4308
RUNTIME_LOADED 1536/4308
RUNTIME_LOADED 2048/4308
RUNTIME_LOADED 2560/4308
RUNTIME_LOADED 3072/4308
RUNTIME_LOADED 3584/4308
RUNTIME_LOADED 4096/4308
RUNTIME_LOADED 4308/4308
RUNTIME_SUMMARY_READ 4096/34464
RUNTIME_SUMMARY_READ 8192/34464
RUNTIME_SUMMARY_READ 12288/34464
RUNTIME_SUMMARY_READ 16384/34464
RUNTIME_SUMMARY_READ 20480/34464
RUNTIME_SUMMARY_READ 24576/34464
RUNTIME_SUMMARY_READ 28672/34464
RUNTIME_SUMMARY_READ 32768/34464
RUNTIME_COMPLETE timesteps=4308 events=0 status=00000002 capture=<local-project>/code/15_Ethernet_Runtime_Deployment/build/p0_ethernet_20260930_detached/session_1/courtship_ipi_35
INFO: [Labtoolstcl 44-464] Closing hw_target localhost:3121/xilinx_tcf/Digilent/REDACTED_JTAG_SERIAL
INFO: [Common 17-206] Exiting Vivado at Wed Sep 30 13:41:13 2026...
JTAG capture completed.
{
  "output_dir": "E:\\Workspace\\CNS2FPGA\\code\\15_Ethernet_Runtime_Deployment\\build\\p0_ethernet_20260930_detached\\session_1\\courtship_ipi_35_parsed",
  "schema": "cns2fpga.step9.capture",
  "schema_version": 1,
  "timesteps": 4308,
  "period_cycles": 200000,
  "max_latency_cycles": 199699,
  "deadline_miss_steps_by_cycle_count": 0,
  "event_words_parsed": 0,
  "summary_words_sha256": "aaa83ccd3c4ffe39b6f86425a04d3369a7602a94740985c6add983163ad425e2",
  "event_words_sha256": null,
  "counts_csv_sha256": "fb9ca47d7bfe8e77f88c658bf6d5c5a00d58b6485eb6f5ce7d2c5919d994f4ac"
}
{
  "pass": true,
  "ipi_ms": 35,
  "response_window_ms": [
    100,
    1968
  ],
  "fixed_response_spikes": {
    "vPN1": 222,
    "pC1": 1735,
    "pIP10": 109,
    "pMP2": 9
  },
  "board_response_spikes": {
    "vPN1": 222,
    "pC1": 1735,
    "pIP10": 109,
    "pMP2": 9
  },
  "diagnostic_flag_sums": {
    "state_saturation": 0,
    "accumulator_saturation": 0,
    "deadline_miss": 0,
    "event_overflow": 0
  }
}
{
  "status": "PASS",
  "steps": 4308,
  "epoch": 2,
  "checksum": "45AEAAAE",
  "full_per_step_count_fields_compared": 34464,
  "cycle_different_steps": 721,
  "max_absolute_cycle_delta": 636,
  "max_latency_cycles": 199699,
  "missed_steps": 0,
  "summary_sha256": "AAA83CCD3C4FFE39B6F86425A04D3369A7602A94740985C6ADD983163AD425E2"
}
Trial: <local-project>\code\9_KU115 FPGA Validation\host\trials\ipi_65
Steps: 4308, events: 0
Capture: <local-project>\code\15_Ethernet_Runtime_Deployment\build\p0_ethernet_20260930_detached\session_1\courtship_ipi_65
Vivado: E:\Xilinx\Vivado\2021.2\bin\vivado.bat

****** Vivado v2021.2 (64-bit)
  **** SW Build 3367213 on Tue Oct 19 02:48:09 MDT 2021
  **** IP Build 3369179 on Thu Oct 21 08:25:16 MDT 2021
    ** Copyright 1986-2021 Xilinx, Inc. All Rights Reserved.

source {<local-project>\code\14_Runtime Reconfigurable Deployment\host\run_runtime_trial.tcl} -notrace
INFO: [Labtools 27-2285] Connecting to hw_server url TCP:localhost:3121
INFO: [Labtools 27-3415] Connecting to cs_server url TCP:localhost:3042
INFO: [Labtools 27-3414] Connected to existing cs_server.
INFO: [Labtoolstcl 44-466] Opening hw_target localhost:3121/xilinx_tcf/Digilent/REDACTED_JTAG_SERIAL
INFO: [Labtools 27-2302] Device xcku115 (JTAG device index = 0) is programmed with a design that has 1 JTAG AXI core(s).
RUNTIME_TARGET localhost:3121/xilinx_tcf/Digilent/REDACTED_JTAG_SERIAL
RUNTIME_DEVICE xcku115_0
RUNTIME_AXI hw_axi_1
INFO: [Labtoolstcl 44-481] READ DATA is: 434e5352
INFO: [Labtoolstcl 44-481] READ DATA is: 00000001
INFO: [Labtoolstcl 44-481] READ DATA is: 00001887
INFO: [Labtoolstcl 44-481] READ DATA is: 00000002
INFO: [Labtoolstcl 44-481] WRITE DATA is: 000010D4
INFO: [Labtoolstcl 44-481] WRITE DATA is: 00030D40
INFO: [Labtoolstcl 44-481] WRITE DATA is: 00000000
RUNTIME_LOADING timesteps=4308 capture_events=0
INFO: [Labtoolstcl 44-481] WRITE DATA is: 00000000
INFO: [Labtoolstcl 44-481] WRITE DATA is: 00000000
INFO: [Labtoolstcl 44-481] WRITE DATA is: 00000000
INFO: [Labtoolstcl 44-481] WRITE DATA is: 00000000
INFO: [Labtoolstcl 44-481] WRITE DATA is: 00000000
INFO: [Labtoolstcl 44-481] WRITE DATA is: 00000000
INFO: [Labtoolstcl 44-481] WRITE DATA is: 00000000
INFO: [Labtoolstcl 44-481] WRITE DATA is: 00000000
INFO: [Labtoolstcl 44-481] WRITE DATA is: 00000000
INFO: [Labtoolstcl 44-481] WRITE DATA is: 00000000
INFO: [Labtoolstcl 44-481] WRITE DATA is: 00000000
INFO: [Labtoolstcl 44-481] WRITE DATA is: 00000000
INFO: [Labtoolstcl 44-481] WRITE DATA is: 00000000
INFO: [Labtoolstcl 44-481] WRITE DATA is: 00000000
INFO: [Labtoolstcl 44-481] WRITE DATA is: 00000000
INFO: [Labtoolstcl 44-481] WRITE DATA is: 00000000
INFO: [Labtoolstcl 44-481] WRITE DATA is: 00000000
INFO: [Labtoolstcl 44-481] WRITE DATA is: 00000000
INFO: [Labtoolstcl 44-481] WRITE DATA is: 00000000
INFO: [Labtoolstcl 44-481] WRITE DATA is: 00000000
INFO: [Labtoolstcl 44-481] WRITE DATA is: 00000000
INFO: [Labtoolstcl 44-481] WRITE DATA is: 00000000
INFO: [Labtoolstcl 44-481] WRITE DATA is: 00000000
INFO: [Labtoolstcl 44-481] WRITE DATA is: 00000000
INFO: [Labtoolstcl 44-481] WRITE DATA is: 00000000
INFO: [Labtoolstcl 44-481] WRITE DATA is: 00000000
INFO: [Labtoolstcl 44-481] WRITE DATA is: 00000000
INFO: [Labtoolstcl 44-481] WRITE DATA is: 00000000
INFO: [Labtoolstcl 44-481] WRITE DATA is: 00000000
INFO: [Labtoolstcl 44-481] WRITE DATA is: 00000000
INFO: [Labtoolstcl 44-481] WRITE DATA is: 00000000
INFO: [Labtoolstcl 44-481] WRITE DATA is: 00000000
INFO: [Labtoolstcl 44-481] WRITE DATA is: 00000000
INFO: [Labtoolstcl 44-481] WRITE DATA is: 00000000
INFO: [Labtoolstcl 44-481] WRITE DATA is: 00000000
INFO: [Labtoolstcl 44-481] WRITE DATA is: 00000000
INFO: [Labtoolstcl 44-481] WRITE DATA is: 00000000
INFO: [Labtoolstcl 44-481] WRITE DATA is: 00000000
INFO: [Labtoolstcl 44-481] WRITE DATA is: 00000000
INFO: [Labtoolstcl 44-481] WRITE DATA is: 00000000
INFO: [Labtoolstcl 44-481] WRITE DATA is: 00000000
INFO: [Labtoolstcl 44-481] WRITE DATA is: 00000000
INFO: [Labtoolstcl 44-481] WRITE DATA is: 00000000
INFO: [Labtoolstcl 44-481] WRITE DATA is: 00000000
INFO: [Labtoolstcl 44-481] WRITE DATA is: 00000000
INFO: [Labtoolstcl 44-481] WRITE DATA is: 00000000
INFO: [Labtoolstcl 44-481] WRITE DATA is: 00000000
INFO: [Labtoolstcl 44-481] WRITE DATA is: 00000000
INFO: [Labtoolstcl 44-481] WRITE DATA is: 00000000
INFO: [Labtoolstcl 44-481] WRITE DATA is: 00000000
INFO: [Labtoolstcl 44-481] WRITE DATA is: 00000000
INFO: [Labtoolstcl 44-481] WRITE DATA is: 00000000
INFO: [Labtoolstcl 44-481] WRITE DATA is: 00000000
INFO: [Labtoolstcl 44-481] WRITE DATA is: 00000000
INFO: [Labtoolstcl 44-481] WRITE DATA is: 00000000
INFO: [Labtoolstcl 44-481] WRITE DATA is: 00000000
INFO: [Labtoolstcl 44-481] WRITE DATA is: 00000000
INFO: [Labtoolstcl 44-481] WRITE DATA is: 00000000
INFO: [Labtoolstcl 44-481] WRITE DATA is: 00000000
INFO: [Labtoolstcl 44-481] WRITE DATA is: 00000000
INFO: [Labtoolstcl 44-481] WRITE DATA is: 00000000
INFO: [Labtoolstcl 44-481] WRITE DATA is: 00000000
INFO: [Labtoolstcl 44-481] WRITE DATA is: 00000000
INFO: [Labtoolstcl 44-481] WRITE DATA is: 00000000
INFO: [Labtoolstcl 44-481] WRITE DATA is: 00000000
INFO: [Labtoolstcl 44-481] WRITE DATA is: 00000000
INFO: [Labtoolstcl 44-481] WRITE DATA is: 00000000
INFO: [Labtoolstcl 44-481] WRITE DATA is: 00000000
INFO: [Labtoolstcl 44-481] WRITE DATA is: 00000000
INFO: [Labtoolstcl 44-481] WRITE DATA is: 00000000
INFO: [Labtoolstcl 44-481] WRITE DATA is: 00000000
INFO: [Labtoolstcl 44-481] WRITE DATA is: 00000000
INFO: [Labtoolstcl 44-481] WRITE DATA is: 00000000
INFO: [Labtoolstcl 44-481] WRITE DATA is: 00000000
INFO: [Labtoolstcl 44-481] WRITE DATA is: 00000000
INFO: [Labtoolstcl 44-481] WRITE DATA is: 00000000
INFO: [Labtoolstcl 44-481] WRITE DATA is: 00000000
INFO: [Labtoolstcl 44-481] WRITE DATA is: 00000000
INFO: [Labtoolstcl 44-481] WRITE DATA is: 00000000
INFO: [Labtoolstcl 44-481] WRITE DATA is: 00000000
INFO: [Labtoolstcl 44-481] WRITE DATA is: 00000000
INFO: [Labtoolstcl 44-481] WRITE DATA is: 00000000
INFO: [Labtoolstcl 44-481] WRITE DATA is: 00000000
INFO: [Labtoolstcl 44-481] WRITE DATA is: 00000000
INFO: [Labtoolstcl 44-481] WRITE DATA is: 00000000
INFO: [Labtoolstcl 44-481] WRITE DATA is: 00000000
INFO: [Labtoolstcl 44-481] WRITE DATA is: 00000000
INFO: [Labtoolstcl 44-481] WRITE DATA is: 00000000
INFO: [Labtoolstcl 44-481] WRITE DATA is: 00000000
INFO: [Labtoolstcl 44-481] WRITE DATA is: 00000000
INFO: [Labtoolstcl 44-481] WRITE DATA is: 00000000
INFO: [Labtoolstcl 44-481] WRITE DATA is: 00000000
INFO: [Labtoolstcl 44-481] WRITE DATA is: 00000000
INFO: [Common 17-14] Message 'Labtoolstcl 44-481' appears 100 times and further instances of the messages will be disabled. Use the Tcl command set_msg_config to change the current settings.
RUNTIME_LOADED 512/4308
RUNTIME_LOADED 1024/4308
RUNTIME_LOADED 1536/4308
RUNTIME_LOADED 2048/4308
RUNTIME_LOADED 2560/4308
RUNTIME_LOADED 3072/4308
RUNTIME_LOADED 3584/4308
RUNTIME_LOADED 4096/4308
RUNTIME_LOADED 4308/4308
RUNTIME_SUMMARY_READ 4096/34464
RUNTIME_SUMMARY_READ 8192/34464
RUNTIME_SUMMARY_READ 12288/34464
RUNTIME_SUMMARY_READ 16384/34464
RUNTIME_SUMMARY_READ 20480/34464
RUNTIME_SUMMARY_READ 24576/34464
RUNTIME_SUMMARY_READ 28672/34464
RUNTIME_SUMMARY_READ 32768/34464
RUNTIME_COMPLETE timesteps=4308 events=0 status=00000002 capture=<local-project>/code/15_Ethernet_Runtime_Deployment/build/p0_ethernet_20260930_detached/session_1/courtship_ipi_65
INFO: [Labtoolstcl 44-464] Closing hw_target localhost:3121/xilinx_tcf/Digilent/REDACTED_JTAG_SERIAL
INFO: [Common 17-206] Exiting Vivado at Wed Sep 30 13:44:53 2026...
JTAG capture completed.
{
  "output_dir": "E:\\Workspace\\CNS2FPGA\\code\\15_Ethernet_Runtime_Deployment\\build\\p0_ethernet_20260930_detached\\session_1\\courtship_ipi_65_parsed",
  "schema": "cns2fpga.step9.capture",
  "schema_version": 1,
  "timesteps": 4308,
  "period_cycles": 200000,
  "max_latency_cycles": 199699,
  "deadline_miss_steps_by_cycle_count": 0,
  "event_words_parsed": 0,
  "summary_words_sha256": "c081ca7eea83a6cc184d14e68ab1e51898da4b6f65cb83c8699da3baa18d8396",
  "event_words_sha256": null,
  "counts_csv_sha256": "94b7da5132fc0d004fb217359fa6f93cae9f2aecac22f164ea24d0930dd2793a"
}
{
  "pass": true,
  "ipi_ms": 65,
  "response_window_ms": [
    100,
    3138
  ],
  "fixed_response_spikes": {
    "vPN1": 244,
    "pC1": 2326,
    "pIP10": 83,
    "pMP2": 57
  },
  "board_response_spikes": {
    "vPN1": 244,
    "pC1": 2326,
    "pIP10": 83,
    "pMP2": 57
  },
  "diagnostic_flag_sums": {
    "state_saturation": 0,
    "accumulator_saturation": 0,
    "deadline_miss": 0,
    "event_overflow": 0
  }
}
{
  "status": "PASS",
  "steps": 4308,
  "epoch": 2,
  "checksum": "45AEAAAE",
  "full_per_step_count_fields_compared": 34464,
  "cycle_different_steps": 701,
  "max_absolute_cycle_delta": 636,
  "max_latency_cycles": 199699,
  "missed_steps": 0,
  "summary_sha256": "C081CA7EEA83A6CC184D14E68AB1E51898DA4B6F65CB83C8699DA3BAA18D8396"
}
P0_UDP_BEGIN_PASS ack_status=0 image_status=0x00000002
P0_UDP_PARTIAL_DATA_PASS ack_status=0 image_status=0x00000002
P0_UDP_HOST_INTERRUPTED_PASS; close socket before COMMIT
P0_UDP_PARTIAL_STATE_PASS ack_status=0 image_status=0x00000002
P0_UDP_INCOMPLETE_REJECT_PASS ack_status=3 image_status=0x00000016
P0_UDP_RESTART_BEGIN_PASS ack_status=0 image_status=0x00000002
P0_UDP_BAD_POST_REJECT_PASS ack_status=3 image_status=0x00000066
P0_UDP_RECOVERY_REQUIRED: upload a valid image with the normal uploader
PREFLIGHT neurons=226 synapses=1730 words=4816 packets=81 checksum=6C233D31
ETHERNET_IMAGE_COMMIT_PASS words=4816 checksum=6C233D31
Trial: <local-project>\code\12_Visual-to-Steering Circuit\outputs\visual_left_board_v0\trial
Steps: 250, events: 1
Capture: <local-project>\code\15_Ethernet_Runtime_Deployment\build\p0_ethernet_20260930_detached\session_1\visual_recovered_250
Vivado: E:\Xilinx\Vivado\2021.2\bin\vivado.bat

****** Vivado v2021.2 (64-bit)
  **** SW Build 3367213 on Tue Oct 19 02:48:09 MDT 2021
  **** IP Build 3369179 on Thu Oct 21 08:25:16 MDT 2021
    ** Copyright 1986-2021 Xilinx, Inc. All Rights Reserved.

source {<local-project>\code\14_Runtime Reconfigurable Deployment\host\run_runtime_trial.tcl} -notrace
INFO: [Labtools 27-2285] Connecting to hw_server url TCP:localhost:3121
INFO: [Labtools 27-3415] Connecting to cs_server url TCP:localhost:3042
INFO: [Labtools 27-3414] Connected to existing cs_server.
INFO: [Labtoolstcl 44-466] Opening hw_target localhost:3121/xilinx_tcf/Digilent/REDACTED_JTAG_SERIAL
INFO: [Labtools 27-2302] Device xcku115 (JTAG device index = 0) is programmed with a design that has 1 JTAG AXI core(s).
RUNTIME_TARGET localhost:3121/xilinx_tcf/Digilent/REDACTED_JTAG_SERIAL
RUNTIME_DEVICE xcku115_0
RUNTIME_AXI hw_axi_1
INFO: [Labtoolstcl 44-481] READ DATA is: 434e5352
INFO: [Labtoolstcl 44-481] READ DATA is: 00000001
INFO: [Labtoolstcl 44-481] READ DATA is: 000000e2
INFO: [Labtoolstcl 44-481] READ DATA is: 00000002
INFO: [Labtoolstcl 44-481] WRITE DATA is: 000000FA
INFO: [Labtoolstcl 44-481] WRITE DATA is: 00030D40
INFO: [Labtoolstcl 44-481] WRITE DATA is: 00000001
RUNTIME_LOADING timesteps=250 capture_events=1
INFO: [Labtoolstcl 44-481] WRITE DATA is: 00000000
INFO: [Labtoolstcl 44-481] WRITE DATA is: 00000000
INFO: [Labtoolstcl 44-481] WRITE DATA is: 00000000
INFO: [Labtoolstcl 44-481] WRITE DATA is: 00000000
INFO: [Labtoolstcl 44-481] WRITE DATA is: 00000000
INFO: [Labtoolstcl 44-481] WRITE DATA is: 00000000
INFO: [Labtoolstcl 44-481] WRITE DATA is: 00000000
INFO: [Labtoolstcl 44-481] WRITE DATA is: 00000000
INFO: [Labtoolstcl 44-481] WRITE DATA is: 00000000
INFO: [Labtoolstcl 44-481] WRITE DATA is: 00000000
INFO: [Labtoolstcl 44-481] WRITE DATA is: 00000000
INFO: [Labtoolstcl 44-481] WRITE DATA is: 00000000
INFO: [Labtoolstcl 44-481] WRITE DATA is: 00000000
INFO: [Labtoolstcl 44-481] WRITE DATA is: 00000000
INFO: [Labtoolstcl 44-481] WRITE DATA is: 00000000
INFO: [Labtoolstcl 44-481] WRITE DATA is: 00000000
INFO: [Labtoolstcl 44-481] WRITE DATA is: 00000000
INFO: [Labtoolstcl 44-481] WRITE DATA is: 00000000
INFO: [Labtoolstcl 44-481] WRITE DATA is: 00000000
INFO: [Labtoolstcl 44-481] WRITE DATA is: 00000000
INFO: [Labtoolstcl 44-481] WRITE DATA is: 00000000
INFO: [Labtoolstcl 44-481] WRITE DATA is: 00000000
INFO: [Labtoolstcl 44-481] WRITE DATA is: 00000000
INFO: [Labtoolstcl 44-481] WRITE DATA is: 00000000
INFO: [Labtoolstcl 44-481] WRITE DATA is: 00000000
INFO: [Labtoolstcl 44-481] WRITE DATA is: 00000000
INFO: [Labtoolstcl 44-481] WRITE DATA is: 00000000
INFO: [Labtoolstcl 44-481] WRITE DATA is: 00000000
INFO: [Labtoolstcl 44-481] WRITE DATA is: 00000000
INFO: [Labtoolstcl 44-481] WRITE DATA is: 00000000
INFO: [Labtoolstcl 44-481] WRITE DATA is: 00000000
INFO: [Labtoolstcl 44-481] WRITE DATA is: 00000000
INFO: [Labtoolstcl 44-481] WRITE DATA is: 00000000
INFO: [Labtoolstcl 44-481] WRITE DATA is: 00000000
INFO: [Labtoolstcl 44-481] WRITE DATA is: 00000000
INFO: [Labtoolstcl 44-481] WRITE DATA is: 00000000
INFO: [Labtoolstcl 44-481] WRITE DATA is: 00000000
INFO: [Labtoolstcl 44-481] WRITE DATA is: 00000000
INFO: [Labtoolstcl 44-481] WRITE DATA is: 00000000
INFO: [Labtoolstcl 44-481] WRITE DATA is: 00000000
INFO: [Labtoolstcl 44-481] WRITE DATA is: 01333333
INFO: [Labtoolstcl 44-481] WRITE DATA is: 00000000
INFO: [Labtoolstcl 44-481] WRITE DATA is: 01333333
INFO: [Labtoolstcl 44-481] WRITE DATA is: 00000000
INFO: [Labtoolstcl 44-481] WRITE DATA is: 01333333
INFO: [Labtoolstcl 44-481] WRITE DATA is: 00000000
INFO: [Labtoolstcl 44-481] WRITE DATA is: 00000000
INFO: [Labtoolstcl 44-481] WRITE DATA is: 00000000
INFO: [Labtoolstcl 44-481] WRITE DATA is: 00000000
INFO: [Labtoolstcl 44-481] WRITE DATA is: 00000000
INFO: [Labtoolstcl 44-481] WRITE DATA is: 00000000
INFO: [Labtoolstcl 44-481] WRITE DATA is: 00000000
INFO: [Labtoolstcl 44-481] WRITE DATA is: 00000000
INFO: [Labtoolstcl 44-481] WRITE DATA is: 00000000
INFO: [Labtoolstcl 44-481] WRITE DATA is: 00000000
INFO: [Labtoolstcl 44-481] WRITE DATA is: 00000000
INFO: [Labtoolstcl 44-481] WRITE DATA is: 00000000
INFO: [Labtoolstcl 44-481] WRITE DATA is: 00000000
INFO: [Labtoolstcl 44-481] WRITE DATA is: 00000000
INFO: [Labtoolstcl 44-481] WRITE DATA is: 00000000
INFO: [Labtoolstcl 44-481] WRITE DATA is: 00000000
INFO: [Labtoolstcl 44-481] WRITE DATA is: 00000000
INFO: [Labtoolstcl 44-481] WRITE DATA is: 00000000
INFO: [Labtoolstcl 44-481] WRITE DATA is: 00000000
INFO: [Labtoolstcl 44-481] WRITE DATA is: 00000000
INFO: [Labtoolstcl 44-481] WRITE DATA is: 00000000
INFO: [Labtoolstcl 44-481] WRITE DATA is: 00000000
INFO: [Labtoolstcl 44-481] WRITE DATA is: 00000000
INFO: [Labtoolstcl 44-481] WRITE DATA is: 00000000
INFO: [Labtoolstcl 44-481] WRITE DATA is: 00000000
INFO: [Labtoolstcl 44-481] WRITE DATA is: 00000000
INFO: [Labtoolstcl 44-481] WRITE DATA is: 00000000
INFO: [Labtoolstcl 44-481] WRITE DATA is: 00000000
INFO: [Labtoolstcl 44-481] WRITE DATA is: 00000000
INFO: [Labtoolstcl 44-481] WRITE DATA is: 00000000
INFO: [Labtoolstcl 44-481] WRITE DATA is: 00000000
INFO: [Labtoolstcl 44-481] WRITE DATA is: 00000000
INFO: [Labtoolstcl 44-481] WRITE DATA is: 00000000
INFO: [Labtoolstcl 44-481] WRITE DATA is: 00000000
INFO: [Labtoolstcl 44-481] WRITE DATA is: 00000000
INFO: [Labtoolstcl 44-481] WRITE DATA is: 00000000
INFO: [Labtoolstcl 44-481] WRITE DATA is: 00000000
INFO: [Labtoolstcl 44-481] WRITE DATA is: 00000000
INFO: [Labtoolstcl 44-481] WRITE DATA is: 00000000
INFO: [Labtoolstcl 44-481] WRITE DATA is: 00000000
INFO: [Labtoolstcl 44-481] WRITE DATA is: 00000000
INFO: [Labtoolstcl 44-481] WRITE DATA is: 00000000
INFO: [Labtoolstcl 44-481] WRITE DATA is: 00000000
INFO: [Labtoolstcl 44-481] WRITE DATA is: 00000000
INFO: [Labtoolstcl 44-481] WRITE DATA is: 00000000
INFO: [Labtoolstcl 44-481] WRITE DATA is: 00000000
INFO: [Labtoolstcl 44-481] WRITE DATA is: 00000000
INFO: [Labtoolstcl 44-481] WRITE DATA is: 00000000
INFO: [Common 17-14] Message 'Labtoolstcl 44-481' appears 100 times and further instances of the messages will be disabled. Use the Tcl command set_msg_config to change the current settings.
RUNTIME_LOADED 250/250
RUNTIME_COMPLETE timesteps=250 events=560 status=00000002 capture=<local-project>/code/15_Ethernet_Runtime_Deployment/build/p0_ethernet_20260930_detached/session_1/visual_recovered_250
INFO: [Labtoolstcl 44-464] Closing hw_target localhost:3121/xilinx_tcf/Digilent/REDACTED_JTAG_SERIAL
INFO: [Common 17-206] Exiting Vivado at Wed Sep 30 13:45:18 2026...
JTAG capture completed.
{
  "status": "PASS",
  "steps": 250,
  "image_epoch": 3,
  "image_checksum": "6C233D31",
  "max_latency_cycles": 4548,
  "ordered_events_compared": 560
}
ETHERNET_P0_SESSION_PASS session=1
ETHERNET_P0_SESSION_START session=2

****** Vivado v2021.2 (64-bit)
  **** SW Build 3367213 on Tue Oct 19 02:48:09 MDT 2021
  **** IP Build 3369179 on Thu Oct 21 08:25:16 MDT 2021
    ** Copyright 1986-2021 Xilinx, Inc. All Rights Reserved.

source {<local-project>\code\15_Ethernet_Runtime_Deployment\scripts\program_ethernet_bitstream.tcl} -notrace
INFO: [Labtools 27-2285] Connecting to hw_server url TCP:localhost:3121
INFO: [Labtools 27-3415] Connecting to cs_server url TCP:localhost:3042
INFO: [Labtools 27-3414] Connected to existing cs_server.
INFO: [Labtoolstcl 44-466] Opening hw_target localhost:3121/xilinx_tcf/Digilent/REDACTED_JTAG_SERIAL
INFO: [Labtools 27-3164] End of startup status: HIGH
program_hw_devices: Time (s): cpu = 00:00:12 ; elapsed = 00:00:12 . Memory (MB): peak = 1602.734 ; gain = 0.000
INFO: [Labtools 27-2302] Device xcku115 (JTAG device index = 0) is programmed with a design that has 1 JTAG AXI core(s).
RUNTIME_ETH_PROGRAM_PASS target=localhost:3121/xilinx_tcf/Digilent/REDACTED_JTAG_SERIAL device=xcku115_0 axi=hw_axi_1 bit=<local-project>/code/15_Ethernet_Runtime_Deployment/build/runtime_eth_portfilter_200mhz/cns2fpga_runtime_eth_portfilter_200mhz.bit
INFO: [Labtoolstcl 44-464] Closing hw_target localhost:3121/xilinx_tcf/Digilent/REDACTED_JTAG_SERIAL
INFO: [Common 17-206] Exiting Vivado at Wed Sep 30 13:45:41 2026...
ETHERNET_STATUS_TIMEOUT attempt=1/5
ETHERNET_STATUS_TIMEOUT attempt=2/5
ETHERNET_STATUS_TIMEOUT attempt=3/5
ETHERNET_STATUS_PASS peer=192.168.1.128:4321 ack_status=0 image_status=0x00000000 attempt=4 rtt_ms=0.22
PREFLIGHT neurons=226 synapses=1730 words=4816 packets=81 checksum=6C233D31
ETHERNET_IMAGE_COMMIT_PASS words=4816 checksum=6C233D31
Trial: <local-project>\code\12_Visual-to-Steering Circuit\outputs\visual_left_board_v0\trial
Steps: 250, events: 1
Capture: <local-project>\code\15_Ethernet_Runtime_Deployment\build\p0_ethernet_20260930_detached\session_2\visual_250
Vivado: E:\Xilinx\Vivado\2021.2\bin\vivado.bat

****** Vivado v2021.2 (64-bit)
  **** SW Build 3367213 on Tue Oct 19 02:48:09 MDT 2021
  **** IP Build 3369179 on Thu Oct 21 08:25:16 MDT 2021
    ** Copyright 1986-2021 Xilinx, Inc. All Rights Reserved.

source {<local-project>\code\14_Runtime Reconfigurable Deployment\host\run_runtime_trial.tcl} -notrace
INFO: [Labtools 27-2285] Connecting to hw_server url TCP:localhost:3121
INFO: [Labtools 27-3415] Connecting to cs_server url TCP:localhost:3042
INFO: [Labtools 27-3414] Connected to existing cs_server.
INFO: [Labtoolstcl 44-466] Opening hw_target localhost:3121/xilinx_tcf/Digilent/REDACTED_JTAG_SERIAL
INFO: [Labtools 27-2302] Device xcku115 (JTAG device index = 0) is programmed with a design that has 1 JTAG AXI core(s).
RUNTIME_TARGET localhost:3121/xilinx_tcf/Digilent/REDACTED_JTAG_SERIAL
RUNTIME_DEVICE xcku115_0
RUNTIME_AXI hw_axi_1
INFO: [Labtoolstcl 44-481] READ DATA is: 434e5352
INFO: [Labtoolstcl 44-481] READ DATA is: 00000001
INFO: [Labtoolstcl 44-481] READ DATA is: 000000e2
INFO: [Labtoolstcl 44-481] READ DATA is: 00000000
INFO: [Labtoolstcl 44-481] WRITE DATA is: 000000FA
INFO: [Labtoolstcl 44-481] WRITE DATA is: 00030D40
INFO: [Labtoolstcl 44-481] WRITE DATA is: 00000001
RUNTIME_LOADING timesteps=250 capture_events=1
INFO: [Labtoolstcl 44-481] WRITE DATA is: 00000000
INFO: [Labtoolstcl 44-481] WRITE DATA is: 00000000
INFO: [Labtoolstcl 44-481] WRITE DATA is: 00000000
INFO: [Labtoolstcl 44-481] WRITE DATA is: 00000000
INFO: [Labtoolstcl 44-481] WRITE DATA is: 00000000
INFO: [Labtoolstcl 44-481] WRITE DATA is: 00000000
INFO: [Labtoolstcl 44-481] WRITE DATA is: 00000000
INFO: [Labtoolstcl 44-481] WRITE DATA is: 00000000
INFO: [Labtoolstcl 44-481] WRITE DATA is: 00000000
INFO: [Labtoolstcl 44-481] WRITE DATA is: 00000000
INFO: [Labtoolstcl 44-481] WRITE DATA is: 00000000
INFO: [Labtoolstcl 44-481] WRITE DATA is: 00000000
INFO: [Labtoolstcl 44-481] WRITE DATA is: 00000000
INFO: [Labtoolstcl 44-481] WRITE DATA is: 00000000
INFO: [Labtoolstcl 44-481] WRITE DATA is: 00000000
INFO: [Labtoolstcl 44-481] WRITE DATA is: 00000000
INFO: [Labtoolstcl 44-481] WRITE DATA is: 00000000
INFO: [Labtoolstcl 44-481] WRITE DATA is: 00000000
INFO: [Labtoolstcl 44-481] WRITE DATA is: 00000000
INFO: [Labtoolstcl 44-481] WRITE DATA is: 00000000
INFO: [Labtoolstcl 44-481] WRITE DATA is: 00000000
INFO: [Labtoolstcl 44-481] WRITE DATA is: 00000000
INFO: [Labtoolstcl 44-481] WRITE DATA is: 00000000
INFO: [Labtoolstcl 44-481] WRITE DATA is: 00000000
INFO: [Labtoolstcl 44-481] WRITE DATA is: 00000000
INFO: [Labtoolstcl 44-481] WRITE DATA is: 00000000
INFO: [Labtoolstcl 44-481] WRITE DATA is: 00000000
INFO: [Labtoolstcl 44-481] WRITE DATA is: 00000000
INFO: [Labtoolstcl 44-481] WRITE DATA is: 00000000
INFO: [Labtoolstcl 44-481] WRITE DATA is: 00000000
INFO: [Labtoolstcl 44-481] WRITE DATA is: 00000000
INFO: [Labtoolstcl 44-481] WRITE DATA is: 00000000
INFO: [Labtoolstcl 44-481] WRITE DATA is: 00000000
INFO: [Labtoolstcl 44-481] WRITE DATA is: 00000000
INFO: [Labtoolstcl 44-481] WRITE DATA is: 00000000
INFO: [Labtoolstcl 44-481] WRITE DATA is: 00000000
INFO: [Labtoolstcl 44-481] WRITE DATA is: 00000000
INFO: [Labtoolstcl 44-481] WRITE DATA is: 00000000
INFO: [Labtoolstcl 44-481] WRITE DATA is: 00000000
INFO: [Labtoolstcl 44-481] WRITE DATA is: 00000000
INFO: [Labtoolstcl 44-481] WRITE DATA is: 01333333
INFO: [Labtoolstcl 44-481] WRITE DATA is: 00000000
INFO: [Labtoolstcl 44-481] WRITE DATA is: 01333333
INFO: [Labtoolstcl 44-481] WRITE DATA is: 00000000
INFO: [Labtoolstcl 44-481] WRITE DATA is: 01333333
INFO: [Labtoolstcl 44-481] WRITE DATA is: 00000000
INFO: [Labtoolstcl 44-481] WRITE DATA is: 00000000
INFO: [Labtoolstcl 44-481] WRITE DATA is: 00000000
INFO: [Labtoolstcl 44-481] WRITE DATA is: 00000000
INFO: [Labtoolstcl 44-481] WRITE DATA is: 00000000
INFO: [Labtoolstcl 44-481] WRITE DATA is: 00000000
INFO: [Labtoolstcl 44-481] WRITE DATA is: 00000000
INFO: [Labtoolstcl 44-481] WRITE DATA is: 00000000
INFO: [Labtoolstcl 44-481] WRITE DATA is: 00000000
INFO: [Labtoolstcl 44-481] WRITE DATA is: 00000000
INFO: [Labtoolstcl 44-481] WRITE DATA is: 00000000
INFO: [Labtoolstcl 44-481] WRITE DATA is: 00000000
INFO: [Labtoolstcl 44-481] WRITE DATA is: 00000000
INFO: [Labtoolstcl 44-481] WRITE DATA is: 00000000
INFO: [Labtoolstcl 44-481] WRITE DATA is: 00000000
INFO: [Labtoolstcl 44-481] WRITE DATA is: 00000000
INFO: [Labtoolstcl 44-481] WRITE DATA is: 00000000
INFO: [Labtoolstcl 44-481] WRITE DATA is: 00000000
INFO: [Labtoolstcl 44-481] WRITE DATA is: 00000000
INFO: [Labtoolstcl 44-481] WRITE DATA is: 00000000
INFO: [Labtoolstcl 44-481] WRITE DATA is: 00000000
INFO: [Labtoolstcl 44-481] WRITE DATA is: 00000000
INFO: [Labtoolstcl 44-481] WRITE DATA is: 00000000
INFO: [Labtoolstcl 44-481] WRITE DATA is: 00000000
INFO: [Labtoolstcl 44-481] WRITE DATA is: 00000000
INFO: [Labtoolstcl 44-481] WRITE DATA is: 00000000
INFO: [Labtoolstcl 44-481] WRITE DATA is: 00000000
INFO: [Labtoolstcl 44-481] WRITE DATA is: 00000000
INFO: [Labtoolstcl 44-481] WRITE DATA is: 00000000
INFO: [Labtoolstcl 44-481] WRITE DATA is: 00000000
INFO: [Labtoolstcl 44-481] WRITE DATA is: 00000000
INFO: [Labtoolstcl 44-481] WRITE DATA is: 00000000
INFO: [Labtoolstcl 44-481] WRITE DATA is: 00000000
INFO: [Labtoolstcl 44-481] WRITE DATA is: 00000000
INFO: [Labtoolstcl 44-481] WRITE DATA is: 00000000
INFO: [Labtoolstcl 44-481] WRITE DATA is: 00000000
INFO: [Labtoolstcl 44-481] WRITE DATA is: 00000000
INFO: [Labtoolstcl 44-481] WRITE DATA is: 00000000
INFO: [Labtoolstcl 44-481] WRITE DATA is: 00000000
INFO: [Labtoolstcl 44-481] WRITE DATA is: 00000000
INFO: [Labtoolstcl 44-481] WRITE DATA is: 00000000
INFO: [Labtoolstcl 44-481] WRITE DATA is: 00000000
INFO: [Labtoolstcl 44-481] WRITE DATA is: 00000000
INFO: [Labtoolstcl 44-481] WRITE DATA is: 00000000
INFO: [Labtoolstcl 44-481] WRITE DATA is: 00000000
INFO: [Labtoolstcl 44-481] WRITE DATA is: 00000000
INFO: [Labtoolstcl 44-481] WRITE DATA is: 00000000
INFO: [Labtoolstcl 44-481] WRITE DATA is: 00000000
INFO: [Common 17-14] Message 'Labtoolstcl 44-481' appears 100 times and further instances of the messages will be disabled. Use the Tcl command set_msg_config to change the current settings.
RUNTIME_LOADED 250/250
RUNTIME_COMPLETE timesteps=250 events=560 status=00000002 capture=<local-project>/code/15_Ethernet_Runtime_Deployment/build/p0_ethernet_20260930_detached/session_2/visual_250
INFO: [Labtoolstcl 44-464] Closing hw_target localhost:3121/xilinx_tcf/Digilent/REDACTED_JTAG_SERIAL
INFO: [Common 17-206] Exiting Vivado at Wed Sep 30 13:46:11 2026...
JTAG capture completed.
{
  "status": "PASS",
  "steps": 250,
  "image_epoch": 1,
  "image_checksum": "6C233D31",
  "max_latency_cycles": 4548,
  "ordered_events_compared": 560
}
PREFLIGHT neurons=6279 synapses=350185 words=738044 packets=11538 checksum=45AEAAAE
UPLOAD words=8192/738044 region=neuron_param
UPLOAD words=16384/738044 region=neuron_param
UPLOAD words=24576/738044 region=neuron_param
ETHERNET_IMAGE_COMMIT_PASS words=738044 checksum=45AEAAAE
Trial: <local-project>\code\9_KU115 FPGA Validation\host\trials\smoke8
Steps: 8, events: 1
Capture: <local-project>\code\15_Ethernet_Runtime_Deployment\build\p0_ethernet_20260930_detached\session_2\courtship_smoke8
Vivado: E:\Xilinx\Vivado\2021.2\bin\vivado.bat

****** Vivado v2021.2 (64-bit)
  **** SW Build 3367213 on Tue Oct 19 02:48:09 MDT 2021
  **** IP Build 3369179 on Thu Oct 21 08:25:16 MDT 2021
    ** Copyright 1986-2021 Xilinx, Inc. All Rights Reserved.

source {<local-project>\code\14_Runtime Reconfigurable Deployment\host\run_runtime_trial.tcl} -notrace
INFO: [Labtools 27-2285] Connecting to hw_server url TCP:localhost:3121
INFO: [Labtools 27-3415] Connecting to cs_server url TCP:localhost:3042
INFO: [Labtools 27-3414] Connected to existing cs_server.
INFO: [Labtoolstcl 44-466] Opening hw_target localhost:3121/xilinx_tcf/Digilent/REDACTED_JTAG_SERIAL
INFO: [Labtools 27-2302] Device xcku115 (JTAG device index = 0) is programmed with a design that has 1 JTAG AXI core(s).
RUNTIME_TARGET localhost:3121/xilinx_tcf/Digilent/REDACTED_JTAG_SERIAL
RUNTIME_DEVICE xcku115_0
RUNTIME_AXI hw_axi_1
INFO: [Labtoolstcl 44-481] READ DATA is: 434e5352
INFO: [Labtoolstcl 44-481] READ DATA is: 00000001
INFO: [Labtoolstcl 44-481] READ DATA is: 00001887
INFO: [Labtoolstcl 44-481] READ DATA is: 00000002
INFO: [Labtoolstcl 44-481] WRITE DATA is: 00000008
INFO: [Labtoolstcl 44-481] WRITE DATA is: 00030D40
INFO: [Labtoolstcl 44-481] WRITE DATA is: 00000001
RUNTIME_LOADING timesteps=8 capture_events=1
INFO: [Labtoolstcl 44-481] WRITE DATA is: 01333333
INFO: [Labtoolstcl 44-481] WRITE DATA is: 00000000
INFO: [Labtoolstcl 44-481] WRITE DATA is: 01333333
INFO: [Labtoolstcl 44-481] WRITE DATA is: 00000000
INFO: [Labtoolstcl 44-481] WRITE DATA is: 01333333
INFO: [Labtoolstcl 44-481] WRITE DATA is: 00000000
INFO: [Labtoolstcl 44-481] WRITE DATA is: 00000000
INFO: [Labtoolstcl 44-481] WRITE DATA is: 00000000
INFO: [Labtoolstcl 44-481] WRITE DATA is: 00000000
INFO: [Labtoolstcl 44-481] WRITE DATA is: 00000000
INFO: [Labtoolstcl 44-481] WRITE DATA is: 00000000
INFO: [Labtoolstcl 44-481] WRITE DATA is: 00000000
INFO: [Labtoolstcl 44-481] WRITE DATA is: 00000000
INFO: [Labtoolstcl 44-481] WRITE DATA is: 00000000
INFO: [Labtoolstcl 44-481] WRITE DATA is: 00000000
INFO: [Labtoolstcl 44-481] WRITE DATA is: 00000000
RUNTIME_LOADED 8/8
INFO: [Labtoolstcl 44-481] READ DATA is: 01333333
INFO: [Labtoolstcl 44-481] READ DATA is: 00000000
INFO: [Labtoolstcl 44-481] READ DATA is: 00000000
INFO: [Labtoolstcl 44-481] READ DATA is: 00000000
INFO: [Labtoolstcl 44-481] WRITE DATA is: 00000001
INFO: [Labtoolstcl 44-481] READ DATA is: 00000002
INFO: [Labtoolstcl 44-481] READ DATA is: 00000008
INFO: [Labtoolstcl 44-481] READ DATA is: 000009ab
INFO: [Labtoolstcl 44-481] READ DATA is: 434e5352
INFO: [Labtoolstcl 44-481] READ DATA is: 00000002
INFO: [Labtoolstcl 44-481] READ DATA is: 00000008
INFO: [Labtoolstcl 44-481] READ DATA is: 00030d40
INFO: [Labtoolstcl 44-481] READ DATA is: 00000008
INFO: [Labtoolstcl 44-481] READ DATA is: 000009ab
INFO: [Labtoolstcl 44-481] READ DATA is: 00000000
INFO: [Labtoolstcl 44-481] READ DATA is: 00030c13
INFO: [Labtoolstcl 44-481] READ DATA is: 0002af62
INFO: [Labtoolstcl 44-481] READ DATA is: 00000000
INFO: [Labtoolstcl 44-481] READ DATA is: 00000001
INFO: [Labtoolstcl 44-481] READ DATA is: 00000001
INFO: [Labtoolstcl 44-481] READ DATA is: 45aeaaae
INFO: [Labtoolstcl 44-481] READ DATA is: 00000002
INFO: [Labtoolstcl 44-481] READ DATA is: 00001887
INFO: [Labtoolstcl 44-481] READ DATA is: 000557e9
INFO: [Labtoolstcl 44-481] READ DATA is: 0000c7a2
INFO: [Labtoolstcl 44-481] READ DATA is: 000008d4
INFO: [Labtoolstcl 44-481] READ DATA is: 0000005d
INFO: [Labtoolstcl 44-481] READ DATA is: 00000000
INFO: [Labtoolstcl 44-481] READ DATA is: 00000000
INFO: [Labtoolstcl 44-481] READ DATA is: 005d0000
INFO: [Labtoolstcl 44-481] READ DATA is: 00000000
INFO: [Labtoolstcl 44-481] READ DATA is: 00000000
INFO: [Labtoolstcl 44-481] READ DATA is: 000131e0
INFO: [Labtoolstcl 44-481] READ DATA is: 00002c02
INFO: [Labtoolstcl 44-481] READ DATA is: 0006008a
INFO: [Labtoolstcl 44-481] READ DATA is: 00000000
INFO: [Labtoolstcl 44-481] READ DATA is: 00000000
INFO: [Labtoolstcl 44-481] READ DATA is: 008a0000
INFO: [Labtoolstcl 44-481] READ DATA is: 0000005d
INFO: [Labtoolstcl 44-481] READ DATA is: 00000000
INFO: [Labtoolstcl 44-481] READ DATA is: 0001e7f1
INFO: [Labtoolstcl 44-481] READ DATA is: 000067bd
INFO: [Labtoolstcl 44-481] READ DATA is: 00000142
INFO: [Labtoolstcl 44-481] READ DATA is: 00000002
INFO: [Labtoolstcl 44-481] READ DATA is: 00000000
INFO: [Labtoolstcl 44-481] READ DATA is: 01420000
INFO: [Labtoolstcl 44-481] READ DATA is: 000000e7
INFO: [Labtoolstcl 44-481] READ DATA is: 00000000
INFO: [Labtoolstcl 44-481] READ DATA is: 00030c13
INFO: [Labtoolstcl 44-481] READ DATA is: 0000c77b
INFO: [Labtoolstcl 44-481] READ DATA is: 0000027c
INFO: [Labtoolstcl 44-481] READ DATA is: 000e0004
INFO: [Labtoolstcl 44-481] READ DATA is: 00000000
INFO: [Labtoolstcl 44-481] READ DATA is: 027c0000
INFO: [Labtoolstcl 44-481] READ DATA is: 00000229
INFO: [Labtoolstcl 44-481] READ DATA is: 00000000
INFO: [Labtoolstcl 44-481] READ DATA is: 00028c88
INFO: [Labtoolstcl 44-481] READ DATA is: 00009d12
INFO: [Labtoolstcl 44-481] READ DATA is: 00000268
INFO: [Labtoolstcl 44-481] READ DATA is: 001d0001
INFO: [Labtoolstcl 44-481] READ DATA is: 00000002
INFO: [Labtoolstcl 44-481] READ DATA is: 02680000
INFO: [Labtoolstcl 44-481] READ DATA is: 000004a5
INFO: [Labtoolstcl 44-481] READ DATA is: 00000000
INFO: [Labtoolstcl 44-481] READ DATA is: 00019e35
INFO: [Labtoolstcl 44-481] READ DATA is: 00004f09
INFO: [Labtoolstcl 44-481] READ DATA is: 0000015a
INFO: [Labtoolstcl 44-481] READ DATA is: 00090001
INFO: [Labtoolstcl 44-481] READ DATA is: 00020000
INFO: [Labtoolstcl 44-481] READ DATA is: 015a0000
INFO: [Labtoolstcl 44-481] READ DATA is: 0000070d
INFO: [Labtoolstcl 44-481] READ DATA is: 00000000
INFO: [Labtoolstcl 44-481] READ DATA is: 00017a00
INFO: [Labtoolstcl 44-481] READ DATA is: 00004396
INFO: [Labtoolstcl 44-481] READ DATA is: 000000e3
INFO: [Labtoolstcl 44-481] READ DATA is: 00020000
INFO: [Labtoolstcl 44-481] READ DATA is: 00000000
INFO: [Common 17-14] Message 'Labtoolstcl 44-481' appears 100 times and further instances of the messages will be disabled. Use the Tcl command set_msg_config to change the current settings.
RUNTIME_COMPLETE timesteps=8 events=2475 status=00000002 capture=<local-project>/code/15_Ethernet_Runtime_Deployment/build/p0_ethernet_20260930_detached/session_2/courtship_smoke8
INFO: [Labtoolstcl 44-464] Closing hw_target localhost:3121/xilinx_tcf/Digilent/REDACTED_JTAG_SERIAL
INFO: [Common 17-206] Exiting Vivado at Wed Sep 30 13:46:36 2026...
JTAG capture completed.
{
  "status": "PASS",
  "steps": 8,
  "image_epoch": 2,
  "image_checksum": "45AEAAAE",
  "max_latency_cycles": 199699,
  "ordered_events_compared": 2475
}
Trial: <local-project>\code\9_KU115 FPGA Validation\host\trials\ipi_15
Steps: 4308, events: 0
Capture: <local-project>\code\15_Ethernet_Runtime_Deployment\build\p0_ethernet_20260930_detached\session_2\courtship_ipi_15
Vivado: E:\Xilinx\Vivado\2021.2\bin\vivado.bat

****** Vivado v2021.2 (64-bit)
  **** SW Build 3367213 on Tue Oct 19 02:48:09 MDT 2021
  **** IP Build 3369179 on Thu Oct 21 08:25:16 MDT 2021
    ** Copyright 1986-2021 Xilinx, Inc. All Rights Reserved.

source {<local-project>\code\14_Runtime Reconfigurable Deployment\host\run_runtime_trial.tcl} -notrace
INFO: [Labtools 27-2285] Connecting to hw_server url TCP:localhost:3121
INFO: [Labtools 27-3415] Connecting to cs_server url TCP:localhost:3042
INFO: [Labtools 27-3414] Connected to existing cs_server.
INFO: [Labtoolstcl 44-466] Opening hw_target localhost:3121/xilinx_tcf/Digilent/REDACTED_JTAG_SERIAL
INFO: [Labtools 27-2302] Device xcku115 (JTAG device index = 0) is programmed with a design that has 1 JTAG AXI core(s).
RUNTIME_TARGET localhost:3121/xilinx_tcf/Digilent/REDACTED_JTAG_SERIAL
RUNTIME_DEVICE xcku115_0
RUNTIME_AXI hw_axi_1
INFO: [Labtoolstcl 44-481] READ DATA is: 434e5352
INFO: [Labtoolstcl 44-481] READ DATA is: 00000001
INFO: [Labtoolstcl 44-481] READ DATA is: 00001887
INFO: [Labtoolstcl 44-481] READ DATA is: 00000002
INFO: [Labtoolstcl 44-481] WRITE DATA is: 000010D4
INFO: [Labtoolstcl 44-481] WRITE DATA is: 00030D40
INFO: [Labtoolstcl 44-481] WRITE DATA is: 00000000
RUNTIME_LOADING timesteps=4308 capture_events=0
INFO: [Labtoolstcl 44-481] WRITE DATA is: 00000000
INFO: [Labtoolstcl 44-481] WRITE DATA is: 00000000
INFO: [Labtoolstcl 44-481] WRITE DATA is: 00000000
INFO: [Labtoolstcl 44-481] WRITE DATA is: 00000000
INFO: [Labtoolstcl 44-481] WRITE DATA is: 00000000
INFO: [Labtoolstcl 44-481] WRITE DATA is: 00000000
INFO: [Labtoolstcl 44-481] WRITE DATA is: 00000000
INFO: [Labtoolstcl 44-481] WRITE DATA is: 00000000
INFO: [Labtoolstcl 44-481] WRITE DATA is: 00000000
INFO: [Labtoolstcl 44-481] WRITE DATA is: 00000000
INFO: [Labtoolstcl 44-481] WRITE DATA is: 00000000
INFO: [Labtoolstcl 44-481] WRITE DATA is: 00000000
INFO: [Labtoolstcl 44-481] WRITE DATA is: 00000000
INFO: [Labtoolstcl 44-481] WRITE DATA is: 00000000
INFO: [Labtoolstcl 44-481] WRITE DATA is: 00000000
INFO: [Labtoolstcl 44-481] WRITE DATA is: 00000000
INFO: [Labtoolstcl 44-481] WRITE DATA is: 00000000
INFO: [Labtoolstcl 44-481] WRITE DATA is: 00000000
INFO: [Labtoolstcl 44-481] WRITE DATA is: 00000000
INFO: [Labtoolstcl 44-481] WRITE DATA is: 00000000
INFO: [Labtoolstcl 44-481] WRITE DATA is: 00000000
INFO: [Labtoolstcl 44-481] WRITE DATA is: 00000000
INFO: [Labtoolstcl 44-481] WRITE DATA is: 00000000
INFO: [Labtoolstcl 44-481] WRITE DATA is: 00000000
INFO: [Labtoolstcl 44-481] WRITE DATA is: 00000000
INFO: [Labtoolstcl 44-481] WRITE DATA is: 00000000
INFO: [Labtoolstcl 44-481] WRITE DATA is: 00000000
INFO: [Labtoolstcl 44-481] WRITE DATA is: 00000000
INFO: [Labtoolstcl 44-481] WRITE DATA is: 00000000
INFO: [Labtoolstcl 44-481] WRITE DATA is: 00000000
INFO: [Labtoolstcl 44-481] WRITE DATA is: 00000000
INFO: [Labtoolstcl 44-481] WRITE DATA is: 00000000
INFO: [Labtoolstcl 44-481] WRITE DATA is: 00000000
INFO: [Labtoolstcl 44-481] WRITE DATA is: 00000000
INFO: [Labtoolstcl 44-481] WRITE DATA is: 00000000
INFO: [Labtoolstcl 44-481] WRITE DATA is: 00000000
INFO: [Labtoolstcl 44-481] WRITE DATA is: 00000000
INFO: [Labtoolstcl 44-481] WRITE DATA is: 00000000
INFO: [Labtoolstcl 44-481] WRITE DATA is: 00000000
INFO: [Labtoolstcl 44-481] WRITE DATA is: 00000000
INFO: [Labtoolstcl 44-481] WRITE DATA is: 00000000
INFO: [Labtoolstcl 44-481] WRITE DATA is: 00000000
INFO: [Labtoolstcl 44-481] WRITE DATA is: 00000000
INFO: [Labtoolstcl 44-481] WRITE DATA is: 00000000
INFO: [Labtoolstcl 44-481] WRITE DATA is: 00000000
INFO: [Labtoolstcl 44-481] WRITE DATA is: 00000000
INFO: [Labtoolstcl 44-481] WRITE DATA is: 00000000
INFO: [Labtoolstcl 44-481] WRITE DATA is: 00000000
INFO: [Labtoolstcl 44-481] WRITE DATA is: 00000000
INFO: [Labtoolstcl 44-481] WRITE DATA is: 00000000
INFO: [Labtoolstcl 44-481] WRITE DATA is: 00000000
INFO: [Labtoolstcl 44-481] WRITE DATA is: 00000000
INFO: [Labtoolstcl 44-481] WRITE DATA is: 00000000
INFO: [Labtoolstcl 44-481] WRITE DATA is: 00000000
INFO: [Labtoolstcl 44-481] WRITE DATA is: 00000000
INFO: [Labtoolstcl 44-481] WRITE DATA is: 00000000
INFO: [Labtoolstcl 44-481] WRITE DATA is: 00000000
INFO: [Labtoolstcl 44-481] WRITE DATA is: 00000000
INFO: [Labtoolstcl 44-481] WRITE DATA is: 00000000
INFO: [Labtoolstcl 44-481] WRITE DATA is: 00000000
INFO: [Labtoolstcl 44-481] WRITE DATA is: 00000000
INFO: [Labtoolstcl 44-481] WRITE DATA is: 00000000
INFO: [Labtoolstcl 44-481] WRITE DATA is: 00000000
INFO: [Labtoolstcl 44-481] WRITE DATA is: 00000000
INFO: [Labtoolstcl 44-481] WRITE DATA is: 00000000
INFO: [Labtoolstcl 44-481] WRITE DATA is: 00000000
INFO: [Labtoolstcl 44-481] WRITE DATA is: 00000000
INFO: [Labtoolstcl 44-481] WRITE DATA is: 00000000
INFO: [Labtoolstcl 44-481] WRITE DATA is: 00000000
INFO: [Labtoolstcl 44-481] WRITE DATA is: 00000000
INFO: [Labtoolstcl 44-481] WRITE DATA is: 00000000
INFO: [Labtoolstcl 44-481] WRITE DATA is: 00000000
INFO: [Labtoolstcl 44-481] WRITE DATA is: 00000000
INFO: [Labtoolstcl 44-481] WRITE DATA is: 00000000
INFO: [Labtoolstcl 44-481] WRITE DATA is: 00000000
INFO: [Labtoolstcl 44-481] WRITE DATA is: 00000000
INFO: [Labtoolstcl 44-481] WRITE DATA is: 00000000
INFO: [Labtoolstcl 44-481] WRITE DATA is: 00000000
INFO: [Labtoolstcl 44-481] WRITE DATA is: 00000000
INFO: [Labtoolstcl 44-481] WRITE DATA is: 00000000
INFO: [Labtoolstcl 44-481] WRITE DATA is: 00000000
INFO: [Labtoolstcl 44-481] WRITE DATA is: 00000000
INFO: [Labtoolstcl 44-481] WRITE DATA is: 00000000
INFO: [Labtoolstcl 44-481] WRITE DATA is: 00000000
INFO: [Labtoolstcl 44-481] WRITE DATA is: 00000000
INFO: [Labtoolstcl 44-481] WRITE DATA is: 00000000
INFO: [Labtoolstcl 44-481] WRITE DATA is: 00000000
INFO: [Labtoolstcl 44-481] WRITE DATA is: 00000000
INFO: [Labtoolstcl 44-481] WRITE DATA is: 00000000
INFO: [Labtoolstcl 44-481] WRITE DATA is: 00000000
INFO: [Labtoolstcl 44-481] WRITE DATA is: 00000000
INFO: [Labtoolstcl 44-481] WRITE DATA is: 00000000
INFO: [Labtoolstcl 44-481] WRITE DATA is: 00000000
INFO: [Common 17-14] Message 'Labtoolstcl 44-481' appears 100 times and further instances of the messages will be disabled. Use the Tcl command set_msg_config to change the current settings.
RUNTIME_LOADED 512/4308
RUNTIME_LOADED 1024/4308
RUNTIME_LOADED 1536/4308
RUNTIME_LOADED 2048/4308
RUNTIME_LOADED 2560/4308
RUNTIME_LOADED 3072/4308
RUNTIME_LOADED 3584/4308
RUNTIME_LOADED 4096/4308
RUNTIME_LOADED 4308/4308
RUNTIME_SUMMARY_READ 4096/34464
RUNTIME_SUMMARY_READ 8192/34464
RUNTIME_SUMMARY_READ 12288/34464
RUNTIME_SUMMARY_READ 16384/34464
RUNTIME_SUMMARY_READ 20480/34464
RUNTIME_SUMMARY_READ 24576/34464
RUNTIME_SUMMARY_READ 28672/34464
RUNTIME_SUMMARY_READ 32768/34464
RUNTIME_COMPLETE timesteps=4308 events=0 status=00000002 capture=<local-project>/code/15_Ethernet_Runtime_Deployment/build/p0_ethernet_20260930_detached/session_2/courtship_ipi_15
INFO: [Labtoolstcl 44-464] Closing hw_target localhost:3121/xilinx_tcf/Digilent/REDACTED_JTAG_SERIAL
INFO: [Common 17-206] Exiting Vivado at Wed Sep 30 13:49:55 2026...
JTAG capture completed.
{
  "output_dir": "E:\\Workspace\\CNS2FPGA\\code\\15_Ethernet_Runtime_Deployment\\build\\p0_ethernet_20260930_detached\\session_2\\courtship_ipi_15_parsed",
  "schema": "cns2fpga.step9.capture",
  "schema_version": 1,
  "timesteps": 4308,
  "period_cycles": 200000,
  "max_latency_cycles": 199699,
  "deadline_miss_steps_by_cycle_count": 0,
  "event_words_parsed": 0,
  "summary_words_sha256": "60e5065fb844c048078fd8aa1b6a299f6860b6a1a2271ee721c77c1cf6fc37f7",
  "event_words_sha256": null,
  "counts_csv_sha256": "341669e5f5ea719fac32458924294cc9191981b7bb22f5261a3ba57ea8d8f64b"
}
{
  "pass": true,
  "ipi_ms": 15,
  "response_window_ms": [
    100,
    1188
  ],
  "fixed_response_spikes": {
    "vPN1": 25,
    "pC1": 611,
    "pIP10": 36,
    "pMP2": 4
  },
  "board_response_spikes": {
    "vPN1": 25,
    "pC1": 611,
    "pIP10": 36,
    "pMP2": 4
  },
  "diagnostic_flag_sums": {
    "state_saturation": 0,
    "accumulator_saturation": 0,
    "deadline_miss": 0,
    "event_overflow": 0
  }
}
{
  "status": "PASS",
  "steps": 4308,
  "epoch": 2,
  "checksum": "45AEAAAE",
  "full_per_step_count_fields_compared": 34464,
  "cycle_different_steps": 642,
  "max_absolute_cycle_delta": 636,
  "max_latency_cycles": 199699,
  "missed_steps": 0,
  "summary_sha256": "60E5065FB844C048078FD8AA1B6A299F6860B6A1A2271EE721C77C1CF6FC37F7"
}
Trial: <local-project>\code\9_KU115 FPGA Validation\host\trials\ipi_35
Steps: 4308, events: 0
Capture: <local-project>\code\15_Ethernet_Runtime_Deployment\build\p0_ethernet_20260930_detached\session_2\courtship_ipi_35
Vivado: E:\Xilinx\Vivado\2021.2\bin\vivado.bat

****** Vivado v2021.2 (64-bit)
  **** SW Build 3367213 on Tue Oct 19 02:48:09 MDT 2021
  **** IP Build 3369179 on Thu Oct 21 08:25:16 MDT 2021
    ** Copyright 1986-2021 Xilinx, Inc. All Rights Reserved.

source {<local-project>\code\14_Runtime Reconfigurable Deployment\host\run_runtime_trial.tcl} -notrace
INFO: [Labtools 27-2285] Connecting to hw_server url TCP:localhost:3121
INFO: [Labtools 27-3415] Connecting to cs_server url TCP:localhost:3042
INFO: [Labtools 27-3414] Connected to existing cs_server.
INFO: [Labtoolstcl 44-466] Opening hw_target localhost:3121/xilinx_tcf/Digilent/REDACTED_JTAG_SERIAL
INFO: [Labtools 27-2302] Device xcku115 (JTAG device index = 0) is programmed with a design that has 1 JTAG AXI core(s).
RUNTIME_TARGET localhost:3121/xilinx_tcf/Digilent/REDACTED_JTAG_SERIAL
RUNTIME_DEVICE xcku115_0
RUNTIME_AXI hw_axi_1
INFO: [Labtoolstcl 44-481] READ DATA is: 434e5352
INFO: [Labtoolstcl 44-481] READ DATA is: 00000001
INFO: [Labtoolstcl 44-481] READ DATA is: 00001887
INFO: [Labtoolstcl 44-481] READ DATA is: 00000002
INFO: [Labtoolstcl 44-481] WRITE DATA is: 000010D4
INFO: [Labtoolstcl 44-481] WRITE DATA is: 00030D40
INFO: [Labtoolstcl 44-481] WRITE DATA is: 00000000
RUNTIME_LOADING timesteps=4308 capture_events=0
INFO: [Labtoolstcl 44-481] WRITE DATA is: 00000000
INFO: [Labtoolstcl 44-481] WRITE DATA is: 00000000
INFO: [Labtoolstcl 44-481] WRITE DATA is: 00000000
INFO: [Labtoolstcl 44-481] WRITE DATA is: 00000000
INFO: [Labtoolstcl 44-481] WRITE DATA is: 00000000
INFO: [Labtoolstcl 44-481] WRITE DATA is: 00000000
INFO: [Labtoolstcl 44-481] WRITE DATA is: 00000000
INFO: [Labtoolstcl 44-481] WRITE DATA is: 00000000
INFO: [Labtoolstcl 44-481] WRITE DATA is: 00000000
INFO: [Labtoolstcl 44-481] WRITE DATA is: 00000000
INFO: [Labtoolstcl 44-481] WRITE DATA is: 00000000
INFO: [Labtoolstcl 44-481] WRITE DATA is: 00000000
INFO: [Labtoolstcl 44-481] WRITE DATA is: 00000000
INFO: [Labtoolstcl 44-481] WRITE DATA is: 00000000
INFO: [Labtoolstcl 44-481] WRITE DATA is: 00000000
INFO: [Labtoolstcl 44-481] WRITE DATA is: 00000000
INFO: [Labtoolstcl 44-481] WRITE DATA is: 00000000
INFO: [Labtoolstcl 44-481] WRITE DATA is: 00000000
INFO: [Labtoolstcl 44-481] WRITE DATA is: 00000000
INFO: [Labtoolstcl 44-481] WRITE DATA is: 00000000
INFO: [Labtoolstcl 44-481] WRITE DATA is: 00000000
INFO: [Labtoolstcl 44-481] WRITE DATA is: 00000000
INFO: [Labtoolstcl 44-481] WRITE DATA is: 00000000
INFO: [Labtoolstcl 44-481] WRITE DATA is: 00000000
INFO: [Labtoolstcl 44-481] WRITE DATA is: 00000000
INFO: [Labtoolstcl 44-481] WRITE DATA is: 00000000
INFO: [Labtoolstcl 44-481] WRITE DATA is: 00000000
INFO: [Labtoolstcl 44-481] WRITE DATA is: 00000000
INFO: [Labtoolstcl 44-481] WRITE DATA is: 00000000
INFO: [Labtoolstcl 44-481] WRITE DATA is: 00000000
INFO: [Labtoolstcl 44-481] WRITE DATA is: 00000000
INFO: [Labtoolstcl 44-481] WRITE DATA is: 00000000
INFO: [Labtoolstcl 44-481] WRITE DATA is: 00000000
INFO: [Labtoolstcl 44-481] WRITE DATA is: 00000000
INFO: [Labtoolstcl 44-481] WRITE DATA is: 00000000
INFO: [Labtoolstcl 44-481] WRITE DATA is: 00000000
INFO: [Labtoolstcl 44-481] WRITE DATA is: 00000000
INFO: [Labtoolstcl 44-481] WRITE DATA is: 00000000
INFO: [Labtoolstcl 44-481] WRITE DATA is: 00000000
INFO: [Labtoolstcl 44-481] WRITE DATA is: 00000000
INFO: [Labtoolstcl 44-481] WRITE DATA is: 00000000
INFO: [Labtoolstcl 44-481] WRITE DATA is: 00000000
INFO: [Labtoolstcl 44-481] WRITE DATA is: 00000000
INFO: [Labtoolstcl 44-481] WRITE DATA is: 00000000
INFO: [Labtoolstcl 44-481] WRITE DATA is: 00000000
INFO: [Labtoolstcl 44-481] WRITE DATA is: 00000000
INFO: [Labtoolstcl 44-481] WRITE DATA is: 00000000
INFO: [Labtoolstcl 44-481] WRITE DATA is: 00000000
INFO: [Labtoolstcl 44-481] WRITE DATA is: 00000000
INFO: [Labtoolstcl 44-481] WRITE DATA is: 00000000
INFO: [Labtoolstcl 44-481] WRITE DATA is: 00000000
INFO: [Labtoolstcl 44-481] WRITE DATA is: 00000000
INFO: [Labtoolstcl 44-481] WRITE DATA is: 00000000
INFO: [Labtoolstcl 44-481] WRITE DATA is: 00000000
INFO: [Labtoolstcl 44-481] WRITE DATA is: 00000000
INFO: [Labtoolstcl 44-481] WRITE DATA is: 00000000
INFO: [Labtoolstcl 44-481] WRITE DATA is: 00000000
INFO: [Labtoolstcl 44-481] WRITE DATA is: 00000000
INFO: [Labtoolstcl 44-481] WRITE DATA is: 00000000
INFO: [Labtoolstcl 44-481] WRITE DATA is: 00000000
INFO: [Labtoolstcl 44-481] WRITE DATA is: 00000000
INFO: [Labtoolstcl 44-481] WRITE DATA is: 00000000
INFO: [Labtoolstcl 44-481] WRITE DATA is: 00000000
INFO: [Labtoolstcl 44-481] WRITE DATA is: 00000000
INFO: [Labtoolstcl 44-481] WRITE DATA is: 00000000
INFO: [Labtoolstcl 44-481] WRITE DATA is: 00000000
INFO: [Labtoolstcl 44-481] WRITE DATA is: 00000000
INFO: [Labtoolstcl 44-481] WRITE DATA is: 00000000
INFO: [Labtoolstcl 44-481] WRITE DATA is: 00000000
INFO: [Labtoolstcl 44-481] WRITE DATA is: 00000000
INFO: [Labtoolstcl 44-481] WRITE DATA is: 00000000
INFO: [Labtoolstcl 44-481] WRITE DATA is: 00000000
INFO: [Labtoolstcl 44-481] WRITE DATA is: 00000000
INFO: [Labtoolstcl 44-481] WRITE DATA is: 00000000
INFO: [Labtoolstcl 44-481] WRITE DATA is: 00000000
INFO: [Labtoolstcl 44-481] WRITE DATA is: 00000000
INFO: [Labtoolstcl 44-481] WRITE DATA is: 00000000
INFO: [Labtoolstcl 44-481] WRITE DATA is: 00000000
INFO: [Labtoolstcl 44-481] WRITE DATA is: 00000000
INFO: [Labtoolstcl 44-481] WRITE DATA is: 00000000
INFO: [Labtoolstcl 44-481] WRITE DATA is: 00000000
INFO: [Labtoolstcl 44-481] WRITE DATA is: 00000000
INFO: [Labtoolstcl 44-481] WRITE DATA is: 00000000
INFO: [Labtoolstcl 44-481] WRITE DATA is: 00000000
INFO: [Labtoolstcl 44-481] WRITE DATA is: 00000000
INFO: [Labtoolstcl 44-481] WRITE DATA is: 00000000
INFO: [Labtoolstcl 44-481] WRITE DATA is: 00000000
INFO: [Labtoolstcl 44-481] WRITE DATA is: 00000000
INFO: [Labtoolstcl 44-481] WRITE DATA is: 00000000
INFO: [Labtoolstcl 44-481] WRITE DATA is: 00000000
INFO: [Labtoolstcl 44-481] WRITE DATA is: 00000000
INFO: [Labtoolstcl 44-481] WRITE DATA is: 00000000
INFO: [Labtoolstcl 44-481] WRITE DATA is: 00000000
INFO: [Common 17-14] Message 'Labtoolstcl 44-481' appears 100 times and further instances of the messages will be disabled. Use the Tcl command set_msg_config to change the current settings.
RUNTIME_LOADED 512/4308
RUNTIME_LOADED 1024/4308
RUNTIME_LOADED 1536/4308
RUNTIME_LOADED 2048/4308
RUNTIME_LOADED 2560/4308
RUNTIME_LOADED 3072/4308
RUNTIME_LOADED 3584/4308
RUNTIME_LOADED 4096/4308
RUNTIME_LOADED 4308/4308
RUNTIME_SUMMARY_READ 4096/34464
RUNTIME_SUMMARY_READ 8192/34464
RUNTIME_SUMMARY_READ 12288/34464
RUNTIME_SUMMARY_READ 16384/34464
RUNTIME_SUMMARY_READ 20480/34464
RUNTIME_SUMMARY_READ 24576/34464
RUNTIME_SUMMARY_READ 28672/34464
RUNTIME_SUMMARY_READ 32768/34464
RUNTIME_COMPLETE timesteps=4308 events=0 status=00000002 capture=<local-project>/code/15_Ethernet_Runtime_Deployment/build/p0_ethernet_20260930_detached/session_2/courtship_ipi_35
INFO: [Labtoolstcl 44-464] Closing hw_target localhost:3121/xilinx_tcf/Digilent/REDACTED_JTAG_SERIAL
INFO: [Common 17-206] Exiting Vivado at Wed Sep 30 13:53:26 2026...
JTAG capture completed.
{
  "output_dir": "E:\\Workspace\\CNS2FPGA\\code\\15_Ethernet_Runtime_Deployment\\build\\p0_ethernet_20260930_detached\\session_2\\courtship_ipi_35_parsed",
  "schema": "cns2fpga.step9.capture",
  "schema_version": 1,
  "timesteps": 4308,
  "period_cycles": 200000,
  "max_latency_cycles": 199699,
  "deadline_miss_steps_by_cycle_count": 0,
  "event_words_parsed": 0,
  "summary_words_sha256": "aaa83ccd3c4ffe39b6f86425a04d3369a7602a94740985c6add983163ad425e2",
  "event_words_sha256": null,
  "counts_csv_sha256": "fb9ca47d7bfe8e77f88c658bf6d5c5a00d58b6485eb6f5ce7d2c5919d994f4ac"
}
{
  "pass": true,
  "ipi_ms": 35,
  "response_window_ms": [
    100,
    1968
  ],
  "fixed_response_spikes": {
    "vPN1": 222,
    "pC1": 1735,
    "pIP10": 109,
    "pMP2": 9
  },
  "board_response_spikes": {
    "vPN1": 222,
    "pC1": 1735,
    "pIP10": 109,
    "pMP2": 9
  },
  "diagnostic_flag_sums": {
    "state_saturation": 0,
    "accumulator_saturation": 0,
    "deadline_miss": 0,
    "event_overflow": 0
  }
}
{
  "status": "PASS",
  "steps": 4308,
  "epoch": 2,
  "checksum": "45AEAAAE",
  "full_per_step_count_fields_compared": 34464,
  "cycle_different_steps": 721,
  "max_absolute_cycle_delta": 636,
  "max_latency_cycles": 199699,
  "missed_steps": 0,
  "summary_sha256": "AAA83CCD3C4FFE39B6F86425A04D3369A7602A94740985C6ADD983163AD425E2"
}
Trial: <local-project>\code\9_KU115 FPGA Validation\host\trials\ipi_65
Steps: 4308, events: 0
Capture: <local-project>\code\15_Ethernet_Runtime_Deployment\build\p0_ethernet_20260930_detached\session_2\courtship_ipi_65
Vivado: E:\Xilinx\Vivado\2021.2\bin\vivado.bat

****** Vivado v2021.2 (64-bit)
  **** SW Build 3367213 on Tue Oct 19 02:48:09 MDT 2021
  **** IP Build 3369179 on Thu Oct 21 08:25:16 MDT 2021
    ** Copyright 1986-2021 Xilinx, Inc. All Rights Reserved.

source {<local-project>\code\14_Runtime Reconfigurable Deployment\host\run_runtime_trial.tcl} -notrace
INFO: [Labtools 27-2285] Connecting to hw_server url TCP:localhost:3121
INFO: [Labtools 27-3415] Connecting to cs_server url TCP:localhost:3042
INFO: [Labtools 27-3414] Connected to existing cs_server.
INFO: [Labtoolstcl 44-466] Opening hw_target localhost:3121/xilinx_tcf/Digilent/REDACTED_JTAG_SERIAL
INFO: [Labtools 27-2302] Device xcku115 (JTAG device index = 0) is programmed with a design that has 1 JTAG AXI core(s).
RUNTIME_TARGET localhost:3121/xilinx_tcf/Digilent/REDACTED_JTAG_SERIAL
RUNTIME_DEVICE xcku115_0
RUNTIME_AXI hw_axi_1
INFO: [Labtoolstcl 44-481] READ DATA is: 434e5352
INFO: [Labtoolstcl 44-481] READ DATA is: 00000001
INFO: [Labtoolstcl 44-481] READ DATA is: 00001887
INFO: [Labtoolstcl 44-481] READ DATA is: 00000002
INFO: [Labtoolstcl 44-481] WRITE DATA is: 000010D4
INFO: [Labtoolstcl 44-481] WRITE DATA is: 00030D40
INFO: [Labtoolstcl 44-481] WRITE DATA is: 00000000
RUNTIME_LOADING timesteps=4308 capture_events=0
INFO: [Labtoolstcl 44-481] WRITE DATA is: 00000000
INFO: [Labtoolstcl 44-481] WRITE DATA is: 00000000
INFO: [Labtoolstcl 44-481] WRITE DATA is: 00000000
INFO: [Labtoolstcl 44-481] WRITE DATA is: 00000000
INFO: [Labtoolstcl 44-481] WRITE DATA is: 00000000
INFO: [Labtoolstcl 44-481] WRITE DATA is: 00000000
INFO: [Labtoolstcl 44-481] WRITE DATA is: 00000000
INFO: [Labtoolstcl 44-481] WRITE DATA is: 00000000
INFO: [Labtoolstcl 44-481] WRITE DATA is: 00000000
INFO: [Labtoolstcl 44-481] WRITE DATA is: 00000000
INFO: [Labtoolstcl 44-481] WRITE DATA is: 00000000
INFO: [Labtoolstcl 44-481] WRITE DATA is: 00000000
INFO: [Labtoolstcl 44-481] WRITE DATA is: 00000000
INFO: [Labtoolstcl 44-481] WRITE DATA is: 00000000
INFO: [Labtoolstcl 44-481] WRITE DATA is: 00000000
INFO: [Labtoolstcl 44-481] WRITE DATA is: 00000000
INFO: [Labtoolstcl 44-481] WRITE DATA is: 00000000
INFO: [Labtoolstcl 44-481] WRITE DATA is: 00000000
INFO: [Labtoolstcl 44-481] WRITE DATA is: 00000000
INFO: [Labtoolstcl 44-481] WRITE DATA is: 00000000
INFO: [Labtoolstcl 44-481] WRITE DATA is: 00000000
INFO: [Labtoolstcl 44-481] WRITE DATA is: 00000000
INFO: [Labtoolstcl 44-481] WRITE DATA is: 00000000
INFO: [Labtoolstcl 44-481] WRITE DATA is: 00000000
INFO: [Labtoolstcl 44-481] WRITE DATA is: 00000000
INFO: [Labtoolstcl 44-481] WRITE DATA is: 00000000
INFO: [Labtoolstcl 44-481] WRITE DATA is: 00000000
INFO: [Labtoolstcl 44-481] WRITE DATA is: 00000000
INFO: [Labtoolstcl 44-481] WRITE DATA is: 00000000
INFO: [Labtoolstcl 44-481] WRITE DATA is: 00000000
INFO: [Labtoolstcl 44-481] WRITE DATA is: 00000000
INFO: [Labtoolstcl 44-481] WRITE DATA is: 00000000
INFO: [Labtoolstcl 44-481] WRITE DATA is: 00000000
INFO: [Labtoolstcl 44-481] WRITE DATA is: 00000000
INFO: [Labtoolstcl 44-481] WRITE DATA is: 00000000
INFO: [Labtoolstcl 44-481] WRITE DATA is: 00000000
INFO: [Labtoolstcl 44-481] WRITE DATA is: 00000000
INFO: [Labtoolstcl 44-481] WRITE DATA is: 00000000
INFO: [Labtoolstcl 44-481] WRITE DATA is: 00000000
INFO: [Labtoolstcl 44-481] WRITE DATA is: 00000000
INFO: [Labtoolstcl 44-481] WRITE DATA is: 00000000
INFO: [Labtoolstcl 44-481] WRITE DATA is: 00000000
INFO: [Labtoolstcl 44-481] WRITE DATA is: 00000000
INFO: [Labtoolstcl 44-481] WRITE DATA is: 00000000
INFO: [Labtoolstcl 44-481] WRITE DATA is: 00000000
INFO: [Labtoolstcl 44-481] WRITE DATA is: 00000000
INFO: [Labtoolstcl 44-481] WRITE DATA is: 00000000
INFO: [Labtoolstcl 44-481] WRITE DATA is: 00000000
INFO: [Labtoolstcl 44-481] WRITE DATA is: 00000000
INFO: [Labtoolstcl 44-481] WRITE DATA is: 00000000
INFO: [Labtoolstcl 44-481] WRITE DATA is: 00000000
INFO: [Labtoolstcl 44-481] WRITE DATA is: 00000000
INFO: [Labtoolstcl 44-481] WRITE DATA is: 00000000
INFO: [Labtoolstcl 44-481] WRITE DATA is: 00000000
INFO: [Labtoolstcl 44-481] WRITE DATA is: 00000000
INFO: [Labtoolstcl 44-481] WRITE DATA is: 00000000
INFO: [Labtoolstcl 44-481] WRITE DATA is: 00000000
INFO: [Labtoolstcl 44-481] WRITE DATA is: 00000000
INFO: [Labtoolstcl 44-481] WRITE DATA is: 00000000
INFO: [Labtoolstcl 44-481] WRITE DATA is: 00000000
INFO: [Labtoolstcl 44-481] WRITE DATA is: 00000000
INFO: [Labtoolstcl 44-481] WRITE DATA is: 00000000
INFO: [Labtoolstcl 44-481] WRITE DATA is: 00000000
INFO: [Labtoolstcl 44-481] WRITE DATA is: 00000000
INFO: [Labtoolstcl 44-481] WRITE DATA is: 00000000
INFO: [Labtoolstcl 44-481] WRITE DATA is: 00000000
INFO: [Labtoolstcl 44-481] WRITE DATA is: 00000000
INFO: [Labtoolstcl 44-481] WRITE DATA is: 00000000
INFO: [Labtoolstcl 44-481] WRITE DATA is: 00000000
INFO: [Labtoolstcl 44-481] WRITE DATA is: 00000000
INFO: [Labtoolstcl 44-481] WRITE DATA is: 00000000
INFO: [Labtoolstcl 44-481] WRITE DATA is: 00000000
INFO: [Labtoolstcl 44-481] WRITE DATA is: 00000000
INFO: [Labtoolstcl 44-481] WRITE DATA is: 00000000
INFO: [Labtoolstcl 44-481] WRITE DATA is: 00000000
INFO: [Labtoolstcl 44-481] WRITE DATA is: 00000000
INFO: [Labtoolstcl 44-481] WRITE DATA is: 00000000
INFO: [Labtoolstcl 44-481] WRITE DATA is: 00000000
INFO: [Labtoolstcl 44-481] WRITE DATA is: 00000000
INFO: [Labtoolstcl 44-481] WRITE DATA is: 00000000
INFO: [Labtoolstcl 44-481] WRITE DATA is: 00000000
INFO: [Labtoolstcl 44-481] WRITE DATA is: 00000000
INFO: [Labtoolstcl 44-481] WRITE DATA is: 00000000
INFO: [Labtoolstcl 44-481] WRITE DATA is: 00000000
INFO: [Labtoolstcl 44-481] WRITE DATA is: 00000000
INFO: [Labtoolstcl 44-481] WRITE DATA is: 00000000
INFO: [Labtoolstcl 44-481] WRITE DATA is: 00000000
INFO: [Labtoolstcl 44-481] WRITE DATA is: 00000000
INFO: [Labtoolstcl 44-481] WRITE DATA is: 00000000
INFO: [Labtoolstcl 44-481] WRITE DATA is: 00000000
INFO: [Labtoolstcl 44-481] WRITE DATA is: 00000000
INFO: [Labtoolstcl 44-481] WRITE DATA is: 00000000
INFO: [Labtoolstcl 44-481] WRITE DATA is: 00000000
INFO: [Common 17-14] Message 'Labtoolstcl 44-481' appears 100 times and further instances of the messages will be disabled. Use the Tcl command set_msg_config to change the current settings.
RUNTIME_LOADED 512/4308
RUNTIME_LOADED 1024/4308
RUNTIME_LOADED 1536/4308
RUNTIME_LOADED 2048/4308
RUNTIME_LOADED 2560/4308
RUNTIME_LOADED 3072/4308
RUNTIME_LOADED 3584/4308
RUNTIME_LOADED 4096/4308
RUNTIME_LOADED 4308/4308
RUNTIME_SUMMARY_READ 4096/34464
RUNTIME_SUMMARY_READ 8192/34464
RUNTIME_SUMMARY_READ 12288/34464
RUNTIME_SUMMARY_READ 16384/34464
RUNTIME_SUMMARY_READ 20480/34464
RUNTIME_SUMMARY_READ 24576/34464
RUNTIME_SUMMARY_READ 28672/34464
RUNTIME_SUMMARY_READ 32768/34464
RUNTIME_COMPLETE timesteps=4308 events=0 status=00000002 capture=<local-project>/code/15_Ethernet_Runtime_Deployment/build/p0_ethernet_20260930_detached/session_2/courtship_ipi_65
INFO: [Labtoolstcl 44-464] Closing hw_target localhost:3121/xilinx_tcf/Digilent/REDACTED_JTAG_SERIAL
INFO: [Common 17-206] Exiting Vivado at Wed Sep 30 13:56:47 2026...
JTAG capture completed.
{
  "output_dir": "E:\\Workspace\\CNS2FPGA\\code\\15_Ethernet_Runtime_Deployment\\build\\p0_ethernet_20260930_detached\\session_2\\courtship_ipi_65_parsed",
  "schema": "cns2fpga.step9.capture",
  "schema_version": 1,
  "timesteps": 4308,
  "period_cycles": 200000,
  "max_latency_cycles": 199699,
  "deadline_miss_steps_by_cycle_count": 0,
  "event_words_parsed": 0,
  "summary_words_sha256": "c081ca7eea83a6cc184d14e68ab1e51898da4b6f65cb83c8699da3baa18d8396",
  "event_words_sha256": null,
  "counts_csv_sha256": "94b7da5132fc0d004fb217359fa6f93cae9f2aecac22f164ea24d0930dd2793a"
}
{
  "pass": true,
  "ipi_ms": 65,
  "response_window_ms": [
    100,
    3138
  ],
  "fixed_response_spikes": {
    "vPN1": 244,
    "pC1": 2326,
    "pIP10": 83,
    "pMP2": 57
  },
  "board_response_spikes": {
    "vPN1": 244,
    "pC1": 2326,
    "pIP10": 83,
    "pMP2": 57
  },
  "diagnostic_flag_sums": {
    "state_saturation": 0,
    "accumulator_saturation": 0,
    "deadline_miss": 0,
    "event_overflow": 0
  }
}
{
  "status": "PASS",
  "steps": 4308,
  "epoch": 2,
  "checksum": "45AEAAAE",
  "full_per_step_count_fields_compared": 34464,
  "cycle_different_steps": 701,
  "max_absolute_cycle_delta": 636,
  "max_latency_cycles": 199699,
  "missed_steps": 0,
  "summary_sha256": "C081CA7EEA83A6CC184D14E68AB1E51898DA4B6F65CB83C8699DA3BAA18D8396"
}
P0_UDP_BEGIN_PASS ack_status=0 image_status=0x00000002
P0_UDP_PARTIAL_DATA_PASS ack_status=0 image_status=0x00000002
P0_UDP_HOST_INTERRUPTED_PASS; close socket before COMMIT
P0_UDP_PARTIAL_STATE_PASS ack_status=0 image_status=0x00000002
P0_UDP_INCOMPLETE_REJECT_PASS ack_status=3 image_status=0x00000016
P0_UDP_RESTART_BEGIN_PASS ack_status=0 image_status=0x00000002
P0_UDP_BAD_POST_REJECT_PASS ack_status=3 image_status=0x00000066
P0_UDP_RECOVERY_REQUIRED: upload a valid image with the normal uploader
PREFLIGHT neurons=226 synapses=1730 words=4816 packets=81 checksum=6C233D31
ETHERNET_IMAGE_COMMIT_PASS words=4816 checksum=6C233D31
Trial: <local-project>\code\12_Visual-to-Steering Circuit\outputs\visual_left_board_v0\trial
Steps: 250, events: 1
Capture: <local-project>\code\15_Ethernet_Runtime_Deployment\build\p0_ethernet_20260930_detached\session_2\visual_recovered_250
Vivado: E:\Xilinx\Vivado\2021.2\bin\vivado.bat

****** Vivado v2021.2 (64-bit)
  **** SW Build 3367213 on Tue Oct 19 02:48:09 MDT 2021
  **** IP Build 3369179 on Thu Oct 21 08:25:16 MDT 2021
    ** Copyright 1986-2021 Xilinx, Inc. All Rights Reserved.

source {<local-project>\code\14_Runtime Reconfigurable Deployment\host\run_runtime_trial.tcl} -notrace
INFO: [Labtools 27-2285] Connecting to hw_server url TCP:localhost:3121
INFO: [Labtools 27-3415] Connecting to cs_server url TCP:localhost:3042
INFO: [Labtools 27-3414] Connected to existing cs_server.
INFO: [Labtoolstcl 44-466] Opening hw_target localhost:3121/xilinx_tcf/Digilent/REDACTED_JTAG_SERIAL
INFO: [Labtools 27-2302] Device xcku115 (JTAG device index = 0) is programmed with a design that has 1 JTAG AXI core(s).
RUNTIME_TARGET localhost:3121/xilinx_tcf/Digilent/REDACTED_JTAG_SERIAL
RUNTIME_DEVICE xcku115_0
RUNTIME_AXI hw_axi_1
INFO: [Labtoolstcl 44-481] READ DATA is: 434e5352
INFO: [Labtoolstcl 44-481] READ DATA is: 00000001
INFO: [Labtoolstcl 44-481] READ DATA is: 000000e2
INFO: [Labtoolstcl 44-481] READ DATA is: 00000002
INFO: [Labtoolstcl 44-481] WRITE DATA is: 000000FA
INFO: [Labtoolstcl 44-481] WRITE DATA is: 00030D40
INFO: [Labtoolstcl 44-481] WRITE DATA is: 00000001
RUNTIME_LOADING timesteps=250 capture_events=1
INFO: [Labtoolstcl 44-481] WRITE DATA is: 00000000
INFO: [Labtoolstcl 44-481] WRITE DATA is: 00000000
INFO: [Labtoolstcl 44-481] WRITE DATA is: 00000000
INFO: [Labtoolstcl 44-481] WRITE DATA is: 00000000
INFO: [Labtoolstcl 44-481] WRITE DATA is: 00000000
INFO: [Labtoolstcl 44-481] WRITE DATA is: 00000000
INFO: [Labtoolstcl 44-481] WRITE DATA is: 00000000
INFO: [Labtoolstcl 44-481] WRITE DATA is: 00000000
INFO: [Labtoolstcl 44-481] WRITE DATA is: 00000000
INFO: [Labtoolstcl 44-481] WRITE DATA is: 00000000
INFO: [Labtoolstcl 44-481] WRITE DATA is: 00000000
INFO: [Labtoolstcl 44-481] WRITE DATA is: 00000000
INFO: [Labtoolstcl 44-481] WRITE DATA is: 00000000
INFO: [Labtoolstcl 44-481] WRITE DATA is: 00000000
INFO: [Labtoolstcl 44-481] WRITE DATA is: 00000000
INFO: [Labtoolstcl 44-481] WRITE DATA is: 00000000
INFO: [Labtoolstcl 44-481] WRITE DATA is: 00000000
INFO: [Labtoolstcl 44-481] WRITE DATA is: 00000000
INFO: [Labtoolstcl 44-481] WRITE DATA is: 00000000
INFO: [Labtoolstcl 44-481] WRITE DATA is: 00000000
INFO: [Labtoolstcl 44-481] WRITE DATA is: 00000000
INFO: [Labtoolstcl 44-481] WRITE DATA is: 00000000
INFO: [Labtoolstcl 44-481] WRITE DATA is: 00000000
INFO: [Labtoolstcl 44-481] WRITE DATA is: 00000000
INFO: [Labtoolstcl 44-481] WRITE DATA is: 00000000
INFO: [Labtoolstcl 44-481] WRITE DATA is: 00000000
INFO: [Labtoolstcl 44-481] WRITE DATA is: 00000000
INFO: [Labtoolstcl 44-481] WRITE DATA is: 00000000
INFO: [Labtoolstcl 44-481] WRITE DATA is: 00000000
INFO: [Labtoolstcl 44-481] WRITE DATA is: 00000000
INFO: [Labtoolstcl 44-481] WRITE DATA is: 00000000
INFO: [Labtoolstcl 44-481] WRITE DATA is: 00000000
INFO: [Labtoolstcl 44-481] WRITE DATA is: 00000000
INFO: [Labtoolstcl 44-481] WRITE DATA is: 00000000
INFO: [Labtoolstcl 44-481] WRITE DATA is: 00000000
INFO: [Labtoolstcl 44-481] WRITE DATA is: 00000000
INFO: [Labtoolstcl 44-481] WRITE DATA is: 00000000
INFO: [Labtoolstcl 44-481] WRITE DATA is: 00000000
INFO: [Labtoolstcl 44-481] WRITE DATA is: 00000000
INFO: [Labtoolstcl 44-481] WRITE DATA is: 00000000
INFO: [Labtoolstcl 44-481] WRITE DATA is: 01333333
INFO: [Labtoolstcl 44-481] WRITE DATA is: 00000000
INFO: [Labtoolstcl 44-481] WRITE DATA is: 01333333
INFO: [Labtoolstcl 44-481] WRITE DATA is: 00000000
INFO: [Labtoolstcl 44-481] WRITE DATA is: 01333333
INFO: [Labtoolstcl 44-481] WRITE DATA is: 00000000
INFO: [Labtoolstcl 44-481] WRITE DATA is: 00000000
INFO: [Labtoolstcl 44-481] WRITE DATA is: 00000000
INFO: [Labtoolstcl 44-481] WRITE DATA is: 00000000
INFO: [Labtoolstcl 44-481] WRITE DATA is: 00000000
INFO: [Labtoolstcl 44-481] WRITE DATA is: 00000000
INFO: [Labtoolstcl 44-481] WRITE DATA is: 00000000
INFO: [Labtoolstcl 44-481] WRITE DATA is: 00000000
INFO: [Labtoolstcl 44-481] WRITE DATA is: 00000000
INFO: [Labtoolstcl 44-481] WRITE DATA is: 00000000
INFO: [Labtoolstcl 44-481] WRITE DATA is: 00000000
INFO: [Labtoolstcl 44-481] WRITE DATA is: 00000000
INFO: [Labtoolstcl 44-481] WRITE DATA is: 00000000
INFO: [Labtoolstcl 44-481] WRITE DATA is: 00000000
INFO: [Labtoolstcl 44-481] WRITE DATA is: 00000000
INFO: [Labtoolstcl 44-481] WRITE DATA is: 00000000
INFO: [Labtoolstcl 44-481] WRITE DATA is: 00000000
INFO: [Labtoolstcl 44-481] WRITE DATA is: 00000000
INFO: [Labtoolstcl 44-481] WRITE DATA is: 00000000
INFO: [Labtoolstcl 44-481] WRITE DATA is: 00000000
INFO: [Labtoolstcl 44-481] WRITE DATA is: 00000000
INFO: [Labtoolstcl 44-481] WRITE DATA is: 00000000
INFO: [Labtoolstcl 44-481] WRITE DATA is: 00000000
INFO: [Labtoolstcl 44-481] WRITE DATA is: 00000000
INFO: [Labtoolstcl 44-481] WRITE DATA is: 00000000
INFO: [Labtoolstcl 44-481] WRITE DATA is: 00000000
INFO: [Labtoolstcl 44-481] WRITE DATA is: 00000000
INFO: [Labtoolstcl 44-481] WRITE DATA is: 00000000
INFO: [Labtoolstcl 44-481] WRITE DATA is: 00000000
INFO: [Labtoolstcl 44-481] WRITE DATA is: 00000000
INFO: [Labtoolstcl 44-481] WRITE DATA is: 00000000
INFO: [Labtoolstcl 44-481] WRITE DATA is: 00000000
INFO: [Labtoolstcl 44-481] WRITE DATA is: 00000000
INFO: [Labtoolstcl 44-481] WRITE DATA is: 00000000
INFO: [Labtoolstcl 44-481] WRITE DATA is: 00000000
INFO: [Labtoolstcl 44-481] WRITE DATA is: 00000000
INFO: [Labtoolstcl 44-481] WRITE DATA is: 00000000
INFO: [Labtoolstcl 44-481] WRITE DATA is: 00000000
INFO: [Labtoolstcl 44-481] WRITE DATA is: 00000000
INFO: [Labtoolstcl 44-481] WRITE DATA is: 00000000
INFO: [Labtoolstcl 44-481] WRITE DATA is: 00000000
INFO: [Labtoolstcl 44-481] WRITE DATA is: 00000000
INFO: [Labtoolstcl 44-481] WRITE DATA is: 00000000
INFO: [Labtoolstcl 44-481] WRITE DATA is: 00000000
INFO: [Labtoolstcl 44-481] WRITE DATA is: 00000000
INFO: [Labtoolstcl 44-481] WRITE DATA is: 00000000
INFO: [Labtoolstcl 44-481] WRITE DATA is: 00000000
INFO: [Labtoolstcl 44-481] WRITE DATA is: 00000000
INFO: [Common 17-14] Message 'Labtoolstcl 44-481' appears 100 times and further instances of the messages will be disabled. Use the Tcl command set_msg_config to change the current settings.
RUNTIME_LOADED 250/250
RUNTIME_COMPLETE timesteps=250 events=560 status=00000002 capture=<local-project>/code/15_Ethernet_Runtime_Deployment/build/p0_ethernet_20260930_detached/session_2/visual_recovered_250
INFO: [Labtoolstcl 44-464] Closing hw_target localhost:3121/xilinx_tcf/Digilent/REDACTED_JTAG_SERIAL
INFO: [Common 17-206] Exiting Vivado at Wed Sep 30 13:57:12 2026...
JTAG capture completed.
{
  "status": "PASS",
  "steps": 250,
  "image_epoch": 3,
  "image_checksum": "6C233D31",
  "max_latency_cycles": 4548,
  "ordered_events_compared": 560
}
ETHERNET_P0_SESSION_PASS session=2
ETHERNET_P0_CAMPAIGN_PASS sessions=2 output=<local-project>\code\15_Ethernet_Runtime_Deployment\build\p0_ethernet_20260930_detached
