Number,Neuron ID,Score,Matched Pixels,Library,Sex,Alignment Space,Anatomical Area,Neuron Type,Neuron Instance,source_file,bodyId,v1_type,v1_instance,v1_somaSide,v1_synonyms,v1_fruDsx,v1_status,v1_flywireType,v1_hemibrainType,annotation_join,neuron_index,in_frozen_ir,is_pc1_v1
20,male-cns:v0.9:18017,18007.438,1021,FlyEM_Male_CNS_Brain_v0.9,m,JRC2018_Unisex_20x_HR,Brain,,,20191213_64_H1_Channel2.csv,18017,pC1_3c,pC1_3c_L,L,"Lee 2002, Rideout 2010, Nojima 2021: pC1; Cachero 2010: pMP-e; Yu 2010: pMP4",coexpress_high,Traced,,,both,2055,True,True
26,male-cns:v0.9:19948,17194.506,978,FlyEM_Male_CNS_Brain_v0.9,m,JRC2018_Unisex_20x_HR,Brain,,,20191213_64_H1_Channel2.csv,19948,pC1_3c,pC1_3c_R,R,"Lee 2002, Rideout 2010, Nojima 2021: pC1; Cachero 2010: pMP-e; Yu 2010: pMP4",coexpress_high,Traced,,,both,2318,True,True
32,male-cns:v0.9:20117,15578.224,741,FlyEM_Male_CNS_Brain_v0.9,m,JRC2018_Unisex_20x_HR,Brain,,,20191213_64_H1_Channel2.csv,20117,pC1_4a,pC1_4a_R,R,"Lee 2002, Rideout 2010, Nojima 2021: pC1",dsx_high,Traced,,,both,2341,True,True
35,male-cns:v0.9:12442,15086.6045,757,FlyEM_Male_CNS_Brain_v0.9,m,JRC2018_Unisex_20x_HR,Brain,,,20191213_64_H1_Channel2.csv,12442,pC1_4a,pC1_4a_L,L,"Lee 2002, Rideout 2010, Nojima 2021: pC1",dsx_high,Traced,,,both,913,True,True
40,male-cns:v0.9:20803,14422.22,849,FlyEM_Male_CNS_Brain_v0.9,m,JRC2018_Unisex_20x_HR,Brain,,,20191213_64_H1_Channel2.csv,20803,pC1_4a,pC1_4a_R,R,"Lee 2002, Rideout 2010, Nojima 2021: pC1",dsx_high,Traced,,,both,2427,True,True
54,male-cns:v0.9:19894,12905.252,462,FlyEM_Male_CNS_Brain_v0.9,m,JRC2018_Unisex_20x_HR,Brain,,,20191213_64_H1_Channel2.csv,19894,pC1_3c,pC1_3c_R,R,"Lee 2002, Rideout 2010, Nojima 2021: pC1; Cachero 2010: pMP-e; Yu 2010: pMP4",coexpress_high,Traced,,,both,,False,True
84,male-cns:v0.9:12448,11793.53,558,FlyEM_Male_CNS_Brain_v0.9,m,JRC2018_Unisex_20x_HR,Brain,,,20191213_64_H1_Channel2.csv,12448,pC1_18a,pC1_18a_L,L,"Lee 2002, Rideout 2010, Nojima 2021: pC1",dsx_low,Traced,,,both,916,True,True
87,male-cns:v0.9:170209,11615.83,487,FlyEM_Male_CNS_Brain_v0.9,m,JRC2018_Unisex_20x_HR,Brain,,,20191213_64_H1_Channel2.csv,170209,pC1_19,pC1_19_R,R,"Lee 2002, Rideout 2010, Nojima 2021: pC1",dsx_high,Traced,,,both,4142,True,True
114,male-cns:v0.9:13266,10522.951,794,FlyEM_Male_CNS_Brain_v0.9,m,JRC2018_Unisex_20x_HR,Brain,,,20191213_64_H1_Channel2.csv,13266,pC1_3b,pC1_3b_L,L,"Lee 2002, Rideout 2010, Nojima 2021: pC1; Cachero 2010: pMP-e; Yu 2010: pMP4",coexpress_high,Traced,,,both,1152,True,True
130,male-cns:v0.9:522419,10070.409,787,FlyEM_Male_CNS_Brain_v0.9,m,JRC2018_Unisex_20x_HR,Brain,,,20191213_64_H1_Channel2.csv,522419,pC1_4a,pC1_4a_L,L,"Lee 2002, Rideout 2010, Nojima 2021: pC1",dsx_high,Traced,,,both,4859,True,True
138,male-cns:v0.9:20392,9781.676,682,FlyEM_Male_CNS_Brain_v0.9,m,JRC2018_Unisex_20x_HR,Brain,,,20191213_64_H1_Channel2.csv,20392,pC1_2c,pC1_2c_R,R,"Lee 2002, Rideout 2010, Nojima 2021: pC1; Cachero 2010: pMP-e; Yu 2010: pMP4",coexpress_high,Traced,,,both,2364,True,True
139,male-cns:v0.9:16719,9756.734,689,FlyEM_Male_CNS_Brain_v0.9,m,JRC2018_Unisex_20x_HR,Brain,,,20191213_64_H1_Channel2.csv,16719,pC1_4b,pC1_4b_R,R,"Lee 2002, Rideout 2010, Nojima 2021: pC1",dsx_high,Traced,,,both,1836,True,True
154,male-cns:v0.9:519297,9324.762,642,FlyEM_Male_CNS_Brain_v0.9,m,JRC2018_Unisex_20x_HR,Brain,,,20191213_64_H1_Channel2.csv,519297,pC1_2a,pC1_2a_R,R,"Lee 2002, Rideout 2010, Nojima 2021: pC1; Cachero 2010: pMP-e; Yu 2010: pMP4",coexpress_high,Traced,,,both,,False,True
155,male-cns:v0.9:514925,9314.134,934,FlyEM_Male_CNS_Brain_v0.9,m,JRC2018_Unisex_20x_HR,Brain,,,20191213_64_H1_Channel2.csv,514925,pC1_3b,pC1_3b_R,R,"Lee 2002, Rideout 2010, Nojima 2021: pC1; Cachero 2010: pMP-e; Yu 2010: pMP4",coexpress_high,Traced,,,both,,False,True
166,male-cns:v0.9:18554,9018.335,533,FlyEM_Male_CNS_Brain_v0.9,m,JRC2018_Unisex_20x_HR,Brain,,,20191213_64_H1_Channel2.csv,18554,pC1_12b,pC1_12b_R,R,"Lee 2002, Rideout 2010, Nojima 2021: pC1",dsx_high,Traced,,,both,2125,True,True
187,male-cns:v0.9:98113,8606.435,394,FlyEM_Male_CNS_Brain_v0.9,m,JRC2018_Unisex_20x_HR,Brain,,,20191213_64_H1_Channel2.csv,98113,pC1_19,pC1_19_L,L,"Lee 2002, Rideout 2010, Nojima 2021: pC1",dsx_high,Traced,,,both,3971,True,True
199,male-cns:v0.9:23968,8428.214,526,FlyEM_Male_CNS_Brain_v0.9,m,JRC2018_Unisex_20x_HR,Brain,,,20191213_64_H1_Channel2.csv,23968,pC1_4a,pC1_4a_R,R,"Lee 2002, Rideout 2010, Nojima 2021: pC1",dsx_high,Traced,,,both,2720,True,True
201,male-cns:v0.9:532011,8395.924,292,FlyEM_Male_CNS_Brain_v0.9,m,JRC2018_Unisex_20x_HR,Brain,,,20191213_64_H1_Channel2.csv,532011,pC1_18a,pC1_18a_R,R,"Lee 2002, Rideout 2010, Nojima 2021: pC1",dsx_low,Traced,,,both,,False,True
223,male-cns:v0.9:557035,8074.258,498,FlyEM_Male_CNS_Brain_v0.9,m,JRC2018_Unisex_20x_HR,Brain,,,20191213_64_H1_Channel2.csv,557035,pC1_5b,pC1_5b_L,L,"Lee 2002, Rideout 2010, Nojima 2021: pC1; Cachero 2010: pMP-e; Yu 2010: pMP4",coexpress_high,Traced,,,both,5296,True,True
272,male-cns:v0.9:519518,7323.275,715,FlyEM_Male_CNS_Brain_v0.9,m,JRC2018_Unisex_20x_HR,Brain,,,20191213_64_H1_Channel2.csv,519518,pC1_4a,pC1_4a_L,L,"Lee 2002, Rideout 2010, Nojima 2021: pC1",dsx_high,Traced,,,both,4646,True,True
279,male-cns:v0.9:512011,7200.0947,403,FlyEM_Male_CNS_Brain_v0.9,m,JRC2018_Unisex_20x_HR,Brain,,,20191213_64_H1_Channel2.csv,512011,pC1_12a,pC1_12a_R,R,"Lee 2002, Rideout 2010, Nojima 2021: pC1; Cachero 2010: pMP-e; Yu 2010: pMP4",coexpress_low,Traced,,,both,4267,True,True
293,male-cns:v0.9:18974,7015.28,593,FlyEM_Male_CNS_Brain_v0.9,m,JRC2018_Unisex_20x_HR,Brain,,,20191213_64_H1_Channel2.csv,18974,pC1_3a,pC1_3a_R,R,"Lee 2002, Rideout 2010, Nojima 2021: pC1; Cachero 2010: pMP-e; Yu 2010: pMP4",coexpress_high,Traced,,,both,2182,True,True
327,male-cns:v0.9:26833,6700.7983,422,FlyEM_Male_CNS_Brain_v0.9,m,JRC2018_Unisex_20x_HR,Brain,,,20191213_64_H1_Channel2.csv,26833,pC1_16b,pC1_16b_L,L,"Lee 2002, Rideout 2010, Nojima 2021: pC1; Cachero 2010: pMP-e; Yu 2010: pMP4",coexpress_high,Traced,,,both,,False,True
342,male-cns:v0.9:17089,6609.253,640,FlyEM_Male_CNS_Brain_v0.9,m,JRC2018_Unisex_20x_HR,Brain,,,20191213_64_H1_Channel2.csv,17089,pC1_12b,pC1_12b_R,R,"Lee 2002, Rideout 2010, Nojima 2021: pC1",dsx_high,Traced,,,both,1900,True,True
378,male-cns:v0.9:15329,6317.1533,743,FlyEM_Male_CNS_Brain_v0.9,m,JRC2018_Unisex_20x_HR,Brain,,,20191213_64_H1_Channel2.csv,15329,pC1_2a,pC1_2a_R,R,"Lee 2002, Rideout 2010, Nojima 2021: pC1; Cachero 2010: pMP-e; Yu 2010: pMP4",coexpress_high,Traced,,,both,,False,True
381,male-cns:v0.9:17564,6311.551,709,FlyEM_Male_CNS_Brain_v0.9,m,JRC2018_Unisex_20x_HR,Brain,,,20191213_64_H1_Channel2.csv,17564,pC1_2a,pC1_2a_L,L,"Lee 2002, Rideout 2010, Nojima 2021: pC1; Cachero 2010: pMP-e; Yu 2010: pMP4",coexpress_high,Traced,,,both,,False,True
424,male-cns:v0.9:17867,6029.6206,849,FlyEM_Male_CNS_Brain_v0.9,m,JRC2018_Unisex_20x_HR,Brain,,,20191213_64_H1_Channel2.csv,17867,pC1_4b,pC1_4b_L,L,"Lee 2002, Rideout 2010, Nojima 2021: pC1",dsx_high,Traced,,,both,2029,True,True
435,male-cns:v0.9:29143,5959.7207,748,FlyEM_Male_CNS_Brain_v0.9,m,JRC2018_Unisex_20x_HR,Brain,,,20191213_64_H1_Channel2.csv,29143,pC1_5b,pC1_5b_R,R,"Lee 2002, Rideout 2010, Nojima 2021: pC1; Cachero 2010: pMP-e; Yu 2010: pMP4",coexpress_high,Traced,,,both,3091,True,True
440,male-cns:v0.9:19085,5922.8994,472,FlyEM_Male_CNS_Brain_v0.9,m,JRC2018_Unisex_20x_HR,Brain,,,20191213_64_H1_Channel2.csv,19085,pC1_1a,pC1_1a_R,R,"Lee 2002, Rideout 2010, Nojima 2021: pC1; Cachero 2010: pMP-e; Yu 2010: pMP4",coexpress_high,Traced,,,both,,False,True
453,male-cns:v0.9:70011,5820.2734,599,FlyEM_Male_CNS_Brain_v0.9,m,JRC2018_Unisex_20x_HR,Brain,,,20191213_64_H1_Channel2.csv,70011,pC1_5b,pC1_5b_L,L,"Lee 2002, Rideout 2010, Nojima 2021: pC1; Cachero 2010: pMP-e; Yu 2010: pMP4",coexpress_high,Traced,,,both,3792,True,True
495,male-cns:v0.9:127881,5581.447,431,FlyEM_Male_CNS_Brain_v0.9,m,JRC2018_Unisex_20x_HR,Brain,,,20191213_64_H1_Channel2.csv,127881,pC1_19,pC1_19_L,L,"Lee 2002, Rideout 2010, Nojima 2021: pC1",dsx_high,Traced,,,both,4068,True,True
500,male-cns:v0.9:19650,5564.362,802,FlyEM_Male_CNS_Brain_v0.9,m,JRC2018_Unisex_20x_HR,Brain,,,20191213_64_H1_Channel2.csv,19650,pC1_3a,pC1_3a_L,L,"Lee 2002, Rideout 2010, Nojima 2021: pC1; Cachero 2010: pMP-e; Yu 2010: pMP4",coexpress_high,Traced,,,both,2279,True,True
507,male-cns:v0.9:125721,5540.7124,455,FlyEM_Male_CNS_Brain_v0.9,m,JRC2018_Unisex_20x_HR,Brain,,,20191213_64_H1_Channel2.csv,125721,pC1_19,pC1_19_R,R,"Lee 2002, Rideout 2010, Nojima 2021: pC1",dsx_high,Traced,,,both,4063,True,True
549,male-cns:v0.9:555747,5286.5215,708,FlyEM_Male_CNS_Brain_v0.9,m,JRC2018_Unisex_20x_HR,Brain,,,20191213_64_H1_Channel2.csv,555747,pC1_13c,pC1_13c_R,R,"Lee 2002, Rideout 2010, Nojima 2021: pC1",dsx_high,Traced,,,both,,False,True
567,male-cns:v0.9:68624,5201.6543,563,FlyEM_Male_CNS_Brain_v0.9,m,JRC2018_Unisex_20x_HR,Brain,,,20191213_64_H1_Channel2.csv,68624,pC1_19,pC1_19_L,L,"Lee 2002, Rideout 2010, Nojima 2021: pC1",dsx_high,Traced,,,both,3783,True,True
568,male-cns:v0.9:29483,5197.6943,377,FlyEM_Male_CNS_Brain_v0.9,m,JRC2018_Unisex_20x_HR,Brain,,,20191213_64_H1_Channel2.csv,29483,pC1_5b,pC1_5b_R,R,"Lee 2002, Rideout 2010, Nojima 2021: pC1; Cachero 2010: pMP-e; Yu 2010: pMP4",coexpress_high,Traced,,,both,3118,True,True
571,male-cns:v0.9:32788,5168.0493,325,FlyEM_Male_CNS_Brain_v0.9,m,JRC2018_Unisex_20x_HR,Brain,,,20191213_64_H1_Channel2.csv,32788,pC1_18b,pC1_18b_R,R,"Lee 2002, Rideout 2010, Nojima 2021: pC1",dsx_low,Traced,,,both,3248,True,True
611,male-cns:v0.9:13495,4997.4165,552,FlyEM_Male_CNS_Brain_v0.9,m,JRC2018_Unisex_20x_HR,Brain,,,20191213_64_H1_Channel2.csv,13495,pC1_11a,pC1_11a_R,R,"Lee 2002, Rideout 2010, Nojima 2021: pC1",dsx_high,Traced,,,both,1207,True,True
681,male-cns:v0.9:19136,4732.253,1106,FlyEM_Male_CNS_Brain_v0.9,m,JRC2018_Unisex_20x_HR,Brain,,,20191213_64_H1_Channel2.csv,19136,pC1_3c,pC1_3c_L,L,"Lee 2002, Rideout 2010, Nojima 2021: pC1; Cachero 2010: pMP-e; Yu 2010: pMP4",coexpress_high,Traced,,,both,2210,True,True
682,male-cns:v0.9:17387,4730.1997,459,FlyEM_Male_CNS_Brain_v0.9,m,JRC2018_Unisex_20x_HR,Brain,,,20191213_64_H1_Channel2.csv,17387,pC1_2a/2b,pC1_2a/2b_R,R,"Lee 2002, Rideout 2010, Nojima 2021: pC1; Cachero 2010: pMP-e; Yu 2010: pMP4",coexpress_high,Traced,,,both,,False,True
713,male-cns:v0.9:58786,4589.4893,425,FlyEM_Male_CNS_Brain_v0.9,m,JRC2018_Unisex_20x_HR,Brain,,,20191213_64_H1_Channel2.csv,58786,pC1_16b,pC1_16b_R,R,"Lee 2002, Rideout 2010, Nojima 2021: pC1; Cachero 2010: pMP-e; Yu 2010: pMP4",coexpress_high,Traced,,,both,,False,True
748,male-cns:v0.9:33041,4478.025,319,FlyEM_Male_CNS_Brain_v0.9,m,JRC2018_Unisex_20x_HR,Brain,,,20191213_64_H1_Channel2.csv,33041,pC1_16b,pC1_16b_R,R,"Lee 2002, Rideout 2010, Nojima 2021: pC1; Cachero 2010: pMP-e; Yu 2010: pMP4",coexpress_high,Traced,,,both,,False,True
819,male-cns:v0.9:17851,4259.2144,1014,FlyEM_Male_CNS_Brain_v0.9,m,JRC2018_Unisex_20x_HR,Brain,,,20191213_64_H1_Channel2.csv,17851,pC1_12b,pC1_12b_L,L,"Lee 2002, Rideout 2010, Nojima 2021: pC1",dsx_high,Traced,,,both,2027,True,True
923,male-cns:v0.9:518253,3986.591,466,FlyEM_Male_CNS_Brain_v0.9,m,JRC2018_Unisex_20x_HR,Brain,,,20191213_64_H1_Channel2.csv,518253,pC1_18b,pC1_18b_L,L,"Lee 2002, Rideout 2010, Nojima 2021: pC1",dsx_low,Traced,,,both,4592,True,True
947,male-cns:v0.9:79642,3910.1077,314,FlyEM_Male_CNS_Brain_v0.9,m,JRC2018_Unisex_20x_HR,Brain,,,20191213_64_H1_Channel2.csv,79642,pC1_19,pC1_19_R,R,"Lee 2002, Rideout 2010, Nojima 2021: pC1",dsx_high,Traced,,,both,3860,True,True
1042,male-cns:v0.9:15208,3634.6987,757,FlyEM_Male_CNS_Brain_v0.9,m,JRC2018_Unisex_20x_HR,Brain,,,20191213_64_H1_Channel2.csv,15208,pC1_1a,pC1_1a_L,L,"Lee 2002, Rideout 2010, Nojima 2021: pC1; Cachero 2010: pMP-e; Yu 2010: pMP4",coexpress_high,Traced,,,both,1565,True,True
1047,male-cns:v0.9:15035,3624.4932,326,FlyEM_Male_CNS_Brain_v0.9,m,JRC2018_Unisex_20x_HR,Brain,,,20191213_64_H1_Channel2.csv,15035,pC1_18b,pC1_18b_R,R,"Lee 2002, Rideout 2010, Nojima 2021: pC1",dsx_low,Traced,,,both,1535,True,True
1153,male-cns:v0.9:25746,3346.1975,529,FlyEM_Male_CNS_Brain_v0.9,m,JRC2018_Unisex_20x_HR,Brain,,,20191213_64_H1_Channel2.csv,25746,pC1_16b,pC1_16b_R,R,"Lee 2002, Rideout 2010, Nojima 2021: pC1; Cachero 2010: pMP-e; Yu 2010: pMP4",coexpress_high,Traced,,,both,,False,True
1202,male-cns:v0.9:24623,3199.56,340,FlyEM_Male_CNS_Brain_v0.9,m,JRC2018_Unisex_20x_HR,Brain,,,20191213_64_H1_Channel2.csv,24623,pC1_6b,pC1_6b_R,R,"Lee 2002, Rideout 2010, Nojima 2021: pC1",coexpress_high,Traced,,,both,2786,True,True
1298,male-cns:v0.9:13562,3038.3254,777,FlyEM_Male_CNS_Brain_v0.9,m,JRC2018_Unisex_20x_HR,Brain,,,20191213_64_H1_Channel2.csv,13562,pC1_12b,pC1_12b_L,L,"Lee 2002, Rideout 2010, Nojima 2021: pC1",dsx_high,Traced,,,both,1219,True,True
1322,male-cns:v0.9:87497,2987.579,455,FlyEM_Male_CNS_Brain_v0.9,m,JRC2018_Unisex_20x_HR,Brain,,,20191213_64_H1_Channel2.csv,87497,pC1_18b,pC1_18b_L,L,"Lee 2002, Rideout 2010, Nojima 2021: pC1",dsx_low,Traced,,,both,3912,True,True
1327,male-cns:v0.9:19705,2972.4822,706,FlyEM_Male_CNS_Brain_v0.9,m,JRC2018_Unisex_20x_HR,Brain,,,20191213_64_H1_Channel2.csv,19705,pC1_2b,pC1_2b_R,R,"Lee 2002, Rideout 2010, Nojima 2021: pC1; Cachero 2010: pMP-e; Yu 2010: pMP4",coexpress_high,Traced,,,both,2287,True,True
1356,male-cns:v0.9:32950,2916.7544,314,FlyEM_Male_CNS_Brain_v0.9,m,JRC2018_Unisex_20x_HR,Brain,,,20191213_64_H1_Channel2.csv,32950,pC1_5a,pC1_5a_R,R,"Lee 2002, Rideout 2010, Nojima 2021: pC1; Cachero 2010: pMP-e; Yu 2010: pMP4",coexpress_low,Traced,,,both,3254,True,True
1416,male-cns:v0.9:22093,2810.794,809,FlyEM_Male_CNS_Brain_v0.9,m,JRC2018_Unisex_20x_HR,Brain,,,20191213_64_H1_Channel2.csv,22093,pC1_2c,pC1_2c_L,L,"Lee 2002, Rideout 2010, Nojima 2021: pC1; Cachero 2010: pMP-e; Yu 2010: pMP4",coexpress_high,Traced,,,both,2558,True,True
1418,male-cns:v0.9:220200,2800.9695,439,FlyEM_Male_CNS_Brain_v0.9,m,JRC2018_Unisex_20x_HR,Brain,,,20191213_64_H1_Channel2.csv,220200,pC1_13b,pC1_13b_R,R,"Lee 2002, Rideout 2010, Nojima 2021: pC1",dsx_high,Traced,,,both,4190,True,True
1435,male-cns:v0.9:59527,2771.1985,285,FlyEM_Male_CNS_Brain_v0.9,m,JRC2018_Unisex_20x_HR,Brain,,,20191213_64_H1_Channel2.csv,59527,pC1_16a,pC1_16a_R,R,"Lee 2002, Rideout 2010, Nojima 2021: pC1; Cachero 2010: pMP-e; Yu 2010: pMP4",coexpress_high,Traced,,,both,,False,True
1466,male-cns:v0.9:10217,2729.3433,391,FlyEM_Male_CNS_Brain_v0.9,m,JRC2018_Unisex_20x_HR,Brain,,,20191213_64_H1_Channel2.csv,10217,pC1x_b,pC1x_b_L,L,"Lee 2002, Rideout 2010, Nojima 2021: pC1, Sten 2025: pC1x",dsx_high,Traced,pC1b,pC1b,both,,False,True
1521,male-cns:v0.9:26993,2647.2593,424,FlyEM_Male_CNS_Brain_v0.9,m,JRC2018_Unisex_20x_HR,Brain,,,20191213_64_H1_Channel2.csv,26993,pC1_1b,pC1_1b_R,R,"Lee 2002, Rideout 2010, Nojima 2021: pC1; Cachero 2010: pMP-e; Yu 2010: pMP4",coexpress_high,Traced,,,both,2963,True,True
1584,male-cns:v0.9:67624,2553.137,300,FlyEM_Male_CNS_Brain_v0.9,m,JRC2018_Unisex_20x_HR,Brain,,,20191213_64_H1_Channel2.csv,67624,pC1_16a,pC1_16a_R,R,"Lee 2002, Rideout 2010, Nojima 2021: pC1; Cachero 2010: pMP-e; Yu 2010: pMP4",coexpress_high,Traced,,,both,,False,True
1593,male-cns:v0.9:18913,2545.105,744,FlyEM_Male_CNS_Brain_v0.9,m,JRC2018_Unisex_20x_HR,Brain,,,20191213_64_H1_Channel2.csv,18913,pC1_2b,pC1_2b_L,L,"Lee 2002, Rideout 2010, Nojima 2021: pC1; Cachero 2010: pMP-e; Yu 2010: pMP4",coexpress_high,Traced,,,both,2174,True,True
1621,male-cns:v0.9:29280,2501.6807,459,FlyEM_Male_CNS_Brain_v0.9,m,JRC2018_Unisex_20x_HR,Brain,,,20191213_64_H1_Channel2.csv,29280,pC1_1a,pC1_1a_R,R,"Lee 2002, Rideout 2010, Nojima 2021: pC1; Cachero 2010: pMP-e; Yu 2010: pMP4",coexpress_high,Traced,,,both,,False,True
1635,male-cns:v0.9:20751,2487.3298,411,FlyEM_Male_CNS_Brain_v0.9,m,JRC2018_Unisex_20x_HR,Brain,,,20191213_64_H1_Channel2.csv,20751,pC1_16a,pC1_16a_L,L,"Lee 2002, Rideout 2010, Nojima 2021: pC1; Cachero 2010: pMP-e; Yu 2010: pMP4",coexpress_high,Traced,,,both,2422,True,True
1664,male-cns:v0.9:524747,2438.347,734,FlyEM_Male_CNS_Brain_v0.9,m,JRC2018_Unisex_20x_HR,Brain,,,20191213_64_H1_Channel2.csv,524747,pC1_2a,pC1_2a_L,L,"Lee 2002, Rideout 2010, Nojima 2021: pC1; Cachero 2010: pMP-e; Yu 2010: pMP4",coexpress_high,Traced,,,both,5000,True,True
1682,male-cns:v0.9:22818,2397.579,484,FlyEM_Male_CNS_Brain_v0.9,m,JRC2018_Unisex_20x_HR,Brain,,,20191213_64_H1_Channel2.csv,22818,pC1_17a,pC1_17a_R,R,"Lee 2002, Rideout 2010, Nojima 2021: pC1; Cachero 2010: pMP-e; Yu 2010: pMP4",coexpress_low,Traced,,,both,2626,True,True
1851,male-cns:v0.9:19968,2174.2397,420,FlyEM_Male_CNS_Brain_v0.9,m,JRC2018_Unisex_20x_HR,Brain,,,20191213_64_H1_Channel2.csv,19968,pC1_10d,pC1_10d_R,R,"Lee 2002, Rideout 2010, Nojima 2021: pC1",dsx_high,Traced,,,both,,False,True
1856,male-cns:v0.9:519914,2170.7627,649,FlyEM_Male_CNS_Brain_v0.9,m,JRC2018_Unisex_20x_HR,Brain,,,20191213_64_H1_Channel2.csv,519914,pC1_1a,pC1_1a_L,L,"Lee 2002, Rideout 2010, Nojima 2021: pC1; Cachero 2010: pMP-e; Yu 2010: pMP4",coexpress_high,Traced,,,both,4678,True,True
1868,male-cns:v0.9:13655,2159.251,495,FlyEM_Male_CNS_Brain_v0.9,m,JRC2018_Unisex_20x_HR,Brain,,,20191213_64_H1_Channel2.csv,13655,pC1_11b,pC1_11b_R,R,"Lee 2002, Rideout 2010, Nojima 2021: pC1",dsx_high,Traced,,,both,1247,True,True
1931,male-cns:v0.9:108816,2069.9768,445,FlyEM_Male_CNS_Brain_v0.9,m,JRC2018_Unisex_20x_HR,Brain,,,20191213_64_H1_Channel2.csv,108816,pC1_15a,pC1_15a_L,L,"Lee 2002, Rideout 2010, Nojima 2021: pC1; Cachero 2010: pMP-e; Yu 2010: pMP4",coexpress_high,Traced,,,both,4014,True,True
1936,male-cns:v0.9:267996,2066.456,614,FlyEM_Male_CNS_Brain_v0.9,m,JRC2018_Unisex_20x_HR,Brain,,,20191213_64_H1_Channel2.csv,267996,pC1_9a,pC1_9a_R,R,,,Traced,,,both,,False,True
1941,male-cns:v0.9:524296,2057.1833,776,FlyEM_Male_CNS_Brain_v0.9,m,JRC2018_Unisex_20x_HR,Brain,,,20191213_64_H1_Channel2.csv,524296,pC1_1a,pC1_1a_L,L,"Lee 2002, Rideout 2010, Nojima 2021: pC1; Cachero 2010: pMP-e; Yu 2010: pMP4",coexpress_high,Traced,,,both,4975,True,True
1955,male-cns:v0.9:25345,2036.5157,749,FlyEM_Male_CNS_Brain_v0.9,m,JRC2018_Unisex_20x_HR,Brain,,,20191213_64_H1_Channel2.csv,25345,pC1_9b,pC1_9b_R,R,,,Traced,,,both,,False,True
2014,male-cns:v0.9:23952,1963.85,414,FlyEM_Male_CNS_Brain_v0.9,m,JRC2018_Unisex_20x_HR,Brain,,,20191213_64_H1_Channel2.csv,23952,pC1_16a,pC1_16a_R,R,"Lee 2002, Rideout 2010, Nojima 2021: pC1; Cachero 2010: pMP-e; Yu 2010: pMP4",coexpress_high,Traced,,,both,2717,True,True
2020,male-cns:v0.9:23787,1959.5483,660,FlyEM_Male_CNS_Brain_v0.9,m,JRC2018_Unisex_20x_HR,Brain,,,20191213_64_H1_Channel2.csv,23787,pC1_13c,pC1_13c_L,L,"Lee 2002, Rideout 2010, Nojima 2021: pC1",dsx_high,Traced,,,both,2700,True,True
2023,male-cns:v0.9:23789,1954.6812,351,FlyEM_Male_CNS_Brain_v0.9,m,JRC2018_Unisex_20x_HR,Brain,,,20191213_64_H1_Channel2.csv,23789,pC1_16a,pC1_16a_L,L,"Lee 2002, Rideout 2010, Nojima 2021: pC1; Cachero 2010: pMP-e; Yu 2010: pMP4",coexpress_high,Traced,,,both,2701,True,True
2032,male-cns:v0.9:555746,1941.5955,526,FlyEM_Male_CNS_Brain_v0.9,m,JRC2018_Unisex_20x_HR,Brain,,,20191213_64_H1_Channel2.csv,555746,pC1_13b,pC1_13b_R,R,"Lee 2002, Rideout 2010, Nojima 2021: pC1",dsx_high,Traced,,,both,,False,True
2085,male-cns:v0.9:20255,1873.7739,645,FlyEM_Male_CNS_Brain_v0.9,m,JRC2018_Unisex_20x_HR,Brain,,,20191213_64_H1_Channel2.csv,20255,pC1_1a,pC1_1a_L,L,"Lee 2002, Rideout 2010, Nojima 2021: pC1; Cachero 2010: pMP-e; Yu 2010: pMP4",coexpress_high,Traced,,,both,2357,True,True
2090,male-cns:v0.9:30391,1862.6405,374,FlyEM_Male_CNS_Brain_v0.9,m,JRC2018_Unisex_20x_HR,Brain,,,20191213_64_H1_Channel2.csv,30391,pC1_8b,pC1_8b_R,R,"Lee 2002, Rideout 2010, Nojima 2021: pC1",dsx_high,Traced,,,both,3163,True,True
2106,male-cns:v0.9:18990,1844.7499,822,FlyEM_Male_CNS_Brain_v0.9,m,JRC2018_Unisex_20x_HR,Brain,,,20191213_64_H1_Channel2.csv,18990,pC1_11a,pC1_11a_L,L,"Lee 2002, Rideout 2010, Nojima 2021: pC1",dsx_high,Traced,,,both,2186,True,True
2108,male-cns:v0.9:36545,1839.7037,384,FlyEM_Male_CNS_Brain_v0.9,m,JRC2018_Unisex_20x_HR,Brain,,,20191213_64_H1_Channel2.csv,36545,pC1_17b,pC1_17b_R,R,"Lee 2002, Rideout 2010, Nojima 2021: pC1; Cachero 2010: pMP-e; Yu 2010: pMP4",coexpress_low,Traced,,,both,,False,True
2119,male-cns:v0.9:555751,1827.6075,610,FlyEM_Male_CNS_Brain_v0.9,m,JRC2018_Unisex_20x_HR,Brain,,,20191213_64_H1_Channel2.csv,555751,pC1_9a,pC1_9a_R,R,,,Traced,,,both,,False,True
2129,male-cns:v0.9:16364,1810.4456,408,FlyEM_Male_CNS_Brain_v0.9,m,JRC2018_Unisex_20x_HR,Brain,,,20191213_64_H1_Channel2.csv,16364,pC1_9b,pC1_9b_L,L,,,Traced,,,both,1772,True,True
2165,male-cns:v0.9:32437,1763.1328,296,FlyEM_Male_CNS_Brain_v0.9,m,JRC2018_Unisex_20x_HR,Brain,,,20191213_64_H1_Channel2.csv,32437,pC1_15a,pC1_15a_R,R,"Lee 2002, Rideout 2010, Nojima 2021: pC1; Cachero 2010: pMP-e; Yu 2010: pMP4",coexpress_high,Traced,,,both,3241,True,True
2168,male-cns:v0.9:30546,1762.3774,431,FlyEM_Male_CNS_Brain_v0.9,m,JRC2018_Unisex_20x_HR,Brain,,,20191213_64_H1_Channel2.csv,30546,pC1_10d,pC1_10d_R,R,"Lee 2002, Rideout 2010, Nojima 2021: pC1",dsx_high,Traced,,,both,3170,True,True
2174,male-cns:v0.9:66610,1752.2961,438,FlyEM_Male_CNS_Brain_v0.9,m,JRC2018_Unisex_20x_HR,Brain,,,20191213_64_H1_Channel2.csv,66610,pC1_16b,pC1_16b_R,R,"Lee 2002, Rideout 2010, Nojima 2021: pC1; Cachero 2010: pMP-e; Yu 2010: pMP4",coexpress_high,Traced,,,both,,False,True
2176,male-cns:v0.9:25740,1747.5808,439,FlyEM_Male_CNS_Brain_v0.9,m,JRC2018_Unisex_20x_HR,Brain,,,20191213_64_H1_Channel2.csv,25740,pC1_14b,pC1_14b_R,R,"Lee 2002, Rideout 2010, Nojima 2021: pC1; Cachero 2010: pMP-e; Yu 2010: pMP4",coexpress_low,Traced,,,both,2888,True,True
2192,male-cns:v0.9:526918,1730.2871,524,FlyEM_Male_CNS_Brain_v0.9,m,JRC2018_Unisex_20x_HR,Brain,,,20191213_64_H1_Channel2.csv,526918,pC1_1a,pC1_1a_R,R,"Lee 2002, Rideout 2010, Nojima 2021: pC1; Cachero 2010: pMP-e; Yu 2010: pMP4",coexpress_high,Traced,,,both,5064,True,True
2226,male-cns:v0.9:55986,1700.7549,279,FlyEM_Male_CNS_Brain_v0.9,m,JRC2018_Unisex_20x_HR,Brain,,,20191213_64_H1_Channel2.csv,55986,pC1_14a,pC1_14a_L,L,"Lee 2002, Rideout 2010, Nojima 2021: pC1; Cachero 2010: pMP-e; Yu 2010: pMP4",coexpress_low,Traced,,,both,3687,True,True
2232,male-cns:v0.9:35202,1689.158,370,FlyEM_Male_CNS_Brain_v0.9,m,JRC2018_Unisex_20x_HR,Brain,,,20191213_64_H1_Channel2.csv,35202,pC1_17b,pC1_17b_R,R,"Lee 2002, Rideout 2010, Nojima 2021: pC1; Cachero 2010: pMP-e; Yu 2010: pMP4",coexpress_low,Traced,,,both,,False,True
2251,male-cns:v0.9:180724,1661.9933,431,FlyEM_Male_CNS_Brain_v0.9,m,JRC2018_Unisex_20x_HR,Brain,,,20191213_64_H1_Channel2.csv,180724,pC1_15c,pC1_15c_L,L,"Lee 2002, Rideout 2010, Nojima 2021: pC1; Cachero 2010: pMP-e; Yu 2010: pMP4",coexpress_low,Traced,,,both,4151,True,True
2263,male-cns:v0.9:513654,1644.2181,532,FlyEM_Male_CNS_Brain_v0.9,m,JRC2018_Unisex_20x_HR,Brain,,,20191213_64_H1_Channel2.csv,513654,pC1_16b,pC1_16b_L,L,"Lee 2002, Rideout 2010, Nojima 2021: pC1; Cachero 2010: pMP-e; Yu 2010: pMP4",coexpress_high,Traced,,,both,,False,True
2286,male-cns:v0.9:25690,1622.521,259,FlyEM_Male_CNS_Brain_v0.9,m,JRC2018_Unisex_20x_HR,Brain,,,20191213_64_H1_Channel2.csv,25690,pC1_15b,pC1_15b_R,R,"Lee 2002, Rideout 2010, Nojima 2021: pC1; Cachero 2010: pMP-e; Yu 2010: pMP4",coexpress_low,Traced,,,both,2885,True,True
2294,male-cns:v0.9:535835,1615.1194,427,FlyEM_Male_CNS_Brain_v0.9,m,JRC2018_Unisex_20x_HR,Brain,,,20191213_64_H1_Channel2.csv,535835,pC1_16b,pC1_16b_L,L,"Lee 2002, Rideout 2010, Nojima 2021: pC1; Cachero 2010: pMP-e; Yu 2010: pMP4",coexpress_high,Traced,,,both,5222,True,True
2297,male-cns:v0.9:32283,1608.8864,462,FlyEM_Male_CNS_Brain_v0.9,m,JRC2018_Unisex_20x_HR,Brain,,,20191213_64_H1_Channel2.csv,32283,pC1_16b,pC1_16b_L,L,"Lee 2002, Rideout 2010, Nojima 2021: pC1; Cachero 2010: pMP-e; Yu 2010: pMP4",coexpress_high,Traced,,,both,,False,True
2373,male-cns:v0.9:517519,1527.5825,559,FlyEM_Male_CNS_Brain_v0.9,m,JRC2018_Unisex_20x_HR,Brain,,,20191213_64_H1_Channel2.csv,517519,pC1_10b,pC1_10b_L,L,"Lee 2002, Rideout 2010, Nojima 2021: pC1",dsx_high,Traced,,,both,,False,True
2374,male-cns:v0.9:514077,1527.0895,835,FlyEM_Male_CNS_Brain_v0.9,m,JRC2018_Unisex_20x_HR,Brain,,,20191213_64_H1_Channel2.csv,514077,pC1_11b,pC1_11b_L,L,"Lee 2002, Rideout 2010, Nojima 2021: pC1",dsx_high,Traced,,,both,4406,True,True
2406,male-cns:v0.9:29214,1485.3514,469,FlyEM_Male_CNS_Brain_v0.9,m,JRC2018_Unisex_20x_HR,Brain,,,20191213_64_H1_Channel2.csv,29214,pC1_14a,pC1_14a_R,R,"Lee 2002, Rideout 2010, Nojima 2021: pC1; Cachero 2010: pMP-e; Yu 2010: pMP4",coexpress_low,Traced,,,both,3097,True,True
2453,male-cns:v0.9:23661,1438.9855,281,FlyEM_Male_CNS_Brain_v0.9,m,JRC2018_Unisex_20x_HR,Brain,,,20191213_64_H1_Channel2.csv,23661,pC1_17b,pC1_17b_L,L,"Lee 2002, Rideout 2010, Nojima 2021: pC1; Cachero 2010: pMP-e; Yu 2010: pMP4",coexpress_low,Traced,,,both,,False,True
2461,male-cns:v0.9:21538,1429.5808,558,FlyEM_Male_CNS_Brain_v0.9,m,JRC2018_Unisex_20x_HR,Brain,,,20191213_64_H1_Channel2.csv,21538,pC1_13b,pC1_13b_L,L,"Lee 2002, Rideout 2010, Nojima 2021: pC1",dsx_high,Traced,,,both,2504,True,True
2466,male-cns:v0.9:156865,1423.9099,353,FlyEM_Male_CNS_Brain_v0.9,m,JRC2018_Unisex_20x_HR,Brain,,,20191213_64_H1_Channel2.csv,156865,pC1_19,pC1_19_L,L,"Lee 2002, Rideout 2010, Nojima 2021: pC1",dsx_high,Traced,,,both,4123,True,True
2472,male-cns:v0.9:31309,1415.2406,245,FlyEM_Male_CNS_Brain_v0.9,m,JRC2018_Unisex_20x_HR,Brain,,,20191213_64_H1_Channel2.csv,31309,pC1_17b,pC1_17b_L,L,"Lee 2002, Rideout 2010, Nojima 2021: pC1; Cachero 2010: pMP-e; Yu 2010: pMP4",coexpress_low,Traced,,,both,,False,True
2473,male-cns:v0.9:33553,1415.2378,375,FlyEM_Male_CNS_Brain_v0.9,m,JRC2018_Unisex_20x_HR,Brain,,,20191213_64_H1_Channel2.csv,33553,pC1_14a,pC1_14a_R,R,"Lee 2002, Rideout 2010, Nojima 2021: pC1; Cachero 2010: pMP-e; Yu 2010: pMP4",coexpress_low,Traced,,,both,3279,True,True
2495,male-cns:v0.9:29043,1392.3318,583,FlyEM_Male_CNS_Brain_v0.9,m,JRC2018_Unisex_20x_HR,Brain,,,20191213_64_H1_Channel2.csv,29043,pC1_7a,pC1_7a_L,L,"Lee 2002, Rideout 2010, Nojima 2021: pC1; Cachero 2010: pMP-e; Yu 2010: pMP4",coexpress_low,Traced,,,both,3085,True,True
2506,male-cns:v0.9:18934,1386.1099,432,FlyEM_Male_CNS_Brain_v0.9,m,JRC2018_Unisex_20x_HR,Brain,,,20191213_64_H1_Channel2.csv,18934,pC1_15c,pC1_15c_L,L,"Lee 2002, Rideout 2010, Nojima 2021: pC1; Cachero 2010: pMP-e; Yu 2010: pMP4",coexpress_low,Traced,,,both,2176,True,True
2510,male-cns:v0.9:517735,1381.6908,472,FlyEM_Male_CNS_Brain_v0.9,m,JRC2018_Unisex_20x_HR,Brain,,,20191213_64_H1_Channel2.csv,517735,pC1_6b,pC1_6b_L,L,"Lee 2002, Rideout 2010, Nojima 2021: pC1",coexpress_high,Traced,,,both,4575,True,True
2513,male-cns:v0.9:517337,1378.6942,351,FlyEM_Male_CNS_Brain_v0.9,m,JRC2018_Unisex_20x_HR,Brain,,,20191213_64_H1_Channel2.csv,517337,pC1_10a,pC1_10a_R,R,"Lee 2002, Rideout 2010, Nojima 2021: pC1",dsx_high,Traced,,,both,,False,True
2545,male-cns:v0.9:25542,1346.7981,439,FlyEM_Male_CNS_Brain_v0.9,m,JRC2018_Unisex_20x_HR,Brain,,,20191213_64_H1_Channel2.csv,25542,pC1_7a,pC1_7a_R,R,"Lee 2002, Rideout 2010, Nojima 2021: pC1; Cachero 2010: pMP-e; Yu 2010: pMP4",coexpress_low,Traced,,,both,2869,True,True
2546,male-cns:v0.9:513650,1345.4965,625,FlyEM_Male_CNS_Brain_v0.9,m,JRC2018_Unisex_20x_HR,Brain,,,20191213_64_H1_Channel2.csv,513650,pC1_12a,pC1_12a_L,L,"Lee 2002, Rideout 2010, Nojima 2021: pC1; Cachero 2010: pMP-e; Yu 2010: pMP4",coexpress_low,Traced,,,both,4374,True,True
2547,male-cns:v0.9:43592,1344.7916,370,FlyEM_Male_CNS_Brain_v0.9,m,JRC2018_Unisex_20x_HR,Brain,,,20191213_64_H1_Channel2.csv,43592,pC1_7b,pC1_7b_R,R,"Lee 2002, Rideout 2010, Nojima 2021: pC1; Cachero 2010: pMP-e; Yu 2010: pMP4",coexpress_low,Traced,,,both,3537,True,True
2554,male-cns:v0.9:513129,1337.9457,517,FlyEM_Male_CNS_Brain_v0.9,m,JRC2018_Unisex_20x_HR,Brain,,,20191213_64_H1_Channel2.csv,513129,pC1_8b,pC1_8b_L,L,"Lee 2002, Rideout 2010, Nojima 2021: pC1",dsx_high,Traced,,,both,4341,True,True
2558,male-cns:v0.9:16262,1336.834,719,FlyEM_Male_CNS_Brain_v0.9,m,JRC2018_Unisex_20x_HR,Brain,,,20191213_64_H1_Channel2.csv,16262,pC1_1b,pC1_1b_L,L,"Lee 2002, Rideout 2010, Nojima 2021: pC1; Cachero 2010: pMP-e; Yu 2010: pMP4",coexpress_high,Traced,,,both,1760,True,True
2577,male-cns:v0.9:29388,1316.7291,318,FlyEM_Male_CNS_Brain_v0.9,m,JRC2018_Unisex_20x_HR,Brain,,,20191213_64_H1_Channel2.csv,29388,pC1_15c,pC1_15c_R,R,"Lee 2002, Rideout 2010, Nojima 2021: pC1; Cachero 2010: pMP-e; Yu 2010: pMP4",coexpress_low,Traced,,,both,3107,True,True
2622,male-cns:v0.9:25204,1261.7053,546,FlyEM_Male_CNS_Brain_v0.9,m,JRC2018_Unisex_20x_HR,Brain,,,20191213_64_H1_Channel2.csv,25204,pC1_13a,pC1_13a_L,L,"Lee 2002, Rideout 2010, Nojima 2021: pC1; Cachero 2010: pMP-e; Yu 2010: pMP4",coexpress_high,Traced,,,both,2844,True,True
2627,male-cns:v0.9:30699,1256.6212,305,FlyEM_Male_CNS_Brain_v0.9,m,JRC2018_Unisex_20x_HR,Brain,,,20191213_64_H1_Channel2.csv,30699,pC1_10b,pC1_10b_R,R,"Lee 2002, Rideout 2010, Nojima 2021: pC1",dsx_high,Traced,,,both,,False,True
2665,male-cns:v0.9:513652,1218.0768,573,FlyEM_Male_CNS_Brain_v0.9,m,JRC2018_Unisex_20x_HR,Brain,,,20191213_64_H1_Channel2.csv,513652,pC1_7b,pC1_7b_L,L,"Lee 2002, Rideout 2010, Nojima 2021: pC1; Cachero 2010: pMP-e; Yu 2010: pMP4",coexpress_low,Traced,,,both,4376,True,True
2667,male-cns:v0.9:53355,1215.7015,639,FlyEM_Male_CNS_Brain_v0.9,m,JRC2018_Unisex_20x_HR,Brain,,,20191213_64_H1_Channel2.csv,53355,pC1_7a,pC1_7a_L,L,"Lee 2002, Rideout 2010, Nojima 2021: pC1; Cachero 2010: pMP-e; Yu 2010: pMP4",coexpress_low,Traced,,,both,3664,True,True
2669,male-cns:v0.9:21507,1215.5548,461,FlyEM_Male_CNS_Brain_v0.9,m,JRC2018_Unisex_20x_HR,Brain,,,20191213_64_H1_Channel2.csv,21507,pC1_6a,pC1_6a_R,R,Cachero 2010: pMP-e; Yu 2010: pMP4,coexpress_low,Traced,,,both,2499,True,True
2673,male-cns:v0.9:518589,1209.4933,639,FlyEM_Male_CNS_Brain_v0.9,m,JRC2018_Unisex_20x_HR,Brain,,,20191213_64_H1_Channel2.csv,518589,pC1_10c,pC1_10c_L,L,"Lee 2002, Rideout 2010, Nojima 2021: pC1",dsx_high,Traced,,,both,4601,True,True
2685,male-cns:v0.9:70815,1203.563,387,FlyEM_Male_CNS_Brain_v0.9,m,JRC2018_Unisex_20x_HR,Brain,,,20191213_64_H1_Channel2.csv,70815,pC1_17a,pC1_17a_L,L,"Lee 2002, Rideout 2010, Nojima 2021: pC1; Cachero 2010: pMP-e; Yu 2010: pMP4",coexpress_low,Traced,,,both,3797,True,True
2701,male-cns:v0.9:41427,1183.7339,232,FlyEM_Male_CNS_Brain_v0.9,m,JRC2018_Unisex_20x_HR,Brain,,,20191213_64_H1_Channel2.csv,41427,pC1_17b,pC1_17b_L,L,"Lee 2002, Rideout 2010, Nojima 2021: pC1; Cachero 2010: pMP-e; Yu 2010: pMP4",coexpress_low,Traced,,,both,,False,True
2743,male-cns:v0.9:102224,1138.982,402,FlyEM_Male_CNS_Brain_v0.9,m,JRC2018_Unisex_20x_HR,Brain,,,20191213_64_H1_Channel2.csv,102224,pC1_5a,pC1_5a_L,L,"Lee 2002, Rideout 2010, Nojima 2021: pC1; Cachero 2010: pMP-e; Yu 2010: pMP4",coexpress_low,Traced,,,both,3990,True,True
2748,male-cns:v0.9:23695,1128.9187,268,FlyEM_Male_CNS_Brain_v0.9,m,JRC2018_Unisex_20x_HR,Brain,,,20191213_64_H1_Channel2.csv,23695,pC1_14a,pC1_14a_L,L,"Lee 2002, Rideout 2010, Nojima 2021: pC1; Cachero 2010: pMP-e; Yu 2010: pMP4",coexpress_low,Traced,,,both,2690,True,True
2760,male-cns:v0.9:515977,1114.9244,339,FlyEM_Male_CNS_Brain_v0.9,m,JRC2018_Unisex_20x_HR,Brain,,,20191213_64_H1_Channel2.csv,515977,pC1_10b,pC1_10b_R,R,"Lee 2002, Rideout 2010, Nojima 2021: pC1",dsx_high,Traced,,,both,4500,True,True
2794,male-cns:v0.9:47325,1078.0992,399,FlyEM_Male_CNS_Brain_v0.9,m,JRC2018_Unisex_20x_HR,Brain,,,20191213_64_H1_Channel2.csv,47325,pC1_8c,pC1_8c_L,L,"Lee 2002, Rideout 2010, Nojima 2021: pC1",dsx_high,Traced,,,both,3596,True,True
2801,male-cns:v0.9:28972,1072.217,349,FlyEM_Male_CNS_Brain_v0.9,m,JRC2018_Unisex_20x_HR,Brain,,,20191213_64_H1_Channel2.csv,28972,pC1_15b,pC1_15b_L,L,"Lee 2002, Rideout 2010, Nojima 2021: pC1; Cachero 2010: pMP-e; Yu 2010: pMP4",coexpress_low,Traced,,,both,3082,True,True
2802,male-cns:v0.9:46570,1071.9843,406,FlyEM_Male_CNS_Brain_v0.9,m,JRC2018_Unisex_20x_HR,Brain,,,20191213_64_H1_Channel2.csv,46570,pC1_14b,pC1_14b_L,L,"Lee 2002, Rideout 2010, Nojima 2021: pC1; Cachero 2010: pMP-e; Yu 2010: pMP4",coexpress_low,Traced,,,both,3587,True,True
2819,male-cns:v0.9:23924,1059.0149,482,FlyEM_Male_CNS_Brain_v0.9,m,JRC2018_Unisex_20x_HR,Brain,,,20191213_64_H1_Channel2.csv,23924,pC1_13b,pC1_13b_L,L,"Lee 2002, Rideout 2010, Nojima 2021: pC1",dsx_high,Traced,,,both,2714,True,True
2825,male-cns:v0.9:23651,1052.0085,340,FlyEM_Male_CNS_Brain_v0.9,m,JRC2018_Unisex_20x_HR,Brain,,,20191213_64_H1_Channel2.csv,23651,pC1_17a,pC1_17a_R,R,"Lee 2002, Rideout 2010, Nojima 2021: pC1; Cachero 2010: pMP-e; Yu 2010: pMP4",coexpress_low,Traced,,,both,,False,True
2831,male-cns:v0.9:71385,1043.8594,618,FlyEM_Male_CNS_Brain_v0.9,m,JRC2018_Unisex_20x_HR,Brain,,,20191213_64_H1_Channel2.csv,71385,pC1_7a,pC1_7a_R,R,"Lee 2002, Rideout 2010, Nojima 2021: pC1; Cachero 2010: pMP-e; Yu 2010: pMP4",coexpress_low,Traced,,,both,3801,True,True
2840,male-cns:v0.9:513651,1036.4227,447,FlyEM_Male_CNS_Brain_v0.9,m,JRC2018_Unisex_20x_HR,Brain,,,20191213_64_H1_Channel2.csv,513651,pC1_7b,pC1_7b_L,L,"Lee 2002, Rideout 2010, Nojima 2021: pC1; Cachero 2010: pMP-e; Yu 2010: pMP4",coexpress_low,Traced,,,both,4375,True,True
2844,male-cns:v0.9:26746,1033.4205,328,FlyEM_Male_CNS_Brain_v0.9,m,JRC2018_Unisex_20x_HR,Brain,,,20191213_64_H1_Channel2.csv,26746,pC1_7b,pC1_7b_R,R,"Lee 2002, Rideout 2010, Nojima 2021: pC1; Cachero 2010: pMP-e; Yu 2010: pMP4",coexpress_low,Traced,,,both,2947,True,True
2854,male-cns:v0.9:19672,1022.00385,430,FlyEM_Male_CNS_Brain_v0.9,m,JRC2018_Unisex_20x_HR,Brain,,,20191213_64_H1_Channel2.csv,19672,pC1_13a,pC1_13a_R,R,"Lee 2002, Rideout 2010, Nojima 2021: pC1; Cachero 2010: pMP-e; Yu 2010: pMP4",coexpress_high,Traced,,,both,2282,True,True
2860,male-cns:v0.9:44515,1015.0833,282,FlyEM_Male_CNS_Brain_v0.9,m,JRC2018_Unisex_20x_HR,Brain,,,20191213_64_H1_Channel2.csv,44515,pC1_14a,pC1_14a_L,L,"Lee 2002, Rideout 2010, Nojima 2021: pC1; Cachero 2010: pMP-e; Yu 2010: pMP4",coexpress_low,Traced,,,both,3549,True,True
2874,male-cns:v0.9:516522,1004.2808,327,FlyEM_Male_CNS_Brain_v0.9,m,JRC2018_Unisex_20x_HR,Brain,,,20191213_64_H1_Channel2.csv,516522,pC1_14a,pC1_14a_R,R,"Lee 2002, Rideout 2010, Nojima 2021: pC1; Cachero 2010: pMP-e; Yu 2010: pMP4",coexpress_low,Traced,,,both,4525,True,True
2891,male-cns:v0.9:17434,989.5668,380,FlyEM_Male_CNS_Brain_v0.9,m,JRC2018_Unisex_20x_HR,Brain,,,20191213_64_H1_Channel2.csv,17434,pC1_10c,pC1_10c_R,R,"Lee 2002, Rideout 2010, Nojima 2021: pC1",dsx_high,Traced,,,both,1958,True,True
2896,male-cns:v0.9:15876,984.6126,490,FlyEM_Male_CNS_Brain_v0.9,m,JRC2018_Unisex_20x_HR,Brain,,,20191213_64_H1_Channel2.csv,15876,pC1_9a,pC1_9a_L,L,,,Traced,,,both,,False,True
2924,male-cns:v0.9:20597,960.2533,439,FlyEM_Male_CNS_Brain_v0.9,m,JRC2018_Unisex_20x_HR,Brain,,,20191213_64_H1_Channel2.csv,20597,pC1_6a,pC1_6a_R,R,Cachero 2010: pMP-e; Yu 2010: pMP4,coexpress_low,Traced,,,both,2397,True,True
2972,male-cns:v0.9:41518,916.2051,293,FlyEM_Male_CNS_Brain_v0.9,m,JRC2018_Unisex_20x_HR,Brain,,,20191213_64_H1_Channel2.csv,41518,pC1_8c,pC1_8c_R,R,"Lee 2002, Rideout 2010, Nojima 2021: pC1",dsx_high,Traced,,,both,3499,True,True
3008,male-cns:v0.9:17098,895.91016,493,FlyEM_Male_CNS_Brain_v0.9,m,JRC2018_Unisex_20x_HR,Brain,,,20191213_64_H1_Channel2.csv,17098,pC1_6a,pC1_6a_L,L,Cachero 2010: pMP-e; Yu 2010: pMP4,coexpress_low,Traced,,,both,1904,True,True
3030,male-cns:v0.9:528986,885.32007,410,FlyEM_Male_CNS_Brain_v0.9,m,JRC2018_Unisex_20x_HR,Brain,,,20191213_64_H1_Channel2.csv,528986,pC1_6a,pC1_6a_R,R,Cachero 2010: pMP-e; Yu 2010: pMP4,coexpress_low,Traced,,,both,5081,True,True
3151,male-cns:v0.9:55136,781.7103,579,FlyEM_Male_CNS_Brain_v0.9,m,JRC2018_Unisex_20x_HR,Brain,,,20191213_64_H1_Channel2.csv,55136,pC1_10c,pC1_10c_L,L,"Lee 2002, Rideout 2010, Nojima 2021: pC1",dsx_high,Traced,,,both,,False,True
3163,male-cns:v0.9:26153,768.31744,429,FlyEM_Male_CNS_Brain_v0.9,m,JRC2018_Unisex_20x_HR,Brain,,,20191213_64_H1_Channel2.csv,26153,pC1_10b,pC1_10b_L,L,"Lee 2002, Rideout 2010, Nojima 2021: pC1",dsx_high,Traced,,,both,,False,True
3180,male-cns:v0.9:26543,759.5139,423,FlyEM_Male_CNS_Brain_v0.9,m,JRC2018_Unisex_20x_HR,Brain,,,20191213_64_H1_Channel2.csv,26543,pC1_6a,pC1_6a_L,L,Cachero 2010: pMP-e; Yu 2010: pMP4,coexpress_low,Traced,,,both,2934,True,True
3205,male-cns:v0.9:18276,744.4738,614,FlyEM_Male_CNS_Brain_v0.9,m,JRC2018_Unisex_20x_HR,Brain,,,20191213_64_H1_Channel2.csv,18276,pC1_10a,pC1_10a_L,L,"Lee 2002, Rideout 2010, Nojima 2021: pC1",dsx_high,Traced,,,both,,False,True
3276,male-cns:v0.9:17702,681.18225,343,FlyEM_Male_CNS_Brain_v0.9,m,JRC2018_Unisex_20x_HR,Brain,,,20191213_64_H1_Channel2.csv,17702,pC1_10c,pC1_10c_R,R,"Lee 2002, Rideout 2010, Nojima 2021: pC1",dsx_high,Traced,,,both,,False,True
3284,male-cns:v0.9:521453,675.1347,410,FlyEM_Male_CNS_Brain_v0.9,m,JRC2018_Unisex_20x_HR,Brain,,,20191213_64_H1_Channel2.csv,521453,pC1_6a,pC1_6a_L,L,Cachero 2010: pMP-e; Yu 2010: pMP4,coexpress_low,Traced,,,both,4798,True,True
3305,male-cns:v0.9:555488,661.14526,261,FlyEM_Male_CNS_Brain_v0.9,m,JRC2018_Unisex_20x_HR,Brain,,,20191213_64_H1_Channel2.csv,555488,pC1_9a,pC1_9a_L,L,,,Traced,,,both,,False,True
3640,male-cns:v0.9:20580,472.05746,250,FlyEM_Male_CNS_Brain_v0.9,m,JRC2018_Unisex_20x_HR,Brain,,,20191213_64_H1_Channel2.csv,20580,pC1_10d,pC1_10d_L,L,"Lee 2002, Rideout 2010, Nojima 2021: pC1",dsx_high,Traced,,,both,,False,True
3670,male-cns:v0.9:25521,456.39334,387,FlyEM_Male_CNS_Brain_v0.9,m,JRC2018_Unisex_20x_HR,Brain,,,20191213_64_H1_Channel2.csv,25521,pC1_8a,pC1_8a_R,R,"Lee 2002, Rideout 2010, Nojima 2021: pC1",dsx_high,Traced,,,both,2866,True,True
1783,male-cns:v0.9:12442,1217.3007,291,FlyEM_Male_CNS_Brain_v0.9,m,JRC2018_Unisex_20x_HR,Brain,P1_4a,P1_4a_L,20191213_64_H1_Channel3.csv,12442,pC1_4a,pC1_4a_L,L,"Lee 2002, Rideout 2010, Nojima 2021: pC1",dsx_high,Traced,,,both,913,True,True
1856,male-cns:v0.9:12448,1115.4935,170,FlyEM_Male_CNS_Brain_v0.9,m,JRC2018_Unisex_20x_HR,Brain,P1_18a,P1_18a_L,20191213_64_H1_Channel3.csv,12448,pC1_18a,pC1_18a_L,L,"Lee 2002, Rideout 2010, Nojima 2021: pC1",dsx_low,Traced,,,both,916,True,True
1941,male-cns:v0.9:557035,989.599,220,FlyEM_Male_CNS_Brain_v0.9,m,JRC2018_Unisex_20x_HR,Brain,P1_5b,P1_5b_L,20191213_64_H1_Channel3.csv,557035,pC1_5b,pC1_5b_L,L,"Lee 2002, Rideout 2010, Nojima 2021: pC1; Cachero 2010: pMP-e; Yu 2010: pMP4",coexpress_high,Traced,,,both,5296,True,True
1960,male-cns:v0.9:20803,960.6082,284,FlyEM_Male_CNS_Brain_v0.9,m,JRC2018_Unisex_20x_HR,Brain,P1_4a,P1_4a_R,20191213_64_H1_Channel3.csv,20803,pC1_4a,pC1_4a_R,R,"Lee 2002, Rideout 2010, Nojima 2021: pC1",dsx_high,Traced,,,both,2427,True,True
1962,male-cns:v0.9:15329,959.97614,200,FlyEM_Male_CNS_Brain_v0.9,m,JRC2018_Unisex_20x_HR,Brain,P1_2a,P1_2a_R,20191213_64_H1_Channel3.csv,15329,pC1_2a,pC1_2a_R,R,"Lee 2002, Rideout 2010, Nojima 2021: pC1; Cachero 2010: pMP-e; Yu 2010: pMP4",coexpress_high,Traced,,,both,,False,True
1976,male-cns:v0.9:18017,937.25305,444,FlyEM_Male_CNS_Brain_v0.9,m,JRC2018_Unisex_20x_HR,Brain,P1_3c,P1_3c_L,20191213_64_H1_Channel3.csv,18017,pC1_3c,pC1_3c_L,L,"Lee 2002, Rideout 2010, Nojima 2021: pC1; Cachero 2010: pMP-e; Yu 2010: pMP4",coexpress_high,Traced,,,both,2055,True,True
1995,male-cns:v0.9:70011,912.04047,257,FlyEM_Male_CNS_Brain_v0.9,m,JRC2018_Unisex_20x_HR,Brain,P1_5b,P1_5b_L,20191213_64_H1_Channel3.csv,70011,pC1_5b,pC1_5b_L,L,"Lee 2002, Rideout 2010, Nojima 2021: pC1; Cachero 2010: pMP-e; Yu 2010: pMP4",coexpress_high,Traced,,,both,3792,True,True
2004,male-cns:v0.9:17564,899.15137,234,FlyEM_Male_CNS_Brain_v0.9,m,JRC2018_Unisex_20x_HR,Brain,P1_2a,P1_2a_L,20191213_64_H1_Channel3.csv,17564,pC1_2a,pC1_2a_L,L,"Lee 2002, Rideout 2010, Nojima 2021: pC1; Cachero 2010: pMP-e; Yu 2010: pMP4",coexpress_high,Traced,,,both,,False,True
2033,male-cns:v0.9:519518,856.6171,228,FlyEM_Male_CNS_Brain_v0.9,m,JRC2018_Unisex_20x_HR,Brain,P1_4a,P1_4a_L,20191213_64_H1_Channel3.csv,519518,pC1_4a,pC1_4a_L,L,"Lee 2002, Rideout 2010, Nojima 2021: pC1",dsx_high,Traced,,,both,4646,True,True
2066,male-cns:v0.9:519297,815.34015,212,FlyEM_Male_CNS_Brain_v0.9,m,JRC2018_Unisex_20x_HR,Brain,P1_2a,P1_2a_R,20191213_64_H1_Channel3.csv,519297,pC1_2a,pC1_2a_R,R,"Lee 2002, Rideout 2010, Nojima 2021: pC1; Cachero 2010: pMP-e; Yu 2010: pMP4",coexpress_high,Traced,,,both,,False,True
2075,male-cns:v0.9:13266,810.3272,281,FlyEM_Male_CNS_Brain_v0.9,m,JRC2018_Unisex_20x_HR,Brain,P1_3b,P1_3b_L,20191213_64_H1_Channel3.csv,13266,pC1_3b,pC1_3b_L,L,"Lee 2002, Rideout 2010, Nojima 2021: pC1; Cachero 2010: pMP-e; Yu 2010: pMP4",coexpress_high,Traced,,,both,1152,True,True
2091,male-cns:v0.9:19650,797.0316,299,FlyEM_Male_CNS_Brain_v0.9,m,JRC2018_Unisex_20x_HR,Brain,P1_3a,P1_3a_L,20191213_64_H1_Channel3.csv,19650,pC1_3a,pC1_3a_L,L,"Lee 2002, Rideout 2010, Nojima 2021: pC1; Cachero 2010: pMP-e; Yu 2010: pMP4",coexpress_high,Traced,,,both,2279,True,True
2112,male-cns:v0.9:19948,770.56024,364,FlyEM_Male_CNS_Brain_v0.9,m,JRC2018_Unisex_20x_HR,Brain,P1_3c,P1_3c_R,20191213_64_H1_Channel3.csv,19948,pC1_3c,pC1_3c_R,R,"Lee 2002, Rideout 2010, Nojima 2021: pC1; Cachero 2010: pMP-e; Yu 2010: pMP4",coexpress_high,Traced,,,both,2318,True,True
2113,male-cns:v0.9:17867,770.4983,314,FlyEM_Male_CNS_Brain_v0.9,m,JRC2018_Unisex_20x_HR,Brain,P1_4b,P1_4b_L,20191213_64_H1_Channel3.csv,17867,pC1_4b,pC1_4b_L,L,"Lee 2002, Rideout 2010, Nojima 2021: pC1",dsx_high,Traced,,,both,2029,True,True
2115,male-cns:v0.9:16719,769.24176,277,FlyEM_Male_CNS_Brain_v0.9,m,JRC2018_Unisex_20x_HR,Brain,P1_4b,P1_4b_R,20191213_64_H1_Channel3.csv,16719,pC1_4b,pC1_4b_R,R,"Lee 2002, Rideout 2010, Nojima 2021: pC1",dsx_high,Traced,,,both,1836,True,True
2173,male-cns:v0.9:522419,713.1686,250,FlyEM_Male_CNS_Brain_v0.9,m,JRC2018_Unisex_20x_HR,Brain,P1_4a,P1_4a_L,20191213_64_H1_Channel3.csv,522419,pC1_4a,pC1_4a_L,L,"Lee 2002, Rideout 2010, Nojima 2021: pC1",dsx_high,Traced,,,both,4859,True,True
2175,male-cns:v0.9:19894,710.10583,315,FlyEM_Male_CNS_Brain_v0.9,m,JRC2018_Unisex_20x_HR,Brain,P1_3c,P1_3c_R,20191213_64_H1_Channel3.csv,19894,pC1_3c,pC1_3c_R,R,"Lee 2002, Rideout 2010, Nojima 2021: pC1; Cachero 2010: pMP-e; Yu 2010: pMP4",coexpress_high,Traced,,,both,,False,True
2206,male-cns:v0.9:18974,691.4661,278,FlyEM_Male_CNS_Brain_v0.9,m,JRC2018_Unisex_20x_HR,Brain,P1_3a,P1_3a_R,20191213_64_H1_Channel3.csv,18974,pC1_3a,pC1_3a_R,R,"Lee 2002, Rideout 2010, Nojima 2021: pC1; Cachero 2010: pMP-e; Yu 2010: pMP4",coexpress_high,Traced,,,both,2182,True,True
2215,male-cns:v0.9:17387,686.1834,265,FlyEM_Male_CNS_Brain_v0.9,m,JRC2018_Unisex_20x_HR,Brain,P1_2a/2b,P1_2a/2b_R,20191213_64_H1_Channel3.csv,17387,pC1_2a/2b,pC1_2a/2b_R,R,"Lee 2002, Rideout 2010, Nojima 2021: pC1; Cachero 2010: pMP-e; Yu 2010: pMP4",coexpress_high,Traced,,,both,,False,True
2238,male-cns:v0.9:15208,667.02454,264,FlyEM_Male_CNS_Brain_v0.9,m,JRC2018_Unisex_20x_HR,Brain,P1_1a,P1_1a_L,20191213_64_H1_Channel3.csv,15208,pC1_1a,pC1_1a_L,L,"Lee 2002, Rideout 2010, Nojima 2021: pC1; Cachero 2010: pMP-e; Yu 2010: pMP4",coexpress_high,Traced,,,both,1565,True,True
2248,male-cns:v0.9:29143,659.73047,264,FlyEM_Male_CNS_Brain_v0.9,m,JRC2018_Unisex_20x_HR,Brain,P1_5b,P1_5b_R,20191213_64_H1_Channel3.csv,29143,pC1_5b,pC1_5b_R,R,"Lee 2002, Rideout 2010, Nojima 2021: pC1; Cachero 2010: pMP-e; Yu 2010: pMP4",coexpress_high,Traced,,,both,3091,True,True
2264,male-cns:v0.9:23968,648.5003,250,FlyEM_Male_CNS_Brain_v0.9,m,JRC2018_Unisex_20x_HR,Brain,P1_4a,P1_4a_R,20191213_64_H1_Channel3.csv,23968,pC1_4a,pC1_4a_R,R,"Lee 2002, Rideout 2010, Nojima 2021: pC1",dsx_high,Traced,,,both,2720,True,True
2265,male-cns:v0.9:19136,647.87036,312,FlyEM_Male_CNS_Brain_v0.9,m,JRC2018_Unisex_20x_HR,Brain,P1_3c,P1_3c_L,20191213_64_H1_Channel3.csv,19136,pC1_3c,pC1_3c_L,L,"Lee 2002, Rideout 2010, Nojima 2021: pC1; Cachero 2010: pMP-e; Yu 2010: pMP4",coexpress_high,Traced,,,both,2210,True,True
2276,male-cns:v0.9:20392,637.60095,248,FlyEM_Male_CNS_Brain_v0.9,m,JRC2018_Unisex_20x_HR,Brain,P1_2c,P1_2c_R,20191213_64_H1_Channel3.csv,20392,pC1_2c,pC1_2c_R,R,"Lee 2002, Rideout 2010, Nojima 2021: pC1; Cachero 2010: pMP-e; Yu 2010: pMP4",coexpress_high,Traced,,,both,2364,True,True
2291,male-cns:v0.9:20117,623.1492,241,FlyEM_Male_CNS_Brain_v0.9,m,JRC2018_Unisex_20x_HR,Brain,P1_4a,P1_4a_R,20191213_64_H1_Channel3.csv,20117,pC1_4a,pC1_4a_R,R,"Lee 2002, Rideout 2010, Nojima 2021: pC1",dsx_high,Traced,,,both,2341,True,True
2341,male-cns:v0.9:13495,580.7725,233,FlyEM_Male_CNS_Brain_v0.9,m,JRC2018_Unisex_20x_HR,Brain,P1_11a,P1_11a_R,20191213_64_H1_Channel3.csv,13495,pC1_11a,pC1_11a_R,R,"Lee 2002, Rideout 2010, Nojima 2021: pC1",dsx_high,Traced,,,both,1207,True,True
2353,male-cns:v0.9:18554,571.3262,194,FlyEM_Male_CNS_Brain_v0.9,m,JRC2018_Unisex_20x_HR,Brain,P1_12b,P1_12b_R,20191213_64_H1_Channel3.csv,18554,pC1_12b,pC1_12b_R,R,"Lee 2002, Rideout 2010, Nojima 2021: pC1",dsx_high,Traced,,,both,2125,True,True
2356,male-cns:v0.9:35202,569.7229,199,FlyEM_Male_CNS_Brain_v0.9,m,JRC2018_Unisex_20x_HR,Brain,P1_17b,P1_17b_R,20191213_64_H1_Channel3.csv,35202,pC1_17b,pC1_17b_R,R,"Lee 2002, Rideout 2010, Nojima 2021: pC1; Cachero 2010: pMP-e; Yu 2010: pMP4",coexpress_low,Traced,,,both,,False,True
2375,male-cns:v0.9:26833,549.97577,134,FlyEM_Male_CNS_Brain_v0.9,m,JRC2018_Unisex_20x_HR,Brain,P1_16b,P1_16b_L,20191213_64_H1_Channel3.csv,26833,pC1_16b,pC1_16b_L,L,"Lee 2002, Rideout 2010, Nojima 2021: pC1; Cachero 2010: pMP-e; Yu 2010: pMP4",coexpress_high,Traced,,,both,,False,True
2389,male-cns:v0.9:17089,543.43884,188,FlyEM_Male_CNS_Brain_v0.9,m,JRC2018_Unisex_20x_HR,Brain,P1_12b,P1_12b_R,20191213_64_H1_Channel3.csv,17089,pC1_12b,pC1_12b_R,R,"Lee 2002, Rideout 2010, Nojima 2021: pC1",dsx_high,Traced,,,both,1900,True,True
2432,male-cns:v0.9:19085,516.9335,201,FlyEM_Male_CNS_Brain_v0.9,m,JRC2018_Unisex_20x_HR,Brain,P1_1a,P1_1a_R,20191213_64_H1_Channel3.csv,19085,pC1_1a,pC1_1a_R,R,"Lee 2002, Rideout 2010, Nojima 2021: pC1; Cachero 2010: pMP-e; Yu 2010: pMP4",coexpress_high,Traced,,,both,,False,True
2439,male-cns:v0.9:22093,513.7241,293,FlyEM_Male_CNS_Brain_v0.9,m,JRC2018_Unisex_20x_HR,Brain,P1_2c,P1_2c_L,20191213_64_H1_Channel3.csv,22093,pC1_2c,pC1_2c_L,L,"Lee 2002, Rideout 2010, Nojima 2021: pC1; Cachero 2010: pMP-e; Yu 2010: pMP4",coexpress_high,Traced,,,both,2558,True,True
2444,male-cns:v0.9:29483,508.25446,292,FlyEM_Male_CNS_Brain_v0.9,m,JRC2018_Unisex_20x_HR,Brain,P1_5b,P1_5b_R,20191213_64_H1_Channel3.csv,29483,pC1_5b,pC1_5b_R,R,"Lee 2002, Rideout 2010, Nojima 2021: pC1; Cachero 2010: pMP-e; Yu 2010: pMP4",coexpress_high,Traced,,,both,3118,True,True
2447,male-cns:v0.9:514925,506.2004,227,FlyEM_Male_CNS_Brain_v0.9,m,JRC2018_Unisex_20x_HR,Brain,P1_3b,P1_3b_R,20191213_64_H1_Channel3.csv,514925,pC1_3b,pC1_3b_R,R,"Lee 2002, Rideout 2010, Nojima 2021: pC1; Cachero 2010: pMP-e; Yu 2010: pMP4",coexpress_high,Traced,,,both,,False,True
2465,male-cns:v0.9:512011,496.457,197,FlyEM_Male_CNS_Brain_v0.9,m,JRC2018_Unisex_20x_HR,Brain,P1_12a,P1_12a_R,20191213_64_H1_Channel3.csv,512011,pC1_12a,pC1_12a_R,R,"Lee 2002, Rideout 2010, Nojima 2021: pC1; Cachero 2010: pMP-e; Yu 2010: pMP4",coexpress_low,Traced,,,both,4267,True,True
2492,male-cns:v0.9:170209,481.41516,132,FlyEM_Male_CNS_Brain_v0.9,m,JRC2018_Unisex_20x_HR,Brain,P1_19,P1_19_R,20191213_64_H1_Channel3.csv,170209,pC1_19,pC1_19_R,R,"Lee 2002, Rideout 2010, Nojima 2021: pC1",dsx_high,Traced,,,both,4142,True,True
2512,male-cns:v0.9:220200,472.8136,227,FlyEM_Male_CNS_Brain_v0.9,m,JRC2018_Unisex_20x_HR,Brain,P1_13b,P1_13b_R,20191213_64_H1_Channel3.csv,220200,pC1_13b,pC1_13b_R,R,"Lee 2002, Rideout 2010, Nojima 2021: pC1",dsx_high,Traced,,,both,4190,True,True
2515,male-cns:v0.9:13562,471.54636,216,FlyEM_Male_CNS_Brain_v0.9,m,JRC2018_Unisex_20x_HR,Brain,P1_12b,P1_12b_L,20191213_64_H1_Channel3.csv,13562,pC1_12b,pC1_12b_L,L,"Lee 2002, Rideout 2010, Nojima 2021: pC1",dsx_high,Traced,,,both,1219,True,True
2522,male-cns:v0.9:513652,469.45468,227,FlyEM_Male_CNS_Brain_v0.9,m,JRC2018_Unisex_20x_HR,Brain,P1_7b,P1_7b_L,20191213_64_H1_Channel3.csv,513652,pC1_7b,pC1_7b_L,L,"Lee 2002, Rideout 2010, Nojima 2021: pC1; Cachero 2010: pMP-e; Yu 2010: pMP4",coexpress_low,Traced,,,both,4376,True,True
2528,male-cns:v0.9:19705,466.63913,196,FlyEM_Male_CNS_Brain_v0.9,m,JRC2018_Unisex_20x_HR,Brain,P1_2b,P1_2b_R,20191213_64_H1_Channel3.csv,19705,pC1_2b,pC1_2b_R,R,"Lee 2002, Rideout 2010, Nojima 2021: pC1; Cachero 2010: pMP-e; Yu 2010: pMP4",coexpress_high,Traced,,,both,2287,True,True
2535,male-cns:v0.9:555747,462.24957,202,FlyEM_Male_CNS_Brain_v0.9,m,JRC2018_Unisex_20x_HR,Brain,P1_13c,P1_13c_R,20191213_64_H1_Channel3.csv,555747,pC1_13c,pC1_13c_R,R,"Lee 2002, Rideout 2010, Nojima 2021: pC1",dsx_high,Traced,,,both,,False,True
2541,male-cns:v0.9:127881,458.83862,134,FlyEM_Male_CNS_Brain_v0.9,m,JRC2018_Unisex_20x_HR,Brain,P1_19,P1_19_L,20191213_64_H1_Channel3.csv,127881,pC1_19,pC1_19_L,L,"Lee 2002, Rideout 2010, Nojima 2021: pC1",dsx_high,Traced,,,both,4068,True,True
2556,male-cns:v0.9:13655,450.95114,215,FlyEM_Male_CNS_Brain_v0.9,m,JRC2018_Unisex_20x_HR,Brain,P1_11b,P1_11b_R,20191213_64_H1_Channel3.csv,13655,pC1_11b,pC1_11b_R,R,"Lee 2002, Rideout 2010, Nojima 2021: pC1",dsx_high,Traced,,,both,1247,True,True
2558,male-cns:v0.9:519914,448.95416,244,FlyEM_Male_CNS_Brain_v0.9,m,JRC2018_Unisex_20x_HR,Brain,P1_1a,P1_1a_L,20191213_64_H1_Channel3.csv,519914,pC1_1a,pC1_1a_L,L,"Lee 2002, Rideout 2010, Nojima 2021: pC1; Cachero 2010: pMP-e; Yu 2010: pMP4",coexpress_high,Traced,,,both,4678,True,True
2576,male-cns:v0.9:33553,440.09457,149,FlyEM_Male_CNS_Brain_v0.9,m,JRC2018_Unisex_20x_HR,Brain,P1_14a,P1_14a_R,20191213_64_H1_Channel3.csv,33553,pC1_14a,pC1_14a_R,R,"Lee 2002, Rideout 2010, Nojima 2021: pC1; Cachero 2010: pMP-e; Yu 2010: pMP4",coexpress_low,Traced,,,both,3279,True,True
2587,male-cns:v0.9:18913,433.11588,341,FlyEM_Male_CNS_Brain_v0.9,m,JRC2018_Unisex_20x_HR,Brain,P1_2b,P1_2b_L,20191213_64_H1_Channel3.csv,18913,pC1_2b,pC1_2b_L,L,"Lee 2002, Rideout 2010, Nojima 2021: pC1; Cachero 2010: pMP-e; Yu 2010: pMP4",coexpress_high,Traced,,,both,2174,True,True
2588,male-cns:v0.9:17851,432.79837,349,FlyEM_Male_CNS_Brain_v0.9,m,JRC2018_Unisex_20x_HR,Brain,P1_12b,P1_12b_L,20191213_64_H1_Channel3.csv,17851,pC1_12b,pC1_12b_L,L,"Lee 2002, Rideout 2010, Nojima 2021: pC1",dsx_high,Traced,,,both,2027,True,True
2603,male-cns:v0.9:98113,426.213,118,FlyEM_Male_CNS_Brain_v0.9,m,JRC2018_Unisex_20x_HR,Brain,P1_19,P1_19_L,20191213_64_H1_Channel3.csv,98113,pC1_19,pC1_19_L,L,"Lee 2002, Rideout 2010, Nojima 2021: pC1",dsx_high,Traced,,,both,3971,True,True
2607,male-cns:v0.9:33041,423.31284,142,FlyEM_Male_CNS_Brain_v0.9,m,JRC2018_Unisex_20x_HR,Brain,P1_16b,P1_16b_R,20191213_64_H1_Channel3.csv,33041,pC1_16b,pC1_16b_R,R,"Lee 2002, Rideout 2010, Nojima 2021: pC1; Cachero 2010: pMP-e; Yu 2010: pMP4",coexpress_high,Traced,,,both,,False,True
2633,male-cns:v0.9:58786,409.54333,118,FlyEM_Male_CNS_Brain_v0.9,m,JRC2018_Unisex_20x_HR,Brain,P1_16b,P1_16b_R,20191213_64_H1_Channel3.csv,58786,pC1_16b,pC1_16b_R,R,"Lee 2002, Rideout 2010, Nojima 2021: pC1; Cachero 2010: pMP-e; Yu 2010: pMP4",coexpress_high,Traced,,,both,,False,True
2636,male-cns:v0.9:68624,407.7652,165,FlyEM_Male_CNS_Brain_v0.9,m,JRC2018_Unisex_20x_HR,Brain,P1_19,P1_19_L,20191213_64_H1_Channel3.csv,68624,pC1_19,pC1_19_L,L,"Lee 2002, Rideout 2010, Nojima 2021: pC1",dsx_high,Traced,,,both,3783,True,True
2644,male-cns:v0.9:513651,402.57938,199,FlyEM_Male_CNS_Brain_v0.9,m,JRC2018_Unisex_20x_HR,Brain,P1_7b,P1_7b_L,20191213_64_H1_Channel3.csv,513651,pC1_7b,pC1_7b_L,L,"Lee 2002, Rideout 2010, Nojima 2021: pC1; Cachero 2010: pMP-e; Yu 2010: pMP4",coexpress_low,Traced,,,both,4375,True,True
2652,male-cns:v0.9:18990,401.06836,274,FlyEM_Male_CNS_Brain_v0.9,m,JRC2018_Unisex_20x_HR,Brain,P1_11a,P1_11a_L,20191213_64_H1_Channel3.csv,18990,pC1_11a,pC1_11a_L,L,"Lee 2002, Rideout 2010, Nojima 2021: pC1",dsx_high,Traced,,,both,2186,True,True
2658,male-cns:v0.9:36545,399.67017,138,FlyEM_Male_CNS_Brain_v0.9,m,JRC2018_Unisex_20x_HR,Brain,P1_17b,P1_17b_R,20191213_64_H1_Channel3.csv,36545,pC1_17b,pC1_17b_R,R,"Lee 2002, Rideout 2010, Nojima 2021: pC1; Cachero 2010: pMP-e; Yu 2010: pMP4",coexpress_low,Traced,,,both,,False,True
2663,male-cns:v0.9:66610,396.9465,143,FlyEM_Male_CNS_Brain_v0.9,m,JRC2018_Unisex_20x_HR,Brain,P1_16b,P1_16b_R,20191213_64_H1_Channel3.csv,66610,pC1_16b,pC1_16b_R,R,"Lee 2002, Rideout 2010, Nojima 2021: pC1; Cachero 2010: pMP-e; Yu 2010: pMP4",coexpress_high,Traced,,,both,,False,True
2664,male-cns:v0.9:23661,396.22833,122,FlyEM_Male_CNS_Brain_v0.9,m,JRC2018_Unisex_20x_HR,Brain,P1_17b,P1_17b_L,20191213_64_H1_Channel3.csv,23661,pC1_17b,pC1_17b_L,L,"Lee 2002, Rideout 2010, Nojima 2021: pC1; Cachero 2010: pMP-e; Yu 2010: pMP4",coexpress_low,Traced,,,both,,False,True
2667,male-cns:v0.9:29043,394.90305,173,FlyEM_Male_CNS_Brain_v0.9,m,JRC2018_Unisex_20x_HR,Brain,P1_7a,P1_7a_L,20191213_64_H1_Channel3.csv,29043,pC1_7a,pC1_7a_L,L,"Lee 2002, Rideout 2010, Nojima 2021: pC1; Cachero 2010: pMP-e; Yu 2010: pMP4",coexpress_low,Traced,,,both,3085,True,True
2672,male-cns:v0.9:25746,391.57733,142,FlyEM_Male_CNS_Brain_v0.9,m,JRC2018_Unisex_20x_HR,Brain,P1_16b,P1_16b_R,20191213_64_H1_Channel3.csv,25746,pC1_16b,pC1_16b_R,R,"Lee 2002, Rideout 2010, Nojima 2021: pC1; Cachero 2010: pMP-e; Yu 2010: pMP4",coexpress_high,Traced,,,both,,False,True
2673,male-cns:v0.9:514077,391.30292,380,FlyEM_Male_CNS_Brain_v0.9,m,JRC2018_Unisex_20x_HR,Brain,P1_11b,P1_11b_L,20191213_64_H1_Channel3.csv,514077,pC1_11b,pC1_11b_L,L,"Lee 2002, Rideout 2010, Nojima 2021: pC1",dsx_high,Traced,,,both,4406,True,True
2676,male-cns:v0.9:513129,389.62283,162,FlyEM_Male_CNS_Brain_v0.9,m,JRC2018_Unisex_20x_HR,Brain,P1_8b,P1_8b_L,20191213_64_H1_Channel3.csv,513129,pC1_8b,pC1_8b_L,L,"Lee 2002, Rideout 2010, Nojima 2021: pC1",dsx_high,Traced,,,both,4341,True,True
2679,male-cns:v0.9:102224,388.07126,169,FlyEM_Male_CNS_Brain_v0.9,m,JRC2018_Unisex_20x_HR,Brain,P1_5a,P1_5a_L,20191213_64_H1_Channel3.csv,102224,pC1_5a,pC1_5a_L,L,"Lee 2002, Rideout 2010, Nojima 2021: pC1; Cachero 2010: pMP-e; Yu 2010: pMP4",coexpress_low,Traced,,,both,3990,True,True
2685,male-cns:v0.9:29280,385.50943,174,FlyEM_Male_CNS_Brain_v0.9,m,JRC2018_Unisex_20x_HR,Brain,P1_1a,P1_1a_R,20191213_64_H1_Channel3.csv,29280,pC1_1a,pC1_1a_R,R,"Lee 2002, Rideout 2010, Nojima 2021: pC1; Cachero 2010: pMP-e; Yu 2010: pMP4",coexpress_high,Traced,,,both,,False,True
2692,male-cns:v0.9:55986,381.6816,144,FlyEM_Male_CNS_Brain_v0.9,m,JRC2018_Unisex_20x_HR,Brain,P1_14a,P1_14a_L,20191213_64_H1_Channel3.csv,55986,pC1_14a,pC1_14a_L,L,"Lee 2002, Rideout 2010, Nojima 2021: pC1; Cachero 2010: pMP-e; Yu 2010: pMP4",coexpress_low,Traced,,,both,3687,True,True
2695,male-cns:v0.9:20255,381.4096,207,FlyEM_Male_CNS_Brain_v0.9,m,JRC2018_Unisex_20x_HR,Brain,P1_1a,P1_1a_L,20191213_64_H1_Channel3.csv,20255,pC1_1a,pC1_1a_L,L,"Lee 2002, Rideout 2010, Nojima 2021: pC1; Cachero 2010: pMP-e; Yu 2010: pMP4",coexpress_high,Traced,,,both,2357,True,True
2697,male-cns:v0.9:21507,380.4737,316,FlyEM_Male_CNS_Brain_v0.9,m,JRC2018_Unisex_20x_HR,Brain,P1_6a,P1_6a_R,20191213_64_H1_Channel3.csv,21507,pC1_6a,pC1_6a_R,R,Cachero 2010: pMP-e; Yu 2010: pMP4,coexpress_low,Traced,,,both,2499,True,True
2700,male-cns:v0.9:53355,377.8012,203,FlyEM_Male_CNS_Brain_v0.9,m,JRC2018_Unisex_20x_HR,Brain,P1_7a,P1_7a_L,20191213_64_H1_Channel3.csv,53355,pC1_7a,pC1_7a_L,L,"Lee 2002, Rideout 2010, Nojima 2021: pC1; Cachero 2010: pMP-e; Yu 2010: pMP4",coexpress_low,Traced,,,both,3664,True,True
2703,male-cns:v0.9:26993,376.88385,242,FlyEM_Male_CNS_Brain_v0.9,m,JRC2018_Unisex_20x_HR,Brain,P1_1b,P1_1b_R,20191213_64_H1_Channel3.csv,26993,pC1_1b,pC1_1b_R,R,"Lee 2002, Rideout 2010, Nojima 2021: pC1; Cachero 2010: pMP-e; Yu 2010: pMP4",coexpress_high,Traced,,,both,2963,True,True
2708,male-cns:v0.9:44515,376.59677,193,FlyEM_Male_CNS_Brain_v0.9,m,JRC2018_Unisex_20x_HR,Brain,P1_14a,P1_14a_L,20191213_64_H1_Channel3.csv,44515,pC1_14a,pC1_14a_L,L,"Lee 2002, Rideout 2010, Nojima 2021: pC1; Cachero 2010: pMP-e; Yu 2010: pMP4",coexpress_low,Traced,,,both,3549,True,True
2711,male-cns:v0.9:16262,374.04892,272,FlyEM_Male_CNS_Brain_v0.9,m,JRC2018_Unisex_20x_HR,Brain,P1_1b,P1_1b_L,20191213_64_H1_Channel3.csv,16262,pC1_1b,pC1_1b_L,L,"Lee 2002, Rideout 2010, Nojima 2021: pC1; Cachero 2010: pMP-e; Yu 2010: pMP4",coexpress_high,Traced,,,both,1760,True,True
2719,male-cns:v0.9:29214,371.3169,158,FlyEM_Male_CNS_Brain_v0.9,m,JRC2018_Unisex_20x_HR,Brain,P1_14a,P1_14a_R,20191213_64_H1_Channel3.csv,29214,pC1_14a,pC1_14a_R,R,"Lee 2002, Rideout 2010, Nojima 2021: pC1; Cachero 2010: pMP-e; Yu 2010: pMP4",coexpress_low,Traced,,,both,3097,True,True
2732,male-cns:v0.9:535835,363.677,144,FlyEM_Male_CNS_Brain_v0.9,m,JRC2018_Unisex_20x_HR,Brain,P1_16b,P1_16b_L,20191213_64_H1_Channel3.csv,535835,pC1_16b,pC1_16b_L,L,"Lee 2002, Rideout 2010, Nojima 2021: pC1; Cachero 2010: pMP-e; Yu 2010: pMP4",coexpress_high,Traced,,,both,5222,True,True
2742,male-cns:v0.9:20597,356.42404,296,FlyEM_Male_CNS_Brain_v0.9,m,JRC2018_Unisex_20x_HR,Brain,P1_6a,P1_6a_R,20191213_64_H1_Channel3.csv,20597,pC1_6a,pC1_6a_R,R,Cachero 2010: pMP-e; Yu 2010: pMP4,coexpress_low,Traced,,,both,2397,True,True
2746,male-cns:v0.9:24623,355.14926,185,FlyEM_Male_CNS_Brain_v0.9,m,JRC2018_Unisex_20x_HR,Brain,P1_6b,P1_6b_R,20191213_64_H1_Channel3.csv,24623,pC1_6b,pC1_6b_R,R,"Lee 2002, Rideout 2010, Nojima 2021: pC1",coexpress_high,Traced,,,both,2786,True,True
2790,male-cns:v0.9:25542,337.23236,249,FlyEM_Male_CNS_Brain_v0.9,m,JRC2018_Unisex_20x_HR,Brain,P1_7a,P1_7a_R,20191213_64_H1_Channel3.csv,25542,pC1_7a,pC1_7a_R,R,"Lee 2002, Rideout 2010, Nojima 2021: pC1; Cachero 2010: pMP-e; Yu 2010: pMP4",coexpress_low,Traced,,,both,2869,True,True
2801,male-cns:v0.9:26543,334.33865,197,FlyEM_Male_CNS_Brain_v0.9,m,JRC2018_Unisex_20x_HR,Brain,P1_6a,P1_6a_L,20191213_64_H1_Channel3.csv,26543,pC1_6a,pC1_6a_L,L,Cachero 2010: pMP-e; Yu 2010: pMP4,coexpress_low,Traced,,,both,2934,True,True
2812,male-cns:v0.9:528986,329.8175,201,FlyEM_Male_CNS_Brain_v0.9,m,JRC2018_Unisex_20x_HR,Brain,P1_6a,P1_6a_R,20191213_64_H1_Channel3.csv,528986,pC1_6a,pC1_6a_R,R,Cachero 2010: pMP-e; Yu 2010: pMP4,coexpress_low,Traced,,,both,5081,True,True
2823,male-cns:v0.9:23695,327.2816,155,FlyEM_Male_CNS_Brain_v0.9,m,JRC2018_Unisex_20x_HR,Brain,P1_14a,P1_14a_L,20191213_64_H1_Channel3.csv,23695,pC1_14a,pC1_14a_L,L,"Lee 2002, Rideout 2010, Nojima 2021: pC1; Cachero 2010: pMP-e; Yu 2010: pMP4",coexpress_low,Traced,,,both,2690,True,True
2829,male-cns:v0.9:125721,324.54208,109,FlyEM_Male_CNS_Brain_v0.9,m,JRC2018_Unisex_20x_HR,Brain,P1_19,P1_19_R,20191213_64_H1_Channel3.csv,125721,pC1_19,pC1_19_R,R,"Lee 2002, Rideout 2010, Nojima 2021: pC1",dsx_high,Traced,,,both,4063,True,True
2844,male-cns:v0.9:15876,314.8512,190,FlyEM_Male_CNS_Brain_v0.9,m,JRC2018_Unisex_20x_HR,Brain,P1_9a,P1_9a_L,20191213_64_H1_Channel3.csv,15876,pC1_9a,pC1_9a_L,L,,,Traced,,,both,,False,True
2845,male-cns:v0.9:524747,314.737,171,FlyEM_Male_CNS_Brain_v0.9,m,JRC2018_Unisex_20x_HR,Brain,P1_2a,P1_2a_L,20191213_64_H1_Channel3.csv,524747,pC1_2a,pC1_2a_L,L,"Lee 2002, Rideout 2010, Nojima 2021: pC1; Cachero 2010: pMP-e; Yu 2010: pMP4",coexpress_high,Traced,,,both,5000,True,True
2862,male-cns:v0.9:524296,309.3894,198,FlyEM_Male_CNS_Brain_v0.9,m,JRC2018_Unisex_20x_HR,Brain,P1_1a,P1_1a_L,20191213_64_H1_Channel3.csv,524296,pC1_1a,pC1_1a_L,L,"Lee 2002, Rideout 2010, Nojima 2021: pC1; Cachero 2010: pMP-e; Yu 2010: pMP4",coexpress_high,Traced,,,both,4975,True,True
2873,male-cns:v0.9:30391,305.35608,197,FlyEM_Male_CNS_Brain_v0.9,m,JRC2018_Unisex_20x_HR,Brain,P1_8b,P1_8b_R,20191213_64_H1_Channel3.csv,30391,pC1_8b,pC1_8b_R,R,"Lee 2002, Rideout 2010, Nojima 2021: pC1",dsx_high,Traced,,,both,3163,True,True
2874,male-cns:v0.9:513654,305.16983,146,FlyEM_Male_CNS_Brain_v0.9,m,JRC2018_Unisex_20x_HR,Brain,P1_16b,P1_16b_L,20191213_64_H1_Channel3.csv,513654,pC1_16b,pC1_16b_L,L,"Lee 2002, Rideout 2010, Nojima 2021: pC1; Cachero 2010: pMP-e; Yu 2010: pMP4",coexpress_high,Traced,,,both,,False,True
2879,male-cns:v0.9:43592,301.77594,134,FlyEM_Male_CNS_Brain_v0.9,m,JRC2018_Unisex_20x_HR,Brain,P1_7b,P1_7b_R,20191213_64_H1_Channel3.csv,43592,pC1_7b,pC1_7b_R,R,"Lee 2002, Rideout 2010, Nojima 2021: pC1; Cachero 2010: pMP-e; Yu 2010: pMP4",coexpress_low,Traced,,,both,3537,True,True
2880,male-cns:v0.9:513650,301.76047,186,FlyEM_Male_CNS_Brain_v0.9,m,JRC2018_Unisex_20x_HR,Brain,P1_12a,P1_12a_L,20191213_64_H1_Channel3.csv,513650,pC1_12a,pC1_12a_L,L,"Lee 2002, Rideout 2010, Nojima 2021: pC1; Cachero 2010: pMP-e; Yu 2010: pMP4",coexpress_low,Traced,,,both,4374,True,True
2881,male-cns:v0.9:516522,301.29495,105,FlyEM_Male_CNS_Brain_v0.9,m,JRC2018_Unisex_20x_HR,Brain,P1_14a,P1_14a_R,20191213_64_H1_Channel3.csv,516522,pC1_14a,pC1_14a_R,R,"Lee 2002, Rideout 2010, Nojima 2021: pC1; Cachero 2010: pMP-e; Yu 2010: pMP4",coexpress_low,Traced,,,both,4525,True,True
2922,male-cns:v0.9:521453,285.6843,273,FlyEM_Male_CNS_Brain_v0.9,m,JRC2018_Unisex_20x_HR,Brain,P1_6a,P1_6a_L,20191213_64_H1_Channel3.csv,521453,pC1_6a,pC1_6a_L,L,Cachero 2010: pMP-e; Yu 2010: pMP4,coexpress_low,Traced,,,both,4798,True,True
2928,male-cns:v0.9:47325,284.16785,260,FlyEM_Male_CNS_Brain_v0.9,m,JRC2018_Unisex_20x_HR,Brain,P1_8c,P1_8c_L,20191213_64_H1_Channel3.csv,47325,pC1_8c,pC1_8c_L,L,"Lee 2002, Rideout 2010, Nojima 2021: pC1",dsx_high,Traced,,,both,3596,True,True
2961,male-cns:v0.9:517735,269.97202,143,FlyEM_Male_CNS_Brain_v0.9,m,JRC2018_Unisex_20x_HR,Brain,P1_6b,P1_6b_L,20191213_64_H1_Channel3.csv,517735,pC1_6b,pC1_6b_L,L,"Lee 2002, Rideout 2010, Nojima 2021: pC1",coexpress_high,Traced,,,both,4575,True,True
2965,male-cns:v0.9:25740,268.41577,149,FlyEM_Male_CNS_Brain_v0.9,m,JRC2018_Unisex_20x_HR,Brain,P1_14b,P1_14b_R,20191213_64_H1_Channel3.csv,25740,pC1_14b,pC1_14b_R,R,"Lee 2002, Rideout 2010, Nojima 2021: pC1; Cachero 2010: pMP-e; Yu 2010: pMP4",coexpress_low,Traced,,,both,2888,True,True
2983,male-cns:v0.9:32950,259.59863,133,FlyEM_Male_CNS_Brain_v0.9,m,JRC2018_Unisex_20x_HR,Brain,P1_5a,P1_5a_R,20191213_64_H1_Channel3.csv,32950,pC1_5a,pC1_5a_R,R,"Lee 2002, Rideout 2010, Nojima 2021: pC1; Cachero 2010: pMP-e; Yu 2010: pMP4",coexpress_low,Traced,,,both,3254,True,True
2986,male-cns:v0.9:79642,257.57486,82,FlyEM_Male_CNS_Brain_v0.9,m,JRC2018_Unisex_20x_HR,Brain,P1_19,P1_19_R,20191213_64_H1_Channel3.csv,79642,pC1_19,pC1_19_R,R,"Lee 2002, Rideout 2010, Nojima 2021: pC1",dsx_high,Traced,,,both,3860,True,True
2988,male-cns:v0.9:517519,257.25574,159,FlyEM_Male_CNS_Brain_v0.9,m,JRC2018_Unisex_20x_HR,Brain,P1_10b,P1_10b_L,20191213_64_H1_Channel3.csv,517519,pC1_10b,pC1_10b_L,L,"Lee 2002, Rideout 2010, Nojima 2021: pC1",dsx_high,Traced,,,both,,False,True
2992,male-cns:v0.9:26746,254.37477,178,FlyEM_Male_CNS_Brain_v0.9,m,JRC2018_Unisex_20x_HR,Brain,P1_7b,P1_7b_R,20191213_64_H1_Channel3.csv,26746,pC1_7b,pC1_7b_R,R,"Lee 2002, Rideout 2010, Nojima 2021: pC1; Cachero 2010: pMP-e; Yu 2010: pMP4",coexpress_low,Traced,,,both,2947,True,True
2993,male-cns:v0.9:156865,253.64174,137,FlyEM_Male_CNS_Brain_v0.9,m,JRC2018_Unisex_20x_HR,Brain,P1_19,P1_19_L,20191213_64_H1_Channel3.csv,156865,pC1_19,pC1_19_L,L,"Lee 2002, Rideout 2010, Nojima 2021: pC1",dsx_high,Traced,,,both,4123,True,True
3012,male-cns:v0.9:526918,247.34377,181,FlyEM_Male_CNS_Brain_v0.9,m,JRC2018_Unisex_20x_HR,Brain,P1_1a,P1_1a_R,20191213_64_H1_Channel3.csv,526918,pC1_1a,pC1_1a_R,R,"Lee 2002, Rideout 2010, Nojima 2021: pC1; Cachero 2010: pMP-e; Yu 2010: pMP4",coexpress_high,Traced,,,both,5064,True,True
3026,male-cns:v0.9:30699,242.76328,166,FlyEM_Male_CNS_Brain_v0.9,m,JRC2018_Unisex_20x_HR,Brain,P1_10b,P1_10b_R,20191213_64_H1_Channel3.csv,30699,pC1_10b,pC1_10b_R,R,"Lee 2002, Rideout 2010, Nojima 2021: pC1",dsx_high,Traced,,,both,,False,True
3036,male-cns:v0.9:515977,240.26039,198,FlyEM_Male_CNS_Brain_v0.9,m,JRC2018_Unisex_20x_HR,Brain,P1_10b,P1_10b_R,20191213_64_H1_Channel3.csv,515977,pC1_10b,pC1_10b_R,R,"Lee 2002, Rideout 2010, Nojima 2021: pC1",dsx_high,Traced,,,both,4500,True,True
3041,male-cns:v0.9:71385,238.18013,188,FlyEM_Male_CNS_Brain_v0.9,m,JRC2018_Unisex_20x_HR,Brain,P1_7a,P1_7a_R,20191213_64_H1_Channel3.csv,71385,pC1_7a,pC1_7a_R,R,"Lee 2002, Rideout 2010, Nojima 2021: pC1; Cachero 2010: pMP-e; Yu 2010: pMP4",coexpress_low,Traced,,,both,3801,True,True
3044,male-cns:v0.9:30546,237.22115,164,FlyEM_Male_CNS_Brain_v0.9,m,JRC2018_Unisex_20x_HR,Brain,P1_10d,P1_10d_R,20191213_64_H1_Channel3.csv,30546,pC1_10d,pC1_10d_R,R,"Lee 2002, Rideout 2010, Nojima 2021: pC1",dsx_high,Traced,,,both,3170,True,True
3068,male-cns:v0.9:19672,225.6105,153,FlyEM_Male_CNS_Brain_v0.9,m,JRC2018_Unisex_20x_HR,Brain,P1_13a,P1_13a_R,20191213_64_H1_Channel3.csv,19672,pC1_13a,pC1_13a_R,R,"Lee 2002, Rideout 2010, Nojima 2021: pC1; Cachero 2010: pMP-e; Yu 2010: pMP4",coexpress_high,Traced,,,both,2282,True,True
3095,male-cns:v0.9:46570,214.82626,144,FlyEM_Male_CNS_Brain_v0.9,m,JRC2018_Unisex_20x_HR,Brain,P1_14b,P1_14b_L,20191213_64_H1_Channel3.csv,46570,pC1_14b,pC1_14b_L,L,"Lee 2002, Rideout 2010, Nojima 2021: pC1; Cachero 2010: pMP-e; Yu 2010: pMP4",coexpress_low,Traced,,,both,3587,True,True
3113,male-cns:v0.9:41518,209.00186,162,FlyEM_Male_CNS_Brain_v0.9,m,JRC2018_Unisex_20x_HR,Brain,P1_8c,P1_8c_R,20191213_64_H1_Channel3.csv,41518,pC1_8c,pC1_8c_R,R,"Lee 2002, Rideout 2010, Nojima 2021: pC1",dsx_high,Traced,,,both,3499,True,True
3129,male-cns:v0.9:23924,200.93477,192,FlyEM_Male_CNS_Brain_v0.9,m,JRC2018_Unisex_20x_HR,Brain,P1_13b,P1_13b_L,20191213_64_H1_Channel3.csv,23924,pC1_13b,pC1_13b_L,L,"Lee 2002, Rideout 2010, Nojima 2021: pC1",dsx_high,Traced,,,both,2714,True,True
3246,male-cns:v0.9:25204,163.00679,162,FlyEM_Male_CNS_Brain_v0.9,m,JRC2018_Unisex_20x_HR,Brain,P1_13a,P1_13a_L,20191213_64_H1_Channel3.csv,25204,pC1_13a,pC1_13a_L,L,"Lee 2002, Rideout 2010, Nojima 2021: pC1; Cachero 2010: pMP-e; Yu 2010: pMP4",coexpress_high,Traced,,,both,2844,True,True
20,male-cns:v0.9:522419,18494.846,638,FlyEM_Male_CNS_Brain_v0.9,m,JRC2018_Unisex_20x_HR,Brain,P1_4a,P1_4a_L,20191213_64_H3_Channel1.csv,522419,pC1_4a,pC1_4a_L,L,"Lee 2002, Rideout 2010, Nojima 2021: pC1",dsx_high,Traced,,,both,4859,True,True
21,male-cns:v0.9:20117,17648.94,625,FlyEM_Male_CNS_Brain_v0.9,m,JRC2018_Unisex_20x_HR,Brain,P1_4a,P1_4a_R,20191213_64_H3_Channel1.csv,20117,pC1_4a,pC1_4a_R,R,"Lee 2002, Rideout 2010, Nojima 2021: pC1",dsx_high,Traced,,,both,2341,True,True
25,male-cns:v0.9:514925,15767.622,700,FlyEM_Male_CNS_Brain_v0.9,m,JRC2018_Unisex_20x_HR,Brain,P1_3b,P1_3b_R,20191213_64_H3_Channel1.csv,514925,pC1_3b,pC1_3b_R,R,"Lee 2002, Rideout 2010, Nojima 2021: pC1; Cachero 2010: pMP-e; Yu 2010: pMP4",coexpress_high,Traced,,,both,,False,True
32,male-cns:v0.9:19894,14177.881,372,FlyEM_Male_CNS_Brain_v0.9,m,JRC2018_Unisex_20x_HR,Brain,P1_3c,P1_3c_R,20191213_64_H3_Channel1.csv,19894,pC1_3c,pC1_3c_R,R,"Lee 2002, Rideout 2010, Nojima 2021: pC1; Cachero 2010: pMP-e; Yu 2010: pMP4",coexpress_high,Traced,,,both,,False,True
34,male-cns:v0.9:12442,14055.377,599,FlyEM_Male_CNS_Brain_v0.9,m,JRC2018_Unisex_20x_HR,Brain,P1_4a,P1_4a_L,20191213_64_H3_Channel1.csv,12442,pC1_4a,pC1_4a_L,L,"Lee 2002, Rideout 2010, Nojima 2021: pC1",dsx_high,Traced,,,both,913,True,True
36,male-cns:v0.9:19650,13624.339,708,FlyEM_Male_CNS_Brain_v0.9,m,JRC2018_Unisex_20x_HR,Brain,P1_3a,P1_3a_L,20191213_64_H3_Channel1.csv,19650,pC1_3a,pC1_3a_L,L,"Lee 2002, Rideout 2010, Nojima 2021: pC1; Cachero 2010: pMP-e; Yu 2010: pMP4",coexpress_high,Traced,,,both,2279,True,True
40,male-cns:v0.9:58786,13231.04,357,FlyEM_Male_CNS_Brain_v0.9,m,JRC2018_Unisex_20x_HR,Brain,P1_16b,P1_16b_R,20191213_64_H3_Channel1.csv,58786,pC1_16b,pC1_16b_R,R,"Lee 2002, Rideout 2010, Nojima 2021: pC1; Cachero 2010: pMP-e; Yu 2010: pMP4",coexpress_high,Traced,,,both,,False,True
41,male-cns:v0.9:20803,12923.86,548,FlyEM_Male_CNS_Brain_v0.9,m,JRC2018_Unisex_20x_HR,Brain,P1_4a,P1_4a_R,20191213_64_H3_Channel1.csv,20803,pC1_4a,pC1_4a_R,R,"Lee 2002, Rideout 2010, Nojima 2021: pC1",dsx_high,Traced,,,both,2427,True,True
45,male-cns:v0.9:19948,12061.002,671,FlyEM_Male_CNS_Brain_v0.9,m,JRC2018_Unisex_20x_HR,Brain,P1_3c,P1_3c_R,20191213_64_H3_Channel1.csv,19948,pC1_3c,pC1_3c_R,R,"Lee 2002, Rideout 2010, Nojima 2021: pC1; Cachero 2010: pMP-e; Yu 2010: pMP4",coexpress_high,Traced,,,both,2318,True,True
52,male-cns:v0.9:29143,10972.244,372,FlyEM_Male_CNS_Brain_v0.9,m,JRC2018_Unisex_20x_HR,Brain,P1_5b,P1_5b_R,20191213_64_H3_Channel1.csv,29143,pC1_5b,pC1_5b_R,R,"Lee 2002, Rideout 2010, Nojima 2021: pC1; Cachero 2010: pMP-e; Yu 2010: pMP4",coexpress_high,Traced,,,both,3091,True,True
62,male-cns:v0.9:18974,10439.121,658,FlyEM_Male_CNS_Brain_v0.9,m,JRC2018_Unisex_20x_HR,Brain,P1_3a,P1_3a_R,20191213_64_H3_Channel1.csv,18974,pC1_3a,pC1_3a_R,R,"Lee 2002, Rideout 2010, Nojima 2021: pC1; Cachero 2010: pMP-e; Yu 2010: pMP4",coexpress_high,Traced,,,both,2182,True,True
70,male-cns:v0.9:18017,10105.43,690,FlyEM_Male_CNS_Brain_v0.9,m,JRC2018_Unisex_20x_HR,Brain,P1_3c,P1_3c_L,20191213_64_H3_Channel1.csv,18017,pC1_3c,pC1_3c_L,L,"Lee 2002, Rideout 2010, Nojima 2021: pC1; Cachero 2010: pMP-e; Yu 2010: pMP4",coexpress_high,Traced,,,both,2055,True,True
72,male-cns:v0.9:12448,9863.079,390,FlyEM_Male_CNS_Brain_v0.9,m,JRC2018_Unisex_20x_HR,Brain,P1_18a,P1_18a_L,20191213_64_H3_Channel1.csv,12448,pC1_18a,pC1_18a_L,L,"Lee 2002, Rideout 2010, Nojima 2021: pC1",dsx_low,Traced,,,both,916,True,True
75,male-cns:v0.9:29483,9777.517,339,FlyEM_Male_CNS_Brain_v0.9,m,JRC2018_Unisex_20x_HR,Brain,P1_5b,P1_5b_R,20191213_64_H3_Channel1.csv,29483,pC1_5b,pC1_5b_R,R,"Lee 2002, Rideout 2010, Nojima 2021: pC1; Cachero 2010: pMP-e; Yu 2010: pMP4",coexpress_high,Traced,,,both,3118,True,True
77,male-cns:v0.9:68624,9544.066,302,FlyEM_Male_CNS_Brain_v0.9,m,JRC2018_Unisex_20x_HR,Brain,P1_19,P1_19_L,20191213_64_H3_Channel1.csv,68624,pC1_19,pC1_19_L,L,"Lee 2002, Rideout 2010, Nojima 2021: pC1",dsx_high,Traced,,,both,3783,True,True
91,male-cns:v0.9:557035,8511.729,442,FlyEM_Male_CNS_Brain_v0.9,m,JRC2018_Unisex_20x_HR,Brain,P1_5b,P1_5b_L,20191213_64_H3_Channel1.csv,557035,pC1_5b,pC1_5b_L,L,"Lee 2002, Rideout 2010, Nojima 2021: pC1; Cachero 2010: pMP-e; Yu 2010: pMP4",coexpress_high,Traced,,,both,5296,True,True
93,male-cns:v0.9:20392,8461.614,513,FlyEM_Male_CNS_Brain_v0.9,m,JRC2018_Unisex_20x_HR,Brain,P1_2c,P1_2c_R,20191213_64_H3_Channel1.csv,20392,pC1_2c,pC1_2c_R,R,"Lee 2002, Rideout 2010, Nojima 2021: pC1; Cachero 2010: pMP-e; Yu 2010: pMP4",coexpress_high,Traced,,,both,2364,True,True
102,male-cns:v0.9:33041,8184.5205,352,FlyEM_Male_CNS_Brain_v0.9,m,JRC2018_Unisex_20x_HR,Brain,P1_16b,P1_16b_R,20191213_64_H3_Channel1.csv,33041,pC1_16b,pC1_16b_R,R,"Lee 2002, Rideout 2010, Nojima 2021: pC1; Cachero 2010: pMP-e; Yu 2010: pMP4",coexpress_high,Traced,,,both,,False,True
116,male-cns:v0.9:170209,7765.3047,301,FlyEM_Male_CNS_Brain_v0.9,m,JRC2018_Unisex_20x_HR,Brain,P1_19,P1_19_R,20191213_64_H3_Channel1.csv,170209,pC1_19,pC1_19_R,R,"Lee 2002, Rideout 2010, Nojima 2021: pC1",dsx_high,Traced,,,both,4142,True,True
137,male-cns:v0.9:23968,7185.101,585,FlyEM_Male_CNS_Brain_v0.9,m,JRC2018_Unisex_20x_HR,Brain,P1_4a,P1_4a_R,20191213_64_H3_Channel1.csv,23968,pC1_4a,pC1_4a_R,R,"Lee 2002, Rideout 2010, Nojima 2021: pC1",dsx_high,Traced,,,both,2720,True,True
139,male-cns:v0.9:26993,7107.269,414,FlyEM_Male_CNS_Brain_v0.9,m,JRC2018_Unisex_20x_HR,Brain,P1_1b,P1_1b_R,20191213_64_H3_Channel1.csv,26993,pC1_1b,pC1_1b_R,R,"Lee 2002, Rideout 2010, Nojima 2021: pC1; Cachero 2010: pMP-e; Yu 2010: pMP4",coexpress_high,Traced,,,both,2963,True,True
141,male-cns:v0.9:519518,7048.7236,409,FlyEM_Male_CNS_Brain_v0.9,m,JRC2018_Unisex_20x_HR,Brain,P1_4a,P1_4a_L,20191213_64_H3_Channel1.csv,519518,pC1_4a,pC1_4a_L,L,"Lee 2002, Rideout 2010, Nojima 2021: pC1",dsx_high,Traced,,,both,4646,True,True
147,male-cns:v0.9:532011,6912.4766,306,FlyEM_Male_CNS_Brain_v0.9,m,JRC2018_Unisex_20x_HR,Brain,P1_18a,P1_18a_R,20191213_64_H3_Channel1.csv,532011,pC1_18a,pC1_18a_R,R,"Lee 2002, Rideout 2010, Nojima 2021: pC1",dsx_low,Traced,,,both,,False,True
155,male-cns:v0.9:518253,6797.9995,393,FlyEM_Male_CNS_Brain_v0.9,m,JRC2018_Unisex_20x_HR,Brain,P1_18b,P1_18b_L,20191213_64_H3_Channel1.csv,518253,pC1_18b,pC1_18b_L,L,"Lee 2002, Rideout 2010, Nojima 2021: pC1",dsx_low,Traced,,,both,4592,True,True
169,male-cns:v0.9:13266,6384.8276,668,FlyEM_Male_CNS_Brain_v0.9,m,JRC2018_Unisex_20x_HR,Brain,P1_3b,P1_3b_L,20191213_64_H3_Channel1.csv,13266,pC1_3b,pC1_3b_L,L,"Lee 2002, Rideout 2010, Nojima 2021: pC1; Cachero 2010: pMP-e; Yu 2010: pMP4",coexpress_high,Traced,,,both,1152,True,True
174,male-cns:v0.9:26833,6285.5186,277,FlyEM_Male_CNS_Brain_v0.9,m,JRC2018_Unisex_20x_HR,Brain,P1_16b,P1_16b_L,20191213_64_H3_Channel1.csv,26833,pC1_16b,pC1_16b_L,L,"Lee 2002, Rideout 2010, Nojima 2021: pC1; Cachero 2010: pMP-e; Yu 2010: pMP4",coexpress_high,Traced,,,both,,False,True
176,male-cns:v0.9:25746,6235.4424,395,FlyEM_Male_CNS_Brain_v0.9,m,JRC2018_Unisex_20x_HR,Brain,P1_16b,P1_16b_R,20191213_64_H3_Channel1.csv,25746,pC1_16b,pC1_16b_R,R,"Lee 2002, Rideout 2010, Nojima 2021: pC1; Cachero 2010: pMP-e; Yu 2010: pMP4",coexpress_high,Traced,,,both,,False,True
189,male-cns:v0.9:125721,5964.548,265,FlyEM_Male_CNS_Brain_v0.9,m,JRC2018_Unisex_20x_HR,Brain,P1_19,P1_19_R,20191213_64_H3_Channel1.csv,125721,pC1_19,pC1_19_R,R,"Lee 2002, Rideout 2010, Nojima 2021: pC1",dsx_high,Traced,,,both,4063,True,True
193,male-cns:v0.9:127881,5881.967,227,FlyEM_Male_CNS_Brain_v0.9,m,JRC2018_Unisex_20x_HR,Brain,P1_19,P1_19_L,20191213_64_H3_Channel1.csv,127881,pC1_19,pC1_19_L,L,"Lee 2002, Rideout 2010, Nojima 2021: pC1",dsx_high,Traced,,,both,4068,True,True
204,male-cns:v0.9:13495,5653.841,664,FlyEM_Male_CNS_Brain_v0.9,m,JRC2018_Unisex_20x_HR,Brain,P1_11a,P1_11a_R,20191213_64_H3_Channel1.csv,13495,pC1_11a,pC1_11a_R,R,"Lee 2002, Rideout 2010, Nojima 2021: pC1",dsx_high,Traced,,,both,1207,True,True
243,male-cns:v0.9:79642,5044.5776,223,FlyEM_Male_CNS_Brain_v0.9,m,JRC2018_Unisex_20x_HR,Brain,P1_19,P1_19_R,20191213_64_H3_Channel1.csv,79642,pC1_19,pC1_19_R,R,"Lee 2002, Rideout 2010, Nojima 2021: pC1",dsx_high,Traced,,,both,3860,True,True
249,male-cns:v0.9:17867,4990.3926,631,FlyEM_Male_CNS_Brain_v0.9,m,JRC2018_Unisex_20x_HR,Brain,P1_4b,P1_4b_L,20191213_64_H3_Channel1.csv,17867,pC1_4b,pC1_4b_L,L,"Lee 2002, Rideout 2010, Nojima 2021: pC1",dsx_high,Traced,,,both,2029,True,True
251,male-cns:v0.9:519297,4953.663,546,FlyEM_Male_CNS_Brain_v0.9,m,JRC2018_Unisex_20x_HR,Brain,P1_2a,P1_2a_R,20191213_64_H3_Channel1.csv,519297,pC1_2a,pC1_2a_R,R,"Lee 2002, Rideout 2010, Nojima 2021: pC1; Cachero 2010: pMP-e; Yu 2010: pMP4",coexpress_high,Traced,,,both,,False,True
263,male-cns:v0.9:98113,4787.7393,184,FlyEM_Male_CNS_Brain_v0.9,m,JRC2018_Unisex_20x_HR,Brain,P1_19,P1_19_L,20191213_64_H3_Channel1.csv,98113,pC1_19,pC1_19_L,L,"Lee 2002, Rideout 2010, Nojima 2021: pC1",dsx_high,Traced,,,both,3971,True,True
270,male-cns:v0.9:30391,4739.3096,467,FlyEM_Male_CNS_Brain_v0.9,m,JRC2018_Unisex_20x_HR,Brain,P1_8b,P1_8b_R,20191213_64_H3_Channel1.csv,30391,pC1_8b,pC1_8b_R,R,"Lee 2002, Rideout 2010, Nojima 2021: pC1",dsx_high,Traced,,,both,3163,True,True
272,male-cns:v0.9:19136,4714.7295,489,FlyEM_Male_CNS_Brain_v0.9,m,JRC2018_Unisex_20x_HR,Brain,P1_3c,P1_3c_L,20191213_64_H3_Channel1.csv,19136,pC1_3c,pC1_3c_L,L,"Lee 2002, Rideout 2010, Nojima 2021: pC1; Cachero 2010: pMP-e; Yu 2010: pMP4",coexpress_high,Traced,,,both,2210,True,True
281,male-cns:v0.9:22093,4612.2803,454,FlyEM_Male_CNS_Brain_v0.9,m,JRC2018_Unisex_20x_HR,Brain,P1_2c,P1_2c_L,20191213_64_H3_Channel1.csv,22093,pC1_2c,pC1_2c_L,L,"Lee 2002, Rideout 2010, Nojima 2021: pC1; Cachero 2010: pMP-e; Yu 2010: pMP4",coexpress_high,Traced,,,both,2558,True,True
283,male-cns:v0.9:41518,4601.7056,192,FlyEM_Male_CNS_Brain_v0.9,m,JRC2018_Unisex_20x_HR,Brain,P1_8c,P1_8c_R,20191213_64_H3_Channel1.csv,41518,pC1_8c,pC1_8c_R,R,"Lee 2002, Rideout 2010, Nojima 2021: pC1",dsx_high,Traced,,,both,3499,True,True
307,male-cns:v0.9:70011,4343.6445,492,FlyEM_Male_CNS_Brain_v0.9,m,JRC2018_Unisex_20x_HR,Brain,P1_5b,P1_5b_L,20191213_64_H3_Channel1.csv,70011,pC1_5b,pC1_5b_L,L,"Lee 2002, Rideout 2010, Nojima 2021: pC1; Cachero 2010: pMP-e; Yu 2010: pMP4",coexpress_high,Traced,,,both,3792,True,True
361,male-cns:v0.9:32950,3947.0894,175,FlyEM_Male_CNS_Brain_v0.9,m,JRC2018_Unisex_20x_HR,Brain,P1_5a,P1_5a_R,20191213_64_H3_Channel1.csv,32950,pC1_5a,pC1_5a_R,R,"Lee 2002, Rideout 2010, Nojima 2021: pC1; Cachero 2010: pMP-e; Yu 2010: pMP4",coexpress_low,Traced,,,both,3254,True,True
363,male-cns:v0.9:16719,3939.497,665,FlyEM_Male_CNS_Brain_v0.9,m,JRC2018_Unisex_20x_HR,Brain,P1_4b,P1_4b_R,20191213_64_H3_Channel1.csv,16719,pC1_4b,pC1_4b_R,R,"Lee 2002, Rideout 2010, Nojima 2021: pC1",dsx_high,Traced,,,both,1836,True,True
393,male-cns:v0.9:25542,3682.5186,350,FlyEM_Male_CNS_Brain_v0.9,m,JRC2018_Unisex_20x_HR,Brain,P1_7a,P1_7a_R,20191213_64_H3_Channel1.csv,25542,pC1_7a,pC1_7a_R,R,"Lee 2002, Rideout 2010, Nojima 2021: pC1; Cachero 2010: pMP-e; Yu 2010: pMP4",coexpress_low,Traced,,,both,2869,True,True
394,male-cns:v0.9:32788,3670.4917,370,FlyEM_Male_CNS_Brain_v0.9,m,JRC2018_Unisex_20x_HR,Brain,P1_18b,P1_18b_R,20191213_64_H3_Channel1.csv,32788,pC1_18b,pC1_18b_R,R,"Lee 2002, Rideout 2010, Nojima 2021: pC1",dsx_low,Traced,,,both,3248,True,True
447,male-cns:v0.9:59527,3373.43,180,FlyEM_Male_CNS_Brain_v0.9,m,JRC2018_Unisex_20x_HR,Brain,P1_16a,P1_16a_R,20191213_64_H3_Channel1.csv,59527,pC1_16a,pC1_16a_R,R,"Lee 2002, Rideout 2010, Nojima 2021: pC1; Cachero 2010: pMP-e; Yu 2010: pMP4",coexpress_high,Traced,,,both,,False,True
451,male-cns:v0.9:66610,3348.4058,298,FlyEM_Male_CNS_Brain_v0.9,m,JRC2018_Unisex_20x_HR,Brain,P1_16b,P1_16b_R,20191213_64_H3_Channel1.csv,66610,pC1_16b,pC1_16b_R,R,"Lee 2002, Rideout 2010, Nojima 2021: pC1; Cachero 2010: pMP-e; Yu 2010: pMP4",coexpress_high,Traced,,,both,,False,True
459,male-cns:v0.9:18990,3289.3784,374,FlyEM_Male_CNS_Brain_v0.9,m,JRC2018_Unisex_20x_HR,Brain,P1_11a,P1_11a_L,20191213_64_H3_Channel1.csv,18990,pC1_11a,pC1_11a_L,L,"Lee 2002, Rideout 2010, Nojima 2021: pC1",dsx_high,Traced,,,both,2186,True,True
474,male-cns:v0.9:15329,3208.9978,266,FlyEM_Male_CNS_Brain_v0.9,m,JRC2018_Unisex_20x_HR,Brain,P1_2a,P1_2a_R,20191213_64_H3_Channel1.csv,15329,pC1_2a,pC1_2a_R,R,"Lee 2002, Rideout 2010, Nojima 2021: pC1; Cachero 2010: pMP-e; Yu 2010: pMP4",coexpress_high,Traced,,,both,,False,True
481,male-cns:v0.9:17564,3183.9727,471,FlyEM_Male_CNS_Brain_v0.9,m,JRC2018_Unisex_20x_HR,Brain,P1_2a,P1_2a_L,20191213_64_H3_Channel1.csv,17564,pC1_2a,pC1_2a_L,L,"Lee 2002, Rideout 2010, Nojima 2021: pC1; Cachero 2010: pMP-e; Yu 2010: pMP4",coexpress_high,Traced,,,both,,False,True
512,male-cns:v0.9:512011,3022.8328,471,FlyEM_Male_CNS_Brain_v0.9,m,JRC2018_Unisex_20x_HR,Brain,P1_12a,P1_12a_R,20191213_64_H3_Channel1.csv,512011,pC1_12a,pC1_12a_R,R,"Lee 2002, Rideout 2010, Nojima 2021: pC1; Cachero 2010: pMP-e; Yu 2010: pMP4",coexpress_low,Traced,,,both,4267,True,True
523,male-cns:v0.9:13655,2984.1714,646,FlyEM_Male_CNS_Brain_v0.9,m,JRC2018_Unisex_20x_HR,Brain,P1_11b,P1_11b_R,20191213_64_H3_Channel1.csv,13655,pC1_11b,pC1_11b_R,R,"Lee 2002, Rideout 2010, Nojima 2021: pC1",dsx_high,Traced,,,both,1247,True,True
526,male-cns:v0.9:15208,2983.2166,395,FlyEM_Male_CNS_Brain_v0.9,m,JRC2018_Unisex_20x_HR,Brain,P1_1a,P1_1a_L,20191213_64_H3_Channel1.csv,15208,pC1_1a,pC1_1a_L,L,"Lee 2002, Rideout 2010, Nojima 2021: pC1; Cachero 2010: pMP-e; Yu 2010: pMP4",coexpress_high,Traced,,,both,1565,True,True
539,male-cns:v0.9:513129,2925.513,293,FlyEM_Male_CNS_Brain_v0.9,m,JRC2018_Unisex_20x_HR,Brain,P1_8b,P1_8b_L,20191213_64_H3_Channel1.csv,513129,pC1_8b,pC1_8b_L,L,"Lee 2002, Rideout 2010, Nojima 2021: pC1",dsx_high,Traced,,,both,4341,True,True
560,male-cns:v0.9:526918,2838.921,477,FlyEM_Male_CNS_Brain_v0.9,m,JRC2018_Unisex_20x_HR,Brain,P1_1a,P1_1a_R,20191213_64_H3_Channel1.csv,526918,pC1_1a,pC1_1a_R,R,"Lee 2002, Rideout 2010, Nojima 2021: pC1; Cachero 2010: pMP-e; Yu 2010: pMP4",coexpress_high,Traced,,,both,5064,True,True
561,male-cns:v0.9:514077,2832.8276,358,FlyEM_Male_CNS_Brain_v0.9,m,JRC2018_Unisex_20x_HR,Brain,P1_11b,P1_11b_L,20191213_64_H3_Channel1.csv,514077,pC1_11b,pC1_11b_L,L,"Lee 2002, Rideout 2010, Nojima 2021: pC1",dsx_high,Traced,,,both,4406,True,True
595,male-cns:v0.9:20751,2686.517,281,FlyEM_Male_CNS_Brain_v0.9,m,JRC2018_Unisex_20x_HR,Brain,P1_16a,P1_16a_L,20191213_64_H3_Channel1.csv,20751,pC1_16a,pC1_16a_L,L,"Lee 2002, Rideout 2010, Nojima 2021: pC1; Cachero 2010: pMP-e; Yu 2010: pMP4",coexpress_high,Traced,,,both,2422,True,True
597,male-cns:v0.9:18554,2675.8376,343,FlyEM_Male_CNS_Brain_v0.9,m,JRC2018_Unisex_20x_HR,Brain,P1_12b,P1_12b_R,20191213_64_H3_Channel1.csv,18554,pC1_12b,pC1_12b_R,R,"Lee 2002, Rideout 2010, Nojima 2021: pC1",dsx_high,Traced,,,both,2125,True,True
612,male-cns:v0.9:29280,2617.6135,428,FlyEM_Male_CNS_Brain_v0.9,m,JRC2018_Unisex_20x_HR,Brain,P1_1a,P1_1a_R,20191213_64_H3_Channel1.csv,29280,pC1_1a,pC1_1a_R,R,"Lee 2002, Rideout 2010, Nojima 2021: pC1; Cachero 2010: pMP-e; Yu 2010: pMP4",coexpress_high,Traced,,,both,,False,True
616,male-cns:v0.9:19705,2604.5483,431,FlyEM_Male_CNS_Brain_v0.9,m,JRC2018_Unisex_20x_HR,Brain,P1_2b,P1_2b_R,20191213_64_H3_Channel1.csv,19705,pC1_2b,pC1_2b_R,R,"Lee 2002, Rideout 2010, Nojima 2021: pC1; Cachero 2010: pMP-e; Yu 2010: pMP4",coexpress_high,Traced,,,both,2287,True,True
623,male-cns:v0.9:524747,2565.8345,377,FlyEM_Male_CNS_Brain_v0.9,m,JRC2018_Unisex_20x_HR,Brain,P1_2a,P1_2a_L,20191213_64_H3_Channel1.csv,524747,pC1_2a,pC1_2a_L,L,"Lee 2002, Rideout 2010, Nojima 2021: pC1; Cachero 2010: pMP-e; Yu 2010: pMP4",coexpress_high,Traced,,,both,5000,True,True
626,male-cns:v0.9:24623,2543.2493,331,FlyEM_Male_CNS_Brain_v0.9,m,JRC2018_Unisex_20x_HR,Brain,P1_6b,P1_6b_R,20191213_64_H3_Channel1.csv,24623,pC1_6b,pC1_6b_R,R,"Lee 2002, Rideout 2010, Nojima 2021: pC1",coexpress_high,Traced,,,both,2786,True,True
631,male-cns:v0.9:524296,2522.8337,402,FlyEM_Male_CNS_Brain_v0.9,m,JRC2018_Unisex_20x_HR,Brain,P1_1a,P1_1a_L,20191213_64_H3_Channel1.csv,524296,pC1_1a,pC1_1a_L,L,"Lee 2002, Rideout 2010, Nojima 2021: pC1; Cachero 2010: pMP-e; Yu 2010: pMP4",coexpress_high,Traced,,,both,4975,True,True
655,male-cns:v0.9:513654,2458.9404,356,FlyEM_Male_CNS_Brain_v0.9,m,JRC2018_Unisex_20x_HR,Brain,P1_16b,P1_16b_L,20191213_64_H3_Channel1.csv,513654,pC1_16b,pC1_16b_L,L,"Lee 2002, Rideout 2010, Nojima 2021: pC1; Cachero 2010: pMP-e; Yu 2010: pMP4",coexpress_high,Traced,,,both,,False,True
712,male-cns:v0.9:17089,2257.7786,505,FlyEM_Male_CNS_Brain_v0.9,m,JRC2018_Unisex_20x_HR,Brain,P1_12b,P1_12b_R,20191213_64_H3_Channel1.csv,17089,pC1_12b,pC1_12b_R,R,"Lee 2002, Rideout 2010, Nojima 2021: pC1",dsx_high,Traced,,,both,1900,True,True
724,male-cns:v0.9:43592,2200.8955,323,FlyEM_Male_CNS_Brain_v0.9,m,JRC2018_Unisex_20x_HR,Brain,P1_7b,P1_7b_R,20191213_64_H3_Channel1.csv,43592,pC1_7b,pC1_7b_R,R,"Lee 2002, Rideout 2010, Nojima 2021: pC1; Cachero 2010: pMP-e; Yu 2010: pMP4",coexpress_low,Traced,,,both,3537,True,True
726,male-cns:v0.9:32283,2197.0864,222,FlyEM_Male_CNS_Brain_v0.9,m,JRC2018_Unisex_20x_HR,Brain,P1_16b,P1_16b_L,20191213_64_H3_Channel1.csv,32283,pC1_16b,pC1_16b_L,L,"Lee 2002, Rideout 2010, Nojima 2021: pC1; Cachero 2010: pMP-e; Yu 2010: pMP4",coexpress_high,Traced,,,both,,False,True
737,male-cns:v0.9:67624,2127.703,165,FlyEM_Male_CNS_Brain_v0.9,m,JRC2018_Unisex_20x_HR,Brain,P1_16a,P1_16a_R,20191213_64_H3_Channel1.csv,67624,pC1_16a,pC1_16a_R,R,"Lee 2002, Rideout 2010, Nojima 2021: pC1; Cachero 2010: pMP-e; Yu 2010: pMP4",coexpress_high,Traced,,,both,,False,True
742,male-cns:v0.9:19085,2106.5754,304,FlyEM_Male_CNS_Brain_v0.9,m,JRC2018_Unisex_20x_HR,Brain,P1_1a,P1_1a_R,20191213_64_H3_Channel1.csv,19085,pC1_1a,pC1_1a_R,R,"Lee 2002, Rideout 2010, Nojima 2021: pC1; Cachero 2010: pMP-e; Yu 2010: pMP4",coexpress_high,Traced,,,both,,False,True
756,male-cns:v0.9:36545,2051.9333,144,FlyEM_Male_CNS_Brain_v0.9,m,JRC2018_Unisex_20x_HR,Brain,P1_17b,P1_17b_R,20191213_64_H3_Channel1.csv,36545,pC1_17b,pC1_17b_R,R,"Lee 2002, Rideout 2010, Nojima 2021: pC1; Cachero 2010: pMP-e; Yu 2010: pMP4",coexpress_low,Traced,,,both,,False,True
758,male-cns:v0.9:26746,2049.3008,177,FlyEM_Male_CNS_Brain_v0.9,m,JRC2018_Unisex_20x_HR,Brain,P1_7b,P1_7b_R,20191213_64_H3_Channel1.csv,26746,pC1_7b,pC1_7b_R,R,"Lee 2002, Rideout 2010, Nojima 2021: pC1; Cachero 2010: pMP-e; Yu 2010: pMP4",coexpress_low,Traced,,,both,2947,True,True
786,male-cns:v0.9:53355,1989.8743,385,FlyEM_Male_CNS_Brain_v0.9,m,JRC2018_Unisex_20x_HR,Brain,P1_7a,P1_7a_L,20191213_64_H3_Channel1.csv,53355,pC1_7a,pC1_7a_L,L,"Lee 2002, Rideout 2010, Nojima 2021: pC1; Cachero 2010: pMP-e; Yu 2010: pMP4",coexpress_low,Traced,,,both,3664,True,True
788,male-cns:v0.9:13562,1978.9817,360,FlyEM_Male_CNS_Brain_v0.9,m,JRC2018_Unisex_20x_HR,Brain,P1_12b,P1_12b_L,20191213_64_H3_Channel1.csv,13562,pC1_12b,pC1_12b_L,L,"Lee 2002, Rideout 2010, Nojima 2021: pC1",dsx_high,Traced,,,both,1219,True,True
811,male-cns:v0.9:535835,1896.6184,170,FlyEM_Male_CNS_Brain_v0.9,m,JRC2018_Unisex_20x_HR,Brain,P1_16b,P1_16b_L,20191213_64_H3_Channel1.csv,535835,pC1_16b,pC1_16b_L,L,"Lee 2002, Rideout 2010, Nojima 2021: pC1; Cachero 2010: pMP-e; Yu 2010: pMP4",coexpress_high,Traced,,,both,5222,True,True
817,male-cns:v0.9:19968,1869.3926,412,FlyEM_Male_CNS_Brain_v0.9,m,JRC2018_Unisex_20x_HR,Brain,P1_10d,P1_10d_R,20191213_64_H3_Channel1.csv,19968,pC1_10d,pC1_10d_R,R,"Lee 2002, Rideout 2010, Nojima 2021: pC1",dsx_high,Traced,,,both,,False,True
820,male-cns:v0.9:23952,1855.5767,231,FlyEM_Male_CNS_Brain_v0.9,m,JRC2018_Unisex_20x_HR,Brain,P1_16a,P1_16a_R,20191213_64_H3_Channel1.csv,23952,pC1_16a,pC1_16a_R,R,"Lee 2002, Rideout 2010, Nojima 2021: pC1; Cachero 2010: pMP-e; Yu 2010: pMP4",coexpress_high,Traced,,,both,2717,True,True
832,male-cns:v0.9:35202,1826.3553,140,FlyEM_Male_CNS_Brain_v0.9,m,JRC2018_Unisex_20x_HR,Brain,P1_17b,P1_17b_R,20191213_64_H3_Channel1.csv,35202,pC1_17b,pC1_17b_R,R,"Lee 2002, Rideout 2010, Nojima 2021: pC1; Cachero 2010: pMP-e; Yu 2010: pMP4",coexpress_low,Traced,,,both,,False,True
835,male-cns:v0.9:17387,1811.3423,358,FlyEM_Male_CNS_Brain_v0.9,m,JRC2018_Unisex_20x_HR,Brain,P1_2a/2b,P1_2a/2b_R,20191213_64_H3_Channel1.csv,17387,pC1_2a/2b,pC1_2a/2b_R,R,"Lee 2002, Rideout 2010, Nojima 2021: pC1; Cachero 2010: pMP-e; Yu 2010: pMP4",coexpress_high,Traced,,,both,,False,True
838,male-cns:v0.9:30546,1804.8514,216,FlyEM_Male_CNS_Brain_v0.9,m,JRC2018_Unisex_20x_HR,Brain,P1_10d,P1_10d_R,20191213_64_H3_Channel1.csv,30546,pC1_10d,pC1_10d_R,R,"Lee 2002, Rideout 2010, Nojima 2021: pC1",dsx_high,Traced,,,both,3170,True,True
843,male-cns:v0.9:17851,1793.573,603,FlyEM_Male_CNS_Brain_v0.9,m,JRC2018_Unisex_20x_HR,Brain,P1_12b,P1_12b_L,20191213_64_H3_Channel1.csv,17851,pC1_12b,pC1_12b_L,L,"Lee 2002, Rideout 2010, Nojima 2021: pC1",dsx_high,Traced,,,both,2027,True,True
844,male-cns:v0.9:23789,1782.5696,165,FlyEM_Male_CNS_Brain_v0.9,m,JRC2018_Unisex_20x_HR,Brain,P1_16a,P1_16a_L,20191213_64_H3_Channel1.csv,23789,pC1_16a,pC1_16a_L,L,"Lee 2002, Rideout 2010, Nojima 2021: pC1; Cachero 2010: pMP-e; Yu 2010: pMP4",coexpress_high,Traced,,,both,2701,True,True
850,male-cns:v0.9:517519,1765.2292,214,FlyEM_Male_CNS_Brain_v0.9,m,JRC2018_Unisex_20x_HR,Brain,P1_10b,P1_10b_L,20191213_64_H3_Channel1.csv,517519,pC1_10b,pC1_10b_L,L,"Lee 2002, Rideout 2010, Nojima 2021: pC1",dsx_high,Traced,,,both,,False,True
895,male-cns:v0.9:18913,1667.7328,362,FlyEM_Male_CNS_Brain_v0.9,m,JRC2018_Unisex_20x_HR,Brain,P1_2b,P1_2b_L,20191213_64_H3_Channel1.csv,18913,pC1_2b,pC1_2b_L,L,"Lee 2002, Rideout 2010, Nojima 2021: pC1; Cachero 2010: pMP-e; Yu 2010: pMP4",coexpress_high,Traced,,,both,2174,True,True
908,male-cns:v0.9:25521,1639.5668,271,FlyEM_Male_CNS_Brain_v0.9,m,JRC2018_Unisex_20x_HR,Brain,P1_8a,P1_8a_R,20191213_64_H3_Channel1.csv,25521,pC1_8a,pC1_8a_R,R,"Lee 2002, Rideout 2010, Nojima 2021: pC1",dsx_high,Traced,,,both,2866,True,True
912,male-cns:v0.9:16262,1631.0189,595,FlyEM_Male_CNS_Brain_v0.9,m,JRC2018_Unisex_20x_HR,Brain,P1_1b,P1_1b_L,20191213_64_H3_Channel1.csv,16262,pC1_1b,pC1_1b_L,L,"Lee 2002, Rideout 2010, Nojima 2021: pC1; Cachero 2010: pMP-e; Yu 2010: pMP4",coexpress_high,Traced,,,both,1760,True,True
914,male-cns:v0.9:517735,1628.4462,161,FlyEM_Male_CNS_Brain_v0.9,m,JRC2018_Unisex_20x_HR,Brain,P1_6b,P1_6b_L,20191213_64_H3_Channel1.csv,517735,pC1_6b,pC1_6b_L,L,"Lee 2002, Rideout 2010, Nojima 2021: pC1",coexpress_high,Traced,,,both,4575,True,True
964,male-cns:v0.9:513650,1477.2225,224,FlyEM_Male_CNS_Brain_v0.9,m,JRC2018_Unisex_20x_HR,Brain,P1_12a,P1_12a_L,20191213_64_H3_Channel1.csv,513650,pC1_12a,pC1_12a_L,L,"Lee 2002, Rideout 2010, Nojima 2021: pC1; Cachero 2010: pMP-e; Yu 2010: pMP4",coexpress_low,Traced,,,both,4374,True,True
965,male-cns:v0.9:20255,1476.4495,531,FlyEM_Male_CNS_Brain_v0.9,m,JRC2018_Unisex_20x_HR,Brain,P1_1a,P1_1a_L,20191213_64_H3_Channel1.csv,20255,pC1_1a,pC1_1a_L,L,"Lee 2002, Rideout 2010, Nojima 2021: pC1; Cachero 2010: pMP-e; Yu 2010: pMP4",coexpress_high,Traced,,,both,2357,True,True
988,male-cns:v0.9:519914,1429.7344,324,FlyEM_Male_CNS_Brain_v0.9,m,JRC2018_Unisex_20x_HR,Brain,P1_1a,P1_1a_L,20191213_64_H3_Channel1.csv,519914,pC1_1a,pC1_1a_L,L,"Lee 2002, Rideout 2010, Nojima 2021: pC1; Cachero 2010: pMP-e; Yu 2010: pMP4",coexpress_high,Traced,,,both,4678,True,True
999,male-cns:v0.9:513652,1416.8826,294,FlyEM_Male_CNS_Brain_v0.9,m,JRC2018_Unisex_20x_HR,Brain,P1_7b,P1_7b_L,20191213_64_H3_Channel1.csv,513652,pC1_7b,pC1_7b_L,L,"Lee 2002, Rideout 2010, Nojima 2021: pC1; Cachero 2010: pMP-e; Yu 2010: pMP4",coexpress_low,Traced,,,both,4376,True,True
1035,male-cns:v0.9:26543,1351.3641,204,FlyEM_Male_CNS_Brain_v0.9,m,JRC2018_Unisex_20x_HR,Brain,P1_6a,P1_6a_L,20191213_64_H3_Channel1.csv,26543,pC1_6a,pC1_6a_L,L,Cachero 2010: pMP-e; Yu 2010: pMP4,coexpress_low,Traced,,,both,2934,True,True
1036,male-cns:v0.9:47325,1350.797,171,FlyEM_Male_CNS_Brain_v0.9,m,JRC2018_Unisex_20x_HR,Brain,P1_8c,P1_8c_L,20191213_64_H3_Channel1.csv,47325,pC1_8c,pC1_8c_L,L,"Lee 2002, Rideout 2010, Nojima 2021: pC1",dsx_high,Traced,,,both,3596,True,True
1070,male-cns:v0.9:29043,1285.9675,195,FlyEM_Male_CNS_Brain_v0.9,m,JRC2018_Unisex_20x_HR,Brain,P1_7a,P1_7a_L,20191213_64_H3_Channel1.csv,29043,pC1_7a,pC1_7a_L,L,"Lee 2002, Rideout 2010, Nojima 2021: pC1; Cachero 2010: pMP-e; Yu 2010: pMP4",coexpress_low,Traced,,,both,3085,True,True
1077,male-cns:v0.9:515977,1264.2548,217,FlyEM_Male_CNS_Brain_v0.9,m,JRC2018_Unisex_20x_HR,Brain,P1_10b,P1_10b_R,20191213_64_H3_Channel1.csv,515977,pC1_10b,pC1_10b_R,R,"Lee 2002, Rideout 2010, Nojima 2021: pC1",dsx_high,Traced,,,both,4500,True,True
1084,male-cns:v0.9:71385,1251.948,295,FlyEM_Male_CNS_Brain_v0.9,m,JRC2018_Unisex_20x_HR,Brain,P1_7a,P1_7a_R,20191213_64_H3_Channel1.csv,71385,pC1_7a,pC1_7a_R,R,"Lee 2002, Rideout 2010, Nojima 2021: pC1; Cachero 2010: pMP-e; Yu 2010: pMP4",coexpress_low,Traced,,,both,3801,True,True
1088,male-cns:v0.9:17434,1243.2549,367,FlyEM_Male_CNS_Brain_v0.9,m,JRC2018_Unisex_20x_HR,Brain,P1_10c,P1_10c_R,20191213_64_H3_Channel1.csv,17434,pC1_10c,pC1_10c_R,R,"Lee 2002, Rideout 2010, Nojima 2021: pC1",dsx_high,Traced,,,both,1958,True,True
1153,male-cns:v0.9:528986,1160.8722,200,FlyEM_Male_CNS_Brain_v0.9,m,JRC2018_Unisex_20x_HR,Brain,P1_6a,P1_6a_R,20191213_64_H3_Channel1.csv,528986,pC1_6a,pC1_6a_R,R,Cachero 2010: pMP-e; Yu 2010: pMP4,coexpress_low,Traced,,,both,5081,True,True
1157,male-cns:v0.9:30699,1159.7312,171,FlyEM_Male_CNS_Brain_v0.9,m,JRC2018_Unisex_20x_HR,Brain,P1_10b,P1_10b_R,20191213_64_H3_Channel1.csv,30699,pC1_10b,pC1_10b_R,R,"Lee 2002, Rideout 2010, Nojima 2021: pC1",dsx_high,Traced,,,both,,False,True
1158,male-cns:v0.9:21507,1159.1493,172,FlyEM_Male_CNS_Brain_v0.9,m,JRC2018_Unisex_20x_HR,Brain,P1_6a,P1_6a_R,20191213_64_H3_Channel1.csv,21507,pC1_6a,pC1_6a_R,R,Cachero 2010: pMP-e; Yu 2010: pMP4,coexpress_low,Traced,,,both,2499,True,True
1218,male-cns:v0.9:102224,1083.996,127,FlyEM_Male_CNS_Brain_v0.9,m,JRC2018_Unisex_20x_HR,Brain,P1_5a,P1_5a_L,20191213_64_H3_Channel1.csv,102224,pC1_5a,pC1_5a_L,L,"Lee 2002, Rideout 2010, Nojima 2021: pC1; Cachero 2010: pMP-e; Yu 2010: pMP4",coexpress_low,Traced,,,both,3990,True,True
1246,male-cns:v0.9:513651,1030.9469,146,FlyEM_Male_CNS_Brain_v0.9,m,JRC2018_Unisex_20x_HR,Brain,P1_7b,P1_7b_L,20191213_64_H3_Channel1.csv,513651,pC1_7b,pC1_7b_L,L,"Lee 2002, Rideout 2010, Nojima 2021: pC1; Cachero 2010: pMP-e; Yu 2010: pMP4",coexpress_low,Traced,,,both,4375,True,True
1275,male-cns:v0.9:20580,991.0366,154,FlyEM_Male_CNS_Brain_v0.9,m,JRC2018_Unisex_20x_HR,Brain,P1_10d,P1_10d_L,20191213_64_H3_Channel1.csv,20580,pC1_10d,pC1_10d_L,L,"Lee 2002, Rideout 2010, Nojima 2021: pC1",dsx_high,Traced,,,both,,False,True
1344,male-cns:v0.9:55136,906.7761,188,FlyEM_Male_CNS_Brain_v0.9,m,JRC2018_Unisex_20x_HR,Brain,P1_10c,P1_10c_L,20191213_64_H3_Channel1.csv,55136,pC1_10c,pC1_10c_L,L,"Lee 2002, Rideout 2010, Nojima 2021: pC1",dsx_high,Traced,,,both,,False,True
1383,male-cns:v0.9:518589,855.6645,148,FlyEM_Male_CNS_Brain_v0.9,m,JRC2018_Unisex_20x_HR,Brain,P1_10c,P1_10c_L,20191213_64_H3_Channel1.csv,518589,pC1_10c,pC1_10c_L,L,"Lee 2002, Rideout 2010, Nojima 2021: pC1",dsx_high,Traced,,,both,4601,True,True
1407,male-cns:v0.9:17098,827.2296,146,FlyEM_Male_CNS_Brain_v0.9,m,JRC2018_Unisex_20x_HR,Brain,P1_6a,P1_6a_L,20191213_64_H3_Channel1.csv,17098,pC1_6a,pC1_6a_L,L,Cachero 2010: pMP-e; Yu 2010: pMP4,coexpress_low,Traced,,,both,1904,True,True
1446,male-cns:v0.9:26153,786.6635,160,FlyEM_Male_CNS_Brain_v0.9,m,JRC2018_Unisex_20x_HR,Brain,P1_10b,P1_10b_L,20191213_64_H3_Channel1.csv,26153,pC1_10b,pC1_10b_L,L,"Lee 2002, Rideout 2010, Nojima 2021: pC1",dsx_high,Traced,,,both,,False,True
1494,male-cns:v0.9:555747,747.3148,418,FlyEM_Male_CNS_Brain_v0.9,m,JRC2018_Unisex_20x_HR,Brain,P1_13c,P1_13c_R,20191213_64_H3_Channel1.csv,555747,pC1_13c,pC1_13c_R,R,"Lee 2002, Rideout 2010, Nojima 2021: pC1",dsx_high,Traced,,,both,,False,True
1540,male-cns:v0.9:17702,700.79254,374,FlyEM_Male_CNS_Brain_v0.9,m,JRC2018_Unisex_20x_HR,Brain,P1_10c,P1_10c_R,20191213_64_H3_Channel1.csv,17702,pC1_10c,pC1_10c_R,R,"Lee 2002, Rideout 2010, Nojima 2021: pC1",dsx_high,Traced,,,both,,False,True
1552,male-cns:v0.9:20597,689.7278,165,FlyEM_Male_CNS_Brain_v0.9,m,JRC2018_Unisex_20x_HR,Brain,P1_6a,P1_6a_R,20191213_64_H3_Channel1.csv,20597,pC1_6a,pC1_6a_R,R,Cachero 2010: pMP-e; Yu 2010: pMP4,coexpress_low,Traced,,,both,2397,True,True
1559,male-cns:v0.9:25345,681.9383,412,FlyEM_Male_CNS_Brain_v0.9,m,JRC2018_Unisex_20x_HR,Brain,P1_9b,P1_9b_R,20191213_64_H3_Channel1.csv,25345,pC1_9b,pC1_9b_R,R,,,Traced,,,both,,False,True
1569,male-cns:v0.9:29214,675.3941,219,FlyEM_Male_CNS_Brain_v0.9,m,JRC2018_Unisex_20x_HR,Brain,P1_14a,P1_14a_R,20191213_64_H3_Channel1.csv,29214,pC1_14a,pC1_14a_R,R,"Lee 2002, Rideout 2010, Nojima 2021: pC1; Cachero 2010: pMP-e; Yu 2010: pMP4",coexpress_low,Traced,,,both,3097,True,True
1638,male-cns:v0.9:15876,623.9168,211,FlyEM_Male_CNS_Brain_v0.9,m,JRC2018_Unisex_20x_HR,Brain,P1_9a,P1_9a_L,20191213_64_H3_Channel1.csv,15876,pC1_9a,pC1_9a_L,L,,,Traced,,,both,,False,True
1649,male-cns:v0.9:25740,615.8054,222,FlyEM_Male_CNS_Brain_v0.9,m,JRC2018_Unisex_20x_HR,Brain,P1_14b,P1_14b_R,20191213_64_H3_Channel1.csv,25740,pC1_14b,pC1_14b_R,R,"Lee 2002, Rideout 2010, Nojima 2021: pC1; Cachero 2010: pMP-e; Yu 2010: pMP4",coexpress_low,Traced,,,both,2888,True,True
1680,male-cns:v0.9:220200,584.94293,215,FlyEM_Male_CNS_Brain_v0.9,m,JRC2018_Unisex_20x_HR,Brain,P1_13b,P1_13b_R,20191213_64_H3_Channel1.csv,220200,pC1_13b,pC1_13b_R,R,"Lee 2002, Rideout 2010, Nojima 2021: pC1",dsx_high,Traced,,,both,4190,True,True
1733,male-cns:v0.9:521453,548.0341,194,FlyEM_Male_CNS_Brain_v0.9,m,JRC2018_Unisex_20x_HR,Brain,P1_6a,P1_6a_L,20191213_64_H3_Channel1.csv,521453,pC1_6a,pC1_6a_L,L,Cachero 2010: pMP-e; Yu 2010: pMP4,coexpress_low,Traced,,,both,4798,True,True
1734,male-cns:v0.9:23695,546.6642,231,FlyEM_Male_CNS_Brain_v0.9,m,JRC2018_Unisex_20x_HR,Brain,P1_14a,P1_14a_L,20191213_64_H3_Channel1.csv,23695,pC1_14a,pC1_14a_L,L,"Lee 2002, Rideout 2010, Nojima 2021: pC1; Cachero 2010: pMP-e; Yu 2010: pMP4",coexpress_low,Traced,,,both,2690,True,True
1748,male-cns:v0.9:55986,537.8845,262,FlyEM_Male_CNS_Brain_v0.9,m,JRC2018_Unisex_20x_HR,Brain,P1_14a,P1_14a_L,20191213_64_H3_Channel1.csv,55986,pC1_14a,pC1_14a_L,L,"Lee 2002, Rideout 2010, Nojima 2021: pC1; Cachero 2010: pMP-e; Yu 2010: pMP4",coexpress_low,Traced,,,both,3687,True,True
1777,male-cns:v0.9:156865,519.5966,156,FlyEM_Male_CNS_Brain_v0.9,m,JRC2018_Unisex_20x_HR,Brain,P1_19,P1_19_L,20191213_64_H3_Channel1.csv,156865,pC1_19,pC1_19_L,L,"Lee 2002, Rideout 2010, Nojima 2021: pC1",dsx_high,Traced,,,both,4123,True,True
1787,male-cns:v0.9:18276,515.52527,200,FlyEM_Male_CNS_Brain_v0.9,m,JRC2018_Unisex_20x_HR,Brain,P1_10a,P1_10a_L,20191213_64_H3_Channel1.csv,18276,pC1_10a,pC1_10a_L,L,"Lee 2002, Rideout 2010, Nojima 2021: pC1",dsx_high,Traced,,,both,,False,True
1799,male-cns:v0.9:555746,507.91818,212,FlyEM_Male_CNS_Brain_v0.9,m,JRC2018_Unisex_20x_HR,Brain,P1_13b,P1_13b_R,20191213_64_H3_Channel1.csv,555746,pC1_13b,pC1_13b_R,R,"Lee 2002, Rideout 2010, Nojima 2021: pC1",dsx_high,Traced,,,both,,False,True
1822,male-cns:v0.9:516522,497.92563,184,FlyEM_Male_CNS_Brain_v0.9,m,JRC2018_Unisex_20x_HR,Brain,P1_14a,P1_14a_R,20191213_64_H3_Channel1.csv,516522,pC1_14a,pC1_14a_R,R,"Lee 2002, Rideout 2010, Nojima 2021: pC1; Cachero 2010: pMP-e; Yu 2010: pMP4",coexpress_low,Traced,,,both,4525,True,True
1861,male-cns:v0.9:23924,473.90018,222,FlyEM_Male_CNS_Brain_v0.9,m,JRC2018_Unisex_20x_HR,Brain,P1_13b,P1_13b_L,20191213_64_H3_Channel1.csv,23924,pC1_13b,pC1_13b_L,L,"Lee 2002, Rideout 2010, Nojima 2021: pC1",dsx_high,Traced,,,both,2714,True,True
1909,male-cns:v0.9:555751,442.2083,194,FlyEM_Male_CNS_Brain_v0.9,m,JRC2018_Unisex_20x_HR,Brain,P1_9a,P1_9a_R,20191213_64_H3_Channel1.csv,555751,pC1_9a,pC1_9a_R,R,,,Traced,,,both,,False,True
1925,male-cns:v0.9:33553,432.15866,197,FlyEM_Male_CNS_Brain_v0.9,m,JRC2018_Unisex_20x_HR,Brain,P1_14a,P1_14a_R,20191213_64_H3_Channel1.csv,33553,pC1_14a,pC1_14a_R,R,"Lee 2002, Rideout 2010, Nojima 2021: pC1; Cachero 2010: pMP-e; Yu 2010: pMP4",coexpress_low,Traced,,,both,3279,True,True
2044,male-cns:v0.9:25204,363.5854,316,FlyEM_Male_CNS_Brain_v0.9,m,JRC2018_Unisex_20x_HR,Brain,P1_13a,P1_13a_L,20191213_64_H3_Channel1.csv,25204,pC1_13a,pC1_13a_L,L,"Lee 2002, Rideout 2010, Nojima 2021: pC1; Cachero 2010: pMP-e; Yu 2010: pMP4",coexpress_high,Traced,,,both,2844,True,True
2109,male-cns:v0.9:19672,324.58658,297,FlyEM_Male_CNS_Brain_v0.9,m,JRC2018_Unisex_20x_HR,Brain,P1_13a,P1_13a_R,20191213_64_H3_Channel1.csv,19672,pC1_13a,pC1_13a_R,R,"Lee 2002, Rideout 2010, Nojima 2021: pC1; Cachero 2010: pMP-e; Yu 2010: pMP4",coexpress_high,Traced,,,both,2282,True,True
2128,male-cns:v0.9:23787,311.50967,198,FlyEM_Male_CNS_Brain_v0.9,m,JRC2018_Unisex_20x_HR,Brain,P1_13c,P1_13c_L,20191213_64_H3_Channel1.csv,23787,pC1_13c,pC1_13c_L,L,"Lee 2002, Rideout 2010, Nojima 2021: pC1",dsx_high,Traced,,,both,2700,True,True
2165,male-cns:v0.9:46570,294.71826,141,FlyEM_Male_CNS_Brain_v0.9,m,JRC2018_Unisex_20x_HR,Brain,P1_14b,P1_14b_L,20191213_64_H3_Channel1.csv,46570,pC1_14b,pC1_14b_L,L,"Lee 2002, Rideout 2010, Nojima 2021: pC1; Cachero 2010: pMP-e; Yu 2010: pMP4",coexpress_low,Traced,,,both,3587,True,True
1241,male-cns:v0.9:519297,2429.2324,441,FlyEM_Male_CNS_Brain_v0.9,m,JRC2018_Unisex_20x_HR,Brain,,,20191213_64_H3_Channel2.csv,519297,pC1_2a,pC1_2a_R,R,"Lee 2002, Rideout 2010, Nojima 2021: pC1; Cachero 2010: pMP-e; Yu 2010: pMP4",coexpress_high,Traced,,,both,,False,True
1368,male-cns:v0.9:17564,2118.3555,521,FlyEM_Male_CNS_Brain_v0.9,m,JRC2018_Unisex_20x_HR,Brain,,,20191213_64_H3_Channel2.csv,17564,pC1_2a,pC1_2a_L,L,"Lee 2002, Rideout 2010, Nojima 2021: pC1; Cachero 2010: pMP-e; Yu 2010: pMP4",coexpress_high,Traced,,,both,,False,True
1480,male-cns:v0.9:19894,1897.1962,300,FlyEM_Male_CNS_Brain_v0.9,m,JRC2018_Unisex_20x_HR,Brain,,,20191213_64_H3_Channel2.csv,19894,pC1_3c,pC1_3c_R,R,"Lee 2002, Rideout 2010, Nojima 2021: pC1; Cachero 2010: pMP-e; Yu 2010: pMP4",coexpress_high,Traced,,,both,,False,True
1534,male-cns:v0.9:12442,1797.3348,524,FlyEM_Male_CNS_Brain_v0.9,m,JRC2018_Unisex_20x_HR,Brain,,,20191213_64_H3_Channel2.csv,12442,pC1_4a,pC1_4a_L,L,"Lee 2002, Rideout 2010, Nojima 2021: pC1",dsx_high,Traced,,,both,913,True,True
1542,male-cns:v0.9:29143,1788.8862,318,FlyEM_Male_CNS_Brain_v0.9,m,JRC2018_Unisex_20x_HR,Brain,,,20191213_64_H3_Channel2.csv,29143,pC1_5b,pC1_5b_R,R,"Lee 2002, Rideout 2010, Nojima 2021: pC1; Cachero 2010: pMP-e; Yu 2010: pMP4",coexpress_high,Traced,,,both,3091,True,True
1599,male-cns:v0.9:18017,1696.4963,623,FlyEM_Male_CNS_Brain_v0.9,m,JRC2018_Unisex_20x_HR,Brain,,,20191213_64_H3_Channel2.csv,18017,pC1_3c,pC1_3c_L,L,"Lee 2002, Rideout 2010, Nojima 2021: pC1; Cachero 2010: pMP-e; Yu 2010: pMP4",coexpress_high,Traced,,,both,2055,True,True
1693,male-cns:v0.9:19948,1557.2174,393,FlyEM_Male_CNS_Brain_v0.9,m,JRC2018_Unisex_20x_HR,Brain,,,20191213_64_H3_Channel2.csv,19948,pC1_3c,pC1_3c_R,R,"Lee 2002, Rideout 2010, Nojima 2021: pC1; Cachero 2010: pMP-e; Yu 2010: pMP4",coexpress_high,Traced,,,both,2318,True,True
1703,male-cns:v0.9:15329,1540.1246,397,FlyEM_Male_CNS_Brain_v0.9,m,JRC2018_Unisex_20x_HR,Brain,,,20191213_64_H3_Channel2.csv,15329,pC1_2a,pC1_2a_R,R,"Lee 2002, Rideout 2010, Nojima 2021: pC1; Cachero 2010: pMP-e; Yu 2010: pMP4",coexpress_high,Traced,,,both,,False,True
1709,male-cns:v0.9:20803,1530.3055,325,FlyEM_Male_CNS_Brain_v0.9,m,JRC2018_Unisex_20x_HR,Brain,,,20191213_64_H3_Channel2.csv,20803,pC1_4a,pC1_4a_R,R,"Lee 2002, Rideout 2010, Nojima 2021: pC1",dsx_high,Traced,,,both,2427,True,True
1757,male-cns:v0.9:12448,1447.9613,342,FlyEM_Male_CNS_Brain_v0.9,m,JRC2018_Unisex_20x_HR,Brain,,,20191213_64_H3_Channel2.csv,12448,pC1_18a,pC1_18a_L,L,"Lee 2002, Rideout 2010, Nojima 2021: pC1",dsx_low,Traced,,,both,916,True,True
1759,male-cns:v0.9:15208,1446.9896,383,FlyEM_Male_CNS_Brain_v0.9,m,JRC2018_Unisex_20x_HR,Brain,,,20191213_64_H3_Channel2.csv,15208,pC1_1a,pC1_1a_L,L,"Lee 2002, Rideout 2010, Nojima 2021: pC1; Cachero 2010: pMP-e; Yu 2010: pMP4",coexpress_high,Traced,,,both,1565,True,True
1809,male-cns:v0.9:17867,1389.3362,497,FlyEM_Male_CNS_Brain_v0.9,m,JRC2018_Unisex_20x_HR,Brain,,,20191213_64_H3_Channel2.csv,17867,pC1_4b,pC1_4b_L,L,"Lee 2002, Rideout 2010, Nojima 2021: pC1",dsx_high,Traced,,,both,2029,True,True
1864,male-cns:v0.9:18974,1336.8893,453,FlyEM_Male_CNS_Brain_v0.9,m,JRC2018_Unisex_20x_HR,Brain,,,20191213_64_H3_Channel2.csv,18974,pC1_3a,pC1_3a_R,R,"Lee 2002, Rideout 2010, Nojima 2021: pC1; Cachero 2010: pMP-e; Yu 2010: pMP4",coexpress_high,Traced,,,both,2182,True,True
1871,male-cns:v0.9:19650,1327.998,521,FlyEM_Male_CNS_Brain_v0.9,m,JRC2018_Unisex_20x_HR,Brain,,,20191213_64_H3_Channel2.csv,19650,pC1_3a,pC1_3a_L,L,"Lee 2002, Rideout 2010, Nojima 2021: pC1; Cachero 2010: pMP-e; Yu 2010: pMP4",coexpress_high,Traced,,,both,2279,True,True
1904,male-cns:v0.9:70011,1275.6903,403,FlyEM_Male_CNS_Brain_v0.9,m,JRC2018_Unisex_20x_HR,Brain,,,20191213_64_H3_Channel2.csv,70011,pC1_5b,pC1_5b_L,L,"Lee 2002, Rideout 2010, Nojima 2021: pC1; Cachero 2010: pMP-e; Yu 2010: pMP4",coexpress_high,Traced,,,both,3792,True,True
1989,male-cns:v0.9:20117,1176.3367,448,FlyEM_Male_CNS_Brain_v0.9,m,JRC2018_Unisex_20x_HR,Brain,,,20191213_64_H3_Channel2.csv,20117,pC1_4a,pC1_4a_R,R,"Lee 2002, Rideout 2010, Nojima 2021: pC1",dsx_high,Traced,,,both,2341,True,True
2003,male-cns:v0.9:13266,1167.1471,559,FlyEM_Male_CNS_Brain_v0.9,m,JRC2018_Unisex_20x_HR,Brain,,,20191213_64_H3_Channel2.csv,13266,pC1_3b,pC1_3b_L,L,"Lee 2002, Rideout 2010, Nojima 2021: pC1; Cachero 2010: pMP-e; Yu 2010: pMP4",coexpress_high,Traced,,,both,1152,True,True
2030,male-cns:v0.9:19136,1136.7686,444,FlyEM_Male_CNS_Brain_v0.9,m,JRC2018_Unisex_20x_HR,Brain,,,20191213_64_H3_Channel2.csv,19136,pC1_3c,pC1_3c_L,L,"Lee 2002, Rideout 2010, Nojima 2021: pC1; Cachero 2010: pMP-e; Yu 2010: pMP4",coexpress_high,Traced,,,both,2210,True,True
2032,male-cns:v0.9:20392,1133.8674,527,FlyEM_Male_CNS_Brain_v0.9,m,JRC2018_Unisex_20x_HR,Brain,,,20191213_64_H3_Channel2.csv,20392,pC1_2c,pC1_2c_R,R,"Lee 2002, Rideout 2010, Nojima 2021: pC1; Cachero 2010: pMP-e; Yu 2010: pMP4",coexpress_high,Traced,,,both,2364,True,True
2033,male-cns:v0.9:32788,1132.2866,227,FlyEM_Male_CNS_Brain_v0.9,m,JRC2018_Unisex_20x_HR,Brain,,,20191213_64_H3_Channel2.csv,32788,pC1_18b,pC1_18b_R,R,"Lee 2002, Rideout 2010, Nojima 2021: pC1",dsx_low,Traced,,,both,3248,True,True
2049,male-cns:v0.9:519518,1114.0276,350,FlyEM_Male_CNS_Brain_v0.9,m,JRC2018_Unisex_20x_HR,Brain,,,20191213_64_H3_Channel2.csv,519518,pC1_4a,pC1_4a_L,L,"Lee 2002, Rideout 2010, Nojima 2021: pC1",dsx_high,Traced,,,both,4646,True,True
2058,male-cns:v0.9:522419,1107.045,439,FlyEM_Male_CNS_Brain_v0.9,m,JRC2018_Unisex_20x_HR,Brain,,,20191213_64_H3_Channel2.csv,522419,pC1_4a,pC1_4a_L,L,"Lee 2002, Rideout 2010, Nojima 2021: pC1",dsx_high,Traced,,,both,4859,True,True
2078,male-cns:v0.9:17851,1091.8939,296,FlyEM_Male_CNS_Brain_v0.9,m,JRC2018_Unisex_20x_HR,Brain,,,20191213_64_H3_Channel2.csv,17851,pC1_12b,pC1_12b_L,L,"Lee 2002, Rideout 2010, Nojima 2021: pC1",dsx_high,Traced,,,both,2027,True,True
2091,male-cns:v0.9:557035,1078.2365,349,FlyEM_Male_CNS_Brain_v0.9,m,JRC2018_Unisex_20x_HR,Brain,,,20191213_64_H3_Channel2.csv,557035,pC1_5b,pC1_5b_L,L,"Lee 2002, Rideout 2010, Nojima 2021: pC1; Cachero 2010: pMP-e; Yu 2010: pMP4",coexpress_high,Traced,,,both,5296,True,True
2099,male-cns:v0.9:17089,1073.5779,397,FlyEM_Male_CNS_Brain_v0.9,m,JRC2018_Unisex_20x_HR,Brain,,,20191213_64_H3_Channel2.csv,17089,pC1_12b,pC1_12b_R,R,"Lee 2002, Rideout 2010, Nojima 2021: pC1",dsx_high,Traced,,,both,1900,True,True
2116,male-cns:v0.9:13495,1052.5629,480,FlyEM_Male_CNS_Brain_v0.9,m,JRC2018_Unisex_20x_HR,Brain,,,20191213_64_H3_Channel2.csv,13495,pC1_11a,pC1_11a_R,R,"Lee 2002, Rideout 2010, Nojima 2021: pC1",dsx_high,Traced,,,both,1207,True,True
2118,male-cns:v0.9:22093,1050.3134,430,FlyEM_Male_CNS_Brain_v0.9,m,JRC2018_Unisex_20x_HR,Brain,,,20191213_64_H3_Channel2.csv,22093,pC1_2c,pC1_2c_L,L,"Lee 2002, Rideout 2010, Nojima 2021: pC1; Cachero 2010: pMP-e; Yu 2010: pMP4",coexpress_high,Traced,,,both,2558,True,True
2179,male-cns:v0.9:29483,992.8921,202,FlyEM_Male_CNS_Brain_v0.9,m,JRC2018_Unisex_20x_HR,Brain,,,20191213_64_H3_Channel2.csv,29483,pC1_5b,pC1_5b_R,R,"Lee 2002, Rideout 2010, Nojima 2021: pC1; Cachero 2010: pMP-e; Yu 2010: pMP4",coexpress_high,Traced,,,both,3118,True,True
2197,male-cns:v0.9:524747,982.9727,427,FlyEM_Male_CNS_Brain_v0.9,m,JRC2018_Unisex_20x_HR,Brain,,,20191213_64_H3_Channel2.csv,524747,pC1_2a,pC1_2a_L,L,"Lee 2002, Rideout 2010, Nojima 2021: pC1; Cachero 2010: pMP-e; Yu 2010: pMP4",coexpress_high,Traced,,,both,5000,True,True
2202,male-cns:v0.9:23968,980.34766,425,FlyEM_Male_CNS_Brain_v0.9,m,JRC2018_Unisex_20x_HR,Brain,,,20191213_64_H3_Channel2.csv,23968,pC1_4a,pC1_4a_R,R,"Lee 2002, Rideout 2010, Nojima 2021: pC1",dsx_high,Traced,,,both,2720,True,True
2206,male-cns:v0.9:16719,972.8512,462,FlyEM_Male_CNS_Brain_v0.9,m,JRC2018_Unisex_20x_HR,Brain,,,20191213_64_H3_Channel2.csv,16719,pC1_4b,pC1_4b_R,R,"Lee 2002, Rideout 2010, Nojima 2021: pC1",dsx_high,Traced,,,both,1836,True,True
2253,male-cns:v0.9:18913,926.89026,338,FlyEM_Male_CNS_Brain_v0.9,m,JRC2018_Unisex_20x_HR,Brain,,,20191213_64_H3_Channel2.csv,18913,pC1_2b,pC1_2b_L,L,"Lee 2002, Rideout 2010, Nojima 2021: pC1; Cachero 2010: pMP-e; Yu 2010: pMP4",coexpress_high,Traced,,,both,2174,True,True
2288,male-cns:v0.9:17387,899.4676,486,FlyEM_Male_CNS_Brain_v0.9,m,JRC2018_Unisex_20x_HR,Brain,,,20191213_64_H3_Channel2.csv,17387,pC1_2a/2b,pC1_2a/2b_R,R,"Lee 2002, Rideout 2010, Nojima 2021: pC1; Cachero 2010: pMP-e; Yu 2010: pMP4",coexpress_high,Traced,,,both,,False,True
2325,male-cns:v0.9:514925,872.0419,298,FlyEM_Male_CNS_Brain_v0.9,m,JRC2018_Unisex_20x_HR,Brain,,,20191213_64_H3_Channel2.csv,514925,pC1_3b,pC1_3b_R,R,"Lee 2002, Rideout 2010, Nojima 2021: pC1; Cachero 2010: pMP-e; Yu 2010: pMP4",coexpress_high,Traced,,,both,,False,True
2377,male-cns:v0.9:19705,832.6658,471,FlyEM_Male_CNS_Brain_v0.9,m,JRC2018_Unisex_20x_HR,Brain,,,20191213_64_H3_Channel2.csv,19705,pC1_2b,pC1_2b_R,R,"Lee 2002, Rideout 2010, Nojima 2021: pC1; Cachero 2010: pMP-e; Yu 2010: pMP4",coexpress_high,Traced,,,both,2287,True,True
2393,male-cns:v0.9:26993,821.67944,483,FlyEM_Male_CNS_Brain_v0.9,m,JRC2018_Unisex_20x_HR,Brain,,,20191213_64_H3_Channel2.csv,26993,pC1_1b,pC1_1b_R,R,"Lee 2002, Rideout 2010, Nojima 2021: pC1; Cachero 2010: pMP-e; Yu 2010: pMP4",coexpress_high,Traced,,,both,2963,True,True
2401,male-cns:v0.9:18990,816.96014,374,FlyEM_Male_CNS_Brain_v0.9,m,JRC2018_Unisex_20x_HR,Brain,,,20191213_64_H3_Channel2.csv,18990,pC1_11a,pC1_11a_L,L,"Lee 2002, Rideout 2010, Nojima 2021: pC1",dsx_high,Traced,,,both,2186,True,True
2411,male-cns:v0.9:18554,808.4852,302,FlyEM_Male_CNS_Brain_v0.9,m,JRC2018_Unisex_20x_HR,Brain,,,20191213_64_H3_Channel2.csv,18554,pC1_12b,pC1_12b_R,R,"Lee 2002, Rideout 2010, Nojima 2021: pC1",dsx_high,Traced,,,both,2125,True,True
2527,male-cns:v0.9:13655,743.72925,534,FlyEM_Male_CNS_Brain_v0.9,m,JRC2018_Unisex_20x_HR,Brain,,,20191213_64_H3_Channel2.csv,13655,pC1_11b,pC1_11b_R,R,"Lee 2002, Rideout 2010, Nojima 2021: pC1",dsx_high,Traced,,,both,1247,True,True
2544,male-cns:v0.9:26833,733.53986,227,FlyEM_Male_CNS_Brain_v0.9,m,JRC2018_Unisex_20x_HR,Brain,,,20191213_64_H3_Channel2.csv,26833,pC1_16b,pC1_16b_L,L,"Lee 2002, Rideout 2010, Nojima 2021: pC1; Cachero 2010: pMP-e; Yu 2010: pMP4",coexpress_high,Traced,,,both,,False,True
2547,male-cns:v0.9:59527,732.1952,155,FlyEM_Male_CNS_Brain_v0.9,m,JRC2018_Unisex_20x_HR,Brain,,,20191213_64_H3_Channel2.csv,59527,pC1_16a,pC1_16a_R,R,"Lee 2002, Rideout 2010, Nojima 2021: pC1; Cachero 2010: pMP-e; Yu 2010: pMP4",coexpress_high,Traced,,,both,,False,True
2565,male-cns:v0.9:98113,719.9273,187,FlyEM_Male_CNS_Brain_v0.9,m,JRC2018_Unisex_20x_HR,Brain,,,20191213_64_H3_Channel2.csv,98113,pC1_19,pC1_19_L,L,"Lee 2002, Rideout 2010, Nojima 2021: pC1",dsx_high,Traced,,,both,3971,True,True
2571,male-cns:v0.9:29280,714.7112,370,FlyEM_Male_CNS_Brain_v0.9,m,JRC2018_Unisex_20x_HR,Brain,,,20191213_64_H3_Channel2.csv,29280,pC1_1a,pC1_1a_R,R,"Lee 2002, Rideout 2010, Nojima 2021: pC1; Cachero 2010: pMP-e; Yu 2010: pMP4",coexpress_high,Traced,,,both,,False,True
2588,male-cns:v0.9:23952,706.1789,182,FlyEM_Male_CNS_Brain_v0.9,m,JRC2018_Unisex_20x_HR,Brain,,,20191213_64_H3_Channel2.csv,23952,pC1_16a,pC1_16a_R,R,"Lee 2002, Rideout 2010, Nojima 2021: pC1; Cachero 2010: pMP-e; Yu 2010: pMP4",coexpress_high,Traced,,,both,2717,True,True
2598,male-cns:v0.9:25746,700.6229,253,FlyEM_Male_CNS_Brain_v0.9,m,JRC2018_Unisex_20x_HR,Brain,,,20191213_64_H3_Channel2.csv,25746,pC1_16b,pC1_16b_R,R,"Lee 2002, Rideout 2010, Nojima 2021: pC1; Cachero 2010: pMP-e; Yu 2010: pMP4",coexpress_high,Traced,,,both,,False,True
2611,male-cns:v0.9:524296,694.5244,451,FlyEM_Male_CNS_Brain_v0.9,m,JRC2018_Unisex_20x_HR,Brain,,,20191213_64_H3_Channel2.csv,524296,pC1_1a,pC1_1a_L,L,"Lee 2002, Rideout 2010, Nojima 2021: pC1; Cachero 2010: pMP-e; Yu 2010: pMP4",coexpress_high,Traced,,,both,4975,True,True
2640,male-cns:v0.9:19085,676.5421,355,FlyEM_Male_CNS_Brain_v0.9,m,JRC2018_Unisex_20x_HR,Brain,,,20191213_64_H3_Channel2.csv,19085,pC1_1a,pC1_1a_R,R,"Lee 2002, Rideout 2010, Nojima 2021: pC1; Cachero 2010: pMP-e; Yu 2010: pMP4",coexpress_high,Traced,,,both,,False,True
2643,male-cns:v0.9:13562,674.9765,192,FlyEM_Male_CNS_Brain_v0.9,m,JRC2018_Unisex_20x_HR,Brain,,,20191213_64_H3_Channel2.csv,13562,pC1_12b,pC1_12b_L,L,"Lee 2002, Rideout 2010, Nojima 2021: pC1",dsx_high,Traced,,,both,1219,True,True
2650,male-cns:v0.9:58786,671.874,162,FlyEM_Male_CNS_Brain_v0.9,m,JRC2018_Unisex_20x_HR,Brain,,,20191213_64_H3_Channel2.csv,58786,pC1_16b,pC1_16b_R,R,"Lee 2002, Rideout 2010, Nojima 2021: pC1; Cachero 2010: pMP-e; Yu 2010: pMP4",coexpress_high,Traced,,,both,,False,True
2690,male-cns:v0.9:512011,651.676,385,FlyEM_Male_CNS_Brain_v0.9,m,JRC2018_Unisex_20x_HR,Brain,,,20191213_64_H3_Channel2.csv,512011,pC1_12a,pC1_12a_R,R,"Lee 2002, Rideout 2010, Nojima 2021: pC1; Cachero 2010: pMP-e; Yu 2010: pMP4",coexpress_low,Traced,,,both,4267,True,True
2693,male-cns:v0.9:16262,650.42944,338,FlyEM_Male_CNS_Brain_v0.9,m,JRC2018_Unisex_20x_HR,Brain,,,20191213_64_H3_Channel2.csv,16262,pC1_1b,pC1_1b_L,L,"Lee 2002, Rideout 2010, Nojima 2021: pC1; Cachero 2010: pMP-e; Yu 2010: pMP4",coexpress_high,Traced,,,both,1760,True,True
2757,male-cns:v0.9:519914,604.9718,392,FlyEM_Male_CNS_Brain_v0.9,m,JRC2018_Unisex_20x_HR,Brain,,,20191213_64_H3_Channel2.csv,519914,pC1_1a,pC1_1a_L,L,"Lee 2002, Rideout 2010, Nojima 2021: pC1; Cachero 2010: pMP-e; Yu 2010: pMP4",coexpress_high,Traced,,,both,4678,True,True
2761,male-cns:v0.9:33041,601.1746,148,FlyEM_Male_CNS_Brain_v0.9,m,JRC2018_Unisex_20x_HR,Brain,,,20191213_64_H3_Channel2.csv,33041,pC1_16b,pC1_16b_R,R,"Lee 2002, Rideout 2010, Nojima 2021: pC1; Cachero 2010: pMP-e; Yu 2010: pMP4",coexpress_high,Traced,,,both,,False,True
2778,male-cns:v0.9:170209,592.6216,148,FlyEM_Male_CNS_Brain_v0.9,m,JRC2018_Unisex_20x_HR,Brain,,,20191213_64_H3_Channel2.csv,170209,pC1_19,pC1_19_R,R,"Lee 2002, Rideout 2010, Nojima 2021: pC1",dsx_high,Traced,,,both,4142,True,True
2790,male-cns:v0.9:125721,583.00574,183,FlyEM_Male_CNS_Brain_v0.9,m,JRC2018_Unisex_20x_HR,Brain,,,20191213_64_H3_Channel2.csv,125721,pC1_19,pC1_19_R,R,"Lee 2002, Rideout 2010, Nojima 2021: pC1",dsx_high,Traced,,,both,4063,True,True
2835,male-cns:v0.9:66610,565.4181,162,FlyEM_Male_CNS_Brain_v0.9,m,JRC2018_Unisex_20x_HR,Brain,,,20191213_64_H3_Channel2.csv,66610,pC1_16b,pC1_16b_R,R,"Lee 2002, Rideout 2010, Nojima 2021: pC1; Cachero 2010: pMP-e; Yu 2010: pMP4",coexpress_high,Traced,,,both,,False,True
2842,male-cns:v0.9:67624,560.68616,138,FlyEM_Male_CNS_Brain_v0.9,m,JRC2018_Unisex_20x_HR,Brain,,,20191213_64_H3_Channel2.csv,67624,pC1_16a,pC1_16a_R,R,"Lee 2002, Rideout 2010, Nojima 2021: pC1; Cachero 2010: pMP-e; Yu 2010: pMP4",coexpress_high,Traced,,,both,,False,True
2855,male-cns:v0.9:20255,552.1427,370,FlyEM_Male_CNS_Brain_v0.9,m,JRC2018_Unisex_20x_HR,Brain,,,20191213_64_H3_Channel2.csv,20255,pC1_1a,pC1_1a_L,L,"Lee 2002, Rideout 2010, Nojima 2021: pC1; Cachero 2010: pMP-e; Yu 2010: pMP4",coexpress_high,Traced,,,both,2357,True,True
2885,male-cns:v0.9:220200,531.4226,292,FlyEM_Male_CNS_Brain_v0.9,m,JRC2018_Unisex_20x_HR,Brain,,,20191213_64_H3_Channel2.csv,220200,pC1_13b,pC1_13b_R,R,"Lee 2002, Rideout 2010, Nojima 2021: pC1",dsx_high,Traced,,,both,4190,True,True
2889,male-cns:v0.9:127881,530.0263,165,FlyEM_Male_CNS_Brain_v0.9,m,JRC2018_Unisex_20x_HR,Brain,,,20191213_64_H3_Channel2.csv,127881,pC1_19,pC1_19_L,L,"Lee 2002, Rideout 2010, Nojima 2021: pC1",dsx_high,Traced,,,both,4068,True,True
2895,male-cns:v0.9:68624,520.79065,197,FlyEM_Male_CNS_Brain_v0.9,m,JRC2018_Unisex_20x_HR,Brain,,,20191213_64_H3_Channel2.csv,68624,pC1_19,pC1_19_L,L,"Lee 2002, Rideout 2010, Nojima 2021: pC1",dsx_high,Traced,,,both,3783,True,True
2914,male-cns:v0.9:514077,512.8964,274,FlyEM_Male_CNS_Brain_v0.9,m,JRC2018_Unisex_20x_HR,Brain,,,20191213_64_H3_Channel2.csv,514077,pC1_11b,pC1_11b_L,L,"Lee 2002, Rideout 2010, Nojima 2021: pC1",dsx_high,Traced,,,both,4406,True,True
2932,male-cns:v0.9:513650,503.71405,214,FlyEM_Male_CNS_Brain_v0.9,m,JRC2018_Unisex_20x_HR,Brain,,,20191213_64_H3_Channel2.csv,513650,pC1_12a,pC1_12a_L,L,"Lee 2002, Rideout 2010, Nojima 2021: pC1; Cachero 2010: pMP-e; Yu 2010: pMP4",coexpress_low,Traced,,,both,4374,True,True
2938,male-cns:v0.9:79642,501.1253,151,FlyEM_Male_CNS_Brain_v0.9,m,JRC2018_Unisex_20x_HR,Brain,,,20191213_64_H3_Channel2.csv,79642,pC1_19,pC1_19_R,R,"Lee 2002, Rideout 2010, Nojima 2021: pC1",dsx_high,Traced,,,both,3860,True,True
2952,male-cns:v0.9:526918,492.90842,411,FlyEM_Male_CNS_Brain_v0.9,m,JRC2018_Unisex_20x_HR,Brain,,,20191213_64_H3_Channel2.csv,526918,pC1_1a,pC1_1a_R,R,"Lee 2002, Rideout 2010, Nojima 2021: pC1; Cachero 2010: pMP-e; Yu 2010: pMP4",coexpress_high,Traced,,,both,5064,True,True
2980,male-cns:v0.9:517735,478.0952,178,FlyEM_Male_CNS_Brain_v0.9,m,JRC2018_Unisex_20x_HR,Brain,,,20191213_64_H3_Channel2.csv,517735,pC1_6b,pC1_6b_L,L,"Lee 2002, Rideout 2010, Nojima 2021: pC1",coexpress_high,Traced,,,both,4575,True,True
2985,male-cns:v0.9:32283,472.11618,249,FlyEM_Male_CNS_Brain_v0.9,m,JRC2018_Unisex_20x_HR,Brain,,,20191213_64_H3_Channel2.csv,32283,pC1_16b,pC1_16b_L,L,"Lee 2002, Rideout 2010, Nojima 2021: pC1; Cachero 2010: pMP-e; Yu 2010: pMP4",coexpress_high,Traced,,,both,,False,True
3046,male-cns:v0.9:33553,437.06128,145,FlyEM_Male_CNS_Brain_v0.9,m,JRC2018_Unisex_20x_HR,Brain,,,20191213_64_H3_Channel2.csv,33553,pC1_14a,pC1_14a_R,R,"Lee 2002, Rideout 2010, Nojima 2021: pC1; Cachero 2010: pMP-e; Yu 2010: pMP4",coexpress_low,Traced,,,both,3279,True,True
3049,male-cns:v0.9:23695,436.26328,264,FlyEM_Male_CNS_Brain_v0.9,m,JRC2018_Unisex_20x_HR,Brain,,,20191213_64_H3_Channel2.csv,23695,pC1_14a,pC1_14a_L,L,"Lee 2002, Rideout 2010, Nojima 2021: pC1; Cachero 2010: pMP-e; Yu 2010: pMP4",coexpress_low,Traced,,,both,2690,True,True
3069,male-cns:v0.9:24623,427.373,295,FlyEM_Male_CNS_Brain_v0.9,m,JRC2018_Unisex_20x_HR,Brain,,,20191213_64_H3_Channel2.csv,24623,pC1_6b,pC1_6b_R,R,"Lee 2002, Rideout 2010, Nojima 2021: pC1",coexpress_high,Traced,,,both,2786,True,True
3117,male-cns:v0.9:29214,400.37674,151,FlyEM_Male_CNS_Brain_v0.9,m,JRC2018_Unisex_20x_HR,Brain,,,20191213_64_H3_Channel2.csv,29214,pC1_14a,pC1_14a_R,R,"Lee 2002, Rideout 2010, Nojima 2021: pC1; Cachero 2010: pMP-e; Yu 2010: pMP4",coexpress_low,Traced,,,both,3097,True,True
3121,male-cns:v0.9:23924,399.21286,208,FlyEM_Male_CNS_Brain_v0.9,m,JRC2018_Unisex_20x_HR,Brain,,,20191213_64_H3_Channel2.csv,23924,pC1_13b,pC1_13b_L,L,"Lee 2002, Rideout 2010, Nojima 2021: pC1",dsx_high,Traced,,,both,2714,True,True
3139,male-cns:v0.9:53355,388.50854,337,FlyEM_Male_CNS_Brain_v0.9,m,JRC2018_Unisex_20x_HR,Brain,,,20191213_64_H3_Channel2.csv,53355,pC1_7a,pC1_7a_L,L,"Lee 2002, Rideout 2010, Nojima 2021: pC1; Cachero 2010: pMP-e; Yu 2010: pMP4",coexpress_low,Traced,,,both,3664,True,True
3146,male-cns:v0.9:43592,384.69058,233,FlyEM_Male_CNS_Brain_v0.9,m,JRC2018_Unisex_20x_HR,Brain,,,20191213_64_H3_Channel2.csv,43592,pC1_7b,pC1_7b_R,R,"Lee 2002, Rideout 2010, Nojima 2021: pC1; Cachero 2010: pMP-e; Yu 2010: pMP4",coexpress_low,Traced,,,both,3537,True,True
3147,male-cns:v0.9:29043,384.50357,196,FlyEM_Male_CNS_Brain_v0.9,m,JRC2018_Unisex_20x_HR,Brain,,,20191213_64_H3_Channel2.csv,29043,pC1_7a,pC1_7a_L,L,"Lee 2002, Rideout 2010, Nojima 2021: pC1; Cachero 2010: pMP-e; Yu 2010: pMP4",coexpress_low,Traced,,,both,3085,True,True
3148,male-cns:v0.9:55986,383.49088,134,FlyEM_Male_CNS_Brain_v0.9,m,JRC2018_Unisex_20x_HR,Brain,,,20191213_64_H3_Channel2.csv,55986,pC1_14a,pC1_14a_L,L,"Lee 2002, Rideout 2010, Nojima 2021: pC1; Cachero 2010: pMP-e; Yu 2010: pMP4",coexpress_low,Traced,,,both,3687,True,True
3151,male-cns:v0.9:25740,379.5636,168,FlyEM_Male_CNS_Brain_v0.9,m,JRC2018_Unisex_20x_HR,Brain,,,20191213_64_H3_Channel2.csv,25740,pC1_14b,pC1_14b_R,R,"Lee 2002, Rideout 2010, Nojima 2021: pC1; Cachero 2010: pMP-e; Yu 2010: pMP4",coexpress_low,Traced,,,both,2888,True,True
3154,male-cns:v0.9:535835,376.50415,142,FlyEM_Male_CNS_Brain_v0.9,m,JRC2018_Unisex_20x_HR,Brain,,,20191213_64_H3_Channel2.csv,535835,pC1_16b,pC1_16b_L,L,"Lee 2002, Rideout 2010, Nojima 2021: pC1; Cachero 2010: pMP-e; Yu 2010: pMP4",coexpress_high,Traced,,,both,5222,True,True
3158,male-cns:v0.9:513129,375.5758,248,FlyEM_Male_CNS_Brain_v0.9,m,JRC2018_Unisex_20x_HR,Brain,,,20191213_64_H3_Channel2.csv,513129,pC1_8b,pC1_8b_L,L,"Lee 2002, Rideout 2010, Nojima 2021: pC1",dsx_high,Traced,,,both,4341,True,True
3201,male-cns:v0.9:30391,357.28766,204,FlyEM_Male_CNS_Brain_v0.9,m,JRC2018_Unisex_20x_HR,Brain,,,20191213_64_H3_Channel2.csv,30391,pC1_8b,pC1_8b_R,R,"Lee 2002, Rideout 2010, Nojima 2021: pC1",dsx_high,Traced,,,both,3163,True,True
3209,male-cns:v0.9:25542,352.188,204,FlyEM_Male_CNS_Brain_v0.9,m,JRC2018_Unisex_20x_HR,Brain,,,20191213_64_H3_Channel2.csv,25542,pC1_7a,pC1_7a_R,R,"Lee 2002, Rideout 2010, Nojima 2021: pC1; Cachero 2010: pMP-e; Yu 2010: pMP4",coexpress_low,Traced,,,both,2869,True,True
3213,male-cns:v0.9:516522,350.5077,177,FlyEM_Male_CNS_Brain_v0.9,m,JRC2018_Unisex_20x_HR,Brain,,,20191213_64_H3_Channel2.csv,516522,pC1_14a,pC1_14a_R,R,"Lee 2002, Rideout 2010, Nojima 2021: pC1; Cachero 2010: pMP-e; Yu 2010: pMP4",coexpress_low,Traced,,,both,4525,True,True
3227,male-cns:v0.9:517519,342.3761,192,FlyEM_Male_CNS_Brain_v0.9,m,JRC2018_Unisex_20x_HR,Brain,,,20191213_64_H3_Channel2.csv,517519,pC1_10b,pC1_10b_L,L,"Lee 2002, Rideout 2010, Nojima 2021: pC1",dsx_high,Traced,,,both,,False,True
3237,male-cns:v0.9:35202,338.18307,130,FlyEM_Male_CNS_Brain_v0.9,m,JRC2018_Unisex_20x_HR,Brain,,,20191213_64_H3_Channel2.csv,35202,pC1_17b,pC1_17b_R,R,"Lee 2002, Rideout 2010, Nojima 2021: pC1; Cachero 2010: pMP-e; Yu 2010: pMP4",coexpress_low,Traced,,,both,,False,True
3272,male-cns:v0.9:25204,321.82285,268,FlyEM_Male_CNS_Brain_v0.9,m,JRC2018_Unisex_20x_HR,Brain,,,20191213_64_H3_Channel2.csv,25204,pC1_13a,pC1_13a_L,L,"Lee 2002, Rideout 2010, Nojima 2021: pC1; Cachero 2010: pMP-e; Yu 2010: pMP4",coexpress_high,Traced,,,both,2844,True,True
3290,male-cns:v0.9:26543,312.25418,177,FlyEM_Male_CNS_Brain_v0.9,m,JRC2018_Unisex_20x_HR,Brain,,,20191213_64_H3_Channel2.csv,26543,pC1_6a,pC1_6a_L,L,Cachero 2010: pMP-e; Yu 2010: pMP4,coexpress_low,Traced,,,both,2934,True,True
3303,male-cns:v0.9:521453,304.8075,233,FlyEM_Male_CNS_Brain_v0.9,m,JRC2018_Unisex_20x_HR,Brain,,,20191213_64_H3_Channel2.csv,521453,pC1_6a,pC1_6a_L,L,Cachero 2010: pMP-e; Yu 2010: pMP4,coexpress_low,Traced,,,both,4798,True,True
3336,male-cns:v0.9:528986,292.78772,218,FlyEM_Male_CNS_Brain_v0.9,m,JRC2018_Unisex_20x_HR,Brain,,,20191213_64_H3_Channel2.csv,528986,pC1_6a,pC1_6a_R,R,Cachero 2010: pMP-e; Yu 2010: pMP4,coexpress_low,Traced,,,both,5081,True,True
3349,male-cns:v0.9:26746,287.54642,154,FlyEM_Male_CNS_Brain_v0.9,m,JRC2018_Unisex_20x_HR,Brain,,,20191213_64_H3_Channel2.csv,26746,pC1_7b,pC1_7b_R,R,"Lee 2002, Rideout 2010, Nojima 2021: pC1; Cachero 2010: pMP-e; Yu 2010: pMP4",coexpress_low,Traced,,,both,2947,True,True
3356,male-cns:v0.9:102224,284.27194,145,FlyEM_Male_CNS_Brain_v0.9,m,JRC2018_Unisex_20x_HR,Brain,,,20191213_64_H3_Channel2.csv,102224,pC1_5a,pC1_5a_L,L,"Lee 2002, Rideout 2010, Nojima 2021: pC1; Cachero 2010: pMP-e; Yu 2010: pMP4",coexpress_low,Traced,,,both,3990,True,True
3372,male-cns:v0.9:513654,279.86313,169,FlyEM_Male_CNS_Brain_v0.9,m,JRC2018_Unisex_20x_HR,Brain,,,20191213_64_H3_Channel2.csv,513654,pC1_16b,pC1_16b_L,L,"Lee 2002, Rideout 2010, Nojima 2021: pC1; Cachero 2010: pMP-e; Yu 2010: pMP4",coexpress_high,Traced,,,both,,False,True
3397,male-cns:v0.9:41518,271.75754,152,FlyEM_Male_CNS_Brain_v0.9,m,JRC2018_Unisex_20x_HR,Brain,,,20191213_64_H3_Channel2.csv,41518,pC1_8c,pC1_8c_R,R,"Lee 2002, Rideout 2010, Nojima 2021: pC1",dsx_high,Traced,,,both,3499,True,True
3424,male-cns:v0.9:47325,263.70203,171,FlyEM_Male_CNS_Brain_v0.9,m,JRC2018_Unisex_20x_HR,Brain,,,20191213_64_H3_Channel2.csv,47325,pC1_8c,pC1_8c_L,L,"Lee 2002, Rideout 2010, Nojima 2021: pC1",dsx_high,Traced,,,both,3596,True,True
3438,male-cns:v0.9:19672,255.9939,160,FlyEM_Male_CNS_Brain_v0.9,m,JRC2018_Unisex_20x_HR,Brain,,,20191213_64_H3_Channel2.csv,19672,pC1_13a,pC1_13a_R,R,"Lee 2002, Rideout 2010, Nojima 2021: pC1; Cachero 2010: pMP-e; Yu 2010: pMP4",coexpress_high,Traced,,,both,2282,True,True
3462,male-cns:v0.9:20597,244.64583,146,FlyEM_Male_CNS_Brain_v0.9,m,JRC2018_Unisex_20x_HR,Brain,,,20191213_64_H3_Channel2.csv,20597,pC1_6a,pC1_6a_R,R,Cachero 2010: pMP-e; Yu 2010: pMP4,coexpress_low,Traced,,,both,2397,True,True
3470,male-cns:v0.9:21507,242.52014,146,FlyEM_Male_CNS_Brain_v0.9,m,JRC2018_Unisex_20x_HR,Brain,,,20191213_64_H3_Channel2.csv,21507,pC1_6a,pC1_6a_R,R,Cachero 2010: pMP-e; Yu 2010: pMP4,coexpress_low,Traced,,,both,2499,True,True
3523,male-cns:v0.9:44515,227.60664,123,FlyEM_Male_CNS_Brain_v0.9,m,JRC2018_Unisex_20x_HR,Brain,,,20191213_64_H3_Channel2.csv,44515,pC1_14a,pC1_14a_L,L,"Lee 2002, Rideout 2010, Nojima 2021: pC1; Cachero 2010: pMP-e; Yu 2010: pMP4",coexpress_low,Traced,,,both,3549,True,True
3541,male-cns:v0.9:156865,223.92235,82,FlyEM_Male_CNS_Brain_v0.9,m,JRC2018_Unisex_20x_HR,Brain,,,20191213_64_H3_Channel2.csv,156865,pC1_19,pC1_19_L,L,"Lee 2002, Rideout 2010, Nojima 2021: pC1",dsx_high,Traced,,,both,4123,True,True
3545,male-cns:v0.9:513651,223.22784,149,FlyEM_Male_CNS_Brain_v0.9,m,JRC2018_Unisex_20x_HR,Brain,,,20191213_64_H3_Channel2.csv,513651,pC1_7b,pC1_7b_L,L,"Lee 2002, Rideout 2010, Nojima 2021: pC1; Cachero 2010: pMP-e; Yu 2010: pMP4",coexpress_low,Traced,,,both,4375,True,True
3551,male-cns:v0.9:20580,221.56406,137,FlyEM_Male_CNS_Brain_v0.9,m,JRC2018_Unisex_20x_HR,Brain,,,20191213_64_H3_Channel2.csv,20580,pC1_10d,pC1_10d_L,L,"Lee 2002, Rideout 2010, Nojima 2021: pC1",dsx_high,Traced,,,both,,False,True
3584,male-cns:v0.9:513652,212.6857,150,FlyEM_Male_CNS_Brain_v0.9,m,JRC2018_Unisex_20x_HR,Brain,,,20191213_64_H3_Channel2.csv,513652,pC1_7b,pC1_7b_L,L,"Lee 2002, Rideout 2010, Nojima 2021: pC1; Cachero 2010: pMP-e; Yu 2010: pMP4",coexpress_low,Traced,,,both,4376,True,True
3592,male-cns:v0.9:19968,211.15187,167,FlyEM_Male_CNS_Brain_v0.9,m,JRC2018_Unisex_20x_HR,Brain,,,20191213_64_H3_Channel2.csv,19968,pC1_10d,pC1_10d_R,R,"Lee 2002, Rideout 2010, Nojima 2021: pC1",dsx_high,Traced,,,both,,False,True
550,male-cns:v0.9:29143,6528.5874,349,FlyEM_Male_CNS_Brain_v0.9,m,JRC2018_Unisex_20x_HR,Brain,,,20191213_64_H4_Channel2.csv,29143,pC1_5b,pC1_5b_R,R,"Lee 2002, Rideout 2010, Nojima 2021: pC1; Cachero 2010: pMP-e; Yu 2010: pMP4",coexpress_high,Traced,,,both,3091,True,True
613,male-cns:v0.9:532011,6196.675,198,FlyEM_Male_CNS_Brain_v0.9,m,JRC2018_Unisex_20x_HR,Brain,,,20191213_64_H4_Channel2.csv,532011,pC1_18a,pC1_18a_R,R,"Lee 2002, Rideout 2010, Nojima 2021: pC1",dsx_low,Traced,,,both,,False,True
656,male-cns:v0.9:18974,5981.855,456,FlyEM_Male_CNS_Brain_v0.9,m,JRC2018_Unisex_20x_HR,Brain,,,20191213_64_H4_Channel2.csv,18974,pC1_3a,pC1_3a_R,R,"Lee 2002, Rideout 2010, Nojima 2021: pC1; Cachero 2010: pMP-e; Yu 2010: pMP4",coexpress_high,Traced,,,both,2182,True,True
675,male-cns:v0.9:20803,5860.1494,396,FlyEM_Male_CNS_Brain_v0.9,m,JRC2018_Unisex_20x_HR,Brain,,,20191213_64_H4_Channel2.csv,20803,pC1_4a,pC1_4a_R,R,"Lee 2002, Rideout 2010, Nojima 2021: pC1",dsx_high,Traced,,,both,2427,True,True
791,male-cns:v0.9:20392,5333.1772,437,FlyEM_Male_CNS_Brain_v0.9,m,JRC2018_Unisex_20x_HR,Brain,,,20191213_64_H4_Channel2.csv,20392,pC1_2c,pC1_2c_R,R,"Lee 2002, Rideout 2010, Nojima 2021: pC1; Cachero 2010: pMP-e; Yu 2010: pMP4",coexpress_high,Traced,,,both,2364,True,True
843,male-cns:v0.9:519297,5136.3623,511,FlyEM_Male_CNS_Brain_v0.9,m,JRC2018_Unisex_20x_HR,Brain,,,20191213_64_H4_Channel2.csv,519297,pC1_2a,pC1_2a_R,R,"Lee 2002, Rideout 2010, Nojima 2021: pC1; Cachero 2010: pMP-e; Yu 2010: pMP4",coexpress_high,Traced,,,both,,False,True
931,male-cns:v0.9:20117,4810.027,256,FlyEM_Male_CNS_Brain_v0.9,m,JRC2018_Unisex_20x_HR,Brain,,,20191213_64_H4_Channel2.csv,20117,pC1_4a,pC1_4a_R,R,"Lee 2002, Rideout 2010, Nojima 2021: pC1",dsx_high,Traced,,,both,2341,True,True
1057,male-cns:v0.9:19085,4383.2314,343,FlyEM_Male_CNS_Brain_v0.9,m,JRC2018_Unisex_20x_HR,Brain,,,20191213_64_H4_Channel2.csv,19085,pC1_1a,pC1_1a_R,R,"Lee 2002, Rideout 2010, Nojima 2021: pC1; Cachero 2010: pMP-e; Yu 2010: pMP4",coexpress_high,Traced,,,both,,False,True
1075,male-cns:v0.9:18017,4337.747,624,FlyEM_Male_CNS_Brain_v0.9,m,JRC2018_Unisex_20x_HR,Brain,,,20191213_64_H4_Channel2.csv,18017,pC1_3c,pC1_3c_L,L,"Lee 2002, Rideout 2010, Nojima 2021: pC1; Cachero 2010: pMP-e; Yu 2010: pMP4",coexpress_high,Traced,,,both,2055,True,True
1107,male-cns:v0.9:19948,4235.4927,589,FlyEM_Male_CNS_Brain_v0.9,m,JRC2018_Unisex_20x_HR,Brain,,,20191213_64_H4_Channel2.csv,19948,pC1_3c,pC1_3c_R,R,"Lee 2002, Rideout 2010, Nojima 2021: pC1; Cachero 2010: pMP-e; Yu 2010: pMP4",coexpress_high,Traced,,,both,2318,True,True
1143,male-cns:v0.9:19894,4124.9756,320,FlyEM_Male_CNS_Brain_v0.9,m,JRC2018_Unisex_20x_HR,Brain,,,20191213_64_H4_Channel2.csv,19894,pC1_3c,pC1_3c_R,R,"Lee 2002, Rideout 2010, Nojima 2021: pC1; Cachero 2010: pMP-e; Yu 2010: pMP4",coexpress_high,Traced,,,both,,False,True
1191,male-cns:v0.9:19650,3986.2832,609,FlyEM_Male_CNS_Brain_v0.9,m,JRC2018_Unisex_20x_HR,Brain,,,20191213_64_H4_Channel2.csv,19650,pC1_3a,pC1_3a_L,L,"Lee 2002, Rideout 2010, Nojima 2021: pC1; Cachero 2010: pMP-e; Yu 2010: pMP4",coexpress_high,Traced,,,both,2279,True,True
1260,male-cns:v0.9:15329,3802.2102,487,FlyEM_Male_CNS_Brain_v0.9,m,JRC2018_Unisex_20x_HR,Brain,,,20191213_64_H4_Channel2.csv,15329,pC1_2a,pC1_2a_R,R,"Lee 2002, Rideout 2010, Nojima 2021: pC1; Cachero 2010: pMP-e; Yu 2010: pMP4",coexpress_high,Traced,,,both,,False,True
1262,male-cns:v0.9:18554,3797.3567,345,FlyEM_Male_CNS_Brain_v0.9,m,JRC2018_Unisex_20x_HR,Brain,,,20191213_64_H4_Channel2.csv,18554,pC1_12b,pC1_12b_R,R,"Lee 2002, Rideout 2010, Nojima 2021: pC1",dsx_high,Traced,,,both,2125,True,True
1354,male-cns:v0.9:13495,3585.2766,421,FlyEM_Male_CNS_Brain_v0.9,m,JRC2018_Unisex_20x_HR,Brain,,,20191213_64_H4_Channel2.csv,13495,pC1_11a,pC1_11a_R,R,"Lee 2002, Rideout 2010, Nojima 2021: pC1",dsx_high,Traced,,,both,1207,True,True
1404,male-cns:v0.9:23968,3442.0464,304,FlyEM_Male_CNS_Brain_v0.9,m,JRC2018_Unisex_20x_HR,Brain,,,20191213_64_H4_Channel2.csv,23968,pC1_4a,pC1_4a_R,R,"Lee 2002, Rideout 2010, Nojima 2021: pC1",dsx_high,Traced,,,both,2720,True,True
1423,male-cns:v0.9:29483,3381.4312,250,FlyEM_Male_CNS_Brain_v0.9,m,JRC2018_Unisex_20x_HR,Brain,,,20191213_64_H4_Channel2.csv,29483,pC1_5b,pC1_5b_R,R,"Lee 2002, Rideout 2010, Nojima 2021: pC1; Cachero 2010: pMP-e; Yu 2010: pMP4",coexpress_high,Traced,,,both,3118,True,True
1433,male-cns:v0.9:16719,3358.4106,341,FlyEM_Male_CNS_Brain_v0.9,m,JRC2018_Unisex_20x_HR,Brain,,,20191213_64_H4_Channel2.csv,16719,pC1_4b,pC1_4b_R,R,"Lee 2002, Rideout 2010, Nojima 2021: pC1",dsx_high,Traced,,,both,1836,True,True
1464,male-cns:v0.9:17387,3276.6567,436,FlyEM_Male_CNS_Brain_v0.9,m,JRC2018_Unisex_20x_HR,Brain,,,20191213_64_H4_Channel2.csv,17387,pC1_2a/2b,pC1_2a/2b_R,R,"Lee 2002, Rideout 2010, Nojima 2021: pC1; Cachero 2010: pMP-e; Yu 2010: pMP4",coexpress_high,Traced,,,both,,False,True
1478,male-cns:v0.9:17867,3238.1892,561,FlyEM_Male_CNS_Brain_v0.9,m,JRC2018_Unisex_20x_HR,Brain,,,20191213_64_H4_Channel2.csv,17867,pC1_4b,pC1_4b_L,L,"Lee 2002, Rideout 2010, Nojima 2021: pC1",dsx_high,Traced,,,both,2029,True,True
1488,male-cns:v0.9:514925,3227.1868,354,FlyEM_Male_CNS_Brain_v0.9,m,JRC2018_Unisex_20x_HR,Brain,,,20191213_64_H4_Channel2.csv,514925,pC1_3b,pC1_3b_R,R,"Lee 2002, Rideout 2010, Nojima 2021: pC1; Cachero 2010: pMP-e; Yu 2010: pMP4",coexpress_high,Traced,,,both,,False,True
1529,male-cns:v0.9:12442,3125.5532,445,FlyEM_Male_CNS_Brain_v0.9,m,JRC2018_Unisex_20x_HR,Brain,,,20191213_64_H4_Channel2.csv,12442,pC1_4a,pC1_4a_L,L,"Lee 2002, Rideout 2010, Nojima 2021: pC1",dsx_high,Traced,,,both,913,True,True
1552,male-cns:v0.9:17564,3088.2903,533,FlyEM_Male_CNS_Brain_v0.9,m,JRC2018_Unisex_20x_HR,Brain,,,20191213_64_H4_Channel2.csv,17564,pC1_2a,pC1_2a_L,L,"Lee 2002, Rideout 2010, Nojima 2021: pC1; Cachero 2010: pMP-e; Yu 2010: pMP4",coexpress_high,Traced,,,both,,False,True
1573,male-cns:v0.9:13266,3035.1626,560,FlyEM_Male_CNS_Brain_v0.9,m,JRC2018_Unisex_20x_HR,Brain,,,20191213_64_H4_Channel2.csv,13266,pC1_3b,pC1_3b_L,L,"Lee 2002, Rideout 2010, Nojima 2021: pC1; Cachero 2010: pMP-e; Yu 2010: pMP4",coexpress_high,Traced,,,both,1152,True,True
1697,male-cns:v0.9:512011,2772.0786,298,FlyEM_Male_CNS_Brain_v0.9,m,JRC2018_Unisex_20x_HR,Brain,,,20191213_64_H4_Channel2.csv,512011,pC1_12a,pC1_12a_R,R,"Lee 2002, Rideout 2010, Nojima 2021: pC1; Cachero 2010: pMP-e; Yu 2010: pMP4",coexpress_low,Traced,,,both,4267,True,True
1738,male-cns:v0.9:12448,2709.5508,371,FlyEM_Male_CNS_Brain_v0.9,m,JRC2018_Unisex_20x_HR,Brain,,,20191213_64_H4_Channel2.csv,12448,pC1_18a,pC1_18a_L,L,"Lee 2002, Rideout 2010, Nojima 2021: pC1",dsx_low,Traced,,,both,916,True,True
1787,male-cns:v0.9:19136,2601.9397,714,FlyEM_Male_CNS_Brain_v0.9,m,JRC2018_Unisex_20x_HR,Brain,,,20191213_64_H4_Channel2.csv,19136,pC1_3c,pC1_3c_L,L,"Lee 2002, Rideout 2010, Nojima 2021: pC1; Cachero 2010: pMP-e; Yu 2010: pMP4",coexpress_high,Traced,,,both,2210,True,True
1788,male-cns:v0.9:17089,2601.068,349,FlyEM_Male_CNS_Brain_v0.9,m,JRC2018_Unisex_20x_HR,Brain,,,20191213_64_H4_Channel2.csv,17089,pC1_12b,pC1_12b_R,R,"Lee 2002, Rideout 2010, Nojima 2021: pC1",dsx_high,Traced,,,both,1900,True,True
1792,male-cns:v0.9:522419,2594.6226,523,FlyEM_Male_CNS_Brain_v0.9,m,JRC2018_Unisex_20x_HR,Brain,,,20191213_64_H4_Channel2.csv,522419,pC1_4a,pC1_4a_L,L,"Lee 2002, Rideout 2010, Nojima 2021: pC1",dsx_high,Traced,,,both,4859,True,True
2014,male-cns:v0.9:13655,2182.5586,417,FlyEM_Male_CNS_Brain_v0.9,m,JRC2018_Unisex_20x_HR,Brain,,,20191213_64_H4_Channel2.csv,13655,pC1_11b,pC1_11b_R,R,"Lee 2002, Rideout 2010, Nojima 2021: pC1",dsx_high,Traced,,,both,1247,True,True
2066,male-cns:v0.9:17851,2098.426,573,FlyEM_Male_CNS_Brain_v0.9,m,JRC2018_Unisex_20x_HR,Brain,,,20191213_64_H4_Channel2.csv,17851,pC1_12b,pC1_12b_L,L,"Lee 2002, Rideout 2010, Nojima 2021: pC1",dsx_high,Traced,,,both,2027,True,True
2197,male-cns:v0.9:557035,1922.995,393,FlyEM_Male_CNS_Brain_v0.9,m,JRC2018_Unisex_20x_HR,Brain,,,20191213_64_H4_Channel2.csv,557035,pC1_5b,pC1_5b_L,L,"Lee 2002, Rideout 2010, Nojima 2021: pC1; Cachero 2010: pMP-e; Yu 2010: pMP4",coexpress_high,Traced,,,both,5296,True,True
2262,male-cns:v0.9:70011,1835.5817,404,FlyEM_Male_CNS_Brain_v0.9,m,JRC2018_Unisex_20x_HR,Brain,,,20191213_64_H4_Channel2.csv,70011,pC1_5b,pC1_5b_L,L,"Lee 2002, Rideout 2010, Nojima 2021: pC1; Cachero 2010: pMP-e; Yu 2010: pMP4",coexpress_high,Traced,,,both,3792,True,True
2267,male-cns:v0.9:22093,1831.2812,592,FlyEM_Male_CNS_Brain_v0.9,m,JRC2018_Unisex_20x_HR,Brain,,,20191213_64_H4_Channel2.csv,22093,pC1_2c,pC1_2c_L,L,"Lee 2002, Rideout 2010, Nojima 2021: pC1; Cachero 2010: pMP-e; Yu 2010: pMP4",coexpress_high,Traced,,,both,2558,True,True
2292,male-cns:v0.9:15208,1796.2974,582,FlyEM_Male_CNS_Brain_v0.9,m,JRC2018_Unisex_20x_HR,Brain,,,20191213_64_H4_Channel2.csv,15208,pC1_1a,pC1_1a_L,L,"Lee 2002, Rideout 2010, Nojima 2021: pC1; Cachero 2010: pMP-e; Yu 2010: pMP4",coexpress_high,Traced,,,both,1565,True,True
2302,male-cns:v0.9:26993,1781.0784,533,FlyEM_Male_CNS_Brain_v0.9,m,JRC2018_Unisex_20x_HR,Brain,,,20191213_64_H4_Channel2.csv,26993,pC1_1b,pC1_1b_R,R,"Lee 2002, Rideout 2010, Nojima 2021: pC1; Cachero 2010: pMP-e; Yu 2010: pMP4",coexpress_high,Traced,,,both,2963,True,True
2359,male-cns:v0.9:15035,1709.8004,185,FlyEM_Male_CNS_Brain_v0.9,m,JRC2018_Unisex_20x_HR,Brain,,,20191213_64_H4_Channel2.csv,15035,pC1_18b,pC1_18b_R,R,"Lee 2002, Rideout 2010, Nojima 2021: pC1",dsx_low,Traced,,,both,1535,True,True
2389,male-cns:v0.9:18913,1677.0378,595,FlyEM_Male_CNS_Brain_v0.9,m,JRC2018_Unisex_20x_HR,Brain,,,20191213_64_H4_Channel2.csv,18913,pC1_2b,pC1_2b_L,L,"Lee 2002, Rideout 2010, Nojima 2021: pC1; Cachero 2010: pMP-e; Yu 2010: pMP4",coexpress_high,Traced,,,both,2174,True,True
2421,male-cns:v0.9:519518,1641.6826,358,FlyEM_Male_CNS_Brain_v0.9,m,JRC2018_Unisex_20x_HR,Brain,,,20191213_64_H4_Channel2.csv,519518,pC1_4a,pC1_4a_L,L,"Lee 2002, Rideout 2010, Nojima 2021: pC1",dsx_high,Traced,,,both,4646,True,True
2422,male-cns:v0.9:524747,1640.6823,500,FlyEM_Male_CNS_Brain_v0.9,m,JRC2018_Unisex_20x_HR,Brain,,,20191213_64_H4_Channel2.csv,524747,pC1_2a,pC1_2a_L,L,"Lee 2002, Rideout 2010, Nojima 2021: pC1; Cachero 2010: pMP-e; Yu 2010: pMP4",coexpress_high,Traced,,,both,5000,True,True
2440,male-cns:v0.9:29280,1613.2909,345,FlyEM_Male_CNS_Brain_v0.9,m,JRC2018_Unisex_20x_HR,Brain,,,20191213_64_H4_Channel2.csv,29280,pC1_1a,pC1_1a_R,R,"Lee 2002, Rideout 2010, Nojima 2021: pC1; Cachero 2010: pMP-e; Yu 2010: pMP4",coexpress_high,Traced,,,both,,False,True
2518,male-cns:v0.9:18990,1503.5753,625,FlyEM_Male_CNS_Brain_v0.9,m,JRC2018_Unisex_20x_HR,Brain,,,20191213_64_H4_Channel2.csv,18990,pC1_11a,pC1_11a_L,L,"Lee 2002, Rideout 2010, Nojima 2021: pC1",dsx_high,Traced,,,both,2186,True,True
2529,male-cns:v0.9:518253,1494.9336,385,FlyEM_Male_CNS_Brain_v0.9,m,JRC2018_Unisex_20x_HR,Brain,,,20191213_64_H4_Channel2.csv,518253,pC1_18b,pC1_18b_L,L,"Lee 2002, Rideout 2010, Nojima 2021: pC1",dsx_low,Traced,,,both,4592,True,True
2531,male-cns:v0.9:524296,1494.1661,587,FlyEM_Male_CNS_Brain_v0.9,m,JRC2018_Unisex_20x_HR,Brain,,,20191213_64_H4_Channel2.csv,524296,pC1_1a,pC1_1a_L,L,"Lee 2002, Rideout 2010, Nojima 2021: pC1; Cachero 2010: pMP-e; Yu 2010: pMP4",coexpress_high,Traced,,,both,4975,True,True
2602,male-cns:v0.9:25542,1420.5818,272,FlyEM_Male_CNS_Brain_v0.9,m,JRC2018_Unisex_20x_HR,Brain,,,20191213_64_H4_Channel2.csv,25542,pC1_7a,pC1_7a_R,R,"Lee 2002, Rideout 2010, Nojima 2021: pC1; Cachero 2010: pMP-e; Yu 2010: pMP4",coexpress_low,Traced,,,both,2869,True,True
2613,male-cns:v0.9:24623,1405.217,191,FlyEM_Male_CNS_Brain_v0.9,m,JRC2018_Unisex_20x_HR,Brain,,,20191213_64_H4_Channel2.csv,24623,pC1_6b,pC1_6b_R,R,"Lee 2002, Rideout 2010, Nojima 2021: pC1",coexpress_high,Traced,,,both,2786,True,True
2679,male-cns:v0.9:19705,1333.5542,369,FlyEM_Male_CNS_Brain_v0.9,m,JRC2018_Unisex_20x_HR,Brain,,,20191213_64_H4_Channel2.csv,19705,pC1_2b,pC1_2b_R,R,"Lee 2002, Rideout 2010, Nojima 2021: pC1; Cachero 2010: pMP-e; Yu 2010: pMP4",coexpress_high,Traced,,,both,2287,True,True
2700,male-cns:v0.9:13562,1308.5853,401,FlyEM_Male_CNS_Brain_v0.9,m,JRC2018_Unisex_20x_HR,Brain,,,20191213_64_H4_Channel2.csv,13562,pC1_12b,pC1_12b_L,L,"Lee 2002, Rideout 2010, Nojima 2021: pC1",dsx_high,Traced,,,both,1219,True,True
2706,male-cns:v0.9:30391,1303.4664,187,FlyEM_Male_CNS_Brain_v0.9,m,JRC2018_Unisex_20x_HR,Brain,,,20191213_64_H4_Channel2.csv,30391,pC1_8b,pC1_8b_R,R,"Lee 2002, Rideout 2010, Nojima 2021: pC1",dsx_high,Traced,,,both,3163,True,True
2761,male-cns:v0.9:20255,1250.9089,510,FlyEM_Male_CNS_Brain_v0.9,m,JRC2018_Unisex_20x_HR,Brain,,,20191213_64_H4_Channel2.csv,20255,pC1_1a,pC1_1a_L,L,"Lee 2002, Rideout 2010, Nojima 2021: pC1; Cachero 2010: pMP-e; Yu 2010: pMP4",coexpress_high,Traced,,,both,2357,True,True
2813,male-cns:v0.9:555747,1204.9807,379,FlyEM_Male_CNS_Brain_v0.9,m,JRC2018_Unisex_20x_HR,Brain,,,20191213_64_H4_Channel2.csv,555747,pC1_13c,pC1_13c_R,R,"Lee 2002, Rideout 2010, Nojima 2021: pC1",dsx_high,Traced,,,both,,False,True
2826,male-cns:v0.9:519914,1186.2322,454,FlyEM_Male_CNS_Brain_v0.9,m,JRC2018_Unisex_20x_HR,Brain,,,20191213_64_H4_Channel2.csv,519914,pC1_1a,pC1_1a_L,L,"Lee 2002, Rideout 2010, Nojima 2021: pC1; Cachero 2010: pMP-e; Yu 2010: pMP4",coexpress_high,Traced,,,both,4678,True,True
2857,male-cns:v0.9:16262,1155.3298,555,FlyEM_Male_CNS_Brain_v0.9,m,JRC2018_Unisex_20x_HR,Brain,,,20191213_64_H4_Channel2.csv,16262,pC1_1b,pC1_1b_L,L,"Lee 2002, Rideout 2010, Nojima 2021: pC1; Cachero 2010: pMP-e; Yu 2010: pMP4",coexpress_high,Traced,,,both,1760,True,True
2871,male-cns:v0.9:170209,1138.2031,187,FlyEM_Male_CNS_Brain_v0.9,m,JRC2018_Unisex_20x_HR,Brain,,,20191213_64_H4_Channel2.csv,170209,pC1_19,pC1_19_R,R,"Lee 2002, Rideout 2010, Nojima 2021: pC1",dsx_high,Traced,,,both,4142,True,True
2956,male-cns:v0.9:514077,1061.4976,481,FlyEM_Male_CNS_Brain_v0.9,m,JRC2018_Unisex_20x_HR,Brain,,,20191213_64_H4_Channel2.csv,514077,pC1_11b,pC1_11b_L,L,"Lee 2002, Rideout 2010, Nojima 2021: pC1",dsx_high,Traced,,,both,4406,True,True
2970,male-cns:v0.9:26833,1048.3953,221,FlyEM_Male_CNS_Brain_v0.9,m,JRC2018_Unisex_20x_HR,Brain,,,20191213_64_H4_Channel2.csv,26833,pC1_16b,pC1_16b_L,L,"Lee 2002, Rideout 2010, Nojima 2021: pC1; Cachero 2010: pMP-e; Yu 2010: pMP4",coexpress_high,Traced,,,both,,False,True
2998,male-cns:v0.9:58786,1023.6775,213,FlyEM_Male_CNS_Brain_v0.9,m,JRC2018_Unisex_20x_HR,Brain,,,20191213_64_H4_Channel2.csv,58786,pC1_16b,pC1_16b_R,R,"Lee 2002, Rideout 2010, Nojima 2021: pC1; Cachero 2010: pMP-e; Yu 2010: pMP4",coexpress_high,Traced,,,both,,False,True
3000,male-cns:v0.9:526918,1023.1408,311,FlyEM_Male_CNS_Brain_v0.9,m,JRC2018_Unisex_20x_HR,Brain,,,20191213_64_H4_Channel2.csv,526918,pC1_1a,pC1_1a_R,R,"Lee 2002, Rideout 2010, Nojima 2021: pC1; Cachero 2010: pMP-e; Yu 2010: pMP4",coexpress_high,Traced,,,both,5064,True,True
3032,male-cns:v0.9:10217,985.41724,240,FlyEM_Male_CNS_Brain_v0.9,m,JRC2018_Unisex_20x_HR,Brain,,,20191213_64_H4_Channel2.csv,10217,pC1x_b,pC1x_b_L,L,"Lee 2002, Rideout 2010, Nojima 2021: pC1, Sten 2025: pC1x",dsx_high,Traced,pC1b,pC1b,both,,False,True
3131,male-cns:v0.9:21507,904.775,215,FlyEM_Male_CNS_Brain_v0.9,m,JRC2018_Unisex_20x_HR,Brain,,,20191213_64_H4_Channel2.csv,21507,pC1_6a,pC1_6a_R,R,Cachero 2010: pMP-e; Yu 2010: pMP4,coexpress_low,Traced,,,both,2499,True,True
3148,male-cns:v0.9:513650,881.9354,332,FlyEM_Male_CNS_Brain_v0.9,m,JRC2018_Unisex_20x_HR,Brain,,,20191213_64_H4_Channel2.csv,513650,pC1_12a,pC1_12a_L,L,"Lee 2002, Rideout 2010, Nojima 2021: pC1; Cachero 2010: pMP-e; Yu 2010: pMP4",coexpress_low,Traced,,,both,4374,True,True
3179,male-cns:v0.9:20597,854.3426,214,FlyEM_Male_CNS_Brain_v0.9,m,JRC2018_Unisex_20x_HR,Brain,,,20191213_64_H4_Channel2.csv,20597,pC1_6a,pC1_6a_R,R,Cachero 2010: pMP-e; Yu 2010: pMP4,coexpress_low,Traced,,,both,2397,True,True
3187,male-cns:v0.9:517519,850.45746,365,FlyEM_Male_CNS_Brain_v0.9,m,JRC2018_Unisex_20x_HR,Brain,,,20191213_64_H4_Channel2.csv,517519,pC1_10b,pC1_10b_L,L,"Lee 2002, Rideout 2010, Nojima 2021: pC1",dsx_high,Traced,,,both,,False,True
3192,male-cns:v0.9:33041,847.7764,233,FlyEM_Male_CNS_Brain_v0.9,m,JRC2018_Unisex_20x_HR,Brain,,,20191213_64_H4_Channel2.csv,33041,pC1_16b,pC1_16b_R,R,"Lee 2002, Rideout 2010, Nojima 2021: pC1; Cachero 2010: pMP-e; Yu 2010: pMP4",coexpress_high,Traced,,,both,,False,True
3197,male-cns:v0.9:517735,840.80505,279,FlyEM_Male_CNS_Brain_v0.9,m,JRC2018_Unisex_20x_HR,Brain,,,20191213_64_H4_Channel2.csv,517735,pC1_6b,pC1_6b_L,L,"Lee 2002, Rideout 2010, Nojima 2021: pC1",coexpress_high,Traced,,,both,4575,True,True
3214,male-cns:v0.9:79642,820.95306,147,FlyEM_Male_CNS_Brain_v0.9,m,JRC2018_Unisex_20x_HR,Brain,,,20191213_64_H4_Channel2.csv,79642,pC1_19,pC1_19_R,R,"Lee 2002, Rideout 2010, Nojima 2021: pC1",dsx_high,Traced,,,both,3860,True,True
3265,male-cns:v0.9:127881,779.21277,156,FlyEM_Male_CNS_Brain_v0.9,m,JRC2018_Unisex_20x_HR,Brain,,,20191213_64_H4_Channel2.csv,127881,pC1_19,pC1_19_L,L,"Lee 2002, Rideout 2010, Nojima 2021: pC1",dsx_high,Traced,,,both,4068,True,True
3277,male-cns:v0.9:25746,765.09625,219,FlyEM_Male_CNS_Brain_v0.9,m,JRC2018_Unisex_20x_HR,Brain,,,20191213_64_H4_Channel2.csv,25746,pC1_16b,pC1_16b_R,R,"Lee 2002, Rideout 2010, Nojima 2021: pC1; Cachero 2010: pMP-e; Yu 2010: pMP4",coexpress_high,Traced,,,both,,False,True
3282,male-cns:v0.9:528986,762.5949,169,FlyEM_Male_CNS_Brain_v0.9,m,JRC2018_Unisex_20x_HR,Brain,,,20191213_64_H4_Channel2.csv,528986,pC1_6a,pC1_6a_R,R,Cachero 2010: pMP-e; Yu 2010: pMP4,coexpress_low,Traced,,,both,5081,True,True
3292,male-cns:v0.9:35202,756.1086,155,FlyEM_Male_CNS_Brain_v0.9,m,JRC2018_Unisex_20x_HR,Brain,,,20191213_64_H4_Channel2.csv,35202,pC1_17b,pC1_17b_R,R,"Lee 2002, Rideout 2010, Nojima 2021: pC1; Cachero 2010: pMP-e; Yu 2010: pMP4",coexpress_low,Traced,,,both,,False,True
3316,male-cns:v0.9:220200,733.6853,188,FlyEM_Male_CNS_Brain_v0.9,m,JRC2018_Unisex_20x_HR,Brain,,,20191213_64_H4_Channel2.csv,220200,pC1_13b,pC1_13b_R,R,"Lee 2002, Rideout 2010, Nojima 2021: pC1",dsx_high,Traced,,,both,4190,True,True
3371,male-cns:v0.9:125721,695.8968,110,FlyEM_Male_CNS_Brain_v0.9,m,JRC2018_Unisex_20x_HR,Brain,,,20191213_64_H4_Channel2.csv,125721,pC1_19,pC1_19_R,R,"Lee 2002, Rideout 2010, Nojima 2021: pC1",dsx_high,Traced,,,both,4063,True,True
3373,male-cns:v0.9:68624,694.6265,221,FlyEM_Male_CNS_Brain_v0.9,m,JRC2018_Unisex_20x_HR,Brain,,,20191213_64_H4_Channel2.csv,68624,pC1_19,pC1_19_L,L,"Lee 2002, Rideout 2010, Nojima 2021: pC1",dsx_high,Traced,,,both,3783,True,True
3380,male-cns:v0.9:53355,689.9465,414,FlyEM_Male_CNS_Brain_v0.9,m,JRC2018_Unisex_20x_HR,Brain,,,20191213_64_H4_Channel2.csv,53355,pC1_7a,pC1_7a_L,L,"Lee 2002, Rideout 2010, Nojima 2021: pC1; Cachero 2010: pMP-e; Yu 2010: pMP4",coexpress_low,Traced,,,both,3664,True,True
3383,male-cns:v0.9:98113,689.7473,137,FlyEM_Male_CNS_Brain_v0.9,m,JRC2018_Unisex_20x_HR,Brain,,,20191213_64_H4_Channel2.csv,98113,pC1_19,pC1_19_L,L,"Lee 2002, Rideout 2010, Nojima 2021: pC1",dsx_high,Traced,,,both,3971,True,True
3391,male-cns:v0.9:19968,682.38306,190,FlyEM_Male_CNS_Brain_v0.9,m,JRC2018_Unisex_20x_HR,Brain,,,20191213_64_H4_Channel2.csv,19968,pC1_10d,pC1_10d_R,R,"Lee 2002, Rideout 2010, Nojima 2021: pC1",dsx_high,Traced,,,both,,False,True
3395,male-cns:v0.9:47325,680.4474,267,FlyEM_Male_CNS_Brain_v0.9,m,JRC2018_Unisex_20x_HR,Brain,,,20191213_64_H4_Channel2.csv,47325,pC1_8c,pC1_8c_L,L,"Lee 2002, Rideout 2010, Nojima 2021: pC1",dsx_high,Traced,,,both,3596,True,True
3466,male-cns:v0.9:513129,631.78925,275,FlyEM_Male_CNS_Brain_v0.9,m,JRC2018_Unisex_20x_HR,Brain,,,20191213_64_H4_Channel2.csv,513129,pC1_8b,pC1_8b_L,L,"Lee 2002, Rideout 2010, Nojima 2021: pC1",dsx_high,Traced,,,both,4341,True,True
3468,male-cns:v0.9:156865,630.3004,127,FlyEM_Male_CNS_Brain_v0.9,m,JRC2018_Unisex_20x_HR,Brain,,,20191213_64_H4_Channel2.csv,156865,pC1_19,pC1_19_L,L,"Lee 2002, Rideout 2010, Nojima 2021: pC1",dsx_high,Traced,,,both,4123,True,True
3478,male-cns:v0.9:43592,620.3604,140,FlyEM_Male_CNS_Brain_v0.9,m,JRC2018_Unisex_20x_HR,Brain,,,20191213_64_H4_Channel2.csv,43592,pC1_7b,pC1_7b_R,R,"Lee 2002, Rideout 2010, Nojima 2021: pC1; Cachero 2010: pMP-e; Yu 2010: pMP4",coexpress_low,Traced,,,both,3537,True,True
3482,male-cns:v0.9:59527,615.12555,142,FlyEM_Male_CNS_Brain_v0.9,m,JRC2018_Unisex_20x_HR,Brain,,,20191213_64_H4_Channel2.csv,59527,pC1_16a,pC1_16a_R,R,"Lee 2002, Rideout 2010, Nojima 2021: pC1; Cachero 2010: pMP-e; Yu 2010: pMP4",coexpress_high,Traced,,,both,,False,True
3491,male-cns:v0.9:26543,605.9403,320,FlyEM_Male_CNS_Brain_v0.9,m,JRC2018_Unisex_20x_HR,Brain,,,20191213_64_H4_Channel2.csv,26543,pC1_6a,pC1_6a_L,L,Cachero 2010: pMP-e; Yu 2010: pMP4,coexpress_low,Traced,,,both,2934,True,True
3498,male-cns:v0.9:29043,601.0592,299,FlyEM_Male_CNS_Brain_v0.9,m,JRC2018_Unisex_20x_HR,Brain,,,20191213_64_H4_Channel2.csv,29043,pC1_7a,pC1_7a_L,L,"Lee 2002, Rideout 2010, Nojima 2021: pC1; Cachero 2010: pMP-e; Yu 2010: pMP4",coexpress_low,Traced,,,both,3085,True,True
3501,male-cns:v0.9:41518,599.3289,163,FlyEM_Male_CNS_Brain_v0.9,m,JRC2018_Unisex_20x_HR,Brain,,,20191213_64_H4_Channel2.csv,41518,pC1_8c,pC1_8c_R,R,"Lee 2002, Rideout 2010, Nojima 2021: pC1",dsx_high,Traced,,,both,3499,True,True
3508,male-cns:v0.9:30699,592.39154,166,FlyEM_Male_CNS_Brain_v0.9,m,JRC2018_Unisex_20x_HR,Brain,,,20191213_64_H4_Channel2.csv,30699,pC1_10b,pC1_10b_R,R,"Lee 2002, Rideout 2010, Nojima 2021: pC1",dsx_high,Traced,,,both,,False,True
3519,male-cns:v0.9:23924,585.68634,347,FlyEM_Male_CNS_Brain_v0.9,m,JRC2018_Unisex_20x_HR,Brain,,,20191213_64_H4_Channel2.csv,23924,pC1_13b,pC1_13b_L,L,"Lee 2002, Rideout 2010, Nojima 2021: pC1",dsx_high,Traced,,,both,2714,True,True
3523,male-cns:v0.9:66610,582.73444,168,FlyEM_Male_CNS_Brain_v0.9,m,JRC2018_Unisex_20x_HR,Brain,,,20191213_64_H4_Channel2.csv,66610,pC1_16b,pC1_16b_R,R,"Lee 2002, Rideout 2010, Nojima 2021: pC1; Cachero 2010: pMP-e; Yu 2010: pMP4",coexpress_high,Traced,,,both,,False,True
3535,male-cns:v0.9:521453,574.2839,322,FlyEM_Male_CNS_Brain_v0.9,m,JRC2018_Unisex_20x_HR,Brain,,,20191213_64_H4_Channel2.csv,521453,pC1_6a,pC1_6a_L,L,Cachero 2010: pMP-e; Yu 2010: pMP4,coexpress_low,Traced,,,both,4798,True,True
3549,male-cns:v0.9:30546,565.63495,170,FlyEM_Male_CNS_Brain_v0.9,m,JRC2018_Unisex_20x_HR,Brain,,,20191213_64_H4_Channel2.csv,30546,pC1_10d,pC1_10d_R,R,"Lee 2002, Rideout 2010, Nojima 2021: pC1",dsx_high,Traced,,,both,3170,True,True
3563,male-cns:v0.9:515977,557.94476,173,FlyEM_Male_CNS_Brain_v0.9,m,JRC2018_Unisex_20x_HR,Brain,,,20191213_64_H4_Channel2.csv,515977,pC1_10b,pC1_10b_R,R,"Lee 2002, Rideout 2010, Nojima 2021: pC1",dsx_high,Traced,,,both,4500,True,True
3573,male-cns:v0.9:67624,553.4961,158,FlyEM_Male_CNS_Brain_v0.9,m,JRC2018_Unisex_20x_HR,Brain,,,20191213_64_H4_Channel2.csv,67624,pC1_16a,pC1_16a_R,R,"Lee 2002, Rideout 2010, Nojima 2021: pC1; Cachero 2010: pMP-e; Yu 2010: pMP4",coexpress_high,Traced,,,both,,False,True
3597,male-cns:v0.9:71385,539.53156,191,FlyEM_Male_CNS_Brain_v0.9,m,JRC2018_Unisex_20x_HR,Brain,,,20191213_64_H4_Channel2.csv,71385,pC1_7a,pC1_7a_R,R,"Lee 2002, Rideout 2010, Nojima 2021: pC1; Cachero 2010: pMP-e; Yu 2010: pMP4",coexpress_low,Traced,,,both,3801,True,True
3609,male-cns:v0.9:26746,532.90295,158,FlyEM_Male_CNS_Brain_v0.9,m,JRC2018_Unisex_20x_HR,Brain,,,20191213_64_H4_Channel2.csv,26746,pC1_7b,pC1_7b_R,R,"Lee 2002, Rideout 2010, Nojima 2021: pC1; Cachero 2010: pMP-e; Yu 2010: pMP4",coexpress_low,Traced,,,both,2947,True,True
3657,male-cns:v0.9:33553,508.70804,234,FlyEM_Male_CNS_Brain_v0.9,m,JRC2018_Unisex_20x_HR,Brain,,,20191213_64_H4_Channel2.csv,33553,pC1_14a,pC1_14a_R,R,"Lee 2002, Rideout 2010, Nojima 2021: pC1; Cachero 2010: pMP-e; Yu 2010: pMP4",coexpress_low,Traced,,,both,3279,True,True
3678,male-cns:v0.9:516522,495.7365,261,FlyEM_Male_CNS_Brain_v0.9,m,JRC2018_Unisex_20x_HR,Brain,,,20191213_64_H4_Channel2.csv,516522,pC1_14a,pC1_14a_R,R,"Lee 2002, Rideout 2010, Nojima 2021: pC1; Cachero 2010: pMP-e; Yu 2010: pMP4",coexpress_low,Traced,,,both,4525,True,True
3728,male-cns:v0.9:32283,469.4026,167,FlyEM_Male_CNS_Brain_v0.9,m,JRC2018_Unisex_20x_HR,Brain,,,20191213_64_H4_Channel2.csv,32283,pC1_16b,pC1_16b_L,L,"Lee 2002, Rideout 2010, Nojima 2021: pC1; Cachero 2010: pMP-e; Yu 2010: pMP4",coexpress_high,Traced,,,both,,False,True
3737,male-cns:v0.9:513652,461.9586,283,FlyEM_Male_CNS_Brain_v0.9,m,JRC2018_Unisex_20x_HR,Brain,,,20191213_64_H4_Channel2.csv,513652,pC1_7b,pC1_7b_L,L,"Lee 2002, Rideout 2010, Nojima 2021: pC1; Cachero 2010: pMP-e; Yu 2010: pMP4",coexpress_low,Traced,,,both,4376,True,True
3743,male-cns:v0.9:25740,456.97702,174,FlyEM_Male_CNS_Brain_v0.9,m,JRC2018_Unisex_20x_HR,Brain,,,20191213_64_H4_Channel2.csv,25740,pC1_14b,pC1_14b_R,R,"Lee 2002, Rideout 2010, Nojima 2021: pC1; Cachero 2010: pMP-e; Yu 2010: pMP4",coexpress_low,Traced,,,both,2888,True,True
3748,male-cns:v0.9:29214,454.4837,238,FlyEM_Male_CNS_Brain_v0.9,m,JRC2018_Unisex_20x_HR,Brain,,,20191213_64_H4_Channel2.csv,29214,pC1_14a,pC1_14a_R,R,"Lee 2002, Rideout 2010, Nojima 2021: pC1; Cachero 2010: pMP-e; Yu 2010: pMP4",coexpress_low,Traced,,,both,3097,True,True
3789,male-cns:v0.9:25204,433.97504,280,FlyEM_Male_CNS_Brain_v0.9,m,JRC2018_Unisex_20x_HR,Brain,,,20191213_64_H4_Channel2.csv,25204,pC1_13a,pC1_13a_L,L,"Lee 2002, Rideout 2010, Nojima 2021: pC1; Cachero 2010: pMP-e; Yu 2010: pMP4",coexpress_high,Traced,,,both,2844,True,True
3810,male-cns:v0.9:20751,423.84396,164,FlyEM_Male_CNS_Brain_v0.9,m,JRC2018_Unisex_20x_HR,Brain,,,20191213_64_H4_Channel2.csv,20751,pC1_16a,pC1_16a_L,L,"Lee 2002, Rideout 2010, Nojima 2021: pC1; Cachero 2010: pMP-e; Yu 2010: pMP4",coexpress_high,Traced,,,both,2422,True,True
3830,male-cns:v0.9:535835,418.53732,139,FlyEM_Male_CNS_Brain_v0.9,m,JRC2018_Unisex_20x_HR,Brain,,,20191213_64_H4_Channel2.csv,535835,pC1_16b,pC1_16b_L,L,"Lee 2002, Rideout 2010, Nojima 2021: pC1; Cachero 2010: pMP-e; Yu 2010: pMP4",coexpress_high,Traced,,,both,5222,True,True
767,male-cns:v0.9:519297,4341.249,360,FlyEM_Male_CNS_Brain_v0.9,m,JRC2018_Unisex_20x_HR,Brain,P1_2a,P1_2a_R,20191213_64_H4_Channel3.csv,519297,pC1_2a,pC1_2a_R,R,"Lee 2002, Rideout 2010, Nojima 2021: pC1; Cachero 2010: pMP-e; Yu 2010: pMP4",coexpress_high,Traced,,,both,,False,True
781,male-cns:v0.9:532011,4238.6055,202,FlyEM_Male_CNS_Brain_v0.9,m,JRC2018_Unisex_20x_HR,Brain,P1_18a,P1_18a_R,20191213_64_H4_Channel3.csv,532011,pC1_18a,pC1_18a_R,R,"Lee 2002, Rideout 2010, Nojima 2021: pC1",dsx_low,Traced,,,both,,False,True
782,male-cns:v0.9:20392,4237.242,374,FlyEM_Male_CNS_Brain_v0.9,m,JRC2018_Unisex_20x_HR,Brain,P1_2c,P1_2c_R,20191213_64_H4_Channel3.csv,20392,pC1_2c,pC1_2c_R,R,"Lee 2002, Rideout 2010, Nojima 2021: pC1; Cachero 2010: pMP-e; Yu 2010: pMP4",coexpress_high,Traced,,,both,2364,True,True
807,male-cns:v0.9:20803,4070.0483,327,FlyEM_Male_CNS_Brain_v0.9,m,JRC2018_Unisex_20x_HR,Brain,P1_4a,P1_4a_R,20191213_64_H4_Channel3.csv,20803,pC1_4a,pC1_4a_R,R,"Lee 2002, Rideout 2010, Nojima 2021: pC1",dsx_high,Traced,,,both,2427,True,True
840,male-cns:v0.9:29143,3968.6099,449,FlyEM_Male_CNS_Brain_v0.9,m,JRC2018_Unisex_20x_HR,Brain,P1_5b,P1_5b_R,20191213_64_H4_Channel3.csv,29143,pC1_5b,pC1_5b_R,R,"Lee 2002, Rideout 2010, Nojima 2021: pC1; Cachero 2010: pMP-e; Yu 2010: pMP4",coexpress_high,Traced,,,both,3091,True,True
855,male-cns:v0.9:19948,3884.326,445,FlyEM_Male_CNS_Brain_v0.9,m,JRC2018_Unisex_20x_HR,Brain,P1_3c,P1_3c_R,20191213_64_H4_Channel3.csv,19948,pC1_3c,pC1_3c_R,R,"Lee 2002, Rideout 2010, Nojima 2021: pC1; Cachero 2010: pMP-e; Yu 2010: pMP4",coexpress_high,Traced,,,both,2318,True,True
879,male-cns:v0.9:18017,3780.3342,533,FlyEM_Male_CNS_Brain_v0.9,m,JRC2018_Unisex_20x_HR,Brain,P1_3c,P1_3c_L,20191213_64_H4_Channel3.csv,18017,pC1_3c,pC1_3c_L,L,"Lee 2002, Rideout 2010, Nojima 2021: pC1; Cachero 2010: pMP-e; Yu 2010: pMP4",coexpress_high,Traced,,,both,2055,True,True
977,male-cns:v0.9:12442,3414.4636,344,FlyEM_Male_CNS_Brain_v0.9,m,JRC2018_Unisex_20x_HR,Brain,P1_4a,P1_4a_L,20191213_64_H4_Channel3.csv,12442,pC1_4a,pC1_4a_L,L,"Lee 2002, Rideout 2010, Nojima 2021: pC1",dsx_high,Traced,,,both,913,True,True
1046,male-cns:v0.9:19894,3198.541,257,FlyEM_Male_CNS_Brain_v0.9,m,JRC2018_Unisex_20x_HR,Brain,P1_3c,P1_3c_R,20191213_64_H4_Channel3.csv,19894,pC1_3c,pC1_3c_R,R,"Lee 2002, Rideout 2010, Nojima 2021: pC1; Cachero 2010: pMP-e; Yu 2010: pMP4",coexpress_high,Traced,,,both,,False,True
1060,male-cns:v0.9:17564,3150.2551,429,FlyEM_Male_CNS_Brain_v0.9,m,JRC2018_Unisex_20x_HR,Brain,P1_2a,P1_2a_L,20191213_64_H4_Channel3.csv,17564,pC1_2a,pC1_2a_L,L,"Lee 2002, Rideout 2010, Nojima 2021: pC1; Cachero 2010: pMP-e; Yu 2010: pMP4",coexpress_high,Traced,,,both,,False,True
1083,male-cns:v0.9:18974,3078.7344,315,FlyEM_Male_CNS_Brain_v0.9,m,JRC2018_Unisex_20x_HR,Brain,P1_3a,P1_3a_R,20191213_64_H4_Channel3.csv,18974,pC1_3a,pC1_3a_R,R,"Lee 2002, Rideout 2010, Nojima 2021: pC1; Cachero 2010: pMP-e; Yu 2010: pMP4",coexpress_high,Traced,,,both,2182,True,True
1111,male-cns:v0.9:13495,2996.4941,347,FlyEM_Male_CNS_Brain_v0.9,m,JRC2018_Unisex_20x_HR,Brain,P1_11a,P1_11a_R,20191213_64_H4_Channel3.csv,13495,pC1_11a,pC1_11a_R,R,"Lee 2002, Rideout 2010, Nojima 2021: pC1",dsx_high,Traced,,,both,1207,True,True
1120,male-cns:v0.9:17867,2969.175,461,FlyEM_Male_CNS_Brain_v0.9,m,JRC2018_Unisex_20x_HR,Brain,P1_4b,P1_4b_L,20191213_64_H4_Channel3.csv,17867,pC1_4b,pC1_4b_L,L,"Lee 2002, Rideout 2010, Nojima 2021: pC1",dsx_high,Traced,,,both,2029,True,True
1122,male-cns:v0.9:15329,2966.7207,383,FlyEM_Male_CNS_Brain_v0.9,m,JRC2018_Unisex_20x_HR,Brain,P1_2a,P1_2a_R,20191213_64_H4_Channel3.csv,15329,pC1_2a,pC1_2a_R,R,"Lee 2002, Rideout 2010, Nojima 2021: pC1; Cachero 2010: pMP-e; Yu 2010: pMP4",coexpress_high,Traced,,,both,,False,True
1151,male-cns:v0.9:19650,2890.3008,447,FlyEM_Male_CNS_Brain_v0.9,m,JRC2018_Unisex_20x_HR,Brain,P1_3a,P1_3a_L,20191213_64_H4_Channel3.csv,19650,pC1_3a,pC1_3a_L,L,"Lee 2002, Rideout 2010, Nojima 2021: pC1; Cachero 2010: pMP-e; Yu 2010: pMP4",coexpress_high,Traced,,,both,2279,True,True
1155,male-cns:v0.9:12448,2881.822,317,FlyEM_Male_CNS_Brain_v0.9,m,JRC2018_Unisex_20x_HR,Brain,P1_18a,P1_18a_L,20191213_64_H4_Channel3.csv,12448,pC1_18a,pC1_18a_L,L,"Lee 2002, Rideout 2010, Nojima 2021: pC1",dsx_low,Traced,,,both,916,True,True
1169,male-cns:v0.9:512011,2850.2166,257,FlyEM_Male_CNS_Brain_v0.9,m,JRC2018_Unisex_20x_HR,Brain,P1_12a,P1_12a_R,20191213_64_H4_Channel3.csv,512011,pC1_12a,pC1_12a_R,R,"Lee 2002, Rideout 2010, Nojima 2021: pC1; Cachero 2010: pMP-e; Yu 2010: pMP4",coexpress_low,Traced,,,both,4267,True,True
1257,male-cns:v0.9:19085,2604.5881,272,FlyEM_Male_CNS_Brain_v0.9,m,JRC2018_Unisex_20x_HR,Brain,P1_1a,P1_1a_R,20191213_64_H4_Channel3.csv,19085,pC1_1a,pC1_1a_R,R,"Lee 2002, Rideout 2010, Nojima 2021: pC1; Cachero 2010: pMP-e; Yu 2010: pMP4",coexpress_high,Traced,,,both,,False,True
1258,male-cns:v0.9:13266,2604.561,434,FlyEM_Male_CNS_Brain_v0.9,m,JRC2018_Unisex_20x_HR,Brain,P1_3b,P1_3b_L,20191213_64_H4_Channel3.csv,13266,pC1_3b,pC1_3b_L,L,"Lee 2002, Rideout 2010, Nojima 2021: pC1; Cachero 2010: pMP-e; Yu 2010: pMP4",coexpress_high,Traced,,,both,1152,True,True
1282,male-cns:v0.9:522419,2550.9832,421,FlyEM_Male_CNS_Brain_v0.9,m,JRC2018_Unisex_20x_HR,Brain,P1_4a,P1_4a_L,20191213_64_H4_Channel3.csv,522419,pC1_4a,pC1_4a_L,L,"Lee 2002, Rideout 2010, Nojima 2021: pC1",dsx_high,Traced,,,both,4859,True,True
1314,male-cns:v0.9:20117,2484.2258,201,FlyEM_Male_CNS_Brain_v0.9,m,JRC2018_Unisex_20x_HR,Brain,P1_4a,P1_4a_R,20191213_64_H4_Channel3.csv,20117,pC1_4a,pC1_4a_R,R,"Lee 2002, Rideout 2010, Nojima 2021: pC1",dsx_high,Traced,,,both,2341,True,True
1333,male-cns:v0.9:23968,2441.871,267,FlyEM_Male_CNS_Brain_v0.9,m,JRC2018_Unisex_20x_HR,Brain,P1_4a,P1_4a_R,20191213_64_H4_Channel3.csv,23968,pC1_4a,pC1_4a_R,R,"Lee 2002, Rideout 2010, Nojima 2021: pC1",dsx_high,Traced,,,both,2720,True,True
1347,male-cns:v0.9:17387,2410.3384,361,FlyEM_Male_CNS_Brain_v0.9,m,JRC2018_Unisex_20x_HR,Brain,P1_2a/2b,P1_2a/2b_R,20191213_64_H4_Channel3.csv,17387,pC1_2a/2b,pC1_2a/2b_R,R,"Lee 2002, Rideout 2010, Nojima 2021: pC1; Cachero 2010: pMP-e; Yu 2010: pMP4",coexpress_high,Traced,,,both,,False,True
1353,male-cns:v0.9:26993,2395.058,460,FlyEM_Male_CNS_Brain_v0.9,m,JRC2018_Unisex_20x_HR,Brain,P1_1b,P1_1b_R,20191213_64_H4_Channel3.csv,26993,pC1_1b,pC1_1b_R,R,"Lee 2002, Rideout 2010, Nojima 2021: pC1; Cachero 2010: pMP-e; Yu 2010: pMP4",coexpress_high,Traced,,,both,2963,True,True
1364,male-cns:v0.9:519518,2373.8958,314,FlyEM_Male_CNS_Brain_v0.9,m,JRC2018_Unisex_20x_HR,Brain,P1_4a,P1_4a_L,20191213_64_H4_Channel3.csv,519518,pC1_4a,pC1_4a_L,L,"Lee 2002, Rideout 2010, Nojima 2021: pC1",dsx_high,Traced,,,both,4646,True,True
1380,male-cns:v0.9:70011,2333.9534,346,FlyEM_Male_CNS_Brain_v0.9,m,JRC2018_Unisex_20x_HR,Brain,P1_5b,P1_5b_L,20191213_64_H4_Channel3.csv,70011,pC1_5b,pC1_5b_L,L,"Lee 2002, Rideout 2010, Nojima 2021: pC1; Cachero 2010: pMP-e; Yu 2010: pMP4",coexpress_high,Traced,,,both,3792,True,True
1417,male-cns:v0.9:514925,2265.3057,295,FlyEM_Male_CNS_Brain_v0.9,m,JRC2018_Unisex_20x_HR,Brain,P1_3b,P1_3b_R,20191213_64_H4_Channel3.csv,514925,pC1_3b,pC1_3b_R,R,"Lee 2002, Rideout 2010, Nojima 2021: pC1; Cachero 2010: pMP-e; Yu 2010: pMP4",coexpress_high,Traced,,,both,,False,True
1458,male-cns:v0.9:29483,2177.7524,304,FlyEM_Male_CNS_Brain_v0.9,m,JRC2018_Unisex_20x_HR,Brain,P1_5b,P1_5b_R,20191213_64_H4_Channel3.csv,29483,pC1_5b,pC1_5b_R,R,"Lee 2002, Rideout 2010, Nojima 2021: pC1; Cachero 2010: pMP-e; Yu 2010: pMP4",coexpress_high,Traced,,,both,3118,True,True
1484,male-cns:v0.9:19136,2132.3484,584,FlyEM_Male_CNS_Brain_v0.9,m,JRC2018_Unisex_20x_HR,Brain,P1_3c,P1_3c_L,20191213_64_H4_Channel3.csv,19136,pC1_3c,pC1_3c_L,L,"Lee 2002, Rideout 2010, Nojima 2021: pC1; Cachero 2010: pMP-e; Yu 2010: pMP4",coexpress_high,Traced,,,both,2210,True,True
1538,male-cns:v0.9:17089,2011.0865,368,FlyEM_Male_CNS_Brain_v0.9,m,JRC2018_Unisex_20x_HR,Brain,P1_12b,P1_12b_R,20191213_64_H4_Channel3.csv,17089,pC1_12b,pC1_12b_R,R,"Lee 2002, Rideout 2010, Nojima 2021: pC1",dsx_high,Traced,,,both,1900,True,True
1564,male-cns:v0.9:18554,1985.1139,244,FlyEM_Male_CNS_Brain_v0.9,m,JRC2018_Unisex_20x_HR,Brain,P1_12b,P1_12b_R,20191213_64_H4_Channel3.csv,18554,pC1_12b,pC1_12b_R,R,"Lee 2002, Rideout 2010, Nojima 2021: pC1",dsx_high,Traced,,,both,2125,True,True
1593,male-cns:v0.9:16719,1945.2642,418,FlyEM_Male_CNS_Brain_v0.9,m,JRC2018_Unisex_20x_HR,Brain,P1_4b,P1_4b_R,20191213_64_H4_Channel3.csv,16719,pC1_4b,pC1_4b_R,R,"Lee 2002, Rideout 2010, Nojima 2021: pC1",dsx_high,Traced,,,both,1836,True,True
1613,male-cns:v0.9:17851,1918.4595,462,FlyEM_Male_CNS_Brain_v0.9,m,JRC2018_Unisex_20x_HR,Brain,P1_12b,P1_12b_L,20191213_64_H4_Channel3.csv,17851,pC1_12b,pC1_12b_L,L,"Lee 2002, Rideout 2010, Nojima 2021: pC1",dsx_high,Traced,,,both,2027,True,True
1633,male-cns:v0.9:557035,1885.0104,286,FlyEM_Male_CNS_Brain_v0.9,m,JRC2018_Unisex_20x_HR,Brain,P1_5b,P1_5b_L,20191213_64_H4_Channel3.csv,557035,pC1_5b,pC1_5b_L,L,"Lee 2002, Rideout 2010, Nojima 2021: pC1; Cachero 2010: pMP-e; Yu 2010: pMP4",coexpress_high,Traced,,,both,5296,True,True
1739,male-cns:v0.9:518253,1693.4873,332,FlyEM_Male_CNS_Brain_v0.9,m,JRC2018_Unisex_20x_HR,Brain,P1_18b,P1_18b_L,20191213_64_H4_Channel3.csv,518253,pC1_18b,pC1_18b_L,L,"Lee 2002, Rideout 2010, Nojima 2021: pC1",dsx_low,Traced,,,both,4592,True,True
1754,male-cns:v0.9:15208,1657.1382,486,FlyEM_Male_CNS_Brain_v0.9,m,JRC2018_Unisex_20x_HR,Brain,P1_1a,P1_1a_L,20191213_64_H4_Channel3.csv,15208,pC1_1a,pC1_1a_L,L,"Lee 2002, Rideout 2010, Nojima 2021: pC1; Cachero 2010: pMP-e; Yu 2010: pMP4",coexpress_high,Traced,,,both,1565,True,True
1917,male-cns:v0.9:13655,1410.0164,495,FlyEM_Male_CNS_Brain_v0.9,m,JRC2018_Unisex_20x_HR,Brain,P1_11b,P1_11b_R,20191213_64_H4_Channel3.csv,13655,pC1_11b,pC1_11b_R,R,"Lee 2002, Rideout 2010, Nojima 2021: pC1",dsx_high,Traced,,,both,1247,True,True
1919,male-cns:v0.9:18913,1408.969,489,FlyEM_Male_CNS_Brain_v0.9,m,JRC2018_Unisex_20x_HR,Brain,P1_2b,P1_2b_L,20191213_64_H4_Channel3.csv,18913,pC1_2b,pC1_2b_L,L,"Lee 2002, Rideout 2010, Nojima 2021: pC1; Cachero 2010: pMP-e; Yu 2010: pMP4",coexpress_high,Traced,,,both,2174,True,True
1926,male-cns:v0.9:22093,1401.8391,442,FlyEM_Male_CNS_Brain_v0.9,m,JRC2018_Unisex_20x_HR,Brain,P1_2c,P1_2c_L,20191213_64_H4_Channel3.csv,22093,pC1_2c,pC1_2c_L,L,"Lee 2002, Rideout 2010, Nojima 2021: pC1; Cachero 2010: pMP-e; Yu 2010: pMP4",coexpress_high,Traced,,,both,2558,True,True
1940,male-cns:v0.9:18990,1372.9224,473,FlyEM_Male_CNS_Brain_v0.9,m,JRC2018_Unisex_20x_HR,Brain,P1_11a,P1_11a_L,20191213_64_H4_Channel3.csv,18990,pC1_11a,pC1_11a_L,L,"Lee 2002, Rideout 2010, Nojima 2021: pC1",dsx_high,Traced,,,both,2186,True,True
1963,male-cns:v0.9:13562,1344.9298,224,FlyEM_Male_CNS_Brain_v0.9,m,JRC2018_Unisex_20x_HR,Brain,P1_12b,P1_12b_L,20191213_64_H4_Channel3.csv,13562,pC1_12b,pC1_12b_L,L,"Lee 2002, Rideout 2010, Nojima 2021: pC1",dsx_high,Traced,,,both,1219,True,True
1997,male-cns:v0.9:524747,1293.081,360,FlyEM_Male_CNS_Brain_v0.9,m,JRC2018_Unisex_20x_HR,Brain,P1_2a,P1_2a_L,20191213_64_H4_Channel3.csv,524747,pC1_2a,pC1_2a_L,L,"Lee 2002, Rideout 2010, Nojima 2021: pC1; Cachero 2010: pMP-e; Yu 2010: pMP4",coexpress_high,Traced,,,both,5000,True,True
1999,male-cns:v0.9:29280,1291.8563,421,FlyEM_Male_CNS_Brain_v0.9,m,JRC2018_Unisex_20x_HR,Brain,P1_1a,P1_1a_R,20191213_64_H4_Channel3.csv,29280,pC1_1a,pC1_1a_R,R,"Lee 2002, Rideout 2010, Nojima 2021: pC1; Cachero 2010: pMP-e; Yu 2010: pMP4",coexpress_high,Traced,,,both,,False,True
2027,male-cns:v0.9:524296,1254.9458,328,FlyEM_Male_CNS_Brain_v0.9,m,JRC2018_Unisex_20x_HR,Brain,P1_1a,P1_1a_L,20191213_64_H4_Channel3.csv,524296,pC1_1a,pC1_1a_L,L,"Lee 2002, Rideout 2010, Nojima 2021: pC1; Cachero 2010: pMP-e; Yu 2010: pMP4",coexpress_high,Traced,,,both,4975,True,True
2046,male-cns:v0.9:20255,1233.1597,295,FlyEM_Male_CNS_Brain_v0.9,m,JRC2018_Unisex_20x_HR,Brain,P1_1a,P1_1a_L,20191213_64_H4_Channel3.csv,20255,pC1_1a,pC1_1a_L,L,"Lee 2002, Rideout 2010, Nojima 2021: pC1; Cachero 2010: pMP-e; Yu 2010: pMP4",coexpress_high,Traced,,,both,2357,True,True
2105,male-cns:v0.9:170209,1143.9241,154,FlyEM_Male_CNS_Brain_v0.9,m,JRC2018_Unisex_20x_HR,Brain,P1_19,P1_19_R,20191213_64_H4_Channel3.csv,170209,pC1_19,pC1_19_R,R,"Lee 2002, Rideout 2010, Nojima 2021: pC1",dsx_high,Traced,,,both,4142,True,True
2106,male-cns:v0.9:19705,1143.8751,310,FlyEM_Male_CNS_Brain_v0.9,m,JRC2018_Unisex_20x_HR,Brain,P1_2b,P1_2b_R,20191213_64_H4_Channel3.csv,19705,pC1_2b,pC1_2b_R,R,"Lee 2002, Rideout 2010, Nojima 2021: pC1; Cachero 2010: pMP-e; Yu 2010: pMP4",coexpress_high,Traced,,,both,2287,True,True
2135,male-cns:v0.9:10217,1101.2965,237,FlyEM_Male_CNS_Brain_v0.9,m,JRC2018_Unisex_20x_HR,Brain,pC1x_b,pC1x_b_L,20191213_64_H4_Channel3.csv,10217,pC1x_b,pC1x_b_L,L,"Lee 2002, Rideout 2010, Nojima 2021: pC1, Sten 2025: pC1x",dsx_high,Traced,pC1b,pC1b,both,,False,True
2202,male-cns:v0.9:16262,1016.1277,442,FlyEM_Male_CNS_Brain_v0.9,m,JRC2018_Unisex_20x_HR,Brain,P1_1b,P1_1b_L,20191213_64_H4_Channel3.csv,16262,pC1_1b,pC1_1b_L,L,"Lee 2002, Rideout 2010, Nojima 2021: pC1; Cachero 2010: pMP-e; Yu 2010: pMP4",coexpress_high,Traced,,,both,1760,True,True
2281,male-cns:v0.9:514077,921.8337,369,FlyEM_Male_CNS_Brain_v0.9,m,JRC2018_Unisex_20x_HR,Brain,P1_11b,P1_11b_L,20191213_64_H4_Channel3.csv,514077,pC1_11b,pC1_11b_L,L,"Lee 2002, Rideout 2010, Nojima 2021: pC1",dsx_high,Traced,,,both,4406,True,True
2299,male-cns:v0.9:58786,902.1317,177,FlyEM_Male_CNS_Brain_v0.9,m,JRC2018_Unisex_20x_HR,Brain,P1_16b,P1_16b_R,20191213_64_H4_Channel3.csv,58786,pC1_16b,pC1_16b_R,R,"Lee 2002, Rideout 2010, Nojima 2021: pC1; Cachero 2010: pMP-e; Yu 2010: pMP4",coexpress_high,Traced,,,both,,False,True
2312,male-cns:v0.9:25542,887.6576,199,FlyEM_Male_CNS_Brain_v0.9,m,JRC2018_Unisex_20x_HR,Brain,P1_7a,P1_7a_R,20191213_64_H4_Channel3.csv,25542,pC1_7a,pC1_7a_R,R,"Lee 2002, Rideout 2010, Nojima 2021: pC1; Cachero 2010: pMP-e; Yu 2010: pMP4",coexpress_low,Traced,,,both,2869,True,True
2332,male-cns:v0.9:33041,864.8188,191,FlyEM_Male_CNS_Brain_v0.9,m,JRC2018_Unisex_20x_HR,Brain,P1_16b,P1_16b_R,20191213_64_H4_Channel3.csv,33041,pC1_16b,pC1_16b_R,R,"Lee 2002, Rideout 2010, Nojima 2021: pC1; Cachero 2010: pMP-e; Yu 2010: pMP4",coexpress_high,Traced,,,both,,False,True
2378,male-cns:v0.9:53355,825.59686,305,FlyEM_Male_CNS_Brain_v0.9,m,JRC2018_Unisex_20x_HR,Brain,P1_7a,P1_7a_L,20191213_64_H4_Channel3.csv,53355,pC1_7a,pC1_7a_L,L,"Lee 2002, Rideout 2010, Nojima 2021: pC1; Cachero 2010: pMP-e; Yu 2010: pMP4",coexpress_low,Traced,,,both,3664,True,True
2420,male-cns:v0.9:21507,782.4251,191,FlyEM_Male_CNS_Brain_v0.9,m,JRC2018_Unisex_20x_HR,Brain,P1_6a,P1_6a_R,20191213_64_H4_Channel3.csv,21507,pC1_6a,pC1_6a_R,R,Cachero 2010: pMP-e; Yu 2010: pMP4,coexpress_low,Traced,,,both,2499,True,True
2421,male-cns:v0.9:517519,781.81354,225,FlyEM_Male_CNS_Brain_v0.9,m,JRC2018_Unisex_20x_HR,Brain,P1_10b,P1_10b_L,20191213_64_H4_Channel3.csv,517519,pC1_10b,pC1_10b_L,L,"Lee 2002, Rideout 2010, Nojima 2021: pC1",dsx_high,Traced,,,both,,False,True
2430,male-cns:v0.9:25746,777.2068,194,FlyEM_Male_CNS_Brain_v0.9,m,JRC2018_Unisex_20x_HR,Brain,P1_16b,P1_16b_R,20191213_64_H4_Channel3.csv,25746,pC1_16b,pC1_16b_R,R,"Lee 2002, Rideout 2010, Nojima 2021: pC1; Cachero 2010: pMP-e; Yu 2010: pMP4",coexpress_high,Traced,,,both,,False,True
2465,male-cns:v0.9:526918,746.62085,242,FlyEM_Male_CNS_Brain_v0.9,m,JRC2018_Unisex_20x_HR,Brain,P1_1a,P1_1a_R,20191213_64_H4_Channel3.csv,526918,pC1_1a,pC1_1a_R,R,"Lee 2002, Rideout 2010, Nojima 2021: pC1; Cachero 2010: pMP-e; Yu 2010: pMP4",coexpress_high,Traced,,,both,5064,True,True
2467,male-cns:v0.9:517735,744.43567,147,FlyEM_Male_CNS_Brain_v0.9,m,JRC2018_Unisex_20x_HR,Brain,P1_6b,P1_6b_L,20191213_64_H4_Channel3.csv,517735,pC1_6b,pC1_6b_L,L,"Lee 2002, Rideout 2010, Nojima 2021: pC1",coexpress_high,Traced,,,both,4575,True,True
2474,male-cns:v0.9:20597,734.9864,185,FlyEM_Male_CNS_Brain_v0.9,m,JRC2018_Unisex_20x_HR,Brain,P1_6a,P1_6a_R,20191213_64_H4_Channel3.csv,20597,pC1_6a,pC1_6a_R,R,Cachero 2010: pMP-e; Yu 2010: pMP4,coexpress_low,Traced,,,both,2397,True,True
2527,male-cns:v0.9:528986,679.35333,161,FlyEM_Male_CNS_Brain_v0.9,m,JRC2018_Unisex_20x_HR,Brain,P1_6a,P1_6a_R,20191213_64_H4_Channel3.csv,528986,pC1_6a,pC1_6a_R,R,Cachero 2010: pMP-e; Yu 2010: pMP4,coexpress_low,Traced,,,both,5081,True,True
2534,male-cns:v0.9:59527,671.6676,136,FlyEM_Male_CNS_Brain_v0.9,m,JRC2018_Unisex_20x_HR,Brain,P1_16a,P1_16a_R,20191213_64_H4_Channel3.csv,59527,pC1_16a,pC1_16a_R,R,"Lee 2002, Rideout 2010, Nojima 2021: pC1; Cachero 2010: pMP-e; Yu 2010: pMP4",coexpress_high,Traced,,,both,,False,True
2535,male-cns:v0.9:127881,670.4909,117,FlyEM_Male_CNS_Brain_v0.9,m,JRC2018_Unisex_20x_HR,Brain,P1_19,P1_19_L,20191213_64_H4_Channel3.csv,127881,pC1_19,pC1_19_L,L,"Lee 2002, Rideout 2010, Nojima 2021: pC1",dsx_high,Traced,,,both,4068,True,True
2552,male-cns:v0.9:79642,652.4176,98,FlyEM_Male_CNS_Brain_v0.9,m,JRC2018_Unisex_20x_HR,Brain,P1_19,P1_19_R,20191213_64_H4_Channel3.csv,79642,pC1_19,pC1_19_R,R,"Lee 2002, Rideout 2010, Nojima 2021: pC1",dsx_high,Traced,,,both,3860,True,True
2556,male-cns:v0.9:513650,651.53705,173,FlyEM_Male_CNS_Brain_v0.9,m,JRC2018_Unisex_20x_HR,Brain,P1_12a,P1_12a_L,20191213_64_H4_Channel3.csv,513650,pC1_12a,pC1_12a_L,L,"Lee 2002, Rideout 2010, Nojima 2021: pC1; Cachero 2010: pMP-e; Yu 2010: pMP4",coexpress_low,Traced,,,both,4374,True,True
2559,male-cns:v0.9:555747,649.40295,178,FlyEM_Male_CNS_Brain_v0.9,m,JRC2018_Unisex_20x_HR,Brain,P1_13c,P1_13c_R,20191213_64_H4_Channel3.csv,555747,pC1_13c,pC1_13c_R,R,"Lee 2002, Rideout 2010, Nojima 2021: pC1",dsx_high,Traced,,,both,,False,True
2561,male-cns:v0.9:519914,645.95074,208,FlyEM_Male_CNS_Brain_v0.9,m,JRC2018_Unisex_20x_HR,Brain,P1_1a,P1_1a_L,20191213_64_H4_Channel3.csv,519914,pC1_1a,pC1_1a_L,L,"Lee 2002, Rideout 2010, Nojima 2021: pC1; Cachero 2010: pMP-e; Yu 2010: pMP4",coexpress_high,Traced,,,both,4678,True,True
2570,male-cns:v0.9:41518,638.9191,161,FlyEM_Male_CNS_Brain_v0.9,m,JRC2018_Unisex_20x_HR,Brain,P1_8c,P1_8c_R,20191213_64_H4_Channel3.csv,41518,pC1_8c,pC1_8c_R,R,"Lee 2002, Rideout 2010, Nojima 2021: pC1",dsx_high,Traced,,,both,3499,True,True
2595,male-cns:v0.9:125721,618.8196,128,FlyEM_Male_CNS_Brain_v0.9,m,JRC2018_Unisex_20x_HR,Brain,P1_19,P1_19_R,20191213_64_H4_Channel3.csv,125721,pC1_19,pC1_19_R,R,"Lee 2002, Rideout 2010, Nojima 2021: pC1",dsx_high,Traced,,,both,4063,True,True
2607,male-cns:v0.9:68624,608.252,161,FlyEM_Male_CNS_Brain_v0.9,m,JRC2018_Unisex_20x_HR,Brain,P1_19,P1_19_L,20191213_64_H4_Channel3.csv,68624,pC1_19,pC1_19_L,L,"Lee 2002, Rideout 2010, Nojima 2021: pC1",dsx_high,Traced,,,both,3783,True,True
2625,male-cns:v0.9:26833,596.45575,108,FlyEM_Male_CNS_Brain_v0.9,m,JRC2018_Unisex_20x_HR,Brain,P1_16b,P1_16b_L,20191213_64_H4_Channel3.csv,26833,pC1_16b,pC1_16b_L,L,"Lee 2002, Rideout 2010, Nojima 2021: pC1; Cachero 2010: pMP-e; Yu 2010: pMP4",coexpress_high,Traced,,,both,,False,True
2659,male-cns:v0.9:29043,568.16754,155,FlyEM_Male_CNS_Brain_v0.9,m,JRC2018_Unisex_20x_HR,Brain,P1_7a,P1_7a_L,20191213_64_H4_Channel3.csv,29043,pC1_7a,pC1_7a_L,L,"Lee 2002, Rideout 2010, Nojima 2021: pC1; Cachero 2010: pMP-e; Yu 2010: pMP4",coexpress_low,Traced,,,both,3085,True,True
2665,male-cns:v0.9:26543,567.1317,262,FlyEM_Male_CNS_Brain_v0.9,m,JRC2018_Unisex_20x_HR,Brain,P1_6a,P1_6a_L,20191213_64_H4_Channel3.csv,26543,pC1_6a,pC1_6a_L,L,Cachero 2010: pMP-e; Yu 2010: pMP4,coexpress_low,Traced,,,both,2934,True,True
2689,male-cns:v0.9:220200,546.21075,172,FlyEM_Male_CNS_Brain_v0.9,m,JRC2018_Unisex_20x_HR,Brain,P1_13b,P1_13b_R,20191213_64_H4_Channel3.csv,220200,pC1_13b,pC1_13b_R,R,"Lee 2002, Rideout 2010, Nojima 2021: pC1",dsx_high,Traced,,,both,4190,True,True
2701,male-cns:v0.9:66610,534.146,144,FlyEM_Male_CNS_Brain_v0.9,m,JRC2018_Unisex_20x_HR,Brain,P1_16b,P1_16b_R,20191213_64_H4_Channel3.csv,66610,pC1_16b,pC1_16b_R,R,"Lee 2002, Rideout 2010, Nojima 2021: pC1; Cachero 2010: pMP-e; Yu 2010: pMP4",coexpress_high,Traced,,,both,,False,True
2743,male-cns:v0.9:33553,488.22006,203,FlyEM_Male_CNS_Brain_v0.9,m,JRC2018_Unisex_20x_HR,Brain,P1_14a,P1_14a_R,20191213_64_H4_Channel3.csv,33553,pC1_14a,pC1_14a_R,R,"Lee 2002, Rideout 2010, Nojima 2021: pC1; Cachero 2010: pMP-e; Yu 2010: pMP4",coexpress_low,Traced,,,both,3279,True,True
2763,male-cns:v0.9:513129,473.723,155,FlyEM_Male_CNS_Brain_v0.9,m,JRC2018_Unisex_20x_HR,Brain,P1_8b,P1_8b_L,20191213_64_H4_Channel3.csv,513129,pC1_8b,pC1_8b_L,L,"Lee 2002, Rideout 2010, Nojima 2021: pC1",dsx_high,Traced,,,both,4341,True,True
2773,male-cns:v0.9:47325,464.65567,167,FlyEM_Male_CNS_Brain_v0.9,m,JRC2018_Unisex_20x_HR,Brain,P1_8c,P1_8c_L,20191213_64_H4_Channel3.csv,47325,pC1_8c,pC1_8c_L,L,"Lee 2002, Rideout 2010, Nojima 2021: pC1",dsx_high,Traced,,,both,3596,True,True
2830,male-cns:v0.9:23924,426.85736,195,FlyEM_Male_CNS_Brain_v0.9,m,JRC2018_Unisex_20x_HR,Brain,P1_13b,P1_13b_L,20191213_64_H4_Channel3.csv,23924,pC1_13b,pC1_13b_L,L,"Lee 2002, Rideout 2010, Nojima 2021: pC1",dsx_high,Traced,,,both,2714,True,True
2879,male-cns:v0.9:102224,396.55292,131,FlyEM_Male_CNS_Brain_v0.9,m,JRC2018_Unisex_20x_HR,Brain,P1_5a,P1_5a_L,20191213_64_H4_Channel3.csv,102224,pC1_5a,pC1_5a_L,L,"Lee 2002, Rideout 2010, Nojima 2021: pC1; Cachero 2010: pMP-e; Yu 2010: pMP4",coexpress_low,Traced,,,both,3990,True,True
2912,male-cns:v0.9:513651,374.8813,159,FlyEM_Male_CNS_Brain_v0.9,m,JRC2018_Unisex_20x_HR,Brain,P1_7b,P1_7b_L,20191213_64_H4_Channel3.csv,513651,pC1_7b,pC1_7b_L,L,"Lee 2002, Rideout 2010, Nojima 2021: pC1; Cachero 2010: pMP-e; Yu 2010: pMP4",coexpress_low,Traced,,,both,4375,True,True
2914,male-cns:v0.9:98113,373.8282,68,FlyEM_Male_CNS_Brain_v0.9,m,JRC2018_Unisex_20x_HR,Brain,P1_19,P1_19_L,20191213_64_H4_Channel3.csv,98113,pC1_19,pC1_19_L,L,"Lee 2002, Rideout 2010, Nojima 2021: pC1",dsx_high,Traced,,,both,3971,True,True
2928,male-cns:v0.9:521453,366.5593,193,FlyEM_Male_CNS_Brain_v0.9,m,JRC2018_Unisex_20x_HR,Brain,P1_6a,P1_6a_L,20191213_64_H4_Channel3.csv,521453,pC1_6a,pC1_6a_L,L,Cachero 2010: pMP-e; Yu 2010: pMP4,coexpress_low,Traced,,,both,4798,True,True
2929,male-cns:v0.9:29214,366.4838,124,FlyEM_Male_CNS_Brain_v0.9,m,JRC2018_Unisex_20x_HR,Brain,P1_14a,P1_14a_R,20191213_64_H4_Channel3.csv,29214,pC1_14a,pC1_14a_R,R,"Lee 2002, Rideout 2010, Nojima 2021: pC1; Cachero 2010: pMP-e; Yu 2010: pMP4",coexpress_low,Traced,,,both,3097,True,True
2993,male-cns:v0.9:44515,324.0706,135,FlyEM_Male_CNS_Brain_v0.9,m,JRC2018_Unisex_20x_HR,Brain,P1_14a,P1_14a_L,20191213_64_H4_Channel3.csv,44515,pC1_14a,pC1_14a_L,L,"Lee 2002, Rideout 2010, Nojima 2021: pC1; Cachero 2010: pMP-e; Yu 2010: pMP4",coexpress_low,Traced,,,both,3549,True,True
3023,male-cns:v0.9:516522,310.5779,111,FlyEM_Male_CNS_Brain_v0.9,m,JRC2018_Unisex_20x_HR,Brain,P1_14a,P1_14a_R,20191213_64_H4_Channel3.csv,516522,pC1_14a,pC1_14a_R,R,"Lee 2002, Rideout 2010, Nojima 2021: pC1; Cachero 2010: pMP-e; Yu 2010: pMP4",coexpress_low,Traced,,,both,4525,True,True
3045,male-cns:v0.9:513652,302.324,152,FlyEM_Male_CNS_Brain_v0.9,m,JRC2018_Unisex_20x_HR,Brain,P1_7b,P1_7b_L,20191213_64_H4_Channel3.csv,513652,pC1_7b,pC1_7b_L,L,"Lee 2002, Rideout 2010, Nojima 2021: pC1; Cachero 2010: pMP-e; Yu 2010: pMP4",coexpress_low,Traced,,,both,4376,True,True
3121,male-cns:v0.9:156865,267.85187,69,FlyEM_Male_CNS_Brain_v0.9,m,JRC2018_Unisex_20x_HR,Brain,P1_19,P1_19_L,20191213_64_H4_Channel3.csv,156865,pC1_19,pC1_19_L,L,"Lee 2002, Rideout 2010, Nojima 2021: pC1",dsx_high,Traced,,,both,4123,True,True
3156,male-cns:v0.9:23695,247.8977,116,FlyEM_Male_CNS_Brain_v0.9,m,JRC2018_Unisex_20x_HR,Brain,P1_14a,P1_14a_L,20191213_64_H4_Channel3.csv,23695,pC1_14a,pC1_14a_L,L,"Lee 2002, Rideout 2010, Nojima 2021: pC1; Cachero 2010: pMP-e; Yu 2010: pMP4",coexpress_low,Traced,,,both,2690,True,True
1136,male-cns:v0.9:17564,1306.36,295,FlyEM_Male_CNS_Brain_v0.9,m,JRC2018_Unisex_20x_HR,Brain,P1_2a,P1_2a_L,20191213_64_H5_Channel1.csv,17564,pC1_2a,pC1_2a_L,L,"Lee 2002, Rideout 2010, Nojima 2021: pC1; Cachero 2010: pMP-e; Yu 2010: pMP4",coexpress_high,Traced,,,both,,False,True
1180,male-cns:v0.9:19948,1226.6792,429,FlyEM_Male_CNS_Brain_v0.9,m,JRC2018_Unisex_20x_HR,Brain,P1_3c,P1_3c_R,20191213_64_H5_Channel1.csv,19948,pC1_3c,pC1_3c_R,R,"Lee 2002, Rideout 2010, Nojima 2021: pC1; Cachero 2010: pMP-e; Yu 2010: pMP4",coexpress_high,Traced,,,both,2318,True,True
1199,male-cns:v0.9:12442,1205.1459,410,FlyEM_Male_CNS_Brain_v0.9,m,JRC2018_Unisex_20x_HR,Brain,P1_4a,P1_4a_L,20191213_64_H5_Channel1.csv,12442,pC1_4a,pC1_4a_L,L,"Lee 2002, Rideout 2010, Nojima 2021: pC1",dsx_high,Traced,,,both,913,True,True
1251,male-cns:v0.9:31309,1126.9498,220,FlyEM_Male_CNS_Brain_v0.9,m,JRC2018_Unisex_20x_HR,Brain,P1_17b,P1_17b_L,20191213_64_H5_Channel1.csv,31309,pC1_17b,pC1_17b_L,L,"Lee 2002, Rideout 2010, Nojima 2021: pC1; Cachero 2010: pMP-e; Yu 2010: pMP4",coexpress_low,Traced,,,both,,False,True
1280,male-cns:v0.9:15329,1094.2823,301,FlyEM_Male_CNS_Brain_v0.9,m,JRC2018_Unisex_20x_HR,Brain,P1_2a,P1_2a_R,20191213_64_H5_Channel1.csv,15329,pC1_2a,pC1_2a_R,R,"Lee 2002, Rideout 2010, Nojima 2021: pC1; Cachero 2010: pMP-e; Yu 2010: pMP4",coexpress_high,Traced,,,both,,False,True
1320,male-cns:v0.9:532011,1047.8334,170,FlyEM_Male_CNS_Brain_v0.9,m,JRC2018_Unisex_20x_HR,Brain,P1_18a,P1_18a_R,20191213_64_H5_Channel1.csv,532011,pC1_18a,pC1_18a_R,R,"Lee 2002, Rideout 2010, Nojima 2021: pC1",dsx_low,Traced,,,both,,False,True
1365,male-cns:v0.9:17089,1003.1242,363,FlyEM_Male_CNS_Brain_v0.9,m,JRC2018_Unisex_20x_HR,Brain,P1_12b,P1_12b_R,20191213_64_H5_Channel1.csv,17089,pC1_12b,pC1_12b_R,R,"Lee 2002, Rideout 2010, Nojima 2021: pC1",dsx_high,Traced,,,both,1900,True,True
1379,male-cns:v0.9:12448,987.4354,176,FlyEM_Male_CNS_Brain_v0.9,m,JRC2018_Unisex_20x_HR,Brain,P1_18a,P1_18a_L,20191213_64_H5_Channel1.csv,12448,pC1_18a,pC1_18a_L,L,"Lee 2002, Rideout 2010, Nojima 2021: pC1",dsx_low,Traced,,,both,916,True,True
1474,male-cns:v0.9:19894,889.34076,331,FlyEM_Male_CNS_Brain_v0.9,m,JRC2018_Unisex_20x_HR,Brain,P1_3c,P1_3c_R,20191213_64_H5_Channel1.csv,19894,pC1_3c,pC1_3c_R,R,"Lee 2002, Rideout 2010, Nojima 2021: pC1; Cachero 2010: pMP-e; Yu 2010: pMP4",coexpress_high,Traced,,,both,,False,True
1510,male-cns:v0.9:17867,854.6932,343,FlyEM_Male_CNS_Brain_v0.9,m,JRC2018_Unisex_20x_HR,Brain,P1_4b,P1_4b_L,20191213_64_H5_Channel1.csv,17867,pC1_4b,pC1_4b_L,L,"Lee 2002, Rideout 2010, Nojima 2021: pC1",dsx_high,Traced,,,both,2029,True,True
1520,male-cns:v0.9:25746,849.36707,257,FlyEM_Male_CNS_Brain_v0.9,m,JRC2018_Unisex_20x_HR,Brain,P1_16b,P1_16b_R,20191213_64_H5_Channel1.csv,25746,pC1_16b,pC1_16b_R,R,"Lee 2002, Rideout 2010, Nojima 2021: pC1; Cachero 2010: pMP-e; Yu 2010: pMP4",coexpress_high,Traced,,,both,,False,True
1524,male-cns:v0.9:19650,848.29083,396,FlyEM_Male_CNS_Brain_v0.9,m,JRC2018_Unisex_20x_HR,Brain,P1_3a,P1_3a_L,20191213_64_H5_Channel1.csv,19650,pC1_3a,pC1_3a_L,L,"Lee 2002, Rideout 2010, Nojima 2021: pC1; Cachero 2010: pMP-e; Yu 2010: pMP4",coexpress_high,Traced,,,both,2279,True,True
1530,male-cns:v0.9:18913,841.1559,383,FlyEM_Male_CNS_Brain_v0.9,m,JRC2018_Unisex_20x_HR,Brain,P1_2b,P1_2b_L,20191213_64_H5_Channel1.csv,18913,pC1_2b,pC1_2b_L,L,"Lee 2002, Rideout 2010, Nojima 2021: pC1; Cachero 2010: pMP-e; Yu 2010: pMP4",coexpress_high,Traced,,,both,2174,True,True
1540,male-cns:v0.9:127881,834.3992,254,FlyEM_Male_CNS_Brain_v0.9,m,JRC2018_Unisex_20x_HR,Brain,P1_19,P1_19_L,20191213_64_H5_Channel1.csv,127881,pC1_19,pC1_19_L,L,"Lee 2002, Rideout 2010, Nojima 2021: pC1",dsx_high,Traced,,,both,4068,True,True
1547,male-cns:v0.9:70815,827.5769,296,FlyEM_Male_CNS_Brain_v0.9,m,JRC2018_Unisex_20x_HR,Brain,P1_17a,P1_17a_L,20191213_64_H5_Channel1.csv,70815,pC1_17a,pC1_17a_L,L,"Lee 2002, Rideout 2010, Nojima 2021: pC1; Cachero 2010: pMP-e; Yu 2010: pMP4",coexpress_low,Traced,,,both,3797,True,True
1561,male-cns:v0.9:66610,817.84644,237,FlyEM_Male_CNS_Brain_v0.9,m,JRC2018_Unisex_20x_HR,Brain,P1_16b,P1_16b_R,20191213_64_H5_Channel1.csv,66610,pC1_16b,pC1_16b_R,R,"Lee 2002, Rideout 2010, Nojima 2021: pC1; Cachero 2010: pMP-e; Yu 2010: pMP4",coexpress_high,Traced,,,both,,False,True
1563,male-cns:v0.9:23661,815.46576,256,FlyEM_Male_CNS_Brain_v0.9,m,JRC2018_Unisex_20x_HR,Brain,P1_17b,P1_17b_L,20191213_64_H5_Channel1.csv,23661,pC1_17b,pC1_17b_L,L,"Lee 2002, Rideout 2010, Nojima 2021: pC1; Cachero 2010: pMP-e; Yu 2010: pMP4",coexpress_low,Traced,,,both,,False,True
1576,male-cns:v0.9:23952,807.23785,210,FlyEM_Male_CNS_Brain_v0.9,m,JRC2018_Unisex_20x_HR,Brain,P1_16a,P1_16a_R,20191213_64_H5_Channel1.csv,23952,pC1_16a,pC1_16a_R,R,"Lee 2002, Rideout 2010, Nojima 2021: pC1; Cachero 2010: pMP-e; Yu 2010: pMP4",coexpress_high,Traced,,,both,2717,True,True
1579,male-cns:v0.9:98113,805.3589,233,FlyEM_Male_CNS_Brain_v0.9,m,JRC2018_Unisex_20x_HR,Brain,P1_19,P1_19_L,20191213_64_H5_Channel1.csv,98113,pC1_19,pC1_19_L,L,"Lee 2002, Rideout 2010, Nojima 2021: pC1",dsx_high,Traced,,,both,3971,True,True
1584,male-cns:v0.9:22818,801.6465,292,FlyEM_Male_CNS_Brain_v0.9,m,JRC2018_Unisex_20x_HR,Brain,P1_17a,P1_17a_R,20191213_64_H5_Channel1.csv,22818,pC1_17a,pC1_17a_R,R,"Lee 2002, Rideout 2010, Nojima 2021: pC1; Cachero 2010: pMP-e; Yu 2010: pMP4",coexpress_low,Traced,,,both,2626,True,True
1597,male-cns:v0.9:26833,787.49927,246,FlyEM_Male_CNS_Brain_v0.9,m,JRC2018_Unisex_20x_HR,Brain,P1_16b,P1_16b_L,20191213_64_H5_Channel1.csv,26833,pC1_16b,pC1_16b_L,L,"Lee 2002, Rideout 2010, Nojima 2021: pC1; Cachero 2010: pMP-e; Yu 2010: pMP4",coexpress_high,Traced,,,both,,False,True
1599,male-cns:v0.9:13562,786.45135,209,FlyEM_Male_CNS_Brain_v0.9,m,JRC2018_Unisex_20x_HR,Brain,P1_12b,P1_12b_L,20191213_64_H5_Channel1.csv,13562,pC1_12b,pC1_12b_L,L,"Lee 2002, Rideout 2010, Nojima 2021: pC1",dsx_high,Traced,,,both,1219,True,True
1601,male-cns:v0.9:33041,785.969,197,FlyEM_Male_CNS_Brain_v0.9,m,JRC2018_Unisex_20x_HR,Brain,P1_16b,P1_16b_R,20191213_64_H5_Channel1.csv,33041,pC1_16b,pC1_16b_R,R,"Lee 2002, Rideout 2010, Nojima 2021: pC1; Cachero 2010: pMP-e; Yu 2010: pMP4",coexpress_high,Traced,,,both,,False,True
1604,male-cns:v0.9:125721,783.83344,261,FlyEM_Male_CNS_Brain_v0.9,m,JRC2018_Unisex_20x_HR,Brain,P1_19,P1_19_R,20191213_64_H5_Channel1.csv,125721,pC1_19,pC1_19_R,R,"Lee 2002, Rideout 2010, Nojima 2021: pC1",dsx_high,Traced,,,both,4063,True,True
1605,male-cns:v0.9:19705,783.6345,398,FlyEM_Male_CNS_Brain_v0.9,m,JRC2018_Unisex_20x_HR,Brain,P1_2b,P1_2b_R,20191213_64_H5_Channel1.csv,19705,pC1_2b,pC1_2b_R,R,"Lee 2002, Rideout 2010, Nojima 2021: pC1; Cachero 2010: pMP-e; Yu 2010: pMP4",coexpress_high,Traced,,,both,2287,True,True
1612,male-cns:v0.9:535835,780.64124,298,FlyEM_Male_CNS_Brain_v0.9,m,JRC2018_Unisex_20x_HR,Brain,P1_16b,P1_16b_L,20191213_64_H5_Channel1.csv,535835,pC1_16b,pC1_16b_L,L,"Lee 2002, Rideout 2010, Nojima 2021: pC1; Cachero 2010: pMP-e; Yu 2010: pMP4",coexpress_high,Traced,,,both,5222,True,True
1615,male-cns:v0.9:524747,779.90546,267,FlyEM_Male_CNS_Brain_v0.9,m,JRC2018_Unisex_20x_HR,Brain,P1_2a,P1_2a_L,20191213_64_H5_Channel1.csv,524747,pC1_2a,pC1_2a_L,L,"Lee 2002, Rideout 2010, Nojima 2021: pC1; Cachero 2010: pMP-e; Yu 2010: pMP4",coexpress_high,Traced,,,both,5000,True,True
1621,male-cns:v0.9:15035,775.9516,184,FlyEM_Male_CNS_Brain_v0.9,m,JRC2018_Unisex_20x_HR,Brain,P1_18b,P1_18b_R,20191213_64_H5_Channel1.csv,15035,pC1_18b,pC1_18b_R,R,"Lee 2002, Rideout 2010, Nojima 2021: pC1",dsx_low,Traced,,,both,1535,True,True
1626,male-cns:v0.9:20803,772.82654,359,FlyEM_Male_CNS_Brain_v0.9,m,JRC2018_Unisex_20x_HR,Brain,P1_4a,P1_4a_R,20191213_64_H5_Channel1.csv,20803,pC1_4a,pC1_4a_R,R,"Lee 2002, Rideout 2010, Nojima 2021: pC1",dsx_high,Traced,,,both,2427,True,True
1636,male-cns:v0.9:522419,764.4905,344,FlyEM_Male_CNS_Brain_v0.9,m,JRC2018_Unisex_20x_HR,Brain,P1_4a,P1_4a_L,20191213_64_H5_Channel1.csv,522419,pC1_4a,pC1_4a_L,L,"Lee 2002, Rideout 2010, Nojima 2021: pC1",dsx_high,Traced,,,both,4859,True,True
1650,male-cns:v0.9:18017,751.91284,228,FlyEM_Male_CNS_Brain_v0.9,m,JRC2018_Unisex_20x_HR,Brain,P1_3c,P1_3c_L,20191213_64_H5_Channel1.csv,18017,pC1_3c,pC1_3c_L,L,"Lee 2002, Rideout 2010, Nojima 2021: pC1; Cachero 2010: pMP-e; Yu 2010: pMP4",coexpress_high,Traced,,,both,2055,True,True
1654,male-cns:v0.9:20392,748.01917,374,FlyEM_Male_CNS_Brain_v0.9,m,JRC2018_Unisex_20x_HR,Brain,P1_2c,P1_2c_R,20191213_64_H5_Channel1.csv,20392,pC1_2c,pC1_2c_R,R,"Lee 2002, Rideout 2010, Nojima 2021: pC1; Cachero 2010: pMP-e; Yu 2010: pMP4",coexpress_high,Traced,,,both,2364,True,True
1665,male-cns:v0.9:70011,738.0026,248,FlyEM_Male_CNS_Brain_v0.9,m,JRC2018_Unisex_20x_HR,Brain,P1_5b,P1_5b_L,20191213_64_H5_Channel1.csv,70011,pC1_5b,pC1_5b_L,L,"Lee 2002, Rideout 2010, Nojima 2021: pC1; Cachero 2010: pMP-e; Yu 2010: pMP4",coexpress_high,Traced,,,both,3792,True,True
1674,male-cns:v0.9:17851,732.75635,377,FlyEM_Male_CNS_Brain_v0.9,m,JRC2018_Unisex_20x_HR,Brain,P1_12b,P1_12b_L,20191213_64_H5_Channel1.csv,17851,pC1_12b,pC1_12b_L,L,"Lee 2002, Rideout 2010, Nojima 2021: pC1",dsx_high,Traced,,,both,2027,True,True
1706,male-cns:v0.9:32283,712.8187,320,FlyEM_Male_CNS_Brain_v0.9,m,JRC2018_Unisex_20x_HR,Brain,P1_16b,P1_16b_L,20191213_64_H5_Channel1.csv,32283,pC1_16b,pC1_16b_L,L,"Lee 2002, Rideout 2010, Nojima 2021: pC1; Cachero 2010: pMP-e; Yu 2010: pMP4",coexpress_high,Traced,,,both,,False,True
1713,male-cns:v0.9:18974,708.9419,283,FlyEM_Male_CNS_Brain_v0.9,m,JRC2018_Unisex_20x_HR,Brain,P1_3a,P1_3a_R,20191213_64_H5_Channel1.csv,18974,pC1_3a,pC1_3a_R,R,"Lee 2002, Rideout 2010, Nojima 2021: pC1; Cachero 2010: pMP-e; Yu 2010: pMP4",coexpress_high,Traced,,,both,2182,True,True
1717,male-cns:v0.9:29143,706.3303,282,FlyEM_Male_CNS_Brain_v0.9,m,JRC2018_Unisex_20x_HR,Brain,P1_5b,P1_5b_R,20191213_64_H5_Channel1.csv,29143,pC1_5b,pC1_5b_R,R,"Lee 2002, Rideout 2010, Nojima 2021: pC1; Cachero 2010: pMP-e; Yu 2010: pMP4",coexpress_high,Traced,,,both,3091,True,True
1738,male-cns:v0.9:19136,696.8444,405,FlyEM_Male_CNS_Brain_v0.9,m,JRC2018_Unisex_20x_HR,Brain,P1_3c,P1_3c_L,20191213_64_H5_Channel1.csv,19136,pC1_3c,pC1_3c_L,L,"Lee 2002, Rideout 2010, Nojima 2021: pC1; Cachero 2010: pMP-e; Yu 2010: pMP4",coexpress_high,Traced,,,both,2210,True,True
1747,male-cns:v0.9:13495,689.39435,370,FlyEM_Male_CNS_Brain_v0.9,m,JRC2018_Unisex_20x_HR,Brain,P1_11a,P1_11a_R,20191213_64_H5_Channel1.csv,13495,pC1_11a,pC1_11a_R,R,"Lee 2002, Rideout 2010, Nojima 2021: pC1",dsx_high,Traced,,,both,1207,True,True
1748,male-cns:v0.9:58786,688.79114,268,FlyEM_Male_CNS_Brain_v0.9,m,JRC2018_Unisex_20x_HR,Brain,P1_16b,P1_16b_R,20191213_64_H5_Channel1.csv,58786,pC1_16b,pC1_16b_R,R,"Lee 2002, Rideout 2010, Nojima 2021: pC1; Cachero 2010: pMP-e; Yu 2010: pMP4",coexpress_high,Traced,,,both,,False,True
1765,male-cns:v0.9:20117,674.2135,283,FlyEM_Male_CNS_Brain_v0.9,m,JRC2018_Unisex_20x_HR,Brain,P1_4a,P1_4a_R,20191213_64_H5_Channel1.csv,20117,pC1_4a,pC1_4a_R,R,"Lee 2002, Rideout 2010, Nojima 2021: pC1",dsx_high,Traced,,,both,2341,True,True
1789,male-cns:v0.9:519518,660.09485,246,FlyEM_Male_CNS_Brain_v0.9,m,JRC2018_Unisex_20x_HR,Brain,P1_4a,P1_4a_L,20191213_64_H5_Channel1.csv,519518,pC1_4a,pC1_4a_L,L,"Lee 2002, Rideout 2010, Nojima 2021: pC1",dsx_high,Traced,,,both,4646,True,True
1794,male-cns:v0.9:36545,655.303,261,FlyEM_Male_CNS_Brain_v0.9,m,JRC2018_Unisex_20x_HR,Brain,P1_17b,P1_17b_R,20191213_64_H5_Channel1.csv,36545,pC1_17b,pC1_17b_R,R,"Lee 2002, Rideout 2010, Nojima 2021: pC1; Cachero 2010: pMP-e; Yu 2010: pMP4",coexpress_low,Traced,,,both,,False,True
1804,male-cns:v0.9:25690,649.5484,185,FlyEM_Male_CNS_Brain_v0.9,m,JRC2018_Unisex_20x_HR,Brain,P1_15b,P1_15b_R,20191213_64_H5_Channel1.csv,25690,pC1_15b,pC1_15b_R,R,"Lee 2002, Rideout 2010, Nojima 2021: pC1; Cachero 2010: pMP-e; Yu 2010: pMP4",coexpress_low,Traced,,,both,2885,True,True
1809,male-cns:v0.9:59527,646.7538,140,FlyEM_Male_CNS_Brain_v0.9,m,JRC2018_Unisex_20x_HR,Brain,P1_16a,P1_16a_R,20191213_64_H5_Channel1.csv,59527,pC1_16a,pC1_16a_R,R,"Lee 2002, Rideout 2010, Nojima 2021: pC1; Cachero 2010: pMP-e; Yu 2010: pMP4",coexpress_high,Traced,,,both,,False,True
1834,male-cns:v0.9:23968,636.0578,311,FlyEM_Male_CNS_Brain_v0.9,m,JRC2018_Unisex_20x_HR,Brain,P1_4a,P1_4a_R,20191213_64_H5_Channel1.csv,23968,pC1_4a,pC1_4a_R,R,"Lee 2002, Rideout 2010, Nojima 2021: pC1",dsx_high,Traced,,,both,2720,True,True
1850,male-cns:v0.9:67624,627.5116,168,FlyEM_Male_CNS_Brain_v0.9,m,JRC2018_Unisex_20x_HR,Brain,P1_16a,P1_16a_R,20191213_64_H5_Channel1.csv,67624,pC1_16a,pC1_16a_R,R,"Lee 2002, Rideout 2010, Nojima 2021: pC1; Cachero 2010: pMP-e; Yu 2010: pMP4",coexpress_high,Traced,,,both,,False,True
1874,male-cns:v0.9:79642,615.18945,193,FlyEM_Male_CNS_Brain_v0.9,m,JRC2018_Unisex_20x_HR,Brain,P1_19,P1_19_R,20191213_64_H5_Channel1.csv,79642,pC1_19,pC1_19_R,R,"Lee 2002, Rideout 2010, Nojima 2021: pC1",dsx_high,Traced,,,both,3860,True,True
1890,male-cns:v0.9:557035,607.2429,228,FlyEM_Male_CNS_Brain_v0.9,m,JRC2018_Unisex_20x_HR,Brain,P1_5b,P1_5b_L,20191213_64_H5_Channel1.csv,557035,pC1_5b,pC1_5b_L,L,"Lee 2002, Rideout 2010, Nojima 2021: pC1; Cachero 2010: pMP-e; Yu 2010: pMP4",coexpress_high,Traced,,,both,5296,True,True
1897,male-cns:v0.9:68624,603.2762,229,FlyEM_Male_CNS_Brain_v0.9,m,JRC2018_Unisex_20x_HR,Brain,P1_19,P1_19_L,20191213_64_H5_Channel1.csv,68624,pC1_19,pC1_19_L,L,"Lee 2002, Rideout 2010, Nojima 2021: pC1",dsx_high,Traced,,,both,3783,True,True
1905,male-cns:v0.9:16719,599.53766,304,FlyEM_Male_CNS_Brain_v0.9,m,JRC2018_Unisex_20x_HR,Brain,P1_4b,P1_4b_R,20191213_64_H5_Channel1.csv,16719,pC1_4b,pC1_4b_R,R,"Lee 2002, Rideout 2010, Nojima 2021: pC1",dsx_high,Traced,,,both,1836,True,True
1925,male-cns:v0.9:13266,585.775,343,FlyEM_Male_CNS_Brain_v0.9,m,JRC2018_Unisex_20x_HR,Brain,P1_3b,P1_3b_L,20191213_64_H5_Channel1.csv,13266,pC1_3b,pC1_3b_L,L,"Lee 2002, Rideout 2010, Nojima 2021: pC1; Cachero 2010: pMP-e; Yu 2010: pMP4",coexpress_high,Traced,,,both,1152,True,True
1930,male-cns:v0.9:32437,583.70404,170,FlyEM_Male_CNS_Brain_v0.9,m,JRC2018_Unisex_20x_HR,Brain,P1_15a,P1_15a_R,20191213_64_H5_Channel1.csv,32437,pC1_15a,pC1_15a_R,R,"Lee 2002, Rideout 2010, Nojima 2021: pC1; Cachero 2010: pMP-e; Yu 2010: pMP4",coexpress_high,Traced,,,both,3241,True,True
2025,male-cns:v0.9:170209,531.5652,213,FlyEM_Male_CNS_Brain_v0.9,m,JRC2018_Unisex_20x_HR,Brain,P1_19,P1_19_R,20191213_64_H5_Channel1.csv,170209,pC1_19,pC1_19_R,R,"Lee 2002, Rideout 2010, Nojima 2021: pC1",dsx_high,Traced,,,both,4142,True,True
2034,male-cns:v0.9:17387,528.3267,311,FlyEM_Male_CNS_Brain_v0.9,m,JRC2018_Unisex_20x_HR,Brain,P1_2a/2b,P1_2a/2b_R,20191213_64_H5_Channel1.csv,17387,pC1_2a/2b,pC1_2a/2b_R,R,"Lee 2002, Rideout 2010, Nojima 2021: pC1; Cachero 2010: pMP-e; Yu 2010: pMP4",coexpress_high,Traced,,,both,,False,True
2038,male-cns:v0.9:19085,526.5614,187,FlyEM_Male_CNS_Brain_v0.9,m,JRC2018_Unisex_20x_HR,Brain,P1_1a,P1_1a_R,20191213_64_H5_Channel1.csv,19085,pC1_1a,pC1_1a_R,R,"Lee 2002, Rideout 2010, Nojima 2021: pC1; Cachero 2010: pMP-e; Yu 2010: pMP4",coexpress_high,Traced,,,both,,False,True
2042,male-cns:v0.9:22093,524.6912,260,FlyEM_Male_CNS_Brain_v0.9,m,JRC2018_Unisex_20x_HR,Brain,P1_2c,P1_2c_L,20191213_64_H5_Channel1.csv,22093,pC1_2c,pC1_2c_L,L,"Lee 2002, Rideout 2010, Nojima 2021: pC1; Cachero 2010: pMP-e; Yu 2010: pMP4",coexpress_high,Traced,,,both,2558,True,True
2043,male-cns:v0.9:513654,523.92395,312,FlyEM_Male_CNS_Brain_v0.9,m,JRC2018_Unisex_20x_HR,Brain,P1_16b,P1_16b_L,20191213_64_H5_Channel1.csv,513654,pC1_16b,pC1_16b_L,L,"Lee 2002, Rideout 2010, Nojima 2021: pC1; Cachero 2010: pMP-e; Yu 2010: pMP4",coexpress_high,Traced,,,both,,False,True
2044,male-cns:v0.9:514077,522.70953,245,FlyEM_Male_CNS_Brain_v0.9,m,JRC2018_Unisex_20x_HR,Brain,P1_11b,P1_11b_L,20191213_64_H5_Channel1.csv,514077,pC1_11b,pC1_11b_L,L,"Lee 2002, Rideout 2010, Nojima 2021: pC1",dsx_high,Traced,,,both,4406,True,True
2047,male-cns:v0.9:20751,520.8981,207,FlyEM_Male_CNS_Brain_v0.9,m,JRC2018_Unisex_20x_HR,Brain,P1_16a,P1_16a_L,20191213_64_H5_Channel1.csv,20751,pC1_16a,pC1_16a_L,L,"Lee 2002, Rideout 2010, Nojima 2021: pC1; Cachero 2010: pMP-e; Yu 2010: pMP4",coexpress_high,Traced,,,both,2422,True,True
2053,male-cns:v0.9:514925,516.33276,330,FlyEM_Male_CNS_Brain_v0.9,m,JRC2018_Unisex_20x_HR,Brain,P1_3b,P1_3b_R,20191213_64_H5_Channel1.csv,514925,pC1_3b,pC1_3b_R,R,"Lee 2002, Rideout 2010, Nojima 2021: pC1; Cachero 2010: pMP-e; Yu 2010: pMP4",coexpress_high,Traced,,,both,,False,True
2058,male-cns:v0.9:41427,515.2316,105,FlyEM_Male_CNS_Brain_v0.9,m,JRC2018_Unisex_20x_HR,Brain,P1_17b,P1_17b_L,20191213_64_H5_Channel1.csv,41427,pC1_17b,pC1_17b_L,L,"Lee 2002, Rideout 2010, Nojima 2021: pC1; Cachero 2010: pMP-e; Yu 2010: pMP4",coexpress_low,Traced,,,both,,False,True
2081,male-cns:v0.9:23789,504.41983,178,FlyEM_Male_CNS_Brain_v0.9,m,JRC2018_Unisex_20x_HR,Brain,P1_16a,P1_16a_L,20191213_64_H5_Channel1.csv,23789,pC1_16a,pC1_16a_L,L,"Lee 2002, Rideout 2010, Nojima 2021: pC1; Cachero 2010: pMP-e; Yu 2010: pMP4",coexpress_high,Traced,,,both,2701,True,True
2180,male-cns:v0.9:29483,449.5628,201,FlyEM_Male_CNS_Brain_v0.9,m,JRC2018_Unisex_20x_HR,Brain,P1_5b,P1_5b_R,20191213_64_H5_Channel1.csv,29483,pC1_5b,pC1_5b_R,R,"Lee 2002, Rideout 2010, Nojima 2021: pC1; Cachero 2010: pMP-e; Yu 2010: pMP4",coexpress_high,Traced,,,both,3118,True,True
2207,male-cns:v0.9:18554,434.6973,187,FlyEM_Male_CNS_Brain_v0.9,m,JRC2018_Unisex_20x_HR,Brain,P1_12b,P1_12b_R,20191213_64_H5_Channel1.csv,18554,pC1_12b,pC1_12b_R,R,"Lee 2002, Rideout 2010, Nojima 2021: pC1",dsx_high,Traced,,,both,2125,True,True
2212,male-cns:v0.9:25740,433.87656,160,FlyEM_Male_CNS_Brain_v0.9,m,JRC2018_Unisex_20x_HR,Brain,P1_14b,P1_14b_R,20191213_64_H5_Channel1.csv,25740,pC1_14b,pC1_14b_R,R,"Lee 2002, Rideout 2010, Nojima 2021: pC1; Cachero 2010: pMP-e; Yu 2010: pMP4",coexpress_low,Traced,,,both,2888,True,True
2214,male-cns:v0.9:513650,432.9919,183,FlyEM_Male_CNS_Brain_v0.9,m,JRC2018_Unisex_20x_HR,Brain,P1_12a,P1_12a_L,20191213_64_H5_Channel1.csv,513650,pC1_12a,pC1_12a_L,L,"Lee 2002, Rideout 2010, Nojima 2021: pC1; Cachero 2010: pMP-e; Yu 2010: pMP4",coexpress_low,Traced,,,both,4374,True,True
2220,male-cns:v0.9:15208,428.2154,166,FlyEM_Male_CNS_Brain_v0.9,m,JRC2018_Unisex_20x_HR,Brain,P1_1a,P1_1a_L,20191213_64_H5_Channel1.csv,15208,pC1_1a,pC1_1a_L,L,"Lee 2002, Rideout 2010, Nojima 2021: pC1; Cachero 2010: pMP-e; Yu 2010: pMP4",coexpress_high,Traced,,,both,1565,True,True
2265,male-cns:v0.9:108816,405.92224,157,FlyEM_Male_CNS_Brain_v0.9,m,JRC2018_Unisex_20x_HR,Brain,P1_15a,P1_15a_L,20191213_64_H5_Channel1.csv,108816,pC1_15a,pC1_15a_L,L,"Lee 2002, Rideout 2010, Nojima 2021: pC1; Cachero 2010: pMP-e; Yu 2010: pMP4",coexpress_high,Traced,,,both,4014,True,True
2276,male-cns:v0.9:524296,402.36777,200,FlyEM_Male_CNS_Brain_v0.9,m,JRC2018_Unisex_20x_HR,Brain,P1_1a,P1_1a_L,20191213_64_H5_Channel1.csv,524296,pC1_1a,pC1_1a_L,L,"Lee 2002, Rideout 2010, Nojima 2021: pC1; Cachero 2010: pMP-e; Yu 2010: pMP4",coexpress_high,Traced,,,both,4975,True,True
2279,male-cns:v0.9:555747,399.97296,183,FlyEM_Male_CNS_Brain_v0.9,m,JRC2018_Unisex_20x_HR,Brain,P1_13c,P1_13c_R,20191213_64_H5_Channel1.csv,555747,pC1_13c,pC1_13c_R,R,"Lee 2002, Rideout 2010, Nojima 2021: pC1",dsx_high,Traced,,,both,,False,True
2286,male-cns:v0.9:23651,396.05975,143,FlyEM_Male_CNS_Brain_v0.9,m,JRC2018_Unisex_20x_HR,Brain,P1_17a,P1_17a_R,20191213_64_H5_Channel1.csv,23651,pC1_17a,pC1_17a_R,R,"Lee 2002, Rideout 2010, Nojima 2021: pC1; Cachero 2010: pMP-e; Yu 2010: pMP4",coexpress_low,Traced,,,both,,False,True
2306,male-cns:v0.9:35202,386.8737,127,FlyEM_Male_CNS_Brain_v0.9,m,JRC2018_Unisex_20x_HR,Brain,P1_17b,P1_17b_R,20191213_64_H5_Channel1.csv,35202,pC1_17b,pC1_17b_R,R,"Lee 2002, Rideout 2010, Nojima 2021: pC1; Cachero 2010: pMP-e; Yu 2010: pMP4",coexpress_low,Traced,,,both,,False,True
2332,male-cns:v0.9:156865,374.7939,208,FlyEM_Male_CNS_Brain_v0.9,m,JRC2018_Unisex_20x_HR,Brain,P1_19,P1_19_L,20191213_64_H5_Channel1.csv,156865,pC1_19,pC1_19_L,L,"Lee 2002, Rideout 2010, Nojima 2021: pC1",dsx_high,Traced,,,both,4123,True,True
2379,male-cns:v0.9:30546,353.0875,326,FlyEM_Male_CNS_Brain_v0.9,m,JRC2018_Unisex_20x_HR,Brain,P1_10d,P1_10d_R,20191213_64_H5_Channel1.csv,30546,pC1_10d,pC1_10d_R,R,"Lee 2002, Rideout 2010, Nojima 2021: pC1",dsx_high,Traced,,,both,3170,True,True
2385,male-cns:v0.9:29214,350.73676,105,FlyEM_Male_CNS_Brain_v0.9,m,JRC2018_Unisex_20x_HR,Brain,P1_14a,P1_14a_R,20191213_64_H5_Channel1.csv,29214,pC1_14a,pC1_14a_R,R,"Lee 2002, Rideout 2010, Nojima 2021: pC1; Cachero 2010: pMP-e; Yu 2010: pMP4",coexpress_low,Traced,,,both,3097,True,True
2388,male-cns:v0.9:517735,349.5916,146,FlyEM_Male_CNS_Brain_v0.9,m,JRC2018_Unisex_20x_HR,Brain,P1_6b,P1_6b_L,20191213_64_H5_Channel1.csv,517735,pC1_6b,pC1_6b_L,L,"Lee 2002, Rideout 2010, Nojima 2021: pC1",coexpress_high,Traced,,,both,4575,True,True
2419,male-cns:v0.9:513652,334.89716,154,FlyEM_Male_CNS_Brain_v0.9,m,JRC2018_Unisex_20x_HR,Brain,P1_7b,P1_7b_L,20191213_64_H5_Channel1.csv,513652,pC1_7b,pC1_7b_L,L,"Lee 2002, Rideout 2010, Nojima 2021: pC1; Cachero 2010: pMP-e; Yu 2010: pMP4",coexpress_low,Traced,,,both,4376,True,True
2433,male-cns:v0.9:16262,329.4799,207,FlyEM_Male_CNS_Brain_v0.9,m,JRC2018_Unisex_20x_HR,Brain,P1_1b,P1_1b_L,20191213_64_H5_Channel1.csv,16262,pC1_1b,pC1_1b_L,L,"Lee 2002, Rideout 2010, Nojima 2021: pC1; Cachero 2010: pMP-e; Yu 2010: pMP4",coexpress_high,Traced,,,both,1760,True,True
2438,male-cns:v0.9:26993,327.8531,175,FlyEM_Male_CNS_Brain_v0.9,m,JRC2018_Unisex_20x_HR,Brain,P1_1b,P1_1b_R,20191213_64_H5_Channel1.csv,26993,pC1_1b,pC1_1b_R,R,"Lee 2002, Rideout 2010, Nojima 2021: pC1; Cachero 2010: pMP-e; Yu 2010: pMP4",coexpress_high,Traced,,,both,2963,True,True
2507,male-cns:v0.9:512011,301.11258,159,FlyEM_Male_CNS_Brain_v0.9,m,JRC2018_Unisex_20x_HR,Brain,P1_12a,P1_12a_R,20191213_64_H5_Channel1.csv,512011,pC1_12a,pC1_12a_R,R,"Lee 2002, Rideout 2010, Nojima 2021: pC1; Cachero 2010: pMP-e; Yu 2010: pMP4",coexpress_low,Traced,,,both,4267,True,True
2509,male-cns:v0.9:515977,300.13214,305,FlyEM_Male_CNS_Brain_v0.9,m,JRC2018_Unisex_20x_HR,Brain,P1_10b,P1_10b_R,20191213_64_H5_Channel1.csv,515977,pC1_10b,pC1_10b_R,R,"Lee 2002, Rideout 2010, Nojima 2021: pC1",dsx_high,Traced,,,both,4500,True,True
2510,male-cns:v0.9:46570,300.12463,139,FlyEM_Male_CNS_Brain_v0.9,m,JRC2018_Unisex_20x_HR,Brain,P1_14b,P1_14b_L,20191213_64_H5_Channel1.csv,46570,pC1_14b,pC1_14b_L,L,"Lee 2002, Rideout 2010, Nojima 2021: pC1; Cachero 2010: pMP-e; Yu 2010: pMP4",coexpress_low,Traced,,,both,3587,True,True
2516,male-cns:v0.9:518589,297.22678,290,FlyEM_Male_CNS_Brain_v0.9,m,JRC2018_Unisex_20x_HR,Brain,P1_10c,P1_10c_L,20191213_64_H5_Channel1.csv,518589,pC1_10c,pC1_10c_L,L,"Lee 2002, Rideout 2010, Nojima 2021: pC1",dsx_high,Traced,,,both,4601,True,True
2543,male-cns:v0.9:41518,290.52432,169,FlyEM_Male_CNS_Brain_v0.9,m,JRC2018_Unisex_20x_HR,Brain,P1_8c,P1_8c_R,20191213_64_H5_Channel1.csv,41518,pC1_8c,pC1_8c_R,R,"Lee 2002, Rideout 2010, Nojima 2021: pC1",dsx_high,Traced,,,both,3499,True,True
2562,male-cns:v0.9:44515,284.3445,109,FlyEM_Male_CNS_Brain_v0.9,m,JRC2018_Unisex_20x_HR,Brain,P1_14a,P1_14a_L,20191213_64_H5_Channel1.csv,44515,pC1_14a,pC1_14a_L,L,"Lee 2002, Rideout 2010, Nojima 2021: pC1; Cachero 2010: pMP-e; Yu 2010: pMP4",coexpress_low,Traced,,,both,3549,True,True
2563,male-cns:v0.9:18990,284.09116,191,FlyEM_Male_CNS_Brain_v0.9,m,JRC2018_Unisex_20x_HR,Brain,P1_11a,P1_11a_L,20191213_64_H5_Channel1.csv,18990,pC1_11a,pC1_11a_L,L,"Lee 2002, Rideout 2010, Nojima 2021: pC1",dsx_high,Traced,,,both,2186,True,True
2567,male-cns:v0.9:517519,283.2578,170,FlyEM_Male_CNS_Brain_v0.9,m,JRC2018_Unisex_20x_HR,Brain,P1_10b,P1_10b_L,20191213_64_H5_Channel1.csv,517519,pC1_10b,pC1_10b_L,L,"Lee 2002, Rideout 2010, Nojima 2021: pC1",dsx_high,Traced,,,both,,False,True
2661,male-cns:v0.9:32950,245.38861,120,FlyEM_Male_CNS_Brain_v0.9,m,JRC2018_Unisex_20x_HR,Brain,P1_5a,P1_5a_R,20191213_64_H5_Channel1.csv,32950,pC1_5a,pC1_5a_R,R,"Lee 2002, Rideout 2010, Nojima 2021: pC1; Cachero 2010: pMP-e; Yu 2010: pMP4",coexpress_low,Traced,,,both,3254,True,True
2739,male-cns:v0.9:521453,219.7039,136,FlyEM_Male_CNS_Brain_v0.9,m,JRC2018_Unisex_20x_HR,Brain,P1_6a,P1_6a_L,20191213_64_H5_Channel1.csv,521453,pC1_6a,pC1_6a_L,L,Cachero 2010: pMP-e; Yu 2010: pMP4,coexpress_low,Traced,,,both,4798,True,True
2796,male-cns:v0.9:71385,205.03326,159,FlyEM_Male_CNS_Brain_v0.9,m,JRC2018_Unisex_20x_HR,Brain,P1_7a,P1_7a_R,20191213_64_H5_Channel1.csv,71385,pC1_7a,pC1_7a_R,R,"Lee 2002, Rideout 2010, Nojima 2021: pC1; Cachero 2010: pMP-e; Yu 2010: pMP4",coexpress_low,Traced,,,both,3801,True,True
2805,male-cns:v0.9:19968,201.95413,173,FlyEM_Male_CNS_Brain_v0.9,m,JRC2018_Unisex_20x_HR,Brain,P1_10d,P1_10d_R,20191213_64_H5_Channel1.csv,19968,pC1_10d,pC1_10d_R,R,"Lee 2002, Rideout 2010, Nojima 2021: pC1",dsx_high,Traced,,,both,,False,True
1313,male-cns:v0.9:519297,1814.7212,540,FlyEM_Male_CNS_Brain_v0.9,m,JRC2018_Unisex_20x_HR,Brain,,,20191213_64_H5_Channel2.csv,519297,pC1_2a,pC1_2a_R,R,"Lee 2002, Rideout 2010, Nojima 2021: pC1; Cachero 2010: pMP-e; Yu 2010: pMP4",coexpress_high,Traced,,,both,,False,True
1321,male-cns:v0.9:17564,1799.251,606,FlyEM_Male_CNS_Brain_v0.9,m,JRC2018_Unisex_20x_HR,Brain,,,20191213_64_H5_Channel2.csv,17564,pC1_2a,pC1_2a_L,L,"Lee 2002, Rideout 2010, Nojima 2021: pC1; Cachero 2010: pMP-e; Yu 2010: pMP4",coexpress_high,Traced,,,both,,False,True
1468,male-cns:v0.9:15329,1462.1305,524,FlyEM_Male_CNS_Brain_v0.9,m,JRC2018_Unisex_20x_HR,Brain,,,20191213_64_H5_Channel2.csv,15329,pC1_2a,pC1_2a_R,R,"Lee 2002, Rideout 2010, Nojima 2021: pC1; Cachero 2010: pMP-e; Yu 2010: pMP4",coexpress_high,Traced,,,both,,False,True
1527,male-cns:v0.9:12448,1357.6787,218,FlyEM_Male_CNS_Brain_v0.9,m,JRC2018_Unisex_20x_HR,Brain,,,20191213_64_H5_Channel2.csv,12448,pC1_18a,pC1_18a_L,L,"Lee 2002, Rideout 2010, Nojima 2021: pC1",dsx_low,Traced,,,both,916,True,True
1590,male-cns:v0.9:19948,1248.4802,618,FlyEM_Male_CNS_Brain_v0.9,m,JRC2018_Unisex_20x_HR,Brain,,,20191213_64_H5_Channel2.csv,19948,pC1_3c,pC1_3c_R,R,"Lee 2002, Rideout 2010, Nojima 2021: pC1; Cachero 2010: pMP-e; Yu 2010: pMP4",coexpress_high,Traced,,,both,2318,True,True
1651,male-cns:v0.9:532011,1144.1947,304,FlyEM_Male_CNS_Brain_v0.9,m,JRC2018_Unisex_20x_HR,Brain,,,20191213_64_H5_Channel2.csv,532011,pC1_18a,pC1_18a_R,R,"Lee 2002, Rideout 2010, Nojima 2021: pC1",dsx_low,Traced,,,both,,False,True
1690,male-cns:v0.9:18017,1092.4838,395,FlyEM_Male_CNS_Brain_v0.9,m,JRC2018_Unisex_20x_HR,Brain,,,20191213_64_H5_Channel2.csv,18017,pC1_3c,pC1_3c_L,L,"Lee 2002, Rideout 2010, Nojima 2021: pC1; Cachero 2010: pMP-e; Yu 2010: pMP4",coexpress_high,Traced,,,both,2055,True,True
1716,male-cns:v0.9:12442,1050.0806,512,FlyEM_Male_CNS_Brain_v0.9,m,JRC2018_Unisex_20x_HR,Brain,,,20191213_64_H5_Channel2.csv,12442,pC1_4a,pC1_4a_L,L,"Lee 2002, Rideout 2010, Nojima 2021: pC1",dsx_high,Traced,,,both,913,True,True
1741,male-cns:v0.9:19650,1017.7838,615,FlyEM_Male_CNS_Brain_v0.9,m,JRC2018_Unisex_20x_HR,Brain,,,20191213_64_H5_Channel2.csv,19650,pC1_3a,pC1_3a_L,L,"Lee 2002, Rideout 2010, Nojima 2021: pC1; Cachero 2010: pMP-e; Yu 2010: pMP4",coexpress_high,Traced,,,both,2279,True,True
1745,male-cns:v0.9:20392,1013.4656,663,FlyEM_Male_CNS_Brain_v0.9,m,JRC2018_Unisex_20x_HR,Brain,,,20191213_64_H5_Channel2.csv,20392,pC1_2c,pC1_2c_R,R,"Lee 2002, Rideout 2010, Nojima 2021: pC1; Cachero 2010: pMP-e; Yu 2010: pMP4",coexpress_high,Traced,,,both,2364,True,True
1753,male-cns:v0.9:522419,999.58386,592,FlyEM_Male_CNS_Brain_v0.9,m,JRC2018_Unisex_20x_HR,Brain,,,20191213_64_H5_Channel2.csv,522419,pC1_4a,pC1_4a_L,L,"Lee 2002, Rideout 2010, Nojima 2021: pC1",dsx_high,Traced,,,both,4859,True,True
1765,male-cns:v0.9:32788,990.5348,383,FlyEM_Male_CNS_Brain_v0.9,m,JRC2018_Unisex_20x_HR,Brain,,,20191213_64_H5_Channel2.csv,32788,pC1_18b,pC1_18b_R,R,"Lee 2002, Rideout 2010, Nojima 2021: pC1",dsx_low,Traced,,,both,3248,True,True
1786,male-cns:v0.9:17851,976.24426,599,FlyEM_Male_CNS_Brain_v0.9,m,JRC2018_Unisex_20x_HR,Brain,,,20191213_64_H5_Channel2.csv,17851,pC1_12b,pC1_12b_L,L,"Lee 2002, Rideout 2010, Nojima 2021: pC1",dsx_high,Traced,,,both,2027,True,True
1810,male-cns:v0.9:17867,954.4382,548,FlyEM_Male_CNS_Brain_v0.9,m,JRC2018_Unisex_20x_HR,Brain,,,20191213_64_H5_Channel2.csv,17867,pC1_4b,pC1_4b_L,L,"Lee 2002, Rideout 2010, Nojima 2021: pC1",dsx_high,Traced,,,both,2029,True,True
1823,male-cns:v0.9:19705,928.8998,608,FlyEM_Male_CNS_Brain_v0.9,m,JRC2018_Unisex_20x_HR,Brain,,,20191213_64_H5_Channel2.csv,19705,pC1_2b,pC1_2b_R,R,"Lee 2002, Rideout 2010, Nojima 2021: pC1; Cachero 2010: pMP-e; Yu 2010: pMP4",coexpress_high,Traced,,,both,2287,True,True
1829,male-cns:v0.9:519518,916.76044,437,FlyEM_Male_CNS_Brain_v0.9,m,JRC2018_Unisex_20x_HR,Brain,,,20191213_64_H5_Channel2.csv,519518,pC1_4a,pC1_4a_L,L,"Lee 2002, Rideout 2010, Nojima 2021: pC1",dsx_high,Traced,,,both,4646,True,True
1831,male-cns:v0.9:18913,914.25104,627,FlyEM_Male_CNS_Brain_v0.9,m,JRC2018_Unisex_20x_HR,Brain,,,20191213_64_H5_Channel2.csv,18913,pC1_2b,pC1_2b_L,L,"Lee 2002, Rideout 2010, Nojima 2021: pC1; Cachero 2010: pMP-e; Yu 2010: pMP4",coexpress_high,Traced,,,both,2174,True,True
1854,male-cns:v0.9:524747,885.4186,517,FlyEM_Male_CNS_Brain_v0.9,m,JRC2018_Unisex_20x_HR,Brain,,,20191213_64_H5_Channel2.csv,524747,pC1_2a,pC1_2a_L,L,"Lee 2002, Rideout 2010, Nojima 2021: pC1; Cachero 2010: pMP-e; Yu 2010: pMP4",coexpress_high,Traced,,,both,5000,True,True
1868,male-cns:v0.9:20117,872.37665,546,FlyEM_Male_CNS_Brain_v0.9,m,JRC2018_Unisex_20x_HR,Brain,,,20191213_64_H5_Channel2.csv,20117,pC1_4a,pC1_4a_R,R,"Lee 2002, Rideout 2010, Nojima 2021: pC1",dsx_high,Traced,,,both,2341,True,True
1886,male-cns:v0.9:19136,853.84674,630,FlyEM_Male_CNS_Brain_v0.9,m,JRC2018_Unisex_20x_HR,Brain,,,20191213_64_H5_Channel2.csv,19136,pC1_3c,pC1_3c_L,L,"Lee 2002, Rideout 2010, Nojima 2021: pC1; Cachero 2010: pMP-e; Yu 2010: pMP4",coexpress_high,Traced,,,both,2210,True,True
1900,male-cns:v0.9:19894,836.1474,442,FlyEM_Male_CNS_Brain_v0.9,m,JRC2018_Unisex_20x_HR,Brain,,,20191213_64_H5_Channel2.csv,19894,pC1_3c,pC1_3c_R,R,"Lee 2002, Rideout 2010, Nojima 2021: pC1; Cachero 2010: pMP-e; Yu 2010: pMP4",coexpress_high,Traced,,,both,,False,True
1915,male-cns:v0.9:15208,825.9344,603,FlyEM_Male_CNS_Brain_v0.9,m,JRC2018_Unisex_20x_HR,Brain,,,20191213_64_H5_Channel2.csv,15208,pC1_1a,pC1_1a_L,L,"Lee 2002, Rideout 2010, Nojima 2021: pC1; Cachero 2010: pMP-e; Yu 2010: pMP4",coexpress_high,Traced,,,both,1565,True,True
1932,male-cns:v0.9:13266,816.7723,330,FlyEM_Male_CNS_Brain_v0.9,m,JRC2018_Unisex_20x_HR,Brain,,,20191213_64_H5_Channel2.csv,13266,pC1_3b,pC1_3b_L,L,"Lee 2002, Rideout 2010, Nojima 2021: pC1; Cachero 2010: pMP-e; Yu 2010: pMP4",coexpress_high,Traced,,,both,1152,True,True
1933,male-cns:v0.9:15035,815.55115,412,FlyEM_Male_CNS_Brain_v0.9,m,JRC2018_Unisex_20x_HR,Brain,,,20191213_64_H5_Channel2.csv,15035,pC1_18b,pC1_18b_R,R,"Lee 2002, Rideout 2010, Nojima 2021: pC1",dsx_low,Traced,,,both,1535,True,True
1948,male-cns:v0.9:13495,804.0188,500,FlyEM_Male_CNS_Brain_v0.9,m,JRC2018_Unisex_20x_HR,Brain,,,20191213_64_H5_Channel2.csv,13495,pC1_11a,pC1_11a_R,R,"Lee 2002, Rideout 2010, Nojima 2021: pC1",dsx_high,Traced,,,both,1207,True,True
1955,male-cns:v0.9:518253,801.3865,369,FlyEM_Male_CNS_Brain_v0.9,m,JRC2018_Unisex_20x_HR,Brain,,,20191213_64_H5_Channel2.csv,518253,pC1_18b,pC1_18b_L,L,"Lee 2002, Rideout 2010, Nojima 2021: pC1",dsx_low,Traced,,,both,4592,True,True
1983,male-cns:v0.9:16719,785.2329,556,FlyEM_Male_CNS_Brain_v0.9,m,JRC2018_Unisex_20x_HR,Brain,,,20191213_64_H5_Channel2.csv,16719,pC1_4b,pC1_4b_R,R,"Lee 2002, Rideout 2010, Nojima 2021: pC1",dsx_high,Traced,,,both,1836,True,True
1993,male-cns:v0.9:17089,775.67017,479,FlyEM_Male_CNS_Brain_v0.9,m,JRC2018_Unisex_20x_HR,Brain,,,20191213_64_H5_Channel2.csv,17089,pC1_12b,pC1_12b_R,R,"Lee 2002, Rideout 2010, Nojima 2021: pC1",dsx_high,Traced,,,both,1900,True,True
1999,male-cns:v0.9:20803,772.092,526,FlyEM_Male_CNS_Brain_v0.9,m,JRC2018_Unisex_20x_HR,Brain,,,20191213_64_H5_Channel2.csv,20803,pC1_4a,pC1_4a_R,R,"Lee 2002, Rideout 2010, Nojima 2021: pC1",dsx_high,Traced,,,both,2427,True,True
2019,male-cns:v0.9:29143,753.8345,475,FlyEM_Male_CNS_Brain_v0.9,m,JRC2018_Unisex_20x_HR,Brain,,,20191213_64_H5_Channel2.csv,29143,pC1_5b,pC1_5b_R,R,"Lee 2002, Rideout 2010, Nojima 2021: pC1; Cachero 2010: pMP-e; Yu 2010: pMP4",coexpress_high,Traced,,,both,3091,True,True
2036,male-cns:v0.9:17387,740.61334,403,FlyEM_Male_CNS_Brain_v0.9,m,JRC2018_Unisex_20x_HR,Brain,,,20191213_64_H5_Channel2.csv,17387,pC1_2a/2b,pC1_2a/2b_R,R,"Lee 2002, Rideout 2010, Nojima 2021: pC1; Cachero 2010: pMP-e; Yu 2010: pMP4",coexpress_high,Traced,,,both,,False,True
2047,male-cns:v0.9:23968,732.2097,510,FlyEM_Male_CNS_Brain_v0.9,m,JRC2018_Unisex_20x_HR,Brain,,,20191213_64_H5_Channel2.csv,23968,pC1_4a,pC1_4a_R,R,"Lee 2002, Rideout 2010, Nojima 2021: pC1",dsx_high,Traced,,,both,2720,True,True
2065,male-cns:v0.9:19085,714.229,301,FlyEM_Male_CNS_Brain_v0.9,m,JRC2018_Unisex_20x_HR,Brain,,,20191213_64_H5_Channel2.csv,19085,pC1_1a,pC1_1a_R,R,"Lee 2002, Rideout 2010, Nojima 2021: pC1; Cachero 2010: pMP-e; Yu 2010: pMP4",coexpress_high,Traced,,,both,,False,True
2106,male-cns:v0.9:87497,679.8046,347,FlyEM_Male_CNS_Brain_v0.9,m,JRC2018_Unisex_20x_HR,Brain,,,20191213_64_H5_Channel2.csv,87497,pC1_18b,pC1_18b_L,L,"Lee 2002, Rideout 2010, Nojima 2021: pC1",dsx_low,Traced,,,both,3912,True,True
2116,male-cns:v0.9:70011,673.975,356,FlyEM_Male_CNS_Brain_v0.9,m,JRC2018_Unisex_20x_HR,Brain,,,20191213_64_H5_Channel2.csv,70011,pC1_5b,pC1_5b_L,L,"Lee 2002, Rideout 2010, Nojima 2021: pC1; Cachero 2010: pMP-e; Yu 2010: pMP4",coexpress_high,Traced,,,both,3792,True,True
2143,male-cns:v0.9:29280,659.08734,433,FlyEM_Male_CNS_Brain_v0.9,m,JRC2018_Unisex_20x_HR,Brain,,,20191213_64_H5_Channel2.csv,29280,pC1_1a,pC1_1a_R,R,"Lee 2002, Rideout 2010, Nojima 2021: pC1; Cachero 2010: pMP-e; Yu 2010: pMP4",coexpress_high,Traced,,,both,,False,True
2156,male-cns:v0.9:22093,651.5244,523,FlyEM_Male_CNS_Brain_v0.9,m,JRC2018_Unisex_20x_HR,Brain,,,20191213_64_H5_Channel2.csv,22093,pC1_2c,pC1_2c_L,L,"Lee 2002, Rideout 2010, Nojima 2021: pC1; Cachero 2010: pMP-e; Yu 2010: pMP4",coexpress_high,Traced,,,both,2558,True,True
2165,male-cns:v0.9:18974,643.2189,580,FlyEM_Male_CNS_Brain_v0.9,m,JRC2018_Unisex_20x_HR,Brain,,,20191213_64_H5_Channel2.csv,18974,pC1_3a,pC1_3a_R,R,"Lee 2002, Rideout 2010, Nojima 2021: pC1; Cachero 2010: pMP-e; Yu 2010: pMP4",coexpress_high,Traced,,,both,2182,True,True
2175,male-cns:v0.9:13562,634.85034,418,FlyEM_Male_CNS_Brain_v0.9,m,JRC2018_Unisex_20x_HR,Brain,,,20191213_64_H5_Channel2.csv,13562,pC1_12b,pC1_12b_L,L,"Lee 2002, Rideout 2010, Nojima 2021: pC1",dsx_high,Traced,,,both,1219,True,True
2201,male-cns:v0.9:513650,613.7883,271,FlyEM_Male_CNS_Brain_v0.9,m,JRC2018_Unisex_20x_HR,Brain,,,20191213_64_H5_Channel2.csv,513650,pC1_12a,pC1_12a_L,L,"Lee 2002, Rideout 2010, Nojima 2021: pC1; Cachero 2010: pMP-e; Yu 2010: pMP4",coexpress_low,Traced,,,both,4374,True,True
2203,male-cns:v0.9:512011,612.3129,476,FlyEM_Male_CNS_Brain_v0.9,m,JRC2018_Unisex_20x_HR,Brain,,,20191213_64_H5_Channel2.csv,512011,pC1_12a,pC1_12a_R,R,"Lee 2002, Rideout 2010, Nojima 2021: pC1; Cachero 2010: pMP-e; Yu 2010: pMP4",coexpress_low,Traced,,,both,4267,True,True
2205,male-cns:v0.9:25746,611.3086,266,FlyEM_Male_CNS_Brain_v0.9,m,JRC2018_Unisex_20x_HR,Brain,,,20191213_64_H5_Channel2.csv,25746,pC1_16b,pC1_16b_R,R,"Lee 2002, Rideout 2010, Nojima 2021: pC1; Cachero 2010: pMP-e; Yu 2010: pMP4",coexpress_high,Traced,,,both,,False,True
2222,male-cns:v0.9:18554,601.251,420,FlyEM_Male_CNS_Brain_v0.9,m,JRC2018_Unisex_20x_HR,Brain,,,20191213_64_H5_Channel2.csv,18554,pC1_12b,pC1_12b_R,R,"Lee 2002, Rideout 2010, Nojima 2021: pC1",dsx_high,Traced,,,both,2125,True,True
2226,male-cns:v0.9:557035,598.6874,334,FlyEM_Male_CNS_Brain_v0.9,m,JRC2018_Unisex_20x_HR,Brain,,,20191213_64_H5_Channel2.csv,557035,pC1_5b,pC1_5b_L,L,"Lee 2002, Rideout 2010, Nojima 2021: pC1; Cachero 2010: pMP-e; Yu 2010: pMP4",coexpress_high,Traced,,,both,5296,True,True
2228,male-cns:v0.9:519914,598.34186,487,FlyEM_Male_CNS_Brain_v0.9,m,JRC2018_Unisex_20x_HR,Brain,,,20191213_64_H5_Channel2.csv,519914,pC1_1a,pC1_1a_L,L,"Lee 2002, Rideout 2010, Nojima 2021: pC1; Cachero 2010: pMP-e; Yu 2010: pMP4",coexpress_high,Traced,,,both,4678,True,True
2244,male-cns:v0.9:125721,590.5875,239,FlyEM_Male_CNS_Brain_v0.9,m,JRC2018_Unisex_20x_HR,Brain,,,20191213_64_H5_Channel2.csv,125721,pC1_19,pC1_19_R,R,"Lee 2002, Rideout 2010, Nojima 2021: pC1",dsx_high,Traced,,,both,4063,True,True
2288,male-cns:v0.9:79642,555.3922,206,FlyEM_Male_CNS_Brain_v0.9,m,JRC2018_Unisex_20x_HR,Brain,,,20191213_64_H5_Channel2.csv,79642,pC1_19,pC1_19_R,R,"Lee 2002, Rideout 2010, Nojima 2021: pC1",dsx_high,Traced,,,both,3860,True,True
2294,male-cns:v0.9:26993,548.14685,473,FlyEM_Male_CNS_Brain_v0.9,m,JRC2018_Unisex_20x_HR,Brain,,,20191213_64_H5_Channel2.csv,26993,pC1_1b,pC1_1b_R,R,"Lee 2002, Rideout 2010, Nojima 2021: pC1; Cachero 2010: pMP-e; Yu 2010: pMP4",coexpress_high,Traced,,,both,2963,True,True
2296,male-cns:v0.9:29043,547.1265,233,FlyEM_Male_CNS_Brain_v0.9,m,JRC2018_Unisex_20x_HR,Brain,,,20191213_64_H5_Channel2.csv,29043,pC1_7a,pC1_7a_L,L,"Lee 2002, Rideout 2010, Nojima 2021: pC1; Cachero 2010: pMP-e; Yu 2010: pMP4",coexpress_low,Traced,,,both,3085,True,True
2306,male-cns:v0.9:514925,541.4448,451,FlyEM_Male_CNS_Brain_v0.9,m,JRC2018_Unisex_20x_HR,Brain,,,20191213_64_H5_Channel2.csv,514925,pC1_3b,pC1_3b_R,R,"Lee 2002, Rideout 2010, Nojima 2021: pC1; Cachero 2010: pMP-e; Yu 2010: pMP4",coexpress_high,Traced,,,both,,False,True
2308,male-cns:v0.9:555747,540.22107,370,FlyEM_Male_CNS_Brain_v0.9,m,JRC2018_Unisex_20x_HR,Brain,,,20191213_64_H5_Channel2.csv,555747,pC1_13c,pC1_13c_R,R,"Lee 2002, Rideout 2010, Nojima 2021: pC1",dsx_high,Traced,,,both,,False,True
2310,male-cns:v0.9:29483,537.71045,371,FlyEM_Male_CNS_Brain_v0.9,m,JRC2018_Unisex_20x_HR,Brain,,,20191213_64_H5_Channel2.csv,29483,pC1_5b,pC1_5b_R,R,"Lee 2002, Rideout 2010, Nojima 2021: pC1; Cachero 2010: pMP-e; Yu 2010: pMP4",coexpress_high,Traced,,,both,3118,True,True
2312,male-cns:v0.9:18990,537.4942,484,FlyEM_Male_CNS_Brain_v0.9,m,JRC2018_Unisex_20x_HR,Brain,,,20191213_64_H5_Channel2.csv,18990,pC1_11a,pC1_11a_L,L,"Lee 2002, Rideout 2010, Nojima 2021: pC1",dsx_high,Traced,,,both,2186,True,True
2322,male-cns:v0.9:524296,532.6735,472,FlyEM_Male_CNS_Brain_v0.9,m,JRC2018_Unisex_20x_HR,Brain,,,20191213_64_H5_Channel2.csv,524296,pC1_1a,pC1_1a_L,L,"Lee 2002, Rideout 2010, Nojima 2021: pC1; Cachero 2010: pMP-e; Yu 2010: pMP4",coexpress_high,Traced,,,both,4975,True,True
2336,male-cns:v0.9:30391,521.7392,387,FlyEM_Male_CNS_Brain_v0.9,m,JRC2018_Unisex_20x_HR,Brain,,,20191213_64_H5_Channel2.csv,30391,pC1_8b,pC1_8b_R,R,"Lee 2002, Rideout 2010, Nojima 2021: pC1",dsx_high,Traced,,,both,3163,True,True
2340,male-cns:v0.9:517735,520.4216,325,FlyEM_Male_CNS_Brain_v0.9,m,JRC2018_Unisex_20x_HR,Brain,,,20191213_64_H5_Channel2.csv,517735,pC1_6b,pC1_6b_L,L,"Lee 2002, Rideout 2010, Nojima 2021: pC1",coexpress_high,Traced,,,both,4575,True,True
2346,male-cns:v0.9:98113,517.74567,203,FlyEM_Male_CNS_Brain_v0.9,m,JRC2018_Unisex_20x_HR,Brain,,,20191213_64_H5_Channel2.csv,98113,pC1_19,pC1_19_L,L,"Lee 2002, Rideout 2010, Nojima 2021: pC1",dsx_high,Traced,,,both,3971,True,True
2355,male-cns:v0.9:127881,510.93408,226,FlyEM_Male_CNS_Brain_v0.9,m,JRC2018_Unisex_20x_HR,Brain,,,20191213_64_H5_Channel2.csv,127881,pC1_19,pC1_19_L,L,"Lee 2002, Rideout 2010, Nojima 2021: pC1",dsx_high,Traced,,,both,4068,True,True
2359,male-cns:v0.9:514077,508.62628,456,FlyEM_Male_CNS_Brain_v0.9,m,JRC2018_Unisex_20x_HR,Brain,,,20191213_64_H5_Channel2.csv,514077,pC1_11b,pC1_11b_L,L,"Lee 2002, Rideout 2010, Nojima 2021: pC1",dsx_high,Traced,,,both,4406,True,True
2363,male-cns:v0.9:59527,506.9546,243,FlyEM_Male_CNS_Brain_v0.9,m,JRC2018_Unisex_20x_HR,Brain,,,20191213_64_H5_Channel2.csv,59527,pC1_16a,pC1_16a_R,R,"Lee 2002, Rideout 2010, Nojima 2021: pC1; Cachero 2010: pMP-e; Yu 2010: pMP4",coexpress_high,Traced,,,both,,False,True
2371,male-cns:v0.9:33041,503.4457,268,FlyEM_Male_CNS_Brain_v0.9,m,JRC2018_Unisex_20x_HR,Brain,,,20191213_64_H5_Channel2.csv,33041,pC1_16b,pC1_16b_R,R,"Lee 2002, Rideout 2010, Nojima 2021: pC1; Cachero 2010: pMP-e; Yu 2010: pMP4",coexpress_high,Traced,,,both,,False,True
2374,male-cns:v0.9:23952,502.76913,274,FlyEM_Male_CNS_Brain_v0.9,m,JRC2018_Unisex_20x_HR,Brain,,,20191213_64_H5_Channel2.csv,23952,pC1_16a,pC1_16a_R,R,"Lee 2002, Rideout 2010, Nojima 2021: pC1; Cachero 2010: pMP-e; Yu 2010: pMP4",coexpress_high,Traced,,,both,2717,True,True
2383,male-cns:v0.9:526918,499.41287,472,FlyEM_Male_CNS_Brain_v0.9,m,JRC2018_Unisex_20x_HR,Brain,,,20191213_64_H5_Channel2.csv,526918,pC1_1a,pC1_1a_R,R,"Lee 2002, Rideout 2010, Nojima 2021: pC1; Cachero 2010: pMP-e; Yu 2010: pMP4",coexpress_high,Traced,,,both,5064,True,True
2393,male-cns:v0.9:20255,493.80286,387,FlyEM_Male_CNS_Brain_v0.9,m,JRC2018_Unisex_20x_HR,Brain,,,20191213_64_H5_Channel2.csv,20255,pC1_1a,pC1_1a_L,L,"Lee 2002, Rideout 2010, Nojima 2021: pC1; Cachero 2010: pMP-e; Yu 2010: pMP4",coexpress_high,Traced,,,both,2357,True,True
2404,male-cns:v0.9:170209,488.30502,235,FlyEM_Male_CNS_Brain_v0.9,m,JRC2018_Unisex_20x_HR,Brain,,,20191213_64_H5_Channel2.csv,170209,pC1_19,pC1_19_R,R,"Lee 2002, Rideout 2010, Nojima 2021: pC1",dsx_high,Traced,,,both,4142,True,True
2409,male-cns:v0.9:13655,485.64282,384,FlyEM_Male_CNS_Brain_v0.9,m,JRC2018_Unisex_20x_HR,Brain,,,20191213_64_H5_Channel2.csv,13655,pC1_11b,pC1_11b_R,R,"Lee 2002, Rideout 2010, Nojima 2021: pC1",dsx_high,Traced,,,both,1247,True,True
2428,male-cns:v0.9:53355,478.71988,217,FlyEM_Male_CNS_Brain_v0.9,m,JRC2018_Unisex_20x_HR,Brain,,,20191213_64_H5_Channel2.csv,53355,pC1_7a,pC1_7a_L,L,"Lee 2002, Rideout 2010, Nojima 2021: pC1; Cachero 2010: pMP-e; Yu 2010: pMP4",coexpress_low,Traced,,,both,3664,True,True
2476,male-cns:v0.9:68624,451.59412,251,FlyEM_Male_CNS_Brain_v0.9,m,JRC2018_Unisex_20x_HR,Brain,,,20191213_64_H5_Channel2.csv,68624,pC1_19,pC1_19_L,L,"Lee 2002, Rideout 2010, Nojima 2021: pC1",dsx_high,Traced,,,both,3783,True,True
2492,male-cns:v0.9:58786,444.25122,233,FlyEM_Male_CNS_Brain_v0.9,m,JRC2018_Unisex_20x_HR,Brain,,,20191213_64_H5_Channel2.csv,58786,pC1_16b,pC1_16b_R,R,"Lee 2002, Rideout 2010, Nojima 2021: pC1; Cachero 2010: pMP-e; Yu 2010: pMP4",coexpress_high,Traced,,,both,,False,True
2505,male-cns:v0.9:513129,437.628,151,FlyEM_Male_CNS_Brain_v0.9,m,JRC2018_Unisex_20x_HR,Brain,,,20191213_64_H5_Channel2.csv,513129,pC1_8b,pC1_8b_L,L,"Lee 2002, Rideout 2010, Nojima 2021: pC1",dsx_high,Traced,,,both,4341,True,True
2512,male-cns:v0.9:26833,434.35007,183,FlyEM_Male_CNS_Brain_v0.9,m,JRC2018_Unisex_20x_HR,Brain,,,20191213_64_H5_Channel2.csv,26833,pC1_16b,pC1_16b_L,L,"Lee 2002, Rideout 2010, Nojima 2021: pC1; Cachero 2010: pMP-e; Yu 2010: pMP4",coexpress_high,Traced,,,both,,False,True
2527,male-cns:v0.9:66610,427.80905,255,FlyEM_Male_CNS_Brain_v0.9,m,JRC2018_Unisex_20x_HR,Brain,,,20191213_64_H5_Channel2.csv,66610,pC1_16b,pC1_16b_R,R,"Lee 2002, Rideout 2010, Nojima 2021: pC1; Cachero 2010: pMP-e; Yu 2010: pMP4",coexpress_high,Traced,,,both,,False,True
2532,male-cns:v0.9:32950,426.22357,270,FlyEM_Male_CNS_Brain_v0.9,m,JRC2018_Unisex_20x_HR,Brain,,,20191213_64_H5_Channel2.csv,32950,pC1_5a,pC1_5a_R,R,"Lee 2002, Rideout 2010, Nojima 2021: pC1; Cachero 2010: pMP-e; Yu 2010: pMP4",coexpress_low,Traced,,,both,3254,True,True
2551,male-cns:v0.9:22818,419.78836,239,FlyEM_Male_CNS_Brain_v0.9,m,JRC2018_Unisex_20x_HR,Brain,,,20191213_64_H5_Channel2.csv,22818,pC1_17a,pC1_17a_R,R,"Lee 2002, Rideout 2010, Nojima 2021: pC1; Cachero 2010: pMP-e; Yu 2010: pMP4",coexpress_low,Traced,,,both,2626,True,True
2564,male-cns:v0.9:521453,416.2563,258,FlyEM_Male_CNS_Brain_v0.9,m,JRC2018_Unisex_20x_HR,Brain,,,20191213_64_H5_Channel2.csv,521453,pC1_6a,pC1_6a_L,L,Cachero 2010: pMP-e; Yu 2010: pMP4,coexpress_low,Traced,,,both,4798,True,True
2572,male-cns:v0.9:220200,410.5227,320,FlyEM_Male_CNS_Brain_v0.9,m,JRC2018_Unisex_20x_HR,Brain,,,20191213_64_H5_Channel2.csv,220200,pC1_13b,pC1_13b_R,R,"Lee 2002, Rideout 2010, Nojima 2021: pC1",dsx_high,Traced,,,both,4190,True,True
2581,male-cns:v0.9:16262,405.69482,473,FlyEM_Male_CNS_Brain_v0.9,m,JRC2018_Unisex_20x_HR,Brain,,,20191213_64_H5_Channel2.csv,16262,pC1_1b,pC1_1b_L,L,"Lee 2002, Rideout 2010, Nojima 2021: pC1; Cachero 2010: pMP-e; Yu 2010: pMP4",coexpress_high,Traced,,,both,1760,True,True
2632,male-cns:v0.9:67624,389.3955,250,FlyEM_Male_CNS_Brain_v0.9,m,JRC2018_Unisex_20x_HR,Brain,,,20191213_64_H5_Channel2.csv,67624,pC1_16a,pC1_16a_R,R,"Lee 2002, Rideout 2010, Nojima 2021: pC1; Cachero 2010: pMP-e; Yu 2010: pMP4",coexpress_high,Traced,,,both,,False,True
2634,male-cns:v0.9:25542,389.1064,393,FlyEM_Male_CNS_Brain_v0.9,m,JRC2018_Unisex_20x_HR,Brain,,,20191213_64_H5_Channel2.csv,25542,pC1_7a,pC1_7a_R,R,"Lee 2002, Rideout 2010, Nojima 2021: pC1; Cachero 2010: pMP-e; Yu 2010: pMP4",coexpress_low,Traced,,,both,2869,True,True
2646,male-cns:v0.9:555746,386.83344,344,FlyEM_Male_CNS_Brain_v0.9,m,JRC2018_Unisex_20x_HR,Brain,,,20191213_64_H5_Channel2.csv,555746,pC1_13b,pC1_13b_R,R,"Lee 2002, Rideout 2010, Nojima 2021: pC1",dsx_high,Traced,,,both,,False,True
2650,male-cns:v0.9:24623,383.73932,347,FlyEM_Male_CNS_Brain_v0.9,m,JRC2018_Unisex_20x_HR,Brain,,,20191213_64_H5_Channel2.csv,24623,pC1_6b,pC1_6b_R,R,"Lee 2002, Rideout 2010, Nojima 2021: pC1",coexpress_high,Traced,,,both,2786,True,True
2658,male-cns:v0.9:21507,377.0004,313,FlyEM_Male_CNS_Brain_v0.9,m,JRC2018_Unisex_20x_HR,Brain,,,20191213_64_H5_Channel2.csv,21507,pC1_6a,pC1_6a_R,R,Cachero 2010: pMP-e; Yu 2010: pMP4,coexpress_low,Traced,,,both,2499,True,True
2661,male-cns:v0.9:535835,374.32065,153,FlyEM_Male_CNS_Brain_v0.9,m,JRC2018_Unisex_20x_HR,Brain,,,20191213_64_H5_Channel2.csv,535835,pC1_16b,pC1_16b_L,L,"Lee 2002, Rideout 2010, Nojima 2021: pC1; Cachero 2010: pMP-e; Yu 2010: pMP4",coexpress_high,Traced,,,both,5222,True,True
2669,male-cns:v0.9:267996,372.51382,219,FlyEM_Male_CNS_Brain_v0.9,m,JRC2018_Unisex_20x_HR,Brain,,,20191213_64_H5_Channel2.csv,267996,pC1_9a,pC1_9a_R,R,,,Traced,,,both,,False,True
2686,male-cns:v0.9:26746,365.18982,306,FlyEM_Male_CNS_Brain_v0.9,m,JRC2018_Unisex_20x_HR,Brain,,,20191213_64_H5_Channel2.csv,26746,pC1_7b,pC1_7b_R,R,"Lee 2002, Rideout 2010, Nojima 2021: pC1; Cachero 2010: pMP-e; Yu 2010: pMP4",coexpress_low,Traced,,,both,2947,True,True
2697,male-cns:v0.9:32283,362.49622,240,FlyEM_Male_CNS_Brain_v0.9,m,JRC2018_Unisex_20x_HR,Brain,,,20191213_64_H5_Channel2.csv,32283,pC1_16b,pC1_16b_L,L,"Lee 2002, Rideout 2010, Nojima 2021: pC1; Cachero 2010: pMP-e; Yu 2010: pMP4",coexpress_high,Traced,,,both,,False,True
2725,male-cns:v0.9:71385,349.6257,319,FlyEM_Male_CNS_Brain_v0.9,m,JRC2018_Unisex_20x_HR,Brain,,,20191213_64_H5_Channel2.csv,71385,pC1_7a,pC1_7a_R,R,"Lee 2002, Rideout 2010, Nojima 2021: pC1; Cachero 2010: pMP-e; Yu 2010: pMP4",coexpress_low,Traced,,,both,3801,True,True
2728,male-cns:v0.9:528986,349.2846,297,FlyEM_Male_CNS_Brain_v0.9,m,JRC2018_Unisex_20x_HR,Brain,,,20191213_64_H5_Channel2.csv,528986,pC1_6a,pC1_6a_R,R,Cachero 2010: pMP-e; Yu 2010: pMP4,coexpress_low,Traced,,,both,5081,True,True
2753,male-cns:v0.9:517519,338.77856,344,FlyEM_Male_CNS_Brain_v0.9,m,JRC2018_Unisex_20x_HR,Brain,,,20191213_64_H5_Channel2.csv,517519,pC1_10b,pC1_10b_L,L,"Lee 2002, Rideout 2010, Nojima 2021: pC1",dsx_high,Traced,,,both,,False,True
2767,male-cns:v0.9:35202,336.00183,205,FlyEM_Male_CNS_Brain_v0.9,m,JRC2018_Unisex_20x_HR,Brain,,,20191213_64_H5_Channel2.csv,35202,pC1_17b,pC1_17b_R,R,"Lee 2002, Rideout 2010, Nojima 2021: pC1; Cachero 2010: pMP-e; Yu 2010: pMP4",coexpress_low,Traced,,,both,,False,True
2781,male-cns:v0.9:20597,330.00894,295,FlyEM_Male_CNS_Brain_v0.9,m,JRC2018_Unisex_20x_HR,Brain,,,20191213_64_H5_Channel2.csv,20597,pC1_6a,pC1_6a_R,R,Cachero 2010: pMP-e; Yu 2010: pMP4,coexpress_low,Traced,,,both,2397,True,True
2797,male-cns:v0.9:43592,327.2729,153,FlyEM_Male_CNS_Brain_v0.9,m,JRC2018_Unisex_20x_HR,Brain,,,20191213_64_H5_Channel2.csv,43592,pC1_7b,pC1_7b_R,R,"Lee 2002, Rideout 2010, Nojima 2021: pC1; Cachero 2010: pMP-e; Yu 2010: pMP4",coexpress_low,Traced,,,both,3537,True,True
2811,male-cns:v0.9:23651,323.98517,253,FlyEM_Male_CNS_Brain_v0.9,m,JRC2018_Unisex_20x_HR,Brain,,,20191213_64_H5_Channel2.csv,23651,pC1_17a,pC1_17a_R,R,"Lee 2002, Rideout 2010, Nojima 2021: pC1; Cachero 2010: pMP-e; Yu 2010: pMP4",coexpress_low,Traced,,,both,,False,True
2829,male-cns:v0.9:17098,316.75912,176,FlyEM_Male_CNS_Brain_v0.9,m,JRC2018_Unisex_20x_HR,Brain,,,20191213_64_H5_Channel2.csv,17098,pC1_6a,pC1_6a_L,L,Cachero 2010: pMP-e; Yu 2010: pMP4,coexpress_low,Traced,,,both,1904,True,True
2846,male-cns:v0.9:513652,308.9975,149,FlyEM_Male_CNS_Brain_v0.9,m,JRC2018_Unisex_20x_HR,Brain,,,20191213_64_H5_Channel2.csv,513652,pC1_7b,pC1_7b_L,L,"Lee 2002, Rideout 2010, Nojima 2021: pC1; Cachero 2010: pMP-e; Yu 2010: pMP4",coexpress_low,Traced,,,both,4376,True,True
2851,male-cns:v0.9:555751,308.18533,216,FlyEM_Male_CNS_Brain_v0.9,m,JRC2018_Unisex_20x_HR,Brain,,,20191213_64_H5_Channel2.csv,555751,pC1_9a,pC1_9a_R,R,,,Traced,,,both,,False,True
2860,male-cns:v0.9:55986,306.22955,203,FlyEM_Male_CNS_Brain_v0.9,m,JRC2018_Unisex_20x_HR,Brain,,,20191213_64_H5_Channel2.csv,55986,pC1_14a,pC1_14a_L,L,"Lee 2002, Rideout 2010, Nojima 2021: pC1; Cachero 2010: pMP-e; Yu 2010: pMP4",coexpress_low,Traced,,,both,3687,True,True
2890,male-cns:v0.9:41518,295.15488,304,FlyEM_Male_CNS_Brain_v0.9,m,JRC2018_Unisex_20x_HR,Brain,,,20191213_64_H5_Channel2.csv,41518,pC1_8c,pC1_8c_R,R,"Lee 2002, Rideout 2010, Nojima 2021: pC1",dsx_high,Traced,,,both,3499,True,True
2897,male-cns:v0.9:30546,293.5104,359,FlyEM_Male_CNS_Brain_v0.9,m,JRC2018_Unisex_20x_HR,Brain,,,20191213_64_H5_Channel2.csv,30546,pC1_10d,pC1_10d_R,R,"Lee 2002, Rideout 2010, Nojima 2021: pC1",dsx_high,Traced,,,both,3170,True,True
2904,male-cns:v0.9:47325,291.27228,284,FlyEM_Male_CNS_Brain_v0.9,m,JRC2018_Unisex_20x_HR,Brain,,,20191213_64_H5_Channel2.csv,47325,pC1_8c,pC1_8c_L,L,"Lee 2002, Rideout 2010, Nojima 2021: pC1",dsx_high,Traced,,,both,3596,True,True
2906,male-cns:v0.9:102224,290.52274,147,FlyEM_Male_CNS_Brain_v0.9,m,JRC2018_Unisex_20x_HR,Brain,,,20191213_64_H5_Channel2.csv,102224,pC1_5a,pC1_5a_L,L,"Lee 2002, Rideout 2010, Nojima 2021: pC1; Cachero 2010: pMP-e; Yu 2010: pMP4",coexpress_low,Traced,,,both,3990,True,True
2935,male-cns:v0.9:25345,282.90387,216,FlyEM_Male_CNS_Brain_v0.9,m,JRC2018_Unisex_20x_HR,Brain,,,20191213_64_H5_Channel2.csv,25345,pC1_9b,pC1_9b_R,R,,,Traced,,,both,,False,True
2948,male-cns:v0.9:32437,280.18225,145,FlyEM_Male_CNS_Brain_v0.9,m,JRC2018_Unisex_20x_HR,Brain,,,20191213_64_H5_Channel2.csv,32437,pC1_15a,pC1_15a_R,R,"Lee 2002, Rideout 2010, Nojima 2021: pC1; Cachero 2010: pMP-e; Yu 2010: pMP4",coexpress_high,Traced,,,both,3241,True,True
2968,male-cns:v0.9:518589,273.51697,359,FlyEM_Male_CNS_Brain_v0.9,m,JRC2018_Unisex_20x_HR,Brain,,,20191213_64_H5_Channel2.csv,518589,pC1_10c,pC1_10c_L,L,"Lee 2002, Rideout 2010, Nojima 2021: pC1",dsx_high,Traced,,,both,4601,True,True
2979,male-cns:v0.9:515977,270.49582,367,FlyEM_Male_CNS_Brain_v0.9,m,JRC2018_Unisex_20x_HR,Brain,,,20191213_64_H5_Channel2.csv,515977,pC1_10b,pC1_10b_R,R,"Lee 2002, Rideout 2010, Nojima 2021: pC1",dsx_high,Traced,,,both,4500,True,True
2986,male-cns:v0.9:19968,269.37585,356,FlyEM_Male_CNS_Brain_v0.9,m,JRC2018_Unisex_20x_HR,Brain,,,20191213_64_H5_Channel2.csv,19968,pC1_10d,pC1_10d_R,R,"Lee 2002, Rideout 2010, Nojima 2021: pC1",dsx_high,Traced,,,both,,False,True
2990,male-cns:v0.9:36545,267.89108,131,FlyEM_Male_CNS_Brain_v0.9,m,JRC2018_Unisex_20x_HR,Brain,,,20191213_64_H5_Channel2.csv,36545,pC1_17b,pC1_17b_R,R,"Lee 2002, Rideout 2010, Nojima 2021: pC1; Cachero 2010: pMP-e; Yu 2010: pMP4",coexpress_low,Traced,,,both,,False,True
2992,male-cns:v0.9:21538,267.5214,191,FlyEM_Male_CNS_Brain_v0.9,m,JRC2018_Unisex_20x_HR,Brain,,,20191213_64_H5_Channel2.csv,21538,pC1_13b,pC1_13b_L,L,"Lee 2002, Rideout 2010, Nojima 2021: pC1",dsx_high,Traced,,,both,2504,True,True
2993,male-cns:v0.9:156865,267.50717,169,FlyEM_Male_CNS_Brain_v0.9,m,JRC2018_Unisex_20x_HR,Brain,,,20191213_64_H5_Channel2.csv,156865,pC1_19,pC1_19_L,L,"Lee 2002, Rideout 2010, Nojima 2021: pC1",dsx_high,Traced,,,both,4123,True,True
3007,male-cns:v0.9:29214,262.75674,177,FlyEM_Male_CNS_Brain_v0.9,m,JRC2018_Unisex_20x_HR,Brain,,,20191213_64_H5_Channel2.csv,29214,pC1_14a,pC1_14a_R,R,"Lee 2002, Rideout 2010, Nojima 2021: pC1; Cachero 2010: pMP-e; Yu 2010: pMP4",coexpress_low,Traced,,,both,3097,True,True
3010,male-cns:v0.9:26543,261.5561,268,FlyEM_Male_CNS_Brain_v0.9,m,JRC2018_Unisex_20x_HR,Brain,,,20191213_64_H5_Channel2.csv,26543,pC1_6a,pC1_6a_L,L,Cachero 2010: pMP-e; Yu 2010: pMP4,coexpress_low,Traced,,,both,2934,True,True
3014,male-cns:v0.9:513654,260.58072,155,FlyEM_Male_CNS_Brain_v0.9,m,JRC2018_Unisex_20x_HR,Brain,,,20191213_64_H5_Channel2.csv,513654,pC1_16b,pC1_16b_L,L,"Lee 2002, Rideout 2010, Nojima 2021: pC1; Cachero 2010: pMP-e; Yu 2010: pMP4",coexpress_high,Traced,,,both,,False,True
3027,male-cns:v0.9:33553,256.27185,179,FlyEM_Male_CNS_Brain_v0.9,m,JRC2018_Unisex_20x_HR,Brain,,,20191213_64_H5_Channel2.csv,33553,pC1_14a,pC1_14a_R,R,"Lee 2002, Rideout 2010, Nojima 2021: pC1; Cachero 2010: pMP-e; Yu 2010: pMP4",coexpress_low,Traced,,,both,3279,True,True
3028,male-cns:v0.9:20580,255.9578,148,FlyEM_Male_CNS_Brain_v0.9,m,JRC2018_Unisex_20x_HR,Brain,,,20191213_64_H5_Channel2.csv,20580,pC1_10d,pC1_10d_L,L,"Lee 2002, Rideout 2010, Nojima 2021: pC1",dsx_high,Traced,,,both,,False,True
3039,male-cns:v0.9:30699,252.79628,324,FlyEM_Male_CNS_Brain_v0.9,m,JRC2018_Unisex_20x_HR,Brain,,,20191213_64_H5_Channel2.csv,30699,pC1_10b,pC1_10b_R,R,"Lee 2002, Rideout 2010, Nojima 2021: pC1",dsx_high,Traced,,,both,,False,True
3046,male-cns:v0.9:55136,250.43675,336,FlyEM_Male_CNS_Brain_v0.9,m,JRC2018_Unisex_20x_HR,Brain,,,20191213_64_H5_Channel2.csv,55136,pC1_10c,pC1_10c_L,L,"Lee 2002, Rideout 2010, Nojima 2021: pC1",dsx_high,Traced,,,both,,False,True
3126,male-cns:v0.9:25740,225.03516,239,FlyEM_Male_CNS_Brain_v0.9,m,JRC2018_Unisex_20x_HR,Brain,,,20191213_64_H5_Channel2.csv,25740,pC1_14b,pC1_14b_R,R,"Lee 2002, Rideout 2010, Nojima 2021: pC1; Cachero 2010: pMP-e; Yu 2010: pMP4",coexpress_low,Traced,,,both,2888,True,True
3207,male-cns:v0.9:23787,203.58717,219,FlyEM_Male_CNS_Brain_v0.9,m,JRC2018_Unisex_20x_HR,Brain,,,20191213_64_H5_Channel2.csv,23787,pC1_13c,pC1_13c_L,L,"Lee 2002, Rideout 2010, Nojima 2021: pC1",dsx_high,Traced,,,both,2700,True,True
3377,male-cns:v0.9:26153,172.55887,170,FlyEM_Male_CNS_Brain_v0.9,m,JRC2018_Unisex_20x_HR,Brain,,,20191213_64_H5_Channel2.csv,26153,pC1_10b,pC1_10b_L,L,"Lee 2002, Rideout 2010, Nojima 2021: pC1",dsx_high,Traced,,,both,,False,True
3444,male-cns:v0.9:516522,161.07224,176,FlyEM_Male_CNS_Brain_v0.9,m,JRC2018_Unisex_20x_HR,Brain,,,20191213_64_H5_Channel2.csv,516522,pC1_14a,pC1_14a_R,R,"Lee 2002, Rideout 2010, Nojima 2021: pC1; Cachero 2010: pMP-e; Yu 2010: pMP4",coexpress_low,Traced,,,both,4525,True,True
3600,male-cns:v0.9:17434,135.31418,174,FlyEM_Male_CNS_Brain_v0.9,m,JRC2018_Unisex_20x_HR,Brain,,,20191213_64_H5_Channel2.csv,17434,pC1_10c,pC1_10c_R,R,"Lee 2002, Rideout 2010, Nojima 2021: pC1",dsx_high,Traced,,,both,1958,True,True
3697,male-cns:v0.9:17702,122.60677,193,FlyEM_Male_CNS_Brain_v0.9,m,JRC2018_Unisex_20x_HR,Brain,,,20191213_64_H5_Channel2.csv,17702,pC1_10c,pC1_10c_R,R,"Lee 2002, Rideout 2010, Nojima 2021: pC1",dsx_high,Traced,,,both,,False,True
3,male-cns:v0.9:19948,23797.436,730,FlyEM_Male_CNS_Brain_v0.9,m,JRC2018_Unisex_20x_HR,Brain,,,20191213_64_H5_Channel3.csv,19948,pC1_3c,pC1_3c_R,R,"Lee 2002, Rideout 2010, Nojima 2021: pC1; Cachero 2010: pMP-e; Yu 2010: pMP4",coexpress_high,Traced,,,both,2318,True,True
6,male-cns:v0.9:12442,19291.691,615,FlyEM_Male_CNS_Brain_v0.9,m,JRC2018_Unisex_20x_HR,Brain,,,20191213_64_H5_Channel3.csv,12442,pC1_4a,pC1_4a_L,L,"Lee 2002, Rideout 2010, Nojima 2021: pC1",dsx_high,Traced,,,both,913,True,True
30,male-cns:v0.9:12448,15485.283,481,FlyEM_Male_CNS_Brain_v0.9,m,JRC2018_Unisex_20x_HR,Brain,,,20191213_64_H5_Channel3.csv,12448,pC1_18a,pC1_18a_L,L,"Lee 2002, Rideout 2010, Nojima 2021: pC1",dsx_low,Traced,,,both,916,True,True
53,male-cns:v0.9:20117,12594.039,570,FlyEM_Male_CNS_Brain_v0.9,m,JRC2018_Unisex_20x_HR,Brain,,,20191213_64_H5_Channel3.csv,20117,pC1_4a,pC1_4a_R,R,"Lee 2002, Rideout 2010, Nojima 2021: pC1",dsx_high,Traced,,,both,2341,True,True
54,male-cns:v0.9:519297,12532.73,433,FlyEM_Male_CNS_Brain_v0.9,m,JRC2018_Unisex_20x_HR,Brain,,,20191213_64_H5_Channel3.csv,519297,pC1_2a,pC1_2a_R,R,"Lee 2002, Rideout 2010, Nojima 2021: pC1; Cachero 2010: pMP-e; Yu 2010: pMP4",coexpress_high,Traced,,,both,,False,True
61,male-cns:v0.9:18017,12067.377,563,FlyEM_Male_CNS_Brain_v0.9,m,JRC2018_Unisex_20x_HR,Brain,,,20191213_64_H5_Channel3.csv,18017,pC1_3c,pC1_3c_L,L,"Lee 2002, Rideout 2010, Nojima 2021: pC1; Cachero 2010: pMP-e; Yu 2010: pMP4",coexpress_high,Traced,,,both,2055,True,True
63,male-cns:v0.9:170209,11968.725,342,FlyEM_Male_CNS_Brain_v0.9,m,JRC2018_Unisex_20x_HR,Brain,,,20191213_64_H5_Channel3.csv,170209,pC1_19,pC1_19_R,R,"Lee 2002, Rideout 2010, Nojima 2021: pC1",dsx_high,Traced,,,both,4142,True,True
99,male-cns:v0.9:17564,10440.923,571,FlyEM_Male_CNS_Brain_v0.9,m,JRC2018_Unisex_20x_HR,Brain,,,20191213_64_H5_Channel3.csv,17564,pC1_2a,pC1_2a_L,L,"Lee 2002, Rideout 2010, Nojima 2021: pC1; Cachero 2010: pMP-e; Yu 2010: pMP4",coexpress_high,Traced,,,both,,False,True
133,male-cns:v0.9:19650,9453.174,724,FlyEM_Male_CNS_Brain_v0.9,m,JRC2018_Unisex_20x_HR,Brain,,,20191213_64_H5_Channel3.csv,19650,pC1_3a,pC1_3a_L,L,"Lee 2002, Rideout 2010, Nojima 2021: pC1; Cachero 2010: pMP-e; Yu 2010: pMP4",coexpress_high,Traced,,,both,2279,True,True
138,male-cns:v0.9:20392,9295.333,705,FlyEM_Male_CNS_Brain_v0.9,m,JRC2018_Unisex_20x_HR,Brain,,,20191213_64_H5_Channel3.csv,20392,pC1_2c,pC1_2c_R,R,"Lee 2002, Rideout 2010, Nojima 2021: pC1; Cachero 2010: pMP-e; Yu 2010: pMP4",coexpress_high,Traced,,,both,2364,True,True
139,male-cns:v0.9:522419,9292.418,723,FlyEM_Male_CNS_Brain_v0.9,m,JRC2018_Unisex_20x_HR,Brain,,,20191213_64_H5_Channel3.csv,522419,pC1_4a,pC1_4a_L,L,"Lee 2002, Rideout 2010, Nojima 2021: pC1",dsx_high,Traced,,,both,4859,True,True
142,male-cns:v0.9:13266,9146.452,607,FlyEM_Male_CNS_Brain_v0.9,m,JRC2018_Unisex_20x_HR,Brain,,,20191213_64_H5_Channel3.csv,13266,pC1_3b,pC1_3b_L,L,"Lee 2002, Rideout 2010, Nojima 2021: pC1; Cachero 2010: pMP-e; Yu 2010: pMP4",coexpress_high,Traced,,,both,1152,True,True
190,male-cns:v0.9:20803,7832.4937,433,FlyEM_Male_CNS_Brain_v0.9,m,JRC2018_Unisex_20x_HR,Brain,,,20191213_64_H5_Channel3.csv,20803,pC1_4a,pC1_4a_R,R,"Lee 2002, Rideout 2010, Nojima 2021: pC1",dsx_high,Traced,,,both,2427,True,True
286,male-cns:v0.9:532011,6273.514,351,FlyEM_Male_CNS_Brain_v0.9,m,JRC2018_Unisex_20x_HR,Brain,,,20191213_64_H5_Channel3.csv,532011,pC1_18a,pC1_18a_R,R,"Lee 2002, Rideout 2010, Nojima 2021: pC1",dsx_low,Traced,,,both,,False,True
289,male-cns:v0.9:19894,6211.587,537,FlyEM_Male_CNS_Brain_v0.9,m,JRC2018_Unisex_20x_HR,Brain,,,20191213_64_H5_Channel3.csv,19894,pC1_3c,pC1_3c_R,R,"Lee 2002, Rideout 2010, Nojima 2021: pC1; Cachero 2010: pMP-e; Yu 2010: pMP4",coexpress_high,Traced,,,both,,False,True
317,male-cns:v0.9:15329,5860.2954,542,FlyEM_Male_CNS_Brain_v0.9,m,JRC2018_Unisex_20x_HR,Brain,,,20191213_64_H5_Channel3.csv,15329,pC1_2a,pC1_2a_R,R,"Lee 2002, Rideout 2010, Nojima 2021: pC1; Cachero 2010: pMP-e; Yu 2010: pMP4",coexpress_high,Traced,,,both,,False,True
382,male-cns:v0.9:23968,5305.57,539,FlyEM_Male_CNS_Brain_v0.9,m,JRC2018_Unisex_20x_HR,Brain,,,20191213_64_H5_Channel3.csv,23968,pC1_4a,pC1_4a_R,R,"Lee 2002, Rideout 2010, Nojima 2021: pC1",dsx_high,Traced,,,both,2720,True,True
383,male-cns:v0.9:13495,5276.302,606,FlyEM_Male_CNS_Brain_v0.9,m,JRC2018_Unisex_20x_HR,Brain,,,20191213_64_H5_Channel3.csv,13495,pC1_11a,pC1_11a_R,R,"Lee 2002, Rideout 2010, Nojima 2021: pC1",dsx_high,Traced,,,both,1207,True,True
432,male-cns:v0.9:514925,4909.904,658,FlyEM_Male_CNS_Brain_v0.9,m,JRC2018_Unisex_20x_HR,Brain,,,20191213_64_H5_Channel3.csv,514925,pC1_3b,pC1_3b_R,R,"Lee 2002, Rideout 2010, Nojima 2021: pC1; Cachero 2010: pMP-e; Yu 2010: pMP4",coexpress_high,Traced,,,both,,False,True
436,male-cns:v0.9:557035,4856.8315,320,FlyEM_Male_CNS_Brain_v0.9,m,JRC2018_Unisex_20x_HR,Brain,,,20191213_64_H5_Channel3.csv,557035,pC1_5b,pC1_5b_L,L,"Lee 2002, Rideout 2010, Nojima 2021: pC1; Cachero 2010: pMP-e; Yu 2010: pMP4",coexpress_high,Traced,,,both,5296,True,True
484,male-cns:v0.9:519518,4552.025,487,FlyEM_Male_CNS_Brain_v0.9,m,JRC2018_Unisex_20x_HR,Brain,,,20191213_64_H5_Channel3.csv,519518,pC1_4a,pC1_4a_L,L,"Lee 2002, Rideout 2010, Nojima 2021: pC1",dsx_high,Traced,,,both,4646,True,True
493,male-cns:v0.9:98113,4499.103,301,FlyEM_Male_CNS_Brain_v0.9,m,JRC2018_Unisex_20x_HR,Brain,,,20191213_64_H5_Channel3.csv,98113,pC1_19,pC1_19_L,L,"Lee 2002, Rideout 2010, Nojima 2021: pC1",dsx_high,Traced,,,both,3971,True,True
512,male-cns:v0.9:17867,4401.1846,645,FlyEM_Male_CNS_Brain_v0.9,m,JRC2018_Unisex_20x_HR,Brain,,,20191213_64_H5_Channel3.csv,17867,pC1_4b,pC1_4b_L,L,"Lee 2002, Rideout 2010, Nojima 2021: pC1",dsx_high,Traced,,,both,2029,True,True
515,male-cns:v0.9:16719,4374.693,419,FlyEM_Male_CNS_Brain_v0.9,m,JRC2018_Unisex_20x_HR,Brain,,,20191213_64_H5_Channel3.csv,16719,pC1_4b,pC1_4b_R,R,"Lee 2002, Rideout 2010, Nojima 2021: pC1",dsx_high,Traced,,,both,1836,True,True
529,male-cns:v0.9:127881,4323.7666,362,FlyEM_Male_CNS_Brain_v0.9,m,JRC2018_Unisex_20x_HR,Brain,,,20191213_64_H5_Channel3.csv,127881,pC1_19,pC1_19_L,L,"Lee 2002, Rideout 2010, Nojima 2021: pC1",dsx_high,Traced,,,both,4068,True,True
563,male-cns:v0.9:19136,4134.2046,689,FlyEM_Male_CNS_Brain_v0.9,m,JRC2018_Unisex_20x_HR,Brain,,,20191213_64_H5_Channel3.csv,19136,pC1_3c,pC1_3c_L,L,"Lee 2002, Rideout 2010, Nojima 2021: pC1; Cachero 2010: pMP-e; Yu 2010: pMP4",coexpress_high,Traced,,,both,2210,True,True
663,male-cns:v0.9:18974,3728.959,437,FlyEM_Male_CNS_Brain_v0.9,m,JRC2018_Unisex_20x_HR,Brain,,,20191213_64_H5_Channel3.csv,18974,pC1_3a,pC1_3a_R,R,"Lee 2002, Rideout 2010, Nojima 2021: pC1; Cachero 2010: pMP-e; Yu 2010: pMP4",coexpress_high,Traced,,,both,2182,True,True
785,male-cns:v0.9:79642,3191.6406,283,FlyEM_Male_CNS_Brain_v0.9,m,JRC2018_Unisex_20x_HR,Brain,,,20191213_64_H5_Channel3.csv,79642,pC1_19,pC1_19_R,R,"Lee 2002, Rideout 2010, Nojima 2021: pC1",dsx_high,Traced,,,both,3860,True,True
802,male-cns:v0.9:26833,3136.3328,293,FlyEM_Male_CNS_Brain_v0.9,m,JRC2018_Unisex_20x_HR,Brain,,,20191213_64_H5_Channel3.csv,26833,pC1_16b,pC1_16b_L,L,"Lee 2002, Rideout 2010, Nojima 2021: pC1; Cachero 2010: pMP-e; Yu 2010: pMP4",coexpress_high,Traced,,,both,,False,True
808,male-cns:v0.9:517735,3107.9421,403,FlyEM_Male_CNS_Brain_v0.9,m,JRC2018_Unisex_20x_HR,Brain,,,20191213_64_H5_Channel3.csv,517735,pC1_6b,pC1_6b_L,L,"Lee 2002, Rideout 2010, Nojima 2021: pC1",coexpress_high,Traced,,,both,4575,True,True
813,male-cns:v0.9:17851,3092.5803,736,FlyEM_Male_CNS_Brain_v0.9,m,JRC2018_Unisex_20x_HR,Brain,,,20191213_64_H5_Channel3.csv,17851,pC1_12b,pC1_12b_L,L,"Lee 2002, Rideout 2010, Nojima 2021: pC1",dsx_high,Traced,,,both,2027,True,True
821,male-cns:v0.9:512011,3079.5884,571,FlyEM_Male_CNS_Brain_v0.9,m,JRC2018_Unisex_20x_HR,Brain,,,20191213_64_H5_Channel3.csv,512011,pC1_12a,pC1_12a_R,R,"Lee 2002, Rideout 2010, Nojima 2021: pC1; Cachero 2010: pMP-e; Yu 2010: pMP4",coexpress_low,Traced,,,both,4267,True,True
866,male-cns:v0.9:32788,2943.6248,278,FlyEM_Male_CNS_Brain_v0.9,m,JRC2018_Unisex_20x_HR,Brain,,,20191213_64_H5_Channel3.csv,32788,pC1_18b,pC1_18b_R,R,"Lee 2002, Rideout 2010, Nojima 2021: pC1",dsx_low,Traced,,,both,3248,True,True
879,male-cns:v0.9:29483,2891.7202,373,FlyEM_Male_CNS_Brain_v0.9,m,JRC2018_Unisex_20x_HR,Brain,,,20191213_64_H5_Channel3.csv,29483,pC1_5b,pC1_5b_R,R,"Lee 2002, Rideout 2010, Nojima 2021: pC1; Cachero 2010: pMP-e; Yu 2010: pMP4",coexpress_high,Traced,,,both,3118,True,True
907,male-cns:v0.9:513650,2801.4502,497,FlyEM_Male_CNS_Brain_v0.9,m,JRC2018_Unisex_20x_HR,Brain,,,20191213_64_H5_Channel3.csv,513650,pC1_12a,pC1_12a_L,L,"Lee 2002, Rideout 2010, Nojima 2021: pC1; Cachero 2010: pMP-e; Yu 2010: pMP4",coexpress_low,Traced,,,both,4374,True,True
913,male-cns:v0.9:125721,2774.2837,338,FlyEM_Male_CNS_Brain_v0.9,m,JRC2018_Unisex_20x_HR,Brain,,,20191213_64_H5_Channel3.csv,125721,pC1_19,pC1_19_R,R,"Lee 2002, Rideout 2010, Nojima 2021: pC1",dsx_high,Traced,,,both,4063,True,True
922,male-cns:v0.9:18554,2739.4084,388,FlyEM_Male_CNS_Brain_v0.9,m,JRC2018_Unisex_20x_HR,Brain,,,20191213_64_H5_Channel3.csv,18554,pC1_12b,pC1_12b_R,R,"Lee 2002, Rideout 2010, Nojima 2021: pC1",dsx_high,Traced,,,both,2125,True,True
943,male-cns:v0.9:13562,2679.3472,563,FlyEM_Male_CNS_Brain_v0.9,m,JRC2018_Unisex_20x_HR,Brain,,,20191213_64_H5_Channel3.csv,13562,pC1_12b,pC1_12b_L,L,"Lee 2002, Rideout 2010, Nojima 2021: pC1",dsx_high,Traced,,,both,1219,True,True
950,male-cns:v0.9:68624,2644.9744,352,FlyEM_Male_CNS_Brain_v0.9,m,JRC2018_Unisex_20x_HR,Brain,,,20191213_64_H5_Channel3.csv,68624,pC1_19,pC1_19_L,L,"Lee 2002, Rideout 2010, Nojima 2021: pC1",dsx_high,Traced,,,both,3783,True,True
954,male-cns:v0.9:518253,2634.4949,418,FlyEM_Male_CNS_Brain_v0.9,m,JRC2018_Unisex_20x_HR,Brain,,,20191213_64_H5_Channel3.csv,518253,pC1_18b,pC1_18b_L,L,"Lee 2002, Rideout 2010, Nojima 2021: pC1",dsx_low,Traced,,,both,4592,True,True
966,male-cns:v0.9:29143,2617.8704,265,FlyEM_Male_CNS_Brain_v0.9,m,JRC2018_Unisex_20x_HR,Brain,,,20191213_64_H5_Channel3.csv,29143,pC1_5b,pC1_5b_R,R,"Lee 2002, Rideout 2010, Nojima 2021: pC1; Cachero 2010: pMP-e; Yu 2010: pMP4",coexpress_high,Traced,,,both,3091,True,True
992,male-cns:v0.9:30391,2557.142,332,FlyEM_Male_CNS_Brain_v0.9,m,JRC2018_Unisex_20x_HR,Brain,,,20191213_64_H5_Channel3.csv,30391,pC1_8b,pC1_8b_R,R,"Lee 2002, Rideout 2010, Nojima 2021: pC1",dsx_high,Traced,,,both,3163,True,True
998,male-cns:v0.9:58786,2542.541,339,FlyEM_Male_CNS_Brain_v0.9,m,JRC2018_Unisex_20x_HR,Brain,,,20191213_64_H5_Channel3.csv,58786,pC1_16b,pC1_16b_R,R,"Lee 2002, Rideout 2010, Nojima 2021: pC1; Cachero 2010: pMP-e; Yu 2010: pMP4",coexpress_high,Traced,,,both,,False,True
1008,male-cns:v0.9:17089,2511.2747,588,FlyEM_Male_CNS_Brain_v0.9,m,JRC2018_Unisex_20x_HR,Brain,,,20191213_64_H5_Channel3.csv,17089,pC1_12b,pC1_12b_R,R,"Lee 2002, Rideout 2010, Nojima 2021: pC1",dsx_high,Traced,,,both,1900,True,True
1030,male-cns:v0.9:33041,2457.5793,349,FlyEM_Male_CNS_Brain_v0.9,m,JRC2018_Unisex_20x_HR,Brain,,,20191213_64_H5_Channel3.csv,33041,pC1_16b,pC1_16b_R,R,"Lee 2002, Rideout 2010, Nojima 2021: pC1; Cachero 2010: pMP-e; Yu 2010: pMP4",coexpress_high,Traced,,,both,,False,True
1039,male-cns:v0.9:524747,2426.6235,567,FlyEM_Male_CNS_Brain_v0.9,m,JRC2018_Unisex_20x_HR,Brain,,,20191213_64_H5_Channel3.csv,524747,pC1_2a,pC1_2a_L,L,"Lee 2002, Rideout 2010, Nojima 2021: pC1; Cachero 2010: pMP-e; Yu 2010: pMP4",coexpress_high,Traced,,,both,5000,True,True
1163,male-cns:v0.9:19705,2158.181,678,FlyEM_Male_CNS_Brain_v0.9,m,JRC2018_Unisex_20x_HR,Brain,,,20191213_64_H5_Channel3.csv,19705,pC1_2b,pC1_2b_R,R,"Lee 2002, Rideout 2010, Nojima 2021: pC1; Cachero 2010: pMP-e; Yu 2010: pMP4",coexpress_high,Traced,,,both,2287,True,True
1185,male-cns:v0.9:70011,2110.1233,424,FlyEM_Male_CNS_Brain_v0.9,m,JRC2018_Unisex_20x_HR,Brain,,,20191213_64_H5_Channel3.csv,70011,pC1_5b,pC1_5b_L,L,"Lee 2002, Rideout 2010, Nojima 2021: pC1; Cachero 2010: pMP-e; Yu 2010: pMP4",coexpress_high,Traced,,,both,3792,True,True
1212,male-cns:v0.9:17387,2046.4132,332,FlyEM_Male_CNS_Brain_v0.9,m,JRC2018_Unisex_20x_HR,Brain,,,20191213_64_H5_Channel3.csv,17387,pC1_2a/2b,pC1_2a/2b_R,R,"Lee 2002, Rideout 2010, Nojima 2021: pC1; Cachero 2010: pMP-e; Yu 2010: pMP4",coexpress_high,Traced,,,both,,False,True
1232,male-cns:v0.9:26993,2016.2946,340,FlyEM_Male_CNS_Brain_v0.9,m,JRC2018_Unisex_20x_HR,Brain,,,20191213_64_H5_Channel3.csv,26993,pC1_1b,pC1_1b_R,R,"Lee 2002, Rideout 2010, Nojima 2021: pC1; Cachero 2010: pMP-e; Yu 2010: pMP4",coexpress_high,Traced,,,both,2963,True,True
1236,male-cns:v0.9:19085,2008.6514,282,FlyEM_Male_CNS_Brain_v0.9,m,JRC2018_Unisex_20x_HR,Brain,,,20191213_64_H5_Channel3.csv,19085,pC1_1a,pC1_1a_R,R,"Lee 2002, Rideout 2010, Nojima 2021: pC1; Cachero 2010: pMP-e; Yu 2010: pMP4",coexpress_high,Traced,,,both,,False,True
1239,male-cns:v0.9:514077,2001.155,600,FlyEM_Male_CNS_Brain_v0.9,m,JRC2018_Unisex_20x_HR,Brain,,,20191213_64_H5_Channel3.csv,514077,pC1_11b,pC1_11b_L,L,"Lee 2002, Rideout 2010, Nojima 2021: pC1",dsx_high,Traced,,,both,4406,True,True
1251,male-cns:v0.9:15035,1977.697,434,FlyEM_Male_CNS_Brain_v0.9,m,JRC2018_Unisex_20x_HR,Brain,,,20191213_64_H5_Channel3.csv,15035,pC1_18b,pC1_18b_R,R,"Lee 2002, Rideout 2010, Nojima 2021: pC1",dsx_low,Traced,,,both,1535,True,True
1293,male-cns:v0.9:87497,1896.4662,400,FlyEM_Male_CNS_Brain_v0.9,m,JRC2018_Unisex_20x_HR,Brain,,,20191213_64_H5_Channel3.csv,87497,pC1_18b,pC1_18b_L,L,"Lee 2002, Rideout 2010, Nojima 2021: pC1",dsx_low,Traced,,,both,3912,True,True
1311,male-cns:v0.9:18913,1861.0652,641,FlyEM_Male_CNS_Brain_v0.9,m,JRC2018_Unisex_20x_HR,Brain,,,20191213_64_H5_Channel3.csv,18913,pC1_2b,pC1_2b_L,L,"Lee 2002, Rideout 2010, Nojima 2021: pC1; Cachero 2010: pMP-e; Yu 2010: pMP4",coexpress_high,Traced,,,both,2174,True,True
1319,male-cns:v0.9:22093,1855.3674,514,FlyEM_Male_CNS_Brain_v0.9,m,JRC2018_Unisex_20x_HR,Brain,,,20191213_64_H5_Channel3.csv,22093,pC1_2c,pC1_2c_L,L,"Lee 2002, Rideout 2010, Nojima 2021: pC1; Cachero 2010: pMP-e; Yu 2010: pMP4",coexpress_high,Traced,,,both,2558,True,True
1361,male-cns:v0.9:18990,1780.2966,569,FlyEM_Male_CNS_Brain_v0.9,m,JRC2018_Unisex_20x_HR,Brain,,,20191213_64_H5_Channel3.csv,18990,pC1_11a,pC1_11a_L,L,"Lee 2002, Rideout 2010, Nojima 2021: pC1",dsx_high,Traced,,,both,2186,True,True
1381,male-cns:v0.9:25746,1753.1362,363,FlyEM_Male_CNS_Brain_v0.9,m,JRC2018_Unisex_20x_HR,Brain,,,20191213_64_H5_Channel3.csv,25746,pC1_16b,pC1_16b_R,R,"Lee 2002, Rideout 2010, Nojima 2021: pC1; Cachero 2010: pMP-e; Yu 2010: pMP4",coexpress_high,Traced,,,both,,False,True
1422,male-cns:v0.9:29280,1678.5675,498,FlyEM_Male_CNS_Brain_v0.9,m,JRC2018_Unisex_20x_HR,Brain,,,20191213_64_H5_Channel3.csv,29280,pC1_1a,pC1_1a_R,R,"Lee 2002, Rideout 2010, Nojima 2021: pC1; Cachero 2010: pMP-e; Yu 2010: pMP4",coexpress_high,Traced,,,both,,False,True
1424,male-cns:v0.9:66610,1676.8264,367,FlyEM_Male_CNS_Brain_v0.9,m,JRC2018_Unisex_20x_HR,Brain,,,20191213_64_H5_Channel3.csv,66610,pC1_16b,pC1_16b_R,R,"Lee 2002, Rideout 2010, Nojima 2021: pC1; Cachero 2010: pMP-e; Yu 2010: pMP4",coexpress_high,Traced,,,both,,False,True
1496,male-cns:v0.9:20255,1565.0394,432,FlyEM_Male_CNS_Brain_v0.9,m,JRC2018_Unisex_20x_HR,Brain,,,20191213_64_H5_Channel3.csv,20255,pC1_1a,pC1_1a_L,L,"Lee 2002, Rideout 2010, Nojima 2021: pC1; Cachero 2010: pMP-e; Yu 2010: pMP4",coexpress_high,Traced,,,both,2357,True,True
1529,male-cns:v0.9:13655,1504.6918,449,FlyEM_Male_CNS_Brain_v0.9,m,JRC2018_Unisex_20x_HR,Brain,,,20191213_64_H5_Channel3.csv,13655,pC1_11b,pC1_11b_R,R,"Lee 2002, Rideout 2010, Nojima 2021: pC1",dsx_high,Traced,,,both,1247,True,True
1541,male-cns:v0.9:32950,1485.3146,321,FlyEM_Male_CNS_Brain_v0.9,m,JRC2018_Unisex_20x_HR,Brain,,,20191213_64_H5_Channel3.csv,32950,pC1_5a,pC1_5a_R,R,"Lee 2002, Rideout 2010, Nojima 2021: pC1; Cachero 2010: pMP-e; Yu 2010: pMP4",coexpress_low,Traced,,,both,3254,True,True
1554,male-cns:v0.9:24623,1467.4229,396,FlyEM_Male_CNS_Brain_v0.9,m,JRC2018_Unisex_20x_HR,Brain,,,20191213_64_H5_Channel3.csv,24623,pC1_6b,pC1_6b_R,R,"Lee 2002, Rideout 2010, Nojima 2021: pC1",coexpress_high,Traced,,,both,2786,True,True
1589,male-cns:v0.9:15208,1404.6001,459,FlyEM_Male_CNS_Brain_v0.9,m,JRC2018_Unisex_20x_HR,Brain,,,20191213_64_H5_Channel3.csv,15208,pC1_1a,pC1_1a_L,L,"Lee 2002, Rideout 2010, Nojima 2021: pC1; Cachero 2010: pMP-e; Yu 2010: pMP4",coexpress_high,Traced,,,both,1565,True,True
1615,male-cns:v0.9:519914,1359.5619,459,FlyEM_Male_CNS_Brain_v0.9,m,JRC2018_Unisex_20x_HR,Brain,,,20191213_64_H5_Channel3.csv,519914,pC1_1a,pC1_1a_L,L,"Lee 2002, Rideout 2010, Nojima 2021: pC1; Cachero 2010: pMP-e; Yu 2010: pMP4",coexpress_high,Traced,,,both,4678,True,True
1618,male-cns:v0.9:21507,1350.4956,373,FlyEM_Male_CNS_Brain_v0.9,m,JRC2018_Unisex_20x_HR,Brain,,,20191213_64_H5_Channel3.csv,21507,pC1_6a,pC1_6a_R,R,Cachero 2010: pMP-e; Yu 2010: pMP4,coexpress_low,Traced,,,both,2499,True,True
1622,male-cns:v0.9:555751,1333.8151,234,FlyEM_Male_CNS_Brain_v0.9,m,JRC2018_Unisex_20x_HR,Brain,,,20191213_64_H5_Channel3.csv,555751,pC1_9a,pC1_9a_R,R,,,Traced,,,both,,False,True
1623,male-cns:v0.9:25542,1333.3562,277,FlyEM_Male_CNS_Brain_v0.9,m,JRC2018_Unisex_20x_HR,Brain,,,20191213_64_H5_Channel3.csv,25542,pC1_7a,pC1_7a_R,R,"Lee 2002, Rideout 2010, Nojima 2021: pC1; Cachero 2010: pMP-e; Yu 2010: pMP4",coexpress_low,Traced,,,both,2869,True,True
1627,male-cns:v0.9:517519,1328.4717,403,FlyEM_Male_CNS_Brain_v0.9,m,JRC2018_Unisex_20x_HR,Brain,,,20191213_64_H5_Channel3.csv,517519,pC1_10b,pC1_10b_L,L,"Lee 2002, Rideout 2010, Nojima 2021: pC1",dsx_high,Traced,,,both,,False,True
1641,male-cns:v0.9:22818,1305.4865,175,FlyEM_Male_CNS_Brain_v0.9,m,JRC2018_Unisex_20x_HR,Brain,,,20191213_64_H5_Channel3.csv,22818,pC1_17a,pC1_17a_R,R,"Lee 2002, Rideout 2010, Nojima 2021: pC1; Cachero 2010: pMP-e; Yu 2010: pMP4",coexpress_low,Traced,,,both,2626,True,True
1647,male-cns:v0.9:59527,1301.4127,276,FlyEM_Male_CNS_Brain_v0.9,m,JRC2018_Unisex_20x_HR,Brain,,,20191213_64_H5_Channel3.csv,59527,pC1_16a,pC1_16a_R,R,"Lee 2002, Rideout 2010, Nojima 2021: pC1; Cachero 2010: pMP-e; Yu 2010: pMP4",coexpress_high,Traced,,,both,,False,True
1669,male-cns:v0.9:524296,1268.403,457,FlyEM_Male_CNS_Brain_v0.9,m,JRC2018_Unisex_20x_HR,Brain,,,20191213_64_H5_Channel3.csv,524296,pC1_1a,pC1_1a_L,L,"Lee 2002, Rideout 2010, Nojima 2021: pC1; Cachero 2010: pMP-e; Yu 2010: pMP4",coexpress_high,Traced,,,both,4975,True,True
1678,male-cns:v0.9:555747,1261.2936,454,FlyEM_Male_CNS_Brain_v0.9,m,JRC2018_Unisex_20x_HR,Brain,,,20191213_64_H5_Channel3.csv,555747,pC1_13c,pC1_13c_R,R,"Lee 2002, Rideout 2010, Nojima 2021: pC1",dsx_high,Traced,,,both,,False,True
1694,male-cns:v0.9:25345,1237.5416,447,FlyEM_Male_CNS_Brain_v0.9,m,JRC2018_Unisex_20x_HR,Brain,,,20191213_64_H5_Channel3.csv,25345,pC1_9b,pC1_9b_R,R,,,Traced,,,both,,False,True
1718,male-cns:v0.9:23952,1206.2784,237,FlyEM_Male_CNS_Brain_v0.9,m,JRC2018_Unisex_20x_HR,Brain,,,20191213_64_H5_Channel3.csv,23952,pC1_16a,pC1_16a_R,R,"Lee 2002, Rideout 2010, Nojima 2021: pC1; Cachero 2010: pMP-e; Yu 2010: pMP4",coexpress_high,Traced,,,both,2717,True,True
1731,male-cns:v0.9:26746,1193.6727,247,FlyEM_Male_CNS_Brain_v0.9,m,JRC2018_Unisex_20x_HR,Brain,,,20191213_64_H5_Channel3.csv,26746,pC1_7b,pC1_7b_R,R,"Lee 2002, Rideout 2010, Nojima 2021: pC1; Cachero 2010: pMP-e; Yu 2010: pMP4",coexpress_low,Traced,,,both,2947,True,True
1743,male-cns:v0.9:43592,1169.7327,158,FlyEM_Male_CNS_Brain_v0.9,m,JRC2018_Unisex_20x_HR,Brain,,,20191213_64_H5_Channel3.csv,43592,pC1_7b,pC1_7b_R,R,"Lee 2002, Rideout 2010, Nojima 2021: pC1; Cachero 2010: pMP-e; Yu 2010: pMP4",coexpress_low,Traced,,,both,3537,True,True
1751,male-cns:v0.9:526918,1159.7296,457,FlyEM_Male_CNS_Brain_v0.9,m,JRC2018_Unisex_20x_HR,Brain,,,20191213_64_H5_Channel3.csv,526918,pC1_1a,pC1_1a_R,R,"Lee 2002, Rideout 2010, Nojima 2021: pC1; Cachero 2010: pMP-e; Yu 2010: pMP4",coexpress_high,Traced,,,both,5064,True,True
1766,male-cns:v0.9:513129,1139.4432,318,FlyEM_Male_CNS_Brain_v0.9,m,JRC2018_Unisex_20x_HR,Brain,,,20191213_64_H5_Channel3.csv,513129,pC1_8b,pC1_8b_L,L,"Lee 2002, Rideout 2010, Nojima 2021: pC1",dsx_high,Traced,,,both,4341,True,True
1794,male-cns:v0.9:29043,1097.5701,387,FlyEM_Male_CNS_Brain_v0.9,m,JRC2018_Unisex_20x_HR,Brain,,,20191213_64_H5_Channel3.csv,29043,pC1_7a,pC1_7a_L,L,"Lee 2002, Rideout 2010, Nojima 2021: pC1; Cachero 2010: pMP-e; Yu 2010: pMP4",coexpress_low,Traced,,,both,3085,True,True
1810,male-cns:v0.9:20751,1075.2808,294,FlyEM_Male_CNS_Brain_v0.9,m,JRC2018_Unisex_20x_HR,Brain,,,20191213_64_H5_Channel3.csv,20751,pC1_16a,pC1_16a_L,L,"Lee 2002, Rideout 2010, Nojima 2021: pC1; Cachero 2010: pMP-e; Yu 2010: pMP4",coexpress_high,Traced,,,both,2422,True,True
1819,male-cns:v0.9:528986,1062.527,313,FlyEM_Male_CNS_Brain_v0.9,m,JRC2018_Unisex_20x_HR,Brain,,,20191213_64_H5_Channel3.csv,528986,pC1_6a,pC1_6a_R,R,Cachero 2010: pMP-e; Yu 2010: pMP4,coexpress_low,Traced,,,both,5081,True,True
1884,male-cns:v0.9:20597,987.20856,341,FlyEM_Male_CNS_Brain_v0.9,m,JRC2018_Unisex_20x_HR,Brain,,,20191213_64_H5_Channel3.csv,20597,pC1_6a,pC1_6a_R,R,Cachero 2010: pMP-e; Yu 2010: pMP4,coexpress_low,Traced,,,both,2397,True,True
1906,male-cns:v0.9:53355,959.98505,436,FlyEM_Male_CNS_Brain_v0.9,m,JRC2018_Unisex_20x_HR,Brain,,,20191213_64_H5_Channel3.csv,53355,pC1_7a,pC1_7a_L,L,"Lee 2002, Rideout 2010, Nojima 2021: pC1; Cachero 2010: pMP-e; Yu 2010: pMP4",coexpress_low,Traced,,,both,3664,True,True
1908,male-cns:v0.9:30546,958.48364,489,FlyEM_Male_CNS_Brain_v0.9,m,JRC2018_Unisex_20x_HR,Brain,,,20191213_64_H5_Channel3.csv,30546,pC1_10d,pC1_10d_R,R,"Lee 2002, Rideout 2010, Nojima 2021: pC1",dsx_high,Traced,,,both,3170,True,True
1919,male-cns:v0.9:521453,944.77435,417,FlyEM_Male_CNS_Brain_v0.9,m,JRC2018_Unisex_20x_HR,Brain,,,20191213_64_H5_Channel3.csv,521453,pC1_6a,pC1_6a_L,L,Cachero 2010: pMP-e; Yu 2010: pMP4,coexpress_low,Traced,,,both,4798,True,True
1927,male-cns:v0.9:535835,935.9063,300,FlyEM_Male_CNS_Brain_v0.9,m,JRC2018_Unisex_20x_HR,Brain,,,20191213_64_H5_Channel3.csv,535835,pC1_16b,pC1_16b_L,L,"Lee 2002, Rideout 2010, Nojima 2021: pC1; Cachero 2010: pMP-e; Yu 2010: pMP4",coexpress_high,Traced,,,both,5222,True,True
1932,male-cns:v0.9:513654,926.7348,359,FlyEM_Male_CNS_Brain_v0.9,m,JRC2018_Unisex_20x_HR,Brain,,,20191213_64_H5_Channel3.csv,513654,pC1_16b,pC1_16b_L,L,"Lee 2002, Rideout 2010, Nojima 2021: pC1; Cachero 2010: pMP-e; Yu 2010: pMP4",coexpress_high,Traced,,,both,,False,True
1941,male-cns:v0.9:102224,913.4049,313,FlyEM_Male_CNS_Brain_v0.9,m,JRC2018_Unisex_20x_HR,Brain,,,20191213_64_H5_Channel3.csv,102224,pC1_5a,pC1_5a_L,L,"Lee 2002, Rideout 2010, Nojima 2021: pC1; Cachero 2010: pMP-e; Yu 2010: pMP4",coexpress_low,Traced,,,both,3990,True,True
1954,male-cns:v0.9:35202,900.1213,161,FlyEM_Male_CNS_Brain_v0.9,m,JRC2018_Unisex_20x_HR,Brain,,,20191213_64_H5_Channel3.csv,35202,pC1_17b,pC1_17b_R,R,"Lee 2002, Rideout 2010, Nojima 2021: pC1; Cachero 2010: pMP-e; Yu 2010: pMP4",coexpress_low,Traced,,,both,,False,True
1975,male-cns:v0.9:32283,871.9635,317,FlyEM_Male_CNS_Brain_v0.9,m,JRC2018_Unisex_20x_HR,Brain,,,20191213_64_H5_Channel3.csv,32283,pC1_16b,pC1_16b_L,L,"Lee 2002, Rideout 2010, Nojima 2021: pC1; Cachero 2010: pMP-e; Yu 2010: pMP4",coexpress_high,Traced,,,both,,False,True
1983,male-cns:v0.9:23789,858.1667,150,FlyEM_Male_CNS_Brain_v0.9,m,JRC2018_Unisex_20x_HR,Brain,,,20191213_64_H5_Channel3.csv,23789,pC1_16a,pC1_16a_L,L,"Lee 2002, Rideout 2010, Nojima 2021: pC1; Cachero 2010: pMP-e; Yu 2010: pMP4",coexpress_high,Traced,,,both,2701,True,True
1984,male-cns:v0.9:518589,856.2018,427,FlyEM_Male_CNS_Brain_v0.9,m,JRC2018_Unisex_20x_HR,Brain,,,20191213_64_H5_Channel3.csv,518589,pC1_10c,pC1_10c_L,L,"Lee 2002, Rideout 2010, Nojima 2021: pC1",dsx_high,Traced,,,both,4601,True,True
1986,male-cns:v0.9:47325,852.40564,332,FlyEM_Male_CNS_Brain_v0.9,m,JRC2018_Unisex_20x_HR,Brain,,,20191213_64_H5_Channel3.csv,47325,pC1_8c,pC1_8c_L,L,"Lee 2002, Rideout 2010, Nojima 2021: pC1",dsx_high,Traced,,,both,3596,True,True
2001,male-cns:v0.9:67624,828.7892,289,FlyEM_Male_CNS_Brain_v0.9,m,JRC2018_Unisex_20x_HR,Brain,,,20191213_64_H5_Channel3.csv,67624,pC1_16a,pC1_16a_R,R,"Lee 2002, Rideout 2010, Nojima 2021: pC1; Cachero 2010: pMP-e; Yu 2010: pMP4",coexpress_high,Traced,,,both,,False,True
2002,male-cns:v0.9:23661,826.59204,119,FlyEM_Male_CNS_Brain_v0.9,m,JRC2018_Unisex_20x_HR,Brain,,,20191213_64_H5_Channel3.csv,23661,pC1_17b,pC1_17b_L,L,"Lee 2002, Rideout 2010, Nojima 2021: pC1; Cachero 2010: pMP-e; Yu 2010: pMP4",coexpress_low,Traced,,,both,,False,True
2010,male-cns:v0.9:19968,817.4043,426,FlyEM_Male_CNS_Brain_v0.9,m,JRC2018_Unisex_20x_HR,Brain,,,20191213_64_H5_Channel3.csv,19968,pC1_10d,pC1_10d_R,R,"Lee 2002, Rideout 2010, Nojima 2021: pC1",dsx_high,Traced,,,both,,False,True
2017,male-cns:v0.9:16262,809.5698,468,FlyEM_Male_CNS_Brain_v0.9,m,JRC2018_Unisex_20x_HR,Brain,,,20191213_64_H5_Channel3.csv,16262,pC1_1b,pC1_1b_L,L,"Lee 2002, Rideout 2010, Nojima 2021: pC1; Cachero 2010: pMP-e; Yu 2010: pMP4",coexpress_high,Traced,,,both,1760,True,True
2030,male-cns:v0.9:26543,792.1269,337,FlyEM_Male_CNS_Brain_v0.9,m,JRC2018_Unisex_20x_HR,Brain,,,20191213_64_H5_Channel3.csv,26543,pC1_6a,pC1_6a_L,L,Cachero 2010: pMP-e; Yu 2010: pMP4,coexpress_low,Traced,,,both,2934,True,True
2036,male-cns:v0.9:71385,784.98376,234,FlyEM_Male_CNS_Brain_v0.9,m,JRC2018_Unisex_20x_HR,Brain,,,20191213_64_H5_Channel3.csv,71385,pC1_7a,pC1_7a_R,R,"Lee 2002, Rideout 2010, Nojima 2021: pC1; Cachero 2010: pMP-e; Yu 2010: pMP4",coexpress_low,Traced,,,both,3801,True,True
2071,male-cns:v0.9:220200,749.5458,226,FlyEM_Male_CNS_Brain_v0.9,m,JRC2018_Unisex_20x_HR,Brain,,,20191213_64_H5_Channel3.csv,220200,pC1_13b,pC1_13b_R,R,"Lee 2002, Rideout 2010, Nojima 2021: pC1",dsx_high,Traced,,,both,4190,True,True
2081,male-cns:v0.9:17098,739.15234,277,FlyEM_Male_CNS_Brain_v0.9,m,JRC2018_Unisex_20x_HR,Brain,,,20191213_64_H5_Channel3.csv,17098,pC1_6a,pC1_6a_L,L,Cachero 2010: pMP-e; Yu 2010: pMP4,coexpress_low,Traced,,,both,1904,True,True
2085,male-cns:v0.9:180724,736.1258,169,FlyEM_Male_CNS_Brain_v0.9,m,JRC2018_Unisex_20x_HR,Brain,,,20191213_64_H5_Channel3.csv,180724,pC1_15c,pC1_15c_L,L,"Lee 2002, Rideout 2010, Nojima 2021: pC1; Cachero 2010: pMP-e; Yu 2010: pMP4",coexpress_low,Traced,,,both,4151,True,True
2088,male-cns:v0.9:156865,733.5721,255,FlyEM_Male_CNS_Brain_v0.9,m,JRC2018_Unisex_20x_HR,Brain,,,20191213_64_H5_Channel3.csv,156865,pC1_19,pC1_19_L,L,"Lee 2002, Rideout 2010, Nojima 2021: pC1",dsx_high,Traced,,,both,4123,True,True
2095,male-cns:v0.9:32437,729.4173,296,FlyEM_Male_CNS_Brain_v0.9,m,JRC2018_Unisex_20x_HR,Brain,,,20191213_64_H5_Channel3.csv,32437,pC1_15a,pC1_15a_R,R,"Lee 2002, Rideout 2010, Nojima 2021: pC1; Cachero 2010: pMP-e; Yu 2010: pMP4",coexpress_high,Traced,,,both,3241,True,True
2098,male-cns:v0.9:70815,723.9425,172,FlyEM_Male_CNS_Brain_v0.9,m,JRC2018_Unisex_20x_HR,Brain,,,20191213_64_H5_Channel3.csv,70815,pC1_17a,pC1_17a_L,L,"Lee 2002, Rideout 2010, Nojima 2021: pC1; Cachero 2010: pMP-e; Yu 2010: pMP4",coexpress_low,Traced,,,both,3797,True,True
2104,male-cns:v0.9:36545,721.0504,131,FlyEM_Male_CNS_Brain_v0.9,m,JRC2018_Unisex_20x_HR,Brain,,,20191213_64_H5_Channel3.csv,36545,pC1_17b,pC1_17b_R,R,"Lee 2002, Rideout 2010, Nojima 2021: pC1; Cachero 2010: pMP-e; Yu 2010: pMP4",coexpress_low,Traced,,,both,,False,True
2142,male-cns:v0.9:26153,685.501,350,FlyEM_Male_CNS_Brain_v0.9,m,JRC2018_Unisex_20x_HR,Brain,,,20191213_64_H5_Channel3.csv,26153,pC1_10b,pC1_10b_L,L,"Lee 2002, Rideout 2010, Nojima 2021: pC1",dsx_high,Traced,,,both,,False,True
2154,male-cns:v0.9:41518,676.78284,192,FlyEM_Male_CNS_Brain_v0.9,m,JRC2018_Unisex_20x_HR,Brain,,,20191213_64_H5_Channel3.csv,41518,pC1_8c,pC1_8c_R,R,"Lee 2002, Rideout 2010, Nojima 2021: pC1",dsx_high,Traced,,,both,3499,True,True
2158,male-cns:v0.9:25690,674.832,339,FlyEM_Male_CNS_Brain_v0.9,m,JRC2018_Unisex_20x_HR,Brain,,,20191213_64_H5_Channel3.csv,25690,pC1_15b,pC1_15b_R,R,"Lee 2002, Rideout 2010, Nojima 2021: pC1; Cachero 2010: pMP-e; Yu 2010: pMP4",coexpress_low,Traced,,,both,2885,True,True
2166,male-cns:v0.9:55986,667.68835,247,FlyEM_Male_CNS_Brain_v0.9,m,JRC2018_Unisex_20x_HR,Brain,,,20191213_64_H5_Channel3.csv,55986,pC1_14a,pC1_14a_L,L,"Lee 2002, Rideout 2010, Nojima 2021: pC1; Cachero 2010: pMP-e; Yu 2010: pMP4",coexpress_low,Traced,,,both,3687,True,True
2173,male-cns:v0.9:515977,660.0324,251,FlyEM_Male_CNS_Brain_v0.9,m,JRC2018_Unisex_20x_HR,Brain,,,20191213_64_H5_Channel3.csv,515977,pC1_10b,pC1_10b_R,R,"Lee 2002, Rideout 2010, Nojima 2021: pC1",dsx_high,Traced,,,both,4500,True,True
2175,male-cns:v0.9:513652,658.7698,304,FlyEM_Male_CNS_Brain_v0.9,m,JRC2018_Unisex_20x_HR,Brain,,,20191213_64_H5_Channel3.csv,513652,pC1_7b,pC1_7b_L,L,"Lee 2002, Rideout 2010, Nojima 2021: pC1; Cachero 2010: pMP-e; Yu 2010: pMP4",coexpress_low,Traced,,,both,4376,True,True
2188,male-cns:v0.9:555746,639.27026,379,FlyEM_Male_CNS_Brain_v0.9,m,JRC2018_Unisex_20x_HR,Brain,,,20191213_64_H5_Channel3.csv,555746,pC1_13b,pC1_13b_R,R,"Lee 2002, Rideout 2010, Nojima 2021: pC1",dsx_high,Traced,,,both,,False,True
2196,male-cns:v0.9:30699,630.0368,392,FlyEM_Male_CNS_Brain_v0.9,m,JRC2018_Unisex_20x_HR,Brain,,,20191213_64_H5_Channel3.csv,30699,pC1_10b,pC1_10b_R,R,"Lee 2002, Rideout 2010, Nojima 2021: pC1",dsx_high,Traced,,,both,,False,True
2202,male-cns:v0.9:55136,623.25085,404,FlyEM_Male_CNS_Brain_v0.9,m,JRC2018_Unisex_20x_HR,Brain,,,20191213_64_H5_Channel3.csv,55136,pC1_10c,pC1_10c_L,L,"Lee 2002, Rideout 2010, Nojima 2021: pC1",dsx_high,Traced,,,both,,False,True
2227,male-cns:v0.9:25740,592.7883,197,FlyEM_Male_CNS_Brain_v0.9,m,JRC2018_Unisex_20x_HR,Brain,,,20191213_64_H5_Channel3.csv,25740,pC1_14b,pC1_14b_R,R,"Lee 2002, Rideout 2010, Nojima 2021: pC1; Cachero 2010: pMP-e; Yu 2010: pMP4",coexpress_low,Traced,,,both,2888,True,True
2260,male-cns:v0.9:17434,561.3803,388,FlyEM_Male_CNS_Brain_v0.9,m,JRC2018_Unisex_20x_HR,Brain,,,20191213_64_H5_Channel3.csv,17434,pC1_10c,pC1_10c_R,R,"Lee 2002, Rideout 2010, Nojima 2021: pC1",dsx_high,Traced,,,both,1958,True,True
2282,male-cns:v0.9:33553,542.9879,220,FlyEM_Male_CNS_Brain_v0.9,m,JRC2018_Unisex_20x_HR,Brain,,,20191213_64_H5_Channel3.csv,33553,pC1_14a,pC1_14a_R,R,"Lee 2002, Rideout 2010, Nojima 2021: pC1; Cachero 2010: pMP-e; Yu 2010: pMP4",coexpress_low,Traced,,,both,3279,True,True
2332,male-cns:v0.9:20580,501.16888,150,FlyEM_Male_CNS_Brain_v0.9,m,JRC2018_Unisex_20x_HR,Brain,,,20191213_64_H5_Channel3.csv,20580,pC1_10d,pC1_10d_L,L,"Lee 2002, Rideout 2010, Nojima 2021: pC1",dsx_high,Traced,,,both,,False,True
2338,male-cns:v0.9:16364,496.51562,202,FlyEM_Male_CNS_Brain_v0.9,m,JRC2018_Unisex_20x_HR,Brain,,,20191213_64_H5_Channel3.csv,16364,pC1_9b,pC1_9b_L,L,,,Traced,,,both,1772,True,True
2393,male-cns:v0.9:18276,458.40717,365,FlyEM_Male_CNS_Brain_v0.9,m,JRC2018_Unisex_20x_HR,Brain,,,20191213_64_H5_Channel3.csv,18276,pC1_10a,pC1_10a_L,L,"Lee 2002, Rideout 2010, Nojima 2021: pC1",dsx_high,Traced,,,both,,False,True
2444,male-cns:v0.9:29214,423.2654,169,FlyEM_Male_CNS_Brain_v0.9,m,JRC2018_Unisex_20x_HR,Brain,,,20191213_64_H5_Channel3.csv,29214,pC1_14a,pC1_14a_R,R,"Lee 2002, Rideout 2010, Nojima 2021: pC1; Cachero 2010: pMP-e; Yu 2010: pMP4",coexpress_low,Traced,,,both,3097,True,True
2491,male-cns:v0.9:21538,384.47635,208,FlyEM_Male_CNS_Brain_v0.9,m,JRC2018_Unisex_20x_HR,Brain,,,20191213_64_H5_Channel3.csv,21538,pC1_13b,pC1_13b_L,L,"Lee 2002, Rideout 2010, Nojima 2021: pC1",dsx_high,Traced,,,both,2504,True,True
2507,male-cns:v0.9:23651,373.22623,133,FlyEM_Male_CNS_Brain_v0.9,m,JRC2018_Unisex_20x_HR,Brain,,,20191213_64_H5_Channel3.csv,23651,pC1_17a,pC1_17a_R,R,"Lee 2002, Rideout 2010, Nojima 2021: pC1; Cachero 2010: pMP-e; Yu 2010: pMP4",coexpress_low,Traced,,,both,,False,True
2534,male-cns:v0.9:513651,358.78918,150,FlyEM_Male_CNS_Brain_v0.9,m,JRC2018_Unisex_20x_HR,Brain,,,20191213_64_H5_Channel3.csv,513651,pC1_7b,pC1_7b_L,L,"Lee 2002, Rideout 2010, Nojima 2021: pC1; Cachero 2010: pMP-e; Yu 2010: pMP4",coexpress_low,Traced,,,both,4375,True,True
2553,male-cns:v0.9:516522,351.16672,157,FlyEM_Male_CNS_Brain_v0.9,m,JRC2018_Unisex_20x_HR,Brain,,,20191213_64_H5_Channel3.csv,516522,pC1_14a,pC1_14a_R,R,"Lee 2002, Rideout 2010, Nojima 2021: pC1; Cachero 2010: pMP-e; Yu 2010: pMP4",coexpress_low,Traced,,,both,4525,True,True
2567,male-cns:v0.9:44515,343.61105,206,FlyEM_Male_CNS_Brain_v0.9,m,JRC2018_Unisex_20x_HR,Brain,,,20191213_64_H5_Channel3.csv,44515,pC1_14a,pC1_14a_L,L,"Lee 2002, Rideout 2010, Nojima 2021: pC1; Cachero 2010: pMP-e; Yu 2010: pMP4",coexpress_low,Traced,,,both,3549,True,True
2584,male-cns:v0.9:17702,334.7459,407,FlyEM_Male_CNS_Brain_v0.9,m,JRC2018_Unisex_20x_HR,Brain,,,20191213_64_H5_Channel3.csv,17702,pC1_10c,pC1_10c_R,R,"Lee 2002, Rideout 2010, Nojima 2021: pC1",dsx_high,Traced,,,both,,False,True
2590,male-cns:v0.9:29388,331.60748,161,FlyEM_Male_CNS_Brain_v0.9,m,JRC2018_Unisex_20x_HR,Brain,,,20191213_64_H5_Channel3.csv,29388,pC1_15c,pC1_15c_R,R,"Lee 2002, Rideout 2010, Nojima 2021: pC1; Cachero 2010: pMP-e; Yu 2010: pMP4",coexpress_low,Traced,,,both,3107,True,True
2591,male-cns:v0.9:23787,331.44525,211,FlyEM_Male_CNS_Brain_v0.9,m,JRC2018_Unisex_20x_HR,Brain,,,20191213_64_H5_Channel3.csv,23787,pC1_13c,pC1_13c_L,L,"Lee 2002, Rideout 2010, Nojima 2021: pC1",dsx_high,Traced,,,both,2700,True,True
2611,male-cns:v0.9:23924,318.82462,186,FlyEM_Male_CNS_Brain_v0.9,m,JRC2018_Unisex_20x_HR,Brain,,,20191213_64_H5_Channel3.csv,23924,pC1_13b,pC1_13b_L,L,"Lee 2002, Rideout 2010, Nojima 2021: pC1",dsx_high,Traced,,,both,2714,True,True
2619,male-cns:v0.9:25204,312.85248,276,FlyEM_Male_CNS_Brain_v0.9,m,JRC2018_Unisex_20x_HR,Brain,,,20191213_64_H5_Channel3.csv,25204,pC1_13a,pC1_13a_L,L,"Lee 2002, Rideout 2010, Nojima 2021: pC1; Cachero 2010: pMP-e; Yu 2010: pMP4",coexpress_high,Traced,,,both,2844,True,True
2621,male-cns:v0.9:25521,310.6387,247,FlyEM_Male_CNS_Brain_v0.9,m,JRC2018_Unisex_20x_HR,Brain,,,20191213_64_H5_Channel3.csv,25521,pC1_8a,pC1_8a_R,R,"Lee 2002, Rideout 2010, Nojima 2021: pC1",dsx_high,Traced,,,both,2866,True,True
2697,male-cns:v0.9:23695,275.29578,212,FlyEM_Male_CNS_Brain_v0.9,m,JRC2018_Unisex_20x_HR,Brain,,,20191213_64_H5_Channel3.csv,23695,pC1_14a,pC1_14a_L,L,"Lee 2002, Rideout 2010, Nojima 2021: pC1; Cachero 2010: pMP-e; Yu 2010: pMP4",coexpress_low,Traced,,,both,2690,True,True
2784,male-cns:v0.9:19672,241.48055,158,FlyEM_Male_CNS_Brain_v0.9,m,JRC2018_Unisex_20x_HR,Brain,,,20191213_64_H5_Channel3.csv,19672,pC1_13a,pC1_13a_R,R,"Lee 2002, Rideout 2010, Nojima 2021: pC1; Cachero 2010: pMP-e; Yu 2010: pMP4",coexpress_high,Traced,,,both,2282,True,True
2813,male-cns:v0.9:46570,227.64348,136,FlyEM_Male_CNS_Brain_v0.9,m,JRC2018_Unisex_20x_HR,Brain,,,20191213_64_H5_Channel3.csv,46570,pC1_14b,pC1_14b_L,L,"Lee 2002, Rideout 2010, Nojima 2021: pC1; Cachero 2010: pMP-e; Yu 2010: pMP4",coexpress_low,Traced,,,both,3587,True,True
1398,male-cns:v0.9:15329,2039.3666,525,FlyEM_Male_CNS_Brain_v0.9,m,JRC2018_Unisex_20x_HR,Brain,,,20191213_64_H6_Channel1.csv,15329,pC1_2a,pC1_2a_R,R,"Lee 2002, Rideout 2010, Nojima 2021: pC1; Cachero 2010: pMP-e; Yu 2010: pMP4",coexpress_high,Traced,,,both,,False,True
1479,male-cns:v0.9:519297,1881.9381,496,FlyEM_Male_CNS_Brain_v0.9,m,JRC2018_Unisex_20x_HR,Brain,,,20191213_64_H6_Channel1.csv,519297,pC1_2a,pC1_2a_R,R,"Lee 2002, Rideout 2010, Nojima 2021: pC1; Cachero 2010: pMP-e; Yu 2010: pMP4",coexpress_high,Traced,,,both,,False,True
1620,male-cns:v0.9:12442,1603.5349,615,FlyEM_Male_CNS_Brain_v0.9,m,JRC2018_Unisex_20x_HR,Brain,,,20191213_64_H6_Channel1.csv,12442,pC1_4a,pC1_4a_L,L,"Lee 2002, Rideout 2010, Nojima 2021: pC1",dsx_high,Traced,,,both,913,True,True
1626,male-cns:v0.9:12448,1590.6873,247,FlyEM_Male_CNS_Brain_v0.9,m,JRC2018_Unisex_20x_HR,Brain,,,20191213_64_H6_Channel1.csv,12448,pC1_18a,pC1_18a_L,L,"Lee 2002, Rideout 2010, Nojima 2021: pC1",dsx_low,Traced,,,both,916,True,True
1657,male-cns:v0.9:19948,1546.5107,601,FlyEM_Male_CNS_Brain_v0.9,m,JRC2018_Unisex_20x_HR,Brain,,,20191213_64_H6_Channel1.csv,19948,pC1_3c,pC1_3c_R,R,"Lee 2002, Rideout 2010, Nojima 2021: pC1; Cachero 2010: pMP-e; Yu 2010: pMP4",coexpress_high,Traced,,,both,2318,True,True
1704,male-cns:v0.9:13495,1467.873,648,FlyEM_Male_CNS_Brain_v0.9,m,JRC2018_Unisex_20x_HR,Brain,,,20191213_64_H6_Channel1.csv,13495,pC1_11a,pC1_11a_R,R,"Lee 2002, Rideout 2010, Nojima 2021: pC1",dsx_high,Traced,,,both,1207,True,True
1772,male-cns:v0.9:524747,1389.6466,427,FlyEM_Male_CNS_Brain_v0.9,m,JRC2018_Unisex_20x_HR,Brain,,,20191213_64_H6_Channel1.csv,524747,pC1_2a,pC1_2a_L,L,"Lee 2002, Rideout 2010, Nojima 2021: pC1; Cachero 2010: pMP-e; Yu 2010: pMP4",coexpress_high,Traced,,,both,5000,True,True
1782,male-cns:v0.9:20392,1374.6036,623,FlyEM_Male_CNS_Brain_v0.9,m,JRC2018_Unisex_20x_HR,Brain,,,20191213_64_H6_Channel1.csv,20392,pC1_2c,pC1_2c_R,R,"Lee 2002, Rideout 2010, Nojima 2021: pC1; Cachero 2010: pMP-e; Yu 2010: pMP4",coexpress_high,Traced,,,both,2364,True,True
1783,male-cns:v0.9:29143,1373.8066,573,FlyEM_Male_CNS_Brain_v0.9,m,JRC2018_Unisex_20x_HR,Brain,,,20191213_64_H6_Channel1.csv,29143,pC1_5b,pC1_5b_R,R,"Lee 2002, Rideout 2010, Nojima 2021: pC1; Cachero 2010: pMP-e; Yu 2010: pMP4",coexpress_high,Traced,,,both,3091,True,True
1784,male-cns:v0.9:18017,1370.5569,628,FlyEM_Male_CNS_Brain_v0.9,m,JRC2018_Unisex_20x_HR,Brain,,,20191213_64_H6_Channel1.csv,18017,pC1_3c,pC1_3c_L,L,"Lee 2002, Rideout 2010, Nojima 2021: pC1; Cachero 2010: pMP-e; Yu 2010: pMP4",coexpress_high,Traced,,,both,2055,True,True
1797,male-cns:v0.9:19894,1348.6755,477,FlyEM_Male_CNS_Brain_v0.9,m,JRC2018_Unisex_20x_HR,Brain,,,20191213_64_H6_Channel1.csv,19894,pC1_3c,pC1_3c_R,R,"Lee 2002, Rideout 2010, Nojima 2021: pC1; Cachero 2010: pMP-e; Yu 2010: pMP4",coexpress_high,Traced,,,both,,False,True
1808,male-cns:v0.9:519518,1336.1266,460,FlyEM_Male_CNS_Brain_v0.9,m,JRC2018_Unisex_20x_HR,Brain,,,20191213_64_H6_Channel1.csv,519518,pC1_4a,pC1_4a_L,L,"Lee 2002, Rideout 2010, Nojima 2021: pC1",dsx_high,Traced,,,both,4646,True,True
1820,male-cns:v0.9:15208,1323.5701,480,FlyEM_Male_CNS_Brain_v0.9,m,JRC2018_Unisex_20x_HR,Brain,,,20191213_64_H6_Channel1.csv,15208,pC1_1a,pC1_1a_L,L,"Lee 2002, Rideout 2010, Nojima 2021: pC1; Cachero 2010: pMP-e; Yu 2010: pMP4",coexpress_high,Traced,,,both,1565,True,True
1836,male-cns:v0.9:17564,1312.9192,422,FlyEM_Male_CNS_Brain_v0.9,m,JRC2018_Unisex_20x_HR,Brain,,,20191213_64_H6_Channel1.csv,17564,pC1_2a,pC1_2a_L,L,"Lee 2002, Rideout 2010, Nojima 2021: pC1; Cachero 2010: pMP-e; Yu 2010: pMP4",coexpress_high,Traced,,,both,,False,True
1920,male-cns:v0.9:19650,1201.4714,589,FlyEM_Male_CNS_Brain_v0.9,m,JRC2018_Unisex_20x_HR,Brain,,,20191213_64_H6_Channel1.csv,19650,pC1_3a,pC1_3a_L,L,"Lee 2002, Rideout 2010, Nojima 2021: pC1; Cachero 2010: pMP-e; Yu 2010: pMP4",coexpress_high,Traced,,,both,2279,True,True
1947,male-cns:v0.9:19705,1159.4473,603,FlyEM_Male_CNS_Brain_v0.9,m,JRC2018_Unisex_20x_HR,Brain,,,20191213_64_H6_Channel1.csv,19705,pC1_2b,pC1_2b_R,R,"Lee 2002, Rideout 2010, Nojima 2021: pC1; Cachero 2010: pMP-e; Yu 2010: pMP4",coexpress_high,Traced,,,both,2287,True,True
1948,male-cns:v0.9:20803,1158.0343,421,FlyEM_Male_CNS_Brain_v0.9,m,JRC2018_Unisex_20x_HR,Brain,,,20191213_64_H6_Channel1.csv,20803,pC1_4a,pC1_4a_R,R,"Lee 2002, Rideout 2010, Nojima 2021: pC1",dsx_high,Traced,,,both,2427,True,True
1972,male-cns:v0.9:29483,1140.2349,427,FlyEM_Male_CNS_Brain_v0.9,m,JRC2018_Unisex_20x_HR,Brain,,,20191213_64_H6_Channel1.csv,29483,pC1_5b,pC1_5b_R,R,"Lee 2002, Rideout 2010, Nojima 2021: pC1; Cachero 2010: pMP-e; Yu 2010: pMP4",coexpress_high,Traced,,,both,3118,True,True
1981,male-cns:v0.9:20117,1136.2085,512,FlyEM_Male_CNS_Brain_v0.9,m,JRC2018_Unisex_20x_HR,Brain,,,20191213_64_H6_Channel1.csv,20117,pC1_4a,pC1_4a_R,R,"Lee 2002, Rideout 2010, Nojima 2021: pC1",dsx_high,Traced,,,both,2341,True,True
1991,male-cns:v0.9:17867,1120.4094,390,FlyEM_Male_CNS_Brain_v0.9,m,JRC2018_Unisex_20x_HR,Brain,,,20191213_64_H6_Channel1.csv,17867,pC1_4b,pC1_4b_L,L,"Lee 2002, Rideout 2010, Nojima 2021: pC1",dsx_high,Traced,,,both,2029,True,True
1998,male-cns:v0.9:13266,1111.4236,655,FlyEM_Male_CNS_Brain_v0.9,m,JRC2018_Unisex_20x_HR,Brain,,,20191213_64_H6_Channel1.csv,13266,pC1_3b,pC1_3b_L,L,"Lee 2002, Rideout 2010, Nojima 2021: pC1; Cachero 2010: pMP-e; Yu 2010: pMP4",coexpress_high,Traced,,,both,1152,True,True
2010,male-cns:v0.9:18974,1097.1367,484,FlyEM_Male_CNS_Brain_v0.9,m,JRC2018_Unisex_20x_HR,Brain,,,20191213_64_H6_Channel1.csv,18974,pC1_3a,pC1_3a_R,R,"Lee 2002, Rideout 2010, Nojima 2021: pC1; Cachero 2010: pMP-e; Yu 2010: pMP4",coexpress_high,Traced,,,both,2182,True,True
2020,male-cns:v0.9:532011,1087.8862,297,FlyEM_Male_CNS_Brain_v0.9,m,JRC2018_Unisex_20x_HR,Brain,,,20191213_64_H6_Channel1.csv,532011,pC1_18a,pC1_18a_R,R,"Lee 2002, Rideout 2010, Nojima 2021: pC1",dsx_low,Traced,,,both,,False,True
2026,male-cns:v0.9:22093,1080.2748,401,FlyEM_Male_CNS_Brain_v0.9,m,JRC2018_Unisex_20x_HR,Brain,,,20191213_64_H6_Channel1.csv,22093,pC1_2c,pC1_2c_L,L,"Lee 2002, Rideout 2010, Nojima 2021: pC1; Cachero 2010: pMP-e; Yu 2010: pMP4",coexpress_high,Traced,,,both,2558,True,True
2048,male-cns:v0.9:70011,1058.0177,463,FlyEM_Male_CNS_Brain_v0.9,m,JRC2018_Unisex_20x_HR,Brain,,,20191213_64_H6_Channel1.csv,70011,pC1_5b,pC1_5b_L,L,"Lee 2002, Rideout 2010, Nojima 2021: pC1; Cachero 2010: pMP-e; Yu 2010: pMP4",coexpress_high,Traced,,,both,3792,True,True
2062,male-cns:v0.9:522419,1044.2626,529,FlyEM_Male_CNS_Brain_v0.9,m,JRC2018_Unisex_20x_HR,Brain,,,20191213_64_H6_Channel1.csv,522419,pC1_4a,pC1_4a_L,L,"Lee 2002, Rideout 2010, Nojima 2021: pC1",dsx_high,Traced,,,both,4859,True,True
2066,male-cns:v0.9:13655,1039.4904,549,FlyEM_Male_CNS_Brain_v0.9,m,JRC2018_Unisex_20x_HR,Brain,,,20191213_64_H6_Channel1.csv,13655,pC1_11b,pC1_11b_R,R,"Lee 2002, Rideout 2010, Nojima 2021: pC1",dsx_high,Traced,,,both,1247,True,True
2113,male-cns:v0.9:26993,979.2687,607,FlyEM_Male_CNS_Brain_v0.9,m,JRC2018_Unisex_20x_HR,Brain,,,20191213_64_H6_Channel1.csv,26993,pC1_1b,pC1_1b_R,R,"Lee 2002, Rideout 2010, Nojima 2021: pC1; Cachero 2010: pMP-e; Yu 2010: pMP4",coexpress_high,Traced,,,both,2963,True,True
2130,male-cns:v0.9:514077,970.47107,387,FlyEM_Male_CNS_Brain_v0.9,m,JRC2018_Unisex_20x_HR,Brain,,,20191213_64_H6_Channel1.csv,514077,pC1_11b,pC1_11b_L,L,"Lee 2002, Rideout 2010, Nojima 2021: pC1",dsx_high,Traced,,,both,4406,True,True
2144,male-cns:v0.9:32788,958.12946,190,FlyEM_Male_CNS_Brain_v0.9,m,JRC2018_Unisex_20x_HR,Brain,,,20191213_64_H6_Channel1.csv,32788,pC1_18b,pC1_18b_R,R,"Lee 2002, Rideout 2010, Nojima 2021: pC1",dsx_low,Traced,,,both,3248,True,True
2168,male-cns:v0.9:19136,938.4162,631,FlyEM_Male_CNS_Brain_v0.9,m,JRC2018_Unisex_20x_HR,Brain,,,20191213_64_H6_Channel1.csv,19136,pC1_3c,pC1_3c_L,L,"Lee 2002, Rideout 2010, Nojima 2021: pC1; Cachero 2010: pMP-e; Yu 2010: pMP4",coexpress_high,Traced,,,both,2210,True,True
2196,male-cns:v0.9:29280,910.6598,511,FlyEM_Male_CNS_Brain_v0.9,m,JRC2018_Unisex_20x_HR,Brain,,,20191213_64_H6_Channel1.csv,29280,pC1_1a,pC1_1a_R,R,"Lee 2002, Rideout 2010, Nojima 2021: pC1; Cachero 2010: pMP-e; Yu 2010: pMP4",coexpress_high,Traced,,,both,,False,True
2221,male-cns:v0.9:557035,888.01404,352,FlyEM_Male_CNS_Brain_v0.9,m,JRC2018_Unisex_20x_HR,Brain,,,20191213_64_H6_Channel1.csv,557035,pC1_5b,pC1_5b_L,L,"Lee 2002, Rideout 2010, Nojima 2021: pC1; Cachero 2010: pMP-e; Yu 2010: pMP4",coexpress_high,Traced,,,both,5296,True,True
2237,male-cns:v0.9:29043,879.62695,289,FlyEM_Male_CNS_Brain_v0.9,m,JRC2018_Unisex_20x_HR,Brain,,,20191213_64_H6_Channel1.csv,29043,pC1_7a,pC1_7a_L,L,"Lee 2002, Rideout 2010, Nojima 2021: pC1; Cachero 2010: pMP-e; Yu 2010: pMP4",coexpress_low,Traced,,,both,3085,True,True
2242,male-cns:v0.9:17089,875.84546,471,FlyEM_Male_CNS_Brain_v0.9,m,JRC2018_Unisex_20x_HR,Brain,,,20191213_64_H6_Channel1.csv,17089,pC1_12b,pC1_12b_R,R,"Lee 2002, Rideout 2010, Nojima 2021: pC1",dsx_high,Traced,,,both,1900,True,True
2244,male-cns:v0.9:18990,875.47925,611,FlyEM_Male_CNS_Brain_v0.9,m,JRC2018_Unisex_20x_HR,Brain,,,20191213_64_H6_Channel1.csv,18990,pC1_11a,pC1_11a_L,L,"Lee 2002, Rideout 2010, Nojima 2021: pC1",dsx_high,Traced,,,both,2186,True,True
2249,male-cns:v0.9:53355,867.4709,324,FlyEM_Male_CNS_Brain_v0.9,m,JRC2018_Unisex_20x_HR,Brain,,,20191213_64_H6_Channel1.csv,53355,pC1_7a,pC1_7a_L,L,"Lee 2002, Rideout 2010, Nojima 2021: pC1; Cachero 2010: pMP-e; Yu 2010: pMP4",coexpress_low,Traced,,,both,3664,True,True
2257,male-cns:v0.9:24623,863.72266,403,FlyEM_Male_CNS_Brain_v0.9,m,JRC2018_Unisex_20x_HR,Brain,,,20191213_64_H6_Channel1.csv,24623,pC1_6b,pC1_6b_R,R,"Lee 2002, Rideout 2010, Nojima 2021: pC1",coexpress_high,Traced,,,both,2786,True,True
2259,male-cns:v0.9:13562,863.07697,278,FlyEM_Male_CNS_Brain_v0.9,m,JRC2018_Unisex_20x_HR,Brain,,,20191213_64_H6_Channel1.csv,13562,pC1_12b,pC1_12b_L,L,"Lee 2002, Rideout 2010, Nojima 2021: pC1",dsx_high,Traced,,,both,1219,True,True
2265,male-cns:v0.9:23968,858.2238,423,FlyEM_Male_CNS_Brain_v0.9,m,JRC2018_Unisex_20x_HR,Brain,,,20191213_64_H6_Channel1.csv,23968,pC1_4a,pC1_4a_R,R,"Lee 2002, Rideout 2010, Nojima 2021: pC1",dsx_high,Traced,,,both,2720,True,True
2296,male-cns:v0.9:514925,838.98883,575,FlyEM_Male_CNS_Brain_v0.9,m,JRC2018_Unisex_20x_HR,Brain,,,20191213_64_H6_Channel1.csv,514925,pC1_3b,pC1_3b_R,R,"Lee 2002, Rideout 2010, Nojima 2021: pC1; Cachero 2010: pMP-e; Yu 2010: pMP4",coexpress_high,Traced,,,both,,False,True
2301,male-cns:v0.9:17387,836.2522,539,FlyEM_Male_CNS_Brain_v0.9,m,JRC2018_Unisex_20x_HR,Brain,,,20191213_64_H6_Channel1.csv,17387,pC1_2a/2b,pC1_2a/2b_R,R,"Lee 2002, Rideout 2010, Nojima 2021: pC1; Cachero 2010: pMP-e; Yu 2010: pMP4",coexpress_high,Traced,,,both,,False,True
2324,male-cns:v0.9:16719,822.1842,546,FlyEM_Male_CNS_Brain_v0.9,m,JRC2018_Unisex_20x_HR,Brain,,,20191213_64_H6_Channel1.csv,16719,pC1_4b,pC1_4b_R,R,"Lee 2002, Rideout 2010, Nojima 2021: pC1",dsx_high,Traced,,,both,1836,True,True
2345,male-cns:v0.9:17851,804.7565,279,FlyEM_Male_CNS_Brain_v0.9,m,JRC2018_Unisex_20x_HR,Brain,,,20191213_64_H6_Channel1.csv,17851,pC1_12b,pC1_12b_L,L,"Lee 2002, Rideout 2010, Nojima 2021: pC1",dsx_high,Traced,,,both,2027,True,True
2358,male-cns:v0.9:18913,793.45746,317,FlyEM_Male_CNS_Brain_v0.9,m,JRC2018_Unisex_20x_HR,Brain,,,20191213_64_H6_Channel1.csv,18913,pC1_2b,pC1_2b_L,L,"Lee 2002, Rideout 2010, Nojima 2021: pC1; Cachero 2010: pMP-e; Yu 2010: pMP4",coexpress_high,Traced,,,both,2174,True,True
2368,male-cns:v0.9:519914,790.8887,348,FlyEM_Male_CNS_Brain_v0.9,m,JRC2018_Unisex_20x_HR,Brain,,,20191213_64_H6_Channel1.csv,519914,pC1_1a,pC1_1a_L,L,"Lee 2002, Rideout 2010, Nojima 2021: pC1; Cachero 2010: pMP-e; Yu 2010: pMP4",coexpress_high,Traced,,,both,4678,True,True
2389,male-cns:v0.9:518253,774.30646,371,FlyEM_Male_CNS_Brain_v0.9,m,JRC2018_Unisex_20x_HR,Brain,,,20191213_64_H6_Channel1.csv,518253,pC1_18b,pC1_18b_L,L,"Lee 2002, Rideout 2010, Nojima 2021: pC1",dsx_low,Traced,,,both,4592,True,True
2417,male-cns:v0.9:16262,753.17145,609,FlyEM_Male_CNS_Brain_v0.9,m,JRC2018_Unisex_20x_HR,Brain,,,20191213_64_H6_Channel1.csv,16262,pC1_1b,pC1_1b_L,L,"Lee 2002, Rideout 2010, Nojima 2021: pC1; Cachero 2010: pMP-e; Yu 2010: pMP4",coexpress_high,Traced,,,both,1760,True,True
2444,male-cns:v0.9:20255,737.14813,484,FlyEM_Male_CNS_Brain_v0.9,m,JRC2018_Unisex_20x_HR,Brain,,,20191213_64_H6_Channel1.csv,20255,pC1_1a,pC1_1a_L,L,"Lee 2002, Rideout 2010, Nojima 2021: pC1; Cachero 2010: pMP-e; Yu 2010: pMP4",coexpress_high,Traced,,,both,2357,True,True
2456,male-cns:v0.9:526918,726.94684,583,FlyEM_Male_CNS_Brain_v0.9,m,JRC2018_Unisex_20x_HR,Brain,,,20191213_64_H6_Channel1.csv,526918,pC1_1a,pC1_1a_R,R,"Lee 2002, Rideout 2010, Nojima 2021: pC1; Cachero 2010: pMP-e; Yu 2010: pMP4",coexpress_high,Traced,,,both,5064,True,True
2470,male-cns:v0.9:524296,715.09375,347,FlyEM_Male_CNS_Brain_v0.9,m,JRC2018_Unisex_20x_HR,Brain,,,20191213_64_H6_Channel1.csv,524296,pC1_1a,pC1_1a_L,L,"Lee 2002, Rideout 2010, Nojima 2021: pC1; Cachero 2010: pMP-e; Yu 2010: pMP4",coexpress_high,Traced,,,both,4975,True,True
2500,male-cns:v0.9:26833,700.2196,299,FlyEM_Male_CNS_Brain_v0.9,m,JRC2018_Unisex_20x_HR,Brain,,,20191213_64_H6_Channel1.csv,26833,pC1_16b,pC1_16b_L,L,"Lee 2002, Rideout 2010, Nojima 2021: pC1; Cachero 2010: pMP-e; Yu 2010: pMP4",coexpress_high,Traced,,,both,,False,True
2505,male-cns:v0.9:19085,697.8977,500,FlyEM_Male_CNS_Brain_v0.9,m,JRC2018_Unisex_20x_HR,Brain,,,20191213_64_H6_Channel1.csv,19085,pC1_1a,pC1_1a_R,R,"Lee 2002, Rideout 2010, Nojima 2021: pC1; Cachero 2010: pMP-e; Yu 2010: pMP4",coexpress_high,Traced,,,both,,False,True
2512,male-cns:v0.9:512011,694.4767,345,FlyEM_Male_CNS_Brain_v0.9,m,JRC2018_Unisex_20x_HR,Brain,,,20191213_64_H6_Channel1.csv,512011,pC1_12a,pC1_12a_R,R,"Lee 2002, Rideout 2010, Nojima 2021: pC1; Cachero 2010: pMP-e; Yu 2010: pMP4",coexpress_low,Traced,,,both,4267,True,True
2518,male-cns:v0.9:18554,689.90875,333,FlyEM_Male_CNS_Brain_v0.9,m,JRC2018_Unisex_20x_HR,Brain,,,20191213_64_H6_Channel1.csv,18554,pC1_12b,pC1_12b_R,R,"Lee 2002, Rideout 2010, Nojima 2021: pC1",dsx_high,Traced,,,both,2125,True,True
2529,male-cns:v0.9:22818,684.2903,186,FlyEM_Male_CNS_Brain_v0.9,m,JRC2018_Unisex_20x_HR,Brain,,,20191213_64_H6_Channel1.csv,22818,pC1_17a,pC1_17a_R,R,"Lee 2002, Rideout 2010, Nojima 2021: pC1; Cachero 2010: pMP-e; Yu 2010: pMP4",coexpress_low,Traced,,,both,2626,True,True
2535,male-cns:v0.9:32950,681.0452,234,FlyEM_Male_CNS_Brain_v0.9,m,JRC2018_Unisex_20x_HR,Brain,,,20191213_64_H6_Channel1.csv,32950,pC1_5a,pC1_5a_R,R,"Lee 2002, Rideout 2010, Nojima 2021: pC1; Cachero 2010: pMP-e; Yu 2010: pMP4",coexpress_low,Traced,,,both,3254,True,True
2539,male-cns:v0.9:513129,674.4855,173,FlyEM_Male_CNS_Brain_v0.9,m,JRC2018_Unisex_20x_HR,Brain,,,20191213_64_H6_Channel1.csv,513129,pC1_8b,pC1_8b_L,L,"Lee 2002, Rideout 2010, Nojima 2021: pC1",dsx_high,Traced,,,both,4341,True,True
2545,male-cns:v0.9:125721,670.897,277,FlyEM_Male_CNS_Brain_v0.9,m,JRC2018_Unisex_20x_HR,Brain,,,20191213_64_H6_Channel1.csv,125721,pC1_19,pC1_19_R,R,"Lee 2002, Rideout 2010, Nojima 2021: pC1",dsx_high,Traced,,,both,4063,True,True
2549,male-cns:v0.9:87497,668.2549,355,FlyEM_Male_CNS_Brain_v0.9,m,JRC2018_Unisex_20x_HR,Brain,,,20191213_64_H6_Channel1.csv,87497,pC1_18b,pC1_18b_L,L,"Lee 2002, Rideout 2010, Nojima 2021: pC1",dsx_low,Traced,,,both,3912,True,True
2557,male-cns:v0.9:517735,664.4038,280,FlyEM_Male_CNS_Brain_v0.9,m,JRC2018_Unisex_20x_HR,Brain,,,20191213_64_H6_Channel1.csv,517735,pC1_6b,pC1_6b_L,L,"Lee 2002, Rideout 2010, Nojima 2021: pC1",coexpress_high,Traced,,,both,4575,True,True
2578,male-cns:v0.9:25746,656.00275,306,FlyEM_Male_CNS_Brain_v0.9,m,JRC2018_Unisex_20x_HR,Brain,,,20191213_64_H6_Channel1.csv,25746,pC1_16b,pC1_16b_R,R,"Lee 2002, Rideout 2010, Nojima 2021: pC1; Cachero 2010: pMP-e; Yu 2010: pMP4",coexpress_high,Traced,,,both,,False,True
2607,male-cns:v0.9:58786,637.3289,278,FlyEM_Male_CNS_Brain_v0.9,m,JRC2018_Unisex_20x_HR,Brain,,,20191213_64_H6_Channel1.csv,58786,pC1_16b,pC1_16b_R,R,"Lee 2002, Rideout 2010, Nojima 2021: pC1; Cachero 2010: pMP-e; Yu 2010: pMP4",coexpress_high,Traced,,,both,,False,True
2616,male-cns:v0.9:513652,630.905,379,FlyEM_Male_CNS_Brain_v0.9,m,JRC2018_Unisex_20x_HR,Brain,,,20191213_64_H6_Channel1.csv,513652,pC1_7b,pC1_7b_L,L,"Lee 2002, Rideout 2010, Nojima 2021: pC1; Cachero 2010: pMP-e; Yu 2010: pMP4",coexpress_low,Traced,,,both,4376,True,True
2622,male-cns:v0.9:102224,627.9716,192,FlyEM_Male_CNS_Brain_v0.9,m,JRC2018_Unisex_20x_HR,Brain,,,20191213_64_H6_Channel1.csv,102224,pC1_5a,pC1_5a_L,L,"Lee 2002, Rideout 2010, Nojima 2021: pC1; Cachero 2010: pMP-e; Yu 2010: pMP4",coexpress_low,Traced,,,both,3990,True,True
2693,male-cns:v0.9:513650,587.0671,320,FlyEM_Male_CNS_Brain_v0.9,m,JRC2018_Unisex_20x_HR,Brain,,,20191213_64_H6_Channel1.csv,513650,pC1_12a,pC1_12a_L,L,"Lee 2002, Rideout 2010, Nojima 2021: pC1; Cachero 2010: pMP-e; Yu 2010: pMP4",coexpress_low,Traced,,,both,4374,True,True
2709,male-cns:v0.9:21507,579.39014,320,FlyEM_Male_CNS_Brain_v0.9,m,JRC2018_Unisex_20x_HR,Brain,,,20191213_64_H6_Channel1.csv,21507,pC1_6a,pC1_6a_R,R,Cachero 2010: pMP-e; Yu 2010: pMP4,coexpress_low,Traced,,,both,2499,True,True
2711,male-cns:v0.9:30391,578.1888,320,FlyEM_Male_CNS_Brain_v0.9,m,JRC2018_Unisex_20x_HR,Brain,,,20191213_64_H6_Channel1.csv,30391,pC1_8b,pC1_8b_R,R,"Lee 2002, Rideout 2010, Nojima 2021: pC1",dsx_high,Traced,,,both,3163,True,True
2712,male-cns:v0.9:98113,577.35175,212,FlyEM_Male_CNS_Brain_v0.9,m,JRC2018_Unisex_20x_HR,Brain,,,20191213_64_H6_Channel1.csv,98113,pC1_19,pC1_19_L,L,"Lee 2002, Rideout 2010, Nojima 2021: pC1",dsx_high,Traced,,,both,3971,True,True
2716,male-cns:v0.9:170209,573.6854,254,FlyEM_Male_CNS_Brain_v0.9,m,JRC2018_Unisex_20x_HR,Brain,,,20191213_64_H6_Channel1.csv,170209,pC1_19,pC1_19_R,R,"Lee 2002, Rideout 2010, Nojima 2021: pC1",dsx_high,Traced,,,both,4142,True,True
2721,male-cns:v0.9:127881,569.35004,243,FlyEM_Male_CNS_Brain_v0.9,m,JRC2018_Unisex_20x_HR,Brain,,,20191213_64_H6_Channel1.csv,127881,pC1_19,pC1_19_L,L,"Lee 2002, Rideout 2010, Nojima 2021: pC1",dsx_high,Traced,,,both,4068,True,True
2730,male-cns:v0.9:33041,565.3417,213,FlyEM_Male_CNS_Brain_v0.9,m,JRC2018_Unisex_20x_HR,Brain,,,20191213_64_H6_Channel1.csv,33041,pC1_16b,pC1_16b_R,R,"Lee 2002, Rideout 2010, Nojima 2021: pC1; Cachero 2010: pMP-e; Yu 2010: pMP4",coexpress_high,Traced,,,both,,False,True
2751,male-cns:v0.9:59527,549.0808,168,FlyEM_Male_CNS_Brain_v0.9,m,JRC2018_Unisex_20x_HR,Brain,,,20191213_64_H6_Channel1.csv,59527,pC1_16a,pC1_16a_R,R,"Lee 2002, Rideout 2010, Nojima 2021: pC1; Cachero 2010: pMP-e; Yu 2010: pMP4",coexpress_high,Traced,,,both,,False,True
2753,male-cns:v0.9:555747,548.33203,322,FlyEM_Male_CNS_Brain_v0.9,m,JRC2018_Unisex_20x_HR,Brain,,,20191213_64_H6_Channel1.csv,555747,pC1_13c,pC1_13c_R,R,"Lee 2002, Rideout 2010, Nojima 2021: pC1",dsx_high,Traced,,,both,,False,True
2755,male-cns:v0.9:25542,547.5457,371,FlyEM_Male_CNS_Brain_v0.9,m,JRC2018_Unisex_20x_HR,Brain,,,20191213_64_H6_Channel1.csv,25542,pC1_7a,pC1_7a_R,R,"Lee 2002, Rideout 2010, Nojima 2021: pC1; Cachero 2010: pMP-e; Yu 2010: pMP4",coexpress_low,Traced,,,both,2869,True,True
2760,male-cns:v0.9:517519,543.45734,391,FlyEM_Male_CNS_Brain_v0.9,m,JRC2018_Unisex_20x_HR,Brain,,,20191213_64_H6_Channel1.csv,517519,pC1_10b,pC1_10b_L,L,"Lee 2002, Rideout 2010, Nojima 2021: pC1",dsx_high,Traced,,,both,,False,True
2762,male-cns:v0.9:26746,542.2469,323,FlyEM_Male_CNS_Brain_v0.9,m,JRC2018_Unisex_20x_HR,Brain,,,20191213_64_H6_Channel1.csv,26746,pC1_7b,pC1_7b_R,R,"Lee 2002, Rideout 2010, Nojima 2021: pC1; Cachero 2010: pMP-e; Yu 2010: pMP4",coexpress_low,Traced,,,both,2947,True,True
2770,male-cns:v0.9:43592,538.57684,328,FlyEM_Male_CNS_Brain_v0.9,m,JRC2018_Unisex_20x_HR,Brain,,,20191213_64_H6_Channel1.csv,43592,pC1_7b,pC1_7b_R,R,"Lee 2002, Rideout 2010, Nojima 2021: pC1; Cachero 2010: pMP-e; Yu 2010: pMP4",coexpress_low,Traced,,,both,3537,True,True
2782,male-cns:v0.9:156865,529.36395,220,FlyEM_Male_CNS_Brain_v0.9,m,JRC2018_Unisex_20x_HR,Brain,,,20191213_64_H6_Channel1.csv,156865,pC1_19,pC1_19_L,L,"Lee 2002, Rideout 2010, Nojima 2021: pC1",dsx_high,Traced,,,both,4123,True,True
2803,male-cns:v0.9:17098,520.5666,209,FlyEM_Male_CNS_Brain_v0.9,m,JRC2018_Unisex_20x_HR,Brain,,,20191213_64_H6_Channel1.csv,17098,pC1_6a,pC1_6a_L,L,Cachero 2010: pMP-e; Yu 2010: pMP4,coexpress_low,Traced,,,both,1904,True,True
2807,male-cns:v0.9:71385,515.37665,365,FlyEM_Male_CNS_Brain_v0.9,m,JRC2018_Unisex_20x_HR,Brain,,,20191213_64_H6_Channel1.csv,71385,pC1_7a,pC1_7a_R,R,"Lee 2002, Rideout 2010, Nojima 2021: pC1; Cachero 2010: pMP-e; Yu 2010: pMP4",coexpress_low,Traced,,,both,3801,True,True
2812,male-cns:v0.9:521453,514.2089,364,FlyEM_Male_CNS_Brain_v0.9,m,JRC2018_Unisex_20x_HR,Brain,,,20191213_64_H6_Channel1.csv,521453,pC1_6a,pC1_6a_L,L,Cachero 2010: pMP-e; Yu 2010: pMP4,coexpress_low,Traced,,,both,4798,True,True
2823,male-cns:v0.9:68624,507.41287,286,FlyEM_Male_CNS_Brain_v0.9,m,JRC2018_Unisex_20x_HR,Brain,,,20191213_64_H6_Channel1.csv,68624,pC1_19,pC1_19_L,L,"Lee 2002, Rideout 2010, Nojima 2021: pC1",dsx_high,Traced,,,both,3783,True,True
2839,male-cns:v0.9:23952,495.59555,204,FlyEM_Male_CNS_Brain_v0.9,m,JRC2018_Unisex_20x_HR,Brain,,,20191213_64_H6_Channel1.csv,23952,pC1_16a,pC1_16a_R,R,"Lee 2002, Rideout 2010, Nojima 2021: pC1; Cachero 2010: pMP-e; Yu 2010: pMP4",coexpress_high,Traced,,,both,2717,True,True
2864,male-cns:v0.9:528986,483.3621,248,FlyEM_Male_CNS_Brain_v0.9,m,JRC2018_Unisex_20x_HR,Brain,,,20191213_64_H6_Channel1.csv,528986,pC1_6a,pC1_6a_R,R,Cachero 2010: pMP-e; Yu 2010: pMP4,coexpress_low,Traced,,,both,5081,True,True
2902,male-cns:v0.9:26543,465.16037,308,FlyEM_Male_CNS_Brain_v0.9,m,JRC2018_Unisex_20x_HR,Brain,,,20191213_64_H6_Channel1.csv,26543,pC1_6a,pC1_6a_L,L,Cachero 2010: pMP-e; Yu 2010: pMP4,coexpress_low,Traced,,,both,2934,True,True
2939,male-cns:v0.9:47325,446.24722,262,FlyEM_Male_CNS_Brain_v0.9,m,JRC2018_Unisex_20x_HR,Brain,,,20191213_64_H6_Channel1.csv,47325,pC1_8c,pC1_8c_L,L,"Lee 2002, Rideout 2010, Nojima 2021: pC1",dsx_high,Traced,,,both,3596,True,True
2940,male-cns:v0.9:23787,445.80154,363,FlyEM_Male_CNS_Brain_v0.9,m,JRC2018_Unisex_20x_HR,Brain,,,20191213_64_H6_Channel1.csv,23787,pC1_13c,pC1_13c_L,L,"Lee 2002, Rideout 2010, Nojima 2021: pC1",dsx_high,Traced,,,both,2700,True,True
2952,male-cns:v0.9:20597,439.82153,266,FlyEM_Male_CNS_Brain_v0.9,m,JRC2018_Unisex_20x_HR,Brain,,,20191213_64_H6_Channel1.csv,20597,pC1_6a,pC1_6a_R,R,Cachero 2010: pMP-e; Yu 2010: pMP4,coexpress_low,Traced,,,both,2397,True,True
3020,male-cns:v0.9:66610,402.11758,248,FlyEM_Male_CNS_Brain_v0.9,m,JRC2018_Unisex_20x_HR,Brain,,,20191213_64_H6_Channel1.csv,66610,pC1_16b,pC1_16b_R,R,"Lee 2002, Rideout 2010, Nojima 2021: pC1; Cachero 2010: pMP-e; Yu 2010: pMP4",coexpress_high,Traced,,,both,,False,True
3025,male-cns:v0.9:79642,401.0424,136,FlyEM_Male_CNS_Brain_v0.9,m,JRC2018_Unisex_20x_HR,Brain,,,20191213_64_H6_Channel1.csv,79642,pC1_19,pC1_19_R,R,"Lee 2002, Rideout 2010, Nojima 2021: pC1",dsx_high,Traced,,,both,3860,True,True
3050,male-cns:v0.9:513654,390.78827,319,FlyEM_Male_CNS_Brain_v0.9,m,JRC2018_Unisex_20x_HR,Brain,,,20191213_64_H6_Channel1.csv,513654,pC1_16b,pC1_16b_L,L,"Lee 2002, Rideout 2010, Nojima 2021: pC1; Cachero 2010: pMP-e; Yu 2010: pMP4",coexpress_high,Traced,,,both,,False,True
3057,male-cns:v0.9:32437,388.6424,153,FlyEM_Male_CNS_Brain_v0.9,m,JRC2018_Unisex_20x_HR,Brain,,,20191213_64_H6_Channel1.csv,32437,pC1_15a,pC1_15a_R,R,"Lee 2002, Rideout 2010, Nojima 2021: pC1; Cachero 2010: pMP-e; Yu 2010: pMP4",coexpress_high,Traced,,,both,3241,True,True
3071,male-cns:v0.9:267996,384.78564,221,FlyEM_Male_CNS_Brain_v0.9,m,JRC2018_Unisex_20x_HR,Brain,,,20191213_64_H6_Channel1.csv,267996,pC1_9a,pC1_9a_R,R,,,Traced,,,both,,False,True
3078,male-cns:v0.9:55986,383.18088,153,FlyEM_Male_CNS_Brain_v0.9,m,JRC2018_Unisex_20x_HR,Brain,,,20191213_64_H6_Channel1.csv,55986,pC1_14a,pC1_14a_L,L,"Lee 2002, Rideout 2010, Nojima 2021: pC1; Cachero 2010: pMP-e; Yu 2010: pMP4",coexpress_low,Traced,,,both,3687,True,True
3095,male-cns:v0.9:535835,375.89716,188,FlyEM_Male_CNS_Brain_v0.9,m,JRC2018_Unisex_20x_HR,Brain,,,20191213_64_H6_Channel1.csv,535835,pC1_16b,pC1_16b_L,L,"Lee 2002, Rideout 2010, Nojima 2021: pC1; Cachero 2010: pMP-e; Yu 2010: pMP4",coexpress_high,Traced,,,both,5222,True,True
3101,male-cns:v0.9:515977,372.93066,364,FlyEM_Male_CNS_Brain_v0.9,m,JRC2018_Unisex_20x_HR,Brain,,,20191213_64_H6_Channel1.csv,515977,pC1_10b,pC1_10b_R,R,"Lee 2002, Rideout 2010, Nojima 2021: pC1",dsx_high,Traced,,,both,4500,True,True
3105,male-cns:v0.9:30546,370.32675,309,FlyEM_Male_CNS_Brain_v0.9,m,JRC2018_Unisex_20x_HR,Brain,,,20191213_64_H6_Channel1.csv,30546,pC1_10d,pC1_10d_R,R,"Lee 2002, Rideout 2010, Nojima 2021: pC1",dsx_high,Traced,,,both,3170,True,True
3108,male-cns:v0.9:23695,369.26535,208,FlyEM_Male_CNS_Brain_v0.9,m,JRC2018_Unisex_20x_HR,Brain,,,20191213_64_H6_Channel1.csv,23695,pC1_14a,pC1_14a_L,L,"Lee 2002, Rideout 2010, Nojima 2021: pC1; Cachero 2010: pMP-e; Yu 2010: pMP4",coexpress_low,Traced,,,both,2690,True,True
3126,male-cns:v0.9:36545,361.45724,234,FlyEM_Male_CNS_Brain_v0.9,m,JRC2018_Unisex_20x_HR,Brain,,,20191213_64_H6_Channel1.csv,36545,pC1_17b,pC1_17b_R,R,"Lee 2002, Rideout 2010, Nojima 2021: pC1; Cachero 2010: pMP-e; Yu 2010: pMP4",coexpress_low,Traced,,,both,,False,True
3130,male-cns:v0.9:513651,359.33865,148,FlyEM_Male_CNS_Brain_v0.9,m,JRC2018_Unisex_20x_HR,Brain,,,20191213_64_H6_Channel1.csv,513651,pC1_7b,pC1_7b_L,L,"Lee 2002, Rideout 2010, Nojima 2021: pC1; Cachero 2010: pMP-e; Yu 2010: pMP4",coexpress_low,Traced,,,both,4375,True,True
3157,male-cns:v0.9:23661,350.6481,141,FlyEM_Male_CNS_Brain_v0.9,m,JRC2018_Unisex_20x_HR,Brain,,,20191213_64_H6_Channel1.csv,23661,pC1_17b,pC1_17b_L,L,"Lee 2002, Rideout 2010, Nojima 2021: pC1; Cachero 2010: pMP-e; Yu 2010: pMP4",coexpress_low,Traced,,,both,,False,True
3161,male-cns:v0.9:19968,348.2946,330,FlyEM_Male_CNS_Brain_v0.9,m,JRC2018_Unisex_20x_HR,Brain,,,20191213_64_H6_Channel1.csv,19968,pC1_10d,pC1_10d_R,R,"Lee 2002, Rideout 2010, Nojima 2021: pC1",dsx_high,Traced,,,both,,False,True
3166,male-cns:v0.9:20751,346.07077,190,FlyEM_Male_CNS_Brain_v0.9,m,JRC2018_Unisex_20x_HR,Brain,,,20191213_64_H6_Channel1.csv,20751,pC1_16a,pC1_16a_L,L,"Lee 2002, Rideout 2010, Nojima 2021: pC1; Cachero 2010: pMP-e; Yu 2010: pMP4",coexpress_high,Traced,,,both,2422,True,True
3175,male-cns:v0.9:41518,343.35785,149,FlyEM_Male_CNS_Brain_v0.9,m,JRC2018_Unisex_20x_HR,Brain,,,20191213_64_H6_Channel1.csv,41518,pC1_8c,pC1_8c_R,R,"Lee 2002, Rideout 2010, Nojima 2021: pC1",dsx_high,Traced,,,both,3499,True,True
3184,male-cns:v0.9:32283,340.03983,272,FlyEM_Male_CNS_Brain_v0.9,m,JRC2018_Unisex_20x_HR,Brain,,,20191213_64_H6_Channel1.csv,32283,pC1_16b,pC1_16b_L,L,"Lee 2002, Rideout 2010, Nojima 2021: pC1; Cachero 2010: pMP-e; Yu 2010: pMP4",coexpress_high,Traced,,,both,,False,True
3189,male-cns:v0.9:220200,338.5216,306,FlyEM_Male_CNS_Brain_v0.9,m,JRC2018_Unisex_20x_HR,Brain,,,20191213_64_H6_Channel1.csv,220200,pC1_13b,pC1_13b_R,R,"Lee 2002, Rideout 2010, Nojima 2021: pC1",dsx_high,Traced,,,both,4190,True,True
3196,male-cns:v0.9:20580,336.25302,164,FlyEM_Male_CNS_Brain_v0.9,m,JRC2018_Unisex_20x_HR,Brain,,,20191213_64_H6_Channel1.csv,20580,pC1_10d,pC1_10d_L,L,"Lee 2002, Rideout 2010, Nojima 2021: pC1",dsx_high,Traced,,,both,,False,True
3258,male-cns:v0.9:26153,316.75323,209,FlyEM_Male_CNS_Brain_v0.9,m,JRC2018_Unisex_20x_HR,Brain,,,20191213_64_H6_Channel1.csv,26153,pC1_10b,pC1_10b_L,L,"Lee 2002, Rideout 2010, Nojima 2021: pC1",dsx_high,Traced,,,both,,False,True
3272,male-cns:v0.9:28972,312.8396,169,FlyEM_Male_CNS_Brain_v0.9,m,JRC2018_Unisex_20x_HR,Brain,,,20191213_64_H6_Channel1.csv,28972,pC1_15b,pC1_15b_L,L,"Lee 2002, Rideout 2010, Nojima 2021: pC1; Cachero 2010: pMP-e; Yu 2010: pMP4",coexpress_low,Traced,,,both,3082,True,True
3276,male-cns:v0.9:25345,311.75766,244,FlyEM_Male_CNS_Brain_v0.9,m,JRC2018_Unisex_20x_HR,Brain,,,20191213_64_H6_Channel1.csv,25345,pC1_9b,pC1_9b_R,R,,,Traced,,,both,,False,True
3282,male-cns:v0.9:23789,310.09702,176,FlyEM_Male_CNS_Brain_v0.9,m,JRC2018_Unisex_20x_HR,Brain,,,20191213_64_H6_Channel1.csv,23789,pC1_16a,pC1_16a_L,L,"Lee 2002, Rideout 2010, Nojima 2021: pC1; Cachero 2010: pMP-e; Yu 2010: pMP4",coexpress_high,Traced,,,both,2701,True,True
3295,male-cns:v0.9:67624,305.58783,140,FlyEM_Male_CNS_Brain_v0.9,m,JRC2018_Unisex_20x_HR,Brain,,,20191213_64_H6_Channel1.csv,67624,pC1_16a,pC1_16a_R,R,"Lee 2002, Rideout 2010, Nojima 2021: pC1; Cachero 2010: pMP-e; Yu 2010: pMP4",coexpress_high,Traced,,,both,,False,True
3307,male-cns:v0.9:35202,300.5806,141,FlyEM_Male_CNS_Brain_v0.9,m,JRC2018_Unisex_20x_HR,Brain,,,20191213_64_H6_Channel1.csv,35202,pC1_17b,pC1_17b_R,R,"Lee 2002, Rideout 2010, Nojima 2021: pC1; Cachero 2010: pMP-e; Yu 2010: pMP4",coexpress_low,Traced,,,both,,False,True
3331,male-cns:v0.9:555751,291.9813,200,FlyEM_Male_CNS_Brain_v0.9,m,JRC2018_Unisex_20x_HR,Brain,,,20191213_64_H6_Channel1.csv,555751,pC1_9a,pC1_9a_R,R,,,Traced,,,both,,False,True
3344,male-cns:v0.9:46570,287.66928,189,FlyEM_Male_CNS_Brain_v0.9,m,JRC2018_Unisex_20x_HR,Brain,,,20191213_64_H6_Channel1.csv,46570,pC1_14b,pC1_14b_L,L,"Lee 2002, Rideout 2010, Nojima 2021: pC1; Cachero 2010: pMP-e; Yu 2010: pMP4",coexpress_low,Traced,,,both,3587,True,True
3369,male-cns:v0.9:516522,280.17905,284,FlyEM_Male_CNS_Brain_v0.9,m,JRC2018_Unisex_20x_HR,Brain,,,20191213_64_H6_Channel1.csv,516522,pC1_14a,pC1_14a_R,R,"Lee 2002, Rideout 2010, Nojima 2021: pC1; Cachero 2010: pMP-e; Yu 2010: pMP4",coexpress_low,Traced,,,both,4525,True,True
3370,male-cns:v0.9:23924,280.06717,184,FlyEM_Male_CNS_Brain_v0.9,m,JRC2018_Unisex_20x_HR,Brain,,,20191213_64_H6_Channel1.csv,23924,pC1_13b,pC1_13b_L,L,"Lee 2002, Rideout 2010, Nojima 2021: pC1",dsx_high,Traced,,,both,2714,True,True
3378,male-cns:v0.9:518589,277.82388,308,FlyEM_Male_CNS_Brain_v0.9,m,JRC2018_Unisex_20x_HR,Brain,,,20191213_64_H6_Channel1.csv,518589,pC1_10c,pC1_10c_L,L,"Lee 2002, Rideout 2010, Nojima 2021: pC1",dsx_high,Traced,,,both,4601,True,True
3417,male-cns:v0.9:55136,267.23758,230,FlyEM_Male_CNS_Brain_v0.9,m,JRC2018_Unisex_20x_HR,Brain,,,20191213_64_H6_Channel1.csv,55136,pC1_10c,pC1_10c_L,L,"Lee 2002, Rideout 2010, Nojima 2021: pC1",dsx_high,Traced,,,both,,False,True
3464,male-cns:v0.9:44515,252.45901,133,FlyEM_Male_CNS_Brain_v0.9,m,JRC2018_Unisex_20x_HR,Brain,,,20191213_64_H6_Channel1.csv,44515,pC1_14a,pC1_14a_L,L,"Lee 2002, Rideout 2010, Nojima 2021: pC1; Cachero 2010: pMP-e; Yu 2010: pMP4",coexpress_low,Traced,,,both,3549,True,True
3468,male-cns:v0.9:25740,251.83794,262,FlyEM_Male_CNS_Brain_v0.9,m,JRC2018_Unisex_20x_HR,Brain,,,20191213_64_H6_Channel1.csv,25740,pC1_14b,pC1_14b_R,R,"Lee 2002, Rideout 2010, Nojima 2021: pC1; Cachero 2010: pMP-e; Yu 2010: pMP4",coexpress_low,Traced,,,both,2888,True,True
3554,male-cns:v0.9:30699,233.37428,176,FlyEM_Male_CNS_Brain_v0.9,m,JRC2018_Unisex_20x_HR,Brain,,,20191213_64_H6_Channel1.csv,30699,pC1_10b,pC1_10b_R,R,"Lee 2002, Rideout 2010, Nojima 2021: pC1",dsx_high,Traced,,,both,,False,True
3555,male-cns:v0.9:33553,233.16684,201,FlyEM_Male_CNS_Brain_v0.9,m,JRC2018_Unisex_20x_HR,Brain,,,20191213_64_H6_Channel1.csv,33553,pC1_14a,pC1_14a_R,R,"Lee 2002, Rideout 2010, Nojima 2021: pC1; Cachero 2010: pMP-e; Yu 2010: pMP4",coexpress_low,Traced,,,both,3279,True,True
3589,male-cns:v0.9:29214,227.00035,239,FlyEM_Male_CNS_Brain_v0.9,m,JRC2018_Unisex_20x_HR,Brain,,,20191213_64_H6_Channel1.csv,29214,pC1_14a,pC1_14a_R,R,"Lee 2002, Rideout 2010, Nojima 2021: pC1; Cachero 2010: pMP-e; Yu 2010: pMP4",coexpress_low,Traced,,,both,3097,True,True
3616,male-cns:v0.9:25204,219.73523,210,FlyEM_Male_CNS_Brain_v0.9,m,JRC2018_Unisex_20x_HR,Brain,,,20191213_64_H6_Channel1.csv,25204,pC1_13a,pC1_13a_L,L,"Lee 2002, Rideout 2010, Nojima 2021: pC1; Cachero 2010: pMP-e; Yu 2010: pMP4",coexpress_high,Traced,,,both,2844,True,True
3642,male-cns:v0.9:17434,213.63063,214,FlyEM_Male_CNS_Brain_v0.9,m,JRC2018_Unisex_20x_HR,Brain,,,20191213_64_H6_Channel1.csv,17434,pC1_10c,pC1_10c_R,R,"Lee 2002, Rideout 2010, Nojima 2021: pC1",dsx_high,Traced,,,both,1958,True,True
3694,male-cns:v0.9:555746,202.14848,227,FlyEM_Male_CNS_Brain_v0.9,m,JRC2018_Unisex_20x_HR,Brain,,,20191213_64_H6_Channel1.csv,555746,pC1_13b,pC1_13b_R,R,"Lee 2002, Rideout 2010, Nojima 2021: pC1",dsx_high,Traced,,,both,,False,True
3899,male-cns:v0.9:17702,160.67769,235,FlyEM_Male_CNS_Brain_v0.9,m,JRC2018_Unisex_20x_HR,Brain,,,20191213_64_H6_Channel1.csv,17702,pC1_10c,pC1_10c_R,R,"Lee 2002, Rideout 2010, Nojima 2021: pC1",dsx_high,Traced,,,both,,False,True
1675,male-cns:v0.9:12448,1982.2319,263,FlyEM_Male_CNS_Brain_v0.9,m,JRC2018_Unisex_20x_HR,Brain,,,20191213_64_H6_Channel2.csv,12448,pC1_18a,pC1_18a_L,L,"Lee 2002, Rideout 2010, Nojima 2021: pC1",dsx_low,Traced,,,both,916,True,True
1688,male-cns:v0.9:15329,1966.8082,537,FlyEM_Male_CNS_Brain_v0.9,m,JRC2018_Unisex_20x_HR,Brain,,,20191213_64_H6_Channel2.csv,15329,pC1_2a,pC1_2a_R,R,"Lee 2002, Rideout 2010, Nojima 2021: pC1; Cachero 2010: pMP-e; Yu 2010: pMP4",coexpress_high,Traced,,,both,,False,True
1707,male-cns:v0.9:20803,1935.0326,502,FlyEM_Male_CNS_Brain_v0.9,m,JRC2018_Unisex_20x_HR,Brain,,,20191213_64_H6_Channel2.csv,20803,pC1_4a,pC1_4a_R,R,"Lee 2002, Rideout 2010, Nojima 2021: pC1",dsx_high,Traced,,,both,2427,True,True
1744,male-cns:v0.9:17867,1872.5885,659,FlyEM_Male_CNS_Brain_v0.9,m,JRC2018_Unisex_20x_HR,Brain,,,20191213_64_H6_Channel2.csv,17867,pC1_4b,pC1_4b_L,L,"Lee 2002, Rideout 2010, Nojima 2021: pC1",dsx_high,Traced,,,both,2029,True,True
1801,male-cns:v0.9:12442,1784.9546,628,FlyEM_Male_CNS_Brain_v0.9,m,JRC2018_Unisex_20x_HR,Brain,,,20191213_64_H6_Channel2.csv,12442,pC1_4a,pC1_4a_L,L,"Lee 2002, Rideout 2010, Nojima 2021: pC1",dsx_high,Traced,,,both,913,True,True
1854,male-cns:v0.9:519297,1686.1537,475,FlyEM_Male_CNS_Brain_v0.9,m,JRC2018_Unisex_20x_HR,Brain,,,20191213_64_H6_Channel2.csv,519297,pC1_2a,pC1_2a_R,R,"Lee 2002, Rideout 2010, Nojima 2021: pC1; Cachero 2010: pMP-e; Yu 2010: pMP4",coexpress_high,Traced,,,both,,False,True
1953,male-cns:v0.9:32788,1499.1791,258,FlyEM_Male_CNS_Brain_v0.9,m,JRC2018_Unisex_20x_HR,Brain,,,20191213_64_H6_Channel2.csv,32788,pC1_18b,pC1_18b_R,R,"Lee 2002, Rideout 2010, Nojima 2021: pC1",dsx_low,Traced,,,both,3248,True,True
1997,male-cns:v0.9:532011,1439.4569,321,FlyEM_Male_CNS_Brain_v0.9,m,JRC2018_Unisex_20x_HR,Brain,,,20191213_64_H6_Channel2.csv,532011,pC1_18a,pC1_18a_R,R,"Lee 2002, Rideout 2010, Nojima 2021: pC1",dsx_low,Traced,,,both,,False,True
2008,male-cns:v0.9:19948,1425.582,643,FlyEM_Male_CNS_Brain_v0.9,m,JRC2018_Unisex_20x_HR,Brain,,,20191213_64_H6_Channel2.csv,19948,pC1_3c,pC1_3c_R,R,"Lee 2002, Rideout 2010, Nojima 2021: pC1; Cachero 2010: pMP-e; Yu 2010: pMP4",coexpress_high,Traced,,,both,2318,True,True
2016,male-cns:v0.9:15208,1416.0768,701,FlyEM_Male_CNS_Brain_v0.9,m,JRC2018_Unisex_20x_HR,Brain,,,20191213_64_H6_Channel2.csv,15208,pC1_1a,pC1_1a_L,L,"Lee 2002, Rideout 2010, Nojima 2021: pC1; Cachero 2010: pMP-e; Yu 2010: pMP4",coexpress_high,Traced,,,both,1565,True,True
2019,male-cns:v0.9:17564,1414.019,513,FlyEM_Male_CNS_Brain_v0.9,m,JRC2018_Unisex_20x_HR,Brain,,,20191213_64_H6_Channel2.csv,17564,pC1_2a,pC1_2a_L,L,"Lee 2002, Rideout 2010, Nojima 2021: pC1; Cachero 2010: pMP-e; Yu 2010: pMP4",coexpress_high,Traced,,,both,,False,True
2023,male-cns:v0.9:20117,1408.5657,378,FlyEM_Male_CNS_Brain_v0.9,m,JRC2018_Unisex_20x_HR,Brain,,,20191213_64_H6_Channel2.csv,20117,pC1_4a,pC1_4a_R,R,"Lee 2002, Rideout 2010, Nojima 2021: pC1",dsx_high,Traced,,,both,2341,True,True
2053,male-cns:v0.9:555747,1375.1099,509,FlyEM_Male_CNS_Brain_v0.9,m,JRC2018_Unisex_20x_HR,Brain,,,20191213_64_H6_Channel2.csv,555747,pC1_13c,pC1_13c_R,R,"Lee 2002, Rideout 2010, Nojima 2021: pC1",dsx_high,Traced,,,both,,False,True
2062,male-cns:v0.9:16719,1363.2473,484,FlyEM_Male_CNS_Brain_v0.9,m,JRC2018_Unisex_20x_HR,Brain,,,20191213_64_H6_Channel2.csv,16719,pC1_4b,pC1_4b_R,R,"Lee 2002, Rideout 2010, Nojima 2021: pC1",dsx_high,Traced,,,both,1836,True,True
2065,male-cns:v0.9:18017,1361.8282,673,FlyEM_Male_CNS_Brain_v0.9,m,JRC2018_Unisex_20x_HR,Brain,,,20191213_64_H6_Channel2.csv,18017,pC1_3c,pC1_3c_L,L,"Lee 2002, Rideout 2010, Nojima 2021: pC1; Cachero 2010: pMP-e; Yu 2010: pMP4",coexpress_high,Traced,,,both,2055,True,True
2094,male-cns:v0.9:18974,1330.1102,458,FlyEM_Male_CNS_Brain_v0.9,m,JRC2018_Unisex_20x_HR,Brain,,,20191213_64_H6_Channel2.csv,18974,pC1_3a,pC1_3a_R,R,"Lee 2002, Rideout 2010, Nojima 2021: pC1; Cachero 2010: pMP-e; Yu 2010: pMP4",coexpress_high,Traced,,,both,2182,True,True
2104,male-cns:v0.9:19894,1324.4924,307,FlyEM_Male_CNS_Brain_v0.9,m,JRC2018_Unisex_20x_HR,Brain,,,20191213_64_H6_Channel2.csv,19894,pC1_3c,pC1_3c_R,R,"Lee 2002, Rideout 2010, Nojima 2021: pC1; Cachero 2010: pMP-e; Yu 2010: pMP4",coexpress_high,Traced,,,both,,False,True
2110,male-cns:v0.9:522419,1314.8263,588,FlyEM_Male_CNS_Brain_v0.9,m,JRC2018_Unisex_20x_HR,Brain,,,20191213_64_H6_Channel2.csv,522419,pC1_4a,pC1_4a_L,L,"Lee 2002, Rideout 2010, Nojima 2021: pC1",dsx_high,Traced,,,both,4859,True,True
2111,male-cns:v0.9:19650,1314.3677,651,FlyEM_Male_CNS_Brain_v0.9,m,JRC2018_Unisex_20x_HR,Brain,,,20191213_64_H6_Channel2.csv,19650,pC1_3a,pC1_3a_L,L,"Lee 2002, Rideout 2010, Nojima 2021: pC1; Cachero 2010: pMP-e; Yu 2010: pMP4",coexpress_high,Traced,,,both,2279,True,True
2135,male-cns:v0.9:519518,1295.4314,513,FlyEM_Male_CNS_Brain_v0.9,m,JRC2018_Unisex_20x_HR,Brain,,,20191213_64_H6_Channel2.csv,519518,pC1_4a,pC1_4a_L,L,"Lee 2002, Rideout 2010, Nojima 2021: pC1",dsx_high,Traced,,,both,4646,True,True
2202,male-cns:v0.9:17089,1230.2887,342,FlyEM_Male_CNS_Brain_v0.9,m,JRC2018_Unisex_20x_HR,Brain,,,20191213_64_H6_Channel2.csv,17089,pC1_12b,pC1_12b_R,R,"Lee 2002, Rideout 2010, Nojima 2021: pC1",dsx_high,Traced,,,both,1900,True,True
2234,male-cns:v0.9:19136,1194.4147,746,FlyEM_Male_CNS_Brain_v0.9,m,JRC2018_Unisex_20x_HR,Brain,,,20191213_64_H6_Channel2.csv,19136,pC1_3c,pC1_3c_L,L,"Lee 2002, Rideout 2010, Nojima 2021: pC1; Cachero 2010: pMP-e; Yu 2010: pMP4",coexpress_high,Traced,,,both,2210,True,True
2238,male-cns:v0.9:220200,1190.6562,405,FlyEM_Male_CNS_Brain_v0.9,m,JRC2018_Unisex_20x_HR,Brain,,,20191213_64_H6_Channel2.csv,220200,pC1_13b,pC1_13b_R,R,"Lee 2002, Rideout 2010, Nojima 2021: pC1",dsx_high,Traced,,,both,4190,True,True
2239,male-cns:v0.9:518253,1189.3729,378,FlyEM_Male_CNS_Brain_v0.9,m,JRC2018_Unisex_20x_HR,Brain,,,20191213_64_H6_Channel2.csv,518253,pC1_18b,pC1_18b_L,L,"Lee 2002, Rideout 2010, Nojima 2021: pC1",dsx_low,Traced,,,both,4592,True,True
2248,male-cns:v0.9:87497,1176.5839,219,FlyEM_Male_CNS_Brain_v0.9,m,JRC2018_Unisex_20x_HR,Brain,,,20191213_64_H6_Channel2.csv,87497,pC1_18b,pC1_18b_L,L,"Lee 2002, Rideout 2010, Nojima 2021: pC1",dsx_low,Traced,,,both,3912,True,True
2254,male-cns:v0.9:18913,1172.6418,582,FlyEM_Male_CNS_Brain_v0.9,m,JRC2018_Unisex_20x_HR,Brain,,,20191213_64_H6_Channel2.csv,18913,pC1_2b,pC1_2b_L,L,"Lee 2002, Rideout 2010, Nojima 2021: pC1; Cachero 2010: pMP-e; Yu 2010: pMP4",coexpress_high,Traced,,,both,2174,True,True
2256,male-cns:v0.9:29143,1170.8608,339,FlyEM_Male_CNS_Brain_v0.9,m,JRC2018_Unisex_20x_HR,Brain,,,20191213_64_H6_Channel2.csv,29143,pC1_5b,pC1_5b_R,R,"Lee 2002, Rideout 2010, Nojima 2021: pC1; Cachero 2010: pMP-e; Yu 2010: pMP4",coexpress_high,Traced,,,both,3091,True,True
2260,male-cns:v0.9:26833,1167.2802,369,FlyEM_Male_CNS_Brain_v0.9,m,JRC2018_Unisex_20x_HR,Brain,,,20191213_64_H6_Channel2.csv,26833,pC1_16b,pC1_16b_L,L,"Lee 2002, Rideout 2010, Nojima 2021: pC1; Cachero 2010: pMP-e; Yu 2010: pMP4",coexpress_high,Traced,,,both,,False,True
2264,male-cns:v0.9:17851,1164.1235,474,FlyEM_Male_CNS_Brain_v0.9,m,JRC2018_Unisex_20x_HR,Brain,,,20191213_64_H6_Channel2.csv,17851,pC1_12b,pC1_12b_L,L,"Lee 2002, Rideout 2010, Nojima 2021: pC1",dsx_high,Traced,,,both,2027,True,True
2288,male-cns:v0.9:20392,1147.699,596,FlyEM_Male_CNS_Brain_v0.9,m,JRC2018_Unisex_20x_HR,Brain,,,20191213_64_H6_Channel2.csv,20392,pC1_2c,pC1_2c_R,R,"Lee 2002, Rideout 2010, Nojima 2021: pC1; Cachero 2010: pMP-e; Yu 2010: pMP4",coexpress_high,Traced,,,both,2364,True,True
2303,male-cns:v0.9:58786,1133.6753,383,FlyEM_Male_CNS_Brain_v0.9,m,JRC2018_Unisex_20x_HR,Brain,,,20191213_64_H6_Channel2.csv,58786,pC1_16b,pC1_16b_R,R,"Lee 2002, Rideout 2010, Nojima 2021: pC1; Cachero 2010: pMP-e; Yu 2010: pMP4",coexpress_high,Traced,,,both,,False,True
2307,male-cns:v0.9:98113,1127.2255,314,FlyEM_Male_CNS_Brain_v0.9,m,JRC2018_Unisex_20x_HR,Brain,,,20191213_64_H6_Channel2.csv,98113,pC1_19,pC1_19_L,L,"Lee 2002, Rideout 2010, Nojima 2021: pC1",dsx_high,Traced,,,both,3971,True,True
2323,male-cns:v0.9:13495,1111.3917,596,FlyEM_Male_CNS_Brain_v0.9,m,JRC2018_Unisex_20x_HR,Brain,,,20191213_64_H6_Channel2.csv,13495,pC1_11a,pC1_11a_R,R,"Lee 2002, Rideout 2010, Nojima 2021: pC1",dsx_high,Traced,,,both,1207,True,True
2347,male-cns:v0.9:70011,1088.2542,423,FlyEM_Male_CNS_Brain_v0.9,m,JRC2018_Unisex_20x_HR,Brain,,,20191213_64_H6_Channel2.csv,70011,pC1_5b,pC1_5b_L,L,"Lee 2002, Rideout 2010, Nojima 2021: pC1; Cachero 2010: pMP-e; Yu 2010: pMP4",coexpress_high,Traced,,,both,3792,True,True
2360,male-cns:v0.9:512011,1076.9596,278,FlyEM_Male_CNS_Brain_v0.9,m,JRC2018_Unisex_20x_HR,Brain,,,20191213_64_H6_Channel2.csv,512011,pC1_12a,pC1_12a_R,R,"Lee 2002, Rideout 2010, Nojima 2021: pC1; Cachero 2010: pMP-e; Yu 2010: pMP4",coexpress_low,Traced,,,both,4267,True,True
2370,male-cns:v0.9:127881,1064.5468,339,FlyEM_Male_CNS_Brain_v0.9,m,JRC2018_Unisex_20x_HR,Brain,,,20191213_64_H6_Channel2.csv,127881,pC1_19,pC1_19_L,L,"Lee 2002, Rideout 2010, Nojima 2021: pC1",dsx_high,Traced,,,both,4068,True,True
2412,male-cns:v0.9:59527,1032.7662,313,FlyEM_Male_CNS_Brain_v0.9,m,JRC2018_Unisex_20x_HR,Brain,,,20191213_64_H6_Channel2.csv,59527,pC1_16a,pC1_16a_R,R,"Lee 2002, Rideout 2010, Nojima 2021: pC1; Cachero 2010: pMP-e; Yu 2010: pMP4",coexpress_high,Traced,,,both,,False,True
2419,male-cns:v0.9:33553,1028.5518,280,FlyEM_Male_CNS_Brain_v0.9,m,JRC2018_Unisex_20x_HR,Brain,,,20191213_64_H6_Channel2.csv,33553,pC1_14a,pC1_14a_R,R,"Lee 2002, Rideout 2010, Nojima 2021: pC1; Cachero 2010: pMP-e; Yu 2010: pMP4",coexpress_low,Traced,,,both,3279,True,True
2429,male-cns:v0.9:19705,1022.7193,539,FlyEM_Male_CNS_Brain_v0.9,m,JRC2018_Unisex_20x_HR,Brain,,,20191213_64_H6_Channel2.csv,19705,pC1_2b,pC1_2b_R,R,"Lee 2002, Rideout 2010, Nojima 2021: pC1; Cachero 2010: pMP-e; Yu 2010: pMP4",coexpress_high,Traced,,,both,2287,True,True
2443,male-cns:v0.9:29214,1003.9088,333,FlyEM_Male_CNS_Brain_v0.9,m,JRC2018_Unisex_20x_HR,Brain,,,20191213_64_H6_Channel2.csv,29214,pC1_14a,pC1_14a_R,R,"Lee 2002, Rideout 2010, Nojima 2021: pC1; Cachero 2010: pMP-e; Yu 2010: pMP4",coexpress_low,Traced,,,both,3097,True,True
2453,male-cns:v0.9:22093,994.9666,568,FlyEM_Male_CNS_Brain_v0.9,m,JRC2018_Unisex_20x_HR,Brain,,,20191213_64_H6_Channel2.csv,22093,pC1_2c,pC1_2c_L,L,"Lee 2002, Rideout 2010, Nojima 2021: pC1; Cachero 2010: pMP-e; Yu 2010: pMP4",coexpress_high,Traced,,,both,2558,True,True
2454,male-cns:v0.9:19085,994.7099,308,FlyEM_Male_CNS_Brain_v0.9,m,JRC2018_Unisex_20x_HR,Brain,,,20191213_64_H6_Channel2.csv,19085,pC1_1a,pC1_1a_R,R,"Lee 2002, Rideout 2010, Nojima 2021: pC1; Cachero 2010: pMP-e; Yu 2010: pMP4",coexpress_high,Traced,,,both,,False,True
2501,male-cns:v0.9:13266,959.72784,572,FlyEM_Male_CNS_Brain_v0.9,m,JRC2018_Unisex_20x_HR,Brain,,,20191213_64_H6_Channel2.csv,13266,pC1_3b,pC1_3b_L,L,"Lee 2002, Rideout 2010, Nojima 2021: pC1; Cachero 2010: pMP-e; Yu 2010: pMP4",coexpress_high,Traced,,,both,1152,True,True
2525,male-cns:v0.9:29280,940.0511,470,FlyEM_Male_CNS_Brain_v0.9,m,JRC2018_Unisex_20x_HR,Brain,,,20191213_64_H6_Channel2.csv,29280,pC1_1a,pC1_1a_R,R,"Lee 2002, Rideout 2010, Nojima 2021: pC1; Cachero 2010: pMP-e; Yu 2010: pMP4",coexpress_high,Traced,,,both,,False,True
2527,male-cns:v0.9:514925,936.9159,386,FlyEM_Male_CNS_Brain_v0.9,m,JRC2018_Unisex_20x_HR,Brain,,,20191213_64_H6_Channel2.csv,514925,pC1_3b,pC1_3b_R,R,"Lee 2002, Rideout 2010, Nojima 2021: pC1; Cachero 2010: pMP-e; Yu 2010: pMP4",coexpress_high,Traced,,,both,,False,True
2528,male-cns:v0.9:125721,936.2275,325,FlyEM_Male_CNS_Brain_v0.9,m,JRC2018_Unisex_20x_HR,Brain,,,20191213_64_H6_Channel2.csv,125721,pC1_19,pC1_19_R,R,"Lee 2002, Rideout 2010, Nojima 2021: pC1",dsx_high,Traced,,,both,4063,True,True
2531,male-cns:v0.9:26993,934.79895,520,FlyEM_Male_CNS_Brain_v0.9,m,JRC2018_Unisex_20x_HR,Brain,,,20191213_64_H6_Channel2.csv,26993,pC1_1b,pC1_1b_R,R,"Lee 2002, Rideout 2010, Nojima 2021: pC1; Cachero 2010: pMP-e; Yu 2010: pMP4",coexpress_high,Traced,,,both,2963,True,True
2532,male-cns:v0.9:555746,934.28235,410,FlyEM_Male_CNS_Brain_v0.9,m,JRC2018_Unisex_20x_HR,Brain,,,20191213_64_H6_Channel2.csv,555746,pC1_13b,pC1_13b_R,R,"Lee 2002, Rideout 2010, Nojima 2021: pC1",dsx_high,Traced,,,both,,False,True
2536,male-cns:v0.9:15035,933.39594,336,FlyEM_Male_CNS_Brain_v0.9,m,JRC2018_Unisex_20x_HR,Brain,,,20191213_64_H6_Channel2.csv,15035,pC1_18b,pC1_18b_R,R,"Lee 2002, Rideout 2010, Nojima 2021: pC1",dsx_low,Traced,,,both,1535,True,True
2537,male-cns:v0.9:25746,932.84515,335,FlyEM_Male_CNS_Brain_v0.9,m,JRC2018_Unisex_20x_HR,Brain,,,20191213_64_H6_Channel2.csv,25746,pC1_16b,pC1_16b_R,R,"Lee 2002, Rideout 2010, Nojima 2021: pC1; Cachero 2010: pMP-e; Yu 2010: pMP4",coexpress_high,Traced,,,both,,False,True
2538,male-cns:v0.9:18990,931.9586,661,FlyEM_Male_CNS_Brain_v0.9,m,JRC2018_Unisex_20x_HR,Brain,,,20191213_64_H6_Channel2.csv,18990,pC1_11a,pC1_11a_L,L,"Lee 2002, Rideout 2010, Nojima 2021: pC1",dsx_high,Traced,,,both,2186,True,True
2540,male-cns:v0.9:46570,927.77246,302,FlyEM_Male_CNS_Brain_v0.9,m,JRC2018_Unisex_20x_HR,Brain,,,20191213_64_H6_Channel2.csv,46570,pC1_14b,pC1_14b_L,L,"Lee 2002, Rideout 2010, Nojima 2021: pC1; Cachero 2010: pMP-e; Yu 2010: pMP4",coexpress_low,Traced,,,both,3587,True,True
2550,male-cns:v0.9:23924,918.9683,316,FlyEM_Male_CNS_Brain_v0.9,m,JRC2018_Unisex_20x_HR,Brain,,,20191213_64_H6_Channel2.csv,23924,pC1_13b,pC1_13b_L,L,"Lee 2002, Rideout 2010, Nojima 2021: pC1",dsx_high,Traced,,,both,2714,True,True
2554,male-cns:v0.9:44515,915.57306,295,FlyEM_Male_CNS_Brain_v0.9,m,JRC2018_Unisex_20x_HR,Brain,,,20191213_64_H6_Channel2.csv,44515,pC1_14a,pC1_14a_L,L,"Lee 2002, Rideout 2010, Nojima 2021: pC1; Cachero 2010: pMP-e; Yu 2010: pMP4",coexpress_low,Traced,,,both,3549,True,True
2565,male-cns:v0.9:524747,905.14325,469,FlyEM_Male_CNS_Brain_v0.9,m,JRC2018_Unisex_20x_HR,Brain,,,20191213_64_H6_Channel2.csv,524747,pC1_2a,pC1_2a_L,L,"Lee 2002, Rideout 2010, Nojima 2021: pC1; Cachero 2010: pMP-e; Yu 2010: pMP4",coexpress_high,Traced,,,both,5000,True,True
2576,male-cns:v0.9:23695,899.22766,325,FlyEM_Male_CNS_Brain_v0.9,m,JRC2018_Unisex_20x_HR,Brain,,,20191213_64_H6_Channel2.csv,23695,pC1_14a,pC1_14a_L,L,"Lee 2002, Rideout 2010, Nojima 2021: pC1; Cachero 2010: pMP-e; Yu 2010: pMP4",coexpress_low,Traced,,,both,2690,True,True
2581,male-cns:v0.9:33041,896.4121,357,FlyEM_Male_CNS_Brain_v0.9,m,JRC2018_Unisex_20x_HR,Brain,,,20191213_64_H6_Channel2.csv,33041,pC1_16b,pC1_16b_R,R,"Lee 2002, Rideout 2010, Nojima 2021: pC1; Cachero 2010: pMP-e; Yu 2010: pMP4",coexpress_high,Traced,,,both,,False,True
2603,male-cns:v0.9:267996,880.9162,411,FlyEM_Male_CNS_Brain_v0.9,m,JRC2018_Unisex_20x_HR,Brain,,,20191213_64_H6_Channel2.csv,267996,pC1_9a,pC1_9a_R,R,,,Traced,,,both,,False,True
2622,male-cns:v0.9:17387,871.36365,459,FlyEM_Male_CNS_Brain_v0.9,m,JRC2018_Unisex_20x_HR,Brain,,,20191213_64_H6_Channel2.csv,17387,pC1_2a/2b,pC1_2a/2b_R,R,"Lee 2002, Rideout 2010, Nojima 2021: pC1; Cachero 2010: pMP-e; Yu 2010: pMP4",coexpress_high,Traced,,,both,,False,True
2646,male-cns:v0.9:23968,852.93274,286,FlyEM_Male_CNS_Brain_v0.9,m,JRC2018_Unisex_20x_HR,Brain,,,20191213_64_H6_Channel2.csv,23968,pC1_4a,pC1_4a_R,R,"Lee 2002, Rideout 2010, Nojima 2021: pC1",dsx_high,Traced,,,both,2720,True,True
2657,male-cns:v0.9:524296,846.3388,549,FlyEM_Male_CNS_Brain_v0.9,m,JRC2018_Unisex_20x_HR,Brain,,,20191213_64_H6_Channel2.csv,524296,pC1_1a,pC1_1a_L,L,"Lee 2002, Rideout 2010, Nojima 2021: pC1; Cachero 2010: pMP-e; Yu 2010: pMP4",coexpress_high,Traced,,,both,4975,True,True
2669,male-cns:v0.9:13562,838.75616,401,FlyEM_Male_CNS_Brain_v0.9,m,JRC2018_Unisex_20x_HR,Brain,,,20191213_64_H6_Channel2.csv,13562,pC1_12b,pC1_12b_L,L,"Lee 2002, Rideout 2010, Nojima 2021: pC1",dsx_high,Traced,,,both,1219,True,True
2672,male-cns:v0.9:16262,837.7626,598,FlyEM_Male_CNS_Brain_v0.9,m,JRC2018_Unisex_20x_HR,Brain,,,20191213_64_H6_Channel2.csv,16262,pC1_1b,pC1_1b_L,L,"Lee 2002, Rideout 2010, Nojima 2021: pC1; Cachero 2010: pMP-e; Yu 2010: pMP4",coexpress_high,Traced,,,both,1760,True,True
2687,male-cns:v0.9:23661,829.02045,301,FlyEM_Male_CNS_Brain_v0.9,m,JRC2018_Unisex_20x_HR,Brain,,,20191213_64_H6_Channel2.csv,23661,pC1_17b,pC1_17b_L,L,"Lee 2002, Rideout 2010, Nojima 2021: pC1; Cachero 2010: pMP-e; Yu 2010: pMP4",coexpress_low,Traced,,,both,,False,True
2694,male-cns:v0.9:22818,821.9298,281,FlyEM_Male_CNS_Brain_v0.9,m,JRC2018_Unisex_20x_HR,Brain,,,20191213_64_H6_Channel2.csv,22818,pC1_17a,pC1_17a_R,R,"Lee 2002, Rideout 2010, Nojima 2021: pC1; Cachero 2010: pMP-e; Yu 2010: pMP4",coexpress_low,Traced,,,both,2626,True,True
2697,male-cns:v0.9:20751,819.4564,335,FlyEM_Male_CNS_Brain_v0.9,m,JRC2018_Unisex_20x_HR,Brain,,,20191213_64_H6_Channel2.csv,20751,pC1_16a,pC1_16a_L,L,"Lee 2002, Rideout 2010, Nojima 2021: pC1; Cachero 2010: pMP-e; Yu 2010: pMP4",coexpress_high,Traced,,,both,2422,True,True
2701,male-cns:v0.9:28972,817.6773,245,FlyEM_Male_CNS_Brain_v0.9,m,JRC2018_Unisex_20x_HR,Brain,,,20191213_64_H6_Channel2.csv,28972,pC1_15b,pC1_15b_L,L,"Lee 2002, Rideout 2010, Nojima 2021: pC1; Cachero 2010: pMP-e; Yu 2010: pMP4",coexpress_low,Traced,,,both,3082,True,True
2709,male-cns:v0.9:25345,810.88324,432,FlyEM_Male_CNS_Brain_v0.9,m,JRC2018_Unisex_20x_HR,Brain,,,20191213_64_H6_Channel2.csv,25345,pC1_9b,pC1_9b_R,R,,,Traced,,,both,,False,True
2712,male-cns:v0.9:20255,809.27295,511,FlyEM_Male_CNS_Brain_v0.9,m,JRC2018_Unisex_20x_HR,Brain,,,20191213_64_H6_Channel2.csv,20255,pC1_1a,pC1_1a_L,L,"Lee 2002, Rideout 2010, Nojima 2021: pC1; Cachero 2010: pMP-e; Yu 2010: pMP4",coexpress_high,Traced,,,both,2357,True,True
2714,male-cns:v0.9:18554,808.66583,216,FlyEM_Male_CNS_Brain_v0.9,m,JRC2018_Unisex_20x_HR,Brain,,,20191213_64_H6_Channel2.csv,18554,pC1_12b,pC1_12b_R,R,"Lee 2002, Rideout 2010, Nojima 2021: pC1",dsx_high,Traced,,,both,2125,True,True
2717,male-cns:v0.9:25740,807.94666,373,FlyEM_Male_CNS_Brain_v0.9,m,JRC2018_Unisex_20x_HR,Brain,,,20191213_64_H6_Channel2.csv,25740,pC1_14b,pC1_14b_R,R,"Lee 2002, Rideout 2010, Nojima 2021: pC1; Cachero 2010: pMP-e; Yu 2010: pMP4",coexpress_low,Traced,,,both,2888,True,True
2729,male-cns:v0.9:68624,800.0978,353,FlyEM_Male_CNS_Brain_v0.9,m,JRC2018_Unisex_20x_HR,Brain,,,20191213_64_H6_Channel2.csv,68624,pC1_19,pC1_19_L,L,"Lee 2002, Rideout 2010, Nojima 2021: pC1",dsx_high,Traced,,,both,3783,True,True
2734,male-cns:v0.9:55986,798.5247,247,FlyEM_Male_CNS_Brain_v0.9,m,JRC2018_Unisex_20x_HR,Brain,,,20191213_64_H6_Channel2.csv,55986,pC1_14a,pC1_14a_L,L,"Lee 2002, Rideout 2010, Nojima 2021: pC1; Cachero 2010: pMP-e; Yu 2010: pMP4",coexpress_low,Traced,,,both,3687,True,True
2739,male-cns:v0.9:66610,794.4914,369,FlyEM_Male_CNS_Brain_v0.9,m,JRC2018_Unisex_20x_HR,Brain,,,20191213_64_H6_Channel2.csv,66610,pC1_16b,pC1_16b_R,R,"Lee 2002, Rideout 2010, Nojima 2021: pC1; Cachero 2010: pMP-e; Yu 2010: pMP4",coexpress_high,Traced,,,both,,False,True
2759,male-cns:v0.9:21538,778.1831,257,FlyEM_Male_CNS_Brain_v0.9,m,JRC2018_Unisex_20x_HR,Brain,,,20191213_64_H6_Channel2.csv,21538,pC1_13b,pC1_13b_L,L,"Lee 2002, Rideout 2010, Nojima 2021: pC1",dsx_high,Traced,,,both,2504,True,True
2763,male-cns:v0.9:67624,775.3661,343,FlyEM_Male_CNS_Brain_v0.9,m,JRC2018_Unisex_20x_HR,Brain,,,20191213_64_H6_Channel2.csv,67624,pC1_16a,pC1_16a_R,R,"Lee 2002, Rideout 2010, Nojima 2021: pC1; Cachero 2010: pMP-e; Yu 2010: pMP4",coexpress_high,Traced,,,both,,False,True
2787,male-cns:v0.9:79642,758.66266,261,FlyEM_Male_CNS_Brain_v0.9,m,JRC2018_Unisex_20x_HR,Brain,,,20191213_64_H6_Channel2.csv,79642,pC1_19,pC1_19_R,R,"Lee 2002, Rideout 2010, Nojima 2021: pC1",dsx_high,Traced,,,both,3860,True,True
2804,male-cns:v0.9:13655,745.76416,351,FlyEM_Male_CNS_Brain_v0.9,m,JRC2018_Unisex_20x_HR,Brain,,,20191213_64_H6_Channel2.csv,13655,pC1_11b,pC1_11b_R,R,"Lee 2002, Rideout 2010, Nojima 2021: pC1",dsx_high,Traced,,,both,1247,True,True
2808,male-cns:v0.9:19672,740.26215,327,FlyEM_Male_CNS_Brain_v0.9,m,JRC2018_Unisex_20x_HR,Brain,,,20191213_64_H6_Channel2.csv,19672,pC1_13a,pC1_13a_R,R,"Lee 2002, Rideout 2010, Nojima 2021: pC1; Cachero 2010: pMP-e; Yu 2010: pMP4",coexpress_high,Traced,,,both,2282,True,True
2817,male-cns:v0.9:23787,734.6352,383,FlyEM_Male_CNS_Brain_v0.9,m,JRC2018_Unisex_20x_HR,Brain,,,20191213_64_H6_Channel2.csv,23787,pC1_13c,pC1_13c_L,L,"Lee 2002, Rideout 2010, Nojima 2021: pC1",dsx_high,Traced,,,both,2700,True,True
2819,male-cns:v0.9:108816,733.53357,162,FlyEM_Male_CNS_Brain_v0.9,m,JRC2018_Unisex_20x_HR,Brain,,,20191213_64_H6_Channel2.csv,108816,pC1_15a,pC1_15a_L,L,"Lee 2002, Rideout 2010, Nojima 2021: pC1; Cachero 2010: pMP-e; Yu 2010: pMP4",coexpress_high,Traced,,,both,4014,True,True
2828,male-cns:v0.9:170209,727.58344,319,FlyEM_Male_CNS_Brain_v0.9,m,JRC2018_Unisex_20x_HR,Brain,,,20191213_64_H6_Channel2.csv,170209,pC1_19,pC1_19_R,R,"Lee 2002, Rideout 2010, Nojima 2021: pC1",dsx_high,Traced,,,both,4142,True,True
2833,male-cns:v0.9:156865,722.12836,299,FlyEM_Male_CNS_Brain_v0.9,m,JRC2018_Unisex_20x_HR,Brain,,,20191213_64_H6_Channel2.csv,156865,pC1_19,pC1_19_L,L,"Lee 2002, Rideout 2010, Nojima 2021: pC1",dsx_high,Traced,,,both,4123,True,True
2865,male-cns:v0.9:535835,709.25116,234,FlyEM_Male_CNS_Brain_v0.9,m,JRC2018_Unisex_20x_HR,Brain,,,20191213_64_H6_Channel2.csv,535835,pC1_16b,pC1_16b_L,L,"Lee 2002, Rideout 2010, Nojima 2021: pC1; Cachero 2010: pMP-e; Yu 2010: pMP4",coexpress_high,Traced,,,both,5222,True,True
2879,male-cns:v0.9:25204,704.2138,334,FlyEM_Male_CNS_Brain_v0.9,m,JRC2018_Unisex_20x_HR,Brain,,,20191213_64_H6_Channel2.csv,25204,pC1_13a,pC1_13a_L,L,"Lee 2002, Rideout 2010, Nojima 2021: pC1; Cachero 2010: pMP-e; Yu 2010: pMP4",coexpress_high,Traced,,,both,2844,True,True
2921,male-cns:v0.9:557035,681.8964,322,FlyEM_Male_CNS_Brain_v0.9,m,JRC2018_Unisex_20x_HR,Brain,,,20191213_64_H6_Channel2.csv,557035,pC1_5b,pC1_5b_L,L,"Lee 2002, Rideout 2010, Nojima 2021: pC1; Cachero 2010: pMP-e; Yu 2010: pMP4",coexpress_high,Traced,,,both,5296,True,True
2926,male-cns:v0.9:23789,678.5755,179,FlyEM_Male_CNS_Brain_v0.9,m,JRC2018_Unisex_20x_HR,Brain,,,20191213_64_H6_Channel2.csv,23789,pC1_16a,pC1_16a_L,L,"Lee 2002, Rideout 2010, Nojima 2021: pC1; Cachero 2010: pMP-e; Yu 2010: pMP4",coexpress_high,Traced,,,both,2701,True,True
2930,male-cns:v0.9:519914,677.0373,429,FlyEM_Male_CNS_Brain_v0.9,m,JRC2018_Unisex_20x_HR,Brain,,,20191213_64_H6_Channel2.csv,519914,pC1_1a,pC1_1a_L,L,"Lee 2002, Rideout 2010, Nojima 2021: pC1; Cachero 2010: pMP-e; Yu 2010: pMP4",coexpress_high,Traced,,,both,4678,True,True
2949,male-cns:v0.9:36545,666.289,275,FlyEM_Male_CNS_Brain_v0.9,m,JRC2018_Unisex_20x_HR,Brain,,,20191213_64_H6_Channel2.csv,36545,pC1_17b,pC1_17b_R,R,"Lee 2002, Rideout 2010, Nojima 2021: pC1; Cachero 2010: pMP-e; Yu 2010: pMP4",coexpress_low,Traced,,,both,,False,True
2951,male-cns:v0.9:526918,666.0476,524,FlyEM_Male_CNS_Brain_v0.9,m,JRC2018_Unisex_20x_HR,Brain,,,20191213_64_H6_Channel2.csv,526918,pC1_1a,pC1_1a_R,R,"Lee 2002, Rideout 2010, Nojima 2021: pC1; Cachero 2010: pMP-e; Yu 2010: pMP4",coexpress_high,Traced,,,both,5064,True,True
2965,male-cns:v0.9:35202,662.01886,283,FlyEM_Male_CNS_Brain_v0.9,m,JRC2018_Unisex_20x_HR,Brain,,,20191213_64_H6_Channel2.csv,35202,pC1_17b,pC1_17b_R,R,"Lee 2002, Rideout 2010, Nojima 2021: pC1; Cachero 2010: pMP-e; Yu 2010: pMP4",coexpress_low,Traced,,,both,,False,True
2967,male-cns:v0.9:29483,660.89166,371,FlyEM_Male_CNS_Brain_v0.9,m,JRC2018_Unisex_20x_HR,Brain,,,20191213_64_H6_Channel2.csv,29483,pC1_5b,pC1_5b_R,R,"Lee 2002, Rideout 2010, Nojima 2021: pC1; Cachero 2010: pMP-e; Yu 2010: pMP4",coexpress_high,Traced,,,both,3118,True,True
2986,male-cns:v0.9:516522,651.48254,225,FlyEM_Male_CNS_Brain_v0.9,m,JRC2018_Unisex_20x_HR,Brain,,,20191213_64_H6_Channel2.csv,516522,pC1_14a,pC1_14a_R,R,"Lee 2002, Rideout 2010, Nojima 2021: pC1; Cachero 2010: pMP-e; Yu 2010: pMP4",coexpress_low,Traced,,,both,4525,True,True
2994,male-cns:v0.9:23952,647.4699,192,FlyEM_Male_CNS_Brain_v0.9,m,JRC2018_Unisex_20x_HR,Brain,,,20191213_64_H6_Channel2.csv,23952,pC1_16a,pC1_16a_R,R,"Lee 2002, Rideout 2010, Nojima 2021: pC1; Cachero 2010: pMP-e; Yu 2010: pMP4",coexpress_high,Traced,,,both,2717,True,True
3096,male-cns:v0.9:514077,583.1824,503,FlyEM_Male_CNS_Brain_v0.9,m,JRC2018_Unisex_20x_HR,Brain,,,20191213_64_H6_Channel2.csv,514077,pC1_11b,pC1_11b_L,L,"Lee 2002, Rideout 2010, Nojima 2021: pC1",dsx_high,Traced,,,both,4406,True,True
3105,male-cns:v0.9:24623,576.77246,229,FlyEM_Male_CNS_Brain_v0.9,m,JRC2018_Unisex_20x_HR,Brain,,,20191213_64_H6_Channel2.csv,24623,pC1_6b,pC1_6b_R,R,"Lee 2002, Rideout 2010, Nojima 2021: pC1",coexpress_high,Traced,,,both,2786,True,True
3115,male-cns:v0.9:513654,572.53687,366,FlyEM_Male_CNS_Brain_v0.9,m,JRC2018_Unisex_20x_HR,Brain,,,20191213_64_H6_Channel2.csv,513654,pC1_16b,pC1_16b_L,L,"Lee 2002, Rideout 2010, Nojima 2021: pC1; Cachero 2010: pMP-e; Yu 2010: pMP4",coexpress_high,Traced,,,both,,False,True
3171,male-cns:v0.9:517519,545.9137,401,FlyEM_Male_CNS_Brain_v0.9,m,JRC2018_Unisex_20x_HR,Brain,,,20191213_64_H6_Channel2.csv,517519,pC1_10b,pC1_10b_L,L,"Lee 2002, Rideout 2010, Nojima 2021: pC1",dsx_high,Traced,,,both,,False,True
3177,male-cns:v0.9:555751,543.8481,214,FlyEM_Male_CNS_Brain_v0.9,m,JRC2018_Unisex_20x_HR,Brain,,,20191213_64_H6_Channel2.csv,555751,pC1_9a,pC1_9a_R,R,,,Traced,,,both,,False,True
3185,male-cns:v0.9:32950,539.569,179,FlyEM_Male_CNS_Brain_v0.9,m,JRC2018_Unisex_20x_HR,Brain,,,20191213_64_H6_Channel2.csv,32950,pC1_5a,pC1_5a_R,R,"Lee 2002, Rideout 2010, Nojima 2021: pC1; Cachero 2010: pMP-e; Yu 2010: pMP4",coexpress_low,Traced,,,both,3254,True,True
3188,male-cns:v0.9:29043,538.4606,409,FlyEM_Male_CNS_Brain_v0.9,m,JRC2018_Unisex_20x_HR,Brain,,,20191213_64_H6_Channel2.csv,29043,pC1_7a,pC1_7a_L,L,"Lee 2002, Rideout 2010, Nojima 2021: pC1; Cachero 2010: pMP-e; Yu 2010: pMP4",coexpress_low,Traced,,,both,3085,True,True
3192,male-cns:v0.9:30391,536.56256,228,FlyEM_Male_CNS_Brain_v0.9,m,JRC2018_Unisex_20x_HR,Brain,,,20191213_64_H6_Channel2.csv,30391,pC1_8b,pC1_8b_R,R,"Lee 2002, Rideout 2010, Nojima 2021: pC1",dsx_high,Traced,,,both,3163,True,True
3196,male-cns:v0.9:32283,534.6448,205,FlyEM_Male_CNS_Brain_v0.9,m,JRC2018_Unisex_20x_HR,Brain,,,20191213_64_H6_Channel2.csv,32283,pC1_16b,pC1_16b_L,L,"Lee 2002, Rideout 2010, Nojima 2021: pC1; Cachero 2010: pMP-e; Yu 2010: pMP4",coexpress_high,Traced,,,both,,False,True
3283,male-cns:v0.9:517337,494.6544,215,FlyEM_Male_CNS_Brain_v0.9,m,JRC2018_Unisex_20x_HR,Brain,,,20191213_64_H6_Channel2.csv,517337,pC1_10a,pC1_10a_R,R,"Lee 2002, Rideout 2010, Nojima 2021: pC1",dsx_high,Traced,,,both,,False,True
3292,male-cns:v0.9:43592,489.2536,183,FlyEM_Male_CNS_Brain_v0.9,m,JRC2018_Unisex_20x_HR,Brain,,,20191213_64_H6_Channel2.csv,43592,pC1_7b,pC1_7b_R,R,"Lee 2002, Rideout 2010, Nojima 2021: pC1; Cachero 2010: pMP-e; Yu 2010: pMP4",coexpress_low,Traced,,,both,3537,True,True
3315,male-cns:v0.9:513650,481.24448,347,FlyEM_Male_CNS_Brain_v0.9,m,JRC2018_Unisex_20x_HR,Brain,,,20191213_64_H6_Channel2.csv,513650,pC1_12a,pC1_12a_L,L,"Lee 2002, Rideout 2010, Nojima 2021: pC1; Cachero 2010: pMP-e; Yu 2010: pMP4",coexpress_low,Traced,,,both,4374,True,True
3327,male-cns:v0.9:26746,473.9153,234,FlyEM_Male_CNS_Brain_v0.9,m,JRC2018_Unisex_20x_HR,Brain,,,20191213_64_H6_Channel2.csv,26746,pC1_7b,pC1_7b_R,R,"Lee 2002, Rideout 2010, Nojima 2021: pC1; Cachero 2010: pMP-e; Yu 2010: pMP4",coexpress_low,Traced,,,both,2947,True,True
3353,male-cns:v0.9:70815,464.4307,161,FlyEM_Male_CNS_Brain_v0.9,m,JRC2018_Unisex_20x_HR,Brain,,,20191213_64_H6_Channel2.csv,70815,pC1_17a,pC1_17a_L,L,"Lee 2002, Rideout 2010, Nojima 2021: pC1; Cachero 2010: pMP-e; Yu 2010: pMP4",coexpress_low,Traced,,,both,3797,True,True
3456,male-cns:v0.9:32437,421.4016,175,FlyEM_Male_CNS_Brain_v0.9,m,JRC2018_Unisex_20x_HR,Brain,,,20191213_64_H6_Channel2.csv,32437,pC1_15a,pC1_15a_R,R,"Lee 2002, Rideout 2010, Nojima 2021: pC1; Cachero 2010: pMP-e; Yu 2010: pMP4",coexpress_high,Traced,,,both,3241,True,True
3490,male-cns:v0.9:17098,409.67056,327,FlyEM_Male_CNS_Brain_v0.9,m,JRC2018_Unisex_20x_HR,Brain,,,20191213_64_H6_Channel2.csv,17098,pC1_6a,pC1_6a_L,L,Cachero 2010: pMP-e; Yu 2010: pMP4,coexpress_low,Traced,,,both,1904,True,True
3491,male-cns:v0.9:102224,409.63828,287,FlyEM_Male_CNS_Brain_v0.9,m,JRC2018_Unisex_20x_HR,Brain,,,20191213_64_H6_Channel2.csv,102224,pC1_5a,pC1_5a_L,L,"Lee 2002, Rideout 2010, Nojima 2021: pC1; Cachero 2010: pMP-e; Yu 2010: pMP4",coexpress_low,Traced,,,both,3990,True,True
3495,male-cns:v0.9:25542,408.223,246,FlyEM_Male_CNS_Brain_v0.9,m,JRC2018_Unisex_20x_HR,Brain,,,20191213_64_H6_Channel2.csv,25542,pC1_7a,pC1_7a_R,R,"Lee 2002, Rideout 2010, Nojima 2021: pC1; Cachero 2010: pMP-e; Yu 2010: pMP4",coexpress_low,Traced,,,both,2869,True,True
3519,male-cns:v0.9:30546,399.53302,324,FlyEM_Male_CNS_Brain_v0.9,m,JRC2018_Unisex_20x_HR,Brain,,,20191213_64_H6_Channel2.csv,30546,pC1_10d,pC1_10d_R,R,"Lee 2002, Rideout 2010, Nojima 2021: pC1",dsx_high,Traced,,,both,3170,True,True
3520,male-cns:v0.9:513652,399.33218,387,FlyEM_Male_CNS_Brain_v0.9,m,JRC2018_Unisex_20x_HR,Brain,,,20191213_64_H6_Channel2.csv,513652,pC1_7b,pC1_7b_L,L,"Lee 2002, Rideout 2010, Nojima 2021: pC1; Cachero 2010: pMP-e; Yu 2010: pMP4",coexpress_low,Traced,,,both,4376,True,True
3530,male-cns:v0.9:21507,396.0054,309,FlyEM_Male_CNS_Brain_v0.9,m,JRC2018_Unisex_20x_HR,Brain,,,20191213_64_H6_Channel2.csv,21507,pC1_6a,pC1_6a_R,R,Cachero 2010: pMP-e; Yu 2010: pMP4,coexpress_low,Traced,,,both,2499,True,True
3552,male-cns:v0.9:513129,387.06372,286,FlyEM_Male_CNS_Brain_v0.9,m,JRC2018_Unisex_20x_HR,Brain,,,20191213_64_H6_Channel2.csv,513129,pC1_8b,pC1_8b_L,L,"Lee 2002, Rideout 2010, Nojima 2021: pC1",dsx_high,Traced,,,both,4341,True,True
3613,male-cns:v0.9:513651,362.19162,326,FlyEM_Male_CNS_Brain_v0.9,m,JRC2018_Unisex_20x_HR,Brain,,,20191213_64_H6_Channel2.csv,513651,pC1_7b,pC1_7b_L,L,"Lee 2002, Rideout 2010, Nojima 2021: pC1; Cachero 2010: pMP-e; Yu 2010: pMP4",coexpress_low,Traced,,,both,4375,True,True
3616,male-cns:v0.9:19968,361.07385,362,FlyEM_Male_CNS_Brain_v0.9,m,JRC2018_Unisex_20x_HR,Brain,,,20191213_64_H6_Channel2.csv,19968,pC1_10d,pC1_10d_R,R,"Lee 2002, Rideout 2010, Nojima 2021: pC1",dsx_high,Traced,,,both,,False,True
3618,male-cns:v0.9:53355,360.56836,372,FlyEM_Male_CNS_Brain_v0.9,m,JRC2018_Unisex_20x_HR,Brain,,,20191213_64_H6_Channel2.csv,53355,pC1_7a,pC1_7a_L,L,"Lee 2002, Rideout 2010, Nojima 2021: pC1; Cachero 2010: pMP-e; Yu 2010: pMP4",coexpress_low,Traced,,,both,3664,True,True
3623,male-cns:v0.9:521453,358.9706,313,FlyEM_Male_CNS_Brain_v0.9,m,JRC2018_Unisex_20x_HR,Brain,,,20191213_64_H6_Channel2.csv,521453,pC1_6a,pC1_6a_L,L,Cachero 2010: pMP-e; Yu 2010: pMP4,coexpress_low,Traced,,,both,4798,True,True
3625,male-cns:v0.9:515977,358.94717,329,FlyEM_Male_CNS_Brain_v0.9,m,JRC2018_Unisex_20x_HR,Brain,,,20191213_64_H6_Channel2.csv,515977,pC1_10b,pC1_10b_R,R,"Lee 2002, Rideout 2010, Nojima 2021: pC1",dsx_high,Traced,,,both,4500,True,True
3638,male-cns:v0.9:23651,356.28137,134,FlyEM_Male_CNS_Brain_v0.9,m,JRC2018_Unisex_20x_HR,Brain,,,20191213_64_H6_Channel2.csv,23651,pC1_17a,pC1_17a_R,R,"Lee 2002, Rideout 2010, Nojima 2021: pC1; Cachero 2010: pMP-e; Yu 2010: pMP4",coexpress_low,Traced,,,both,,False,True
3657,male-cns:v0.9:528986,349.76022,266,FlyEM_Male_CNS_Brain_v0.9,m,JRC2018_Unisex_20x_HR,Brain,,,20191213_64_H6_Channel2.csv,528986,pC1_6a,pC1_6a_R,R,Cachero 2010: pMP-e; Yu 2010: pMP4,coexpress_low,Traced,,,both,5081,True,True
3685,male-cns:v0.9:29388,339.5245,192,FlyEM_Male_CNS_Brain_v0.9,m,JRC2018_Unisex_20x_HR,Brain,,,20191213_64_H6_Channel2.csv,29388,pC1_15c,pC1_15c_R,R,"Lee 2002, Rideout 2010, Nojima 2021: pC1; Cachero 2010: pMP-e; Yu 2010: pMP4",coexpress_low,Traced,,,both,3107,True,True
3702,male-cns:v0.9:17702,336.08694,431,FlyEM_Male_CNS_Brain_v0.9,m,JRC2018_Unisex_20x_HR,Brain,,,20191213_64_H6_Channel2.csv,17702,pC1_10c,pC1_10c_R,R,"Lee 2002, Rideout 2010, Nojima 2021: pC1",dsx_high,Traced,,,both,,False,True
3712,male-cns:v0.9:41518,333.52493,153,FlyEM_Male_CNS_Brain_v0.9,m,JRC2018_Unisex_20x_HR,Brain,,,20191213_64_H6_Channel2.csv,41518,pC1_8c,pC1_8c_R,R,"Lee 2002, Rideout 2010, Nojima 2021: pC1",dsx_high,Traced,,,both,3499,True,True
3713,male-cns:v0.9:15876,332.28995,217,FlyEM_Male_CNS_Brain_v0.9,m,JRC2018_Unisex_20x_HR,Brain,,,20191213_64_H6_Channel2.csv,15876,pC1_9a,pC1_9a_L,L,,,Traced,,,both,,False,True
3722,male-cns:v0.9:71385,330.81775,373,FlyEM_Male_CNS_Brain_v0.9,m,JRC2018_Unisex_20x_HR,Brain,,,20191213_64_H6_Channel2.csv,71385,pC1_7a,pC1_7a_R,R,"Lee 2002, Rideout 2010, Nojima 2021: pC1; Cachero 2010: pMP-e; Yu 2010: pMP4",coexpress_low,Traced,,,both,3801,True,True
3783,male-cns:v0.9:17434,312.4259,254,FlyEM_Male_CNS_Brain_v0.9,m,JRC2018_Unisex_20x_HR,Brain,,,20191213_64_H6_Channel2.csv,17434,pC1_10c,pC1_10c_R,R,"Lee 2002, Rideout 2010, Nojima 2021: pC1",dsx_high,Traced,,,both,1958,True,True
3831,male-cns:v0.9:47325,295.95718,252,FlyEM_Male_CNS_Brain_v0.9,m,JRC2018_Unisex_20x_HR,Brain,,,20191213_64_H6_Channel2.csv,47325,pC1_8c,pC1_8c_L,L,"Lee 2002, Rideout 2010, Nojima 2021: pC1",dsx_high,Traced,,,both,3596,True,True
3834,male-cns:v0.9:20597,295.22427,146,FlyEM_Male_CNS_Brain_v0.9,m,JRC2018_Unisex_20x_HR,Brain,,,20191213_64_H6_Channel2.csv,20597,pC1_6a,pC1_6a_R,R,Cachero 2010: pMP-e; Yu 2010: pMP4,coexpress_low,Traced,,,both,2397,True,True
3857,male-cns:v0.9:18276,288.79355,264,FlyEM_Male_CNS_Brain_v0.9,m,JRC2018_Unisex_20x_HR,Brain,,,20191213_64_H6_Channel2.csv,18276,pC1_10a,pC1_10a_L,L,"Lee 2002, Rideout 2010, Nojima 2021: pC1",dsx_high,Traced,,,both,,False,True
3885,male-cns:v0.9:518589,279.8111,293,FlyEM_Male_CNS_Brain_v0.9,m,JRC2018_Unisex_20x_HR,Brain,,,20191213_64_H6_Channel2.csv,518589,pC1_10c,pC1_10c_L,L,"Lee 2002, Rideout 2010, Nojima 2021: pC1",dsx_high,Traced,,,both,4601,True,True
952,male-cns:v0.9:19948,3712.035,525,FlyEM_Male_CNS_Brain_v0.9,m,JRC2018_Unisex_20x_HR,Brain,P1_3c,P1_3c_R,20191213_64_H6_Channel3.csv,19948,pC1_3c,pC1_3c_R,R,"Lee 2002, Rideout 2010, Nojima 2021: pC1; Cachero 2010: pMP-e; Yu 2010: pMP4",coexpress_high,Traced,,,both,2318,True,True
1062,male-cns:v0.9:12448,3296.8962,216,FlyEM_Male_CNS_Brain_v0.9,m,JRC2018_Unisex_20x_HR,Brain,P1_18a,P1_18a_L,20191213_64_H6_Channel3.csv,12448,pC1_18a,pC1_18a_L,L,"Lee 2002, Rideout 2010, Nojima 2021: pC1",dsx_low,Traced,,,both,916,True,True
1120,male-cns:v0.9:12442,3052.4263,330,FlyEM_Male_CNS_Brain_v0.9,m,JRC2018_Unisex_20x_HR,Brain,P1_4a,P1_4a_L,20191213_64_H6_Channel3.csv,12442,pC1_4a,pC1_4a_L,L,"Lee 2002, Rideout 2010, Nojima 2021: pC1",dsx_high,Traced,,,both,913,True,True
1136,male-cns:v0.9:17867,3001.8105,531,FlyEM_Male_CNS_Brain_v0.9,m,JRC2018_Unisex_20x_HR,Brain,P1_4b,P1_4b_L,20191213_64_H6_Channel3.csv,17867,pC1_4b,pC1_4b_L,L,"Lee 2002, Rideout 2010, Nojima 2021: pC1",dsx_high,Traced,,,both,2029,True,True
1138,male-cns:v0.9:519297,2995.3206,373,FlyEM_Male_CNS_Brain_v0.9,m,JRC2018_Unisex_20x_HR,Brain,P1_2a,P1_2a_R,20191213_64_H6_Channel3.csv,519297,pC1_2a,pC1_2a_R,R,"Lee 2002, Rideout 2010, Nojima 2021: pC1; Cachero 2010: pMP-e; Yu 2010: pMP4",coexpress_high,Traced,,,both,,False,True
1157,male-cns:v0.9:20803,2955.7568,424,FlyEM_Male_CNS_Brain_v0.9,m,JRC2018_Unisex_20x_HR,Brain,P1_4a,P1_4a_R,20191213_64_H6_Channel3.csv,20803,pC1_4a,pC1_4a_R,R,"Lee 2002, Rideout 2010, Nojima 2021: pC1",dsx_high,Traced,,,both,2427,True,True
1197,male-cns:v0.9:15329,2828.849,340,FlyEM_Male_CNS_Brain_v0.9,m,JRC2018_Unisex_20x_HR,Brain,P1_2a,P1_2a_R,20191213_64_H6_Channel3.csv,15329,pC1_2a,pC1_2a_R,R,"Lee 2002, Rideout 2010, Nojima 2021: pC1; Cachero 2010: pMP-e; Yu 2010: pMP4",coexpress_high,Traced,,,both,,False,True
1272,male-cns:v0.9:18017,2636.811,465,FlyEM_Male_CNS_Brain_v0.9,m,JRC2018_Unisex_20x_HR,Brain,P1_3c,P1_3c_L,20191213_64_H6_Channel3.csv,18017,pC1_3c,pC1_3c_L,L,"Lee 2002, Rideout 2010, Nojima 2021: pC1; Cachero 2010: pMP-e; Yu 2010: pMP4",coexpress_high,Traced,,,both,2055,True,True
1319,male-cns:v0.9:519518,2492.6372,311,FlyEM_Male_CNS_Brain_v0.9,m,JRC2018_Unisex_20x_HR,Brain,P1_4a,P1_4a_L,20191213_64_H6_Channel3.csv,519518,pC1_4a,pC1_4a_L,L,"Lee 2002, Rideout 2010, Nojima 2021: pC1",dsx_high,Traced,,,both,4646,True,True
1414,male-cns:v0.9:15208,2236.396,330,FlyEM_Male_CNS_Brain_v0.9,m,JRC2018_Unisex_20x_HR,Brain,P1_1a,P1_1a_L,20191213_64_H6_Channel3.csv,15208,pC1_1a,pC1_1a_L,L,"Lee 2002, Rideout 2010, Nojima 2021: pC1; Cachero 2010: pMP-e; Yu 2010: pMP4",coexpress_high,Traced,,,both,1565,True,True
1429,male-cns:v0.9:29143,2204.7644,414,FlyEM_Male_CNS_Brain_v0.9,m,JRC2018_Unisex_20x_HR,Brain,P1_5b,P1_5b_R,20191213_64_H6_Channel3.csv,29143,pC1_5b,pC1_5b_R,R,"Lee 2002, Rideout 2010, Nojima 2021: pC1; Cachero 2010: pMP-e; Yu 2010: pMP4",coexpress_high,Traced,,,both,3091,True,True
1452,male-cns:v0.9:522419,2159.2534,388,FlyEM_Male_CNS_Brain_v0.9,m,JRC2018_Unisex_20x_HR,Brain,P1_4a,P1_4a_L,20191213_64_H6_Channel3.csv,522419,pC1_4a,pC1_4a_L,L,"Lee 2002, Rideout 2010, Nojima 2021: pC1",dsx_high,Traced,,,both,4859,True,True
1477,male-cns:v0.9:19894,2113.5688,391,FlyEM_Male_CNS_Brain_v0.9,m,JRC2018_Unisex_20x_HR,Brain,P1_3c,P1_3c_R,20191213_64_H6_Channel3.csv,19894,pC1_3c,pC1_3c_R,R,"Lee 2002, Rideout 2010, Nojima 2021: pC1; Cachero 2010: pMP-e; Yu 2010: pMP4",coexpress_high,Traced,,,both,,False,True
1508,male-cns:v0.9:13266,2059.7485,465,FlyEM_Male_CNS_Brain_v0.9,m,JRC2018_Unisex_20x_HR,Brain,P1_3b,P1_3b_L,20191213_64_H6_Channel3.csv,13266,pC1_3b,pC1_3b_L,L,"Lee 2002, Rideout 2010, Nojima 2021: pC1; Cachero 2010: pMP-e; Yu 2010: pMP4",coexpress_high,Traced,,,both,1152,True,True
1527,male-cns:v0.9:70011,2019.0146,368,FlyEM_Male_CNS_Brain_v0.9,m,JRC2018_Unisex_20x_HR,Brain,P1_5b,P1_5b_L,20191213_64_H6_Channel3.csv,70011,pC1_5b,pC1_5b_L,L,"Lee 2002, Rideout 2010, Nojima 2021: pC1; Cachero 2010: pMP-e; Yu 2010: pMP4",coexpress_high,Traced,,,both,3792,True,True
1538,male-cns:v0.9:20392,2000.216,444,FlyEM_Male_CNS_Brain_v0.9,m,JRC2018_Unisex_20x_HR,Brain,P1_2c,P1_2c_R,20191213_64_H6_Channel3.csv,20392,pC1_2c,pC1_2c_R,R,"Lee 2002, Rideout 2010, Nojima 2021: pC1; Cachero 2010: pMP-e; Yu 2010: pMP4",coexpress_high,Traced,,,both,2364,True,True
1552,male-cns:v0.9:17564,1971.5039,445,FlyEM_Male_CNS_Brain_v0.9,m,JRC2018_Unisex_20x_HR,Brain,P1_2a,P1_2a_L,20191213_64_H6_Channel3.csv,17564,pC1_2a,pC1_2a_L,L,"Lee 2002, Rideout 2010, Nojima 2021: pC1; Cachero 2010: pMP-e; Yu 2010: pMP4",coexpress_high,Traced,,,both,,False,True
1568,male-cns:v0.9:16719,1929.1902,428,FlyEM_Male_CNS_Brain_v0.9,m,JRC2018_Unisex_20x_HR,Brain,P1_4b,P1_4b_R,20191213_64_H6_Channel3.csv,16719,pC1_4b,pC1_4b_R,R,"Lee 2002, Rideout 2010, Nojima 2021: pC1",dsx_high,Traced,,,both,1836,True,True
1584,male-cns:v0.9:22093,1887.564,350,FlyEM_Male_CNS_Brain_v0.9,m,JRC2018_Unisex_20x_HR,Brain,P1_2c,P1_2c_L,20191213_64_H6_Channel3.csv,22093,pC1_2c,pC1_2c_L,L,"Lee 2002, Rideout 2010, Nojima 2021: pC1; Cachero 2010: pMP-e; Yu 2010: pMP4",coexpress_high,Traced,,,both,2558,True,True
1611,male-cns:v0.9:19650,1830.9723,427,FlyEM_Male_CNS_Brain_v0.9,m,JRC2018_Unisex_20x_HR,Brain,P1_3a,P1_3a_L,20191213_64_H6_Channel3.csv,19650,pC1_3a,pC1_3a_L,L,"Lee 2002, Rideout 2010, Nojima 2021: pC1; Cachero 2010: pMP-e; Yu 2010: pMP4",coexpress_high,Traced,,,both,2279,True,True
1615,male-cns:v0.9:13495,1825.2826,398,FlyEM_Male_CNS_Brain_v0.9,m,JRC2018_Unisex_20x_HR,Brain,P1_11a,P1_11a_R,20191213_64_H6_Channel3.csv,13495,pC1_11a,pC1_11a_R,R,"Lee 2002, Rideout 2010, Nojima 2021: pC1",dsx_high,Traced,,,both,1207,True,True
1639,male-cns:v0.9:17851,1781.7905,264,FlyEM_Male_CNS_Brain_v0.9,m,JRC2018_Unisex_20x_HR,Brain,P1_12b,P1_12b_L,20191213_64_H6_Channel3.csv,17851,pC1_12b,pC1_12b_L,L,"Lee 2002, Rideout 2010, Nojima 2021: pC1",dsx_high,Traced,,,both,2027,True,True
1650,male-cns:v0.9:17387,1772.8328,469,FlyEM_Male_CNS_Brain_v0.9,m,JRC2018_Unisex_20x_HR,Brain,P1_2a/2b,P1_2a/2b_R,20191213_64_H6_Channel3.csv,17387,pC1_2a/2b,pC1_2a/2b_R,R,"Lee 2002, Rideout 2010, Nojima 2021: pC1; Cachero 2010: pMP-e; Yu 2010: pMP4",coexpress_high,Traced,,,both,,False,True
1716,male-cns:v0.9:19136,1681.9027,352,FlyEM_Male_CNS_Brain_v0.9,m,JRC2018_Unisex_20x_HR,Brain,P1_3c,P1_3c_L,20191213_64_H6_Channel3.csv,19136,pC1_3c,pC1_3c_L,L,"Lee 2002, Rideout 2010, Nojima 2021: pC1; Cachero 2010: pMP-e; Yu 2010: pMP4",coexpress_high,Traced,,,both,2210,True,True
1759,male-cns:v0.9:20117,1607.2014,284,FlyEM_Male_CNS_Brain_v0.9,m,JRC2018_Unisex_20x_HR,Brain,P1_4a,P1_4a_R,20191213_64_H6_Channel3.csv,20117,pC1_4a,pC1_4a_R,R,"Lee 2002, Rideout 2010, Nojima 2021: pC1",dsx_high,Traced,,,both,2341,True,True
1794,male-cns:v0.9:18913,1544.0768,505,FlyEM_Male_CNS_Brain_v0.9,m,JRC2018_Unisex_20x_HR,Brain,P1_2b,P1_2b_L,20191213_64_H6_Channel3.csv,18913,pC1_2b,pC1_2b_L,L,"Lee 2002, Rideout 2010, Nojima 2021: pC1; Cachero 2010: pMP-e; Yu 2010: pMP4",coexpress_high,Traced,,,both,2174,True,True
1827,male-cns:v0.9:19085,1512.0142,322,FlyEM_Male_CNS_Brain_v0.9,m,JRC2018_Unisex_20x_HR,Brain,P1_1a,P1_1a_R,20191213_64_H6_Channel3.csv,19085,pC1_1a,pC1_1a_R,R,"Lee 2002, Rideout 2010, Nojima 2021: pC1; Cachero 2010: pMP-e; Yu 2010: pMP4",coexpress_high,Traced,,,both,,False,True
1843,male-cns:v0.9:18974,1495.3864,512,FlyEM_Male_CNS_Brain_v0.9,m,JRC2018_Unisex_20x_HR,Brain,P1_3a,P1_3a_R,20191213_64_H6_Channel3.csv,18974,pC1_3a,pC1_3a_R,R,"Lee 2002, Rideout 2010, Nojima 2021: pC1; Cachero 2010: pMP-e; Yu 2010: pMP4",coexpress_high,Traced,,,both,2182,True,True
1845,male-cns:v0.9:29280,1492.8707,451,FlyEM_Male_CNS_Brain_v0.9,m,JRC2018_Unisex_20x_HR,Brain,P1_1a,P1_1a_R,20191213_64_H6_Channel3.csv,29280,pC1_1a,pC1_1a_R,R,"Lee 2002, Rideout 2010, Nojima 2021: pC1; Cachero 2010: pMP-e; Yu 2010: pMP4",coexpress_high,Traced,,,both,,False,True
1848,male-cns:v0.9:557035,1488.4365,280,FlyEM_Male_CNS_Brain_v0.9,m,JRC2018_Unisex_20x_HR,Brain,P1_5b,P1_5b_L,20191213_64_H6_Channel3.csv,557035,pC1_5b,pC1_5b_L,L,"Lee 2002, Rideout 2010, Nojima 2021: pC1; Cachero 2010: pMP-e; Yu 2010: pMP4",coexpress_high,Traced,,,both,5296,True,True
1854,male-cns:v0.9:19705,1473.645,463,FlyEM_Male_CNS_Brain_v0.9,m,JRC2018_Unisex_20x_HR,Brain,P1_2b,P1_2b_R,20191213_64_H6_Channel3.csv,19705,pC1_2b,pC1_2b_R,R,"Lee 2002, Rideout 2010, Nojima 2021: pC1; Cachero 2010: pMP-e; Yu 2010: pMP4",coexpress_high,Traced,,,both,2287,True,True
1860,male-cns:v0.9:23968,1463.8391,313,FlyEM_Male_CNS_Brain_v0.9,m,JRC2018_Unisex_20x_HR,Brain,P1_4a,P1_4a_R,20191213_64_H6_Channel3.csv,23968,pC1_4a,pC1_4a_R,R,"Lee 2002, Rideout 2010, Nojima 2021: pC1",dsx_high,Traced,,,both,2720,True,True
1912,male-cns:v0.9:26833,1381.6259,166,FlyEM_Male_CNS_Brain_v0.9,m,JRC2018_Unisex_20x_HR,Brain,P1_16b,P1_16b_L,20191213_64_H6_Channel3.csv,26833,pC1_16b,pC1_16b_L,L,"Lee 2002, Rideout 2010, Nojima 2021: pC1; Cachero 2010: pMP-e; Yu 2010: pMP4",coexpress_high,Traced,,,both,,False,True
1922,male-cns:v0.9:26993,1363.2107,406,FlyEM_Male_CNS_Brain_v0.9,m,JRC2018_Unisex_20x_HR,Brain,P1_1b,P1_1b_R,20191213_64_H6_Channel3.csv,26993,pC1_1b,pC1_1b_R,R,"Lee 2002, Rideout 2010, Nojima 2021: pC1; Cachero 2010: pMP-e; Yu 2010: pMP4",coexpress_high,Traced,,,both,2963,True,True
1924,male-cns:v0.9:514925,1359.404,428,FlyEM_Male_CNS_Brain_v0.9,m,JRC2018_Unisex_20x_HR,Brain,P1_3b,P1_3b_R,20191213_64_H6_Channel3.csv,514925,pC1_3b,pC1_3b_R,R,"Lee 2002, Rideout 2010, Nojima 2021: pC1; Cachero 2010: pMP-e; Yu 2010: pMP4",coexpress_high,Traced,,,both,,False,True
1927,male-cns:v0.9:29483,1356.5493,316,FlyEM_Male_CNS_Brain_v0.9,m,JRC2018_Unisex_20x_HR,Brain,P1_5b,P1_5b_R,20191213_64_H6_Channel3.csv,29483,pC1_5b,pC1_5b_R,R,"Lee 2002, Rideout 2010, Nojima 2021: pC1; Cachero 2010: pMP-e; Yu 2010: pMP4",coexpress_high,Traced,,,both,3118,True,True
1931,male-cns:v0.9:18554,1353.0839,237,FlyEM_Male_CNS_Brain_v0.9,m,JRC2018_Unisex_20x_HR,Brain,P1_12b,P1_12b_R,20191213_64_H6_Channel3.csv,18554,pC1_12b,pC1_12b_R,R,"Lee 2002, Rideout 2010, Nojima 2021: pC1",dsx_high,Traced,,,both,2125,True,True
1940,male-cns:v0.9:17089,1340.9967,341,FlyEM_Male_CNS_Brain_v0.9,m,JRC2018_Unisex_20x_HR,Brain,P1_12b,P1_12b_R,20191213_64_H6_Channel3.csv,17089,pC1_12b,pC1_12b_R,R,"Lee 2002, Rideout 2010, Nojima 2021: pC1",dsx_high,Traced,,,both,1900,True,True
1961,male-cns:v0.9:512011,1313.937,329,FlyEM_Male_CNS_Brain_v0.9,m,JRC2018_Unisex_20x_HR,Brain,P1_12a,P1_12a_R,20191213_64_H6_Channel3.csv,512011,pC1_12a,pC1_12a_R,R,"Lee 2002, Rideout 2010, Nojima 2021: pC1; Cachero 2010: pMP-e; Yu 2010: pMP4",coexpress_low,Traced,,,both,4267,True,True
2005,male-cns:v0.9:98113,1250.1251,134,FlyEM_Male_CNS_Brain_v0.9,m,JRC2018_Unisex_20x_HR,Brain,P1_19,P1_19_L,20191213_64_H6_Channel3.csv,98113,pC1_19,pC1_19_L,L,"Lee 2002, Rideout 2010, Nojima 2021: pC1",dsx_high,Traced,,,both,3971,True,True
2009,male-cns:v0.9:13562,1244.4943,179,FlyEM_Male_CNS_Brain_v0.9,m,JRC2018_Unisex_20x_HR,Brain,P1_12b,P1_12b_L,20191213_64_H6_Channel3.csv,13562,pC1_12b,pC1_12b_L,L,"Lee 2002, Rideout 2010, Nojima 2021: pC1",dsx_high,Traced,,,both,1219,True,True
2051,male-cns:v0.9:125721,1207.257,172,FlyEM_Male_CNS_Brain_v0.9,m,JRC2018_Unisex_20x_HR,Brain,P1_19,P1_19_R,20191213_64_H6_Channel3.csv,125721,pC1_19,pC1_19_R,R,"Lee 2002, Rideout 2010, Nojima 2021: pC1",dsx_high,Traced,,,both,4063,True,True
2062,male-cns:v0.9:524747,1194.3081,394,FlyEM_Male_CNS_Brain_v0.9,m,JRC2018_Unisex_20x_HR,Brain,P1_2a,P1_2a_L,20191213_64_H6_Channel3.csv,524747,pC1_2a,pC1_2a_L,L,"Lee 2002, Rideout 2010, Nojima 2021: pC1; Cachero 2010: pMP-e; Yu 2010: pMP4",coexpress_high,Traced,,,both,5000,True,True
2093,male-cns:v0.9:79642,1153.3988,154,FlyEM_Male_CNS_Brain_v0.9,m,JRC2018_Unisex_20x_HR,Brain,P1_19,P1_19_R,20191213_64_H6_Channel3.csv,79642,pC1_19,pC1_19_R,R,"Lee 2002, Rideout 2010, Nojima 2021: pC1",dsx_high,Traced,,,both,3860,True,True
2096,male-cns:v0.9:524296,1151.1963,361,FlyEM_Male_CNS_Brain_v0.9,m,JRC2018_Unisex_20x_HR,Brain,P1_1a,P1_1a_L,20191213_64_H6_Channel3.csv,524296,pC1_1a,pC1_1a_L,L,"Lee 2002, Rideout 2010, Nojima 2021: pC1; Cachero 2010: pMP-e; Yu 2010: pMP4",coexpress_high,Traced,,,both,4975,True,True
2101,male-cns:v0.9:58786,1147.1829,192,FlyEM_Male_CNS_Brain_v0.9,m,JRC2018_Unisex_20x_HR,Brain,P1_16b,P1_16b_R,20191213_64_H6_Channel3.csv,58786,pC1_16b,pC1_16b_R,R,"Lee 2002, Rideout 2010, Nojima 2021: pC1; Cachero 2010: pMP-e; Yu 2010: pMP4",coexpress_high,Traced,,,both,,False,True
2107,male-cns:v0.9:18990,1141.7314,459,FlyEM_Male_CNS_Brain_v0.9,m,JRC2018_Unisex_20x_HR,Brain,P1_11a,P1_11a_L,20191213_64_H6_Channel3.csv,18990,pC1_11a,pC1_11a_L,L,"Lee 2002, Rideout 2010, Nojima 2021: pC1",dsx_high,Traced,,,both,2186,True,True
2130,male-cns:v0.9:127881,1103.6538,164,FlyEM_Male_CNS_Brain_v0.9,m,JRC2018_Unisex_20x_HR,Brain,P1_19,P1_19_L,20191213_64_H6_Channel3.csv,127881,pC1_19,pC1_19_L,L,"Lee 2002, Rideout 2010, Nojima 2021: pC1",dsx_high,Traced,,,both,4068,True,True
2188,male-cns:v0.9:16262,1045.7109,511,FlyEM_Male_CNS_Brain_v0.9,m,JRC2018_Unisex_20x_HR,Brain,P1_1b,P1_1b_L,20191213_64_H6_Channel3.csv,16262,pC1_1b,pC1_1b_L,L,"Lee 2002, Rideout 2010, Nojima 2021: pC1; Cachero 2010: pMP-e; Yu 2010: pMP4",coexpress_high,Traced,,,both,1760,True,True
2203,male-cns:v0.9:170209,1028.4169,180,FlyEM_Male_CNS_Brain_v0.9,m,JRC2018_Unisex_20x_HR,Brain,P1_19,P1_19_R,20191213_64_H6_Channel3.csv,170209,pC1_19,pC1_19_R,R,"Lee 2002, Rideout 2010, Nojima 2021: pC1",dsx_high,Traced,,,both,4142,True,True
2207,male-cns:v0.9:33041,1023.76917,170,FlyEM_Male_CNS_Brain_v0.9,m,JRC2018_Unisex_20x_HR,Brain,P1_16b,P1_16b_R,20191213_64_H6_Channel3.csv,33041,pC1_16b,pC1_16b_R,R,"Lee 2002, Rideout 2010, Nojima 2021: pC1; Cachero 2010: pMP-e; Yu 2010: pMP4",coexpress_high,Traced,,,both,,False,True
2234,male-cns:v0.9:55986,992.4065,148,FlyEM_Male_CNS_Brain_v0.9,m,JRC2018_Unisex_20x_HR,Brain,P1_14a,P1_14a_L,20191213_64_H6_Channel3.csv,55986,pC1_14a,pC1_14a_L,L,"Lee 2002, Rideout 2010, Nojima 2021: pC1; Cachero 2010: pMP-e; Yu 2010: pMP4",coexpress_low,Traced,,,both,3687,True,True
2282,male-cns:v0.9:25746,938.53906,210,FlyEM_Male_CNS_Brain_v0.9,m,JRC2018_Unisex_20x_HR,Brain,P1_16b,P1_16b_R,20191213_64_H6_Channel3.csv,25746,pC1_16b,pC1_16b_R,R,"Lee 2002, Rideout 2010, Nojima 2021: pC1; Cachero 2010: pMP-e; Yu 2010: pMP4",coexpress_high,Traced,,,both,,False,True
2284,male-cns:v0.9:20255,937.2665,406,FlyEM_Male_CNS_Brain_v0.9,m,JRC2018_Unisex_20x_HR,Brain,P1_1a,P1_1a_L,20191213_64_H6_Channel3.csv,20255,pC1_1a,pC1_1a_L,L,"Lee 2002, Rideout 2010, Nojima 2021: pC1; Cachero 2010: pMP-e; Yu 2010: pMP4",coexpress_high,Traced,,,both,2357,True,True
2331,male-cns:v0.9:517519,890.06586,305,FlyEM_Male_CNS_Brain_v0.9,m,JRC2018_Unisex_20x_HR,Brain,P1_10b,P1_10b_L,20191213_64_H6_Channel3.csv,517519,pC1_10b,pC1_10b_L,L,"Lee 2002, Rideout 2010, Nojima 2021: pC1",dsx_high,Traced,,,both,,False,True
2341,male-cns:v0.9:13655,878.87994,428,FlyEM_Male_CNS_Brain_v0.9,m,JRC2018_Unisex_20x_HR,Brain,P1_11b,P1_11b_R,20191213_64_H6_Channel3.csv,13655,pC1_11b,pC1_11b_R,R,"Lee 2002, Rideout 2010, Nojima 2021: pC1",dsx_high,Traced,,,both,1247,True,True
2347,male-cns:v0.9:514077,874.4339,398,FlyEM_Male_CNS_Brain_v0.9,m,JRC2018_Unisex_20x_HR,Brain,P1_11b,P1_11b_L,20191213_64_H6_Channel3.csv,514077,pC1_11b,pC1_11b_L,L,"Lee 2002, Rideout 2010, Nojima 2021: pC1",dsx_high,Traced,,,both,4406,True,True
2362,male-cns:v0.9:519914,864.1067,377,FlyEM_Male_CNS_Brain_v0.9,m,JRC2018_Unisex_20x_HR,Brain,P1_1a,P1_1a_L,20191213_64_H6_Channel3.csv,519914,pC1_1a,pC1_1a_L,L,"Lee 2002, Rideout 2010, Nojima 2021: pC1; Cachero 2010: pMP-e; Yu 2010: pMP4",coexpress_high,Traced,,,both,4678,True,True
2363,male-cns:v0.9:517735,863.5271,140,FlyEM_Male_CNS_Brain_v0.9,m,JRC2018_Unisex_20x_HR,Brain,P1_6b,P1_6b_L,20191213_64_H6_Channel3.csv,517735,pC1_6b,pC1_6b_L,L,"Lee 2002, Rideout 2010, Nojima 2021: pC1",coexpress_high,Traced,,,both,4575,True,True
2422,male-cns:v0.9:555747,814.3153,170,FlyEM_Male_CNS_Brain_v0.9,m,JRC2018_Unisex_20x_HR,Brain,P1_13c,P1_13c_R,20191213_64_H6_Channel3.csv,555747,pC1_13c,pC1_13c_R,R,"Lee 2002, Rideout 2010, Nojima 2021: pC1",dsx_high,Traced,,,both,,False,True
2440,male-cns:v0.9:513650,796.9363,161,FlyEM_Male_CNS_Brain_v0.9,m,JRC2018_Unisex_20x_HR,Brain,P1_12a,P1_12a_L,20191213_64_H6_Channel3.csv,513650,pC1_12a,pC1_12a_L,L,"Lee 2002, Rideout 2010, Nojima 2021: pC1; Cachero 2010: pMP-e; Yu 2010: pMP4",coexpress_low,Traced,,,both,4374,True,True
2470,male-cns:v0.9:68624,764.7538,126,FlyEM_Male_CNS_Brain_v0.9,m,JRC2018_Unisex_20x_HR,Brain,P1_19,P1_19_L,20191213_64_H6_Channel3.csv,68624,pC1_19,pC1_19_L,L,"Lee 2002, Rideout 2010, Nojima 2021: pC1",dsx_high,Traced,,,both,3783,True,True
2523,male-cns:v0.9:20597,721.8169,281,FlyEM_Male_CNS_Brain_v0.9,m,JRC2018_Unisex_20x_HR,Brain,P1_6a,P1_6a_R,20191213_64_H6_Channel3.csv,20597,pC1_6a,pC1_6a_R,R,Cachero 2010: pMP-e; Yu 2010: pMP4,coexpress_low,Traced,,,both,2397,True,True
2530,male-cns:v0.9:526918,719.46405,370,FlyEM_Male_CNS_Brain_v0.9,m,JRC2018_Unisex_20x_HR,Brain,P1_1a,P1_1a_R,20191213_64_H6_Channel3.csv,526918,pC1_1a,pC1_1a_R,R,"Lee 2002, Rideout 2010, Nojima 2021: pC1; Cachero 2010: pMP-e; Yu 2010: pMP4",coexpress_high,Traced,,,both,5064,True,True
2537,male-cns:v0.9:29214,711.5267,178,FlyEM_Male_CNS_Brain_v0.9,m,JRC2018_Unisex_20x_HR,Brain,P1_14a,P1_14a_R,20191213_64_H6_Channel3.csv,29214,pC1_14a,pC1_14a_R,R,"Lee 2002, Rideout 2010, Nojima 2021: pC1; Cachero 2010: pMP-e; Yu 2010: pMP4",coexpress_low,Traced,,,both,3097,True,True
2558,male-cns:v0.9:33553,688.90204,209,FlyEM_Male_CNS_Brain_v0.9,m,JRC2018_Unisex_20x_HR,Brain,P1_14a,P1_14a_R,20191213_64_H6_Channel3.csv,33553,pC1_14a,pC1_14a_R,R,"Lee 2002, Rideout 2010, Nojima 2021: pC1; Cachero 2010: pMP-e; Yu 2010: pMP4",coexpress_low,Traced,,,both,3279,True,True
2591,male-cns:v0.9:513129,658.05286,182,FlyEM_Male_CNS_Brain_v0.9,m,JRC2018_Unisex_20x_HR,Brain,P1_8b,P1_8b_L,20191213_64_H6_Channel3.csv,513129,pC1_8b,pC1_8b_L,L,"Lee 2002, Rideout 2010, Nojima 2021: pC1",dsx_high,Traced,,,both,4341,True,True
2620,male-cns:v0.9:21507,634.91376,256,FlyEM_Male_CNS_Brain_v0.9,m,JRC2018_Unisex_20x_HR,Brain,P1_6a,P1_6a_R,20191213_64_H6_Channel3.csv,21507,pC1_6a,pC1_6a_R,R,Cachero 2010: pMP-e; Yu 2010: pMP4,coexpress_low,Traced,,,both,2499,True,True
2622,male-cns:v0.9:66610,633.45795,147,FlyEM_Male_CNS_Brain_v0.9,m,JRC2018_Unisex_20x_HR,Brain,P1_16b,P1_16b_R,20191213_64_H6_Channel3.csv,66610,pC1_16b,pC1_16b_R,R,"Lee 2002, Rideout 2010, Nojima 2021: pC1; Cachero 2010: pMP-e; Yu 2010: pMP4",coexpress_high,Traced,,,both,,False,True
2623,male-cns:v0.9:23924,632.68243,191,FlyEM_Male_CNS_Brain_v0.9,m,JRC2018_Unisex_20x_HR,Brain,P1_13b,P1_13b_L,20191213_64_H6_Channel3.csv,23924,pC1_13b,pC1_13b_L,L,"Lee 2002, Rideout 2010, Nojima 2021: pC1",dsx_high,Traced,,,both,2714,True,True
2654,male-cns:v0.9:25740,596.19,138,FlyEM_Male_CNS_Brain_v0.9,m,JRC2018_Unisex_20x_HR,Brain,P1_14b,P1_14b_R,20191213_64_H6_Channel3.csv,25740,pC1_14b,pC1_14b_R,R,"Lee 2002, Rideout 2010, Nojima 2021: pC1; Cachero 2010: pMP-e; Yu 2010: pMP4",coexpress_low,Traced,,,both,2888,True,True
2702,male-cns:v0.9:24623,558.3881,146,FlyEM_Male_CNS_Brain_v0.9,m,JRC2018_Unisex_20x_HR,Brain,P1_6b,P1_6b_R,20191213_64_H6_Channel3.csv,24623,pC1_6b,pC1_6b_R,R,"Lee 2002, Rideout 2010, Nojima 2021: pC1",coexpress_high,Traced,,,both,2786,True,True
2717,male-cns:v0.9:513654,543.9657,238,FlyEM_Male_CNS_Brain_v0.9,m,JRC2018_Unisex_20x_HR,Brain,P1_16b,P1_16b_L,20191213_64_H6_Channel3.csv,513654,pC1_16b,pC1_16b_L,L,"Lee 2002, Rideout 2010, Nojima 2021: pC1; Cachero 2010: pMP-e; Yu 2010: pMP4",coexpress_high,Traced,,,both,,False,True
2736,male-cns:v0.9:23695,533.6525,144,FlyEM_Male_CNS_Brain_v0.9,m,JRC2018_Unisex_20x_HR,Brain,P1_14a,P1_14a_L,20191213_64_H6_Channel3.csv,23695,pC1_14a,pC1_14a_L,L,"Lee 2002, Rideout 2010, Nojima 2021: pC1; Cachero 2010: pMP-e; Yu 2010: pMP4",coexpress_low,Traced,,,both,2690,True,True
2817,male-cns:v0.9:516522,476.79794,119,FlyEM_Male_CNS_Brain_v0.9,m,JRC2018_Unisex_20x_HR,Brain,P1_14a,P1_14a_R,20191213_64_H6_Channel3.csv,516522,pC1_14a,pC1_14a_R,R,"Lee 2002, Rideout 2010, Nojima 2021: pC1; Cachero 2010: pMP-e; Yu 2010: pMP4",coexpress_low,Traced,,,both,4525,True,True
2820,male-cns:v0.9:521453,475.9253,265,FlyEM_Male_CNS_Brain_v0.9,m,JRC2018_Unisex_20x_HR,Brain,P1_6a,P1_6a_L,20191213_64_H6_Channel3.csv,521453,pC1_6a,pC1_6a_L,L,Cachero 2010: pMP-e; Yu 2010: pMP4,coexpress_low,Traced,,,both,4798,True,True
2825,male-cns:v0.9:25542,470.54764,194,FlyEM_Male_CNS_Brain_v0.9,m,JRC2018_Unisex_20x_HR,Brain,P1_7a,P1_7a_R,20191213_64_H6_Channel3.csv,25542,pC1_7a,pC1_7a_R,R,"Lee 2002, Rideout 2010, Nojima 2021: pC1; Cachero 2010: pMP-e; Yu 2010: pMP4",coexpress_low,Traced,,,both,2869,True,True
2833,male-cns:v0.9:44515,464.2787,120,FlyEM_Male_CNS_Brain_v0.9,m,JRC2018_Unisex_20x_HR,Brain,P1_14a,P1_14a_L,20191213_64_H6_Channel3.csv,44515,pC1_14a,pC1_14a_L,L,"Lee 2002, Rideout 2010, Nojima 2021: pC1; Cachero 2010: pMP-e; Yu 2010: pMP4",coexpress_low,Traced,,,both,3549,True,True
2840,male-cns:v0.9:43592,455.86276,126,FlyEM_Male_CNS_Brain_v0.9,m,JRC2018_Unisex_20x_HR,Brain,P1_7b,P1_7b_R,20191213_64_H6_Channel3.csv,43592,pC1_7b,pC1_7b_R,R,"Lee 2002, Rideout 2010, Nojima 2021: pC1; Cachero 2010: pMP-e; Yu 2010: pMP4",coexpress_low,Traced,,,both,3537,True,True
2851,male-cns:v0.9:25204,448.4552,157,FlyEM_Male_CNS_Brain_v0.9,m,JRC2018_Unisex_20x_HR,Brain,P1_13a,P1_13a_L,20191213_64_H6_Channel3.csv,25204,pC1_13a,pC1_13a_L,L,"Lee 2002, Rideout 2010, Nojima 2021: pC1; Cachero 2010: pMP-e; Yu 2010: pMP4",coexpress_high,Traced,,,both,2844,True,True
2865,male-cns:v0.9:53355,435.89676,162,FlyEM_Male_CNS_Brain_v0.9,m,JRC2018_Unisex_20x_HR,Brain,P1_7a,P1_7a_L,20191213_64_H6_Channel3.csv,53355,pC1_7a,pC1_7a_L,L,"Lee 2002, Rideout 2010, Nojima 2021: pC1; Cachero 2010: pMP-e; Yu 2010: pMP4",coexpress_low,Traced,,,both,3664,True,True
2868,male-cns:v0.9:528986,434.6824,137,FlyEM_Male_CNS_Brain_v0.9,m,JRC2018_Unisex_20x_HR,Brain,P1_6a,P1_6a_R,20191213_64_H6_Channel3.csv,528986,pC1_6a,pC1_6a_R,R,Cachero 2010: pMP-e; Yu 2010: pMP4,coexpress_low,Traced,,,both,5081,True,True
2891,male-cns:v0.9:30391,414.4206,149,FlyEM_Male_CNS_Brain_v0.9,m,JRC2018_Unisex_20x_HR,Brain,P1_8b,P1_8b_R,20191213_64_H6_Channel3.csv,30391,pC1_8b,pC1_8b_R,R,"Lee 2002, Rideout 2010, Nojima 2021: pC1",dsx_high,Traced,,,both,3163,True,True
2933,male-cns:v0.9:47325,394.21945,162,FlyEM_Male_CNS_Brain_v0.9,m,JRC2018_Unisex_20x_HR,Brain,P1_8c,P1_8c_L,20191213_64_H6_Channel3.csv,47325,pC1_8c,pC1_8c_L,L,"Lee 2002, Rideout 2010, Nojima 2021: pC1",dsx_high,Traced,,,both,3596,True,True
2969,male-cns:v0.9:513652,372.2398,165,FlyEM_Male_CNS_Brain_v0.9,m,JRC2018_Unisex_20x_HR,Brain,P1_7b,P1_7b_L,20191213_64_H6_Channel3.csv,513652,pC1_7b,pC1_7b_L,L,"Lee 2002, Rideout 2010, Nojima 2021: pC1; Cachero 2010: pMP-e; Yu 2010: pMP4",coexpress_low,Traced,,,both,4376,True,True
2995,male-cns:v0.9:41518,360.96332,153,FlyEM_Male_CNS_Brain_v0.9,m,JRC2018_Unisex_20x_HR,Brain,P1_8c,P1_8c_R,20191213_64_H6_Channel3.csv,41518,pC1_8c,pC1_8c_R,R,"Lee 2002, Rideout 2010, Nojima 2021: pC1",dsx_high,Traced,,,both,3499,True,True
