0000ABB2
00000000
00000000
00000000
00000000
00000000
00000000
00000000
0000ABB2
00000000
00000000
00000000
00000000
00000000
00000000
00000000
0000ABB2
00000000
00000000
00000000
00000000
00000000
00000000
00000000
0000ABB2
00000000
00000000
00000000
00000000
00000000
00000000
00000000
0000ABB2
00000000
00000000
00000000
00000000
00000000
00000000
00000000
0000ABB2
00000000
00000000
00000000
00000000
00000000
00000000
00000000
0000ABB2
00000000
00000000
00000000
00000000
00000000
00000000
00000000
0000ABB2
00000000
00000000
00000000
00000000
00000000
00000000
00000000
0000ABB2
00000000
00000000
00000000
00000000
00000000
00000000
00000000
0000ABB2
00000000
00000000
00000000
00000000
00000000
00000000
00000000
0000ABB2
00000000
00000000
00000000
00000000
00000000
00000000
00000000
0000ABB2
00000000
00000000
00000000
00000000
00000000
00000000
00000000
0000ABB2
00000000
00000000
00000000
00000000
00000000
00000000
00000000
0000ABB2
00000000
00000000
00000000
00000000
00000000
00000000
00000000
0000ABB2
00000000
00000000
00000000
00000000
00000000
00000000
00000000
0000ABB2
00000000
00000000
00000000
00000000
00000000
00000000
00000000
0000ABB2
00000000
00000000
00000000
00000000
00000000
00000000
00000000
0000ABB2
00000000
00000000
00000000
00000000
00000000
00000000
00000000
0000ABB2
00000000
00000000
00000000
00000000
00000000
00000000
00000000
0000ABB2
00000000
00000000
00000000
00000000
00000000
00000000
00000000
0000ABB2
00000000
00000000
00000000
00000000
00000000
00000000
00000000
0000ABB2
00000000
00000000
00000000
00000000
00000000
00000000
00000000
0000ABB2
00000000
00000000
00000000
00000000
00000000
00000000
00000000
0000ABB2
00000000
00000000
00000000
00000000
00000000
00000000
00000000
0000ABB2
00000000
00000000
00000000
00000000
00000000
00000000
00000000
0000ABB2
00000000
00000000
00000000
00000000
00000000
00000000
00000000
0000ABB2
00000000
00000000
00000000
00000000
00000000
00000000
00000000
0000ABB2
00000000
00000000
00000000
00000000
00000000
00000000
00000000
0000ABB2
00000000
00000000
00000000
00000000
00000000
00000000
00000000
0000ABB2
00000000
00000000
00000000
00000000
00000000
00000000
00000000
0000ABB2
00000000
00000000
00000000
00000000
00000000
00000000
00000000
0000ABB2
00000000
00000000
00000000
00000000
00000000
00000000
00000000
0000ABB2
00000000
00000000
00000000
00000000
00000000
00000000
00000000
0000ABB2
00000000
00000000
00000000
00000000
00000000
00000000
00000000
0000ABB2
00000000
00000000
00000000
00000000
00000000
00000000
00000000
0000ABB2
00000000
00000000
00000000
00000000
00000000
00000000
00000000
0000ABB2
00000000
00000000
00000000
00000000
00000000
00000000
00000000
0000ABB2
00000000
00000000
00000000
00000000
00000000
00000000
00000000
0000ABB2
00000000
00000000
00000000
00000000
00000000
00000000
00000000
0000ABB2
00000000
00000000
00000000
00000000
00000000
00000000
00000000
0000ABB2
00000000
00000000
00000000
00000000
00000000
00000000
00000000
0000ABB2
00000000
00000000
00000000
00000000
00000000
00000000
00000000
0000ABB2
00000000
00000000
00000000
00000000
00000000
00000000
00000000
0000ABB2
00000000
00000000
00000000
00000000
00000000
00000000
00000000
0000ABB2
00000000
00000000
00000000
00000000
00000000
00000000
00000000
0000ABB2
00000000
00000000
00000000
00000000
00000000
00000000
00000000
0000ABB2
00000000
00000000
00000000
00000000
00000000
00000000
00000000
0000ABB2
00000000
00000000
00000000
00000000
00000000
00000000
00000000
0000ABB2
00000000
00000000
00000000
00000000
00000000
00000000
00000000
0000ABB2
00000000
00000000
00000000
00000000
00000000
00000000
00000000
0000ABB2
00000000
00000000
00000000
00000000
00000000
00000000
00000000
0000ABB2
00000000
00000000
00000000
00000000
00000000
00000000
00000000
0000ABB2
00000000
00000000
00000000
00000000
00000000
00000000
00000000
0000ABB2
00000000
00000000
00000000
00000000
00000000
00000000
00000000
0000ABB2
00000000
00000000
00000000
00000000
00000000
00000000
00000000
0000ABB2
00000000
00000000
00000000
00000000
00000000
00000000
00000000
0000ABB2
00000000
00000000
00000000
00000000
00000000
00000000
00000000
0000ABB2
00000000
00000000
00000000
00000000
00000000
00000000
00000000
0000ABB2
00000000
00000000
00000000
00000000
00000000
00000000
00000000
0000ABB2
00000000
00000000
00000000
00000000
00000000
00000000
00000000
0000ABB2
00000000
00000000
00000000
00000000
00000000
00000000
00000000
0000ABB2
00000000
00000000
00000000
00000000
00000000
00000000
00000000
0000ABB2
00000000
00000000
00000000
00000000
00000000
00000000
00000000
0000ABB2
00000000
00000000
00000000
00000000
00000000
00000000
00000000
0000ABB2
00000000
00000000
00000000
00000000
00000000
00000000
00000000
0000ABB2
00000000
00000000
00000000
00000000
00000000
00000000
00000000
0000ABB2
00000000
00000000
00000000
00000000
00000000
00000000
00000000
0000ABB2
00000000
00000000
00000000
00000000
00000000
00000000
00000000
0000ABB2
00000000
00000000
00000000
00000000
00000000
00000000
00000000
0000ABB2
00000000
00000000
00000000
00000000
00000000
00000000
00000000
0000ABB2
00000000
00000000
00000000
00000000
00000000
00000000
00000000
0000ABB2
00000000
00000000
00000000
00000000
00000000
00000000
00000000
0000ABB2
00000000
00000000
00000000
00000000
00000000
00000000
00000000
0000ABB2
00000000
00000000
00000000
00000000
00000000
00000000
00000000
0000ABB2
00000000
00000000
00000000
00000000
00000000
00000000
00000000
0000ABB2
00000000
00000000
00000000
00000000
00000000
00000000
00000000
0000ABB2
00000000
00000000
00000000
00000000
00000000
00000000
00000000
0000ABB2
00000000
00000000
00000000
00000000
00000000
00000000
00000000
0000C745
000008D4
0000005D
00000000
00000000
00000000
00000000
00000000
00013156
00002C02
0006008A
00000000
00000000
00000000
00000000
00000000
0001E6AF
000067BD
00000142
00000002
00000000
00000000
00000000
00000000
00030997
0000C77B
0000027C
000E0004
00000000
00000000
00000000
00000000
00028A20
00009D12
00000268
001D0001
00000002
00000000
00000000
00000000
00019CDB
00004F09
0000015A
00090001
00020000
00000000
00000000
00000000
0001791D
00004396
000000E3
00020000
00000000
00000000
00000000
00000000
0000FFBE
00001BA3
00000061
00020000
00000000
00000000
00000000
00000000
0000DDAD
0000106F
0000003A
00020000
00010000
00000000
00000000
00000000
0000E380
00001255
00000045
00010000
00010000
00000000
00000000
00000000
0000D09C
00000C1A
00000034
00000000
00000000
00000000
00000000
00000000
0000C043
000006C1
0000001A
00000000
00000000
00000000
00000000
00000000
0000B32C
00000272
0000000C
00000000
00000000
00000000
00000000
00000000
0000B0BF
000001A8
00000007
00000000
00000000
00000000
00000000
00000000
0000C10F
00000707
00000018
00000000
00000000
00000000
00000000
00000000
0000B1A6
000001F1
0000000B
00000000
00000000
00000000
00000000
00000000
0000B2B7
0000024D
0000000A
00000000
00000000
00000000
00000000
00000000
0000AC7B
00000041
00000002
00000000
00000000
00000000
00000000
00000000
0000B0AA
000001A2
00000006
00000000
00000000
00000000
00000000
00000000
0000ABB2
00000000
00000000
00000000
00000000
00000000
00000000
00000000
0000ABB2
00000000
00000000
00000000
00000000
00000000
00000000
00000000
0000ABB2
00000000
00000000
00000000
00000000
00000000
00000000
00000000
0000C745
000008D4
0000005D
00000000
00000000
00000000
00000000
00000000
00010E6A
0000207D
0006006B
00000000
00000000
00000000
00000000
00000000
0001450F
00003275
000000AA
00000000
00000000
00000000
00000000
00000000
00016477
00003CF5
000000A2
00010000
00000000
00000000
00000000
00000000
00015202
000036D2
0000009E
00050000
00000000
00000000
00000000
00000000
0001201C
0000264D
00000081
000E0001
00000000
00000000
00000000
00000000
00010B2B
00001F4C
00000087
00030001
00000001
00000000
00000000
00000000
00010483
00001D18
00000083
00000000
00000000
00000000
00000000
00000000
0000FCEE
00001AB2
00000062
00000000
00000000
00000000
00000000
00000000
0000D7C5
00000E80
00000031
00000000
00000000
00000000
00000000
00000000
0000B686
00000391
0000000B
00000000
00000000
00000000
00000000
00000000
0000B134
000001CA
0000000C
00000000
00000000
00000000
00000000
00000000
0000B7A3
000003ED
0000000E
00000000
00000000
00000000
00000000
00000000
0000B746
000003D0
0000000C
00000000
00000000
00000000
00000000
00000000
0000B995
00000496
0000000B
00000000
00000000
00000000
00000000
00000000
0000C031
000006BD
00000018
00000000
00000000
00000000
00000000
00000000
0000BE24
00000619
0000000D
00000000
00000000
00000000
00000000
00000000
0000B06E
0000018C
00000008
00000000
00000000
00000000
00000000
00000000
0000ABF7
00000015
00000002
00000000
00000000
00000000
00000000
00000000
0000ACCF
0000005E
00000001
00000000
00000000
00000000
00000000
00000000
0000ABB2
00000000
00000000
00000000
00000000
00000000
00000000
00000000
0000ABB2
00000000
00000000
00000000
00000000
00000000
00000000
00000000
0000ABB2
00000000
00000000
00000000
00000000
00000000
00000000
00000000
0000ABB2
00000000
00000000
00000000
00000000
00000000
00000000
00000000
0000ABB2
00000000
00000000
00000000
00000000
00000000
00000000
00000000
0000ABB2
00000000
00000000
00000000
00000000
00000000
00000000
00000000
0000ABB2
00000000
00000000
00000000
00000000
00000000
00000000
00000000
0000ABB2
00000000
00000000
00000000
00000000
00000000
00000000
00000000
0000ABB2
00000000
00000000
00000000
00000000
00000000
00000000
00000000
0000ABB2
00000000
00000000
00000000
00000000
00000000
00000000
00000000
0000ABB2
00000000
00000000
00000000
00000000
00000000
00000000
00000000
0000ABB2
00000000
00000000
00000000
00000000
00000000
00000000
00000000
0000ABB2
00000000
00000000
00000000
00000000
00000000
00000000
00000000
0000ABB2
00000000
00000000
00000000
00000000
00000000
00000000
00000000
0000ABB2
00000000
00000000
00000000
00000000
00000000
00000000
00000000
0000C745
000008D4
0000005D
00000000
00000000
00000000
00000000
00000000
00011BF9
000024F7
00060076
00000000
00000000
00000000
00000000
00000000
00017554
00004263
000000D3
00000000
00000000
00000000
00000000
00000000
0001CF9F
00006040
0000010F
00030004
00000000
00000000
00000000
00000000
0001B7C6
0000583D
0000011F
00140001
00000000
00000000
00000000
00000000
00017E24
00004520
00000106
00100001
00000002
00000000
00000000
00000000
00014677
000032D8
000000BF
00020000
00000000
00000000
00000000
00000000
0000FB50
00001A14
00000076
00000000
00000000
00000000
00000000
00000000
0000D57C
00000DB8
00000036
00010000
00000000
00000000
00000000
00000000
0000BE54
00000618
0000001E
00000000
00000000
00000000
00000000
00000000
0000C7FC
0000094A
00000024
00000000
00000000
00000000
00000000
00000000
0000BCEF
000005A8
00000017
00000000
00000000
00000000
00000000
00000000
0000C010
000006B5
00000015
00000000
00000000
00000000
00000000
00000000
0000B72E
000003C6
0000000E
00000000
00000000
00000000
00000000
00000000
0000B31D
0000026D
0000000C
00000000
00000000
00000000
00000000
00000000
0000D264
00000CC2
00000024
00000000
00000000
00000000
00000000
00000000
0000D084
00000C24
00000022
00000000
00000000
00000000
00000000
00000000
0000CD2D
00000B0B
0000001E
00000000
00000000
00000000
00000000
00000000
0000CE6B
00000B75
0000001E
00000000
00000000
00000000
00000000
00000000
0000CBB0
00000A82
00000028
00000000
00000000
00000000
00000000
00000000
0000BE96
00000632
0000001A
00000000
00000000
00000000
00000000
00000000
0000B10D
000001C2
00000007
00000000
00000000
00000000
00000000
00000000
0000BE42
0000061B
00000015
00000000
00000000
00000000
00000000
00000000
0000C397
000007E4
00000013
00000000
00000000
00000000
00000000
00000000
0000D5D3
00000DEB
00000020
00000000
00000000
00000000
00000000
00000000
0000C0EB
000006F9
0000001A
00000000
00000000
00000000
00000000
00000000
0000AFE4
00000160
00000006
00000000
00000000
00000000
00000000
00000000
0000AD80
00000098
00000002
00000000
00000000
00000000
00000000
00000000
0000ABB2
00000000
00000000
00000000
00000000
00000000
00000000
00000000
0000ABB2
00000000
00000000
00000000
00000000
00000000
00000000
00000000
0000ABB2
00000000
00000000
00000000
00000000
00000000
00000000
00000000
0000ABB2
00000000
00000000
00000000
00000000
00000000
00000000
00000000
0000ABB2
00000000
00000000
00000000
00000000
00000000
00000000
00000000
0000ABB2
00000000
00000000
00000000
00000000
00000000
00000000
00000000
0000ABB2
00000000
00000000
00000000
00000000
00000000
00000000
00000000
0000ABB2
00000000
00000000
00000000
00000000
00000000
00000000
00000000
0000C745
000008D4
0000005D
00000000
00000000
00000000
00000000
00000000
00011B6F
000024C9
00060076
00000000
00000000
00000000
00000000
00000000
00015A15
0000395C
000000C5
00000000
00000000
00000000
00000000
00000000
0001A944
0000538D
000000F9
00080004
00000000
00000000
00000000
00000000
0001C25E
00005BCD
00000117
000E0000
00000000
00000000
00000000
00000000
00014FBC
000035DD
000000D1
00120000
00000000
00000000
00000000
00000000
0001233A
0000273E
0000009A
00000000
00000002
00000000
00000000
00000000
000108CA
00001E93
00000075
00020000
00000000
00000000
00000000
00000000
0000D9D5
00000F25
0000003C
00020000
00000000
00000000
00000000
00000000
0000C088
000006D0
00000022
00010000
00000000
00000000
00000000
00000000
0000C1DB
00000746
0000001D
00000000
00000000
00000000
00000000
00000000
0000BA28
000004C1
00000011
00000000
00000000
00000000
00000000
00000000
0000B4C4
000002F8
0000000E
00000000
00000000
00000000
00000000
00000000
0000B053
00000184
00000007
00000000
00000000
00000000
00000000
00000000
0000BAF7
0000050A
0000000D
00000000
00000000
00000000
00000000
00000000
0000B78B
000003EB
00000008
00000000
00000000
00000000
00000000
00000000
0000AFC0
00000158
00000002
00000000
00000000
00000000
00000000
00000000
0000ABB2
00000000
00000000
00000000
00000000
00000000
00000000
00000000
0000ABB2
00000000
00000000
00000000
00000000
00000000
00000000
00000000
0000ABB2
00000000
00000000
00000000
00000000
00000000
00000000
00000000
0000ABB2
00000000
00000000
00000000
00000000
00000000
00000000
00000000
0000ABB2
00000000
00000000
00000000
00000000
00000000
00000000
00000000
0000ABB2
00000000
00000000
00000000
00000000
00000000
00000000
00000000
0000ABB2
00000000
00000000
00000000
00000000
00000000
00000000
00000000
0000ABB2
00000000
00000000
00000000
00000000
00000000
00000000
00000000
0000ABB2
00000000
00000000
00000000
00000000
00000000
00000000
00000000
0000ABB2
00000000
00000000
00000000
00000000
00000000
00000000
00000000
0000ABB2
00000000
00000000
00000000
00000000
00000000
00000000
00000000
0000ABB2
00000000
00000000
00000000
00000000
00000000
00000000
00000000
0000ABB2
00000000
00000000
00000000
00000000
00000000
00000000
00000000
0000ABB2
00000000
00000000
00000000
00000000
00000000
00000000
00000000
0000ABB2
00000000
00000000
00000000
00000000
00000000
00000000
00000000
0000ABB2
00000000
00000000
00000000
00000000
00000000
00000000
00000000
0000ABB2
00000000
00000000
00000000
00000000
00000000
00000000
00000000
0000ABB2
00000000
00000000
00000000
00000000
00000000
00000000
00000000
0000ABB2
00000000
00000000
00000000
00000000
00000000
00000000
00000000
0000C745
000008D4
0000005D
00000000
00000000
00000000
00000000
00000000
00011B9F
000024D9
00060076
00000000
00000000
00000000
00000000
00000000
00016A56
00003EC2
000000CA
00000000
00000000
00000000
00000000
00000000
0001D4CA
000061F7
00000111
00030004
00000000
00000000
00000000
00000000
0001DB00
000063E6
00000134
001B0000
00000000
00000000
00000000
00000000
00018991
000048C5
00000130
000A0000
00000002
00000000
00000000
00000000
00015376
0000370E
000000DE
00030000
00000000
00000000
00000000
00000000
000128FE
00002936
0000008E
00000000
00000000
00000000
00000000
00000000
0000E992
00001457
00000049
00000000
00000002
00000000
00000000
00000000
0000D15F
00000C51
0000003E
00010000
00000000
00000000
00000000
00000000
0000C5AD
0000087B
0000002E
00000000
00000000
00000000
00000000
00000000
0000C1F0
00000751
00000019
00000000
00000000
00000000
00000000
00000000
0000E00E
0000114B
00000029
00000000
00000000
00000000
00000000
00000000
0000C4C0
0000083F
0000001B
00000000
00000000
00000000
00000000
00000000
0000BBC9
00000548
00000015
00000000
00000000
00000000
00000000
00000000
0000B38F
00000293
0000000C
00000000
00000000
00000000
00000000
00000000
0000B4F4
0000030B
0000000B
00000000
00000000
00000000
00000000
00000000
0000B6BC
000003A3
0000000B
00000000
00000000
00000000
00000000
00000000
0000BD16
000005BE
0000000E
00000000
00000000
00000000
00000000
00000000
0000BC53
0000057E
0000000D
00000000
00000000
00000000
00000000
00000000
0000AF06
00000117
00000005
00000000
00000000
00000000
00000000
00000000
0000ABB2
00000000
00000000
00000000
00000000
00000000
00000000
00000000
0000ABB2
00000000
00000000
00000000
00000000
00000000
00000000
00000000
0000ABB2
00000000
00000000
00000000
00000000
00000000
00000000
00000000
0000ABB2
00000000
00000000
00000000
00000000
00000000
00000000
00000000
0000ABB2
00000000
00000000
00000000
00000000
00000000
00000000
00000000
0000ABB2
00000000
00000000
00000000
00000000
00000000
00000000
00000000
0000ABB2
00000000
00000000
00000000
00000000
00000000
00000000
00000000
0000ABB2
00000000
00000000
00000000
00000000
00000000
00000000
00000000
0000ABB2
00000000
00000000
00000000
00000000
00000000
00000000
00000000
0000ABB2
00000000
00000000
00000000
00000000
00000000
00000000
00000000
0000ABB2
00000000
00000000
00000000
00000000
00000000
00000000
00000000
0000ABB2
00000000
00000000
00000000
00000000
00000000
00000000
00000000
0000ABB2
00000000
00000000
00000000
00000000
00000000
00000000
00000000
0000C6F7
000008BB
0000005C
00000000
00000000
00000000
00000000
00000000
00011326
0000220D
0006006F
00000000
00000000
00000000
00000000
00000000
00015115
00003663
000000BE
00000000
00000000
00000000
00000000
00000000
0001A2B4
0000517B
000000DB
00040004
00000000
00000000
00000000
00000000
0001B8A7
0000588B
0000011C
00130000
00000000
00000000
00000000
00000000
00016771
00003DAF
000000E6
00100000
00000000
00000000
00000000
00000000
00013AB6
00002EFC
000000B0
00030000
00000002
00000000
00000000
00000000
00013390
00002CAA
000000A0
00030000
00000000
00000000
00000000
00000000
00010AB3
00001F43
00000068
00030000
00000000
00000000
00000000
00000000
0000EDF1
000015B5
00000060
00000000
00000000
00000000
00000000
00000000
0000E44C
000012A1
0000003D
00000000
00000000
00000000
00000000
00000000
0000DBDC
00000FE3
0000002B
00010000
00000000
00000000
00000000
00000000
0000CC31
00000AAC
00000029
00000000
00000000
00000000
00000000
00000000
0000B94A
0000047C
0000000C
00000000
00000000
00000000
00000000
00000000
0000AE43
000000D7
00000004
00000000
00000000
00000000
00000000
00000000
0000AEE5
0000010B
00000006
00000000
00000000
00000000
00000000
00000000
0000B0E9
000001B3
0000000A
00000000
00000000
00000000
00000000
00000000
0000AE73
000000E6
00000005
00000000
00000000
00000000
00000000
00000000
0000B49D
000002EE
0000000B
00000000
00000000
00000000
00000000
00000000
0000BCE0
000005AC
0000000E
00000000
00000000
00000000
00000000
00000000
0000C58C
0000088F
0000000F
00000000
00000000
00000000
00000000
00000000
0000C2F2
000007B1
0000000F
00000000
00000000
00000000
00000000
00000000
0000ACAE
00000052
00000002
00000000
00000000
00000000
00000000
00000000
0000ABB2
00000000
00000000
00000000
00000000
00000000
00000000
00000000
0000ABB2
00000000
00000000
00000000
00000000
00000000
00000000
00000000
0000ABB2
00000000
00000000
00000000
00000000
00000000
00000000
00000000
0000ABB2
00000000
00000000
00000000
00000000
00000000
00000000
00000000
0000ABB2
00000000
00000000
00000000
00000000
00000000
00000000
00000000
0000ABB2
00000000
00000000
00000000
00000000
00000000
00000000
00000000
0000ABB2
00000000
00000000
00000000
00000000
00000000
00000000
00000000
0000ABB2
00000000
00000000
00000000
00000000
00000000
00000000
00000000
0000ABB2
00000000
00000000
00000000
00000000
00000000
00000000
00000000
0000ABB2
00000000
00000000
00000000
00000000
00000000
00000000
00000000
0000ABB2
00000000
00000000
00000000
00000000
00000000
00000000
00000000
0000B305
0000024E
00000023
00000000
00000000
00000000
00000000
00000000
0000E16D
00001198
00000051
00000000
00000000
00000000
00000000
00000000
000101A4
00001C42
00030064
00000000
00000000
00000000
00000000
00000000
000142D8
000031BD
000000A5
00000000
00000000
00000000
00000000
00000000
00012CBB
00002A85
0000007E
00000000
00000000
00000000
00000000
00000000
0000FD15
00001AD8
00000049
00060000
00000000
00000000
00000000
00000000
0000CE1A
00000B52
00000026
00050000
00000000
00000000
00000000
00000000
0000CB4A
00000A63
00000025
00020000
00000000
00000000
00000000
00000000
0000BEA8
00000640
00000012
00000000
00000000
00000000
00000000
00000000
0000B65F
00000384
0000000B
00010000
00000000
00000000
00000000
00000000
0000C538
00000865
0000001D
00000000
00000000
00000000
00000000
00000000
0000BD76
000005D9
00000013
00000000
00000000
00000000
00000000
00000000
0000B3DD
000002AC
0000000D
00000000
00000000
00000000
00000000
00000000
0000BA76
000004B7
00000035
00000000
00000000
00000000
00000000
00000000
0000E7B8
000013C7
0000003B
00000000
00000000
00000000
00000000
00000000
00010210
00001C6F
0000005B
00000000
00000000
00000000
00000000
00000000
0001087F
00001E8F
00000060
00000000
00000000
00000000
00000000
00000000
00013CEA
00002FD6
00000092
00000000
00000000
00000000
00000000
00000000
00013891
00002E62
00000093
00070000
00000000
00000000
00000000
00000000
00011DF1
000025A5
00000070
00030000
00000000
00000000
00000000
00000000
00011CD1
0000253F
00000076
00020000
00000002
00000000
00000000
00000000
000115C0
000022D1
00000089
00070000
00000000
00000000
00000000
00000000
0000EB12
000014CF
00000051
00010000
00000000
00000000
00000000
00000000
0000DEAF
000010C1
0000003E
00010000
00000000
00000000
00000000
00000000
0000CCE8
00000AE5
0000002D
00020000
00000000
00000000
00000000
00000000
0000D59D
00000DCA
0000002F
00000000
00000000
00000000
00000000
00000000
0000BE6C
00000628
00000016
00000000
00000000
00000000
00000000
00000000
0000B2E4
00000260
00000006
00000000
00000000
00000000
00000000
00000000
0000AE8B
000000EE
00000005
00000000
00000000
00000000
00000000
00000000
0000B02F
00000177
00000008
00000000
00000000
00000000
00000000
00000000
0000B2E1
0000025C
00000009
00000000
00000000
00000000
00000000
00000000
0000B299
00000242
0000000B
00000000
00000000
00000000
00000000
00000000
0000BB9F
00000543
0000000C
00000000
00000000
00000000
00000000
00000000
0000BDBE
000005F1
00000013
00000000
00000000
00000000
00000000
00000000
0000BD40
000005CD
0000000D
00000000
00000000
00000000
00000000
00000000
0000D1BC
00000C42
0000006C
00000000
00000000
00000000
00000000
00000000
00010D17
0000200B
0002006C
00000000
00000000
00000000
00000000
00000000
000119FE
00002441
00000083
00000000
00000000
00000000
00000000
00000000
0000EA9D
000014B1
00000048
00000000
00000000
00000000
00000000
00000000
0000F937
00001990
00000047
00000000
00000000
00000000
00000000
00000000
0000F6D0
000018D1
00000039
00020000
00000000
00000000
00000000
00000000
0000DF15
000010E1
00000040
000C0000
00000000
00000000
00000000
00000000
0000E96E
0000144F
00000045
00020000
00000000
00000000
00000000
00000000
0000CDBA
00000B30
00000028
00020000
00000002
00000000
00000000
00000000
0000D1A7
00000C3D
0000006A
00000000
00000000
00000000
00000000
00000000
00010405
00001CFB
00000076
00000000
00000000
00000000
00000000
00000000
000111A9
00002182
0000007B
00000000
00000000
00000000
00000000
00000000
0000E920
0000142A
00000050
00000000
00000000
00000000
00000000
00000000
0000D378
00000D0E
00000034
00000000
00000000
00000000
00000000
00000000
0000D999
00000F13
0000003A
00000000
00000000
00000000
00000000
00000000
0000F4BD
00001814
00000045
00030000
00000000
00000000
00000000
00000000
0000EA76
000014C1
0000002B
00030000
00000000
00000000
00000000
00000000
0000D80D
00000E9D
0000002C
00000000
00000000
00000000
00000000
00000000
0000B9B6
000004A0
0000000C
00000000
00000000
00000000
00000000
00000000
0000AF36
00000127
00000005
00000000
00000000
00000000
00000000
00000000
0000ACCF
0000005E
00000001
00000000
00000000
00000000
00000000
00000000
0000ABB2
00000000
00000000
00000000
00000000
00000000
00000000
00000000
0000ABB2
00000000
00000000
00000000
00000000
00000000
00000000
00000000
0000ABB2
00000000
00000000
00000000
00000000
00000000
00000000
00000000
0000ABB2
00000000
00000000
00000000
00000000
00000000
00000000
00000000
0000ABB2
00000000
00000000
00000000
00000000
00000000
00000000
00000000
0000ABB2
00000000
00000000
00000000
00000000
00000000
00000000
00000000
0000ABB2
00000000
00000000
00000000
00000000
00000000
00000000
00000000
0000ABB2
00000000
00000000
00000000
00000000
00000000
00000000
00000000
0000ABB2
00000000
00000000
00000000
00000000
00000000
00000000
00000000
0000ABB2
00000000
00000000
00000000
00000000
00000000
00000000
00000000
0000ABB2
00000000
00000000
00000000
00000000
00000000
00000000
00000000
0000ABB2
00000000
00000000
00000000
00000000
00000000
00000000
00000000
0000ABB2
00000000
00000000
00000000
00000000
00000000
00000000
00000000
0000ABB2
00000000
00000000
00000000
00000000
00000000
00000000
00000000
0000C745
000008D4
0000005D
00000000
00000000
00000000
00000000
00000000
0001083D
00001E72
00020067
00000000
00000000
00000000
00000000
00000000
00012D93
00002ABD
0000008E
00000000
00000000
00000000
00000000
00000000
000126E2
00002893
0000007D
00000000
00000000
00000000
00000000
00000000
00018988
00004904
000000EE
00130000
00000000
00000000
00000000
00000000
0001523B
000036C6
000000BD
000A0002
00000002
00000000
00000000
00000000
00012D60
00002A97
000000A3
00050000
00000000
00000000
00000000
00000000
0001134D
000021D1
000000B8
00030000
00000000
00000000
00000000
00000000
00012BBC
00002A20
0000008E
00000000
00000001
00000000
00000000
00000000
00012DED
00002AC4
000000A5
00000000
00000000
00000000
00000000
00000000
0000ECEC
00001558
00000066
00000000
00000000
00000000
00000000
00000000
00011557
000022E0
00000057
00000000
00000000
00000000
00000000
00000000
0000D681
00000E18
0000002D
00000000
00000000
00000000
00000000
00000000
0000C1F6
00000753
00000019
00020000
00000000
00000000
00000000
00000000
0000F1BD
00001721
00000038
00010000
00000000
00000000
00000000
00000000
0000C71E
00000904
00000020
00000000
00000000
00000000
00000000
00000000
0000C15D
00000722
00000017
00000000
00000000
00000000
00000000
00000000
0000DAB9
00000F86
00000027
00000000
00000000
00000000
00000000
00000000
0000BEC9
00000645
00000018
00000000
00000000
00000000
00000000
00000000
0000AD23
00000076
00000005
00000000
00000000
00000000
00000000
00000000
0000ABB2
00000000
00000000
00000000
00000000
00000000
00000000
00000000
0000ABB2
00000000
00000000
00000000
00000000
00000000
00000000
00000000
0000ABB2
00000000
00000000
00000000
00000000
00000000
00000000
00000000
0000ABB2
00000000
00000000
00000000
00000000
00000000
00000000
00000000
0000ABB2
00000000
00000000
00000000
00000000
00000000
00000000
00000000
0000ABB2
00000000
00000000
00000000
00000000
00000000
00000000
00000000
0000ABB2
00000000
00000000
00000000
00000000
00000000
00000000
00000000
0000ABB2
00000000
00000000
00000000
00000000
00000000
00000000
00000000
0000ABB2
00000000
00000000
00000000
00000000
00000000
00000000
00000000
0000ABB2
00000000
00000000
00000000
00000000
00000000
00000000
00000000
0000ABB2
00000000
00000000
00000000
00000000
00000000
00000000
00000000
0000ABB2
00000000
00000000
00000000
00000000
00000000
00000000
00000000
0000ABB2
00000000
00000000
00000000
00000000
00000000
00000000
00000000
0000ABB2
00000000
00000000
00000000
00000000
00000000
00000000
00000000
0000ABB2
00000000
00000000
00000000
00000000
00000000
00000000
00000000
0000ABB2
00000000
00000000
00000000
00000000
00000000
00000000
00000000
0000C745
000008D4
0000005D
00000000
00000000
00000000
00000000
00000000
000103F9
00001D0A
00020063
00000000
00000000
00000000
00000000
00000000
00012412
000027A1
0000007F
00000000
00000000
00000000
00000000
00000000
00011B90
000024D8
00000072
00000000
00000000
00000000
00000000
00000000
000164C5
00003D04
000000AD
00130000
00000000
00000000
00000000
00000000
00015C73
00003A20
000000CB
000C0000
00000000
00000000
00000000
00000000
00013CAB
00002FAE
000000A5
00050000
00000002
00000000
00000000
00000000
00010885
00001E7F
00000072
00000000
00000000
00000000
00000000
00000000
0000DF33
000010E6
00000045
00000000
00000000
00000000
00000000
00000000
0000B84B
00000417
0000001C
00000000
00000000
00000000
00000000
00000000
0000AFED
00000162
00000007
00000000
00000000
00000000
00000000
00000000
0000ABB2
00000000
00000000
00000000
00000000
00000000
00000000
00000000
0000ABB2
00000000
00000000
00000000
00000000
00000000
00000000
00000000
0000ABB2
00000000
00000000
00000000
00000000
00000000
00000000
00000000
0000ABB2
00000000
00000000
00000000
00000000
00000000
00000000
00000000
0000ABB2
00000000
00000000
00000000
00000000
00000000
00000000
00000000
0000ABB2
00000000
00000000
00000000
00000000
00000000
00000000
00000000
0000ABB2
00000000
00000000
00000000
00000000
00000000
00000000
00000000
0000ABB2
00000000
00000000
00000000
00000000
00000000
00000000
00000000
0000ABB2
00000000
00000000
00000000
00000000
00000000
00000000
00000000
0000ABB2
00000000
00000000
00000000
00000000
00000000
00000000
00000000
0000ABB2
00000000
00000000
00000000
00000000
00000000
00000000
00000000
0000ABB2
00000000
00000000
00000000
00000000
00000000
00000000
00000000
0000ABB2
00000000
00000000
00000000
00000000
00000000
00000000
00000000
0000ABB2
00000000
00000000
00000000
00000000
00000000
00000000
00000000
0000ABB2
00000000
00000000
00000000
00000000
00000000
00000000
00000000
0000ABB2
00000000
00000000
00000000
00000000
00000000
00000000
00000000
0000ABB2
00000000
00000000
00000000
00000000
00000000
00000000
00000000
0000ABB2
00000000
00000000
00000000
00000000
00000000
00000000
00000000
0000ABB2
00000000
00000000
00000000
00000000
00000000
00000000
00000000
0000ABB2
00000000
00000000
00000000
00000000
00000000
00000000
00000000
0000ABB2
00000000
00000000
00000000
00000000
00000000
00000000
00000000
0000ABB2
00000000
00000000
00000000
00000000
00000000
00000000
00000000
0000ABB2
00000000
00000000
00000000
00000000
00000000
00000000
00000000
0000C517
00000821
00000056
00000000
00000000
00000000
00000000
00000000
000109D8
00001EFA
00020068
00000000
00000000
00000000
00000000
00000000
00013705
00002DDB
00000096
00000000
00000000
00000000
00000000
00000000
000136B7
00002DC4
00000093
00000000
00000000
00000000
00000000
00000000
00017C17
000044BB
000000BC
00040000
00000000
00000000
00000000
00000000
00016921
00003E3B
000000EA
00070000
00000002
00000000
00000000
00000000
00011968
000023E0
000000B2
00050000
00000000
00000000
00000000
00000000
000122AA
00002718
00000090
00020000
00000000
00000000
00000000
00000000
0000ED79
00001595
00000058
00000000
00000000
00000000
00000000
00000000
0000C35B
000007BC
00000027
00000000
00000000
00000000
00000000
00000000
0000BA5E
000004CF
00000015
00000000
00000000
00000000
00000000
00000000
0000B083
0000018D
0000000E
00000000
00000000
00000000
00000000
00000000
0000B485
000002E7
0000000A
00000000
00000000
00000000
00000000
00000000
0000B0D7
000001B0
00000007
00000000
00000000
00000000
00000000
00000000
0000ABB2
00000000
00000000
00000000
00000000
00000000
00000000
00000000
0000ABB2
00000000
00000000
00000000
00000000
00000000
00000000
00000000
0000ABB2
00000000
00000000
00000000
00000000
00000000
00000000
00000000
0000ABB2
00000000
00000000
00000000
00000000
00000000
00000000
00000000
0000ABB2
00000000
00000000
00000000
00000000
00000000
00000000
00000000
0000ABB2
00000000
00000000
00000000
00000000
00000000
00000000
00000000
0000ABB2
00000000
00000000
00000000
00000000
00000000
00000000
00000000
0000ABB2
00000000
00000000
00000000
00000000
00000000
00000000
00000000
0000ABB2
00000000
00000000
00000000
00000000
00000000
00000000
00000000
0000ABB2
00000000
00000000
00000000
00000000
00000000
00000000
00000000
0000ABB2
00000000
00000000
00000000
00000000
00000000
00000000
00000000
0000ABB2
00000000
00000000
00000000
00000000
00000000
00000000
00000000
0000C00A
00000682
00000046
00000000
00000000
00000000
00000000
00000000
0000FC4F
00001A7D
00010062
00000000
00000000
00000000
00000000
00000000
00010963
00001EC7
00000074
00000000
00000000
00000000
00000000
00000000
0000ECFB
0000157F
00000044
00000000
00000000
00000000
00000000
00000000
00012139
000026D4
00000059
00010000
00000000
00000000
00000000
00000000
000118B7
00002401
00000056
00030000
00000000
00000000
00000000
00000000
0000FD06
00001AC8
00000054
000A0000
00000000
00000000
00000000
00000000
0000ED97
000015A8
0000004F
00040000
00000002
00000000
00000000
00000000
0000E014
0000112A
0000004C
00010000
00000000
00000000
00000000
00000000
0000E28A
000011F3
00000055
00000000
00000000
00000000
00000000
00000000
0000EC41
000014FF
00010086
00000000
00000000
00000000
00000000
00000000
000118B4
000023D2
00000084
00000000
00000000
00000000
00000000
00000000
00012D81
00002AB2
00000093
00000000
00000000
00000000
00000000
00000000
0000FAA5
000019F7
0000005A
00000000
00000000
00000000
00000000
00000000
00012A84
000029D6
00000070
00000000
00000000
00000000
00000000
00000000
00010ADD
00001F50
00000069
00040000
00000000
00000000
00000000
00000000
0000E467
000012A1
00000046
00040000
00000002
00000000
00000000
00000000
0000E0E3
00001178
00000043
00010000
00000000
00000000
00000000
00000000
0000BE72
0000061B
00000025
00000000
00000000
00000000
00000000
00000000
0000BBA2
00000535
0000001B
00010000
00000000
00000000
00000000
00000000
0000C01F
000006B7
00000018
00000000
00000002
00000000
00000000
00000000
0000CF16
00000B91
0000003B
00000000
00000000
00000000
00000000
00000000
0000E002
00001138
00000038
00000000
00000000
00000000
00000000
00000000
0000C73F
00000911
0000001E
00000000
00000000
00000000
00000000
00000000
0000B5A8
00000347
0000000B
00000000
00000000
00000000
00000000
00000000
0000D6C3
00000E3A
00000021
00000000
00000000
00000000
00000000
00000000
000101DD
00001C79
00000040
00000000
00000000
00000000
00000000
00000000
0000C8FE
000009A4
00000020
00000000
00000000
00000000
00000000
00000000
0000CC01
00000AAA
0000001B
00000000
00000000
00000000
00000000
00000000
0000D339
00000D0C
00000021
00000000
00000000
00000000
00000000
00000000
0000E635
00001351
00000030
00000000
00000000
00000000
00000000
00000000
0000ED61
000015A7
0000003E
00000000
00000000
00000000
00000000
00000000
0000EDCA
000015C2
00000046
00000000
00000000
00000000
00000000
00000000
0000D25B
00000CB9
0000002A
00000000
00000000
00000000
00000000
00000000
0000FCB5
00001AB9
00000048
00000000
00000000
00000000
00000000
00000000
0000F703
000018CD
0000004E
00000000
00000000
00000000
00000000
00000000
0000E1AC
000011C0
0000003E
00000000
00000000
00000000
00000000
00000000
0000F1FF
00001724
0000004B
00000000
00000000
00000000
00000000
00000000
0000F51D
0000182C
0000004D
00000000
00000000
00000000
00000000
00000000
0000D55E
00000DC1
00000023
00010000
00000000
00000000
00000000
00000000
0000F466
000017F5
00000047
00000000
00000000
00000000
00000000
00000000
0000F226
0000172A
00000052
00000000
00000000
00000000
00000000
00000000
000106F3
00001E0E
0000005D
00000000
00000000
00000000
00000000
00000000
000127F3
000028F2
00000079
00000000
00000000
00000000
00000000
00000000
0000F061
0000168E
00000057
00000000
00000000
00000000
00000000
00000000
00012502
000027AC
000000C4
00000000
00000000
00000000
00000000
00000000
00015BC2
000039E1
000300CF
00000000
00000000
00000000
00000000
00000000
00015121
00003664
000000C1
00000000
00000000
00000000
00000000
00000000
00012F6D
00002B5C
0000008D
00020000
00000000
00000000
00000000
00000000
00011C44
00002508
0000007E
00010000
00000000
00000000
00000000
00000000
00012631
0000284C
00000089
00000000
00000000
00000000
00000000
00000000
00010FE7
000020F6
00000071
00000000
00000000
00000000
00000000
00000000
00011212
000021BA
00000066
00000000
00000000
00000000
00000000
00000000
0000E473
000012A5
00000046
00000000
00000000
00000000
00000000
00000000
0000E2C6
0000122E
0000002E
00010000
00000000
00000000
00000000
00000000
0000FC31
00001A83
00000052
00000000
00000000
00000000
00000000
00000000
0000FEA1
00001B0D
00000098
00060000
00000000
00000000
00000000
00000000
000197D7
00004DDF
000000D8
00000000
00000000
00000000
00000000
00000000
00016E8B
00004012
000000E1
00020000
00000000
00000000
00000000
00000000
00012586
00002801
0000009B
00000000
00000000
00000000
00000000
00000000
0000FE9E
00001B62
00000042
00000000
00000000
00000000
00000000
00000000
0000EAF4
000014D2
00000044
00000000
00000000
00000000
00000000
00000000
0000DEFD
000010D4
00000045
00010000
00000000
00000000
00000000
00000000
0000E362
0000125D
00000033
00000000
00000000
00000000
00000000
00000000
0000C70F
000008F5
0000002A
00000000
00000000
00000000
00000000
00000000
0000B137
000001CA
0000000D
00000000
00000000
00000000
00000000
00000000
0000B08C
00000192
0000000C
00000000
00000000
00000000
00000000
00000000
0000AD71
00000093
00000002
00000000
00000000
00000000
00000000
00000000
0000ABB2
00000000
00000000
00000000
00000000
00000000
00000000
00000000
0000ABB2
00000000
00000000
00000000
00000000
00000000
00000000
00000000
0000ABB2
00000000
00000000
00000000
00000000
00000000
00000000
00000000
0000ABB2
00000000
00000000
00000000
00000000
00000000
00000000
00000000
0000ABB2
00000000
00000000
00000000
00000000
00000000
00000000
00000000
0000ABB2
00000000
00000000
00000000
00000000
00000000
00000000
00000000
0000ABB2
00000000
00000000
00000000
00000000
00000000
00000000
00000000
0000ABB2
00000000
00000000
00000000
00000000
00000000
00000000
00000000
0000AFD8
00000157
0000000B
00000000
00000000
00000000
00000000
00000000
0000AC7E
00000043
00000001
00000000
00000000
00000000
00000000
00000000
0000ABB2
00000000
00000000
00000000
00000000
00000000
00000000
00000000
0000C745
000008D4
0000005D
00000000
00000000
00000000
00000000
00000000
000109B4
00001EEA
0003006C
00000000
00000000
00000000
00000000
00000000
00012952
0000295D
00000083
00000000
00000000
00000000
00000000
00000000
0000FECE
00001B4D
00000067
00000000
00000000
00000000
00000000
00000000
0001221A
00002704
00000074
00070000
00000000
00000000
00000000
00000000
00010A44
00001F34
00000052
00030000
00000000
00000000
00000000
00000000
0000F3EB
000017C9
0000004A
00030000
00000000
00000000
00000000
00000000
0000E3D4
00001275
00000041
00010000
00000000
00000000
00000000
00000000
0000D4E9
00000D91
0000002C
00000000
00000000
00000000
00000000
00000000
0000E42E
00001296
0000003E
00000000
00000000
00000000
00000000
00000000
0000BB4E
00000520
00000014
00000000
00000000
00000000
00000000
00000000
0000B308
0000026A
00000008
00000000
00000000
00000000
00000000
00000000
0000B578
00000338
0000000A
00000000
00000000
00000000
00000000
00000000
0000C712
0000090D
00000013
00000000
00000000
00000000
00000000
00000000
0000B94D
00000480
00000009
00000000
00000000
00000000
00000000
00000000
0000B959
0000047D
00000010
00000000
00000000
00000000
00000000
00000000
0000B0F8
000001BC
00000006
00000000
00000000
00000000
00000000
00000000
0000AE04
000000C0
00000006
00000000
00000000
00000000
00000000
00000000
0000ABD9
0000000C
00000001
00000000
00000000
00000000
00000000
00000000
0000ABD0
00000009
00000001
00000000
00000000
00000000
00000000
00000000
0000ACCF
0000005E
00000001
00000000
00000000
00000000
00000000
00000000
0000ABB2
00000000
00000000
00000000
00000000
00000000
00000000
00000000
0000ABB2
00000000
00000000
00000000
00000000
00000000
00000000
00000000
0000ABB2
00000000
00000000
00000000
00000000
00000000
00000000
00000000
0000ABB2
00000000
00000000
00000000
00000000
00000000
00000000
00000000
0000ABB2
00000000
00000000
00000000
00000000
00000000
00000000
00000000
0000ABB2
00000000
00000000
00000000
00000000
00000000
00000000
00000000
0000ABB2
00000000
00000000
00000000
00000000
00000000
00000000
00000000
0000ABB2
00000000
00000000
00000000
00000000
00000000
00000000
00000000
0000ABB2
00000000
00000000
00000000
00000000
00000000
00000000
00000000
0000ABB2
00000000
00000000
00000000
00000000
00000000
00000000
00000000
0000ABB2
00000000
00000000
00000000
00000000
00000000
00000000
00000000
0000ABB2
00000000
00000000
00000000
00000000
00000000
00000000
00000000
0000ABB2
00000000
00000000
00000000
00000000
00000000
00000000
00000000
0000ABB2
00000000
00000000
00000000
00000000
00000000
00000000
00000000
0000C745
000008D4
0000005D
00000000
00000000
00000000
00000000
00000000
00010FB1
000020E7
0004006E
00000000
00000000
00000000
00000000
00000000
0001507C
00003642
000000AC
00000000
00000000
00000000
00000000
00000000
00014B39
0000348D
000000A0
00010000
00000000
00000000
00000000
00000000
00015C7F
00003A3B
000000B4
000F0000
00000000
00000000
00000000
00000000
00014827
00003371
000000B6
000F0000
00000000
00000000
00000000
00000000
00010D2C
00002004
0000007A
00030000
00000002
00000000
00000000
00000000
0000EE48
000015D5
0000005D
00000000
00000000
00000000
00000000
00000000
0000C877
0000096C
0000002B
00000000
00000000
00000000
00000000
00000000
0000BAE5
000004FA
00000017
00000000
00000000
00000000
00000000
00000000
0000B734
000003C5
00000011
00000000
00000000
00000000
00000000
00000000
0000BBE1
00000552
00000013
00000000
00000000
00000000
00000000
00000000
0000CD3C
00000B0C
00000022
00000000
00000000
00000000
00000000
00000000
0000C9B2
000009E7
00000019
00000000
00000000
00000000
00000000
00000000
0000D20D
00000CA8
00000021
00000000
00000000
00000000
00000000
00000000
0000BB4B
00000524
0000000F
00000000
00000000
00000000
00000000
00000000
0000B7B2
000003F1
0000000F
00000000
00000000
00000000
00000000
00000000
0000B4D3
000002FA
00000011
00000000
00000000
00000000
00000000
00000000
0000B5C9
0000034E
0000000F
00000000
00000000
00000000
00000000
00000000
0000B065
00000188
00000009
00000000
00000000
00000000
00000000
00000000
0000B9DD
000004AA
0000000F
00000000
00000000
00000000
00000000
00000000
0000B1F1
0000020F
00000006
00000000
00000000
00000000
00000000
00000000
0000AFC0
00000158
00000002
00000000
00000000
00000000
00000000
00000000
0000ABB2
00000000
00000000
00000000
00000000
00000000
00000000
00000000
0000ABB2
00000000
00000000
00000000
00000000
00000000
00000000
00000000
0000ABB2
00000000
00000000
00000000
00000000
00000000
00000000
00000000
0000ABB2
00000000
00000000
00000000
00000000
00000000
00000000
00000000
0000ABB2
00000000
00000000
00000000
00000000
00000000
00000000
00000000
0000ABB2
00000000
00000000
00000000
00000000
00000000
00000000
00000000
0000ABB2
00000000
00000000
00000000
00000000
00000000
00000000
00000000
0000ABB2
00000000
00000000
00000000
00000000
00000000
00000000
00000000
0000ABB2
00000000
00000000
00000000
00000000
00000000
00000000
00000000
0000ABB2
00000000
00000000
00000000
00000000
00000000
00000000
00000000
0000ABB2
00000000
00000000
00000000
00000000
00000000
00000000
00000000
0000ABB2
00000000
00000000
00000000
00000000
00000000
00000000
00000000
0000BEF6
0000062A
00000042
00000000
00000000
00000000
00000000
00000000
000103DB
00001CF6
0000006D
00000000
00000000
00000000
00000000
00000000
00012286
00002720
0000007C
00000000
00000000
00000000
00000000
00000000
00012052
00002660
00000080
00030000
00000000
00000000
00000000
00000000
00014F0B
000035F0
00000083
00050000
00000000
00000000
00000000
00000000
0000FFBE
00001B8A
0000007A
000E0000
00000000
00000000
00000000
00000000
000125C2
0000281C
00000094
00070000
00000002
00000000
00000000
00000000
0000FC07
00001A62
00000065
00010000
00000000
00000000
00000000
00000000
0000C20E
00000746
0000002E
00000000
00000000
00000000
00000000
00000000
0000B800
00000409
00000011
00000000
00000000
00000000
00000000
00000000
0000B218
0000021A
00000008
00000000
00000000
00000000
00000000
00000000
0000B4D9
00000308
00000005
00000000
00000000
00000000
00000000
00000000
0000AEC4
00000101
00000005
00000000
00000000
00000000
00000000
00000000
0000AC09
0000001C
00000001
00000000
00000000
00000000
00000000
00000000
0000ABB2
00000000
00000000
00000000
00000000
00000000
00000000
00000000
0000ABB2
00000000
00000000
00000000
00000000
00000000
00000000
00000000
0000ABB2
00000000
00000000
00000000
00000000
00000000
00000000
00000000
0000ABB2
00000000
00000000
00000000
00000000
00000000
00000000
00000000
0000ABB2
00000000
00000000
00000000
00000000
00000000
00000000
00000000
0000ABB2
00000000
00000000
00000000
00000000
00000000
00000000
00000000
0000ABB2
00000000
00000000
00000000
00000000
00000000
00000000
00000000
0000ABB2
00000000
00000000
00000000
00000000
00000000
00000000
00000000
0000ABB2
00000000
00000000
00000000
00000000
00000000
00000000
00000000
0000ABB2
00000000
00000000
00000000
00000000
00000000
00000000
00000000
0000ABB2
00000000
00000000
00000000
00000000
00000000
00000000
00000000
0000ABB2
00000000
00000000
00000000
00000000
00000000
00000000
00000000
0000ABB2
00000000
00000000
00000000
00000000
00000000
00000000
00000000
0000ABB2
00000000
00000000
00000000
00000000
00000000
00000000
00000000
0000ABB2
00000000
00000000
00000000
00000000
00000000
00000000
00000000
0000ABB2
00000000
00000000
00000000
00000000
00000000
00000000
00000000
0000ABB2
00000000
00000000
00000000
00000000
00000000
00000000
00000000
0000ABB2
00000000
00000000
00000000
00000000
00000000
00000000
00000000
0000ABB2
00000000
00000000
00000000
00000000
00000000
00000000
00000000
0000ABB2
00000000
00000000
00000000
00000000
00000000
00000000
00000000
0000ABB2
00000000
00000000
00000000
00000000
00000000
00000000
00000000
0000C670
0000088F
0000005B
00000000
00000000
00000000
00000000
00000000
000116F5
00002352
0006006F
00000000
00000000
00000000
00000000
00000000
00016D47
00003FBB
000000CC
00000001
00000000
00000000
00000000
00000000
0001D57E
0000620A
0000013A
00000005
00000000
00000000
00000000
00000000
00021CB8
00007985
0000017D
00200001
00000000
00000000
00000000
00000000
00019642
00004D04
0000012C
00090000
00000002
00000000
00000000
00000000
00015223
0000369B
000000E0
00050000
00000000
00000000
00000000
00000000
0000F736
000018C9
00000063
00020000
00000000
00000000
00000000
00000000
0000DB5B
00000FAF
00000034
00000000
00000000
00000000
00000000
00000000
0000B923
0000046F
0000000C
00000000
00000000
00000000
00000000
00000000
0000B0A7
000001A0
00000007
00000000
00000000
00000000
00000000
00000000
0000ABB2
00000000
00000000
00000000
00000000
00000000
00000000
00000000
0000ABB2
00000000
00000000
00000000
00000000
00000000
00000000
00000000
0000ABB2
00000000
00000000
00000000
00000000
00000000
00000000
00000000
0000ABB2
00000000
00000000
00000000
00000000
00000000
00000000
00000000
0000ABB2
00000000
00000000
00000000
00000000
00000000
00000000
00000000
0000ABB2
00000000
00000000
00000000
00000000
00000000
00000000
00000000
0000ABB2
00000000
00000000
00000000
00000000
00000000
00000000
00000000
0000ABB2
00000000
00000000
00000000
00000000
00000000
00000000
00000000
0000ABB2
00000000
00000000
00000000
00000000
00000000
00000000
00000000
0000ABB2
00000000
00000000
00000000
00000000
00000000
00000000
00000000
0000ABB2
00000000
00000000
00000000
00000000
00000000
00000000
00000000
0000ABB2
00000000
00000000
00000000
00000000
00000000
00000000
00000000
0000ABB2
00000000
00000000
00000000
00000000
00000000
00000000
00000000
0000ABB2
00000000
00000000
00000000
00000000
00000000
00000000
00000000
0000ABB2
00000000
00000000
00000000
00000000
00000000
00000000
00000000
0000ABB2
00000000
00000000
00000000
00000000
00000000
00000000
00000000
0000ABB2
00000000
00000000
00000000
00000000
00000000
00000000
00000000
0000ABB2
00000000
00000000
00000000
00000000
00000000
00000000
00000000
0000ABB2
00000000
00000000
00000000
00000000
00000000
00000000
00000000
0000ABB2
00000000
00000000
00000000
00000000
00000000
00000000
00000000
0000ABB2
00000000
00000000
00000000
00000000
00000000
00000000
00000000
0000ABB2
00000000
00000000
00000000
00000000
00000000
00000000
00000000
0000C50E
0000081F
00000055
00000000
00000000
00000000
00000000
00000000
00011008
00002107
0004006B
00000000
00000000
00000000
00000000
00000000
00014F8F
000035E4
000000BB
00000001
00000000
00000000
00000000
00000000
0001BBCE
0000597D
00000137
00020005
00000000
00000000
00000000
00000000
0002504B
00008A8B
000301A8
00150001
00000000
00000000
00000000
00000000
00022033
00007A64
000001C7
000A0000
00000000
00000000
00000000
00000000
0001B2C2
00005671
0000013F
00050002
00000002
00000000
00000000
00000000
0001B742
000057F0
00000140
00070000
00000000
00000000
00000000
00000000
00016EA0
00004003
000000F7
00080000
00000000
00000000
00000000
00000000
00010123
00001BFF
0000007C
00000000
00000002
00000000
00000000
00000000
0000FC8B
00001A94
0000005F
00000000
00000000
00000000
00000000
00000000
0000EC08
00001511
00000061
00000000
00000000
00000000
00000000
00000000
0000C13F
0000070D
00000022
00000000
00000000
00000000
00000000
00000000
0000BDA6
000005E9
00000013
00000000
00000000
00000000
00000000
00000000
0000C136
0000071D
0000000F
00000000
00000000
00000000
00000000
00000000
0000AFC0
00000158
00000002
00000000
00000000
00000000
00000000
00000000
0000ABB2
00000000
00000000
00000000
00000000
00000000
00000000
00000000
0000ABB2
00000000
00000000
00000000
00000000
00000000
00000000
00000000
0000ABB2
00000000
00000000
00000000
00000000
00000000
00000000
00000000
0000ABB2
00000000
00000000
00000000
00000000
00000000
00000000
00000000
0000ABB2
00000000
00000000
00000000
00000000
00000000
00000000
00000000
0000ABB2
00000000
00000000
00000000
00000000
00000000
00000000
00000000
0000ABB2
00000000
00000000
00000000
00000000
00000000
00000000
00000000
0000ABB2
00000000
00000000
00000000
00000000
00000000
00000000
00000000
0000ABB2
00000000
00000000
00000000
00000000
00000000
00000000
00000000
0000ABB2
00000000
00000000
00000000
00000000
00000000
00000000
00000000
0000ABB2
00000000
00000000
00000000
00000000
00000000
00000000
00000000
0000ABB2
00000000
00000000
00000000
00000000
00000000
00000000
00000000
0000ABB2
00000000
00000000
00000000
00000000
00000000
00000000
00000000
0000ABB2
00000000
00000000
00000000
00000000
00000000
00000000
00000000
0000ABB2
00000000
00000000
00000000
00000000
00000000
00000000
00000000
0000ABB2
00000000
00000000
00000000
00000000
00000000
00000000
00000000
0000ABB2
00000000
00000000
00000000
00000000
00000000
00000000
00000000
0000ABB2
00000000
00000000
00000000
00000000
00000000
00000000
00000000
0000ABB2
00000000
00000000
00000000
00000000
00000000
00000000
00000000
0000ABB2
00000000
00000000
00000000
00000000
00000000
00000000
00000000
0000ABB2
00000000
00000000
00000000
00000000
00000000
00000000
00000000
0000ABB2
00000000
00000000
00000000
00000000
00000000
00000000
00000000
0000C745
000008D4
0000005D
00000000
00000000
00000000
00000000
00000000
000113B9
0000223F
0004006E
00000000
00000000
00000000
00000000
00000000
00015D75
00003A7F
000000C2
00000001
00000000
00000000
00000000
00000000
000186AC
0000481D
000000E1
00020005
00000000
00000000
00000000
00000000
0001FB9D
00006EA8
00000151
00130000
00000000
00000000
00000000
00000000
00019DDD
00004F94
00000125
00110000
00000002
00000000
00000000
00000000
00015322
000036D5
000000FB
00060000
00000000
00000000
00000000
00000000
00012B38
000029E0
000000A2
00000000
00000000
00000000
00000000
00000000
0000DD5F
0000104A
00000045
00000000
00000000
00000000
00000000
00000000
0000C32E
000007B5
0000001F
00000000
00000001
00000000
00000000
00000000
0000C541
00000853
00000032
00000000
00000000
00000000
00000000
00000000
0000BD52
000005BE
00000022
00000000
00000000
00000000
00000000
00000000
0000BC53
00000577
00000014
00000000
00000000
00000000
00000000
00000000
0000AE9D
000000F5
00000004
00000000
00000000
00000000
00000000
00000000
0000ABB2
00000000
00000000
00000000
00000000
00000000
00000000
00000000
0000ABB2
00000000
00000000
00000000
00000000
00000000
00000000
00000000
0000ABB2
00000000
00000000
00000000
00000000
00000000
00000000
00000000
0000ABB2
00000000
00000000
00000000
00000000
00000000
00000000
00000000
0000ABB2
00000000
00000000
00000000
00000000
00000000
00000000
00000000
0000ABB2
00000000
00000000
00000000
00000000
00000000
00000000
00000000
0000ABB2
00000000
00000000
00000000
00000000
00000000
00000000
00000000
0000ABB2
00000000
00000000
00000000
00000000
00000000
00000000
00000000
0000ABB2
00000000
00000000
00000000
00000000
00000000
00000000
00000000
0000ABB2
00000000
00000000
00000000
00000000
00000000
00000000
00000000
0000ABB2
00000000
00000000
00000000
00000000
00000000
00000000
00000000
0000ABB2
00000000
00000000
00000000
00000000
00000000
00000000
00000000
0000ABB2
00000000
00000000
00000000
00000000
00000000
00000000
00000000
0000ABB2
00000000
00000000
00000000
00000000
00000000
00000000
00000000
0000ABB2
00000000
00000000
00000000
00000000
00000000
00000000
00000000
0000ABB2
00000000
00000000
00000000
00000000
00000000
00000000
00000000
0000ABB2
00000000
00000000
00000000
00000000
00000000
00000000
00000000
0000ABB2
00000000
00000000
00000000
00000000
00000000
00000000
00000000
0000ABB2
00000000
00000000
00000000
00000000
00000000
00000000
00000000
0000ABB2
00000000
00000000
00000000
00000000
00000000
00000000
00000000
0000ABB2
00000000
00000000
00000000
00000000
00000000
00000000
00000000
0000C745
000008D4
0000005D
00000000
00000000
00000000
00000000
00000000
000110F2
00002154
0005006C
00000000
00000000
00000000
00000000
00000000
00015EFE
00003AFB
000000C9
00000001
00000000
00000000
00000000
00000000
00018A03
00004934
000000E7
00010005
00000000
00000000
00000000
00000000
000202C9
00007104
00000159
00180000
00000001
00000000
00000000
00000000
0001F8FA
00006D62
000001B6
000C0001
00000001
00000000
00000000
00000000
00013B4C
00002EFF
000000DF
00020000
00000000
00000000
00000000
00000000
0001131A
0000220A
0000006E
00000000
00000000
00000000
00000000
00000000
0001043E
00001D1D
00000067
00000000
00000001
00000000
00000000
00000000
0000E719
00001379
00000054
00000000
00000000
00000000
00000000
00000000
0000CABD
00000A2F
0000002A
00000000
00000000
00000000
00000000
00000000
0000B965
00000476
0000001B
00000000
00000000
00000000
00000000
00000000
0000C3E5
000007ED
00000024
00000000
00000000
00000000
00000000
00000000
0000CA03
00000A03
00000018
00000000
00000000
00000000
00000000
00000000
0000C25C
00000771
0000001D
00000000
00000000
00000000
00000000
00000000
0000D30F
00000CEA
00000035
00000000
00000000
00000000
00000000
00000000
0000B7C4
000003F7
0000000F
00000000
00000000
00000000
00000000
00000000
0000B5C9
00000348
00000015
00000000
00000000
00000000
00000000
00000000
0000B206
00000209
00000013
00000000
00000000
00000000
00000000
00000000
0000B4D0
000002FC
0000000E
00000000
00000000
00000000
00000000
00000000
0000B7F1
0000040A
0000000B
00000000
00000000
00000000
00000000
00000000
0000B860
0000042F
0000000B
00000000
00000000
00000000
00000000
00000000
0000AFC0
00000158
00000002
00000000
00000000
00000000
00000000
00000000
0000ABB2
00000000
00000000
00000000
00000000
00000000
00000000
00000000
0000ABB2
00000000
00000000
00000000
00000000
00000000
00000000
00000000
0000ABB2
00000000
00000000
00000000
00000000
00000000
00000000
00000000
0000C32B
00000783
00000050
00000000
00000000
00000000
00000000
00000000
0001017D
00001C40
00030059
00000000
00000000
00000000
00000000
00000000
00012064
00002661
00000085
00000000
00000000
00000000
00000000
00000000
0000FAAE
000019FD
00000057
00000004
00000000
00000000
00000000
00000000
000143D4
0000323B
0000007B
000B0000
00000000
00000000
00000000
00000000
00010738
00001E39
00000049
00040000
00000000
00000000
00000000
00000000
00010138
00001C25
0000005D
00040000
00000000
00000000
00000000
00000000
0000EE90
000015FB
0000004F
00010000
00000000
00000000
00000000
00000000
0000C199
0000072D
00000020
00000000
00000000
00000000
00000000
00000000
0000DE13
00001044
00000087
00000000
00000000
00000000
00000000
00000000
000121DB
000026DC
00030087
00000000
00000000
00000000
00000000
00000000
00013F57
00003084
000000B3
00000000
00000000
00000000
00000000
00000000
000100DE
00001BF8
0000006C
00010000
00000000
00000000
00000000
00000000
00011815
000023C0
00000061
00060000
00000000
00000000
00000000
00000000
0000FE14
00001B26
00000050
00040000
00000000
00000000
00000000
00000000
0000E43D
00001282
00000057
00050000
00000000
00000000
00000000
00000000
0000DB2E
00000F8D
00000047
00010000
00000000
00000000
00000000
00000000
0000D12C
00000C52
0000002C
00000000
00000000
00000000
00000000
00000000
0000CBAD
00000A80
00000029
00010000
00000000
00000000
00000000
00000000
0000C025
000006B3
0000001E
00010000
00000000
00000000
00000000
00000000
0000B28D
00000237
00000012
00000000
00000000
00000000
00000000
00000000
0000B6A4
0000038F
00000017
00000000
00000000
00000000
00000000
00000000
0000BE1B
00000605
0000001E
00000000
00000000
00000000
00000000
00000000
0000CD87
00000B26
00000021
00000000
00000000
00000000
00000000
00000000
0000CCC1
00000AE4
00000021
00000000
00000000
00000000
00000000
00000000
0000B0B0
000001A5
00000005
00000000
00000000
00000000
00000000
00000000
0000B077
0000018F
00000008
00000000
00000000
00000000
00000000
00000000
0000AEC4
00000101
00000005
00000000
00000000
00000000
00000000
00000000
0000AD6B
00000090
00000003
00000000
00000000
00000000
00000000
00000000
0000ABB2
00000000
00000000
00000000
00000000
00000000
00000000
00000000
0000ABB2
00000000
00000000
00000000
00000000
00000000
00000000
00000000
0000ABB2
00000000
00000000
00000000
00000000
00000000
00000000
00000000
0000ABB2
00000000
00000000
00000000
00000000
00000000
00000000
00000000
0000ABB2
00000000
00000000
00000000
00000000
00000000
00000000
00000000
0000ABB2
00000000
00000000
00000000
00000000
00000000
00000000
00000000
0000ABB2
00000000
00000000
00000000
00000000
00000000
00000000
00000000
0000ABB2
00000000
00000000
00000000
00000000
00000000
00000000
00000000
0000ABB2
00000000
00000000
00000000
00000000
00000000
00000000
00000000
0000ABB2
00000000
00000000
00000000
00000000
00000000
00000000
00000000
0000ABB2
00000000
00000000
00000000
00000000
00000000
00000000
00000000
0000ABB2
00000000
00000000
00000000
00000000
00000000
00000000
00000000
0000ABB2
00000000
00000000
00000000
00000000
00000000
00000000
00000000
0000ABB2
00000000
00000000
00000000
00000000
00000000
00000000
00000000
0000ABB2
00000000
00000000
00000000
00000000
00000000
00000000
00000000
0000ABB2
00000000
00000000
00000000
00000000
00000000
00000000
00000000
0000C745
000008D4
0000005D
00000000
00000000
00000000
00000000
00000000
00011770
00002377
00030073
00000000
00000000
00000000
00000000
00000000
00015586
000037EA
000000B2
00000000
00000000
00000000
00000000
00000000
00018F64
00004B03
000000E3
00010007
00000000
00000000
00000000
00000000
0001A779
00005301
000000EC
000F0000
00000000
00000000
00000000
00000000
00017578
00004258
000000EA
000E0000
00000000
00000000
00000000
00000000
000113B6
00002210
0000009C
00080000
00000002
00000000
00000000
00000000
0000D81F
00000E7C
00000053
00010000
00000000
00000000
00000000
00000000
0000CAB7
00000A20
00000037
00010000
00000000
00000000
00000000
00000000
0000E632
0000133E
00000042
00020000
00000000
00000000
00000000
00000000
0000DC7B
00001003
00000040
00010000
00000000
00000000
00000000
00000000
0000DAE9
00000F90
0000002D
00000000
00000000
00000000
00000000
00000000
0000C94C
000009C2
0000001C
00000000
00000000
00000000
00000000
00000000
0000BBB1
00000547
0000000E
00000000
00000000
00000000
00000000
00000000
0000BF71
00000683
00000012
00000000
00000000
00000000
00000000
00000000
0000C49F
0000082F
00000020
00000000
00000000
00000000
00000000
00000000
0000C0D9
000006F6
00000017
00000000
00000000
00000000
00000000
00000000
0000B980
0000048F
0000000B
00000000
00000000
00000000
00000000
00000000
0000C2CB
000007A3
00000010
00000000
00000000
00000000
00000000
00000000
0000B5A2
00000344
0000000C
00000000
00000000
00000000
00000000
00000000
0000BCFE
000005AD
00000017
00000000
00000000
00000000
00000000
00000000
0000BD0A
000005AF
00000019
00000000
00000000
00000000
00000000
00000000
0000B254
0000022B
0000000B
00000000
00000000
00000000
00000000
00000000
0000B578
00000331
00000011
00000000
00000000
00000000
00000000
00000000
0000BD7C
000005DE
00000010
00000000
00000000
00000000
00000000
00000000
0000C151
00000723
00000012
00000000
00000000
00000000
00000000
00000000
0000CE3B
00000B67
0000001C
00000000
00000000
00000000
00000000
00000000
0000D348
00000D02
00000030
00000000
00000000
00000000
00000000
00000000
0000D2F4
00000CE7
0000002F
00000000
00000000
00000000
00000000
00000000
0000CD15
00000AF3
0000002E
00000000
00000000
00000000
00000000
00000000
0000E530
000012F3
00000037
00000000
00000000
00000000
00000000
00000000
0000D372
00000D20
00000020
00000000
00000000
00000000
00000000
00000000
0000CB53
00000A61
0000002A
00000000
00000000
00000000
00000000
00000000
0000CC55
00000AB9
00000028
00000000
00000000
00000000
00000000
00000000
0000F076
00001662
0000008A
00000000
00000000
00000000
00000000
00000000
00012F16
00002B47
00040085
00000000
00000000
00000000
00000000
00000000
00013CED
00002FBD
000000AC
00000000
00000000
00000000
00000000
00000000
00016438
00003CC4
000000BE
00080006
00000000
00000000
00000000
00000000
00017167
00004121
000000C6
00070000
00000000
00000000
00000000
00000000
00010303
00001CC8
00000053
00010001
00000000
00000000
00000000
00000000
0000F0A3
000016AD
0000004E
00000000
00000000
00000000
00000000
00000000
0000D95D
00000F03
00000036
00000000
00000000
00000000
00000000
00000000
0000D43E
00000D24
00000060
00000000
00000000
00000000
00000000
00000000
00010996
00001EEE
0000005E
00000000
00000000
00000000
00000000
00000000
00011AEE
0000249A
0000007A
00000000
00000000
00000000
00000000
00000000
000119F2
00002440
00000080
00060000
00000000
00000000
00000000
00000000
00010303
00001CB4
00000067
00000000
00000000
00000000
00000000
00000000
000132C7
00002C91
00000076
00020000
00000000
00000000
00000000
00000000
0000E965
0000144E
00000043
00000000
00000000
00000000
00000000
00000000
0000D09F
00000C2D
00000022
00000000
00000000
00000000
00000000
00000000
0000C970
000009CE
0000001C
00000000
00000000
00000000
00000000
00000000
00010261
00001C93
00000052
00000000
00000000
00000000
00000000
00000000
0000D597
00000DB2
00000045
00000000
00000000
00000000
00000000
00000000
0000C94F
000009B9
00000026
00000000
00000000
00000000
00000000
00000000
0000CC76
00000ACF
0000001D
00000000
00000000
00000000
00000000
00000000
0000CAA8
00000A33
0000001F
00000000
00000000
00000000
00000000
00000000
0000C16C
0000071C
00000022
00000000
00000000
00000000
00000000
00000000
0000C4B7
00000843
00000014
00000000
00000000
00000000
00000000
00000000
0000C33D
000007C1
00000018
00000000
00000000
00000000
00000000
00000000
0000C17B
00000733
00000010
00000000
00000000
00000000
00000000
00000000
0000C3EB
000007FD
00000016
00000000
00000000
00000000
00000000
00000000
0000CE1A
00000B48
00000030
00000000
00000000
00000000
00000000
00000000
0000DC99
00001017
00000036
00000000
00000000
00000000
00000000
00000000
0000F634
00001861
00000075
00000000
00000000
00000000
00000000
00000000
000110DD
00002152
00000067
00000000
00000000
00000000
00000000
00000000
0000FE83
00001B31
0000006A
00000000
00000000
00000000
00000000
00000000
000109E4
00001EED
00000079
00000000
00000000
00000000
00000000
00000000
0000F5A1
00001867
0000003E
00020000
00000000
00000000
00000000
00000000
0000F8C2
0000195B
00000055
00010000
00000000
00000000
00000000
00000000
00012970
00002922
000000C8
00090000
00000000
00000000
00000000
00000000
00013726
00002DCC
000000B0
00010000
00000000
00000000
00000000
00000000
0001165C
00002305
00000089
00000001
00000000
00000000
00000000
00000000
000146D4
00003320
00000096
00010003
00000000
00000000
00000000
00000000
0000EC0E
00001527
0000004D
00090001
00000000
00000000
00000000
00000000
0000F0CD
000016C2
00000047
00040000
00000000
00000000
00000000
00000000
0000F98B
0000199F
00000054
00010000
00000000
00000000
00000000
00000000
0000F2FE
0000176A
0000005A
00010000
00000000
00000000
00000000
00000000
0000D9A8
00000F1F
00000033
00000000
00000000
00000000
00000000
00000000
0000CB0E
00000A5A
0000001A
00000000
00000000
00000000
00000000
00000000
0000C0EB
000006FE
00000015
00000000
00000000
00000000
00000000
00000000
0000CC0A
00000AA4
00000024
00000000
00000000
00000000
00000000
00000000
0000D7EC
00000E88
00000036
00000000
00000000
00000000
00000000
00000000
000108B2
00001E99
00000067
00000000
00000000
00000000
00000000
00000000
0000D4EF
00000D96
00000029
00000000
00000000
00000000
00000000
00000000
0000BF8C
00000687
00000017
00000000
00000000
00000000
00000000
00000000
0000D23A
00000CB2
00000026
00000000
00000000
00000000
00000000
00000000
0000C865
0000096F
00000022
00000000
00000000
00000000
00000000
00000000
0000D816
00000EA7
00000025
00000000
00000000
00000000
00000000
00000000
000100ED
00001C11
00000058
00000000
00000000
00000000
00000000
00000000
0000EF08
00001618
0000005A
00000000
00000000
00000000
00000000
00000000
0000F1D5
00001702
0000005F
00000000
00000000
00000000
00000000
00000000
0000F895
0000195E
00000043
00000000
00000000
00000000
00000000
00000000
00011125
00002168
00000069
00000000
00000000
00000000
00000000
00000000
0000DA62
00000F4D
00000043
00000000
00000000
00000000
00000000
00000000
0000E23C
000011EB
00000043
00000000
00000000
00000000
00000000
00000000
0000EF7D
0000165E
0000003B
00000000
00000000
00000000
00000000
00000000
00011FDD
00002632
00000087
00000000
00000000
00000000
00000000
00000000
0000FBDD
00001A58
00000061
00000000
00000000
00000000
00000000
00000000
0000F5E9
0000185C
00000061
00000000
00000000
00000000
00000000
00000000
0000FC0A
00001A7D
0000004B
00000000
00000000
00000000
00000000
00000000
0000F346
0000178A
00000052
00000000
00000000
00000000
00000000
00000000
0000CE9B
00000B72
00000031
00000000
00000000
00000000
00000000
00000000
0000CC7F
00000ACD
00000022
00000000
00000000
00000000
00000000
00000000
0000D4AD
00000D58
00000051
00000000
00000000
00000000
00000000
00000000
0001096C
00001ED2
0000006C
00000000
00000000
00000000
00000000
00000000
000100DB
00001BEF
00010074
00000000
00000000
00000000
00000000
00000000
0001103B
00002118
0000006B
00060000
00000000
00000000
00000000
00000000
00012037
00002667
00000070
00050000
00000000
00000000
00000000
00000000
0000F8D7
00001969
0000004E
00020000
00000000
00000000
00000000
00000000
0000D954
00000F09
0000002D
00000000
00000000
00000000
00000000
00000000
0000CCA0
00000ACE
0000002C
00000000
00000000
00000000
00000000
00000000
0000CE65
00000B66
0000002B
00000000
00000000
00000000
00000000
00000000
0000B57B
00000337
0000000C
00000000
00000000
00000000
00000000
00000000
0000BFFE
00000688
0000003C
00000000
00000000
00000000
00000000
00000000
0000E809
000013CB
00000052
00000000
00000000
00000000
00000000
00000000
0000F7F0
00001906
00010064
00000000
00000000
00000000
00000000
00000000
0000F6FD
000018B3
00000066
00000000
00000000
00000000
00000000
00000000
0000EF3E
00001645
0000003F
00000000
00000000
00000000
00000000
00000000
0000DC69
0000100A
00000033
00010000
00000000
00000000
00000000
00000000
0000BEF0
00000650
0000001A
00040000
00000000
00000000
00000000
00000000
0000B5A2
00000346
0000000A
00000000
00000000
00000000
00000000
00000000
0000ACEA
00000067
00000001
00000000
00000000
00000000
00000000
00000000
0000ABB2
00000000
00000000
00000000
00000000
00000000
00000000
00000000
0000ABB2
00000000
00000000
00000000
00000000
00000000
00000000
00000000
0000ABB2
00000000
00000000
00000000
00000000
00000000
00000000
00000000
0000ABB2
00000000
00000000
00000000
00000000
00000000
00000000
00000000
0000ABB2
00000000
00000000
00000000
00000000
00000000
00000000
00000000
0000ABB2
00000000
00000000
00000000
00000000
00000000
00000000
00000000
0000ABB2
00000000
00000000
00000000
00000000
00000000
00000000
00000000
0000ABB2
00000000
00000000
00000000
00000000
00000000
00000000
00000000
0000ABB2
00000000
00000000
00000000
00000000
00000000
00000000
00000000
0000ABB2
00000000
00000000
00000000
00000000
00000000
00000000
00000000
0000ABB2
00000000
00000000
00000000
00000000
00000000
00000000
00000000
0000ABB2
00000000
00000000
00000000
00000000
00000000
00000000
00000000
0000ABB2
00000000
00000000
00000000
00000000
00000000
00000000
00000000
0000ABB2
00000000
00000000
00000000
00000000
00000000
00000000
00000000
0000ABB2
00000000
00000000
00000000
00000000
00000000
00000000
00000000
0000ABB2
00000000
00000000
00000000
00000000
00000000
00000000
00000000
0000C3D3
000007BA
00000051
00000000
00000000
00000000
00000000
00000000
000100BA
00001BF0
00010068
00000000
00000000
00000000
00000000
00000000
00011212
000021AA
00000076
00000000
00000000
00000000
00000000
00000000
000129F7
00002999
0000007E
00000001
00000000
00000000
00000000
00000000
00015C0A
00003A36
00000092
000A0000
00000000
00000000
00000000
00000000
00014DA9
00003543
000000BA
00090000
00000000
00000000
00000000
00000000
00012688
0000285D
00000095
00070000
00000002
00000000
00000000
00000000
0000F85C
0000192A
00000064
00010000
00000000
00000000
00000000
00000000
0000D951
00000EFC
00000039
00000000
00000000
00000000
00000000
00000000
0000C67F
000008D4
0000001B
00000000
00000000
00000000
00000000
00000000
0000BC38
00000572
00000010
00000000
00000000
00000000
00000000
00000000
0000CFB2
00000BD6
0000002A
00000000
00000000
00000000
00000000
00000000
0000BA76
000004DC
00000010
00000000
00000000
00000000
00000000
00000000
0000CB95
00000A46
0000005B
00000000
00000000
00000000
00000000
00000000
0000FFFD
00001BB2
00010067
00000000
00000000
00000000
00000000
00000000
0000FD8D
00001AE5
00000064
00000000
00000000
00000000
00000000
00000000
0000F23B
00001738
0000004B
00000000
00000000
00000000
00000000
00000000
0000DF51
00001102
00000033
00000000
00000000
00000000
00000000
00000000
0000F526
00001831
0000004B
00000000
00000000
00000000
00000000
00000000
000107D7
00001E5D
0000005A
00070000
00000000
00000000
00000000
00000000
00012190
000026DD
0000006D
00030000
00000002
00000000
00000000
00000000
0000D5D0
00000DCC
0000003E
00000000
00000000
00000000
00000000
00000000
0000B881
0000042C
00000019
00000000
00000000
00000000
00000000
00000000
0000B347
0000027A
0000000D
00000000
00000000
00000000
00000000
00000000
0000CE6E
00000B73
00000021
00000000
00000000
00000000
00000000
00000000
0000CBFB
00000AA5
0000001E
00000000
00000002
00000000
00000000
00000000
0000D381
00000D0B
0000003A
00010000
00000000
00000000
00000000
00000000
0000E20C
000011DA
00000044
00010000
00000000
00000000
00000000
00000000
0000DBD0
00000FD8
00000032
00000000
00000000
00000000
00000000
00000000
0000BCA4
00000590
00000016
00000000
00000000
00000000
00000000
00000000
0000C5A4
0000088E
00000018
00000000
00000000
00000000
00000000
00000000
0001082B
00001E93
00000040
00000000
00000000
00000000
00000000
00000000
0000D8BE
00000ED1
00000033
00000000
00000000
00000000
00000000
00000000
0000B605
0000035E
00000013
00000000
00000000
00000000
00000000
00000000
0000BC0E
00000565
0000000F
00000000
00000000
00000000
00000000
00000000
0000ABCA
00000007
00000001
00000000
00000000
00000000
00000000
00000000
0000C745
000008D4
0000005D
00000000
00000000
00000000
00000000
00000000
0000FDB4
00001AF8
0001005E
00000000
00000000
00000000
00000000
00000000
00011F1D
00002601
00000078
00000000
00000000
00000000
00000000
00000000
00010906
00001EB9
00000063
00000000
00000000
00000000
00000000
00000000
00014C2C
00003500
0000007E
00020000
00000000
00000000
00000000
00000000
000121C0
000026E1
00000079
00060000
00000000
00000000
00000000
00000000
00011C3E
000024F1
00000093
00090000
00000002
00000000
00000000
00000000
0001202E
00002652
00000082
00020000
00000000
00000000
00000000
00000000
0000EB81
000014E0
00000065
00000000
00000000
00000000
00000000
00000000
0000CB11
00000A46
0000002F
00020000
00000000
00000000
00000000
00000000
0000C6E8
000008F8
0000001A
00000000
00000000
00000000
00000000
00000000
0000CC0A
00000AB0
00000018
00000000
00000000
00000000
00000000
00000000
0000B074
00000193
00000003
00000000
00000000
00000000
00000000
00000000
0000ABB2
00000000
00000000
00000000
00000000
00000000
00000000
00000000
0000ABB2
00000000
00000000
00000000
00000000
00000000
00000000
00000000
0000ABB2
00000000
00000000
00000000
00000000
00000000
00000000
00000000
0000ABB2
00000000
00000000
00000000
00000000
00000000
00000000
00000000
0000ABB2
00000000
00000000
00000000
00000000
00000000
00000000
00000000
0000ABB2
00000000
00000000
00000000
00000000
00000000
00000000
00000000
0000ABB2
00000000
00000000
00000000
00000000
00000000
00000000
00000000
0000ABB2
00000000
00000000
00000000
00000000
00000000
00000000
00000000
0000ABB2
00000000
00000000
00000000
00000000
00000000
00000000
00000000
0000ABB2
00000000
00000000
00000000
00000000
00000000
00000000
00000000
0000ABB2
00000000
00000000
00000000
00000000
00000000
00000000
00000000
0000ABB2
00000000
00000000
00000000
00000000
00000000
00000000
00000000
0000ABB2
00000000
00000000
00000000
00000000
00000000
00000000
00000000
0000ABB2
00000000
00000000
00000000
00000000
00000000
00000000
00000000
0000ABB2
00000000
00000000
00000000
00000000
00000000
00000000
00000000
0000ABB2
00000000
00000000
00000000
00000000
00000000
00000000
00000000
0000ABB2
00000000
00000000
00000000
00000000
00000000
00000000
00000000
0000ABB2
00000000
00000000
00000000
00000000
00000000
00000000
00000000
0000ABB2
00000000
00000000
00000000
00000000
00000000
00000000
00000000
0000ABB2
00000000
00000000
00000000
00000000
00000000
00000000
00000000
0000C745
000008D4
0000005D
00000000
00000000
00000000
00000000
00000000
00010672
00001DDB
00020065
00000000
00000000
00000000
00000000
00000000
00013B5E
00002F50
00000094
00000000
00000000
00000000
00000000
00000000
000136BD
00002D8D
000000CC
00000000
00000000
00000000
00000000
00000000
00017D1C
000044F0
000000DE
00030000
00000000
00000000
00000000
00000000
00019915
00004E2D
000000F4
000B0000
00000000
00000000
00000000
00000000
000177EE
00004316
000000FE
00100000
00000002
00000000
00000000
00000000
0001484B
00003377
000000BC
00030000
00000000
00000000
00000000
00000000
000124E7
000027CA
0000009D
00040000
00000000
00000000
00000000
00000000
00011AAC
0000246E
00000090
00010000
00000002
00000000
00000000
00000000
00010207
00001C4F
00000078
00000000
00000000
00000000
00000000
00000000
0000EA37
0000148C
0000004B
00000000
00000000
00000000
00000000
00000000
0000CEA1
00000B73
00000032
00000000
00000000
00000000
00000000
00000000
0000C10C
00000702
0000001C
00000000
00000000
00000000
00000000
00000000
0000D711
00000E53
00000022
00000000
00000000
00000000
00000000
00000000
0000C13F
0000071D
00000012
00000000
00000000
00000000
00000000
00000000
0000BD4F
000005CA
00000015
00000000
00000000
00000000
00000000
00000000
0000BBBD
00000544
00000015
00000000
00000000
00000000
00000000
00000000
0000B1F7
0000020D
0000000A
00000000
00000000
00000000
00000000
00000000
0000B06B
0000018A
00000009
00000000
00000000
00000000
00000000
00000000
0000ACCF
0000005E
00000001
00000000
00000000
00000000
00000000
00000000
0000ABB2
00000000
00000000
00000000
00000000
00000000
00000000
00000000
0000ABB2
00000000
00000000
00000000
00000000
00000000
00000000
00000000
0000ABB2
00000000
00000000
00000000
00000000
00000000
00000000
00000000
0000ABB2
00000000
00000000
00000000
00000000
00000000
00000000
00000000
0000ABB2
00000000
00000000
00000000
00000000
00000000
00000000
00000000
0000ABB2
00000000
00000000
00000000
00000000
00000000
00000000
00000000
0000ABB2
00000000
00000000
00000000
00000000
00000000
00000000
00000000
0000ABB2
00000000
00000000
00000000
00000000
00000000
00000000
00000000
0000ABB2
00000000
00000000
00000000
00000000
00000000
00000000
00000000
0000ABB2
00000000
00000000
00000000
00000000
00000000
00000000
00000000
0000ABB2
00000000
00000000
00000000
00000000
00000000
00000000
00000000
0000ABB2
00000000
00000000
00000000
00000000
00000000
00000000
00000000
0000ABB2
00000000
00000000
00000000
00000000
00000000
00000000
00000000
0000ABB2
00000000
00000000
00000000
00000000
00000000
00000000
00000000
0000ABE5
00000010
00000001
00000000
00000000
00000000
00000000
00000000
0000C712
000008C4
0000005C
00000000
00000000
00000000
00000000
00000000
00010867
00001E7F
00020068
00000000
00000000
00000000
00000000
00000000
00012BE9
00002A30
0000008D
00000000
00000000
00000000
00000000
00000000
00015127
00003698
0000008F
00020005
00000000
00000000
00000000
00000000
000163F6
00003CB7
000000B5
00120000
00000000
00000000
00000000
00000000
00011884
000023B7
0000008F
000A0000
00000000
00000000
00000000
00000000
00011929
000023EC
00000091
00040000
00000002
00000000
00000000
00000000
00012AD5
000029D2
0000008F
00020000
00000000
00000000
00000000
00000000
0000FD24
00001A84
000000A2
00000000
00000000
00000000
00000000
00000000
00012CEE
00002A76
0001009E
00010000
00000000
00000000
00000000
00000000
00016C63
00003F7A
000000C1
00000000
00000000
00000000
00000000
00000000
00012F25
00002B4B
00000086
00000000
00000000
00000000
00000000
00000000
0000E683
00001350
0000004B
00000000
00000000
00000000
00000000
00000000
0000FC4C
00001A92
0000004C
00010000
00000000
00000000
00000000
00000000
0000DE5E
000010A6
0000003E
00010000
00000000
00000000
00000000
00000000
0000BFCB
0000069E
00000015
00010000
00000000
00000000
00000000
00000000
0000C91C
000009AA
00000024
00000000
00000001
00000000
00000000
00000000
0000E51B
000012DC
00000047
00000000
00000000
00000000
00000000
00000000
0000D1F5
00000C8A
00000037
00000000
00000000
00000000
00000000
00000000
0000B6F2
000003AD
00000013
00000000
00000000
00000000
00000000
00000000
0000AEA3
000000F5
00000006
00000000
00000000
00000000
00000000
00000000
0000ACCF
0000005E
00000001
00000000
00000000
00000000
00000000
00000000
0000ABB2
00000000
00000000
00000000
00000000
00000000
00000000
00000000
0000ABB2
00000000
00000000
00000000
00000000
00000000
00000000
00000000
0000ABB2
00000000
00000000
00000000
00000000
00000000
00000000
00000000
0000ABB2
00000000
00000000
00000000
00000000
00000000
00000000
00000000
0000ABB2
00000000
00000000
00000000
00000000
00000000
00000000
00000000
0000ABB2
00000000
00000000
00000000
00000000
00000000
00000000
00000000
0000ABB2
00000000
00000000
00000000
00000000
00000000
00000000
00000000
0000ABB2
00000000
00000000
00000000
00000000
00000000
00000000
00000000
0000ABB2
00000000
00000000
00000000
00000000
00000000
00000000
00000000
0000ABB2
00000000
00000000
00000000
00000000
00000000
00000000
00000000
0000ABB2
00000000
00000000
00000000
00000000
00000000
00000000
00000000
0000ABB2
00000000
00000000
00000000
00000000
00000000
00000000
00000000
0000ABB2
00000000
00000000
00000000
00000000
00000000
00000000
00000000
0000C55F
00000837
00000058
00000000
00000000
00000000
00000000
00000000
0001018C
00001C3F
0002005F
00000000
00000000
00000000
00000000
00000000
00012F07
00002B3E
00000089
00000000
00000000
00000000
00000000
00000000
00013180
00002C0A
00000090
00000006
00000000
00000000
00000000
00000000
000164F2
00003D19
000000A7
00150000
00000000
00000000
00000000
00000000
0001248D
000027B9
00000090
000C0001
00000000
00000000
00000000
00000000
00010969
00001EC7
00000076
00040001
00000002
00000000
00000000
00000000
00013F3F
000030A0
0000008F
00010000
00000000
00000000
00000000
00000000
0000F9BE
00001999
0000006B
00010000
00000000
00000000
00000000
00000000
0000F502
00001823
0000004D
00000000
00000002
00000000
00000000
00000000
00010E55
0000206E
00000073
00000000
00000000
00000000
00000000
00000000
0000D1A1
00000C68
0000003D
00000000
00000000
00000000
00000000
00000000
0000C6CD
000008E7
00000022
00000000
00000000
00000000
00000000
00000000
0000C118
00000710
00000012
00000000
00000000
00000000
00000000
00000000
0000C8BC
00000997
00000017
00000000
00000000
00000000
00000000
00000000
0000BAD0
000004F5
00000015
00000000
00000000
00000000
00000000
00000000
0000BC1A
00000565
00000013
00000000
00000000
00000000
00000000
00000000
0000B464
000002DD
00000009
00000000
00000000
00000000
00000000
00000000
0000ABB2
00000000
00000000
00000000
00000000
00000000
00000000
00000000
0000ABB2
00000000
00000000
00000000
00000000
00000000
00000000
00000000
0000ABB2
00000000
00000000
00000000
00000000
00000000
00000000
00000000
0000ABB2
00000000
00000000
00000000
00000000
00000000
00000000
00000000
0000ABB2
00000000
00000000
00000000
00000000
00000000
00000000
00000000
0000ABB2
00000000
00000000
00000000
00000000
00000000
00000000
00000000
0000ABB2
00000000
00000000
00000000
00000000
00000000
00000000
00000000
0000ABB2
00000000
00000000
00000000
00000000
00000000
00000000
00000000
0000ABB2
00000000
00000000
00000000
00000000
00000000
00000000
00000000
0000ABB2
00000000
00000000
00000000
00000000
00000000
00000000
00000000
0000ABB2
00000000
00000000
00000000
00000000
00000000
00000000
00000000
0000ABB2
00000000
00000000
00000000
00000000
00000000
00000000
00000000
0000ABB2
00000000
00000000
00000000
00000000
00000000
00000000
00000000
0000ABB2
00000000
00000000
00000000
00000000
00000000
00000000
00000000
0000ABB2
00000000
00000000
00000000
00000000
00000000
00000000
00000000
0000ABB2
00000000
00000000
00000000
00000000
00000000
00000000
00000000
0000ABB2
00000000
00000000
00000000
00000000
00000000
00000000
00000000
0000ABB2
00000000
00000000
00000000
00000000
00000000
00000000
00000000
0000C745
000008D4
0000005D
00000000
00000000
00000000
00000000
00000000
00010C0F
00001FB5
0003006A
00000000
00000000
00000000
00000000
00000000
00014269
0000319D
000000A0
00000001
00000000
00000000
00000000
00000000
00013A8F
00002F0F
00000090
00030001
00000000
00000000
00000000
00000000
000167EF
00003E0D
000000B2
000F0000
00000000
00000000
00000000
00000000
00014E09
0000355B
000000C2
000D0001
00000000
00000000
00000000
00000000
00017641
00004295
000000F0
00090000
00000002
00000000
00000000
00000000
000121BA
000026C0
00000098
00020000
00000000
00000000
00000000
00000000
0000EF2C
00001624
0000005A
00000000
00000000
00000000
00000000
00000000
0000B1E8
00000200
00000012
00000000
00000000
00000000
00000000
00000000
0000B065
0000018A
00000007
00000000
00000000
00000000
00000000
00000000
0000C9A0
000009E3
00000017
00000000
00000000
00000000
00000000
00000000
0000B248
0000022D
00000005
00000000
00000000
00000000
00000000
00000000
0000ABB2
00000000
00000000
00000000
00000000
00000000
00000000
00000000
0000ABB2
00000000
00000000
00000000
00000000
00000000
00000000
00000000
0000ABB2
00000000
00000000
00000000
00000000
00000000
00000000
00000000
0000ABB2
00000000
00000000
00000000
00000000
00000000
00000000
00000000
0000ABB2
00000000
00000000
00000000
00000000
00000000
00000000
00000000
0000ABB2
00000000
00000000
00000000
00000000
00000000
00000000
00000000
0000ABB2
00000000
00000000
00000000
00000000
00000000
00000000
00000000
0000ABB2
00000000
00000000
00000000
00000000
00000000
00000000
00000000
0000ABB2
00000000
00000000
00000000
00000000
00000000
00000000
00000000
0000ABB2
00000000
00000000
00000000
00000000
00000000
00000000
00000000
0000ABB2
00000000
00000000
00000000
00000000
00000000
00000000
00000000
0000ABB2
00000000
00000000
00000000
00000000
00000000
00000000
00000000
0000ABB2
00000000
00000000
00000000
00000000
00000000
00000000
00000000
0000ABB2
00000000
00000000
00000000
00000000
00000000
00000000
00000000
0000ABB2
00000000
00000000
00000000
00000000
00000000
00000000
00000000
0000ABB2
00000000
00000000
00000000
00000000
00000000
00000000
00000000
0000ABB2
00000000
00000000
00000000
00000000
00000000
00000000
00000000
0000ABB2
00000000
00000000
00000000
00000000
00000000
00000000
00000000
0000ABB2
00000000
00000000
00000000
00000000
00000000
00000000
00000000
0000ABB2
00000000
00000000
00000000
00000000
00000000
00000000
00000000
0000ABB2
00000000
00000000
00000000
00000000
00000000
00000000
00000000
0000ABB2
00000000
00000000
00000000
00000000
00000000
00000000
00000000
0000C745
000008D4
0000005D
00000000
00000000
00000000
00000000
00000000
00010F39
000020C2
0003006B
00000000
00000000
00000000
00000000
00000000
00015A5A
00003983
000000B5
00000000
00000000
00000000
00000000
00000000
00017B99
00004477
000000D6
00020002
00000000
00000000
00000000
00000000
0001B2AA
0000568F
00000119
00140000
00000000
00000000
00000000
00000000
0001A335
00005162
0000011F
00120000
00000002
00000000
00000000
00000000
00014950
000033A3
000000E7
00050000
00000000
00000000
00000000
00000000
00010678
00001DD3
0000006F
00000000
00000000
00000000
00000000
00000000
0000D79E
00000E68
0000003C
00010000
00000000
00000000
00000000
00000000
0000CF0A
00000B99
0000002F
00010000
00000000
00000000
00000000
00000000
0000E9E9
00001480
0000003D
00000000
00000000
00000000
00000000
00000000
0000D792
00000E68
00000038
00000000
00000000
00000000
00000000
00000000
0000C754
00000912
00000024
00000000
00000000
00000000
00000000
00000000
0000BDDC
000005F9
00000015
00000000
00000000
00000000
00000000
00000000
0000B98F
0000048D
00000012
00000000
00000000
00000000
00000000
00000000
0000B29F
0000023E
00000011
00000000
00000000
00000000
00000000
00000000
0000C3F4
000007F8
0000001E
00000000
00000000
00000000
00000000
00000000
0000BACD
000004F7
00000012
00000000
00000000
00000000
00000000
00000000
0000C688
000008DD
00000015
00000000
00000000
00000000
00000000
00000000
0000BA4F
000004CA
00000015
00000000
00000000
00000000
00000000
00000000
0000B26C
00000236
00000008
00000000
00000000
00000000
00000000
00000000
0000AD80
00000098
00000002
00000000
00000000
00000000
00000000
00000000
0000ABB2
00000000
00000000
00000000
00000000
00000000
00000000
00000000
0000ABB2
00000000
00000000
00000000
00000000
00000000
00000000
00000000
0000ABB2
00000000
00000000
00000000
00000000
00000000
00000000
00000000
0000ABB2
00000000
00000000
00000000
00000000
00000000
00000000
00000000
0000ABB2
00000000
00000000
00000000
00000000
00000000
00000000
00000000
0000ABB2
00000000
00000000
00000000
00000000
00000000
00000000
00000000
0000ABB2
00000000
00000000
00000000
00000000
00000000
00000000
00000000
0000ABB2
00000000
00000000
00000000
00000000
00000000
00000000
00000000
0000ABB2
00000000
00000000
00000000
00000000
00000000
00000000
00000000
0000ABB2
00000000
00000000
00000000
00000000
00000000
00000000
00000000
0000ABB2
00000000
00000000
00000000
00000000
00000000
00000000
00000000
0000ABB2
00000000
00000000
00000000
00000000
00000000
00000000
00000000
0000ABB2
00000000
00000000
00000000
00000000
00000000
00000000
00000000
0000C745
000008D4
0000005D
00000000
00000000
00000000
00000000
00000000
00010C81
00001FDB
0003006A
00000000
00000000
00000000
00000000
00000000
000135BE
00002D69
0000009B
00000000
00000000
00000000
00000000
00000000
000160DE
00003BBC
000000A8
00000003
00000000
00000000
00000000
00000000
00017CEC
000044E3
000000DB
000E0000
00000000
00000000
00000000
00000000
00017F0E
0000458B
000000E9
00110000
00000000
00000000
00000000
00000000
00015583
000037CA
000000D1
00060000
00000002
00000000
00000000
00000000
00010E52
0000205E
00000082
00030000
00000000
00000000
00000000
00000000
0000E389
0000124E
0000004F
00010000
00000000
00000000
00000000
00000000
0000E2F9
000011FE
0000006F
00020000
00000000
00000000
00000000
00000000
0000FA72
000019DF
00000061
00030000
00000000
00000000
00000000
00000000
00010B58
00001F6F
00000073
00020000
00000000
00000000
00000000
00000000
0000EE54
000015DB
0000005B
00030000
00000000
00000000
00000000
00000000
0000E59F
00001314
0000003B
00010000
00000000
00000000
00000000
00000000
0000D795
00000E75
0000002C
00000000
00000000
00000000
00000000
00000000
0000EBD8
00001522
00000040
00050000
00000000
00000000
00000000
00000000
0000EB3C
000014E0
0000004E
00080000
00000000
00000000
00000000
00000000
0000D5EE
00000DE1
00000033
00010000
00000000
00000000
00000000
00000000
0000C0EB
000006F5
0000001E
00010000
00000000
00000000
00000000
00000000
0000CAEA
00000A48
00000020
00000000
00000000
00000000
00000000
00000000
0000D76B
00000E65
0000002E
00000000
00000000
00000000
00000000
00000000
0000C724
0000090F
00000017
00000000
00000000
00000000
00000000
00000000
0000BBF6
00000553
00000019
00000000
00000000
00000000
00000000
00000000
0000B380
00000291
00000009
00000000
00000000
00000000
00000000
00000000
0000B212
00000219
00000007
00000000
00000000
00000000
00000000
00000000
0000B065
00000189
00000008
00000000
00000000
00000000
00000000
00000000
0000AD1D
00000078
00000001
00000000
00000000
00000000
00000000
00000000
0000ABB2
00000000
00000000
00000000
00000000
00000000
00000000
00000000
0000ABB2
00000000
00000000
00000000
00000000
00000000
00000000
00000000
0000ABB2
00000000
00000000
00000000
00000000
00000000
00000000
00000000
0000ABB2
00000000
00000000
00000000
00000000
00000000
00000000
00000000
0000ABB2
00000000
00000000
00000000
00000000
00000000
00000000
00000000
0000ABB2
00000000
00000000
00000000
00000000
00000000
00000000
00000000
0000ABB2
00000000
00000000
00000000
00000000
00000000
00000000
00000000
0000C745
000008D4
0000005D
00000000
00000000
00000000
00000000
00000000
000107FE
00001E5F
00020065
00000000
00000000
00000000
00000000
00000000
0001140A
0000224F
00000079
00000000
00000000
00000000
00000000
00000000
00011EF6
00002603
00000069
00000005
00000000
00000000
00000000
00000000
00016243
00003C43
00000098
000A0000
00000000
00000000
00000000
00000000
00014B0C
0000346F
000000AF
00050001
00000000
00000000
00000000
00000000
0000EF65
0000163D
00000054
00010000
00000002
00000000
00000000
00000000
0000FF7C
00001B81
0000006D
00010000
00000000
00000000
00000000
00000000
0000E857
000013E1
00000056
00000000
00000000
00000000
00000000
00000000
0000E8CF
00001418
00000047
00000000
00000000
00000000
00000000
00000000
0000DFFC
0000113C
00000032
00000000
00000000
00000000
00000000
00000000
0000C7A5
00000926
0000002B
00000000
00000000
00000000
00000000
00000000
0000CB4D
00000A6B
0000001E
00000000
00000000
00000000
00000000
00000000
0000BDF7
00000603
00000014
00000000
00000000
00000000
00000000
00000000
0000C89E
00000984
00000020
00000000
00000000
00000000
00000000
00000000
0000D2B8
00000CD6
0000002C
00000000
00000000
00000000
00000000
00000000
0000C784
0000092A
0000001C
00000000
00000000
00000000
00000000
00000000
0000B710
000003C2
00000008
00000000
00000000
00000000
00000000
00000000
0000B0D7
000001B2
00000005
00000000
00000000
00000000
00000000
00000000
0000B37D
0000028D
0000000C
00000000
00000000
00000000
00000000
00000000
0000BE2D
0000061A
0000000F
00000000
00000000
00000000
00000000
00000000
0000C136
00000717
00000015
00000000
00000000
00000000
00000000
00000000
0000C5E6
000008A4
00000018
00000000
00000000
00000000
00000000
00000000
0000C3FA
000007FD
0000001B
00000000
00000000
00000000
00000000
00000000
0000B329
00000272
0000000B
00000000
00000000
00000000
00000000
00000000
0000AE67
000000E2
00000005
00000000
00000000
00000000
00000000
00000000
0000ABB2
00000000
00000000
00000000
00000000
00000000
00000000
00000000
0000ABB2
00000000
00000000
00000000
00000000
00000000
00000000
00000000
0000ABB2
00000000
00000000
00000000
00000000
00000000
00000000
00000000
0000ABB2
00000000
00000000
00000000
00000000
00000000
00000000
00000000
0000ABB2
00000000
00000000
00000000
00000000
00000000
00000000
00000000
0000ABB2
00000000
00000000
00000000
00000000
00000000
00000000
00000000
0000ABB2
00000000
00000000
00000000
00000000
00000000
00000000
00000000
0000ABB2
00000000
00000000
00000000
00000000
00000000
00000000
00000000
0000ABB2
00000000
00000000
00000000
00000000
00000000
00000000
00000000
0000C04F
0000069A
00000045
00000000
00000000
00000000
00000000
00000000
00010198
00001C35
0000006D
00000000
00000000
00000000
00000000
00000000
00010AAA
00001F3A
0000006E
00000000
00000000
00000000
00000000
00000000
0000F706
000018CE
0000004E
00020000
00000000
00000000
00000000
00000000
00011A58
0000248F
00000053
00010000
00000000
00000000
00000000
00000000
0000DA32
00000F54
0000002C
00070000
00000000
00000000
00000000
00000000
0000E8E1
00001430
00000035
00050000
00000000
00000000
00000000
00000000
0000FB5C
00001A30
0000005E
00060000
00000002
00000000
00000000
00000000
0000EE84
000015E8
0000005E
00000000
00000000
00000000
00000000
00000000
0000C41E
000007F3
00000031
00000000
00000000
00000000
00000000
00000000
0000B3B6
0000029B
00000011
00000000
00000000
00000000
00000000
00000000
0000B320
00000272
00000008
00000000
00000000
00000000
00000000
00000000
0000B539
00000327
00000006
00000000
00000000
00000000
00000000
00000000
0000B1CA
00000202
00000006
00000000
00000000
00000000
00000000
00000000
0000ABB2
00000000
00000000
00000000
00000000
00000000
00000000
00000000
0000ABB2
00000000
00000000
00000000
00000000
00000000
00000000
00000000
0000ABB2
00000000
00000000
00000000
00000000
00000000
00000000
00000000
0000ABB2
00000000
00000000
00000000
00000000
00000000
00000000
00000000
0000ABB2
00000000
00000000
00000000
00000000
00000000
00000000
00000000
0000ABB2
00000000
00000000
00000000
00000000
00000000
00000000
00000000
0000ABB2
00000000
00000000
00000000
00000000
00000000
00000000
00000000
0000ABB2
00000000
00000000
00000000
00000000
00000000
00000000
00000000
0000ABB2
00000000
00000000
00000000
00000000
00000000
00000000
00000000
0000ABB2
00000000
00000000
00000000
00000000
00000000
00000000
00000000
0000ABB2
00000000
00000000
00000000
00000000
00000000
00000000
00000000
0000ABB2
00000000
00000000
00000000
00000000
00000000
00000000
00000000
0000ABB2
00000000
00000000
00000000
00000000
00000000
00000000
00000000
0000ABB2
00000000
00000000
00000000
00000000
00000000
00000000
00000000
0000ABB2
00000000
00000000
00000000
00000000
00000000
00000000
00000000
0000ABB2
00000000
00000000
00000000
00000000
00000000
00000000
00000000
0000ABB2
00000000
00000000
00000000
00000000
00000000
00000000
00000000
0000ABB2
00000000
00000000
00000000
00000000
00000000
00000000
00000000
0000ABB2
00000000
00000000
00000000
00000000
00000000
00000000
00000000
0000ABB2
00000000
00000000
00000000
00000000
00000000
00000000
00000000
0000ABB2
00000000
00000000
00000000
00000000
00000000
00000000
00000000
0000ABB2
00000000
00000000
00000000
00000000
00000000
00000000
00000000
0000C745
000008D4
0000005D
00000000
00000000
00000000
00000000
00000000
00011B96
000024D5
00050077
00000000
00000000
00000000
00000000
00000000
00016B31
00003F0A
000000CB
00000001
00000000
00000000
00000000
00000000
0001C4FB
00005CA4
0000011F
00010005
00000000
00000000
00000000
00000000
000209E6
0000736A
00000152
001D0000
00000000
00000000
00000000
00000000
0001B136
000055DE
0000014E
000C0001
00000002
00000000
00000000
00000000
00016AE9
00003EC1
000000FC
00050000
00000000
00000000
00000000
00000000
000110FE
0000213A
0000008A
00000000
00000000
00000000
00000000
00000000
0000E49A
000012B0
00000048
00000000
00000002
00000000
00000000
00000000
0000DBF1
00000FD1
00000044
00000000
00000000
00000000
00000000
00000000
0000BC86
0000057C
00000020
00000000
00000000
00000000
00000000
00000000
0000B24E
00000226
0000000E
00000000
00000000
00000000
00000000
00000000
0000AC81
00000043
00000002
00000000
00000000
00000000
00000000
00000000
0000B005
0000016B
00000006
00000000
00000000
00000000
00000000
00000000
0000ACA8
00000050
00000002
00000000
00000000
00000000
00000000
00000000
0000AD9E
000000A2
00000002
00000000
00000000
00000000
00000000
00000000
0000AD5F
0000008C
00000003
00000000
00000000
00000000
00000000
00000000
0000B0F8
000001BF
00000003
00000000
00000000
00000000
00000000
00000000
0000ABB2
00000000
00000000
00000000
00000000
00000000
00000000
00000000
0000ABB2
00000000
00000000
00000000
00000000
00000000
00000000
00000000
0000ABB2
00000000
00000000
00000000
00000000
00000000
00000000
00000000
0000ABB2
00000000
00000000
00000000
00000000
00000000
00000000
00000000
0000ABB2
00000000
00000000
00000000
00000000
00000000
00000000
00000000
0000ABB2
00000000
00000000
00000000
00000000
00000000
00000000
00000000
0000ABB2
00000000
00000000
00000000
00000000
00000000
00000000
00000000
0000ABB2
00000000
00000000
00000000
00000000
00000000
00000000
00000000
0000ABB2
00000000
00000000
00000000
00000000
00000000
00000000
00000000
0000ABB2
00000000
00000000
00000000
00000000
00000000
00000000
00000000
0000ABB2
00000000
00000000
00000000
00000000
00000000
00000000
00000000
0000ABB2
00000000
00000000
00000000
00000000
00000000
00000000
00000000
0000ABB2
00000000
00000000
00000000
00000000
00000000
00000000
00000000
0000ABB2
00000000
00000000
00000000
00000000
00000000
00000000
00000000
0000ABB2
00000000
00000000
00000000
00000000
00000000
00000000
00000000
0000ABB2
00000000
00000000
00000000
00000000
00000000
00000000
00000000
0000C5A1
0000084E
00000057
00000000
00000000
00000000
00000000
00000000
00010D4A
0000201F
00040069
00000000
00000000
00000000
00000000
00000000
00014AA9
00003448
000000B5
00000000
00000000
00000000
00000000
00000000
0001A155
00005102
000000DF
00000006
00000000
00000000
00000000
00000000
0001845D
0000475C
000000DD
00130000
00000000
00000000
00000000
00000000
00017DAF
0000450D
000000F2
00130000
00000002
00000000
00000000
00000000
000154D5
0000378C
000000D5
00050000
00000000
00000000
00000000
00000000
00012A63
000029A8
00000093
00010000
00000000
00000000
00000000
00000000
00010015
00001BC5
0000005C
00030000
00000001
00000000
00000000
00000000
0001096C
00001EB4
0000008A
00000000
00000001
00000000
00000000
00000000
00010F39
000020B7
00000076
00000000
00000000
00000000
00000000
00000000
0000E080
0000115B
0000003F
00000000
00000000
00000000
00000000
00000000
0000C190
0000072B
0000001F
00000000
00000000
00000000
00000000
00000000
0000C298
00000788
0000001A
00000000
00000000
00000000
00000000
00000000
0000B25D
0000022B
0000000E
00000000
00000000
00000000
00000000
00000000
0000AEEB
00000112
00000001
00000000
00000000
00000000
00000000
00000000
0000ABB2
00000000
00000000
00000000
00000000
00000000
00000000
00000000
0000ABB2
00000000
00000000
00000000
00000000
00000000
00000000
00000000
0000ABB2
00000000
00000000
00000000
00000000
00000000
00000000
00000000
0000ABB2
00000000
00000000
00000000
00000000
00000000
00000000
00000000
0000ABB2
00000000
00000000
00000000
00000000
00000000
00000000
00000000
0000ABB2
00000000
00000000
00000000
00000000
00000000
00000000
00000000
0000ABB2
00000000
00000000
00000000
00000000
00000000
00000000
00000000
0000ABB2
00000000
00000000
00000000
00000000
00000000
00000000
00000000
0000ABB2
00000000
00000000
00000000
00000000
00000000
00000000
00000000
0000ABB2
00000000
00000000
00000000
00000000
00000000
00000000
00000000
0000ABB2
00000000
00000000
00000000
00000000
00000000
00000000
00000000
0000ABB2
00000000
00000000
00000000
00000000
00000000
00000000
00000000
0000ABB2
00000000
00000000
00000000
00000000
00000000
00000000
00000000
0000ABB2
00000000
00000000
00000000
00000000
00000000
00000000
00000000
0000ABB2
00000000
00000000
00000000
00000000
00000000
00000000
00000000
0000ABB2
00000000
00000000
00000000
00000000
00000000
00000000
00000000
0000ABB2
00000000
00000000
00000000
00000000
00000000
00000000
00000000
0000ABB2
00000000
00000000
00000000
00000000
00000000
00000000
00000000
0000ABB2
00000000
00000000
00000000
00000000
00000000
00000000
00000000
0000BDD3
000005CC
0000003F
00000000
00000000
00000000
00000000
00000000
00010078
00001BDD
00000065
00000000
00000000
00000000
00000000
00000000
00011CE6
00002553
00000069
00000000
00000000
00000000
00000000
00000000
0000E620
00001336
00000044
00000000
00000000
00000000
00000000
00000000
0000E563
00001302
00000039
00000000
00000000
00000000
00000000
00000000
0000F79C
0000191B
00000033
00050000
00000000
00000000
00000000
00000000
0000D7DA
00000E8B
0000002D
00040000
00000000
00000000
00000000
00000000
00010DB6
00002063
00000049
00060000
00000002
00000000
00000000
00000000
0000EFB6
00001643
00000069
00010000
00000000
00000000
00000000
00000000
0000DA9B
00000F5F
00000044
00010000
00000000
00000000
00000000
00000000
0000C193
00000727
00000024
00000000
00000000
00000000
00000000
00000000
0000BF77
0000067F
00000018
00000000
00000000
00000000
00000000
00000000
0000B8D8
00000454
0000000E
00000000
00000000
00000000
00000000
00000000
0000CC0A
00000AB3
00000015
00000000
00000000
00000000
00000000
00000000
0000B896
00000440
0000000C
00000000
00000000
00000000
00000000
00000000
0000BDBB
000005F1
00000012
00000000
00000000
00000000
00000000
00000000
0000BAB2
000004EB
00000015
00000000
00000000
00000000
00000000
00000000
0000B41F
000002C2
0000000D
00000000
00000000
00000000
00000000
00000000
0000B224
0000021C
0000000A
00000000
00000000
00000000
00000000
00000000
0000B071
0000018E
00000007
00000000
00000000
00000000
00000000
00000000
0000B080
00000193
00000007
00000000
00000000
00000000
00000000
00000000
0000AEC1
00000102
00000003
00000000
00000000
00000000
00000000
00000000
0000ABB2
00000000
00000000
00000000
00000000
00000000
00000000
00000000
0000ABB2
00000000
00000000
00000000
00000000
00000000
00000000
00000000
0000ABB2
00000000
00000000
00000000
00000000
00000000
00000000
00000000
0000ABB2
00000000
00000000
00000000
00000000
00000000
00000000
00000000
0000ABB2
00000000
00000000
00000000
00000000
00000000
00000000
00000000
0000ABB2
00000000
00000000
00000000
00000000
00000000
00000000
00000000
0000ABB2
00000000
00000000
00000000
00000000
00000000
00000000
00000000
0000ABB2
00000000
00000000
00000000
00000000
00000000
00000000
00000000
0000ABB2
00000000
00000000
00000000
00000000
00000000
00000000
00000000
0000ABB2
00000000
00000000
00000000
00000000
00000000
00000000
00000000
0000ABB2
00000000
00000000
00000000
00000000
00000000
00000000
00000000
0000ABB2
00000000
00000000
00000000
00000000
00000000
00000000
00000000
0000ABB2
00000000
00000000
00000000
00000000
00000000
00000000
00000000
0000C745
000008D4
0000005D
00000000
00000000
00000000
00000000
00000000
00011479
0000227C
00050071
00000000
00000000
00000000
00000000
00000000
00016741
00003DC7
000000BE
00000001
00000000
00000000
00000000
00000000
000191DA
00004BC5
000000F3
00000005
00000000
00000000
00000000
00000000
0001CDC5
00005FA9
00000108
00140000
00000000
00000000
00000000
00000000
00017EC3
00004569
000000F2
00100001
00000002
00000000
00000000
00000000
00013EA0
00003028
000000D2
00050000
00000000
00000000
00000000
00000000
00010222
00001C72
0000005E
00000000
00000000
00000000
00000000
00000000
0000C760
00000910
0000002A
00010000
00000000
00000000
00000000
00000000
0000D50A
00000D9D
0000002B
00000000
00000000
00000000
00000000
00000000
0000D8FA
00000EFA
0000001E
00000000
00000000
00000000
00000000
00000000
0000BFFE
000006AB
00000019
00000000
00000000
00000000
00000000
00000000
0000BCD7
0000059E
00000019
00000000
00000000
00000000
00000000
00000000
0000BD55
000005CD
00000014
00000000
00000000
00000000
00000000
00000000
0000BBE7
00000553
00000014
00000000
00000000
00000000
00000000
00000000
0000CA3C
00000A0C
00000022
00000000
00000000
00000000
00000000
00000000
0000BF23
00000660
0000001B
00000000
00000000
00000000
00000000
00000000
0000B554
00000327
0000000F
00000000
00000000
00000000
00000000
00000000
0000B32C
00000275
00000009
00000000
00000000
00000000
00000000
00000000
0000CA66
00000A26
00000016
00000000
00000000
00000000
00000000
00000000
0000C2E3
0000079D
0000001E
00000000
00000000
00000000
00000000
00000000
0000C295
0000075E
00000043
00000000
00000000
00000000
00000000
00000000
000101F8
00001C77
0000004B
00000000
00000000
00000000
00000000
00000000
0000FED7
00001B5B
0000005C
00000000
00000000
00000000
00000000
00000000
0000E7EB
000013C7
0000004C
00000000
00000000
00000000
00000000
00000000
0000E113
0000119A
00000031
00000000
00000000
00000000
00000000
00000000
0000F097
000016B7
00000040
00010000
00000000
00000000
00000000
00000000
0000E42E
00001290
00000044
00040000
00000000
00000000
00000000
00000000
0000E5D5
00001326
0000003B
00040000
00000000
00000000
00000000
00000000
0000DCF0
0000102B
0000003F
00010000
00000000
00000000
00000000
00000000
0000CA45
00000A08
00000029
00000000
00000000
00000000
00000000
00000000
0000C8D7
00000992
00000025
00000000
00000000
00000000
00000000
00000000
0000B62C
0000036C
00000012
00000000
00000000
00000000
00000000
00000000
0000B1F1
00000209
0000000C
00000000
00000000
00000000
00000000
00000000
0000BFFB
000006AF
00000014
00000000
00000000
00000000
00000000
00000000
0000E67D
00001326
00000073
00000000
00000000
00000000
00000000
00000000
00011437
00002268
0001006F
00000000
00000000
00000000
00000000
00000000
000114A0
0000227C
0000007E
00000000
00000000
00000000
00000000
00000000
0000EE57
000015EE
00000049
00000000
00000000
00000000
00000000
00000000
0000DFDB
0000112E
00000035
00000000
00000000
00000000
00000000
00000000
0000E353
0000125F
0000002C
00030002
00000000
00000000
00000000
00000000
0000DC4B
00000FFC
00000037
00040000
00000000
00000000
00000000
00000000
0000F15A
000016F9
0000003F
00000000
00000000
00000000
00000000
00000000
0000CF49
00000BB0
0000002D
00000000
00000000
00000000
00000000
00000000
0000CEBF
00000B86
00000029
00000000
00000000
00000000
00000000
00000000
0000CC97
00000ADD
0000001A
00000000
00000000
00000000
00000000
00000000
0000D336
00000D05
00000027
00000000
00000000
00000000
00000000
00000000
0000D7A1
00000E77
0000002E
00000000
00000000
00000000
00000000
00000000
0000CB53
00000A6B
00000020
00000000
00000000
00000000
00000000
00000000
0000C7AB
00000934
0000001F
00000000
00000000
00000000
00000000
00000000
0000D74A
00000E59
0000002F
00000000
00000000
00000000
00000000
00000000
0000CE62
00000B69
00000027
00000000
00000000
00000000
00000000
00000000
0000BC38
00000572
00000010
00000000
00000000
00000000
00000000
00000000
0000B515
00000315
0000000C
00000000
00000000
00000000
00000000
00000000
0000B2D2
0000025C
00000004
00000000
00000000
00000000
00000000
00000000
0000ABB2
00000000
00000000
00000000
00000000
00000000
00000000
00000000
0000ABB2
00000000
00000000
00000000
00000000
00000000
00000000
00000000
0000ABB2
00000000
00000000
00000000
00000000
00000000
00000000
00000000
0000ABB2
00000000
00000000
00000000
00000000
00000000
00000000
00000000
0000ABB2
00000000
00000000
00000000
00000000
00000000
00000000
00000000
0000ABB2
00000000
00000000
00000000
00000000
00000000
00000000
00000000
0000ABB2
00000000
00000000
00000000
00000000
00000000
00000000
00000000
0000ABB2
00000000
00000000
00000000
00000000
00000000
00000000
00000000
0000ABB2
00000000
00000000
00000000
00000000
00000000
00000000
00000000
0000ABB2
00000000
00000000
00000000
00000000
00000000
00000000
00000000
0000ABB2
00000000
00000000
00000000
00000000
00000000
00000000
00000000
0000ABB2
00000000
00000000
00000000
00000000
00000000
00000000
00000000
0000ABB2
00000000
00000000
00000000
00000000
00000000
00000000
00000000
0000ABB2
00000000
00000000
00000000
00000000
00000000
00000000
00000000
0000ABB2
00000000
00000000
00000000
00000000
00000000
00000000
00000000
0000ABB2
00000000
00000000
00000000
00000000
00000000
00000000
00000000
0000C745
000008D4
0000005D
00000000
00000000
00000000
00000000
00000000
00010DD7
0000204D
0004006A
00000000
00000000
00000000
00000000
00000000
00014F23
000035D3
000000A8
00000001
00000000
00000000
00000000
00000000
00017F47
000045BD
000000CA
00020002
00000000
00000000
00000000
00000000
0001973E
00004D95
000000EF
00110000
00000000
00000000
00000000
00000000
00013CAB
00002FAF
000000A4
000B0000
00000000
00000000
00000000
00000000
000109FC
00001EE3
0000008B
00030000
00000002
00000000
00000000
00000000
0000ED16
00001570
0000005C
00010000
00000000
00000000
00000000
00000000
0000D291
00000CBB
0000003A
00010000
00000000
00000000
00000000
00000000
0000C04F
000006BB
00000024
00010000
00000000
00000000
00000000
00000000
0000B64A
00000379
0000000F
00000000
00000000
00000000
00000000
00000000
0000AF66
00000136
00000006
00000000
00000000
00000000
00000000
00000000
0000ADD7
000000B5
00000002
00000000
00000000
00000000
00000000
00000000
0000ABB2
00000000
00000000
00000000
00000000
00000000
00000000
00000000
0000ABB2
00000000
00000000
00000000
00000000
00000000
00000000
00000000
0000ABB2
00000000
00000000
00000000
00000000
00000000
00000000
00000000
0000ABB2
00000000
00000000
00000000
00000000
00000000
00000000
00000000
0000ABB2
00000000
00000000
00000000
00000000
00000000
00000000
00000000
0000ABB2
00000000
00000000
00000000
00000000
00000000
00000000
00000000
0000ABB2
00000000
00000000
00000000
00000000
00000000
00000000
00000000
0000ABB2
00000000
00000000
00000000
00000000
00000000
00000000
00000000
0000ABB2
00000000
00000000
00000000
00000000
00000000
00000000
00000000
0000ABB2
00000000
00000000
00000000
00000000
00000000
00000000
00000000
0000ABB2
00000000
00000000
00000000
00000000
00000000
00000000
00000000
0000ABB2
00000000
00000000
00000000
00000000
00000000
00000000
00000000
0000ABB2
00000000
00000000
00000000
00000000
00000000
00000000
00000000
0000ABB2
00000000
00000000
00000000
00000000
00000000
00000000
00000000
0000ABB2
00000000
00000000
00000000
00000000
00000000
00000000
00000000
0000ABB2
00000000
00000000
00000000
00000000
00000000
00000000
00000000
0000ABB2
00000000
00000000
00000000
00000000
00000000
00000000
00000000
0000ABB2
00000000
00000000
00000000
00000000
00000000
00000000
00000000
0000BA3A
000004A2
00000036
00000000
00000000
00000000
00000000
00000000
0000F043
0000169D
0000003E
00000000
00000000
00000000
00000000
00000000
00010E01
0000206F
00000056
00000000
00000000
00000000
00000000
00000000
0001052E
00001D78
0000005C
00000000
00000000
00000000
00000000
00000000
00016087
00003B9E
000000A9
00030000
00000000
00000000
00000000
00000000
00012973
00002970
0000007B
00060000
00000002
00000000
00000000
00000000
00015517
000037A6
000000D1
000C0000
00000000
00000000
00000000
00000000
00016648
00003D6B
000000C7
00040000
00000000
00000000
00000000
00000000
0000E5E1
0000130C
00000059
00000000
00000000
00000000
00000000
00000000
0000E3FB
00001283
00000040
00010000
00000000
00000000
00000000
00000000
0000F6B2
000018BA
00000046
00010000
00000000
00000000
00000000
00000000
0000D12C
00000C48
00000036
00000000
00000000
00000000
00000000
00000000
0000F7E4
00001918
0000004E
00000000
00000000
00000000
00000000
00000000
000123F7
000027A0
00000077
00000000
00000000
00000000
00000000
00000000
0000DA92
00000F4E
00000052
00000000
00000000
00000000
00000000
00000000
00011767
00002379
0000006E
00000000
00000000
00000000
00000000
00000000
000128FE
00002949
0000007B
00000000
00000000
00000000
00000000
00000000
0000DEF7
000010CC
0000004B
00000000
00000000
00000000
00000000
00000000
0000D4A7
00000D73
00000034
00000000
00000000
00000000
00000000
00000000
0000C94F
00000991
0000004E
00000000
00000000
00000000
00000000
00000000
0000E5F9
0000132D
00000040
00000000
00000000
00000000
00000000
00000000
0000DA14
00000F4B
0000002B
00000000
00000000
00000000
00000000
00000000
0000BA85
000004E0
00000011
00000000
00000000
00000000
00000000
00000000
0000B851
00000429
0000000C
00000000
00000000
00000000
00000000
00000000
0000BA07
000004BB
0000000C
00000000
00000000
00000000
00000000
00000000
0000CA1B
00000A01
00000022
00000000
00000000
00000000
00000000
00000000
0000C3A9
000007E5
00000018
00000000
00000000
00000000
00000000
00000000
0000C217
00000760
00000017
00000000
00000000
00000000
00000000
00000000
0000B09E
0000019E
00000006
00000000
00000000
00000000
00000000
00000000
0000B1A9
000001F6
00000007
00000000
00000000
00000000
00000000
00000000
0000ABBB
00000002
00000001
00000000
00000000
00000000
00000000
00000000
0000ABB2
00000000
00000000
00000000
00000000
00000000
00000000
00000000
0000ABB2
00000000
00000000
00000000
00000000
00000000
00000000
00000000
0000ABB2
00000000
00000000
00000000
00000000
00000000
00000000
00000000
0000ABB2
00000000
00000000
00000000
00000000
00000000
00000000
00000000
0000ABB2
00000000
00000000
00000000
00000000
00000000
00000000
00000000
0000ABB2
00000000
00000000
00000000
00000000
00000000
00000000
00000000
0000ABB2
00000000
00000000
00000000
00000000
00000000
00000000
00000000
0000ABB2
00000000
00000000
00000000
00000000
00000000
00000000
00000000
0000ABB2
00000000
00000000
00000000
00000000
00000000
00000000
00000000
0000ABB2
00000000
00000000
00000000
00000000
00000000
00000000
00000000
0000ABB2
00000000
00000000
00000000
00000000
00000000
00000000
00000000
0000ABB2
00000000
00000000
00000000
00000000
00000000
00000000
00000000
0000ABB2
00000000
00000000
00000000
00000000
00000000
00000000
00000000
0000ABB2
00000000
00000000
00000000
00000000
00000000
00000000
00000000
0000ABB2
00000000
00000000
00000000
00000000
00000000
00000000
00000000
0000ABB2
00000000
00000000
00000000
00000000
00000000
00000000
00000000
0000ABB2
00000000
00000000
00000000
00000000
00000000
00000000
00000000
0000ABB2
00000000
00000000
00000000
00000000
00000000
00000000
00000000
0000ABB2
00000000
00000000
00000000
00000000
00000000
00000000
00000000
0000ABB2
00000000
00000000
00000000
00000000
00000000
00000000
00000000
0000ABB2
00000000
00000000
00000000
00000000
00000000
00000000
00000000
0000ABB2
00000000
00000000
00000000
00000000
00000000
00000000
00000000
0000ABB2
00000000
00000000
00000000
00000000
00000000
00000000
00000000
0000ABB2
00000000
00000000
00000000
00000000
00000000
00000000
00000000
0000ABB2
00000000
00000000
00000000
00000000
00000000
00000000
00000000
0000ABB2
00000000
00000000
00000000
00000000
00000000
00000000
00000000
0000ABB2
00000000
00000000
00000000
00000000
00000000
00000000
00000000
0000ABB2
00000000
00000000
00000000
00000000
00000000
00000000
00000000
0000ABB2
00000000
00000000
00000000
00000000
00000000
00000000
00000000
0000ABB2
00000000
00000000
00000000
00000000
00000000
00000000
00000000
0000ABB2
00000000
00000000
00000000
00000000
00000000
00000000
00000000
0000ABB2
00000000
00000000
00000000
00000000
00000000
00000000
00000000
0000ABB2
00000000
00000000
00000000
00000000
00000000
00000000
00000000
0000ABB2
00000000
00000000
00000000
00000000
00000000
00000000
00000000
0000ABB2
00000000
00000000
00000000
00000000
00000000
00000000
00000000
0000ABB2
00000000
00000000
00000000
00000000
00000000
00000000
00000000
0000ABB2
00000000
00000000
00000000
00000000
00000000
00000000
00000000
0000ABB2
00000000
00000000
00000000
00000000
00000000
00000000
00000000
0000ABB2
00000000
00000000
00000000
00000000
00000000
00000000
00000000
0000ABB2
00000000
00000000
00000000
00000000
00000000
00000000
00000000
0000ABB2
00000000
00000000
00000000
00000000
00000000
00000000
00000000
0000ABB2
00000000
00000000
00000000
00000000
00000000
00000000
00000000
0000ABB2
00000000
00000000
00000000
00000000
00000000
00000000
00000000
0000ABB2
00000000
00000000
00000000
00000000
00000000
00000000
00000000
0000ABB2
00000000
00000000
00000000
00000000
00000000
00000000
00000000
0000ABB2
00000000
00000000
00000000
00000000
00000000
00000000
00000000
0000ABB2
00000000
00000000
00000000
00000000
00000000
00000000
00000000
0000ABB2
00000000
00000000
00000000
00000000
00000000
00000000
00000000
0000ABB2
00000000
00000000
00000000
00000000
00000000
00000000
00000000
0000ABB2
00000000
00000000
00000000
00000000
00000000
00000000
00000000
0000ABB2
00000000
00000000
00000000
00000000
00000000
00000000
00000000
0000ABB2
00000000
00000000
00000000
00000000
00000000
00000000
00000000
0000ABB2
00000000
00000000
00000000
00000000
00000000
00000000
00000000
0000ABB2
00000000
00000000
00000000
00000000
00000000
00000000
00000000
0000ABB2
00000000
00000000
00000000
00000000
00000000
00000000
00000000
0000ABB2
00000000
00000000
00000000
00000000
00000000
00000000
00000000
0000ABB2
00000000
00000000
00000000
00000000
00000000
00000000
00000000
0000ABB2
00000000
00000000
00000000
00000000
00000000
00000000
00000000
0000ABB2
00000000
00000000
00000000
00000000
00000000
00000000
00000000
0000ABB2
00000000
00000000
00000000
00000000
00000000
00000000
00000000
0000ABB2
00000000
00000000
00000000
00000000
00000000
00000000
00000000
0000ABB2
00000000
00000000
00000000
00000000
00000000
00000000
00000000
0000ABB2
00000000
00000000
00000000
00000000
00000000
00000000
00000000
0000ABB2
00000000
00000000
00000000
00000000
00000000
00000000
00000000
0000ABB2
00000000
00000000
00000000
00000000
00000000
00000000
00000000
0000ABB2
00000000
00000000
00000000
00000000
00000000
00000000
00000000
0000ABB2
00000000
00000000
00000000
00000000
00000000
00000000
00000000
0000ABB2
00000000
00000000
00000000
00000000
00000000
00000000
00000000
0000ABB2
00000000
00000000
00000000
00000000
00000000
00000000
00000000
0000ABB2
00000000
00000000
00000000
00000000
00000000
00000000
00000000
0000ABB2
00000000
00000000
00000000
00000000
00000000
00000000
00000000
0000ABB2
00000000
00000000
00000000
00000000
00000000
00000000
00000000
0000ABB2
00000000
00000000
00000000
00000000
00000000
00000000
00000000
0000ABB2
00000000
00000000
00000000
00000000
00000000
00000000
00000000
0000ABB2
00000000
00000000
00000000
00000000
00000000
00000000
00000000
0000ABB2
00000000
00000000
00000000
00000000
00000000
00000000
00000000
0000ABB2
00000000
00000000
00000000
00000000
00000000
00000000
00000000
0000ABB2
00000000
00000000
00000000
00000000
00000000
00000000
00000000
0000ABB2
00000000
00000000
00000000
00000000
00000000
00000000
00000000
0000ABB2
00000000
00000000
00000000
00000000
00000000
00000000
00000000
0000ABB2
00000000
00000000
00000000
00000000
00000000
00000000
00000000
0000ABB2
00000000
00000000
00000000
00000000
00000000
00000000
00000000
0000ABB2
00000000
00000000
00000000
00000000
00000000
00000000
00000000
0000ABB2
00000000
00000000
00000000
00000000
00000000
00000000
00000000
0000ABB2
00000000
00000000
00000000
00000000
00000000
00000000
00000000
0000ABB2
00000000
00000000
00000000
00000000
00000000
00000000
00000000
0000ABB2
00000000
00000000
00000000
00000000
00000000
00000000
00000000
0000ABB2
00000000
00000000
00000000
00000000
00000000
00000000
00000000
0000ABB2
00000000
00000000
00000000
00000000
00000000
00000000
00000000
0000ABB2
00000000
00000000
00000000
00000000
00000000
00000000
00000000
0000ABB2
00000000
00000000
00000000
00000000
00000000
00000000
00000000
0000ABB2
00000000
00000000
00000000
00000000
00000000
00000000
00000000
0000ABB2
00000000
00000000
00000000
00000000
00000000
00000000
00000000
0000ABB2
00000000
00000000
00000000
00000000
00000000
00000000
00000000
0000ABB2
00000000
00000000
00000000
00000000
00000000
00000000
00000000
0000ABB2
00000000
00000000
00000000
00000000
00000000
00000000
00000000
0000ABB2
00000000
00000000
00000000
00000000
00000000
00000000
00000000
0000ABB2
00000000
00000000
00000000
00000000
00000000
00000000
00000000
0000ABB2
00000000
00000000
00000000
00000000
00000000
00000000
00000000
0000ABB2
00000000
00000000
00000000
00000000
00000000
00000000
00000000
0000ABB2
00000000
00000000
00000000
00000000
00000000
00000000
00000000
0000ABB2
00000000
00000000
00000000
00000000
00000000
00000000
00000000
0000ABB2
00000000
00000000
00000000
00000000
00000000
00000000
00000000
0000ABB2
00000000
00000000
00000000
00000000
00000000
00000000
00000000
0000ABB2
00000000
00000000
00000000
00000000
00000000
00000000
00000000
0000ABB2
00000000
00000000
00000000
00000000
00000000
00000000
00000000
0000ABB2
00000000
00000000
00000000
00000000
00000000
00000000
00000000
0000ABB2
00000000
00000000
00000000
00000000
00000000
00000000
00000000
0000ABB2
00000000
00000000
00000000
00000000
00000000
00000000
00000000
0000ABB2
00000000
00000000
00000000
00000000
00000000
00000000
00000000
0000ABB2
00000000
00000000
00000000
00000000
00000000
00000000
00000000
0000ABB2
00000000
00000000
00000000
00000000
00000000
00000000
00000000
0000ABB2
00000000
00000000
00000000
00000000
00000000
00000000
00000000
0000ABB2
00000000
00000000
00000000
00000000
00000000
00000000
00000000
0000ABB2
00000000
00000000
00000000
00000000
00000000
00000000
00000000
0000ABB2
00000000
00000000
00000000
00000000
00000000
00000000
00000000
0000ABB2
00000000
00000000
00000000
00000000
00000000
00000000
00000000
0000C745
000008D4
0000005D
00000000
00000000
00000000
00000000
00000000
00013156
00002C02
0006008A
00000000
00000000
00000000
00000000
00000000
0001E3F4
000066D7
0000013F
00000002
00000000
00000000
00000000
00000000
0002D988
0000B79A
00000258
000C0004
00000000
00000000
00000000
00000000
0002A5DA
0000A643
00000275
00210001
00000002
00000000
00000000
00000000
0001BCD0
0000598D
0000017D
000C0001
00020000
00000000
00000000
00000000
000163DB
00003C80
000000E3
00010000
00000000
00000000
00000000
00000000
0000EFEF
0000166D
00000052
00010000
00000000
00000000
00000000
00000000
0000E3E9
0000127C
00000041
00000000
00010000
00000000
00000000
00000000
0000F6DF
000018BC
00000053
00010000
00000000
00000000
00000000
00000000
0000E1A6
000011A9
00000053
00000000
00000000
00000000
00000000
00000000
0000B78B
000003E1
00000012
00000000
00000000
00000000
00000000
00000000
0000B347
0000027C
0000000B
00000000
00000000
00000000
00000000
00000000
0000B29C
00000243
0000000B
00000000
00000000
00000000
00000000
00000000
0000B473
000002DD
0000000E
00000000
00000000
00000000
00000000
00000000
0000AFE4
0000015D
00000009
00000000
00000000
00000000
00000000
00000000
0000AF15
0000011B
00000006
00000000
00000000
00000000
00000000
00000000
0000ABB2
00000000
00000000
00000000
00000000
00000000
00000000
00000000
0000ABB2
00000000
00000000
00000000
00000000
00000000
00000000
00000000
0000ABB2
00000000
00000000
00000000
00000000
00000000
00000000
00000000
0000ABB2
00000000
00000000
00000000
00000000
00000000
00000000
00000000
0000ABB2
00000000
00000000
00000000
00000000
00000000
00000000
00000000
0000ABB2
00000000
00000000
00000000
00000000
00000000
00000000
00000000
0000ABB2
00000000
00000000
00000000
00000000
00000000
00000000
00000000
0000ABB2
00000000
00000000
00000000
00000000
00000000
00000000
00000000
0000ABB2
00000000
00000000
00000000
00000000
00000000
00000000
00000000
0000ABB2
00000000
00000000
00000000
00000000
00000000
00000000
00000000
0000ABB2
00000000
00000000
00000000
00000000
00000000
00000000
00000000
0000ABB2
00000000
00000000
00000000
00000000
00000000
00000000
00000000
0000ABB2
00000000
00000000
00000000
00000000
00000000
00000000
00000000
0000ABB2
00000000
00000000
00000000
00000000
00000000
00000000
00000000
0000ABB2
00000000
00000000
00000000
00000000
00000000
00000000
00000000
0000ABB2
00000000
00000000
00000000
00000000
00000000
00000000
00000000
0000ABB2
00000000
00000000
00000000
00000000
00000000
00000000
00000000
0000ABB2
00000000
00000000
00000000
00000000
00000000
00000000
00000000
0000ABB2
00000000
00000000
00000000
00000000
00000000
00000000
00000000
0000ABB2
00000000
00000000
00000000
00000000
00000000
00000000
00000000
0000ABB2
00000000
00000000
00000000
00000000
00000000
00000000
00000000
0000ABB2
00000000
00000000
00000000
00000000
00000000
00000000
00000000
0000ABB2
00000000
00000000
00000000
00000000
00000000
00000000
00000000
0000ABB2
00000000
00000000
00000000
00000000
00000000
00000000
00000000
0000ABB2
00000000
00000000
00000000
00000000
00000000
00000000
00000000
0000ABB2
00000000
00000000
00000000
00000000
00000000
00000000
00000000
0000ABB2
00000000
00000000
00000000
00000000
00000000
00000000
00000000
0000ABB2
00000000
00000000
00000000
00000000
00000000
00000000
00000000
0000ABB2
00000000
00000000
00000000
00000000
00000000
00000000
00000000
0000ABB2
00000000
00000000
00000000
00000000
00000000
00000000
00000000
0000ABB2
00000000
00000000
00000000
00000000
00000000
00000000
00000000
0000ABB2
00000000
00000000
00000000
00000000
00000000
00000000
00000000
0000ABB2
00000000
00000000
00000000
00000000
00000000
00000000
00000000
0000ABB2
00000000
00000000
00000000
00000000
00000000
00000000
00000000
0000ABB2
00000000
00000000
00000000
00000000
00000000
00000000
00000000
0000ABB2
00000000
00000000
00000000
00000000
00000000
00000000
00000000
0000ABB2
00000000
00000000
00000000
00000000
00000000
00000000
00000000
0000ABB2
00000000
00000000
00000000
00000000
00000000
00000000
00000000
0000ABB2
00000000
00000000
00000000
00000000
00000000
00000000
00000000
0000ABB2
00000000
00000000
00000000
00000000
00000000
00000000
00000000
0000ABB2
00000000
00000000
00000000
00000000
00000000
00000000
00000000
0000ABB2
00000000
00000000
00000000
00000000
00000000
00000000
00000000
0000ABB2
00000000
00000000
00000000
00000000
00000000
00000000
00000000
0000ABB2
00000000
00000000
00000000
00000000
00000000
00000000
00000000
0000ABB2
00000000
00000000
00000000
00000000
00000000
00000000
00000000
0000ABB2
00000000
00000000
00000000
00000000
00000000
00000000
00000000
0000ABB2
00000000
00000000
00000000
00000000
00000000
00000000
00000000
0000ABB2
00000000
00000000
00000000
00000000
00000000
00000000
00000000
0000ABB2
00000000
00000000
00000000
00000000
00000000
00000000
00000000
0000ABB2
00000000
00000000
00000000
00000000
00000000
00000000
00000000
0000ABB2
00000000
00000000
00000000
00000000
00000000
00000000
00000000
0000ABB2
00000000
00000000
00000000
00000000
00000000
00000000
00000000
0000ABB2
00000000
00000000
00000000
00000000
00000000
00000000
00000000
0000ABB2
00000000
00000000
00000000
00000000
00000000
00000000
00000000
0000ABB2
00000000
00000000
00000000
00000000
00000000
00000000
00000000
0000ABB2
00000000
00000000
00000000
00000000
00000000
00000000
00000000
0000ABB2
00000000
00000000
00000000
00000000
00000000
00000000
00000000
0000ABB2
00000000
00000000
00000000
00000000
00000000
00000000
00000000
0000ABB2
00000000
00000000
00000000
00000000
00000000
00000000
00000000
0000ABB2
00000000
00000000
00000000
00000000
00000000
00000000
00000000
0000ABB2
00000000
00000000
00000000
00000000
00000000
00000000
00000000
0000ABB2
00000000
00000000
00000000
00000000
00000000
00000000
00000000
0000ABB2
00000000
00000000
00000000
00000000
00000000
00000000
00000000
0000ABB2
00000000
00000000
00000000
00000000
00000000
00000000
00000000
0000ABB2
00000000
00000000
00000000
00000000
00000000
00000000
00000000
0000ABB2
00000000
00000000
00000000
00000000
00000000
00000000
00000000
0000ABB2
00000000
00000000
00000000
00000000
00000000
00000000
00000000
0000ABB2
00000000
00000000
00000000
00000000
00000000
00000000
00000000
0000ABB2
00000000
00000000
00000000
00000000
00000000
00000000
00000000
0000ABB2
00000000
00000000
00000000
00000000
00000000
00000000
00000000
0000ABB2
00000000
00000000
00000000
00000000
00000000
00000000
00000000
0000ABB2
00000000
00000000
00000000
00000000
00000000
00000000
00000000
0000ABB2
00000000
00000000
00000000
00000000
00000000
00000000
00000000
0000ABB2
00000000
00000000
00000000
00000000
00000000
00000000
00000000
0000ABB2
00000000
00000000
00000000
00000000
00000000
00000000
00000000
0000ABB2
00000000
00000000
00000000
00000000
00000000
00000000
00000000
0000ABB2
00000000
00000000
00000000
00000000
00000000
00000000
00000000
0000ABB2
00000000
00000000
00000000
00000000
00000000
00000000
00000000
0000ABB2
00000000
00000000
00000000
00000000
00000000
00000000
00000000
0000ABB2
00000000
00000000
00000000
00000000
00000000
00000000
00000000
0000ABB2
00000000
00000000
00000000
00000000
00000000
00000000
00000000
0000ABB2
00000000
00000000
00000000
00000000
00000000
00000000
00000000
0000ABB2
00000000
00000000
00000000
00000000
00000000
00000000
00000000
0000ABB2
00000000
00000000
00000000
00000000
00000000
00000000
00000000
0000ABB2
00000000
00000000
00000000
00000000
00000000
00000000
00000000
0000ABB2
00000000
00000000
00000000
00000000
00000000
00000000
00000000
0000ABB2
00000000
00000000
00000000
00000000
00000000
00000000
00000000
0000ABB2
00000000
00000000
00000000
00000000
00000000
00000000
00000000
0000ABB2
00000000
00000000
00000000
00000000
00000000
00000000
00000000
0000ABB2
00000000
00000000
00000000
00000000
00000000
00000000
00000000
0000ABB2
00000000
00000000
00000000
00000000
00000000
00000000
00000000
0000ABB2
00000000
00000000
00000000
00000000
00000000
00000000
00000000
0000ABB2
00000000
00000000
00000000
00000000
00000000
00000000
00000000
0000ABB2
00000000
00000000
00000000
00000000
00000000
00000000
00000000
0000ABB2
00000000
00000000
00000000
00000000
00000000
00000000
00000000
0000ABB2
00000000
00000000
00000000
00000000
00000000
00000000
00000000
0000ABB2
00000000
00000000
00000000
00000000
00000000
00000000
00000000
0000ABB2
00000000
00000000
00000000
00000000
00000000
00000000
00000000
0000ABB2
00000000
00000000
00000000
00000000
00000000
00000000
00000000
0000ABB2
00000000
00000000
00000000
00000000
00000000
00000000
00000000
0000ABB2
00000000
00000000
00000000
00000000
00000000
00000000
00000000
0000ABB2
00000000
00000000
00000000
00000000
00000000
00000000
00000000
0000ABB2
00000000
00000000
00000000
00000000
00000000
00000000
00000000
0000ABB2
00000000
00000000
00000000
00000000
00000000
00000000
00000000
0000ABB2
00000000
00000000
00000000
00000000
00000000
00000000
00000000
0000ABB2
00000000
00000000
00000000
00000000
00000000
00000000
00000000
0000ABB2
00000000
00000000
00000000
00000000
00000000
00000000
00000000
0000ABB2
00000000
00000000
00000000
00000000
00000000
00000000
00000000
0000ABB2
00000000
00000000
00000000
00000000
00000000
00000000
00000000
0000ABB2
00000000
00000000
00000000
00000000
00000000
00000000
00000000
0000ABB2
00000000
00000000
00000000
00000000
00000000
00000000
00000000
0000ABB2
00000000
00000000
00000000
00000000
00000000
00000000
00000000
0000ABB2
00000000
00000000
00000000
00000000
00000000
00000000
00000000
0000ABB2
00000000
00000000
00000000
00000000
00000000
00000000
00000000
0000ABB2
00000000
00000000
00000000
00000000
00000000
00000000
00000000
0000ABB2
00000000
00000000
00000000
00000000
00000000
00000000
00000000
0000ABB2
00000000
00000000
00000000
00000000
00000000
00000000
00000000
0000ABB2
00000000
00000000
00000000
00000000
00000000
00000000
00000000
0000ABB2
00000000
00000000
00000000
00000000
00000000
00000000
00000000
0000ABB2
00000000
00000000
00000000
00000000
00000000
00000000
00000000
0000ABB2
00000000
00000000
00000000
00000000
00000000
00000000
00000000
0000ABB2
00000000
00000000
00000000
00000000
00000000
00000000
00000000
0000ABB2
00000000
00000000
00000000
00000000
00000000
00000000
00000000
0000ABB2
00000000
00000000
00000000
00000000
00000000
00000000
00000000
0000ABB2
00000000
00000000
00000000
00000000
00000000
00000000
00000000
0000ABB2
00000000
00000000
00000000
00000000
00000000
00000000
00000000
0000ABB2
00000000
00000000
00000000
00000000
00000000
00000000
00000000
0000ABB2
00000000
00000000
00000000
00000000
00000000
00000000
00000000
0000ABB2
00000000
00000000
00000000
00000000
00000000
00000000
00000000
0000ABB2
00000000
00000000
00000000
00000000
00000000
00000000
00000000
0000ABB2
00000000
00000000
00000000
00000000
00000000
00000000
00000000
0000ABB2
00000000
00000000
00000000
00000000
00000000
00000000
00000000
0000ABB2
00000000
00000000
00000000
00000000
00000000
00000000
00000000
0000ABB2
00000000
00000000
00000000
00000000
00000000
00000000
00000000
0000ABB2
00000000
00000000
00000000
00000000
00000000
00000000
00000000
0000ABB2
00000000
00000000
00000000
00000000
00000000
00000000
00000000
0000ABB2
00000000
00000000
00000000
00000000
00000000
00000000
00000000
0000ABB2
00000000
00000000
00000000
00000000
00000000
00000000
00000000
0000ABB2
00000000
00000000
00000000
00000000
00000000
00000000
00000000
0000ABB2
00000000
00000000
00000000
00000000
00000000
00000000
00000000
0000ABB2
00000000
00000000
00000000
00000000
00000000
00000000
00000000
0000ABB2
00000000
00000000
00000000
00000000
00000000
00000000
00000000
0000ABB2
00000000
00000000
00000000
00000000
00000000
00000000
00000000
0000ABB2
00000000
00000000
00000000
00000000
00000000
00000000
00000000
0000ABB2
00000000
00000000
00000000
00000000
00000000
00000000
00000000
0000ABB2
00000000
00000000
00000000
00000000
00000000
00000000
00000000
0000ABB2
00000000
00000000
00000000
00000000
00000000
00000000
00000000
0000ABB2
00000000
00000000
00000000
00000000
00000000
00000000
00000000
0000ABB2
00000000
00000000
00000000
00000000
00000000
00000000
00000000
0000ABB2
00000000
00000000
00000000
00000000
00000000
00000000
00000000
0000ABB2
00000000
00000000
00000000
00000000
00000000
00000000
00000000
0000ABB2
00000000
00000000
00000000
00000000
00000000
00000000
00000000
0000ABB2
00000000
00000000
00000000
00000000
00000000
00000000
00000000
0000ABB2
00000000
00000000
00000000
00000000
00000000
00000000
00000000
0000ABB2
00000000
00000000
00000000
00000000
00000000
00000000
00000000
0000ABB2
00000000
00000000
00000000
00000000
00000000
00000000
00000000
0000ABB2
00000000
00000000
00000000
00000000
00000000
00000000
00000000
0000ABB2
00000000
00000000
00000000
00000000
00000000
00000000
00000000
0000C745
000008D4
0000005D
00000000
00000000
00000000
00000000
00000000
00013156
00002C02
0006008A
00000000
00000000
00000000
00000000
00000000
0001E6AF
000067BD
00000142
00000002
00000000
00000000
00000000
00000000
00030997
0000C77B
0000027C
000E0004
00000000
00000000
00000000
00000000
00028A20
00009D12
00000268
001D0001
00000002
00000000
00000000
00000000
00019CDB
00004F09
0000015A
00090001
00020000
00000000
00000000
00000000
0001791D
00004396
000000E3
00020000
00000000
00000000
00000000
00000000
0000FFBE
00001BA3
00000061
00020000
00000000
00000000
00000000
00000000
0000DDAD
0000106F
0000003A
00020000
00010000
00000000
00000000
00000000
0000E380
00001255
00000045
00010000
00010000
00000000
00000000
00000000
0000D09C
00000C1A
00000034
00000000
00000000
00000000
00000000
00000000
0000C043
000006C1
0000001A
00000000
00000000
00000000
00000000
00000000
0000B32C
00000272
0000000C
00000000
00000000
00000000
00000000
00000000
0000B0BF
000001A8
00000007
00000000
00000000
00000000
00000000
00000000
0000C10F
00000707
00000018
00000000
00000000
00000000
00000000
00000000
0000B1A6
000001F1
0000000B
00000000
00000000
00000000
00000000
00000000
0000B2B7
0000024D
0000000A
00000000
00000000
00000000
00000000
00000000
0000AC7B
00000041
00000002
00000000
00000000
00000000
00000000
00000000
0000B0AA
000001A2
00000006
00000000
00000000
00000000
00000000
00000000
0000ABB2
00000000
00000000
00000000
00000000
00000000
00000000
00000000
0000ABB2
00000000
00000000
00000000
00000000
00000000
00000000
00000000
0000ABB2
00000000
00000000
00000000
00000000
00000000
00000000
00000000
0000ABB2
00000000
00000000
00000000
00000000
00000000
00000000
00000000
0000ABB2
00000000
00000000
00000000
00000000
00000000
00000000
00000000
0000ABB2
00000000
00000000
00000000
00000000
00000000
00000000
00000000
0000ABB2
00000000
00000000
00000000
00000000
00000000
00000000
00000000
0000ABB2
00000000
00000000
00000000
00000000
00000000
00000000
00000000
0000ABB2
00000000
00000000
00000000
00000000
00000000
00000000
00000000
0000ABB2
00000000
00000000
00000000
00000000
00000000
00000000
00000000
0000ABB2
00000000
00000000
00000000
00000000
00000000
00000000
00000000
0000ABB2
00000000
00000000
00000000
00000000
00000000
00000000
00000000
0000ABB2
00000000
00000000
00000000
00000000
00000000
00000000
00000000
0000ABB2
00000000
00000000
00000000
00000000
00000000
00000000
00000000
0000ABB2
00000000
00000000
00000000
00000000
00000000
00000000
00000000
0000ABB2
00000000
00000000
00000000
00000000
00000000
00000000
00000000
0000ABB2
00000000
00000000
00000000
00000000
00000000
00000000
00000000
0000ABB2
00000000
00000000
00000000
00000000
00000000
00000000
00000000
0000ABB2
00000000
00000000
00000000
00000000
00000000
00000000
00000000
0000ABB2
00000000
00000000
00000000
00000000
00000000
00000000
00000000
0000ABB2
00000000
00000000
00000000
00000000
00000000
00000000
00000000
0000ABB2
00000000
00000000
00000000
00000000
00000000
00000000
00000000
0000ABB2
00000000
00000000
00000000
00000000
00000000
00000000
00000000
0000ABB2
00000000
00000000
00000000
00000000
00000000
00000000
00000000
0000ABB2
00000000
00000000
00000000
00000000
00000000
00000000
00000000
0000ABB2
00000000
00000000
00000000
00000000
00000000
00000000
00000000
0000ABB2
00000000
00000000
00000000
00000000
00000000
00000000
00000000
0000ABB2
00000000
00000000
00000000
00000000
00000000
00000000
00000000
0000ABB2
00000000
00000000
00000000
00000000
00000000
00000000
00000000
0000ABB2
00000000
00000000
00000000
00000000
00000000
00000000
00000000
0000ABB2
00000000
00000000
00000000
00000000
00000000
00000000
00000000
0000ABB2
00000000
00000000
00000000
00000000
00000000
00000000
00000000
0000C481
000007F1
00000054
00000000
00000000
00000000
00000000
00000000
00011EBD
000025DE
0004007B
00000000
00000000
00000000
00000000
00000000
00019078
00004B57
000000EB
00000000
00000000
00000000
00000000
00000000
000210D0
000075B0
0000015A
00040006
00000000
00000000
00000000
00000000
00020362
0000711E
00000172
001D0000
00000000
00000000
00000000
00000000
000186F4
000047F0
00000126
000A0000
00000002
00000000
00000000
00000000
00018D09
00004A1F
000000FE
00030000
00010000
00000000
00000000
00000000
0000F15D
000016C3
00000076
00000000
00000000
00000000
00000000
00000000
0000C4F9
00000847
00000026
00000000
00000000
00000000
00000000
00000000
0000C136
0000070A
00000022
00000000
00000000
00000000
00000000
00000000
0000B89F
00000441
0000000E
00000000
00000000
00000000
00000000
00000000
0000BC71
00000583
00000012
00000000
00000000
00000000
00000000
00000000
0000B7A3
000003F2
00000009
00000000
00000000
00000000
00000000
00000000
0000B8D5
00000454
0000000D
00000000
00000000
00000000
00000000
00000000
0000BD5E
000005D7
0000000D
00000000
00000000
00000000
00000000
00000000
0000AFC0
00000158
00000002
00000000
00000000
00000000
00000000
00000000
0000ABB2
00000000
00000000
00000000
00000000
00000000
00000000
00000000
0000ABB2
00000000
00000000
00000000
00000000
00000000
00000000
00000000
0000ABB2
00000000
00000000
00000000
00000000
00000000
00000000
00000000
0000ABB2
00000000
00000000
00000000
00000000
00000000
00000000
00000000
0000ABB2
00000000
00000000
00000000
00000000
00000000
00000000
00000000
0000ABB2
00000000
00000000
00000000
00000000
00000000
00000000
00000000
0000ABB2
00000000
00000000
00000000
00000000
00000000
00000000
00000000
0000B956
0000045A
00000032
00000000
00000000
00000000
00000000
00000000
0000E026
0000114D
0000002F
00000000
00000000
00000000
00000000
00000000
0000DA05
00000F42
0000002F
00000000
00000000
00000000
00000000
00000000
0000DAFB
00000F94
0000002F
00000000
00000000
00000000
00000000
00000000
0000E482
000012BD
00000033
00000000
00000000
00000000
00000000
00000000
0000DDAD
0000107E
0000002B
00030000
00000000
00000000
00000000
00000000
0000CAD8
00000A4C
00000016
00030000
00000000
00000000
00000000
00000000
0000D93C
00000F0A
00000024
00060000
00000000
00000000
00000000
00000000
0000D582
00000DBA
00000036
00010000
00000002
00000000
00000000
00000000
0000D47A
00000D5F
00000039
00030000
00000000
00000000
00000000
00000000
0000BAAC
000004DC
00000022
00010000
00000000
00000000
00000000
00000000
0000C1BA
0000073B
0000001D
00010000
00000000
00000000
00000000
00000000
0000C742
00000910
00000020
00010000
00000000
00000000
00000000
00000000
0000C646
000008BC
00000020
00000000
00000000
00000000
00000000
00000000
0000B335
00000276
0000000B
00000000
00000000
00000000
00000000
00000000
0000ABB2
00000000
00000000
00000000
00000000
00000000
00000000
00000000
0000ABB2
00000000
00000000
00000000
00000000
00000000
00000000
00000000
0000ABB2
00000000
00000000
00000000
00000000
00000000
00000000
00000000
0000ABB2
00000000
00000000
00000000
00000000
00000000
00000000
00000000
0000ABB2
00000000
00000000
00000000
00000000
00000000
00000000
00000000
0000ABB2
00000000
00000000
00000000
00000000
00000000
00000000
00000000
0000ABB2
00000000
00000000
00000000
00000000
00000000
00000000
00000000
0000ABB2
00000000
00000000
00000000
00000000
00000000
00000000
00000000
0000ABB2
00000000
00000000
00000000
00000000
00000000
00000000
00000000
0000ABB2
00000000
00000000
00000000
00000000
00000000
00000000
00000000
0000ABB2
00000000
00000000
00000000
00000000
00000000
00000000
00000000
0000ABB2
00000000
00000000
00000000
00000000
00000000
00000000
00000000
0000ABB2
00000000
00000000
00000000
00000000
00000000
00000000
00000000
0000ABB2
00000000
00000000
00000000
00000000
00000000
00000000
00000000
0000ABB2
00000000
00000000
00000000
00000000
00000000
00000000
00000000
0000ABB2
00000000
00000000
00000000
00000000
00000000
00000000
00000000
0000ABB2
00000000
00000000
00000000
00000000
00000000
00000000
00000000
0000ABB2
00000000
00000000
00000000
00000000
00000000
00000000
00000000
0000ABB2
00000000
00000000
00000000
00000000
00000000
00000000
00000000
0000ABB2
00000000
00000000
00000000
00000000
00000000
00000000
00000000
0000ABB2
00000000
00000000
00000000
00000000
00000000
00000000
00000000
0000ABB2
00000000
00000000
00000000
00000000
00000000
00000000
00000000
0000ABB2
00000000
00000000
00000000
00000000
00000000
00000000
00000000
0000ABB2
00000000
00000000
00000000
00000000
00000000
00000000
00000000
0000ABB2
00000000
00000000
00000000
00000000
00000000
00000000
00000000
0000ABB2
00000000
00000000
00000000
00000000
00000000
00000000
00000000
0000ABB2
00000000
00000000
00000000
00000000
00000000
00000000
00000000
0000ABB2
00000000
00000000
00000000
00000000
00000000
00000000
00000000
0000ABB2
00000000
00000000
00000000
00000000
00000000
00000000
00000000
0000ABB2
00000000
00000000
00000000
00000000
00000000
00000000
00000000
0000ABB2
00000000
00000000
00000000
00000000
00000000
00000000
00000000
0000ABB2
00000000
00000000
00000000
00000000
00000000
00000000
00000000
0000ABB2
00000000
00000000
00000000
00000000
00000000
00000000
00000000
0000ABB2
00000000
00000000
00000000
00000000
00000000
00000000
00000000
0000ABB2
00000000
00000000
00000000
00000000
00000000
00000000
00000000
0000ABB2
00000000
00000000
00000000
00000000
00000000
00000000
00000000
0000ABB2
00000000
00000000
00000000
00000000
00000000
00000000
00000000
0000ABB2
00000000
00000000
00000000
00000000
00000000
00000000
00000000
0000ABB2
00000000
00000000
00000000
00000000
00000000
00000000
00000000
0000ABB2
00000000
00000000
00000000
00000000
00000000
00000000
00000000
0000ABB2
00000000
00000000
00000000
00000000
00000000
00000000
00000000
0000ABB2
00000000
00000000
00000000
00000000
00000000
00000000
00000000
0000ABB2
00000000
00000000
00000000
00000000
00000000
00000000
00000000
0000ABB2
00000000
00000000
00000000
00000000
00000000
00000000
00000000
0000ABB2
00000000
00000000
00000000
00000000
00000000
00000000
00000000
0000ABB2
00000000
00000000
00000000
00000000
00000000
00000000
00000000
0000ABB2
00000000
00000000
00000000
00000000
00000000
00000000
00000000
0000ABB2
00000000
00000000
00000000
00000000
00000000
00000000
00000000
0000ABB2
00000000
00000000
00000000
00000000
00000000
00000000
00000000
0000ABB2
00000000
00000000
00000000
00000000
00000000
00000000
00000000
0000ABB2
00000000
00000000
00000000
00000000
00000000
00000000
00000000
0000ABB2
00000000
00000000
00000000
00000000
00000000
00000000
00000000
0000ABB2
00000000
00000000
00000000
00000000
00000000
00000000
00000000
0000ABB2
00000000
00000000
00000000
00000000
00000000
00000000
00000000
0000ABB2
00000000
00000000
00000000
00000000
00000000
00000000
00000000
0000ABB2
00000000
00000000
00000000
00000000
00000000
00000000
00000000
0000ABB2
00000000
00000000
00000000
00000000
00000000
00000000
00000000
0000ABB2
00000000
00000000
00000000
00000000
00000000
00000000
00000000
0000ABB2
00000000
00000000
00000000
00000000
00000000
00000000
00000000
0000ABB2
00000000
00000000
00000000
00000000
00000000
00000000
00000000
0000ABB2
00000000
00000000
00000000
00000000
00000000
00000000
00000000
0000ABB2
00000000
00000000
00000000
00000000
00000000
00000000
00000000
0000C745
000008D4
0000005D
00000000
00000000
00000000
00000000
00000000
00012C58
00002A5D
00060085
00000000
00000000
00000000
00000000
00000000
0001D443
000061B4
00000127
00000002
00000000
00000000
00000000
00000000
0002B8CA
0000ACEA
0000021E
000C0004
00000000
00000000
00000000
00000000
00024FBE
00008A05
000001FF
001F0000
00000002
00000000
00000000
00000000
000178C0
0000432F
0000012B
00060000
00010000
00000000
00000000
00000000
0001469B
000032EF
000000B4
00020000
00000000
00000000
00000000
00000000
0000F8FB
0000196A
00000059
00000000
00000000
00000000
00000000
00000000
0000CD03
00000AE8
00000033
00010000
00000000
00000000
00000000
00000000
0000DB5E
00000FAB
00000039
00010000
00000000
00000000
00000000
00000000
0000DE91
000010BC
00000039
00000000
00000000
00000000
00000000
00000000
0000CB9E
00000A83
00000021
00000000
00000000
00000000
00000000
00000000
0000C091
000006DA
0000001B
00000000
00000000
00000000
00000000
00000000
0000D108
00000C4D
00000025
00000000
00000000
00000000
00000000
00000000
0000DA9E
00000F6A
0000003A
00000000
00000000
00000000
00000000
00000000
0000CEDA
00000B8D
0000002B
00000000
00000000
00000000
00000000
00000000
0000E209
000011EB
00000032
00000000
00000000
00000000
00000000
00000000
0000F8BC
00001962
0000004C
00000000
00000000
00000000
00000000
00000000
0000EDAC
000015B4
0000004A
00000000
00000000
00000000
00000000
00000000
0000D1B6
00000C70
0000003C
00000000
00000000
00000000
00000000
00000000
0000DDF5
00001089
00000038
00000000
00000000
00000000
00000000
00000000
0000D17D
00000C71
00000028
00000000
00000000
00000000
00000000
00000000
0000E2F0
0000123A
00000030
00000000
00000000
00000000
00000000
00000000
0000E047
0000114F
00000038
00000000
00000000
00000000
00000000
00000000
0000D28E
00000CC9
0000002B
00000000
00000000
00000000
00000000
00000000
0000E962
00001450
00000040
00000000
00000000
00000000
00000000
00000000
0000E575
000012FD
00000044
00000000
00000000
00000000
00000000
00000000
0000CD42
00000B00
00000030
00000000
00000000
00000000
00000000
00000000
0000F7DE
0000190D
00000057
00000000
00000000
00000000
00000000
00000000
00010F78
000020DB
00000067
00000000
00000000
00000000
00000000
00000000
0000E3B0
00001266
00000044
00000000
00000000
00000000
00000000
00000000
0000F562
00001841
0000004F
00000000
00000000
00000000
00000000
00000000
0000F9D9
000019B3
0000005A
00000000
00000000
00000000
00000000
00000000
0000F0CD
000016C1
00000048
00000000
00000000
00000000
00000000
00000000
00010C48
00001FC1
00000071
00000000
00000000
00000000
00000000
00000000
0000FC94
00001A97
0000005F
00000000
00000000
00000000
00000000
00000000
0000E13D
00001198
00000041
00000000
00000000
00000000
00000000
00000000
0000E224
000011E9
0000003D
00000000
00000000
00000000
00000000
00000000
0000F63D
00001891
00000048
00000000
00000000
00000000
00000000
00000000
0000E2CF
0000121E
00000041
00000000
00000000
00000000
00000000
00000000
0000F1AE
000016FC
00000058
00000000
00000000
00000000
00000000
00000000
0000FEE6
00001B5F
0000005D
00000000
00000000
00000000
00000000
00000000
0000D783
00000E69
00000032
00000000
00000000
00000000
00000000
00000000
0000F04F
00001686
00000059
00000000
00000000
00000000
00000000
00000000
0000F6BE
000018B9
0000004B
00000000
00000000
00000000
00000000
00000000
0000D936
00000EF6
00000036
00000000
00000000
00000000
00000000
00000000
0000E64D
0000133D
0000004C
00000000
00000000
00000000
00000000
00000000
0000F124
000016DB
0000004B
00000000
00000000
00000000
00000000
00000000
0000EFB6
0000165E
0000004E
00000000
00000000
00000000
00000000
00000000
00010BFD
00001FAC
0000006D
00000000
00000000
00000000
00000000
00000000
0000F472
000017F0
00000050
00000000
00000000
00000000
00000000
00000000
0000E0E0
00001177
00000043
00000000
00000000
00000000
00000000
00000000
0000F433
000017D2
00000059
00000000
00000000
00000000
00000000
00000000
000107B6
00001E50
0000005C
00000000
00000000
00000000
00000000
00000000
0000DE49
0000108C
00000051
00000000
00000000
00000000
00000000
00000000
0000EA9A
000014BE
0000003A
00000000
00000000
00000000
00000000
00000000
0000E239
000011FB
00000032
00000000
00000000
00000000
00000000
00000000
0000C766
00000916
00000026
00000000
00000000
00000000
00000000
00000000
0000B1F1
00000209
0000000C
00000000
00000000
00000000
00000000
00000000
0000B04A
0000017F
00000009
00000000
00000000
00000000
00000000
00000000
0000AFDE
0000015D
00000007
00000000
00000000
00000000
00000000
00000000
0000B5DE
00000358
0000000C
00000000
00000000
00000000
00000000
00000000
0000AEEE
0000010E
00000006
00000000
00000000
00000000
00000000
00000000
0000B3A4
0000029E
00000008
00000000
00000000
00000000
00000000
00000000
0000B3E9
000002B6
00000007
00000000
00000000
00000000
00000000
00000000
0000C685
000008DC
00000015
00000000
00000000
00000000
00000000
00000000
0000BD9A
000005E0
00000018
00000000
00000000
00000000
00000000
00000000
0000B617
00000368
0000000F
00000000
00000000
00000000
00000000
00000000
0000B4B8
000002F2
00000010
00000000
00000000
00000000
00000000
00000000
0000B293
00000241
0000000A
00000000
00000000
00000000
00000000
00000000
0000AF6C
00000137
00000007
00000000
00000000
00000000
00000000
00000000
0000AEFD
00000115
00000004
00000000
00000000
00000000
00000000
00000000
0000AF60
00000135
00000005
00000000
00000000
00000000
00000000
00000000
0000ABB2
00000000
00000000
00000000
00000000
00000000
00000000
00000000
0000ABB2
00000000
00000000
00000000
00000000
00000000
00000000
00000000
0000ABB2
00000000
00000000
00000000
00000000
00000000
00000000
00000000
0000ABB2
00000000
00000000
00000000
00000000
00000000
00000000
00000000
0000ABB2
00000000
00000000
00000000
00000000
00000000
00000000
00000000
0000ABB2
00000000
00000000
00000000
00000000
00000000
00000000
00000000
0000ABB2
00000000
00000000
00000000
00000000
00000000
00000000
00000000
0000ABB2
00000000
00000000
00000000
00000000
00000000
00000000
00000000
0000ABB2
00000000
00000000
00000000
00000000
00000000
00000000
00000000
0000ABB2
00000000
00000000
00000000
00000000
00000000
00000000
00000000
0000ABB2
00000000
00000000
00000000
00000000
00000000
00000000
00000000
0000ABB2
00000000
00000000
00000000
00000000
00000000
00000000
00000000
0000ABB2
00000000
00000000
00000000
00000000
00000000
00000000
00000000
0000ABB2
00000000
00000000
00000000
00000000
00000000
00000000
00000000
0000ABB2
00000000
00000000
00000000
00000000
00000000
00000000
00000000
0000ABB2
00000000
00000000
00000000
00000000
00000000
00000000
00000000
0000ABB2
00000000
00000000
00000000
00000000
00000000
00000000
00000000
0000ABB2
00000000
00000000
00000000
00000000
00000000
00000000
00000000
0000ABB2
00000000
00000000
00000000
00000000
00000000
00000000
00000000
0000ABB2
00000000
00000000
00000000
00000000
00000000
00000000
00000000
0000ABB2
00000000
00000000
00000000
00000000
00000000
00000000
00000000
0000ABB2
00000000
00000000
00000000
00000000
00000000
00000000
00000000
0000ABB2
00000000
00000000
00000000
00000000
00000000
00000000
00000000
0000ABB2
00000000
00000000
00000000
00000000
00000000
00000000
00000000
0000ABB2
00000000
00000000
00000000
00000000
00000000
00000000
00000000
0000ABB2
00000000
00000000
00000000
00000000
00000000
00000000
00000000
0000ABB2
00000000
00000000
00000000
00000000
00000000
00000000
00000000
0000ABB2
00000000
00000000
00000000
00000000
00000000
00000000
00000000
0000ABB2
00000000
00000000
00000000
00000000
00000000
00000000
00000000
0000ABB2
00000000
00000000
00000000
00000000
00000000
00000000
00000000
0000ABB2
00000000
00000000
00000000
00000000
00000000
00000000
00000000
0000ABB2
00000000
00000000
00000000
00000000
00000000
00000000
00000000
0000ABB2
00000000
00000000
00000000
00000000
00000000
00000000
00000000
0000ABB2
00000000
00000000
00000000
00000000
00000000
00000000
00000000
0000ABB2
00000000
00000000
00000000
00000000
00000000
00000000
00000000
0000ABB2
00000000
00000000
00000000
00000000
00000000
00000000
00000000
0000ABB2
00000000
00000000
00000000
00000000
00000000
00000000
00000000
0000ABB2
00000000
00000000
00000000
00000000
00000000
00000000
00000000
0000ABB2
00000000
00000000
00000000
00000000
00000000
00000000
00000000
0000ABB2
00000000
00000000
00000000
00000000
00000000
00000000
00000000
0000ABB2
00000000
00000000
00000000
00000000
00000000
00000000
00000000
0000ABB2
00000000
00000000
00000000
00000000
00000000
00000000
00000000
0000ABB2
00000000
00000000
00000000
00000000
00000000
00000000
00000000
0000ABB2
00000000
00000000
00000000
00000000
00000000
00000000
00000000
0000ABB2
00000000
00000000
00000000
00000000
00000000
00000000
00000000
0000ABB2
00000000
00000000
00000000
00000000
00000000
00000000
00000000
0000ABB2
00000000
00000000
00000000
00000000
00000000
00000000
00000000
0000ABB2
00000000
00000000
00000000
00000000
00000000
00000000
00000000
0000ABB2
00000000
00000000
00000000
00000000
00000000
00000000
00000000
0000ABB2
00000000
00000000
00000000
00000000
00000000
00000000
00000000
0000ABB2
00000000
00000000
00000000
00000000
00000000
00000000
00000000
0000ABB2
00000000
00000000
00000000
00000000
00000000
00000000
00000000
0000ABB2
00000000
00000000
00000000
00000000
00000000
00000000
00000000
0000ABB2
00000000
00000000
00000000
00000000
00000000
00000000
00000000
0000ABB2
00000000
00000000
00000000
00000000
00000000
00000000
00000000
0000ABB2
00000000
00000000
00000000
00000000
00000000
00000000
00000000
0000ABB2
00000000
00000000
00000000
00000000
00000000
00000000
00000000
0000ABB2
00000000
00000000
00000000
00000000
00000000
00000000
00000000
0000ABB2
00000000
00000000
00000000
00000000
00000000
00000000
00000000
0000ABB2
00000000
00000000
00000000
00000000
00000000
00000000
00000000
0000ABB2
00000000
00000000
00000000
00000000
00000000
00000000
00000000
0000ABB2
00000000
00000000
00000000
00000000
00000000
00000000
00000000
0000ABB2
00000000
00000000
00000000
00000000
00000000
00000000
00000000
0000ABB2
00000000
00000000
00000000
00000000
00000000
00000000
00000000
0000ABB2
00000000
00000000
00000000
00000000
00000000
00000000
00000000
0000ABB2
00000000
00000000
00000000
00000000
00000000
00000000
00000000
0000ABB2
00000000
00000000
00000000
00000000
00000000
00000000
00000000
0000ABB2
00000000
00000000
00000000
00000000
00000000
00000000
00000000
0000ABB2
00000000
00000000
00000000
00000000
00000000
00000000
00000000
0000ABB2
00000000
00000000
00000000
00000000
00000000
00000000
00000000
0000ABB2
00000000
00000000
00000000
00000000
00000000
00000000
00000000
0000ABB2
00000000
00000000
00000000
00000000
00000000
00000000
00000000
0000ABB2
00000000
00000000
00000000
00000000
00000000
00000000
00000000
0000ABB2
00000000
00000000
00000000
00000000
00000000
00000000
00000000
0000ABB2
00000000
00000000
00000000
00000000
00000000
00000000
00000000
0000ABB2
00000000
00000000
00000000
00000000
00000000
00000000
00000000
0000ABB2
00000000
00000000
00000000
00000000
00000000
00000000
00000000
0000ABB2
00000000
00000000
00000000
00000000
00000000
00000000
00000000
0000ABB2
00000000
00000000
00000000
00000000
00000000
00000000
00000000
0000ABB2
00000000
00000000
00000000
00000000
00000000
00000000
00000000
0000ABB2
00000000
00000000
00000000
00000000
00000000
00000000
00000000
0000ABB2
00000000
00000000
00000000
00000000
00000000
00000000
00000000
0000ABB2
00000000
00000000
00000000
00000000
00000000
00000000
00000000
0000ABB2
00000000
00000000
00000000
00000000
00000000
00000000
00000000
0000ABB2
00000000
00000000
00000000
00000000
00000000
00000000
00000000
0000ABB2
00000000
00000000
00000000
00000000
00000000
00000000
00000000
0000ABB2
00000000
00000000
00000000
00000000
00000000
00000000
00000000
0000ABB2
00000000
00000000
00000000
00000000
00000000
00000000
00000000
0000ABB2
00000000
00000000
00000000
00000000
00000000
00000000
00000000
0000ABB2
00000000
00000000
00000000
00000000
00000000
00000000
00000000
0000ABB2
00000000
00000000
00000000
00000000
00000000
00000000
00000000
0000ABB2
00000000
00000000
00000000
00000000
00000000
00000000
00000000
0000ABB2
00000000
00000000
00000000
00000000
00000000
00000000
00000000
0000ABB2
00000000
00000000
00000000
00000000
00000000
00000000
00000000
0000ABB2
00000000
00000000
00000000
00000000
00000000
00000000
00000000
0000ABB2
00000000
00000000
00000000
00000000
00000000
00000000
00000000
0000ABB2
00000000
00000000
00000000
00000000
00000000
00000000
00000000
0000ABB2
00000000
00000000
00000000
00000000
00000000
00000000
00000000
0000ABB2
00000000
00000000
00000000
00000000
00000000
00000000
00000000
0000ABB2
00000000
00000000
00000000
00000000
00000000
00000000
00000000
0000ABB2
00000000
00000000
00000000
00000000
00000000
00000000
00000000
0000ABB2
00000000
00000000
00000000
00000000
00000000
00000000
00000000
0000ABB2
00000000
00000000
00000000
00000000
00000000
00000000
00000000
0000ABB2
00000000
00000000
00000000
00000000
00000000
00000000
00000000
0000ABB2
00000000
00000000
00000000
00000000
00000000
00000000
00000000
0000ABB2
00000000
00000000
00000000
00000000
00000000
00000000
00000000
0000ABB2
00000000
00000000
00000000
00000000
00000000
00000000
00000000
0000ABB2
00000000
00000000
00000000
00000000
00000000
00000000
00000000
0000ABB2
00000000
00000000
00000000
00000000
00000000
00000000
00000000
0000ABB2
00000000
00000000
00000000
00000000
00000000
00000000
00000000
0000ABB2
00000000
00000000
00000000
00000000
00000000
00000000
00000000
0000ABB2
00000000
00000000
00000000
00000000
00000000
00000000
00000000
0000ABB2
00000000
00000000
00000000
00000000
00000000
00000000
00000000
0000ABB2
00000000
00000000
00000000
00000000
00000000
00000000
00000000
0000ABB2
00000000
00000000
00000000
00000000
00000000
00000000
00000000
0000ABB2
00000000
00000000
00000000
00000000
00000000
00000000
00000000
0000ABB2
00000000
00000000
00000000
00000000
00000000
00000000
00000000
0000ABB2
00000000
00000000
00000000
00000000
00000000
00000000
00000000
0000ABB2
00000000
00000000
00000000
00000000
00000000
00000000
00000000
0000ABB2
00000000
00000000
00000000
00000000
00000000
00000000
00000000
0000ABB2
00000000
00000000
00000000
00000000
00000000
00000000
00000000
0000ABB2
00000000
00000000
00000000
00000000
00000000
00000000
00000000
0000ABB2
00000000
00000000
00000000
00000000
00000000
00000000
00000000
0000ABB2
00000000
00000000
00000000
00000000
00000000
00000000
00000000
0000ABB2
00000000
00000000
00000000
00000000
00000000
00000000
00000000
0000ABB2
00000000
00000000
00000000
00000000
00000000
00000000
00000000
0000ABB2
00000000
00000000
00000000
00000000
00000000
00000000
00000000
0000ABB2
00000000
00000000
00000000
00000000
00000000
00000000
00000000
0000ABB2
00000000
00000000
00000000
00000000
00000000
00000000
00000000
0000ABB2
00000000
00000000
00000000
00000000
00000000
00000000
00000000
0000ABB2
00000000
00000000
00000000
00000000
00000000
00000000
00000000
0000ABB2
00000000
00000000
00000000
00000000
00000000
00000000
00000000
0000ABB2
00000000
00000000
00000000
00000000
00000000
00000000
00000000
0000ABB2
00000000
00000000
00000000
00000000
00000000
00000000
00000000
0000ABB2
00000000
00000000
00000000
00000000
00000000
00000000
00000000
0000ABB2
00000000
00000000
00000000
00000000
00000000
00000000
00000000
0000ABB2
00000000
00000000
00000000
00000000
00000000
00000000
00000000
0000ABB2
00000000
00000000
00000000
00000000
00000000
00000000
00000000
0000ABB2
00000000
00000000
00000000
00000000
00000000
00000000
00000000
0000ABB2
00000000
00000000
00000000
00000000
00000000
00000000
00000000
0000ABB2
00000000
00000000
00000000
00000000
00000000
00000000
00000000
0000ABB2
00000000
00000000
00000000
00000000
00000000
00000000
00000000
0000ABB2
00000000
00000000
00000000
00000000
00000000
00000000
00000000
0000ABB2
00000000
00000000
00000000
00000000
00000000
00000000
00000000
0000ABB2
00000000
00000000
00000000
00000000
00000000
00000000
00000000
0000ABB2
00000000
00000000
00000000
00000000
00000000
00000000
00000000
0000ABB2
00000000
00000000
00000000
00000000
00000000
00000000
00000000
0000ABB2
00000000
00000000
00000000
00000000
00000000
00000000
00000000
0000ABB2
00000000
00000000
00000000
00000000
00000000
00000000
00000000
0000ABB2
00000000
00000000
00000000
00000000
00000000
00000000
00000000
0000ABB2
00000000
00000000
00000000
00000000
00000000
00000000
00000000
0000ABB2
00000000
00000000
00000000
00000000
00000000
00000000
00000000
0000ABB2
00000000
00000000
00000000
00000000
00000000
00000000
00000000
0000ABB2
00000000
00000000
00000000
00000000
00000000
00000000
00000000
0000ABB2
00000000
00000000
00000000
00000000
00000000
00000000
00000000
0000ABB2
00000000
00000000
00000000
00000000
00000000
00000000
00000000
0000ABB2
00000000
00000000
00000000
00000000
00000000
00000000
00000000
0000ABB2
00000000
00000000
00000000
00000000
00000000
00000000
00000000
0000ABB2
00000000
00000000
00000000
00000000
00000000
00000000
00000000
0000ABB2
00000000
00000000
00000000
00000000
00000000
00000000
00000000
0000ABB2
00000000
00000000
00000000
00000000
00000000
00000000
00000000
0000ABB2
00000000
00000000
00000000
00000000
00000000
00000000
00000000
0000ABB2
00000000
00000000
00000000
00000000
00000000
00000000
00000000
0000ABB2
00000000
00000000
00000000
00000000
00000000
00000000
00000000
0000ABB2
00000000
00000000
00000000
00000000
00000000
00000000
00000000
0000ABB2
00000000
00000000
00000000
00000000
00000000
00000000
00000000
0000ABB2
00000000
00000000
00000000
00000000
00000000
00000000
00000000
0000ABB2
00000000
00000000
00000000
00000000
00000000
00000000
00000000
0000ABB2
00000000
00000000
00000000
00000000
00000000
00000000
00000000
0000ABB2
00000000
00000000
00000000
00000000
00000000
00000000
00000000
0000ABB2
00000000
00000000
00000000
00000000
00000000
00000000
00000000
0000ABB2
00000000
00000000
00000000
00000000
00000000
00000000
00000000
0000ABB2
00000000
00000000
00000000
00000000
00000000
00000000
00000000
0000ABB2
00000000
00000000
00000000
00000000
00000000
00000000
00000000
0000ABB2
00000000
00000000
00000000
00000000
00000000
00000000
00000000
0000ABB2
00000000
00000000
00000000
00000000
00000000
00000000
00000000
0000ABB2
00000000
00000000
00000000
00000000
00000000
00000000
00000000
0000ABB2
00000000
00000000
00000000
00000000
00000000
00000000
00000000
0000ABB2
00000000
00000000
00000000
00000000
00000000
00000000
00000000
0000ABB2
00000000
00000000
00000000
00000000
00000000
00000000
00000000
0000ABB2
00000000
00000000
00000000
00000000
00000000
00000000
00000000
0000ABB2
00000000
00000000
00000000
00000000
00000000
00000000
00000000
0000ABB2
00000000
00000000
00000000
00000000
00000000
00000000
00000000
0000C745
000008D4
0000005D
00000000
00000000
00000000
00000000
00000000
00013156
00002C02
0006008A
00000000
00000000
00000000
00000000
00000000
0001E6AF
000067BD
00000142
00000002
00000000
00000000
00000000
00000000
00030997
0000C77B
0000027C
000E0004
00000000
00000000
00000000
00000000
00028A20
00009D12
00000268
001D0001
00000002
00000000
00000000
00000000
00019CDB
00004F09
0000015A
00090001
00020000
00000000
00000000
00000000
0001791D
00004396
000000E3
00020000
00000000
00000000
00000000
00000000
0000FFBE
00001BA3
00000061
00020000
00000000
00000000
00000000
00000000
0000DDAD
0000106F
0000003A
00020000
00010000
00000000
00000000
00000000
0000E380
00001255
00000045
00010000
00010000
00000000
00000000
00000000
0000D09C
00000C1A
00000034
00000000
00000000
00000000
00000000
00000000
0000C043
000006C1
0000001A
00000000
00000000
00000000
00000000
00000000
0000B32C
00000272
0000000C
00000000
00000000
00000000
00000000
00000000
0000B0BF
000001A8
00000007
00000000
00000000
00000000
00000000
00000000
0000C10F
00000707
00000018
00000000
00000000
00000000
00000000
00000000
0000B1A6
000001F1
0000000B
00000000
00000000
00000000
00000000
00000000
0000C68B
000008A5
0000004E
00000000
00000000
00000000
00000000
00000000
0000EEEA
0000161A
0000004E
00000000
00000000
00000000
00000000
00000000
0000F214
00001722
00000054
00000000
00000000
00000000
00000000
00000000
0000CEE3
00000B92
00000029
00000000
00000000
00000000
00000000
00000000
0000B4D3
000002FE
0000000D
00000000
00000000
00000000
00000000
00000000
0000C05B
000006D3
00000010
00000000
00000000
00000000
00000000
00000000
0000C661
000008CF
00000016
00000000
00000000
00000000
00000000
00000000
0000C71E
00000904
00000020
00000000
00000000
00000000
00000000
00000000
0000B647
0000037D
0000000A
00000000
00000000
00000000
00000000
00000000
0000AC36
0000002A
00000002
00000000
00000000
00000000
00000000
00000000
0000AD1A
00000077
00000001
00000000
00000000
00000000
00000000
00000000
0000ABB2
00000000
00000000
00000000
00000000
00000000
00000000
00000000
0000ABB2
00000000
00000000
00000000
00000000
00000000
00000000
00000000
0000ABB2
00000000
00000000
00000000
00000000
00000000
00000000
00000000
0000ABB2
00000000
00000000
00000000
00000000
00000000
00000000
00000000
0000ABB2
00000000
00000000
00000000
00000000
00000000
00000000
00000000
0000ABEE
00000013
00000001
00000000
00000000
00000000
00000000
00000000
0000B182
000001DD
00000013
00000000
00000000
00000000
00000000
00000000
0000CC2B
00000A8E
00000045
00000000
00000000
00000000
00000000
00000000
000107B0
00001E3B
0001006F
00000000
00000000
00000000
00000000
00000000
0001394E
00002E9C
00000098
00000005
00000000
00000000
00000000
00000000
00017C6B
000044E1
000000B2
000C0001
00000000
00000000
00000000
00000000
00015E3E
00003ADA
000000AA
00070000
00000000
00000000
00000000
00000000
00012FAF
00002B58
000000A7
00010000
00000000
00000000
00000000
00000000
0000E6AD
0000135D
0000004C
00000000
00000000
00000000
00000000
00000000
000109AE
00001F00
00000054
00000000
00000000
00000000
00000000
00000000
0000CB74
00000A6A
0000002C
00010000
00000000
00000000
00000000
00000000
0000BD2B
000005BC
00000017
00000000
00000000
00000000
00000000
00000000
0000B587
00000336
00000011
00000000
00000000
00000000
00000000
00000000
0000AF69
00000137
00000006
00000000
00000000
00000000
00000000
00000000
0000B542
00000327
00000009
00000000
00000000
00000000
00000000
00000000
0000B00B
0000016E
00000005
00000000
00000000
00000000
00000000
00000000
0000AFC0
00000158
00000002
00000000
00000000
00000000
00000000
00000000
0000ABB2
00000000
00000000
00000000
00000000
00000000
00000000
00000000
0000AC63
00000039
00000002
00000000
00000000
00000000
00000000
00000000
0000AC0C
0000001D
00000001
00000000
00000000
00000000
00000000
00000000
0000B2AE
00000247
0000000D
00000000
00000000
00000000
00000000
00000000
0000BC0B
00000561
00010012
00000000
00000000
00000000
00000000
00000000
0000C2F5
000007A9
00000018
00000000
00000000
00000000
00000000
00000000
0000D05A
00000C20
00000018
00000000
00000000
00000000
00000000
00000000
0000C52F
00000867
00000018
00000000
00000000
00000000
00000000
00000000
0000CA12
00000A01
0000001F
00000000
00000000
00000000
00000000
00000000
0000B80C
0000040B
00000013
00000000
00000000
00000000
00000000
00000000
0000C09A
000006E9
0000000F
00000000
00000000
00000000
00000000
00000000
0000B9DD
000004B3
00000006
00000000
00000000
00000000
00000000
00000000
0000ABB2
00000000
00000000
00000000
00000000
00000000
00000000
00000000
0000ABB2
00000000
00000000
00000000
00000000
00000000
00000000
00000000
0000ABB2
00000000
00000000
00000000
00000000
00000000
00000000
00000000
0000ABB2
00000000
00000000
00000000
00000000
00000000
00000000
00000000
0000ABB2
00000000
00000000
00000000
00000000
00000000
00000000
00000000
0000ABB2
00000000
00000000
00000000
00000000
00000000
00000000
00000000
0000ABB2
00000000
00000000
00000000
00000000
00000000
00000000
00000000
0000ABB2
00000000
00000000
00000000
00000000
00000000
00000000
00000000
0000ABB2
00000000
00000000
00000000
00000000
00000000
00000000
00000000
0000ABB2
00000000
00000000
00000000
00000000
00000000
00000000
00000000
0000ABB2
00000000
00000000
00000000
00000000
00000000
00000000
00000000
0000ABB2
00000000
00000000
00000000
00000000
00000000
00000000
00000000
0000ABB2
00000000
00000000
00000000
00000000
00000000
00000000
00000000
0000ABB2
00000000
00000000
00000000
00000000
00000000
00000000
00000000
0000ABB2
00000000
00000000
00000000
00000000
00000000
00000000
00000000
0000ABB2
00000000
00000000
00000000
00000000
00000000
00000000
00000000
0000ABB2
00000000
00000000
00000000
00000000
00000000
00000000
00000000
0000ABB2
00000000
00000000
00000000
00000000
00000000
00000000
00000000
0000ABB2
00000000
00000000
00000000
00000000
00000000
00000000
00000000
0000ABB2
00000000
00000000
00000000
00000000
00000000
00000000
00000000
0000ABB2
00000000
00000000
00000000
00000000
00000000
00000000
00000000
0000ABB2
00000000
00000000
00000000
00000000
00000000
00000000
00000000
0000ABB2
00000000
00000000
00000000
00000000
00000000
00000000
00000000
0000ABB2
00000000
00000000
00000000
00000000
00000000
00000000
00000000
0000ABB2
00000000
00000000
00000000
00000000
00000000
00000000
00000000
0000ABB2
00000000
00000000
00000000
00000000
00000000
00000000
00000000
0000ABB2
00000000
00000000
00000000
00000000
00000000
00000000
00000000
0000ABB2
00000000
00000000
00000000
00000000
00000000
00000000
00000000
0000ABB2
00000000
00000000
00000000
00000000
00000000
00000000
00000000
0000ABB2
00000000
00000000
00000000
00000000
00000000
00000000
00000000
0000ABB2
00000000
00000000
00000000
00000000
00000000
00000000
00000000
0000ABB2
00000000
00000000
00000000
00000000
00000000
00000000
00000000
0000ABB2
00000000
00000000
00000000
00000000
00000000
00000000
00000000
0000ABB2
00000000
00000000
00000000
00000000
00000000
00000000
00000000
0000ABB2
00000000
00000000
00000000
00000000
00000000
00000000
00000000
0000ABB2
00000000
00000000
00000000
00000000
00000000
00000000
00000000
0000ABB2
00000000
00000000
00000000
00000000
00000000
00000000
00000000
0000ABB2
00000000
00000000
00000000
00000000
00000000
00000000
00000000
0000ABB2
00000000
00000000
00000000
00000000
00000000
00000000
00000000
0000ABB2
00000000
00000000
00000000
00000000
00000000
00000000
00000000
0000ABB2
00000000
00000000
00000000
00000000
00000000
00000000
00000000
0000ABB2
00000000
00000000
00000000
00000000
00000000
00000000
00000000
0000ABB2
00000000
00000000
00000000
00000000
00000000
00000000
00000000
0000ABB2
00000000
00000000
00000000
00000000
00000000
00000000
00000000
0000ABB2
00000000
00000000
00000000
00000000
00000000
00000000
00000000
0000ABB2
00000000
00000000
00000000
00000000
00000000
00000000
00000000
0000ABB2
00000000
00000000
00000000
00000000
00000000
00000000
00000000
0000ABB2
00000000
00000000
00000000
00000000
00000000
00000000
00000000
0000ABB2
00000000
00000000
00000000
00000000
00000000
00000000
00000000
0000ABB2
00000000
00000000
00000000
00000000
00000000
00000000
00000000
0000ABB2
00000000
00000000
00000000
00000000
00000000
00000000
00000000
0000ABB2
00000000
00000000
00000000
00000000
00000000
00000000
00000000
0000ABB2
00000000
00000000
00000000
00000000
00000000
00000000
00000000
0000ABB2
00000000
00000000
00000000
00000000
00000000
00000000
00000000
0000ABB2
00000000
00000000
00000000
00000000
00000000
00000000
00000000
0000ABB2
00000000
00000000
00000000
00000000
00000000
00000000
00000000
0000ABB2
00000000
00000000
00000000
00000000
00000000
00000000
00000000
0000ABB2
00000000
00000000
00000000
00000000
00000000
00000000
00000000
0000ABB2
00000000
00000000
00000000
00000000
00000000
00000000
00000000
0000ABB2
00000000
00000000
00000000
00000000
00000000
00000000
00000000
0000C745
000008D4
0000005D
00000000
00000000
00000000
00000000
00000000
00012B65
00002A0D
00060084
00000000
00000000
00000000
00000000
00000000
0001CD7D
00005F79
00000120
00000002
00000000
00000000
00000000
00000000
0002B543
0000ABC1
0000021A
000C0004
00000000
00000000
00000000
00000000
00027E53
00009954
00000237
00210000
00000002
00000000
00000000
00000000
0001A1B2
0000509D
00000163
00090000
00010000
00000000
00000000
00000000
000151E7
000036A1
000000C6
00020000
00000000
00000000
00000000
00000000
0001002A
00001BC4
00000064
00010000
00000000
00000000
00000000
00000000
0000C973
000009C0
0000002B
00000000
00000000
00000000
00000000
00000000
0000C634
000008BA
0000001C
00000000
00000000
00000000
00000000
00000000
0000BF83
00000688
00000013
00000000
00000000
00000000
00000000
00000000
0000B4EE
00000306
0000000E
00000000
00000000
00000000
00000000
00000000
0000ABB2
00000000
00000000
00000000
00000000
00000000
00000000
00000000
0000ABB2
00000000
00000000
00000000
00000000
00000000
00000000
00000000
0000ABB2
00000000
00000000
00000000
00000000
00000000
00000000
00000000
0000ABB2
00000000
00000000
00000000
00000000
00000000
00000000
00000000
0000ABB2
00000000
00000000
00000000
00000000
00000000
00000000
00000000
0000B845
00000401
00000030
00000000
00000000
00000000
00000000
00000000
0000DD20
0000103E
0000003C
00000000
00000000
00000000
00000000
00000000
0000DDFE
0000108B
00000039
00000000
00000000
00000000
00000000
00000000
0000FA3F
000019DB
00000054
00000000
00000000
00000000
00000000
00000000
0000F676
000018B3
00000039
00000000
00000000
00000000
00000000
00000000
0000E2CF
00001230
0000002F
00020000
00000000
00000000
00000000
00000000
0000D4F5
00000D97
0000002A
00010000
00000000
00000000
00000000
00000000
0000D6F0
00000E3C
0000002E
00010000
00000000
00000000
00000000
00000000
0000CA6C
00000A28
00000016
00000000
00000000
00000000
00000000
00000000
0000C994
000009D4
00000022
00000000
00000000
00000000
00000000
00000000
0000D2F4
00000CE6
00000030
00000000
00000000
00000000
00000000
00000000
0000D0B1
00000C29
0000002C
00020000
00000000
00000000
00000000
00000000
0000BA4C
000004C8
00000016
00000000
00000000
00000000
00000000
00000000
0000AE55
000000DB
00000006
00000000
00000000
00000000
00000000
00000000
0000ADF5
000000BF
00000002
00000000
00000000
00000000
00000000
00000000
0000B287
0000023F
00000008
00000000
00000000
00000000
00000000
00000000
0000BC38
00000571
00000011
00000000
00000000
00000000
00000000
00000000
0000AC6F
0000003D
00000002
00000000
00000000
00000000
00000000
00000000
0000AF66
00000135
00000007
00000000
00000000
00000000
00000000
00000000
0000B683
00000396
00000005
00000000
00000000
00000000
00000000
00000000
0000AD92
0000009F
00000001
00000000
00000000
00000000
00000000
00000000
0000ABB2
00000000
00000000
00000000
00000000
00000000
00000000
00000000
0000ABB2
00000000
00000000
00000000
00000000
00000000
00000000
00000000
0000ABB2
00000000
00000000
00000000
00000000
00000000
00000000
00000000
0000ABB2
00000000
00000000
00000000
00000000
00000000
00000000
00000000
0000ABB2
00000000
00000000
00000000
00000000
00000000
00000000
00000000
0000ABB2
00000000
00000000
00000000
00000000
00000000
00000000
00000000
0000ABB2
00000000
00000000
00000000
00000000
00000000
00000000
00000000
0000ABB2
00000000
00000000
00000000
00000000
00000000
00000000
00000000
0000ABB2
00000000
00000000
00000000
00000000
00000000
00000000
00000000
0000ABB2
00000000
00000000
00000000
00000000
00000000
00000000
00000000
0000ABB2
00000000
00000000
00000000
00000000
00000000
00000000
00000000
0000ABB2
00000000
00000000
00000000
00000000
00000000
00000000
00000000
0000ABB2
00000000
00000000
00000000
00000000
00000000
00000000
00000000
0000ABB2
00000000
00000000
00000000
00000000
00000000
00000000
00000000
0000ABB2
00000000
00000000
00000000
00000000
00000000
00000000
00000000
0000ABB2
00000000
00000000
00000000
00000000
00000000
00000000
00000000
0000ABB2
00000000
00000000
00000000
00000000
00000000
00000000
00000000
0000ABB2
00000000
00000000
00000000
00000000
00000000
00000000
00000000
0000ABB2
00000000
00000000
00000000
00000000
00000000
00000000
00000000
0000ABB2
00000000
00000000
00000000
00000000
00000000
00000000
00000000
0000ABB2
00000000
00000000
00000000
00000000
00000000
00000000
00000000
0000ABB2
00000000
00000000
00000000
00000000
00000000
00000000
00000000
0000ABB2
00000000
00000000
00000000
00000000
00000000
00000000
00000000
0000ABB2
00000000
00000000
00000000
00000000
00000000
00000000
00000000
0000ABB2
00000000
00000000
00000000
00000000
00000000
00000000
00000000
0000ABB2
00000000
00000000
00000000
00000000
00000000
00000000
00000000
0000ABB2
00000000
00000000
00000000
00000000
00000000
00000000
00000000
0000ABB2
00000000
00000000
00000000
00000000
00000000
00000000
00000000
0000ABB2
00000000
00000000
00000000
00000000
00000000
00000000
00000000
0000ABB2
00000000
00000000
00000000
00000000
00000000
00000000
00000000
0000ABB2
00000000
00000000
00000000
00000000
00000000
00000000
00000000
0000ABB2
00000000
00000000
00000000
00000000
00000000
00000000
00000000
0000ABB2
00000000
00000000
00000000
00000000
00000000
00000000
00000000
0000ABB2
00000000
00000000
00000000
00000000
00000000
00000000
00000000
0000ABB2
00000000
00000000
00000000
00000000
00000000
00000000
00000000
0000ABB2
00000000
00000000
00000000
00000000
00000000
00000000
00000000
0000ABB2
00000000
00000000
00000000
00000000
00000000
00000000
00000000
0000ABB2
00000000
00000000
00000000
00000000
00000000
00000000
00000000
0000ABB2
00000000
00000000
00000000
00000000
00000000
00000000
00000000
0000ABB2
00000000
00000000
00000000
00000000
00000000
00000000
00000000
0000ABB2
00000000
00000000
00000000
00000000
00000000
00000000
00000000
0000ABB2
00000000
00000000
00000000
00000000
00000000
00000000
00000000
0000ABB2
00000000
00000000
00000000
00000000
00000000
00000000
00000000
0000ABB2
00000000
00000000
00000000
00000000
00000000
00000000
00000000
0000ABB2
00000000
00000000
00000000
00000000
00000000
00000000
00000000
0000ABB2
00000000
00000000
00000000
00000000
00000000
00000000
00000000
0000ABB2
00000000
00000000
00000000
00000000
00000000
00000000
00000000
0000ABB2
00000000
00000000
00000000
00000000
00000000
00000000
00000000
0000ABB2
00000000
00000000
00000000
00000000
00000000
00000000
00000000
0000ABB2
00000000
00000000
00000000
00000000
00000000
00000000
00000000
0000ABB2
00000000
00000000
00000000
00000000
00000000
00000000
00000000
0000ABB2
00000000
00000000
00000000
00000000
00000000
00000000
00000000
0000ABB2
00000000
00000000
00000000
00000000
00000000
00000000
00000000
0000ABB2
00000000
00000000
00000000
00000000
00000000
00000000
00000000
0000ABB2
00000000
00000000
00000000
00000000
00000000
00000000
00000000
0000ABB2
00000000
00000000
00000000
00000000
00000000
00000000
00000000
0000ABB2
00000000
00000000
00000000
00000000
00000000
00000000
00000000
0000ABB2
00000000
00000000
00000000
00000000
00000000
00000000
00000000
0000ABB2
00000000
00000000
00000000
00000000
00000000
00000000
00000000
0000ABB2
00000000
00000000
00000000
00000000
00000000
00000000
00000000
0000ABB2
00000000
00000000
00000000
00000000
00000000
00000000
00000000
0000ABB2
00000000
00000000
00000000
00000000
00000000
00000000
00000000
0000ABB2
00000000
00000000
00000000
00000000
00000000
00000000
00000000
0000ABB2
00000000
00000000
00000000
00000000
00000000
00000000
00000000
0000ABB2
00000000
00000000
00000000
00000000
00000000
00000000
00000000
0000ABB2
00000000
00000000
00000000
00000000
00000000
00000000
00000000
0000ABB2
00000000
00000000
00000000
00000000
00000000
00000000
00000000
0000ABB2
00000000
00000000
00000000
00000000
00000000
00000000
00000000
0000ABB2
00000000
00000000
00000000
00000000
00000000
00000000
00000000
0000ABB2
00000000
00000000
00000000
00000000
00000000
00000000
00000000
0000ABB2
00000000
00000000
00000000
00000000
00000000
00000000
00000000
0000ABB2
00000000
00000000
00000000
00000000
00000000
00000000
00000000
0000ABB2
00000000
00000000
00000000
00000000
00000000
00000000
00000000
0000ABB2
00000000
00000000
00000000
00000000
00000000
00000000
00000000
0000ABB2
00000000
00000000
00000000
00000000
00000000
00000000
00000000
0000ABB2
00000000
00000000
00000000
00000000
00000000
00000000
00000000
0000ABB2
00000000
00000000
00000000
00000000
00000000
00000000
00000000
0000ABB2
00000000
00000000
00000000
00000000
00000000
00000000
00000000
0000ABB2
00000000
00000000
00000000
00000000
00000000
00000000
00000000
0000ABB2
00000000
00000000
00000000
00000000
00000000
00000000
00000000
0000ABB2
00000000
00000000
00000000
00000000
00000000
00000000
00000000
0000ABB2
00000000
00000000
00000000
00000000
00000000
00000000
00000000
0000ABB2
00000000
00000000
00000000
00000000
00000000
00000000
00000000
0000ABB2
00000000
00000000
00000000
00000000
00000000
00000000
00000000
0000ABB2
00000000
00000000
00000000
00000000
00000000
00000000
00000000
0000ABB2
00000000
00000000
00000000
00000000
00000000
00000000
00000000
0000ABB2
00000000
00000000
00000000
00000000
00000000
00000000
00000000
0000ABB2
00000000
00000000
00000000
00000000
00000000
00000000
00000000
0000ABB2
00000000
00000000
00000000
00000000
00000000
00000000
00000000
0000ABB2
00000000
00000000
00000000
00000000
00000000
00000000
00000000
0000ABB2
00000000
00000000
00000000
00000000
00000000
00000000
00000000
0000ABB2
00000000
00000000
00000000
00000000
00000000
00000000
00000000
0000ABB2
00000000
00000000
00000000
00000000
00000000
00000000
00000000
0000ABB2
00000000
00000000
00000000
00000000
00000000
00000000
00000000
0000ABB2
00000000
00000000
00000000
00000000
00000000
00000000
00000000
0000ABB2
00000000
00000000
00000000
00000000
00000000
00000000
00000000
0000ABB2
00000000
00000000
00000000
00000000
00000000
00000000
00000000
0000ABB2
00000000
00000000
00000000
00000000
00000000
00000000
00000000
0000ABB2
00000000
00000000
00000000
00000000
00000000
00000000
00000000
0000ABB2
00000000
00000000
00000000
00000000
00000000
00000000
00000000
0000ABB2
00000000
00000000
00000000
00000000
00000000
00000000
00000000
0000ABB2
00000000
00000000
00000000
00000000
00000000
00000000
00000000
0000ABB2
00000000
00000000
00000000
00000000
00000000
00000000
00000000
0000ABB2
00000000
00000000
00000000
00000000
00000000
00000000
00000000
0000ABB2
00000000
00000000
00000000
00000000
00000000
00000000
00000000
0000ABB2
00000000
00000000
00000000
00000000
00000000
00000000
00000000
0000ABB2
00000000
00000000
00000000
00000000
00000000
00000000
00000000
0000ABB2
00000000
00000000
00000000
00000000
00000000
00000000
00000000
0000ABB2
00000000
00000000
00000000
00000000
00000000
00000000
00000000
0000ABB2
00000000
00000000
00000000
00000000
00000000
00000000
00000000
0000ABB2
00000000
00000000
00000000
00000000
00000000
00000000
00000000
0000ABB2
00000000
00000000
00000000
00000000
00000000
00000000
00000000
0000ABB2
00000000
00000000
00000000
00000000
00000000
00000000
00000000
0000ABB2
00000000
00000000
00000000
00000000
00000000
00000000
00000000
0000ABB2
00000000
00000000
00000000
00000000
00000000
00000000
00000000
0000ABB2
00000000
00000000
00000000
00000000
00000000
00000000
00000000
0000ABB2
00000000
00000000
00000000
00000000
00000000
00000000
00000000
0000ABB2
00000000
00000000
00000000
00000000
00000000
00000000
00000000
0000ABB2
00000000
00000000
00000000
00000000
00000000
00000000
00000000
0000ABB2
00000000
00000000
00000000
00000000
00000000
00000000
00000000
0000ABB2
00000000
00000000
00000000
00000000
00000000
00000000
00000000
0000ABB2
00000000
00000000
00000000
00000000
00000000
00000000
00000000
0000ABB2
00000000
00000000
00000000
00000000
00000000
00000000
00000000
0000C745
000008D4
0000005D
00000000
00000000
00000000
00000000
00000000
00013156
00002C02
0006008A
00000000
00000000
00000000
00000000
00000000
0001E460
000066FA
00000140
00000002
00000000
00000000
00000000
00000000
0002E6FC
0000BC12
0000025C
000C0004
00000000
00000000
00000000
00000000
0002A05B
0000A466
0000027D
00210001
00000002
00000000
00000000
00000000
0001B6A9
00005785
00000178
000C0001
00020000
00000000
00000000
00000000
00016A3E
00003E9A
000000EA
00010000
00000000
00000000
00000000
00000000
0000F304
00001769
0000005D
00010000
00000000
00000000
00000000
00000000
0000E0B0
00001173
00000037
00000000
00010000
00000000
00000000
00000000
0000F9E8
000019BD
00000055
00010000
00000000
00000000
00000000
00000000
0000EDFA
000015BD
0000005B
00000000
00000000
00000000
00000000
00000000
0000B704
000003B1
00000015
00000000
00000000
00000000
00000000
00000000
0000B0C5
000001A8
00000009
00000000
00000000
00000000
00000000
00000000
0000ADEF
000000BB
00000004
00000000
00000000
00000000
00000000
00000000
0000C0E5
000006FD
00000014
00000000
00000000
00000000
00000000
00000000
0000B92F
0000046E
00000011
00000000
00000000
00000000
00000000
00000000
0000BFEF
000006AC
00000013
00000000
00000000
00000000
00000000
00000000
0000B19D
000001F3
00000006
00000000
00000000
00000000
00000000
00000000
0000AFB4
0000014F
00000007
00000000
00000000
00000000
00000000
00000000
0000C98E
000009DF
00000015
00000000
00000000
00000000
00000000
00000000
0000C49F
0000083A
00000015
00000000
00000000
00000000
00000000
00000000
0000D48C
00000D7B
00000023
00000000
00000000
00000000
00000000
00000000
0000C6B2
000008E4
0000001C
00000000
00000000
00000000
00000000
00000000
0000B33B
0000027A
00000009
00000000
00000000
00000000
00000000
00000000
0000AEAF
000000F9
00000006
00000000
00000000
00000000
00000000
00000000
0000ABB2
00000000
00000000
00000000
00000000
00000000
00000000
00000000
0000ABB2
00000000
00000000
00000000
00000000
00000000
00000000
00000000
0000ABB2
00000000
00000000
00000000
00000000
00000000
00000000
00000000
0000ABB2
00000000
00000000
00000000
00000000
00000000
00000000
00000000
0000ABB2
00000000
00000000
00000000
00000000
00000000
00000000
00000000
0000ABB2
00000000
00000000
00000000
00000000
00000000
00000000
00000000
0000ABB2
00000000
00000000
00000000
00000000
00000000
00000000
00000000
0000ABB2
00000000
00000000
00000000
00000000
00000000
00000000
00000000
0000ABB2
00000000
00000000
00000000
00000000
00000000
00000000
00000000
0000ABB2
00000000
00000000
00000000
00000000
00000000
00000000
00000000
0000ABB2
00000000
00000000
00000000
00000000
00000000
00000000
00000000
0000ABB2
00000000
00000000
00000000
00000000
00000000
00000000
00000000
0000BEAB
00000612
00000041
00000000
00000000
00000000
00000000
00000000
0000FA2D
000019C5
00000064
00000000
00000000
00000000
00000000
00000000
00011BA8
000024DE
00000074
00000000
00000000
00000000
00000000
00000000
00010DA4
0000202E
00000078
00000000
00000000
00000000
00000000
00000000
000110A4
00002145
00000061
00060000
00000000
00000000
00000000
00000000
0000F29B
0000176F
00000034
00060000
00000000
00000000
00000000
00000000
0000E8D2
00001424
0000003C
00070000
00000000
00000000
00000000
00000000
0000F7AE
00001904
00000050
00060000
00000002
00000000
00000000
00000000
0000F04F
00001675
0000006A
00020000
00000000
00000000
00000000
00000000
0000D6B4
00000E13
00000043
00030000
00000000
00000000
00000000
00000000
0000F952
0000198B
00000055
00030000
00000000
00000000
00000000
00000000
0000D0E7
00000C38
0000002F
00000000
00000000
00000000
00000000
00000000
0000C6E5
000008F4
0000001D
00000000
00000001
00000000
00000000
00000000
0000E101
0000113F
00000086
00000000
00000000
00000000
00000000
00000000
000113F2
00002238
00010088
00000000
00000000
00000000
00000000
00000000
00011446
0000224F
0000008D
00000000
00000000
00000000
00000000
00000000
000110E0
0000214F
0000006B
00000000
00000000
00000000
00000000
00000000
0001207C
0000267D
00000071
00000000
00000000
00000000
00000000
00000000
000118CC
000023E5
00000079
00070000
00000000
00000000
00000000
00000000
0000F4DB
00001813
00000050
00010000
00000000
00000000
00000000
00000000
0000EDAC
000015BC
00000042
00000000
00000000
00000000
00000000
00000000
0000E827
000013EA
0000003D
00000000
00000000
00000000
00000000
00000000
0000D549
00000DAB
00000032
00000000
00000000
00000000
00000000
00000000
0000BB3C
0000051C
00000012
00000000
00000000
00000000
00000000
00000000
0000B305
00000269
00000008
00000000
00000000
00000000
00000000
00000000
0000AD29
0000007A
00000003
00000000
00000000
00000000
00000000
00000000
0000ABB2
00000000
00000000
00000000
00000000
00000000
00000000
00000000
0000ABB2
00000000
00000000
00000000
00000000
00000000
00000000
00000000
0000ABB2
00000000
00000000
00000000
00000000
00000000
00000000
00000000
0000ABB2
00000000
00000000
00000000
00000000
00000000
00000000
00000000
0000ABB2
00000000
00000000
00000000
00000000
00000000
00000000
00000000
0000ABB2
00000000
00000000
00000000
00000000
00000000
00000000
00000000
0000ABB2
00000000
00000000
00000000
00000000
00000000
00000000
00000000
0000ABB2
00000000
00000000
00000000
00000000
00000000
00000000
00000000
0000ABB2
00000000
00000000
00000000
00000000
00000000
00000000
00000000
0000ABB2
00000000
00000000
00000000
00000000
00000000
00000000
00000000
0000ABB2
00000000
00000000
00000000
00000000
00000000
00000000
00000000
0000ABB2
00000000
00000000
00000000
00000000
00000000
00000000
00000000
0000ABB2
00000000
00000000
00000000
00000000
00000000
00000000
00000000
0000ABB2
00000000
00000000
00000000
00000000
00000000
00000000
00000000
0000ABB2
00000000
00000000
00000000
00000000
00000000
00000000
00000000
0000ABB2
00000000
00000000
00000000
00000000
00000000
00000000
00000000
0000ABB2
00000000
00000000
00000000
00000000
00000000
00000000
00000000
0000ABB2
00000000
00000000
00000000
00000000
00000000
00000000
00000000
0000ABB2
00000000
00000000
00000000
00000000
00000000
00000000
00000000
0000ABB2
00000000
00000000
00000000
00000000
00000000
00000000
00000000
0000ABB2
00000000
00000000
00000000
00000000
00000000
00000000
00000000
0000ABB2
00000000
00000000
00000000
00000000
00000000
00000000
00000000
0000ABB2
00000000
00000000
00000000
00000000
00000000
00000000
00000000
0000ABB2
00000000
00000000
00000000
00000000
00000000
00000000
00000000
0000ABB2
00000000
00000000
00000000
00000000
00000000
00000000
00000000
0000ABB2
00000000
00000000
00000000
00000000
00000000
00000000
00000000
0000ABB2
00000000
00000000
00000000
00000000
00000000
00000000
00000000
0000ABB2
00000000
00000000
00000000
00000000
00000000
00000000
00000000
0000ABB2
00000000
00000000
00000000
00000000
00000000
00000000
00000000
0000ABB2
00000000
00000000
00000000
00000000
00000000
00000000
00000000
0000ABB2
00000000
00000000
00000000
00000000
00000000
00000000
00000000
0000ABB2
00000000
00000000
00000000
00000000
00000000
00000000
00000000
0000ABB2
00000000
00000000
00000000
00000000
00000000
00000000
00000000
0000ABB2
00000000
00000000
00000000
00000000
00000000
00000000
00000000
0000ABB2
00000000
00000000
00000000
00000000
00000000
00000000
00000000
0000ABB2
00000000
00000000
00000000
00000000
00000000
00000000
00000000
0000ABB2
00000000
00000000
00000000
00000000
00000000
00000000
00000000
0000ABB2
00000000
00000000
00000000
00000000
00000000
00000000
00000000
0000ABB2
00000000
00000000
00000000
00000000
00000000
00000000
00000000
0000ABB2
00000000
00000000
00000000
00000000
00000000
00000000
00000000
0000ABB2
00000000
00000000
00000000
00000000
00000000
00000000
00000000
0000ABB2
00000000
00000000
00000000
00000000
00000000
00000000
00000000
0000ABB2
00000000
00000000
00000000
00000000
00000000
00000000
00000000
0000ABB2
00000000
00000000
00000000
00000000
00000000
00000000
00000000
0000ABB2
00000000
00000000
00000000
00000000
00000000
00000000
00000000
0000ABB2
00000000
00000000
00000000
00000000
00000000
00000000
00000000
0000ABB2
00000000
00000000
00000000
00000000
00000000
00000000
00000000
0000ABB2
00000000
00000000
00000000
00000000
00000000
00000000
00000000
0000ABB2
00000000
00000000
00000000
00000000
00000000
00000000
00000000
0000ABB2
00000000
00000000
00000000
00000000
00000000
00000000
00000000
0000ABB2
00000000
00000000
00000000
00000000
00000000
00000000
00000000
0000ABB2
00000000
00000000
00000000
00000000
00000000
00000000
00000000
0000ABB2
00000000
00000000
00000000
00000000
00000000
00000000
00000000
0000ABB2
00000000
00000000
00000000
00000000
00000000
00000000
00000000
0000ABB2
00000000
00000000
00000000
00000000
00000000
00000000
00000000
0000ABB2
00000000
00000000
00000000
00000000
00000000
00000000
00000000
0000ABB2
00000000
00000000
00000000
00000000
00000000
00000000
00000000
0000ABB2
00000000
00000000
00000000
00000000
00000000
00000000
00000000
0000ABB2
00000000
00000000
00000000
00000000
00000000
00000000
00000000
0000ABB2
00000000
00000000
00000000
00000000
00000000
00000000
00000000
0000ABB2
00000000
00000000
00000000
00000000
00000000
00000000
00000000
0000ABB2
00000000
00000000
00000000
00000000
00000000
00000000
00000000
0000ABB2
00000000
00000000
00000000
00000000
00000000
00000000
00000000
0000ABB2
00000000
00000000
00000000
00000000
00000000
00000000
00000000
0000ABB2
00000000
00000000
00000000
00000000
00000000
00000000
00000000
0000ABB2
00000000
00000000
00000000
00000000
00000000
00000000
00000000
0000ABB2
00000000
00000000
00000000
00000000
00000000
00000000
00000000
0000ABB2
00000000
00000000
00000000
00000000
00000000
00000000
00000000
0000ABB2
00000000
00000000
00000000
00000000
00000000
00000000
00000000
0000ABB2
00000000
00000000
00000000
00000000
00000000
00000000
00000000
0000ABB2
00000000
00000000
00000000
00000000
00000000
00000000
00000000
0000ABB2
00000000
00000000
00000000
00000000
00000000
00000000
00000000
0000ABB2
00000000
00000000
00000000
00000000
00000000
00000000
00000000
0000ABB2
00000000
00000000
00000000
00000000
00000000
00000000
00000000
0000ABB2
00000000
00000000
00000000
00000000
00000000
00000000
00000000
0000ABB2
00000000
00000000
00000000
00000000
00000000
00000000
00000000
0000ABB2
00000000
00000000
00000000
00000000
00000000
00000000
00000000
0000ABB2
00000000
00000000
00000000
00000000
00000000
00000000
00000000
0000ABB2
00000000
00000000
00000000
00000000
00000000
00000000
00000000
0000ABB2
00000000
00000000
00000000
00000000
00000000
00000000
00000000
0000ABB2
00000000
00000000
00000000
00000000
00000000
00000000
00000000
0000ABB2
00000000
00000000
00000000
00000000
00000000
00000000
00000000
0000ABB2
00000000
00000000
00000000
00000000
00000000
00000000
00000000
0000ABB2
00000000
00000000
00000000
00000000
00000000
00000000
00000000
0000ABB2
00000000
00000000
00000000
00000000
00000000
00000000
00000000
0000ABB2
00000000
00000000
00000000
00000000
00000000
00000000
00000000
0000ABB2
00000000
00000000
00000000
00000000
00000000
00000000
00000000
0000ABB2
00000000
00000000
00000000
00000000
00000000
00000000
00000000
0000ABB2
00000000
00000000
00000000
00000000
00000000
00000000
00000000
0000ABB2
00000000
00000000
00000000
00000000
00000000
00000000
00000000
0000ABB2
00000000
00000000
00000000
00000000
00000000
00000000
00000000
0000ABB2
00000000
00000000
00000000
00000000
00000000
00000000
00000000
0000ABB2
00000000
00000000
00000000
00000000
00000000
00000000
00000000
0000ABB2
00000000
00000000
00000000
00000000
00000000
00000000
00000000
0000ABB2
00000000
00000000
00000000
00000000
00000000
00000000
00000000
0000ABB2
00000000
00000000
00000000
00000000
00000000
00000000
00000000
0000ABB2
00000000
00000000
00000000
00000000
00000000
00000000
00000000
0000C745
000008D4
0000005D
00000000
00000000
00000000
00000000
00000000
00013078
00002BB9
00060089
00000000
00000000
00000000
00000000
00000000
0001E05E
000065AC
00000138
00000002
00000000
00000000
00000000
00000000
0002C5C0
0000B118
00000242
000C0004
00000000
00000000
00000000
00000000
00028309
00009ADB
00000242
00210001
00000002
00000000
00000000
00000000
0001BAC3
000058DE
0000017D
00090001
00020000
00000000
00000000
00000000
0001562E
000037F1
000000E3
00010000
00000000
00000000
00000000
00000000
0000E8D5
0000141F
00000042
00010000
00000000
00000000
00000000
00000000
00010216
00001C66
00000066
00000000
00010000
00000000
00000000
00000000
00010C1B
00001FAA
00000079
00000000
00000000
00000000
00000000
00000000
0000FEF2
00001B74
0000004C
00000000
00000000
00000000
00000000
00000000
0000F238
0000172E
00000054
00000000
00000000
00000000
00000000
00000000
0000F241
00001723
00000062
00000000
00000000
00000000
00000000
00000000
0000EE93
0000160E
0000003D
00000000
00000000
00000000
00000000
00000000
0000CA54
00000A0B
0000002B
00000000
00000000
00000000
00000000
00000000
000108BB
00001E8F
00000074
00000000
00000000
00000000
00000000
00000000
0000F370
000017A6
00000044
00000000
00000000
00000000
00000000
00000000
0000E284
00001201
00000045
00000000
00000000
00000000
00000000
00000000
0000E1B8
000011CA
00000038
00000000
00000000
00000000
00000000
00000000
0000E5F0
00001331
00000039
00000000
00000000
00000000
00000000
00000000
0000E62C
0000133F
0000003F
00000000
00000000
00000000
00000000
00000000
0000E62F
00001341
0000003E
00000000
00000000
00000000
00000000
00000000
0000CC43
00000AB9
00000022
00000000
00000000
00000000
00000000
00000000
0000C63A
000008B7
00000021
00000000
00000000
00000000
00000000
00000000
0000D3CC
00000D2B
00000033
00000000
00000000
00000000
00000000
00000000
0000D7FB
00000E9C
00000027
00000000
00000000
00000000
00000000
00000000
0000BE81
00000629
0000001C
00000000
00000000
00000000
00000000
00000000
0000C934
000009BD
00000019
00000000
00000000
00000000
00000000
00000000
0000FA63
000019FB
00000040
00000000
00000000
00000000
00000000
00000000
0000E11F
0000118D
00000042
00000000
00000000
00000000
00000000
00000000
0000D7A7
00000E70
00000037
00000000
00000000
00000000
00000000
00000000
0000F7A2
000018E9
00000067
00000000
00000000
00000000
00000000
00000000
00011350
0000221D
0000006D
00000000
00000000
00000000
00000000
00000000
0000DA7D
00000F5C
0000003D
00000000
00000000
00000000
00000000
00000000
0000E66E
0000133F
00000055
00000000
00000000
00000000
00000000
00000000
0001403B
000030FA
00000089
00000000
00000000
00000000
00000000
00000000
0000E29F
00001206
00000049
00000000
00000000
00000000
00000000
00000000
0000D1DA
00000C86
00000032
00000000
00000000
00000000
00000000
00000000
0000EBEA
0000151F
00000049
00000000
00000000
00000000
00000000
00000000
0000C742
00000907
00000029
00000000
00000000
00000000
00000000
00000000
0000C208
00000751
00000021
00000000
00000000
00000000
00000000
00000000
0000BC3E
0000056E
00000016
00000000
00000000
00000000
00000000
00000000
0000DB16
00000F98
00000034
00000000
00000000
00000000
00000000
00000000
0000ECB9
0000156B
00000042
00000000
00000000
00000000
00000000
00000000
0000D46B
00000D6B
00000028
00000000
00000000
00000000
00000000
00000000
0000E209
000011EA
00000033
00000000
00000000
00000000
00000000
00000000
0000FE7A
00001B39
0000005F
00000000
00000000
00000000
00000000
00000000
0000F2AA
0000175C
0000004C
00000000
00000000
00000000
00000000
00000000
00011F3B
0000260F
00000074
00000000
00000000
00000000
00000000
00000000
00010612
00001DB0
00000070
00000000
00000000
00000000
00000000
00000000
0000EF7A
00001649
0000004F
00000000
00000000
00000000
00000000
00000000
00010483
00001D2F
0000006C
00000000
00000000
00000000
00000000
00000000
0000E8D8
0000141E
00000044
00000000
00000000
00000000
00000000
00000000
0000BE6F
0000062D
00000012
00000000
00000000
00000000
00000000
00000000
0000BFE0
000006A4
00000016
00000000
00000000
00000000
00000000
00000000
0000F709
000018DD
00000040
00000000
00000000
00000000
00000000
00000000
0000E0F2
0000118B
00000035
00000000
00000000
00000000
00000000
00000000
0000CA90
00000A1D
0000002D
00000000
00000000
00000000
00000000
00000000
0000EF50
0000163A
00000050
00000000
00000000
00000000
00000000
00000000
0000D9F3
00000F39
00000032
00000000
00000000
00000000
00000000
00000000
0000C93D
000009B9
00000020
00000000
00000000
00000000
00000000
00000000
0000E31D
00001234
00000045
00000000
00000000
00000000
00000000
00000000
0000E578
00001301
00000041
00000000
00000000
00000000
00000000
00000000
0000E46D
000012B0
00000039
00000000
00000000
00000000
00000000
00000000
0000E656
00001350
0000003C
00000000
00000000
00000000
00000000
00000000
0000E39B
00001254
0000004F
00000000
00000000
00000000
00000000
00000000
0000DB2B
00000F9C
00000037
00000000
00000000
00000000
00000000
00000000
0000CD30
00000AFE
0000002C
00000000
00000000
00000000
00000000
00000000
0000CE3B
00000B69
0000001A
00000000
00000000
00000000
00000000
00000000
0000C9EB
00000A09
0000000A
00000000
00000000
00000000
00000000
00000000
0000B0BC
000001A7
00000007
00000000
00000000
00000000
00000000
00000000
0000AE43
000000D9
00000002
00000000
00000000
00000000
00000000
00000000
0000ABB2
00000000
00000000
00000000
00000000
00000000
00000000
00000000
0000ABB2
00000000
00000000
00000000
00000000
00000000
00000000
00000000
0000ABB2
00000000
00000000
00000000
00000000
00000000
00000000
00000000
0000ABB2
00000000
00000000
00000000
00000000
00000000
00000000
00000000
0000ABB2
00000000
00000000
00000000
00000000
00000000
00000000
00000000
0000ABB2
00000000
00000000
00000000
00000000
00000000
00000000
00000000
0000ABB2
00000000
00000000
00000000
00000000
00000000
00000000
00000000
0000ABB2
00000000
00000000
00000000
00000000
00000000
00000000
00000000
0000ABB2
00000000
00000000
00000000
00000000
00000000
00000000
00000000
0000ABB2
00000000
00000000
00000000
00000000
00000000
00000000
00000000
0000ABB2
00000000
00000000
00000000
00000000
00000000
00000000
00000000
0000ABB2
00000000
00000000
00000000
00000000
00000000
00000000
00000000
0000ABB2
00000000
00000000
00000000
00000000
00000000
00000000
00000000
0000ABB2
00000000
00000000
00000000
00000000
00000000
00000000
00000000
0000ABB2
00000000
00000000
00000000
00000000
00000000
00000000
00000000
0000ABB2
00000000
00000000
00000000
00000000
00000000
00000000
00000000
0000ABB2
00000000
00000000
00000000
00000000
00000000
00000000
00000000
0000ABB2
00000000
00000000
00000000
00000000
00000000
00000000
00000000
0000ABB2
00000000
00000000
00000000
00000000
00000000
00000000
00000000
0000ABB2
00000000
00000000
00000000
00000000
00000000
00000000
00000000
0000ABB2
00000000
00000000
00000000
00000000
00000000
00000000
00000000
0000ABB2
00000000
00000000
00000000
00000000
00000000
00000000
00000000
0000ABB2
00000000
00000000
00000000
00000000
00000000
00000000
00000000
0000ABB2
00000000
00000000
00000000
00000000
00000000
00000000
00000000
0000ABB2
00000000
00000000
00000000
00000000
00000000
00000000
00000000
0000ABB2
00000000
00000000
00000000
00000000
00000000
00000000
00000000
0000ABB2
00000000
00000000
00000000
00000000
00000000
00000000
00000000
0000ABB2
00000000
00000000
00000000
00000000
00000000
00000000
00000000
0000ABB2
00000000
00000000
00000000
00000000
00000000
00000000
00000000
0000ABB2
00000000
00000000
00000000
00000000
00000000
00000000
00000000
0000ABB2
00000000
00000000
00000000
00000000
00000000
00000000
00000000
0000ABB2
00000000
00000000
00000000
00000000
00000000
00000000
00000000
0000ABB2
00000000
00000000
00000000
00000000
00000000
00000000
00000000
0000ABB2
00000000
00000000
00000000
00000000
00000000
00000000
00000000
0000ABB2
00000000
00000000
00000000
00000000
00000000
00000000
00000000
0000ABB2
00000000
00000000
00000000
00000000
00000000
00000000
00000000
0000ABB2
00000000
00000000
00000000
00000000
00000000
00000000
00000000
0000ABB2
00000000
00000000
00000000
00000000
00000000
00000000
00000000
0000ABB2
00000000
00000000
00000000
00000000
00000000
00000000
00000000
0000ABB2
00000000
00000000
00000000
00000000
00000000
00000000
00000000
0000ABB2
00000000
00000000
00000000
00000000
00000000
00000000
00000000
0000ABB2
00000000
00000000
00000000
00000000
00000000
00000000
00000000
0000ABB2
00000000
00000000
00000000
00000000
00000000
00000000
00000000
0000ABB2
00000000
00000000
00000000
00000000
00000000
00000000
00000000
0000ABB2
00000000
00000000
00000000
00000000
00000000
00000000
00000000
0000ABB2
00000000
00000000
00000000
00000000
00000000
00000000
00000000
0000ABB2
00000000
00000000
00000000
00000000
00000000
00000000
00000000
0000ABB2
00000000
00000000
00000000
00000000
00000000
00000000
00000000
0000ABB2
00000000
00000000
00000000
00000000
00000000
00000000
00000000
0000ABB2
00000000
00000000
00000000
00000000
00000000
00000000
00000000
0000ABB2
00000000
00000000
00000000
00000000
00000000
00000000
00000000
0000ABB2
00000000
00000000
00000000
00000000
00000000
00000000
00000000
0000ABB2
00000000
00000000
00000000
00000000
00000000
00000000
00000000
0000ABB2
00000000
00000000
00000000
00000000
00000000
00000000
00000000
0000ABB2
00000000
00000000
00000000
00000000
00000000
00000000
00000000
0000ABB2
00000000
00000000
00000000
00000000
00000000
00000000
00000000
0000ABB2
00000000
00000000
00000000
00000000
00000000
00000000
00000000
0000ABB2
00000000
00000000
00000000
00000000
00000000
00000000
00000000
0000ABB2
00000000
00000000
00000000
00000000
00000000
00000000
00000000
0000ABB2
00000000
00000000
00000000
00000000
00000000
00000000
00000000
0000ABB2
00000000
00000000
00000000
00000000
00000000
00000000
00000000
0000ABB2
00000000
00000000
00000000
00000000
00000000
00000000
00000000
0000ABB2
00000000
00000000
00000000
00000000
00000000
00000000
00000000
0000ABB2
00000000
00000000
00000000
00000000
00000000
00000000
00000000
0000ABB2
00000000
00000000
00000000
00000000
00000000
00000000
00000000
0000ABB2
00000000
00000000
00000000
00000000
00000000
00000000
00000000
0000ABB2
00000000
00000000
00000000
00000000
00000000
00000000
00000000
0000ABB2
00000000
00000000
00000000
00000000
00000000
00000000
00000000
0000ABB2
00000000
00000000
00000000
00000000
00000000
00000000
00000000
0000ABB2
00000000
00000000
00000000
00000000
00000000
00000000
00000000
0000ABB2
00000000
00000000
00000000
00000000
00000000
00000000
00000000
0000ABB2
00000000
00000000
00000000
00000000
00000000
00000000
00000000
0000ABB2
00000000
00000000
00000000
00000000
00000000
00000000
00000000
0000ABB2
00000000
00000000
00000000
00000000
00000000
00000000
00000000
0000ABB2
00000000
00000000
00000000
00000000
00000000
00000000
00000000
0000ABB2
00000000
00000000
00000000
00000000
00000000
00000000
00000000
0000ABB2
00000000
00000000
00000000
00000000
00000000
00000000
00000000
0000ABB2
00000000
00000000
00000000
00000000
00000000
00000000
00000000
0000ABB2
00000000
00000000
00000000
00000000
00000000
00000000
00000000
0000ABB2
00000000
00000000
00000000
00000000
00000000
00000000
00000000
0000ABB2
00000000
00000000
00000000
00000000
00000000
00000000
00000000
0000ABB2
00000000
00000000
00000000
00000000
00000000
00000000
00000000
0000ABB2
00000000
00000000
00000000
00000000
00000000
00000000
00000000
0000ABB2
00000000
00000000
00000000
00000000
00000000
00000000
00000000
0000ABB2
00000000
00000000
00000000
00000000
00000000
00000000
00000000
0000ABB2
00000000
00000000
00000000
00000000
00000000
00000000
00000000
0000ABB2
00000000
00000000
00000000
00000000
00000000
00000000
00000000
0000ABB2
00000000
00000000
00000000
00000000
00000000
00000000
00000000
0000ABB2
00000000
00000000
00000000
00000000
00000000
00000000
00000000
0000ABB2
00000000
00000000
00000000
00000000
00000000
00000000
00000000
0000ABB2
00000000
00000000
00000000
00000000
00000000
00000000
00000000
0000ABB2
00000000
00000000
00000000
00000000
00000000
00000000
00000000
0000ABB2
00000000
00000000
00000000
00000000
00000000
00000000
00000000
0000ABB2
00000000
00000000
00000000
00000000
00000000
00000000
00000000
0000ABB2
00000000
00000000
00000000
00000000
00000000
00000000
00000000
0000ABB2
00000000
00000000
00000000
00000000
00000000
00000000
00000000
0000ABB2
00000000
00000000
00000000
00000000
00000000
00000000
00000000
0000ABB2
00000000
00000000
00000000
00000000
00000000
00000000
00000000
0000ABB2
00000000
00000000
00000000
00000000
00000000
00000000
00000000
0000ABB2
00000000
00000000
00000000
00000000
00000000
00000000
00000000
0000ABB2
00000000
00000000
00000000
00000000
00000000
00000000
00000000
0000ABB2
00000000
00000000
00000000
00000000
00000000
00000000
00000000
0000ABB2
00000000
00000000
00000000
00000000
00000000
00000000
00000000
0000ABB2
00000000
00000000
00000000
00000000
00000000
00000000
00000000
0000ABB2
00000000
00000000
00000000
00000000
00000000
00000000
00000000
0000ABB2
00000000
00000000
00000000
00000000
00000000
00000000
00000000
0000ABB2
00000000
00000000
00000000
00000000
00000000
00000000
00000000
0000ABB2
00000000
00000000
00000000
00000000
00000000
00000000
00000000
0000ABB2
00000000
00000000
00000000
00000000
00000000
00000000
00000000
0000ABB2
00000000
00000000
00000000
00000000
00000000
00000000
00000000
0000ABB2
00000000
00000000
00000000
00000000
00000000
00000000
00000000
0000ABB2
00000000
00000000
00000000
00000000
00000000
00000000
00000000
0000ABB2
00000000
00000000
00000000
00000000
00000000
00000000
00000000
0000ABB2
00000000
00000000
00000000
00000000
00000000
00000000
00000000
0000ABB2
00000000
00000000
00000000
00000000
00000000
00000000
00000000
0000ABB2
00000000
00000000
00000000
00000000
00000000
00000000
00000000
0000ABB2
00000000
00000000
00000000
00000000
00000000
00000000
00000000
0000ABB2
00000000
00000000
00000000
00000000
00000000
00000000
00000000
0000ABB2
00000000
00000000
00000000
00000000
00000000
00000000
00000000
0000ABB2
00000000
00000000
00000000
00000000
00000000
00000000
00000000
0000ABB2
00000000
00000000
00000000
00000000
00000000
00000000
00000000
0000ABB2
00000000
00000000
00000000
00000000
00000000
00000000
00000000
0000ABB2
00000000
00000000
00000000
00000000
00000000
00000000
00000000
0000ABB2
00000000
00000000
00000000
00000000
00000000
00000000
00000000
0000ABB2
00000000
00000000
00000000
00000000
00000000
00000000
00000000
0000ABB2
00000000
00000000
00000000
00000000
00000000
00000000
00000000
0000ABB2
00000000
00000000
00000000
00000000
00000000
00000000
00000000
0000ABB2
00000000
00000000
00000000
00000000
00000000
00000000
00000000
0000ABB2
00000000
00000000
00000000
00000000
00000000
00000000
00000000
0000ABB2
00000000
00000000
00000000
00000000
00000000
00000000
00000000
0000ABB2
00000000
00000000
00000000
00000000
00000000
00000000
00000000
0000ABB2
00000000
00000000
00000000
00000000
00000000
00000000
00000000
0000ABB2
00000000
00000000
00000000
00000000
00000000
00000000
00000000
0000ABB2
00000000
00000000
00000000
00000000
00000000
00000000
00000000
0000ABB2
00000000
00000000
00000000
00000000
00000000
00000000
00000000
0000ABB2
00000000
00000000
00000000
00000000
00000000
00000000
00000000
0000ABB2
00000000
00000000
00000000
00000000
00000000
00000000
00000000
0000ABB2
00000000
00000000
00000000
00000000
00000000
00000000
00000000
0000ABB2
00000000
00000000
00000000
00000000
00000000
00000000
00000000
0000ABB2
00000000
00000000
00000000
00000000
00000000
00000000
00000000
0000ABB2
00000000
00000000
00000000
00000000
00000000
00000000
00000000
0000ABB2
00000000
00000000
00000000
00000000
00000000
00000000
00000000
0000ABB2
00000000
00000000
00000000
00000000
00000000
00000000
00000000
0000ABB2
00000000
00000000
00000000
00000000
00000000
00000000
00000000
0000ABB2
00000000
00000000
00000000
00000000
00000000
00000000
00000000
0000ABB2
00000000
00000000
00000000
00000000
00000000
00000000
00000000
0000ABB2
00000000
00000000
00000000
00000000
00000000
00000000
00000000
0000ABB2
00000000
00000000
00000000
00000000
00000000
00000000
00000000
0000ABB2
00000000
00000000
00000000
00000000
00000000
00000000
00000000
0000ABB2
00000000
00000000
00000000
00000000
00000000
00000000
00000000
0000ABB2
00000000
00000000
00000000
00000000
00000000
00000000
00000000
0000ABB2
00000000
00000000
00000000
00000000
00000000
00000000
00000000
0000ABB2
00000000
00000000
00000000
00000000
00000000
00000000
00000000
0000ABB2
00000000
00000000
00000000
00000000
00000000
00000000
00000000
0000ABB2
00000000
00000000
00000000
00000000
00000000
00000000
00000000
0000ABB2
00000000
00000000
00000000
00000000
00000000
00000000
00000000
0000ABB2
00000000
00000000
00000000
00000000
00000000
00000000
00000000
0000ABB2
00000000
00000000
00000000
00000000
00000000
00000000
00000000
0000ABB2
00000000
00000000
00000000
00000000
00000000
00000000
00000000
0000ABB2
00000000
00000000
00000000
00000000
00000000
00000000
00000000
0000ABB2
00000000
00000000
00000000
00000000
00000000
00000000
00000000
0000ABB2
00000000
00000000
00000000
00000000
00000000
00000000
00000000
0000ABB2
00000000
00000000
00000000
00000000
00000000
00000000
00000000
0000ABB2
00000000
00000000
00000000
00000000
00000000
00000000
00000000
0000ABB2
00000000
00000000
00000000
00000000
00000000
00000000
00000000
0000ABB2
00000000
00000000
00000000
00000000
00000000
00000000
00000000
0000ABB2
00000000
00000000
00000000
00000000
00000000
00000000
00000000
0000ABB2
00000000
00000000
00000000
00000000
00000000
00000000
00000000
0000ABB2
00000000
00000000
00000000
00000000
00000000
00000000
00000000
0000ABB2
00000000
00000000
00000000
00000000
00000000
00000000
00000000
0000ABB2
00000000
00000000
00000000
00000000
00000000
00000000
00000000
0000C745
000008D4
0000005D
00000000
00000000
00000000
00000000
00000000
00013156
00002C02
0006008A
00000000
00000000
00000000
00000000
00000000
0001E6AF
000067BD
00000142
00000002
00000000
00000000
00000000
00000000
00030997
0000C77B
0000027C
000E0004
00000000
00000000
00000000
00000000
00028A20
00009D12
00000268
001D0001
00000002
00000000
00000000
00000000
00019C7E
00004EEB
00000159
00090001
00020000
00000000
00000000
00000000
0001791D
00004396
000000E3
00020000
00000000
00000000
00000000
00000000
0000FFBE
00001BA3
00000061
00020000
00000000
00000000
00000000
00000000
0000DDAD
0000106F
0000003A
00020000
00010000
00000000
00000000
00000000
0000E380
00001255
00000045
00010000
00010000
00000000
00000000
00000000
0000D09C
00000C1A
00000034
00000000
00000000
00000000
00000000
00000000
0000C8D1
00000975
00000040
00000000
00000000
00000000
00000000
00000000
0000C295
00000784
0000001D
00000000
00000000
00000000
00000000
00000000
0000C130
00000716
00000014
00000000
00000000
00000000
00000000
00000000
0000CAA8
00000A30
00000022
00000000
00000000
00000000
00000000
00000000
0000B64A
00000376
00000012
00000000
00000000
00000000
00000000
00000000
0000B821
00000414
00000011
00000000
00000000
00000000
00000000
00000000
0000B011
0000016D
00000008
00000000
00000000
00000000
00000000
00000000
0000B671
00000387
0000000E
00000000
00000000
00000000
00000000
00000000
0000B407
000002C0
00000007
00000000
00000000
00000000
00000000
00000000
0000B86C
00000435
00000009
00000000
00000000
00000000
00000000
00000000
0000B284
00000240
00000006
00000000
00000000
00000000
00000000
00000000
0000ABB2
00000000
00000000
00000000
00000000
00000000
00000000
00000000
0000ABB2
00000000
00000000
00000000
00000000
00000000
00000000
00000000
0000ABB2
00000000
00000000
00000000
00000000
00000000
00000000
00000000
0000ABB2
00000000
00000000
00000000
00000000
00000000
00000000
00000000
0000ABB2
00000000
00000000
00000000
00000000
00000000
00000000
00000000
0000ABB2
00000000
00000000
00000000
00000000
00000000
00000000
00000000
0000ABB2
00000000
00000000
00000000
00000000
00000000
00000000
00000000
0000ABB2
00000000
00000000
00000000
00000000
00000000
00000000
00000000
0000ABB2
00000000
00000000
00000000
00000000
00000000
00000000
00000000
0000ABB2
00000000
00000000
00000000
00000000
00000000
00000000
00000000
0000ABB2
00000000
00000000
00000000
00000000
00000000
00000000
00000000
0000B3E9
000002A6
00000017
00000000
00000000
00000000
00000000
00000000
0000C580
0000087A
00000020
00000000
00000000
00000000
00000000
00000000
0000E446
000012A7
00000035
00000000
00000000
00000000
00000000
00000000
0000CC6A
00000AC4
00000024
00000000
00000000
00000000
00000000
00000000
0000D4A4
00000D84
00000022
00000000
00000000
00000000
00000000
00000000
0000D3C0
00000D47
00000013
00000000
00000000
00000000
00000000
00000000
0000EE33
000015F3
00000038
00000000
00000000
00000000
00000000
00000000
0000DB70
00000FB1
00000039
00000000
00000000
00000000
00000000
00000000
0000BF23
00000665
00000016
00000000
00000000
00000000
00000000
00000000
0000B245
0000022B
00000006
00000000
00000000
00000000
00000000
00000000
0000ABB2
00000000
00000000
00000000
00000000
00000000
00000000
00000000
0000ABB2
00000000
00000000
00000000
00000000
00000000
00000000
00000000
0000ABB2
00000000
00000000
00000000
00000000
00000000
00000000
00000000
0000ABB2
00000000
00000000
00000000
00000000
00000000
00000000
00000000
0000ABB2
00000000
00000000
00000000
00000000
00000000
00000000
00000000
0000ABB2
00000000
00000000
00000000
00000000
00000000
00000000
00000000
0000ABB2
00000000
00000000
00000000
00000000
00000000
00000000
00000000
0000ABB2
00000000
00000000
00000000
00000000
00000000
00000000
00000000
0000ABB2
00000000
00000000
00000000
00000000
00000000
00000000
00000000
0000ABB2
00000000
00000000
00000000
00000000
00000000
00000000
00000000
0000ABB2
00000000
00000000
00000000
00000000
00000000
00000000
00000000
0000ABB2
00000000
00000000
00000000
00000000
00000000
00000000
00000000
0000ABB2
00000000
00000000
00000000
00000000
00000000
00000000
00000000
0000ABB2
00000000
00000000
00000000
00000000
00000000
00000000
00000000
0000ABB2
00000000
00000000
00000000
00000000
00000000
00000000
00000000
0000ABB2
00000000
00000000
00000000
00000000
00000000
00000000
00000000
0000B9B0
00000475
00000035
00000000
00000000
00000000
00000000
00000000
0000DF18
000010F8
0000002A
00000000
00000000
00000000
00000000
00000000
0000E605
0000133F
00000032
00000000
00000000
00000000
00000000
00000000
000123DC
000027A4
0000006A
00000002
00000000
00000000
00000000
00000000
00016C1B
00003F88
0000009B
000F0000
00000000
00000000
00000000
00000000
0001727E
00004155
000000EF
00080000
00000000
00000000
00000000
00000000
00010BDF
00001F85
0000008A
00000000
00000002
00000000
00000000
00000000
000102B5
00001C99
00000068
00010000
00000000
00000000
00000000
00000000
0000EA10
00001470
0000005A
00000000
00000000
00000000
00000000
00000000
0000E947
00001434
00000053
00000000
00000002
00000000
00000000
00000000
0000DE5B
00001098
0000004B
00000000
00000000
00000000
00000000
00000000
0000BE42
00000600
00000030
00000000
00000000
00000000
00000000
00000000
0000B8F9
00000455
00000018
00000000
00000000
00000000
00000000
00000000
0000B254
0000022F
00000007
00000000
00000000
00000000
00000000
00000000
0000ABE8
00000010
00000002
00000000
00000000
00000000
00000000
00000000
0000AC09
0000001B
00000002
00000000
00000000
00000000
00000000
00000000
0000ABB2
00000000
00000000
00000000
00000000
00000000
00000000
00000000
0000ABB2
00000000
00000000
00000000
00000000
00000000
00000000
00000000
0000ABB2
00000000
00000000
00000000
00000000
00000000
00000000
00000000
0000ABB2
00000000
00000000
00000000
00000000
00000000
00000000
00000000
0000ABB2
00000000
00000000
00000000
00000000
00000000
00000000
00000000
0000ABB2
00000000
00000000
00000000
00000000
00000000
00000000
00000000
0000ABB2
00000000
00000000
00000000
00000000
00000000
00000000
00000000
0000ABB2
00000000
00000000
00000000
00000000
00000000
00000000
00000000
0000ABB2
00000000
00000000
00000000
00000000
00000000
00000000
00000000
0000ABB2
00000000
00000000
00000000
00000000
00000000
00000000
00000000
0000ABB2
00000000
00000000
00000000
00000000
00000000
00000000
00000000
0000ABB2
00000000
00000000
00000000
00000000
00000000
00000000
00000000
0000ABB2
00000000
00000000
00000000
00000000
00000000
00000000
00000000
0000ABB2
00000000
00000000
00000000
00000000
00000000
00000000
00000000
0000ABB2
00000000
00000000
00000000
00000000
00000000
00000000
00000000
0000ABB2
00000000
00000000
00000000
00000000
00000000
00000000
00000000
0000ABB2
00000000
00000000
00000000
00000000
00000000
00000000
00000000
0000ABB2
00000000
00000000
00000000
00000000
00000000
00000000
00000000
0000ABB2
00000000
00000000
00000000
00000000
00000000
00000000
00000000
0000ABB2
00000000
00000000
00000000
00000000
00000000
00000000
00000000
0000ABB2
00000000
00000000
00000000
00000000
00000000
00000000
00000000
0000ABB2
00000000
00000000
00000000
00000000
00000000
00000000
00000000
0000B1C4
000001F1
00000015
00000000
00000000
00000000
00000000
00000000
0000BD19
000005B8
00000015
00000000
00000000
00000000
00000000
00000000
0000C98E
000009D9
0000001B
00000000
00000000
00000000
00000000
00000000
0000CD60
00000B1A
00000020
00000001
00000000
00000000
00000000
00000000
0000CA60
00000A23
00000017
00000000
00000000
00000000
00000000
00000000
0000CEA1
00000B90
00000015
00000000
00000000
00000000
00000000
00000000
0000D2B8
00000CD8
0000002A
00000000
00000000
00000000
00000000
00000000
00010153
00001C36
00000055
00000000
00000000
00000000
00000000
00000000
0000FA06
000019CE
0000004E
00000000
00000000
00000000
00000000
00000000
0000CC6A
00000ABF
00000029
00000000
00000000
00000000
00000000
00000000
0000B239
00000222
0000000B
00000000
00000000
00000000
00000000
00000000
0000AD02
0000006D
00000003
00000000
00000000
00000000
00000000
00000000
0000B32C
00000274
0000000A
00000000
00000000
00000000
00000000
00000000
0000AFBD
00000153
00000006
00000000
00000000
00000000
00000000
00000000
0000B839
00000421
0000000C
00000000
00000000
00000000
00000000
00000000
0000BF3E
0000067A
0000000A
00000000
00000000
00000000
00000000
00000000
0000CB7D
00000A82
00000017
00000000
00000000
00000000
00000000
00000000
0000C172
00000725
0000001B
00000000
00000000
00000000
00000000
00000000
0000B4A9
000002EE
0000000F
00000000
00000000
00000000
00000000
00000000
0000B1EB
00000206
0000000D
00000000
00000000
00000000
00000000
00000000
0000AEE8
0000010C
00000006
00000000
00000000
00000000
00000000
00000000
0000AF36
00000127
00000005
00000000
00000000
00000000
00000000
00000000
0000B254
00000230
00000006
00000000
00000000
00000000
00000000
00000000
0000AC54
00000035
00000001
00000000
00000000
00000000
00000000
00000000
0000ABB2
00000000
00000000
00000000
00000000
00000000
00000000
00000000
0000AD8C
0000009A
00000004
00000000
00000000
00000000
00000000
00000000
0000B47C
000002D0
0000001E
00000000
00000000
00000000
00000000
00000000
0000DB2E
00000F9D
00000037
00000000
00000000
00000000
00000000
00000000
0000CBD1
00000A8A
0000002B
00000000
00000000
00000000
00000000
00000000
0000EBD2
0000152D
00000033
00000000
00000000
00000000
00000000
00000000
00011E39
000025E6
00000047
00010000
00000000
00000000
00000000
00000000
0000F841
00001930
00000055
00040000
00000000
00000000
00000000
00000000
0001093C
00001EC6
00000068
000D0000
00000000
00000000
00000000
00000000
000123D3
00002787
00000084
00050000
00000002
00000000
00000000
00000000
0000FFB8
00001B9B
00000067
00020000
00000000
00000000
00000000
00000000
00010465
00001D23
0000006E
00020000
00000000
00000000
00000000
00000000
0000C730
00000907
00000023
00020000
00000000
00000000
00000000
00000000
0000C1DB
0000074E
00000015
00000000
00000000
00000000
00000000
00000000
0000C469
00000820
0000001D
00000000
00000000
00000000
00000000
00000000
0000B326
00000274
00000008
00000000
00000000
00000000
00000000
00000000
0000ABB2
00000000
00000000
00000000
00000000
00000000
00000000
00000000
0000ABB2
00000000
00000000
00000000
00000000
00000000
00000000
00000000
0000ABB2
00000000
00000000
00000000
00000000
00000000
00000000
00000000
0000ABB2
00000000
00000000
00000000
00000000
00000000
00000000
00000000
0000ABB2
00000000
00000000
00000000
00000000
00000000
00000000
00000000
0000ABB2
00000000
00000000
00000000
00000000
00000000
00000000
00000000
0000ABB2
00000000
00000000
00000000
00000000
00000000
00000000
00000000
0000ABB2
00000000
00000000
00000000
00000000
00000000
00000000
00000000
0000ABB2
00000000
00000000
00000000
00000000
00000000
00000000
00000000
0000ABB2
00000000
00000000
00000000
00000000
00000000
00000000
00000000
0000ABB2
00000000
00000000
00000000
00000000
00000000
00000000
00000000
0000ABB2
00000000
00000000
00000000
00000000
00000000
00000000
00000000
0000ABB2
00000000
00000000
00000000
00000000
00000000
00000000
00000000
0000ABB2
00000000
00000000
00000000
00000000
00000000
00000000
00000000
0000ABB2
00000000
00000000
00000000
00000000
00000000
00000000
00000000
0000ABB2
00000000
00000000
00000000
00000000
00000000
00000000
00000000
0000ABB2
00000000
00000000
00000000
00000000
00000000
00000000
00000000
0000ABB2
00000000
00000000
00000000
00000000
00000000
00000000
00000000
0000ABB2
00000000
00000000
00000000
00000000
00000000
00000000
00000000
0000ABB2
00000000
00000000
00000000
00000000
00000000
00000000
00000000
0000ABB2
00000000
00000000
00000000
00000000
00000000
00000000
00000000
0000ABB2
00000000
00000000
00000000
00000000
00000000
00000000
00000000
0000ABB2
00000000
00000000
00000000
00000000
00000000
00000000
00000000
0000ABB2
00000000
00000000
00000000
00000000
00000000
00000000
00000000
0000ABB2
00000000
00000000
00000000
00000000
00000000
00000000
00000000
0000ABB2
00000000
00000000
00000000
00000000
00000000
00000000
00000000
0000ABB2
00000000
00000000
00000000
00000000
00000000
00000000
00000000
0000ABB2
00000000
00000000
00000000
00000000
00000000
00000000
00000000
0000ABB2
00000000
00000000
00000000
00000000
00000000
00000000
00000000
0000ABB2
00000000
00000000
00000000
00000000
00000000
00000000
00000000
0000ABB2
00000000
00000000
00000000
00000000
00000000
00000000
00000000
0000ABB2
00000000
00000000
00000000
00000000
00000000
00000000
00000000
0000ABB2
00000000
00000000
00000000
00000000
00000000
00000000
00000000
0000ABB2
00000000
00000000
00000000
00000000
00000000
00000000
00000000
0000ABB2
00000000
00000000
00000000
00000000
00000000
00000000
00000000
0000ABB2
00000000
00000000
00000000
00000000
00000000
00000000
00000000
0000ABB2
00000000
00000000
00000000
00000000
00000000
00000000
00000000
0000ABB2
00000000
00000000
00000000
00000000
00000000
00000000
00000000
0000ABB2
00000000
00000000
00000000
00000000
00000000
00000000
00000000
0000ABB2
00000000
00000000
00000000
00000000
00000000
00000000
00000000
0000ABB2
00000000
00000000
00000000
00000000
00000000
00000000
00000000
0000ABB2
00000000
00000000
00000000
00000000
00000000
00000000
00000000
0000ABB2
00000000
00000000
00000000
00000000
00000000
00000000
00000000
0000ABB2
00000000
00000000
00000000
00000000
00000000
00000000
00000000
0000ABB2
00000000
00000000
00000000
00000000
00000000
00000000
00000000
0000ABB2
00000000
00000000
00000000
00000000
00000000
00000000
00000000
0000ABB2
00000000
00000000
00000000
00000000
00000000
00000000
00000000
0000ABB2
00000000
00000000
00000000
00000000
00000000
00000000
00000000
0000ABB2
00000000
00000000
00000000
00000000
00000000
00000000
00000000
0000ABB2
00000000
00000000
00000000
00000000
00000000
00000000
00000000
0000ABB2
00000000
00000000
00000000
00000000
00000000
00000000
00000000
0000ABB2
00000000
00000000
00000000
00000000
00000000
00000000
00000000
0000ABB2
00000000
00000000
00000000
00000000
00000000
00000000
00000000
0000ABB2
00000000
00000000
00000000
00000000
00000000
00000000
00000000
0000ABB2
00000000
00000000
00000000
00000000
00000000
00000000
00000000
0000ABB2
00000000
00000000
00000000
00000000
00000000
00000000
00000000
0000ABB2
00000000
00000000
00000000
00000000
00000000
00000000
00000000
0000ABB2
00000000
00000000
00000000
00000000
00000000
00000000
00000000
0000ABB2
00000000
00000000
00000000
00000000
00000000
00000000
00000000
0000ABB2
00000000
00000000
00000000
00000000
00000000
00000000
00000000
0000ABB2
00000000
00000000
00000000
00000000
00000000
00000000
00000000
0000C745
000008D4
0000005D
00000000
00000000
00000000
00000000
00000000
00012C58
00002A5D
00060085
00000000
00000000
00000000
00000000
00000000
0001C8DC
00005DF1
0000011D
00000002
00000000
00000000
00000000
00000000
0002BFC0
0000AF4A
00000210
000C0004
00000000
00000000
00000000
00000000
000245E9
000086B2
0000020B
001E0000
00000001
00000000
00000000
00000000
0001A1A6
000050A6
00000156
00080000
00010001
00000000
00000000
00000000
00014CDD
000034F0
000000C9
00020000
00000000
00000000
00000000
00000000
0000DE76
0000109E
0000004E
00000000
00000000
00000000
00000000
00000000
0000F091
0000169F
00000056
00000000
00000001
00000000
00000000
00000000
0000EB63
000014F1
0000004A
00000000
00000000
00000000
00000000
00000000
0000C460
00000808
00000032
00000000
00000000
00000000
00000000
00000000
0000BF29
00000667
00000016
00010000
00000000
00000000
00000000
00000000
0000B143
000001D5
00000006
00000000
00000000
00000000
00000000
00000000
0000B47C
000002E6
00000008
00000000
00000000
00000000
00000000
00000000
0000C388
000007DE
00000014
00000000
00000000
00000000
00000000
00000000
0000AE64
000000E1
00000005
00000000
00000000
00000000
00000000
00000000
0000ADAA
000000A5
00000003
00000000
00000000
00000000
00000000
00000000
0000ABB2
00000000
00000000
00000000
00000000
00000000
00000000
00000000
0000ABB2
00000000
00000000
00000000
00000000
00000000
00000000
00000000
0000ABB2
00000000
00000000
00000000
00000000
00000000
00000000
00000000
0000ABB2
00000000
00000000
00000000
00000000
00000000
00000000
00000000
0000ABB2
00000000
00000000
00000000
00000000
00000000
00000000
00000000
0000ABB2
00000000
00000000
00000000
00000000
00000000
00000000
00000000
0000ABB2
00000000
00000000
00000000
00000000
00000000
00000000
00000000
0000ABB2
00000000
00000000
00000000
00000000
00000000
00000000
00000000
0000ABB2
00000000
00000000
00000000
00000000
00000000
00000000
00000000
0000ABB2
00000000
00000000
00000000
00000000
00000000
00000000
00000000
0000ABB2
00000000
00000000
00000000
00000000
00000000
00000000
00000000
0000ABB2
00000000
00000000
00000000
00000000
00000000
00000000
00000000
0000ABB2
00000000
00000000
00000000
00000000
00000000
00000000
00000000
0000ABB2
00000000
00000000
00000000
00000000
00000000
00000000
00000000
0000ABB2
00000000
00000000
00000000
00000000
00000000
00000000
00000000
0000ABB2
00000000
00000000
00000000
00000000
00000000
00000000
00000000
0000ABB2
00000000
00000000
00000000
00000000
00000000
00000000
00000000
0000ABB2
00000000
00000000
00000000
00000000
00000000
00000000
00000000
0000ABB2
00000000
00000000
00000000
00000000
00000000
00000000
00000000
0000ABB2
00000000
00000000
00000000
00000000
00000000
00000000
00000000
0000ABB2
00000000
00000000
00000000
00000000
00000000
00000000
00000000
0000ABB2
00000000
00000000
00000000
00000000
00000000
00000000
00000000
0000ABB2
00000000
00000000
00000000
00000000
00000000
00000000
00000000
0000ABB2
00000000
00000000
00000000
00000000
00000000
00000000
00000000
0000ABB2
00000000
00000000
00000000
00000000
00000000
00000000
00000000
0000ABB2
00000000
00000000
00000000
00000000
00000000
00000000
00000000
0000ABB2
00000000
00000000
00000000
00000000
00000000
00000000
00000000
0000ABB2
00000000
00000000
00000000
00000000
00000000
00000000
00000000
0000ABB2
00000000
00000000
00000000
00000000
00000000
00000000
00000000
0000ABB2
00000000
00000000
00000000
00000000
00000000
00000000
00000000
0000ABB2
00000000
00000000
00000000
00000000
00000000
00000000
00000000
0000ABB2
00000000
00000000
00000000
00000000
00000000
00000000
00000000
0000ABB2
00000000
00000000
00000000
00000000
00000000
00000000
00000000
0000ABB2
00000000
00000000
00000000
00000000
00000000
00000000
00000000
0000ABB2
00000000
00000000
00000000
00000000
00000000
00000000
00000000
0000ABB2
00000000
00000000
00000000
00000000
00000000
00000000
00000000
0000ABB2
00000000
00000000
00000000
00000000
00000000
00000000
00000000
0000ABB2
00000000
00000000
00000000
00000000
00000000
00000000
00000000
0000ABB2
00000000
00000000
00000000
00000000
00000000
00000000
00000000
0000ABB2
00000000
00000000
00000000
00000000
00000000
00000000
00000000
0000ABB2
00000000
00000000
00000000
00000000
00000000
00000000
00000000
0000ABB2
00000000
00000000
00000000
00000000
00000000
00000000
00000000
0000ABB2
00000000
00000000
00000000
00000000
00000000
00000000
00000000
0000ABB2
00000000
00000000
00000000
00000000
00000000
00000000
00000000
0000ABB2
00000000
00000000
00000000
00000000
00000000
00000000
00000000
0000ABB2
00000000
00000000
00000000
00000000
00000000
00000000
00000000
0000ABB2
00000000
00000000
00000000
00000000
00000000
00000000
00000000
0000ABB2
00000000
00000000
00000000
00000000
00000000
00000000
00000000
0000ABB2
00000000
00000000
00000000
00000000
00000000
00000000
00000000
0000ABB2
00000000
00000000
00000000
00000000
00000000
00000000
00000000
0000ABB2
00000000
00000000
00000000
00000000
00000000
00000000
00000000
0000ABB2
00000000
00000000
00000000
00000000
00000000
00000000
00000000
0000ABB2
00000000
00000000
00000000
00000000
00000000
00000000
00000000
0000ABB2
00000000
00000000
00000000
00000000
00000000
00000000
00000000
0000ABB2
00000000
00000000
00000000
00000000
00000000
00000000
00000000
0000ABB2
00000000
00000000
00000000
00000000
00000000
00000000
00000000
0000ABB2
00000000
00000000
00000000
00000000
00000000
00000000
00000000
0000ABB2
00000000
00000000
00000000
00000000
00000000
00000000
00000000
0000ABB2
00000000
00000000
00000000
00000000
00000000
00000000
00000000
0000ABB2
00000000
00000000
00000000
00000000
00000000
00000000
00000000
0000ABB2
00000000
00000000
00000000
00000000
00000000
00000000
00000000
0000ABB2
00000000
00000000
00000000
00000000
00000000
00000000
00000000
0000ABB2
00000000
00000000
00000000
00000000
00000000
00000000
00000000
0000ABB2
00000000
00000000
00000000
00000000
00000000
00000000
00000000
0000ABB2
00000000
00000000
00000000
00000000
00000000
00000000
00000000
0000ABB2
00000000
00000000
00000000
00000000
00000000
00000000
00000000
0000ABB2
00000000
00000000
00000000
00000000
00000000
00000000
00000000
0000ABB2
00000000
00000000
00000000
00000000
00000000
00000000
00000000
0000ABB2
00000000
00000000
00000000
00000000
00000000
00000000
00000000
0000ABB2
00000000
00000000
00000000
00000000
00000000
00000000
00000000
0000ABB2
00000000
00000000
00000000
00000000
00000000
00000000
00000000
0000ABB2
00000000
00000000
00000000
00000000
00000000
00000000
00000000
0000ABB2
00000000
00000000
00000000
00000000
00000000
00000000
00000000
0000ABB2
00000000
00000000
00000000
00000000
00000000
00000000
00000000
0000ABB2
00000000
00000000
00000000
00000000
00000000
00000000
00000000
0000ABB2
00000000
00000000
00000000
00000000
00000000
00000000
00000000
0000ABB2
00000000
00000000
00000000
00000000
00000000
00000000
00000000
0000ABB2
00000000
00000000
00000000
00000000
00000000
00000000
00000000
0000ABB2
00000000
00000000
00000000
00000000
00000000
00000000
00000000
0000ABB2
00000000
00000000
00000000
00000000
00000000
00000000
00000000
0000ABB2
00000000
00000000
00000000
00000000
00000000
00000000
00000000
0000ABB2
00000000
00000000
00000000
00000000
00000000
00000000
00000000
0000ABB2
00000000
00000000
00000000
00000000
00000000
00000000
00000000
0000ABB2
00000000
00000000
00000000
00000000
00000000
00000000
00000000
0000ABB2
00000000
00000000
00000000
00000000
00000000
00000000
00000000
0000ABB2
00000000
00000000
00000000
00000000
00000000
00000000
00000000
0000ABB2
00000000
00000000
00000000
00000000
00000000
00000000
00000000
0000ABB2
00000000
00000000
00000000
00000000
00000000
00000000
00000000
0000ABB2
00000000
00000000
00000000
00000000
00000000
00000000
00000000
0000ABB2
00000000
00000000
00000000
00000000
00000000
00000000
00000000
0000ABB2
00000000
00000000
00000000
00000000
00000000
00000000
00000000
0000ABB2
00000000
00000000
00000000
00000000
00000000
00000000
00000000
0000ABB2
00000000
00000000
00000000
00000000
00000000
00000000
00000000
0000ABB2
00000000
00000000
00000000
00000000
00000000
00000000
00000000
0000ABB2
00000000
00000000
00000000
00000000
00000000
00000000
00000000
0000ABB2
00000000
00000000
00000000
00000000
00000000
00000000
00000000
0000ABB2
00000000
00000000
00000000
00000000
00000000
00000000
00000000
0000ABB2
00000000
00000000
00000000
00000000
00000000
00000000
00000000
0000ABB2
00000000
00000000
00000000
00000000
00000000
00000000
00000000
0000ABB2
00000000
00000000
00000000
00000000
00000000
00000000
00000000
0000ABB2
00000000
00000000
00000000
00000000
00000000
00000000
00000000
0000ABB2
00000000
00000000
00000000
00000000
00000000
00000000
00000000
0000ABB2
00000000
00000000
00000000
00000000
00000000
00000000
00000000
0000ABB2
00000000
00000000
00000000
00000000
00000000
00000000
00000000
0000ABB2
00000000
00000000
00000000
00000000
00000000
00000000
00000000
0000ABB2
00000000
00000000
00000000
00000000
00000000
00000000
00000000
0000ABB2
00000000
00000000
00000000
00000000
00000000
00000000
00000000
0000ABB2
00000000
00000000
00000000
00000000
00000000
00000000
00000000
0000ABB2
00000000
00000000
00000000
00000000
00000000
00000000
00000000
0000ABB2
00000000
00000000
00000000
00000000
00000000
00000000
00000000
0000ABB2
00000000
00000000
00000000
00000000
00000000
00000000
00000000
0000ABB2
00000000
00000000
00000000
00000000
00000000
00000000
00000000
0000ABB2
00000000
00000000
00000000
00000000
00000000
00000000
00000000
0000ABB2
00000000
00000000
00000000
00000000
00000000
00000000
00000000
0000ABB2
00000000
00000000
00000000
00000000
00000000
00000000
00000000
0000ABB2
00000000
00000000
00000000
00000000
00000000
00000000
00000000
0000ABB2
00000000
00000000
00000000
00000000
00000000
00000000
00000000
0000ABB2
00000000
00000000
00000000
00000000
00000000
00000000
00000000
0000ABB2
00000000
00000000
00000000
00000000
00000000
00000000
00000000
0000ABB2
00000000
00000000
00000000
00000000
00000000
00000000
00000000
0000ABB2
00000000
00000000
00000000
00000000
00000000
00000000
00000000
0000ABB2
00000000
00000000
00000000
00000000
00000000
00000000
00000000
0000ABB2
00000000
00000000
00000000
00000000
00000000
00000000
00000000
0000ABB2
00000000
00000000
00000000
00000000
00000000
00000000
00000000
0000ABB2
00000000
00000000
00000000
00000000
00000000
00000000
00000000
0000ABB2
00000000
00000000
00000000
00000000
00000000
00000000
00000000
0000ABB2
00000000
00000000
00000000
00000000
00000000
00000000
00000000
0000ABB2
00000000
00000000
00000000
00000000
00000000
00000000
00000000
0000ABB2
00000000
00000000
00000000
00000000
00000000
00000000
00000000
0000ABB2
00000000
00000000
00000000
00000000
00000000
00000000
00000000
0000ABB2
00000000
00000000
00000000
00000000
00000000
00000000
00000000
0000ABB2
00000000
00000000
00000000
00000000
00000000
00000000
00000000
0000ABB2
00000000
00000000
00000000
00000000
00000000
00000000
00000000
0000ABB2
00000000
00000000
00000000
00000000
00000000
00000000
00000000
0000ABB2
00000000
00000000
00000000
00000000
00000000
00000000
00000000
0000ABB2
00000000
00000000
00000000
00000000
00000000
00000000
00000000
0000ABB2
00000000
00000000
00000000
00000000
00000000
00000000
00000000
0000ABB2
00000000
00000000
00000000
00000000
00000000
00000000
00000000
0000ABB2
00000000
00000000
00000000
00000000
00000000
00000000
00000000
0000ABB2
00000000
00000000
00000000
00000000
00000000
00000000
00000000
0000C745
000008D4
0000005D
00000000
00000000
00000000
00000000
00000000
00013156
00002C02
0006008A
00000000
00000000
00000000
00000000
00000000
0001E6AF
000067BD
00000142
00000002
00000000
00000000
00000000
00000000
000308AD
0000C72E
0000027B
000E0004
00000000
00000000
00000000
00000000
00028783
00009C36
00000265
001D0001
00000002
00000000
00000000
00000000
00019B9D
00004EA3
00000156
00090001
00020000
00000000
00000000
00000000
000175E4
00004283
000000E3
00020000
00000000
00000000
00000000
00000000
00010564
00001D80
00000066
00020000
00000000
00000000
00000000
00000000
0000F11E
000016D5
0000004F
00020000
00010000
00000000
00000000
00000000
0000ED5E
00001594
00000050
00000000
00000000
00000000
00000000
00000000
0000CB68
00000A64
0000002E
00000000
00000000
00000000
00000000
00000000
0000BBF3
00000557
00000014
00000000
00000000
00000000
00000000
00000000
0000BE3C
00000619
00000015
00000000
00000000
00000000
00000000
00000000
0000B167
000001DF
00000008
00000000
00000000
00000000
00000000
00000000
0000B08C
00000197
00000007
00000000
00000000
00000000
00000000
00000000
0000ACCF
0000005E
00000001
00000000
00000000
00000000
00000000
00000000
0000ABB2
00000000
00000000
00000000
00000000
00000000
00000000
00000000
0000ABB2
00000000
00000000
00000000
00000000
00000000
00000000
00000000
0000ABB2
00000000
00000000
00000000
00000000
00000000
00000000
00000000
0000ABB2
00000000
00000000
00000000
00000000
00000000
00000000
00000000
0000ABB2
00000000
00000000
00000000
00000000
00000000
00000000
00000000
0000ABB2
00000000
00000000
00000000
00000000
00000000
00000000
00000000
0000ABB2
00000000
00000000
00000000
00000000
00000000
00000000
00000000
0000ABB2
00000000
00000000
00000000
00000000
00000000
00000000
00000000
0000ABB2
00000000
00000000
00000000
00000000
00000000
00000000
00000000
0000ABB2
00000000
00000000
00000000
00000000
00000000
00000000
00000000
0000ABB2
00000000
00000000
00000000
00000000
00000000
00000000
00000000
0000ABB2
00000000
00000000
00000000
00000000
00000000
00000000
00000000
0000ABB2
00000000
00000000
00000000
00000000
00000000
00000000
00000000
0000ABB2
00000000
00000000
00000000
00000000
00000000
00000000
00000000
0000ABB2
00000000
00000000
00000000
00000000
00000000
00000000
00000000
0000ABB2
00000000
00000000
00000000
00000000
00000000
00000000
00000000
0000ABB2
00000000
00000000
00000000
00000000
00000000
00000000
00000000
0000ABB2
00000000
00000000
00000000
00000000
00000000
00000000
00000000
0000ABB2
00000000
00000000
00000000
00000000
00000000
00000000
00000000
0000ABB2
00000000
00000000
00000000
00000000
00000000
00000000
00000000
0000ABB2
00000000
00000000
00000000
00000000
00000000
00000000
00000000
0000ABB2
00000000
00000000
00000000
00000000
00000000
00000000
00000000
0000ABB2
00000000
00000000
00000000
00000000
00000000
00000000
00000000
0000ABB2
00000000
00000000
00000000
00000000
00000000
00000000
00000000
0000ABB2
00000000
00000000
00000000
00000000
00000000
00000000
00000000
0000ABB2
00000000
00000000
00000000
00000000
00000000
00000000
00000000
0000ABB2
00000000
00000000
00000000
00000000
00000000
00000000
00000000
0000ABB2
00000000
00000000
00000000
00000000
00000000
00000000
00000000
0000ABB2
00000000
00000000
00000000
00000000
00000000
00000000
00000000
0000ABB2
00000000
00000000
00000000
00000000
00000000
00000000
00000000
0000ABB2
00000000
00000000
00000000
00000000
00000000
00000000
00000000
0000ABB2
00000000
00000000
00000000
00000000
00000000
00000000
00000000
0000ABB2
00000000
00000000
00000000
00000000
00000000
00000000
00000000
0000ABB2
00000000
00000000
00000000
00000000
00000000
00000000
00000000
0000ABB2
00000000
00000000
00000000
00000000
00000000
00000000
00000000
0000ABB2
00000000
00000000
00000000
00000000
00000000
00000000
00000000
0000ABB2
00000000
00000000
00000000
00000000
00000000
00000000
00000000
0000ABB2
00000000
00000000
00000000
00000000
00000000
00000000
00000000
0000ABB2
00000000
00000000
00000000
00000000
00000000
00000000
00000000
0000ABB2
00000000
00000000
00000000
00000000
00000000
00000000
00000000
0000ABB2
00000000
00000000
00000000
00000000
00000000
00000000
00000000
0000ABB2
00000000
00000000
00000000
00000000
00000000
00000000
00000000
0000ABB2
00000000
00000000
00000000
00000000
00000000
00000000
00000000
0000ABB2
00000000
00000000
00000000
00000000
00000000
00000000
00000000
0000ABB2
00000000
00000000
00000000
00000000
00000000
00000000
00000000
0000ABB2
00000000
00000000
00000000
00000000
00000000
00000000
00000000
0000ABB2
00000000
00000000
00000000
00000000
00000000
00000000
00000000
0000ABB2
00000000
00000000
00000000
00000000
00000000
00000000
00000000
0000ABB2
00000000
00000000
00000000
00000000
00000000
00000000
00000000
0000ABB2
00000000
00000000
00000000
00000000
00000000
00000000
00000000
0000ABB2
00000000
00000000
00000000
00000000
00000000
00000000
00000000
0000ABB2
00000000
00000000
00000000
00000000
00000000
00000000
00000000
0000ABB2
00000000
00000000
00000000
00000000
00000000
00000000
00000000
0000ABB2
00000000
00000000
00000000
00000000
00000000
00000000
00000000
0000ABB2
00000000
00000000
00000000
00000000
00000000
00000000
00000000
0000ABB2
00000000
00000000
00000000
00000000
00000000
00000000
00000000
0000ABB2
00000000
00000000
00000000
00000000
00000000
00000000
00000000
0000ABB2
00000000
00000000
00000000
00000000
00000000
00000000
00000000
0000ABB2
00000000
00000000
00000000
00000000
00000000
00000000
00000000
0000ABB2
00000000
00000000
00000000
00000000
00000000
00000000
00000000
0000ABB2
00000000
00000000
00000000
00000000
00000000
00000000
00000000
0000ABB2
00000000
00000000
00000000
00000000
00000000
00000000
00000000
0000ABB2
00000000
00000000
00000000
00000000
00000000
00000000
00000000
0000ABB2
00000000
00000000
00000000
00000000
00000000
00000000
00000000
0000ABB2
00000000
00000000
00000000
00000000
00000000
00000000
00000000
0000ABB2
00000000
00000000
00000000
00000000
00000000
00000000
00000000
0000ABB2
00000000
00000000
00000000
00000000
00000000
00000000
00000000
0000ABB2
00000000
00000000
00000000
00000000
00000000
00000000
00000000
0000ABB2
00000000
00000000
00000000
00000000
00000000
00000000
00000000
0000ABB2
00000000
00000000
00000000
00000000
00000000
00000000
00000000
0000ABB2
00000000
00000000
00000000
00000000
00000000
00000000
00000000
0000C745
000008D4
0000005D
00000000
00000000
00000000
00000000
00000000
00012EAA
00002B21
00060087
00000000
00000000
00000000
00000000
00000000
0001D749
000062AF
0000012E
00000002
00000000
00000000
00000000
00000000
0002B435
0000AB52
0000022F
000C0004
00000000
00000000
00000000
00000000
00025EC7
00008EF0
00000217
00210000
00000002
00000000
00000000
00000000
0001AF83
00005535
00000166
00090000
00010000
00000000
00000000
00000000
00014539
00003254
000000D9
00020000
00000000
00000000
00000000
00000000
0001024F
00001C8C
00000053
00020000
00000000
00000000
00000000
00000000
0000FEB3
00001B46
00000065
00030000
00000000
00000000
00000000
00000000
0000EE1B
000015BD
00000066
00030000
00000000
00000000
00000000
00000000
0000EBB4
0000152B
0000002B
00000000
00000001
00000000
00000000
00000000
0000E4E2
000012C1
0000004F
00000000
00000001
00000000
00000000
00000000
0000ED1C
0000156A
00000064
00000000
00000000
00000000
00000000
00000000
0000F475
000017F9
00000048
00000000
00000000
00000000
00000000
00000000
0000E668
00001342
00000050
00000000
00000000
00000000
00000000
00000000
0000FDFC
00001AFF
0000006F
00000000
00000000
00000000
00000000
00000000
0000CC4C
00000AB2
0000002C
00000000
00000000
00000000
00000000
00000000
0000BA85
000004D8
00000019
00000000
00000000
00000000
00000000
00000000
0000CB80
00000A7A
00000020
00000000
00000000
00000000
00000000
00000000
0000D94E
00000F0A
0000002A
00000000
00000000
00000000
00000000
00000000
0000DFF6
00001135
00000037
00000000
00000000
00000000
00000000
00000000
0000DBD3
00000FD4
00000037
00000000
00000000
00000000
00000000
00000000
0000B94D
00000475
00000014
00000000
00000000
00000000
00000000
00000000
0000CBC2
00000A8A
00000026
00000000
00000000
00000000
00000000
00000000
0000EAAF
000014C4
0000003B
00000000
00000000
00000000
00000000
00000000
0000CB50
00000A63
00000027
00000000
00000000
00000000
00000000
00000000
0000C2E9
0000079D
00000020
00000000
00000000
00000000
00000000
00000000
0000E73A
00001392
00000046
00000000
00000000
00000000
00000000
00000000
0000E23C
000011F2
0000003C
00000000
00000000
00000000
00000000
00000000
0000DC15
00000FF1
00000030
00000000
00000000
00000000
00000000
00000000
0000E404
0000125F
00000067
00000000
00000000
00000000
00000000
00000000
000112DB
00002200
00000063
00000000
00000000
00000000
00000000
00000000
00010666
00001DCE
0000006E
00000000
00000000
00000000
00000000
00000000
00012580
0000280D
0000008D
00000000
00000000
00000000
00000000
00000000
0000FFDF
00001BBB
00000054
00000000
00000000
00000000
00000000
00000000
0000E47C
000012B1
0000003D
00000000
00000000
00000000
00000000
00000000
0000F7F9
0000190F
0000005E
00000000
00000000
00000000
00000000
00000000
0000F33A
00001790
00000048
00000000
00000000
00000000
00000000
00000000
0000CF19
00000BA6
00000027
00000000
00000000
00000000
00000000
00000000
0000D831
00000E9B
0000003A
00000000
00000000
00000000
00000000
00000000
0000F055
000016A9
00000038
00000000
00000000
00000000
00000000
00000000
0000C4ED
0000084D
0000001C
00000000
00000000
00000000
00000000
00000000
0000E056
00001149
00000043
00000000
00000000
00000000
00000000
00000000
0000F706
000018D6
00000046
00000000
00000000
00000000
00000000
00000000
0000ECA4
00001561
00000045
00000000
00000000
00000000
00000000
00000000
0000EAB5
000014B3
0000004E
00000000
00000000
00000000
00000000
00000000
0000F8FE
0000196A
0000005A
00000000
00000000
00000000
00000000
00000000
0000F454
000017E8
0000004E
00000000
00000000
00000000
00000000
00000000
0001119D
00002183
00000076
00000000
00000000
00000000
00000000
00000000
0000FE7D
00001B50
00000049
00000000
00000000
00000000
00000000
00000000
0000E128
0000118A
00000048
00000000
00000000
00000000
00000000
00000000
0000D7F8
00000E8D
00000035
00000000
00000000
00000000
00000000
00000000
0000B8A2
00000437
00000019
00000000
00000000
00000000
00000000
00000000
0000B6AD
0000039C
0000000D
00000000
00000000
00000000
00000000
00000000
0000B527
00000316
00000011
00000000
00000000
00000000
00000000
00000000
0000B5CC
0000034F
0000000F
00000000
00000000
00000000
00000000
00000000
0000B00E
0000016E
00000006
00000000
00000000
00000000
00000000
00000000
0000AC8D
00000047
00000002
00000000
00000000
00000000
00000000
00000000
0000ABB2
00000000
00000000
00000000
00000000
00000000
00000000
00000000
0000ABB2
00000000
00000000
00000000
00000000
00000000
00000000
00000000
0000ABB2
00000000
00000000
00000000
00000000
00000000
00000000
00000000
0000ABB2
00000000
00000000
00000000
00000000
00000000
00000000
00000000
0000ABB2
00000000
00000000
00000000
00000000
00000000
00000000
00000000
0000ABB2
00000000
00000000
00000000
00000000
00000000
00000000
00000000
0000ABB2
00000000
00000000
00000000
00000000
00000000
00000000
00000000
0000ABB2
00000000
00000000
00000000
00000000
00000000
00000000
00000000
0000ABB2
00000000
00000000
00000000
00000000
00000000
00000000
00000000
0000ABB2
00000000
00000000
00000000
00000000
00000000
00000000
00000000
0000ABB2
00000000
00000000
00000000
00000000
00000000
00000000
00000000
0000ABB2
00000000
00000000
00000000
00000000
00000000
00000000
00000000
0000ABB2
00000000
00000000
00000000
00000000
00000000
00000000
00000000
0000ABB2
00000000
00000000
00000000
00000000
00000000
00000000
00000000
0000ABB2
00000000
00000000
00000000
00000000
00000000
00000000
00000000
0000ABB2
00000000
00000000
00000000
00000000
00000000
00000000
00000000
0000ABB2
00000000
00000000
00000000
00000000
00000000
00000000
00000000
0000ABB2
00000000
00000000
00000000
00000000
00000000
00000000
00000000
0000ABB2
00000000
00000000
00000000
00000000
00000000
00000000
00000000
0000ABB2
00000000
00000000
00000000
00000000
00000000
00000000
00000000
0000ABB2
00000000
00000000
00000000
00000000
00000000
00000000
00000000
0000ABB2
00000000
00000000
00000000
00000000
00000000
00000000
00000000
0000ABB2
00000000
00000000
00000000
00000000
00000000
00000000
00000000
0000ABB2
00000000
00000000
00000000
00000000
00000000
00000000
00000000
0000ABB2
00000000
00000000
00000000
00000000
00000000
00000000
00000000
0000ABB2
00000000
00000000
00000000
00000000
00000000
00000000
00000000
0000ABB2
00000000
00000000
00000000
00000000
00000000
00000000
00000000
0000ABB2
00000000
00000000
00000000
00000000
00000000
00000000
00000000
0000ABB2
00000000
00000000
00000000
00000000
00000000
00000000
00000000
0000ABB2
00000000
00000000
00000000
00000000
00000000
00000000
00000000
0000ABB2
00000000
00000000
00000000
00000000
00000000
00000000
00000000
0000ABB2
00000000
00000000
00000000
00000000
00000000
00000000
00000000
0000ABB2
00000000
00000000
00000000
00000000
00000000
00000000
00000000
0000ABB2
00000000
00000000
00000000
00000000
00000000
00000000
00000000
0000ABB2
00000000
00000000
00000000
00000000
00000000
00000000
00000000
0000ABB2
00000000
00000000
00000000
00000000
00000000
00000000
00000000
0000ABB2
00000000
00000000
00000000
00000000
00000000
00000000
00000000
0000ABB2
00000000
00000000
00000000
00000000
00000000
00000000
00000000
0000ABB2
00000000
00000000
00000000
00000000
00000000
00000000
00000000
0000ABB2
00000000
00000000
00000000
00000000
00000000
00000000
00000000
0000ABB2
00000000
00000000
00000000
00000000
00000000
00000000
00000000
0000ABB2
00000000
00000000
00000000
00000000
00000000
00000000
00000000
0000ABB2
00000000
00000000
00000000
00000000
00000000
00000000
00000000
0000ABB2
00000000
00000000
00000000
00000000
00000000
00000000
00000000
0000ABB2
00000000
00000000
00000000
00000000
00000000
00000000
00000000
0000ABB2
00000000
00000000
00000000
00000000
00000000
00000000
00000000
0000ABB2
00000000
00000000
00000000
00000000
00000000
00000000
00000000
0000ABB2
00000000
00000000
00000000
00000000
00000000
00000000
00000000
0000ABB2
00000000
00000000
00000000
00000000
00000000
00000000
00000000
0000ABB2
00000000
00000000
00000000
00000000
00000000
00000000
00000000
0000ABB2
00000000
00000000
00000000
00000000
00000000
00000000
00000000
0000ABB2
00000000
00000000
00000000
00000000
00000000
00000000
00000000
0000ABB2
00000000
00000000
00000000
00000000
00000000
00000000
00000000
0000ABB2
00000000
00000000
00000000
00000000
00000000
00000000
00000000
0000ABB2
00000000
00000000
00000000
00000000
00000000
00000000
00000000
0000ABB2
00000000
00000000
00000000
00000000
00000000
00000000
00000000
0000ABB2
00000000
00000000
00000000
00000000
00000000
00000000
00000000
0000ABB2
00000000
00000000
00000000
00000000
00000000
00000000
00000000
0000ABB2
00000000
00000000
00000000
00000000
00000000
00000000
00000000
0000ABB2
00000000
00000000
00000000
00000000
00000000
00000000
00000000
0000ABB2
00000000
00000000
00000000
00000000
00000000
00000000
00000000
0000ABB2
00000000
00000000
00000000
00000000
00000000
00000000
00000000
0000ABB2
00000000
00000000
00000000
00000000
00000000
00000000
00000000
0000ABB2
00000000
00000000
00000000
00000000
00000000
00000000
00000000
0000ABB2
00000000
00000000
00000000
00000000
00000000
00000000
00000000
0000ABB2
00000000
00000000
00000000
00000000
00000000
00000000
00000000
0000ABB2
00000000
00000000
00000000
00000000
00000000
00000000
00000000
0000ABB2
00000000
00000000
00000000
00000000
00000000
00000000
00000000
0000ABB2
00000000
00000000
00000000
00000000
00000000
00000000
00000000
0000ABB2
00000000
00000000
00000000
00000000
00000000
00000000
00000000
0000ABB2
00000000
00000000
00000000
00000000
00000000
00000000
00000000
0000ABB2
00000000
00000000
00000000
00000000
00000000
00000000
00000000
0000ABB2
00000000
00000000
00000000
00000000
00000000
00000000
00000000
0000ABB2
00000000
00000000
00000000
00000000
00000000
00000000
00000000
0000ABB2
00000000
00000000
00000000
00000000
00000000
00000000
00000000
0000ABB2
00000000
00000000
00000000
00000000
00000000
00000000
00000000
0000ABB2
00000000
00000000
00000000
00000000
00000000
00000000
00000000
0000ABB2
00000000
00000000
00000000
00000000
00000000
00000000
00000000
0000ABB2
00000000
00000000
00000000
00000000
00000000
00000000
00000000
0000ABB2
00000000
00000000
00000000
00000000
00000000
00000000
00000000
0000ABB2
00000000
00000000
00000000
00000000
00000000
00000000
00000000
0000ABB2
00000000
00000000
00000000
00000000
00000000
00000000
00000000
0000ABB2
00000000
00000000
00000000
00000000
00000000
00000000
00000000
0000ABB2
00000000
00000000
00000000
00000000
00000000
00000000
00000000
0000ABB2
00000000
00000000
00000000
00000000
00000000
00000000
00000000
0000ABB2
00000000
00000000
00000000
00000000
00000000
00000000
00000000
0000ABB2
00000000
00000000
00000000
00000000
00000000
00000000
00000000
0000ABB2
00000000
00000000
00000000
00000000
00000000
00000000
00000000
0000ABB2
00000000
00000000
00000000
00000000
00000000
00000000
00000000
0000ABB2
00000000
00000000
00000000
00000000
00000000
00000000
00000000
0000ABB2
00000000
00000000
00000000
00000000
00000000
00000000
00000000
0000ABB2
00000000
00000000
00000000
00000000
00000000
00000000
00000000
0000ABB2
00000000
00000000
00000000
00000000
00000000
00000000
00000000
0000C745
000008D4
0000005D
00000000
00000000
00000000
00000000
00000000
000130A2
00002BC7
00060089
00000000
00000000
00000000
00000000
00000000
0001DE72
0000650A
00000136
00000002
00000000
00000000
00000000
00000000
0002CA5E
0000B29A
0000024A
000C0004
00000000
00000000
00000000
00000000
00027F25
0000998D
00000244
001F0000
00000002
00000000
00000000
00000000
0001D09B
00006012
00000191
000A0000
00010000
00000000
00000000
00000000
00014350
000031BF
000000CB
00020000
00000000
00000000
00000000
00000000
0000DA3E
00000F46
0000003E
00000000
00000000
00000000
00000000
00000000
0000D294
00000CD1
00000025
00010000
00000000
00000000
00000000
00000000
0000E614
00001332
00000044
00010000
00000000
00000000
00000000
00000000
0000F427
000017DB
0000004C
00000000
00000000
00000000
00000000
00000000
0000D261
00000CBB
0000002A
00000000
00000000
00000000
00000000
00000000
0000E428
00001292
00000040
00000000
00000000
00000000
00000000
00000000
0000D0C9
00000C33
0000002A
00000000
00000000
00000000
00000000
00000000
0000BF0B
00000657
0000001C
00000000
00000000
00000000
00000000
00000000
0000F103
000016DC
0000003F
00000000
00000000
00000000
00000000
00000000
0000EE0C
000015D5
00000049
00000000
00000000
00000000
00000000
00000000
0000CCE8
00000AE4
0000002E
00000000
00000000
00000000
00000000
00000000
0000D50D
00000D95
00000034
00000000
00000000
00000000
00000000
00000000
0000E04D
0000115F
0000002A
00000000
00000000
00000000
00000000
00000000
0000DC4B
00001002
00000031
00000000
00000000
00000000
00000000
00000000
0000DBAC
00000FC9
00000035
00000000
00000000
00000000
00000000
00000000
0000ED07
00001586
00000041
00000000
00000000
00000000
00000000
00000000
0000DC6C
0000100C
00000032
00000000
00000000
00000000
00000000
00000000
0000F646
00001880
0000005C
00000000
00000000
00000000
00000000
00000000
00010108
00001C19
00000059
00000000
00000000
00000000
00000000
00000000
0000D930
00000EF8
00000032
00000000
00000000
00000000
00000000
00000000
0000EDD0
000015CA
00000040
00000000
00000000
00000000
00000000
00000000
00011536
000022BD
0000006F
00000000
00000000
00000000
00000000
00000000
0000D58B
00000DB5
0000003E
00000000
00000000
00000000
00000000
00000000
0000F10C
000016CA
00000054
00000000
00000000
00000000
00000000
00000000
0000D876
00000EB0
0000003C
00000000
00000000
00000000
00000000
00000000
0000BD6D
000005CA
0000001F
00000000
00000000
00000000
00000000
00000000
0000B8A5
0000043A
00000017
00000000
00000000
00000000
00000000
00000000
0000B9B3
0000049B
00000010
00000000
00000000
00000000
00000000
00000000
0000B7EE
00000407
0000000D
00000000
00000000
00000000
00000000
00000000
0000AED6
00000106
00000006
00000000
00000000
00000000
00000000
00000000
0000B4DF
0000030B
00000004
00000000
00000000
00000000
00000000
00000000
0000AE3A
000000D3
00000005
00000000
00000000
00000000
00000000
00000000
0000AE43
000000D9
00000002
00000000
00000000
00000000
00000000
00000000
0000ABB2
00000000
00000000
00000000
00000000
00000000
00000000
00000000
0000ABB2
00000000
00000000
00000000
00000000
00000000
00000000
00000000
0000ABB2
00000000
00000000
00000000
00000000
00000000
00000000
00000000
0000ABB2
00000000
00000000
00000000
00000000
00000000
00000000
00000000
0000ABB2
00000000
00000000
00000000
00000000
00000000
00000000
00000000
0000ABB2
00000000
00000000
00000000
00000000
00000000
00000000
00000000
0000ABB2
00000000
00000000
00000000
00000000
00000000
00000000
00000000
0000ABB2
00000000
00000000
00000000
00000000
00000000
00000000
00000000
0000ABB2
00000000
00000000
00000000
00000000
00000000
00000000
00000000
0000ABB2
00000000
00000000
00000000
00000000
00000000
00000000
00000000
0000ABB2
00000000
00000000
00000000
00000000
00000000
00000000
00000000
0000ABB2
00000000
00000000
00000000
00000000
00000000
00000000
00000000
0000C3BE
000007B3
00000051
00000000
00000000
00000000
00000000
00000000
00010EDF
000020A8
00040067
00000000
00000000
00000000
00000000
00000000
0001499E
000033F8
000000AC
00000000
00000000
00000000
00000000
00000000
00017524
00004260
000000C6
00010005
00000000
00000000
00000000
00000000
0001A61A
000052A2
000000D6
00100000
00000000
00000000
00000000
00000000
0001486C
0000337F
000000BF
00020000
00000000
00000000
00000000
00000000
0000F29E
00001744
00000060
00010000
00000001
00000000
00000000
00000000
0000D83D
00000E8B
0000004E
00000000
00000000
00000000
00000000
00000000
0000E4BB
000012B7
0000004C
00000000
00000000
00000000
00000000
00000000
000114FD
000022B2
00000067
00000000
00000000
00000000
00000000
00000000
0000F1DB
000016FE
00000065
00000000
00000000
00000000
00000000
00000000
0000D462
00000D51
0000003F
00000000
00000000
00000000
00000000
00000000
0000E94D
0000144C
0000003D
00000000
00000000
00000000
00000000
00000000
0000C24A
00000765
00000023
00000000
00000000
00000000
00000000
00000000
0000B8C0
00000440
0000001A
00000000
00000000
00000000
00000000
00000000
0000C3FD
000007FD
0000001C
00000000
00000000
00000000
00000000
00000000
0000B55A
0000032A
0000000E
00000000
00000000
00000000
00000000
00000000
0000C370
000007D5
00000015
00000000
00000000
00000000
00000000
00000000
0000C9EE
000009F9
0000001B
00000000
00000000
00000000
00000000
00000000
0000B2AB
00000249
0000000A
00000000
00000000
00000000
00000000
00000000
0000B2FC
00000262
0000000C
00000000
00000000
00000000
00000000
00000000
0000B089
00000197
00000006
00000000
00000000
00000000
00000000
00000000
0000AC30
00000028
00000002
00000000
00000000
00000000
00000000
00000000
0000AF8A
00000142
00000006
00000000
00000000
00000000
00000000
00000000
0000B10D
000001C1
00000008
00000000
00000000
00000000
00000000
00000000
0000B3B6
000002A2
0000000A
00000000
00000000
00000000
00000000
00000000
0000BFFE
000006B1
00000013
00000000
00000000
00000000
00000000
00000000
0000B5DE
0000035A
0000000A
00000000
00000000
00000000
00000000
00000000
0000ABB2
00000000
00000000
00000000
00000000
00000000
00000000
00000000
0000ABB2
00000000
00000000
00000000
00000000
00000000
00000000
00000000
0000ABB2
00000000
00000000
00000000
00000000
00000000
00000000
00000000
0000ABB2
00000000
00000000
00000000
00000000
00000000
00000000
00000000
0000ABB2
00000000
00000000
00000000
00000000
00000000
00000000
00000000
0000ABB2
00000000
00000000
00000000
00000000
00000000
00000000
00000000
0000ABB2
00000000
00000000
00000000
00000000
00000000
00000000
00000000
0000ABB2
00000000
00000000
00000000
00000000
00000000
00000000
00000000
0000ABB2
00000000
00000000
00000000
00000000
00000000
00000000
00000000
0000ABB2
00000000
00000000
00000000
00000000
00000000
00000000
00000000
0000ABB2
00000000
00000000
00000000
00000000
00000000
00000000
00000000
0000ABB2
00000000
00000000
00000000
00000000
00000000
00000000
00000000
0000ABB2
00000000
00000000
00000000
00000000
00000000
00000000
00000000
0000ABB2
00000000
00000000
00000000
00000000
00000000
00000000
00000000
0000ABB2
00000000
00000000
00000000
00000000
00000000
00000000
00000000
0000ABB2
00000000
00000000
00000000
00000000
00000000
00000000
00000000
0000ABB2
00000000
00000000
00000000
00000000
00000000
00000000
00000000
0000ABB2
00000000
00000000
00000000
00000000
00000000
00000000
00000000
0000ABB2
00000000
00000000
00000000
00000000
00000000
00000000
00000000
0000ABB2
00000000
00000000
00000000
00000000
00000000
00000000
00000000
0000ABB2
00000000
00000000
00000000
00000000
00000000
00000000
00000000
0000ABB2
00000000
00000000
00000000
00000000
00000000
00000000
00000000
0000ABB2
00000000
00000000
00000000
00000000
00000000
00000000
00000000
0000ABB2
00000000
00000000
00000000
00000000
00000000
00000000
00000000
0000ABB2
00000000
00000000
00000000
00000000
00000000
00000000
00000000
0000ABB2
00000000
00000000
00000000
00000000
00000000
00000000
00000000
0000ABB2
00000000
00000000
00000000
00000000
00000000
00000000
00000000
0000ABB2
00000000
00000000
00000000
00000000
00000000
00000000
00000000
0000C745
000008D4
0000005D
00000000
00000000
00000000
00000000
00000000
00012226
00002700
0006007C
00000000
00000000
00000000
00000000
00000000
000190D2
00004B77
000000E9
00000002
00000000
00000000
00000000
00000000
0001F132
00006B3B
00000145
00070004
00000000
00000000
00000000
00000000
00020692
00007221
0000017F
00170000
00000000
00000000
00000000
00000000
00019F0F
00004FE2
0000013D
000B0000
00000002
00000000
00000000
00000000
0001554D
000037A3
000000E6
00040000
00000000
00000000
00000000
00000000
00011B60
000024A0
0000009A
00000000
00000000
00000000
00000000
00000000
0000E3DA
00001272
00000046
00000000
00000000
00000000
00000000
00000000
0000CE0E
00000B4E
00000026
00000000
00000000
00000000
00000000
00000000
0000C193
00000729
00000022
00000000
00000000
00000000
00000000
00000000
0000D60C
00000DF2
0000002C
00000000
00000000
00000000
00000000
00000000
0000B926
00000466
00000016
00000000
00000000
00000000
00000000
00000000
0000C682
000008D5
0000001B
00000000
00000000
00000000
00000000
00000000
0000B4F1
00000309
0000000C
00000000
00000000
00000000
00000000
00000000
0000B371
00000289
0000000C
00000000
00000000
00000000
00000000
00000000
0000B431
000002C9
0000000C
00000000
00000000
00000000
00000000
00000000
0000B158
000001D7
0000000B
00000000
00000000
00000000
00000000
00000000
0000C094
000006E5
00000011
00000000
00000000
00000000
00000000
00000000
0000B19A
000001F2
00000006
00000000
00000000
00000000
00000000
00000000
0000BC83
0000058F
0000000C
00000000
00000000
00000000
00000000
00000000
0000BF23
00000663
00000018
00000000
00000000
00000000
00000000
00000000
0000B002
0000016B
00000005
00000000
00000000
00000000
00000000
00000000
0000ABB2
00000000
00000000
00000000
00000000
00000000
00000000
00000000
0000ABB2
00000000
00000000
00000000
00000000
00000000
00000000
00000000
0000ABB2
00000000
00000000
00000000
00000000
00000000
00000000
00000000
0000ABB2
00000000
00000000
00000000
00000000
00000000
00000000
00000000
0000ABB2
00000000
00000000
00000000
00000000
00000000
00000000
00000000
0000ABB2
00000000
00000000
00000000
00000000
00000000
00000000
00000000
0000ABB2
00000000
00000000
00000000
00000000
00000000
00000000
00000000
0000ABB2
00000000
00000000
00000000
00000000
00000000
00000000
00000000
0000ABB2
00000000
00000000
00000000
00000000
00000000
00000000
00000000
0000ABB2
00000000
00000000
00000000
00000000
00000000
00000000
00000000
0000B632
00000355
0000002B
00000000
00000000
00000000
00000000
00000000
0000D240
00000CB6
00000024
00000000
00000000
00000000
00000000
00000000
0000E623
0000133E
0000003D
00000000
00000000
00000000
00000000
00000000
000110B3
0000214C
0000005F
00000003
00000000
00000000
00000000
00000000
0001306C
00002BC5
00000079
00020000
00000000
00000000
00000000
00000000
00014B09
000034A2
0000007B
00030002
00000000
00000000
00000000
00000000
00011029
00002109
00000074
000E0000
00000000
00000000
00000000
00000000
0000F04F
0000168F
00000050
00010000
00000000
00000000
00000000
00000000
0000CDDE
00000B3A
0000002A
00020000
00000000
00000000
00000000
00000000
0000BF86
00000689
00000013
00010000
00000000
00000000
00000000
00000000
0000AE9A
000000F5
00000003
00010000
00000000
00000000
00000000
00000000
0000AD1A
00000077
00000001
00000000
00000000
00000000
00000000
00000000
0000ABB2
00000000
00000000
00000000
00000000
00000000
00000000
00000000
0000ABB2
00000000
00000000
00000000
00000000
00000000
00000000
00000000
0000ABB2
00000000
00000000
00000000
00000000
00000000
00000000
00000000
0000ABB2
00000000
00000000
00000000
00000000
00000000
00000000
00000000
0000ABB2
00000000
00000000
00000000
00000000
00000000
00000000
00000000
0000ABB2
00000000
00000000
00000000
00000000
00000000
00000000
00000000
0000ABB2
00000000
00000000
00000000
00000000
00000000
00000000
00000000
0000ABB2
00000000
00000000
00000000
00000000
00000000
00000000
00000000
0000ABB2
00000000
00000000
00000000
00000000
00000000
00000000
00000000
0000ABB2
00000000
00000000
00000000
00000000
00000000
00000000
00000000
0000ABB2
00000000
00000000
00000000
00000000
00000000
00000000
00000000
0000ABB2
00000000
00000000
00000000
00000000
00000000
00000000
00000000
0000ABB2
00000000
00000000
00000000
00000000
00000000
00000000
00000000
0000ABB2
00000000
00000000
00000000
00000000
00000000
00000000
00000000
0000ABB2
00000000
00000000
00000000
00000000
00000000
00000000
00000000
0000ABB2
00000000
00000000
00000000
00000000
00000000
00000000
00000000
0000ABB2
00000000
00000000
00000000
00000000
00000000
00000000
00000000
0000ABB2
00000000
00000000
00000000
00000000
00000000
00000000
00000000
0000ABB2
00000000
00000000
00000000
00000000
00000000
00000000
00000000
0000ABB2
00000000
00000000
00000000
00000000
00000000
00000000
00000000
0000ABB2
00000000
00000000
00000000
00000000
00000000
00000000
00000000
0000ABB2
00000000
00000000
00000000
00000000
00000000
00000000
00000000
0000ABB2
00000000
00000000
00000000
00000000
00000000
00000000
00000000
0000ABB2
00000000
00000000
00000000
00000000
00000000
00000000
00000000
0000ABB2
00000000
00000000
00000000
00000000
00000000
00000000
00000000
0000ABB2
00000000
00000000
00000000
00000000
00000000
00000000
00000000
0000ABB2
00000000
00000000
00000000
00000000
00000000
00000000
00000000
0000ABB2
00000000
00000000
00000000
00000000
00000000
00000000
00000000
0000ABB2
00000000
00000000
00000000
00000000
00000000
00000000
00000000
0000ABB2
00000000
00000000
00000000
00000000
00000000
00000000
00000000
0000ABB2
00000000
00000000
00000000
00000000
00000000
00000000
00000000
0000ABB2
00000000
00000000
00000000
00000000
00000000
00000000
00000000
0000ABB2
00000000
00000000
00000000
00000000
00000000
00000000
00000000
0000ABB2
00000000
00000000
00000000
00000000
00000000
00000000
00000000
0000ABB2
00000000
00000000
00000000
00000000
00000000
00000000
00000000
0000ABB2
00000000
00000000
00000000
00000000
00000000
00000000
00000000
0000ABB2
00000000
00000000
00000000
00000000
00000000
00000000
00000000
0000ABB2
00000000
00000000
00000000
00000000
00000000
00000000
00000000
0000ABB2
00000000
00000000
00000000
00000000
00000000
00000000
00000000
0000ABB2
00000000
00000000
00000000
00000000
00000000
00000000
00000000
0000ABB2
00000000
00000000
00000000
00000000
00000000
00000000
00000000
0000ABB2
00000000
00000000
00000000
00000000
00000000
00000000
00000000
0000ABB2
00000000
00000000
00000000
00000000
00000000
00000000
00000000
0000ABB2
00000000
00000000
00000000
00000000
00000000
00000000
00000000
0000ABB2
00000000
00000000
00000000
00000000
00000000
00000000
00000000
0000ABB2
00000000
00000000
00000000
00000000
00000000
00000000
00000000
0000ABB2
00000000
00000000
00000000
00000000
00000000
00000000
00000000
0000ABB2
00000000
00000000
00000000
00000000
00000000
00000000
00000000
0000ABB2
00000000
00000000
00000000
00000000
00000000
00000000
00000000
0000ABB2
00000000
00000000
00000000
00000000
00000000
00000000
00000000
0000ABB2
00000000
00000000
00000000
00000000
00000000
00000000
00000000
0000ABB2
00000000
00000000
00000000
00000000
00000000
00000000
00000000
0000ABB2
00000000
00000000
00000000
00000000
00000000
00000000
00000000
0000ABB2
00000000
00000000
00000000
00000000
00000000
00000000
00000000
0000ABB2
00000000
00000000
00000000
00000000
00000000
00000000
00000000
0000ABB2
00000000
00000000
00000000
00000000
00000000
00000000
00000000
0000ABB2
00000000
00000000
00000000
00000000
00000000
00000000
00000000
0000ABB2
00000000
00000000
00000000
00000000
00000000
00000000
00000000
0000ABB2
00000000
00000000
00000000
00000000
00000000
00000000
00000000
0000ABB2
00000000
00000000
00000000
00000000
00000000
00000000
00000000
0000ABB2
00000000
00000000
00000000
00000000
00000000
00000000
00000000
0000ABB2
00000000
00000000
00000000
00000000
00000000
00000000
00000000
0000ABB2
00000000
00000000
00000000
00000000
00000000
00000000
00000000
0000ABB2
00000000
00000000
00000000
00000000
00000000
00000000
00000000
0000ABB2
00000000
00000000
00000000
00000000
00000000
00000000
00000000
0000ABB2
00000000
00000000
00000000
00000000
00000000
00000000
00000000
0000ABB2
00000000
00000000
00000000
00000000
00000000
00000000
00000000
0000ABB2
00000000
00000000
00000000
00000000
00000000
00000000
00000000
0000C202
00000720
00000050
00000000
00000000
00000000
00000000
00000000
00011F20
00002609
00050071
00000000
00000000
00000000
00000000
00000000
0001B7D2
0000584C
00000114
00000000
00000000
00000000
00000000
00000000
0002B912
0000AD0C
00000214
000D0006
00000000
00000000
00000000
00000000
00029509
0000A0AD
00000270
001E0000
00000002
00000000
00000000
00000000
0001C9CF
00005DC6
00000199
000C0000
00000000
00000000
00000000
00000000
00015DD8
00003A8E
000000D4
00010000
00000000
00000000
00000000
00000000
0001097E
00001EE9
0000005B
00000000
00000000
00000000
00000000
00000000
0000EC74
0000153D
00000059
00000000
00000001
00000000
00000000
00000000
0000D87C
00000EAF
0000003F
00000000
00000000
00000000
00000000
00000000
0000DF63
000010EF
0000004C
00000000
00000000
00000000
00000000
00000000
0000BC26
00000556
00000026
00000000
00000000
00000000
00000000
00000000
0000C133
00000711
0000001A
00000000
00000000
00000000
00000000
00000000
0000B5CC
00000352
0000000C
00000000
00000000
00000000
00000000
00000000
0000BD16
000005B8
00000014
00000000
00000000
00000000
00000000
00000000
0000B575
00000337
0000000A
00000000
00000000
00000000
00000000
00000000
0000ABB2
00000000
00000000
00000000
00000000
00000000
00000000
00000000
0000ABB2
00000000
00000000
00000000
00000000
00000000
00000000
00000000
0000ABB2
00000000
00000000
00000000
00000000
00000000
00000000
00000000
0000ABB2
00000000
00000000
00000000
00000000
00000000
00000000
00000000
0000ABB2
00000000
00000000
00000000
00000000
00000000
00000000
00000000
0000ABB2
00000000
00000000
00000000
00000000
00000000
00000000
00000000
0000ABB2
00000000
00000000
00000000
00000000
00000000
00000000
00000000
0000ABB2
00000000
00000000
00000000
00000000
00000000
00000000
00000000
0000ABB2
00000000
00000000
00000000
00000000
00000000
00000000
00000000
0000ABB2
00000000
00000000
00000000
00000000
00000000
00000000
00000000
0000ABB2
00000000
00000000
00000000
00000000
00000000
00000000
00000000
0000ABB2
00000000
00000000
00000000
00000000
00000000
00000000
00000000
0000ABB2
00000000
00000000
00000000
00000000
00000000
00000000
00000000
0000ABB2
00000000
00000000
00000000
00000000
00000000
00000000
00000000
0000ABB2
00000000
00000000
00000000
00000000
00000000
00000000
00000000
0000ABB2
00000000
00000000
00000000
00000000
00000000
00000000
00000000
0000ABB2
00000000
00000000
00000000
00000000
00000000
00000000
00000000
0000ABB2
00000000
00000000
00000000
00000000
00000000
00000000
00000000
0000ABB2
00000000
00000000
00000000
00000000
00000000
00000000
00000000
0000ABB2
00000000
00000000
00000000
00000000
00000000
00000000
00000000
0000ABB2
00000000
00000000
00000000
00000000
00000000
00000000
00000000
0000ABB2
00000000
00000000
00000000
00000000
00000000
00000000
00000000
0000ABB2
00000000
00000000
00000000
00000000
00000000
00000000
00000000
0000ABB2
00000000
00000000
00000000
00000000
00000000
00000000
00000000
0000ABB2
00000000
00000000
00000000
00000000
00000000
00000000
00000000
0000ABB2
00000000
00000000
00000000
00000000
00000000
00000000
00000000
0000ABB2
00000000
00000000
00000000
00000000
00000000
00000000
00000000
0000ABB2
00000000
00000000
00000000
00000000
00000000
00000000
00000000
0000ABB2
00000000
00000000
00000000
00000000
00000000
00000000
00000000
0000ABB2
00000000
00000000
00000000
00000000
00000000
00000000
00000000
0000ABB2
00000000
00000000
00000000
00000000
00000000
00000000
00000000
0000ABB2
00000000
00000000
00000000
00000000
00000000
00000000
00000000
0000ABB2
00000000
00000000
00000000
00000000
00000000
00000000
00000000
0000ABB2
00000000
00000000
00000000
00000000
00000000
00000000
00000000
0000ABB2
00000000
00000000
00000000
00000000
00000000
00000000
00000000
0000ABB2
00000000
00000000
00000000
00000000
00000000
00000000
00000000
0000ABB2
00000000
00000000
00000000
00000000
00000000
00000000
00000000
0000ABB2
00000000
00000000
00000000
00000000
00000000
00000000
00000000
0000ABB2
00000000
00000000
00000000
00000000
00000000
00000000
00000000
0000ABB2
00000000
00000000
00000000
00000000
00000000
00000000
00000000
0000ABB2
00000000
00000000
00000000
00000000
00000000
00000000
00000000
0000ABB2
00000000
00000000
00000000
00000000
00000000
00000000
00000000
0000ABB2
00000000
00000000
00000000
00000000
00000000
00000000
00000000
0000ABB2
00000000
00000000
00000000
00000000
00000000
00000000
00000000
0000ABB2
00000000
00000000
00000000
00000000
00000000
00000000
00000000
0000ABB2
00000000
00000000
00000000
00000000
00000000
00000000
00000000
0000ABB2
00000000
00000000
00000000
00000000
00000000
00000000
00000000
0000ABB2
00000000
00000000
00000000
00000000
00000000
00000000
00000000
0000ABB2
00000000
00000000
00000000
00000000
00000000
00000000
00000000
0000ABB2
00000000
00000000
00000000
00000000
00000000
00000000
00000000
0000ABB2
00000000
00000000
00000000
00000000
00000000
00000000
00000000
0000ABB2
00000000
00000000
00000000
00000000
00000000
00000000
00000000
0000ABB2
00000000
00000000
00000000
00000000
00000000
00000000
00000000
0000ABB2
00000000
00000000
00000000
00000000
00000000
00000000
00000000
0000ABB2
00000000
00000000
00000000
00000000
00000000
00000000
00000000
0000ABB2
00000000
00000000
00000000
00000000
00000000
00000000
00000000
0000ABB2
00000000
00000000
00000000
00000000
00000000
00000000
00000000
0000ABB2
00000000
00000000
00000000
00000000
00000000
00000000
00000000
0000ABB2
00000000
00000000
00000000
00000000
00000000
00000000
00000000
0000ABB2
00000000
00000000
00000000
00000000
00000000
00000000
00000000
0000ABB2
00000000
00000000
00000000
00000000
00000000
00000000
00000000
0000ABB2
00000000
00000000
00000000
00000000
00000000
00000000
00000000
0000ABB2
00000000
00000000
00000000
00000000
00000000
00000000
00000000
0000ABB2
00000000
00000000
00000000
00000000
00000000
00000000
00000000
0000ABB2
00000000
00000000
00000000
00000000
00000000
00000000
00000000
0000ABB2
00000000
00000000
00000000
00000000
00000000
00000000
00000000
0000ABB2
00000000
00000000
00000000
00000000
00000000
00000000
00000000
0000ABB2
00000000
00000000
00000000
00000000
00000000
00000000
00000000
0000ABB2
00000000
00000000
00000000
00000000
00000000
00000000
00000000
0000ABB2
00000000
00000000
00000000
00000000
00000000
00000000
00000000
0000ABB2
00000000
00000000
00000000
00000000
00000000
00000000
00000000
0000ABB2
00000000
00000000
00000000
00000000
00000000
00000000
00000000
0000ABB2
00000000
00000000
00000000
00000000
00000000
00000000
00000000
0000ABB2
00000000
00000000
00000000
00000000
00000000
00000000
00000000
0000ABB2
00000000
00000000
00000000
00000000
00000000
00000000
00000000
0000ABB2
00000000
00000000
00000000
00000000
00000000
00000000
00000000
0000ABB2
00000000
00000000
00000000
00000000
00000000
00000000
00000000
0000ABB2
00000000
00000000
00000000
00000000
00000000
00000000
00000000
0000ABB2
00000000
00000000
00000000
00000000
00000000
00000000
00000000
0000ABB2
00000000
00000000
00000000
00000000
00000000
00000000
00000000
0000ABB2
00000000
00000000
00000000
00000000
00000000
00000000
00000000
0000ABB2
00000000
00000000
00000000
00000000
00000000
00000000
00000000
0000ABB2
00000000
00000000
00000000
00000000
00000000
00000000
00000000
0000ABB2
00000000
00000000
00000000
00000000
00000000
00000000
00000000
0000ABB2
00000000
00000000
00000000
00000000
00000000
00000000
00000000
0000ABB2
00000000
00000000
00000000
00000000
00000000
00000000
00000000
0000ABB2
00000000
00000000
00000000
00000000
00000000
00000000
00000000
0000ABB2
00000000
00000000
00000000
00000000
00000000
00000000
00000000
0000ABB2
00000000
00000000
00000000
00000000
00000000
00000000
00000000
0000ABB2
00000000
00000000
00000000
00000000
00000000
00000000
00000000
0000ABB2
00000000
00000000
00000000
00000000
00000000
00000000
00000000
0000ABB2
00000000
00000000
00000000
00000000
00000000
00000000
00000000
0000ABB2
00000000
00000000
00000000
00000000
00000000
00000000
00000000
0000ABB2
00000000
00000000
00000000
00000000
00000000
00000000
00000000
0000ABB2
00000000
00000000
00000000
00000000
00000000
00000000
00000000
0000ABB2
00000000
00000000
00000000
00000000
00000000
00000000
00000000
0000ABB2
00000000
00000000
00000000
00000000
00000000
00000000
00000000
0000ABB2
00000000
00000000
00000000
00000000
00000000
00000000
00000000
0000ABB2
00000000
00000000
00000000
00000000
00000000
00000000
00000000
0000ABB2
00000000
00000000
00000000
00000000
00000000
00000000
00000000
0000ABB2
00000000
00000000
00000000
00000000
00000000
00000000
00000000
0000ABB2
00000000
00000000
00000000
00000000
00000000
00000000
00000000
0000ABB2
00000000
00000000
00000000
00000000
00000000
00000000
00000000
0000ABB2
00000000
00000000
00000000
00000000
00000000
00000000
00000000
0000ABB2
00000000
00000000
00000000
00000000
00000000
00000000
00000000
0000ABB2
00000000
00000000
00000000
00000000
00000000
00000000
00000000
0000ABB2
00000000
00000000
00000000
00000000
00000000
00000000
00000000
0000ABB2
00000000
00000000
00000000
00000000
00000000
00000000
00000000
0000ABB2
00000000
00000000
00000000
00000000
00000000
00000000
00000000
0000ABB2
00000000
00000000
00000000
00000000
00000000
00000000
00000000
0000ABB2
00000000
00000000
00000000
00000000
00000000
00000000
00000000
0000ABB2
00000000
00000000
00000000
00000000
00000000
00000000
00000000
0000ABB2
00000000
00000000
00000000
00000000
00000000
00000000
00000000
0000ABB2
00000000
00000000
00000000
00000000
00000000
00000000
00000000
0000ABB2
00000000
00000000
00000000
00000000
00000000
00000000
00000000
0000ABB2
00000000
00000000
00000000
00000000
00000000
00000000
00000000
0000ABB2
00000000
00000000
00000000
00000000
00000000
00000000
00000000
0000ABB2
00000000
00000000
00000000
00000000
00000000
00000000
00000000
0000ABB2
00000000
00000000
00000000
00000000
00000000
00000000
00000000
0000ABB2
00000000
00000000
00000000
00000000
00000000
00000000
00000000
0000ABB2
00000000
00000000
00000000
00000000
00000000
00000000
00000000
0000ABB2
00000000
00000000
00000000
00000000
00000000
00000000
00000000
0000ABB2
00000000
00000000
00000000
00000000
00000000
00000000
00000000
0000ABB2
00000000
00000000
00000000
00000000
00000000
00000000
00000000
0000ABB2
00000000
00000000
00000000
00000000
00000000
00000000
00000000
0000ABB2
00000000
00000000
00000000
00000000
00000000
00000000
00000000
0000ABB2
00000000
00000000
00000000
00000000
00000000
00000000
00000000
0000C745
000008D4
0000005D
00000000
00000000
00000000
00000000
00000000
00013156
00002C02
0006008A
00000000
00000000
00000000
00000000
00000000
0001E613
0000678A
00000141
00000002
00000000
00000000
00000000
00000000
00030145
0000C4C2
0000026F
000E0004
00000000
00000000
00000000
00000000
00028DF8
00009E52
00000270
001D0001
00000002
00000000
00000000
00000000
0001A18B
00005098
0000015B
00090001
00020000
00000000
00000000
00000000
00017B8A
00004458
000000F0
00020000
00000000
00000000
00000000
00000000
000116DA
00002340
00000078
00020000
00000000
00000000
00000000
00000000
0000EA5E
0000149C
00000048
00020000
00010000
00000000
00000000
00000000
0000E692
0000135B
00000045
00000000
00000000
00000000
00000000
00000000
0000C7F9
0000093D
00000030
00000000
00000000
00000000
00000000
00000000
0000B173
000001DB
00000010
00000000
00000000
00000000
00000000
00000000
0000B572
00000331
0000000F
00000000
00000000
00000000
00000000
00000000
0000B8C0
00000448
00000012
00000000
00000000
00000000
00000000
00000000
0000C0A6
000006E4
00000018
00000000
00000000
00000000
00000000
00000000
0000BA5E
000004D3
00000011
00000000
00000000
00000000
00000000
00000000
0000C3EE
00000802
00000012
00000000
00000000
00000000
00000000
00000000
0000C8EC
00000973
0000004B
00000000
00000000
00000000
00000000
00000000
0000F145
000016DD
00000054
00000000
00000000
00000000
00000000
00000000
0000F3B5
000017AF
00000052
00000000
00000000
00000000
00000000
00000000
0000D738
00000E53
0000002F
00000000
00000000
00000000
00000000
00000000
0000CAC6
00000A39
00000023
00000000
00000000
00000000
00000000
00000000
0000B97D
00000486
00000013
00000000
00000000
00000000
00000000
00000000
0000BA88
000004E3
0000000F
00000000
00000000
00000000
00000000
00000000
0000D3A5
00000D2E
00000023
00000000
00000000
00000000
00000000
00000000
0000BDD6
000005FA
00000012
00000000
00000000
00000000
00000000
00000000
0000B0C2
000001A4
0000000C
00000000
00000000
00000000
00000000
00000000
0000B098
0000019A
00000008
00000000
00000000
00000000
00000000
00000000
0000BB1B
00000516
0000000D
00000000
00000000
00000000
00000000
00000000
0000B8F0
00000460
0000000A
00000000
00000000
00000000
00000000
00000000
0000CCAF
00000AE5
0000001A
00000000
00000000
00000000
00000000
00000000
0000D0C3
00000C35
00000026
00000000
00000000
00000000
00000000
00000000
0000B5EA
0000035C
0000000C
00000000
00000000
00000000
00000000
00000000
0000B086
00000193
00000009
00000000
00000000
00000000
00000000
00000000
0000AE07
000000BF
00000008
00000000
00000000
00000000
00000000
00000000
0000AF0C
0000011A
00000004
00000000
00000000
00000000
00000000
00000000
0000B275
00000239
00000008
00000000
00000000
00000000
00000000
00000000
0000BC8C
00000589
00000015
00000000
00000000
00000000
00000000
00000000
0000AF90
00000145
00000005
00000000
00000000
00000000
00000000
00000000
0000B5B4
0000034E
00000008
00000000
00000000
00000000
00000000
00000000
0000C99A
000009E5
00000013
00000000
00000000
00000000
00000000
00000000
0000ABB2
00000000
00000000
00000000
00000000
00000000
00000000
00000000
0000ABB2
00000000
00000000
00000000
00000000
00000000
00000000
00000000
0000ABB2
00000000
00000000
00000000
00000000
00000000
00000000
00000000
0000ABB2
00000000
00000000
00000000
00000000
00000000
00000000
00000000
0000ABB2
00000000
00000000
00000000
00000000
00000000
00000000
00000000
0000ABB2
00000000
00000000
00000000
00000000
00000000
00000000
00000000
0000ABB2
00000000
00000000
00000000
00000000
00000000
00000000
00000000
0000ABB2
00000000
00000000
00000000
00000000
00000000
00000000
00000000
0000ABB2
00000000
00000000
00000000
00000000
00000000
00000000
00000000
0000ABB2
00000000
00000000
00000000
00000000
00000000
00000000
00000000
0000ABB2
00000000
00000000
00000000
00000000
00000000
00000000
00000000
0000ABB2
00000000
00000000
00000000
00000000
00000000
00000000
00000000
0000ABB2
00000000
00000000
00000000
00000000
00000000
00000000
00000000
0000ABB2
00000000
00000000
00000000
00000000
00000000
00000000
00000000
0000ABB2
00000000
00000000
00000000
00000000
00000000
00000000
00000000
0000ABB2
00000000
00000000
00000000
00000000
00000000
00000000
00000000
0000ABB2
00000000
00000000
00000000
00000000
00000000
00000000
00000000
0000ABB2
00000000
00000000
00000000
00000000
00000000
00000000
00000000
0000ABB2
00000000
00000000
00000000
00000000
00000000
00000000
00000000
0000ABB2
00000000
00000000
00000000
00000000
00000000
00000000
00000000
0000ABB2
00000000
00000000
00000000
00000000
00000000
00000000
00000000
0000ABB2
00000000
00000000
00000000
00000000
00000000
00000000
00000000
0000ABB2
00000000
00000000
00000000
00000000
00000000
00000000
00000000
0000ABB2
00000000
00000000
00000000
00000000
00000000
00000000
00000000
0000ABB2
00000000
00000000
00000000
00000000
00000000
00000000
00000000
0000ABB2
00000000
00000000
00000000
00000000
00000000
00000000
00000000
0000ABB2
00000000
00000000
00000000
00000000
00000000
00000000
00000000
0000ABB2
00000000
00000000
00000000
00000000
00000000
00000000
00000000
0000ABB2
00000000
00000000
00000000
00000000
00000000
00000000
00000000
0000ABB2
00000000
00000000
00000000
00000000
00000000
00000000
00000000
0000ABB2
00000000
00000000
00000000
00000000
00000000
00000000
00000000
0000ABB2
00000000
00000000
00000000
00000000
00000000
00000000
00000000
0000ABB2
00000000
00000000
00000000
00000000
00000000
00000000
00000000
0000ABB2
00000000
00000000
00000000
00000000
00000000
00000000
00000000
0000ABB2
00000000
00000000
00000000
00000000
00000000
00000000
00000000
0000ABB2
00000000
00000000
00000000
00000000
00000000
00000000
00000000
0000ABB2
00000000
00000000
00000000
00000000
00000000
00000000
00000000
0000ABB2
00000000
00000000
00000000
00000000
00000000
00000000
00000000
0000ABB2
00000000
00000000
00000000
00000000
00000000
00000000
00000000
0000ABB2
00000000
00000000
00000000
00000000
00000000
00000000
00000000
0000C745
000008D4
0000005D
00000000
00000000
00000000
00000000
00000000
00011C0E
000024FE
00040076
00000000
00000000
00000000
00000000
00000000
000194AD
00004CBB
000000EE
00000000
00000000
00000000
00000000
00000000
00026431
0000911B
000001BA
000D0006
00000000
00000000
00000000
00000000
00026F8C
00009480
0000021E
00200000
00000001
00000000
00000000
00000000
0001B7C0
000057E0
0000017A
00060000
00000001
00000000
00000000
00000000
000193C3
00004C6F
000000EC
00000000
00000000
00000000
00000000
00000000
0000F1FF
0000170B
00000064
00000000
00000000
00000000
00000000
00000000
0000E20C
000011E1
0000003D
00000000
00000001
00000000
00000000
00000000
0000F004
00001674
00000052
00000000
00000000
00000000
00000000
00000000
0000C5C5
00000883
0000002E
00000000
00000000
00000000
00000000
00000000
0000C25C
0000076E
00000020
00000000
00000000
00000000
00000000
00000000
0000CF58
00000BC7
0000001B
00000000
00000000
00000000
00000000
00000000
0000B761
000003DF
00000006
00000000
00000000
00000000
00000000
00000000
0000ABB2
00000000
00000000
00000000
00000000
00000000
00000000
00000000
0000ABB2
00000000
00000000
00000000
00000000
00000000
00000000
00000000
0000ABB2
00000000
00000000
00000000
00000000
00000000
00000000
00000000
0000ABB2
00000000
00000000
00000000
00000000
00000000
00000000
00000000
0000ABB2
00000000
00000000
00000000
00000000
00000000
00000000
00000000
0000ABB2
00000000
00000000
00000000
00000000
00000000
00000000
00000000
0000ABB2
00000000
00000000
00000000
00000000
00000000
00000000
00000000
0000ABB2
00000000
00000000
00000000
00000000
00000000
00000000
00000000
0000ABB2
00000000
00000000
00000000
00000000
00000000
00000000
00000000
0000ABB2
00000000
00000000
00000000
00000000
00000000
00000000
00000000
0000ABB2
00000000
00000000
00000000
00000000
00000000
00000000
00000000
0000ABB2
00000000
00000000
00000000
00000000
00000000
00000000
00000000
0000ABB2
00000000
00000000
00000000
00000000
00000000
00000000
00000000
0000ABB2
00000000
00000000
00000000
00000000
00000000
00000000
00000000
0000ABB2
00000000
00000000
00000000
00000000
00000000
00000000
00000000
0000ABB2
00000000
00000000
00000000
00000000
00000000
00000000
00000000
0000ABB2
00000000
00000000
00000000
00000000
00000000
00000000
00000000
0000ABB2
00000000
00000000
00000000
00000000
00000000
00000000
00000000
0000ABB2
00000000
00000000
00000000
00000000
00000000
00000000
00000000
0000ABB2
00000000
00000000
00000000
00000000
00000000
00000000
00000000
0000ABB2
00000000
00000000
00000000
00000000
00000000
00000000
00000000
0000ABB2
00000000
00000000
00000000
00000000
00000000
00000000
00000000
0000ABB2
00000000
00000000
00000000
00000000
00000000
00000000
00000000
0000ABB2
00000000
00000000
00000000
00000000
00000000
00000000
00000000
0000ABB2
00000000
00000000
00000000
00000000
00000000
00000000
00000000
0000ABB2
00000000
00000000
00000000
00000000
00000000
00000000
00000000
0000ABB2
00000000
00000000
00000000
00000000
00000000
00000000
00000000
0000ABB2
00000000
00000000
00000000
00000000
00000000
00000000
00000000
0000ABB2
00000000
00000000
00000000
00000000
00000000
00000000
00000000
0000ABB2
00000000
00000000
00000000
00000000
00000000
00000000
00000000
0000ABB2
00000000
00000000
00000000
00000000
00000000
00000000
00000000
0000ABB2
00000000
00000000
00000000
00000000
00000000
00000000
00000000
0000ABB2
00000000
00000000
00000000
00000000
00000000
00000000
00000000
0000ABB2
00000000
00000000
00000000
00000000
00000000
00000000
00000000
0000ABB2
00000000
00000000
00000000
00000000
00000000
00000000
00000000
0000ABB2
00000000
00000000
00000000
00000000
00000000
00000000
00000000
0000ABB2
00000000
00000000
00000000
00000000
00000000
00000000
00000000
0000ABB2
00000000
00000000
00000000
00000000
00000000
00000000
00000000
0000ABB2
00000000
00000000
00000000
00000000
00000000
00000000
00000000
0000ABB2
00000000
00000000
00000000
00000000
00000000
00000000
00000000
0000ABB2
00000000
00000000
00000000
00000000
00000000
00000000
00000000
0000ABB2
00000000
00000000
00000000
00000000
00000000
00000000
00000000
0000ABB2
00000000
00000000
00000000
00000000
00000000
00000000
00000000
0000ABB2
00000000
00000000
00000000
00000000
00000000
00000000
00000000
0000ABB2
00000000
00000000
00000000
00000000
00000000
00000000
00000000
0000ABB2
00000000
00000000
00000000
00000000
00000000
00000000
00000000
0000ABB2
00000000
00000000
00000000
00000000
00000000
00000000
00000000
0000ABB2
00000000
00000000
00000000
00000000
00000000
00000000
00000000
0000ABB2
00000000
00000000
00000000
00000000
00000000
00000000
00000000
0000ABB2
00000000
00000000
00000000
00000000
00000000
00000000
00000000
0000ABB2
00000000
00000000
00000000
00000000
00000000
00000000
00000000
0000ABB2
00000000
00000000
00000000
00000000
00000000
00000000
00000000
0000ABB2
00000000
00000000
00000000
00000000
00000000
00000000
00000000
0000ABB2
00000000
00000000
00000000
00000000
00000000
00000000
00000000
0000ABB2
00000000
00000000
00000000
00000000
00000000
00000000
00000000
0000ABB2
00000000
00000000
00000000
00000000
00000000
00000000
00000000
0000ABB2
00000000
00000000
00000000
00000000
00000000
00000000
00000000
0000ABB2
00000000
00000000
00000000
00000000
00000000
00000000
00000000
0000ABB2
00000000
00000000
00000000
00000000
00000000
00000000
00000000
0000ABB2
00000000
00000000
00000000
00000000
00000000
00000000
00000000
0000ABB2
00000000
00000000
00000000
00000000
00000000
00000000
00000000
0000ABB2
00000000
00000000
00000000
00000000
00000000
00000000
00000000
0000ABB2
00000000
00000000
00000000
00000000
00000000
00000000
00000000
0000ABB2
00000000
00000000
00000000
00000000
00000000
00000000
00000000
0000ABB2
00000000
00000000
00000000
00000000
00000000
00000000
00000000
0000ABB2
00000000
00000000
00000000
00000000
00000000
00000000
00000000
0000C745
000008D4
0000005D
00000000
00000000
00000000
00000000
00000000
00012D5A
00002AB2
00060086
00000000
00000000
00000000
00000000
00000000
0001CCA8
00005F34
0000011E
00000002
00000000
00000000
00000000
00000000
0002AB1D
0000A869
00000210
000C0004
00000000
00000000
00000000
00000000
00024AE4
0000886C
000001FA
001E0000
00000002
00000000
00000000
00000000
00018C94
000049B5
00000141
00080000
00020000
00000000
00000000
00000000
00014DD3
0000354A
000000C1
00020000
00000000
00000000
00000000
00000000
0000F4CF
00001806
00000059
00010000
00000000
00000000
00000000
00000000
0000CA72
00000A19
00000027
00050000
00010000
00000000
00000000
00000000
0000D603
00000DE2
00000039
00030000
00000000
00000000
00000000
00000000
0000E3F5
0000127D
00000044
00010000
00000000
00000000
00000000
00000000
0000C97C
000009CA
00000024
00020000
00000000
00000000
00000000
00000000
0000CF85
00000BD1
00000020
00020000
00000000
00000000
00000000
00000000
0000E15E
000011A9
0000003B
00020000
00000000
00000000
00000000
00000000
0000D8DF
00000EE6
00000029
00010000
00000000
00000000
00000000
00000000
0000C199
00000734
00000019
00000000
00000000
00000000
00000000
00000000
0000D71A
00000E44
00000034
00000000
00000000
00000000
00000000
00000000
0000CE44
00000B61
00000025
00000000
00000000
00000000
00000000
00000000
0000BE48
0000061B
00000017
00000000
00000000
00000000
00000000
00000000
0000B026
00000171
0000000B
00000000
00000000
00000000
00000000
00000000
0000AFFF
0000016B
00000004
00000000
00000000
00000000
00000000
00000000
0000ABBE
00000003
00000001
00000000
00000000
00000000
00000000
00000000
0000ABB2
00000000
00000000
00000000
00000000
00000000
00000000
00000000
0000ABB2
00000000
00000000
00000000
00000000
00000000
00000000
00000000
0000ABB2
00000000
00000000
00000000
00000000
00000000
00000000
00000000
0000ABB2
00000000
00000000
00000000
00000000
00000000
00000000
00000000
0000ABB2
00000000
00000000
00000000
00000000
00000000
00000000
00000000
0000ABB2
00000000
00000000
00000000
00000000
00000000
00000000
00000000
0000ABB2
00000000
00000000
00000000
00000000
00000000
00000000
00000000
0000ABB2
00000000
00000000
00000000
00000000
00000000
00000000
00000000
0000ABB2
00000000
00000000
00000000
00000000
00000000
00000000
00000000
0000ABB2
00000000
00000000
00000000
00000000
00000000
00000000
00000000
0000ABB2
00000000
00000000
00000000
00000000
00000000
00000000
00000000
0000ABB2
00000000
00000000
00000000
00000000
00000000
00000000
00000000
0000ABB2
00000000
00000000
00000000
00000000
00000000
00000000
00000000
0000ABB2
00000000
00000000
00000000
00000000
00000000
00000000
00000000
0000ABB2
00000000
00000000
00000000
00000000
00000000
00000000
00000000
0000ABB2
00000000
00000000
00000000
00000000
00000000
00000000
00000000
0000ABB2
00000000
00000000
00000000
00000000
00000000
00000000
00000000
0000ABB2
00000000
00000000
00000000
00000000
00000000
00000000
00000000
0000ABB2
00000000
00000000
00000000
00000000
00000000
00000000
00000000
0000ABB2
00000000
00000000
00000000
00000000
00000000
00000000
00000000
0000ABB2
00000000
00000000
00000000
00000000
00000000
00000000
00000000
0000ABB2
00000000
00000000
00000000
00000000
00000000
00000000
00000000
0000ABB2
00000000
00000000
00000000
00000000
00000000
00000000
00000000
0000ABB2
00000000
00000000
00000000
00000000
00000000
00000000
00000000
0000ABB2
00000000
00000000
00000000
00000000
00000000
00000000
00000000
0000ABB2
00000000
00000000
00000000
00000000
00000000
00000000
00000000
0000ABB2
00000000
00000000
00000000
00000000
00000000
00000000
00000000
0000ABB2
00000000
00000000
00000000
00000000
00000000
00000000
00000000
0000ABB2
00000000
00000000
00000000
00000000
00000000
00000000
00000000
0000ABB2
00000000
00000000
00000000
00000000
00000000
00000000
00000000
0000ABB2
00000000
00000000
00000000
00000000
00000000
00000000
00000000
0000ABB2
00000000
00000000
00000000
00000000
00000000
00000000
00000000
0000ABB2
00000000
00000000
00000000
00000000
00000000
00000000
00000000
0000ABB2
00000000
00000000
00000000
00000000
00000000
00000000
00000000
0000ABB2
00000000
00000000
00000000
00000000
00000000
00000000
00000000
0000ABB2
00000000
00000000
00000000
00000000
00000000
00000000
00000000
0000ABB2
00000000
00000000
00000000
00000000
00000000
00000000
00000000
0000ABB2
00000000
00000000
00000000
00000000
00000000
00000000
00000000
0000ABB2
00000000
00000000
00000000
00000000
00000000
00000000
00000000
0000ABB2
00000000
00000000
00000000
00000000
00000000
00000000
00000000
0000ABB2
00000000
00000000
00000000
00000000
00000000
00000000
00000000
0000ABB2
00000000
00000000
00000000
00000000
00000000
00000000
00000000
0000ABB2
00000000
00000000
00000000
00000000
00000000
00000000
00000000
0000ABB2
00000000
00000000
00000000
00000000
00000000
00000000
00000000
0000ABB2
00000000
00000000
00000000
00000000
00000000
00000000
00000000
0000ABB2
00000000
00000000
00000000
00000000
00000000
00000000
00000000
0000ABB2
00000000
00000000
00000000
00000000
00000000
00000000
00000000
0000ABB2
00000000
00000000
00000000
00000000
00000000
00000000
00000000
0000ABB2
00000000
00000000
00000000
00000000
00000000
00000000
00000000
0000C745
000008D4
0000005D
00000000
00000000
00000000
00000000
00000000
00012AEA
000029E4
00060084
00000000
00000000
00000000
00000000
00000000
0001C486
00005C86
00000116
00000002
00000000
00000000
00000000
00000000
00029E8D
0000A44F
000001FA
000C0004
00000000
00000000
00000000
00000000
00023A04
000082E1
000001E5
001B0000
00000001
00000000
00000000
00000000
000191C8
00004B6E
00000144
000C0000
00010001
00000000
00000000
00000000
00015400
00003746
000000D4
00020000
00000000
00000000
00000000
00000000
0000D69C
00000E00
0000004E
00010000
00000000
00000000
00000000
00000000
0000E03E
00001142
00000042
00030000
00000000
00000000
00000000
00000000
0000E40D
0000128B
0000003E
00040000
00000001
00000000
00000000
00000000
0000DFE1
0000111A
0000004B
00000000
00000000
00000000
00000000
00000000
0000C2FE
000007A8
0000001C
00010000
00000000
00000000
00000000
00000000
0000AF36
00000125
00000007
00000000
00000000
00000000
00000000
00000000
0000B3B0
0000029E
0000000C
00000000
00000000
00000000
00000000
00000000
0000B350
00000279
00000011
00000000
00000000
00000000
00000000
00000000
0000ADFE
000000BB
00000009
00000000
00000000
00000000
00000000
00000000
0000AEDC
00000104
0000000A
00000000
00000000
00000000
00000000
00000000
0000B0E3
000001AE
0000000D
00000000
00000000
00000000
00000000
00000000
0000AD44
00000081
00000005
00000000
00000000
00000000
00000000
00000000
0000B03E
0000017A
0000000A
00000000
00000000
00000000
00000000
00000000
0000B1CA
000001F8
00000010
00000000
00000000
00000000
00000000
00000000
0000ACE1
0000005F
00000006
00000000
00000000
00000000
00000000
00000000
0000AEC4
000000FD
00000009
00000000
00000000
00000000
00000000
00000000
0000B479
000002D9
00000014
00000000
00000000
00000000
00000000
00000000
0000AE28
000000CB
00000007
00000000
00000000
00000000
00000000
00000000
0000B0B3
000001A0
0000000B
00020000
00000000
00000000
00000000
00000000
0000B8A2
00000436
0000001A
00010000
00000000
00000000
00000000
00000000
0000B08C
00000192
0000000C
00000000
00000000
00000000
00000000
00000000
0000AF4B
0000012B
00000008
00000000
00000000
00000000
00000000
00000000
0000B21E
00000213
00000011
00000000
00000000
00000000
00000000
00000000
0000B014
0000016D
00000009
00000000
00000000
00000000
00000000
00000000
0000AE8B
000000EB
00000008
00000000
00000000
00000000
00000000
00000000
0000B31A
00000265
00000013
00000000
00000000
00000000
00000000
00000000
0000B368
00000285
0000000D
00000000
00000000
00000000
00000000
00000000
0000B04D
0000017E
0000000B
00000000
00000000
00000000
00000000
00000000
0000B563
00000326
00000015
00000000
00000000
00000000
00000000
00000000
0000BCAD
00000599
00000010
00000000
00000000
00000000
00000000
00000000
0000D03C
00000BFF
0000002F
00020000
00000000
00000000
00000000
00000000
0000D786
00000E5A
00000042
000A0000
00000000
00000000
00000000
00000000
0000E5E7
00001323
00000044
00060000
00000001
00000000
00000000
00000000
00010738
00001E03
0000007F
00000000
00000001
00000000
00000000
00000000
00010849
00001E74
00000069
00000000
00000000
00000000
00000000
00000000
0000D58E
00000DBE
00000036
00000000
00000000
00000000
00000000
00000000
0000BB90
00000535
00000015
00000000
00000000
00000000
00000000
00000000
0000C4CF
00000849
00000016
00000000
00000000
00000000
00000000
00000000
0000CB32
00000A65
0000001B
00000000
00000000
00000000
00000000
00000000
0000BAEE
00000505
0000000F
00000000
00000000
00000000
00000000
00000000
0000BED8
00000647
0000001B
00000000
00000000
00000000
00000000
00000000
0000B278
00000235
0000000D
00000000
00000000
00000000
00000000
00000000
0000B32F
00000272
0000000D
00000000
00000000
00000000
00000000
00000000
0000B0B0
000001A5
00000005
00000000
00000000
00000000
00000000
00000000
0000ACA5
0000004E
00000003
00000000
00000000
00000000
00000000
00000000
0000ADCE
000000B0
00000004
00000000
00000000
00000000
00000000
00000000
0000B37D
0000028D
0000000C
00000000
00000000
00000000
00000000
00000000
0000BC41
00000576
0000000F
00000000
00000000
00000000
00000000
00000000
0000BFAA
00000696
00000012
00000000
00000000
00000000
00000000
00000000
0000AFEA
00000165
00000003
00000000
00000000
00000000
00000000
00000000
0000ABB2
00000000
00000000
00000000
00000000
00000000
00000000
00000000
0000ABB2
00000000
00000000
00000000
00000000
00000000
00000000
00000000
0000ABB2
00000000
00000000
00000000
00000000
00000000
00000000
00000000
0000ABB2
00000000
00000000
00000000
00000000
00000000
00000000
00000000
0000ABB2
00000000
00000000
00000000
00000000
00000000
00000000
00000000
0000ABB2
00000000
00000000
00000000
00000000
00000000
00000000
00000000
0000ABB2
00000000
00000000
00000000
00000000
00000000
00000000
00000000
0000ABB2
00000000
00000000
00000000
00000000
00000000
00000000
00000000
0000ABB2
00000000
00000000
00000000
00000000
00000000
00000000
00000000
0000ABB2
00000000
00000000
00000000
00000000
00000000
00000000
00000000
0000ABB2
00000000
00000000
00000000
00000000
00000000
00000000
00000000
0000ABB2
00000000
00000000
00000000
00000000
00000000
00000000
00000000
0000ABB2
00000000
00000000
00000000
00000000
00000000
00000000
00000000
0000ABB2
00000000
00000000
00000000
00000000
00000000
00000000
00000000
0000ABB2
00000000
00000000
00000000
00000000
00000000
00000000
00000000
0000ABB2
00000000
00000000
00000000
00000000
00000000
00000000
00000000
0000ABB2
00000000
00000000
00000000
00000000
00000000
00000000
00000000
0000ABB2
00000000
00000000
00000000
00000000
00000000
00000000
00000000
0000ABB2
00000000
00000000
00000000
00000000
00000000
00000000
00000000
0000ABB2
00000000
00000000
00000000
00000000
00000000
00000000
00000000
0000ABB2
00000000
00000000
00000000
00000000
00000000
00000000
00000000
0000ABB2
00000000
00000000
00000000
00000000
00000000
00000000
00000000
0000ABB2
00000000
00000000
00000000
00000000
00000000
00000000
00000000
0000ABB2
00000000
00000000
00000000
00000000
00000000
00000000
00000000
0000ABB2
00000000
00000000
00000000
00000000
00000000
00000000
00000000
0000ABB2
00000000
00000000
00000000
00000000
00000000
00000000
00000000
0000ABB2
00000000
00000000
00000000
00000000
00000000
00000000
00000000
0000ABB2
00000000
00000000
00000000
00000000
00000000
00000000
00000000
0000ABB2
00000000
00000000
00000000
00000000
00000000
00000000
00000000
0000ABB2
00000000
00000000
00000000
00000000
00000000
00000000
00000000
0000ABB2
00000000
00000000
00000000
00000000
00000000
00000000
00000000
0000ABB2
00000000
00000000
00000000
00000000
00000000
00000000
00000000
0000ABB2
00000000
00000000
00000000
00000000
00000000
00000000
00000000
0000ABB2
00000000
00000000
00000000
00000000
00000000
00000000
00000000
0000ABB2
00000000
00000000
00000000
00000000
00000000
00000000
00000000
0000ABB2
00000000
00000000
00000000
00000000
00000000
00000000
00000000
0000ABB2
00000000
00000000
00000000
00000000
00000000
00000000
00000000
0000ABB2
00000000
00000000
00000000
00000000
00000000
00000000
00000000
0000ABB2
00000000
00000000
00000000
00000000
00000000
00000000
00000000
0000ABB2
00000000
00000000
00000000
00000000
00000000
00000000
00000000
0000ABB2
00000000
00000000
00000000
00000000
00000000
00000000
00000000
0000ABB2
00000000
00000000
00000000
00000000
00000000
00000000
00000000
0000ABB2
00000000
00000000
00000000
00000000
00000000
00000000
00000000
0000ABB2
00000000
00000000
00000000
00000000
00000000
00000000
00000000
0000ABB2
00000000
00000000
00000000
00000000
00000000
00000000
00000000
0000ABB2
00000000
00000000
00000000
00000000
00000000
00000000
00000000
0000ABB2
00000000
00000000
00000000
00000000
00000000
00000000
00000000
0000ABB2
00000000
00000000
00000000
00000000
00000000
00000000
00000000
0000ABB2
00000000
00000000
00000000
00000000
00000000
00000000
00000000
0000ABB2
00000000
00000000
00000000
00000000
00000000
00000000
00000000
0000C745
000008D4
0000005D
00000000
00000000
00000000
00000000
00000000
00012F5E
00002B5C
00060088
00000000
00000000
00000000
00000000
00000000
0001D422
000061A5
0000012B
00000002
00000000
00000000
00000000
00000000
000290E9
00009FB5
00000208
000C0004
00000000
00000000
00000000
00000000
00024DC0
0000895A
00000200
001D0000
00000002
00000000
00000000
00000000
0001ABAE
000053FF
00000155
00090000
00010000
00000000
00000000
00000000
0001387C
00002E2E
000000C0
00020000
00000000
00000000
00000000
00000000
0000D705
00000E2D
00000044
00000000
00000000
00000000
00000000
00000000
0000D1B6
00000C82
0000002A
00010000
00000000
00000000
00000000
00000000
0000C8FB
000009A5
0000001E
00000000
00000000
00000000
00000000
00000000
0000B9BC
0000049D
00000011
00000000
00000000
00000000
00000000
00000000
0000BC59
0000057F
0000000E
00000000
00000000
00000000
00000000
00000000
0000AEA9
000000F6
00000007
00000000
00000000
00000000
00000000
00000000
0000AD92
0000009F
00000001
00000000
00000000
00000000
00000000
00000000
0000ABB2
00000000
00000000
00000000
00000000
00000000
00000000
00000000
0000ABB2
00000000
00000000
00000000
00000000
00000000
00000000
00000000
0000ABB2
00000000
00000000
00000000
00000000
00000000
00000000
00000000
0000ABB2
00000000
00000000
00000000
00000000
00000000
00000000
00000000
0000ABB2
00000000
00000000
00000000
00000000
00000000
00000000
00000000
0000ABB2
00000000
00000000
00000000
00000000
00000000
00000000
00000000
0000ABB2
00000000
00000000
00000000
00000000
00000000
00000000
00000000
0000ABB2
00000000
00000000
00000000
00000000
00000000
00000000
00000000
0000ABB2
00000000
00000000
00000000
00000000
00000000
00000000
00000000
0000ABB2
00000000
00000000
00000000
00000000
00000000
00000000
00000000
0000ABB2
00000000
00000000
00000000
00000000
00000000
00000000
00000000
0000ABB2
00000000
00000000
00000000
00000000
00000000
00000000
00000000
0000ABB2
00000000
00000000
00000000
00000000
00000000
00000000
00000000
0000ABB2
00000000
00000000
00000000
00000000
00000000
00000000
00000000
0000ABB2
00000000
00000000
00000000
00000000
00000000
00000000
00000000
0000ABB2
00000000
00000000
00000000
00000000
00000000
00000000
00000000
0000ABB2
00000000
00000000
00000000
00000000
00000000
00000000
00000000
0000ABB2
00000000
00000000
00000000
00000000
00000000
00000000
00000000
0000ABB2
00000000
00000000
00000000
00000000
00000000
00000000
00000000
0000ABB2
00000000
00000000
00000000
00000000
00000000
00000000
00000000
0000ABB2
00000000
00000000
00000000
00000000
00000000
00000000
00000000
0000ABB2
00000000
00000000
00000000
00000000
00000000
00000000
00000000
0000ABB2
00000000
00000000
00000000
00000000
00000000
00000000
00000000
0000ABB2
00000000
00000000
00000000
00000000
00000000
00000000
00000000
0000ABB2
00000000
00000000
00000000
00000000
00000000
00000000
00000000
0000ABB2
00000000
00000000
00000000
00000000
00000000
00000000
00000000
0000ABB2
00000000
00000000
00000000
00000000
00000000
00000000
00000000
0000ABB2
00000000
00000000
00000000
00000000
00000000
00000000
00000000
0000ABB2
00000000
00000000
00000000
00000000
00000000
00000000
00000000
0000ABB2
00000000
00000000
00000000
00000000
00000000
00000000
00000000
0000ABB2
00000000
00000000
00000000
00000000
00000000
00000000
00000000
0000ABB2
00000000
00000000
00000000
00000000
00000000
00000000
00000000
0000ABB2
00000000
00000000
00000000
00000000
00000000
00000000
00000000
0000ABB2
00000000
00000000
00000000
00000000
00000000
00000000
00000000
0000ABB2
00000000
00000000
00000000
00000000
00000000
00000000
00000000
0000ABB2
00000000
00000000
00000000
00000000
00000000
00000000
00000000
0000ABB2
00000000
00000000
00000000
00000000
00000000
00000000
00000000
0000ABB2
00000000
00000000
00000000
00000000
00000000
00000000
00000000
0000ABB2
00000000
00000000
00000000
00000000
00000000
00000000
00000000
0000ABB2
00000000
00000000
00000000
00000000
00000000
00000000
00000000
0000ABB2
00000000
00000000
00000000
00000000
00000000
00000000
00000000
0000ABB2
00000000
00000000
00000000
00000000
00000000
00000000
00000000
0000C745
000008D4
0000005D
00000000
00000000
00000000
00000000
00000000
000129FD
00002996
00060083
00000000
00000000
00000000
00000000
00000000
0001B652
000057D2
0000010E
00000002
00000000
00000000
00000000
00000000
000299E9
0000A2C9
000001F4
00070004
00000000
00000000
00000000
00000000
00022987
00007D81
000001C6
001F0000
00000000
00000000
00000000
00000000
00019D47
00004F41
00000146
00090000
00010002
00000000
00000000
00000000
00015D12
00003A3A
000000E6
00010000
00000000
00000000
00000000
00000000
0000FC0D
00001A56
00000073
00010000
00000000
00000000
00000000
00000000
0000D846
00000EA8
00000034
00000000
00000000
00000000
00000000
00000000
0000C0AF
000006E0
0000001F
00000000
00000000
00000000
00000000
00000000
0000BBC6
0000054B
00000011
00000000
00000000
00000000
00000000
00000000
0000C18A
00000735
00000013
00000000
00000000
00000000
00000000
00000000
0000B61A
0000036E
0000000A
00000000
00000000
00000000
00000000
00000000
0000AC24
00000023
00000003
00000000
00000000
00000000
00000000
00000000
0000ABB2
00000000
00000000
00000000
00000000
00000000
00000000
00000000
0000ABB2
00000000
00000000
00000000
00000000
00000000
00000000
00000000
0000ABB2
00000000
00000000
00000000
00000000
00000000
00000000
00000000
0000ABB2
00000000
00000000
00000000
00000000
00000000
00000000
00000000
0000ABB2
00000000
00000000
00000000
00000000
00000000
00000000
00000000
0000ABB2
00000000
00000000
00000000
00000000
00000000
00000000
00000000
0000ABB2
00000000
00000000
00000000
00000000
00000000
00000000
00000000
0000ABB2
00000000
00000000
00000000
00000000
00000000
00000000
00000000
0000ABB2
00000000
00000000
00000000
00000000
00000000
00000000
00000000
0000ABB2
00000000
00000000
00000000
00000000
00000000
00000000
00000000
0000ABB2
00000000
00000000
00000000
00000000
00000000
00000000
00000000
0000ABB2
00000000
00000000
00000000
00000000
00000000
00000000
00000000
0000ABB2
00000000
00000000
00000000
00000000
00000000
00000000
00000000
0000ABB2
00000000
00000000
00000000
00000000
00000000
00000000
00000000
0000ABB2
00000000
00000000
00000000
00000000
00000000
00000000
00000000
0000ABB2
00000000
00000000
00000000
00000000
00000000
00000000
00000000
0000ABB2
00000000
00000000
00000000
00000000
00000000
00000000
00000000
0000ABB2
00000000
00000000
00000000
00000000
00000000
00000000
00000000
0000ABB2
00000000
00000000
00000000
00000000
00000000
00000000
00000000
0000ABB2
00000000
00000000
00000000
00000000
00000000
00000000
00000000
0000ABB2
00000000
00000000
00000000
00000000
00000000
00000000
00000000
0000ABB2
00000000
00000000
00000000
00000000
00000000
00000000
00000000
0000ABB2
00000000
00000000
00000000
00000000
00000000
00000000
00000000
0000ABB2
00000000
00000000
00000000
00000000
00000000
00000000
00000000
0000ABB2
00000000
00000000
00000000
00000000
00000000
00000000
00000000
0000ABB2
00000000
00000000
00000000
00000000
00000000
00000000
00000000
0000ABB2
00000000
00000000
00000000
00000000
00000000
00000000
00000000
0000ABB2
00000000
00000000
00000000
00000000
00000000
00000000
00000000
0000ABB2
00000000
00000000
00000000
00000000
00000000
00000000
00000000
0000ABB2
00000000
00000000
00000000
00000000
00000000
00000000
00000000
