timestep,cycles,synops,total,aPN1,vPN1,pC1,pIP10,pMP2,event_count,flags,event_start,state_saturation,accumulator_saturation,deadline_miss,event_overflow
0,43954,0,0,0,0,0,0,0,0,0,0,0,0,0,0
1,43954,0,0,0,0,0,0,0,0,0,0,0,0,0,0
2,43954,0,0,0,0,0,0,0,0,0,0,0,0,0,0
3,43954,0,0,0,0,0,0,0,0,0,0,0,0,0,0
4,43954,0,0,0,0,0,0,0,0,0,0,0,0,0,0
5,43954,0,0,0,0,0,0,0,0,0,0,0,0,0,0
6,43954,0,0,0,0,0,0,0,0,0,0,0,0,0,0
7,43954,0,0,0,0,0,0,0,0,0,0,0,0,0,0
8,43954,0,0,0,0,0,0,0,0,0,0,0,0,0,0
9,43954,0,0,0,0,0,0,0,0,0,0,0,0,0,0
10,43954,0,0,0,0,0,0,0,0,0,0,0,0,0,0
11,43954,0,0,0,0,0,0,0,0,0,0,0,0,0,0
12,43954,0,0,0,0,0,0,0,0,0,0,0,0,0,0
13,43954,0,0,0,0,0,0,0,0,0,0,0,0,0,0
14,43954,0,0,0,0,0,0,0,0,0,0,0,0,0,0
15,43954,0,0,0,0,0,0,0,0,0,0,0,0,0,0
16,43954,0,0,0,0,0,0,0,0,0,0,0,0,0,0
17,43954,0,0,0,0,0,0,0,0,0,0,0,0,0,0
18,43954,0,0,0,0,0,0,0,0,0,0,0,0,0,0
19,43954,0,0,0,0,0,0,0,0,0,0,0,0,0,0
20,43954,0,0,0,0,0,0,0,0,0,0,0,0,0,0
21,43954,0,0,0,0,0,0,0,0,0,0,0,0,0,0
22,43954,0,0,0,0,0,0,0,0,0,0,0,0,0,0
23,43954,0,0,0,0,0,0,0,0,0,0,0,0,0,0
24,43954,0,0,0,0,0,0,0,0,0,0,0,0,0,0
25,43954,0,0,0,0,0,0,0,0,0,0,0,0,0,0
26,43954,0,0,0,0,0,0,0,0,0,0,0,0,0,0
27,43954,0,0,0,0,0,0,0,0,0,0,0,0,0,0
28,43954,0,0,0,0,0,0,0,0,0,0,0,0,0,0
29,43954,0,0,0,0,0,0,0,0,0,0,0,0,0,0
30,43954,0,0,0,0,0,0,0,0,0,0,0,0,0,0
31,43954,0,0,0,0,0,0,0,0,0,0,0,0,0,0
32,43954,0,0,0,0,0,0,0,0,0,0,0,0,0,0
33,43954,0,0,0,0,0,0,0,0,0,0,0,0,0,0
34,43954,0,0,0,0,0,0,0,0,0,0,0,0,0,0
35,43954,0,0,0,0,0,0,0,0,0,0,0,0,0,0
36,43954,0,0,0,0,0,0,0,0,0,0,0,0,0,0
37,43954,0,0,0,0,0,0,0,0,0,0,0,0,0,0
38,43954,0,0,0,0,0,0,0,0,0,0,0,0,0,0
39,43954,0,0,0,0,0,0,0,0,0,0,0,0,0,0
40,43954,0,0,0,0,0,0,0,0,0,0,0,0,0,0
41,43954,0,0,0,0,0,0,0,0,0,0,0,0,0,0
42,43954,0,0,0,0,0,0,0,0,0,0,0,0,0,0
43,43954,0,0,0,0,0,0,0,0,0,0,0,0,0,0
44,43954,0,0,0,0,0,0,0,0,0,0,0,0,0,0
45,43954,0,0,0,0,0,0,0,0,0,0,0,0,0,0
46,43954,0,0,0,0,0,0,0,0,0,0,0,0,0,0
47,43954,0,0,0,0,0,0,0,0,0,0,0,0,0,0
48,43954,0,0,0,0,0,0,0,0,0,0,0,0,0,0
49,43954,0,0,0,0,0,0,0,0,0,0,0,0,0,0
50,43954,0,0,0,0,0,0,0,0,0,0,0,0,0,0
51,43954,0,0,0,0,0,0,0,0,0,0,0,0,0,0
52,43954,0,0,0,0,0,0,0,0,0,0,0,0,0,0
53,43954,0,0,0,0,0,0,0,0,0,0,0,0,0,0
54,43954,0,0,0,0,0,0,0,0,0,0,0,0,0,0
55,43954,0,0,0,0,0,0,0,0,0,0,0,0,0,0
56,43954,0,0,0,0,0,0,0,0,0,0,0,0,0,0
57,43954,0,0,0,0,0,0,0,0,0,0,0,0,0,0
58,43954,0,0,0,0,0,0,0,0,0,0,0,0,0,0
59,43954,0,0,0,0,0,0,0,0,0,0,0,0,0,0
60,43954,0,0,0,0,0,0,0,0,0,0,0,0,0,0
61,43954,0,0,0,0,0,0,0,0,0,0,0,0,0,0
62,43954,0,0,0,0,0,0,0,0,0,0,0,0,0,0
63,43954,0,0,0,0,0,0,0,0,0,0,0,0,0,0
64,43954,0,0,0,0,0,0,0,0,0,0,0,0,0,0
65,43954,0,0,0,0,0,0,0,0,0,0,0,0,0,0
66,43954,0,0,0,0,0,0,0,0,0,0,0,0,0,0
67,43954,0,0,0,0,0,0,0,0,0,0,0,0,0,0
68,43954,0,0,0,0,0,0,0,0,0,0,0,0,0,0
69,43954,0,0,0,0,0,0,0,0,0,0,0,0,0,0
70,43954,0,0,0,0,0,0,0,0,0,0,0,0,0,0
71,43954,0,0,0,0,0,0,0,0,0,0,0,0,0,0
72,43954,0,0,0,0,0,0,0,0,0,0,0,0,0,0
73,43954,0,0,0,0,0,0,0,0,0,0,0,0,0,0
74,43954,0,0,0,0,0,0,0,0,0,0,0,0,0,0
75,43954,0,0,0,0,0,0,0,0,0,0,0,0,0,0
76,43954,0,0,0,0,0,0,0,0,0,0,0,0,0,0
77,43954,0,0,0,0,0,0,0,0,0,0,0,0,0,0
78,43954,0,0,0,0,0,0,0,0,0,0,0,0,0,0
79,43954,0,0,0,0,0,0,0,0,0,0,0,0,0,0
80,43954,0,0,0,0,0,0,0,0,0,0,0,0,0,0
81,43954,0,0,0,0,0,0,0,0,0,0,0,0,0,0
82,43954,0,0,0,0,0,0,0,0,0,0,0,0,0,0
83,43954,0,0,0,0,0,0,0,0,0,0,0,0,0,0
84,43954,0,0,0,0,0,0,0,0,0,0,0,0,0,0
85,43954,0,0,0,0,0,0,0,0,0,0,0,0,0,0
86,43954,0,0,0,0,0,0,0,0,0,0,0,0,0,0
87,43954,0,0,0,0,0,0,0,0,0,0,0,0,0,0
88,43954,0,0,0,0,0,0,0,0,0,0,0,0,0,0
89,43954,0,0,0,0,0,0,0,0,0,0,0,0,0,0
90,43954,0,0,0,0,0,0,0,0,0,0,0,0,0,0
91,43954,0,0,0,0,0,0,0,0,0,0,0,0,0,0
92,43954,0,0,0,0,0,0,0,0,0,0,0,0,0,0
93,43954,0,0,0,0,0,0,0,0,0,0,0,0,0,0
94,43954,0,0,0,0,0,0,0,0,0,0,0,0,0,0
95,43954,0,0,0,0,0,0,0,0,0,0,0,0,0,0
96,43954,0,0,0,0,0,0,0,0,0,0,0,0,0,0
97,43954,0,0,0,0,0,0,0,0,0,0,0,0,0,0
98,43954,0,0,0,0,0,0,0,0,0,0,0,0,0,0
99,43954,0,0,0,0,0,0,0,0,0,0,0,0,0,0
100,51013,2260,93,0,0,0,0,0,0,0,0,0,0,0,0
101,78166,11266,138,6,0,0,0,0,0,0,0,0,0,0,0
102,124591,26557,322,0,2,0,0,0,0,0,0,0,0,0,0
103,199063,51067,636,0,4,14,0,0,0,0,0,0,0,0,0
104,166432,40210,616,0,1,29,2,0,0,0,0,0,0,0,0
105,105691,20233,346,0,1,9,0,2,0,0,0,0,0,0,0
106,96541,17302,227,0,0,2,0,0,0,0,0,0,0,0,0
107,65470,7075,97,0,0,2,0,0,0,0,0,0,0,0,0
108,56749,4207,58,0,0,2,0,1,0,0,0,0,0,0,0
109,58240,4693,69,0,0,1,0,1,0,0,0,0,0,0,0
110,53404,3098,52,0,0,0,0,0,0,0,0,0,0,0,0
111,49219,1729,26,0,0,0,0,0,0,0,0,0,0,0,0
112,45868,626,12,0,0,0,0,0,0,0,0,0,0,0,0
113,45247,424,7,0,0,0,0,0,0,0,0,0,0,0,0
114,49423,1799,24,0,0,0,0,0,0,0,0,0,0,0,0
115,45478,497,11,0,0,0,0,0,0,0,0,0,0,0,0
116,45751,589,10,0,0,0,0,0,0,0,0,0,0,0,0
117,44155,65,2,0,0,0,0,0,0,0,0,0,0,0,0
118,45226,418,6,0,0,0,0,0,0,0,0,0,0,0,0
119,43954,0,0,0,0,0,0,0,0,0,0,0,0,0,0
120,43954,0,0,0,0,0,0,0,0,0,0,0,0,0,0
121,43954,0,0,0,0,0,0,0,0,0,0,0,0,0,0
122,43954,0,0,0,0,0,0,0,0,0,0,0,0,0,0
123,43954,0,0,0,0,0,0,0,0,0,0,0,0,0,0
124,43954,0,0,0,0,0,0,0,0,0,0,0,0,0,0
125,43954,0,0,0,0,0,0,0,0,0,0,0,0,0,0
126,43954,0,0,0,0,0,0,0,0,0,0,0,0,0,0
127,43954,0,0,0,0,0,0,0,0,0,0,0,0,0,0
128,43954,0,0,0,0,0,0,0,0,0,0,0,0,0,0
129,43954,0,0,0,0,0,0,0,0,0,0,0,0,0,0
130,43954,0,0,0,0,0,0,0,0,0,0,0,0,0,0
131,43954,0,0,0,0,0,0,0,0,0,0,0,0,0,0
132,43954,0,0,0,0,0,0,0,0,0,0,0,0,0,0
133,43954,0,0,0,0,0,0,0,0,0,0,0,0,0,0
134,43954,0,0,0,0,0,0,0,0,0,0,0,0,0,0
135,43954,0,0,0,0,0,0,0,0,0,0,0,0,0,0
136,51013,2260,93,0,0,0,0,0,0,0,0,0,0,0,0
137,72634,9443,117,6,0,0,0,0,0,0,0,0,0,0,0
138,100411,18591,228,0,0,0,0,0,0,0,0,0,0,0,0
139,119236,24817,277,0,5,4,0,0,0,0,0,0,0,0,0
140,127498,27500,348,0,1,31,0,0,0,0,0,0,0,0,0
141,109315,21461,326,0,1,11,2,0,0,0,0,0,0,0,0
142,81103,12164,219,0,0,2,0,0,0,0,0,0,0,0,0
143,79759,11777,158,0,0,0,0,0,0,0,0,0,0,0,0
144,55696,3852,62,0,0,0,0,0,0,0,0,0,0,0,0
145,51844,2600,30,0,0,0,0,0,0,0,0,0,0,0,0
146,55231,3711,48,0,0,0,0,0,0,0,0,0,0,0,0
147,49711,1894,25,0,0,0,0,0,0,0,0,0,0,0,0
148,48574,1517,23,0,0,0,0,0,0,0,0,0,0,0,0
149,46423,808,15,0,0,0,0,0,0,0,0,0,0,0,0
150,46456,822,12,0,0,0,0,0,0,0,0,0,0,0,0
151,47953,1320,13,0,0,0,0,0,0,0,0,0,0,0,0
152,50752,2251,15,0,0,0,0,0,0,0,0,0,0,0,0
153,46930,980,12,0,0,0,0,0,0,0,0,0,0,0,0
154,46342,785,11,0,0,0,0,0,0,0,0,0,0,0,0
155,45724,578,12,0,0,0,0,0,0,0,0,0,0,0,0
156,46225,744,13,0,0,0,0,0,0,0,0,0,0,0,0
157,45544,519,11,0,0,0,0,0,0,0,0,0,0,0,0
158,47035,1012,15,0,0,0,0,0,0,0,0,0,0,0,0
159,46084,699,11,0,0,0,0,0,0,0,0,0,0,0,0
160,49135,1711,16,0,0,0,0,0,0,0,0,0,0,0,0
161,45103,376,7,0,0,0,0,0,0,0,0,0,0,0,0
162,44638,223,5,0,0,0,0,0,0,0,0,0,0,0,0
163,44515,183,4,0,0,0,0,0,0,0,0,0,0,0,0
164,46945,984,13,0,0,0,0,0,0,0,0,0,0,0,0
165,45946,658,6,0,0,0,0,0,0,0,0,0,0,0,0
166,46012,680,6,0,0,0,0,0,0,0,0,0,0,0,0
167,44992,344,2,0,0,0,0,0,0,0,0,0,0,0,0
168,43954,0,0,0,0,0,0,0,0,0,0,0,0,0,0
169,43954,0,0,0,0,0,0,0,0,0,0,0,0,0,0
170,43954,0,0,0,0,0,0,0,0,0,0,0,0,0,0
171,51013,2260,93,0,0,0,0,0,0,0,0,0,0,0,0
172,72496,9395,119,6,0,0,0,0,0,0,0,0,0,0,0
173,96016,17132,222,0,2,0,0,0,0,0,0,0,0,0,0
174,110584,21956,254,0,4,7,0,0,0,0,0,0,0,0,0
175,124105,26404,313,0,1,20,0,0,0,0,0,0,0,0,0
176,92521,15953,236,0,1,16,2,0,0,0,0,0,0,0,0
177,76024,10506,184,0,0,1,0,0,0,0,0,0,0,0,0
178,66643,7456,107,0,0,0,0,0,0,0,0,0,0,0,0
179,59059,4979,56,0,0,1,0,0,0,0,0,0,0,0,0
180,60556,5453,81,0,0,1,0,0,0,0,0,0,0,0,0
181,61315,5724,63,0,0,0,0,0,0,0,0,0,0,0,0
182,62944,6269,61,0,0,0,0,0,0,0,0,0,0,0,0
183,56518,4129,59,0,0,3,0,0,0,0,0,0,0,0,0
184,53047,2983,48,0,0,0,0,0,0,0,0,0,0,0,0
185,51088,2350,28,0,0,0,0,0,0,0,0,0,0,0,0
186,49348,1777,21,0,0,0,0,0,0,0,0,0,0,0,0
187,50134,2025,35,0,0,0,0,0,0,0,0,0,0,0,0
188,46522,839,17,0,0,0,0,0,0,0,0,0,0,0,0
189,46363,781,22,0,0,0,0,0,0,0,0,0,0,0,0
190,44218,83,5,0,0,0,0,0,0,0,0,0,0,0,0
191,44971,330,9,0,0,0,0,0,0,0,0,0,0,0,0
192,45619,537,18,0,0,0,0,0,0,0,0,0,0,0,0
193,44842,287,9,0,0,0,0,0,0,0,0,0,0,0,0
194,44545,190,7,0,0,0,0,0,0,0,0,0,0,0,0
195,45799,599,16,0,0,0,0,0,0,0,0,0,0,0,0
196,44287,106,5,0,0,0,0,0,0,0,0,0,0,0,0
197,44788,269,9,0,0,0,0,0,0,0,0,0,0,0,0
198,45889,625,20,0,0,0,0,0,0,0,0,0,0,0,0
199,44665,230,7,0,0,0,0,0,0,0,0,0,0,0,0
200,44962,327,9,0,0,0,0,0,0,0,0,0,0,0,0
201,45589,529,16,0,0,0,0,0,0,0,0,0,0,0,0
202,44767,259,12,0,0,0,0,0,0,0,0,0,0,0,0
203,45193,402,11,0,0,0,0,0,0,0,0,0,0,0,0
204,45880,623,19,0,0,0,0,0,0,0,0,0,0,0,0
205,51973,2578,95,0,0,0,0,0,0,0,0,0,0,0,0
206,79948,11855,143,5,0,0,0,0,0,0,0,0,0,0,0
207,96085,17146,231,0,1,0,0,0,0,0,0,0,0,0,0
208,107854,21060,240,0,4,2,0,0,0,0,0,0,0,0,0
209,112798,22672,276,0,1,19,0,0,0,0,0,0,0,0,0
210,96070,17134,238,0,1,19,0,0,0,0,0,0,0,0,0
211,71806,9128,156,0,0,2,0,0,0,0,0,0,0,0,0
212,71173,8961,112,0,0,0,0,0,0,0,0,0,0,0,0
213,59650,5146,86,0,0,0,0,0,0,0,0,0,0,0,0
214,48820,1590,32,0,0,1,0,0,0,0,0,0,0,0,0
215,56701,4207,42,0,0,1,0,0,0,0,0,0,0,0,0
216,54379,3436,39,0,0,0,0,0,0,0,0,0,0,0,0
217,50746,2232,32,0,0,0,0,0,0,0,0,0,0,0,0
218,55999,3971,44,0,0,0,0,0,0,0,0,0,0,0,0
219,69913,8571,82,0,0,1,0,0,0,0,0,0,0,0,0
220,62611,6136,83,0,0,1,0,0,0,0,0,0,0,0,0
221,64150,6652,80,0,0,0,0,0,0,0,0,0,0,0,0
222,52678,2870,38,0,0,0,0,0,0,0,0,0,0,0,0
223,57385,4431,46,0,0,0,0,0,0,0,0,0,0,0,0
224,51538,2492,36,0,0,1,0,0,0,0,0,0,0,0,0
225,53314,3075,45,0,0,0,0,0,0,0,0,0,0,0,0
226,50467,2142,29,0,0,0,0,0,0,0,0,0,0,0,0
227,46507,830,21,0,0,0,0,0,0,0,0,0,0,0,0
228,47731,1240,19,0,0,0,0,0,0,0,0,0,0,0,0
229,51124,2361,29,0,0,0,0,0,0,0,0,0,0,0,0
230,47311,1111,8,0,0,0,0,0,0,0,0,0,0,0,0
231,47128,1043,15,0,0,0,0,0,0,0,0,0,0,0,0
232,44515,183,4,0,0,0,0,0,0,0,0,0,0,0,0
233,46228,749,9,0,0,0,0,0,0,0,0,0,0,0,0
234,43954,0,0,0,0,0,0,0,0,0,0,0,0,0,0
235,43954,0,0,0,0,0,0,0,0,0,0,0,0,0,0
236,43954,0,0,0,0,0,0,0,0,0,0,0,0,0,0
237,43954,0,0,0,0,0,0,0,0,0,0,0,0,0,0
238,43954,0,0,0,0,0,0,0,0,0,0,0,0,0,0
239,43954,0,0,0,0,0,0,0,0,0,0,0,0,0,0
240,49849,1887,78,0,0,0,0,0,0,0,0,0,0,0,0
241,68422,8046,110,3,0,0,0,0,0,0,0,0,0,0,0
242,81814,12459,161,0,0,0,0,0,0,0,0,0,0,0,0
243,72436,9387,107,0,0,0,0,0,0,0,0,0,0,0,0
244,74197,9983,98,0,0,10,0,0,0,0,0,0,0,0,0
245,59011,4964,55,0,0,5,0,0,0,0,0,0,0,0,0
246,61891,5904,75,0,0,9,0,0,0,0,0,0,0,0,0
247,58840,4885,77,0,0,2,0,0,0,0,0,0,0,0,0
248,52996,2977,37,0,0,1,0,0,0,0,0,0,0,0,0
249,48139,1379,16,0,0,1,0,0,0,0,0,0,0,0,0
250,46513,835,18,0,0,1,0,0,0,0,0,0,0,0,0
251,48058,1353,15,0,0,1,0,0,0,0,0,0,0,0,0
252,47017,1001,20,0,0,0,0,0,0,0,0,0,0,0,0
253,49609,1865,20,0,0,0,0,0,0,0,0,0,0,0,0
254,47740,1247,15,0,0,0,0,0,0,0,0,0,0,0,0
255,44347,127,4,0,0,0,0,0,0,0,0,0,0,0,0
256,44794,277,3,0,0,0,0,0,0,0,0,0,0,0,0
257,43954,0,0,0,0,0,0,0,0,0,0,0,0,0,0
258,43954,0,0,0,0,0,0,0,0,0,0,0,0,0,0
259,43954,0,0,0,0,0,0,0,0,0,0,0,0,0,0
260,43954,0,0,0,0,0,0,0,0,0,0,0,0,0,0
261,43954,0,0,0,0,0,0,0,0,0,0,0,0,0,0
262,43954,0,0,0,0,0,0,0,0,0,0,0,0,0,0
263,43954,0,0,0,0,0,0,0,0,0,0,0,0,0,0
264,43954,0,0,0,0,0,0,0,0,0,0,0,0,0,0
265,43954,0,0,0,0,0,0,0,0,0,0,0,0,0,0
266,43954,0,0,0,0,0,0,0,0,0,0,0,0,0,0
267,43954,0,0,0,0,0,0,0,0,0,0,0,0,0,0
268,43954,0,0,0,0,0,0,0,0,0,0,0,0,0,0
269,43954,0,0,0,0,0,0,0,0,0,0,0,0,0,0
270,43954,0,0,0,0,0,0,0,0,0,0,0,0,0,0
271,43954,0,0,0,0,0,0,0,0,0,0,0,0,0,0
272,43954,0,0,0,0,0,0,0,0,0,0,0,0,0,0
273,43954,0,0,0,0,0,0,0,0,0,0,0,0,0,0
274,43954,0,0,0,0,0,0,0,0,0,0,0,0,0,0
275,51013,2260,93,0,0,0,0,0,0,0,0,0,0,0,0
276,73183,9623,120,5,0,0,0,0,0,0,0,0,0,0,0
277,93907,16444,207,0,1,0,0,0,0,0,0,0,0,0,0
278,108739,21329,266,0,5,4,0,0,0,0,0,0,0,0,0
279,129055,28030,337,0,0,22,0,0,0,0,0,0,0,0,0
280,97756,17679,255,0,1,14,2,0,0,0,0,0,0,0,0
281,69097,8227,154,0,0,1,0,0,0,0,0,0,0,0,0
282,51394,2430,50,0,0,0,0,0,0,0,0,0,0,0,0
283,48196,1382,32,0,0,0,0,0,0,0,0,0,0,0,0
284,49846,1939,25,0,0,0,0,0,0,0,0,0,0,0,0
285,54943,3637,26,0,0,0,0,0,0,0,0,0,0,0,0
286,46489,831,14,0,0,0,0,0,0,0,0,0,0,0,0
287,48289,1435,10,0,0,0,0,0,0,0,0,0,0,0,0
288,43954,0,0,0,0,0,0,0,0,0,0,0,0,0,0
289,43954,0,0,0,0,0,0,0,0,0,0,0,0,0,0
290,43954,0,0,0,0,0,0,0,0,0,0,0,0,0,0
291,43954,0,0,0,0,0,0,0,0,0,0,0,0,0,0
292,43954,0,0,0,0,0,0,0,0,0,0,0,0,0,0
293,43954,0,0,0,0,0,0,0,0,0,0,0,0,0,0
294,43954,0,0,0,0,0,0,0,0,0,0,0,0,0,0
295,43954,0,0,0,0,0,0,0,0,0,0,0,0,0,0
296,43954,0,0,0,0,0,0,0,0,0,0,0,0,0,0
297,43954,0,0,0,0,0,0,0,0,0,0,0,0,0,0
298,43954,0,0,0,0,0,0,0,0,0,0,0,0,0,0
299,43954,0,0,0,0,0,0,0,0,0,0,0,0,0,0
300,43954,0,0,0,0,0,0,0,0,0,0,0,0,0,0
301,43954,0,0,0,0,0,0,0,0,0,0,0,0,0,0
302,43954,0,0,0,0,0,0,0,0,0,0,0,0,0,0
303,43954,0,0,0,0,0,0,0,0,0,0,0,0,0,0
304,43954,0,0,0,0,0,0,0,0,0,0,0,0,0,0
305,43954,0,0,0,0,0,0,0,0,0,0,0,0,0,0
306,43954,0,0,0,0,0,0,0,0,0,0,0,0,0,0
307,43954,0,0,0,0,0,0,0,0,0,0,0,0,0,0
308,43954,0,0,0,0,0,0,0,0,0,0,0,0,0,0
309,43954,0,0,0,0,0,0,0,0,0,0,0,0,0,0
310,51013,2260,93,0,0,0,0,0,0,0,0,0,0,0,0
311,71731,9145,114,5,0,0,0,0,0,0,0,0,0,0,0
312,94489,16636,209,0,1,0,0,0,0,0,0,0,0,0,0
313,124972,26687,319,0,5,6,0,0,0,0,0,0,0,0,0
314,135703,30191,392,0,0,30,0,0,0,0,0,0,0,0,0
315,110578,21836,372,0,1,8,2,0,0,0,0,0,0,0,0
316,87715,14371,216,0,0,0,0,0,0,0,0,0,0,0,0
317,72100,9243,139,0,0,0,0,0,0,0,0,0,0,0,0
318,58750,4863,69,0,0,1,0,0,0,0,0,0,0,0,0
319,56665,4177,60,0,0,0,0,0,0,0,0,0,0,0,0
320,49558,1841,27,0,0,0,0,0,0,0,0,0,0,0,0
321,46648,885,13,0,0,0,0,0,0,0,0,0,0,0,0
322,44446,160,4,0,0,0,0,0,0,0,0,0,0,0,0
323,43954,0,0,0,0,0,0,0,0,0,0,0,0,0,0
324,43954,0,0,0,0,0,0,0,0,0,0,0,0,0,0
325,43954,0,0,0,0,0,0,0,0,0,0,0,0,0,0
326,43954,0,0,0,0,0,0,0,0,0,0,0,0,0,0
327,43954,0,0,0,0,0,0,0,0,0,0,0,0,0,0
328,43954,0,0,0,0,0,0,0,0,0,0,0,0,0,0
329,43954,0,0,0,0,0,0,0,0,0,0,0,0,0,0
330,43954,0,0,0,0,0,0,0,0,0,0,0,0,0,0
331,43954,0,0,0,0,0,0,0,0,0,0,0,0,0,0
332,43954,0,0,0,0,0,0,0,0,0,0,0,0,0,0
333,43954,0,0,0,0,0,0,0,0,0,0,0,0,0,0
334,43954,0,0,0,0,0,0,0,0,0,0,0,0,0,0
335,43954,0,0,0,0,0,0,0,0,0,0,0,0,0,0
336,43954,0,0,0,0,0,0,0,0,0,0,0,0,0,0
337,43954,0,0,0,0,0,0,0,0,0,0,0,0,0,0
338,43954,0,0,0,0,0,0,0,0,0,0,0,0,0,0
339,43954,0,0,0,0,0,0,0,0,0,0,0,0,0,0
340,43954,0,0,0,0,0,0,0,0,0,0,0,0,0,0
341,43954,0,0,0,0,0,0,0,0,0,0,0,0,0,0
342,43954,0,0,0,0,0,0,0,0,0,0,0,0,0,0
343,43954,0,0,0,0,0,0,0,0,0,0,0,0,0,0
344,43954,0,0,0,0,0,0,0,0,0,0,0,0,0,0
345,50788,2188,90,0,0,0,0,0,0,0,0,0,0,0,0
346,71713,9137,116,5,0,0,0,0,0,0,0,0,0,0,0
347,91402,15621,195,0,1,0,0,0,0,0,0,0,0,0,0
348,108133,21148,245,0,6,3,0,0,0,0,0,0,0,0,0
349,117439,24200,295,0,0,23,0,0,0,0,0,0,0,0,0
350,105163,20108,295,0,0,10,2,0,0,0,0,0,0,0,0
351,86077,13799,242,0,0,3,0,0,0,0,0,0,0,0,0
352,78715,11445,142,0,0,2,0,0,0,0,0,0,0,0,0
353,57784,4540,70,0,0,0,0,0,0,0,0,0,0,0,0
354,54253,3379,54,0,0,0,0,0,0,0,0,0,0,0,0
355,51529,2487,38,0,0,0,0,0,0,0,0,0,0,0,0
356,53731,3216,43,0,0,0,0,0,0,0,0,0,0,0,0
357,51376,2444,30,0,0,0,0,0,0,0,0,0,0,0,0
358,46711,904,15,0,0,0,0,0,0,0,0,0,0,0,0
359,47314,1108,12,0,0,0,0,0,0,0,0,0,0,0,0
360,44155,65,2,0,0,0,0,0,0,0,0,0,0,0,0
361,44614,215,5,0,0,0,0,0,0,0,0,0,0,0,0
362,44239,94,1,0,0,0,0,0,0,0,0,0,0,0,0
363,43954,0,0,0,0,0,0,0,0,0,0,0,0,0,0
364,43954,0,0,0,0,0,0,0,0,0,0,0,0,0,0
365,43954,0,0,0,0,0,0,0,0,0,0,0,0,0,0
366,43954,0,0,0,0,0,0,0,0,0,0,0,0,0,0
367,43954,0,0,0,0,0,0,0,0,0,0,0,0,0,0
368,43954,0,0,0,0,0,0,0,0,0,0,0,0,0,0
369,43954,0,0,0,0,0,0,0,0,0,0,0,0,0,0
370,43954,0,0,0,0,0,0,0,0,0,0,0,0,0,0
371,43954,0,0,0,0,0,0,0,0,0,0,0,0,0,0
372,43954,0,0,0,0,0,0,0,0,0,0,0,0,0,0
373,43954,0,0,0,0,0,0,0,0,0,0,0,0,0,0
374,43954,0,0,0,0,0,0,0,0,0,0,0,0,0,0
375,43954,0,0,0,0,0,0,0,0,0,0,0,0,0,0
376,43954,0,0,0,0,0,0,0,0,0,0,0,0,0,0
377,43954,0,0,0,0,0,0,0,0,0,0,0,0,0,0
378,43954,0,0,0,0,0,0,0,0,0,0,0,0,0,0
379,43954,0,0,0,0,0,0,0,0,0,0,0,0,0,0
380,50929,2233,92,0,0,0,0,0,0,0,0,0,0,0,0
381,70873,8861,112,5,0,0,0,0,0,0,0,0,0,0,0
382,88597,14684,197,0,1,0,0,0,0,0,0,0,0,0,0
383,103081,19483,226,0,5,1,0,0,0,0,0,0,0,0,0
384,121720,25604,318,0,1,16,0,0,0,0,0,0,0,0,0
385,100516,18588,266,0,1,18,2,0,0,0,0,0,0,0,0
386,81445,12286,211,0,0,5,0,0,0,0,0,0,0,0,0
387,63922,6543,113,0,0,0,0,0,0,0,0,0,0,0,0
388,58969,4947,58,0,0,1,0,0,0,0,0,0,0,0,0
389,54811,3586,33,0,0,0,0,0,0,0,0,0,0,0,0
390,49243,1742,21,0,0,0,0,0,0,0,0,0,0,0,0
391,50941,2306,23,0,0,0,0,0,0,0,0,0,0,0,0
392,56947,4294,37,0,0,0,0,0,0,0,0,0,0,0,0
393,52555,2844,23,0,0,0,0,0,0,0,0,0,0,0,0
394,51922,2632,24,0,0,0,0,0,0,0,0,0,0,0,0
395,51781,2575,34,0,0,1,0,0,0,0,0,0,0,0,0
396,48451,1473,26,0,0,0,0,0,0,0,0,0,0,0,0
397,45343,455,8,0,0,0,0,0,0,0,0,0,0,0,0
398,44914,312,8,0,0,0,0,0,0,0,0,0,0,0,0
399,47221,1078,11,0,0,0,0,0,0,0,0,0,0,0,0
400,46219,748,7,0,0,0,0,0,0,0,0,0,0,0,0
401,43954,0,0,0,0,0,0,0,0,0,0,0,0,0,0
402,43954,0,0,0,0,0,0,0,0,0,0,0,0,0,0
403,43954,0,0,0,0,0,0,0,0,0,0,0,0,0,0
404,43954,0,0,0,0,0,0,0,0,0,0,0,0,0,0
405,43954,0,0,0,0,0,0,0,0,0,0,0,0,0,0
406,43954,0,0,0,0,0,0,0,0,0,0,0,0,0,0
407,43954,0,0,0,0,0,0,0,0,0,0,0,0,0,0
408,43954,0,0,0,0,0,0,0,0,0,0,0,0,0,0
409,43954,0,0,0,0,0,0,0,0,0,0,0,0,0,0
410,43954,0,0,0,0,0,0,0,0,0,0,0,0,0,0
411,43954,0,0,0,0,0,0,0,0,0,0,0,0,0,0
412,43954,0,0,0,0,0,0,0,0,0,0,0,0,0,0
413,43954,0,0,0,0,0,0,0,0,0,0,0,0,0,0
414,43954,0,0,0,0,0,0,0,0,0,0,0,0,0,0
415,50935,2235,92,0,0,0,0,0,0,0,0,0,0,0,0
416,70981,8895,114,5,0,0,0,0,0,0,0,0,0,0,0
417,90556,15338,196,0,1,0,0,0,0,0,0,0,0,0,0
418,93505,16324,193,0,5,0,0,0,0,0,0,0,0,0,0
419,96649,17361,204,0,0,22,0,0,0,0,0,0,0,0,0
420,80782,12122,154,0,0,11,0,0,0,0,0,0,0,0,0
421,68197,7962,119,0,0,3,2,0,0,0,0,0,0,0,0
422,69268,8321,117,0,0,2,0,0,0,0,0,0,0,0,0
423,52231,2705,54,0,0,0,0,0,0,0,0,0,0,0,0
424,50092,2014,32,0,0,0,0,0,0,0,0,0,0,0,0
425,44050,30,2,0,0,0,0,0,0,0,0,0,0,0,0
426,43984,9,1,0,0,0,0,0,0,0,0,0,0,0,0
427,43954,0,0,0,0,0,0,0,0,0,0,0,0,0,0
428,43954,0,0,0,0,0,0,0,0,0,0,0,0,0,0
429,43954,0,0,0,0,0,0,0,0,0,0,0,0,0,0
430,43954,0,0,0,0,0,0,0,0,0,0,0,0,0,0
431,43954,0,0,0,0,0,0,0,0,0,0,0,0,0,0
432,43954,0,0,0,0,0,0,0,0,0,0,0,0,0,0
433,43954,0,0,0,0,0,0,0,0,0,0,0,0,0,0
434,43954,0,0,0,0,0,0,0,0,0,0,0,0,0,0
435,43954,0,0,0,0,0,0,0,0,0,0,0,0,0,0
436,43954,0,0,0,0,0,0,0,0,0,0,0,0,0,0
437,43954,0,0,0,0,0,0,0,0,0,0,0,0,0,0
438,43954,0,0,0,0,0,0,0,0,0,0,0,0,0,0
439,43954,0,0,0,0,0,0,0,0,0,0,0,0,0,0
440,43954,0,0,0,0,0,0,0,0,0,0,0,0,0,0
441,43954,0,0,0,0,0,0,0,0,0,0,0,0,0,0
442,43954,0,0,0,0,0,0,0,0,0,0,0,0,0,0
443,43954,0,0,0,0,0,0,0,0,0,0,0,0,0,0
444,43954,0,0,0,0,0,0,0,0,0,0,0,0,0,0
445,43954,0,0,0,0,0,0,0,0,0,0,0,0,0,0
446,43954,0,0,0,0,0,0,0,0,0,0,0,0,0,0
447,43954,0,0,0,0,0,0,0,0,0,0,0,0,0,0
448,43954,0,0,0,0,0,0,0,0,0,0,0,0,0,0
449,43954,0,0,0,0,0,0,0,0,0,0,0,0,0,0
450,51013,2260,93,0,0,0,0,0,0,0,0,0,0,0,0
451,71878,9192,116,5,0,0,0,0,0,0,0,0,0,0,0
452,95074,16831,209,0,1,0,0,0,0,0,0,0,0,0,0
453,128248,27749,349,0,5,4,0,0,0,0,0,0,0,0,0
454,142234,32347,413,0,1,33,0,0,0,0,0,0,0,0,0
455,103393,19509,304,0,1,9,2,1,0,0,0,0,0,0,0
456,79987,11819,192,0,0,2,0,0,0,0,0,0,0,0,0
457,65104,6943,107,0,0,0,0,0,0,0,0,0,0,0,0
458,50011,1988,31,0,0,0,0,0,0,0,0,0,0,0,0
459,48856,1610,24,0,0,0,0,0,0,0,0,0,0,0,0
460,47224,1075,15,0,0,2,0,0,0,0,0,0,0,0,0
461,55849,3922,43,0,0,0,0,0,0,0,0,0,0,0,0
462,48808,1605,13,0,0,0,0,0,0,0,0,0,0,0,0
463,48040,1348,14,0,0,0,0,0,0,0,0,0,0,0,0
464,49042,1672,24,0,0,0,0,0,0,0,0,0,0,0,0
465,44833,288,5,0,0,0,0,0,0,0,0,0,0,0,0
466,43954,0,0,0,0,0,0,0,0,0,0,0,0,0,0
467,43954,0,0,0,0,0,0,0,0,0,0,0,0,0,0
468,43954,0,0,0,0,0,0,0,0,0,0,0,0,0,0
469,43954,0,0,0,0,0,0,0,0,0,0,0,0,0,0
470,43954,0,0,0,0,0,0,0,0,0,0,0,0,0,0
471,43954,0,0,0,0,0,0,0,0,0,0,0,0,0,0
472,43954,0,0,0,0,0,0,0,0,0,0,0,0,0,0
473,43954,0,0,0,0,0,0,0,0,0,0,0,0,0,0
474,43954,0,0,0,0,0,0,0,0,0,0,0,0,0,0
475,43954,0,0,0,0,0,0,0,0,0,0,0,0,0,0
476,43954,0,0,0,0,0,0,0,0,0,0,0,0,0,0
477,43954,0,0,0,0,0,0,0,0,0,0,0,0,0,0
478,43954,0,0,0,0,0,0,0,0,0,0,0,0,0,0
479,43954,0,0,0,0,0,0,0,0,0,0,0,0,0,0
480,43954,0,0,0,0,0,0,0,0,0,0,0,0,0,0
481,43954,0,0,0,0,0,0,0,0,0,0,0,0,0,0
482,43954,0,0,0,0,0,0,0,0,0,0,0,0,0,0
483,43954,0,0,0,0,0,0,0,0,0,0,0,0,0,0
484,43954,0,0,0,0,0,0,0,0,0,0,0,0,0,0
485,43954,0,0,0,0,0,0,0,0,0,0,0,0,0,0
486,51013,2260,93,0,0,0,0,0,0,0,0,0,0,0,0
487,71608,9103,115,5,0,0,0,0,0,0,0,0,0,0,0
488,87496,14326,188,0,1,0,0,0,0,0,0,0,0,0,0
489,114604,23268,282,0,5,1,0,0,0,0,0,0,0,0,0
490,122467,25850,321,0,1,26,0,0,0,0,0,0,0,0,0
491,104767,20000,271,0,1,11,2,0,0,0,0,0,0,0,0
492,84067,13171,200,0,0,4,0,0,0,0,0,0,0,0,0
493,62020,5913,109,0,0,0,0,0,0,0,0,0,0,0,0
494,58624,4824,66,0,0,1,0,0,0,0,0,0,0,0,0
495,57484,4453,57,0,0,0,0,0,0,0,0,0,0,0,0
496,59377,5077,64,0,0,0,0,0,0,0,0,0,0,0,0
497,51988,2643,35,0,0,0,0,0,0,0,0,0,0,0,0
498,50302,2088,28,0,0,0,0,0,0,0,0,0,0,0,0
499,54829,3583,42,0,0,0,0,0,0,0,0,0,0,0,0
500,53359,3107,28,0,0,0,0,0,0,0,0,0,0,0,0
501,54241,3391,38,0,0,1,0,0,0,0,0,0,0,0,0
502,64135,6646,81,0,0,0,0,0,0,0,0,0,0,0,0
503,48874,1612,28,0,0,0,0,0,0,0,0,0,0,0,0
504,56950,4282,50,0,0,1,0,0,0,0,0,0,0,0,0
505,61888,5904,74,0,0,0,0,0,0,0,0,0,0,0,0
506,51304,2416,34,0,0,1,0,0,0,0,0,0,0,0,0
507,61441,5756,73,0,0,0,0,0,0,0,0,0,0,0,0
508,58702,4858,58,0,0,0,0,0,0,0,0,0,0,0,0
509,53896,3281,33,0,0,0,0,0,0,0,0,0,0,0,0
510,60088,5316,62,0,0,2,0,0,0,0,0,0,0,0,0
511,50251,2066,33,0,0,0,0,0,0,0,0,0,0,0,0
512,46282,756,20,0,0,0,0,0,0,0,0,0,0,0,0
513,45247,419,12,0,0,0,0,0,0,0,0,0,0,0,0
514,45526,510,14,0,0,0,0,0,0,0,0,0,0,0,0
515,46513,832,21,0,0,0,0,0,0,0,0,0,0,0,0
516,48274,1413,27,0,0,0,0,0,0,0,0,0,0,0,0
517,47512,1164,22,0,0,0,0,0,0,0,0,0,0,0,0
518,44983,336,7,0,0,0,0,0,0,0,0,0,0,0,0
519,48406,1458,26,0,0,0,0,0,0,0,0,0,0,0,0
520,45289,435,10,0,0,0,0,0,0,0,0,0,0,0,0
521,51538,2428,100,0,0,0,0,0,0,0,0,0,0,0,0
522,69724,8481,109,5,0,0,0,0,0,0,0,0,0,0,0
523,79969,11840,165,0,0,0,0,0,0,0,0,0,0,0,0
524,75970,10555,117,0,1,0,0,0,0,0,0,0,0,0,0
525,74338,10016,112,0,0,6,0,0,0,0,0,0,0,0,0
526,61267,5694,77,0,0,4,0,0,0,0,0,0,0,0,0
527,54967,3613,58,0,0,15,0,0,0,0,0,0,0,0,0
528,62947,6267,64,0,0,6,0,0,0,0,0,0,0,0,0
529,54031,3311,48,0,0,2,0,0,0,0,0,0,0,0,0
530,55456,3781,53,0,0,1,0,0,0,0,0,0,0,0,0
531,54682,3531,45,0,0,2,0,0,0,0,0,0,0,0,0
532,54049,3327,38,0,0,3,0,0,0,0,0,0,0,0,0
533,49018,1666,22,0,0,0,0,0,0,0,0,0,0,0,0
534,58057,4664,37,0,0,0,0,0,0,0,0,0,0,0,0
535,51817,2588,33,0,0,0,0,0,0,0,0,0,0,0,0
536,53518,3149,39,0,0,0,0,0,0,0,0,0,0,0,0
537,49327,1759,32,0,0,0,0,0,0,0,0,0,0,0,0
538,46018,674,14,0,0,0,0,0,0,0,0,0,0,0,0
539,46567,859,12,0,0,0,0,0,0,0,0,0,0,0,0
540,46303,773,10,0,0,0,0,0,0,0,0,0,0,0,0
541,43954,0,0,0,0,0,0,0,0,0,0,0,0,0,0
542,43954,0,0,0,0,0,0,0,0,0,0,0,0,0,0
543,43954,0,0,0,0,0,0,0,0,0,0,0,0,0,0
544,43954,0,0,0,0,0,0,0,0,0,0,0,0,0,0
545,43954,0,0,0,0,0,0,0,0,0,0,0,0,0,0
546,43954,0,0,0,0,0,0,0,0,0,0,0,0,0,0
547,43954,0,0,0,0,0,0,0,0,0,0,0,0,0,0
548,43954,0,0,0,0,0,0,0,0,0,0,0,0,0,0
549,43954,0,0,0,0,0,0,0,0,0,0,0,0,0,0
550,43954,0,0,0,0,0,0,0,0,0,0,0,0,0,0
551,43954,0,0,0,0,0,0,0,0,0,0,0,0,0,0
552,43954,0,0,0,0,0,0,0,0,0,0,0,0,0,0
553,43954,0,0,0,0,0,0,0,0,0,0,0,0,0,0
554,43954,0,0,0,0,0,0,0,0,0,0,0,0,0,0
555,51013,2260,93,0,0,0,0,0,0,0,0,0,0,0,0
556,71713,9136,117,5,0,0,0,0,0,0,0,0,0,0,0
557,90151,15212,187,0,1,0,0,0,0,0,0,0,0,0,0
558,99904,18420,230,0,3,1,0,0,0,0,0,0,0,0,0
559,114346,23170,294,0,0,18,0,0,0,0,0,0,0,0,0
560,84100,13197,185,0,0,20,2,0,0,0,0,0,0,0,0
561,70036,8555,139,0,0,5,0,0,0,0,0,0,0,0,0
562,67813,7834,119,0,0,2,0,0,0,0,0,0,0,0,0
563,60013,5270,83,0,0,2,0,0,0,0,0,0,0,0,0
564,52543,2824,39,0,0,0,0,0,0,0,0,0,0,0,0
565,50722,2230,26,0,0,2,0,0,0,0,0,0,0,0,0
566,51523,2498,25,0,0,0,0,0,0,0,0,0,0,0,0
567,49819,1935,20,0,0,0,0,0,0,0,0,0,0,0,0
568,49654,1885,15,0,0,0,0,0,0,0,0,0,0,0,0
569,50770,2236,36,0,0,0,0,0,0,0,0,0,0,0,0
570,57805,4559,58,0,0,0,0,0,0,0,0,0,0,0,0
571,56881,4264,45,0,0,0,0,0,0,0,0,0,0,0,0
572,51391,2455,24,0,0,0,1,0,0,0,0,0,0,0,0
573,56557,4145,56,0,0,1,0,0,0,0,0,0,0,0,0
574,52873,2914,59,0,0,0,0,0,0,0,0,0,0,0,0
575,48730,1559,33,0,0,0,0,0,0,0,0,0,0,0,0
576,51646,2529,35,0,0,0,0,0,0,0,0,0,0,0,0
577,55876,3938,36,0,0,0,0,0,0,0,0,0,0,0,0
578,55633,3859,34,0,0,0,0,0,0,0,0,0,0,0,0
579,55636,3850,44,0,0,2,0,0,0,0,0,0,0,0,0
580,60346,5405,59,0,0,0,0,0,0,0,0,0,0,0,0
581,58129,4671,54,0,0,0,0,0,0,0,0,0,0,0,0
582,58504,4779,71,0,0,1,0,0,0,0,0,0,0,0,0
583,68623,8120,103,0,0,0,0,0,0,0,0,0,0,0,0
584,64312,6704,82,0,0,1,0,0,0,0,0,0,0,0,0
585,66145,7294,103,0,0,1,0,0,0,0,0,0,0,0,0
586,66514,7431,89,0,0,0,0,0,0,0,0,0,0,0,0
587,66784,7545,65,0,0,0,0,0,0,0,0,0,0,0,0
588,56302,4064,52,0,0,0,0,0,0,0,0,0,0,0,0
589,55762,3889,47,0,0,0,0,0,0,0,0,0,0,0,0
590,70483,8703,140,0,0,1,0,0,0,0,0,0,0,0,0
591,86287,13919,192,1,0,1,0,0,0,0,0,0,0,0,0
592,90208,15212,206,0,0,0,0,0,0,0,0,0,0,0,0
593,79846,11816,148,0,0,2,0,0,0,0,0,0,0,0,0
594,69415,8375,112,0,0,1,0,0,0,0,0,0,0,0,0
595,68020,7926,96,0,0,0,0,0,0,0,0,0,0,0,0
596,63163,6309,94,0,0,2,0,0,0,0,0,0,0,0,0
597,67354,7716,84,0,0,1,0,0,0,0,0,0,0,0,0
598,70927,8887,104,0,0,0,0,0,0,0,0,0,0,0,0
599,64414,6724,96,0,0,1,0,0,0,0,0,0,0,0,0
600,59875,5242,65,0,0,0,0,0,0,0,0,0,0,0,0
601,65131,6980,79,0,0,1,0,0,0,0,0,0,0,0,0
602,59140,4994,68,0,0,1,0,0,0,0,0,0,0,0,0
603,57304,4373,77,0,0,0,0,0,0,0,0,0,0,0,0
604,58777,4880,61,0,0,0,0,0,0,0,0,0,0,0,0
605,58012,4630,56,0,0,0,0,0,0,0,0,0,0,0,0
606,48868,1611,27,0,0,0,0,0,0,0,0,0,0,0,0
607,51664,2531,39,0,0,0,0,0,0,0,0,0,0,0,0
608,49132,1701,25,0,0,0,0,0,0,0,0,0,0,0,0
609,49573,1849,24,0,0,0,0,0,0,0,0,0,0,0,0
610,50458,2141,27,0,0,0,0,0,0,0,0,0,0,0,0
611,51904,2625,25,0,0,0,0,0,0,0,0,0,0,0,0
612,45499,510,5,0,0,0,0,0,0,0,0,0,0,0,0
613,43954,0,0,0,0,0,0,0,0,0,0,0,0,0,0
614,43954,0,0,0,0,0,0,0,0,0,0,0,0,0,0
615,43954,0,0,0,0,0,0,0,0,0,0,0,0,0,0
616,43954,0,0,0,0,0,0,0,0,0,0,0,0,0,0
617,43954,0,0,0,0,0,0,0,0,0,0,0,0,0,0
618,43954,0,0,0,0,0,0,0,0,0,0,0,0,0,0
619,43954,0,0,0,0,0,0,0,0,0,0,0,0,0,0
620,43954,0,0,0,0,0,0,0,0,0,0,0,0,0,0
621,43954,0,0,0,0,0,0,0,0,0,0,0,0,0,0
622,43954,0,0,0,0,0,0,0,0,0,0,0,0,0,0
623,43954,0,0,0,0,0,0,0,0,0,0,0,0,0,0
624,43954,0,0,0,0,0,0,0,0,0,0,0,0,0,0
625,43954,0,0,0,0,0,0,0,0,0,0,0,0,0,0
626,51013,2260,93,0,0,0,0,0,0,0,0,0,0,0,0
627,70888,8865,113,6,0,0,0,0,0,0,0,0,0,0,0
628,87106,14201,183,0,1,0,0,0,0,0,0,0,0,0,0
629,73597,9755,126,0,0,0,0,0,0,0,0,0,0,0,0
630,77644,11117,113,0,0,16,0,0,0,0,0,0,0,0,0
631,61072,5627,79,0,0,10,0,0,0,0,0,0,0,0,0
632,58102,4656,60,0,0,2,0,0,0,0,0,0,0,0,0
633,57343,4402,61,0,0,0,0,0,0,0,0,0,0,0,0
634,61900,5897,85,0,0,0,0,0,0,0,0,0,0,0,0
635,54493,3455,58,0,0,0,0,0,0,0,0,0,0,0,0
636,47395,1127,20,0,0,0,0,0,0,0,0,0,0,0,0
637,45487,501,10,0,0,0,0,0,0,0,0,0,0,0,0
638,44203,80,3,0,0,0,0,0,0,0,0,0,0,0,0
639,44569,203,2,0,0,0,0,0,0,0,0,0,0,0,0
640,44086,43,1,0,0,0,0,0,0,0,0,0,0,0,0
641,44185,76,1,0,0,0,0,0,0,0,0,0,0,0,0
642,43954,0,0,0,0,0,0,0,0,0,0,0,0,0,0
643,43954,0,0,0,0,0,0,0,0,0,0,0,0,0,0
644,43954,0,0,0,0,0,0,0,0,0,0,0,0,0,0
645,43954,0,0,0,0,0,0,0,0,0,0,0,0,0,0
646,43954,0,0,0,0,0,0,0,0,0,0,0,0,0,0
647,43954,0,0,0,0,0,0,0,0,0,0,0,0,0,0
648,43954,0,0,0,0,0,0,0,0,0,0,0,0,0,0
649,43954,0,0,0,0,0,0,0,0,0,0,0,0,0,0
650,43954,0,0,0,0,0,0,0,0,0,0,0,0,0,0
651,43954,0,0,0,0,0,0,0,0,0,0,0,0,0,0
652,43954,0,0,0,0,0,0,0,0,0,0,0,0,0,0
653,43954,0,0,0,0,0,0,0,0,0,0,0,0,0,0
654,43954,0,0,0,0,0,0,0,0,0,0,0,0,0,0
655,43954,0,0,0,0,0,0,0,0,0,0,0,0,0,0
656,43954,0,0,0,0,0,0,0,0,0,0,0,0,0,0
657,43954,0,0,0,0,0,0,0,0,0,0,0,0,0,0
658,43954,0,0,0,0,0,0,0,0,0,0,0,0,0,0
659,43954,0,0,0,0,0,0,0,0,0,0,0,0,0,0
660,43954,0,0,0,0,0,0,0,0,0,0,0,0,0,0
661,51013,2260,93,0,0,0,0,0,0,0,0,0,0,0,0
662,73225,9636,121,6,0,0,0,0,0,0,0,0,0,0,0
663,99115,18164,223,0,2,0,0,0,0,0,0,0,0,0,0
664,116500,23878,304,0,2,0,0,0,0,0,0,0,0,0,0
665,126283,27109,334,0,0,28,0,0,0,0,0,0,0,0,0
666,105544,20231,299,0,0,12,2,0,0,0,0,0,0,0,0
667,95272,16835,271,0,0,7,0,1,0,0,0,0,0,0,0
668,71119,8899,156,0,0,1,0,0,0,0,0,0,0,0,0
669,57001,4271,78,0,0,2,2,0,0,0,0,0,0,0,0
670,64576,6763,111,0,0,2,0,0,0,0,0,0,0,0,0
671,54313,3385,68,0,0,0,0,0,0,0,0,0,0,0,0
672,50182,2043,33,0,0,0,0,0,0,0,0,0,0,0,0
673,49348,1778,20,0,0,0,0,0,0,0,0,0,0,0,0
674,52888,2949,29,0,0,0,0,0,0,0,0,0,0,0,0
675,50890,2285,27,0,0,0,0,0,0,0,0,0,0,0,0
676,49615,1867,20,0,0,0,0,0,0,0,0,0,0,0,0
677,45193,407,6,0,0,0,0,0,0,0,0,0,0,0,0
678,44422,153,3,0,0,0,0,0,0,0,0,0,0,0,0
679,43954,0,0,0,0,0,0,0,0,0,0,0,0,0,0
680,43954,0,0,0,0,0,0,0,0,0,0,0,0,0,0
681,43954,0,0,0,0,0,0,0,0,0,0,0,0,0,0
682,43954,0,0,0,0,0,0,0,0,0,0,0,0,0,0
683,43954,0,0,0,0,0,0,0,0,0,0,0,0,0,0
684,43954,0,0,0,0,0,0,0,0,0,0,0,0,0,0
685,43954,0,0,0,0,0,0,0,0,0,0,0,0,0,0
686,43954,0,0,0,0,0,0,0,0,0,0,0,0,0,0
687,43954,0,0,0,0,0,0,0,0,0,0,0,0,0,0
688,43954,0,0,0,0,0,0,0,0,0,0,0,0,0,0
689,43954,0,0,0,0,0,0,0,0,0,0,0,0,0,0
690,43954,0,0,0,0,0,0,0,0,0,0,0,0,0,0
691,43954,0,0,0,0,0,0,0,0,0,0,0,0,0,0
692,43954,0,0,0,0,0,0,0,0,0,0,0,0,0,0
693,43954,0,0,0,0,0,0,0,0,0,0,0,0,0,0
694,43954,0,0,0,0,0,0,0,0,0,0,0,0,0,0
695,50782,2186,90,0,0,0,0,0,0,0,0,0,0,0,0
696,70027,8580,111,6,0,0,0,0,0,0,0,0,0,0,0
697,90664,15379,191,0,2,0,0,0,0,0,0,0,0,0,0
698,109444,21586,244,0,2,11,0,0,0,0,0,0,0,0,0
699,135274,30064,376,0,0,22,0,0,0,0,0,0,0,0,0
700,100624,18607,283,0,1,14,1,0,0,0,0,0,0,0,0
701,86032,13811,215,0,0,5,1,0,0,0,0,0,0,0,0
702,67438,7729,99,0,0,3,0,0,0,0,0,0,0,0,0
703,56716,4198,56,0,0,2,1,0,0,0,0,0,0,0,0
704,61102,5626,90,0,0,1,0,0,0,0,0,0,0,0,0
705,59917,5238,83,0,0,0,0,0,0,0,0,0,0,0,0
706,60541,5470,59,0,0,0,0,0,0,0,0,0,0,0,0
707,50902,2277,39,0,0,0,0,0,0,0,0,0,0,0,0
708,50821,2247,42,0,0,0,0,0,0,0,0,0,0,0,0
709,47986,1323,21,0,0,0,0,0,0,0,0,0,0,0,0
710,49381,1788,21,0,0,0,0,0,0,0,0,0,0,0,0
711,47905,1303,14,0,0,0,0,0,0,0,0,0,0,0,0
712,45424,483,7,0,0,0,0,0,0,0,0,0,0,0,0
713,47908,1304,14,0,0,0,0,0,0,0,0,0,0,0,0
714,46303,773,10,0,0,0,0,0,0,0,0,0,0,0,0
715,49771,1922,17,0,0,0,0,0,0,0,0,0,0,0,0
716,49735,1902,25,0,0,0,0,0,0,0,0,0,0,0,0
717,45823,613,10,0,0,0,0,0,0,0,0,0,0,0,0
718,45079,366,9,0,0,0,0,0,0,0,0,0,0,0,0
719,44461,166,3,0,0,0,0,0,0,0,0,0,0,0,0
720,44239,94,1,0,0,0,0,0,0,0,0,0,0,0,0
721,43954,0,0,0,0,0,0,0,0,0,0,0,0,0,0
722,43954,0,0,0,0,0,0,0,0,0,0,0,0,0,0
723,43954,0,0,0,0,0,0,0,0,0,0,0,0,0,0
724,43954,0,0,0,0,0,0,0,0,0,0,0,0,0,0
725,43954,0,0,0,0,0,0,0,0,0,0,0,0,0,0
726,43954,0,0,0,0,0,0,0,0,0,0,0,0,0,0
727,43954,0,0,0,0,0,0,0,0,0,0,0,0,0,0
728,43954,0,0,0,0,0,0,0,0,0,0,0,0,0,0
729,43954,0,0,0,0,0,0,0,0,0,0,0,0,0,0
730,48043,1305,58,0,0,0,0,0,0,0,0,0,0,0,0
731,64639,6797,98,0,0,0,0,0,0,0,0,0,0,0,0
732,66775,7505,102,0,0,0,0,0,0,0,0,0,0,0,0
733,56296,4060,54,0,0,0,0,0,0,0,0,0,0,0,0
734,59314,5071,49,0,0,0,0,0,0,0,0,0,0,0,0
735,67219,7686,69,0,0,2,0,0,0,0,0,0,0,0,0
736,58876,4917,57,0,0,2,0,0,0,0,0,0,0,0,0
737,54709,3539,46,0,0,0,0,0,0,0,0,0,0,0,0
738,49099,1691,24,0,0,0,0,0,0,0,0,0,0,0,0
739,48676,1549,25,0,0,0,0,0,0,0,0,0,0,0,0
740,50140,2037,25,0,0,0,0,0,0,0,0,0,0,0,0
741,48577,1522,19,0,0,0,0,0,0,0,0,0,0,0,0
742,45325,449,8,0,0,0,0,0,0,0,0,0,0,0,0
743,44986,341,3,0,0,0,0,0,0,0,0,0,0,0,0
744,44347,130,1,0,0,0,0,0,0,0,0,0,0,0,0
745,43954,0,0,0,0,0,0,0,0,0,0,0,0,0,0
746,43954,0,0,0,0,0,0,0,0,0,0,0,0,0,0
747,43954,0,0,0,0,0,0,0,0,0,0,0,0,0,0
748,43954,0,0,0,0,0,0,0,0,0,0,0,0,0,0
749,43954,0,0,0,0,0,0,0,0,0,0,0,0,0,0
750,43954,0,0,0,0,0,0,0,0,0,0,0,0,0,0
751,43954,0,0,0,0,0,0,0,0,0,0,0,0,0,0
752,43954,0,0,0,0,0,0,0,0,0,0,0,0,0,0
753,43954,0,0,0,0,0,0,0,0,0,0,0,0,0,0
754,43954,0,0,0,0,0,0,0,0,0,0,0,0,0,0
755,43954,0,0,0,0,0,0,0,0,0,0,0,0,0,0
756,43954,0,0,0,0,0,0,0,0,0,0,0,0,0,0
757,43954,0,0,0,0,0,0,0,0,0,0,0,0,0,0
758,43954,0,0,0,0,0,0,0,0,0,0,0,0,0,0
759,43954,0,0,0,0,0,0,0,0,0,0,0,0,0,0
760,43954,0,0,0,0,0,0,0,0,0,0,0,0,0,0
761,43954,0,0,0,0,0,0,0,0,0,0,0,0,0,0
762,43954,0,0,0,0,0,0,0,0,0,0,0,0,0,0
763,43954,0,0,0,0,0,0,0,0,0,0,0,0,0,0
764,43954,0,0,0,0,0,0,0,0,0,0,0,0,0,0
765,43954,0,0,0,0,0,0,0,0,0,0,0,0,0,0
766,51013,2260,93,0,0,0,0,0,0,0,0,0,0,0,0
767,73357,9680,121,6,0,0,0,0,0,0,0,0,0,0,0
768,97369,17590,215,0,1,0,0,0,0,0,0,0,0,0,0
769,120028,25042,316,0,5,4,0,0,0,0,0,0,0,0,0
770,144871,33236,403,0,0,30,0,0,0,0,0,0,0,0,0
771,122908,25936,382,0,1,15,2,0,0,0,0,0,0,0,0
772,83542,12975,221,0,0,2,0,0,0,0,0,0,0,0,0
773,65734,7154,106,0,0,0,0,0,0,0,0,0,0,0,0
774,54301,3383,66,0,0,0,0,0,0,0,0,0,0,0,0
775,52348,2752,46,0,0,0,0,0,0,0,0,0,0,0,0
776,54181,3370,39,0,0,0,0,0,0,0,0,0,0,0,0
777,44953,327,6,0,0,0,0,0,0,0,0,0,0,0,0
778,46576,864,10,0,0,0,0,0,0,0,0,0,0,0,0
779,44239,94,1,0,0,0,0,0,0,0,0,0,0,0,0
780,43954,0,0,0,0,0,0,0,0,0,0,0,0,0,0
781,43954,0,0,0,0,0,0,0,0,0,0,0,0,0,0
782,43954,0,0,0,0,0,0,0,0,0,0,0,0,0,0
783,43954,0,0,0,0,0,0,0,0,0,0,0,0,0,0
784,43954,0,0,0,0,0,0,0,0,0,0,0,0,0,0
785,43954,0,0,0,0,0,0,0,0,0,0,0,0,0,0
786,43954,0,0,0,0,0,0,0,0,0,0,0,0,0,0
787,43954,0,0,0,0,0,0,0,0,0,0,0,0,0,0
788,43954,0,0,0,0,0,0,0,0,0,0,0,0,0,0
789,43954,0,0,0,0,0,0,0,0,0,0,0,0,0,0
790,43954,0,0,0,0,0,0,0,0,0,0,0,0,0,0
791,43954,0,0,0,0,0,0,0,0,0,0,0,0,0,0
792,43954,0,0,0,0,0,0,0,0,0,0,0,0,0,0
793,43954,0,0,0,0,0,0,0,0,0,0,0,0,0,0
794,43954,0,0,0,0,0,0,0,0,0,0,0,0,0,0
795,43954,0,0,0,0,0,0,0,0,0,0,0,0,0,0
796,43954,0,0,0,0,0,0,0,0,0,0,0,0,0,0
797,43954,0,0,0,0,0,0,0,0,0,0,0,0,0,0
798,43954,0,0,0,0,0,0,0,0,0,0,0,0,0,0
799,43954,0,0,0,0,0,0,0,0,0,0,0,0,0,0
800,43954,0,0,0,0,0,0,0,0,0,0,0,0,0,0
801,51013,2260,93,0,0,0,0,0,0,0,0,0,0,0,0
802,70525,8748,109,6,0,0,0,0,0,0,0,0,0,0,0
803,91222,15563,193,0,1,0,0,0,0,0,0,0,0,0,0
804,114898,23379,269,0,5,1,0,0,0,0,0,0,0,0,0
805,117892,24343,303,0,0,24,0,0,0,0,0,0,0,0,0
806,114445,23169,328,0,0,12,2,0,0,0,0,0,0,0,0
807,100402,18539,277,0,0,4,0,0,0,0,0,0,0,0,0
808,76285,10632,145,0,0,1,0,0,0,0,0,0,0,0,0
809,60022,5269,87,0,0,0,0,0,0,0,0,0,0,0,0
810,50632,2192,34,0,0,0,0,0,0,0,0,0,0,0,0
811,47311,1099,20,0,0,0,0,0,0,0,0,0,0,0,0
812,47095,1034,13,0,0,0,0,0,0,0,0,0,0,0,0
813,45715,576,11,0,0,0,0,0,0,0,0,0,0,0,0
814,48460,1487,15,0,0,0,0,0,0,0,0,0,0,0,0
815,46426,814,10,0,0,0,0,0,0,0,0,0,0,0,0
816,47734,1249,11,0,0,0,0,0,0,0,0,0,0,0,0
817,46810,944,8,0,0,0,0,0,0,0,0,0,0,0,0
818,43954,0,0,0,0,0,0,0,0,0,0,0,0,0,0
819,43954,0,0,0,0,0,0,0,0,0,0,0,0,0,0
820,43954,0,0,0,0,0,0,0,0,0,0,0,0,0,0
821,43954,0,0,0,0,0,0,0,0,0,0,0,0,0,0
822,43954,0,0,0,0,0,0,0,0,0,0,0,0,0,0
823,43954,0,0,0,0,0,0,0,0,0,0,0,0,0,0
824,43954,0,0,0,0,0,0,0,0,0,0,0,0,0,0
825,43954,0,0,0,0,0,0,0,0,0,0,0,0,0,0
826,43954,0,0,0,0,0,0,0,0,0,0,0,0,0,0
827,43954,0,0,0,0,0,0,0,0,0,0,0,0,0,0
828,43954,0,0,0,0,0,0,0,0,0,0,0,0,0,0
829,43954,0,0,0,0,0,0,0,0,0,0,0,0,0,0
830,43954,0,0,0,0,0,0,0,0,0,0,0,0,0,0
831,43954,0,0,0,0,0,0,0,0,0,0,0,0,0,0
832,43954,0,0,0,0,0,0,0,0,0,0,0,0,0,0
833,43954,0,0,0,0,0,0,0,0,0,0,0,0,0,0
834,43954,0,0,0,0,0,0,0,0,0,0,0,0,0,0
835,43954,0,0,0,0,0,0,0,0,0,0,0,0,0,0
836,51013,2260,93,0,0,0,0,0,0,0,0,0,0,0,0
837,70657,8790,111,6,0,0,0,0,0,0,0,0,0,0,0
838,93085,16179,198,0,1,0,0,0,0,0,0,0,0,0,0
839,112015,22421,266,0,5,3,0,0,0,0,0,0,0,0,0
840,137041,30647,382,0,1,24,0,0,0,0,0,0,0,0,0
841,121309,25409,376,0,1,19,0,0,0,0,0,0,0,0,0
842,105802,20318,298,0,0,4,2,0,0,0,0,0,0,0,0
843,67918,7850,138,0,0,1,0,0,0,0,0,0,0,0,0
844,52282,2707,69,0,0,1,0,0,0,0,0,0,0,0,0
845,50848,2265,33,0,0,0,0,0,0,0,0,0,0,0,0
846,54580,3518,24,0,0,0,0,0,0,0,0,0,0,0,0
847,47050,1014,18,0,0,0,0,0,0,0,0,0,0,0,0
848,46078,697,11,0,0,0,0,0,0,0,0,0,0,0,0
849,46204,738,12,0,0,0,0,0,0,0,0,0,0,0,0
850,45547,524,7,0,0,0,0,0,0,0,0,0,0,0,0
851,48040,1349,13,0,0,0,0,0,0,0,0,0,0,0,0
852,47494,1168,12,0,0,0,0,0,0,0,0,0,0,0,0
853,43954,0,0,0,0,0,0,0,0,0,0,0,0,0,0
854,43954,0,0,0,0,0,0,0,0,0,0,0,0,0,0
855,43954,0,0,0,0,0,0,0,0,0,0,0,0,0,0
856,43954,0,0,0,0,0,0,0,0,0,0,0,0,0,0
857,43954,0,0,0,0,0,0,0,0,0,0,0,0,0,0
858,43954,0,0,0,0,0,0,0,0,0,0,0,0,0,0
859,43954,0,0,0,0,0,0,0,0,0,0,0,0,0,0
860,43954,0,0,0,0,0,0,0,0,0,0,0,0,0,0
861,43954,0,0,0,0,0,0,0,0,0,0,0,0,0,0
862,43954,0,0,0,0,0,0,0,0,0,0,0,0,0,0
863,43954,0,0,0,0,0,0,0,0,0,0,0,0,0,0
864,43954,0,0,0,0,0,0,0,0,0,0,0,0,0,0
865,43954,0,0,0,0,0,0,0,0,0,0,0,0,0,0
866,43954,0,0,0,0,0,0,0,0,0,0,0,0,0,0
867,43954,0,0,0,0,0,0,0,0,0,0,0,0,0,0
868,43954,0,0,0,0,0,0,0,0,0,0,0,0,0,0
869,43954,0,0,0,0,0,0,0,0,0,0,0,0,0,0
870,43954,0,0,0,0,0,0,0,0,0,0,0,0,0,0
871,51013,2260,93,0,0,0,0,0,0,0,0,0,0,0,0
872,71044,8919,111,6,0,0,0,0,0,0,0,0,0,0,0
873,87925,14464,193,0,1,0,0,0,0,0,0,0,0,0,0
874,103603,19644,239,0,4,0,0,0,0,0,0,0,0,0,0
875,137320,30763,359,0,1,24,0,0,0,0,0,0,0,0,0
876,114652,23236,330,0,1,14,2,0,0,0,0,0,0,0,0
877,101116,18752,302,0,0,3,0,0,0,0,0,0,0,0,0
878,81541,12361,168,0,0,0,0,0,0,0,0,0,0,0,0
879,63952,6577,89,0,0,2,0,0,0,0,0,0,0,0,0
880,57064,4317,53,0,0,1,0,0,0,0,0,0,0,0,0
881,60610,5489,63,0,0,0,0,0,0,0,0,0,0,0,0
882,60655,5501,66,0,0,0,0,0,0,0,0,0,0,0,0
883,55030,3647,45,0,0,2,0,0,0,0,0,0,0,0,0
884,51373,2433,40,0,0,0,0,0,0,0,0,0,0,0,0
885,52201,2699,50,0,0,0,0,0,0,0,0,0,0,0,0
886,47152,1049,17,0,0,0,0,0,0,0,0,0,0,0,0
887,52381,2776,33,0,0,0,0,0,0,0,0,0,0,0,0
888,56662,4177,59,0,0,0,0,0,0,0,0,0,0,0,0
889,48502,1482,34,0,0,0,0,0,0,0,0,0,0,0,0
890,46495,826,21,0,0,0,0,0,0,0,0,0,0,0,0
891,45385,465,12,0,0,0,0,0,0,0,0,0,0,0,0
892,47797,1260,21,0,0,0,0,0,0,0,0,0,0,0,0
893,50743,2237,26,0,0,0,0,0,0,0,0,0,0,0,0
894,51628,2530,28,0,0,0,0,0,0,0,0,0,0,0,0
895,48061,1353,16,0,0,0,0,0,0,0,0,0,0,0,0
896,52993,2981,32,0,0,0,0,0,0,0,0,0,0,0,0
897,49042,1671,25,0,0,0,0,0,0,0,0,0,0,0,0
898,47236,1070,24,0,0,0,0,0,0,0,0,0,0,0,0
899,47938,1311,17,0,0,0,0,0,0,0,0,0,0,0,0
900,47620,1205,17,0,0,0,0,0,0,0,0,0,0,0,0
901,49957,1980,21,0,0,0,0,0,0,0,0,0,0,0,0
902,46144,719,11,0,0,0,0,0,0,0,0,0,0,0,0
903,44062,35,1,0,0,0,0,0,0,0,0,0,0,0,0
904,43954,0,0,0,0,0,0,0,0,0,0,0,0,0,0
905,43954,0,0,0,0,0,0,0,0,0,0,0,0,0,0
906,51013,2260,93,0,0,0,0,0,0,0,0,0,0,0,0
907,69427,8384,107,6,0,0,0,0,0,0,0,0,0,0,0
908,85537,13683,178,0,2,0,0,0,0,0,0,0,0,0,0
909,93499,16339,176,0,4,0,0,0,0,0,0,0,0,0,0
910,99547,18304,227,0,1,11,0,0,0,0,0,0,0,0,0
911,76285,10650,127,0,1,3,0,0,0,0,0,0,0,0,0
912,77878,11170,138,0,0,5,0,0,0,0,0,0,0,0,0
913,74800,10133,149,0,0,0,0,0,0,0,0,0,0,0,0
914,58963,4919,84,0,0,0,0,0,0,0,0,0,0,0,0
915,61831,5898,61,0,0,1,0,0,0,0,0,0,0,0,0
916,56254,4040,60,0,0,0,0,0,0,0,0,0,0,0,0
917,53461,3124,45,0,0,0,0,0,0,0,0,0,0,0,0
918,60490,5447,65,0,0,0,0,0,0,0,0,0,0,0,0
919,63898,6582,66,0,0,0,0,0,0,0,0,0,0,0,0
920,57334,4408,52,0,0,1,0,0,0,0,0,0,0,0,0
921,55684,3857,53,0,0,1,0,0,0,0,0,0,0,0,0
922,54358,3431,37,0,0,0,0,0,0,0,0,0,0,0,0
923,54856,3597,37,0,0,0,0,0,0,0,0,0,0,0,0
924,62668,6165,73,0,0,1,0,0,0,0,0,0,0,0,0
925,70888,8875,103,0,0,0,0,0,0,0,0,0,0,0,0
926,59926,5246,78,0,0,0,0,0,0,0,0,0,0,0,0
927,57316,4391,63,0,0,0,0,0,0,0,0,0,0,0,0
928,72406,9383,101,0,0,0,0,0,0,0,0,0,0,0,0
929,62434,6093,67,0,0,2,0,0,0,0,0,0,0,0,0
930,59275,5040,67,0,0,0,0,0,0,0,0,0,0,0,0
931,56659,4188,47,0,0,0,0,0,0,0,0,0,0,0,0
932,62575,6141,66,0,0,0,0,0,0,0,0,0,0,0,0
933,56728,4208,50,0,0,1,0,0,0,0,0,0,0,0,0
934,58252,4713,53,0,0,0,0,0,0,0,0,0,0,0,0
935,59239,5038,57,0,0,0,0,0,0,0,0,0,0,0,0
936,66025,7257,100,0,0,0,0,0,0,0,0,0,0,0,0
937,64915,6902,85,0,0,0,0,0,0,0,0,0,0,0,0
938,64411,6734,85,0,0,1,0,0,0,0,0,0,0,0,0
939,72640,9448,114,0,0,1,0,0,0,0,0,0,0,0,0
940,77155,10869,198,0,0,0,0,0,0,0,0,0,0,0,0
941,84649,13393,172,5,0,0,0,0,0,0,0,0,0,0,0
942,85156,13542,192,0,0,1,0,0,0,0,0,0,0,0,0
943,86335,13957,170,0,0,0,0,0,0,0,0,0,0,0,0
944,70789,8844,101,0,0,1,0,0,0,0,0,0,0,0,0
945,59359,5061,74,0,0,0,0,0,0,0,0,0,0,0,0
946,52081,2665,44,0,0,0,0,0,0,0,0,0,0,0,0
947,61276,5718,56,0,0,1,0,0,0,0,0,0,0,0,0
948,61738,5850,78,0,0,0,0,0,0,0,0,0,0,0,0
949,69931,8576,83,0,0,0,0,0,0,0,0,0,0,0,0
950,65722,7159,97,0,0,0,0,0,0,0,0,0,0,0,0
951,67018,7607,81,0,0,1,0,0,0,0,0,0,0,0,0
952,62875,6232,75,0,0,1,0,0,0,0,0,0,0,0,0
953,62494,6104,76,0,0,0,0,0,0,0,0,0,0,0,0
954,56848,4221,77,0,0,0,0,0,0,0,0,0,0,0,0
955,58552,4809,57,0,0,1,0,0,0,0,0,0,0,0,0
956,55108,3670,48,0,0,0,0,0,0,0,0,0,0,0,0
957,55492,3797,49,0,0,0,0,0,0,0,0,0,0,0,0
958,54058,3309,59,0,0,0,0,0,0,0,0,0,0,0,0
959,67720,7815,107,0,0,0,0,0,0,0,0,0,0,0,0
960,62956,6249,85,0,0,0,0,0,0,0,0,0,0,0,0
961,57238,4378,50,0,0,0,0,0,0,0,0,0,0,0,0
962,56983,4287,56,0,0,0,0,0,0,0,0,0,0,0,0
963,68023,7933,90,0,0,0,0,0,0,0,0,0,0,0,0
964,71725,9131,126,0,0,0,0,0,0,0,0,0,0,0,0
965,60007,5282,69,0,0,0,0,0,0,0,0,0,0,0,0
966,62575,6142,65,0,0,0,0,0,0,0,0,0,0,0,0
967,57961,4597,72,0,0,0,0,0,0,0,0,0,0,0,0
968,66427,7403,88,0,0,0,0,0,0,0,0,0,0,0,0
969,69352,8382,84,0,0,1,0,0,0,0,0,0,0,0,0
970,58369,4739,66,0,0,4,0,0,0,0,0,0,0,0,0
971,55336,3744,50,0,0,0,0,0,0,0,0,0,0,0,0
972,54646,3514,50,0,0,0,0,0,0,0,0,0,0,0,0
973,53365,3081,56,0,0,0,0,0,0,0,0,0,0,0,0
974,65503,7093,90,0,0,0,0,0,0,0,0,0,0,0,0
975,62794,6207,73,0,0,0,0,0,0,0,0,0,0,0,0
976,56743,4134,129,0,0,0,0,0,0,0,0,0,0,0,0
977,70723,8806,117,1,0,0,0,0,0,0,0,0,0,0,0
978,71197,8950,131,0,0,0,0,0,0,0,0,0,0,0,0
979,58816,4876,78,0,0,0,0,0,0,0,0,0,0,0,0
980,62677,6181,60,0,0,1,0,0,0,0,0,0,0,0,0
981,56746,4200,64,0,0,0,0,0,0,0,0,0,0,0,0
982,50206,2050,34,0,0,0,0,0,0,0,0,0,0,0,0
983,57034,4324,36,0,0,0,0,0,0,0,0,0,0,0,0
984,51811,2581,38,0,0,0,0,0,0,0,0,0,0,0,0
985,55297,3730,51,0,0,0,0,0,0,0,0,0,0,0,0
986,49003,1655,28,0,0,0,0,0,0,0,0,0,0,0,0
987,46444,815,15,0,0,0,0,0,0,0,0,0,0,0,0
988,46510,841,11,0,0,0,0,0,0,0,0,0,0,0,0
989,47926,1306,18,0,0,0,0,0,0,0,0,0,0,0,0
990,50083,2025,18,0,0,0,0,0,0,0,0,0,0,0,0
991,49744,1905,25,0,0,0,0,0,0,0,0,0,0,0,0
992,47620,1212,10,0,0,0,0,0,0,0,0,0,0,0,0
993,44014,18,2,0,0,0,0,0,0,0,0,0,0,0,0
994,43954,0,0,0,0,0,0,0,0,0,0,0,0,0,0
995,43954,0,0,0,0,0,0,0,0,0,0,0,0,0,0
996,43954,0,0,0,0,0,0,0,0,0,0,0,0,0,0
997,43954,0,0,0,0,0,0,0,0,0,0,0,0,0,0
998,43954,0,0,0,0,0,0,0,0,0,0,0,0,0,0
999,43954,0,0,0,0,0,0,0,0,0,0,0,0,0,0
1000,43954,0,0,0,0,0,0,0,0,0,0,0,0,0,0
1001,43954,0,0,0,0,0,0,0,0,0,0,0,0,0,0
1002,43954,0,0,0,0,0,0,0,0,0,0,0,0,0,0
1003,43954,0,0,0,0,0,0,0,0,0,0,0,0,0,0
1004,43954,0,0,0,0,0,0,0,0,0,0,0,0,0,0
1005,43954,0,0,0,0,0,0,0,0,0,0,0,0,0,0
1006,43954,0,0,0,0,0,0,0,0,0,0,0,0,0,0
1007,43954,0,0,0,0,0,0,0,0,0,0,0,0,0,0
1008,43954,0,0,0,0,0,0,0,0,0,0,0,0,0,0
1009,43954,0,0,0,0,0,0,0,0,0,0,0,0,0,0
1010,43954,0,0,0,0,0,0,0,0,0,0,0,0,0,0
1011,51013,2260,93,0,0,0,0,0,0,0,0,0,0,0,0
1012,71155,8952,115,5,0,0,0,0,0,0,0,0,0,0,0
1013,87748,14413,185,0,1,0,0,0,0,0,0,0,0,0,0
1014,94555,16675,192,0,3,2,0,0,0,0,0,0,0,0,0
1015,110671,21989,250,0,0,20,0,0,0,0,0,0,0,0,0
1016,81526,12359,165,0,0,15,0,0,0,0,0,0,0,0,0
1017,71218,8945,143,0,0,0,0,0,0,0,0,0,0,0,0
1018,63916,6571,83,0,0,0,0,0,0,0,0,0,0,0,0
1019,59134,5006,54,0,0,0,0,0,0,0,0,0,0,0,0
1020,52561,2825,44,0,0,2,0,0,0,0,0,0,0,0,0
1021,51652,2524,42,0,0,0,0,0,0,0,0,0,0,0,0
1022,51325,2429,28,0,0,0,0,0,0,0,0,0,0,0,0
1023,44911,311,8,0,0,0,0,0,0,0,0,0,0,0,0
1024,44071,38,1,0,0,0,0,0,0,0,0,0,0,0,0
1025,43954,0,0,0,0,0,0,0,0,0,0,0,0,0,0
1026,43954,0,0,0,0,0,0,0,0,0,0,0,0,0,0
1027,43954,0,0,0,0,0,0,0,0,0,0,0,0,0,0
1028,43954,0,0,0,0,0,0,0,0,0,0,0,0,0,0
1029,43954,0,0,0,0,0,0,0,0,0,0,0,0,0,0
1030,43954,0,0,0,0,0,0,0,0,0,0,0,0,0,0
1031,43954,0,0,0,0,0,0,0,0,0,0,0,0,0,0
1032,43954,0,0,0,0,0,0,0,0,0,0,0,0,0,0
1033,43954,0,0,0,0,0,0,0,0,0,0,0,0,0,0
1034,43954,0,0,0,0,0,0,0,0,0,0,0,0,0,0
1035,43954,0,0,0,0,0,0,0,0,0,0,0,0,0,0
1036,43954,0,0,0,0,0,0,0,0,0,0,0,0,0,0
1037,43954,0,0,0,0,0,0,0,0,0,0,0,0,0,0
1038,43954,0,0,0,0,0,0,0,0,0,0,0,0,0,0
1039,43954,0,0,0,0,0,0,0,0,0,0,0,0,0,0
1040,43954,0,0,0,0,0,0,0,0,0,0,0,0,0,0
1041,43954,0,0,0,0,0,0,0,0,0,0,0,0,0,0
1042,43954,0,0,0,0,0,0,0,0,0,0,0,0,0,0
1043,43954,0,0,0,0,0,0,0,0,0,0,0,0,0,0
1044,43954,0,0,0,0,0,0,0,0,0,0,0,0,0,0
1045,50935,2235,92,0,0,0,0,0,0,0,0,0,0,0,0
1046,70666,8792,112,5,0,0,0,0,0,0,0,0,0,0,0
1047,90352,15274,192,0,1,0,0,0,0,0,0,0,0,0,0
1048,100021,18474,215,0,3,2,0,0,0,0,0,0,0,0,0
1049,121741,25621,308,0,0,24,0,0,0,0,0,0,0,0,0
1050,94807,16702,249,0,0,12,2,0,0,0,0,0,0,0,0
1051,84163,13198,205,0,0,1,0,0,0,0,0,0,0,0,0
1052,87181,14217,192,0,0,0,0,0,0,0,0,0,0,0,0
1053,65443,7045,118,0,0,1,2,0,0,0,0,0,0,0,0
1054,64846,6845,119,0,0,0,0,0,0,0,0,0,0,0,0
1055,50371,2082,57,0,0,0,0,0,0,0,0,0,0,0,0
1056,51415,2459,28,0,0,0,0,0,0,0,0,0,0,0,0
1057,46288,771,7,0,0,0,0,0,0,0,0,0,0,0,0
1058,47695,1237,10,0,0,0,0,0,0,0,0,0,0,0,0
1059,43954,0,0,0,0,0,0,0,0,0,0,0,0,0,0
1060,43954,0,0,0,0,0,0,0,0,0,0,0,0,0,0
1061,43954,0,0,0,0,0,0,0,0,0,0,0,0,0,0
1062,43954,0,0,0,0,0,0,0,0,0,0,0,0,0,0
1063,43954,0,0,0,0,0,0,0,0,0,0,0,0,0,0
1064,43954,0,0,0,0,0,0,0,0,0,0,0,0,0,0
1065,43954,0,0,0,0,0,0,0,0,0,0,0,0,0,0
1066,43954,0,0,0,0,0,0,0,0,0,0,0,0,0,0
1067,43954,0,0,0,0,0,0,0,0,0,0,0,0,0,0
1068,43954,0,0,0,0,0,0,0,0,0,0,0,0,0,0
1069,43954,0,0,0,0,0,0,0,0,0,0,0,0,0,0
1070,43954,0,0,0,0,0,0,0,0,0,0,0,0,0,0
1071,43954,0,0,0,0,0,0,0,0,0,0,0,0,0,0
1072,43954,0,0,0,0,0,0,0,0,0,0,0,0,0,0
1073,43954,0,0,0,0,0,0,0,0,0,0,0,0,0,0
1074,43954,0,0,0,0,0,0,0,0,0,0,0,0,0,0
1075,43954,0,0,0,0,0,0,0,0,0,0,0,0,0,0
1076,43954,0,0,0,0,0,0,0,0,0,0,0,0,0,0
1077,43954,0,0,0,0,0,0,0,0,0,0,0,0,0,0
1078,43954,0,0,0,0,0,0,0,0,0,0,0,0,0,0
1079,43954,0,0,0,0,0,0,0,0,0,0,0,0,0,0
1080,50782,2186,90,0,0,0,0,0,0,0,0,0,0,0,0
1081,69571,8433,106,5,0,0,0,0,0,0,0,0,0,0,0
1082,89632,15039,187,0,2,0,0,0,0,0,0,0,0,0,0
1083,94048,16515,183,0,2,0,0,0,0,0,0,0,0,0,0
1084,109507,21606,245,0,1,16,0,0,0,0,0,0,0,0,0
1085,90001,15144,205,0,0,6,2,0,0,0,0,0,0,0,0
1086,89770,15021,251,0,1,4,0,0,0,0,0,0,0,0,0
1087,70894,8845,135,0,0,1,0,0,0,0,0,0,0,0,0
1088,56503,4112,71,0,0,0,0,0,0,0,0,0,0,0,0
1089,51970,2628,44,0,0,0,0,0,0,0,0,0,0,0,0
1090,53314,3078,42,0,0,0,0,0,0,0,0,0,0,0,0
1091,50647,2194,37,0,0,0,0,0,0,0,0,0,0,0,0
1092,50635,2197,30,0,0,0,0,0,0,0,0,0,0,0,0
1093,49117,1703,18,0,0,0,0,0,0,0,0,0,0,0,0
1094,51445,2471,26,0,0,0,0,0,0,0,0,0,0,0,0
1095,49450,1808,24,0,0,0,0,0,0,0,0,0,0,0,0
1096,46246,751,13,0,0,0,0,0,0,0,0,0,0,0,0
1097,46009,670,15,0,0,0,0,0,0,0,0,0,0,0,0
1098,44353,130,3,0,0,0,0,0,0,0,0,0,0,0,0
1099,44467,168,3,0,0,0,0,0,0,0,0,0,0,0,0
1100,44257,99,2,0,0,0,0,0,0,0,0,0,0,0,0
1101,43954,0,0,0,0,0,0,0,0,0,0,0,0,0,0
1102,43954,0,0,0,0,0,0,0,0,0,0,0,0,0,0
1103,43954,0,0,0,0,0,0,0,0,0,0,0,0,0,0
1104,43954,0,0,0,0,0,0,0,0,0,0,0,0,0,0
1105,43954,0,0,0,0,0,0,0,0,0,0,0,0,0,0
1106,43954,0,0,0,0,0,0,0,0,0,0,0,0,0,0
1107,43954,0,0,0,0,0,0,0,0,0,0,0,0,0,0
1108,43954,0,0,0,0,0,0,0,0,0,0,0,0,0,0
1109,43954,0,0,0,0,0,0,0,0,0,0,0,0,0,0
1110,43954,0,0,0,0,0,0,0,0,0,0,0,0,0,0
1111,43954,0,0,0,0,0,0,0,0,0,0,0,0,0,0
1112,43954,0,0,0,0,0,0,0,0,0,0,0,0,0,0
1113,43954,0,0,0,0,0,0,0,0,0,0,0,0,0,0
1114,43954,0,0,0,0,0,0,0,0,0,0,0,0,0,0
1115,49807,1875,76,0,0,0,0,0,0,0,0,0,0,0,0
1116,68326,8011,113,1,0,0,0,0,0,0,0,0,0,0,0
1117,77158,10927,141,0,0,0,0,0,0,0,0,0,0,0,0
1118,95602,17030,186,0,4,0,0,0,0,0,0,0,0,0,0
1119,108043,21129,234,0,0,20,0,0,0,0,0,0,0,0,0
1120,102883,19375,268,0,0,14,0,0,0,0,0,0,0,0,0
1121,89425,14923,234,0,0,1,2,0,0,0,0,0,0,0,0
1122,70105,8588,129,0,0,2,0,0,0,0,0,0,0,0,0
1123,67360,7702,100,0,0,2,0,0,0,0,0,0,0,0,0
1124,55972,3947,59,0,0,0,1,0,0,0,0,0,0,0,0
1125,56608,4157,61,0,0,0,0,0,0,0,0,0,0,0,0
1126,49252,1732,34,0,0,0,0,0,0,0,0,0,0,0,0
1127,44512,179,7,0,0,0,0,0,0,0,0,0,0,0,0
1128,44221,86,3,0,0,0,0,0,0,0,0,0,0,0,0
1129,44035,26,1,0,0,0,0,0,0,0,0,0,0,0,0
1130,43954,0,0,0,0,0,0,0,0,0,0,0,0,0,0
1131,43954,0,0,0,0,0,0,0,0,0,0,0,0,0,0
1132,43954,0,0,0,0,0,0,0,0,0,0,0,0,0,0
1133,43954,0,0,0,0,0,0,0,0,0,0,0,0,0,0
1134,43954,0,0,0,0,0,0,0,0,0,0,0,0,0,0
1135,43954,0,0,0,0,0,0,0,0,0,0,0,0,0,0
1136,43954,0,0,0,0,0,0,0,0,0,0,0,0,0,0
1137,43954,0,0,0,0,0,0,0,0,0,0,0,0,0,0
1138,43954,0,0,0,0,0,0,0,0,0,0,0,0,0,0
1139,43954,0,0,0,0,0,0,0,0,0,0,0,0,0,0
1140,43954,0,0,0,0,0,0,0,0,0,0,0,0,0,0
1141,43954,0,0,0,0,0,0,0,0,0,0,0,0,0,0
1142,43954,0,0,0,0,0,0,0,0,0,0,0,0,0,0
1143,43954,0,0,0,0,0,0,0,0,0,0,0,0,0,0
1144,43954,0,0,0,0,0,0,0,0,0,0,0,0,0,0
1145,43954,0,0,0,0,0,0,0,0,0,0,0,0,0,0
1146,43954,0,0,0,0,0,0,0,0,0,0,0,0,0,0
1147,43954,0,0,0,0,0,0,0,0,0,0,0,0,0,0
1148,43954,0,0,0,0,0,0,0,0,0,0,0,0,0,0
1149,43954,0,0,0,0,0,0,0,0,0,0,0,0,0,0
1150,51013,2260,93,0,0,0,0,0,0,0,0,0,0,0,0
1151,70999,8901,114,5,0,0,0,0,0,0,0,0,0,0,0
1152,89926,15141,183,0,1,0,0,0,0,0,0,0,0,0,0
1153,96787,17398,213,0,3,0,0,0,0,0,0,0,0,0,0
1154,121147,25437,294,0,0,20,0,0,0,0,0,0,0,0,0
1155,105172,20113,293,0,0,17,0,0,0,0,0,0,0,0,0
1156,93388,16230,248,0,0,3,2,0,0,0,0,0,0,0,0
1157,76885,10842,135,0,0,3,0,0,0,0,0,0,0,0,0
1158,60511,5440,79,0,0,1,0,0,0,0,0,0,0,0,0
1159,52873,2924,49,0,0,0,1,0,0,0,0,0,0,0,0
1160,50845,2255,42,0,0,0,0,0,0,0,0,0,0,0,0
1161,48442,1465,31,0,0,0,0,0,0,0,0,0,0,0,0
1162,45988,669,9,0,0,0,0,0,0,0,0,0,0,0,0
1163,43954,0,0,0,0,0,0,0,0,0,0,0,0,0,0
1164,43954,0,0,0,0,0,0,0,0,0,0,0,0,0,0
1165,43954,0,0,0,0,0,0,0,0,0,0,0,0,0,0
1166,43954,0,0,0,0,0,0,0,0,0,0,0,0,0,0
1167,43954,0,0,0,0,0,0,0,0,0,0,0,0,0,0
1168,43954,0,0,0,0,0,0,0,0,0,0,0,0,0,0
1169,43954,0,0,0,0,0,0,0,0,0,0,0,0,0,0
1170,43954,0,0,0,0,0,0,0,0,0,0,0,0,0,0
1171,43954,0,0,0,0,0,0,0,0,0,0,0,0,0,0
1172,43954,0,0,0,0,0,0,0,0,0,0,0,0,0,0
1173,43954,0,0,0,0,0,0,0,0,0,0,0,0,0,0
1174,43954,0,0,0,0,0,0,0,0,0,0,0,0,0,0
1175,43954,0,0,0,0,0,0,0,0,0,0,0,0,0,0
1176,43954,0,0,0,0,0,0,0,0,0,0,0,0,0,0
1177,43954,0,0,0,0,0,0,0,0,0,0,0,0,0,0
1178,43954,0,0,0,0,0,0,0,0,0,0,0,0,0,0
1179,43954,0,0,0,0,0,0,0,0,0,0,0,0,0,0
1180,43954,0,0,0,0,0,0,0,0,0,0,0,0,0,0
1181,43954,0,0,0,0,0,0,0,0,0,0,0,0,0,0
1182,43954,0,0,0,0,0,0,0,0,0,0,0,0,0,0
1183,43954,0,0,0,0,0,0,0,0,0,0,0,0,0,0
1184,43954,0,0,0,0,0,0,0,0,0,0,0,0,0,0
1185,50305,2033,84,0,0,0,0,0,0,0,0,0,0,0,0
1186,69604,8440,110,4,0,0,0,0,0,0,0,0,0,0,0
1187,82540,12693,169,0,1,0,0,0,0,0,0,0,0,0,0
1188,95029,16841,184,0,5,2,0,0,0,0,0,0,0,0,0
1189,108988,21432,246,0,0,17,1,0,0,0,0,0,0,0,0
1190,103930,19697,295,0,0,5,0,0,0,0,0,0,0,0,0
1191,86857,14046,255,0,0,3,0,0,0,0,0,0,0,0,0
1192,77626,11081,143,0,0,2,0,0,0,0,0,0,0,0,0
1193,64465,6751,86,0,0,1,0,0,0,0,0,0,0,0,0
1194,58372,4742,64,0,0,0,0,0,0,0,0,0,0,0,0
1195,53134,3017,43,0,0,1,0,0,0,0,0,0,0,0,0
1196,51475,2474,33,0,0,0,0,0,0,0,0,0,0,0,0
1197,53068,2983,55,0,0,0,0,0,0,0,0,0,0,0,0
1198,59059,4974,61,0,0,0,0,0,0,0,0,0,0,0,0
1199,53056,2991,43,0,0,0,0,0,0,0,0,0,0,0,0
1200,46798,930,18,0,0,0,0,0,0,0,0,0,0,0,0
1201,46789,927,18,0,0,0,0,0,0,0,0,0,0,0,0
1202,46411,802,17,0,0,0,0,0,0,0,0,0,0,0,0
1203,50239,2071,24,0,0,0,0,0,0,0,0,0,0,0,0
1204,52762,2901,35,0,0,0,0,0,0,0,0,0,0,0,0
1205,52309,2753,32,0,0,0,0,0,0,0,0,0,0,0,0
1206,50857,2269,32,0,0,0,0,0,0,0,0,0,0,0,0
1207,45685,561,16,0,0,0,0,0,0,0,0,0,0,0,0
1208,51193,2384,29,0,0,0,0,0,0,0,0,0,0,0,0
1209,46654,890,10,0,0,0,0,0,0,0,0,0,0,0,0
1210,44992,344,2,0,0,0,0,0,0,0,0,0,0,0,0
1211,43954,0,0,0,0,0,0,0,0,0,0,0,0,0,0
1212,43954,0,0,0,0,0,0,0,0,0,0,0,0,0,0
1213,43954,0,0,0,0,0,0,0,0,0,0,0,0,0,0
1214,43954,0,0,0,0,0,0,0,0,0,0,0,0,0,0
1215,43954,0,0,0,0,0,0,0,0,0,0,0,0,0,0
1216,43954,0,0,0,0,0,0,0,0,0,0,0,0,0,0
1217,43954,0,0,0,0,0,0,0,0,0,0,0,0,0,0
1218,43954,0,0,0,0,0,0,0,0,0,0,0,0,0,0
1219,43954,0,0,0,0,0,0,0,0,0,0,0,0,0,0
1220,43954,0,0,0,0,0,0,0,0,0,0,0,0,0,0
1221,51013,2260,93,0,0,0,0,0,0,0,0,0,0,0,0
1222,70267,8660,111,5,0,0,0,0,0,0,0,0,0,0,0
1223,83029,12855,170,0,1,0,0,0,0,0,0,0,0,0,0
1224,91426,15645,179,0,3,1,0,0,0,0,0,0,0,0,0
1225,112102,22468,248,0,0,16,0,0,0,0,0,0,0,0,0
1226,85219,13577,178,0,0,12,0,0,0,0,0,0,0,0,0
1227,77842,11112,184,0,0,9,2,0,0,0,0,0,0,0,0
1228,62011,5922,97,0,0,1,0,0,0,0,0,0,0,0,0
1229,54760,3524,78,0,0,1,0,0,0,0,0,0,0,0,0
1230,50038,1992,36,0,0,1,0,0,0,0,0,0,0,0,0
1231,46585,867,10,0,0,0,0,0,0,0,0,0,0,0,0
1232,45667,561,10,0,0,0,0,0,0,0,0,0,0,0,0
1233,44938,321,7,0,0,0,0,0,0,0,0,0,0,0,0
1234,44491,176,3,0,0,0,0,0,0,0,0,0,0,0,0
1235,44212,83,3,0,0,0,0,0,0,0,0,0,0,0,0
1236,44239,94,1,0,0,0,0,0,0,0,0,0,0,0,0
1237,43954,0,0,0,0,0,0,0,0,0,0,0,0,0,0
1238,43954,0,0,0,0,0,0,0,0,0,0,0,0,0,0
1239,43954,0,0,0,0,0,0,0,0,0,0,0,0,0,0
1240,43954,0,0,0,0,0,0,0,0,0,0,0,0,0,0
1241,43954,0,0,0,0,0,0,0,0,0,0,0,0,0,0
1242,43954,0,0,0,0,0,0,0,0,0,0,0,0,0,0
1243,43954,0,0,0,0,0,0,0,0,0,0,0,0,0,0
1244,43954,0,0,0,0,0,0,0,0,0,0,0,0,0,0
1245,43954,0,0,0,0,0,0,0,0,0,0,0,0,0,0
1246,43954,0,0,0,0,0,0,0,0,0,0,0,0,0,0
1247,43954,0,0,0,0,0,0,0,0,0,0,0,0,0,0
1248,43954,0,0,0,0,0,0,0,0,0,0,0,0,0,0
1249,43954,0,0,0,0,0,0,0,0,0,0,0,0,0,0
1250,43954,0,0,0,0,0,0,0,0,0,0,0,0,0,0
1251,43954,0,0,0,0,0,0,0,0,0,0,0,0,0,0
1252,43954,0,0,0,0,0,0,0,0,0,0,0,0,0,0
1253,43954,0,0,0,0,0,0,0,0,0,0,0,0,0,0
1254,43954,0,0,0,0,0,0,0,0,0,0,0,0,0,0
1255,51013,2260,93,0,0,0,0,0,0,0,0,0,0,0,0
1256,70894,8869,111,5,0,0,0,0,0,0,0,0,0,0,0
1257,90823,15433,190,0,1,0,0,0,0,0,0,0,0,0,0
1258,102361,19244,225,0,5,2,0,0,0,0,0,0,0,0,0
1259,135484,30128,382,0,0,30,0,0,0,0,0,0,0,0,0
1260,126472,27123,383,0,0,15,2,0,0,0,0,0,0,0,0
1261,87625,14302,255,0,0,2,0,0,0,0,0,0,0,0,0
1262,72640,9411,151,0,0,0,0,0,0,0,0,0,0,0,0
1263,54169,3353,52,0,0,2,0,0,0,0,0,0,0,0,0
1264,51337,2429,32,0,0,0,0,0,0,0,0,0,0,0,0
1265,53344,3096,34,0,0,1,0,0,0,0,0,0,0,0,0
1266,49405,1795,22,0,0,0,0,0,0,0,0,0,0,0,0
1267,45784,607,3,0,0,1,0,0,0,0,0,0,0,0,0
1268,45622,547,9,0,0,0,0,0,0,0,0,0,0,0,0
1269,44758,264,4,0,0,0,0,0,0,0,0,0,0,0,0
1270,43954,0,0,0,0,0,0,0,0,0,0,0,0,0,0
1271,43954,0,0,0,0,0,0,0,0,0,0,0,0,0,0
1272,43954,0,0,0,0,0,0,0,0,0,0,0,0,0,0
1273,43954,0,0,0,0,0,0,0,0,0,0,0,0,0,0
1274,43954,0,0,0,0,0,0,0,0,0,0,0,0,0,0
1275,43954,0,0,0,0,0,0,0,0,0,0,0,0,0,0
1276,43954,0,0,0,0,0,0,0,0,0,0,0,0,0,0
1277,43954,0,0,0,0,0,0,0,0,0,0,0,0,0,0
1278,43954,0,0,0,0,0,0,0,0,0,0,0,0,0,0
1279,43954,0,0,0,0,0,0,0,0,0,0,0,0,0,0
1280,43954,0,0,0,0,0,0,0,0,0,0,0,0,0,0
1281,43954,0,0,0,0,0,0,0,0,0,0,0,0,0,0
1282,43954,0,0,0,0,0,0,0,0,0,0,0,0,0,0
1283,43954,0,0,0,0,0,0,0,0,0,0,0,0,0,0
1284,43954,0,0,0,0,0,0,0,0,0,0,0,0,0,0
1285,43954,0,0,0,0,0,0,0,0,0,0,0,0,0,0
1286,43954,0,0,0,0,0,0,0,0,0,0,0,0,0,0
1287,43954,0,0,0,0,0,0,0,0,0,0,0,0,0,0
1288,43954,0,0,0,0,0,0,0,0,0,0,0,0,0,0
1289,43954,0,0,0,0,0,0,0,0,0,0,0,0,0,0
1290,43954,0,0,0,0,0,0,0,0,0,0,0,0,0,0
1291,51013,2260,93,0,0,0,0,0,0,0,0,0,0,0,0
1292,70138,8619,109,5,0,0,0,0,0,0,0,0,0,0,0
1293,89608,15030,188,0,1,0,0,0,0,0,0,0,0,0,0
1294,97759,17733,202,0,4,1,0,0,0,0,0,0,0,0,0
1295,130117,28388,333,0,1,19,0,0,0,0,0,0,0,0,0
1296,116851,23945,354,0,1,20,2,0,0,0,0,0,0,0,0
1297,106048,20366,332,0,0,5,0,0,0,0,0,0,0,0,0
1298,74191,9931,148,0,0,1,0,0,0,0,0,0,0,0,0
1299,59515,5119,68,0,0,1,2,0,0,0,0,0,0,0,0
1300,57328,4386,72,0,0,1,0,0,0,0,0,0,0,0,0
1301,48964,1631,39,0,0,0,0,0,0,0,0,0,0,0,0
1302,47701,1223,26,0,0,0,0,0,0,0,0,0,0,0,0
1303,47515,1174,13,0,0,0,0,0,0,0,0,0,0,0,0
1304,45079,367,8,0,0,0,0,0,0,0,0,0,0,0,0
1305,44443,161,2,0,0,0,0,0,0,0,0,0,0,0,0
1306,43954,0,0,0,0,0,0,0,0,0,0,0,0,0,0
1307,43954,0,0,0,0,0,0,0,0,0,0,0,0,0,0
1308,43954,0,0,0,0,0,0,0,0,0,0,0,0,0,0
1309,43954,0,0,0,0,0,0,0,0,0,0,0,0,0,0
1310,43954,0,0,0,0,0,0,0,0,0,0,0,0,0,0
1311,43954,0,0,0,0,0,0,0,0,0,0,0,0,0,0
1312,43954,0,0,0,0,0,0,0,0,0,0,0,0,0,0
1313,43954,0,0,0,0,0,0,0,0,0,0,0,0,0,0
1314,43954,0,0,0,0,0,0,0,0,0,0,0,0,0,0
1315,43954,0,0,0,0,0,0,0,0,0,0,0,0,0,0
1316,43954,0,0,0,0,0,0,0,0,0,0,0,0,0,0
1317,43954,0,0,0,0,0,0,0,0,0,0,0,0,0,0
1318,43954,0,0,0,0,0,0,0,0,0,0,0,0,0,0
1319,43954,0,0,0,0,0,0,0,0,0,0,0,0,0,0
1320,43954,0,0,0,0,0,0,0,0,0,0,0,0,0,0
1321,43954,0,0,0,0,0,0,0,0,0,0,0,0,0,0
1322,43954,0,0,0,0,0,0,0,0,0,0,0,0,0,0
1323,43954,0,0,0,0,0,0,0,0,0,0,0,0,0,0
1324,43954,0,0,0,0,0,0,0,0,0,0,0,0,0,0
1325,51013,2260,93,0,0,0,0,0,0,0,0,0,0,0,0
1326,69139,8290,105,5,0,0,0,0,0,0,0,0,0,0,0
1327,86317,13932,189,0,1,0,0,0,0,0,0,0,0,0,0
1328,106768,20721,217,0,4,3,0,0,0,0,0,0,0,0,0
1329,127909,27635,350,0,1,31,0,0,0,0,0,0,0,0,0
1330,117535,24192,335,0,1,15,2,0,0,0,0,0,0,0,0
1331,89824,15026,264,0,0,5,0,0,0,0,0,0,0,0,0
1332,87091,14202,177,0,0,0,0,0,0,0,0,0,0,0,0
1333,70024,8566,124,0,0,0,2,0,0,0,0,0,0,0,0
1334,54688,3503,75,0,0,2,0,0,0,0,0,0,0,0,0
1335,54430,3433,59,0,0,0,0,0,0,0,0,0,0,0,0
1336,50446,2132,32,0,0,0,0,0,0,0,0,0,0,0,0
1337,53608,3189,29,0,0,0,0,0,0,0,0,0,0,0,0
1338,44551,197,2,0,0,0,0,0,0,0,0,0,0,0,0
1339,43954,0,0,0,0,0,0,0,0,0,0,0,0,0,0
1340,43954,0,0,0,0,0,0,0,0,0,0,0,0,0,0
1341,43954,0,0,0,0,0,0,0,0,0,0,0,0,0,0
1342,43954,0,0,0,0,0,0,0,0,0,0,0,0,0,0
1343,43954,0,0,0,0,0,0,0,0,0,0,0,0,0,0
1344,43954,0,0,0,0,0,0,0,0,0,0,0,0,0,0
1345,43954,0,0,0,0,0,0,0,0,0,0,0,0,0,0
1346,43954,0,0,0,0,0,0,0,0,0,0,0,0,0,0
1347,43954,0,0,0,0,0,0,0,0,0,0,0,0,0,0
1348,43954,0,0,0,0,0,0,0,0,0,0,0,0,0,0
1349,43954,0,0,0,0,0,0,0,0,0,0,0,0,0,0
1350,43954,0,0,0,0,0,0,0,0,0,0,0,0,0,0
1351,43954,0,0,0,0,0,0,0,0,0,0,0,0,0,0
1352,43954,0,0,0,0,0,0,0,0,0,0,0,0,0,0
1353,43954,0,0,0,0,0,0,0,0,0,0,0,0,0,0
1354,43954,0,0,0,0,0,0,0,0,0,0,0,0,0,0
1355,43954,0,0,0,0,0,0,0,0,0,0,0,0,0,0
1356,43954,0,0,0,0,0,0,0,0,0,0,0,0,0,0
1357,43954,0,0,0,0,0,0,0,0,0,0,0,0,0,0
1358,43954,0,0,0,0,0,0,0,0,0,0,0,0,0,0
1359,43954,0,0,0,0,0,0,0,0,0,0,0,0,0,0
1360,46963,957,46,0,0,0,0,0,0,0,0,0,0,0,0
1361,61462,5741,95,0,0,0,0,0,0,0,0,0,0,0,0
1362,67261,7678,91,1,0,0,0,0,0,0,0,0,0,0,0
1363,67177,7632,109,0,0,0,0,0,0,0,0,0,0,0,0
1364,73849,9866,99,0,0,2,0,0,0,0,0,0,0,0,0
1365,77116,10937,117,0,0,6,0,0,0,0,0,0,0,0,0
1366,72760,9479,123,0,0,15,0,0,0,0,0,0,0,0,0
1367,69205,8310,107,0,0,2,2,0,0,0,0,0,0,0,0
1368,65857,7182,119,0,0,2,0,0,0,0,0,0,0,0,0
1369,61525,5770,87,0,0,2,0,0,0,0,0,0,0,0,0
1370,62530,6113,79,0,0,1,0,0,0,0,0,0,0,0,0
1371,60421,5429,60,0,0,1,0,0,0,0,0,0,0,0,0
1372,55885,3932,45,0,0,0,0,0,0,0,0,0,0,0,0
1373,50269,2076,29,0,0,0,2,0,0,0,0,0,0,0,0
1374,62692,6156,90,0,0,0,0,0,0,0,0,0,0,0,0
1375,62656,6139,95,0,0,0,0,0,0,0,0,0,0,0,0
1376,63007,6284,67,0,0,0,0,0,0,0,0,0,0,0,0
1377,61942,5938,58,0,0,0,0,0,0,0,0,0,0,0,0
1378,63625,6481,76,0,0,0,0,0,0,0,0,0,0,0,0
1379,59473,5120,53,0,0,0,0,0,0,0,0,0,0,0,0
1380,55321,3748,41,0,0,0,0,0,0,0,0,0,0,0,0
1381,56530,4143,49,0,0,0,0,0,0,0,0,0,0,0,0
1382,60742,5539,57,0,0,0,0,0,0,0,0,0,0,0,0
1383,64039,6626,69,0,0,0,0,0,0,0,0,0,0,0,0
1384,61009,5611,74,0,0,0,0,0,0,0,0,0,0,0,0
1385,57766,4554,50,0,0,0,0,0,0,0,0,0,0,0,0
1386,59452,5101,65,0,0,0,0,0,0,0,0,0,0,0,0
1387,47269,1083,22,0,0,0,0,0,0,0,0,0,0,0,0
1388,46990,989,23,0,0,0,0,0,0,0,0,0,0,0,0
1389,45364,460,10,0,0,0,0,0,0,0,0,0,0,0,0
1390,48613,1536,17,0,0,0,0,0,0,0,0,0,0,0,0
1391,47575,1185,22,0,0,0,0,0,0,0,0,0,0,0,0
1392,46852,944,22,0,0,0,0,0,0,0,0,0,0,0,0
1393,50482,2144,32,0,0,0,0,0,0,0,0,0,0,0,0
1394,46774,929,11,0,0,0,0,0,0,0,0,0,0,0,0
1395,50968,2252,86,0,0,0,0,0,0,0,0,0,0,0,0
1396,65491,7085,94,1,0,0,0,0,0,0,0,0,0,0,0
1397,60445,5412,85,0,0,0,0,0,0,0,0,0,0,0,0
1398,55597,3829,52,0,0,0,0,0,0,0,0,0,0,0,0
1399,48631,1541,18,0,0,0,0,0,0,0,0,0,0,0,0
1400,45277,438,3,0,0,0,0,0,0,0,0,0,0,0,0
1401,44989,342,3,0,0,0,0,0,0,0,0,0,0,0,0
1402,43954,0,0,0,0,0,0,0,0,0,0,0,0,0,0
1403,43954,0,0,0,0,0,0,0,0,0,0,0,0,0,0
1404,43954,0,0,0,0,0,0,0,0,0,0,0,0,0,0
1405,43954,0,0,0,0,0,0,0,0,0,0,0,0,0,0
1406,43954,0,0,0,0,0,0,0,0,0,0,0,0,0,0
1407,43954,0,0,0,0,0,0,0,0,0,0,0,0,0,0
1408,43954,0,0,0,0,0,0,0,0,0,0,0,0,0,0
1409,43954,0,0,0,0,0,0,0,0,0,0,0,0,0,0
1410,43954,0,0,0,0,0,0,0,0,0,0,0,0,0,0
1411,43954,0,0,0,0,0,0,0,0,0,0,0,0,0,0
1412,43954,0,0,0,0,0,0,0,0,0,0,0,0,0,0
1413,43954,0,0,0,0,0,0,0,0,0,0,0,0,0,0
1414,43954,0,0,0,0,0,0,0,0,0,0,0,0,0,0
1415,43954,0,0,0,0,0,0,0,0,0,0,0,0,0,0
1416,43954,0,0,0,0,0,0,0,0,0,0,0,0,0,0
1417,43954,0,0,0,0,0,0,0,0,0,0,0,0,0,0
1418,43954,0,0,0,0,0,0,0,0,0,0,0,0,0,0
1419,43954,0,0,0,0,0,0,0,0,0,0,0,0,0,0
1420,43954,0,0,0,0,0,0,0,0,0,0,0,0,0,0
1421,43954,0,0,0,0,0,0,0,0,0,0,0,0,0,0
1422,43954,0,0,0,0,0,0,0,0,0,0,0,0,0,0
1423,43954,0,0,0,0,0,0,0,0,0,0,0,0,0,0
1424,43954,0,0,0,0,0,0,0,0,0,0,0,0,0,0
1425,43954,0,0,0,0,0,0,0,0,0,0,0,0,0,0
1426,43954,0,0,0,0,0,0,0,0,0,0,0,0,0,0
1427,43954,0,0,0,0,0,0,0,0,0,0,0,0,0,0
1428,43954,0,0,0,0,0,0,0,0,0,0,0,0,0,0
1429,43954,0,0,0,0,0,0,0,0,0,0,0,0,0,0
1430,43954,0,0,0,0,0,0,0,0,0,0,0,0,0,0
1431,51013,2260,93,0,0,0,0,0,0,0,0,0,0,0,0
1432,71815,9171,116,5,0,0,0,0,0,0,0,0,0,0,0
1433,93937,16457,204,0,1,0,0,0,0,0,0,0,0,0,0
1434,117016,24065,289,0,5,5,0,0,0,0,0,0,0,0,0
1435,143866,32901,403,0,0,33,0,0,0,0,0,0,0,0,0
1436,109876,21633,341,0,0,9,2,0,0,0,0,0,0,0,0
1437,87994,14440,240,0,0,0,0,0,0,0,0,0,0,0,0
1438,85354,13637,163,0,0,0,0,0,0,0,0,0,0,0,0
1439,56185,4008,69,0,0,0,0,0,0,0,0,0,0,0,0
1440,56224,4034,56,0,0,0,0,0,0,0,0,0,0,0,0
1441,55189,3704,41,0,0,0,0,0,0,0,0,0,0,0,0
1442,48535,1500,27,0,0,0,0,0,0,0,0,0,0,0,0
1443,48715,1561,26,0,0,0,0,0,0,0,0,0,0,0,0
1444,46294,770,10,0,0,0,0,0,0,0,0,0,0,0,0
1445,46966,991,13,0,0,0,0,0,0,0,0,0,0,0,0
1446,48442,1480,16,0,0,0,0,0,0,0,0,0,0,0,0
1447,48142,1384,12,0,0,0,0,0,0,0,0,0,0,0,0
1448,43954,0,0,0,0,0,0,0,0,0,0,0,0,0,0
1449,43954,0,0,0,0,0,0,0,0,0,0,0,0,0,0
1450,43954,0,0,0,0,0,0,0,0,0,0,0,0,0,0
1451,43954,0,0,0,0,0,0,0,0,0,0,0,0,0,0
1452,43954,0,0,0,0,0,0,0,0,0,0,0,0,0,0
1453,43954,0,0,0,0,0,0,0,0,0,0,0,0,0,0
1454,43954,0,0,0,0,0,0,0,0,0,0,0,0,0,0
1455,43954,0,0,0,0,0,0,0,0,0,0,0,0,0,0
1456,43954,0,0,0,0,0,0,0,0,0,0,0,0,0,0
1457,43954,0,0,0,0,0,0,0,0,0,0,0,0,0,0
1458,43954,0,0,0,0,0,0,0,0,0,0,0,0,0,0
1459,43954,0,0,0,0,0,0,0,0,0,0,0,0,0,0
1460,43954,0,0,0,0,0,0,0,0,0,0,0,0,0,0
1461,43954,0,0,0,0,0,0,0,0,0,0,0,0,0,0
1462,43954,0,0,0,0,0,0,0,0,0,0,0,0,0,0
1463,43954,0,0,0,0,0,0,0,0,0,0,0,0,0,0
1464,43954,0,0,0,0,0,0,0,0,0,0,0,0,0,0
1465,50935,2235,92,0,0,0,0,0,0,0,0,0,0,0,0
1466,69334,8353,107,5,0,0,0,0,0,0,0,0,0,0,0
1467,85525,13675,182,0,1,0,0,0,0,0,0,0,0,0,0
1468,97678,17706,202,0,3,2,0,0,0,0,0,0,0,0,0
1469,115051,23434,265,0,0,15,0,0,0,0,0,0,0,0,0
1470,97003,17438,245,0,0,11,0,0,0,0,0,0,0,0,0
1471,70165,8583,154,0,0,4,2,0,0,0,0,0,0,0,0
1472,67996,7895,119,0,0,1,0,0,0,0,0,0,0,0,0
1473,57772,4521,85,0,0,1,0,0,0,0,0,0,0,0,0
1474,51472,2466,40,0,0,0,0,0,0,0,0,0,0,0,0
1475,48511,1496,23,0,0,0,0,0,0,0,0,0,0,0,0
1476,45694,571,9,0,0,0,0,0,0,0,0,0,0,0,0
1477,44788,275,3,0,0,0,0,0,0,0,0,0,0,0,0
1478,52075,2686,21,0,0,0,0,0,0,0,0,0,0,0,0
1479,46492,833,13,0,0,0,0,0,0,0,0,0,0,0,0
1480,44491,176,3,0,0,0,0,0,0,0,0,0,0,0,0
1481,45049,361,4,0,0,0,0,0,0,0,0,0,0,0,0
1482,43954,0,0,0,0,0,0,0,0,0,0,0,0,0,0
1483,43954,0,0,0,0,0,0,0,0,0,0,0,0,0,0
1484,43954,0,0,0,0,0,0,0,0,0,0,0,0,0,0
1485,43954,0,0,0,0,0,0,0,0,0,0,0,0,0,0
1486,43954,0,0,0,0,0,0,0,0,0,0,0,0,0,0
1487,43954,0,0,0,0,0,0,0,0,0,0,0,0,0,0
1488,43954,0,0,0,0,0,0,0,0,0,0,0,0,0,0
1489,43954,0,0,0,0,0,0,0,0,0,0,0,0,0,0
1490,43954,0,0,0,0,0,0,0,0,0,0,0,0,0,0
1491,43954,0,0,0,0,0,0,0,0,0,0,0,0,0,0
1492,43954,0,0,0,0,0,0,0,0,0,0,0,0,0,0
1493,43954,0,0,0,0,0,0,0,0,0,0,0,0,0,0
1494,43954,0,0,0,0,0,0,0,0,0,0,0,0,0,0
1495,43954,0,0,0,0,0,0,0,0,0,0,0,0,0,0
1496,43954,0,0,0,0,0,0,0,0,0,0,0,0,0,0
1497,43954,0,0,0,0,0,0,0,0,0,0,0,0,0,0
1498,43954,0,0,0,0,0,0,0,0,0,0,0,0,0,0
1499,43954,0,0,0,0,0,0,0,0,0,0,0,0,0,0
1500,43954,0,0,0,0,0,0,0,0,0,0,0,0,0,0
1501,43954,0,0,0,0,0,0,0,0,0,0,0,0,0,0
1502,43954,0,0,0,0,0,0,0,0,0,0,0,0,0,0
1503,43954,0,0,0,0,0,0,0,0,0,0,0,0,0,0
1504,43954,0,0,0,0,0,0,0,0,0,0,0,0,0,0
1505,43954,0,0,0,0,0,0,0,0,0,0,0,0,0,0
1506,43954,0,0,0,0,0,0,0,0,0,0,0,0,0,0
1507,43954,0,0,0,0,0,0,0,0,0,0,0,0,0,0
1508,43954,0,0,0,0,0,0,0,0,0,0,0,0,0,0
1509,43954,0,0,0,0,0,0,0,0,0,0,0,0,0,0
1510,43954,0,0,0,0,0,0,0,0,0,0,0,0,0,0
1511,43954,0,0,0,0,0,0,0,0,0,0,0,0,0,0
1512,43954,0,0,0,0,0,0,0,0,0,0,0,0,0,0
1513,43954,0,0,0,0,0,0,0,0,0,0,0,0,0,0
1514,43954,0,0,0,0,0,0,0,0,0,0,0,0,0,0
1515,43954,0,0,0,0,0,0,0,0,0,0,0,0,0,0
1516,43954,0,0,0,0,0,0,0,0,0,0,0,0,0,0
1517,43954,0,0,0,0,0,0,0,0,0,0,0,0,0,0
1518,43954,0,0,0,0,0,0,0,0,0,0,0,0,0,0
1519,43954,0,0,0,0,0,0,0,0,0,0,0,0,0,0
1520,43954,0,0,0,0,0,0,0,0,0,0,0,0,0,0
1521,43954,0,0,0,0,0,0,0,0,0,0,0,0,0,0
1522,43954,0,0,0,0,0,0,0,0,0,0,0,0,0,0
1523,43954,0,0,0,0,0,0,0,0,0,0,0,0,0,0
1524,43954,0,0,0,0,0,0,0,0,0,0,0,0,0,0
1525,43954,0,0,0,0,0,0,0,0,0,0,0,0,0,0
1526,43954,0,0,0,0,0,0,0,0,0,0,0,0,0,0
1527,43954,0,0,0,0,0,0,0,0,0,0,0,0,0,0
1528,43954,0,0,0,0,0,0,0,0,0,0,0,0,0,0
1529,43954,0,0,0,0,0,0,0,0,0,0,0,0,0,0
1530,43954,0,0,0,0,0,0,0,0,0,0,0,0,0,0
1531,43954,0,0,0,0,0,0,0,0,0,0,0,0,0,0
1532,43954,0,0,0,0,0,0,0,0,0,0,0,0,0,0
1533,43954,0,0,0,0,0,0,0,0,0,0,0,0,0,0
1534,43954,0,0,0,0,0,0,0,0,0,0,0,0,0,0
1535,43954,0,0,0,0,0,0,0,0,0,0,0,0,0,0
1536,43954,0,0,0,0,0,0,0,0,0,0,0,0,0,0
1537,43954,0,0,0,0,0,0,0,0,0,0,0,0,0,0
1538,43954,0,0,0,0,0,0,0,0,0,0,0,0,0,0
1539,43954,0,0,0,0,0,0,0,0,0,0,0,0,0,0
1540,43954,0,0,0,0,0,0,0,0,0,0,0,0,0,0
1541,43954,0,0,0,0,0,0,0,0,0,0,0,0,0,0
1542,43954,0,0,0,0,0,0,0,0,0,0,0,0,0,0
1543,43954,0,0,0,0,0,0,0,0,0,0,0,0,0,0
1544,43954,0,0,0,0,0,0,0,0,0,0,0,0,0,0
1545,43954,0,0,0,0,0,0,0,0,0,0,0,0,0,0
1546,43954,0,0,0,0,0,0,0,0,0,0,0,0,0,0
1547,43954,0,0,0,0,0,0,0,0,0,0,0,0,0,0
1548,43954,0,0,0,0,0,0,0,0,0,0,0,0,0,0
1549,43954,0,0,0,0,0,0,0,0,0,0,0,0,0,0
1550,43954,0,0,0,0,0,0,0,0,0,0,0,0,0,0
1551,43954,0,0,0,0,0,0,0,0,0,0,0,0,0,0
1552,43954,0,0,0,0,0,0,0,0,0,0,0,0,0,0
1553,43954,0,0,0,0,0,0,0,0,0,0,0,0,0,0
1554,43954,0,0,0,0,0,0,0,0,0,0,0,0,0,0
1555,43954,0,0,0,0,0,0,0,0,0,0,0,0,0,0
1556,43954,0,0,0,0,0,0,0,0,0,0,0,0,0,0
1557,43954,0,0,0,0,0,0,0,0,0,0,0,0,0,0
1558,43954,0,0,0,0,0,0,0,0,0,0,0,0,0,0
1559,43954,0,0,0,0,0,0,0,0,0,0,0,0,0,0
1560,43954,0,0,0,0,0,0,0,0,0,0,0,0,0,0
1561,43954,0,0,0,0,0,0,0,0,0,0,0,0,0,0
1562,43954,0,0,0,0,0,0,0,0,0,0,0,0,0,0
1563,43954,0,0,0,0,0,0,0,0,0,0,0,0,0,0
1564,43954,0,0,0,0,0,0,0,0,0,0,0,0,0,0
1565,43954,0,0,0,0,0,0,0,0,0,0,0,0,0,0
1566,43954,0,0,0,0,0,0,0,0,0,0,0,0,0,0
1567,43954,0,0,0,0,0,0,0,0,0,0,0,0,0,0
1568,43954,0,0,0,0,0,0,0,0,0,0,0,0,0,0
1569,43954,0,0,0,0,0,0,0,0,0,0,0,0,0,0
1570,43954,0,0,0,0,0,0,0,0,0,0,0,0,0,0
1571,43954,0,0,0,0,0,0,0,0,0,0,0,0,0,0
1572,43954,0,0,0,0,0,0,0,0,0,0,0,0,0,0
1573,43954,0,0,0,0,0,0,0,0,0,0,0,0,0,0
1574,43954,0,0,0,0,0,0,0,0,0,0,0,0,0,0
1575,43954,0,0,0,0,0,0,0,0,0,0,0,0,0,0
1576,43954,0,0,0,0,0,0,0,0,0,0,0,0,0,0
1577,43954,0,0,0,0,0,0,0,0,0,0,0,0,0,0
1578,43954,0,0,0,0,0,0,0,0,0,0,0,0,0,0
1579,43954,0,0,0,0,0,0,0,0,0,0,0,0,0,0
1580,43954,0,0,0,0,0,0,0,0,0,0,0,0,0,0
1581,43954,0,0,0,0,0,0,0,0,0,0,0,0,0,0
1582,43954,0,0,0,0,0,0,0,0,0,0,0,0,0,0
1583,43954,0,0,0,0,0,0,0,0,0,0,0,0,0,0
1584,43954,0,0,0,0,0,0,0,0,0,0,0,0,0,0
1585,43954,0,0,0,0,0,0,0,0,0,0,0,0,0,0
1586,43954,0,0,0,0,0,0,0,0,0,0,0,0,0,0
1587,43954,0,0,0,0,0,0,0,0,0,0,0,0,0,0
1588,43954,0,0,0,0,0,0,0,0,0,0,0,0,0,0
1589,43954,0,0,0,0,0,0,0,0,0,0,0,0,0,0
1590,43954,0,0,0,0,0,0,0,0,0,0,0,0,0,0
1591,43954,0,0,0,0,0,0,0,0,0,0,0,0,0,0
1592,43954,0,0,0,0,0,0,0,0,0,0,0,0,0,0
1593,43954,0,0,0,0,0,0,0,0,0,0,0,0,0,0
1594,43954,0,0,0,0,0,0,0,0,0,0,0,0,0,0
1595,43954,0,0,0,0,0,0,0,0,0,0,0,0,0,0
1596,43954,0,0,0,0,0,0,0,0,0,0,0,0,0,0
1597,43954,0,0,0,0,0,0,0,0,0,0,0,0,0,0
1598,43954,0,0,0,0,0,0,0,0,0,0,0,0,0,0
1599,43954,0,0,0,0,0,0,0,0,0,0,0,0,0,0
1600,43954,0,0,0,0,0,0,0,0,0,0,0,0,0,0
1601,43954,0,0,0,0,0,0,0,0,0,0,0,0,0,0
1602,43954,0,0,0,0,0,0,0,0,0,0,0,0,0,0
1603,43954,0,0,0,0,0,0,0,0,0,0,0,0,0,0
1604,43954,0,0,0,0,0,0,0,0,0,0,0,0,0,0
1605,43954,0,0,0,0,0,0,0,0,0,0,0,0,0,0
1606,43954,0,0,0,0,0,0,0,0,0,0,0,0,0,0
1607,43954,0,0,0,0,0,0,0,0,0,0,0,0,0,0
1608,43954,0,0,0,0,0,0,0,0,0,0,0,0,0,0
1609,43954,0,0,0,0,0,0,0,0,0,0,0,0,0,0
1610,43954,0,0,0,0,0,0,0,0,0,0,0,0,0,0
1611,43954,0,0,0,0,0,0,0,0,0,0,0,0,0,0
1612,43954,0,0,0,0,0,0,0,0,0,0,0,0,0,0
1613,43954,0,0,0,0,0,0,0,0,0,0,0,0,0,0
1614,43954,0,0,0,0,0,0,0,0,0,0,0,0,0,0
1615,43954,0,0,0,0,0,0,0,0,0,0,0,0,0,0
1616,43954,0,0,0,0,0,0,0,0,0,0,0,0,0,0
1617,43954,0,0,0,0,0,0,0,0,0,0,0,0,0,0
1618,43954,0,0,0,0,0,0,0,0,0,0,0,0,0,0
1619,43954,0,0,0,0,0,0,0,0,0,0,0,0,0,0
1620,43954,0,0,0,0,0,0,0,0,0,0,0,0,0,0
1621,43954,0,0,0,0,0,0,0,0,0,0,0,0,0,0
1622,43954,0,0,0,0,0,0,0,0,0,0,0,0,0,0
1623,43954,0,0,0,0,0,0,0,0,0,0,0,0,0,0
1624,43954,0,0,0,0,0,0,0,0,0,0,0,0,0,0
1625,43954,0,0,0,0,0,0,0,0,0,0,0,0,0,0
1626,43954,0,0,0,0,0,0,0,0,0,0,0,0,0,0
1627,43954,0,0,0,0,0,0,0,0,0,0,0,0,0,0
1628,43954,0,0,0,0,0,0,0,0,0,0,0,0,0,0
1629,43954,0,0,0,0,0,0,0,0,0,0,0,0,0,0
1630,43954,0,0,0,0,0,0,0,0,0,0,0,0,0,0
1631,43954,0,0,0,0,0,0,0,0,0,0,0,0,0,0
1632,43954,0,0,0,0,0,0,0,0,0,0,0,0,0,0
1633,43954,0,0,0,0,0,0,0,0,0,0,0,0,0,0
1634,43954,0,0,0,0,0,0,0,0,0,0,0,0,0,0
1635,43954,0,0,0,0,0,0,0,0,0,0,0,0,0,0
1636,43954,0,0,0,0,0,0,0,0,0,0,0,0,0,0
1637,43954,0,0,0,0,0,0,0,0,0,0,0,0,0,0
1638,43954,0,0,0,0,0,0,0,0,0,0,0,0,0,0
1639,43954,0,0,0,0,0,0,0,0,0,0,0,0,0,0
1640,43954,0,0,0,0,0,0,0,0,0,0,0,0,0,0
1641,43954,0,0,0,0,0,0,0,0,0,0,0,0,0,0
1642,43954,0,0,0,0,0,0,0,0,0,0,0,0,0,0
1643,43954,0,0,0,0,0,0,0,0,0,0,0,0,0,0
1644,43954,0,0,0,0,0,0,0,0,0,0,0,0,0,0
1645,43954,0,0,0,0,0,0,0,0,0,0,0,0,0,0
1646,43954,0,0,0,0,0,0,0,0,0,0,0,0,0,0
1647,43954,0,0,0,0,0,0,0,0,0,0,0,0,0,0
1648,43954,0,0,0,0,0,0,0,0,0,0,0,0,0,0
1649,43954,0,0,0,0,0,0,0,0,0,0,0,0,0,0
1650,43954,0,0,0,0,0,0,0,0,0,0,0,0,0,0
1651,43954,0,0,0,0,0,0,0,0,0,0,0,0,0,0
1652,43954,0,0,0,0,0,0,0,0,0,0,0,0,0,0
1653,43954,0,0,0,0,0,0,0,0,0,0,0,0,0,0
1654,43954,0,0,0,0,0,0,0,0,0,0,0,0,0,0
1655,43954,0,0,0,0,0,0,0,0,0,0,0,0,0,0
1656,43954,0,0,0,0,0,0,0,0,0,0,0,0,0,0
1657,43954,0,0,0,0,0,0,0,0,0,0,0,0,0,0
1658,43954,0,0,0,0,0,0,0,0,0,0,0,0,0,0
1659,43954,0,0,0,0,0,0,0,0,0,0,0,0,0,0
1660,43954,0,0,0,0,0,0,0,0,0,0,0,0,0,0
1661,43954,0,0,0,0,0,0,0,0,0,0,0,0,0,0
1662,43954,0,0,0,0,0,0,0,0,0,0,0,0,0,0
1663,43954,0,0,0,0,0,0,0,0,0,0,0,0,0,0
1664,43954,0,0,0,0,0,0,0,0,0,0,0,0,0,0
1665,43954,0,0,0,0,0,0,0,0,0,0,0,0,0,0
1666,43954,0,0,0,0,0,0,0,0,0,0,0,0,0,0
1667,43954,0,0,0,0,0,0,0,0,0,0,0,0,0,0
1668,43954,0,0,0,0,0,0,0,0,0,0,0,0,0,0
1669,43954,0,0,0,0,0,0,0,0,0,0,0,0,0,0
1670,43954,0,0,0,0,0,0,0,0,0,0,0,0,0,0
1671,43954,0,0,0,0,0,0,0,0,0,0,0,0,0,0
1672,43954,0,0,0,0,0,0,0,0,0,0,0,0,0,0
1673,43954,0,0,0,0,0,0,0,0,0,0,0,0,0,0
1674,43954,0,0,0,0,0,0,0,0,0,0,0,0,0,0
1675,43954,0,0,0,0,0,0,0,0,0,0,0,0,0,0
1676,43954,0,0,0,0,0,0,0,0,0,0,0,0,0,0
1677,43954,0,0,0,0,0,0,0,0,0,0,0,0,0,0
1678,43954,0,0,0,0,0,0,0,0,0,0,0,0,0,0
1679,43954,0,0,0,0,0,0,0,0,0,0,0,0,0,0
1680,43954,0,0,0,0,0,0,0,0,0,0,0,0,0,0
1681,43954,0,0,0,0,0,0,0,0,0,0,0,0,0,0
1682,43954,0,0,0,0,0,0,0,0,0,0,0,0,0,0
1683,43954,0,0,0,0,0,0,0,0,0,0,0,0,0,0
1684,43954,0,0,0,0,0,0,0,0,0,0,0,0,0,0
1685,43954,0,0,0,0,0,0,0,0,0,0,0,0,0,0
1686,43954,0,0,0,0,0,0,0,0,0,0,0,0,0,0
1687,43954,0,0,0,0,0,0,0,0,0,0,0,0,0,0
1688,43954,0,0,0,0,0,0,0,0,0,0,0,0,0,0
1689,43954,0,0,0,0,0,0,0,0,0,0,0,0,0,0
1690,43954,0,0,0,0,0,0,0,0,0,0,0,0,0,0
1691,43954,0,0,0,0,0,0,0,0,0,0,0,0,0,0
1692,43954,0,0,0,0,0,0,0,0,0,0,0,0,0,0
1693,43954,0,0,0,0,0,0,0,0,0,0,0,0,0,0
1694,43954,0,0,0,0,0,0,0,0,0,0,0,0,0,0
1695,43954,0,0,0,0,0,0,0,0,0,0,0,0,0,0
1696,43954,0,0,0,0,0,0,0,0,0,0,0,0,0,0
1697,43954,0,0,0,0,0,0,0,0,0,0,0,0,0,0
1698,43954,0,0,0,0,0,0,0,0,0,0,0,0,0,0
1699,43954,0,0,0,0,0,0,0,0,0,0,0,0,0,0
1700,43954,0,0,0,0,0,0,0,0,0,0,0,0,0,0
1701,43954,0,0,0,0,0,0,0,0,0,0,0,0,0,0
1702,43954,0,0,0,0,0,0,0,0,0,0,0,0,0,0
1703,43954,0,0,0,0,0,0,0,0,0,0,0,0,0,0
1704,43954,0,0,0,0,0,0,0,0,0,0,0,0,0,0
1705,43954,0,0,0,0,0,0,0,0,0,0,0,0,0,0
1706,43954,0,0,0,0,0,0,0,0,0,0,0,0,0,0
1707,43954,0,0,0,0,0,0,0,0,0,0,0,0,0,0
1708,43954,0,0,0,0,0,0,0,0,0,0,0,0,0,0
1709,43954,0,0,0,0,0,0,0,0,0,0,0,0,0,0
1710,43954,0,0,0,0,0,0,0,0,0,0,0,0,0,0
1711,43954,0,0,0,0,0,0,0,0,0,0,0,0,0,0
1712,43954,0,0,0,0,0,0,0,0,0,0,0,0,0,0
1713,43954,0,0,0,0,0,0,0,0,0,0,0,0,0,0
1714,43954,0,0,0,0,0,0,0,0,0,0,0,0,0,0
1715,43954,0,0,0,0,0,0,0,0,0,0,0,0,0,0
1716,43954,0,0,0,0,0,0,0,0,0,0,0,0,0,0
1717,43954,0,0,0,0,0,0,0,0,0,0,0,0,0,0
1718,43954,0,0,0,0,0,0,0,0,0,0,0,0,0,0
1719,43954,0,0,0,0,0,0,0,0,0,0,0,0,0,0
1720,43954,0,0,0,0,0,0,0,0,0,0,0,0,0,0
1721,43954,0,0,0,0,0,0,0,0,0,0,0,0,0,0
1722,43954,0,0,0,0,0,0,0,0,0,0,0,0,0,0
1723,43954,0,0,0,0,0,0,0,0,0,0,0,0,0,0
1724,43954,0,0,0,0,0,0,0,0,0,0,0,0,0,0
1725,43954,0,0,0,0,0,0,0,0,0,0,0,0,0,0
1726,43954,0,0,0,0,0,0,0,0,0,0,0,0,0,0
1727,43954,0,0,0,0,0,0,0,0,0,0,0,0,0,0
1728,43954,0,0,0,0,0,0,0,0,0,0,0,0,0,0
1729,43954,0,0,0,0,0,0,0,0,0,0,0,0,0,0
1730,43954,0,0,0,0,0,0,0,0,0,0,0,0,0,0
1731,43954,0,0,0,0,0,0,0,0,0,0,0,0,0,0
1732,43954,0,0,0,0,0,0,0,0,0,0,0,0,0,0
1733,43954,0,0,0,0,0,0,0,0,0,0,0,0,0,0
1734,43954,0,0,0,0,0,0,0,0,0,0,0,0,0,0
1735,43954,0,0,0,0,0,0,0,0,0,0,0,0,0,0
1736,43954,0,0,0,0,0,0,0,0,0,0,0,0,0,0
1737,43954,0,0,0,0,0,0,0,0,0,0,0,0,0,0
1738,43954,0,0,0,0,0,0,0,0,0,0,0,0,0,0
1739,43954,0,0,0,0,0,0,0,0,0,0,0,0,0,0
1740,43954,0,0,0,0,0,0,0,0,0,0,0,0,0,0
1741,43954,0,0,0,0,0,0,0,0,0,0,0,0,0,0
1742,43954,0,0,0,0,0,0,0,0,0,0,0,0,0,0
1743,43954,0,0,0,0,0,0,0,0,0,0,0,0,0,0
1744,43954,0,0,0,0,0,0,0,0,0,0,0,0,0,0
1745,43954,0,0,0,0,0,0,0,0,0,0,0,0,0,0
1746,43954,0,0,0,0,0,0,0,0,0,0,0,0,0,0
1747,43954,0,0,0,0,0,0,0,0,0,0,0,0,0,0
1748,43954,0,0,0,0,0,0,0,0,0,0,0,0,0,0
1749,43954,0,0,0,0,0,0,0,0,0,0,0,0,0,0
1750,43954,0,0,0,0,0,0,0,0,0,0,0,0,0,0
1751,43954,0,0,0,0,0,0,0,0,0,0,0,0,0,0
1752,43954,0,0,0,0,0,0,0,0,0,0,0,0,0,0
1753,43954,0,0,0,0,0,0,0,0,0,0,0,0,0,0
1754,43954,0,0,0,0,0,0,0,0,0,0,0,0,0,0
1755,43954,0,0,0,0,0,0,0,0,0,0,0,0,0,0
1756,43954,0,0,0,0,0,0,0,0,0,0,0,0,0,0
1757,43954,0,0,0,0,0,0,0,0,0,0,0,0,0,0
1758,43954,0,0,0,0,0,0,0,0,0,0,0,0,0,0
1759,43954,0,0,0,0,0,0,0,0,0,0,0,0,0,0
1760,43954,0,0,0,0,0,0,0,0,0,0,0,0,0,0
1761,43954,0,0,0,0,0,0,0,0,0,0,0,0,0,0
1762,43954,0,0,0,0,0,0,0,0,0,0,0,0,0,0
1763,43954,0,0,0,0,0,0,0,0,0,0,0,0,0,0
1764,43954,0,0,0,0,0,0,0,0,0,0,0,0,0,0
1765,43954,0,0,0,0,0,0,0,0,0,0,0,0,0,0
1766,43954,0,0,0,0,0,0,0,0,0,0,0,0,0,0
1767,43954,0,0,0,0,0,0,0,0,0,0,0,0,0,0
1768,43954,0,0,0,0,0,0,0,0,0,0,0,0,0,0
1769,43954,0,0,0,0,0,0,0,0,0,0,0,0,0,0
1770,43954,0,0,0,0,0,0,0,0,0,0,0,0,0,0
1771,43954,0,0,0,0,0,0,0,0,0,0,0,0,0,0
1772,43954,0,0,0,0,0,0,0,0,0,0,0,0,0,0
1773,43954,0,0,0,0,0,0,0,0,0,0,0,0,0,0
1774,43954,0,0,0,0,0,0,0,0,0,0,0,0,0,0
1775,43954,0,0,0,0,0,0,0,0,0,0,0,0,0,0
1776,43954,0,0,0,0,0,0,0,0,0,0,0,0,0,0
1777,43954,0,0,0,0,0,0,0,0,0,0,0,0,0,0
1778,43954,0,0,0,0,0,0,0,0,0,0,0,0,0,0
1779,43954,0,0,0,0,0,0,0,0,0,0,0,0,0,0
1780,43954,0,0,0,0,0,0,0,0,0,0,0,0,0,0
1781,43954,0,0,0,0,0,0,0,0,0,0,0,0,0,0
1782,43954,0,0,0,0,0,0,0,0,0,0,0,0,0,0
1783,43954,0,0,0,0,0,0,0,0,0,0,0,0,0,0
1784,43954,0,0,0,0,0,0,0,0,0,0,0,0,0,0
1785,43954,0,0,0,0,0,0,0,0,0,0,0,0,0,0
1786,43954,0,0,0,0,0,0,0,0,0,0,0,0,0,0
1787,43954,0,0,0,0,0,0,0,0,0,0,0,0,0,0
1788,43954,0,0,0,0,0,0,0,0,0,0,0,0,0,0
1789,43954,0,0,0,0,0,0,0,0,0,0,0,0,0,0
1790,43954,0,0,0,0,0,0,0,0,0,0,0,0,0,0
1791,43954,0,0,0,0,0,0,0,0,0,0,0,0,0,0
1792,43954,0,0,0,0,0,0,0,0,0,0,0,0,0,0
1793,43954,0,0,0,0,0,0,0,0,0,0,0,0,0,0
1794,43954,0,0,0,0,0,0,0,0,0,0,0,0,0,0
1795,43954,0,0,0,0,0,0,0,0,0,0,0,0,0,0
1796,43954,0,0,0,0,0,0,0,0,0,0,0,0,0,0
1797,43954,0,0,0,0,0,0,0,0,0,0,0,0,0,0
1798,43954,0,0,0,0,0,0,0,0,0,0,0,0,0,0
1799,43954,0,0,0,0,0,0,0,0,0,0,0,0,0,0
1800,43954,0,0,0,0,0,0,0,0,0,0,0,0,0,0
1801,43954,0,0,0,0,0,0,0,0,0,0,0,0,0,0
1802,43954,0,0,0,0,0,0,0,0,0,0,0,0,0,0
1803,43954,0,0,0,0,0,0,0,0,0,0,0,0,0,0
1804,43954,0,0,0,0,0,0,0,0,0,0,0,0,0,0
1805,43954,0,0,0,0,0,0,0,0,0,0,0,0,0,0
1806,43954,0,0,0,0,0,0,0,0,0,0,0,0,0,0
1807,43954,0,0,0,0,0,0,0,0,0,0,0,0,0,0
1808,43954,0,0,0,0,0,0,0,0,0,0,0,0,0,0
1809,43954,0,0,0,0,0,0,0,0,0,0,0,0,0,0
1810,43954,0,0,0,0,0,0,0,0,0,0,0,0,0,0
1811,43954,0,0,0,0,0,0,0,0,0,0,0,0,0,0
1812,43954,0,0,0,0,0,0,0,0,0,0,0,0,0,0
1813,43954,0,0,0,0,0,0,0,0,0,0,0,0,0,0
1814,43954,0,0,0,0,0,0,0,0,0,0,0,0,0,0
1815,43954,0,0,0,0,0,0,0,0,0,0,0,0,0,0
1816,43954,0,0,0,0,0,0,0,0,0,0,0,0,0,0
1817,43954,0,0,0,0,0,0,0,0,0,0,0,0,0,0
1818,43954,0,0,0,0,0,0,0,0,0,0,0,0,0,0
1819,43954,0,0,0,0,0,0,0,0,0,0,0,0,0,0
1820,43954,0,0,0,0,0,0,0,0,0,0,0,0,0,0
1821,43954,0,0,0,0,0,0,0,0,0,0,0,0,0,0
1822,43954,0,0,0,0,0,0,0,0,0,0,0,0,0,0
1823,43954,0,0,0,0,0,0,0,0,0,0,0,0,0,0
1824,43954,0,0,0,0,0,0,0,0,0,0,0,0,0,0
1825,43954,0,0,0,0,0,0,0,0,0,0,0,0,0,0
1826,43954,0,0,0,0,0,0,0,0,0,0,0,0,0,0
1827,43954,0,0,0,0,0,0,0,0,0,0,0,0,0,0
1828,43954,0,0,0,0,0,0,0,0,0,0,0,0,0,0
1829,43954,0,0,0,0,0,0,0,0,0,0,0,0,0,0
1830,43954,0,0,0,0,0,0,0,0,0,0,0,0,0,0
1831,43954,0,0,0,0,0,0,0,0,0,0,0,0,0,0
1832,43954,0,0,0,0,0,0,0,0,0,0,0,0,0,0
1833,43954,0,0,0,0,0,0,0,0,0,0,0,0,0,0
1834,43954,0,0,0,0,0,0,0,0,0,0,0,0,0,0
1835,43954,0,0,0,0,0,0,0,0,0,0,0,0,0,0
1836,43954,0,0,0,0,0,0,0,0,0,0,0,0,0,0
1837,43954,0,0,0,0,0,0,0,0,0,0,0,0,0,0
1838,43954,0,0,0,0,0,0,0,0,0,0,0,0,0,0
1839,43954,0,0,0,0,0,0,0,0,0,0,0,0,0,0
1840,43954,0,0,0,0,0,0,0,0,0,0,0,0,0,0
1841,43954,0,0,0,0,0,0,0,0,0,0,0,0,0,0
1842,43954,0,0,0,0,0,0,0,0,0,0,0,0,0,0
1843,43954,0,0,0,0,0,0,0,0,0,0,0,0,0,0
1844,43954,0,0,0,0,0,0,0,0,0,0,0,0,0,0
1845,43954,0,0,0,0,0,0,0,0,0,0,0,0,0,0
1846,43954,0,0,0,0,0,0,0,0,0,0,0,0,0,0
1847,43954,0,0,0,0,0,0,0,0,0,0,0,0,0,0
1848,43954,0,0,0,0,0,0,0,0,0,0,0,0,0,0
1849,43954,0,0,0,0,0,0,0,0,0,0,0,0,0,0
1850,43954,0,0,0,0,0,0,0,0,0,0,0,0,0,0
1851,43954,0,0,0,0,0,0,0,0,0,0,0,0,0,0
1852,43954,0,0,0,0,0,0,0,0,0,0,0,0,0,0
1853,43954,0,0,0,0,0,0,0,0,0,0,0,0,0,0
1854,43954,0,0,0,0,0,0,0,0,0,0,0,0,0,0
1855,43954,0,0,0,0,0,0,0,0,0,0,0,0,0,0
1856,43954,0,0,0,0,0,0,0,0,0,0,0,0,0,0
1857,43954,0,0,0,0,0,0,0,0,0,0,0,0,0,0
1858,43954,0,0,0,0,0,0,0,0,0,0,0,0,0,0
1859,43954,0,0,0,0,0,0,0,0,0,0,0,0,0,0
1860,43954,0,0,0,0,0,0,0,0,0,0,0,0,0,0
1861,43954,0,0,0,0,0,0,0,0,0,0,0,0,0,0
1862,43954,0,0,0,0,0,0,0,0,0,0,0,0,0,0
1863,43954,0,0,0,0,0,0,0,0,0,0,0,0,0,0
1864,43954,0,0,0,0,0,0,0,0,0,0,0,0,0,0
1865,43954,0,0,0,0,0,0,0,0,0,0,0,0,0,0
1866,43954,0,0,0,0,0,0,0,0,0,0,0,0,0,0
1867,43954,0,0,0,0,0,0,0,0,0,0,0,0,0,0
1868,43954,0,0,0,0,0,0,0,0,0,0,0,0,0,0
1869,43954,0,0,0,0,0,0,0,0,0,0,0,0,0,0
1870,43954,0,0,0,0,0,0,0,0,0,0,0,0,0,0
1871,43954,0,0,0,0,0,0,0,0,0,0,0,0,0,0
1872,43954,0,0,0,0,0,0,0,0,0,0,0,0,0,0
1873,43954,0,0,0,0,0,0,0,0,0,0,0,0,0,0
1874,43954,0,0,0,0,0,0,0,0,0,0,0,0,0,0
1875,43954,0,0,0,0,0,0,0,0,0,0,0,0,0,0
1876,43954,0,0,0,0,0,0,0,0,0,0,0,0,0,0
1877,43954,0,0,0,0,0,0,0,0,0,0,0,0,0,0
1878,43954,0,0,0,0,0,0,0,0,0,0,0,0,0,0
1879,43954,0,0,0,0,0,0,0,0,0,0,0,0,0,0
1880,43954,0,0,0,0,0,0,0,0,0,0,0,0,0,0
1881,43954,0,0,0,0,0,0,0,0,0,0,0,0,0,0
1882,43954,0,0,0,0,0,0,0,0,0,0,0,0,0,0
1883,43954,0,0,0,0,0,0,0,0,0,0,0,0,0,0
1884,43954,0,0,0,0,0,0,0,0,0,0,0,0,0,0
1885,43954,0,0,0,0,0,0,0,0,0,0,0,0,0,0
1886,43954,0,0,0,0,0,0,0,0,0,0,0,0,0,0
1887,43954,0,0,0,0,0,0,0,0,0,0,0,0,0,0
1888,43954,0,0,0,0,0,0,0,0,0,0,0,0,0,0
1889,43954,0,0,0,0,0,0,0,0,0,0,0,0,0,0
1890,43954,0,0,0,0,0,0,0,0,0,0,0,0,0,0
1891,43954,0,0,0,0,0,0,0,0,0,0,0,0,0,0
1892,43954,0,0,0,0,0,0,0,0,0,0,0,0,0,0
1893,43954,0,0,0,0,0,0,0,0,0,0,0,0,0,0
1894,43954,0,0,0,0,0,0,0,0,0,0,0,0,0,0
1895,43954,0,0,0,0,0,0,0,0,0,0,0,0,0,0
1896,43954,0,0,0,0,0,0,0,0,0,0,0,0,0,0
1897,43954,0,0,0,0,0,0,0,0,0,0,0,0,0,0
1898,43954,0,0,0,0,0,0,0,0,0,0,0,0,0,0
1899,43954,0,0,0,0,0,0,0,0,0,0,0,0,0,0
1900,43954,0,0,0,0,0,0,0,0,0,0,0,0,0,0
1901,43954,0,0,0,0,0,0,0,0,0,0,0,0,0,0
1902,43954,0,0,0,0,0,0,0,0,0,0,0,0,0,0
1903,43954,0,0,0,0,0,0,0,0,0,0,0,0,0,0
1904,43954,0,0,0,0,0,0,0,0,0,0,0,0,0,0
1905,43954,0,0,0,0,0,0,0,0,0,0,0,0,0,0
1906,43954,0,0,0,0,0,0,0,0,0,0,0,0,0,0
1907,43954,0,0,0,0,0,0,0,0,0,0,0,0,0,0
1908,43954,0,0,0,0,0,0,0,0,0,0,0,0,0,0
1909,43954,0,0,0,0,0,0,0,0,0,0,0,0,0,0
1910,43954,0,0,0,0,0,0,0,0,0,0,0,0,0,0
1911,43954,0,0,0,0,0,0,0,0,0,0,0,0,0,0
1912,43954,0,0,0,0,0,0,0,0,0,0,0,0,0,0
1913,43954,0,0,0,0,0,0,0,0,0,0,0,0,0,0
1914,43954,0,0,0,0,0,0,0,0,0,0,0,0,0,0
1915,43954,0,0,0,0,0,0,0,0,0,0,0,0,0,0
1916,43954,0,0,0,0,0,0,0,0,0,0,0,0,0,0
1917,43954,0,0,0,0,0,0,0,0,0,0,0,0,0,0
1918,43954,0,0,0,0,0,0,0,0,0,0,0,0,0,0
1919,43954,0,0,0,0,0,0,0,0,0,0,0,0,0,0
1920,43954,0,0,0,0,0,0,0,0,0,0,0,0,0,0
1921,43954,0,0,0,0,0,0,0,0,0,0,0,0,0,0
1922,43954,0,0,0,0,0,0,0,0,0,0,0,0,0,0
1923,43954,0,0,0,0,0,0,0,0,0,0,0,0,0,0
1924,43954,0,0,0,0,0,0,0,0,0,0,0,0,0,0
1925,43954,0,0,0,0,0,0,0,0,0,0,0,0,0,0
1926,43954,0,0,0,0,0,0,0,0,0,0,0,0,0,0
1927,43954,0,0,0,0,0,0,0,0,0,0,0,0,0,0
1928,43954,0,0,0,0,0,0,0,0,0,0,0,0,0,0
1929,43954,0,0,0,0,0,0,0,0,0,0,0,0,0,0
1930,43954,0,0,0,0,0,0,0,0,0,0,0,0,0,0
1931,43954,0,0,0,0,0,0,0,0,0,0,0,0,0,0
1932,43954,0,0,0,0,0,0,0,0,0,0,0,0,0,0
1933,43954,0,0,0,0,0,0,0,0,0,0,0,0,0,0
1934,43954,0,0,0,0,0,0,0,0,0,0,0,0,0,0
1935,43954,0,0,0,0,0,0,0,0,0,0,0,0,0,0
1936,43954,0,0,0,0,0,0,0,0,0,0,0,0,0,0
1937,43954,0,0,0,0,0,0,0,0,0,0,0,0,0,0
1938,43954,0,0,0,0,0,0,0,0,0,0,0,0,0,0
1939,43954,0,0,0,0,0,0,0,0,0,0,0,0,0,0
1940,43954,0,0,0,0,0,0,0,0,0,0,0,0,0,0
1941,43954,0,0,0,0,0,0,0,0,0,0,0,0,0,0
1942,43954,0,0,0,0,0,0,0,0,0,0,0,0,0,0
1943,43954,0,0,0,0,0,0,0,0,0,0,0,0,0,0
1944,43954,0,0,0,0,0,0,0,0,0,0,0,0,0,0
1945,43954,0,0,0,0,0,0,0,0,0,0,0,0,0,0
1946,43954,0,0,0,0,0,0,0,0,0,0,0,0,0,0
1947,43954,0,0,0,0,0,0,0,0,0,0,0,0,0,0
1948,43954,0,0,0,0,0,0,0,0,0,0,0,0,0,0
1949,43954,0,0,0,0,0,0,0,0,0,0,0,0,0,0
1950,43954,0,0,0,0,0,0,0,0,0,0,0,0,0,0
1951,43954,0,0,0,0,0,0,0,0,0,0,0,0,0,0
1952,43954,0,0,0,0,0,0,0,0,0,0,0,0,0,0
1953,43954,0,0,0,0,0,0,0,0,0,0,0,0,0,0
1954,43954,0,0,0,0,0,0,0,0,0,0,0,0,0,0
1955,43954,0,0,0,0,0,0,0,0,0,0,0,0,0,0
1956,43954,0,0,0,0,0,0,0,0,0,0,0,0,0,0
1957,43954,0,0,0,0,0,0,0,0,0,0,0,0,0,0
1958,43954,0,0,0,0,0,0,0,0,0,0,0,0,0,0
1959,43954,0,0,0,0,0,0,0,0,0,0,0,0,0,0
1960,43954,0,0,0,0,0,0,0,0,0,0,0,0,0,0
1961,43954,0,0,0,0,0,0,0,0,0,0,0,0,0,0
1962,43954,0,0,0,0,0,0,0,0,0,0,0,0,0,0
1963,43954,0,0,0,0,0,0,0,0,0,0,0,0,0,0
1964,43954,0,0,0,0,0,0,0,0,0,0,0,0,0,0
1965,43954,0,0,0,0,0,0,0,0,0,0,0,0,0,0
1966,43954,0,0,0,0,0,0,0,0,0,0,0,0,0,0
1967,43954,0,0,0,0,0,0,0,0,0,0,0,0,0,0
1968,43954,0,0,0,0,0,0,0,0,0,0,0,0,0,0
1969,43954,0,0,0,0,0,0,0,0,0,0,0,0,0,0
1970,43954,0,0,0,0,0,0,0,0,0,0,0,0,0,0
1971,43954,0,0,0,0,0,0,0,0,0,0,0,0,0,0
1972,43954,0,0,0,0,0,0,0,0,0,0,0,0,0,0
1973,43954,0,0,0,0,0,0,0,0,0,0,0,0,0,0
1974,43954,0,0,0,0,0,0,0,0,0,0,0,0,0,0
1975,43954,0,0,0,0,0,0,0,0,0,0,0,0,0,0
1976,43954,0,0,0,0,0,0,0,0,0,0,0,0,0,0
1977,43954,0,0,0,0,0,0,0,0,0,0,0,0,0,0
1978,43954,0,0,0,0,0,0,0,0,0,0,0,0,0,0
1979,43954,0,0,0,0,0,0,0,0,0,0,0,0,0,0
1980,43954,0,0,0,0,0,0,0,0,0,0,0,0,0,0
1981,43954,0,0,0,0,0,0,0,0,0,0,0,0,0,0
1982,43954,0,0,0,0,0,0,0,0,0,0,0,0,0,0
1983,43954,0,0,0,0,0,0,0,0,0,0,0,0,0,0
1984,43954,0,0,0,0,0,0,0,0,0,0,0,0,0,0
1985,43954,0,0,0,0,0,0,0,0,0,0,0,0,0,0
1986,43954,0,0,0,0,0,0,0,0,0,0,0,0,0,0
1987,43954,0,0,0,0,0,0,0,0,0,0,0,0,0,0
1988,43954,0,0,0,0,0,0,0,0,0,0,0,0,0,0
1989,43954,0,0,0,0,0,0,0,0,0,0,0,0,0,0
1990,43954,0,0,0,0,0,0,0,0,0,0,0,0,0,0
1991,43954,0,0,0,0,0,0,0,0,0,0,0,0,0,0
1992,43954,0,0,0,0,0,0,0,0,0,0,0,0,0,0
1993,43954,0,0,0,0,0,0,0,0,0,0,0,0,0,0
1994,43954,0,0,0,0,0,0,0,0,0,0,0,0,0,0
1995,43954,0,0,0,0,0,0,0,0,0,0,0,0,0,0
1996,43954,0,0,0,0,0,0,0,0,0,0,0,0,0,0
1997,43954,0,0,0,0,0,0,0,0,0,0,0,0,0,0
1998,43954,0,0,0,0,0,0,0,0,0,0,0,0,0,0
1999,43954,0,0,0,0,0,0,0,0,0,0,0,0,0,0
2000,43954,0,0,0,0,0,0,0,0,0,0,0,0,0,0
2001,43954,0,0,0,0,0,0,0,0,0,0,0,0,0,0
2002,43954,0,0,0,0,0,0,0,0,0,0,0,0,0,0
2003,43954,0,0,0,0,0,0,0,0,0,0,0,0,0,0
2004,43954,0,0,0,0,0,0,0,0,0,0,0,0,0,0
2005,43954,0,0,0,0,0,0,0,0,0,0,0,0,0,0
2006,43954,0,0,0,0,0,0,0,0,0,0,0,0,0,0
2007,43954,0,0,0,0,0,0,0,0,0,0,0,0,0,0
2008,43954,0,0,0,0,0,0,0,0,0,0,0,0,0,0
2009,43954,0,0,0,0,0,0,0,0,0,0,0,0,0,0
2010,43954,0,0,0,0,0,0,0,0,0,0,0,0,0,0
2011,43954,0,0,0,0,0,0,0,0,0,0,0,0,0,0
2012,43954,0,0,0,0,0,0,0,0,0,0,0,0,0,0
2013,43954,0,0,0,0,0,0,0,0,0,0,0,0,0,0
2014,43954,0,0,0,0,0,0,0,0,0,0,0,0,0,0
2015,43954,0,0,0,0,0,0,0,0,0,0,0,0,0,0
2016,43954,0,0,0,0,0,0,0,0,0,0,0,0,0,0
2017,43954,0,0,0,0,0,0,0,0,0,0,0,0,0,0
2018,43954,0,0,0,0,0,0,0,0,0,0,0,0,0,0
2019,43954,0,0,0,0,0,0,0,0,0,0,0,0,0,0
2020,43954,0,0,0,0,0,0,0,0,0,0,0,0,0,0
2021,43954,0,0,0,0,0,0,0,0,0,0,0,0,0,0
2022,43954,0,0,0,0,0,0,0,0,0,0,0,0,0,0
2023,43954,0,0,0,0,0,0,0,0,0,0,0,0,0,0
2024,43954,0,0,0,0,0,0,0,0,0,0,0,0,0,0
2025,43954,0,0,0,0,0,0,0,0,0,0,0,0,0,0
2026,43954,0,0,0,0,0,0,0,0,0,0,0,0,0,0
2027,43954,0,0,0,0,0,0,0,0,0,0,0,0,0,0
2028,43954,0,0,0,0,0,0,0,0,0,0,0,0,0,0
2029,43954,0,0,0,0,0,0,0,0,0,0,0,0,0,0
2030,43954,0,0,0,0,0,0,0,0,0,0,0,0,0,0
2031,43954,0,0,0,0,0,0,0,0,0,0,0,0,0,0
2032,43954,0,0,0,0,0,0,0,0,0,0,0,0,0,0
2033,43954,0,0,0,0,0,0,0,0,0,0,0,0,0,0
2034,43954,0,0,0,0,0,0,0,0,0,0,0,0,0,0
2035,43954,0,0,0,0,0,0,0,0,0,0,0,0,0,0
2036,43954,0,0,0,0,0,0,0,0,0,0,0,0,0,0
2037,43954,0,0,0,0,0,0,0,0,0,0,0,0,0,0
2038,43954,0,0,0,0,0,0,0,0,0,0,0,0,0,0
2039,43954,0,0,0,0,0,0,0,0,0,0,0,0,0,0
2040,43954,0,0,0,0,0,0,0,0,0,0,0,0,0,0
2041,43954,0,0,0,0,0,0,0,0,0,0,0,0,0,0
2042,43954,0,0,0,0,0,0,0,0,0,0,0,0,0,0
2043,43954,0,0,0,0,0,0,0,0,0,0,0,0,0,0
2044,43954,0,0,0,0,0,0,0,0,0,0,0,0,0,0
2045,43954,0,0,0,0,0,0,0,0,0,0,0,0,0,0
2046,43954,0,0,0,0,0,0,0,0,0,0,0,0,0,0
2047,43954,0,0,0,0,0,0,0,0,0,0,0,0,0,0
2048,43954,0,0,0,0,0,0,0,0,0,0,0,0,0,0
2049,43954,0,0,0,0,0,0,0,0,0,0,0,0,0,0
2050,43954,0,0,0,0,0,0,0,0,0,0,0,0,0,0
2051,43954,0,0,0,0,0,0,0,0,0,0,0,0,0,0
2052,43954,0,0,0,0,0,0,0,0,0,0,0,0,0,0
2053,43954,0,0,0,0,0,0,0,0,0,0,0,0,0,0
2054,43954,0,0,0,0,0,0,0,0,0,0,0,0,0,0
2055,43954,0,0,0,0,0,0,0,0,0,0,0,0,0,0
2056,43954,0,0,0,0,0,0,0,0,0,0,0,0,0,0
2057,43954,0,0,0,0,0,0,0,0,0,0,0,0,0,0
2058,43954,0,0,0,0,0,0,0,0,0,0,0,0,0,0
2059,43954,0,0,0,0,0,0,0,0,0,0,0,0,0,0
2060,43954,0,0,0,0,0,0,0,0,0,0,0,0,0,0
2061,43954,0,0,0,0,0,0,0,0,0,0,0,0,0,0
2062,43954,0,0,0,0,0,0,0,0,0,0,0,0,0,0
2063,43954,0,0,0,0,0,0,0,0,0,0,0,0,0,0
2064,43954,0,0,0,0,0,0,0,0,0,0,0,0,0,0
2065,43954,0,0,0,0,0,0,0,0,0,0,0,0,0,0
2066,43954,0,0,0,0,0,0,0,0,0,0,0,0,0,0
2067,43954,0,0,0,0,0,0,0,0,0,0,0,0,0,0
2068,43954,0,0,0,0,0,0,0,0,0,0,0,0,0,0
2069,43954,0,0,0,0,0,0,0,0,0,0,0,0,0,0
2070,43954,0,0,0,0,0,0,0,0,0,0,0,0,0,0
2071,43954,0,0,0,0,0,0,0,0,0,0,0,0,0,0
2072,43954,0,0,0,0,0,0,0,0,0,0,0,0,0,0
2073,43954,0,0,0,0,0,0,0,0,0,0,0,0,0,0
2074,43954,0,0,0,0,0,0,0,0,0,0,0,0,0,0
2075,43954,0,0,0,0,0,0,0,0,0,0,0,0,0,0
2076,43954,0,0,0,0,0,0,0,0,0,0,0,0,0,0
2077,43954,0,0,0,0,0,0,0,0,0,0,0,0,0,0
2078,43954,0,0,0,0,0,0,0,0,0,0,0,0,0,0
2079,43954,0,0,0,0,0,0,0,0,0,0,0,0,0,0
2080,43954,0,0,0,0,0,0,0,0,0,0,0,0,0,0
2081,43954,0,0,0,0,0,0,0,0,0,0,0,0,0,0
2082,43954,0,0,0,0,0,0,0,0,0,0,0,0,0,0
2083,43954,0,0,0,0,0,0,0,0,0,0,0,0,0,0
2084,43954,0,0,0,0,0,0,0,0,0,0,0,0,0,0
2085,43954,0,0,0,0,0,0,0,0,0,0,0,0,0,0
2086,43954,0,0,0,0,0,0,0,0,0,0,0,0,0,0
2087,43954,0,0,0,0,0,0,0,0,0,0,0,0,0,0
2088,43954,0,0,0,0,0,0,0,0,0,0,0,0,0,0
2089,43954,0,0,0,0,0,0,0,0,0,0,0,0,0,0
2090,43954,0,0,0,0,0,0,0,0,0,0,0,0,0,0
2091,43954,0,0,0,0,0,0,0,0,0,0,0,0,0,0
2092,43954,0,0,0,0,0,0,0,0,0,0,0,0,0,0
2093,43954,0,0,0,0,0,0,0,0,0,0,0,0,0,0
2094,43954,0,0,0,0,0,0,0,0,0,0,0,0,0,0
2095,43954,0,0,0,0,0,0,0,0,0,0,0,0,0,0
2096,43954,0,0,0,0,0,0,0,0,0,0,0,0,0,0
2097,43954,0,0,0,0,0,0,0,0,0,0,0,0,0,0
2098,43954,0,0,0,0,0,0,0,0,0,0,0,0,0,0
2099,43954,0,0,0,0,0,0,0,0,0,0,0,0,0,0
2100,43954,0,0,0,0,0,0,0,0,0,0,0,0,0,0
2101,43954,0,0,0,0,0,0,0,0,0,0,0,0,0,0
2102,43954,0,0,0,0,0,0,0,0,0,0,0,0,0,0
2103,43954,0,0,0,0,0,0,0,0,0,0,0,0,0,0
2104,43954,0,0,0,0,0,0,0,0,0,0,0,0,0,0
2105,43954,0,0,0,0,0,0,0,0,0,0,0,0,0,0
2106,43954,0,0,0,0,0,0,0,0,0,0,0,0,0,0
2107,43954,0,0,0,0,0,0,0,0,0,0,0,0,0,0
2108,43954,0,0,0,0,0,0,0,0,0,0,0,0,0,0
2109,43954,0,0,0,0,0,0,0,0,0,0,0,0,0,0
2110,43954,0,0,0,0,0,0,0,0,0,0,0,0,0,0
2111,43954,0,0,0,0,0,0,0,0,0,0,0,0,0,0
2112,43954,0,0,0,0,0,0,0,0,0,0,0,0,0,0
2113,43954,0,0,0,0,0,0,0,0,0,0,0,0,0,0
2114,43954,0,0,0,0,0,0,0,0,0,0,0,0,0,0
2115,43954,0,0,0,0,0,0,0,0,0,0,0,0,0,0
2116,43954,0,0,0,0,0,0,0,0,0,0,0,0,0,0
2117,43954,0,0,0,0,0,0,0,0,0,0,0,0,0,0
2118,43954,0,0,0,0,0,0,0,0,0,0,0,0,0,0
2119,43954,0,0,0,0,0,0,0,0,0,0,0,0,0,0
2120,43954,0,0,0,0,0,0,0,0,0,0,0,0,0,0
2121,43954,0,0,0,0,0,0,0,0,0,0,0,0,0,0
2122,43954,0,0,0,0,0,0,0,0,0,0,0,0,0,0
2123,43954,0,0,0,0,0,0,0,0,0,0,0,0,0,0
2124,43954,0,0,0,0,0,0,0,0,0,0,0,0,0,0
2125,43954,0,0,0,0,0,0,0,0,0,0,0,0,0,0
2126,43954,0,0,0,0,0,0,0,0,0,0,0,0,0,0
2127,43954,0,0,0,0,0,0,0,0,0,0,0,0,0,0
2128,43954,0,0,0,0,0,0,0,0,0,0,0,0,0,0
2129,43954,0,0,0,0,0,0,0,0,0,0,0,0,0,0
2130,43954,0,0,0,0,0,0,0,0,0,0,0,0,0,0
2131,43954,0,0,0,0,0,0,0,0,0,0,0,0,0,0
2132,43954,0,0,0,0,0,0,0,0,0,0,0,0,0,0
2133,43954,0,0,0,0,0,0,0,0,0,0,0,0,0,0
2134,43954,0,0,0,0,0,0,0,0,0,0,0,0,0,0
2135,43954,0,0,0,0,0,0,0,0,0,0,0,0,0,0
2136,43954,0,0,0,0,0,0,0,0,0,0,0,0,0,0
2137,43954,0,0,0,0,0,0,0,0,0,0,0,0,0,0
2138,43954,0,0,0,0,0,0,0,0,0,0,0,0,0,0
2139,43954,0,0,0,0,0,0,0,0,0,0,0,0,0,0
2140,43954,0,0,0,0,0,0,0,0,0,0,0,0,0,0
2141,43954,0,0,0,0,0,0,0,0,0,0,0,0,0,0
2142,43954,0,0,0,0,0,0,0,0,0,0,0,0,0,0
2143,43954,0,0,0,0,0,0,0,0,0,0,0,0,0,0
2144,43954,0,0,0,0,0,0,0,0,0,0,0,0,0,0
2145,43954,0,0,0,0,0,0,0,0,0,0,0,0,0,0
2146,43954,0,0,0,0,0,0,0,0,0,0,0,0,0,0
2147,43954,0,0,0,0,0,0,0,0,0,0,0,0,0,0
2148,43954,0,0,0,0,0,0,0,0,0,0,0,0,0,0
2149,43954,0,0,0,0,0,0,0,0,0,0,0,0,0,0
2150,43954,0,0,0,0,0,0,0,0,0,0,0,0,0,0
2151,43954,0,0,0,0,0,0,0,0,0,0,0,0,0,0
2152,43954,0,0,0,0,0,0,0,0,0,0,0,0,0,0
2153,43954,0,0,0,0,0,0,0,0,0,0,0,0,0,0
2154,43954,0,0,0,0,0,0,0,0,0,0,0,0,0,0
2155,43954,0,0,0,0,0,0,0,0,0,0,0,0,0,0
2156,43954,0,0,0,0,0,0,0,0,0,0,0,0,0,0
2157,43954,0,0,0,0,0,0,0,0,0,0,0,0,0,0
2158,43954,0,0,0,0,0,0,0,0,0,0,0,0,0,0
2159,43954,0,0,0,0,0,0,0,0,0,0,0,0,0,0
2160,43954,0,0,0,0,0,0,0,0,0,0,0,0,0,0
2161,43954,0,0,0,0,0,0,0,0,0,0,0,0,0,0
2162,43954,0,0,0,0,0,0,0,0,0,0,0,0,0,0
2163,43954,0,0,0,0,0,0,0,0,0,0,0,0,0,0
2164,43954,0,0,0,0,0,0,0,0,0,0,0,0,0,0
2165,43954,0,0,0,0,0,0,0,0,0,0,0,0,0,0
2166,43954,0,0,0,0,0,0,0,0,0,0,0,0,0,0
2167,43954,0,0,0,0,0,0,0,0,0,0,0,0,0,0
2168,43954,0,0,0,0,0,0,0,0,0,0,0,0,0,0
2169,43954,0,0,0,0,0,0,0,0,0,0,0,0,0,0
2170,43954,0,0,0,0,0,0,0,0,0,0,0,0,0,0
2171,43954,0,0,0,0,0,0,0,0,0,0,0,0,0,0
2172,43954,0,0,0,0,0,0,0,0,0,0,0,0,0,0
2173,43954,0,0,0,0,0,0,0,0,0,0,0,0,0,0
2174,43954,0,0,0,0,0,0,0,0,0,0,0,0,0,0
2175,43954,0,0,0,0,0,0,0,0,0,0,0,0,0,0
2176,43954,0,0,0,0,0,0,0,0,0,0,0,0,0,0
2177,43954,0,0,0,0,0,0,0,0,0,0,0,0,0,0
2178,43954,0,0,0,0,0,0,0,0,0,0,0,0,0,0
2179,43954,0,0,0,0,0,0,0,0,0,0,0,0,0,0
2180,43954,0,0,0,0,0,0,0,0,0,0,0,0,0,0
2181,43954,0,0,0,0,0,0,0,0,0,0,0,0,0,0
2182,43954,0,0,0,0,0,0,0,0,0,0,0,0,0,0
2183,43954,0,0,0,0,0,0,0,0,0,0,0,0,0,0
2184,43954,0,0,0,0,0,0,0,0,0,0,0,0,0,0
2185,43954,0,0,0,0,0,0,0,0,0,0,0,0,0,0
2186,43954,0,0,0,0,0,0,0,0,0,0,0,0,0,0
2187,43954,0,0,0,0,0,0,0,0,0,0,0,0,0,0
2188,43954,0,0,0,0,0,0,0,0,0,0,0,0,0,0
2189,43954,0,0,0,0,0,0,0,0,0,0,0,0,0,0
2190,43954,0,0,0,0,0,0,0,0,0,0,0,0,0,0
2191,43954,0,0,0,0,0,0,0,0,0,0,0,0,0,0
2192,43954,0,0,0,0,0,0,0,0,0,0,0,0,0,0
2193,43954,0,0,0,0,0,0,0,0,0,0,0,0,0,0
2194,43954,0,0,0,0,0,0,0,0,0,0,0,0,0,0
2195,43954,0,0,0,0,0,0,0,0,0,0,0,0,0,0
2196,43954,0,0,0,0,0,0,0,0,0,0,0,0,0,0
2197,43954,0,0,0,0,0,0,0,0,0,0,0,0,0,0
2198,43954,0,0,0,0,0,0,0,0,0,0,0,0,0,0
2199,43954,0,0,0,0,0,0,0,0,0,0,0,0,0,0
2200,43954,0,0,0,0,0,0,0,0,0,0,0,0,0,0
2201,43954,0,0,0,0,0,0,0,0,0,0,0,0,0,0
2202,43954,0,0,0,0,0,0,0,0,0,0,0,0,0,0
2203,43954,0,0,0,0,0,0,0,0,0,0,0,0,0,0
2204,43954,0,0,0,0,0,0,0,0,0,0,0,0,0,0
2205,43954,0,0,0,0,0,0,0,0,0,0,0,0,0,0
2206,43954,0,0,0,0,0,0,0,0,0,0,0,0,0,0
2207,43954,0,0,0,0,0,0,0,0,0,0,0,0,0,0
2208,43954,0,0,0,0,0,0,0,0,0,0,0,0,0,0
2209,43954,0,0,0,0,0,0,0,0,0,0,0,0,0,0
2210,43954,0,0,0,0,0,0,0,0,0,0,0,0,0,0
2211,43954,0,0,0,0,0,0,0,0,0,0,0,0,0,0
2212,43954,0,0,0,0,0,0,0,0,0,0,0,0,0,0
2213,43954,0,0,0,0,0,0,0,0,0,0,0,0,0,0
2214,43954,0,0,0,0,0,0,0,0,0,0,0,0,0,0
2215,43954,0,0,0,0,0,0,0,0,0,0,0,0,0,0
2216,43954,0,0,0,0,0,0,0,0,0,0,0,0,0,0
2217,43954,0,0,0,0,0,0,0,0,0,0,0,0,0,0
2218,43954,0,0,0,0,0,0,0,0,0,0,0,0,0,0
2219,43954,0,0,0,0,0,0,0,0,0,0,0,0,0,0
2220,43954,0,0,0,0,0,0,0,0,0,0,0,0,0,0
2221,43954,0,0,0,0,0,0,0,0,0,0,0,0,0,0
2222,43954,0,0,0,0,0,0,0,0,0,0,0,0,0,0
2223,43954,0,0,0,0,0,0,0,0,0,0,0,0,0,0
2224,43954,0,0,0,0,0,0,0,0,0,0,0,0,0,0
2225,43954,0,0,0,0,0,0,0,0,0,0,0,0,0,0
2226,43954,0,0,0,0,0,0,0,0,0,0,0,0,0,0
2227,43954,0,0,0,0,0,0,0,0,0,0,0,0,0,0
2228,43954,0,0,0,0,0,0,0,0,0,0,0,0,0,0
2229,43954,0,0,0,0,0,0,0,0,0,0,0,0,0,0
2230,43954,0,0,0,0,0,0,0,0,0,0,0,0,0,0
2231,43954,0,0,0,0,0,0,0,0,0,0,0,0,0,0
2232,43954,0,0,0,0,0,0,0,0,0,0,0,0,0,0
2233,43954,0,0,0,0,0,0,0,0,0,0,0,0,0,0
2234,43954,0,0,0,0,0,0,0,0,0,0,0,0,0,0
2235,43954,0,0,0,0,0,0,0,0,0,0,0,0,0,0
2236,43954,0,0,0,0,0,0,0,0,0,0,0,0,0,0
2237,43954,0,0,0,0,0,0,0,0,0,0,0,0,0,0
2238,43954,0,0,0,0,0,0,0,0,0,0,0,0,0,0
2239,43954,0,0,0,0,0,0,0,0,0,0,0,0,0,0
2240,43954,0,0,0,0,0,0,0,0,0,0,0,0,0,0
2241,43954,0,0,0,0,0,0,0,0,0,0,0,0,0,0
2242,43954,0,0,0,0,0,0,0,0,0,0,0,0,0,0
2243,43954,0,0,0,0,0,0,0,0,0,0,0,0,0,0
2244,43954,0,0,0,0,0,0,0,0,0,0,0,0,0,0
2245,43954,0,0,0,0,0,0,0,0,0,0,0,0,0,0
2246,43954,0,0,0,0,0,0,0,0,0,0,0,0,0,0
2247,43954,0,0,0,0,0,0,0,0,0,0,0,0,0,0
2248,43954,0,0,0,0,0,0,0,0,0,0,0,0,0,0
2249,43954,0,0,0,0,0,0,0,0,0,0,0,0,0,0
2250,43954,0,0,0,0,0,0,0,0,0,0,0,0,0,0
2251,43954,0,0,0,0,0,0,0,0,0,0,0,0,0,0
2252,43954,0,0,0,0,0,0,0,0,0,0,0,0,0,0
2253,43954,0,0,0,0,0,0,0,0,0,0,0,0,0,0
2254,43954,0,0,0,0,0,0,0,0,0,0,0,0,0,0
2255,43954,0,0,0,0,0,0,0,0,0,0,0,0,0,0
2256,43954,0,0,0,0,0,0,0,0,0,0,0,0,0,0
2257,43954,0,0,0,0,0,0,0,0,0,0,0,0,0,0
2258,43954,0,0,0,0,0,0,0,0,0,0,0,0,0,0
2259,43954,0,0,0,0,0,0,0,0,0,0,0,0,0,0
2260,43954,0,0,0,0,0,0,0,0,0,0,0,0,0,0
2261,43954,0,0,0,0,0,0,0,0,0,0,0,0,0,0
2262,43954,0,0,0,0,0,0,0,0,0,0,0,0,0,0
2263,43954,0,0,0,0,0,0,0,0,0,0,0,0,0,0
2264,43954,0,0,0,0,0,0,0,0,0,0,0,0,0,0
2265,43954,0,0,0,0,0,0,0,0,0,0,0,0,0,0
2266,43954,0,0,0,0,0,0,0,0,0,0,0,0,0,0
2267,43954,0,0,0,0,0,0,0,0,0,0,0,0,0,0
2268,43954,0,0,0,0,0,0,0,0,0,0,0,0,0,0
2269,43954,0,0,0,0,0,0,0,0,0,0,0,0,0,0
2270,43954,0,0,0,0,0,0,0,0,0,0,0,0,0,0
2271,43954,0,0,0,0,0,0,0,0,0,0,0,0,0,0
2272,43954,0,0,0,0,0,0,0,0,0,0,0,0,0,0
2273,43954,0,0,0,0,0,0,0,0,0,0,0,0,0,0
2274,43954,0,0,0,0,0,0,0,0,0,0,0,0,0,0
2275,43954,0,0,0,0,0,0,0,0,0,0,0,0,0,0
2276,43954,0,0,0,0,0,0,0,0,0,0,0,0,0,0
2277,43954,0,0,0,0,0,0,0,0,0,0,0,0,0,0
2278,43954,0,0,0,0,0,0,0,0,0,0,0,0,0,0
2279,43954,0,0,0,0,0,0,0,0,0,0,0,0,0,0
2280,43954,0,0,0,0,0,0,0,0,0,0,0,0,0,0
2281,43954,0,0,0,0,0,0,0,0,0,0,0,0,0,0
2282,43954,0,0,0,0,0,0,0,0,0,0,0,0,0,0
2283,43954,0,0,0,0,0,0,0,0,0,0,0,0,0,0
2284,43954,0,0,0,0,0,0,0,0,0,0,0,0,0,0
2285,43954,0,0,0,0,0,0,0,0,0,0,0,0,0,0
2286,43954,0,0,0,0,0,0,0,0,0,0,0,0,0,0
2287,43954,0,0,0,0,0,0,0,0,0,0,0,0,0,0
2288,43954,0,0,0,0,0,0,0,0,0,0,0,0,0,0
2289,43954,0,0,0,0,0,0,0,0,0,0,0,0,0,0
2290,43954,0,0,0,0,0,0,0,0,0,0,0,0,0,0
2291,43954,0,0,0,0,0,0,0,0,0,0,0,0,0,0
2292,43954,0,0,0,0,0,0,0,0,0,0,0,0,0,0
2293,43954,0,0,0,0,0,0,0,0,0,0,0,0,0,0
2294,43954,0,0,0,0,0,0,0,0,0,0,0,0,0,0
2295,43954,0,0,0,0,0,0,0,0,0,0,0,0,0,0
2296,43954,0,0,0,0,0,0,0,0,0,0,0,0,0,0
2297,43954,0,0,0,0,0,0,0,0,0,0,0,0,0,0
2298,43954,0,0,0,0,0,0,0,0,0,0,0,0,0,0
2299,43954,0,0,0,0,0,0,0,0,0,0,0,0,0,0
2300,43954,0,0,0,0,0,0,0,0,0,0,0,0,0,0
2301,43954,0,0,0,0,0,0,0,0,0,0,0,0,0,0
2302,43954,0,0,0,0,0,0,0,0,0,0,0,0,0,0
2303,43954,0,0,0,0,0,0,0,0,0,0,0,0,0,0
2304,43954,0,0,0,0,0,0,0,0,0,0,0,0,0,0
2305,43954,0,0,0,0,0,0,0,0,0,0,0,0,0,0
2306,43954,0,0,0,0,0,0,0,0,0,0,0,0,0,0
2307,43954,0,0,0,0,0,0,0,0,0,0,0,0,0,0
2308,43954,0,0,0,0,0,0,0,0,0,0,0,0,0,0
2309,43954,0,0,0,0,0,0,0,0,0,0,0,0,0,0
2310,43954,0,0,0,0,0,0,0,0,0,0,0,0,0,0
2311,43954,0,0,0,0,0,0,0,0,0,0,0,0,0,0
2312,43954,0,0,0,0,0,0,0,0,0,0,0,0,0,0
2313,43954,0,0,0,0,0,0,0,0,0,0,0,0,0,0
2314,43954,0,0,0,0,0,0,0,0,0,0,0,0,0,0
2315,43954,0,0,0,0,0,0,0,0,0,0,0,0,0,0
2316,43954,0,0,0,0,0,0,0,0,0,0,0,0,0,0
2317,43954,0,0,0,0,0,0,0,0,0,0,0,0,0,0
2318,43954,0,0,0,0,0,0,0,0,0,0,0,0,0,0
2319,43954,0,0,0,0,0,0,0,0,0,0,0,0,0,0
2320,43954,0,0,0,0,0,0,0,0,0,0,0,0,0,0
2321,43954,0,0,0,0,0,0,0,0,0,0,0,0,0,0
2322,43954,0,0,0,0,0,0,0,0,0,0,0,0,0,0
2323,43954,0,0,0,0,0,0,0,0,0,0,0,0,0,0
2324,43954,0,0,0,0,0,0,0,0,0,0,0,0,0,0
2325,43954,0,0,0,0,0,0,0,0,0,0,0,0,0,0
2326,43954,0,0,0,0,0,0,0,0,0,0,0,0,0,0
2327,43954,0,0,0,0,0,0,0,0,0,0,0,0,0,0
2328,43954,0,0,0,0,0,0,0,0,0,0,0,0,0,0
2329,43954,0,0,0,0,0,0,0,0,0,0,0,0,0,0
2330,43954,0,0,0,0,0,0,0,0,0,0,0,0,0,0
2331,43954,0,0,0,0,0,0,0,0,0,0,0,0,0,0
2332,43954,0,0,0,0,0,0,0,0,0,0,0,0,0,0
2333,43954,0,0,0,0,0,0,0,0,0,0,0,0,0,0
2334,43954,0,0,0,0,0,0,0,0,0,0,0,0,0,0
2335,43954,0,0,0,0,0,0,0,0,0,0,0,0,0,0
2336,43954,0,0,0,0,0,0,0,0,0,0,0,0,0,0
2337,43954,0,0,0,0,0,0,0,0,0,0,0,0,0,0
2338,43954,0,0,0,0,0,0,0,0,0,0,0,0,0,0
2339,43954,0,0,0,0,0,0,0,0,0,0,0,0,0,0
2340,43954,0,0,0,0,0,0,0,0,0,0,0,0,0,0
2341,43954,0,0,0,0,0,0,0,0,0,0,0,0,0,0
2342,43954,0,0,0,0,0,0,0,0,0,0,0,0,0,0
2343,43954,0,0,0,0,0,0,0,0,0,0,0,0,0,0
2344,43954,0,0,0,0,0,0,0,0,0,0,0,0,0,0
2345,43954,0,0,0,0,0,0,0,0,0,0,0,0,0,0
2346,43954,0,0,0,0,0,0,0,0,0,0,0,0,0,0
2347,43954,0,0,0,0,0,0,0,0,0,0,0,0,0,0
2348,43954,0,0,0,0,0,0,0,0,0,0,0,0,0,0
2349,43954,0,0,0,0,0,0,0,0,0,0,0,0,0,0
2350,43954,0,0,0,0,0,0,0,0,0,0,0,0,0,0
2351,43954,0,0,0,0,0,0,0,0,0,0,0,0,0,0
2352,43954,0,0,0,0,0,0,0,0,0,0,0,0,0,0
2353,43954,0,0,0,0,0,0,0,0,0,0,0,0,0,0
2354,43954,0,0,0,0,0,0,0,0,0,0,0,0,0,0
2355,43954,0,0,0,0,0,0,0,0,0,0,0,0,0,0
2356,43954,0,0,0,0,0,0,0,0,0,0,0,0,0,0
2357,43954,0,0,0,0,0,0,0,0,0,0,0,0,0,0
2358,43954,0,0,0,0,0,0,0,0,0,0,0,0,0,0
2359,43954,0,0,0,0,0,0,0,0,0,0,0,0,0,0
2360,43954,0,0,0,0,0,0,0,0,0,0,0,0,0,0
2361,43954,0,0,0,0,0,0,0,0,0,0,0,0,0,0
2362,43954,0,0,0,0,0,0,0,0,0,0,0,0,0,0
2363,43954,0,0,0,0,0,0,0,0,0,0,0,0,0,0
2364,43954,0,0,0,0,0,0,0,0,0,0,0,0,0,0
2365,43954,0,0,0,0,0,0,0,0,0,0,0,0,0,0
2366,43954,0,0,0,0,0,0,0,0,0,0,0,0,0,0
2367,43954,0,0,0,0,0,0,0,0,0,0,0,0,0,0
2368,43954,0,0,0,0,0,0,0,0,0,0,0,0,0,0
2369,43954,0,0,0,0,0,0,0,0,0,0,0,0,0,0
2370,43954,0,0,0,0,0,0,0,0,0,0,0,0,0,0
2371,43954,0,0,0,0,0,0,0,0,0,0,0,0,0,0
2372,43954,0,0,0,0,0,0,0,0,0,0,0,0,0,0
2373,43954,0,0,0,0,0,0,0,0,0,0,0,0,0,0
2374,43954,0,0,0,0,0,0,0,0,0,0,0,0,0,0
2375,43954,0,0,0,0,0,0,0,0,0,0,0,0,0,0
2376,43954,0,0,0,0,0,0,0,0,0,0,0,0,0,0
2377,43954,0,0,0,0,0,0,0,0,0,0,0,0,0,0
2378,43954,0,0,0,0,0,0,0,0,0,0,0,0,0,0
2379,43954,0,0,0,0,0,0,0,0,0,0,0,0,0,0
2380,43954,0,0,0,0,0,0,0,0,0,0,0,0,0,0
2381,43954,0,0,0,0,0,0,0,0,0,0,0,0,0,0
2382,43954,0,0,0,0,0,0,0,0,0,0,0,0,0,0
2383,43954,0,0,0,0,0,0,0,0,0,0,0,0,0,0
2384,43954,0,0,0,0,0,0,0,0,0,0,0,0,0,0
2385,43954,0,0,0,0,0,0,0,0,0,0,0,0,0,0
2386,43954,0,0,0,0,0,0,0,0,0,0,0,0,0,0
2387,43954,0,0,0,0,0,0,0,0,0,0,0,0,0,0
2388,43954,0,0,0,0,0,0,0,0,0,0,0,0,0,0
2389,43954,0,0,0,0,0,0,0,0,0,0,0,0,0,0
2390,43954,0,0,0,0,0,0,0,0,0,0,0,0,0,0
2391,43954,0,0,0,0,0,0,0,0,0,0,0,0,0,0
2392,43954,0,0,0,0,0,0,0,0,0,0,0,0,0,0
2393,43954,0,0,0,0,0,0,0,0,0,0,0,0,0,0
2394,43954,0,0,0,0,0,0,0,0,0,0,0,0,0,0
2395,43954,0,0,0,0,0,0,0,0,0,0,0,0,0,0
2396,43954,0,0,0,0,0,0,0,0,0,0,0,0,0,0
2397,43954,0,0,0,0,0,0,0,0,0,0,0,0,0,0
2398,43954,0,0,0,0,0,0,0,0,0,0,0,0,0,0
2399,43954,0,0,0,0,0,0,0,0,0,0,0,0,0,0
2400,43954,0,0,0,0,0,0,0,0,0,0,0,0,0,0
2401,43954,0,0,0,0,0,0,0,0,0,0,0,0,0,0
2402,43954,0,0,0,0,0,0,0,0,0,0,0,0,0,0
2403,43954,0,0,0,0,0,0,0,0,0,0,0,0,0,0
2404,43954,0,0,0,0,0,0,0,0,0,0,0,0,0,0
2405,43954,0,0,0,0,0,0,0,0,0,0,0,0,0,0
2406,43954,0,0,0,0,0,0,0,0,0,0,0,0,0,0
2407,43954,0,0,0,0,0,0,0,0,0,0,0,0,0,0
2408,43954,0,0,0,0,0,0,0,0,0,0,0,0,0,0
2409,43954,0,0,0,0,0,0,0,0,0,0,0,0,0,0
2410,43954,0,0,0,0,0,0,0,0,0,0,0,0,0,0
2411,43954,0,0,0,0,0,0,0,0,0,0,0,0,0,0
2412,43954,0,0,0,0,0,0,0,0,0,0,0,0,0,0
2413,43954,0,0,0,0,0,0,0,0,0,0,0,0,0,0
2414,43954,0,0,0,0,0,0,0,0,0,0,0,0,0,0
2415,43954,0,0,0,0,0,0,0,0,0,0,0,0,0,0
2416,43954,0,0,0,0,0,0,0,0,0,0,0,0,0,0
2417,43954,0,0,0,0,0,0,0,0,0,0,0,0,0,0
2418,43954,0,0,0,0,0,0,0,0,0,0,0,0,0,0
2419,43954,0,0,0,0,0,0,0,0,0,0,0,0,0,0
2420,43954,0,0,0,0,0,0,0,0,0,0,0,0,0,0
2421,43954,0,0,0,0,0,0,0,0,0,0,0,0,0,0
2422,43954,0,0,0,0,0,0,0,0,0,0,0,0,0,0
2423,43954,0,0,0,0,0,0,0,0,0,0,0,0,0,0
2424,43954,0,0,0,0,0,0,0,0,0,0,0,0,0,0
2425,43954,0,0,0,0,0,0,0,0,0,0,0,0,0,0
2426,43954,0,0,0,0,0,0,0,0,0,0,0,0,0,0
2427,43954,0,0,0,0,0,0,0,0,0,0,0,0,0,0
2428,43954,0,0,0,0,0,0,0,0,0,0,0,0,0,0
2429,43954,0,0,0,0,0,0,0,0,0,0,0,0,0,0
2430,43954,0,0,0,0,0,0,0,0,0,0,0,0,0,0
2431,43954,0,0,0,0,0,0,0,0,0,0,0,0,0,0
2432,43954,0,0,0,0,0,0,0,0,0,0,0,0,0,0
2433,43954,0,0,0,0,0,0,0,0,0,0,0,0,0,0
2434,43954,0,0,0,0,0,0,0,0,0,0,0,0,0,0
2435,43954,0,0,0,0,0,0,0,0,0,0,0,0,0,0
2436,43954,0,0,0,0,0,0,0,0,0,0,0,0,0,0
2437,43954,0,0,0,0,0,0,0,0,0,0,0,0,0,0
2438,43954,0,0,0,0,0,0,0,0,0,0,0,0,0,0
2439,43954,0,0,0,0,0,0,0,0,0,0,0,0,0,0
2440,43954,0,0,0,0,0,0,0,0,0,0,0,0,0,0
2441,43954,0,0,0,0,0,0,0,0,0,0,0,0,0,0
2442,43954,0,0,0,0,0,0,0,0,0,0,0,0,0,0
2443,43954,0,0,0,0,0,0,0,0,0,0,0,0,0,0
2444,43954,0,0,0,0,0,0,0,0,0,0,0,0,0,0
2445,43954,0,0,0,0,0,0,0,0,0,0,0,0,0,0
2446,43954,0,0,0,0,0,0,0,0,0,0,0,0,0,0
2447,43954,0,0,0,0,0,0,0,0,0,0,0,0,0,0
2448,43954,0,0,0,0,0,0,0,0,0,0,0,0,0,0
2449,43954,0,0,0,0,0,0,0,0,0,0,0,0,0,0
2450,43954,0,0,0,0,0,0,0,0,0,0,0,0,0,0
2451,43954,0,0,0,0,0,0,0,0,0,0,0,0,0,0
2452,43954,0,0,0,0,0,0,0,0,0,0,0,0,0,0
2453,43954,0,0,0,0,0,0,0,0,0,0,0,0,0,0
2454,43954,0,0,0,0,0,0,0,0,0,0,0,0,0,0
2455,43954,0,0,0,0,0,0,0,0,0,0,0,0,0,0
2456,43954,0,0,0,0,0,0,0,0,0,0,0,0,0,0
2457,43954,0,0,0,0,0,0,0,0,0,0,0,0,0,0
2458,43954,0,0,0,0,0,0,0,0,0,0,0,0,0,0
2459,43954,0,0,0,0,0,0,0,0,0,0,0,0,0,0
2460,43954,0,0,0,0,0,0,0,0,0,0,0,0,0,0
2461,43954,0,0,0,0,0,0,0,0,0,0,0,0,0,0
2462,43954,0,0,0,0,0,0,0,0,0,0,0,0,0,0
2463,43954,0,0,0,0,0,0,0,0,0,0,0,0,0,0
2464,43954,0,0,0,0,0,0,0,0,0,0,0,0,0,0
2465,43954,0,0,0,0,0,0,0,0,0,0,0,0,0,0
2466,43954,0,0,0,0,0,0,0,0,0,0,0,0,0,0
2467,43954,0,0,0,0,0,0,0,0,0,0,0,0,0,0
2468,43954,0,0,0,0,0,0,0,0,0,0,0,0,0,0
2469,43954,0,0,0,0,0,0,0,0,0,0,0,0,0,0
2470,43954,0,0,0,0,0,0,0,0,0,0,0,0,0,0
2471,43954,0,0,0,0,0,0,0,0,0,0,0,0,0,0
2472,43954,0,0,0,0,0,0,0,0,0,0,0,0,0,0
2473,43954,0,0,0,0,0,0,0,0,0,0,0,0,0,0
2474,43954,0,0,0,0,0,0,0,0,0,0,0,0,0,0
2475,43954,0,0,0,0,0,0,0,0,0,0,0,0,0,0
2476,43954,0,0,0,0,0,0,0,0,0,0,0,0,0,0
2477,43954,0,0,0,0,0,0,0,0,0,0,0,0,0,0
2478,43954,0,0,0,0,0,0,0,0,0,0,0,0,0,0
2479,43954,0,0,0,0,0,0,0,0,0,0,0,0,0,0
2480,43954,0,0,0,0,0,0,0,0,0,0,0,0,0,0
2481,43954,0,0,0,0,0,0,0,0,0,0,0,0,0,0
2482,43954,0,0,0,0,0,0,0,0,0,0,0,0,0,0
2483,43954,0,0,0,0,0,0,0,0,0,0,0,0,0,0
2484,43954,0,0,0,0,0,0,0,0,0,0,0,0,0,0
2485,43954,0,0,0,0,0,0,0,0,0,0,0,0,0,0
2486,43954,0,0,0,0,0,0,0,0,0,0,0,0,0,0
2487,43954,0,0,0,0,0,0,0,0,0,0,0,0,0,0
2488,43954,0,0,0,0,0,0,0,0,0,0,0,0,0,0
2489,43954,0,0,0,0,0,0,0,0,0,0,0,0,0,0
2490,43954,0,0,0,0,0,0,0,0,0,0,0,0,0,0
2491,43954,0,0,0,0,0,0,0,0,0,0,0,0,0,0
2492,43954,0,0,0,0,0,0,0,0,0,0,0,0,0,0
2493,43954,0,0,0,0,0,0,0,0,0,0,0,0,0,0
2494,43954,0,0,0,0,0,0,0,0,0,0,0,0,0,0
2495,43954,0,0,0,0,0,0,0,0,0,0,0,0,0,0
2496,43954,0,0,0,0,0,0,0,0,0,0,0,0,0,0
2497,43954,0,0,0,0,0,0,0,0,0,0,0,0,0,0
2498,43954,0,0,0,0,0,0,0,0,0,0,0,0,0,0
2499,43954,0,0,0,0,0,0,0,0,0,0,0,0,0,0
2500,43954,0,0,0,0,0,0,0,0,0,0,0,0,0,0
2501,43954,0,0,0,0,0,0,0,0,0,0,0,0,0,0
2502,43954,0,0,0,0,0,0,0,0,0,0,0,0,0,0
2503,43954,0,0,0,0,0,0,0,0,0,0,0,0,0,0
2504,43954,0,0,0,0,0,0,0,0,0,0,0,0,0,0
2505,43954,0,0,0,0,0,0,0,0,0,0,0,0,0,0
2506,43954,0,0,0,0,0,0,0,0,0,0,0,0,0,0
2507,43954,0,0,0,0,0,0,0,0,0,0,0,0,0,0
2508,43954,0,0,0,0,0,0,0,0,0,0,0,0,0,0
2509,43954,0,0,0,0,0,0,0,0,0,0,0,0,0,0
2510,43954,0,0,0,0,0,0,0,0,0,0,0,0,0,0
2511,43954,0,0,0,0,0,0,0,0,0,0,0,0,0,0
2512,43954,0,0,0,0,0,0,0,0,0,0,0,0,0,0
2513,43954,0,0,0,0,0,0,0,0,0,0,0,0,0,0
2514,43954,0,0,0,0,0,0,0,0,0,0,0,0,0,0
2515,43954,0,0,0,0,0,0,0,0,0,0,0,0,0,0
2516,43954,0,0,0,0,0,0,0,0,0,0,0,0,0,0
2517,43954,0,0,0,0,0,0,0,0,0,0,0,0,0,0
2518,43954,0,0,0,0,0,0,0,0,0,0,0,0,0,0
2519,43954,0,0,0,0,0,0,0,0,0,0,0,0,0,0
2520,43954,0,0,0,0,0,0,0,0,0,0,0,0,0,0
2521,43954,0,0,0,0,0,0,0,0,0,0,0,0,0,0
2522,43954,0,0,0,0,0,0,0,0,0,0,0,0,0,0
2523,43954,0,0,0,0,0,0,0,0,0,0,0,0,0,0
2524,43954,0,0,0,0,0,0,0,0,0,0,0,0,0,0
2525,43954,0,0,0,0,0,0,0,0,0,0,0,0,0,0
2526,43954,0,0,0,0,0,0,0,0,0,0,0,0,0,0
2527,43954,0,0,0,0,0,0,0,0,0,0,0,0,0,0
2528,43954,0,0,0,0,0,0,0,0,0,0,0,0,0,0
2529,43954,0,0,0,0,0,0,0,0,0,0,0,0,0,0
2530,43954,0,0,0,0,0,0,0,0,0,0,0,0,0,0
2531,43954,0,0,0,0,0,0,0,0,0,0,0,0,0,0
2532,43954,0,0,0,0,0,0,0,0,0,0,0,0,0,0
2533,43954,0,0,0,0,0,0,0,0,0,0,0,0,0,0
2534,43954,0,0,0,0,0,0,0,0,0,0,0,0,0,0
2535,43954,0,0,0,0,0,0,0,0,0,0,0,0,0,0
2536,43954,0,0,0,0,0,0,0,0,0,0,0,0,0,0
2537,43954,0,0,0,0,0,0,0,0,0,0,0,0,0,0
2538,43954,0,0,0,0,0,0,0,0,0,0,0,0,0,0
2539,43954,0,0,0,0,0,0,0,0,0,0,0,0,0,0
2540,43954,0,0,0,0,0,0,0,0,0,0,0,0,0,0
2541,43954,0,0,0,0,0,0,0,0,0,0,0,0,0,0
2542,43954,0,0,0,0,0,0,0,0,0,0,0,0,0,0
2543,43954,0,0,0,0,0,0,0,0,0,0,0,0,0,0
2544,43954,0,0,0,0,0,0,0,0,0,0,0,0,0,0
2545,43954,0,0,0,0,0,0,0,0,0,0,0,0,0,0
2546,43954,0,0,0,0,0,0,0,0,0,0,0,0,0,0
2547,43954,0,0,0,0,0,0,0,0,0,0,0,0,0,0
2548,43954,0,0,0,0,0,0,0,0,0,0,0,0,0,0
2549,43954,0,0,0,0,0,0,0,0,0,0,0,0,0,0
2550,43954,0,0,0,0,0,0,0,0,0,0,0,0,0,0
2551,43954,0,0,0,0,0,0,0,0,0,0,0,0,0,0
2552,43954,0,0,0,0,0,0,0,0,0,0,0,0,0,0
2553,43954,0,0,0,0,0,0,0,0,0,0,0,0,0,0
2554,43954,0,0,0,0,0,0,0,0,0,0,0,0,0,0
2555,43954,0,0,0,0,0,0,0,0,0,0,0,0,0,0
2556,43954,0,0,0,0,0,0,0,0,0,0,0,0,0,0
2557,43954,0,0,0,0,0,0,0,0,0,0,0,0,0,0
2558,43954,0,0,0,0,0,0,0,0,0,0,0,0,0,0
2559,43954,0,0,0,0,0,0,0,0,0,0,0,0,0,0
2560,43954,0,0,0,0,0,0,0,0,0,0,0,0,0,0
2561,43954,0,0,0,0,0,0,0,0,0,0,0,0,0,0
2562,43954,0,0,0,0,0,0,0,0,0,0,0,0,0,0
2563,43954,0,0,0,0,0,0,0,0,0,0,0,0,0,0
2564,43954,0,0,0,0,0,0,0,0,0,0,0,0,0,0
2565,43954,0,0,0,0,0,0,0,0,0,0,0,0,0,0
2566,43954,0,0,0,0,0,0,0,0,0,0,0,0,0,0
2567,43954,0,0,0,0,0,0,0,0,0,0,0,0,0,0
2568,43954,0,0,0,0,0,0,0,0,0,0,0,0,0,0
2569,43954,0,0,0,0,0,0,0,0,0,0,0,0,0,0
2570,43954,0,0,0,0,0,0,0,0,0,0,0,0,0,0
2571,43954,0,0,0,0,0,0,0,0,0,0,0,0,0,0
2572,43954,0,0,0,0,0,0,0,0,0,0,0,0,0,0
2573,43954,0,0,0,0,0,0,0,0,0,0,0,0,0,0
2574,43954,0,0,0,0,0,0,0,0,0,0,0,0,0,0
2575,43954,0,0,0,0,0,0,0,0,0,0,0,0,0,0
2576,43954,0,0,0,0,0,0,0,0,0,0,0,0,0,0
2577,43954,0,0,0,0,0,0,0,0,0,0,0,0,0,0
2578,43954,0,0,0,0,0,0,0,0,0,0,0,0,0,0
2579,43954,0,0,0,0,0,0,0,0,0,0,0,0,0,0
2580,43954,0,0,0,0,0,0,0,0,0,0,0,0,0,0
2581,43954,0,0,0,0,0,0,0,0,0,0,0,0,0,0
2582,43954,0,0,0,0,0,0,0,0,0,0,0,0,0,0
2583,43954,0,0,0,0,0,0,0,0,0,0,0,0,0,0
2584,43954,0,0,0,0,0,0,0,0,0,0,0,0,0,0
2585,43954,0,0,0,0,0,0,0,0,0,0,0,0,0,0
2586,43954,0,0,0,0,0,0,0,0,0,0,0,0,0,0
2587,43954,0,0,0,0,0,0,0,0,0,0,0,0,0,0
2588,43954,0,0,0,0,0,0,0,0,0,0,0,0,0,0
2589,43954,0,0,0,0,0,0,0,0,0,0,0,0,0,0
2590,43954,0,0,0,0,0,0,0,0,0,0,0,0,0,0
2591,43954,0,0,0,0,0,0,0,0,0,0,0,0,0,0
2592,43954,0,0,0,0,0,0,0,0,0,0,0,0,0,0
2593,43954,0,0,0,0,0,0,0,0,0,0,0,0,0,0
2594,43954,0,0,0,0,0,0,0,0,0,0,0,0,0,0
2595,43954,0,0,0,0,0,0,0,0,0,0,0,0,0,0
2596,43954,0,0,0,0,0,0,0,0,0,0,0,0,0,0
2597,43954,0,0,0,0,0,0,0,0,0,0,0,0,0,0
2598,43954,0,0,0,0,0,0,0,0,0,0,0,0,0,0
2599,43954,0,0,0,0,0,0,0,0,0,0,0,0,0,0
2600,43954,0,0,0,0,0,0,0,0,0,0,0,0,0,0
2601,43954,0,0,0,0,0,0,0,0,0,0,0,0,0,0
2602,43954,0,0,0,0,0,0,0,0,0,0,0,0,0,0
2603,43954,0,0,0,0,0,0,0,0,0,0,0,0,0,0
2604,43954,0,0,0,0,0,0,0,0,0,0,0,0,0,0
2605,43954,0,0,0,0,0,0,0,0,0,0,0,0,0,0
2606,43954,0,0,0,0,0,0,0,0,0,0,0,0,0,0
2607,43954,0,0,0,0,0,0,0,0,0,0,0,0,0,0
2608,43954,0,0,0,0,0,0,0,0,0,0,0,0,0,0
2609,43954,0,0,0,0,0,0,0,0,0,0,0,0,0,0
2610,43954,0,0,0,0,0,0,0,0,0,0,0,0,0,0
2611,43954,0,0,0,0,0,0,0,0,0,0,0,0,0,0
2612,43954,0,0,0,0,0,0,0,0,0,0,0,0,0,0
2613,43954,0,0,0,0,0,0,0,0,0,0,0,0,0,0
2614,43954,0,0,0,0,0,0,0,0,0,0,0,0,0,0
2615,43954,0,0,0,0,0,0,0,0,0,0,0,0,0,0
2616,43954,0,0,0,0,0,0,0,0,0,0,0,0,0,0
2617,43954,0,0,0,0,0,0,0,0,0,0,0,0,0,0
2618,43954,0,0,0,0,0,0,0,0,0,0,0,0,0,0
2619,43954,0,0,0,0,0,0,0,0,0,0,0,0,0,0
2620,43954,0,0,0,0,0,0,0,0,0,0,0,0,0,0
2621,43954,0,0,0,0,0,0,0,0,0,0,0,0,0,0
2622,43954,0,0,0,0,0,0,0,0,0,0,0,0,0,0
2623,43954,0,0,0,0,0,0,0,0,0,0,0,0,0,0
2624,43954,0,0,0,0,0,0,0,0,0,0,0,0,0,0
2625,43954,0,0,0,0,0,0,0,0,0,0,0,0,0,0
2626,43954,0,0,0,0,0,0,0,0,0,0,0,0,0,0
2627,43954,0,0,0,0,0,0,0,0,0,0,0,0,0,0
2628,43954,0,0,0,0,0,0,0,0,0,0,0,0,0,0
2629,43954,0,0,0,0,0,0,0,0,0,0,0,0,0,0
2630,43954,0,0,0,0,0,0,0,0,0,0,0,0,0,0
2631,43954,0,0,0,0,0,0,0,0,0,0,0,0,0,0
2632,43954,0,0,0,0,0,0,0,0,0,0,0,0,0,0
2633,43954,0,0,0,0,0,0,0,0,0,0,0,0,0,0
2634,43954,0,0,0,0,0,0,0,0,0,0,0,0,0,0
2635,43954,0,0,0,0,0,0,0,0,0,0,0,0,0,0
2636,43954,0,0,0,0,0,0,0,0,0,0,0,0,0,0
2637,43954,0,0,0,0,0,0,0,0,0,0,0,0,0,0
2638,43954,0,0,0,0,0,0,0,0,0,0,0,0,0,0
2639,43954,0,0,0,0,0,0,0,0,0,0,0,0,0,0
2640,43954,0,0,0,0,0,0,0,0,0,0,0,0,0,0
2641,43954,0,0,0,0,0,0,0,0,0,0,0,0,0,0
2642,43954,0,0,0,0,0,0,0,0,0,0,0,0,0,0
2643,43954,0,0,0,0,0,0,0,0,0,0,0,0,0,0
2644,43954,0,0,0,0,0,0,0,0,0,0,0,0,0,0
2645,43954,0,0,0,0,0,0,0,0,0,0,0,0,0,0
2646,43954,0,0,0,0,0,0,0,0,0,0,0,0,0,0
2647,43954,0,0,0,0,0,0,0,0,0,0,0,0,0,0
2648,43954,0,0,0,0,0,0,0,0,0,0,0,0,0,0
2649,43954,0,0,0,0,0,0,0,0,0,0,0,0,0,0
2650,43954,0,0,0,0,0,0,0,0,0,0,0,0,0,0
2651,43954,0,0,0,0,0,0,0,0,0,0,0,0,0,0
2652,43954,0,0,0,0,0,0,0,0,0,0,0,0,0,0
2653,43954,0,0,0,0,0,0,0,0,0,0,0,0,0,0
2654,43954,0,0,0,0,0,0,0,0,0,0,0,0,0,0
2655,43954,0,0,0,0,0,0,0,0,0,0,0,0,0,0
2656,43954,0,0,0,0,0,0,0,0,0,0,0,0,0,0
2657,43954,0,0,0,0,0,0,0,0,0,0,0,0,0,0
2658,43954,0,0,0,0,0,0,0,0,0,0,0,0,0,0
2659,43954,0,0,0,0,0,0,0,0,0,0,0,0,0,0
2660,43954,0,0,0,0,0,0,0,0,0,0,0,0,0,0
2661,43954,0,0,0,0,0,0,0,0,0,0,0,0,0,0
2662,43954,0,0,0,0,0,0,0,0,0,0,0,0,0,0
2663,43954,0,0,0,0,0,0,0,0,0,0,0,0,0,0
2664,43954,0,0,0,0,0,0,0,0,0,0,0,0,0,0
2665,43954,0,0,0,0,0,0,0,0,0,0,0,0,0,0
2666,43954,0,0,0,0,0,0,0,0,0,0,0,0,0,0
2667,43954,0,0,0,0,0,0,0,0,0,0,0,0,0,0
2668,43954,0,0,0,0,0,0,0,0,0,0,0,0,0,0
2669,43954,0,0,0,0,0,0,0,0,0,0,0,0,0,0
2670,43954,0,0,0,0,0,0,0,0,0,0,0,0,0,0
2671,43954,0,0,0,0,0,0,0,0,0,0,0,0,0,0
2672,43954,0,0,0,0,0,0,0,0,0,0,0,0,0,0
2673,43954,0,0,0,0,0,0,0,0,0,0,0,0,0,0
2674,43954,0,0,0,0,0,0,0,0,0,0,0,0,0,0
2675,43954,0,0,0,0,0,0,0,0,0,0,0,0,0,0
2676,43954,0,0,0,0,0,0,0,0,0,0,0,0,0,0
2677,43954,0,0,0,0,0,0,0,0,0,0,0,0,0,0
2678,43954,0,0,0,0,0,0,0,0,0,0,0,0,0,0
2679,43954,0,0,0,0,0,0,0,0,0,0,0,0,0,0
2680,43954,0,0,0,0,0,0,0,0,0,0,0,0,0,0
2681,43954,0,0,0,0,0,0,0,0,0,0,0,0,0,0
2682,43954,0,0,0,0,0,0,0,0,0,0,0,0,0,0
2683,43954,0,0,0,0,0,0,0,0,0,0,0,0,0,0
2684,43954,0,0,0,0,0,0,0,0,0,0,0,0,0,0
2685,43954,0,0,0,0,0,0,0,0,0,0,0,0,0,0
2686,43954,0,0,0,0,0,0,0,0,0,0,0,0,0,0
2687,43954,0,0,0,0,0,0,0,0,0,0,0,0,0,0
2688,43954,0,0,0,0,0,0,0,0,0,0,0,0,0,0
2689,43954,0,0,0,0,0,0,0,0,0,0,0,0,0,0
2690,43954,0,0,0,0,0,0,0,0,0,0,0,0,0,0
2691,43954,0,0,0,0,0,0,0,0,0,0,0,0,0,0
2692,43954,0,0,0,0,0,0,0,0,0,0,0,0,0,0
2693,43954,0,0,0,0,0,0,0,0,0,0,0,0,0,0
2694,43954,0,0,0,0,0,0,0,0,0,0,0,0,0,0
2695,43954,0,0,0,0,0,0,0,0,0,0,0,0,0,0
2696,43954,0,0,0,0,0,0,0,0,0,0,0,0,0,0
2697,43954,0,0,0,0,0,0,0,0,0,0,0,0,0,0
2698,43954,0,0,0,0,0,0,0,0,0,0,0,0,0,0
2699,43954,0,0,0,0,0,0,0,0,0,0,0,0,0,0
2700,43954,0,0,0,0,0,0,0,0,0,0,0,0,0,0
2701,43954,0,0,0,0,0,0,0,0,0,0,0,0,0,0
2702,43954,0,0,0,0,0,0,0,0,0,0,0,0,0,0
2703,43954,0,0,0,0,0,0,0,0,0,0,0,0,0,0
2704,43954,0,0,0,0,0,0,0,0,0,0,0,0,0,0
2705,43954,0,0,0,0,0,0,0,0,0,0,0,0,0,0
2706,43954,0,0,0,0,0,0,0,0,0,0,0,0,0,0
2707,43954,0,0,0,0,0,0,0,0,0,0,0,0,0,0
2708,43954,0,0,0,0,0,0,0,0,0,0,0,0,0,0
2709,43954,0,0,0,0,0,0,0,0,0,0,0,0,0,0
2710,43954,0,0,0,0,0,0,0,0,0,0,0,0,0,0
2711,43954,0,0,0,0,0,0,0,0,0,0,0,0,0,0
2712,43954,0,0,0,0,0,0,0,0,0,0,0,0,0,0
2713,43954,0,0,0,0,0,0,0,0,0,0,0,0,0,0
2714,43954,0,0,0,0,0,0,0,0,0,0,0,0,0,0
2715,43954,0,0,0,0,0,0,0,0,0,0,0,0,0,0
2716,43954,0,0,0,0,0,0,0,0,0,0,0,0,0,0
2717,43954,0,0,0,0,0,0,0,0,0,0,0,0,0,0
2718,43954,0,0,0,0,0,0,0,0,0,0,0,0,0,0
2719,43954,0,0,0,0,0,0,0,0,0,0,0,0,0,0
2720,43954,0,0,0,0,0,0,0,0,0,0,0,0,0,0
2721,43954,0,0,0,0,0,0,0,0,0,0,0,0,0,0
2722,43954,0,0,0,0,0,0,0,0,0,0,0,0,0,0
2723,43954,0,0,0,0,0,0,0,0,0,0,0,0,0,0
2724,43954,0,0,0,0,0,0,0,0,0,0,0,0,0,0
2725,43954,0,0,0,0,0,0,0,0,0,0,0,0,0,0
2726,43954,0,0,0,0,0,0,0,0,0,0,0,0,0,0
2727,43954,0,0,0,0,0,0,0,0,0,0,0,0,0,0
2728,43954,0,0,0,0,0,0,0,0,0,0,0,0,0,0
2729,43954,0,0,0,0,0,0,0,0,0,0,0,0,0,0
2730,43954,0,0,0,0,0,0,0,0,0,0,0,0,0,0
2731,43954,0,0,0,0,0,0,0,0,0,0,0,0,0,0
2732,43954,0,0,0,0,0,0,0,0,0,0,0,0,0,0
2733,43954,0,0,0,0,0,0,0,0,0,0,0,0,0,0
2734,43954,0,0,0,0,0,0,0,0,0,0,0,0,0,0
2735,43954,0,0,0,0,0,0,0,0,0,0,0,0,0,0
2736,43954,0,0,0,0,0,0,0,0,0,0,0,0,0,0
2737,43954,0,0,0,0,0,0,0,0,0,0,0,0,0,0
2738,43954,0,0,0,0,0,0,0,0,0,0,0,0,0,0
2739,43954,0,0,0,0,0,0,0,0,0,0,0,0,0,0
2740,43954,0,0,0,0,0,0,0,0,0,0,0,0,0,0
2741,43954,0,0,0,0,0,0,0,0,0,0,0,0,0,0
2742,43954,0,0,0,0,0,0,0,0,0,0,0,0,0,0
2743,43954,0,0,0,0,0,0,0,0,0,0,0,0,0,0
2744,43954,0,0,0,0,0,0,0,0,0,0,0,0,0,0
2745,43954,0,0,0,0,0,0,0,0,0,0,0,0,0,0
2746,43954,0,0,0,0,0,0,0,0,0,0,0,0,0,0
2747,43954,0,0,0,0,0,0,0,0,0,0,0,0,0,0
2748,43954,0,0,0,0,0,0,0,0,0,0,0,0,0,0
2749,43954,0,0,0,0,0,0,0,0,0,0,0,0,0,0
2750,43954,0,0,0,0,0,0,0,0,0,0,0,0,0,0
2751,43954,0,0,0,0,0,0,0,0,0,0,0,0,0,0
2752,43954,0,0,0,0,0,0,0,0,0,0,0,0,0,0
2753,43954,0,0,0,0,0,0,0,0,0,0,0,0,0,0
2754,43954,0,0,0,0,0,0,0,0,0,0,0,0,0,0
2755,43954,0,0,0,0,0,0,0,0,0,0,0,0,0,0
2756,43954,0,0,0,0,0,0,0,0,0,0,0,0,0,0
2757,43954,0,0,0,0,0,0,0,0,0,0,0,0,0,0
2758,43954,0,0,0,0,0,0,0,0,0,0,0,0,0,0
2759,43954,0,0,0,0,0,0,0,0,0,0,0,0,0,0
2760,43954,0,0,0,0,0,0,0,0,0,0,0,0,0,0
2761,43954,0,0,0,0,0,0,0,0,0,0,0,0,0,0
2762,43954,0,0,0,0,0,0,0,0,0,0,0,0,0,0
2763,43954,0,0,0,0,0,0,0,0,0,0,0,0,0,0
2764,43954,0,0,0,0,0,0,0,0,0,0,0,0,0,0
2765,43954,0,0,0,0,0,0,0,0,0,0,0,0,0,0
2766,43954,0,0,0,0,0,0,0,0,0,0,0,0,0,0
2767,43954,0,0,0,0,0,0,0,0,0,0,0,0,0,0
2768,43954,0,0,0,0,0,0,0,0,0,0,0,0,0,0
2769,43954,0,0,0,0,0,0,0,0,0,0,0,0,0,0
2770,43954,0,0,0,0,0,0,0,0,0,0,0,0,0,0
2771,43954,0,0,0,0,0,0,0,0,0,0,0,0,0,0
2772,43954,0,0,0,0,0,0,0,0,0,0,0,0,0,0
2773,43954,0,0,0,0,0,0,0,0,0,0,0,0,0,0
2774,43954,0,0,0,0,0,0,0,0,0,0,0,0,0,0
2775,43954,0,0,0,0,0,0,0,0,0,0,0,0,0,0
2776,43954,0,0,0,0,0,0,0,0,0,0,0,0,0,0
2777,43954,0,0,0,0,0,0,0,0,0,0,0,0,0,0
2778,43954,0,0,0,0,0,0,0,0,0,0,0,0,0,0
2779,43954,0,0,0,0,0,0,0,0,0,0,0,0,0,0
2780,43954,0,0,0,0,0,0,0,0,0,0,0,0,0,0
2781,43954,0,0,0,0,0,0,0,0,0,0,0,0,0,0
2782,43954,0,0,0,0,0,0,0,0,0,0,0,0,0,0
2783,43954,0,0,0,0,0,0,0,0,0,0,0,0,0,0
2784,43954,0,0,0,0,0,0,0,0,0,0,0,0,0,0
2785,43954,0,0,0,0,0,0,0,0,0,0,0,0,0,0
2786,43954,0,0,0,0,0,0,0,0,0,0,0,0,0,0
2787,43954,0,0,0,0,0,0,0,0,0,0,0,0,0,0
2788,43954,0,0,0,0,0,0,0,0,0,0,0,0,0,0
2789,43954,0,0,0,0,0,0,0,0,0,0,0,0,0,0
2790,43954,0,0,0,0,0,0,0,0,0,0,0,0,0,0
2791,43954,0,0,0,0,0,0,0,0,0,0,0,0,0,0
2792,43954,0,0,0,0,0,0,0,0,0,0,0,0,0,0
2793,43954,0,0,0,0,0,0,0,0,0,0,0,0,0,0
2794,43954,0,0,0,0,0,0,0,0,0,0,0,0,0,0
2795,43954,0,0,0,0,0,0,0,0,0,0,0,0,0,0
2796,43954,0,0,0,0,0,0,0,0,0,0,0,0,0,0
2797,43954,0,0,0,0,0,0,0,0,0,0,0,0,0,0
2798,43954,0,0,0,0,0,0,0,0,0,0,0,0,0,0
2799,43954,0,0,0,0,0,0,0,0,0,0,0,0,0,0
2800,43954,0,0,0,0,0,0,0,0,0,0,0,0,0,0
2801,43954,0,0,0,0,0,0,0,0,0,0,0,0,0,0
2802,43954,0,0,0,0,0,0,0,0,0,0,0,0,0,0
2803,43954,0,0,0,0,0,0,0,0,0,0,0,0,0,0
2804,43954,0,0,0,0,0,0,0,0,0,0,0,0,0,0
2805,43954,0,0,0,0,0,0,0,0,0,0,0,0,0,0
2806,43954,0,0,0,0,0,0,0,0,0,0,0,0,0,0
2807,43954,0,0,0,0,0,0,0,0,0,0,0,0,0,0
2808,43954,0,0,0,0,0,0,0,0,0,0,0,0,0,0
2809,43954,0,0,0,0,0,0,0,0,0,0,0,0,0,0
2810,43954,0,0,0,0,0,0,0,0,0,0,0,0,0,0
2811,43954,0,0,0,0,0,0,0,0,0,0,0,0,0,0
2812,43954,0,0,0,0,0,0,0,0,0,0,0,0,0,0
2813,43954,0,0,0,0,0,0,0,0,0,0,0,0,0,0
2814,43954,0,0,0,0,0,0,0,0,0,0,0,0,0,0
2815,43954,0,0,0,0,0,0,0,0,0,0,0,0,0,0
2816,43954,0,0,0,0,0,0,0,0,0,0,0,0,0,0
2817,43954,0,0,0,0,0,0,0,0,0,0,0,0,0,0
2818,43954,0,0,0,0,0,0,0,0,0,0,0,0,0,0
2819,43954,0,0,0,0,0,0,0,0,0,0,0,0,0,0
2820,43954,0,0,0,0,0,0,0,0,0,0,0,0,0,0
2821,43954,0,0,0,0,0,0,0,0,0,0,0,0,0,0
2822,43954,0,0,0,0,0,0,0,0,0,0,0,0,0,0
2823,43954,0,0,0,0,0,0,0,0,0,0,0,0,0,0
2824,43954,0,0,0,0,0,0,0,0,0,0,0,0,0,0
2825,43954,0,0,0,0,0,0,0,0,0,0,0,0,0,0
2826,43954,0,0,0,0,0,0,0,0,0,0,0,0,0,0
2827,43954,0,0,0,0,0,0,0,0,0,0,0,0,0,0
2828,43954,0,0,0,0,0,0,0,0,0,0,0,0,0,0
2829,43954,0,0,0,0,0,0,0,0,0,0,0,0,0,0
2830,43954,0,0,0,0,0,0,0,0,0,0,0,0,0,0
2831,43954,0,0,0,0,0,0,0,0,0,0,0,0,0,0
2832,43954,0,0,0,0,0,0,0,0,0,0,0,0,0,0
2833,43954,0,0,0,0,0,0,0,0,0,0,0,0,0,0
2834,43954,0,0,0,0,0,0,0,0,0,0,0,0,0,0
2835,43954,0,0,0,0,0,0,0,0,0,0,0,0,0,0
2836,43954,0,0,0,0,0,0,0,0,0,0,0,0,0,0
2837,43954,0,0,0,0,0,0,0,0,0,0,0,0,0,0
2838,43954,0,0,0,0,0,0,0,0,0,0,0,0,0,0
2839,43954,0,0,0,0,0,0,0,0,0,0,0,0,0,0
2840,43954,0,0,0,0,0,0,0,0,0,0,0,0,0,0
2841,43954,0,0,0,0,0,0,0,0,0,0,0,0,0,0
2842,43954,0,0,0,0,0,0,0,0,0,0,0,0,0,0
2843,43954,0,0,0,0,0,0,0,0,0,0,0,0,0,0
2844,43954,0,0,0,0,0,0,0,0,0,0,0,0,0,0
2845,43954,0,0,0,0,0,0,0,0,0,0,0,0,0,0
2846,43954,0,0,0,0,0,0,0,0,0,0,0,0,0,0
2847,43954,0,0,0,0,0,0,0,0,0,0,0,0,0,0
2848,43954,0,0,0,0,0,0,0,0,0,0,0,0,0,0
2849,43954,0,0,0,0,0,0,0,0,0,0,0,0,0,0
2850,43954,0,0,0,0,0,0,0,0,0,0,0,0,0,0
2851,43954,0,0,0,0,0,0,0,0,0,0,0,0,0,0
2852,43954,0,0,0,0,0,0,0,0,0,0,0,0,0,0
2853,43954,0,0,0,0,0,0,0,0,0,0,0,0,0,0
2854,43954,0,0,0,0,0,0,0,0,0,0,0,0,0,0
2855,43954,0,0,0,0,0,0,0,0,0,0,0,0,0,0
2856,43954,0,0,0,0,0,0,0,0,0,0,0,0,0,0
2857,43954,0,0,0,0,0,0,0,0,0,0,0,0,0,0
2858,43954,0,0,0,0,0,0,0,0,0,0,0,0,0,0
2859,43954,0,0,0,0,0,0,0,0,0,0,0,0,0,0
2860,43954,0,0,0,0,0,0,0,0,0,0,0,0,0,0
2861,43954,0,0,0,0,0,0,0,0,0,0,0,0,0,0
2862,43954,0,0,0,0,0,0,0,0,0,0,0,0,0,0
2863,43954,0,0,0,0,0,0,0,0,0,0,0,0,0,0
2864,43954,0,0,0,0,0,0,0,0,0,0,0,0,0,0
2865,43954,0,0,0,0,0,0,0,0,0,0,0,0,0,0
2866,43954,0,0,0,0,0,0,0,0,0,0,0,0,0,0
2867,43954,0,0,0,0,0,0,0,0,0,0,0,0,0,0
2868,43954,0,0,0,0,0,0,0,0,0,0,0,0,0,0
2869,43954,0,0,0,0,0,0,0,0,0,0,0,0,0,0
2870,43954,0,0,0,0,0,0,0,0,0,0,0,0,0,0
2871,43954,0,0,0,0,0,0,0,0,0,0,0,0,0,0
2872,43954,0,0,0,0,0,0,0,0,0,0,0,0,0,0
2873,43954,0,0,0,0,0,0,0,0,0,0,0,0,0,0
2874,43954,0,0,0,0,0,0,0,0,0,0,0,0,0,0
2875,43954,0,0,0,0,0,0,0,0,0,0,0,0,0,0
2876,43954,0,0,0,0,0,0,0,0,0,0,0,0,0,0
2877,43954,0,0,0,0,0,0,0,0,0,0,0,0,0,0
2878,43954,0,0,0,0,0,0,0,0,0,0,0,0,0,0
2879,43954,0,0,0,0,0,0,0,0,0,0,0,0,0,0
2880,43954,0,0,0,0,0,0,0,0,0,0,0,0,0,0
2881,43954,0,0,0,0,0,0,0,0,0,0,0,0,0,0
2882,43954,0,0,0,0,0,0,0,0,0,0,0,0,0,0
2883,43954,0,0,0,0,0,0,0,0,0,0,0,0,0,0
2884,43954,0,0,0,0,0,0,0,0,0,0,0,0,0,0
2885,43954,0,0,0,0,0,0,0,0,0,0,0,0,0,0
2886,43954,0,0,0,0,0,0,0,0,0,0,0,0,0,0
2887,43954,0,0,0,0,0,0,0,0,0,0,0,0,0,0
2888,43954,0,0,0,0,0,0,0,0,0,0,0,0,0,0
2889,43954,0,0,0,0,0,0,0,0,0,0,0,0,0,0
2890,43954,0,0,0,0,0,0,0,0,0,0,0,0,0,0
2891,43954,0,0,0,0,0,0,0,0,0,0,0,0,0,0
2892,43954,0,0,0,0,0,0,0,0,0,0,0,0,0,0
2893,43954,0,0,0,0,0,0,0,0,0,0,0,0,0,0
2894,43954,0,0,0,0,0,0,0,0,0,0,0,0,0,0
2895,43954,0,0,0,0,0,0,0,0,0,0,0,0,0,0
2896,43954,0,0,0,0,0,0,0,0,0,0,0,0,0,0
2897,43954,0,0,0,0,0,0,0,0,0,0,0,0,0,0
2898,43954,0,0,0,0,0,0,0,0,0,0,0,0,0,0
2899,43954,0,0,0,0,0,0,0,0,0,0,0,0,0,0
2900,43954,0,0,0,0,0,0,0,0,0,0,0,0,0,0
2901,43954,0,0,0,0,0,0,0,0,0,0,0,0,0,0
2902,43954,0,0,0,0,0,0,0,0,0,0,0,0,0,0
2903,43954,0,0,0,0,0,0,0,0,0,0,0,0,0,0
2904,43954,0,0,0,0,0,0,0,0,0,0,0,0,0,0
2905,43954,0,0,0,0,0,0,0,0,0,0,0,0,0,0
2906,43954,0,0,0,0,0,0,0,0,0,0,0,0,0,0
2907,43954,0,0,0,0,0,0,0,0,0,0,0,0,0,0
2908,43954,0,0,0,0,0,0,0,0,0,0,0,0,0,0
2909,43954,0,0,0,0,0,0,0,0,0,0,0,0,0,0
2910,43954,0,0,0,0,0,0,0,0,0,0,0,0,0,0
2911,43954,0,0,0,0,0,0,0,0,0,0,0,0,0,0
2912,43954,0,0,0,0,0,0,0,0,0,0,0,0,0,0
2913,43954,0,0,0,0,0,0,0,0,0,0,0,0,0,0
2914,43954,0,0,0,0,0,0,0,0,0,0,0,0,0,0
2915,43954,0,0,0,0,0,0,0,0,0,0,0,0,0,0
2916,43954,0,0,0,0,0,0,0,0,0,0,0,0,0,0
2917,43954,0,0,0,0,0,0,0,0,0,0,0,0,0,0
2918,43954,0,0,0,0,0,0,0,0,0,0,0,0,0,0
2919,43954,0,0,0,0,0,0,0,0,0,0,0,0,0,0
2920,43954,0,0,0,0,0,0,0,0,0,0,0,0,0,0
2921,43954,0,0,0,0,0,0,0,0,0,0,0,0,0,0
2922,43954,0,0,0,0,0,0,0,0,0,0,0,0,0,0
2923,43954,0,0,0,0,0,0,0,0,0,0,0,0,0,0
2924,43954,0,0,0,0,0,0,0,0,0,0,0,0,0,0
2925,43954,0,0,0,0,0,0,0,0,0,0,0,0,0,0
2926,43954,0,0,0,0,0,0,0,0,0,0,0,0,0,0
2927,43954,0,0,0,0,0,0,0,0,0,0,0,0,0,0
2928,43954,0,0,0,0,0,0,0,0,0,0,0,0,0,0
2929,43954,0,0,0,0,0,0,0,0,0,0,0,0,0,0
2930,43954,0,0,0,0,0,0,0,0,0,0,0,0,0,0
2931,43954,0,0,0,0,0,0,0,0,0,0,0,0,0,0
2932,43954,0,0,0,0,0,0,0,0,0,0,0,0,0,0
2933,43954,0,0,0,0,0,0,0,0,0,0,0,0,0,0
2934,43954,0,0,0,0,0,0,0,0,0,0,0,0,0,0
2935,43954,0,0,0,0,0,0,0,0,0,0,0,0,0,0
2936,43954,0,0,0,0,0,0,0,0,0,0,0,0,0,0
2937,43954,0,0,0,0,0,0,0,0,0,0,0,0,0,0
2938,43954,0,0,0,0,0,0,0,0,0,0,0,0,0,0
2939,43954,0,0,0,0,0,0,0,0,0,0,0,0,0,0
2940,43954,0,0,0,0,0,0,0,0,0,0,0,0,0,0
2941,43954,0,0,0,0,0,0,0,0,0,0,0,0,0,0
2942,43954,0,0,0,0,0,0,0,0,0,0,0,0,0,0
2943,43954,0,0,0,0,0,0,0,0,0,0,0,0,0,0
2944,43954,0,0,0,0,0,0,0,0,0,0,0,0,0,0
2945,43954,0,0,0,0,0,0,0,0,0,0,0,0,0,0
2946,43954,0,0,0,0,0,0,0,0,0,0,0,0,0,0
2947,43954,0,0,0,0,0,0,0,0,0,0,0,0,0,0
2948,43954,0,0,0,0,0,0,0,0,0,0,0,0,0,0
2949,43954,0,0,0,0,0,0,0,0,0,0,0,0,0,0
2950,43954,0,0,0,0,0,0,0,0,0,0,0,0,0,0
2951,43954,0,0,0,0,0,0,0,0,0,0,0,0,0,0
2952,43954,0,0,0,0,0,0,0,0,0,0,0,0,0,0
2953,43954,0,0,0,0,0,0,0,0,0,0,0,0,0,0
2954,43954,0,0,0,0,0,0,0,0,0,0,0,0,0,0
2955,43954,0,0,0,0,0,0,0,0,0,0,0,0,0,0
2956,43954,0,0,0,0,0,0,0,0,0,0,0,0,0,0
2957,43954,0,0,0,0,0,0,0,0,0,0,0,0,0,0
2958,43954,0,0,0,0,0,0,0,0,0,0,0,0,0,0
2959,43954,0,0,0,0,0,0,0,0,0,0,0,0,0,0
2960,43954,0,0,0,0,0,0,0,0,0,0,0,0,0,0
2961,43954,0,0,0,0,0,0,0,0,0,0,0,0,0,0
2962,43954,0,0,0,0,0,0,0,0,0,0,0,0,0,0
2963,43954,0,0,0,0,0,0,0,0,0,0,0,0,0,0
2964,43954,0,0,0,0,0,0,0,0,0,0,0,0,0,0
2965,43954,0,0,0,0,0,0,0,0,0,0,0,0,0,0
2966,43954,0,0,0,0,0,0,0,0,0,0,0,0,0,0
2967,43954,0,0,0,0,0,0,0,0,0,0,0,0,0,0
2968,43954,0,0,0,0,0,0,0,0,0,0,0,0,0,0
2969,43954,0,0,0,0,0,0,0,0,0,0,0,0,0,0
2970,43954,0,0,0,0,0,0,0,0,0,0,0,0,0,0
2971,43954,0,0,0,0,0,0,0,0,0,0,0,0,0,0
2972,43954,0,0,0,0,0,0,0,0,0,0,0,0,0,0
2973,43954,0,0,0,0,0,0,0,0,0,0,0,0,0,0
2974,43954,0,0,0,0,0,0,0,0,0,0,0,0,0,0
2975,43954,0,0,0,0,0,0,0,0,0,0,0,0,0,0
2976,43954,0,0,0,0,0,0,0,0,0,0,0,0,0,0
2977,43954,0,0,0,0,0,0,0,0,0,0,0,0,0,0
2978,43954,0,0,0,0,0,0,0,0,0,0,0,0,0,0
2979,43954,0,0,0,0,0,0,0,0,0,0,0,0,0,0
2980,43954,0,0,0,0,0,0,0,0,0,0,0,0,0,0
2981,43954,0,0,0,0,0,0,0,0,0,0,0,0,0,0
2982,43954,0,0,0,0,0,0,0,0,0,0,0,0,0,0
2983,43954,0,0,0,0,0,0,0,0,0,0,0,0,0,0
2984,43954,0,0,0,0,0,0,0,0,0,0,0,0,0,0
2985,43954,0,0,0,0,0,0,0,0,0,0,0,0,0,0
2986,43954,0,0,0,0,0,0,0,0,0,0,0,0,0,0
2987,43954,0,0,0,0,0,0,0,0,0,0,0,0,0,0
2988,43954,0,0,0,0,0,0,0,0,0,0,0,0,0,0
2989,43954,0,0,0,0,0,0,0,0,0,0,0,0,0,0
2990,43954,0,0,0,0,0,0,0,0,0,0,0,0,0,0
2991,43954,0,0,0,0,0,0,0,0,0,0,0,0,0,0
2992,43954,0,0,0,0,0,0,0,0,0,0,0,0,0,0
2993,43954,0,0,0,0,0,0,0,0,0,0,0,0,0,0
2994,43954,0,0,0,0,0,0,0,0,0,0,0,0,0,0
2995,43954,0,0,0,0,0,0,0,0,0,0,0,0,0,0
2996,43954,0,0,0,0,0,0,0,0,0,0,0,0,0,0
2997,43954,0,0,0,0,0,0,0,0,0,0,0,0,0,0
2998,43954,0,0,0,0,0,0,0,0,0,0,0,0,0,0
2999,43954,0,0,0,0,0,0,0,0,0,0,0,0,0,0
3000,43954,0,0,0,0,0,0,0,0,0,0,0,0,0,0
3001,43954,0,0,0,0,0,0,0,0,0,0,0,0,0,0
3002,43954,0,0,0,0,0,0,0,0,0,0,0,0,0,0
3003,43954,0,0,0,0,0,0,0,0,0,0,0,0,0,0
3004,43954,0,0,0,0,0,0,0,0,0,0,0,0,0,0
3005,43954,0,0,0,0,0,0,0,0,0,0,0,0,0,0
3006,43954,0,0,0,0,0,0,0,0,0,0,0,0,0,0
3007,43954,0,0,0,0,0,0,0,0,0,0,0,0,0,0
3008,43954,0,0,0,0,0,0,0,0,0,0,0,0,0,0
3009,43954,0,0,0,0,0,0,0,0,0,0,0,0,0,0
3010,43954,0,0,0,0,0,0,0,0,0,0,0,0,0,0
3011,43954,0,0,0,0,0,0,0,0,0,0,0,0,0,0
3012,43954,0,0,0,0,0,0,0,0,0,0,0,0,0,0
3013,43954,0,0,0,0,0,0,0,0,0,0,0,0,0,0
3014,43954,0,0,0,0,0,0,0,0,0,0,0,0,0,0
3015,43954,0,0,0,0,0,0,0,0,0,0,0,0,0,0
3016,43954,0,0,0,0,0,0,0,0,0,0,0,0,0,0
3017,43954,0,0,0,0,0,0,0,0,0,0,0,0,0,0
3018,43954,0,0,0,0,0,0,0,0,0,0,0,0,0,0
3019,43954,0,0,0,0,0,0,0,0,0,0,0,0,0,0
3020,43954,0,0,0,0,0,0,0,0,0,0,0,0,0,0
3021,43954,0,0,0,0,0,0,0,0,0,0,0,0,0,0
3022,43954,0,0,0,0,0,0,0,0,0,0,0,0,0,0
3023,43954,0,0,0,0,0,0,0,0,0,0,0,0,0,0
3024,43954,0,0,0,0,0,0,0,0,0,0,0,0,0,0
3025,43954,0,0,0,0,0,0,0,0,0,0,0,0,0,0
3026,43954,0,0,0,0,0,0,0,0,0,0,0,0,0,0
3027,43954,0,0,0,0,0,0,0,0,0,0,0,0,0,0
3028,43954,0,0,0,0,0,0,0,0,0,0,0,0,0,0
3029,43954,0,0,0,0,0,0,0,0,0,0,0,0,0,0
3030,43954,0,0,0,0,0,0,0,0,0,0,0,0,0,0
3031,43954,0,0,0,0,0,0,0,0,0,0,0,0,0,0
3032,43954,0,0,0,0,0,0,0,0,0,0,0,0,0,0
3033,43954,0,0,0,0,0,0,0,0,0,0,0,0,0,0
3034,43954,0,0,0,0,0,0,0,0,0,0,0,0,0,0
3035,43954,0,0,0,0,0,0,0,0,0,0,0,0,0,0
3036,43954,0,0,0,0,0,0,0,0,0,0,0,0,0,0
3037,43954,0,0,0,0,0,0,0,0,0,0,0,0,0,0
3038,43954,0,0,0,0,0,0,0,0,0,0,0,0,0,0
3039,43954,0,0,0,0,0,0,0,0,0,0,0,0,0,0
3040,43954,0,0,0,0,0,0,0,0,0,0,0,0,0,0
3041,43954,0,0,0,0,0,0,0,0,0,0,0,0,0,0
3042,43954,0,0,0,0,0,0,0,0,0,0,0,0,0,0
3043,43954,0,0,0,0,0,0,0,0,0,0,0,0,0,0
3044,43954,0,0,0,0,0,0,0,0,0,0,0,0,0,0
3045,43954,0,0,0,0,0,0,0,0,0,0,0,0,0,0
3046,43954,0,0,0,0,0,0,0,0,0,0,0,0,0,0
3047,43954,0,0,0,0,0,0,0,0,0,0,0,0,0,0
3048,43954,0,0,0,0,0,0,0,0,0,0,0,0,0,0
3049,43954,0,0,0,0,0,0,0,0,0,0,0,0,0,0
3050,43954,0,0,0,0,0,0,0,0,0,0,0,0,0,0
3051,43954,0,0,0,0,0,0,0,0,0,0,0,0,0,0
3052,43954,0,0,0,0,0,0,0,0,0,0,0,0,0,0
3053,43954,0,0,0,0,0,0,0,0,0,0,0,0,0,0
3054,43954,0,0,0,0,0,0,0,0,0,0,0,0,0,0
3055,43954,0,0,0,0,0,0,0,0,0,0,0,0,0,0
3056,43954,0,0,0,0,0,0,0,0,0,0,0,0,0,0
3057,43954,0,0,0,0,0,0,0,0,0,0,0,0,0,0
3058,43954,0,0,0,0,0,0,0,0,0,0,0,0,0,0
3059,43954,0,0,0,0,0,0,0,0,0,0,0,0,0,0
3060,43954,0,0,0,0,0,0,0,0,0,0,0,0,0,0
3061,43954,0,0,0,0,0,0,0,0,0,0,0,0,0,0
3062,43954,0,0,0,0,0,0,0,0,0,0,0,0,0,0
3063,43954,0,0,0,0,0,0,0,0,0,0,0,0,0,0
3064,43954,0,0,0,0,0,0,0,0,0,0,0,0,0,0
3065,43954,0,0,0,0,0,0,0,0,0,0,0,0,0,0
3066,43954,0,0,0,0,0,0,0,0,0,0,0,0,0,0
3067,43954,0,0,0,0,0,0,0,0,0,0,0,0,0,0
3068,43954,0,0,0,0,0,0,0,0,0,0,0,0,0,0
3069,43954,0,0,0,0,0,0,0,0,0,0,0,0,0,0
3070,43954,0,0,0,0,0,0,0,0,0,0,0,0,0,0
3071,43954,0,0,0,0,0,0,0,0,0,0,0,0,0,0
3072,43954,0,0,0,0,0,0,0,0,0,0,0,0,0,0
3073,43954,0,0,0,0,0,0,0,0,0,0,0,0,0,0
3074,43954,0,0,0,0,0,0,0,0,0,0,0,0,0,0
3075,43954,0,0,0,0,0,0,0,0,0,0,0,0,0,0
3076,43954,0,0,0,0,0,0,0,0,0,0,0,0,0,0
3077,43954,0,0,0,0,0,0,0,0,0,0,0,0,0,0
3078,43954,0,0,0,0,0,0,0,0,0,0,0,0,0,0
3079,43954,0,0,0,0,0,0,0,0,0,0,0,0,0,0
3080,43954,0,0,0,0,0,0,0,0,0,0,0,0,0,0
3081,43954,0,0,0,0,0,0,0,0,0,0,0,0,0,0
3082,43954,0,0,0,0,0,0,0,0,0,0,0,0,0,0
3083,43954,0,0,0,0,0,0,0,0,0,0,0,0,0,0
3084,43954,0,0,0,0,0,0,0,0,0,0,0,0,0,0
3085,43954,0,0,0,0,0,0,0,0,0,0,0,0,0,0
3086,43954,0,0,0,0,0,0,0,0,0,0,0,0,0,0
3087,43954,0,0,0,0,0,0,0,0,0,0,0,0,0,0
3088,43954,0,0,0,0,0,0,0,0,0,0,0,0,0,0
3089,43954,0,0,0,0,0,0,0,0,0,0,0,0,0,0
3090,43954,0,0,0,0,0,0,0,0,0,0,0,0,0,0
3091,43954,0,0,0,0,0,0,0,0,0,0,0,0,0,0
3092,43954,0,0,0,0,0,0,0,0,0,0,0,0,0,0
3093,43954,0,0,0,0,0,0,0,0,0,0,0,0,0,0
3094,43954,0,0,0,0,0,0,0,0,0,0,0,0,0,0
3095,43954,0,0,0,0,0,0,0,0,0,0,0,0,0,0
3096,43954,0,0,0,0,0,0,0,0,0,0,0,0,0,0
3097,43954,0,0,0,0,0,0,0,0,0,0,0,0,0,0
3098,43954,0,0,0,0,0,0,0,0,0,0,0,0,0,0
3099,43954,0,0,0,0,0,0,0,0,0,0,0,0,0,0
3100,43954,0,0,0,0,0,0,0,0,0,0,0,0,0,0
3101,43954,0,0,0,0,0,0,0,0,0,0,0,0,0,0
3102,43954,0,0,0,0,0,0,0,0,0,0,0,0,0,0
3103,43954,0,0,0,0,0,0,0,0,0,0,0,0,0,0
3104,43954,0,0,0,0,0,0,0,0,0,0,0,0,0,0
3105,43954,0,0,0,0,0,0,0,0,0,0,0,0,0,0
3106,43954,0,0,0,0,0,0,0,0,0,0,0,0,0,0
3107,43954,0,0,0,0,0,0,0,0,0,0,0,0,0,0
3108,43954,0,0,0,0,0,0,0,0,0,0,0,0,0,0
3109,43954,0,0,0,0,0,0,0,0,0,0,0,0,0,0
3110,43954,0,0,0,0,0,0,0,0,0,0,0,0,0,0
3111,43954,0,0,0,0,0,0,0,0,0,0,0,0,0,0
3112,43954,0,0,0,0,0,0,0,0,0,0,0,0,0,0
3113,43954,0,0,0,0,0,0,0,0,0,0,0,0,0,0
3114,43954,0,0,0,0,0,0,0,0,0,0,0,0,0,0
3115,43954,0,0,0,0,0,0,0,0,0,0,0,0,0,0
3116,43954,0,0,0,0,0,0,0,0,0,0,0,0,0,0
3117,43954,0,0,0,0,0,0,0,0,0,0,0,0,0,0
3118,43954,0,0,0,0,0,0,0,0,0,0,0,0,0,0
3119,43954,0,0,0,0,0,0,0,0,0,0,0,0,0,0
3120,43954,0,0,0,0,0,0,0,0,0,0,0,0,0,0
3121,43954,0,0,0,0,0,0,0,0,0,0,0,0,0,0
3122,43954,0,0,0,0,0,0,0,0,0,0,0,0,0,0
3123,43954,0,0,0,0,0,0,0,0,0,0,0,0,0,0
3124,43954,0,0,0,0,0,0,0,0,0,0,0,0,0,0
3125,43954,0,0,0,0,0,0,0,0,0,0,0,0,0,0
3126,43954,0,0,0,0,0,0,0,0,0,0,0,0,0,0
3127,43954,0,0,0,0,0,0,0,0,0,0,0,0,0,0
3128,43954,0,0,0,0,0,0,0,0,0,0,0,0,0,0
3129,43954,0,0,0,0,0,0,0,0,0,0,0,0,0,0
3130,43954,0,0,0,0,0,0,0,0,0,0,0,0,0,0
3131,43954,0,0,0,0,0,0,0,0,0,0,0,0,0,0
3132,43954,0,0,0,0,0,0,0,0,0,0,0,0,0,0
3133,43954,0,0,0,0,0,0,0,0,0,0,0,0,0,0
3134,43954,0,0,0,0,0,0,0,0,0,0,0,0,0,0
3135,43954,0,0,0,0,0,0,0,0,0,0,0,0,0,0
3136,43954,0,0,0,0,0,0,0,0,0,0,0,0,0,0
3137,43954,0,0,0,0,0,0,0,0,0,0,0,0,0,0
3138,43954,0,0,0,0,0,0,0,0,0,0,0,0,0,0
3139,43954,0,0,0,0,0,0,0,0,0,0,0,0,0,0
3140,43954,0,0,0,0,0,0,0,0,0,0,0,0,0,0
3141,43954,0,0,0,0,0,0,0,0,0,0,0,0,0,0
3142,43954,0,0,0,0,0,0,0,0,0,0,0,0,0,0
3143,43954,0,0,0,0,0,0,0,0,0,0,0,0,0,0
3144,43954,0,0,0,0,0,0,0,0,0,0,0,0,0,0
3145,43954,0,0,0,0,0,0,0,0,0,0,0,0,0,0
3146,43954,0,0,0,0,0,0,0,0,0,0,0,0,0,0
3147,43954,0,0,0,0,0,0,0,0,0,0,0,0,0,0
3148,43954,0,0,0,0,0,0,0,0,0,0,0,0,0,0
3149,43954,0,0,0,0,0,0,0,0,0,0,0,0,0,0
3150,43954,0,0,0,0,0,0,0,0,0,0,0,0,0,0
3151,43954,0,0,0,0,0,0,0,0,0,0,0,0,0,0
3152,43954,0,0,0,0,0,0,0,0,0,0,0,0,0,0
3153,43954,0,0,0,0,0,0,0,0,0,0,0,0,0,0
3154,43954,0,0,0,0,0,0,0,0,0,0,0,0,0,0
3155,43954,0,0,0,0,0,0,0,0,0,0,0,0,0,0
3156,43954,0,0,0,0,0,0,0,0,0,0,0,0,0,0
3157,43954,0,0,0,0,0,0,0,0,0,0,0,0,0,0
3158,43954,0,0,0,0,0,0,0,0,0,0,0,0,0,0
3159,43954,0,0,0,0,0,0,0,0,0,0,0,0,0,0
3160,43954,0,0,0,0,0,0,0,0,0,0,0,0,0,0
3161,43954,0,0,0,0,0,0,0,0,0,0,0,0,0,0
3162,43954,0,0,0,0,0,0,0,0,0,0,0,0,0,0
3163,43954,0,0,0,0,0,0,0,0,0,0,0,0,0,0
3164,43954,0,0,0,0,0,0,0,0,0,0,0,0,0,0
3165,43954,0,0,0,0,0,0,0,0,0,0,0,0,0,0
3166,43954,0,0,0,0,0,0,0,0,0,0,0,0,0,0
3167,43954,0,0,0,0,0,0,0,0,0,0,0,0,0,0
3168,43954,0,0,0,0,0,0,0,0,0,0,0,0,0,0
3169,43954,0,0,0,0,0,0,0,0,0,0,0,0,0,0
3170,43954,0,0,0,0,0,0,0,0,0,0,0,0,0,0
3171,43954,0,0,0,0,0,0,0,0,0,0,0,0,0,0
3172,43954,0,0,0,0,0,0,0,0,0,0,0,0,0,0
3173,43954,0,0,0,0,0,0,0,0,0,0,0,0,0,0
3174,43954,0,0,0,0,0,0,0,0,0,0,0,0,0,0
3175,43954,0,0,0,0,0,0,0,0,0,0,0,0,0,0
3176,43954,0,0,0,0,0,0,0,0,0,0,0,0,0,0
3177,43954,0,0,0,0,0,0,0,0,0,0,0,0,0,0
3178,43954,0,0,0,0,0,0,0,0,0,0,0,0,0,0
3179,43954,0,0,0,0,0,0,0,0,0,0,0,0,0,0
3180,43954,0,0,0,0,0,0,0,0,0,0,0,0,0,0
3181,43954,0,0,0,0,0,0,0,0,0,0,0,0,0,0
3182,43954,0,0,0,0,0,0,0,0,0,0,0,0,0,0
3183,43954,0,0,0,0,0,0,0,0,0,0,0,0,0,0
3184,43954,0,0,0,0,0,0,0,0,0,0,0,0,0,0
3185,43954,0,0,0,0,0,0,0,0,0,0,0,0,0,0
3186,43954,0,0,0,0,0,0,0,0,0,0,0,0,0,0
3187,43954,0,0,0,0,0,0,0,0,0,0,0,0,0,0
3188,43954,0,0,0,0,0,0,0,0,0,0,0,0,0,0
3189,43954,0,0,0,0,0,0,0,0,0,0,0,0,0,0
3190,43954,0,0,0,0,0,0,0,0,0,0,0,0,0,0
3191,43954,0,0,0,0,0,0,0,0,0,0,0,0,0,0
3192,43954,0,0,0,0,0,0,0,0,0,0,0,0,0,0
3193,43954,0,0,0,0,0,0,0,0,0,0,0,0,0,0
3194,43954,0,0,0,0,0,0,0,0,0,0,0,0,0,0
3195,43954,0,0,0,0,0,0,0,0,0,0,0,0,0,0
3196,43954,0,0,0,0,0,0,0,0,0,0,0,0,0,0
3197,43954,0,0,0,0,0,0,0,0,0,0,0,0,0,0
3198,43954,0,0,0,0,0,0,0,0,0,0,0,0,0,0
3199,43954,0,0,0,0,0,0,0,0,0,0,0,0,0,0
3200,43954,0,0,0,0,0,0,0,0,0,0,0,0,0,0
3201,43954,0,0,0,0,0,0,0,0,0,0,0,0,0,0
3202,43954,0,0,0,0,0,0,0,0,0,0,0,0,0,0
3203,43954,0,0,0,0,0,0,0,0,0,0,0,0,0,0
3204,43954,0,0,0,0,0,0,0,0,0,0,0,0,0,0
3205,43954,0,0,0,0,0,0,0,0,0,0,0,0,0,0
3206,43954,0,0,0,0,0,0,0,0,0,0,0,0,0,0
3207,43954,0,0,0,0,0,0,0,0,0,0,0,0,0,0
3208,43954,0,0,0,0,0,0,0,0,0,0,0,0,0,0
3209,43954,0,0,0,0,0,0,0,0,0,0,0,0,0,0
3210,43954,0,0,0,0,0,0,0,0,0,0,0,0,0,0
3211,43954,0,0,0,0,0,0,0,0,0,0,0,0,0,0
3212,43954,0,0,0,0,0,0,0,0,0,0,0,0,0,0
3213,43954,0,0,0,0,0,0,0,0,0,0,0,0,0,0
3214,43954,0,0,0,0,0,0,0,0,0,0,0,0,0,0
3215,43954,0,0,0,0,0,0,0,0,0,0,0,0,0,0
3216,43954,0,0,0,0,0,0,0,0,0,0,0,0,0,0
3217,43954,0,0,0,0,0,0,0,0,0,0,0,0,0,0
3218,43954,0,0,0,0,0,0,0,0,0,0,0,0,0,0
3219,43954,0,0,0,0,0,0,0,0,0,0,0,0,0,0
3220,43954,0,0,0,0,0,0,0,0,0,0,0,0,0,0
3221,43954,0,0,0,0,0,0,0,0,0,0,0,0,0,0
3222,43954,0,0,0,0,0,0,0,0,0,0,0,0,0,0
3223,43954,0,0,0,0,0,0,0,0,0,0,0,0,0,0
3224,43954,0,0,0,0,0,0,0,0,0,0,0,0,0,0
3225,43954,0,0,0,0,0,0,0,0,0,0,0,0,0,0
3226,43954,0,0,0,0,0,0,0,0,0,0,0,0,0,0
3227,43954,0,0,0,0,0,0,0,0,0,0,0,0,0,0
3228,43954,0,0,0,0,0,0,0,0,0,0,0,0,0,0
3229,43954,0,0,0,0,0,0,0,0,0,0,0,0,0,0
3230,43954,0,0,0,0,0,0,0,0,0,0,0,0,0,0
3231,43954,0,0,0,0,0,0,0,0,0,0,0,0,0,0
3232,43954,0,0,0,0,0,0,0,0,0,0,0,0,0,0
3233,43954,0,0,0,0,0,0,0,0,0,0,0,0,0,0
3234,43954,0,0,0,0,0,0,0,0,0,0,0,0,0,0
3235,43954,0,0,0,0,0,0,0,0,0,0,0,0,0,0
3236,43954,0,0,0,0,0,0,0,0,0,0,0,0,0,0
3237,43954,0,0,0,0,0,0,0,0,0,0,0,0,0,0
3238,43954,0,0,0,0,0,0,0,0,0,0,0,0,0,0
3239,43954,0,0,0,0,0,0,0,0,0,0,0,0,0,0
3240,43954,0,0,0,0,0,0,0,0,0,0,0,0,0,0
3241,43954,0,0,0,0,0,0,0,0,0,0,0,0,0,0
3242,43954,0,0,0,0,0,0,0,0,0,0,0,0,0,0
3243,43954,0,0,0,0,0,0,0,0,0,0,0,0,0,0
3244,43954,0,0,0,0,0,0,0,0,0,0,0,0,0,0
3245,43954,0,0,0,0,0,0,0,0,0,0,0,0,0,0
3246,43954,0,0,0,0,0,0,0,0,0,0,0,0,0,0
3247,43954,0,0,0,0,0,0,0,0,0,0,0,0,0,0
3248,43954,0,0,0,0,0,0,0,0,0,0,0,0,0,0
3249,43954,0,0,0,0,0,0,0,0,0,0,0,0,0,0
3250,43954,0,0,0,0,0,0,0,0,0,0,0,0,0,0
3251,43954,0,0,0,0,0,0,0,0,0,0,0,0,0,0
3252,43954,0,0,0,0,0,0,0,0,0,0,0,0,0,0
3253,43954,0,0,0,0,0,0,0,0,0,0,0,0,0,0
3254,43954,0,0,0,0,0,0,0,0,0,0,0,0,0,0
3255,43954,0,0,0,0,0,0,0,0,0,0,0,0,0,0
3256,43954,0,0,0,0,0,0,0,0,0,0,0,0,0,0
3257,43954,0,0,0,0,0,0,0,0,0,0,0,0,0,0
3258,43954,0,0,0,0,0,0,0,0,0,0,0,0,0,0
3259,43954,0,0,0,0,0,0,0,0,0,0,0,0,0,0
3260,43954,0,0,0,0,0,0,0,0,0,0,0,0,0,0
3261,43954,0,0,0,0,0,0,0,0,0,0,0,0,0,0
3262,43954,0,0,0,0,0,0,0,0,0,0,0,0,0,0
3263,43954,0,0,0,0,0,0,0,0,0,0,0,0,0,0
3264,43954,0,0,0,0,0,0,0,0,0,0,0,0,0,0
3265,43954,0,0,0,0,0,0,0,0,0,0,0,0,0,0
3266,43954,0,0,0,0,0,0,0,0,0,0,0,0,0,0
3267,43954,0,0,0,0,0,0,0,0,0,0,0,0,0,0
3268,43954,0,0,0,0,0,0,0,0,0,0,0,0,0,0
3269,43954,0,0,0,0,0,0,0,0,0,0,0,0,0,0
3270,43954,0,0,0,0,0,0,0,0,0,0,0,0,0,0
3271,43954,0,0,0,0,0,0,0,0,0,0,0,0,0,0
3272,43954,0,0,0,0,0,0,0,0,0,0,0,0,0,0
3273,43954,0,0,0,0,0,0,0,0,0,0,0,0,0,0
3274,43954,0,0,0,0,0,0,0,0,0,0,0,0,0,0
3275,43954,0,0,0,0,0,0,0,0,0,0,0,0,0,0
3276,43954,0,0,0,0,0,0,0,0,0,0,0,0,0,0
3277,43954,0,0,0,0,0,0,0,0,0,0,0,0,0,0
3278,51013,2260,93,0,0,0,0,0,0,0,0,0,0,0,0
3279,78166,11266,138,6,0,0,0,0,0,0,0,0,0,0,0
3280,124591,26557,322,0,2,0,0,0,0,0,0,0,0,0,0
3281,199063,51067,636,0,4,14,0,0,0,0,0,0,0,0,0
3282,166432,40210,616,0,1,29,2,0,0,0,0,0,0,0,0
3283,105691,20233,346,0,1,9,0,2,0,0,0,0,0,0,0
3284,96541,17302,227,0,0,2,0,0,0,0,0,0,0,0,0
3285,65470,7075,97,0,0,2,0,0,0,0,0,0,0,0,0
3286,56749,4207,58,0,0,2,0,1,0,0,0,0,0,0,0
3287,58240,4693,69,0,0,1,0,1,0,0,0,0,0,0,0
3288,53404,3098,52,0,0,0,0,0,0,0,0,0,0,0,0
3289,49219,1729,26,0,0,0,0,0,0,0,0,0,0,0,0
3290,45868,626,12,0,0,0,0,0,0,0,0,0,0,0,0
3291,45247,424,7,0,0,0,0,0,0,0,0,0,0,0,0
3292,49423,1799,24,0,0,0,0,0,0,0,0,0,0,0,0
3293,45478,497,11,0,0,0,0,0,0,0,0,0,0,0,0
3294,45751,589,10,0,0,0,0,0,0,0,0,0,0,0,0
3295,44155,65,2,0,0,0,0,0,0,0,0,0,0,0,0
3296,45226,418,6,0,0,0,0,0,0,0,0,0,0,0,0
3297,43954,0,0,0,0,0,0,0,0,0,0,0,0,0,0
3298,43954,0,0,0,0,0,0,0,0,0,0,0,0,0,0
3299,43954,0,0,0,0,0,0,0,0,0,0,0,0,0,0
3300,43954,0,0,0,0,0,0,0,0,0,0,0,0,0,0
3301,43954,0,0,0,0,0,0,0,0,0,0,0,0,0,0
3302,43954,0,0,0,0,0,0,0,0,0,0,0,0,0,0
3303,43954,0,0,0,0,0,0,0,0,0,0,0,0,0,0
3304,43954,0,0,0,0,0,0,0,0,0,0,0,0,0,0
3305,43954,0,0,0,0,0,0,0,0,0,0,0,0,0,0
3306,43954,0,0,0,0,0,0,0,0,0,0,0,0,0,0
3307,43954,0,0,0,0,0,0,0,0,0,0,0,0,0,0
3308,43954,0,0,0,0,0,0,0,0,0,0,0,0,0,0
3309,43954,0,0,0,0,0,0,0,0,0,0,0,0,0,0
3310,43954,0,0,0,0,0,0,0,0,0,0,0,0,0,0
3311,43954,0,0,0,0,0,0,0,0,0,0,0,0,0,0
3312,43954,0,0,0,0,0,0,0,0,0,0,0,0,0,0
3313,43954,0,0,0,0,0,0,0,0,0,0,0,0,0,0
3314,43954,0,0,0,0,0,0,0,0,0,0,0,0,0,0
3315,43954,0,0,0,0,0,0,0,0,0,0,0,0,0,0
3316,43954,0,0,0,0,0,0,0,0,0,0,0,0,0,0
3317,43954,0,0,0,0,0,0,0,0,0,0,0,0,0,0
3318,43954,0,0,0,0,0,0,0,0,0,0,0,0,0,0
3319,43954,0,0,0,0,0,0,0,0,0,0,0,0,0,0
3320,43954,0,0,0,0,0,0,0,0,0,0,0,0,0,0
3321,43954,0,0,0,0,0,0,0,0,0,0,0,0,0,0
3322,43954,0,0,0,0,0,0,0,0,0,0,0,0,0,0
3323,43954,0,0,0,0,0,0,0,0,0,0,0,0,0,0
3324,43954,0,0,0,0,0,0,0,0,0,0,0,0,0,0
3325,43954,0,0,0,0,0,0,0,0,0,0,0,0,0,0
3326,43954,0,0,0,0,0,0,0,0,0,0,0,0,0,0
3327,43954,0,0,0,0,0,0,0,0,0,0,0,0,0,0
3328,43954,0,0,0,0,0,0,0,0,0,0,0,0,0,0
3329,43954,0,0,0,0,0,0,0,0,0,0,0,0,0,0
3330,43954,0,0,0,0,0,0,0,0,0,0,0,0,0,0
3331,43954,0,0,0,0,0,0,0,0,0,0,0,0,0,0
3332,43954,0,0,0,0,0,0,0,0,0,0,0,0,0,0
3333,43954,0,0,0,0,0,0,0,0,0,0,0,0,0,0
3334,43954,0,0,0,0,0,0,0,0,0,0,0,0,0,0
3335,43954,0,0,0,0,0,0,0,0,0,0,0,0,0,0
3336,43954,0,0,0,0,0,0,0,0,0,0,0,0,0,0
3337,43954,0,0,0,0,0,0,0,0,0,0,0,0,0,0
3338,43954,0,0,0,0,0,0,0,0,0,0,0,0,0,0
3339,43954,0,0,0,0,0,0,0,0,0,0,0,0,0,0
3340,43954,0,0,0,0,0,0,0,0,0,0,0,0,0,0
3341,43954,0,0,0,0,0,0,0,0,0,0,0,0,0,0
3342,43954,0,0,0,0,0,0,0,0,0,0,0,0,0,0
3343,43954,0,0,0,0,0,0,0,0,0,0,0,0,0,0
3344,43954,0,0,0,0,0,0,0,0,0,0,0,0,0,0
3345,43954,0,0,0,0,0,0,0,0,0,0,0,0,0,0
3346,43954,0,0,0,0,0,0,0,0,0,0,0,0,0,0
3347,43954,0,0,0,0,0,0,0,0,0,0,0,0,0,0
3348,43954,0,0,0,0,0,0,0,0,0,0,0,0,0,0
3349,43954,0,0,0,0,0,0,0,0,0,0,0,0,0,0
3350,43954,0,0,0,0,0,0,0,0,0,0,0,0,0,0
3351,43954,0,0,0,0,0,0,0,0,0,0,0,0,0,0
3352,43954,0,0,0,0,0,0,0,0,0,0,0,0,0,0
3353,43954,0,0,0,0,0,0,0,0,0,0,0,0,0,0
3354,43954,0,0,0,0,0,0,0,0,0,0,0,0,0,0
3355,43954,0,0,0,0,0,0,0,0,0,0,0,0,0,0
3356,43954,0,0,0,0,0,0,0,0,0,0,0,0,0,0
3357,43954,0,0,0,0,0,0,0,0,0,0,0,0,0,0
3358,43954,0,0,0,0,0,0,0,0,0,0,0,0,0,0
3359,43954,0,0,0,0,0,0,0,0,0,0,0,0,0,0
3360,43954,0,0,0,0,0,0,0,0,0,0,0,0,0,0
3361,43954,0,0,0,0,0,0,0,0,0,0,0,0,0,0
3362,43954,0,0,0,0,0,0,0,0,0,0,0,0,0,0
3363,43954,0,0,0,0,0,0,0,0,0,0,0,0,0,0
3364,43954,0,0,0,0,0,0,0,0,0,0,0,0,0,0
3365,43954,0,0,0,0,0,0,0,0,0,0,0,0,0,0
3366,43954,0,0,0,0,0,0,0,0,0,0,0,0,0,0
3367,43954,0,0,0,0,0,0,0,0,0,0,0,0,0,0
3368,43954,0,0,0,0,0,0,0,0,0,0,0,0,0,0
3369,43954,0,0,0,0,0,0,0,0,0,0,0,0,0,0
3370,43954,0,0,0,0,0,0,0,0,0,0,0,0,0,0
3371,43954,0,0,0,0,0,0,0,0,0,0,0,0,0,0
3372,43954,0,0,0,0,0,0,0,0,0,0,0,0,0,0
3373,43954,0,0,0,0,0,0,0,0,0,0,0,0,0,0
3374,43954,0,0,0,0,0,0,0,0,0,0,0,0,0,0
3375,43954,0,0,0,0,0,0,0,0,0,0,0,0,0,0
3376,43954,0,0,0,0,0,0,0,0,0,0,0,0,0,0
3377,43954,0,0,0,0,0,0,0,0,0,0,0,0,0,0
3378,43954,0,0,0,0,0,0,0,0,0,0,0,0,0,0
3379,43954,0,0,0,0,0,0,0,0,0,0,0,0,0,0
3380,43954,0,0,0,0,0,0,0,0,0,0,0,0,0,0
3381,43954,0,0,0,0,0,0,0,0,0,0,0,0,0,0
3382,43954,0,0,0,0,0,0,0,0,0,0,0,0,0,0
3383,43954,0,0,0,0,0,0,0,0,0,0,0,0,0,0
3384,43954,0,0,0,0,0,0,0,0,0,0,0,0,0,0
3385,43954,0,0,0,0,0,0,0,0,0,0,0,0,0,0
3386,43954,0,0,0,0,0,0,0,0,0,0,0,0,0,0
3387,43954,0,0,0,0,0,0,0,0,0,0,0,0,0,0
3388,43954,0,0,0,0,0,0,0,0,0,0,0,0,0,0
3389,43954,0,0,0,0,0,0,0,0,0,0,0,0,0,0
3390,43954,0,0,0,0,0,0,0,0,0,0,0,0,0,0
3391,43954,0,0,0,0,0,0,0,0,0,0,0,0,0,0
3392,43954,0,0,0,0,0,0,0,0,0,0,0,0,0,0
3393,43954,0,0,0,0,0,0,0,0,0,0,0,0,0,0
3394,43954,0,0,0,0,0,0,0,0,0,0,0,0,0,0
3395,43954,0,0,0,0,0,0,0,0,0,0,0,0,0,0
3396,43954,0,0,0,0,0,0,0,0,0,0,0,0,0,0
3397,43954,0,0,0,0,0,0,0,0,0,0,0,0,0,0
3398,43954,0,0,0,0,0,0,0,0,0,0,0,0,0,0
3399,43954,0,0,0,0,0,0,0,0,0,0,0,0,0,0
3400,43954,0,0,0,0,0,0,0,0,0,0,0,0,0,0
3401,43954,0,0,0,0,0,0,0,0,0,0,0,0,0,0
3402,43954,0,0,0,0,0,0,0,0,0,0,0,0,0,0
3403,43954,0,0,0,0,0,0,0,0,0,0,0,0,0,0
3404,43954,0,0,0,0,0,0,0,0,0,0,0,0,0,0
3405,43954,0,0,0,0,0,0,0,0,0,0,0,0,0,0
3406,43954,0,0,0,0,0,0,0,0,0,0,0,0,0,0
3407,43954,0,0,0,0,0,0,0,0,0,0,0,0,0,0
3408,43954,0,0,0,0,0,0,0,0,0,0,0,0,0,0
3409,43954,0,0,0,0,0,0,0,0,0,0,0,0,0,0
3410,43954,0,0,0,0,0,0,0,0,0,0,0,0,0,0
3411,43954,0,0,0,0,0,0,0,0,0,0,0,0,0,0
3412,43954,0,0,0,0,0,0,0,0,0,0,0,0,0,0
3413,43954,0,0,0,0,0,0,0,0,0,0,0,0,0,0
3414,43954,0,0,0,0,0,0,0,0,0,0,0,0,0,0
3415,43954,0,0,0,0,0,0,0,0,0,0,0,0,0,0
3416,43954,0,0,0,0,0,0,0,0,0,0,0,0,0,0
3417,43954,0,0,0,0,0,0,0,0,0,0,0,0,0,0
3418,43954,0,0,0,0,0,0,0,0,0,0,0,0,0,0
3419,43954,0,0,0,0,0,0,0,0,0,0,0,0,0,0
3420,43954,0,0,0,0,0,0,0,0,0,0,0,0,0,0
3421,43954,0,0,0,0,0,0,0,0,0,0,0,0,0,0
3422,43954,0,0,0,0,0,0,0,0,0,0,0,0,0,0
3423,43954,0,0,0,0,0,0,0,0,0,0,0,0,0,0
3424,43954,0,0,0,0,0,0,0,0,0,0,0,0,0,0
3425,43954,0,0,0,0,0,0,0,0,0,0,0,0,0,0
3426,43954,0,0,0,0,0,0,0,0,0,0,0,0,0,0
3427,43954,0,0,0,0,0,0,0,0,0,0,0,0,0,0
3428,43954,0,0,0,0,0,0,0,0,0,0,0,0,0,0
3429,43954,0,0,0,0,0,0,0,0,0,0,0,0,0,0
3430,43954,0,0,0,0,0,0,0,0,0,0,0,0,0,0
3431,43954,0,0,0,0,0,0,0,0,0,0,0,0,0,0
3432,43954,0,0,0,0,0,0,0,0,0,0,0,0,0,0
3433,43954,0,0,0,0,0,0,0,0,0,0,0,0,0,0
3434,43954,0,0,0,0,0,0,0,0,0,0,0,0,0,0
3435,43954,0,0,0,0,0,0,0,0,0,0,0,0,0,0
3436,43954,0,0,0,0,0,0,0,0,0,0,0,0,0,0
3437,43954,0,0,0,0,0,0,0,0,0,0,0,0,0,0
3438,43954,0,0,0,0,0,0,0,0,0,0,0,0,0,0
3439,43954,0,0,0,0,0,0,0,0,0,0,0,0,0,0
3440,43954,0,0,0,0,0,0,0,0,0,0,0,0,0,0
3441,43954,0,0,0,0,0,0,0,0,0,0,0,0,0,0
3442,43954,0,0,0,0,0,0,0,0,0,0,0,0,0,0
3443,43954,0,0,0,0,0,0,0,0,0,0,0,0,0,0
3444,43954,0,0,0,0,0,0,0,0,0,0,0,0,0,0
3445,43954,0,0,0,0,0,0,0,0,0,0,0,0,0,0
3446,43954,0,0,0,0,0,0,0,0,0,0,0,0,0,0
3447,43954,0,0,0,0,0,0,0,0,0,0,0,0,0,0
3448,43954,0,0,0,0,0,0,0,0,0,0,0,0,0,0
3449,43954,0,0,0,0,0,0,0,0,0,0,0,0,0,0
3450,43954,0,0,0,0,0,0,0,0,0,0,0,0,0,0
3451,43954,0,0,0,0,0,0,0,0,0,0,0,0,0,0
3452,43954,0,0,0,0,0,0,0,0,0,0,0,0,0,0
3453,43954,0,0,0,0,0,0,0,0,0,0,0,0,0,0
3454,43954,0,0,0,0,0,0,0,0,0,0,0,0,0,0
3455,43954,0,0,0,0,0,0,0,0,0,0,0,0,0,0
3456,43954,0,0,0,0,0,0,0,0,0,0,0,0,0,0
3457,43954,0,0,0,0,0,0,0,0,0,0,0,0,0,0
3458,43954,0,0,0,0,0,0,0,0,0,0,0,0,0,0
3459,43954,0,0,0,0,0,0,0,0,0,0,0,0,0,0
3460,43954,0,0,0,0,0,0,0,0,0,0,0,0,0,0
3461,43954,0,0,0,0,0,0,0,0,0,0,0,0,0,0
3462,43954,0,0,0,0,0,0,0,0,0,0,0,0,0,0
3463,43954,0,0,0,0,0,0,0,0,0,0,0,0,0,0
3464,43954,0,0,0,0,0,0,0,0,0,0,0,0,0,0
3465,43954,0,0,0,0,0,0,0,0,0,0,0,0,0,0
3466,43954,0,0,0,0,0,0,0,0,0,0,0,0,0,0
3467,43954,0,0,0,0,0,0,0,0,0,0,0,0,0,0
3468,43954,0,0,0,0,0,0,0,0,0,0,0,0,0,0
3469,43954,0,0,0,0,0,0,0,0,0,0,0,0,0,0
3470,43954,0,0,0,0,0,0,0,0,0,0,0,0,0,0
3471,43954,0,0,0,0,0,0,0,0,0,0,0,0,0,0
3472,43954,0,0,0,0,0,0,0,0,0,0,0,0,0,0
3473,43954,0,0,0,0,0,0,0,0,0,0,0,0,0,0
3474,43954,0,0,0,0,0,0,0,0,0,0,0,0,0,0
3475,43954,0,0,0,0,0,0,0,0,0,0,0,0,0,0
3476,43954,0,0,0,0,0,0,0,0,0,0,0,0,0,0
3477,43954,0,0,0,0,0,0,0,0,0,0,0,0,0,0
3478,43954,0,0,0,0,0,0,0,0,0,0,0,0,0,0
3479,43954,0,0,0,0,0,0,0,0,0,0,0,0,0,0
3480,43954,0,0,0,0,0,0,0,0,0,0,0,0,0,0
3481,43954,0,0,0,0,0,0,0,0,0,0,0,0,0,0
3482,43954,0,0,0,0,0,0,0,0,0,0,0,0,0,0
3483,43954,0,0,0,0,0,0,0,0,0,0,0,0,0,0
3484,43954,0,0,0,0,0,0,0,0,0,0,0,0,0,0
3485,43954,0,0,0,0,0,0,0,0,0,0,0,0,0,0
3486,43954,0,0,0,0,0,0,0,0,0,0,0,0,0,0
3487,43954,0,0,0,0,0,0,0,0,0,0,0,0,0,0
3488,43954,0,0,0,0,0,0,0,0,0,0,0,0,0,0
3489,43954,0,0,0,0,0,0,0,0,0,0,0,0,0,0
3490,43954,0,0,0,0,0,0,0,0,0,0,0,0,0,0
3491,43954,0,0,0,0,0,0,0,0,0,0,0,0,0,0
3492,43954,0,0,0,0,0,0,0,0,0,0,0,0,0,0
3493,43954,0,0,0,0,0,0,0,0,0,0,0,0,0,0
3494,43954,0,0,0,0,0,0,0,0,0,0,0,0,0,0
3495,43954,0,0,0,0,0,0,0,0,0,0,0,0,0,0
3496,43954,0,0,0,0,0,0,0,0,0,0,0,0,0,0
3497,43954,0,0,0,0,0,0,0,0,0,0,0,0,0,0
3498,43954,0,0,0,0,0,0,0,0,0,0,0,0,0,0
3499,43954,0,0,0,0,0,0,0,0,0,0,0,0,0,0
3500,43954,0,0,0,0,0,0,0,0,0,0,0,0,0,0
3501,43954,0,0,0,0,0,0,0,0,0,0,0,0,0,0
3502,43954,0,0,0,0,0,0,0,0,0,0,0,0,0,0
3503,43954,0,0,0,0,0,0,0,0,0,0,0,0,0,0
3504,43954,0,0,0,0,0,0,0,0,0,0,0,0,0,0
3505,43954,0,0,0,0,0,0,0,0,0,0,0,0,0,0
3506,43954,0,0,0,0,0,0,0,0,0,0,0,0,0,0
3507,43954,0,0,0,0,0,0,0,0,0,0,0,0,0,0
3508,43954,0,0,0,0,0,0,0,0,0,0,0,0,0,0
3509,43954,0,0,0,0,0,0,0,0,0,0,0,0,0,0
3510,43954,0,0,0,0,0,0,0,0,0,0,0,0,0,0
3511,43954,0,0,0,0,0,0,0,0,0,0,0,0,0,0
3512,43954,0,0,0,0,0,0,0,0,0,0,0,0,0,0
3513,43954,0,0,0,0,0,0,0,0,0,0,0,0,0,0
3514,43954,0,0,0,0,0,0,0,0,0,0,0,0,0,0
3515,43954,0,0,0,0,0,0,0,0,0,0,0,0,0,0
3516,43954,0,0,0,0,0,0,0,0,0,0,0,0,0,0
3517,43954,0,0,0,0,0,0,0,0,0,0,0,0,0,0
3518,43954,0,0,0,0,0,0,0,0,0,0,0,0,0,0
3519,43954,0,0,0,0,0,0,0,0,0,0,0,0,0,0
3520,43954,0,0,0,0,0,0,0,0,0,0,0,0,0,0
3521,43954,0,0,0,0,0,0,0,0,0,0,0,0,0,0
3522,43954,0,0,0,0,0,0,0,0,0,0,0,0,0,0
3523,43954,0,0,0,0,0,0,0,0,0,0,0,0,0,0
3524,43954,0,0,0,0,0,0,0,0,0,0,0,0,0,0
3525,43954,0,0,0,0,0,0,0,0,0,0,0,0,0,0
3526,43954,0,0,0,0,0,0,0,0,0,0,0,0,0,0
3527,43954,0,0,0,0,0,0,0,0,0,0,0,0,0,0
3528,43954,0,0,0,0,0,0,0,0,0,0,0,0,0,0
3529,43954,0,0,0,0,0,0,0,0,0,0,0,0,0,0
3530,43954,0,0,0,0,0,0,0,0,0,0,0,0,0,0
3531,43954,0,0,0,0,0,0,0,0,0,0,0,0,0,0
3532,43954,0,0,0,0,0,0,0,0,0,0,0,0,0,0
3533,43954,0,0,0,0,0,0,0,0,0,0,0,0,0,0
3534,43954,0,0,0,0,0,0,0,0,0,0,0,0,0,0
3535,43954,0,0,0,0,0,0,0,0,0,0,0,0,0,0
3536,43954,0,0,0,0,0,0,0,0,0,0,0,0,0,0
3537,43954,0,0,0,0,0,0,0,0,0,0,0,0,0,0
3538,43954,0,0,0,0,0,0,0,0,0,0,0,0,0,0
3539,43954,0,0,0,0,0,0,0,0,0,0,0,0,0,0
3540,43954,0,0,0,0,0,0,0,0,0,0,0,0,0,0
3541,43954,0,0,0,0,0,0,0,0,0,0,0,0,0,0
3542,43954,0,0,0,0,0,0,0,0,0,0,0,0,0,0
3543,43954,0,0,0,0,0,0,0,0,0,0,0,0,0,0
3544,43954,0,0,0,0,0,0,0,0,0,0,0,0,0,0
3545,43954,0,0,0,0,0,0,0,0,0,0,0,0,0,0
3546,43954,0,0,0,0,0,0,0,0,0,0,0,0,0,0
3547,43954,0,0,0,0,0,0,0,0,0,0,0,0,0,0
3548,51013,2260,93,0,0,0,0,0,0,0,0,0,0,0,0
3549,78166,11266,138,6,0,0,0,0,0,0,0,0,0,0,0
3550,124591,26557,322,0,2,0,0,0,0,0,0,0,0,0,0
3551,199063,51067,636,0,4,14,0,0,0,0,0,0,0,0,0
3552,166432,40210,616,0,1,29,2,0,0,0,0,0,0,0,0
3553,105691,20233,346,0,1,9,0,2,0,0,0,0,0,0,0
3554,96541,17302,227,0,0,2,0,0,0,0,0,0,0,0,0
3555,65470,7075,97,0,0,2,0,0,0,0,0,0,0,0,0
3556,56749,4207,58,0,0,2,0,1,0,0,0,0,0,0,0
3557,58240,4693,69,0,0,1,0,1,0,0,0,0,0,0,0
3558,53404,3098,52,0,0,0,0,0,0,0,0,0,0,0,0
3559,49219,1729,26,0,0,0,0,0,0,0,0,0,0,0,0
3560,45868,626,12,0,0,0,0,0,0,0,0,0,0,0,0
3561,45247,424,7,0,0,0,0,0,0,0,0,0,0,0,0
3562,49423,1799,24,0,0,0,0,0,0,0,0,0,0,0,0
3563,45478,497,11,0,0,0,0,0,0,0,0,0,0,0,0
3564,45751,589,10,0,0,0,0,0,0,0,0,0,0,0,0
3565,44155,65,2,0,0,0,0,0,0,0,0,0,0,0,0
3566,45226,418,6,0,0,0,0,0,0,0,0,0,0,0,0
3567,43954,0,0,0,0,0,0,0,0,0,0,0,0,0,0
3568,43954,0,0,0,0,0,0,0,0,0,0,0,0,0,0
3569,43954,0,0,0,0,0,0,0,0,0,0,0,0,0,0
3570,43954,0,0,0,0,0,0,0,0,0,0,0,0,0,0
3571,43954,0,0,0,0,0,0,0,0,0,0,0,0,0,0
3572,43954,0,0,0,0,0,0,0,0,0,0,0,0,0,0
3573,43954,0,0,0,0,0,0,0,0,0,0,0,0,0,0
3574,43954,0,0,0,0,0,0,0,0,0,0,0,0,0,0
3575,43954,0,0,0,0,0,0,0,0,0,0,0,0,0,0
3576,43954,0,0,0,0,0,0,0,0,0,0,0,0,0,0
3577,43954,0,0,0,0,0,0,0,0,0,0,0,0,0,0
3578,43954,0,0,0,0,0,0,0,0,0,0,0,0,0,0
3579,43954,0,0,0,0,0,0,0,0,0,0,0,0,0,0
3580,43954,0,0,0,0,0,0,0,0,0,0,0,0,0,0
3581,43954,0,0,0,0,0,0,0,0,0,0,0,0,0,0
3582,43954,0,0,0,0,0,0,0,0,0,0,0,0,0,0
3583,43954,0,0,0,0,0,0,0,0,0,0,0,0,0,0
3584,43954,0,0,0,0,0,0,0,0,0,0,0,0,0,0
3585,43954,0,0,0,0,0,0,0,0,0,0,0,0,0,0
3586,43954,0,0,0,0,0,0,0,0,0,0,0,0,0,0
3587,43954,0,0,0,0,0,0,0,0,0,0,0,0,0,0
3588,43954,0,0,0,0,0,0,0,0,0,0,0,0,0,0
3589,43954,0,0,0,0,0,0,0,0,0,0,0,0,0,0
3590,43954,0,0,0,0,0,0,0,0,0,0,0,0,0,0
3591,43954,0,0,0,0,0,0,0,0,0,0,0,0,0,0
3592,43954,0,0,0,0,0,0,0,0,0,0,0,0,0,0
3593,43954,0,0,0,0,0,0,0,0,0,0,0,0,0,0
3594,43954,0,0,0,0,0,0,0,0,0,0,0,0,0,0
3595,43954,0,0,0,0,0,0,0,0,0,0,0,0,0,0
3596,43954,0,0,0,0,0,0,0,0,0,0,0,0,0,0
3597,43954,0,0,0,0,0,0,0,0,0,0,0,0,0,0
3598,43954,0,0,0,0,0,0,0,0,0,0,0,0,0,0
3599,43954,0,0,0,0,0,0,0,0,0,0,0,0,0,0
3600,43954,0,0,0,0,0,0,0,0,0,0,0,0,0,0
3601,43954,0,0,0,0,0,0,0,0,0,0,0,0,0,0
3602,43954,0,0,0,0,0,0,0,0,0,0,0,0,0,0
3603,43954,0,0,0,0,0,0,0,0,0,0,0,0,0,0
3604,43954,0,0,0,0,0,0,0,0,0,0,0,0,0,0
3605,43954,0,0,0,0,0,0,0,0,0,0,0,0,0,0
3606,43954,0,0,0,0,0,0,0,0,0,0,0,0,0,0
3607,43954,0,0,0,0,0,0,0,0,0,0,0,0,0,0
3608,43954,0,0,0,0,0,0,0,0,0,0,0,0,0,0
3609,43954,0,0,0,0,0,0,0,0,0,0,0,0,0,0
3610,43954,0,0,0,0,0,0,0,0,0,0,0,0,0,0
3611,43954,0,0,0,0,0,0,0,0,0,0,0,0,0,0
3612,43954,0,0,0,0,0,0,0,0,0,0,0,0,0,0
3613,43954,0,0,0,0,0,0,0,0,0,0,0,0,0,0
3614,43954,0,0,0,0,0,0,0,0,0,0,0,0,0,0
3615,43954,0,0,0,0,0,0,0,0,0,0,0,0,0,0
3616,43954,0,0,0,0,0,0,0,0,0,0,0,0,0,0
3617,43954,0,0,0,0,0,0,0,0,0,0,0,0,0,0
3618,43954,0,0,0,0,0,0,0,0,0,0,0,0,0,0
3619,43954,0,0,0,0,0,0,0,0,0,0,0,0,0,0
3620,43954,0,0,0,0,0,0,0,0,0,0,0,0,0,0
3621,43954,0,0,0,0,0,0,0,0,0,0,0,0,0,0
3622,43954,0,0,0,0,0,0,0,0,0,0,0,0,0,0
3623,43954,0,0,0,0,0,0,0,0,0,0,0,0,0,0
3624,43954,0,0,0,0,0,0,0,0,0,0,0,0,0,0
3625,43954,0,0,0,0,0,0,0,0,0,0,0,0,0,0
3626,43954,0,0,0,0,0,0,0,0,0,0,0,0,0,0
3627,43954,0,0,0,0,0,0,0,0,0,0,0,0,0,0
3628,43954,0,0,0,0,0,0,0,0,0,0,0,0,0,0
3629,43954,0,0,0,0,0,0,0,0,0,0,0,0,0,0
3630,43954,0,0,0,0,0,0,0,0,0,0,0,0,0,0
3631,43954,0,0,0,0,0,0,0,0,0,0,0,0,0,0
3632,43954,0,0,0,0,0,0,0,0,0,0,0,0,0,0
3633,43954,0,0,0,0,0,0,0,0,0,0,0,0,0,0
3634,43954,0,0,0,0,0,0,0,0,0,0,0,0,0,0
3635,43954,0,0,0,0,0,0,0,0,0,0,0,0,0,0
3636,43954,0,0,0,0,0,0,0,0,0,0,0,0,0,0
3637,43954,0,0,0,0,0,0,0,0,0,0,0,0,0,0
3638,43954,0,0,0,0,0,0,0,0,0,0,0,0,0,0
3639,43954,0,0,0,0,0,0,0,0,0,0,0,0,0,0
3640,43954,0,0,0,0,0,0,0,0,0,0,0,0,0,0
3641,43954,0,0,0,0,0,0,0,0,0,0,0,0,0,0
3642,43954,0,0,0,0,0,0,0,0,0,0,0,0,0,0
3643,43954,0,0,0,0,0,0,0,0,0,0,0,0,0,0
3644,43954,0,0,0,0,0,0,0,0,0,0,0,0,0,0
3645,43954,0,0,0,0,0,0,0,0,0,0,0,0,0,0
3646,43954,0,0,0,0,0,0,0,0,0,0,0,0,0,0
3647,43954,0,0,0,0,0,0,0,0,0,0,0,0,0,0
3648,43954,0,0,0,0,0,0,0,0,0,0,0,0,0,0
3649,43954,0,0,0,0,0,0,0,0,0,0,0,0,0,0
3650,43954,0,0,0,0,0,0,0,0,0,0,0,0,0,0
3651,43954,0,0,0,0,0,0,0,0,0,0,0,0,0,0
3652,43954,0,0,0,0,0,0,0,0,0,0,0,0,0,0
3653,43954,0,0,0,0,0,0,0,0,0,0,0,0,0,0
3654,43954,0,0,0,0,0,0,0,0,0,0,0,0,0,0
3655,43954,0,0,0,0,0,0,0,0,0,0,0,0,0,0
3656,43954,0,0,0,0,0,0,0,0,0,0,0,0,0,0
3657,43954,0,0,0,0,0,0,0,0,0,0,0,0,0,0
3658,43954,0,0,0,0,0,0,0,0,0,0,0,0,0,0
3659,43954,0,0,0,0,0,0,0,0,0,0,0,0,0,0
3660,43954,0,0,0,0,0,0,0,0,0,0,0,0,0,0
3661,43954,0,0,0,0,0,0,0,0,0,0,0,0,0,0
3662,43954,0,0,0,0,0,0,0,0,0,0,0,0,0,0
3663,43954,0,0,0,0,0,0,0,0,0,0,0,0,0,0
3664,43954,0,0,0,0,0,0,0,0,0,0,0,0,0,0
3665,43954,0,0,0,0,0,0,0,0,0,0,0,0,0,0
3666,43954,0,0,0,0,0,0,0,0,0,0,0,0,0,0
3667,43954,0,0,0,0,0,0,0,0,0,0,0,0,0,0
3668,43954,0,0,0,0,0,0,0,0,0,0,0,0,0,0
3669,43954,0,0,0,0,0,0,0,0,0,0,0,0,0,0
3670,43954,0,0,0,0,0,0,0,0,0,0,0,0,0,0
3671,43954,0,0,0,0,0,0,0,0,0,0,0,0,0,0
3672,43954,0,0,0,0,0,0,0,0,0,0,0,0,0,0
3673,43954,0,0,0,0,0,0,0,0,0,0,0,0,0,0
3674,43954,0,0,0,0,0,0,0,0,0,0,0,0,0,0
3675,43954,0,0,0,0,0,0,0,0,0,0,0,0,0,0
3676,43954,0,0,0,0,0,0,0,0,0,0,0,0,0,0
3677,43954,0,0,0,0,0,0,0,0,0,0,0,0,0,0
3678,43954,0,0,0,0,0,0,0,0,0,0,0,0,0,0
3679,43954,0,0,0,0,0,0,0,0,0,0,0,0,0,0
3680,43954,0,0,0,0,0,0,0,0,0,0,0,0,0,0
3681,43954,0,0,0,0,0,0,0,0,0,0,0,0,0,0
3682,43954,0,0,0,0,0,0,0,0,0,0,0,0,0,0
3683,43954,0,0,0,0,0,0,0,0,0,0,0,0,0,0
3684,43954,0,0,0,0,0,0,0,0,0,0,0,0,0,0
3685,43954,0,0,0,0,0,0,0,0,0,0,0,0,0,0
3686,43954,0,0,0,0,0,0,0,0,0,0,0,0,0,0
3687,43954,0,0,0,0,0,0,0,0,0,0,0,0,0,0
3688,43954,0,0,0,0,0,0,0,0,0,0,0,0,0,0
3689,43954,0,0,0,0,0,0,0,0,0,0,0,0,0,0
3690,43954,0,0,0,0,0,0,0,0,0,0,0,0,0,0
3691,43954,0,0,0,0,0,0,0,0,0,0,0,0,0,0
3692,43954,0,0,0,0,0,0,0,0,0,0,0,0,0,0
3693,43954,0,0,0,0,0,0,0,0,0,0,0,0,0,0
3694,43954,0,0,0,0,0,0,0,0,0,0,0,0,0,0
3695,43954,0,0,0,0,0,0,0,0,0,0,0,0,0,0
3696,43954,0,0,0,0,0,0,0,0,0,0,0,0,0,0
3697,43954,0,0,0,0,0,0,0,0,0,0,0,0,0,0
3698,43954,0,0,0,0,0,0,0,0,0,0,0,0,0,0
3699,43954,0,0,0,0,0,0,0,0,0,0,0,0,0,0
3700,43954,0,0,0,0,0,0,0,0,0,0,0,0,0,0
3701,43954,0,0,0,0,0,0,0,0,0,0,0,0,0,0
3702,43954,0,0,0,0,0,0,0,0,0,0,0,0,0,0
3703,43954,0,0,0,0,0,0,0,0,0,0,0,0,0,0
3704,43954,0,0,0,0,0,0,0,0,0,0,0,0,0,0
3705,43954,0,0,0,0,0,0,0,0,0,0,0,0,0,0
3706,43954,0,0,0,0,0,0,0,0,0,0,0,0,0,0
3707,43954,0,0,0,0,0,0,0,0,0,0,0,0,0,0
3708,43954,0,0,0,0,0,0,0,0,0,0,0,0,0,0
3709,43954,0,0,0,0,0,0,0,0,0,0,0,0,0,0
3710,43954,0,0,0,0,0,0,0,0,0,0,0,0,0,0
3711,43954,0,0,0,0,0,0,0,0,0,0,0,0,0,0
3712,43954,0,0,0,0,0,0,0,0,0,0,0,0,0,0
3713,43954,0,0,0,0,0,0,0,0,0,0,0,0,0,0
3714,43954,0,0,0,0,0,0,0,0,0,0,0,0,0,0
3715,43954,0,0,0,0,0,0,0,0,0,0,0,0,0,0
3716,43954,0,0,0,0,0,0,0,0,0,0,0,0,0,0
3717,43954,0,0,0,0,0,0,0,0,0,0,0,0,0,0
3718,43954,0,0,0,0,0,0,0,0,0,0,0,0,0,0
3719,43954,0,0,0,0,0,0,0,0,0,0,0,0,0,0
3720,43954,0,0,0,0,0,0,0,0,0,0,0,0,0,0
3721,43954,0,0,0,0,0,0,0,0,0,0,0,0,0,0
3722,43954,0,0,0,0,0,0,0,0,0,0,0,0,0,0
3723,43954,0,0,0,0,0,0,0,0,0,0,0,0,0,0
3724,43954,0,0,0,0,0,0,0,0,0,0,0,0,0,0
3725,43954,0,0,0,0,0,0,0,0,0,0,0,0,0,0
3726,43954,0,0,0,0,0,0,0,0,0,0,0,0,0,0
3727,43954,0,0,0,0,0,0,0,0,0,0,0,0,0,0
3728,43954,0,0,0,0,0,0,0,0,0,0,0,0,0,0
3729,43954,0,0,0,0,0,0,0,0,0,0,0,0,0,0
3730,43954,0,0,0,0,0,0,0,0,0,0,0,0,0,0
3731,43954,0,0,0,0,0,0,0,0,0,0,0,0,0,0
3732,43954,0,0,0,0,0,0,0,0,0,0,0,0,0,0
3733,43954,0,0,0,0,0,0,0,0,0,0,0,0,0,0
3734,43954,0,0,0,0,0,0,0,0,0,0,0,0,0,0
3735,43954,0,0,0,0,0,0,0,0,0,0,0,0,0,0
3736,43954,0,0,0,0,0,0,0,0,0,0,0,0,0,0
3737,43954,0,0,0,0,0,0,0,0,0,0,0,0,0,0
3738,43954,0,0,0,0,0,0,0,0,0,0,0,0,0,0
3739,43954,0,0,0,0,0,0,0,0,0,0,0,0,0,0
3740,43954,0,0,0,0,0,0,0,0,0,0,0,0,0,0
3741,43954,0,0,0,0,0,0,0,0,0,0,0,0,0,0
3742,43954,0,0,0,0,0,0,0,0,0,0,0,0,0,0
3743,43954,0,0,0,0,0,0,0,0,0,0,0,0,0,0
3744,43954,0,0,0,0,0,0,0,0,0,0,0,0,0,0
3745,43954,0,0,0,0,0,0,0,0,0,0,0,0,0,0
3746,43954,0,0,0,0,0,0,0,0,0,0,0,0,0,0
3747,43954,0,0,0,0,0,0,0,0,0,0,0,0,0,0
3748,43954,0,0,0,0,0,0,0,0,0,0,0,0,0,0
3749,43954,0,0,0,0,0,0,0,0,0,0,0,0,0,0
3750,43954,0,0,0,0,0,0,0,0,0,0,0,0,0,0
3751,43954,0,0,0,0,0,0,0,0,0,0,0,0,0,0
3752,43954,0,0,0,0,0,0,0,0,0,0,0,0,0,0
3753,43954,0,0,0,0,0,0,0,0,0,0,0,0,0,0
3754,43954,0,0,0,0,0,0,0,0,0,0,0,0,0,0
3755,43954,0,0,0,0,0,0,0,0,0,0,0,0,0,0
3756,43954,0,0,0,0,0,0,0,0,0,0,0,0,0,0
3757,43954,0,0,0,0,0,0,0,0,0,0,0,0,0,0
3758,43954,0,0,0,0,0,0,0,0,0,0,0,0,0,0
3759,43954,0,0,0,0,0,0,0,0,0,0,0,0,0,0
3760,43954,0,0,0,0,0,0,0,0,0,0,0,0,0,0
3761,43954,0,0,0,0,0,0,0,0,0,0,0,0,0,0
3762,43954,0,0,0,0,0,0,0,0,0,0,0,0,0,0
3763,43954,0,0,0,0,0,0,0,0,0,0,0,0,0,0
3764,43954,0,0,0,0,0,0,0,0,0,0,0,0,0,0
3765,43954,0,0,0,0,0,0,0,0,0,0,0,0,0,0
3766,43954,0,0,0,0,0,0,0,0,0,0,0,0,0,0
3767,43954,0,0,0,0,0,0,0,0,0,0,0,0,0,0
3768,43954,0,0,0,0,0,0,0,0,0,0,0,0,0,0
3769,43954,0,0,0,0,0,0,0,0,0,0,0,0,0,0
3770,43954,0,0,0,0,0,0,0,0,0,0,0,0,0,0
3771,43954,0,0,0,0,0,0,0,0,0,0,0,0,0,0
3772,43954,0,0,0,0,0,0,0,0,0,0,0,0,0,0
3773,43954,0,0,0,0,0,0,0,0,0,0,0,0,0,0
3774,43954,0,0,0,0,0,0,0,0,0,0,0,0,0,0
3775,43954,0,0,0,0,0,0,0,0,0,0,0,0,0,0
3776,43954,0,0,0,0,0,0,0,0,0,0,0,0,0,0
3777,43954,0,0,0,0,0,0,0,0,0,0,0,0,0,0
3778,43954,0,0,0,0,0,0,0,0,0,0,0,0,0,0
3779,43954,0,0,0,0,0,0,0,0,0,0,0,0,0,0
3780,43954,0,0,0,0,0,0,0,0,0,0,0,0,0,0
3781,43954,0,0,0,0,0,0,0,0,0,0,0,0,0,0
3782,43954,0,0,0,0,0,0,0,0,0,0,0,0,0,0
3783,43954,0,0,0,0,0,0,0,0,0,0,0,0,0,0
3784,43954,0,0,0,0,0,0,0,0,0,0,0,0,0,0
3785,43954,0,0,0,0,0,0,0,0,0,0,0,0,0,0
3786,43954,0,0,0,0,0,0,0,0,0,0,0,0,0,0
3787,43954,0,0,0,0,0,0,0,0,0,0,0,0,0,0
3788,43954,0,0,0,0,0,0,0,0,0,0,0,0,0,0
3789,43954,0,0,0,0,0,0,0,0,0,0,0,0,0,0
3790,43954,0,0,0,0,0,0,0,0,0,0,0,0,0,0
3791,43954,0,0,0,0,0,0,0,0,0,0,0,0,0,0
3792,43954,0,0,0,0,0,0,0,0,0,0,0,0,0,0
3793,43954,0,0,0,0,0,0,0,0,0,0,0,0,0,0
3794,43954,0,0,0,0,0,0,0,0,0,0,0,0,0,0
3795,43954,0,0,0,0,0,0,0,0,0,0,0,0,0,0
3796,43954,0,0,0,0,0,0,0,0,0,0,0,0,0,0
3797,43954,0,0,0,0,0,0,0,0,0,0,0,0,0,0
3798,43954,0,0,0,0,0,0,0,0,0,0,0,0,0,0
3799,43954,0,0,0,0,0,0,0,0,0,0,0,0,0,0
3800,43954,0,0,0,0,0,0,0,0,0,0,0,0,0,0
3801,43954,0,0,0,0,0,0,0,0,0,0,0,0,0,0
3802,43954,0,0,0,0,0,0,0,0,0,0,0,0,0,0
3803,43954,0,0,0,0,0,0,0,0,0,0,0,0,0,0
3804,43954,0,0,0,0,0,0,0,0,0,0,0,0,0,0
3805,43954,0,0,0,0,0,0,0,0,0,0,0,0,0,0
3806,43954,0,0,0,0,0,0,0,0,0,0,0,0,0,0
3807,43954,0,0,0,0,0,0,0,0,0,0,0,0,0,0
3808,43954,0,0,0,0,0,0,0,0,0,0,0,0,0,0
3809,43954,0,0,0,0,0,0,0,0,0,0,0,0,0,0
3810,43954,0,0,0,0,0,0,0,0,0,0,0,0,0,0
3811,43954,0,0,0,0,0,0,0,0,0,0,0,0,0,0
3812,43954,0,0,0,0,0,0,0,0,0,0,0,0,0,0
3813,43954,0,0,0,0,0,0,0,0,0,0,0,0,0,0
3814,43954,0,0,0,0,0,0,0,0,0,0,0,0,0,0
3815,43954,0,0,0,0,0,0,0,0,0,0,0,0,0,0
3816,43954,0,0,0,0,0,0,0,0,0,0,0,0,0,0
3817,43954,0,0,0,0,0,0,0,0,0,0,0,0,0,0
3818,43954,0,0,0,0,0,0,0,0,0,0,0,0,0,0
3819,43954,0,0,0,0,0,0,0,0,0,0,0,0,0,0
3820,43954,0,0,0,0,0,0,0,0,0,0,0,0,0,0
3821,43954,0,0,0,0,0,0,0,0,0,0,0,0,0,0
3822,43954,0,0,0,0,0,0,0,0,0,0,0,0,0,0
3823,43954,0,0,0,0,0,0,0,0,0,0,0,0,0,0
3824,43954,0,0,0,0,0,0,0,0,0,0,0,0,0,0
3825,43954,0,0,0,0,0,0,0,0,0,0,0,0,0,0
3826,43954,0,0,0,0,0,0,0,0,0,0,0,0,0,0
3827,43954,0,0,0,0,0,0,0,0,0,0,0,0,0,0
3828,43954,0,0,0,0,0,0,0,0,0,0,0,0,0,0
3829,43954,0,0,0,0,0,0,0,0,0,0,0,0,0,0
3830,43954,0,0,0,0,0,0,0,0,0,0,0,0,0,0
3831,43954,0,0,0,0,0,0,0,0,0,0,0,0,0,0
3832,43954,0,0,0,0,0,0,0,0,0,0,0,0,0,0
3833,43954,0,0,0,0,0,0,0,0,0,0,0,0,0,0
3834,43954,0,0,0,0,0,0,0,0,0,0,0,0,0,0
3835,43954,0,0,0,0,0,0,0,0,0,0,0,0,0,0
3836,43954,0,0,0,0,0,0,0,0,0,0,0,0,0,0
3837,43954,0,0,0,0,0,0,0,0,0,0,0,0,0,0
3838,43954,0,0,0,0,0,0,0,0,0,0,0,0,0,0
3839,43954,0,0,0,0,0,0,0,0,0,0,0,0,0,0
3840,43954,0,0,0,0,0,0,0,0,0,0,0,0,0,0
3841,43954,0,0,0,0,0,0,0,0,0,0,0,0,0,0
3842,43954,0,0,0,0,0,0,0,0,0,0,0,0,0,0
3843,43954,0,0,0,0,0,0,0,0,0,0,0,0,0,0
3844,43954,0,0,0,0,0,0,0,0,0,0,0,0,0,0
3845,43954,0,0,0,0,0,0,0,0,0,0,0,0,0,0
3846,43954,0,0,0,0,0,0,0,0,0,0,0,0,0,0
3847,43954,0,0,0,0,0,0,0,0,0,0,0,0,0,0
3848,43954,0,0,0,0,0,0,0,0,0,0,0,0,0,0
3849,43954,0,0,0,0,0,0,0,0,0,0,0,0,0,0
3850,43954,0,0,0,0,0,0,0,0,0,0,0,0,0,0
3851,43954,0,0,0,0,0,0,0,0,0,0,0,0,0,0
3852,43954,0,0,0,0,0,0,0,0,0,0,0,0,0,0
3853,43954,0,0,0,0,0,0,0,0,0,0,0,0,0,0
3854,43954,0,0,0,0,0,0,0,0,0,0,0,0,0,0
3855,43954,0,0,0,0,0,0,0,0,0,0,0,0,0,0
3856,43954,0,0,0,0,0,0,0,0,0,0,0,0,0,0
3857,43954,0,0,0,0,0,0,0,0,0,0,0,0,0,0
3858,43954,0,0,0,0,0,0,0,0,0,0,0,0,0,0
3859,43954,0,0,0,0,0,0,0,0,0,0,0,0,0,0
3860,43954,0,0,0,0,0,0,0,0,0,0,0,0,0,0
3861,43954,0,0,0,0,0,0,0,0,0,0,0,0,0,0
3862,43954,0,0,0,0,0,0,0,0,0,0,0,0,0,0
3863,43954,0,0,0,0,0,0,0,0,0,0,0,0,0,0
3864,43954,0,0,0,0,0,0,0,0,0,0,0,0,0,0
3865,43954,0,0,0,0,0,0,0,0,0,0,0,0,0,0
3866,43954,0,0,0,0,0,0,0,0,0,0,0,0,0,0
3867,43954,0,0,0,0,0,0,0,0,0,0,0,0,0,0
3868,43954,0,0,0,0,0,0,0,0,0,0,0,0,0,0
3869,43954,0,0,0,0,0,0,0,0,0,0,0,0,0,0
3870,43954,0,0,0,0,0,0,0,0,0,0,0,0,0,0
3871,43954,0,0,0,0,0,0,0,0,0,0,0,0,0,0
3872,43954,0,0,0,0,0,0,0,0,0,0,0,0,0,0
3873,43954,0,0,0,0,0,0,0,0,0,0,0,0,0,0
3874,43954,0,0,0,0,0,0,0,0,0,0,0,0,0,0
3875,43954,0,0,0,0,0,0,0,0,0,0,0,0,0,0
3876,43954,0,0,0,0,0,0,0,0,0,0,0,0,0,0
3877,43954,0,0,0,0,0,0,0,0,0,0,0,0,0,0
3878,43954,0,0,0,0,0,0,0,0,0,0,0,0,0,0
3879,43954,0,0,0,0,0,0,0,0,0,0,0,0,0,0
3880,43954,0,0,0,0,0,0,0,0,0,0,0,0,0,0
3881,43954,0,0,0,0,0,0,0,0,0,0,0,0,0,0
3882,43954,0,0,0,0,0,0,0,0,0,0,0,0,0,0
3883,43954,0,0,0,0,0,0,0,0,0,0,0,0,0,0
3884,43954,0,0,0,0,0,0,0,0,0,0,0,0,0,0
3885,43954,0,0,0,0,0,0,0,0,0,0,0,0,0,0
3886,43954,0,0,0,0,0,0,0,0,0,0,0,0,0,0
3887,43954,0,0,0,0,0,0,0,0,0,0,0,0,0,0
3888,43954,0,0,0,0,0,0,0,0,0,0,0,0,0,0
3889,43954,0,0,0,0,0,0,0,0,0,0,0,0,0,0
3890,43954,0,0,0,0,0,0,0,0,0,0,0,0,0,0
3891,43954,0,0,0,0,0,0,0,0,0,0,0,0,0,0
3892,43954,0,0,0,0,0,0,0,0,0,0,0,0,0,0
3893,43954,0,0,0,0,0,0,0,0,0,0,0,0,0,0
3894,43954,0,0,0,0,0,0,0,0,0,0,0,0,0,0
3895,43954,0,0,0,0,0,0,0,0,0,0,0,0,0,0
3896,43954,0,0,0,0,0,0,0,0,0,0,0,0,0,0
3897,43954,0,0,0,0,0,0,0,0,0,0,0,0,0,0
3898,43954,0,0,0,0,0,0,0,0,0,0,0,0,0,0
3899,43954,0,0,0,0,0,0,0,0,0,0,0,0,0,0
3900,43954,0,0,0,0,0,0,0,0,0,0,0,0,0,0
3901,43954,0,0,0,0,0,0,0,0,0,0,0,0,0,0
3902,43954,0,0,0,0,0,0,0,0,0,0,0,0,0,0
3903,43954,0,0,0,0,0,0,0,0,0,0,0,0,0,0
3904,43954,0,0,0,0,0,0,0,0,0,0,0,0,0,0
3905,43954,0,0,0,0,0,0,0,0,0,0,0,0,0,0
3906,43954,0,0,0,0,0,0,0,0,0,0,0,0,0,0
3907,43954,0,0,0,0,0,0,0,0,0,0,0,0,0,0
3908,43954,0,0,0,0,0,0,0,0,0,0,0,0,0,0
3909,43954,0,0,0,0,0,0,0,0,0,0,0,0,0,0
3910,43954,0,0,0,0,0,0,0,0,0,0,0,0,0,0
3911,43954,0,0,0,0,0,0,0,0,0,0,0,0,0,0
3912,43954,0,0,0,0,0,0,0,0,0,0,0,0,0,0
3913,43954,0,0,0,0,0,0,0,0,0,0,0,0,0,0
3914,43954,0,0,0,0,0,0,0,0,0,0,0,0,0,0
3915,43954,0,0,0,0,0,0,0,0,0,0,0,0,0,0
3916,43954,0,0,0,0,0,0,0,0,0,0,0,0,0,0
3917,43954,0,0,0,0,0,0,0,0,0,0,0,0,0,0
3918,43954,0,0,0,0,0,0,0,0,0,0,0,0,0,0
3919,43954,0,0,0,0,0,0,0,0,0,0,0,0,0,0
3920,43954,0,0,0,0,0,0,0,0,0,0,0,0,0,0
3921,43954,0,0,0,0,0,0,0,0,0,0,0,0,0,0
3922,43954,0,0,0,0,0,0,0,0,0,0,0,0,0,0
3923,43954,0,0,0,0,0,0,0,0,0,0,0,0,0,0
3924,43954,0,0,0,0,0,0,0,0,0,0,0,0,0,0
3925,43954,0,0,0,0,0,0,0,0,0,0,0,0,0,0
3926,43954,0,0,0,0,0,0,0,0,0,0,0,0,0,0
3927,43954,0,0,0,0,0,0,0,0,0,0,0,0,0,0
3928,43954,0,0,0,0,0,0,0,0,0,0,0,0,0,0
3929,43954,0,0,0,0,0,0,0,0,0,0,0,0,0,0
3930,43954,0,0,0,0,0,0,0,0,0,0,0,0,0,0
3931,43954,0,0,0,0,0,0,0,0,0,0,0,0,0,0
3932,43954,0,0,0,0,0,0,0,0,0,0,0,0,0,0
3933,43954,0,0,0,0,0,0,0,0,0,0,0,0,0,0
3934,43954,0,0,0,0,0,0,0,0,0,0,0,0,0,0
3935,43954,0,0,0,0,0,0,0,0,0,0,0,0,0,0
3936,43954,0,0,0,0,0,0,0,0,0,0,0,0,0,0
3937,43954,0,0,0,0,0,0,0,0,0,0,0,0,0,0
3938,43954,0,0,0,0,0,0,0,0,0,0,0,0,0,0
3939,43954,0,0,0,0,0,0,0,0,0,0,0,0,0,0
3940,43954,0,0,0,0,0,0,0,0,0,0,0,0,0,0
3941,43954,0,0,0,0,0,0,0,0,0,0,0,0,0,0
3942,43954,0,0,0,0,0,0,0,0,0,0,0,0,0,0
3943,43954,0,0,0,0,0,0,0,0,0,0,0,0,0,0
3944,43954,0,0,0,0,0,0,0,0,0,0,0,0,0,0
3945,43954,0,0,0,0,0,0,0,0,0,0,0,0,0,0
3946,43954,0,0,0,0,0,0,0,0,0,0,0,0,0,0
3947,43954,0,0,0,0,0,0,0,0,0,0,0,0,0,0
3948,43954,0,0,0,0,0,0,0,0,0,0,0,0,0,0
3949,43954,0,0,0,0,0,0,0,0,0,0,0,0,0,0
3950,43954,0,0,0,0,0,0,0,0,0,0,0,0,0,0
3951,43954,0,0,0,0,0,0,0,0,0,0,0,0,0,0
3952,43954,0,0,0,0,0,0,0,0,0,0,0,0,0,0
3953,43954,0,0,0,0,0,0,0,0,0,0,0,0,0,0
3954,43954,0,0,0,0,0,0,0,0,0,0,0,0,0,0
3955,43954,0,0,0,0,0,0,0,0,0,0,0,0,0,0
3956,43954,0,0,0,0,0,0,0,0,0,0,0,0,0,0
3957,43954,0,0,0,0,0,0,0,0,0,0,0,0,0,0
3958,43954,0,0,0,0,0,0,0,0,0,0,0,0,0,0
3959,43954,0,0,0,0,0,0,0,0,0,0,0,0,0,0
3960,43954,0,0,0,0,0,0,0,0,0,0,0,0,0,0
3961,43954,0,0,0,0,0,0,0,0,0,0,0,0,0,0
3962,43954,0,0,0,0,0,0,0,0,0,0,0,0,0,0
3963,43954,0,0,0,0,0,0,0,0,0,0,0,0,0,0
3964,43954,0,0,0,0,0,0,0,0,0,0,0,0,0,0
3965,43954,0,0,0,0,0,0,0,0,0,0,0,0,0,0
3966,43954,0,0,0,0,0,0,0,0,0,0,0,0,0,0
3967,43954,0,0,0,0,0,0,0,0,0,0,0,0,0,0
3968,43954,0,0,0,0,0,0,0,0,0,0,0,0,0,0
3969,43954,0,0,0,0,0,0,0,0,0,0,0,0,0,0
3970,43954,0,0,0,0,0,0,0,0,0,0,0,0,0,0
3971,43954,0,0,0,0,0,0,0,0,0,0,0,0,0,0
3972,43954,0,0,0,0,0,0,0,0,0,0,0,0,0,0
3973,43954,0,0,0,0,0,0,0,0,0,0,0,0,0,0
3974,43954,0,0,0,0,0,0,0,0,0,0,0,0,0,0
3975,43954,0,0,0,0,0,0,0,0,0,0,0,0,0,0
3976,43954,0,0,0,0,0,0,0,0,0,0,0,0,0,0
3977,43954,0,0,0,0,0,0,0,0,0,0,0,0,0,0
3978,43954,0,0,0,0,0,0,0,0,0,0,0,0,0,0
3979,43954,0,0,0,0,0,0,0,0,0,0,0,0,0,0
3980,43954,0,0,0,0,0,0,0,0,0,0,0,0,0,0
3981,43954,0,0,0,0,0,0,0,0,0,0,0,0,0,0
3982,43954,0,0,0,0,0,0,0,0,0,0,0,0,0,0
3983,43954,0,0,0,0,0,0,0,0,0,0,0,0,0,0
3984,43954,0,0,0,0,0,0,0,0,0,0,0,0,0,0
3985,43954,0,0,0,0,0,0,0,0,0,0,0,0,0,0
3986,43954,0,0,0,0,0,0,0,0,0,0,0,0,0,0
3987,43954,0,0,0,0,0,0,0,0,0,0,0,0,0,0
3988,43954,0,0,0,0,0,0,0,0,0,0,0,0,0,0
3989,43954,0,0,0,0,0,0,0,0,0,0,0,0,0,0
3990,43954,0,0,0,0,0,0,0,0,0,0,0,0,0,0
3991,43954,0,0,0,0,0,0,0,0,0,0,0,0,0,0
3992,43954,0,0,0,0,0,0,0,0,0,0,0,0,0,0
3993,43954,0,0,0,0,0,0,0,0,0,0,0,0,0,0
3994,43954,0,0,0,0,0,0,0,0,0,0,0,0,0,0
3995,43954,0,0,0,0,0,0,0,0,0,0,0,0,0,0
3996,43954,0,0,0,0,0,0,0,0,0,0,0,0,0,0
3997,43954,0,0,0,0,0,0,0,0,0,0,0,0,0,0
3998,43954,0,0,0,0,0,0,0,0,0,0,0,0,0,0
3999,43954,0,0,0,0,0,0,0,0,0,0,0,0,0,0
4000,43954,0,0,0,0,0,0,0,0,0,0,0,0,0,0
4001,43954,0,0,0,0,0,0,0,0,0,0,0,0,0,0
4002,43954,0,0,0,0,0,0,0,0,0,0,0,0,0,0
4003,43954,0,0,0,0,0,0,0,0,0,0,0,0,0,0
4004,43954,0,0,0,0,0,0,0,0,0,0,0,0,0,0
4005,43954,0,0,0,0,0,0,0,0,0,0,0,0,0,0
4006,43954,0,0,0,0,0,0,0,0,0,0,0,0,0,0
4007,43954,0,0,0,0,0,0,0,0,0,0,0,0,0,0
4008,43954,0,0,0,0,0,0,0,0,0,0,0,0,0,0
4009,43954,0,0,0,0,0,0,0,0,0,0,0,0,0,0
4010,43954,0,0,0,0,0,0,0,0,0,0,0,0,0,0
4011,43954,0,0,0,0,0,0,0,0,0,0,0,0,0,0
4012,43954,0,0,0,0,0,0,0,0,0,0,0,0,0,0
4013,43954,0,0,0,0,0,0,0,0,0,0,0,0,0,0
4014,43954,0,0,0,0,0,0,0,0,0,0,0,0,0,0
4015,43954,0,0,0,0,0,0,0,0,0,0,0,0,0,0
4016,43954,0,0,0,0,0,0,0,0,0,0,0,0,0,0
4017,43954,0,0,0,0,0,0,0,0,0,0,0,0,0,0
4018,43954,0,0,0,0,0,0,0,0,0,0,0,0,0,0
4019,43954,0,0,0,0,0,0,0,0,0,0,0,0,0,0
4020,43954,0,0,0,0,0,0,0,0,0,0,0,0,0,0
4021,43954,0,0,0,0,0,0,0,0,0,0,0,0,0,0
4022,43954,0,0,0,0,0,0,0,0,0,0,0,0,0,0
4023,43954,0,0,0,0,0,0,0,0,0,0,0,0,0,0
4024,43954,0,0,0,0,0,0,0,0,0,0,0,0,0,0
4025,43954,0,0,0,0,0,0,0,0,0,0,0,0,0,0
4026,43954,0,0,0,0,0,0,0,0,0,0,0,0,0,0
4027,43954,0,0,0,0,0,0,0,0,0,0,0,0,0,0
4028,43954,0,0,0,0,0,0,0,0,0,0,0,0,0,0
4029,43954,0,0,0,0,0,0,0,0,0,0,0,0,0,0
4030,43954,0,0,0,0,0,0,0,0,0,0,0,0,0,0
4031,43954,0,0,0,0,0,0,0,0,0,0,0,0,0,0
4032,43954,0,0,0,0,0,0,0,0,0,0,0,0,0,0
4033,43954,0,0,0,0,0,0,0,0,0,0,0,0,0,0
4034,43954,0,0,0,0,0,0,0,0,0,0,0,0,0,0
4035,43954,0,0,0,0,0,0,0,0,0,0,0,0,0,0
4036,43954,0,0,0,0,0,0,0,0,0,0,0,0,0,0
4037,43954,0,0,0,0,0,0,0,0,0,0,0,0,0,0
4038,43954,0,0,0,0,0,0,0,0,0,0,0,0,0,0
4039,43954,0,0,0,0,0,0,0,0,0,0,0,0,0,0
4040,43954,0,0,0,0,0,0,0,0,0,0,0,0,0,0
4041,43954,0,0,0,0,0,0,0,0,0,0,0,0,0,0
4042,43954,0,0,0,0,0,0,0,0,0,0,0,0,0,0
4043,43954,0,0,0,0,0,0,0,0,0,0,0,0,0,0
4044,43954,0,0,0,0,0,0,0,0,0,0,0,0,0,0
4045,43954,0,0,0,0,0,0,0,0,0,0,0,0,0,0
4046,43954,0,0,0,0,0,0,0,0,0,0,0,0,0,0
4047,43954,0,0,0,0,0,0,0,0,0,0,0,0,0,0
4048,43954,0,0,0,0,0,0,0,0,0,0,0,0,0,0
4049,43954,0,0,0,0,0,0,0,0,0,0,0,0,0,0
4050,43954,0,0,0,0,0,0,0,0,0,0,0,0,0,0
4051,43954,0,0,0,0,0,0,0,0,0,0,0,0,0,0
4052,43954,0,0,0,0,0,0,0,0,0,0,0,0,0,0
4053,43954,0,0,0,0,0,0,0,0,0,0,0,0,0,0
4054,43954,0,0,0,0,0,0,0,0,0,0,0,0,0,0
4055,43954,0,0,0,0,0,0,0,0,0,0,0,0,0,0
4056,43954,0,0,0,0,0,0,0,0,0,0,0,0,0,0
4057,43954,0,0,0,0,0,0,0,0,0,0,0,0,0,0
4058,43954,0,0,0,0,0,0,0,0,0,0,0,0,0,0
4059,43954,0,0,0,0,0,0,0,0,0,0,0,0,0,0
4060,43954,0,0,0,0,0,0,0,0,0,0,0,0,0,0
4061,43954,0,0,0,0,0,0,0,0,0,0,0,0,0,0
4062,43954,0,0,0,0,0,0,0,0,0,0,0,0,0,0
4063,43954,0,0,0,0,0,0,0,0,0,0,0,0,0,0
4064,43954,0,0,0,0,0,0,0,0,0,0,0,0,0,0
4065,43954,0,0,0,0,0,0,0,0,0,0,0,0,0,0
4066,43954,0,0,0,0,0,0,0,0,0,0,0,0,0,0
4067,43954,0,0,0,0,0,0,0,0,0,0,0,0,0,0
4068,43954,0,0,0,0,0,0,0,0,0,0,0,0,0,0
4069,43954,0,0,0,0,0,0,0,0,0,0,0,0,0,0
4070,43954,0,0,0,0,0,0,0,0,0,0,0,0,0,0
4071,43954,0,0,0,0,0,0,0,0,0,0,0,0,0,0
4072,43954,0,0,0,0,0,0,0,0,0,0,0,0,0,0
4073,43954,0,0,0,0,0,0,0,0,0,0,0,0,0,0
4074,43954,0,0,0,0,0,0,0,0,0,0,0,0,0,0
4075,43954,0,0,0,0,0,0,0,0,0,0,0,0,0,0
4076,43954,0,0,0,0,0,0,0,0,0,0,0,0,0,0
4077,43954,0,0,0,0,0,0,0,0,0,0,0,0,0,0
4078,43954,0,0,0,0,0,0,0,0,0,0,0,0,0,0
4079,43954,0,0,0,0,0,0,0,0,0,0,0,0,0,0
4080,43954,0,0,0,0,0,0,0,0,0,0,0,0,0,0
4081,43954,0,0,0,0,0,0,0,0,0,0,0,0,0,0
4082,43954,0,0,0,0,0,0,0,0,0,0,0,0,0,0
4083,43954,0,0,0,0,0,0,0,0,0,0,0,0,0,0
4084,43954,0,0,0,0,0,0,0,0,0,0,0,0,0,0
4085,43954,0,0,0,0,0,0,0,0,0,0,0,0,0,0
4086,43954,0,0,0,0,0,0,0,0,0,0,0,0,0,0
4087,43954,0,0,0,0,0,0,0,0,0,0,0,0,0,0
4088,43954,0,0,0,0,0,0,0,0,0,0,0,0,0,0
4089,43954,0,0,0,0,0,0,0,0,0,0,0,0,0,0
4090,43954,0,0,0,0,0,0,0,0,0,0,0,0,0,0
4091,43954,0,0,0,0,0,0,0,0,0,0,0,0,0,0
4092,43954,0,0,0,0,0,0,0,0,0,0,0,0,0,0
4093,43954,0,0,0,0,0,0,0,0,0,0,0,0,0,0
4094,43954,0,0,0,0,0,0,0,0,0,0,0,0,0,0
4095,43954,0,0,0,0,0,0,0,0,0,0,0,0,0,0
4096,43954,0,0,0,0,0,0,0,0,0,0,0,0,0,0
4097,43954,0,0,0,0,0,0,0,0,0,0,0,0,0,0
4098,43954,0,0,0,0,0,0,0,0,0,0,0,0,0,0
4099,43954,0,0,0,0,0,0,0,0,0,0,0,0,0,0
4100,43954,0,0,0,0,0,0,0,0,0,0,0,0,0,0
4101,43954,0,0,0,0,0,0,0,0,0,0,0,0,0,0
4102,43954,0,0,0,0,0,0,0,0,0,0,0,0,0,0
4103,43954,0,0,0,0,0,0,0,0,0,0,0,0,0,0
4104,43954,0,0,0,0,0,0,0,0,0,0,0,0,0,0
4105,43954,0,0,0,0,0,0,0,0,0,0,0,0,0,0
4106,43954,0,0,0,0,0,0,0,0,0,0,0,0,0,0
4107,43954,0,0,0,0,0,0,0,0,0,0,0,0,0,0
4108,43954,0,0,0,0,0,0,0,0,0,0,0,0,0,0
4109,43954,0,0,0,0,0,0,0,0,0,0,0,0,0,0
4110,43954,0,0,0,0,0,0,0,0,0,0,0,0,0,0
4111,43954,0,0,0,0,0,0,0,0,0,0,0,0,0,0
4112,43954,0,0,0,0,0,0,0,0,0,0,0,0,0,0
4113,43954,0,0,0,0,0,0,0,0,0,0,0,0,0,0
4114,43954,0,0,0,0,0,0,0,0,0,0,0,0,0,0
4115,43954,0,0,0,0,0,0,0,0,0,0,0,0,0,0
4116,43954,0,0,0,0,0,0,0,0,0,0,0,0,0,0
4117,43954,0,0,0,0,0,0,0,0,0,0,0,0,0,0
4118,43954,0,0,0,0,0,0,0,0,0,0,0,0,0,0
4119,43954,0,0,0,0,0,0,0,0,0,0,0,0,0,0
4120,43954,0,0,0,0,0,0,0,0,0,0,0,0,0,0
4121,43954,0,0,0,0,0,0,0,0,0,0,0,0,0,0
4122,43954,0,0,0,0,0,0,0,0,0,0,0,0,0,0
4123,43954,0,0,0,0,0,0,0,0,0,0,0,0,0,0
4124,43954,0,0,0,0,0,0,0,0,0,0,0,0,0,0
4125,43954,0,0,0,0,0,0,0,0,0,0,0,0,0,0
4126,43954,0,0,0,0,0,0,0,0,0,0,0,0,0,0
4127,43954,0,0,0,0,0,0,0,0,0,0,0,0,0,0
4128,43954,0,0,0,0,0,0,0,0,0,0,0,0,0,0
4129,43954,0,0,0,0,0,0,0,0,0,0,0,0,0,0
4130,43954,0,0,0,0,0,0,0,0,0,0,0,0,0,0
4131,43954,0,0,0,0,0,0,0,0,0,0,0,0,0,0
4132,43954,0,0,0,0,0,0,0,0,0,0,0,0,0,0
4133,43954,0,0,0,0,0,0,0,0,0,0,0,0,0,0
4134,43954,0,0,0,0,0,0,0,0,0,0,0,0,0,0
4135,43954,0,0,0,0,0,0,0,0,0,0,0,0,0,0
4136,43954,0,0,0,0,0,0,0,0,0,0,0,0,0,0
4137,43954,0,0,0,0,0,0,0,0,0,0,0,0,0,0
4138,43954,0,0,0,0,0,0,0,0,0,0,0,0,0,0
4139,43954,0,0,0,0,0,0,0,0,0,0,0,0,0,0
4140,43954,0,0,0,0,0,0,0,0,0,0,0,0,0,0
4141,43954,0,0,0,0,0,0,0,0,0,0,0,0,0,0
4142,43954,0,0,0,0,0,0,0,0,0,0,0,0,0,0
4143,43954,0,0,0,0,0,0,0,0,0,0,0,0,0,0
4144,43954,0,0,0,0,0,0,0,0,0,0,0,0,0,0
4145,43954,0,0,0,0,0,0,0,0,0,0,0,0,0,0
4146,43954,0,0,0,0,0,0,0,0,0,0,0,0,0,0
4147,43954,0,0,0,0,0,0,0,0,0,0,0,0,0,0
4148,43954,0,0,0,0,0,0,0,0,0,0,0,0,0,0
4149,43954,0,0,0,0,0,0,0,0,0,0,0,0,0,0
4150,43954,0,0,0,0,0,0,0,0,0,0,0,0,0,0
4151,43954,0,0,0,0,0,0,0,0,0,0,0,0,0,0
4152,43954,0,0,0,0,0,0,0,0,0,0,0,0,0,0
4153,43954,0,0,0,0,0,0,0,0,0,0,0,0,0,0
4154,43954,0,0,0,0,0,0,0,0,0,0,0,0,0,0
4155,43954,0,0,0,0,0,0,0,0,0,0,0,0,0,0
4156,43954,0,0,0,0,0,0,0,0,0,0,0,0,0,0
4157,43954,0,0,0,0,0,0,0,0,0,0,0,0,0,0
4158,43954,0,0,0,0,0,0,0,0,0,0,0,0,0,0
4159,43954,0,0,0,0,0,0,0,0,0,0,0,0,0,0
4160,43954,0,0,0,0,0,0,0,0,0,0,0,0,0,0
4161,43954,0,0,0,0,0,0,0,0,0,0,0,0,0,0
4162,43954,0,0,0,0,0,0,0,0,0,0,0,0,0,0
4163,43954,0,0,0,0,0,0,0,0,0,0,0,0,0,0
4164,43954,0,0,0,0,0,0,0,0,0,0,0,0,0,0
4165,43954,0,0,0,0,0,0,0,0,0,0,0,0,0,0
4166,43954,0,0,0,0,0,0,0,0,0,0,0,0,0,0
4167,43954,0,0,0,0,0,0,0,0,0,0,0,0,0,0
4168,43954,0,0,0,0,0,0,0,0,0,0,0,0,0,0
4169,43954,0,0,0,0,0,0,0,0,0,0,0,0,0,0
4170,43954,0,0,0,0,0,0,0,0,0,0,0,0,0,0
4171,43954,0,0,0,0,0,0,0,0,0,0,0,0,0,0
4172,43954,0,0,0,0,0,0,0,0,0,0,0,0,0,0
4173,43954,0,0,0,0,0,0,0,0,0,0,0,0,0,0
4174,43954,0,0,0,0,0,0,0,0,0,0,0,0,0,0
4175,43954,0,0,0,0,0,0,0,0,0,0,0,0,0,0
4176,43954,0,0,0,0,0,0,0,0,0,0,0,0,0,0
4177,43954,0,0,0,0,0,0,0,0,0,0,0,0,0,0
4178,43954,0,0,0,0,0,0,0,0,0,0,0,0,0,0
4179,43954,0,0,0,0,0,0,0,0,0,0,0,0,0,0
4180,43954,0,0,0,0,0,0,0,0,0,0,0,0,0,0
4181,43954,0,0,0,0,0,0,0,0,0,0,0,0,0,0
4182,43954,0,0,0,0,0,0,0,0,0,0,0,0,0,0
4183,43954,0,0,0,0,0,0,0,0,0,0,0,0,0,0
4184,43954,0,0,0,0,0,0,0,0,0,0,0,0,0,0
4185,43954,0,0,0,0,0,0,0,0,0,0,0,0,0,0
4186,43954,0,0,0,0,0,0,0,0,0,0,0,0,0,0
4187,43954,0,0,0,0,0,0,0,0,0,0,0,0,0,0
4188,43954,0,0,0,0,0,0,0,0,0,0,0,0,0,0
4189,43954,0,0,0,0,0,0,0,0,0,0,0,0,0,0
4190,43954,0,0,0,0,0,0,0,0,0,0,0,0,0,0
4191,43954,0,0,0,0,0,0,0,0,0,0,0,0,0,0
4192,43954,0,0,0,0,0,0,0,0,0,0,0,0,0,0
4193,43954,0,0,0,0,0,0,0,0,0,0,0,0,0,0
4194,43954,0,0,0,0,0,0,0,0,0,0,0,0,0,0
4195,43954,0,0,0,0,0,0,0,0,0,0,0,0,0,0
4196,43954,0,0,0,0,0,0,0,0,0,0,0,0,0,0
4197,43954,0,0,0,0,0,0,0,0,0,0,0,0,0,0
4198,43954,0,0,0,0,0,0,0,0,0,0,0,0,0,0
4199,43954,0,0,0,0,0,0,0,0,0,0,0,0,0,0
4200,43954,0,0,0,0,0,0,0,0,0,0,0,0,0,0
4201,43954,0,0,0,0,0,0,0,0,0,0,0,0,0,0
4202,43954,0,0,0,0,0,0,0,0,0,0,0,0,0,0
4203,43954,0,0,0,0,0,0,0,0,0,0,0,0,0,0
4204,43954,0,0,0,0,0,0,0,0,0,0,0,0,0,0
4205,43954,0,0,0,0,0,0,0,0,0,0,0,0,0,0
4206,43954,0,0,0,0,0,0,0,0,0,0,0,0,0,0
4207,43954,0,0,0,0,0,0,0,0,0,0,0,0,0,0
4208,43954,0,0,0,0,0,0,0,0,0,0,0,0,0,0
4209,43954,0,0,0,0,0,0,0,0,0,0,0,0,0,0
4210,43954,0,0,0,0,0,0,0,0,0,0,0,0,0,0
4211,43954,0,0,0,0,0,0,0,0,0,0,0,0,0,0
4212,43954,0,0,0,0,0,0,0,0,0,0,0,0,0,0
4213,43954,0,0,0,0,0,0,0,0,0,0,0,0,0,0
4214,43954,0,0,0,0,0,0,0,0,0,0,0,0,0,0
4215,43954,0,0,0,0,0,0,0,0,0,0,0,0,0,0
4216,43954,0,0,0,0,0,0,0,0,0,0,0,0,0,0
4217,43954,0,0,0,0,0,0,0,0,0,0,0,0,0,0
4218,43954,0,0,0,0,0,0,0,0,0,0,0,0,0,0
4219,43954,0,0,0,0,0,0,0,0,0,0,0,0,0,0
4220,43954,0,0,0,0,0,0,0,0,0,0,0,0,0,0
4221,43954,0,0,0,0,0,0,0,0,0,0,0,0,0,0
4222,43954,0,0,0,0,0,0,0,0,0,0,0,0,0,0
4223,43954,0,0,0,0,0,0,0,0,0,0,0,0,0,0
4224,43954,0,0,0,0,0,0,0,0,0,0,0,0,0,0
4225,43954,0,0,0,0,0,0,0,0,0,0,0,0,0,0
4226,43954,0,0,0,0,0,0,0,0,0,0,0,0,0,0
4227,43954,0,0,0,0,0,0,0,0,0,0,0,0,0,0
4228,43954,0,0,0,0,0,0,0,0,0,0,0,0,0,0
4229,43954,0,0,0,0,0,0,0,0,0,0,0,0,0,0
4230,43954,0,0,0,0,0,0,0,0,0,0,0,0,0,0
4231,43954,0,0,0,0,0,0,0,0,0,0,0,0,0,0
4232,43954,0,0,0,0,0,0,0,0,0,0,0,0,0,0
4233,43954,0,0,0,0,0,0,0,0,0,0,0,0,0,0
4234,43954,0,0,0,0,0,0,0,0,0,0,0,0,0,0
4235,43954,0,0,0,0,0,0,0,0,0,0,0,0,0,0
4236,43954,0,0,0,0,0,0,0,0,0,0,0,0,0,0
4237,43954,0,0,0,0,0,0,0,0,0,0,0,0,0,0
4238,43954,0,0,0,0,0,0,0,0,0,0,0,0,0,0
4239,43954,0,0,0,0,0,0,0,0,0,0,0,0,0,0
4240,43954,0,0,0,0,0,0,0,0,0,0,0,0,0,0
4241,43954,0,0,0,0,0,0,0,0,0,0,0,0,0,0
4242,43954,0,0,0,0,0,0,0,0,0,0,0,0,0,0
4243,43954,0,0,0,0,0,0,0,0,0,0,0,0,0,0
4244,43954,0,0,0,0,0,0,0,0,0,0,0,0,0,0
4245,43954,0,0,0,0,0,0,0,0,0,0,0,0,0,0
4246,43954,0,0,0,0,0,0,0,0,0,0,0,0,0,0
4247,43954,0,0,0,0,0,0,0,0,0,0,0,0,0,0
4248,43954,0,0,0,0,0,0,0,0,0,0,0,0,0,0
4249,43954,0,0,0,0,0,0,0,0,0,0,0,0,0,0
4250,43954,0,0,0,0,0,0,0,0,0,0,0,0,0,0
4251,43954,0,0,0,0,0,0,0,0,0,0,0,0,0,0
4252,43954,0,0,0,0,0,0,0,0,0,0,0,0,0,0
4253,43954,0,0,0,0,0,0,0,0,0,0,0,0,0,0
4254,43954,0,0,0,0,0,0,0,0,0,0,0,0,0,0
4255,43954,0,0,0,0,0,0,0,0,0,0,0,0,0,0
4256,43954,0,0,0,0,0,0,0,0,0,0,0,0,0,0
4257,43954,0,0,0,0,0,0,0,0,0,0,0,0,0,0
4258,43954,0,0,0,0,0,0,0,0,0,0,0,0,0,0
4259,43954,0,0,0,0,0,0,0,0,0,0,0,0,0,0
4260,43954,0,0,0,0,0,0,0,0,0,0,0,0,0,0
4261,43954,0,0,0,0,0,0,0,0,0,0,0,0,0,0
4262,43954,0,0,0,0,0,0,0,0,0,0,0,0,0,0
4263,43954,0,0,0,0,0,0,0,0,0,0,0,0,0,0
4264,43954,0,0,0,0,0,0,0,0,0,0,0,0,0,0
4265,43954,0,0,0,0,0,0,0,0,0,0,0,0,0,0
4266,43954,0,0,0,0,0,0,0,0,0,0,0,0,0,0
4267,43954,0,0,0,0,0,0,0,0,0,0,0,0,0,0
4268,43954,0,0,0,0,0,0,0,0,0,0,0,0,0,0
4269,43954,0,0,0,0,0,0,0,0,0,0,0,0,0,0
4270,43954,0,0,0,0,0,0,0,0,0,0,0,0,0,0
4271,43954,0,0,0,0,0,0,0,0,0,0,0,0,0,0
4272,43954,0,0,0,0,0,0,0,0,0,0,0,0,0,0
4273,43954,0,0,0,0,0,0,0,0,0,0,0,0,0,0
4274,43954,0,0,0,0,0,0,0,0,0,0,0,0,0,0
4275,43954,0,0,0,0,0,0,0,0,0,0,0,0,0,0
4276,43954,0,0,0,0,0,0,0,0,0,0,0,0,0,0
4277,43954,0,0,0,0,0,0,0,0,0,0,0,0,0,0
4278,43954,0,0,0,0,0,0,0,0,0,0,0,0,0,0
4279,43954,0,0,0,0,0,0,0,0,0,0,0,0,0,0
4280,43954,0,0,0,0,0,0,0,0,0,0,0,0,0,0
4281,43954,0,0,0,0,0,0,0,0,0,0,0,0,0,0
4282,43954,0,0,0,0,0,0,0,0,0,0,0,0,0,0
4283,43954,0,0,0,0,0,0,0,0,0,0,0,0,0,0
4284,43954,0,0,0,0,0,0,0,0,0,0,0,0,0,0
4285,43954,0,0,0,0,0,0,0,0,0,0,0,0,0,0
4286,43954,0,0,0,0,0,0,0,0,0,0,0,0,0,0
4287,43954,0,0,0,0,0,0,0,0,0,0,0,0,0,0
4288,43954,0,0,0,0,0,0,0,0,0,0,0,0,0,0
4289,43954,0,0,0,0,0,0,0,0,0,0,0,0,0,0
4290,43954,0,0,0,0,0,0,0,0,0,0,0,0,0,0
4291,43954,0,0,0,0,0,0,0,0,0,0,0,0,0,0
4292,43954,0,0,0,0,0,0,0,0,0,0,0,0,0,0
4293,43954,0,0,0,0,0,0,0,0,0,0,0,0,0,0
4294,43954,0,0,0,0,0,0,0,0,0,0,0,0,0,0
4295,43954,0,0,0,0,0,0,0,0,0,0,0,0,0,0
4296,43954,0,0,0,0,0,0,0,0,0,0,0,0,0,0
4297,43954,0,0,0,0,0,0,0,0,0,0,0,0,0,0
4298,43954,0,0,0,0,0,0,0,0,0,0,0,0,0,0
4299,43954,0,0,0,0,0,0,0,0,0,0,0,0,0,0
4300,43954,0,0,0,0,0,0,0,0,0,0,0,0,0,0
4301,43954,0,0,0,0,0,0,0,0,0,0,0,0,0,0
4302,43954,0,0,0,0,0,0,0,0,0,0,0,0,0,0
4303,43954,0,0,0,0,0,0,0,0,0,0,0,0,0,0
4304,43954,0,0,0,0,0,0,0,0,0,0,0,0,0,0
4305,43954,0,0,0,0,0,0,0,0,0,0,0,0,0,0
4306,43954,0,0,0,0,0,0,0,0,0,0,0,0,0,0
4307,43954,0,0,0,0,0,0,0,0,0,0,0,0,0,0
