group,ipi_ms,metric,condition_id,baseline,perturbed,drop_percent
aPN1,15.0,peak_rate_hz,silence_vPN1,6.0,6.666666666666667,-11.111111111111116
aPN1,15.0,peak_rate_hz,cut_vPN1_to_pC1,6.0,6.0,0.0
aPN1,15.0,peak_rate_hz,cut_vPN1_to_other,6.0,6.666666666666667,-11.111111111111116
aPN1,15.0,peak_rate_hz,cut_vPN1_all_output,6.0,6.666666666666667,-11.111111111111116
aPN1,15.0,peak_rate_hz,silence_aPN1,6.0,0.0,100.0
aPN1,15.0,evoked_spikes_per_neuron_per_pulse,silence_vPN1,0.065,0.07166666666666667,-10.256410256410257
aPN1,15.0,evoked_spikes_per_neuron_per_pulse,cut_vPN1_to_pC1,0.065,0.07,-7.692307692307699
aPN1,15.0,evoked_spikes_per_neuron_per_pulse,cut_vPN1_to_other,0.065,0.07,-7.692307692307699
aPN1,15.0,evoked_spikes_per_neuron_per_pulse,cut_vPN1_all_output,0.065,0.07166666666666667,-10.256410256410257
aPN1,15.0,evoked_spikes_per_neuron_per_pulse,silence_aPN1,0.065,0.0,100.0
aPN1,25.0,peak_rate_hz,silence_vPN1,8.666666666666666,10.0,-15.384615384615394
aPN1,25.0,peak_rate_hz,cut_vPN1_to_pC1,8.666666666666666,10.0,-15.384615384615394
aPN1,25.0,peak_rate_hz,cut_vPN1_to_other,8.666666666666666,10.0,-15.384615384615394
aPN1,25.0,peak_rate_hz,cut_vPN1_all_output,8.666666666666666,10.0,-15.384615384615394
aPN1,25.0,peak_rate_hz,silence_aPN1,8.666666666666666,0.0,100.0
aPN1,25.0,evoked_spikes_per_neuron_per_pulse,silence_vPN1,0.13666666666666666,0.16333333333333333,-19.512195121951223
aPN1,25.0,evoked_spikes_per_neuron_per_pulse,cut_vPN1_to_pC1,0.13666666666666666,0.145,-6.097560975609755
aPN1,25.0,evoked_spikes_per_neuron_per_pulse,cut_vPN1_to_other,0.13666666666666666,0.15166666666666667,-10.97560975609757
aPN1,25.0,evoked_spikes_per_neuron_per_pulse,cut_vPN1_all_output,0.13666666666666666,0.16333333333333333,-19.512195121951223
aPN1,25.0,evoked_spikes_per_neuron_per_pulse,silence_aPN1,0.13666666666666666,0.0,100.0
aPN1,35.0,peak_rate_hz,silence_vPN1,9.333333333333334,10.0,-7.142857142857135
aPN1,35.0,peak_rate_hz,cut_vPN1_to_pC1,9.333333333333334,10.0,-7.142857142857135
aPN1,35.0,peak_rate_hz,cut_vPN1_to_other,9.333333333333334,10.0,-7.142857142857135
aPN1,35.0,peak_rate_hz,cut_vPN1_all_output,9.333333333333334,10.0,-7.142857142857135
aPN1,35.0,peak_rate_hz,silence_aPN1,9.333333333333334,0.0,100.0
aPN1,35.0,evoked_spikes_per_neuron_per_pulse,silence_vPN1,0.2733333333333333,0.29333333333333333,-7.317073170731714
aPN1,35.0,evoked_spikes_per_neuron_per_pulse,cut_vPN1_to_pC1,0.2733333333333333,0.2816666666666667,-3.048780487804888
aPN1,35.0,evoked_spikes_per_neuron_per_pulse,cut_vPN1_to_other,0.2733333333333333,0.245,10.365853658536581
aPN1,35.0,evoked_spikes_per_neuron_per_pulse,cut_vPN1_all_output,0.2733333333333333,0.29333333333333333,-7.317073170731714
aPN1,35.0,evoked_spikes_per_neuron_per_pulse,silence_aPN1,0.2733333333333333,0.0,100.0
aPN1,45.0,peak_rate_hz,silence_vPN1,12.0,12.0,0.0
aPN1,45.0,peak_rate_hz,cut_vPN1_to_pC1,12.0,12.0,0.0
aPN1,45.0,peak_rate_hz,cut_vPN1_to_other,12.0,12.0,0.0
aPN1,45.0,peak_rate_hz,cut_vPN1_all_output,12.0,12.0,0.0
aPN1,45.0,peak_rate_hz,silence_aPN1,12.0,0.0,100.0
aPN1,45.0,evoked_spikes_per_neuron_per_pulse,silence_vPN1,0.395,0.3983333333333333,-0.8438818565400757
aPN1,45.0,evoked_spikes_per_neuron_per_pulse,cut_vPN1_to_pC1,0.395,0.38666666666666666,2.1097046413502176
aPN1,45.0,evoked_spikes_per_neuron_per_pulse,cut_vPN1_to_other,0.395,0.38666666666666666,2.1097046413502176
aPN1,45.0,evoked_spikes_per_neuron_per_pulse,cut_vPN1_all_output,0.395,0.3983333333333333,-0.8438818565400757
aPN1,45.0,evoked_spikes_per_neuron_per_pulse,silence_aPN1,0.395,0.0,100.0
aPN1,55.0,peak_rate_hz,silence_vPN1,8.0,8.0,0.0
aPN1,55.0,peak_rate_hz,cut_vPN1_to_pC1,8.0,8.0,0.0
aPN1,55.0,peak_rate_hz,cut_vPN1_to_other,8.0,8.0,0.0
aPN1,55.0,peak_rate_hz,cut_vPN1_all_output,8.0,8.0,0.0
aPN1,55.0,peak_rate_hz,silence_aPN1,8.0,0.0,100.0
aPN1,55.0,evoked_spikes_per_neuron_per_pulse,silence_vPN1,0.4,0.3983333333333333,0.4166666666666763
aPN1,55.0,evoked_spikes_per_neuron_per_pulse,cut_vPN1_to_pC1,0.4,0.39666666666666667,0.8333333333333387
aPN1,55.0,evoked_spikes_per_neuron_per_pulse,cut_vPN1_to_other,0.4,0.3883333333333333,2.9166666666666785
aPN1,55.0,evoked_spikes_per_neuron_per_pulse,cut_vPN1_all_output,0.4,0.3983333333333333,0.4166666666666763
aPN1,55.0,evoked_spikes_per_neuron_per_pulse,silence_aPN1,0.4,0.0,100.0
aPN1,65.0,peak_rate_hz,silence_vPN1,8.0,8.0,0.0
aPN1,65.0,peak_rate_hz,cut_vPN1_to_pC1,8.0,8.0,0.0
aPN1,65.0,peak_rate_hz,cut_vPN1_to_other,8.0,8.0,0.0
aPN1,65.0,peak_rate_hz,cut_vPN1_all_output,8.0,8.0,0.0
aPN1,65.0,peak_rate_hz,silence_aPN1,8.0,0.0,100.0
aPN1,65.0,evoked_spikes_per_neuron_per_pulse,silence_vPN1,0.4,0.4,0.0
aPN1,65.0,evoked_spikes_per_neuron_per_pulse,cut_vPN1_to_pC1,0.4,0.4,0.0
aPN1,65.0,evoked_spikes_per_neuron_per_pulse,cut_vPN1_to_other,0.4,0.4,0.0
aPN1,65.0,evoked_spikes_per_neuron_per_pulse,cut_vPN1_all_output,0.4,0.4,0.0
aPN1,65.0,evoked_spikes_per_neuron_per_pulse,silence_aPN1,0.4,0.0,100.0
aPN1,75.0,peak_rate_hz,silence_vPN1,8.0,8.0,0.0
aPN1,75.0,peak_rate_hz,cut_vPN1_to_pC1,8.0,8.0,0.0
aPN1,75.0,peak_rate_hz,cut_vPN1_to_other,8.0,8.0,0.0
aPN1,75.0,peak_rate_hz,cut_vPN1_all_output,8.0,8.0,0.0
aPN1,75.0,peak_rate_hz,silence_aPN1,8.0,0.0,100.0
aPN1,75.0,evoked_spikes_per_neuron_per_pulse,silence_vPN1,0.4,0.4,0.0
aPN1,75.0,evoked_spikes_per_neuron_per_pulse,cut_vPN1_to_pC1,0.4,0.4,0.0
aPN1,75.0,evoked_spikes_per_neuron_per_pulse,cut_vPN1_to_other,0.4,0.37666666666666665,5.833333333333344
aPN1,75.0,evoked_spikes_per_neuron_per_pulse,cut_vPN1_all_output,0.4,0.4,0.0
aPN1,75.0,evoked_spikes_per_neuron_per_pulse,silence_aPN1,0.4,0.0,100.0
aPN1,85.0,peak_rate_hz,silence_vPN1,8.0,8.0,0.0
aPN1,85.0,peak_rate_hz,cut_vPN1_to_pC1,8.0,8.0,0.0
aPN1,85.0,peak_rate_hz,cut_vPN1_to_other,8.0,8.0,0.0
aPN1,85.0,peak_rate_hz,cut_vPN1_all_output,8.0,8.0,0.0
aPN1,85.0,peak_rate_hz,silence_aPN1,8.0,0.0,100.0
aPN1,85.0,evoked_spikes_per_neuron_per_pulse,silence_vPN1,0.395,0.395,0.0
aPN1,85.0,evoked_spikes_per_neuron_per_pulse,cut_vPN1_to_pC1,0.395,0.38666666666666666,2.1097046413502176
aPN1,85.0,evoked_spikes_per_neuron_per_pulse,cut_vPN1_to_other,0.395,0.385,2.531645569620255
aPN1,85.0,evoked_spikes_per_neuron_per_pulse,cut_vPN1_all_output,0.395,0.395,0.0
aPN1,85.0,evoked_spikes_per_neuron_per_pulse,silence_aPN1,0.395,0.0,100.0
aPN1,95.0,peak_rate_hz,silence_vPN1,8.0,8.0,0.0
aPN1,95.0,peak_rate_hz,cut_vPN1_to_pC1,8.0,8.0,0.0
aPN1,95.0,peak_rate_hz,cut_vPN1_to_other,8.0,8.0,0.0
aPN1,95.0,peak_rate_hz,cut_vPN1_all_output,8.0,8.0,0.0
aPN1,95.0,peak_rate_hz,silence_aPN1,8.0,0.0,100.0
aPN1,95.0,evoked_spikes_per_neuron_per_pulse,silence_vPN1,0.4,0.395,1.250000000000001
aPN1,95.0,evoked_spikes_per_neuron_per_pulse,cut_vPN1_to_pC1,0.4,0.3983333333333333,0.4166666666666763
aPN1,95.0,evoked_spikes_per_neuron_per_pulse,cut_vPN1_to_other,0.4,0.39666666666666667,0.8333333333333387
aPN1,95.0,evoked_spikes_per_neuron_per_pulse,cut_vPN1_all_output,0.4,0.395,1.250000000000001
aPN1,95.0,evoked_spikes_per_neuron_per_pulse,silence_aPN1,0.4,0.0,100.0
auditory_input,15.0,peak_rate_hz,silence_vPN1,70.0,70.0,0.0
auditory_input,15.0,peak_rate_hz,cut_vPN1_to_pC1,70.0,70.0,0.0
auditory_input,15.0,peak_rate_hz,cut_vPN1_to_other,70.0,70.0,0.0
auditory_input,15.0,peak_rate_hz,cut_vPN1_all_output,70.0,70.0,0.0
auditory_input,15.0,peak_rate_hz,silence_aPN1,70.0,70.0,0.0
auditory_input,15.0,evoked_spikes_per_neuron_per_pulse,silence_vPN1,1.0,1.0,0.0
auditory_input,15.0,evoked_spikes_per_neuron_per_pulse,cut_vPN1_to_pC1,1.0,1.0,0.0
auditory_input,15.0,evoked_spikes_per_neuron_per_pulse,cut_vPN1_to_other,1.0,1.0,0.0
auditory_input,15.0,evoked_spikes_per_neuron_per_pulse,cut_vPN1_all_output,1.0,1.0,0.0
auditory_input,15.0,evoked_spikes_per_neuron_per_pulse,silence_aPN1,1.0,1.0,0.0
auditory_input,25.0,peak_rate_hz,silence_vPN1,41.397849462365585,40.75268817204301,1.5584415584415487
auditory_input,25.0,peak_rate_hz,cut_vPN1_to_pC1,41.397849462365585,40.75268817204301,1.5584415584415487
auditory_input,25.0,peak_rate_hz,cut_vPN1_to_other,41.397849462365585,40.967741935483865,1.0389610389610382
auditory_input,25.0,peak_rate_hz,cut_vPN1_all_output,41.397849462365585,40.75268817204301,1.5584415584415487
auditory_input,25.0,peak_rate_hz,silence_aPN1,41.397849462365585,41.50537634408602,-0.2597402597402638
auditory_input,25.0,evoked_spikes_per_neuron_per_pulse,silence_vPN1,1.0,1.0,0.0
auditory_input,25.0,evoked_spikes_per_neuron_per_pulse,cut_vPN1_to_pC1,1.0,1.0,0.0
auditory_input,25.0,evoked_spikes_per_neuron_per_pulse,cut_vPN1_to_other,1.0,1.0,0.0
auditory_input,25.0,evoked_spikes_per_neuron_per_pulse,cut_vPN1_all_output,1.0,1.0,0.0
auditory_input,25.0,evoked_spikes_per_neuron_per_pulse,silence_aPN1,1.0,1.0,0.0
auditory_input,35.0,peak_rate_hz,silence_vPN1,29.999999999999996,29.999999999999996,0.0
auditory_input,35.0,peak_rate_hz,cut_vPN1_to_pC1,29.999999999999996,29.999999999999996,0.0
auditory_input,35.0,peak_rate_hz,cut_vPN1_to_other,29.999999999999996,29.999999999999996,0.0
auditory_input,35.0,peak_rate_hz,cut_vPN1_all_output,29.999999999999996,29.999999999999996,0.0
auditory_input,35.0,peak_rate_hz,silence_aPN1,29.999999999999996,29.999999999999996,0.0
auditory_input,35.0,evoked_spikes_per_neuron_per_pulse,silence_vPN1,1.0,1.0,0.0
auditory_input,35.0,evoked_spikes_per_neuron_per_pulse,cut_vPN1_to_pC1,1.0,1.0,0.0
auditory_input,35.0,evoked_spikes_per_neuron_per_pulse,cut_vPN1_to_other,1.0,1.0,0.0
auditory_input,35.0,evoked_spikes_per_neuron_per_pulse,cut_vPN1_all_output,1.0,1.0,0.0
auditory_input,35.0,evoked_spikes_per_neuron_per_pulse,silence_aPN1,1.0,1.0,0.0
auditory_input,45.0,peak_rate_hz,silence_vPN1,29.999999999999996,29.999999999999996,0.0
auditory_input,45.0,peak_rate_hz,cut_vPN1_to_pC1,29.999999999999996,29.999999999999996,0.0
auditory_input,45.0,peak_rate_hz,cut_vPN1_to_other,29.999999999999996,29.999999999999996,0.0
auditory_input,45.0,peak_rate_hz,cut_vPN1_all_output,29.999999999999996,29.999999999999996,0.0
auditory_input,45.0,peak_rate_hz,silence_aPN1,29.999999999999996,29.999999999999996,0.0
auditory_input,45.0,evoked_spikes_per_neuron_per_pulse,silence_vPN1,1.0,1.0,0.0
auditory_input,45.0,evoked_spikes_per_neuron_per_pulse,cut_vPN1_to_pC1,1.0,1.0,0.0
auditory_input,45.0,evoked_spikes_per_neuron_per_pulse,cut_vPN1_to_other,1.0,1.0,0.0
auditory_input,45.0,evoked_spikes_per_neuron_per_pulse,cut_vPN1_all_output,1.0,1.0,0.0
auditory_input,45.0,evoked_spikes_per_neuron_per_pulse,silence_aPN1,1.0,1.0,0.0
auditory_input,55.0,peak_rate_hz,silence_vPN1,20.0,20.0,0.0
auditory_input,55.0,peak_rate_hz,cut_vPN1_to_pC1,20.0,20.0,0.0
auditory_input,55.0,peak_rate_hz,cut_vPN1_to_other,20.0,20.0,0.0
auditory_input,55.0,peak_rate_hz,cut_vPN1_all_output,20.0,20.0,0.0
auditory_input,55.0,peak_rate_hz,silence_aPN1,20.0,20.0,0.0
auditory_input,55.0,evoked_spikes_per_neuron_per_pulse,silence_vPN1,1.0,1.0,0.0
auditory_input,55.0,evoked_spikes_per_neuron_per_pulse,cut_vPN1_to_pC1,1.0,1.0,0.0
auditory_input,55.0,evoked_spikes_per_neuron_per_pulse,cut_vPN1_to_other,1.0,1.0,0.0
auditory_input,55.0,evoked_spikes_per_neuron_per_pulse,cut_vPN1_all_output,1.0,1.0,0.0
auditory_input,55.0,evoked_spikes_per_neuron_per_pulse,silence_aPN1,1.0,1.0,0.0
auditory_input,65.0,peak_rate_hz,silence_vPN1,20.0,20.0,0.0
auditory_input,65.0,peak_rate_hz,cut_vPN1_to_pC1,20.0,20.0,0.0
auditory_input,65.0,peak_rate_hz,cut_vPN1_to_other,20.0,20.0,0.0
auditory_input,65.0,peak_rate_hz,cut_vPN1_all_output,20.0,20.0,0.0
auditory_input,65.0,peak_rate_hz,silence_aPN1,20.0,20.0,0.0
auditory_input,65.0,evoked_spikes_per_neuron_per_pulse,silence_vPN1,1.0,1.0,0.0
auditory_input,65.0,evoked_spikes_per_neuron_per_pulse,cut_vPN1_to_pC1,1.0,1.0,0.0
auditory_input,65.0,evoked_spikes_per_neuron_per_pulse,cut_vPN1_to_other,1.0,1.0,0.0
auditory_input,65.0,evoked_spikes_per_neuron_per_pulse,cut_vPN1_all_output,1.0,1.0,0.0
auditory_input,65.0,evoked_spikes_per_neuron_per_pulse,silence_aPN1,1.0,1.0,0.0
auditory_input,75.0,peak_rate_hz,silence_vPN1,20.0,20.0,0.0
auditory_input,75.0,peak_rate_hz,cut_vPN1_to_pC1,20.0,20.0,0.0
auditory_input,75.0,peak_rate_hz,cut_vPN1_to_other,20.0,20.0,0.0
auditory_input,75.0,peak_rate_hz,cut_vPN1_all_output,20.0,20.0,0.0
auditory_input,75.0,peak_rate_hz,silence_aPN1,20.0,20.0,0.0
auditory_input,75.0,evoked_spikes_per_neuron_per_pulse,silence_vPN1,1.0,1.0,0.0
auditory_input,75.0,evoked_spikes_per_neuron_per_pulse,cut_vPN1_to_pC1,1.0,1.0,0.0
auditory_input,75.0,evoked_spikes_per_neuron_per_pulse,cut_vPN1_to_other,1.0,1.0,0.0
auditory_input,75.0,evoked_spikes_per_neuron_per_pulse,cut_vPN1_all_output,1.0,1.0,0.0
auditory_input,75.0,evoked_spikes_per_neuron_per_pulse,silence_aPN1,1.0,1.0,0.0
auditory_input,85.0,peak_rate_hz,silence_vPN1,20.0,20.0,0.0
auditory_input,85.0,peak_rate_hz,cut_vPN1_to_pC1,20.0,20.0,0.0
auditory_input,85.0,peak_rate_hz,cut_vPN1_to_other,20.0,20.0,0.0
auditory_input,85.0,peak_rate_hz,cut_vPN1_all_output,20.0,20.0,0.0
auditory_input,85.0,peak_rate_hz,silence_aPN1,20.0,20.0,0.0
auditory_input,85.0,evoked_spikes_per_neuron_per_pulse,silence_vPN1,1.0,1.0,0.0
auditory_input,85.0,evoked_spikes_per_neuron_per_pulse,cut_vPN1_to_pC1,1.0,1.0,0.0
auditory_input,85.0,evoked_spikes_per_neuron_per_pulse,cut_vPN1_to_other,1.0,1.0,0.0
auditory_input,85.0,evoked_spikes_per_neuron_per_pulse,cut_vPN1_all_output,1.0,1.0,0.0
auditory_input,85.0,evoked_spikes_per_neuron_per_pulse,silence_aPN1,1.0,1.0,0.0
auditory_input,95.0,peak_rate_hz,silence_vPN1,20.0,20.0,0.0
auditory_input,95.0,peak_rate_hz,cut_vPN1_to_pC1,20.0,20.0,0.0
auditory_input,95.0,peak_rate_hz,cut_vPN1_to_other,20.0,20.0,0.0
auditory_input,95.0,peak_rate_hz,cut_vPN1_all_output,20.0,20.0,0.0
auditory_input,95.0,peak_rate_hz,silence_aPN1,20.0,20.0,0.0
auditory_input,95.0,evoked_spikes_per_neuron_per_pulse,silence_vPN1,1.0,1.0,0.0
auditory_input,95.0,evoked_spikes_per_neuron_per_pulse,cut_vPN1_to_pC1,1.0,1.0,0.0
auditory_input,95.0,evoked_spikes_per_neuron_per_pulse,cut_vPN1_to_other,1.0,1.0,0.0
auditory_input,95.0,evoked_spikes_per_neuron_per_pulse,cut_vPN1_all_output,1.0,1.0,0.0
auditory_input,95.0,evoked_spikes_per_neuron_per_pulse,silence_aPN1,1.0,1.0,0.0
pC1,15.0,peak_rate_hz,silence_vPN1,11.160714285714285,12.94642857142857,-15.999999999999993
pC1,15.0,peak_rate_hz,cut_vPN1_to_pC1,11.160714285714285,11.428571428571427,-2.3999999999999955
pC1,15.0,peak_rate_hz,cut_vPN1_to_other,11.160714285714285,12.857142857142856,-15.2
pC1,15.0,peak_rate_hz,cut_vPN1_all_output,11.160714285714285,12.94642857142857,-15.999999999999993
pC1,15.0,peak_rate_hz,silence_aPN1,11.160714285714285,12.589285714285714,-12.800000000000004
pC1,15.0,evoked_spikes_per_neuron_per_pulse,silence_vPN1,0.13638392857142856,0.11785714285714285,13.584288052373152
pC1,15.0,evoked_spikes_per_neuron_per_pulse,cut_vPN1_to_pC1,0.13638392857142856,0.1299107142857143,4.746317512274943
pC1,15.0,evoked_spikes_per_neuron_per_pulse,cut_vPN1_to_other,0.13638392857142856,0.11696428571428572,14.238952536824868
pC1,15.0,evoked_spikes_per_neuron_per_pulse,cut_vPN1_all_output,0.13638392857142856,0.11785714285714285,13.584288052373152
pC1,15.0,evoked_spikes_per_neuron_per_pulse,silence_aPN1,0.13638392857142856,0.12075892857142857,11.456628477905065
pC1,25.0,peak_rate_hz,silence_vPN1,13.035714285714285,13.660714285714285,-4.794520547945206
pC1,25.0,peak_rate_hz,cut_vPN1_to_pC1,13.035714285714285,11.964285714285714,8.219178082191778
pC1,25.0,peak_rate_hz,cut_vPN1_to_other,13.035714285714285,13.303571428571427,-2.0547945205479414
pC1,25.0,peak_rate_hz,cut_vPN1_all_output,13.035714285714285,13.660714285714285,-4.794520547945206
pC1,25.0,peak_rate_hz,silence_aPN1,13.035714285714285,15.89285714285714,-21.917808219178077
pC1,25.0,evoked_spikes_per_neuron_per_pulse,silence_vPN1,0.22767857142857142,0.26941964285714287,-18.333333333333343
pC1,25.0,evoked_spikes_per_neuron_per_pulse,cut_vPN1_to_pC1,0.22767857142857142,0.18705357142857143,17.843137254901958
pC1,25.0,evoked_spikes_per_neuron_per_pulse,cut_vPN1_to_other,0.22767857142857142,0.26160714285714287,-14.901960784313733
pC1,25.0,evoked_spikes_per_neuron_per_pulse,cut_vPN1_all_output,0.22767857142857142,0.26941964285714287,-18.333333333333343
pC1,25.0,evoked_spikes_per_neuron_per_pulse,silence_aPN1,0.22767857142857142,0.27566964285714285,-21.07843137254902
pC1,35.0,peak_rate_hz,silence_vPN1,13.124999999999998,15.178571428571427,-15.646258503401365
pC1,35.0,peak_rate_hz,cut_vPN1_to_pC1,13.124999999999998,14.19642857142857,-8.163265306122447
pC1,35.0,peak_rate_hz,cut_vPN1_to_other,13.124999999999998,15.089285714285714,-14.965986394557833
pC1,35.0,peak_rate_hz,cut_vPN1_all_output,13.124999999999998,15.178571428571427,-15.646258503401365
pC1,35.0,peak_rate_hz,silence_aPN1,13.124999999999998,13.660714285714285,-4.081632653061231
pC1,35.0,evoked_spikes_per_neuron_per_pulse,silence_vPN1,0.3872767857142857,0.37254464285714284,3.804034582132566
pC1,35.0,evoked_spikes_per_neuron_per_pulse,cut_vPN1_to_pC1,0.3872767857142857,0.3796875,1.9596541786743447
pC1,35.0,evoked_spikes_per_neuron_per_pulse,cut_vPN1_to_other,0.3872767857142857,0.3386160714285714,12.564841498559076
pC1,35.0,evoked_spikes_per_neuron_per_pulse,cut_vPN1_all_output,0.3872767857142857,0.37254464285714284,3.804034582132566
pC1,35.0,evoked_spikes_per_neuron_per_pulse,silence_aPN1,0.3872767857142857,0.3424107142857143,11.585014409221897
pC1,45.0,peak_rate_hz,silence_vPN1,14.107142857142856,16.517857142857142,-17.088607594936715
pC1,45.0,peak_rate_hz,cut_vPN1_to_pC1,14.107142857142856,14.642857142857142,-3.7974683544303853
pC1,45.0,peak_rate_hz,cut_vPN1_to_other,14.107142857142856,16.25,-15.18987341772153
pC1,45.0,peak_rate_hz,cut_vPN1_all_output,14.107142857142856,16.517857142857142,-17.088607594936715
pC1,45.0,peak_rate_hz,silence_aPN1,14.107142857142856,14.285714285714285,-1.2658227848101284
pC1,45.0,evoked_spikes_per_neuron_per_pulse,silence_vPN1,0.4263392857142857,0.49174107142857143,-15.34031413612566
pC1,45.0,evoked_spikes_per_neuron_per_pulse,cut_vPN1_to_pC1,0.4263392857142857,0.4167410714285714,2.2513089005235587
pC1,45.0,evoked_spikes_per_neuron_per_pulse,cut_vPN1_to_other,0.4263392857142857,0.4234375,0.6806282722513
pC1,45.0,evoked_spikes_per_neuron_per_pulse,cut_vPN1_all_output,0.4263392857142857,0.49174107142857143,-15.34031413612566
pC1,45.0,evoked_spikes_per_neuron_per_pulse,silence_aPN1,0.4263392857142857,0.359375,15.706806282722509
pC1,55.0,peak_rate_hz,silence_vPN1,11.071428571428571,11.696428571428571,-5.645161290322581
pC1,55.0,peak_rate_hz,cut_vPN1_to_pC1,11.071428571428571,10.357142857142856,6.451612903225816
pC1,55.0,peak_rate_hz,cut_vPN1_to_other,11.071428571428571,12.589285714285714,-13.709677419354833
pC1,55.0,peak_rate_hz,cut_vPN1_all_output,11.071428571428571,11.696428571428571,-5.645161290322581
pC1,55.0,peak_rate_hz,silence_aPN1,11.071428571428571,9.910714285714285,10.483870967741941
pC1,55.0,evoked_spikes_per_neuron_per_pulse,silence_vPN1,0.47433035714285715,0.45267857142857143,4.564705882352943
pC1,55.0,evoked_spikes_per_neuron_per_pulse,cut_vPN1_to_pC1,0.47433035714285715,0.4450892857142857,6.164705882352949
pC1,55.0,evoked_spikes_per_neuron_per_pulse,cut_vPN1_to_other,0.47433035714285715,0.42924107142857143,9.505882352941178
pC1,55.0,evoked_spikes_per_neuron_per_pulse,cut_vPN1_all_output,0.47433035714285715,0.45267857142857143,4.564705882352943
pC1,55.0,evoked_spikes_per_neuron_per_pulse,silence_aPN1,0.47433035714285715,0.4375,7.764705882352943
pC1,65.0,peak_rate_hz,silence_vPN1,12.142857142857142,12.053571428571427,0.7352941176470672
pC1,65.0,peak_rate_hz,cut_vPN1_to_pC1,12.142857142857142,11.607142857142856,4.4117647058823595
pC1,65.0,peak_rate_hz,cut_vPN1_to_other,12.142857142857142,11.339285714285714,6.6176470588235325
pC1,65.0,peak_rate_hz,cut_vPN1_all_output,12.142857142857142,12.053571428571427,0.7352941176470672
pC1,65.0,peak_rate_hz,silence_aPN1,12.142857142857142,12.410714285714285,-2.205882352941172
pC1,65.0,evoked_spikes_per_neuron_per_pulse,silence_vPN1,0.5191964285714286,0.5125,1.2897678417884841
pC1,65.0,evoked_spikes_per_neuron_per_pulse,cut_vPN1_to_pC1,0.5191964285714286,0.5178571428571429,0.257953568357684
pC1,65.0,evoked_spikes_per_neuron_per_pulse,cut_vPN1_to_other,0.5191964285714286,0.5140625,0.988822012037835
pC1,65.0,evoked_spikes_per_neuron_per_pulse,cut_vPN1_all_output,0.5191964285714286,0.5125,1.2897678417884841
pC1,65.0,evoked_spikes_per_neuron_per_pulse,silence_aPN1,0.5191964285714286,0.5162946428571429,0.5588993981083332
pC1,75.0,peak_rate_hz,silence_vPN1,11.517857142857142,12.053571428571427,-4.651162790697666
pC1,75.0,peak_rate_hz,cut_vPN1_to_pC1,11.517857142857142,12.142857142857142,-5.426356589147287
pC1,75.0,peak_rate_hz,cut_vPN1_to_other,11.517857142857142,11.607142857142856,-0.7751937984496058
pC1,75.0,peak_rate_hz,cut_vPN1_all_output,11.517857142857142,12.053571428571427,-4.651162790697666
pC1,75.0,peak_rate_hz,silence_aPN1,11.517857142857142,12.053571428571427,-4.651162790697666
pC1,75.0,evoked_spikes_per_neuron_per_pulse,silence_vPN1,0.5151785714285714,0.5339285714285714,-3.6395147313691596
pC1,75.0,evoked_spikes_per_neuron_per_pulse,cut_vPN1_to_pC1,0.5151785714285714,0.5109375,0.8232235701906222
pC1,75.0,evoked_spikes_per_neuron_per_pulse,cut_vPN1_to_other,0.5151785714285714,0.45,12.651646447140369
pC1,75.0,evoked_spikes_per_neuron_per_pulse,cut_vPN1_all_output,0.5151785714285714,0.5339285714285714,-3.6395147313691596
pC1,75.0,evoked_spikes_per_neuron_per_pulse,silence_aPN1,0.5151785714285714,0.5555803571428571,-7.842287694974014
pC1,85.0,peak_rate_hz,silence_vPN1,11.607142857142856,11.428571428571427,1.5384615384615408
pC1,85.0,peak_rate_hz,cut_vPN1_to_pC1,11.607142857142856,11.071428571428571,4.615384615384607
pC1,85.0,peak_rate_hz,cut_vPN1_to_other,11.607142857142856,10.803571428571427,6.923076923076927
pC1,85.0,peak_rate_hz,cut_vPN1_all_output,11.607142857142856,11.428571428571427,1.5384615384615408
pC1,85.0,peak_rate_hz,silence_aPN1,11.607142857142856,11.696428571428571,-0.769230769230778
pC1,85.0,evoked_spikes_per_neuron_per_pulse,silence_vPN1,0.48660714285714285,0.48928571428571427,-0.5504587155963283
pC1,85.0,evoked_spikes_per_neuron_per_pulse,cut_vPN1_to_pC1,0.48660714285714285,0.47410714285714284,2.5688073394495436
pC1,85.0,evoked_spikes_per_neuron_per_pulse,cut_vPN1_to_other,0.48660714285714285,0.45357142857142857,6.788990825688072
pC1,85.0,evoked_spikes_per_neuron_per_pulse,cut_vPN1_all_output,0.48660714285714285,0.48928571428571427,-0.5504587155963283
pC1,85.0,evoked_spikes_per_neuron_per_pulse,silence_aPN1,0.48660714285714285,0.55,-13.027522935779828
pC1,95.0,peak_rate_hz,silence_vPN1,11.071428571428571,11.517857142857142,-4.032258064516127
pC1,95.0,peak_rate_hz,cut_vPN1_to_pC1,11.071428571428571,11.517857142857142,-4.032258064516127
pC1,95.0,peak_rate_hz,cut_vPN1_to_other,11.071428571428571,13.035714285714285,-17.74193548387096
pC1,95.0,peak_rate_hz,cut_vPN1_all_output,11.071428571428571,11.517857142857142,-4.032258064516127
pC1,95.0,peak_rate_hz,silence_aPN1,11.071428571428571,11.607142857142856,-4.838709677419346
pC1,95.0,evoked_spikes_per_neuron_per_pulse,silence_vPN1,0.49955357142857143,0.49910714285714286,0.08936550491510245
pC1,95.0,evoked_spikes_per_neuron_per_pulse,cut_vPN1_to_pC1,0.49955357142857143,0.5026785714285714,-0.6255585344057172
pC1,95.0,evoked_spikes_per_neuron_per_pulse,cut_vPN1_to_other,0.49955357142857143,0.49508928571428573,0.8936550491510246
pC1,95.0,evoked_spikes_per_neuron_per_pulse,cut_vPN1_all_output,0.49955357142857143,0.49910714285714286,0.08936550491510245
pC1,95.0,evoked_spikes_per_neuron_per_pulse,silence_aPN1,0.49955357142857143,0.5372767857142857,-7.5513851653261845
pC1_direct_vPN1_recipient,15.0,peak_rate_hz,silence_vPN1,13.94736842105263,14.210526315789473,-1.8867924528301916
pC1_direct_vPN1_recipient,15.0,peak_rate_hz,cut_vPN1_to_pC1,13.94736842105263,15.789473684210526,-13.20754716981133
pC1_direct_vPN1_recipient,15.0,peak_rate_hz,cut_vPN1_to_other,13.94736842105263,15.526315789473683,-11.320754716981137
pC1_direct_vPN1_recipient,15.0,peak_rate_hz,cut_vPN1_all_output,13.94736842105263,14.210526315789473,-1.8867924528301916
pC1_direct_vPN1_recipient,15.0,peak_rate_hz,silence_aPN1,13.94736842105263,14.999999999999998,-7.547169811320754
pC1_direct_vPN1_recipient,15.0,evoked_spikes_per_neuron_per_pulse,silence_vPN1,0.1631578947368421,0.1361842105263158,16.53225806451613
pC1_direct_vPN1_recipient,15.0,evoked_spikes_per_neuron_per_pulse,cut_vPN1_to_pC1,0.1631578947368421,0.16907894736842105,-3.6290322580645102
pC1_direct_vPN1_recipient,15.0,evoked_spikes_per_neuron_per_pulse,cut_vPN1_to_other,0.1631578947368421,0.15328947368421053,6.048387096774195
pC1_direct_vPN1_recipient,15.0,evoked_spikes_per_neuron_per_pulse,cut_vPN1_all_output,0.1631578947368421,0.1361842105263158,16.53225806451613
pC1_direct_vPN1_recipient,15.0,evoked_spikes_per_neuron_per_pulse,silence_aPN1,0.1631578947368421,0.15855263157894736,2.822580645161299
pC1_direct_vPN1_recipient,25.0,peak_rate_hz,silence_vPN1,21.31578947368421,21.052631578947366,1.2345679012345698
pC1_direct_vPN1_recipient,25.0,peak_rate_hz,cut_vPN1_to_pC1,21.31578947368421,16.842105263157894,20.98765432098765
pC1_direct_vPN1_recipient,25.0,peak_rate_hz,cut_vPN1_to_other,21.31578947368421,20.0,6.172839506172831
pC1_direct_vPN1_recipient,25.0,peak_rate_hz,cut_vPN1_all_output,21.31578947368421,21.052631578947366,1.2345679012345698
pC1_direct_vPN1_recipient,25.0,peak_rate_hz,silence_aPN1,21.31578947368421,20.789473684210524,2.4691358024691397
pC1_direct_vPN1_recipient,25.0,evoked_spikes_per_neuron_per_pulse,silence_vPN1,0.33157894736842103,0.4006578947368421,-20.83333333333334
pC1_direct_vPN1_recipient,25.0,evoked_spikes_per_neuron_per_pulse,cut_vPN1_to_pC1,0.33157894736842103,0.2980263157894737,10.11904761904761
pC1_direct_vPN1_recipient,25.0,evoked_spikes_per_neuron_per_pulse,cut_vPN1_to_other,0.33157894736842103,0.3815789473684211,-15.079365079365093
pC1_direct_vPN1_recipient,25.0,evoked_spikes_per_neuron_per_pulse,cut_vPN1_all_output,0.33157894736842103,0.4006578947368421,-20.83333333333334
pC1_direct_vPN1_recipient,25.0,evoked_spikes_per_neuron_per_pulse,silence_aPN1,0.33157894736842103,0.3611842105263158,-8.92857142857143
pC1_direct_vPN1_recipient,35.0,peak_rate_hz,silence_vPN1,16.052631578947366,18.421052631578945,-14.754098360655737
pC1_direct_vPN1_recipient,35.0,peak_rate_hz,cut_vPN1_to_pC1,16.052631578947366,17.105263157894736,-6.557377049180338
pC1_direct_vPN1_recipient,35.0,peak_rate_hz,cut_vPN1_to_other,16.052631578947366,17.89473684210526,-11.475409836065568
pC1_direct_vPN1_recipient,35.0,peak_rate_hz,cut_vPN1_all_output,16.052631578947366,18.421052631578945,-14.754098360655737
pC1_direct_vPN1_recipient,35.0,peak_rate_hz,silence_aPN1,16.052631578947366,16.842105263157894,-4.918032786885253
pC1_direct_vPN1_recipient,35.0,evoked_spikes_per_neuron_per_pulse,silence_vPN1,0.4776315789473684,0.5,-4.683195592286505
pC1_direct_vPN1_recipient,35.0,evoked_spikes_per_neuron_per_pulse,cut_vPN1_to_pC1,0.4776315789473684,0.4868421052631579,-1.928374655647389
pC1_direct_vPN1_recipient,35.0,evoked_spikes_per_neuron_per_pulse,cut_vPN1_to_other,0.4776315789473684,0.4243421052631579,11.157024793388423
pC1_direct_vPN1_recipient,35.0,evoked_spikes_per_neuron_per_pulse,cut_vPN1_all_output,0.4776315789473684,0.5,-4.683195592286505
pC1_direct_vPN1_recipient,35.0,evoked_spikes_per_neuron_per_pulse,silence_aPN1,0.4776315789473684,0.4506578947368421,5.647382920110194
pC1_direct_vPN1_recipient,45.0,peak_rate_hz,silence_vPN1,16.31578947368421,18.94736842105263,-16.12903225806452
pC1_direct_vPN1_recipient,45.0,peak_rate_hz,cut_vPN1_to_pC1,16.31578947368421,18.684210526315788,-14.516129032258064
pC1_direct_vPN1_recipient,45.0,peak_rate_hz,cut_vPN1_to_other,16.31578947368421,17.63157894736842,-8.06451612903227
pC1_direct_vPN1_recipient,45.0,peak_rate_hz,cut_vPN1_all_output,16.31578947368421,18.94736842105263,-16.12903225806452
pC1_direct_vPN1_recipient,45.0,peak_rate_hz,silence_aPN1,16.31578947368421,17.105263157894736,-4.838709677419362
pC1_direct_vPN1_recipient,45.0,evoked_spikes_per_neuron_per_pulse,silence_vPN1,0.5006578947368421,0.5960526315789474,-19.053876478318013
pC1_direct_vPN1_recipient,45.0,evoked_spikes_per_neuron_per_pulse,cut_vPN1_to_pC1,0.5006578947368421,0.5230263157894737,-4.467805519053879
pC1_direct_vPN1_recipient,45.0,evoked_spikes_per_neuron_per_pulse,cut_vPN1_to_other,0.5006578947368421,0.5190789473684211,-3.679369250985557
pC1_direct_vPN1_recipient,45.0,evoked_spikes_per_neuron_per_pulse,cut_vPN1_all_output,0.5006578947368421,0.5960526315789474,-19.053876478318013
pC1_direct_vPN1_recipient,45.0,evoked_spikes_per_neuron_per_pulse,silence_aPN1,0.5006578947368421,0.4618421052631579,7.752956636005253
pC1_direct_vPN1_recipient,55.0,peak_rate_hz,silence_vPN1,11.578947368421051,13.421052631578947,-15.909090909090919
pC1_direct_vPN1_recipient,55.0,peak_rate_hz,cut_vPN1_to_pC1,11.578947368421051,11.31578947368421,2.272727272727261
pC1_direct_vPN1_recipient,55.0,peak_rate_hz,cut_vPN1_to_other,11.578947368421051,12.894736842105262,-11.363636363636367
pC1_direct_vPN1_recipient,55.0,peak_rate_hz,cut_vPN1_all_output,11.578947368421051,13.421052631578947,-15.909090909090919
pC1_direct_vPN1_recipient,55.0,peak_rate_hz,silence_aPN1,11.578947368421051,11.31578947368421,2.272727272727261
pC1_direct_vPN1_recipient,55.0,evoked_spikes_per_neuron_per_pulse,silence_vPN1,0.5013157894736842,0.5078947368421053,-1.3123359580052647
pC1_direct_vPN1_recipient,55.0,evoked_spikes_per_neuron_per_pulse,cut_vPN1_to_pC1,0.5013157894736842,0.5,0.26246719160103965
pC1_direct_vPN1_recipient,55.0,evoked_spikes_per_neuron_per_pulse,cut_vPN1_to_other,0.5013157894736842,0.45394736842105265,9.448818897637782
pC1_direct_vPN1_recipient,55.0,evoked_spikes_per_neuron_per_pulse,cut_vPN1_all_output,0.5013157894736842,0.5078947368421053,-1.3123359580052647
pC1_direct_vPN1_recipient,55.0,evoked_spikes_per_neuron_per_pulse,silence_aPN1,0.5013157894736842,0.5236842105263158,-4.461942257217851
pC1_direct_vPN1_recipient,65.0,peak_rate_hz,silence_vPN1,13.157894736842104,14.736842105263158,-12.000000000000005
pC1_direct_vPN1_recipient,65.0,peak_rate_hz,cut_vPN1_to_pC1,13.157894736842104,11.842105263157894,10.000000000000002
pC1_direct_vPN1_recipient,65.0,peak_rate_hz,cut_vPN1_to_other,13.157894736842104,12.63157894736842,4.000000000000006
pC1_direct_vPN1_recipient,65.0,peak_rate_hz,cut_vPN1_all_output,13.157894736842104,14.736842105263158,-12.000000000000005
pC1_direct_vPN1_recipient,65.0,peak_rate_hz,silence_aPN1,13.157894736842104,13.68421052631579,-4.000000000000006
pC1_direct_vPN1_recipient,65.0,evoked_spikes_per_neuron_per_pulse,silence_vPN1,0.5388157894736842,0.5657894736842105,-5.006105006104995
pC1_direct_vPN1_recipient,65.0,evoked_spikes_per_neuron_per_pulse,cut_vPN1_to_pC1,0.5388157894736842,0.5296052631578947,1.7094017094017249
pC1_direct_vPN1_recipient,65.0,evoked_spikes_per_neuron_per_pulse,cut_vPN1_to_other,0.5388157894736842,0.5486842105263158,-1.8315018315018217
pC1_direct_vPN1_recipient,65.0,evoked_spikes_per_neuron_per_pulse,cut_vPN1_all_output,0.5388157894736842,0.5657894736842105,-5.006105006104995
pC1_direct_vPN1_recipient,65.0,evoked_spikes_per_neuron_per_pulse,silence_aPN1,0.5388157894736842,0.5618421052631579,-4.273504273504271
pC1_direct_vPN1_recipient,75.0,peak_rate_hz,silence_vPN1,12.368421052631579,13.157894736842104,-6.382978723404251
pC1_direct_vPN1_recipient,75.0,peak_rate_hz,cut_vPN1_to_pC1,12.368421052631579,13.421052631578947,-8.510638297872338
pC1_direct_vPN1_recipient,75.0,peak_rate_hz,cut_vPN1_to_other,12.368421052631579,12.63157894736842,-2.127659574468074
pC1_direct_vPN1_recipient,75.0,peak_rate_hz,cut_vPN1_all_output,12.368421052631579,13.157894736842104,-6.382978723404251
pC1_direct_vPN1_recipient,75.0,peak_rate_hz,silence_aPN1,12.368421052631579,12.368421052631579,0.0
pC1_direct_vPN1_recipient,75.0,evoked_spikes_per_neuron_per_pulse,silence_vPN1,0.5394736842105263,0.5875,-8.902439024390247
pC1_direct_vPN1_recipient,75.0,evoked_spikes_per_neuron_per_pulse,cut_vPN1_to_pC1,0.5394736842105263,0.5342105263157895,0.975609756097564
pC1_direct_vPN1_recipient,75.0,evoked_spikes_per_neuron_per_pulse,cut_vPN1_to_other,0.5394736842105263,0.4934210526315789,8.536585365853664
pC1_direct_vPN1_recipient,75.0,evoked_spikes_per_neuron_per_pulse,cut_vPN1_all_output,0.5394736842105263,0.5875,-8.902439024390247
pC1_direct_vPN1_recipient,75.0,evoked_spikes_per_neuron_per_pulse,silence_aPN1,0.5394736842105263,0.5769736842105263,-6.9512195121951175
pC1_direct_vPN1_recipient,85.0,peak_rate_hz,silence_vPN1,11.842105263157894,13.421052631578947,-13.33333333333334
pC1_direct_vPN1_recipient,85.0,peak_rate_hz,cut_vPN1_to_pC1,11.842105263157894,12.368421052631579,-4.444444444444451
pC1_direct_vPN1_recipient,85.0,peak_rate_hz,cut_vPN1_to_other,11.842105263157894,11.842105263157894,0.0
pC1_direct_vPN1_recipient,85.0,peak_rate_hz,cut_vPN1_all_output,11.842105263157894,13.421052631578947,-13.33333333333334
pC1_direct_vPN1_recipient,85.0,peak_rate_hz,silence_aPN1,11.842105263157894,12.368421052631579,-4.444444444444451
pC1_direct_vPN1_recipient,85.0,evoked_spikes_per_neuron_per_pulse,silence_vPN1,0.5177631578947368,0.5736842105263158,-10.800508259212206
pC1_direct_vPN1_recipient,85.0,evoked_spikes_per_neuron_per_pulse,cut_vPN1_to_pC1,0.5177631578947368,0.5118421052631579,1.1435832274459956
pC1_direct_vPN1_recipient,85.0,evoked_spikes_per_neuron_per_pulse,cut_vPN1_to_other,0.5177631578947368,0.5171052631578947,0.1270648030495503
pC1_direct_vPN1_recipient,85.0,evoked_spikes_per_neuron_per_pulse,cut_vPN1_all_output,0.5177631578947368,0.5736842105263158,-10.800508259212206
pC1_direct_vPN1_recipient,85.0,evoked_spikes_per_neuron_per_pulse,silence_aPN1,0.5177631578947368,0.5848684210526316,-12.960609911054647
pC1_direct_vPN1_recipient,95.0,peak_rate_hz,silence_vPN1,11.578947368421051,13.157894736842104,-13.636363636363642
pC1_direct_vPN1_recipient,95.0,peak_rate_hz,cut_vPN1_to_pC1,11.578947368421051,13.421052631578947,-15.909090909090919
pC1_direct_vPN1_recipient,95.0,peak_rate_hz,cut_vPN1_to_other,11.578947368421051,16.57894736842105,-43.18181818181819
pC1_direct_vPN1_recipient,95.0,peak_rate_hz,cut_vPN1_all_output,11.578947368421051,13.157894736842104,-13.636363636363642
pC1_direct_vPN1_recipient,95.0,peak_rate_hz,silence_aPN1,11.578947368421051,12.63157894736842,-9.09090909090909
pC1_direct_vPN1_recipient,95.0,evoked_spikes_per_neuron_per_pulse,silence_vPN1,0.5203947368421052,0.5881578947368421,-13.021491782553733
pC1_direct_vPN1_recipient,95.0,evoked_spikes_per_neuron_per_pulse,cut_vPN1_to_pC1,0.5203947368421052,0.5440789473684211,-4.551201011378017
pC1_direct_vPN1_recipient,95.0,evoked_spikes_per_neuron_per_pulse,cut_vPN1_to_other,0.5203947368421052,0.55,-5.689001264222516
pC1_direct_vPN1_recipient,95.0,evoked_spikes_per_neuron_per_pulse,cut_vPN1_all_output,0.5203947368421052,0.5881578947368421,-13.021491782553733
pC1_direct_vPN1_recipient,95.0,evoked_spikes_per_neuron_per_pulse,silence_aPN1,0.5203947368421052,0.5743421052631579,-10.366624525916563
pC1_fruDsx:coexpress_high,15.0,peak_rate_hz,silence_vPN1,5.625,4.0625,27.77777777777778
pC1_fruDsx:coexpress_high,15.0,peak_rate_hz,cut_vPN1_to_pC1,5.625,3.75,33.333333333333336
pC1_fruDsx:coexpress_high,15.0,peak_rate_hz,cut_vPN1_to_other,5.625,4.6875,16.666666666666668
pC1_fruDsx:coexpress_high,15.0,peak_rate_hz,cut_vPN1_all_output,5.625,4.0625,27.77777777777778
pC1_fruDsx:coexpress_high,15.0,peak_rate_hz,silence_aPN1,5.625,5.625,0.0
pC1_fruDsx:coexpress_high,15.0,evoked_spikes_per_neuron_per_pulse,silence_vPN1,0.04375,0.02265625,48.214285714285715
pC1_fruDsx:coexpress_high,15.0,evoked_spikes_per_neuron_per_pulse,cut_vPN1_to_pC1,0.04375,0.0390625,10.714285714285708
pC1_fruDsx:coexpress_high,15.0,evoked_spikes_per_neuron_per_pulse,cut_vPN1_to_other,0.04375,0.0359375,17.857142857142858
pC1_fruDsx:coexpress_high,15.0,evoked_spikes_per_neuron_per_pulse,cut_vPN1_all_output,0.04375,0.02265625,48.214285714285715
pC1_fruDsx:coexpress_high,15.0,evoked_spikes_per_neuron_per_pulse,silence_aPN1,0.04375,0.05234375,-19.642857142857153
pC1_fruDsx:coexpress_high,25.0,peak_rate_hz,silence_vPN1,9.0625,8.4375,6.896551724137931
pC1_fruDsx:coexpress_high,25.0,peak_rate_hz,cut_vPN1_to_pC1,9.0625,7.1875,20.689655172413794
pC1_fruDsx:coexpress_high,25.0,peak_rate_hz,cut_vPN1_to_other,9.0625,8.75,3.4482758620689653
pC1_fruDsx:coexpress_high,25.0,peak_rate_hz,cut_vPN1_all_output,9.0625,8.4375,6.896551724137931
pC1_fruDsx:coexpress_high,25.0,peak_rate_hz,silence_aPN1,9.0625,9.6875,-6.896551724137931
pC1_fruDsx:coexpress_high,25.0,evoked_spikes_per_neuron_per_pulse,silence_vPN1,0.12421875,0.14453125,-16.35220125786163
pC1_fruDsx:coexpress_high,25.0,evoked_spikes_per_neuron_per_pulse,cut_vPN1_to_pC1,0.12421875,0.096875,22.0125786163522
pC1_fruDsx:coexpress_high,25.0,evoked_spikes_per_neuron_per_pulse,cut_vPN1_to_other,0.12421875,0.14921875,-20.12578616352202
pC1_fruDsx:coexpress_high,25.0,evoked_spikes_per_neuron_per_pulse,cut_vPN1_all_output,0.12421875,0.14453125,-16.35220125786163
pC1_fruDsx:coexpress_high,25.0,evoked_spikes_per_neuron_per_pulse,silence_aPN1,0.12421875,0.146875,-18.238993710691826
pC1_fruDsx:coexpress_high,35.0,peak_rate_hz,silence_vPN1,6.5625,7.1875,-9.523809523809524
pC1_fruDsx:coexpress_high,35.0,peak_rate_hz,cut_vPN1_to_pC1,6.5625,7.1875,-9.523809523809524
pC1_fruDsx:coexpress_high,35.0,peak_rate_hz,cut_vPN1_to_other,6.5625,7.1875,-9.523809523809524
pC1_fruDsx:coexpress_high,35.0,peak_rate_hz,cut_vPN1_all_output,6.5625,7.1875,-9.523809523809524
pC1_fruDsx:coexpress_high,35.0,peak_rate_hz,silence_aPN1,6.5625,7.5,-14.285714285714286
pC1_fruDsx:coexpress_high,35.0,evoked_spikes_per_neuron_per_pulse,silence_vPN1,0.19453125,0.1859375,4.417670682730916
pC1_fruDsx:coexpress_high,35.0,evoked_spikes_per_neuron_per_pulse,cut_vPN1_to_pC1,0.19453125,0.1890625,2.811244979919676
pC1_fruDsx:coexpress_high,35.0,evoked_spikes_per_neuron_per_pulse,cut_vPN1_to_other,0.19453125,0.16953125,12.851405622489958
pC1_fruDsx:coexpress_high,35.0,evoked_spikes_per_neuron_per_pulse,cut_vPN1_all_output,0.19453125,0.1859375,4.417670682730916
pC1_fruDsx:coexpress_high,35.0,evoked_spikes_per_neuron_per_pulse,silence_aPN1,0.19453125,0.17265625,11.244979919678704
pC1_fruDsx:coexpress_high,45.0,peak_rate_hz,silence_vPN1,7.8125,9.0625,-16.0
pC1_fruDsx:coexpress_high,45.0,peak_rate_hz,cut_vPN1_to_pC1,7.8125,8.4375,-8.0
pC1_fruDsx:coexpress_high,45.0,peak_rate_hz,cut_vPN1_to_other,7.8125,8.75,-12.0
pC1_fruDsx:coexpress_high,45.0,peak_rate_hz,cut_vPN1_all_output,7.8125,9.0625,-16.0
pC1_fruDsx:coexpress_high,45.0,peak_rate_hz,silence_aPN1,7.8125,7.5,4.0
pC1_fruDsx:coexpress_high,45.0,evoked_spikes_per_neuron_per_pulse,silence_vPN1,0.21015625,0.2609375,-24.163568773234203
pC1_fruDsx:coexpress_high,45.0,evoked_spikes_per_neuron_per_pulse,cut_vPN1_to_pC1,0.21015625,0.22421875,-6.691449814126397
pC1_fruDsx:coexpress_high,45.0,evoked_spikes_per_neuron_per_pulse,cut_vPN1_to_other,0.21015625,0.225,-7.063197026022314
pC1_fruDsx:coexpress_high,45.0,evoked_spikes_per_neuron_per_pulse,cut_vPN1_all_output,0.21015625,0.2609375,-24.163568773234203
pC1_fruDsx:coexpress_high,45.0,evoked_spikes_per_neuron_per_pulse,silence_aPN1,0.21015625,0.178125,15.241635687732334
pC1_fruDsx:coexpress_high,55.0,peak_rate_hz,silence_vPN1,6.5625,9.6875,-47.61904761904762
pC1_fruDsx:coexpress_high,55.0,peak_rate_hz,cut_vPN1_to_pC1,6.5625,5.9375,9.523809523809524
pC1_fruDsx:coexpress_high,55.0,peak_rate_hz,cut_vPN1_to_other,6.5625,6.875,-4.761904761904762
pC1_fruDsx:coexpress_high,55.0,peak_rate_hz,cut_vPN1_all_output,6.5625,9.6875,-47.61904761904762
pC1_fruDsx:coexpress_high,55.0,peak_rate_hz,silence_aPN1,6.5625,5.3125,19.047619047619047
pC1_fruDsx:coexpress_high,55.0,evoked_spikes_per_neuron_per_pulse,silence_vPN1,0.25859375,0.25546875,1.2084592145015063
pC1_fruDsx:coexpress_high,55.0,evoked_spikes_per_neuron_per_pulse,cut_vPN1_to_pC1,0.25859375,0.23984375,7.25075528700907
pC1_fruDsx:coexpress_high,55.0,evoked_spikes_per_neuron_per_pulse,cut_vPN1_to_other,0.25859375,0.22890625,11.480362537764352
pC1_fruDsx:coexpress_high,55.0,evoked_spikes_per_neuron_per_pulse,cut_vPN1_all_output,0.25859375,0.25546875,1.2084592145015063
pC1_fruDsx:coexpress_high,55.0,evoked_spikes_per_neuron_per_pulse,silence_aPN1,0.25859375,0.21484375,16.91842900302115
pC1_fruDsx:coexpress_high,65.0,peak_rate_hz,silence_vPN1,6.5625,7.1875,-9.523809523809524
pC1_fruDsx:coexpress_high,65.0,peak_rate_hz,cut_vPN1_to_pC1,6.5625,6.5625,0.0
pC1_fruDsx:coexpress_high,65.0,peak_rate_hz,cut_vPN1_to_other,6.5625,7.1875,-9.523809523809524
pC1_fruDsx:coexpress_high,65.0,peak_rate_hz,cut_vPN1_all_output,6.5625,7.1875,-9.523809523809524
pC1_fruDsx:coexpress_high,65.0,peak_rate_hz,silence_aPN1,6.5625,8.125,-23.80952380952381
pC1_fruDsx:coexpress_high,65.0,evoked_spikes_per_neuron_per_pulse,silence_vPN1,0.29296875,0.2953125,-0.7999999999999924
pC1_fruDsx:coexpress_high,65.0,evoked_spikes_per_neuron_per_pulse,cut_vPN1_to_pC1,0.29296875,0.29765625,-1.6000000000000039
pC1_fruDsx:coexpress_high,65.0,evoked_spikes_per_neuron_per_pulse,cut_vPN1_to_other,0.29296875,0.30546875,-4.26666666666667
pC1_fruDsx:coexpress_high,65.0,evoked_spikes_per_neuron_per_pulse,cut_vPN1_all_output,0.29296875,0.2953125,-0.7999999999999924
pC1_fruDsx:coexpress_high,65.0,evoked_spikes_per_neuron_per_pulse,silence_aPN1,0.29296875,0.30078125,-2.6666666666666665
pC1_fruDsx:coexpress_high,75.0,peak_rate_hz,silence_vPN1,6.25,7.5,-20.0
pC1_fruDsx:coexpress_high,75.0,peak_rate_hz,cut_vPN1_to_pC1,6.25,5.9375,5.0
pC1_fruDsx:coexpress_high,75.0,peak_rate_hz,cut_vPN1_to_other,6.25,6.5625,-5.0
pC1_fruDsx:coexpress_high,75.0,peak_rate_hz,cut_vPN1_all_output,6.25,7.5,-20.0
pC1_fruDsx:coexpress_high,75.0,peak_rate_hz,silence_aPN1,6.25,7.5,-20.0
pC1_fruDsx:coexpress_high,75.0,evoked_spikes_per_neuron_per_pulse,silence_vPN1,0.28671875,0.28828125,-0.5449591280653835
pC1_fruDsx:coexpress_high,75.0,evoked_spikes_per_neuron_per_pulse,cut_vPN1_to_pC1,0.28671875,0.28359375,1.0899182561308056
pC1_fruDsx:coexpress_high,75.0,evoked_spikes_per_neuron_per_pulse,cut_vPN1_to_other,0.28671875,0.259375,9.536784741144414
pC1_fruDsx:coexpress_high,75.0,evoked_spikes_per_neuron_per_pulse,cut_vPN1_all_output,0.28671875,0.28828125,-0.5449591280653835
pC1_fruDsx:coexpress_high,75.0,evoked_spikes_per_neuron_per_pulse,silence_aPN1,0.28671875,0.3375,-17.711171662125338
pC1_fruDsx:coexpress_high,85.0,peak_rate_hz,silence_vPN1,7.5,6.25,16.666666666666668
pC1_fruDsx:coexpress_high,85.0,peak_rate_hz,cut_vPN1_to_pC1,7.5,6.875,8.333333333333334
pC1_fruDsx:coexpress_high,85.0,peak_rate_hz,cut_vPN1_to_other,7.5,6.25,16.666666666666668
pC1_fruDsx:coexpress_high,85.0,peak_rate_hz,cut_vPN1_all_output,7.5,6.25,16.666666666666668
pC1_fruDsx:coexpress_high,85.0,peak_rate_hz,silence_aPN1,7.5,6.875,8.333333333333334
pC1_fruDsx:coexpress_high,85.0,evoked_spikes_per_neuron_per_pulse,silence_vPN1,0.2765625,0.2671875,3.3898305084745646
pC1_fruDsx:coexpress_high,85.0,evoked_spikes_per_neuron_per_pulse,cut_vPN1_to_pC1,0.2765625,0.28125,-1.6949152542372923
pC1_fruDsx:coexpress_high,85.0,evoked_spikes_per_neuron_per_pulse,cut_vPN1_to_other,0.2765625,0.2640625,4.51977401129944
pC1_fruDsx:coexpress_high,85.0,evoked_spikes_per_neuron_per_pulse,cut_vPN1_all_output,0.2765625,0.2671875,3.3898305084745646
pC1_fruDsx:coexpress_high,85.0,evoked_spikes_per_neuron_per_pulse,silence_aPN1,0.2765625,0.3203125,-15.819209039548026
pC1_fruDsx:coexpress_high,95.0,peak_rate_hz,silence_vPN1,6.5625,7.8125,-19.047619047619047
pC1_fruDsx:coexpress_high,95.0,peak_rate_hz,cut_vPN1_to_pC1,6.5625,8.125,-23.80952380952381
pC1_fruDsx:coexpress_high,95.0,peak_rate_hz,cut_vPN1_to_other,6.5625,7.5,-14.285714285714286
pC1_fruDsx:coexpress_high,95.0,peak_rate_hz,cut_vPN1_all_output,6.5625,7.8125,-19.047619047619047
pC1_fruDsx:coexpress_high,95.0,peak_rate_hz,silence_aPN1,6.5625,6.875,-4.761904761904762
pC1_fruDsx:coexpress_high,95.0,evoked_spikes_per_neuron_per_pulse,silence_vPN1,0.30625,0.29921875,2.295918367346953
pC1_fruDsx:coexpress_high,95.0,evoked_spikes_per_neuron_per_pulse,cut_vPN1_to_pC1,0.30625,0.31015625,-1.2755102040816326
pC1_fruDsx:coexpress_high,95.0,evoked_spikes_per_neuron_per_pulse,cut_vPN1_to_other,0.30625,0.3015625,1.5306122448979627
pC1_fruDsx:coexpress_high,95.0,evoked_spikes_per_neuron_per_pulse,cut_vPN1_all_output,0.30625,0.29921875,2.295918367346953
pC1_fruDsx:coexpress_high,95.0,evoked_spikes_per_neuron_per_pulse,silence_aPN1,0.30625,0.31796875,-3.826530612244898
pC1_fruDsx:coexpress_low,15.0,peak_rate_hz,silence_vPN1,14.848484848484848,16.96969696969697,-14.285714285714286
pC1_fruDsx:coexpress_low,15.0,peak_rate_hz,cut_vPN1_to_pC1,14.848484848484848,14.545454545454545,2.0408163265306105
pC1_fruDsx:coexpress_low,15.0,peak_rate_hz,cut_vPN1_to_other,14.848484848484848,14.545454545454545,2.0408163265306105
pC1_fruDsx:coexpress_low,15.0,peak_rate_hz,cut_vPN1_all_output,14.848484848484848,16.96969696969697,-14.285714285714286
pC1_fruDsx:coexpress_low,15.0,peak_rate_hz,silence_aPN1,14.848484848484848,14.545454545454545,2.0408163265306105
pC1_fruDsx:coexpress_low,15.0,evoked_spikes_per_neuron_per_pulse,silence_vPN1,0.1765151515151515,0.17424242424242425,1.287553648068662
pC1_fruDsx:coexpress_low,15.0,evoked_spikes_per_neuron_per_pulse,cut_vPN1_to_pC1,0.1765151515151515,0.1621212121212121,8.154506437768246
pC1_fruDsx:coexpress_low,15.0,evoked_spikes_per_neuron_per_pulse,cut_vPN1_to_other,0.1765151515151515,0.1431818181818182,18.884120171673814
pC1_fruDsx:coexpress_low,15.0,evoked_spikes_per_neuron_per_pulse,cut_vPN1_all_output,0.1765151515151515,0.17424242424242425,1.287553648068662
pC1_fruDsx:coexpress_low,15.0,evoked_spikes_per_neuron_per_pulse,silence_aPN1,0.1765151515151515,0.1431818181818182,18.884120171673814
pC1_fruDsx:coexpress_low,25.0,peak_rate_hz,silence_vPN1,12.727272727272727,12.727272727272727,0.0
pC1_fruDsx:coexpress_low,25.0,peak_rate_hz,cut_vPN1_to_pC1,12.727272727272727,11.212121212121211,11.904761904761909
pC1_fruDsx:coexpress_low,25.0,peak_rate_hz,cut_vPN1_to_other,12.727272727272727,12.727272727272727,0.0
pC1_fruDsx:coexpress_low,25.0,peak_rate_hz,cut_vPN1_all_output,12.727272727272727,12.727272727272727,0.0
pC1_fruDsx:coexpress_low,25.0,peak_rate_hz,silence_aPN1,12.727272727272727,13.939393939393938,-9.523809523809517
pC1_fruDsx:coexpress_low,25.0,evoked_spikes_per_neuron_per_pulse,silence_vPN1,0.19545454545454546,0.21818181818181817,-11.627906976744175
pC1_fruDsx:coexpress_low,25.0,evoked_spikes_per_neuron_per_pulse,cut_vPN1_to_pC1,0.19545454545454546,0.1318181818181818,32.55813953488373
pC1_fruDsx:coexpress_low,25.0,evoked_spikes_per_neuron_per_pulse,cut_vPN1_to_other,0.19545454545454546,0.23712121212121212,-21.317829457364336
pC1_fruDsx:coexpress_low,25.0,evoked_spikes_per_neuron_per_pulse,cut_vPN1_all_output,0.19545454545454546,0.21818181818181817,-11.627906976744175
pC1_fruDsx:coexpress_low,25.0,evoked_spikes_per_neuron_per_pulse,silence_aPN1,0.19545454545454546,0.25606060606060604,-31.00775193798448
pC1_fruDsx:coexpress_low,35.0,peak_rate_hz,silence_vPN1,10.606060606060606,12.121212121212121,-14.28571428571429
pC1_fruDsx:coexpress_low,35.0,peak_rate_hz,cut_vPN1_to_pC1,10.606060606060606,12.424242424242424,-17.142857142857146
pC1_fruDsx:coexpress_low,35.0,peak_rate_hz,cut_vPN1_to_other,10.606060606060606,11.818181818181817,-11.428571428571418
pC1_fruDsx:coexpress_low,35.0,peak_rate_hz,cut_vPN1_all_output,10.606060606060606,12.121212121212121,-14.28571428571429
pC1_fruDsx:coexpress_low,35.0,peak_rate_hz,silence_aPN1,10.606060606060606,12.121212121212121,-14.28571428571429
pC1_fruDsx:coexpress_low,35.0,evoked_spikes_per_neuron_per_pulse,silence_vPN1,0.29545454545454547,0.2681818181818182,9.230769230769234
pC1_fruDsx:coexpress_low,35.0,evoked_spikes_per_neuron_per_pulse,cut_vPN1_to_pC1,0.29545454545454547,0.2871212121212121,2.820512820512829
pC1_fruDsx:coexpress_low,35.0,evoked_spikes_per_neuron_per_pulse,cut_vPN1_to_other,0.29545454545454547,0.26590909090909093,9.999999999999998
pC1_fruDsx:coexpress_low,35.0,evoked_spikes_per_neuron_per_pulse,cut_vPN1_all_output,0.29545454545454547,0.2681818181818182,9.230769230769234
pC1_fruDsx:coexpress_low,35.0,evoked_spikes_per_neuron_per_pulse,silence_aPN1,0.29545454545454547,0.271969696969697,7.948717948717952
pC1_fruDsx:coexpress_low,45.0,peak_rate_hz,silence_vPN1,11.515151515151514,13.03030303030303,-13.15789473684211
pC1_fruDsx:coexpress_low,45.0,peak_rate_hz,cut_vPN1_to_pC1,11.515151515151514,10.909090909090908,5.263157894736838
pC1_fruDsx:coexpress_low,45.0,peak_rate_hz,cut_vPN1_to_other,11.515151515151514,13.636363636363635,-18.42105263157895
pC1_fruDsx:coexpress_low,45.0,peak_rate_hz,cut_vPN1_all_output,11.515151515151514,13.03030303030303,-13.15789473684211
pC1_fruDsx:coexpress_low,45.0,peak_rate_hz,silence_aPN1,11.515151515151514,12.424242424242424,-7.894736842105273
pC1_fruDsx:coexpress_low,45.0,evoked_spikes_per_neuron_per_pulse,silence_vPN1,0.32954545454545453,0.35833333333333334,-8.735632183908052
pC1_fruDsx:coexpress_low,45.0,evoked_spikes_per_neuron_per_pulse,cut_vPN1_to_pC1,0.32954545454545453,0.28939393939393937,12.183908045977013
pC1_fruDsx:coexpress_low,45.0,evoked_spikes_per_neuron_per_pulse,cut_vPN1_to_other,0.32954545454545453,0.3151515151515151,4.367816091954026
pC1_fruDsx:coexpress_low,45.0,evoked_spikes_per_neuron_per_pulse,cut_vPN1_all_output,0.32954545454545453,0.35833333333333334,-8.735632183908052
pC1_fruDsx:coexpress_low,45.0,evoked_spikes_per_neuron_per_pulse,silence_aPN1,0.32954545454545453,0.2734848484848485,17.011494252873558
pC1_fruDsx:coexpress_low,55.0,peak_rate_hz,silence_vPN1,9.09090909090909,9.696969696969695,-6.666666666666662
pC1_fruDsx:coexpress_low,55.0,peak_rate_hz,cut_vPN1_to_pC1,9.09090909090909,9.393939393939393,-3.333333333333331
pC1_fruDsx:coexpress_low,55.0,peak_rate_hz,cut_vPN1_to_other,9.09090909090909,11.818181818181817,-29.999999999999993
pC1_fruDsx:coexpress_low,55.0,peak_rate_hz,cut_vPN1_all_output,9.09090909090909,9.696969696969695,-6.666666666666662
pC1_fruDsx:coexpress_low,55.0,peak_rate_hz,silence_aPN1,9.09090909090909,10.303030303030303,-13.333333333333341
pC1_fruDsx:coexpress_low,55.0,evoked_spikes_per_neuron_per_pulse,silence_vPN1,0.396969696969697,0.38106060606060604,4.007633587786264
pC1_fruDsx:coexpress_low,55.0,evoked_spikes_per_neuron_per_pulse,cut_vPN1_to_pC1,0.396969696969697,0.37803030303030305,4.77099236641221
pC1_fruDsx:coexpress_low,55.0,evoked_spikes_per_neuron_per_pulse,cut_vPN1_to_other,0.396969696969697,0.37196969696969695,6.297709923664128
pC1_fruDsx:coexpress_low,55.0,evoked_spikes_per_neuron_per_pulse,cut_vPN1_all_output,0.396969696969697,0.38106060606060604,4.007633587786264
pC1_fruDsx:coexpress_low,55.0,evoked_spikes_per_neuron_per_pulse,silence_aPN1,0.396969696969697,0.39166666666666666,1.3358778625954215
pC1_fruDsx:coexpress_low,65.0,peak_rate_hz,silence_vPN1,10.909090909090908,9.696969696969695,11.111111111111118
pC1_fruDsx:coexpress_low,65.0,peak_rate_hz,cut_vPN1_to_pC1,10.909090909090908,10.909090909090908,0.0
pC1_fruDsx:coexpress_low,65.0,peak_rate_hz,cut_vPN1_to_other,10.909090909090908,10.0,8.333333333333325
pC1_fruDsx:coexpress_low,65.0,peak_rate_hz,cut_vPN1_all_output,10.909090909090908,9.696969696969695,11.111111111111118
pC1_fruDsx:coexpress_low,65.0,peak_rate_hz,silence_aPN1,10.909090909090908,10.606060606060606,2.7777777777777755
pC1_fruDsx:coexpress_low,65.0,evoked_spikes_per_neuron_per_pulse,silence_vPN1,0.43257575757575756,0.4,7.530647985989483
pC1_fruDsx:coexpress_low,65.0,evoked_spikes_per_neuron_per_pulse,cut_vPN1_to_pC1,0.43257575757575756,0.44166666666666665,-2.1015761821366032
pC1_fruDsx:coexpress_low,65.0,evoked_spikes_per_neuron_per_pulse,cut_vPN1_to_other,0.43257575757575756,0.4166666666666667,3.677758318739046
pC1_fruDsx:coexpress_low,65.0,evoked_spikes_per_neuron_per_pulse,cut_vPN1_all_output,0.43257575757575756,0.4,7.530647985989483
pC1_fruDsx:coexpress_low,65.0,evoked_spikes_per_neuron_per_pulse,silence_aPN1,0.43257575757575756,0.44772727272727275,-3.5026269702276807
pC1_fruDsx:coexpress_low,75.0,peak_rate_hz,silence_vPN1,10.303030303030303,10.606060606060606,-2.941176470588233
pC1_fruDsx:coexpress_low,75.0,peak_rate_hz,cut_vPN1_to_pC1,10.303030303030303,11.515151515151514,-11.764705882352931
pC1_fruDsx:coexpress_low,75.0,peak_rate_hz,cut_vPN1_to_other,10.303030303030303,9.696969696969695,5.8823529411764826
pC1_fruDsx:coexpress_low,75.0,peak_rate_hz,cut_vPN1_all_output,10.303030303030303,10.606060606060606,-2.941176470588233
pC1_fruDsx:coexpress_low,75.0,peak_rate_hz,silence_aPN1,10.303030303030303,10.606060606060606,-2.941176470588233
pC1_fruDsx:coexpress_low,75.0,evoked_spikes_per_neuron_per_pulse,silence_vPN1,0.4303030303030303,0.4462121212121212,-3.697183098591554
pC1_fruDsx:coexpress_low,75.0,evoked_spikes_per_neuron_per_pulse,cut_vPN1_to_pC1,0.4303030303030303,0.4356060606060606,-1.2323943661971846
pC1_fruDsx:coexpress_low,75.0,evoked_spikes_per_neuron_per_pulse,cut_vPN1_to_other,0.4303030303030303,0.3712121212121212,13.732394366197182
pC1_fruDsx:coexpress_low,75.0,evoked_spikes_per_neuron_per_pulse,cut_vPN1_all_output,0.4303030303030303,0.4462121212121212,-3.697183098591554
pC1_fruDsx:coexpress_low,75.0,evoked_spikes_per_neuron_per_pulse,silence_aPN1,0.4303030303030303,0.4666666666666667,-8.450704225352116
pC1_fruDsx:coexpress_low,85.0,peak_rate_hz,silence_vPN1,10.0,9.09090909090909,9.0909090909091
pC1_fruDsx:coexpress_low,85.0,peak_rate_hz,cut_vPN1_to_pC1,10.0,10.606060606060606,-6.060606060606055
pC1_fruDsx:coexpress_low,85.0,peak_rate_hz,cut_vPN1_to_other,10.0,9.09090909090909,9.0909090909091
pC1_fruDsx:coexpress_low,85.0,peak_rate_hz,cut_vPN1_all_output,10.0,9.09090909090909,9.0909090909091
pC1_fruDsx:coexpress_low,85.0,peak_rate_hz,silence_aPN1,10.0,10.0,0.0
pC1_fruDsx:coexpress_low,85.0,evoked_spikes_per_neuron_per_pulse,silence_vPN1,0.4053030303030303,0.3712121212121212,8.41121495327102
pC1_fruDsx:coexpress_low,85.0,evoked_spikes_per_neuron_per_pulse,cut_vPN1_to_pC1,0.4053030303030303,0.4,1.308411214953259
pC1_fruDsx:coexpress_low,85.0,evoked_spikes_per_neuron_per_pulse,cut_vPN1_to_other,0.4053030303030303,0.3522727272727273,13.0841121495327
pC1_fruDsx:coexpress_low,85.0,evoked_spikes_per_neuron_per_pulse,cut_vPN1_all_output,0.4053030303030303,0.3712121212121212,8.41121495327102
pC1_fruDsx:coexpress_low,85.0,evoked_spikes_per_neuron_per_pulse,silence_aPN1,0.4053030303030303,0.46893939393939393,-15.70093457943926
pC1_fruDsx:coexpress_low,95.0,peak_rate_hz,silence_vPN1,10.303030303030303,9.696969696969695,5.8823529411764826
pC1_fruDsx:coexpress_low,95.0,peak_rate_hz,cut_vPN1_to_pC1,10.303030303030303,12.424242424242424,-20.58823529411765
pC1_fruDsx:coexpress_low,95.0,peak_rate_hz,cut_vPN1_to_other,10.303030303030303,11.515151515151514,-11.764705882352931
pC1_fruDsx:coexpress_low,95.0,peak_rate_hz,cut_vPN1_all_output,10.303030303030303,9.696969696969695,5.8823529411764826
pC1_fruDsx:coexpress_low,95.0,peak_rate_hz,silence_aPN1,10.303030303030303,10.0,2.941176470588233
pC1_fruDsx:coexpress_low,95.0,evoked_spikes_per_neuron_per_pulse,silence_vPN1,0.43106060606060603,0.36818181818181817,14.586994727592266
pC1_fruDsx:coexpress_low,95.0,evoked_spikes_per_neuron_per_pulse,cut_vPN1_to_pC1,0.43106060606060603,0.42727272727272725,0.8787346221441118
pC1_fruDsx:coexpress_low,95.0,evoked_spikes_per_neuron_per_pulse,cut_vPN1_to_other,0.43106060606060603,0.4053030303030303,5.975395430579965
pC1_fruDsx:coexpress_low,95.0,evoked_spikes_per_neuron_per_pulse,cut_vPN1_all_output,0.43106060606060603,0.36818181818181817,14.586994727592266
pC1_fruDsx:coexpress_low,95.0,evoked_spikes_per_neuron_per_pulse,silence_aPN1,0.43106060606060603,0.4537878787878788,-5.272407732864683
pC1_fruDsx:dsx_high,15.0,peak_rate_hz,silence_vPN1,14.390243902439027,16.585365853658537,-15.254237288135581
pC1_fruDsx:dsx_high,15.0,peak_rate_hz,cut_vPN1_to_pC1,14.390243902439027,14.390243902439027,0.0
pC1_fruDsx:dsx_high,15.0,peak_rate_hz,cut_vPN1_to_other,14.390243902439027,18.29268292682927,-27.118644067796595
pC1_fruDsx:dsx_high,15.0,peak_rate_hz,cut_vPN1_all_output,14.390243902439027,16.585365853658537,-15.254237288135581
pC1_fruDsx:dsx_high,15.0,peak_rate_hz,silence_aPN1,14.390243902439027,16.34146341463415,-13.559322033898303
pC1_fruDsx:dsx_high,15.0,evoked_spikes_per_neuron_per_pulse,silence_vPN1,0.174390243902439,0.1469512195121951,15.734265734265733
pC1_fruDsx:dsx_high,15.0,evoked_spikes_per_neuron_per_pulse,cut_vPN1_to_pC1,0.174390243902439,0.16585365853658537,4.8951048951048834
pC1_fruDsx:dsx_high,15.0,evoked_spikes_per_neuron_per_pulse,cut_vPN1_to_other,0.174390243902439,0.15609756097560976,10.489510489510485
pC1_fruDsx:dsx_high,15.0,evoked_spikes_per_neuron_per_pulse,cut_vPN1_all_output,0.174390243902439,0.1469512195121951,15.734265734265733
pC1_fruDsx:dsx_high,15.0,evoked_spikes_per_neuron_per_pulse,silence_aPN1,0.174390243902439,0.15609756097560976,10.489510489510485
pC1_fruDsx:dsx_high,25.0,peak_rate_hz,silence_vPN1,15.853658536585368,17.073170731707318,-7.692307692307687
pC1_fruDsx:dsx_high,25.0,peak_rate_hz,cut_vPN1_to_pC1,15.853658536585368,14.878048780487806,6.153846153846159
pC1_fruDsx:dsx_high,25.0,peak_rate_hz,cut_vPN1_to_other,15.853658536585368,15.853658536585368,0.0
pC1_fruDsx:dsx_high,25.0,peak_rate_hz,cut_vPN1_all_output,15.853658536585368,17.073170731707318,-7.692307692307687
pC1_fruDsx:dsx_high,25.0,peak_rate_hz,silence_aPN1,15.853658536585368,20.0,-26.15384615384614
pC1_fruDsx:dsx_high,25.0,evoked_spikes_per_neuron_per_pulse,silence_vPN1,0.2926829268292683,0.35365853658536583,-20.833333333333336
pC1_fruDsx:dsx_high,25.0,evoked_spikes_per_neuron_per_pulse,cut_vPN1_to_pC1,0.2926829268292683,0.27439024390243905,6.249999999999987
pC1_fruDsx:dsx_high,25.0,evoked_spikes_per_neuron_per_pulse,cut_vPN1_to_other,0.2926829268292683,0.31402439024390244,-7.291666666666673
pC1_fruDsx:dsx_high,25.0,evoked_spikes_per_neuron_per_pulse,cut_vPN1_all_output,0.2926829268292683,0.35365853658536583,-20.833333333333336
pC1_fruDsx:dsx_high,25.0,evoked_spikes_per_neuron_per_pulse,silence_aPN1,0.2926829268292683,0.3384146341463415,-15.625000000000016
pC1_fruDsx:dsx_high,35.0,peak_rate_hz,silence_vPN1,20.243902439024392,23.170731707317074,-14.457831325301198
pC1_fruDsx:dsx_high,35.0,peak_rate_hz,cut_vPN1_to_pC1,20.243902439024392,20.731707317073173,-2.4096385542168695
pC1_fruDsx:dsx_high,35.0,peak_rate_hz,cut_vPN1_to_other,20.243902439024392,22.926829268292686,-13.253012048192774
pC1_fruDsx:dsx_high,35.0,peak_rate_hz,cut_vPN1_all_output,20.243902439024392,23.170731707317074,-14.457831325301198
pC1_fruDsx:dsx_high,35.0,peak_rate_hz,silence_aPN1,20.243902439024392,19.02439024390244,6.0240963855421645
pC1_fruDsx:dsx_high,35.0,evoked_spikes_per_neuron_per_pulse,silence_vPN1,0.5646341463414634,0.5536585365853659,1.943844492440587
pC1_fruDsx:dsx_high,35.0,evoked_spikes_per_neuron_per_pulse,cut_vPN1_to_pC1,0.5646341463414634,0.5451219512195122,3.4557235421166146
pC1_fruDsx:dsx_high,35.0,evoked_spikes_per_neuron_per_pulse,cut_vPN1_to_other,0.5646341463414634,0.49085365853658536,13.066954643628502
pC1_fruDsx:dsx_high,35.0,evoked_spikes_per_neuron_per_pulse,cut_vPN1_all_output,0.5646341463414634,0.5536585365853659,1.943844492440587
pC1_fruDsx:dsx_high,35.0,evoked_spikes_per_neuron_per_pulse,silence_aPN1,0.5646341463414634,0.4865853658536585,13.822894168466517
pC1_fruDsx:dsx_high,45.0,peak_rate_hz,silence_vPN1,21.219512195121954,23.414634146341466,-10.344827586206897
pC1_fruDsx:dsx_high,45.0,peak_rate_hz,cut_vPN1_to_pC1,21.219512195121954,21.707317073170735,-2.2988505747126453
pC1_fruDsx:dsx_high,45.0,peak_rate_hz,cut_vPN1_to_other,21.219512195121954,23.170731707317074,-9.195402298850565
pC1_fruDsx:dsx_high,45.0,peak_rate_hz,cut_vPN1_all_output,21.219512195121954,23.414634146341466,-10.344827586206897
pC1_fruDsx:dsx_high,45.0,peak_rate_hz,silence_aPN1,21.219512195121954,21.463414634146343,-1.1494252873563144
pC1_fruDsx:dsx_high,45.0,evoked_spikes_per_neuron_per_pulse,silence_vPN1,0.6298780487804878,0.7128048780487805,-13.16553727008712
pC1_fruDsx:dsx_high,45.0,evoked_spikes_per_neuron_per_pulse,cut_vPN1_to_pC1,0.6298780487804878,0.6201219512195122,1.54888673765731
pC1_fruDsx:dsx_high,45.0,evoked_spikes_per_neuron_per_pulse,cut_vPN1_to_other,0.6298780487804878,0.6213414634146341,1.3552758954501465
pC1_fruDsx:dsx_high,45.0,evoked_spikes_per_neuron_per_pulse,cut_vPN1_all_output,0.6298780487804878,0.7128048780487805,-13.16553727008712
pC1_fruDsx:dsx_high,45.0,evoked_spikes_per_neuron_per_pulse,silence_aPN1,0.6298780487804878,0.5304878048780488,15.77928363988383
pC1_fruDsx:dsx_high,55.0,peak_rate_hz,silence_vPN1,15.121951219512196,16.097560975609756,-6.451612903225801
pC1_fruDsx:dsx_high,55.0,peak_rate_hz,cut_vPN1_to_pC1,15.121951219512196,14.878048780487806,1.6129032258064528
pC1_fruDsx:dsx_high,55.0,peak_rate_hz,cut_vPN1_to_other,15.121951219512196,16.34146341463415,-8.064516129032265
pC1_fruDsx:dsx_high,55.0,peak_rate_hz,cut_vPN1_all_output,15.121951219512196,16.097560975609756,-6.451612903225801
pC1_fruDsx:dsx_high,55.0,peak_rate_hz,silence_aPN1,15.121951219512196,14.146341463414636,6.451612903225801
pC1_fruDsx:dsx_high,55.0,evoked_spikes_per_neuron_per_pulse,silence_vPN1,0.6548780487804878,0.623780487804878,4.748603351955311
pC1_fruDsx:dsx_high,55.0,evoked_spikes_per_neuron_per_pulse,cut_vPN1_to_pC1,0.6548780487804878,0.6140243902439024,6.238361266294233
pC1_fruDsx:dsx_high,55.0,evoked_spikes_per_neuron_per_pulse,cut_vPN1_to_other,0.6548780487804878,0.5908536585365853,9.776536312849169
pC1_fruDsx:dsx_high,55.0,evoked_spikes_per_neuron_per_pulse,cut_vPN1_all_output,0.6548780487804878,0.623780487804878,4.748603351955311
pC1_fruDsx:dsx_high,55.0,evoked_spikes_per_neuron_per_pulse,silence_aPN1,0.6548780487804878,0.6140243902439024,6.238361266294233
pC1_fruDsx:dsx_high,65.0,peak_rate_hz,silence_vPN1,16.585365853658537,17.5609756097561,-5.8823529411764754
pC1_fruDsx:dsx_high,65.0,peak_rate_hz,cut_vPN1_to_pC1,16.585365853658537,15.609756097560977,5.882352941176466
pC1_fruDsx:dsx_high,65.0,peak_rate_hz,cut_vPN1_to_other,16.585365853658537,15.609756097560977,5.882352941176466
pC1_fruDsx:dsx_high,65.0,peak_rate_hz,cut_vPN1_all_output,16.585365853658537,17.5609756097561,-5.8823529411764754
pC1_fruDsx:dsx_high,65.0,peak_rate_hz,silence_aPN1,16.585365853658537,16.34146341463415,1.4705882352941082
pC1_fruDsx:dsx_high,65.0,evoked_spikes_per_neuron_per_pulse,silence_vPN1,0.7164634146341463,0.725,-1.1914893617021287
pC1_fruDsx:dsx_high,65.0,evoked_spikes_per_neuron_per_pulse,cut_vPN1_to_pC1,0.7164634146341463,0.7115853658536585,0.6808510638297879
pC1_fruDsx:dsx_high,65.0,evoked_spikes_per_neuron_per_pulse,cut_vPN1_to_other,0.7164634146341463,0.7109756097560975,0.7659574468085113
pC1_fruDsx:dsx_high,65.0,evoked_spikes_per_neuron_per_pulse,cut_vPN1_all_output,0.7164634146341463,0.725,-1.1914893617021287
pC1_fruDsx:dsx_high,65.0,evoked_spikes_per_neuron_per_pulse,silence_aPN1,0.7164634146341463,0.698780487804878,2.468085106382981
pC1_fruDsx:dsx_high,75.0,peak_rate_hz,silence_vPN1,15.853658536585368,17.31707317073171,-9.230769230769239
pC1_fruDsx:dsx_high,75.0,peak_rate_hz,cut_vPN1_to_pC1,15.853658536585368,17.31707317073171,-9.230769230769239
pC1_fruDsx:dsx_high,75.0,peak_rate_hz,cut_vPN1_to_other,15.853658536585368,15.121951219512196,4.615384615384619
pC1_fruDsx:dsx_high,75.0,peak_rate_hz,cut_vPN1_all_output,15.853658536585368,17.31707317073171,-9.230769230769239
pC1_fruDsx:dsx_high,75.0,peak_rate_hz,silence_aPN1,15.853658536585368,15.853658536585368,0.0
pC1_fruDsx:dsx_high,75.0,evoked_spikes_per_neuron_per_pulse,silence_vPN1,0.7091463414634146,0.7432926829268293,-4.8151332760103225
pC1_fruDsx:dsx_high,75.0,evoked_spikes_per_neuron_per_pulse,cut_vPN1_to_pC1,0.7091463414634146,0.7109756097560975,-0.25795356835769584
pC1_fruDsx:dsx_high,75.0,evoked_spikes_per_neuron_per_pulse,cut_vPN1_to_other,0.7091463414634146,0.6231707317073171,12.12381771281169
pC1_fruDsx:dsx_high,75.0,evoked_spikes_per_neuron_per_pulse,cut_vPN1_all_output,0.7091463414634146,0.7432926829268293,-4.8151332760103225
pC1_fruDsx:dsx_high,75.0,evoked_spikes_per_neuron_per_pulse,silence_aPN1,0.7091463414634146,0.7384146341463415,-4.127257093723133
pC1_fruDsx:dsx_high,85.0,peak_rate_hz,silence_vPN1,15.121951219512196,16.097560975609756,-6.451612903225801
pC1_fruDsx:dsx_high,85.0,peak_rate_hz,cut_vPN1_to_pC1,15.121951219512196,14.878048780487806,1.6129032258064528
pC1_fruDsx:dsx_high,85.0,peak_rate_hz,cut_vPN1_to_other,15.121951219512196,14.878048780487806,1.6129032258064528
pC1_fruDsx:dsx_high,85.0,peak_rate_hz,cut_vPN1_all_output,15.121951219512196,16.097560975609756,-6.451612903225801
pC1_fruDsx:dsx_high,85.0,peak_rate_hz,silence_aPN1,15.121951219512196,15.853658536585368,-4.838709677419359
pC1_fruDsx:dsx_high,85.0,evoked_spikes_per_neuron_per_pulse,silence_vPN1,0.6658536585365854,0.6951219512195121,-4.395604395604383
pC1_fruDsx:dsx_high,85.0,evoked_spikes_per_neuron_per_pulse,cut_vPN1_to_pC1,0.6658536585365854,0.6426829268292683,3.4798534798534826
pC1_fruDsx:dsx_high,85.0,evoked_spikes_per_neuron_per_pulse,cut_vPN1_to_other,0.6658536585365854,0.6402439024390244,3.8461538461538494
pC1_fruDsx:dsx_high,85.0,evoked_spikes_per_neuron_per_pulse,cut_vPN1_all_output,0.6658536585365854,0.6951219512195121,-4.395604395604383
pC1_fruDsx:dsx_high,85.0,evoked_spikes_per_neuron_per_pulse,silence_aPN1,0.6658536585365854,0.7329268292682927,-10.073260073260064
pC1_fruDsx:dsx_high,95.0,peak_rate_hz,silence_vPN1,13.658536585365855,16.097560975609756,-17.857142857142843
pC1_fruDsx:dsx_high,95.0,peak_rate_hz,cut_vPN1_to_pC1,13.658536585365855,14.634146341463415,-7.142857142857136
pC1_fruDsx:dsx_high,95.0,peak_rate_hz,cut_vPN1_to_other,13.658536585365855,17.5609756097561,-28.57142857142857
pC1_fruDsx:dsx_high,95.0,peak_rate_hz,cut_vPN1_all_output,13.658536585365855,16.097560975609756,-17.857142857142843
pC1_fruDsx:dsx_high,95.0,peak_rate_hz,silence_aPN1,13.658536585365855,15.121951219512196,-10.71428571428571
pC1_fruDsx:dsx_high,95.0,evoked_spikes_per_neuron_per_pulse,silence_vPN1,0.6621951219512195,0.7030487804878048,-6.169429097605882
pC1_fruDsx:dsx_high,95.0,evoked_spikes_per_neuron_per_pulse,cut_vPN1_to_pC1,0.6621951219512195,0.675,-1.9337016574585653
pC1_fruDsx:dsx_high,95.0,evoked_spikes_per_neuron_per_pulse,cut_vPN1_to_other,0.6621951219512195,0.6731707317073171,-1.657458563535913
pC1_fruDsx:dsx_high,95.0,evoked_spikes_per_neuron_per_pulse,cut_vPN1_all_output,0.6621951219512195,0.7030487804878048,-6.169429097605882
pC1_fruDsx:dsx_high,95.0,evoked_spikes_per_neuron_per_pulse,silence_aPN1,0.6621951219512195,0.7213414634146341,-8.931860036832402
pC1_fruDsx:dsx_low,15.0,peak_rate_hz,silence_vPN1,22.0,24.0,-9.090909090909092
pC1_fruDsx:dsx_low,15.0,peak_rate_hz,cut_vPN1_to_pC1,22.0,32.0,-45.45454545454545
pC1_fruDsx:dsx_low,15.0,peak_rate_hz,cut_vPN1_to_other,22.0,22.0,0.0
pC1_fruDsx:dsx_low,15.0,peak_rate_hz,cut_vPN1_all_output,22.0,24.0,-9.090909090909092
pC1_fruDsx:dsx_low,15.0,peak_rate_hz,silence_aPN1,22.0,24.0,-9.090909090909092
pC1_fruDsx:dsx_low,15.0,evoked_spikes_per_neuron_per_pulse,silence_vPN1,0.18,0.14,22.222222222222214
pC1_fruDsx:dsx_low,15.0,evoked_spikes_per_neuron_per_pulse,cut_vPN1_to_pC1,0.18,0.23,-27.77777777777779
pC1_fruDsx:dsx_low,15.0,evoked_spikes_per_neuron_per_pulse,cut_vPN1_to_other,0.18,0.165,8.333333333333327
pC1_fruDsx:dsx_low,15.0,evoked_spikes_per_neuron_per_pulse,cut_vPN1_all_output,0.18,0.14,22.222222222222214
pC1_fruDsx:dsx_low,15.0,evoked_spikes_per_neuron_per_pulse,silence_aPN1,0.18,0.145,19.444444444444446
pC1_fruDsx:dsx_low,25.0,peak_rate_hz,silence_vPN1,44.0,48.0,-9.090909090909092
pC1_fruDsx:dsx_low,25.0,peak_rate_hz,cut_vPN1_to_pC1,44.0,34.0,22.727272727272727
pC1_fruDsx:dsx_low,25.0,peak_rate_hz,cut_vPN1_to_other,44.0,54.0,-22.727272727272727
pC1_fruDsx:dsx_low,25.0,peak_rate_hz,cut_vPN1_all_output,44.0,48.0,-9.090909090909092
pC1_fruDsx:dsx_low,25.0,peak_rate_hz,silence_aPN1,44.0,48.0,-9.090909090909092
pC1_fruDsx:dsx_low,25.0,evoked_spikes_per_neuron_per_pulse,silence_vPN1,0.615,0.77,-25.203252032520332
pC1_fruDsx:dsx_low,25.0,evoked_spikes_per_neuron_per_pulse,cut_vPN1_to_pC1,0.615,0.445,27.64227642276423
pC1_fruDsx:dsx_low,25.0,evoked_spikes_per_neuron_per_pulse,cut_vPN1_to_other,0.615,0.765,-24.39024390243903
pC1_fruDsx:dsx_low,25.0,evoked_spikes_per_neuron_per_pulse,cut_vPN1_all_output,0.615,0.77,-25.203252032520332
pC1_fruDsx:dsx_low,25.0,evoked_spikes_per_neuron_per_pulse,silence_aPN1,0.615,0.77,-25.203252032520332
pC1_fruDsx:dsx_low,35.0,peak_rate_hz,silence_vPN1,32.0,30.0,6.25
pC1_fruDsx:dsx_low,35.0,peak_rate_hz,cut_vPN1_to_pC1,32.0,34.0,-6.25
pC1_fruDsx:dsx_low,35.0,peak_rate_hz,cut_vPN1_to_other,32.0,30.0,6.25
pC1_fruDsx:dsx_low,35.0,peak_rate_hz,cut_vPN1_all_output,32.0,30.0,6.25
pC1_fruDsx:dsx_low,35.0,peak_rate_hz,silence_aPN1,32.0,32.0,0.0
pC1_fruDsx:dsx_low,35.0,evoked_spikes_per_neuron_per_pulse,silence_vPN1,0.85,0.845,0.5882352941176476
pC1_fruDsx:dsx_low,35.0,evoked_spikes_per_neuron_per_pulse,cut_vPN1_to_pC1,0.85,0.93,-9.411764705882362
pC1_fruDsx:dsx_low,35.0,evoked_spikes_per_neuron_per_pulse,cut_vPN1_to_other,0.85,0.72,15.294117647058824
pC1_fruDsx:dsx_low,35.0,evoked_spikes_per_neuron_per_pulse,cut_vPN1_all_output,0.85,0.845,0.5882352941176476
pC1_fruDsx:dsx_low,35.0,evoked_spikes_per_neuron_per_pulse,silence_aPN1,0.85,0.78,8.235294117647053
pC1_fruDsx:dsx_low,45.0,peak_rate_hz,silence_vPN1,32.0,40.0,-25.0
pC1_fruDsx:dsx_low,45.0,peak_rate_hz,cut_vPN1_to_pC1,32.0,34.0,-6.25
pC1_fruDsx:dsx_low,45.0,peak_rate_hz,cut_vPN1_to_other,32.0,36.0,-12.5
pC1_fruDsx:dsx_low,45.0,peak_rate_hz,cut_vPN1_all_output,32.0,40.0,-25.0
pC1_fruDsx:dsx_low,45.0,peak_rate_hz,silence_aPN1,32.0,34.0,-6.25
pC1_fruDsx:dsx_low,45.0,evoked_spikes_per_neuron_per_pulse,silence_vPN1,0.865,1.135,-31.213872832369944
pC1_fruDsx:dsx_low,45.0,evoked_spikes_per_neuron_per_pulse,cut_vPN1_to_pC1,0.865,0.905,-4.624277456647403
pC1_fruDsx:dsx_low,45.0,evoked_spikes_per_neuron_per_pulse,cut_vPN1_to_other,0.865,0.87,-0.5780346820809253
pC1_fruDsx:dsx_low,45.0,evoked_spikes_per_neuron_per_pulse,cut_vPN1_all_output,0.865,1.135,-31.213872832369944
pC1_fruDsx:dsx_low,45.0,evoked_spikes_per_neuron_per_pulse,silence_aPN1,0.865,0.755,12.716763005780345
pC1_fruDsx:dsx_low,55.0,peak_rate_hz,silence_vPN1,28.0,28.0,0.0
pC1_fruDsx:dsx_low,55.0,peak_rate_hz,cut_vPN1_to_pC1,28.0,24.0,14.285714285714286
pC1_fruDsx:dsx_low,55.0,peak_rate_hz,cut_vPN1_to_other,28.0,28.0,0.0
pC1_fruDsx:dsx_low,55.0,peak_rate_hz,cut_vPN1_all_output,28.0,28.0,0.0
pC1_fruDsx:dsx_low,55.0,peak_rate_hz,silence_aPN1,28.0,20.0,28.571428571428573
pC1_fruDsx:dsx_low,55.0,evoked_spikes_per_neuron_per_pulse,silence_vPN1,0.98,0.875,10.714285714285714
pC1_fruDsx:dsx_low,55.0,evoked_spikes_per_neuron_per_pulse,cut_vPN1_to_pC1,0.98,0.905,7.653061224489791
pC1_fruDsx:dsx_low,55.0,evoked_spikes_per_neuron_per_pulse,cut_vPN1_to_other,0.98,0.85,13.26530612244898
pC1_fruDsx:dsx_low,55.0,evoked_spikes_per_neuron_per_pulse,cut_vPN1_all_output,0.98,0.875,10.714285714285714
pC1_fruDsx:dsx_low,55.0,evoked_spikes_per_neuron_per_pulse,silence_aPN1,0.98,0.805,17.85714285714285
pC1_fruDsx:dsx_low,65.0,peak_rate_hz,silence_vPN1,36.0,32.0,11.11111111111111
pC1_fruDsx:dsx_low,65.0,peak_rate_hz,cut_vPN1_to_pC1,36.0,26.0,27.77777777777778
pC1_fruDsx:dsx_low,65.0,peak_rate_hz,cut_vPN1_to_other,36.0,34.0,5.555555555555555
pC1_fruDsx:dsx_low,65.0,peak_rate_hz,cut_vPN1_all_output,36.0,32.0,11.11111111111111
pC1_fruDsx:dsx_low,65.0,peak_rate_hz,silence_aPN1,36.0,26.0,27.77777777777778
pC1_fruDsx:dsx_low,65.0,evoked_spikes_per_neuron_per_pulse,silence_vPN1,1.025,1.005,1.951219512195124
pC1_fruDsx:dsx_low,65.0,evoked_spikes_per_neuron_per_pulse,cut_vPN1_to_pC1,1.025,0.945,7.804878048780485
pC1_fruDsx:dsx_low,65.0,evoked_spikes_per_neuron_per_pulse,cut_vPN1_to_other,1.025,0.98,4.390243902439018
pC1_fruDsx:dsx_low,65.0,evoked_spikes_per_neuron_per_pulse,cut_vPN1_all_output,1.025,1.005,1.951219512195124
pC1_fruDsx:dsx_low,65.0,evoked_spikes_per_neuron_per_pulse,silence_aPN1,1.025,0.955,6.829268292682922
pC1_fruDsx:dsx_low,75.0,peak_rate_hz,silence_vPN1,34.0,32.0,5.882352941176471
pC1_fruDsx:dsx_low,75.0,peak_rate_hz,cut_vPN1_to_pC1,34.0,28.0,17.647058823529413
pC1_fruDsx:dsx_low,75.0,peak_rate_hz,cut_vPN1_to_other,34.0,34.0,0.0
pC1_fruDsx:dsx_low,75.0,peak_rate_hz,cut_vPN1_all_output,34.0,32.0,5.882352941176471
pC1_fruDsx:dsx_low,75.0,peak_rate_hz,silence_aPN1,34.0,28.0,17.647058823529413
pC1_fruDsx:dsx_low,75.0,evoked_spikes_per_neuron_per_pulse,silence_vPN1,1.05,1.075,-2.3809523809523725
pC1_fruDsx:dsx_low,75.0,evoked_spikes_per_neuron_per_pulse,cut_vPN1_to_pC1,1.05,0.925,11.904761904761905
pC1_fruDsx:dsx_low,75.0,evoked_spikes_per_neuron_per_pulse,cut_vPN1_to_other,1.05,0.86,18.095238095238102
pC1_fruDsx:dsx_low,75.0,evoked_spikes_per_neuron_per_pulse,cut_vPN1_all_output,1.05,1.075,-2.3809523809523725
pC1_fruDsx:dsx_low,75.0,evoked_spikes_per_neuron_per_pulse,silence_aPN1,1.05,1.15,-9.52380952380951
pC1_fruDsx:dsx_low,85.0,peak_rate_hz,silence_vPN1,28.0,30.0,-7.142857142857143
pC1_fruDsx:dsx_low,85.0,peak_rate_hz,cut_vPN1_to_pC1,28.0,30.0,-7.142857142857143
pC1_fruDsx:dsx_low,85.0,peak_rate_hz,cut_vPN1_to_other,28.0,28.0,0.0
pC1_fruDsx:dsx_low,85.0,peak_rate_hz,cut_vPN1_all_output,28.0,30.0,-7.142857142857143
pC1_fruDsx:dsx_low,85.0,peak_rate_hz,silence_aPN1,28.0,28.0,0.0
pC1_fruDsx:dsx_low,85.0,evoked_spikes_per_neuron_per_pulse,silence_vPN1,0.995,1.1,-10.552763819095487
pC1_fruDsx:dsx_low,85.0,evoked_spikes_per_neuron_per_pulse,cut_vPN1_to_pC1,0.995,0.91,8.542713567839192
pC1_fruDsx:dsx_low,85.0,evoked_spikes_per_neuron_per_pulse,cut_vPN1_to_other,0.995,0.895,10.050251256281406
pC1_fruDsx:dsx_low,85.0,evoked_spikes_per_neuron_per_pulse,cut_vPN1_all_output,0.995,1.1,-10.552763819095487
pC1_fruDsx:dsx_low,85.0,evoked_spikes_per_neuron_per_pulse,silence_aPN1,0.995,1.165,-17.085427135678394
pC1_fruDsx:dsx_low,95.0,peak_rate_hz,silence_vPN1,30.0,30.0,0.0
pC1_fruDsx:dsx_low,95.0,peak_rate_hz,cut_vPN1_to_pC1,30.0,28.0,6.666666666666667
pC1_fruDsx:dsx_low,95.0,peak_rate_hz,cut_vPN1_to_other,30.0,42.0,-40.0
pC1_fruDsx:dsx_low,95.0,peak_rate_hz,cut_vPN1_all_output,30.0,30.0,0.0
pC1_fruDsx:dsx_low,95.0,peak_rate_hz,silence_aPN1,30.0,30.0,0.0
pC1_fruDsx:dsx_low,95.0,evoked_spikes_per_neuron_per_pulse,silence_vPN1,0.955,1.07,-12.041884816753939
pC1_fruDsx:dsx_low,95.0,evoked_spikes_per_neuron_per_pulse,cut_vPN1_to_pC1,0.955,0.92,3.664921465968578
pC1_fruDsx:dsx_low,95.0,evoked_spikes_per_neuron_per_pulse,cut_vPN1_to_other,0.955,0.965,-1.0471204188481684
pC1_fruDsx:dsx_low,95.0,evoked_spikes_per_neuron_per_pulse,cut_vPN1_all_output,0.955,1.07,-12.041884816753939
pC1_fruDsx:dsx_low,95.0,evoked_spikes_per_neuron_per_pulse,silence_aPN1,0.955,1.09,-14.136125654450275
pC1_fruDsx:nan,15.0,peak_rate_hz,silence_vPN1,0.0,0.0,
pC1_fruDsx:nan,15.0,peak_rate_hz,cut_vPN1_to_pC1,0.0,0.0,
pC1_fruDsx:nan,15.0,peak_rate_hz,cut_vPN1_to_other,0.0,0.0,
pC1_fruDsx:nan,15.0,peak_rate_hz,cut_vPN1_all_output,0.0,0.0,
pC1_fruDsx:nan,15.0,peak_rate_hz,silence_aPN1,0.0,0.0,
pC1_fruDsx:nan,15.0,evoked_spikes_per_neuron_per_pulse,silence_vPN1,0.0,0.0,
pC1_fruDsx:nan,15.0,evoked_spikes_per_neuron_per_pulse,cut_vPN1_to_pC1,0.0,0.0,
pC1_fruDsx:nan,15.0,evoked_spikes_per_neuron_per_pulse,cut_vPN1_to_other,0.0,0.0,
pC1_fruDsx:nan,15.0,evoked_spikes_per_neuron_per_pulse,cut_vPN1_all_output,0.0,0.0,
pC1_fruDsx:nan,15.0,evoked_spikes_per_neuron_per_pulse,silence_aPN1,0.0,0.0,
pC1_fruDsx:nan,25.0,peak_rate_hz,silence_vPN1,0.0,0.0,
pC1_fruDsx:nan,25.0,peak_rate_hz,cut_vPN1_to_pC1,0.0,10.0,
pC1_fruDsx:nan,25.0,peak_rate_hz,cut_vPN1_to_other,0.0,0.0,
pC1_fruDsx:nan,25.0,peak_rate_hz,cut_vPN1_all_output,0.0,0.0,
pC1_fruDsx:nan,25.0,peak_rate_hz,silence_aPN1,0.0,0.0,
pC1_fruDsx:nan,25.0,evoked_spikes_per_neuron_per_pulse,silence_vPN1,0.0,0.0,
pC1_fruDsx:nan,25.0,evoked_spikes_per_neuron_per_pulse,cut_vPN1_to_pC1,0.0,0.025,
pC1_fruDsx:nan,25.0,evoked_spikes_per_neuron_per_pulse,cut_vPN1_to_other,0.0,0.0,
pC1_fruDsx:nan,25.0,evoked_spikes_per_neuron_per_pulse,cut_vPN1_all_output,0.0,0.0,
pC1_fruDsx:nan,25.0,evoked_spikes_per_neuron_per_pulse,silence_aPN1,0.0,0.0,
pC1_fruDsx:nan,35.0,peak_rate_hz,silence_vPN1,0.0,0.0,
pC1_fruDsx:nan,35.0,peak_rate_hz,cut_vPN1_to_pC1,0.0,0.0,
pC1_fruDsx:nan,35.0,peak_rate_hz,cut_vPN1_to_other,0.0,0.0,
pC1_fruDsx:nan,35.0,peak_rate_hz,cut_vPN1_all_output,0.0,0.0,
pC1_fruDsx:nan,35.0,peak_rate_hz,silence_aPN1,0.0,0.0,
pC1_fruDsx:nan,35.0,evoked_spikes_per_neuron_per_pulse,silence_vPN1,0.0,0.0,
pC1_fruDsx:nan,35.0,evoked_spikes_per_neuron_per_pulse,cut_vPN1_to_pC1,0.0,0.0,
pC1_fruDsx:nan,35.0,evoked_spikes_per_neuron_per_pulse,cut_vPN1_to_other,0.0,0.0,
pC1_fruDsx:nan,35.0,evoked_spikes_per_neuron_per_pulse,cut_vPN1_all_output,0.0,0.0,
pC1_fruDsx:nan,35.0,evoked_spikes_per_neuron_per_pulse,silence_aPN1,0.0,0.0,
pC1_fruDsx:nan,45.0,peak_rate_hz,silence_vPN1,0.0,0.0,
pC1_fruDsx:nan,45.0,peak_rate_hz,cut_vPN1_to_pC1,0.0,0.0,
pC1_fruDsx:nan,45.0,peak_rate_hz,cut_vPN1_to_other,0.0,0.0,
pC1_fruDsx:nan,45.0,peak_rate_hz,cut_vPN1_all_output,0.0,0.0,
pC1_fruDsx:nan,45.0,peak_rate_hz,silence_aPN1,0.0,0.0,
pC1_fruDsx:nan,45.0,evoked_spikes_per_neuron_per_pulse,silence_vPN1,0.0,0.0,
pC1_fruDsx:nan,45.0,evoked_spikes_per_neuron_per_pulse,cut_vPN1_to_pC1,0.0,0.0,
pC1_fruDsx:nan,45.0,evoked_spikes_per_neuron_per_pulse,cut_vPN1_to_other,0.0,0.0,
pC1_fruDsx:nan,45.0,evoked_spikes_per_neuron_per_pulse,cut_vPN1_all_output,0.0,0.0,
pC1_fruDsx:nan,45.0,evoked_spikes_per_neuron_per_pulse,silence_aPN1,0.0,0.0,
pC1_fruDsx:nan,55.0,peak_rate_hz,silence_vPN1,0.0,0.0,
pC1_fruDsx:nan,55.0,peak_rate_hz,cut_vPN1_to_pC1,0.0,0.0,
pC1_fruDsx:nan,55.0,peak_rate_hz,cut_vPN1_to_other,0.0,0.0,
pC1_fruDsx:nan,55.0,peak_rate_hz,cut_vPN1_all_output,0.0,0.0,
pC1_fruDsx:nan,55.0,peak_rate_hz,silence_aPN1,0.0,0.0,
pC1_fruDsx:nan,55.0,evoked_spikes_per_neuron_per_pulse,silence_vPN1,0.0,0.0,
pC1_fruDsx:nan,55.0,evoked_spikes_per_neuron_per_pulse,cut_vPN1_to_pC1,0.0,0.0,
pC1_fruDsx:nan,55.0,evoked_spikes_per_neuron_per_pulse,cut_vPN1_to_other,0.0,0.0,
pC1_fruDsx:nan,55.0,evoked_spikes_per_neuron_per_pulse,cut_vPN1_all_output,0.0,0.0,
pC1_fruDsx:nan,55.0,evoked_spikes_per_neuron_per_pulse,silence_aPN1,0.0,0.0,
pC1_fruDsx:nan,65.0,peak_rate_hz,silence_vPN1,0.0,0.0,
pC1_fruDsx:nan,65.0,peak_rate_hz,cut_vPN1_to_pC1,0.0,0.0,
pC1_fruDsx:nan,65.0,peak_rate_hz,cut_vPN1_to_other,0.0,0.0,
pC1_fruDsx:nan,65.0,peak_rate_hz,cut_vPN1_all_output,0.0,0.0,
pC1_fruDsx:nan,65.0,peak_rate_hz,silence_aPN1,0.0,0.0,
pC1_fruDsx:nan,65.0,evoked_spikes_per_neuron_per_pulse,silence_vPN1,0.0,0.0,
pC1_fruDsx:nan,65.0,evoked_spikes_per_neuron_per_pulse,cut_vPN1_to_pC1,0.0,0.0,
pC1_fruDsx:nan,65.0,evoked_spikes_per_neuron_per_pulse,cut_vPN1_to_other,0.0,0.0,
pC1_fruDsx:nan,65.0,evoked_spikes_per_neuron_per_pulse,cut_vPN1_all_output,0.0,0.0,
pC1_fruDsx:nan,65.0,evoked_spikes_per_neuron_per_pulse,silence_aPN1,0.0,0.0,
pC1_fruDsx:nan,75.0,peak_rate_hz,silence_vPN1,0.0,0.0,
pC1_fruDsx:nan,75.0,peak_rate_hz,cut_vPN1_to_pC1,0.0,0.0,
pC1_fruDsx:nan,75.0,peak_rate_hz,cut_vPN1_to_other,0.0,0.0,
pC1_fruDsx:nan,75.0,peak_rate_hz,cut_vPN1_all_output,0.0,0.0,
pC1_fruDsx:nan,75.0,peak_rate_hz,silence_aPN1,0.0,0.0,
pC1_fruDsx:nan,75.0,evoked_spikes_per_neuron_per_pulse,silence_vPN1,0.0,0.0,
pC1_fruDsx:nan,75.0,evoked_spikes_per_neuron_per_pulse,cut_vPN1_to_pC1,0.0,0.0,
pC1_fruDsx:nan,75.0,evoked_spikes_per_neuron_per_pulse,cut_vPN1_to_other,0.0,0.0,
pC1_fruDsx:nan,75.0,evoked_spikes_per_neuron_per_pulse,cut_vPN1_all_output,0.0,0.0,
pC1_fruDsx:nan,75.0,evoked_spikes_per_neuron_per_pulse,silence_aPN1,0.0,0.0,
pC1_fruDsx:nan,85.0,peak_rate_hz,silence_vPN1,0.0,0.0,
pC1_fruDsx:nan,85.0,peak_rate_hz,cut_vPN1_to_pC1,0.0,0.0,
pC1_fruDsx:nan,85.0,peak_rate_hz,cut_vPN1_to_other,0.0,0.0,
pC1_fruDsx:nan,85.0,peak_rate_hz,cut_vPN1_all_output,0.0,0.0,
pC1_fruDsx:nan,85.0,peak_rate_hz,silence_aPN1,0.0,0.0,
pC1_fruDsx:nan,85.0,evoked_spikes_per_neuron_per_pulse,silence_vPN1,0.0,0.0,
pC1_fruDsx:nan,85.0,evoked_spikes_per_neuron_per_pulse,cut_vPN1_to_pC1,0.0,0.0,
pC1_fruDsx:nan,85.0,evoked_spikes_per_neuron_per_pulse,cut_vPN1_to_other,0.0,0.0,
pC1_fruDsx:nan,85.0,evoked_spikes_per_neuron_per_pulse,cut_vPN1_all_output,0.0,0.0,
pC1_fruDsx:nan,85.0,evoked_spikes_per_neuron_per_pulse,silence_aPN1,0.0,0.0,
pC1_fruDsx:nan,95.0,peak_rate_hz,silence_vPN1,0.0,0.0,
pC1_fruDsx:nan,95.0,peak_rate_hz,cut_vPN1_to_pC1,0.0,0.0,
pC1_fruDsx:nan,95.0,peak_rate_hz,cut_vPN1_to_other,0.0,0.0,
pC1_fruDsx:nan,95.0,peak_rate_hz,cut_vPN1_all_output,0.0,0.0,
pC1_fruDsx:nan,95.0,peak_rate_hz,silence_aPN1,0.0,0.0,
pC1_fruDsx:nan,95.0,evoked_spikes_per_neuron_per_pulse,silence_vPN1,0.0,0.0,
pC1_fruDsx:nan,95.0,evoked_spikes_per_neuron_per_pulse,cut_vPN1_to_pC1,0.0,0.0,
pC1_fruDsx:nan,95.0,evoked_spikes_per_neuron_per_pulse,cut_vPN1_to_other,0.0,0.0,
pC1_fruDsx:nan,95.0,evoked_spikes_per_neuron_per_pulse,cut_vPN1_all_output,0.0,0.0,
pC1_fruDsx:nan,95.0,evoked_spikes_per_neuron_per_pulse,silence_aPN1,0.0,0.0,
pC1_no_direct_vPN1,15.0,peak_rate_hz,silence_vPN1,9.72972972972973,12.297297297297296,-26.38888888888888
pC1_no_direct_vPN1,15.0,peak_rate_hz,cut_vPN1_to_pC1,9.72972972972973,9.72972972972973,0.0
pC1_no_direct_vPN1,15.0,peak_rate_hz,cut_vPN1_to_other,9.72972972972973,11.486486486486486,-18.05555555555555
pC1_no_direct_vPN1,15.0,peak_rate_hz,cut_vPN1_all_output,9.72972972972973,12.297297297297296,-26.38888888888888
pC1_no_direct_vPN1,15.0,peak_rate_hz,silence_aPN1,9.72972972972973,11.35135135135135,-16.66666666666666
pC1_no_direct_vPN1,15.0,evoked_spikes_per_neuron_per_pulse,silence_vPN1,0.12263513513513513,0.10844594594594595,11.570247933884295
pC1_no_direct_vPN1,15.0,evoked_spikes_per_neuron_per_pulse,cut_vPN1_to_pC1,0.12263513513513513,0.1097972972972973,10.468319559228645
pC1_no_direct_vPN1,15.0,evoked_spikes_per_neuron_per_pulse,cut_vPN1_to_other,0.12263513513513513,0.0983108108108108,19.834710743801654
pC1_no_direct_vPN1,15.0,evoked_spikes_per_neuron_per_pulse,cut_vPN1_all_output,0.12263513513513513,0.10844594594594595,11.570247933884295
pC1_no_direct_vPN1,15.0,evoked_spikes_per_neuron_per_pulse,silence_aPN1,0.12263513513513513,0.10135135135135136,17.35537190082644
pC1_no_direct_vPN1,25.0,peak_rate_hz,silence_vPN1,9.594594594594595,11.08108108108108,-15.492957746478867
pC1_no_direct_vPN1,25.0,peak_rate_hz,cut_vPN1_to_pC1,9.594594594594595,9.45945945945946,1.4084507042253516
pC1_no_direct_vPN1,25.0,peak_rate_hz,cut_vPN1_to_other,9.594594594594595,10.81081081081081,-12.676056338028165
pC1_no_direct_vPN1,25.0,peak_rate_hz,cut_vPN1_all_output,9.594594594594595,11.08108108108108,-15.492957746478867
pC1_no_direct_vPN1,25.0,peak_rate_hz,silence_aPN1,9.594594594594595,13.918918918918918,-45.07042253521125
pC1_no_direct_vPN1,25.0,evoked_spikes_per_neuron_per_pulse,silence_vPN1,0.17432432432432432,0.20202702702702702,-15.891472868217052
pC1_no_direct_vPN1,25.0,evoked_spikes_per_neuron_per_pulse,cut_vPN1_to_pC1,0.17432432432432432,0.13006756756756757,25.3875968992248
pC1_no_direct_vPN1,25.0,evoked_spikes_per_neuron_per_pulse,cut_vPN1_to_other,0.17432432432432432,0.2,-14.728682170542646
pC1_no_direct_vPN1,25.0,evoked_spikes_per_neuron_per_pulse,cut_vPN1_all_output,0.17432432432432432,0.20202702702702702,-15.891472868217052
pC1_no_direct_vPN1,25.0,evoked_spikes_per_neuron_per_pulse,silence_aPN1,0.17432432432432432,0.23175675675675675,-32.945736434108525
pC1_no_direct_vPN1,35.0,peak_rate_hz,silence_vPN1,11.891891891891891,13.513513513513512,-13.636363636363633
pC1_no_direct_vPN1,35.0,peak_rate_hz,cut_vPN1_to_pC1,11.891891891891891,12.837837837837837,-7.9545454545454515
pC1_no_direct_vPN1,35.0,peak_rate_hz,cut_vPN1_to_other,11.891891891891891,13.648648648648647,-14.772727272727268
pC1_no_direct_vPN1,35.0,peak_rate_hz,cut_vPN1_all_output,11.891891891891891,13.513513513513512,-13.636363636363633
pC1_no_direct_vPN1,35.0,peak_rate_hz,silence_aPN1,11.891891891891891,12.027027027027026,-1.136363636363636
pC1_no_direct_vPN1,35.0,evoked_spikes_per_neuron_per_pulse,silence_vPN1,0.34087837837837837,0.3070945945945946,9.910802775024774
pC1_no_direct_vPN1,35.0,evoked_spikes_per_neuron_per_pulse,cut_vPN1_to_pC1,0.34087837837837837,0.32466216216216215,4.757185332011893
pC1_no_direct_vPN1,35.0,evoked_spikes_per_neuron_per_pulse,cut_vPN1_to_other,0.34087837837837837,0.2945945945945946,13.577799801783945
pC1_no_direct_vPN1,35.0,evoked_spikes_per_neuron_per_pulse,cut_vPN1_all_output,0.34087837837837837,0.3070945945945946,9.910802775024774
pC1_no_direct_vPN1,35.0,evoked_spikes_per_neuron_per_pulse,silence_aPN1,0.34087837837837837,0.2868243243243243,15.857284440039644
pC1_no_direct_vPN1,45.0,peak_rate_hz,silence_vPN1,13.243243243243242,15.675675675675675,-18.36734693877552
pC1_no_direct_vPN1,45.0,peak_rate_hz,cut_vPN1_to_pC1,13.243243243243242,13.648648648648647,-3.0612244897959173
pC1_no_direct_vPN1,45.0,peak_rate_hz,cut_vPN1_to_other,13.243243243243242,15.675675675675675,-18.36734693877552
pC1_no_direct_vPN1,45.0,peak_rate_hz,cut_vPN1_all_output,13.243243243243242,15.675675675675675,-18.36734693877552
pC1_no_direct_vPN1,45.0,peak_rate_hz,silence_aPN1,13.243243243243242,13.108108108108107,1.020408163265306
pC1_no_direct_vPN1,45.0,evoked_spikes_per_neuron_per_pulse,silence_vPN1,0.3881756756756757,0.43817567567567567,-12.880765883376847
pC1_no_direct_vPN1,45.0,evoked_spikes_per_neuron_per_pulse,cut_vPN1_to_pC1,0.3881756756756757,0.3621621621621622,6.701479547432546
pC1_no_direct_vPN1,45.0,evoked_spikes_per_neuron_per_pulse,cut_vPN1_to_other,0.3881756756756757,0.37432432432432433,3.5683202785030455
pC1_no_direct_vPN1,45.0,evoked_spikes_per_neuron_per_pulse,cut_vPN1_all_output,0.3881756756756757,0.43817567567567567,-12.880765883376847
pC1_no_direct_vPN1,45.0,evoked_spikes_per_neuron_per_pulse,silence_aPN1,0.3881756756756757,0.30675675675675673,20.97476066144474
pC1_no_direct_vPN1,55.0,peak_rate_hz,silence_vPN1,10.81081081081081,11.216216216216216,-3.7499999999999987
pC1_no_direct_vPN1,55.0,peak_rate_hz,cut_vPN1_to_pC1,10.81081081081081,10.27027027027027,4.999999999999998
pC1_no_direct_vPN1,55.0,peak_rate_hz,cut_vPN1_to_other,10.81081081081081,12.432432432432432,-14.999999999999995
pC1_no_direct_vPN1,55.0,peak_rate_hz,cut_vPN1_all_output,10.81081081081081,11.216216216216216,-3.7499999999999987
pC1_no_direct_vPN1,55.0,peak_rate_hz,silence_aPN1,10.81081081081081,9.324324324324325,13.749999999999995
pC1_no_direct_vPN1,55.0,evoked_spikes_per_neuron_per_pulse,silence_vPN1,0.46047297297297296,0.4243243243243243,7.850330154071899
pC1_no_direct_vPN1,55.0,evoked_spikes_per_neuron_per_pulse,cut_vPN1_to_pC1,0.46047297297297296,0.4168918918918919,9.464416727806304
pC1_no_direct_vPN1,55.0,evoked_spikes_per_neuron_per_pulse,cut_vPN1_to_other,0.46047297297297296,0.41655405405405405,9.537784299339691
pC1_no_direct_vPN1,55.0,evoked_spikes_per_neuron_per_pulse,cut_vPN1_all_output,0.46047297297297296,0.4243243243243243,7.850330154071899
pC1_no_direct_vPN1,55.0,evoked_spikes_per_neuron_per_pulse,silence_aPN1,0.46047297297297296,0.3932432432432432,14.600146735143069
pC1_no_direct_vPN1,65.0,peak_rate_hz,silence_vPN1,11.891891891891891,11.08108108108108,6.818181818181817
pC1_no_direct_vPN1,65.0,peak_rate_hz,cut_vPN1_to_pC1,11.891891891891891,11.891891891891891,0.0
pC1_no_direct_vPN1,65.0,peak_rate_hz,cut_vPN1_to_other,11.891891891891891,11.216216216216216,5.681818181818181
pC1_no_direct_vPN1,65.0,peak_rate_hz,cut_vPN1_all_output,11.891891891891891,11.08108108108108,6.818181818181817
pC1_no_direct_vPN1,65.0,peak_rate_hz,silence_aPN1,11.891891891891891,11.756756756756756,1.136363636363636
pC1_no_direct_vPN1,65.0,evoked_spikes_per_neuron_per_pulse,silence_vPN1,0.5091216216216217,0.4851351351351351,4.711347047113481
pC1_no_direct_vPN1,65.0,evoked_spikes_per_neuron_per_pulse,cut_vPN1_to_pC1,0.5091216216216217,0.5118243243243243,-0.5308560053085546
pC1_no_direct_vPN1,65.0,evoked_spikes_per_neuron_per_pulse,cut_vPN1_to_other,0.5091216216216217,0.4962837837837838,2.521566025215667
pC1_no_direct_vPN1,65.0,evoked_spikes_per_neuron_per_pulse,cut_vPN1_all_output,0.5091216216216217,0.4851351351351351,4.711347047113481
pC1_no_direct_vPN1,65.0,evoked_spikes_per_neuron_per_pulse,silence_aPN1,0.5091216216216217,0.4929054054054054,3.1851360318513713
pC1_no_direct_vPN1,75.0,peak_rate_hz,silence_vPN1,11.621621621621621,11.756756756756756,-1.1627906976744182
pC1_no_direct_vPN1,75.0,peak_rate_hz,cut_vPN1_to_pC1,11.621621621621621,12.027027027027026,-3.488372093023255
pC1_no_direct_vPN1,75.0,peak_rate_hz,cut_vPN1_to_other,11.621621621621621,11.08108108108108,4.651162790697673
pC1_no_direct_vPN1,75.0,peak_rate_hz,cut_vPN1_all_output,11.621621621621621,11.756756756756756,-1.1627906976744182
pC1_no_direct_vPN1,75.0,peak_rate_hz,silence_aPN1,11.621621621621621,11.891891891891891,-2.3255813953488365
pC1_no_direct_vPN1,75.0,evoked_spikes_per_neuron_per_pulse,silence_vPN1,0.5027027027027027,0.5064189189189189,-0.739247311827955
pC1_no_direct_vPN1,75.0,evoked_spikes_per_neuron_per_pulse,cut_vPN1_to_pC1,0.5027027027027027,0.49898648648648647,0.739247311827955
pC1_no_direct_vPN1,75.0,evoked_spikes_per_neuron_per_pulse,cut_vPN1_to_other,0.5027027027027027,0.4277027027027027,14.919354838709669
pC1_no_direct_vPN1,75.0,evoked_spikes_per_neuron_per_pulse,cut_vPN1_all_output,0.5027027027027027,0.5064189189189189,-0.739247311827955
pC1_no_direct_vPN1,75.0,evoked_spikes_per_neuron_per_pulse,silence_aPN1,0.5027027027027027,0.5445945945945946,-8.333333333333337
pC1_no_direct_vPN1,85.0,peak_rate_hz,silence_vPN1,11.621621621621621,10.54054054054054,9.302325581395346
pC1_no_direct_vPN1,85.0,peak_rate_hz,cut_vPN1_to_pC1,11.621621621621621,11.08108108108108,4.651162790697673
pC1_no_direct_vPN1,85.0,peak_rate_hz,cut_vPN1_to_other,11.621621621621621,10.54054054054054,9.302325581395346
pC1_no_direct_vPN1,85.0,peak_rate_hz,cut_vPN1_all_output,11.621621621621621,10.54054054054054,9.302325581395346
pC1_no_direct_vPN1,85.0,peak_rate_hz,silence_aPN1,11.621621621621621,11.486486486486486,1.1627906976744182
pC1_no_direct_vPN1,85.0,evoked_spikes_per_neuron_per_pulse,silence_vPN1,0.4706081081081081,0.44594594594594594,5.240488155061018
pC1_no_direct_vPN1,85.0,evoked_spikes_per_neuron_per_pulse,cut_vPN1_to_pC1,0.4706081081081081,0.45472972972972975,3.37401292175161
pC1_no_direct_vPN1,85.0,evoked_spikes_per_neuron_per_pulse,cut_vPN1_to_other,0.4706081081081081,0.4209459459459459,10.552763819095482
pC1_no_direct_vPN1,85.0,evoked_spikes_per_neuron_per_pulse,cut_vPN1_all_output,0.4706081081081081,0.44594594594594594,5.240488155061018
pC1_no_direct_vPN1,85.0,evoked_spikes_per_neuron_per_pulse,silence_aPN1,0.4706081081081081,0.5320945945945946,-13.065326633165839
pC1_no_direct_vPN1,95.0,peak_rate_hz,silence_vPN1,10.81081081081081,10.945945945945946,-1.2499999999999996
pC1_no_direct_vPN1,95.0,peak_rate_hz,cut_vPN1_to_pC1,10.81081081081081,10.81081081081081,0.0
pC1_no_direct_vPN1,95.0,peak_rate_hz,cut_vPN1_to_other,10.81081081081081,11.216216216216216,-3.7499999999999987
pC1_no_direct_vPN1,95.0,peak_rate_hz,cut_vPN1_all_output,10.81081081081081,10.945945945945946,-1.2499999999999996
pC1_no_direct_vPN1,95.0,peak_rate_hz,silence_aPN1,10.81081081081081,11.216216216216216,-3.7499999999999987
pC1_no_direct_vPN1,95.0,evoked_spikes_per_neuron_per_pulse,silence_vPN1,0.4888513513513513,0.45337837837837835,7.256392536281963
pC1_no_direct_vPN1,95.0,evoked_spikes_per_neuron_per_pulse,cut_vPN1_to_pC1,0.4888513513513513,0.4814189189189189,1.520387007601931
pC1_no_direct_vPN1,95.0,evoked_spikes_per_neuron_per_pulse,cut_vPN1_to_other,0.4888513513513513,0.4668918918918919,4.4920525224602565
pC1_no_direct_vPN1,95.0,evoked_spikes_per_neuron_per_pulse,cut_vPN1_all_output,0.4888513513513513,0.45337837837837835,7.256392536281963
pC1_no_direct_vPN1,95.0,evoked_spikes_per_neuron_per_pulse,silence_aPN1,0.4888513513513513,0.5182432432432432,-6.012439530062198
pC1_type:pC1_10b,15.0,peak_rate_hz,silence_vPN1,0.0,0.0,
pC1_type:pC1_10b,15.0,peak_rate_hz,cut_vPN1_to_pC1,0.0,0.0,
pC1_type:pC1_10b,15.0,peak_rate_hz,cut_vPN1_to_other,0.0,0.0,
pC1_type:pC1_10b,15.0,peak_rate_hz,cut_vPN1_all_output,0.0,0.0,
pC1_type:pC1_10b,15.0,peak_rate_hz,silence_aPN1,0.0,0.0,
pC1_type:pC1_10b,15.0,evoked_spikes_per_neuron_per_pulse,silence_vPN1,0.0,0.0,
pC1_type:pC1_10b,15.0,evoked_spikes_per_neuron_per_pulse,cut_vPN1_to_pC1,0.0,0.0,
pC1_type:pC1_10b,15.0,evoked_spikes_per_neuron_per_pulse,cut_vPN1_to_other,0.0,0.0,
pC1_type:pC1_10b,15.0,evoked_spikes_per_neuron_per_pulse,cut_vPN1_all_output,0.0,0.0,
pC1_type:pC1_10b,15.0,evoked_spikes_per_neuron_per_pulse,silence_aPN1,0.0,0.0,
pC1_type:pC1_10b,25.0,peak_rate_hz,silence_vPN1,0.0,0.0,
pC1_type:pC1_10b,25.0,peak_rate_hz,cut_vPN1_to_pC1,0.0,0.0,
pC1_type:pC1_10b,25.0,peak_rate_hz,cut_vPN1_to_other,0.0,0.0,
pC1_type:pC1_10b,25.0,peak_rate_hz,cut_vPN1_all_output,0.0,0.0,
pC1_type:pC1_10b,25.0,peak_rate_hz,silence_aPN1,0.0,0.0,
pC1_type:pC1_10b,25.0,evoked_spikes_per_neuron_per_pulse,silence_vPN1,0.0,0.0,
pC1_type:pC1_10b,25.0,evoked_spikes_per_neuron_per_pulse,cut_vPN1_to_pC1,0.0,0.0,
pC1_type:pC1_10b,25.0,evoked_spikes_per_neuron_per_pulse,cut_vPN1_to_other,0.0,0.0,
pC1_type:pC1_10b,25.0,evoked_spikes_per_neuron_per_pulse,cut_vPN1_all_output,0.0,0.0,
pC1_type:pC1_10b,25.0,evoked_spikes_per_neuron_per_pulse,silence_aPN1,0.0,0.0,
pC1_type:pC1_10b,35.0,peak_rate_hz,silence_vPN1,0.0,0.0,
pC1_type:pC1_10b,35.0,peak_rate_hz,cut_vPN1_to_pC1,0.0,0.0,
pC1_type:pC1_10b,35.0,peak_rate_hz,cut_vPN1_to_other,0.0,0.0,
pC1_type:pC1_10b,35.0,peak_rate_hz,cut_vPN1_all_output,0.0,0.0,
pC1_type:pC1_10b,35.0,peak_rate_hz,silence_aPN1,0.0,0.0,
pC1_type:pC1_10b,35.0,evoked_spikes_per_neuron_per_pulse,silence_vPN1,0.0,0.0,
pC1_type:pC1_10b,35.0,evoked_spikes_per_neuron_per_pulse,cut_vPN1_to_pC1,0.0,0.0,
pC1_type:pC1_10b,35.0,evoked_spikes_per_neuron_per_pulse,cut_vPN1_to_other,0.0,0.0,
pC1_type:pC1_10b,35.0,evoked_spikes_per_neuron_per_pulse,cut_vPN1_all_output,0.0,0.0,
pC1_type:pC1_10b,35.0,evoked_spikes_per_neuron_per_pulse,silence_aPN1,0.0,0.0,
pC1_type:pC1_10b,45.0,peak_rate_hz,silence_vPN1,0.0,0.0,
pC1_type:pC1_10b,45.0,peak_rate_hz,cut_vPN1_to_pC1,0.0,0.0,
pC1_type:pC1_10b,45.0,peak_rate_hz,cut_vPN1_to_other,0.0,0.0,
pC1_type:pC1_10b,45.0,peak_rate_hz,cut_vPN1_all_output,0.0,0.0,
pC1_type:pC1_10b,45.0,peak_rate_hz,silence_aPN1,0.0,0.0,
pC1_type:pC1_10b,45.0,evoked_spikes_per_neuron_per_pulse,silence_vPN1,0.0,0.0,
pC1_type:pC1_10b,45.0,evoked_spikes_per_neuron_per_pulse,cut_vPN1_to_pC1,0.0,0.0,
pC1_type:pC1_10b,45.0,evoked_spikes_per_neuron_per_pulse,cut_vPN1_to_other,0.0,0.0,
pC1_type:pC1_10b,45.0,evoked_spikes_per_neuron_per_pulse,cut_vPN1_all_output,0.0,0.0,
pC1_type:pC1_10b,45.0,evoked_spikes_per_neuron_per_pulse,silence_aPN1,0.0,0.0,
pC1_type:pC1_10b,55.0,peak_rate_hz,silence_vPN1,0.0,0.0,
pC1_type:pC1_10b,55.0,peak_rate_hz,cut_vPN1_to_pC1,0.0,0.0,
pC1_type:pC1_10b,55.0,peak_rate_hz,cut_vPN1_to_other,0.0,0.0,
pC1_type:pC1_10b,55.0,peak_rate_hz,cut_vPN1_all_output,0.0,0.0,
pC1_type:pC1_10b,55.0,peak_rate_hz,silence_aPN1,0.0,0.0,
pC1_type:pC1_10b,55.0,evoked_spikes_per_neuron_per_pulse,silence_vPN1,0.0,0.0,
pC1_type:pC1_10b,55.0,evoked_spikes_per_neuron_per_pulse,cut_vPN1_to_pC1,0.0,0.0,
pC1_type:pC1_10b,55.0,evoked_spikes_per_neuron_per_pulse,cut_vPN1_to_other,0.0,0.0,
pC1_type:pC1_10b,55.0,evoked_spikes_per_neuron_per_pulse,cut_vPN1_all_output,0.0,0.0,
pC1_type:pC1_10b,55.0,evoked_spikes_per_neuron_per_pulse,silence_aPN1,0.0,0.0,
pC1_type:pC1_10b,65.0,peak_rate_hz,silence_vPN1,0.0,0.0,
pC1_type:pC1_10b,65.0,peak_rate_hz,cut_vPN1_to_pC1,0.0,0.0,
pC1_type:pC1_10b,65.0,peak_rate_hz,cut_vPN1_to_other,0.0,0.0,
pC1_type:pC1_10b,65.0,peak_rate_hz,cut_vPN1_all_output,0.0,0.0,
pC1_type:pC1_10b,65.0,peak_rate_hz,silence_aPN1,0.0,0.0,
pC1_type:pC1_10b,65.0,evoked_spikes_per_neuron_per_pulse,silence_vPN1,0.0,0.0,
pC1_type:pC1_10b,65.0,evoked_spikes_per_neuron_per_pulse,cut_vPN1_to_pC1,0.0,0.0,
pC1_type:pC1_10b,65.0,evoked_spikes_per_neuron_per_pulse,cut_vPN1_to_other,0.0,0.0,
pC1_type:pC1_10b,65.0,evoked_spikes_per_neuron_per_pulse,cut_vPN1_all_output,0.0,0.0,
pC1_type:pC1_10b,65.0,evoked_spikes_per_neuron_per_pulse,silence_aPN1,0.0,0.0,
pC1_type:pC1_10b,75.0,peak_rate_hz,silence_vPN1,0.0,0.0,
pC1_type:pC1_10b,75.0,peak_rate_hz,cut_vPN1_to_pC1,0.0,0.0,
pC1_type:pC1_10b,75.0,peak_rate_hz,cut_vPN1_to_other,0.0,0.0,
pC1_type:pC1_10b,75.0,peak_rate_hz,cut_vPN1_all_output,0.0,0.0,
pC1_type:pC1_10b,75.0,peak_rate_hz,silence_aPN1,0.0,0.0,
pC1_type:pC1_10b,75.0,evoked_spikes_per_neuron_per_pulse,silence_vPN1,0.0,0.0,
pC1_type:pC1_10b,75.0,evoked_spikes_per_neuron_per_pulse,cut_vPN1_to_pC1,0.0,0.0,
pC1_type:pC1_10b,75.0,evoked_spikes_per_neuron_per_pulse,cut_vPN1_to_other,0.0,0.0,
pC1_type:pC1_10b,75.0,evoked_spikes_per_neuron_per_pulse,cut_vPN1_all_output,0.0,0.0,
pC1_type:pC1_10b,75.0,evoked_spikes_per_neuron_per_pulse,silence_aPN1,0.0,0.0,
pC1_type:pC1_10b,85.0,peak_rate_hz,silence_vPN1,0.0,0.0,
pC1_type:pC1_10b,85.0,peak_rate_hz,cut_vPN1_to_pC1,0.0,0.0,
pC1_type:pC1_10b,85.0,peak_rate_hz,cut_vPN1_to_other,0.0,0.0,
pC1_type:pC1_10b,85.0,peak_rate_hz,cut_vPN1_all_output,0.0,0.0,
pC1_type:pC1_10b,85.0,peak_rate_hz,silence_aPN1,0.0,0.0,
pC1_type:pC1_10b,85.0,evoked_spikes_per_neuron_per_pulse,silence_vPN1,0.0,0.0,
pC1_type:pC1_10b,85.0,evoked_spikes_per_neuron_per_pulse,cut_vPN1_to_pC1,0.0,0.0,
pC1_type:pC1_10b,85.0,evoked_spikes_per_neuron_per_pulse,cut_vPN1_to_other,0.0,0.0,
pC1_type:pC1_10b,85.0,evoked_spikes_per_neuron_per_pulse,cut_vPN1_all_output,0.0,0.0,
pC1_type:pC1_10b,85.0,evoked_spikes_per_neuron_per_pulse,silence_aPN1,0.0,0.0,
pC1_type:pC1_10b,95.0,peak_rate_hz,silence_vPN1,0.0,0.0,
pC1_type:pC1_10b,95.0,peak_rate_hz,cut_vPN1_to_pC1,0.0,0.0,
pC1_type:pC1_10b,95.0,peak_rate_hz,cut_vPN1_to_other,0.0,0.0,
pC1_type:pC1_10b,95.0,peak_rate_hz,cut_vPN1_all_output,0.0,0.0,
pC1_type:pC1_10b,95.0,peak_rate_hz,silence_aPN1,0.0,0.0,
pC1_type:pC1_10b,95.0,evoked_spikes_per_neuron_per_pulse,silence_vPN1,0.0,0.0,
pC1_type:pC1_10b,95.0,evoked_spikes_per_neuron_per_pulse,cut_vPN1_to_pC1,0.0,0.0,
pC1_type:pC1_10b,95.0,evoked_spikes_per_neuron_per_pulse,cut_vPN1_to_other,0.0,0.0,
pC1_type:pC1_10b,95.0,evoked_spikes_per_neuron_per_pulse,cut_vPN1_all_output,0.0,0.0,
pC1_type:pC1_10b,95.0,evoked_spikes_per_neuron_per_pulse,silence_aPN1,0.0,0.0,
pC1_type:pC1_10c,15.0,peak_rate_hz,silence_vPN1,0.0,5.0,
pC1_type:pC1_10c,15.0,peak_rate_hz,cut_vPN1_to_pC1,0.0,0.0,
pC1_type:pC1_10c,15.0,peak_rate_hz,cut_vPN1_to_other,0.0,0.0,
pC1_type:pC1_10c,15.0,peak_rate_hz,cut_vPN1_all_output,0.0,5.0,
pC1_type:pC1_10c,15.0,peak_rate_hz,silence_aPN1,0.0,0.0,
pC1_type:pC1_10c,15.0,evoked_spikes_per_neuron_per_pulse,silence_vPN1,0.0,0.0125,
pC1_type:pC1_10c,15.0,evoked_spikes_per_neuron_per_pulse,cut_vPN1_to_pC1,0.0,0.0,
pC1_type:pC1_10c,15.0,evoked_spikes_per_neuron_per_pulse,cut_vPN1_to_other,0.0,0.0,
pC1_type:pC1_10c,15.0,evoked_spikes_per_neuron_per_pulse,cut_vPN1_all_output,0.0,0.0125,
pC1_type:pC1_10c,15.0,evoked_spikes_per_neuron_per_pulse,silence_aPN1,0.0,0.0,
pC1_type:pC1_10c,25.0,peak_rate_hz,silence_vPN1,0.0,5.0,
pC1_type:pC1_10c,25.0,peak_rate_hz,cut_vPN1_to_pC1,0.0,0.0,
pC1_type:pC1_10c,25.0,peak_rate_hz,cut_vPN1_to_other,0.0,0.0,
pC1_type:pC1_10c,25.0,peak_rate_hz,cut_vPN1_all_output,0.0,5.0,
pC1_type:pC1_10c,25.0,peak_rate_hz,silence_aPN1,0.0,0.0,
pC1_type:pC1_10c,25.0,evoked_spikes_per_neuron_per_pulse,silence_vPN1,0.0,0.0125,
pC1_type:pC1_10c,25.0,evoked_spikes_per_neuron_per_pulse,cut_vPN1_to_pC1,0.0,0.0,
pC1_type:pC1_10c,25.0,evoked_spikes_per_neuron_per_pulse,cut_vPN1_to_other,0.0,0.0,
pC1_type:pC1_10c,25.0,evoked_spikes_per_neuron_per_pulse,cut_vPN1_all_output,0.0,0.0125,
pC1_type:pC1_10c,25.0,evoked_spikes_per_neuron_per_pulse,silence_aPN1,0.0,0.0,
pC1_type:pC1_10c,35.0,peak_rate_hz,silence_vPN1,15.0,15.0,0.0
pC1_type:pC1_10c,35.0,peak_rate_hz,cut_vPN1_to_pC1,15.0,5.0,66.66666666666667
pC1_type:pC1_10c,35.0,peak_rate_hz,cut_vPN1_to_other,15.0,10.0,33.333333333333336
pC1_type:pC1_10c,35.0,peak_rate_hz,cut_vPN1_all_output,15.0,15.0,0.0
pC1_type:pC1_10c,35.0,peak_rate_hz,silence_aPN1,15.0,5.0,66.66666666666667
pC1_type:pC1_10c,35.0,evoked_spikes_per_neuron_per_pulse,silence_vPN1,0.1625,0.1,38.46153846153846
pC1_type:pC1_10c,35.0,evoked_spikes_per_neuron_per_pulse,cut_vPN1_to_pC1,0.1625,0.025,84.61538461538463
pC1_type:pC1_10c,35.0,evoked_spikes_per_neuron_per_pulse,cut_vPN1_to_other,0.1625,0.05,69.23076923076923
pC1_type:pC1_10c,35.0,evoked_spikes_per_neuron_per_pulse,cut_vPN1_all_output,0.1625,0.1,38.46153846153846
pC1_type:pC1_10c,35.0,evoked_spikes_per_neuron_per_pulse,silence_aPN1,0.1625,0.025,84.61538461538463
pC1_type:pC1_10c,45.0,peak_rate_hz,silence_vPN1,15.0,15.0,0.0
pC1_type:pC1_10c,45.0,peak_rate_hz,cut_vPN1_to_pC1,15.0,15.0,0.0
pC1_type:pC1_10c,45.0,peak_rate_hz,cut_vPN1_to_other,15.0,15.0,0.0
pC1_type:pC1_10c,45.0,peak_rate_hz,cut_vPN1_all_output,15.0,15.0,0.0
pC1_type:pC1_10c,45.0,peak_rate_hz,silence_aPN1,15.0,15.0,0.0
pC1_type:pC1_10c,45.0,evoked_spikes_per_neuron_per_pulse,silence_vPN1,0.25,0.2625,-5.000000000000004
pC1_type:pC1_10c,45.0,evoked_spikes_per_neuron_per_pulse,cut_vPN1_to_pC1,0.25,0.175,30.000000000000004
pC1_type:pC1_10c,45.0,evoked_spikes_per_neuron_per_pulse,cut_vPN1_to_other,0.25,0.2125,15.000000000000002
pC1_type:pC1_10c,45.0,evoked_spikes_per_neuron_per_pulse,cut_vPN1_all_output,0.25,0.2625,-5.000000000000004
pC1_type:pC1_10c,45.0,evoked_spikes_per_neuron_per_pulse,silence_aPN1,0.25,0.1375,44.99999999999999
pC1_type:pC1_10c,55.0,peak_rate_hz,silence_vPN1,10.0,10.0,0.0
pC1_type:pC1_10c,55.0,peak_rate_hz,cut_vPN1_to_pC1,10.0,10.0,0.0
pC1_type:pC1_10c,55.0,peak_rate_hz,cut_vPN1_to_other,10.0,10.0,0.0
pC1_type:pC1_10c,55.0,peak_rate_hz,cut_vPN1_all_output,10.0,10.0,0.0
pC1_type:pC1_10c,55.0,peak_rate_hz,silence_aPN1,10.0,10.0,0.0
pC1_type:pC1_10c,55.0,evoked_spikes_per_neuron_per_pulse,silence_vPN1,0.3875,0.375,3.225806451612906
pC1_type:pC1_10c,55.0,evoked_spikes_per_neuron_per_pulse,cut_vPN1_to_pC1,0.3875,0.3375,12.90322580645161
pC1_type:pC1_10c,55.0,evoked_spikes_per_neuron_per_pulse,cut_vPN1_to_other,0.3875,0.2625,32.25806451612903
pC1_type:pC1_10c,55.0,evoked_spikes_per_neuron_per_pulse,cut_vPN1_all_output,0.3875,0.375,3.225806451612906
pC1_type:pC1_10c,55.0,evoked_spikes_per_neuron_per_pulse,silence_aPN1,0.3875,0.25,35.483870967741936
pC1_type:pC1_10c,65.0,peak_rate_hz,silence_vPN1,10.0,10.0,0.0
pC1_type:pC1_10c,65.0,peak_rate_hz,cut_vPN1_to_pC1,10.0,10.0,0.0
pC1_type:pC1_10c,65.0,peak_rate_hz,cut_vPN1_to_other,10.0,15.0,-50.0
pC1_type:pC1_10c,65.0,peak_rate_hz,cut_vPN1_all_output,10.0,10.0,0.0
pC1_type:pC1_10c,65.0,peak_rate_hz,silence_aPN1,10.0,10.0,0.0
pC1_type:pC1_10c,65.0,evoked_spikes_per_neuron_per_pulse,silence_vPN1,0.2375,0.3375,-42.105263157894754
pC1_type:pC1_10c,65.0,evoked_spikes_per_neuron_per_pulse,cut_vPN1_to_pC1,0.2375,0.2125,10.526315789473683
pC1_type:pC1_10c,65.0,evoked_spikes_per_neuron_per_pulse,cut_vPN1_to_other,0.2375,0.3625,-52.631578947368425
pC1_type:pC1_10c,65.0,evoked_spikes_per_neuron_per_pulse,cut_vPN1_all_output,0.2375,0.3375,-42.105263157894754
pC1_type:pC1_10c,65.0,evoked_spikes_per_neuron_per_pulse,silence_aPN1,0.2375,0.2875,-21.052631578947366
pC1_type:pC1_10c,75.0,peak_rate_hz,silence_vPN1,10.0,15.0,-50.0
pC1_type:pC1_10c,75.0,peak_rate_hz,cut_vPN1_to_pC1,10.0,15.0,-50.0
pC1_type:pC1_10c,75.0,peak_rate_hz,cut_vPN1_to_other,10.0,15.0,-50.0
pC1_type:pC1_10c,75.0,peak_rate_hz,cut_vPN1_all_output,10.0,15.0,-50.0
pC1_type:pC1_10c,75.0,peak_rate_hz,silence_aPN1,10.0,10.0,0.0
pC1_type:pC1_10c,75.0,evoked_spikes_per_neuron_per_pulse,silence_vPN1,0.325,0.4,-23.07692307692308
pC1_type:pC1_10c,75.0,evoked_spikes_per_neuron_per_pulse,cut_vPN1_to_pC1,0.325,0.3875,-19.23076923076923
pC1_type:pC1_10c,75.0,evoked_spikes_per_neuron_per_pulse,cut_vPN1_to_other,0.325,0.3125,3.8461538461538494
pC1_type:pC1_10c,75.0,evoked_spikes_per_neuron_per_pulse,cut_vPN1_all_output,0.325,0.4,-23.07692307692308
pC1_type:pC1_10c,75.0,evoked_spikes_per_neuron_per_pulse,silence_aPN1,0.325,0.05,84.61538461538463
pC1_type:pC1_10c,85.0,peak_rate_hz,silence_vPN1,10.0,10.0,0.0
pC1_type:pC1_10c,85.0,peak_rate_hz,cut_vPN1_to_pC1,10.0,10.0,0.0
pC1_type:pC1_10c,85.0,peak_rate_hz,cut_vPN1_to_other,10.0,10.0,0.0
pC1_type:pC1_10c,85.0,peak_rate_hz,cut_vPN1_all_output,10.0,10.0,0.0
pC1_type:pC1_10c,85.0,peak_rate_hz,silence_aPN1,10.0,0.0,100.0
pC1_type:pC1_10c,85.0,evoked_spikes_per_neuron_per_pulse,silence_vPN1,0.2875,0.3,-4.347826086956526
pC1_type:pC1_10c,85.0,evoked_spikes_per_neuron_per_pulse,cut_vPN1_to_pC1,0.2875,0.25,13.04347826086956
pC1_type:pC1_10c,85.0,evoked_spikes_per_neuron_per_pulse,cut_vPN1_to_other,0.2875,0.25,13.04347826086956
pC1_type:pC1_10c,85.0,evoked_spikes_per_neuron_per_pulse,cut_vPN1_all_output,0.2875,0.3,-4.347826086956526
pC1_type:pC1_10c,85.0,evoked_spikes_per_neuron_per_pulse,silence_aPN1,0.2875,0.0,100.0
pC1_type:pC1_10c,95.0,peak_rate_hz,silence_vPN1,10.0,10.0,0.0
pC1_type:pC1_10c,95.0,peak_rate_hz,cut_vPN1_to_pC1,10.0,10.0,0.0
pC1_type:pC1_10c,95.0,peak_rate_hz,cut_vPN1_to_other,10.0,10.0,0.0
pC1_type:pC1_10c,95.0,peak_rate_hz,cut_vPN1_all_output,10.0,10.0,0.0
pC1_type:pC1_10c,95.0,peak_rate_hz,silence_aPN1,10.0,5.0,50.0
pC1_type:pC1_10c,95.0,evoked_spikes_per_neuron_per_pulse,silence_vPN1,0.2625,0.325,-23.80952380952381
pC1_type:pC1_10c,95.0,evoked_spikes_per_neuron_per_pulse,cut_vPN1_to_pC1,0.2625,0.25,4.761904761904766
pC1_type:pC1_10c,95.0,evoked_spikes_per_neuron_per_pulse,cut_vPN1_to_other,0.2625,0.275,-4.761904761904766
pC1_type:pC1_10c,95.0,evoked_spikes_per_neuron_per_pulse,cut_vPN1_all_output,0.2625,0.325,-23.80952380952381
pC1_type:pC1_10c,95.0,evoked_spikes_per_neuron_per_pulse,silence_aPN1,0.2625,0.0125,95.23809523809524
pC1_type:pC1_10d,15.0,peak_rate_hz,silence_vPN1,10.0,10.0,0.0
pC1_type:pC1_10d,15.0,peak_rate_hz,cut_vPN1_to_pC1,10.0,10.0,0.0
pC1_type:pC1_10d,15.0,peak_rate_hz,cut_vPN1_to_other,10.0,10.0,0.0
pC1_type:pC1_10d,15.0,peak_rate_hz,cut_vPN1_all_output,10.0,10.0,0.0
pC1_type:pC1_10d,15.0,peak_rate_hz,silence_aPN1,10.0,0.0,100.0
pC1_type:pC1_10d,15.0,evoked_spikes_per_neuron_per_pulse,silence_vPN1,0.025,0.025,0.0
pC1_type:pC1_10d,15.0,evoked_spikes_per_neuron_per_pulse,cut_vPN1_to_pC1,0.025,0.025,0.0
pC1_type:pC1_10d,15.0,evoked_spikes_per_neuron_per_pulse,cut_vPN1_to_other,0.025,0.025,0.0
pC1_type:pC1_10d,15.0,evoked_spikes_per_neuron_per_pulse,cut_vPN1_all_output,0.025,0.025,0.0
pC1_type:pC1_10d,15.0,evoked_spikes_per_neuron_per_pulse,silence_aPN1,0.025,0.0,100.0
pC1_type:pC1_10d,25.0,peak_rate_hz,silence_vPN1,10.0,10.0,0.0
pC1_type:pC1_10d,25.0,peak_rate_hz,cut_vPN1_to_pC1,10.0,10.0,0.0
pC1_type:pC1_10d,25.0,peak_rate_hz,cut_vPN1_to_other,10.0,10.0,0.0
pC1_type:pC1_10d,25.0,peak_rate_hz,cut_vPN1_all_output,10.0,10.0,0.0
pC1_type:pC1_10d,25.0,peak_rate_hz,silence_aPN1,10.0,0.0,100.0
pC1_type:pC1_10d,25.0,evoked_spikes_per_neuron_per_pulse,silence_vPN1,0.025,0.025,0.0
pC1_type:pC1_10d,25.0,evoked_spikes_per_neuron_per_pulse,cut_vPN1_to_pC1,0.025,0.025,0.0
pC1_type:pC1_10d,25.0,evoked_spikes_per_neuron_per_pulse,cut_vPN1_to_other,0.025,0.025,0.0
pC1_type:pC1_10d,25.0,evoked_spikes_per_neuron_per_pulse,cut_vPN1_all_output,0.025,0.025,0.0
pC1_type:pC1_10d,25.0,evoked_spikes_per_neuron_per_pulse,silence_aPN1,0.025,0.0,100.0
pC1_type:pC1_10d,35.0,peak_rate_hz,silence_vPN1,30.0,30.0,0.0
pC1_type:pC1_10d,35.0,peak_rate_hz,cut_vPN1_to_pC1,30.0,20.0,33.333333333333336
pC1_type:pC1_10d,35.0,peak_rate_hz,cut_vPN1_to_other,30.0,20.0,33.333333333333336
pC1_type:pC1_10d,35.0,peak_rate_hz,cut_vPN1_all_output,30.0,30.0,0.0
pC1_type:pC1_10d,35.0,peak_rate_hz,silence_aPN1,30.0,20.0,33.333333333333336
pC1_type:pC1_10d,35.0,evoked_spikes_per_neuron_per_pulse,silence_vPN1,0.45,0.2,55.55555555555556
pC1_type:pC1_10d,35.0,evoked_spikes_per_neuron_per_pulse,cut_vPN1_to_pC1,0.45,0.175,61.111111111111114
pC1_type:pC1_10d,35.0,evoked_spikes_per_neuron_per_pulse,cut_vPN1_to_other,0.45,0.275,38.888888888888886
pC1_type:pC1_10d,35.0,evoked_spikes_per_neuron_per_pulse,cut_vPN1_all_output,0.45,0.2,55.55555555555556
pC1_type:pC1_10d,35.0,evoked_spikes_per_neuron_per_pulse,silence_aPN1,0.45,0.125,72.22222222222221
pC1_type:pC1_10d,45.0,peak_rate_hz,silence_vPN1,30.0,30.0,0.0
pC1_type:pC1_10d,45.0,peak_rate_hz,cut_vPN1_to_pC1,30.0,30.0,0.0
pC1_type:pC1_10d,45.0,peak_rate_hz,cut_vPN1_to_other,30.0,30.0,0.0
pC1_type:pC1_10d,45.0,peak_rate_hz,cut_vPN1_all_output,30.0,30.0,0.0
pC1_type:pC1_10d,45.0,peak_rate_hz,silence_aPN1,30.0,30.0,0.0
pC1_type:pC1_10d,45.0,evoked_spikes_per_neuron_per_pulse,silence_vPN1,0.5,0.575,-14.999999999999991
pC1_type:pC1_10d,45.0,evoked_spikes_per_neuron_per_pulse,cut_vPN1_to_pC1,0.5,0.625,-25.0
pC1_type:pC1_10d,45.0,evoked_spikes_per_neuron_per_pulse,cut_vPN1_to_other,0.5,0.475,5.000000000000004
pC1_type:pC1_10d,45.0,evoked_spikes_per_neuron_per_pulse,cut_vPN1_all_output,0.5,0.575,-14.999999999999991
pC1_type:pC1_10d,45.0,evoked_spikes_per_neuron_per_pulse,silence_aPN1,0.5,0.425,15.000000000000002
pC1_type:pC1_10d,55.0,peak_rate_hz,silence_vPN1,20.0,20.0,0.0
pC1_type:pC1_10d,55.0,peak_rate_hz,cut_vPN1_to_pC1,20.0,20.0,0.0
pC1_type:pC1_10d,55.0,peak_rate_hz,cut_vPN1_to_other,20.0,20.0,0.0
pC1_type:pC1_10d,55.0,peak_rate_hz,cut_vPN1_all_output,20.0,20.0,0.0
pC1_type:pC1_10d,55.0,peak_rate_hz,silence_aPN1,20.0,20.0,0.0
pC1_type:pC1_10d,55.0,evoked_spikes_per_neuron_per_pulse,silence_vPN1,0.375,0.55,-46.66666666666668
pC1_type:pC1_10d,55.0,evoked_spikes_per_neuron_per_pulse,cut_vPN1_to_pC1,0.375,0.225,40.0
pC1_type:pC1_10d,55.0,evoked_spikes_per_neuron_per_pulse,cut_vPN1_to_other,0.375,0.6,-59.99999999999999
pC1_type:pC1_10d,55.0,evoked_spikes_per_neuron_per_pulse,cut_vPN1_all_output,0.375,0.55,-46.66666666666668
pC1_type:pC1_10d,55.0,evoked_spikes_per_neuron_per_pulse,silence_aPN1,0.375,0.6,-59.99999999999999
pC1_type:pC1_10d,65.0,peak_rate_hz,silence_vPN1,20.0,20.0,0.0
pC1_type:pC1_10d,65.0,peak_rate_hz,cut_vPN1_to_pC1,20.0,20.0,0.0
pC1_type:pC1_10d,65.0,peak_rate_hz,cut_vPN1_to_other,20.0,20.0,0.0
pC1_type:pC1_10d,65.0,peak_rate_hz,cut_vPN1_all_output,20.0,20.0,0.0
pC1_type:pC1_10d,65.0,peak_rate_hz,silence_aPN1,20.0,20.0,0.0
pC1_type:pC1_10d,65.0,evoked_spikes_per_neuron_per_pulse,silence_vPN1,0.7,0.775,-10.714285714285726
pC1_type:pC1_10d,65.0,evoked_spikes_per_neuron_per_pulse,cut_vPN1_to_pC1,0.7,0.65,7.1428571428571335
pC1_type:pC1_10d,65.0,evoked_spikes_per_neuron_per_pulse,cut_vPN1_to_other,0.7,0.825,-17.857142857142858
pC1_type:pC1_10d,65.0,evoked_spikes_per_neuron_per_pulse,cut_vPN1_all_output,0.7,0.775,-10.714285714285726
pC1_type:pC1_10d,65.0,evoked_spikes_per_neuron_per_pulse,silence_aPN1,0.7,0.925,-32.14285714285715
pC1_type:pC1_10d,75.0,peak_rate_hz,silence_vPN1,20.0,20.0,0.0
pC1_type:pC1_10d,75.0,peak_rate_hz,cut_vPN1_to_pC1,20.0,20.0,0.0
pC1_type:pC1_10d,75.0,peak_rate_hz,cut_vPN1_to_other,20.0,20.0,0.0
pC1_type:pC1_10d,75.0,peak_rate_hz,cut_vPN1_all_output,20.0,20.0,0.0
pC1_type:pC1_10d,75.0,peak_rate_hz,silence_aPN1,20.0,20.0,0.0
pC1_type:pC1_10d,75.0,evoked_spikes_per_neuron_per_pulse,silence_vPN1,0.8,0.925,-15.625
pC1_type:pC1_10d,75.0,evoked_spikes_per_neuron_per_pulse,cut_vPN1_to_pC1,0.8,0.825,-3.124999999999989
pC1_type:pC1_10d,75.0,evoked_spikes_per_neuron_per_pulse,cut_vPN1_to_other,0.8,0.8,0.0
pC1_type:pC1_10d,75.0,evoked_spikes_per_neuron_per_pulse,cut_vPN1_all_output,0.8,0.925,-15.625
pC1_type:pC1_10d,75.0,evoked_spikes_per_neuron_per_pulse,silence_aPN1,0.8,0.975,-21.87499999999999
pC1_type:pC1_10d,85.0,peak_rate_hz,silence_vPN1,20.0,20.0,0.0
pC1_type:pC1_10d,85.0,peak_rate_hz,cut_vPN1_to_pC1,20.0,20.0,0.0
pC1_type:pC1_10d,85.0,peak_rate_hz,cut_vPN1_to_other,20.0,20.0,0.0
pC1_type:pC1_10d,85.0,peak_rate_hz,cut_vPN1_all_output,20.0,20.0,0.0
pC1_type:pC1_10d,85.0,peak_rate_hz,silence_aPN1,20.0,20.0,0.0
pC1_type:pC1_10d,85.0,evoked_spikes_per_neuron_per_pulse,silence_vPN1,0.675,0.725,-7.407407407407397
pC1_type:pC1_10d,85.0,evoked_spikes_per_neuron_per_pulse,cut_vPN1_to_pC1,0.675,0.7,-3.7037037037036904
pC1_type:pC1_10d,85.0,evoked_spikes_per_neuron_per_pulse,cut_vPN1_to_other,0.675,0.7,-3.7037037037036904
pC1_type:pC1_10d,85.0,evoked_spikes_per_neuron_per_pulse,cut_vPN1_all_output,0.675,0.725,-7.407407407407397
pC1_type:pC1_10d,85.0,evoked_spikes_per_neuron_per_pulse,silence_aPN1,0.675,0.975,-44.44444444444443
pC1_type:pC1_10d,95.0,peak_rate_hz,silence_vPN1,20.0,20.0,0.0
pC1_type:pC1_10d,95.0,peak_rate_hz,cut_vPN1_to_pC1,20.0,20.0,0.0
pC1_type:pC1_10d,95.0,peak_rate_hz,cut_vPN1_to_other,20.0,20.0,0.0
pC1_type:pC1_10d,95.0,peak_rate_hz,cut_vPN1_all_output,20.0,20.0,0.0
pC1_type:pC1_10d,95.0,peak_rate_hz,silence_aPN1,20.0,20.0,0.0
pC1_type:pC1_10d,95.0,evoked_spikes_per_neuron_per_pulse,silence_vPN1,0.775,0.75,3.225806451612906
pC1_type:pC1_10d,95.0,evoked_spikes_per_neuron_per_pulse,cut_vPN1_to_pC1,0.775,0.725,6.451612903225812
pC1_type:pC1_10d,95.0,evoked_spikes_per_neuron_per_pulse,cut_vPN1_to_other,0.775,0.8,-3.225806451612906
pC1_type:pC1_10d,95.0,evoked_spikes_per_neuron_per_pulse,cut_vPN1_all_output,0.775,0.75,3.225806451612906
pC1_type:pC1_10d,95.0,evoked_spikes_per_neuron_per_pulse,silence_aPN1,0.775,0.975,-25.80645161290322
pC1_type:pC1_11a,15.0,peak_rate_hz,silence_vPN1,15.0,10.0,33.333333333333336
pC1_type:pC1_11a,15.0,peak_rate_hz,cut_vPN1_to_pC1,15.0,10.0,33.333333333333336
pC1_type:pC1_11a,15.0,peak_rate_hz,cut_vPN1_to_other,15.0,10.0,33.333333333333336
pC1_type:pC1_11a,15.0,peak_rate_hz,cut_vPN1_all_output,15.0,10.0,33.333333333333336
pC1_type:pC1_11a,15.0,peak_rate_hz,silence_aPN1,15.0,10.0,33.333333333333336
pC1_type:pC1_11a,15.0,evoked_spikes_per_neuron_per_pulse,silence_vPN1,0.0625,0.025,60.0
pC1_type:pC1_11a,15.0,evoked_spikes_per_neuron_per_pulse,cut_vPN1_to_pC1,0.0625,0.025,60.0
pC1_type:pC1_11a,15.0,evoked_spikes_per_neuron_per_pulse,cut_vPN1_to_other,0.0625,0.025,60.0
pC1_type:pC1_11a,15.0,evoked_spikes_per_neuron_per_pulse,cut_vPN1_all_output,0.0625,0.025,60.0
pC1_type:pC1_11a,15.0,evoked_spikes_per_neuron_per_pulse,silence_aPN1,0.0625,0.025,60.0
pC1_type:pC1_11a,25.0,peak_rate_hz,silence_vPN1,40.0,45.0,-12.5
pC1_type:pC1_11a,25.0,peak_rate_hz,cut_vPN1_to_pC1,40.0,25.0,37.5
pC1_type:pC1_11a,25.0,peak_rate_hz,cut_vPN1_to_other,40.0,35.0,12.5
pC1_type:pC1_11a,25.0,peak_rate_hz,cut_vPN1_all_output,40.0,45.0,-12.5
pC1_type:pC1_11a,25.0,peak_rate_hz,silence_aPN1,40.0,50.0,-25.0
pC1_type:pC1_11a,25.0,evoked_spikes_per_neuron_per_pulse,silence_vPN1,0.3875,0.4875,-25.80645161290322
pC1_type:pC1_11a,25.0,evoked_spikes_per_neuron_per_pulse,cut_vPN1_to_pC1,0.3875,0.2125,45.16129032258064
pC1_type:pC1_11a,25.0,evoked_spikes_per_neuron_per_pulse,cut_vPN1_to_other,0.3875,0.4625,-19.35483870967742
pC1_type:pC1_11a,25.0,evoked_spikes_per_neuron_per_pulse,cut_vPN1_all_output,0.3875,0.4875,-25.80645161290322
pC1_type:pC1_11a,25.0,evoked_spikes_per_neuron_per_pulse,silence_aPN1,0.3875,0.5875,-51.61290322580645
pC1_type:pC1_11a,35.0,peak_rate_hz,silence_vPN1,35.0,30.0,14.285714285714286
pC1_type:pC1_11a,35.0,peak_rate_hz,cut_vPN1_to_pC1,35.0,35.0,0.0
pC1_type:pC1_11a,35.0,peak_rate_hz,cut_vPN1_to_other,35.0,40.0,-14.285714285714286
pC1_type:pC1_11a,35.0,peak_rate_hz,cut_vPN1_all_output,35.0,30.0,14.285714285714286
pC1_type:pC1_11a,35.0,peak_rate_hz,silence_aPN1,35.0,35.0,0.0
pC1_type:pC1_11a,35.0,evoked_spikes_per_neuron_per_pulse,silence_vPN1,1.0,0.95,5.000000000000004
pC1_type:pC1_11a,35.0,evoked_spikes_per_neuron_per_pulse,cut_vPN1_to_pC1,1.0,0.975,2.500000000000002
pC1_type:pC1_11a,35.0,evoked_spikes_per_neuron_per_pulse,cut_vPN1_to_other,1.0,0.875,12.5
pC1_type:pC1_11a,35.0,evoked_spikes_per_neuron_per_pulse,cut_vPN1_all_output,1.0,0.95,5.000000000000004
pC1_type:pC1_11a,35.0,evoked_spikes_per_neuron_per_pulse,silence_aPN1,1.0,0.9,9.999999999999998
pC1_type:pC1_11a,45.0,peak_rate_hz,silence_vPN1,35.0,50.0,-42.857142857142854
pC1_type:pC1_11a,45.0,peak_rate_hz,cut_vPN1_to_pC1,35.0,30.0,14.285714285714286
pC1_type:pC1_11a,45.0,peak_rate_hz,cut_vPN1_to_other,35.0,50.0,-42.857142857142854
pC1_type:pC1_11a,45.0,peak_rate_hz,cut_vPN1_all_output,35.0,50.0,-42.857142857142854
pC1_type:pC1_11a,45.0,peak_rate_hz,silence_aPN1,35.0,40.0,-14.285714285714286
pC1_type:pC1_11a,45.0,evoked_spikes_per_neuron_per_pulse,silence_vPN1,1.0125,1.35,-33.33333333333335
pC1_type:pC1_11a,45.0,evoked_spikes_per_neuron_per_pulse,cut_vPN1_to_pC1,1.0125,0.975,3.7037037037037015
pC1_type:pC1_11a,45.0,evoked_spikes_per_neuron_per_pulse,cut_vPN1_to_other,1.0125,1.175,-16.04938271604939
pC1_type:pC1_11a,45.0,evoked_spikes_per_neuron_per_pulse,cut_vPN1_all_output,1.0125,1.35,-33.33333333333335
pC1_type:pC1_11a,45.0,evoked_spikes_per_neuron_per_pulse,silence_aPN1,1.0125,0.9,11.111111111111105
pC1_type:pC1_11a,55.0,peak_rate_hz,silence_vPN1,25.0,20.0,20.0
pC1_type:pC1_11a,55.0,peak_rate_hz,cut_vPN1_to_pC1,25.0,25.0,0.0
pC1_type:pC1_11a,55.0,peak_rate_hz,cut_vPN1_to_other,25.0,40.0,-60.0
pC1_type:pC1_11a,55.0,peak_rate_hz,cut_vPN1_all_output,25.0,20.0,20.0
pC1_type:pC1_11a,55.0,peak_rate_hz,silence_aPN1,25.0,30.0,-20.0
pC1_type:pC1_11a,55.0,evoked_spikes_per_neuron_per_pulse,silence_vPN1,1.0125,1.0,1.2345679012345636
pC1_type:pC1_11a,55.0,evoked_spikes_per_neuron_per_pulse,cut_vPN1_to_pC1,1.0125,1.0125,0.0
pC1_type:pC1_11a,55.0,evoked_spikes_per_neuron_per_pulse,cut_vPN1_to_other,1.0125,1.0,1.2345679012345636
pC1_type:pC1_11a,55.0,evoked_spikes_per_neuron_per_pulse,cut_vPN1_all_output,1.0125,1.0,1.2345679012345636
pC1_type:pC1_11a,55.0,evoked_spikes_per_neuron_per_pulse,silence_aPN1,1.0125,1.0375,-2.469135802469149
pC1_type:pC1_11a,65.0,peak_rate_hz,silence_vPN1,30.0,25.0,16.666666666666668
pC1_type:pC1_11a,65.0,peak_rate_hz,cut_vPN1_to_pC1,30.0,20.0,33.333333333333336
pC1_type:pC1_11a,65.0,peak_rate_hz,cut_vPN1_to_other,30.0,30.0,0.0
pC1_type:pC1_11a,65.0,peak_rate_hz,cut_vPN1_all_output,30.0,25.0,16.666666666666668
pC1_type:pC1_11a,65.0,peak_rate_hz,silence_aPN1,30.0,40.0,-33.333333333333336
pC1_type:pC1_11a,65.0,evoked_spikes_per_neuron_per_pulse,silence_vPN1,1.0375,1.025,1.2048192771084507
pC1_type:pC1_11a,65.0,evoked_spikes_per_neuron_per_pulse,cut_vPN1_to_pC1,1.0375,1.0,3.6144578313253093
pC1_type:pC1_11a,65.0,evoked_spikes_per_neuron_per_pulse,cut_vPN1_to_other,1.0375,1.0625,-2.409638554216859
pC1_type:pC1_11a,65.0,evoked_spikes_per_neuron_per_pulse,cut_vPN1_all_output,1.0375,1.025,1.2048192771084507
pC1_type:pC1_11a,65.0,evoked_spikes_per_neuron_per_pulse,silence_aPN1,1.0375,1.1,-6.024096385542168
pC1_type:pC1_11a,75.0,peak_rate_hz,silence_vPN1,25.0,30.0,-20.0
pC1_type:pC1_11a,75.0,peak_rate_hz,cut_vPN1_to_pC1,25.0,25.0,0.0
pC1_type:pC1_11a,75.0,peak_rate_hz,cut_vPN1_to_other,25.0,20.0,20.0
pC1_type:pC1_11a,75.0,peak_rate_hz,cut_vPN1_all_output,25.0,30.0,-20.0
pC1_type:pC1_11a,75.0,peak_rate_hz,silence_aPN1,25.0,20.0,20.0
pC1_type:pC1_11a,75.0,evoked_spikes_per_neuron_per_pulse,silence_vPN1,1.0125,1.025,-1.2345679012345636
pC1_type:pC1_11a,75.0,evoked_spikes_per_neuron_per_pulse,cut_vPN1_to_pC1,1.0125,1.0125,0.0
pC1_type:pC1_11a,75.0,evoked_spikes_per_neuron_per_pulse,cut_vPN1_to_other,1.0125,0.925,8.641975308641968
pC1_type:pC1_11a,75.0,evoked_spikes_per_neuron_per_pulse,cut_vPN1_all_output,1.0125,1.025,-1.2345679012345636
pC1_type:pC1_11a,75.0,evoked_spikes_per_neuron_per_pulse,silence_aPN1,1.0125,1.0,1.2345679012345636
pC1_type:pC1_11a,85.0,peak_rate_hz,silence_vPN1,25.0,20.0,20.0
pC1_type:pC1_11a,85.0,peak_rate_hz,cut_vPN1_to_pC1,25.0,20.0,20.0
pC1_type:pC1_11a,85.0,peak_rate_hz,cut_vPN1_to_other,25.0,20.0,20.0
pC1_type:pC1_11a,85.0,peak_rate_hz,cut_vPN1_all_output,25.0,20.0,20.0
pC1_type:pC1_11a,85.0,peak_rate_hz,silence_aPN1,25.0,20.0,20.0
pC1_type:pC1_11a,85.0,evoked_spikes_per_neuron_per_pulse,silence_vPN1,0.9875,0.975,1.2658227848101333
pC1_type:pC1_11a,85.0,evoked_spikes_per_neuron_per_pulse,cut_vPN1_to_pC1,0.9875,0.95,3.7974683544303884
pC1_type:pC1_11a,85.0,evoked_spikes_per_neuron_per_pulse,cut_vPN1_to_other,0.9875,1.0,-1.265822784810122
pC1_type:pC1_11a,85.0,evoked_spikes_per_neuron_per_pulse,cut_vPN1_all_output,0.9875,0.975,1.2658227848101333
pC1_type:pC1_11a,85.0,evoked_spikes_per_neuron_per_pulse,silence_aPN1,0.9875,1.0,-1.265822784810122
pC1_type:pC1_11a,95.0,peak_rate_hz,silence_vPN1,20.0,25.0,-25.0
pC1_type:pC1_11a,95.0,peak_rate_hz,cut_vPN1_to_pC1,20.0,55.0,-175.0
pC1_type:pC1_11a,95.0,peak_rate_hz,cut_vPN1_to_other,20.0,40.0,-100.0
pC1_type:pC1_11a,95.0,peak_rate_hz,cut_vPN1_all_output,20.0,25.0,-25.0
pC1_type:pC1_11a,95.0,peak_rate_hz,silence_aPN1,20.0,20.0,0.0
pC1_type:pC1_11a,95.0,evoked_spikes_per_neuron_per_pulse,silence_vPN1,1.0,1.025,-2.499999999999991
pC1_type:pC1_11a,95.0,evoked_spikes_per_neuron_per_pulse,cut_vPN1_to_pC1,1.0,1.0875,-8.749999999999991
pC1_type:pC1_11a,95.0,evoked_spikes_per_neuron_per_pulse,cut_vPN1_to_other,1.0,1.05,-5.000000000000004
pC1_type:pC1_11a,95.0,evoked_spikes_per_neuron_per_pulse,cut_vPN1_all_output,1.0,1.025,-2.499999999999991
pC1_type:pC1_11a,95.0,evoked_spikes_per_neuron_per_pulse,silence_aPN1,1.0,1.0,0.0
pC1_type:pC1_11b,15.0,peak_rate_hz,silence_vPN1,15.0,15.0,0.0
pC1_type:pC1_11b,15.0,peak_rate_hz,cut_vPN1_to_pC1,15.0,15.0,0.0
pC1_type:pC1_11b,15.0,peak_rate_hz,cut_vPN1_to_other,15.0,15.0,0.0
pC1_type:pC1_11b,15.0,peak_rate_hz,cut_vPN1_all_output,15.0,15.0,0.0
pC1_type:pC1_11b,15.0,peak_rate_hz,silence_aPN1,15.0,10.0,33.333333333333336
pC1_type:pC1_11b,15.0,evoked_spikes_per_neuron_per_pulse,silence_vPN1,0.0625,0.05,19.999999999999996
pC1_type:pC1_11b,15.0,evoked_spikes_per_neuron_per_pulse,cut_vPN1_to_pC1,0.0625,0.0625,0.0
pC1_type:pC1_11b,15.0,evoked_spikes_per_neuron_per_pulse,cut_vPN1_to_other,0.0625,0.05,19.999999999999996
pC1_type:pC1_11b,15.0,evoked_spikes_per_neuron_per_pulse,cut_vPN1_all_output,0.0625,0.05,19.999999999999996
pC1_type:pC1_11b,15.0,evoked_spikes_per_neuron_per_pulse,silence_aPN1,0.0625,0.025,60.0
pC1_type:pC1_11b,25.0,peak_rate_hz,silence_vPN1,15.0,20.0,-33.333333333333336
pC1_type:pC1_11b,25.0,peak_rate_hz,cut_vPN1_to_pC1,15.0,15.0,0.0
pC1_type:pC1_11b,25.0,peak_rate_hz,cut_vPN1_to_other,15.0,15.0,0.0
pC1_type:pC1_11b,25.0,peak_rate_hz,cut_vPN1_all_output,15.0,20.0,-33.333333333333336
pC1_type:pC1_11b,25.0,peak_rate_hz,silence_aPN1,15.0,15.0,0.0
pC1_type:pC1_11b,25.0,evoked_spikes_per_neuron_per_pulse,silence_vPN1,0.0625,0.1375,-120.00000000000001
pC1_type:pC1_11b,25.0,evoked_spikes_per_neuron_per_pulse,cut_vPN1_to_pC1,0.0625,0.0625,0.0
pC1_type:pC1_11b,25.0,evoked_spikes_per_neuron_per_pulse,cut_vPN1_to_other,0.0625,0.1,-60.00000000000001
pC1_type:pC1_11b,25.0,evoked_spikes_per_neuron_per_pulse,cut_vPN1_all_output,0.0625,0.1375,-120.00000000000001
pC1_type:pC1_11b,25.0,evoked_spikes_per_neuron_per_pulse,silence_aPN1,0.0625,0.15,-140.0
pC1_type:pC1_11b,35.0,peak_rate_hz,silence_vPN1,40.0,40.0,0.0
pC1_type:pC1_11b,35.0,peak_rate_hz,cut_vPN1_to_pC1,40.0,35.0,12.5
pC1_type:pC1_11b,35.0,peak_rate_hz,cut_vPN1_to_other,40.0,40.0,0.0
pC1_type:pC1_11b,35.0,peak_rate_hz,cut_vPN1_all_output,40.0,40.0,0.0
pC1_type:pC1_11b,35.0,peak_rate_hz,silence_aPN1,40.0,45.0,-12.5
pC1_type:pC1_11b,35.0,evoked_spikes_per_neuron_per_pulse,silence_vPN1,0.925,0.7375,20.27027027027027
pC1_type:pC1_11b,35.0,evoked_spikes_per_neuron_per_pulse,cut_vPN1_to_pC1,0.925,0.725,21.621621621621628
pC1_type:pC1_11b,35.0,evoked_spikes_per_neuron_per_pulse,cut_vPN1_to_other,0.925,0.6125,33.78378378378378
pC1_type:pC1_11b,35.0,evoked_spikes_per_neuron_per_pulse,cut_vPN1_all_output,0.925,0.7375,20.27027027027027
pC1_type:pC1_11b,35.0,evoked_spikes_per_neuron_per_pulse,silence_aPN1,0.925,0.7125,22.972972972972975
pC1_type:pC1_11b,45.0,peak_rate_hz,silence_vPN1,40.0,50.0,-25.0
pC1_type:pC1_11b,45.0,peak_rate_hz,cut_vPN1_to_pC1,40.0,40.0,0.0
pC1_type:pC1_11b,45.0,peak_rate_hz,cut_vPN1_to_other,40.0,40.0,0.0
pC1_type:pC1_11b,45.0,peak_rate_hz,cut_vPN1_all_output,40.0,50.0,-25.0
pC1_type:pC1_11b,45.0,peak_rate_hz,silence_aPN1,40.0,45.0,-12.5
pC1_type:pC1_11b,45.0,evoked_spikes_per_neuron_per_pulse,silence_vPN1,1.05,1.1625,-10.714285714285717
pC1_type:pC1_11b,45.0,evoked_spikes_per_neuron_per_pulse,cut_vPN1_to_pC1,1.05,0.925,11.904761904761905
pC1_type:pC1_11b,45.0,evoked_spikes_per_neuron_per_pulse,cut_vPN1_to_other,1.05,0.9625,8.333333333333334
pC1_type:pC1_11b,45.0,evoked_spikes_per_neuron_per_pulse,cut_vPN1_all_output,1.05,1.1625,-10.714285714285717
pC1_type:pC1_11b,45.0,evoked_spikes_per_neuron_per_pulse,silence_aPN1,1.05,0.85,19.047619047619055
pC1_type:pC1_11b,55.0,peak_rate_hz,silence_vPN1,25.0,25.0,0.0
pC1_type:pC1_11b,55.0,peak_rate_hz,cut_vPN1_to_pC1,25.0,30.0,-20.0
pC1_type:pC1_11b,55.0,peak_rate_hz,cut_vPN1_to_other,25.0,25.0,0.0
pC1_type:pC1_11b,55.0,peak_rate_hz,cut_vPN1_all_output,25.0,25.0,0.0
pC1_type:pC1_11b,55.0,peak_rate_hz,silence_aPN1,25.0,25.0,0.0
pC1_type:pC1_11b,55.0,evoked_spikes_per_neuron_per_pulse,silence_vPN1,1.025,1.0625,-3.6585365853658627
pC1_type:pC1_11b,55.0,evoked_spikes_per_neuron_per_pulse,cut_vPN1_to_pC1,1.025,1.0375,-1.2195121951219687
pC1_type:pC1_11b,55.0,evoked_spikes_per_neuron_per_pulse,cut_vPN1_to_other,1.025,0.95,7.317073170731704
pC1_type:pC1_11b,55.0,evoked_spikes_per_neuron_per_pulse,cut_vPN1_all_output,1.025,1.0625,-3.6585365853658627
pC1_type:pC1_11b,55.0,evoked_spikes_per_neuron_per_pulse,silence_aPN1,1.025,0.9875,3.658536585365841
pC1_type:pC1_11b,65.0,peak_rate_hz,silence_vPN1,30.0,40.0,-33.333333333333336
pC1_type:pC1_11b,65.0,peak_rate_hz,cut_vPN1_to_pC1,30.0,25.0,16.666666666666668
pC1_type:pC1_11b,65.0,peak_rate_hz,cut_vPN1_to_other,30.0,30.0,0.0
pC1_type:pC1_11b,65.0,peak_rate_hz,cut_vPN1_all_output,30.0,40.0,-33.333333333333336
pC1_type:pC1_11b,65.0,peak_rate_hz,silence_aPN1,30.0,30.0,0.0
pC1_type:pC1_11b,65.0,evoked_spikes_per_neuron_per_pulse,silence_vPN1,1.1125,1.1,1.1235955056179734
pC1_type:pC1_11b,65.0,evoked_spikes_per_neuron_per_pulse,cut_vPN1_to_pC1,1.1125,1.05,5.617977528089887
pC1_type:pC1_11b,65.0,evoked_spikes_per_neuron_per_pulse,cut_vPN1_to_other,1.1125,1.0625,4.494382022471914
pC1_type:pC1_11b,65.0,evoked_spikes_per_neuron_per_pulse,cut_vPN1_all_output,1.1125,1.1,1.1235955056179734
pC1_type:pC1_11b,65.0,evoked_spikes_per_neuron_per_pulse,silence_aPN1,1.1125,1.0625,4.494382022471914
pC1_type:pC1_11b,75.0,peak_rate_hz,silence_vPN1,30.0,25.0,16.666666666666668
pC1_type:pC1_11b,75.0,peak_rate_hz,cut_vPN1_to_pC1,30.0,35.0,-16.666666666666668
pC1_type:pC1_11b,75.0,peak_rate_hz,cut_vPN1_to_other,30.0,25.0,16.666666666666668
pC1_type:pC1_11b,75.0,peak_rate_hz,cut_vPN1_all_output,30.0,25.0,16.666666666666668
pC1_type:pC1_11b,75.0,peak_rate_hz,silence_aPN1,30.0,20.0,33.333333333333336
pC1_type:pC1_11b,75.0,evoked_spikes_per_neuron_per_pulse,silence_vPN1,1.05,1.0375,1.1904761904761862
pC1_type:pC1_11b,75.0,evoked_spikes_per_neuron_per_pulse,cut_vPN1_to_pC1,1.05,1.1125,-5.9523809523809526
pC1_type:pC1_11b,75.0,evoked_spikes_per_neuron_per_pulse,cut_vPN1_to_other,1.05,0.9,14.285714285714286
pC1_type:pC1_11b,75.0,evoked_spikes_per_neuron_per_pulse,cut_vPN1_all_output,1.05,1.0375,1.1904761904761862
pC1_type:pC1_11b,75.0,evoked_spikes_per_neuron_per_pulse,silence_aPN1,1.05,1.0,4.761904761904766
pC1_type:pC1_11b,85.0,peak_rate_hz,silence_vPN1,25.0,25.0,0.0
pC1_type:pC1_11b,85.0,peak_rate_hz,cut_vPN1_to_pC1,25.0,25.0,0.0
pC1_type:pC1_11b,85.0,peak_rate_hz,cut_vPN1_to_other,25.0,25.0,0.0
pC1_type:pC1_11b,85.0,peak_rate_hz,cut_vPN1_all_output,25.0,25.0,0.0
pC1_type:pC1_11b,85.0,peak_rate_hz,silence_aPN1,25.0,20.0,20.0
pC1_type:pC1_11b,85.0,evoked_spikes_per_neuron_per_pulse,silence_vPN1,1.05,0.975,7.1428571428571495
pC1_type:pC1_11b,85.0,evoked_spikes_per_neuron_per_pulse,cut_vPN1_to_pC1,1.05,0.9625,8.333333333333334
pC1_type:pC1_11b,85.0,evoked_spikes_per_neuron_per_pulse,cut_vPN1_to_other,1.05,0.975,7.1428571428571495
pC1_type:pC1_11b,85.0,evoked_spikes_per_neuron_per_pulse,cut_vPN1_all_output,1.05,0.975,7.1428571428571495
pC1_type:pC1_11b,85.0,evoked_spikes_per_neuron_per_pulse,silence_aPN1,1.05,1.0,4.761904761904766
pC1_type:pC1_11b,95.0,peak_rate_hz,silence_vPN1,25.0,25.0,0.0
pC1_type:pC1_11b,95.0,peak_rate_hz,cut_vPN1_to_pC1,25.0,25.0,0.0
pC1_type:pC1_11b,95.0,peak_rate_hz,cut_vPN1_to_other,25.0,25.0,0.0
pC1_type:pC1_11b,95.0,peak_rate_hz,cut_vPN1_all_output,25.0,25.0,0.0
pC1_type:pC1_11b,95.0,peak_rate_hz,silence_aPN1,25.0,20.0,20.0
pC1_type:pC1_11b,95.0,evoked_spikes_per_neuron_per_pulse,silence_vPN1,1.0125,1.075,-6.172839506172839
pC1_type:pC1_11b,95.0,evoked_spikes_per_neuron_per_pulse,cut_vPN1_to_pC1,1.0125,1.0125,0.0
pC1_type:pC1_11b,95.0,evoked_spikes_per_neuron_per_pulse,cut_vPN1_to_other,1.0125,1.025,-1.2345679012345636
pC1_type:pC1_11b,95.0,evoked_spikes_per_neuron_per_pulse,cut_vPN1_all_output,1.0125,1.075,-6.172839506172839
pC1_type:pC1_11b,95.0,evoked_spikes_per_neuron_per_pulse,silence_aPN1,1.0125,1.0,1.2345679012345636
pC1_type:pC1_12a,15.0,peak_rate_hz,silence_vPN1,35.0,45.0,-28.571428571428573
pC1_type:pC1_12a,15.0,peak_rate_hz,cut_vPN1_to_pC1,35.0,40.0,-14.285714285714286
pC1_type:pC1_12a,15.0,peak_rate_hz,cut_vPN1_to_other,35.0,30.0,14.285714285714286
pC1_type:pC1_12a,15.0,peak_rate_hz,cut_vPN1_all_output,35.0,45.0,-28.571428571428573
pC1_type:pC1_12a,15.0,peak_rate_hz,silence_aPN1,35.0,40.0,-14.285714285714286
pC1_type:pC1_12a,15.0,evoked_spikes_per_neuron_per_pulse,silence_vPN1,0.3125,0.4,-28.000000000000007
pC1_type:pC1_12a,15.0,evoked_spikes_per_neuron_per_pulse,cut_vPN1_to_pC1,0.3125,0.325,-4.0000000000000036
pC1_type:pC1_12a,15.0,evoked_spikes_per_neuron_per_pulse,cut_vPN1_to_other,0.3125,0.3,4.0000000000000036
pC1_type:pC1_12a,15.0,evoked_spikes_per_neuron_per_pulse,cut_vPN1_all_output,0.3125,0.4,-28.000000000000007
pC1_type:pC1_12a,15.0,evoked_spikes_per_neuron_per_pulse,silence_aPN1,0.3125,0.2375,24.000000000000004
pC1_type:pC1_12a,25.0,peak_rate_hz,silence_vPN1,30.0,30.0,0.0
pC1_type:pC1_12a,25.0,peak_rate_hz,cut_vPN1_to_pC1,30.0,25.0,16.666666666666668
pC1_type:pC1_12a,25.0,peak_rate_hz,cut_vPN1_to_other,30.0,40.0,-33.333333333333336
pC1_type:pC1_12a,25.0,peak_rate_hz,cut_vPN1_all_output,30.0,30.0,0.0
pC1_type:pC1_12a,25.0,peak_rate_hz,silence_aPN1,30.0,35.0,-16.666666666666668
pC1_type:pC1_12a,25.0,evoked_spikes_per_neuron_per_pulse,silence_vPN1,0.425,0.5125,-20.588235294117638
pC1_type:pC1_12a,25.0,evoked_spikes_per_neuron_per_pulse,cut_vPN1_to_pC1,0.425,0.3125,26.470588235294112
pC1_type:pC1_12a,25.0,evoked_spikes_per_neuron_per_pulse,cut_vPN1_to_other,0.425,0.5375,-26.470588235294112
pC1_type:pC1_12a,25.0,evoked_spikes_per_neuron_per_pulse,cut_vPN1_all_output,0.425,0.5125,-20.588235294117638
pC1_type:pC1_12a,25.0,evoked_spikes_per_neuron_per_pulse,silence_aPN1,0.425,0.6125,-44.11764705882355
pC1_type:pC1_12a,35.0,peak_rate_hz,silence_vPN1,30.0,30.0,0.0
pC1_type:pC1_12a,35.0,peak_rate_hz,cut_vPN1_to_pC1,30.0,30.0,0.0
pC1_type:pC1_12a,35.0,peak_rate_hz,cut_vPN1_to_other,30.0,30.0,0.0
pC1_type:pC1_12a,35.0,peak_rate_hz,cut_vPN1_all_output,30.0,30.0,0.0
pC1_type:pC1_12a,35.0,peak_rate_hz,silence_aPN1,30.0,30.0,0.0
pC1_type:pC1_12a,35.0,evoked_spikes_per_neuron_per_pulse,silence_vPN1,0.825,0.75,9.090909090909086
pC1_type:pC1_12a,35.0,evoked_spikes_per_neuron_per_pulse,cut_vPN1_to_pC1,0.825,0.7625,7.575757575757576
pC1_type:pC1_12a,35.0,evoked_spikes_per_neuron_per_pulse,cut_vPN1_to_other,0.825,0.7125,13.636363636363628
pC1_type:pC1_12a,35.0,evoked_spikes_per_neuron_per_pulse,cut_vPN1_all_output,0.825,0.75,9.090909090909086
pC1_type:pC1_12a,35.0,evoked_spikes_per_neuron_per_pulse,silence_aPN1,0.825,0.75,9.090909090909086
pC1_type:pC1_12a,45.0,peak_rate_hz,silence_vPN1,30.0,30.0,0.0
pC1_type:pC1_12a,45.0,peak_rate_hz,cut_vPN1_to_pC1,30.0,30.0,0.0
pC1_type:pC1_12a,45.0,peak_rate_hz,cut_vPN1_to_other,30.0,30.0,0.0
pC1_type:pC1_12a,45.0,peak_rate_hz,cut_vPN1_all_output,30.0,30.0,0.0
pC1_type:pC1_12a,45.0,peak_rate_hz,silence_aPN1,30.0,30.0,0.0
pC1_type:pC1_12a,45.0,evoked_spikes_per_neuron_per_pulse,silence_vPN1,0.975,0.9875,-1.2820512820512888
pC1_type:pC1_12a,45.0,evoked_spikes_per_neuron_per_pulse,cut_vPN1_to_pC1,0.975,0.85,12.820512820512821
pC1_type:pC1_12a,45.0,evoked_spikes_per_neuron_per_pulse,cut_vPN1_to_other,0.975,0.925,5.128205128205121
pC1_type:pC1_12a,45.0,evoked_spikes_per_neuron_per_pulse,cut_vPN1_all_output,0.975,0.9875,-1.2820512820512888
pC1_type:pC1_12a,45.0,evoked_spikes_per_neuron_per_pulse,silence_aPN1,0.975,0.8,17.948717948717942
pC1_type:pC1_12a,55.0,peak_rate_hz,silence_vPN1,20.0,20.0,0.0
pC1_type:pC1_12a,55.0,peak_rate_hz,cut_vPN1_to_pC1,20.0,20.0,0.0
pC1_type:pC1_12a,55.0,peak_rate_hz,cut_vPN1_to_other,20.0,20.0,0.0
pC1_type:pC1_12a,55.0,peak_rate_hz,cut_vPN1_all_output,20.0,20.0,0.0
pC1_type:pC1_12a,55.0,peak_rate_hz,silence_aPN1,20.0,20.0,0.0
pC1_type:pC1_12a,55.0,evoked_spikes_per_neuron_per_pulse,silence_vPN1,1.0,1.0,0.0
pC1_type:pC1_12a,55.0,evoked_spikes_per_neuron_per_pulse,cut_vPN1_to_pC1,1.0,0.9875,1.2499999999999956
pC1_type:pC1_12a,55.0,evoked_spikes_per_neuron_per_pulse,cut_vPN1_to_other,1.0,0.9,9.999999999999998
pC1_type:pC1_12a,55.0,evoked_spikes_per_neuron_per_pulse,cut_vPN1_all_output,1.0,1.0,0.0
pC1_type:pC1_12a,55.0,evoked_spikes_per_neuron_per_pulse,silence_aPN1,1.0,0.925,7.499999999999996
pC1_type:pC1_12a,65.0,peak_rate_hz,silence_vPN1,20.0,25.0,-25.0
pC1_type:pC1_12a,65.0,peak_rate_hz,cut_vPN1_to_pC1,20.0,20.0,0.0
pC1_type:pC1_12a,65.0,peak_rate_hz,cut_vPN1_to_other,20.0,20.0,0.0
pC1_type:pC1_12a,65.0,peak_rate_hz,cut_vPN1_all_output,20.0,25.0,-25.0
pC1_type:pC1_12a,65.0,peak_rate_hz,silence_aPN1,20.0,20.0,0.0
pC1_type:pC1_12a,65.0,evoked_spikes_per_neuron_per_pulse,silence_vPN1,1.0,1.0125,-1.2499999999999956
pC1_type:pC1_12a,65.0,evoked_spikes_per_neuron_per_pulse,cut_vPN1_to_pC1,1.0,1.0,0.0
pC1_type:pC1_12a,65.0,evoked_spikes_per_neuron_per_pulse,cut_vPN1_to_other,1.0,1.0,0.0
pC1_type:pC1_12a,65.0,evoked_spikes_per_neuron_per_pulse,cut_vPN1_all_output,1.0,1.0125,-1.2499999999999956
pC1_type:pC1_12a,65.0,evoked_spikes_per_neuron_per_pulse,silence_aPN1,1.0,0.975,2.500000000000002
pC1_type:pC1_12a,75.0,peak_rate_hz,silence_vPN1,20.0,20.0,0.0
pC1_type:pC1_12a,75.0,peak_rate_hz,cut_vPN1_to_pC1,20.0,20.0,0.0
pC1_type:pC1_12a,75.0,peak_rate_hz,cut_vPN1_to_other,20.0,20.0,0.0
pC1_type:pC1_12a,75.0,peak_rate_hz,cut_vPN1_all_output,20.0,20.0,0.0
pC1_type:pC1_12a,75.0,peak_rate_hz,silence_aPN1,20.0,20.0,0.0
pC1_type:pC1_12a,75.0,evoked_spikes_per_neuron_per_pulse,silence_vPN1,1.0,1.0,0.0
pC1_type:pC1_12a,75.0,evoked_spikes_per_neuron_per_pulse,cut_vPN1_to_pC1,1.0,1.0,0.0
pC1_type:pC1_12a,75.0,evoked_spikes_per_neuron_per_pulse,cut_vPN1_to_other,1.0,0.875,12.5
pC1_type:pC1_12a,75.0,evoked_spikes_per_neuron_per_pulse,cut_vPN1_all_output,1.0,1.0,0.0
pC1_type:pC1_12a,75.0,evoked_spikes_per_neuron_per_pulse,silence_aPN1,1.0,1.0,0.0
pC1_type:pC1_12a,85.0,peak_rate_hz,silence_vPN1,20.0,20.0,0.0
pC1_type:pC1_12a,85.0,peak_rate_hz,cut_vPN1_to_pC1,20.0,20.0,0.0
pC1_type:pC1_12a,85.0,peak_rate_hz,cut_vPN1_to_other,20.0,20.0,0.0
pC1_type:pC1_12a,85.0,peak_rate_hz,cut_vPN1_all_output,20.0,20.0,0.0
pC1_type:pC1_12a,85.0,peak_rate_hz,silence_aPN1,20.0,20.0,0.0
pC1_type:pC1_12a,85.0,evoked_spikes_per_neuron_per_pulse,silence_vPN1,0.975,0.925,5.128205128205121
pC1_type:pC1_12a,85.0,evoked_spikes_per_neuron_per_pulse,cut_vPN1_to_pC1,0.975,0.95,2.5641025641025665
pC1_type:pC1_12a,85.0,evoked_spikes_per_neuron_per_pulse,cut_vPN1_to_other,0.975,0.9,7.692307692307688
pC1_type:pC1_12a,85.0,evoked_spikes_per_neuron_per_pulse,cut_vPN1_all_output,0.975,0.925,5.128205128205121
pC1_type:pC1_12a,85.0,evoked_spikes_per_neuron_per_pulse,silence_aPN1,0.975,1.0,-2.5641025641025665
pC1_type:pC1_12a,95.0,peak_rate_hz,silence_vPN1,20.0,20.0,0.0
pC1_type:pC1_12a,95.0,peak_rate_hz,cut_vPN1_to_pC1,20.0,20.0,0.0
pC1_type:pC1_12a,95.0,peak_rate_hz,cut_vPN1_to_other,20.0,25.0,-25.0
pC1_type:pC1_12a,95.0,peak_rate_hz,cut_vPN1_all_output,20.0,20.0,0.0
pC1_type:pC1_12a,95.0,peak_rate_hz,silence_aPN1,20.0,20.0,0.0
pC1_type:pC1_12a,95.0,evoked_spikes_per_neuron_per_pulse,silence_vPN1,1.0,0.875,12.5
pC1_type:pC1_12a,95.0,evoked_spikes_per_neuron_per_pulse,cut_vPN1_to_pC1,1.0,0.9625,3.749999999999998
pC1_type:pC1_12a,95.0,evoked_spikes_per_neuron_per_pulse,cut_vPN1_to_other,1.0,0.95,5.000000000000004
pC1_type:pC1_12a,95.0,evoked_spikes_per_neuron_per_pulse,cut_vPN1_all_output,1.0,0.875,12.5
pC1_type:pC1_12a,95.0,evoked_spikes_per_neuron_per_pulse,silence_aPN1,1.0,1.0,0.0
pC1_type:pC1_12b,15.0,peak_rate_hz,silence_vPN1,47.5,45.0,5.2631578947368425
pC1_type:pC1_12b,15.0,peak_rate_hz,cut_vPN1_to_pC1,47.5,50.0,-5.2631578947368425
pC1_type:pC1_12b,15.0,peak_rate_hz,cut_vPN1_to_other,47.5,57.5,-21.05263157894737
pC1_type:pC1_12b,15.0,peak_rate_hz,cut_vPN1_all_output,47.5,45.0,5.2631578947368425
pC1_type:pC1_12b,15.0,peak_rate_hz,silence_aPN1,47.5,47.5,0.0
pC1_type:pC1_12b,15.0,evoked_spikes_per_neuron_per_pulse,silence_vPN1,0.51875,0.48125,7.228915662650609
pC1_type:pC1_12b,15.0,evoked_spikes_per_neuron_per_pulse,cut_vPN1_to_pC1,0.51875,0.56875,-9.638554216867455
pC1_type:pC1_12b,15.0,evoked_spikes_per_neuron_per_pulse,cut_vPN1_to_other,0.51875,0.53125,-2.409638554216859
pC1_type:pC1_12b,15.0,evoked_spikes_per_neuron_per_pulse,cut_vPN1_all_output,0.51875,0.48125,7.228915662650609
pC1_type:pC1_12b,15.0,evoked_spikes_per_neuron_per_pulse,silence_aPN1,0.51875,0.51875,0.0
pC1_type:pC1_12b,25.0,peak_rate_hz,silence_vPN1,50.0,42.5,15.0
pC1_type:pC1_12b,25.0,peak_rate_hz,cut_vPN1_to_pC1,50.0,50.0,0.0
pC1_type:pC1_12b,25.0,peak_rate_hz,cut_vPN1_to_other,50.0,45.0,10.0
pC1_type:pC1_12b,25.0,peak_rate_hz,cut_vPN1_all_output,50.0,42.5,15.0
pC1_type:pC1_12b,25.0,peak_rate_hz,silence_aPN1,50.0,45.0,10.0
pC1_type:pC1_12b,25.0,evoked_spikes_per_neuron_per_pulse,silence_vPN1,0.775,0.8625,-11.290322580645164
pC1_type:pC1_12b,25.0,evoked_spikes_per_neuron_per_pulse,cut_vPN1_to_pC1,0.775,0.75625,2.4193548387096833
pC1_type:pC1_12b,25.0,evoked_spikes_per_neuron_per_pulse,cut_vPN1_to_other,0.775,0.7875,-1.6129032258064457
pC1_type:pC1_12b,25.0,evoked_spikes_per_neuron_per_pulse,cut_vPN1_all_output,0.775,0.8625,-11.290322580645164
pC1_type:pC1_12b,25.0,evoked_spikes_per_neuron_per_pulse,silence_aPN1,0.775,0.7375,4.838709677419351
pC1_type:pC1_12b,35.0,peak_rate_hz,silence_vPN1,35.0,35.0,0.0
pC1_type:pC1_12b,35.0,peak_rate_hz,cut_vPN1_to_pC1,35.0,32.5,7.142857142857143
pC1_type:pC1_12b,35.0,peak_rate_hz,cut_vPN1_to_other,35.0,37.5,-7.142857142857143
pC1_type:pC1_12b,35.0,peak_rate_hz,cut_vPN1_all_output,35.0,35.0,0.0
pC1_type:pC1_12b,35.0,peak_rate_hz,silence_aPN1,35.0,32.5,7.142857142857143
pC1_type:pC1_12b,35.0,evoked_spikes_per_neuron_per_pulse,silence_vPN1,0.9875,1.025,-3.7974683544303662
pC1_type:pC1_12b,35.0,evoked_spikes_per_neuron_per_pulse,cut_vPN1_to_pC1,0.9875,0.9625,2.531645569620255
pC1_type:pC1_12b,35.0,evoked_spikes_per_neuron_per_pulse,cut_vPN1_to_other,0.9875,0.95625,3.1645569620253164
pC1_type:pC1_12b,35.0,evoked_spikes_per_neuron_per_pulse,cut_vPN1_all_output,0.9875,1.025,-3.7974683544303662
pC1_type:pC1_12b,35.0,evoked_spikes_per_neuron_per_pulse,silence_aPN1,0.9875,0.93125,5.6962025316455716
pC1_type:pC1_12b,45.0,peak_rate_hz,silence_vPN1,35.0,30.0,14.285714285714286
pC1_type:pC1_12b,45.0,peak_rate_hz,cut_vPN1_to_pC1,35.0,35.0,0.0
pC1_type:pC1_12b,45.0,peak_rate_hz,cut_vPN1_to_other,35.0,32.5,7.142857142857143
pC1_type:pC1_12b,45.0,peak_rate_hz,cut_vPN1_all_output,35.0,30.0,14.285714285714286
pC1_type:pC1_12b,45.0,peak_rate_hz,silence_aPN1,35.0,30.0,14.285714285714286
pC1_type:pC1_12b,45.0,evoked_spikes_per_neuron_per_pulse,silence_vPN1,1.0125,1.0,1.2345679012345636
pC1_type:pC1_12b,45.0,evoked_spikes_per_neuron_per_pulse,cut_vPN1_to_pC1,1.0125,1.0,1.2345679012345636
pC1_type:pC1_12b,45.0,evoked_spikes_per_neuron_per_pulse,cut_vPN1_to_other,1.0125,1.0125,0.0
pC1_type:pC1_12b,45.0,evoked_spikes_per_neuron_per_pulse,cut_vPN1_all_output,1.0125,1.0,1.2345679012345636
pC1_type:pC1_12b,45.0,evoked_spikes_per_neuron_per_pulse,silence_aPN1,1.0125,0.91875,9.25925925925926
pC1_type:pC1_12b,55.0,peak_rate_hz,silence_vPN1,20.0,20.0,0.0
pC1_type:pC1_12b,55.0,peak_rate_hz,cut_vPN1_to_pC1,20.0,20.0,0.0
pC1_type:pC1_12b,55.0,peak_rate_hz,cut_vPN1_to_other,20.0,20.0,0.0
pC1_type:pC1_12b,55.0,peak_rate_hz,cut_vPN1_all_output,20.0,20.0,0.0
pC1_type:pC1_12b,55.0,peak_rate_hz,silence_aPN1,20.0,27.5,-37.5
pC1_type:pC1_12b,55.0,evoked_spikes_per_neuron_per_pulse,silence_vPN1,1.0,1.0,0.0
pC1_type:pC1_12b,55.0,evoked_spikes_per_neuron_per_pulse,cut_vPN1_to_pC1,1.0,1.0,0.0
pC1_type:pC1_12b,55.0,evoked_spikes_per_neuron_per_pulse,cut_vPN1_to_other,1.0,0.9125,8.750000000000002
pC1_type:pC1_12b,55.0,evoked_spikes_per_neuron_per_pulse,cut_vPN1_all_output,1.0,1.0,0.0
pC1_type:pC1_12b,55.0,evoked_spikes_per_neuron_per_pulse,silence_aPN1,1.0,1.01875,-1.8750000000000044
pC1_type:pC1_12b,65.0,peak_rate_hz,silence_vPN1,20.0,25.0,-25.0
pC1_type:pC1_12b,65.0,peak_rate_hz,cut_vPN1_to_pC1,20.0,20.0,0.0
pC1_type:pC1_12b,65.0,peak_rate_hz,cut_vPN1_to_other,20.0,20.0,0.0
pC1_type:pC1_12b,65.0,peak_rate_hz,cut_vPN1_all_output,20.0,25.0,-25.0
pC1_type:pC1_12b,65.0,peak_rate_hz,silence_aPN1,20.0,20.0,0.0
pC1_type:pC1_12b,65.0,evoked_spikes_per_neuron_per_pulse,silence_vPN1,1.0,1.0125,-1.2499999999999956
pC1_type:pC1_12b,65.0,evoked_spikes_per_neuron_per_pulse,cut_vPN1_to_pC1,1.0,1.0,0.0
pC1_type:pC1_12b,65.0,evoked_spikes_per_neuron_per_pulse,cut_vPN1_to_other,1.0,1.0,0.0
pC1_type:pC1_12b,65.0,evoked_spikes_per_neuron_per_pulse,cut_vPN1_all_output,1.0,1.0125,-1.2499999999999956
pC1_type:pC1_12b,65.0,evoked_spikes_per_neuron_per_pulse,silence_aPN1,1.0,1.0,0.0
pC1_type:pC1_12b,75.0,peak_rate_hz,silence_vPN1,20.0,20.0,0.0
pC1_type:pC1_12b,75.0,peak_rate_hz,cut_vPN1_to_pC1,20.0,20.0,0.0
pC1_type:pC1_12b,75.0,peak_rate_hz,cut_vPN1_to_other,20.0,20.0,0.0
pC1_type:pC1_12b,75.0,peak_rate_hz,cut_vPN1_all_output,20.0,20.0,0.0
pC1_type:pC1_12b,75.0,peak_rate_hz,silence_aPN1,20.0,20.0,0.0
pC1_type:pC1_12b,75.0,evoked_spikes_per_neuron_per_pulse,silence_vPN1,1.0,1.0,0.0
pC1_type:pC1_12b,75.0,evoked_spikes_per_neuron_per_pulse,cut_vPN1_to_pC1,1.0,1.0,0.0
pC1_type:pC1_12b,75.0,evoked_spikes_per_neuron_per_pulse,cut_vPN1_to_other,1.0,0.9125,8.750000000000002
pC1_type:pC1_12b,75.0,evoked_spikes_per_neuron_per_pulse,cut_vPN1_all_output,1.0,1.0,0.0
pC1_type:pC1_12b,75.0,evoked_spikes_per_neuron_per_pulse,silence_aPN1,1.0,1.0,0.0
pC1_type:pC1_12b,85.0,peak_rate_hz,silence_vPN1,20.0,20.0,0.0
pC1_type:pC1_12b,85.0,peak_rate_hz,cut_vPN1_to_pC1,20.0,20.0,0.0
pC1_type:pC1_12b,85.0,peak_rate_hz,cut_vPN1_to_other,20.0,20.0,0.0
pC1_type:pC1_12b,85.0,peak_rate_hz,cut_vPN1_all_output,20.0,20.0,0.0
pC1_type:pC1_12b,85.0,peak_rate_hz,silence_aPN1,20.0,20.0,0.0
pC1_type:pC1_12b,85.0,evoked_spikes_per_neuron_per_pulse,silence_vPN1,0.975,0.9625,1.2820512820512775
pC1_type:pC1_12b,85.0,evoked_spikes_per_neuron_per_pulse,cut_vPN1_to_pC1,0.975,0.95,2.5641025641025665
pC1_type:pC1_12b,85.0,evoked_spikes_per_neuron_per_pulse,cut_vPN1_to_other,0.975,0.95625,1.9230769230769162
pC1_type:pC1_12b,85.0,evoked_spikes_per_neuron_per_pulse,cut_vPN1_all_output,0.975,0.9625,1.2820512820512775
pC1_type:pC1_12b,85.0,evoked_spikes_per_neuron_per_pulse,silence_aPN1,0.975,1.0,-2.5641025641025665
pC1_type:pC1_12b,95.0,peak_rate_hz,silence_vPN1,20.0,20.0,0.0
pC1_type:pC1_12b,95.0,peak_rate_hz,cut_vPN1_to_pC1,20.0,20.0,0.0
pC1_type:pC1_12b,95.0,peak_rate_hz,cut_vPN1_to_other,20.0,27.5,-37.5
pC1_type:pC1_12b,95.0,peak_rate_hz,cut_vPN1_all_output,20.0,20.0,0.0
pC1_type:pC1_12b,95.0,peak_rate_hz,silence_aPN1,20.0,20.0,0.0
pC1_type:pC1_12b,95.0,evoked_spikes_per_neuron_per_pulse,silence_vPN1,1.0,0.9875,1.2499999999999956
pC1_type:pC1_12b,95.0,evoked_spikes_per_neuron_per_pulse,cut_vPN1_to_pC1,1.0,1.0,0.0
pC1_type:pC1_12b,95.0,evoked_spikes_per_neuron_per_pulse,cut_vPN1_to_other,1.0,1.0125,-1.2499999999999956
pC1_type:pC1_12b,95.0,evoked_spikes_per_neuron_per_pulse,cut_vPN1_all_output,1.0,0.9875,1.2499999999999956
pC1_type:pC1_12b,95.0,evoked_spikes_per_neuron_per_pulse,silence_aPN1,1.0,1.0,0.0
pC1_type:pC1_13a,15.0,peak_rate_hz,silence_vPN1,25.0,15.0,40.0
pC1_type:pC1_13a,15.0,peak_rate_hz,cut_vPN1_to_pC1,25.0,20.0,20.0
pC1_type:pC1_13a,15.0,peak_rate_hz,cut_vPN1_to_other,25.0,15.0,40.0
pC1_type:pC1_13a,15.0,peak_rate_hz,cut_vPN1_all_output,25.0,15.0,40.0
pC1_type:pC1_13a,15.0,peak_rate_hz,silence_aPN1,25.0,20.0,20.0
pC1_type:pC1_13a,15.0,evoked_spikes_per_neuron_per_pulse,silence_vPN1,0.2,0.075,62.5
pC1_type:pC1_13a,15.0,evoked_spikes_per_neuron_per_pulse,cut_vPN1_to_pC1,0.2,0.1125,43.75
pC1_type:pC1_13a,15.0,evoked_spikes_per_neuron_per_pulse,cut_vPN1_to_other,0.2,0.0875,56.25000000000001
pC1_type:pC1_13a,15.0,evoked_spikes_per_neuron_per_pulse,cut_vPN1_all_output,0.2,0.075,62.5
pC1_type:pC1_13a,15.0,evoked_spikes_per_neuron_per_pulse,silence_aPN1,0.2,0.1625,18.75
pC1_type:pC1_13a,25.0,peak_rate_hz,silence_vPN1,20.0,20.0,0.0
pC1_type:pC1_13a,25.0,peak_rate_hz,cut_vPN1_to_pC1,20.0,20.0,0.0
pC1_type:pC1_13a,25.0,peak_rate_hz,cut_vPN1_to_other,20.0,30.0,-50.0
pC1_type:pC1_13a,25.0,peak_rate_hz,cut_vPN1_all_output,20.0,20.0,0.0
pC1_type:pC1_13a,25.0,peak_rate_hz,silence_aPN1,20.0,25.0,-25.0
pC1_type:pC1_13a,25.0,evoked_spikes_per_neuron_per_pulse,silence_vPN1,0.1875,0.275,-46.66666666666668
pC1_type:pC1_13a,25.0,evoked_spikes_per_neuron_per_pulse,cut_vPN1_to_pC1,0.1875,0.175,6.666666666666672
pC1_type:pC1_13a,25.0,evoked_spikes_per_neuron_per_pulse,cut_vPN1_to_other,0.1875,0.275,-46.66666666666668
pC1_type:pC1_13a,25.0,evoked_spikes_per_neuron_per_pulse,cut_vPN1_all_output,0.1875,0.275,-46.66666666666668
pC1_type:pC1_13a,25.0,evoked_spikes_per_neuron_per_pulse,silence_aPN1,0.1875,0.325,-73.33333333333334
pC1_type:pC1_13a,35.0,peak_rate_hz,silence_vPN1,30.0,25.0,16.666666666666668
pC1_type:pC1_13a,35.0,peak_rate_hz,cut_vPN1_to_pC1,30.0,30.0,0.0
pC1_type:pC1_13a,35.0,peak_rate_hz,cut_vPN1_to_other,30.0,30.0,0.0
pC1_type:pC1_13a,35.0,peak_rate_hz,cut_vPN1_all_output,30.0,25.0,16.666666666666668
pC1_type:pC1_13a,35.0,peak_rate_hz,silence_aPN1,30.0,25.0,16.666666666666668
pC1_type:pC1_13a,35.0,evoked_spikes_per_neuron_per_pulse,silence_vPN1,0.625,0.575,8.000000000000007
pC1_type:pC1_13a,35.0,evoked_spikes_per_neuron_per_pulse,cut_vPN1_to_pC1,0.625,0.5625,10.0
pC1_type:pC1_13a,35.0,evoked_spikes_per_neuron_per_pulse,cut_vPN1_to_other,0.625,0.625,0.0
pC1_type:pC1_13a,35.0,evoked_spikes_per_neuron_per_pulse,cut_vPN1_all_output,0.625,0.575,8.000000000000007
pC1_type:pC1_13a,35.0,evoked_spikes_per_neuron_per_pulse,silence_aPN1,0.625,0.425,32.0
pC1_type:pC1_13a,45.0,peak_rate_hz,silence_vPN1,25.0,30.0,-20.0
pC1_type:pC1_13a,45.0,peak_rate_hz,cut_vPN1_to_pC1,25.0,30.0,-20.0
pC1_type:pC1_13a,45.0,peak_rate_hz,cut_vPN1_to_other,25.0,30.0,-20.0
pC1_type:pC1_13a,45.0,peak_rate_hz,cut_vPN1_all_output,25.0,30.0,-20.0
pC1_type:pC1_13a,45.0,peak_rate_hz,silence_aPN1,25.0,25.0,0.0
pC1_type:pC1_13a,45.0,evoked_spikes_per_neuron_per_pulse,silence_vPN1,0.65,0.75,-15.384615384615381
pC1_type:pC1_13a,45.0,evoked_spikes_per_neuron_per_pulse,cut_vPN1_to_pC1,0.65,0.5875,9.615384615384615
pC1_type:pC1_13a,45.0,evoked_spikes_per_neuron_per_pulse,cut_vPN1_to_other,0.65,0.7,-7.692307692307681
pC1_type:pC1_13a,45.0,evoked_spikes_per_neuron_per_pulse,cut_vPN1_all_output,0.65,0.75,-15.384615384615381
pC1_type:pC1_13a,45.0,evoked_spikes_per_neuron_per_pulse,silence_aPN1,0.65,0.45,30.769230769230766
pC1_type:pC1_13a,55.0,peak_rate_hz,silence_vPN1,20.0,20.0,0.0
pC1_type:pC1_13a,55.0,peak_rate_hz,cut_vPN1_to_pC1,20.0,20.0,0.0
pC1_type:pC1_13a,55.0,peak_rate_hz,cut_vPN1_to_other,20.0,25.0,-25.0
pC1_type:pC1_13a,55.0,peak_rate_hz,cut_vPN1_all_output,20.0,20.0,0.0
pC1_type:pC1_13a,55.0,peak_rate_hz,silence_aPN1,20.0,20.0,0.0
pC1_type:pC1_13a,55.0,evoked_spikes_per_neuron_per_pulse,silence_vPN1,0.675,0.65,3.703703703703707
pC1_type:pC1_13a,55.0,evoked_spikes_per_neuron_per_pulse,cut_vPN1_to_pC1,0.675,0.6125,9.25925925925926
pC1_type:pC1_13a,55.0,evoked_spikes_per_neuron_per_pulse,cut_vPN1_to_other,0.675,0.6375,5.555555555555569
pC1_type:pC1_13a,55.0,evoked_spikes_per_neuron_per_pulse,cut_vPN1_all_output,0.675,0.65,3.703703703703707
pC1_type:pC1_13a,55.0,evoked_spikes_per_neuron_per_pulse,silence_aPN1,0.675,0.5125,24.074074074074083
pC1_type:pC1_13a,65.0,peak_rate_hz,silence_vPN1,20.0,20.0,0.0
pC1_type:pC1_13a,65.0,peak_rate_hz,cut_vPN1_to_pC1,20.0,20.0,0.0
pC1_type:pC1_13a,65.0,peak_rate_hz,cut_vPN1_to_other,20.0,20.0,0.0
pC1_type:pC1_13a,65.0,peak_rate_hz,cut_vPN1_all_output,20.0,20.0,0.0
pC1_type:pC1_13a,65.0,peak_rate_hz,silence_aPN1,20.0,20.0,0.0
pC1_type:pC1_13a,65.0,evoked_spikes_per_neuron_per_pulse,silence_vPN1,0.9625,0.9625,0.0
pC1_type:pC1_13a,65.0,evoked_spikes_per_neuron_per_pulse,cut_vPN1_to_pC1,0.9625,0.975,-1.298701298701294
pC1_type:pC1_13a,65.0,evoked_spikes_per_neuron_per_pulse,cut_vPN1_to_other,0.9625,1.0,-3.896103896103894
pC1_type:pC1_13a,65.0,evoked_spikes_per_neuron_per_pulse,cut_vPN1_all_output,0.9625,0.9625,0.0
pC1_type:pC1_13a,65.0,evoked_spikes_per_neuron_per_pulse,silence_aPN1,0.9625,0.775,19.48051948051948
pC1_type:pC1_13a,75.0,peak_rate_hz,silence_vPN1,20.0,20.0,0.0
pC1_type:pC1_13a,75.0,peak_rate_hz,cut_vPN1_to_pC1,20.0,20.0,0.0
pC1_type:pC1_13a,75.0,peak_rate_hz,cut_vPN1_to_other,20.0,20.0,0.0
pC1_type:pC1_13a,75.0,peak_rate_hz,cut_vPN1_all_output,20.0,20.0,0.0
pC1_type:pC1_13a,75.0,peak_rate_hz,silence_aPN1,20.0,20.0,0.0
pC1_type:pC1_13a,75.0,evoked_spikes_per_neuron_per_pulse,silence_vPN1,0.9875,1.0,-1.265822784810122
pC1_type:pC1_13a,75.0,evoked_spikes_per_neuron_per_pulse,cut_vPN1_to_pC1,0.9875,0.975,1.2658227848101333
pC1_type:pC1_13a,75.0,evoked_spikes_per_neuron_per_pulse,cut_vPN1_to_other,0.9875,0.85,13.924050632911399
pC1_type:pC1_13a,75.0,evoked_spikes_per_neuron_per_pulse,cut_vPN1_all_output,0.9875,1.0,-1.265822784810122
pC1_type:pC1_13a,75.0,evoked_spikes_per_neuron_per_pulse,silence_aPN1,0.9875,0.9875,0.0
pC1_type:pC1_13a,85.0,peak_rate_hz,silence_vPN1,25.0,20.0,20.0
pC1_type:pC1_13a,85.0,peak_rate_hz,cut_vPN1_to_pC1,25.0,25.0,0.0
pC1_type:pC1_13a,85.0,peak_rate_hz,cut_vPN1_to_other,25.0,20.0,20.0
pC1_type:pC1_13a,85.0,peak_rate_hz,cut_vPN1_all_output,25.0,20.0,20.0
pC1_type:pC1_13a,85.0,peak_rate_hz,silence_aPN1,25.0,20.0,20.0
pC1_type:pC1_13a,85.0,evoked_spikes_per_neuron_per_pulse,silence_vPN1,0.9,0.875,2.7777777777777803
pC1_type:pC1_13a,85.0,evoked_spikes_per_neuron_per_pulse,cut_vPN1_to_pC1,0.9,0.9,0.0
pC1_type:pC1_13a,85.0,evoked_spikes_per_neuron_per_pulse,cut_vPN1_to_other,0.9,0.8625,4.166666666666664
pC1_type:pC1_13a,85.0,evoked_spikes_per_neuron_per_pulse,cut_vPN1_all_output,0.9,0.875,2.7777777777777803
pC1_type:pC1_13a,85.0,evoked_spikes_per_neuron_per_pulse,silence_aPN1,0.9,1.0,-11.111111111111109
pC1_type:pC1_13a,95.0,peak_rate_hz,silence_vPN1,20.0,20.0,0.0
pC1_type:pC1_13a,95.0,peak_rate_hz,cut_vPN1_to_pC1,20.0,20.0,0.0
pC1_type:pC1_13a,95.0,peak_rate_hz,cut_vPN1_to_other,20.0,20.0,0.0
pC1_type:pC1_13a,95.0,peak_rate_hz,cut_vPN1_all_output,20.0,20.0,0.0
pC1_type:pC1_13a,95.0,peak_rate_hz,silence_aPN1,20.0,20.0,0.0
pC1_type:pC1_13a,95.0,evoked_spikes_per_neuron_per_pulse,silence_vPN1,0.9875,0.8375,15.18987341772152
pC1_type:pC1_13a,95.0,evoked_spikes_per_neuron_per_pulse,cut_vPN1_to_pC1,0.9875,0.9375,5.06329113924051
pC1_type:pC1_13a,95.0,evoked_spikes_per_neuron_per_pulse,cut_vPN1_to_other,0.9875,0.9125,7.594936708860766
pC1_type:pC1_13a,95.0,evoked_spikes_per_neuron_per_pulse,cut_vPN1_all_output,0.9875,0.8375,15.18987341772152
pC1_type:pC1_13a,95.0,evoked_spikes_per_neuron_per_pulse,silence_aPN1,0.9875,1.0,-1.265822784810122
pC1_type:pC1_13b,15.0,peak_rate_hz,silence_vPN1,26.666666666666668,23.333333333333336,12.499999999999995
pC1_type:pC1_13b,15.0,peak_rate_hz,cut_vPN1_to_pC1,26.666666666666668,16.666666666666668,37.5
pC1_type:pC1_13b,15.0,peak_rate_hz,cut_vPN1_to_other,26.666666666666668,20.0,25.0
pC1_type:pC1_13b,15.0,peak_rate_hz,cut_vPN1_all_output,26.666666666666668,23.333333333333336,12.499999999999995
pC1_type:pC1_13b,15.0,peak_rate_hz,silence_aPN1,26.666666666666668,23.333333333333336,12.499999999999995
pC1_type:pC1_13b,15.0,evoked_spikes_per_neuron_per_pulse,silence_vPN1,0.25,0.16666666666666666,33.333333333333336
pC1_type:pC1_13b,15.0,evoked_spikes_per_neuron_per_pulse,cut_vPN1_to_pC1,0.25,0.15,40.0
pC1_type:pC1_13b,15.0,evoked_spikes_per_neuron_per_pulse,cut_vPN1_to_other,0.25,0.15833333333333333,36.66666666666667
pC1_type:pC1_13b,15.0,evoked_spikes_per_neuron_per_pulse,cut_vPN1_all_output,0.25,0.16666666666666666,33.333333333333336
pC1_type:pC1_13b,15.0,evoked_spikes_per_neuron_per_pulse,silence_aPN1,0.25,0.175,30.000000000000004
pC1_type:pC1_13b,25.0,peak_rate_hz,silence_vPN1,16.666666666666668,26.666666666666668,-59.99999999999999
pC1_type:pC1_13b,25.0,peak_rate_hz,cut_vPN1_to_pC1,16.666666666666668,20.0,-19.99999999999999
pC1_type:pC1_13b,25.0,peak_rate_hz,cut_vPN1_to_other,16.666666666666668,23.333333333333336,-40.0
pC1_type:pC1_13b,25.0,peak_rate_hz,cut_vPN1_all_output,16.666666666666668,26.666666666666668,-59.99999999999999
pC1_type:pC1_13b,25.0,peak_rate_hz,silence_aPN1,16.666666666666668,30.0,-79.99999999999999
pC1_type:pC1_13b,25.0,evoked_spikes_per_neuron_per_pulse,silence_vPN1,0.19166666666666668,0.325,-69.56521739130434
pC1_type:pC1_13b,25.0,evoked_spikes_per_neuron_per_pulse,cut_vPN1_to_pC1,0.19166666666666668,0.16666666666666666,13.043478260869575
pC1_type:pC1_13b,25.0,evoked_spikes_per_neuron_per_pulse,cut_vPN1_to_other,0.19166666666666668,0.25833333333333336,-34.78260869565218
pC1_type:pC1_13b,25.0,evoked_spikes_per_neuron_per_pulse,cut_vPN1_all_output,0.19166666666666668,0.325,-69.56521739130434
pC1_type:pC1_13b,25.0,evoked_spikes_per_neuron_per_pulse,silence_aPN1,0.19166666666666668,0.39166666666666666,-104.34782608695652
pC1_type:pC1_13b,35.0,peak_rate_hz,silence_vPN1,26.666666666666668,30.0,-12.499999999999995
pC1_type:pC1_13b,35.0,peak_rate_hz,cut_vPN1_to_pC1,26.666666666666668,30.0,-12.499999999999995
pC1_type:pC1_13b,35.0,peak_rate_hz,cut_vPN1_to_other,26.666666666666668,30.0,-12.499999999999995
pC1_type:pC1_13b,35.0,peak_rate_hz,cut_vPN1_all_output,26.666666666666668,30.0,-12.499999999999995
pC1_type:pC1_13b,35.0,peak_rate_hz,silence_aPN1,26.666666666666668,26.666666666666668,0.0
pC1_type:pC1_13b,35.0,evoked_spikes_per_neuron_per_pulse,silence_vPN1,0.5416666666666666,0.6166666666666667,-13.846153846153861
pC1_type:pC1_13b,35.0,evoked_spikes_per_neuron_per_pulse,cut_vPN1_to_pC1,0.5416666666666666,0.5166666666666667,4.615384615384599
pC1_type:pC1_13b,35.0,evoked_spikes_per_neuron_per_pulse,cut_vPN1_to_other,0.5416666666666666,0.5416666666666666,0.0
pC1_type:pC1_13b,35.0,evoked_spikes_per_neuron_per_pulse,cut_vPN1_all_output,0.5416666666666666,0.6166666666666667,-13.846153846153861
pC1_type:pC1_13b,35.0,evoked_spikes_per_neuron_per_pulse,silence_aPN1,0.5416666666666666,0.43333333333333335,19.999999999999993
pC1_type:pC1_13b,45.0,peak_rate_hz,silence_vPN1,30.0,30.0,0.0
pC1_type:pC1_13b,45.0,peak_rate_hz,cut_vPN1_to_pC1,30.0,30.0,0.0
pC1_type:pC1_13b,45.0,peak_rate_hz,cut_vPN1_to_other,30.0,30.0,0.0
pC1_type:pC1_13b,45.0,peak_rate_hz,cut_vPN1_all_output,30.0,30.0,0.0
pC1_type:pC1_13b,45.0,peak_rate_hz,silence_aPN1,30.0,26.666666666666668,11.111111111111107
pC1_type:pC1_13b,45.0,evoked_spikes_per_neuron_per_pulse,silence_vPN1,0.6916666666666667,0.725,-4.819277108433734
pC1_type:pC1_13b,45.0,evoked_spikes_per_neuron_per_pulse,cut_vPN1_to_pC1,0.6916666666666667,0.7166666666666667,-3.6144578313253044
pC1_type:pC1_13b,45.0,evoked_spikes_per_neuron_per_pulse,cut_vPN1_to_other,0.6916666666666667,0.675,2.409638554216859
pC1_type:pC1_13b,45.0,evoked_spikes_per_neuron_per_pulse,cut_vPN1_all_output,0.6916666666666667,0.725,-4.819277108433734
pC1_type:pC1_13b,45.0,evoked_spikes_per_neuron_per_pulse,silence_aPN1,0.6916666666666667,0.48333333333333334,30.12048192771084
pC1_type:pC1_13b,55.0,peak_rate_hz,silence_vPN1,20.0,20.0,0.0
pC1_type:pC1_13b,55.0,peak_rate_hz,cut_vPN1_to_pC1,20.0,20.0,0.0
pC1_type:pC1_13b,55.0,peak_rate_hz,cut_vPN1_to_other,20.0,20.0,0.0
pC1_type:pC1_13b,55.0,peak_rate_hz,cut_vPN1_all_output,20.0,20.0,0.0
pC1_type:pC1_13b,55.0,peak_rate_hz,silence_aPN1,20.0,20.0,0.0
pC1_type:pC1_13b,55.0,evoked_spikes_per_neuron_per_pulse,silence_vPN1,0.6166666666666667,0.45,27.027027027027028
pC1_type:pC1_13b,55.0,evoked_spikes_per_neuron_per_pulse,cut_vPN1_to_pC1,0.6166666666666667,0.35,43.24324324324325
pC1_type:pC1_13b,55.0,evoked_spikes_per_neuron_per_pulse,cut_vPN1_to_other,0.6166666666666667,0.475,22.97297297297298
pC1_type:pC1_13b,55.0,evoked_spikes_per_neuron_per_pulse,cut_vPN1_all_output,0.6166666666666667,0.45,27.027027027027028
pC1_type:pC1_13b,55.0,evoked_spikes_per_neuron_per_pulse,silence_aPN1,0.6166666666666667,0.30833333333333335,50.0
pC1_type:pC1_13b,65.0,peak_rate_hz,silence_vPN1,20.0,20.0,0.0
pC1_type:pC1_13b,65.0,peak_rate_hz,cut_vPN1_to_pC1,20.0,20.0,0.0
pC1_type:pC1_13b,65.0,peak_rate_hz,cut_vPN1_to_other,20.0,20.0,0.0
pC1_type:pC1_13b,65.0,peak_rate_hz,cut_vPN1_all_output,20.0,20.0,0.0
pC1_type:pC1_13b,65.0,peak_rate_hz,silence_aPN1,20.0,20.0,0.0
pC1_type:pC1_13b,65.0,evoked_spikes_per_neuron_per_pulse,silence_vPN1,0.975,0.95,2.5641025641025665
pC1_type:pC1_13b,65.0,evoked_spikes_per_neuron_per_pulse,cut_vPN1_to_pC1,0.975,0.975,0.0
pC1_type:pC1_13b,65.0,evoked_spikes_per_neuron_per_pulse,cut_vPN1_to_other,0.975,1.0,-2.5641025641025665
pC1_type:pC1_13b,65.0,evoked_spikes_per_neuron_per_pulse,cut_vPN1_all_output,0.975,0.95,2.5641025641025665
pC1_type:pC1_13b,65.0,evoked_spikes_per_neuron_per_pulse,silence_aPN1,0.975,0.75,23.076923076923073
pC1_type:pC1_13b,75.0,peak_rate_hz,silence_vPN1,20.0,20.0,0.0
pC1_type:pC1_13b,75.0,peak_rate_hz,cut_vPN1_to_pC1,20.0,20.0,0.0
pC1_type:pC1_13b,75.0,peak_rate_hz,cut_vPN1_to_other,20.0,20.0,0.0
pC1_type:pC1_13b,75.0,peak_rate_hz,cut_vPN1_all_output,20.0,20.0,0.0
pC1_type:pC1_13b,75.0,peak_rate_hz,silence_aPN1,20.0,20.0,0.0
pC1_type:pC1_13b,75.0,evoked_spikes_per_neuron_per_pulse,silence_vPN1,1.0,1.0,0.0
pC1_type:pC1_13b,75.0,evoked_spikes_per_neuron_per_pulse,cut_vPN1_to_pC1,1.0,0.9666666666666667,3.3333333333333326
pC1_type:pC1_13b,75.0,evoked_spikes_per_neuron_per_pulse,cut_vPN1_to_other,1.0,0.8666666666666667,13.33333333333333
pC1_type:pC1_13b,75.0,evoked_spikes_per_neuron_per_pulse,cut_vPN1_all_output,1.0,1.0,0.0
pC1_type:pC1_13b,75.0,evoked_spikes_per_neuron_per_pulse,silence_aPN1,1.0,0.9833333333333333,1.6666666666666718
pC1_type:pC1_13b,85.0,peak_rate_hz,silence_vPN1,20.0,20.0,0.0
pC1_type:pC1_13b,85.0,peak_rate_hz,cut_vPN1_to_pC1,20.0,20.0,0.0
pC1_type:pC1_13b,85.0,peak_rate_hz,cut_vPN1_to_other,20.0,20.0,0.0
pC1_type:pC1_13b,85.0,peak_rate_hz,cut_vPN1_all_output,20.0,20.0,0.0
pC1_type:pC1_13b,85.0,peak_rate_hz,silence_aPN1,20.0,20.0,0.0
pC1_type:pC1_13b,85.0,evoked_spikes_per_neuron_per_pulse,silence_vPN1,0.8833333333333333,0.8833333333333333,0.0
pC1_type:pC1_13b,85.0,evoked_spikes_per_neuron_per_pulse,cut_vPN1_to_pC1,0.8833333333333333,0.875,0.943396226415091
pC1_type:pC1_13b,85.0,evoked_spikes_per_neuron_per_pulse,cut_vPN1_to_other,0.8833333333333333,0.85,3.7735849056603765
pC1_type:pC1_13b,85.0,evoked_spikes_per_neuron_per_pulse,cut_vPN1_all_output,0.8833333333333333,0.8833333333333333,0.0
pC1_type:pC1_13b,85.0,evoked_spikes_per_neuron_per_pulse,silence_aPN1,0.8833333333333333,1.0,-13.207547169811324
pC1_type:pC1_13b,95.0,peak_rate_hz,silence_vPN1,20.0,20.0,0.0
pC1_type:pC1_13b,95.0,peak_rate_hz,cut_vPN1_to_pC1,20.0,20.0,0.0
pC1_type:pC1_13b,95.0,peak_rate_hz,cut_vPN1_to_other,20.0,20.0,0.0
pC1_type:pC1_13b,95.0,peak_rate_hz,cut_vPN1_all_output,20.0,20.0,0.0
pC1_type:pC1_13b,95.0,peak_rate_hz,silence_aPN1,20.0,20.0,0.0
pC1_type:pC1_13b,95.0,evoked_spikes_per_neuron_per_pulse,silence_vPN1,0.9916666666666667,0.85,14.28571428571429
pC1_type:pC1_13b,95.0,evoked_spikes_per_neuron_per_pulse,cut_vPN1_to_pC1,0.9916666666666667,0.9083333333333333,8.403361344537819
pC1_type:pC1_13b,95.0,evoked_spikes_per_neuron_per_pulse,cut_vPN1_to_other,0.9916666666666667,0.925,6.72268907563025
pC1_type:pC1_13b,95.0,evoked_spikes_per_neuron_per_pulse,cut_vPN1_all_output,0.9916666666666667,0.85,14.28571428571429
pC1_type:pC1_13b,95.0,evoked_spikes_per_neuron_per_pulse,silence_aPN1,0.9916666666666667,1.0,-0.8403361344537785
pC1_type:pC1_13c,15.0,peak_rate_hz,silence_vPN1,0.0,0.0,
pC1_type:pC1_13c,15.0,peak_rate_hz,cut_vPN1_to_pC1,0.0,0.0,
pC1_type:pC1_13c,15.0,peak_rate_hz,cut_vPN1_to_other,0.0,0.0,
pC1_type:pC1_13c,15.0,peak_rate_hz,cut_vPN1_all_output,0.0,0.0,
pC1_type:pC1_13c,15.0,peak_rate_hz,silence_aPN1,0.0,0.0,
pC1_type:pC1_13c,15.0,evoked_spikes_per_neuron_per_pulse,silence_vPN1,0.0,0.0,
pC1_type:pC1_13c,15.0,evoked_spikes_per_neuron_per_pulse,cut_vPN1_to_pC1,0.0,0.0,
pC1_type:pC1_13c,15.0,evoked_spikes_per_neuron_per_pulse,cut_vPN1_to_other,0.0,0.0,
pC1_type:pC1_13c,15.0,evoked_spikes_per_neuron_per_pulse,cut_vPN1_all_output,0.0,0.0,
pC1_type:pC1_13c,15.0,evoked_spikes_per_neuron_per_pulse,silence_aPN1,0.0,0.0,
pC1_type:pC1_13c,25.0,peak_rate_hz,silence_vPN1,0.0,0.0,
pC1_type:pC1_13c,25.0,peak_rate_hz,cut_vPN1_to_pC1,0.0,10.0,
pC1_type:pC1_13c,25.0,peak_rate_hz,cut_vPN1_to_other,0.0,0.0,
pC1_type:pC1_13c,25.0,peak_rate_hz,cut_vPN1_all_output,0.0,0.0,
pC1_type:pC1_13c,25.0,peak_rate_hz,silence_aPN1,0.0,0.0,
pC1_type:pC1_13c,25.0,evoked_spikes_per_neuron_per_pulse,silence_vPN1,0.0,0.0,
pC1_type:pC1_13c,25.0,evoked_spikes_per_neuron_per_pulse,cut_vPN1_to_pC1,0.0,0.025,
pC1_type:pC1_13c,25.0,evoked_spikes_per_neuron_per_pulse,cut_vPN1_to_other,0.0,0.0,
pC1_type:pC1_13c,25.0,evoked_spikes_per_neuron_per_pulse,cut_vPN1_all_output,0.0,0.0,
pC1_type:pC1_13c,25.0,evoked_spikes_per_neuron_per_pulse,silence_aPN1,0.0,0.0,
pC1_type:pC1_13c,35.0,peak_rate_hz,silence_vPN1,0.0,0.0,
pC1_type:pC1_13c,35.0,peak_rate_hz,cut_vPN1_to_pC1,0.0,0.0,
pC1_type:pC1_13c,35.0,peak_rate_hz,cut_vPN1_to_other,0.0,0.0,
pC1_type:pC1_13c,35.0,peak_rate_hz,cut_vPN1_all_output,0.0,0.0,
pC1_type:pC1_13c,35.0,peak_rate_hz,silence_aPN1,0.0,0.0,
pC1_type:pC1_13c,35.0,evoked_spikes_per_neuron_per_pulse,silence_vPN1,0.0,0.0,
pC1_type:pC1_13c,35.0,evoked_spikes_per_neuron_per_pulse,cut_vPN1_to_pC1,0.0,0.0,
pC1_type:pC1_13c,35.0,evoked_spikes_per_neuron_per_pulse,cut_vPN1_to_other,0.0,0.0,
pC1_type:pC1_13c,35.0,evoked_spikes_per_neuron_per_pulse,cut_vPN1_all_output,0.0,0.0,
pC1_type:pC1_13c,35.0,evoked_spikes_per_neuron_per_pulse,silence_aPN1,0.0,0.0,
pC1_type:pC1_13c,45.0,peak_rate_hz,silence_vPN1,0.0,0.0,
pC1_type:pC1_13c,45.0,peak_rate_hz,cut_vPN1_to_pC1,0.0,0.0,
pC1_type:pC1_13c,45.0,peak_rate_hz,cut_vPN1_to_other,0.0,0.0,
pC1_type:pC1_13c,45.0,peak_rate_hz,cut_vPN1_all_output,0.0,0.0,
pC1_type:pC1_13c,45.0,peak_rate_hz,silence_aPN1,0.0,0.0,
pC1_type:pC1_13c,45.0,evoked_spikes_per_neuron_per_pulse,silence_vPN1,0.0,0.0,
pC1_type:pC1_13c,45.0,evoked_spikes_per_neuron_per_pulse,cut_vPN1_to_pC1,0.0,0.0,
pC1_type:pC1_13c,45.0,evoked_spikes_per_neuron_per_pulse,cut_vPN1_to_other,0.0,0.0,
pC1_type:pC1_13c,45.0,evoked_spikes_per_neuron_per_pulse,cut_vPN1_all_output,0.0,0.0,
pC1_type:pC1_13c,45.0,evoked_spikes_per_neuron_per_pulse,silence_aPN1,0.0,0.0,
pC1_type:pC1_13c,55.0,peak_rate_hz,silence_vPN1,0.0,0.0,
pC1_type:pC1_13c,55.0,peak_rate_hz,cut_vPN1_to_pC1,0.0,0.0,
pC1_type:pC1_13c,55.0,peak_rate_hz,cut_vPN1_to_other,0.0,0.0,
pC1_type:pC1_13c,55.0,peak_rate_hz,cut_vPN1_all_output,0.0,0.0,
pC1_type:pC1_13c,55.0,peak_rate_hz,silence_aPN1,0.0,0.0,
pC1_type:pC1_13c,55.0,evoked_spikes_per_neuron_per_pulse,silence_vPN1,0.0,0.0,
pC1_type:pC1_13c,55.0,evoked_spikes_per_neuron_per_pulse,cut_vPN1_to_pC1,0.0,0.0,
pC1_type:pC1_13c,55.0,evoked_spikes_per_neuron_per_pulse,cut_vPN1_to_other,0.0,0.0,
pC1_type:pC1_13c,55.0,evoked_spikes_per_neuron_per_pulse,cut_vPN1_all_output,0.0,0.0,
pC1_type:pC1_13c,55.0,evoked_spikes_per_neuron_per_pulse,silence_aPN1,0.0,0.0,
pC1_type:pC1_13c,65.0,peak_rate_hz,silence_vPN1,0.0,0.0,
pC1_type:pC1_13c,65.0,peak_rate_hz,cut_vPN1_to_pC1,0.0,0.0,
pC1_type:pC1_13c,65.0,peak_rate_hz,cut_vPN1_to_other,0.0,0.0,
pC1_type:pC1_13c,65.0,peak_rate_hz,cut_vPN1_all_output,0.0,0.0,
pC1_type:pC1_13c,65.0,peak_rate_hz,silence_aPN1,0.0,0.0,
pC1_type:pC1_13c,65.0,evoked_spikes_per_neuron_per_pulse,silence_vPN1,0.0,0.0,
pC1_type:pC1_13c,65.0,evoked_spikes_per_neuron_per_pulse,cut_vPN1_to_pC1,0.0,0.0,
pC1_type:pC1_13c,65.0,evoked_spikes_per_neuron_per_pulse,cut_vPN1_to_other,0.0,0.0,
pC1_type:pC1_13c,65.0,evoked_spikes_per_neuron_per_pulse,cut_vPN1_all_output,0.0,0.0,
pC1_type:pC1_13c,65.0,evoked_spikes_per_neuron_per_pulse,silence_aPN1,0.0,0.0,
pC1_type:pC1_13c,75.0,peak_rate_hz,silence_vPN1,0.0,0.0,
pC1_type:pC1_13c,75.0,peak_rate_hz,cut_vPN1_to_pC1,0.0,0.0,
pC1_type:pC1_13c,75.0,peak_rate_hz,cut_vPN1_to_other,0.0,0.0,
pC1_type:pC1_13c,75.0,peak_rate_hz,cut_vPN1_all_output,0.0,0.0,
pC1_type:pC1_13c,75.0,peak_rate_hz,silence_aPN1,0.0,0.0,
pC1_type:pC1_13c,75.0,evoked_spikes_per_neuron_per_pulse,silence_vPN1,0.0,0.0,
pC1_type:pC1_13c,75.0,evoked_spikes_per_neuron_per_pulse,cut_vPN1_to_pC1,0.0,0.0,
pC1_type:pC1_13c,75.0,evoked_spikes_per_neuron_per_pulse,cut_vPN1_to_other,0.0,0.0,
pC1_type:pC1_13c,75.0,evoked_spikes_per_neuron_per_pulse,cut_vPN1_all_output,0.0,0.0,
pC1_type:pC1_13c,75.0,evoked_spikes_per_neuron_per_pulse,silence_aPN1,0.0,0.0,
pC1_type:pC1_13c,85.0,peak_rate_hz,silence_vPN1,0.0,0.0,
pC1_type:pC1_13c,85.0,peak_rate_hz,cut_vPN1_to_pC1,0.0,0.0,
pC1_type:pC1_13c,85.0,peak_rate_hz,cut_vPN1_to_other,0.0,0.0,
pC1_type:pC1_13c,85.0,peak_rate_hz,cut_vPN1_all_output,0.0,0.0,
pC1_type:pC1_13c,85.0,peak_rate_hz,silence_aPN1,0.0,0.0,
pC1_type:pC1_13c,85.0,evoked_spikes_per_neuron_per_pulse,silence_vPN1,0.0,0.0,
pC1_type:pC1_13c,85.0,evoked_spikes_per_neuron_per_pulse,cut_vPN1_to_pC1,0.0,0.0,
pC1_type:pC1_13c,85.0,evoked_spikes_per_neuron_per_pulse,cut_vPN1_to_other,0.0,0.0,
pC1_type:pC1_13c,85.0,evoked_spikes_per_neuron_per_pulse,cut_vPN1_all_output,0.0,0.0,
pC1_type:pC1_13c,85.0,evoked_spikes_per_neuron_per_pulse,silence_aPN1,0.0,0.0,
pC1_type:pC1_13c,95.0,peak_rate_hz,silence_vPN1,0.0,0.0,
pC1_type:pC1_13c,95.0,peak_rate_hz,cut_vPN1_to_pC1,0.0,0.0,
pC1_type:pC1_13c,95.0,peak_rate_hz,cut_vPN1_to_other,0.0,0.0,
pC1_type:pC1_13c,95.0,peak_rate_hz,cut_vPN1_all_output,0.0,0.0,
pC1_type:pC1_13c,95.0,peak_rate_hz,silence_aPN1,0.0,0.0,
pC1_type:pC1_13c,95.0,evoked_spikes_per_neuron_per_pulse,silence_vPN1,0.0,0.0,
pC1_type:pC1_13c,95.0,evoked_spikes_per_neuron_per_pulse,cut_vPN1_to_pC1,0.0,0.0,
pC1_type:pC1_13c,95.0,evoked_spikes_per_neuron_per_pulse,cut_vPN1_to_other,0.0,0.0,
pC1_type:pC1_13c,95.0,evoked_spikes_per_neuron_per_pulse,cut_vPN1_all_output,0.0,0.0,
pC1_type:pC1_13c,95.0,evoked_spikes_per_neuron_per_pulse,silence_aPN1,0.0,0.0,
pC1_type:pC1_14a,15.0,peak_rate_hz,silence_vPN1,35.0,18.333333333333336,47.61904761904761
pC1_type:pC1_14a,15.0,peak_rate_hz,cut_vPN1_to_pC1,35.0,16.666666666666668,52.38095238095238
pC1_type:pC1_14a,15.0,peak_rate_hz,cut_vPN1_to_other,35.0,10.0,71.42857142857143
pC1_type:pC1_14a,15.0,peak_rate_hz,cut_vPN1_all_output,35.0,18.333333333333336,47.61904761904761
pC1_type:pC1_14a,15.0,peak_rate_hz,silence_aPN1,35.0,13.333333333333334,61.9047619047619
pC1_type:pC1_14a,15.0,evoked_spikes_per_neuron_per_pulse,silence_vPN1,0.1875,0.075,60.0
pC1_type:pC1_14a,15.0,evoked_spikes_per_neuron_per_pulse,cut_vPN1_to_pC1,0.1875,0.0625,66.66666666666667
pC1_type:pC1_14a,15.0,evoked_spikes_per_neuron_per_pulse,cut_vPN1_to_other,0.1875,0.04583333333333333,75.55555555555556
pC1_type:pC1_14a,15.0,evoked_spikes_per_neuron_per_pulse,cut_vPN1_all_output,0.1875,0.075,60.0
pC1_type:pC1_14a,15.0,evoked_spikes_per_neuron_per_pulse,silence_aPN1,0.1875,0.09166666666666666,51.111111111111114
pC1_type:pC1_14a,25.0,peak_rate_hz,silence_vPN1,25.0,16.666666666666668,33.33333333333333
pC1_type:pC1_14a,25.0,peak_rate_hz,cut_vPN1_to_pC1,25.0,11.666666666666668,53.33333333333333
pC1_type:pC1_14a,25.0,peak_rate_hz,cut_vPN1_to_other,25.0,23.333333333333336,6.666666666666657
pC1_type:pC1_14a,25.0,peak_rate_hz,cut_vPN1_all_output,25.0,16.666666666666668,33.33333333333333
pC1_type:pC1_14a,25.0,peak_rate_hz,silence_aPN1,25.0,20.0,20.0
pC1_type:pC1_14a,25.0,evoked_spikes_per_neuron_per_pulse,silence_vPN1,0.15416666666666667,0.15833333333333333,-2.702702702702693
pC1_type:pC1_14a,25.0,evoked_spikes_per_neuron_per_pulse,cut_vPN1_to_pC1,0.15416666666666667,0.08333333333333333,45.94594594594595
pC1_type:pC1_14a,25.0,evoked_spikes_per_neuron_per_pulse,cut_vPN1_to_other,0.15416666666666667,0.19166666666666668,-24.324324324324326
pC1_type:pC1_14a,25.0,evoked_spikes_per_neuron_per_pulse,cut_vPN1_all_output,0.15416666666666667,0.15833333333333333,-2.702702702702693
pC1_type:pC1_14a,25.0,evoked_spikes_per_neuron_per_pulse,silence_aPN1,0.15416666666666667,0.16666666666666666,-8.108108108108096
pC1_type:pC1_14a,35.0,peak_rate_hz,silence_vPN1,10.0,15.0,-50.0
pC1_type:pC1_14a,35.0,peak_rate_hz,cut_vPN1_to_pC1,10.0,11.666666666666668,-16.66666666666668
pC1_type:pC1_14a,35.0,peak_rate_hz,cut_vPN1_to_other,10.0,13.333333333333334,-33.333333333333336
pC1_type:pC1_14a,35.0,peak_rate_hz,cut_vPN1_all_output,10.0,15.0,-50.0
pC1_type:pC1_14a,35.0,peak_rate_hz,silence_aPN1,10.0,13.333333333333334,-33.333333333333336
pC1_type:pC1_14a,35.0,evoked_spikes_per_neuron_per_pulse,silence_vPN1,0.10833333333333334,0.16666666666666666,-53.84615384615383
pC1_type:pC1_14a,35.0,evoked_spikes_per_neuron_per_pulse,cut_vPN1_to_pC1,0.10833333333333334,0.13333333333333333,-23.076923076923073
pC1_type:pC1_14a,35.0,evoked_spikes_per_neuron_per_pulse,cut_vPN1_to_other,0.10833333333333334,0.16666666666666666,-53.84615384615383
pC1_type:pC1_14a,35.0,evoked_spikes_per_neuron_per_pulse,cut_vPN1_all_output,0.10833333333333334,0.16666666666666666,-53.84615384615383
pC1_type:pC1_14a,35.0,evoked_spikes_per_neuron_per_pulse,silence_aPN1,0.10833333333333334,0.15,-38.46153846153845
pC1_type:pC1_14a,45.0,peak_rate_hz,silence_vPN1,11.666666666666668,15.0,-28.57142857142856
pC1_type:pC1_14a,45.0,peak_rate_hz,cut_vPN1_to_pC1,11.666666666666668,8.333333333333334,28.571428571428573
pC1_type:pC1_14a,45.0,peak_rate_hz,cut_vPN1_to_other,11.666666666666668,16.666666666666668,-42.857142857142854
pC1_type:pC1_14a,45.0,peak_rate_hz,cut_vPN1_all_output,11.666666666666668,15.0,-28.57142857142856
pC1_type:pC1_14a,45.0,peak_rate_hz,silence_aPN1,11.666666666666668,13.333333333333334,-14.28571428571428
pC1_type:pC1_14a,45.0,evoked_spikes_per_neuron_per_pulse,silence_vPN1,0.17916666666666667,0.26666666666666666,-48.83720930232558
pC1_type:pC1_14a,45.0,evoked_spikes_per_neuron_per_pulse,cut_vPN1_to_pC1,0.17916666666666667,0.13333333333333333,25.581395348837212
pC1_type:pC1_14a,45.0,evoked_spikes_per_neuron_per_pulse,cut_vPN1_to_other,0.17916666666666667,0.22916666666666666,-27.906976744186043
pC1_type:pC1_14a,45.0,evoked_spikes_per_neuron_per_pulse,cut_vPN1_all_output,0.17916666666666667,0.26666666666666666,-48.83720930232558
pC1_type:pC1_14a,45.0,evoked_spikes_per_neuron_per_pulse,silence_aPN1,0.17916666666666667,0.2125,-18.60465116279069
pC1_type:pC1_14a,55.0,peak_rate_hz,silence_vPN1,11.666666666666668,13.333333333333334,-14.28571428571428
pC1_type:pC1_14a,55.0,peak_rate_hz,cut_vPN1_to_pC1,11.666666666666668,13.333333333333334,-14.28571428571428
pC1_type:pC1_14a,55.0,peak_rate_hz,cut_vPN1_to_other,11.666666666666668,28.333333333333336,-142.85714285714286
pC1_type:pC1_14a,55.0,peak_rate_hz,cut_vPN1_all_output,11.666666666666668,13.333333333333334,-14.28571428571428
pC1_type:pC1_14a,55.0,peak_rate_hz,silence_aPN1,11.666666666666668,21.666666666666668,-85.71428571428571
pC1_type:pC1_14a,55.0,evoked_spikes_per_neuron_per_pulse,silence_vPN1,0.325,0.36666666666666664,-12.820512820512807
pC1_type:pC1_14a,55.0,evoked_spikes_per_neuron_per_pulse,cut_vPN1_to_pC1,0.325,0.3375,-3.8461538461538494
pC1_type:pC1_14a,55.0,evoked_spikes_per_neuron_per_pulse,cut_vPN1_to_other,0.325,0.3875,-19.23076923076923
pC1_type:pC1_14a,55.0,evoked_spikes_per_neuron_per_pulse,cut_vPN1_all_output,0.325,0.36666666666666664,-12.820512820512807
pC1_type:pC1_14a,55.0,evoked_spikes_per_neuron_per_pulse,silence_aPN1,0.325,0.5458333333333333,-67.94871794871793
pC1_type:pC1_14a,65.0,peak_rate_hz,silence_vPN1,13.333333333333334,15.0,-12.499999999999995
pC1_type:pC1_14a,65.0,peak_rate_hz,cut_vPN1_to_pC1,13.333333333333334,13.333333333333334,0.0
pC1_type:pC1_14a,65.0,peak_rate_hz,cut_vPN1_to_other,13.333333333333334,15.0,-12.499999999999995
pC1_type:pC1_14a,65.0,peak_rate_hz,cut_vPN1_all_output,13.333333333333334,15.0,-12.499999999999995
pC1_type:pC1_14a,65.0,peak_rate_hz,silence_aPN1,13.333333333333334,16.666666666666668,-25.0
pC1_type:pC1_14a,65.0,evoked_spikes_per_neuron_per_pulse,silence_vPN1,0.425,0.3958333333333333,6.862745098039218
pC1_type:pC1_14a,65.0,evoked_spikes_per_neuron_per_pulse,cut_vPN1_to_pC1,0.425,0.45416666666666666,-6.862745098039218
pC1_type:pC1_14a,65.0,evoked_spikes_per_neuron_per_pulse,cut_vPN1_to_other,0.425,0.45,-5.882352941176476
pC1_type:pC1_14a,65.0,evoked_spikes_per_neuron_per_pulse,cut_vPN1_all_output,0.425,0.3958333333333333,6.862745098039218
pC1_type:pC1_14a,65.0,evoked_spikes_per_neuron_per_pulse,silence_aPN1,0.425,0.5,-17.647058823529413
pC1_type:pC1_14a,75.0,peak_rate_hz,silence_vPN1,11.666666666666668,13.333333333333334,-14.28571428571428
pC1_type:pC1_14a,75.0,peak_rate_hz,cut_vPN1_to_pC1,11.666666666666668,13.333333333333334,-14.28571428571428
pC1_type:pC1_14a,75.0,peak_rate_hz,cut_vPN1_to_other,11.666666666666668,13.333333333333334,-14.28571428571428
pC1_type:pC1_14a,75.0,peak_rate_hz,cut_vPN1_all_output,11.666666666666668,13.333333333333334,-14.28571428571428
pC1_type:pC1_14a,75.0,peak_rate_hz,silence_aPN1,11.666666666666668,15.0,-28.57142857142856
pC1_type:pC1_14a,75.0,evoked_spikes_per_neuron_per_pulse,silence_vPN1,0.37083333333333335,0.5083333333333333,-37.07865168539325
pC1_type:pC1_14a,75.0,evoked_spikes_per_neuron_per_pulse,cut_vPN1_to_pC1,0.37083333333333335,0.4125,-11.235955056179764
pC1_type:pC1_14a,75.0,evoked_spikes_per_neuron_per_pulse,cut_vPN1_to_other,0.37083333333333335,0.3625,2.247191011235962
pC1_type:pC1_14a,75.0,evoked_spikes_per_neuron_per_pulse,cut_vPN1_all_output,0.37083333333333335,0.5083333333333333,-37.07865168539325
pC1_type:pC1_14a,75.0,evoked_spikes_per_neuron_per_pulse,silence_aPN1,0.37083333333333335,0.5375,-44.94382022471909
pC1_type:pC1_14a,85.0,peak_rate_hz,silence_vPN1,13.333333333333334,10.0,25.0
pC1_type:pC1_14a,85.0,peak_rate_hz,cut_vPN1_to_pC1,13.333333333333334,13.333333333333334,0.0
pC1_type:pC1_14a,85.0,peak_rate_hz,cut_vPN1_to_other,13.333333333333334,11.666666666666668,12.499999999999995
pC1_type:pC1_14a,85.0,peak_rate_hz,cut_vPN1_all_output,13.333333333333334,10.0,25.0
pC1_type:pC1_14a,85.0,peak_rate_hz,silence_aPN1,13.333333333333334,16.666666666666668,-25.0
pC1_type:pC1_14a,85.0,evoked_spikes_per_neuron_per_pulse,silence_vPN1,0.3416666666666667,0.3333333333333333,2.43902439024391
pC1_type:pC1_14a,85.0,evoked_spikes_per_neuron_per_pulse,cut_vPN1_to_pC1,0.3416666666666667,0.4,-17.07317073170732
pC1_type:pC1_14a,85.0,evoked_spikes_per_neuron_per_pulse,cut_vPN1_to_other,0.3416666666666667,0.30416666666666664,10.97560975609757
pC1_type:pC1_14a,85.0,evoked_spikes_per_neuron_per_pulse,cut_vPN1_all_output,0.3416666666666667,0.3333333333333333,2.43902439024391
pC1_type:pC1_14a,85.0,evoked_spikes_per_neuron_per_pulse,silence_aPN1,0.3416666666666667,0.5916666666666667,-73.17073170731707
pC1_type:pC1_14a,95.0,peak_rate_hz,silence_vPN1,16.666666666666668,15.0,10.000000000000007
pC1_type:pC1_14a,95.0,peak_rate_hz,cut_vPN1_to_pC1,16.666666666666668,41.66666666666667,-150.00000000000003
pC1_type:pC1_14a,95.0,peak_rate_hz,cut_vPN1_to_other,16.666666666666668,25.0,-49.99999999999999
pC1_type:pC1_14a,95.0,peak_rate_hz,cut_vPN1_all_output,16.666666666666668,15.0,10.000000000000007
pC1_type:pC1_14a,95.0,peak_rate_hz,silence_aPN1,16.666666666666668,15.0,10.000000000000007
pC1_type:pC1_14a,95.0,evoked_spikes_per_neuron_per_pulse,silence_vPN1,0.45,0.35,22.22222222222223
pC1_type:pC1_14a,95.0,evoked_spikes_per_neuron_per_pulse,cut_vPN1_to_pC1,0.45,0.4791666666666667,-6.481481481481483
pC1_type:pC1_14a,95.0,evoked_spikes_per_neuron_per_pulse,cut_vPN1_to_other,0.45,0.45,0.0
pC1_type:pC1_14a,95.0,evoked_spikes_per_neuron_per_pulse,cut_vPN1_all_output,0.45,0.35,22.22222222222223
pC1_type:pC1_14a,95.0,evoked_spikes_per_neuron_per_pulse,silence_aPN1,0.45,0.5708333333333333,-26.85185185185184
pC1_type:pC1_14b,15.0,peak_rate_hz,silence_vPN1,10.0,10.0,0.0
pC1_type:pC1_14b,15.0,peak_rate_hz,cut_vPN1_to_pC1,10.0,5.0,50.0
pC1_type:pC1_14b,15.0,peak_rate_hz,cut_vPN1_to_other,10.0,10.0,0.0
pC1_type:pC1_14b,15.0,peak_rate_hz,cut_vPN1_all_output,10.0,10.0,0.0
pC1_type:pC1_14b,15.0,peak_rate_hz,silence_aPN1,10.0,10.0,0.0
pC1_type:pC1_14b,15.0,evoked_spikes_per_neuron_per_pulse,silence_vPN1,0.05,0.025,50.0
pC1_type:pC1_14b,15.0,evoked_spikes_per_neuron_per_pulse,cut_vPN1_to_pC1,0.05,0.025,50.0
pC1_type:pC1_14b,15.0,evoked_spikes_per_neuron_per_pulse,cut_vPN1_to_other,0.05,0.025,50.0
pC1_type:pC1_14b,15.0,evoked_spikes_per_neuron_per_pulse,cut_vPN1_all_output,0.05,0.025,50.0
pC1_type:pC1_14b,15.0,evoked_spikes_per_neuron_per_pulse,silence_aPN1,0.05,0.0375,25.000000000000007
pC1_type:pC1_14b,25.0,peak_rate_hz,silence_vPN1,5.0,10.0,-100.0
pC1_type:pC1_14b,25.0,peak_rate_hz,cut_vPN1_to_pC1,5.0,10.0,-100.0
pC1_type:pC1_14b,25.0,peak_rate_hz,cut_vPN1_to_other,5.0,10.0,-100.0
pC1_type:pC1_14b,25.0,peak_rate_hz,cut_vPN1_all_output,5.0,10.0,-100.0
pC1_type:pC1_14b,25.0,peak_rate_hz,silence_aPN1,5.0,10.0,-100.0
pC1_type:pC1_14b,25.0,evoked_spikes_per_neuron_per_pulse,silence_vPN1,0.0375,0.05,-33.33333333333335
pC1_type:pC1_14b,25.0,evoked_spikes_per_neuron_per_pulse,cut_vPN1_to_pC1,0.0375,0.0375,0.0
pC1_type:pC1_14b,25.0,evoked_spikes_per_neuron_per_pulse,cut_vPN1_to_other,0.0375,0.0375,0.0
pC1_type:pC1_14b,25.0,evoked_spikes_per_neuron_per_pulse,cut_vPN1_all_output,0.0375,0.05,-33.33333333333335
pC1_type:pC1_14b,25.0,evoked_spikes_per_neuron_per_pulse,silence_aPN1,0.0375,0.05,-33.33333333333335
pC1_type:pC1_14b,35.0,peak_rate_hz,silence_vPN1,10.0,10.0,0.0
pC1_type:pC1_14b,35.0,peak_rate_hz,cut_vPN1_to_pC1,10.0,5.0,50.0
pC1_type:pC1_14b,35.0,peak_rate_hz,cut_vPN1_to_other,10.0,10.0,0.0
pC1_type:pC1_14b,35.0,peak_rate_hz,cut_vPN1_all_output,10.0,10.0,0.0
pC1_type:pC1_14b,35.0,peak_rate_hz,silence_aPN1,10.0,10.0,0.0
pC1_type:pC1_14b,35.0,evoked_spikes_per_neuron_per_pulse,silence_vPN1,0.0625,0.075,-19.999999999999996
pC1_type:pC1_14b,35.0,evoked_spikes_per_neuron_per_pulse,cut_vPN1_to_pC1,0.0625,0.025,60.0
pC1_type:pC1_14b,35.0,evoked_spikes_per_neuron_per_pulse,cut_vPN1_to_other,0.0625,0.1,-60.00000000000001
pC1_type:pC1_14b,35.0,evoked_spikes_per_neuron_per_pulse,cut_vPN1_all_output,0.0625,0.075,-19.999999999999996
pC1_type:pC1_14b,35.0,evoked_spikes_per_neuron_per_pulse,silence_aPN1,0.0625,0.0875,-39.99999999999999
pC1_type:pC1_14b,45.0,peak_rate_hz,silence_vPN1,5.0,10.0,-100.0
pC1_type:pC1_14b,45.0,peak_rate_hz,cut_vPN1_to_pC1,5.0,5.0,0.0
pC1_type:pC1_14b,45.0,peak_rate_hz,cut_vPN1_to_other,5.0,15.0,-200.0
pC1_type:pC1_14b,45.0,peak_rate_hz,cut_vPN1_all_output,5.0,10.0,-100.0
pC1_type:pC1_14b,45.0,peak_rate_hz,silence_aPN1,5.0,15.0,-200.0
pC1_type:pC1_14b,45.0,evoked_spikes_per_neuron_per_pulse,silence_vPN1,0.05,0.0875,-74.99999999999997
pC1_type:pC1_14b,45.0,evoked_spikes_per_neuron_per_pulse,cut_vPN1_to_pC1,0.05,0.0125,75.0
pC1_type:pC1_14b,45.0,evoked_spikes_per_neuron_per_pulse,cut_vPN1_to_other,0.05,0.0875,-74.99999999999997
pC1_type:pC1_14b,45.0,evoked_spikes_per_neuron_per_pulse,cut_vPN1_all_output,0.05,0.0875,-74.99999999999997
pC1_type:pC1_14b,45.0,evoked_spikes_per_neuron_per_pulse,silence_aPN1,0.05,0.1375,-175.0
pC1_type:pC1_14b,55.0,peak_rate_hz,silence_vPN1,10.0,15.0,-50.0
pC1_type:pC1_14b,55.0,peak_rate_hz,cut_vPN1_to_pC1,10.0,10.0,0.0
pC1_type:pC1_14b,55.0,peak_rate_hz,cut_vPN1_to_other,10.0,20.0,-100.0
pC1_type:pC1_14b,55.0,peak_rate_hz,cut_vPN1_all_output,10.0,15.0,-50.0
pC1_type:pC1_14b,55.0,peak_rate_hz,silence_aPN1,10.0,20.0,-100.0
pC1_type:pC1_14b,55.0,evoked_spikes_per_neuron_per_pulse,silence_vPN1,0.0875,0.2,-128.5714285714286
pC1_type:pC1_14b,55.0,evoked_spikes_per_neuron_per_pulse,cut_vPN1_to_pC1,0.0875,0.1125,-28.571428571428584
pC1_type:pC1_14b,55.0,evoked_spikes_per_neuron_per_pulse,cut_vPN1_to_other,0.0875,0.2,-128.5714285714286
pC1_type:pC1_14b,55.0,evoked_spikes_per_neuron_per_pulse,cut_vPN1_all_output,0.0875,0.2,-128.5714285714286
pC1_type:pC1_14b,55.0,evoked_spikes_per_neuron_per_pulse,silence_aPN1,0.0875,0.35,-300.0
pC1_type:pC1_14b,65.0,peak_rate_hz,silence_vPN1,20.0,15.0,25.0
pC1_type:pC1_14b,65.0,peak_rate_hz,cut_vPN1_to_pC1,20.0,20.0,0.0
pC1_type:pC1_14b,65.0,peak_rate_hz,cut_vPN1_to_other,20.0,15.0,25.0
pC1_type:pC1_14b,65.0,peak_rate_hz,cut_vPN1_all_output,20.0,15.0,25.0
pC1_type:pC1_14b,65.0,peak_rate_hz,silence_aPN1,20.0,20.0,0.0
pC1_type:pC1_14b,65.0,evoked_spikes_per_neuron_per_pulse,silence_vPN1,0.35,0.2625,24.999999999999993
pC1_type:pC1_14b,65.0,evoked_spikes_per_neuron_per_pulse,cut_vPN1_to_pC1,0.35,0.3375,3.571428571428559
pC1_type:pC1_14b,65.0,evoked_spikes_per_neuron_per_pulse,cut_vPN1_to_other,0.35,0.15,57.142857142857146
pC1_type:pC1_14b,65.0,evoked_spikes_per_neuron_per_pulse,cut_vPN1_all_output,0.35,0.2625,24.999999999999993
pC1_type:pC1_14b,65.0,evoked_spikes_per_neuron_per_pulse,silence_aPN1,0.35,0.625,-78.57142857142858
pC1_type:pC1_14b,75.0,peak_rate_hz,silence_vPN1,15.0,20.0,-33.333333333333336
pC1_type:pC1_14b,75.0,peak_rate_hz,cut_vPN1_to_pC1,15.0,20.0,-33.333333333333336
pC1_type:pC1_14b,75.0,peak_rate_hz,cut_vPN1_to_other,15.0,15.0,0.0
pC1_type:pC1_14b,75.0,peak_rate_hz,cut_vPN1_all_output,15.0,20.0,-33.333333333333336
pC1_type:pC1_14b,75.0,peak_rate_hz,silence_aPN1,15.0,20.0,-33.333333333333336
pC1_type:pC1_14b,75.0,evoked_spikes_per_neuron_per_pulse,silence_vPN1,0.525,0.625,-19.047619047619044
pC1_type:pC1_14b,75.0,evoked_spikes_per_neuron_per_pulse,cut_vPN1_to_pC1,0.525,0.6375,-21.428571428571413
pC1_type:pC1_14b,75.0,evoked_spikes_per_neuron_per_pulse,cut_vPN1_to_other,0.525,0.4625,11.904761904761905
pC1_type:pC1_14b,75.0,evoked_spikes_per_neuron_per_pulse,cut_vPN1_all_output,0.525,0.625,-19.047619047619044
pC1_type:pC1_14b,75.0,evoked_spikes_per_neuron_per_pulse,silence_aPN1,0.525,0.975,-85.7142857142857
pC1_type:pC1_14b,85.0,peak_rate_hz,silence_vPN1,20.0,20.0,0.0
pC1_type:pC1_14b,85.0,peak_rate_hz,cut_vPN1_to_pC1,20.0,20.0,0.0
pC1_type:pC1_14b,85.0,peak_rate_hz,cut_vPN1_to_other,20.0,15.0,25.0
pC1_type:pC1_14b,85.0,peak_rate_hz,cut_vPN1_all_output,20.0,20.0,0.0
pC1_type:pC1_14b,85.0,peak_rate_hz,silence_aPN1,20.0,20.0,0.0
pC1_type:pC1_14b,85.0,evoked_spikes_per_neuron_per_pulse,silence_vPN1,0.5875,0.4875,17.021276595744688
pC1_type:pC1_14b,85.0,evoked_spikes_per_neuron_per_pulse,cut_vPN1_to_pC1,0.5875,0.6,-2.1276595744680775
pC1_type:pC1_14b,85.0,evoked_spikes_per_neuron_per_pulse,cut_vPN1_to_other,0.5875,0.4375,25.531914893617024
pC1_type:pC1_14b,85.0,evoked_spikes_per_neuron_per_pulse,cut_vPN1_all_output,0.5875,0.4875,17.021276595744688
pC1_type:pC1_14b,85.0,evoked_spikes_per_neuron_per_pulse,silence_aPN1,0.5875,0.85,-44.68085106382978
pC1_type:pC1_14b,95.0,peak_rate_hz,silence_vPN1,20.0,20.0,0.0
pC1_type:pC1_14b,95.0,peak_rate_hz,cut_vPN1_to_pC1,20.0,20.0,0.0
pC1_type:pC1_14b,95.0,peak_rate_hz,cut_vPN1_to_other,20.0,20.0,0.0
pC1_type:pC1_14b,95.0,peak_rate_hz,cut_vPN1_all_output,20.0,20.0,0.0
pC1_type:pC1_14b,95.0,peak_rate_hz,silence_aPN1,20.0,20.0,0.0
pC1_type:pC1_14b,95.0,evoked_spikes_per_neuron_per_pulse,silence_vPN1,0.7125,0.475,33.333333333333336
pC1_type:pC1_14b,95.0,evoked_spikes_per_neuron_per_pulse,cut_vPN1_to_pC1,0.7125,0.6375,10.526315789473694
pC1_type:pC1_14b,95.0,evoked_spikes_per_neuron_per_pulse,cut_vPN1_to_other,0.7125,0.525,26.31578947368421
pC1_type:pC1_14b,95.0,evoked_spikes_per_neuron_per_pulse,cut_vPN1_all_output,0.7125,0.475,33.333333333333336
pC1_type:pC1_14b,95.0,evoked_spikes_per_neuron_per_pulse,silence_aPN1,0.7125,0.725,-1.7543859649122744
pC1_type:pC1_15a,15.0,peak_rate_hz,silence_vPN1,0.0,0.0,
pC1_type:pC1_15a,15.0,peak_rate_hz,cut_vPN1_to_pC1,0.0,5.0,
pC1_type:pC1_15a,15.0,peak_rate_hz,cut_vPN1_to_other,0.0,0.0,
pC1_type:pC1_15a,15.0,peak_rate_hz,cut_vPN1_all_output,0.0,0.0,
pC1_type:pC1_15a,15.0,peak_rate_hz,silence_aPN1,0.0,5.0,
pC1_type:pC1_15a,15.0,evoked_spikes_per_neuron_per_pulse,silence_vPN1,0.0,0.0,
pC1_type:pC1_15a,15.0,evoked_spikes_per_neuron_per_pulse,cut_vPN1_to_pC1,0.0,0.0125,
pC1_type:pC1_15a,15.0,evoked_spikes_per_neuron_per_pulse,cut_vPN1_to_other,0.0,0.0,
pC1_type:pC1_15a,15.0,evoked_spikes_per_neuron_per_pulse,cut_vPN1_all_output,0.0,0.0,
pC1_type:pC1_15a,15.0,evoked_spikes_per_neuron_per_pulse,silence_aPN1,0.0,0.0125,
pC1_type:pC1_15a,25.0,peak_rate_hz,silence_vPN1,5.0,5.0,0.0
pC1_type:pC1_15a,25.0,peak_rate_hz,cut_vPN1_to_pC1,5.0,0.0,100.0
pC1_type:pC1_15a,25.0,peak_rate_hz,cut_vPN1_to_other,5.0,10.0,-100.0
pC1_type:pC1_15a,25.0,peak_rate_hz,cut_vPN1_all_output,5.0,5.0,0.0
pC1_type:pC1_15a,25.0,peak_rate_hz,silence_aPN1,5.0,10.0,-100.0
pC1_type:pC1_15a,25.0,evoked_spikes_per_neuron_per_pulse,silence_vPN1,0.0125,0.0375,-200.0
pC1_type:pC1_15a,25.0,evoked_spikes_per_neuron_per_pulse,cut_vPN1_to_pC1,0.0125,0.0,100.0
pC1_type:pC1_15a,25.0,evoked_spikes_per_neuron_per_pulse,cut_vPN1_to_other,0.0125,0.075,-500.0
pC1_type:pC1_15a,25.0,evoked_spikes_per_neuron_per_pulse,cut_vPN1_all_output,0.0125,0.0375,-200.0
pC1_type:pC1_15a,25.0,evoked_spikes_per_neuron_per_pulse,silence_aPN1,0.0125,0.05,-300.0
pC1_type:pC1_15a,35.0,peak_rate_hz,silence_vPN1,15.0,5.0,66.66666666666667
pC1_type:pC1_15a,35.0,peak_rate_hz,cut_vPN1_to_pC1,15.0,10.0,33.333333333333336
pC1_type:pC1_15a,35.0,peak_rate_hz,cut_vPN1_to_other,15.0,5.0,66.66666666666667
pC1_type:pC1_15a,35.0,peak_rate_hz,cut_vPN1_all_output,15.0,5.0,66.66666666666667
pC1_type:pC1_15a,35.0,peak_rate_hz,silence_aPN1,15.0,5.0,66.66666666666667
pC1_type:pC1_15a,35.0,evoked_spikes_per_neuron_per_pulse,silence_vPN1,0.075,0.025,66.66666666666667
pC1_type:pC1_15a,35.0,evoked_spikes_per_neuron_per_pulse,cut_vPN1_to_pC1,0.075,0.1125,-50.00000000000001
pC1_type:pC1_15a,35.0,evoked_spikes_per_neuron_per_pulse,cut_vPN1_to_other,0.075,0.0375,50.0
pC1_type:pC1_15a,35.0,evoked_spikes_per_neuron_per_pulse,cut_vPN1_all_output,0.075,0.025,66.66666666666667
pC1_type:pC1_15a,35.0,evoked_spikes_per_neuron_per_pulse,silence_aPN1,0.075,0.0625,16.666666666666664
pC1_type:pC1_15a,45.0,peak_rate_hz,silence_vPN1,10.0,10.0,0.0
pC1_type:pC1_15a,45.0,peak_rate_hz,cut_vPN1_to_pC1,10.0,10.0,0.0
pC1_type:pC1_15a,45.0,peak_rate_hz,cut_vPN1_to_other,10.0,10.0,0.0
pC1_type:pC1_15a,45.0,peak_rate_hz,cut_vPN1_all_output,10.0,10.0,0.0
pC1_type:pC1_15a,45.0,peak_rate_hz,silence_aPN1,10.0,5.0,50.0
pC1_type:pC1_15a,45.0,evoked_spikes_per_neuron_per_pulse,silence_vPN1,0.0875,0.1,-14.285714285714299
pC1_type:pC1_15a,45.0,evoked_spikes_per_neuron_per_pulse,cut_vPN1_to_pC1,0.0875,0.05,42.85714285714285
pC1_type:pC1_15a,45.0,evoked_spikes_per_neuron_per_pulse,cut_vPN1_to_other,0.0875,0.05,42.85714285714285
pC1_type:pC1_15a,45.0,evoked_spikes_per_neuron_per_pulse,cut_vPN1_all_output,0.0875,0.1,-14.285714285714299
pC1_type:pC1_15a,45.0,evoked_spikes_per_neuron_per_pulse,silence_aPN1,0.0875,0.0125,85.71428571428572
pC1_type:pC1_15a,55.0,peak_rate_hz,silence_vPN1,10.0,5.0,50.0
pC1_type:pC1_15a,55.0,peak_rate_hz,cut_vPN1_to_pC1,10.0,5.0,50.0
pC1_type:pC1_15a,55.0,peak_rate_hz,cut_vPN1_to_other,10.0,10.0,0.0
pC1_type:pC1_15a,55.0,peak_rate_hz,cut_vPN1_all_output,10.0,5.0,50.0
pC1_type:pC1_15a,55.0,peak_rate_hz,silence_aPN1,10.0,5.0,50.0
pC1_type:pC1_15a,55.0,evoked_spikes_per_neuron_per_pulse,silence_vPN1,0.1625,0.025,84.61538461538463
pC1_type:pC1_15a,55.0,evoked_spikes_per_neuron_per_pulse,cut_vPN1_to_pC1,0.1625,0.0625,61.53846153846153
pC1_type:pC1_15a,55.0,evoked_spikes_per_neuron_per_pulse,cut_vPN1_to_other,0.1625,0.0625,61.53846153846153
pC1_type:pC1_15a,55.0,evoked_spikes_per_neuron_per_pulse,cut_vPN1_all_output,0.1625,0.025,84.61538461538463
pC1_type:pC1_15a,55.0,evoked_spikes_per_neuron_per_pulse,silence_aPN1,0.1625,0.025,84.61538461538463
pC1_type:pC1_15a,65.0,peak_rate_hz,silence_vPN1,10.0,10.0,0.0
pC1_type:pC1_15a,65.0,peak_rate_hz,cut_vPN1_to_pC1,10.0,10.0,0.0
pC1_type:pC1_15a,65.0,peak_rate_hz,cut_vPN1_to_other,10.0,5.0,50.0
pC1_type:pC1_15a,65.0,peak_rate_hz,cut_vPN1_all_output,10.0,10.0,0.0
pC1_type:pC1_15a,65.0,peak_rate_hz,silence_aPN1,10.0,5.0,50.0
pC1_type:pC1_15a,65.0,evoked_spikes_per_neuron_per_pulse,silence_vPN1,0.1375,0.05,63.63636363636363
pC1_type:pC1_15a,65.0,evoked_spikes_per_neuron_per_pulse,cut_vPN1_to_pC1,0.1375,0.2125,-54.545454545454525
pC1_type:pC1_15a,65.0,evoked_spikes_per_neuron_per_pulse,cut_vPN1_to_other,0.1375,0.05,63.63636363636363
pC1_type:pC1_15a,65.0,evoked_spikes_per_neuron_per_pulse,cut_vPN1_all_output,0.1375,0.05,63.63636363636363
pC1_type:pC1_15a,65.0,evoked_spikes_per_neuron_per_pulse,silence_aPN1,0.1375,0.0125,90.9090909090909
pC1_type:pC1_15a,75.0,peak_rate_hz,silence_vPN1,10.0,5.0,50.0
pC1_type:pC1_15a,75.0,peak_rate_hz,cut_vPN1_to_pC1,10.0,5.0,50.0
pC1_type:pC1_15a,75.0,peak_rate_hz,cut_vPN1_to_other,10.0,5.0,50.0
pC1_type:pC1_15a,75.0,peak_rate_hz,cut_vPN1_all_output,10.0,5.0,50.0
pC1_type:pC1_15a,75.0,peak_rate_hz,silence_aPN1,10.0,10.0,0.0
pC1_type:pC1_15a,75.0,evoked_spikes_per_neuron_per_pulse,silence_vPN1,0.125,0.025,80.0
pC1_type:pC1_15a,75.0,evoked_spikes_per_neuron_per_pulse,cut_vPN1_to_pC1,0.125,0.1,19.999999999999996
pC1_type:pC1_15a,75.0,evoked_spikes_per_neuron_per_pulse,cut_vPN1_to_other,0.125,0.0375,70.0
pC1_type:pC1_15a,75.0,evoked_spikes_per_neuron_per_pulse,cut_vPN1_all_output,0.125,0.025,80.0
pC1_type:pC1_15a,75.0,evoked_spikes_per_neuron_per_pulse,silence_aPN1,0.125,0.0625,50.0
pC1_type:pC1_15a,85.0,peak_rate_hz,silence_vPN1,5.0,5.0,0.0
pC1_type:pC1_15a,85.0,peak_rate_hz,cut_vPN1_to_pC1,5.0,5.0,0.0
pC1_type:pC1_15a,85.0,peak_rate_hz,cut_vPN1_to_other,5.0,5.0,0.0
pC1_type:pC1_15a,85.0,peak_rate_hz,cut_vPN1_all_output,5.0,5.0,0.0
pC1_type:pC1_15a,85.0,peak_rate_hz,silence_aPN1,5.0,5.0,0.0
pC1_type:pC1_15a,85.0,evoked_spikes_per_neuron_per_pulse,silence_vPN1,0.0625,0.025,60.0
pC1_type:pC1_15a,85.0,evoked_spikes_per_neuron_per_pulse,cut_vPN1_to_pC1,0.0625,0.1,-60.00000000000001
pC1_type:pC1_15a,85.0,evoked_spikes_per_neuron_per_pulse,cut_vPN1_to_other,0.0625,0.025,60.0
pC1_type:pC1_15a,85.0,evoked_spikes_per_neuron_per_pulse,cut_vPN1_all_output,0.0625,0.025,60.0
pC1_type:pC1_15a,85.0,evoked_spikes_per_neuron_per_pulse,silence_aPN1,0.0625,0.0625,0.0
pC1_type:pC1_15a,95.0,peak_rate_hz,silence_vPN1,5.0,5.0,0.0
pC1_type:pC1_15a,95.0,peak_rate_hz,cut_vPN1_to_pC1,5.0,5.0,0.0
pC1_type:pC1_15a,95.0,peak_rate_hz,cut_vPN1_to_other,5.0,5.0,0.0
pC1_type:pC1_15a,95.0,peak_rate_hz,cut_vPN1_all_output,5.0,5.0,0.0
pC1_type:pC1_15a,95.0,peak_rate_hz,silence_aPN1,5.0,5.0,0.0
pC1_type:pC1_15a,95.0,evoked_spikes_per_neuron_per_pulse,silence_vPN1,0.0125,0.0625,-400.0
pC1_type:pC1_15a,95.0,evoked_spikes_per_neuron_per_pulse,cut_vPN1_to_pC1,0.0125,0.05,-300.0
pC1_type:pC1_15a,95.0,evoked_spikes_per_neuron_per_pulse,cut_vPN1_to_other,0.0125,0.0375,-200.0
pC1_type:pC1_15a,95.0,evoked_spikes_per_neuron_per_pulse,cut_vPN1_all_output,0.0125,0.0625,-400.0
pC1_type:pC1_15a,95.0,evoked_spikes_per_neuron_per_pulse,silence_aPN1,0.0125,0.025,-100.0
pC1_type:pC1_15b,15.0,peak_rate_hz,silence_vPN1,0.0,0.0,
pC1_type:pC1_15b,15.0,peak_rate_hz,cut_vPN1_to_pC1,0.0,0.0,
pC1_type:pC1_15b,15.0,peak_rate_hz,cut_vPN1_to_other,0.0,0.0,
pC1_type:pC1_15b,15.0,peak_rate_hz,cut_vPN1_all_output,0.0,0.0,
pC1_type:pC1_15b,15.0,peak_rate_hz,silence_aPN1,0.0,0.0,
pC1_type:pC1_15b,15.0,evoked_spikes_per_neuron_per_pulse,silence_vPN1,0.0,0.0,
pC1_type:pC1_15b,15.0,evoked_spikes_per_neuron_per_pulse,cut_vPN1_to_pC1,0.0,0.0,
pC1_type:pC1_15b,15.0,evoked_spikes_per_neuron_per_pulse,cut_vPN1_to_other,0.0,0.0,
pC1_type:pC1_15b,15.0,evoked_spikes_per_neuron_per_pulse,cut_vPN1_all_output,0.0,0.0,
pC1_type:pC1_15b,15.0,evoked_spikes_per_neuron_per_pulse,silence_aPN1,0.0,0.0,
pC1_type:pC1_15b,25.0,peak_rate_hz,silence_vPN1,0.0,0.0,
pC1_type:pC1_15b,25.0,peak_rate_hz,cut_vPN1_to_pC1,0.0,0.0,
pC1_type:pC1_15b,25.0,peak_rate_hz,cut_vPN1_to_other,0.0,0.0,
pC1_type:pC1_15b,25.0,peak_rate_hz,cut_vPN1_all_output,0.0,0.0,
pC1_type:pC1_15b,25.0,peak_rate_hz,silence_aPN1,0.0,0.0,
pC1_type:pC1_15b,25.0,evoked_spikes_per_neuron_per_pulse,silence_vPN1,0.0,0.0,
pC1_type:pC1_15b,25.0,evoked_spikes_per_neuron_per_pulse,cut_vPN1_to_pC1,0.0,0.0,
pC1_type:pC1_15b,25.0,evoked_spikes_per_neuron_per_pulse,cut_vPN1_to_other,0.0,0.0,
pC1_type:pC1_15b,25.0,evoked_spikes_per_neuron_per_pulse,cut_vPN1_all_output,0.0,0.0,
pC1_type:pC1_15b,25.0,evoked_spikes_per_neuron_per_pulse,silence_aPN1,0.0,0.0,
pC1_type:pC1_15b,35.0,peak_rate_hz,silence_vPN1,0.0,0.0,
pC1_type:pC1_15b,35.0,peak_rate_hz,cut_vPN1_to_pC1,0.0,0.0,
pC1_type:pC1_15b,35.0,peak_rate_hz,cut_vPN1_to_other,0.0,0.0,
pC1_type:pC1_15b,35.0,peak_rate_hz,cut_vPN1_all_output,0.0,0.0,
pC1_type:pC1_15b,35.0,peak_rate_hz,silence_aPN1,0.0,0.0,
pC1_type:pC1_15b,35.0,evoked_spikes_per_neuron_per_pulse,silence_vPN1,0.0,0.0,
pC1_type:pC1_15b,35.0,evoked_spikes_per_neuron_per_pulse,cut_vPN1_to_pC1,0.0,0.0,
pC1_type:pC1_15b,35.0,evoked_spikes_per_neuron_per_pulse,cut_vPN1_to_other,0.0,0.0,
pC1_type:pC1_15b,35.0,evoked_spikes_per_neuron_per_pulse,cut_vPN1_all_output,0.0,0.0,
pC1_type:pC1_15b,35.0,evoked_spikes_per_neuron_per_pulse,silence_aPN1,0.0,0.0,
pC1_type:pC1_15b,45.0,peak_rate_hz,silence_vPN1,0.0,5.0,
pC1_type:pC1_15b,45.0,peak_rate_hz,cut_vPN1_to_pC1,0.0,0.0,
pC1_type:pC1_15b,45.0,peak_rate_hz,cut_vPN1_to_other,0.0,0.0,
pC1_type:pC1_15b,45.0,peak_rate_hz,cut_vPN1_all_output,0.0,5.0,
pC1_type:pC1_15b,45.0,peak_rate_hz,silence_aPN1,0.0,0.0,
pC1_type:pC1_15b,45.0,evoked_spikes_per_neuron_per_pulse,silence_vPN1,0.0,0.0125,
pC1_type:pC1_15b,45.0,evoked_spikes_per_neuron_per_pulse,cut_vPN1_to_pC1,0.0,0.0,
pC1_type:pC1_15b,45.0,evoked_spikes_per_neuron_per_pulse,cut_vPN1_to_other,0.0,0.0,
pC1_type:pC1_15b,45.0,evoked_spikes_per_neuron_per_pulse,cut_vPN1_all_output,0.0,0.0125,
pC1_type:pC1_15b,45.0,evoked_spikes_per_neuron_per_pulse,silence_aPN1,0.0,0.0,
pC1_type:pC1_15b,55.0,peak_rate_hz,silence_vPN1,5.0,0.0,100.0
pC1_type:pC1_15b,55.0,peak_rate_hz,cut_vPN1_to_pC1,5.0,5.0,0.0
pC1_type:pC1_15b,55.0,peak_rate_hz,cut_vPN1_to_other,5.0,0.0,100.0
pC1_type:pC1_15b,55.0,peak_rate_hz,cut_vPN1_all_output,5.0,0.0,100.0
pC1_type:pC1_15b,55.0,peak_rate_hz,silence_aPN1,5.0,0.0,100.0
pC1_type:pC1_15b,55.0,evoked_spikes_per_neuron_per_pulse,silence_vPN1,0.0125,0.0,100.0
pC1_type:pC1_15b,55.0,evoked_spikes_per_neuron_per_pulse,cut_vPN1_to_pC1,0.0125,0.0125,0.0
pC1_type:pC1_15b,55.0,evoked_spikes_per_neuron_per_pulse,cut_vPN1_to_other,0.0125,0.0,100.0
pC1_type:pC1_15b,55.0,evoked_spikes_per_neuron_per_pulse,cut_vPN1_all_output,0.0125,0.0,100.0
pC1_type:pC1_15b,55.0,evoked_spikes_per_neuron_per_pulse,silence_aPN1,0.0125,0.0,100.0
pC1_type:pC1_15b,65.0,peak_rate_hz,silence_vPN1,5.0,0.0,100.0
pC1_type:pC1_15b,65.0,peak_rate_hz,cut_vPN1_to_pC1,5.0,0.0,100.0
pC1_type:pC1_15b,65.0,peak_rate_hz,cut_vPN1_to_other,5.0,5.0,0.0
pC1_type:pC1_15b,65.0,peak_rate_hz,cut_vPN1_all_output,5.0,0.0,100.0
pC1_type:pC1_15b,65.0,peak_rate_hz,silence_aPN1,5.0,10.0,-100.0
pC1_type:pC1_15b,65.0,evoked_spikes_per_neuron_per_pulse,silence_vPN1,0.0125,0.0,100.0
pC1_type:pC1_15b,65.0,evoked_spikes_per_neuron_per_pulse,cut_vPN1_to_pC1,0.0125,0.0,100.0
pC1_type:pC1_15b,65.0,evoked_spikes_per_neuron_per_pulse,cut_vPN1_to_other,0.0125,0.025,-100.0
pC1_type:pC1_15b,65.0,evoked_spikes_per_neuron_per_pulse,cut_vPN1_all_output,0.0125,0.0,100.0
pC1_type:pC1_15b,65.0,evoked_spikes_per_neuron_per_pulse,silence_aPN1,0.0125,0.0875,-600.0
pC1_type:pC1_15b,75.0,peak_rate_hz,silence_vPN1,0.0,0.0,
pC1_type:pC1_15b,75.0,peak_rate_hz,cut_vPN1_to_pC1,0.0,0.0,
pC1_type:pC1_15b,75.0,peak_rate_hz,cut_vPN1_to_other,0.0,0.0,
pC1_type:pC1_15b,75.0,peak_rate_hz,cut_vPN1_all_output,0.0,0.0,
pC1_type:pC1_15b,75.0,peak_rate_hz,silence_aPN1,0.0,0.0,
pC1_type:pC1_15b,75.0,evoked_spikes_per_neuron_per_pulse,silence_vPN1,0.0,0.0,
pC1_type:pC1_15b,75.0,evoked_spikes_per_neuron_per_pulse,cut_vPN1_to_pC1,0.0,0.0,
pC1_type:pC1_15b,75.0,evoked_spikes_per_neuron_per_pulse,cut_vPN1_to_other,0.0,0.0,
pC1_type:pC1_15b,75.0,evoked_spikes_per_neuron_per_pulse,cut_vPN1_all_output,0.0,0.0,
pC1_type:pC1_15b,75.0,evoked_spikes_per_neuron_per_pulse,silence_aPN1,0.0,0.0,
pC1_type:pC1_15b,85.0,peak_rate_hz,silence_vPN1,0.0,0.0,
pC1_type:pC1_15b,85.0,peak_rate_hz,cut_vPN1_to_pC1,0.0,0.0,
pC1_type:pC1_15b,85.0,peak_rate_hz,cut_vPN1_to_other,0.0,0.0,
pC1_type:pC1_15b,85.0,peak_rate_hz,cut_vPN1_all_output,0.0,0.0,
pC1_type:pC1_15b,85.0,peak_rate_hz,silence_aPN1,0.0,0.0,
pC1_type:pC1_15b,85.0,evoked_spikes_per_neuron_per_pulse,silence_vPN1,0.0,0.0,
pC1_type:pC1_15b,85.0,evoked_spikes_per_neuron_per_pulse,cut_vPN1_to_pC1,0.0,0.0,
pC1_type:pC1_15b,85.0,evoked_spikes_per_neuron_per_pulse,cut_vPN1_to_other,0.0,0.0,
pC1_type:pC1_15b,85.0,evoked_spikes_per_neuron_per_pulse,cut_vPN1_all_output,0.0,0.0,
pC1_type:pC1_15b,85.0,evoked_spikes_per_neuron_per_pulse,silence_aPN1,0.0,0.0,
pC1_type:pC1_15b,95.0,peak_rate_hz,silence_vPN1,0.0,0.0,
pC1_type:pC1_15b,95.0,peak_rate_hz,cut_vPN1_to_pC1,0.0,0.0,
pC1_type:pC1_15b,95.0,peak_rate_hz,cut_vPN1_to_other,0.0,0.0,
pC1_type:pC1_15b,95.0,peak_rate_hz,cut_vPN1_all_output,0.0,0.0,
pC1_type:pC1_15b,95.0,peak_rate_hz,silence_aPN1,0.0,0.0,
pC1_type:pC1_15b,95.0,evoked_spikes_per_neuron_per_pulse,silence_vPN1,0.0,0.0,
pC1_type:pC1_15b,95.0,evoked_spikes_per_neuron_per_pulse,cut_vPN1_to_pC1,0.0,0.0,
pC1_type:pC1_15b,95.0,evoked_spikes_per_neuron_per_pulse,cut_vPN1_to_other,0.0,0.0,
pC1_type:pC1_15b,95.0,evoked_spikes_per_neuron_per_pulse,cut_vPN1_all_output,0.0,0.0,
pC1_type:pC1_15b,95.0,evoked_spikes_per_neuron_per_pulse,silence_aPN1,0.0,0.0,
pC1_type:pC1_15c,15.0,peak_rate_hz,silence_vPN1,0.0,0.0,
pC1_type:pC1_15c,15.0,peak_rate_hz,cut_vPN1_to_pC1,0.0,0.0,
pC1_type:pC1_15c,15.0,peak_rate_hz,cut_vPN1_to_other,0.0,0.0,
pC1_type:pC1_15c,15.0,peak_rate_hz,cut_vPN1_all_output,0.0,0.0,
pC1_type:pC1_15c,15.0,peak_rate_hz,silence_aPN1,0.0,0.0,
pC1_type:pC1_15c,15.0,evoked_spikes_per_neuron_per_pulse,silence_vPN1,0.0,0.0,
pC1_type:pC1_15c,15.0,evoked_spikes_per_neuron_per_pulse,cut_vPN1_to_pC1,0.0,0.0,
pC1_type:pC1_15c,15.0,evoked_spikes_per_neuron_per_pulse,cut_vPN1_to_other,0.0,0.0,
pC1_type:pC1_15c,15.0,evoked_spikes_per_neuron_per_pulse,cut_vPN1_all_output,0.0,0.0,
pC1_type:pC1_15c,15.0,evoked_spikes_per_neuron_per_pulse,silence_aPN1,0.0,0.0,
pC1_type:pC1_15c,25.0,peak_rate_hz,silence_vPN1,0.0,0.0,
pC1_type:pC1_15c,25.0,peak_rate_hz,cut_vPN1_to_pC1,0.0,0.0,
pC1_type:pC1_15c,25.0,peak_rate_hz,cut_vPN1_to_other,0.0,0.0,
pC1_type:pC1_15c,25.0,peak_rate_hz,cut_vPN1_all_output,0.0,0.0,
pC1_type:pC1_15c,25.0,peak_rate_hz,silence_aPN1,0.0,0.0,
pC1_type:pC1_15c,25.0,evoked_spikes_per_neuron_per_pulse,silence_vPN1,0.0,0.0,
pC1_type:pC1_15c,25.0,evoked_spikes_per_neuron_per_pulse,cut_vPN1_to_pC1,0.0,0.0,
pC1_type:pC1_15c,25.0,evoked_spikes_per_neuron_per_pulse,cut_vPN1_to_other,0.0,0.0,
pC1_type:pC1_15c,25.0,evoked_spikes_per_neuron_per_pulse,cut_vPN1_all_output,0.0,0.0,
pC1_type:pC1_15c,25.0,evoked_spikes_per_neuron_per_pulse,silence_aPN1,0.0,0.0,
pC1_type:pC1_15c,35.0,peak_rate_hz,silence_vPN1,0.0,3.3333333333333335,
pC1_type:pC1_15c,35.0,peak_rate_hz,cut_vPN1_to_pC1,0.0,0.0,
pC1_type:pC1_15c,35.0,peak_rate_hz,cut_vPN1_to_other,0.0,0.0,
pC1_type:pC1_15c,35.0,peak_rate_hz,cut_vPN1_all_output,0.0,3.3333333333333335,
pC1_type:pC1_15c,35.0,peak_rate_hz,silence_aPN1,0.0,3.3333333333333335,
pC1_type:pC1_15c,35.0,evoked_spikes_per_neuron_per_pulse,silence_vPN1,0.0,0.008333333333333333,
pC1_type:pC1_15c,35.0,evoked_spikes_per_neuron_per_pulse,cut_vPN1_to_pC1,0.0,0.0,
pC1_type:pC1_15c,35.0,evoked_spikes_per_neuron_per_pulse,cut_vPN1_to_other,0.0,0.0,
pC1_type:pC1_15c,35.0,evoked_spikes_per_neuron_per_pulse,cut_vPN1_all_output,0.0,0.008333333333333333,
pC1_type:pC1_15c,35.0,evoked_spikes_per_neuron_per_pulse,silence_aPN1,0.0,0.008333333333333333,
pC1_type:pC1_15c,45.0,peak_rate_hz,silence_vPN1,6.666666666666667,3.3333333333333335,50.0
pC1_type:pC1_15c,45.0,peak_rate_hz,cut_vPN1_to_pC1,6.666666666666667,10.0,-49.99999999999999
pC1_type:pC1_15c,45.0,peak_rate_hz,cut_vPN1_to_other,6.666666666666667,13.333333333333334,-100.0
pC1_type:pC1_15c,45.0,peak_rate_hz,cut_vPN1_all_output,6.666666666666667,3.3333333333333335,50.0
pC1_type:pC1_15c,45.0,peak_rate_hz,silence_aPN1,6.666666666666667,6.666666666666667,0.0
pC1_type:pC1_15c,45.0,evoked_spikes_per_neuron_per_pulse,silence_vPN1,0.03333333333333333,0.008333333333333333,75.0
pC1_type:pC1_15c,45.0,evoked_spikes_per_neuron_per_pulse,cut_vPN1_to_pC1,0.03333333333333333,0.041666666666666664,-24.999999999999996
pC1_type:pC1_15c,45.0,evoked_spikes_per_neuron_per_pulse,cut_vPN1_to_other,0.03333333333333333,0.05,-50.00000000000001
pC1_type:pC1_15c,45.0,evoked_spikes_per_neuron_per_pulse,cut_vPN1_all_output,0.03333333333333333,0.008333333333333333,75.0
pC1_type:pC1_15c,45.0,evoked_spikes_per_neuron_per_pulse,silence_aPN1,0.03333333333333333,0.03333333333333333,0.0
pC1_type:pC1_15c,55.0,peak_rate_hz,silence_vPN1,6.666666666666667,6.666666666666667,0.0
pC1_type:pC1_15c,55.0,peak_rate_hz,cut_vPN1_to_pC1,6.666666666666667,6.666666666666667,0.0
pC1_type:pC1_15c,55.0,peak_rate_hz,cut_vPN1_to_other,6.666666666666667,10.0,-49.99999999999999
pC1_type:pC1_15c,55.0,peak_rate_hz,cut_vPN1_all_output,6.666666666666667,6.666666666666667,0.0
pC1_type:pC1_15c,55.0,peak_rate_hz,silence_aPN1,6.666666666666667,6.666666666666667,0.0
pC1_type:pC1_15c,55.0,evoked_spikes_per_neuron_per_pulse,silence_vPN1,0.075,0.05,33.33333333333333
pC1_type:pC1_15c,55.0,evoked_spikes_per_neuron_per_pulse,cut_vPN1_to_pC1,0.075,0.03333333333333333,55.55555555555555
pC1_type:pC1_15c,55.0,evoked_spikes_per_neuron_per_pulse,cut_vPN1_to_other,0.075,0.03333333333333333,55.55555555555555
pC1_type:pC1_15c,55.0,evoked_spikes_per_neuron_per_pulse,cut_vPN1_all_output,0.075,0.05,33.33333333333333
pC1_type:pC1_15c,55.0,evoked_spikes_per_neuron_per_pulse,silence_aPN1,0.075,0.06666666666666667,11.111111111111109
pC1_type:pC1_15c,65.0,peak_rate_hz,silence_vPN1,6.666666666666667,6.666666666666667,0.0
pC1_type:pC1_15c,65.0,peak_rate_hz,cut_vPN1_to_pC1,6.666666666666667,3.3333333333333335,50.0
pC1_type:pC1_15c,65.0,peak_rate_hz,cut_vPN1_to_other,6.666666666666667,6.666666666666667,0.0
pC1_type:pC1_15c,65.0,peak_rate_hz,cut_vPN1_all_output,6.666666666666667,6.666666666666667,0.0
pC1_type:pC1_15c,65.0,peak_rate_hz,silence_aPN1,6.666666666666667,13.333333333333334,-100.0
pC1_type:pC1_15c,65.0,evoked_spikes_per_neuron_per_pulse,silence_vPN1,0.05,0.03333333333333333,33.333333333333336
pC1_type:pC1_15c,65.0,evoked_spikes_per_neuron_per_pulse,cut_vPN1_to_pC1,0.05,0.03333333333333333,33.333333333333336
pC1_type:pC1_15c,65.0,evoked_spikes_per_neuron_per_pulse,cut_vPN1_to_other,0.05,0.075,-49.999999999999986
pC1_type:pC1_15c,65.0,evoked_spikes_per_neuron_per_pulse,cut_vPN1_all_output,0.05,0.03333333333333333,33.333333333333336
pC1_type:pC1_15c,65.0,evoked_spikes_per_neuron_per_pulse,silence_aPN1,0.05,0.2,-300.0
pC1_type:pC1_15c,75.0,peak_rate_hz,silence_vPN1,0.0,3.3333333333333335,
pC1_type:pC1_15c,75.0,peak_rate_hz,cut_vPN1_to_pC1,0.0,0.0,
pC1_type:pC1_15c,75.0,peak_rate_hz,cut_vPN1_to_other,0.0,6.666666666666667,
pC1_type:pC1_15c,75.0,peak_rate_hz,cut_vPN1_all_output,0.0,3.3333333333333335,
pC1_type:pC1_15c,75.0,peak_rate_hz,silence_aPN1,0.0,0.0,
pC1_type:pC1_15c,75.0,evoked_spikes_per_neuron_per_pulse,silence_vPN1,0.0,0.008333333333333333,
pC1_type:pC1_15c,75.0,evoked_spikes_per_neuron_per_pulse,cut_vPN1_to_pC1,0.0,0.0,
pC1_type:pC1_15c,75.0,evoked_spikes_per_neuron_per_pulse,cut_vPN1_to_other,0.0,0.016666666666666666,
pC1_type:pC1_15c,75.0,evoked_spikes_per_neuron_per_pulse,cut_vPN1_all_output,0.0,0.008333333333333333,
pC1_type:pC1_15c,75.0,evoked_spikes_per_neuron_per_pulse,silence_aPN1,0.0,0.0,
pC1_type:pC1_15c,85.0,peak_rate_hz,silence_vPN1,3.3333333333333335,0.0,100.0
pC1_type:pC1_15c,85.0,peak_rate_hz,cut_vPN1_to_pC1,3.3333333333333335,0.0,100.0
pC1_type:pC1_15c,85.0,peak_rate_hz,cut_vPN1_to_other,3.3333333333333335,0.0,100.0
pC1_type:pC1_15c,85.0,peak_rate_hz,cut_vPN1_all_output,3.3333333333333335,0.0,100.0
pC1_type:pC1_15c,85.0,peak_rate_hz,silence_aPN1,3.3333333333333335,0.0,100.0
pC1_type:pC1_15c,85.0,evoked_spikes_per_neuron_per_pulse,silence_vPN1,0.025,0.0,100.0
pC1_type:pC1_15c,85.0,evoked_spikes_per_neuron_per_pulse,cut_vPN1_to_pC1,0.025,0.0,100.0
pC1_type:pC1_15c,85.0,evoked_spikes_per_neuron_per_pulse,cut_vPN1_to_other,0.025,0.0,100.0
pC1_type:pC1_15c,85.0,evoked_spikes_per_neuron_per_pulse,cut_vPN1_all_output,0.025,0.0,100.0
pC1_type:pC1_15c,85.0,evoked_spikes_per_neuron_per_pulse,silence_aPN1,0.025,0.0,100.0
pC1_type:pC1_15c,95.0,peak_rate_hz,silence_vPN1,0.0,3.3333333333333335,
pC1_type:pC1_15c,95.0,peak_rate_hz,cut_vPN1_to_pC1,0.0,3.3333333333333335,
pC1_type:pC1_15c,95.0,peak_rate_hz,cut_vPN1_to_other,0.0,3.3333333333333335,
pC1_type:pC1_15c,95.0,peak_rate_hz,cut_vPN1_all_output,0.0,3.3333333333333335,
pC1_type:pC1_15c,95.0,peak_rate_hz,silence_aPN1,0.0,0.0,
pC1_type:pC1_15c,95.0,evoked_spikes_per_neuron_per_pulse,silence_vPN1,0.0,0.016666666666666666,
pC1_type:pC1_15c,95.0,evoked_spikes_per_neuron_per_pulse,cut_vPN1_to_pC1,0.0,0.025,
pC1_type:pC1_15c,95.0,evoked_spikes_per_neuron_per_pulse,cut_vPN1_to_other,0.0,0.016666666666666666,
pC1_type:pC1_15c,95.0,evoked_spikes_per_neuron_per_pulse,cut_vPN1_all_output,0.0,0.016666666666666666,
pC1_type:pC1_15c,95.0,evoked_spikes_per_neuron_per_pulse,silence_aPN1,0.0,0.0,
pC1_type:pC1_16a,15.0,peak_rate_hz,silence_vPN1,0.0,0.0,
pC1_type:pC1_16a,15.0,peak_rate_hz,cut_vPN1_to_pC1,0.0,0.0,
pC1_type:pC1_16a,15.0,peak_rate_hz,cut_vPN1_to_other,0.0,0.0,
pC1_type:pC1_16a,15.0,peak_rate_hz,cut_vPN1_all_output,0.0,0.0,
pC1_type:pC1_16a,15.0,peak_rate_hz,silence_aPN1,0.0,0.0,
pC1_type:pC1_16a,15.0,evoked_spikes_per_neuron_per_pulse,silence_vPN1,0.0,0.0,
pC1_type:pC1_16a,15.0,evoked_spikes_per_neuron_per_pulse,cut_vPN1_to_pC1,0.0,0.0,
pC1_type:pC1_16a,15.0,evoked_spikes_per_neuron_per_pulse,cut_vPN1_to_other,0.0,0.0,
pC1_type:pC1_16a,15.0,evoked_spikes_per_neuron_per_pulse,cut_vPN1_all_output,0.0,0.0,
pC1_type:pC1_16a,15.0,evoked_spikes_per_neuron_per_pulse,silence_aPN1,0.0,0.0,
pC1_type:pC1_16a,25.0,peak_rate_hz,silence_vPN1,0.0,3.3333333333333335,
pC1_type:pC1_16a,25.0,peak_rate_hz,cut_vPN1_to_pC1,0.0,0.0,
pC1_type:pC1_16a,25.0,peak_rate_hz,cut_vPN1_to_other,0.0,0.0,
pC1_type:pC1_16a,25.0,peak_rate_hz,cut_vPN1_all_output,0.0,3.3333333333333335,
pC1_type:pC1_16a,25.0,peak_rate_hz,silence_aPN1,0.0,3.3333333333333335,
pC1_type:pC1_16a,25.0,evoked_spikes_per_neuron_per_pulse,silence_vPN1,0.0,0.016666666666666666,
pC1_type:pC1_16a,25.0,evoked_spikes_per_neuron_per_pulse,cut_vPN1_to_pC1,0.0,0.0,
pC1_type:pC1_16a,25.0,evoked_spikes_per_neuron_per_pulse,cut_vPN1_to_other,0.0,0.0,
pC1_type:pC1_16a,25.0,evoked_spikes_per_neuron_per_pulse,cut_vPN1_all_output,0.0,0.016666666666666666,
pC1_type:pC1_16a,25.0,evoked_spikes_per_neuron_per_pulse,silence_aPN1,0.0,0.016666666666666666,
pC1_type:pC1_16a,35.0,peak_rate_hz,silence_vPN1,0.0,3.3333333333333335,
pC1_type:pC1_16a,35.0,peak_rate_hz,cut_vPN1_to_pC1,0.0,0.0,
pC1_type:pC1_16a,35.0,peak_rate_hz,cut_vPN1_to_other,0.0,0.0,
pC1_type:pC1_16a,35.0,peak_rate_hz,cut_vPN1_all_output,0.0,3.3333333333333335,
pC1_type:pC1_16a,35.0,peak_rate_hz,silence_aPN1,0.0,0.0,
pC1_type:pC1_16a,35.0,evoked_spikes_per_neuron_per_pulse,silence_vPN1,0.0,0.008333333333333333,
pC1_type:pC1_16a,35.0,evoked_spikes_per_neuron_per_pulse,cut_vPN1_to_pC1,0.0,0.0,
pC1_type:pC1_16a,35.0,evoked_spikes_per_neuron_per_pulse,cut_vPN1_to_other,0.0,0.0,
pC1_type:pC1_16a,35.0,evoked_spikes_per_neuron_per_pulse,cut_vPN1_all_output,0.0,0.008333333333333333,
pC1_type:pC1_16a,35.0,evoked_spikes_per_neuron_per_pulse,silence_aPN1,0.0,0.0,
pC1_type:pC1_16a,45.0,peak_rate_hz,silence_vPN1,0.0,0.0,
pC1_type:pC1_16a,45.0,peak_rate_hz,cut_vPN1_to_pC1,0.0,3.3333333333333335,
pC1_type:pC1_16a,45.0,peak_rate_hz,cut_vPN1_to_other,0.0,0.0,
pC1_type:pC1_16a,45.0,peak_rate_hz,cut_vPN1_all_output,0.0,0.0,
pC1_type:pC1_16a,45.0,peak_rate_hz,silence_aPN1,0.0,3.3333333333333335,
pC1_type:pC1_16a,45.0,evoked_spikes_per_neuron_per_pulse,silence_vPN1,0.0,0.0,
pC1_type:pC1_16a,45.0,evoked_spikes_per_neuron_per_pulse,cut_vPN1_to_pC1,0.0,0.008333333333333333,
pC1_type:pC1_16a,45.0,evoked_spikes_per_neuron_per_pulse,cut_vPN1_to_other,0.0,0.0,
pC1_type:pC1_16a,45.0,evoked_spikes_per_neuron_per_pulse,cut_vPN1_all_output,0.0,0.0,
pC1_type:pC1_16a,45.0,evoked_spikes_per_neuron_per_pulse,silence_aPN1,0.0,0.008333333333333333,
pC1_type:pC1_16a,55.0,peak_rate_hz,silence_vPN1,0.0,0.0,
pC1_type:pC1_16a,55.0,peak_rate_hz,cut_vPN1_to_pC1,0.0,0.0,
pC1_type:pC1_16a,55.0,peak_rate_hz,cut_vPN1_to_other,0.0,3.3333333333333335,
pC1_type:pC1_16a,55.0,peak_rate_hz,cut_vPN1_all_output,0.0,0.0,
pC1_type:pC1_16a,55.0,peak_rate_hz,silence_aPN1,0.0,0.0,
pC1_type:pC1_16a,55.0,evoked_spikes_per_neuron_per_pulse,silence_vPN1,0.0,0.0,
pC1_type:pC1_16a,55.0,evoked_spikes_per_neuron_per_pulse,cut_vPN1_to_pC1,0.0,0.0,
pC1_type:pC1_16a,55.0,evoked_spikes_per_neuron_per_pulse,cut_vPN1_to_other,0.0,0.016666666666666666,
pC1_type:pC1_16a,55.0,evoked_spikes_per_neuron_per_pulse,cut_vPN1_all_output,0.0,0.0,
pC1_type:pC1_16a,55.0,evoked_spikes_per_neuron_per_pulse,silence_aPN1,0.0,0.0,
pC1_type:pC1_16a,65.0,peak_rate_hz,silence_vPN1,3.3333333333333335,6.666666666666667,-100.0
pC1_type:pC1_16a,65.0,peak_rate_hz,cut_vPN1_to_pC1,3.3333333333333335,0.0,100.0
pC1_type:pC1_16a,65.0,peak_rate_hz,cut_vPN1_to_other,3.3333333333333335,6.666666666666667,-100.0
pC1_type:pC1_16a,65.0,peak_rate_hz,cut_vPN1_all_output,3.3333333333333335,6.666666666666667,-100.0
pC1_type:pC1_16a,65.0,peak_rate_hz,silence_aPN1,3.3333333333333335,6.666666666666667,-100.0
pC1_type:pC1_16a,65.0,evoked_spikes_per_neuron_per_pulse,silence_vPN1,0.008333333333333333,0.075,-800.0
pC1_type:pC1_16a,65.0,evoked_spikes_per_neuron_per_pulse,cut_vPN1_to_pC1,0.008333333333333333,0.0,100.0
pC1_type:pC1_16a,65.0,evoked_spikes_per_neuron_per_pulse,cut_vPN1_to_other,0.008333333333333333,0.1,-1100.0000000000002
pC1_type:pC1_16a,65.0,evoked_spikes_per_neuron_per_pulse,cut_vPN1_all_output,0.008333333333333333,0.075,-800.0
pC1_type:pC1_16a,65.0,evoked_spikes_per_neuron_per_pulse,silence_aPN1,0.008333333333333333,0.025,-200.00000000000003
pC1_type:pC1_16a,75.0,peak_rate_hz,silence_vPN1,0.0,3.3333333333333335,
pC1_type:pC1_16a,75.0,peak_rate_hz,cut_vPN1_to_pC1,0.0,0.0,
pC1_type:pC1_16a,75.0,peak_rate_hz,cut_vPN1_to_other,0.0,3.3333333333333335,
pC1_type:pC1_16a,75.0,peak_rate_hz,cut_vPN1_all_output,0.0,3.3333333333333335,
pC1_type:pC1_16a,75.0,peak_rate_hz,silence_aPN1,0.0,6.666666666666667,
pC1_type:pC1_16a,75.0,evoked_spikes_per_neuron_per_pulse,silence_vPN1,0.0,0.05,
pC1_type:pC1_16a,75.0,evoked_spikes_per_neuron_per_pulse,cut_vPN1_to_pC1,0.0,0.0,
pC1_type:pC1_16a,75.0,evoked_spikes_per_neuron_per_pulse,cut_vPN1_to_other,0.0,0.025,
pC1_type:pC1_16a,75.0,evoked_spikes_per_neuron_per_pulse,cut_vPN1_all_output,0.0,0.05,
pC1_type:pC1_16a,75.0,evoked_spikes_per_neuron_per_pulse,silence_aPN1,0.0,0.225,
pC1_type:pC1_16a,85.0,peak_rate_hz,silence_vPN1,0.0,3.3333333333333335,
pC1_type:pC1_16a,85.0,peak_rate_hz,cut_vPN1_to_pC1,0.0,0.0,
pC1_type:pC1_16a,85.0,peak_rate_hz,cut_vPN1_to_other,0.0,3.3333333333333335,
pC1_type:pC1_16a,85.0,peak_rate_hz,cut_vPN1_all_output,0.0,3.3333333333333335,
pC1_type:pC1_16a,85.0,peak_rate_hz,silence_aPN1,0.0,3.3333333333333335,
pC1_type:pC1_16a,85.0,evoked_spikes_per_neuron_per_pulse,silence_vPN1,0.0,0.016666666666666666,
pC1_type:pC1_16a,85.0,evoked_spikes_per_neuron_per_pulse,cut_vPN1_to_pC1,0.0,0.0,
pC1_type:pC1_16a,85.0,evoked_spikes_per_neuron_per_pulse,cut_vPN1_to_other,0.0,0.03333333333333333,
pC1_type:pC1_16a,85.0,evoked_spikes_per_neuron_per_pulse,cut_vPN1_all_output,0.0,0.016666666666666666,
pC1_type:pC1_16a,85.0,evoked_spikes_per_neuron_per_pulse,silence_aPN1,0.0,0.041666666666666664,
pC1_type:pC1_16a,95.0,peak_rate_hz,silence_vPN1,0.0,3.3333333333333335,
pC1_type:pC1_16a,95.0,peak_rate_hz,cut_vPN1_to_pC1,0.0,0.0,
pC1_type:pC1_16a,95.0,peak_rate_hz,cut_vPN1_to_other,0.0,3.3333333333333335,
pC1_type:pC1_16a,95.0,peak_rate_hz,cut_vPN1_all_output,0.0,3.3333333333333335,
pC1_type:pC1_16a,95.0,peak_rate_hz,silence_aPN1,0.0,6.666666666666667,
pC1_type:pC1_16a,95.0,evoked_spikes_per_neuron_per_pulse,silence_vPN1,0.0,0.03333333333333333,
pC1_type:pC1_16a,95.0,evoked_spikes_per_neuron_per_pulse,cut_vPN1_to_pC1,0.0,0.0,
pC1_type:pC1_16a,95.0,evoked_spikes_per_neuron_per_pulse,cut_vPN1_to_other,0.0,0.03333333333333333,
pC1_type:pC1_16a,95.0,evoked_spikes_per_neuron_per_pulse,cut_vPN1_all_output,0.0,0.03333333333333333,
pC1_type:pC1_16a,95.0,evoked_spikes_per_neuron_per_pulse,silence_aPN1,0.0,0.03333333333333333,
pC1_type:pC1_16b,15.0,peak_rate_hz,silence_vPN1,0.0,0.0,
pC1_type:pC1_16b,15.0,peak_rate_hz,cut_vPN1_to_pC1,0.0,0.0,
pC1_type:pC1_16b,15.0,peak_rate_hz,cut_vPN1_to_other,0.0,0.0,
pC1_type:pC1_16b,15.0,peak_rate_hz,cut_vPN1_all_output,0.0,0.0,
pC1_type:pC1_16b,15.0,peak_rate_hz,silence_aPN1,0.0,0.0,
pC1_type:pC1_16b,15.0,evoked_spikes_per_neuron_per_pulse,silence_vPN1,0.0,0.0,
pC1_type:pC1_16b,15.0,evoked_spikes_per_neuron_per_pulse,cut_vPN1_to_pC1,0.0,0.0,
pC1_type:pC1_16b,15.0,evoked_spikes_per_neuron_per_pulse,cut_vPN1_to_other,0.0,0.0,
pC1_type:pC1_16b,15.0,evoked_spikes_per_neuron_per_pulse,cut_vPN1_all_output,0.0,0.0,
pC1_type:pC1_16b,15.0,evoked_spikes_per_neuron_per_pulse,silence_aPN1,0.0,0.0,
pC1_type:pC1_16b,25.0,peak_rate_hz,silence_vPN1,0.0,0.0,
pC1_type:pC1_16b,25.0,peak_rate_hz,cut_vPN1_to_pC1,0.0,0.0,
pC1_type:pC1_16b,25.0,peak_rate_hz,cut_vPN1_to_other,0.0,0.0,
pC1_type:pC1_16b,25.0,peak_rate_hz,cut_vPN1_all_output,0.0,0.0,
pC1_type:pC1_16b,25.0,peak_rate_hz,silence_aPN1,0.0,0.0,
pC1_type:pC1_16b,25.0,evoked_spikes_per_neuron_per_pulse,silence_vPN1,0.0,0.0,
pC1_type:pC1_16b,25.0,evoked_spikes_per_neuron_per_pulse,cut_vPN1_to_pC1,0.0,0.0,
pC1_type:pC1_16b,25.0,evoked_spikes_per_neuron_per_pulse,cut_vPN1_to_other,0.0,0.0,
pC1_type:pC1_16b,25.0,evoked_spikes_per_neuron_per_pulse,cut_vPN1_all_output,0.0,0.0,
pC1_type:pC1_16b,25.0,evoked_spikes_per_neuron_per_pulse,silence_aPN1,0.0,0.0,
pC1_type:pC1_16b,35.0,peak_rate_hz,silence_vPN1,0.0,0.0,
pC1_type:pC1_16b,35.0,peak_rate_hz,cut_vPN1_to_pC1,0.0,0.0,
pC1_type:pC1_16b,35.0,peak_rate_hz,cut_vPN1_to_other,0.0,0.0,
pC1_type:pC1_16b,35.0,peak_rate_hz,cut_vPN1_all_output,0.0,0.0,
pC1_type:pC1_16b,35.0,peak_rate_hz,silence_aPN1,0.0,0.0,
pC1_type:pC1_16b,35.0,evoked_spikes_per_neuron_per_pulse,silence_vPN1,0.0,0.0,
pC1_type:pC1_16b,35.0,evoked_spikes_per_neuron_per_pulse,cut_vPN1_to_pC1,0.0,0.0,
pC1_type:pC1_16b,35.0,evoked_spikes_per_neuron_per_pulse,cut_vPN1_to_other,0.0,0.0,
pC1_type:pC1_16b,35.0,evoked_spikes_per_neuron_per_pulse,cut_vPN1_all_output,0.0,0.0,
pC1_type:pC1_16b,35.0,evoked_spikes_per_neuron_per_pulse,silence_aPN1,0.0,0.0,
pC1_type:pC1_16b,45.0,peak_rate_hz,silence_vPN1,0.0,0.0,
pC1_type:pC1_16b,45.0,peak_rate_hz,cut_vPN1_to_pC1,0.0,0.0,
pC1_type:pC1_16b,45.0,peak_rate_hz,cut_vPN1_to_other,0.0,0.0,
pC1_type:pC1_16b,45.0,peak_rate_hz,cut_vPN1_all_output,0.0,0.0,
pC1_type:pC1_16b,45.0,peak_rate_hz,silence_aPN1,0.0,0.0,
pC1_type:pC1_16b,45.0,evoked_spikes_per_neuron_per_pulse,silence_vPN1,0.0,0.0,
pC1_type:pC1_16b,45.0,evoked_spikes_per_neuron_per_pulse,cut_vPN1_to_pC1,0.0,0.0,
pC1_type:pC1_16b,45.0,evoked_spikes_per_neuron_per_pulse,cut_vPN1_to_other,0.0,0.0,
pC1_type:pC1_16b,45.0,evoked_spikes_per_neuron_per_pulse,cut_vPN1_all_output,0.0,0.0,
pC1_type:pC1_16b,45.0,evoked_spikes_per_neuron_per_pulse,silence_aPN1,0.0,0.0,
pC1_type:pC1_16b,55.0,peak_rate_hz,silence_vPN1,0.0,0.0,
pC1_type:pC1_16b,55.0,peak_rate_hz,cut_vPN1_to_pC1,0.0,0.0,
pC1_type:pC1_16b,55.0,peak_rate_hz,cut_vPN1_to_other,0.0,0.0,
pC1_type:pC1_16b,55.0,peak_rate_hz,cut_vPN1_all_output,0.0,0.0,
pC1_type:pC1_16b,55.0,peak_rate_hz,silence_aPN1,0.0,0.0,
pC1_type:pC1_16b,55.0,evoked_spikes_per_neuron_per_pulse,silence_vPN1,0.0,0.0,
pC1_type:pC1_16b,55.0,evoked_spikes_per_neuron_per_pulse,cut_vPN1_to_pC1,0.0,0.0,
pC1_type:pC1_16b,55.0,evoked_spikes_per_neuron_per_pulse,cut_vPN1_to_other,0.0,0.0,
pC1_type:pC1_16b,55.0,evoked_spikes_per_neuron_per_pulse,cut_vPN1_all_output,0.0,0.0,
pC1_type:pC1_16b,55.0,evoked_spikes_per_neuron_per_pulse,silence_aPN1,0.0,0.0,
pC1_type:pC1_16b,65.0,peak_rate_hz,silence_vPN1,0.0,0.0,
pC1_type:pC1_16b,65.0,peak_rate_hz,cut_vPN1_to_pC1,0.0,0.0,
pC1_type:pC1_16b,65.0,peak_rate_hz,cut_vPN1_to_other,0.0,0.0,
pC1_type:pC1_16b,65.0,peak_rate_hz,cut_vPN1_all_output,0.0,0.0,
pC1_type:pC1_16b,65.0,peak_rate_hz,silence_aPN1,0.0,0.0,
pC1_type:pC1_16b,65.0,evoked_spikes_per_neuron_per_pulse,silence_vPN1,0.0,0.0,
pC1_type:pC1_16b,65.0,evoked_spikes_per_neuron_per_pulse,cut_vPN1_to_pC1,0.0,0.0,
pC1_type:pC1_16b,65.0,evoked_spikes_per_neuron_per_pulse,cut_vPN1_to_other,0.0,0.0,
pC1_type:pC1_16b,65.0,evoked_spikes_per_neuron_per_pulse,cut_vPN1_all_output,0.0,0.0,
pC1_type:pC1_16b,65.0,evoked_spikes_per_neuron_per_pulse,silence_aPN1,0.0,0.0,
pC1_type:pC1_16b,75.0,peak_rate_hz,silence_vPN1,0.0,0.0,
pC1_type:pC1_16b,75.0,peak_rate_hz,cut_vPN1_to_pC1,0.0,0.0,
pC1_type:pC1_16b,75.0,peak_rate_hz,cut_vPN1_to_other,0.0,0.0,
pC1_type:pC1_16b,75.0,peak_rate_hz,cut_vPN1_all_output,0.0,0.0,
pC1_type:pC1_16b,75.0,peak_rate_hz,silence_aPN1,0.0,0.0,
pC1_type:pC1_16b,75.0,evoked_spikes_per_neuron_per_pulse,silence_vPN1,0.0,0.0,
pC1_type:pC1_16b,75.0,evoked_spikes_per_neuron_per_pulse,cut_vPN1_to_pC1,0.0,0.0,
pC1_type:pC1_16b,75.0,evoked_spikes_per_neuron_per_pulse,cut_vPN1_to_other,0.0,0.0,
pC1_type:pC1_16b,75.0,evoked_spikes_per_neuron_per_pulse,cut_vPN1_all_output,0.0,0.0,
pC1_type:pC1_16b,75.0,evoked_spikes_per_neuron_per_pulse,silence_aPN1,0.0,0.0,
pC1_type:pC1_16b,85.0,peak_rate_hz,silence_vPN1,0.0,0.0,
pC1_type:pC1_16b,85.0,peak_rate_hz,cut_vPN1_to_pC1,0.0,0.0,
pC1_type:pC1_16b,85.0,peak_rate_hz,cut_vPN1_to_other,0.0,0.0,
pC1_type:pC1_16b,85.0,peak_rate_hz,cut_vPN1_all_output,0.0,0.0,
pC1_type:pC1_16b,85.0,peak_rate_hz,silence_aPN1,0.0,0.0,
pC1_type:pC1_16b,85.0,evoked_spikes_per_neuron_per_pulse,silence_vPN1,0.0,0.0,
pC1_type:pC1_16b,85.0,evoked_spikes_per_neuron_per_pulse,cut_vPN1_to_pC1,0.0,0.0,
pC1_type:pC1_16b,85.0,evoked_spikes_per_neuron_per_pulse,cut_vPN1_to_other,0.0,0.0,
pC1_type:pC1_16b,85.0,evoked_spikes_per_neuron_per_pulse,cut_vPN1_all_output,0.0,0.0,
pC1_type:pC1_16b,85.0,evoked_spikes_per_neuron_per_pulse,silence_aPN1,0.0,0.0,
pC1_type:pC1_16b,95.0,peak_rate_hz,silence_vPN1,0.0,0.0,
pC1_type:pC1_16b,95.0,peak_rate_hz,cut_vPN1_to_pC1,0.0,0.0,
pC1_type:pC1_16b,95.0,peak_rate_hz,cut_vPN1_to_other,0.0,0.0,
pC1_type:pC1_16b,95.0,peak_rate_hz,cut_vPN1_all_output,0.0,0.0,
pC1_type:pC1_16b,95.0,peak_rate_hz,silence_aPN1,0.0,0.0,
pC1_type:pC1_16b,95.0,evoked_spikes_per_neuron_per_pulse,silence_vPN1,0.0,0.0,
pC1_type:pC1_16b,95.0,evoked_spikes_per_neuron_per_pulse,cut_vPN1_to_pC1,0.0,0.0,
pC1_type:pC1_16b,95.0,evoked_spikes_per_neuron_per_pulse,cut_vPN1_to_other,0.0,0.0,
pC1_type:pC1_16b,95.0,evoked_spikes_per_neuron_per_pulse,cut_vPN1_all_output,0.0,0.0,
pC1_type:pC1_16b,95.0,evoked_spikes_per_neuron_per_pulse,silence_aPN1,0.0,0.0,
pC1_type:pC1_17a,15.0,peak_rate_hz,silence_vPN1,5.0,0.0,100.0
pC1_type:pC1_17a,15.0,peak_rate_hz,cut_vPN1_to_pC1,5.0,0.0,100.0
pC1_type:pC1_17a,15.0,peak_rate_hz,cut_vPN1_to_other,5.0,5.0,0.0
pC1_type:pC1_17a,15.0,peak_rate_hz,cut_vPN1_all_output,5.0,0.0,100.0
pC1_type:pC1_17a,15.0,peak_rate_hz,silence_aPN1,5.0,5.0,0.0
pC1_type:pC1_17a,15.0,evoked_spikes_per_neuron_per_pulse,silence_vPN1,0.0375,0.0,100.0
pC1_type:pC1_17a,15.0,evoked_spikes_per_neuron_per_pulse,cut_vPN1_to_pC1,0.0375,0.0,100.0
pC1_type:pC1_17a,15.0,evoked_spikes_per_neuron_per_pulse,cut_vPN1_to_other,0.0375,0.025,33.33333333333333
pC1_type:pC1_17a,15.0,evoked_spikes_per_neuron_per_pulse,cut_vPN1_all_output,0.0375,0.0,100.0
pC1_type:pC1_17a,15.0,evoked_spikes_per_neuron_per_pulse,silence_aPN1,0.0375,0.0125,66.66666666666667
pC1_type:pC1_17a,25.0,peak_rate_hz,silence_vPN1,20.0,20.0,0.0
pC1_type:pC1_17a,25.0,peak_rate_hz,cut_vPN1_to_pC1,20.0,5.0,75.0
pC1_type:pC1_17a,25.0,peak_rate_hz,cut_vPN1_to_other,20.0,30.0,-50.0
pC1_type:pC1_17a,25.0,peak_rate_hz,cut_vPN1_all_output,20.0,20.0,0.0
pC1_type:pC1_17a,25.0,peak_rate_hz,silence_aPN1,20.0,25.0,-25.0
pC1_type:pC1_17a,25.0,evoked_spikes_per_neuron_per_pulse,silence_vPN1,0.1,0.1625,-62.5
pC1_type:pC1_17a,25.0,evoked_spikes_per_neuron_per_pulse,cut_vPN1_to_pC1,0.1,0.025,75.0
pC1_type:pC1_17a,25.0,evoked_spikes_per_neuron_per_pulse,cut_vPN1_to_other,0.1,0.2125,-112.49999999999997
pC1_type:pC1_17a,25.0,evoked_spikes_per_neuron_per_pulse,cut_vPN1_all_output,0.1,0.1625,-62.5
pC1_type:pC1_17a,25.0,evoked_spikes_per_neuron_per_pulse,silence_aPN1,0.1,0.225,-125.0
pC1_type:pC1_17a,35.0,peak_rate_hz,silence_vPN1,25.0,15.0,40.0
pC1_type:pC1_17a,35.0,peak_rate_hz,cut_vPN1_to_pC1,25.0,20.0,20.0
pC1_type:pC1_17a,35.0,peak_rate_hz,cut_vPN1_to_other,25.0,15.0,40.0
pC1_type:pC1_17a,35.0,peak_rate_hz,cut_vPN1_all_output,25.0,15.0,40.0
pC1_type:pC1_17a,35.0,peak_rate_hz,silence_aPN1,25.0,25.0,0.0
pC1_type:pC1_17a,35.0,evoked_spikes_per_neuron_per_pulse,silence_vPN1,0.275,0.1625,40.909090909090914
pC1_type:pC1_17a,35.0,evoked_spikes_per_neuron_per_pulse,cut_vPN1_to_pC1,0.275,0.2625,4.545454545454549
pC1_type:pC1_17a,35.0,evoked_spikes_per_neuron_per_pulse,cut_vPN1_to_other,0.275,0.2,27.272727272727273
pC1_type:pC1_17a,35.0,evoked_spikes_per_neuron_per_pulse,cut_vPN1_all_output,0.275,0.1625,40.909090909090914
pC1_type:pC1_17a,35.0,evoked_spikes_per_neuron_per_pulse,silence_aPN1,0.275,0.1875,31.818181818181824
pC1_type:pC1_17a,45.0,peak_rate_hz,silence_vPN1,15.0,25.0,-66.66666666666667
pC1_type:pC1_17a,45.0,peak_rate_hz,cut_vPN1_to_pC1,15.0,15.0,0.0
pC1_type:pC1_17a,45.0,peak_rate_hz,cut_vPN1_to_other,15.0,15.0,0.0
pC1_type:pC1_17a,45.0,peak_rate_hz,cut_vPN1_all_output,15.0,25.0,-66.66666666666667
pC1_type:pC1_17a,45.0,peak_rate_hz,silence_aPN1,15.0,10.0,33.333333333333336
pC1_type:pC1_17a,45.0,evoked_spikes_per_neuron_per_pulse,silence_vPN1,0.1875,0.2,-6.666666666666672
pC1_type:pC1_17a,45.0,evoked_spikes_per_neuron_per_pulse,cut_vPN1_to_pC1,0.1875,0.1375,26.66666666666666
pC1_type:pC1_17a,45.0,evoked_spikes_per_neuron_per_pulse,cut_vPN1_to_other,0.1875,0.1375,26.66666666666666
pC1_type:pC1_17a,45.0,evoked_spikes_per_neuron_per_pulse,cut_vPN1_all_output,0.1875,0.2,-6.666666666666672
pC1_type:pC1_17a,45.0,evoked_spikes_per_neuron_per_pulse,silence_aPN1,0.1875,0.1125,40.0
pC1_type:pC1_17a,55.0,peak_rate_hz,silence_vPN1,20.0,10.0,50.0
pC1_type:pC1_17a,55.0,peak_rate_hz,cut_vPN1_to_pC1,20.0,15.0,25.0
pC1_type:pC1_17a,55.0,peak_rate_hz,cut_vPN1_to_other,20.0,25.0,-25.0
pC1_type:pC1_17a,55.0,peak_rate_hz,cut_vPN1_all_output,20.0,10.0,50.0
pC1_type:pC1_17a,55.0,peak_rate_hz,silence_aPN1,20.0,10.0,50.0
pC1_type:pC1_17a,55.0,evoked_spikes_per_neuron_per_pulse,silence_vPN1,0.4125,0.0625,84.84848484848486
pC1_type:pC1_17a,55.0,evoked_spikes_per_neuron_per_pulse,cut_vPN1_to_pC1,0.4125,0.15,63.63636363636363
pC1_type:pC1_17a,55.0,evoked_spikes_per_neuron_per_pulse,cut_vPN1_to_other,0.4125,0.1875,54.54545454545454
pC1_type:pC1_17a,55.0,evoked_spikes_per_neuron_per_pulse,cut_vPN1_all_output,0.4125,0.0625,84.84848484848486
pC1_type:pC1_17a,55.0,evoked_spikes_per_neuron_per_pulse,silence_aPN1,0.4125,0.0625,84.84848484848486
pC1_type:pC1_17a,65.0,peak_rate_hz,silence_vPN1,30.0,20.0,33.333333333333336
pC1_type:pC1_17a,65.0,peak_rate_hz,cut_vPN1_to_pC1,30.0,20.0,33.333333333333336
pC1_type:pC1_17a,65.0,peak_rate_hz,cut_vPN1_to_other,30.0,20.0,33.333333333333336
pC1_type:pC1_17a,65.0,peak_rate_hz,cut_vPN1_all_output,30.0,20.0,33.333333333333336
pC1_type:pC1_17a,65.0,peak_rate_hz,silence_aPN1,30.0,10.0,66.66666666666667
pC1_type:pC1_17a,65.0,evoked_spikes_per_neuron_per_pulse,silence_vPN1,0.3625,0.15,58.62068965517241
pC1_type:pC1_17a,65.0,evoked_spikes_per_neuron_per_pulse,cut_vPN1_to_pC1,0.3625,0.4625,-27.586206896551733
pC1_type:pC1_17a,65.0,evoked_spikes_per_neuron_per_pulse,cut_vPN1_to_other,0.3625,0.175,51.724137931034484
pC1_type:pC1_17a,65.0,evoked_spikes_per_neuron_per_pulse,cut_vPN1_all_output,0.3625,0.15,58.62068965517241
pC1_type:pC1_17a,65.0,evoked_spikes_per_neuron_per_pulse,silence_aPN1,0.3625,0.0625,82.75862068965517
pC1_type:pC1_17a,75.0,peak_rate_hz,silence_vPN1,25.0,25.0,0.0
pC1_type:pC1_17a,75.0,peak_rate_hz,cut_vPN1_to_pC1,25.0,20.0,20.0
pC1_type:pC1_17a,75.0,peak_rate_hz,cut_vPN1_to_other,25.0,20.0,20.0
pC1_type:pC1_17a,75.0,peak_rate_hz,cut_vPN1_all_output,25.0,25.0,0.0
pC1_type:pC1_17a,75.0,peak_rate_hz,silence_aPN1,25.0,15.0,40.0
pC1_type:pC1_17a,75.0,evoked_spikes_per_neuron_per_pulse,silence_vPN1,0.425,0.175,58.82352941176471
pC1_type:pC1_17a,75.0,evoked_spikes_per_neuron_per_pulse,cut_vPN1_to_pC1,0.425,0.275,35.29411764705882
pC1_type:pC1_17a,75.0,evoked_spikes_per_neuron_per_pulse,cut_vPN1_to_other,0.425,0.175,58.82352941176471
pC1_type:pC1_17a,75.0,evoked_spikes_per_neuron_per_pulse,cut_vPN1_all_output,0.425,0.175,58.82352941176471
pC1_type:pC1_17a,75.0,evoked_spikes_per_neuron_per_pulse,silence_aPN1,0.425,0.125,70.58823529411765
pC1_type:pC1_17a,85.0,peak_rate_hz,silence_vPN1,15.0,10.0,33.333333333333336
pC1_type:pC1_17a,85.0,peak_rate_hz,cut_vPN1_to_pC1,15.0,10.0,33.333333333333336
pC1_type:pC1_17a,85.0,peak_rate_hz,cut_vPN1_to_other,15.0,10.0,33.333333333333336
pC1_type:pC1_17a,85.0,peak_rate_hz,cut_vPN1_all_output,15.0,10.0,33.333333333333336
pC1_type:pC1_17a,85.0,peak_rate_hz,silence_aPN1,15.0,15.0,0.0
pC1_type:pC1_17a,85.0,evoked_spikes_per_neuron_per_pulse,silence_vPN1,0.1625,0.075,53.84615384615385
pC1_type:pC1_17a,85.0,evoked_spikes_per_neuron_per_pulse,cut_vPN1_to_pC1,0.1625,0.1875,-15.384615384615381
pC1_type:pC1_17a,85.0,evoked_spikes_per_neuron_per_pulse,cut_vPN1_to_other,0.1625,0.05,69.23076923076923
pC1_type:pC1_17a,85.0,evoked_spikes_per_neuron_per_pulse,cut_vPN1_all_output,0.1625,0.075,53.84615384615385
pC1_type:pC1_17a,85.0,evoked_spikes_per_neuron_per_pulse,silence_aPN1,0.1625,0.125,23.07692307692308
pC1_type:pC1_17a,95.0,peak_rate_hz,silence_vPN1,10.0,10.0,0.0
pC1_type:pC1_17a,95.0,peak_rate_hz,cut_vPN1_to_pC1,10.0,15.0,-50.0
pC1_type:pC1_17a,95.0,peak_rate_hz,cut_vPN1_to_other,10.0,20.0,-100.0
pC1_type:pC1_17a,95.0,peak_rate_hz,cut_vPN1_all_output,10.0,10.0,0.0
pC1_type:pC1_17a,95.0,peak_rate_hz,silence_aPN1,10.0,10.0,0.0
pC1_type:pC1_17a,95.0,evoked_spikes_per_neuron_per_pulse,silence_vPN1,0.0375,0.15,-299.99999999999994
pC1_type:pC1_17a,95.0,evoked_spikes_per_neuron_per_pulse,cut_vPN1_to_pC1,0.0375,0.1375,-266.6666666666667
pC1_type:pC1_17a,95.0,evoked_spikes_per_neuron_per_pulse,cut_vPN1_to_other,0.0375,0.1,-166.66666666666669
pC1_type:pC1_17a,95.0,evoked_spikes_per_neuron_per_pulse,cut_vPN1_all_output,0.0375,0.15,-299.99999999999994
pC1_type:pC1_17a,95.0,evoked_spikes_per_neuron_per_pulse,silence_aPN1,0.0375,0.0625,-66.66666666666667
pC1_type:pC1_18a,15.0,peak_rate_hz,silence_vPN1,20.0,20.0,0.0
pC1_type:pC1_18a,15.0,peak_rate_hz,cut_vPN1_to_pC1,20.0,30.0,-50.0
pC1_type:pC1_18a,15.0,peak_rate_hz,cut_vPN1_to_other,20.0,30.0,-50.0
pC1_type:pC1_18a,15.0,peak_rate_hz,cut_vPN1_all_output,20.0,20.0,0.0
pC1_type:pC1_18a,15.0,peak_rate_hz,silence_aPN1,20.0,40.0,-100.0
pC1_type:pC1_18a,15.0,evoked_spikes_per_neuron_per_pulse,silence_vPN1,0.15,0.125,16.666666666666664
pC1_type:pC1_18a,15.0,evoked_spikes_per_neuron_per_pulse,cut_vPN1_to_pC1,0.15,0.225,-50.00000000000001
pC1_type:pC1_18a,15.0,evoked_spikes_per_neuron_per_pulse,cut_vPN1_to_other,0.15,0.225,-50.00000000000001
pC1_type:pC1_18a,15.0,evoked_spikes_per_neuron_per_pulse,cut_vPN1_all_output,0.15,0.125,16.666666666666664
pC1_type:pC1_18a,15.0,evoked_spikes_per_neuron_per_pulse,silence_aPN1,0.15,0.25,-66.66666666666667
pC1_type:pC1_18a,25.0,peak_rate_hz,silence_vPN1,50.0,50.0,0.0
pC1_type:pC1_18a,25.0,peak_rate_hz,cut_vPN1_to_pC1,50.0,50.0,0.0
pC1_type:pC1_18a,25.0,peak_rate_hz,cut_vPN1_to_other,50.0,50.0,0.0
pC1_type:pC1_18a,25.0,peak_rate_hz,cut_vPN1_all_output,50.0,50.0,0.0
pC1_type:pC1_18a,25.0,peak_rate_hz,silence_aPN1,50.0,50.0,0.0
pC1_type:pC1_18a,25.0,evoked_spikes_per_neuron_per_pulse,silence_vPN1,0.55,0.775,-40.9090909090909
pC1_type:pC1_18a,25.0,evoked_spikes_per_neuron_per_pulse,cut_vPN1_to_pC1,0.55,0.625,-13.636363636363628
pC1_type:pC1_18a,25.0,evoked_spikes_per_neuron_per_pulse,cut_vPN1_to_other,0.55,0.65,-18.181818181818176
pC1_type:pC1_18a,25.0,evoked_spikes_per_neuron_per_pulse,cut_vPN1_all_output,0.55,0.775,-40.9090909090909
pC1_type:pC1_18a,25.0,evoked_spikes_per_neuron_per_pulse,silence_aPN1,0.55,0.7,-27.272727272727256
pC1_type:pC1_18a,35.0,peak_rate_hz,silence_vPN1,20.0,30.0,-50.0
pC1_type:pC1_18a,35.0,peak_rate_hz,cut_vPN1_to_pC1,20.0,30.0,-50.0
pC1_type:pC1_18a,35.0,peak_rate_hz,cut_vPN1_to_other,20.0,30.0,-50.0
pC1_type:pC1_18a,35.0,peak_rate_hz,cut_vPN1_all_output,20.0,30.0,-50.0
pC1_type:pC1_18a,35.0,peak_rate_hz,silence_aPN1,20.0,30.0,-50.0
pC1_type:pC1_18a,35.0,evoked_spikes_per_neuron_per_pulse,silence_vPN1,0.2,0.775,-287.49999999999994
pC1_type:pC1_18a,35.0,evoked_spikes_per_neuron_per_pulse,cut_vPN1_to_pC1,0.2,0.8,-300.0
pC1_type:pC1_18a,35.0,evoked_spikes_per_neuron_per_pulse,cut_vPN1_to_other,0.2,0.25,-24.999999999999993
pC1_type:pC1_18a,35.0,evoked_spikes_per_neuron_per_pulse,cut_vPN1_all_output,0.2,0.775,-287.49999999999994
pC1_type:pC1_18a,35.0,evoked_spikes_per_neuron_per_pulse,silence_aPN1,0.2,0.6,-200.0
pC1_type:pC1_18a,45.0,peak_rate_hz,silence_vPN1,30.0,40.0,-33.333333333333336
pC1_type:pC1_18a,45.0,peak_rate_hz,cut_vPN1_to_pC1,30.0,40.0,-33.333333333333336
pC1_type:pC1_18a,45.0,peak_rate_hz,cut_vPN1_to_other,30.0,20.0,33.333333333333336
pC1_type:pC1_18a,45.0,peak_rate_hz,cut_vPN1_all_output,30.0,40.0,-33.333333333333336
pC1_type:pC1_18a,45.0,peak_rate_hz,silence_aPN1,30.0,30.0,0.0
pC1_type:pC1_18a,45.0,evoked_spikes_per_neuron_per_pulse,silence_vPN1,0.3,0.95,-216.66666666666663
pC1_type:pC1_18a,45.0,evoked_spikes_per_neuron_per_pulse,cut_vPN1_to_pC1,0.3,0.85,-183.33333333333337
pC1_type:pC1_18a,45.0,evoked_spikes_per_neuron_per_pulse,cut_vPN1_to_other,0.3,0.3,0.0
pC1_type:pC1_18a,45.0,evoked_spikes_per_neuron_per_pulse,cut_vPN1_all_output,0.3,0.95,-216.66666666666663
pC1_type:pC1_18a,45.0,evoked_spikes_per_neuron_per_pulse,silence_aPN1,0.3,0.45,-50.00000000000001
pC1_type:pC1_18a,55.0,peak_rate_hz,silence_vPN1,20.0,20.0,0.0
pC1_type:pC1_18a,55.0,peak_rate_hz,cut_vPN1_to_pC1,20.0,20.0,0.0
pC1_type:pC1_18a,55.0,peak_rate_hz,cut_vPN1_to_other,20.0,20.0,0.0
pC1_type:pC1_18a,55.0,peak_rate_hz,cut_vPN1_all_output,20.0,20.0,0.0
pC1_type:pC1_18a,55.0,peak_rate_hz,silence_aPN1,20.0,20.0,0.0
pC1_type:pC1_18a,55.0,evoked_spikes_per_neuron_per_pulse,silence_vPN1,0.425,0.275,35.29411764705882
pC1_type:pC1_18a,55.0,evoked_spikes_per_neuron_per_pulse,cut_vPN1_to_pC1,0.425,0.325,23.52941176470588
pC1_type:pC1_18a,55.0,evoked_spikes_per_neuron_per_pulse,cut_vPN1_to_other,0.425,0.175,58.82352941176471
pC1_type:pC1_18a,55.0,evoked_spikes_per_neuron_per_pulse,cut_vPN1_all_output,0.425,0.275,35.29411764705882
pC1_type:pC1_18a,55.0,evoked_spikes_per_neuron_per_pulse,silence_aPN1,0.425,0.275,35.29411764705882
pC1_type:pC1_18a,65.0,peak_rate_hz,silence_vPN1,20.0,20.0,0.0
pC1_type:pC1_18a,65.0,peak_rate_hz,cut_vPN1_to_pC1,20.0,20.0,0.0
pC1_type:pC1_18a,65.0,peak_rate_hz,cut_vPN1_to_other,20.0,20.0,0.0
pC1_type:pC1_18a,65.0,peak_rate_hz,cut_vPN1_all_output,20.0,20.0,0.0
pC1_type:pC1_18a,65.0,peak_rate_hz,silence_aPN1,20.0,20.0,0.0
pC1_type:pC1_18a,65.0,evoked_spikes_per_neuron_per_pulse,silence_vPN1,0.375,0.45,-20.000000000000004
pC1_type:pC1_18a,65.0,evoked_spikes_per_neuron_per_pulse,cut_vPN1_to_pC1,0.375,0.55,-46.66666666666668
pC1_type:pC1_18a,65.0,evoked_spikes_per_neuron_per_pulse,cut_vPN1_to_other,0.375,0.15,60.0
pC1_type:pC1_18a,65.0,evoked_spikes_per_neuron_per_pulse,cut_vPN1_all_output,0.375,0.45,-20.000000000000004
pC1_type:pC1_18a,65.0,evoked_spikes_per_neuron_per_pulse,silence_aPN1,0.375,0.625,-66.66666666666667
pC1_type:pC1_18a,75.0,peak_rate_hz,silence_vPN1,20.0,20.0,0.0
pC1_type:pC1_18a,75.0,peak_rate_hz,cut_vPN1_to_pC1,20.0,20.0,0.0
pC1_type:pC1_18a,75.0,peak_rate_hz,cut_vPN1_to_other,20.0,20.0,0.0
pC1_type:pC1_18a,75.0,peak_rate_hz,cut_vPN1_all_output,20.0,20.0,0.0
pC1_type:pC1_18a,75.0,peak_rate_hz,silence_aPN1,20.0,20.0,0.0
pC1_type:pC1_18a,75.0,evoked_spikes_per_neuron_per_pulse,silence_vPN1,0.375,0.6,-59.99999999999999
pC1_type:pC1_18a,75.0,evoked_spikes_per_neuron_per_pulse,cut_vPN1_to_pC1,0.375,0.4,-6.666666666666672
pC1_type:pC1_18a,75.0,evoked_spikes_per_neuron_per_pulse,cut_vPN1_to_other,0.375,0.1,73.33333333333334
pC1_type:pC1_18a,75.0,evoked_spikes_per_neuron_per_pulse,cut_vPN1_all_output,0.375,0.6,-59.99999999999999
pC1_type:pC1_18a,75.0,evoked_spikes_per_neuron_per_pulse,silence_aPN1,0.375,0.85,-126.66666666666667
pC1_type:pC1_18a,85.0,peak_rate_hz,silence_vPN1,10.0,20.0,-100.0
pC1_type:pC1_18a,85.0,peak_rate_hz,cut_vPN1_to_pC1,10.0,10.0,0.0
pC1_type:pC1_18a,85.0,peak_rate_hz,cut_vPN1_to_other,10.0,10.0,0.0
pC1_type:pC1_18a,85.0,peak_rate_hz,cut_vPN1_all_output,10.0,20.0,-100.0
pC1_type:pC1_18a,85.0,peak_rate_hz,silence_aPN1,10.0,20.0,-100.0
pC1_type:pC1_18a,85.0,evoked_spikes_per_neuron_per_pulse,silence_vPN1,0.2,0.675,-237.5
pC1_type:pC1_18a,85.0,evoked_spikes_per_neuron_per_pulse,cut_vPN1_to_pC1,0.2,0.275,-37.5
pC1_type:pC1_18a,85.0,evoked_spikes_per_neuron_per_pulse,cut_vPN1_to_other,0.2,0.075,62.5
pC1_type:pC1_18a,85.0,evoked_spikes_per_neuron_per_pulse,cut_vPN1_all_output,0.2,0.675,-237.5
pC1_type:pC1_18a,85.0,evoked_spikes_per_neuron_per_pulse,silence_aPN1,0.2,0.475,-137.49999999999997
pC1_type:pC1_18a,95.0,peak_rate_hz,silence_vPN1,10.0,20.0,-100.0
pC1_type:pC1_18a,95.0,peak_rate_hz,cut_vPN1_to_pC1,10.0,20.0,-100.0
pC1_type:pC1_18a,95.0,peak_rate_hz,cut_vPN1_to_other,10.0,30.0,-200.0
pC1_type:pC1_18a,95.0,peak_rate_hz,cut_vPN1_all_output,10.0,20.0,-100.0
pC1_type:pC1_18a,95.0,peak_rate_hz,silence_aPN1,10.0,20.0,-100.0
pC1_type:pC1_18a,95.0,evoked_spikes_per_neuron_per_pulse,silence_vPN1,0.025,0.7,-2700.0
pC1_type:pC1_18a,95.0,evoked_spikes_per_neuron_per_pulse,cut_vPN1_to_pC1,0.025,0.25,-900.0
pC1_type:pC1_18a,95.0,evoked_spikes_per_neuron_per_pulse,cut_vPN1_to_other,0.025,0.1,-300.0
pC1_type:pC1_18a,95.0,evoked_spikes_per_neuron_per_pulse,cut_vPN1_all_output,0.025,0.7,-2700.0
pC1_type:pC1_18a,95.0,evoked_spikes_per_neuron_per_pulse,silence_aPN1,0.025,0.425,-1600.0
pC1_type:pC1_18b,15.0,peak_rate_hz,silence_vPN1,22.5,27.5,-22.22222222222222
pC1_type:pC1_18b,15.0,peak_rate_hz,cut_vPN1_to_pC1,22.5,32.5,-44.44444444444444
pC1_type:pC1_18b,15.0,peak_rate_hz,cut_vPN1_to_other,22.5,20.0,11.11111111111111
pC1_type:pC1_18b,15.0,peak_rate_hz,cut_vPN1_all_output,22.5,27.5,-22.22222222222222
pC1_type:pC1_18b,15.0,peak_rate_hz,silence_aPN1,22.5,25.0,-11.11111111111111
pC1_type:pC1_18b,15.0,evoked_spikes_per_neuron_per_pulse,silence_vPN1,0.1875,0.14375,23.33333333333334
pC1_type:pC1_18b,15.0,evoked_spikes_per_neuron_per_pulse,cut_vPN1_to_pC1,0.1875,0.23125,-23.33333333333334
pC1_type:pC1_18b,15.0,evoked_spikes_per_neuron_per_pulse,cut_vPN1_to_other,0.1875,0.15,20.000000000000004
pC1_type:pC1_18b,15.0,evoked_spikes_per_neuron_per_pulse,cut_vPN1_all_output,0.1875,0.14375,23.33333333333334
pC1_type:pC1_18b,15.0,evoked_spikes_per_neuron_per_pulse,silence_aPN1,0.1875,0.11875,36.66666666666667
pC1_type:pC1_18b,25.0,peak_rate_hz,silence_vPN1,47.5,50.0,-5.2631578947368425
pC1_type:pC1_18b,25.0,peak_rate_hz,cut_vPN1_to_pC1,47.5,32.5,31.57894736842105
pC1_type:pC1_18b,25.0,peak_rate_hz,cut_vPN1_to_other,47.5,57.5,-21.05263157894737
pC1_type:pC1_18b,25.0,peak_rate_hz,cut_vPN1_all_output,47.5,50.0,-5.2631578947368425
pC1_type:pC1_18b,25.0,peak_rate_hz,silence_aPN1,47.5,47.5,0.0
pC1_type:pC1_18b,25.0,evoked_spikes_per_neuron_per_pulse,silence_vPN1,0.63125,0.76875,-21.782178217821794
pC1_type:pC1_18b,25.0,evoked_spikes_per_neuron_per_pulse,cut_vPN1_to_pC1,0.63125,0.4,36.63366336633663
pC1_type:pC1_18b,25.0,evoked_spikes_per_neuron_per_pulse,cut_vPN1_to_other,0.63125,0.79375,-25.742574257425737
pC1_type:pC1_18b,25.0,evoked_spikes_per_neuron_per_pulse,cut_vPN1_all_output,0.63125,0.76875,-21.782178217821794
pC1_type:pC1_18b,25.0,evoked_spikes_per_neuron_per_pulse,silence_aPN1,0.63125,0.7875,-24.752475247524753
pC1_type:pC1_18b,35.0,peak_rate_hz,silence_vPN1,37.5,32.5,13.333333333333334
pC1_type:pC1_18b,35.0,peak_rate_hz,cut_vPN1_to_pC1,37.5,35.0,6.666666666666667
pC1_type:pC1_18b,35.0,peak_rate_hz,cut_vPN1_to_other,37.5,35.0,6.666666666666667
pC1_type:pC1_18b,35.0,peak_rate_hz,cut_vPN1_all_output,37.5,32.5,13.333333333333334
pC1_type:pC1_18b,35.0,peak_rate_hz,silence_aPN1,37.5,37.5,0.0
pC1_type:pC1_18b,35.0,evoked_spikes_per_neuron_per_pulse,silence_vPN1,1.0125,0.8625,14.814814814814806
pC1_type:pC1_18b,35.0,evoked_spikes_per_neuron_per_pulse,cut_vPN1_to_pC1,1.0125,0.9625,4.938271604938265
pC1_type:pC1_18b,35.0,evoked_spikes_per_neuron_per_pulse,cut_vPN1_to_other,1.0125,0.8375,17.283950617283946
pC1_type:pC1_18b,35.0,evoked_spikes_per_neuron_per_pulse,cut_vPN1_all_output,1.0125,0.8625,14.814814814814806
pC1_type:pC1_18b,35.0,evoked_spikes_per_neuron_per_pulse,silence_aPN1,1.0125,0.825,18.51851851851852
pC1_type:pC1_18b,45.0,peak_rate_hz,silence_vPN1,32.5,42.5,-30.76923076923077
pC1_type:pC1_18b,45.0,peak_rate_hz,cut_vPN1_to_pC1,32.5,32.5,0.0
pC1_type:pC1_18b,45.0,peak_rate_hz,cut_vPN1_to_other,32.5,42.5,-30.76923076923077
pC1_type:pC1_18b,45.0,peak_rate_hz,cut_vPN1_all_output,32.5,42.5,-30.76923076923077
pC1_type:pC1_18b,45.0,peak_rate_hz,silence_aPN1,32.5,37.5,-15.384615384615385
pC1_type:pC1_18b,45.0,evoked_spikes_per_neuron_per_pulse,silence_vPN1,1.00625,1.18125,-17.39130434782607
pC1_type:pC1_18b,45.0,evoked_spikes_per_neuron_per_pulse,cut_vPN1_to_pC1,1.00625,0.91875,8.695652173913057
pC1_type:pC1_18b,45.0,evoked_spikes_per_neuron_per_pulse,cut_vPN1_to_other,1.00625,1.0125,-0.621118012422347
pC1_type:pC1_18b,45.0,evoked_spikes_per_neuron_per_pulse,cut_vPN1_all_output,1.00625,1.18125,-17.39130434782607
pC1_type:pC1_18b,45.0,evoked_spikes_per_neuron_per_pulse,silence_aPN1,1.00625,0.83125,17.39130434782609
pC1_type:pC1_18b,55.0,peak_rate_hz,silence_vPN1,32.5,30.0,7.6923076923076925
pC1_type:pC1_18b,55.0,peak_rate_hz,cut_vPN1_to_pC1,32.5,27.5,15.384615384615385
pC1_type:pC1_18b,55.0,peak_rate_hz,cut_vPN1_to_other,32.5,35.0,-7.6923076923076925
pC1_type:pC1_18b,55.0,peak_rate_hz,cut_vPN1_all_output,32.5,30.0,7.6923076923076925
pC1_type:pC1_18b,55.0,peak_rate_hz,silence_aPN1,32.5,22.5,30.76923076923077
pC1_type:pC1_18b,55.0,evoked_spikes_per_neuron_per_pulse,silence_vPN1,1.11875,1.025,8.379888268156424
pC1_type:pC1_18b,55.0,evoked_spikes_per_neuron_per_pulse,cut_vPN1_to_pC1,1.11875,1.05,6.1452513966480335
pC1_type:pC1_18b,55.0,evoked_spikes_per_neuron_per_pulse,cut_vPN1_to_other,1.11875,1.01875,8.938547486033508
pC1_type:pC1_18b,55.0,evoked_spikes_per_neuron_per_pulse,cut_vPN1_all_output,1.11875,1.025,8.379888268156424
pC1_type:pC1_18b,55.0,evoked_spikes_per_neuron_per_pulse,silence_aPN1,1.11875,0.9375,16.20111731843575
pC1_type:pC1_18b,65.0,peak_rate_hz,silence_vPN1,40.0,37.5,6.25
pC1_type:pC1_18b,65.0,peak_rate_hz,cut_vPN1_to_pC1,40.0,27.5,31.25
pC1_type:pC1_18b,65.0,peak_rate_hz,cut_vPN1_to_other,40.0,40.0,0.0
pC1_type:pC1_18b,65.0,peak_rate_hz,cut_vPN1_all_output,40.0,37.5,6.25
pC1_type:pC1_18b,65.0,peak_rate_hz,silence_aPN1,40.0,27.5,31.25
pC1_type:pC1_18b,65.0,evoked_spikes_per_neuron_per_pulse,silence_vPN1,1.1875,1.14375,3.684210526315786
pC1_type:pC1_18b,65.0,evoked_spikes_per_neuron_per_pulse,cut_vPN1_to_pC1,1.1875,1.04375,12.10526315789474
pC1_type:pC1_18b,65.0,evoked_spikes_per_neuron_per_pulse,cut_vPN1_to_other,1.1875,1.1875,0.0
pC1_type:pC1_18b,65.0,evoked_spikes_per_neuron_per_pulse,cut_vPN1_all_output,1.1875,1.14375,3.684210526315786
pC1_type:pC1_18b,65.0,evoked_spikes_per_neuron_per_pulse,silence_aPN1,1.1875,1.0375,12.631578947368414
pC1_type:pC1_18b,75.0,peak_rate_hz,silence_vPN1,40.0,35.0,12.5
pC1_type:pC1_18b,75.0,peak_rate_hz,cut_vPN1_to_pC1,40.0,30.0,25.0
pC1_type:pC1_18b,75.0,peak_rate_hz,cut_vPN1_to_other,40.0,40.0,0.0
pC1_type:pC1_18b,75.0,peak_rate_hz,cut_vPN1_all_output,40.0,35.0,12.5
pC1_type:pC1_18b,75.0,peak_rate_hz,silence_aPN1,40.0,32.5,18.75
pC1_type:pC1_18b,75.0,evoked_spikes_per_neuron_per_pulse,silence_vPN1,1.21875,1.19375,2.051282051282044
pC1_type:pC1_18b,75.0,evoked_spikes_per_neuron_per_pulse,cut_vPN1_to_pC1,1.21875,1.05625,13.33333333333334
pC1_type:pC1_18b,75.0,evoked_spikes_per_neuron_per_pulse,cut_vPN1_to_other,1.21875,1.05,13.846153846153843
pC1_type:pC1_18b,75.0,evoked_spikes_per_neuron_per_pulse,cut_vPN1_all_output,1.21875,1.19375,2.051282051282044
pC1_type:pC1_18b,75.0,evoked_spikes_per_neuron_per_pulse,silence_aPN1,1.21875,1.225,-0.5128205128205201
pC1_type:pC1_18b,85.0,peak_rate_hz,silence_vPN1,35.0,32.5,7.142857142857143
pC1_type:pC1_18b,85.0,peak_rate_hz,cut_vPN1_to_pC1,35.0,35.0,0.0
pC1_type:pC1_18b,85.0,peak_rate_hz,cut_vPN1_to_other,35.0,32.5,7.142857142857143
pC1_type:pC1_18b,85.0,peak_rate_hz,cut_vPN1_all_output,35.0,32.5,7.142857142857143
pC1_type:pC1_18b,85.0,peak_rate_hz,silence_aPN1,35.0,30.0,14.285714285714286
pC1_type:pC1_18b,85.0,evoked_spikes_per_neuron_per_pulse,silence_vPN1,1.19375,1.20625,-1.0471204188481638
pC1_type:pC1_18b,85.0,evoked_spikes_per_neuron_per_pulse,cut_vPN1_to_pC1,1.19375,1.06875,10.471204188481675
pC1_type:pC1_18b,85.0,evoked_spikes_per_neuron_per_pulse,cut_vPN1_to_other,1.19375,1.1,7.853403141361256
pC1_type:pC1_18b,85.0,evoked_spikes_per_neuron_per_pulse,cut_vPN1_all_output,1.19375,1.20625,-1.0471204188481638
pC1_type:pC1_18b,85.0,evoked_spikes_per_neuron_per_pulse,silence_aPN1,1.19375,1.3375,-12.04188481675391
pC1_type:pC1_18b,95.0,peak_rate_hz,silence_vPN1,35.0,32.5,7.142857142857143
pC1_type:pC1_18b,95.0,peak_rate_hz,cut_vPN1_to_pC1,35.0,30.0,14.285714285714286
pC1_type:pC1_18b,95.0,peak_rate_hz,cut_vPN1_to_other,35.0,45.0,-28.571428571428573
pC1_type:pC1_18b,95.0,peak_rate_hz,cut_vPN1_all_output,35.0,32.5,7.142857142857143
pC1_type:pC1_18b,95.0,peak_rate_hz,silence_aPN1,35.0,32.5,7.142857142857143
pC1_type:pC1_18b,95.0,evoked_spikes_per_neuron_per_pulse,silence_vPN1,1.1875,1.1625,2.105263157894729
pC1_type:pC1_18b,95.0,evoked_spikes_per_neuron_per_pulse,cut_vPN1_to_pC1,1.1875,1.0875,8.421052631578954
pC1_type:pC1_18b,95.0,evoked_spikes_per_neuron_per_pulse,cut_vPN1_to_other,1.1875,1.18125,0.5263157894736917
pC1_type:pC1_18b,95.0,evoked_spikes_per_neuron_per_pulse,cut_vPN1_all_output,1.1875,1.1625,2.105263157894729
pC1_type:pC1_18b,95.0,evoked_spikes_per_neuron_per_pulse,silence_aPN1,1.1875,1.25625,-5.789473684210534
pC1_type:pC1_19,15.0,peak_rate_hz,silence_vPN1,0.0,0.0,
pC1_type:pC1_19,15.0,peak_rate_hz,cut_vPN1_to_pC1,0.0,0.0,
pC1_type:pC1_19,15.0,peak_rate_hz,cut_vPN1_to_other,0.0,0.0,
pC1_type:pC1_19,15.0,peak_rate_hz,cut_vPN1_all_output,0.0,0.0,
pC1_type:pC1_19,15.0,peak_rate_hz,silence_aPN1,0.0,0.0,
pC1_type:pC1_19,15.0,evoked_spikes_per_neuron_per_pulse,silence_vPN1,0.0,0.0,
pC1_type:pC1_19,15.0,evoked_spikes_per_neuron_per_pulse,cut_vPN1_to_pC1,0.0,0.0,
pC1_type:pC1_19,15.0,evoked_spikes_per_neuron_per_pulse,cut_vPN1_to_other,0.0,0.0,
pC1_type:pC1_19,15.0,evoked_spikes_per_neuron_per_pulse,cut_vPN1_all_output,0.0,0.0,
pC1_type:pC1_19,15.0,evoked_spikes_per_neuron_per_pulse,silence_aPN1,0.0,0.0,
pC1_type:pC1_19,25.0,peak_rate_hz,silence_vPN1,0.0,0.0,
pC1_type:pC1_19,25.0,peak_rate_hz,cut_vPN1_to_pC1,0.0,0.0,
pC1_type:pC1_19,25.0,peak_rate_hz,cut_vPN1_to_other,0.0,0.0,
pC1_type:pC1_19,25.0,peak_rate_hz,cut_vPN1_all_output,0.0,0.0,
pC1_type:pC1_19,25.0,peak_rate_hz,silence_aPN1,0.0,0.0,
pC1_type:pC1_19,25.0,evoked_spikes_per_neuron_per_pulse,silence_vPN1,0.0,0.0,
pC1_type:pC1_19,25.0,evoked_spikes_per_neuron_per_pulse,cut_vPN1_to_pC1,0.0,0.0,
pC1_type:pC1_19,25.0,evoked_spikes_per_neuron_per_pulse,cut_vPN1_to_other,0.0,0.0,
pC1_type:pC1_19,25.0,evoked_spikes_per_neuron_per_pulse,cut_vPN1_all_output,0.0,0.0,
pC1_type:pC1_19,25.0,evoked_spikes_per_neuron_per_pulse,silence_aPN1,0.0,0.0,
pC1_type:pC1_19,35.0,peak_rate_hz,silence_vPN1,0.0,0.0,
pC1_type:pC1_19,35.0,peak_rate_hz,cut_vPN1_to_pC1,0.0,0.0,
pC1_type:pC1_19,35.0,peak_rate_hz,cut_vPN1_to_other,0.0,0.0,
pC1_type:pC1_19,35.0,peak_rate_hz,cut_vPN1_all_output,0.0,0.0,
pC1_type:pC1_19,35.0,peak_rate_hz,silence_aPN1,0.0,0.0,
pC1_type:pC1_19,35.0,evoked_spikes_per_neuron_per_pulse,silence_vPN1,0.0,0.0,
pC1_type:pC1_19,35.0,evoked_spikes_per_neuron_per_pulse,cut_vPN1_to_pC1,0.0,0.0,
pC1_type:pC1_19,35.0,evoked_spikes_per_neuron_per_pulse,cut_vPN1_to_other,0.0,0.0,
pC1_type:pC1_19,35.0,evoked_spikes_per_neuron_per_pulse,cut_vPN1_all_output,0.0,0.0,
pC1_type:pC1_19,35.0,evoked_spikes_per_neuron_per_pulse,silence_aPN1,0.0,0.0,
pC1_type:pC1_19,45.0,peak_rate_hz,silence_vPN1,0.0,0.0,
pC1_type:pC1_19,45.0,peak_rate_hz,cut_vPN1_to_pC1,0.0,0.0,
pC1_type:pC1_19,45.0,peak_rate_hz,cut_vPN1_to_other,0.0,0.0,
pC1_type:pC1_19,45.0,peak_rate_hz,cut_vPN1_all_output,0.0,0.0,
pC1_type:pC1_19,45.0,peak_rate_hz,silence_aPN1,0.0,0.0,
pC1_type:pC1_19,45.0,evoked_spikes_per_neuron_per_pulse,silence_vPN1,0.0,0.0,
pC1_type:pC1_19,45.0,evoked_spikes_per_neuron_per_pulse,cut_vPN1_to_pC1,0.0,0.0,
pC1_type:pC1_19,45.0,evoked_spikes_per_neuron_per_pulse,cut_vPN1_to_other,0.0,0.0,
pC1_type:pC1_19,45.0,evoked_spikes_per_neuron_per_pulse,cut_vPN1_all_output,0.0,0.0,
pC1_type:pC1_19,45.0,evoked_spikes_per_neuron_per_pulse,silence_aPN1,0.0,0.0,
pC1_type:pC1_19,55.0,peak_rate_hz,silence_vPN1,0.0,0.0,
pC1_type:pC1_19,55.0,peak_rate_hz,cut_vPN1_to_pC1,0.0,0.0,
pC1_type:pC1_19,55.0,peak_rate_hz,cut_vPN1_to_other,0.0,0.0,
pC1_type:pC1_19,55.0,peak_rate_hz,cut_vPN1_all_output,0.0,0.0,
pC1_type:pC1_19,55.0,peak_rate_hz,silence_aPN1,0.0,0.0,
pC1_type:pC1_19,55.0,evoked_spikes_per_neuron_per_pulse,silence_vPN1,0.0,0.0,
pC1_type:pC1_19,55.0,evoked_spikes_per_neuron_per_pulse,cut_vPN1_to_pC1,0.0,0.0,
pC1_type:pC1_19,55.0,evoked_spikes_per_neuron_per_pulse,cut_vPN1_to_other,0.0,0.0,
pC1_type:pC1_19,55.0,evoked_spikes_per_neuron_per_pulse,cut_vPN1_all_output,0.0,0.0,
pC1_type:pC1_19,55.0,evoked_spikes_per_neuron_per_pulse,silence_aPN1,0.0,0.0,
pC1_type:pC1_19,65.0,peak_rate_hz,silence_vPN1,0.0,0.0,
pC1_type:pC1_19,65.0,peak_rate_hz,cut_vPN1_to_pC1,0.0,0.0,
pC1_type:pC1_19,65.0,peak_rate_hz,cut_vPN1_to_other,0.0,0.0,
pC1_type:pC1_19,65.0,peak_rate_hz,cut_vPN1_all_output,0.0,0.0,
pC1_type:pC1_19,65.0,peak_rate_hz,silence_aPN1,0.0,0.0,
pC1_type:pC1_19,65.0,evoked_spikes_per_neuron_per_pulse,silence_vPN1,0.0,0.0,
pC1_type:pC1_19,65.0,evoked_spikes_per_neuron_per_pulse,cut_vPN1_to_pC1,0.0,0.0,
pC1_type:pC1_19,65.0,evoked_spikes_per_neuron_per_pulse,cut_vPN1_to_other,0.0,0.0,
pC1_type:pC1_19,65.0,evoked_spikes_per_neuron_per_pulse,cut_vPN1_all_output,0.0,0.0,
pC1_type:pC1_19,65.0,evoked_spikes_per_neuron_per_pulse,silence_aPN1,0.0,0.0,
pC1_type:pC1_19,75.0,peak_rate_hz,silence_vPN1,0.0,0.0,
pC1_type:pC1_19,75.0,peak_rate_hz,cut_vPN1_to_pC1,0.0,0.0,
pC1_type:pC1_19,75.0,peak_rate_hz,cut_vPN1_to_other,0.0,0.0,
pC1_type:pC1_19,75.0,peak_rate_hz,cut_vPN1_all_output,0.0,0.0,
pC1_type:pC1_19,75.0,peak_rate_hz,silence_aPN1,0.0,0.0,
pC1_type:pC1_19,75.0,evoked_spikes_per_neuron_per_pulse,silence_vPN1,0.0,0.0,
pC1_type:pC1_19,75.0,evoked_spikes_per_neuron_per_pulse,cut_vPN1_to_pC1,0.0,0.0,
pC1_type:pC1_19,75.0,evoked_spikes_per_neuron_per_pulse,cut_vPN1_to_other,0.0,0.0,
pC1_type:pC1_19,75.0,evoked_spikes_per_neuron_per_pulse,cut_vPN1_all_output,0.0,0.0,
pC1_type:pC1_19,75.0,evoked_spikes_per_neuron_per_pulse,silence_aPN1,0.0,0.0,
pC1_type:pC1_19,85.0,peak_rate_hz,silence_vPN1,0.0,0.0,
pC1_type:pC1_19,85.0,peak_rate_hz,cut_vPN1_to_pC1,0.0,0.0,
pC1_type:pC1_19,85.0,peak_rate_hz,cut_vPN1_to_other,0.0,0.0,
pC1_type:pC1_19,85.0,peak_rate_hz,cut_vPN1_all_output,0.0,0.0,
pC1_type:pC1_19,85.0,peak_rate_hz,silence_aPN1,0.0,0.0,
pC1_type:pC1_19,85.0,evoked_spikes_per_neuron_per_pulse,silence_vPN1,0.0,0.0,
pC1_type:pC1_19,85.0,evoked_spikes_per_neuron_per_pulse,cut_vPN1_to_pC1,0.0,0.0,
pC1_type:pC1_19,85.0,evoked_spikes_per_neuron_per_pulse,cut_vPN1_to_other,0.0,0.0,
pC1_type:pC1_19,85.0,evoked_spikes_per_neuron_per_pulse,cut_vPN1_all_output,0.0,0.0,
pC1_type:pC1_19,85.0,evoked_spikes_per_neuron_per_pulse,silence_aPN1,0.0,0.0,
pC1_type:pC1_19,95.0,peak_rate_hz,silence_vPN1,0.0,0.0,
pC1_type:pC1_19,95.0,peak_rate_hz,cut_vPN1_to_pC1,0.0,0.0,
pC1_type:pC1_19,95.0,peak_rate_hz,cut_vPN1_to_other,0.0,0.0,
pC1_type:pC1_19,95.0,peak_rate_hz,cut_vPN1_all_output,0.0,0.0,
pC1_type:pC1_19,95.0,peak_rate_hz,silence_aPN1,0.0,0.0,
pC1_type:pC1_19,95.0,evoked_spikes_per_neuron_per_pulse,silence_vPN1,0.0,0.0,
pC1_type:pC1_19,95.0,evoked_spikes_per_neuron_per_pulse,cut_vPN1_to_pC1,0.0,0.0,
pC1_type:pC1_19,95.0,evoked_spikes_per_neuron_per_pulse,cut_vPN1_to_other,0.0,0.0,
pC1_type:pC1_19,95.0,evoked_spikes_per_neuron_per_pulse,cut_vPN1_all_output,0.0,0.0,
pC1_type:pC1_19,95.0,evoked_spikes_per_neuron_per_pulse,silence_aPN1,0.0,0.0,
pC1_type:pC1_1a,15.0,peak_rate_hz,silence_vPN1,2.0,0.0,100.0
pC1_type:pC1_1a,15.0,peak_rate_hz,cut_vPN1_to_pC1,2.0,4.0,-100.0
pC1_type:pC1_1a,15.0,peak_rate_hz,cut_vPN1_to_other,2.0,0.0,100.0
pC1_type:pC1_1a,15.0,peak_rate_hz,cut_vPN1_all_output,2.0,0.0,100.0
pC1_type:pC1_1a,15.0,peak_rate_hz,silence_aPN1,2.0,2.0,0.0
pC1_type:pC1_1a,15.0,evoked_spikes_per_neuron_per_pulse,silence_vPN1,0.005,0.0,100.0
pC1_type:pC1_1a,15.0,evoked_spikes_per_neuron_per_pulse,cut_vPN1_to_pC1,0.005,0.01,-100.0
pC1_type:pC1_1a,15.0,evoked_spikes_per_neuron_per_pulse,cut_vPN1_to_other,0.005,0.0,100.0
pC1_type:pC1_1a,15.0,evoked_spikes_per_neuron_per_pulse,cut_vPN1_all_output,0.005,0.0,100.0
pC1_type:pC1_1a,15.0,evoked_spikes_per_neuron_per_pulse,silence_aPN1,0.005,0.005,0.0
pC1_type:pC1_1a,25.0,peak_rate_hz,silence_vPN1,4.0,0.0,100.0
pC1_type:pC1_1a,25.0,peak_rate_hz,cut_vPN1_to_pC1,4.0,6.0,-50.0
pC1_type:pC1_1a,25.0,peak_rate_hz,cut_vPN1_to_other,4.0,0.0,100.0
pC1_type:pC1_1a,25.0,peak_rate_hz,cut_vPN1_all_output,4.0,0.0,100.0
pC1_type:pC1_1a,25.0,peak_rate_hz,silence_aPN1,4.0,2.0,50.0
pC1_type:pC1_1a,25.0,evoked_spikes_per_neuron_per_pulse,silence_vPN1,0.015,0.0,100.0
pC1_type:pC1_1a,25.0,evoked_spikes_per_neuron_per_pulse,cut_vPN1_to_pC1,0.015,0.015,0.0
pC1_type:pC1_1a,25.0,evoked_spikes_per_neuron_per_pulse,cut_vPN1_to_other,0.015,0.0,100.0
pC1_type:pC1_1a,25.0,evoked_spikes_per_neuron_per_pulse,cut_vPN1_all_output,0.015,0.0,100.0
pC1_type:pC1_1a,25.0,evoked_spikes_per_neuron_per_pulse,silence_aPN1,0.015,0.01,33.33333333333333
pC1_type:pC1_1a,35.0,peak_rate_hz,silence_vPN1,0.0,0.0,
pC1_type:pC1_1a,35.0,peak_rate_hz,cut_vPN1_to_pC1,0.0,0.0,
pC1_type:pC1_1a,35.0,peak_rate_hz,cut_vPN1_to_other,0.0,0.0,
pC1_type:pC1_1a,35.0,peak_rate_hz,cut_vPN1_all_output,0.0,0.0,
pC1_type:pC1_1a,35.0,peak_rate_hz,silence_aPN1,0.0,0.0,
pC1_type:pC1_1a,35.0,evoked_spikes_per_neuron_per_pulse,silence_vPN1,0.0,0.0,
pC1_type:pC1_1a,35.0,evoked_spikes_per_neuron_per_pulse,cut_vPN1_to_pC1,0.0,0.0,
pC1_type:pC1_1a,35.0,evoked_spikes_per_neuron_per_pulse,cut_vPN1_to_other,0.0,0.0,
pC1_type:pC1_1a,35.0,evoked_spikes_per_neuron_per_pulse,cut_vPN1_all_output,0.0,0.0,
pC1_type:pC1_1a,35.0,evoked_spikes_per_neuron_per_pulse,silence_aPN1,0.0,0.0,
pC1_type:pC1_1a,45.0,peak_rate_hz,silence_vPN1,0.0,0.0,
pC1_type:pC1_1a,45.0,peak_rate_hz,cut_vPN1_to_pC1,0.0,0.0,
pC1_type:pC1_1a,45.0,peak_rate_hz,cut_vPN1_to_other,0.0,0.0,
pC1_type:pC1_1a,45.0,peak_rate_hz,cut_vPN1_all_output,0.0,0.0,
pC1_type:pC1_1a,45.0,peak_rate_hz,silence_aPN1,0.0,0.0,
pC1_type:pC1_1a,45.0,evoked_spikes_per_neuron_per_pulse,silence_vPN1,0.0,0.0,
pC1_type:pC1_1a,45.0,evoked_spikes_per_neuron_per_pulse,cut_vPN1_to_pC1,0.0,0.0,
pC1_type:pC1_1a,45.0,evoked_spikes_per_neuron_per_pulse,cut_vPN1_to_other,0.0,0.0,
pC1_type:pC1_1a,45.0,evoked_spikes_per_neuron_per_pulse,cut_vPN1_all_output,0.0,0.0,
pC1_type:pC1_1a,45.0,evoked_spikes_per_neuron_per_pulse,silence_aPN1,0.0,0.0,
pC1_type:pC1_1a,55.0,peak_rate_hz,silence_vPN1,0.0,0.0,
pC1_type:pC1_1a,55.0,peak_rate_hz,cut_vPN1_to_pC1,0.0,0.0,
pC1_type:pC1_1a,55.0,peak_rate_hz,cut_vPN1_to_other,0.0,0.0,
pC1_type:pC1_1a,55.0,peak_rate_hz,cut_vPN1_all_output,0.0,0.0,
pC1_type:pC1_1a,55.0,peak_rate_hz,silence_aPN1,0.0,0.0,
pC1_type:pC1_1a,55.0,evoked_spikes_per_neuron_per_pulse,silence_vPN1,0.0,0.0,
pC1_type:pC1_1a,55.0,evoked_spikes_per_neuron_per_pulse,cut_vPN1_to_pC1,0.0,0.0,
pC1_type:pC1_1a,55.0,evoked_spikes_per_neuron_per_pulse,cut_vPN1_to_other,0.0,0.0,
pC1_type:pC1_1a,55.0,evoked_spikes_per_neuron_per_pulse,cut_vPN1_all_output,0.0,0.0,
pC1_type:pC1_1a,55.0,evoked_spikes_per_neuron_per_pulse,silence_aPN1,0.0,0.0,
pC1_type:pC1_1a,65.0,peak_rate_hz,silence_vPN1,0.0,0.0,
pC1_type:pC1_1a,65.0,peak_rate_hz,cut_vPN1_to_pC1,0.0,0.0,
pC1_type:pC1_1a,65.0,peak_rate_hz,cut_vPN1_to_other,0.0,0.0,
pC1_type:pC1_1a,65.0,peak_rate_hz,cut_vPN1_all_output,0.0,0.0,
pC1_type:pC1_1a,65.0,peak_rate_hz,silence_aPN1,0.0,0.0,
pC1_type:pC1_1a,65.0,evoked_spikes_per_neuron_per_pulse,silence_vPN1,0.0,0.0,
pC1_type:pC1_1a,65.0,evoked_spikes_per_neuron_per_pulse,cut_vPN1_to_pC1,0.0,0.0,
pC1_type:pC1_1a,65.0,evoked_spikes_per_neuron_per_pulse,cut_vPN1_to_other,0.0,0.0,
pC1_type:pC1_1a,65.0,evoked_spikes_per_neuron_per_pulse,cut_vPN1_all_output,0.0,0.0,
pC1_type:pC1_1a,65.0,evoked_spikes_per_neuron_per_pulse,silence_aPN1,0.0,0.0,
pC1_type:pC1_1a,75.0,peak_rate_hz,silence_vPN1,0.0,0.0,
pC1_type:pC1_1a,75.0,peak_rate_hz,cut_vPN1_to_pC1,0.0,0.0,
pC1_type:pC1_1a,75.0,peak_rate_hz,cut_vPN1_to_other,0.0,0.0,
pC1_type:pC1_1a,75.0,peak_rate_hz,cut_vPN1_all_output,0.0,0.0,
pC1_type:pC1_1a,75.0,peak_rate_hz,silence_aPN1,0.0,0.0,
pC1_type:pC1_1a,75.0,evoked_spikes_per_neuron_per_pulse,silence_vPN1,0.0,0.0,
pC1_type:pC1_1a,75.0,evoked_spikes_per_neuron_per_pulse,cut_vPN1_to_pC1,0.0,0.0,
pC1_type:pC1_1a,75.0,evoked_spikes_per_neuron_per_pulse,cut_vPN1_to_other,0.0,0.0,
pC1_type:pC1_1a,75.0,evoked_spikes_per_neuron_per_pulse,cut_vPN1_all_output,0.0,0.0,
pC1_type:pC1_1a,75.0,evoked_spikes_per_neuron_per_pulse,silence_aPN1,0.0,0.0,
pC1_type:pC1_1a,85.0,peak_rate_hz,silence_vPN1,0.0,0.0,
pC1_type:pC1_1a,85.0,peak_rate_hz,cut_vPN1_to_pC1,0.0,0.0,
pC1_type:pC1_1a,85.0,peak_rate_hz,cut_vPN1_to_other,0.0,0.0,
pC1_type:pC1_1a,85.0,peak_rate_hz,cut_vPN1_all_output,0.0,0.0,
pC1_type:pC1_1a,85.0,peak_rate_hz,silence_aPN1,0.0,0.0,
pC1_type:pC1_1a,85.0,evoked_spikes_per_neuron_per_pulse,silence_vPN1,0.0,0.0,
pC1_type:pC1_1a,85.0,evoked_spikes_per_neuron_per_pulse,cut_vPN1_to_pC1,0.0,0.0,
pC1_type:pC1_1a,85.0,evoked_spikes_per_neuron_per_pulse,cut_vPN1_to_other,0.0,0.0,
pC1_type:pC1_1a,85.0,evoked_spikes_per_neuron_per_pulse,cut_vPN1_all_output,0.0,0.0,
pC1_type:pC1_1a,85.0,evoked_spikes_per_neuron_per_pulse,silence_aPN1,0.0,0.0,
pC1_type:pC1_1a,95.0,peak_rate_hz,silence_vPN1,0.0,0.0,
pC1_type:pC1_1a,95.0,peak_rate_hz,cut_vPN1_to_pC1,0.0,0.0,
pC1_type:pC1_1a,95.0,peak_rate_hz,cut_vPN1_to_other,0.0,0.0,
pC1_type:pC1_1a,95.0,peak_rate_hz,cut_vPN1_all_output,0.0,0.0,
pC1_type:pC1_1a,95.0,peak_rate_hz,silence_aPN1,0.0,0.0,
pC1_type:pC1_1a,95.0,evoked_spikes_per_neuron_per_pulse,silence_vPN1,0.0,0.0,
pC1_type:pC1_1a,95.0,evoked_spikes_per_neuron_per_pulse,cut_vPN1_to_pC1,0.0,0.0,
pC1_type:pC1_1a,95.0,evoked_spikes_per_neuron_per_pulse,cut_vPN1_to_other,0.0,0.0,
pC1_type:pC1_1a,95.0,evoked_spikes_per_neuron_per_pulse,cut_vPN1_all_output,0.0,0.0,
pC1_type:pC1_1a,95.0,evoked_spikes_per_neuron_per_pulse,silence_aPN1,0.0,0.0,
pC1_type:pC1_1b,15.0,peak_rate_hz,silence_vPN1,20.0,15.0,25.0
pC1_type:pC1_1b,15.0,peak_rate_hz,cut_vPN1_to_pC1,20.0,20.0,0.0
pC1_type:pC1_1b,15.0,peak_rate_hz,cut_vPN1_to_other,20.0,25.0,-25.0
pC1_type:pC1_1b,15.0,peak_rate_hz,cut_vPN1_all_output,20.0,15.0,25.0
pC1_type:pC1_1b,15.0,peak_rate_hz,silence_aPN1,20.0,25.0,-25.0
pC1_type:pC1_1b,15.0,evoked_spikes_per_neuron_per_pulse,silence_vPN1,0.15,0.0625,58.333333333333336
pC1_type:pC1_1b,15.0,evoked_spikes_per_neuron_per_pulse,cut_vPN1_to_pC1,0.15,0.1125,24.999999999999996
pC1_type:pC1_1b,15.0,evoked_spikes_per_neuron_per_pulse,cut_vPN1_to_other,0.15,0.1375,8.333333333333321
pC1_type:pC1_1b,15.0,evoked_spikes_per_neuron_per_pulse,cut_vPN1_all_output,0.15,0.0625,58.333333333333336
pC1_type:pC1_1b,15.0,evoked_spikes_per_neuron_per_pulse,silence_aPN1,0.15,0.15,0.0
pC1_type:pC1_1b,25.0,peak_rate_hz,silence_vPN1,40.0,45.0,-12.5
pC1_type:pC1_1b,25.0,peak_rate_hz,cut_vPN1_to_pC1,40.0,30.0,25.0
pC1_type:pC1_1b,25.0,peak_rate_hz,cut_vPN1_to_other,40.0,40.0,0.0
pC1_type:pC1_1b,25.0,peak_rate_hz,cut_vPN1_all_output,40.0,45.0,-12.5
pC1_type:pC1_1b,25.0,peak_rate_hz,silence_aPN1,40.0,45.0,-12.5
pC1_type:pC1_1b,25.0,evoked_spikes_per_neuron_per_pulse,silence_vPN1,0.6375,0.7,-9.803921568627452
pC1_type:pC1_1b,25.0,evoked_spikes_per_neuron_per_pulse,cut_vPN1_to_pC1,0.6375,0.4,37.2549019607843
pC1_type:pC1_1b,25.0,evoked_spikes_per_neuron_per_pulse,cut_vPN1_to_other,0.6375,0.75,-17.64705882352942
pC1_type:pC1_1b,25.0,evoked_spikes_per_neuron_per_pulse,cut_vPN1_all_output,0.6375,0.7,-9.803921568627452
pC1_type:pC1_1b,25.0,evoked_spikes_per_neuron_per_pulse,silence_aPN1,0.6375,0.5875,7.84313725490195
pC1_type:pC1_1b,35.0,peak_rate_hz,silence_vPN1,30.0,30.0,0.0
pC1_type:pC1_1b,35.0,peak_rate_hz,cut_vPN1_to_pC1,30.0,30.0,0.0
pC1_type:pC1_1b,35.0,peak_rate_hz,cut_vPN1_to_other,30.0,30.0,0.0
pC1_type:pC1_1b,35.0,peak_rate_hz,cut_vPN1_all_output,30.0,30.0,0.0
pC1_type:pC1_1b,35.0,peak_rate_hz,silence_aPN1,30.0,30.0,0.0
pC1_type:pC1_1b,35.0,evoked_spikes_per_neuron_per_pulse,silence_vPN1,0.9875,0.9,8.860759493670887
pC1_type:pC1_1b,35.0,evoked_spikes_per_neuron_per_pulse,cut_vPN1_to_pC1,0.9875,0.925,6.329113924050633
pC1_type:pC1_1b,35.0,evoked_spikes_per_neuron_per_pulse,cut_vPN1_to_other,0.9875,0.825,16.45569620253165
pC1_type:pC1_1b,35.0,evoked_spikes_per_neuron_per_pulse,cut_vPN1_all_output,0.9875,0.9,8.860759493670887
pC1_type:pC1_1b,35.0,evoked_spikes_per_neuron_per_pulse,silence_aPN1,0.9875,0.8125,17.721518987341774
pC1_type:pC1_1b,45.0,peak_rate_hz,silence_vPN1,30.0,30.0,0.0
pC1_type:pC1_1b,45.0,peak_rate_hz,cut_vPN1_to_pC1,30.0,30.0,0.0
pC1_type:pC1_1b,45.0,peak_rate_hz,cut_vPN1_to_other,30.0,30.0,0.0
pC1_type:pC1_1b,45.0,peak_rate_hz,cut_vPN1_all_output,30.0,30.0,0.0
pC1_type:pC1_1b,45.0,peak_rate_hz,silence_aPN1,30.0,30.0,0.0
pC1_type:pC1_1b,45.0,evoked_spikes_per_neuron_per_pulse,silence_vPN1,0.975,1.0,-2.5641025641025665
pC1_type:pC1_1b,45.0,evoked_spikes_per_neuron_per_pulse,cut_vPN1_to_pC1,0.975,0.975,0.0
pC1_type:pC1_1b,45.0,evoked_spikes_per_neuron_per_pulse,cut_vPN1_to_other,0.975,0.9375,3.846153846153844
pC1_type:pC1_1b,45.0,evoked_spikes_per_neuron_per_pulse,cut_vPN1_all_output,0.975,1.0,-2.5641025641025665
pC1_type:pC1_1b,45.0,evoked_spikes_per_neuron_per_pulse,silence_aPN1,0.975,0.8375,14.102564102564099
pC1_type:pC1_1b,55.0,peak_rate_hz,silence_vPN1,20.0,20.0,0.0
pC1_type:pC1_1b,55.0,peak_rate_hz,cut_vPN1_to_pC1,20.0,20.0,0.0
pC1_type:pC1_1b,55.0,peak_rate_hz,cut_vPN1_to_other,20.0,20.0,0.0
pC1_type:pC1_1b,55.0,peak_rate_hz,cut_vPN1_all_output,20.0,20.0,0.0
pC1_type:pC1_1b,55.0,peak_rate_hz,silence_aPN1,20.0,20.0,0.0
pC1_type:pC1_1b,55.0,evoked_spikes_per_neuron_per_pulse,silence_vPN1,1.0,1.0,0.0
pC1_type:pC1_1b,55.0,evoked_spikes_per_neuron_per_pulse,cut_vPN1_to_pC1,1.0,1.0,0.0
pC1_type:pC1_1b,55.0,evoked_spikes_per_neuron_per_pulse,cut_vPN1_to_other,1.0,0.9125,8.750000000000002
pC1_type:pC1_1b,55.0,evoked_spikes_per_neuron_per_pulse,cut_vPN1_all_output,1.0,1.0,0.0
pC1_type:pC1_1b,55.0,evoked_spikes_per_neuron_per_pulse,silence_aPN1,1.0,0.95,5.000000000000004
pC1_type:pC1_1b,65.0,peak_rate_hz,silence_vPN1,20.0,20.0,0.0
pC1_type:pC1_1b,65.0,peak_rate_hz,cut_vPN1_to_pC1,20.0,20.0,0.0
pC1_type:pC1_1b,65.0,peak_rate_hz,cut_vPN1_to_other,20.0,20.0,0.0
pC1_type:pC1_1b,65.0,peak_rate_hz,cut_vPN1_all_output,20.0,20.0,0.0
pC1_type:pC1_1b,65.0,peak_rate_hz,silence_aPN1,20.0,20.0,0.0
pC1_type:pC1_1b,65.0,evoked_spikes_per_neuron_per_pulse,silence_vPN1,1.0,1.0,0.0
pC1_type:pC1_1b,65.0,evoked_spikes_per_neuron_per_pulse,cut_vPN1_to_pC1,1.0,1.0,0.0
pC1_type:pC1_1b,65.0,evoked_spikes_per_neuron_per_pulse,cut_vPN1_to_other,1.0,1.0,0.0
pC1_type:pC1_1b,65.0,evoked_spikes_per_neuron_per_pulse,cut_vPN1_all_output,1.0,1.0,0.0
pC1_type:pC1_1b,65.0,evoked_spikes_per_neuron_per_pulse,silence_aPN1,1.0,1.0,0.0
pC1_type:pC1_1b,75.0,peak_rate_hz,silence_vPN1,20.0,20.0,0.0
pC1_type:pC1_1b,75.0,peak_rate_hz,cut_vPN1_to_pC1,20.0,20.0,0.0
pC1_type:pC1_1b,75.0,peak_rate_hz,cut_vPN1_to_other,20.0,20.0,0.0
pC1_type:pC1_1b,75.0,peak_rate_hz,cut_vPN1_all_output,20.0,20.0,0.0
pC1_type:pC1_1b,75.0,peak_rate_hz,silence_aPN1,20.0,20.0,0.0
pC1_type:pC1_1b,75.0,evoked_spikes_per_neuron_per_pulse,silence_vPN1,1.0,1.0,0.0
pC1_type:pC1_1b,75.0,evoked_spikes_per_neuron_per_pulse,cut_vPN1_to_pC1,1.0,1.0,0.0
pC1_type:pC1_1b,75.0,evoked_spikes_per_neuron_per_pulse,cut_vPN1_to_other,1.0,0.925,7.499999999999996
pC1_type:pC1_1b,75.0,evoked_spikes_per_neuron_per_pulse,cut_vPN1_all_output,1.0,1.0,0.0
pC1_type:pC1_1b,75.0,evoked_spikes_per_neuron_per_pulse,silence_aPN1,1.0,1.0,0.0
pC1_type:pC1_1b,85.0,peak_rate_hz,silence_vPN1,20.0,20.0,0.0
pC1_type:pC1_1b,85.0,peak_rate_hz,cut_vPN1_to_pC1,20.0,20.0,0.0
pC1_type:pC1_1b,85.0,peak_rate_hz,cut_vPN1_to_other,20.0,20.0,0.0
pC1_type:pC1_1b,85.0,peak_rate_hz,cut_vPN1_all_output,20.0,20.0,0.0
pC1_type:pC1_1b,85.0,peak_rate_hz,silence_aPN1,20.0,20.0,0.0
pC1_type:pC1_1b,85.0,evoked_spikes_per_neuron_per_pulse,silence_vPN1,0.975,0.975,0.0
pC1_type:pC1_1b,85.0,evoked_spikes_per_neuron_per_pulse,cut_vPN1_to_pC1,0.975,0.95,2.5641025641025665
pC1_type:pC1_1b,85.0,evoked_spikes_per_neuron_per_pulse,cut_vPN1_to_other,0.975,1.0,-2.5641025641025665
pC1_type:pC1_1b,85.0,evoked_spikes_per_neuron_per_pulse,cut_vPN1_all_output,0.975,0.975,0.0
pC1_type:pC1_1b,85.0,evoked_spikes_per_neuron_per_pulse,silence_aPN1,0.975,1.0,-2.5641025641025665
pC1_type:pC1_1b,95.0,peak_rate_hz,silence_vPN1,20.0,20.0,0.0
pC1_type:pC1_1b,95.0,peak_rate_hz,cut_vPN1_to_pC1,20.0,25.0,-25.0
pC1_type:pC1_1b,95.0,peak_rate_hz,cut_vPN1_to_other,20.0,25.0,-25.0
pC1_type:pC1_1b,95.0,peak_rate_hz,cut_vPN1_all_output,20.0,20.0,0.0
pC1_type:pC1_1b,95.0,peak_rate_hz,silence_aPN1,20.0,20.0,0.0
pC1_type:pC1_1b,95.0,evoked_spikes_per_neuron_per_pulse,silence_vPN1,1.0,1.0,0.0
pC1_type:pC1_1b,95.0,evoked_spikes_per_neuron_per_pulse,cut_vPN1_to_pC1,1.0,1.0125,-1.2499999999999956
pC1_type:pC1_1b,95.0,evoked_spikes_per_neuron_per_pulse,cut_vPN1_to_other,1.0,1.0125,-1.2499999999999956
pC1_type:pC1_1b,95.0,evoked_spikes_per_neuron_per_pulse,cut_vPN1_all_output,1.0,1.0,0.0
pC1_type:pC1_1b,95.0,evoked_spikes_per_neuron_per_pulse,silence_aPN1,1.0,1.0,0.0
pC1_type:pC1_2a,15.0,peak_rate_hz,silence_vPN1,0.0,0.0,
pC1_type:pC1_2a,15.0,peak_rate_hz,cut_vPN1_to_pC1,0.0,0.0,
pC1_type:pC1_2a,15.0,peak_rate_hz,cut_vPN1_to_other,0.0,0.0,
pC1_type:pC1_2a,15.0,peak_rate_hz,cut_vPN1_all_output,0.0,0.0,
pC1_type:pC1_2a,15.0,peak_rate_hz,silence_aPN1,0.0,0.0,
pC1_type:pC1_2a,15.0,evoked_spikes_per_neuron_per_pulse,silence_vPN1,0.0,0.0,
pC1_type:pC1_2a,15.0,evoked_spikes_per_neuron_per_pulse,cut_vPN1_to_pC1,0.0,0.0,
pC1_type:pC1_2a,15.0,evoked_spikes_per_neuron_per_pulse,cut_vPN1_to_other,0.0,0.0,
pC1_type:pC1_2a,15.0,evoked_spikes_per_neuron_per_pulse,cut_vPN1_all_output,0.0,0.0,
pC1_type:pC1_2a,15.0,evoked_spikes_per_neuron_per_pulse,silence_aPN1,0.0,0.0,
pC1_type:pC1_2a,25.0,peak_rate_hz,silence_vPN1,0.0,0.0,
pC1_type:pC1_2a,25.0,peak_rate_hz,cut_vPN1_to_pC1,0.0,0.0,
pC1_type:pC1_2a,25.0,peak_rate_hz,cut_vPN1_to_other,0.0,0.0,
pC1_type:pC1_2a,25.0,peak_rate_hz,cut_vPN1_all_output,0.0,0.0,
pC1_type:pC1_2a,25.0,peak_rate_hz,silence_aPN1,0.0,0.0,
pC1_type:pC1_2a,25.0,evoked_spikes_per_neuron_per_pulse,silence_vPN1,0.0,0.0,
pC1_type:pC1_2a,25.0,evoked_spikes_per_neuron_per_pulse,cut_vPN1_to_pC1,0.0,0.0,
pC1_type:pC1_2a,25.0,evoked_spikes_per_neuron_per_pulse,cut_vPN1_to_other,0.0,0.0,
pC1_type:pC1_2a,25.0,evoked_spikes_per_neuron_per_pulse,cut_vPN1_all_output,0.0,0.0,
pC1_type:pC1_2a,25.0,evoked_spikes_per_neuron_per_pulse,silence_aPN1,0.0,0.0,
pC1_type:pC1_2a,35.0,peak_rate_hz,silence_vPN1,0.0,0.0,
pC1_type:pC1_2a,35.0,peak_rate_hz,cut_vPN1_to_pC1,0.0,0.0,
pC1_type:pC1_2a,35.0,peak_rate_hz,cut_vPN1_to_other,0.0,0.0,
pC1_type:pC1_2a,35.0,peak_rate_hz,cut_vPN1_all_output,0.0,0.0,
pC1_type:pC1_2a,35.0,peak_rate_hz,silence_aPN1,0.0,0.0,
pC1_type:pC1_2a,35.0,evoked_spikes_per_neuron_per_pulse,silence_vPN1,0.0,0.0,
pC1_type:pC1_2a,35.0,evoked_spikes_per_neuron_per_pulse,cut_vPN1_to_pC1,0.0,0.0,
pC1_type:pC1_2a,35.0,evoked_spikes_per_neuron_per_pulse,cut_vPN1_to_other,0.0,0.0,
pC1_type:pC1_2a,35.0,evoked_spikes_per_neuron_per_pulse,cut_vPN1_all_output,0.0,0.0,
pC1_type:pC1_2a,35.0,evoked_spikes_per_neuron_per_pulse,silence_aPN1,0.0,0.0,
pC1_type:pC1_2a,45.0,peak_rate_hz,silence_vPN1,0.0,0.0,
pC1_type:pC1_2a,45.0,peak_rate_hz,cut_vPN1_to_pC1,0.0,0.0,
pC1_type:pC1_2a,45.0,peak_rate_hz,cut_vPN1_to_other,0.0,0.0,
pC1_type:pC1_2a,45.0,peak_rate_hz,cut_vPN1_all_output,0.0,0.0,
pC1_type:pC1_2a,45.0,peak_rate_hz,silence_aPN1,0.0,0.0,
pC1_type:pC1_2a,45.0,evoked_spikes_per_neuron_per_pulse,silence_vPN1,0.0,0.0,
pC1_type:pC1_2a,45.0,evoked_spikes_per_neuron_per_pulse,cut_vPN1_to_pC1,0.0,0.0,
pC1_type:pC1_2a,45.0,evoked_spikes_per_neuron_per_pulse,cut_vPN1_to_other,0.0,0.0,
pC1_type:pC1_2a,45.0,evoked_spikes_per_neuron_per_pulse,cut_vPN1_all_output,0.0,0.0,
pC1_type:pC1_2a,45.0,evoked_spikes_per_neuron_per_pulse,silence_aPN1,0.0,0.0,
pC1_type:pC1_2a,55.0,peak_rate_hz,silence_vPN1,0.0,0.0,
pC1_type:pC1_2a,55.0,peak_rate_hz,cut_vPN1_to_pC1,0.0,0.0,
pC1_type:pC1_2a,55.0,peak_rate_hz,cut_vPN1_to_other,0.0,0.0,
pC1_type:pC1_2a,55.0,peak_rate_hz,cut_vPN1_all_output,0.0,0.0,
pC1_type:pC1_2a,55.0,peak_rate_hz,silence_aPN1,0.0,0.0,
pC1_type:pC1_2a,55.0,evoked_spikes_per_neuron_per_pulse,silence_vPN1,0.0,0.0,
pC1_type:pC1_2a,55.0,evoked_spikes_per_neuron_per_pulse,cut_vPN1_to_pC1,0.0,0.0,
pC1_type:pC1_2a,55.0,evoked_spikes_per_neuron_per_pulse,cut_vPN1_to_other,0.0,0.0,
pC1_type:pC1_2a,55.0,evoked_spikes_per_neuron_per_pulse,cut_vPN1_all_output,0.0,0.0,
pC1_type:pC1_2a,55.0,evoked_spikes_per_neuron_per_pulse,silence_aPN1,0.0,0.0,
pC1_type:pC1_2a,65.0,peak_rate_hz,silence_vPN1,0.0,0.0,
pC1_type:pC1_2a,65.0,peak_rate_hz,cut_vPN1_to_pC1,0.0,0.0,
pC1_type:pC1_2a,65.0,peak_rate_hz,cut_vPN1_to_other,0.0,0.0,
pC1_type:pC1_2a,65.0,peak_rate_hz,cut_vPN1_all_output,0.0,0.0,
pC1_type:pC1_2a,65.0,peak_rate_hz,silence_aPN1,0.0,0.0,
pC1_type:pC1_2a,65.0,evoked_spikes_per_neuron_per_pulse,silence_vPN1,0.0,0.0,
pC1_type:pC1_2a,65.0,evoked_spikes_per_neuron_per_pulse,cut_vPN1_to_pC1,0.0,0.0,
pC1_type:pC1_2a,65.0,evoked_spikes_per_neuron_per_pulse,cut_vPN1_to_other,0.0,0.0,
pC1_type:pC1_2a,65.0,evoked_spikes_per_neuron_per_pulse,cut_vPN1_all_output,0.0,0.0,
pC1_type:pC1_2a,65.0,evoked_spikes_per_neuron_per_pulse,silence_aPN1,0.0,0.0,
pC1_type:pC1_2a,75.0,peak_rate_hz,silence_vPN1,0.0,0.0,
pC1_type:pC1_2a,75.0,peak_rate_hz,cut_vPN1_to_pC1,0.0,0.0,
pC1_type:pC1_2a,75.0,peak_rate_hz,cut_vPN1_to_other,0.0,0.0,
pC1_type:pC1_2a,75.0,peak_rate_hz,cut_vPN1_all_output,0.0,0.0,
pC1_type:pC1_2a,75.0,peak_rate_hz,silence_aPN1,0.0,0.0,
pC1_type:pC1_2a,75.0,evoked_spikes_per_neuron_per_pulse,silence_vPN1,0.0,0.0,
pC1_type:pC1_2a,75.0,evoked_spikes_per_neuron_per_pulse,cut_vPN1_to_pC1,0.0,0.0,
pC1_type:pC1_2a,75.0,evoked_spikes_per_neuron_per_pulse,cut_vPN1_to_other,0.0,0.0,
pC1_type:pC1_2a,75.0,evoked_spikes_per_neuron_per_pulse,cut_vPN1_all_output,0.0,0.0,
pC1_type:pC1_2a,75.0,evoked_spikes_per_neuron_per_pulse,silence_aPN1,0.0,0.0,
pC1_type:pC1_2a,85.0,peak_rate_hz,silence_vPN1,0.0,0.0,
pC1_type:pC1_2a,85.0,peak_rate_hz,cut_vPN1_to_pC1,0.0,0.0,
pC1_type:pC1_2a,85.0,peak_rate_hz,cut_vPN1_to_other,0.0,0.0,
pC1_type:pC1_2a,85.0,peak_rate_hz,cut_vPN1_all_output,0.0,0.0,
pC1_type:pC1_2a,85.0,peak_rate_hz,silence_aPN1,0.0,0.0,
pC1_type:pC1_2a,85.0,evoked_spikes_per_neuron_per_pulse,silence_vPN1,0.0,0.0,
pC1_type:pC1_2a,85.0,evoked_spikes_per_neuron_per_pulse,cut_vPN1_to_pC1,0.0,0.0,
pC1_type:pC1_2a,85.0,evoked_spikes_per_neuron_per_pulse,cut_vPN1_to_other,0.0,0.0,
pC1_type:pC1_2a,85.0,evoked_spikes_per_neuron_per_pulse,cut_vPN1_all_output,0.0,0.0,
pC1_type:pC1_2a,85.0,evoked_spikes_per_neuron_per_pulse,silence_aPN1,0.0,0.0,
pC1_type:pC1_2a,95.0,peak_rate_hz,silence_vPN1,0.0,0.0,
pC1_type:pC1_2a,95.0,peak_rate_hz,cut_vPN1_to_pC1,0.0,0.0,
pC1_type:pC1_2a,95.0,peak_rate_hz,cut_vPN1_to_other,0.0,0.0,
pC1_type:pC1_2a,95.0,peak_rate_hz,cut_vPN1_all_output,0.0,0.0,
pC1_type:pC1_2a,95.0,peak_rate_hz,silence_aPN1,0.0,0.0,
pC1_type:pC1_2a,95.0,evoked_spikes_per_neuron_per_pulse,silence_vPN1,0.0,0.0,
pC1_type:pC1_2a,95.0,evoked_spikes_per_neuron_per_pulse,cut_vPN1_to_pC1,0.0,0.0,
pC1_type:pC1_2a,95.0,evoked_spikes_per_neuron_per_pulse,cut_vPN1_to_other,0.0,0.0,
pC1_type:pC1_2a,95.0,evoked_spikes_per_neuron_per_pulse,cut_vPN1_all_output,0.0,0.0,
pC1_type:pC1_2a,95.0,evoked_spikes_per_neuron_per_pulse,silence_aPN1,0.0,0.0,
pC1_type:pC1_2b,15.0,peak_rate_hz,silence_vPN1,0.0,0.0,
pC1_type:pC1_2b,15.0,peak_rate_hz,cut_vPN1_to_pC1,0.0,0.0,
pC1_type:pC1_2b,15.0,peak_rate_hz,cut_vPN1_to_other,0.0,0.0,
pC1_type:pC1_2b,15.0,peak_rate_hz,cut_vPN1_all_output,0.0,0.0,
pC1_type:pC1_2b,15.0,peak_rate_hz,silence_aPN1,0.0,0.0,
pC1_type:pC1_2b,15.0,evoked_spikes_per_neuron_per_pulse,silence_vPN1,0.0,0.0,
pC1_type:pC1_2b,15.0,evoked_spikes_per_neuron_per_pulse,cut_vPN1_to_pC1,0.0,0.0,
pC1_type:pC1_2b,15.0,evoked_spikes_per_neuron_per_pulse,cut_vPN1_to_other,0.0,0.0,
pC1_type:pC1_2b,15.0,evoked_spikes_per_neuron_per_pulse,cut_vPN1_all_output,0.0,0.0,
pC1_type:pC1_2b,15.0,evoked_spikes_per_neuron_per_pulse,silence_aPN1,0.0,0.0,
pC1_type:pC1_2b,25.0,peak_rate_hz,silence_vPN1,0.0,0.0,
pC1_type:pC1_2b,25.0,peak_rate_hz,cut_vPN1_to_pC1,0.0,0.0,
pC1_type:pC1_2b,25.0,peak_rate_hz,cut_vPN1_to_other,0.0,0.0,
pC1_type:pC1_2b,25.0,peak_rate_hz,cut_vPN1_all_output,0.0,0.0,
pC1_type:pC1_2b,25.0,peak_rate_hz,silence_aPN1,0.0,0.0,
pC1_type:pC1_2b,25.0,evoked_spikes_per_neuron_per_pulse,silence_vPN1,0.0,0.0,
pC1_type:pC1_2b,25.0,evoked_spikes_per_neuron_per_pulse,cut_vPN1_to_pC1,0.0,0.0,
pC1_type:pC1_2b,25.0,evoked_spikes_per_neuron_per_pulse,cut_vPN1_to_other,0.0,0.0,
pC1_type:pC1_2b,25.0,evoked_spikes_per_neuron_per_pulse,cut_vPN1_all_output,0.0,0.0,
pC1_type:pC1_2b,25.0,evoked_spikes_per_neuron_per_pulse,silence_aPN1,0.0,0.0,
pC1_type:pC1_2b,35.0,peak_rate_hz,silence_vPN1,0.0,0.0,
pC1_type:pC1_2b,35.0,peak_rate_hz,cut_vPN1_to_pC1,0.0,0.0,
pC1_type:pC1_2b,35.0,peak_rate_hz,cut_vPN1_to_other,0.0,0.0,
pC1_type:pC1_2b,35.0,peak_rate_hz,cut_vPN1_all_output,0.0,0.0,
pC1_type:pC1_2b,35.0,peak_rate_hz,silence_aPN1,0.0,0.0,
pC1_type:pC1_2b,35.0,evoked_spikes_per_neuron_per_pulse,silence_vPN1,0.0,0.0,
pC1_type:pC1_2b,35.0,evoked_spikes_per_neuron_per_pulse,cut_vPN1_to_pC1,0.0,0.0,
pC1_type:pC1_2b,35.0,evoked_spikes_per_neuron_per_pulse,cut_vPN1_to_other,0.0,0.0,
pC1_type:pC1_2b,35.0,evoked_spikes_per_neuron_per_pulse,cut_vPN1_all_output,0.0,0.0,
pC1_type:pC1_2b,35.0,evoked_spikes_per_neuron_per_pulse,silence_aPN1,0.0,0.0,
pC1_type:pC1_2b,45.0,peak_rate_hz,silence_vPN1,0.0,5.0,
pC1_type:pC1_2b,45.0,peak_rate_hz,cut_vPN1_to_pC1,0.0,5.0,
pC1_type:pC1_2b,45.0,peak_rate_hz,cut_vPN1_to_other,0.0,0.0,
pC1_type:pC1_2b,45.0,peak_rate_hz,cut_vPN1_all_output,0.0,5.0,
pC1_type:pC1_2b,45.0,peak_rate_hz,silence_aPN1,0.0,0.0,
pC1_type:pC1_2b,45.0,evoked_spikes_per_neuron_per_pulse,silence_vPN1,0.0,0.025,
pC1_type:pC1_2b,45.0,evoked_spikes_per_neuron_per_pulse,cut_vPN1_to_pC1,0.0,0.0125,
pC1_type:pC1_2b,45.0,evoked_spikes_per_neuron_per_pulse,cut_vPN1_to_other,0.0,0.0,
pC1_type:pC1_2b,45.0,evoked_spikes_per_neuron_per_pulse,cut_vPN1_all_output,0.0,0.025,
pC1_type:pC1_2b,45.0,evoked_spikes_per_neuron_per_pulse,silence_aPN1,0.0,0.0,
pC1_type:pC1_2b,55.0,peak_rate_hz,silence_vPN1,0.0,20.0,
pC1_type:pC1_2b,55.0,peak_rate_hz,cut_vPN1_to_pC1,0.0,0.0,
pC1_type:pC1_2b,55.0,peak_rate_hz,cut_vPN1_to_other,0.0,5.0,
pC1_type:pC1_2b,55.0,peak_rate_hz,cut_vPN1_all_output,0.0,20.0,
pC1_type:pC1_2b,55.0,peak_rate_hz,silence_aPN1,0.0,0.0,
pC1_type:pC1_2b,55.0,evoked_spikes_per_neuron_per_pulse,silence_vPN1,0.0,0.0625,
pC1_type:pC1_2b,55.0,evoked_spikes_per_neuron_per_pulse,cut_vPN1_to_pC1,0.0,0.0,
pC1_type:pC1_2b,55.0,evoked_spikes_per_neuron_per_pulse,cut_vPN1_to_other,0.0,0.0125,
pC1_type:pC1_2b,55.0,evoked_spikes_per_neuron_per_pulse,cut_vPN1_all_output,0.0,0.0625,
pC1_type:pC1_2b,55.0,evoked_spikes_per_neuron_per_pulse,silence_aPN1,0.0,0.0,
pC1_type:pC1_2b,65.0,peak_rate_hz,silence_vPN1,0.0,5.0,
pC1_type:pC1_2b,65.0,peak_rate_hz,cut_vPN1_to_pC1,0.0,0.0,
pC1_type:pC1_2b,65.0,peak_rate_hz,cut_vPN1_to_other,0.0,0.0,
pC1_type:pC1_2b,65.0,peak_rate_hz,cut_vPN1_all_output,0.0,5.0,
pC1_type:pC1_2b,65.0,peak_rate_hz,silence_aPN1,0.0,10.0,
pC1_type:pC1_2b,65.0,evoked_spikes_per_neuron_per_pulse,silence_vPN1,0.0,0.0125,
pC1_type:pC1_2b,65.0,evoked_spikes_per_neuron_per_pulse,cut_vPN1_to_pC1,0.0,0.0,
pC1_type:pC1_2b,65.0,evoked_spikes_per_neuron_per_pulse,cut_vPN1_to_other,0.0,0.0,
pC1_type:pC1_2b,65.0,evoked_spikes_per_neuron_per_pulse,cut_vPN1_all_output,0.0,0.0125,
pC1_type:pC1_2b,65.0,evoked_spikes_per_neuron_per_pulse,silence_aPN1,0.0,0.05,
pC1_type:pC1_2b,75.0,peak_rate_hz,silence_vPN1,0.0,10.0,
pC1_type:pC1_2b,75.0,peak_rate_hz,cut_vPN1_to_pC1,0.0,0.0,
pC1_type:pC1_2b,75.0,peak_rate_hz,cut_vPN1_to_other,0.0,0.0,
pC1_type:pC1_2b,75.0,peak_rate_hz,cut_vPN1_all_output,0.0,10.0,
pC1_type:pC1_2b,75.0,peak_rate_hz,silence_aPN1,0.0,0.0,
pC1_type:pC1_2b,75.0,evoked_spikes_per_neuron_per_pulse,silence_vPN1,0.0,0.025,
pC1_type:pC1_2b,75.0,evoked_spikes_per_neuron_per_pulse,cut_vPN1_to_pC1,0.0,0.0,
pC1_type:pC1_2b,75.0,evoked_spikes_per_neuron_per_pulse,cut_vPN1_to_other,0.0,0.0,
pC1_type:pC1_2b,75.0,evoked_spikes_per_neuron_per_pulse,cut_vPN1_all_output,0.0,0.025,
pC1_type:pC1_2b,75.0,evoked_spikes_per_neuron_per_pulse,silence_aPN1,0.0,0.0,
pC1_type:pC1_2b,85.0,peak_rate_hz,silence_vPN1,0.0,0.0,
pC1_type:pC1_2b,85.0,peak_rate_hz,cut_vPN1_to_pC1,0.0,0.0,
pC1_type:pC1_2b,85.0,peak_rate_hz,cut_vPN1_to_other,0.0,0.0,
pC1_type:pC1_2b,85.0,peak_rate_hz,cut_vPN1_all_output,0.0,0.0,
pC1_type:pC1_2b,85.0,peak_rate_hz,silence_aPN1,0.0,0.0,
pC1_type:pC1_2b,85.0,evoked_spikes_per_neuron_per_pulse,silence_vPN1,0.0,0.0,
pC1_type:pC1_2b,85.0,evoked_spikes_per_neuron_per_pulse,cut_vPN1_to_pC1,0.0,0.0,
pC1_type:pC1_2b,85.0,evoked_spikes_per_neuron_per_pulse,cut_vPN1_to_other,0.0,0.0,
pC1_type:pC1_2b,85.0,evoked_spikes_per_neuron_per_pulse,cut_vPN1_all_output,0.0,0.0,
pC1_type:pC1_2b,85.0,evoked_spikes_per_neuron_per_pulse,silence_aPN1,0.0,0.0,
pC1_type:pC1_2b,95.0,peak_rate_hz,silence_vPN1,0.0,10.0,
pC1_type:pC1_2b,95.0,peak_rate_hz,cut_vPN1_to_pC1,0.0,10.0,
pC1_type:pC1_2b,95.0,peak_rate_hz,cut_vPN1_to_other,0.0,5.0,
pC1_type:pC1_2b,95.0,peak_rate_hz,cut_vPN1_all_output,0.0,10.0,
pC1_type:pC1_2b,95.0,peak_rate_hz,silence_aPN1,0.0,0.0,
pC1_type:pC1_2b,95.0,evoked_spikes_per_neuron_per_pulse,silence_vPN1,0.0,0.025,
pC1_type:pC1_2b,95.0,evoked_spikes_per_neuron_per_pulse,cut_vPN1_to_pC1,0.0,0.0375,
pC1_type:pC1_2b,95.0,evoked_spikes_per_neuron_per_pulse,cut_vPN1_to_other,0.0,0.025,
pC1_type:pC1_2b,95.0,evoked_spikes_per_neuron_per_pulse,cut_vPN1_all_output,0.0,0.025,
pC1_type:pC1_2b,95.0,evoked_spikes_per_neuron_per_pulse,silence_aPN1,0.0,0.0,
pC1_type:pC1_2c,15.0,peak_rate_hz,silence_vPN1,10.0,0.0,100.0
pC1_type:pC1_2c,15.0,peak_rate_hz,cut_vPN1_to_pC1,10.0,0.0,100.0
pC1_type:pC1_2c,15.0,peak_rate_hz,cut_vPN1_to_other,10.0,0.0,100.0
pC1_type:pC1_2c,15.0,peak_rate_hz,cut_vPN1_all_output,10.0,0.0,100.0
pC1_type:pC1_2c,15.0,peak_rate_hz,silence_aPN1,10.0,0.0,100.0
pC1_type:pC1_2c,15.0,evoked_spikes_per_neuron_per_pulse,silence_vPN1,0.025,0.0,100.0
pC1_type:pC1_2c,15.0,evoked_spikes_per_neuron_per_pulse,cut_vPN1_to_pC1,0.025,0.0,100.0
pC1_type:pC1_2c,15.0,evoked_spikes_per_neuron_per_pulse,cut_vPN1_to_other,0.025,0.0,100.0
pC1_type:pC1_2c,15.0,evoked_spikes_per_neuron_per_pulse,cut_vPN1_all_output,0.025,0.0,100.0
pC1_type:pC1_2c,15.0,evoked_spikes_per_neuron_per_pulse,silence_aPN1,0.025,0.0,100.0
pC1_type:pC1_2c,25.0,peak_rate_hz,silence_vPN1,0.0,0.0,
pC1_type:pC1_2c,25.0,peak_rate_hz,cut_vPN1_to_pC1,0.0,0.0,
pC1_type:pC1_2c,25.0,peak_rate_hz,cut_vPN1_to_other,0.0,0.0,
pC1_type:pC1_2c,25.0,peak_rate_hz,cut_vPN1_all_output,0.0,0.0,
pC1_type:pC1_2c,25.0,peak_rate_hz,silence_aPN1,0.0,0.0,
pC1_type:pC1_2c,25.0,evoked_spikes_per_neuron_per_pulse,silence_vPN1,0.0,0.0,
pC1_type:pC1_2c,25.0,evoked_spikes_per_neuron_per_pulse,cut_vPN1_to_pC1,0.0,0.0,
pC1_type:pC1_2c,25.0,evoked_spikes_per_neuron_per_pulse,cut_vPN1_to_other,0.0,0.0,
pC1_type:pC1_2c,25.0,evoked_spikes_per_neuron_per_pulse,cut_vPN1_all_output,0.0,0.0,
pC1_type:pC1_2c,25.0,evoked_spikes_per_neuron_per_pulse,silence_aPN1,0.0,0.0,
pC1_type:pC1_2c,35.0,peak_rate_hz,silence_vPN1,0.0,0.0,
pC1_type:pC1_2c,35.0,peak_rate_hz,cut_vPN1_to_pC1,0.0,0.0,
pC1_type:pC1_2c,35.0,peak_rate_hz,cut_vPN1_to_other,0.0,0.0,
pC1_type:pC1_2c,35.0,peak_rate_hz,cut_vPN1_all_output,0.0,0.0,
pC1_type:pC1_2c,35.0,peak_rate_hz,silence_aPN1,0.0,0.0,
pC1_type:pC1_2c,35.0,evoked_spikes_per_neuron_per_pulse,silence_vPN1,0.0,0.0,
pC1_type:pC1_2c,35.0,evoked_spikes_per_neuron_per_pulse,cut_vPN1_to_pC1,0.0,0.0,
pC1_type:pC1_2c,35.0,evoked_spikes_per_neuron_per_pulse,cut_vPN1_to_other,0.0,0.0,
pC1_type:pC1_2c,35.0,evoked_spikes_per_neuron_per_pulse,cut_vPN1_all_output,0.0,0.0,
pC1_type:pC1_2c,35.0,evoked_spikes_per_neuron_per_pulse,silence_aPN1,0.0,0.0,
pC1_type:pC1_2c,45.0,peak_rate_hz,silence_vPN1,0.0,10.0,
pC1_type:pC1_2c,45.0,peak_rate_hz,cut_vPN1_to_pC1,0.0,0.0,
pC1_type:pC1_2c,45.0,peak_rate_hz,cut_vPN1_to_other,0.0,0.0,
pC1_type:pC1_2c,45.0,peak_rate_hz,cut_vPN1_all_output,0.0,10.0,
pC1_type:pC1_2c,45.0,peak_rate_hz,silence_aPN1,0.0,5.0,
pC1_type:pC1_2c,45.0,evoked_spikes_per_neuron_per_pulse,silence_vPN1,0.0,0.025,
pC1_type:pC1_2c,45.0,evoked_spikes_per_neuron_per_pulse,cut_vPN1_to_pC1,0.0,0.0,
pC1_type:pC1_2c,45.0,evoked_spikes_per_neuron_per_pulse,cut_vPN1_to_other,0.0,0.0,
pC1_type:pC1_2c,45.0,evoked_spikes_per_neuron_per_pulse,cut_vPN1_all_output,0.0,0.025,
pC1_type:pC1_2c,45.0,evoked_spikes_per_neuron_per_pulse,silence_aPN1,0.0,0.0125,
pC1_type:pC1_2c,55.0,peak_rate_hz,silence_vPN1,0.0,20.0,
pC1_type:pC1_2c,55.0,peak_rate_hz,cut_vPN1_to_pC1,0.0,0.0,
pC1_type:pC1_2c,55.0,peak_rate_hz,cut_vPN1_to_other,0.0,10.0,
pC1_type:pC1_2c,55.0,peak_rate_hz,cut_vPN1_all_output,0.0,20.0,
pC1_type:pC1_2c,55.0,peak_rate_hz,silence_aPN1,0.0,0.0,
pC1_type:pC1_2c,55.0,evoked_spikes_per_neuron_per_pulse,silence_vPN1,0.0,0.05,
pC1_type:pC1_2c,55.0,evoked_spikes_per_neuron_per_pulse,cut_vPN1_to_pC1,0.0,0.0,
pC1_type:pC1_2c,55.0,evoked_spikes_per_neuron_per_pulse,cut_vPN1_to_other,0.0,0.025,
pC1_type:pC1_2c,55.0,evoked_spikes_per_neuron_per_pulse,cut_vPN1_all_output,0.0,0.05,
pC1_type:pC1_2c,55.0,evoked_spikes_per_neuron_per_pulse,silence_aPN1,0.0,0.0,
pC1_type:pC1_2c,65.0,peak_rate_hz,silence_vPN1,0.0,0.0,
pC1_type:pC1_2c,65.0,peak_rate_hz,cut_vPN1_to_pC1,0.0,0.0,
pC1_type:pC1_2c,65.0,peak_rate_hz,cut_vPN1_to_other,0.0,0.0,
pC1_type:pC1_2c,65.0,peak_rate_hz,cut_vPN1_all_output,0.0,0.0,
pC1_type:pC1_2c,65.0,peak_rate_hz,silence_aPN1,0.0,5.0,
pC1_type:pC1_2c,65.0,evoked_spikes_per_neuron_per_pulse,silence_vPN1,0.0,0.0,
pC1_type:pC1_2c,65.0,evoked_spikes_per_neuron_per_pulse,cut_vPN1_to_pC1,0.0,0.0,
pC1_type:pC1_2c,65.0,evoked_spikes_per_neuron_per_pulse,cut_vPN1_to_other,0.0,0.0,
pC1_type:pC1_2c,65.0,evoked_spikes_per_neuron_per_pulse,cut_vPN1_all_output,0.0,0.0,
pC1_type:pC1_2c,65.0,evoked_spikes_per_neuron_per_pulse,silence_aPN1,0.0,0.0125,
pC1_type:pC1_2c,75.0,peak_rate_hz,silence_vPN1,0.0,5.0,
pC1_type:pC1_2c,75.0,peak_rate_hz,cut_vPN1_to_pC1,0.0,0.0,
pC1_type:pC1_2c,75.0,peak_rate_hz,cut_vPN1_to_other,0.0,0.0,
pC1_type:pC1_2c,75.0,peak_rate_hz,cut_vPN1_all_output,0.0,5.0,
pC1_type:pC1_2c,75.0,peak_rate_hz,silence_aPN1,0.0,0.0,
pC1_type:pC1_2c,75.0,evoked_spikes_per_neuron_per_pulse,silence_vPN1,0.0,0.0125,
pC1_type:pC1_2c,75.0,evoked_spikes_per_neuron_per_pulse,cut_vPN1_to_pC1,0.0,0.0,
pC1_type:pC1_2c,75.0,evoked_spikes_per_neuron_per_pulse,cut_vPN1_to_other,0.0,0.0,
pC1_type:pC1_2c,75.0,evoked_spikes_per_neuron_per_pulse,cut_vPN1_all_output,0.0,0.0125,
pC1_type:pC1_2c,75.0,evoked_spikes_per_neuron_per_pulse,silence_aPN1,0.0,0.0,
pC1_type:pC1_2c,85.0,peak_rate_hz,silence_vPN1,0.0,0.0,
pC1_type:pC1_2c,85.0,peak_rate_hz,cut_vPN1_to_pC1,0.0,0.0,
pC1_type:pC1_2c,85.0,peak_rate_hz,cut_vPN1_to_other,0.0,0.0,
pC1_type:pC1_2c,85.0,peak_rate_hz,cut_vPN1_all_output,0.0,0.0,
pC1_type:pC1_2c,85.0,peak_rate_hz,silence_aPN1,0.0,0.0,
pC1_type:pC1_2c,85.0,evoked_spikes_per_neuron_per_pulse,silence_vPN1,0.0,0.0,
pC1_type:pC1_2c,85.0,evoked_spikes_per_neuron_per_pulse,cut_vPN1_to_pC1,0.0,0.0,
pC1_type:pC1_2c,85.0,evoked_spikes_per_neuron_per_pulse,cut_vPN1_to_other,0.0,0.0,
pC1_type:pC1_2c,85.0,evoked_spikes_per_neuron_per_pulse,cut_vPN1_all_output,0.0,0.0,
pC1_type:pC1_2c,85.0,evoked_spikes_per_neuron_per_pulse,silence_aPN1,0.0,0.0,
pC1_type:pC1_2c,95.0,peak_rate_hz,silence_vPN1,0.0,5.0,
pC1_type:pC1_2c,95.0,peak_rate_hz,cut_vPN1_to_pC1,0.0,30.0,
pC1_type:pC1_2c,95.0,peak_rate_hz,cut_vPN1_to_other,0.0,0.0,
pC1_type:pC1_2c,95.0,peak_rate_hz,cut_vPN1_all_output,0.0,5.0,
pC1_type:pC1_2c,95.0,peak_rate_hz,silence_aPN1,0.0,0.0,
pC1_type:pC1_2c,95.0,evoked_spikes_per_neuron_per_pulse,silence_vPN1,0.0,0.0125,
pC1_type:pC1_2c,95.0,evoked_spikes_per_neuron_per_pulse,cut_vPN1_to_pC1,0.0,0.0875,
pC1_type:pC1_2c,95.0,evoked_spikes_per_neuron_per_pulse,cut_vPN1_to_other,0.0,0.0,
pC1_type:pC1_2c,95.0,evoked_spikes_per_neuron_per_pulse,cut_vPN1_all_output,0.0,0.0125,
pC1_type:pC1_2c,95.0,evoked_spikes_per_neuron_per_pulse,silence_aPN1,0.0,0.0,
pC1_type:pC1_3a,15.0,peak_rate_hz,silence_vPN1,5.0,0.0,100.0
pC1_type:pC1_3a,15.0,peak_rate_hz,cut_vPN1_to_pC1,5.0,0.0,100.0
pC1_type:pC1_3a,15.0,peak_rate_hz,cut_vPN1_to_other,5.0,5.0,0.0
pC1_type:pC1_3a,15.0,peak_rate_hz,cut_vPN1_all_output,5.0,0.0,100.0
pC1_type:pC1_3a,15.0,peak_rate_hz,silence_aPN1,5.0,5.0,0.0
pC1_type:pC1_3a,15.0,evoked_spikes_per_neuron_per_pulse,silence_vPN1,0.025,0.0,100.0
pC1_type:pC1_3a,15.0,evoked_spikes_per_neuron_per_pulse,cut_vPN1_to_pC1,0.025,0.0,100.0
pC1_type:pC1_3a,15.0,evoked_spikes_per_neuron_per_pulse,cut_vPN1_to_other,0.025,0.0125,50.0
pC1_type:pC1_3a,15.0,evoked_spikes_per_neuron_per_pulse,cut_vPN1_all_output,0.025,0.0,100.0
pC1_type:pC1_3a,15.0,evoked_spikes_per_neuron_per_pulse,silence_aPN1,0.025,0.0125,50.0
pC1_type:pC1_3a,25.0,peak_rate_hz,silence_vPN1,5.0,10.0,-100.0
pC1_type:pC1_3a,25.0,peak_rate_hz,cut_vPN1_to_pC1,5.0,5.0,0.0
pC1_type:pC1_3a,25.0,peak_rate_hz,cut_vPN1_to_other,5.0,5.0,0.0
pC1_type:pC1_3a,25.0,peak_rate_hz,cut_vPN1_all_output,5.0,10.0,-100.0
pC1_type:pC1_3a,25.0,peak_rate_hz,silence_aPN1,5.0,5.0,0.0
pC1_type:pC1_3a,25.0,evoked_spikes_per_neuron_per_pulse,silence_vPN1,0.025,0.025,0.0
pC1_type:pC1_3a,25.0,evoked_spikes_per_neuron_per_pulse,cut_vPN1_to_pC1,0.025,0.05,-100.0
pC1_type:pC1_3a,25.0,evoked_spikes_per_neuron_per_pulse,cut_vPN1_to_other,0.025,0.0125,50.0
pC1_type:pC1_3a,25.0,evoked_spikes_per_neuron_per_pulse,cut_vPN1_all_output,0.025,0.025,0.0
pC1_type:pC1_3a,25.0,evoked_spikes_per_neuron_per_pulse,silence_aPN1,0.025,0.025,0.0
pC1_type:pC1_3a,35.0,peak_rate_hz,silence_vPN1,0.0,0.0,
pC1_type:pC1_3a,35.0,peak_rate_hz,cut_vPN1_to_pC1,0.0,0.0,
pC1_type:pC1_3a,35.0,peak_rate_hz,cut_vPN1_to_other,0.0,0.0,
pC1_type:pC1_3a,35.0,peak_rate_hz,cut_vPN1_all_output,0.0,0.0,
pC1_type:pC1_3a,35.0,peak_rate_hz,silence_aPN1,0.0,10.0,
pC1_type:pC1_3a,35.0,evoked_spikes_per_neuron_per_pulse,silence_vPN1,0.0,0.0,
pC1_type:pC1_3a,35.0,evoked_spikes_per_neuron_per_pulse,cut_vPN1_to_pC1,0.0,0.0,
pC1_type:pC1_3a,35.0,evoked_spikes_per_neuron_per_pulse,cut_vPN1_to_other,0.0,0.0,
pC1_type:pC1_3a,35.0,evoked_spikes_per_neuron_per_pulse,cut_vPN1_all_output,0.0,0.0,
pC1_type:pC1_3a,35.0,evoked_spikes_per_neuron_per_pulse,silence_aPN1,0.0,0.0375,
pC1_type:pC1_3a,45.0,peak_rate_hz,silence_vPN1,15.0,15.0,0.0
pC1_type:pC1_3a,45.0,peak_rate_hz,cut_vPN1_to_pC1,15.0,15.0,0.0
pC1_type:pC1_3a,45.0,peak_rate_hz,cut_vPN1_to_other,15.0,20.0,-33.333333333333336
pC1_type:pC1_3a,45.0,peak_rate_hz,cut_vPN1_all_output,15.0,15.0,0.0
pC1_type:pC1_3a,45.0,peak_rate_hz,silence_aPN1,15.0,10.0,33.333333333333336
pC1_type:pC1_3a,45.0,evoked_spikes_per_neuron_per_pulse,silence_vPN1,0.0375,0.4375,-1066.6666666666667
pC1_type:pC1_3a,45.0,evoked_spikes_per_neuron_per_pulse,cut_vPN1_to_pC1,0.0375,0.2375,-533.3333333333334
pC1_type:pC1_3a,45.0,evoked_spikes_per_neuron_per_pulse,cut_vPN1_to_other,0.0375,0.225,-500.0
pC1_type:pC1_3a,45.0,evoked_spikes_per_neuron_per_pulse,cut_vPN1_all_output,0.0375,0.4375,-1066.6666666666667
pC1_type:pC1_3a,45.0,evoked_spikes_per_neuron_per_pulse,silence_aPN1,0.0375,0.1125,-200.00000000000003
pC1_type:pC1_3a,55.0,peak_rate_hz,silence_vPN1,10.0,20.0,-100.0
pC1_type:pC1_3a,55.0,peak_rate_hz,cut_vPN1_to_pC1,10.0,10.0,0.0
pC1_type:pC1_3a,55.0,peak_rate_hz,cut_vPN1_to_other,10.0,15.0,-50.0
pC1_type:pC1_3a,55.0,peak_rate_hz,cut_vPN1_all_output,10.0,20.0,-100.0
pC1_type:pC1_3a,55.0,peak_rate_hz,silence_aPN1,10.0,20.0,-100.0
pC1_type:pC1_3a,55.0,evoked_spikes_per_neuron_per_pulse,silence_vPN1,0.0375,0.175,-366.66666666666663
pC1_type:pC1_3a,55.0,evoked_spikes_per_neuron_per_pulse,cut_vPN1_to_pC1,0.0375,0.05,-33.33333333333335
pC1_type:pC1_3a,55.0,evoked_spikes_per_neuron_per_pulse,cut_vPN1_to_other,0.0375,0.0875,-133.33333333333334
pC1_type:pC1_3a,55.0,evoked_spikes_per_neuron_per_pulse,cut_vPN1_all_output,0.0375,0.175,-366.66666666666663
pC1_type:pC1_3a,55.0,evoked_spikes_per_neuron_per_pulse,silence_aPN1,0.0375,0.425,-1033.3333333333335
pC1_type:pC1_3a,65.0,peak_rate_hz,silence_vPN1,5.0,10.0,-100.0
pC1_type:pC1_3a,65.0,peak_rate_hz,cut_vPN1_to_pC1,5.0,5.0,0.0
pC1_type:pC1_3a,65.0,peak_rate_hz,cut_vPN1_to_other,5.0,10.0,-100.0
pC1_type:pC1_3a,65.0,peak_rate_hz,cut_vPN1_all_output,5.0,10.0,-100.0
pC1_type:pC1_3a,65.0,peak_rate_hz,silence_aPN1,5.0,25.0,-400.0
pC1_type:pC1_3a,65.0,evoked_spikes_per_neuron_per_pulse,silence_vPN1,0.075,0.1,-33.33333333333335
pC1_type:pC1_3a,65.0,evoked_spikes_per_neuron_per_pulse,cut_vPN1_to_pC1,0.075,0.0375,50.0
pC1_type:pC1_3a,65.0,evoked_spikes_per_neuron_per_pulse,cut_vPN1_to_other,0.075,0.15,-100.0
pC1_type:pC1_3a,65.0,evoked_spikes_per_neuron_per_pulse,cut_vPN1_all_output,0.075,0.1,-33.33333333333335
pC1_type:pC1_3a,65.0,evoked_spikes_per_neuron_per_pulse,silence_aPN1,0.075,0.6625,-783.3333333333334
pC1_type:pC1_3a,75.0,peak_rate_hz,silence_vPN1,0.0,10.0,
pC1_type:pC1_3a,75.0,peak_rate_hz,cut_vPN1_to_pC1,0.0,5.0,
pC1_type:pC1_3a,75.0,peak_rate_hz,cut_vPN1_to_other,0.0,5.0,
pC1_type:pC1_3a,75.0,peak_rate_hz,cut_vPN1_all_output,0.0,10.0,
pC1_type:pC1_3a,75.0,peak_rate_hz,silence_aPN1,0.0,10.0,
pC1_type:pC1_3a,75.0,evoked_spikes_per_neuron_per_pulse,silence_vPN1,0.0,0.025,
pC1_type:pC1_3a,75.0,evoked_spikes_per_neuron_per_pulse,cut_vPN1_to_pC1,0.0,0.0125,
pC1_type:pC1_3a,75.0,evoked_spikes_per_neuron_per_pulse,cut_vPN1_to_other,0.0,0.025,
pC1_type:pC1_3a,75.0,evoked_spikes_per_neuron_per_pulse,cut_vPN1_all_output,0.0,0.025,
pC1_type:pC1_3a,75.0,evoked_spikes_per_neuron_per_pulse,silence_aPN1,0.0,0.025,
pC1_type:pC1_3a,85.0,peak_rate_hz,silence_vPN1,10.0,10.0,0.0
pC1_type:pC1_3a,85.0,peak_rate_hz,cut_vPN1_to_pC1,10.0,5.0,50.0
pC1_type:pC1_3a,85.0,peak_rate_hz,cut_vPN1_to_other,10.0,0.0,100.0
pC1_type:pC1_3a,85.0,peak_rate_hz,cut_vPN1_all_output,10.0,10.0,0.0
pC1_type:pC1_3a,85.0,peak_rate_hz,silence_aPN1,10.0,0.0,100.0
pC1_type:pC1_3a,85.0,evoked_spikes_per_neuron_per_pulse,silence_vPN1,0.05,0.0375,25.000000000000007
pC1_type:pC1_3a,85.0,evoked_spikes_per_neuron_per_pulse,cut_vPN1_to_pC1,0.05,0.025,50.0
pC1_type:pC1_3a,85.0,evoked_spikes_per_neuron_per_pulse,cut_vPN1_to_other,0.05,0.0,100.0
pC1_type:pC1_3a,85.0,evoked_spikes_per_neuron_per_pulse,cut_vPN1_all_output,0.05,0.0375,25.000000000000007
pC1_type:pC1_3a,85.0,evoked_spikes_per_neuron_per_pulse,silence_aPN1,0.05,0.0,100.0
pC1_type:pC1_3a,95.0,peak_rate_hz,silence_vPN1,0.0,10.0,
pC1_type:pC1_3a,95.0,peak_rate_hz,cut_vPN1_to_pC1,0.0,10.0,
pC1_type:pC1_3a,95.0,peak_rate_hz,cut_vPN1_to_other,0.0,10.0,
pC1_type:pC1_3a,95.0,peak_rate_hz,cut_vPN1_all_output,0.0,10.0,
pC1_type:pC1_3a,95.0,peak_rate_hz,silence_aPN1,0.0,0.0,
pC1_type:pC1_3a,95.0,evoked_spikes_per_neuron_per_pulse,silence_vPN1,0.0,0.0875,
pC1_type:pC1_3a,95.0,evoked_spikes_per_neuron_per_pulse,cut_vPN1_to_pC1,0.0,0.0875,
pC1_type:pC1_3a,95.0,evoked_spikes_per_neuron_per_pulse,cut_vPN1_to_other,0.0,0.05,
pC1_type:pC1_3a,95.0,evoked_spikes_per_neuron_per_pulse,cut_vPN1_all_output,0.0,0.0875,
pC1_type:pC1_3a,95.0,evoked_spikes_per_neuron_per_pulse,silence_aPN1,0.0,0.0,
pC1_type:pC1_3b,15.0,peak_rate_hz,silence_vPN1,10.0,10.0,0.0
pC1_type:pC1_3b,15.0,peak_rate_hz,cut_vPN1_to_pC1,10.0,10.0,0.0
pC1_type:pC1_3b,15.0,peak_rate_hz,cut_vPN1_to_other,10.0,0.0,100.0
pC1_type:pC1_3b,15.0,peak_rate_hz,cut_vPN1_all_output,10.0,10.0,0.0
pC1_type:pC1_3b,15.0,peak_rate_hz,silence_aPN1,10.0,20.0,-100.0
pC1_type:pC1_3b,15.0,evoked_spikes_per_neuron_per_pulse,silence_vPN1,0.025,0.025,0.0
pC1_type:pC1_3b,15.0,evoked_spikes_per_neuron_per_pulse,cut_vPN1_to_pC1,0.025,0.025,0.0
pC1_type:pC1_3b,15.0,evoked_spikes_per_neuron_per_pulse,cut_vPN1_to_other,0.025,0.0,100.0
pC1_type:pC1_3b,15.0,evoked_spikes_per_neuron_per_pulse,cut_vPN1_all_output,0.025,0.025,0.0
pC1_type:pC1_3b,15.0,evoked_spikes_per_neuron_per_pulse,silence_aPN1,0.025,0.075,-200.0
pC1_type:pC1_3b,25.0,peak_rate_hz,silence_vPN1,20.0,20.0,0.0
pC1_type:pC1_3b,25.0,peak_rate_hz,cut_vPN1_to_pC1,20.0,10.0,50.0
pC1_type:pC1_3b,25.0,peak_rate_hz,cut_vPN1_to_other,20.0,20.0,0.0
pC1_type:pC1_3b,25.0,peak_rate_hz,cut_vPN1_all_output,20.0,20.0,0.0
pC1_type:pC1_3b,25.0,peak_rate_hz,silence_aPN1,20.0,30.0,-50.0
pC1_type:pC1_3b,25.0,evoked_spikes_per_neuron_per_pulse,silence_vPN1,0.125,0.175,-39.99999999999999
pC1_type:pC1_3b,25.0,evoked_spikes_per_neuron_per_pulse,cut_vPN1_to_pC1,0.125,0.05,60.0
pC1_type:pC1_3b,25.0,evoked_spikes_per_neuron_per_pulse,cut_vPN1_to_other,0.125,0.175,-39.99999999999999
pC1_type:pC1_3b,25.0,evoked_spikes_per_neuron_per_pulse,cut_vPN1_all_output,0.125,0.175,-39.99999999999999
pC1_type:pC1_3b,25.0,evoked_spikes_per_neuron_per_pulse,silence_aPN1,0.125,0.35,-179.99999999999997
pC1_type:pC1_3b,35.0,peak_rate_hz,silence_vPN1,0.0,10.0,
pC1_type:pC1_3b,35.0,peak_rate_hz,cut_vPN1_to_pC1,0.0,10.0,
pC1_type:pC1_3b,35.0,peak_rate_hz,cut_vPN1_to_other,0.0,0.0,
pC1_type:pC1_3b,35.0,peak_rate_hz,cut_vPN1_all_output,0.0,10.0,
pC1_type:pC1_3b,35.0,peak_rate_hz,silence_aPN1,0.0,10.0,
pC1_type:pC1_3b,35.0,evoked_spikes_per_neuron_per_pulse,silence_vPN1,0.0,0.025,
pC1_type:pC1_3b,35.0,evoked_spikes_per_neuron_per_pulse,cut_vPN1_to_pC1,0.0,0.025,
pC1_type:pC1_3b,35.0,evoked_spikes_per_neuron_per_pulse,cut_vPN1_to_other,0.0,0.0,
pC1_type:pC1_3b,35.0,evoked_spikes_per_neuron_per_pulse,cut_vPN1_all_output,0.0,0.025,
pC1_type:pC1_3b,35.0,evoked_spikes_per_neuron_per_pulse,silence_aPN1,0.0,0.05,
pC1_type:pC1_3b,45.0,peak_rate_hz,silence_vPN1,20.0,30.0,-50.0
pC1_type:pC1_3b,45.0,peak_rate_hz,cut_vPN1_to_pC1,20.0,20.0,0.0
pC1_type:pC1_3b,45.0,peak_rate_hz,cut_vPN1_to_other,20.0,30.0,-50.0
pC1_type:pC1_3b,45.0,peak_rate_hz,cut_vPN1_all_output,20.0,30.0,-50.0
pC1_type:pC1_3b,45.0,peak_rate_hz,silence_aPN1,20.0,10.0,50.0
pC1_type:pC1_3b,45.0,evoked_spikes_per_neuron_per_pulse,silence_vPN1,0.2,0.5,-150.0
pC1_type:pC1_3b,45.0,evoked_spikes_per_neuron_per_pulse,cut_vPN1_to_pC1,0.2,0.35,-74.99999999999997
pC1_type:pC1_3b,45.0,evoked_spikes_per_neuron_per_pulse,cut_vPN1_to_other,0.2,0.375,-87.5
pC1_type:pC1_3b,45.0,evoked_spikes_per_neuron_per_pulse,cut_vPN1_all_output,0.2,0.5,-150.0
pC1_type:pC1_3b,45.0,evoked_spikes_per_neuron_per_pulse,silence_aPN1,0.2,0.05,75.0
pC1_type:pC1_3b,55.0,peak_rate_hz,silence_vPN1,10.0,20.0,-100.0
pC1_type:pC1_3b,55.0,peak_rate_hz,cut_vPN1_to_pC1,10.0,10.0,0.0
pC1_type:pC1_3b,55.0,peak_rate_hz,cut_vPN1_to_other,10.0,10.0,0.0
pC1_type:pC1_3b,55.0,peak_rate_hz,cut_vPN1_all_output,10.0,20.0,-100.0
pC1_type:pC1_3b,55.0,peak_rate_hz,silence_aPN1,10.0,20.0,-100.0
pC1_type:pC1_3b,55.0,evoked_spikes_per_neuron_per_pulse,silence_vPN1,0.05,0.05,0.0
pC1_type:pC1_3b,55.0,evoked_spikes_per_neuron_per_pulse,cut_vPN1_to_pC1,0.05,0.075,-49.999999999999986
pC1_type:pC1_3b,55.0,evoked_spikes_per_neuron_per_pulse,cut_vPN1_to_other,0.05,0.025,50.0
pC1_type:pC1_3b,55.0,evoked_spikes_per_neuron_per_pulse,cut_vPN1_all_output,0.05,0.05,0.0
pC1_type:pC1_3b,55.0,evoked_spikes_per_neuron_per_pulse,silence_aPN1,0.05,0.1,-100.0
pC1_type:pC1_3b,65.0,peak_rate_hz,silence_vPN1,10.0,10.0,0.0
pC1_type:pC1_3b,65.0,peak_rate_hz,cut_vPN1_to_pC1,10.0,10.0,0.0
pC1_type:pC1_3b,65.0,peak_rate_hz,cut_vPN1_to_other,10.0,10.0,0.0
pC1_type:pC1_3b,65.0,peak_rate_hz,cut_vPN1_all_output,10.0,10.0,0.0
pC1_type:pC1_3b,65.0,peak_rate_hz,silence_aPN1,10.0,20.0,-100.0
pC1_type:pC1_3b,65.0,evoked_spikes_per_neuron_per_pulse,silence_vPN1,0.125,0.05,60.0
pC1_type:pC1_3b,65.0,evoked_spikes_per_neuron_per_pulse,cut_vPN1_to_pC1,0.125,0.075,40.0
pC1_type:pC1_3b,65.0,evoked_spikes_per_neuron_per_pulse,cut_vPN1_to_other,0.125,0.1,19.999999999999996
pC1_type:pC1_3b,65.0,evoked_spikes_per_neuron_per_pulse,cut_vPN1_all_output,0.125,0.05,60.0
pC1_type:pC1_3b,65.0,evoked_spikes_per_neuron_per_pulse,silence_aPN1,0.125,0.725,-480.0
pC1_type:pC1_3b,75.0,peak_rate_hz,silence_vPN1,0.0,0.0,
pC1_type:pC1_3b,75.0,peak_rate_hz,cut_vPN1_to_pC1,0.0,0.0,
pC1_type:pC1_3b,75.0,peak_rate_hz,cut_vPN1_to_other,0.0,0.0,
pC1_type:pC1_3b,75.0,peak_rate_hz,cut_vPN1_all_output,0.0,0.0,
pC1_type:pC1_3b,75.0,peak_rate_hz,silence_aPN1,0.0,20.0,
pC1_type:pC1_3b,75.0,evoked_spikes_per_neuron_per_pulse,silence_vPN1,0.0,0.0,
pC1_type:pC1_3b,75.0,evoked_spikes_per_neuron_per_pulse,cut_vPN1_to_pC1,0.0,0.0,
pC1_type:pC1_3b,75.0,evoked_spikes_per_neuron_per_pulse,cut_vPN1_to_other,0.0,0.0,
pC1_type:pC1_3b,75.0,evoked_spikes_per_neuron_per_pulse,cut_vPN1_all_output,0.0,0.0,
pC1_type:pC1_3b,75.0,evoked_spikes_per_neuron_per_pulse,silence_aPN1,0.0,1.0,
pC1_type:pC1_3b,85.0,peak_rate_hz,silence_vPN1,10.0,10.0,0.0
pC1_type:pC1_3b,85.0,peak_rate_hz,cut_vPN1_to_pC1,10.0,0.0,100.0
pC1_type:pC1_3b,85.0,peak_rate_hz,cut_vPN1_to_other,10.0,0.0,100.0
pC1_type:pC1_3b,85.0,peak_rate_hz,cut_vPN1_all_output,10.0,10.0,0.0
pC1_type:pC1_3b,85.0,peak_rate_hz,silence_aPN1,10.0,20.0,-100.0
pC1_type:pC1_3b,85.0,evoked_spikes_per_neuron_per_pulse,silence_vPN1,0.025,0.025,0.0
pC1_type:pC1_3b,85.0,evoked_spikes_per_neuron_per_pulse,cut_vPN1_to_pC1,0.025,0.0,100.0
pC1_type:pC1_3b,85.0,evoked_spikes_per_neuron_per_pulse,cut_vPN1_to_other,0.025,0.0,100.0
pC1_type:pC1_3b,85.0,evoked_spikes_per_neuron_per_pulse,cut_vPN1_all_output,0.025,0.025,0.0
pC1_type:pC1_3b,85.0,evoked_spikes_per_neuron_per_pulse,silence_aPN1,0.025,1.0,-3900.0
pC1_type:pC1_3b,95.0,peak_rate_hz,silence_vPN1,0.0,10.0,
pC1_type:pC1_3b,95.0,peak_rate_hz,cut_vPN1_to_pC1,0.0,10.0,
pC1_type:pC1_3b,95.0,peak_rate_hz,cut_vPN1_to_other,0.0,10.0,
pC1_type:pC1_3b,95.0,peak_rate_hz,cut_vPN1_all_output,0.0,10.0,
pC1_type:pC1_3b,95.0,peak_rate_hz,silence_aPN1,0.0,20.0,
pC1_type:pC1_3b,95.0,evoked_spikes_per_neuron_per_pulse,silence_vPN1,0.0,0.075,
pC1_type:pC1_3b,95.0,evoked_spikes_per_neuron_per_pulse,cut_vPN1_to_pC1,0.0,0.025,
pC1_type:pC1_3b,95.0,evoked_spikes_per_neuron_per_pulse,cut_vPN1_to_other,0.0,0.025,
pC1_type:pC1_3b,95.0,evoked_spikes_per_neuron_per_pulse,cut_vPN1_all_output,0.0,0.075,
pC1_type:pC1_3b,95.0,evoked_spikes_per_neuron_per_pulse,silence_aPN1,0.0,1.0,
pC1_type:pC1_3c,15.0,peak_rate_hz,silence_vPN1,6.666666666666667,6.666666666666667,0.0
pC1_type:pC1_3c,15.0,peak_rate_hz,cut_vPN1_to_pC1,6.666666666666667,6.666666666666667,0.0
pC1_type:pC1_3c,15.0,peak_rate_hz,cut_vPN1_to_other,6.666666666666667,6.666666666666667,0.0
pC1_type:pC1_3c,15.0,peak_rate_hz,cut_vPN1_all_output,6.666666666666667,6.666666666666667,0.0
pC1_type:pC1_3c,15.0,peak_rate_hz,silence_aPN1,6.666666666666667,16.666666666666668,-150.0
pC1_type:pC1_3c,15.0,evoked_spikes_per_neuron_per_pulse,silence_vPN1,0.025,0.016666666666666666,33.333333333333336
pC1_type:pC1_3c,15.0,evoked_spikes_per_neuron_per_pulse,cut_vPN1_to_pC1,0.025,0.03333333333333333,-33.33333333333332
pC1_type:pC1_3c,15.0,evoked_spikes_per_neuron_per_pulse,cut_vPN1_to_other,0.025,0.016666666666666666,33.333333333333336
pC1_type:pC1_3c,15.0,evoked_spikes_per_neuron_per_pulse,cut_vPN1_all_output,0.025,0.016666666666666666,33.333333333333336
pC1_type:pC1_3c,15.0,evoked_spikes_per_neuron_per_pulse,silence_aPN1,0.025,0.09166666666666666,-266.6666666666666
pC1_type:pC1_3c,25.0,peak_rate_hz,silence_vPN1,10.0,6.666666666666667,33.33333333333333
pC1_type:pC1_3c,25.0,peak_rate_hz,cut_vPN1_to_pC1,10.0,6.666666666666667,33.33333333333333
pC1_type:pC1_3c,25.0,peak_rate_hz,cut_vPN1_to_other,10.0,6.666666666666667,33.33333333333333
pC1_type:pC1_3c,25.0,peak_rate_hz,cut_vPN1_all_output,10.0,6.666666666666667,33.33333333333333
pC1_type:pC1_3c,25.0,peak_rate_hz,silence_aPN1,10.0,20.0,-100.0
pC1_type:pC1_3c,25.0,evoked_spikes_per_neuron_per_pulse,silence_vPN1,0.058333333333333334,0.016666666666666666,71.42857142857143
pC1_type:pC1_3c,25.0,evoked_spikes_per_neuron_per_pulse,cut_vPN1_to_pC1,0.058333333333333334,0.025,57.142857142857146
pC1_type:pC1_3c,25.0,evoked_spikes_per_neuron_per_pulse,cut_vPN1_to_other,0.058333333333333334,0.08333333333333333,-42.85714285714285
pC1_type:pC1_3c,25.0,evoked_spikes_per_neuron_per_pulse,cut_vPN1_all_output,0.058333333333333334,0.016666666666666666,71.42857142857143
pC1_type:pC1_3c,25.0,evoked_spikes_per_neuron_per_pulse,silence_aPN1,0.058333333333333334,0.2833333333333333,-385.71428571428567
pC1_type:pC1_3c,35.0,peak_rate_hz,silence_vPN1,6.666666666666667,10.0,-49.99999999999999
pC1_type:pC1_3c,35.0,peak_rate_hz,cut_vPN1_to_pC1,6.666666666666667,6.666666666666667,0.0
pC1_type:pC1_3c,35.0,peak_rate_hz,cut_vPN1_to_other,6.666666666666667,6.666666666666667,0.0
pC1_type:pC1_3c,35.0,peak_rate_hz,cut_vPN1_all_output,6.666666666666667,10.0,-49.99999999999999
pC1_type:pC1_3c,35.0,peak_rate_hz,silence_aPN1,6.666666666666667,13.333333333333334,-100.0
pC1_type:pC1_3c,35.0,evoked_spikes_per_neuron_per_pulse,silence_vPN1,0.041666666666666664,0.058333333333333334,-40.00000000000001
pC1_type:pC1_3c,35.0,evoked_spikes_per_neuron_per_pulse,cut_vPN1_to_pC1,0.041666666666666664,0.03333333333333333,19.999999999999996
pC1_type:pC1_3c,35.0,evoked_spikes_per_neuron_per_pulse,cut_vPN1_to_other,0.041666666666666664,0.016666666666666666,60.0
pC1_type:pC1_3c,35.0,evoked_spikes_per_neuron_per_pulse,cut_vPN1_all_output,0.041666666666666664,0.058333333333333334,-40.00000000000001
pC1_type:pC1_3c,35.0,evoked_spikes_per_neuron_per_pulse,silence_aPN1,0.041666666666666664,0.16666666666666666,-300.0
pC1_type:pC1_3c,45.0,peak_rate_hz,silence_vPN1,13.333333333333334,13.333333333333334,0.0
pC1_type:pC1_3c,45.0,peak_rate_hz,cut_vPN1_to_pC1,13.333333333333334,13.333333333333334,0.0
pC1_type:pC1_3c,45.0,peak_rate_hz,cut_vPN1_to_other,13.333333333333334,13.333333333333334,0.0
pC1_type:pC1_3c,45.0,peak_rate_hz,cut_vPN1_all_output,13.333333333333334,13.333333333333334,0.0
pC1_type:pC1_3c,45.0,peak_rate_hz,silence_aPN1,13.333333333333334,13.333333333333334,0.0
pC1_type:pC1_3c,45.0,evoked_spikes_per_neuron_per_pulse,silence_vPN1,0.05,0.05,0.0
pC1_type:pC1_3c,45.0,evoked_spikes_per_neuron_per_pulse,cut_vPN1_to_pC1,0.05,0.08333333333333333,-66.66666666666664
pC1_type:pC1_3c,45.0,evoked_spikes_per_neuron_per_pulse,cut_vPN1_to_other,0.05,0.03333333333333333,33.333333333333336
pC1_type:pC1_3c,45.0,evoked_spikes_per_neuron_per_pulse,cut_vPN1_all_output,0.05,0.05,0.0
pC1_type:pC1_3c,45.0,evoked_spikes_per_neuron_per_pulse,silence_aPN1,0.05,0.041666666666666664,16.666666666666675
pC1_type:pC1_3c,55.0,peak_rate_hz,silence_vPN1,16.666666666666668,13.333333333333334,20.0
pC1_type:pC1_3c,55.0,peak_rate_hz,cut_vPN1_to_pC1,16.666666666666668,13.333333333333334,20.0
pC1_type:pC1_3c,55.0,peak_rate_hz,cut_vPN1_to_other,16.666666666666668,13.333333333333334,20.0
pC1_type:pC1_3c,55.0,peak_rate_hz,cut_vPN1_all_output,16.666666666666668,13.333333333333334,20.0
pC1_type:pC1_3c,55.0,peak_rate_hz,silence_aPN1,16.666666666666668,6.666666666666667,59.99999999999999
pC1_type:pC1_3c,55.0,evoked_spikes_per_neuron_per_pulse,silence_vPN1,0.49166666666666664,0.4,18.644067796610162
pC1_type:pC1_3c,55.0,evoked_spikes_per_neuron_per_pulse,cut_vPN1_to_pC1,0.49166666666666664,0.39166666666666666,20.338983050847457
pC1_type:pC1_3c,55.0,evoked_spikes_per_neuron_per_pulse,cut_vPN1_to_other,0.49166666666666664,0.36666666666666664,25.423728813559322
pC1_type:pC1_3c,55.0,evoked_spikes_per_neuron_per_pulse,cut_vPN1_all_output,0.49166666666666664,0.4,18.644067796610162
pC1_type:pC1_3c,55.0,evoked_spikes_per_neuron_per_pulse,silence_aPN1,0.49166666666666664,0.016666666666666666,96.61016949152543
pC1_type:pC1_3c,65.0,peak_rate_hz,silence_vPN1,16.666666666666668,13.333333333333334,20.0
pC1_type:pC1_3c,65.0,peak_rate_hz,cut_vPN1_to_pC1,16.666666666666668,13.333333333333334,20.0
pC1_type:pC1_3c,65.0,peak_rate_hz,cut_vPN1_to_other,16.666666666666668,13.333333333333334,20.0
pC1_type:pC1_3c,65.0,peak_rate_hz,cut_vPN1_all_output,16.666666666666668,13.333333333333334,20.0
pC1_type:pC1_3c,65.0,peak_rate_hz,silence_aPN1,16.666666666666668,13.333333333333334,20.0
pC1_type:pC1_3c,65.0,evoked_spikes_per_neuron_per_pulse,silence_vPN1,0.625,0.6416666666666667,-2.666666666666675
pC1_type:pC1_3c,65.0,evoked_spikes_per_neuron_per_pulse,cut_vPN1_to_pC1,0.625,0.6666666666666666,-6.66666666666666
pC1_type:pC1_3c,65.0,evoked_spikes_per_neuron_per_pulse,cut_vPN1_to_other,0.625,0.65,-4.0000000000000036
pC1_type:pC1_3c,65.0,evoked_spikes_per_neuron_per_pulse,cut_vPN1_all_output,0.625,0.6416666666666667,-2.666666666666675
pC1_type:pC1_3c,65.0,evoked_spikes_per_neuron_per_pulse,silence_aPN1,0.625,0.25833333333333336,58.666666666666664
pC1_type:pC1_3c,75.0,peak_rate_hz,silence_vPN1,13.333333333333334,13.333333333333334,0.0
pC1_type:pC1_3c,75.0,peak_rate_hz,cut_vPN1_to_pC1,13.333333333333334,13.333333333333334,0.0
pC1_type:pC1_3c,75.0,peak_rate_hz,cut_vPN1_to_other,13.333333333333334,20.0,-49.99999999999999
pC1_type:pC1_3c,75.0,peak_rate_hz,cut_vPN1_all_output,13.333333333333334,13.333333333333334,0.0
pC1_type:pC1_3c,75.0,peak_rate_hz,silence_aPN1,13.333333333333334,13.333333333333334,0.0
pC1_type:pC1_3c,75.0,evoked_spikes_per_neuron_per_pulse,silence_vPN1,0.65,0.6333333333333333,2.564102564102572
pC1_type:pC1_3c,75.0,evoked_spikes_per_neuron_per_pulse,cut_vPN1_to_pC1,0.65,0.6333333333333333,2.564102564102572
pC1_type:pC1_3c,75.0,evoked_spikes_per_neuron_per_pulse,cut_vPN1_to_other,0.65,0.6166666666666667,5.128205128205127
pC1_type:pC1_3c,75.0,evoked_spikes_per_neuron_per_pulse,cut_vPN1_all_output,0.65,0.6333333333333333,2.564102564102572
pC1_type:pC1_3c,75.0,evoked_spikes_per_neuron_per_pulse,silence_aPN1,0.65,0.6583333333333333,-1.2820512820512775
pC1_type:pC1_3c,85.0,peak_rate_hz,silence_vPN1,20.0,20.0,0.0
pC1_type:pC1_3c,85.0,peak_rate_hz,cut_vPN1_to_pC1,20.0,20.0,0.0
pC1_type:pC1_3c,85.0,peak_rate_hz,cut_vPN1_to_other,20.0,16.666666666666668,16.66666666666666
pC1_type:pC1_3c,85.0,peak_rate_hz,cut_vPN1_all_output,20.0,20.0,0.0
pC1_type:pC1_3c,85.0,peak_rate_hz,silence_aPN1,20.0,13.333333333333334,33.33333333333333
pC1_type:pC1_3c,85.0,evoked_spikes_per_neuron_per_pulse,silence_vPN1,0.6416666666666667,0.575,10.389610389610404
pC1_type:pC1_3c,85.0,evoked_spikes_per_neuron_per_pulse,cut_vPN1_to_pC1,0.6416666666666667,0.7333333333333333,-14.28571428571427
pC1_type:pC1_3c,85.0,evoked_spikes_per_neuron_per_pulse,cut_vPN1_to_other,0.6416666666666667,0.5416666666666666,15.584415584415597
pC1_type:pC1_3c,85.0,evoked_spikes_per_neuron_per_pulse,cut_vPN1_all_output,0.6416666666666667,0.575,10.389610389610404
pC1_type:pC1_3c,85.0,evoked_spikes_per_neuron_per_pulse,silence_aPN1,0.6416666666666667,0.6666666666666666,-3.896103896103882
pC1_type:pC1_3c,95.0,peak_rate_hz,silence_vPN1,20.0,20.0,0.0
pC1_type:pC1_3c,95.0,peak_rate_hz,cut_vPN1_to_pC1,20.0,20.0,0.0
pC1_type:pC1_3c,95.0,peak_rate_hz,cut_vPN1_to_other,20.0,20.0,0.0
pC1_type:pC1_3c,95.0,peak_rate_hz,cut_vPN1_all_output,20.0,20.0,0.0
pC1_type:pC1_3c,95.0,peak_rate_hz,silence_aPN1,20.0,13.333333333333334,33.33333333333333
pC1_type:pC1_3c,95.0,evoked_spikes_per_neuron_per_pulse,silence_vPN1,0.9333333333333333,0.775,16.96428571428571
pC1_type:pC1_3c,95.0,evoked_spikes_per_neuron_per_pulse,cut_vPN1_to_pC1,0.9333333333333333,0.825,11.607142857142863
pC1_type:pC1_3c,95.0,evoked_spikes_per_neuron_per_pulse,cut_vPN1_to_other,0.9333333333333333,0.8166666666666667,12.500000000000004
pC1_type:pC1_3c,95.0,evoked_spikes_per_neuron_per_pulse,cut_vPN1_all_output,0.9333333333333333,0.775,16.96428571428571
pC1_type:pC1_3c,95.0,evoked_spikes_per_neuron_per_pulse,silence_aPN1,0.9333333333333333,0.6666666666666666,28.571428571428577
pC1_type:pC1_4a,15.0,peak_rate_hz,silence_vPN1,25.0,20.0,20.0
pC1_type:pC1_4a,15.0,peak_rate_hz,cut_vPN1_to_pC1,25.0,30.0,-20.0
pC1_type:pC1_4a,15.0,peak_rate_hz,cut_vPN1_to_other,25.0,28.333333333333336,-13.333333333333345
pC1_type:pC1_4a,15.0,peak_rate_hz,cut_vPN1_all_output,25.0,20.0,20.0
pC1_type:pC1_4a,15.0,peak_rate_hz,silence_aPN1,25.0,33.333333333333336,-33.33333333333334
pC1_type:pC1_4a,15.0,evoked_spikes_per_neuron_per_pulse,silence_vPN1,0.225,0.17916666666666667,20.370370370370374
pC1_type:pC1_4a,15.0,evoked_spikes_per_neuron_per_pulse,cut_vPN1_to_pC1,0.225,0.22916666666666666,-1.8518518518518452
pC1_type:pC1_4a,15.0,evoked_spikes_per_neuron_per_pulse,cut_vPN1_to_other,0.225,0.23333333333333334,-3.703703703703703
pC1_type:pC1_4a,15.0,evoked_spikes_per_neuron_per_pulse,cut_vPN1_all_output,0.225,0.17916666666666667,20.370370370370374
pC1_type:pC1_4a,15.0,evoked_spikes_per_neuron_per_pulse,silence_aPN1,0.225,0.2875,-27.777777777777764
pC1_type:pC1_4a,25.0,peak_rate_hz,silence_vPN1,31.666666666666668,35.0,-10.52631578947368
pC1_type:pC1_4a,25.0,peak_rate_hz,cut_vPN1_to_pC1,31.666666666666668,38.333333333333336,-21.05263157894737
pC1_type:pC1_4a,25.0,peak_rate_hz,cut_vPN1_to_other,31.666666666666668,35.0,-10.52631578947368
pC1_type:pC1_4a,25.0,peak_rate_hz,cut_vPN1_all_output,31.666666666666668,35.0,-10.52631578947368
pC1_type:pC1_4a,25.0,peak_rate_hz,silence_aPN1,31.666666666666668,36.66666666666667,-15.789473684210536
pC1_type:pC1_4a,25.0,evoked_spikes_per_neuron_per_pulse,silence_vPN1,0.4875,0.6375,-30.769230769230763
pC1_type:pC1_4a,25.0,evoked_spikes_per_neuron_per_pulse,cut_vPN1_to_pC1,0.4875,0.5583333333333333,-14.529914529914535
pC1_type:pC1_4a,25.0,evoked_spikes_per_neuron_per_pulse,cut_vPN1_to_other,0.4875,0.5416666666666666,-11.111111111111107
pC1_type:pC1_4a,25.0,evoked_spikes_per_neuron_per_pulse,cut_vPN1_all_output,0.4875,0.6375,-30.769230769230763
pC1_type:pC1_4a,25.0,evoked_spikes_per_neuron_per_pulse,silence_aPN1,0.4875,0.55,-12.820512820512832
pC1_type:pC1_4a,35.0,peak_rate_hz,silence_vPN1,16.666666666666668,26.666666666666668,-59.99999999999999
pC1_type:pC1_4a,35.0,peak_rate_hz,cut_vPN1_to_pC1,16.666666666666668,21.666666666666668,-29.999999999999996
pC1_type:pC1_4a,35.0,peak_rate_hz,cut_vPN1_to_other,16.666666666666668,20.0,-19.99999999999999
pC1_type:pC1_4a,35.0,peak_rate_hz,cut_vPN1_all_output,16.666666666666668,26.666666666666668,-59.99999999999999
pC1_type:pC1_4a,35.0,peak_rate_hz,silence_aPN1,16.666666666666668,21.666666666666668,-29.999999999999996
pC1_type:pC1_4a,35.0,evoked_spikes_per_neuron_per_pulse,silence_vPN1,0.42083333333333334,0.7125,-69.3069306930693
pC1_type:pC1_4a,35.0,evoked_spikes_per_neuron_per_pulse,cut_vPN1_to_pC1,0.42083333333333334,0.625,-48.51485148514852
pC1_type:pC1_4a,35.0,evoked_spikes_per_neuron_per_pulse,cut_vPN1_to_other,0.42083333333333334,0.4166666666666667,0.9900990099009865
pC1_type:pC1_4a,35.0,evoked_spikes_per_neuron_per_pulse,cut_vPN1_all_output,0.42083333333333334,0.7125,-69.3069306930693
pC1_type:pC1_4a,35.0,evoked_spikes_per_neuron_per_pulse,silence_aPN1,0.42083333333333334,0.5625,-33.663366336633665
pC1_type:pC1_4a,45.0,peak_rate_hz,silence_vPN1,20.0,25.0,-25.0
pC1_type:pC1_4a,45.0,peak_rate_hz,cut_vPN1_to_pC1,20.0,26.666666666666668,-33.333333333333336
pC1_type:pC1_4a,45.0,peak_rate_hz,cut_vPN1_to_other,20.0,23.333333333333336,-16.66666666666668
pC1_type:pC1_4a,45.0,peak_rate_hz,cut_vPN1_all_output,20.0,25.0,-25.0
pC1_type:pC1_4a,45.0,peak_rate_hz,silence_aPN1,20.0,20.0,0.0
pC1_type:pC1_4a,45.0,evoked_spikes_per_neuron_per_pulse,silence_vPN1,0.4708333333333333,0.7083333333333334,-50.4424778761062
pC1_type:pC1_4a,45.0,evoked_spikes_per_neuron_per_pulse,cut_vPN1_to_pC1,0.4708333333333333,0.6625,-40.70796460176991
pC1_type:pC1_4a,45.0,evoked_spikes_per_neuron_per_pulse,cut_vPN1_to_other,0.4708333333333333,0.5541666666666667,-17.699115044247797
pC1_type:pC1_4a,45.0,evoked_spikes_per_neuron_per_pulse,cut_vPN1_all_output,0.4708333333333333,0.7083333333333334,-50.4424778761062
pC1_type:pC1_4a,45.0,evoked_spikes_per_neuron_per_pulse,silence_aPN1,0.4708333333333333,0.5333333333333333,-13.274336283185841
pC1_type:pC1_4a,55.0,peak_rate_hz,silence_vPN1,13.333333333333334,16.666666666666668,-25.0
pC1_type:pC1_4a,55.0,peak_rate_hz,cut_vPN1_to_pC1,13.333333333333334,13.333333333333334,0.0
pC1_type:pC1_4a,55.0,peak_rate_hz,cut_vPN1_to_other,13.333333333333334,13.333333333333334,0.0
pC1_type:pC1_4a,55.0,peak_rate_hz,cut_vPN1_all_output,13.333333333333334,16.666666666666668,-25.0
pC1_type:pC1_4a,55.0,peak_rate_hz,silence_aPN1,13.333333333333334,16.666666666666668,-25.0
pC1_type:pC1_4a,55.0,evoked_spikes_per_neuron_per_pulse,silence_vPN1,0.4,0.42916666666666664,-7.291666666666654
pC1_type:pC1_4a,55.0,evoked_spikes_per_neuron_per_pulse,cut_vPN1_to_pC1,0.4,0.44166666666666665,-10.416666666666655
pC1_type:pC1_4a,55.0,evoked_spikes_per_neuron_per_pulse,cut_vPN1_to_other,0.4,0.2791666666666667,30.20833333333334
pC1_type:pC1_4a,55.0,evoked_spikes_per_neuron_per_pulse,cut_vPN1_all_output,0.4,0.42916666666666664,-7.291666666666654
pC1_type:pC1_4a,55.0,evoked_spikes_per_neuron_per_pulse,silence_aPN1,0.4,0.5458333333333333,-36.45833333333331
pC1_type:pC1_4a,65.0,peak_rate_hz,silence_vPN1,13.333333333333334,20.0,-49.99999999999999
pC1_type:pC1_4a,65.0,peak_rate_hz,cut_vPN1_to_pC1,13.333333333333334,16.666666666666668,-25.0
pC1_type:pC1_4a,65.0,peak_rate_hz,cut_vPN1_to_other,13.333333333333334,13.333333333333334,0.0
pC1_type:pC1_4a,65.0,peak_rate_hz,cut_vPN1_all_output,13.333333333333334,20.0,-49.99999999999999
pC1_type:pC1_4a,65.0,peak_rate_hz,silence_aPN1,13.333333333333334,16.666666666666668,-25.0
pC1_type:pC1_4a,65.0,evoked_spikes_per_neuron_per_pulse,silence_vPN1,0.5541666666666667,0.7416666666666667,-33.83458646616541
pC1_type:pC1_4a,65.0,evoked_spikes_per_neuron_per_pulse,cut_vPN1_to_pC1,0.5541666666666667,0.625,-12.781954887218038
pC1_type:pC1_4a,65.0,evoked_spikes_per_neuron_per_pulse,cut_vPN1_to_other,0.5541666666666667,0.6083333333333333,-9.77443609022555
pC1_type:pC1_4a,65.0,evoked_spikes_per_neuron_per_pulse,cut_vPN1_all_output,0.5541666666666667,0.7416666666666667,-33.83458646616541
pC1_type:pC1_4a,65.0,evoked_spikes_per_neuron_per_pulse,silence_aPN1,0.5541666666666667,0.675,-21.80451127819549
pC1_type:pC1_4a,75.0,peak_rate_hz,silence_vPN1,13.333333333333334,21.666666666666668,-62.5
pC1_type:pC1_4a,75.0,peak_rate_hz,cut_vPN1_to_pC1,13.333333333333334,18.333333333333336,-37.500000000000014
pC1_type:pC1_4a,75.0,peak_rate_hz,cut_vPN1_to_other,13.333333333333334,13.333333333333334,0.0
pC1_type:pC1_4a,75.0,peak_rate_hz,cut_vPN1_all_output,13.333333333333334,21.666666666666668,-62.5
pC1_type:pC1_4a,75.0,peak_rate_hz,silence_aPN1,13.333333333333334,18.333333333333336,-37.500000000000014
pC1_type:pC1_4a,75.0,evoked_spikes_per_neuron_per_pulse,silence_vPN1,0.5791666666666667,0.8833333333333333,-52.51798561151077
pC1_type:pC1_4a,75.0,evoked_spikes_per_neuron_per_pulse,cut_vPN1_to_pC1,0.5791666666666667,0.625,-7.913669064748192
pC1_type:pC1_4a,75.0,evoked_spikes_per_neuron_per_pulse,cut_vPN1_to_other,0.5791666666666667,0.5875,-1.4388489208633042
pC1_type:pC1_4a,75.0,evoked_spikes_per_neuron_per_pulse,cut_vPN1_all_output,0.5791666666666667,0.8833333333333333,-52.51798561151077
pC1_type:pC1_4a,75.0,evoked_spikes_per_neuron_per_pulse,silence_aPN1,0.5791666666666667,0.8333333333333334,-43.88489208633093
pC1_type:pC1_4a,85.0,peak_rate_hz,silence_vPN1,13.333333333333334,23.333333333333336,-75.00000000000001
pC1_type:pC1_4a,85.0,peak_rate_hz,cut_vPN1_to_pC1,13.333333333333334,15.0,-12.499999999999995
pC1_type:pC1_4a,85.0,peak_rate_hz,cut_vPN1_to_other,13.333333333333334,13.333333333333334,0.0
pC1_type:pC1_4a,85.0,peak_rate_hz,cut_vPN1_all_output,13.333333333333334,23.333333333333336,-75.00000000000001
pC1_type:pC1_4a,85.0,peak_rate_hz,silence_aPN1,13.333333333333334,18.333333333333336,-37.500000000000014
pC1_type:pC1_4a,85.0,evoked_spikes_per_neuron_per_pulse,silence_vPN1,0.49583333333333335,0.8833333333333333,-78.15126050420166
pC1_type:pC1_4a,85.0,evoked_spikes_per_neuron_per_pulse,cut_vPN1_to_pC1,0.49583333333333335,0.6041666666666666,-21.84873949579831
pC1_type:pC1_4a,85.0,evoked_spikes_per_neuron_per_pulse,cut_vPN1_to_other,0.49583333333333335,0.5916666666666667,-19.32773109243697
pC1_type:pC1_4a,85.0,evoked_spikes_per_neuron_per_pulse,cut_vPN1_all_output,0.49583333333333335,0.8833333333333333,-78.15126050420166
pC1_type:pC1_4a,85.0,evoked_spikes_per_neuron_per_pulse,silence_aPN1,0.49583333333333335,0.8125,-63.86554621848739
pC1_type:pC1_4a,95.0,peak_rate_hz,silence_vPN1,10.0,23.333333333333336,-133.33333333333334
pC1_type:pC1_4a,95.0,peak_rate_hz,cut_vPN1_to_pC1,10.0,16.666666666666668,-66.66666666666667
pC1_type:pC1_4a,95.0,peak_rate_hz,cut_vPN1_to_other,10.0,23.333333333333336,-133.33333333333334
pC1_type:pC1_4a,95.0,peak_rate_hz,cut_vPN1_all_output,10.0,23.333333333333336,-133.33333333333334
pC1_type:pC1_4a,95.0,peak_rate_hz,silence_aPN1,10.0,20.0,-100.0
pC1_type:pC1_4a,95.0,evoked_spikes_per_neuron_per_pulse,silence_vPN1,0.48333333333333334,0.9083333333333333,-87.93103448275862
pC1_type:pC1_4a,95.0,evoked_spikes_per_neuron_per_pulse,cut_vPN1_to_pC1,0.48333333333333334,0.6375,-31.89655172413792
pC1_type:pC1_4a,95.0,evoked_spikes_per_neuron_per_pulse,cut_vPN1_to_other,0.48333333333333334,0.6416666666666667,-32.75862068965518
pC1_type:pC1_4a,95.0,evoked_spikes_per_neuron_per_pulse,cut_vPN1_all_output,0.48333333333333334,0.9083333333333333,-87.93103448275862
pC1_type:pC1_4a,95.0,evoked_spikes_per_neuron_per_pulse,silence_aPN1,0.48333333333333334,0.7958333333333333,-64.65517241379308
pC1_type:pC1_4b,15.0,peak_rate_hz,silence_vPN1,50.0,40.0,20.0
pC1_type:pC1_4b,15.0,peak_rate_hz,cut_vPN1_to_pC1,50.0,45.0,10.0
pC1_type:pC1_4b,15.0,peak_rate_hz,cut_vPN1_to_other,50.0,55.0,-10.0
pC1_type:pC1_4b,15.0,peak_rate_hz,cut_vPN1_all_output,50.0,40.0,20.0
pC1_type:pC1_4b,15.0,peak_rate_hz,silence_aPN1,50.0,50.0,0.0
pC1_type:pC1_4b,15.0,evoked_spikes_per_neuron_per_pulse,silence_vPN1,0.5125,0.425,17.07317073170731
pC1_type:pC1_4b,15.0,evoked_spikes_per_neuron_per_pulse,cut_vPN1_to_pC1,0.5125,0.525,-2.4390243902439157
pC1_type:pC1_4b,15.0,evoked_spikes_per_neuron_per_pulse,cut_vPN1_to_other,0.5125,0.475,7.317073170731704
pC1_type:pC1_4b,15.0,evoked_spikes_per_neuron_per_pulse,cut_vPN1_all_output,0.5125,0.425,17.07317073170731
pC1_type:pC1_4b,15.0,evoked_spikes_per_neuron_per_pulse,silence_aPN1,0.5125,0.5125,0.0
pC1_type:pC1_4b,25.0,peak_rate_hz,silence_vPN1,50.0,55.0,-10.0
pC1_type:pC1_4b,25.0,peak_rate_hz,cut_vPN1_to_pC1,50.0,50.0,0.0
pC1_type:pC1_4b,25.0,peak_rate_hz,cut_vPN1_to_other,50.0,50.0,0.0
pC1_type:pC1_4b,25.0,peak_rate_hz,cut_vPN1_all_output,50.0,55.0,-10.0
pC1_type:pC1_4b,25.0,peak_rate_hz,silence_aPN1,50.0,50.0,0.0
pC1_type:pC1_4b,25.0,evoked_spikes_per_neuron_per_pulse,silence_vPN1,0.8125,0.95,-16.92307692307692
pC1_type:pC1_4b,25.0,evoked_spikes_per_neuron_per_pulse,cut_vPN1_to_pC1,0.8125,0.8375,-3.0769230769230798
pC1_type:pC1_4b,25.0,evoked_spikes_per_neuron_per_pulse,cut_vPN1_to_other,0.8125,0.9,-10.769230769230772
pC1_type:pC1_4b,25.0,evoked_spikes_per_neuron_per_pulse,cut_vPN1_all_output,0.8125,0.95,-16.92307692307692
pC1_type:pC1_4b,25.0,evoked_spikes_per_neuron_per_pulse,silence_aPN1,0.8125,0.7375,9.230769230769225
pC1_type:pC1_4b,35.0,peak_rate_hz,silence_vPN1,35.0,40.0,-14.285714285714286
pC1_type:pC1_4b,35.0,peak_rate_hz,cut_vPN1_to_pC1,35.0,35.0,0.0
pC1_type:pC1_4b,35.0,peak_rate_hz,cut_vPN1_to_other,35.0,40.0,-14.285714285714286
pC1_type:pC1_4b,35.0,peak_rate_hz,cut_vPN1_all_output,35.0,40.0,-14.285714285714286
pC1_type:pC1_4b,35.0,peak_rate_hz,silence_aPN1,35.0,35.0,0.0
pC1_type:pC1_4b,35.0,evoked_spikes_per_neuron_per_pulse,silence_vPN1,1.0125,1.0625,-4.938271604938276
pC1_type:pC1_4b,35.0,evoked_spikes_per_neuron_per_pulse,cut_vPN1_to_pC1,1.0125,1.0,1.2345679012345636
pC1_type:pC1_4b,35.0,evoked_spikes_per_neuron_per_pulse,cut_vPN1_to_other,1.0125,0.9875,2.4691358024691272
pC1_type:pC1_4b,35.0,evoked_spikes_per_neuron_per_pulse,cut_vPN1_all_output,1.0125,1.0625,-4.938271604938276
pC1_type:pC1_4b,35.0,evoked_spikes_per_neuron_per_pulse,silence_aPN1,1.0125,0.9875,2.4691358024691272
pC1_type:pC1_4b,45.0,peak_rate_hz,silence_vPN1,35.0,40.0,-14.285714285714286
pC1_type:pC1_4b,45.0,peak_rate_hz,cut_vPN1_to_pC1,35.0,40.0,-14.285714285714286
pC1_type:pC1_4b,45.0,peak_rate_hz,cut_vPN1_to_other,35.0,35.0,0.0
pC1_type:pC1_4b,45.0,peak_rate_hz,cut_vPN1_all_output,35.0,40.0,-14.285714285714286
pC1_type:pC1_4b,45.0,peak_rate_hz,silence_aPN1,35.0,35.0,0.0
pC1_type:pC1_4b,45.0,evoked_spikes_per_neuron_per_pulse,silence_vPN1,1.0125,1.05,-3.7037037037037126
pC1_type:pC1_4b,45.0,evoked_spikes_per_neuron_per_pulse,cut_vPN1_to_pC1,1.0125,1.025,-1.2345679012345636
pC1_type:pC1_4b,45.0,evoked_spikes_per_neuron_per_pulse,cut_vPN1_to_other,1.0125,1.0125,0.0
pC1_type:pC1_4b,45.0,evoked_spikes_per_neuron_per_pulse,cut_vPN1_all_output,1.0125,1.05,-3.7037037037037126
pC1_type:pC1_4b,45.0,evoked_spikes_per_neuron_per_pulse,silence_aPN1,1.0125,0.9625,4.938271604938265
pC1_type:pC1_4b,55.0,peak_rate_hz,silence_vPN1,20.0,25.0,-25.0
pC1_type:pC1_4b,55.0,peak_rate_hz,cut_vPN1_to_pC1,20.0,20.0,0.0
pC1_type:pC1_4b,55.0,peak_rate_hz,cut_vPN1_to_other,20.0,20.0,0.0
pC1_type:pC1_4b,55.0,peak_rate_hz,cut_vPN1_all_output,20.0,25.0,-25.0
pC1_type:pC1_4b,55.0,peak_rate_hz,silence_aPN1,20.0,30.0,-50.0
pC1_type:pC1_4b,55.0,evoked_spikes_per_neuron_per_pulse,silence_vPN1,1.0,1.025,-2.499999999999991
pC1_type:pC1_4b,55.0,evoked_spikes_per_neuron_per_pulse,cut_vPN1_to_pC1,1.0,1.0,0.0
pC1_type:pC1_4b,55.0,evoked_spikes_per_neuron_per_pulse,cut_vPN1_to_other,1.0,0.9125,8.750000000000002
pC1_type:pC1_4b,55.0,evoked_spikes_per_neuron_per_pulse,cut_vPN1_all_output,1.0,1.025,-2.499999999999991
pC1_type:pC1_4b,55.0,evoked_spikes_per_neuron_per_pulse,silence_aPN1,1.0,1.025,-2.499999999999991
pC1_type:pC1_4b,65.0,peak_rate_hz,silence_vPN1,20.0,25.0,-25.0
pC1_type:pC1_4b,65.0,peak_rate_hz,cut_vPN1_to_pC1,20.0,20.0,0.0
pC1_type:pC1_4b,65.0,peak_rate_hz,cut_vPN1_to_other,20.0,20.0,0.0
pC1_type:pC1_4b,65.0,peak_rate_hz,cut_vPN1_all_output,20.0,25.0,-25.0
pC1_type:pC1_4b,65.0,peak_rate_hz,silence_aPN1,20.0,25.0,-25.0
pC1_type:pC1_4b,65.0,evoked_spikes_per_neuron_per_pulse,silence_vPN1,1.0,1.0125,-1.2499999999999956
pC1_type:pC1_4b,65.0,evoked_spikes_per_neuron_per_pulse,cut_vPN1_to_pC1,1.0,1.0,0.0
pC1_type:pC1_4b,65.0,evoked_spikes_per_neuron_per_pulse,cut_vPN1_to_other,1.0,1.0,0.0
pC1_type:pC1_4b,65.0,evoked_spikes_per_neuron_per_pulse,cut_vPN1_all_output,1.0,1.0125,-1.2499999999999956
pC1_type:pC1_4b,65.0,evoked_spikes_per_neuron_per_pulse,silence_aPN1,1.0,1.0125,-1.2499999999999956
pC1_type:pC1_4b,75.0,peak_rate_hz,silence_vPN1,20.0,20.0,0.0
pC1_type:pC1_4b,75.0,peak_rate_hz,cut_vPN1_to_pC1,20.0,25.0,-25.0
pC1_type:pC1_4b,75.0,peak_rate_hz,cut_vPN1_to_other,20.0,30.0,-50.0
pC1_type:pC1_4b,75.0,peak_rate_hz,cut_vPN1_all_output,20.0,20.0,0.0
pC1_type:pC1_4b,75.0,peak_rate_hz,silence_aPN1,20.0,20.0,0.0
pC1_type:pC1_4b,75.0,evoked_spikes_per_neuron_per_pulse,silence_vPN1,1.0,1.0,0.0
pC1_type:pC1_4b,75.0,evoked_spikes_per_neuron_per_pulse,cut_vPN1_to_pC1,1.0,1.0125,-1.2499999999999956
pC1_type:pC1_4b,75.0,evoked_spikes_per_neuron_per_pulse,cut_vPN1_to_other,1.0,0.95,5.000000000000004
pC1_type:pC1_4b,75.0,evoked_spikes_per_neuron_per_pulse,cut_vPN1_all_output,1.0,1.0,0.0
pC1_type:pC1_4b,75.0,evoked_spikes_per_neuron_per_pulse,silence_aPN1,1.0,1.0,0.0
pC1_type:pC1_4b,85.0,peak_rate_hz,silence_vPN1,20.0,20.0,0.0
pC1_type:pC1_4b,85.0,peak_rate_hz,cut_vPN1_to_pC1,20.0,25.0,-25.0
pC1_type:pC1_4b,85.0,peak_rate_hz,cut_vPN1_to_other,20.0,20.0,0.0
pC1_type:pC1_4b,85.0,peak_rate_hz,cut_vPN1_all_output,20.0,20.0,0.0
pC1_type:pC1_4b,85.0,peak_rate_hz,silence_aPN1,20.0,20.0,0.0
pC1_type:pC1_4b,85.0,evoked_spikes_per_neuron_per_pulse,silence_vPN1,0.975,0.975,0.0
pC1_type:pC1_4b,85.0,evoked_spikes_per_neuron_per_pulse,cut_vPN1_to_pC1,0.975,0.9625,1.2820512820512775
pC1_type:pC1_4b,85.0,evoked_spikes_per_neuron_per_pulse,cut_vPN1_to_other,0.975,1.0,-2.5641025641025665
pC1_type:pC1_4b,85.0,evoked_spikes_per_neuron_per_pulse,cut_vPN1_all_output,0.975,0.975,0.0
pC1_type:pC1_4b,85.0,evoked_spikes_per_neuron_per_pulse,silence_aPN1,0.975,1.0,-2.5641025641025665
pC1_type:pC1_4b,95.0,peak_rate_hz,silence_vPN1,20.0,20.0,0.0
pC1_type:pC1_4b,95.0,peak_rate_hz,cut_vPN1_to_pC1,20.0,20.0,0.0
pC1_type:pC1_4b,95.0,peak_rate_hz,cut_vPN1_to_other,20.0,20.0,0.0
pC1_type:pC1_4b,95.0,peak_rate_hz,cut_vPN1_all_output,20.0,20.0,0.0
pC1_type:pC1_4b,95.0,peak_rate_hz,silence_aPN1,20.0,20.0,0.0
pC1_type:pC1_4b,95.0,evoked_spikes_per_neuron_per_pulse,silence_vPN1,1.0,1.0,0.0
pC1_type:pC1_4b,95.0,evoked_spikes_per_neuron_per_pulse,cut_vPN1_to_pC1,1.0,1.0,0.0
pC1_type:pC1_4b,95.0,evoked_spikes_per_neuron_per_pulse,cut_vPN1_to_other,1.0,1.0,0.0
pC1_type:pC1_4b,95.0,evoked_spikes_per_neuron_per_pulse,cut_vPN1_all_output,1.0,1.0,0.0
pC1_type:pC1_4b,95.0,evoked_spikes_per_neuron_per_pulse,silence_aPN1,1.0,1.0,0.0
pC1_type:pC1_5a,15.0,peak_rate_hz,silence_vPN1,5.0,5.0,0.0
pC1_type:pC1_5a,15.0,peak_rate_hz,cut_vPN1_to_pC1,5.0,5.0,0.0
pC1_type:pC1_5a,15.0,peak_rate_hz,cut_vPN1_to_other,5.0,5.0,0.0
pC1_type:pC1_5a,15.0,peak_rate_hz,cut_vPN1_all_output,5.0,5.0,0.0
pC1_type:pC1_5a,15.0,peak_rate_hz,silence_aPN1,5.0,0.0,100.0
pC1_type:pC1_5a,15.0,evoked_spikes_per_neuron_per_pulse,silence_vPN1,0.0125,0.0125,0.0
pC1_type:pC1_5a,15.0,evoked_spikes_per_neuron_per_pulse,cut_vPN1_to_pC1,0.0125,0.0125,0.0
pC1_type:pC1_5a,15.0,evoked_spikes_per_neuron_per_pulse,cut_vPN1_to_other,0.0125,0.0125,0.0
pC1_type:pC1_5a,15.0,evoked_spikes_per_neuron_per_pulse,cut_vPN1_all_output,0.0125,0.0125,0.0
pC1_type:pC1_5a,15.0,evoked_spikes_per_neuron_per_pulse,silence_aPN1,0.0125,0.0,100.0
pC1_type:pC1_5a,25.0,peak_rate_hz,silence_vPN1,5.0,10.0,-100.0
pC1_type:pC1_5a,25.0,peak_rate_hz,cut_vPN1_to_pC1,5.0,5.0,0.0
pC1_type:pC1_5a,25.0,peak_rate_hz,cut_vPN1_to_other,5.0,5.0,0.0
pC1_type:pC1_5a,25.0,peak_rate_hz,cut_vPN1_all_output,5.0,10.0,-100.0
pC1_type:pC1_5a,25.0,peak_rate_hz,silence_aPN1,5.0,0.0,100.0
pC1_type:pC1_5a,25.0,evoked_spikes_per_neuron_per_pulse,silence_vPN1,0.0125,0.025,-100.0
pC1_type:pC1_5a,25.0,evoked_spikes_per_neuron_per_pulse,cut_vPN1_to_pC1,0.0125,0.0125,0.0
pC1_type:pC1_5a,25.0,evoked_spikes_per_neuron_per_pulse,cut_vPN1_to_other,0.0125,0.0125,0.0
pC1_type:pC1_5a,25.0,evoked_spikes_per_neuron_per_pulse,cut_vPN1_all_output,0.0125,0.025,-100.0
pC1_type:pC1_5a,25.0,evoked_spikes_per_neuron_per_pulse,silence_aPN1,0.0125,0.0,100.0
pC1_type:pC1_5a,35.0,peak_rate_hz,silence_vPN1,5.0,5.0,0.0
pC1_type:pC1_5a,35.0,peak_rate_hz,cut_vPN1_to_pC1,5.0,5.0,0.0
pC1_type:pC1_5a,35.0,peak_rate_hz,cut_vPN1_to_other,5.0,10.0,-100.0
pC1_type:pC1_5a,35.0,peak_rate_hz,cut_vPN1_all_output,5.0,5.0,0.0
pC1_type:pC1_5a,35.0,peak_rate_hz,silence_aPN1,5.0,5.0,0.0
pC1_type:pC1_5a,35.0,evoked_spikes_per_neuron_per_pulse,silence_vPN1,0.05,0.05,0.0
pC1_type:pC1_5a,35.0,evoked_spikes_per_neuron_per_pulse,cut_vPN1_to_pC1,0.05,0.075,-49.999999999999986
pC1_type:pC1_5a,35.0,evoked_spikes_per_neuron_per_pulse,cut_vPN1_to_other,0.05,0.05,0.0
pC1_type:pC1_5a,35.0,evoked_spikes_per_neuron_per_pulse,cut_vPN1_all_output,0.05,0.05,0.0
pC1_type:pC1_5a,35.0,evoked_spikes_per_neuron_per_pulse,silence_aPN1,0.05,0.025,50.0
pC1_type:pC1_5a,45.0,peak_rate_hz,silence_vPN1,5.0,5.0,0.0
pC1_type:pC1_5a,45.0,peak_rate_hz,cut_vPN1_to_pC1,5.0,10.0,-100.0
pC1_type:pC1_5a,45.0,peak_rate_hz,cut_vPN1_to_other,5.0,5.0,0.0
pC1_type:pC1_5a,45.0,peak_rate_hz,cut_vPN1_all_output,5.0,5.0,0.0
pC1_type:pC1_5a,45.0,peak_rate_hz,silence_aPN1,5.0,5.0,0.0
pC1_type:pC1_5a,45.0,evoked_spikes_per_neuron_per_pulse,silence_vPN1,0.0125,0.0375,-200.0
pC1_type:pC1_5a,45.0,evoked_spikes_per_neuron_per_pulse,cut_vPN1_to_pC1,0.0125,0.05,-300.0
pC1_type:pC1_5a,45.0,evoked_spikes_per_neuron_per_pulse,cut_vPN1_to_other,0.0125,0.025,-100.0
pC1_type:pC1_5a,45.0,evoked_spikes_per_neuron_per_pulse,cut_vPN1_all_output,0.0125,0.0375,-200.0
pC1_type:pC1_5a,45.0,evoked_spikes_per_neuron_per_pulse,silence_aPN1,0.0125,0.0125,0.0
pC1_type:pC1_5a,55.0,peak_rate_hz,silence_vPN1,5.0,5.0,0.0
pC1_type:pC1_5a,55.0,peak_rate_hz,cut_vPN1_to_pC1,5.0,5.0,0.0
pC1_type:pC1_5a,55.0,peak_rate_hz,cut_vPN1_to_other,5.0,25.0,-400.0
pC1_type:pC1_5a,55.0,peak_rate_hz,cut_vPN1_all_output,5.0,5.0,0.0
pC1_type:pC1_5a,55.0,peak_rate_hz,silence_aPN1,5.0,10.0,-100.0
pC1_type:pC1_5a,55.0,evoked_spikes_per_neuron_per_pulse,silence_vPN1,0.05,0.025,50.0
pC1_type:pC1_5a,55.0,evoked_spikes_per_neuron_per_pulse,cut_vPN1_to_pC1,0.05,0.0375,25.000000000000007
pC1_type:pC1_5a,55.0,evoked_spikes_per_neuron_per_pulse,cut_vPN1_to_other,0.05,0.1125,-125.0
pC1_type:pC1_5a,55.0,evoked_spikes_per_neuron_per_pulse,cut_vPN1_all_output,0.05,0.025,50.0
pC1_type:pC1_5a,55.0,evoked_spikes_per_neuron_per_pulse,silence_aPN1,0.05,0.0875,-74.99999999999997
pC1_type:pC1_5a,65.0,peak_rate_hz,silence_vPN1,15.0,5.0,66.66666666666667
pC1_type:pC1_5a,65.0,peak_rate_hz,cut_vPN1_to_pC1,15.0,10.0,33.333333333333336
pC1_type:pC1_5a,65.0,peak_rate_hz,cut_vPN1_to_other,15.0,15.0,0.0
pC1_type:pC1_5a,65.0,peak_rate_hz,cut_vPN1_all_output,15.0,5.0,66.66666666666667
pC1_type:pC1_5a,65.0,peak_rate_hz,silence_aPN1,15.0,5.0,66.66666666666667
pC1_type:pC1_5a,65.0,evoked_spikes_per_neuron_per_pulse,silence_vPN1,0.075,0.025,66.66666666666667
pC1_type:pC1_5a,65.0,evoked_spikes_per_neuron_per_pulse,cut_vPN1_to_pC1,0.075,0.1,-33.33333333333335
pC1_type:pC1_5a,65.0,evoked_spikes_per_neuron_per_pulse,cut_vPN1_to_other,0.075,0.0875,-16.666666666666664
pC1_type:pC1_5a,65.0,evoked_spikes_per_neuron_per_pulse,cut_vPN1_all_output,0.075,0.025,66.66666666666667
pC1_type:pC1_5a,65.0,evoked_spikes_per_neuron_per_pulse,silence_aPN1,0.075,0.025,66.66666666666667
pC1_type:pC1_5a,75.0,peak_rate_hz,silence_vPN1,5.0,5.0,0.0
pC1_type:pC1_5a,75.0,peak_rate_hz,cut_vPN1_to_pC1,5.0,5.0,0.0
pC1_type:pC1_5a,75.0,peak_rate_hz,cut_vPN1_to_other,5.0,5.0,0.0
pC1_type:pC1_5a,75.0,peak_rate_hz,cut_vPN1_all_output,5.0,5.0,0.0
pC1_type:pC1_5a,75.0,peak_rate_hz,silence_aPN1,5.0,0.0,100.0
pC1_type:pC1_5a,75.0,evoked_spikes_per_neuron_per_pulse,silence_vPN1,0.05,0.0375,25.000000000000007
pC1_type:pC1_5a,75.0,evoked_spikes_per_neuron_per_pulse,cut_vPN1_to_pC1,0.05,0.05,0.0
pC1_type:pC1_5a,75.0,evoked_spikes_per_neuron_per_pulse,cut_vPN1_to_other,0.05,0.0125,75.0
pC1_type:pC1_5a,75.0,evoked_spikes_per_neuron_per_pulse,cut_vPN1_all_output,0.05,0.0375,25.000000000000007
pC1_type:pC1_5a,75.0,evoked_spikes_per_neuron_per_pulse,silence_aPN1,0.05,0.0,100.0
pC1_type:pC1_5a,85.0,peak_rate_hz,silence_vPN1,5.0,5.0,0.0
pC1_type:pC1_5a,85.0,peak_rate_hz,cut_vPN1_to_pC1,5.0,5.0,0.0
pC1_type:pC1_5a,85.0,peak_rate_hz,cut_vPN1_to_other,5.0,5.0,0.0
pC1_type:pC1_5a,85.0,peak_rate_hz,cut_vPN1_all_output,5.0,5.0,0.0
pC1_type:pC1_5a,85.0,peak_rate_hz,silence_aPN1,5.0,0.0,100.0
pC1_type:pC1_5a,85.0,evoked_spikes_per_neuron_per_pulse,silence_vPN1,0.0125,0.025,-100.0
pC1_type:pC1_5a,85.0,evoked_spikes_per_neuron_per_pulse,cut_vPN1_to_pC1,0.0125,0.025,-100.0
pC1_type:pC1_5a,85.0,evoked_spikes_per_neuron_per_pulse,cut_vPN1_to_other,0.0125,0.0125,0.0
pC1_type:pC1_5a,85.0,evoked_spikes_per_neuron_per_pulse,cut_vPN1_all_output,0.0125,0.025,-100.0
pC1_type:pC1_5a,85.0,evoked_spikes_per_neuron_per_pulse,silence_aPN1,0.0125,0.0,100.0
pC1_type:pC1_5a,95.0,peak_rate_hz,silence_vPN1,5.0,10.0,-100.0
pC1_type:pC1_5a,95.0,peak_rate_hz,cut_vPN1_to_pC1,5.0,5.0,0.0
pC1_type:pC1_5a,95.0,peak_rate_hz,cut_vPN1_to_other,5.0,10.0,-100.0
pC1_type:pC1_5a,95.0,peak_rate_hz,cut_vPN1_all_output,5.0,10.0,-100.0
pC1_type:pC1_5a,95.0,peak_rate_hz,silence_aPN1,5.0,0.0,100.0
pC1_type:pC1_5a,95.0,evoked_spikes_per_neuron_per_pulse,silence_vPN1,0.05,0.025,50.0
pC1_type:pC1_5a,95.0,evoked_spikes_per_neuron_per_pulse,cut_vPN1_to_pC1,0.05,0.0375,25.000000000000007
pC1_type:pC1_5a,95.0,evoked_spikes_per_neuron_per_pulse,cut_vPN1_to_other,0.05,0.0375,25.000000000000007
pC1_type:pC1_5a,95.0,evoked_spikes_per_neuron_per_pulse,cut_vPN1_all_output,0.05,0.025,50.0
pC1_type:pC1_5a,95.0,evoked_spikes_per_neuron_per_pulse,silence_aPN1,0.05,0.0,100.0
pC1_type:pC1_5b,15.0,peak_rate_hz,silence_vPN1,17.5,17.5,0.0
pC1_type:pC1_5b,15.0,peak_rate_hz,cut_vPN1_to_pC1,17.5,22.5,-28.571428571428573
pC1_type:pC1_5b,15.0,peak_rate_hz,cut_vPN1_to_other,17.5,20.0,-14.285714285714286
pC1_type:pC1_5b,15.0,peak_rate_hz,cut_vPN1_all_output,17.5,17.5,0.0
pC1_type:pC1_5b,15.0,peak_rate_hz,silence_aPN1,17.5,22.5,-28.571428571428573
pC1_type:pC1_5b,15.0,evoked_spikes_per_neuron_per_pulse,silence_vPN1,0.11875,0.0875,26.315789473684212
pC1_type:pC1_5b,15.0,evoked_spikes_per_neuron_per_pulse,cut_vPN1_to_pC1,0.11875,0.1375,-15.789473684210542
pC1_type:pC1_5b,15.0,evoked_spikes_per_neuron_per_pulse,cut_vPN1_to_other,0.11875,0.15,-26.315789473684212
pC1_type:pC1_5b,15.0,evoked_spikes_per_neuron_per_pulse,cut_vPN1_all_output,0.11875,0.0875,26.315789473684212
pC1_type:pC1_5b,15.0,evoked_spikes_per_neuron_per_pulse,silence_aPN1,0.11875,0.15625,-31.57894736842106
pC1_type:pC1_5b,25.0,peak_rate_hz,silence_vPN1,30.0,32.5,-8.333333333333334
pC1_type:pC1_5b,25.0,peak_rate_hz,cut_vPN1_to_pC1,30.0,27.5,8.333333333333334
pC1_type:pC1_5b,25.0,peak_rate_hz,cut_vPN1_to_other,30.0,30.0,0.0
pC1_type:pC1_5b,25.0,peak_rate_hz,cut_vPN1_all_output,30.0,32.5,-8.333333333333334
pC1_type:pC1_5b,25.0,peak_rate_hz,silence_aPN1,30.0,27.5,8.333333333333334
pC1_type:pC1_5b,25.0,evoked_spikes_per_neuron_per_pulse,silence_vPN1,0.46875,0.56875,-21.33333333333333
pC1_type:pC1_5b,25.0,evoked_spikes_per_neuron_per_pulse,cut_vPN1_to_pC1,0.46875,0.4125,12.000000000000004
pC1_type:pC1_5b,25.0,evoked_spikes_per_neuron_per_pulse,cut_vPN1_to_other,0.46875,0.51875,-10.666666666666677
pC1_type:pC1_5b,25.0,evoked_spikes_per_neuron_per_pulse,cut_vPN1_all_output,0.46875,0.56875,-21.33333333333333
pC1_type:pC1_5b,25.0,evoked_spikes_per_neuron_per_pulse,silence_aPN1,0.46875,0.35625,23.999999999999996
pC1_type:pC1_5b,35.0,peak_rate_hz,silence_vPN1,22.5,22.5,0.0
pC1_type:pC1_5b,35.0,peak_rate_hz,cut_vPN1_to_pC1,22.5,22.5,0.0
pC1_type:pC1_5b,35.0,peak_rate_hz,cut_vPN1_to_other,22.5,22.5,0.0
pC1_type:pC1_5b,35.0,peak_rate_hz,cut_vPN1_all_output,22.5,22.5,0.0
pC1_type:pC1_5b,35.0,peak_rate_hz,silence_aPN1,22.5,22.5,0.0
pC1_type:pC1_5b,35.0,evoked_spikes_per_neuron_per_pulse,silence_vPN1,0.68125,0.68125,0.0
pC1_type:pC1_5b,35.0,evoked_spikes_per_neuron_per_pulse,cut_vPN1_to_pC1,0.68125,0.68125,0.0
pC1_type:pC1_5b,35.0,evoked_spikes_per_neuron_per_pulse,cut_vPN1_to_other,0.68125,0.6,11.92660550458716
pC1_type:pC1_5b,35.0,evoked_spikes_per_neuron_per_pulse,cut_vPN1_all_output,0.68125,0.68125,0.0
pC1_type:pC1_5b,35.0,evoked_spikes_per_neuron_per_pulse,silence_aPN1,0.68125,0.575,15.596330275229368
pC1_type:pC1_5b,45.0,peak_rate_hz,silence_vPN1,22.5,22.5,0.0
pC1_type:pC1_5b,45.0,peak_rate_hz,cut_vPN1_to_pC1,22.5,22.5,0.0
pC1_type:pC1_5b,45.0,peak_rate_hz,cut_vPN1_to_other,22.5,22.5,0.0
pC1_type:pC1_5b,45.0,peak_rate_hz,cut_vPN1_all_output,22.5,22.5,0.0
pC1_type:pC1_5b,45.0,peak_rate_hz,silence_aPN1,22.5,22.5,0.0
pC1_type:pC1_5b,45.0,evoked_spikes_per_neuron_per_pulse,silence_vPN1,0.71875,0.75,-4.3478260869565215
pC1_type:pC1_5b,45.0,evoked_spikes_per_neuron_per_pulse,cut_vPN1_to_pC1,0.71875,0.70625,1.7391304347826024
pC1_type:pC1_5b,45.0,evoked_spikes_per_neuron_per_pulse,cut_vPN1_to_other,0.71875,0.725,-0.8695652173913012
pC1_type:pC1_5b,45.0,evoked_spikes_per_neuron_per_pulse,cut_vPN1_all_output,0.71875,0.75,-4.3478260869565215
pC1_type:pC1_5b,45.0,evoked_spikes_per_neuron_per_pulse,silence_aPN1,0.71875,0.63125,12.173913043478263
pC1_type:pC1_5b,55.0,peak_rate_hz,silence_vPN1,15.0,15.0,0.0
pC1_type:pC1_5b,55.0,peak_rate_hz,cut_vPN1_to_pC1,15.0,15.0,0.0
pC1_type:pC1_5b,55.0,peak_rate_hz,cut_vPN1_to_other,15.0,15.0,0.0
pC1_type:pC1_5b,55.0,peak_rate_hz,cut_vPN1_all_output,15.0,15.0,0.0
pC1_type:pC1_5b,55.0,peak_rate_hz,silence_aPN1,15.0,15.0,0.0
pC1_type:pC1_5b,55.0,evoked_spikes_per_neuron_per_pulse,silence_vPN1,0.75,0.75,0.0
pC1_type:pC1_5b,55.0,evoked_spikes_per_neuron_per_pulse,cut_vPN1_to_pC1,0.75,0.74375,0.8333333333333304
pC1_type:pC1_5b,55.0,evoked_spikes_per_neuron_per_pulse,cut_vPN1_to_other,0.75,0.66875,10.833333333333337
pC1_type:pC1_5b,55.0,evoked_spikes_per_neuron_per_pulse,cut_vPN1_all_output,0.75,0.75,0.0
pC1_type:pC1_5b,55.0,evoked_spikes_per_neuron_per_pulse,silence_aPN1,0.75,0.725,3.333333333333336
pC1_type:pC1_5b,65.0,peak_rate_hz,silence_vPN1,15.0,15.0,0.0
pC1_type:pC1_5b,65.0,peak_rate_hz,cut_vPN1_to_pC1,15.0,15.0,0.0
pC1_type:pC1_5b,65.0,peak_rate_hz,cut_vPN1_to_other,15.0,15.0,0.0
pC1_type:pC1_5b,65.0,peak_rate_hz,cut_vPN1_all_output,15.0,15.0,0.0
pC1_type:pC1_5b,65.0,peak_rate_hz,silence_aPN1,15.0,15.0,0.0
pC1_type:pC1_5b,65.0,evoked_spikes_per_neuron_per_pulse,silence_vPN1,0.75,0.75,0.0
pC1_type:pC1_5b,65.0,evoked_spikes_per_neuron_per_pulse,cut_vPN1_to_pC1,0.75,0.75,0.0
pC1_type:pC1_5b,65.0,evoked_spikes_per_neuron_per_pulse,cut_vPN1_to_other,0.75,0.75,0.0
pC1_type:pC1_5b,65.0,evoked_spikes_per_neuron_per_pulse,cut_vPN1_all_output,0.75,0.75,0.0
pC1_type:pC1_5b,65.0,evoked_spikes_per_neuron_per_pulse,silence_aPN1,0.75,0.75,0.0
pC1_type:pC1_5b,75.0,peak_rate_hz,silence_vPN1,15.0,15.0,0.0
pC1_type:pC1_5b,75.0,peak_rate_hz,cut_vPN1_to_pC1,15.0,15.0,0.0
pC1_type:pC1_5b,75.0,peak_rate_hz,cut_vPN1_to_other,15.0,15.0,0.0
pC1_type:pC1_5b,75.0,peak_rate_hz,cut_vPN1_all_output,15.0,15.0,0.0
pC1_type:pC1_5b,75.0,peak_rate_hz,silence_aPN1,15.0,15.0,0.0
pC1_type:pC1_5b,75.0,evoked_spikes_per_neuron_per_pulse,silence_vPN1,0.75,0.75,0.0
pC1_type:pC1_5b,75.0,evoked_spikes_per_neuron_per_pulse,cut_vPN1_to_pC1,0.75,0.75,0.0
pC1_type:pC1_5b,75.0,evoked_spikes_per_neuron_per_pulse,cut_vPN1_to_other,0.75,0.675,9.999999999999995
pC1_type:pC1_5b,75.0,evoked_spikes_per_neuron_per_pulse,cut_vPN1_all_output,0.75,0.75,0.0
pC1_type:pC1_5b,75.0,evoked_spikes_per_neuron_per_pulse,silence_aPN1,0.75,0.75,0.0
pC1_type:pC1_5b,85.0,peak_rate_hz,silence_vPN1,15.0,15.0,0.0
pC1_type:pC1_5b,85.0,peak_rate_hz,cut_vPN1_to_pC1,15.0,15.0,0.0
pC1_type:pC1_5b,85.0,peak_rate_hz,cut_vPN1_to_other,15.0,15.0,0.0
pC1_type:pC1_5b,85.0,peak_rate_hz,cut_vPN1_all_output,15.0,15.0,0.0
pC1_type:pC1_5b,85.0,peak_rate_hz,silence_aPN1,15.0,15.0,0.0
pC1_type:pC1_5b,85.0,evoked_spikes_per_neuron_per_pulse,silence_vPN1,0.73125,0.73125,0.0
pC1_type:pC1_5b,85.0,evoked_spikes_per_neuron_per_pulse,cut_vPN1_to_pC1,0.73125,0.7125,2.564102564102555
pC1_type:pC1_5b,85.0,evoked_spikes_per_neuron_per_pulse,cut_vPN1_to_other,0.73125,0.7375,-0.8547008547008669
pC1_type:pC1_5b,85.0,evoked_spikes_per_neuron_per_pulse,cut_vPN1_all_output,0.73125,0.73125,0.0
pC1_type:pC1_5b,85.0,evoked_spikes_per_neuron_per_pulse,silence_aPN1,0.73125,0.75,-2.5641025641025705
pC1_type:pC1_5b,95.0,peak_rate_hz,silence_vPN1,15.0,15.0,0.0
pC1_type:pC1_5b,95.0,peak_rate_hz,cut_vPN1_to_pC1,15.0,15.0,0.0
pC1_type:pC1_5b,95.0,peak_rate_hz,cut_vPN1_to_other,15.0,15.0,0.0
pC1_type:pC1_5b,95.0,peak_rate_hz,cut_vPN1_all_output,15.0,15.0,0.0
pC1_type:pC1_5b,95.0,peak_rate_hz,silence_aPN1,15.0,15.0,0.0
pC1_type:pC1_5b,95.0,evoked_spikes_per_neuron_per_pulse,silence_vPN1,0.75,0.75,0.0
pC1_type:pC1_5b,95.0,evoked_spikes_per_neuron_per_pulse,cut_vPN1_to_pC1,0.75,0.75,0.0
pC1_type:pC1_5b,95.0,evoked_spikes_per_neuron_per_pulse,cut_vPN1_to_other,0.75,0.75,0.0
pC1_type:pC1_5b,95.0,evoked_spikes_per_neuron_per_pulse,cut_vPN1_all_output,0.75,0.75,0.0
pC1_type:pC1_5b,95.0,evoked_spikes_per_neuron_per_pulse,silence_aPN1,0.75,0.75,0.0
pC1_type:pC1_6a,15.0,peak_rate_hz,silence_vPN1,0.0,0.0,
pC1_type:pC1_6a,15.0,peak_rate_hz,cut_vPN1_to_pC1,0.0,0.0,
pC1_type:pC1_6a,15.0,peak_rate_hz,cut_vPN1_to_other,0.0,0.0,
pC1_type:pC1_6a,15.0,peak_rate_hz,cut_vPN1_all_output,0.0,0.0,
pC1_type:pC1_6a,15.0,peak_rate_hz,silence_aPN1,0.0,0.0,
pC1_type:pC1_6a,15.0,evoked_spikes_per_neuron_per_pulse,silence_vPN1,0.0,0.0,
pC1_type:pC1_6a,15.0,evoked_spikes_per_neuron_per_pulse,cut_vPN1_to_pC1,0.0,0.0,
pC1_type:pC1_6a,15.0,evoked_spikes_per_neuron_per_pulse,cut_vPN1_to_other,0.0,0.0,
pC1_type:pC1_6a,15.0,evoked_spikes_per_neuron_per_pulse,cut_vPN1_all_output,0.0,0.0,
pC1_type:pC1_6a,15.0,evoked_spikes_per_neuron_per_pulse,silence_aPN1,0.0,0.0,
pC1_type:pC1_6a,25.0,peak_rate_hz,silence_vPN1,0.0,0.0,
pC1_type:pC1_6a,25.0,peak_rate_hz,cut_vPN1_to_pC1,0.0,0.0,
pC1_type:pC1_6a,25.0,peak_rate_hz,cut_vPN1_to_other,0.0,0.0,
pC1_type:pC1_6a,25.0,peak_rate_hz,cut_vPN1_all_output,0.0,0.0,
pC1_type:pC1_6a,25.0,peak_rate_hz,silence_aPN1,0.0,0.0,
pC1_type:pC1_6a,25.0,evoked_spikes_per_neuron_per_pulse,silence_vPN1,0.0,0.0,
pC1_type:pC1_6a,25.0,evoked_spikes_per_neuron_per_pulse,cut_vPN1_to_pC1,0.0,0.0,
pC1_type:pC1_6a,25.0,evoked_spikes_per_neuron_per_pulse,cut_vPN1_to_other,0.0,0.0,
pC1_type:pC1_6a,25.0,evoked_spikes_per_neuron_per_pulse,cut_vPN1_all_output,0.0,0.0,
pC1_type:pC1_6a,25.0,evoked_spikes_per_neuron_per_pulse,silence_aPN1,0.0,0.0,
pC1_type:pC1_6a,35.0,peak_rate_hz,silence_vPN1,0.0,0.0,
pC1_type:pC1_6a,35.0,peak_rate_hz,cut_vPN1_to_pC1,0.0,0.0,
pC1_type:pC1_6a,35.0,peak_rate_hz,cut_vPN1_to_other,0.0,0.0,
pC1_type:pC1_6a,35.0,peak_rate_hz,cut_vPN1_all_output,0.0,0.0,
pC1_type:pC1_6a,35.0,peak_rate_hz,silence_aPN1,0.0,0.0,
pC1_type:pC1_6a,35.0,evoked_spikes_per_neuron_per_pulse,silence_vPN1,0.0,0.0,
pC1_type:pC1_6a,35.0,evoked_spikes_per_neuron_per_pulse,cut_vPN1_to_pC1,0.0,0.0,
pC1_type:pC1_6a,35.0,evoked_spikes_per_neuron_per_pulse,cut_vPN1_to_other,0.0,0.0,
pC1_type:pC1_6a,35.0,evoked_spikes_per_neuron_per_pulse,cut_vPN1_all_output,0.0,0.0,
pC1_type:pC1_6a,35.0,evoked_spikes_per_neuron_per_pulse,silence_aPN1,0.0,0.0,
pC1_type:pC1_6a,45.0,peak_rate_hz,silence_vPN1,0.0,0.0,
pC1_type:pC1_6a,45.0,peak_rate_hz,cut_vPN1_to_pC1,0.0,0.0,
pC1_type:pC1_6a,45.0,peak_rate_hz,cut_vPN1_to_other,0.0,0.0,
pC1_type:pC1_6a,45.0,peak_rate_hz,cut_vPN1_all_output,0.0,0.0,
pC1_type:pC1_6a,45.0,peak_rate_hz,silence_aPN1,0.0,0.0,
pC1_type:pC1_6a,45.0,evoked_spikes_per_neuron_per_pulse,silence_vPN1,0.0,0.0,
pC1_type:pC1_6a,45.0,evoked_spikes_per_neuron_per_pulse,cut_vPN1_to_pC1,0.0,0.0,
pC1_type:pC1_6a,45.0,evoked_spikes_per_neuron_per_pulse,cut_vPN1_to_other,0.0,0.0,
pC1_type:pC1_6a,45.0,evoked_spikes_per_neuron_per_pulse,cut_vPN1_all_output,0.0,0.0,
pC1_type:pC1_6a,45.0,evoked_spikes_per_neuron_per_pulse,silence_aPN1,0.0,0.0,
pC1_type:pC1_6a,55.0,peak_rate_hz,silence_vPN1,0.0,0.0,
pC1_type:pC1_6a,55.0,peak_rate_hz,cut_vPN1_to_pC1,0.0,0.0,
pC1_type:pC1_6a,55.0,peak_rate_hz,cut_vPN1_to_other,0.0,5.0,
pC1_type:pC1_6a,55.0,peak_rate_hz,cut_vPN1_all_output,0.0,0.0,
pC1_type:pC1_6a,55.0,peak_rate_hz,silence_aPN1,0.0,0.0,
pC1_type:pC1_6a,55.0,evoked_spikes_per_neuron_per_pulse,silence_vPN1,0.0,0.0,
pC1_type:pC1_6a,55.0,evoked_spikes_per_neuron_per_pulse,cut_vPN1_to_pC1,0.0,0.0,
pC1_type:pC1_6a,55.0,evoked_spikes_per_neuron_per_pulse,cut_vPN1_to_other,0.0,0.0125,
pC1_type:pC1_6a,55.0,evoked_spikes_per_neuron_per_pulse,cut_vPN1_all_output,0.0,0.0,
pC1_type:pC1_6a,55.0,evoked_spikes_per_neuron_per_pulse,silence_aPN1,0.0,0.0,
pC1_type:pC1_6a,65.0,peak_rate_hz,silence_vPN1,0.0,0.0,
pC1_type:pC1_6a,65.0,peak_rate_hz,cut_vPN1_to_pC1,0.0,0.0,
pC1_type:pC1_6a,65.0,peak_rate_hz,cut_vPN1_to_other,0.0,0.0,
pC1_type:pC1_6a,65.0,peak_rate_hz,cut_vPN1_all_output,0.0,0.0,
pC1_type:pC1_6a,65.0,peak_rate_hz,silence_aPN1,0.0,0.0,
pC1_type:pC1_6a,65.0,evoked_spikes_per_neuron_per_pulse,silence_vPN1,0.0,0.0,
pC1_type:pC1_6a,65.0,evoked_spikes_per_neuron_per_pulse,cut_vPN1_to_pC1,0.0,0.0,
pC1_type:pC1_6a,65.0,evoked_spikes_per_neuron_per_pulse,cut_vPN1_to_other,0.0,0.0,
pC1_type:pC1_6a,65.0,evoked_spikes_per_neuron_per_pulse,cut_vPN1_all_output,0.0,0.0,
pC1_type:pC1_6a,65.0,evoked_spikes_per_neuron_per_pulse,silence_aPN1,0.0,0.0,
pC1_type:pC1_6a,75.0,peak_rate_hz,silence_vPN1,0.0,0.0,
pC1_type:pC1_6a,75.0,peak_rate_hz,cut_vPN1_to_pC1,0.0,0.0,
pC1_type:pC1_6a,75.0,peak_rate_hz,cut_vPN1_to_other,0.0,0.0,
pC1_type:pC1_6a,75.0,peak_rate_hz,cut_vPN1_all_output,0.0,0.0,
pC1_type:pC1_6a,75.0,peak_rate_hz,silence_aPN1,0.0,0.0,
pC1_type:pC1_6a,75.0,evoked_spikes_per_neuron_per_pulse,silence_vPN1,0.0,0.0,
pC1_type:pC1_6a,75.0,evoked_spikes_per_neuron_per_pulse,cut_vPN1_to_pC1,0.0,0.0,
pC1_type:pC1_6a,75.0,evoked_spikes_per_neuron_per_pulse,cut_vPN1_to_other,0.0,0.0,
pC1_type:pC1_6a,75.0,evoked_spikes_per_neuron_per_pulse,cut_vPN1_all_output,0.0,0.0,
pC1_type:pC1_6a,75.0,evoked_spikes_per_neuron_per_pulse,silence_aPN1,0.0,0.0,
pC1_type:pC1_6a,85.0,peak_rate_hz,silence_vPN1,0.0,0.0,
pC1_type:pC1_6a,85.0,peak_rate_hz,cut_vPN1_to_pC1,0.0,0.0,
pC1_type:pC1_6a,85.0,peak_rate_hz,cut_vPN1_to_other,0.0,0.0,
pC1_type:pC1_6a,85.0,peak_rate_hz,cut_vPN1_all_output,0.0,0.0,
pC1_type:pC1_6a,85.0,peak_rate_hz,silence_aPN1,0.0,0.0,
pC1_type:pC1_6a,85.0,evoked_spikes_per_neuron_per_pulse,silence_vPN1,0.0,0.0,
pC1_type:pC1_6a,85.0,evoked_spikes_per_neuron_per_pulse,cut_vPN1_to_pC1,0.0,0.0,
pC1_type:pC1_6a,85.0,evoked_spikes_per_neuron_per_pulse,cut_vPN1_to_other,0.0,0.0,
pC1_type:pC1_6a,85.0,evoked_spikes_per_neuron_per_pulse,cut_vPN1_all_output,0.0,0.0,
pC1_type:pC1_6a,85.0,evoked_spikes_per_neuron_per_pulse,silence_aPN1,0.0,0.0,
pC1_type:pC1_6a,95.0,peak_rate_hz,silence_vPN1,0.0,0.0,
pC1_type:pC1_6a,95.0,peak_rate_hz,cut_vPN1_to_pC1,0.0,0.0,
pC1_type:pC1_6a,95.0,peak_rate_hz,cut_vPN1_to_other,0.0,0.0,
pC1_type:pC1_6a,95.0,peak_rate_hz,cut_vPN1_all_output,0.0,0.0,
pC1_type:pC1_6a,95.0,peak_rate_hz,silence_aPN1,0.0,0.0,
pC1_type:pC1_6a,95.0,evoked_spikes_per_neuron_per_pulse,silence_vPN1,0.0,0.0,
pC1_type:pC1_6a,95.0,evoked_spikes_per_neuron_per_pulse,cut_vPN1_to_pC1,0.0,0.0,
pC1_type:pC1_6a,95.0,evoked_spikes_per_neuron_per_pulse,cut_vPN1_to_other,0.0,0.0,
pC1_type:pC1_6a,95.0,evoked_spikes_per_neuron_per_pulse,cut_vPN1_all_output,0.0,0.0,
pC1_type:pC1_6a,95.0,evoked_spikes_per_neuron_per_pulse,silence_aPN1,0.0,0.0,
pC1_type:pC1_6b,15.0,peak_rate_hz,silence_vPN1,0.0,5.0,
pC1_type:pC1_6b,15.0,peak_rate_hz,cut_vPN1_to_pC1,0.0,5.0,
pC1_type:pC1_6b,15.0,peak_rate_hz,cut_vPN1_to_other,0.0,5.0,
pC1_type:pC1_6b,15.0,peak_rate_hz,cut_vPN1_all_output,0.0,5.0,
pC1_type:pC1_6b,15.0,peak_rate_hz,silence_aPN1,0.0,0.0,
pC1_type:pC1_6b,15.0,evoked_spikes_per_neuron_per_pulse,silence_vPN1,0.0,0.0125,
pC1_type:pC1_6b,15.0,evoked_spikes_per_neuron_per_pulse,cut_vPN1_to_pC1,0.0,0.025,
pC1_type:pC1_6b,15.0,evoked_spikes_per_neuron_per_pulse,cut_vPN1_to_other,0.0,0.0125,
pC1_type:pC1_6b,15.0,evoked_spikes_per_neuron_per_pulse,cut_vPN1_all_output,0.0,0.0125,
pC1_type:pC1_6b,15.0,evoked_spikes_per_neuron_per_pulse,silence_aPN1,0.0,0.0,
pC1_type:pC1_6b,25.0,peak_rate_hz,silence_vPN1,0.0,0.0,
pC1_type:pC1_6b,25.0,peak_rate_hz,cut_vPN1_to_pC1,0.0,0.0,
pC1_type:pC1_6b,25.0,peak_rate_hz,cut_vPN1_to_other,0.0,5.0,
pC1_type:pC1_6b,25.0,peak_rate_hz,cut_vPN1_all_output,0.0,0.0,
pC1_type:pC1_6b,25.0,peak_rate_hz,silence_aPN1,0.0,0.0,
pC1_type:pC1_6b,25.0,evoked_spikes_per_neuron_per_pulse,silence_vPN1,0.0,0.0,
pC1_type:pC1_6b,25.0,evoked_spikes_per_neuron_per_pulse,cut_vPN1_to_pC1,0.0,0.0,
pC1_type:pC1_6b,25.0,evoked_spikes_per_neuron_per_pulse,cut_vPN1_to_other,0.0,0.025,
pC1_type:pC1_6b,25.0,evoked_spikes_per_neuron_per_pulse,cut_vPN1_all_output,0.0,0.0,
pC1_type:pC1_6b,25.0,evoked_spikes_per_neuron_per_pulse,silence_aPN1,0.0,0.0,
pC1_type:pC1_6b,35.0,peak_rate_hz,silence_vPN1,0.0,0.0,
pC1_type:pC1_6b,35.0,peak_rate_hz,cut_vPN1_to_pC1,0.0,0.0,
pC1_type:pC1_6b,35.0,peak_rate_hz,cut_vPN1_to_other,0.0,0.0,
pC1_type:pC1_6b,35.0,peak_rate_hz,cut_vPN1_all_output,0.0,0.0,
pC1_type:pC1_6b,35.0,peak_rate_hz,silence_aPN1,0.0,0.0,
pC1_type:pC1_6b,35.0,evoked_spikes_per_neuron_per_pulse,silence_vPN1,0.0,0.0,
pC1_type:pC1_6b,35.0,evoked_spikes_per_neuron_per_pulse,cut_vPN1_to_pC1,0.0,0.0,
pC1_type:pC1_6b,35.0,evoked_spikes_per_neuron_per_pulse,cut_vPN1_to_other,0.0,0.0,
pC1_type:pC1_6b,35.0,evoked_spikes_per_neuron_per_pulse,cut_vPN1_all_output,0.0,0.0,
pC1_type:pC1_6b,35.0,evoked_spikes_per_neuron_per_pulse,silence_aPN1,0.0,0.0,
pC1_type:pC1_6b,45.0,peak_rate_hz,silence_vPN1,0.0,5.0,
pC1_type:pC1_6b,45.0,peak_rate_hz,cut_vPN1_to_pC1,0.0,0.0,
pC1_type:pC1_6b,45.0,peak_rate_hz,cut_vPN1_to_other,0.0,0.0,
pC1_type:pC1_6b,45.0,peak_rate_hz,cut_vPN1_all_output,0.0,5.0,
pC1_type:pC1_6b,45.0,peak_rate_hz,silence_aPN1,0.0,25.0,
pC1_type:pC1_6b,45.0,evoked_spikes_per_neuron_per_pulse,silence_vPN1,0.0,0.0125,
pC1_type:pC1_6b,45.0,evoked_spikes_per_neuron_per_pulse,cut_vPN1_to_pC1,0.0,0.0,
pC1_type:pC1_6b,45.0,evoked_spikes_per_neuron_per_pulse,cut_vPN1_to_other,0.0,0.0,
pC1_type:pC1_6b,45.0,evoked_spikes_per_neuron_per_pulse,cut_vPN1_all_output,0.0,0.0125,
pC1_type:pC1_6b,45.0,evoked_spikes_per_neuron_per_pulse,silence_aPN1,0.0,0.0625,
pC1_type:pC1_6b,55.0,peak_rate_hz,silence_vPN1,0.0,0.0,
pC1_type:pC1_6b,55.0,peak_rate_hz,cut_vPN1_to_pC1,0.0,0.0,
pC1_type:pC1_6b,55.0,peak_rate_hz,cut_vPN1_to_other,0.0,0.0,
pC1_type:pC1_6b,55.0,peak_rate_hz,cut_vPN1_all_output,0.0,0.0,
pC1_type:pC1_6b,55.0,peak_rate_hz,silence_aPN1,0.0,0.0,
pC1_type:pC1_6b,55.0,evoked_spikes_per_neuron_per_pulse,silence_vPN1,0.0,0.0,
pC1_type:pC1_6b,55.0,evoked_spikes_per_neuron_per_pulse,cut_vPN1_to_pC1,0.0,0.0,
pC1_type:pC1_6b,55.0,evoked_spikes_per_neuron_per_pulse,cut_vPN1_to_other,0.0,0.0,
pC1_type:pC1_6b,55.0,evoked_spikes_per_neuron_per_pulse,cut_vPN1_all_output,0.0,0.0,
pC1_type:pC1_6b,55.0,evoked_spikes_per_neuron_per_pulse,silence_aPN1,0.0,0.0,
pC1_type:pC1_6b,65.0,peak_rate_hz,silence_vPN1,0.0,0.0,
pC1_type:pC1_6b,65.0,peak_rate_hz,cut_vPN1_to_pC1,0.0,0.0,
pC1_type:pC1_6b,65.0,peak_rate_hz,cut_vPN1_to_other,0.0,5.0,
pC1_type:pC1_6b,65.0,peak_rate_hz,cut_vPN1_all_output,0.0,0.0,
pC1_type:pC1_6b,65.0,peak_rate_hz,silence_aPN1,0.0,5.0,
pC1_type:pC1_6b,65.0,evoked_spikes_per_neuron_per_pulse,silence_vPN1,0.0,0.0,
pC1_type:pC1_6b,65.0,evoked_spikes_per_neuron_per_pulse,cut_vPN1_to_pC1,0.0,0.0,
pC1_type:pC1_6b,65.0,evoked_spikes_per_neuron_per_pulse,cut_vPN1_to_other,0.0,0.0125,
pC1_type:pC1_6b,65.0,evoked_spikes_per_neuron_per_pulse,cut_vPN1_all_output,0.0,0.0,
pC1_type:pC1_6b,65.0,evoked_spikes_per_neuron_per_pulse,silence_aPN1,0.0,0.0125,
pC1_type:pC1_6b,75.0,peak_rate_hz,silence_vPN1,0.0,0.0,
pC1_type:pC1_6b,75.0,peak_rate_hz,cut_vPN1_to_pC1,0.0,0.0,
pC1_type:pC1_6b,75.0,peak_rate_hz,cut_vPN1_to_other,0.0,0.0,
pC1_type:pC1_6b,75.0,peak_rate_hz,cut_vPN1_all_output,0.0,0.0,
pC1_type:pC1_6b,75.0,peak_rate_hz,silence_aPN1,0.0,0.0,
pC1_type:pC1_6b,75.0,evoked_spikes_per_neuron_per_pulse,silence_vPN1,0.0,0.0,
pC1_type:pC1_6b,75.0,evoked_spikes_per_neuron_per_pulse,cut_vPN1_to_pC1,0.0,0.0,
pC1_type:pC1_6b,75.0,evoked_spikes_per_neuron_per_pulse,cut_vPN1_to_other,0.0,0.0,
pC1_type:pC1_6b,75.0,evoked_spikes_per_neuron_per_pulse,cut_vPN1_all_output,0.0,0.0,
pC1_type:pC1_6b,75.0,evoked_spikes_per_neuron_per_pulse,silence_aPN1,0.0,0.0,
pC1_type:pC1_6b,85.0,peak_rate_hz,silence_vPN1,0.0,0.0,
pC1_type:pC1_6b,85.0,peak_rate_hz,cut_vPN1_to_pC1,0.0,0.0,
pC1_type:pC1_6b,85.0,peak_rate_hz,cut_vPN1_to_other,0.0,0.0,
pC1_type:pC1_6b,85.0,peak_rate_hz,cut_vPN1_all_output,0.0,0.0,
pC1_type:pC1_6b,85.0,peak_rate_hz,silence_aPN1,0.0,0.0,
pC1_type:pC1_6b,85.0,evoked_spikes_per_neuron_per_pulse,silence_vPN1,0.0,0.0,
pC1_type:pC1_6b,85.0,evoked_spikes_per_neuron_per_pulse,cut_vPN1_to_pC1,0.0,0.0,
pC1_type:pC1_6b,85.0,evoked_spikes_per_neuron_per_pulse,cut_vPN1_to_other,0.0,0.0,
pC1_type:pC1_6b,85.0,evoked_spikes_per_neuron_per_pulse,cut_vPN1_all_output,0.0,0.0,
pC1_type:pC1_6b,85.0,evoked_spikes_per_neuron_per_pulse,silence_aPN1,0.0,0.0,
pC1_type:pC1_6b,95.0,peak_rate_hz,silence_vPN1,0.0,5.0,
pC1_type:pC1_6b,95.0,peak_rate_hz,cut_vPN1_to_pC1,0.0,0.0,
pC1_type:pC1_6b,95.0,peak_rate_hz,cut_vPN1_to_other,0.0,0.0,
pC1_type:pC1_6b,95.0,peak_rate_hz,cut_vPN1_all_output,0.0,5.0,
pC1_type:pC1_6b,95.0,peak_rate_hz,silence_aPN1,0.0,5.0,
pC1_type:pC1_6b,95.0,evoked_spikes_per_neuron_per_pulse,silence_vPN1,0.0,0.0125,
pC1_type:pC1_6b,95.0,evoked_spikes_per_neuron_per_pulse,cut_vPN1_to_pC1,0.0,0.0,
pC1_type:pC1_6b,95.0,evoked_spikes_per_neuron_per_pulse,cut_vPN1_to_other,0.0,0.0,
pC1_type:pC1_6b,95.0,evoked_spikes_per_neuron_per_pulse,cut_vPN1_all_output,0.0,0.0125,
pC1_type:pC1_6b,95.0,evoked_spikes_per_neuron_per_pulse,silence_aPN1,0.0,0.0125,
pC1_type:pC1_7a,15.0,peak_rate_hz,silence_vPN1,52.5,57.5,-9.523809523809524
pC1_type:pC1_7a,15.0,peak_rate_hz,cut_vPN1_to_pC1,52.5,55.0,-4.761904761904762
pC1_type:pC1_7a,15.0,peak_rate_hz,cut_vPN1_to_other,52.5,52.5,0.0
pC1_type:pC1_7a,15.0,peak_rate_hz,cut_vPN1_all_output,52.5,57.5,-9.523809523809524
pC1_type:pC1_7a,15.0,peak_rate_hz,silence_aPN1,52.5,60.0,-14.285714285714286
pC1_type:pC1_7a,15.0,evoked_spikes_per_neuron_per_pulse,silence_vPN1,0.525,0.6,-14.285714285714276
pC1_type:pC1_7a,15.0,evoked_spikes_per_neuron_per_pulse,cut_vPN1_to_pC1,0.525,0.59375,-13.095238095238091
pC1_type:pC1_7a,15.0,evoked_spikes_per_neuron_per_pulse,cut_vPN1_to_other,0.525,0.51875,1.1904761904761862
pC1_type:pC1_7a,15.0,evoked_spikes_per_neuron_per_pulse,cut_vPN1_all_output,0.525,0.6,-14.285714285714276
pC1_type:pC1_7a,15.0,evoked_spikes_per_neuron_per_pulse,silence_aPN1,0.525,0.525,0.0
pC1_type:pC1_7a,25.0,peak_rate_hz,silence_vPN1,37.5,40.0,-6.666666666666667
pC1_type:pC1_7a,25.0,peak_rate_hz,cut_vPN1_to_pC1,37.5,35.0,6.666666666666667
pC1_type:pC1_7a,25.0,peak_rate_hz,cut_vPN1_to_other,37.5,37.5,0.0
pC1_type:pC1_7a,25.0,peak_rate_hz,cut_vPN1_all_output,37.5,40.0,-6.666666666666667
pC1_type:pC1_7a,25.0,peak_rate_hz,silence_aPN1,37.5,40.0,-6.666666666666667
pC1_type:pC1_7a,25.0,evoked_spikes_per_neuron_per_pulse,silence_vPN1,0.6,0.65,-8.333333333333341
pC1_type:pC1_7a,25.0,evoked_spikes_per_neuron_per_pulse,cut_vPN1_to_pC1,0.6,0.44375,26.041666666666668
pC1_type:pC1_7a,25.0,evoked_spikes_per_neuron_per_pulse,cut_vPN1_to_other,0.6,0.675,-12.500000000000012
pC1_type:pC1_7a,25.0,evoked_spikes_per_neuron_per_pulse,cut_vPN1_all_output,0.6,0.65,-8.333333333333341
pC1_type:pC1_7a,25.0,evoked_spikes_per_neuron_per_pulse,silence_aPN1,0.6,0.75625,-26.041666666666668
pC1_type:pC1_7a,35.0,peak_rate_hz,silence_vPN1,27.5,25.0,9.090909090909092
pC1_type:pC1_7a,35.0,peak_rate_hz,cut_vPN1_to_pC1,27.5,35.0,-27.272727272727273
pC1_type:pC1_7a,35.0,peak_rate_hz,cut_vPN1_to_other,27.5,27.5,0.0
pC1_type:pC1_7a,35.0,peak_rate_hz,cut_vPN1_all_output,27.5,25.0,9.090909090909092
pC1_type:pC1_7a,35.0,peak_rate_hz,silence_aPN1,27.5,35.0,-27.272727272727273
pC1_type:pC1_7a,35.0,evoked_spikes_per_neuron_per_pulse,silence_vPN1,0.76875,0.63125,17.886178861788625
pC1_type:pC1_7a,35.0,evoked_spikes_per_neuron_per_pulse,cut_vPN1_to_pC1,0.76875,0.76875,0.0
pC1_type:pC1_7a,35.0,evoked_spikes_per_neuron_per_pulse,cut_vPN1_to_other,0.76875,0.64375,16.260162601626014
pC1_type:pC1_7a,35.0,evoked_spikes_per_neuron_per_pulse,cut_vPN1_all_output,0.76875,0.63125,17.886178861788625
pC1_type:pC1_7a,35.0,evoked_spikes_per_neuron_per_pulse,silence_aPN1,0.76875,0.7625,0.8130081300813123
pC1_type:pC1_7a,45.0,peak_rate_hz,silence_vPN1,30.0,30.0,0.0
pC1_type:pC1_7a,45.0,peak_rate_hz,cut_vPN1_to_pC1,30.0,27.5,8.333333333333334
pC1_type:pC1_7a,45.0,peak_rate_hz,cut_vPN1_to_other,30.0,30.0,0.0
pC1_type:pC1_7a,45.0,peak_rate_hz,cut_vPN1_all_output,30.0,30.0,0.0
pC1_type:pC1_7a,45.0,peak_rate_hz,silence_aPN1,30.0,27.5,8.333333333333334
pC1_type:pC1_7a,45.0,evoked_spikes_per_neuron_per_pulse,silence_vPN1,0.85,0.8875,-4.411764705882351
pC1_type:pC1_7a,45.0,evoked_spikes_per_neuron_per_pulse,cut_vPN1_to_pC1,0.85,0.75,11.76470588235294
pC1_type:pC1_7a,45.0,evoked_spikes_per_neuron_per_pulse,cut_vPN1_to_other,0.85,0.75,11.76470588235294
pC1_type:pC1_7a,45.0,evoked_spikes_per_neuron_per_pulse,cut_vPN1_all_output,0.85,0.8875,-4.411764705882351
pC1_type:pC1_7a,45.0,evoked_spikes_per_neuron_per_pulse,silence_aPN1,0.85,0.6375,25.000000000000004
pC1_type:pC1_7a,55.0,peak_rate_hz,silence_vPN1,20.0,20.0,0.0
pC1_type:pC1_7a,55.0,peak_rate_hz,cut_vPN1_to_pC1,20.0,20.0,0.0
pC1_type:pC1_7a,55.0,peak_rate_hz,cut_vPN1_to_other,20.0,20.0,0.0
pC1_type:pC1_7a,55.0,peak_rate_hz,cut_vPN1_all_output,20.0,20.0,0.0
pC1_type:pC1_7a,55.0,peak_rate_hz,silence_aPN1,20.0,17.5,12.5
pC1_type:pC1_7a,55.0,evoked_spikes_per_neuron_per_pulse,silence_vPN1,0.95,0.925,2.631578947368412
pC1_type:pC1_7a,55.0,evoked_spikes_per_neuron_per_pulse,cut_vPN1_to_pC1,0.95,0.95,0.0
pC1_type:pC1_7a,55.0,evoked_spikes_per_neuron_per_pulse,cut_vPN1_to_other,0.95,0.8375,11.842105263157888
pC1_type:pC1_7a,55.0,evoked_spikes_per_neuron_per_pulse,cut_vPN1_all_output,0.95,0.925,2.631578947368412
pC1_type:pC1_7a,55.0,evoked_spikes_per_neuron_per_pulse,silence_aPN1,0.95,0.725,23.684210526315788
pC1_type:pC1_7a,65.0,peak_rate_hz,silence_vPN1,20.0,20.0,0.0
pC1_type:pC1_7a,65.0,peak_rate_hz,cut_vPN1_to_pC1,20.0,20.0,0.0
pC1_type:pC1_7a,65.0,peak_rate_hz,cut_vPN1_to_other,20.0,20.0,0.0
pC1_type:pC1_7a,65.0,peak_rate_hz,cut_vPN1_all_output,20.0,20.0,0.0
pC1_type:pC1_7a,65.0,peak_rate_hz,silence_aPN1,20.0,20.0,0.0
pC1_type:pC1_7a,65.0,evoked_spikes_per_neuron_per_pulse,silence_vPN1,0.99375,0.95625,3.773584905660375
pC1_type:pC1_7a,65.0,evoked_spikes_per_neuron_per_pulse,cut_vPN1_to_pC1,0.99375,0.98125,1.2578616352201324
pC1_type:pC1_7a,65.0,evoked_spikes_per_neuron_per_pulse,cut_vPN1_to_other,0.99375,0.9875,0.6289308176100606
pC1_type:pC1_7a,65.0,evoked_spikes_per_neuron_per_pulse,cut_vPN1_all_output,0.99375,0.95625,3.773584905660375
pC1_type:pC1_7a,65.0,evoked_spikes_per_neuron_per_pulse,silence_aPN1,0.99375,0.93125,6.289308176100628
pC1_type:pC1_7a,75.0,peak_rate_hz,silence_vPN1,20.0,20.0,0.0
pC1_type:pC1_7a,75.0,peak_rate_hz,cut_vPN1_to_pC1,20.0,20.0,0.0
pC1_type:pC1_7a,75.0,peak_rate_hz,cut_vPN1_to_other,20.0,20.0,0.0
pC1_type:pC1_7a,75.0,peak_rate_hz,cut_vPN1_all_output,20.0,20.0,0.0
pC1_type:pC1_7a,75.0,peak_rate_hz,silence_aPN1,20.0,20.0,0.0
pC1_type:pC1_7a,75.0,evoked_spikes_per_neuron_per_pulse,silence_vPN1,0.99375,0.99375,0.0
pC1_type:pC1_7a,75.0,evoked_spikes_per_neuron_per_pulse,cut_vPN1_to_pC1,0.99375,0.9875,0.6289308176100606
pC1_type:pC1_7a,75.0,evoked_spikes_per_neuron_per_pulse,cut_vPN1_to_other,0.99375,0.86875,12.578616352201257
pC1_type:pC1_7a,75.0,evoked_spikes_per_neuron_per_pulse,cut_vPN1_all_output,0.99375,0.99375,0.0
pC1_type:pC1_7a,75.0,evoked_spikes_per_neuron_per_pulse,silence_aPN1,0.99375,0.99375,0.0
pC1_type:pC1_7a,85.0,peak_rate_hz,silence_vPN1,20.0,20.0,0.0
pC1_type:pC1_7a,85.0,peak_rate_hz,cut_vPN1_to_pC1,20.0,20.0,0.0
pC1_type:pC1_7a,85.0,peak_rate_hz,cut_vPN1_to_other,20.0,20.0,0.0
pC1_type:pC1_7a,85.0,peak_rate_hz,cut_vPN1_all_output,20.0,20.0,0.0
pC1_type:pC1_7a,85.0,peak_rate_hz,silence_aPN1,20.0,20.0,0.0
pC1_type:pC1_7a,85.0,evoked_spikes_per_neuron_per_pulse,silence_vPN1,0.96875,0.89375,7.7419354838709635
pC1_type:pC1_7a,85.0,evoked_spikes_per_neuron_per_pulse,cut_vPN1_to_pC1,0.96875,0.9,7.096774193548385
pC1_type:pC1_7a,85.0,evoked_spikes_per_neuron_per_pulse,cut_vPN1_to_other,0.96875,0.86875,10.322580645161288
pC1_type:pC1_7a,85.0,evoked_spikes_per_neuron_per_pulse,cut_vPN1_all_output,0.96875,0.89375,7.7419354838709635
pC1_type:pC1_7a,85.0,evoked_spikes_per_neuron_per_pulse,silence_aPN1,0.96875,0.99375,-2.5806451612903247
pC1_type:pC1_7a,95.0,peak_rate_hz,silence_vPN1,20.0,20.0,0.0
pC1_type:pC1_7a,95.0,peak_rate_hz,cut_vPN1_to_pC1,20.0,20.0,0.0
pC1_type:pC1_7a,95.0,peak_rate_hz,cut_vPN1_to_other,20.0,20.0,0.0
pC1_type:pC1_7a,95.0,peak_rate_hz,cut_vPN1_all_output,20.0,20.0,0.0
pC1_type:pC1_7a,95.0,peak_rate_hz,silence_aPN1,20.0,20.0,0.0
pC1_type:pC1_7a,95.0,evoked_spikes_per_neuron_per_pulse,silence_vPN1,0.98125,0.88125,10.19108280254777
pC1_type:pC1_7a,95.0,evoked_spikes_per_neuron_per_pulse,cut_vPN1_to_pC1,0.98125,0.94375,3.821656050955412
pC1_type:pC1_7a,95.0,evoked_spikes_per_neuron_per_pulse,cut_vPN1_to_other,0.98125,0.91875,6.369426751592357
pC1_type:pC1_7a,95.0,evoked_spikes_per_neuron_per_pulse,cut_vPN1_all_output,0.98125,0.88125,10.19108280254777
pC1_type:pC1_7a,95.0,evoked_spikes_per_neuron_per_pulse,silence_aPN1,0.98125,0.99375,-1.2738853503184782
pC1_type:pC1_7b,15.0,peak_rate_hz,silence_vPN1,37.5,50.0,-33.333333333333336
pC1_type:pC1_7b,15.0,peak_rate_hz,cut_vPN1_to_pC1,37.5,50.0,-33.333333333333336
pC1_type:pC1_7b,15.0,peak_rate_hz,cut_vPN1_to_other,37.5,40.0,-6.666666666666667
pC1_type:pC1_7b,15.0,peak_rate_hz,cut_vPN1_all_output,37.5,50.0,-33.333333333333336
pC1_type:pC1_7b,15.0,peak_rate_hz,silence_aPN1,37.5,37.5,0.0
pC1_type:pC1_7b,15.0,evoked_spikes_per_neuron_per_pulse,silence_vPN1,0.44375,0.50625,-14.084507042253522
pC1_type:pC1_7b,15.0,evoked_spikes_per_neuron_per_pulse,cut_vPN1_to_pC1,0.44375,0.46875,-5.633802816901413
pC1_type:pC1_7b,15.0,evoked_spikes_per_neuron_per_pulse,cut_vPN1_to_other,0.44375,0.4125,7.042253521126761
pC1_type:pC1_7b,15.0,evoked_spikes_per_neuron_per_pulse,cut_vPN1_all_output,0.44375,0.50625,-14.084507042253522
pC1_type:pC1_7b,15.0,evoked_spikes_per_neuron_per_pulse,silence_aPN1,0.44375,0.375,15.49295774647887
pC1_type:pC1_7b,25.0,peak_rate_hz,silence_vPN1,32.5,35.0,-7.6923076923076925
pC1_type:pC1_7b,25.0,peak_rate_hz,cut_vPN1_to_pC1,32.5,30.0,7.6923076923076925
pC1_type:pC1_7b,25.0,peak_rate_hz,cut_vPN1_to_other,32.5,32.5,0.0
pC1_type:pC1_7b,25.0,peak_rate_hz,cut_vPN1_all_output,32.5,35.0,-7.6923076923076925
pC1_type:pC1_7b,25.0,peak_rate_hz,silence_aPN1,32.5,37.5,-15.384615384615385
pC1_type:pC1_7b,25.0,evoked_spikes_per_neuron_per_pulse,silence_vPN1,0.49375,0.5375,-8.860759493670876
pC1_type:pC1_7b,25.0,evoked_spikes_per_neuron_per_pulse,cut_vPN1_to_pC1,0.49375,0.325,34.177215189873415
pC1_type:pC1_7b,25.0,evoked_spikes_per_neuron_per_pulse,cut_vPN1_to_other,0.49375,0.59375,-20.25316455696202
pC1_type:pC1_7b,25.0,evoked_spikes_per_neuron_per_pulse,cut_vPN1_all_output,0.49375,0.5375,-8.860759493670876
pC1_type:pC1_7b,25.0,evoked_spikes_per_neuron_per_pulse,silence_aPN1,0.49375,0.6625,-34.17721518987341
pC1_type:pC1_7b,35.0,peak_rate_hz,silence_vPN1,30.0,30.0,0.0
pC1_type:pC1_7b,35.0,peak_rate_hz,cut_vPN1_to_pC1,30.0,32.5,-8.333333333333334
pC1_type:pC1_7b,35.0,peak_rate_hz,cut_vPN1_to_other,30.0,30.0,0.0
pC1_type:pC1_7b,35.0,peak_rate_hz,cut_vPN1_all_output,30.0,30.0,0.0
pC1_type:pC1_7b,35.0,peak_rate_hz,silence_aPN1,30.0,32.5,-8.333333333333334
pC1_type:pC1_7b,35.0,evoked_spikes_per_neuron_per_pulse,silence_vPN1,0.9,0.80625,10.416666666666666
pC1_type:pC1_7b,35.0,evoked_spikes_per_neuron_per_pulse,cut_vPN1_to_pC1,0.9,0.8375,6.944444444444445
pC1_type:pC1_7b,35.0,evoked_spikes_per_neuron_per_pulse,cut_vPN1_to_other,0.9,0.76875,14.58333333333333
pC1_type:pC1_7b,35.0,evoked_spikes_per_neuron_per_pulse,cut_vPN1_all_output,0.9,0.80625,10.416666666666666
pC1_type:pC1_7b,35.0,evoked_spikes_per_neuron_per_pulse,silence_aPN1,0.9,0.725,19.444444444444446
pC1_type:pC1_7b,45.0,peak_rate_hz,silence_vPN1,30.0,30.0,0.0
pC1_type:pC1_7b,45.0,peak_rate_hz,cut_vPN1_to_pC1,30.0,30.0,0.0
pC1_type:pC1_7b,45.0,peak_rate_hz,cut_vPN1_to_other,30.0,30.0,0.0
pC1_type:pC1_7b,45.0,peak_rate_hz,cut_vPN1_all_output,30.0,30.0,0.0
pC1_type:pC1_7b,45.0,peak_rate_hz,silence_aPN1,30.0,30.0,0.0
pC1_type:pC1_7b,45.0,evoked_spikes_per_neuron_per_pulse,silence_vPN1,0.9625,1.0,-3.896103896103894
pC1_type:pC1_7b,45.0,evoked_spikes_per_neuron_per_pulse,cut_vPN1_to_pC1,0.9625,0.88125,8.441558441558445
pC1_type:pC1_7b,45.0,evoked_spikes_per_neuron_per_pulse,cut_vPN1_to_other,0.9625,0.88125,8.441558441558445
pC1_type:pC1_7b,45.0,evoked_spikes_per_neuron_per_pulse,cut_vPN1_all_output,0.9625,1.0,-3.896103896103894
pC1_type:pC1_7b,45.0,evoked_spikes_per_neuron_per_pulse,silence_aPN1,0.9625,0.74375,22.727272727272727
pC1_type:pC1_7b,55.0,peak_rate_hz,silence_vPN1,20.0,20.0,0.0
pC1_type:pC1_7b,55.0,peak_rate_hz,cut_vPN1_to_pC1,20.0,20.0,0.0
pC1_type:pC1_7b,55.0,peak_rate_hz,cut_vPN1_to_other,20.0,22.5,-12.5
pC1_type:pC1_7b,55.0,peak_rate_hz,cut_vPN1_all_output,20.0,20.0,0.0
pC1_type:pC1_7b,55.0,peak_rate_hz,silence_aPN1,20.0,20.0,0.0
pC1_type:pC1_7b,55.0,evoked_spikes_per_neuron_per_pulse,silence_vPN1,1.0,0.9875,1.2499999999999956
pC1_type:pC1_7b,55.0,evoked_spikes_per_neuron_per_pulse,cut_vPN1_to_pC1,1.0,0.9875,1.2499999999999956
pC1_type:pC1_7b,55.0,evoked_spikes_per_neuron_per_pulse,cut_vPN1_to_other,1.0,0.90625,9.375
pC1_type:pC1_7b,55.0,evoked_spikes_per_neuron_per_pulse,cut_vPN1_all_output,1.0,0.9875,1.2499999999999956
pC1_type:pC1_7b,55.0,evoked_spikes_per_neuron_per_pulse,silence_aPN1,1.0,0.925,7.499999999999996
pC1_type:pC1_7b,65.0,peak_rate_hz,silence_vPN1,20.0,20.0,0.0
pC1_type:pC1_7b,65.0,peak_rate_hz,cut_vPN1_to_pC1,20.0,22.5,-12.5
pC1_type:pC1_7b,65.0,peak_rate_hz,cut_vPN1_to_other,20.0,20.0,0.0
pC1_type:pC1_7b,65.0,peak_rate_hz,cut_vPN1_all_output,20.0,20.0,0.0
pC1_type:pC1_7b,65.0,peak_rate_hz,silence_aPN1,20.0,20.0,0.0
pC1_type:pC1_7b,65.0,evoked_spikes_per_neuron_per_pulse,silence_vPN1,1.0,1.0,0.0
pC1_type:pC1_7b,65.0,evoked_spikes_per_neuron_per_pulse,cut_vPN1_to_pC1,1.0,1.00625,-0.6250000000000089
pC1_type:pC1_7b,65.0,evoked_spikes_per_neuron_per_pulse,cut_vPN1_to_other,1.0,1.0,0.0
pC1_type:pC1_7b,65.0,evoked_spikes_per_neuron_per_pulse,cut_vPN1_all_output,1.0,1.0,0.0
pC1_type:pC1_7b,65.0,evoked_spikes_per_neuron_per_pulse,silence_aPN1,1.0,0.975,2.500000000000002
pC1_type:pC1_7b,75.0,peak_rate_hz,silence_vPN1,20.0,20.0,0.0
pC1_type:pC1_7b,75.0,peak_rate_hz,cut_vPN1_to_pC1,20.0,22.5,-12.5
pC1_type:pC1_7b,75.0,peak_rate_hz,cut_vPN1_to_other,20.0,20.0,0.0
pC1_type:pC1_7b,75.0,peak_rate_hz,cut_vPN1_all_output,20.0,20.0,0.0
pC1_type:pC1_7b,75.0,peak_rate_hz,silence_aPN1,20.0,20.0,0.0
pC1_type:pC1_7b,75.0,evoked_spikes_per_neuron_per_pulse,silence_vPN1,1.0,1.0,0.0
pC1_type:pC1_7b,75.0,evoked_spikes_per_neuron_per_pulse,cut_vPN1_to_pC1,1.0,1.00625,-0.6250000000000089
pC1_type:pC1_7b,75.0,evoked_spikes_per_neuron_per_pulse,cut_vPN1_to_other,1.0,0.875,12.5
pC1_type:pC1_7b,75.0,evoked_spikes_per_neuron_per_pulse,cut_vPN1_all_output,1.0,1.0,0.0
pC1_type:pC1_7b,75.0,evoked_spikes_per_neuron_per_pulse,silence_aPN1,1.0,1.0,0.0
pC1_type:pC1_7b,85.0,peak_rate_hz,silence_vPN1,20.0,20.0,0.0
pC1_type:pC1_7b,85.0,peak_rate_hz,cut_vPN1_to_pC1,20.0,20.0,0.0
pC1_type:pC1_7b,85.0,peak_rate_hz,cut_vPN1_to_other,20.0,20.0,0.0
pC1_type:pC1_7b,85.0,peak_rate_hz,cut_vPN1_all_output,20.0,20.0,0.0
pC1_type:pC1_7b,85.0,peak_rate_hz,silence_aPN1,20.0,20.0,0.0
pC1_type:pC1_7b,85.0,evoked_spikes_per_neuron_per_pulse,silence_vPN1,0.975,0.9125,6.410256410256411
pC1_type:pC1_7b,85.0,evoked_spikes_per_neuron_per_pulse,cut_vPN1_to_pC1,0.975,0.91875,5.769230769230771
pC1_type:pC1_7b,85.0,evoked_spikes_per_neuron_per_pulse,cut_vPN1_to_other,0.975,0.88125,9.615384615384615
pC1_type:pC1_7b,85.0,evoked_spikes_per_neuron_per_pulse,cut_vPN1_all_output,0.975,0.9125,6.410256410256411
pC1_type:pC1_7b,85.0,evoked_spikes_per_neuron_per_pulse,silence_aPN1,0.975,1.0,-2.5641025641025665
pC1_type:pC1_7b,95.0,peak_rate_hz,silence_vPN1,20.0,20.0,0.0
pC1_type:pC1_7b,95.0,peak_rate_hz,cut_vPN1_to_pC1,20.0,20.0,0.0
pC1_type:pC1_7b,95.0,peak_rate_hz,cut_vPN1_to_other,20.0,22.5,-12.5
pC1_type:pC1_7b,95.0,peak_rate_hz,cut_vPN1_all_output,20.0,20.0,0.0
pC1_type:pC1_7b,95.0,peak_rate_hz,silence_aPN1,20.0,20.0,0.0
pC1_type:pC1_7b,95.0,evoked_spikes_per_neuron_per_pulse,silence_vPN1,1.0,0.85625,14.375000000000004
pC1_type:pC1_7b,95.0,evoked_spikes_per_neuron_per_pulse,cut_vPN1_to_pC1,1.0,0.95625,4.374999999999996
pC1_type:pC1_7b,95.0,evoked_spikes_per_neuron_per_pulse,cut_vPN1_to_other,1.0,0.93125,6.874999999999998
pC1_type:pC1_7b,95.0,evoked_spikes_per_neuron_per_pulse,cut_vPN1_all_output,1.0,0.85625,14.375000000000004
pC1_type:pC1_7b,95.0,evoked_spikes_per_neuron_per_pulse,silence_aPN1,1.0,1.0,0.0
pC1_type:pC1_8a,15.0,peak_rate_hz,silence_vPN1,15.0,25.0,-66.66666666666667
pC1_type:pC1_8a,15.0,peak_rate_hz,cut_vPN1_to_pC1,15.0,15.0,0.0
pC1_type:pC1_8a,15.0,peak_rate_hz,cut_vPN1_to_other,15.0,20.0,-33.333333333333336
pC1_type:pC1_8a,15.0,peak_rate_hz,cut_vPN1_all_output,15.0,25.0,-66.66666666666667
pC1_type:pC1_8a,15.0,peak_rate_hz,silence_aPN1,15.0,20.0,-33.333333333333336
pC1_type:pC1_8a,15.0,evoked_spikes_per_neuron_per_pulse,silence_vPN1,0.0375,0.0625,-66.66666666666667
pC1_type:pC1_8a,15.0,evoked_spikes_per_neuron_per_pulse,cut_vPN1_to_pC1,0.0375,0.0625,-66.66666666666667
pC1_type:pC1_8a,15.0,evoked_spikes_per_neuron_per_pulse,cut_vPN1_to_other,0.0375,0.05,-33.33333333333335
pC1_type:pC1_8a,15.0,evoked_spikes_per_neuron_per_pulse,cut_vPN1_all_output,0.0375,0.0625,-66.66666666666667
pC1_type:pC1_8a,15.0,evoked_spikes_per_neuron_per_pulse,silence_aPN1,0.0375,0.05,-33.33333333333335
pC1_type:pC1_8a,25.0,peak_rate_hz,silence_vPN1,15.0,15.0,0.0
pC1_type:pC1_8a,25.0,peak_rate_hz,cut_vPN1_to_pC1,15.0,10.0,33.333333333333336
pC1_type:pC1_8a,25.0,peak_rate_hz,cut_vPN1_to_other,15.0,15.0,0.0
pC1_type:pC1_8a,25.0,peak_rate_hz,cut_vPN1_all_output,15.0,15.0,0.0
pC1_type:pC1_8a,25.0,peak_rate_hz,silence_aPN1,15.0,25.0,-66.66666666666667
pC1_type:pC1_8a,25.0,evoked_spikes_per_neuron_per_pulse,silence_vPN1,0.1375,0.0875,36.363636363636374
pC1_type:pC1_8a,25.0,evoked_spikes_per_neuron_per_pulse,cut_vPN1_to_pC1,0.1375,0.075,45.45454545454546
pC1_type:pC1_8a,25.0,evoked_spikes_per_neuron_per_pulse,cut_vPN1_to_other,0.1375,0.075,45.45454545454546
pC1_type:pC1_8a,25.0,evoked_spikes_per_neuron_per_pulse,cut_vPN1_all_output,0.1375,0.0875,36.363636363636374
pC1_type:pC1_8a,25.0,evoked_spikes_per_neuron_per_pulse,silence_aPN1,0.1375,0.125,9.090909090909099
pC1_type:pC1_8a,35.0,peak_rate_hz,silence_vPN1,30.0,30.0,0.0
pC1_type:pC1_8a,35.0,peak_rate_hz,cut_vPN1_to_pC1,30.0,30.0,0.0
pC1_type:pC1_8a,35.0,peak_rate_hz,cut_vPN1_to_other,30.0,30.0,0.0
pC1_type:pC1_8a,35.0,peak_rate_hz,cut_vPN1_all_output,30.0,30.0,0.0
pC1_type:pC1_8a,35.0,peak_rate_hz,silence_aPN1,30.0,30.0,0.0
pC1_type:pC1_8a,35.0,evoked_spikes_per_neuron_per_pulse,silence_vPN1,0.6375,0.575,9.803921568627452
pC1_type:pC1_8a,35.0,evoked_spikes_per_neuron_per_pulse,cut_vPN1_to_pC1,0.6375,0.6375,0.0
pC1_type:pC1_8a,35.0,evoked_spikes_per_neuron_per_pulse,cut_vPN1_to_other,0.6375,0.5875,7.84313725490195
pC1_type:pC1_8a,35.0,evoked_spikes_per_neuron_per_pulse,cut_vPN1_all_output,0.6375,0.575,9.803921568627452
pC1_type:pC1_8a,35.0,evoked_spikes_per_neuron_per_pulse,silence_aPN1,0.6375,0.6375,0.0
pC1_type:pC1_8a,45.0,peak_rate_hz,silence_vPN1,30.0,30.0,0.0
pC1_type:pC1_8a,45.0,peak_rate_hz,cut_vPN1_to_pC1,30.0,30.0,0.0
pC1_type:pC1_8a,45.0,peak_rate_hz,cut_vPN1_to_other,30.0,30.0,0.0
pC1_type:pC1_8a,45.0,peak_rate_hz,cut_vPN1_all_output,30.0,30.0,0.0
pC1_type:pC1_8a,45.0,peak_rate_hz,silence_aPN1,30.0,30.0,0.0
pC1_type:pC1_8a,45.0,evoked_spikes_per_neuron_per_pulse,silence_vPN1,0.975,1.0,-2.5641025641025665
pC1_type:pC1_8a,45.0,evoked_spikes_per_neuron_per_pulse,cut_vPN1_to_pC1,0.975,0.8625,11.538461538461531
pC1_type:pC1_8a,45.0,evoked_spikes_per_neuron_per_pulse,cut_vPN1_to_other,0.975,0.8625,11.538461538461531
pC1_type:pC1_8a,45.0,evoked_spikes_per_neuron_per_pulse,cut_vPN1_all_output,0.975,1.0,-2.5641025641025665
pC1_type:pC1_8a,45.0,evoked_spikes_per_neuron_per_pulse,silence_aPN1,0.975,0.7375,24.35897435897435
pC1_type:pC1_8a,55.0,peak_rate_hz,silence_vPN1,20.0,20.0,0.0
pC1_type:pC1_8a,55.0,peak_rate_hz,cut_vPN1_to_pC1,20.0,20.0,0.0
pC1_type:pC1_8a,55.0,peak_rate_hz,cut_vPN1_to_other,20.0,20.0,0.0
pC1_type:pC1_8a,55.0,peak_rate_hz,cut_vPN1_all_output,20.0,20.0,0.0
pC1_type:pC1_8a,55.0,peak_rate_hz,silence_aPN1,20.0,20.0,0.0
pC1_type:pC1_8a,55.0,evoked_spikes_per_neuron_per_pulse,silence_vPN1,1.0,0.9875,1.2499999999999956
pC1_type:pC1_8a,55.0,evoked_spikes_per_neuron_per_pulse,cut_vPN1_to_pC1,1.0,1.0,0.0
pC1_type:pC1_8a,55.0,evoked_spikes_per_neuron_per_pulse,cut_vPN1_to_other,1.0,0.9,9.999999999999998
pC1_type:pC1_8a,55.0,evoked_spikes_per_neuron_per_pulse,cut_vPN1_all_output,1.0,0.9875,1.2499999999999956
pC1_type:pC1_8a,55.0,evoked_spikes_per_neuron_per_pulse,silence_aPN1,1.0,0.925,7.499999999999996
pC1_type:pC1_8a,65.0,peak_rate_hz,silence_vPN1,20.0,20.0,0.0
pC1_type:pC1_8a,65.0,peak_rate_hz,cut_vPN1_to_pC1,20.0,20.0,0.0
pC1_type:pC1_8a,65.0,peak_rate_hz,cut_vPN1_to_other,20.0,20.0,0.0
pC1_type:pC1_8a,65.0,peak_rate_hz,cut_vPN1_all_output,20.0,20.0,0.0
pC1_type:pC1_8a,65.0,peak_rate_hz,silence_aPN1,20.0,20.0,0.0
pC1_type:pC1_8a,65.0,evoked_spikes_per_neuron_per_pulse,silence_vPN1,1.0,1.0,0.0
pC1_type:pC1_8a,65.0,evoked_spikes_per_neuron_per_pulse,cut_vPN1_to_pC1,1.0,1.0,0.0
pC1_type:pC1_8a,65.0,evoked_spikes_per_neuron_per_pulse,cut_vPN1_to_other,1.0,1.0,0.0
pC1_type:pC1_8a,65.0,evoked_spikes_per_neuron_per_pulse,cut_vPN1_all_output,1.0,1.0,0.0
pC1_type:pC1_8a,65.0,evoked_spikes_per_neuron_per_pulse,silence_aPN1,1.0,1.0,0.0
pC1_type:pC1_8a,75.0,peak_rate_hz,silence_vPN1,20.0,20.0,0.0
pC1_type:pC1_8a,75.0,peak_rate_hz,cut_vPN1_to_pC1,20.0,20.0,0.0
pC1_type:pC1_8a,75.0,peak_rate_hz,cut_vPN1_to_other,20.0,20.0,0.0
pC1_type:pC1_8a,75.0,peak_rate_hz,cut_vPN1_all_output,20.0,20.0,0.0
pC1_type:pC1_8a,75.0,peak_rate_hz,silence_aPN1,20.0,20.0,0.0
pC1_type:pC1_8a,75.0,evoked_spikes_per_neuron_per_pulse,silence_vPN1,1.0,1.0,0.0
pC1_type:pC1_8a,75.0,evoked_spikes_per_neuron_per_pulse,cut_vPN1_to_pC1,1.0,1.0,0.0
pC1_type:pC1_8a,75.0,evoked_spikes_per_neuron_per_pulse,cut_vPN1_to_other,1.0,0.8875,11.250000000000004
pC1_type:pC1_8a,75.0,evoked_spikes_per_neuron_per_pulse,cut_vPN1_all_output,1.0,1.0,0.0
pC1_type:pC1_8a,75.0,evoked_spikes_per_neuron_per_pulse,silence_aPN1,1.0,1.0,0.0
pC1_type:pC1_8a,85.0,peak_rate_hz,silence_vPN1,20.0,20.0,0.0
pC1_type:pC1_8a,85.0,peak_rate_hz,cut_vPN1_to_pC1,20.0,20.0,0.0
pC1_type:pC1_8a,85.0,peak_rate_hz,cut_vPN1_to_other,20.0,20.0,0.0
pC1_type:pC1_8a,85.0,peak_rate_hz,cut_vPN1_all_output,20.0,20.0,0.0
pC1_type:pC1_8a,85.0,peak_rate_hz,silence_aPN1,20.0,20.0,0.0
pC1_type:pC1_8a,85.0,evoked_spikes_per_neuron_per_pulse,silence_vPN1,0.975,0.9625,1.2820512820512775
pC1_type:pC1_8a,85.0,evoked_spikes_per_neuron_per_pulse,cut_vPN1_to_pC1,0.975,0.95,2.5641025641025665
pC1_type:pC1_8a,85.0,evoked_spikes_per_neuron_per_pulse,cut_vPN1_to_other,0.975,0.9625,1.2820512820512775
pC1_type:pC1_8a,85.0,evoked_spikes_per_neuron_per_pulse,cut_vPN1_all_output,0.975,0.9625,1.2820512820512775
pC1_type:pC1_8a,85.0,evoked_spikes_per_neuron_per_pulse,silence_aPN1,0.975,1.0,-2.5641025641025665
pC1_type:pC1_8a,95.0,peak_rate_hz,silence_vPN1,20.0,20.0,0.0
pC1_type:pC1_8a,95.0,peak_rate_hz,cut_vPN1_to_pC1,20.0,20.0,0.0
pC1_type:pC1_8a,95.0,peak_rate_hz,cut_vPN1_to_other,20.0,20.0,0.0
pC1_type:pC1_8a,95.0,peak_rate_hz,cut_vPN1_all_output,20.0,20.0,0.0
pC1_type:pC1_8a,95.0,peak_rate_hz,silence_aPN1,20.0,20.0,0.0
pC1_type:pC1_8a,95.0,evoked_spikes_per_neuron_per_pulse,silence_vPN1,1.0,0.975,2.500000000000002
pC1_type:pC1_8a,95.0,evoked_spikes_per_neuron_per_pulse,cut_vPN1_to_pC1,1.0,1.0,0.0
pC1_type:pC1_8a,95.0,evoked_spikes_per_neuron_per_pulse,cut_vPN1_to_other,1.0,0.9625,3.749999999999998
pC1_type:pC1_8a,95.0,evoked_spikes_per_neuron_per_pulse,cut_vPN1_all_output,1.0,0.975,2.500000000000002
pC1_type:pC1_8a,95.0,evoked_spikes_per_neuron_per_pulse,silence_aPN1,1.0,1.0,0.0
pC1_type:pC1_8b,15.0,peak_rate_hz,silence_vPN1,35.0,45.0,-28.571428571428573
pC1_type:pC1_8b,15.0,peak_rate_hz,cut_vPN1_to_pC1,35.0,35.0,0.0
pC1_type:pC1_8b,15.0,peak_rate_hz,cut_vPN1_to_other,35.0,40.0,-14.285714285714286
pC1_type:pC1_8b,15.0,peak_rate_hz,cut_vPN1_all_output,35.0,45.0,-28.571428571428573
pC1_type:pC1_8b,15.0,peak_rate_hz,silence_aPN1,35.0,35.0,0.0
pC1_type:pC1_8b,15.0,evoked_spikes_per_neuron_per_pulse,silence_vPN1,0.35,0.5125,-46.42857142857142
pC1_type:pC1_8b,15.0,evoked_spikes_per_neuron_per_pulse,cut_vPN1_to_pC1,0.35,0.375,-7.1428571428571495
pC1_type:pC1_8b,15.0,evoked_spikes_per_neuron_per_pulse,cut_vPN1_to_other,0.35,0.35,0.0
pC1_type:pC1_8b,15.0,evoked_spikes_per_neuron_per_pulse,cut_vPN1_all_output,0.35,0.5125,-46.42857142857142
pC1_type:pC1_8b,15.0,evoked_spikes_per_neuron_per_pulse,silence_aPN1,0.35,0.2875,17.857142857142858
pC1_type:pC1_8b,25.0,peak_rate_hz,silence_vPN1,30.0,35.0,-16.666666666666668
pC1_type:pC1_8b,25.0,peak_rate_hz,cut_vPN1_to_pC1,30.0,25.0,16.666666666666668
pC1_type:pC1_8b,25.0,peak_rate_hz,cut_vPN1_to_other,30.0,30.0,0.0
pC1_type:pC1_8b,25.0,peak_rate_hz,cut_vPN1_all_output,30.0,35.0,-16.666666666666668
pC1_type:pC1_8b,25.0,peak_rate_hz,silence_aPN1,30.0,35.0,-16.666666666666668
pC1_type:pC1_8b,25.0,evoked_spikes_per_neuron_per_pulse,silence_vPN1,0.475,0.5,-5.263157894736847
pC1_type:pC1_8b,25.0,evoked_spikes_per_neuron_per_pulse,cut_vPN1_to_pC1,0.475,0.3,36.8421052631579
pC1_type:pC1_8b,25.0,evoked_spikes_per_neuron_per_pulse,cut_vPN1_to_other,0.475,0.4,15.789473684210519
pC1_type:pC1_8b,25.0,evoked_spikes_per_neuron_per_pulse,cut_vPN1_all_output,0.475,0.5,-5.263157894736847
pC1_type:pC1_8b,25.0,evoked_spikes_per_neuron_per_pulse,silence_aPN1,0.475,0.575,-21.052631578947366
pC1_type:pC1_8b,35.0,peak_rate_hz,silence_vPN1,30.0,30.0,0.0
pC1_type:pC1_8b,35.0,peak_rate_hz,cut_vPN1_to_pC1,30.0,35.0,-16.666666666666668
pC1_type:pC1_8b,35.0,peak_rate_hz,cut_vPN1_to_other,30.0,30.0,0.0
pC1_type:pC1_8b,35.0,peak_rate_hz,cut_vPN1_all_output,30.0,30.0,0.0
pC1_type:pC1_8b,35.0,peak_rate_hz,silence_aPN1,30.0,30.0,0.0
pC1_type:pC1_8b,35.0,evoked_spikes_per_neuron_per_pulse,silence_vPN1,0.8625,0.7,18.840579710144933
pC1_type:pC1_8b,35.0,evoked_spikes_per_neuron_per_pulse,cut_vPN1_to_pC1,0.8625,0.8,7.246376811594202
pC1_type:pC1_8b,35.0,evoked_spikes_per_neuron_per_pulse,cut_vPN1_to_other,0.8625,0.65,24.637681159420293
pC1_type:pC1_8b,35.0,evoked_spikes_per_neuron_per_pulse,cut_vPN1_all_output,0.8625,0.7,18.840579710144933
pC1_type:pC1_8b,35.0,evoked_spikes_per_neuron_per_pulse,silence_aPN1,0.8625,0.7,18.840579710144933
pC1_type:pC1_8b,45.0,peak_rate_hz,silence_vPN1,30.0,30.0,0.0
pC1_type:pC1_8b,45.0,peak_rate_hz,cut_vPN1_to_pC1,30.0,30.0,0.0
pC1_type:pC1_8b,45.0,peak_rate_hz,cut_vPN1_to_other,30.0,30.0,0.0
pC1_type:pC1_8b,45.0,peak_rate_hz,cut_vPN1_all_output,30.0,30.0,0.0
pC1_type:pC1_8b,45.0,peak_rate_hz,silence_aPN1,30.0,30.0,0.0
pC1_type:pC1_8b,45.0,evoked_spikes_per_neuron_per_pulse,silence_vPN1,0.975,1.0,-2.5641025641025665
pC1_type:pC1_8b,45.0,evoked_spikes_per_neuron_per_pulse,cut_vPN1_to_pC1,0.975,0.7375,24.35897435897435
pC1_type:pC1_8b,45.0,evoked_spikes_per_neuron_per_pulse,cut_vPN1_to_other,0.975,0.8125,16.666666666666664
pC1_type:pC1_8b,45.0,evoked_spikes_per_neuron_per_pulse,cut_vPN1_all_output,0.975,1.0,-2.5641025641025665
pC1_type:pC1_8b,45.0,evoked_spikes_per_neuron_per_pulse,silence_aPN1,0.975,0.8,17.948717948717942
pC1_type:pC1_8b,55.0,peak_rate_hz,silence_vPN1,20.0,20.0,0.0
pC1_type:pC1_8b,55.0,peak_rate_hz,cut_vPN1_to_pC1,20.0,20.0,0.0
pC1_type:pC1_8b,55.0,peak_rate_hz,cut_vPN1_to_other,20.0,90.0,-350.0
pC1_type:pC1_8b,55.0,peak_rate_hz,cut_vPN1_all_output,20.0,20.0,0.0
pC1_type:pC1_8b,55.0,peak_rate_hz,silence_aPN1,20.0,20.0,0.0
pC1_type:pC1_8b,55.0,evoked_spikes_per_neuron_per_pulse,silence_vPN1,1.0,0.9875,1.2499999999999956
pC1_type:pC1_8b,55.0,evoked_spikes_per_neuron_per_pulse,cut_vPN1_to_pC1,1.0,1.0,0.0
pC1_type:pC1_8b,55.0,evoked_spikes_per_neuron_per_pulse,cut_vPN1_to_other,1.0,1.2125,-21.249999999999993
pC1_type:pC1_8b,55.0,evoked_spikes_per_neuron_per_pulse,cut_vPN1_all_output,1.0,0.9875,1.2499999999999956
pC1_type:pC1_8b,55.0,evoked_spikes_per_neuron_per_pulse,silence_aPN1,1.0,0.9375,6.25
pC1_type:pC1_8b,65.0,peak_rate_hz,silence_vPN1,20.0,20.0,0.0
pC1_type:pC1_8b,65.0,peak_rate_hz,cut_vPN1_to_pC1,20.0,20.0,0.0
pC1_type:pC1_8b,65.0,peak_rate_hz,cut_vPN1_to_other,20.0,20.0,0.0
pC1_type:pC1_8b,65.0,peak_rate_hz,cut_vPN1_all_output,20.0,20.0,0.0
pC1_type:pC1_8b,65.0,peak_rate_hz,silence_aPN1,20.0,20.0,0.0
pC1_type:pC1_8b,65.0,evoked_spikes_per_neuron_per_pulse,silence_vPN1,1.0,0.975,2.500000000000002
pC1_type:pC1_8b,65.0,evoked_spikes_per_neuron_per_pulse,cut_vPN1_to_pC1,1.0,1.0,0.0
pC1_type:pC1_8b,65.0,evoked_spikes_per_neuron_per_pulse,cut_vPN1_to_other,1.0,1.0,0.0
pC1_type:pC1_8b,65.0,evoked_spikes_per_neuron_per_pulse,cut_vPN1_all_output,1.0,0.975,2.500000000000002
pC1_type:pC1_8b,65.0,evoked_spikes_per_neuron_per_pulse,silence_aPN1,1.0,0.9875,1.2499999999999956
pC1_type:pC1_8b,75.0,peak_rate_hz,silence_vPN1,20.0,20.0,0.0
pC1_type:pC1_8b,75.0,peak_rate_hz,cut_vPN1_to_pC1,20.0,20.0,0.0
pC1_type:pC1_8b,75.0,peak_rate_hz,cut_vPN1_to_other,20.0,20.0,0.0
pC1_type:pC1_8b,75.0,peak_rate_hz,cut_vPN1_all_output,20.0,20.0,0.0
pC1_type:pC1_8b,75.0,peak_rate_hz,silence_aPN1,20.0,20.0,0.0
pC1_type:pC1_8b,75.0,evoked_spikes_per_neuron_per_pulse,silence_vPN1,1.0,0.9875,1.2499999999999956
pC1_type:pC1_8b,75.0,evoked_spikes_per_neuron_per_pulse,cut_vPN1_to_pC1,1.0,1.0,0.0
pC1_type:pC1_8b,75.0,evoked_spikes_per_neuron_per_pulse,cut_vPN1_to_other,1.0,0.875,12.5
pC1_type:pC1_8b,75.0,evoked_spikes_per_neuron_per_pulse,cut_vPN1_all_output,1.0,0.9875,1.2499999999999956
pC1_type:pC1_8b,75.0,evoked_spikes_per_neuron_per_pulse,silence_aPN1,1.0,1.0,0.0
pC1_type:pC1_8b,85.0,peak_rate_hz,silence_vPN1,20.0,20.0,0.0
pC1_type:pC1_8b,85.0,peak_rate_hz,cut_vPN1_to_pC1,20.0,20.0,0.0
pC1_type:pC1_8b,85.0,peak_rate_hz,cut_vPN1_to_other,20.0,20.0,0.0
pC1_type:pC1_8b,85.0,peak_rate_hz,cut_vPN1_all_output,20.0,20.0,0.0
pC1_type:pC1_8b,85.0,peak_rate_hz,silence_aPN1,20.0,20.0,0.0
pC1_type:pC1_8b,85.0,evoked_spikes_per_neuron_per_pulse,silence_vPN1,0.975,0.925,5.128205128205121
pC1_type:pC1_8b,85.0,evoked_spikes_per_neuron_per_pulse,cut_vPN1_to_pC1,0.975,0.9375,3.846153846153844
pC1_type:pC1_8b,85.0,evoked_spikes_per_neuron_per_pulse,cut_vPN1_to_other,0.975,0.9125,6.410256410256411
pC1_type:pC1_8b,85.0,evoked_spikes_per_neuron_per_pulse,cut_vPN1_all_output,0.975,0.925,5.128205128205121
pC1_type:pC1_8b,85.0,evoked_spikes_per_neuron_per_pulse,silence_aPN1,0.975,1.0,-2.5641025641025665
pC1_type:pC1_8b,95.0,peak_rate_hz,silence_vPN1,20.0,20.0,0.0
pC1_type:pC1_8b,95.0,peak_rate_hz,cut_vPN1_to_pC1,20.0,20.0,0.0
pC1_type:pC1_8b,95.0,peak_rate_hz,cut_vPN1_to_other,20.0,20.0,0.0
pC1_type:pC1_8b,95.0,peak_rate_hz,cut_vPN1_all_output,20.0,20.0,0.0
pC1_type:pC1_8b,95.0,peak_rate_hz,silence_aPN1,20.0,20.0,0.0
pC1_type:pC1_8b,95.0,evoked_spikes_per_neuron_per_pulse,silence_vPN1,1.0,0.925,7.499999999999996
pC1_type:pC1_8b,95.0,evoked_spikes_per_neuron_per_pulse,cut_vPN1_to_pC1,1.0,0.9625,3.749999999999998
pC1_type:pC1_8b,95.0,evoked_spikes_per_neuron_per_pulse,cut_vPN1_to_other,1.0,0.9375,6.25
pC1_type:pC1_8b,95.0,evoked_spikes_per_neuron_per_pulse,cut_vPN1_all_output,1.0,0.925,7.499999999999996
pC1_type:pC1_8b,95.0,evoked_spikes_per_neuron_per_pulse,silence_aPN1,1.0,1.0,0.0
pC1_type:pC1_8c,15.0,peak_rate_hz,silence_vPN1,5.0,10.0,-100.0
pC1_type:pC1_8c,15.0,peak_rate_hz,cut_vPN1_to_pC1,5.0,5.0,0.0
pC1_type:pC1_8c,15.0,peak_rate_hz,cut_vPN1_to_other,5.0,5.0,0.0
pC1_type:pC1_8c,15.0,peak_rate_hz,cut_vPN1_all_output,5.0,10.0,-100.0
pC1_type:pC1_8c,15.0,peak_rate_hz,silence_aPN1,5.0,10.0,-100.0
pC1_type:pC1_8c,15.0,evoked_spikes_per_neuron_per_pulse,silence_vPN1,0.0125,0.025,-100.0
pC1_type:pC1_8c,15.0,evoked_spikes_per_neuron_per_pulse,cut_vPN1_to_pC1,0.0125,0.0125,0.0
pC1_type:pC1_8c,15.0,evoked_spikes_per_neuron_per_pulse,cut_vPN1_to_other,0.0125,0.0125,0.0
pC1_type:pC1_8c,15.0,evoked_spikes_per_neuron_per_pulse,cut_vPN1_all_output,0.0125,0.025,-100.0
pC1_type:pC1_8c,15.0,evoked_spikes_per_neuron_per_pulse,silence_aPN1,0.0125,0.025,-100.0
pC1_type:pC1_8c,25.0,peak_rate_hz,silence_vPN1,5.0,5.0,0.0
pC1_type:pC1_8c,25.0,peak_rate_hz,cut_vPN1_to_pC1,5.0,5.0,0.0
pC1_type:pC1_8c,25.0,peak_rate_hz,cut_vPN1_to_other,5.0,5.0,0.0
pC1_type:pC1_8c,25.0,peak_rate_hz,cut_vPN1_all_output,5.0,5.0,0.0
pC1_type:pC1_8c,25.0,peak_rate_hz,silence_aPN1,5.0,10.0,-100.0
pC1_type:pC1_8c,25.0,evoked_spikes_per_neuron_per_pulse,silence_vPN1,0.0125,0.0125,0.0
pC1_type:pC1_8c,25.0,evoked_spikes_per_neuron_per_pulse,cut_vPN1_to_pC1,0.0125,0.0125,0.0
pC1_type:pC1_8c,25.0,evoked_spikes_per_neuron_per_pulse,cut_vPN1_to_other,0.0125,0.0125,0.0
pC1_type:pC1_8c,25.0,evoked_spikes_per_neuron_per_pulse,cut_vPN1_all_output,0.0125,0.0125,0.0
pC1_type:pC1_8c,25.0,evoked_spikes_per_neuron_per_pulse,silence_aPN1,0.0125,0.05,-300.0
pC1_type:pC1_8c,35.0,peak_rate_hz,silence_vPN1,20.0,10.0,50.0
pC1_type:pC1_8c,35.0,peak_rate_hz,cut_vPN1_to_pC1,20.0,25.0,-25.0
pC1_type:pC1_8c,35.0,peak_rate_hz,cut_vPN1_to_other,20.0,15.0,25.0
pC1_type:pC1_8c,35.0,peak_rate_hz,cut_vPN1_all_output,20.0,10.0,50.0
pC1_type:pC1_8c,35.0,peak_rate_hz,silence_aPN1,20.0,20.0,0.0
pC1_type:pC1_8c,35.0,evoked_spikes_per_neuron_per_pulse,silence_vPN1,0.2875,0.1375,52.17391304347825
pC1_type:pC1_8c,35.0,evoked_spikes_per_neuron_per_pulse,cut_vPN1_to_pC1,0.2875,0.2375,17.391304347826086
pC1_type:pC1_8c,35.0,evoked_spikes_per_neuron_per_pulse,cut_vPN1_to_other,0.2875,0.1625,43.47826086956521
pC1_type:pC1_8c,35.0,evoked_spikes_per_neuron_per_pulse,cut_vPN1_all_output,0.2875,0.1375,52.17391304347825
pC1_type:pC1_8c,35.0,evoked_spikes_per_neuron_per_pulse,silence_aPN1,0.2875,0.25,13.04347826086956
pC1_type:pC1_8c,45.0,peak_rate_hz,silence_vPN1,25.0,30.0,-20.0
pC1_type:pC1_8c,45.0,peak_rate_hz,cut_vPN1_to_pC1,25.0,30.0,-20.0
pC1_type:pC1_8c,45.0,peak_rate_hz,cut_vPN1_to_other,25.0,25.0,0.0
pC1_type:pC1_8c,45.0,peak_rate_hz,cut_vPN1_all_output,25.0,30.0,-20.0
pC1_type:pC1_8c,45.0,peak_rate_hz,silence_aPN1,25.0,25.0,0.0
pC1_type:pC1_8c,45.0,evoked_spikes_per_neuron_per_pulse,silence_vPN1,0.475,0.575,-21.052631578947366
pC1_type:pC1_8c,45.0,evoked_spikes_per_neuron_per_pulse,cut_vPN1_to_pC1,0.475,0.475,0.0
pC1_type:pC1_8c,45.0,evoked_spikes_per_neuron_per_pulse,cut_vPN1_to_other,0.475,0.475,0.0
pC1_type:pC1_8c,45.0,evoked_spikes_per_neuron_per_pulse,cut_vPN1_all_output,0.475,0.575,-21.052631578947366
pC1_type:pC1_8c,45.0,evoked_spikes_per_neuron_per_pulse,silence_aPN1,0.475,0.4375,7.894736842105259
pC1_type:pC1_8c,55.0,peak_rate_hz,silence_vPN1,20.0,20.0,0.0
pC1_type:pC1_8c,55.0,peak_rate_hz,cut_vPN1_to_pC1,20.0,20.0,0.0
pC1_type:pC1_8c,55.0,peak_rate_hz,cut_vPN1_to_other,20.0,20.0,0.0
pC1_type:pC1_8c,55.0,peak_rate_hz,cut_vPN1_all_output,20.0,20.0,0.0
pC1_type:pC1_8c,55.0,peak_rate_hz,silence_aPN1,20.0,20.0,0.0
pC1_type:pC1_8c,55.0,evoked_spikes_per_neuron_per_pulse,silence_vPN1,0.9375,0.9125,2.666666666666669
pC1_type:pC1_8c,55.0,evoked_spikes_per_neuron_per_pulse,cut_vPN1_to_pC1,0.9375,0.9125,2.666666666666669
pC1_type:pC1_8c,55.0,evoked_spikes_per_neuron_per_pulse,cut_vPN1_to_other,0.9375,0.875,6.666666666666667
pC1_type:pC1_8c,55.0,evoked_spikes_per_neuron_per_pulse,cut_vPN1_all_output,0.9375,0.9125,2.666666666666669
pC1_type:pC1_8c,55.0,evoked_spikes_per_neuron_per_pulse,silence_aPN1,0.9375,0.875,6.666666666666667
pC1_type:pC1_8c,65.0,peak_rate_hz,silence_vPN1,20.0,20.0,0.0
pC1_type:pC1_8c,65.0,peak_rate_hz,cut_vPN1_to_pC1,20.0,20.0,0.0
pC1_type:pC1_8c,65.0,peak_rate_hz,cut_vPN1_to_other,20.0,20.0,0.0
pC1_type:pC1_8c,65.0,peak_rate_hz,cut_vPN1_all_output,20.0,20.0,0.0
pC1_type:pC1_8c,65.0,peak_rate_hz,silence_aPN1,20.0,20.0,0.0
pC1_type:pC1_8c,65.0,evoked_spikes_per_neuron_per_pulse,silence_vPN1,0.9375,0.85,9.333333333333336
pC1_type:pC1_8c,65.0,evoked_spikes_per_neuron_per_pulse,cut_vPN1_to_pC1,0.9375,0.9625,-2.666666666666669
pC1_type:pC1_8c,65.0,evoked_spikes_per_neuron_per_pulse,cut_vPN1_to_other,0.9375,0.9,3.999999999999998
pC1_type:pC1_8c,65.0,evoked_spikes_per_neuron_per_pulse,cut_vPN1_all_output,0.9375,0.85,9.333333333333336
pC1_type:pC1_8c,65.0,evoked_spikes_per_neuron_per_pulse,silence_aPN1,0.9375,0.95,-1.3333333333333286
pC1_type:pC1_8c,75.0,peak_rate_hz,silence_vPN1,20.0,20.0,0.0
pC1_type:pC1_8c,75.0,peak_rate_hz,cut_vPN1_to_pC1,20.0,20.0,0.0
pC1_type:pC1_8c,75.0,peak_rate_hz,cut_vPN1_to_other,20.0,20.0,0.0
pC1_type:pC1_8c,75.0,peak_rate_hz,cut_vPN1_all_output,20.0,20.0,0.0
pC1_type:pC1_8c,75.0,peak_rate_hz,silence_aPN1,20.0,20.0,0.0
pC1_type:pC1_8c,75.0,evoked_spikes_per_neuron_per_pulse,silence_vPN1,0.7125,0.65,8.771929824561402
pC1_type:pC1_8c,75.0,evoked_spikes_per_neuron_per_pulse,cut_vPN1_to_pC1,0.7125,0.725,-1.7543859649122744
pC1_type:pC1_8c,75.0,evoked_spikes_per_neuron_per_pulse,cut_vPN1_to_other,0.7125,0.5375,24.561403508771935
pC1_type:pC1_8c,75.0,evoked_spikes_per_neuron_per_pulse,cut_vPN1_all_output,0.7125,0.65,8.771929824561402
pC1_type:pC1_8c,75.0,evoked_spikes_per_neuron_per_pulse,silence_aPN1,0.7125,1.0,-40.35087719298245
pC1_type:pC1_8c,85.0,peak_rate_hz,silence_vPN1,20.0,20.0,0.0
pC1_type:pC1_8c,85.0,peak_rate_hz,cut_vPN1_to_pC1,20.0,20.0,0.0
pC1_type:pC1_8c,85.0,peak_rate_hz,cut_vPN1_to_other,20.0,20.0,0.0
pC1_type:pC1_8c,85.0,peak_rate_hz,cut_vPN1_all_output,20.0,20.0,0.0
pC1_type:pC1_8c,85.0,peak_rate_hz,silence_aPN1,20.0,20.0,0.0
pC1_type:pC1_8c,85.0,evoked_spikes_per_neuron_per_pulse,silence_vPN1,0.7375,0.575,22.033898305084755
pC1_type:pC1_8c,85.0,evoked_spikes_per_neuron_per_pulse,cut_vPN1_to_pC1,0.7375,0.675,8.47457627118644
pC1_type:pC1_8c,85.0,evoked_spikes_per_neuron_per_pulse,cut_vPN1_to_other,0.7375,0.575,22.033898305084755
pC1_type:pC1_8c,85.0,evoked_spikes_per_neuron_per_pulse,cut_vPN1_all_output,0.7375,0.575,22.033898305084755
pC1_type:pC1_8c,85.0,evoked_spikes_per_neuron_per_pulse,silence_aPN1,0.7375,1.0,-35.593220338983045
pC1_type:pC1_8c,95.0,peak_rate_hz,silence_vPN1,20.0,20.0,0.0
pC1_type:pC1_8c,95.0,peak_rate_hz,cut_vPN1_to_pC1,20.0,20.0,0.0
pC1_type:pC1_8c,95.0,peak_rate_hz,cut_vPN1_to_other,20.0,20.0,0.0
pC1_type:pC1_8c,95.0,peak_rate_hz,cut_vPN1_all_output,20.0,20.0,0.0
pC1_type:pC1_8c,95.0,peak_rate_hz,silence_aPN1,20.0,20.0,0.0
pC1_type:pC1_8c,95.0,evoked_spikes_per_neuron_per_pulse,silence_vPN1,0.725,0.6125,15.517241379310336
pC1_type:pC1_8c,95.0,evoked_spikes_per_neuron_per_pulse,cut_vPN1_to_pC1,0.725,0.675,6.896551724137922
pC1_type:pC1_8c,95.0,evoked_spikes_per_neuron_per_pulse,cut_vPN1_to_other,0.725,0.625,13.79310344827586
pC1_type:pC1_8c,95.0,evoked_spikes_per_neuron_per_pulse,cut_vPN1_all_output,0.725,0.6125,15.517241379310336
pC1_type:pC1_8c,95.0,evoked_spikes_per_neuron_per_pulse,silence_aPN1,0.725,1.0,-37.931034482758626
pC1_type:pC1_9b,15.0,peak_rate_hz,silence_vPN1,0.0,0.0,
pC1_type:pC1_9b,15.0,peak_rate_hz,cut_vPN1_to_pC1,0.0,0.0,
pC1_type:pC1_9b,15.0,peak_rate_hz,cut_vPN1_to_other,0.0,0.0,
pC1_type:pC1_9b,15.0,peak_rate_hz,cut_vPN1_all_output,0.0,0.0,
pC1_type:pC1_9b,15.0,peak_rate_hz,silence_aPN1,0.0,0.0,
pC1_type:pC1_9b,15.0,evoked_spikes_per_neuron_per_pulse,silence_vPN1,0.0,0.0,
pC1_type:pC1_9b,15.0,evoked_spikes_per_neuron_per_pulse,cut_vPN1_to_pC1,0.0,0.0,
pC1_type:pC1_9b,15.0,evoked_spikes_per_neuron_per_pulse,cut_vPN1_to_other,0.0,0.0,
pC1_type:pC1_9b,15.0,evoked_spikes_per_neuron_per_pulse,cut_vPN1_all_output,0.0,0.0,
pC1_type:pC1_9b,15.0,evoked_spikes_per_neuron_per_pulse,silence_aPN1,0.0,0.0,
pC1_type:pC1_9b,25.0,peak_rate_hz,silence_vPN1,0.0,0.0,
pC1_type:pC1_9b,25.0,peak_rate_hz,cut_vPN1_to_pC1,0.0,10.0,
pC1_type:pC1_9b,25.0,peak_rate_hz,cut_vPN1_to_other,0.0,0.0,
pC1_type:pC1_9b,25.0,peak_rate_hz,cut_vPN1_all_output,0.0,0.0,
pC1_type:pC1_9b,25.0,peak_rate_hz,silence_aPN1,0.0,0.0,
pC1_type:pC1_9b,25.0,evoked_spikes_per_neuron_per_pulse,silence_vPN1,0.0,0.0,
pC1_type:pC1_9b,25.0,evoked_spikes_per_neuron_per_pulse,cut_vPN1_to_pC1,0.0,0.025,
pC1_type:pC1_9b,25.0,evoked_spikes_per_neuron_per_pulse,cut_vPN1_to_other,0.0,0.0,
pC1_type:pC1_9b,25.0,evoked_spikes_per_neuron_per_pulse,cut_vPN1_all_output,0.0,0.0,
pC1_type:pC1_9b,25.0,evoked_spikes_per_neuron_per_pulse,silence_aPN1,0.0,0.0,
pC1_type:pC1_9b,35.0,peak_rate_hz,silence_vPN1,0.0,0.0,
pC1_type:pC1_9b,35.0,peak_rate_hz,cut_vPN1_to_pC1,0.0,0.0,
pC1_type:pC1_9b,35.0,peak_rate_hz,cut_vPN1_to_other,0.0,0.0,
pC1_type:pC1_9b,35.0,peak_rate_hz,cut_vPN1_all_output,0.0,0.0,
pC1_type:pC1_9b,35.0,peak_rate_hz,silence_aPN1,0.0,0.0,
pC1_type:pC1_9b,35.0,evoked_spikes_per_neuron_per_pulse,silence_vPN1,0.0,0.0,
pC1_type:pC1_9b,35.0,evoked_spikes_per_neuron_per_pulse,cut_vPN1_to_pC1,0.0,0.0,
pC1_type:pC1_9b,35.0,evoked_spikes_per_neuron_per_pulse,cut_vPN1_to_other,0.0,0.0,
pC1_type:pC1_9b,35.0,evoked_spikes_per_neuron_per_pulse,cut_vPN1_all_output,0.0,0.0,
pC1_type:pC1_9b,35.0,evoked_spikes_per_neuron_per_pulse,silence_aPN1,0.0,0.0,
pC1_type:pC1_9b,45.0,peak_rate_hz,silence_vPN1,0.0,0.0,
pC1_type:pC1_9b,45.0,peak_rate_hz,cut_vPN1_to_pC1,0.0,0.0,
pC1_type:pC1_9b,45.0,peak_rate_hz,cut_vPN1_to_other,0.0,0.0,
pC1_type:pC1_9b,45.0,peak_rate_hz,cut_vPN1_all_output,0.0,0.0,
pC1_type:pC1_9b,45.0,peak_rate_hz,silence_aPN1,0.0,0.0,
pC1_type:pC1_9b,45.0,evoked_spikes_per_neuron_per_pulse,silence_vPN1,0.0,0.0,
pC1_type:pC1_9b,45.0,evoked_spikes_per_neuron_per_pulse,cut_vPN1_to_pC1,0.0,0.0,
pC1_type:pC1_9b,45.0,evoked_spikes_per_neuron_per_pulse,cut_vPN1_to_other,0.0,0.0,
pC1_type:pC1_9b,45.0,evoked_spikes_per_neuron_per_pulse,cut_vPN1_all_output,0.0,0.0,
pC1_type:pC1_9b,45.0,evoked_spikes_per_neuron_per_pulse,silence_aPN1,0.0,0.0,
pC1_type:pC1_9b,55.0,peak_rate_hz,silence_vPN1,0.0,0.0,
pC1_type:pC1_9b,55.0,peak_rate_hz,cut_vPN1_to_pC1,0.0,0.0,
pC1_type:pC1_9b,55.0,peak_rate_hz,cut_vPN1_to_other,0.0,0.0,
pC1_type:pC1_9b,55.0,peak_rate_hz,cut_vPN1_all_output,0.0,0.0,
pC1_type:pC1_9b,55.0,peak_rate_hz,silence_aPN1,0.0,0.0,
pC1_type:pC1_9b,55.0,evoked_spikes_per_neuron_per_pulse,silence_vPN1,0.0,0.0,
pC1_type:pC1_9b,55.0,evoked_spikes_per_neuron_per_pulse,cut_vPN1_to_pC1,0.0,0.0,
pC1_type:pC1_9b,55.0,evoked_spikes_per_neuron_per_pulse,cut_vPN1_to_other,0.0,0.0,
pC1_type:pC1_9b,55.0,evoked_spikes_per_neuron_per_pulse,cut_vPN1_all_output,0.0,0.0,
pC1_type:pC1_9b,55.0,evoked_spikes_per_neuron_per_pulse,silence_aPN1,0.0,0.0,
pC1_type:pC1_9b,65.0,peak_rate_hz,silence_vPN1,0.0,0.0,
pC1_type:pC1_9b,65.0,peak_rate_hz,cut_vPN1_to_pC1,0.0,0.0,
pC1_type:pC1_9b,65.0,peak_rate_hz,cut_vPN1_to_other,0.0,0.0,
pC1_type:pC1_9b,65.0,peak_rate_hz,cut_vPN1_all_output,0.0,0.0,
pC1_type:pC1_9b,65.0,peak_rate_hz,silence_aPN1,0.0,0.0,
pC1_type:pC1_9b,65.0,evoked_spikes_per_neuron_per_pulse,silence_vPN1,0.0,0.0,
pC1_type:pC1_9b,65.0,evoked_spikes_per_neuron_per_pulse,cut_vPN1_to_pC1,0.0,0.0,
pC1_type:pC1_9b,65.0,evoked_spikes_per_neuron_per_pulse,cut_vPN1_to_other,0.0,0.0,
pC1_type:pC1_9b,65.0,evoked_spikes_per_neuron_per_pulse,cut_vPN1_all_output,0.0,0.0,
pC1_type:pC1_9b,65.0,evoked_spikes_per_neuron_per_pulse,silence_aPN1,0.0,0.0,
pC1_type:pC1_9b,75.0,peak_rate_hz,silence_vPN1,0.0,0.0,
pC1_type:pC1_9b,75.0,peak_rate_hz,cut_vPN1_to_pC1,0.0,0.0,
pC1_type:pC1_9b,75.0,peak_rate_hz,cut_vPN1_to_other,0.0,0.0,
pC1_type:pC1_9b,75.0,peak_rate_hz,cut_vPN1_all_output,0.0,0.0,
pC1_type:pC1_9b,75.0,peak_rate_hz,silence_aPN1,0.0,0.0,
pC1_type:pC1_9b,75.0,evoked_spikes_per_neuron_per_pulse,silence_vPN1,0.0,0.0,
pC1_type:pC1_9b,75.0,evoked_spikes_per_neuron_per_pulse,cut_vPN1_to_pC1,0.0,0.0,
pC1_type:pC1_9b,75.0,evoked_spikes_per_neuron_per_pulse,cut_vPN1_to_other,0.0,0.0,
pC1_type:pC1_9b,75.0,evoked_spikes_per_neuron_per_pulse,cut_vPN1_all_output,0.0,0.0,
pC1_type:pC1_9b,75.0,evoked_spikes_per_neuron_per_pulse,silence_aPN1,0.0,0.0,
pC1_type:pC1_9b,85.0,peak_rate_hz,silence_vPN1,0.0,0.0,
pC1_type:pC1_9b,85.0,peak_rate_hz,cut_vPN1_to_pC1,0.0,0.0,
pC1_type:pC1_9b,85.0,peak_rate_hz,cut_vPN1_to_other,0.0,0.0,
pC1_type:pC1_9b,85.0,peak_rate_hz,cut_vPN1_all_output,0.0,0.0,
pC1_type:pC1_9b,85.0,peak_rate_hz,silence_aPN1,0.0,0.0,
pC1_type:pC1_9b,85.0,evoked_spikes_per_neuron_per_pulse,silence_vPN1,0.0,0.0,
pC1_type:pC1_9b,85.0,evoked_spikes_per_neuron_per_pulse,cut_vPN1_to_pC1,0.0,0.0,
pC1_type:pC1_9b,85.0,evoked_spikes_per_neuron_per_pulse,cut_vPN1_to_other,0.0,0.0,
pC1_type:pC1_9b,85.0,evoked_spikes_per_neuron_per_pulse,cut_vPN1_all_output,0.0,0.0,
pC1_type:pC1_9b,85.0,evoked_spikes_per_neuron_per_pulse,silence_aPN1,0.0,0.0,
pC1_type:pC1_9b,95.0,peak_rate_hz,silence_vPN1,0.0,0.0,
pC1_type:pC1_9b,95.0,peak_rate_hz,cut_vPN1_to_pC1,0.0,0.0,
pC1_type:pC1_9b,95.0,peak_rate_hz,cut_vPN1_to_other,0.0,0.0,
pC1_type:pC1_9b,95.0,peak_rate_hz,cut_vPN1_all_output,0.0,0.0,
pC1_type:pC1_9b,95.0,peak_rate_hz,silence_aPN1,0.0,0.0,
pC1_type:pC1_9b,95.0,evoked_spikes_per_neuron_per_pulse,silence_vPN1,0.0,0.0,
pC1_type:pC1_9b,95.0,evoked_spikes_per_neuron_per_pulse,cut_vPN1_to_pC1,0.0,0.0,
pC1_type:pC1_9b,95.0,evoked_spikes_per_neuron_per_pulse,cut_vPN1_to_other,0.0,0.0,
pC1_type:pC1_9b,95.0,evoked_spikes_per_neuron_per_pulse,cut_vPN1_all_output,0.0,0.0,
pC1_type:pC1_9b,95.0,evoked_spikes_per_neuron_per_pulse,silence_aPN1,0.0,0.0,
pC1_type:pC1x_c,15.0,peak_rate_hz,silence_vPN1,50.0,20.0,60.0
pC1_type:pC1x_c,15.0,peak_rate_hz,cut_vPN1_to_pC1,50.0,20.0,60.0
pC1_type:pC1x_c,15.0,peak_rate_hz,cut_vPN1_to_other,50.0,20.0,60.0
pC1_type:pC1x_c,15.0,peak_rate_hz,cut_vPN1_all_output,50.0,20.0,60.0
pC1_type:pC1x_c,15.0,peak_rate_hz,silence_aPN1,50.0,10.0,80.0
pC1_type:pC1x_c,15.0,evoked_spikes_per_neuron_per_pulse,silence_vPN1,0.25,0.05,80.0
pC1_type:pC1x_c,15.0,evoked_spikes_per_neuron_per_pulse,cut_vPN1_to_pC1,0.25,0.05,80.0
pC1_type:pC1x_c,15.0,evoked_spikes_per_neuron_per_pulse,cut_vPN1_to_other,0.25,0.075,70.0
pC1_type:pC1x_c,15.0,evoked_spikes_per_neuron_per_pulse,cut_vPN1_all_output,0.25,0.05,80.0
pC1_type:pC1x_c,15.0,evoked_spikes_per_neuron_per_pulse,silence_aPN1,0.25,0.0375,85.0
pC1_type:pC1x_c,25.0,peak_rate_hz,silence_vPN1,55.0,35.0,36.36363636363637
pC1_type:pC1x_c,25.0,peak_rate_hz,cut_vPN1_to_pC1,55.0,55.0,0.0
pC1_type:pC1x_c,25.0,peak_rate_hz,cut_vPN1_to_other,55.0,20.0,63.63636363636363
pC1_type:pC1x_c,25.0,peak_rate_hz,cut_vPN1_all_output,55.0,35.0,36.36363636363637
pC1_type:pC1x_c,25.0,peak_rate_hz,silence_aPN1,55.0,25.0,54.54545454545455
pC1_type:pC1x_c,25.0,evoked_spikes_per_neuron_per_pulse,silence_vPN1,0.2,0.15,25.000000000000007
pC1_type:pC1x_c,25.0,evoked_spikes_per_neuron_per_pulse,cut_vPN1_to_pC1,0.2,0.3,-49.999999999999986
pC1_type:pC1x_c,25.0,evoked_spikes_per_neuron_per_pulse,cut_vPN1_to_other,0.2,0.0625,68.75
pC1_type:pC1x_c,25.0,evoked_spikes_per_neuron_per_pulse,cut_vPN1_all_output,0.2,0.15,25.000000000000007
pC1_type:pC1x_c,25.0,evoked_spikes_per_neuron_per_pulse,silence_aPN1,0.2,0.15,25.000000000000007
pC1_type:pC1x_c,35.0,peak_rate_hz,silence_vPN1,60.0,65.0,-8.333333333333334
pC1_type:pC1x_c,35.0,peak_rate_hz,cut_vPN1_to_pC1,60.0,70.0,-16.666666666666668
pC1_type:pC1x_c,35.0,peak_rate_hz,cut_vPN1_to_other,60.0,75.0,-25.0
pC1_type:pC1x_c,35.0,peak_rate_hz,cut_vPN1_all_output,60.0,65.0,-8.333333333333334
pC1_type:pC1x_c,35.0,peak_rate_hz,silence_aPN1,60.0,45.0,25.0
pC1_type:pC1x_c,35.0,evoked_spikes_per_neuron_per_pulse,silence_vPN1,1.4375,0.9625,33.04347826086956
pC1_type:pC1x_c,35.0,evoked_spikes_per_neuron_per_pulse,cut_vPN1_to_pC1,1.4375,1.2,16.521739130434785
pC1_type:pC1x_c,35.0,evoked_spikes_per_neuron_per_pulse,cut_vPN1_to_other,1.4375,1.2875,10.434782608695645
pC1_type:pC1x_c,35.0,evoked_spikes_per_neuron_per_pulse,cut_vPN1_all_output,1.4375,0.9625,33.04347826086956
pC1_type:pC1x_c,35.0,evoked_spikes_per_neuron_per_pulse,silence_aPN1,1.4375,0.675,53.04347826086956
pC1_type:pC1x_c,45.0,peak_rate_hz,silence_vPN1,60.0,60.0,0.0
pC1_type:pC1x_c,45.0,peak_rate_hz,cut_vPN1_to_pC1,60.0,65.0,-8.333333333333334
pC1_type:pC1x_c,45.0,peak_rate_hz,cut_vPN1_to_other,60.0,65.0,-8.333333333333334
pC1_type:pC1x_c,45.0,peak_rate_hz,cut_vPN1_all_output,60.0,60.0,0.0
pC1_type:pC1x_c,45.0,peak_rate_hz,silence_aPN1,60.0,60.0,0.0
pC1_type:pC1x_c,45.0,evoked_spikes_per_neuron_per_pulse,silence_vPN1,1.35,1.35,0.0
pC1_type:pC1x_c,45.0,evoked_spikes_per_neuron_per_pulse,cut_vPN1_to_pC1,1.35,1.2875,4.62962962962963
pC1_type:pC1x_c,45.0,evoked_spikes_per_neuron_per_pulse,cut_vPN1_to_other,1.35,1.3125,2.7777777777777843
pC1_type:pC1x_c,45.0,evoked_spikes_per_neuron_per_pulse,cut_vPN1_all_output,1.35,1.35,0.0
pC1_type:pC1x_c,45.0,evoked_spikes_per_neuron_per_pulse,silence_aPN1,1.35,0.9125,32.40740740740742
pC1_type:pC1x_c,55.0,peak_rate_hz,silence_vPN1,35.0,30.0,14.285714285714286
pC1_type:pC1x_c,55.0,peak_rate_hz,cut_vPN1_to_pC1,35.0,35.0,0.0
pC1_type:pC1x_c,55.0,peak_rate_hz,cut_vPN1_to_other,35.0,45.0,-28.571428571428573
pC1_type:pC1x_c,55.0,peak_rate_hz,cut_vPN1_all_output,35.0,30.0,14.285714285714286
pC1_type:pC1x_c,55.0,peak_rate_hz,silence_aPN1,35.0,40.0,-14.285714285714286
pC1_type:pC1x_c,55.0,evoked_spikes_per_neuron_per_pulse,silence_vPN1,1.2875,1.1125,13.592233009708739
pC1_type:pC1x_c,55.0,evoked_spikes_per_neuron_per_pulse,cut_vPN1_to_pC1,1.2875,1.175,8.737864077669904
pC1_type:pC1x_c,55.0,evoked_spikes_per_neuron_per_pulse,cut_vPN1_to_other,1.2875,1.2125,5.825242718446615
pC1_type:pC1x_c,55.0,evoked_spikes_per_neuron_per_pulse,cut_vPN1_all_output,1.2875,1.1125,13.592233009708739
pC1_type:pC1x_c,55.0,evoked_spikes_per_neuron_per_pulse,silence_aPN1,1.2875,1.15,10.67961165048545
pC1_type:pC1x_c,65.0,peak_rate_hz,silence_vPN1,45.0,45.0,0.0
pC1_type:pC1x_c,65.0,peak_rate_hz,cut_vPN1_to_pC1,45.0,40.0,11.11111111111111
pC1_type:pC1x_c,65.0,peak_rate_hz,cut_vPN1_to_other,45.0,35.0,22.22222222222222
pC1_type:pC1x_c,65.0,peak_rate_hz,cut_vPN1_all_output,45.0,45.0,0.0
pC1_type:pC1x_c,65.0,peak_rate_hz,silence_aPN1,45.0,40.0,11.11111111111111
pC1_type:pC1x_c,65.0,evoked_spikes_per_neuron_per_pulse,silence_vPN1,1.425,1.2,15.789473684210531
pC1_type:pC1x_c,65.0,evoked_spikes_per_neuron_per_pulse,cut_vPN1_to_pC1,1.425,1.2,15.789473684210531
pC1_type:pC1x_c,65.0,evoked_spikes_per_neuron_per_pulse,cut_vPN1_to_other,1.425,1.175,17.543859649122805
pC1_type:pC1x_c,65.0,evoked_spikes_per_neuron_per_pulse,cut_vPN1_all_output,1.425,1.2,15.789473684210531
pC1_type:pC1x_c,65.0,evoked_spikes_per_neuron_per_pulse,silence_aPN1,1.425,1.275,10.526315789473694
pC1_type:pC1x_c,75.0,peak_rate_hz,silence_vPN1,30.0,35.0,-16.666666666666668
pC1_type:pC1x_c,75.0,peak_rate_hz,cut_vPN1_to_pC1,30.0,45.0,-50.0
pC1_type:pC1x_c,75.0,peak_rate_hz,cut_vPN1_to_other,30.0,30.0,0.0
pC1_type:pC1x_c,75.0,peak_rate_hz,cut_vPN1_all_output,30.0,35.0,-16.666666666666668
pC1_type:pC1x_c,75.0,peak_rate_hz,silence_aPN1,30.0,25.0,16.666666666666668
pC1_type:pC1x_c,75.0,evoked_spikes_per_neuron_per_pulse,silence_vPN1,1.1875,1.1125,6.315789473684207
pC1_type:pC1x_c,75.0,evoked_spikes_per_neuron_per_pulse,cut_vPN1_to_pC1,1.1875,1.1875,0.0
pC1_type:pC1x_c,75.0,evoked_spikes_per_neuron_per_pulse,cut_vPN1_to_other,1.1875,0.95,20.000000000000004
pC1_type:pC1x_c,75.0,evoked_spikes_per_neuron_per_pulse,cut_vPN1_all_output,1.1875,1.1125,6.315789473684207
pC1_type:pC1x_c,75.0,evoked_spikes_per_neuron_per_pulse,silence_aPN1,1.1875,1.025,13.684210526315795
pC1_type:pC1x_c,85.0,peak_rate_hz,silence_vPN1,45.0,30.0,33.333333333333336
pC1_type:pC1x_c,85.0,peak_rate_hz,cut_vPN1_to_pC1,45.0,30.0,33.333333333333336
pC1_type:pC1x_c,85.0,peak_rate_hz,cut_vPN1_to_other,45.0,40.0,11.11111111111111
pC1_type:pC1x_c,85.0,peak_rate_hz,cut_vPN1_all_output,45.0,30.0,33.333333333333336
pC1_type:pC1x_c,85.0,peak_rate_hz,silence_aPN1,45.0,20.0,55.55555555555556
pC1_type:pC1x_c,85.0,evoked_spikes_per_neuron_per_pulse,silence_vPN1,1.2375,1.0,19.191919191919194
pC1_type:pC1x_c,85.0,evoked_spikes_per_neuron_per_pulse,cut_vPN1_to_pC1,1.2375,0.9625,22.222222222222225
pC1_type:pC1x_c,85.0,evoked_spikes_per_neuron_per_pulse,cut_vPN1_to_other,1.2375,1.0,19.191919191919194
pC1_type:pC1x_c,85.0,evoked_spikes_per_neuron_per_pulse,cut_vPN1_all_output,1.2375,1.0,19.191919191919194
pC1_type:pC1x_c,85.0,evoked_spikes_per_neuron_per_pulse,silence_aPN1,1.2375,1.0,19.191919191919194
pC1_type:pC1x_c,95.0,peak_rate_hz,silence_vPN1,30.0,30.0,0.0
pC1_type:pC1x_c,95.0,peak_rate_hz,cut_vPN1_to_pC1,30.0,30.0,0.0
pC1_type:pC1x_c,95.0,peak_rate_hz,cut_vPN1_to_other,30.0,30.0,0.0
pC1_type:pC1x_c,95.0,peak_rate_hz,cut_vPN1_all_output,30.0,30.0,0.0
pC1_type:pC1x_c,95.0,peak_rate_hz,silence_aPN1,30.0,25.0,16.666666666666668
pC1_type:pC1x_c,95.0,evoked_spikes_per_neuron_per_pulse,silence_vPN1,1.075,0.9375,12.790697674418603
pC1_type:pC1x_c,95.0,evoked_spikes_per_neuron_per_pulse,cut_vPN1_to_pC1,1.075,1.025,4.651162790697679
pC1_type:pC1x_c,95.0,evoked_spikes_per_neuron_per_pulse,cut_vPN1_to_other,1.075,1.025,4.651162790697679
pC1_type:pC1x_c,95.0,evoked_spikes_per_neuron_per_pulse,cut_vPN1_all_output,1.075,0.9375,12.790697674418603
pC1_type:pC1x_c,95.0,evoked_spikes_per_neuron_per_pulse,silence_aPN1,1.075,1.0125,5.813953488372094
pC1_type:pC1x_d,15.0,peak_rate_hz,silence_vPN1,25.0,25.0,0.0
pC1_type:pC1x_d,15.0,peak_rate_hz,cut_vPN1_to_pC1,25.0,40.0,-60.0
pC1_type:pC1x_d,15.0,peak_rate_hz,cut_vPN1_to_other,25.0,30.0,-20.0
pC1_type:pC1x_d,15.0,peak_rate_hz,cut_vPN1_all_output,25.0,25.0,0.0
pC1_type:pC1x_d,15.0,peak_rate_hz,silence_aPN1,25.0,30.0,-20.0
pC1_type:pC1x_d,15.0,evoked_spikes_per_neuron_per_pulse,silence_vPN1,0.1875,0.0875,53.333333333333336
pC1_type:pC1x_d,15.0,evoked_spikes_per_neuron_per_pulse,cut_vPN1_to_pC1,0.1875,0.225,-20.000000000000004
pC1_type:pC1x_d,15.0,evoked_spikes_per_neuron_per_pulse,cut_vPN1_to_other,0.1875,0.15,20.000000000000004
pC1_type:pC1x_d,15.0,evoked_spikes_per_neuron_per_pulse,cut_vPN1_all_output,0.1875,0.0875,53.333333333333336
pC1_type:pC1x_d,15.0,evoked_spikes_per_neuron_per_pulse,silence_aPN1,0.1875,0.075,60.0
pC1_type:pC1x_d,25.0,peak_rate_hz,silence_vPN1,50.0,60.0,-20.0
pC1_type:pC1x_d,25.0,peak_rate_hz,cut_vPN1_to_pC1,50.0,30.0,40.0
pC1_type:pC1x_d,25.0,peak_rate_hz,cut_vPN1_to_other,50.0,70.0,-40.0
pC1_type:pC1x_d,25.0,peak_rate_hz,cut_vPN1_all_output,50.0,60.0,-20.0
pC1_type:pC1x_d,25.0,peak_rate_hz,silence_aPN1,50.0,65.0,-30.0
pC1_type:pC1x_d,25.0,evoked_spikes_per_neuron_per_pulse,silence_vPN1,0.6,0.775,-29.166666666666675
pC1_type:pC1x_d,25.0,evoked_spikes_per_neuron_per_pulse,cut_vPN1_to_pC1,0.6,0.3625,39.583333333333336
pC1_type:pC1x_d,25.0,evoked_spikes_per_neuron_per_pulse,cut_vPN1_to_other,0.6,0.825,-37.49999999999999
pC1_type:pC1x_d,25.0,evoked_spikes_per_neuron_per_pulse,cut_vPN1_all_output,0.6,0.775,-29.166666666666675
pC1_type:pC1x_d,25.0,evoked_spikes_per_neuron_per_pulse,silence_aPN1,0.6,0.85,-41.66666666666667
pC1_type:pC1x_d,35.0,peak_rate_hz,silence_vPN1,40.0,45.0,-12.5
pC1_type:pC1x_d,35.0,peak_rate_hz,cut_vPN1_to_pC1,40.0,40.0,0.0
pC1_type:pC1x_d,35.0,peak_rate_hz,cut_vPN1_to_other,40.0,40.0,0.0
pC1_type:pC1x_d,35.0,peak_rate_hz,cut_vPN1_all_output,40.0,45.0,-12.5
pC1_type:pC1x_d,35.0,peak_rate_hz,silence_aPN1,40.0,40.0,0.0
pC1_type:pC1x_d,35.0,evoked_spikes_per_neuron_per_pulse,silence_vPN1,0.975,0.9125,6.410256410256411
pC1_type:pC1x_d,35.0,evoked_spikes_per_neuron_per_pulse,cut_vPN1_to_pC1,0.975,0.9125,6.410256410256411
pC1_type:pC1x_d,35.0,evoked_spikes_per_neuron_per_pulse,cut_vPN1_to_other,0.975,0.7375,24.35897435897435
pC1_type:pC1x_d,35.0,evoked_spikes_per_neuron_per_pulse,cut_vPN1_all_output,0.975,0.9125,6.410256410256411
pC1_type:pC1x_d,35.0,evoked_spikes_per_neuron_per_pulse,silence_aPN1,0.975,0.825,15.384615384615387
pC1_type:pC1x_d,45.0,peak_rate_hz,silence_vPN1,45.0,60.0,-33.333333333333336
pC1_type:pC1x_d,45.0,peak_rate_hz,cut_vPN1_to_pC1,45.0,35.0,22.22222222222222
pC1_type:pC1x_d,45.0,peak_rate_hz,cut_vPN1_to_other,45.0,50.0,-11.11111111111111
pC1_type:pC1x_d,45.0,peak_rate_hz,cut_vPN1_all_output,45.0,60.0,-33.333333333333336
pC1_type:pC1x_d,45.0,peak_rate_hz,silence_aPN1,45.0,30.0,33.333333333333336
pC1_type:pC1x_d,45.0,evoked_spikes_per_neuron_per_pulse,silence_vPN1,1.0875,1.3625,-25.287356321839095
pC1_type:pC1x_d,45.0,evoked_spikes_per_neuron_per_pulse,cut_vPN1_to_pC1,1.0875,0.875,19.540229885057467
pC1_type:pC1x_d,45.0,evoked_spikes_per_neuron_per_pulse,cut_vPN1_to_other,1.0875,0.975,10.344827586206891
pC1_type:pC1x_d,45.0,evoked_spikes_per_neuron_per_pulse,cut_vPN1_all_output,1.0875,1.3625,-25.287356321839095
pC1_type:pC1x_d,45.0,evoked_spikes_per_neuron_per_pulse,silence_aPN1,1.0875,0.7625,29.885057471264364
pC1_type:pC1x_d,55.0,peak_rate_hz,silence_vPN1,50.0,40.0,20.0
pC1_type:pC1x_d,55.0,peak_rate_hz,cut_vPN1_to_pC1,50.0,35.0,30.0
pC1_type:pC1x_d,55.0,peak_rate_hz,cut_vPN1_to_other,50.0,40.0,20.0
pC1_type:pC1x_d,55.0,peak_rate_hz,cut_vPN1_all_output,50.0,40.0,20.0
pC1_type:pC1x_d,55.0,peak_rate_hz,silence_aPN1,50.0,30.0,40.0
pC1_type:pC1x_d,55.0,evoked_spikes_per_neuron_per_pulse,silence_vPN1,1.4625,1.0875,25.641025641025642
pC1_type:pC1x_d,55.0,evoked_spikes_per_neuron_per_pulse,cut_vPN1_to_pC1,1.4625,1.15,21.36752136752137
pC1_type:pC1x_d,55.0,evoked_spikes_per_neuron_per_pulse,cut_vPN1_to_other,1.4625,1.1125,23.931623931623925
pC1_type:pC1x_d,55.0,evoked_spikes_per_neuron_per_pulse,cut_vPN1_all_output,1.4625,1.0875,25.641025641025642
pC1_type:pC1x_d,55.0,evoked_spikes_per_neuron_per_pulse,silence_aPN1,1.4625,0.9625,34.18803418803418
pC1_type:pC1x_d,65.0,peak_rate_hz,silence_vPN1,60.0,40.0,33.333333333333336
pC1_type:pC1x_d,65.0,peak_rate_hz,cut_vPN1_to_pC1,60.0,40.0,33.333333333333336
pC1_type:pC1x_d,65.0,peak_rate_hz,cut_vPN1_to_other,60.0,40.0,33.333333333333336
pC1_type:pC1x_d,65.0,peak_rate_hz,cut_vPN1_all_output,60.0,40.0,33.333333333333336
pC1_type:pC1x_d,65.0,peak_rate_hz,silence_aPN1,60.0,30.0,50.0
pC1_type:pC1x_d,65.0,evoked_spikes_per_neuron_per_pulse,silence_vPN1,1.4625,1.3,11.111111111111102
pC1_type:pC1x_d,65.0,evoked_spikes_per_neuron_per_pulse,cut_vPN1_to_pC1,1.4625,1.5,-2.5641025641025705
pC1_type:pC1x_d,65.0,evoked_spikes_per_neuron_per_pulse,cut_vPN1_to_other,1.4625,1.275,12.820512820512821
pC1_type:pC1x_d,65.0,evoked_spikes_per_neuron_per_pulse,cut_vPN1_all_output,1.4625,1.3,11.111111111111102
pC1_type:pC1x_d,65.0,evoked_spikes_per_neuron_per_pulse,silence_aPN1,1.4625,1.0375,29.059829059829053
pC1_type:pC1x_d,75.0,peak_rate_hz,silence_vPN1,50.0,50.0,0.0
pC1_type:pC1x_d,75.0,peak_rate_hz,cut_vPN1_to_pC1,50.0,50.0,0.0
pC1_type:pC1x_d,75.0,peak_rate_hz,cut_vPN1_to_other,50.0,50.0,0.0
pC1_type:pC1x_d,75.0,peak_rate_hz,cut_vPN1_all_output,50.0,50.0,0.0
pC1_type:pC1x_d,75.0,peak_rate_hz,silence_aPN1,50.0,50.0,0.0
pC1_type:pC1x_d,75.0,evoked_spikes_per_neuron_per_pulse,silence_vPN1,1.6125,1.4125,12.403100775193796
pC1_type:pC1x_d,75.0,evoked_spikes_per_neuron_per_pulse,cut_vPN1_to_pC1,1.6125,1.4,13.17829457364342
pC1_type:pC1x_d,75.0,evoked_spikes_per_neuron_per_pulse,cut_vPN1_to_other,1.6125,1.15,28.682170542635667
pC1_type:pC1x_d,75.0,evoked_spikes_per_neuron_per_pulse,cut_vPN1_all_output,1.6125,1.4125,12.403100775193796
pC1_type:pC1x_d,75.0,evoked_spikes_per_neuron_per_pulse,silence_aPN1,1.6125,1.6,0.7751937984496097
pC1_type:pC1x_d,85.0,peak_rate_hz,silence_vPN1,40.0,40.0,0.0
pC1_type:pC1x_d,85.0,peak_rate_hz,cut_vPN1_to_pC1,40.0,40.0,0.0
pC1_type:pC1x_d,85.0,peak_rate_hz,cut_vPN1_to_other,40.0,40.0,0.0
pC1_type:pC1x_d,85.0,peak_rate_hz,cut_vPN1_all_output,40.0,40.0,0.0
pC1_type:pC1x_d,85.0,peak_rate_hz,silence_aPN1,40.0,50.0,-25.0
pC1_type:pC1x_d,85.0,evoked_spikes_per_neuron_per_pulse,silence_vPN1,1.325,1.3,1.886792452830182
pC1_type:pC1x_d,85.0,evoked_spikes_per_neuron_per_pulse,cut_vPN1_to_pC1,1.325,1.15,13.207547169811324
pC1_type:pC1x_d,85.0,evoked_spikes_per_neuron_per_pulse,cut_vPN1_to_other,1.325,1.1375,14.150943396226415
pC1_type:pC1x_d,85.0,evoked_spikes_per_neuron_per_pulse,cut_vPN1_all_output,1.325,1.3,1.886792452830182
pC1_type:pC1x_d,85.0,evoked_spikes_per_neuron_per_pulse,silence_aPN1,1.325,1.6,-20.754716981132088
pC1_type:pC1x_d,95.0,peak_rate_hz,silence_vPN1,45.0,40.0,11.11111111111111
pC1_type:pC1x_d,95.0,peak_rate_hz,cut_vPN1_to_pC1,45.0,35.0,22.22222222222222
pC1_type:pC1x_d,95.0,peak_rate_hz,cut_vPN1_to_other,45.0,50.0,-11.11111111111111
pC1_type:pC1x_d,95.0,peak_rate_hz,cut_vPN1_all_output,45.0,40.0,11.11111111111111
pC1_type:pC1x_d,95.0,peak_rate_hz,silence_aPN1,45.0,40.0,11.11111111111111
pC1_type:pC1x_d,95.0,evoked_spikes_per_neuron_per_pulse,silence_vPN1,1.175,1.1875,-1.0638297872340388
pC1_type:pC1x_d,95.0,evoked_spikes_per_neuron_per_pulse,cut_vPN1_to_pC1,1.175,1.1875,-1.0638297872340388
pC1_type:pC1x_d,95.0,evoked_spikes_per_neuron_per_pulse,cut_vPN1_to_other,1.175,1.1625,1.0638297872340388
pC1_type:pC1x_d,95.0,evoked_spikes_per_neuron_per_pulse,cut_vPN1_all_output,1.175,1.1875,-1.0638297872340388
pC1_type:pC1x_d,95.0,evoked_spikes_per_neuron_per_pulse,silence_aPN1,1.175,1.3875,-18.085106382978715
pIP10,15.0,peak_rate_hz,silence_vPN1,45.0,70.0,-55.55555555555556
pIP10,15.0,peak_rate_hz,cut_vPN1_to_pC1,45.0,65.0,-44.44444444444444
pIP10,15.0,peak_rate_hz,cut_vPN1_to_other,45.0,50.0,-11.11111111111111
pIP10,15.0,peak_rate_hz,cut_vPN1_all_output,45.0,70.0,-55.55555555555556
pIP10,15.0,peak_rate_hz,silence_aPN1,45.0,80.0,-77.77777777777777
pIP10,15.0,evoked_spikes_per_neuron_per_pulse,silence_vPN1,0.45,0.625,-38.888888888888886
pIP10,15.0,evoked_spikes_per_neuron_per_pulse,cut_vPN1_to_pC1,0.45,0.575,-27.777777777777764
pIP10,15.0,evoked_spikes_per_neuron_per_pulse,cut_vPN1_to_other,0.45,0.4125,8.333333333333341
pIP10,15.0,evoked_spikes_per_neuron_per_pulse,cut_vPN1_all_output,0.45,0.625,-38.888888888888886
pIP10,15.0,evoked_spikes_per_neuron_per_pulse,silence_aPN1,0.45,0.4625,-2.7777777777777803
pIP10,25.0,peak_rate_hz,silence_vPN1,65.0,60.0,7.6923076923076925
pIP10,25.0,peak_rate_hz,cut_vPN1_to_pC1,65.0,60.0,7.6923076923076925
pIP10,25.0,peak_rate_hz,cut_vPN1_to_other,65.0,65.0,0.0
pIP10,25.0,peak_rate_hz,cut_vPN1_all_output,65.0,60.0,7.6923076923076925
pIP10,25.0,peak_rate_hz,silence_aPN1,65.0,70.0,-7.6923076923076925
pIP10,25.0,evoked_spikes_per_neuron_per_pulse,silence_vPN1,0.775,0.9625,-24.193548387096772
pIP10,25.0,evoked_spikes_per_neuron_per_pulse,cut_vPN1_to_pC1,0.775,0.5625,27.41935483870968
pIP10,25.0,evoked_spikes_per_neuron_per_pulse,cut_vPN1_to_other,0.775,1.125,-45.16129032258064
pIP10,25.0,evoked_spikes_per_neuron_per_pulse,cut_vPN1_all_output,0.775,0.9625,-24.193548387096772
pIP10,25.0,evoked_spikes_per_neuron_per_pulse,silence_aPN1,0.775,1.1125,-43.54838709677419
pIP10,35.0,peak_rate_hz,silence_vPN1,55.0,60.0,-9.090909090909092
pIP10,35.0,peak_rate_hz,cut_vPN1_to_pC1,55.0,70.0,-27.272727272727273
pIP10,35.0,peak_rate_hz,cut_vPN1_to_other,55.0,70.0,-27.272727272727273
pIP10,35.0,peak_rate_hz,cut_vPN1_all_output,55.0,60.0,-9.090909090909092
pIP10,35.0,peak_rate_hz,silence_aPN1,55.0,60.0,-9.090909090909092
pIP10,35.0,evoked_spikes_per_neuron_per_pulse,silence_vPN1,1.3625,1.2,11.92660550458716
pIP10,35.0,evoked_spikes_per_neuron_per_pulse,cut_vPN1_to_pC1,1.3625,1.1875,12.84403669724771
pIP10,35.0,evoked_spikes_per_neuron_per_pulse,cut_vPN1_to_other,1.3625,1.0125,25.68807339449542
pIP10,35.0,evoked_spikes_per_neuron_per_pulse,cut_vPN1_all_output,1.3625,1.2,11.92660550458716
pIP10,35.0,evoked_spikes_per_neuron_per_pulse,silence_aPN1,1.3625,1.075,21.100917431192666
pIP10,45.0,peak_rate_hz,silence_vPN1,65.0,70.0,-7.6923076923076925
pIP10,45.0,peak_rate_hz,cut_vPN1_to_pC1,65.0,70.0,-7.6923076923076925
pIP10,45.0,peak_rate_hz,cut_vPN1_to_other,65.0,60.0,7.6923076923076925
pIP10,45.0,peak_rate_hz,cut_vPN1_all_output,65.0,70.0,-7.6923076923076925
pIP10,45.0,peak_rate_hz,silence_aPN1,65.0,60.0,7.6923076923076925
pIP10,45.0,evoked_spikes_per_neuron_per_pulse,silence_vPN1,1.5125,1.675,-10.743801652892566
pIP10,45.0,evoked_spikes_per_neuron_per_pulse,cut_vPN1_to_pC1,1.5125,1.45,4.132231404958678
pIP10,45.0,evoked_spikes_per_neuron_per_pulse,cut_vPN1_to_other,1.5125,1.375,9.090909090909088
pIP10,45.0,evoked_spikes_per_neuron_per_pulse,cut_vPN1_all_output,1.5125,1.675,-10.743801652892566
pIP10,45.0,evoked_spikes_per_neuron_per_pulse,silence_aPN1,1.5125,1.25,17.355371900826444
pIP10,55.0,peak_rate_hz,silence_vPN1,40.0,35.0,12.5
pIP10,55.0,peak_rate_hz,cut_vPN1_to_pC1,40.0,40.0,0.0
pIP10,55.0,peak_rate_hz,cut_vPN1_to_other,40.0,30.0,25.0
pIP10,55.0,peak_rate_hz,cut_vPN1_all_output,40.0,35.0,12.5
pIP10,55.0,peak_rate_hz,silence_aPN1,40.0,55.0,-37.5
pIP10,55.0,evoked_spikes_per_neuron_per_pulse,silence_vPN1,1.1875,1.1,7.368421052631572
pIP10,55.0,evoked_spikes_per_neuron_per_pulse,cut_vPN1_to_pC1,1.1875,1.1625,2.105263157894729
pIP10,55.0,evoked_spikes_per_neuron_per_pulse,cut_vPN1_to_other,1.1875,1.0,15.789473684210526
pIP10,55.0,evoked_spikes_per_neuron_per_pulse,cut_vPN1_all_output,1.1875,1.1,7.368421052631572
pIP10,55.0,evoked_spikes_per_neuron_per_pulse,silence_aPN1,1.1875,1.7,-43.1578947368421
pIP10,65.0,peak_rate_hz,silence_vPN1,30.0,30.0,0.0
pIP10,65.0,peak_rate_hz,cut_vPN1_to_pC1,30.0,50.0,-66.66666666666667
pIP10,65.0,peak_rate_hz,cut_vPN1_to_other,30.0,35.0,-16.666666666666668
pIP10,65.0,peak_rate_hz,cut_vPN1_all_output,30.0,30.0,0.0
pIP10,65.0,peak_rate_hz,silence_aPN1,30.0,40.0,-33.333333333333336
pIP10,65.0,evoked_spikes_per_neuron_per_pulse,silence_vPN1,1.0375,1.0625,-2.409638554216859
pIP10,65.0,evoked_spikes_per_neuron_per_pulse,cut_vPN1_to_pC1,1.0375,1.1,-6.024096385542168
pIP10,65.0,evoked_spikes_per_neuron_per_pulse,cut_vPN1_to_other,1.0375,1.075,-3.614457831325288
pIP10,65.0,evoked_spikes_per_neuron_per_pulse,cut_vPN1_all_output,1.0375,1.0625,-2.409638554216859
pIP10,65.0,evoked_spikes_per_neuron_per_pulse,silence_aPN1,1.0375,1.4,-34.939759036144565
pIP10,75.0,peak_rate_hz,silence_vPN1,30.0,50.0,-66.66666666666667
pIP10,75.0,peak_rate_hz,cut_vPN1_to_pC1,30.0,25.0,16.666666666666668
pIP10,75.0,peak_rate_hz,cut_vPN1_to_other,30.0,35.0,-16.666666666666668
pIP10,75.0,peak_rate_hz,cut_vPN1_all_output,30.0,50.0,-66.66666666666667
pIP10,75.0,peak_rate_hz,silence_aPN1,30.0,25.0,16.666666666666668
pIP10,75.0,evoked_spikes_per_neuron_per_pulse,silence_vPN1,1.05,1.1875,-13.095238095238091
pIP10,75.0,evoked_spikes_per_neuron_per_pulse,cut_vPN1_to_pC1,1.05,1.05,0.0
pIP10,75.0,evoked_spikes_per_neuron_per_pulse,cut_vPN1_to_other,1.05,0.9375,10.714285714285717
pIP10,75.0,evoked_spikes_per_neuron_per_pulse,cut_vPN1_all_output,1.05,1.1875,-13.095238095238091
pIP10,75.0,evoked_spikes_per_neuron_per_pulse,silence_aPN1,1.05,1.0125,3.5714285714285796
pIP10,85.0,peak_rate_hz,silence_vPN1,35.0,30.0,14.285714285714286
pIP10,85.0,peak_rate_hz,cut_vPN1_to_pC1,35.0,30.0,14.285714285714286
pIP10,85.0,peak_rate_hz,cut_vPN1_to_other,35.0,25.0,28.571428571428573
pIP10,85.0,peak_rate_hz,cut_vPN1_all_output,35.0,30.0,14.285714285714286
pIP10,85.0,peak_rate_hz,silence_aPN1,35.0,25.0,28.571428571428573
pIP10,85.0,evoked_spikes_per_neuron_per_pulse,silence_vPN1,1.2625,1.025,18.811881188118814
pIP10,85.0,evoked_spikes_per_neuron_per_pulse,cut_vPN1_to_pC1,1.2625,1.0875,13.861386138613865
pIP10,85.0,evoked_spikes_per_neuron_per_pulse,cut_vPN1_to_other,1.2625,0.9125,27.722772277227723
pIP10,85.0,evoked_spikes_per_neuron_per_pulse,cut_vPN1_all_output,1.2625,1.025,18.811881188118814
pIP10,85.0,evoked_spikes_per_neuron_per_pulse,silence_aPN1,1.2625,1.0125,19.801980198019802
pIP10,95.0,peak_rate_hz,silence_vPN1,30.0,30.0,0.0
pIP10,95.0,peak_rate_hz,cut_vPN1_to_pC1,30.0,30.0,0.0
pIP10,95.0,peak_rate_hz,cut_vPN1_to_other,30.0,65.0,-116.66666666666667
pIP10,95.0,peak_rate_hz,cut_vPN1_all_output,30.0,30.0,0.0
pIP10,95.0,peak_rate_hz,silence_aPN1,30.0,20.0,33.333333333333336
pIP10,95.0,evoked_spikes_per_neuron_per_pulse,silence_vPN1,1.0625,0.9875,7.058823529411761
pIP10,95.0,evoked_spikes_per_neuron_per_pulse,cut_vPN1_to_pC1,1.0625,1.075,-1.17647058823529
pIP10,95.0,evoked_spikes_per_neuron_per_pulse,cut_vPN1_to_other,1.0625,1.125,-5.882352941176471
pIP10,95.0,evoked_spikes_per_neuron_per_pulse,cut_vPN1_all_output,1.0625,0.9875,7.058823529411761
pIP10,95.0,evoked_spikes_per_neuron_per_pulse,silence_aPN1,1.0625,1.0,5.882352941176471
pMP2,15.0,peak_rate_hz,silence_vPN1,20.0,15.0,25.0
pMP2,15.0,peak_rate_hz,cut_vPN1_to_pC1,20.0,20.0,0.0
pMP2,15.0,peak_rate_hz,cut_vPN1_to_other,20.0,15.0,25.0
pMP2,15.0,peak_rate_hz,cut_vPN1_all_output,20.0,15.0,25.0
pMP2,15.0,peak_rate_hz,silence_aPN1,20.0,0.0,100.0
pMP2,15.0,evoked_spikes_per_neuron_per_pulse,silence_vPN1,0.05,0.0375,25.000000000000007
pMP2,15.0,evoked_spikes_per_neuron_per_pulse,cut_vPN1_to_pC1,0.05,0.05,0.0
pMP2,15.0,evoked_spikes_per_neuron_per_pulse,cut_vPN1_to_other,0.05,0.0375,25.000000000000007
pMP2,15.0,evoked_spikes_per_neuron_per_pulse,cut_vPN1_all_output,0.05,0.0375,25.000000000000007
pMP2,15.0,evoked_spikes_per_neuron_per_pulse,silence_aPN1,0.05,0.0,100.0
pMP2,25.0,peak_rate_hz,silence_vPN1,20.0,15.0,25.0
pMP2,25.0,peak_rate_hz,cut_vPN1_to_pC1,20.0,20.0,0.0
pMP2,25.0,peak_rate_hz,cut_vPN1_to_other,20.0,15.0,25.0
pMP2,25.0,peak_rate_hz,cut_vPN1_all_output,20.0,15.0,25.0
pMP2,25.0,peak_rate_hz,silence_aPN1,20.0,10.0,50.0
pMP2,25.0,evoked_spikes_per_neuron_per_pulse,silence_vPN1,0.05,0.0375,25.000000000000007
pMP2,25.0,evoked_spikes_per_neuron_per_pulse,cut_vPN1_to_pC1,0.05,0.05,0.0
pMP2,25.0,evoked_spikes_per_neuron_per_pulse,cut_vPN1_to_other,0.05,0.05,0.0
pMP2,25.0,evoked_spikes_per_neuron_per_pulse,cut_vPN1_all_output,0.05,0.0375,25.000000000000007
pMP2,25.0,evoked_spikes_per_neuron_per_pulse,silence_aPN1,0.05,0.025,50.0
pMP2,35.0,peak_rate_hz,silence_vPN1,20.0,25.0,-25.0
pMP2,35.0,peak_rate_hz,cut_vPN1_to_pC1,20.0,20.0,0.0
pMP2,35.0,peak_rate_hz,cut_vPN1_to_other,20.0,15.0,25.0
pMP2,35.0,peak_rate_hz,cut_vPN1_all_output,20.0,25.0,-25.0
pMP2,35.0,peak_rate_hz,silence_aPN1,20.0,15.0,25.0
pMP2,35.0,evoked_spikes_per_neuron_per_pulse,silence_vPN1,0.1125,0.125,-11.111111111111109
pMP2,35.0,evoked_spikes_per_neuron_per_pulse,cut_vPN1_to_pC1,0.1125,0.1,11.111111111111109
pMP2,35.0,evoked_spikes_per_neuron_per_pulse,cut_vPN1_to_other,0.1125,0.075,33.333333333333336
pMP2,35.0,evoked_spikes_per_neuron_per_pulse,cut_vPN1_all_output,0.1125,0.125,-11.111111111111109
pMP2,35.0,evoked_spikes_per_neuron_per_pulse,silence_aPN1,0.1125,0.1,11.111111111111109
pMP2,45.0,peak_rate_hz,silence_vPN1,30.0,35.0,-16.666666666666668
pMP2,45.0,peak_rate_hz,cut_vPN1_to_pC1,30.0,20.0,33.333333333333336
pMP2,45.0,peak_rate_hz,cut_vPN1_to_other,30.0,25.0,16.666666666666668
pMP2,45.0,peak_rate_hz,cut_vPN1_all_output,30.0,35.0,-16.666666666666668
pMP2,45.0,peak_rate_hz,silence_aPN1,30.0,20.0,33.333333333333336
pMP2,45.0,evoked_spikes_per_neuron_per_pulse,silence_vPN1,0.1375,0.25,-81.8181818181818
pMP2,45.0,evoked_spikes_per_neuron_per_pulse,cut_vPN1_to_pC1,0.1375,0.175,-27.272727272727256
pMP2,45.0,evoked_spikes_per_neuron_per_pulse,cut_vPN1_to_other,0.1375,0.1625,-18.181818181818176
pMP2,45.0,evoked_spikes_per_neuron_per_pulse,cut_vPN1_all_output,0.1375,0.25,-81.8181818181818
pMP2,45.0,evoked_spikes_per_neuron_per_pulse,silence_aPN1,0.1375,0.15,-9.090909090909078
pMP2,55.0,peak_rate_hz,silence_vPN1,30.0,25.0,16.666666666666668
pMP2,55.0,peak_rate_hz,cut_vPN1_to_pC1,30.0,30.0,0.0
pMP2,55.0,peak_rate_hz,cut_vPN1_to_other,30.0,30.0,0.0
pMP2,55.0,peak_rate_hz,cut_vPN1_all_output,30.0,25.0,16.666666666666668
pMP2,55.0,peak_rate_hz,silence_aPN1,30.0,40.0,-33.333333333333336
pMP2,55.0,evoked_spikes_per_neuron_per_pulse,silence_vPN1,0.6375,0.7375,-15.686274509803937
pMP2,55.0,evoked_spikes_per_neuron_per_pulse,cut_vPN1_to_pC1,0.6375,0.6875,-7.8431372549019684
pMP2,55.0,evoked_spikes_per_neuron_per_pulse,cut_vPN1_to_other,0.6375,0.6,5.8823529411764675
pMP2,55.0,evoked_spikes_per_neuron_per_pulse,cut_vPN1_all_output,0.6375,0.7375,-15.686274509803937
pMP2,55.0,evoked_spikes_per_neuron_per_pulse,silence_aPN1,0.6375,0.8875,-39.21568627450981
pMP2,65.0,peak_rate_hz,silence_vPN1,30.0,25.0,16.666666666666668
pMP2,65.0,peak_rate_hz,cut_vPN1_to_pC1,30.0,30.0,0.0
pMP2,65.0,peak_rate_hz,cut_vPN1_to_other,30.0,25.0,16.666666666666668
pMP2,65.0,peak_rate_hz,cut_vPN1_all_output,30.0,25.0,16.666666666666668
pMP2,65.0,peak_rate_hz,silence_aPN1,30.0,20.0,33.333333333333336
pMP2,65.0,evoked_spikes_per_neuron_per_pulse,silence_vPN1,0.7125,0.425,40.35087719298246
pMP2,65.0,evoked_spikes_per_neuron_per_pulse,cut_vPN1_to_pC1,0.7125,0.775,-8.771929824561402
pMP2,65.0,evoked_spikes_per_neuron_per_pulse,cut_vPN1_to_other,0.7125,0.5,29.824561403508778
pMP2,65.0,evoked_spikes_per_neuron_per_pulse,cut_vPN1_all_output,0.7125,0.425,40.35087719298246
pMP2,65.0,evoked_spikes_per_neuron_per_pulse,silence_aPN1,0.7125,0.45,36.84210526315789
pMP2,75.0,peak_rate_hz,silence_vPN1,30.0,25.0,16.666666666666668
pMP2,75.0,peak_rate_hz,cut_vPN1_to_pC1,30.0,25.0,16.666666666666668
pMP2,75.0,peak_rate_hz,cut_vPN1_to_other,30.0,25.0,16.666666666666668
pMP2,75.0,peak_rate_hz,cut_vPN1_all_output,30.0,25.0,16.666666666666668
pMP2,75.0,peak_rate_hz,silence_aPN1,30.0,0.0,100.0
pMP2,75.0,evoked_spikes_per_neuron_per_pulse,silence_vPN1,0.7875,0.5375,31.746031746031747
pMP2,75.0,evoked_spikes_per_neuron_per_pulse,cut_vPN1_to_pC1,0.7875,0.775,1.5873015873015817
pMP2,75.0,evoked_spikes_per_neuron_per_pulse,cut_vPN1_to_other,0.7875,0.425,46.03174603174603
pMP2,75.0,evoked_spikes_per_neuron_per_pulse,cut_vPN1_all_output,0.7875,0.5375,31.746031746031747
pMP2,75.0,evoked_spikes_per_neuron_per_pulse,silence_aPN1,0.7875,0.0,100.0
pMP2,85.0,peak_rate_hz,silence_vPN1,30.0,20.0,33.333333333333336
pMP2,85.0,peak_rate_hz,cut_vPN1_to_pC1,30.0,35.0,-16.666666666666668
pMP2,85.0,peak_rate_hz,cut_vPN1_to_other,30.0,20.0,33.333333333333336
pMP2,85.0,peak_rate_hz,cut_vPN1_all_output,30.0,20.0,33.333333333333336
pMP2,85.0,peak_rate_hz,silence_aPN1,30.0,5.0,83.33333333333333
pMP2,85.0,evoked_spikes_per_neuron_per_pulse,silence_vPN1,0.6625,0.425,35.84905660377358
pMP2,85.0,evoked_spikes_per_neuron_per_pulse,cut_vPN1_to_pC1,0.6625,0.625,5.660377358490563
pMP2,85.0,evoked_spikes_per_neuron_per_pulse,cut_vPN1_to_other,0.6625,0.4125,37.735849056603776
pMP2,85.0,evoked_spikes_per_neuron_per_pulse,cut_vPN1_all_output,0.6625,0.425,35.84905660377358
pMP2,85.0,evoked_spikes_per_neuron_per_pulse,silence_aPN1,0.6625,0.075,88.67924528301887
pMP2,95.0,peak_rate_hz,silence_vPN1,35.0,25.0,28.571428571428573
pMP2,95.0,peak_rate_hz,cut_vPN1_to_pC1,35.0,30.0,14.285714285714286
pMP2,95.0,peak_rate_hz,cut_vPN1_to_other,35.0,25.0,28.571428571428573
pMP2,95.0,peak_rate_hz,cut_vPN1_all_output,35.0,25.0,28.571428571428573
pMP2,95.0,peak_rate_hz,silence_aPN1,35.0,5.0,85.71428571428571
pMP2,95.0,evoked_spikes_per_neuron_per_pulse,silence_vPN1,0.8375,0.3625,56.71641791044776
pMP2,95.0,evoked_spikes_per_neuron_per_pulse,cut_vPN1_to_pC1,0.8375,0.7625,8.955223880597023
pMP2,95.0,evoked_spikes_per_neuron_per_pulse,cut_vPN1_to_other,0.8375,0.4875,41.7910447761194
pMP2,95.0,evoked_spikes_per_neuron_per_pulse,cut_vPN1_all_output,0.8375,0.3625,56.71641791044776
pMP2,95.0,evoked_spikes_per_neuron_per_pulse,silence_aPN1,0.8375,0.025,97.01492537313433
vPN1,15.0,peak_rate_hz,silence_vPN1,10.0,0.0,100.0
vPN1,15.0,peak_rate_hz,cut_vPN1_to_pC1,10.0,10.0,0.0
vPN1,15.0,peak_rate_hz,cut_vPN1_to_other,10.0,9.09090909090909,9.0909090909091
vPN1,15.0,peak_rate_hz,cut_vPN1_all_output,10.0,9.09090909090909,9.0909090909091
vPN1,15.0,peak_rate_hz,silence_aPN1,10.0,7.2727272727272725,27.272727272727273
vPN1,15.0,evoked_spikes_per_neuron_per_pulse,silence_vPN1,0.056818181818181816,0.0,100.0
vPN1,15.0,evoked_spikes_per_neuron_per_pulse,cut_vPN1_to_pC1,0.056818181818181816,0.07727272727272727,-36.0
vPN1,15.0,evoked_spikes_per_neuron_per_pulse,cut_vPN1_to_other,0.056818181818181816,0.08636363636363636,-52.00000000000001
vPN1,15.0,evoked_spikes_per_neuron_per_pulse,cut_vPN1_all_output,0.056818181818181816,0.08636363636363636,-52.00000000000001
vPN1,15.0,evoked_spikes_per_neuron_per_pulse,silence_aPN1,0.056818181818181816,0.056818181818181816,0.0
vPN1,25.0,peak_rate_hz,silence_vPN1,12.727272727272727,0.0,100.0
vPN1,25.0,peak_rate_hz,cut_vPN1_to_pC1,12.727272727272727,15.454545454545453,-21.428571428571423
vPN1,25.0,peak_rate_hz,cut_vPN1_to_other,12.727272727272727,8.181818181818182,35.714285714285715
vPN1,25.0,peak_rate_hz,cut_vPN1_all_output,12.727272727272727,8.181818181818182,35.714285714285715
vPN1,25.0,peak_rate_hz,silence_aPN1,12.727272727272727,5.454545454545454,57.142857142857146
vPN1,25.0,evoked_spikes_per_neuron_per_pulse,silence_vPN1,0.1409090909090909,0.0,100.0
vPN1,25.0,evoked_spikes_per_neuron_per_pulse,cut_vPN1_to_pC1,0.1409090909090909,0.09090909090909091,35.48387096774193
vPN1,25.0,evoked_spikes_per_neuron_per_pulse,cut_vPN1_to_other,0.1409090909090909,0.06363636363636363,54.83870967741935
vPN1,25.0,evoked_spikes_per_neuron_per_pulse,cut_vPN1_all_output,0.1409090909090909,0.08181818181818182,41.93548387096774
vPN1,25.0,evoked_spikes_per_neuron_per_pulse,silence_aPN1,0.1409090909090909,0.022727272727272728,83.87096774193547
vPN1,35.0,peak_rate_hz,silence_vPN1,20.0,0.0,100.0
vPN1,35.0,peak_rate_hz,cut_vPN1_to_pC1,20.0,20.0,0.0
vPN1,35.0,peak_rate_hz,cut_vPN1_to_other,20.0,20.0,0.0
vPN1,35.0,peak_rate_hz,cut_vPN1_all_output,20.0,20.909090909090907,-4.5454545454545325
vPN1,35.0,peak_rate_hz,silence_aPN1,20.0,15.454545454545453,22.727272727272734
vPN1,35.0,evoked_spikes_per_neuron_per_pulse,silence_vPN1,0.5045454545454545,0.0,100.0
vPN1,35.0,evoked_spikes_per_neuron_per_pulse,cut_vPN1_to_pC1,0.5045454545454545,0.48863636363636365,3.1531531531531463
vPN1,35.0,evoked_spikes_per_neuron_per_pulse,cut_vPN1_to_other,0.5045454545454545,0.4431818181818182,12.162162162162158
vPN1,35.0,evoked_spikes_per_neuron_per_pulse,cut_vPN1_all_output,0.5045454545454545,0.49772727272727274,1.3513513513513435
vPN1,35.0,evoked_spikes_per_neuron_per_pulse,silence_aPN1,0.5045454545454545,0.2431818181818182,51.80180180180181
vPN1,45.0,peak_rate_hz,silence_vPN1,21.818181818181817,0.0,100.0
vPN1,45.0,peak_rate_hz,cut_vPN1_to_pC1,21.818181818181817,21.818181818181817,0.0
vPN1,45.0,peak_rate_hz,cut_vPN1_to_other,21.818181818181817,21.818181818181817,0.0
vPN1,45.0,peak_rate_hz,cut_vPN1_all_output,21.818181818181817,19.09090909090909,12.499999999999996
vPN1,45.0,peak_rate_hz,silence_aPN1,21.818181818181817,18.18181818181818,16.66666666666667
vPN1,45.0,evoked_spikes_per_neuron_per_pulse,silence_vPN1,0.5795454545454546,0.0,100.0
vPN1,45.0,evoked_spikes_per_neuron_per_pulse,cut_vPN1_to_pC1,0.5795454545454546,0.5977272727272728,-3.137254901960785
vPN1,45.0,evoked_spikes_per_neuron_per_pulse,cut_vPN1_to_other,0.5795454545454546,0.5840909090909091,-0.7843137254901915
vPN1,45.0,evoked_spikes_per_neuron_per_pulse,cut_vPN1_all_output,0.5795454545454546,0.5863636363636363,-1.1764705882352777
vPN1,45.0,evoked_spikes_per_neuron_per_pulse,silence_aPN1,0.5795454545454546,0.35,39.60784313725491
vPN1,55.0,peak_rate_hz,silence_vPN1,12.727272727272727,0.0,100.0
vPN1,55.0,peak_rate_hz,cut_vPN1_to_pC1,12.727272727272727,12.727272727272727,0.0
vPN1,55.0,peak_rate_hz,cut_vPN1_to_other,12.727272727272727,12.727272727272727,0.0
vPN1,55.0,peak_rate_hz,cut_vPN1_all_output,12.727272727272727,12.727272727272727,0.0
vPN1,55.0,peak_rate_hz,silence_aPN1,12.727272727272727,11.818181818181817,7.142857142857151
vPN1,55.0,evoked_spikes_per_neuron_per_pulse,silence_vPN1,0.5363636363636364,0.0,100.0
vPN1,55.0,evoked_spikes_per_neuron_per_pulse,cut_vPN1_to_pC1,0.5363636363636364,0.5522727272727272,-2.9661016949152472
vPN1,55.0,evoked_spikes_per_neuron_per_pulse,cut_vPN1_to_other,0.5363636363636364,0.4954545454545455,7.627118644067795
vPN1,55.0,evoked_spikes_per_neuron_per_pulse,cut_vPN1_all_output,0.5363636363636364,0.5522727272727272,-2.9661016949152472
vPN1,55.0,evoked_spikes_per_neuron_per_pulse,silence_aPN1,0.5363636363636364,0.4818181818181818,10.169491525423732
vPN1,65.0,peak_rate_hz,silence_vPN1,12.727272727272727,0.0,100.0
vPN1,65.0,peak_rate_hz,cut_vPN1_to_pC1,12.727272727272727,12.727272727272727,0.0
vPN1,65.0,peak_rate_hz,cut_vPN1_to_other,12.727272727272727,12.727272727272727,0.0
vPN1,65.0,peak_rate_hz,cut_vPN1_all_output,12.727272727272727,12.727272727272727,0.0
vPN1,65.0,peak_rate_hz,silence_aPN1,12.727272727272727,11.818181818181817,7.142857142857151
vPN1,65.0,evoked_spikes_per_neuron_per_pulse,silence_vPN1,0.5545454545454546,0.0,100.0
vPN1,65.0,evoked_spikes_per_neuron_per_pulse,cut_vPN1_to_pC1,0.5545454545454546,0.5568181818181818,-0.4098360655737581
vPN1,65.0,evoked_spikes_per_neuron_per_pulse,cut_vPN1_to_other,0.5545454545454546,0.55,0.8196721311475362
vPN1,65.0,evoked_spikes_per_neuron_per_pulse,cut_vPN1_all_output,0.5545454545454546,0.5340909090909091,3.688524590163943
vPN1,65.0,evoked_spikes_per_neuron_per_pulse,silence_aPN1,0.5545454545454546,0.4727272727272727,14.754098360655743
vPN1,75.0,peak_rate_hz,silence_vPN1,12.727272727272727,0.0,100.0
vPN1,75.0,peak_rate_hz,cut_vPN1_to_pC1,12.727272727272727,12.727272727272727,0.0
vPN1,75.0,peak_rate_hz,cut_vPN1_to_other,12.727272727272727,12.727272727272727,0.0
vPN1,75.0,peak_rate_hz,cut_vPN1_all_output,12.727272727272727,12.727272727272727,0.0
vPN1,75.0,peak_rate_hz,silence_aPN1,12.727272727272727,10.909090909090908,14.285714285714288
vPN1,75.0,evoked_spikes_per_neuron_per_pulse,silence_vPN1,0.5545454545454546,0.0,100.0
vPN1,75.0,evoked_spikes_per_neuron_per_pulse,cut_vPN1_to_pC1,0.5545454545454546,0.55,0.8196721311475362
vPN1,75.0,evoked_spikes_per_neuron_per_pulse,cut_vPN1_to_other,0.5545454545454546,0.48409090909090907,12.704918032786892
vPN1,75.0,evoked_spikes_per_neuron_per_pulse,cut_vPN1_all_output,0.5545454545454546,0.5477272727272727,1.2295081967213144
vPN1,75.0,evoked_spikes_per_neuron_per_pulse,silence_aPN1,0.5545454545454546,0.5454545454545454,1.6393442622950924
vPN1,85.0,peak_rate_hz,silence_vPN1,12.727272727272727,0.0,100.0
vPN1,85.0,peak_rate_hz,cut_vPN1_to_pC1,12.727272727272727,12.727272727272727,0.0
vPN1,85.0,peak_rate_hz,cut_vPN1_to_other,12.727272727272727,12.727272727272727,0.0
vPN1,85.0,peak_rate_hz,cut_vPN1_all_output,12.727272727272727,12.727272727272727,0.0
vPN1,85.0,peak_rate_hz,silence_aPN1,12.727272727272727,10.909090909090908,14.285714285714288
vPN1,85.0,evoked_spikes_per_neuron_per_pulse,silence_vPN1,0.5272727272727272,0.0,100.0
vPN1,85.0,evoked_spikes_per_neuron_per_pulse,cut_vPN1_to_pC1,0.5272727272727272,0.5295454545454545,-0.43103448275862877
vPN1,85.0,evoked_spikes_per_neuron_per_pulse,cut_vPN1_to_other,0.5272727272727272,0.5409090909090909,-2.5862068965517304
vPN1,85.0,evoked_spikes_per_neuron_per_pulse,cut_vPN1_all_output,0.5272727272727272,0.5159090909090909,2.155172413793102
vPN1,85.0,evoked_spikes_per_neuron_per_pulse,silence_aPN1,0.5272727272727272,0.5454545454545454,-3.448275862068967
vPN1,95.0,peak_rate_hz,silence_vPN1,12.727272727272727,0.0,100.0
vPN1,95.0,peak_rate_hz,cut_vPN1_to_pC1,12.727272727272727,12.727272727272727,0.0
vPN1,95.0,peak_rate_hz,cut_vPN1_to_other,12.727272727272727,14.545454545454545,-14.285714285714288
vPN1,95.0,peak_rate_hz,cut_vPN1_all_output,12.727272727272727,14.545454545454545,-14.285714285714288
vPN1,95.0,peak_rate_hz,silence_aPN1,12.727272727272727,10.909090909090908,14.285714285714288
vPN1,95.0,evoked_spikes_per_neuron_per_pulse,silence_vPN1,0.5681818181818182,0.0,100.0
vPN1,95.0,evoked_spikes_per_neuron_per_pulse,cut_vPN1_to_pC1,0.5681818181818182,0.5477272727272727,3.600000000000008
vPN1,95.0,evoked_spikes_per_neuron_per_pulse,cut_vPN1_to_other,0.5681818181818182,0.5295454545454545,6.800000000000009
vPN1,95.0,evoked_spikes_per_neuron_per_pulse,cut_vPN1_all_output,0.5681818181818182,0.5295454545454545,6.800000000000009
vPN1,95.0,evoked_spikes_per_neuron_per_pulse,silence_aPN1,0.5681818181818182,0.5454545454545454,4.000000000000016
