timestep,raw34_hex,low32_hex,high2_hex
0,0001C2279,001C2279,0
1,3FFF492E4,FFF492E4,3
2,3FFCF8004,FFCF8004,3
3,3FFE160D5,FFE160D5,3
4,00022E45D,0022E45D,0
5,3FFF2ECC1,FFF2ECC1,3
6,0002CA190,002CA190,0
7,000496374,00496374,0
8,3FF85F62B,FF85F62B,3
9,3FF9F41CB,FF9F41CB,3
10,00001B40B,0001B40B,0
11,3FFAE07B5,FFAE07B5,3
12,0002E1706,002E1706,0
13,3FFECBF1B,FFECBF1B,3
14,0001B7A83,001B7A83,0
15,0001E8E8D,001E8E8D,0
16,3FFD17D6D,FFD17D6D,3
17,3FFC0A2F2,FFC0A2F2,3
18,3FFD837E6,FFD837E6,3
19,0007325C3,007325C3,0
20,0000AEC64,000AEC64,0
21,0001ACE55,001ACE55,0
22,0004557EB,004557EB,0
23,3FFEEC81B,FFEEC81B,3
24,3FFDDE1A5,FFDDE1A5,3
25,3FFE6DEFB,FFE6DEFB,3
26,0002D5F58,002D5F58,0
27,3FFC735E7,FFC735E7,3
28,0002EAB8C,002EAB8C,0
29,3FFF18A13,FFF18A13,3
30,3FFDE1D73,FFDE1D73,3
31,3FF8CB67D,FF8CB67D,3
32,0000E4B7E,000E4B7E,0
33,00016BF1D,0016BF1D,0
34,3FFD6E321,FFD6E321,3
35,3FFBDDC3F,FFBDDC3F,3
36,00034FFE8,0034FFE8,0
37,3FFD1A248,FFD1A248,3
38,3FFF87DD4,FFF87DD4,3
39,0006FA618,006FA618,0
40,0001C05D0,001C05D0,0
41,00022F4AB,0022F4AB,0
42,0000777D3,000777D3,0
43,3FFD302B5,FFD302B5,3
44,3FFC2747E,FFC2747E,3
45,00033FED5,0033FED5,0
46,0002DDDFF,002DDDFF,0
47,3FFBCC2C5,FFBCC2C5,3
48,0000DD997,000DD997,0
49,00002FCDC,0002FCDC,0
50,0002EBFAE,002EBFAE,0
51,3FFC03429,FFC03429,3
52,00007F22A,0007F22A,0
53,3FFEA41CB,FFEA41CB,3
54,0000187A8,000187A8,0
55,3FFE73A48,FFE73A48,3
56,0003743A8,003743A8,0
57,3FFA0CDC3,FFA0CDC3,3
58,0000760DF,000760DF,0
59,000783ECD,00783ECD,0
60,0001357FC,001357FC,0
61,3FFDB6838,FFDB6838,3
62,3FFF97378,FFF97378,3
63,00067B429,0067B429,0
64,3FFDC0894,FFDC0894,3
65,00008C95D,0008C95D,0
66,3FF95764F,FF95764F,3
67,3FFF4B5E5,FFF4B5E5,3
68,3FFC6E76F,FFC6E76F,3
69,3FFFCDBEE,FFFCDBEE,3
70,0002848A7,002848A7,0
71,00045AEA0,0045AEA0,0
72,000136D0C,00136D0C,0
73,0004FE2F3,004FE2F3,0
74,3FF7AFEE3,FF7AFEE3,3
75,0002E4D22,002E4D22,0
76,0008435FD,008435FD,0
77,000536CD6,00536CD6,0
78,000700027,00700027,0
79,000384EF0,00384EF0,0
80,0002C355D,002C355D,0
81,3FFD40277,FFD40277,3
82,00006A6B6,0006A6B6,0
83,0002534E7,002534E7,0
84,00013BD81,0013BD81,0
85,3FF87F743,FF87F743,3
86,3FFF713BE,FFF713BE,3
87,0001A12AF,001A12AF,0
88,0004765FA,004765FA,0
89,3FFCA36DA,FFCA36DA,3
90,00064950A,0064950A,0
91,00080F781,0080F781,0
92,00036BEED,0036BEED,0
93,0000629C5,000629C5,0
94,3FFB5BF4C,FFB5BF4C,3
95,3FFCBF04D,FFCBF04D,3
96,00048C782,0048C782,0
97,000042B84,00042B84,0
98,3FFF06E58,FFF06E58,3
99,3FFF036DD,FFF036DD,3
100,00167FD02,0167FD02,0
101,0016463D7,016463D7,0
102,001102E8D,01102E8D,0
103,00084D1A2,0084D1A2,0
104,0000CC91A,000CC91A,0
105,3FFC36E9C,FFC36E9C,3
106,3FFDBF118,FFDBF118,3
107,00010EDEE,0010EDEE,0
108,000630689,00630689,0
109,00054F324,0054F324,0
110,00009191D,0009191D,0
111,3FFCC8CB8,FFCC8CB8,3
112,0003380DE,003380DE,0
113,00034E0B3,0034E0B3,0
114,000097902,00097902,0
115,3FFFB29C9,FFFB29C9,3
116,00019B386,0019B386,0
117,3FFF516A0,FFF516A0,3
118,0001BC6C3,001BC6C3,0
119,3FFED9331,FFED9331,3
120,3FFEA722B,FFEA722B,3
121,3FFD4B69A,FFD4B69A,3
122,3FFFB1966,FFFB1966,3
123,0000720B2,000720B2,0
124,0002BBC83,002BBC83,0
125,3FFDDA990,FFDDA990,3
126,000072060,00072060,0
127,3FFC82F11,FFC82F11,3
128,000032E70,00032E70,0
129,000B406FE,00B406FE,0
130,3FFE9B59C,FFE9B59C,3
131,3FFA44B96,FFA44B96,3
132,00013ECE1,0013ECE1,0
133,000342397,00342397,0
134,0004C0456,004C0456,0
135,00144C1A6,0144C1A6,0
136,001163C8D,01163C8D,0
137,001690598,01690598,0
138,0000B460F,000B460F,0
139,3FFCDD5FB,FFCDD5FB,3
140,3FFD98F6F,FFD98F6F,3
141,00014C63D,0014C63D,0
142,3FFC355F4,FFC355F4,3
143,000379FAF,00379FAF,0
144,3FFBEAB1F,FFBEAB1F,3
145,3FFA03B82,FFA03B82,3
146,3FFE8B41C,FFE8B41C,3
147,0000E4DD3,000E4DD3,0
148,3FF9B0134,FF9B0134,3
149,3FFD09E9C,FFD09E9C,3
150,0005CA89A,005CA89A,0
151,3FFD0A534,FFD0A534,3
152,0003A9DCA,003A9DCA,0
153,000106BD4,00106BD4,0
154,0002A76FF,002A76FF,0
155,3FFD4533A,FFD4533A,3
156,0005382B5,005382B5,0
157,00011B2E5,0011B2E5,0
158,00019D883,0019D883,0
159,00008BE9C,0008BE9C,0
160,000030510,00030510,0
161,000462F85,00462F85,0
162,3FFEF03D8,FFEF03D8,3
163,3FFF3DD4A,FFF3DD4A,3
164,3FF8D0394,FF8D0394,3
165,0000A48D3,000A48D3,0
166,00004440A,0004440A,0
167,3FFD5CE1A,FFD5CE1A,3
168,3FFFD6BDB,FFFD6BDB,3
169,3FFE51E5F,FFE51E5F,3
170,00109B7BC,0109B7BC,0
171,00123C7DD,0123C7DD,0
172,001AEBFF6,01AEBFF6,0
173,00026B5AF,0026B5AF,0
174,3FF919CC2,FF919CC2,3
175,3FFDFFCF2,FFDFFCF2,3
176,3FFBC7A19,FFBC7A19,3
177,3FFF9CFC1,FFF9CFC1,3
178,0005BE8E9,005BE8E9,0
179,00027FF12,0027FF12,0
180,3FF95CC4C,FF95CC4C,3
181,3FFC3E6E2,FFC3E6E2,3
182,00016D0FF,0016D0FF,0
183,0002C5ADA,002C5ADA,0
184,0005567A0,005567A0,0
185,3FFF69986,FFF69986,3
186,3FFD76D5E,FFD76D5E,3
187,000440613,00440613,0
188,3FF7F71C2,FF7F71C2,3
189,3FFC2A7EA,FFC2A7EA,3
190,3FFC777C2,FFC777C2,3
191,000182153,00182153,0
192,3FFB9543E,FFB9543E,3
193,0000A2962,000A2962,0
194,3FFDD9745,FFDD9745,3
195,00053A4EB,0053A4EB,0
196,3FFCCFB24,FFCCFB24,3
197,0000D28B3,000D28B3,0
198,3FFBC6EDA,FFBC6EDA,3
199,000006BAF,00006BAF,0
200,3FF620424,FF620424,3
201,3FFB81A0A,FFB81A0A,3
202,3FFD0E152,FFD0E152,3
203,00015DB61,0015DB61,0
204,3FFFFB43B,FFFFB43B,3
205,0010F7209,010F7209,0
206,001004927,01004927,0
207,00100523C,0100523C,0
208,000642CAC,00642CAC,0
209,3FFBD4524,FFBD4524,3
210,3FFE09AC7,FFE09AC7,3
211,0000A3721,000A3721,0
212,00015BD8A,0015BD8A,0
213,3FFF42EB9,FFF42EB9,3
214,3FFC2D41A,FFC2D41A,3
215,000139155,00139155,0
216,3FFEB1DFF,FFEB1DFF,3
217,3FFB58E95,FFB58E95,3
218,00009B50E,0009B50E,0
219,3FFE260BF,FFE260BF,3
220,3FFF80BCA,FFF80BCA,3
221,3FFD2878B,FFD2878B,3
222,0006384DD,006384DD,0
223,3FFCCBE31,FFCCBE31,3
224,3FFEB21A6,FFEB21A6,3
225,3FFB5D548,FFB5D548,3
226,00074135C,0074135C,0
227,3FFDF1CC5,FFDF1CC5,3
228,3FFF5B166,FFF5B166,3
229,3FFAEE514,FFAEE514,3
230,3FFCE16E9,FFCE16E9,3
231,000594676,00594676,0
232,3FFECFB73,FFECFB73,3
233,0000D3050,000D3050,0
234,3FF6C79A1,FF6C79A1,3
235,0007D71CE,007D71CE,0
236,3FFC1843E,FFC1843E,3
237,3FFD0BD5B,FFD0BD5B,3
238,000096C57,00096C57,0
239,000571429,00571429,0
240,000E73492,00E73492,0
241,000DBA8B5,00DBA8B5,0
242,001260AB6,01260AB6,0
243,3FFF5D040,FFF5D040,3
244,3FFC27A41,FFC27A41,3
245,0007ABAB7,007ABAB7,0
246,3FFBBD0D8,FFBBD0D8,3
247,3FFE5E417,FFE5E417,3
248,3FFFE84B2,FFFE84B2,3
249,3FF7074EC,FF7074EC,3
250,0003503D7,003503D7,0
251,0005AAA17,005AAA17,0
252,3FFBBAA81,FFBBAA81,3
253,3FFECECBD,FFECECBD,3
254,3FFD873A6,FFD873A6,3
255,3FFD61EF1,FFD61EF1,3
256,3FFE41CB7,FFE41CB7,3
257,000663E69,00663E69,0
258,0004E6CDB,004E6CDB,0
259,3FF9C4698,FF9C4698,3
260,3FFF5CCCF,FFF5CCCF,3
261,0005D5902,005D5902,0
262,3FFD7B72D,FFD7B72D,3
263,0000AFD3D,000AFD3D,0
264,3FFE1DF2A,FFE1DF2A,3
265,0003442A7,003442A7,0
266,3FFDE72B3,FFDE72B3,3
267,3FFB01232,FFB01232,3
268,000610E97,00610E97,0
269,3FFFDF381,FFFDF381,3
270,3FFF05556,FFF05556,3
271,3FFDAFF57,FFDAFF57,3
272,3FFD7F898,FFD7F898,3
273,3FFDFDBB5,FFDFDBB5,3
274,000512F32,00512F32,0
275,00127C707,0127C707,0
276,001B02B80,01B02B80,0
277,001292D9F,01292D9F,0
278,00018A3DB,0018A3DB,0
279,0002E071B,002E071B,0
280,00001AFDE,0001AFDE,0
281,00031E67D,0031E67D,0
282,3FFBCEF02,FFBCEF02,3
283,000579251,00579251,0
284,3FFE3AF70,FFE3AF70,3
285,000238C60,00238C60,0
286,000304965,00304965,0
287,0005601F3,005601F3,0
288,0002DDE02,002DDE02,0
289,000056FD9,00056FD9,0
290,0003EE2DB,003EE2DB,0
291,0004D076E,004D076E,0
292,000572378,00572378,0
293,0000C6BB7,000C6BB7,0
294,000164A0E,00164A0E,0
295,00016A4F0,0016A4F0,0
296,3FFC00079,FFC00079,3
297,00003D30E,0003D30E,0
298,00004B922,0004B922,0
299,3FFB2CF50,FFB2CF50,3
300,0002FE9DB,002FE9DB,0
301,3FFDBC36D,FFDBC36D,3
302,3FFCFDB6C,FFCFDB6C,3
303,3FFB3317C,FFB3317C,3
304,0003D1222,003D1222,0
305,3FFC9F654,FFC9F654,3
306,3FFCEE773,FFCEE773,3
307,0001AD339,001AD339,0
308,0007AC68D,007AC68D,0
309,3FFB80E14,FFB80E14,3
310,001A5E847,01A5E847,0
311,001090792,01090792,0
312,001292DFF,01292DFF,0
313,3FFF54F2E,FFF54F2E,3
314,0004A1378,004A1378,0
315,0001470A4,001470A4,0
316,00023263A,0023263A,0
317,0006C03E7,006C03E7,0
318,000138BA8,00138BA8,0
319,00038ECF6,0038ECF6,0
320,0003A4900,003A4900,0
321,000626D40,00626D40,0
322,0006862E1,006862E1,0
323,3FFE2BEF4,FFE2BEF4,3
324,3FFFF5C81,FFFF5C81,3
325,3FF9AB597,FF9AB597,3
326,0000D8E21,000D8E21,0
327,3FF9D9A73,FF9D9A73,3
328,0003EE454,003EE454,0
329,3FFE91B22,FFE91B22,3
330,00035ADE8,0035ADE8,0
331,0001D91E8,001D91E8,0
332,3FF8B350E,FF8B350E,3
333,3FFDC7776,FFDC7776,3
334,3FFD1666B,FFD1666B,3
335,000648855,00648855,0
336,0001A62AF,001A62AF,0
337,3FFC340A9,FFC340A9,3
338,00038ADEB,0038ADEB,0
339,000168868,00168868,0
340,3FFD9C59A,FFD9C59A,3
341,3FFE34ED9,FFE34ED9,3
342,00048B2F2,0048B2F2,0
343,3FFB02792,FFB02792,3
344,000411C18,00411C18,0
345,0015670B5,015670B5,0
346,001A4AD7F,01A4AD7F,0
347,001410B23,01410B23,0
348,3FFDA74DA,FFDA74DA,3
349,0001FC042,001FC042,0
350,00096F3C8,0096F3C8,0
351,0004412DB,004412DB,0
352,0004D6076,004D6076,0
353,000048493,00048493,0
354,00006A396,0006A396,0
355,00010DD31,0010DD31,0
356,3FFDF6857,FFDF6857,3
357,3FF8E2C9E,FF8E2C9E,3
358,3FFC12285,FFC12285,3
359,3FFBC4A04,FFBC4A04,3
360,3FFFCB6D3,FFFCB6D3,3
361,3FFB94DB7,FFB94DB7,3
362,3FFDE2597,FFDE2597,3
363,3FFCD97F0,FFCD97F0,3
364,3FF70EA65,FF70EA65,3
365,000A25811,00A25811,0
366,000404B59,00404B59,0
367,3FF5B3BD6,FF5B3BD6,3
368,000554757,00554757,0
369,3FFCD5A63,FFCD5A63,3
370,3FFCF5ECD,FFCF5ECD,3
371,3FF83D0D7,FF83D0D7,3
372,0003C107F,003C107F,0
373,3FFCE8F2E,FFCE8F2E,3
374,3FF6A0375,FF6A0375,3
375,00039A024,0039A024,0
376,0001D1DCA,001D1DCA,0
377,000062658,00062658,0
378,0001CEA92,001CEA92,0
379,0002B01A0,002B01A0,0
380,0014E4036,014E4036,0
381,000F843FD,00F843FD,0
382,000DE9E16,00DE9E16,0
383,3FFEA61AD,FFEA61AD,3
384,3FF9FF687,FF9FF687,3
385,000213AB4,00213AB4,0
386,3FFB302E8,FFB302E8,3
387,3FFCFD279,FFCFD279,3
388,00031A5BE,0031A5BE,0
389,0000E4C97,000E4C97,0
390,000127428,00127428,0
391,3FFF36419,FFF36419,3
392,0004177CB,004177CB,0
393,3FFE0EE3F,FFE0EE3F,3
394,3FFE65E47,FFE65E47,3
395,000183917,00183917,0
396,00001B173,0001B173,0
397,3FFFADF63,FFFADF63,3
398,3FFD128F4,FFD128F4,3
399,3FF96C868,FF96C868,3
400,0003B4FE7,003B4FE7,0
401,3FFBDC7BE,FFBDC7BE,3
402,00033573F,0033573F,0
403,0001879F1,001879F1,0
404,3FFEE4D00,FFEE4D00,3
405,3FFDC62CF,FFDC62CF,3
406,00044CD25,0044CD25,0
407,3FFF15071,FFF15071,3
408,00004CEBB,0004CEBB,0
409,0004CE16A,004CE16A,0
410,0005BED25,005BED25,0
411,3FFC3F6CC,FFC3F6CC,3
412,3FF8E1810,FF8E1810,3
413,3FFF37D6A,FFF37D6A,3
414,000707DA6,00707DA6,0
415,00116B498,0116B498,0
416,000B52A54,00B52A54,0
417,001722168,01722168,0
418,3FF8542CB,FF8542CB,3
419,3FFE2D2BD,FFE2D2BD,3
420,000321901,00321901,0
421,3FFFDD7C9,FFFDD7C9,3
422,0009DB21B,009DB21B,0
423,3FF94428A,FF94428A,3
424,00099184A,0099184A,0
425,00025909B,0025909B,0
426,3FFBC7F56,FFBC7F56,3
427,3FFDD68FC,FFDD68FC,3
428,000147D29,00147D29,0
429,3FFF9F5D6,FFF9F5D6,3
430,0003718B7,003718B7,0
431,00015D339,0015D339,0
432,000375B6C,00375B6C,0
433,000213A27,00213A27,0
434,3FFF55AF8,FFF55AF8,3
435,3FF8B9CD1,FF8B9CD1,3
436,3FFE0373B,FFE0373B,3
437,000398502,00398502,0
438,0002C4249,002C4249,0
439,00032DE6A,0032DE6A,0
440,0004B70A2,004B70A2,0
441,00036E34E,0036E34E,0
442,0004C52E1,004C52E1,0
443,0004A75E4,004A75E4,0
444,3FFAA7256,FFAA7256,3
445,3FFC8E2EB,FFC8E2EB,3
446,3FFD3127E,FFD3127E,3
447,0001CA992,001CA992,0
448,0003DF5C5,003DF5C5,0
449,3FFF699D7,FFF699D7,3
450,00136E0F7,0136E0F7,0
451,0013272CE,013272CE,0
452,001297D04,01297D04,0
453,000711D54,00711D54,0
454,0000C453A,000C453A,0
455,0002CD8CE,002CD8CE,0
456,3FFD91B29,FFD91B29,3
457,0000476A1,000476A1,0
458,3FF9A1AD3,FF9A1AD3,3
459,00005013E,0005013E,0
460,3FFAFB4B0,FFAFB4B0,3
461,3FFFD5407,FFFD5407,3
462,3FFB0BD6C,FFB0BD6C,3
463,000323E6F,00323E6F,0
464,0000E5359,000E5359,0
465,0004FEE98,004FEE98,0
466,0004C1F54,004C1F54,0
467,00073AF54,0073AF54,0
468,0004538F9,004538F9,0
469,3FF8581D6,FF8581D6,3
470,3FFDD2A8A,FFDD2A8A,3
471,000547DC2,00547DC2,0
472,3FFCA18DE,FFCA18DE,3
473,000125FC2,00125FC2,0
474,0003FD663,003FD663,0
475,0007255A6,007255A6,0
476,3FF9EEB3F,FF9EEB3F,3
477,0000A632E,000A632E,0
478,3FFEC6320,FFEC6320,3
479,3FF7CF6A0,FF7CF6A0,3
480,3FFCD690D,FFCD690D,3
481,3FFD2A159,FFD2A159,3
482,0001F990D,001F990D,0
483,3FFEDEB44,FFEDEB44,3
484,3FFC3CA8C,FFC3CA8C,3
485,0013319AE,013319AE,0
486,000EA907B,00EA907B,0
487,0013C5DA7,013C5DA7,0
488,000521848,00521848,0
489,000447228,00447228,0
490,0004B1916,004B1916,0
491,3FFB7CCE0,FFB7CCE0,3
492,3FFD03EFB,FFD03EFB,3
493,3FFED166A,FFED166A,3
494,000218812,00218812,0
495,3FFE4B6ED,FFE4B6ED,3
496,00087841E,0087841E,0
497,0009FE0D7,009FE0D7,0
498,3FFE2CE57,FFE2CE57,3
499,3FFC4CBAC,FFC4CBAC,3
500,000125963,00125963,0
501,3FFF9A4A5,FFF9A4A5,3
502,0001C4791,001C4791,0
503,0004D636C,004D636C,0
504,3FFDFA964,FFDFA964,3
505,00031A12A,0031A12A,0
506,0001EF0AF,001EF0AF,0
507,3FFF88EA1,FFF88EA1,3
508,3FFC5C1FC,FFC5C1FC,3
509,3FFD888D5,FFD888D5,3
510,000366E34,00366E34,0
511,3FFD1B919,FFD1B919,3
512,0000B2100,000B2100,0
513,3FFD73225,FFD73225,3
514,3FFEDA1F7,FFEDA1F7,3
515,00060E81D,0060E81D,0
516,00039F434,0039F434,0
517,000827437,00827437,0
518,3FFD5FD28,FFD5FD28,3
519,00018BEB4,0018BEB4,0
520,001611F1E,01611F1E,0
521,00129665E,0129665E,0
522,0009E3778,009E3778,0
523,0000B4450,000B4450,0
524,3FFF378F1,FFF378F1,3
525,00030FCAF,0030FCAF,0
526,3FFD871C9,FFD871C9,3
527,3FFDF7A62,FFDF7A62,3
528,3FFDD222D,FFDD222D,3
529,3FFA3D257,FFA3D257,3
530,00007EC70,0007EC70,0
531,0006793EC,006793EC,0
532,0001B956C,001B956C,0
533,00020A65E,0020A65E,0
534,3FFB6D0C6,FFB6D0C6,3
535,3FFF42430,FFF42430,3
536,0000CBC00,000CBC00,0
537,3FFFED5D0,FFFED5D0,3
538,3FFE47D19,FFE47D19,3
539,3FFD978CD,FFD978CD,3
540,00017FBE6,0017FBE6,0
541,3FFF24726,FFF24726,3
542,00009AF6C,0009AF6C,0
543,00045C12D,0045C12D,0
544,000448825,00448825,0
545,3FFFB9711,FFFB9711,3
546,3FFE60B62,FFE60B62,3
547,00006F407,0006F407,0
548,3FFF04A21,FFF04A21,3
549,3FFF05C8D,FFF05C8D,3
550,0000DEC19,000DEC19,0
551,3FFCA6B28,FFCA6B28,3
552,0005EE417,005EE417,0
553,00018FF15,0018FF15,0
554,3FFF54C29,FFF54C29,3
555,0012C831C,012C831C,0
556,0018C1DF5,018C1DF5,0
557,001923BF4,01923BF4,0
558,3FFB33171,FFB33171,3
559,3FFAA0C03,FFAA0C03,3
560,3FF9E364B,FF9E364B,3
561,0000D2D28,000D2D28,0
562,000637549,00637549,0
563,0003AB456,003AB456,0
564,3FFD924A0,FFD924A0,3
565,3FFC9E2F8,FFC9E2F8,3
566,0005A3768,005A3768,0
567,3FFF43AC8,FFF43AC8,3
568,000375A1A,00375A1A,0
569,0004FC2E8,004FC2E8,0
570,3FFDE2CFD,FFDE2CFD,3
571,000291A8F,00291A8F,0
572,00025128E,0025128E,0
573,000257D5E,00257D5E,0
574,3FFB29997,FFB29997,3
575,3FFB68F93,FFB68F93,3
576,0004A91D2,004A91D2,0
577,3FFFF8C8F,FFFF8C8F,3
578,0002DE109,002DE109,0
579,3FFAD1861,FFAD1861,3
580,000023F19,00023F19,0
581,3FFFD17ED,FFFD17ED,3
582,000469B5D,00469B5D,0
583,00020A7A4,0020A7A4,0
584,3FFE5E103,FFE5E103,3
585,00003F595,0003F595,0
586,00023290C,0023290C,0
587,3FFC25881,FFC25881,3
588,3FFC4EA0B,FFC4EA0B,3
589,3FFFCB105,FFFCB105,3
590,0011D489A,011D489A,0
591,0014C4835,014C4835,0
592,001499499,01499499,0
593,3FFDC926A,FFDC926A,3
594,00028BE75,0028BE75,0
595,000567B97,00567B97,0
596,00025731F,0025731F,0
597,3FFE9686D,FFE9686D,3
598,3FFFD1D0D,FFFD1D0D,3
599,0002B5AE7,002B5AE7,0
600,00020EAF3,0020EAF3,0
601,3FFC6112A,FFC6112A,3
602,3FF5E951F,FF5E951F,3
603,3FFFA6657,FFFA6657,3
604,00054DCBC,0054DCBC,0
605,3FFE7EDEF,FFE7EDEF,3
606,3FFF218B4,FFF218B4,3
607,3FFED0206,FFED0206,3
608,000011889,00011889,0
609,3FFA93EF5,FFA93EF5,3
610,0002C8A16,002C8A16,0
611,0001BB198,001BB198,0
612,0000B7A95,000B7A95,0
613,000444F90,00444F90,0
614,000598DA6,00598DA6,0
615,3FF8841A3,FF8841A3,3
616,00000CC09,0000CC09,0
617,3FFE957E4,FFE957E4,3
618,3FFC6ECE6,FFC6ECE6,3
619,3FFFE5181,FFFE5181,3
620,0002DBD38,002DBD38,0
621,00005AF93,0005AF93,0
622,3FFDE08F5,FFDE08F5,3
623,00054A1EC,0054A1EC,0
624,3FFB465A8,FFB465A8,3
625,00142F993,0142F993,0
626,000BFCAD7,00BFCAD7,0
627,0016C774A,016C774A,0
628,000375F71,00375F71,0
629,3FFE45765,FFE45765,3
630,3FF8DD386,FF8DD386,3
631,000148EB4,00148EB4,0
632,3FFB9F690,FFB9F690,3
633,3FFEABCB9,FFEABCB9,3
634,3FFD36EA0,FFD36EA0,3
635,000569CF7,00569CF7,0
636,000134215,00134215,0
637,3FFCBA66A,FFCBA66A,3
638,00041C968,0041C968,0
639,000356BA7,00356BA7,0
640,0000356C2,000356C2,0
641,00056F62E,0056F62E,0
642,0002AE2C4,002AE2C4,0
643,3FFDFEB50,FFDFEB50,3
644,0001F1E4C,001F1E4C,0
645,00029413A,0029413A,0
646,3FFD8609D,FFD8609D,3
647,0004A2193,004A2193,0
648,00010606F,0010606F,0
649,0001EC977,001EC977,0
650,0002C7ABB,002C7ABB,0
651,3FFC1FE49,FFC1FE49,3
652,0000D2A94,000D2A94,0
653,0003E9C29,003E9C29,0
654,3FFCDAEF7,FFCDAEF7,3
655,0000F06C5,000F06C5,0
656,0000FDB1B,000FDB1B,0
657,00042B1AA,0042B1AA,0
658,00048101F,0048101F,0
659,0001E94F2,001E94F2,0
660,00146F3EF,0146F3EF,0
661,001A609FE,01A609FE,0
662,00131A665,0131A665,0
663,3FFC9188C,FFC9188C,3
664,000238695,00238695,0
665,00018A4FA,0018A4FA,0
666,3FFDFF46C,FFDFF46C,3
667,0001DE0F2,001DE0F2,0
668,3FFB59733,FFB59733,3
669,3FFADFDBB,FFADFDBB,3
670,000434B9E,00434B9E,0
671,3FFCAB335,FFCAB335,3
672,3FFEA02D7,FFEA02D7,3
673,3FFE8681F,FFE8681F,3
674,00007B401,0007B401,0
675,00011C077,0011C077,0
676,3FFB6C7C2,FFB6C7C2,3
677,0000E77A2,000E77A2,0
678,000296936,00296936,0
679,3FFF0CD5A,FFF0CD5A,3
680,0002B0DD5,002B0DD5,0
681,3FFD585D0,FFD585D0,3
682,00022242F,0022242F,0
683,00007CD23,0007CD23,0
684,00002A72A,0002A72A,0
685,3FFB83693,FFB83693,3
686,3FFE39E04,FFE39E04,3
687,000082A27,00082A27,0
688,3FFA8E60E,FFA8E60E,3
689,00018C474,0018C474,0
690,3FFCC2F41,FFCC2F41,3
691,3FFA9463B,FFA9463B,3
692,3FFD6E553,FFD6E553,3
693,000622973,00622973,0
694,0002D9501,002D9501,0
695,00154BB63,0154BB63,0
696,001134D4D,01134D4D,0
697,00143426C,0143426C,0
698,0002927B5,002927B5,0
699,00015E74D,0015E74D,0
700,0004DEFCA,004DEFCA,0
701,000429EB4,00429EB4,0
702,3FF1A9154,FF1A9154,3
703,0006EE335,006EE335,0
704,3FF975C40,FF975C40,3
705,3FFE43538,FFE43538,3
706,3FF93CB3C,FF93CB3C,3
707,3FFE98914,FFE98914,3
708,3FFBC67D2,FFBC67D2,3
709,3FFDEC2FB,FFDEC2FB,3
710,3FFAC05D2,FFAC05D2,3
711,0003FFD1E,003FFD1E,0
712,3FFB1F489,FFB1F489,3
713,3FFEE2191,FFEE2191,3
714,3FFCFDDBC,FFCFDDBC,3
715,0002065CF,002065CF,0
716,0002B78C8,002B78C8,0
717,3FF968A1E,FF968A1E,3
718,3FFE8015C,FFE8015C,3
719,00023B608,0023B608,0
720,0003DDD23,003DDD23,0
721,3FFA1D54F,FFA1D54F,3
722,3FFC24C56,FFC24C56,3
723,3FFF4DB5A,FFF4DB5A,3
724,0003AC263,003AC263,0
725,00034518E,0034518E,0
726,000901955,00901955,0
727,3FFF701D0,FFF701D0,3
728,00008F828,0008F828,0
729,3FFD4ABB3,FFD4ABB3,3
730,0013CA850,013CA850,0
731,001200781,01200781,0
732,00154D1B3,0154D1B3,0
733,0004D1F5C,004D1F5C,0
734,0001D8CF6,001D8CF6,0
735,0000BE5F8,000BE5F8,0
736,3FF8406BA,FF8406BA,3
737,000444F5F,00444F5F,0
738,3FFDEE64A,FFDEE64A,3
739,3FFEB44D3,FFEB44D3,3
740,0000B9AA4,000B9AA4,0
741,00013E862,0013E862,0
742,3FFE7E1E7,FFE7E1E7,3
743,000225355,00225355,0
744,3FFCFC008,FFCFC008,3
745,3FFFD1B85,FFFD1B85,3
746,000518908,00518908,0
747,000365BE5,00365BE5,0
748,000115579,00115579,0
749,0002E2BE2,002E2BE2,0
750,00079A165,0079A165,0
751,3FF762FAD,FF762FAD,3
752,3FFAE82BE,FFAE82BE,3
753,000606523,00606523,0
754,000200302,00200302,0
755,0000625E6,000625E6,0
756,00055A794,0055A794,0
757,0007DE8F4,007DE8F4,0
758,3FFE17B29,FFE17B29,3
759,0003747B2,003747B2,0
760,00004E088,0004E088,0
761,3FFB5C540,FFB5C540,3
762,3FFC36DBF,FFC36DBF,3
763,00011931F,0011931F,0
764,3FFA815F3,FFA815F3,3
765,0015697A3,015697A3,0
766,0016915C7,016915C7,0
767,0010945EB,010945EB,0
768,00067C704,0067C704,0
769,0004F0048,004F0048,0
770,0002B2EC3,002B2EC3,0
771,3FFE3E2F4,FFE3E2F4,3
772,3FFC3FBF3,FFC3FBF3,3
773,3FFCF3CEF,FFCF3CEF,3
774,3FFE1A1D8,FFE1A1D8,3
775,3FFBAB1F9,FFBAB1F9,3
776,3FFD3D550,FFD3D550,3
777,3FFE1DBF7,FFE1DBF7,3
778,0000A1E12,000A1E12,0
779,3FFDFB2E9,FFDFB2E9,3
780,3FFE3036F,FFE3036F,3
781,3FFAF3686,FFAF3686,3
782,3FFD4FA1D,FFD4FA1D,3
783,3FFA53179,FFA53179,3
784,3FFA2A78D,FFA2A78D,3
785,000733128,00733128,0
786,3FF627291,FF627291,3
787,3FFF67297,FFF67297,3
788,3FFB098A1,FFB098A1,3
789,000330D2C,00330D2C,0
790,0004107BC,004107BC,0
791,000034D40,00034D40,0
792,00008E9D9,0008E9D9,0
793,3FFD0E373,FFD0E373,3
794,3FFD566CB,FFD566CB,3
795,3FFFE6867,FFFE6867,3
796,000080DDC,00080DDC,0
797,3FFF384D1,FFF384D1,3
798,3FF986A49,FF986A49,3
799,0000A0308,000A0308,0
800,000F6286B,00F6286B,0
801,001670757,01670757,0
802,0009E1476,009E1476,0
803,3FFA77F6D,FFA77F6D,3
804,00013F44B,0013F44B,0
805,00037C0A5,0037C0A5,0
806,3FFD29AF9,FFD29AF9,3
807,3FFAA0FA7,FFAA0FA7,3
808,3FF9C06DF,FF9C06DF,3
809,00032568E,0032568E,0
810,3FFEA910E,FFEA910E,3
811,3FF97A693,FF97A693,3
812,000119136,00119136,0
813,000295193,00295193,0
814,000895402,00895402,0
815,3FFC36011,FFC36011,3
816,00009DFAD,0009DFAD,0
817,3FF82A745,FF82A745,3
818,0006A6B29,006A6B29,0
819,3FFE405AB,FFE405AB,3
820,3FFDCC2B6,FFDCC2B6,3
821,3FFB90AB6,FFB90AB6,3
822,3FFDF4C68,FFDF4C68,3
823,3FFFE9DA2,FFFE9DA2,3
824,3FFD41E71,FFD41E71,3
825,000500D59,00500D59,0
826,3FFF2759D,FFF2759D,3
827,000258954,00258954,0
828,3FFA720F8,FFA720F8,3
829,000362C2E,00362C2E,0
830,3FFCD9E9B,FFCD9E9B,3
831,3FFB86F55,FFB86F55,3
832,0001CE1C0,001CE1C0,0
833,0002D2BAA,002D2BAA,0
834,3FFC86B8A,FFC86B8A,3
835,000F49B84,00F49B84,0
836,0015B4C65,015B4C65,0
837,0012FF165,012FF165,0
838,00029001E,0029001E,0
839,0003B32A0,003B32A0,0
840,0006FE4C6,006FE4C6,0
841,00019B4FA,0019B4FA,0
842,0001325BE,001325BE,0
843,0002D8DD4,002D8DD4,0
844,0003FB72A,003FB72A,0
845,3FF8F9FBD,FF8F9FBD,3
846,000844460,00844460,0
847,0006DC17F,006DC17F,0
848,3FF83995D,FF83995D,3
849,0004875EF,004875EF,0
850,0003F2F01,003F2F01,0
851,0002E1657,002E1657,0
852,0001EBE16,001EBE16,0
853,3FFCAA984,FFCAA984,3
854,000678D2A,00678D2A,0
855,0001927B6,001927B6,0
856,3FFBD66C3,FFBD66C3,3
857,000084D5F,00084D5F,0
858,0002D57DB,002D57DB,0
859,000039330,00039330,0
860,00010264B,0010264B,0
861,3FFBAE6C8,FFBAE6C8,3
862,3FFF4E9E7,FFF4E9E7,3
863,0002452A8,002452A8,0
864,0001A0768,001A0768,0
865,0008B9939,008B9939,0
866,3FFC81B98,FFC81B98,3
867,3FFD45932,FFD45932,3
868,3FFCC0C78,FFCC0C78,3
869,00009AED1,0009AED1,0
870,000FCD5ED,00FCD5ED,0
871,0016C6879,016C6879,0
872,000D7615F,00D7615F,0
873,3FFF72F76,FFF72F76,3
874,3FFCD499D,FFCD499D,3
875,0003B0BB6,003B0BB6,0
876,3FFD7EB17,FFD7EB17,3
877,3FFD993B5,FFD993B5,3
878,3FFAB9B44,FFAB9B44,3
879,3FFCB676A,FFCB676A,3
880,3FFCF685E,FFCF685E,3
881,3FFBE4E78,FFBE4E78,3
882,0001FA1E8,001FA1E8,0
883,0004DDF6C,004DDF6C,0
884,0000FCB89,000FCB89,0
885,3FF9EEA61,FF9EEA61,3
886,3FF85F003,FF85F003,3
887,0003415A5,003415A5,0
888,0000229A8,000229A8,0
889,3FFB4357F,FFB4357F,3
890,3FFDFEB73,FFDFEB73,3
891,3FFFBF2E1,FFFBF2E1,3
892,000700B7B,00700B7B,0
893,00028D2C4,0028D2C4,0
894,00037642B,0037642B,0
895,3FFF373C3,FFF373C3,3
896,3FFEFFFAC,FFEFFFAC,3
897,0005DABEE,005DABEE,0
898,000428A22,00428A22,0
899,00030DA2E,0030DA2E,0
900,3FF865E34,FF865E34,3
901,0001C359E,001C359E,0
902,3FFC4183F,FFC4183F,3
903,3FFC29087,FFC29087,3
904,0003BA3D5,003BA3D5,0
905,0012C643D,012C643D,0
906,00101227E,0101227E,0
907,0015B68A6,015B68A6,0
908,0000F35F1,000F35F1,0
909,000357B70,00357B70,0
910,0000F67F1,000F67F1,0
911,00009537F,0009537F,0
912,0002E6F1F,002E6F1F,0
913,0000C65FD,000C65FD,0
914,0005C5553,005C5553,0
915,000350597,00350597,0
916,0003956CB,003956CB,0
917,3FFB11FA9,FFB11FA9,3
918,00083F412,0083F412,0
919,3FF96BFA1,FF96BFA1,3
920,0004E5ECE,004E5ECE,0
921,000245235,00245235,0
922,0002C03A3,002C03A3,0
923,3FFEC88C3,FFEC88C3,3
924,3FFB347B4,FFB347B4,3
925,3FFF706F3,FFF706F3,3
926,00013B0BD,0013B0BD,0
927,0002795C9,002795C9,0
928,3FFD70637,FFD70637,3
929,3FFEC12CE,FFEC12CE,3
930,3FFF08156,FFF08156,3
931,0004F28EA,004F28EA,0
932,3FFDADAB2,FFDADAB2,3
933,3FFB65141,FFB65141,3
934,00054AA54,0054AA54,0
935,00033AFAD,0033AFAD,0
936,3FF62830D,FF62830D,3
937,000536B15,00536B15,0
938,000001EEB,00001EEB,0
939,3FFE714B8,FFE714B8,3
940,0013ABBA2,013ABBA2,0
941,000FC8FD3,00FC8FD3,0
942,000E7B04E,00E7B04E,0
943,0002F34DD,002F34DD,0
944,3FFF3AF34,FFF3AF34,3
945,0003C7D00,003C7D00,0
946,000581509,00581509,0
947,3FF928C6C,FF928C6C,3
948,3FFFDF0E4,FFFDF0E4,3
949,3FFCCEFFE,FFCCEFFE,3
950,0006305DA,006305DA,0
951,0002B1ED2,002B1ED2,0
952,0001FCD66,001FCD66,0
953,00095F8DC,0095F8DC,0
954,0002882B1,002882B1,0
955,3FFCFF1D8,FFCFF1D8,3
956,3FFDD5C06,FFDD5C06,3
957,3FFCC155D,FFCC155D,3
958,0001A205F,001A205F,0
959,00011F0D2,0011F0D2,0
960,3FFD32CDD,FFD32CDD,3
961,00001483C,0001483C,0
962,3FF9BD2EF,FF9BD2EF,3
963,3FFF05CDE,FFF05CDE,3
964,000054616,00054616,0
965,3FFED96C7,FFED96C7,3
966,00057CA50,0057CA50,0
967,0002EDEF4,002EDEF4,0
968,00002B12C,0002B12C,0
969,00012AD80,0012AD80,0
970,3FFB2FD56,FFB2FD56,3
971,0004F11B1,004F11B1,0
972,3FFE1A6AC,FFE1A6AC,3
973,3FFE8A87B,FFE8A87B,3
974,3FF884346,FF884346,3
975,000FA6179,00FA6179,0
976,001627843,01627843,0
977,00192EEEB,0192EEEB,0
978,3FFE42CEE,FFE42CEE,3
979,3FFEE5FFF,FFEE5FFF,3
980,3FFC1361A,FFC1361A,3
981,0002D8E2B,002D8E2B,0
982,3FFF6C892,FFF6C892,3
983,000286063,00286063,0
984,3FFFA87DF,FFFA87DF,3
985,3FFE4601B,FFE4601B,3
986,3FF8CB3B4,FF8CB3B4,3
987,0002D69A8,002D69A8,0
988,3FFB22961,FFB22961,3
989,3FFFBF8DD,FFFBF8DD,3
990,3FFE7C5C3,FFE7C5C3,3
991,3FFAC5FC2,FFAC5FC2,3
992,0003C17EF,003C17EF,0
993,000445B9C,00445B9C,0
994,3FFD297E7,FFD297E7,3
995,0002EBE2F,002EBE2F,0
996,00061915B,0061915B,0
997,00018CE0A,0018CE0A,0
998,0002E8991,002E8991,0
999,3FFE7F8AE,FFE7F8AE,3
1000,000058F67,00058F67,0
1001,000172929,00172929,0
1002,0004686AA,004686AA,0
1003,0001A0AE9,001A0AE9,0
1004,00029079F,0029079F,0
1005,3FFF938A5,FFF938A5,3
1006,0000B3A72,000B3A72,0
1007,000066CB2,00066CB2,0
1008,0002B8A82,002B8A82,0
1009,000C99165,00C99165,0
1010,000D8CC20,00D8CC20,0
1011,000BD2611,00BD2611,0
1012,0012BEF28,012BEF28,0
1013,0002CF315,002CF315,0
1014,3FFEC365C,FFEC365C,3
1015,3FFE8E2D2,FFE8E2D2,3
1016,3FFFF898C,FFFF898C,3
1017,3FFAAF0D7,FFAAF0D7,3
1018,3FFF2B7BD,FFF2B7BD,3
1019,000573A91,00573A91,0
1020,3FFEDB3E9,FFEDB3E9,3
1021,3FFD67276,FFD67276,3
1022,3FFEB51A0,FFEB51A0,3
1023,3FFC0F819,FFC0F819,3
1024,3FFCA97D2,FFCA97D2,3
1025,0005D167F,005D167F,0
1026,3FFE904E6,FFE904E6,3
1027,3FFE379B9,FFE379B9,3
1028,0000FA6CB,000FA6CB,0
1029,3FF8CAD74,FF8CAD74,3
1030,3FFBBA21C,FFBBA21C,3
1031,0002BB3F8,002BB3F8,0
1032,0000FE174,000FE174,0
1033,000223584,00223584,0
1034,3FFEEB162,FFEEB162,3
1035,00035FB1D,0035FB1D,0
1036,0003CC75C,003CC75C,0
1037,000128076,00128076,0
1038,0005F7658,005F7658,0
1039,00043E18B,0043E18B,0
1040,3FFB80FF9,FFB80FF9,3
1041,00031B4EC,0031B4EC,0
1042,3FFBB0768,FFBB0768,3
1043,00035916B,0035916B,0
1044,000814458,00814458,0
1045,00140382E,0140382E,0
1046,00102C35A,0102C35A,0
1047,0015A59F4,015A59F4,0
1048,00040BF11,0040BF11,0
1049,0002FF483,002FF483,0
1050,000233FC7,00233FC7,0
1051,0001A0E9F,001A0E9F,0
1052,0005E135C,005E135C,0
1053,0008B6505,008B6505,0
1054,0000352AB,000352AB,0
1055,3FFB42696,FFB42696,3
1056,3FFD960FE,FFD960FE,3
1057,3FFD64226,FFD64226,3
1058,3FFA9DB6D,FFA9DB6D,3
1059,3FFB4238F,FFB4238F,3
1060,000378B0E,00378B0E,0
1061,3FFE9E193,FFE9E193,3
1062,0000FC8CC,000FC8CC,0
1063,000849CFB,00849CFB,0
1064,3FFFAF3BE,FFFAF3BE,3
1065,3FFDD5312,FFDD5312,3
1066,3FFDAF06F,FFDAF06F,3
1067,00018493D,0018493D,0
1068,3FFEFD100,FFEFD100,3
1069,3FFD91091,FFD91091,3
1070,0002B88EA,002B88EA,0
1071,3FFE13B8F,FFE13B8F,3
1072,00027D10E,0027D10E,0
1073,3FFCDDFE8,FFCDDFE8,3
1074,0001D0300,001D0300,0
1075,000164459,00164459,0
1076,000303FFF,00303FFF,0
1077,3FFE7FD8D,FFE7FD8D,3
1078,0001B2CB6,001B2CB6,0
1079,000403D55,00403D55,0
1080,000DDE74B,00DDE74B,0
1081,000EBC8D9,00EBC8D9,0
1082,0012478ED,012478ED,0
1083,3FF7D92B2,FF7D92B2,3
1084,3FFE55E1F,FFE55E1F,3
1085,00054AC92,0054AC92,0
1086,3FFFC06A3,FFFC06A3,3
1087,3FFB360D2,FFB360D2,3
1088,3FFC94B15,FFC94B15,3
1089,000757203,00757203,0
1090,3FFB5D2C5,FFB5D2C5,3
1091,3FFF83F5E,FFF83F5E,3
1092,0001B9F9B,001B9F9B,0
1093,000703342,00703342,0
1094,0004238F7,004238F7,0
1095,3FFC2D421,FFC2D421,3
1096,00001ED6B,0001ED6B,0
1097,000163D49,00163D49,0
1098,3FFCFBC61,FFCFBC61,3
1099,3FFC05D67,FFC05D67,3
1100,3FFB7E462,FFB7E462,3
1101,00058C643,0058C643,0
1102,3FFEA4805,FFEA4805,3
1103,3FF9E5D2E,FF9E5D2E,3
1104,3FFE9401B,FFE9401B,3
1105,000069A83,00069A83,0
1106,0003E14CC,003E14CC,0
1107,0004B7583,004B7583,0
1108,3FFE848CB,FFE848CB,3
1109,0000BC1F7,000BC1F7,0
1110,3FFC229ED,FFC229ED,3
1111,0001FB8F0,001FB8F0,0
1112,0005C35EC,005C35EC,0
1113,3FF6542CF,FF6542CF,3
1114,3FFB18AE0,FFB18AE0,3
1115,001626769,01626769,0
1116,0014BF1B7,014BF1B7,0
1117,000C7FBC8,00C7FBC8,0
1118,00003678E,0003678E,0
1119,3FFE2461D,FFE2461D,3
1120,3FFF8CC67,FFF8CC67,3
1121,3FFD4E2F2,FFD4E2F2,3
1122,3FFE6E488,FFE6E488,3
1123,0004F63C2,004F63C2,0
1124,00022B955,0022B955,0
1125,3FFDAB45C,FFDAB45C,3
1126,3FFBFF67C,FFBFF67C,3
1127,00024E5D1,0024E5D1,0
1128,0003CD429,003CD429,0
1129,3FFC757E7,FFC757E7,3
1130,00020A375,0020A375,0
1131,3FFB96C52,FFB96C52,3
1132,3FFF2D6A0,FFF2D6A0,3
1133,0001C0803,001C0803,0
1134,00019D475,0019D475,0
1135,0002DC7F8,002DC7F8,0
1136,3FFC9F959,FFC9F959,3
1137,000099060,00099060,0
1138,3FFD07DC7,FFD07DC7,3
1139,3FFDBDFA5,FFDBDFA5,3
1140,3FFDA507C,FFDA507C,3
1141,3FFE580CF,FFE580CF,3
1142,3FFA63CB1,FFA63CB1,3
1143,3FFF43AFF,FFF43AFF,3
1144,0000D92CC,000D92CC,0
1145,000210C97,00210C97,0
1146,3FFEB6ED5,FFEB6ED5,3
1147,3FFF9F601,FFF9F601,3
1148,00035E03C,0035E03C,0
1149,0003594C1,003594C1,0
1150,001261272,01261272,0
1151,0011A02AC,011A02AC,0
1152,000FB7C17,00FB7C17,0
1153,3FF957E9E,FF957E9E,3
1154,3FFFCDF9F,FFFCDF9F,3
1155,0000D116D,000D116D,0
1156,0002CBD5B,002CBD5B,0
1157,0002C40CC,002C40CC,0
1158,00031D6E1,0031D6E1,0
1159,3FFB9F50A,FFB9F50A,3
1160,3FFE60F9E,FFE60F9E,3
1161,3FFEE5723,FFEE5723,3
1162,0002EB5EE,002EB5EE,0
1163,00020BD47,0020BD47,0
1164,0005B80B9,005B80B9,0
1165,0004B130A,004B130A,0
1166,00001A973,0001A973,0
1167,3FFFBBF0F,FFFBBF0F,3
1168,3FFD3D2F1,FFD3D2F1,3
1169,3FFBD4784,FFBD4784,3
1170,3FFABCD66,FFABCD66,3
1171,3FFB241C0,FFB241C0,3
1172,3FFE3D78E,FFE3D78E,3
1173,3FFA88B9A,FFA88B9A,3
1174,00052C5C9,0052C5C9,0
1175,000228602,00228602,0
1176,3FF9DEB75,FF9DEB75,3
1177,3FFB9F216,FFB9F216,3
1178,3FFE2DF73,FFE2DF73,3
1179,00018AA2A,0018AA2A,0
1180,000030C4D,00030C4D,0
1181,00024BA70,0024BA70,0
1182,3FFDD93D4,FFDD93D4,3
1183,3FF7463B8,FF7463B8,3
1184,000391EDA,00391EDA,0
1185,001B27A87,01B27A87,0
1186,0018D1F76,018D1F76,0
1187,00148C6E2,0148C6E2,0
1188,0000CAC3F,000CAC3F,0
1189,3FFD16325,FFD16325,3
1190,0001C7866,001C7866,0
1191,000718867,00718867,0
1192,000202DD1,00202DD1,0
1193,0002E61CA,002E61CA,0
1194,0004092B5,004092B5,0
1195,000545FF6,00545FF6,0
1196,3FFD4AD6D,FFD4AD6D,3
1197,0004CEAF8,004CEAF8,0
1198,0001F4A4C,001F4A4C,0
1199,00005E746,0005E746,0
1200,3FF8B3745,FF8B3745,3
1201,000052989,00052989,0
1202,3FFD16932,FFD16932,3
1203,00051CA49,0051CA49,0
1204,00030446E,0030446E,0
1205,3FFBAE42C,FFBAE42C,3
1206,3FFE2C456,FFE2C456,3
1207,3FFD61968,FFD61968,3
1208,0002683F5,002683F5,0
1209,00034198F,0034198F,0
1210,0000E94C2,000E94C2,0
1211,3FFCEA548,FFCEA548,3
1212,3FFF3A987,FFF3A987,3
1213,3FFE832AB,FFE832AB,3
1214,00043C670,0043C670,0
1215,0000917DB,000917DB,0
1216,3FFE7E558,FFE7E558,3
1217,3FFE63F31,FFE63F31,3
1218,0002D45F8,002D45F8,0
1219,00057850D,0057850D,0
1220,0013DB179,013DB179,0
1221,001347EFF,01347EFF,0
1222,000F3E719,00F3E719,0
1223,00008C7B2,0008C7B2,0
1224,00065D85A,0065D85A,0
1225,3FFC891D8,FFC891D8,3
1226,0001E70E1,001E70E1,0
1227,000038B76,00038B76,0
1228,0002FE68F,002FE68F,0
1229,3FFF84C2C,FFF84C2C,3
1230,3FFCA50D9,FFCA50D9,3
1231,3FFDED417,FFDED417,3
1232,0001A793E,001A793E,0
1233,3FFB53517,FFB53517,3
1234,3FFD24D99,FFD24D99,3
1235,0005831B6,005831B6,0
1236,3FF99B873,FF99B873,3
1237,3FFFCE0EC,FFFCE0EC,3
1238,3FFC62D99,FFC62D99,3
1239,3FFAC6360,FFAC6360,3
1240,000061B9D,00061B9D,0
1241,0004CF2CF,004CF2CF,0
1242,3FFB9ECC1,FFB9ECC1,3
1243,00056CFDE,0056CFDE,0
1244,3FFB6BCA9,FFB6BCA9,3
1245,3FFA36D5A,FFA36D5A,3
1246,00053C663,0053C663,0
1247,0002831AB,002831AB,0
1248,3FF992778,FF992778,3
1249,00056D86C,0056D86C,0
1250,3FFF2352D,FFF2352D,3
1251,3FFEF14A5,FFEF14A5,3
1252,3FFD1BAA7,FFD1BAA7,3
1253,0000C5922,000C5922,0
1254,0001FFADB,001FFADB,0
1255,0016E3C9C,016E3C9C,0
1256,0019E9FE2,019E9FE2,0
1257,001AF5BA6,01AF5BA6,0
1258,3FFC3F6D5,FFC3F6D5,3
1259,3FFDEC82A,FFDEC82A,3
1260,0005A8EE0,005A8EE0,0
1261,00022CAF2,0022CAF2,0
1262,00052A748,0052A748,0
1263,3FFE6EFA1,FFE6EFA1,3
1264,3FFDD1A13,FFDD1A13,3
1265,3FFEF20C3,FFEF20C3,3
1266,000291D46,00291D46,0
1267,3FFA1A5D4,FFA1A5D4,3
1268,00041B9C5,0041B9C5,0
1269,00084A316,0084A316,0
1270,3FFEE73C5,FFEE73C5,3
1271,0000CDA88,000CDA88,0
1272,0003386F4,003386F4,0
1273,3FFDB4462,FFDB4462,3
1274,3FF790ADA,FF790ADA,3
1275,0000CC8CB,000CC8CB,0
1276,0000D48D0,000D48D0,0
1277,0006998D0,006998D0,0
1278,3FF9DFBC5,FF9DFBC5,3
1279,3FFACE754,FFACE754,3
1280,3FFE6B752,FFE6B752,3
1281,00029CAD0,0029CAD0,0
1282,0001F0932,001F0932,0
1283,3FFD3F48A,FFD3F48A,3
1284,00030E710,0030E710,0
1285,3FFD08E7B,FFD08E7B,3
1286,000272F7F,00272F7F,0
1287,3FFB0A7BF,FFB0A7BF,3
1288,0003ACB66,003ACB66,0
1289,3FFFAA335,FFFAA335,3
1290,000E637FC,00E637FC,0
1291,001331D48,01331D48,0
1292,0010A21D2,010A21D2,0
1293,3FFD22654,FFD22654,3
1294,3FFBB83B6,FFBB83B6,3
1295,3FFD9372B,FFD9372B,3
1296,3FF8DFD09,FF8DFD09,3
1297,00000D0AF,0000D0AF,0
1298,0000C1938,000C1938,0
1299,0003CB0B0,003CB0B0,0
1300,000377628,00377628,0
1301,3FFB70EB1,FFB70EB1,3
1302,000172422,00172422,0
1303,0002C9EF4,002C9EF4,0
1304,3FFFD74EC,FFFD74EC,3
1305,3FFF923C2,FFF923C2,3
1306,00023C4FB,0023C4FB,0
1307,0000E1485,000E1485,0
1308,3FFD83BB5,FFD83BB5,3
1309,0005F887E,005F887E,0
1310,0003988B4,003988B4,0
1311,3FFD625ED,FFD625ED,3
1312,0005240C8,005240C8,0
1313,3FFE46703,FFE46703,3
1314,3FF96D4CF,FF96D4CF,3
1315,0002AB82A,002AB82A,0
1316,000460AC2,00460AC2,0
1317,3FFA9D231,FFA9D231,3
1318,0003712AE,003712AE,0
1319,0009953F5,009953F5,0
1320,3FFEE6143,FFEE6143,3
1321,3FFF2A4CE,FFF2A4CE,3
1322,000545E6A,00545E6A,0
1323,3FFCB8F9C,FFCB8F9C,3
1324,3FF8FCDD6,FF8FCDD6,3
1325,000FC9054,00FC9054,0
1326,0012630CC,012630CC,0
1327,0011E013D,011E013D,0
1328,3FFACD0F5,FFACD0F5,3
1329,0001CDD17,001CDD17,0
1330,00042A4BE,0042A4BE,0
1331,00010C27B,0010C27B,0
1332,3FFD1A2CD,FFD1A2CD,3
1333,3FFC88CAD,FFC88CAD,3
1334,0007704CF,007704CF,0
1335,0000F202A,000F202A,0
1336,3FFF2F0D9,FFF2F0D9,3
1337,00030D8C7,0030D8C7,0
1338,3FFF94DD4,FFF94DD4,3
1339,3FFA2467C,FFA2467C,3
1340,3FFFEFBEC,FFFEFBEC,3
1341,000375129,00375129,0
1342,0004C7AF0,004C7AF0,0
1343,3FF6852BD,FF6852BD,3
1344,00043B45A,0043B45A,0
1345,0002B5DFE,002B5DFE,0
1346,3FFF67EEC,FFF67EEC,3
1347,000245AD2,00245AD2,0
1348,3FFA16A7D,FFA16A7D,3
1349,0002FDE0D,002FDE0D,0
1350,000106D97,00106D97,0
1351,3FFA4CE75,FFA4CE75,3
1352,00010C2D4,0010C2D4,0
1353,0002243CB,002243CB,0
1354,3FFFEFC5F,FFFEFC5F,3
1355,3FFF9339A,FFF9339A,3
1356,00001EF15,0001EF15,0
1357,0000540BB,000540BB,0
1358,3FFEE5010,FFEE5010,3
1359,3FFF45600,FFF45600,3
1360,0011EACEE,011EACEE,0
1361,001A6492C,01A6492C,0
1362,000F66FAD,00F66FAD,0
1363,3FFA03760,FFA03760,3
1364,00022B81E,0022B81E,0
1365,3FF8A8C1E,FF8A8C1E,3
1366,3FFF982E1,FFF982E1,3
1367,00012C827,0012C827,0
1368,0007B8F17,007B8F17,0
1369,00007B85D,0007B85D,0
1370,3FFBD4CA6,FFBD4CA6,3
1371,000437622,00437622,0
1372,3FFE55B55,FFE55B55,3
1373,000224FAA,00224FAA,0
1374,0003A49BF,003A49BF,0
1375,0001CD098,001CD098,0
1376,0000C47C0,000C47C0,0
1377,3FFE155C7,FFE155C7,3
1378,3FFF73D40,FFF73D40,3
1379,000197CF8,00197CF8,0
1380,3FFC383F2,FFC383F2,3
1381,000215819,00215819,0
1382,3FFBC1B4F,FFBC1B4F,3
1383,3FFE2257C,FFE2257C,3
1384,00053E2B8,0053E2B8,0
1385,00010D2AE,0010D2AE,0
1386,00014E3A7,0014E3A7,0
1387,3FFB383C9,FFB383C9,3
1388,3FFFE333E,FFFE333E,3
1389,0002D16B6,002D16B6,0
1390,3FFF918B5,FFF918B5,3
1391,0002AD596,002AD596,0
1392,3FFC1D0B8,FFC1D0B8,3
1393,000564BEC,00564BEC,0
1394,3FF8F1F4C,FF8F1F4C,3
1395,001AFC55C,01AFC55C,0
1396,0010DC202,010DC202,0
1397,000D12A88,00D12A88,0
1398,3FFF606DE,FFF606DE,3
1399,0004039AE,004039AE,0
1400,3FFF072FF,FFF072FF,3
1401,0000C8464,000C8464,0
1402,000318D9A,00318D9A,0
1403,0004CCF3C,004CCF3C,0
1404,00034DD94,0034DD94,0
1405,00022F206,0022F206,0
1406,3FFFDE446,FFFDE446,3
1407,3FFB6F35C,FFB6F35C,3
1408,0002470EA,002470EA,0
1409,3FFEE489B,FFEE489B,3
1410,0001C506E,001C506E,0
1411,3FFC050A2,FFC050A2,3
1412,0002D118C,002D118C,0
1413,00046362E,0046362E,0
1414,0000FB188,000FB188,0
1415,3FFFD897A,FFFD897A,3
1416,0004E41CA,004E41CA,0
1417,3FFCC302F,FFCC302F,3
1418,00012B688,0012B688,0
1419,3FFD697FF,FFD697FF,3
1420,00030DA11,0030DA11,0
1421,3FFF23E56,FFF23E56,3
1422,3FFFE5FF6,FFFE5FF6,3
1423,3FFFD1D5D,FFFD1D5D,3
1424,00020A884,0020A884,0
1425,0001AFB10,001AFB10,0
1426,00002288B,0002288B,0
1427,3FF9ED7C7,FF9ED7C7,3
1428,000561BB9,00561BB9,0
1429,0006717D6,006717D6,0
1430,0015A129C,015A129C,0
1431,0011C3BA1,011C3BA1,0
1432,0012A1242,012A1242,0
1433,000007D49,00007D49,0
1434,3FFE19E7E,FFE19E7E,3
1435,0003FF3ED,003FF3ED,0
1436,3FFC26703,FFC26703,3
1437,3FF5D4766,FF5D4766,3
1438,3FFAC6555,FFAC6555,3
1439,3FF485F19,FF485F19,3
1440,0003C7501,003C7501,0
1441,000023C27,00023C27,0
1442,00014D93B,0014D93B,0
1443,0006F9EBF,006F9EBF,0
1444,0002E335D,002E335D,0
1445,3FFF0A47D,FFF0A47D,3
1446,3FFEA1EA3,FFEA1EA3,3
1447,3FFEB5A60,FFEB5A60,3
1448,0000FF4AD,000FF4AD,0
1449,0003CB345,003CB345,0
1450,3FFD6E0EA,FFD6E0EA,3
1451,3FFD9B8B6,FFD9B8B6,3
1452,3FFC7943F,FFC7943F,3
1453,3FFFB562D,FFFB562D,3
1454,3FFCA7F3C,FFCA7F3C,3
1455,00036740D,0036740D,0
1456,3FFDF1B83,FFDF1B83,3
1457,3FFE0D3F7,FFE0D3F7,3
1458,000142377,00142377,0
1459,3FFDECADD,FFDECADD,3
1460,000009274,00009274,0
1461,00009B662,0009B662,0
1462,0007511A8,007511A8,0
1463,3FFCB1A42,FFCB1A42,3
1464,000415885,00415885,0
1465,000F5B1F0,00F5B1F0,0
1466,00194C880,0194C880,0
1467,0013E468D,013E468D,0
1468,3FFA2C4CF,FFA2C4CF,3
1469,3FFFBE655,FFFBE655,3
1470,00009C50D,0009C50D,0
1471,3FFCED6E3,FFCED6E3,3
1472,0001A1782,001A1782,0
1473,3FFDBF026,FFDBF026,3
1474,3FFED5D9C,FFED5D9C,3
1475,3FFBEB504,FFBEB504,3
1476,00038AB39,0038AB39,0
1477,3FFC7CDEC,FFC7CDEC,3
1478,00028BF08,0028BF08,0
1479,000AD59C2,00AD59C2,0
1480,0004C4C0A,004C4C0A,0
1481,3FF5BA6CD,FF5BA6CD,3
1482,3FFF239DE,FFF239DE,3
1483,00030E323,0030E323,0
1484,3FFFB6AEB,FFFB6AEB,3
1485,3FF983253,FF983253,3
1486,000196DB3,00196DB3,0
1487,3FFF41B1C,FFF41B1C,3
1488,00026BD6E,0026BD6E,0
1489,0000DCA79,000DCA79,0
1490,0005B3C88,005B3C88,0
1491,00006B04C,0006B04C,0
1492,3FFDAC23B,FFDAC23B,3
1493,000239DF3,00239DF3,0
1494,0000C6A33,000C6A33,0
1495,00027F0CA,0027F0CA,0
1496,0001F689F,001F689F,0
1497,000725B5A,00725B5A,0
1498,3FFD3E36D,FFD3E36D,3
1499,3FFE8A974,FFE8A974,3
1500,3FFE873A6,FFE873A6,3
1501,00061CDB3,0061CDB3,0
1502,0000A64EA,000A64EA,0
1503,3FFC86A1D,FFC86A1D,3
1504,3FFFE91A8,FFFE91A8,3
1505,3FFF4851C,FFF4851C,3
1506,3FFCC0199,FFCC0199,3
1507,0007E765B,007E765B,0
1508,0005B64CA,005B64CA,0
1509,000168991,00168991,0
1510,0003C8EB5,003C8EB5,0
1511,0001CE007,001CE007,0
1512,3FFE6360D,FFE6360D,3
1513,0003272F5,003272F5,0
1514,3FFAFE919,FFAFE919,3
1515,0004746DC,004746DC,0
1516,0004CDFE4,004CDFE4,0
1517,3FFE24D5D,FFE24D5D,3
1518,000300407,00300407,0
1519,000217AAD,00217AAD,0
1520,0000AC89B,000AC89B,0
1521,0002C6B7E,002C6B7E,0
1522,3FFEB0CA4,FFEB0CA4,3
1523,3FFC00EFD,FFC00EFD,3
1524,3FF6EF5F5,FF6EF5F5,3
1525,0004AAF5A,004AAF5A,0
1526,0002FAEB7,002FAEB7,0
1527,000028355,00028355,0
1528,0000DD1AC,000DD1AC,0
1529,3FFFA899B,FFFA899B,3
1530,3FFBFCA16,FFBFCA16,3
1531,3FFD45CFD,FFD45CFD,3
1532,3FFBA5B3E,FFBA5B3E,3
1533,00028052E,0028052E,0
1534,0002B0734,002B0734,0
1535,0006F0B20,006F0B20,0
1536,0005CAB71,005CAB71,0
1537,3FFE41162,FFE41162,3
1538,3FFBE4F97,FFBE4F97,3
1539,000161D7B,00161D7B,0
1540,3FFD0D190,FFD0D190,3
1541,00032FF88,0032FF88,0
1542,0003E7686,003E7686,0
1543,00004DCE2,0004DCE2,0
1544,3FF839482,FF839482,3
1545,3FFF701C3,FFF701C3,3
1546,3FFF8792E,FFF8792E,3
1547,3FFAA0326,FFAA0326,3
1548,3FFDBA00F,FFDBA00F,3
1549,3FF96E7DF,FF96E7DF,3
1550,3FFA2AA02,FFA2AA02,3
1551,00033429A,0033429A,0
1552,3FFDD5611,FFDD5611,3
1553,3FFCEAA8B,FFCEAA8B,3
1554,3FFBBA2AD,FFBBA2AD,3
1555,3FFE8A4D1,FFE8A4D1,3
1556,0007D4B1D,007D4B1D,0
1557,3FFC9E39D,FFC9E39D,3
1558,0003DBA9F,003DBA9F,0
1559,000099BE5,00099BE5,0
1560,0003D2FBB,003D2FBB,0
1561,3FFE5F520,FFE5F520,3
1562,3FF8E477D,FF8E477D,3
1563,0003B7ED9,003B7ED9,0
1564,3FF976672,FF976672,3
1565,0000CD6FC,000CD6FC,0
1566,000549EA4,00549EA4,0
1567,3FFC2CF1B,FFC2CF1B,3
1568,3FFD99F0B,FFD99F0B,3
1569,000272A64,00272A64,0
1570,3FFE5B501,FFE5B501,3
1571,3FFF75BF6,FFF75BF6,3
1572,0001D52C2,001D52C2,0
1573,000446082,00446082,0
1574,3FFDF5694,FFDF5694,3
1575,3FFDD7AD9,FFDD7AD9,3
1576,3FFFC22E6,FFFC22E6,3
1577,000241B63,00241B63,0
1578,0000E5720,000E5720,0
1579,0000088AC,000088AC,0
1580,3FFB0617A,FFB0617A,3
1581,0003B18D2,003B18D2,0
1582,000057914,00057914,0
1583,000016A0F,00016A0F,0
1584,3FFB94913,FFB94913,3
1585,3FFADE6A2,FFADE6A2,3
1586,3FFFD5173,FFFD5173,3
1587,3FFD815FD,FFD815FD,3
1588,0000F8C0E,000F8C0E,0
1589,0006D5541,006D5541,0
1590,3FFB69611,FFB69611,3
1591,0001B6A58,001B6A58,0
1592,3FFEC967C,FFEC967C,3
1593,3FFB8DD31,FFB8DD31,3
1594,3FFD580C3,FFD580C3,3
1595,00001711F,0001711F,0
1596,00023DFC9,0023DFC9,0
1597,3FFF5820C,FFF5820C,3
1598,00013A517,0013A517,0
1599,0000B69E2,000B69E2,0
1600,3FFFEF51E,FFFEF51E,3
1601,00010DFFF,0010DFFF,0
1602,3FFEE45D6,FFEE45D6,3
1603,3FFFDB725,FFFDB725,3
1604,000068DF6,00068DF6,0
1605,3FFB6209F,FFB6209F,3
1606,3FFB818CC,FFB818CC,3
1607,3FFC56071,FFC56071,3
1608,3FFDB2519,FFDB2519,3
1609,00056E0F8,0056E0F8,0
1610,3FF9DFFC6,FF9DFFC6,3
1611,0000CF10D,000CF10D,0
1612,3FFFE5C47,FFFE5C47,3
1613,0002C985E,002C985E,0
1614,3FF9D49A0,FF9D49A0,3
1615,00015A065,0015A065,0
1616,0006BD004,006BD004,0
1617,3FFBE4A37,FFBE4A37,3
1618,0001624D5,001624D5,0
1619,000236101,00236101,0
1620,3FFA02531,FFA02531,3
1621,00012B8DB,0012B8DB,0
1622,3FFDFE916,FFDFE916,3
1623,000444D25,00444D25,0
1624,0004EA29C,004EA29C,0
1625,3FFDA66FD,FFDA66FD,3
1626,3FFFDB9BE,FFFDB9BE,3
1627,3FFEA1FC3,FFEA1FC3,3
1628,00035AD29,0035AD29,0
1629,3FFAF1FD3,FFAF1FD3,3
1630,3FFB6C8A7,FFB6C8A7,3
1631,0003098AC,003098AC,0
1632,000118B2E,00118B2E,0
1633,0004BED29,004BED29,0
1634,0000DA3DA,000DA3DA,0
1635,000302A3D,00302A3D,0
1636,00034FF32,0034FF32,0
1637,3FFCD2570,FFCD2570,3
1638,3FFBB3B0F,FFBB3B0F,3
1639,3FFDBA8EC,FFDBA8EC,3
1640,000BDFC47,00BDFC47,0
1641,00044E669,0044E669,0
1642,3FFE430F5,FFE430F5,3
1643,3FFFB742B,FFFB742B,3
1644,000536F2F,00536F2F,0
1645,00034E691,0034E691,0
1646,3FFE49E10,FFE49E10,3
1647,0004926F6,004926F6,0
1648,00043C918,0043C918,0
1649,3FFADC3A5,FFADC3A5,3
1650,0005EAD92,005EAD92,0
1651,000296F96,00296F96,0
1652,3FFD7E0FC,FFD7E0FC,3
1653,3FFC96DB4,FFC96DB4,3
1654,3FFA6C4D6,FFA6C4D6,3
1655,000439C1C,00439C1C,0
1656,000358DEF,00358DEF,0
1657,3FFB5D3C4,FFB5D3C4,3
1658,0005D4E34,005D4E34,0
1659,3FFF89365,FFF89365,3
1660,3FFFCDD80,FFFCDD80,3
1661,3FFDC6919,FFDC6919,3
1662,3FF63D672,FF63D672,3
1663,3FFE000BA,FFE000BA,3
1664,3FFB92429,FFB92429,3
1665,3FFDF9FFF,FFDF9FFF,3
1666,0002B01FC,002B01FC,0
1667,3FFF4670A,FFF4670A,3
1668,0001915FF,001915FF,0
1669,000743413,00743413,0
1670,3FFCF5784,FFCF5784,3
1671,0000631DD,000631DD,0
1672,3FF645F33,FF645F33,3
1673,00011FB44,0011FB44,0
1674,00016B332,0016B332,0
1675,3FFDE78D7,FFDE78D7,3
1676,000096AA5,00096AA5,0
1677,00040339B,0040339B,0
1678,3FFD16BEA,FFD16BEA,3
1679,3FFDCE6FC,FFDCE6FC,3
1680,3FF958ADC,FF958ADC,3
1681,3FFF9A7E0,FFF9A7E0,3
1682,3FFF73466,FFF73466,3
1683,0002B8008,002B8008,0
1684,0004BA1B0,004BA1B0,0
1685,3FFF1E722,FFF1E722,3
1686,3FFBDD4E4,FFBDD4E4,3
1687,3FFFD9454,FFFD9454,3
1688,3FF9058B8,FF9058B8,3
1689,00045486E,0045486E,0
1690,00043DF08,0043DF08,0
1691,3FFEB39A6,FFEB39A6,3
1692,3FFFBDEA8,FFFBDEA8,3
1693,0005835FC,005835FC,0
1694,00033A934,0033A934,0
1695,3FFEE5306,FFEE5306,3
1696,0000DD363,000DD363,0
1697,3FFDF854A,FFDF854A,3
1698,3FFD8376B,FFD8376B,3
1699,3FFC411CC,FFC411CC,3
1700,0006E02D2,006E02D2,0
1701,00052C4C7,0052C4C7,0
1702,3FFE2EA0A,FFE2EA0A,3
1703,3FFDDAA9B,FFDDAA9B,3
1704,3FFC95DBA,FFC95DBA,3
1705,3FFF7A901,FFF7A901,3
1706,3FFC015E0,FFC015E0,3
1707,0008DCFC6,008DCFC6,0
1708,0001D7A66,001D7A66,0
1709,3FF9A8D04,FF9A8D04,3
1710,3FFF5D745,FFF5D745,3
1711,00010AD47,0010AD47,0
1712,3FFD3FCF0,FFD3FCF0,3
1713,3FFFE47DF,FFFE47DF,3
1714,0000D2147,000D2147,0
1715,3FF9FFB81,FF9FFB81,3
1716,000226202,00226202,0
1717,3FFDC1F01,FFDC1F01,3
1718,000267161,00267161,0
1719,3FFDFD5FA,FFDFD5FA,3
1720,3FFE20EF7,FFE20EF7,3
1721,00024E1B9,0024E1B9,0
1722,000269719,00269719,0
1723,00024013B,0024013B,0
1724,000141005,00141005,0
1725,3FFF7B6B3,FFF7B6B3,3
1726,0001945E1,001945E1,0
1727,3FFBA3F15,FFBA3F15,3
1728,0001ABE5E,001ABE5E,0
1729,00027A216,0027A216,0
1730,3FFE75CD9,FFE75CD9,3
1731,000683AEE,00683AEE,0
1732,3FF83BA6D,FF83BA6D,3
1733,0001628F1,001628F1,0
1734,3FFD6F6AE,FFD6F6AE,3
1735,00017063D,0017063D,0
1736,3FF9BDB29,FF9BDB29,3
1737,00083677C,0083677C,0
1738,0001B9847,001B9847,0
1739,0003AC18A,003AC18A,0
1740,000126BAF,00126BAF,0
1741,3FFE6B624,FFE6B624,3
1742,3FFE2780D,FFE2780D,3
1743,0004863F9,004863F9,0
1744,3FFF09775,FFF09775,3
1745,000297341,00297341,0
1746,3FFD3408B,FFD3408B,3
1747,0002A1FED,002A1FED,0
1748,0001CC274,001CC274,0
1749,000516793,00516793,0
1750,3FFD5A344,FFD5A344,3
1751,000185190,00185190,0
1752,3FF97473E,FF97473E,3
1753,0003C7188,003C7188,0
1754,3FF5F55B3,FF5F55B3,3
1755,3FFD10978,FFD10978,3
1756,3FFE92857,FFE92857,3
1757,000245C5F,00245C5F,0
1758,00046CB5A,0046CB5A,0
1759,00021195E,0021195E,0
1760,000179BEF,00179BEF,0
1761,3FF57B864,FF57B864,3
1762,000363801,00363801,0
1763,0001EDEDE,001EDEDE,0
1764,00005938F,0005938F,0
1765,3FFE2666B,FFE2666B,3
1766,3FFB048BB,FFB048BB,3
1767,3FFD9DD07,FFD9DD07,3
1768,3FFD5C3EA,FFD5C3EA,3
1769,3FFA699A2,FFA699A2,3
1770,3FFBE6EBB,FFBE6EBB,3
1771,0000462DB,000462DB,0
1772,0000D3C9E,000D3C9E,0
1773,3FF7BE2F8,FF7BE2F8,3
1774,3FFD5D355,FFD5D355,3
1775,3FFA0FE97,FFA0FE97,3
1776,3FFB19AFC,FFB19AFC,3
1777,00030DB83,0030DB83,0
1778,3FFEDE1C1,FFEDE1C1,3
1779,000252604,00252604,0
1780,3FFFBB9D2,FFFBB9D2,3
1781,0001A00B5,001A00B5,0
1782,3FFC53C66,FFC53C66,3
1783,0005F1614,005F1614,0
1784,3FF94E645,FF94E645,3
1785,3FF6DF0E3,FF6DF0E3,3
1786,000101252,00101252,0
1787,3FFEF03F6,FFEF03F6,3
1788,000540344,00540344,0
1789,3FFFBE808,FFFBE808,3
1790,3FF7EDA22,FF7EDA22,3
1791,00006D785,0006D785,0
1792,0003AABC5,003AABC5,0
1793,000563528,00563528,0
1794,00031AB28,0031AB28,0
1795,3FFB8C773,FFB8C773,3
1796,3FFCA908F,FFCA908F,3
1797,3FFED098E,FFED098E,3
1798,0004E3981,004E3981,0
1799,3FFB7A34F,FFB7A34F,3
1800,3FFD7587E,FFD7587E,3
1801,000438942,00438942,0
1802,3FFF83321,FFF83321,3
1803,3FFD5E47D,FFD5E47D,3
1804,3FFF0CFCF,FFF0CFCF,3
1805,0000BBAB8,000BBAB8,0
1806,0009189E8,009189E8,0
1807,3FFCCFBE7,FFCCFBE7,3
1808,00051BA57,0051BA57,0
1809,3FFA6196B,FFA6196B,3
1810,3FFF8B77C,FFF8B77C,3
1811,0005E0028,005E0028,0
1812,3FFEF31E6,FFEF31E6,3
1813,00033C189,0033C189,0
1814,0008C6695,008C6695,0
1815,00037107E,0037107E,0
1816,0002BFA69,002BFA69,0
1817,0000034CE,000034CE,0
1818,3FFE62BE6,FFE62BE6,3
1819,00034AB72,0034AB72,0
1820,00025A0DC,0025A0DC,0
1821,3FFD5E539,FFD5E539,3
1822,3FFDDA85B,FFDDA85B,3
1823,0006FD75D,006FD75D,0
1824,3FF815F68,FF815F68,3
1825,3FFA632E8,FFA632E8,3
1826,00033D81D,0033D81D,0
1827,000976311,00976311,0
1828,3FFADD326,FFADD326,3
1829,000051139,00051139,0
1830,3FFDF67CC,FFDF67CC,3
1831,0001FCA04,001FCA04,0
1832,0002BB268,002BB268,0
1833,3FFD2AA7B,FFD2AA7B,3
1834,00006BA83,0006BA83,0
1835,3FFB3EBFE,FFB3EBFE,3
1836,3FFCD157B,FFCD157B,3
1837,3FFD83155,FFD83155,3
1838,00010A811,0010A811,0
1839,0003016D6,003016D6,0
1840,0006837B5,006837B5,0
1841,3FFEDBD27,FFEDBD27,3
1842,3FFF81445,FFF81445,3
1843,3FFDC88E3,FFDC88E3,3
1844,00041CB66,0041CB66,0
1845,0000256B9,000256B9,0
1846,3FFE20BFE,FFE20BFE,3
1847,000123DAD,00123DAD,0
1848,000707AEB,00707AEB,0
1849,3FFE76D13,FFE76D13,3
1850,000229A9F,00229A9F,0
1851,3FFB461ED,FFB461ED,3
1852,3FFC9E4FD,FFC9E4FD,3
1853,3FFFB39E5,FFFB39E5,3
1854,000307377,00307377,0
1855,3FFE03A7E,FFE03A7E,3
1856,3FFFA48A8,FFFA48A8,3
1857,3FFDC7B80,FFDC7B80,3
1858,3FFBAC290,FFBAC290,3
1859,0001DDC5D,001DDC5D,0
1860,0004814D3,004814D3,0
1861,3FFDC716A,FFDC716A,3
1862,3FFE21726,FFE21726,3
1863,0002EC314,002EC314,0
1864,3FFDD9771,FFDD9771,3
1865,0006F5F74,006F5F74,0
1866,0000BC15F,000BC15F,0
1867,3FFC334C0,FFC334C0,3
1868,00080D872,0080D872,0
1869,3FFE412FF,FFE412FF,3
1870,0004167BA,004167BA,0
1871,00078435D,0078435D,0
1872,000301AF1,00301AF1,0
1873,3FFE2BCF4,FFE2BCF4,3
1874,3FFD8122B,FFD8122B,3
1875,00009AF74,0009AF74,0
1876,0002FE74E,002FE74E,0
1877,00004BD89,0004BD89,0
1878,3FFFBCD5D,FFFBCD5D,3
1879,3FFD4C610,FFD4C610,3
1880,00009C69D,0009C69D,0
1881,0002BB380,002BB380,0
1882,3FFCEAF50,FFCEAF50,3
1883,3FFF8B9E6,FFF8B9E6,3
1884,3FFF9633E,FFF9633E,3
1885,0002BA20E,002BA20E,0
1886,00047341A,0047341A,0
1887,0003C63F6,003C63F6,0
1888,3FFE7F4B3,FFE7F4B3,3
1889,3FFD4374A,FFD4374A,3
1890,3FFE3C71F,FFE3C71F,3
1891,000267C4D,00267C4D,0
1892,000A11D70,00A11D70,0
1893,00001BF8F,0001BF8F,0
1894,00035A6C3,0035A6C3,0
1895,3FFF97E05,FFF97E05,3
1896,3FFD269CE,FFD269CE,3
1897,3FFF40A49,FFF40A49,3
1898,0005DC294,005DC294,0
1899,3FFD51DA2,FFD51DA2,3
1900,3FFB67276,FFB67276,3
1901,3FFE5B94A,FFE5B94A,3
1902,0000EAB60,000EAB60,0
1903,3FFFC4958,FFFC4958,3
1904,3FFBFD7C1,FFBFD7C1,3
1905,3FFFF9DD5,FFFF9DD5,3
1906,3FFCE62C6,FFCE62C6,3
1907,3FFE87D2E,FFE87D2E,3
1908,3FFFC2172,FFFC2172,3
1909,00011C4AE,0011C4AE,0
1910,000766FE3,00766FE3,0
1911,3FFE9BFCA,FFE9BFCA,3
1912,3FF8F9F2A,FF8F9F2A,3
1913,3FFD867BC,FFD867BC,3
1914,3FFBB2222,FFBB2222,3
1915,000366B2E,00366B2E,0
1916,000008E5F,00008E5F,0
1917,00019BBE3,0019BBE3,0
1918,00039A5AC,0039A5AC,0
1919,3FFF88F07,FFF88F07,3
1920,000530AF8,00530AF8,0
1921,0001486EA,001486EA,0
1922,0000D20F6,000D20F6,0
1923,3FFD84A57,FFD84A57,3
1924,0002A05D4,002A05D4,0
1925,3FFE0AD99,FFE0AD99,3
1926,3FFFE86EC,FFFE86EC,3
1927,0001DC893,001DC893,0
1928,0001AEBC3,001AEBC3,0
1929,0000C8EB7,000C8EB7,0
1930,3FFE0A0D6,FFE0A0D6,3
1931,0001B217D,001B217D,0
1932,000363B6A,00363B6A,0
1933,3FFF438D4,FFF438D4,3
1934,3FFE38AC2,FFE38AC2,3
1935,000074003,00074003,0
1936,3FFCCD43C,FFCCD43C,3
1937,3FFD90AC9,FFD90AC9,3
1938,0000528C3,000528C3,0
1939,3FFE1EB42,FFE1EB42,3
1940,000339940,00339940,0
1941,0000C204B,000C204B,0
1942,3FFF25BF1,FFF25BF1,3
1943,0001C86F7,001C86F7,0
1944,3FFF04950,FFF04950,3
1945,3FFFDCFC5,FFFDCFC5,3
1946,3FFBB07DE,FFBB07DE,3
1947,3FFF6DF5A,FFF6DF5A,3
1948,0002A4C95,002A4C95,0
1949,0002A6BFB,002A6BFB,0
1950,3FFE1CE20,FFE1CE20,3
1951,0001DCE16,001DCE16,0
1952,3FFFCCFE8,FFFCCFE8,3
1953,0004BE063,004BE063,0
1954,00020DF8F,0020DF8F,0
1955,000118B85,00118B85,0
1956,3FFA42901,FFA42901,3
1957,000409739,00409739,0
1958,3FF957A50,FF957A50,3
1959,3FFE6CACA,FFE6CACA,3
1960,3FFE404B1,FFE404B1,3
1961,0002972CC,002972CC,0
1962,00061BD17,0061BD17,0
1963,000086AE0,00086AE0,0
1964,000026C25,00026C25,0
1965,000181CC0,00181CC0,0
1966,0000BA005,000BA005,0
1967,3FFE9C56A,FFE9C56A,3
1968,00027FA51,0027FA51,0
1969,0003F9058,003F9058,0
1970,000411B97,00411B97,0
1971,00034C4D9,0034C4D9,0
1972,3FF97E7BE,FF97E7BE,3
1973,3FFE711D0,FFE711D0,3
1974,3FFECD2AB,FFECD2AB,3
1975,0000733BC,000733BC,0
1976,3FFEFEBAA,FFEFEBAA,3
1977,00037BCC8,0037BCC8,0
1978,3FFE42E49,FFE42E49,3
1979,0000B54F1,000B54F1,0
1980,3FF9CA73A,FF9CA73A,3
1981,0000F25DF,000F25DF,0
1982,3FFC9057D,FFC9057D,3
1983,3FFEE1CF5,FFEE1CF5,3
1984,00035209F,0035209F,0
1985,0007DAAD4,007DAAD4,0
1986,3FFA69A42,FFA69A42,3
1987,0000681F1,000681F1,0
1988,3FFE99104,FFE99104,3
1989,0000E7671,000E7671,0
1990,3FFF34AD7,FFF34AD7,3
1991,3FFF2FB53,FFF2FB53,3
1992,0000F3E1C,000F3E1C,0
1993,0003DA644,003DA644,0
1994,3FF8FD907,FF8FD907,3
1995,00066B2F4,0066B2F4,0
1996,0007B2669,007B2669,0
1997,00071EA8C,0071EA8C,0
1998,3FF981995,FF981995,3
1999,0000B6FD6,000B6FD6,0
2000,0002A2676,002A2676,0
2001,0003B542D,003B542D,0
2002,3FFF5AE92,FFF5AE92,3
2003,3FFB1EE23,FFB1EE23,3
2004,00034E2A0,0034E2A0,0
2005,000226A2F,00226A2F,0
2006,3FFF75A18,FFF75A18,3
2007,3FFFD6E0E,FFFD6E0E,3
2008,3FFD386BC,FFD386BC,3
2009,3FF8BF79B,FF8BF79B,3
2010,3FF9FCE70,FF9FCE70,3
2011,3FFFB06DD,FFFB06DD,3
2012,0002E0A01,002E0A01,0
2013,0000FB033,000FB033,0
2014,3FFA1D2FE,FFA1D2FE,3
2015,0001089E9,001089E9,0
2016,3FFDEC131,FFDEC131,3
2017,00013BB2C,0013BB2C,0
2018,00034FCA5,0034FCA5,0
2019,3FFB4E540,FFB4E540,3
2020,0002093B5,002093B5,0
2021,3FFBF6226,FFBF6226,3
2022,3FFF1A0A4,FFF1A0A4,3
2023,0002A09B9,002A09B9,0
2024,3FFDF1C04,FFDF1C04,3
2025,3FF5D82C1,FF5D82C1,3
2026,000093E6C,00093E6C,0
2027,3FF8CD86C,FF8CD86C,3
2028,00011A54A,0011A54A,0
2029,0009B7AC9,009B7AC9,0
2030,0004CF59E,004CF59E,0
2031,000415916,00415916,0
2032,00005CE70,0005CE70,0
2033,3FFA9C0D5,FFA9C0D5,3
2034,3FFF24232,FFF24232,3
2035,0008BE59D,008BE59D,0
2036,0001F6652,001F6652,0
2037,3FFEEA0B7,FFEEA0B7,3
2038,000282429,00282429,0
2039,3FFE99154,FFE99154,3
2040,3FFF5E178,FFF5E178,3
2041,3FFBF1815,FFBF1815,3
2042,000891DB7,00891DB7,0
2043,0001E38C9,001E38C9,0
2044,3FFCEF1CF,FFCEF1CF,3
2045,0004B2A7E,004B2A7E,0
2046,0005310FF,005310FF,0
2047,3FF8E02D9,FF8E02D9,3
2048,3FFE8C31E,FFE8C31E,3
2049,3FFB9FB1F,FFB9FB1F,3
2050,0003EAC4B,003EAC4B,0
2051,3FFF23FB9,FFF23FB9,3
2052,3FFAFE30C,FFAFE30C,3
2053,000475AC8,00475AC8,0
2054,00051BA22,0051BA22,0
2055,000095819,00095819,0
2056,00035111A,0035111A,0
2057,3FFC1A8B2,FFC1A8B2,3
2058,0004C396C,004C396C,0
2059,3FFF907F7,FFF907F7,3
2060,3FFDE7ED8,FFDE7ED8,3
2061,3FFC7FD70,FFC7FD70,3
2062,0000EA491,000EA491,0
2063,3FFE1C9CE,FFE1C9CE,3
2064,3FFD023EC,FFD023EC,3
2065,3FFB7C353,FFB7C353,3
2066,00036E327,0036E327,0
2067,3FF778808,FF778808,3
2068,3FFF794EB,FFF794EB,3
2069,3FFDCF9D8,FFDCF9D8,3
2070,3FF9D7A3E,FF9D7A3E,3
2071,3FFC3D092,FFC3D092,3
2072,3FFE8153D,FFE8153D,3
2073,00041A529,0041A529,0
2074,3FFD3DF6D,FFD3DF6D,3
2075,3FFBBAB72,FFBBAB72,3
2076,3FFE0F230,FFE0F230,3
2077,00041F379,0041F379,0
2078,3FFF756C8,FFF756C8,3
2079,000192020,00192020,0
2080,3FFEBE8B2,FFEBE8B2,3
2081,3FFBB3525,FFBB3525,3
2082,00032604A,0032604A,0
2083,000347C89,00347C89,0
2084,3FFD88A67,FFD88A67,3
2085,3FFD50153,FFD50153,3
2086,3FFE0D5F5,FFE0D5F5,3
2087,00054FAD2,0054FAD2,0
2088,3FFF71269,FFF71269,3
2089,00008704F,0008704F,0
2090,3FFB4911E,FFB4911E,3
2091,3FFC296F8,FFC296F8,3
2092,0002BD7D0,002BD7D0,0
2093,0009C3964,009C3964,0
2094,3FFE9E437,FFE9E437,3
2095,00008E0AA,0008E0AA,0
2096,00018D8E4,0018D8E4,0
2097,0004369F3,004369F3,0
2098,3FFB8A8C6,FFB8A8C6,3
2099,000412D8D,00412D8D,0
2100,3FFAC5991,FFAC5991,3
2101,00054A49D,0054A49D,0
2102,3FFFE2DC4,FFFE2DC4,3
2103,000305A1D,00305A1D,0
2104,3FFE0BC5D,FFE0BC5D,3
2105,3FFBE0CB3,FFBE0CB3,3
2106,0001D2CA7,001D2CA7,0
2107,0000B33C7,000B33C7,0
2108,00029E71E,0029E71E,0
2109,0004497D6,004497D6,0
2110,0007E5A81,007E5A81,0
2111,3FFF198E2,FFF198E2,3
2112,3FFC96CB0,FFC96CB0,3
2113,0000768A1,000768A1,0
2114,00038952E,0038952E,0
2115,0000E57B7,000E57B7,0
2116,3FFF066F8,FFF066F8,3
2117,00016603E,0016603E,0
2118,3FFEA4094,FFEA4094,3
2119,0000EAB39,000EAB39,0
2120,3FFF93FDC,FFF93FDC,3
2121,3FF998347,FF998347,3
2122,000059D89,00059D89,0
2123,000171C78,00171C78,0
2124,3FFC0BFD9,FFC0BFD9,3
2125,00008A8D8,0008A8D8,0
2126,3FFC11680,FFC11680,3
2127,000431650,00431650,0
2128,3FFD29679,FFD29679,3
2129,3FFEFFE8C,FFEFFE8C,3
2130,3FFFC0FAF,FFFC0FAF,3
2131,0006027D3,006027D3,0
2132,3FFEDC20E,FFEDC20E,3
2133,00002E35A,0002E35A,0
2134,3FFF851F4,FFF851F4,3
2135,3FFB4FD6E,FFB4FD6E,3
2136,3FF7471D6,FF7471D6,3
2137,0002FD935,002FD935,0
2138,0003B7777,003B7777,0
2139,3FFD5939E,FFD5939E,3
2140,0002E6961,002E6961,0
2141,000350884,00350884,0
2142,3FFE48DB2,FFE48DB2,3
2143,3FFE6E937,FFE6E937,3
2144,00014DA1F,0014DA1F,0
2145,3FFD600D0,FFD600D0,3
2146,3FFB92451,FFB92451,3
2147,00012F807,0012F807,0
2148,3FFBD941E,FFBD941E,3
2149,000195755,00195755,0
2150,0001DE756,001DE756,0
2151,0004A7636,004A7636,0
2152,000292464,00292464,0
2153,3FFFB5BC8,FFFB5BC8,3
2154,000357348,00357348,0
2155,0005F87BF,005F87BF,0
2156,3FFD66D37,FFD66D37,3
2157,3FFF695EB,FFF695EB,3
2158,3FFCC8D54,FFCC8D54,3
2159,0000896FA,000896FA,0
2160,3FFB7B41D,FFB7B41D,3
2161,0004470FA,004470FA,0
2162,0003C7C7B,003C7C7B,0
2163,3FFA79AE8,FFA79AE8,3
2164,000A32194,00A32194,0
2165,0004A7D14,004A7D14,0
2166,3FFC47D75,FFC47D75,3
2167,3FFA98A00,FFA98A00,3
2168,3FFA25246,FFA25246,3
2169,3FFFB8BF5,FFFB8BF5,3
2170,00006DD36,0006DD36,0
2171,3FFDDE47C,FFDDE47C,3
2172,0003265BE,003265BE,0
2173,3FFF6A0FE,FFF6A0FE,3
2174,000364D22,00364D22,0
2175,3FFF13137,FFF13137,3
2176,0003BA98B,003BA98B,0
2177,000009064,00009064,0
2178,3FFE6C7A3,FFE6C7A3,3
2179,000374E0B,00374E0B,0
2180,00017A128,0017A128,0
2181,000184478,00184478,0
2182,3FFDB7F69,FFDB7F69,3
2183,3FFB882EE,FFB882EE,3
2184,0003F2FAE,003F2FAE,0
2185,3FFC9C940,FFC9C940,3
2186,3FFF0375D,FFF0375D,3
2187,3FFF36525,FFF36525,3
2188,3FFE273D0,FFE273D0,3
2189,0002CFC51,002CFC51,0
2190,3FFFAF818,FFFAF818,3
2191,000110867,00110867,0
2192,0004B8893,004B8893,0
2193,3FFDF957C,FFDF957C,3
2194,00043E058,0043E058,0
2195,00013029A,0013029A,0
2196,3FFEF90B6,FFEF90B6,3
2197,00002394B,0002394B,0
2198,000060407,00060407,0
2199,3FFC6D7E0,FFC6D7E0,3
2200,3FFD98C0A,FFD98C0A,3
2201,3FFED7516,FFED7516,3
2202,0003B95D6,003B95D6,0
2203,0002DE244,002DE244,0
2204,3FF905BDD,FF905BDD,3
2205,3FFAC31E5,FFAC31E5,3
2206,3FFF30A1D,FFF30A1D,3
2207,3FFFE8A92,FFFE8A92,3
2208,0002BFDC3,002BFDC3,0
2209,00031923D,0031923D,0
2210,3FFE2125C,FFE2125C,3
2211,000259440,00259440,0
2212,000354D91,00354D91,0
2213,3FFF6D5A6,FFF6D5A6,3
2214,000094553,00094553,0
2215,3FFFF20DD,FFFF20DD,3
2216,0003B14FE,003B14FE,0
2217,00009B4D6,0009B4D6,0
2218,000382351,00382351,0
2219,3FFC70234,FFC70234,3
2220,0004DD7DF,004DD7DF,0
2221,3FFD0B10C,FFD0B10C,3
2222,0001D902F,001D902F,0
2223,3FFB675EA,FFB675EA,3
2224,0001A3A94,001A3A94,0
2225,0002244F7,002244F7,0
2226,00074CA7D,0074CA7D,0
2227,0004D0CA3,004D0CA3,0
2228,3FFED32BC,FFED32BC,3
2229,3FF5B229E,FF5B229E,3
2230,0000E46E8,000E46E8,0
2231,000126810,00126810,0
2232,00009396E,0009396E,0
2233,0004A2C66,004A2C66,0
2234,0004C11F4,004C11F4,0
2235,3FFC19282,FFC19282,3
2236,000263FF8,00263FF8,0
2237,0000FBD33,000FBD33,0
2238,00049DFEC,0049DFEC,0
2239,0001D1933,001D1933,0
2240,3FFC71680,FFC71680,3
2241,00015F24F,0015F24F,0
2242,00050ABAA,0050ABAA,0
2243,00042127E,0042127E,0
2244,000286188,00286188,0
2245,000106FBF,00106FBF,0
2246,3FFB53AC8,FFB53AC8,3
2247,3FFF1678F,FFF1678F,3
2248,0001763C1,001763C1,0
2249,000422E8B,00422E8B,0
2250,3FFF16019,FFF16019,3
2251,0001BDCBD,001BDCBD,0
2252,3FF934327,FF934327,3
2253,00013DBDA,0013DBDA,0
2254,0001A74EE,001A74EE,0
2255,00007A87C,0007A87C,0
2256,000103430,00103430,0
2257,000287D1C,00287D1C,0
2258,3FFF2B646,FFF2B646,3
2259,0007EEC77,007EEC77,0
2260,000581E3D,00581E3D,0
2261,000294F89,00294F89,0
2262,0003E3DAE,003E3DAE,0
2263,000AADF18,00AADF18,0
2264,0000DF53E,000DF53E,0
2265,000105838,00105838,0
2266,00014A100,0014A100,0
2267,3FFE6FBC9,FFE6FBC9,3
2268,0007189AB,007189AB,0
2269,0002FE50E,002FE50E,0
2270,00018CBFB,0018CBFB,0
2271,3FFDA207F,FFDA207F,3
2272,00028AC3F,0028AC3F,0
2273,3FFB78611,FFB78611,3
2274,000287593,00287593,0
2275,3FFEDD417,FFEDD417,3
2276,00024453C,0024453C,0
2277,00057265B,0057265B,0
2278,3FFEFAB95,FFEFAB95,3
2279,000457A18,00457A18,0
2280,3FFEA8CAA,FFEA8CAA,3
2281,0001942AE,001942AE,0
2282,0000EB759,000EB759,0
2283,3FFB60640,FFB60640,3
2284,3FF9DD904,FF9DD904,3
2285,000068BA1,00068BA1,0
2286,000671635,00671635,0
2287,3FF972FCF,FF972FCF,3
2288,000454713,00454713,0
2289,000168892,00168892,0
2290,3FFFF6E7E,FFFF6E7E,3
2291,3FFE7018B,FFE7018B,3
2292,3FFD944C1,FFD944C1,3
2293,3FFA1690F,FFA1690F,3
2294,0000F61BD,000F61BD,0
2295,3FFC7F989,FFC7F989,3
2296,3FFF5F0F7,FFF5F0F7,3
2297,000253063,00253063,0
2298,3FFF92417,FFF92417,3
2299,000269048,00269048,0
2300,000260805,00260805,0
2301,00012E45D,0012E45D,0
2302,3FFFD62E1,FFFD62E1,3
2303,0001E1E73,001E1E73,0
2304,0001C2F9E,001C2F9E,0
2305,3FFB9B007,FFB9B007,3
2306,000023682,00023682,0
2307,3FFA4B9E9,FFA4B9E9,3
2308,0002D2EB9,002D2EB9,0
2309,0001F4721,001F4721,0
2310,0001CAACB,001CAACB,0
2311,3FFD2E246,FFD2E246,3
2312,3FFE3D3FE,FFE3D3FE,3
2313,000262DA2,00262DA2,0
2314,3FF4C3851,FF4C3851,3
2315,3FFD4F19C,FFD4F19C,3
2316,000413822,00413822,0
2317,000112F4E,00112F4E,0
2318,3FFF2DE14,FFF2DE14,3
2319,3FFA771AD,FFA771AD,3
2320,3FFBB05A1,FFBB05A1,3
2321,000444864,00444864,0
2322,3FFCD6652,FFCD6652,3
2323,00054CD6B,0054CD6B,0
2324,000615D9A,00615D9A,0
2325,3FFC5CC75,FFC5CC75,3
2326,000252D83,00252D83,0
2327,00001562D,0001562D,0
2328,00015607C,0015607C,0
2329,0005D78A0,005D78A0,0
2330,0001EBF7D,001EBF7D,0
2331,00048BA4F,0048BA4F,0
2332,0004CA30F,004CA30F,0
2333,3FFACFCC5,FFACFCC5,3
2334,0000D46A3,000D46A3,0
2335,3FFB2805D,FFB2805D,3
2336,00025900F,0025900F,0
2337,3FFF285D2,FFF285D2,3
2338,0008505DC,008505DC,0
2339,3FFB40FA6,FFB40FA6,3
2340,00000D74E,0000D74E,0
2341,000022F41,00022F41,0
2342,3FFF9E912,FFF9E912,3
2343,000154188,00154188,0
2344,0002FCCAD,002FCCAD,0
2345,3FFAEC409,FFAEC409,3
2346,00016E9E8,0016E9E8,0
2347,0000F40B8,000F40B8,0
2348,000A9502F,00A9502F,0
2349,0001C3808,001C3808,0
2350,000099B2A,00099B2A,0
2351,3FFD7A4E0,FFD7A4E0,3
2352,3FFBE5962,FFBE5962,3
2353,000E800C2,00E800C2,0
2354,00024AACF,0024AACF,0
2355,3FFE7FC21,FFE7FC21,3
2356,3FFCD40FE,FFCD40FE,3
2357,00017A882,0017A882,0
2358,000081843,00081843,0
2359,3FFE7DCE1,FFE7DCE1,3
2360,00032F36D,0032F36D,0
2361,3FFFB9E25,FFFB9E25,3
2362,0000EBC33,000EBC33,0
2363,3FFECC207,FFECC207,3
2364,0009BA18F,009BA18F,0
2365,000223DAE,00223DAE,0
2366,0001A0D32,001A0D32,0
2367,000225F89,00225F89,0
2368,00067ACCD,0067ACCD,0
2369,3FFDEADFA,FFDEADFA,3
2370,3FFEE1221,FFEE1221,3
2371,000455769,00455769,0
2372,3FFFC188C,FFFC188C,3
2373,3FFCD831C,FFCD831C,3
2374,0000D4E23,000D4E23,0
2375,3FFC462BD,FFC462BD,3
2376,00002E74F,0002E74F,0
2377,00010DE76,0010DE76,0
2378,3FFF07505,FFF07505,3
2379,3FF9B776D,FF9B776D,3
2380,00017CA10,0017CA10,0
2381,0002BAA2B,002BAA2B,0
2382,3FF9F835B,FF9F835B,3
2383,0002310E9,002310E9,0
2384,0000048B2,000048B2,0
2385,0000236A6,000236A6,0
2386,000322CAE,00322CAE,0
2387,0004AD347,004AD347,0
2388,3FFFD0E12,FFFD0E12,3
2389,3FFF7BEA5,FFF7BEA5,3
2390,000233E5A,00233E5A,0
2391,000274F48,00274F48,0
2392,0001812B7,001812B7,0
2393,000135A81,00135A81,0
2394,000023B08,00023B08,0
2395,0000DD4E8,000DD4E8,0
2396,3FFF4BE12,FFF4BE12,3
2397,3FFDCE32B,FFDCE32B,3
2398,3FFB81025,FFB81025,3
2399,000022924,00022924,0
2400,3FFF5C158,FFF5C158,3
2401,3FFE32E9D,FFE32E9D,3
2402,3FFA59284,FFA59284,3
2403,00003D7AC,0003D7AC,0
2404,0004F3194,004F3194,0
2405,0001ACA00,001ACA00,0
2406,3FFB1396A,FFB1396A,3
2407,3FFAEDFAC,FFAEDFAC,3
2408,3FFDF3293,FFDF3293,3
2409,3FFBB10EF,FFBB10EF,3
2410,00028E323,0028E323,0
2411,00025A515,0025A515,0
2412,0003599DB,003599DB,0
2413,3FFE2F05B,FFE2F05B,3
2414,000280080,00280080,0
2415,3FFF56A07,FFF56A07,3
2416,3FFB3AC30,FFB3AC30,3
2417,000A40F61,00A40F61,0
2418,3FFC0BAA9,FFC0BAA9,3
2419,0001B24DE,001B24DE,0
2420,3FFC44864,FFC44864,3
2421,0003DDA72,003DDA72,0
2422,3FFB957BE,FFB957BE,3
2423,00064E39B,0064E39B,0
2424,3FFEC48E3,FFEC48E3,3
2425,3FFB7B07E,FFB7B07E,3
2426,0000F5FD2,000F5FD2,0
2427,0000A5001,000A5001,0
2428,000240B27,00240B27,0
2429,3FFDBADFB,FFDBADFB,3
2430,3FF89428A,FF89428A,3
2431,000581E28,00581E28,0
2432,3FFF29EF8,FFF29EF8,3
2433,3FFDC2E92,FFDC2E92,3
2434,3FFD23038,FFD23038,3
2435,0000FA4ED,000FA4ED,0
2436,0002A50B1,002A50B1,0
2437,3FF816DB0,FF816DB0,3
2438,00010B258,0010B258,0
2439,0005A27AB,005A27AB,0
2440,0002C407E,002C407E,0
2441,3FFC31A35,FFC31A35,3
2442,3FFEEA3E0,FFEEA3E0,3
2443,3FFDB9FAB,FFDB9FAB,3
2444,3FFA8DF3F,FFA8DF3F,3
2445,3FFBD9DD9,FFBD9DD9,3
2446,3FFBBF896,FFBBF896,3
2447,000038961,00038961,0
2448,00035B3D4,0035B3D4,0
2449,3FF9E5487,FF9E5487,3
2450,000511F8C,00511F8C,0
2451,0005124E7,005124E7,0
2452,000284412,00284412,0
2453,3FFA6654F,FFA6654F,3
2454,3FFFDC2E4,FFFDC2E4,3
2455,3FF7A0227,FF7A0227,3
2456,0002F7BA1,002F7BA1,0
2457,000401420,00401420,0
2458,0001C8930,001C8930,0
2459,3FFED151A,FFED151A,3
2460,0001D8DB0,001D8DB0,0
2461,3FF955BE2,FF955BE2,3
2462,3FFF9E2BB,FFF9E2BB,3
2463,3FF9BE34D,FF9BE34D,3
2464,0001AEDF8,001AEDF8,0
2465,3FFFF5B99,FFFF5B99,3
2466,3FF7F8407,FF7F8407,3
2467,000050BC4,00050BC4,0
2468,0002E30A1,002E30A1,0
2469,3FFF1243A,FFF1243A,3
2470,3FFC0A69A,FFC0A69A,3
2471,0000041FA,000041FA,0
2472,000575E77,00575E77,0
2473,0001D9667,001D9667,0
2474,3FFCF7974,FFCF7974,3
2475,3FF9FA49E,FF9FA49E,3
2476,3FF726EB8,FF726EB8,3
2477,0001F516F,001F516F,0
2478,000539D73,00539D73,0
2479,3FFE91C4D,FFE91C4D,3
2480,00003C72E,0003C72E,0
2481,0003BAF32,003BAF32,0
2482,3FFD4E5E8,FFD4E5E8,3
2483,000685B65,00685B65,0
2484,00026B910,0026B910,0
2485,3FF981B0E,FF981B0E,3
2486,3FFE0D64E,FFE0D64E,3
2487,00037CC74,0037CC74,0
2488,3FFE1FEAA,FFE1FEAA,3
2489,00072D3BF,0072D3BF,0
2490,3FFE762A4,FFE762A4,3
2491,3FFCE2350,FFCE2350,3
2492,3FFF60847,FFF60847,3
2493,3FFF4EF51,FFF4EF51,3
2494,3FFD93101,FFD93101,3
2495,3FFDE84BF,FFDE84BF,3
2496,0009BCC92,009BCC92,0
2497,000113ED3,00113ED3,0
2498,3FFC2A37B,FFC2A37B,3
2499,00052DF83,0052DF83,0
2500,0003530CD,003530CD,0
2501,3FFFC0EF6,FFFC0EF6,3
2502,0001FD525,001FD525,0
2503,0002F6CC5,002F6CC5,0
2504,3FFDD744C,FFDD744C,3
2505,0001B0485,001B0485,0
2506,00028263B,0028263B,0
2507,0001FE853,001FE853,0
2508,000024E37,00024E37,0
2509,000734802,00734802,0
2510,00027F0F4,0027F0F4,0
2511,3FF9B79E7,FF9B79E7,3
2512,3FFF57125,FFF57125,3
2513,000132A76,00132A76,0
2514,0007E4A01,007E4A01,0
2515,3FF91EC87,FF91EC87,3
2516,0002A3173,002A3173,0
2517,00002C6D7,0002C6D7,0
2518,3FFF16AB7,FFF16AB7,3
2519,3FFC822F0,FFC822F0,3
2520,000154A2B,00154A2B,0
2521,0000E6EB0,000E6EB0,0
2522,3FFB5FAFB,FFB5FAFB,3
2523,0000F8296,000F8296,0
2524,0001B2061,001B2061,0
2525,0002D17FA,002D17FA,0
2526,3FFD4F5F9,FFD4F5F9,3
2527,3FFDCFC30,FFDCFC30,3
2528,0001A0004,001A0004,0
2529,3FFCB31B8,FFCB31B8,3
2530,3FFE9B647,FFE9B647,3
2531,000388586,00388586,0
2532,0002CCF1B,002CCF1B,0
2533,3FFEAFDE0,FFEAFDE0,3
2534,3FF95F0E9,FF95F0E9,3
2535,3FFF57A46,FFF57A46,3
2536,3FF96B376,FF96B376,3
2537,3FFBABE97,FFBABE97,3
2538,00040D467,0040D467,0
2539,3FFFDDD19,FFFDDD19,3
2540,0003247E5,003247E5,0
2541,3FFD2AD1B,FFD2AD1B,3
2542,3FFF79B51,FFF79B51,3
2543,0005887D7,005887D7,0
2544,000939EB9,00939EB9,0
2545,0008135DC,008135DC,0
2546,0004D51E0,004D51E0,0
2547,0005D2ECF,005D2ECF,0
2548,0000A90D7,000A90D7,0
2549,0001F0B27,001F0B27,0
2550,0004F9E0F,004F9E0F,0
2551,0001C4DA0,001C4DA0,0
2552,3FF88CB58,FF88CB58,3
2553,0006D7BD3,006D7BD3,0
2554,0002A71AC,002A71AC,0
2555,000228038,00228038,0
2556,3FFDF036F,FFDF036F,3
2557,00012D743,0012D743,0
2558,00012E894,0012E894,0
2559,0009E0DF5,009E0DF5,0
2560,3FFF4501F,FFF4501F,3
2561,000106B9F,00106B9F,0
2562,000320F01,00320F01,0
2563,3FFC1338E,FFC1338E,3
2564,00048CEB8,0048CEB8,0
2565,0005C70AA,005C70AA,0
2566,3FF970AEB,FF970AEB,3
2567,0002373FF,002373FF,0
2568,000107006,00107006,0
2569,3FFC6FE30,FFC6FE30,3
2570,3FFF9AEAD,FFF9AEAD,3
2571,3FFDB533A,FFDB533A,3
2572,3FFCE1828,FFCE1828,3
2573,3FFF864CD,FFF864CD,3
2574,00012CC8A,0012CC8A,0
2575,00001AA2C,0001AA2C,0
2576,00050A271,0050A271,0
2577,00046C916,0046C916,0
2578,3FFF03674,FFF03674,3
2579,3FFDF224C,FFDF224C,3
2580,0001BF479,001BF479,0
2581,000132F26,00132F26,0
2582,3FF84ECBC,FF84ECBC,3
2583,3FFAAAC49,FFAAAC49,3
2584,3FFA259CB,FFA259CB,3
2585,0002697A3,002697A3,0
2586,000254F39,00254F39,0
2587,000488076,00488076,0
2588,3FF9BC5DC,FF9BC5DC,3
2589,3FFDFA4E9,FFDFA4E9,3
2590,3FFDDA4D8,FFDDA4D8,3
2591,0002BFA7D,002BFA7D,0
2592,3FFFB99D0,FFFB99D0,3
2593,00017BBE9,0017BBE9,0
2594,00070C761,0070C761,0
2595,00030239C,0030239C,0
2596,0000DB9E8,000DB9E8,0
2597,000155F66,00155F66,0
2598,3FFF7A566,FFF7A566,3
2599,000342755,00342755,0
2600,00033BCF1,0033BCF1,0
2601,3FFFE10C3,FFFE10C3,3
2602,3FFD98AD6,FFD98AD6,3
2603,3FF9CF814,FF9CF814,3
2604,3FF81CA3B,FF81CA3B,3
2605,3FFB6EA25,FFB6EA25,3
2606,00015BE0A,0015BE0A,0
2607,3FF9B23A2,FF9B23A2,3
2608,3FFD98A76,FFD98A76,3
2609,0000985B4,000985B4,0
2610,3FFCB95CE,FFCB95CE,3
2611,00041CC17,0041CC17,0
2612,3FF9ACA34,FF9ACA34,3
2613,3FF6C5BD7,FF6C5BD7,3
2614,00015553D,0015553D,0
2615,3FFE6E549,FFE6E549,3
2616,3FFCF6D25,FFCF6D25,3
2617,0002C3961,002C3961,0
2618,0002EF18B,002EF18B,0
2619,0006C706F,006C706F,0
2620,3FF92BC74,FF92BC74,3
2621,3FFEF19AD,FFEF19AD,3
2622,3FF9DDB00,FF9DDB00,3
2623,000291C73,00291C73,0
2624,3FFA5E76E,FFA5E76E,3
2625,3FFD24323,FFD24323,3
2626,0003517AF,003517AF,0
2627,3FFF7E86A,FFF7E86A,3
2628,00006C98E,0006C98E,0
2629,0001BA8D1,001BA8D1,0
2630,0000B3163,000B3163,0
2631,0004A7AA4,004A7AA4,0
2632,3FFBC0A3D,FFBC0A3D,3
2633,000075B88,00075B88,0
2634,00055504C,0055504C,0
2635,3FF795ED7,FF795ED7,3
2636,0001CBA94,001CBA94,0
2637,3FFA21B2B,FFA21B2B,3
2638,00034C021,0034C021,0
2639,3FFEC29C0,FFEC29C0,3
2640,3FFB4EED5,FFB4EED5,3
2641,3FF63C3EB,FF63C3EB,3
2642,0001C51E2,001C51E2,0
2643,3FFDCB10D,FFDCB10D,3
2644,3FF3FB2FD,FF3FB2FD,3
2645,0001090A7,001090A7,0
2646,0002028EE,002028EE,0
2647,00026FD29,0026FD29,0
2648,00022A8D4,0022A8D4,0
2649,0001AB139,001AB139,0
2650,0001F1620,001F1620,0
2651,000108A5E,00108A5E,0
2652,3FFEA45CD,FFEA45CD,3
2653,0003712F2,003712F2,0
2654,3FFC66358,FFC66358,3
2655,3FFBD93D9,FFBD93D9,3
2656,000348A17,00348A17,0
2657,0002D6381,002D6381,0
2658,0002C9249,002C9249,0
2659,00013DA15,0013DA15,0
2660,0007ED113,007ED113,0
2661,3FFF14A22,FFF14A22,3
2662,00010835D,0010835D,0
2663,0003E96DB,003E96DB,0
2664,3FFF4AD5C,FFF4AD5C,3
2665,000145F01,00145F01,0
2666,0002681ED,002681ED,0
2667,00011A52F,0011A52F,0
2668,3FFEB7578,FFEB7578,3
2669,000A4DC3D,00A4DC3D,0
2670,0002F99F8,002F99F8,0
2671,00012D46B,0012D46B,0
2672,0002C8217,002C8217,0
2673,3FF85D48E,FF85D48E,3
2674,000016F92,00016F92,0
2675,3FF8D8255,FF8D8255,3
2676,3FFF620C5,FFF620C5,3
2677,0001D4806,001D4806,0
2678,3FFBBF672,FFBBF672,3
2679,3FF450CC8,FF450CC8,3
2680,000288AFC,00288AFC,0
2681,0003F629D,003F629D,0
2682,00010C1EF,0010C1EF,0
2683,000334449,00334449,0
2684,3FFF8077F,FFF8077F,3
2685,000106CED,00106CED,0
2686,3FFE61A2D,FFE61A2D,3
2687,3FFD342B8,FFD342B8,3
2688,3FFF49A57,FFF49A57,3
2689,0003B8D15,003B8D15,0
2690,3FFFBA19C,FFFBA19C,3
2691,3FFF26630,FFF26630,3
2692,0002953E3,002953E3,0
2693,3FFE967E0,FFE967E0,3
2694,3FFE8C7E8,FFE8C7E8,3
2695,00012BECD,0012BECD,0
2696,0002C30C3,002C30C3,0
2697,3FFF0110B,FFF0110B,3
2698,3FFE76AB0,FFE76AB0,3
2699,3FFDEF9BF,FFDEF9BF,3
2700,3FFC9E0AC,FFC9E0AC,3
2701,00015B191,0015B191,0
2702,000702D13,00702D13,0
2703,000238911,00238911,0
2704,3FFF537D1,FFF537D1,3
2705,3FFF0AC34,FFF0AC34,3
2706,3FFEEC174,FFEEC174,3
2707,00001B7F2,0001B7F2,0
2708,00053178D,0053178D,0
2709,0000E522A,000E522A,0
2710,3FFF6A207,FFF6A207,3
2711,0007178FA,007178FA,0
2712,3FFB5798F,FFB5798F,3
2713,3FFEB039E,FFEB039E,3
2714,0000639B5,000639B5,0
2715,3FFED42B6,FFED42B6,3
2716,3FFFAF264,FFFAF264,3
2717,3FFFA414D,FFFA414D,3
2718,3FFEEC560,FFEEC560,3
2719,3FF81964B,FF81964B,3
2720,00016E7CC,0016E7CC,0
2721,3FFFE9D54,FFFE9D54,3
2722,0008EF4AD,008EF4AD,0
2723,3FFBA19A7,FFBA19A7,3
2724,00001B9EB,0001B9EB,0
2725,000355EB2,00355EB2,0
2726,3FFA39924,FFA39924,3
2727,000047836,00047836,0
2728,000282C6A,00282C6A,0
2729,3FFBEF3A3,FFBEF3A3,3
2730,3FFF2CBEC,FFF2CBEC,3
2731,3FFA538AB,FFA538AB,3
2732,3FFC955BF,FFC955BF,3
2733,3FFF08936,FFF08936,3
2734,3FFFAB7A3,FFFAB7A3,3
2735,0004CF81D,004CF81D,0
2736,3FFFE8E24,FFFE8E24,3
2737,00017BEE4,0017BEE4,0
2738,000418AAB,00418AAB,0
2739,3FFC9ED8B,FFC9ED8B,3
2740,3FFC8B290,FFC8B290,3
2741,0001AF789,001AF789,0
2742,0002C015B,002C015B,0
2743,0003011F9,003011F9,0
2744,0000327B4,000327B4,0
2745,00018EACC,0018EACC,0
2746,000239163,00239163,0
2747,00028261C,0028261C,0
2748,0000F3197,000F3197,0
2749,3FFD5276F,FFD5276F,3
2750,00038EBC8,0038EBC8,0
2751,3FFCC293D,FFCC293D,3
2752,3FFA56955,FFA56955,3
2753,000357C7F,00357C7F,0
2754,3FFE96D2F,FFE96D2F,3
2755,3FFD4D83F,FFD4D83F,3
2756,3FFB8C0B2,FFB8C0B2,3
2757,00016CDCA,0016CDCA,0
2758,3FFC86DD1,FFC86DD1,3
2759,3FFD544C1,FFD544C1,3
2760,3FFF5AD78,FFF5AD78,3
2761,3FFC1CBAB,FFC1CBAB,3
2762,0000D26DC,000D26DC,0
2763,00000269D,0000269D,0
2764,3FF888100,FF888100,3
2765,00043A78C,0043A78C,0
2766,0000204C2,000204C2,0
2767,0003A9EEF,003A9EEF,0
2768,3FFF25770,FFF25770,3
2769,3FFFA0897,FFFA0897,3
2770,3FFD27A07,FFD27A07,3
2771,00040DE1D,0040DE1D,0
2772,3FF971A99,FF971A99,3
2773,3FFEADDD4,FFEADDD4,3
2774,00032360E,0032360E,0
2775,3FFFF02C3,FFFF02C3,3
2776,000442444,00442444,0
2777,3FF8311B9,FF8311B9,3
2778,3FFD2318C,FFD2318C,3
2779,00009FBD3,0009FBD3,0
2780,00043489C,0043489C,0
2781,3FFDC551C,FFDC551C,3
2782,3FFBB34C9,FFBB34C9,3
2783,3FFEFE051,FFEFE051,3
2784,3FF9D843A,FF9D843A,3
2785,3FFDE861D,FFDE861D,3
2786,0002FB60F,002FB60F,0
2787,3FF85E27F,FF85E27F,3
2788,000499F17,00499F17,0
2789,00025B538,0025B538,0
2790,3FFC00494,FFC00494,3
2791,000037E12,00037E12,0
2792,3FFFA1505,FFFA1505,3
2793,00036FE03,0036FE03,0
2794,3FF80CC54,FF80CC54,3
2795,00024A480,0024A480,0
2796,0009C651A,009C651A,0
2797,3FFE4F751,FFE4F751,3
2798,3FFB21E60,FFB21E60,3
2799,3FFBF4F8C,FFBF4F8C,3
2800,00049870B,0049870B,0
2801,0001E09BC,001E09BC,0
2802,000164DFF,00164DFF,0
2803,3FFBA1832,FFBA1832,3
2804,3FFEF9D4C,FFEF9D4C,3
2805,0004AB448,004AB448,0
2806,3FFE60D9C,FFE60D9C,3
2807,00022068A,0022068A,0
2808,3FFDEE34F,FFDEE34F,3
2809,0006F6B35,006F6B35,0
2810,00010D59D,0010D59D,0
2811,3FFEDB9B8,FFEDB9B8,3
2812,3FF8E9C9F,FF8E9C9F,3
2813,00054B486,0054B486,0
2814,0001EB817,001EB817,0
2815,3FFDF622E,FFDF622E,3
2816,0004D14FA,004D14FA,0
2817,3FF9FFCE0,FF9FFCE0,3
2818,000412B0E,00412B0E,0
2819,3FFF23303,FFF23303,3
2820,3FFEAB4D4,FFEAB4D4,3
2821,000039243,00039243,0
2822,000088B01,00088B01,0
2823,3FFCA1F7E,FFCA1F7E,3
2824,0007ECBB8,007ECBB8,0
2825,000153CEE,00153CEE,0
2826,3FFB2E892,FFB2E892,3
2827,3FFB33053,FFB33053,3
2828,00056795F,0056795F,0
2829,3FFAB43A7,FFAB43A7,3
2830,3FFB02403,FFB02403,3
2831,000486562,00486562,0
2832,3FFEF43A2,FFEF43A2,3
2833,3FFE58952,FFE58952,3
2834,000458196,00458196,0
2835,3FFEC1CBE,FFEC1CBE,3
2836,3FFD22BA8,FFD22BA8,3
2837,000005A81,00005A81,0
2838,0003BF060,003BF060,0
2839,3FFCA3720,FFCA3720,3
2840,00012A29E,0012A29E,0
2841,3FFE99246,FFE99246,3
2842,3FFCF22E2,FFCF22E2,3
2843,3FFF35586,FFF35586,3
2844,3FFDE22BF,FFDE22BF,3
2845,000234279,00234279,0
2846,0000E4831,000E4831,0
2847,3FFFE9E9F,FFFE9E9F,3
2848,0007043EB,007043EB,0
2849,3FF7764E3,FF7764E3,3
2850,0001AFA9A,001AFA9A,0
2851,00014B339,0014B339,0
2852,00016F2DB,0016F2DB,0
2853,000376D35,00376D35,0
2854,3FFEA6EC1,FFEA6EC1,3
2855,3FFF5C45C,FFF5C45C,3
2856,0005DFC80,005DFC80,0
2857,3FFD474BF,FFD474BF,3
2858,3FFE6FE2F,FFE6FE2F,3
2859,3FFC1E853,FFC1E853,3
2860,3FFF5F74B,FFF5F74B,3
2861,3FFE68F38,FFE68F38,3
2862,3FFB5C1CD,FFB5C1CD,3
2863,000378B40,00378B40,0
2864,3FFD5FD3E,FFD5FD3E,3
2865,0003CD975,003CD975,0
2866,000252100,00252100,0
2867,00004AD75,0004AD75,0
2868,3FFE641D7,FFE641D7,3
2869,000570B39,00570B39,0
2870,3FFAC56ED,FFAC56ED,3
2871,00026E1EB,0026E1EB,0
2872,3FFC772C0,FFC772C0,3
2873,3FFDC8BB2,FFDC8BB2,3
2874,00002E47C,0002E47C,0
2875,3FFEA1189,FFEA1189,3
2876,000080275,00080275,0
2877,3FFB1C0BE,FFB1C0BE,3
2878,00012A5D8,0012A5D8,0
2879,3FFC20BDD,FFC20BDD,3
2880,000030583,00030583,0
2881,3FFDF3886,FFDF3886,3
2882,00047E0A4,0047E0A4,0
2883,3FFFAC9E9,FFFAC9E9,3
2884,0004877DC,004877DC,0
2885,0000AAA72,000AAA72,0
2886,3FFEF5C02,FFEF5C02,3
2887,00011BCFA,0011BCFA,0
2888,3FFF7C79A,FFF7C79A,3
2889,000633865,00633865,0
2890,0001B169E,001B169E,0
2891,3FFFB806E,FFFB806E,3
2892,000044502,00044502,0
2893,3FFCF32E2,FFCF32E2,3
2894,00072425C,0072425C,0
2895,00024CCDA,0024CCDA,0
2896,3FFC13D6E,FFC13D6E,3
2897,3FF922AF9,FF922AF9,3
2898,3FFFBD076,FFFBD076,3
2899,3FFDC6CA7,FFDC6CA7,3
2900,00028B9AC,0028B9AC,0
2901,00016E56E,0016E56E,0
2902,3FFDA271D,FFDA271D,3
2903,0004A2A69,004A2A69,0
2904,3FFD56AD2,FFD56AD2,3
2905,000A2B1F1,00A2B1F1,0
2906,3FFBD4FBB,FFBD4FBB,3
2907,3FFF103CB,FFF103CB,3
2908,00054784A,0054784A,0
2909,00011E72E,0011E72E,0
2910,3FFDEC495,FFDEC495,3
2911,0006192BA,006192BA,0
2912,0004CD285,004CD285,0
2913,00003C534,0003C534,0
2914,3FFE3EEF6,FFE3EEF6,3
2915,0000BD01F,000BD01F,0
2916,3FF9770A1,FF9770A1,3
2917,3FFE99185,FFE99185,3
2918,000196084,00196084,0
2919,00070F1F3,0070F1F3,0
2920,0003F7C2D,003F7C2D,0
2921,3FFEB365A,FFEB365A,3
2922,00086022D,0086022D,0
2923,00045D80E,0045D80E,0
2924,3FF736B82,FF736B82,3
2925,0001382F9,001382F9,0
2926,000383386,00383386,0
2927,00016EE46,0016EE46,0
2928,0003D7BD2,003D7BD2,0
2929,3FFF1AAB6,FFF1AAB6,3
2930,3FFAA4B1B,FFAA4B1B,3
2931,00017159F,0017159F,0
2932,0005E672E,005E672E,0
2933,3FFAC2DC3,FFAC2DC3,3
2934,3FFFC4FB4,FFFC4FB4,3
2935,3FFF2C1AB,FFF2C1AB,3
2936,0005AF149,005AF149,0
2937,00001DD74,0001DD74,0
2938,0001E65A5,001E65A5,0
2939,3FFE4508E,FFE4508E,3
2940,3FFD60477,FFD60477,3
2941,0001A0FC5,001A0FC5,0
2942,00028A3BC,0028A3BC,0
2943,000077BB2,00077BB2,0
2944,3FFF2BCA7,FFF2BCA7,3
2945,0008725A9,008725A9,0
2946,3FFC7CFF3,FFC7CFF3,3
2947,000620ABF,00620ABF,0
2948,3FFB9F9F9,FFB9F9F9,3
2949,3FFE93DEF,FFE93DEF,3
2950,3FFC5EB4F,FFC5EB4F,3
2951,00011ED21,0011ED21,0
2952,3FFE1B49F,FFE1B49F,3
2953,000481CE3,00481CE3,0
2954,00017A0E6,0017A0E6,0
2955,3FFEE80A8,FFEE80A8,3
2956,3FFB6E2F8,FFB6E2F8,3
2957,3FFCCE44C,FFCCE44C,3
2958,3FF749EC0,FF749EC0,3
2959,0004720DC,004720DC,0
2960,0002108C4,002108C4,0
2961,00072E693,0072E693,0
2962,3FF7E9752,FF7E9752,3
2963,3FFF1E19E,FFF1E19E,3
2964,3FFFF314A,FFFF314A,3
2965,00027A9F3,0027A9F3,0
2966,000A055F1,00A055F1,0
2967,0003F5FD1,003F5FD1,0
2968,0000186DA,000186DA,0
2969,000299809,00299809,0
2970,00016388D,0016388D,0
2971,00048BF91,0048BF91,0
2972,3FFD922E5,FFD922E5,3
2973,0000A9C85,000A9C85,0
2974,0000BEFA7,000BEFA7,0
2975,3FFCCC039,FFCCC039,3
2976,3FF8CD9E1,FF8CD9E1,3
2977,3FFDFC0E2,FFDFC0E2,3
2978,3FFFFAE08,FFFFAE08,3
2979,3FFEF41A3,FFEF41A3,3
2980,3FFB31A0B,FFB31A0B,3
2981,0001650B0,001650B0,0
2982,3FFCE47D9,FFCE47D9,3
2983,000153DC6,00153DC6,0
2984,000235F83,00235F83,0
2985,00056BD21,0056BD21,0
2986,3FFEDDC06,FFEDDC06,3
2987,3FFBA7F4E,FFBA7F4E,3
2988,3FFF2CB72,FFF2CB72,3
2989,3FFEFFAFE,FFEFFAFE,3
2990,0000A37AB,000A37AB,0
2991,0000F1699,000F1699,0
2992,00030D202,0030D202,0
2993,0003E3BE1,003E3BE1,0
2994,0005836C5,005836C5,0
2995,3FFE73C4B,FFE73C4B,3
2996,3FFE02602,FFE02602,3
2997,3FFF32866,FFF32866,3
2998,3FFD74A6D,FFD74A6D,3
2999,3FFF38D1B,FFF38D1B,3
3000,3FFFDB9A9,FFFDB9A9,3
3001,3FFEF6EE7,FFEF6EE7,3
3002,0001B3202,001B3202,0
3003,00008F503,0008F503,0
3004,0003CD246,003CD246,0
3005,3FFE6047A,FFE6047A,3
3006,0009D04F8,009D04F8,0
3007,000298D82,00298D82,0
3008,00011A10C,0011A10C,0
3009,0001FD345,001FD345,0
3010,0000BF38A,000BF38A,0
3011,3FFED14E9,FFED14E9,3
3012,3FFF304CF,FFF304CF,3
3013,3FFFA92E7,FFFA92E7,3
3014,3FFBB798E,FFBB798E,3
3015,3FF9B6096,FF9B6096,3
3016,3FFDABC93,FFDABC93,3
3017,000399C1F,00399C1F,0
3018,3FFFBCAEA,FFFBCAEA,3
3019,3FFB333D2,FFB333D2,3
3020,00007FEBA,0007FEBA,0
3021,00039FC7D,0039FC7D,0
3022,0006A7F3D,006A7F3D,0
3023,3FFBC9D9A,FFBC9D9A,3
3024,000283133,00283133,0
3025,000050883,00050883,0
3026,000098D0F,00098D0F,0
3027,3FFFD24A8,FFFD24A8,3
3028,0000278BC,000278BC,0
3029,0006FBA0E,006FBA0E,0
3030,3FFC984E4,FFC984E4,3
3031,3FFD88165,FFD88165,3
3032,00051072E,0051072E,0
3033,0003F1EEC,003F1EEC,0
3034,0003AF2C8,003AF2C8,0
3035,00010882C,0010882C,0
3036,000234D6D,00234D6D,0
3037,0000C049B,000C049B,0
3038,3FF9BF5D3,FF9BF5D3,3
3039,3FFEC9B47,FFEC9B47,3
3040,0003E0F74,003E0F74,0
3041,3FFC735B2,FFC735B2,3
3042,3FFEEDFA2,FFEEDFA2,3
3043,3FFFB3C9B,FFFB3C9B,3
3044,3FFEEB044,FFEEB044,3
3045,3FFA8F5A8,FFA8F5A8,3
3046,3FFC16B80,FFC16B80,3
3047,3FFD1879B,FFD1879B,3
3048,000135C3A,00135C3A,0
3049,3FFCE85C4,FFCE85C4,3
3050,3FFEF505C,FFEF505C,3
3051,3FFE49B6A,FFE49B6A,3
3052,3FFE1B2E7,FFE1B2E7,3
3053,3FFD4A4C8,FFD4A4C8,3
3054,0005DFE49,005DFE49,0
3055,3FFD5B369,FFD5B369,3
3056,00013334A,0013334A,0
3057,3FFE555BD,FFE555BD,3
3058,00030172E,0030172E,0
3059,3FFF76D50,FFF76D50,3
3060,3FFE29817,FFE29817,3
3061,0002BE8CF,002BE8CF,0
3062,3FFC87776,FFC87776,3
3063,3FFF3D1D3,FFF3D1D3,3
3064,3FFA05D37,FFA05D37,3
3065,00094096E,0094096E,0
3066,3FFAE6160,FFAE6160,3
3067,3FFE762F4,FFE762F4,3
3068,0002A57AB,002A57AB,0
3069,3FFE742E7,FFE742E7,3
3070,3FFD99BE0,FFD99BE0,3
3071,3FFC52720,FFC52720,3
3072,3FFFAB288,FFFAB288,3
3073,0002433E4,002433E4,0
3074,0000FF5D8,000FF5D8,0
3075,3FFEF0799,FFEF0799,3
3076,3FFDB3842,FFDB3842,3
3077,3FFF6C892,FFF6C892,3
3078,3FFC8FCDA,FFC8FCDA,3
3079,0008621F7,008621F7,0
3080,3FFDD61E1,FFDD61E1,3
3081,3FFBE5461,FFBE5461,3
3082,0005234D5,005234D5,0
3083,000031DC9,00031DC9,0
3084,0000A634C,000A634C,0
3085,00019B8D1,0019B8D1,0
3086,00089C27B,0089C27B,0
3087,00000161B,0000161B,0
3088,3FFD0AFFB,FFD0AFFB,3
3089,00035E82D,0035E82D,0
3090,0003FF6BD,003FF6BD,0
3091,3FFCDEC6F,FFCDEC6F,3
3092,000377C39,00377C39,0
3093,3FFF98EB1,FFF98EB1,3
3094,000455031,00455031,0
3095,3FFE6CEDF,FFE6CEDF,3
3096,0000091A8,000091A8,0
3097,3FFEE97D1,FFEE97D1,3
3098,3FFACC1AD,FFACC1AD,3
3099,000084DB5,00084DB5,0
3100,3FFBD192B,FFBD192B,3
3101,3FFEC7368,FFEC7368,3
3102,00010E6DB,0010E6DB,0
3103,00076761C,0076761C,0
3104,0003642E2,003642E2,0
3105,3FFAD3C47,FFAD3C47,3
3106,00004A513,0004A513,0
3107,000574321,00574321,0
3108,00048A751,0048A751,0
3109,3FFCFE1F3,FFCFE1F3,3
3110,00087AAB2,0087AAB2,0
3111,000282C91,00282C91,0
3112,0001D3C70,001D3C70,0
3113,3FFBB28EB,FFBB28EB,3
3114,000272E97,00272E97,0
3115,3FFFBC5B2,FFFBC5B2,3
3116,3FFAF1167,FFAF1167,3
3117,000096943,00096943,0
3118,000545B8D,00545B8D,0
3119,3FFEE52E6,FFEE52E6,3
3120,000070BF3,00070BF3,0
3121,0003BB753,003BB753,0
3122,0001E0C09,001E0C09,0
3123,3FF9C734F,FF9C734F,3
3124,3FFFA5ADF,FFFA5ADF,3
3125,3FF58C88F,FF58C88F,3
3126,3FFE66890,FFE66890,3
3127,3FF930FBB,FF930FBB,3
3128,000396255,00396255,0
3129,3FF7EEFC7,FF7EEFC7,3
3130,3FFF06139,FFF06139,3
3131,3FFCE1233,FFCE1233,3
3132,3FFABD713,FFABD713,3
3133,3FFEC1351,FFEC1351,3
3134,000383AC8,00383AC8,0
3135,3FFF06A18,FFF06A18,3
3136,0000374FE,000374FE,0
3137,00009AE56,0009AE56,0
3138,3FFFADCB7,FFFADCB7,3
3139,3FFF7C8F7,FFF7C8F7,3
3140,3FFFB9F14,FFFB9F14,3
3141,3FFF97368,FFF97368,3
3142,3FFC12CBA,FFC12CBA,3
3143,3FF84614D,FF84614D,3
3144,3FFD23F95,FFD23F95,3
3145,00021C182,0021C182,0
3146,000069E48,00069E48,0
3147,0004A5280,004A5280,0
3148,3FFDF7DE9,FFDF7DE9,3
3149,3FF3EAD92,FF3EAD92,3
3150,000176258,00176258,0
3151,3FFE7682F,FFE7682F,3
3152,00008F1D2,0008F1D2,0
3153,3FF9CBB8C,FF9CBB8C,3
3154,3FFBE1CE0,FFBE1CE0,3
3155,000370F0D,00370F0D,0
3156,00016357C,0016357C,0
3157,00093F1BF,0093F1BF,0
3158,000471B85,00471B85,0
3159,3FFE20F32,FFE20F32,3
3160,3FFB18D6A,FFB18D6A,3
3161,0001AEDAA,001AEDAA,0
3162,000E422EF,00E422EF,0
3163,000199512,00199512,0
3164,3FFE4DFEE,FFE4DFEE,3
3165,0002F2DC0,002F2DC0,0
3166,0004B204A,004B204A,0
3167,0002C902D,002C902D,0
3168,3FFBCC9C3,FFBCC9C3,3
3169,000199CE8,00199CE8,0
3170,0004ADC94,004ADC94,0
3171,000075F09,00075F09,0
3172,3FFFB10B7,FFFB10B7,3
3173,3FFB5E993,FFB5E993,3
3174,00013E1FD,0013E1FD,0
3175,3FFC1DFBD,FFC1DFBD,3
3176,00042D460,0042D460,0
3177,3FFE2E071,FFE2E071,3
3178,3FFB03A6C,FFB03A6C,3
3179,3FFECBE2F,FFECBE2F,3
3180,3FFFC591B,FFFC591B,3
3181,000393B45,00393B45,0
3182,000114E45,00114E45,0
3183,3FFE5074D,FFE5074D,3
3184,3FFACEFD1,FFACEFD1,3
3185,0001B53E2,001B53E2,0
3186,00029BA1B,0029BA1B,0
3187,3FFD8BFF4,FFD8BFF4,3
3188,3FF916791,FF916791,3
3189,00003C00A,0003C00A,0
3190,00035C5E1,0035C5E1,0
3191,3FFB76131,FFB76131,3
3192,000728265,00728265,0
3193,3FF8C5671,FF8C5671,3
3194,0004F90E5,004F90E5,0
3195,000036DE1,00036DE1,0
3196,3FF8B66D1,FF8B66D1,3
3197,3FFCAA60B,FFCAA60B,3
3198,0002188B4,002188B4,0
3199,000453B67,00453B67,0
3200,000053A06,00053A06,0
3201,3FFDB4BEF,FFDB4BEF,3
3202,0001A16DC,001A16DC,0
3203,000256902,00256902,0
3204,000426910,00426910,0
3205,000140199,00140199,0
3206,3FFAE538D,FFAE538D,3
3207,3FFCBDB13,FFCBDB13,3
3208,0001EFEB3,001EFEB3,0
3209,3FFD05FC6,FFD05FC6,3
3210,3FFB652CA,FFB652CA,3
3211,3FFD4CD69,FFD4CD69,3
3212,3FFBA6474,FFBA6474,3
3213,3FFBA4249,FFBA4249,3
3214,3FFD2E8ED,FFD2E8ED,3
3215,3FFC9A93C,FFC9A93C,3
3216,3FFCD91F7,FFCD91F7,3
3217,3FFEBD5D4,FFEBD5D4,3
3218,0003C0276,003C0276,0
3219,3FFE2880D,FFE2880D,3
3220,000169E82,00169E82,0
3221,00013CF41,0013CF41,0
3222,3FFD071CC,FFD071CC,3
3223,3FFF011D4,FFF011D4,3
3224,0007CB8FC,007CB8FC,0
3225,0002BAA2E,002BAA2E,0
3226,000149300,00149300,0
3227,000151D1F,00151D1F,0
3228,3FFEC897A,FFEC897A,3
3229,00031AD80,0031AD80,0
3230,0002457DD,002457DD,0
3231,3FFDD2B45,FFDD2B45,3
3232,3FFCD5426,FFCD5426,3
3233,000372861,00372861,0
3234,00007CB61,0007CB61,0
3235,3FFA39CB6,FFA39CB6,3
3236,3FF988000,FF988000,3
3237,3FFDEDBA8,FFDEDBA8,3
3238,0006538B7,006538B7,0
3239,00025DFF9,0025DFF9,0
3240,3FFE5F58E,FFE5F58E,3
3241,3FFD7A658,FFD7A658,3
3242,3FFE7EE37,FFE7EE37,3
3243,00009E7E4,0009E7E4,0
3244,00016CCBC,0016CCBC,0
3245,3FFF6D96A,FFF6D96A,3
3246,3FFFC6DDB,FFFC6DDB,3
3247,3FFA23248,FFA23248,3
3248,3FFF96C13,FFF96C13,3
3249,000567306,00567306,0
3250,3FFE6EAF7,FFE6EAF7,3
3251,000118CF2,00118CF2,0
3252,0007C4FCD,007C4FCD,0
3253,3FFC9B123,FFC9B123,3
3254,000316960,00316960,0
3255,00016A55E,0016A55E,0
3256,0008E1C87,008E1C87,0
3257,3FFD09CD0,FFD09CD0,3
3258,0002C0313,002C0313,0
3259,3FFF9BE1F,FFF9BE1F,3
3260,0000827BD,000827BD,0
3261,3FFC674DC,FFC674DC,3
3262,00091FE47,0091FE47,0
3263,3FFC36E5D,FFC36E5D,3
3264,0001F7484,001F7484,0
3265,0003E707E,003E707E,0
3266,3FFF8219D,FFF8219D,3
3267,00031F380,0031F380,0
3268,3FFE4CD42,FFE4CD42,3
3269,3FFDBF195,FFDBF195,3
3270,3FFF281B1,FFF281B1,3
3271,000229043,00229043,0
3272,3FFA6004A,FFA6004A,3
3273,3FFEA463C,FFEA463C,3
3274,000197288,00197288,0
3275,0006451D2,006451D2,0
3276,00047C842,0047C842,0
3277,3FFFD79CC,FFFD79CC,3
3278,00009400E,0009400E,0
3279,0000BD7C7,000BD7C7,0
3280,3FFFC4000,FFFC4000,3
3281,3FFF4B8BC,FFF4B8BC,3
3282,0002F49DF,002F49DF,0
3283,0004A28C7,004A28C7,0
3284,3FFDEBC3E,FFDEBC3E,3
3285,0000E39F1,000E39F1,0
3286,3FFB19015,FFB19015,3
3287,3FFE11457,FFE11457,3
3288,3FFF516BF,FFF516BF,3
3289,3FFF87EDB,FFF87EDB,3
3290,3FF954EC3,FF954EC3,3
3291,3FFF0BDFF,FFF0BDFF,3
3292,0006241F4,006241F4,0
3293,000043E96,00043E96,0
3294,3FFDE4C04,FFDE4C04,3
3295,3FFE60F97,FFE60F97,3
3296,0001B2EEF,001B2EEF,0
3297,0003C7EFA,003C7EFA,0
3298,00055B54B,0055B54B,0
3299,3FFFBD548,FFFBD548,3
3300,00011BBC8,0011BBC8,0
3301,3FF8933A3,FF8933A3,3
3302,3FFF7E0D1,FFF7E0D1,3
3303,0002CD82F,002CD82F,0
3304,0008FD85B,008FD85B,0
3305,00016F94A,0016F94A,0
3306,0000A84C8,000A84C8,0
3307,3FFC2DA89,FFC2DA89,3
3308,3FFC1FC4D,FFC1FC4D,3
3309,00034F3A8,0034F3A8,0
3310,3FFEE3730,FFEE3730,3
3311,3FFEE7610,FFEE7610,3
3312,00023984B,0023984B,0
3313,000096C29,00096C29,0
3314,3FFFADA6D,FFFADA6D,3
3315,3FFAE5BF7,FFAE5BF7,3
3316,3FF8F52CF,FF8F52CF,3
3317,3FFD38925,FFD38925,3
3318,0009B0E18,009B0E18,0
3319,0006F528A,006F528A,0
3320,00023A66C,0023A66C,0
3321,0000B236A,000B236A,0
3322,0000DF9C5,000DF9C5,0
3323,0000797D9,000797D9,0
3324,000086F02,00086F02,0
3325,00006E16A,0006E16A,0
3326,0003C21BE,003C21BE,0
3327,3FFCDC226,FFCDC226,3
3328,3FFD40A20,FFD40A20,3
3329,3FFC11CCF,FFC11CCF,3
3330,3FFECDACE,FFECDACE,3
3331,3FFCBCF1B,FFCBCF1B,3
3332,3FFB66464,FFB66464,3
3333,0005196AE,005196AE,0
3334,3FFF49EDC,FFF49EDC,3
3335,3FFBAD13E,FFBAD13E,3
3336,3FFD8F42B,FFD8F42B,3
3337,00010E4D1,0010E4D1,0
3338,00000057C,0000057C,0
3339,0006E337F,006E337F,0
3340,3FFCCA940,FFCCA940,3
3341,00046E4FF,0046E4FF,0
3342,3FFD5D992,FFD5D992,3
3343,3FFF714E5,FFF714E5,3
3344,3FFC620EB,FFC620EB,3
3345,3FFEEFF85,FFEEFF85,3
3346,00018A72B,0018A72B,0
3347,0001B9C7A,001B9C7A,0
3348,00036C05D,0036C05D,0
3349,000418372,00418372,0
3350,00003D6D2,0003D6D2,0
3351,00052975D,0052975D,0
3352,0004C7442,004C7442,0
3353,00018D1E1,0018D1E1,0
3354,0003F8767,003F8767,0
3355,3FFBAF686,FFBAF686,3
3356,3FFDF0795,FFDF0795,3
3357,00052E82A,0052E82A,0
3358,3FFEED39A,FFEED39A,3
3359,3FFBD3454,FFBD3454,3
3360,00020CAA8,0020CAA8,0
3361,0005D92AF,005D92AF,0
3362,000108BDC,00108BDC,0
3363,3FFF5B189,FFF5B189,3
3364,3FFDFF4FE,FFDFF4FE,3
3365,3FFBE64E1,FFBE64E1,3
3366,3FFC91FA4,FFC91FA4,3
3367,3FFF2D524,FFF2D524,3
3368,3FFFC4010,FFFC4010,3
3369,3FFE9D5F0,FFE9D5F0,3
3370,000248DF0,00248DF0,0
3371,000374257,00374257,0
3372,3FFDA6A94,FFDA6A94,3
3373,00018A64D,0018A64D,0
3374,0003F3A75,003F3A75,0
3375,00002568C,0002568C,0
3376,3FF81AC4F,FF81AC4F,3
3377,3FFF153C1,FFF153C1,3
3378,00000DC53,0000DC53,0
3379,00084B271,0084B271,0
3380,0004F5E47,004F5E47,0
3381,0001AB949,001AB949,0
3382,0002AD79B,002AD79B,0
3383,00039A7A7,0039A7A7,0
3384,0002A795B,002A795B,0
3385,3FFE6963A,FFE6963A,3
3386,0001A5B49,001A5B49,0
3387,3FFD9AEFA,FFD9AEFA,3
3388,00060A7A9,0060A7A9,0
3389,3FF886C3C,FF886C3C,3
3390,3FFF304E6,FFF304E6,3
3391,3FFC4B11B,FFC4B11B,3
3392,0004BDDBD,004BDDBD,0
3393,00009E662,0009E662,0
3394,3FFED6F79,FFED6F79,3
3395,3FFF90071,FFF90071,3
3396,3FFB36DA8,FFB36DA8,3
3397,0004912C2,004912C2,0
3398,3FFB85BB8,FFB85BB8,3
3399,000888BAF,00888BAF,0
3400,3FFC4102F,FFC4102F,3
3401,00058C1F0,0058C1F0,0
3402,00024E798,0024E798,0
3403,00064F807,0064F807,0
3404,0002A2B05,002A2B05,0
3405,3FFDAD1D0,FFDAD1D0,3
3406,3FFE83586,FFE83586,3
3407,3FFFD343A,FFFD343A,3
3408,00003DF9B,0003DF9B,0
3409,000460774,00460774,0
3410,3FFC4C0D4,FFC4C0D4,3
3411,3FFAA173A,FFAA173A,3
3412,3FFDFAA13,FFDFAA13,3
3413,0003B0932,003B0932,0
3414,00012E821,0012E821,0
3415,3FFEBD05E,FFEBD05E,3
3416,3FF918356,FF918356,3
3417,3FFE29FD8,FFE29FD8,3
3418,00059EC70,0059EC70,0
3419,3FFD6B4FA,FFD6B4FA,3
3420,3FFC75509,FFC75509,3
3421,000072681,00072681,0
3422,0002A6150,002A6150,0
3423,3FF8979F2,FF8979F2,3
3424,3FFC66F98,FFC66F98,3
3425,3FFD94034,FFD94034,3
3426,00014F233,0014F233,0
3427,000067AA2,00067AA2,0
3428,00057D03C,0057D03C,0
3429,3FFFBBAB5,FFFBBAB5,3
3430,000761AA7,00761AA7,0
3431,3FFC3784F,FFC3784F,3
3432,3FFDD8E14,FFDD8E14,3
3433,3FFE720E2,FFE720E2,3
3434,3FFC18160,FFC18160,3
3435,3FFE4121B,FFE4121B,3
3436,3FFA1023F,FFA1023F,3
3437,00038DF0C,0038DF0C,0
3438,00079A7C9,0079A7C9,0
3439,3FFFBF941,FFFBF941,3
3440,3FFE91980,FFE91980,3
3441,3FFEE02FC,FFEE02FC,3
3442,0000A7E6E,000A7E6E,0
3443,3FFB1DC0E,FFB1DC0E,3
3444,0000450C1,000450C1,0
3445,000098F7C,00098F7C,0
3446,3FFC69545,FFC69545,3
3447,0004A9D04,004A9D04,0
3448,3FFFDE679,FFFDE679,3
3449,000341946,00341946,0
3450,3FFCC13B2,FFCC13B2,3
3451,00058BBEA,0058BBEA,0
3452,3FFC4F39C,FFC4F39C,3
3453,3FF6D805B,FF6D805B,3
3454,00029805F,0029805F,0
3455,3FFE5BE43,FFE5BE43,3
3456,000000695,00000695,0
3457,0000C9C2F,000C9C2F,0
3458,3FFD49FA4,FFD49FA4,3
3459,3FFE01CEB,FFE01CEB,3
3460,00083B303,0083B303,0
3461,0001736F3,001736F3,0
3462,00000FDAE,0000FDAE,0
3463,0000F1EF8,000F1EF8,0
3464,3FFC1F4E7,FFC1F4E7,3
3465,3FFD2093B,FFD2093B,3
3466,0003D7112,003D7112,0
3467,3FFF14039,FFF14039,3
3468,3FFE3636B,FFE3636B,3
3469,3FFDEFFFA,FFDEFFFA,3
3470,3FFD0EE7A,FFD0EE7A,3
3471,3FFDA8C8E,FFDA8C8E,3
3472,0004615CF,004615CF,0
3473,000575E57,00575E57,0
3474,0002FD1C0,002FD1C0,0
3475,00002B6DB,0002B6DB,0
3476,0001F93BB,001F93BB,0
3477,000358568,00358568,0
3478,00002AAC3,0002AAC3,0
3479,3FFB8F620,FFB8F620,3
3480,000188CF9,00188CF9,0
3481,3FFA798C8,FFA798C8,3
3482,3FFEE6882,FFEE6882,3
3483,3FFF8877C,FFF8877C,3
3484,00006FF03,0006FF03,0
3485,0003A8598,003A8598,0
3486,0001C1A43,001C1A43,0
3487,0000C2105,000C2105,0
3488,00015061C,0015061C,0
3489,3FFE37BB5,FFE37BB5,3
3490,3FFB7ADEB,FFB7ADEB,3
3491,3FFF33B3D,FFF33B3D,3
3492,00015946C,0015946C,0
3493,0000A693C,000A693C,0
3494,000053755,00053755,0
3495,3FFE947CD,FFE947CD,3
3496,000103AF0,00103AF0,0
3497,3FFF8D686,FFF8D686,3
3498,0006A62EC,006A62EC,0
3499,3FFE0308F,FFE0308F,3
3500,00050D509,0050D509,0
3501,3FFD75D54,FFD75D54,3
3502,00084ED4C,0084ED4C,0
3503,0001BAC56,001BAC56,0
3504,3FFFF69E6,FFFF69E6,3
3505,000355F7C,00355F7C,0
3506,3FFED93AE,FFED93AE,3
3507,3FFF0AF72,FFF0AF72,3
3508,3FF9F1092,FF9F1092,3
3509,3FFEE60F2,FFEE60F2,3
3510,00018DAA3,0018DAA3,0
3511,00009AD87,0009AD87,0
3512,000453CA3,00453CA3,0
3513,000084411,00084411,0
3514,00038C16E,0038C16E,0
3515,0003D5D00,003D5D00,0
3516,3FFF5F86D,FFF5F86D,3
3517,0003A6D1F,003A6D1F,0
3518,00028418D,0028418D,0
3519,3FFB4D0BB,FFB4D0BB,3
3520,3FFA9DF90,FFA9DF90,3
3521,3FFBCA8DD,FFBCA8DD,3
3522,3FFE45B87,FFE45B87,3
3523,3FFE9DCBB,FFE9DCBB,3
3524,3FFB9627A,FFB9627A,3
3525,3FF8D2A0F,FF8D2A0F,3
3526,0002FDD0E,002FDD0E,0
3527,3FFB645CB,FFB645CB,3
3528,3FFEEAF68,FFEEAF68,3
3529,3FFF4E7E5,FFF4E7E5,3
3530,000208092,00208092,0
3531,0000C54C7,000C54C7,0
3532,3FFECFBA7,FFECFBA7,3
3533,3FF9FC4CF,FF9FC4CF,3
3534,000042DAA,00042DAA,0
3535,00004944A,0004944A,0
3536,3FF89E5D2,FF89E5D2,3
3537,0000E6DCE,000E6DCE,0
3538,3FFACFDF8,FFACFDF8,3
3539,3FFF2A44B,FFF2A44B,3
3540,3FFD3DB82,FFD3DB82,3
3541,00048CA81,0048CA81,0
3542,3FFB46FB7,FFB46FB7,3
3543,0002ADDBA,002ADDBA,0
3544,00045147D,0045147D,0
3545,3FFDB7835,FFDB7835,3
3546,000094C38,00094C38,0
3547,3FFEF336A,FFEF336A,3
3548,3FFF19354,FFF19354,3
3549,0007C383C,007C383C,0
3550,0005E9DC7,005E9DC7,0
3551,0003D1752,003D1752,0
3552,00027C326,0027C326,0
3553,0005583BA,005583BA,0
3554,0001E3BEF,001E3BEF,0
3555,00044DDCE,0044DDCE,0
3556,3FFE4F670,FFE4F670,3
3557,0005FC37F,005FC37F,0
3558,0000F1505,000F1505,0
3559,3FFF436FF,FFF436FF,3
3560,0006F888C,006F888C,0
3561,0001CAFAA,001CAFAA,0
3562,3FFF40F2A,FFF40F2A,3
3563,3FFC7543F,FFC7543F,3
3564,3FFCA0BAC,FFCA0BAC,3
3565,00018CA84,0018CA84,0
3566,3FFE60CA6,FFE60CA6,3
3567,3FFE580B9,FFE580B9,3
3568,3FFD680E3,FFD680E3,3
3569,3FFB7B50C,FFB7B50C,3
3570,3FF74B54C,FF74B54C,3
3571,000319BA6,00319BA6,0
3572,3FFEB843B,FFEB843B,3
3573,3FFA5D96A,FFA5D96A,3
3574,3FFD58DBB,FFD58DBB,3
3575,3FFA177B5,FFA177B5,3
3576,000536895,00536895,0
3577,3FFDEF637,FFDEF637,3
3578,0006B5887,006B5887,0
3579,0003C9DFF,003C9DFF,0
3580,3FFEE01B3,FFEE01B3,3
3581,3FFBCF111,FFBCF111,3
3582,3FFF3E371,FFF3E371,3
3583,000117EA1,00117EA1,0
3584,0001663B6,001663B6,0
3585,3FFEE0CB0,FFEE0CB0,3
3586,3FFBF611F,FFBF611F,3
3587,00041F49E,0041F49E,0
3588,000204DF9,00204DF9,0
3589,3FFC201E0,FFC201E0,3
3590,3FFF3E03C,FFF3E03C,3
3591,3FFFABC0C,FFFABC0C,3
3592,3FFC08C29,FFC08C29,3
3593,3FFAF3EB5,FFAF3EB5,3
3594,0005AF211,005AF211,0
3595,3FFFE953D,FFFE953D,3
3596,3FFFE167C,FFFE167C,3
3597,3FFB86075,FFB86075,3
3598,3FFF877BB,FFF877BB,3
3599,3FFDB06C4,FFDB06C4,3
3600,00014E4CC,0014E4CC,0
3601,0003DFF19,003DFF19,0
3602,3FFA13255,FFA13255,3
3603,000793A9B,00793A9B,0
3604,0006D0A7F,006D0A7F,0
3605,000417A5E,00417A5E,0
3606,3FFCBF5CA,FFCBF5CA,3
3607,0001B7DBD,001B7DBD,0
3608,00011F477,0011F477,0
3609,3FFBBE221,FFBBE221,3
3610,3FFD6953E,FFD6953E,3
3611,0007CDF1B,007CDF1B,0
3612,0006836D7,006836D7,0
3613,00077C01D,0077C01D,0
3614,3FFB24232,FFB24232,3
3615,3FF61B3EE,FF61B3EE,3
3616,3FF945887,FF945887,3
3617,3FFC99F98,FFC99F98,3
3618,00037CEC9,0037CEC9,0
3619,3FFA90AED,FFA90AED,3
3620,00050F261,0050F261,0
3621,3FFE02A69,FFE02A69,3
3622,00006B84B,0006B84B,0
3623,3FFC018D3,FFC018D3,3
3624,0000A0E3E,000A0E3E,0
3625,0005111C7,005111C7,0
3626,3FFE24FAE,FFE24FAE,3
3627,3FFCABAAF,FFCABAAF,3
3628,3FFFA9232,FFFA9232,3
3629,3FFEDB868,FFEDB868,3
3630,00052E8AD,0052E8AD,0
3631,00031CEC3,0031CEC3,0
3632,0003BC125,003BC125,0
3633,00041E7C5,0041E7C5,0
3634,3FFB412CA,FFB412CA,3
3635,0001D710B,001D710B,0
3636,0003A96C9,003A96C9,0
3637,00039FE2E,0039FE2E,0
3638,000320F6C,00320F6C,0
3639,3FFFEB504,FFFEB504,3
3640,3FFB45EC4,FFB45EC4,3
3641,00046B4D5,0046B4D5,0
3642,0003499DC,003499DC,0
3643,3FF8A20B3,FF8A20B3,3
3644,000550714,00550714,0
3645,0000FD5C2,000FD5C2,0
3646,000501B24,00501B24,0
3647,3FFC2977C,FFC2977C,3
3648,3FFBDA53E,FFBDA53E,3
3649,000709CA7,00709CA7,0
3650,0000E7E53,000E7E53,0
3651,00020259E,0020259E,0
3652,3FFF2D016,FFF2D016,3
3653,3FFC8D639,FFC8D639,3
3654,00029FB33,0029FB33,0
3655,00000DF47,0000DF47,0
3656,3FFC46324,FFC46324,3
3657,3FFC0EDF8,FFC0EDF8,3
3658,3FFD8A201,FFD8A201,3
3659,3FFE0BAD7,FFE0BAD7,3
3660,3FFBD2FE4,FFBD2FE4,3
3661,3FF8C3FCC,FF8C3FCC,3
3662,00034E1A7,0034E1A7,0
3663,00044061A,0044061A,0
3664,3FFEF66F4,FFEF66F4,3
3665,3FFF24DB6,FFF24DB6,3
3666,3FFF19148,FFF19148,3
3667,00040995B,0040995B,0
3668,3FF74D1CC,FF74D1CC,3
3669,3FFE86329,FFE86329,3
3670,3FFD99854,FFD99854,3
3671,3FFE0EFCC,FFE0EFCC,3
3672,00022C45E,0022C45E,0
3673,0000F5BD8,000F5BD8,0
3674,3FFD7E8B3,FFD7E8B3,3
3675,00006BF8C,0006BF8C,0
3676,3FFEAF508,FFEAF508,3
3677,00026EB52,0026EB52,0
3678,3FFAC4267,FFAC4267,3
3679,3FFCEA449,FFCEA449,3
3680,00019CD90,0019CD90,0
3681,0004ED0E0,004ED0E0,0
3682,0006BDEE7,006BDEE7,0
3683,0002CD342,002CD342,0
3684,3FFB8EB06,FFB8EB06,3
3685,3FFC9E4D6,FFC9E4D6,3
3686,3FFA6B6AB,FFA6B6AB,3
3687,00027D31E,0027D31E,0
3688,3FFD26F31,FFD26F31,3
3689,3FFF65E68,FFF65E68,3
3690,3FFC156E0,FFC156E0,3
3691,00005155E,0005155E,0
3692,3FFF25B18,FFF25B18,3
3693,3FFCCCFC3,FFCCCFC3,3
3694,00003B230,0003B230,0
3695,3FFEB5D86,FFEB5D86,3
3696,3FFE00E38,FFE00E38,3
3697,3FFE357C8,FFE357C8,3
3698,3FFB2A012,FFB2A012,3
3699,3FFDA1E5E,FFDA1E5E,3
3700,3FFF5EDF2,FFF5EDF2,3
3701,3FFE841C5,FFE841C5,3
3702,3FFECB5B0,FFECB5B0,3
3703,00013537D,0013537D,0
3704,3FFF93069,FFF93069,3
3705,3FFFD859A,FFFD859A,3
3706,0001A4C00,001A4C00,0
3707,0004FF0E2,004FF0E2,0
3708,0001F2754,001F2754,0
3709,3FFC437C7,FFC437C7,3
3710,000465F45,00465F45,0
3711,3FFB7C700,FFB7C700,3
3712,0003C71C5,003C71C5,0
3713,3FFCD0438,FFCD0438,3
3714,00027B060,0027B060,0
3715,3FFF53FAE,FFF53FAE,3
3716,3FFD7FD46,FFD7FD46,3
3717,0002A4496,002A4496,0
3718,3FFCD7DD8,FFCD7DD8,3
3719,0001BDE9F,001BDE9F,0
3720,0009ACBF6,009ACBF6,0
3721,0003FEA8D,003FEA8D,0
3722,00002B21D,0002B21D,0
3723,3FFD5D1FC,FFD5D1FC,3
3724,0006F0C9F,006F0C9F,0
3725,000378DC4,00378DC4,0
3726,00032946E,0032946E,0
3727,3FFEEE0AB,FFEEE0AB,3
3728,0002F19C3,002F19C3,0
3729,3FFBD94E0,FFBD94E0,3
3730,3FFDAB320,FFDAB320,3
3731,0003E6139,003E6139,0
3732,000377987,00377987,0
3733,3FFE7ED3F,FFE7ED3F,3
3734,3FF9856A9,FF9856A9,3
3735,0003CB1D4,003CB1D4,0
3736,3FFEDED9E,FFEDED9E,3
3737,3FFD70BD2,FFD70BD2,3
3738,3FFC6D75E,FFC6D75E,3
3739,000281EBE,00281EBE,0
3740,3FFC583F3,FFC583F3,3
3741,3FFCA6842,FFCA6842,3
3742,0004D5325,004D5325,0
3743,3FFE9AA9A,FFE9AA9A,3
3744,3FF9C7C6F,FF9C7C6F,3
3745,0001CF6F0,001CF6F0,0
3746,000508413,00508413,0
3747,3FFDBB2B9,FFDBB2B9,3
3748,0001ED5B0,001ED5B0,0
3749,3FFB84CEC,FFB84CEC,3
3750,3FFFEF67D,FFFEF67D,3
3751,3FFB99501,FFB99501,3
3752,3FF7667CA,FF7667CA,3
3753,000146334,00146334,0
3754,3FFB56E9C,FFB56E9C,3
3755,000149AE2,00149AE2,0
3756,0000134B7,000134B7,0
3757,3FF573DEA,FF573DEA,3
3758,3FFB6FB7D,FFB6FB7D,3
3759,000191608,00191608,0
3760,00035132D,0035132D,0
3761,3FFE65BF8,FFE65BF8,3
3762,3FFF5F8E5,FFF5F8E5,3
3763,0001A7958,001A7958,0
3764,3FFF5629E,FFF5629E,3
3765,00005F05D,0005F05D,0
3766,3FFC87C7F,FFC87C7F,3
3767,3FFD3DDCE,FFD3DDCE,3
3768,3FFF98571,FFF98571,3
3769,3FFF3BBBA,FFF3BBBA,3
3770,3FF4A81E5,FF4A81E5,3
3771,3FFD6D49E,FFD6D49E,3
3772,000114251,00114251,0
3773,00021C911,0021C911,0
3774,3FF58C461,FF58C461,3
3775,3FFED92C1,FFED92C1,3
3776,3FFF3C8A7,FFF3C8A7,3
3777,0002E0B9D,002E0B9D,0
3778,0004C0D0B,004C0D0B,0
3779,3FFFB7F70,FFFB7F70,3
3780,0003E2037,003E2037,0
3781,3FF9FD3C3,FF9FD3C3,3
3782,00046D189,0046D189,0
3783,00010005C,0010005C,0
3784,3FFD10DC8,FFD10DC8,3
3785,0004D5FCF,004D5FCF,0
3786,3FFEED7A5,FFEED7A5,3
3787,3FFBE7FD8,FFBE7FD8,3
3788,00054CC88,0054CC88,0
3789,0002FBBD2,002FBBD2,0
3790,00053BA13,0053BA13,0
3791,3FF6B5209,FF6B5209,3
3792,3FF67B8FC,FF67B8FC,3
3793,3FFED0385,FFED0385,3
3794,0007AB29A,007AB29A,0
3795,3FFF7DB1F,FFF7DB1F,3
3796,3FFE944E7,FFE944E7,3
3797,000285F77,00285F77,0
3798,0001BA811,001BA811,0
3799,3FFD843C0,FFD843C0,3
3800,3FFC48F18,FFC48F18,3
3801,0003C1D09,003C1D09,0
3802,3FFD1D70E,FFD1D70E,3
3803,3FFE7B048,FFE7B048,3
3804,00045447E,0045447E,0
3805,0005B8C61,005B8C61,0
3806,3FF8DF411,FF8DF411,3
3807,0005ABBED,005ABBED,0
3808,3FFE7FCCC,FFE7FCCC,3
3809,3FFE659C8,FFE659C8,3
3810,00022C19B,0022C19B,0
3811,0005746D9,005746D9,0
3812,000081F22,00081F22,0
3813,0002060CC,002060CC,0
3814,3FFD8B5E3,FFD8B5E3,3
3815,3FFC74911,FFC74911,3
3816,000125FBD,00125FBD,0
3817,3FFE4C5CD,FFE4C5CD,3
3818,000441808,00441808,0
3819,0009941A6,009941A6,0
3820,3FFD8C74D,FFD8C74D,3
3821,3FF9B403B,FF9B403B,3
3822,0002E27BC,002E27BC,0
3823,000052C9A,00052C9A,0
3824,0001A6EEF,001A6EEF,0
3825,00048DD67,0048DD67,0
3826,3FF9355D4,FF9355D4,3
3827,00036EEB0,0036EEB0,0
3828,3FFCA2031,FFCA2031,3
3829,0005C4561,005C4561,0
3830,3FFDEA8DC,FFDEA8DC,3
3831,3FFD357E5,FFD357E5,3
3832,00024204D,0024204D,0
3833,00027AEBE,0027AEBE,0
3834,3FFBD5D64,FFBD5D64,3
3835,00000BEBF,0000BEBF,0
3836,00013BC58,0013BC58,0
3837,3FFED2679,FFED2679,3
3838,3FFB74C7F,FFB74C7F,3
3839,000281757,00281757,0
3840,0004A0FAE,004A0FAE,0
3841,3FF8FC2B7,FF8FC2B7,3
3842,0007E6E51,007E6E51,0
3843,3FF85AAD8,FF85AAD8,3
3844,3FFAB5D29,FFAB5D29,3
3845,3FFEF0BF0,FFEF0BF0,3
3846,3FFE13F8F,FFE13F8F,3
3847,00026D17B,0026D17B,0
3848,0002B535B,002B535B,0
3849,3FFD36333,FFD36333,3
3850,0000363E9,000363E9,0
3851,0007BDC24,007BDC24,0
3852,3FFFB4869,FFFB4869,3
3853,3FFF42A2C,FFF42A2C,3
3854,0007D62BD,007D62BD,0
3855,0001C40A2,001C40A2,0
3856,3FFE450B6,FFE450B6,3
3857,3FF9488AE,FF9488AE,3
3858,3FFFD9957,FFFD9957,3
3859,3FFBCCA2C,FFBCCA2C,3
3860,0007F8E43,007F8E43,0
3861,00038DEA8,0038DEA8,0
3862,00066A110,0066A110,0
3863,3FFFB4563,FFFB4563,3
3864,3FFF6E7E7,FFF6E7E7,3
3865,00006A7C0,0006A7C0,0
3866,3FF9A8527,FF9A8527,3
3867,0007E35C1,007E35C1,0
3868,0001EE931,001EE931,0
3869,0007618B5,007618B5,0
3870,3FFEE50D9,FFEE50D9,3
3871,0000C25F4,000C25F4,0
3872,3FFE7C3DD,FFE7C3DD,3
3873,00028558E,0028558E,0
3874,00043DA60,0043DA60,0
3875,000700B9D,00700B9D,0
3876,3FFC5A0BA,FFC5A0BA,3
3877,0000CC4A1,000CC4A1,0
3878,3FFF9F6EE,FFF9F6EE,3
3879,0001D0118,001D0118,0
3880,0000BFF29,000BFF29,0
3881,3FFF53363,FFF53363,3
3882,0002560BC,002560BC,0
3883,3FFD243F2,FFD243F2,3
3884,0002D00CF,002D00CF,0
3885,00056129E,0056129E,0
3886,0005B049A,005B049A,0
3887,0002CCC4E,002CCC4E,0
3888,000053401,00053401,0
3889,0004DC229,004DC229,0
3890,3FFDCEB47,FFDCEB47,3
3891,3FFE2CF34,FFE2CF34,3
3892,3FFD23605,FFD23605,3
3893,3FFF55743,FFF55743,3
3894,00067378A,0067378A,0
3895,00058F65F,0058F65F,0
3896,3FF8D22AF,FF8D22AF,3
3897,3FFBECEAE,FFBECEAE,3
3898,00053DC35,0053DC35,0
3899,3FFAAA0B9,FFAAA0B9,3
3900,3FFFFBFB2,FFFFBFB2,3
3901,000B08F87,00B08F87,0
3902,0001F1C92,001F1C92,0
3903,0004BA588,004BA588,0
3904,3FFFB7A00,FFFB7A00,3
3905,3FF85604F,FF85604F,3
3906,3FFD30F19,FFD30F19,3
3907,3FFE630AF,FFE630AF,3
3908,3FFEAF812,FFEAF812,3
3909,00033DF85,0033DF85,0
3910,0002FF045,002FF045,0
3911,3FFC716EF,FFC716EF,3
3912,00074C1B3,0074C1B3,0
3913,3FFD57BEA,FFD57BEA,3
3914,3FFF88DB6,FFF88DB6,3
3915,3FFE61DD0,FFE61DD0,3
3916,3FFBF9369,FFBF9369,3
3917,000662F30,00662F30,0
3918,000017BFE,00017BFE,0
3919,3FFF7BC0A,FFF7BC0A,3
3920,3FFF3148D,FFF3148D,3
3921,0000CB72A,000CB72A,0
3922,3FFF98D4F,FFF98D4F,3
3923,000174804,00174804,0
3924,0005EDCB7,005EDCB7,0
3925,3FF9790C2,FF9790C2,3
3926,3FFD8FA58,FFD8FA58,3
3927,0000782A1,000782A1,0
3928,0000CBA5A,000CBA5A,0
3929,00011DC63,0011DC63,0
3930,3FFC04046,FFC04046,3
3931,3FFE9A127,FFE9A127,3
3932,3FFC8A472,FFC8A472,3
3933,00035422E,0035422E,0
3934,3FFF38781,FFF38781,3
3935,3FFFBA94A,FFFBA94A,3
3936,000649711,00649711,0
3937,0001A1F77,001A1F77,0
3938,3FFF50E11,FFF50E11,3
3939,3FFDBF06F,FFDBF06F,3
3940,3FFBE18EC,FFBE18EC,3
3941,00028ABD8,0028ABD8,0
3942,3FFFEE6A3,FFFEE6A3,3
3943,0001901DC,001901DC,0
3944,0002B903E,002B903E,0
3945,000040E9C,00040E9C,0
3946,000779730,00779730,0
3947,0001D7FBF,001D7FBF,0
3948,00017C531,0017C531,0
3949,00017A6AD,0017A6AD,0
3950,0007CBB6F,007CBB6F,0
3951,3FFC6F24B,FFC6F24B,3
3952,3FFE2C60B,FFE2C60B,3
3953,00061B88C,0061B88C,0
3954,3FFDB4E2B,FFDB4E2B,3
3955,3FFF4848E,FFF4848E,3
3956,0002524EC,002524EC,0
3957,000224998,00224998,0
3958,3FFFC6B4F,FFFC6B4F,3
3959,3FFACC402,FFACC402,3
3960,0000CCECD,000CCECD,0
3961,0002F8E5D,002F8E5D,0
3962,0000BBD40,000BBD40,0
3963,3FFAD0845,FFAD0845,3
3964,3FFD2E13F,FFD2E13F,3
3965,3FFE49FEE,FFE49FEE,3
3966,3FFA9D872,FFA9D872,3
3967,3FFCB18BB,FFCB18BB,3
3968,00090E544,0090E544,0
3969,3FFC8F810,FFC8F810,3
3970,000313BF3,00313BF3,0
3971,0003C78D5,003C78D5,0
3972,0000B8C93,000B8C93,0
3973,00025202E,0025202E,0
3974,00001ED67,0001ED67,0
3975,000380B21,00380B21,0
3976,3FFF310B3,FFF310B3,3
3977,000347728,00347728,0
3978,3FFEF935A,FFEF935A,3
3979,3FFCE0A52,FFCE0A52,3
3980,000029D4A,00029D4A,0
3981,3FF9AC208,FF9AC208,3
3982,0000C3E15,000C3E15,0
3983,0008BF214,008BF214,0
3984,3FFD3D9B8,FFD3D9B8,3
3985,3FFDBE9D2,FFDBE9D2,3
3986,3FF64171F,FF64171F,3
3987,000236B04,00236B04,0
3988,000676381,00676381,0
3989,3FFB03ED5,FFB03ED5,3
3990,3FFB326D5,FFB326D5,3
3991,0002743F0,002743F0,0
3992,3FFD8EA87,FFD8EA87,3
3993,3FFF7EB55,FFF7EB55,3
3994,3FFDA52BD,FFDA52BD,3
3995,3FFFA223B,FFFA223B,3
3996,3FFF1C505,FFF1C505,3
3997,0006E47CC,006E47CC,0
3998,3FFE79036,FFE79036,3
3999,00058E947,0058E947,0
4000,3FFEB7886,FFEB7886,3
4001,3FFC8D218,FFC8D218,3
4002,3FFEB3756,FFEB3756,3
4003,0005D6364,005D6364,0
4004,3FFB0DE06,FFB0DE06,3
4005,0005750DB,005750DB,0
4006,0001A9D5E,001A9D5E,0
4007,3FFD08D0B,FFD08D0B,3
4008,00052FCF4,0052FCF4,0
4009,3FFD2D716,FFD2D716,3
4010,3FF9557AD,FF9557AD,3
4011,0007FD4E5,007FD4E5,0
4012,000665CD8,00665CD8,0
4013,3FFB02FEF,FFB02FEF,3
4014,3FFF0A3F6,FFF0A3F6,3
4015,3FFE9FB89,FFE9FB89,3
4016,0004821A7,004821A7,0
4017,3FFD4B871,FFD4B871,3
4018,3FFCA297E,FFCA297E,3
4019,3FFF62D86,FFF62D86,3
4020,0006BF722,006BF722,0
4021,3FF9777BA,FF9777BA,3
4022,0001A9F15,001A9F15,0
4023,3FFCB4C30,FFCB4C30,3
4024,00000001A,0000001A,0
4025,00066986C,0066986C,0
4026,0002BC481,002BC481,0
4027,000247188,00247188,0
4028,00012E4C5,0012E4C5,0
4029,0003CC0C7,003CC0C7,0
4030,0006E23A7,006E23A7,0
4031,3FFE96C1C,FFE96C1C,3
4032,000101FB9,00101FB9,0
4033,3FFBAAB8B,FFBAAB8B,3
4034,000219BC2,00219BC2,0
4035,3FFF70EE3,FFF70EE3,3
4036,3FFEF99B5,FFEF99B5,3
4037,000267CA3,00267CA3,0
4038,0001008B4,001008B4,0
4039,3FFF5FE83,FFF5FE83,3
4040,3FFE67C47,FFE67C47,3
4041,3FFE35E41,FFE35E41,3
4042,3FF7588D9,FF7588D9,3
4043,3FFAC421A,FFAC421A,3
4044,3FF9F04F4,FF9F04F4,3
4045,3FFD3C087,FFD3C087,3
4046,3FFD5838F,FFD5838F,3
4047,0001BA25E,001BA25E,0
4048,3FF7CA918,FF7CA918,3
4049,0002DA486,002DA486,0
4050,3FFE3DF41,FFE3DF41,3
4051,3FFD80502,FFD80502,3
4052,00023F56A,0023F56A,0
4053,3FFF34133,FFF34133,3
4054,000021907,00021907,0
4055,0004E755B,004E755B,0
4056,0002EC739,002EC739,0
4057,0000958DE,000958DE,0
4058,000BB184F,00BB184F,0
4059,00012553F,0012553F,0
4060,00005D8E1,0005D8E1,0
4061,3FFE7CC0F,FFE7CC0F,3
4062,0000C62AF,000C62AF,0
4063,3FFCDC146,FFCDC146,3
4064,000150C01,00150C01,0
4065,00007D290,0007D290,0
4066,0006BA1AA,006BA1AA,0
4067,000064B1A,00064B1A,0
4068,3FFEB10C8,FFEB10C8,3
4069,0005432BC,005432BC,0
4070,3FFEDC05C,FFEDC05C,3
4071,0003837D5,003837D5,0
4072,000123987,00123987,0
4073,3FFCBE1E1,FFCBE1E1,3
4074,3FFC6B5CB,FFC6B5CB,3
4075,3FF828CCE,FF828CCE,3
4076,00022FFB0,0022FFB0,0
4077,00063B30C,0063B30C,0
4078,000779A68,00779A68,0
4079,0000822AE,000822AE,0
4080,3FFDD269D,FFDD269D,3
4081,00018759B,0018759B,0
4082,3FFE312D6,FFE312D6,3
4083,3FFAC01CE,FFAC01CE,3
4084,3FFE52283,FFE52283,3
4085,3FFFAD4CF,FFFAD4CF,3
4086,0002B68FD,002B68FD,0
4087,000048D27,00048D27,0
4088,00026D342,0026D342,0
4089,3FFE4CF9F,FFE4CF9F,3
4090,00007B509,0007B509,0
4091,00033EA7F,0033EA7F,0
4092,3FFEEE04C,FFEEE04C,3
4093,000172312,00172312,0
4094,3FFEE0265,FFEE0265,3
4095,00045285E,0045285E,0
4096,0000F841F,000F841F,0
4097,3FF535711,FF535711,3
4098,0000918F4,000918F4,0
4099,000A0E861,00A0E861,0
4100,3FFFAC4C8,FFFAC4C8,3
4101,00090BE3C,0090BE3C,0
4102,0007B0517,007B0517,0
4103,3FF9B2C7A,FF9B2C7A,3
4104,00038AB5B,0038AB5B,0
4105,3FFE12394,FFE12394,3
4106,00001E04F,0001E04F,0
4107,3FF733793,FF733793,3
4108,3FFCC5808,FFCC5808,3
4109,3FFF2A438,FFF2A438,3
4110,0002D4A39,002D4A39,0
4111,000536D51,00536D51,0
4112,3FFF2764C,FFF2764C,3
4113,00025B96A,0025B96A,0
4114,3FFCB6812,FFCB6812,3
4115,00031821F,0031821F,0
4116,000019D8D,00019D8D,0
4117,00033DD00,0033DD00,0
4118,3FFABF777,FFABF777,3
4119,3FFFEEAD7,FFFEEAD7,3
4120,3FFB00496,FFB00496,3
4121,3FFC9F921,FFC9F921,3
4122,3FFB8701E,FFB8701E,3
4123,3FFEF5411,FFEF5411,3
4124,3FFD46403,FFD46403,3
4125,3FFEDED80,FFEDED80,3
4126,0000CF7E9,000CF7E9,0
4127,00031A45F,0031A45F,0
4128,00054FE63,0054FE63,0
4129,3FFD875D8,FFD875D8,3
4130,3FFCC63CA,FFCC63CA,3
4131,00061D60F,0061D60F,0
4132,3FFCDA598,FFCDA598,3
4133,3FF8F7970,FF8F7970,3
4134,3FF3F4F6C,FF3F4F6C,3
4135,3FFC51DE1,FFC51DE1,3
4136,3FFA7DDC8,FFA7DDC8,3
4137,3FFE7167D,FFE7167D,3
4138,0003CFEEC,003CFEEC,0
4139,3FFC4C3CB,FFC4C3CB,3
4140,000092DA5,00092DA5,0
4141,00003C62D,0003C62D,0
4142,00036EEBB,0036EEBB,0
4143,0001E3F29,001E3F29,0
4144,0002D9F62,002D9F62,0
4145,000A31A20,00A31A20,0
4146,000915F6E,00915F6E,0
4147,0002D238A,002D238A,0
4148,000387DC0,00387DC0,0
4149,3FFFBA124,FFFBA124,3
4150,3FF8DF669,FF8DF669,3
4151,0004C8DCD,004C8DCD,0
4152,00026290E,0026290E,0
4153,00025CE4D,0025CE4D,0
4154,3FFAC056E,FFAC056E,3
4155,3FFCDB567,FFCDB567,3
4156,3FFC0439E,FFC0439E,3
4157,3FFCBAA42,FFCBAA42,3
4158,0000D2AC5,000D2AC5,0
4159,00074667F,0074667F,0
4160,000202CBF,00202CBF,0
4161,0000D0BCD,000D0BCD,0
4162,00006D046,0006D046,0
4163,3FFB5822E,FFB5822E,3
4164,000303E7A,00303E7A,0
4165,3FFD3BA9B,FFD3BA9B,3
4166,00004DB53,0004DB53,0
4167,3FFD57B56,FFD57B56,3
4168,3FFE94783,FFE94783,3
4169,3FFDCC2EA,FFDCC2EA,3
4170,0000AFF07,000AFF07,0
4171,0000C9103,000C9103,0
4172,3FFF98ACB,FFF98ACB,3
4173,3FFE37C5E,FFE37C5E,3
4174,0002637C6,002637C6,0
4175,3FFE92320,FFE92320,3
4176,3FFD801E9,FFD801E9,3
4177,3FFD2451C,FFD2451C,3
4178,0001E179D,001E179D,0
4179,00043E3FC,0043E3FC,0
4180,0002E9140,002E9140,0
4181,3FFB15C26,FFB15C26,3
4182,000066CDD,00066CDD,0
4183,0003105CC,003105CC,0
4184,3FFD4FF00,FFD4FF00,3
4185,0000F8C5A,000F8C5A,0
4186,3FFFB6252,FFFB6252,3
4187,3FFD96671,FFD96671,3
4188,3FFFEF6B2,FFFEF6B2,3
4189,0001DA19E,001DA19E,0
4190,3FFEC4594,FFEC4594,3
4191,0003685D2,003685D2,0
4192,0000827A4,000827A4,0
4193,3FFD1C979,FFD1C979,3
4194,0006C6A03,006C6A03,0
4195,3FFF86173,FFF86173,3
4196,000116ED4,00116ED4,0
4197,3FF8EC495,FF8EC495,3
4198,3FF8E0430,FF8E0430,3
4199,0002931E6,002931E6,0
4200,3FFD1828E,FFD1828E,3
4201,000380CF4,00380CF4,0
4202,0000C701E,000C701E,0
4203,0007A7AF6,007A7AF6,0
4204,000341DF8,00341DF8,0
4205,000188124,00188124,0
4206,000421177,00421177,0
4207,0002FE27C,002FE27C,0
4208,00031181E,0031181E,0
4209,3FF85E2FF,FF85E2FF,3
4210,0002B0ADD,002B0ADD,0
4211,3FFBA3E07,FFBA3E07,3
4212,00014C1AA,0014C1AA,0
4213,3FFA9C1B2,FFA9C1B2,3
4214,000985C04,00985C04,0
4215,0005EFC9E,005EFC9E,0
4216,3FFFC35B2,FFFC35B2,3
4217,0000588C3,000588C3,0
4218,3FFC00288,FFC00288,3
4219,3FFC7C65D,FFC7C65D,3
4220,3FFDB5368,FFDB5368,3
4221,3FFEAC000,FFEAC000,3
4222,3FFD5325D,FFD5325D,3
4223,00080D5C3,0080D5C3,0
4224,3FFB5514A,FFB5514A,3
4225,00036EBB2,0036EBB2,0
4226,3FFE8E84D,FFE8E84D,3
4227,3FFD09E1C,FFD09E1C,3
4228,3FFE80084,FFE80084,3
4229,3FFF39081,FFF39081,3
4230,00034236E,0034236E,0
4231,3FFF24372,FFF24372,3
4232,3FFCB6F3F,FFCB6F3F,3
4233,000067A3D,00067A3D,0
4234,0001E60FB,001E60FB,0
4235,3FFF91D80,FFF91D80,3
4236,3FFD6A3E9,FFD6A3E9,3
4237,3FFDDC91E,FFDDC91E,3
4238,00026FF05,0026FF05,0
4239,00092C631,0092C631,0
4240,3FFC9DAAD,FFC9DAAD,3
4241,0005B7E2D,005B7E2D,0
4242,3FFC8B905,FFC8B905,3
4243,0001062DC,001062DC,0
4244,3FFEE9566,FFEE9566,3
4245,3FFC6A017,FFC6A017,3
4246,00028FCFE,0028FCFE,0
4247,3FFF35981,FFF35981,3
4248,3FFB97492,FFB97492,3
4249,00016C2A5,0016C2A5,0
4250,0000962E9,000962E9,0
4251,3FFF47B2E,FFF47B2E,3
4252,3FFAE183D,FFAE183D,3
4253,000027AA9,00027AA9,0
4254,3FFD103D5,FFD103D5,3
4255,0005FACF4,005FACF4,0
4256,3FFF57549,FFF57549,3
4257,3FFFF8F99,FFFF8F99,3
4258,0000D0A98,000D0A98,0
4259,3FFD202CC,FFD202CC,3
4260,0004AEBD7,004AEBD7,0
4261,000739833,00739833,0
4262,00058B6BA,0058B6BA,0
4263,3FFD046D9,FFD046D9,3
4264,000B0D173,00B0D173,0
4265,3FFB84CF6,FFB84CF6,3
4266,00029212F,0029212F,0
4267,3FFE51740,FFE51740,3
4268,000207F9A,00207F9A,0
4269,3FFB7A0C4,FFB7A0C4,3
4270,3FFDBCA5C,FFDBCA5C,3
4271,00038A27C,0038A27C,0
4272,00090D9A2,0090D9A2,0
4273,3FFA6D726,FFA6D726,3
4274,3FFCDBF4B,FFCDBF4B,3
4275,3FFF9E1D8,FFF9E1D8,3
4276,0000E4615,000E4615,0
4277,0001547E7,001547E7,0
4278,3FF91AD51,FF91AD51,3
4279,0000756D4,000756D4,0
4280,3FFEEE841,FFEEE841,3
4281,0002D8A6F,002D8A6F,0
4282,000614579,00614579,0
4283,3FFF78856,FFF78856,3
4284,3FFED2C75,FFED2C75,3
4285,000513C2C,00513C2C,0
4286,0003EF24C,003EF24C,0
4287,3FFEF394D,FFEF394D,3
4288,0003B4FC4,003B4FC4,0
4289,3FFE368E5,FFE368E5,3
4290,000158138,00158138,0
4291,3FFCEAEBB,FFCEAEBB,3
4292,000298C21,00298C21,0
4293,3FFD184CF,FFD184CF,3
4294,3FFCE6FC9,FFCE6FC9,3
4295,3FFFA1EE7,FFFA1EE7,3
4296,0002B4463,002B4463,0
4297,3FFF31F9B,FFF31F9B,3
4298,00039B404,0039B404,0
4299,3FFFB32BF,FFFB32BF,3
4300,000322DD1,00322DD1,0
4301,3FFD90D39,FFD90D39,3
4302,3FFA2BE82,FFA2BE82,3
4303,000413472,00413472,0
4304,0004D58FA,004D58FA,0
4305,3FF88F6F4,FF88F6F4,3
4306,3FF9D1033,FF9D1033,3
4307,3FFFFB451,FFFFB451,3
