timestep,cycles,synops,total,aPN1,vPN1,pC1,pIP10,pMP2,event_count,flags,event_start,state_saturation,accumulator_saturation,deadline_miss,event_overflow
0,43954,0,0,0,0,0,0,0,0,0,0,0,0,0,0
1,43954,0,0,0,0,0,0,0,0,0,0,0,0,0,0
2,43954,0,0,0,0,0,0,0,0,0,0,0,0,0,0
3,43954,0,0,0,0,0,0,0,0,0,0,0,0,0,0
4,43954,0,0,0,0,0,0,0,0,0,0,0,0,0,0
5,43954,0,0,0,0,0,0,0,0,0,0,0,0,0,0
6,43954,0,0,0,0,0,0,0,0,0,0,0,0,0,0
7,43954,0,0,0,0,0,0,0,0,0,0,0,0,0,0
8,43954,0,0,0,0,0,0,0,0,0,0,0,0,0,0
9,43954,0,0,0,0,0,0,0,0,0,0,0,0,0,0
10,43954,0,0,0,0,0,0,0,0,0,0,0,0,0,0
11,43954,0,0,0,0,0,0,0,0,0,0,0,0,0,0
12,43954,0,0,0,0,0,0,0,0,0,0,0,0,0,0
13,43954,0,0,0,0,0,0,0,0,0,0,0,0,0,0
14,43954,0,0,0,0,0,0,0,0,0,0,0,0,0,0
15,43954,0,0,0,0,0,0,0,0,0,0,0,0,0,0
16,43954,0,0,0,0,0,0,0,0,0,0,0,0,0,0
17,43954,0,0,0,0,0,0,0,0,0,0,0,0,0,0
18,43954,0,0,0,0,0,0,0,0,0,0,0,0,0,0
19,43954,0,0,0,0,0,0,0,0,0,0,0,0,0,0
20,43954,0,0,0,0,0,0,0,0,0,0,0,0,0,0
21,43954,0,0,0,0,0,0,0,0,0,0,0,0,0,0
22,43954,0,0,0,0,0,0,0,0,0,0,0,0,0,0
23,43954,0,0,0,0,0,0,0,0,0,0,0,0,0,0
24,43954,0,0,0,0,0,0,0,0,0,0,0,0,0,0
25,43954,0,0,0,0,0,0,0,0,0,0,0,0,0,0
26,43954,0,0,0,0,0,0,0,0,0,0,0,0,0,0
27,43954,0,0,0,0,0,0,0,0,0,0,0,0,0,0
28,43954,0,0,0,0,0,0,0,0,0,0,0,0,0,0
29,43954,0,0,0,0,0,0,0,0,0,0,0,0,0,0
30,43954,0,0,0,0,0,0,0,0,0,0,0,0,0,0
31,43954,0,0,0,0,0,0,0,0,0,0,0,0,0,0
32,43954,0,0,0,0,0,0,0,0,0,0,0,0,0,0
33,43954,0,0,0,0,0,0,0,0,0,0,0,0,0,0
34,43954,0,0,0,0,0,0,0,0,0,0,0,0,0,0
35,43954,0,0,0,0,0,0,0,0,0,0,0,0,0,0
36,43954,0,0,0,0,0,0,0,0,0,0,0,0,0,0
37,43954,0,0,0,0,0,0,0,0,0,0,0,0,0,0
38,43954,0,0,0,0,0,0,0,0,0,0,0,0,0,0
39,43954,0,0,0,0,0,0,0,0,0,0,0,0,0,0
40,43954,0,0,0,0,0,0,0,0,0,0,0,0,0,0
41,43954,0,0,0,0,0,0,0,0,0,0,0,0,0,0
42,43954,0,0,0,0,0,0,0,0,0,0,0,0,0,0
43,43954,0,0,0,0,0,0,0,0,0,0,0,0,0,0
44,43954,0,0,0,0,0,0,0,0,0,0,0,0,0,0
45,43954,0,0,0,0,0,0,0,0,0,0,0,0,0,0
46,43954,0,0,0,0,0,0,0,0,0,0,0,0,0,0
47,43954,0,0,0,0,0,0,0,0,0,0,0,0,0,0
48,43954,0,0,0,0,0,0,0,0,0,0,0,0,0,0
49,43954,0,0,0,0,0,0,0,0,0,0,0,0,0,0
50,43954,0,0,0,0,0,0,0,0,0,0,0,0,0,0
51,43954,0,0,0,0,0,0,0,0,0,0,0,0,0,0
52,43954,0,0,0,0,0,0,0,0,0,0,0,0,0,0
53,43954,0,0,0,0,0,0,0,0,0,0,0,0,0,0
54,43954,0,0,0,0,0,0,0,0,0,0,0,0,0,0
55,43954,0,0,0,0,0,0,0,0,0,0,0,0,0,0
56,43954,0,0,0,0,0,0,0,0,0,0,0,0,0,0
57,43954,0,0,0,0,0,0,0,0,0,0,0,0,0,0
58,43954,0,0,0,0,0,0,0,0,0,0,0,0,0,0
59,43954,0,0,0,0,0,0,0,0,0,0,0,0,0,0
60,43954,0,0,0,0,0,0,0,0,0,0,0,0,0,0
61,43954,0,0,0,0,0,0,0,0,0,0,0,0,0,0
62,43954,0,0,0,0,0,0,0,0,0,0,0,0,0,0
63,43954,0,0,0,0,0,0,0,0,0,0,0,0,0,0
64,43954,0,0,0,0,0,0,0,0,0,0,0,0,0,0
65,43954,0,0,0,0,0,0,0,0,0,0,0,0,0,0
66,43954,0,0,0,0,0,0,0,0,0,0,0,0,0,0
67,43954,0,0,0,0,0,0,0,0,0,0,0,0,0,0
68,43954,0,0,0,0,0,0,0,0,0,0,0,0,0,0
69,43954,0,0,0,0,0,0,0,0,0,0,0,0,0,0
70,43954,0,0,0,0,0,0,0,0,0,0,0,0,0,0
71,43954,0,0,0,0,0,0,0,0,0,0,0,0,0,0
72,43954,0,0,0,0,0,0,0,0,0,0,0,0,0,0
73,43954,0,0,0,0,0,0,0,0,0,0,0,0,0,0
74,43954,0,0,0,0,0,0,0,0,0,0,0,0,0,0
75,43954,0,0,0,0,0,0,0,0,0,0,0,0,0,0
76,43954,0,0,0,0,0,0,0,0,0,0,0,0,0,0
77,43954,0,0,0,0,0,0,0,0,0,0,0,0,0,0
78,43954,0,0,0,0,0,0,0,0,0,0,0,0,0,0
79,43954,0,0,0,0,0,0,0,0,0,0,0,0,0,0
80,43954,0,0,0,0,0,0,0,0,0,0,0,0,0,0
81,43954,0,0,0,0,0,0,0,0,0,0,0,0,0,0
82,43954,0,0,0,0,0,0,0,0,0,0,0,0,0,0
83,43954,0,0,0,0,0,0,0,0,0,0,0,0,0,0
84,43954,0,0,0,0,0,0,0,0,0,0,0,0,0,0
85,43954,0,0,0,0,0,0,0,0,0,0,0,0,0,0
86,43954,0,0,0,0,0,0,0,0,0,0,0,0,0,0
87,43954,0,0,0,0,0,0,0,0,0,0,0,0,0,0
88,43954,0,0,0,0,0,0,0,0,0,0,0,0,0,0
89,43954,0,0,0,0,0,0,0,0,0,0,0,0,0,0
90,43954,0,0,0,0,0,0,0,0,0,0,0,0,0,0
91,43954,0,0,0,0,0,0,0,0,0,0,0,0,0,0
92,43954,0,0,0,0,0,0,0,0,0,0,0,0,0,0
93,43954,0,0,0,0,0,0,0,0,0,0,0,0,0,0
94,43954,0,0,0,0,0,0,0,0,0,0,0,0,0,0
95,43954,0,0,0,0,0,0,0,0,0,0,0,0,0,0
96,43954,0,0,0,0,0,0,0,0,0,0,0,0,0,0
97,43954,0,0,0,0,0,0,0,0,0,0,0,0,0,0
98,43954,0,0,0,0,0,0,0,0,0,0,0,0,0,0
99,43954,0,0,0,0,0,0,0,0,0,0,0,0,0,0
100,51106,2260,93,0,0,0,0,0,0,0,0,0,0,0,0
101,78304,11266,138,6,0,0,0,0,0,0,0,0,0,0,0
102,124913,26557,322,0,2,0,0,0,0,0,0,0,0,0,0
103,199699,51067,636,0,4,14,0,0,0,0,0,0,0,0,0
104,167048,40210,616,0,1,29,2,0,0,0,0,0,0,0,0
105,106037,20233,346,0,1,9,0,2,0,0,0,0,0,0,0
106,96768,17302,227,0,0,2,0,0,0,0,0,0,0,0,0
107,65567,7075,97,0,0,2,0,0,0,0,0,0,0,0,0
108,56807,4207,58,0,0,2,0,1,0,0,0,0,0,0,0
109,58309,4693,69,0,0,1,0,1,0,0,0,0,0,0,0
110,53456,3098,52,0,0,0,0,0,0,0,0,0,0,0,0
111,49245,1729,26,0,0,0,0,0,0,0,0,0,0,0,0
112,45880,626,12,0,0,0,0,0,0,0,0,0,0,0,0
113,45254,424,7,0,0,0,0,0,0,0,0,0,0,0,0
114,49447,1799,24,0,0,0,0,0,0,0,0,0,0,0,0
115,50536,2090,78,0,0,0,0,0,0,0,0,0,0,0,0
116,64181,6605,103,0,0,0,0,0,0,0,0,0,0,0,0
117,62957,6213,91,0,0,0,0,0,0,0,0,0,0,0,0
118,53589,3149,47,0,0,0,0,0,0,0,0,0,0,0,0
119,47608,1198,15,0,0,0,0,0,0,0,0,0,0,0,0
120,49569,1849,17,0,0,0,0,0,0,0,0,0,0,0,0
121,50714,2224,22,0,0,0,0,0,0,0,0,0,0,0,0
122,50630,2184,31,0,0,0,0,0,0,0,0,0,0,0,0
123,46673,893,10,0,0,0,0,0,0,0,0,0,0,0,0
124,44088,42,2,0,0,0,0,0,0,0,0,0,0,0,0
125,44418,152,2,0,0,0,0,0,0,0,0,0,0,0,0
126,43954,0,0,0,0,0,0,0,0,0,0,0,0,0,0
127,43954,0,0,0,0,0,0,0,0,0,0,0,0,0,0
128,43954,0,0,0,0,0,0,0,0,0,0,0,0,0,0
129,43954,0,0,0,0,0,0,0,0,0,0,0,0,0,0
130,50854,2180,90,0,0,0,0,0,0,0,0,0,0,0,0
131,67845,7821,107,1,0,0,0,0,0,0,0,0,0,0,0
132,71842,9112,138,0,0,0,0,0,0,0,0,0,0,0,0
133,74016,9866,116,0,0,0,0,0,0,0,0,0,0,0,0
134,82050,12516,137,0,0,1,0,0,0,0,0,0,0,0,0
135,76065,10517,140,0,0,4,0,0,0,0,0,0,0,0,0
136,66876,7486,116,0,0,1,1,0,0,0,0,0,0,0,0
137,61175,5603,103,0,0,0,0,0,0,0,0,0,0,0,0
138,53815,3199,66,0,0,0,0,0,0,0,0,0,0,0,0
139,47768,1238,25,0,0,0,0,0,0,0,0,0,0,0,0
140,45054,356,8,0,0,0,0,0,0,0,0,0,0,0,0
141,52233,2725,26,0,0,0,0,0,0,0,0,0,0,0,0
142,47024,1006,13,0,0,0,0,0,0,0,0,0,0,0,0
143,53823,3247,32,0,0,0,0,0,0,0,0,0,0,0,0
144,50537,2153,31,0,0,0,0,0,0,0,0,0,0,0,0
145,52993,2889,93,0,0,0,0,0,0,0,0,0,0,0,0
146,69072,8206,125,0,0,0,0,0,0,0,0,0,0,0,0
147,70783,8791,114,0,0,0,0,0,0,0,0,0,0,0,0
148,66276,7326,86,0,0,7,0,0,0,0,0,0,0,0,0
149,74555,10063,103,0,0,2,0,0,0,0,0,0,0,0,0
150,63166,6280,93,0,0,3,0,0,0,0,0,0,0,0,0
151,48491,1479,25,0,0,1,0,0,0,0,0,0,0,0,0
152,49655,1871,22,0,0,0,0,0,0,0,0,0,0,0,0
153,55585,3837,30,0,0,0,0,0,0,0,0,0,0,0,0
154,50697,2213,26,0,0,0,0,0,0,0,0,0,0,0,0
155,47034,1008,14,0,0,0,0,0,0,0,0,0,0,0,0
156,47985,1317,20,0,0,0,0,0,0,0,0,0,0,0,0
157,53820,3226,47,0,0,0,0,0,0,0,0,0,0,0,0
158,48912,1618,26,0,0,0,0,0,0,0,0,0,0,0,0
159,51403,2447,27,0,0,0,0,0,0,0,0,0,0,0,0
160,55455,3695,104,0,0,0,0,0,0,0,0,0,0,0,0
161,71592,9054,119,1,0,0,0,0,0,0,0,0,0,0,0
162,71379,8951,143,0,0,0,0,0,0,0,0,0,0,0,0
163,70078,8572,102,0,1,0,0,0,0,0,0,0,0,0,0
164,72370,9348,93,0,0,0,0,0,0,0,0,0,0,0,0
165,61538,5760,76,0,2,3,0,0,0,0,0,0,0,0,0
166,60978,5584,68,0,0,12,0,0,0,0,0,0,0,0,0
167,60876,5530,83,0,0,2,0,0,0,0,0,0,0,0,0
168,53645,3161,52,0,0,0,0,0,0,0,0,0,0,0,0
169,47919,1299,17,0,0,0,0,0,0,0,0,0,0,0,0
170,49446,1804,20,0,0,0,0,0,0,0,0,0,0,0,0
171,45068,362,7,0,0,0,0,0,0,0,0,0,0,0,0
172,46880,962,10,0,0,0,0,0,0,0,0,0,0,0,0
173,44457,165,2,0,0,0,0,0,0,0,0,0,0,0,0
174,43954,0,0,0,0,0,0,0,0,0,0,0,0,0,0
175,49484,1746,73,0,0,0,0,0,0,0,0,0,0,0,0
176,65416,7010,108,0,0,0,0,0,0,0,0,0,0,0,0
177,67426,7680,108,0,0,0,0,0,0,0,0,0,0,0,0
178,66501,7401,86,0,0,0,0,0,0,0,0,0,0,0,0
179,72183,9279,98,0,0,0,0,0,0,0,0,0,0,0,0
180,69842,8508,91,0,0,4,0,0,0,0,0,0,0,0,0
181,58762,4848,66,0,0,3,0,0,0,0,0,0,0,0,0
182,59286,5024,65,0,0,0,2,0,0,0,0,0,0,0,0
183,67815,7827,95,0,0,0,0,0,0,0,0,0,0,0,0
184,54716,3502,64,0,0,0,0,0,0,0,0,0,0,0,0
185,46097,693,16,0,0,0,0,0,0,0,0,0,0,0,0
186,44710,244,6,0,0,0,0,0,0,0,0,0,0,0,0
187,44072,38,1,0,0,0,0,0,0,0,0,0,0,0,0
188,43954,0,0,0,0,0,0,0,0,0,0,0,0,0,0
189,43954,0,0,0,0,0,0,0,0,0,0,0,0,0,0
190,50833,2173,90,0,0,0,0,0,0,0,0,0,0,0,0
191,66235,7295,99,1,0,0,0,0,0,0,0,0,0,0,0
192,72649,9401,123,0,0,0,0,0,0,0,0,0,0,0,0
193,59303,5015,76,0,0,0,0,0,0,0,0,0,0,0,0
194,73841,9817,109,0,0,0,0,0,0,0,0,0,0,0,0
195,72424,9342,111,0,0,4,0,0,0,0,0,0,0,0,0
196,81480,12302,155,0,0,9,2,0,0,0,0,0,0,0,0
197,69921,8489,125,0,0,2,0,0,0,0,0,0,0,0,0
198,58166,4628,82,0,0,0,0,0,0,0,0,0,0,0,0
199,49118,1684,28,0,0,0,0,0,0,0,0,0,0,0,0
200,45350,452,10,0,0,0,0,0,0,0,0,0,0,0,0
201,45936,650,8,0,0,0,0,0,0,0,0,0,0,0,0
202,47207,1071,10,0,0,0,0,0,0,0,0,0,0,0,0
203,45405,473,8,0,0,0,0,0,0,0,0,0,0,0,0
204,51737,2541,40,0,0,0,0,0,0,0,0,0,0,0,0
205,59110,4912,105,0,0,0,1,0,0,0,0,0,0,0,0
206,73546,9660,153,0,0,1,0,0,0,0,0,0,0,0,0
207,71308,8922,147,0,0,0,0,0,0,0,0,0,0,0,0
208,66440,7362,100,0,0,0,0,0,0,0,0,0,0,0,0
209,65887,7195,87,0,0,0,0,0,0,0,0,0,0,0,0
210,62029,5957,51,0,0,2,0,0,0,0,0,0,0,0,0
211,54774,3556,38,0,0,2,0,0,0,0,0,0,0,0,0
212,51114,2340,35,0,0,0,0,0,0,0,0,0,0,0,0
213,48101,1357,19,0,0,0,1,0,0,0,0,0,0,0,0
214,49550,1812,40,0,0,0,0,0,0,0,0,0,0,0,0
215,51176,2358,37,0,0,0,0,0,0,0,0,0,0,0,0
216,61130,5652,55,0,0,0,0,0,0,0,0,0,0,0,0
217,50564,2162,31,0,0,0,0,0,0,0,0,0,0,0,0
218,45207,407,8,0,0,0,0,0,0,0,0,0,0,0,0
219,45236,418,7,0,0,0,0,0,0,0,0,0,0,0,0
220,51934,2532,96,0,0,0,0,0,0,0,0,0,0,0,0
221,72406,9320,123,1,0,0,0,0,0,0,0,0,0,0,0
222,68186,7912,124,0,0,0,0,0,0,0,0,0,0,0,0
223,68912,8190,97,0,0,0,0,0,0,0,0,0,0,0,0
224,71009,8877,106,0,0,2,0,0,0,0,0,0,0,0,0
225,71100,8934,86,0,0,6,0,0,0,0,0,0,0,0,0
226,55777,3881,45,0,0,4,0,0,0,0,0,0,0,0,0
227,51808,2578,30,0,0,3,0,0,0,0,0,0,0,0,0
228,47307,1091,20,0,0,1,0,0,0,0,0,0,0,0,0
229,48187,1399,9,0,0,1,0,0,0,0,0,0,0,0,0
230,47685,1217,20,0,0,0,0,0,0,0,0,0,0,0,0
231,49537,1829,24,0,0,0,0,0,0,0,0,0,0,0,0
232,46464,822,11,0,0,0,0,0,0,0,0,0,0,0,0
233,44772,262,8,0,0,0,0,0,0,0,0,0,0,0,0
234,44997,341,5,0,0,0,0,0,0,0,0,0,0,0,0
235,49834,1860,75,0,0,0,0,0,0,0,0,0,0,0,0
236,64828,6818,105,0,0,0,0,0,0,0,0,0,0,0,0
237,71731,9107,114,0,0,0,0,0,0,0,0,0,0,0,0
238,61992,5902,83,0,0,0,0,0,0,0,0,0,0,0,0
239,70565,8729,106,0,0,0,0,0,0,0,0,0,0,0,0
240,65184,6982,71,0,0,4,0,0,0,0,0,0,0,0,0
241,68265,7973,98,0,0,10,0,0,0,0,0,0,0,0,0
242,74737,10109,114,0,0,3,0,0,0,0,0,0,0,0,0
243,55814,3880,55,0,0,0,0,0,0,0,0,0,0,0,0
244,52243,2719,33,0,0,0,0,0,0,0,0,0,0,0,0
245,48030,1332,20,0,0,0,0,0,0,0,0,0,0,0,0
246,47219,1071,13,0,0,0,0,0,0,0,0,0,0,0,0
247,46314,776,8,0,0,0,0,0,0,0,0,0,0,0,0
248,48387,1463,11,0,0,0,0,0,0,0,0,0,0,0,0
249,43954,0,0,0,0,0,0,0,0,0,0,0,0,0,0
250,50808,2166,89,0,0,0,0,0,0,0,0,0,0,0,0
251,66892,7506,105,1,0,0,0,0,0,0,0,0,0,0,0
252,68443,8019,108,0,0,0,0,0,0,0,0,0,0,0,0
253,63479,6407,76,0,0,0,0,0,0,0,0,0,0,0,0
254,70533,8749,83,0,0,1,0,0,0,0,0,0,0,0,0
255,65541,7109,65,0,0,3,0,0,0,0,0,0,0,0,0
256,66270,7316,92,0,0,2,0,0,0,0,0,0,0,0,0
257,60183,5319,68,0,0,7,2,0,0,0,0,0,0,0,0
258,67978,7856,114,0,0,5,0,0,0,0,0,0,0,0,0
259,60551,5419,85,0,0,0,0,0,0,0,0,0,0,0,0
260,55238,3700,46,0,0,0,0,0,0,0,0,0,0,0,0
261,47173,1045,21,0,0,0,0,0,0,0,0,0,0,0,0
262,45132,382,8,0,0,0,0,0,0,0,0,0,0,0,0
263,45429,481,8,0,0,0,0,0,0,0,0,0,0,0,0
264,47718,1236,14,0,0,0,0,0,0,0,0,0,0,0,0
265,55391,3691,91,0,0,0,0,0,0,0,0,0,0,0,0
266,72114,9204,137,0,0,0,0,0,0,0,0,0,0,0,0
267,69295,8295,114,0,0,0,0,0,0,0,0,0,0,0,0
268,65186,6960,88,0,0,0,0,0,0,0,0,0,0,0,0
269,65619,7127,71,0,0,0,0,0,0,0,0,0,0,0,0
270,64668,6806,74,0,0,2,0,0,0,0,0,0,0,0,0
271,55056,3638,47,0,0,0,0,0,0,0,0,0,0,0,0
272,57100,4314,51,0,0,0,0,0,0,0,0,0,0,0,0
273,52951,2939,45,0,0,1,0,0,0,0,0,0,0,0,0
274,52454,2792,31,0,0,0,0,0,0,0,0,0,0,0,0
275,50785,2245,24,0,0,0,0,0,0,0,0,0,0,0,0
276,46447,819,9,0,0,0,0,0,0,0,0,0,0,0,0
277,45399,471,8,0,0,0,0,0,0,0,0,0,0,0,0
278,48279,1419,17,0,0,0,0,0,0,0,0,0,0,0,0
279,47268,1086,14,0,0,0,0,0,0,0,0,0,0,0,0
280,52290,2656,92,0,0,0,0,0,0,0,0,0,0,0,0
281,71951,9167,124,1,0,0,0,0,0,0,0,0,0,0,0
282,79156,11534,150,0,0,0,0,0,0,0,0,0,0,0,0
283,60630,5468,68,0,0,2,0,0,0,0,0,0,0,0,0
284,61019,5607,61,0,0,5,0,0,0,0,0,0,0,0,0
285,55837,3901,45,0,0,4,0,0,0,0,0,0,0,0,0
286,50976,2310,23,0,0,2,0,0,0,0,0,0,0,0,0
287,53455,3135,24,0,0,1,0,0,0,0,0,0,0,0,0
288,54513,3465,41,0,0,0,0,0,0,0,0,0,0,0,0
289,50186,2032,34,0,0,0,0,0,0,0,0,0,0,0,0
290,49154,1688,34,0,0,0,0,0,0,0,0,0,0,0,0
291,45228,410,11,0,0,0,0,0,0,0,0,0,0,0,0
292,44661,229,5,0,0,0,0,0,0,0,0,0,0,0,0
293,44622,216,5,0,0,0,0,0,0,0,0,0,0,0,0
294,43954,0,0,0,0,0,0,0,0,0,0,0,0,0,0
295,50012,1914,79,0,0,0,0,0,0,0,0,0,0,0,0
296,66215,7279,106,1,0,0,0,0,0,0,0,0,0,0,0
297,70426,8652,129,0,0,0,0,0,0,0,0,0,0,0,0
298,72958,9524,108,0,0,0,0,0,0,0,0,0,0,0,0
299,69752,8462,103,0,0,2,0,0,0,0,0,0,0,0,0
300,68860,8174,96,0,0,7,0,0,0,0,0,0,0,0,0
301,69715,8463,93,0,0,7,1,0,0,0,0,0,0,0,0
302,72551,9363,127,0,0,8,1,0,0,0,0,0,0,0,0
303,68566,8036,126,0,0,1,0,0,0,0,0,0,0,0,0
304,56188,3982,72,0,0,0,0,0,0,0,0,0,0,0,0
305,55212,3686,50,0,0,0,0,0,0,0,0,0,0,0,0
306,60694,5500,60,0,0,0,0,0,0,0,0,0,0,0,0
307,52662,2848,41,0,0,0,0,0,0,0,0,0,0,0,0
308,51498,2460,41,0,0,0,0,0,0,0,0,0,0,0,0
309,49665,1861,32,0,0,0,0,0,0,0,0,0,0,0,0
310,54228,3286,104,0,0,0,0,0,0,0,0,0,0,0,0
311,67764,7786,113,1,0,0,0,0,0,0,0,0,0,0,0
312,68068,7886,114,0,0,0,0,0,0,0,0,0,0,0,0
313,60504,5442,56,0,0,0,0,0,0,0,0,0,0,0,0
314,61799,5855,70,0,0,0,0,0,0,0,0,0,0,0,0
315,68546,8084,85,0,0,0,0,0,0,0,0,0,0,0,0
316,53619,3167,41,0,0,0,0,0,0,0,0,0,0,0,0
317,55099,3655,45,0,0,0,0,0,0,0,0,0,0,0,0
318,52598,2840,31,0,0,0,0,0,0,0,0,0,0,0,0
319,47825,1269,16,0,0,0,0,0,0,0,0,0,0,0,0
320,47716,1234,15,0,0,0,0,0,0,0,0,0,0,0,0
321,45789,597,11,0,0,0,0,0,0,0,0,0,0,0,0
322,47011,1003,12,0,0,0,0,0,0,0,0,0,0,0,0
323,50084,2014,22,0,0,0,0,0,0,0,0,0,0,0,0
324,48604,1534,12,0,0,0,0,0,0,0,0,0,0,0,0
325,50366,2028,82,0,0,0,0,0,0,0,0,0,0,0,0
326,67293,7633,110,1,0,0,0,0,0,0,0,0,0,0,0
327,68800,8118,123,0,0,0,0,0,0,0,0,0,0,0,0
328,64886,6856,91,0,0,2,0,0,0,0,0,0,0,0,0
329,71161,8953,87,0,0,7,0,0,0,0,0,0,0,0,0
330,55445,3749,61,0,0,1,0,0,0,0,0,0,0,0,0
331,53796,3222,44,0,0,2,0,0,0,0,0,0,0,0,0
332,60605,5473,58,0,0,0,0,0,0,0,0,0,0,0,0
333,58691,4835,58,0,0,0,0,0,0,0,0,0,0,0,0
334,49952,1958,31,0,0,0,0,0,0,0,0,0,0,0,0
335,45129,381,8,0,0,0,0,0,0,0,0,0,0,0,0
336,45501,501,11,0,0,0,0,0,0,0,0,0,0,0,0
337,47753,1245,16,0,0,0,0,0,0,0,0,0,0,0,0
338,51135,2367,20,0,0,0,0,0,0,0,0,0,0,0,0
339,45514,516,3,0,0,0,0,0,0,0,0,0,0,0,0
340,50185,1969,81,0,0,0,0,0,0,0,0,0,0,0,0
341,65208,6950,101,1,0,0,0,0,0,0,0,0,0,0,0
342,73127,9555,127,0,0,0,0,0,0,0,0,0,0,0,0
343,57013,4265,66,0,3,0,0,0,0,0,0,0,0,0,0
344,53193,3025,41,0,1,0,0,0,0,0,0,0,0,0,0
345,54895,3595,39,0,0,2,0,0,0,0,0,0,0,0,0
346,63967,6571,75,0,0,5,0,0,0,0,0,0,0,0,0
347,63984,6586,68,0,0,0,0,0,0,0,0,0,0,0,0
348,48130,1360,24,0,0,0,0,0,0,0,0,0,0,0,0
349,46706,896,16,0,0,0,0,0,0,0,0,0,0,0,0
350,45428,474,13,0,0,0,0,0,0,0,0,0,0,0,0
351,45781,597,9,0,0,0,0,0,0,0,0,0,0,0,0
352,44240,94,1,0,0,0,0,0,0,0,0,0,0,0,0
353,43954,0,0,0,0,0,0,0,0,0,0,0,0,0,0
354,43954,0,0,0,0,0,0,0,0,0,0,0,0,0,0
355,50255,1991,82,0,0,0,0,0,0,0,0,0,0,0,0
356,67068,7558,110,1,0,0,0,0,0,0,0,0,0,0,0
357,73824,9790,125,0,0,0,0,0,0,0,0,0,0,0,0
358,68407,8011,105,0,0,5,0,0,0,0,0,0,0,0,0
359,85739,13723,154,0,0,10,0,0,0,0,0,0,0,0,0
360,70250,8616,112,0,0,13,0,0,0,0,0,0,0,0,0
361,62105,5937,85,0,0,4,2,0,0,0,0,0,0,0,0
362,56563,4099,78,0,0,0,0,0,0,0,0,0,0,0,0
363,50137,2013,36,0,0,0,0,0,0,0,0,0,0,0,0
364,45397,461,15,0,0,0,0,0,0,0,0,0,0,0,0
365,47190,1064,11,0,0,0,0,0,0,0,0,0,0,0,0
366,47875,1295,9,0,0,0,0,0,0,0,0,0,0,0,0
367,47622,1208,11,0,0,0,0,0,0,0,0,0,0,0,0
368,45133,385,6,0,0,0,0,0,0,0,0,0,0,0,0
369,43954,0,0,0,0,0,0,0,0,0,0,0,0,0,0
370,50346,2020,83,0,0,0,0,0,0,0,0,0,0,0,0
371,66659,7431,103,1,0,0,0,0,0,0,0,0,0,0,0
372,70661,8749,115,0,0,0,0,0,0,0,0,0,0,0,0
373,60990,5572,80,0,0,0,0,0,0,0,0,0,0,0,0
374,64038,6592,77,0,0,0,0,0,0,0,0,0,0,0,0
375,62980,6242,75,0,0,4,0,0,0,0,0,0,0,0,0
376,64324,6662,96,0,0,6,2,0,0,0,0,0,0,0,0
377,65269,6977,96,0,0,0,0,0,0,0,0,0,0,0,0
378,56042,3948,61,0,0,0,0,0,0,0,0,0,0,0,0
379,47507,1159,19,0,0,0,0,0,0,0,0,0,0,0,0
380,45405,473,8,0,0,0,0,0,0,0,0,0,0,0,0
381,50809,2261,18,0,0,0,0,0,0,0,0,0,0,0,0
382,46150,716,12,0,0,0,0,0,0,0,0,0,0,0,0
383,48390,1468,8,0,0,0,0,0,0,0,0,0,0,0,0
384,44920,314,6,0,0,0,0,0,0,0,0,0,0,0,0
385,50494,2068,84,0,0,0,0,0,0,0,0,0,0,0,0
386,66616,7410,108,1,0,0,0,0,0,0,0,0,0,0,0
387,75899,10471,133,0,0,0,0,0,0,0,0,0,0,0,0
388,63681,6461,86,0,0,0,0,0,0,0,0,0,0,0,0
389,72994,9548,99,0,0,2,0,0,0,0,0,0,0,0,0
390,69004,8226,93,0,0,4,0,0,0,0,0,0,0,0,0
391,63112,6270,87,0,0,1,2,0,0,0,0,0,0,0,0
392,63899,6511,103,0,0,12,0,0,0,0,0,0,0,0,0
393,52602,2800,62,0,0,0,0,0,0,0,0,0,0,0,0
394,51243,2375,41,0,0,0,0,0,0,0,0,0,0,0,0
395,56165,4025,34,0,0,0,0,0,0,0,0,0,0,0,0
396,54299,3371,58,0,0,0,0,0,0,0,0,0,0,0,0
397,53415,3103,38,0,0,0,0,0,0,0,0,0,0,0,0
398,50924,2278,34,0,0,0,0,0,0,0,0,0,0,0,0
399,47855,1279,16,0,0,0,0,0,0,0,0,0,0,0,0
400,51717,2469,89,0,0,0,0,0,0,0,0,0,0,0,0
401,69115,8247,105,1,0,0,0,0,0,0,0,0,0,0,0
402,71235,8939,116,0,0,0,0,0,0,0,0,0,0,0,0
403,65993,7221,94,0,0,0,0,0,0,0,0,0,0,0,0
404,57398,4412,52,0,0,0,0,0,0,0,0,0,0,0,0
405,57172,4334,54,0,0,4,0,0,0,0,0,0,0,0,0
406,53639,3171,43,0,0,0,0,0,0,0,0,0,0,0,0
407,51609,2505,35,0,0,0,0,0,0,0,0,0,0,0,0
408,60438,5428,50,0,0,0,0,0,0,0,0,0,0,0,0
409,51984,2634,32,0,0,0,0,0,0,0,0,0,0,0,0
410,45664,558,9,0,0,0,0,0,0,0,0,0,0,0,0
411,45476,498,7,0,0,0,0,0,0,0,0,0,0,0,0
412,46198,736,9,0,0,0,0,0,0,0,0,0,0,0,0
413,46198,736,9,0,0,0,0,0,0,0,0,0,0,0,0
414,44655,227,5,0,0,0,0,0,0,0,0,0,0,0,0
415,50570,2092,85,0,0,0,0,0,0,0,0,0,0,0,0
416,67549,7717,111,1,0,0,0,0,0,0,0,0,0,0,0
417,76138,10544,138,0,0,0,0,0,0,0,0,0,0,0,0
418,70000,8530,114,0,2,4,0,0,0,0,0,0,0,0,0
419,81843,12451,134,0,1,6,0,0,0,0,0,0,0,0,0
420,69581,8421,91,0,0,4,0,0,0,0,0,0,0,0,0
421,58411,4719,75,0,0,1,0,0,0,0,0,0,0,0,0
422,53394,3092,41,0,0,1,1,0,0,0,0,0,0,0,0
423,51722,2532,43,0,0,0,0,0,0,0,0,0,0,0,0
424,53201,3001,61,0,0,0,0,0,0,0,0,0,0,0,0
425,50326,2088,27,0,0,0,0,0,0,0,0,0,0,0,0
426,48764,1574,22,0,0,0,0,0,0,0,0,0,0,0,0
427,47986,1320,18,0,0,0,0,0,0,0,0,0,0,0,0
428,46203,731,14,0,0,0,0,0,0,0,0,0,0,0,0
429,45433,477,12,0,0,0,0,0,0,0,0,0,0,0,0
430,50819,2175,85,0,0,0,0,0,0,0,0,0,0,0,0
431,65860,7170,99,1,0,0,0,0,0,0,0,0,0,0,0
432,65289,6981,98,0,0,0,0,0,0,0,0,0,0,0,0
433,59103,4947,77,0,0,0,0,0,0,0,0,0,0,0,0
434,68743,8135,96,0,0,0,0,0,0,0,0,0,0,0,0
435,72183,9263,110,0,0,3,0,0,0,0,0,0,0,0,0
436,62208,5962,92,0,0,5,1,0,0,0,0,0,0,0,0
437,68928,8170,116,0,0,10,1,0,0,0,0,0,0,0,0
438,73574,9684,142,0,0,1,0,0,0,0,0,0,0,0,0
439,65058,6928,80,0,0,1,0,0,0,0,0,0,0,0,0
440,50550,2148,38,0,0,1,0,0,0,0,0,0,0,0,0
441,51015,2315,29,0,0,0,0,0,0,0,0,0,0,0,0
442,44331,119,5,0,0,0,0,0,0,0,0,0,0,0,0
443,44240,94,1,0,0,0,0,0,0,0,0,0,0,0,0
444,43954,0,0,0,0,0,0,0,0,0,0,0,0,0,0
445,50219,1979,82,0,0,0,0,0,0,0,0,0,0,0,0
446,65681,7105,103,1,0,0,0,0,0,0,0,0,0,0,0
447,66949,7509,117,0,0,0,0,0,0,0,0,0,0,0,0
448,67808,7814,103,0,0,0,0,0,0,0,0,0,0,0,0
449,61552,5786,60,0,0,0,0,0,0,0,0,0,0,0,0
450,52006,2636,36,0,0,2,0,0,0,0,0,0,0,0,0
451,51328,2418,30,0,0,0,0,0,0,0,0,0,0,0,0
452,61279,5699,57,0,0,0,0,0,0,0,0,0,0,0,0
453,51889,2601,33,0,0,0,0,0,0,0,0,0,0,0,0
454,48668,1538,25,0,0,0,0,0,0,0,0,0,0,0,0
455,48375,1447,20,0,0,0,0,0,0,0,0,0,0,0,0
456,45531,515,8,0,0,0,0,0,0,0,0,0,0,0,0
457,46435,815,9,0,0,0,0,0,0,0,0,0,0,0,0
458,46959,983,14,0,0,0,0,0,0,0,0,0,0,0,0
459,44994,344,2,0,0,0,0,0,0,0,0,0,0,0,0
460,49989,1905,80,0,0,0,0,0,0,0,0,0,0,0,0
461,67588,7734,108,1,0,0,0,0,0,0,0,0,0,0,0
462,73110,9548,128,0,0,0,0,0,0,0,0,0,0,0,0
463,62922,6192,98,0,1,5,0,0,0,0,0,0,0,0,0
464,80414,11984,127,0,0,0,0,0,0,0,0,0,0,0,0
465,61844,5882,61,0,0,3,0,0,0,0,0,0,0,0,0
466,55015,3603,63,0,0,3,0,0,0,0,0,0,0,0,0
467,53798,3232,37,0,0,0,0,0,0,0,0,0,0,0,0
468,46499,831,13,0,0,0,0,0,0,0,0,0,0,0,0
469,48461,1477,19,0,0,0,0,0,0,0,0,0,0,0,0
470,46593,869,8,0,0,0,0,0,0,0,0,0,0,0,0
471,44646,228,2,0,0,0,0,0,0,0,0,0,0,0,0
472,45564,526,8,0,0,0,0,0,0,0,0,0,0,0,0
473,45671,555,13,0,0,0,0,0,0,0,0,0,0,0,0
474,45668,558,10,0,0,0,0,0,0,0,0,0,0,0,0
475,53373,3017,92,0,0,0,0,0,0,0,0,0,0,0,0
476,66566,7392,109,1,0,0,0,0,0,0,0,0,0,0,0
477,72328,9290,126,0,0,0,0,0,0,0,0,0,0,0,0
478,71009,8857,121,0,2,0,0,0,0,0,0,0,0,0,0
479,84068,13186,139,0,0,7,0,0,0,0,0,0,0,0,0
480,74074,9900,105,0,0,7,0,0,0,0,0,0,0,0,0
481,65414,7024,97,0,0,7,2,0,0,0,0,0,0,0,0
482,70077,8565,107,0,0,3,0,0,0,0,0,0,0,0,0
483,57091,4283,72,0,0,2,0,0,0,0,0,0,0,0,0
484,49749,1897,26,0,0,0,0,0,0,0,0,0,0,0,0
485,47880,1290,14,0,0,0,0,0,0,0,0,0,0,0,0
486,46246,752,9,0,0,0,0,0,0,0,0,0,0,0,0
487,45485,501,7,0,0,0,0,0,0,0,0,0,0,0,0
488,45951,651,11,0,0,0,0,0,0,0,0,0,0,0,0
489,47478,1160,11,0,0,0,0,0,0,0,0,0,0,0,0
490,56052,3898,101,0,0,0,0,0,0,0,0,0,0,0,0
491,69079,8227,111,1,0,0,0,0,0,0,0,0,0,0,0
492,70613,8725,121,0,0,0,0,0,0,0,0,0,0,0,0
493,58442,4728,76,0,0,0,0,0,0,0,0,0,0,0,0
494,64245,6669,71,0,0,0,0,0,0,0,0,0,0,0,0
495,56729,4181,58,0,0,1,0,0,0,0,0,0,0,0,0
496,52436,2774,40,0,0,2,0,0,0,0,0,0,0,0,0
497,50129,2029,22,0,0,0,0,0,0,0,0,0,0,0,0
498,48202,1388,21,0,0,0,0,0,0,0,0,0,0,0,0
499,46549,849,12,0,0,0,0,0,0,0,0,0,0,0,0
500,44495,175,4,0,0,0,0,0,0,0,0,0,0,0,0
501,43954,0,0,0,0,0,0,0,0,0,0,0,0,0,0
502,43954,0,0,0,0,0,0,0,0,0,0,0,0,0,0
503,43954,0,0,0,0,0,0,0,0,0,0,0,0,0,0
504,43954,0,0,0,0,0,0,0,0,0,0,0,0,0,0
505,50058,1928,80,0,0,0,0,0,0,0,0,0,0,0,0
506,66361,7325,108,1,0,0,0,0,0,0,0,0,0,0,0
507,74661,10065,128,0,0,0,0,0,0,0,0,0,0,0,0
508,69646,8436,96,0,0,1,0,0,0,0,0,0,0,0,0
509,77336,10954,130,0,0,17,0,0,0,0,0,0,0,0,0
510,70397,8661,115,0,0,9,0,0,0,0,0,0,0,0,0
511,66480,7378,98,0,1,7,2,0,0,0,0,0,0,0,0
512,58770,4824,86,0,0,1,0,0,0,0,0,0,0,0,0
513,50492,2118,46,0,0,2,0,0,0,0,0,0,0,0,0
514,47256,1066,26,0,0,0,0,0,0,0,0,0,0,0,0
515,47099,1027,16,0,0,0,0,0,0,0,0,0,0,0,0
516,53945,3293,28,0,0,0,0,0,0,0,0,0,0,0,0
517,52739,2875,40,0,0,0,0,0,0,0,0,0,0,0,0
518,52590,2820,44,0,0,0,0,0,0,0,0,0,0,0,0
519,45989,661,13,0,0,0,0,0,0,0,0,0,0,0,0
520,50947,2215,87,0,0,0,0,0,0,0,0,0,0,0,0
521,68915,8179,106,1,0,0,0,0,0,0,0,0,0,0,0
522,74469,9997,131,0,0,0,0,0,0,0,0,0,0,0,0
523,62460,6046,92,0,0,0,0,0,0,0,0,0,0,0,0
524,63569,6453,64,0,0,0,0,0,0,0,0,0,0,0,0
525,66048,7242,92,0,0,1,0,0,0,0,0,0,0,0,0
526,61884,5870,80,0,0,1,0,0,0,0,0,0,0,0,0
527,55699,3831,63,0,0,1,0,0,0,0,0,0,0,0,0
528,52103,2667,37,0,0,1,0,0,0,0,0,0,0,0,0
529,55627,3819,54,0,0,1,1,0,0,0,0,0,0,0,0
530,54506,3460,43,0,0,0,0,0,0,0,0,0,0,0,0
531,52156,2690,33,0,0,0,0,0,0,0,0,0,0,0,0
532,51964,2614,42,0,0,0,0,0,0,0,0,0,0,0,0
533,49129,1693,24,0,0,0,0,0,0,0,0,0,0,0,0
534,45206,408,7,0,0,0,0,0,0,0,0,0,0,0,0
535,50507,2075,82,0,0,0,0,0,0,0,0,0,0,0,0
536,65956,7194,105,1,0,0,0,0,0,0,0,0,0,0,0
537,66096,7246,101,0,0,0,0,0,0,0,0,0,0,0,0
538,63384,6390,65,0,1,0,0,0,0,0,0,0,0,0,0
539,77056,10906,96,0,0,12,0,0,0,0,0,0,0,0,0
540,66987,7547,98,0,0,8,0,0,0,0,0,0,0,0,0
541,55686,3840,53,0,0,2,0,0,0,0,0,0,0,0,0
542,50897,2265,37,0,0,0,0,0,0,0,0,0,0,0,0
543,49899,1943,29,0,0,0,1,0,0,0,0,0,0,0,0
544,47220,1054,26,0,0,0,0,0,0,0,0,0,0,0,0
545,45409,461,18,0,0,0,0,0,0,0,0,0,0,0,0
546,45315,435,14,0,0,0,0,0,0,0,0,0,0,0,0
547,44205,81,2,0,0,0,0,0,0,0,0,0,0,0,0
548,45848,610,16,0,0,0,0,0,0,0,0,0,0,0,0
549,45626,532,19,0,0,1,0,0,0,0,0,0,0,0,0
550,51066,2256,86,0,0,0,0,0,0,0,0,0,0,0,0
551,67324,7646,108,1,0,0,0,0,0,0,0,0,0,0,0
552,73159,9575,120,0,0,0,0,0,0,0,0,0,0,0,0
553,65048,6910,91,0,0,0,0,0,0,0,0,0,0,0,0
554,75715,10427,120,0,0,2,0,0,0,0,0,0,0,0,0
555,74749,10093,129,0,0,8,0,0,0,0,0,0,0,0,0
556,66691,7463,87,0,0,4,2,0,0,0,0,0,0,0,0
557,65937,7205,92,0,0,5,0,0,0,0,0,0,0,0,0
558,59904,5190,95,0,0,0,0,0,0,0,0,0,0,0,0
559,57732,4510,62,0,0,1,0,0,0,0,0,0,0,0,0
560,57422,4420,52,0,0,0,0,0,0,0,0,0,0,0,0
561,58482,4780,47,0,0,0,0,0,0,0,0,0,0,0,0
562,59455,5091,57,0,0,0,0,0,0,0,0,0,0,0,0
563,55613,3825,46,0,0,0,0,0,0,0,0,0,0,0,0
564,51854,2580,40,0,0,0,0,0,0,0,0,0,0,0,0
565,58359,4635,125,0,0,0,0,0,0,0,0,0,0,0,0
566,68095,7891,117,1,0,0,0,0,0,0,0,0,0,0,0
567,66142,7248,111,0,0,0,0,0,0,0,0,0,0,0,0
568,62874,6196,83,0,0,3,0,0,0,0,0,0,0,0,0
569,58530,4780,59,0,0,0,0,0,0,0,0,0,0,0,0
570,56164,4002,51,0,0,1,0,0,0,0,0,0,0,0,0
571,56030,3964,46,0,0,0,0,0,0,0,0,0,0,0,0
572,52882,2916,45,0,0,0,0,0,0,0,0,0,0,0,0
573,58761,4873,47,0,0,0,0,0,0,0,0,0,0,0,0
574,56135,3999,46,0,0,0,0,0,0,0,0,0,0,0,0
575,59603,5135,61,0,0,1,0,0,0,0,0,0,0,0,0
576,66176,7306,76,0,0,1,0,0,0,0,0,0,0,0,0
577,61375,5707,75,0,0,0,0,0,0,0,0,0,0,0,0
578,53589,3161,38,0,0,0,0,0,0,0,0,0,0,0,0
579,68233,7993,75,0,0,1,0,0,0,0,0,0,0,0,0
580,70432,8590,177,0,0,0,0,0,0,0,0,0,0,0,0
581,75792,10442,128,1,0,0,0,0,0,0,0,0,0,0,0
582,86802,14056,170,0,0,0,0,0,0,0,0,0,0,0,0
583,81135,12175,164,0,0,5,0,0,0,0,0,0,0,0,0
584,73448,9686,109,0,0,8,0,0,0,0,0,0,0,0,0
585,67316,7642,109,0,0,1,0,0,0,0,0,0,0,0,0
586,66594,7412,101,0,0,2,0,0,0,0,0,0,0,0,0
587,68647,8111,90,0,0,2,0,0,0,0,0,0,0,0,0
588,71590,9068,108,0,0,1,0,0,0,0,0,0,0,0,0
589,71426,9012,109,0,0,1,0,0,0,0,0,0,0,0,0
590,59471,5103,52,0,0,0,0,0,0,0,0,0,0,0,0
591,54518,3460,46,0,0,0,0,0,0,0,0,0,0,0,0
592,54142,3340,42,0,0,0,0,0,0,0,0,0,0,0,0
593,57995,4615,49,0,0,0,0,0,0,0,0,0,0,0,0
594,72867,9487,113,0,0,0,0,0,0,0,0,0,0,0,0
595,77068,10782,192,0,0,0,0,0,0,0,0,0,0,0,0
596,87744,14370,170,1,0,1,0,0,0,0,0,0,0,0,0
597,72497,9341,130,0,0,0,0,0,0,0,0,0,0,0,0
598,69618,8416,104,0,0,0,0,0,0,0,0,0,0,0,0
599,68385,8029,86,0,0,1,0,0,0,0,0,0,0,0,0
600,57542,4456,55,0,0,0,0,0,0,0,0,0,0,0,0
601,59311,5043,57,0,0,0,0,0,0,0,0,0,0,0,0
602,53105,2981,52,0,0,0,0,0,0,0,0,0,0,0,0
603,46179,719,17,0,0,0,0,0,0,0,0,0,0,0,0
604,46054,684,12,0,0,0,0,0,0,0,0,0,0,0,0
605,44467,167,3,0,0,0,0,0,0,0,0,0,0,0,0
606,44240,94,1,0,0,0,0,0,0,0,0,0,0,0,0
607,43954,0,0,0,0,0,0,0,0,0,0,0,0,0,0
608,43954,0,0,0,0,0,0,0,0,0,0,0,0,0,0
609,43954,0,0,0,0,0,0,0,0,0,0,0,0,0,0
610,50622,2108,86,0,0,0,0,0,0,0,0,0,0,0,0
611,64773,6809,98,1,0,0,0,0,0,0,0,0,0,0,0
612,71586,9060,113,0,0,0,0,0,0,0,0,0,0,0,0
613,57845,4541,67,0,0,0,0,0,0,0,0,0,0,0,0
614,57177,4345,47,0,0,0,0,0,0,0,0,0,0,0,0
615,51526,2488,27,0,0,1,0,0,0,0,0,0,0,0,0
616,51110,2352,25,0,0,0,0,0,0,0,0,0,0,0,0
617,51719,2547,31,0,0,0,0,0,0,0,0,0,0,0,0
618,52160,2686,37,0,0,0,0,0,0,0,0,0,0,0,0
619,49617,1861,20,0,0,0,0,0,0,0,0,0,0,0,0
620,51426,2444,35,0,0,0,0,0,0,0,0,0,0,0,0
621,47736,1238,17,0,0,0,0,0,0,0,0,0,0,0,0
622,45273,429,8,0,0,0,0,0,0,0,0,0,0,0,0
623,45034,352,6,0,0,0,0,0,0,0,0,0,0,0,0
624,46349,789,7,0,0,0,0,0,0,0,0,0,0,0,0
625,53502,3064,89,0,0,0,0,0,0,0,0,0,0,0,0
626,65709,7117,101,1,0,0,0,0,0,0,0,0,0,0,0
627,74627,10055,127,0,0,0,0,0,0,0,0,0,0,0,0
628,69172,8262,108,0,0,0,0,0,0,0,0,0,0,0,0
629,84256,13238,147,0,0,16,0,0,0,0,0,0,0,0,0
630,80762,12044,169,0,0,10,0,0,0,0,0,0,0,0,0
631,67903,7831,114,0,0,2,0,0,0,0,0,0,0,0,0
632,65297,7013,76,0,0,0,0,0,0,0,0,0,0,0,0
633,55092,3642,53,0,0,0,0,0,0,0,0,0,0,0,0
634,58832,4862,73,0,0,1,0,0,0,0,0,0,0,0,0
635,58683,4831,59,0,0,1,0,0,0,0,0,0,0,0,0
636,51241,2369,45,0,0,0,0,0,0,0,0,0,0,0,0
637,49894,1940,30,0,0,0,0,0,0,0,0,0,0,0,0
638,45253,421,9,0,0,0,0,0,0,0,0,0,0,0,0
639,45360,458,8,0,0,0,0,0,0,0,0,0,0,0,0
640,53144,2942,91,0,0,0,0,0,0,0,0,0,0,0,0
641,69705,8429,116,1,0,0,0,0,0,0,0,0,0,0,0
642,74062,9860,132,0,0,0,0,0,0,0,0,0,0,0,0
643,60037,5269,69,0,0,0,0,0,0,0,0,0,0,0,0
644,55331,3735,43,0,0,0,0,0,0,0,0,0,0,0,0
645,54529,3481,33,0,0,3,0,0,0,0,0,0,0,0,0
646,54333,3397,47,0,0,2,0,0,0,0,0,0,0,0,0
647,64092,6606,80,0,0,0,0,0,0,0,0,0,0,0,0
648,53886,3252,44,0,0,0,0,0,0,0,0,0,0,0,0
649,51862,2572,48,0,0,0,0,0,0,0,0,0,0,0,0
650,45924,638,14,0,0,0,0,0,0,0,0,0,0,0,0
651,43994,12,1,0,0,0,0,0,0,0,0,0,0,0,0
652,43954,0,0,0,0,0,0,0,0,0,0,0,0,0,0
653,43954,0,0,0,0,0,0,0,0,0,0,0,0,0,0
654,43954,0,0,0,0,0,0,0,0,0,0,0,0,0,0
655,49928,1886,79,0,0,0,0,0,0,0,0,0,0,0,0
656,64742,6792,103,1,0,0,0,0,0,0,0,0,0,0,0
657,71384,8990,115,0,0,0,0,0,0,0,0,0,0,0,0
658,70256,8634,100,0,1,4,0,0,0,0,0,0,0,0,0
659,73221,9613,107,0,0,1,0,0,0,0,0,0,0,0,0
660,60774,5524,62,0,0,6,0,0,0,0,0,0,0,0,0
661,64344,6694,77,0,0,3,2,0,0,0,0,0,0,0,0
662,66138,7260,101,0,0,0,0,0,0,0,0,0,0,0,0
663,60801,5505,83,0,0,0,0,0,0,0,0,0,0,0,0
664,56961,4245,68,0,0,0,0,0,0,0,0,0,0,0,0
665,60155,5331,52,0,0,0,0,0,0,0,0,0,0,0,0
666,62293,6025,66,0,0,0,0,0,0,0,0,0,0,0,0
667,61316,5686,76,0,0,1,0,0,0,0,0,0,0,0,0
668,60622,5464,69,0,0,0,0,0,0,0,0,0,0,0,0
669,50787,2231,35,0,0,0,0,0,0,0,0,0,0,0,0
670,59304,4958,119,0,0,0,0,0,0,0,0,0,0,0,0
671,72046,9196,126,1,0,0,0,0,0,0,0,0,0,0,0
672,73881,9789,140,0,0,0,0,0,0,0,0,0,0,0,0
673,67642,7752,108,0,1,1,0,0,0,0,0,0,0,0,0
674,66462,7392,83,0,0,0,0,0,0,0,0,0,0,0,0
675,54269,3389,37,0,0,0,0,0,0,0,0,0,0,0,0
676,50847,2255,32,0,0,0,0,0,0,0,0,0,0,0,0
677,50797,2257,18,0,0,0,0,0,0,0,0,0,0,0,0
678,49069,1677,21,0,0,0,0,0,0,0,0,0,0,0,0
679,47406,1120,23,0,0,0,0,0,0,0,0,0,0,0,0
680,44658,228,5,0,0,0,0,0,0,0,0,0,0,0,0
681,43985,9,1,0,0,0,0,0,0,0,0,0,0,0,0
682,43954,0,0,0,0,0,0,0,0,0,0,0,0,0,0
683,43954,0,0,0,0,0,0,0,0,0,0,0,0,0,0
684,43954,0,0,0,0,0,0,0,0,0,0,0,0,0,0
685,50094,1940,80,0,0,0,0,0,0,0,0,0,0,0,0
686,65984,7198,109,1,0,0,0,0,0,0,0,0,0,0,0
687,72184,9254,117,0,0,0,0,0,0,0,0,0,0,0,0
688,65788,7150,96,0,0,0,0,0,0,0,0,0,0,0,0
689,65899,7195,90,0,0,0,0,0,0,0,0,0,0,0,0
690,57813,4553,50,0,0,2,0,0,0,0,0,0,0,0,0
691,58838,4884,58,0,0,9,1,0,0,0,0,0,0,0,0
692,64281,6677,74,0,0,6,1,0,0,0,0,0,0,0,0
693,53914,3248,54,0,0,1,0,0,0,0,0,0,0,0,0
694,55150,3668,48,0,0,1,1,0,0,0,0,0,0,0,0
695,65262,6972,98,0,0,0,0,0,0,0,0,0,0,0,0
696,61301,5661,91,0,0,0,0,0,0,0,0,0,0,0,0
697,56595,4135,59,0,0,0,0,0,0,0,0,0,0,0,0
698,58811,4895,43,0,0,0,0,0,0,0,0,0,0,0,0
699,52312,2742,33,0,0,0,0,0,0,0,0,0,0,0,0
700,49016,1650,28,0,0,2,0,0,0,0,0,0,0,0,0
701,49346,1752,34,0,0,0,0,0,0,0,0,0,0,0,0
702,54217,3369,39,0,0,0,0,0,0,0,0,0,0,0,0
703,51301,2401,36,0,0,0,0,0,0,0,0,0,0,0,0
704,47418,1128,20,0,0,0,0,0,0,0,0,0,0,0,0
705,44361,129,5,0,0,0,0,0,0,0,0,0,0,0,0
706,44797,269,9,0,0,0,0,0,0,0,0,0,0,0,0
707,45812,594,19,0,0,0,0,0,0,0,0,0,0,0,0
708,44581,201,6,0,0,0,0,0,0,0,0,0,0,0,0
709,44950,320,9,0,0,0,0,0,0,0,0,0,0,0,0
710,46220,730,19,0,0,2,0,0,0,0,0,0,0,0,0
711,47485,1141,27,0,0,3,0,0,0,0,0,0,0,0,0
712,44978,328,10,0,0,0,0,0,0,0,0,0,0,0,0
713,44177,73,1,0,0,0,0,0,0,0,0,0,0,0,0
714,45644,542,16,0,0,0,0,0,0,0,0,0,0,0,0
715,44551,187,9,0,0,0,0,0,0,0,0,0,0,0,0
716,44876,294,10,0,0,0,0,0,0,0,0,0,0,0,0
717,46341,769,20,0,0,0,0,0,0,0,0,0,0,0,0
718,45591,531,11,0,0,0,0,0,0,0,0,0,0,0,0
719,45472,490,12,0,0,0,0,0,0,0,0,0,0,0,0
720,46218,728,20,0,0,0,0,0,0,0,0,0,0,0,0
721,44726,244,10,0,0,1,0,0,0,0,0,0,0,0,0
722,45418,472,12,0,0,1,0,0,0,0,0,0,0,0,0
723,46362,776,20,0,0,0,0,0,0,0,0,0,0,0,0
724,44678,232,7,0,0,0,0,0,0,0,0,0,0,0,0
725,45258,420,11,0,0,2,0,0,0,0,0,0,0,0,0
726,49901,1933,37,0,0,2,0,0,0,0,0,0,0,0,0
727,46291,755,18,0,0,0,0,0,0,0,0,0,0,0,0
728,45158,388,10,0,0,0,0,0,0,0,0,0,0,0,0
729,47080,1010,24,0,0,0,0,0,0,0,0,0,0,0,0
730,47843,1275,16,0,0,0,0,0,0,0,0,0,0,0,0
731,46881,957,14,0,0,1,0,0,0,0,0,0,0,0,0
732,46506,824,20,0,0,1,0,0,0,0,0,0,0,0,0
733,48626,1528,22,0,0,0,0,0,0,0,0,0,0,0,0
734,45443,479,13,0,0,2,0,0,0,0,0,0,0,0,0
735,49446,1784,35,0,0,1,0,0,0,0,0,0,0,0,0
736,45933,645,11,0,0,3,0,0,0,0,0,0,0,0,0
737,51288,2386,44,0,0,2,0,0,0,0,0,0,0,0,0
738,52404,2754,47,0,0,0,0,0,0,0,0,0,0,0,0
739,50498,2128,40,0,0,2,0,0,0,0,0,0,0,0,0
740,53840,3230,49,0,0,4,0,0,0,0,0,0,0,0,0
741,58529,4753,79,0,0,5,0,0,0,0,0,0,0,0,0
742,63504,6382,101,0,0,7,0,0,0,0,0,0,0,0,0
743,70924,8830,120,0,0,1,0,0,0,0,0,0,0,0,0
744,63922,6516,105,0,0,0,0,0,0,0,0,0,0,0,0
745,63135,6279,86,0,0,0,0,0,0,0,0,0,0,0,0
746,64487,6711,100,0,0,1,0,0,0,0,0,0,0,0,0
747,62533,6069,93,0,0,0,0,0,0,0,0,0,0,0,0
748,61672,5802,78,0,0,0,1,0,0,0,0,0,0,0,0
749,57350,4360,79,0,0,0,0,0,0,0,0,0,0,0,0
750,58882,4868,81,0,0,1,0,0,0,0,0,0,0,0,0
751,60531,5415,83,0,0,2,0,0,0,0,0,0,0,0,0
752,60208,5306,84,0,0,0,0,0,0,0,0,0,0,0,0
753,57046,4268,72,0,0,0,0,0,0,0,0,0,0,0,0
754,63533,6425,76,0,0,0,0,0,0,0,0,0,0,0,0
755,61168,5630,81,0,0,0,0,0,0,0,0,0,0,0,0
756,53091,2959,65,0,0,0,0,0,0,0,0,0,0,0,0
757,51982,2616,45,0,0,0,0,0,0,0,0,0,0,0,0
758,53671,3187,39,0,0,0,0,0,0,0,0,0,0,0,0
759,47791,1239,30,0,0,0,0,0,0,0,0,0,0,0,0
760,46764,914,17,0,0,0,0,0,0,0,0,0,0,0,0
761,45975,647,20,0,0,0,0,0,0,0,0,0,0,0,0
762,47091,1015,23,0,0,1,0,0,0,0,0,0,0,0,0
763,46725,901,17,0,0,0,0,0,0,0,0,0,0,0,0
764,45239,423,4,0,0,0,0,0,0,0,0,0,0,0,0
765,44722,252,3,0,0,0,0,0,0,0,0,0,0,0,0
766,44896,310,3,0,0,0,0,0,0,0,0,0,0,0,0
767,45874,628,9,0,0,0,0,0,0,0,0,0,0,0,0
768,43954,0,0,0,0,0,0,0,0,0,0,0,0,0,0
769,43954,0,0,0,0,0,0,0,0,0,0,0,0,0,0
770,43954,0,0,0,0,0,0,0,0,0,0,0,0,0,0
771,43954,0,0,0,0,0,0,0,0,0,0,0,0,0,0
772,43954,0,0,0,0,0,0,0,0,0,0,0,0,0,0
773,43954,0,0,0,0,0,0,0,0,0,0,0,0,0,0
774,43954,0,0,0,0,0,0,0,0,0,0,0,0,0,0
775,43954,0,0,0,0,0,0,0,0,0,0,0,0,0,0
776,43954,0,0,0,0,0,0,0,0,0,0,0,0,0,0
777,43954,0,0,0,0,0,0,0,0,0,0,0,0,0,0
778,43954,0,0,0,0,0,0,0,0,0,0,0,0,0,0
779,43954,0,0,0,0,0,0,0,0,0,0,0,0,0,0
780,43954,0,0,0,0,0,0,0,0,0,0,0,0,0,0
781,43954,0,0,0,0,0,0,0,0,0,0,0,0,0,0
782,43954,0,0,0,0,0,0,0,0,0,0,0,0,0,0
783,43954,0,0,0,0,0,0,0,0,0,0,0,0,0,0
784,43954,0,0,0,0,0,0,0,0,0,0,0,0,0,0
785,43954,0,0,0,0,0,0,0,0,0,0,0,0,0,0
786,43954,0,0,0,0,0,0,0,0,0,0,0,0,0,0
787,43954,0,0,0,0,0,0,0,0,0,0,0,0,0,0
788,43954,0,0,0,0,0,0,0,0,0,0,0,0,0,0
789,43954,0,0,0,0,0,0,0,0,0,0,0,0,0,0
790,43954,0,0,0,0,0,0,0,0,0,0,0,0,0,0
791,43954,0,0,0,0,0,0,0,0,0,0,0,0,0,0
792,43954,0,0,0,0,0,0,0,0,0,0,0,0,0,0
793,43954,0,0,0,0,0,0,0,0,0,0,0,0,0,0
794,43954,0,0,0,0,0,0,0,0,0,0,0,0,0,0
795,43954,0,0,0,0,0,0,0,0,0,0,0,0,0,0
796,43954,0,0,0,0,0,0,0,0,0,0,0,0,0,0
797,43954,0,0,0,0,0,0,0,0,0,0,0,0,0,0
798,43954,0,0,0,0,0,0,0,0,0,0,0,0,0,0
799,43954,0,0,0,0,0,0,0,0,0,0,0,0,0,0
800,43954,0,0,0,0,0,0,0,0,0,0,0,0,0,0
801,43954,0,0,0,0,0,0,0,0,0,0,0,0,0,0
802,43954,0,0,0,0,0,0,0,0,0,0,0,0,0,0
803,43954,0,0,0,0,0,0,0,0,0,0,0,0,0,0
804,43954,0,0,0,0,0,0,0,0,0,0,0,0,0,0
805,43954,0,0,0,0,0,0,0,0,0,0,0,0,0,0
806,43954,0,0,0,0,0,0,0,0,0,0,0,0,0,0
807,43954,0,0,0,0,0,0,0,0,0,0,0,0,0,0
808,43954,0,0,0,0,0,0,0,0,0,0,0,0,0,0
809,43954,0,0,0,0,0,0,0,0,0,0,0,0,0,0
810,43954,0,0,0,0,0,0,0,0,0,0,0,0,0,0
811,43954,0,0,0,0,0,0,0,0,0,0,0,0,0,0
812,43954,0,0,0,0,0,0,0,0,0,0,0,0,0,0
813,43954,0,0,0,0,0,0,0,0,0,0,0,0,0,0
814,43954,0,0,0,0,0,0,0,0,0,0,0,0,0,0
815,43954,0,0,0,0,0,0,0,0,0,0,0,0,0,0
816,43954,0,0,0,0,0,0,0,0,0,0,0,0,0,0
817,43954,0,0,0,0,0,0,0,0,0,0,0,0,0,0
818,43954,0,0,0,0,0,0,0,0,0,0,0,0,0,0
819,43954,0,0,0,0,0,0,0,0,0,0,0,0,0,0
820,43954,0,0,0,0,0,0,0,0,0,0,0,0,0,0
821,43954,0,0,0,0,0,0,0,0,0,0,0,0,0,0
822,43954,0,0,0,0,0,0,0,0,0,0,0,0,0,0
823,43954,0,0,0,0,0,0,0,0,0,0,0,0,0,0
824,43954,0,0,0,0,0,0,0,0,0,0,0,0,0,0
825,43954,0,0,0,0,0,0,0,0,0,0,0,0,0,0
826,43954,0,0,0,0,0,0,0,0,0,0,0,0,0,0
827,43954,0,0,0,0,0,0,0,0,0,0,0,0,0,0
828,43954,0,0,0,0,0,0,0,0,0,0,0,0,0,0
829,43954,0,0,0,0,0,0,0,0,0,0,0,0,0,0
830,43954,0,0,0,0,0,0,0,0,0,0,0,0,0,0
831,43954,0,0,0,0,0,0,0,0,0,0,0,0,0,0
832,43954,0,0,0,0,0,0,0,0,0,0,0,0,0,0
833,43954,0,0,0,0,0,0,0,0,0,0,0,0,0,0
834,43954,0,0,0,0,0,0,0,0,0,0,0,0,0,0
835,43954,0,0,0,0,0,0,0,0,0,0,0,0,0,0
836,43954,0,0,0,0,0,0,0,0,0,0,0,0,0,0
837,43954,0,0,0,0,0,0,0,0,0,0,0,0,0,0
838,43954,0,0,0,0,0,0,0,0,0,0,0,0,0,0
839,43954,0,0,0,0,0,0,0,0,0,0,0,0,0,0
840,43954,0,0,0,0,0,0,0,0,0,0,0,0,0,0
841,43954,0,0,0,0,0,0,0,0,0,0,0,0,0,0
842,43954,0,0,0,0,0,0,0,0,0,0,0,0,0,0
843,43954,0,0,0,0,0,0,0,0,0,0,0,0,0,0
844,43954,0,0,0,0,0,0,0,0,0,0,0,0,0,0
845,43954,0,0,0,0,0,0,0,0,0,0,0,0,0,0
846,43954,0,0,0,0,0,0,0,0,0,0,0,0,0,0
847,43954,0,0,0,0,0,0,0,0,0,0,0,0,0,0
848,43954,0,0,0,0,0,0,0,0,0,0,0,0,0,0
849,43954,0,0,0,0,0,0,0,0,0,0,0,0,0,0
850,43954,0,0,0,0,0,0,0,0,0,0,0,0,0,0
851,43954,0,0,0,0,0,0,0,0,0,0,0,0,0,0
852,43954,0,0,0,0,0,0,0,0,0,0,0,0,0,0
853,43954,0,0,0,0,0,0,0,0,0,0,0,0,0,0
854,43954,0,0,0,0,0,0,0,0,0,0,0,0,0,0
855,43954,0,0,0,0,0,0,0,0,0,0,0,0,0,0
856,43954,0,0,0,0,0,0,0,0,0,0,0,0,0,0
857,43954,0,0,0,0,0,0,0,0,0,0,0,0,0,0
858,43954,0,0,0,0,0,0,0,0,0,0,0,0,0,0
859,43954,0,0,0,0,0,0,0,0,0,0,0,0,0,0
860,43954,0,0,0,0,0,0,0,0,0,0,0,0,0,0
861,43954,0,0,0,0,0,0,0,0,0,0,0,0,0,0
862,43954,0,0,0,0,0,0,0,0,0,0,0,0,0,0
863,43954,0,0,0,0,0,0,0,0,0,0,0,0,0,0
864,43954,0,0,0,0,0,0,0,0,0,0,0,0,0,0
865,43954,0,0,0,0,0,0,0,0,0,0,0,0,0,0
866,43954,0,0,0,0,0,0,0,0,0,0,0,0,0,0
867,43954,0,0,0,0,0,0,0,0,0,0,0,0,0,0
868,43954,0,0,0,0,0,0,0,0,0,0,0,0,0,0
869,43954,0,0,0,0,0,0,0,0,0,0,0,0,0,0
870,43954,0,0,0,0,0,0,0,0,0,0,0,0,0,0
871,43954,0,0,0,0,0,0,0,0,0,0,0,0,0,0
872,43954,0,0,0,0,0,0,0,0,0,0,0,0,0,0
873,43954,0,0,0,0,0,0,0,0,0,0,0,0,0,0
874,43954,0,0,0,0,0,0,0,0,0,0,0,0,0,0
875,43954,0,0,0,0,0,0,0,0,0,0,0,0,0,0
876,43954,0,0,0,0,0,0,0,0,0,0,0,0,0,0
877,43954,0,0,0,0,0,0,0,0,0,0,0,0,0,0
878,43954,0,0,0,0,0,0,0,0,0,0,0,0,0,0
879,43954,0,0,0,0,0,0,0,0,0,0,0,0,0,0
880,43954,0,0,0,0,0,0,0,0,0,0,0,0,0,0
881,43954,0,0,0,0,0,0,0,0,0,0,0,0,0,0
882,43954,0,0,0,0,0,0,0,0,0,0,0,0,0,0
883,43954,0,0,0,0,0,0,0,0,0,0,0,0,0,0
884,43954,0,0,0,0,0,0,0,0,0,0,0,0,0,0
885,43954,0,0,0,0,0,0,0,0,0,0,0,0,0,0
886,43954,0,0,0,0,0,0,0,0,0,0,0,0,0,0
887,43954,0,0,0,0,0,0,0,0,0,0,0,0,0,0
888,43954,0,0,0,0,0,0,0,0,0,0,0,0,0,0
889,43954,0,0,0,0,0,0,0,0,0,0,0,0,0,0
890,43954,0,0,0,0,0,0,0,0,0,0,0,0,0,0
891,43954,0,0,0,0,0,0,0,0,0,0,0,0,0,0
892,43954,0,0,0,0,0,0,0,0,0,0,0,0,0,0
893,43954,0,0,0,0,0,0,0,0,0,0,0,0,0,0
894,43954,0,0,0,0,0,0,0,0,0,0,0,0,0,0
895,43954,0,0,0,0,0,0,0,0,0,0,0,0,0,0
896,43954,0,0,0,0,0,0,0,0,0,0,0,0,0,0
897,43954,0,0,0,0,0,0,0,0,0,0,0,0,0,0
898,43954,0,0,0,0,0,0,0,0,0,0,0,0,0,0
899,43954,0,0,0,0,0,0,0,0,0,0,0,0,0,0
900,43954,0,0,0,0,0,0,0,0,0,0,0,0,0,0
901,43954,0,0,0,0,0,0,0,0,0,0,0,0,0,0
902,43954,0,0,0,0,0,0,0,0,0,0,0,0,0,0
903,43954,0,0,0,0,0,0,0,0,0,0,0,0,0,0
904,43954,0,0,0,0,0,0,0,0,0,0,0,0,0,0
905,43954,0,0,0,0,0,0,0,0,0,0,0,0,0,0
906,43954,0,0,0,0,0,0,0,0,0,0,0,0,0,0
907,43954,0,0,0,0,0,0,0,0,0,0,0,0,0,0
908,43954,0,0,0,0,0,0,0,0,0,0,0,0,0,0
909,43954,0,0,0,0,0,0,0,0,0,0,0,0,0,0
910,43954,0,0,0,0,0,0,0,0,0,0,0,0,0,0
911,43954,0,0,0,0,0,0,0,0,0,0,0,0,0,0
912,43954,0,0,0,0,0,0,0,0,0,0,0,0,0,0
913,43954,0,0,0,0,0,0,0,0,0,0,0,0,0,0
914,43954,0,0,0,0,0,0,0,0,0,0,0,0,0,0
915,43954,0,0,0,0,0,0,0,0,0,0,0,0,0,0
916,43954,0,0,0,0,0,0,0,0,0,0,0,0,0,0
917,43954,0,0,0,0,0,0,0,0,0,0,0,0,0,0
918,43954,0,0,0,0,0,0,0,0,0,0,0,0,0,0
919,43954,0,0,0,0,0,0,0,0,0,0,0,0,0,0
920,43954,0,0,0,0,0,0,0,0,0,0,0,0,0,0
921,43954,0,0,0,0,0,0,0,0,0,0,0,0,0,0
922,43954,0,0,0,0,0,0,0,0,0,0,0,0,0,0
923,43954,0,0,0,0,0,0,0,0,0,0,0,0,0,0
924,43954,0,0,0,0,0,0,0,0,0,0,0,0,0,0
925,43954,0,0,0,0,0,0,0,0,0,0,0,0,0,0
926,43954,0,0,0,0,0,0,0,0,0,0,0,0,0,0
927,43954,0,0,0,0,0,0,0,0,0,0,0,0,0,0
928,43954,0,0,0,0,0,0,0,0,0,0,0,0,0,0
929,43954,0,0,0,0,0,0,0,0,0,0,0,0,0,0
930,43954,0,0,0,0,0,0,0,0,0,0,0,0,0,0
931,43954,0,0,0,0,0,0,0,0,0,0,0,0,0,0
932,43954,0,0,0,0,0,0,0,0,0,0,0,0,0,0
933,43954,0,0,0,0,0,0,0,0,0,0,0,0,0,0
934,43954,0,0,0,0,0,0,0,0,0,0,0,0,0,0
935,43954,0,0,0,0,0,0,0,0,0,0,0,0,0,0
936,43954,0,0,0,0,0,0,0,0,0,0,0,0,0,0
937,43954,0,0,0,0,0,0,0,0,0,0,0,0,0,0
938,43954,0,0,0,0,0,0,0,0,0,0,0,0,0,0
939,43954,0,0,0,0,0,0,0,0,0,0,0,0,0,0
940,43954,0,0,0,0,0,0,0,0,0,0,0,0,0,0
941,43954,0,0,0,0,0,0,0,0,0,0,0,0,0,0
942,43954,0,0,0,0,0,0,0,0,0,0,0,0,0,0
943,43954,0,0,0,0,0,0,0,0,0,0,0,0,0,0
944,43954,0,0,0,0,0,0,0,0,0,0,0,0,0,0
945,43954,0,0,0,0,0,0,0,0,0,0,0,0,0,0
946,43954,0,0,0,0,0,0,0,0,0,0,0,0,0,0
947,43954,0,0,0,0,0,0,0,0,0,0,0,0,0,0
948,43954,0,0,0,0,0,0,0,0,0,0,0,0,0,0
949,43954,0,0,0,0,0,0,0,0,0,0,0,0,0,0
950,43954,0,0,0,0,0,0,0,0,0,0,0,0,0,0
951,43954,0,0,0,0,0,0,0,0,0,0,0,0,0,0
952,43954,0,0,0,0,0,0,0,0,0,0,0,0,0,0
953,43954,0,0,0,0,0,0,0,0,0,0,0,0,0,0
954,43954,0,0,0,0,0,0,0,0,0,0,0,0,0,0
955,43954,0,0,0,0,0,0,0,0,0,0,0,0,0,0
956,43954,0,0,0,0,0,0,0,0,0,0,0,0,0,0
957,43954,0,0,0,0,0,0,0,0,0,0,0,0,0,0
958,43954,0,0,0,0,0,0,0,0,0,0,0,0,0,0
959,43954,0,0,0,0,0,0,0,0,0,0,0,0,0,0
960,43954,0,0,0,0,0,0,0,0,0,0,0,0,0,0
961,43954,0,0,0,0,0,0,0,0,0,0,0,0,0,0
962,43954,0,0,0,0,0,0,0,0,0,0,0,0,0,0
963,43954,0,0,0,0,0,0,0,0,0,0,0,0,0,0
964,43954,0,0,0,0,0,0,0,0,0,0,0,0,0,0
965,43954,0,0,0,0,0,0,0,0,0,0,0,0,0,0
966,43954,0,0,0,0,0,0,0,0,0,0,0,0,0,0
967,43954,0,0,0,0,0,0,0,0,0,0,0,0,0,0
968,43954,0,0,0,0,0,0,0,0,0,0,0,0,0,0
969,43954,0,0,0,0,0,0,0,0,0,0,0,0,0,0
970,43954,0,0,0,0,0,0,0,0,0,0,0,0,0,0
971,43954,0,0,0,0,0,0,0,0,0,0,0,0,0,0
972,43954,0,0,0,0,0,0,0,0,0,0,0,0,0,0
973,43954,0,0,0,0,0,0,0,0,0,0,0,0,0,0
974,43954,0,0,0,0,0,0,0,0,0,0,0,0,0,0
975,43954,0,0,0,0,0,0,0,0,0,0,0,0,0,0
976,43954,0,0,0,0,0,0,0,0,0,0,0,0,0,0
977,43954,0,0,0,0,0,0,0,0,0,0,0,0,0,0
978,43954,0,0,0,0,0,0,0,0,0,0,0,0,0,0
979,43954,0,0,0,0,0,0,0,0,0,0,0,0,0,0
980,43954,0,0,0,0,0,0,0,0,0,0,0,0,0,0
981,43954,0,0,0,0,0,0,0,0,0,0,0,0,0,0
982,43954,0,0,0,0,0,0,0,0,0,0,0,0,0,0
983,43954,0,0,0,0,0,0,0,0,0,0,0,0,0,0
984,43954,0,0,0,0,0,0,0,0,0,0,0,0,0,0
985,43954,0,0,0,0,0,0,0,0,0,0,0,0,0,0
986,43954,0,0,0,0,0,0,0,0,0,0,0,0,0,0
987,43954,0,0,0,0,0,0,0,0,0,0,0,0,0,0
988,43954,0,0,0,0,0,0,0,0,0,0,0,0,0,0
989,43954,0,0,0,0,0,0,0,0,0,0,0,0,0,0
990,43954,0,0,0,0,0,0,0,0,0,0,0,0,0,0
991,43954,0,0,0,0,0,0,0,0,0,0,0,0,0,0
992,43954,0,0,0,0,0,0,0,0,0,0,0,0,0,0
993,43954,0,0,0,0,0,0,0,0,0,0,0,0,0,0
994,43954,0,0,0,0,0,0,0,0,0,0,0,0,0,0
995,43954,0,0,0,0,0,0,0,0,0,0,0,0,0,0
996,43954,0,0,0,0,0,0,0,0,0,0,0,0,0,0
997,43954,0,0,0,0,0,0,0,0,0,0,0,0,0,0
998,43954,0,0,0,0,0,0,0,0,0,0,0,0,0,0
999,43954,0,0,0,0,0,0,0,0,0,0,0,0,0,0
1000,43954,0,0,0,0,0,0,0,0,0,0,0,0,0,0
1001,43954,0,0,0,0,0,0,0,0,0,0,0,0,0,0
1002,43954,0,0,0,0,0,0,0,0,0,0,0,0,0,0
1003,43954,0,0,0,0,0,0,0,0,0,0,0,0,0,0
1004,43954,0,0,0,0,0,0,0,0,0,0,0,0,0,0
1005,43954,0,0,0,0,0,0,0,0,0,0,0,0,0,0
1006,43954,0,0,0,0,0,0,0,0,0,0,0,0,0,0
1007,43954,0,0,0,0,0,0,0,0,0,0,0,0,0,0
1008,43954,0,0,0,0,0,0,0,0,0,0,0,0,0,0
1009,43954,0,0,0,0,0,0,0,0,0,0,0,0,0,0
1010,43954,0,0,0,0,0,0,0,0,0,0,0,0,0,0
1011,43954,0,0,0,0,0,0,0,0,0,0,0,0,0,0
1012,43954,0,0,0,0,0,0,0,0,0,0,0,0,0,0
1013,43954,0,0,0,0,0,0,0,0,0,0,0,0,0,0
1014,43954,0,0,0,0,0,0,0,0,0,0,0,0,0,0
1015,43954,0,0,0,0,0,0,0,0,0,0,0,0,0,0
1016,43954,0,0,0,0,0,0,0,0,0,0,0,0,0,0
1017,43954,0,0,0,0,0,0,0,0,0,0,0,0,0,0
1018,43954,0,0,0,0,0,0,0,0,0,0,0,0,0,0
1019,43954,0,0,0,0,0,0,0,0,0,0,0,0,0,0
1020,43954,0,0,0,0,0,0,0,0,0,0,0,0,0,0
1021,43954,0,0,0,0,0,0,0,0,0,0,0,0,0,0
1022,43954,0,0,0,0,0,0,0,0,0,0,0,0,0,0
1023,43954,0,0,0,0,0,0,0,0,0,0,0,0,0,0
1024,43954,0,0,0,0,0,0,0,0,0,0,0,0,0,0
1025,43954,0,0,0,0,0,0,0,0,0,0,0,0,0,0
1026,43954,0,0,0,0,0,0,0,0,0,0,0,0,0,0
1027,43954,0,0,0,0,0,0,0,0,0,0,0,0,0,0
1028,43954,0,0,0,0,0,0,0,0,0,0,0,0,0,0
1029,43954,0,0,0,0,0,0,0,0,0,0,0,0,0,0
1030,43954,0,0,0,0,0,0,0,0,0,0,0,0,0,0
1031,43954,0,0,0,0,0,0,0,0,0,0,0,0,0,0
1032,43954,0,0,0,0,0,0,0,0,0,0,0,0,0,0
1033,43954,0,0,0,0,0,0,0,0,0,0,0,0,0,0
1034,43954,0,0,0,0,0,0,0,0,0,0,0,0,0,0
1035,43954,0,0,0,0,0,0,0,0,0,0,0,0,0,0
1036,43954,0,0,0,0,0,0,0,0,0,0,0,0,0,0
1037,43954,0,0,0,0,0,0,0,0,0,0,0,0,0,0
1038,43954,0,0,0,0,0,0,0,0,0,0,0,0,0,0
1039,43954,0,0,0,0,0,0,0,0,0,0,0,0,0,0
1040,43954,0,0,0,0,0,0,0,0,0,0,0,0,0,0
1041,43954,0,0,0,0,0,0,0,0,0,0,0,0,0,0
1042,43954,0,0,0,0,0,0,0,0,0,0,0,0,0,0
1043,43954,0,0,0,0,0,0,0,0,0,0,0,0,0,0
1044,43954,0,0,0,0,0,0,0,0,0,0,0,0,0,0
1045,43954,0,0,0,0,0,0,0,0,0,0,0,0,0,0
1046,43954,0,0,0,0,0,0,0,0,0,0,0,0,0,0
1047,43954,0,0,0,0,0,0,0,0,0,0,0,0,0,0
1048,43954,0,0,0,0,0,0,0,0,0,0,0,0,0,0
1049,43954,0,0,0,0,0,0,0,0,0,0,0,0,0,0
1050,43954,0,0,0,0,0,0,0,0,0,0,0,0,0,0
1051,43954,0,0,0,0,0,0,0,0,0,0,0,0,0,0
1052,43954,0,0,0,0,0,0,0,0,0,0,0,0,0,0
1053,43954,0,0,0,0,0,0,0,0,0,0,0,0,0,0
1054,43954,0,0,0,0,0,0,0,0,0,0,0,0,0,0
1055,43954,0,0,0,0,0,0,0,0,0,0,0,0,0,0
1056,43954,0,0,0,0,0,0,0,0,0,0,0,0,0,0
1057,43954,0,0,0,0,0,0,0,0,0,0,0,0,0,0
1058,43954,0,0,0,0,0,0,0,0,0,0,0,0,0,0
1059,43954,0,0,0,0,0,0,0,0,0,0,0,0,0,0
1060,43954,0,0,0,0,0,0,0,0,0,0,0,0,0,0
1061,43954,0,0,0,0,0,0,0,0,0,0,0,0,0,0
1062,43954,0,0,0,0,0,0,0,0,0,0,0,0,0,0
1063,43954,0,0,0,0,0,0,0,0,0,0,0,0,0,0
1064,43954,0,0,0,0,0,0,0,0,0,0,0,0,0,0
1065,43954,0,0,0,0,0,0,0,0,0,0,0,0,0,0
1066,43954,0,0,0,0,0,0,0,0,0,0,0,0,0,0
1067,43954,0,0,0,0,0,0,0,0,0,0,0,0,0,0
1068,43954,0,0,0,0,0,0,0,0,0,0,0,0,0,0
1069,43954,0,0,0,0,0,0,0,0,0,0,0,0,0,0
1070,43954,0,0,0,0,0,0,0,0,0,0,0,0,0,0
1071,43954,0,0,0,0,0,0,0,0,0,0,0,0,0,0
1072,43954,0,0,0,0,0,0,0,0,0,0,0,0,0,0
1073,43954,0,0,0,0,0,0,0,0,0,0,0,0,0,0
1074,43954,0,0,0,0,0,0,0,0,0,0,0,0,0,0
1075,43954,0,0,0,0,0,0,0,0,0,0,0,0,0,0
1076,43954,0,0,0,0,0,0,0,0,0,0,0,0,0,0
1077,43954,0,0,0,0,0,0,0,0,0,0,0,0,0,0
1078,43954,0,0,0,0,0,0,0,0,0,0,0,0,0,0
1079,43954,0,0,0,0,0,0,0,0,0,0,0,0,0,0
1080,43954,0,0,0,0,0,0,0,0,0,0,0,0,0,0
1081,43954,0,0,0,0,0,0,0,0,0,0,0,0,0,0
1082,43954,0,0,0,0,0,0,0,0,0,0,0,0,0,0
1083,43954,0,0,0,0,0,0,0,0,0,0,0,0,0,0
1084,43954,0,0,0,0,0,0,0,0,0,0,0,0,0,0
1085,43954,0,0,0,0,0,0,0,0,0,0,0,0,0,0
1086,43954,0,0,0,0,0,0,0,0,0,0,0,0,0,0
1087,43954,0,0,0,0,0,0,0,0,0,0,0,0,0,0
1088,43954,0,0,0,0,0,0,0,0,0,0,0,0,0,0
1089,43954,0,0,0,0,0,0,0,0,0,0,0,0,0,0
1090,43954,0,0,0,0,0,0,0,0,0,0,0,0,0,0
1091,43954,0,0,0,0,0,0,0,0,0,0,0,0,0,0
1092,43954,0,0,0,0,0,0,0,0,0,0,0,0,0,0
1093,43954,0,0,0,0,0,0,0,0,0,0,0,0,0,0
1094,43954,0,0,0,0,0,0,0,0,0,0,0,0,0,0
1095,43954,0,0,0,0,0,0,0,0,0,0,0,0,0,0
1096,43954,0,0,0,0,0,0,0,0,0,0,0,0,0,0
1097,43954,0,0,0,0,0,0,0,0,0,0,0,0,0,0
1098,43954,0,0,0,0,0,0,0,0,0,0,0,0,0,0
1099,43954,0,0,0,0,0,0,0,0,0,0,0,0,0,0
1100,43954,0,0,0,0,0,0,0,0,0,0,0,0,0,0
1101,43954,0,0,0,0,0,0,0,0,0,0,0,0,0,0
1102,43954,0,0,0,0,0,0,0,0,0,0,0,0,0,0
1103,43954,0,0,0,0,0,0,0,0,0,0,0,0,0,0
1104,43954,0,0,0,0,0,0,0,0,0,0,0,0,0,0
1105,43954,0,0,0,0,0,0,0,0,0,0,0,0,0,0
1106,43954,0,0,0,0,0,0,0,0,0,0,0,0,0,0
1107,43954,0,0,0,0,0,0,0,0,0,0,0,0,0,0
1108,43954,0,0,0,0,0,0,0,0,0,0,0,0,0,0
1109,43954,0,0,0,0,0,0,0,0,0,0,0,0,0,0
1110,43954,0,0,0,0,0,0,0,0,0,0,0,0,0,0
1111,43954,0,0,0,0,0,0,0,0,0,0,0,0,0,0
1112,43954,0,0,0,0,0,0,0,0,0,0,0,0,0,0
1113,43954,0,0,0,0,0,0,0,0,0,0,0,0,0,0
1114,43954,0,0,0,0,0,0,0,0,0,0,0,0,0,0
1115,43954,0,0,0,0,0,0,0,0,0,0,0,0,0,0
1116,43954,0,0,0,0,0,0,0,0,0,0,0,0,0,0
1117,43954,0,0,0,0,0,0,0,0,0,0,0,0,0,0
1118,43954,0,0,0,0,0,0,0,0,0,0,0,0,0,0
1119,43954,0,0,0,0,0,0,0,0,0,0,0,0,0,0
1120,43954,0,0,0,0,0,0,0,0,0,0,0,0,0,0
1121,43954,0,0,0,0,0,0,0,0,0,0,0,0,0,0
1122,43954,0,0,0,0,0,0,0,0,0,0,0,0,0,0
1123,43954,0,0,0,0,0,0,0,0,0,0,0,0,0,0
1124,43954,0,0,0,0,0,0,0,0,0,0,0,0,0,0
1125,43954,0,0,0,0,0,0,0,0,0,0,0,0,0,0
1126,43954,0,0,0,0,0,0,0,0,0,0,0,0,0,0
1127,43954,0,0,0,0,0,0,0,0,0,0,0,0,0,0
1128,43954,0,0,0,0,0,0,0,0,0,0,0,0,0,0
1129,43954,0,0,0,0,0,0,0,0,0,0,0,0,0,0
1130,43954,0,0,0,0,0,0,0,0,0,0,0,0,0,0
1131,43954,0,0,0,0,0,0,0,0,0,0,0,0,0,0
1132,43954,0,0,0,0,0,0,0,0,0,0,0,0,0,0
1133,43954,0,0,0,0,0,0,0,0,0,0,0,0,0,0
1134,43954,0,0,0,0,0,0,0,0,0,0,0,0,0,0
1135,43954,0,0,0,0,0,0,0,0,0,0,0,0,0,0
1136,43954,0,0,0,0,0,0,0,0,0,0,0,0,0,0
1137,43954,0,0,0,0,0,0,0,0,0,0,0,0,0,0
1138,43954,0,0,0,0,0,0,0,0,0,0,0,0,0,0
1139,43954,0,0,0,0,0,0,0,0,0,0,0,0,0,0
1140,43954,0,0,0,0,0,0,0,0,0,0,0,0,0,0
1141,43954,0,0,0,0,0,0,0,0,0,0,0,0,0,0
1142,43954,0,0,0,0,0,0,0,0,0,0,0,0,0,0
1143,43954,0,0,0,0,0,0,0,0,0,0,0,0,0,0
1144,43954,0,0,0,0,0,0,0,0,0,0,0,0,0,0
1145,43954,0,0,0,0,0,0,0,0,0,0,0,0,0,0
1146,43954,0,0,0,0,0,0,0,0,0,0,0,0,0,0
1147,43954,0,0,0,0,0,0,0,0,0,0,0,0,0,0
1148,43954,0,0,0,0,0,0,0,0,0,0,0,0,0,0
1149,43954,0,0,0,0,0,0,0,0,0,0,0,0,0,0
1150,43954,0,0,0,0,0,0,0,0,0,0,0,0,0,0
1151,43954,0,0,0,0,0,0,0,0,0,0,0,0,0,0
1152,43954,0,0,0,0,0,0,0,0,0,0,0,0,0,0
1153,43954,0,0,0,0,0,0,0,0,0,0,0,0,0,0
1154,43954,0,0,0,0,0,0,0,0,0,0,0,0,0,0
1155,43954,0,0,0,0,0,0,0,0,0,0,0,0,0,0
1156,43954,0,0,0,0,0,0,0,0,0,0,0,0,0,0
1157,43954,0,0,0,0,0,0,0,0,0,0,0,0,0,0
1158,43954,0,0,0,0,0,0,0,0,0,0,0,0,0,0
1159,43954,0,0,0,0,0,0,0,0,0,0,0,0,0,0
1160,43954,0,0,0,0,0,0,0,0,0,0,0,0,0,0
1161,43954,0,0,0,0,0,0,0,0,0,0,0,0,0,0
1162,43954,0,0,0,0,0,0,0,0,0,0,0,0,0,0
1163,43954,0,0,0,0,0,0,0,0,0,0,0,0,0,0
1164,43954,0,0,0,0,0,0,0,0,0,0,0,0,0,0
1165,43954,0,0,0,0,0,0,0,0,0,0,0,0,0,0
1166,43954,0,0,0,0,0,0,0,0,0,0,0,0,0,0
1167,43954,0,0,0,0,0,0,0,0,0,0,0,0,0,0
1168,43954,0,0,0,0,0,0,0,0,0,0,0,0,0,0
1169,43954,0,0,0,0,0,0,0,0,0,0,0,0,0,0
1170,43954,0,0,0,0,0,0,0,0,0,0,0,0,0,0
1171,43954,0,0,0,0,0,0,0,0,0,0,0,0,0,0
1172,43954,0,0,0,0,0,0,0,0,0,0,0,0,0,0
1173,43954,0,0,0,0,0,0,0,0,0,0,0,0,0,0
1174,43954,0,0,0,0,0,0,0,0,0,0,0,0,0,0
1175,43954,0,0,0,0,0,0,0,0,0,0,0,0,0,0
1176,43954,0,0,0,0,0,0,0,0,0,0,0,0,0,0
1177,43954,0,0,0,0,0,0,0,0,0,0,0,0,0,0
1178,43954,0,0,0,0,0,0,0,0,0,0,0,0,0,0
1179,43954,0,0,0,0,0,0,0,0,0,0,0,0,0,0
1180,43954,0,0,0,0,0,0,0,0,0,0,0,0,0,0
1181,43954,0,0,0,0,0,0,0,0,0,0,0,0,0,0
1182,43954,0,0,0,0,0,0,0,0,0,0,0,0,0,0
1183,43954,0,0,0,0,0,0,0,0,0,0,0,0,0,0
1184,43954,0,0,0,0,0,0,0,0,0,0,0,0,0,0
1185,43954,0,0,0,0,0,0,0,0,0,0,0,0,0,0
1186,43954,0,0,0,0,0,0,0,0,0,0,0,0,0,0
1187,43954,0,0,0,0,0,0,0,0,0,0,0,0,0,0
1188,43954,0,0,0,0,0,0,0,0,0,0,0,0,0,0
1189,43954,0,0,0,0,0,0,0,0,0,0,0,0,0,0
1190,43954,0,0,0,0,0,0,0,0,0,0,0,0,0,0
1191,43954,0,0,0,0,0,0,0,0,0,0,0,0,0,0
1192,43954,0,0,0,0,0,0,0,0,0,0,0,0,0,0
1193,43954,0,0,0,0,0,0,0,0,0,0,0,0,0,0
1194,43954,0,0,0,0,0,0,0,0,0,0,0,0,0,0
1195,43954,0,0,0,0,0,0,0,0,0,0,0,0,0,0
1196,43954,0,0,0,0,0,0,0,0,0,0,0,0,0,0
1197,43954,0,0,0,0,0,0,0,0,0,0,0,0,0,0
1198,43954,0,0,0,0,0,0,0,0,0,0,0,0,0,0
1199,43954,0,0,0,0,0,0,0,0,0,0,0,0,0,0
1200,43954,0,0,0,0,0,0,0,0,0,0,0,0,0,0
1201,43954,0,0,0,0,0,0,0,0,0,0,0,0,0,0
1202,43954,0,0,0,0,0,0,0,0,0,0,0,0,0,0
1203,43954,0,0,0,0,0,0,0,0,0,0,0,0,0,0
1204,43954,0,0,0,0,0,0,0,0,0,0,0,0,0,0
1205,43954,0,0,0,0,0,0,0,0,0,0,0,0,0,0
1206,43954,0,0,0,0,0,0,0,0,0,0,0,0,0,0
1207,43954,0,0,0,0,0,0,0,0,0,0,0,0,0,0
1208,43954,0,0,0,0,0,0,0,0,0,0,0,0,0,0
1209,43954,0,0,0,0,0,0,0,0,0,0,0,0,0,0
1210,43954,0,0,0,0,0,0,0,0,0,0,0,0,0,0
1211,43954,0,0,0,0,0,0,0,0,0,0,0,0,0,0
1212,43954,0,0,0,0,0,0,0,0,0,0,0,0,0,0
1213,43954,0,0,0,0,0,0,0,0,0,0,0,0,0,0
1214,43954,0,0,0,0,0,0,0,0,0,0,0,0,0,0
1215,43954,0,0,0,0,0,0,0,0,0,0,0,0,0,0
1216,43954,0,0,0,0,0,0,0,0,0,0,0,0,0,0
1217,43954,0,0,0,0,0,0,0,0,0,0,0,0,0,0
1218,43954,0,0,0,0,0,0,0,0,0,0,0,0,0,0
1219,43954,0,0,0,0,0,0,0,0,0,0,0,0,0,0
1220,43954,0,0,0,0,0,0,0,0,0,0,0,0,0,0
1221,43954,0,0,0,0,0,0,0,0,0,0,0,0,0,0
1222,43954,0,0,0,0,0,0,0,0,0,0,0,0,0,0
1223,43954,0,0,0,0,0,0,0,0,0,0,0,0,0,0
1224,43954,0,0,0,0,0,0,0,0,0,0,0,0,0,0
1225,43954,0,0,0,0,0,0,0,0,0,0,0,0,0,0
1226,43954,0,0,0,0,0,0,0,0,0,0,0,0,0,0
1227,43954,0,0,0,0,0,0,0,0,0,0,0,0,0,0
1228,43954,0,0,0,0,0,0,0,0,0,0,0,0,0,0
1229,43954,0,0,0,0,0,0,0,0,0,0,0,0,0,0
1230,43954,0,0,0,0,0,0,0,0,0,0,0,0,0,0
1231,43954,0,0,0,0,0,0,0,0,0,0,0,0,0,0
1232,43954,0,0,0,0,0,0,0,0,0,0,0,0,0,0
1233,43954,0,0,0,0,0,0,0,0,0,0,0,0,0,0
1234,43954,0,0,0,0,0,0,0,0,0,0,0,0,0,0
1235,43954,0,0,0,0,0,0,0,0,0,0,0,0,0,0
1236,43954,0,0,0,0,0,0,0,0,0,0,0,0,0,0
1237,43954,0,0,0,0,0,0,0,0,0,0,0,0,0,0
1238,43954,0,0,0,0,0,0,0,0,0,0,0,0,0,0
1239,43954,0,0,0,0,0,0,0,0,0,0,0,0,0,0
1240,43954,0,0,0,0,0,0,0,0,0,0,0,0,0,0
1241,43954,0,0,0,0,0,0,0,0,0,0,0,0,0,0
1242,43954,0,0,0,0,0,0,0,0,0,0,0,0,0,0
1243,43954,0,0,0,0,0,0,0,0,0,0,0,0,0,0
1244,43954,0,0,0,0,0,0,0,0,0,0,0,0,0,0
1245,43954,0,0,0,0,0,0,0,0,0,0,0,0,0,0
1246,43954,0,0,0,0,0,0,0,0,0,0,0,0,0,0
1247,43954,0,0,0,0,0,0,0,0,0,0,0,0,0,0
1248,43954,0,0,0,0,0,0,0,0,0,0,0,0,0,0
1249,43954,0,0,0,0,0,0,0,0,0,0,0,0,0,0
1250,43954,0,0,0,0,0,0,0,0,0,0,0,0,0,0
1251,43954,0,0,0,0,0,0,0,0,0,0,0,0,0,0
1252,43954,0,0,0,0,0,0,0,0,0,0,0,0,0,0
1253,43954,0,0,0,0,0,0,0,0,0,0,0,0,0,0
1254,43954,0,0,0,0,0,0,0,0,0,0,0,0,0,0
1255,43954,0,0,0,0,0,0,0,0,0,0,0,0,0,0
1256,43954,0,0,0,0,0,0,0,0,0,0,0,0,0,0
1257,43954,0,0,0,0,0,0,0,0,0,0,0,0,0,0
1258,43954,0,0,0,0,0,0,0,0,0,0,0,0,0,0
1259,43954,0,0,0,0,0,0,0,0,0,0,0,0,0,0
1260,43954,0,0,0,0,0,0,0,0,0,0,0,0,0,0
1261,43954,0,0,0,0,0,0,0,0,0,0,0,0,0,0
1262,43954,0,0,0,0,0,0,0,0,0,0,0,0,0,0
1263,43954,0,0,0,0,0,0,0,0,0,0,0,0,0,0
1264,43954,0,0,0,0,0,0,0,0,0,0,0,0,0,0
1265,43954,0,0,0,0,0,0,0,0,0,0,0,0,0,0
1266,43954,0,0,0,0,0,0,0,0,0,0,0,0,0,0
1267,43954,0,0,0,0,0,0,0,0,0,0,0,0,0,0
1268,43954,0,0,0,0,0,0,0,0,0,0,0,0,0,0
1269,43954,0,0,0,0,0,0,0,0,0,0,0,0,0,0
1270,43954,0,0,0,0,0,0,0,0,0,0,0,0,0,0
1271,43954,0,0,0,0,0,0,0,0,0,0,0,0,0,0
1272,43954,0,0,0,0,0,0,0,0,0,0,0,0,0,0
1273,43954,0,0,0,0,0,0,0,0,0,0,0,0,0,0
1274,43954,0,0,0,0,0,0,0,0,0,0,0,0,0,0
1275,43954,0,0,0,0,0,0,0,0,0,0,0,0,0,0
1276,43954,0,0,0,0,0,0,0,0,0,0,0,0,0,0
1277,43954,0,0,0,0,0,0,0,0,0,0,0,0,0,0
1278,43954,0,0,0,0,0,0,0,0,0,0,0,0,0,0
1279,43954,0,0,0,0,0,0,0,0,0,0,0,0,0,0
1280,43954,0,0,0,0,0,0,0,0,0,0,0,0,0,0
1281,43954,0,0,0,0,0,0,0,0,0,0,0,0,0,0
1282,43954,0,0,0,0,0,0,0,0,0,0,0,0,0,0
1283,43954,0,0,0,0,0,0,0,0,0,0,0,0,0,0
1284,43954,0,0,0,0,0,0,0,0,0,0,0,0,0,0
1285,43954,0,0,0,0,0,0,0,0,0,0,0,0,0,0
1286,43954,0,0,0,0,0,0,0,0,0,0,0,0,0,0
1287,43954,0,0,0,0,0,0,0,0,0,0,0,0,0,0
1288,43954,0,0,0,0,0,0,0,0,0,0,0,0,0,0
1289,43954,0,0,0,0,0,0,0,0,0,0,0,0,0,0
1290,43954,0,0,0,0,0,0,0,0,0,0,0,0,0,0
1291,43954,0,0,0,0,0,0,0,0,0,0,0,0,0,0
1292,43954,0,0,0,0,0,0,0,0,0,0,0,0,0,0
1293,43954,0,0,0,0,0,0,0,0,0,0,0,0,0,0
1294,43954,0,0,0,0,0,0,0,0,0,0,0,0,0,0
1295,43954,0,0,0,0,0,0,0,0,0,0,0,0,0,0
1296,43954,0,0,0,0,0,0,0,0,0,0,0,0,0,0
1297,43954,0,0,0,0,0,0,0,0,0,0,0,0,0,0
1298,43954,0,0,0,0,0,0,0,0,0,0,0,0,0,0
1299,43954,0,0,0,0,0,0,0,0,0,0,0,0,0,0
1300,43954,0,0,0,0,0,0,0,0,0,0,0,0,0,0
1301,43954,0,0,0,0,0,0,0,0,0,0,0,0,0,0
1302,43954,0,0,0,0,0,0,0,0,0,0,0,0,0,0
1303,43954,0,0,0,0,0,0,0,0,0,0,0,0,0,0
1304,43954,0,0,0,0,0,0,0,0,0,0,0,0,0,0
1305,43954,0,0,0,0,0,0,0,0,0,0,0,0,0,0
1306,43954,0,0,0,0,0,0,0,0,0,0,0,0,0,0
1307,43954,0,0,0,0,0,0,0,0,0,0,0,0,0,0
1308,43954,0,0,0,0,0,0,0,0,0,0,0,0,0,0
1309,43954,0,0,0,0,0,0,0,0,0,0,0,0,0,0
1310,43954,0,0,0,0,0,0,0,0,0,0,0,0,0,0
1311,43954,0,0,0,0,0,0,0,0,0,0,0,0,0,0
1312,43954,0,0,0,0,0,0,0,0,0,0,0,0,0,0
1313,43954,0,0,0,0,0,0,0,0,0,0,0,0,0,0
1314,43954,0,0,0,0,0,0,0,0,0,0,0,0,0,0
1315,43954,0,0,0,0,0,0,0,0,0,0,0,0,0,0
1316,43954,0,0,0,0,0,0,0,0,0,0,0,0,0,0
1317,43954,0,0,0,0,0,0,0,0,0,0,0,0,0,0
1318,43954,0,0,0,0,0,0,0,0,0,0,0,0,0,0
1319,43954,0,0,0,0,0,0,0,0,0,0,0,0,0,0
1320,43954,0,0,0,0,0,0,0,0,0,0,0,0,0,0
1321,43954,0,0,0,0,0,0,0,0,0,0,0,0,0,0
1322,43954,0,0,0,0,0,0,0,0,0,0,0,0,0,0
1323,43954,0,0,0,0,0,0,0,0,0,0,0,0,0,0
1324,43954,0,0,0,0,0,0,0,0,0,0,0,0,0,0
1325,43954,0,0,0,0,0,0,0,0,0,0,0,0,0,0
1326,43954,0,0,0,0,0,0,0,0,0,0,0,0,0,0
1327,43954,0,0,0,0,0,0,0,0,0,0,0,0,0,0
1328,43954,0,0,0,0,0,0,0,0,0,0,0,0,0,0
1329,43954,0,0,0,0,0,0,0,0,0,0,0,0,0,0
1330,43954,0,0,0,0,0,0,0,0,0,0,0,0,0,0
1331,43954,0,0,0,0,0,0,0,0,0,0,0,0,0,0
1332,43954,0,0,0,0,0,0,0,0,0,0,0,0,0,0
1333,43954,0,0,0,0,0,0,0,0,0,0,0,0,0,0
1334,43954,0,0,0,0,0,0,0,0,0,0,0,0,0,0
1335,43954,0,0,0,0,0,0,0,0,0,0,0,0,0,0
1336,43954,0,0,0,0,0,0,0,0,0,0,0,0,0,0
1337,43954,0,0,0,0,0,0,0,0,0,0,0,0,0,0
1338,43954,0,0,0,0,0,0,0,0,0,0,0,0,0,0
1339,43954,0,0,0,0,0,0,0,0,0,0,0,0,0,0
1340,43954,0,0,0,0,0,0,0,0,0,0,0,0,0,0
1341,43954,0,0,0,0,0,0,0,0,0,0,0,0,0,0
1342,43954,0,0,0,0,0,0,0,0,0,0,0,0,0,0
1343,43954,0,0,0,0,0,0,0,0,0,0,0,0,0,0
1344,43954,0,0,0,0,0,0,0,0,0,0,0,0,0,0
1345,43954,0,0,0,0,0,0,0,0,0,0,0,0,0,0
1346,43954,0,0,0,0,0,0,0,0,0,0,0,0,0,0
1347,43954,0,0,0,0,0,0,0,0,0,0,0,0,0,0
1348,43954,0,0,0,0,0,0,0,0,0,0,0,0,0,0
1349,43954,0,0,0,0,0,0,0,0,0,0,0,0,0,0
1350,43954,0,0,0,0,0,0,0,0,0,0,0,0,0,0
1351,43954,0,0,0,0,0,0,0,0,0,0,0,0,0,0
1352,43954,0,0,0,0,0,0,0,0,0,0,0,0,0,0
1353,43954,0,0,0,0,0,0,0,0,0,0,0,0,0,0
1354,43954,0,0,0,0,0,0,0,0,0,0,0,0,0,0
1355,43954,0,0,0,0,0,0,0,0,0,0,0,0,0,0
1356,43954,0,0,0,0,0,0,0,0,0,0,0,0,0,0
1357,43954,0,0,0,0,0,0,0,0,0,0,0,0,0,0
1358,43954,0,0,0,0,0,0,0,0,0,0,0,0,0,0
1359,43954,0,0,0,0,0,0,0,0,0,0,0,0,0,0
1360,43954,0,0,0,0,0,0,0,0,0,0,0,0,0,0
1361,43954,0,0,0,0,0,0,0,0,0,0,0,0,0,0
1362,43954,0,0,0,0,0,0,0,0,0,0,0,0,0,0
1363,43954,0,0,0,0,0,0,0,0,0,0,0,0,0,0
1364,43954,0,0,0,0,0,0,0,0,0,0,0,0,0,0
1365,43954,0,0,0,0,0,0,0,0,0,0,0,0,0,0
1366,43954,0,0,0,0,0,0,0,0,0,0,0,0,0,0
1367,43954,0,0,0,0,0,0,0,0,0,0,0,0,0,0
1368,43954,0,0,0,0,0,0,0,0,0,0,0,0,0,0
1369,43954,0,0,0,0,0,0,0,0,0,0,0,0,0,0
1370,43954,0,0,0,0,0,0,0,0,0,0,0,0,0,0
1371,43954,0,0,0,0,0,0,0,0,0,0,0,0,0,0
1372,43954,0,0,0,0,0,0,0,0,0,0,0,0,0,0
1373,43954,0,0,0,0,0,0,0,0,0,0,0,0,0,0
1374,43954,0,0,0,0,0,0,0,0,0,0,0,0,0,0
1375,43954,0,0,0,0,0,0,0,0,0,0,0,0,0,0
1376,43954,0,0,0,0,0,0,0,0,0,0,0,0,0,0
1377,43954,0,0,0,0,0,0,0,0,0,0,0,0,0,0
1378,43954,0,0,0,0,0,0,0,0,0,0,0,0,0,0
1379,43954,0,0,0,0,0,0,0,0,0,0,0,0,0,0
1380,43954,0,0,0,0,0,0,0,0,0,0,0,0,0,0
1381,43954,0,0,0,0,0,0,0,0,0,0,0,0,0,0
1382,43954,0,0,0,0,0,0,0,0,0,0,0,0,0,0
1383,43954,0,0,0,0,0,0,0,0,0,0,0,0,0,0
1384,43954,0,0,0,0,0,0,0,0,0,0,0,0,0,0
1385,43954,0,0,0,0,0,0,0,0,0,0,0,0,0,0
1386,43954,0,0,0,0,0,0,0,0,0,0,0,0,0,0
1387,43954,0,0,0,0,0,0,0,0,0,0,0,0,0,0
1388,43954,0,0,0,0,0,0,0,0,0,0,0,0,0,0
1389,43954,0,0,0,0,0,0,0,0,0,0,0,0,0,0
1390,43954,0,0,0,0,0,0,0,0,0,0,0,0,0,0
1391,43954,0,0,0,0,0,0,0,0,0,0,0,0,0,0
1392,43954,0,0,0,0,0,0,0,0,0,0,0,0,0,0
1393,43954,0,0,0,0,0,0,0,0,0,0,0,0,0,0
1394,43954,0,0,0,0,0,0,0,0,0,0,0,0,0,0
1395,43954,0,0,0,0,0,0,0,0,0,0,0,0,0,0
1396,43954,0,0,0,0,0,0,0,0,0,0,0,0,0,0
1397,43954,0,0,0,0,0,0,0,0,0,0,0,0,0,0
1398,43954,0,0,0,0,0,0,0,0,0,0,0,0,0,0
1399,43954,0,0,0,0,0,0,0,0,0,0,0,0,0,0
1400,43954,0,0,0,0,0,0,0,0,0,0,0,0,0,0
1401,43954,0,0,0,0,0,0,0,0,0,0,0,0,0,0
1402,43954,0,0,0,0,0,0,0,0,0,0,0,0,0,0
1403,43954,0,0,0,0,0,0,0,0,0,0,0,0,0,0
1404,43954,0,0,0,0,0,0,0,0,0,0,0,0,0,0
1405,43954,0,0,0,0,0,0,0,0,0,0,0,0,0,0
1406,43954,0,0,0,0,0,0,0,0,0,0,0,0,0,0
1407,43954,0,0,0,0,0,0,0,0,0,0,0,0,0,0
1408,43954,0,0,0,0,0,0,0,0,0,0,0,0,0,0
1409,43954,0,0,0,0,0,0,0,0,0,0,0,0,0,0
1410,43954,0,0,0,0,0,0,0,0,0,0,0,0,0,0
1411,43954,0,0,0,0,0,0,0,0,0,0,0,0,0,0
1412,43954,0,0,0,0,0,0,0,0,0,0,0,0,0,0
1413,43954,0,0,0,0,0,0,0,0,0,0,0,0,0,0
1414,43954,0,0,0,0,0,0,0,0,0,0,0,0,0,0
1415,43954,0,0,0,0,0,0,0,0,0,0,0,0,0,0
1416,43954,0,0,0,0,0,0,0,0,0,0,0,0,0,0
1417,43954,0,0,0,0,0,0,0,0,0,0,0,0,0,0
1418,43954,0,0,0,0,0,0,0,0,0,0,0,0,0,0
1419,43954,0,0,0,0,0,0,0,0,0,0,0,0,0,0
1420,43954,0,0,0,0,0,0,0,0,0,0,0,0,0,0
1421,43954,0,0,0,0,0,0,0,0,0,0,0,0,0,0
1422,43954,0,0,0,0,0,0,0,0,0,0,0,0,0,0
1423,43954,0,0,0,0,0,0,0,0,0,0,0,0,0,0
1424,43954,0,0,0,0,0,0,0,0,0,0,0,0,0,0
1425,43954,0,0,0,0,0,0,0,0,0,0,0,0,0,0
1426,43954,0,0,0,0,0,0,0,0,0,0,0,0,0,0
1427,43954,0,0,0,0,0,0,0,0,0,0,0,0,0,0
1428,43954,0,0,0,0,0,0,0,0,0,0,0,0,0,0
1429,43954,0,0,0,0,0,0,0,0,0,0,0,0,0,0
1430,43954,0,0,0,0,0,0,0,0,0,0,0,0,0,0
1431,43954,0,0,0,0,0,0,0,0,0,0,0,0,0,0
1432,43954,0,0,0,0,0,0,0,0,0,0,0,0,0,0
1433,43954,0,0,0,0,0,0,0,0,0,0,0,0,0,0
1434,43954,0,0,0,0,0,0,0,0,0,0,0,0,0,0
1435,43954,0,0,0,0,0,0,0,0,0,0,0,0,0,0
1436,43954,0,0,0,0,0,0,0,0,0,0,0,0,0,0
1437,43954,0,0,0,0,0,0,0,0,0,0,0,0,0,0
1438,43954,0,0,0,0,0,0,0,0,0,0,0,0,0,0
1439,43954,0,0,0,0,0,0,0,0,0,0,0,0,0,0
1440,43954,0,0,0,0,0,0,0,0,0,0,0,0,0,0
1441,43954,0,0,0,0,0,0,0,0,0,0,0,0,0,0
1442,43954,0,0,0,0,0,0,0,0,0,0,0,0,0,0
1443,43954,0,0,0,0,0,0,0,0,0,0,0,0,0,0
1444,43954,0,0,0,0,0,0,0,0,0,0,0,0,0,0
1445,43954,0,0,0,0,0,0,0,0,0,0,0,0,0,0
1446,43954,0,0,0,0,0,0,0,0,0,0,0,0,0,0
1447,43954,0,0,0,0,0,0,0,0,0,0,0,0,0,0
1448,43954,0,0,0,0,0,0,0,0,0,0,0,0,0,0
1449,43954,0,0,0,0,0,0,0,0,0,0,0,0,0,0
1450,43954,0,0,0,0,0,0,0,0,0,0,0,0,0,0
1451,43954,0,0,0,0,0,0,0,0,0,0,0,0,0,0
1452,43954,0,0,0,0,0,0,0,0,0,0,0,0,0,0
1453,43954,0,0,0,0,0,0,0,0,0,0,0,0,0,0
1454,43954,0,0,0,0,0,0,0,0,0,0,0,0,0,0
1455,43954,0,0,0,0,0,0,0,0,0,0,0,0,0,0
1456,43954,0,0,0,0,0,0,0,0,0,0,0,0,0,0
1457,43954,0,0,0,0,0,0,0,0,0,0,0,0,0,0
1458,43954,0,0,0,0,0,0,0,0,0,0,0,0,0,0
1459,43954,0,0,0,0,0,0,0,0,0,0,0,0,0,0
1460,43954,0,0,0,0,0,0,0,0,0,0,0,0,0,0
1461,43954,0,0,0,0,0,0,0,0,0,0,0,0,0,0
1462,43954,0,0,0,0,0,0,0,0,0,0,0,0,0,0
1463,43954,0,0,0,0,0,0,0,0,0,0,0,0,0,0
1464,43954,0,0,0,0,0,0,0,0,0,0,0,0,0,0
1465,43954,0,0,0,0,0,0,0,0,0,0,0,0,0,0
1466,43954,0,0,0,0,0,0,0,0,0,0,0,0,0,0
1467,43954,0,0,0,0,0,0,0,0,0,0,0,0,0,0
1468,43954,0,0,0,0,0,0,0,0,0,0,0,0,0,0
1469,43954,0,0,0,0,0,0,0,0,0,0,0,0,0,0
1470,43954,0,0,0,0,0,0,0,0,0,0,0,0,0,0
1471,43954,0,0,0,0,0,0,0,0,0,0,0,0,0,0
1472,43954,0,0,0,0,0,0,0,0,0,0,0,0,0,0
1473,43954,0,0,0,0,0,0,0,0,0,0,0,0,0,0
1474,43954,0,0,0,0,0,0,0,0,0,0,0,0,0,0
1475,43954,0,0,0,0,0,0,0,0,0,0,0,0,0,0
1476,43954,0,0,0,0,0,0,0,0,0,0,0,0,0,0
1477,43954,0,0,0,0,0,0,0,0,0,0,0,0,0,0
1478,43954,0,0,0,0,0,0,0,0,0,0,0,0,0,0
1479,43954,0,0,0,0,0,0,0,0,0,0,0,0,0,0
1480,43954,0,0,0,0,0,0,0,0,0,0,0,0,0,0
1481,43954,0,0,0,0,0,0,0,0,0,0,0,0,0,0
1482,43954,0,0,0,0,0,0,0,0,0,0,0,0,0,0
1483,43954,0,0,0,0,0,0,0,0,0,0,0,0,0,0
1484,43954,0,0,0,0,0,0,0,0,0,0,0,0,0,0
1485,43954,0,0,0,0,0,0,0,0,0,0,0,0,0,0
1486,43954,0,0,0,0,0,0,0,0,0,0,0,0,0,0
1487,43954,0,0,0,0,0,0,0,0,0,0,0,0,0,0
1488,43954,0,0,0,0,0,0,0,0,0,0,0,0,0,0
1489,43954,0,0,0,0,0,0,0,0,0,0,0,0,0,0
1490,43954,0,0,0,0,0,0,0,0,0,0,0,0,0,0
1491,43954,0,0,0,0,0,0,0,0,0,0,0,0,0,0
1492,43954,0,0,0,0,0,0,0,0,0,0,0,0,0,0
1493,43954,0,0,0,0,0,0,0,0,0,0,0,0,0,0
1494,43954,0,0,0,0,0,0,0,0,0,0,0,0,0,0
1495,43954,0,0,0,0,0,0,0,0,0,0,0,0,0,0
1496,43954,0,0,0,0,0,0,0,0,0,0,0,0,0,0
1497,43954,0,0,0,0,0,0,0,0,0,0,0,0,0,0
1498,43954,0,0,0,0,0,0,0,0,0,0,0,0,0,0
1499,43954,0,0,0,0,0,0,0,0,0,0,0,0,0,0
1500,43954,0,0,0,0,0,0,0,0,0,0,0,0,0,0
1501,43954,0,0,0,0,0,0,0,0,0,0,0,0,0,0
1502,43954,0,0,0,0,0,0,0,0,0,0,0,0,0,0
1503,43954,0,0,0,0,0,0,0,0,0,0,0,0,0,0
1504,43954,0,0,0,0,0,0,0,0,0,0,0,0,0,0
1505,43954,0,0,0,0,0,0,0,0,0,0,0,0,0,0
1506,43954,0,0,0,0,0,0,0,0,0,0,0,0,0,0
1507,43954,0,0,0,0,0,0,0,0,0,0,0,0,0,0
1508,43954,0,0,0,0,0,0,0,0,0,0,0,0,0,0
1509,43954,0,0,0,0,0,0,0,0,0,0,0,0,0,0
1510,43954,0,0,0,0,0,0,0,0,0,0,0,0,0,0
1511,43954,0,0,0,0,0,0,0,0,0,0,0,0,0,0
1512,43954,0,0,0,0,0,0,0,0,0,0,0,0,0,0
1513,43954,0,0,0,0,0,0,0,0,0,0,0,0,0,0
1514,43954,0,0,0,0,0,0,0,0,0,0,0,0,0,0
1515,43954,0,0,0,0,0,0,0,0,0,0,0,0,0,0
1516,43954,0,0,0,0,0,0,0,0,0,0,0,0,0,0
1517,43954,0,0,0,0,0,0,0,0,0,0,0,0,0,0
1518,43954,0,0,0,0,0,0,0,0,0,0,0,0,0,0
1519,43954,0,0,0,0,0,0,0,0,0,0,0,0,0,0
1520,43954,0,0,0,0,0,0,0,0,0,0,0,0,0,0
1521,43954,0,0,0,0,0,0,0,0,0,0,0,0,0,0
1522,43954,0,0,0,0,0,0,0,0,0,0,0,0,0,0
1523,43954,0,0,0,0,0,0,0,0,0,0,0,0,0,0
1524,43954,0,0,0,0,0,0,0,0,0,0,0,0,0,0
1525,43954,0,0,0,0,0,0,0,0,0,0,0,0,0,0
1526,43954,0,0,0,0,0,0,0,0,0,0,0,0,0,0
1527,43954,0,0,0,0,0,0,0,0,0,0,0,0,0,0
1528,43954,0,0,0,0,0,0,0,0,0,0,0,0,0,0
1529,43954,0,0,0,0,0,0,0,0,0,0,0,0,0,0
1530,43954,0,0,0,0,0,0,0,0,0,0,0,0,0,0
1531,43954,0,0,0,0,0,0,0,0,0,0,0,0,0,0
1532,43954,0,0,0,0,0,0,0,0,0,0,0,0,0,0
1533,43954,0,0,0,0,0,0,0,0,0,0,0,0,0,0
1534,43954,0,0,0,0,0,0,0,0,0,0,0,0,0,0
1535,43954,0,0,0,0,0,0,0,0,0,0,0,0,0,0
1536,43954,0,0,0,0,0,0,0,0,0,0,0,0,0,0
1537,43954,0,0,0,0,0,0,0,0,0,0,0,0,0,0
1538,43954,0,0,0,0,0,0,0,0,0,0,0,0,0,0
1539,43954,0,0,0,0,0,0,0,0,0,0,0,0,0,0
1540,43954,0,0,0,0,0,0,0,0,0,0,0,0,0,0
1541,43954,0,0,0,0,0,0,0,0,0,0,0,0,0,0
1542,43954,0,0,0,0,0,0,0,0,0,0,0,0,0,0
1543,43954,0,0,0,0,0,0,0,0,0,0,0,0,0,0
1544,43954,0,0,0,0,0,0,0,0,0,0,0,0,0,0
1545,43954,0,0,0,0,0,0,0,0,0,0,0,0,0,0
1546,43954,0,0,0,0,0,0,0,0,0,0,0,0,0,0
1547,43954,0,0,0,0,0,0,0,0,0,0,0,0,0,0
1548,43954,0,0,0,0,0,0,0,0,0,0,0,0,0,0
1549,43954,0,0,0,0,0,0,0,0,0,0,0,0,0,0
1550,43954,0,0,0,0,0,0,0,0,0,0,0,0,0,0
1551,43954,0,0,0,0,0,0,0,0,0,0,0,0,0,0
1552,43954,0,0,0,0,0,0,0,0,0,0,0,0,0,0
1553,43954,0,0,0,0,0,0,0,0,0,0,0,0,0,0
1554,43954,0,0,0,0,0,0,0,0,0,0,0,0,0,0
1555,43954,0,0,0,0,0,0,0,0,0,0,0,0,0,0
1556,43954,0,0,0,0,0,0,0,0,0,0,0,0,0,0
1557,43954,0,0,0,0,0,0,0,0,0,0,0,0,0,0
1558,43954,0,0,0,0,0,0,0,0,0,0,0,0,0,0
1559,43954,0,0,0,0,0,0,0,0,0,0,0,0,0,0
1560,43954,0,0,0,0,0,0,0,0,0,0,0,0,0,0
1561,43954,0,0,0,0,0,0,0,0,0,0,0,0,0,0
1562,43954,0,0,0,0,0,0,0,0,0,0,0,0,0,0
1563,43954,0,0,0,0,0,0,0,0,0,0,0,0,0,0
1564,43954,0,0,0,0,0,0,0,0,0,0,0,0,0,0
1565,43954,0,0,0,0,0,0,0,0,0,0,0,0,0,0
1566,43954,0,0,0,0,0,0,0,0,0,0,0,0,0,0
1567,43954,0,0,0,0,0,0,0,0,0,0,0,0,0,0
1568,43954,0,0,0,0,0,0,0,0,0,0,0,0,0,0
1569,43954,0,0,0,0,0,0,0,0,0,0,0,0,0,0
1570,43954,0,0,0,0,0,0,0,0,0,0,0,0,0,0
1571,43954,0,0,0,0,0,0,0,0,0,0,0,0,0,0
1572,43954,0,0,0,0,0,0,0,0,0,0,0,0,0,0
1573,43954,0,0,0,0,0,0,0,0,0,0,0,0,0,0
1574,43954,0,0,0,0,0,0,0,0,0,0,0,0,0,0
1575,43954,0,0,0,0,0,0,0,0,0,0,0,0,0,0
1576,43954,0,0,0,0,0,0,0,0,0,0,0,0,0,0
1577,43954,0,0,0,0,0,0,0,0,0,0,0,0,0,0
1578,43954,0,0,0,0,0,0,0,0,0,0,0,0,0,0
1579,43954,0,0,0,0,0,0,0,0,0,0,0,0,0,0
1580,43954,0,0,0,0,0,0,0,0,0,0,0,0,0,0
1581,43954,0,0,0,0,0,0,0,0,0,0,0,0,0,0
1582,43954,0,0,0,0,0,0,0,0,0,0,0,0,0,0
1583,43954,0,0,0,0,0,0,0,0,0,0,0,0,0,0
1584,43954,0,0,0,0,0,0,0,0,0,0,0,0,0,0
1585,43954,0,0,0,0,0,0,0,0,0,0,0,0,0,0
1586,43954,0,0,0,0,0,0,0,0,0,0,0,0,0,0
1587,43954,0,0,0,0,0,0,0,0,0,0,0,0,0,0
1588,43954,0,0,0,0,0,0,0,0,0,0,0,0,0,0
1589,43954,0,0,0,0,0,0,0,0,0,0,0,0,0,0
1590,43954,0,0,0,0,0,0,0,0,0,0,0,0,0,0
1591,43954,0,0,0,0,0,0,0,0,0,0,0,0,0,0
1592,43954,0,0,0,0,0,0,0,0,0,0,0,0,0,0
1593,43954,0,0,0,0,0,0,0,0,0,0,0,0,0,0
1594,43954,0,0,0,0,0,0,0,0,0,0,0,0,0,0
1595,43954,0,0,0,0,0,0,0,0,0,0,0,0,0,0
1596,43954,0,0,0,0,0,0,0,0,0,0,0,0,0,0
1597,43954,0,0,0,0,0,0,0,0,0,0,0,0,0,0
1598,43954,0,0,0,0,0,0,0,0,0,0,0,0,0,0
1599,43954,0,0,0,0,0,0,0,0,0,0,0,0,0,0
1600,43954,0,0,0,0,0,0,0,0,0,0,0,0,0,0
1601,43954,0,0,0,0,0,0,0,0,0,0,0,0,0,0
1602,43954,0,0,0,0,0,0,0,0,0,0,0,0,0,0
1603,43954,0,0,0,0,0,0,0,0,0,0,0,0,0,0
1604,43954,0,0,0,0,0,0,0,0,0,0,0,0,0,0
1605,43954,0,0,0,0,0,0,0,0,0,0,0,0,0,0
1606,43954,0,0,0,0,0,0,0,0,0,0,0,0,0,0
1607,43954,0,0,0,0,0,0,0,0,0,0,0,0,0,0
1608,43954,0,0,0,0,0,0,0,0,0,0,0,0,0,0
1609,43954,0,0,0,0,0,0,0,0,0,0,0,0,0,0
1610,43954,0,0,0,0,0,0,0,0,0,0,0,0,0,0
1611,43954,0,0,0,0,0,0,0,0,0,0,0,0,0,0
1612,43954,0,0,0,0,0,0,0,0,0,0,0,0,0,0
1613,43954,0,0,0,0,0,0,0,0,0,0,0,0,0,0
1614,43954,0,0,0,0,0,0,0,0,0,0,0,0,0,0
1615,43954,0,0,0,0,0,0,0,0,0,0,0,0,0,0
1616,43954,0,0,0,0,0,0,0,0,0,0,0,0,0,0
1617,43954,0,0,0,0,0,0,0,0,0,0,0,0,0,0
1618,43954,0,0,0,0,0,0,0,0,0,0,0,0,0,0
1619,43954,0,0,0,0,0,0,0,0,0,0,0,0,0,0
1620,43954,0,0,0,0,0,0,0,0,0,0,0,0,0,0
1621,43954,0,0,0,0,0,0,0,0,0,0,0,0,0,0
1622,43954,0,0,0,0,0,0,0,0,0,0,0,0,0,0
1623,43954,0,0,0,0,0,0,0,0,0,0,0,0,0,0
1624,43954,0,0,0,0,0,0,0,0,0,0,0,0,0,0
1625,43954,0,0,0,0,0,0,0,0,0,0,0,0,0,0
1626,43954,0,0,0,0,0,0,0,0,0,0,0,0,0,0
1627,43954,0,0,0,0,0,0,0,0,0,0,0,0,0,0
1628,43954,0,0,0,0,0,0,0,0,0,0,0,0,0,0
1629,43954,0,0,0,0,0,0,0,0,0,0,0,0,0,0
1630,43954,0,0,0,0,0,0,0,0,0,0,0,0,0,0
1631,43954,0,0,0,0,0,0,0,0,0,0,0,0,0,0
1632,43954,0,0,0,0,0,0,0,0,0,0,0,0,0,0
1633,43954,0,0,0,0,0,0,0,0,0,0,0,0,0,0
1634,43954,0,0,0,0,0,0,0,0,0,0,0,0,0,0
1635,43954,0,0,0,0,0,0,0,0,0,0,0,0,0,0
1636,43954,0,0,0,0,0,0,0,0,0,0,0,0,0,0
1637,43954,0,0,0,0,0,0,0,0,0,0,0,0,0,0
1638,43954,0,0,0,0,0,0,0,0,0,0,0,0,0,0
1639,43954,0,0,0,0,0,0,0,0,0,0,0,0,0,0
1640,43954,0,0,0,0,0,0,0,0,0,0,0,0,0,0
1641,43954,0,0,0,0,0,0,0,0,0,0,0,0,0,0
1642,43954,0,0,0,0,0,0,0,0,0,0,0,0,0,0
1643,43954,0,0,0,0,0,0,0,0,0,0,0,0,0,0
1644,43954,0,0,0,0,0,0,0,0,0,0,0,0,0,0
1645,43954,0,0,0,0,0,0,0,0,0,0,0,0,0,0
1646,43954,0,0,0,0,0,0,0,0,0,0,0,0,0,0
1647,43954,0,0,0,0,0,0,0,0,0,0,0,0,0,0
1648,43954,0,0,0,0,0,0,0,0,0,0,0,0,0,0
1649,43954,0,0,0,0,0,0,0,0,0,0,0,0,0,0
1650,43954,0,0,0,0,0,0,0,0,0,0,0,0,0,0
1651,43954,0,0,0,0,0,0,0,0,0,0,0,0,0,0
1652,43954,0,0,0,0,0,0,0,0,0,0,0,0,0,0
1653,43954,0,0,0,0,0,0,0,0,0,0,0,0,0,0
1654,43954,0,0,0,0,0,0,0,0,0,0,0,0,0,0
1655,43954,0,0,0,0,0,0,0,0,0,0,0,0,0,0
1656,43954,0,0,0,0,0,0,0,0,0,0,0,0,0,0
1657,43954,0,0,0,0,0,0,0,0,0,0,0,0,0,0
1658,43954,0,0,0,0,0,0,0,0,0,0,0,0,0,0
1659,43954,0,0,0,0,0,0,0,0,0,0,0,0,0,0
1660,43954,0,0,0,0,0,0,0,0,0,0,0,0,0,0
1661,43954,0,0,0,0,0,0,0,0,0,0,0,0,0,0
1662,43954,0,0,0,0,0,0,0,0,0,0,0,0,0,0
1663,43954,0,0,0,0,0,0,0,0,0,0,0,0,0,0
1664,43954,0,0,0,0,0,0,0,0,0,0,0,0,0,0
1665,43954,0,0,0,0,0,0,0,0,0,0,0,0,0,0
1666,43954,0,0,0,0,0,0,0,0,0,0,0,0,0,0
1667,43954,0,0,0,0,0,0,0,0,0,0,0,0,0,0
1668,43954,0,0,0,0,0,0,0,0,0,0,0,0,0,0
1669,43954,0,0,0,0,0,0,0,0,0,0,0,0,0,0
1670,43954,0,0,0,0,0,0,0,0,0,0,0,0,0,0
1671,43954,0,0,0,0,0,0,0,0,0,0,0,0,0,0
1672,43954,0,0,0,0,0,0,0,0,0,0,0,0,0,0
1673,43954,0,0,0,0,0,0,0,0,0,0,0,0,0,0
1674,43954,0,0,0,0,0,0,0,0,0,0,0,0,0,0
1675,43954,0,0,0,0,0,0,0,0,0,0,0,0,0,0
1676,43954,0,0,0,0,0,0,0,0,0,0,0,0,0,0
1677,43954,0,0,0,0,0,0,0,0,0,0,0,0,0,0
1678,43954,0,0,0,0,0,0,0,0,0,0,0,0,0,0
1679,43954,0,0,0,0,0,0,0,0,0,0,0,0,0,0
1680,43954,0,0,0,0,0,0,0,0,0,0,0,0,0,0
1681,43954,0,0,0,0,0,0,0,0,0,0,0,0,0,0
1682,43954,0,0,0,0,0,0,0,0,0,0,0,0,0,0
1683,43954,0,0,0,0,0,0,0,0,0,0,0,0,0,0
1684,43954,0,0,0,0,0,0,0,0,0,0,0,0,0,0
1685,43954,0,0,0,0,0,0,0,0,0,0,0,0,0,0
1686,43954,0,0,0,0,0,0,0,0,0,0,0,0,0,0
1687,43954,0,0,0,0,0,0,0,0,0,0,0,0,0,0
1688,43954,0,0,0,0,0,0,0,0,0,0,0,0,0,0
1689,43954,0,0,0,0,0,0,0,0,0,0,0,0,0,0
1690,43954,0,0,0,0,0,0,0,0,0,0,0,0,0,0
1691,43954,0,0,0,0,0,0,0,0,0,0,0,0,0,0
1692,43954,0,0,0,0,0,0,0,0,0,0,0,0,0,0
1693,43954,0,0,0,0,0,0,0,0,0,0,0,0,0,0
1694,43954,0,0,0,0,0,0,0,0,0,0,0,0,0,0
1695,43954,0,0,0,0,0,0,0,0,0,0,0,0,0,0
1696,43954,0,0,0,0,0,0,0,0,0,0,0,0,0,0
1697,43954,0,0,0,0,0,0,0,0,0,0,0,0,0,0
1698,43954,0,0,0,0,0,0,0,0,0,0,0,0,0,0
1699,43954,0,0,0,0,0,0,0,0,0,0,0,0,0,0
1700,43954,0,0,0,0,0,0,0,0,0,0,0,0,0,0
1701,43954,0,0,0,0,0,0,0,0,0,0,0,0,0,0
1702,43954,0,0,0,0,0,0,0,0,0,0,0,0,0,0
1703,43954,0,0,0,0,0,0,0,0,0,0,0,0,0,0
1704,43954,0,0,0,0,0,0,0,0,0,0,0,0,0,0
1705,43954,0,0,0,0,0,0,0,0,0,0,0,0,0,0
1706,43954,0,0,0,0,0,0,0,0,0,0,0,0,0,0
1707,43954,0,0,0,0,0,0,0,0,0,0,0,0,0,0
1708,43954,0,0,0,0,0,0,0,0,0,0,0,0,0,0
1709,43954,0,0,0,0,0,0,0,0,0,0,0,0,0,0
1710,43954,0,0,0,0,0,0,0,0,0,0,0,0,0,0
1711,43954,0,0,0,0,0,0,0,0,0,0,0,0,0,0
1712,43954,0,0,0,0,0,0,0,0,0,0,0,0,0,0
1713,43954,0,0,0,0,0,0,0,0,0,0,0,0,0,0
1714,43954,0,0,0,0,0,0,0,0,0,0,0,0,0,0
1715,43954,0,0,0,0,0,0,0,0,0,0,0,0,0,0
1716,43954,0,0,0,0,0,0,0,0,0,0,0,0,0,0
1717,43954,0,0,0,0,0,0,0,0,0,0,0,0,0,0
1718,43954,0,0,0,0,0,0,0,0,0,0,0,0,0,0
1719,43954,0,0,0,0,0,0,0,0,0,0,0,0,0,0
1720,43954,0,0,0,0,0,0,0,0,0,0,0,0,0,0
1721,43954,0,0,0,0,0,0,0,0,0,0,0,0,0,0
1722,43954,0,0,0,0,0,0,0,0,0,0,0,0,0,0
1723,43954,0,0,0,0,0,0,0,0,0,0,0,0,0,0
1724,43954,0,0,0,0,0,0,0,0,0,0,0,0,0,0
1725,43954,0,0,0,0,0,0,0,0,0,0,0,0,0,0
1726,43954,0,0,0,0,0,0,0,0,0,0,0,0,0,0
1727,43954,0,0,0,0,0,0,0,0,0,0,0,0,0,0
1728,43954,0,0,0,0,0,0,0,0,0,0,0,0,0,0
1729,43954,0,0,0,0,0,0,0,0,0,0,0,0,0,0
1730,43954,0,0,0,0,0,0,0,0,0,0,0,0,0,0
1731,43954,0,0,0,0,0,0,0,0,0,0,0,0,0,0
1732,43954,0,0,0,0,0,0,0,0,0,0,0,0,0,0
1733,43954,0,0,0,0,0,0,0,0,0,0,0,0,0,0
1734,43954,0,0,0,0,0,0,0,0,0,0,0,0,0,0
1735,43954,0,0,0,0,0,0,0,0,0,0,0,0,0,0
1736,43954,0,0,0,0,0,0,0,0,0,0,0,0,0,0
1737,43954,0,0,0,0,0,0,0,0,0,0,0,0,0,0
1738,43954,0,0,0,0,0,0,0,0,0,0,0,0,0,0
1739,43954,0,0,0,0,0,0,0,0,0,0,0,0,0,0
1740,43954,0,0,0,0,0,0,0,0,0,0,0,0,0,0
1741,43954,0,0,0,0,0,0,0,0,0,0,0,0,0,0
1742,43954,0,0,0,0,0,0,0,0,0,0,0,0,0,0
1743,43954,0,0,0,0,0,0,0,0,0,0,0,0,0,0
1744,43954,0,0,0,0,0,0,0,0,0,0,0,0,0,0
1745,43954,0,0,0,0,0,0,0,0,0,0,0,0,0,0
1746,43954,0,0,0,0,0,0,0,0,0,0,0,0,0,0
1747,43954,0,0,0,0,0,0,0,0,0,0,0,0,0,0
1748,43954,0,0,0,0,0,0,0,0,0,0,0,0,0,0
1749,43954,0,0,0,0,0,0,0,0,0,0,0,0,0,0
1750,43954,0,0,0,0,0,0,0,0,0,0,0,0,0,0
1751,43954,0,0,0,0,0,0,0,0,0,0,0,0,0,0
1752,43954,0,0,0,0,0,0,0,0,0,0,0,0,0,0
1753,43954,0,0,0,0,0,0,0,0,0,0,0,0,0,0
1754,43954,0,0,0,0,0,0,0,0,0,0,0,0,0,0
1755,43954,0,0,0,0,0,0,0,0,0,0,0,0,0,0
1756,43954,0,0,0,0,0,0,0,0,0,0,0,0,0,0
1757,43954,0,0,0,0,0,0,0,0,0,0,0,0,0,0
1758,43954,0,0,0,0,0,0,0,0,0,0,0,0,0,0
1759,43954,0,0,0,0,0,0,0,0,0,0,0,0,0,0
1760,43954,0,0,0,0,0,0,0,0,0,0,0,0,0,0
1761,43954,0,0,0,0,0,0,0,0,0,0,0,0,0,0
1762,43954,0,0,0,0,0,0,0,0,0,0,0,0,0,0
1763,43954,0,0,0,0,0,0,0,0,0,0,0,0,0,0
1764,43954,0,0,0,0,0,0,0,0,0,0,0,0,0,0
1765,43954,0,0,0,0,0,0,0,0,0,0,0,0,0,0
1766,43954,0,0,0,0,0,0,0,0,0,0,0,0,0,0
1767,43954,0,0,0,0,0,0,0,0,0,0,0,0,0,0
1768,43954,0,0,0,0,0,0,0,0,0,0,0,0,0,0
1769,43954,0,0,0,0,0,0,0,0,0,0,0,0,0,0
1770,43954,0,0,0,0,0,0,0,0,0,0,0,0,0,0
1771,43954,0,0,0,0,0,0,0,0,0,0,0,0,0,0
1772,43954,0,0,0,0,0,0,0,0,0,0,0,0,0,0
1773,43954,0,0,0,0,0,0,0,0,0,0,0,0,0,0
1774,43954,0,0,0,0,0,0,0,0,0,0,0,0,0,0
1775,43954,0,0,0,0,0,0,0,0,0,0,0,0,0,0
1776,43954,0,0,0,0,0,0,0,0,0,0,0,0,0,0
1777,43954,0,0,0,0,0,0,0,0,0,0,0,0,0,0
1778,43954,0,0,0,0,0,0,0,0,0,0,0,0,0,0
1779,43954,0,0,0,0,0,0,0,0,0,0,0,0,0,0
1780,43954,0,0,0,0,0,0,0,0,0,0,0,0,0,0
1781,43954,0,0,0,0,0,0,0,0,0,0,0,0,0,0
1782,43954,0,0,0,0,0,0,0,0,0,0,0,0,0,0
1783,43954,0,0,0,0,0,0,0,0,0,0,0,0,0,0
1784,43954,0,0,0,0,0,0,0,0,0,0,0,0,0,0
1785,43954,0,0,0,0,0,0,0,0,0,0,0,0,0,0
1786,43954,0,0,0,0,0,0,0,0,0,0,0,0,0,0
1787,43954,0,0,0,0,0,0,0,0,0,0,0,0,0,0
1788,43954,0,0,0,0,0,0,0,0,0,0,0,0,0,0
1789,43954,0,0,0,0,0,0,0,0,0,0,0,0,0,0
1790,43954,0,0,0,0,0,0,0,0,0,0,0,0,0,0
1791,43954,0,0,0,0,0,0,0,0,0,0,0,0,0,0
1792,43954,0,0,0,0,0,0,0,0,0,0,0,0,0,0
1793,43954,0,0,0,0,0,0,0,0,0,0,0,0,0,0
1794,43954,0,0,0,0,0,0,0,0,0,0,0,0,0,0
1795,43954,0,0,0,0,0,0,0,0,0,0,0,0,0,0
1796,43954,0,0,0,0,0,0,0,0,0,0,0,0,0,0
1797,43954,0,0,0,0,0,0,0,0,0,0,0,0,0,0
1798,43954,0,0,0,0,0,0,0,0,0,0,0,0,0,0
1799,43954,0,0,0,0,0,0,0,0,0,0,0,0,0,0
1800,43954,0,0,0,0,0,0,0,0,0,0,0,0,0,0
1801,43954,0,0,0,0,0,0,0,0,0,0,0,0,0,0
1802,43954,0,0,0,0,0,0,0,0,0,0,0,0,0,0
1803,43954,0,0,0,0,0,0,0,0,0,0,0,0,0,0
1804,43954,0,0,0,0,0,0,0,0,0,0,0,0,0,0
1805,43954,0,0,0,0,0,0,0,0,0,0,0,0,0,0
1806,43954,0,0,0,0,0,0,0,0,0,0,0,0,0,0
1807,43954,0,0,0,0,0,0,0,0,0,0,0,0,0,0
1808,43954,0,0,0,0,0,0,0,0,0,0,0,0,0,0
1809,43954,0,0,0,0,0,0,0,0,0,0,0,0,0,0
1810,43954,0,0,0,0,0,0,0,0,0,0,0,0,0,0
1811,43954,0,0,0,0,0,0,0,0,0,0,0,0,0,0
1812,43954,0,0,0,0,0,0,0,0,0,0,0,0,0,0
1813,43954,0,0,0,0,0,0,0,0,0,0,0,0,0,0
1814,43954,0,0,0,0,0,0,0,0,0,0,0,0,0,0
1815,43954,0,0,0,0,0,0,0,0,0,0,0,0,0,0
1816,43954,0,0,0,0,0,0,0,0,0,0,0,0,0,0
1817,43954,0,0,0,0,0,0,0,0,0,0,0,0,0,0
1818,43954,0,0,0,0,0,0,0,0,0,0,0,0,0,0
1819,43954,0,0,0,0,0,0,0,0,0,0,0,0,0,0
1820,43954,0,0,0,0,0,0,0,0,0,0,0,0,0,0
1821,43954,0,0,0,0,0,0,0,0,0,0,0,0,0,0
1822,43954,0,0,0,0,0,0,0,0,0,0,0,0,0,0
1823,43954,0,0,0,0,0,0,0,0,0,0,0,0,0,0
1824,43954,0,0,0,0,0,0,0,0,0,0,0,0,0,0
1825,43954,0,0,0,0,0,0,0,0,0,0,0,0,0,0
1826,43954,0,0,0,0,0,0,0,0,0,0,0,0,0,0
1827,43954,0,0,0,0,0,0,0,0,0,0,0,0,0,0
1828,43954,0,0,0,0,0,0,0,0,0,0,0,0,0,0
1829,43954,0,0,0,0,0,0,0,0,0,0,0,0,0,0
1830,43954,0,0,0,0,0,0,0,0,0,0,0,0,0,0
1831,43954,0,0,0,0,0,0,0,0,0,0,0,0,0,0
1832,43954,0,0,0,0,0,0,0,0,0,0,0,0,0,0
1833,43954,0,0,0,0,0,0,0,0,0,0,0,0,0,0
1834,43954,0,0,0,0,0,0,0,0,0,0,0,0,0,0
1835,43954,0,0,0,0,0,0,0,0,0,0,0,0,0,0
1836,43954,0,0,0,0,0,0,0,0,0,0,0,0,0,0
1837,43954,0,0,0,0,0,0,0,0,0,0,0,0,0,0
1838,43954,0,0,0,0,0,0,0,0,0,0,0,0,0,0
1839,43954,0,0,0,0,0,0,0,0,0,0,0,0,0,0
1840,43954,0,0,0,0,0,0,0,0,0,0,0,0,0,0
1841,43954,0,0,0,0,0,0,0,0,0,0,0,0,0,0
1842,43954,0,0,0,0,0,0,0,0,0,0,0,0,0,0
1843,43954,0,0,0,0,0,0,0,0,0,0,0,0,0,0
1844,43954,0,0,0,0,0,0,0,0,0,0,0,0,0,0
1845,43954,0,0,0,0,0,0,0,0,0,0,0,0,0,0
1846,43954,0,0,0,0,0,0,0,0,0,0,0,0,0,0
1847,43954,0,0,0,0,0,0,0,0,0,0,0,0,0,0
1848,43954,0,0,0,0,0,0,0,0,0,0,0,0,0,0
1849,43954,0,0,0,0,0,0,0,0,0,0,0,0,0,0
1850,43954,0,0,0,0,0,0,0,0,0,0,0,0,0,0
1851,43954,0,0,0,0,0,0,0,0,0,0,0,0,0,0
1852,43954,0,0,0,0,0,0,0,0,0,0,0,0,0,0
1853,43954,0,0,0,0,0,0,0,0,0,0,0,0,0,0
1854,43954,0,0,0,0,0,0,0,0,0,0,0,0,0,0
1855,43954,0,0,0,0,0,0,0,0,0,0,0,0,0,0
1856,43954,0,0,0,0,0,0,0,0,0,0,0,0,0,0
1857,43954,0,0,0,0,0,0,0,0,0,0,0,0,0,0
1858,43954,0,0,0,0,0,0,0,0,0,0,0,0,0,0
1859,43954,0,0,0,0,0,0,0,0,0,0,0,0,0,0
1860,43954,0,0,0,0,0,0,0,0,0,0,0,0,0,0
1861,43954,0,0,0,0,0,0,0,0,0,0,0,0,0,0
1862,43954,0,0,0,0,0,0,0,0,0,0,0,0,0,0
1863,43954,0,0,0,0,0,0,0,0,0,0,0,0,0,0
1864,43954,0,0,0,0,0,0,0,0,0,0,0,0,0,0
1865,43954,0,0,0,0,0,0,0,0,0,0,0,0,0,0
1866,43954,0,0,0,0,0,0,0,0,0,0,0,0,0,0
1867,43954,0,0,0,0,0,0,0,0,0,0,0,0,0,0
1868,43954,0,0,0,0,0,0,0,0,0,0,0,0,0,0
1869,43954,0,0,0,0,0,0,0,0,0,0,0,0,0,0
1870,43954,0,0,0,0,0,0,0,0,0,0,0,0,0,0
1871,43954,0,0,0,0,0,0,0,0,0,0,0,0,0,0
1872,43954,0,0,0,0,0,0,0,0,0,0,0,0,0,0
1873,43954,0,0,0,0,0,0,0,0,0,0,0,0,0,0
1874,43954,0,0,0,0,0,0,0,0,0,0,0,0,0,0
1875,43954,0,0,0,0,0,0,0,0,0,0,0,0,0,0
1876,43954,0,0,0,0,0,0,0,0,0,0,0,0,0,0
1877,43954,0,0,0,0,0,0,0,0,0,0,0,0,0,0
1878,43954,0,0,0,0,0,0,0,0,0,0,0,0,0,0
1879,43954,0,0,0,0,0,0,0,0,0,0,0,0,0,0
1880,43954,0,0,0,0,0,0,0,0,0,0,0,0,0,0
1881,43954,0,0,0,0,0,0,0,0,0,0,0,0,0,0
1882,43954,0,0,0,0,0,0,0,0,0,0,0,0,0,0
1883,43954,0,0,0,0,0,0,0,0,0,0,0,0,0,0
1884,43954,0,0,0,0,0,0,0,0,0,0,0,0,0,0
1885,43954,0,0,0,0,0,0,0,0,0,0,0,0,0,0
1886,43954,0,0,0,0,0,0,0,0,0,0,0,0,0,0
1887,43954,0,0,0,0,0,0,0,0,0,0,0,0,0,0
1888,43954,0,0,0,0,0,0,0,0,0,0,0,0,0,0
1889,43954,0,0,0,0,0,0,0,0,0,0,0,0,0,0
1890,43954,0,0,0,0,0,0,0,0,0,0,0,0,0,0
1891,43954,0,0,0,0,0,0,0,0,0,0,0,0,0,0
1892,43954,0,0,0,0,0,0,0,0,0,0,0,0,0,0
1893,43954,0,0,0,0,0,0,0,0,0,0,0,0,0,0
1894,43954,0,0,0,0,0,0,0,0,0,0,0,0,0,0
1895,43954,0,0,0,0,0,0,0,0,0,0,0,0,0,0
1896,43954,0,0,0,0,0,0,0,0,0,0,0,0,0,0
1897,43954,0,0,0,0,0,0,0,0,0,0,0,0,0,0
1898,43954,0,0,0,0,0,0,0,0,0,0,0,0,0,0
1899,43954,0,0,0,0,0,0,0,0,0,0,0,0,0,0
1900,43954,0,0,0,0,0,0,0,0,0,0,0,0,0,0
1901,43954,0,0,0,0,0,0,0,0,0,0,0,0,0,0
1902,43954,0,0,0,0,0,0,0,0,0,0,0,0,0,0
1903,43954,0,0,0,0,0,0,0,0,0,0,0,0,0,0
1904,43954,0,0,0,0,0,0,0,0,0,0,0,0,0,0
1905,43954,0,0,0,0,0,0,0,0,0,0,0,0,0,0
1906,43954,0,0,0,0,0,0,0,0,0,0,0,0,0,0
1907,43954,0,0,0,0,0,0,0,0,0,0,0,0,0,0
1908,43954,0,0,0,0,0,0,0,0,0,0,0,0,0,0
1909,43954,0,0,0,0,0,0,0,0,0,0,0,0,0,0
1910,43954,0,0,0,0,0,0,0,0,0,0,0,0,0,0
1911,43954,0,0,0,0,0,0,0,0,0,0,0,0,0,0
1912,43954,0,0,0,0,0,0,0,0,0,0,0,0,0,0
1913,43954,0,0,0,0,0,0,0,0,0,0,0,0,0,0
1914,43954,0,0,0,0,0,0,0,0,0,0,0,0,0,0
1915,43954,0,0,0,0,0,0,0,0,0,0,0,0,0,0
1916,43954,0,0,0,0,0,0,0,0,0,0,0,0,0,0
1917,43954,0,0,0,0,0,0,0,0,0,0,0,0,0,0
1918,43954,0,0,0,0,0,0,0,0,0,0,0,0,0,0
1919,43954,0,0,0,0,0,0,0,0,0,0,0,0,0,0
1920,43954,0,0,0,0,0,0,0,0,0,0,0,0,0,0
1921,43954,0,0,0,0,0,0,0,0,0,0,0,0,0,0
1922,43954,0,0,0,0,0,0,0,0,0,0,0,0,0,0
1923,43954,0,0,0,0,0,0,0,0,0,0,0,0,0,0
1924,43954,0,0,0,0,0,0,0,0,0,0,0,0,0,0
1925,43954,0,0,0,0,0,0,0,0,0,0,0,0,0,0
1926,43954,0,0,0,0,0,0,0,0,0,0,0,0,0,0
1927,43954,0,0,0,0,0,0,0,0,0,0,0,0,0,0
1928,43954,0,0,0,0,0,0,0,0,0,0,0,0,0,0
1929,43954,0,0,0,0,0,0,0,0,0,0,0,0,0,0
1930,43954,0,0,0,0,0,0,0,0,0,0,0,0,0,0
1931,43954,0,0,0,0,0,0,0,0,0,0,0,0,0,0
1932,43954,0,0,0,0,0,0,0,0,0,0,0,0,0,0
1933,43954,0,0,0,0,0,0,0,0,0,0,0,0,0,0
1934,43954,0,0,0,0,0,0,0,0,0,0,0,0,0,0
1935,43954,0,0,0,0,0,0,0,0,0,0,0,0,0,0
1936,43954,0,0,0,0,0,0,0,0,0,0,0,0,0,0
1937,43954,0,0,0,0,0,0,0,0,0,0,0,0,0,0
1938,43954,0,0,0,0,0,0,0,0,0,0,0,0,0,0
1939,43954,0,0,0,0,0,0,0,0,0,0,0,0,0,0
1940,43954,0,0,0,0,0,0,0,0,0,0,0,0,0,0
1941,43954,0,0,0,0,0,0,0,0,0,0,0,0,0,0
1942,43954,0,0,0,0,0,0,0,0,0,0,0,0,0,0
1943,43954,0,0,0,0,0,0,0,0,0,0,0,0,0,0
1944,43954,0,0,0,0,0,0,0,0,0,0,0,0,0,0
1945,43954,0,0,0,0,0,0,0,0,0,0,0,0,0,0
1946,43954,0,0,0,0,0,0,0,0,0,0,0,0,0,0
1947,43954,0,0,0,0,0,0,0,0,0,0,0,0,0,0
1948,43954,0,0,0,0,0,0,0,0,0,0,0,0,0,0
1949,43954,0,0,0,0,0,0,0,0,0,0,0,0,0,0
1950,43954,0,0,0,0,0,0,0,0,0,0,0,0,0,0
1951,43954,0,0,0,0,0,0,0,0,0,0,0,0,0,0
1952,43954,0,0,0,0,0,0,0,0,0,0,0,0,0,0
1953,43954,0,0,0,0,0,0,0,0,0,0,0,0,0,0
1954,43954,0,0,0,0,0,0,0,0,0,0,0,0,0,0
1955,43954,0,0,0,0,0,0,0,0,0,0,0,0,0,0
1956,43954,0,0,0,0,0,0,0,0,0,0,0,0,0,0
1957,43954,0,0,0,0,0,0,0,0,0,0,0,0,0,0
1958,43954,0,0,0,0,0,0,0,0,0,0,0,0,0,0
1959,43954,0,0,0,0,0,0,0,0,0,0,0,0,0,0
1960,43954,0,0,0,0,0,0,0,0,0,0,0,0,0,0
1961,43954,0,0,0,0,0,0,0,0,0,0,0,0,0,0
1962,43954,0,0,0,0,0,0,0,0,0,0,0,0,0,0
1963,43954,0,0,0,0,0,0,0,0,0,0,0,0,0,0
1964,43954,0,0,0,0,0,0,0,0,0,0,0,0,0,0
1965,43954,0,0,0,0,0,0,0,0,0,0,0,0,0,0
1966,43954,0,0,0,0,0,0,0,0,0,0,0,0,0,0
1967,43954,0,0,0,0,0,0,0,0,0,0,0,0,0,0
1968,43954,0,0,0,0,0,0,0,0,0,0,0,0,0,0
1969,43954,0,0,0,0,0,0,0,0,0,0,0,0,0,0
1970,43954,0,0,0,0,0,0,0,0,0,0,0,0,0,0
1971,43954,0,0,0,0,0,0,0,0,0,0,0,0,0,0
1972,43954,0,0,0,0,0,0,0,0,0,0,0,0,0,0
1973,43954,0,0,0,0,0,0,0,0,0,0,0,0,0,0
1974,43954,0,0,0,0,0,0,0,0,0,0,0,0,0,0
1975,43954,0,0,0,0,0,0,0,0,0,0,0,0,0,0
1976,43954,0,0,0,0,0,0,0,0,0,0,0,0,0,0
1977,43954,0,0,0,0,0,0,0,0,0,0,0,0,0,0
1978,43954,0,0,0,0,0,0,0,0,0,0,0,0,0,0
1979,43954,0,0,0,0,0,0,0,0,0,0,0,0,0,0
1980,43954,0,0,0,0,0,0,0,0,0,0,0,0,0,0
1981,43954,0,0,0,0,0,0,0,0,0,0,0,0,0,0
1982,43954,0,0,0,0,0,0,0,0,0,0,0,0,0,0
1983,43954,0,0,0,0,0,0,0,0,0,0,0,0,0,0
1984,43954,0,0,0,0,0,0,0,0,0,0,0,0,0,0
1985,43954,0,0,0,0,0,0,0,0,0,0,0,0,0,0
1986,43954,0,0,0,0,0,0,0,0,0,0,0,0,0,0
1987,43954,0,0,0,0,0,0,0,0,0,0,0,0,0,0
1988,43954,0,0,0,0,0,0,0,0,0,0,0,0,0,0
1989,43954,0,0,0,0,0,0,0,0,0,0,0,0,0,0
1990,43954,0,0,0,0,0,0,0,0,0,0,0,0,0,0
1991,43954,0,0,0,0,0,0,0,0,0,0,0,0,0,0
1992,43954,0,0,0,0,0,0,0,0,0,0,0,0,0,0
1993,43954,0,0,0,0,0,0,0,0,0,0,0,0,0,0
1994,43954,0,0,0,0,0,0,0,0,0,0,0,0,0,0
1995,43954,0,0,0,0,0,0,0,0,0,0,0,0,0,0
1996,43954,0,0,0,0,0,0,0,0,0,0,0,0,0,0
1997,43954,0,0,0,0,0,0,0,0,0,0,0,0,0,0
1998,43954,0,0,0,0,0,0,0,0,0,0,0,0,0,0
1999,43954,0,0,0,0,0,0,0,0,0,0,0,0,0,0
2000,43954,0,0,0,0,0,0,0,0,0,0,0,0,0,0
2001,43954,0,0,0,0,0,0,0,0,0,0,0,0,0,0
2002,43954,0,0,0,0,0,0,0,0,0,0,0,0,0,0
2003,43954,0,0,0,0,0,0,0,0,0,0,0,0,0,0
2004,43954,0,0,0,0,0,0,0,0,0,0,0,0,0,0
2005,43954,0,0,0,0,0,0,0,0,0,0,0,0,0,0
2006,43954,0,0,0,0,0,0,0,0,0,0,0,0,0,0
2007,43954,0,0,0,0,0,0,0,0,0,0,0,0,0,0
2008,43954,0,0,0,0,0,0,0,0,0,0,0,0,0,0
2009,43954,0,0,0,0,0,0,0,0,0,0,0,0,0,0
2010,43954,0,0,0,0,0,0,0,0,0,0,0,0,0,0
2011,43954,0,0,0,0,0,0,0,0,0,0,0,0,0,0
2012,43954,0,0,0,0,0,0,0,0,0,0,0,0,0,0
2013,43954,0,0,0,0,0,0,0,0,0,0,0,0,0,0
2014,43954,0,0,0,0,0,0,0,0,0,0,0,0,0,0
2015,43954,0,0,0,0,0,0,0,0,0,0,0,0,0,0
2016,43954,0,0,0,0,0,0,0,0,0,0,0,0,0,0
2017,43954,0,0,0,0,0,0,0,0,0,0,0,0,0,0
2018,43954,0,0,0,0,0,0,0,0,0,0,0,0,0,0
2019,43954,0,0,0,0,0,0,0,0,0,0,0,0,0,0
2020,43954,0,0,0,0,0,0,0,0,0,0,0,0,0,0
2021,43954,0,0,0,0,0,0,0,0,0,0,0,0,0,0
2022,43954,0,0,0,0,0,0,0,0,0,0,0,0,0,0
2023,43954,0,0,0,0,0,0,0,0,0,0,0,0,0,0
2024,43954,0,0,0,0,0,0,0,0,0,0,0,0,0,0
2025,43954,0,0,0,0,0,0,0,0,0,0,0,0,0,0
2026,43954,0,0,0,0,0,0,0,0,0,0,0,0,0,0
2027,43954,0,0,0,0,0,0,0,0,0,0,0,0,0,0
2028,43954,0,0,0,0,0,0,0,0,0,0,0,0,0,0
2029,43954,0,0,0,0,0,0,0,0,0,0,0,0,0,0
2030,43954,0,0,0,0,0,0,0,0,0,0,0,0,0,0
2031,43954,0,0,0,0,0,0,0,0,0,0,0,0,0,0
2032,43954,0,0,0,0,0,0,0,0,0,0,0,0,0,0
2033,43954,0,0,0,0,0,0,0,0,0,0,0,0,0,0
2034,43954,0,0,0,0,0,0,0,0,0,0,0,0,0,0
2035,43954,0,0,0,0,0,0,0,0,0,0,0,0,0,0
2036,43954,0,0,0,0,0,0,0,0,0,0,0,0,0,0
2037,43954,0,0,0,0,0,0,0,0,0,0,0,0,0,0
2038,43954,0,0,0,0,0,0,0,0,0,0,0,0,0,0
2039,43954,0,0,0,0,0,0,0,0,0,0,0,0,0,0
2040,43954,0,0,0,0,0,0,0,0,0,0,0,0,0,0
2041,43954,0,0,0,0,0,0,0,0,0,0,0,0,0,0
2042,43954,0,0,0,0,0,0,0,0,0,0,0,0,0,0
2043,43954,0,0,0,0,0,0,0,0,0,0,0,0,0,0
2044,43954,0,0,0,0,0,0,0,0,0,0,0,0,0,0
2045,43954,0,0,0,0,0,0,0,0,0,0,0,0,0,0
2046,43954,0,0,0,0,0,0,0,0,0,0,0,0,0,0
2047,43954,0,0,0,0,0,0,0,0,0,0,0,0,0,0
2048,43954,0,0,0,0,0,0,0,0,0,0,0,0,0,0
2049,43954,0,0,0,0,0,0,0,0,0,0,0,0,0,0
2050,43954,0,0,0,0,0,0,0,0,0,0,0,0,0,0
2051,43954,0,0,0,0,0,0,0,0,0,0,0,0,0,0
2052,43954,0,0,0,0,0,0,0,0,0,0,0,0,0,0
2053,43954,0,0,0,0,0,0,0,0,0,0,0,0,0,0
2054,43954,0,0,0,0,0,0,0,0,0,0,0,0,0,0
2055,43954,0,0,0,0,0,0,0,0,0,0,0,0,0,0
2056,43954,0,0,0,0,0,0,0,0,0,0,0,0,0,0
2057,43954,0,0,0,0,0,0,0,0,0,0,0,0,0,0
2058,43954,0,0,0,0,0,0,0,0,0,0,0,0,0,0
2059,43954,0,0,0,0,0,0,0,0,0,0,0,0,0,0
2060,43954,0,0,0,0,0,0,0,0,0,0,0,0,0,0
2061,43954,0,0,0,0,0,0,0,0,0,0,0,0,0,0
2062,43954,0,0,0,0,0,0,0,0,0,0,0,0,0,0
2063,43954,0,0,0,0,0,0,0,0,0,0,0,0,0,0
2064,43954,0,0,0,0,0,0,0,0,0,0,0,0,0,0
2065,43954,0,0,0,0,0,0,0,0,0,0,0,0,0,0
2066,43954,0,0,0,0,0,0,0,0,0,0,0,0,0,0
2067,43954,0,0,0,0,0,0,0,0,0,0,0,0,0,0
2068,43954,0,0,0,0,0,0,0,0,0,0,0,0,0,0
2069,43954,0,0,0,0,0,0,0,0,0,0,0,0,0,0
2070,43954,0,0,0,0,0,0,0,0,0,0,0,0,0,0
2071,43954,0,0,0,0,0,0,0,0,0,0,0,0,0,0
2072,43954,0,0,0,0,0,0,0,0,0,0,0,0,0,0
2073,43954,0,0,0,0,0,0,0,0,0,0,0,0,0,0
2074,43954,0,0,0,0,0,0,0,0,0,0,0,0,0,0
2075,43954,0,0,0,0,0,0,0,0,0,0,0,0,0,0
2076,43954,0,0,0,0,0,0,0,0,0,0,0,0,0,0
2077,43954,0,0,0,0,0,0,0,0,0,0,0,0,0,0
2078,43954,0,0,0,0,0,0,0,0,0,0,0,0,0,0
2079,43954,0,0,0,0,0,0,0,0,0,0,0,0,0,0
2080,43954,0,0,0,0,0,0,0,0,0,0,0,0,0,0
2081,43954,0,0,0,0,0,0,0,0,0,0,0,0,0,0
2082,43954,0,0,0,0,0,0,0,0,0,0,0,0,0,0
2083,43954,0,0,0,0,0,0,0,0,0,0,0,0,0,0
2084,43954,0,0,0,0,0,0,0,0,0,0,0,0,0,0
2085,43954,0,0,0,0,0,0,0,0,0,0,0,0,0,0
2086,43954,0,0,0,0,0,0,0,0,0,0,0,0,0,0
2087,43954,0,0,0,0,0,0,0,0,0,0,0,0,0,0
2088,43954,0,0,0,0,0,0,0,0,0,0,0,0,0,0
2089,43954,0,0,0,0,0,0,0,0,0,0,0,0,0,0
2090,43954,0,0,0,0,0,0,0,0,0,0,0,0,0,0
2091,43954,0,0,0,0,0,0,0,0,0,0,0,0,0,0
2092,43954,0,0,0,0,0,0,0,0,0,0,0,0,0,0
2093,43954,0,0,0,0,0,0,0,0,0,0,0,0,0,0
2094,43954,0,0,0,0,0,0,0,0,0,0,0,0,0,0
2095,43954,0,0,0,0,0,0,0,0,0,0,0,0,0,0
2096,43954,0,0,0,0,0,0,0,0,0,0,0,0,0,0
2097,43954,0,0,0,0,0,0,0,0,0,0,0,0,0,0
2098,43954,0,0,0,0,0,0,0,0,0,0,0,0,0,0
2099,43954,0,0,0,0,0,0,0,0,0,0,0,0,0,0
2100,43954,0,0,0,0,0,0,0,0,0,0,0,0,0,0
2101,43954,0,0,0,0,0,0,0,0,0,0,0,0,0,0
2102,43954,0,0,0,0,0,0,0,0,0,0,0,0,0,0
2103,43954,0,0,0,0,0,0,0,0,0,0,0,0,0,0
2104,43954,0,0,0,0,0,0,0,0,0,0,0,0,0,0
2105,43954,0,0,0,0,0,0,0,0,0,0,0,0,0,0
2106,43954,0,0,0,0,0,0,0,0,0,0,0,0,0,0
2107,43954,0,0,0,0,0,0,0,0,0,0,0,0,0,0
2108,43954,0,0,0,0,0,0,0,0,0,0,0,0,0,0
2109,43954,0,0,0,0,0,0,0,0,0,0,0,0,0,0
2110,43954,0,0,0,0,0,0,0,0,0,0,0,0,0,0
2111,43954,0,0,0,0,0,0,0,0,0,0,0,0,0,0
2112,43954,0,0,0,0,0,0,0,0,0,0,0,0,0,0
2113,43954,0,0,0,0,0,0,0,0,0,0,0,0,0,0
2114,43954,0,0,0,0,0,0,0,0,0,0,0,0,0,0
2115,43954,0,0,0,0,0,0,0,0,0,0,0,0,0,0
2116,43954,0,0,0,0,0,0,0,0,0,0,0,0,0,0
2117,43954,0,0,0,0,0,0,0,0,0,0,0,0,0,0
2118,43954,0,0,0,0,0,0,0,0,0,0,0,0,0,0
2119,43954,0,0,0,0,0,0,0,0,0,0,0,0,0,0
2120,43954,0,0,0,0,0,0,0,0,0,0,0,0,0,0
2121,43954,0,0,0,0,0,0,0,0,0,0,0,0,0,0
2122,43954,0,0,0,0,0,0,0,0,0,0,0,0,0,0
2123,43954,0,0,0,0,0,0,0,0,0,0,0,0,0,0
2124,43954,0,0,0,0,0,0,0,0,0,0,0,0,0,0
2125,43954,0,0,0,0,0,0,0,0,0,0,0,0,0,0
2126,43954,0,0,0,0,0,0,0,0,0,0,0,0,0,0
2127,43954,0,0,0,0,0,0,0,0,0,0,0,0,0,0
2128,43954,0,0,0,0,0,0,0,0,0,0,0,0,0,0
2129,43954,0,0,0,0,0,0,0,0,0,0,0,0,0,0
2130,43954,0,0,0,0,0,0,0,0,0,0,0,0,0,0
2131,43954,0,0,0,0,0,0,0,0,0,0,0,0,0,0
2132,43954,0,0,0,0,0,0,0,0,0,0,0,0,0,0
2133,43954,0,0,0,0,0,0,0,0,0,0,0,0,0,0
2134,43954,0,0,0,0,0,0,0,0,0,0,0,0,0,0
2135,43954,0,0,0,0,0,0,0,0,0,0,0,0,0,0
2136,43954,0,0,0,0,0,0,0,0,0,0,0,0,0,0
2137,43954,0,0,0,0,0,0,0,0,0,0,0,0,0,0
2138,43954,0,0,0,0,0,0,0,0,0,0,0,0,0,0
2139,43954,0,0,0,0,0,0,0,0,0,0,0,0,0,0
2140,43954,0,0,0,0,0,0,0,0,0,0,0,0,0,0
2141,43954,0,0,0,0,0,0,0,0,0,0,0,0,0,0
2142,43954,0,0,0,0,0,0,0,0,0,0,0,0,0,0
2143,43954,0,0,0,0,0,0,0,0,0,0,0,0,0,0
2144,43954,0,0,0,0,0,0,0,0,0,0,0,0,0,0
2145,43954,0,0,0,0,0,0,0,0,0,0,0,0,0,0
2146,43954,0,0,0,0,0,0,0,0,0,0,0,0,0,0
2147,43954,0,0,0,0,0,0,0,0,0,0,0,0,0,0
2148,43954,0,0,0,0,0,0,0,0,0,0,0,0,0,0
2149,43954,0,0,0,0,0,0,0,0,0,0,0,0,0,0
2150,43954,0,0,0,0,0,0,0,0,0,0,0,0,0,0
2151,43954,0,0,0,0,0,0,0,0,0,0,0,0,0,0
2152,43954,0,0,0,0,0,0,0,0,0,0,0,0,0,0
2153,43954,0,0,0,0,0,0,0,0,0,0,0,0,0,0
2154,43954,0,0,0,0,0,0,0,0,0,0,0,0,0,0
2155,43954,0,0,0,0,0,0,0,0,0,0,0,0,0,0
2156,43954,0,0,0,0,0,0,0,0,0,0,0,0,0,0
2157,43954,0,0,0,0,0,0,0,0,0,0,0,0,0,0
2158,43954,0,0,0,0,0,0,0,0,0,0,0,0,0,0
2159,43954,0,0,0,0,0,0,0,0,0,0,0,0,0,0
2160,43954,0,0,0,0,0,0,0,0,0,0,0,0,0,0
2161,43954,0,0,0,0,0,0,0,0,0,0,0,0,0,0
2162,43954,0,0,0,0,0,0,0,0,0,0,0,0,0,0
2163,43954,0,0,0,0,0,0,0,0,0,0,0,0,0,0
2164,43954,0,0,0,0,0,0,0,0,0,0,0,0,0,0
2165,43954,0,0,0,0,0,0,0,0,0,0,0,0,0,0
2166,43954,0,0,0,0,0,0,0,0,0,0,0,0,0,0
2167,43954,0,0,0,0,0,0,0,0,0,0,0,0,0,0
2168,43954,0,0,0,0,0,0,0,0,0,0,0,0,0,0
2169,43954,0,0,0,0,0,0,0,0,0,0,0,0,0,0
2170,43954,0,0,0,0,0,0,0,0,0,0,0,0,0,0
2171,43954,0,0,0,0,0,0,0,0,0,0,0,0,0,0
2172,43954,0,0,0,0,0,0,0,0,0,0,0,0,0,0
2173,43954,0,0,0,0,0,0,0,0,0,0,0,0,0,0
2174,43954,0,0,0,0,0,0,0,0,0,0,0,0,0,0
2175,43954,0,0,0,0,0,0,0,0,0,0,0,0,0,0
2176,43954,0,0,0,0,0,0,0,0,0,0,0,0,0,0
2177,43954,0,0,0,0,0,0,0,0,0,0,0,0,0,0
2178,43954,0,0,0,0,0,0,0,0,0,0,0,0,0,0
2179,43954,0,0,0,0,0,0,0,0,0,0,0,0,0,0
2180,43954,0,0,0,0,0,0,0,0,0,0,0,0,0,0
2181,43954,0,0,0,0,0,0,0,0,0,0,0,0,0,0
2182,43954,0,0,0,0,0,0,0,0,0,0,0,0,0,0
2183,43954,0,0,0,0,0,0,0,0,0,0,0,0,0,0
2184,43954,0,0,0,0,0,0,0,0,0,0,0,0,0,0
2185,43954,0,0,0,0,0,0,0,0,0,0,0,0,0,0
2186,43954,0,0,0,0,0,0,0,0,0,0,0,0,0,0
2187,43954,0,0,0,0,0,0,0,0,0,0,0,0,0,0
2188,43954,0,0,0,0,0,0,0,0,0,0,0,0,0,0
2189,43954,0,0,0,0,0,0,0,0,0,0,0,0,0,0
2190,43954,0,0,0,0,0,0,0,0,0,0,0,0,0,0
2191,43954,0,0,0,0,0,0,0,0,0,0,0,0,0,0
2192,43954,0,0,0,0,0,0,0,0,0,0,0,0,0,0
2193,43954,0,0,0,0,0,0,0,0,0,0,0,0,0,0
2194,43954,0,0,0,0,0,0,0,0,0,0,0,0,0,0
2195,43954,0,0,0,0,0,0,0,0,0,0,0,0,0,0
2196,43954,0,0,0,0,0,0,0,0,0,0,0,0,0,0
2197,43954,0,0,0,0,0,0,0,0,0,0,0,0,0,0
2198,43954,0,0,0,0,0,0,0,0,0,0,0,0,0,0
2199,43954,0,0,0,0,0,0,0,0,0,0,0,0,0,0
2200,43954,0,0,0,0,0,0,0,0,0,0,0,0,0,0
2201,43954,0,0,0,0,0,0,0,0,0,0,0,0,0,0
2202,43954,0,0,0,0,0,0,0,0,0,0,0,0,0,0
2203,43954,0,0,0,0,0,0,0,0,0,0,0,0,0,0
2204,43954,0,0,0,0,0,0,0,0,0,0,0,0,0,0
2205,43954,0,0,0,0,0,0,0,0,0,0,0,0,0,0
2206,43954,0,0,0,0,0,0,0,0,0,0,0,0,0,0
2207,43954,0,0,0,0,0,0,0,0,0,0,0,0,0,0
2208,43954,0,0,0,0,0,0,0,0,0,0,0,0,0,0
2209,43954,0,0,0,0,0,0,0,0,0,0,0,0,0,0
2210,43954,0,0,0,0,0,0,0,0,0,0,0,0,0,0
2211,43954,0,0,0,0,0,0,0,0,0,0,0,0,0,0
2212,43954,0,0,0,0,0,0,0,0,0,0,0,0,0,0
2213,43954,0,0,0,0,0,0,0,0,0,0,0,0,0,0
2214,43954,0,0,0,0,0,0,0,0,0,0,0,0,0,0
2215,43954,0,0,0,0,0,0,0,0,0,0,0,0,0,0
2216,43954,0,0,0,0,0,0,0,0,0,0,0,0,0,0
2217,43954,0,0,0,0,0,0,0,0,0,0,0,0,0,0
2218,43954,0,0,0,0,0,0,0,0,0,0,0,0,0,0
2219,43954,0,0,0,0,0,0,0,0,0,0,0,0,0,0
2220,43954,0,0,0,0,0,0,0,0,0,0,0,0,0,0
2221,43954,0,0,0,0,0,0,0,0,0,0,0,0,0,0
2222,43954,0,0,0,0,0,0,0,0,0,0,0,0,0,0
2223,43954,0,0,0,0,0,0,0,0,0,0,0,0,0,0
2224,43954,0,0,0,0,0,0,0,0,0,0,0,0,0,0
2225,43954,0,0,0,0,0,0,0,0,0,0,0,0,0,0
2226,43954,0,0,0,0,0,0,0,0,0,0,0,0,0,0
2227,43954,0,0,0,0,0,0,0,0,0,0,0,0,0,0
2228,43954,0,0,0,0,0,0,0,0,0,0,0,0,0,0
2229,43954,0,0,0,0,0,0,0,0,0,0,0,0,0,0
2230,43954,0,0,0,0,0,0,0,0,0,0,0,0,0,0
2231,43954,0,0,0,0,0,0,0,0,0,0,0,0,0,0
2232,43954,0,0,0,0,0,0,0,0,0,0,0,0,0,0
2233,43954,0,0,0,0,0,0,0,0,0,0,0,0,0,0
2234,43954,0,0,0,0,0,0,0,0,0,0,0,0,0,0
2235,43954,0,0,0,0,0,0,0,0,0,0,0,0,0,0
2236,43954,0,0,0,0,0,0,0,0,0,0,0,0,0,0
2237,43954,0,0,0,0,0,0,0,0,0,0,0,0,0,0
2238,43954,0,0,0,0,0,0,0,0,0,0,0,0,0,0
2239,43954,0,0,0,0,0,0,0,0,0,0,0,0,0,0
2240,43954,0,0,0,0,0,0,0,0,0,0,0,0,0,0
2241,43954,0,0,0,0,0,0,0,0,0,0,0,0,0,0
2242,43954,0,0,0,0,0,0,0,0,0,0,0,0,0,0
2243,43954,0,0,0,0,0,0,0,0,0,0,0,0,0,0
2244,43954,0,0,0,0,0,0,0,0,0,0,0,0,0,0
2245,43954,0,0,0,0,0,0,0,0,0,0,0,0,0,0
2246,43954,0,0,0,0,0,0,0,0,0,0,0,0,0,0
2247,43954,0,0,0,0,0,0,0,0,0,0,0,0,0,0
2248,43954,0,0,0,0,0,0,0,0,0,0,0,0,0,0
2249,43954,0,0,0,0,0,0,0,0,0,0,0,0,0,0
2250,43954,0,0,0,0,0,0,0,0,0,0,0,0,0,0
2251,43954,0,0,0,0,0,0,0,0,0,0,0,0,0,0
2252,43954,0,0,0,0,0,0,0,0,0,0,0,0,0,0
2253,43954,0,0,0,0,0,0,0,0,0,0,0,0,0,0
2254,43954,0,0,0,0,0,0,0,0,0,0,0,0,0,0
2255,43954,0,0,0,0,0,0,0,0,0,0,0,0,0,0
2256,43954,0,0,0,0,0,0,0,0,0,0,0,0,0,0
2257,43954,0,0,0,0,0,0,0,0,0,0,0,0,0,0
2258,43954,0,0,0,0,0,0,0,0,0,0,0,0,0,0
2259,43954,0,0,0,0,0,0,0,0,0,0,0,0,0,0
2260,43954,0,0,0,0,0,0,0,0,0,0,0,0,0,0
2261,43954,0,0,0,0,0,0,0,0,0,0,0,0,0,0
2262,43954,0,0,0,0,0,0,0,0,0,0,0,0,0,0
2263,43954,0,0,0,0,0,0,0,0,0,0,0,0,0,0
2264,43954,0,0,0,0,0,0,0,0,0,0,0,0,0,0
2265,43954,0,0,0,0,0,0,0,0,0,0,0,0,0,0
2266,43954,0,0,0,0,0,0,0,0,0,0,0,0,0,0
2267,43954,0,0,0,0,0,0,0,0,0,0,0,0,0,0
2268,43954,0,0,0,0,0,0,0,0,0,0,0,0,0,0
2269,43954,0,0,0,0,0,0,0,0,0,0,0,0,0,0
2270,43954,0,0,0,0,0,0,0,0,0,0,0,0,0,0
2271,43954,0,0,0,0,0,0,0,0,0,0,0,0,0,0
2272,43954,0,0,0,0,0,0,0,0,0,0,0,0,0,0
2273,43954,0,0,0,0,0,0,0,0,0,0,0,0,0,0
2274,43954,0,0,0,0,0,0,0,0,0,0,0,0,0,0
2275,43954,0,0,0,0,0,0,0,0,0,0,0,0,0,0
2276,43954,0,0,0,0,0,0,0,0,0,0,0,0,0,0
2277,43954,0,0,0,0,0,0,0,0,0,0,0,0,0,0
2278,43954,0,0,0,0,0,0,0,0,0,0,0,0,0,0
2279,43954,0,0,0,0,0,0,0,0,0,0,0,0,0,0
2280,43954,0,0,0,0,0,0,0,0,0,0,0,0,0,0
2281,43954,0,0,0,0,0,0,0,0,0,0,0,0,0,0
2282,43954,0,0,0,0,0,0,0,0,0,0,0,0,0,0
2283,43954,0,0,0,0,0,0,0,0,0,0,0,0,0,0
2284,43954,0,0,0,0,0,0,0,0,0,0,0,0,0,0
2285,43954,0,0,0,0,0,0,0,0,0,0,0,0,0,0
2286,43954,0,0,0,0,0,0,0,0,0,0,0,0,0,0
2287,43954,0,0,0,0,0,0,0,0,0,0,0,0,0,0
2288,43954,0,0,0,0,0,0,0,0,0,0,0,0,0,0
2289,43954,0,0,0,0,0,0,0,0,0,0,0,0,0,0
2290,43954,0,0,0,0,0,0,0,0,0,0,0,0,0,0
2291,43954,0,0,0,0,0,0,0,0,0,0,0,0,0,0
2292,43954,0,0,0,0,0,0,0,0,0,0,0,0,0,0
2293,43954,0,0,0,0,0,0,0,0,0,0,0,0,0,0
2294,43954,0,0,0,0,0,0,0,0,0,0,0,0,0,0
2295,43954,0,0,0,0,0,0,0,0,0,0,0,0,0,0
2296,43954,0,0,0,0,0,0,0,0,0,0,0,0,0,0
2297,43954,0,0,0,0,0,0,0,0,0,0,0,0,0,0
2298,43954,0,0,0,0,0,0,0,0,0,0,0,0,0,0
2299,43954,0,0,0,0,0,0,0,0,0,0,0,0,0,0
2300,43954,0,0,0,0,0,0,0,0,0,0,0,0,0,0
2301,43954,0,0,0,0,0,0,0,0,0,0,0,0,0,0
2302,43954,0,0,0,0,0,0,0,0,0,0,0,0,0,0
2303,43954,0,0,0,0,0,0,0,0,0,0,0,0,0,0
2304,43954,0,0,0,0,0,0,0,0,0,0,0,0,0,0
2305,43954,0,0,0,0,0,0,0,0,0,0,0,0,0,0
2306,43954,0,0,0,0,0,0,0,0,0,0,0,0,0,0
2307,43954,0,0,0,0,0,0,0,0,0,0,0,0,0,0
2308,43954,0,0,0,0,0,0,0,0,0,0,0,0,0,0
2309,43954,0,0,0,0,0,0,0,0,0,0,0,0,0,0
2310,43954,0,0,0,0,0,0,0,0,0,0,0,0,0,0
2311,43954,0,0,0,0,0,0,0,0,0,0,0,0,0,0
2312,43954,0,0,0,0,0,0,0,0,0,0,0,0,0,0
2313,43954,0,0,0,0,0,0,0,0,0,0,0,0,0,0
2314,43954,0,0,0,0,0,0,0,0,0,0,0,0,0,0
2315,43954,0,0,0,0,0,0,0,0,0,0,0,0,0,0
2316,43954,0,0,0,0,0,0,0,0,0,0,0,0,0,0
2317,43954,0,0,0,0,0,0,0,0,0,0,0,0,0,0
2318,43954,0,0,0,0,0,0,0,0,0,0,0,0,0,0
2319,43954,0,0,0,0,0,0,0,0,0,0,0,0,0,0
2320,43954,0,0,0,0,0,0,0,0,0,0,0,0,0,0
2321,43954,0,0,0,0,0,0,0,0,0,0,0,0,0,0
2322,43954,0,0,0,0,0,0,0,0,0,0,0,0,0,0
2323,43954,0,0,0,0,0,0,0,0,0,0,0,0,0,0
2324,43954,0,0,0,0,0,0,0,0,0,0,0,0,0,0
2325,43954,0,0,0,0,0,0,0,0,0,0,0,0,0,0
2326,43954,0,0,0,0,0,0,0,0,0,0,0,0,0,0
2327,43954,0,0,0,0,0,0,0,0,0,0,0,0,0,0
2328,43954,0,0,0,0,0,0,0,0,0,0,0,0,0,0
2329,43954,0,0,0,0,0,0,0,0,0,0,0,0,0,0
2330,43954,0,0,0,0,0,0,0,0,0,0,0,0,0,0
2331,43954,0,0,0,0,0,0,0,0,0,0,0,0,0,0
2332,43954,0,0,0,0,0,0,0,0,0,0,0,0,0,0
2333,43954,0,0,0,0,0,0,0,0,0,0,0,0,0,0
2334,43954,0,0,0,0,0,0,0,0,0,0,0,0,0,0
2335,43954,0,0,0,0,0,0,0,0,0,0,0,0,0,0
2336,43954,0,0,0,0,0,0,0,0,0,0,0,0,0,0
2337,43954,0,0,0,0,0,0,0,0,0,0,0,0,0,0
2338,43954,0,0,0,0,0,0,0,0,0,0,0,0,0,0
2339,43954,0,0,0,0,0,0,0,0,0,0,0,0,0,0
2340,43954,0,0,0,0,0,0,0,0,0,0,0,0,0,0
2341,43954,0,0,0,0,0,0,0,0,0,0,0,0,0,0
2342,43954,0,0,0,0,0,0,0,0,0,0,0,0,0,0
2343,43954,0,0,0,0,0,0,0,0,0,0,0,0,0,0
2344,43954,0,0,0,0,0,0,0,0,0,0,0,0,0,0
2345,43954,0,0,0,0,0,0,0,0,0,0,0,0,0,0
2346,43954,0,0,0,0,0,0,0,0,0,0,0,0,0,0
2347,43954,0,0,0,0,0,0,0,0,0,0,0,0,0,0
2348,43954,0,0,0,0,0,0,0,0,0,0,0,0,0,0
2349,43954,0,0,0,0,0,0,0,0,0,0,0,0,0,0
2350,43954,0,0,0,0,0,0,0,0,0,0,0,0,0,0
2351,43954,0,0,0,0,0,0,0,0,0,0,0,0,0,0
2352,43954,0,0,0,0,0,0,0,0,0,0,0,0,0,0
2353,43954,0,0,0,0,0,0,0,0,0,0,0,0,0,0
2354,43954,0,0,0,0,0,0,0,0,0,0,0,0,0,0
2355,43954,0,0,0,0,0,0,0,0,0,0,0,0,0,0
2356,43954,0,0,0,0,0,0,0,0,0,0,0,0,0,0
2357,43954,0,0,0,0,0,0,0,0,0,0,0,0,0,0
2358,43954,0,0,0,0,0,0,0,0,0,0,0,0,0,0
2359,43954,0,0,0,0,0,0,0,0,0,0,0,0,0,0
2360,43954,0,0,0,0,0,0,0,0,0,0,0,0,0,0
2361,43954,0,0,0,0,0,0,0,0,0,0,0,0,0,0
2362,43954,0,0,0,0,0,0,0,0,0,0,0,0,0,0
2363,43954,0,0,0,0,0,0,0,0,0,0,0,0,0,0
2364,43954,0,0,0,0,0,0,0,0,0,0,0,0,0,0
2365,43954,0,0,0,0,0,0,0,0,0,0,0,0,0,0
2366,43954,0,0,0,0,0,0,0,0,0,0,0,0,0,0
2367,43954,0,0,0,0,0,0,0,0,0,0,0,0,0,0
2368,43954,0,0,0,0,0,0,0,0,0,0,0,0,0,0
2369,43954,0,0,0,0,0,0,0,0,0,0,0,0,0,0
2370,43954,0,0,0,0,0,0,0,0,0,0,0,0,0,0
2371,43954,0,0,0,0,0,0,0,0,0,0,0,0,0,0
2372,43954,0,0,0,0,0,0,0,0,0,0,0,0,0,0
2373,43954,0,0,0,0,0,0,0,0,0,0,0,0,0,0
2374,43954,0,0,0,0,0,0,0,0,0,0,0,0,0,0
2375,43954,0,0,0,0,0,0,0,0,0,0,0,0,0,0
2376,43954,0,0,0,0,0,0,0,0,0,0,0,0,0,0
2377,43954,0,0,0,0,0,0,0,0,0,0,0,0,0,0
2378,43954,0,0,0,0,0,0,0,0,0,0,0,0,0,0
2379,43954,0,0,0,0,0,0,0,0,0,0,0,0,0,0
2380,43954,0,0,0,0,0,0,0,0,0,0,0,0,0,0
2381,43954,0,0,0,0,0,0,0,0,0,0,0,0,0,0
2382,43954,0,0,0,0,0,0,0,0,0,0,0,0,0,0
2383,43954,0,0,0,0,0,0,0,0,0,0,0,0,0,0
2384,43954,0,0,0,0,0,0,0,0,0,0,0,0,0,0
2385,43954,0,0,0,0,0,0,0,0,0,0,0,0,0,0
2386,43954,0,0,0,0,0,0,0,0,0,0,0,0,0,0
2387,43954,0,0,0,0,0,0,0,0,0,0,0,0,0,0
2388,43954,0,0,0,0,0,0,0,0,0,0,0,0,0,0
2389,43954,0,0,0,0,0,0,0,0,0,0,0,0,0,0
2390,43954,0,0,0,0,0,0,0,0,0,0,0,0,0,0
2391,43954,0,0,0,0,0,0,0,0,0,0,0,0,0,0
2392,43954,0,0,0,0,0,0,0,0,0,0,0,0,0,0
2393,43954,0,0,0,0,0,0,0,0,0,0,0,0,0,0
2394,43954,0,0,0,0,0,0,0,0,0,0,0,0,0,0
2395,43954,0,0,0,0,0,0,0,0,0,0,0,0,0,0
2396,43954,0,0,0,0,0,0,0,0,0,0,0,0,0,0
2397,43954,0,0,0,0,0,0,0,0,0,0,0,0,0,0
2398,43954,0,0,0,0,0,0,0,0,0,0,0,0,0,0
2399,43954,0,0,0,0,0,0,0,0,0,0,0,0,0,0
2400,43954,0,0,0,0,0,0,0,0,0,0,0,0,0,0
2401,43954,0,0,0,0,0,0,0,0,0,0,0,0,0,0
2402,43954,0,0,0,0,0,0,0,0,0,0,0,0,0,0
2403,43954,0,0,0,0,0,0,0,0,0,0,0,0,0,0
2404,43954,0,0,0,0,0,0,0,0,0,0,0,0,0,0
2405,43954,0,0,0,0,0,0,0,0,0,0,0,0,0,0
2406,43954,0,0,0,0,0,0,0,0,0,0,0,0,0,0
2407,43954,0,0,0,0,0,0,0,0,0,0,0,0,0,0
2408,43954,0,0,0,0,0,0,0,0,0,0,0,0,0,0
2409,43954,0,0,0,0,0,0,0,0,0,0,0,0,0,0
2410,43954,0,0,0,0,0,0,0,0,0,0,0,0,0,0
2411,43954,0,0,0,0,0,0,0,0,0,0,0,0,0,0
2412,43954,0,0,0,0,0,0,0,0,0,0,0,0,0,0
2413,43954,0,0,0,0,0,0,0,0,0,0,0,0,0,0
2414,43954,0,0,0,0,0,0,0,0,0,0,0,0,0,0
2415,43954,0,0,0,0,0,0,0,0,0,0,0,0,0,0
2416,43954,0,0,0,0,0,0,0,0,0,0,0,0,0,0
2417,43954,0,0,0,0,0,0,0,0,0,0,0,0,0,0
2418,43954,0,0,0,0,0,0,0,0,0,0,0,0,0,0
2419,43954,0,0,0,0,0,0,0,0,0,0,0,0,0,0
2420,43954,0,0,0,0,0,0,0,0,0,0,0,0,0,0
2421,43954,0,0,0,0,0,0,0,0,0,0,0,0,0,0
2422,43954,0,0,0,0,0,0,0,0,0,0,0,0,0,0
2423,43954,0,0,0,0,0,0,0,0,0,0,0,0,0,0
2424,43954,0,0,0,0,0,0,0,0,0,0,0,0,0,0
2425,43954,0,0,0,0,0,0,0,0,0,0,0,0,0,0
2426,43954,0,0,0,0,0,0,0,0,0,0,0,0,0,0
2427,43954,0,0,0,0,0,0,0,0,0,0,0,0,0,0
2428,43954,0,0,0,0,0,0,0,0,0,0,0,0,0,0
2429,43954,0,0,0,0,0,0,0,0,0,0,0,0,0,0
2430,43954,0,0,0,0,0,0,0,0,0,0,0,0,0,0
2431,43954,0,0,0,0,0,0,0,0,0,0,0,0,0,0
2432,43954,0,0,0,0,0,0,0,0,0,0,0,0,0,0
2433,43954,0,0,0,0,0,0,0,0,0,0,0,0,0,0
2434,43954,0,0,0,0,0,0,0,0,0,0,0,0,0,0
2435,43954,0,0,0,0,0,0,0,0,0,0,0,0,0,0
2436,43954,0,0,0,0,0,0,0,0,0,0,0,0,0,0
2437,43954,0,0,0,0,0,0,0,0,0,0,0,0,0,0
2438,43954,0,0,0,0,0,0,0,0,0,0,0,0,0,0
2439,43954,0,0,0,0,0,0,0,0,0,0,0,0,0,0
2440,43954,0,0,0,0,0,0,0,0,0,0,0,0,0,0
2441,43954,0,0,0,0,0,0,0,0,0,0,0,0,0,0
2442,43954,0,0,0,0,0,0,0,0,0,0,0,0,0,0
2443,43954,0,0,0,0,0,0,0,0,0,0,0,0,0,0
2444,43954,0,0,0,0,0,0,0,0,0,0,0,0,0,0
2445,43954,0,0,0,0,0,0,0,0,0,0,0,0,0,0
2446,43954,0,0,0,0,0,0,0,0,0,0,0,0,0,0
2447,43954,0,0,0,0,0,0,0,0,0,0,0,0,0,0
2448,43954,0,0,0,0,0,0,0,0,0,0,0,0,0,0
2449,43954,0,0,0,0,0,0,0,0,0,0,0,0,0,0
2450,43954,0,0,0,0,0,0,0,0,0,0,0,0,0,0
2451,43954,0,0,0,0,0,0,0,0,0,0,0,0,0,0
2452,43954,0,0,0,0,0,0,0,0,0,0,0,0,0,0
2453,43954,0,0,0,0,0,0,0,0,0,0,0,0,0,0
2454,43954,0,0,0,0,0,0,0,0,0,0,0,0,0,0
2455,43954,0,0,0,0,0,0,0,0,0,0,0,0,0,0
2456,43954,0,0,0,0,0,0,0,0,0,0,0,0,0,0
2457,43954,0,0,0,0,0,0,0,0,0,0,0,0,0,0
2458,43954,0,0,0,0,0,0,0,0,0,0,0,0,0,0
2459,43954,0,0,0,0,0,0,0,0,0,0,0,0,0,0
2460,43954,0,0,0,0,0,0,0,0,0,0,0,0,0,0
2461,43954,0,0,0,0,0,0,0,0,0,0,0,0,0,0
2462,43954,0,0,0,0,0,0,0,0,0,0,0,0,0,0
2463,43954,0,0,0,0,0,0,0,0,0,0,0,0,0,0
2464,43954,0,0,0,0,0,0,0,0,0,0,0,0,0,0
2465,43954,0,0,0,0,0,0,0,0,0,0,0,0,0,0
2466,43954,0,0,0,0,0,0,0,0,0,0,0,0,0,0
2467,43954,0,0,0,0,0,0,0,0,0,0,0,0,0,0
2468,43954,0,0,0,0,0,0,0,0,0,0,0,0,0,0
2469,43954,0,0,0,0,0,0,0,0,0,0,0,0,0,0
2470,43954,0,0,0,0,0,0,0,0,0,0,0,0,0,0
2471,43954,0,0,0,0,0,0,0,0,0,0,0,0,0,0
2472,43954,0,0,0,0,0,0,0,0,0,0,0,0,0,0
2473,43954,0,0,0,0,0,0,0,0,0,0,0,0,0,0
2474,43954,0,0,0,0,0,0,0,0,0,0,0,0,0,0
2475,43954,0,0,0,0,0,0,0,0,0,0,0,0,0,0
2476,43954,0,0,0,0,0,0,0,0,0,0,0,0,0,0
2477,43954,0,0,0,0,0,0,0,0,0,0,0,0,0,0
2478,43954,0,0,0,0,0,0,0,0,0,0,0,0,0,0
2479,43954,0,0,0,0,0,0,0,0,0,0,0,0,0,0
2480,43954,0,0,0,0,0,0,0,0,0,0,0,0,0,0
2481,43954,0,0,0,0,0,0,0,0,0,0,0,0,0,0
2482,43954,0,0,0,0,0,0,0,0,0,0,0,0,0,0
2483,43954,0,0,0,0,0,0,0,0,0,0,0,0,0,0
2484,43954,0,0,0,0,0,0,0,0,0,0,0,0,0,0
2485,43954,0,0,0,0,0,0,0,0,0,0,0,0,0,0
2486,43954,0,0,0,0,0,0,0,0,0,0,0,0,0,0
2487,43954,0,0,0,0,0,0,0,0,0,0,0,0,0,0
2488,43954,0,0,0,0,0,0,0,0,0,0,0,0,0,0
2489,43954,0,0,0,0,0,0,0,0,0,0,0,0,0,0
2490,43954,0,0,0,0,0,0,0,0,0,0,0,0,0,0
2491,43954,0,0,0,0,0,0,0,0,0,0,0,0,0,0
2492,43954,0,0,0,0,0,0,0,0,0,0,0,0,0,0
2493,43954,0,0,0,0,0,0,0,0,0,0,0,0,0,0
2494,43954,0,0,0,0,0,0,0,0,0,0,0,0,0,0
2495,43954,0,0,0,0,0,0,0,0,0,0,0,0,0,0
2496,43954,0,0,0,0,0,0,0,0,0,0,0,0,0,0
2497,43954,0,0,0,0,0,0,0,0,0,0,0,0,0,0
2498,43954,0,0,0,0,0,0,0,0,0,0,0,0,0,0
2499,43954,0,0,0,0,0,0,0,0,0,0,0,0,0,0
2500,43954,0,0,0,0,0,0,0,0,0,0,0,0,0,0
2501,43954,0,0,0,0,0,0,0,0,0,0,0,0,0,0
2502,43954,0,0,0,0,0,0,0,0,0,0,0,0,0,0
2503,43954,0,0,0,0,0,0,0,0,0,0,0,0,0,0
2504,43954,0,0,0,0,0,0,0,0,0,0,0,0,0,0
2505,43954,0,0,0,0,0,0,0,0,0,0,0,0,0,0
2506,43954,0,0,0,0,0,0,0,0,0,0,0,0,0,0
2507,43954,0,0,0,0,0,0,0,0,0,0,0,0,0,0
2508,43954,0,0,0,0,0,0,0,0,0,0,0,0,0,0
2509,43954,0,0,0,0,0,0,0,0,0,0,0,0,0,0
2510,43954,0,0,0,0,0,0,0,0,0,0,0,0,0,0
2511,43954,0,0,0,0,0,0,0,0,0,0,0,0,0,0
2512,43954,0,0,0,0,0,0,0,0,0,0,0,0,0,0
2513,43954,0,0,0,0,0,0,0,0,0,0,0,0,0,0
2514,43954,0,0,0,0,0,0,0,0,0,0,0,0,0,0
2515,43954,0,0,0,0,0,0,0,0,0,0,0,0,0,0
2516,43954,0,0,0,0,0,0,0,0,0,0,0,0,0,0
2517,43954,0,0,0,0,0,0,0,0,0,0,0,0,0,0
2518,43954,0,0,0,0,0,0,0,0,0,0,0,0,0,0
2519,43954,0,0,0,0,0,0,0,0,0,0,0,0,0,0
2520,43954,0,0,0,0,0,0,0,0,0,0,0,0,0,0
2521,43954,0,0,0,0,0,0,0,0,0,0,0,0,0,0
2522,43954,0,0,0,0,0,0,0,0,0,0,0,0,0,0
2523,43954,0,0,0,0,0,0,0,0,0,0,0,0,0,0
2524,43954,0,0,0,0,0,0,0,0,0,0,0,0,0,0
2525,43954,0,0,0,0,0,0,0,0,0,0,0,0,0,0
2526,43954,0,0,0,0,0,0,0,0,0,0,0,0,0,0
2527,43954,0,0,0,0,0,0,0,0,0,0,0,0,0,0
2528,43954,0,0,0,0,0,0,0,0,0,0,0,0,0,0
2529,43954,0,0,0,0,0,0,0,0,0,0,0,0,0,0
2530,43954,0,0,0,0,0,0,0,0,0,0,0,0,0,0
2531,43954,0,0,0,0,0,0,0,0,0,0,0,0,0,0
2532,43954,0,0,0,0,0,0,0,0,0,0,0,0,0,0
2533,43954,0,0,0,0,0,0,0,0,0,0,0,0,0,0
2534,43954,0,0,0,0,0,0,0,0,0,0,0,0,0,0
2535,43954,0,0,0,0,0,0,0,0,0,0,0,0,0,0
2536,43954,0,0,0,0,0,0,0,0,0,0,0,0,0,0
2537,43954,0,0,0,0,0,0,0,0,0,0,0,0,0,0
2538,43954,0,0,0,0,0,0,0,0,0,0,0,0,0,0
2539,43954,0,0,0,0,0,0,0,0,0,0,0,0,0,0
2540,43954,0,0,0,0,0,0,0,0,0,0,0,0,0,0
2541,43954,0,0,0,0,0,0,0,0,0,0,0,0,0,0
2542,43954,0,0,0,0,0,0,0,0,0,0,0,0,0,0
2543,43954,0,0,0,0,0,0,0,0,0,0,0,0,0,0
2544,43954,0,0,0,0,0,0,0,0,0,0,0,0,0,0
2545,43954,0,0,0,0,0,0,0,0,0,0,0,0,0,0
2546,43954,0,0,0,0,0,0,0,0,0,0,0,0,0,0
2547,43954,0,0,0,0,0,0,0,0,0,0,0,0,0,0
2548,43954,0,0,0,0,0,0,0,0,0,0,0,0,0,0
2549,43954,0,0,0,0,0,0,0,0,0,0,0,0,0,0
2550,43954,0,0,0,0,0,0,0,0,0,0,0,0,0,0
2551,43954,0,0,0,0,0,0,0,0,0,0,0,0,0,0
2552,43954,0,0,0,0,0,0,0,0,0,0,0,0,0,0
2553,43954,0,0,0,0,0,0,0,0,0,0,0,0,0,0
2554,43954,0,0,0,0,0,0,0,0,0,0,0,0,0,0
2555,43954,0,0,0,0,0,0,0,0,0,0,0,0,0,0
2556,43954,0,0,0,0,0,0,0,0,0,0,0,0,0,0
2557,43954,0,0,0,0,0,0,0,0,0,0,0,0,0,0
2558,43954,0,0,0,0,0,0,0,0,0,0,0,0,0,0
2559,43954,0,0,0,0,0,0,0,0,0,0,0,0,0,0
2560,43954,0,0,0,0,0,0,0,0,0,0,0,0,0,0
2561,43954,0,0,0,0,0,0,0,0,0,0,0,0,0,0
2562,43954,0,0,0,0,0,0,0,0,0,0,0,0,0,0
2563,43954,0,0,0,0,0,0,0,0,0,0,0,0,0,0
2564,43954,0,0,0,0,0,0,0,0,0,0,0,0,0,0
2565,43954,0,0,0,0,0,0,0,0,0,0,0,0,0,0
2566,43954,0,0,0,0,0,0,0,0,0,0,0,0,0,0
2567,43954,0,0,0,0,0,0,0,0,0,0,0,0,0,0
2568,43954,0,0,0,0,0,0,0,0,0,0,0,0,0,0
2569,43954,0,0,0,0,0,0,0,0,0,0,0,0,0,0
2570,43954,0,0,0,0,0,0,0,0,0,0,0,0,0,0
2571,43954,0,0,0,0,0,0,0,0,0,0,0,0,0,0
2572,43954,0,0,0,0,0,0,0,0,0,0,0,0,0,0
2573,43954,0,0,0,0,0,0,0,0,0,0,0,0,0,0
2574,43954,0,0,0,0,0,0,0,0,0,0,0,0,0,0
2575,43954,0,0,0,0,0,0,0,0,0,0,0,0,0,0
2576,43954,0,0,0,0,0,0,0,0,0,0,0,0,0,0
2577,43954,0,0,0,0,0,0,0,0,0,0,0,0,0,0
2578,43954,0,0,0,0,0,0,0,0,0,0,0,0,0,0
2579,43954,0,0,0,0,0,0,0,0,0,0,0,0,0,0
2580,43954,0,0,0,0,0,0,0,0,0,0,0,0,0,0
2581,43954,0,0,0,0,0,0,0,0,0,0,0,0,0,0
2582,43954,0,0,0,0,0,0,0,0,0,0,0,0,0,0
2583,43954,0,0,0,0,0,0,0,0,0,0,0,0,0,0
2584,43954,0,0,0,0,0,0,0,0,0,0,0,0,0,0
2585,43954,0,0,0,0,0,0,0,0,0,0,0,0,0,0
2586,43954,0,0,0,0,0,0,0,0,0,0,0,0,0,0
2587,43954,0,0,0,0,0,0,0,0,0,0,0,0,0,0
2588,43954,0,0,0,0,0,0,0,0,0,0,0,0,0,0
2589,43954,0,0,0,0,0,0,0,0,0,0,0,0,0,0
2590,43954,0,0,0,0,0,0,0,0,0,0,0,0,0,0
2591,43954,0,0,0,0,0,0,0,0,0,0,0,0,0,0
2592,43954,0,0,0,0,0,0,0,0,0,0,0,0,0,0
2593,43954,0,0,0,0,0,0,0,0,0,0,0,0,0,0
2594,43954,0,0,0,0,0,0,0,0,0,0,0,0,0,0
2595,43954,0,0,0,0,0,0,0,0,0,0,0,0,0,0
2596,43954,0,0,0,0,0,0,0,0,0,0,0,0,0,0
2597,43954,0,0,0,0,0,0,0,0,0,0,0,0,0,0
2598,43954,0,0,0,0,0,0,0,0,0,0,0,0,0,0
2599,43954,0,0,0,0,0,0,0,0,0,0,0,0,0,0
2600,43954,0,0,0,0,0,0,0,0,0,0,0,0,0,0
2601,43954,0,0,0,0,0,0,0,0,0,0,0,0,0,0
2602,43954,0,0,0,0,0,0,0,0,0,0,0,0,0,0
2603,43954,0,0,0,0,0,0,0,0,0,0,0,0,0,0
2604,43954,0,0,0,0,0,0,0,0,0,0,0,0,0,0
2605,43954,0,0,0,0,0,0,0,0,0,0,0,0,0,0
2606,43954,0,0,0,0,0,0,0,0,0,0,0,0,0,0
2607,43954,0,0,0,0,0,0,0,0,0,0,0,0,0,0
2608,43954,0,0,0,0,0,0,0,0,0,0,0,0,0,0
2609,43954,0,0,0,0,0,0,0,0,0,0,0,0,0,0
2610,43954,0,0,0,0,0,0,0,0,0,0,0,0,0,0
2611,43954,0,0,0,0,0,0,0,0,0,0,0,0,0,0
2612,43954,0,0,0,0,0,0,0,0,0,0,0,0,0,0
2613,43954,0,0,0,0,0,0,0,0,0,0,0,0,0,0
2614,43954,0,0,0,0,0,0,0,0,0,0,0,0,0,0
2615,43954,0,0,0,0,0,0,0,0,0,0,0,0,0,0
2616,43954,0,0,0,0,0,0,0,0,0,0,0,0,0,0
2617,43954,0,0,0,0,0,0,0,0,0,0,0,0,0,0
2618,43954,0,0,0,0,0,0,0,0,0,0,0,0,0,0
2619,43954,0,0,0,0,0,0,0,0,0,0,0,0,0,0
2620,43954,0,0,0,0,0,0,0,0,0,0,0,0,0,0
2621,43954,0,0,0,0,0,0,0,0,0,0,0,0,0,0
2622,43954,0,0,0,0,0,0,0,0,0,0,0,0,0,0
2623,43954,0,0,0,0,0,0,0,0,0,0,0,0,0,0
2624,43954,0,0,0,0,0,0,0,0,0,0,0,0,0,0
2625,43954,0,0,0,0,0,0,0,0,0,0,0,0,0,0
2626,43954,0,0,0,0,0,0,0,0,0,0,0,0,0,0
2627,43954,0,0,0,0,0,0,0,0,0,0,0,0,0,0
2628,43954,0,0,0,0,0,0,0,0,0,0,0,0,0,0
2629,43954,0,0,0,0,0,0,0,0,0,0,0,0,0,0
2630,43954,0,0,0,0,0,0,0,0,0,0,0,0,0,0
2631,43954,0,0,0,0,0,0,0,0,0,0,0,0,0,0
2632,43954,0,0,0,0,0,0,0,0,0,0,0,0,0,0
2633,43954,0,0,0,0,0,0,0,0,0,0,0,0,0,0
2634,43954,0,0,0,0,0,0,0,0,0,0,0,0,0,0
2635,43954,0,0,0,0,0,0,0,0,0,0,0,0,0,0
2636,43954,0,0,0,0,0,0,0,0,0,0,0,0,0,0
2637,43954,0,0,0,0,0,0,0,0,0,0,0,0,0,0
2638,43954,0,0,0,0,0,0,0,0,0,0,0,0,0,0
2639,43954,0,0,0,0,0,0,0,0,0,0,0,0,0,0
2640,43954,0,0,0,0,0,0,0,0,0,0,0,0,0,0
2641,43954,0,0,0,0,0,0,0,0,0,0,0,0,0,0
2642,43954,0,0,0,0,0,0,0,0,0,0,0,0,0,0
2643,43954,0,0,0,0,0,0,0,0,0,0,0,0,0,0
2644,43954,0,0,0,0,0,0,0,0,0,0,0,0,0,0
2645,43954,0,0,0,0,0,0,0,0,0,0,0,0,0,0
2646,43954,0,0,0,0,0,0,0,0,0,0,0,0,0,0
2647,43954,0,0,0,0,0,0,0,0,0,0,0,0,0,0
2648,43954,0,0,0,0,0,0,0,0,0,0,0,0,0,0
2649,43954,0,0,0,0,0,0,0,0,0,0,0,0,0,0
2650,43954,0,0,0,0,0,0,0,0,0,0,0,0,0,0
2651,43954,0,0,0,0,0,0,0,0,0,0,0,0,0,0
2652,43954,0,0,0,0,0,0,0,0,0,0,0,0,0,0
2653,43954,0,0,0,0,0,0,0,0,0,0,0,0,0,0
2654,43954,0,0,0,0,0,0,0,0,0,0,0,0,0,0
2655,43954,0,0,0,0,0,0,0,0,0,0,0,0,0,0
2656,43954,0,0,0,0,0,0,0,0,0,0,0,0,0,0
2657,43954,0,0,0,0,0,0,0,0,0,0,0,0,0,0
2658,43954,0,0,0,0,0,0,0,0,0,0,0,0,0,0
2659,43954,0,0,0,0,0,0,0,0,0,0,0,0,0,0
2660,43954,0,0,0,0,0,0,0,0,0,0,0,0,0,0
2661,43954,0,0,0,0,0,0,0,0,0,0,0,0,0,0
2662,43954,0,0,0,0,0,0,0,0,0,0,0,0,0,0
2663,43954,0,0,0,0,0,0,0,0,0,0,0,0,0,0
2664,43954,0,0,0,0,0,0,0,0,0,0,0,0,0,0
2665,43954,0,0,0,0,0,0,0,0,0,0,0,0,0,0
2666,43954,0,0,0,0,0,0,0,0,0,0,0,0,0,0
2667,43954,0,0,0,0,0,0,0,0,0,0,0,0,0,0
2668,43954,0,0,0,0,0,0,0,0,0,0,0,0,0,0
2669,43954,0,0,0,0,0,0,0,0,0,0,0,0,0,0
2670,43954,0,0,0,0,0,0,0,0,0,0,0,0,0,0
2671,43954,0,0,0,0,0,0,0,0,0,0,0,0,0,0
2672,43954,0,0,0,0,0,0,0,0,0,0,0,0,0,0
2673,43954,0,0,0,0,0,0,0,0,0,0,0,0,0,0
2674,43954,0,0,0,0,0,0,0,0,0,0,0,0,0,0
2675,43954,0,0,0,0,0,0,0,0,0,0,0,0,0,0
2676,43954,0,0,0,0,0,0,0,0,0,0,0,0,0,0
2677,43954,0,0,0,0,0,0,0,0,0,0,0,0,0,0
2678,43954,0,0,0,0,0,0,0,0,0,0,0,0,0,0
2679,43954,0,0,0,0,0,0,0,0,0,0,0,0,0,0
2680,43954,0,0,0,0,0,0,0,0,0,0,0,0,0,0
2681,43954,0,0,0,0,0,0,0,0,0,0,0,0,0,0
2682,43954,0,0,0,0,0,0,0,0,0,0,0,0,0,0
2683,43954,0,0,0,0,0,0,0,0,0,0,0,0,0,0
2684,43954,0,0,0,0,0,0,0,0,0,0,0,0,0,0
2685,43954,0,0,0,0,0,0,0,0,0,0,0,0,0,0
2686,43954,0,0,0,0,0,0,0,0,0,0,0,0,0,0
2687,43954,0,0,0,0,0,0,0,0,0,0,0,0,0,0
2688,43954,0,0,0,0,0,0,0,0,0,0,0,0,0,0
2689,43954,0,0,0,0,0,0,0,0,0,0,0,0,0,0
2690,43954,0,0,0,0,0,0,0,0,0,0,0,0,0,0
2691,43954,0,0,0,0,0,0,0,0,0,0,0,0,0,0
2692,43954,0,0,0,0,0,0,0,0,0,0,0,0,0,0
2693,43954,0,0,0,0,0,0,0,0,0,0,0,0,0,0
2694,43954,0,0,0,0,0,0,0,0,0,0,0,0,0,0
2695,43954,0,0,0,0,0,0,0,0,0,0,0,0,0,0
2696,43954,0,0,0,0,0,0,0,0,0,0,0,0,0,0
2697,43954,0,0,0,0,0,0,0,0,0,0,0,0,0,0
2698,43954,0,0,0,0,0,0,0,0,0,0,0,0,0,0
2699,43954,0,0,0,0,0,0,0,0,0,0,0,0,0,0
2700,43954,0,0,0,0,0,0,0,0,0,0,0,0,0,0
2701,43954,0,0,0,0,0,0,0,0,0,0,0,0,0,0
2702,43954,0,0,0,0,0,0,0,0,0,0,0,0,0,0
2703,43954,0,0,0,0,0,0,0,0,0,0,0,0,0,0
2704,43954,0,0,0,0,0,0,0,0,0,0,0,0,0,0
2705,43954,0,0,0,0,0,0,0,0,0,0,0,0,0,0
2706,43954,0,0,0,0,0,0,0,0,0,0,0,0,0,0
2707,43954,0,0,0,0,0,0,0,0,0,0,0,0,0,0
2708,43954,0,0,0,0,0,0,0,0,0,0,0,0,0,0
2709,43954,0,0,0,0,0,0,0,0,0,0,0,0,0,0
2710,43954,0,0,0,0,0,0,0,0,0,0,0,0,0,0
2711,43954,0,0,0,0,0,0,0,0,0,0,0,0,0,0
2712,43954,0,0,0,0,0,0,0,0,0,0,0,0,0,0
2713,43954,0,0,0,0,0,0,0,0,0,0,0,0,0,0
2714,43954,0,0,0,0,0,0,0,0,0,0,0,0,0,0
2715,43954,0,0,0,0,0,0,0,0,0,0,0,0,0,0
2716,43954,0,0,0,0,0,0,0,0,0,0,0,0,0,0
2717,43954,0,0,0,0,0,0,0,0,0,0,0,0,0,0
2718,43954,0,0,0,0,0,0,0,0,0,0,0,0,0,0
2719,43954,0,0,0,0,0,0,0,0,0,0,0,0,0,0
2720,43954,0,0,0,0,0,0,0,0,0,0,0,0,0,0
2721,43954,0,0,0,0,0,0,0,0,0,0,0,0,0,0
2722,43954,0,0,0,0,0,0,0,0,0,0,0,0,0,0
2723,43954,0,0,0,0,0,0,0,0,0,0,0,0,0,0
2724,43954,0,0,0,0,0,0,0,0,0,0,0,0,0,0
2725,43954,0,0,0,0,0,0,0,0,0,0,0,0,0,0
2726,43954,0,0,0,0,0,0,0,0,0,0,0,0,0,0
2727,43954,0,0,0,0,0,0,0,0,0,0,0,0,0,0
2728,43954,0,0,0,0,0,0,0,0,0,0,0,0,0,0
2729,43954,0,0,0,0,0,0,0,0,0,0,0,0,0,0
2730,43954,0,0,0,0,0,0,0,0,0,0,0,0,0,0
2731,43954,0,0,0,0,0,0,0,0,0,0,0,0,0,0
2732,43954,0,0,0,0,0,0,0,0,0,0,0,0,0,0
2733,43954,0,0,0,0,0,0,0,0,0,0,0,0,0,0
2734,43954,0,0,0,0,0,0,0,0,0,0,0,0,0,0
2735,43954,0,0,0,0,0,0,0,0,0,0,0,0,0,0
2736,43954,0,0,0,0,0,0,0,0,0,0,0,0,0,0
2737,43954,0,0,0,0,0,0,0,0,0,0,0,0,0,0
2738,43954,0,0,0,0,0,0,0,0,0,0,0,0,0,0
2739,43954,0,0,0,0,0,0,0,0,0,0,0,0,0,0
2740,43954,0,0,0,0,0,0,0,0,0,0,0,0,0,0
2741,43954,0,0,0,0,0,0,0,0,0,0,0,0,0,0
2742,43954,0,0,0,0,0,0,0,0,0,0,0,0,0,0
2743,43954,0,0,0,0,0,0,0,0,0,0,0,0,0,0
2744,43954,0,0,0,0,0,0,0,0,0,0,0,0,0,0
2745,43954,0,0,0,0,0,0,0,0,0,0,0,0,0,0
2746,43954,0,0,0,0,0,0,0,0,0,0,0,0,0,0
2747,43954,0,0,0,0,0,0,0,0,0,0,0,0,0,0
2748,43954,0,0,0,0,0,0,0,0,0,0,0,0,0,0
2749,43954,0,0,0,0,0,0,0,0,0,0,0,0,0,0
2750,43954,0,0,0,0,0,0,0,0,0,0,0,0,0,0
2751,43954,0,0,0,0,0,0,0,0,0,0,0,0,0,0
2752,43954,0,0,0,0,0,0,0,0,0,0,0,0,0,0
2753,43954,0,0,0,0,0,0,0,0,0,0,0,0,0,0
2754,43954,0,0,0,0,0,0,0,0,0,0,0,0,0,0
2755,43954,0,0,0,0,0,0,0,0,0,0,0,0,0,0
2756,43954,0,0,0,0,0,0,0,0,0,0,0,0,0,0
2757,43954,0,0,0,0,0,0,0,0,0,0,0,0,0,0
2758,43954,0,0,0,0,0,0,0,0,0,0,0,0,0,0
2759,43954,0,0,0,0,0,0,0,0,0,0,0,0,0,0
2760,43954,0,0,0,0,0,0,0,0,0,0,0,0,0,0
2761,43954,0,0,0,0,0,0,0,0,0,0,0,0,0,0
2762,43954,0,0,0,0,0,0,0,0,0,0,0,0,0,0
2763,43954,0,0,0,0,0,0,0,0,0,0,0,0,0,0
2764,43954,0,0,0,0,0,0,0,0,0,0,0,0,0,0
2765,43954,0,0,0,0,0,0,0,0,0,0,0,0,0,0
2766,43954,0,0,0,0,0,0,0,0,0,0,0,0,0,0
2767,43954,0,0,0,0,0,0,0,0,0,0,0,0,0,0
2768,43954,0,0,0,0,0,0,0,0,0,0,0,0,0,0
2769,43954,0,0,0,0,0,0,0,0,0,0,0,0,0,0
2770,43954,0,0,0,0,0,0,0,0,0,0,0,0,0,0
2771,43954,0,0,0,0,0,0,0,0,0,0,0,0,0,0
2772,43954,0,0,0,0,0,0,0,0,0,0,0,0,0,0
2773,43954,0,0,0,0,0,0,0,0,0,0,0,0,0,0
2774,43954,0,0,0,0,0,0,0,0,0,0,0,0,0,0
2775,43954,0,0,0,0,0,0,0,0,0,0,0,0,0,0
2776,43954,0,0,0,0,0,0,0,0,0,0,0,0,0,0
2777,43954,0,0,0,0,0,0,0,0,0,0,0,0,0,0
2778,43954,0,0,0,0,0,0,0,0,0,0,0,0,0,0
2779,43954,0,0,0,0,0,0,0,0,0,0,0,0,0,0
2780,43954,0,0,0,0,0,0,0,0,0,0,0,0,0,0
2781,43954,0,0,0,0,0,0,0,0,0,0,0,0,0,0
2782,43954,0,0,0,0,0,0,0,0,0,0,0,0,0,0
2783,43954,0,0,0,0,0,0,0,0,0,0,0,0,0,0
2784,43954,0,0,0,0,0,0,0,0,0,0,0,0,0,0
2785,43954,0,0,0,0,0,0,0,0,0,0,0,0,0,0
2786,43954,0,0,0,0,0,0,0,0,0,0,0,0,0,0
2787,43954,0,0,0,0,0,0,0,0,0,0,0,0,0,0
2788,43954,0,0,0,0,0,0,0,0,0,0,0,0,0,0
2789,43954,0,0,0,0,0,0,0,0,0,0,0,0,0,0
2790,43954,0,0,0,0,0,0,0,0,0,0,0,0,0,0
2791,43954,0,0,0,0,0,0,0,0,0,0,0,0,0,0
2792,43954,0,0,0,0,0,0,0,0,0,0,0,0,0,0
2793,43954,0,0,0,0,0,0,0,0,0,0,0,0,0,0
2794,43954,0,0,0,0,0,0,0,0,0,0,0,0,0,0
2795,43954,0,0,0,0,0,0,0,0,0,0,0,0,0,0
2796,43954,0,0,0,0,0,0,0,0,0,0,0,0,0,0
2797,43954,0,0,0,0,0,0,0,0,0,0,0,0,0,0
2798,43954,0,0,0,0,0,0,0,0,0,0,0,0,0,0
2799,43954,0,0,0,0,0,0,0,0,0,0,0,0,0,0
2800,43954,0,0,0,0,0,0,0,0,0,0,0,0,0,0
2801,43954,0,0,0,0,0,0,0,0,0,0,0,0,0,0
2802,43954,0,0,0,0,0,0,0,0,0,0,0,0,0,0
2803,43954,0,0,0,0,0,0,0,0,0,0,0,0,0,0
2804,43954,0,0,0,0,0,0,0,0,0,0,0,0,0,0
2805,43954,0,0,0,0,0,0,0,0,0,0,0,0,0,0
2806,43954,0,0,0,0,0,0,0,0,0,0,0,0,0,0
2807,43954,0,0,0,0,0,0,0,0,0,0,0,0,0,0
2808,43954,0,0,0,0,0,0,0,0,0,0,0,0,0,0
2809,43954,0,0,0,0,0,0,0,0,0,0,0,0,0,0
2810,43954,0,0,0,0,0,0,0,0,0,0,0,0,0,0
2811,43954,0,0,0,0,0,0,0,0,0,0,0,0,0,0
2812,43954,0,0,0,0,0,0,0,0,0,0,0,0,0,0
2813,43954,0,0,0,0,0,0,0,0,0,0,0,0,0,0
2814,43954,0,0,0,0,0,0,0,0,0,0,0,0,0,0
2815,43954,0,0,0,0,0,0,0,0,0,0,0,0,0,0
2816,43954,0,0,0,0,0,0,0,0,0,0,0,0,0,0
2817,43954,0,0,0,0,0,0,0,0,0,0,0,0,0,0
2818,43954,0,0,0,0,0,0,0,0,0,0,0,0,0,0
2819,43954,0,0,0,0,0,0,0,0,0,0,0,0,0,0
2820,43954,0,0,0,0,0,0,0,0,0,0,0,0,0,0
2821,43954,0,0,0,0,0,0,0,0,0,0,0,0,0,0
2822,43954,0,0,0,0,0,0,0,0,0,0,0,0,0,0
2823,43954,0,0,0,0,0,0,0,0,0,0,0,0,0,0
2824,43954,0,0,0,0,0,0,0,0,0,0,0,0,0,0
2825,43954,0,0,0,0,0,0,0,0,0,0,0,0,0,0
2826,43954,0,0,0,0,0,0,0,0,0,0,0,0,0,0
2827,43954,0,0,0,0,0,0,0,0,0,0,0,0,0,0
2828,43954,0,0,0,0,0,0,0,0,0,0,0,0,0,0
2829,43954,0,0,0,0,0,0,0,0,0,0,0,0,0,0
2830,43954,0,0,0,0,0,0,0,0,0,0,0,0,0,0
2831,43954,0,0,0,0,0,0,0,0,0,0,0,0,0,0
2832,43954,0,0,0,0,0,0,0,0,0,0,0,0,0,0
2833,43954,0,0,0,0,0,0,0,0,0,0,0,0,0,0
2834,43954,0,0,0,0,0,0,0,0,0,0,0,0,0,0
2835,43954,0,0,0,0,0,0,0,0,0,0,0,0,0,0
2836,43954,0,0,0,0,0,0,0,0,0,0,0,0,0,0
2837,43954,0,0,0,0,0,0,0,0,0,0,0,0,0,0
2838,43954,0,0,0,0,0,0,0,0,0,0,0,0,0,0
2839,43954,0,0,0,0,0,0,0,0,0,0,0,0,0,0
2840,43954,0,0,0,0,0,0,0,0,0,0,0,0,0,0
2841,43954,0,0,0,0,0,0,0,0,0,0,0,0,0,0
2842,43954,0,0,0,0,0,0,0,0,0,0,0,0,0,0
2843,43954,0,0,0,0,0,0,0,0,0,0,0,0,0,0
2844,43954,0,0,0,0,0,0,0,0,0,0,0,0,0,0
2845,43954,0,0,0,0,0,0,0,0,0,0,0,0,0,0
2846,43954,0,0,0,0,0,0,0,0,0,0,0,0,0,0
2847,43954,0,0,0,0,0,0,0,0,0,0,0,0,0,0
2848,43954,0,0,0,0,0,0,0,0,0,0,0,0,0,0
2849,43954,0,0,0,0,0,0,0,0,0,0,0,0,0,0
2850,43954,0,0,0,0,0,0,0,0,0,0,0,0,0,0
2851,43954,0,0,0,0,0,0,0,0,0,0,0,0,0,0
2852,43954,0,0,0,0,0,0,0,0,0,0,0,0,0,0
2853,43954,0,0,0,0,0,0,0,0,0,0,0,0,0,0
2854,43954,0,0,0,0,0,0,0,0,0,0,0,0,0,0
2855,43954,0,0,0,0,0,0,0,0,0,0,0,0,0,0
2856,43954,0,0,0,0,0,0,0,0,0,0,0,0,0,0
2857,43954,0,0,0,0,0,0,0,0,0,0,0,0,0,0
2858,43954,0,0,0,0,0,0,0,0,0,0,0,0,0,0
2859,43954,0,0,0,0,0,0,0,0,0,0,0,0,0,0
2860,43954,0,0,0,0,0,0,0,0,0,0,0,0,0,0
2861,43954,0,0,0,0,0,0,0,0,0,0,0,0,0,0
2862,43954,0,0,0,0,0,0,0,0,0,0,0,0,0,0
2863,43954,0,0,0,0,0,0,0,0,0,0,0,0,0,0
2864,43954,0,0,0,0,0,0,0,0,0,0,0,0,0,0
2865,43954,0,0,0,0,0,0,0,0,0,0,0,0,0,0
2866,43954,0,0,0,0,0,0,0,0,0,0,0,0,0,0
2867,43954,0,0,0,0,0,0,0,0,0,0,0,0,0,0
2868,43954,0,0,0,0,0,0,0,0,0,0,0,0,0,0
2869,43954,0,0,0,0,0,0,0,0,0,0,0,0,0,0
2870,43954,0,0,0,0,0,0,0,0,0,0,0,0,0,0
2871,43954,0,0,0,0,0,0,0,0,0,0,0,0,0,0
2872,43954,0,0,0,0,0,0,0,0,0,0,0,0,0,0
2873,43954,0,0,0,0,0,0,0,0,0,0,0,0,0,0
2874,43954,0,0,0,0,0,0,0,0,0,0,0,0,0,0
2875,43954,0,0,0,0,0,0,0,0,0,0,0,0,0,0
2876,43954,0,0,0,0,0,0,0,0,0,0,0,0,0,0
2877,43954,0,0,0,0,0,0,0,0,0,0,0,0,0,0
2878,43954,0,0,0,0,0,0,0,0,0,0,0,0,0,0
2879,43954,0,0,0,0,0,0,0,0,0,0,0,0,0,0
2880,43954,0,0,0,0,0,0,0,0,0,0,0,0,0,0
2881,43954,0,0,0,0,0,0,0,0,0,0,0,0,0,0
2882,43954,0,0,0,0,0,0,0,0,0,0,0,0,0,0
2883,43954,0,0,0,0,0,0,0,0,0,0,0,0,0,0
2884,43954,0,0,0,0,0,0,0,0,0,0,0,0,0,0
2885,43954,0,0,0,0,0,0,0,0,0,0,0,0,0,0
2886,43954,0,0,0,0,0,0,0,0,0,0,0,0,0,0
2887,43954,0,0,0,0,0,0,0,0,0,0,0,0,0,0
2888,43954,0,0,0,0,0,0,0,0,0,0,0,0,0,0
2889,43954,0,0,0,0,0,0,0,0,0,0,0,0,0,0
2890,43954,0,0,0,0,0,0,0,0,0,0,0,0,0,0
2891,43954,0,0,0,0,0,0,0,0,0,0,0,0,0,0
2892,43954,0,0,0,0,0,0,0,0,0,0,0,0,0,0
2893,43954,0,0,0,0,0,0,0,0,0,0,0,0,0,0
2894,43954,0,0,0,0,0,0,0,0,0,0,0,0,0,0
2895,43954,0,0,0,0,0,0,0,0,0,0,0,0,0,0
2896,43954,0,0,0,0,0,0,0,0,0,0,0,0,0,0
2897,43954,0,0,0,0,0,0,0,0,0,0,0,0,0,0
2898,43954,0,0,0,0,0,0,0,0,0,0,0,0,0,0
2899,43954,0,0,0,0,0,0,0,0,0,0,0,0,0,0
2900,43954,0,0,0,0,0,0,0,0,0,0,0,0,0,0
2901,43954,0,0,0,0,0,0,0,0,0,0,0,0,0,0
2902,43954,0,0,0,0,0,0,0,0,0,0,0,0,0,0
2903,43954,0,0,0,0,0,0,0,0,0,0,0,0,0,0
2904,43954,0,0,0,0,0,0,0,0,0,0,0,0,0,0
2905,43954,0,0,0,0,0,0,0,0,0,0,0,0,0,0
2906,43954,0,0,0,0,0,0,0,0,0,0,0,0,0,0
2907,43954,0,0,0,0,0,0,0,0,0,0,0,0,0,0
2908,43954,0,0,0,0,0,0,0,0,0,0,0,0,0,0
2909,43954,0,0,0,0,0,0,0,0,0,0,0,0,0,0
2910,43954,0,0,0,0,0,0,0,0,0,0,0,0,0,0
2911,43954,0,0,0,0,0,0,0,0,0,0,0,0,0,0
2912,43954,0,0,0,0,0,0,0,0,0,0,0,0,0,0
2913,43954,0,0,0,0,0,0,0,0,0,0,0,0,0,0
2914,43954,0,0,0,0,0,0,0,0,0,0,0,0,0,0
2915,43954,0,0,0,0,0,0,0,0,0,0,0,0,0,0
2916,43954,0,0,0,0,0,0,0,0,0,0,0,0,0,0
2917,43954,0,0,0,0,0,0,0,0,0,0,0,0,0,0
2918,43954,0,0,0,0,0,0,0,0,0,0,0,0,0,0
2919,43954,0,0,0,0,0,0,0,0,0,0,0,0,0,0
2920,43954,0,0,0,0,0,0,0,0,0,0,0,0,0,0
2921,43954,0,0,0,0,0,0,0,0,0,0,0,0,0,0
2922,43954,0,0,0,0,0,0,0,0,0,0,0,0,0,0
2923,43954,0,0,0,0,0,0,0,0,0,0,0,0,0,0
2924,43954,0,0,0,0,0,0,0,0,0,0,0,0,0,0
2925,43954,0,0,0,0,0,0,0,0,0,0,0,0,0,0
2926,43954,0,0,0,0,0,0,0,0,0,0,0,0,0,0
2927,43954,0,0,0,0,0,0,0,0,0,0,0,0,0,0
2928,43954,0,0,0,0,0,0,0,0,0,0,0,0,0,0
2929,43954,0,0,0,0,0,0,0,0,0,0,0,0,0,0
2930,43954,0,0,0,0,0,0,0,0,0,0,0,0,0,0
2931,43954,0,0,0,0,0,0,0,0,0,0,0,0,0,0
2932,43954,0,0,0,0,0,0,0,0,0,0,0,0,0,0
2933,43954,0,0,0,0,0,0,0,0,0,0,0,0,0,0
2934,43954,0,0,0,0,0,0,0,0,0,0,0,0,0,0
2935,43954,0,0,0,0,0,0,0,0,0,0,0,0,0,0
2936,43954,0,0,0,0,0,0,0,0,0,0,0,0,0,0
2937,43954,0,0,0,0,0,0,0,0,0,0,0,0,0,0
2938,43954,0,0,0,0,0,0,0,0,0,0,0,0,0,0
2939,43954,0,0,0,0,0,0,0,0,0,0,0,0,0,0
2940,43954,0,0,0,0,0,0,0,0,0,0,0,0,0,0
2941,43954,0,0,0,0,0,0,0,0,0,0,0,0,0,0
2942,43954,0,0,0,0,0,0,0,0,0,0,0,0,0,0
2943,43954,0,0,0,0,0,0,0,0,0,0,0,0,0,0
2944,43954,0,0,0,0,0,0,0,0,0,0,0,0,0,0
2945,43954,0,0,0,0,0,0,0,0,0,0,0,0,0,0
2946,43954,0,0,0,0,0,0,0,0,0,0,0,0,0,0
2947,43954,0,0,0,0,0,0,0,0,0,0,0,0,0,0
2948,43954,0,0,0,0,0,0,0,0,0,0,0,0,0,0
2949,43954,0,0,0,0,0,0,0,0,0,0,0,0,0,0
2950,43954,0,0,0,0,0,0,0,0,0,0,0,0,0,0
2951,43954,0,0,0,0,0,0,0,0,0,0,0,0,0,0
2952,43954,0,0,0,0,0,0,0,0,0,0,0,0,0,0
2953,43954,0,0,0,0,0,0,0,0,0,0,0,0,0,0
2954,43954,0,0,0,0,0,0,0,0,0,0,0,0,0,0
2955,43954,0,0,0,0,0,0,0,0,0,0,0,0,0,0
2956,43954,0,0,0,0,0,0,0,0,0,0,0,0,0,0
2957,43954,0,0,0,0,0,0,0,0,0,0,0,0,0,0
2958,43954,0,0,0,0,0,0,0,0,0,0,0,0,0,0
2959,43954,0,0,0,0,0,0,0,0,0,0,0,0,0,0
2960,43954,0,0,0,0,0,0,0,0,0,0,0,0,0,0
2961,43954,0,0,0,0,0,0,0,0,0,0,0,0,0,0
2962,43954,0,0,0,0,0,0,0,0,0,0,0,0,0,0
2963,43954,0,0,0,0,0,0,0,0,0,0,0,0,0,0
2964,43954,0,0,0,0,0,0,0,0,0,0,0,0,0,0
2965,43954,0,0,0,0,0,0,0,0,0,0,0,0,0,0
2966,43954,0,0,0,0,0,0,0,0,0,0,0,0,0,0
2967,43954,0,0,0,0,0,0,0,0,0,0,0,0,0,0
2968,43954,0,0,0,0,0,0,0,0,0,0,0,0,0,0
2969,43954,0,0,0,0,0,0,0,0,0,0,0,0,0,0
2970,43954,0,0,0,0,0,0,0,0,0,0,0,0,0,0
2971,43954,0,0,0,0,0,0,0,0,0,0,0,0,0,0
2972,43954,0,0,0,0,0,0,0,0,0,0,0,0,0,0
2973,43954,0,0,0,0,0,0,0,0,0,0,0,0,0,0
2974,43954,0,0,0,0,0,0,0,0,0,0,0,0,0,0
2975,43954,0,0,0,0,0,0,0,0,0,0,0,0,0,0
2976,43954,0,0,0,0,0,0,0,0,0,0,0,0,0,0
2977,43954,0,0,0,0,0,0,0,0,0,0,0,0,0,0
2978,43954,0,0,0,0,0,0,0,0,0,0,0,0,0,0
2979,43954,0,0,0,0,0,0,0,0,0,0,0,0,0,0
2980,43954,0,0,0,0,0,0,0,0,0,0,0,0,0,0
2981,43954,0,0,0,0,0,0,0,0,0,0,0,0,0,0
2982,43954,0,0,0,0,0,0,0,0,0,0,0,0,0,0
2983,43954,0,0,0,0,0,0,0,0,0,0,0,0,0,0
2984,43954,0,0,0,0,0,0,0,0,0,0,0,0,0,0
2985,43954,0,0,0,0,0,0,0,0,0,0,0,0,0,0
2986,43954,0,0,0,0,0,0,0,0,0,0,0,0,0,0
2987,43954,0,0,0,0,0,0,0,0,0,0,0,0,0,0
2988,43954,0,0,0,0,0,0,0,0,0,0,0,0,0,0
2989,43954,0,0,0,0,0,0,0,0,0,0,0,0,0,0
2990,43954,0,0,0,0,0,0,0,0,0,0,0,0,0,0
2991,43954,0,0,0,0,0,0,0,0,0,0,0,0,0,0
2992,43954,0,0,0,0,0,0,0,0,0,0,0,0,0,0
2993,43954,0,0,0,0,0,0,0,0,0,0,0,0,0,0
2994,43954,0,0,0,0,0,0,0,0,0,0,0,0,0,0
2995,43954,0,0,0,0,0,0,0,0,0,0,0,0,0,0
2996,43954,0,0,0,0,0,0,0,0,0,0,0,0,0,0
2997,43954,0,0,0,0,0,0,0,0,0,0,0,0,0,0
2998,43954,0,0,0,0,0,0,0,0,0,0,0,0,0,0
2999,43954,0,0,0,0,0,0,0,0,0,0,0,0,0,0
3000,43954,0,0,0,0,0,0,0,0,0,0,0,0,0,0
3001,43954,0,0,0,0,0,0,0,0,0,0,0,0,0,0
3002,43954,0,0,0,0,0,0,0,0,0,0,0,0,0,0
3003,43954,0,0,0,0,0,0,0,0,0,0,0,0,0,0
3004,43954,0,0,0,0,0,0,0,0,0,0,0,0,0,0
3005,43954,0,0,0,0,0,0,0,0,0,0,0,0,0,0
3006,43954,0,0,0,0,0,0,0,0,0,0,0,0,0,0
3007,43954,0,0,0,0,0,0,0,0,0,0,0,0,0,0
3008,43954,0,0,0,0,0,0,0,0,0,0,0,0,0,0
3009,43954,0,0,0,0,0,0,0,0,0,0,0,0,0,0
3010,43954,0,0,0,0,0,0,0,0,0,0,0,0,0,0
3011,43954,0,0,0,0,0,0,0,0,0,0,0,0,0,0
3012,43954,0,0,0,0,0,0,0,0,0,0,0,0,0,0
3013,43954,0,0,0,0,0,0,0,0,0,0,0,0,0,0
3014,43954,0,0,0,0,0,0,0,0,0,0,0,0,0,0
3015,43954,0,0,0,0,0,0,0,0,0,0,0,0,0,0
3016,43954,0,0,0,0,0,0,0,0,0,0,0,0,0,0
3017,43954,0,0,0,0,0,0,0,0,0,0,0,0,0,0
3018,43954,0,0,0,0,0,0,0,0,0,0,0,0,0,0
3019,43954,0,0,0,0,0,0,0,0,0,0,0,0,0,0
3020,43954,0,0,0,0,0,0,0,0,0,0,0,0,0,0
3021,43954,0,0,0,0,0,0,0,0,0,0,0,0,0,0
3022,43954,0,0,0,0,0,0,0,0,0,0,0,0,0,0
3023,43954,0,0,0,0,0,0,0,0,0,0,0,0,0,0
3024,43954,0,0,0,0,0,0,0,0,0,0,0,0,0,0
3025,43954,0,0,0,0,0,0,0,0,0,0,0,0,0,0
3026,43954,0,0,0,0,0,0,0,0,0,0,0,0,0,0
3027,43954,0,0,0,0,0,0,0,0,0,0,0,0,0,0
3028,43954,0,0,0,0,0,0,0,0,0,0,0,0,0,0
3029,43954,0,0,0,0,0,0,0,0,0,0,0,0,0,0
3030,43954,0,0,0,0,0,0,0,0,0,0,0,0,0,0
3031,43954,0,0,0,0,0,0,0,0,0,0,0,0,0,0
3032,43954,0,0,0,0,0,0,0,0,0,0,0,0,0,0
3033,43954,0,0,0,0,0,0,0,0,0,0,0,0,0,0
3034,43954,0,0,0,0,0,0,0,0,0,0,0,0,0,0
3035,43954,0,0,0,0,0,0,0,0,0,0,0,0,0,0
3036,43954,0,0,0,0,0,0,0,0,0,0,0,0,0,0
3037,43954,0,0,0,0,0,0,0,0,0,0,0,0,0,0
3038,43954,0,0,0,0,0,0,0,0,0,0,0,0,0,0
3039,43954,0,0,0,0,0,0,0,0,0,0,0,0,0,0
3040,43954,0,0,0,0,0,0,0,0,0,0,0,0,0,0
3041,43954,0,0,0,0,0,0,0,0,0,0,0,0,0,0
3042,43954,0,0,0,0,0,0,0,0,0,0,0,0,0,0
3043,43954,0,0,0,0,0,0,0,0,0,0,0,0,0,0
3044,43954,0,0,0,0,0,0,0,0,0,0,0,0,0,0
3045,43954,0,0,0,0,0,0,0,0,0,0,0,0,0,0
3046,43954,0,0,0,0,0,0,0,0,0,0,0,0,0,0
3047,43954,0,0,0,0,0,0,0,0,0,0,0,0,0,0
3048,43954,0,0,0,0,0,0,0,0,0,0,0,0,0,0
3049,43954,0,0,0,0,0,0,0,0,0,0,0,0,0,0
3050,43954,0,0,0,0,0,0,0,0,0,0,0,0,0,0
3051,43954,0,0,0,0,0,0,0,0,0,0,0,0,0,0
3052,43954,0,0,0,0,0,0,0,0,0,0,0,0,0,0
3053,43954,0,0,0,0,0,0,0,0,0,0,0,0,0,0
3054,43954,0,0,0,0,0,0,0,0,0,0,0,0,0,0
3055,43954,0,0,0,0,0,0,0,0,0,0,0,0,0,0
3056,43954,0,0,0,0,0,0,0,0,0,0,0,0,0,0
3057,43954,0,0,0,0,0,0,0,0,0,0,0,0,0,0
3058,43954,0,0,0,0,0,0,0,0,0,0,0,0,0,0
3059,43954,0,0,0,0,0,0,0,0,0,0,0,0,0,0
3060,43954,0,0,0,0,0,0,0,0,0,0,0,0,0,0
3061,43954,0,0,0,0,0,0,0,0,0,0,0,0,0,0
3062,43954,0,0,0,0,0,0,0,0,0,0,0,0,0,0
3063,43954,0,0,0,0,0,0,0,0,0,0,0,0,0,0
3064,43954,0,0,0,0,0,0,0,0,0,0,0,0,0,0
3065,43954,0,0,0,0,0,0,0,0,0,0,0,0,0,0
3066,43954,0,0,0,0,0,0,0,0,0,0,0,0,0,0
3067,43954,0,0,0,0,0,0,0,0,0,0,0,0,0,0
3068,43954,0,0,0,0,0,0,0,0,0,0,0,0,0,0
3069,43954,0,0,0,0,0,0,0,0,0,0,0,0,0,0
3070,43954,0,0,0,0,0,0,0,0,0,0,0,0,0,0
3071,43954,0,0,0,0,0,0,0,0,0,0,0,0,0,0
3072,43954,0,0,0,0,0,0,0,0,0,0,0,0,0,0
3073,43954,0,0,0,0,0,0,0,0,0,0,0,0,0,0
3074,43954,0,0,0,0,0,0,0,0,0,0,0,0,0,0
3075,43954,0,0,0,0,0,0,0,0,0,0,0,0,0,0
3076,43954,0,0,0,0,0,0,0,0,0,0,0,0,0,0
3077,43954,0,0,0,0,0,0,0,0,0,0,0,0,0,0
3078,43954,0,0,0,0,0,0,0,0,0,0,0,0,0,0
3079,43954,0,0,0,0,0,0,0,0,0,0,0,0,0,0
3080,43954,0,0,0,0,0,0,0,0,0,0,0,0,0,0
3081,43954,0,0,0,0,0,0,0,0,0,0,0,0,0,0
3082,43954,0,0,0,0,0,0,0,0,0,0,0,0,0,0
3083,43954,0,0,0,0,0,0,0,0,0,0,0,0,0,0
3084,43954,0,0,0,0,0,0,0,0,0,0,0,0,0,0
3085,43954,0,0,0,0,0,0,0,0,0,0,0,0,0,0
3086,43954,0,0,0,0,0,0,0,0,0,0,0,0,0,0
3087,43954,0,0,0,0,0,0,0,0,0,0,0,0,0,0
3088,43954,0,0,0,0,0,0,0,0,0,0,0,0,0,0
3089,43954,0,0,0,0,0,0,0,0,0,0,0,0,0,0
3090,43954,0,0,0,0,0,0,0,0,0,0,0,0,0,0
3091,43954,0,0,0,0,0,0,0,0,0,0,0,0,0,0
3092,43954,0,0,0,0,0,0,0,0,0,0,0,0,0,0
3093,43954,0,0,0,0,0,0,0,0,0,0,0,0,0,0
3094,43954,0,0,0,0,0,0,0,0,0,0,0,0,0,0
3095,43954,0,0,0,0,0,0,0,0,0,0,0,0,0,0
3096,43954,0,0,0,0,0,0,0,0,0,0,0,0,0,0
3097,43954,0,0,0,0,0,0,0,0,0,0,0,0,0,0
3098,43954,0,0,0,0,0,0,0,0,0,0,0,0,0,0
3099,43954,0,0,0,0,0,0,0,0,0,0,0,0,0,0
3100,43954,0,0,0,0,0,0,0,0,0,0,0,0,0,0
3101,43954,0,0,0,0,0,0,0,0,0,0,0,0,0,0
3102,43954,0,0,0,0,0,0,0,0,0,0,0,0,0,0
3103,43954,0,0,0,0,0,0,0,0,0,0,0,0,0,0
3104,43954,0,0,0,0,0,0,0,0,0,0,0,0,0,0
3105,43954,0,0,0,0,0,0,0,0,0,0,0,0,0,0
3106,43954,0,0,0,0,0,0,0,0,0,0,0,0,0,0
3107,43954,0,0,0,0,0,0,0,0,0,0,0,0,0,0
3108,43954,0,0,0,0,0,0,0,0,0,0,0,0,0,0
3109,43954,0,0,0,0,0,0,0,0,0,0,0,0,0,0
3110,43954,0,0,0,0,0,0,0,0,0,0,0,0,0,0
3111,43954,0,0,0,0,0,0,0,0,0,0,0,0,0,0
3112,43954,0,0,0,0,0,0,0,0,0,0,0,0,0,0
3113,43954,0,0,0,0,0,0,0,0,0,0,0,0,0,0
3114,43954,0,0,0,0,0,0,0,0,0,0,0,0,0,0
3115,43954,0,0,0,0,0,0,0,0,0,0,0,0,0,0
3116,43954,0,0,0,0,0,0,0,0,0,0,0,0,0,0
3117,43954,0,0,0,0,0,0,0,0,0,0,0,0,0,0
3118,43954,0,0,0,0,0,0,0,0,0,0,0,0,0,0
3119,43954,0,0,0,0,0,0,0,0,0,0,0,0,0,0
3120,43954,0,0,0,0,0,0,0,0,0,0,0,0,0,0
3121,43954,0,0,0,0,0,0,0,0,0,0,0,0,0,0
3122,43954,0,0,0,0,0,0,0,0,0,0,0,0,0,0
3123,43954,0,0,0,0,0,0,0,0,0,0,0,0,0,0
3124,43954,0,0,0,0,0,0,0,0,0,0,0,0,0,0
3125,43954,0,0,0,0,0,0,0,0,0,0,0,0,0,0
3126,43954,0,0,0,0,0,0,0,0,0,0,0,0,0,0
3127,43954,0,0,0,0,0,0,0,0,0,0,0,0,0,0
3128,43954,0,0,0,0,0,0,0,0,0,0,0,0,0,0
3129,43954,0,0,0,0,0,0,0,0,0,0,0,0,0,0
3130,43954,0,0,0,0,0,0,0,0,0,0,0,0,0,0
3131,43954,0,0,0,0,0,0,0,0,0,0,0,0,0,0
3132,43954,0,0,0,0,0,0,0,0,0,0,0,0,0,0
3133,43954,0,0,0,0,0,0,0,0,0,0,0,0,0,0
3134,43954,0,0,0,0,0,0,0,0,0,0,0,0,0,0
3135,43954,0,0,0,0,0,0,0,0,0,0,0,0,0,0
3136,43954,0,0,0,0,0,0,0,0,0,0,0,0,0,0
3137,43954,0,0,0,0,0,0,0,0,0,0,0,0,0,0
3138,43954,0,0,0,0,0,0,0,0,0,0,0,0,0,0
3139,43954,0,0,0,0,0,0,0,0,0,0,0,0,0,0
3140,43954,0,0,0,0,0,0,0,0,0,0,0,0,0,0
3141,43954,0,0,0,0,0,0,0,0,0,0,0,0,0,0
3142,43954,0,0,0,0,0,0,0,0,0,0,0,0,0,0
3143,43954,0,0,0,0,0,0,0,0,0,0,0,0,0,0
3144,43954,0,0,0,0,0,0,0,0,0,0,0,0,0,0
3145,43954,0,0,0,0,0,0,0,0,0,0,0,0,0,0
3146,43954,0,0,0,0,0,0,0,0,0,0,0,0,0,0
3147,43954,0,0,0,0,0,0,0,0,0,0,0,0,0,0
3148,43954,0,0,0,0,0,0,0,0,0,0,0,0,0,0
3149,43954,0,0,0,0,0,0,0,0,0,0,0,0,0,0
3150,43954,0,0,0,0,0,0,0,0,0,0,0,0,0,0
3151,43954,0,0,0,0,0,0,0,0,0,0,0,0,0,0
3152,43954,0,0,0,0,0,0,0,0,0,0,0,0,0,0
3153,43954,0,0,0,0,0,0,0,0,0,0,0,0,0,0
3154,43954,0,0,0,0,0,0,0,0,0,0,0,0,0,0
3155,43954,0,0,0,0,0,0,0,0,0,0,0,0,0,0
3156,43954,0,0,0,0,0,0,0,0,0,0,0,0,0,0
3157,43954,0,0,0,0,0,0,0,0,0,0,0,0,0,0
3158,43954,0,0,0,0,0,0,0,0,0,0,0,0,0,0
3159,43954,0,0,0,0,0,0,0,0,0,0,0,0,0,0
3160,43954,0,0,0,0,0,0,0,0,0,0,0,0,0,0
3161,43954,0,0,0,0,0,0,0,0,0,0,0,0,0,0
3162,43954,0,0,0,0,0,0,0,0,0,0,0,0,0,0
3163,43954,0,0,0,0,0,0,0,0,0,0,0,0,0,0
3164,43954,0,0,0,0,0,0,0,0,0,0,0,0,0,0
3165,43954,0,0,0,0,0,0,0,0,0,0,0,0,0,0
3166,43954,0,0,0,0,0,0,0,0,0,0,0,0,0,0
3167,43954,0,0,0,0,0,0,0,0,0,0,0,0,0,0
3168,43954,0,0,0,0,0,0,0,0,0,0,0,0,0,0
3169,43954,0,0,0,0,0,0,0,0,0,0,0,0,0,0
3170,43954,0,0,0,0,0,0,0,0,0,0,0,0,0,0
3171,43954,0,0,0,0,0,0,0,0,0,0,0,0,0,0
3172,43954,0,0,0,0,0,0,0,0,0,0,0,0,0,0
3173,43954,0,0,0,0,0,0,0,0,0,0,0,0,0,0
3174,43954,0,0,0,0,0,0,0,0,0,0,0,0,0,0
3175,43954,0,0,0,0,0,0,0,0,0,0,0,0,0,0
3176,43954,0,0,0,0,0,0,0,0,0,0,0,0,0,0
3177,43954,0,0,0,0,0,0,0,0,0,0,0,0,0,0
3178,43954,0,0,0,0,0,0,0,0,0,0,0,0,0,0
3179,43954,0,0,0,0,0,0,0,0,0,0,0,0,0,0
3180,43954,0,0,0,0,0,0,0,0,0,0,0,0,0,0
3181,43954,0,0,0,0,0,0,0,0,0,0,0,0,0,0
3182,43954,0,0,0,0,0,0,0,0,0,0,0,0,0,0
3183,43954,0,0,0,0,0,0,0,0,0,0,0,0,0,0
3184,43954,0,0,0,0,0,0,0,0,0,0,0,0,0,0
3185,43954,0,0,0,0,0,0,0,0,0,0,0,0,0,0
3186,43954,0,0,0,0,0,0,0,0,0,0,0,0,0,0
3187,43954,0,0,0,0,0,0,0,0,0,0,0,0,0,0
3188,43954,0,0,0,0,0,0,0,0,0,0,0,0,0,0
3189,43954,0,0,0,0,0,0,0,0,0,0,0,0,0,0
3190,43954,0,0,0,0,0,0,0,0,0,0,0,0,0,0
3191,43954,0,0,0,0,0,0,0,0,0,0,0,0,0,0
3192,43954,0,0,0,0,0,0,0,0,0,0,0,0,0,0
3193,43954,0,0,0,0,0,0,0,0,0,0,0,0,0,0
3194,43954,0,0,0,0,0,0,0,0,0,0,0,0,0,0
3195,43954,0,0,0,0,0,0,0,0,0,0,0,0,0,0
3196,43954,0,0,0,0,0,0,0,0,0,0,0,0,0,0
3197,43954,0,0,0,0,0,0,0,0,0,0,0,0,0,0
3198,43954,0,0,0,0,0,0,0,0,0,0,0,0,0,0
3199,43954,0,0,0,0,0,0,0,0,0,0,0,0,0,0
3200,43954,0,0,0,0,0,0,0,0,0,0,0,0,0,0
3201,43954,0,0,0,0,0,0,0,0,0,0,0,0,0,0
3202,43954,0,0,0,0,0,0,0,0,0,0,0,0,0,0
3203,43954,0,0,0,0,0,0,0,0,0,0,0,0,0,0
3204,43954,0,0,0,0,0,0,0,0,0,0,0,0,0,0
3205,43954,0,0,0,0,0,0,0,0,0,0,0,0,0,0
3206,43954,0,0,0,0,0,0,0,0,0,0,0,0,0,0
3207,43954,0,0,0,0,0,0,0,0,0,0,0,0,0,0
3208,43954,0,0,0,0,0,0,0,0,0,0,0,0,0,0
3209,43954,0,0,0,0,0,0,0,0,0,0,0,0,0,0
3210,43954,0,0,0,0,0,0,0,0,0,0,0,0,0,0
3211,43954,0,0,0,0,0,0,0,0,0,0,0,0,0,0
3212,43954,0,0,0,0,0,0,0,0,0,0,0,0,0,0
3213,43954,0,0,0,0,0,0,0,0,0,0,0,0,0,0
3214,43954,0,0,0,0,0,0,0,0,0,0,0,0,0,0
3215,43954,0,0,0,0,0,0,0,0,0,0,0,0,0,0
3216,43954,0,0,0,0,0,0,0,0,0,0,0,0,0,0
3217,43954,0,0,0,0,0,0,0,0,0,0,0,0,0,0
3218,43954,0,0,0,0,0,0,0,0,0,0,0,0,0,0
3219,43954,0,0,0,0,0,0,0,0,0,0,0,0,0,0
3220,43954,0,0,0,0,0,0,0,0,0,0,0,0,0,0
3221,43954,0,0,0,0,0,0,0,0,0,0,0,0,0,0
3222,43954,0,0,0,0,0,0,0,0,0,0,0,0,0,0
3223,43954,0,0,0,0,0,0,0,0,0,0,0,0,0,0
3224,43954,0,0,0,0,0,0,0,0,0,0,0,0,0,0
3225,43954,0,0,0,0,0,0,0,0,0,0,0,0,0,0
3226,43954,0,0,0,0,0,0,0,0,0,0,0,0,0,0
3227,43954,0,0,0,0,0,0,0,0,0,0,0,0,0,0
3228,43954,0,0,0,0,0,0,0,0,0,0,0,0,0,0
3229,43954,0,0,0,0,0,0,0,0,0,0,0,0,0,0
3230,43954,0,0,0,0,0,0,0,0,0,0,0,0,0,0
3231,43954,0,0,0,0,0,0,0,0,0,0,0,0,0,0
3232,43954,0,0,0,0,0,0,0,0,0,0,0,0,0,0
3233,43954,0,0,0,0,0,0,0,0,0,0,0,0,0,0
3234,43954,0,0,0,0,0,0,0,0,0,0,0,0,0,0
3235,43954,0,0,0,0,0,0,0,0,0,0,0,0,0,0
3236,43954,0,0,0,0,0,0,0,0,0,0,0,0,0,0
3237,43954,0,0,0,0,0,0,0,0,0,0,0,0,0,0
3238,43954,0,0,0,0,0,0,0,0,0,0,0,0,0,0
3239,43954,0,0,0,0,0,0,0,0,0,0,0,0,0,0
3240,43954,0,0,0,0,0,0,0,0,0,0,0,0,0,0
3241,43954,0,0,0,0,0,0,0,0,0,0,0,0,0,0
3242,43954,0,0,0,0,0,0,0,0,0,0,0,0,0,0
3243,43954,0,0,0,0,0,0,0,0,0,0,0,0,0,0
3244,43954,0,0,0,0,0,0,0,0,0,0,0,0,0,0
3245,43954,0,0,0,0,0,0,0,0,0,0,0,0,0,0
3246,43954,0,0,0,0,0,0,0,0,0,0,0,0,0,0
3247,43954,0,0,0,0,0,0,0,0,0,0,0,0,0,0
3248,43954,0,0,0,0,0,0,0,0,0,0,0,0,0,0
3249,43954,0,0,0,0,0,0,0,0,0,0,0,0,0,0
3250,43954,0,0,0,0,0,0,0,0,0,0,0,0,0,0
3251,43954,0,0,0,0,0,0,0,0,0,0,0,0,0,0
3252,43954,0,0,0,0,0,0,0,0,0,0,0,0,0,0
3253,43954,0,0,0,0,0,0,0,0,0,0,0,0,0,0
3254,43954,0,0,0,0,0,0,0,0,0,0,0,0,0,0
3255,43954,0,0,0,0,0,0,0,0,0,0,0,0,0,0
3256,43954,0,0,0,0,0,0,0,0,0,0,0,0,0,0
3257,43954,0,0,0,0,0,0,0,0,0,0,0,0,0,0
3258,43954,0,0,0,0,0,0,0,0,0,0,0,0,0,0
3259,43954,0,0,0,0,0,0,0,0,0,0,0,0,0,0
3260,43954,0,0,0,0,0,0,0,0,0,0,0,0,0,0
3261,43954,0,0,0,0,0,0,0,0,0,0,0,0,0,0
3262,43954,0,0,0,0,0,0,0,0,0,0,0,0,0,0
3263,43954,0,0,0,0,0,0,0,0,0,0,0,0,0,0
3264,43954,0,0,0,0,0,0,0,0,0,0,0,0,0,0
3265,43954,0,0,0,0,0,0,0,0,0,0,0,0,0,0
3266,43954,0,0,0,0,0,0,0,0,0,0,0,0,0,0
3267,43954,0,0,0,0,0,0,0,0,0,0,0,0,0,0
3268,43954,0,0,0,0,0,0,0,0,0,0,0,0,0,0
3269,43954,0,0,0,0,0,0,0,0,0,0,0,0,0,0
3270,43954,0,0,0,0,0,0,0,0,0,0,0,0,0,0
3271,43954,0,0,0,0,0,0,0,0,0,0,0,0,0,0
3272,43954,0,0,0,0,0,0,0,0,0,0,0,0,0,0
3273,43954,0,0,0,0,0,0,0,0,0,0,0,0,0,0
3274,43954,0,0,0,0,0,0,0,0,0,0,0,0,0,0
3275,43954,0,0,0,0,0,0,0,0,0,0,0,0,0,0
3276,43954,0,0,0,0,0,0,0,0,0,0,0,0,0,0
3277,43954,0,0,0,0,0,0,0,0,0,0,0,0,0,0
3278,43954,0,0,0,0,0,0,0,0,0,0,0,0,0,0
3279,43954,0,0,0,0,0,0,0,0,0,0,0,0,0,0
3280,43954,0,0,0,0,0,0,0,0,0,0,0,0,0,0
3281,43954,0,0,0,0,0,0,0,0,0,0,0,0,0,0
3282,43954,0,0,0,0,0,0,0,0,0,0,0,0,0,0
3283,43954,0,0,0,0,0,0,0,0,0,0,0,0,0,0
3284,43954,0,0,0,0,0,0,0,0,0,0,0,0,0,0
3285,43954,0,0,0,0,0,0,0,0,0,0,0,0,0,0
3286,43954,0,0,0,0,0,0,0,0,0,0,0,0,0,0
3287,43954,0,0,0,0,0,0,0,0,0,0,0,0,0,0
3288,43954,0,0,0,0,0,0,0,0,0,0,0,0,0,0
3289,43954,0,0,0,0,0,0,0,0,0,0,0,0,0,0
3290,43954,0,0,0,0,0,0,0,0,0,0,0,0,0,0
3291,43954,0,0,0,0,0,0,0,0,0,0,0,0,0,0
3292,43954,0,0,0,0,0,0,0,0,0,0,0,0,0,0
3293,43954,0,0,0,0,0,0,0,0,0,0,0,0,0,0
3294,43954,0,0,0,0,0,0,0,0,0,0,0,0,0,0
3295,43954,0,0,0,0,0,0,0,0,0,0,0,0,0,0
3296,43954,0,0,0,0,0,0,0,0,0,0,0,0,0,0
3297,43954,0,0,0,0,0,0,0,0,0,0,0,0,0,0
3298,43954,0,0,0,0,0,0,0,0,0,0,0,0,0,0
3299,43954,0,0,0,0,0,0,0,0,0,0,0,0,0,0
3300,43954,0,0,0,0,0,0,0,0,0,0,0,0,0,0
3301,43954,0,0,0,0,0,0,0,0,0,0,0,0,0,0
3302,43954,0,0,0,0,0,0,0,0,0,0,0,0,0,0
3303,43954,0,0,0,0,0,0,0,0,0,0,0,0,0,0
3304,43954,0,0,0,0,0,0,0,0,0,0,0,0,0,0
3305,43954,0,0,0,0,0,0,0,0,0,0,0,0,0,0
3306,43954,0,0,0,0,0,0,0,0,0,0,0,0,0,0
3307,43954,0,0,0,0,0,0,0,0,0,0,0,0,0,0
3308,43954,0,0,0,0,0,0,0,0,0,0,0,0,0,0
3309,43954,0,0,0,0,0,0,0,0,0,0,0,0,0,0
3310,43954,0,0,0,0,0,0,0,0,0,0,0,0,0,0
3311,43954,0,0,0,0,0,0,0,0,0,0,0,0,0,0
3312,43954,0,0,0,0,0,0,0,0,0,0,0,0,0,0
3313,43954,0,0,0,0,0,0,0,0,0,0,0,0,0,0
3314,43954,0,0,0,0,0,0,0,0,0,0,0,0,0,0
3315,43954,0,0,0,0,0,0,0,0,0,0,0,0,0,0
3316,43954,0,0,0,0,0,0,0,0,0,0,0,0,0,0
3317,43954,0,0,0,0,0,0,0,0,0,0,0,0,0,0
3318,43954,0,0,0,0,0,0,0,0,0,0,0,0,0,0
3319,43954,0,0,0,0,0,0,0,0,0,0,0,0,0,0
3320,43954,0,0,0,0,0,0,0,0,0,0,0,0,0,0
3321,43954,0,0,0,0,0,0,0,0,0,0,0,0,0,0
3322,43954,0,0,0,0,0,0,0,0,0,0,0,0,0,0
3323,43954,0,0,0,0,0,0,0,0,0,0,0,0,0,0
3324,43954,0,0,0,0,0,0,0,0,0,0,0,0,0,0
3325,43954,0,0,0,0,0,0,0,0,0,0,0,0,0,0
3326,43954,0,0,0,0,0,0,0,0,0,0,0,0,0,0
3327,43954,0,0,0,0,0,0,0,0,0,0,0,0,0,0
3328,43954,0,0,0,0,0,0,0,0,0,0,0,0,0,0
3329,43954,0,0,0,0,0,0,0,0,0,0,0,0,0,0
3330,43954,0,0,0,0,0,0,0,0,0,0,0,0,0,0
3331,43954,0,0,0,0,0,0,0,0,0,0,0,0,0,0
3332,43954,0,0,0,0,0,0,0,0,0,0,0,0,0,0
3333,43954,0,0,0,0,0,0,0,0,0,0,0,0,0,0
3334,43954,0,0,0,0,0,0,0,0,0,0,0,0,0,0
3335,43954,0,0,0,0,0,0,0,0,0,0,0,0,0,0
3336,43954,0,0,0,0,0,0,0,0,0,0,0,0,0,0
3337,43954,0,0,0,0,0,0,0,0,0,0,0,0,0,0
3338,43954,0,0,0,0,0,0,0,0,0,0,0,0,0,0
3339,43954,0,0,0,0,0,0,0,0,0,0,0,0,0,0
3340,43954,0,0,0,0,0,0,0,0,0,0,0,0,0,0
3341,43954,0,0,0,0,0,0,0,0,0,0,0,0,0,0
3342,43954,0,0,0,0,0,0,0,0,0,0,0,0,0,0
3343,43954,0,0,0,0,0,0,0,0,0,0,0,0,0,0
3344,43954,0,0,0,0,0,0,0,0,0,0,0,0,0,0
3345,43954,0,0,0,0,0,0,0,0,0,0,0,0,0,0
3346,43954,0,0,0,0,0,0,0,0,0,0,0,0,0,0
3347,43954,0,0,0,0,0,0,0,0,0,0,0,0,0,0
3348,43954,0,0,0,0,0,0,0,0,0,0,0,0,0,0
3349,43954,0,0,0,0,0,0,0,0,0,0,0,0,0,0
3350,43954,0,0,0,0,0,0,0,0,0,0,0,0,0,0
3351,43954,0,0,0,0,0,0,0,0,0,0,0,0,0,0
3352,43954,0,0,0,0,0,0,0,0,0,0,0,0,0,0
3353,43954,0,0,0,0,0,0,0,0,0,0,0,0,0,0
3354,43954,0,0,0,0,0,0,0,0,0,0,0,0,0,0
3355,43954,0,0,0,0,0,0,0,0,0,0,0,0,0,0
3356,43954,0,0,0,0,0,0,0,0,0,0,0,0,0,0
3357,43954,0,0,0,0,0,0,0,0,0,0,0,0,0,0
3358,43954,0,0,0,0,0,0,0,0,0,0,0,0,0,0
3359,43954,0,0,0,0,0,0,0,0,0,0,0,0,0,0
3360,43954,0,0,0,0,0,0,0,0,0,0,0,0,0,0
3361,43954,0,0,0,0,0,0,0,0,0,0,0,0,0,0
3362,43954,0,0,0,0,0,0,0,0,0,0,0,0,0,0
3363,43954,0,0,0,0,0,0,0,0,0,0,0,0,0,0
3364,43954,0,0,0,0,0,0,0,0,0,0,0,0,0,0
3365,43954,0,0,0,0,0,0,0,0,0,0,0,0,0,0
3366,43954,0,0,0,0,0,0,0,0,0,0,0,0,0,0
3367,43954,0,0,0,0,0,0,0,0,0,0,0,0,0,0
3368,43954,0,0,0,0,0,0,0,0,0,0,0,0,0,0
3369,43954,0,0,0,0,0,0,0,0,0,0,0,0,0,0
3370,43954,0,0,0,0,0,0,0,0,0,0,0,0,0,0
3371,43954,0,0,0,0,0,0,0,0,0,0,0,0,0,0
3372,43954,0,0,0,0,0,0,0,0,0,0,0,0,0,0
3373,43954,0,0,0,0,0,0,0,0,0,0,0,0,0,0
3374,43954,0,0,0,0,0,0,0,0,0,0,0,0,0,0
3375,43954,0,0,0,0,0,0,0,0,0,0,0,0,0,0
3376,43954,0,0,0,0,0,0,0,0,0,0,0,0,0,0
3377,43954,0,0,0,0,0,0,0,0,0,0,0,0,0,0
3378,43954,0,0,0,0,0,0,0,0,0,0,0,0,0,0
3379,43954,0,0,0,0,0,0,0,0,0,0,0,0,0,0
3380,43954,0,0,0,0,0,0,0,0,0,0,0,0,0,0
3381,43954,0,0,0,0,0,0,0,0,0,0,0,0,0,0
3382,43954,0,0,0,0,0,0,0,0,0,0,0,0,0,0
3383,43954,0,0,0,0,0,0,0,0,0,0,0,0,0,0
3384,43954,0,0,0,0,0,0,0,0,0,0,0,0,0,0
3385,43954,0,0,0,0,0,0,0,0,0,0,0,0,0,0
3386,43954,0,0,0,0,0,0,0,0,0,0,0,0,0,0
3387,43954,0,0,0,0,0,0,0,0,0,0,0,0,0,0
3388,43954,0,0,0,0,0,0,0,0,0,0,0,0,0,0
3389,43954,0,0,0,0,0,0,0,0,0,0,0,0,0,0
3390,43954,0,0,0,0,0,0,0,0,0,0,0,0,0,0
3391,43954,0,0,0,0,0,0,0,0,0,0,0,0,0,0
3392,43954,0,0,0,0,0,0,0,0,0,0,0,0,0,0
3393,43954,0,0,0,0,0,0,0,0,0,0,0,0,0,0
3394,43954,0,0,0,0,0,0,0,0,0,0,0,0,0,0
3395,43954,0,0,0,0,0,0,0,0,0,0,0,0,0,0
3396,43954,0,0,0,0,0,0,0,0,0,0,0,0,0,0
3397,43954,0,0,0,0,0,0,0,0,0,0,0,0,0,0
3398,43954,0,0,0,0,0,0,0,0,0,0,0,0,0,0
3399,43954,0,0,0,0,0,0,0,0,0,0,0,0,0,0
3400,43954,0,0,0,0,0,0,0,0,0,0,0,0,0,0
3401,43954,0,0,0,0,0,0,0,0,0,0,0,0,0,0
3402,43954,0,0,0,0,0,0,0,0,0,0,0,0,0,0
3403,43954,0,0,0,0,0,0,0,0,0,0,0,0,0,0
3404,43954,0,0,0,0,0,0,0,0,0,0,0,0,0,0
3405,43954,0,0,0,0,0,0,0,0,0,0,0,0,0,0
3406,43954,0,0,0,0,0,0,0,0,0,0,0,0,0,0
3407,43954,0,0,0,0,0,0,0,0,0,0,0,0,0,0
3408,43954,0,0,0,0,0,0,0,0,0,0,0,0,0,0
3409,43954,0,0,0,0,0,0,0,0,0,0,0,0,0,0
3410,43954,0,0,0,0,0,0,0,0,0,0,0,0,0,0
3411,43954,0,0,0,0,0,0,0,0,0,0,0,0,0,0
3412,43954,0,0,0,0,0,0,0,0,0,0,0,0,0,0
3413,43954,0,0,0,0,0,0,0,0,0,0,0,0,0,0
3414,43954,0,0,0,0,0,0,0,0,0,0,0,0,0,0
3415,43954,0,0,0,0,0,0,0,0,0,0,0,0,0,0
3416,43954,0,0,0,0,0,0,0,0,0,0,0,0,0,0
3417,43954,0,0,0,0,0,0,0,0,0,0,0,0,0,0
3418,43954,0,0,0,0,0,0,0,0,0,0,0,0,0,0
3419,43954,0,0,0,0,0,0,0,0,0,0,0,0,0,0
3420,43954,0,0,0,0,0,0,0,0,0,0,0,0,0,0
3421,43954,0,0,0,0,0,0,0,0,0,0,0,0,0,0
3422,43954,0,0,0,0,0,0,0,0,0,0,0,0,0,0
3423,43954,0,0,0,0,0,0,0,0,0,0,0,0,0,0
3424,43954,0,0,0,0,0,0,0,0,0,0,0,0,0,0
3425,43954,0,0,0,0,0,0,0,0,0,0,0,0,0,0
3426,43954,0,0,0,0,0,0,0,0,0,0,0,0,0,0
3427,43954,0,0,0,0,0,0,0,0,0,0,0,0,0,0
3428,43954,0,0,0,0,0,0,0,0,0,0,0,0,0,0
3429,43954,0,0,0,0,0,0,0,0,0,0,0,0,0,0
3430,43954,0,0,0,0,0,0,0,0,0,0,0,0,0,0
3431,43954,0,0,0,0,0,0,0,0,0,0,0,0,0,0
3432,43954,0,0,0,0,0,0,0,0,0,0,0,0,0,0
3433,43954,0,0,0,0,0,0,0,0,0,0,0,0,0,0
3434,43954,0,0,0,0,0,0,0,0,0,0,0,0,0,0
3435,43954,0,0,0,0,0,0,0,0,0,0,0,0,0,0
3436,43954,0,0,0,0,0,0,0,0,0,0,0,0,0,0
3437,43954,0,0,0,0,0,0,0,0,0,0,0,0,0,0
3438,43954,0,0,0,0,0,0,0,0,0,0,0,0,0,0
3439,43954,0,0,0,0,0,0,0,0,0,0,0,0,0,0
3440,43954,0,0,0,0,0,0,0,0,0,0,0,0,0,0
3441,43954,0,0,0,0,0,0,0,0,0,0,0,0,0,0
3442,43954,0,0,0,0,0,0,0,0,0,0,0,0,0,0
3443,43954,0,0,0,0,0,0,0,0,0,0,0,0,0,0
3444,43954,0,0,0,0,0,0,0,0,0,0,0,0,0,0
3445,43954,0,0,0,0,0,0,0,0,0,0,0,0,0,0
3446,43954,0,0,0,0,0,0,0,0,0,0,0,0,0,0
3447,43954,0,0,0,0,0,0,0,0,0,0,0,0,0,0
3448,43954,0,0,0,0,0,0,0,0,0,0,0,0,0,0
3449,43954,0,0,0,0,0,0,0,0,0,0,0,0,0,0
3450,43954,0,0,0,0,0,0,0,0,0,0,0,0,0,0
3451,43954,0,0,0,0,0,0,0,0,0,0,0,0,0,0
3452,43954,0,0,0,0,0,0,0,0,0,0,0,0,0,0
3453,43954,0,0,0,0,0,0,0,0,0,0,0,0,0,0
3454,43954,0,0,0,0,0,0,0,0,0,0,0,0,0,0
3455,43954,0,0,0,0,0,0,0,0,0,0,0,0,0,0
3456,43954,0,0,0,0,0,0,0,0,0,0,0,0,0,0
3457,43954,0,0,0,0,0,0,0,0,0,0,0,0,0,0
3458,43954,0,0,0,0,0,0,0,0,0,0,0,0,0,0
3459,43954,0,0,0,0,0,0,0,0,0,0,0,0,0,0
3460,43954,0,0,0,0,0,0,0,0,0,0,0,0,0,0
3461,43954,0,0,0,0,0,0,0,0,0,0,0,0,0,0
3462,43954,0,0,0,0,0,0,0,0,0,0,0,0,0,0
3463,43954,0,0,0,0,0,0,0,0,0,0,0,0,0,0
3464,43954,0,0,0,0,0,0,0,0,0,0,0,0,0,0
3465,43954,0,0,0,0,0,0,0,0,0,0,0,0,0,0
3466,43954,0,0,0,0,0,0,0,0,0,0,0,0,0,0
3467,43954,0,0,0,0,0,0,0,0,0,0,0,0,0,0
3468,43954,0,0,0,0,0,0,0,0,0,0,0,0,0,0
3469,43954,0,0,0,0,0,0,0,0,0,0,0,0,0,0
3470,43954,0,0,0,0,0,0,0,0,0,0,0,0,0,0
3471,43954,0,0,0,0,0,0,0,0,0,0,0,0,0,0
3472,43954,0,0,0,0,0,0,0,0,0,0,0,0,0,0
3473,43954,0,0,0,0,0,0,0,0,0,0,0,0,0,0
3474,43954,0,0,0,0,0,0,0,0,0,0,0,0,0,0
3475,43954,0,0,0,0,0,0,0,0,0,0,0,0,0,0
3476,43954,0,0,0,0,0,0,0,0,0,0,0,0,0,0
3477,43954,0,0,0,0,0,0,0,0,0,0,0,0,0,0
3478,43954,0,0,0,0,0,0,0,0,0,0,0,0,0,0
3479,43954,0,0,0,0,0,0,0,0,0,0,0,0,0,0
3480,43954,0,0,0,0,0,0,0,0,0,0,0,0,0,0
3481,43954,0,0,0,0,0,0,0,0,0,0,0,0,0,0
3482,43954,0,0,0,0,0,0,0,0,0,0,0,0,0,0
3483,43954,0,0,0,0,0,0,0,0,0,0,0,0,0,0
3484,43954,0,0,0,0,0,0,0,0,0,0,0,0,0,0
3485,43954,0,0,0,0,0,0,0,0,0,0,0,0,0,0
3486,43954,0,0,0,0,0,0,0,0,0,0,0,0,0,0
3487,43954,0,0,0,0,0,0,0,0,0,0,0,0,0,0
3488,43954,0,0,0,0,0,0,0,0,0,0,0,0,0,0
3489,43954,0,0,0,0,0,0,0,0,0,0,0,0,0,0
3490,43954,0,0,0,0,0,0,0,0,0,0,0,0,0,0
3491,43954,0,0,0,0,0,0,0,0,0,0,0,0,0,0
3492,43954,0,0,0,0,0,0,0,0,0,0,0,0,0,0
3493,43954,0,0,0,0,0,0,0,0,0,0,0,0,0,0
3494,43954,0,0,0,0,0,0,0,0,0,0,0,0,0,0
3495,43954,0,0,0,0,0,0,0,0,0,0,0,0,0,0
3496,43954,0,0,0,0,0,0,0,0,0,0,0,0,0,0
3497,43954,0,0,0,0,0,0,0,0,0,0,0,0,0,0
3498,43954,0,0,0,0,0,0,0,0,0,0,0,0,0,0
3499,43954,0,0,0,0,0,0,0,0,0,0,0,0,0,0
3500,43954,0,0,0,0,0,0,0,0,0,0,0,0,0,0
3501,43954,0,0,0,0,0,0,0,0,0,0,0,0,0,0
3502,43954,0,0,0,0,0,0,0,0,0,0,0,0,0,0
3503,43954,0,0,0,0,0,0,0,0,0,0,0,0,0,0
3504,43954,0,0,0,0,0,0,0,0,0,0,0,0,0,0
3505,43954,0,0,0,0,0,0,0,0,0,0,0,0,0,0
3506,43954,0,0,0,0,0,0,0,0,0,0,0,0,0,0
3507,43954,0,0,0,0,0,0,0,0,0,0,0,0,0,0
3508,43954,0,0,0,0,0,0,0,0,0,0,0,0,0,0
3509,43954,0,0,0,0,0,0,0,0,0,0,0,0,0,0
3510,43954,0,0,0,0,0,0,0,0,0,0,0,0,0,0
3511,43954,0,0,0,0,0,0,0,0,0,0,0,0,0,0
3512,43954,0,0,0,0,0,0,0,0,0,0,0,0,0,0
3513,43954,0,0,0,0,0,0,0,0,0,0,0,0,0,0
3514,43954,0,0,0,0,0,0,0,0,0,0,0,0,0,0
3515,43954,0,0,0,0,0,0,0,0,0,0,0,0,0,0
3516,43954,0,0,0,0,0,0,0,0,0,0,0,0,0,0
3517,43954,0,0,0,0,0,0,0,0,0,0,0,0,0,0
3518,43954,0,0,0,0,0,0,0,0,0,0,0,0,0,0
3519,43954,0,0,0,0,0,0,0,0,0,0,0,0,0,0
3520,43954,0,0,0,0,0,0,0,0,0,0,0,0,0,0
3521,43954,0,0,0,0,0,0,0,0,0,0,0,0,0,0
3522,43954,0,0,0,0,0,0,0,0,0,0,0,0,0,0
3523,43954,0,0,0,0,0,0,0,0,0,0,0,0,0,0
3524,43954,0,0,0,0,0,0,0,0,0,0,0,0,0,0
3525,43954,0,0,0,0,0,0,0,0,0,0,0,0,0,0
3526,43954,0,0,0,0,0,0,0,0,0,0,0,0,0,0
3527,43954,0,0,0,0,0,0,0,0,0,0,0,0,0,0
3528,43954,0,0,0,0,0,0,0,0,0,0,0,0,0,0
3529,43954,0,0,0,0,0,0,0,0,0,0,0,0,0,0
3530,43954,0,0,0,0,0,0,0,0,0,0,0,0,0,0
3531,43954,0,0,0,0,0,0,0,0,0,0,0,0,0,0
3532,43954,0,0,0,0,0,0,0,0,0,0,0,0,0,0
3533,43954,0,0,0,0,0,0,0,0,0,0,0,0,0,0
3534,43954,0,0,0,0,0,0,0,0,0,0,0,0,0,0
3535,43954,0,0,0,0,0,0,0,0,0,0,0,0,0,0
3536,43954,0,0,0,0,0,0,0,0,0,0,0,0,0,0
3537,43954,0,0,0,0,0,0,0,0,0,0,0,0,0,0
3538,43954,0,0,0,0,0,0,0,0,0,0,0,0,0,0
3539,43954,0,0,0,0,0,0,0,0,0,0,0,0,0,0
3540,43954,0,0,0,0,0,0,0,0,0,0,0,0,0,0
3541,43954,0,0,0,0,0,0,0,0,0,0,0,0,0,0
3542,43954,0,0,0,0,0,0,0,0,0,0,0,0,0,0
3543,43954,0,0,0,0,0,0,0,0,0,0,0,0,0,0
3544,43954,0,0,0,0,0,0,0,0,0,0,0,0,0,0
3545,43954,0,0,0,0,0,0,0,0,0,0,0,0,0,0
3546,43954,0,0,0,0,0,0,0,0,0,0,0,0,0,0
3547,43954,0,0,0,0,0,0,0,0,0,0,0,0,0,0
3548,43954,0,0,0,0,0,0,0,0,0,0,0,0,0,0
3549,43954,0,0,0,0,0,0,0,0,0,0,0,0,0,0
3550,43954,0,0,0,0,0,0,0,0,0,0,0,0,0,0
3551,43954,0,0,0,0,0,0,0,0,0,0,0,0,0,0
3552,43954,0,0,0,0,0,0,0,0,0,0,0,0,0,0
3553,43954,0,0,0,0,0,0,0,0,0,0,0,0,0,0
3554,43954,0,0,0,0,0,0,0,0,0,0,0,0,0,0
3555,43954,0,0,0,0,0,0,0,0,0,0,0,0,0,0
3556,43954,0,0,0,0,0,0,0,0,0,0,0,0,0,0
3557,43954,0,0,0,0,0,0,0,0,0,0,0,0,0,0
3558,43954,0,0,0,0,0,0,0,0,0,0,0,0,0,0
3559,43954,0,0,0,0,0,0,0,0,0,0,0,0,0,0
3560,43954,0,0,0,0,0,0,0,0,0,0,0,0,0,0
3561,43954,0,0,0,0,0,0,0,0,0,0,0,0,0,0
3562,43954,0,0,0,0,0,0,0,0,0,0,0,0,0,0
3563,43954,0,0,0,0,0,0,0,0,0,0,0,0,0,0
3564,43954,0,0,0,0,0,0,0,0,0,0,0,0,0,0
3565,43954,0,0,0,0,0,0,0,0,0,0,0,0,0,0
3566,43954,0,0,0,0,0,0,0,0,0,0,0,0,0,0
3567,43954,0,0,0,0,0,0,0,0,0,0,0,0,0,0
3568,43954,0,0,0,0,0,0,0,0,0,0,0,0,0,0
3569,43954,0,0,0,0,0,0,0,0,0,0,0,0,0,0
3570,43954,0,0,0,0,0,0,0,0,0,0,0,0,0,0
3571,43954,0,0,0,0,0,0,0,0,0,0,0,0,0,0
3572,43954,0,0,0,0,0,0,0,0,0,0,0,0,0,0
3573,43954,0,0,0,0,0,0,0,0,0,0,0,0,0,0
3574,43954,0,0,0,0,0,0,0,0,0,0,0,0,0,0
3575,43954,0,0,0,0,0,0,0,0,0,0,0,0,0,0
3576,43954,0,0,0,0,0,0,0,0,0,0,0,0,0,0
3577,43954,0,0,0,0,0,0,0,0,0,0,0,0,0,0
3578,43954,0,0,0,0,0,0,0,0,0,0,0,0,0,0
3579,43954,0,0,0,0,0,0,0,0,0,0,0,0,0,0
3580,43954,0,0,0,0,0,0,0,0,0,0,0,0,0,0
3581,43954,0,0,0,0,0,0,0,0,0,0,0,0,0,0
3582,43954,0,0,0,0,0,0,0,0,0,0,0,0,0,0
3583,43954,0,0,0,0,0,0,0,0,0,0,0,0,0,0
3584,43954,0,0,0,0,0,0,0,0,0,0,0,0,0,0
3585,43954,0,0,0,0,0,0,0,0,0,0,0,0,0,0
3586,43954,0,0,0,0,0,0,0,0,0,0,0,0,0,0
3587,43954,0,0,0,0,0,0,0,0,0,0,0,0,0,0
3588,43954,0,0,0,0,0,0,0,0,0,0,0,0,0,0
3589,43954,0,0,0,0,0,0,0,0,0,0,0,0,0,0
3590,43954,0,0,0,0,0,0,0,0,0,0,0,0,0,0
3591,43954,0,0,0,0,0,0,0,0,0,0,0,0,0,0
3592,43954,0,0,0,0,0,0,0,0,0,0,0,0,0,0
3593,43954,0,0,0,0,0,0,0,0,0,0,0,0,0,0
3594,43954,0,0,0,0,0,0,0,0,0,0,0,0,0,0
3595,43954,0,0,0,0,0,0,0,0,0,0,0,0,0,0
3596,43954,0,0,0,0,0,0,0,0,0,0,0,0,0,0
3597,43954,0,0,0,0,0,0,0,0,0,0,0,0,0,0
3598,43954,0,0,0,0,0,0,0,0,0,0,0,0,0,0
3599,43954,0,0,0,0,0,0,0,0,0,0,0,0,0,0
3600,43954,0,0,0,0,0,0,0,0,0,0,0,0,0,0
3601,43954,0,0,0,0,0,0,0,0,0,0,0,0,0,0
3602,43954,0,0,0,0,0,0,0,0,0,0,0,0,0,0
3603,43954,0,0,0,0,0,0,0,0,0,0,0,0,0,0
3604,43954,0,0,0,0,0,0,0,0,0,0,0,0,0,0
3605,43954,0,0,0,0,0,0,0,0,0,0,0,0,0,0
3606,43954,0,0,0,0,0,0,0,0,0,0,0,0,0,0
3607,43954,0,0,0,0,0,0,0,0,0,0,0,0,0,0
3608,43954,0,0,0,0,0,0,0,0,0,0,0,0,0,0
3609,43954,0,0,0,0,0,0,0,0,0,0,0,0,0,0
3610,43954,0,0,0,0,0,0,0,0,0,0,0,0,0,0
3611,43954,0,0,0,0,0,0,0,0,0,0,0,0,0,0
3612,43954,0,0,0,0,0,0,0,0,0,0,0,0,0,0
3613,43954,0,0,0,0,0,0,0,0,0,0,0,0,0,0
3614,43954,0,0,0,0,0,0,0,0,0,0,0,0,0,0
3615,43954,0,0,0,0,0,0,0,0,0,0,0,0,0,0
3616,43954,0,0,0,0,0,0,0,0,0,0,0,0,0,0
3617,43954,0,0,0,0,0,0,0,0,0,0,0,0,0,0
3618,43954,0,0,0,0,0,0,0,0,0,0,0,0,0,0
3619,43954,0,0,0,0,0,0,0,0,0,0,0,0,0,0
3620,43954,0,0,0,0,0,0,0,0,0,0,0,0,0,0
3621,43954,0,0,0,0,0,0,0,0,0,0,0,0,0,0
3622,43954,0,0,0,0,0,0,0,0,0,0,0,0,0,0
3623,43954,0,0,0,0,0,0,0,0,0,0,0,0,0,0
3624,43954,0,0,0,0,0,0,0,0,0,0,0,0,0,0
3625,43954,0,0,0,0,0,0,0,0,0,0,0,0,0,0
3626,43954,0,0,0,0,0,0,0,0,0,0,0,0,0,0
3627,43954,0,0,0,0,0,0,0,0,0,0,0,0,0,0
3628,43954,0,0,0,0,0,0,0,0,0,0,0,0,0,0
3629,43954,0,0,0,0,0,0,0,0,0,0,0,0,0,0
3630,43954,0,0,0,0,0,0,0,0,0,0,0,0,0,0
3631,43954,0,0,0,0,0,0,0,0,0,0,0,0,0,0
3632,43954,0,0,0,0,0,0,0,0,0,0,0,0,0,0
3633,43954,0,0,0,0,0,0,0,0,0,0,0,0,0,0
3634,43954,0,0,0,0,0,0,0,0,0,0,0,0,0,0
3635,43954,0,0,0,0,0,0,0,0,0,0,0,0,0,0
3636,43954,0,0,0,0,0,0,0,0,0,0,0,0,0,0
3637,43954,0,0,0,0,0,0,0,0,0,0,0,0,0,0
3638,43954,0,0,0,0,0,0,0,0,0,0,0,0,0,0
3639,43954,0,0,0,0,0,0,0,0,0,0,0,0,0,0
3640,43954,0,0,0,0,0,0,0,0,0,0,0,0,0,0
3641,43954,0,0,0,0,0,0,0,0,0,0,0,0,0,0
3642,43954,0,0,0,0,0,0,0,0,0,0,0,0,0,0
3643,43954,0,0,0,0,0,0,0,0,0,0,0,0,0,0
3644,43954,0,0,0,0,0,0,0,0,0,0,0,0,0,0
3645,43954,0,0,0,0,0,0,0,0,0,0,0,0,0,0
3646,43954,0,0,0,0,0,0,0,0,0,0,0,0,0,0
3647,43954,0,0,0,0,0,0,0,0,0,0,0,0,0,0
3648,43954,0,0,0,0,0,0,0,0,0,0,0,0,0,0
3649,43954,0,0,0,0,0,0,0,0,0,0,0,0,0,0
3650,43954,0,0,0,0,0,0,0,0,0,0,0,0,0,0
3651,43954,0,0,0,0,0,0,0,0,0,0,0,0,0,0
3652,43954,0,0,0,0,0,0,0,0,0,0,0,0,0,0
3653,43954,0,0,0,0,0,0,0,0,0,0,0,0,0,0
3654,43954,0,0,0,0,0,0,0,0,0,0,0,0,0,0
3655,43954,0,0,0,0,0,0,0,0,0,0,0,0,0,0
3656,43954,0,0,0,0,0,0,0,0,0,0,0,0,0,0
3657,43954,0,0,0,0,0,0,0,0,0,0,0,0,0,0
3658,43954,0,0,0,0,0,0,0,0,0,0,0,0,0,0
3659,43954,0,0,0,0,0,0,0,0,0,0,0,0,0,0
3660,43954,0,0,0,0,0,0,0,0,0,0,0,0,0,0
3661,43954,0,0,0,0,0,0,0,0,0,0,0,0,0,0
3662,43954,0,0,0,0,0,0,0,0,0,0,0,0,0,0
3663,43954,0,0,0,0,0,0,0,0,0,0,0,0,0,0
3664,43954,0,0,0,0,0,0,0,0,0,0,0,0,0,0
3665,43954,0,0,0,0,0,0,0,0,0,0,0,0,0,0
3666,43954,0,0,0,0,0,0,0,0,0,0,0,0,0,0
3667,43954,0,0,0,0,0,0,0,0,0,0,0,0,0,0
3668,43954,0,0,0,0,0,0,0,0,0,0,0,0,0,0
3669,43954,0,0,0,0,0,0,0,0,0,0,0,0,0,0
3670,43954,0,0,0,0,0,0,0,0,0,0,0,0,0,0
3671,43954,0,0,0,0,0,0,0,0,0,0,0,0,0,0
3672,43954,0,0,0,0,0,0,0,0,0,0,0,0,0,0
3673,43954,0,0,0,0,0,0,0,0,0,0,0,0,0,0
3674,43954,0,0,0,0,0,0,0,0,0,0,0,0,0,0
3675,43954,0,0,0,0,0,0,0,0,0,0,0,0,0,0
3676,43954,0,0,0,0,0,0,0,0,0,0,0,0,0,0
3677,43954,0,0,0,0,0,0,0,0,0,0,0,0,0,0
3678,43954,0,0,0,0,0,0,0,0,0,0,0,0,0,0
3679,43954,0,0,0,0,0,0,0,0,0,0,0,0,0,0
3680,43954,0,0,0,0,0,0,0,0,0,0,0,0,0,0
3681,43954,0,0,0,0,0,0,0,0,0,0,0,0,0,0
3682,43954,0,0,0,0,0,0,0,0,0,0,0,0,0,0
3683,43954,0,0,0,0,0,0,0,0,0,0,0,0,0,0
3684,43954,0,0,0,0,0,0,0,0,0,0,0,0,0,0
3685,43954,0,0,0,0,0,0,0,0,0,0,0,0,0,0
3686,43954,0,0,0,0,0,0,0,0,0,0,0,0,0,0
3687,43954,0,0,0,0,0,0,0,0,0,0,0,0,0,0
3688,43954,0,0,0,0,0,0,0,0,0,0,0,0,0,0
3689,43954,0,0,0,0,0,0,0,0,0,0,0,0,0,0
3690,43954,0,0,0,0,0,0,0,0,0,0,0,0,0,0
3691,43954,0,0,0,0,0,0,0,0,0,0,0,0,0,0
3692,43954,0,0,0,0,0,0,0,0,0,0,0,0,0,0
3693,43954,0,0,0,0,0,0,0,0,0,0,0,0,0,0
3694,43954,0,0,0,0,0,0,0,0,0,0,0,0,0,0
3695,43954,0,0,0,0,0,0,0,0,0,0,0,0,0,0
3696,43954,0,0,0,0,0,0,0,0,0,0,0,0,0,0
3697,43954,0,0,0,0,0,0,0,0,0,0,0,0,0,0
3698,43954,0,0,0,0,0,0,0,0,0,0,0,0,0,0
3699,43954,0,0,0,0,0,0,0,0,0,0,0,0,0,0
3700,43954,0,0,0,0,0,0,0,0,0,0,0,0,0,0
3701,43954,0,0,0,0,0,0,0,0,0,0,0,0,0,0
3702,43954,0,0,0,0,0,0,0,0,0,0,0,0,0,0
3703,43954,0,0,0,0,0,0,0,0,0,0,0,0,0,0
3704,43954,0,0,0,0,0,0,0,0,0,0,0,0,0,0
3705,43954,0,0,0,0,0,0,0,0,0,0,0,0,0,0
3706,43954,0,0,0,0,0,0,0,0,0,0,0,0,0,0
3707,43954,0,0,0,0,0,0,0,0,0,0,0,0,0,0
3708,43954,0,0,0,0,0,0,0,0,0,0,0,0,0,0
3709,43954,0,0,0,0,0,0,0,0,0,0,0,0,0,0
3710,43954,0,0,0,0,0,0,0,0,0,0,0,0,0,0
3711,43954,0,0,0,0,0,0,0,0,0,0,0,0,0,0
3712,43954,0,0,0,0,0,0,0,0,0,0,0,0,0,0
3713,43954,0,0,0,0,0,0,0,0,0,0,0,0,0,0
3714,43954,0,0,0,0,0,0,0,0,0,0,0,0,0,0
3715,43954,0,0,0,0,0,0,0,0,0,0,0,0,0,0
3716,43954,0,0,0,0,0,0,0,0,0,0,0,0,0,0
3717,43954,0,0,0,0,0,0,0,0,0,0,0,0,0,0
3718,43954,0,0,0,0,0,0,0,0,0,0,0,0,0,0
3719,43954,0,0,0,0,0,0,0,0,0,0,0,0,0,0
3720,43954,0,0,0,0,0,0,0,0,0,0,0,0,0,0
3721,43954,0,0,0,0,0,0,0,0,0,0,0,0,0,0
3722,43954,0,0,0,0,0,0,0,0,0,0,0,0,0,0
3723,43954,0,0,0,0,0,0,0,0,0,0,0,0,0,0
3724,43954,0,0,0,0,0,0,0,0,0,0,0,0,0,0
3725,43954,0,0,0,0,0,0,0,0,0,0,0,0,0,0
3726,43954,0,0,0,0,0,0,0,0,0,0,0,0,0,0
3727,43954,0,0,0,0,0,0,0,0,0,0,0,0,0,0
3728,43954,0,0,0,0,0,0,0,0,0,0,0,0,0,0
3729,43954,0,0,0,0,0,0,0,0,0,0,0,0,0,0
3730,43954,0,0,0,0,0,0,0,0,0,0,0,0,0,0
3731,43954,0,0,0,0,0,0,0,0,0,0,0,0,0,0
3732,43954,0,0,0,0,0,0,0,0,0,0,0,0,0,0
3733,43954,0,0,0,0,0,0,0,0,0,0,0,0,0,0
3734,43954,0,0,0,0,0,0,0,0,0,0,0,0,0,0
3735,43954,0,0,0,0,0,0,0,0,0,0,0,0,0,0
3736,43954,0,0,0,0,0,0,0,0,0,0,0,0,0,0
3737,43954,0,0,0,0,0,0,0,0,0,0,0,0,0,0
3738,43954,0,0,0,0,0,0,0,0,0,0,0,0,0,0
3739,43954,0,0,0,0,0,0,0,0,0,0,0,0,0,0
3740,43954,0,0,0,0,0,0,0,0,0,0,0,0,0,0
3741,43954,0,0,0,0,0,0,0,0,0,0,0,0,0,0
3742,43954,0,0,0,0,0,0,0,0,0,0,0,0,0,0
3743,43954,0,0,0,0,0,0,0,0,0,0,0,0,0,0
3744,43954,0,0,0,0,0,0,0,0,0,0,0,0,0,0
3745,43954,0,0,0,0,0,0,0,0,0,0,0,0,0,0
3746,43954,0,0,0,0,0,0,0,0,0,0,0,0,0,0
3747,43954,0,0,0,0,0,0,0,0,0,0,0,0,0,0
3748,43954,0,0,0,0,0,0,0,0,0,0,0,0,0,0
3749,43954,0,0,0,0,0,0,0,0,0,0,0,0,0,0
3750,43954,0,0,0,0,0,0,0,0,0,0,0,0,0,0
3751,43954,0,0,0,0,0,0,0,0,0,0,0,0,0,0
3752,43954,0,0,0,0,0,0,0,0,0,0,0,0,0,0
3753,43954,0,0,0,0,0,0,0,0,0,0,0,0,0,0
3754,43954,0,0,0,0,0,0,0,0,0,0,0,0,0,0
3755,43954,0,0,0,0,0,0,0,0,0,0,0,0,0,0
3756,43954,0,0,0,0,0,0,0,0,0,0,0,0,0,0
3757,43954,0,0,0,0,0,0,0,0,0,0,0,0,0,0
3758,43954,0,0,0,0,0,0,0,0,0,0,0,0,0,0
3759,43954,0,0,0,0,0,0,0,0,0,0,0,0,0,0
3760,43954,0,0,0,0,0,0,0,0,0,0,0,0,0,0
3761,43954,0,0,0,0,0,0,0,0,0,0,0,0,0,0
3762,43954,0,0,0,0,0,0,0,0,0,0,0,0,0,0
3763,43954,0,0,0,0,0,0,0,0,0,0,0,0,0,0
3764,43954,0,0,0,0,0,0,0,0,0,0,0,0,0,0
3765,43954,0,0,0,0,0,0,0,0,0,0,0,0,0,0
3766,43954,0,0,0,0,0,0,0,0,0,0,0,0,0,0
3767,43954,0,0,0,0,0,0,0,0,0,0,0,0,0,0
3768,43954,0,0,0,0,0,0,0,0,0,0,0,0,0,0
3769,43954,0,0,0,0,0,0,0,0,0,0,0,0,0,0
3770,43954,0,0,0,0,0,0,0,0,0,0,0,0,0,0
3771,43954,0,0,0,0,0,0,0,0,0,0,0,0,0,0
3772,43954,0,0,0,0,0,0,0,0,0,0,0,0,0,0
3773,43954,0,0,0,0,0,0,0,0,0,0,0,0,0,0
3774,43954,0,0,0,0,0,0,0,0,0,0,0,0,0,0
3775,43954,0,0,0,0,0,0,0,0,0,0,0,0,0,0
3776,43954,0,0,0,0,0,0,0,0,0,0,0,0,0,0
3777,43954,0,0,0,0,0,0,0,0,0,0,0,0,0,0
3778,43954,0,0,0,0,0,0,0,0,0,0,0,0,0,0
3779,43954,0,0,0,0,0,0,0,0,0,0,0,0,0,0
3780,43954,0,0,0,0,0,0,0,0,0,0,0,0,0,0
3781,43954,0,0,0,0,0,0,0,0,0,0,0,0,0,0
3782,43954,0,0,0,0,0,0,0,0,0,0,0,0,0,0
3783,43954,0,0,0,0,0,0,0,0,0,0,0,0,0,0
3784,43954,0,0,0,0,0,0,0,0,0,0,0,0,0,0
3785,43954,0,0,0,0,0,0,0,0,0,0,0,0,0,0
3786,43954,0,0,0,0,0,0,0,0,0,0,0,0,0,0
3787,43954,0,0,0,0,0,0,0,0,0,0,0,0,0,0
3788,43954,0,0,0,0,0,0,0,0,0,0,0,0,0,0
3789,43954,0,0,0,0,0,0,0,0,0,0,0,0,0,0
3790,43954,0,0,0,0,0,0,0,0,0,0,0,0,0,0
3791,43954,0,0,0,0,0,0,0,0,0,0,0,0,0,0
3792,43954,0,0,0,0,0,0,0,0,0,0,0,0,0,0
3793,43954,0,0,0,0,0,0,0,0,0,0,0,0,0,0
3794,43954,0,0,0,0,0,0,0,0,0,0,0,0,0,0
3795,43954,0,0,0,0,0,0,0,0,0,0,0,0,0,0
3796,43954,0,0,0,0,0,0,0,0,0,0,0,0,0,0
3797,43954,0,0,0,0,0,0,0,0,0,0,0,0,0,0
3798,43954,0,0,0,0,0,0,0,0,0,0,0,0,0,0
3799,43954,0,0,0,0,0,0,0,0,0,0,0,0,0,0
3800,43954,0,0,0,0,0,0,0,0,0,0,0,0,0,0
3801,43954,0,0,0,0,0,0,0,0,0,0,0,0,0,0
3802,43954,0,0,0,0,0,0,0,0,0,0,0,0,0,0
3803,43954,0,0,0,0,0,0,0,0,0,0,0,0,0,0
3804,43954,0,0,0,0,0,0,0,0,0,0,0,0,0,0
3805,43954,0,0,0,0,0,0,0,0,0,0,0,0,0,0
3806,43954,0,0,0,0,0,0,0,0,0,0,0,0,0,0
3807,43954,0,0,0,0,0,0,0,0,0,0,0,0,0,0
3808,43954,0,0,0,0,0,0,0,0,0,0,0,0,0,0
3809,43954,0,0,0,0,0,0,0,0,0,0,0,0,0,0
3810,43954,0,0,0,0,0,0,0,0,0,0,0,0,0,0
3811,43954,0,0,0,0,0,0,0,0,0,0,0,0,0,0
3812,43954,0,0,0,0,0,0,0,0,0,0,0,0,0,0
3813,43954,0,0,0,0,0,0,0,0,0,0,0,0,0,0
3814,43954,0,0,0,0,0,0,0,0,0,0,0,0,0,0
3815,43954,0,0,0,0,0,0,0,0,0,0,0,0,0,0
3816,43954,0,0,0,0,0,0,0,0,0,0,0,0,0,0
3817,43954,0,0,0,0,0,0,0,0,0,0,0,0,0,0
3818,43954,0,0,0,0,0,0,0,0,0,0,0,0,0,0
3819,43954,0,0,0,0,0,0,0,0,0,0,0,0,0,0
3820,43954,0,0,0,0,0,0,0,0,0,0,0,0,0,0
3821,43954,0,0,0,0,0,0,0,0,0,0,0,0,0,0
3822,43954,0,0,0,0,0,0,0,0,0,0,0,0,0,0
3823,43954,0,0,0,0,0,0,0,0,0,0,0,0,0,0
3824,43954,0,0,0,0,0,0,0,0,0,0,0,0,0,0
3825,43954,0,0,0,0,0,0,0,0,0,0,0,0,0,0
3826,43954,0,0,0,0,0,0,0,0,0,0,0,0,0,0
3827,43954,0,0,0,0,0,0,0,0,0,0,0,0,0,0
3828,43954,0,0,0,0,0,0,0,0,0,0,0,0,0,0
3829,43954,0,0,0,0,0,0,0,0,0,0,0,0,0,0
3830,43954,0,0,0,0,0,0,0,0,0,0,0,0,0,0
3831,43954,0,0,0,0,0,0,0,0,0,0,0,0,0,0
3832,43954,0,0,0,0,0,0,0,0,0,0,0,0,0,0
3833,43954,0,0,0,0,0,0,0,0,0,0,0,0,0,0
3834,43954,0,0,0,0,0,0,0,0,0,0,0,0,0,0
3835,43954,0,0,0,0,0,0,0,0,0,0,0,0,0,0
3836,43954,0,0,0,0,0,0,0,0,0,0,0,0,0,0
3837,43954,0,0,0,0,0,0,0,0,0,0,0,0,0,0
3838,43954,0,0,0,0,0,0,0,0,0,0,0,0,0,0
3839,43954,0,0,0,0,0,0,0,0,0,0,0,0,0,0
3840,43954,0,0,0,0,0,0,0,0,0,0,0,0,0,0
3841,43954,0,0,0,0,0,0,0,0,0,0,0,0,0,0
3842,43954,0,0,0,0,0,0,0,0,0,0,0,0,0,0
3843,43954,0,0,0,0,0,0,0,0,0,0,0,0,0,0
3844,43954,0,0,0,0,0,0,0,0,0,0,0,0,0,0
3845,43954,0,0,0,0,0,0,0,0,0,0,0,0,0,0
3846,43954,0,0,0,0,0,0,0,0,0,0,0,0,0,0
3847,43954,0,0,0,0,0,0,0,0,0,0,0,0,0,0
3848,43954,0,0,0,0,0,0,0,0,0,0,0,0,0,0
3849,43954,0,0,0,0,0,0,0,0,0,0,0,0,0,0
3850,43954,0,0,0,0,0,0,0,0,0,0,0,0,0,0
3851,43954,0,0,0,0,0,0,0,0,0,0,0,0,0,0
3852,43954,0,0,0,0,0,0,0,0,0,0,0,0,0,0
3853,43954,0,0,0,0,0,0,0,0,0,0,0,0,0,0
3854,43954,0,0,0,0,0,0,0,0,0,0,0,0,0,0
3855,43954,0,0,0,0,0,0,0,0,0,0,0,0,0,0
3856,43954,0,0,0,0,0,0,0,0,0,0,0,0,0,0
3857,43954,0,0,0,0,0,0,0,0,0,0,0,0,0,0
3858,43954,0,0,0,0,0,0,0,0,0,0,0,0,0,0
3859,43954,0,0,0,0,0,0,0,0,0,0,0,0,0,0
3860,43954,0,0,0,0,0,0,0,0,0,0,0,0,0,0
3861,43954,0,0,0,0,0,0,0,0,0,0,0,0,0,0
3862,43954,0,0,0,0,0,0,0,0,0,0,0,0,0,0
3863,43954,0,0,0,0,0,0,0,0,0,0,0,0,0,0
3864,43954,0,0,0,0,0,0,0,0,0,0,0,0,0,0
3865,43954,0,0,0,0,0,0,0,0,0,0,0,0,0,0
3866,43954,0,0,0,0,0,0,0,0,0,0,0,0,0,0
3867,43954,0,0,0,0,0,0,0,0,0,0,0,0,0,0
3868,43954,0,0,0,0,0,0,0,0,0,0,0,0,0,0
3869,43954,0,0,0,0,0,0,0,0,0,0,0,0,0,0
3870,43954,0,0,0,0,0,0,0,0,0,0,0,0,0,0
3871,43954,0,0,0,0,0,0,0,0,0,0,0,0,0,0
3872,43954,0,0,0,0,0,0,0,0,0,0,0,0,0,0
3873,43954,0,0,0,0,0,0,0,0,0,0,0,0,0,0
3874,43954,0,0,0,0,0,0,0,0,0,0,0,0,0,0
3875,43954,0,0,0,0,0,0,0,0,0,0,0,0,0,0
3876,43954,0,0,0,0,0,0,0,0,0,0,0,0,0,0
3877,43954,0,0,0,0,0,0,0,0,0,0,0,0,0,0
3878,43954,0,0,0,0,0,0,0,0,0,0,0,0,0,0
3879,43954,0,0,0,0,0,0,0,0,0,0,0,0,0,0
3880,43954,0,0,0,0,0,0,0,0,0,0,0,0,0,0
3881,43954,0,0,0,0,0,0,0,0,0,0,0,0,0,0
3882,43954,0,0,0,0,0,0,0,0,0,0,0,0,0,0
3883,43954,0,0,0,0,0,0,0,0,0,0,0,0,0,0
3884,43954,0,0,0,0,0,0,0,0,0,0,0,0,0,0
3885,43954,0,0,0,0,0,0,0,0,0,0,0,0,0,0
3886,43954,0,0,0,0,0,0,0,0,0,0,0,0,0,0
3887,43954,0,0,0,0,0,0,0,0,0,0,0,0,0,0
3888,43954,0,0,0,0,0,0,0,0,0,0,0,0,0,0
3889,43954,0,0,0,0,0,0,0,0,0,0,0,0,0,0
3890,43954,0,0,0,0,0,0,0,0,0,0,0,0,0,0
3891,43954,0,0,0,0,0,0,0,0,0,0,0,0,0,0
3892,43954,0,0,0,0,0,0,0,0,0,0,0,0,0,0
3893,43954,0,0,0,0,0,0,0,0,0,0,0,0,0,0
3894,43954,0,0,0,0,0,0,0,0,0,0,0,0,0,0
3895,43954,0,0,0,0,0,0,0,0,0,0,0,0,0,0
3896,43954,0,0,0,0,0,0,0,0,0,0,0,0,0,0
3897,43954,0,0,0,0,0,0,0,0,0,0,0,0,0,0
3898,43954,0,0,0,0,0,0,0,0,0,0,0,0,0,0
3899,43954,0,0,0,0,0,0,0,0,0,0,0,0,0,0
3900,43954,0,0,0,0,0,0,0,0,0,0,0,0,0,0
3901,43954,0,0,0,0,0,0,0,0,0,0,0,0,0,0
3902,43954,0,0,0,0,0,0,0,0,0,0,0,0,0,0
3903,43954,0,0,0,0,0,0,0,0,0,0,0,0,0,0
3904,43954,0,0,0,0,0,0,0,0,0,0,0,0,0,0
3905,43954,0,0,0,0,0,0,0,0,0,0,0,0,0,0
3906,43954,0,0,0,0,0,0,0,0,0,0,0,0,0,0
3907,43954,0,0,0,0,0,0,0,0,0,0,0,0,0,0
3908,43954,0,0,0,0,0,0,0,0,0,0,0,0,0,0
3909,43954,0,0,0,0,0,0,0,0,0,0,0,0,0,0
3910,43954,0,0,0,0,0,0,0,0,0,0,0,0,0,0
3911,43954,0,0,0,0,0,0,0,0,0,0,0,0,0,0
3912,43954,0,0,0,0,0,0,0,0,0,0,0,0,0,0
3913,43954,0,0,0,0,0,0,0,0,0,0,0,0,0,0
3914,43954,0,0,0,0,0,0,0,0,0,0,0,0,0,0
3915,43954,0,0,0,0,0,0,0,0,0,0,0,0,0,0
3916,43954,0,0,0,0,0,0,0,0,0,0,0,0,0,0
3917,43954,0,0,0,0,0,0,0,0,0,0,0,0,0,0
3918,43954,0,0,0,0,0,0,0,0,0,0,0,0,0,0
3919,43954,0,0,0,0,0,0,0,0,0,0,0,0,0,0
3920,43954,0,0,0,0,0,0,0,0,0,0,0,0,0,0
3921,43954,0,0,0,0,0,0,0,0,0,0,0,0,0,0
3922,43954,0,0,0,0,0,0,0,0,0,0,0,0,0,0
3923,43954,0,0,0,0,0,0,0,0,0,0,0,0,0,0
3924,43954,0,0,0,0,0,0,0,0,0,0,0,0,0,0
3925,43954,0,0,0,0,0,0,0,0,0,0,0,0,0,0
3926,43954,0,0,0,0,0,0,0,0,0,0,0,0,0,0
3927,43954,0,0,0,0,0,0,0,0,0,0,0,0,0,0
3928,43954,0,0,0,0,0,0,0,0,0,0,0,0,0,0
3929,43954,0,0,0,0,0,0,0,0,0,0,0,0,0,0
3930,43954,0,0,0,0,0,0,0,0,0,0,0,0,0,0
3931,43954,0,0,0,0,0,0,0,0,0,0,0,0,0,0
3932,43954,0,0,0,0,0,0,0,0,0,0,0,0,0,0
3933,43954,0,0,0,0,0,0,0,0,0,0,0,0,0,0
3934,43954,0,0,0,0,0,0,0,0,0,0,0,0,0,0
3935,43954,0,0,0,0,0,0,0,0,0,0,0,0,0,0
3936,43954,0,0,0,0,0,0,0,0,0,0,0,0,0,0
3937,43954,0,0,0,0,0,0,0,0,0,0,0,0,0,0
3938,43954,0,0,0,0,0,0,0,0,0,0,0,0,0,0
3939,43954,0,0,0,0,0,0,0,0,0,0,0,0,0,0
3940,43954,0,0,0,0,0,0,0,0,0,0,0,0,0,0
3941,43954,0,0,0,0,0,0,0,0,0,0,0,0,0,0
3942,43954,0,0,0,0,0,0,0,0,0,0,0,0,0,0
3943,43954,0,0,0,0,0,0,0,0,0,0,0,0,0,0
3944,43954,0,0,0,0,0,0,0,0,0,0,0,0,0,0
3945,43954,0,0,0,0,0,0,0,0,0,0,0,0,0,0
3946,43954,0,0,0,0,0,0,0,0,0,0,0,0,0,0
3947,43954,0,0,0,0,0,0,0,0,0,0,0,0,0,0
3948,43954,0,0,0,0,0,0,0,0,0,0,0,0,0,0
3949,43954,0,0,0,0,0,0,0,0,0,0,0,0,0,0
3950,43954,0,0,0,0,0,0,0,0,0,0,0,0,0,0
3951,43954,0,0,0,0,0,0,0,0,0,0,0,0,0,0
3952,43954,0,0,0,0,0,0,0,0,0,0,0,0,0,0
3953,43954,0,0,0,0,0,0,0,0,0,0,0,0,0,0
3954,43954,0,0,0,0,0,0,0,0,0,0,0,0,0,0
3955,43954,0,0,0,0,0,0,0,0,0,0,0,0,0,0
3956,43954,0,0,0,0,0,0,0,0,0,0,0,0,0,0
3957,43954,0,0,0,0,0,0,0,0,0,0,0,0,0,0
3958,43954,0,0,0,0,0,0,0,0,0,0,0,0,0,0
3959,43954,0,0,0,0,0,0,0,0,0,0,0,0,0,0
3960,43954,0,0,0,0,0,0,0,0,0,0,0,0,0,0
3961,43954,0,0,0,0,0,0,0,0,0,0,0,0,0,0
3962,43954,0,0,0,0,0,0,0,0,0,0,0,0,0,0
3963,43954,0,0,0,0,0,0,0,0,0,0,0,0,0,0
3964,43954,0,0,0,0,0,0,0,0,0,0,0,0,0,0
3965,43954,0,0,0,0,0,0,0,0,0,0,0,0,0,0
3966,43954,0,0,0,0,0,0,0,0,0,0,0,0,0,0
3967,43954,0,0,0,0,0,0,0,0,0,0,0,0,0,0
3968,43954,0,0,0,0,0,0,0,0,0,0,0,0,0,0
3969,43954,0,0,0,0,0,0,0,0,0,0,0,0,0,0
3970,43954,0,0,0,0,0,0,0,0,0,0,0,0,0,0
3971,43954,0,0,0,0,0,0,0,0,0,0,0,0,0,0
3972,43954,0,0,0,0,0,0,0,0,0,0,0,0,0,0
3973,43954,0,0,0,0,0,0,0,0,0,0,0,0,0,0
3974,43954,0,0,0,0,0,0,0,0,0,0,0,0,0,0
3975,43954,0,0,0,0,0,0,0,0,0,0,0,0,0,0
3976,43954,0,0,0,0,0,0,0,0,0,0,0,0,0,0
3977,43954,0,0,0,0,0,0,0,0,0,0,0,0,0,0
3978,43954,0,0,0,0,0,0,0,0,0,0,0,0,0,0
3979,43954,0,0,0,0,0,0,0,0,0,0,0,0,0,0
3980,43954,0,0,0,0,0,0,0,0,0,0,0,0,0,0
3981,43954,0,0,0,0,0,0,0,0,0,0,0,0,0,0
3982,43954,0,0,0,0,0,0,0,0,0,0,0,0,0,0
3983,43954,0,0,0,0,0,0,0,0,0,0,0,0,0,0
3984,43954,0,0,0,0,0,0,0,0,0,0,0,0,0,0
3985,43954,0,0,0,0,0,0,0,0,0,0,0,0,0,0
3986,43954,0,0,0,0,0,0,0,0,0,0,0,0,0,0
3987,43954,0,0,0,0,0,0,0,0,0,0,0,0,0,0
3988,43954,0,0,0,0,0,0,0,0,0,0,0,0,0,0
3989,43954,0,0,0,0,0,0,0,0,0,0,0,0,0,0
3990,43954,0,0,0,0,0,0,0,0,0,0,0,0,0,0
3991,43954,0,0,0,0,0,0,0,0,0,0,0,0,0,0
3992,43954,0,0,0,0,0,0,0,0,0,0,0,0,0,0
3993,43954,0,0,0,0,0,0,0,0,0,0,0,0,0,0
3994,43954,0,0,0,0,0,0,0,0,0,0,0,0,0,0
3995,43954,0,0,0,0,0,0,0,0,0,0,0,0,0,0
3996,43954,0,0,0,0,0,0,0,0,0,0,0,0,0,0
3997,43954,0,0,0,0,0,0,0,0,0,0,0,0,0,0
3998,43954,0,0,0,0,0,0,0,0,0,0,0,0,0,0
3999,43954,0,0,0,0,0,0,0,0,0,0,0,0,0,0
4000,43954,0,0,0,0,0,0,0,0,0,0,0,0,0,0
4001,43954,0,0,0,0,0,0,0,0,0,0,0,0,0,0
4002,43954,0,0,0,0,0,0,0,0,0,0,0,0,0,0
4003,43954,0,0,0,0,0,0,0,0,0,0,0,0,0,0
4004,43954,0,0,0,0,0,0,0,0,0,0,0,0,0,0
4005,43954,0,0,0,0,0,0,0,0,0,0,0,0,0,0
4006,43954,0,0,0,0,0,0,0,0,0,0,0,0,0,0
4007,43954,0,0,0,0,0,0,0,0,0,0,0,0,0,0
4008,43954,0,0,0,0,0,0,0,0,0,0,0,0,0,0
4009,43954,0,0,0,0,0,0,0,0,0,0,0,0,0,0
4010,43954,0,0,0,0,0,0,0,0,0,0,0,0,0,0
4011,43954,0,0,0,0,0,0,0,0,0,0,0,0,0,0
4012,43954,0,0,0,0,0,0,0,0,0,0,0,0,0,0
4013,43954,0,0,0,0,0,0,0,0,0,0,0,0,0,0
4014,43954,0,0,0,0,0,0,0,0,0,0,0,0,0,0
4015,43954,0,0,0,0,0,0,0,0,0,0,0,0,0,0
4016,43954,0,0,0,0,0,0,0,0,0,0,0,0,0,0
4017,43954,0,0,0,0,0,0,0,0,0,0,0,0,0,0
4018,43954,0,0,0,0,0,0,0,0,0,0,0,0,0,0
4019,43954,0,0,0,0,0,0,0,0,0,0,0,0,0,0
4020,43954,0,0,0,0,0,0,0,0,0,0,0,0,0,0
4021,43954,0,0,0,0,0,0,0,0,0,0,0,0,0,0
4022,43954,0,0,0,0,0,0,0,0,0,0,0,0,0,0
4023,43954,0,0,0,0,0,0,0,0,0,0,0,0,0,0
4024,43954,0,0,0,0,0,0,0,0,0,0,0,0,0,0
4025,43954,0,0,0,0,0,0,0,0,0,0,0,0,0,0
4026,43954,0,0,0,0,0,0,0,0,0,0,0,0,0,0
4027,43954,0,0,0,0,0,0,0,0,0,0,0,0,0,0
4028,43954,0,0,0,0,0,0,0,0,0,0,0,0,0,0
4029,43954,0,0,0,0,0,0,0,0,0,0,0,0,0,0
4030,43954,0,0,0,0,0,0,0,0,0,0,0,0,0,0
4031,43954,0,0,0,0,0,0,0,0,0,0,0,0,0,0
4032,43954,0,0,0,0,0,0,0,0,0,0,0,0,0,0
4033,43954,0,0,0,0,0,0,0,0,0,0,0,0,0,0
4034,43954,0,0,0,0,0,0,0,0,0,0,0,0,0,0
4035,43954,0,0,0,0,0,0,0,0,0,0,0,0,0,0
4036,43954,0,0,0,0,0,0,0,0,0,0,0,0,0,0
4037,43954,0,0,0,0,0,0,0,0,0,0,0,0,0,0
4038,43954,0,0,0,0,0,0,0,0,0,0,0,0,0,0
4039,43954,0,0,0,0,0,0,0,0,0,0,0,0,0,0
4040,43954,0,0,0,0,0,0,0,0,0,0,0,0,0,0
4041,43954,0,0,0,0,0,0,0,0,0,0,0,0,0,0
4042,43954,0,0,0,0,0,0,0,0,0,0,0,0,0,0
4043,43954,0,0,0,0,0,0,0,0,0,0,0,0,0,0
4044,43954,0,0,0,0,0,0,0,0,0,0,0,0,0,0
4045,43954,0,0,0,0,0,0,0,0,0,0,0,0,0,0
4046,43954,0,0,0,0,0,0,0,0,0,0,0,0,0,0
4047,43954,0,0,0,0,0,0,0,0,0,0,0,0,0,0
4048,43954,0,0,0,0,0,0,0,0,0,0,0,0,0,0
4049,43954,0,0,0,0,0,0,0,0,0,0,0,0,0,0
4050,43954,0,0,0,0,0,0,0,0,0,0,0,0,0,0
4051,43954,0,0,0,0,0,0,0,0,0,0,0,0,0,0
4052,43954,0,0,0,0,0,0,0,0,0,0,0,0,0,0
4053,43954,0,0,0,0,0,0,0,0,0,0,0,0,0,0
4054,43954,0,0,0,0,0,0,0,0,0,0,0,0,0,0
4055,43954,0,0,0,0,0,0,0,0,0,0,0,0,0,0
4056,43954,0,0,0,0,0,0,0,0,0,0,0,0,0,0
4057,43954,0,0,0,0,0,0,0,0,0,0,0,0,0,0
4058,43954,0,0,0,0,0,0,0,0,0,0,0,0,0,0
4059,43954,0,0,0,0,0,0,0,0,0,0,0,0,0,0
4060,43954,0,0,0,0,0,0,0,0,0,0,0,0,0,0
4061,43954,0,0,0,0,0,0,0,0,0,0,0,0,0,0
4062,43954,0,0,0,0,0,0,0,0,0,0,0,0,0,0
4063,43954,0,0,0,0,0,0,0,0,0,0,0,0,0,0
4064,43954,0,0,0,0,0,0,0,0,0,0,0,0,0,0
4065,43954,0,0,0,0,0,0,0,0,0,0,0,0,0,0
4066,43954,0,0,0,0,0,0,0,0,0,0,0,0,0,0
4067,43954,0,0,0,0,0,0,0,0,0,0,0,0,0,0
4068,43954,0,0,0,0,0,0,0,0,0,0,0,0,0,0
4069,43954,0,0,0,0,0,0,0,0,0,0,0,0,0,0
4070,43954,0,0,0,0,0,0,0,0,0,0,0,0,0,0
4071,43954,0,0,0,0,0,0,0,0,0,0,0,0,0,0
4072,43954,0,0,0,0,0,0,0,0,0,0,0,0,0,0
4073,43954,0,0,0,0,0,0,0,0,0,0,0,0,0,0
4074,43954,0,0,0,0,0,0,0,0,0,0,0,0,0,0
4075,43954,0,0,0,0,0,0,0,0,0,0,0,0,0,0
4076,43954,0,0,0,0,0,0,0,0,0,0,0,0,0,0
4077,43954,0,0,0,0,0,0,0,0,0,0,0,0,0,0
4078,43954,0,0,0,0,0,0,0,0,0,0,0,0,0,0
4079,43954,0,0,0,0,0,0,0,0,0,0,0,0,0,0
4080,43954,0,0,0,0,0,0,0,0,0,0,0,0,0,0
4081,43954,0,0,0,0,0,0,0,0,0,0,0,0,0,0
4082,43954,0,0,0,0,0,0,0,0,0,0,0,0,0,0
4083,43954,0,0,0,0,0,0,0,0,0,0,0,0,0,0
4084,43954,0,0,0,0,0,0,0,0,0,0,0,0,0,0
4085,43954,0,0,0,0,0,0,0,0,0,0,0,0,0,0
4086,43954,0,0,0,0,0,0,0,0,0,0,0,0,0,0
4087,43954,0,0,0,0,0,0,0,0,0,0,0,0,0,0
4088,43954,0,0,0,0,0,0,0,0,0,0,0,0,0,0
4089,43954,0,0,0,0,0,0,0,0,0,0,0,0,0,0
4090,43954,0,0,0,0,0,0,0,0,0,0,0,0,0,0
4091,43954,0,0,0,0,0,0,0,0,0,0,0,0,0,0
4092,43954,0,0,0,0,0,0,0,0,0,0,0,0,0,0
4093,43954,0,0,0,0,0,0,0,0,0,0,0,0,0,0
4094,43954,0,0,0,0,0,0,0,0,0,0,0,0,0,0
4095,43954,0,0,0,0,0,0,0,0,0,0,0,0,0,0
4096,43954,0,0,0,0,0,0,0,0,0,0,0,0,0,0
4097,43954,0,0,0,0,0,0,0,0,0,0,0,0,0,0
4098,43954,0,0,0,0,0,0,0,0,0,0,0,0,0,0
4099,43954,0,0,0,0,0,0,0,0,0,0,0,0,0,0
4100,43954,0,0,0,0,0,0,0,0,0,0,0,0,0,0
4101,43954,0,0,0,0,0,0,0,0,0,0,0,0,0,0
4102,43954,0,0,0,0,0,0,0,0,0,0,0,0,0,0
4103,43954,0,0,0,0,0,0,0,0,0,0,0,0,0,0
4104,43954,0,0,0,0,0,0,0,0,0,0,0,0,0,0
4105,43954,0,0,0,0,0,0,0,0,0,0,0,0,0,0
4106,43954,0,0,0,0,0,0,0,0,0,0,0,0,0,0
4107,43954,0,0,0,0,0,0,0,0,0,0,0,0,0,0
4108,43954,0,0,0,0,0,0,0,0,0,0,0,0,0,0
4109,43954,0,0,0,0,0,0,0,0,0,0,0,0,0,0
4110,43954,0,0,0,0,0,0,0,0,0,0,0,0,0,0
4111,43954,0,0,0,0,0,0,0,0,0,0,0,0,0,0
4112,43954,0,0,0,0,0,0,0,0,0,0,0,0,0,0
4113,43954,0,0,0,0,0,0,0,0,0,0,0,0,0,0
4114,43954,0,0,0,0,0,0,0,0,0,0,0,0,0,0
4115,43954,0,0,0,0,0,0,0,0,0,0,0,0,0,0
4116,43954,0,0,0,0,0,0,0,0,0,0,0,0,0,0
4117,43954,0,0,0,0,0,0,0,0,0,0,0,0,0,0
4118,43954,0,0,0,0,0,0,0,0,0,0,0,0,0,0
4119,43954,0,0,0,0,0,0,0,0,0,0,0,0,0,0
4120,43954,0,0,0,0,0,0,0,0,0,0,0,0,0,0
4121,43954,0,0,0,0,0,0,0,0,0,0,0,0,0,0
4122,43954,0,0,0,0,0,0,0,0,0,0,0,0,0,0
4123,43954,0,0,0,0,0,0,0,0,0,0,0,0,0,0
4124,43954,0,0,0,0,0,0,0,0,0,0,0,0,0,0
4125,43954,0,0,0,0,0,0,0,0,0,0,0,0,0,0
4126,43954,0,0,0,0,0,0,0,0,0,0,0,0,0,0
4127,43954,0,0,0,0,0,0,0,0,0,0,0,0,0,0
4128,43954,0,0,0,0,0,0,0,0,0,0,0,0,0,0
4129,43954,0,0,0,0,0,0,0,0,0,0,0,0,0,0
4130,43954,0,0,0,0,0,0,0,0,0,0,0,0,0,0
4131,43954,0,0,0,0,0,0,0,0,0,0,0,0,0,0
4132,43954,0,0,0,0,0,0,0,0,0,0,0,0,0,0
4133,43954,0,0,0,0,0,0,0,0,0,0,0,0,0,0
4134,43954,0,0,0,0,0,0,0,0,0,0,0,0,0,0
4135,43954,0,0,0,0,0,0,0,0,0,0,0,0,0,0
4136,43954,0,0,0,0,0,0,0,0,0,0,0,0,0,0
4137,43954,0,0,0,0,0,0,0,0,0,0,0,0,0,0
4138,43954,0,0,0,0,0,0,0,0,0,0,0,0,0,0
4139,43954,0,0,0,0,0,0,0,0,0,0,0,0,0,0
4140,43954,0,0,0,0,0,0,0,0,0,0,0,0,0,0
4141,43954,0,0,0,0,0,0,0,0,0,0,0,0,0,0
4142,43954,0,0,0,0,0,0,0,0,0,0,0,0,0,0
4143,43954,0,0,0,0,0,0,0,0,0,0,0,0,0,0
4144,43954,0,0,0,0,0,0,0,0,0,0,0,0,0,0
4145,43954,0,0,0,0,0,0,0,0,0,0,0,0,0,0
4146,43954,0,0,0,0,0,0,0,0,0,0,0,0,0,0
4147,43954,0,0,0,0,0,0,0,0,0,0,0,0,0,0
4148,43954,0,0,0,0,0,0,0,0,0,0,0,0,0,0
4149,43954,0,0,0,0,0,0,0,0,0,0,0,0,0,0
4150,43954,0,0,0,0,0,0,0,0,0,0,0,0,0,0
4151,43954,0,0,0,0,0,0,0,0,0,0,0,0,0,0
4152,43954,0,0,0,0,0,0,0,0,0,0,0,0,0,0
4153,43954,0,0,0,0,0,0,0,0,0,0,0,0,0,0
4154,43954,0,0,0,0,0,0,0,0,0,0,0,0,0,0
4155,43954,0,0,0,0,0,0,0,0,0,0,0,0,0,0
4156,43954,0,0,0,0,0,0,0,0,0,0,0,0,0,0
4157,43954,0,0,0,0,0,0,0,0,0,0,0,0,0,0
4158,43954,0,0,0,0,0,0,0,0,0,0,0,0,0,0
4159,43954,0,0,0,0,0,0,0,0,0,0,0,0,0,0
4160,43954,0,0,0,0,0,0,0,0,0,0,0,0,0,0
4161,43954,0,0,0,0,0,0,0,0,0,0,0,0,0,0
4162,43954,0,0,0,0,0,0,0,0,0,0,0,0,0,0
4163,43954,0,0,0,0,0,0,0,0,0,0,0,0,0,0
4164,43954,0,0,0,0,0,0,0,0,0,0,0,0,0,0
4165,43954,0,0,0,0,0,0,0,0,0,0,0,0,0,0
4166,43954,0,0,0,0,0,0,0,0,0,0,0,0,0,0
4167,43954,0,0,0,0,0,0,0,0,0,0,0,0,0,0
4168,43954,0,0,0,0,0,0,0,0,0,0,0,0,0,0
4169,43954,0,0,0,0,0,0,0,0,0,0,0,0,0,0
4170,43954,0,0,0,0,0,0,0,0,0,0,0,0,0,0
4171,43954,0,0,0,0,0,0,0,0,0,0,0,0,0,0
4172,43954,0,0,0,0,0,0,0,0,0,0,0,0,0,0
4173,43954,0,0,0,0,0,0,0,0,0,0,0,0,0,0
4174,43954,0,0,0,0,0,0,0,0,0,0,0,0,0,0
4175,43954,0,0,0,0,0,0,0,0,0,0,0,0,0,0
4176,43954,0,0,0,0,0,0,0,0,0,0,0,0,0,0
4177,43954,0,0,0,0,0,0,0,0,0,0,0,0,0,0
4178,43954,0,0,0,0,0,0,0,0,0,0,0,0,0,0
4179,43954,0,0,0,0,0,0,0,0,0,0,0,0,0,0
4180,43954,0,0,0,0,0,0,0,0,0,0,0,0,0,0
4181,43954,0,0,0,0,0,0,0,0,0,0,0,0,0,0
4182,43954,0,0,0,0,0,0,0,0,0,0,0,0,0,0
4183,43954,0,0,0,0,0,0,0,0,0,0,0,0,0,0
4184,43954,0,0,0,0,0,0,0,0,0,0,0,0,0,0
4185,43954,0,0,0,0,0,0,0,0,0,0,0,0,0,0
4186,43954,0,0,0,0,0,0,0,0,0,0,0,0,0,0
4187,43954,0,0,0,0,0,0,0,0,0,0,0,0,0,0
4188,43954,0,0,0,0,0,0,0,0,0,0,0,0,0,0
4189,43954,0,0,0,0,0,0,0,0,0,0,0,0,0,0
4190,43954,0,0,0,0,0,0,0,0,0,0,0,0,0,0
4191,43954,0,0,0,0,0,0,0,0,0,0,0,0,0,0
4192,43954,0,0,0,0,0,0,0,0,0,0,0,0,0,0
4193,43954,0,0,0,0,0,0,0,0,0,0,0,0,0,0
4194,43954,0,0,0,0,0,0,0,0,0,0,0,0,0,0
4195,43954,0,0,0,0,0,0,0,0,0,0,0,0,0,0
4196,43954,0,0,0,0,0,0,0,0,0,0,0,0,0,0
4197,43954,0,0,0,0,0,0,0,0,0,0,0,0,0,0
4198,43954,0,0,0,0,0,0,0,0,0,0,0,0,0,0
4199,43954,0,0,0,0,0,0,0,0,0,0,0,0,0,0
4200,43954,0,0,0,0,0,0,0,0,0,0,0,0,0,0
4201,43954,0,0,0,0,0,0,0,0,0,0,0,0,0,0
4202,43954,0,0,0,0,0,0,0,0,0,0,0,0,0,0
4203,43954,0,0,0,0,0,0,0,0,0,0,0,0,0,0
4204,43954,0,0,0,0,0,0,0,0,0,0,0,0,0,0
4205,43954,0,0,0,0,0,0,0,0,0,0,0,0,0,0
4206,43954,0,0,0,0,0,0,0,0,0,0,0,0,0,0
4207,43954,0,0,0,0,0,0,0,0,0,0,0,0,0,0
4208,43954,0,0,0,0,0,0,0,0,0,0,0,0,0,0
4209,43954,0,0,0,0,0,0,0,0,0,0,0,0,0,0
4210,43954,0,0,0,0,0,0,0,0,0,0,0,0,0,0
4211,43954,0,0,0,0,0,0,0,0,0,0,0,0,0,0
4212,43954,0,0,0,0,0,0,0,0,0,0,0,0,0,0
4213,43954,0,0,0,0,0,0,0,0,0,0,0,0,0,0
4214,43954,0,0,0,0,0,0,0,0,0,0,0,0,0,0
4215,43954,0,0,0,0,0,0,0,0,0,0,0,0,0,0
4216,43954,0,0,0,0,0,0,0,0,0,0,0,0,0,0
4217,43954,0,0,0,0,0,0,0,0,0,0,0,0,0,0
4218,43954,0,0,0,0,0,0,0,0,0,0,0,0,0,0
4219,43954,0,0,0,0,0,0,0,0,0,0,0,0,0,0
4220,43954,0,0,0,0,0,0,0,0,0,0,0,0,0,0
4221,43954,0,0,0,0,0,0,0,0,0,0,0,0,0,0
4222,43954,0,0,0,0,0,0,0,0,0,0,0,0,0,0
4223,43954,0,0,0,0,0,0,0,0,0,0,0,0,0,0
4224,43954,0,0,0,0,0,0,0,0,0,0,0,0,0,0
4225,43954,0,0,0,0,0,0,0,0,0,0,0,0,0,0
4226,43954,0,0,0,0,0,0,0,0,0,0,0,0,0,0
4227,43954,0,0,0,0,0,0,0,0,0,0,0,0,0,0
4228,43954,0,0,0,0,0,0,0,0,0,0,0,0,0,0
4229,43954,0,0,0,0,0,0,0,0,0,0,0,0,0,0
4230,43954,0,0,0,0,0,0,0,0,0,0,0,0,0,0
4231,43954,0,0,0,0,0,0,0,0,0,0,0,0,0,0
4232,43954,0,0,0,0,0,0,0,0,0,0,0,0,0,0
4233,43954,0,0,0,0,0,0,0,0,0,0,0,0,0,0
4234,43954,0,0,0,0,0,0,0,0,0,0,0,0,0,0
4235,43954,0,0,0,0,0,0,0,0,0,0,0,0,0,0
4236,43954,0,0,0,0,0,0,0,0,0,0,0,0,0,0
4237,43954,0,0,0,0,0,0,0,0,0,0,0,0,0,0
4238,43954,0,0,0,0,0,0,0,0,0,0,0,0,0,0
4239,43954,0,0,0,0,0,0,0,0,0,0,0,0,0,0
4240,43954,0,0,0,0,0,0,0,0,0,0,0,0,0,0
4241,43954,0,0,0,0,0,0,0,0,0,0,0,0,0,0
4242,43954,0,0,0,0,0,0,0,0,0,0,0,0,0,0
4243,43954,0,0,0,0,0,0,0,0,0,0,0,0,0,0
4244,43954,0,0,0,0,0,0,0,0,0,0,0,0,0,0
4245,43954,0,0,0,0,0,0,0,0,0,0,0,0,0,0
4246,43954,0,0,0,0,0,0,0,0,0,0,0,0,0,0
4247,43954,0,0,0,0,0,0,0,0,0,0,0,0,0,0
4248,43954,0,0,0,0,0,0,0,0,0,0,0,0,0,0
4249,43954,0,0,0,0,0,0,0,0,0,0,0,0,0,0
4250,43954,0,0,0,0,0,0,0,0,0,0,0,0,0,0
4251,43954,0,0,0,0,0,0,0,0,0,0,0,0,0,0
4252,43954,0,0,0,0,0,0,0,0,0,0,0,0,0,0
4253,43954,0,0,0,0,0,0,0,0,0,0,0,0,0,0
4254,43954,0,0,0,0,0,0,0,0,0,0,0,0,0,0
4255,43954,0,0,0,0,0,0,0,0,0,0,0,0,0,0
4256,43954,0,0,0,0,0,0,0,0,0,0,0,0,0,0
4257,43954,0,0,0,0,0,0,0,0,0,0,0,0,0,0
4258,43954,0,0,0,0,0,0,0,0,0,0,0,0,0,0
4259,43954,0,0,0,0,0,0,0,0,0,0,0,0,0,0
4260,43954,0,0,0,0,0,0,0,0,0,0,0,0,0,0
4261,43954,0,0,0,0,0,0,0,0,0,0,0,0,0,0
4262,43954,0,0,0,0,0,0,0,0,0,0,0,0,0,0
4263,43954,0,0,0,0,0,0,0,0,0,0,0,0,0,0
4264,43954,0,0,0,0,0,0,0,0,0,0,0,0,0,0
4265,43954,0,0,0,0,0,0,0,0,0,0,0,0,0,0
4266,43954,0,0,0,0,0,0,0,0,0,0,0,0,0,0
4267,43954,0,0,0,0,0,0,0,0,0,0,0,0,0,0
4268,43954,0,0,0,0,0,0,0,0,0,0,0,0,0,0
4269,43954,0,0,0,0,0,0,0,0,0,0,0,0,0,0
4270,43954,0,0,0,0,0,0,0,0,0,0,0,0,0,0
4271,43954,0,0,0,0,0,0,0,0,0,0,0,0,0,0
4272,43954,0,0,0,0,0,0,0,0,0,0,0,0,0,0
4273,43954,0,0,0,0,0,0,0,0,0,0,0,0,0,0
4274,43954,0,0,0,0,0,0,0,0,0,0,0,0,0,0
4275,43954,0,0,0,0,0,0,0,0,0,0,0,0,0,0
4276,43954,0,0,0,0,0,0,0,0,0,0,0,0,0,0
4277,43954,0,0,0,0,0,0,0,0,0,0,0,0,0,0
4278,43954,0,0,0,0,0,0,0,0,0,0,0,0,0,0
4279,43954,0,0,0,0,0,0,0,0,0,0,0,0,0,0
4280,43954,0,0,0,0,0,0,0,0,0,0,0,0,0,0
4281,43954,0,0,0,0,0,0,0,0,0,0,0,0,0,0
4282,43954,0,0,0,0,0,0,0,0,0,0,0,0,0,0
4283,43954,0,0,0,0,0,0,0,0,0,0,0,0,0,0
4284,43954,0,0,0,0,0,0,0,0,0,0,0,0,0,0
4285,43954,0,0,0,0,0,0,0,0,0,0,0,0,0,0
4286,43954,0,0,0,0,0,0,0,0,0,0,0,0,0,0
4287,43954,0,0,0,0,0,0,0,0,0,0,0,0,0,0
4288,43954,0,0,0,0,0,0,0,0,0,0,0,0,0,0
4289,43954,0,0,0,0,0,0,0,0,0,0,0,0,0,0
4290,43954,0,0,0,0,0,0,0,0,0,0,0,0,0,0
4291,43954,0,0,0,0,0,0,0,0,0,0,0,0,0,0
4292,43954,0,0,0,0,0,0,0,0,0,0,0,0,0,0
4293,43954,0,0,0,0,0,0,0,0,0,0,0,0,0,0
4294,43954,0,0,0,0,0,0,0,0,0,0,0,0,0,0
4295,43954,0,0,0,0,0,0,0,0,0,0,0,0,0,0
4296,43954,0,0,0,0,0,0,0,0,0,0,0,0,0,0
4297,43954,0,0,0,0,0,0,0,0,0,0,0,0,0,0
4298,43954,0,0,0,0,0,0,0,0,0,0,0,0,0,0
4299,43954,0,0,0,0,0,0,0,0,0,0,0,0,0,0
4300,43954,0,0,0,0,0,0,0,0,0,0,0,0,0,0
4301,43954,0,0,0,0,0,0,0,0,0,0,0,0,0,0
4302,43954,0,0,0,0,0,0,0,0,0,0,0,0,0,0
4303,43954,0,0,0,0,0,0,0,0,0,0,0,0,0,0
4304,43954,0,0,0,0,0,0,0,0,0,0,0,0,0,0
4305,43954,0,0,0,0,0,0,0,0,0,0,0,0,0,0
4306,43954,0,0,0,0,0,0,0,0,0,0,0,0,0,0
4307,43954,0,0,0,0,0,0,0,0,0,0,0,0,0,0
