0000ABB2
00000000
00000000
00000000
00000000
00000000
00000000
00000000
0000ABB2
00000000
00000000
00000000
00000000
00000000
00000000
00000000
0000ABB2
00000000
00000000
00000000
00000000
00000000
00000000
00000000
0000ABB2
00000000
00000000
00000000
00000000
00000000
00000000
00000000
0000ABB2
00000000
00000000
00000000
00000000
00000000
00000000
00000000
0000ABB2
00000000
00000000
00000000
00000000
00000000
00000000
00000000
0000ABB2
00000000
00000000
00000000
00000000
00000000
00000000
00000000
0000ABB2
00000000
00000000
00000000
00000000
00000000
00000000
00000000
0000ABB2
00000000
00000000
00000000
00000000
00000000
00000000
00000000
0000ABB2
00000000
00000000
00000000
00000000
00000000
00000000
00000000
0000ABB2
00000000
00000000
00000000
00000000
00000000
00000000
00000000
0000ABB2
00000000
00000000
00000000
00000000
00000000
00000000
00000000
0000ABB2
00000000
00000000
00000000
00000000
00000000
00000000
00000000
0000ABB2
00000000
00000000
00000000
00000000
00000000
00000000
00000000
0000ABB2
00000000
00000000
00000000
00000000
00000000
00000000
00000000
0000ABB2
00000000
00000000
00000000
00000000
00000000
00000000
00000000
0000ABB2
00000000
00000000
00000000
00000000
00000000
00000000
00000000
0000ABB2
00000000
00000000
00000000
00000000
00000000
00000000
00000000
0000ABB2
00000000
00000000
00000000
00000000
00000000
00000000
00000000
0000ABB2
00000000
00000000
00000000
00000000
00000000
00000000
00000000
0000ABB2
00000000
00000000
00000000
00000000
00000000
00000000
00000000
0000ABB2
00000000
00000000
00000000
00000000
00000000
00000000
00000000
0000ABB2
00000000
00000000
00000000
00000000
00000000
00000000
00000000
0000ABB2
00000000
00000000
00000000
00000000
00000000
00000000
00000000
0000ABB2
00000000
00000000
00000000
00000000
00000000
00000000
00000000
0000ABB2
00000000
00000000
00000000
00000000
00000000
00000000
00000000
0000ABB2
00000000
00000000
00000000
00000000
00000000
00000000
00000000
0000ABB2
00000000
00000000
00000000
00000000
00000000
00000000
00000000
0000ABB2
00000000
00000000
00000000
00000000
00000000
00000000
00000000
0000ABB2
00000000
00000000
00000000
00000000
00000000
00000000
00000000
0000ABB2
00000000
00000000
00000000
00000000
00000000
00000000
00000000
0000ABB2
00000000
00000000
00000000
00000000
00000000
00000000
00000000
0000ABB2
00000000
00000000
00000000
00000000
00000000
00000000
00000000
0000ABB2
00000000
00000000
00000000
00000000
00000000
00000000
00000000
0000ABB2
00000000
00000000
00000000
00000000
00000000
00000000
00000000
0000ABB2
00000000
00000000
00000000
00000000
00000000
00000000
00000000
0000ABB2
00000000
00000000
00000000
00000000
00000000
00000000
00000000
0000ABB2
00000000
00000000
00000000
00000000
00000000
00000000
00000000
0000ABB2
00000000
00000000
00000000
00000000
00000000
00000000
00000000
0000ABB2
00000000
00000000
00000000
00000000
00000000
00000000
00000000
0000ABB2
00000000
00000000
00000000
00000000
00000000
00000000
00000000
0000ABB2
00000000
00000000
00000000
00000000
00000000
00000000
00000000
0000ABB2
00000000
00000000
00000000
00000000
00000000
00000000
00000000
0000ABB2
00000000
00000000
00000000
00000000
00000000
00000000
00000000
0000ABB2
00000000
00000000
00000000
00000000
00000000
00000000
00000000
0000ABB2
00000000
00000000
00000000
00000000
00000000
00000000
00000000
0000ABB2
00000000
00000000
00000000
00000000
00000000
00000000
00000000
0000ABB2
00000000
00000000
00000000
00000000
00000000
00000000
00000000
0000ABB2
00000000
00000000
00000000
00000000
00000000
00000000
00000000
0000ABB2
00000000
00000000
00000000
00000000
00000000
00000000
00000000
0000ABB2
00000000
00000000
00000000
00000000
00000000
00000000
00000000
0000ABB2
00000000
00000000
00000000
00000000
00000000
00000000
00000000
0000ABB2
00000000
00000000
00000000
00000000
00000000
00000000
00000000
0000ABB2
00000000
00000000
00000000
00000000
00000000
00000000
00000000
0000ABB2
00000000
00000000
00000000
00000000
00000000
00000000
00000000
0000ABB2
00000000
00000000
00000000
00000000
00000000
00000000
00000000
0000ABB2
00000000
00000000
00000000
00000000
00000000
00000000
00000000
0000ABB2
00000000
00000000
00000000
00000000
00000000
00000000
00000000
0000ABB2
00000000
00000000
00000000
00000000
00000000
00000000
00000000
0000ABB2
00000000
00000000
00000000
00000000
00000000
00000000
00000000
0000ABB2
00000000
00000000
00000000
00000000
00000000
00000000
00000000
0000ABB2
00000000
00000000
00000000
00000000
00000000
00000000
00000000
0000ABB2
00000000
00000000
00000000
00000000
00000000
00000000
00000000
0000ABB2
00000000
00000000
00000000
00000000
00000000
00000000
00000000
0000ABB2
00000000
00000000
00000000
00000000
00000000
00000000
00000000
0000ABB2
00000000
00000000
00000000
00000000
00000000
00000000
00000000
0000ABB2
00000000
00000000
00000000
00000000
00000000
00000000
00000000
0000ABB2
00000000
00000000
00000000
00000000
00000000
00000000
00000000
0000ABB2
00000000
00000000
00000000
00000000
00000000
00000000
00000000
0000ABB2
00000000
00000000
00000000
00000000
00000000
00000000
00000000
0000ABB2
00000000
00000000
00000000
00000000
00000000
00000000
00000000
0000ABB2
00000000
00000000
00000000
00000000
00000000
00000000
00000000
0000ABB2
00000000
00000000
00000000
00000000
00000000
00000000
00000000
0000ABB2
00000000
00000000
00000000
00000000
00000000
00000000
00000000
0000ABB2
00000000
00000000
00000000
00000000
00000000
00000000
00000000
0000ABB2
00000000
00000000
00000000
00000000
00000000
00000000
00000000
0000ABB2
00000000
00000000
00000000
00000000
00000000
00000000
00000000
0000ABB2
00000000
00000000
00000000
00000000
00000000
00000000
00000000
0000ABB2
00000000
00000000
00000000
00000000
00000000
00000000
00000000
0000ABB2
00000000
00000000
00000000
00000000
00000000
00000000
00000000
0000ABB2
00000000
00000000
00000000
00000000
00000000
00000000
00000000
0000ABB2
00000000
00000000
00000000
00000000
00000000
00000000
00000000
0000ABB2
00000000
00000000
00000000
00000000
00000000
00000000
00000000
0000ABB2
00000000
00000000
00000000
00000000
00000000
00000000
00000000
0000ABB2
00000000
00000000
00000000
00000000
00000000
00000000
00000000
0000ABB2
00000000
00000000
00000000
00000000
00000000
00000000
00000000
0000ABB2
00000000
00000000
00000000
00000000
00000000
00000000
00000000
0000ABB2
00000000
00000000
00000000
00000000
00000000
00000000
00000000
0000ABB2
00000000
00000000
00000000
00000000
00000000
00000000
00000000
0000ABB2
00000000
00000000
00000000
00000000
00000000
00000000
00000000
0000ABB2
00000000
00000000
00000000
00000000
00000000
00000000
00000000
0000ABB2
00000000
00000000
00000000
00000000
00000000
00000000
00000000
0000ABB2
00000000
00000000
00000000
00000000
00000000
00000000
00000000
0000ABB2
00000000
00000000
00000000
00000000
00000000
00000000
00000000
0000ABB2
00000000
00000000
00000000
00000000
00000000
00000000
00000000
0000ABB2
00000000
00000000
00000000
00000000
00000000
00000000
00000000
0000ABB2
00000000
00000000
00000000
00000000
00000000
00000000
00000000
0000ABB2
00000000
00000000
00000000
00000000
00000000
00000000
00000000
0000ABB2
00000000
00000000
00000000
00000000
00000000
00000000
00000000
0000ABB2
00000000
00000000
00000000
00000000
00000000
00000000
00000000
0000C7A2
000008D4
0000005D
00000000
00000000
005D0000
00000000
00000000
000131E0
00002C02
0006008A
00000000
00000000
008A0000
0000005D
00000000
0001E7F1
000067BD
00000142
00000002
00000000
01420000
000000E7
00000000
00030C13
0000C77B
0000027C
000E0004
00000000
027C0000
00000229
00000000
00028C88
00009D12
00000268
001D0001
00000002
02680000
000004A5
00000000
00019E35
00004F09
0000015A
00090001
00020000
015A0000
0000070D
00000000
00017A00
00004396
000000E3
00020000
00000000
00E30000
00000867
00000000
0001001F
00001BA3
00000061
00020000
00000000
00610000
0000094A
00000000
0000DDE7
0000106F
0000003A
00020000
00010000
003A0000
000009AB
00000000
0000E3C5
00001255
00000045
00010000
00010000
00450000
000009E5
00000000
0000D0D0
00000C1A
00000034
00000000
00000000
00340000
00000A2A
00000000
0000C05D
000006C1
0000001A
00000000
00000000
001A0000
00000A5E
00000000
0000B338
00000272
0000000C
00000000
00000000
000C0000
00000A78
00000000
0000B0C6
000001A8
00000007
00000000
00000000
00070000
00000A84
00000000
0000C127
00000707
00000018
00000000
00000000
00180000
00000A8B
00000000
0000B1B1
000001F1
0000000B
00000000
00000000
000B0000
00000AA3
00000000
0000B2C1
0000024D
0000000A
00000000
00000000
000A0000
00000AAE
00000000
0000AC7D
00000041
00000002
00000000
00000000
00020000
00000AB8
00000000
0000B0B0
000001A2
00000006
00000000
00000000
00060000
00000ABA
00000000
0000ABB2
00000000
00000000
00000000
00000000
00000000
00000AC0
00000000
0000ABB2
00000000
00000000
00000000
00000000
00000000
00000AC0
00000000
0000ABB2
00000000
00000000
00000000
00000000
00000000
00000AC0
00000000
0000ABB2
00000000
00000000
00000000
00000000
00000000
00000AC0
00000000
0000ABB2
00000000
00000000
00000000
00000000
00000000
00000AC0
00000000
0000ABB2
00000000
00000000
00000000
00000000
00000000
00000AC0
00000000
0000ABB2
00000000
00000000
00000000
00000000
00000000
00000AC0
00000000
0000ABB2
00000000
00000000
00000000
00000000
00000000
00000AC0
00000000
0000ABB2
00000000
00000000
00000000
00000000
00000000
00000AC0
00000000
0000ABB2
00000000
00000000
00000000
00000000
00000000
00000AC0
00000000
0000ABB2
00000000
00000000
00000000
00000000
00000000
00000AC0
00000000
0000ABB2
00000000
00000000
00000000
00000000
00000000
00000AC0
00000000
0000ABB2
00000000
00000000
00000000
00000000
00000000
00000AC0
00000000
0000ABB2
00000000
00000000
00000000
00000000
00000000
00000AC0
00000000
0000ABB2
00000000
00000000
00000000
00000000
00000000
00000AC0
00000000
0000ABB2
00000000
00000000
00000000
00000000
00000000
00000AC0
00000000
0000C4D5
000007F1
00000054
00000000
00000000
00540000
00000AC0
00000000
000112E8
000021D2
00040070
00000000
00000000
00700000
00000B14
00000000
000172D4
0000414E
000000CE
00000000
00000000
00CE0000
00000B84
00000000
000194C5
00004CB1
000000C0
00020004
00000000
00C00000
00000C52
00000000
0001AB63
000053DB
00000108
00170001
00000000
01080000
00000D12
00000000
00019BA7
00004E6B
0000012D
000C0000
00000002
012D0000
00000E1A
00000000
00014348
00003172
000000D0
00010000
00000000
00D00000
00000F47
00000000
00012F17
00002AFB
0000009D
00010000
00000000
009D0000
00001017
00000000
0000EE39
000015C9
0000004B
00000000
00000000
004B0000
000010B4
00000000
0000C4E0
0000082E
00000029
00000000
00000000
00290000
000010FF
00000000
0000CE56
00000B6C
00000018
00000000
00000000
00180000
00001128
00000000
0000BBFE
00000560
0000000B
00000000
00000000
000B0000
00001140
00000000
0000B1C5
000001F9
0000000A
00000000
00000000
000A0000
0000114B
00000000
0000B309
00000261
0000000D
00000000
00000000
000D0000
00001155
00000000
0000B6CA
000003A0
0000000E
00000000
00000000
000E0000
00001162
00000000
0000C195
00000735
00000011
00000000
00000000
00110000
00001170
00000000
0000B428
000002C6
00000009
00000000
00000000
00090000
00001181
00000000
0000AD3E
00000080
00000003
00000000
00000000
00030000
0000118A
00000000
0000B529
00000319
0000000B
00000000
00000000
000B0000
0000118D
00000000
0000B393
00000297
00000007
00000000
00000000
00070000
00001198
00000000
0000BDBA
000005F4
0000000B
00000000
00000000
000B0000
0000119F
00000000
0000C21D
0000075D
00000015
00000000
00000000
00150000
000011AA
00000000
0000BBE8
0000054E
00000013
00000000
00000000
00130000
000011BF
00000000
0000B61B
0000036B
0000000A
00000000
00000000
000A0000
000011D2
00000000
0000B349
00000285
00000002
00000000
00000000
00020000
000011DC
00000000
0000ABB2
00000000
00000000
00000000
00000000
00000000
000011DE
00000000
0000ABB2
00000000
00000000
00000000
00000000
00000000
000011DE
00000000
0000ABB2
00000000
00000000
00000000
00000000
00000000
000011DE
00000000
0000ABB2
00000000
00000000
00000000
00000000
00000000
000011DE
00000000
0000ABB2
00000000
00000000
00000000
00000000
00000000
000011DE
00000000
0000ABB2
00000000
00000000
00000000
00000000
00000000
000011DE
00000000
0000ABB2
00000000
00000000
00000000
00000000
00000000
000011DE
00000000
0000ABB2
00000000
00000000
00000000
00000000
00000000
000011DE
00000000
0000ABB2
00000000
00000000
00000000
00000000
00000000
000011DE
00000000
0000ABB2
00000000
00000000
00000000
00000000
00000000
000011DE
00000000
0000C6D6
00000894
0000005A
00000000
00000000
005A0000
000011DE
00000000
0001168A
00002304
00040073
00000000
00000000
00730000
00001238
00000000
0001533A
000036D8
000000C0
00000001
00000000
00C00000
000012AB
00000000
000186F5
0000481D
000000BB
00040003
00000000
00BB0000
0000136B
00000000
00019018
00004AEE
000000E7
00110000
00000000
00E70000
00001426
00000000
000144EF
00003223
000000B5
00080000
00000000
00B50000
0000150D
00000000
0001131B
000021C3
00000088
00040000
00000002
00880000
000015C2
00000000
0001382B
00002E0B
00000096
00000000
00000000
00960000
0000164A
00000000
0000F0AC
00001686
0000005A
00010000
00000000
005A0000
000016E0
00000000
0000C6ED
000008DD
00000029
00000000
00000000
00290000
0000173A
00000000
0000BA51
000004C9
00000011
00000000
00000000
00110000
00001763
00000000
0000AE5D
000000DD
00000005
00000000
00000000
00050000
00001774
00000000
0000B6E8
000003AE
0000000B
00000000
00000000
000B0000
00001779
00000000
0000C31B
000007B3
00000014
00000000
00000000
00140000
00001784
00000000
0000BB52
00000528
0000000A
00000000
00000000
000A0000
00001798
00000000
0000AF1C
0000011E
00000004
00000000
00000000
00040000
000017A2
00000000
0000ABB2
00000000
00000000
00000000
00000000
00000000
000017A6
00000000
0000ABB2
00000000
00000000
00000000
00000000
00000000
000017A6
00000000
0000ABB2
00000000
00000000
00000000
00000000
00000000
000017A6
00000000
0000ABB2
00000000
00000000
00000000
00000000
00000000
000017A6
00000000
0000ABB2
00000000
00000000
00000000
00000000
00000000
000017A6
00000000
0000ABB2
00000000
00000000
00000000
00000000
00000000
000017A6
00000000
0000ABB2
00000000
00000000
00000000
00000000
00000000
000017A6
00000000
0000ABB2
00000000
00000000
00000000
00000000
00000000
000017A6
00000000
0000ABB2
00000000
00000000
00000000
00000000
00000000
000017A6
00000000
0000ABB2
00000000
00000000
00000000
00000000
00000000
000017A6
00000000
0000ABB2
00000000
00000000
00000000
00000000
00000000
000017A6
00000000
0000ABB2
00000000
00000000
00000000
00000000
00000000
000017A6
00000000
0000ABB2
00000000
00000000
00000000
00000000
00000000
000017A6
00000000
0000ABB2
00000000
00000000
00000000
00000000
00000000
000017A6
00000000
0000ABB2
00000000
00000000
00000000
00000000
00000000
000017A6
00000000
0000ABB2
00000000
00000000
00000000
00000000
00000000
000017A6
00000000
0000ABB2
00000000
00000000
00000000
00000000
00000000
000017A6
00000000
0000ABB2
00000000
00000000
00000000
00000000
00000000
000017A6
00000000
0000ABB2
00000000
00000000
00000000
00000000
00000000
000017A6
00000000
0000C5C2
0000083C
00000057
00000000
00000000
00570000
000017A6
00000000
0001192D
000023E1
00040076
00000000
00000000
00760000
000017FD
00000000
00016C0C
00003F0E
000000CC
00000000
00000000
00CC0000
00001873
00000000
000199E0
00004E26
000000EF
00010005
00000000
00EF0000
0000193F
00000000
0001CDE3
00005F33
00000126
001A0000
00000000
01260000
00001A2E
00000000
0001B776
000057B0
0000012D
00100000
00000001
012D0000
00001B54
00000000
00014D59
000034D1
000000CD
00030000
00000001
00CD0000
00001C81
00000000
00013615
00002D51
0000009C
00000000
00000000
009C0000
00001D4E
00000000
0000DD14
0000101A
00000045
00010000
00000000
00450000
00001DEA
00000000
0000CF41
00000BA9
00000025
00000000
00000000
00250000
00001E2F
00000000
0000BFA3
00000687
00000017
00000000
00000000
00170000
00001E54
00000000
0000C022
000006AC
0000001B
00000000
00000000
001B0000
00001E6B
00000000
0000CE9B
00000B73
00000024
00000000
00000000
00240000
00001E86
00000000
0000CB51
00000A65
0000001C
00000000
00000000
001C0000
00001EAA
00000000
0000B16F
000001E3
00000005
00000000
00000000
00050000
00001EC6
00000000
0000ABB2
00000000
00000000
00000000
00000000
00000000
00001ECB
00000000
0000ABB2
00000000
00000000
00000000
00000000
00000000
00001ECB
00000000
0000ABB2
00000000
00000000
00000000
00000000
00000000
00001ECB
00000000
0000ABB2
00000000
00000000
00000000
00000000
00000000
00001ECB
00000000
0000ABB2
00000000
00000000
00000000
00000000
00000000
00001ECB
00000000
0000ABB2
00000000
00000000
00000000
00000000
00000000
00001ECB
00000000
0000ABB2
00000000
00000000
00000000
00000000
00000000
00001ECB
00000000
0000ABB2
00000000
00000000
00000000
00000000
00000000
00001ECB
00000000
0000ABB2
00000000
00000000
00000000
00000000
00000000
00001ECB
00000000
0000ABB2
00000000
00000000
00000000
00000000
00000000
00001ECB
00000000
0000ABB2
00000000
00000000
00000000
00000000
00000000
00001ECB
00000000
0000ABB2
00000000
00000000
00000000
00000000
00000000
00001ECB
00000000
0000ABB2
00000000
00000000
00000000
00000000
00000000
00001ECB
00000000
0000ABB2
00000000
00000000
00000000
00000000
00000000
00001ECB
00000000
0000ABB2
00000000
00000000
00000000
00000000
00000000
00001ECB
00000000
0000ABB2
00000000
00000000
00000000
00000000
00000000
00001ECB
00000000
0000ABB2
00000000
00000000
00000000
00000000
00000000
00001ECB
00000000
0000ABB2
00000000
00000000
00000000
00000000
00000000
00001ECB
00000000
0000ABB2
00000000
00000000
00000000
00000000
00000000
00001ECB
00000000
0000ABB2
00000000
00000000
00000000
00000000
00000000
00001ECB
00000000
0000C713
000008A7
0000005B
00000000
00000000
005B0000
00001ECB
00000000
0001187A
000023A8
00040074
00000000
00000000
00740000
00001F26
00000000
00016199
00003B95
000000CA
00000001
00000000
00CA0000
00001F9A
00000000
0001D728
00006262
00000114
000B0005
00000000
01140000
00002064
00000000
0001E64B
0000670F
0000015B
00140000
00000000
015B0000
00002178
00000000
00018B97
00004933
00000113
000A0000
00000002
01130000
000022D3
00000000
00015CB0
000039E2
000000D6
00040000
00000000
00D60000
000023E6
00000000
0001198B
000023EF
00000083
00010000
00000000
00830000
000024BC
00000000
0000F8BA
00001940
00000052
00000000
00000000
00520000
0000253F
00000000
0000CFCD
00000BD1
0000002A
00000000
00000000
002A0000
00002591
00000000
0000E9E8
0000146A
0000003E
00000000
00000000
003E0000
000025BB
00000000
0000E365
00001249
00000036
00000000
00000000
00360000
000025F9
00000000
0000CFEC
00000BDE
00000028
00000000
00000000
00280000
0000262F
00000000
0000CE55
00000B61
00000020
00000000
00000000
00200000
00002657
00000000
0000C23D
0000076D
00000011
00000000
00000000
00110000
00002677
00000000
0000B743
000003CB
0000000C
00000000
00000000
000C0000
00002688
00000000
0000B565
0000032D
0000000B
00000000
00000000
000B0000
00002694
00000000
0000B24C
00000226
0000000A
00000000
00000000
000A0000
0000269F
00000000
0000B8F9
00000459
0000000F
00000000
00000000
000F0000
000026A9
00000000
0000B946
00000478
0000000B
00000000
00000000
000B0000
000026B8
00000000
0000B50B
0000030B
0000000E
00000000
00000000
000E0000
000026C3
00000000
0000BCE7
000005AF
0000000A
00000000
00000000
000A0000
000026D1
00000000
0000ABB2
00000000
00000000
00000000
00000000
00000000
000026DB
00000000
0000ABB2
00000000
00000000
00000000
00000000
00000000
000026DB
00000000
0000ABB2
00000000
00000000
00000000
00000000
00000000
000026DB
00000000
0000ABB2
00000000
00000000
00000000
00000000
00000000
000026DB
00000000
0000ABB2
00000000
00000000
00000000
00000000
00000000
000026DB
00000000
0000ABB2
00000000
00000000
00000000
00000000
00000000
000026DB
00000000
0000ABB2
00000000
00000000
00000000
00000000
00000000
000026DB
00000000
0000ABB2
00000000
00000000
00000000
00000000
00000000
000026DB
00000000
0000ABB2
00000000
00000000
00000000
00000000
00000000
000026DB
00000000
0000ABB2
00000000
00000000
00000000
00000000
00000000
000026DB
00000000
0000ABB2
00000000
00000000
00000000
00000000
00000000
000026DB
00000000
0000ABB2
00000000
00000000
00000000
00000000
00000000
000026DB
00000000
0000ABB2
00000000
00000000
00000000
00000000
00000000
000026DB
00000000
0000C5FB
0000084F
00000057
00000000
00000000
00570000
000026DB
00000000
00011408
0000222E
00030073
00000000
00000000
00730000
00002732
00000000
00015A1C
00003922
000000C1
00000000
00000000
00C10000
000027A5
00000000
000185D9
000047A9
000000CB
00010005
00000000
00CB0000
00002866
00000000
0001A98F
0000534F
000000FC
00130000
00000000
00FC0000
00002931
00000000
000133EA
00002C90
000000A2
000A0000
00000000
00A20000
00002A2D
00000000
00010AD7
00001EF3
00000093
00040000
00000002
00930000
00002ACF
00000000
00013DDC
00002FEA
0000009B
00010000
00000000
009B0000
00002B62
00000000
0000E9AF
00001437
00000056
00020000
00000000
00560000
00002BFD
00000000
0000D9EE
00000F0C
00000046
00000000
00000000
00460000
00002C53
00000000
0000C5F9
00000899
0000001F
00000000
00000000
001F0000
00002C99
00000000
0000AFA1
00000145
00000008
00000000
00000000
00080000
00002CB8
00000000
0000B037
00000177
00000008
00000000
00000000
00080000
00002CC0
00000000
0000B295
00000241
00000008
00000000
00000000
00080000
00002CC8
00000000
0000B33C
0000027A
00000007
00000000
00000000
00070000
00002CD0
00000000
0000B3C8
000002AA
00000006
00000000
00000000
00060000
00002CD7
00000000
0000ABB2
00000000
00000000
00000000
00000000
00000000
00002CDD
00000000
0000ABB2
00000000
00000000
00000000
00000000
00000000
00002CDD
00000000
0000ABB2
00000000
00000000
00000000
00000000
00000000
00002CDD
00000000
0000ABB2
00000000
00000000
00000000
00000000
00000000
00002CDD
00000000
0000ABB2
00000000
00000000
00000000
00000000
00000000
00002CDD
00000000
0000ABB2
00000000
00000000
00000000
00000000
00000000
00002CDD
00000000
0000ABB2
00000000
00000000
00000000
00000000
00000000
00002CDD
00000000
0000ABB2
00000000
00000000
00000000
00000000
00000000
00002CDD
00000000
0000ABB2
00000000
00000000
00000000
00000000
00000000
00002CDD
00000000
0000ABB2
00000000
00000000
00000000
00000000
00000000
00002CDD
00000000
0000ABB2
00000000
00000000
00000000
00000000
00000000
00002CDD
00000000
0000ABB2
00000000
00000000
00000000
00000000
00000000
00002CDD
00000000
0000ABB2
00000000
00000000
00000000
00000000
00000000
00002CDD
00000000
0000ABB2
00000000
00000000
00000000
00000000
00000000
00002CDD
00000000
0000ABB2
00000000
00000000
00000000
00000000
00000000
00002CDD
00000000
0000ABB2
00000000
00000000
00000000
00000000
00000000
00002CDD
00000000
0000ABB2
00000000
00000000
00000000
00000000
00000000
00002CDD
00000000
0000ABB2
00000000
00000000
00000000
00000000
00000000
00002CDD
00000000
0000ABB2
00000000
00000000
00000000
00000000
00000000
00002CDD
00000000
0000C74D
000008B9
0000005C
00000000
00000000
005C0000
00002CDD
00000000
0001193D
000023E9
00040074
00000000
00000000
00740000
00002D39
00000000
000186BE
000047CC
000000EA
00000001
00000000
00EA0000
00002DAD
00000000
0001DA7B
0000636B
00000122
00050004
00000000
01220000
00002E97
00000000
00021917
000077C7
00000184
001B0001
00000000
01840000
00002FB9
00000000
0001953A
00004C30
0000013E
000B0000
00000002
013E0000
0000313D
00000000
0001696D
00003E09
000000E8
00020001
00000000
00E80000
0000327B
00000000
00012A4C
00002966
0000009A
00000000
00000000
009A0000
00003363
00000000
0000E88C
000013E6
0000004A
00000000
00000000
004A0000
000033FD
00000000
0000FE0D
00001AF5
0000005F
00000000
00000000
005F0000
00003447
00000000
0000D2B9
00000CBD
00000034
00000000
00000000
00340000
000034A6
00000000
0000C4E1
00000839
00000021
00000000
00000000
00210000
000034DA
00000000
0000B706
000003AC
00000014
00000000
00000000
00140000
000034FB
00000000
0000B67B
0000037F
00000013
00000000
00000000
00130000
0000350F
00000000
0000BEFC
00000652
00000015
00000000
00000000
00150000
00003522
00000000
0000C1F9
00000755
00000012
00000000
00000000
00120000
00003537
00000000
0000C4DC
00000842
00000019
00000000
00000000
00190000
00003549
00000000
0000B2D0
00000256
00000007
00000000
00000000
00070000
00003562
00000000
0000AC74
0000003E
00000002
00000000
00000000
00020000
00003569
00000000
0000ABB2
00000000
00000000
00000000
00000000
00000000
0000356B
00000000
0000ABB2
00000000
00000000
00000000
00000000
00000000
0000356B
00000000
0000ABB2
00000000
00000000
00000000
00000000
00000000
0000356B
00000000
0000ABB2
00000000
00000000
00000000
00000000
00000000
0000356B
00000000
0000ABB2
00000000
00000000
00000000
00000000
00000000
0000356B
00000000
0000ABB2
00000000
00000000
00000000
00000000
00000000
0000356B
00000000
0000ABB2
00000000
00000000
00000000
00000000
00000000
0000356B
00000000
0000ABB2
00000000
00000000
00000000
00000000
00000000
0000356B
00000000
0000ABB2
00000000
00000000
00000000
00000000
00000000
0000356B
00000000
0000ABB2
00000000
00000000
00000000
00000000
00000000
0000356B
00000000
0000ABB2
00000000
00000000
00000000
00000000
00000000
0000356B
00000000
0000ABB2
00000000
00000000
00000000
00000000
00000000
0000356B
00000000
0000ABB2
00000000
00000000
00000000
00000000
00000000
0000356B
00000000
0000ABB2
00000000
00000000
00000000
00000000
00000000
0000356B
00000000
0000ABB2
00000000
00000000
00000000
00000000
00000000
0000356B
00000000
0000ABB2
00000000
00000000
00000000
00000000
00000000
0000356B
00000000
0000C533
0000080F
00000055
00000000
00000000
00550000
0000356B
00000000
00011339
000021ED
00040070
00000000
00000000
00700000
000035C0
00000000
0001585C
0000388A
000000C3
00000000
00000000
00C30000
00003630
00000000
00019D4C
00004F72
000000D1
00030005
00000000
00D10000
000036F3
00000000
0001D219
00006081
00000139
00170001
00000000
01390000
000037C4
00000000
00018A3C
000048C6
0000010E
000E0000
00000001
010E0000
000038FD
00000000
00017184
000040AA
000000F5
00040000
00000001
00F50000
00003A0B
00000000
00013A43
00002EA7
000000A7
00000000
00000000
00A70000
00003B00
00000000
0000F6B2
00001888
0000005A
00020000
00000001
005A0000
00003BA7
00000000
0000EA98
00001482
00000058
00000000
00000000
00580000
00003C01
00000000
0000C5F7
00000887
0000002C
00000000
00000000
002C0000
00003C59
00000000
0000BFE9
00000691
00000021
00000000
00000001
00210000
00003C85
00000000
0000C1F3
0000073B
00000024
00000000
00000000
00240000
00003CA6
00000000
0000C576
00000864
00000026
00000000
00000000
00260000
00003CCA
00000000
0000BC2C
00000566
00000012
00000000
00000000
00120000
00003CF0
00000000
0000B1BA
000001F8
00000008
00000000
00000000
00080000
00003D02
00000000
0000ABB2
00000000
00000000
00000000
00000000
00000000
00003D0A
00000000
0000ABB2
00000000
00000000
00000000
00000000
00000000
00003D0A
00000000
0000ABB2
00000000
00000000
00000000
00000000
00000000
00003D0A
00000000
0000ABB2
00000000
00000000
00000000
00000000
00000000
00003D0A
00000000
0000ABB2
00000000
00000000
00000000
00000000
00000000
00003D0A
00000000
0000ABB2
00000000
00000000
00000000
00000000
00000000
00003D0A
00000000
0000ABB2
00000000
00000000
00000000
00000000
00000000
00003D0A
00000000
0000ABB2
00000000
00000000
00000000
00000000
00000000
00003D0A
00000000
0000ABB2
00000000
00000000
00000000
00000000
00000000
00003D0A
00000000
0000ABB2
00000000
00000000
00000000
00000000
00000000
00003D0A
00000000
0000ABB2
00000000
00000000
00000000
00000000
00000000
00003D0A
00000000
0000ABB2
00000000
00000000
00000000
00000000
00000000
00003D0A
00000000
0000ABB2
00000000
00000000
00000000
00000000
00000000
00003D0A
00000000
0000ABB2
00000000
00000000
00000000
00000000
00000000
00003D0A
00000000
0000ABB2
00000000
00000000
00000000
00000000
00000000
00003D0A
00000000
0000ABB2
00000000
00000000
00000000
00000000
00000000
00003D0A
00000000
0000ABB2
00000000
00000000
00000000
00000000
00000000
00003D0A
00000000
0000ABB2
00000000
00000000
00000000
00000000
00000000
00003D0A
00000000
0000ABB2
00000000
00000000
00000000
00000000
00000000
00003D0A
00000000
0000C7A2
000008D4
0000005D
00000000
00000000
005D0000
00003D0A
00000000
000117A2
00002364
00050071
00000000
00000000
00710000
00003D67
00000000
00016CB8
00003F32
000000DC
00000001
00000000
00DC0000
00003DD8
00000000
0001CCCD
00005EF1
00000112
00030003
00000000
01120000
00003EB4
00000000
0001B8A5
00005831
00000118
001C0000
00000000
01180000
00003FC6
00000000
00019D25
00004EE5
00000131
000B0001
00000000
01310000
000040DE
00000000
00016292
00003BD8
000000D6
00040001
00000000
00D60000
0000420F
00000000
0001355F
00002D27
0000008E
00010000
00000000
008E0000
000042E5
00000000
0000DEE3
000010B7
00000043
00010000
00000000
00430000
00004373
00000000
0000CA8A
00000A1C
00000021
00010000
00000000
00210000
000043B6
00000000
0000C780
00000922
0000001A
00000000
00000000
001A0000
000043D7
00000000
0000BC91
0000058D
0000000E
00000000
00000000
000E0000
000043F1
00000000
0000B665
00000381
0000000C
00000000
00000000
000C0000
000043FF
00000000
0000B477
000002E3
00000007
00000000
00000000
00070000
0000440B
00000000
0000B4B9
000002F9
00000007
00000000
00000000
00070000
00004412
00000000
0000AFC2
00000158
00000002
00000000
00000000
00020000
00004419
00000000
0000ABB2
00000000
00000000
00000000
00000000
00000000
0000441B
00000000
0000ABB2
00000000
00000000
00000000
00000000
00000000
0000441B
00000000
0000ABB2
00000000
00000000
00000000
00000000
00000000
0000441B
00000000
0000ABB2
00000000
00000000
00000000
00000000
00000000
0000441B
00000000
0000ABB2
00000000
00000000
00000000
00000000
00000000
0000441B
00000000
0000ABB2
00000000
00000000
00000000
00000000
00000000
0000441B
00000000
0000ABB2
00000000
00000000
00000000
00000000
00000000
0000441B
00000000
0000ABB2
00000000
00000000
00000000
00000000
00000000
0000441B
00000000
0000ABB2
00000000
00000000
00000000
00000000
00000000
0000441B
00000000
0000ABB2
00000000
00000000
00000000
00000000
00000000
0000441B
00000000
0000ABB2
00000000
00000000
00000000
00000000
00000000
0000441B
00000000
0000ABB2
00000000
00000000
00000000
00000000
00000000
0000441B
00000000
0000ABB2
00000000
00000000
00000000
00000000
00000000
0000441B
00000000
0000ABB2
00000000
00000000
00000000
00000000
00000000
0000441B
00000000
0000ABB2
00000000
00000000
00000000
00000000
00000000
0000441B
00000000
0000ABB2
00000000
00000000
00000000
00000000
00000000
0000441B
00000000
0000ABB2
00000000
00000000
00000000
00000000
00000000
0000441B
00000000
0000ABB2
00000000
00000000
00000000
00000000
00000000
0000441B
00000000
0000ABB2
00000000
00000000
00000000
00000000
00000000
0000441B
00000000
0000C4F9
000007FD
00000054
00000000
00000000
00540000
0000441B
00000000
000116CA
00002318
00040074
00000000
00000000
00740000
0000446F
00000000
000165C5
00003CF5
000000CD
00000001
00000000
00CD0000
000044E3
00000000
00019534
00004CCA
000000C9
00020004
00000000
00C90000
000045B0
00000000
0001CB3F
00005E4F
00000128
001A0001
00000000
01280000
00004679
00000000
00018C7E
0000498C
0000010A
00100000
00000002
010A0000
000047A1
00000000
00014D9B
000034CB
000000E2
00030001
00000000
00E20000
000048AB
00000000
00013512
00002D14
00000089
00000000
00000000
00890000
0000498D
00000000
0000D729
00000E1D
00000048
00020000
00000000
00480000
00004A16
00000000
0000C29D
00000771
00000026
00000000
00000000
00260000
00004A5E
00000000
0000DEE2
000010E0
00000024
00000000
00000000
00240000
00004A84
00000000
0000B002
00000168
00000006
00000000
00000000
00060000
00004AA8
00000000
0000AD56
00000088
00000003
00000000
00000000
00030000
00004AAE
00000000
0000ABB2
00000000
00000000
00000000
00000000
00000000
00004AB1
00000000
0000ABB2
00000000
00000000
00000000
00000000
00000000
00004AB1
00000000
0000ABB2
00000000
00000000
00000000
00000000
00000000
00004AB1
00000000
0000ABB2
00000000
00000000
00000000
00000000
00000000
00004AB1
00000000
0000ABB2
00000000
00000000
00000000
00000000
00000000
00004AB1
00000000
0000ABB2
00000000
00000000
00000000
00000000
00000000
00004AB1
00000000
0000ABB2
00000000
00000000
00000000
00000000
00000000
00004AB1
00000000
0000ABB2
00000000
00000000
00000000
00000000
00000000
00004AB1
00000000
0000ABB2
00000000
00000000
00000000
00000000
00000000
00004AB1
00000000
0000ABB2
00000000
00000000
00000000
00000000
00000000
00004AB1
00000000
0000ABB2
00000000
00000000
00000000
00000000
00000000
00004AB1
00000000
0000ABB2
00000000
00000000
00000000
00000000
00000000
00004AB1
00000000
0000ABB2
00000000
00000000
00000000
00000000
00000000
00004AB1
00000000
0000ABB2
00000000
00000000
00000000
00000000
00000000
00004AB1
00000000
0000ABB2
00000000
00000000
00000000
00000000
00000000
00004AB1
00000000
0000ABB2
00000000
00000000
00000000
00000000
00000000
00004AB1
00000000
0000ABB2
00000000
00000000
00000000
00000000
00000000
00004AB1
00000000
0000ABB2
00000000
00000000
00000000
00000000
00000000
00004AB1
00000000
0000ABB2
00000000
00000000
00000000
00000000
00000000
00004AB1
00000000
0000ABB2
00000000
00000000
00000000
00000000
00000000
00004AB1
00000000
0000ABB2
00000000
00000000
00000000
00000000
00000000
00004AB1
00000000
0000ABB2
00000000
00000000
00000000
00000000
00000000
00004AB1
00000000
0000C7A2
000008D4
0000005D
00000000
00000000
005D0000
00004AB1
00000000
000117F7
0000237F
00050072
00000000
00000000
00720000
00004B0E
00000000
00018612
00004798
000000E6
00000001
00000000
00E60000
00004B80
00000000
0001E757
000067AB
00000129
00050003
00000000
01290000
00004C66
00000000
0001EE81
000069D1
00000157
001F0001
00000000
01570000
00004D8F
00000000
000192E7
00004B73
00000137
00050001
00000002
01370000
00004EE6
00000000
000175F3
00004227
000000F3
00030000
00000000
00F30000
0000501D
00000000
00013D71
00002FC9
00000099
00010000
00000000
00990000
00005110
00000000
0000F3A5
00001779
00000062
00010000
00000002
00620000
000051A9
00000000
0000E59C
000012D6
0000005A
00000000
00000000
005A0000
0000520B
00000000
0000EA1F
00001463
00000051
00000000
00000000
00510000
00005265
00000000
0000C253
00000753
0000002A
00000000
00000000
002A0000
000052B6
00000000
0000B358
0000027E
0000000B
00000000
00000000
000B0000
000052E0
00000000
0000AF96
00000144
00000006
00000000
00000000
00060000
000052EB
00000000
0000B89F
0000043B
0000000F
00000000
00000000
000F0000
000052F1
00000000
0000AE3F
000000D3
00000005
00000000
00000000
00050000
00005300
00000000
0000B004
0000016A
00000005
00000000
00000000
00050000
00005305
00000000
0000B25F
00000233
00000005
00000000
00000000
00050000
0000530A
00000000
0000AEFE
00000114
00000004
00000000
00000000
00040000
0000530F
00000000
0000B1E3
00000207
00000007
00000000
00000000
00070000
00005313
00000000
0000B1CF
00000203
00000005
00000000
00000000
00050000
0000531A
00000000
0000ADFD
000000C1
00000002
00000000
00000000
00020000
0000531F
00000000
0000ABB2
00000000
00000000
00000000
00000000
00000000
00005321
00000000
0000ABB2
00000000
00000000
00000000
00000000
00000000
00005321
00000000
0000ABB2
00000000
00000000
00000000
00000000
00000000
00005321
00000000
0000ABB2
00000000
00000000
00000000
00000000
00000000
00005321
00000000
0000ABB2
00000000
00000000
00000000
00000000
00000000
00005321
00000000
0000ABB2
00000000
00000000
00000000
00000000
00000000
00005321
00000000
0000ABB2
00000000
00000000
00000000
00000000
00000000
00005321
00000000
0000ABB2
00000000
00000000
00000000
00000000
00000000
00005321
00000000
0000ABB2
00000000
00000000
00000000
00000000
00000000
00005321
00000000
0000ABB2
00000000
00000000
00000000
00000000
00000000
00005321
00000000
0000ABB2
00000000
00000000
00000000
00000000
00000000
00005321
00000000
0000ABB2
00000000
00000000
00000000
00000000
00000000
00005321
00000000
0000ABB2
00000000
00000000
00000000
00000000
00000000
00005321
00000000
0000C4F9
000007FD
00000054
00000000
00000000
00540000
00005321
00000000
00011252
000021A0
00040070
00000000
00000000
00700000
00005375
00000000
000158F4
000038BA
000000C5
00000001
00000000
00C50000
000053E5
00000000
000190A6
00004B28
000000DF
00010004
00000000
00DF0000
000054AA
00000000
0001DEDF
000064C3
00000139
00170001
00000000
01390000
00005589
00000000
0001B4EF
000056C3
0000013D
00100001
00000002
013D0000
000056C2
00000000
0001575D
000037F1
000000F6
00040000
00000000
00F60000
000057FF
00000000
000130DC
00002B8A
000000A3
00000000
00000000
00A30000
000058F5
00000000
000116A5
00002309
00000076
00010000
00000001
00760000
00005998
00000000
000106B6
00001DB0
0000007D
00000000
00000000
007D0000
00005A0E
00000000
00012180
00002686
0000008F
00000000
00000000
008F0000
00005A8B
00000000
00012688
0000284E
0000007B
00000000
00000000
007B0000
00005B1A
00000000
0000D154
00000C46
00000034
00000000
00000000
00340000
00005B95
00000000
0000CC03
00000A93
00000026
00000000
00000000
00260000
00005BC9
00000000
0000C7E8
0000093A
00000022
00000000
00000000
00220000
00005BEF
00000000
0000BE99
00000639
0000000F
00000000
00000000
000F0000
00005C11
00000000
0000ACED
00000065
00000003
00000000
00000000
00030000
00005C20
00000000
0000B061
00000185
00000008
00000000
00000000
00080000
00005C23
00000000
0000AE60
000000DE
00000005
00000000
00000000
00050000
00005C2B
00000000
0000ABB2
00000000
00000000
00000000
00000000
00000000
00005C30
00000000
0000ABB2
00000000
00000000
00000000
00000000
00000000
00005C30
00000000
0000ABB2
00000000
00000000
00000000
00000000
00000000
00005C30
00000000
0000ABB2
00000000
00000000
00000000
00000000
00000000
00005C30
00000000
0000ABB2
00000000
00000000
00000000
00000000
00000000
00005C30
00000000
0000ABB2
00000000
00000000
00000000
00000000
00000000
00005C30
00000000
0000ABB2
00000000
00000000
00000000
00000000
00000000
00005C30
00000000
0000ABB2
00000000
00000000
00000000
00000000
00000000
00005C30
00000000
0000ABB2
00000000
00000000
00000000
00000000
00000000
00005C30
00000000
0000ABB2
00000000
00000000
00000000
00000000
00000000
00005C30
00000000
0000ABB2
00000000
00000000
00000000
00000000
00000000
00005C30
00000000
0000ABB2
00000000
00000000
00000000
00000000
00000000
00005C30
00000000
0000ABB2
00000000
00000000
00000000
00000000
00000000
00005C30
00000000
0000ABB2
00000000
00000000
00000000
00000000
00000000
00005C30
00000000
0000ABB2
00000000
00000000
00000000
00000000
00000000
00005C30
00000000
0000ABB2
00000000
00000000
00000000
00000000
00000000
00005C30
00000000
0000C647
00000867
00000058
00000000
00000000
00580000
00005C30
00000000
00011237
00002197
00040070
00000000
00000000
00700000
00005C88
00000000
000156E7
00003813
000000BF
00000001
00000000
00BF0000
00005CF8
00000000
00017085
000040A1
000000BC
00010003
00000000
00BC0000
00005DB7
00000000
0001BF7C
00005A82
00000111
00140002
00000000
01110000
00005E73
00000000
000183E9
000046D9
000000EB
000E0000
00000000
00EB0000
00005F84
00000000
00014D08
000034C6
000000C1
00060000
00000002
00C10000
0000606F
00000000
00016AD9
00003EAD
000000C8
00020000
00000000
00C80000
00006130
00000000
00010535
00001D39
00000076
00030000
00000000
00760000
000061F8
00000000
0000E7C9
000013A1
0000004D
00000000
00000002
004D0000
0000626E
00000000
0000F966
00001968
0000005F
00000000
00000000
005F0000
000062BB
00000000
0000C963
0000099F
00000035
00000000
00000000
00350000
0000631A
00000000
0000CE54
00000B52
0000002B
00000000
00000000
002B0000
0000634F
00000000
0000CA2D
00000A01
0000001E
00000000
00000000
001E0000
0000637A
00000000
0000BD16
000005B8
0000000F
00000000
00000000
000F0000
00006398
00000000
0000ADB1
000000A1
00000007
00000000
00000000
00070000
000063A7
00000000
0000BAFB
00000507
0000000D
00000000
00000000
000D0000
000063AE
00000000
0000B57A
0000032C
00000011
00000000
00000000
00110000
000063BB
00000000
0000B9D9
000004A5
0000000E
00000000
00000000
000E0000
000063CC
00000000
0000D003
00000BF7
0000001B
00000000
00000000
001B0000
000063DA
00000000
0000B86A
00000430
0000000A
00000000
00000000
000A0000
000063F5
00000000
0000ABB2
00000000
00000000
00000000
00000000
00000000
000063FF
00000000
0000ABB2
00000000
00000000
00000000
00000000
00000000
000063FF
00000000
0000ABB2
00000000
00000000
00000000
00000000
00000000
000063FF
00000000
0000ABB2
00000000
00000000
00000000
00000000
00000000
000063FF
00000000
0000ABB2
00000000
00000000
00000000
00000000
00000000
000063FF
00000000
0000ABB2
00000000
00000000
00000000
00000000
00000000
000063FF
00000000
0000ABB2
00000000
00000000
00000000
00000000
00000000
000063FF
00000000
0000ABB2
00000000
00000000
00000000
00000000
00000000
000063FF
00000000
0000ABB2
00000000
00000000
00000000
00000000
00000000
000063FF
00000000
0000ABB2
00000000
00000000
00000000
00000000
00000000
000063FF
00000000
0000ABB2
00000000
00000000
00000000
00000000
00000000
000063FF
00000000
0000ABB2
00000000
00000000
00000000
00000000
00000000
000063FF
00000000
0000ABB2
00000000
00000000
00000000
00000000
00000000
000063FF
00000000
0000ABB2
00000000
00000000
00000000
00000000
00000000
000063FF
00000000
0000C6CA
00000890
0000005A
00000000
00000000
005A0000
000063FF
00000000
0001151F
0000228B
00040073
00000000
00000000
00730000
00006459
00000000
00015573
00003793
000000C2
00000001
00000000
00C20000
000064CC
00000000
000185C1
00004791
000000D7
00010003
00000000
00D70000
0000658E
00000000
0001CB3B
00005E43
00000130
00140000
00000000
01300000
00006665
00000000
00016F3A
00003FEC
000000F1
000C0000
00000002
00F10000
00006795
00000000
000144F9
00003201
000000D1
00070000
00000000
00D10000
00006886
00000000
00011A82
00002434
0000008D
00010000
00000000
008D0000
00006957
00000000
0000F8AA
00001934
00000057
00020000
00000000
00570000
000069E4
00000000
0000E413
0000126B
00000048
00010000
00000000
00480000
00006A3B
00000000
0000E87E
000013EC
00000042
00000000
00000000
00420000
00006A83
00000000
0000DE94
000010C2
00000027
00000000
00000000
00270000
00006AC5
00000000
0000B222
00000218
0000000A
00000000
00000000
000A0000
00006AEC
00000000
0000AD04
0000006E
00000002
00000000
00000000
00020000
00006AF6
00000000
0000AC9A
0000004C
00000001
00000000
00000000
00010000
00006AF8
00000000
0000ABB2
00000000
00000000
00000000
00000000
00000000
00006AF9
00000000
0000ABB2
00000000
00000000
00000000
00000000
00000000
00006AF9
00000000
0000ABB2
00000000
00000000
00000000
00000000
00000000
00006AF9
00000000
0000ABB2
00000000
00000000
00000000
00000000
00000000
00006AF9
00000000
0000ABB2
00000000
00000000
00000000
00000000
00000000
00006AF9
00000000
0000ABB2
00000000
00000000
00000000
00000000
00000000
00006AF9
00000000
0000ABB2
00000000
00000000
00000000
00000000
00000000
00006AF9
00000000
0000ABB2
00000000
00000000
00000000
00000000
00000000
00006AF9
00000000
0000ABB2
00000000
00000000
00000000
00000000
00000000
00006AF9
00000000
0000ABB2
00000000
00000000
00000000
00000000
00000000
00006AF9
00000000
0000ABB2
00000000
00000000
00000000
00000000
00000000
00006AF9
00000000
0000ABB2
00000000
00000000
00000000
00000000
00000000
00006AF9
00000000
0000ABB2
00000000
00000000
00000000
00000000
00000000
00006AF9
00000000
0000ABB2
00000000
00000000
00000000
00000000
00000000
00006AF9
00000000
0000ABB2
00000000
00000000
00000000
00000000
00000000
00006AF9
00000000
0000ABB2
00000000
00000000
00000000
00000000
00000000
00006AF9
00000000
0000ABB2
00000000
00000000
00000000
00000000
00000000
00006AF9
00000000
0000ABB2
00000000
00000000
00000000
00000000
00000000
00006AF9
00000000
0000ABB2
00000000
00000000
00000000
00000000
00000000
00006AF9
00000000
0000ABB2
00000000
00000000
00000000
00000000
00000000
00006AF9
00000000
0000C60B
00000853
00000058
00000000
00000000
00580000
00006AF9
00000000
000111B5
00002171
0004006C
00000000
00000000
006C0000
00006B51
00000000
00016CB0
00003F42
000000CE
00000001
00000000
00CE0000
00006BBD
00000000
0001B777
000057EB
00000101
00090005
00000000
01010000
00006C8B
00000000
00021DD8
0000795E
00000183
00180001
00000000
01830000
00006D8C
00000000
0001A88C
00005296
00000146
000A0001
00000002
01460000
00006F0F
00000000
000152D5
0000367D
000000EB
00010000
00000000
00EB0000
00007055
00000000
000102E6
00001C80
0000006D
00010000
00000000
006D0000
00007140
00000000
0000DAC2
00000F68
00000036
00020000
00000002
00360000
000071AD
00000000
0000D20E
00000C70
00000043
00010000
00000000
00430000
000071E3
00000000
0000BEA3
0000061B
00000028
00000000
00000000
00280000
00007226
00000000
0000B78A
000003E0
0000000E
00000000
00000000
000E0000
0000724E
00000000
0000ABB2
00000000
00000000
00000000
00000000
00000000
0000725C
00000000
0000ABB2
00000000
00000000
00000000
00000000
00000000
0000725C
00000000
0000ABB2
00000000
00000000
00000000
00000000
00000000
0000725C
00000000
0000ABB2
00000000
00000000
00000000
00000000
00000000
0000725C
00000000
0000ABB2
00000000
00000000
00000000
00000000
00000000
0000725C
00000000
0000ABB2
00000000
00000000
00000000
00000000
00000000
0000725C
00000000
0000ABB2
00000000
00000000
00000000
00000000
00000000
0000725C
00000000
0000ABB2
00000000
00000000
00000000
00000000
00000000
0000725C
00000000
0000ABB2
00000000
00000000
00000000
00000000
00000000
0000725C
00000000
0000ABB2
00000000
00000000
00000000
00000000
00000000
0000725C
00000000
0000ABB2
00000000
00000000
00000000
00000000
00000000
0000725C
00000000
0000ABB2
00000000
00000000
00000000
00000000
00000000
0000725C
00000000
0000ABB2
00000000
00000000
00000000
00000000
00000000
0000725C
00000000
0000ABB2
00000000
00000000
00000000
00000000
00000000
0000725C
00000000
0000ABB2
00000000
00000000
00000000
00000000
00000000
0000725C
00000000
0000ABB2
00000000
00000000
00000000
00000000
00000000
0000725C
00000000
0000ABB2
00000000
00000000
00000000
00000000
00000000
0000725C
00000000
0000ABB2
00000000
00000000
00000000
00000000
00000000
0000725C
00000000
0000ABB2
00000000
00000000
00000000
00000000
00000000
0000725C
00000000
0000ABB2
00000000
00000000
00000000
00000000
00000000
0000725C
00000000
0000ABB2
00000000
00000000
00000000
00000000
00000000
0000725C
00000000
0000ABB2
00000000
00000000
00000000
00000000
00000000
0000725C
00000000
0000ABB2
00000000
00000000
00000000
00000000
00000000
0000725C
00000000
0000C6CA
00000890
0000005A
00000000
00000000
005A0000
0000725C
00000000
00011988
00002402
00040074
00000000
00000000
00740000
000072B6
00000000
0001635E
00003C24
000000D0
00000000
00000000
00D00000
0000732A
00000000
0001AE2B
000054BF
0000010F
00030006
00000000
010F0000
000073FA
00000000
0001E93B
00006817
00000151
001E0000
00000000
01510000
00007509
00000000
0001E4F3
0000668B
00000168
000C0002
00000002
01680000
0000765A
00000000
00017138
00004066
00000115
00040000
00000000
01150000
000077C2
00000000
000124C6
00002780
000000A5
00000000
00000000
00A50000
000078D7
00000000
0000F69C
00001872
00000065
00010000
00000000
00650000
0000797C
00000000
0001120D
0000218D
0000006D
00000000
00000002
006D0000
000079E1
00000000
0000FF47
00001B4B
0000006D
00000000
00000000
006D0000
00007A4E
00000000
0000EA13
0000144B
00000060
00000000
00000000
00600000
00007ABB
00000000
0000D574
00000D9A
0000003D
00000000
00000000
003D0000
00007B1B
00000000
0000C8A3
0000096F
00000029
00000000
00000000
00290000
00007B58
00000000
0000B9C3
00000493
00000016
00000000
00000000
00160000
00007B81
00000000
0000BCFD
000005A9
00000014
00000000
00000000
00140000
00007B97
00000000
0000B7D5
000003FD
0000000B
00000000
00000000
000B0000
00007BAB
00000000
0000BCBD
00000599
00000010
00000000
00000000
00100000
00007BB6
00000000
0000C9F1
000009F5
00000018
00000000
00000000
00180000
00007BC6
00000000
0000CAD8
00000A3A
0000001E
00000000
00000000
001E0000
00007BDE
00000000
0000BCF7
000005AB
00000011
00000000
00000000
00110000
00007BFC
00000000
0000B036
0000017C
00000004
00000000
00000000
00040000
00007C0D
00000000
0000ABB2
00000000
00000000
00000000
00000000
00000000
00007C11
00000000
0000ABB2
00000000
00000000
00000000
00000000
00000000
00007C11
00000000
0000ABB2
00000000
00000000
00000000
00000000
00000000
00007C11
00000000
0000ABB2
00000000
00000000
00000000
00000000
00000000
00007C11
00000000
0000ABB2
00000000
00000000
00000000
00000000
00000000
00007C11
00000000
0000ABB2
00000000
00000000
00000000
00000000
00000000
00007C11
00000000
0000ABB2
00000000
00000000
00000000
00000000
00000000
00007C11
00000000
0000ABB2
00000000
00000000
00000000
00000000
00000000
00007C11
00000000
0000ABB2
00000000
00000000
00000000
00000000
00000000
00007C11
00000000
0000ABB2
00000000
00000000
00000000
00000000
00000000
00007C11
00000000
0000ABB2
00000000
00000000
00000000
00000000
00000000
00007C11
00000000
0000ABB2
00000000
00000000
00000000
00000000
00000000
00007C11
00000000
0000ABB2
00000000
00000000
00000000
00000000
00000000
00007C11
00000000
0000C500
000007FE
00000055
00000000
00000000
00550000
00007C11
00000000
00010E6C
0000205E
00040068
00000000
00000000
00680000
00007C66
00000000
0001581E
00003878
000000C1
00000001
00000000
00C10000
00007CCE
00000000
00015A0D
00003941
000000A6
00080005
00000000
00A60000
00007D8F
00000000
0001817E
00004628
000000D5
000F0000
00000000
00D50000
00007E35
00000000
00013D79
00002FC1
000000A1
00050000
00000002
00A10000
00007F0A
00000000
00010E2C
0000202E
0000007C
00020000
00000000
007C0000
00007FAB
00000000
0000DE07
0000106B
00000045
00000000
00000000
00450000
00008027
00000000
0000D5EC
00000DE2
00000025
00000000
00000000
00250000
0000806C
00000000
0000C61C
000008B2
00000015
00000000
00000000
00150000
00008091
00000000
0000B848
00000422
0000000C
00000000
00000000
000C0000
000080A6
00000000
0000C049
000006B9
0000001B
00000000
00000000
001B0000
000080B2
00000000
0000B468
000002D6
0000000D
00000000
00000000
000D0000
000080CD
00000000
0000B106
000001B8
0000000B
00000000
00000000
000B0000
000080DA
00000000
0000AD44
00000082
00000003
00000000
00000000
00030000
000080E5
00000000
0000ABB2
00000000
00000000
00000000
00000000
00000000
000080E8
00000000
0000ABB2
00000000
00000000
00000000
00000000
00000000
000080E8
00000000
0000ABB2
00000000
00000000
00000000
00000000
00000000
000080E8
00000000
0000ABB2
00000000
00000000
00000000
00000000
00000000
000080E8
00000000
0000ABB2
00000000
00000000
00000000
00000000
00000000
000080E8
00000000
0000ABB2
00000000
00000000
00000000
00000000
00000000
000080E8
00000000
0000ABB2
00000000
00000000
00000000
00000000
00000000
000080E8
00000000
0000ABB2
00000000
00000000
00000000
00000000
00000000
000080E8
00000000
0000ABB2
00000000
00000000
00000000
00000000
00000000
000080E8
00000000
0000ABB2
00000000
00000000
00000000
00000000
00000000
000080E8
00000000
0000ABB2
00000000
00000000
00000000
00000000
00000000
000080E8
00000000
0000ABB2
00000000
00000000
00000000
00000000
00000000
000080E8
00000000
0000ABB2
00000000
00000000
00000000
00000000
00000000
000080E8
00000000
0000ABB2
00000000
00000000
00000000
00000000
00000000
000080E8
00000000
0000ABB2
00000000
00000000
00000000
00000000
00000000
000080E8
00000000
0000ABB2
00000000
00000000
00000000
00000000
00000000
000080E8
00000000
0000ABB2
00000000
00000000
00000000
00000000
00000000
000080E8
00000000
0000ABB2
00000000
00000000
00000000
00000000
00000000
000080E8
00000000
0000ABB2
00000000
00000000
00000000
00000000
00000000
000080E8
00000000
0000ABB2
00000000
00000000
00000000
00000000
00000000
000080E8
00000000
0000C704
000008A2
0000005B
00000000
00000000
005B0000
000080E8
00000000
00011C35
000024E1
00050078
00000000
00000000
00780000
00008143
00000000
000173A7
00004193
000000CF
00000002
00000000
00CF0000
000081BB
00000000
0001BAE3
000058E3
00000122
00030005
00000000
01220000
0000828A
00000000
0001F731
00006CDD
0000013A
00160000
00000000
013A0000
000083AC
00000000
0001900C
00004A9A
00000123
000E0000
00000002
01230000
000084E6
00000000
000143DD
00003199
000000D8
00040000
00000000
00D80000
00008609
00000000
000123EE
00002748
00000099
00000000
00000000
00990000
000086E1
00000000
0000CB5C
00000A52
0000002D
00000000
00000000
002D0000
0000877A
00000000
0000B687
00000387
00000010
00010000
00000000
00100000
000087A7
00000000
0000B89A
00000438
00000010
00000000
00000000
00100000
000087B7
00000000
0000CA83
00000A27
00000017
00000000
00000000
00170000
000087C7
00000000
0000ACAA
00000050
00000002
00000000
00000000
00020000
000087DE
00000000
0000AD93
0000009F
00000001
00000000
00000000
00010000
000087E0
00000000
0000ABB2
00000000
00000000
00000000
00000000
00000000
000087E1
00000000
0000ABB2
00000000
00000000
00000000
00000000
00000000
000087E1
00000000
0000ABB2
00000000
00000000
00000000
00000000
00000000
000087E1
00000000
0000ABB2
00000000
00000000
00000000
00000000
00000000
000087E1
00000000
0000ABB2
00000000
00000000
00000000
00000000
00000000
000087E1
00000000
0000ABB2
00000000
00000000
00000000
00000000
00000000
000087E1
00000000
0000ABB2
00000000
00000000
00000000
00000000
00000000
000087E1
00000000
0000ABB2
00000000
00000000
00000000
00000000
00000000
000087E1
00000000
0000ABB2
00000000
00000000
00000000
00000000
00000000
000087E1
00000000
0000ABB2
00000000
00000000
00000000
00000000
00000000
000087E1
00000000
0000ABB2
00000000
00000000
00000000
00000000
00000000
000087E1
00000000
0000ABB2
00000000
00000000
00000000
00000000
00000000
000087E1
00000000
0000ABB2
00000000
00000000
00000000
00000000
00000000
000087E1
00000000
0000ABB2
00000000
00000000
00000000
00000000
00000000
000087E1
00000000
0000ABB2
00000000
00000000
00000000
00000000
00000000
000087E1
00000000
0000ABB2
00000000
00000000
00000000
00000000
00000000
000087E1
00000000
0000ABB2
00000000
00000000
00000000
00000000
00000000
000087E1
00000000
0000ABB2
00000000
00000000
00000000
00000000
00000000
000087E1
00000000
0000ABB2
00000000
00000000
00000000
00000000
00000000
000087E1
00000000
0000ABB2
00000000
00000000
00000000
00000000
00000000
000087E1
00000000
0000ABB2
00000000
00000000
00000000
00000000
00000000
000087E1
00000000
0000C647
00000867
00000058
00000000
00000000
00580000
000087E1
00000000
00011851
00002399
00040075
00000000
00000000
00750000
00008839
00000000
00017A19
000043AD
000000D8
00000000
00000000
00D80000
000088AE
00000000
0001AC8A
00005444
00000103
00030006
00000000
01030000
00008986
00000000
00022004
00007A1E
0000017E
00200000
00000000
017E0000
00008A89
00000000
0001E149
0000652D
00000184
000C0000
00000002
01840000
00008C07
00000000
00018699
00004775
00000122
00020000
00000000
01220000
00008D8B
00000000
0001051D
00001D39
00000070
00010000
00000000
00700000
00008EAD
00000000
0000ED88
00001596
00000045
00010000
00000000
00450000
00008F1D
00000000
0000CFF3
00000BCB
00000038
00000000
00000000
00380000
00008F62
00000000
0000BDF1
000005F1
0000001B
00000000
00000000
001B0000
00008F9A
00000000
0000CC49
00000AB1
00000021
00000000
00000000
00210000
00008FB5
00000000
0000BECC
00000642
00000015
00000000
00000000
00150000
00008FD6
00000000
0000B09B
0000019F
00000003
00000000
00000000
00030000
00008FEB
00000000
0000ABB2
00000000
00000000
00000000
00000000
00000000
00008FEE
00000000
0000ABB2
00000000
00000000
00000000
00000000
00000000
00008FEE
00000000
0000ABB2
00000000
00000000
00000000
00000000
00000000
00008FEE
00000000
0000ABB2
00000000
00000000
00000000
00000000
00000000
00008FEE
00000000
0000ABB2
00000000
00000000
00000000
00000000
00000000
00008FEE
00000000
0000ABB2
00000000
00000000
00000000
00000000
00000000
00008FEE
00000000
0000ABB2
00000000
00000000
00000000
00000000
00000000
00008FEE
00000000
0000ABB2
00000000
00000000
00000000
00000000
00000000
00008FEE
00000000
0000ABB2
00000000
00000000
00000000
00000000
00000000
00008FEE
00000000
0000ABB2
00000000
00000000
00000000
00000000
00000000
00008FEE
00000000
0000ABB2
00000000
00000000
00000000
00000000
00000000
00008FEE
00000000
0000ABB2
00000000
00000000
00000000
00000000
00000000
00008FEE
00000000
0000ABB2
00000000
00000000
00000000
00000000
00000000
00008FEE
00000000
0000ABB2
00000000
00000000
00000000
00000000
00000000
00008FEE
00000000
0000ABB2
00000000
00000000
00000000
00000000
00000000
00008FEE
00000000
0000ABB2
00000000
00000000
00000000
00000000
00000000
00008FEE
00000000
0000ABB2
00000000
00000000
00000000
00000000
00000000
00008FEE
00000000
0000ABB2
00000000
00000000
00000000
00000000
00000000
00008FEE
00000000
0000ABB2
00000000
00000000
00000000
00000000
00000000
00008FEE
00000000
0000ABB2
00000000
00000000
00000000
00000000
00000000
00008FEE
00000000
0000ABB2
00000000
00000000
00000000
00000000
00000000
00008FEE
00000000
0000C5FF
0000084F
00000058
00000000
00000000
00580000
00008FEE
00000000
0001138F
0000220F
0004006C
00000000
00000000
006C0000
00009046
00000000
000166AF
00003D4F
000000C4
00000000
00000000
00C40000
000090B2
00000000
00019E93
00004FD7
000000D7
00020004
00000000
00D70000
00009176
00000000
0001C7EC
00005D46
0000011A
00130000
00000000
011A0000
0000924D
00000000
00018CCC
00004996
00000116
000B0000
00000002
01160000
00009367
00000000
000147E8
000032FA
000000D2
00030000
00000000
00D20000
0000947D
00000000
0000F28F
0000171B
00000063
00000000
00000000
00630000
0000954F
00000000
0000D592
00000DA8
0000003A
00000000
00000000
003A0000
000095B2
00000000
0000BBD6
00000544
00000016
00000000
00000000
00160000
000095EC
00000000
0000CD8F
00000B2B
00000017
00000000
00000000
00170000
00009602
00000000
0000B599
0000033D
0000000C
00000000
00000000
000C0000
00009619
00000000
0000ADF4
000000BE
00000002
00000000
00000000
00020000
00009625
00000000
0000ABB2
00000000
00000000
00000000
00000000
00000000
00009627
00000000
0000ABB2
00000000
00000000
00000000
00000000
00000000
00009627
00000000
0000ABB2
00000000
00000000
00000000
00000000
00000000
00009627
00000000
0000ABB2
00000000
00000000
00000000
00000000
00000000
00009627
00000000
0000ABB2
00000000
00000000
00000000
00000000
00000000
00009627
00000000
0000ABB2
00000000
00000000
00000000
00000000
00000000
00009627
00000000
0000ABB2
00000000
00000000
00000000
00000000
00000000
00009627
00000000
0000ABB2
00000000
00000000
00000000
00000000
00000000
00009627
00000000
0000ABB2
00000000
00000000
00000000
00000000
00000000
00009627
00000000
0000ABB2
00000000
00000000
00000000
00000000
00000000
00009627
00000000
0000ABB2
00000000
00000000
00000000
00000000
00000000
00009627
00000000
0000ABB2
00000000
00000000
00000000
00000000
00000000
00009627
00000000
0000ABB2
00000000
00000000
00000000
00000000
00000000
00009627
00000000
0000ABB2
00000000
00000000
00000000
00000000
00000000
00009627
00000000
0000ABB2
00000000
00000000
00000000
00000000
00000000
00009627
00000000
0000ABB2
00000000
00000000
00000000
00000000
00000000
00009627
00000000
0000ABB2
00000000
00000000
00000000
00000000
00000000
00009627
00000000
0000ABB2
00000000
00000000
00000000
00000000
00000000
00009627
00000000
0000ABB2
00000000
00000000
00000000
00000000
00000000
00009627
00000000
0000ABB2
00000000
00000000
00000000
00000000
00000000
00009627
00000000
0000ABB2
00000000
00000000
00000000
00000000
00000000
00009627
00000000
0000ABB2
00000000
00000000
00000000
00000000
00000000
00009627
00000000
0000C647
00000867
00000058
00000000
00000000
00580000
00009627
00000000
000119CA
00002418
00040074
00000000
00000000
00740000
0000967F
00000000
00016CA8
00003F42
000000CC
00000001
00000000
00CC0000
000096F3
00000000
0001AFCD
00005559
00000104
00020003
00000000
01040000
000097BF
00000000
0001ED25
00006971
00000148
001C0000
00000000
01480000
000098C3
00000000
0001C369
00005B85
0000014A
000D0000
00000002
014A0000
00009A0B
00000000
00016CE3
00003EFB
00000110
00040000
00000000
01100000
00009B55
00000000
000131E8
00002BF2
00000098
00030000
00000000
00980000
00009C65
00000000
0001023B
00001C33
0000007C
00050000
00000001
007C0000
00009CFD
00000000
000102FF
00001C93
00000065
00020000
00000001
00650000
00009D79
00000000
0000D9A0
00000EF2
00000046
00010000
00000000
00460000
00009DDE
00000000
0000C85F
00000953
0000002D
00000000
00000000
002D0000
00009E24
00000000
0000D109
00000C49
0000001F
00000000
00000000
001F0000
00009E51
00000000
0000CC25
00000AA9
0000001E
00000000
00000000
001E0000
00009E70
00000000
0000B484
000002E2
0000000B
00000000
00000000
000B0000
00009E8E
00000000
0000AF32
00000124
00000005
00000000
00000000
00050000
00009E99
00000000
0000B76B
000003D7
0000000D
00000000
00000000
000D0000
00009E9E
00000000
0000B1AB
000001F7
00000005
00000000
00000000
00050000
00009EAB
00000000
0000B6C3
000003A7
00000007
00000000
00000000
00070000
00009EB0
00000000
0000C5A5
0000088D
00000013
00000000
00000000
00130000
00009EB7
00000000
0000C1B7
00000733
0000001B
00000000
00000000
001B0000
00009ECA
00000000
0000BE6D
00000629
00000010
00000000
00000000
00100000
00009EE5
00000000
0000B4F0
00000306
0000000B
00000000
00000000
000B0000
00009EF5
00000000
0000AD88
0000009A
00000002
00000000
00000000
00020000
00009F00
00000000
0000ACD0
0000005E
00000001
00000000
00000000
00010000
00009F02
00000000
0000ABB2
00000000
00000000
00000000
00000000
00000000
00009F03
00000000
0000ABB2
00000000
00000000
00000000
00000000
00000000
00009F03
00000000
0000ABB2
00000000
00000000
00000000
00000000
00000000
00009F03
00000000
0000ABB2
00000000
00000000
00000000
00000000
00000000
00009F03
00000000
0000ABB2
00000000
00000000
00000000
00000000
00000000
00009F03
00000000
0000ABB2
00000000
00000000
00000000
00000000
00000000
00009F03
00000000
0000ABB2
00000000
00000000
00000000
00000000
00000000
00009F03
00000000
0000ABB2
00000000
00000000
00000000
00000000
00000000
00009F03
00000000
0000ABB2
00000000
00000000
00000000
00000000
00000000
00009F03
00000000
0000ABB2
00000000
00000000
00000000
00000000
00000000
00009F03
00000000
0000C56A
00000820
00000056
00000000
00000000
00560000
00009F03
00000000
00010EB5
00002075
00040069
00000000
00000000
00690000
00009F59
00000000
00014FB2
000035B4
000000B9
00000001
00000000
00B90000
00009FC2
00000000
00017725
000042D9
000000BA
00000004
00000000
00BA0000
0000A07B
00000000
00017FE2
000045A0
000000D4
00110000
00000000
00D40000
0000A135
00000000
0001567E
000037D4
000000D4
00080000
00000000
00D40000
0000A209
00000000
000123DD
00002739
000000A0
00050000
00000002
00A00000
0000A2DD
00000000
00012FB2
00002B38
00000096
00050000
00000000
00960000
0000A37D
00000000
00010208
00001C42
00000064
00020000
00000000
00640000
0000A413
00000000
0000F7AC
000018E2
00000055
00000000
00000001
00550000
0000A477
00000000
0000F123
000016AF
00000059
00000000
00000000
00590000
0000A4CC
00000000
0000EFC9
00001651
00000049
00010000
00000000
00490000
0000A525
00000000
0000D783
00000E67
00000027
00000000
00000000
00270000
0000A56E
00000000
0000C1B0
0000073A
00000014
00000000
00000000
00140000
0000A595
00000000
0000B897
0000043F
0000000A
00010000
00000000
000A0000
0000A5A9
00000000
0000B25C
0000022A
0000000B
00000000
00000000
000B0000
0000A5B3
00000000
0000ACC5
00000055
00000005
00000000
00000000
00050000
0000A5BE
00000000
0000ABB2
00000000
00000000
00000000
00000000
00000000
0000A5C3
00000000
0000ABB2
00000000
00000000
00000000
00000000
00000000
0000A5C3
00000000
0000ABB2
00000000
00000000
00000000
00000000
00000000
0000A5C3
00000000
0000ABB2
00000000
00000000
00000000
00000000
00000000
0000A5C3
00000000
0000ABB2
00000000
00000000
00000000
00000000
00000000
0000A5C3
00000000
0000ABB2
00000000
00000000
00000000
00000000
00000000
0000A5C3
00000000
0000ABB2
00000000
00000000
00000000
00000000
00000000
0000A5C3
00000000
0000ABB2
00000000
00000000
00000000
00000000
00000000
0000A5C3
00000000
0000ABB2
00000000
00000000
00000000
00000000
00000000
0000A5C3
00000000
0000ABB2
00000000
00000000
00000000
00000000
00000000
0000A5C3
00000000
0000ABB2
00000000
00000000
00000000
00000000
00000000
0000A5C3
00000000
0000ABB2
00000000
00000000
00000000
00000000
00000000
0000A5C3
00000000
0000ABB2
00000000
00000000
00000000
00000000
00000000
0000A5C3
00000000
0000ABB2
00000000
00000000
00000000
00000000
00000000
0000A5C3
00000000
0000ABB2
00000000
00000000
00000000
00000000
00000000
0000A5C3
00000000
0000ABB2
00000000
00000000
00000000
00000000
00000000
0000A5C3
00000000
0000ABB2
00000000
00000000
00000000
00000000
00000000
0000A5C3
00000000
0000ABB2
00000000
00000000
00000000
00000000
00000000
0000A5C3
00000000
0000C731
000008B1
0000005B
00000000
00000000
005B0000
0000A5C3
00000000
00011708
0000232E
00040073
00000000
00000000
00730000
0000A61E
00000000
000160A5
00003B49
000000C6
00000001
00000000
00C60000
0000A691
00000000
00017753
000042D7
000000C7
00000004
00000000
00C70000
0000A757
00000000
00016DA2
00003F98
000000CA
000F0000
00000000
00CA0000
0000A81E
00000000
00014368
000031AA
000000AE
000D0000
00000000
00AE0000
0000A8E8
00000000
0001261D
00002801
0000009A
00080000
00000002
009A0000
0000A996
00000000
00012B0D
000029A5
0000009B
00000000
00000000
009B0000
0000AA30
00000000
00010697
00001DC7
00000064
00000000
00000000
00640000
0000AACB
00000000
0000E3A2
00001250
00000040
00000000
00000001
00400000
0000AB2F
00000000
0000DC39
00000FD1
00000045
00000000
00000000
00450000
0000AB6F
00000000
0000D487
00000D57
00000034
00000000
00000000
00340000
0000ABB4
00000000
0000BAE8
000004F2
00000018
00000000
00000000
00180000
0000ABE8
00000000
0000ACA7
0000004B
00000005
00000000
00000000
00050000
0000AC00
00000000
0000AC23
00000023
00000002
00000000
00000000
00020000
0000AC05
00000000
0000ABB2
00000000
00000000
00000000
00000000
00000000
0000AC07
00000000
0000ABB2
00000000
00000000
00000000
00000000
00000000
0000AC07
00000000
0000ABB2
00000000
00000000
00000000
00000000
00000000
0000AC07
00000000
0000ABB2
00000000
00000000
00000000
00000000
00000000
0000AC07
00000000
0000ABB2
00000000
00000000
00000000
00000000
00000000
0000AC07
00000000
0000ABB2
00000000
00000000
00000000
00000000
00000000
0000AC07
00000000
0000ABB2
00000000
00000000
00000000
00000000
00000000
0000AC07
00000000
0000ABB2
00000000
00000000
00000000
00000000
00000000
0000AC07
00000000
0000ABB2
00000000
00000000
00000000
00000000
00000000
0000AC07
00000000
0000ABB2
00000000
00000000
00000000
00000000
00000000
0000AC07
00000000
0000ABB2
00000000
00000000
00000000
00000000
00000000
0000AC07
00000000
0000ABB2
00000000
00000000
00000000
00000000
00000000
0000AC07
00000000
0000ABB2
00000000
00000000
00000000
00000000
00000000
0000AC07
00000000
0000ABB2
00000000
00000000
00000000
00000000
00000000
0000AC07
00000000
0000ABB2
00000000
00000000
00000000
00000000
00000000
0000AC07
00000000
0000ABB2
00000000
00000000
00000000
00000000
00000000
0000AC07
00000000
0000ABB2
00000000
00000000
00000000
00000000
00000000
0000AC07
00000000
0000ABB2
00000000
00000000
00000000
00000000
00000000
0000AC07
00000000
0000ABB2
00000000
00000000
00000000
00000000
00000000
0000AC07
00000000
0000ABB2
00000000
00000000
00000000
00000000
00000000
0000AC07
00000000
0000C5E0
00000846
00000057
00000000
00000000
00570000
0000AC07
00000000
000119FB
00002423
00040078
00000000
00000000
00780000
0000AC5E
00000000
00015C55
000039E9
000000BA
00000000
00000000
00BA0000
0000ACD6
00000000
00017E67
0000453F
000000BE
00030006
00000000
00BE0000
0000AD90
00000000
000189C7
000048DF
000000DE
00140000
00000000
00DE0000
0000AE4E
00000000
00019308
00004BAE
00000113
000F0000
00000001
01130000
0000AF2C
00000000
0001360A
00002D34
000000AF
00080000
00000001
00AF0000
0000B03F
00000000
000107C1
00001E11
00000077
00010000
00000000
00770000
0000B0EE
00000000
0000DF4A
000010E0
0000003E
00010000
00000000
003E0000
0000B165
00000000
0000E0BA
00001170
0000002E
00000000
00000000
002E0000
0000B1A3
00000000
0000B8ED
00000455
0000000F
00000000
00000000
000F0000
0000B1D1
00000000
0000B060
0000018A
00000004
00000000
00000000
00040000
0000B1E0
00000000
0000AE01
000000C1
00000003
00000000
00000000
00030000
0000B1E4
00000000
0000ABB2
00000000
00000000
00000000
00000000
00000000
0000B1E7
00000000
0000ABB2
00000000
00000000
00000000
00000000
00000000
0000B1E7
00000000
0000ABB2
00000000
00000000
00000000
00000000
00000000
0000B1E7
00000000
0000ABB2
00000000
00000000
00000000
00000000
00000000
0000B1E7
00000000
0000ABB2
00000000
00000000
00000000
00000000
00000000
0000B1E7
00000000
0000ABB2
00000000
00000000
00000000
00000000
00000000
0000B1E7
00000000
0000ABB2
00000000
00000000
00000000
00000000
00000000
0000B1E7
00000000
0000ABB2
00000000
00000000
00000000
00000000
00000000
0000B1E7
00000000
0000ABB2
00000000
00000000
00000000
00000000
00000000
0000B1E7
00000000
0000ABB2
00000000
00000000
00000000
00000000
00000000
0000B1E7
00000000
0000ABB2
00000000
00000000
00000000
00000000
00000000
0000B1E7
00000000
0000ABB2
00000000
00000000
00000000
00000000
00000000
0000B1E7
00000000
0000ABB2
00000000
00000000
00000000
00000000
00000000
0000B1E7
00000000
0000ABB2
00000000
00000000
00000000
00000000
00000000
0000B1E7
00000000
0000ABB2
00000000
00000000
00000000
00000000
00000000
0000B1E7
00000000
0000ABB2
00000000
00000000
00000000
00000000
00000000
0000B1E7
00000000
0000ABB2
00000000
00000000
00000000
00000000
00000000
0000B1E7
00000000
0000ABB2
00000000
00000000
00000000
00000000
00000000
0000B1E7
00000000
0000ABB2
00000000
00000000
00000000
00000000
00000000
0000B1E7
00000000
0000ABB2
00000000
00000000
00000000
00000000
00000000
0000B1E7
00000000
0000ABB2
00000000
00000000
00000000
00000000
00000000
0000B1E7
00000000
0000ABB2
00000000
00000000
00000000
00000000
00000000
0000B1E7
00000000
0000C731
000008B1
0000005B
00000000
00000000
005B0000
0000B1E7
00000000
000116A0
0000230A
00040074
00000000
00000000
00740000
0000B242
00000000
000171BE
000040E0
000000DB
00000001
00000000
00DB0000
0000B2B6
00000000
0001A4C4
0000519E
0000010E
00030004
00000000
010E0000
0000B391
00000000
0001EFF3
00006A67
00000143
001E0001
00000000
01430000
0000B49F
00000000
0001CA96
00005DEC
00000148
000B0001
00000002
01480000
0000B5E2
00000000
0001675F
00003D53
000000ED
00040000
00010000
00ED0000
0000B72A
00000000
00011586
00002288
0000008F
00010000
00000000
008F0000
0000B817
00000000
000105FF
00001D93
00000065
00010000
00000002
00650000
0000B8A6
00000000
0000FB42
000019F0
00000070
00010000
00000000
00700000
0000B90B
00000000
0000E834
000013AE
0000005E
00040000
00000000
005E0000
0000B97B
00000000
0000CE4F
00000B3B
0000003B
00020000
00000000
003B0000
0000B9D9
00000000
0000D5D9
00000DD1
0000002D
00050000
00000000
002D0000
0000BA14
00000000
0000C2F7
0000079B
0000001D
00000000
00000000
001D0000
0000BA41
00000000
0000CE50
00000B52
0000002A
00000000
00000000
002A0000
0000BA5E
00000000
0000EBBC
0000150E
00000038
00000000
00000000
00380000
0000BA88
00000000
0000CF0A
00000B90
0000002A
00000000
00000000
002A0000
0000BAC0
00000000
0000B63E
00000378
00000009
00000000
00000000
00090000
0000BAEA
00000000
0000B517
0000031B
00000005
00000000
00000000
00050000
0000BAF3
00000000
0000ABDD
0000000D
00000001
00000000
00000000
00010000
0000BAF8
00000000
0000ABB2
00000000
00000000
00000000
00000000
00000000
0000BAF9
00000000
0000ABB2
00000000
00000000
00000000
00000000
00000000
0000BAF9
00000000
0000ABB2
00000000
00000000
00000000
00000000
00000000
0000BAF9
00000000
0000ABB2
00000000
00000000
00000000
00000000
00000000
0000BAF9
00000000
0000ABB2
00000000
00000000
00000000
00000000
00000000
0000BAF9
00000000
0000ABB2
00000000
00000000
00000000
00000000
00000000
0000BAF9
00000000
0000ABB2
00000000
00000000
00000000
00000000
00000000
0000BAF9
00000000
0000ABB2
00000000
00000000
00000000
00000000
00000000
0000BAF9
00000000
0000ABB2
00000000
00000000
00000000
00000000
00000000
0000BAF9
00000000
0000ABB2
00000000
00000000
00000000
00000000
00000000
0000BAF9
00000000
0000ABB2
00000000
00000000
00000000
00000000
00000000
0000BAF9
00000000
0000ABB2
00000000
00000000
00000000
00000000
00000000
0000BAF9
00000000
0000ABB2
00000000
00000000
00000000
00000000
00000000
0000BAF9
00000000
0000ABB2
00000000
00000000
00000000
00000000
00000000
0000BAF9
00000000
0000ABB2
00000000
00000000
00000000
00000000
00000000
0000BAF9
00000000
0000C5A4
00000832
00000057
00000000
00000000
00570000
0000BAF9
00000000
00011259
000021A5
0004006E
00000000
00000000
006E0000
0000BB50
00000000
00014B65
00003451
000000B0
00000000
00000000
00B00000
0000BBBE
00000000
00015D31
00003A49
000000A9
00000006
00000000
00A90000
0000BC6E
00000000
00018DCA
00004A38
000000DC
00120000
00000000
00DC0000
0000BD17
00000000
00015D42
00003A20
000000CC
00080000
00000000
00CC0000
0000BDF3
00000000
00014293
00003157
000000B7
00050000
00000002
00B70000
0000BEBF
00000000
00013591
00002D1D
000000A2
00010000
00000000
00A20000
0000BF76
00000000
0000E288
000011D2
00000058
00000000
00000000
00580000
0000C018
00000000
0000BF0B
0000064F
0000001B
00000000
00000000
001B0000
0000C070
00000000
0000DBB3
00000FCB
00000028
00000000
00000000
00280000
0000C08B
00000000
0000C363
000007C3
0000001A
00000000
00000000
001A0000
0000C0B3
00000000
0000B36E
0000028C
00000006
00000000
00000000
00060000
0000C0CD
00000000
0000ABB2
00000000
00000000
00000000
00000000
00000000
0000C0D3
00000000
0000ABB2
00000000
00000000
00000000
00000000
00000000
0000C0D3
00000000
0000ABB2
00000000
00000000
00000000
00000000
00000000
0000C0D3
00000000
0000ABB2
00000000
00000000
00000000
00000000
00000000
0000C0D3
00000000
0000ABB2
00000000
00000000
00000000
00000000
00000000
0000C0D3
00000000
0000ABB2
00000000
00000000
00000000
00000000
00000000
0000C0D3
00000000
0000ABB2
00000000
00000000
00000000
00000000
00000000
0000C0D3
00000000
0000ABB2
00000000
00000000
00000000
00000000
00000000
0000C0D3
00000000
0000ABB2
00000000
00000000
00000000
00000000
00000000
0000C0D3
00000000
0000ABB2
00000000
00000000
00000000
00000000
00000000
0000C0D3
00000000
0000ABB2
00000000
00000000
00000000
00000000
00000000
0000C0D3
00000000
0000ABB2
00000000
00000000
00000000
00000000
00000000
0000C0D3
00000000
0000ABB2
00000000
00000000
00000000
00000000
00000000
0000C0D3
00000000
0000ABB2
00000000
00000000
00000000
00000000
00000000
0000C0D3
00000000
0000ABB2
00000000
00000000
00000000
00000000
00000000
0000C0D3
00000000
0000ABB2
00000000
00000000
00000000
00000000
00000000
0000C0D3
00000000
0000ABB2
00000000
00000000
00000000
00000000
00000000
0000C0D3
00000000
0000ABB2
00000000
00000000
00000000
00000000
00000000
0000C0D3
00000000
0000ABB2
00000000
00000000
00000000
00000000
00000000
0000C0D3
00000000
0000ABB2
00000000
00000000
00000000
00000000
00000000
0000C0D3
00000000
0000ABB2
00000000
00000000
00000000
00000000
00000000
0000C0D3
00000000
0000ABB2
00000000
00000000
00000000
00000000
00000000
0000C0D3
00000000
0000C731
000008B1
0000005B
00000000
00000000
005B0000
0000C0D3
00000000
00011827
0000238B
00040075
00000000
00000000
00750000
0000C12E
00000000
000167D9
00003DB1
000000C5
00000001
00000000
00C50000
0000C1A3
00000000
0001A0C0
0000506E
000000F1
00040003
00000000
00F10000
0000C268
00000000
00022AD3
00007D97
00000197
001A0000
00000000
01970000
0000C359
00000000
0001C72A
00005CA4
00000163
00110001
00000002
01630000
0000C4F0
00000000
0001356E
00002CE4
000000C4
00040000
00020000
00C40000
0000C653
00000000
00011967
000023D7
0000008C
00010000
00000000
008C0000
0000C717
00000000
0000EAE5
000014A9
0000004E
00010000
00000000
004E0000
0000C7A3
00000000
0000C3CA
000007D8
00000024
00000000
00010000
00240000
0000C7F1
00000000
0000C0F5
000006E1
00000028
00000000
00000000
00280000
0000C815
00000000
0000CABC
00000A12
00000035
00000000
00000000
00350000
0000C83D
00000000
0000C068
000006CA
00000016
00000000
00000000
00160000
0000C872
00000000
0000BACF
000004FF
00000008
00000000
00000000
00080000
0000C888
00000000
0000BB5A
00000528
0000000C
00000000
00000000
000C0000
0000C890
00000000
0000AE8B
000000EF
00000003
00000000
00000000
00030000
0000C89C
00000000
0000ADCD
000000B1
00000002
00000000
00000000
00020000
0000C89F
00000000
0000ABB2
00000000
00000000
00000000
00000000
00000000
0000C8A1
00000000
0000ABB2
00000000
00000000
00000000
00000000
00000000
0000C8A1
00000000
0000ABB2
00000000
00000000
00000000
00000000
00000000
0000C8A1
00000000
0000ABB2
00000000
00000000
00000000
00000000
00000000
0000C8A1
00000000
0000ABB2
00000000
00000000
00000000
00000000
00000000
0000C8A1
00000000
0000ABB2
00000000
00000000
00000000
00000000
00000000
0000C8A1
00000000
0000ABB2
00000000
00000000
00000000
00000000
00000000
0000C8A1
00000000
0000ABB2
00000000
00000000
00000000
00000000
00000000
0000C8A1
00000000
0000ABB2
00000000
00000000
00000000
00000000
00000000
0000C8A1
00000000
0000ABB2
00000000
00000000
00000000
00000000
00000000
0000C8A1
00000000
0000ABB2
00000000
00000000
00000000
00000000
00000000
0000C8A1
00000000
0000ABB2
00000000
00000000
00000000
00000000
00000000
0000C8A1
00000000
0000ABB2
00000000
00000000
00000000
00000000
00000000
0000C8A1
00000000
0000ABB2
00000000
00000000
00000000
00000000
00000000
0000C8A1
00000000
0000ABB2
00000000
00000000
00000000
00000000
00000000
0000C8A1
00000000
0000ABB2
00000000
00000000
00000000
00000000
00000000
0000C8A1
00000000
0000ABB2
00000000
00000000
00000000
00000000
00000000
0000C8A1
00000000
0000ABB2
00000000
00000000
00000000
00000000
00000000
0000C8A1
00000000
0000C52D
0000080D
00000055
00000000
00000000
00550000
0000C8A1
00000000
000110D8
00002126
0003006D
00000000
00000000
006D0000
0000C8F6
00000000
00013FE6
00003088
000000A7
00000000
00000000
00A70000
0000C963
00000000
00019758
00004D6A
000000DA
00030006
00000000
00DA0000
0000CA0A
00000000
0001ED43
0000696F
00000151
00190000
00000000
01510000
0000CAE4
00000000
0001B418
00005672
00000144
000F0000
00000002
01440000
0000CC35
00000000
00014066
0000308C
000000C4
00040000
00000000
00C40000
0000CD79
00000000
0001065B
00001DA7
0000006D
00000000
00000000
006D0000
0000CE3D
00000000
0000EC94
0000153E
0000004A
00000000
00000002
004A0000
0000CEAA
00000000
0000E259
000011CD
00000050
00000000
00000000
00500000
0000CEF4
00000000
0000DC3B
00000FD3
00000044
00000000
00000000
00440000
0000CF44
00000000
0000BAE7
000004E7
00000020
00000000
00000000
00200000
0000CF88
00000000
0000B804
00000406
00000010
00000000
00000000
00100000
0000CFA8
00000000
0000B777
000003D7
00000010
00000000
00000000
00100000
0000CFB8
00000000
0000BF8D
00000681
00000016
00000000
00000000
00160000
0000CFC8
00000000
0000C59E
00000884
00000018
00000000
00000000
00180000
0000CFDE
00000000
0000BBFA
0000055C
0000000D
00000000
00000000
000D0000
0000CFF6
00000000
0000DFE2
00001120
00000034
00000000
00000000
00340000
0000D003
00000000
0000CE6E
00000B60
00000027
00000000
00000000
00270000
0000D037
00000000
0000C6AF
000008D7
0000001E
00000000
00000000
001E0000
0000D05E
00000000
0000C54E
00000864
0000001C
00000000
00000000
001C0000
0000D07C
00000000
0000C506
0000085C
00000010
00000000
00000000
00100000
0000D098
00000000
0000AC1C
00000022
00000001
00000000
00000000
00010000
0000D0A8
00000000
0000ABB2
00000000
00000000
00000000
00000000
00000000
0000D0A9
00000000
0000ABB2
00000000
00000000
00000000
00000000
00000000
0000D0A9
00000000
0000ABB2
00000000
00000000
00000000
00000000
00000000
0000D0A9
00000000
0000ABB2
00000000
00000000
00000000
00000000
00000000
0000D0A9
00000000
0000ABB2
00000000
00000000
00000000
00000000
00000000
0000D0A9
00000000
0000ABB2
00000000
00000000
00000000
00000000
00000000
0000D0A9
00000000
0000ABB2
00000000
00000000
00000000
00000000
00000000
0000D0A9
00000000
0000ABB2
00000000
00000000
00000000
00000000
00000000
0000D0A9
00000000
0000ABB2
00000000
00000000
00000000
00000000
00000000
0000D0A9
00000000
0000ABB2
00000000
00000000
00000000
00000000
00000000
0000D0A9
00000000
0000ABB2
00000000
00000000
00000000
00000000
00000000
0000D0A9
00000000
0000ABB2
00000000
00000000
00000000
00000000
00000000
0000D0A9
00000000
0000C6A5
00000885
00000059
00000000
00000000
00590000
0000D0A9
00000000
000111AA
0000216C
0004006D
00000000
00000000
006D0000
0000D102
00000000
00013F38
00003046
000000AD
00000001
00000000
00AD0000
0000D16F
00000000
000176EC
000042C2
000000BD
00020004
00000000
00BD0000
0000D21C
00000000
0001A111
00005085
000000F4
00120000
00000000
00F40000
0000D2D9
00000000
00015978
000038DE
000000CB
000C0000
00000002
00CB0000
0000D3CD
00000000
000165CC
00003CD6
000000E6
00060000
00000000
00E60000
0000D498
00000000
00011A4B
00002437
0000007D
00000000
00000000
007D0000
0000D57E
00000000
0000D126
00000C2C
0000003C
00000000
00000000
003C0000
0000D5FB
00000000
0000CC59
00000AB1
00000025
00010000
00000000
00250000
0000D637
00000000
0000E9DF
00001477
00000032
00000000
00000000
00320000
0000D65C
00000000
0000CD1B
00000AFB
0000001E
00000000
00000000
001E0000
0000D68E
00000000
0000D893
00000EC7
00000023
00000000
00000000
00230000
0000D6AC
00000000
0000F1BA
00001710
00000036
00010000
00000000
00360000
0000D6CF
00000000
0000D349
00000CE5
0000003A
00000000
00000000
003A0000
0000D705
00000000
0000C5CC
0000087E
00000028
00000000
00000000
00280000
0000D73F
00000000
0000B8A1
00000435
00000014
00000000
00000000
00140000
0000D767
00000000
0000AEAE
000000F4
00000008
00000000
00000000
00080000
0000D77B
00000000
0000AE85
000000E1
0000000C
00000000
00000000
000C0000
0000D783
00000000
0000B118
000001BE
0000000B
00000000
00000000
000B0000
0000D78F
00000000
0000ADE5
000000B1
00000008
00000000
00000000
00080000
0000D79A
00000000
0000ABB2
00000000
00000000
00000000
00000000
00000000
0000D7A2
00000000
0000ABB2
00000000
00000000
00000000
00000000
00000000
0000D7A2
00000000
0000ABB2
00000000
00000000
00000000
00000000
00000000
0000D7A2
00000000
0000ABB2
00000000
00000000
00000000
00000000
00000000
0000D7A2
00000000
0000ABB2
00000000
00000000
00000000
00000000
00000000
0000D7A2
00000000
0000ABB2
00000000
00000000
00000000
00000000
00000000
0000D7A2
00000000
0000ABB2
00000000
00000000
00000000
00000000
00000000
0000D7A2
00000000
0000ABB2
00000000
00000000
00000000
00000000
00000000
0000D7A2
00000000
0000ABB2
00000000
00000000
00000000
00000000
00000000
0000D7A2
00000000
0000ABB2
00000000
00000000
00000000
00000000
00000000
0000D7A2
00000000
0000ABB2
00000000
00000000
00000000
00000000
00000000
0000D7A2
00000000
0000ABB2
00000000
00000000
00000000
00000000
00000000
0000D7A2
00000000
0000ABB2
00000000
00000000
00000000
00000000
00000000
0000D7A2
00000000
0000ABB2
00000000
00000000
00000000
00000000
00000000
0000D7A2
00000000
0000C546
00000814
00000056
00000000
00000000
00560000
0000D7A2
00000000
00011302
000021DC
0004006F
00000000
00000000
006F0000
0000D7F8
00000000
00014BAD
00003469
000000B0
00000001
00000000
00B00000
0000D867
00000000
00017E68
00004542
000000BC
00050004
00000000
00BC0000
0000D917
00000000
0001781F
0000430B
000000D3
00110000
00000000
00D30000
0000D9D3
00000000
000134A2
00002CD8
0000009A
000A0000
00000001
009A0000
0000DAA6
00000000
000124DC
0000278E
000000A0
00070000
00000001
00A00000
0000DB40
00000000
0000F75C
000018A6
0000006E
00000000
00000000
006E0000
0000DBE0
00000000
0000DE86
0000109C
00000040
00000000
00000001
00400000
0000DC4E
00000000
0000D3D4
00000D12
0000003B
00000000
00000000
003B0000
0000DC8E
00000000
0000BDCC
000005DE
00000020
00000000
00000000
00200000
0000DCC9
00000000
0000B15F
000001D7
0000000A
00000000
00000000
000A0000
0000DCE9
00000000
0000ABB2
00000000
00000000
00000000
00000000
00000000
0000DCF3
00000000
0000ABB2
00000000
00000000
00000000
00000000
00000000
0000DCF3
00000000
0000ABB2
00000000
00000000
00000000
00000000
00000000
0000DCF3
00000000
0000ABB2
00000000
00000000
00000000
00000000
00000000
0000DCF3
00000000
0000ABB2
00000000
00000000
00000000
00000000
00000000
0000DCF3
00000000
0000ABB2
00000000
00000000
00000000
00000000
00000000
0000DCF3
00000000
0000ABB2
00000000
00000000
00000000
00000000
00000000
0000DCF3
00000000
0000ABB2
00000000
00000000
00000000
00000000
00000000
0000DCF3
00000000
0000ABB2
00000000
00000000
00000000
00000000
00000000
0000DCF3
00000000
0000ABB2
00000000
00000000
00000000
00000000
00000000
0000DCF3
00000000
0000ABB2
00000000
00000000
00000000
00000000
00000000
0000DCF3
00000000
0000ABB2
00000000
00000000
00000000
00000000
00000000
0000DCF3
00000000
0000ABB2
00000000
00000000
00000000
00000000
00000000
0000DCF3
00000000
0000ABB2
00000000
00000000
00000000
00000000
00000000
0000DCF3
00000000
0000ABB2
00000000
00000000
00000000
00000000
00000000
0000DCF3
00000000
0000ABB2
00000000
00000000
00000000
00000000
00000000
0000DCF3
00000000
0000ABB2
00000000
00000000
00000000
00000000
00000000
0000DCF3
00000000
0000ABB2
00000000
00000000
00000000
00000000
00000000
0000DCF3
00000000
0000ABB2
00000000
00000000
00000000
00000000
00000000
0000DCF3
00000000
0000ABB2
00000000
00000000
00000000
00000000
00000000
0000DCF3
00000000
0000ABB2
00000000
00000000
00000000
00000000
00000000
0000DCF3
00000000
0000ABB2
00000000
00000000
00000000
00000000
00000000
0000DCF3
00000000
0000ABB2
00000000
00000000
00000000
00000000
00000000
0000DCF3
00000000
0000C731
000008B1
0000005B
00000000
00000000
005B0000
0000DCF3
00000000
00011C8F
000024FF
00040078
00000000
00000000
00780000
0000DD4E
00000000
0001639D
00003C45
000000C7
00000000
00000000
00C70000
0000DDC6
00000000
0001BF29
00005A59
0000011B
00030005
00000000
011B0000
0000DE8D
00000000
00021AA2
00007858
0000017A
00200000
00000000
017A0000
0000DFA8
00000000
0001B79D
0000578D
00000151
000D0000
00000002
01510000
0000E122
00000000
00014C83
00003487
000000CF
00010000
00000000
00CF0000
0000E273
00000000
00012A7D
00002985
0000008F
00000000
00000000
008F0000
0000E342
00000000
00010485
00001D05
00000071
00000000
00000002
00710000
0000E3D1
00000000
0000DFC0
000010EE
00000051
00000000
00000000
00510000
0000E442
00000000
0000EDEE
000015A0
00000057
00000000
00000000
00570000
0000E493
00000000
0000D1DE
00000C74
00000034
00000000
00000000
00340000
0000E4EA
00000000
0000C372
000007CC
00000017
00000000
00000001
00170000
0000E51E
00000000
0000D199
00000C61
00000031
00000000
00000000
00310000
0000E535
00000000
0000C9F9
000009D9
0000002F
00000000
00000000
002F0000
0000E566
00000000
0000C468
00000812
00000020
00000000
00000000
00200000
0000E595
00000000
0000B686
00000388
0000000F
00000000
00000000
000F0000
0000E5B5
00000000
0000AD41
00000081
00000003
00000000
00000000
00030000
0000E5C4
00000000
0000ABB2
00000000
00000000
00000000
00000000
00000000
0000E5C7
00000000
0000ABB2
00000000
00000000
00000000
00000000
00000000
0000E5C7
00000000
0000ABB2
00000000
00000000
00000000
00000000
00000000
0000E5C7
00000000
0000ABB2
00000000
00000000
00000000
00000000
00000000
0000E5C7
00000000
0000ABB2
00000000
00000000
00000000
00000000
00000000
0000E5C7
00000000
0000ABB2
00000000
00000000
00000000
00000000
00000000
0000E5C7
00000000
0000ABB2
00000000
00000000
00000000
00000000
00000000
0000E5C7
00000000
0000ABB2
00000000
00000000
00000000
00000000
00000000
0000E5C7
00000000
0000ABB2
00000000
00000000
00000000
00000000
00000000
0000E5C7
00000000
0000ABB2
00000000
00000000
00000000
00000000
00000000
0000E5C7
00000000
0000ABB2
00000000
00000000
00000000
00000000
00000000
0000E5C7
00000000
0000ABB2
00000000
00000000
00000000
00000000
00000000
0000E5C7
00000000
0000ABB2
00000000
00000000
00000000
00000000
00000000
0000E5C7
00000000
0000ABB2
00000000
00000000
00000000
00000000
00000000
0000E5C7
00000000
0000ABB2
00000000
00000000
00000000
00000000
00000000
0000E5C7
00000000
0000ABB2
00000000
00000000
00000000
00000000
00000000
0000E5C7
00000000
0000ABB2
00000000
00000000
00000000
00000000
00000000
0000E5C7
00000000
0000C56A
00000820
00000056
00000000
00000000
00560000
0000E5C7
00000000
00010F58
000020AA
0004006A
00000000
00000000
006A0000
0000E61D
00000000
0001464A
00003298
000000B4
00000000
00000000
00B40000
0000E687
00000000
00018574
000047A2
000000B7
00010004
00000000
00B70000
0000E73B
00000000
0001B1F2
00005624
000000F5
00150000
00000000
00F50000
0000E7F2
00000000
00016F97
00004017
000000E8
00070000
00000001
00E80000
0000E8E7
00000000
00013A33
00002E73
000000CA
00020000
00000001
00CA0000
0000E9CF
00000000
00011ACF
00002463
0000007D
00000000
00000000
007D0000
0000EA99
00000000
0000FBBB
00001A33
0000005C
00010000
00000000
005C0000
0000EB16
00000000
0000CD28
00000AEE
0000002B
00000000
00000000
002B0000
0000EB72
00000000
0000C453
00000817
00000017
00000000
00000000
00170000
0000EB9D
00000000
0000D002
00000BF0
00000020
00000000
00000000
00200000
0000EBB4
00000000
0000D089
00000C1D
00000020
00000000
00000000
00200000
0000EBD4
00000000
0000C5EB
0000089B
0000001A
00000000
00000000
001A0000
0000EBF4
00000000
0000D16B
00000C67
00000021
00000000
00000000
00210000
0000EC0E
00000000
0000B716
000003B4
00000012
00000000
00000000
00120000
0000EC2F
00000000
0000B934
0000046A
00000011
00000000
00000000
00110000
0000EC41
00000000
0000AF4D
00000129
00000008
00000000
00000000
00080000
0000EC52
00000000
0000AF0E
00000118
00000005
00000000
00000000
00050000
0000EC5A
00000000
0000B563
0000032F
00000009
00000000
00000000
00090000
0000EC5F
00000000
0000B66A
00000384
0000000B
00000000
00000000
000B0000
0000EC68
00000000
0000B51A
00000318
00000008
00000000
00000000
00080000
0000EC73
00000000
0000ABB2
00000000
00000000
00000000
00000000
00000000
0000EC7B
00000000
0000ABB2
00000000
00000000
00000000
00000000
00000000
0000EC7B
00000000
0000ABB2
00000000
00000000
00000000
00000000
00000000
0000EC7B
00000000
0000ABB2
00000000
00000000
00000000
00000000
00000000
0000EC7B
00000000
0000ABB2
00000000
00000000
00000000
00000000
00000000
0000EC7B
00000000
0000ABB2
00000000
00000000
00000000
00000000
00000000
0000EC7B
00000000
0000ABB2
00000000
00000000
00000000
00000000
00000000
0000EC7B
00000000
0000ABB2
00000000
00000000
00000000
00000000
00000000
0000EC7B
00000000
0000ABB2
00000000
00000000
00000000
00000000
00000000
0000EC7B
00000000
0000ABB2
00000000
00000000
00000000
00000000
00000000
0000EC7B
00000000
0000ABB2
00000000
00000000
00000000
00000000
00000000
0000EC7B
00000000
0000ABB2
00000000
00000000
00000000
00000000
00000000
0000EC7B
00000000
0000ABB2
00000000
00000000
00000000
00000000
00000000
0000EC7B
00000000
0000C6DC
00000896
0000005A
00000000
00000000
005A0000
0000EC7B
00000000
000114BE
0000226C
00040072
00000000
00000000
00720000
0000ECD5
00000000
0001498F
000033AF
000000B4
00000001
00000000
00B40000
0000ED47
00000000
00018E2F
00004A67
000000D2
00030004
00000000
00D20000
0000EDFB
00000000
0001A385
00005145
00000101
00140000
00000000
01010000
0000EECD
00000000
00014DE9
00003515
000000BE
000E0000
00000001
00BE0000
0000EFCE
00000000
00010110
00001BC6
00000083
00020000
00000001
00830000
0000F08C
00000000
0000F3DF
00001793
0000005D
00000000
00000000
005D0000
0000F10F
00000000
0000CF25
00000BA1
00000024
00000000
00000000
00240000
0000F16C
00000000
0000BA2F
000004BB
00000013
00000000
00000000
00130000
0000F190
00000000
0000B03C
0000017A
00000007
00000000
00000000
00070000
0000F1A3
00000000
0000AE0E
000000C4
00000004
00010000
00000000
00040000
0000F1AA
00000000
0000B0E2
000001B4
00000005
00000000
00000000
00050000
0000F1AE
00000000
0000ABB2
00000000
00000000
00000000
00000000
00000000
0000F1B3
00000000
0000ABB2
00000000
00000000
00000000
00000000
00000000
0000F1B3
00000000
0000ABB2
00000000
00000000
00000000
00000000
00000000
0000F1B3
00000000
0000ABB2
00000000
00000000
00000000
00000000
00000000
0000F1B3
00000000
0000ABB2
00000000
00000000
00000000
00000000
00000000
0000F1B3
00000000
0000ABB2
00000000
00000000
00000000
00000000
00000000
0000F1B3
00000000
0000ABB2
00000000
00000000
00000000
00000000
00000000
0000F1B3
00000000
0000ABB2
00000000
00000000
00000000
00000000
00000000
0000F1B3
00000000
0000ABB2
00000000
00000000
00000000
00000000
00000000
0000F1B3
00000000
0000ABB2
00000000
00000000
00000000
00000000
00000000
0000F1B3
00000000
0000ABB2
00000000
00000000
00000000
00000000
00000000
0000F1B3
00000000
0000ABB2
00000000
00000000
00000000
00000000
00000000
0000F1B3
00000000
0000ABB2
00000000
00000000
00000000
00000000
00000000
0000F1B3
00000000
0000ABB2
00000000
00000000
00000000
00000000
00000000
0000F1B3
00000000
0000ABB2
00000000
00000000
00000000
00000000
00000000
0000F1B3
00000000
0000ABB2
00000000
00000000
00000000
00000000
00000000
0000F1B3
00000000
0000ABB2
00000000
00000000
00000000
00000000
00000000
0000F1B3
00000000
0000ABB2
00000000
00000000
00000000
00000000
00000000
0000F1B3
00000000
0000ABB2
00000000
00000000
00000000
00000000
00000000
0000F1B3
00000000
0000ABB2
00000000
00000000
00000000
00000000
00000000
0000F1B3
00000000
0000ABB2
00000000
00000000
00000000
00000000
00000000
0000F1B3
00000000
0000ABB2
00000000
00000000
00000000
00000000
00000000
0000F1B3
00000000
0000C66F
00000873
00000059
00000000
00000000
00590000
0000F1B3
00000000
00011563
000022A3
00040072
00000000
00000000
00720000
0000F20C
00000000
0001679D
00003DA1
000000C2
00000001
00000000
00C20000
0000F27E
00000000
0001D3A7
00006137
00000114
00060006
00000000
01140000
0000F340
00000000
0001E459
00006675
00000152
00170001
00000000
01520000
0000F454
00000000
0001AD5B
00005423
00000150
000C0000
00000002
01500000
0000F5A6
00000000
00012DDC
00002A62
000000C1
00000000
00000000
00C10000
0000F6F6
00000000
0000FD4F
00001A97
00000076
00010000
00000000
00760000
0000F7B7
00000000
0000F6B4
00001886
0000005C
00010000
00000002
005C0000
0000F82D
00000000
0000F1A7
000016D3
0000005F
00000000
00000000
005F0000
0000F889
00000000
0000D66F
00000DE7
00000042
00000000
00000000
00420000
0000F8E8
00000000
0000C357
000007BF
0000001A
00000000
00000000
001A0000
0000F92A
00000000
0000BF72
00000678
00000016
00000000
00000000
00160000
0000F944
00000000
0000C56F
00000867
00000022
00000000
00000000
00220000
0000F95A
00000000
0000B700
000003AE
00000011
00000000
00000000
00110000
0000F97C
00000000
0000C1DE
00000748
00000015
00000000
00000000
00150000
0000F98D
00000000
0000B03B
0000017F
00000003
00000000
00000000
00030000
0000F9A2
00000000
0000ABB2
00000000
00000000
00000000
00000000
00000000
0000F9A5
00000000
0000ABB2
00000000
00000000
00000000
00000000
00000000
0000F9A5
00000000
0000ABB2
00000000
00000000
00000000
00000000
00000000
0000F9A5
00000000
0000ABB2
00000000
00000000
00000000
00000000
00000000
0000F9A5
00000000
0000ABB2
00000000
00000000
00000000
00000000
00000000
0000F9A5
00000000
0000ABB2
00000000
00000000
00000000
00000000
00000000
0000F9A5
00000000
0000ABB2
00000000
00000000
00000000
00000000
00000000
0000F9A5
00000000
0000ABB2
00000000
00000000
00000000
00000000
00000000
0000F9A5
00000000
0000ABB2
00000000
00000000
00000000
00000000
00000000
0000F9A5
00000000
0000ABB2
00000000
00000000
00000000
00000000
00000000
0000F9A5
00000000
0000ABB2
00000000
00000000
00000000
00000000
00000000
0000F9A5
00000000
0000ABB2
00000000
00000000
00000000
00000000
00000000
0000F9A5
00000000
0000ABB2
00000000
00000000
00000000
00000000
00000000
0000F9A5
00000000
0000ABB2
00000000
00000000
00000000
00000000
00000000
0000F9A5
00000000
0000ABB2
00000000
00000000
00000000
00000000
00000000
0000F9A5
00000000
0000ABB2
00000000
00000000
00000000
00000000
00000000
0000F9A5
00000000
0000ABB2
00000000
00000000
00000000
00000000
00000000
0000F9A5
00000000
0000ABB2
00000000
00000000
00000000
00000000
00000000
0000F9A5
00000000
0000C6A2
00000884
00000059
00000000
00000000
00590000
0000F9A5
00000000
000114D2
00002274
00040071
00000000
00000000
00710000
0000F9FE
00000000
000154FC
0000376A
000000C3
00000000
00000000
00C30000
0000FA6F
00000000
0001A65F
00005237
00000102
00020005
00000000
01020000
0000FB32
00000000
0001E223
000065D7
0000013B
00110000
00000000
013B0000
0000FC34
00000000
00019DEF
00004F33
00000129
00170000
00000002
01290000
0000FD6F
00000000
00015257
0000364F
000000EE
00030000
00000000
00EE0000
0000FE98
00000000
0000FAA3
000019CB
00000064
00010000
00000000
00640000
0000FF86
00000000
0000E425
00001279
00000042
00000000
00000000
00420000
0000FFEA
00000000
0000CD8A
00000B14
00000027
00000000
00000000
00270000
0001002C
00000000
0000DDF0
00001082
0000002E
00000000
00000000
002E0000
00010053
00000000
0000CBF6
00000A90
00000025
00000000
00000000
00250000
00010081
00000000
0000D0A2
00000C14
0000002D
00000000
00000000
002D0000
000100A6
00000000
0000CF74
00000BC2
0000001F
00000000
00000000
001F0000
000100D3
00000000
0000C953
000009B3
00000022
00000000
00000000
00220000
000100F2
00000000
0000BE7A
00000630
0000000E
00000000
00000000
000E0000
00010114
00000000
0000B547
00000323
0000000B
00000000
00000000
000B0000
00010122
00000000
0000B890
00000432
00000012
00010000
00000000
00120000
0001012D
00000000
0000AFAC
0000014A
00000007
00000000
00000001
00070000
0001013F
00000000
0000C778
0000090E
00000027
00000000
00000000
00270000
00010146
00000000
0000BD92
000005C0
00000028
00000000
00000000
00280000
0001016D
00000000
0000B6BC
00000392
00000015
00000000
00000000
00150000
00010195
00000000
0000B50F
00000317
00000006
00000000
00000000
00060000
000101AA
00000000
0000ABB2
00000000
00000000
00000000
00000000
00000000
000101B0
00000000
0000ABB2
00000000
00000000
00000000
00000000
00000000
000101B0
00000000
0000ABB2
00000000
00000000
00000000
00000000
00000000
000101B0
00000000
0000ABB2
00000000
00000000
00000000
00000000
00000000
000101B0
00000000
0000ABB2
00000000
00000000
00000000
00000000
00000000
000101B0
00000000
0000ABB2
00000000
00000000
00000000
00000000
00000000
000101B0
00000000
0000ABB2
00000000
00000000
00000000
00000000
00000000
000101B0
00000000
0000ABB2
00000000
00000000
00000000
00000000
00000000
000101B0
00000000
0000ABB2
00000000
00000000
00000000
00000000
00000000
000101B0
00000000
0000ABB2
00000000
00000000
00000000
00000000
00000000
000101B0
00000000
0000ABB2
00000000
00000000
00000000
00000000
00000000
000101B0
00000000
0000ABB2
00000000
00000000
00000000
00000000
00000000
000101B0
00000000
0000C4A2
000007E0
00000054
00000000
00000000
00540000
000101B0
00000000
000110B1
00002119
0004006D
00000000
00000000
006D0000
00010204
00000000
000141AC
00003122
000000A5
00000001
00000000
00A50000
00010271
00000000
000162FF
00003C3B
000000A7
00000003
00000000
00A70000
00010316
00000000
0001CCC2
00005EDC
0000011F
00110000
00000000
011F0000
000103BD
00000000
000166C9
00003D2D
000000E4
000B0000
00000001
00E40000
000104DC
00000000
00013F8B
00003043
000000C4
00040000
00000001
00C40000
000105C0
00000000
00015EED
00003ACD
000000B5
00020000
00000000
00B50000
00010684
00000000
0000E940
0000141A
00000050
00010000
00000000
00500000
00010739
00000000
0000DDA1
00001059
00000039
00000000
00000001
00390000
00010789
00000000
0000CC98
00000ABA
0000002E
00010000
00000000
002E0000
000107C2
00000000
0000D6E9
00000E11
00000041
00000000
00000000
00410000
000107F0
00000000
0000D583
00000DAF
00000031
00000000
00000000
00310000
00010831
00000000
0000CFBA
00000BD8
00000020
00000000
00000000
00200000
00010862
00000000
0000D166
00000C6C
0000001C
00000000
00000000
001C0000
00010882
00000000
0000B0EE
000001B4
00000008
00000000
00000000
00080000
0001089E
00000000
0000AEE0
00000106
00000007
00000000
00000000
00070000
000108A6
00000000
0000AF9F
00000147
00000006
00000000
00000000
00060000
000108AD
00000000
0000B121
000001C5
00000008
00000000
00000000
00080000
000108B3
00000000
0000B684
0000038E
0000000A
00000000
00000000
000A0000
000108BB
00000000
0000BB18
0000050E
0000000F
00000000
00000000
000F0000
000108C5
00000000
0000B9E7
000004AF
0000000A
00000000
00000000
000A0000
000108D4
00000000
0000ABB2
00000000
00000000
00000000
00000000
00000000
000108DE
00000000
0000ABB2
00000000
00000000
00000000
00000000
00000000
000108DE
00000000
0000ABB2
00000000
00000000
00000000
00000000
00000000
000108DE
00000000
0000ABB2
00000000
00000000
00000000
00000000
00000000
000108DE
00000000
0000ABB2
00000000
00000000
00000000
00000000
00000000
000108DE
00000000
0000ABB2
00000000
00000000
00000000
00000000
00000000
000108DE
00000000
0000ABB2
00000000
00000000
00000000
00000000
00000000
000108DE
00000000
0000ABB2
00000000
00000000
00000000
00000000
00000000
000108DE
00000000
0000ABB2
00000000
00000000
00000000
00000000
00000000
000108DE
00000000
0000ABB2
00000000
00000000
00000000
00000000
00000000
000108DE
00000000
0000ABB2
00000000
00000000
00000000
00000000
00000000
000108DE
00000000
0000ABB2
00000000
00000000
00000000
00000000
00000000
000108DE
00000000
0000ABB2
00000000
00000000
00000000
00000000
00000000
000108DE
00000000
0000C731
000008B1
0000005B
00000000
00000000
005B0000
000108DE
00000000
00011428
0000223A
00040072
00000000
00000000
00720000
00010939
00000000
000152CB
000036BF
000000B7
00000000
00000000
00B70000
000109AB
00000000
000154E0
00003782
000000AA
00000005
00000000
00AA0000
00010A62
00000000
00018B57
0000496B
000000D9
00100000
00000000
00D90000
00010B0C
00000000
00013E4D
0000300D
0000009D
00090000
00000000
009D0000
00010BE5
00000000
000120E0
00002652
0000008E
00030000
00000002
008E0000
00010C82
00000000
00012DF1
00002A95
000000A0
00010000
00000000
00A00000
00010D10
00000000
0000E6B1
00001341
0000004F
00010000
00000000
004F0000
00010DB0
00000000
0000D428
00000D36
00000035
00000000
00000000
00350000
00010DFF
00000000
0000C179
00000725
00000016
00000000
00000000
00160000
00010E34
00000000
0000CDD4
00000B3A
0000001D
00000000
00000000
001D0000
00010E4A
00000000
0000CA78
00000A12
00000024
00000000
00000000
00240000
00010E67
00000000
0000CE77
00000B6B
00000021
00000000
00000000
00210000
00010E8B
00000000
0000BA06
000004AC
00000014
00000000
00000000
00140000
00010EAC
00000000
0000D1FA
00000C98
00000020
00000000
00000000
00200000
00010EC0
00000000
0000C20D
00000751
0000001A
00000000
00000000
001A0000
00010EE0
00000000
0000BA3D
000004C5
0000000F
00000000
00000000
000F0000
00010EFA
00000000
0000B79F
000003EB
0000000B
00000000
00000000
000B0000
00010F09
00000000
0000AF82
00000144
00000001
00000000
00000000
00010000
00010F14
00000000
0000ABB2
00000000
00000000
00000000
00000000
00000000
00010F15
00000000
0000ABB2
00000000
00000000
00000000
00000000
00000000
00010F15
00000000
0000ABB2
00000000
00000000
00000000
00000000
00000000
00010F15
00000000
0000ABB2
00000000
00000000
00000000
00000000
00000000
00010F15
00000000
0000ABB2
00000000
00000000
00000000
00000000
00000000
00010F15
00000000
0000ABB2
00000000
00000000
00000000
00000000
00000000
00010F15
00000000
0000ABB2
00000000
00000000
00000000
00000000
00000000
00010F15
00000000
0000ABB2
00000000
00000000
00000000
00000000
00000000
00010F15
00000000
0000ABB2
00000000
00000000
00000000
00000000
00000000
00010F15
00000000
0000ABB2
00000000
00000000
00000000
00000000
00000000
00010F15
00000000
0000ABB2
00000000
00000000
00000000
00000000
00000000
00010F15
00000000
0000ABB2
00000000
00000000
00000000
00000000
00000000
00010F15
00000000
0000ABB2
00000000
00000000
00000000
00000000
00000000
00010F15
00000000
0000ABB2
00000000
00000000
00000000
00000000
00000000
00010F15
00000000
0000ABB2
00000000
00000000
00000000
00000000
00000000
00010F15
00000000
0000C546
00000814
00000056
00000000
00000000
00560000
00010F15
00000000
00011077
00002107
0004006C
00000000
00000000
006C0000
00010F6B
00000000
000156C2
00003814
000000B5
00000000
00000000
00B50000
00010FD7
00000000
000162AF
00003C1F
000000A8
00000006
00000000
00A80000
0001108C
00000000
0001B2EB
00005663
00000104
00120000
00000000
01040000
00011134
00000000
000154F5
00003759
000000CE
000B0000
00000002
00CE0000
00011238
00000000
00012E97
00002ABF
000000AA
00040000
00000000
00AA0000
00011306
00000000
00012383
0000274F
00000079
00010000
00000000
00790000
000113B0
00000000
0000EBDF
000014F7
00000052
00010000
00000002
00520000
00011429
00000000
0000D31B
00000CCF
0000003F
00010000
00000000
003F0000
0001147B
00000000
0000B936
00000450
00000025
00000000
00000000
00250000
000114BA
00000000
0000B4FF
00000303
00000011
00000000
00000000
00110000
000114DF
00000000
0000B40F
000002BB
0000000B
00000000
00000000
000B0000
000114F0
00000000
0000B766
000003D8
0000000B
00000000
00000000
000B0000
000114FB
00000000
0000ADFD
000000C1
00000002
00000000
00000000
00020000
00011506
00000000
0000ABB2
00000000
00000000
00000000
00000000
00000000
00011508
00000000
0000ABB2
00000000
00000000
00000000
00000000
00000000
00011508
00000000
0000ABB2
00000000
00000000
00000000
00000000
00000000
00011508
00000000
0000ABB2
00000000
00000000
00000000
00000000
00000000
00011508
00000000
0000ABB2
00000000
00000000
00000000
00000000
00000000
00011508
00000000
0000ABB2
00000000
00000000
00000000
00000000
00000000
00011508
00000000
0000ABB2
00000000
00000000
00000000
00000000
00000000
00011508
00000000
0000ABB2
00000000
00000000
00000000
00000000
00000000
00011508
00000000
0000ABB2
00000000
00000000
00000000
00000000
00000000
00011508
00000000
0000ABB2
00000000
00000000
00000000
00000000
00000000
00011508
00000000
0000ABB2
00000000
00000000
00000000
00000000
00000000
00011508
00000000
0000ABB2
00000000
00000000
00000000
00000000
00000000
00011508
00000000
0000ABB2
00000000
00000000
00000000
00000000
00000000
00011508
00000000
0000ABB2
00000000
00000000
00000000
00000000
00000000
00011508
00000000
0000ABB2
00000000
00000000
00000000
00000000
00000000
00011508
00000000
0000ABB2
00000000
00000000
00000000
00000000
00000000
00011508
00000000
0000ABB2
00000000
00000000
00000000
00000000
00000000
00011508
00000000
0000ABB2
00000000
00000000
00000000
00000000
00000000
00011508
00000000
0000ABB2
00000000
00000000
00000000
00000000
00000000
00011508
00000000
0000ABB2
00000000
00000000
00000000
00000000
00000000
00011508
00000000
0000C76B
000008C3
0000005C
00000000
00000000
005C0000
00011508
00000000
000118E5
000023CD
00050073
00000000
00000000
00730000
00011564
00000000
00015821
00003879
000000C1
00000001
00000000
00C10000
000115D7
00000000
0001A06B
0000503B
00000102
00030004
00000000
01020000
00011698
00000000
00021687
000076FF
00000176
001C0000
00000001
01760000
0001179A
00000000
0001AFE4
000054FE
0000014E
000C0000
00000001
014E0000
00011910
00000000
00014229
00003115
000000CE
00060000
00010000
00CE0000
00011A5E
00000000
00011788
0000234E
0000007B
00000000
00000001
007B0000
00011B2C
00000000
00010C41
00001F85
00000080
00000000
00000001
00800000
00011BA7
00000000
0000E29B
000011F3
00000044
00000000
00000000
00440000
00011C27
00000000
0000F5AF
0000183B
00000053
00000000
00000000
00530000
00011C6B
00000000
0000E2AC
00001202
0000003D
00000000
00000000
003D0000
00011CBE
00000000
0000D0BE
00000C30
0000001F
00000000
00000000
001F0000
00011CFB
00000000
0000E654
00001342
00000037
00010000
00000000
00370000
00011D1A
00000000
0000F7B5
000018F5
00000049
00000000
00000000
00490000
00011D51
00000000
0000D6A2
00000E14
0000002D
00000000
00000000
002D0000
00011D9A
00000000
0000D77B
00000E63
00000028
00000000
00000000
00280000
00011DC7
00000000
0000D67C
00000E0E
00000028
00010000
00000000
00280000
00011DEF
00000000
0000C894
00000976
00000020
00000000
00000000
00200000
00011E17
00000000
0000CDB1
00000B25
00000024
00000000
00000000
00240000
00011E37
00000000
0000DAD4
00000F7A
0000002D
00000000
00000000
002D0000
00011E5B
00000000
0000D182
00000C6C
00000023
00000000
00000000
00230000
00011E88
00000000
0000C147
00000703
00000023
00010000
00000000
00230000
00011EAB
00000000
0000C586
00000878
0000001B
00000000
00000000
001B0000
00011ECE
00000000
0000B541
0000031D
0000000E
00000000
00000000
000E0000
00011EE9
00000000
0000ABB2
00000000
00000000
00000000
00000000
00000000
00011EF7
00000000
0000ABB2
00000000
00000000
00000000
00000000
00000000
00011EF7
00000000
0000ABB2
00000000
00000000
00000000
00000000
00000000
00011EF7
00000000
0000ABB2
00000000
00000000
00000000
00000000
00000000
00011EF7
00000000
0000ABB2
00000000
00000000
00000000
00000000
00000000
00011EF7
00000000
0000ABB2
00000000
00000000
00000000
00000000
00000000
00011EF7
00000000
0000ABB2
00000000
00000000
00000000
00000000
00000000
00011EF7
00000000
0000ABB2
00000000
00000000
00000000
00000000
00000000
00011EF7
00000000
0000ABB2
00000000
00000000
00000000
00000000
00000000
00011EF7
00000000
0000ABB2
00000000
00000000
00000000
00000000
00000000
00011EF7
00000000
0000C4F0
000007FA
00000054
00000000
00000000
00540000
00011EF7
00000000
00010CC5
00001FCD
0004006B
00000000
00000000
006B0000
00011F4B
00000000
000139BD
00002E89
0000009C
00000000
00000000
009C0000
00011FB6
00000000
00010DCA
00002038
0000005C
00000000
00000000
005C0000
00012052
00000000
00010802
00001E54
00000055
00030000
00000000
00550000
000120AE
00000000
0000DD6F
00001047
0000003A
00050000
00000000
003A0000
00012103
00000000
0000ECE4
0000156A
0000003D
00030000
00000000
003D0000
0001213D
00000000
00010419
00001D09
00000053
00030000
00000002
00530000
0001217A
00000000
00011775
0000232D
0000008F
00070000
00000000
008F0000
000121CD
00000000
0000F715
0000188D
0000006F
00000000
00000000
006F0000
0001225C
00000000
0000C6F5
000008D9
0000002E
00020000
00000000
002E0000
000122CB
00000000
0000D57F
00000DBF
00000024
00020000
00000000
00240000
000122F9
00000000
0000D111
00000C39
0000002D
00010000
00000000
002D0000
0001231D
00000000
0000D054
00000BFE
0000002A
00000000
00000000
002A0000
0001234A
00000000
0000C066
000006C8
00000017
00000000
00000000
00170000
00012374
00000000
0000B34C
0000027E
00000008
00000000
00000000
00080000
0001238B
00000000
0000AED2
00000104
00000005
00000000
00000000
00050000
00012393
00000000
0000B4F2
00000304
0000000D
00000000
00000000
000D0000
00012398
00000000
0000BED1
0000064D
0000000E
00000000
00000000
000E0000
000123A5
00000000
0000BADC
000004FA
0000000F
00000000
00000000
000F0000
000123B3
00000000
0000C081
000006DD
0000000E
00000000
00000000
000E0000
000123C2
00000000
0000C08A
000006D0
0000001A
00000000
00000000
001A0000
000123D0
00000000
0000C23E
0000076C
00000012
00000000
00000000
00120000
000123EA
00000000
0000B34B
00000277
0000000D
00000000
00000000
000D0000
000123FC
00000000
0000AD26
00000078
00000003
00000000
00000000
00030000
00012409
00000000
0000ABD1
00000009
00000001
00000000
00000000
00010000
0001240C
00000000
0000ABB2
00000000
00000000
00000000
00000000
00000000
0001240D
00000000
0000ABB2
00000000
00000000
00000000
00000000
00000000
0001240D
00000000
0000ABB2
00000000
00000000
00000000
00000000
00000000
0001240D
00000000
0000ABB2
00000000
00000000
00000000
00000000
00000000
0001240D
00000000
0000ABB2
00000000
00000000
00000000
00000000
00000000
0001240D
00000000
0000ABB2
00000000
00000000
00000000
00000000
00000000
0001240D
00000000
0000ABB2
00000000
00000000
00000000
00000000
00000000
0001240D
00000000
0000ABB2
00000000
00000000
00000000
00000000
00000000
0001240D
00000000
0000ABB2
00000000
00000000
00000000
00000000
00000000
0001240D
00000000
0000ABB2
00000000
00000000
00000000
00000000
00000000
0001240D
00000000
0000ABB2
00000000
00000000
00000000
00000000
00000000
0001240D
00000000
0000ABB2
00000000
00000000
00000000
00000000
00000000
0001240D
00000000
0000ABB2
00000000
00000000
00000000
00000000
00000000
0001240D
00000000
0000ABB2
00000000
00000000
00000000
00000000
00000000
0001240D
00000000
0000ABB2
00000000
00000000
00000000
00000000
00000000
0001240D
00000000
0000ABB2
00000000
00000000
00000000
00000000
00000000
0001240D
00000000
0000ABB2
00000000
00000000
00000000
00000000
00000000
0001240D
00000000
0000ABB2
00000000
00000000
00000000
00000000
00000000
0001240D
00000000
0000ABB2
00000000
00000000
00000000
00000000
00000000
0001240D
00000000
0000ABB2
00000000
00000000
00000000
00000000
00000000
0001240D
00000000
0000ABB2
00000000
00000000
00000000
00000000
00000000
0001240D
00000000
0000ABB2
00000000
00000000
00000000
00000000
00000000
0001240D
00000000
0000ABB2
00000000
00000000
00000000
00000000
00000000
0001240D
00000000
0000ABB2
00000000
00000000
00000000
00000000
00000000
0001240D
00000000
0000ABB2
00000000
00000000
00000000
00000000
00000000
0001240D
00000000
0000ABB2
00000000
00000000
00000000
00000000
00000000
0001240D
00000000
0000ABB2
00000000
00000000
00000000
00000000
00000000
0001240D
00000000
0000ABB2
00000000
00000000
00000000
00000000
00000000
0001240D
00000000
0000ABB2
00000000
00000000
00000000
00000000
00000000
0001240D
00000000
0000ABB2
00000000
00000000
00000000
00000000
00000000
0001240D
00000000
0000ABB2
00000000
00000000
00000000
00000000
00000000
0001240D
00000000
0000ABB2
00000000
00000000
00000000
00000000
00000000
0001240D
00000000
0000ABB2
00000000
00000000
00000000
00000000
00000000
0001240D
00000000
0000ABB2
00000000
00000000
00000000
00000000
00000000
0001240D
00000000
0000ABB2
00000000
00000000
00000000
00000000
00000000
0001240D
00000000
0000ABB2
00000000
00000000
00000000
00000000
00000000
0001240D
00000000
0000ABB2
00000000
00000000
00000000
00000000
00000000
0001240D
00000000
0000ABB2
00000000
00000000
00000000
00000000
00000000
0001240D
00000000
0000ABB2
00000000
00000000
00000000
00000000
00000000
0001240D
00000000
0000ABB2
00000000
00000000
00000000
00000000
00000000
0001240D
00000000
0000ABB2
00000000
00000000
00000000
00000000
00000000
0001240D
00000000
0000ABB2
00000000
00000000
00000000
00000000
00000000
0001240D
00000000
0000ABB2
00000000
00000000
00000000
00000000
00000000
0001240D
00000000
0000ABB2
00000000
00000000
00000000
00000000
00000000
0001240D
00000000
0000ABB2
00000000
00000000
00000000
00000000
00000000
0001240D
00000000
0000ABB2
00000000
00000000
00000000
00000000
00000000
0001240D
00000000
0000ABB2
00000000
00000000
00000000
00000000
00000000
0001240D
00000000
0000ABB2
00000000
00000000
00000000
00000000
00000000
0001240D
00000000
0000ABB2
00000000
00000000
00000000
00000000
00000000
0001240D
00000000
0000ABB2
00000000
00000000
00000000
00000000
00000000
0001240D
00000000
0000ABB2
00000000
00000000
00000000
00000000
00000000
0001240D
00000000
0000ABB2
00000000
00000000
00000000
00000000
00000000
0001240D
00000000
0000ABB2
00000000
00000000
00000000
00000000
00000000
0001240D
00000000
0000ABB2
00000000
00000000
00000000
00000000
00000000
0001240D
00000000
0000ABB2
00000000
00000000
00000000
00000000
00000000
0001240D
00000000
0000ABB2
00000000
00000000
00000000
00000000
00000000
0001240D
00000000
0000ABB2
00000000
00000000
00000000
00000000
00000000
0001240D
00000000
0000ABB2
00000000
00000000
00000000
00000000
00000000
0001240D
00000000
0000ABB2
00000000
00000000
00000000
00000000
00000000
0001240D
00000000
0000ABB2
00000000
00000000
00000000
00000000
00000000
0001240D
00000000
0000ABB2
00000000
00000000
00000000
00000000
00000000
0001240D
00000000
0000ABB2
00000000
00000000
00000000
00000000
00000000
0001240D
00000000
0000ABB2
00000000
00000000
00000000
00000000
00000000
0001240D
00000000
0000ABB2
00000000
00000000
00000000
00000000
00000000
0001240D
00000000
0000ABB2
00000000
00000000
00000000
00000000
00000000
0001240D
00000000
0000ABB2
00000000
00000000
00000000
00000000
00000000
0001240D
00000000
0000ABB2
00000000
00000000
00000000
00000000
00000000
0001240D
00000000
0000ABB2
00000000
00000000
00000000
00000000
00000000
0001240D
00000000
0000ABB2
00000000
00000000
00000000
00000000
00000000
0001240D
00000000
0000ABB2
00000000
00000000
00000000
00000000
00000000
0001240D
00000000
0000ABB2
00000000
00000000
00000000
00000000
00000000
0001240D
00000000
0000ABB2
00000000
00000000
00000000
00000000
00000000
0001240D
00000000
0000ABB2
00000000
00000000
00000000
00000000
00000000
0001240D
00000000
0000ABB2
00000000
00000000
00000000
00000000
00000000
0001240D
00000000
0000ABB2
00000000
00000000
00000000
00000000
00000000
0001240D
00000000
0000ABB2
00000000
00000000
00000000
00000000
00000000
0001240D
00000000
0000ABB2
00000000
00000000
00000000
00000000
00000000
0001240D
00000000
0000ABB2
00000000
00000000
00000000
00000000
00000000
0001240D
00000000
0000ABB2
00000000
00000000
00000000
00000000
00000000
0001240D
00000000
0000ABB2
00000000
00000000
00000000
00000000
00000000
0001240D
00000000
0000ABB2
00000000
00000000
00000000
00000000
00000000
0001240D
00000000
0000ABB2
00000000
00000000
00000000
00000000
00000000
0001240D
00000000
0000ABB2
00000000
00000000
00000000
00000000
00000000
0001240D
00000000
0000ABB2
00000000
00000000
00000000
00000000
00000000
0001240D
00000000
0000ABB2
00000000
00000000
00000000
00000000
00000000
0001240D
00000000
0000ABB2
00000000
00000000
00000000
00000000
00000000
0001240D
00000000
0000ABB2
00000000
00000000
00000000
00000000
00000000
0001240D
00000000
0000ABB2
00000000
00000000
00000000
00000000
00000000
0001240D
00000000
0000ABB2
00000000
00000000
00000000
00000000
00000000
0001240D
00000000
0000ABB2
00000000
00000000
00000000
00000000
00000000
0001240D
00000000
0000ABB2
00000000
00000000
00000000
00000000
00000000
0001240D
00000000
0000ABB2
00000000
00000000
00000000
00000000
00000000
0001240D
00000000
0000ABB2
00000000
00000000
00000000
00000000
00000000
0001240D
00000000
0000ABB2
00000000
00000000
00000000
00000000
00000000
0001240D
00000000
0000ABB2
00000000
00000000
00000000
00000000
00000000
0001240D
00000000
0000ABB2
00000000
00000000
00000000
00000000
00000000
0001240D
00000000
0000ABB2
00000000
00000000
00000000
00000000
00000000
0001240D
00000000
0000ABB2
00000000
00000000
00000000
00000000
00000000
0001240D
00000000
0000ABB2
00000000
00000000
00000000
00000000
00000000
0001240D
00000000
0000ABB2
00000000
00000000
00000000
00000000
00000000
0001240D
00000000
0000ABB2
00000000
00000000
00000000
00000000
00000000
0001240D
00000000
0000ABB2
00000000
00000000
00000000
00000000
00000000
0001240D
00000000
0000ABB2
00000000
00000000
00000000
00000000
00000000
0001240D
00000000
0000ABB2
00000000
00000000
00000000
00000000
00000000
0001240D
00000000
0000ABB2
00000000
00000000
00000000
00000000
00000000
0001240D
00000000
0000ABB2
00000000
00000000
00000000
00000000
00000000
0001240D
00000000
0000ABB2
00000000
00000000
00000000
00000000
00000000
0001240D
00000000
0000ABB2
00000000
00000000
00000000
00000000
00000000
0001240D
00000000
0000ABB2
00000000
00000000
00000000
00000000
00000000
0001240D
00000000
0000ABB2
00000000
00000000
00000000
00000000
00000000
0001240D
00000000
0000ABB2
00000000
00000000
00000000
00000000
00000000
0001240D
00000000
0000ABB2
00000000
00000000
00000000
00000000
00000000
0001240D
00000000
0000ABB2
00000000
00000000
00000000
00000000
00000000
0001240D
00000000
0000ABB2
00000000
00000000
00000000
00000000
00000000
0001240D
00000000
0000ABB2
00000000
00000000
00000000
00000000
00000000
0001240D
00000000
0000ABB2
00000000
00000000
00000000
00000000
00000000
0001240D
00000000
0000ABB2
00000000
00000000
00000000
00000000
00000000
0001240D
00000000
0000ABB2
00000000
00000000
00000000
00000000
00000000
0001240D
00000000
0000ABB2
00000000
00000000
00000000
00000000
00000000
0001240D
00000000
0000ABB2
00000000
00000000
00000000
00000000
00000000
0001240D
00000000
0000ABB2
00000000
00000000
00000000
00000000
00000000
0001240D
00000000
0000ABB2
00000000
00000000
00000000
00000000
00000000
0001240D
00000000
0000ABB2
00000000
00000000
00000000
00000000
00000000
0001240D
00000000
0000ABB2
00000000
00000000
00000000
00000000
00000000
0001240D
00000000
0000ABB2
00000000
00000000
00000000
00000000
00000000
0001240D
00000000
0000ABB2
00000000
00000000
00000000
00000000
00000000
0001240D
00000000
0000ABB2
00000000
00000000
00000000
00000000
00000000
0001240D
00000000
0000ABB2
00000000
00000000
00000000
00000000
00000000
0001240D
00000000
0000ABB2
00000000
00000000
00000000
00000000
00000000
0001240D
00000000
0000ABB2
00000000
00000000
00000000
00000000
00000000
0001240D
00000000
0000ABB2
00000000
00000000
00000000
00000000
00000000
0001240D
00000000
0000ABB2
00000000
00000000
00000000
00000000
00000000
0001240D
00000000
0000ABB2
00000000
00000000
00000000
00000000
00000000
0001240D
00000000
0000ABB2
00000000
00000000
00000000
00000000
00000000
0001240D
00000000
0000ABB2
00000000
00000000
00000000
00000000
00000000
0001240D
00000000
0000ABB2
00000000
00000000
00000000
00000000
00000000
0001240D
00000000
0000ABB2
00000000
00000000
00000000
00000000
00000000
0001240D
00000000
0000ABB2
00000000
00000000
00000000
00000000
00000000
0001240D
00000000
0000ABB2
00000000
00000000
00000000
00000000
00000000
0001240D
00000000
0000ABB2
00000000
00000000
00000000
00000000
00000000
0001240D
00000000
0000ABB2
00000000
00000000
00000000
00000000
00000000
0001240D
00000000
0000ABB2
00000000
00000000
00000000
00000000
00000000
0001240D
00000000
0000ABB2
00000000
00000000
00000000
00000000
00000000
0001240D
00000000
0000ABB2
00000000
00000000
00000000
00000000
00000000
0001240D
00000000
0000ABB2
00000000
00000000
00000000
00000000
00000000
0001240D
00000000
0000ABB2
00000000
00000000
00000000
00000000
00000000
0001240D
00000000
0000ABB2
00000000
00000000
00000000
00000000
00000000
0001240D
00000000
0000ABB2
00000000
00000000
00000000
00000000
00000000
0001240D
00000000
0000ABB2
00000000
00000000
00000000
00000000
00000000
0001240D
00000000
0000ABB2
00000000
00000000
00000000
00000000
00000000
0001240D
00000000
0000ABB2
00000000
00000000
00000000
00000000
00000000
0001240D
00000000
0000ABB2
00000000
00000000
00000000
00000000
00000000
0001240D
00000000
0000ABB2
00000000
00000000
00000000
00000000
00000000
0001240D
00000000
0000ABB2
00000000
00000000
00000000
00000000
00000000
0001240D
00000000
0000ABB2
00000000
00000000
00000000
00000000
00000000
0001240D
00000000
0000ABB2
00000000
00000000
00000000
00000000
00000000
0001240D
00000000
0000ABB2
00000000
00000000
00000000
00000000
00000000
0001240D
00000000
0000ABB2
00000000
00000000
00000000
00000000
00000000
0001240D
00000000
0000ABB2
00000000
00000000
00000000
00000000
00000000
0001240D
00000000
0000ABB2
00000000
00000000
00000000
00000000
00000000
0001240D
00000000
0000ABB2
00000000
00000000
00000000
00000000
00000000
0001240D
00000000
0000ABB2
00000000
00000000
00000000
00000000
00000000
0001240D
00000000
0000ABB2
00000000
00000000
00000000
00000000
00000000
0001240D
00000000
0000ABB2
00000000
00000000
00000000
00000000
00000000
0001240D
00000000
0000ABB2
00000000
00000000
00000000
00000000
00000000
0001240D
00000000
0000ABB2
00000000
00000000
00000000
00000000
00000000
0001240D
00000000
0000ABB2
00000000
00000000
00000000
00000000
00000000
0001240D
00000000
0000ABB2
00000000
00000000
00000000
00000000
00000000
0001240D
00000000
0000ABB2
00000000
00000000
00000000
00000000
00000000
0001240D
00000000
0000ABB2
00000000
00000000
00000000
00000000
00000000
0001240D
00000000
0000ABB2
00000000
00000000
00000000
00000000
00000000
0001240D
00000000
0000ABB2
00000000
00000000
00000000
00000000
00000000
0001240D
00000000
0000ABB2
00000000
00000000
00000000
00000000
00000000
0001240D
00000000
0000ABB2
00000000
00000000
00000000
00000000
00000000
0001240D
00000000
0000ABB2
00000000
00000000
00000000
00000000
00000000
0001240D
00000000
0000ABB2
00000000
00000000
00000000
00000000
00000000
0001240D
00000000
0000ABB2
00000000
00000000
00000000
00000000
00000000
0001240D
00000000
0000ABB2
00000000
00000000
00000000
00000000
00000000
0001240D
00000000
0000ABB2
00000000
00000000
00000000
00000000
00000000
0001240D
00000000
0000ABB2
00000000
00000000
00000000
00000000
00000000
0001240D
00000000
0000ABB2
00000000
00000000
00000000
00000000
00000000
0001240D
00000000
0000ABB2
00000000
00000000
00000000
00000000
00000000
0001240D
00000000
0000ABB2
00000000
00000000
00000000
00000000
00000000
0001240D
00000000
0000ABB2
00000000
00000000
00000000
00000000
00000000
0001240D
00000000
0000ABB2
00000000
00000000
00000000
00000000
00000000
0001240D
00000000
0000ABB2
00000000
00000000
00000000
00000000
00000000
0001240D
00000000
0000ABB2
00000000
00000000
00000000
00000000
00000000
0001240D
00000000
0000ABB2
00000000
00000000
00000000
00000000
00000000
0001240D
00000000
0000ABB2
00000000
00000000
00000000
00000000
00000000
0001240D
00000000
0000ABB2
00000000
00000000
00000000
00000000
00000000
0001240D
00000000
0000ABB2
00000000
00000000
00000000
00000000
00000000
0001240D
00000000
0000ABB2
00000000
00000000
00000000
00000000
00000000
0001240D
00000000
0000ABB2
00000000
00000000
00000000
00000000
00000000
0001240D
00000000
0000ABB2
00000000
00000000
00000000
00000000
00000000
0001240D
00000000
0000ABB2
00000000
00000000
00000000
00000000
00000000
0001240D
00000000
0000ABB2
00000000
00000000
00000000
00000000
00000000
0001240D
00000000
0000ABB2
00000000
00000000
00000000
00000000
00000000
0001240D
00000000
0000ABB2
00000000
00000000
00000000
00000000
00000000
0001240D
00000000
0000ABB2
00000000
00000000
00000000
00000000
00000000
0001240D
00000000
0000ABB2
00000000
00000000
00000000
00000000
00000000
0001240D
00000000
0000ABB2
00000000
00000000
00000000
00000000
00000000
0001240D
00000000
0000ABB2
00000000
00000000
00000000
00000000
00000000
0001240D
00000000
0000ABB2
00000000
00000000
00000000
00000000
00000000
0001240D
00000000
0000ABB2
00000000
00000000
00000000
00000000
00000000
0001240D
00000000
0000ABB2
00000000
00000000
00000000
00000000
00000000
0001240D
00000000
0000ABB2
00000000
00000000
00000000
00000000
00000000
0001240D
00000000
0000ABB2
00000000
00000000
00000000
00000000
00000000
0001240D
00000000
0000ABB2
00000000
00000000
00000000
00000000
00000000
0001240D
00000000
0000ABB2
00000000
00000000
00000000
00000000
00000000
0001240D
00000000
0000ABB2
00000000
00000000
00000000
00000000
00000000
0001240D
00000000
0000ABB2
00000000
00000000
00000000
00000000
00000000
0001240D
00000000
0000ABB2
00000000
00000000
00000000
00000000
00000000
0001240D
00000000
0000ABB2
00000000
00000000
00000000
00000000
00000000
0001240D
00000000
0000ABB2
00000000
00000000
00000000
00000000
00000000
0001240D
00000000
0000ABB2
00000000
00000000
00000000
00000000
00000000
0001240D
00000000
0000ABB2
00000000
00000000
00000000
00000000
00000000
0001240D
00000000
0000ABB2
00000000
00000000
00000000
00000000
00000000
0001240D
00000000
0000ABB2
00000000
00000000
00000000
00000000
00000000
0001240D
00000000
0000ABB2
00000000
00000000
00000000
00000000
00000000
0001240D
00000000
0000ABB2
00000000
00000000
00000000
00000000
00000000
0001240D
00000000
0000ABB2
00000000
00000000
00000000
00000000
00000000
0001240D
00000000
0000ABB2
00000000
00000000
00000000
00000000
00000000
0001240D
00000000
0000ABB2
00000000
00000000
00000000
00000000
00000000
0001240D
00000000
0000ABB2
00000000
00000000
00000000
00000000
00000000
0001240D
00000000
0000ABB2
00000000
00000000
00000000
00000000
00000000
0001240D
00000000
0000ABB2
00000000
00000000
00000000
00000000
00000000
0001240D
00000000
0000ABB2
00000000
00000000
00000000
00000000
00000000
0001240D
00000000
0000ABB2
00000000
00000000
00000000
00000000
00000000
0001240D
00000000
0000ABB2
00000000
00000000
00000000
00000000
00000000
0001240D
00000000
0000ABB2
00000000
00000000
00000000
00000000
00000000
0001240D
00000000
0000ABB2
00000000
00000000
00000000
00000000
00000000
0001240D
00000000
0000ABB2
00000000
00000000
00000000
00000000
00000000
0001240D
00000000
0000ABB2
00000000
00000000
00000000
00000000
00000000
0001240D
00000000
0000ABB2
00000000
00000000
00000000
00000000
00000000
0001240D
00000000
0000ABB2
00000000
00000000
00000000
00000000
00000000
0001240D
00000000
0000ABB2
00000000
00000000
00000000
00000000
00000000
0001240D
00000000
0000ABB2
00000000
00000000
00000000
00000000
00000000
0001240D
00000000
0000ABB2
00000000
00000000
00000000
00000000
00000000
0001240D
00000000
0000ABB2
00000000
00000000
00000000
00000000
00000000
0001240D
00000000
0000ABB2
00000000
00000000
00000000
00000000
00000000
0001240D
00000000
0000ABB2
00000000
00000000
00000000
00000000
00000000
0001240D
00000000
0000ABB2
00000000
00000000
00000000
00000000
00000000
0001240D
00000000
0000ABB2
00000000
00000000
00000000
00000000
00000000
0001240D
00000000
0000ABB2
00000000
00000000
00000000
00000000
00000000
0001240D
00000000
0000ABB2
00000000
00000000
00000000
00000000
00000000
0001240D
00000000
0000ABB2
00000000
00000000
00000000
00000000
00000000
0001240D
00000000
0000ABB2
00000000
00000000
00000000
00000000
00000000
0001240D
00000000
0000ABB2
00000000
00000000
00000000
00000000
00000000
0001240D
00000000
0000ABB2
00000000
00000000
00000000
00000000
00000000
0001240D
00000000
0000ABB2
00000000
00000000
00000000
00000000
00000000
0001240D
00000000
0000ABB2
00000000
00000000
00000000
00000000
00000000
0001240D
00000000
0000ABB2
00000000
00000000
00000000
00000000
00000000
0001240D
00000000
0000ABB2
00000000
00000000
00000000
00000000
00000000
0001240D
00000000
0000ABB2
00000000
00000000
00000000
00000000
00000000
0001240D
00000000
0000ABB2
00000000
00000000
00000000
00000000
00000000
0001240D
00000000
0000ABB2
00000000
00000000
00000000
00000000
00000000
0001240D
00000000
0000ABB2
00000000
00000000
00000000
00000000
00000000
0001240D
00000000
0000ABB2
00000000
00000000
00000000
00000000
00000000
0001240D
00000000
0000ABB2
00000000
00000000
00000000
00000000
00000000
0001240D
00000000
0000ABB2
00000000
00000000
00000000
00000000
00000000
0001240D
00000000
0000ABB2
00000000
00000000
00000000
00000000
00000000
0001240D
00000000
0000ABB2
00000000
00000000
00000000
00000000
00000000
0001240D
00000000
0000ABB2
00000000
00000000
00000000
00000000
00000000
0001240D
00000000
0000ABB2
00000000
00000000
00000000
00000000
00000000
0001240D
00000000
0000ABB2
00000000
00000000
00000000
00000000
00000000
0001240D
00000000
0000ABB2
00000000
00000000
00000000
00000000
00000000
0001240D
00000000
0000ABB2
00000000
00000000
00000000
00000000
00000000
0001240D
00000000
0000ABB2
00000000
00000000
00000000
00000000
00000000
0001240D
00000000
0000ABB2
00000000
00000000
00000000
00000000
00000000
0001240D
00000000
0000ABB2
00000000
00000000
00000000
00000000
00000000
0001240D
00000000
0000ABB2
00000000
00000000
00000000
00000000
00000000
0001240D
00000000
0000ABB2
00000000
00000000
00000000
00000000
00000000
0001240D
00000000
0000ABB2
00000000
00000000
00000000
00000000
00000000
0001240D
00000000
0000ABB2
00000000
00000000
00000000
00000000
00000000
0001240D
00000000
0000ABB2
00000000
00000000
00000000
00000000
00000000
0001240D
00000000
0000ABB2
00000000
00000000
00000000
00000000
00000000
0001240D
00000000
0000ABB2
00000000
00000000
00000000
00000000
00000000
0001240D
00000000
0000ABB2
00000000
00000000
00000000
00000000
00000000
0001240D
00000000
0000ABB2
00000000
00000000
00000000
00000000
00000000
0001240D
00000000
0000ABB2
00000000
00000000
00000000
00000000
00000000
0001240D
00000000
0000ABB2
00000000
00000000
00000000
00000000
00000000
0001240D
00000000
0000ABB2
00000000
00000000
00000000
00000000
00000000
0001240D
00000000
0000ABB2
00000000
00000000
00000000
00000000
00000000
0001240D
00000000
0000ABB2
00000000
00000000
00000000
00000000
00000000
0001240D
00000000
0000ABB2
00000000
00000000
00000000
00000000
00000000
0001240D
00000000
0000ABB2
00000000
00000000
00000000
00000000
00000000
0001240D
00000000
0000ABB2
00000000
00000000
00000000
00000000
00000000
0001240D
00000000
0000ABB2
00000000
00000000
00000000
00000000
00000000
0001240D
00000000
0000ABB2
00000000
00000000
00000000
00000000
00000000
0001240D
00000000
0000ABB2
00000000
00000000
00000000
00000000
00000000
0001240D
00000000
0000ABB2
00000000
00000000
00000000
00000000
00000000
0001240D
00000000
0000ABB2
00000000
00000000
00000000
00000000
00000000
0001240D
00000000
0000ABB2
00000000
00000000
00000000
00000000
00000000
0001240D
00000000
0000ABB2
00000000
00000000
00000000
00000000
00000000
0001240D
00000000
0000ABB2
00000000
00000000
00000000
00000000
00000000
0001240D
00000000
0000ABB2
00000000
00000000
00000000
00000000
00000000
0001240D
00000000
0000ABB2
00000000
00000000
00000000
00000000
00000000
0001240D
00000000
0000ABB2
00000000
00000000
00000000
00000000
00000000
0001240D
00000000
0000ABB2
00000000
00000000
00000000
00000000
00000000
0001240D
00000000
0000ABB2
00000000
00000000
00000000
00000000
00000000
0001240D
00000000
0000ABB2
00000000
00000000
00000000
00000000
00000000
0001240D
00000000
0000ABB2
00000000
00000000
00000000
00000000
00000000
0001240D
00000000
0000ABB2
00000000
00000000
00000000
00000000
00000000
0001240D
00000000
0000ABB2
00000000
00000000
00000000
00000000
00000000
0001240D
00000000
0000ABB2
00000000
00000000
00000000
00000000
00000000
0001240D
00000000
0000ABB2
00000000
00000000
00000000
00000000
00000000
0001240D
00000000
0000ABB2
00000000
00000000
00000000
00000000
00000000
0001240D
00000000
0000ABB2
00000000
00000000
00000000
00000000
00000000
0001240D
00000000
0000ABB2
00000000
00000000
00000000
00000000
00000000
0001240D
00000000
0000ABB2
00000000
00000000
00000000
00000000
00000000
0001240D
00000000
0000ABB2
00000000
00000000
00000000
00000000
00000000
0001240D
00000000
0000ABB2
00000000
00000000
00000000
00000000
00000000
0001240D
00000000
0000ABB2
00000000
00000000
00000000
00000000
00000000
0001240D
00000000
0000ABB2
00000000
00000000
00000000
00000000
00000000
0001240D
00000000
0000ABB2
00000000
00000000
00000000
00000000
00000000
0001240D
00000000
0000ABB2
00000000
00000000
00000000
00000000
00000000
0001240D
00000000
0000ABB2
00000000
00000000
00000000
00000000
00000000
0001240D
00000000
0000ABB2
00000000
00000000
00000000
00000000
00000000
0001240D
00000000
0000ABB2
00000000
00000000
00000000
00000000
00000000
0001240D
00000000
0000ABB2
00000000
00000000
00000000
00000000
00000000
0001240D
00000000
0000ABB2
00000000
00000000
00000000
00000000
00000000
0001240D
00000000
0000ABB2
00000000
00000000
00000000
00000000
00000000
0001240D
00000000
0000ABB2
00000000
00000000
00000000
00000000
00000000
0001240D
00000000
0000ABB2
00000000
00000000
00000000
00000000
00000000
0001240D
00000000
0000ABB2
00000000
00000000
00000000
00000000
00000000
0001240D
00000000
0000ABB2
00000000
00000000
00000000
00000000
00000000
0001240D
00000000
0000ABB2
00000000
00000000
00000000
00000000
00000000
0001240D
00000000
0000ABB2
00000000
00000000
00000000
00000000
00000000
0001240D
00000000
0000ABB2
00000000
00000000
00000000
00000000
00000000
0001240D
00000000
0000ABB2
00000000
00000000
00000000
00000000
00000000
0001240D
00000000
0000ABB2
00000000
00000000
00000000
00000000
00000000
0001240D
00000000
0000ABB2
00000000
00000000
00000000
00000000
00000000
0001240D
00000000
0000ABB2
00000000
00000000
00000000
00000000
00000000
0001240D
00000000
0000ABB2
00000000
00000000
00000000
00000000
00000000
0001240D
00000000
0000ABB2
00000000
00000000
00000000
00000000
00000000
0001240D
00000000
0000ABB2
00000000
00000000
00000000
00000000
00000000
0001240D
00000000
0000ABB2
00000000
00000000
00000000
00000000
00000000
0001240D
00000000
0000ABB2
00000000
00000000
00000000
00000000
00000000
0001240D
00000000
0000ABB2
00000000
00000000
00000000
00000000
00000000
0001240D
00000000
0000ABB2
00000000
00000000
00000000
00000000
00000000
0001240D
00000000
0000ABB2
00000000
00000000
00000000
00000000
00000000
0001240D
00000000
0000ABB2
00000000
00000000
00000000
00000000
00000000
0001240D
00000000
0000ABB2
00000000
00000000
00000000
00000000
00000000
0001240D
00000000
0000ABB2
00000000
00000000
00000000
00000000
00000000
0001240D
00000000
0000ABB2
00000000
00000000
00000000
00000000
00000000
0001240D
00000000
0000ABB2
00000000
00000000
00000000
00000000
00000000
0001240D
00000000
0000ABB2
00000000
00000000
00000000
00000000
00000000
0001240D
00000000
0000ABB2
00000000
00000000
00000000
00000000
00000000
0001240D
00000000
0000ABB2
00000000
00000000
00000000
00000000
00000000
0001240D
00000000
0000ABB2
00000000
00000000
00000000
00000000
00000000
0001240D
00000000
0000ABB2
00000000
00000000
00000000
00000000
00000000
0001240D
00000000
0000ABB2
00000000
00000000
00000000
00000000
00000000
0001240D
00000000
0000ABB2
00000000
00000000
00000000
00000000
00000000
0001240D
00000000
0000ABB2
00000000
00000000
00000000
00000000
00000000
0001240D
00000000
0000ABB2
00000000
00000000
00000000
00000000
00000000
0001240D
00000000
0000ABB2
00000000
00000000
00000000
00000000
00000000
0001240D
00000000
0000ABB2
00000000
00000000
00000000
00000000
00000000
0001240D
00000000
0000ABB2
00000000
00000000
00000000
00000000
00000000
0001240D
00000000
0000ABB2
00000000
00000000
00000000
00000000
00000000
0001240D
00000000
0000ABB2
00000000
00000000
00000000
00000000
00000000
0001240D
00000000
0000ABB2
00000000
00000000
00000000
00000000
00000000
0001240D
00000000
0000ABB2
00000000
00000000
00000000
00000000
00000000
0001240D
00000000
0000ABB2
00000000
00000000
00000000
00000000
00000000
0001240D
00000000
0000ABB2
00000000
00000000
00000000
00000000
00000000
0001240D
00000000
0000ABB2
00000000
00000000
00000000
00000000
00000000
0001240D
00000000
0000ABB2
00000000
00000000
00000000
00000000
00000000
0001240D
00000000
0000ABB2
00000000
00000000
00000000
00000000
00000000
0001240D
00000000
0000ABB2
00000000
00000000
00000000
00000000
00000000
0001240D
00000000
0000ABB2
00000000
00000000
00000000
00000000
00000000
0001240D
00000000
0000ABB2
00000000
00000000
00000000
00000000
00000000
0001240D
00000000
0000ABB2
00000000
00000000
00000000
00000000
00000000
0001240D
00000000
0000ABB2
00000000
00000000
00000000
00000000
00000000
0001240D
00000000
0000ABB2
00000000
00000000
00000000
00000000
00000000
0001240D
00000000
0000ABB2
00000000
00000000
00000000
00000000
00000000
0001240D
00000000
0000ABB2
00000000
00000000
00000000
00000000
00000000
0001240D
00000000
0000ABB2
00000000
00000000
00000000
00000000
00000000
0001240D
00000000
0000ABB2
00000000
00000000
00000000
00000000
00000000
0001240D
00000000
0000ABB2
00000000
00000000
00000000
00000000
00000000
0001240D
00000000
0000ABB2
00000000
00000000
00000000
00000000
00000000
0001240D
00000000
0000ABB2
00000000
00000000
00000000
00000000
00000000
0001240D
00000000
0000ABB2
00000000
00000000
00000000
00000000
00000000
0001240D
00000000
0000ABB2
00000000
00000000
00000000
00000000
00000000
0001240D
00000000
0000ABB2
00000000
00000000
00000000
00000000
00000000
0001240D
00000000
0000ABB2
00000000
00000000
00000000
00000000
00000000
0001240D
00000000
0000ABB2
00000000
00000000
00000000
00000000
00000000
0001240D
00000000
0000ABB2
00000000
00000000
00000000
00000000
00000000
0001240D
00000000
0000ABB2
00000000
00000000
00000000
00000000
00000000
0001240D
00000000
0000ABB2
00000000
00000000
00000000
00000000
00000000
0001240D
00000000
0000ABB2
00000000
00000000
00000000
00000000
00000000
0001240D
00000000
0000ABB2
00000000
00000000
00000000
00000000
00000000
0001240D
00000000
0000ABB2
00000000
00000000
00000000
00000000
00000000
0001240D
00000000
0000ABB2
00000000
00000000
00000000
00000000
00000000
0001240D
00000000
0000ABB2
00000000
00000000
00000000
00000000
00000000
0001240D
00000000
0000ABB2
00000000
00000000
00000000
00000000
00000000
0001240D
00000000
0000ABB2
00000000
00000000
00000000
00000000
00000000
0001240D
00000000
0000ABB2
00000000
00000000
00000000
00000000
00000000
0001240D
00000000
0000ABB2
00000000
00000000
00000000
00000000
00000000
0001240D
00000000
0000ABB2
00000000
00000000
00000000
00000000
00000000
0001240D
00000000
0000ABB2
00000000
00000000
00000000
00000000
00000000
0001240D
00000000
0000ABB2
00000000
00000000
00000000
00000000
00000000
0001240D
00000000
0000ABB2
00000000
00000000
00000000
00000000
00000000
0001240D
00000000
0000ABB2
00000000
00000000
00000000
00000000
00000000
0001240D
00000000
0000ABB2
00000000
00000000
00000000
00000000
00000000
0001240D
00000000
0000ABB2
00000000
00000000
00000000
00000000
00000000
0001240D
00000000
0000ABB2
00000000
00000000
00000000
00000000
00000000
0001240D
00000000
0000ABB2
00000000
00000000
00000000
00000000
00000000
0001240D
00000000
0000ABB2
00000000
00000000
00000000
00000000
00000000
0001240D
00000000
0000ABB2
00000000
00000000
00000000
00000000
00000000
0001240D
00000000
0000ABB2
00000000
00000000
00000000
00000000
00000000
0001240D
00000000
0000ABB2
00000000
00000000
00000000
00000000
00000000
0001240D
00000000
0000ABB2
00000000
00000000
00000000
00000000
00000000
0001240D
00000000
0000ABB2
00000000
00000000
00000000
00000000
00000000
0001240D
00000000
0000ABB2
00000000
00000000
00000000
00000000
00000000
0001240D
00000000
0000ABB2
00000000
00000000
00000000
00000000
00000000
0001240D
00000000
0000ABB2
00000000
00000000
00000000
00000000
00000000
0001240D
00000000
0000ABB2
00000000
00000000
00000000
00000000
00000000
0001240D
00000000
0000ABB2
00000000
00000000
00000000
00000000
00000000
0001240D
00000000
0000ABB2
00000000
00000000
00000000
00000000
00000000
0001240D
00000000
0000ABB2
00000000
00000000
00000000
00000000
00000000
0001240D
00000000
0000ABB2
00000000
00000000
00000000
00000000
00000000
0001240D
00000000
0000ABB2
00000000
00000000
00000000
00000000
00000000
0001240D
00000000
0000ABB2
00000000
00000000
00000000
00000000
00000000
0001240D
00000000
0000ABB2
00000000
00000000
00000000
00000000
00000000
0001240D
00000000
0000ABB2
00000000
00000000
00000000
00000000
00000000
0001240D
00000000
0000ABB2
00000000
00000000
00000000
00000000
00000000
0001240D
00000000
0000ABB2
00000000
00000000
00000000
00000000
00000000
0001240D
00000000
0000ABB2
00000000
00000000
00000000
00000000
00000000
0001240D
00000000
0000ABB2
00000000
00000000
00000000
00000000
00000000
0001240D
00000000
0000ABB2
00000000
00000000
00000000
00000000
00000000
0001240D
00000000
0000ABB2
00000000
00000000
00000000
00000000
00000000
0001240D
00000000
0000ABB2
00000000
00000000
00000000
00000000
00000000
0001240D
00000000
0000ABB2
00000000
00000000
00000000
00000000
00000000
0001240D
00000000
0000ABB2
00000000
00000000
00000000
00000000
00000000
0001240D
00000000
0000ABB2
00000000
00000000
00000000
00000000
00000000
0001240D
00000000
0000ABB2
00000000
00000000
00000000
00000000
00000000
0001240D
00000000
0000ABB2
00000000
00000000
00000000
00000000
00000000
0001240D
00000000
0000ABB2
00000000
00000000
00000000
00000000
00000000
0001240D
00000000
0000ABB2
00000000
00000000
00000000
00000000
00000000
0001240D
00000000
0000ABB2
00000000
00000000
00000000
00000000
00000000
0001240D
00000000
0000ABB2
00000000
00000000
00000000
00000000
00000000
0001240D
00000000
0000ABB2
00000000
00000000
00000000
00000000
00000000
0001240D
00000000
0000ABB2
00000000
00000000
00000000
00000000
00000000
0001240D
00000000
0000ABB2
00000000
00000000
00000000
00000000
00000000
0001240D
00000000
0000ABB2
00000000
00000000
00000000
00000000
00000000
0001240D
00000000
0000ABB2
00000000
00000000
00000000
00000000
00000000
0001240D
00000000
0000ABB2
00000000
00000000
00000000
00000000
00000000
0001240D
00000000
0000ABB2
00000000
00000000
00000000
00000000
00000000
0001240D
00000000
0000ABB2
00000000
00000000
00000000
00000000
00000000
0001240D
00000000
0000ABB2
00000000
00000000
00000000
00000000
00000000
0001240D
00000000
0000ABB2
00000000
00000000
00000000
00000000
00000000
0001240D
00000000
0000ABB2
00000000
00000000
00000000
00000000
00000000
0001240D
00000000
0000ABB2
00000000
00000000
00000000
00000000
00000000
0001240D
00000000
0000ABB2
00000000
00000000
00000000
00000000
00000000
0001240D
00000000
0000ABB2
00000000
00000000
00000000
00000000
00000000
0001240D
00000000
0000ABB2
00000000
00000000
00000000
00000000
00000000
0001240D
00000000
0000ABB2
00000000
00000000
00000000
00000000
00000000
0001240D
00000000
0000ABB2
00000000
00000000
00000000
00000000
00000000
0001240D
00000000
0000ABB2
00000000
00000000
00000000
00000000
00000000
0001240D
00000000
0000ABB2
00000000
00000000
00000000
00000000
00000000
0001240D
00000000
0000ABB2
00000000
00000000
00000000
00000000
00000000
0001240D
00000000
0000ABB2
00000000
00000000
00000000
00000000
00000000
0001240D
00000000
0000ABB2
00000000
00000000
00000000
00000000
00000000
0001240D
00000000
0000ABB2
00000000
00000000
00000000
00000000
00000000
0001240D
00000000
0000ABB2
00000000
00000000
00000000
00000000
00000000
0001240D
00000000
0000ABB2
00000000
00000000
00000000
00000000
00000000
0001240D
00000000
0000ABB2
00000000
00000000
00000000
00000000
00000000
0001240D
00000000
0000ABB2
00000000
00000000
00000000
00000000
00000000
0001240D
00000000
0000ABB2
00000000
00000000
00000000
00000000
00000000
0001240D
00000000
0000ABB2
00000000
00000000
00000000
00000000
00000000
0001240D
00000000
0000ABB2
00000000
00000000
00000000
00000000
00000000
0001240D
00000000
0000ABB2
00000000
00000000
00000000
00000000
00000000
0001240D
00000000
0000ABB2
00000000
00000000
00000000
00000000
00000000
0001240D
00000000
0000ABB2
00000000
00000000
00000000
00000000
00000000
0001240D
00000000
0000ABB2
00000000
00000000
00000000
00000000
00000000
0001240D
00000000
0000ABB2
00000000
00000000
00000000
00000000
00000000
0001240D
00000000
0000ABB2
00000000
00000000
00000000
00000000
00000000
0001240D
00000000
0000ABB2
00000000
00000000
00000000
00000000
00000000
0001240D
00000000
0000ABB2
00000000
00000000
00000000
00000000
00000000
0001240D
00000000
0000ABB2
00000000
00000000
00000000
00000000
00000000
0001240D
00000000
0000ABB2
00000000
00000000
00000000
00000000
00000000
0001240D
00000000
0000ABB2
00000000
00000000
00000000
00000000
00000000
0001240D
00000000
0000ABB2
00000000
00000000
00000000
00000000
00000000
0001240D
00000000
0000ABB2
00000000
00000000
00000000
00000000
00000000
0001240D
00000000
0000ABB2
00000000
00000000
00000000
00000000
00000000
0001240D
00000000
0000ABB2
00000000
00000000
00000000
00000000
00000000
0001240D
00000000
0000ABB2
00000000
00000000
00000000
00000000
00000000
0001240D
00000000
0000ABB2
00000000
00000000
00000000
00000000
00000000
0001240D
00000000
0000ABB2
00000000
00000000
00000000
00000000
00000000
0001240D
00000000
0000ABB2
00000000
00000000
00000000
00000000
00000000
0001240D
00000000
0000ABB2
00000000
00000000
00000000
00000000
00000000
0001240D
00000000
0000ABB2
00000000
00000000
00000000
00000000
00000000
0001240D
00000000
0000ABB2
00000000
00000000
00000000
00000000
00000000
0001240D
00000000
0000ABB2
00000000
00000000
00000000
00000000
00000000
0001240D
00000000
0000ABB2
00000000
00000000
00000000
00000000
00000000
0001240D
00000000
0000ABB2
00000000
00000000
00000000
00000000
00000000
0001240D
00000000
0000ABB2
00000000
00000000
00000000
00000000
00000000
0001240D
00000000
0000ABB2
00000000
00000000
00000000
00000000
00000000
0001240D
00000000
0000ABB2
00000000
00000000
00000000
00000000
00000000
0001240D
00000000
0000ABB2
00000000
00000000
00000000
00000000
00000000
0001240D
00000000
0000ABB2
00000000
00000000
00000000
00000000
00000000
0001240D
00000000
0000ABB2
00000000
00000000
00000000
00000000
00000000
0001240D
00000000
0000ABB2
00000000
00000000
00000000
00000000
00000000
0001240D
00000000
0000ABB2
00000000
00000000
00000000
00000000
00000000
0001240D
00000000
0000ABB2
00000000
00000000
00000000
00000000
00000000
0001240D
00000000
0000ABB2
00000000
00000000
00000000
00000000
00000000
0001240D
00000000
0000ABB2
00000000
00000000
00000000
00000000
00000000
0001240D
00000000
0000ABB2
00000000
00000000
00000000
00000000
00000000
0001240D
00000000
0000ABB2
00000000
00000000
00000000
00000000
00000000
0001240D
00000000
0000ABB2
00000000
00000000
00000000
00000000
00000000
0001240D
00000000
0000ABB2
00000000
00000000
00000000
00000000
00000000
0001240D
00000000
0000ABB2
00000000
00000000
00000000
00000000
00000000
0001240D
00000000
0000ABB2
00000000
00000000
00000000
00000000
00000000
0001240D
00000000
0000ABB2
00000000
00000000
00000000
00000000
00000000
0001240D
00000000
0000ABB2
00000000
00000000
00000000
00000000
00000000
0001240D
00000000
0000ABB2
00000000
00000000
00000000
00000000
00000000
0001240D
00000000
0000ABB2
00000000
00000000
00000000
00000000
00000000
0001240D
00000000
0000ABB2
00000000
00000000
00000000
00000000
00000000
0001240D
00000000
0000ABB2
00000000
00000000
00000000
00000000
00000000
0001240D
00000000
0000ABB2
00000000
00000000
00000000
00000000
00000000
0001240D
00000000
0000ABB2
00000000
00000000
00000000
00000000
00000000
0001240D
00000000
0000ABB2
00000000
00000000
00000000
00000000
00000000
0001240D
00000000
0000ABB2
00000000
00000000
00000000
00000000
00000000
0001240D
00000000
0000ABB2
00000000
00000000
00000000
00000000
00000000
0001240D
00000000
0000ABB2
00000000
00000000
00000000
00000000
00000000
0001240D
00000000
0000ABB2
00000000
00000000
00000000
00000000
00000000
0001240D
00000000
0000ABB2
00000000
00000000
00000000
00000000
00000000
0001240D
00000000
0000ABB2
00000000
00000000
00000000
00000000
00000000
0001240D
00000000
0000ABB2
00000000
00000000
00000000
00000000
00000000
0001240D
00000000
0000ABB2
00000000
00000000
00000000
00000000
00000000
0001240D
00000000
0000ABB2
00000000
00000000
00000000
00000000
00000000
0001240D
00000000
0000ABB2
00000000
00000000
00000000
00000000
00000000
0001240D
00000000
0000ABB2
00000000
00000000
00000000
00000000
00000000
0001240D
00000000
0000ABB2
00000000
00000000
00000000
00000000
00000000
0001240D
00000000
0000ABB2
00000000
00000000
00000000
00000000
00000000
0001240D
00000000
0000ABB2
00000000
00000000
00000000
00000000
00000000
0001240D
00000000
0000ABB2
00000000
00000000
00000000
00000000
00000000
0001240D
00000000
0000ABB2
00000000
00000000
00000000
00000000
00000000
0001240D
00000000
0000ABB2
00000000
00000000
00000000
00000000
00000000
0001240D
00000000
0000ABB2
00000000
00000000
00000000
00000000
00000000
0001240D
00000000
0000ABB2
00000000
00000000
00000000
00000000
00000000
0001240D
00000000
0000ABB2
00000000
00000000
00000000
00000000
00000000
0001240D
00000000
0000ABB2
00000000
00000000
00000000
00000000
00000000
0001240D
00000000
0000ABB2
00000000
00000000
00000000
00000000
00000000
0001240D
00000000
0000ABB2
00000000
00000000
00000000
00000000
00000000
0001240D
00000000
0000ABB2
00000000
00000000
00000000
00000000
00000000
0001240D
00000000
0000ABB2
00000000
00000000
00000000
00000000
00000000
0001240D
00000000
0000ABB2
00000000
00000000
00000000
00000000
00000000
0001240D
00000000
0000ABB2
00000000
00000000
00000000
00000000
00000000
0001240D
00000000
0000ABB2
00000000
00000000
00000000
00000000
00000000
0001240D
00000000
0000ABB2
00000000
00000000
00000000
00000000
00000000
0001240D
00000000
0000ABB2
00000000
00000000
00000000
00000000
00000000
0001240D
00000000
0000ABB2
00000000
00000000
00000000
00000000
00000000
0001240D
00000000
0000ABB2
00000000
00000000
00000000
00000000
00000000
0001240D
00000000
0000ABB2
00000000
00000000
00000000
00000000
00000000
0001240D
00000000
0000ABB2
00000000
00000000
00000000
00000000
00000000
0001240D
00000000
0000ABB2
00000000
00000000
00000000
00000000
00000000
0001240D
00000000
0000ABB2
00000000
00000000
00000000
00000000
00000000
0001240D
00000000
0000ABB2
00000000
00000000
00000000
00000000
00000000
0001240D
00000000
0000ABB2
00000000
00000000
00000000
00000000
00000000
0001240D
00000000
0000ABB2
00000000
00000000
00000000
00000000
00000000
0001240D
00000000
0000ABB2
00000000
00000000
00000000
00000000
00000000
0001240D
00000000
0000ABB2
00000000
00000000
00000000
00000000
00000000
0001240D
00000000
0000ABB2
00000000
00000000
00000000
00000000
00000000
0001240D
00000000
0000ABB2
00000000
00000000
00000000
00000000
00000000
0001240D
00000000
0000ABB2
00000000
00000000
00000000
00000000
00000000
0001240D
00000000
0000ABB2
00000000
00000000
00000000
00000000
00000000
0001240D
00000000
0000ABB2
00000000
00000000
00000000
00000000
00000000
0001240D
00000000
0000ABB2
00000000
00000000
00000000
00000000
00000000
0001240D
00000000
0000ABB2
00000000
00000000
00000000
00000000
00000000
0001240D
00000000
0000ABB2
00000000
00000000
00000000
00000000
00000000
0001240D
00000000
0000ABB2
00000000
00000000
00000000
00000000
00000000
0001240D
00000000
0000ABB2
00000000
00000000
00000000
00000000
00000000
0001240D
00000000
0000ABB2
00000000
00000000
00000000
00000000
00000000
0001240D
00000000
0000ABB2
00000000
00000000
00000000
00000000
00000000
0001240D
00000000
0000ABB2
00000000
00000000
00000000
00000000
00000000
0001240D
00000000
0000ABB2
00000000
00000000
00000000
00000000
00000000
0001240D
00000000
0000ABB2
00000000
00000000
00000000
00000000
00000000
0001240D
00000000
0000ABB2
00000000
00000000
00000000
00000000
00000000
0001240D
00000000
0000ABB2
00000000
00000000
00000000
00000000
00000000
0001240D
00000000
0000ABB2
00000000
00000000
00000000
00000000
00000000
0001240D
00000000
0000ABB2
00000000
00000000
00000000
00000000
00000000
0001240D
00000000
0000ABB2
00000000
00000000
00000000
00000000
00000000
0001240D
00000000
0000ABB2
00000000
00000000
00000000
00000000
00000000
0001240D
00000000
0000ABB2
00000000
00000000
00000000
00000000
00000000
0001240D
00000000
0000ABB2
00000000
00000000
00000000
00000000
00000000
0001240D
00000000
0000ABB2
00000000
00000000
00000000
00000000
00000000
0001240D
00000000
0000ABB2
00000000
00000000
00000000
00000000
00000000
0001240D
00000000
0000ABB2
00000000
00000000
00000000
00000000
00000000
0001240D
00000000
0000ABB2
00000000
00000000
00000000
00000000
00000000
0001240D
00000000
0000ABB2
00000000
00000000
00000000
00000000
00000000
0001240D
00000000
0000ABB2
00000000
00000000
00000000
00000000
00000000
0001240D
00000000
0000ABB2
00000000
00000000
00000000
00000000
00000000
0001240D
00000000
0000ABB2
00000000
00000000
00000000
00000000
00000000
0001240D
00000000
0000ABB2
00000000
00000000
00000000
00000000
00000000
0001240D
00000000
0000ABB2
00000000
00000000
00000000
00000000
00000000
0001240D
00000000
0000ABB2
00000000
00000000
00000000
00000000
00000000
0001240D
00000000
0000ABB2
00000000
00000000
00000000
00000000
00000000
0001240D
00000000
0000ABB2
00000000
00000000
00000000
00000000
00000000
0001240D
00000000
0000ABB2
00000000
00000000
00000000
00000000
00000000
0001240D
00000000
0000ABB2
00000000
00000000
00000000
00000000
00000000
0001240D
00000000
0000ABB2
00000000
00000000
00000000
00000000
00000000
0001240D
00000000
0000ABB2
00000000
00000000
00000000
00000000
00000000
0001240D
00000000
0000ABB2
00000000
00000000
00000000
00000000
00000000
0001240D
00000000
0000ABB2
00000000
00000000
00000000
00000000
00000000
0001240D
00000000
0000ABB2
00000000
00000000
00000000
00000000
00000000
0001240D
00000000
0000ABB2
00000000
00000000
00000000
00000000
00000000
0001240D
00000000
0000ABB2
00000000
00000000
00000000
00000000
00000000
0001240D
00000000
0000ABB2
00000000
00000000
00000000
00000000
00000000
0001240D
00000000
0000ABB2
00000000
00000000
00000000
00000000
00000000
0001240D
00000000
0000ABB2
00000000
00000000
00000000
00000000
00000000
0001240D
00000000
0000ABB2
00000000
00000000
00000000
00000000
00000000
0001240D
00000000
0000ABB2
00000000
00000000
00000000
00000000
00000000
0001240D
00000000
0000ABB2
00000000
00000000
00000000
00000000
00000000
0001240D
00000000
0000ABB2
00000000
00000000
00000000
00000000
00000000
0001240D
00000000
0000ABB2
00000000
00000000
00000000
00000000
00000000
0001240D
00000000
0000ABB2
00000000
00000000
00000000
00000000
00000000
0001240D
00000000
0000ABB2
00000000
00000000
00000000
00000000
00000000
0001240D
00000000
0000ABB2
00000000
00000000
00000000
00000000
00000000
0001240D
00000000
0000ABB2
00000000
00000000
00000000
00000000
00000000
0001240D
00000000
0000ABB2
00000000
00000000
00000000
00000000
00000000
0001240D
00000000
0000ABB2
00000000
00000000
00000000
00000000
00000000
0001240D
00000000
0000ABB2
00000000
00000000
00000000
00000000
00000000
0001240D
00000000
0000ABB2
00000000
00000000
00000000
00000000
00000000
0001240D
00000000
0000ABB2
00000000
00000000
00000000
00000000
00000000
0001240D
00000000
0000ABB2
00000000
00000000
00000000
00000000
00000000
0001240D
00000000
0000ABB2
00000000
00000000
00000000
00000000
00000000
0001240D
00000000
0000ABB2
00000000
00000000
00000000
00000000
00000000
0001240D
00000000
0000ABB2
00000000
00000000
00000000
00000000
00000000
0001240D
00000000
0000ABB2
00000000
00000000
00000000
00000000
00000000
0001240D
00000000
0000ABB2
00000000
00000000
00000000
00000000
00000000
0001240D
00000000
0000ABB2
00000000
00000000
00000000
00000000
00000000
0001240D
00000000
0000ABB2
00000000
00000000
00000000
00000000
00000000
0001240D
00000000
0000ABB2
00000000
00000000
00000000
00000000
00000000
0001240D
00000000
0000ABB2
00000000
00000000
00000000
00000000
00000000
0001240D
00000000
0000ABB2
00000000
00000000
00000000
00000000
00000000
0001240D
00000000
0000ABB2
00000000
00000000
00000000
00000000
00000000
0001240D
00000000
0000ABB2
00000000
00000000
00000000
00000000
00000000
0001240D
00000000
0000ABB2
00000000
00000000
00000000
00000000
00000000
0001240D
00000000
0000ABB2
00000000
00000000
00000000
00000000
00000000
0001240D
00000000
0000ABB2
00000000
00000000
00000000
00000000
00000000
0001240D
00000000
0000ABB2
00000000
00000000
00000000
00000000
00000000
0001240D
00000000
0000ABB2
00000000
00000000
00000000
00000000
00000000
0001240D
00000000
0000ABB2
00000000
00000000
00000000
00000000
00000000
0001240D
00000000
0000ABB2
00000000
00000000
00000000
00000000
00000000
0001240D
00000000
0000ABB2
00000000
00000000
00000000
00000000
00000000
0001240D
00000000
0000ABB2
00000000
00000000
00000000
00000000
00000000
0001240D
00000000
0000ABB2
00000000
00000000
00000000
00000000
00000000
0001240D
00000000
0000ABB2
00000000
00000000
00000000
00000000
00000000
0001240D
00000000
0000ABB2
00000000
00000000
00000000
00000000
00000000
0001240D
00000000
0000ABB2
00000000
00000000
00000000
00000000
00000000
0001240D
00000000
0000ABB2
00000000
00000000
00000000
00000000
00000000
0001240D
00000000
0000ABB2
00000000
00000000
00000000
00000000
00000000
0001240D
00000000
0000ABB2
00000000
00000000
00000000
00000000
00000000
0001240D
00000000
0000ABB2
00000000
00000000
00000000
00000000
00000000
0001240D
00000000
0000ABB2
00000000
00000000
00000000
00000000
00000000
0001240D
00000000
0000ABB2
00000000
00000000
00000000
00000000
00000000
0001240D
00000000
0000ABB2
00000000
00000000
00000000
00000000
00000000
0001240D
00000000
0000ABB2
00000000
00000000
00000000
00000000
00000000
0001240D
00000000
0000ABB2
00000000
00000000
00000000
00000000
00000000
0001240D
00000000
0000ABB2
00000000
00000000
00000000
00000000
00000000
0001240D
00000000
0000ABB2
00000000
00000000
00000000
00000000
00000000
0001240D
00000000
0000ABB2
00000000
00000000
00000000
00000000
00000000
0001240D
00000000
0000ABB2
00000000
00000000
00000000
00000000
00000000
0001240D
00000000
0000ABB2
00000000
00000000
00000000
00000000
00000000
0001240D
00000000
0000ABB2
00000000
00000000
00000000
00000000
00000000
0001240D
00000000
0000ABB2
00000000
00000000
00000000
00000000
00000000
0001240D
00000000
0000ABB2
00000000
00000000
00000000
00000000
00000000
0001240D
00000000
0000ABB2
00000000
00000000
00000000
00000000
00000000
0001240D
00000000
0000ABB2
00000000
00000000
00000000
00000000
00000000
0001240D
00000000
0000ABB2
00000000
00000000
00000000
00000000
00000000
0001240D
00000000
0000ABB2
00000000
00000000
00000000
00000000
00000000
0001240D
00000000
0000ABB2
00000000
00000000
00000000
00000000
00000000
0001240D
00000000
0000ABB2
00000000
00000000
00000000
00000000
00000000
0001240D
00000000
0000ABB2
00000000
00000000
00000000
00000000
00000000
0001240D
00000000
0000ABB2
00000000
00000000
00000000
00000000
00000000
0001240D
00000000
0000ABB2
00000000
00000000
00000000
00000000
00000000
0001240D
00000000
0000ABB2
00000000
00000000
00000000
00000000
00000000
0001240D
00000000
0000ABB2
00000000
00000000
00000000
00000000
00000000
0001240D
00000000
0000ABB2
00000000
00000000
00000000
00000000
00000000
0001240D
00000000
0000ABB2
00000000
00000000
00000000
00000000
00000000
0001240D
00000000
0000ABB2
00000000
00000000
00000000
00000000
00000000
0001240D
00000000
0000ABB2
00000000
00000000
00000000
00000000
00000000
0001240D
00000000
0000ABB2
00000000
00000000
00000000
00000000
00000000
0001240D
00000000
0000ABB2
00000000
00000000
00000000
00000000
00000000
0001240D
00000000
0000ABB2
00000000
00000000
00000000
00000000
00000000
0001240D
00000000
0000ABB2
00000000
00000000
00000000
00000000
00000000
0001240D
00000000
0000ABB2
00000000
00000000
00000000
00000000
00000000
0001240D
00000000
0000ABB2
00000000
00000000
00000000
00000000
00000000
0001240D
00000000
0000ABB2
00000000
00000000
00000000
00000000
00000000
0001240D
00000000
0000ABB2
00000000
00000000
00000000
00000000
00000000
0001240D
00000000
0000ABB2
00000000
00000000
00000000
00000000
00000000
0001240D
00000000
0000ABB2
00000000
00000000
00000000
00000000
00000000
0001240D
00000000
0000ABB2
00000000
00000000
00000000
00000000
00000000
0001240D
00000000
0000ABB2
00000000
00000000
00000000
00000000
00000000
0001240D
00000000
0000ABB2
00000000
00000000
00000000
00000000
00000000
0001240D
00000000
0000ABB2
00000000
00000000
00000000
00000000
00000000
0001240D
00000000
0000ABB2
00000000
00000000
00000000
00000000
00000000
0001240D
00000000
0000ABB2
00000000
00000000
00000000
00000000
00000000
0001240D
00000000
0000ABB2
00000000
00000000
00000000
00000000
00000000
0001240D
00000000
0000ABB2
00000000
00000000
00000000
00000000
00000000
0001240D
00000000
0000ABB2
00000000
00000000
00000000
00000000
00000000
0001240D
00000000
0000ABB2
00000000
00000000
00000000
00000000
00000000
0001240D
00000000
0000ABB2
00000000
00000000
00000000
00000000
00000000
0001240D
00000000
0000ABB2
00000000
00000000
00000000
00000000
00000000
0001240D
00000000
0000ABB2
00000000
00000000
00000000
00000000
00000000
0001240D
00000000
0000ABB2
00000000
00000000
00000000
00000000
00000000
0001240D
00000000
0000ABB2
00000000
00000000
00000000
00000000
00000000
0001240D
00000000
0000ABB2
00000000
00000000
00000000
00000000
00000000
0001240D
00000000
0000ABB2
00000000
00000000
00000000
00000000
00000000
0001240D
00000000
0000ABB2
00000000
00000000
00000000
00000000
00000000
0001240D
00000000
0000ABB2
00000000
00000000
00000000
00000000
00000000
0001240D
00000000
0000ABB2
00000000
00000000
00000000
00000000
00000000
0001240D
00000000
0000ABB2
00000000
00000000
00000000
00000000
00000000
0001240D
00000000
0000ABB2
00000000
00000000
00000000
00000000
00000000
0001240D
00000000
0000ABB2
00000000
00000000
00000000
00000000
00000000
0001240D
00000000
0000ABB2
00000000
00000000
00000000
00000000
00000000
0001240D
00000000
0000ABB2
00000000
00000000
00000000
00000000
00000000
0001240D
00000000
0000ABB2
00000000
00000000
00000000
00000000
00000000
0001240D
00000000
0000ABB2
00000000
00000000
00000000
00000000
00000000
0001240D
00000000
0000ABB2
00000000
00000000
00000000
00000000
00000000
0001240D
00000000
0000ABB2
00000000
00000000
00000000
00000000
00000000
0001240D
00000000
0000ABB2
00000000
00000000
00000000
00000000
00000000
0001240D
00000000
0000ABB2
00000000
00000000
00000000
00000000
00000000
0001240D
00000000
0000ABB2
00000000
00000000
00000000
00000000
00000000
0001240D
00000000
0000ABB2
00000000
00000000
00000000
00000000
00000000
0001240D
00000000
0000ABB2
00000000
00000000
00000000
00000000
00000000
0001240D
00000000
0000ABB2
00000000
00000000
00000000
00000000
00000000
0001240D
00000000
0000ABB2
00000000
00000000
00000000
00000000
00000000
0001240D
00000000
0000ABB2
00000000
00000000
00000000
00000000
00000000
0001240D
00000000
0000ABB2
00000000
00000000
00000000
00000000
00000000
0001240D
00000000
0000ABB2
00000000
00000000
00000000
00000000
00000000
0001240D
00000000
0000ABB2
00000000
00000000
00000000
00000000
00000000
0001240D
00000000
0000ABB2
00000000
00000000
00000000
00000000
00000000
0001240D
00000000
0000ABB2
00000000
00000000
00000000
00000000
00000000
0001240D
00000000
0000ABB2
00000000
00000000
00000000
00000000
00000000
0001240D
00000000
0000ABB2
00000000
00000000
00000000
00000000
00000000
0001240D
00000000
0000ABB2
00000000
00000000
00000000
00000000
00000000
0001240D
00000000
0000ABB2
00000000
00000000
00000000
00000000
00000000
0001240D
00000000
0000ABB2
00000000
00000000
00000000
00000000
00000000
0001240D
00000000
0000ABB2
00000000
00000000
00000000
00000000
00000000
0001240D
00000000
0000ABB2
00000000
00000000
00000000
00000000
00000000
0001240D
00000000
0000ABB2
00000000
00000000
00000000
00000000
00000000
0001240D
00000000
0000ABB2
00000000
00000000
00000000
00000000
00000000
0001240D
00000000
0000ABB2
00000000
00000000
00000000
00000000
00000000
0001240D
00000000
0000ABB2
00000000
00000000
00000000
00000000
00000000
0001240D
00000000
0000ABB2
00000000
00000000
00000000
00000000
00000000
0001240D
00000000
0000ABB2
00000000
00000000
00000000
00000000
00000000
0001240D
00000000
0000ABB2
00000000
00000000
00000000
00000000
00000000
0001240D
00000000
0000ABB2
00000000
00000000
00000000
00000000
00000000
0001240D
00000000
0000ABB2
00000000
00000000
00000000
00000000
00000000
0001240D
00000000
0000ABB2
00000000
00000000
00000000
00000000
00000000
0001240D
00000000
0000ABB2
00000000
00000000
00000000
00000000
00000000
0001240D
00000000
0000ABB2
00000000
00000000
00000000
00000000
00000000
0001240D
00000000
0000ABB2
00000000
00000000
00000000
00000000
00000000
0001240D
00000000
0000ABB2
00000000
00000000
00000000
00000000
00000000
0001240D
00000000
0000ABB2
00000000
00000000
00000000
00000000
00000000
0001240D
00000000
0000ABB2
00000000
00000000
00000000
00000000
00000000
0001240D
00000000
0000ABB2
00000000
00000000
00000000
00000000
00000000
0001240D
00000000
0000ABB2
00000000
00000000
00000000
00000000
00000000
0001240D
00000000
0000ABB2
00000000
00000000
00000000
00000000
00000000
0001240D
00000000
0000ABB2
00000000
00000000
00000000
00000000
00000000
0001240D
00000000
0000ABB2
00000000
00000000
00000000
00000000
00000000
0001240D
00000000
0000ABB2
00000000
00000000
00000000
00000000
00000000
0001240D
00000000
0000ABB2
00000000
00000000
00000000
00000000
00000000
0001240D
00000000
0000ABB2
00000000
00000000
00000000
00000000
00000000
0001240D
00000000
0000ABB2
00000000
00000000
00000000
00000000
00000000
0001240D
00000000
0000ABB2
00000000
00000000
00000000
00000000
00000000
0001240D
00000000
0000ABB2
00000000
00000000
00000000
00000000
00000000
0001240D
00000000
0000ABB2
00000000
00000000
00000000
00000000
00000000
0001240D
00000000
0000ABB2
00000000
00000000
00000000
00000000
00000000
0001240D
00000000
0000ABB2
00000000
00000000
00000000
00000000
00000000
0001240D
00000000
0000ABB2
00000000
00000000
00000000
00000000
00000000
0001240D
00000000
0000ABB2
00000000
00000000
00000000
00000000
00000000
0001240D
00000000
0000ABB2
00000000
00000000
00000000
00000000
00000000
0001240D
00000000
0000ABB2
00000000
00000000
00000000
00000000
00000000
0001240D
00000000
0000ABB2
00000000
00000000
00000000
00000000
00000000
0001240D
00000000
0000ABB2
00000000
00000000
00000000
00000000
00000000
0001240D
00000000
0000ABB2
00000000
00000000
00000000
00000000
00000000
0001240D
00000000
0000ABB2
00000000
00000000
00000000
00000000
00000000
0001240D
00000000
0000ABB2
00000000
00000000
00000000
00000000
00000000
0001240D
00000000
0000ABB2
00000000
00000000
00000000
00000000
00000000
0001240D
00000000
0000ABB2
00000000
00000000
00000000
00000000
00000000
0001240D
00000000
0000ABB2
00000000
00000000
00000000
00000000
00000000
0001240D
00000000
0000ABB2
00000000
00000000
00000000
00000000
00000000
0001240D
00000000
0000ABB2
00000000
00000000
00000000
00000000
00000000
0001240D
00000000
0000ABB2
00000000
00000000
00000000
00000000
00000000
0001240D
00000000
0000ABB2
00000000
00000000
00000000
00000000
00000000
0001240D
00000000
0000ABB2
00000000
00000000
00000000
00000000
00000000
0001240D
00000000
0000ABB2
00000000
00000000
00000000
00000000
00000000
0001240D
00000000
0000ABB2
00000000
00000000
00000000
00000000
00000000
0001240D
00000000
0000ABB2
00000000
00000000
00000000
00000000
00000000
0001240D
00000000
0000ABB2
00000000
00000000
00000000
00000000
00000000
0001240D
00000000
0000ABB2
00000000
00000000
00000000
00000000
00000000
0001240D
00000000
0000ABB2
00000000
00000000
00000000
00000000
00000000
0001240D
00000000
0000ABB2
00000000
00000000
00000000
00000000
00000000
0001240D
00000000
0000ABB2
00000000
00000000
00000000
00000000
00000000
0001240D
00000000
0000ABB2
00000000
00000000
00000000
00000000
00000000
0001240D
00000000
0000ABB2
00000000
00000000
00000000
00000000
00000000
0001240D
00000000
0000ABB2
00000000
00000000
00000000
00000000
00000000
0001240D
00000000
0000ABB2
00000000
00000000
00000000
00000000
00000000
0001240D
00000000
0000ABB2
00000000
00000000
00000000
00000000
00000000
0001240D
00000000
0000ABB2
00000000
00000000
00000000
00000000
00000000
0001240D
00000000
0000ABB2
00000000
00000000
00000000
00000000
00000000
0001240D
00000000
0000ABB2
00000000
00000000
00000000
00000000
00000000
0001240D
00000000
0000ABB2
00000000
00000000
00000000
00000000
00000000
0001240D
00000000
0000ABB2
00000000
00000000
00000000
00000000
00000000
0001240D
00000000
0000ABB2
00000000
00000000
00000000
00000000
00000000
0001240D
00000000
0000ABB2
00000000
00000000
00000000
00000000
00000000
0001240D
00000000
0000ABB2
00000000
00000000
00000000
00000000
00000000
0001240D
00000000
0000ABB2
00000000
00000000
00000000
00000000
00000000
0001240D
00000000
0000ABB2
00000000
00000000
00000000
00000000
00000000
0001240D
00000000
0000ABB2
00000000
00000000
00000000
00000000
00000000
0001240D
00000000
0000ABB2
00000000
00000000
00000000
00000000
00000000
0001240D
00000000
0000ABB2
00000000
00000000
00000000
00000000
00000000
0001240D
00000000
0000ABB2
00000000
00000000
00000000
00000000
00000000
0001240D
00000000
0000ABB2
00000000
00000000
00000000
00000000
00000000
0001240D
00000000
0000ABB2
00000000
00000000
00000000
00000000
00000000
0001240D
00000000
0000ABB2
00000000
00000000
00000000
00000000
00000000
0001240D
00000000
0000ABB2
00000000
00000000
00000000
00000000
00000000
0001240D
00000000
0000ABB2
00000000
00000000
00000000
00000000
00000000
0001240D
00000000
0000ABB2
00000000
00000000
00000000
00000000
00000000
0001240D
00000000
0000ABB2
00000000
00000000
00000000
00000000
00000000
0001240D
00000000
0000ABB2
00000000
00000000
00000000
00000000
00000000
0001240D
00000000
0000ABB2
00000000
00000000
00000000
00000000
00000000
0001240D
00000000
0000ABB2
00000000
00000000
00000000
00000000
00000000
0001240D
00000000
0000ABB2
00000000
00000000
00000000
00000000
00000000
0001240D
00000000
0000ABB2
00000000
00000000
00000000
00000000
00000000
0001240D
00000000
0000ABB2
00000000
00000000
00000000
00000000
00000000
0001240D
00000000
0000ABB2
00000000
00000000
00000000
00000000
00000000
0001240D
00000000
0000ABB2
00000000
00000000
00000000
00000000
00000000
0001240D
00000000
0000ABB2
00000000
00000000
00000000
00000000
00000000
0001240D
00000000
0000ABB2
00000000
00000000
00000000
00000000
00000000
0001240D
00000000
0000ABB2
00000000
00000000
00000000
00000000
00000000
0001240D
00000000
0000ABB2
00000000
00000000
00000000
00000000
00000000
0001240D
00000000
0000ABB2
00000000
00000000
00000000
00000000
00000000
0001240D
00000000
0000ABB2
00000000
00000000
00000000
00000000
00000000
0001240D
00000000
0000ABB2
00000000
00000000
00000000
00000000
00000000
0001240D
00000000
0000ABB2
00000000
00000000
00000000
00000000
00000000
0001240D
00000000
0000ABB2
00000000
00000000
00000000
00000000
00000000
0001240D
00000000
0000ABB2
00000000
00000000
00000000
00000000
00000000
0001240D
00000000
0000ABB2
00000000
00000000
00000000
00000000
00000000
0001240D
00000000
0000ABB2
00000000
00000000
00000000
00000000
00000000
0001240D
00000000
0000ABB2
00000000
00000000
00000000
00000000
00000000
0001240D
00000000
0000ABB2
00000000
00000000
00000000
00000000
00000000
0001240D
00000000
0000ABB2
00000000
00000000
00000000
00000000
00000000
0001240D
00000000
0000ABB2
00000000
00000000
00000000
00000000
00000000
0001240D
00000000
0000ABB2
00000000
00000000
00000000
00000000
00000000
0001240D
00000000
0000ABB2
00000000
00000000
00000000
00000000
00000000
0001240D
00000000
0000ABB2
00000000
00000000
00000000
00000000
00000000
0001240D
00000000
0000ABB2
00000000
00000000
00000000
00000000
00000000
0001240D
00000000
0000ABB2
00000000
00000000
00000000
00000000
00000000
0001240D
00000000
0000ABB2
00000000
00000000
00000000
00000000
00000000
0001240D
00000000
0000ABB2
00000000
00000000
00000000
00000000
00000000
0001240D
00000000
0000ABB2
00000000
00000000
00000000
00000000
00000000
0001240D
00000000
0000ABB2
00000000
00000000
00000000
00000000
00000000
0001240D
00000000
0000ABB2
00000000
00000000
00000000
00000000
00000000
0001240D
00000000
0000ABB2
00000000
00000000
00000000
00000000
00000000
0001240D
00000000
0000ABB2
00000000
00000000
00000000
00000000
00000000
0001240D
00000000
0000ABB2
00000000
00000000
00000000
00000000
00000000
0001240D
00000000
0000ABB2
00000000
00000000
00000000
00000000
00000000
0001240D
00000000
0000ABB2
00000000
00000000
00000000
00000000
00000000
0001240D
00000000
0000ABB2
00000000
00000000
00000000
00000000
00000000
0001240D
00000000
0000ABB2
00000000
00000000
00000000
00000000
00000000
0001240D
00000000
0000ABB2
00000000
00000000
00000000
00000000
00000000
0001240D
00000000
0000ABB2
00000000
00000000
00000000
00000000
00000000
0001240D
00000000
0000ABB2
00000000
00000000
00000000
00000000
00000000
0001240D
00000000
0000ABB2
00000000
00000000
00000000
00000000
00000000
0001240D
00000000
0000ABB2
00000000
00000000
00000000
00000000
00000000
0001240D
00000000
0000ABB2
00000000
00000000
00000000
00000000
00000000
0001240D
00000000
0000ABB2
00000000
00000000
00000000
00000000
00000000
0001240D
00000000
0000ABB2
00000000
00000000
00000000
00000000
00000000
0001240D
00000000
0000ABB2
00000000
00000000
00000000
00000000
00000000
0001240D
00000000
0000ABB2
00000000
00000000
00000000
00000000
00000000
0001240D
00000000
0000ABB2
00000000
00000000
00000000
00000000
00000000
0001240D
00000000
0000ABB2
00000000
00000000
00000000
00000000
00000000
0001240D
00000000
0000ABB2
00000000
00000000
00000000
00000000
00000000
0001240D
00000000
0000ABB2
00000000
00000000
00000000
00000000
00000000
0001240D
00000000
0000ABB2
00000000
00000000
00000000
00000000
00000000
0001240D
00000000
0000ABB2
00000000
00000000
00000000
00000000
00000000
0001240D
00000000
0000ABB2
00000000
00000000
00000000
00000000
00000000
0001240D
00000000
0000ABB2
00000000
00000000
00000000
00000000
00000000
0001240D
00000000
0000ABB2
00000000
00000000
00000000
00000000
00000000
0001240D
00000000
0000ABB2
00000000
00000000
00000000
00000000
00000000
0001240D
00000000
0000ABB2
00000000
00000000
00000000
00000000
00000000
0001240D
00000000
0000ABB2
00000000
00000000
00000000
00000000
00000000
0001240D
00000000
0000ABB2
00000000
00000000
00000000
00000000
00000000
0001240D
00000000
0000ABB2
00000000
00000000
00000000
00000000
00000000
0001240D
00000000
0000ABB2
00000000
00000000
00000000
00000000
00000000
0001240D
00000000
0000ABB2
00000000
00000000
00000000
00000000
00000000
0001240D
00000000
0000ABB2
00000000
00000000
00000000
00000000
00000000
0001240D
00000000
0000ABB2
00000000
00000000
00000000
00000000
00000000
0001240D
00000000
0000ABB2
00000000
00000000
00000000
00000000
00000000
0001240D
00000000
0000ABB2
00000000
00000000
00000000
00000000
00000000
0001240D
00000000
0000ABB2
00000000
00000000
00000000
00000000
00000000
0001240D
00000000
0000ABB2
00000000
00000000
00000000
00000000
00000000
0001240D
00000000
0000ABB2
00000000
00000000
00000000
00000000
00000000
0001240D
00000000
0000ABB2
00000000
00000000
00000000
00000000
00000000
0001240D
00000000
0000ABB2
00000000
00000000
00000000
00000000
00000000
0001240D
00000000
0000ABB2
00000000
00000000
00000000
00000000
00000000
0001240D
00000000
0000ABB2
00000000
00000000
00000000
00000000
00000000
0001240D
00000000
0000ABB2
00000000
00000000
00000000
00000000
00000000
0001240D
00000000
0000ABB2
00000000
00000000
00000000
00000000
00000000
0001240D
00000000
0000ABB2
00000000
00000000
00000000
00000000
00000000
0001240D
00000000
0000ABB2
00000000
00000000
00000000
00000000
00000000
0001240D
00000000
0000ABB2
00000000
00000000
00000000
00000000
00000000
0001240D
00000000
0000ABB2
00000000
00000000
00000000
00000000
00000000
0001240D
00000000
0000ABB2
00000000
00000000
00000000
00000000
00000000
0001240D
00000000
0000ABB2
00000000
00000000
00000000
00000000
00000000
0001240D
00000000
0000ABB2
00000000
00000000
00000000
00000000
00000000
0001240D
00000000
0000ABB2
00000000
00000000
00000000
00000000
00000000
0001240D
00000000
0000ABB2
00000000
00000000
00000000
00000000
00000000
0001240D
00000000
0000ABB2
00000000
00000000
00000000
00000000
00000000
0001240D
00000000
0000ABB2
00000000
00000000
00000000
00000000
00000000
0001240D
00000000
0000ABB2
00000000
00000000
00000000
00000000
00000000
0001240D
00000000
0000ABB2
00000000
00000000
00000000
00000000
00000000
0001240D
00000000
0000ABB2
00000000
00000000
00000000
00000000
00000000
0001240D
00000000
0000ABB2
00000000
00000000
00000000
00000000
00000000
0001240D
00000000
0000ABB2
00000000
00000000
00000000
00000000
00000000
0001240D
00000000
0000ABB2
00000000
00000000
00000000
00000000
00000000
0001240D
00000000
0000ABB2
00000000
00000000
00000000
00000000
00000000
0001240D
00000000
0000ABB2
00000000
00000000
00000000
00000000
00000000
0001240D
00000000
0000ABB2
00000000
00000000
00000000
00000000
00000000
0001240D
00000000
0000ABB2
00000000
00000000
00000000
00000000
00000000
0001240D
00000000
0000ABB2
00000000
00000000
00000000
00000000
00000000
0001240D
00000000
0000ABB2
00000000
00000000
00000000
00000000
00000000
0001240D
00000000
0000ABB2
00000000
00000000
00000000
00000000
00000000
0001240D
00000000
0000ABB2
00000000
00000000
00000000
00000000
00000000
0001240D
00000000
0000ABB2
00000000
00000000
00000000
00000000
00000000
0001240D
00000000
0000ABB2
00000000
00000000
00000000
00000000
00000000
0001240D
00000000
0000ABB2
00000000
00000000
00000000
00000000
00000000
0001240D
00000000
0000ABB2
00000000
00000000
00000000
00000000
00000000
0001240D
00000000
0000ABB2
00000000
00000000
00000000
00000000
00000000
0001240D
00000000
0000ABB2
00000000
00000000
00000000
00000000
00000000
0001240D
00000000
0000ABB2
00000000
00000000
00000000
00000000
00000000
0001240D
00000000
0000ABB2
00000000
00000000
00000000
00000000
00000000
0001240D
00000000
0000ABB2
00000000
00000000
00000000
00000000
00000000
0001240D
00000000
0000ABB2
00000000
00000000
00000000
00000000
00000000
0001240D
00000000
0000ABB2
00000000
00000000
00000000
00000000
00000000
0001240D
00000000
0000ABB2
00000000
00000000
00000000
00000000
00000000
0001240D
00000000
0000ABB2
00000000
00000000
00000000
00000000
00000000
0001240D
00000000
0000ABB2
00000000
00000000
00000000
00000000
00000000
0001240D
00000000
0000ABB2
00000000
00000000
00000000
00000000
00000000
0001240D
00000000
0000ABB2
00000000
00000000
00000000
00000000
00000000
0001240D
00000000
0000ABB2
00000000
00000000
00000000
00000000
00000000
0001240D
00000000
0000ABB2
00000000
00000000
00000000
00000000
00000000
0001240D
00000000
0000ABB2
00000000
00000000
00000000
00000000
00000000
0001240D
00000000
0000ABB2
00000000
00000000
00000000
00000000
00000000
0001240D
00000000
0000ABB2
00000000
00000000
00000000
00000000
00000000
0001240D
00000000
0000ABB2
00000000
00000000
00000000
00000000
00000000
0001240D
00000000
0000ABB2
00000000
00000000
00000000
00000000
00000000
0001240D
00000000
0000ABB2
00000000
00000000
00000000
00000000
00000000
0001240D
00000000
0000ABB2
00000000
00000000
00000000
00000000
00000000
0001240D
00000000
0000ABB2
00000000
00000000
00000000
00000000
00000000
0001240D
00000000
0000ABB2
00000000
00000000
00000000
00000000
00000000
0001240D
00000000
0000ABB2
00000000
00000000
00000000
00000000
00000000
0001240D
00000000
0000ABB2
00000000
00000000
00000000
00000000
00000000
0001240D
00000000
0000ABB2
00000000
00000000
00000000
00000000
00000000
0001240D
00000000
0000ABB2
00000000
00000000
00000000
00000000
00000000
0001240D
00000000
0000ABB2
00000000
00000000
00000000
00000000
00000000
0001240D
00000000
0000ABB2
00000000
00000000
00000000
00000000
00000000
0001240D
00000000
0000ABB2
00000000
00000000
00000000
00000000
00000000
0001240D
00000000
0000ABB2
00000000
00000000
00000000
00000000
00000000
0001240D
00000000
0000ABB2
00000000
00000000
00000000
00000000
00000000
0001240D
00000000
0000ABB2
00000000
00000000
00000000
00000000
00000000
0001240D
00000000
0000ABB2
00000000
00000000
00000000
00000000
00000000
0001240D
00000000
0000ABB2
00000000
00000000
00000000
00000000
00000000
0001240D
00000000
0000ABB2
00000000
00000000
00000000
00000000
00000000
0001240D
00000000
0000ABB2
00000000
00000000
00000000
00000000
00000000
0001240D
00000000
0000ABB2
00000000
00000000
00000000
00000000
00000000
0001240D
00000000
0000ABB2
00000000
00000000
00000000
00000000
00000000
0001240D
00000000
0000ABB2
00000000
00000000
00000000
00000000
00000000
0001240D
00000000
0000ABB2
00000000
00000000
00000000
00000000
00000000
0001240D
00000000
0000ABB2
00000000
00000000
00000000
00000000
00000000
0001240D
00000000
0000ABB2
00000000
00000000
00000000
00000000
00000000
0001240D
00000000
0000ABB2
00000000
00000000
00000000
00000000
00000000
0001240D
00000000
0000ABB2
00000000
00000000
00000000
00000000
00000000
0001240D
00000000
0000ABB2
00000000
00000000
00000000
00000000
00000000
0001240D
00000000
0000ABB2
00000000
00000000
00000000
00000000
00000000
0001240D
00000000
0000ABB2
00000000
00000000
00000000
00000000
00000000
0001240D
00000000
0000ABB2
00000000
00000000
00000000
00000000
00000000
0001240D
00000000
0000ABB2
00000000
00000000
00000000
00000000
00000000
0001240D
00000000
0000ABB2
00000000
00000000
00000000
00000000
00000000
0001240D
00000000
0000ABB2
00000000
00000000
00000000
00000000
00000000
0001240D
00000000
0000ABB2
00000000
00000000
00000000
00000000
00000000
0001240D
00000000
0000ABB2
00000000
00000000
00000000
00000000
00000000
0001240D
00000000
0000ABB2
00000000
00000000
00000000
00000000
00000000
0001240D
00000000
0000ABB2
00000000
00000000
00000000
00000000
00000000
0001240D
00000000
0000ABB2
00000000
00000000
00000000
00000000
00000000
0001240D
00000000
0000ABB2
00000000
00000000
00000000
00000000
00000000
0001240D
00000000
0000ABB2
00000000
00000000
00000000
00000000
00000000
0001240D
00000000
0000ABB2
00000000
00000000
00000000
00000000
00000000
0001240D
00000000
0000ABB2
00000000
00000000
00000000
00000000
00000000
0001240D
00000000
0000ABB2
00000000
00000000
00000000
00000000
00000000
0001240D
00000000
0000ABB2
00000000
00000000
00000000
00000000
00000000
0001240D
00000000
0000ABB2
00000000
00000000
00000000
00000000
00000000
0001240D
00000000
0000ABB2
00000000
00000000
00000000
00000000
00000000
0001240D
00000000
0000ABB2
00000000
00000000
00000000
00000000
00000000
0001240D
00000000
0000ABB2
00000000
00000000
00000000
00000000
00000000
0001240D
00000000
0000ABB2
00000000
00000000
00000000
00000000
00000000
0001240D
00000000
0000ABB2
00000000
00000000
00000000
00000000
00000000
0001240D
00000000
0000ABB2
00000000
00000000
00000000
00000000
00000000
0001240D
00000000
0000ABB2
00000000
00000000
00000000
00000000
00000000
0001240D
00000000
0000ABB2
00000000
00000000
00000000
00000000
00000000
0001240D
00000000
0000ABB2
00000000
00000000
00000000
00000000
00000000
0001240D
00000000
0000ABB2
00000000
00000000
00000000
00000000
00000000
0001240D
00000000
0000ABB2
00000000
00000000
00000000
00000000
00000000
0001240D
00000000
0000ABB2
00000000
00000000
00000000
00000000
00000000
0001240D
00000000
0000ABB2
00000000
00000000
00000000
00000000
00000000
0001240D
00000000
0000ABB2
00000000
00000000
00000000
00000000
00000000
0001240D
00000000
0000ABB2
00000000
00000000
00000000
00000000
00000000
0001240D
00000000
0000ABB2
00000000
00000000
00000000
00000000
00000000
0001240D
00000000
0000ABB2
00000000
00000000
00000000
00000000
00000000
0001240D
00000000
0000ABB2
00000000
00000000
00000000
00000000
00000000
0001240D
00000000
0000ABB2
00000000
00000000
00000000
00000000
00000000
0001240D
00000000
0000ABB2
00000000
00000000
00000000
00000000
00000000
0001240D
00000000
0000ABB2
00000000
00000000
00000000
00000000
00000000
0001240D
00000000
0000ABB2
00000000
00000000
00000000
00000000
00000000
0001240D
00000000
0000ABB2
00000000
00000000
00000000
00000000
00000000
0001240D
00000000
0000ABB2
00000000
00000000
00000000
00000000
00000000
0001240D
00000000
0000ABB2
00000000
00000000
00000000
00000000
00000000
0001240D
00000000
0000ABB2
00000000
00000000
00000000
00000000
00000000
0001240D
00000000
0000ABB2
00000000
00000000
00000000
00000000
00000000
0001240D
00000000
0000ABB2
00000000
00000000
00000000
00000000
00000000
0001240D
00000000
0000ABB2
00000000
00000000
00000000
00000000
00000000
0001240D
00000000
0000ABB2
00000000
00000000
00000000
00000000
00000000
0001240D
00000000
0000ABB2
00000000
00000000
00000000
00000000
00000000
0001240D
00000000
0000ABB2
00000000
00000000
00000000
00000000
00000000
0001240D
00000000
0000ABB2
00000000
00000000
00000000
00000000
00000000
0001240D
00000000
0000ABB2
00000000
00000000
00000000
00000000
00000000
0001240D
00000000
0000ABB2
00000000
00000000
00000000
00000000
00000000
0001240D
00000000
0000ABB2
00000000
00000000
00000000
00000000
00000000
0001240D
00000000
0000ABB2
00000000
00000000
00000000
00000000
00000000
0001240D
00000000
0000ABB2
00000000
00000000
00000000
00000000
00000000
0001240D
00000000
0000ABB2
00000000
00000000
00000000
00000000
00000000
0001240D
00000000
0000ABB2
00000000
00000000
00000000
00000000
00000000
0001240D
00000000
0000ABB2
00000000
00000000
00000000
00000000
00000000
0001240D
00000000
0000ABB2
00000000
00000000
00000000
00000000
00000000
0001240D
00000000
0000ABB2
00000000
00000000
00000000
00000000
00000000
0001240D
00000000
0000ABB2
00000000
00000000
00000000
00000000
00000000
0001240D
00000000
0000ABB2
00000000
00000000
00000000
00000000
00000000
0001240D
00000000
0000ABB2
00000000
00000000
00000000
00000000
00000000
0001240D
00000000
0000ABB2
00000000
00000000
00000000
00000000
00000000
0001240D
00000000
0000ABB2
00000000
00000000
00000000
00000000
00000000
0001240D
00000000
0000ABB2
00000000
00000000
00000000
00000000
00000000
0001240D
00000000
0000ABB2
00000000
00000000
00000000
00000000
00000000
0001240D
00000000
0000ABB2
00000000
00000000
00000000
00000000
00000000
0001240D
00000000
0000ABB2
00000000
00000000
00000000
00000000
00000000
0001240D
00000000
0000ABB2
00000000
00000000
00000000
00000000
00000000
0001240D
00000000
0000ABB2
00000000
00000000
00000000
00000000
00000000
0001240D
00000000
0000ABB2
00000000
00000000
00000000
00000000
00000000
0001240D
00000000
0000ABB2
00000000
00000000
00000000
00000000
00000000
0001240D
00000000
0000ABB2
00000000
00000000
00000000
00000000
00000000
0001240D
00000000
0000ABB2
00000000
00000000
00000000
00000000
00000000
0001240D
00000000
0000ABB2
00000000
00000000
00000000
00000000
00000000
0001240D
00000000
0000ABB2
00000000
00000000
00000000
00000000
00000000
0001240D
00000000
0000ABB2
00000000
00000000
00000000
00000000
00000000
0001240D
00000000
0000ABB2
00000000
00000000
00000000
00000000
00000000
0001240D
00000000
0000ABB2
00000000
00000000
00000000
00000000
00000000
0001240D
00000000
0000ABB2
00000000
00000000
00000000
00000000
00000000
0001240D
00000000
0000ABB2
00000000
00000000
00000000
00000000
00000000
0001240D
00000000
0000ABB2
00000000
00000000
00000000
00000000
00000000
0001240D
00000000
0000ABB2
00000000
00000000
00000000
00000000
00000000
0001240D
00000000
0000ABB2
00000000
00000000
00000000
00000000
00000000
0001240D
00000000
0000ABB2
00000000
00000000
00000000
00000000
00000000
0001240D
00000000
0000ABB2
00000000
00000000
00000000
00000000
00000000
0001240D
00000000
0000ABB2
00000000
00000000
00000000
00000000
00000000
0001240D
00000000
0000ABB2
00000000
00000000
00000000
00000000
00000000
0001240D
00000000
0000ABB2
00000000
00000000
00000000
00000000
00000000
0001240D
00000000
0000ABB2
00000000
00000000
00000000
00000000
00000000
0001240D
00000000
0000ABB2
00000000
00000000
00000000
00000000
00000000
0001240D
00000000
0000ABB2
00000000
00000000
00000000
00000000
00000000
0001240D
00000000
0000ABB2
00000000
00000000
00000000
00000000
00000000
0001240D
00000000
0000ABB2
00000000
00000000
00000000
00000000
00000000
0001240D
00000000
0000ABB2
00000000
00000000
00000000
00000000
00000000
0001240D
00000000
0000ABB2
00000000
00000000
00000000
00000000
00000000
0001240D
00000000
0000ABB2
00000000
00000000
00000000
00000000
00000000
0001240D
00000000
0000ABB2
00000000
00000000
00000000
00000000
00000000
0001240D
00000000
0000ABB2
00000000
00000000
00000000
00000000
00000000
0001240D
00000000
0000ABB2
00000000
00000000
00000000
00000000
00000000
0001240D
00000000
0000ABB2
00000000
00000000
00000000
00000000
00000000
0001240D
00000000
0000ABB2
00000000
00000000
00000000
00000000
00000000
0001240D
00000000
0000ABB2
00000000
00000000
00000000
00000000
00000000
0001240D
00000000
0000ABB2
00000000
00000000
00000000
00000000
00000000
0001240D
00000000
0000ABB2
00000000
00000000
00000000
00000000
00000000
0001240D
00000000
0000ABB2
00000000
00000000
00000000
00000000
00000000
0001240D
00000000
0000ABB2
00000000
00000000
00000000
00000000
00000000
0001240D
00000000
0000ABB2
00000000
00000000
00000000
00000000
00000000
0001240D
00000000
0000ABB2
00000000
00000000
00000000
00000000
00000000
0001240D
00000000
0000ABB2
00000000
00000000
00000000
00000000
00000000
0001240D
00000000
0000ABB2
00000000
00000000
00000000
00000000
00000000
0001240D
00000000
0000ABB2
00000000
00000000
00000000
00000000
00000000
0001240D
00000000
0000ABB2
00000000
00000000
00000000
00000000
00000000
0001240D
00000000
0000ABB2
00000000
00000000
00000000
00000000
00000000
0001240D
00000000
0000ABB2
00000000
00000000
00000000
00000000
00000000
0001240D
00000000
0000ABB2
00000000
00000000
00000000
00000000
00000000
0001240D
00000000
0000ABB2
00000000
00000000
00000000
00000000
00000000
0001240D
00000000
0000ABB2
00000000
00000000
00000000
00000000
00000000
0001240D
00000000
0000ABB2
00000000
00000000
00000000
00000000
00000000
0001240D
00000000
0000ABB2
00000000
00000000
00000000
00000000
00000000
0001240D
00000000
0000ABB2
00000000
00000000
00000000
00000000
00000000
0001240D
00000000
0000ABB2
00000000
00000000
00000000
00000000
00000000
0001240D
00000000
0000ABB2
00000000
00000000
00000000
00000000
00000000
0001240D
00000000
0000ABB2
00000000
00000000
00000000
00000000
00000000
0001240D
00000000
0000ABB2
00000000
00000000
00000000
00000000
00000000
0001240D
00000000
0000ABB2
00000000
00000000
00000000
00000000
00000000
0001240D
00000000
0000ABB2
00000000
00000000
00000000
00000000
00000000
0001240D
00000000
0000ABB2
00000000
00000000
00000000
00000000
00000000
0001240D
00000000
0000ABB2
00000000
00000000
00000000
00000000
00000000
0001240D
00000000
0000ABB2
00000000
00000000
00000000
00000000
00000000
0001240D
00000000
0000ABB2
00000000
00000000
00000000
00000000
00000000
0001240D
00000000
0000ABB2
00000000
00000000
00000000
00000000
00000000
0001240D
00000000
0000ABB2
00000000
00000000
00000000
00000000
00000000
0001240D
00000000
0000ABB2
00000000
00000000
00000000
00000000
00000000
0001240D
00000000
0000ABB2
00000000
00000000
00000000
00000000
00000000
0001240D
00000000
0000ABB2
00000000
00000000
00000000
00000000
00000000
0001240D
00000000
0000ABB2
00000000
00000000
00000000
00000000
00000000
0001240D
00000000
0000ABB2
00000000
00000000
00000000
00000000
00000000
0001240D
00000000
0000ABB2
00000000
00000000
00000000
00000000
00000000
0001240D
00000000
0000ABB2
00000000
00000000
00000000
00000000
00000000
0001240D
00000000
0000ABB2
00000000
00000000
00000000
00000000
00000000
0001240D
00000000
0000ABB2
00000000
00000000
00000000
00000000
00000000
0001240D
00000000
0000ABB2
00000000
00000000
00000000
00000000
00000000
0001240D
00000000
0000ABB2
00000000
00000000
00000000
00000000
00000000
0001240D
00000000
0000ABB2
00000000
00000000
00000000
00000000
00000000
0001240D
00000000
0000ABB2
00000000
00000000
00000000
00000000
00000000
0001240D
00000000
0000ABB2
00000000
00000000
00000000
00000000
00000000
0001240D
00000000
0000ABB2
00000000
00000000
00000000
00000000
00000000
0001240D
00000000
0000ABB2
00000000
00000000
00000000
00000000
00000000
0001240D
00000000
0000ABB2
00000000
00000000
00000000
00000000
00000000
0001240D
00000000
0000ABB2
00000000
00000000
00000000
00000000
00000000
0001240D
00000000
0000ABB2
00000000
00000000
00000000
00000000
00000000
0001240D
00000000
0000ABB2
00000000
00000000
00000000
00000000
00000000
0001240D
00000000
0000ABB2
00000000
00000000
00000000
00000000
00000000
0001240D
00000000
0000ABB2
00000000
00000000
00000000
00000000
00000000
0001240D
00000000
0000ABB2
00000000
00000000
00000000
00000000
00000000
0001240D
00000000
0000ABB2
00000000
00000000
00000000
00000000
00000000
0001240D
00000000
0000ABB2
00000000
00000000
00000000
00000000
00000000
0001240D
00000000
0000ABB2
00000000
00000000
00000000
00000000
00000000
0001240D
00000000
0000ABB2
00000000
00000000
00000000
00000000
00000000
0001240D
00000000
0000ABB2
00000000
00000000
00000000
00000000
00000000
0001240D
00000000
0000ABB2
00000000
00000000
00000000
00000000
00000000
0001240D
00000000
0000ABB2
00000000
00000000
00000000
00000000
00000000
0001240D
00000000
0000ABB2
00000000
00000000
00000000
00000000
00000000
0001240D
00000000
0000ABB2
00000000
00000000
00000000
00000000
00000000
0001240D
00000000
0000ABB2
00000000
00000000
00000000
00000000
00000000
0001240D
00000000
0000ABB2
00000000
00000000
00000000
00000000
00000000
0001240D
00000000
0000ABB2
00000000
00000000
00000000
00000000
00000000
0001240D
00000000
0000ABB2
00000000
00000000
00000000
00000000
00000000
0001240D
00000000
0000ABB2
00000000
00000000
00000000
00000000
00000000
0001240D
00000000
0000ABB2
00000000
00000000
00000000
00000000
00000000
0001240D
00000000
0000ABB2
00000000
00000000
00000000
00000000
00000000
0001240D
00000000
0000ABB2
00000000
00000000
00000000
00000000
00000000
0001240D
00000000
0000ABB2
00000000
00000000
00000000
00000000
00000000
0001240D
00000000
0000ABB2
00000000
00000000
00000000
00000000
00000000
0001240D
00000000
0000ABB2
00000000
00000000
00000000
00000000
00000000
0001240D
00000000
0000ABB2
00000000
00000000
00000000
00000000
00000000
0001240D
00000000
0000ABB2
00000000
00000000
00000000
00000000
00000000
0001240D
00000000
0000ABB2
00000000
00000000
00000000
00000000
00000000
0001240D
00000000
0000ABB2
00000000
00000000
00000000
00000000
00000000
0001240D
00000000
0000ABB2
00000000
00000000
00000000
00000000
00000000
0001240D
00000000
0000ABB2
00000000
00000000
00000000
00000000
00000000
0001240D
00000000
0000ABB2
00000000
00000000
00000000
00000000
00000000
0001240D
00000000
0000ABB2
00000000
00000000
00000000
00000000
00000000
0001240D
00000000
0000ABB2
00000000
00000000
00000000
00000000
00000000
0001240D
00000000
0000ABB2
00000000
00000000
00000000
00000000
00000000
0001240D
00000000
0000ABB2
00000000
00000000
00000000
00000000
00000000
0001240D
00000000
0000ABB2
00000000
00000000
00000000
00000000
00000000
0001240D
00000000
0000ABB2
00000000
00000000
00000000
00000000
00000000
0001240D
00000000
0000ABB2
00000000
00000000
00000000
00000000
00000000
0001240D
00000000
0000ABB2
00000000
00000000
00000000
00000000
00000000
0001240D
00000000
0000ABB2
00000000
00000000
00000000
00000000
00000000
0001240D
00000000
0000ABB2
00000000
00000000
00000000
00000000
00000000
0001240D
00000000
0000ABB2
00000000
00000000
00000000
00000000
00000000
0001240D
00000000
0000ABB2
00000000
00000000
00000000
00000000
00000000
0001240D
00000000
0000ABB2
00000000
00000000
00000000
00000000
00000000
0001240D
00000000
0000ABB2
00000000
00000000
00000000
00000000
00000000
0001240D
00000000
0000ABB2
00000000
00000000
00000000
00000000
00000000
0001240D
00000000
0000ABB2
00000000
00000000
00000000
00000000
00000000
0001240D
00000000
0000ABB2
00000000
00000000
00000000
00000000
00000000
0001240D
00000000
0000ABB2
00000000
00000000
00000000
00000000
00000000
0001240D
00000000
0000ABB2
00000000
00000000
00000000
00000000
00000000
0001240D
00000000
0000ABB2
00000000
00000000
00000000
00000000
00000000
0001240D
00000000
0000ABB2
00000000
00000000
00000000
00000000
00000000
0001240D
00000000
0000ABB2
00000000
00000000
00000000
00000000
00000000
0001240D
00000000
0000ABB2
00000000
00000000
00000000
00000000
00000000
0001240D
00000000
0000ABB2
00000000
00000000
00000000
00000000
00000000
0001240D
00000000
0000ABB2
00000000
00000000
00000000
00000000
00000000
0001240D
00000000
0000ABB2
00000000
00000000
00000000
00000000
00000000
0001240D
00000000
0000ABB2
00000000
00000000
00000000
00000000
00000000
0001240D
00000000
0000ABB2
00000000
00000000
00000000
00000000
00000000
0001240D
00000000
0000ABB2
00000000
00000000
00000000
00000000
00000000
0001240D
00000000
0000ABB2
00000000
00000000
00000000
00000000
00000000
0001240D
00000000
0000ABB2
00000000
00000000
00000000
00000000
00000000
0001240D
00000000
0000ABB2
00000000
00000000
00000000
00000000
00000000
0001240D
00000000
0000ABB2
00000000
00000000
00000000
00000000
00000000
0001240D
00000000
0000ABB2
00000000
00000000
00000000
00000000
00000000
0001240D
00000000
0000ABB2
00000000
00000000
00000000
00000000
00000000
0001240D
00000000
0000ABB2
00000000
00000000
00000000
00000000
00000000
0001240D
00000000
0000ABB2
00000000
00000000
00000000
00000000
00000000
0001240D
00000000
0000ABB2
00000000
00000000
00000000
00000000
00000000
0001240D
00000000
0000ABB2
00000000
00000000
00000000
00000000
00000000
0001240D
00000000
0000ABB2
00000000
00000000
00000000
00000000
00000000
0001240D
00000000
0000ABB2
00000000
00000000
00000000
00000000
00000000
0001240D
00000000
0000ABB2
00000000
00000000
00000000
00000000
00000000
0001240D
00000000
0000ABB2
00000000
00000000
00000000
00000000
00000000
0001240D
00000000
0000ABB2
00000000
00000000
00000000
00000000
00000000
0001240D
00000000
0000ABB2
00000000
00000000
00000000
00000000
00000000
0001240D
00000000
0000ABB2
00000000
00000000
00000000
00000000
00000000
0001240D
00000000
0000ABB2
00000000
00000000
00000000
00000000
00000000
0001240D
00000000
0000ABB2
00000000
00000000
00000000
00000000
00000000
0001240D
00000000
0000ABB2
00000000
00000000
00000000
00000000
00000000
0001240D
00000000
0000ABB2
00000000
00000000
00000000
00000000
00000000
0001240D
00000000
0000ABB2
00000000
00000000
00000000
00000000
00000000
0001240D
00000000
0000ABB2
00000000
00000000
00000000
00000000
00000000
0001240D
00000000
0000ABB2
00000000
00000000
00000000
00000000
00000000
0001240D
00000000
0000ABB2
00000000
00000000
00000000
00000000
00000000
0001240D
00000000
0000ABB2
00000000
00000000
00000000
00000000
00000000
0001240D
00000000
0000ABB2
00000000
00000000
00000000
00000000
00000000
0001240D
00000000
0000ABB2
00000000
00000000
00000000
00000000
00000000
0001240D
00000000
0000ABB2
00000000
00000000
00000000
00000000
00000000
0001240D
00000000
0000ABB2
00000000
00000000
00000000
00000000
00000000
0001240D
00000000
0000ABB2
00000000
00000000
00000000
00000000
00000000
0001240D
00000000
0000ABB2
00000000
00000000
00000000
00000000
00000000
0001240D
00000000
0000ABB2
00000000
00000000
00000000
00000000
00000000
0001240D
00000000
0000ABB2
00000000
00000000
00000000
00000000
00000000
0001240D
00000000
0000ABB2
00000000
00000000
00000000
00000000
00000000
0001240D
00000000
0000ABB2
00000000
00000000
00000000
00000000
00000000
0001240D
00000000
0000ABB2
00000000
00000000
00000000
00000000
00000000
0001240D
00000000
0000ABB2
00000000
00000000
00000000
00000000
00000000
0001240D
00000000
0000ABB2
00000000
00000000
00000000
00000000
00000000
0001240D
00000000
0000ABB2
00000000
00000000
00000000
00000000
00000000
0001240D
00000000
0000ABB2
00000000
00000000
00000000
00000000
00000000
0001240D
00000000
0000ABB2
00000000
00000000
00000000
00000000
00000000
0001240D
00000000
0000ABB2
00000000
00000000
00000000
00000000
00000000
0001240D
00000000
0000ABB2
00000000
00000000
00000000
00000000
00000000
0001240D
00000000
0000ABB2
00000000
00000000
00000000
00000000
00000000
0001240D
00000000
0000ABB2
00000000
00000000
00000000
00000000
00000000
0001240D
00000000
0000ABB2
00000000
00000000
00000000
00000000
00000000
0001240D
00000000
0000ABB2
00000000
00000000
00000000
00000000
00000000
0001240D
00000000
0000ABB2
00000000
00000000
00000000
00000000
00000000
0001240D
00000000
0000ABB2
00000000
00000000
00000000
00000000
00000000
0001240D
00000000
0000ABB2
00000000
00000000
00000000
00000000
00000000
0001240D
00000000
0000ABB2
00000000
00000000
00000000
00000000
00000000
0001240D
00000000
0000ABB2
00000000
00000000
00000000
00000000
00000000
0001240D
00000000
0000ABB2
00000000
00000000
00000000
00000000
00000000
0001240D
00000000
0000ABB2
00000000
00000000
00000000
00000000
00000000
0001240D
00000000
0000ABB2
00000000
00000000
00000000
00000000
00000000
0001240D
00000000
0000ABB2
00000000
00000000
00000000
00000000
00000000
0001240D
00000000
0000ABB2
00000000
00000000
00000000
00000000
00000000
0001240D
00000000
0000ABB2
00000000
00000000
00000000
00000000
00000000
0001240D
00000000
0000ABB2
00000000
00000000
00000000
00000000
00000000
0001240D
00000000
0000ABB2
00000000
00000000
00000000
00000000
00000000
0001240D
00000000
0000ABB2
00000000
00000000
00000000
00000000
00000000
0001240D
00000000
0000ABB2
00000000
00000000
00000000
00000000
00000000
0001240D
00000000
0000ABB2
00000000
00000000
00000000
00000000
00000000
0001240D
00000000
0000ABB2
00000000
00000000
00000000
00000000
00000000
0001240D
00000000
0000ABB2
00000000
00000000
00000000
00000000
00000000
0001240D
00000000
0000ABB2
00000000
00000000
00000000
00000000
00000000
0001240D
00000000
0000ABB2
00000000
00000000
00000000
00000000
00000000
0001240D
00000000
0000ABB2
00000000
00000000
00000000
00000000
00000000
0001240D
00000000
0000ABB2
00000000
00000000
00000000
00000000
00000000
0001240D
00000000
0000ABB2
00000000
00000000
00000000
00000000
00000000
0001240D
00000000
0000ABB2
00000000
00000000
00000000
00000000
00000000
0001240D
00000000
0000ABB2
00000000
00000000
00000000
00000000
00000000
0001240D
00000000
0000ABB2
00000000
00000000
00000000
00000000
00000000
0001240D
00000000
0000ABB2
00000000
00000000
00000000
00000000
00000000
0001240D
00000000
0000ABB2
00000000
00000000
00000000
00000000
00000000
0001240D
00000000
0000ABB2
00000000
00000000
00000000
00000000
00000000
0001240D
00000000
0000ABB2
00000000
00000000
00000000
00000000
00000000
0001240D
00000000
0000ABB2
00000000
00000000
00000000
00000000
00000000
0001240D
00000000
0000ABB2
00000000
00000000
00000000
00000000
00000000
0001240D
00000000
0000ABB2
00000000
00000000
00000000
00000000
00000000
0001240D
00000000
0000ABB2
00000000
00000000
00000000
00000000
00000000
0001240D
00000000
0000ABB2
00000000
00000000
00000000
00000000
00000000
0001240D
00000000
0000ABB2
00000000
00000000
00000000
00000000
00000000
0001240D
00000000
0000ABB2
00000000
00000000
00000000
00000000
00000000
0001240D
00000000
0000ABB2
00000000
00000000
00000000
00000000
00000000
0001240D
00000000
0000ABB2
00000000
00000000
00000000
00000000
00000000
0001240D
00000000
0000ABB2
00000000
00000000
00000000
00000000
00000000
0001240D
00000000
0000ABB2
00000000
00000000
00000000
00000000
00000000
0001240D
00000000
0000ABB2
00000000
00000000
00000000
00000000
00000000
0001240D
00000000
0000ABB2
00000000
00000000
00000000
00000000
00000000
0001240D
00000000
0000ABB2
00000000
00000000
00000000
00000000
00000000
0001240D
00000000
0000ABB2
00000000
00000000
00000000
00000000
00000000
0001240D
00000000
0000ABB2
00000000
00000000
00000000
00000000
00000000
0001240D
00000000
0000ABB2
00000000
00000000
00000000
00000000
00000000
0001240D
00000000
0000ABB2
00000000
00000000
00000000
00000000
00000000
0001240D
00000000
0000ABB2
00000000
00000000
00000000
00000000
00000000
0001240D
00000000
0000ABB2
00000000
00000000
00000000
00000000
00000000
0001240D
00000000
0000ABB2
00000000
00000000
00000000
00000000
00000000
0001240D
00000000
0000ABB2
00000000
00000000
00000000
00000000
00000000
0001240D
00000000
0000ABB2
00000000
00000000
00000000
00000000
00000000
0001240D
00000000
0000ABB2
00000000
00000000
00000000
00000000
00000000
0001240D
00000000
0000ABB2
00000000
00000000
00000000
00000000
00000000
0001240D
00000000
0000ABB2
00000000
00000000
00000000
00000000
00000000
0001240D
00000000
0000ABB2
00000000
00000000
00000000
00000000
00000000
0001240D
00000000
0000ABB2
00000000
00000000
00000000
00000000
00000000
0001240D
00000000
0000ABB2
00000000
00000000
00000000
00000000
00000000
0001240D
00000000
0000ABB2
00000000
00000000
00000000
00000000
00000000
0001240D
00000000
0000ABB2
00000000
00000000
00000000
00000000
00000000
0001240D
00000000
0000ABB2
00000000
00000000
00000000
00000000
00000000
0001240D
00000000
0000ABB2
00000000
00000000
00000000
00000000
00000000
0001240D
00000000
0000ABB2
00000000
00000000
00000000
00000000
00000000
0001240D
00000000
0000ABB2
00000000
00000000
00000000
00000000
00000000
0001240D
00000000
0000ABB2
00000000
00000000
00000000
00000000
00000000
0001240D
00000000
0000ABB2
00000000
00000000
00000000
00000000
00000000
0001240D
00000000
0000ABB2
00000000
00000000
00000000
00000000
00000000
0001240D
00000000
0000ABB2
00000000
00000000
00000000
00000000
00000000
0001240D
00000000
0000ABB2
00000000
00000000
00000000
00000000
00000000
0001240D
00000000
0000ABB2
00000000
00000000
00000000
00000000
00000000
0001240D
00000000
0000ABB2
00000000
00000000
00000000
00000000
00000000
0001240D
00000000
0000ABB2
00000000
00000000
00000000
00000000
00000000
0001240D
00000000
0000ABB2
00000000
00000000
00000000
00000000
00000000
0001240D
00000000
0000ABB2
00000000
00000000
00000000
00000000
00000000
0001240D
00000000
0000ABB2
00000000
00000000
00000000
00000000
00000000
0001240D
00000000
0000ABB2
00000000
00000000
00000000
00000000
00000000
0001240D
00000000
0000ABB2
00000000
00000000
00000000
00000000
00000000
0001240D
00000000
0000ABB2
00000000
00000000
00000000
00000000
00000000
0001240D
00000000
0000ABB2
00000000
00000000
00000000
00000000
00000000
0001240D
00000000
0000ABB2
00000000
00000000
00000000
00000000
00000000
0001240D
00000000
0000ABB2
00000000
00000000
00000000
00000000
00000000
0001240D
00000000
0000ABB2
00000000
00000000
00000000
00000000
00000000
0001240D
00000000
0000ABB2
00000000
00000000
00000000
00000000
00000000
0001240D
00000000
0000ABB2
00000000
00000000
00000000
00000000
00000000
0001240D
00000000
0000ABB2
00000000
00000000
00000000
00000000
00000000
0001240D
00000000
0000ABB2
00000000
00000000
00000000
00000000
00000000
0001240D
00000000
0000ABB2
00000000
00000000
00000000
00000000
00000000
0001240D
00000000
0000ABB2
00000000
00000000
00000000
00000000
00000000
0001240D
00000000
0000ABB2
00000000
00000000
00000000
00000000
00000000
0001240D
00000000
0000ABB2
00000000
00000000
00000000
00000000
00000000
0001240D
00000000
0000ABB2
00000000
00000000
00000000
00000000
00000000
0001240D
00000000
0000ABB2
00000000
00000000
00000000
00000000
00000000
0001240D
00000000
0000ABB2
00000000
00000000
00000000
00000000
00000000
0001240D
00000000
0000ABB2
00000000
00000000
00000000
00000000
00000000
0001240D
00000000
0000ABB2
00000000
00000000
00000000
00000000
00000000
0001240D
00000000
0000ABB2
00000000
00000000
00000000
00000000
00000000
0001240D
00000000
0000ABB2
00000000
00000000
00000000
00000000
00000000
0001240D
00000000
0000ABB2
00000000
00000000
00000000
00000000
00000000
0001240D
00000000
0000ABB2
00000000
00000000
00000000
00000000
00000000
0001240D
00000000
0000ABB2
00000000
00000000
00000000
00000000
00000000
0001240D
00000000
0000ABB2
00000000
00000000
00000000
00000000
00000000
0001240D
00000000
0000ABB2
00000000
00000000
00000000
00000000
00000000
0001240D
00000000
0000ABB2
00000000
00000000
00000000
00000000
00000000
0001240D
00000000
0000ABB2
00000000
00000000
00000000
00000000
00000000
0001240D
00000000
0000ABB2
00000000
00000000
00000000
00000000
00000000
0001240D
00000000
0000ABB2
00000000
00000000
00000000
00000000
00000000
0001240D
00000000
0000ABB2
00000000
00000000
00000000
00000000
00000000
0001240D
00000000
0000ABB2
00000000
00000000
00000000
00000000
00000000
0001240D
00000000
0000ABB2
00000000
00000000
00000000
00000000
00000000
0001240D
00000000
0000ABB2
00000000
00000000
00000000
00000000
00000000
0001240D
00000000
0000ABB2
00000000
00000000
00000000
00000000
00000000
0001240D
00000000
0000ABB2
00000000
00000000
00000000
00000000
00000000
0001240D
00000000
0000ABB2
00000000
00000000
00000000
00000000
00000000
0001240D
00000000
0000ABB2
00000000
00000000
00000000
00000000
00000000
0001240D
00000000
0000ABB2
00000000
00000000
00000000
00000000
00000000
0001240D
00000000
0000ABB2
00000000
00000000
00000000
00000000
00000000
0001240D
00000000
0000ABB2
00000000
00000000
00000000
00000000
00000000
0001240D
00000000
0000ABB2
00000000
00000000
00000000
00000000
00000000
0001240D
00000000
0000ABB2
00000000
00000000
00000000
00000000
00000000
0001240D
00000000
0000ABB2
00000000
00000000
00000000
00000000
00000000
0001240D
00000000
0000ABB2
00000000
00000000
00000000
00000000
00000000
0001240D
00000000
0000ABB2
00000000
00000000
00000000
00000000
00000000
0001240D
00000000
0000ABB2
00000000
00000000
00000000
00000000
00000000
0001240D
00000000
0000ABB2
00000000
00000000
00000000
00000000
00000000
0001240D
00000000
0000ABB2
00000000
00000000
00000000
00000000
00000000
0001240D
00000000
0000ABB2
00000000
00000000
00000000
00000000
00000000
0001240D
00000000
0000ABB2
00000000
00000000
00000000
00000000
00000000
0001240D
00000000
0000ABB2
00000000
00000000
00000000
00000000
00000000
0001240D
00000000
0000ABB2
00000000
00000000
00000000
00000000
00000000
0001240D
00000000
0000ABB2
00000000
00000000
00000000
00000000
00000000
0001240D
00000000
0000ABB2
00000000
00000000
00000000
00000000
00000000
0001240D
00000000
0000ABB2
00000000
00000000
00000000
00000000
00000000
0001240D
00000000
0000ABB2
00000000
00000000
00000000
00000000
00000000
0001240D
00000000
0000ABB2
00000000
00000000
00000000
00000000
00000000
0001240D
00000000
0000ABB2
00000000
00000000
00000000
00000000
00000000
0001240D
00000000
0000ABB2
00000000
00000000
00000000
00000000
00000000
0001240D
00000000
0000ABB2
00000000
00000000
00000000
00000000
00000000
0001240D
00000000
0000ABB2
00000000
00000000
00000000
00000000
00000000
0001240D
00000000
0000ABB2
00000000
00000000
00000000
00000000
00000000
0001240D
00000000
0000ABB2
00000000
00000000
00000000
00000000
00000000
0001240D
00000000
0000ABB2
00000000
00000000
00000000
00000000
00000000
0001240D
00000000
0000ABB2
00000000
00000000
00000000
00000000
00000000
0001240D
00000000
0000ABB2
00000000
00000000
00000000
00000000
00000000
0001240D
00000000
0000ABB2
00000000
00000000
00000000
00000000
00000000
0001240D
00000000
0000ABB2
00000000
00000000
00000000
00000000
00000000
0001240D
00000000
0000ABB2
00000000
00000000
00000000
00000000
00000000
0001240D
00000000
0000ABB2
00000000
00000000
00000000
00000000
00000000
0001240D
00000000
0000ABB2
00000000
00000000
00000000
00000000
00000000
0001240D
00000000
0000ABB2
00000000
00000000
00000000
00000000
00000000
0001240D
00000000
0000ABB2
00000000
00000000
00000000
00000000
00000000
0001240D
00000000
0000ABB2
00000000
00000000
00000000
00000000
00000000
0001240D
00000000
0000ABB2
00000000
00000000
00000000
00000000
00000000
0001240D
00000000
0000ABB2
00000000
00000000
00000000
00000000
00000000
0001240D
00000000
0000ABB2
00000000
00000000
00000000
00000000
00000000
0001240D
00000000
0000ABB2
00000000
00000000
00000000
00000000
00000000
0001240D
00000000
0000ABB2
00000000
00000000
00000000
00000000
00000000
0001240D
00000000
0000ABB2
00000000
00000000
00000000
00000000
00000000
0001240D
00000000
0000ABB2
00000000
00000000
00000000
00000000
00000000
0001240D
00000000
0000ABB2
00000000
00000000
00000000
00000000
00000000
0001240D
00000000
0000ABB2
00000000
00000000
00000000
00000000
00000000
0001240D
00000000
0000ABB2
00000000
00000000
00000000
00000000
00000000
0001240D
00000000
0000ABB2
00000000
00000000
00000000
00000000
00000000
0001240D
00000000
0000ABB2
00000000
00000000
00000000
00000000
00000000
0001240D
00000000
0000ABB2
00000000
00000000
00000000
00000000
00000000
0001240D
00000000
0000ABB2
00000000
00000000
00000000
00000000
00000000
0001240D
00000000
0000ABB2
00000000
00000000
00000000
00000000
00000000
0001240D
00000000
0000ABB2
00000000
00000000
00000000
00000000
00000000
0001240D
00000000
0000ABB2
00000000
00000000
00000000
00000000
00000000
0001240D
00000000
0000ABB2
00000000
00000000
00000000
00000000
00000000
0001240D
00000000
0000ABB2
00000000
00000000
00000000
00000000
00000000
0001240D
00000000
0000ABB2
00000000
00000000
00000000
00000000
00000000
0001240D
00000000
0000ABB2
00000000
00000000
00000000
00000000
00000000
0001240D
00000000
0000ABB2
00000000
00000000
00000000
00000000
00000000
0001240D
00000000
0000ABB2
00000000
00000000
00000000
00000000
00000000
0001240D
00000000
0000ABB2
00000000
00000000
00000000
00000000
00000000
0001240D
00000000
0000ABB2
00000000
00000000
00000000
00000000
00000000
0001240D
00000000
0000ABB2
00000000
00000000
00000000
00000000
00000000
0001240D
00000000
0000ABB2
00000000
00000000
00000000
00000000
00000000
0001240D
00000000
0000ABB2
00000000
00000000
00000000
00000000
00000000
0001240D
00000000
0000ABB2
00000000
00000000
00000000
00000000
00000000
0001240D
00000000
0000ABB2
00000000
00000000
00000000
00000000
00000000
0001240D
00000000
0000ABB2
00000000
00000000
00000000
00000000
00000000
0001240D
00000000
0000ABB2
00000000
00000000
00000000
00000000
00000000
0001240D
00000000
0000ABB2
00000000
00000000
00000000
00000000
00000000
0001240D
00000000
0000ABB2
00000000
00000000
00000000
00000000
00000000
0001240D
00000000
0000ABB2
00000000
00000000
00000000
00000000
00000000
0001240D
00000000
0000ABB2
00000000
00000000
00000000
00000000
00000000
0001240D
00000000
0000ABB2
00000000
00000000
00000000
00000000
00000000
0001240D
00000000
0000ABB2
00000000
00000000
00000000
00000000
00000000
0001240D
00000000
0000ABB2
00000000
00000000
00000000
00000000
00000000
0001240D
00000000
0000ABB2
00000000
00000000
00000000
00000000
00000000
0001240D
00000000
0000ABB2
00000000
00000000
00000000
00000000
00000000
0001240D
00000000
0000ABB2
00000000
00000000
00000000
00000000
00000000
0001240D
00000000
0000ABB2
00000000
00000000
00000000
00000000
00000000
0001240D
00000000
0000ABB2
00000000
00000000
00000000
00000000
00000000
0001240D
00000000
0000ABB2
00000000
00000000
00000000
00000000
00000000
0001240D
00000000
0000ABB2
00000000
00000000
00000000
00000000
00000000
0001240D
00000000
0000ABB2
00000000
00000000
00000000
00000000
00000000
0001240D
00000000
0000ABB2
00000000
00000000
00000000
00000000
00000000
0001240D
00000000
0000ABB2
00000000
00000000
00000000
00000000
00000000
0001240D
00000000
0000ABB2
00000000
00000000
00000000
00000000
00000000
0001240D
00000000
0000ABB2
00000000
00000000
00000000
00000000
00000000
0001240D
00000000
0000ABB2
00000000
00000000
00000000
00000000
00000000
0001240D
00000000
0000ABB2
00000000
00000000
00000000
00000000
00000000
0001240D
00000000
0000ABB2
00000000
00000000
00000000
00000000
00000000
0001240D
00000000
0000ABB2
00000000
00000000
00000000
00000000
00000000
0001240D
00000000
0000ABB2
00000000
00000000
00000000
00000000
00000000
0001240D
00000000
0000ABB2
00000000
00000000
00000000
00000000
00000000
0001240D
00000000
0000ABB2
00000000
00000000
00000000
00000000
00000000
0001240D
00000000
0000ABB2
00000000
00000000
00000000
00000000
00000000
0001240D
00000000
0000ABB2
00000000
00000000
00000000
00000000
00000000
0001240D
00000000
0000ABB2
00000000
00000000
00000000
00000000
00000000
0001240D
00000000
0000ABB2
00000000
00000000
00000000
00000000
00000000
0001240D
00000000
0000ABB2
00000000
00000000
00000000
00000000
00000000
0001240D
00000000
0000ABB2
00000000
00000000
00000000
00000000
00000000
0001240D
00000000
0000ABB2
00000000
00000000
00000000
00000000
00000000
0001240D
00000000
0000ABB2
00000000
00000000
00000000
00000000
00000000
0001240D
00000000
0000ABB2
00000000
00000000
00000000
00000000
00000000
0001240D
00000000
0000ABB2
00000000
00000000
00000000
00000000
00000000
0001240D
00000000
0000ABB2
00000000
00000000
00000000
00000000
00000000
0001240D
00000000
0000ABB2
00000000
00000000
00000000
00000000
00000000
0001240D
00000000
0000ABB2
00000000
00000000
00000000
00000000
00000000
0001240D
00000000
0000ABB2
00000000
00000000
00000000
00000000
00000000
0001240D
00000000
0000ABB2
00000000
00000000
00000000
00000000
00000000
0001240D
00000000
0000ABB2
00000000
00000000
00000000
00000000
00000000
0001240D
00000000
0000ABB2
00000000
00000000
00000000
00000000
00000000
0001240D
00000000
0000ABB2
00000000
00000000
00000000
00000000
00000000
0001240D
00000000
0000ABB2
00000000
00000000
00000000
00000000
00000000
0001240D
00000000
0000ABB2
00000000
00000000
00000000
00000000
00000000
0001240D
00000000
0000ABB2
00000000
00000000
00000000
00000000
00000000
0001240D
00000000
0000ABB2
00000000
00000000
00000000
00000000
00000000
0001240D
00000000
0000ABB2
00000000
00000000
00000000
00000000
00000000
0001240D
00000000
0000ABB2
00000000
00000000
00000000
00000000
00000000
0001240D
00000000
0000ABB2
00000000
00000000
00000000
00000000
00000000
0001240D
00000000
0000ABB2
00000000
00000000
00000000
00000000
00000000
0001240D
00000000
0000ABB2
00000000
00000000
00000000
00000000
00000000
0001240D
00000000
0000ABB2
00000000
00000000
00000000
00000000
00000000
0001240D
00000000
0000ABB2
00000000
00000000
00000000
00000000
00000000
0001240D
00000000
0000ABB2
00000000
00000000
00000000
00000000
00000000
0001240D
00000000
0000ABB2
00000000
00000000
00000000
00000000
00000000
0001240D
00000000
0000ABB2
00000000
00000000
00000000
00000000
00000000
0001240D
00000000
0000ABB2
00000000
00000000
00000000
00000000
00000000
0001240D
00000000
0000ABB2
00000000
00000000
00000000
00000000
00000000
0001240D
00000000
0000ABB2
00000000
00000000
00000000
00000000
00000000
0001240D
00000000
0000ABB2
00000000
00000000
00000000
00000000
00000000
0001240D
00000000
0000ABB2
00000000
00000000
00000000
00000000
00000000
0001240D
00000000
0000ABB2
00000000
00000000
00000000
00000000
00000000
0001240D
00000000
0000ABB2
00000000
00000000
00000000
00000000
00000000
0001240D
00000000
0000ABB2
00000000
00000000
00000000
00000000
00000000
0001240D
00000000
0000ABB2
00000000
00000000
00000000
00000000
00000000
0001240D
00000000
0000ABB2
00000000
00000000
00000000
00000000
00000000
0001240D
00000000
0000ABB2
00000000
00000000
00000000
00000000
00000000
0001240D
00000000
0000ABB2
00000000
00000000
00000000
00000000
00000000
0001240D
00000000
0000ABB2
00000000
00000000
00000000
00000000
00000000
0001240D
00000000
0000ABB2
00000000
00000000
00000000
00000000
00000000
0001240D
00000000
0000ABB2
00000000
00000000
00000000
00000000
00000000
0001240D
00000000
0000ABB2
00000000
00000000
00000000
00000000
00000000
0001240D
00000000
0000ABB2
00000000
00000000
00000000
00000000
00000000
0001240D
00000000
0000ABB2
00000000
00000000
00000000
00000000
00000000
0001240D
00000000
0000ABB2
00000000
00000000
00000000
00000000
00000000
0001240D
00000000
0000ABB2
00000000
00000000
00000000
00000000
00000000
0001240D
00000000
0000ABB2
00000000
00000000
00000000
00000000
00000000
0001240D
00000000
0000ABB2
00000000
00000000
00000000
00000000
00000000
0001240D
00000000
0000ABB2
00000000
00000000
00000000
00000000
00000000
0001240D
00000000
0000ABB2
00000000
00000000
00000000
00000000
00000000
0001240D
00000000
0000ABB2
00000000
00000000
00000000
00000000
00000000
0001240D
00000000
0000ABB2
00000000
00000000
00000000
00000000
00000000
0001240D
00000000
0000ABB2
00000000
00000000
00000000
00000000
00000000
0001240D
00000000
0000ABB2
00000000
00000000
00000000
00000000
00000000
0001240D
00000000
0000ABB2
00000000
00000000
00000000
00000000
00000000
0001240D
00000000
0000ABB2
00000000
00000000
00000000
00000000
00000000
0001240D
00000000
0000ABB2
00000000
00000000
00000000
00000000
00000000
0001240D
00000000
0000ABB2
00000000
00000000
00000000
00000000
00000000
0001240D
00000000
0000ABB2
00000000
00000000
00000000
00000000
00000000
0001240D
00000000
0000ABB2
00000000
00000000
00000000
00000000
00000000
0001240D
00000000
0000ABB2
00000000
00000000
00000000
00000000
00000000
0001240D
00000000
0000ABB2
00000000
00000000
00000000
00000000
00000000
0001240D
00000000
0000ABB2
00000000
00000000
00000000
00000000
00000000
0001240D
00000000
0000ABB2
00000000
00000000
00000000
00000000
00000000
0001240D
00000000
0000ABB2
00000000
00000000
00000000
00000000
00000000
0001240D
00000000
0000ABB2
00000000
00000000
00000000
00000000
00000000
0001240D
00000000
0000ABB2
00000000
00000000
00000000
00000000
00000000
0001240D
00000000
0000ABB2
00000000
00000000
00000000
00000000
00000000
0001240D
00000000
0000ABB2
00000000
00000000
00000000
00000000
00000000
0001240D
00000000
0000ABB2
00000000
00000000
00000000
00000000
00000000
0001240D
00000000
0000ABB2
00000000
00000000
00000000
00000000
00000000
0001240D
00000000
0000ABB2
00000000
00000000
00000000
00000000
00000000
0001240D
00000000
0000ABB2
00000000
00000000
00000000
00000000
00000000
0001240D
00000000
0000ABB2
00000000
00000000
00000000
00000000
00000000
0001240D
00000000
0000ABB2
00000000
00000000
00000000
00000000
00000000
0001240D
00000000
0000ABB2
00000000
00000000
00000000
00000000
00000000
0001240D
00000000
0000ABB2
00000000
00000000
00000000
00000000
00000000
0001240D
00000000
0000ABB2
00000000
00000000
00000000
00000000
00000000
0001240D
00000000
0000ABB2
00000000
00000000
00000000
00000000
00000000
0001240D
00000000
0000ABB2
00000000
00000000
00000000
00000000
00000000
0001240D
00000000
0000ABB2
00000000
00000000
00000000
00000000
00000000
0001240D
00000000
0000ABB2
00000000
00000000
00000000
00000000
00000000
0001240D
00000000
0000ABB2
00000000
00000000
00000000
00000000
00000000
0001240D
00000000
0000ABB2
00000000
00000000
00000000
00000000
00000000
0001240D
00000000
0000ABB2
00000000
00000000
00000000
00000000
00000000
0001240D
00000000
0000ABB2
00000000
00000000
00000000
00000000
00000000
0001240D
00000000
0000ABB2
00000000
00000000
00000000
00000000
00000000
0001240D
00000000
0000ABB2
00000000
00000000
00000000
00000000
00000000
0001240D
00000000
0000ABB2
00000000
00000000
00000000
00000000
00000000
0001240D
00000000
0000ABB2
00000000
00000000
00000000
00000000
00000000
0001240D
00000000
0000ABB2
00000000
00000000
00000000
00000000
00000000
0001240D
00000000
0000ABB2
00000000
00000000
00000000
00000000
00000000
0001240D
00000000
0000ABB2
00000000
00000000
00000000
00000000
00000000
0001240D
00000000
0000ABB2
00000000
00000000
00000000
00000000
00000000
0001240D
00000000
0000ABB2
00000000
00000000
00000000
00000000
00000000
0001240D
00000000
0000ABB2
00000000
00000000
00000000
00000000
00000000
0001240D
00000000
0000ABB2
00000000
00000000
00000000
00000000
00000000
0001240D
00000000
0000ABB2
00000000
00000000
00000000
00000000
00000000
0001240D
00000000
0000ABB2
00000000
00000000
00000000
00000000
00000000
0001240D
00000000
0000ABB2
00000000
00000000
00000000
00000000
00000000
0001240D
00000000
0000ABB2
00000000
00000000
00000000
00000000
00000000
0001240D
00000000
0000ABB2
00000000
00000000
00000000
00000000
00000000
0001240D
00000000
0000ABB2
00000000
00000000
00000000
00000000
00000000
0001240D
00000000
0000ABB2
00000000
00000000
00000000
00000000
00000000
0001240D
00000000
0000ABB2
00000000
00000000
00000000
00000000
00000000
0001240D
00000000
0000ABB2
00000000
00000000
00000000
00000000
00000000
0001240D
00000000
0000ABB2
00000000
00000000
00000000
00000000
00000000
0001240D
00000000
0000ABB2
00000000
00000000
00000000
00000000
00000000
0001240D
00000000
0000ABB2
00000000
00000000
00000000
00000000
00000000
0001240D
00000000
0000ABB2
00000000
00000000
00000000
00000000
00000000
0001240D
00000000
0000ABB2
00000000
00000000
00000000
00000000
00000000
0001240D
00000000
0000ABB2
00000000
00000000
00000000
00000000
00000000
0001240D
00000000
0000ABB2
00000000
00000000
00000000
00000000
00000000
0001240D
00000000
0000ABB2
00000000
00000000
00000000
00000000
00000000
0001240D
00000000
0000ABB2
00000000
00000000
00000000
00000000
00000000
0001240D
00000000
0000ABB2
00000000
00000000
00000000
00000000
00000000
0001240D
00000000
0000ABB2
00000000
00000000
00000000
00000000
00000000
0001240D
00000000
0000ABB2
00000000
00000000
00000000
00000000
00000000
0001240D
00000000
0000ABB2
00000000
00000000
00000000
00000000
00000000
0001240D
00000000
0000ABB2
00000000
00000000
00000000
00000000
00000000
0001240D
00000000
0000ABB2
00000000
00000000
00000000
00000000
00000000
0001240D
00000000
0000ABB2
00000000
00000000
00000000
00000000
00000000
0001240D
00000000
0000ABB2
00000000
00000000
00000000
00000000
00000000
0001240D
00000000
0000ABB2
00000000
00000000
00000000
00000000
00000000
0001240D
00000000
0000ABB2
00000000
00000000
00000000
00000000
00000000
0001240D
00000000
0000ABB2
00000000
00000000
00000000
00000000
00000000
0001240D
00000000
0000ABB2
00000000
00000000
00000000
00000000
00000000
0001240D
00000000
0000ABB2
00000000
00000000
00000000
00000000
00000000
0001240D
00000000
0000ABB2
00000000
00000000
00000000
00000000
00000000
0001240D
00000000
0000ABB2
00000000
00000000
00000000
00000000
00000000
0001240D
00000000
0000ABB2
00000000
00000000
00000000
00000000
00000000
0001240D
00000000
0000ABB2
00000000
00000000
00000000
00000000
00000000
0001240D
00000000
0000ABB2
00000000
00000000
00000000
00000000
00000000
0001240D
00000000
0000ABB2
00000000
00000000
00000000
00000000
00000000
0001240D
00000000
0000ABB2
00000000
00000000
00000000
00000000
00000000
0001240D
00000000
0000ABB2
00000000
00000000
00000000
00000000
00000000
0001240D
00000000
0000ABB2
00000000
00000000
00000000
00000000
00000000
0001240D
00000000
0000ABB2
00000000
00000000
00000000
00000000
00000000
0001240D
00000000
0000ABB2
00000000
00000000
00000000
00000000
00000000
0001240D
00000000
0000ABB2
00000000
00000000
00000000
00000000
00000000
0001240D
00000000
0000ABB2
00000000
00000000
00000000
00000000
00000000
0001240D
00000000
0000ABB2
00000000
00000000
00000000
00000000
00000000
0001240D
00000000
0000ABB2
00000000
00000000
00000000
00000000
00000000
0001240D
00000000
0000ABB2
00000000
00000000
00000000
00000000
00000000
0001240D
00000000
0000ABB2
00000000
00000000
00000000
00000000
00000000
0001240D
00000000
0000ABB2
00000000
00000000
00000000
00000000
00000000
0001240D
00000000
0000ABB2
00000000
00000000
00000000
00000000
00000000
0001240D
00000000
0000ABB2
00000000
00000000
00000000
00000000
00000000
0001240D
00000000
0000ABB2
00000000
00000000
00000000
00000000
00000000
0001240D
00000000
0000ABB2
00000000
00000000
00000000
00000000
00000000
0001240D
00000000
0000ABB2
00000000
00000000
00000000
00000000
00000000
0001240D
00000000
0000ABB2
00000000
00000000
00000000
00000000
00000000
0001240D
00000000
0000ABB2
00000000
00000000
00000000
00000000
00000000
0001240D
00000000
0000ABB2
00000000
00000000
00000000
00000000
00000000
0001240D
00000000
0000ABB2
00000000
00000000
00000000
00000000
00000000
0001240D
00000000
0000ABB2
00000000
00000000
00000000
00000000
00000000
0001240D
00000000
0000ABB2
00000000
00000000
00000000
00000000
00000000
0001240D
00000000
0000ABB2
00000000
00000000
00000000
00000000
00000000
0001240D
00000000
0000ABB2
00000000
00000000
00000000
00000000
00000000
0001240D
00000000
0000ABB2
00000000
00000000
00000000
00000000
00000000
0001240D
00000000
0000ABB2
00000000
00000000
00000000
00000000
00000000
0001240D
00000000
0000ABB2
00000000
00000000
00000000
00000000
00000000
0001240D
00000000
0000ABB2
00000000
00000000
00000000
00000000
00000000
0001240D
00000000
0000ABB2
00000000
00000000
00000000
00000000
00000000
0001240D
00000000
0000ABB2
00000000
00000000
00000000
00000000
00000000
0001240D
00000000
0000ABB2
00000000
00000000
00000000
00000000
00000000
0001240D
00000000
0000ABB2
00000000
00000000
00000000
00000000
00000000
0001240D
00000000
0000ABB2
00000000
00000000
00000000
00000000
00000000
0001240D
00000000
0000ABB2
00000000
00000000
00000000
00000000
00000000
0001240D
00000000
0000ABB2
00000000
00000000
00000000
00000000
00000000
0001240D
00000000
0000ABB2
00000000
00000000
00000000
00000000
00000000
0001240D
00000000
0000ABB2
00000000
00000000
00000000
00000000
00000000
0001240D
00000000
0000ABB2
00000000
00000000
00000000
00000000
00000000
0001240D
00000000
0000ABB2
00000000
00000000
00000000
00000000
00000000
0001240D
00000000
0000ABB2
00000000
00000000
00000000
00000000
00000000
0001240D
00000000
0000ABB2
00000000
00000000
00000000
00000000
00000000
0001240D
00000000
0000ABB2
00000000
00000000
00000000
00000000
00000000
0001240D
00000000
0000ABB2
00000000
00000000
00000000
00000000
00000000
0001240D
00000000
0000ABB2
00000000
00000000
00000000
00000000
00000000
0001240D
00000000
0000ABB2
00000000
00000000
00000000
00000000
00000000
0001240D
00000000
0000ABB2
00000000
00000000
00000000
00000000
00000000
0001240D
00000000
0000ABB2
00000000
00000000
00000000
00000000
00000000
0001240D
00000000
0000ABB2
00000000
00000000
00000000
00000000
00000000
0001240D
00000000
0000ABB2
00000000
00000000
00000000
00000000
00000000
0001240D
00000000
0000ABB2
00000000
00000000
00000000
00000000
00000000
0001240D
00000000
0000ABB2
00000000
00000000
00000000
00000000
00000000
0001240D
00000000
0000ABB2
00000000
00000000
00000000
00000000
00000000
0001240D
00000000
0000ABB2
00000000
00000000
00000000
00000000
00000000
0001240D
00000000
0000ABB2
00000000
00000000
00000000
00000000
00000000
0001240D
00000000
0000ABB2
00000000
00000000
00000000
00000000
00000000
0001240D
00000000
0000ABB2
00000000
00000000
00000000
00000000
00000000
0001240D
00000000
0000ABB2
00000000
00000000
00000000
00000000
00000000
0001240D
00000000
0000ABB2
00000000
00000000
00000000
00000000
00000000
0001240D
00000000
0000ABB2
00000000
00000000
00000000
00000000
00000000
0001240D
00000000
0000ABB2
00000000
00000000
00000000
00000000
00000000
0001240D
00000000
0000ABB2
00000000
00000000
00000000
00000000
00000000
0001240D
00000000
0000ABB2
00000000
00000000
00000000
00000000
00000000
0001240D
00000000
0000ABB2
00000000
00000000
00000000
00000000
00000000
0001240D
00000000
0000ABB2
00000000
00000000
00000000
00000000
00000000
0001240D
00000000
0000ABB2
00000000
00000000
00000000
00000000
00000000
0001240D
00000000
0000ABB2
00000000
00000000
00000000
00000000
00000000
0001240D
00000000
0000ABB2
00000000
00000000
00000000
00000000
00000000
0001240D
00000000
0000ABB2
00000000
00000000
00000000
00000000
00000000
0001240D
00000000
0000ABB2
00000000
00000000
00000000
00000000
00000000
0001240D
00000000
0000ABB2
00000000
00000000
00000000
00000000
00000000
0001240D
00000000
0000ABB2
00000000
00000000
00000000
00000000
00000000
0001240D
00000000
0000ABB2
00000000
00000000
00000000
00000000
00000000
0001240D
00000000
0000ABB2
00000000
00000000
00000000
00000000
00000000
0001240D
00000000
0000ABB2
00000000
00000000
00000000
00000000
00000000
0001240D
00000000
0000ABB2
00000000
00000000
00000000
00000000
00000000
0001240D
00000000
0000ABB2
00000000
00000000
00000000
00000000
00000000
0001240D
00000000
0000ABB2
00000000
00000000
00000000
00000000
00000000
0001240D
00000000
0000ABB2
00000000
00000000
00000000
00000000
00000000
0001240D
00000000
0000ABB2
00000000
00000000
00000000
00000000
00000000
0001240D
00000000
0000ABB2
00000000
00000000
00000000
00000000
00000000
0001240D
00000000
0000ABB2
00000000
00000000
00000000
00000000
00000000
0001240D
00000000
0000ABB2
00000000
00000000
00000000
00000000
00000000
0001240D
00000000
0000ABB2
00000000
00000000
00000000
00000000
00000000
0001240D
00000000
0000ABB2
00000000
00000000
00000000
00000000
00000000
0001240D
00000000
0000ABB2
00000000
00000000
00000000
00000000
00000000
0001240D
00000000
0000ABB2
00000000
00000000
00000000
00000000
00000000
0001240D
00000000
0000ABB2
00000000
00000000
00000000
00000000
00000000
0001240D
00000000
0000ABB2
00000000
00000000
00000000
00000000
00000000
0001240D
00000000
0000ABB2
00000000
00000000
00000000
00000000
00000000
0001240D
00000000
0000ABB2
00000000
00000000
00000000
00000000
00000000
0001240D
00000000
0000ABB2
00000000
00000000
00000000
00000000
00000000
0001240D
00000000
0000ABB2
00000000
00000000
00000000
00000000
00000000
0001240D
00000000
0000ABB2
00000000
00000000
00000000
00000000
00000000
0001240D
00000000
0000ABB2
00000000
00000000
00000000
00000000
00000000
0001240D
00000000
0000ABB2
00000000
00000000
00000000
00000000
00000000
0001240D
00000000
0000ABB2
00000000
00000000
00000000
00000000
00000000
0001240D
00000000
0000ABB2
00000000
00000000
00000000
00000000
00000000
0001240D
00000000
0000ABB2
00000000
00000000
00000000
00000000
00000000
0001240D
00000000
0000ABB2
00000000
00000000
00000000
00000000
00000000
0001240D
00000000
0000ABB2
00000000
00000000
00000000
00000000
00000000
0001240D
00000000
0000ABB2
00000000
00000000
00000000
00000000
00000000
0001240D
00000000
0000ABB2
00000000
00000000
00000000
00000000
00000000
0001240D
00000000
0000ABB2
00000000
00000000
00000000
00000000
00000000
0001240D
00000000
0000ABB2
00000000
00000000
00000000
00000000
00000000
0001240D
00000000
0000ABB2
00000000
00000000
00000000
00000000
00000000
0001240D
00000000
0000ABB2
00000000
00000000
00000000
00000000
00000000
0001240D
00000000
0000ABB2
00000000
00000000
00000000
00000000
00000000
0001240D
00000000
0000ABB2
00000000
00000000
00000000
00000000
00000000
0001240D
00000000
0000ABB2
00000000
00000000
00000000
00000000
00000000
0001240D
00000000
0000ABB2
00000000
00000000
00000000
00000000
00000000
0001240D
00000000
0000ABB2
00000000
00000000
00000000
00000000
00000000
0001240D
00000000
0000ABB2
00000000
00000000
00000000
00000000
00000000
0001240D
00000000
0000ABB2
00000000
00000000
00000000
00000000
00000000
0001240D
00000000
0000ABB2
00000000
00000000
00000000
00000000
00000000
0001240D
00000000
0000ABB2
00000000
00000000
00000000
00000000
00000000
0001240D
00000000
0000ABB2
00000000
00000000
00000000
00000000
00000000
0001240D
00000000
0000ABB2
00000000
00000000
00000000
00000000
00000000
0001240D
00000000
0000ABB2
00000000
00000000
00000000
00000000
00000000
0001240D
00000000
0000ABB2
00000000
00000000
00000000
00000000
00000000
0001240D
00000000
0000ABB2
00000000
00000000
00000000
00000000
00000000
0001240D
00000000
0000ABB2
00000000
00000000
00000000
00000000
00000000
0001240D
00000000
0000ABB2
00000000
00000000
00000000
00000000
00000000
0001240D
00000000
0000ABB2
00000000
00000000
00000000
00000000
00000000
0001240D
00000000
0000ABB2
00000000
00000000
00000000
00000000
00000000
0001240D
00000000
0000ABB2
00000000
00000000
00000000
00000000
00000000
0001240D
00000000
0000ABB2
00000000
00000000
00000000
00000000
00000000
0001240D
00000000
0000ABB2
00000000
00000000
00000000
00000000
00000000
0001240D
00000000
0000ABB2
00000000
00000000
00000000
00000000
00000000
0001240D
00000000
0000ABB2
00000000
00000000
00000000
00000000
00000000
0001240D
00000000
0000ABB2
00000000
00000000
00000000
00000000
00000000
0001240D
00000000
0000ABB2
00000000
00000000
00000000
00000000
00000000
0001240D
00000000
0000ABB2
00000000
00000000
00000000
00000000
00000000
0001240D
00000000
0000ABB2
00000000
00000000
00000000
00000000
00000000
0001240D
00000000
0000ABB2
00000000
00000000
00000000
00000000
00000000
0001240D
00000000
0000ABB2
00000000
00000000
00000000
00000000
00000000
0001240D
00000000
0000ABB2
00000000
00000000
00000000
00000000
00000000
0001240D
00000000
0000ABB2
00000000
00000000
00000000
00000000
00000000
0001240D
00000000
0000ABB2
00000000
00000000
00000000
00000000
00000000
0001240D
00000000
0000ABB2
00000000
00000000
00000000
00000000
00000000
0001240D
00000000
0000ABB2
00000000
00000000
00000000
00000000
00000000
0001240D
00000000
0000ABB2
00000000
00000000
00000000
00000000
00000000
0001240D
00000000
0000ABB2
00000000
00000000
00000000
00000000
00000000
0001240D
00000000
0000ABB2
00000000
00000000
00000000
00000000
00000000
0001240D
00000000
0000ABB2
00000000
00000000
00000000
00000000
00000000
0001240D
00000000
0000ABB2
00000000
00000000
00000000
00000000
00000000
0001240D
00000000
0000ABB2
00000000
00000000
00000000
00000000
00000000
0001240D
00000000
0000ABB2
00000000
00000000
00000000
00000000
00000000
0001240D
00000000
0000ABB2
00000000
00000000
00000000
00000000
00000000
0001240D
00000000
0000ABB2
00000000
00000000
00000000
00000000
00000000
0001240D
00000000
0000ABB2
00000000
00000000
00000000
00000000
00000000
0001240D
00000000
0000ABB2
00000000
00000000
00000000
00000000
00000000
0001240D
00000000
0000ABB2
00000000
00000000
00000000
00000000
00000000
0001240D
00000000
0000ABB2
00000000
00000000
00000000
00000000
00000000
0001240D
00000000
0000ABB2
00000000
00000000
00000000
00000000
00000000
0001240D
00000000
0000ABB2
00000000
00000000
00000000
00000000
00000000
0001240D
00000000
0000ABB2
00000000
00000000
00000000
00000000
00000000
0001240D
00000000
0000ABB2
00000000
00000000
00000000
00000000
00000000
0001240D
00000000
0000ABB2
00000000
00000000
00000000
00000000
00000000
0001240D
00000000
0000ABB2
00000000
00000000
00000000
00000000
00000000
0001240D
00000000
0000ABB2
00000000
00000000
00000000
00000000
00000000
0001240D
00000000
0000ABB2
00000000
00000000
00000000
00000000
00000000
0001240D
00000000
0000ABB2
00000000
00000000
00000000
00000000
00000000
0001240D
00000000
0000ABB2
00000000
00000000
00000000
00000000
00000000
0001240D
00000000
0000ABB2
00000000
00000000
00000000
00000000
00000000
0001240D
00000000
0000ABB2
00000000
00000000
00000000
00000000
00000000
0001240D
00000000
0000ABB2
00000000
00000000
00000000
00000000
00000000
0001240D
00000000
0000ABB2
00000000
00000000
00000000
00000000
00000000
0001240D
00000000
0000ABB2
00000000
00000000
00000000
00000000
00000000
0001240D
00000000
0000ABB2
00000000
00000000
00000000
00000000
00000000
0001240D
00000000
0000ABB2
00000000
00000000
00000000
00000000
00000000
0001240D
00000000
0000ABB2
00000000
00000000
00000000
00000000
00000000
0001240D
00000000
0000ABB2
00000000
00000000
00000000
00000000
00000000
0001240D
00000000
0000ABB2
00000000
00000000
00000000
00000000
00000000
0001240D
00000000
0000ABB2
00000000
00000000
00000000
00000000
00000000
0001240D
00000000
0000ABB2
00000000
00000000
00000000
00000000
00000000
0001240D
00000000
0000ABB2
00000000
00000000
00000000
00000000
00000000
0001240D
00000000
0000ABB2
00000000
00000000
00000000
00000000
00000000
0001240D
00000000
0000ABB2
00000000
00000000
00000000
00000000
00000000
0001240D
00000000
0000ABB2
00000000
00000000
00000000
00000000
00000000
0001240D
00000000
0000ABB2
00000000
00000000
00000000
00000000
00000000
0001240D
00000000
0000ABB2
00000000
00000000
00000000
00000000
00000000
0001240D
00000000
0000ABB2
00000000
00000000
00000000
00000000
00000000
0001240D
00000000
0000ABB2
00000000
00000000
00000000
00000000
00000000
0001240D
00000000
0000ABB2
00000000
00000000
00000000
00000000
00000000
0001240D
00000000
0000ABB2
00000000
00000000
00000000
00000000
00000000
0001240D
00000000
0000ABB2
00000000
00000000
00000000
00000000
00000000
0001240D
00000000
0000ABB2
00000000
00000000
00000000
00000000
00000000
0001240D
00000000
0000ABB2
00000000
00000000
00000000
00000000
00000000
0001240D
00000000
0000ABB2
00000000
00000000
00000000
00000000
00000000
0001240D
00000000
0000ABB2
00000000
00000000
00000000
00000000
00000000
0001240D
00000000
0000ABB2
00000000
00000000
00000000
00000000
00000000
0001240D
00000000
0000ABB2
00000000
00000000
00000000
00000000
00000000
0001240D
00000000
0000ABB2
00000000
00000000
00000000
00000000
00000000
0001240D
00000000
0000ABB2
00000000
00000000
00000000
00000000
00000000
0001240D
00000000
0000ABB2
00000000
00000000
00000000
00000000
00000000
0001240D
00000000
0000ABB2
00000000
00000000
00000000
00000000
00000000
0001240D
00000000
0000ABB2
00000000
00000000
00000000
00000000
00000000
0001240D
00000000
0000ABB2
00000000
00000000
00000000
00000000
00000000
0001240D
00000000
0000ABB2
00000000
00000000
00000000
00000000
00000000
0001240D
00000000
0000ABB2
00000000
00000000
00000000
00000000
00000000
0001240D
00000000
0000ABB2
00000000
00000000
00000000
00000000
00000000
0001240D
00000000
0000ABB2
00000000
00000000
00000000
00000000
00000000
0001240D
00000000
0000ABB2
00000000
00000000
00000000
00000000
00000000
0001240D
00000000
0000ABB2
00000000
00000000
00000000
00000000
00000000
0001240D
00000000
0000ABB2
00000000
00000000
00000000
00000000
00000000
0001240D
00000000
0000ABB2
00000000
00000000
00000000
00000000
00000000
0001240D
00000000
0000ABB2
00000000
00000000
00000000
00000000
00000000
0001240D
00000000
0000ABB2
00000000
00000000
00000000
00000000
00000000
0001240D
00000000
0000ABB2
00000000
00000000
00000000
00000000
00000000
0001240D
00000000
0000ABB2
00000000
00000000
00000000
00000000
00000000
0001240D
00000000
0000ABB2
00000000
00000000
00000000
00000000
00000000
0001240D
00000000
0000ABB2
00000000
00000000
00000000
00000000
00000000
0001240D
00000000
0000ABB2
00000000
00000000
00000000
00000000
00000000
0001240D
00000000
0000ABB2
00000000
00000000
00000000
00000000
00000000
0001240D
00000000
0000ABB2
00000000
00000000
00000000
00000000
00000000
0001240D
00000000
0000ABB2
00000000
00000000
00000000
00000000
00000000
0001240D
00000000
0000ABB2
00000000
00000000
00000000
00000000
00000000
0001240D
00000000
0000ABB2
00000000
00000000
00000000
00000000
00000000
0001240D
00000000
0000ABB2
00000000
00000000
00000000
00000000
00000000
0001240D
00000000
0000ABB2
00000000
00000000
00000000
00000000
00000000
0001240D
00000000
0000ABB2
00000000
00000000
00000000
00000000
00000000
0001240D
00000000
0000ABB2
00000000
00000000
00000000
00000000
00000000
0001240D
00000000
0000ABB2
00000000
00000000
00000000
00000000
00000000
0001240D
00000000
0000ABB2
00000000
00000000
00000000
00000000
00000000
0001240D
00000000
0000ABB2
00000000
00000000
00000000
00000000
00000000
0001240D
00000000
0000ABB2
00000000
00000000
00000000
00000000
00000000
0001240D
00000000
0000ABB2
00000000
00000000
00000000
00000000
00000000
0001240D
00000000
0000ABB2
00000000
00000000
00000000
00000000
00000000
0001240D
00000000
0000ABB2
00000000
00000000
00000000
00000000
00000000
0001240D
00000000
0000ABB2
00000000
00000000
00000000
00000000
00000000
0001240D
00000000
0000ABB2
00000000
00000000
00000000
00000000
00000000
0001240D
00000000
0000ABB2
00000000
00000000
00000000
00000000
00000000
0001240D
00000000
0000ABB2
00000000
00000000
00000000
00000000
00000000
0001240D
00000000
0000ABB2
00000000
00000000
00000000
00000000
00000000
0001240D
00000000
0000ABB2
00000000
00000000
00000000
00000000
00000000
0001240D
00000000
0000ABB2
00000000
00000000
00000000
00000000
00000000
0001240D
00000000
0000ABB2
00000000
00000000
00000000
00000000
00000000
0001240D
00000000
0000ABB2
00000000
00000000
00000000
00000000
00000000
0001240D
00000000
0000ABB2
00000000
00000000
00000000
00000000
00000000
0001240D
00000000
0000ABB2
00000000
00000000
00000000
00000000
00000000
0001240D
00000000
0000ABB2
00000000
00000000
00000000
00000000
00000000
0001240D
00000000
0000ABB2
00000000
00000000
00000000
00000000
00000000
0001240D
00000000
0000ABB2
00000000
00000000
00000000
00000000
00000000
0001240D
00000000
0000ABB2
00000000
00000000
00000000
00000000
00000000
0001240D
00000000
0000ABB2
00000000
00000000
00000000
00000000
00000000
0001240D
00000000
0000ABB2
00000000
00000000
00000000
00000000
00000000
0001240D
00000000
0000ABB2
00000000
00000000
00000000
00000000
00000000
0001240D
00000000
0000ABB2
00000000
00000000
00000000
00000000
00000000
0001240D
00000000
0000ABB2
00000000
00000000
00000000
00000000
00000000
0001240D
00000000
0000ABB2
00000000
00000000
00000000
00000000
00000000
0001240D
00000000
0000ABB2
00000000
00000000
00000000
00000000
00000000
0001240D
00000000
0000ABB2
00000000
00000000
00000000
00000000
00000000
0001240D
00000000
0000ABB2
00000000
00000000
00000000
00000000
00000000
0001240D
00000000
0000ABB2
00000000
00000000
00000000
00000000
00000000
0001240D
00000000
0000ABB2
00000000
00000000
00000000
00000000
00000000
0001240D
00000000
0000ABB2
00000000
00000000
00000000
00000000
00000000
0001240D
00000000
0000ABB2
00000000
00000000
00000000
00000000
00000000
0001240D
00000000
0000ABB2
00000000
00000000
00000000
00000000
00000000
0001240D
00000000
0000ABB2
00000000
00000000
00000000
00000000
00000000
0001240D
00000000
0000ABB2
00000000
00000000
00000000
00000000
00000000
0001240D
00000000
0000ABB2
00000000
00000000
00000000
00000000
00000000
0001240D
00000000
0000ABB2
00000000
00000000
00000000
00000000
00000000
0001240D
00000000
0000ABB2
00000000
00000000
00000000
00000000
00000000
0001240D
00000000
0000ABB2
00000000
00000000
00000000
00000000
00000000
0001240D
00000000
0000ABB2
00000000
00000000
00000000
00000000
00000000
0001240D
00000000
0000ABB2
00000000
00000000
00000000
00000000
00000000
0001240D
00000000
0000ABB2
00000000
00000000
00000000
00000000
00000000
0001240D
00000000
0000ABB2
00000000
00000000
00000000
00000000
00000000
0001240D
00000000
0000ABB2
00000000
00000000
00000000
00000000
00000000
0001240D
00000000
0000ABB2
00000000
00000000
00000000
00000000
00000000
0001240D
00000000
0000ABB2
00000000
00000000
00000000
00000000
00000000
0001240D
00000000
0000ABB2
00000000
00000000
00000000
00000000
00000000
0001240D
00000000
0000ABB2
00000000
00000000
00000000
00000000
00000000
0001240D
00000000
0000ABB2
00000000
00000000
00000000
00000000
00000000
0001240D
00000000
0000ABB2
00000000
00000000
00000000
00000000
00000000
0001240D
00000000
0000ABB2
00000000
00000000
00000000
00000000
00000000
0001240D
00000000
0000ABB2
00000000
00000000
00000000
00000000
00000000
0001240D
00000000
0000ABB2
00000000
00000000
00000000
00000000
00000000
0001240D
00000000
0000ABB2
00000000
00000000
00000000
00000000
00000000
0001240D
00000000
0000ABB2
00000000
00000000
00000000
00000000
00000000
0001240D
00000000
0000ABB2
00000000
00000000
00000000
00000000
00000000
0001240D
00000000
0000ABB2
00000000
00000000
00000000
00000000
00000000
0001240D
00000000
0000ABB2
00000000
00000000
00000000
00000000
00000000
0001240D
00000000
0000ABB2
00000000
00000000
00000000
00000000
00000000
0001240D
00000000
0000ABB2
00000000
00000000
00000000
00000000
00000000
0001240D
00000000
0000ABB2
00000000
00000000
00000000
00000000
00000000
0001240D
00000000
0000ABB2
00000000
00000000
00000000
00000000
00000000
0001240D
00000000
0000ABB2
00000000
00000000
00000000
00000000
00000000
0001240D
00000000
0000ABB2
00000000
00000000
00000000
00000000
00000000
0001240D
00000000
0000ABB2
00000000
00000000
00000000
00000000
00000000
0001240D
00000000
0000ABB2
00000000
00000000
00000000
00000000
00000000
0001240D
00000000
0000ABB2
00000000
00000000
00000000
00000000
00000000
0001240D
00000000
0000ABB2
00000000
00000000
00000000
00000000
00000000
0001240D
00000000
0000ABB2
00000000
00000000
00000000
00000000
00000000
0001240D
00000000
0000ABB2
00000000
00000000
00000000
00000000
00000000
0001240D
00000000
0000ABB2
00000000
00000000
00000000
00000000
00000000
0001240D
00000000
0000ABB2
00000000
00000000
00000000
00000000
00000000
0001240D
00000000
0000ABB2
00000000
00000000
00000000
00000000
00000000
0001240D
00000000
0000ABB2
00000000
00000000
00000000
00000000
00000000
0001240D
00000000
0000ABB2
00000000
00000000
00000000
00000000
00000000
0001240D
00000000
0000ABB2
00000000
00000000
00000000
00000000
00000000
0001240D
00000000
0000ABB2
00000000
00000000
00000000
00000000
00000000
0001240D
00000000
0000ABB2
00000000
00000000
00000000
00000000
00000000
0001240D
00000000
0000ABB2
00000000
00000000
00000000
00000000
00000000
0001240D
00000000
0000ABB2
00000000
00000000
00000000
00000000
00000000
0001240D
00000000
0000ABB2
00000000
00000000
00000000
00000000
00000000
0001240D
00000000
0000ABB2
00000000
00000000
00000000
00000000
00000000
0001240D
00000000
0000ABB2
00000000
00000000
00000000
00000000
00000000
0001240D
00000000
0000ABB2
00000000
00000000
00000000
00000000
00000000
0001240D
00000000
0000ABB2
00000000
00000000
00000000
00000000
00000000
0001240D
00000000
0000ABB2
00000000
00000000
00000000
00000000
00000000
0001240D
00000000
0000ABB2
00000000
00000000
00000000
00000000
00000000
0001240D
00000000
0000ABB2
00000000
00000000
00000000
00000000
00000000
0001240D
00000000
0000ABB2
00000000
00000000
00000000
00000000
00000000
0001240D
00000000
0000ABB2
00000000
00000000
00000000
00000000
00000000
0001240D
00000000
0000ABB2
00000000
00000000
00000000
00000000
00000000
0001240D
00000000
0000ABB2
00000000
00000000
00000000
00000000
00000000
0001240D
00000000
0000ABB2
00000000
00000000
00000000
00000000
00000000
0001240D
00000000
0000ABB2
00000000
00000000
00000000
00000000
00000000
0001240D
00000000
0000ABB2
00000000
00000000
00000000
00000000
00000000
0001240D
00000000
0000ABB2
00000000
00000000
00000000
00000000
00000000
0001240D
00000000
0000ABB2
00000000
00000000
00000000
00000000
00000000
0001240D
00000000
0000ABB2
00000000
00000000
00000000
00000000
00000000
0001240D
00000000
0000ABB2
00000000
00000000
00000000
00000000
00000000
0001240D
00000000
0000ABB2
00000000
00000000
00000000
00000000
00000000
0001240D
00000000
0000ABB2
00000000
00000000
00000000
00000000
00000000
0001240D
00000000
0000ABB2
00000000
00000000
00000000
00000000
00000000
0001240D
00000000
0000ABB2
00000000
00000000
00000000
00000000
00000000
0001240D
00000000
0000ABB2
00000000
00000000
00000000
00000000
00000000
0001240D
00000000
0000ABB2
00000000
00000000
00000000
00000000
00000000
0001240D
00000000
0000ABB2
00000000
00000000
00000000
00000000
00000000
0001240D
00000000
0000ABB2
00000000
00000000
00000000
00000000
00000000
0001240D
00000000
0000ABB2
00000000
00000000
00000000
00000000
00000000
0001240D
00000000
0000ABB2
00000000
00000000
00000000
00000000
00000000
0001240D
00000000
0000ABB2
00000000
00000000
00000000
00000000
00000000
0001240D
00000000
0000ABB2
00000000
00000000
00000000
00000000
00000000
0001240D
00000000
0000ABB2
00000000
00000000
00000000
00000000
00000000
0001240D
00000000
0000ABB2
00000000
00000000
00000000
00000000
00000000
0001240D
00000000
0000ABB2
00000000
00000000
00000000
00000000
00000000
0001240D
00000000
0000ABB2
00000000
00000000
00000000
00000000
00000000
0001240D
00000000
0000ABB2
00000000
00000000
00000000
00000000
00000000
0001240D
00000000
0000ABB2
00000000
00000000
00000000
00000000
00000000
0001240D
00000000
0000ABB2
00000000
00000000
00000000
00000000
00000000
0001240D
00000000
0000ABB2
00000000
00000000
00000000
00000000
00000000
0001240D
00000000
0000ABB2
00000000
00000000
00000000
00000000
00000000
0001240D
00000000
0000ABB2
00000000
00000000
00000000
00000000
00000000
0001240D
00000000
0000ABB2
00000000
00000000
00000000
00000000
00000000
0001240D
00000000
0000ABB2
00000000
00000000
00000000
00000000
00000000
0001240D
00000000
0000ABB2
00000000
00000000
00000000
00000000
00000000
0001240D
00000000
0000ABB2
00000000
00000000
00000000
00000000
00000000
0001240D
00000000
0000ABB2
00000000
00000000
00000000
00000000
00000000
0001240D
00000000
0000ABB2
00000000
00000000
00000000
00000000
00000000
0001240D
00000000
0000ABB2
00000000
00000000
00000000
00000000
00000000
0001240D
00000000
0000ABB2
00000000
00000000
00000000
00000000
00000000
0001240D
00000000
0000ABB2
00000000
00000000
00000000
00000000
00000000
0001240D
00000000
0000ABB2
00000000
00000000
00000000
00000000
00000000
0001240D
00000000
0000ABB2
00000000
00000000
00000000
00000000
00000000
0001240D
00000000
0000ABB2
00000000
00000000
00000000
00000000
00000000
0001240D
00000000
0000ABB2
00000000
00000000
00000000
00000000
00000000
0001240D
00000000
0000ABB2
00000000
00000000
00000000
00000000
00000000
0001240D
00000000
0000ABB2
00000000
00000000
00000000
00000000
00000000
0001240D
00000000
0000ABB2
00000000
00000000
00000000
00000000
00000000
0001240D
00000000
0000ABB2
00000000
00000000
00000000
00000000
00000000
0001240D
00000000
0000ABB2
00000000
00000000
00000000
00000000
00000000
0001240D
00000000
0000ABB2
00000000
00000000
00000000
00000000
00000000
0001240D
00000000
0000ABB2
00000000
00000000
00000000
00000000
00000000
0001240D
00000000
0000ABB2
00000000
00000000
00000000
00000000
00000000
0001240D
00000000
0000ABB2
00000000
00000000
00000000
00000000
00000000
0001240D
00000000
0000ABB2
00000000
00000000
00000000
00000000
00000000
0001240D
00000000
0000ABB2
00000000
00000000
00000000
00000000
00000000
0001240D
00000000
0000ABB2
00000000
00000000
00000000
00000000
00000000
0001240D
00000000
0000ABB2
00000000
00000000
00000000
00000000
00000000
0001240D
00000000
0000ABB2
00000000
00000000
00000000
00000000
00000000
0001240D
00000000
0000ABB2
00000000
00000000
00000000
00000000
00000000
0001240D
00000000
0000ABB2
00000000
00000000
00000000
00000000
00000000
0001240D
00000000
0000ABB2
00000000
00000000
00000000
00000000
00000000
0001240D
00000000
0000ABB2
00000000
00000000
00000000
00000000
00000000
0001240D
00000000
0000ABB2
00000000
00000000
00000000
00000000
00000000
0001240D
00000000
0000ABB2
00000000
00000000
00000000
00000000
00000000
0001240D
00000000
0000ABB2
00000000
00000000
00000000
00000000
00000000
0001240D
00000000
0000ABB2
00000000
00000000
00000000
00000000
00000000
0001240D
00000000
0000ABB2
00000000
00000000
00000000
00000000
00000000
0001240D
00000000
0000ABB2
00000000
00000000
00000000
00000000
00000000
0001240D
00000000
0000ABB2
00000000
00000000
00000000
00000000
00000000
0001240D
00000000
0000ABB2
00000000
00000000
00000000
00000000
00000000
0001240D
00000000
0000ABB2
00000000
00000000
00000000
00000000
00000000
0001240D
00000000
0000ABB2
00000000
00000000
00000000
00000000
00000000
0001240D
00000000
0000ABB2
00000000
00000000
00000000
00000000
00000000
0001240D
00000000
0000ABB2
00000000
00000000
00000000
00000000
00000000
0001240D
00000000
0000ABB2
00000000
00000000
00000000
00000000
00000000
0001240D
00000000
0000ABB2
00000000
00000000
00000000
00000000
00000000
0001240D
00000000
0000ABB2
00000000
00000000
00000000
00000000
00000000
0001240D
00000000
0000ABB2
00000000
00000000
00000000
00000000
00000000
0001240D
00000000
0000ABB2
00000000
00000000
00000000
00000000
00000000
0001240D
00000000
0000ABB2
00000000
00000000
00000000
00000000
00000000
0001240D
00000000
0000ABB2
00000000
00000000
00000000
00000000
00000000
0001240D
00000000
0000ABB2
00000000
00000000
00000000
00000000
00000000
0001240D
00000000
0000ABB2
00000000
00000000
00000000
00000000
00000000
0001240D
00000000
0000ABB2
00000000
00000000
00000000
00000000
00000000
0001240D
00000000
0000ABB2
00000000
00000000
00000000
00000000
00000000
0001240D
00000000
0000ABB2
00000000
00000000
00000000
00000000
00000000
0001240D
00000000
0000ABB2
00000000
00000000
00000000
00000000
00000000
0001240D
00000000
0000ABB2
00000000
00000000
00000000
00000000
00000000
0001240D
00000000
0000ABB2
00000000
00000000
00000000
00000000
00000000
0001240D
00000000
0000ABB2
00000000
00000000
00000000
00000000
00000000
0001240D
00000000
0000ABB2
00000000
00000000
00000000
00000000
00000000
0001240D
00000000
0000ABB2
00000000
00000000
00000000
00000000
00000000
0001240D
00000000
0000ABB2
00000000
00000000
00000000
00000000
00000000
0001240D
00000000
0000ABB2
00000000
00000000
00000000
00000000
00000000
0001240D
00000000
0000ABB2
00000000
00000000
00000000
00000000
00000000
0001240D
00000000
0000ABB2
00000000
00000000
00000000
00000000
00000000
0001240D
00000000
0000ABB2
00000000
00000000
00000000
00000000
00000000
0001240D
00000000
0000ABB2
00000000
00000000
00000000
00000000
00000000
0001240D
00000000
0000ABB2
00000000
00000000
00000000
00000000
00000000
0001240D
00000000
0000ABB2
00000000
00000000
00000000
00000000
00000000
0001240D
00000000
0000ABB2
00000000
00000000
00000000
00000000
00000000
0001240D
00000000
0000ABB2
00000000
00000000
00000000
00000000
00000000
0001240D
00000000
0000ABB2
00000000
00000000
00000000
00000000
00000000
0001240D
00000000
0000ABB2
00000000
00000000
00000000
00000000
00000000
0001240D
00000000
0000ABB2
00000000
00000000
00000000
00000000
00000000
0001240D
00000000
0000ABB2
00000000
00000000
00000000
00000000
00000000
0001240D
00000000
0000ABB2
00000000
00000000
00000000
00000000
00000000
0001240D
00000000
0000ABB2
00000000
00000000
00000000
00000000
00000000
0001240D
00000000
0000ABB2
00000000
00000000
00000000
00000000
00000000
0001240D
00000000
0000ABB2
00000000
00000000
00000000
00000000
00000000
0001240D
00000000
0000ABB2
00000000
00000000
00000000
00000000
00000000
0001240D
00000000
0000ABB2
00000000
00000000
00000000
00000000
00000000
0001240D
00000000
0000ABB2
00000000
00000000
00000000
00000000
00000000
0001240D
00000000
0000ABB2
00000000
00000000
00000000
00000000
00000000
0001240D
00000000
0000ABB2
00000000
00000000
00000000
00000000
00000000
0001240D
00000000
0000ABB2
00000000
00000000
00000000
00000000
00000000
0001240D
00000000
0000ABB2
00000000
00000000
00000000
00000000
00000000
0001240D
00000000
0000ABB2
00000000
00000000
00000000
00000000
00000000
0001240D
00000000
0000ABB2
00000000
00000000
00000000
00000000
00000000
0001240D
00000000
0000ABB2
00000000
00000000
00000000
00000000
00000000
0001240D
00000000
0000ABB2
00000000
00000000
00000000
00000000
00000000
0001240D
00000000
0000ABB2
00000000
00000000
00000000
00000000
00000000
0001240D
00000000
0000ABB2
00000000
00000000
00000000
00000000
00000000
0001240D
00000000
0000ABB2
00000000
00000000
00000000
00000000
00000000
0001240D
00000000
0000ABB2
00000000
00000000
00000000
00000000
00000000
0001240D
00000000
0000ABB2
00000000
00000000
00000000
00000000
00000000
0001240D
00000000
0000ABB2
00000000
00000000
00000000
00000000
00000000
0001240D
00000000
0000ABB2
00000000
00000000
00000000
00000000
00000000
0001240D
00000000
0000ABB2
00000000
00000000
00000000
00000000
00000000
0001240D
00000000
0000ABB2
00000000
00000000
00000000
00000000
00000000
0001240D
00000000
0000ABB2
00000000
00000000
00000000
00000000
00000000
0001240D
00000000
0000ABB2
00000000
00000000
00000000
00000000
00000000
0001240D
00000000
0000ABB2
00000000
00000000
00000000
00000000
00000000
0001240D
00000000
0000ABB2
00000000
00000000
00000000
00000000
00000000
0001240D
00000000
0000ABB2
00000000
00000000
00000000
00000000
00000000
0001240D
00000000
0000ABB2
00000000
00000000
00000000
00000000
00000000
0001240D
00000000
0000ABB2
00000000
00000000
00000000
00000000
00000000
0001240D
00000000
0000ABB2
00000000
00000000
00000000
00000000
00000000
0001240D
00000000
0000ABB2
00000000
00000000
00000000
00000000
00000000
0001240D
00000000
0000ABB2
00000000
00000000
00000000
00000000
00000000
0001240D
00000000
0000ABB2
00000000
00000000
00000000
00000000
00000000
0001240D
00000000
0000ABB2
00000000
00000000
00000000
00000000
00000000
0001240D
00000000
0000ABB2
00000000
00000000
00000000
00000000
00000000
0001240D
00000000
0000ABB2
00000000
00000000
00000000
00000000
00000000
0001240D
00000000
0000ABB2
00000000
00000000
00000000
00000000
00000000
0001240D
00000000
0000ABB2
00000000
00000000
00000000
00000000
00000000
0001240D
00000000
0000ABB2
00000000
00000000
00000000
00000000
00000000
0001240D
00000000
0000ABB2
00000000
00000000
00000000
00000000
00000000
0001240D
00000000
0000ABB2
00000000
00000000
00000000
00000000
00000000
0001240D
00000000
0000ABB2
00000000
00000000
00000000
00000000
00000000
0001240D
00000000
0000ABB2
00000000
00000000
00000000
00000000
00000000
0001240D
00000000
0000ABB2
00000000
00000000
00000000
00000000
00000000
0001240D
00000000
0000ABB2
00000000
00000000
00000000
00000000
00000000
0001240D
00000000
0000ABB2
00000000
00000000
00000000
00000000
00000000
0001240D
00000000
0000ABB2
00000000
00000000
00000000
00000000
00000000
0001240D
00000000
0000ABB2
00000000
00000000
00000000
00000000
00000000
0001240D
00000000
0000ABB2
00000000
00000000
00000000
00000000
00000000
0001240D
00000000
0000ABB2
00000000
00000000
00000000
00000000
00000000
0001240D
00000000
0000ABB2
00000000
00000000
00000000
00000000
00000000
0001240D
00000000
0000ABB2
00000000
00000000
00000000
00000000
00000000
0001240D
00000000
0000ABB2
00000000
00000000
00000000
00000000
00000000
0001240D
00000000
0000ABB2
00000000
00000000
00000000
00000000
00000000
0001240D
00000000
0000ABB2
00000000
00000000
00000000
00000000
00000000
0001240D
00000000
0000ABB2
00000000
00000000
00000000
00000000
00000000
0001240D
00000000
0000ABB2
00000000
00000000
00000000
00000000
00000000
0001240D
00000000
0000ABB2
00000000
00000000
00000000
00000000
00000000
0001240D
00000000
0000ABB2
00000000
00000000
00000000
00000000
00000000
0001240D
00000000
0000ABB2
00000000
00000000
00000000
00000000
00000000
0001240D
00000000
0000ABB2
00000000
00000000
00000000
00000000
00000000
0001240D
00000000
0000ABB2
00000000
00000000
00000000
00000000
00000000
0001240D
00000000
0000ABB2
00000000
00000000
00000000
00000000
00000000
0001240D
00000000
0000ABB2
00000000
00000000
00000000
00000000
00000000
0001240D
00000000
0000ABB2
00000000
00000000
00000000
00000000
00000000
0001240D
00000000
0000ABB2
00000000
00000000
00000000
00000000
00000000
0001240D
00000000
0000ABB2
00000000
00000000
00000000
00000000
00000000
0001240D
00000000
0000ABB2
00000000
00000000
00000000
00000000
00000000
0001240D
00000000
0000ABB2
00000000
00000000
00000000
00000000
00000000
0001240D
00000000
0000ABB2
00000000
00000000
00000000
00000000
00000000
0001240D
00000000
0000ABB2
00000000
00000000
00000000
00000000
00000000
0001240D
00000000
0000ABB2
00000000
00000000
00000000
00000000
00000000
0001240D
00000000
0000ABB2
00000000
00000000
00000000
00000000
00000000
0001240D
00000000
0000ABB2
00000000
00000000
00000000
00000000
00000000
0001240D
00000000
0000ABB2
00000000
00000000
00000000
00000000
00000000
0001240D
00000000
0000ABB2
00000000
00000000
00000000
00000000
00000000
0001240D
00000000
0000ABB2
00000000
00000000
00000000
00000000
00000000
0001240D
00000000
0000ABB2
00000000
00000000
00000000
00000000
00000000
0001240D
00000000
0000ABB2
00000000
00000000
00000000
00000000
00000000
0001240D
00000000
0000ABB2
00000000
00000000
00000000
00000000
00000000
0001240D
00000000
0000ABB2
00000000
00000000
00000000
00000000
00000000
0001240D
00000000
0000ABB2
00000000
00000000
00000000
00000000
00000000
0001240D
00000000
0000ABB2
00000000
00000000
00000000
00000000
00000000
0001240D
00000000
0000ABB2
00000000
00000000
00000000
00000000
00000000
0001240D
00000000
0000ABB2
00000000
00000000
00000000
00000000
00000000
0001240D
00000000
0000ABB2
00000000
00000000
00000000
00000000
00000000
0001240D
00000000
0000ABB2
00000000
00000000
00000000
00000000
00000000
0001240D
00000000
0000ABB2
00000000
00000000
00000000
00000000
00000000
0001240D
00000000
0000ABB2
00000000
00000000
00000000
00000000
00000000
0001240D
00000000
0000ABB2
00000000
00000000
00000000
00000000
00000000
0001240D
00000000
0000ABB2
00000000
00000000
00000000
00000000
00000000
0001240D
00000000
0000ABB2
00000000
00000000
00000000
00000000
00000000
0001240D
00000000
0000ABB2
00000000
00000000
00000000
00000000
00000000
0001240D
00000000
0000ABB2
00000000
00000000
00000000
00000000
00000000
0001240D
00000000
0000ABB2
00000000
00000000
00000000
00000000
00000000
0001240D
00000000
0000ABB2
00000000
00000000
00000000
00000000
00000000
0001240D
00000000
0000ABB2
00000000
00000000
00000000
00000000
00000000
0001240D
00000000
0000ABB2
00000000
00000000
00000000
00000000
00000000
0001240D
00000000
0000ABB2
00000000
00000000
00000000
00000000
00000000
0001240D
00000000
0000ABB2
00000000
00000000
00000000
00000000
00000000
0001240D
00000000
0000ABB2
00000000
00000000
00000000
00000000
00000000
0001240D
00000000
0000ABB2
00000000
00000000
00000000
00000000
00000000
0001240D
00000000
0000ABB2
00000000
00000000
00000000
00000000
00000000
0001240D
00000000
0000ABB2
00000000
00000000
00000000
00000000
00000000
0001240D
00000000
0000ABB2
00000000
00000000
00000000
00000000
00000000
0001240D
00000000
0000ABB2
00000000
00000000
00000000
00000000
00000000
0001240D
00000000
0000ABB2
00000000
00000000
00000000
00000000
00000000
0001240D
00000000
0000ABB2
00000000
00000000
00000000
00000000
00000000
0001240D
00000000
0000ABB2
00000000
00000000
00000000
00000000
00000000
0001240D
00000000
0000ABB2
00000000
00000000
00000000
00000000
00000000
0001240D
00000000
0000ABB2
00000000
00000000
00000000
00000000
00000000
0001240D
00000000
0000ABB2
00000000
00000000
00000000
00000000
00000000
0001240D
00000000
0000ABB2
00000000
00000000
00000000
00000000
00000000
0001240D
00000000
0000ABB2
00000000
00000000
00000000
00000000
00000000
0001240D
00000000
0000ABB2
00000000
00000000
00000000
00000000
00000000
0001240D
00000000
0000ABB2
00000000
00000000
00000000
00000000
00000000
0001240D
00000000
0000ABB2
00000000
00000000
00000000
00000000
00000000
0001240D
00000000
0000ABB2
00000000
00000000
00000000
00000000
00000000
0001240D
00000000
0000ABB2
00000000
00000000
00000000
00000000
00000000
0001240D
00000000
0000ABB2
00000000
00000000
00000000
00000000
00000000
0001240D
00000000
0000ABB2
00000000
00000000
00000000
00000000
00000000
0001240D
00000000
0000ABB2
00000000
00000000
00000000
00000000
00000000
0001240D
00000000
0000ABB2
00000000
00000000
00000000
00000000
00000000
0001240D
00000000
0000ABB2
00000000
00000000
00000000
00000000
00000000
0001240D
00000000
0000ABB2
00000000
00000000
00000000
00000000
00000000
0001240D
00000000
0000ABB2
00000000
00000000
00000000
00000000
00000000
0001240D
00000000
0000ABB2
00000000
00000000
00000000
00000000
00000000
0001240D
00000000
0000ABB2
00000000
00000000
00000000
00000000
00000000
0001240D
00000000
0000ABB2
00000000
00000000
00000000
00000000
00000000
0001240D
00000000
0000ABB2
00000000
00000000
00000000
00000000
00000000
0001240D
00000000
0000ABB2
00000000
00000000
00000000
00000000
00000000
0001240D
00000000
0000ABB2
00000000
00000000
00000000
00000000
00000000
0001240D
00000000
0000ABB2
00000000
00000000
00000000
00000000
00000000
0001240D
00000000
0000ABB2
00000000
00000000
00000000
00000000
00000000
0001240D
00000000
0000ABB2
00000000
00000000
00000000
00000000
00000000
0001240D
00000000
0000ABB2
00000000
00000000
00000000
00000000
00000000
0001240D
00000000
0000ABB2
00000000
00000000
00000000
00000000
00000000
0001240D
00000000
0000ABB2
00000000
00000000
00000000
00000000
00000000
0001240D
00000000
0000ABB2
00000000
00000000
00000000
00000000
00000000
0001240D
00000000
0000ABB2
00000000
00000000
00000000
00000000
00000000
0001240D
00000000
0000ABB2
00000000
00000000
00000000
00000000
00000000
0001240D
00000000
0000ABB2
00000000
00000000
00000000
00000000
00000000
0001240D
00000000
0000ABB2
00000000
00000000
00000000
00000000
00000000
0001240D
00000000
0000ABB2
00000000
00000000
00000000
00000000
00000000
0001240D
00000000
0000ABB2
00000000
00000000
00000000
00000000
00000000
0001240D
00000000
0000ABB2
00000000
00000000
00000000
00000000
00000000
0001240D
00000000
0000ABB2
00000000
00000000
00000000
00000000
00000000
0001240D
00000000
0000ABB2
00000000
00000000
00000000
00000000
00000000
0001240D
00000000
0000ABB2
00000000
00000000
00000000
00000000
00000000
0001240D
00000000
0000ABB2
00000000
00000000
00000000
00000000
00000000
0001240D
00000000
0000ABB2
00000000
00000000
00000000
00000000
00000000
0001240D
00000000
0000ABB2
00000000
00000000
00000000
00000000
00000000
0001240D
00000000
0000ABB2
00000000
00000000
00000000
00000000
00000000
0001240D
00000000
0000ABB2
00000000
00000000
00000000
00000000
00000000
0001240D
00000000
0000ABB2
00000000
00000000
00000000
00000000
00000000
0001240D
00000000
0000ABB2
00000000
00000000
00000000
00000000
00000000
0001240D
00000000
0000ABB2
00000000
00000000
00000000
00000000
00000000
0001240D
00000000
0000ABB2
00000000
00000000
00000000
00000000
00000000
0001240D
00000000
0000ABB2
00000000
00000000
00000000
00000000
00000000
0001240D
00000000
0000ABB2
00000000
00000000
00000000
00000000
00000000
0001240D
00000000
0000ABB2
00000000
00000000
00000000
00000000
00000000
0001240D
00000000
0000ABB2
00000000
00000000
00000000
00000000
00000000
0001240D
00000000
0000ABB2
00000000
00000000
00000000
00000000
00000000
0001240D
00000000
0000ABB2
00000000
00000000
00000000
00000000
00000000
0001240D
00000000
0000ABB2
00000000
00000000
00000000
00000000
00000000
0001240D
00000000
0000ABB2
00000000
00000000
00000000
00000000
00000000
0001240D
00000000
0000ABB2
00000000
00000000
00000000
00000000
00000000
0001240D
00000000
0000ABB2
00000000
00000000
00000000
00000000
00000000
0001240D
00000000
0000ABB2
00000000
00000000
00000000
00000000
00000000
0001240D
00000000
0000ABB2
00000000
00000000
00000000
00000000
00000000
0001240D
00000000
0000ABB2
00000000
00000000
00000000
00000000
00000000
0001240D
00000000
0000ABB2
00000000
00000000
00000000
00000000
00000000
0001240D
00000000
0000ABB2
00000000
00000000
00000000
00000000
00000000
0001240D
00000000
0000ABB2
00000000
00000000
00000000
00000000
00000000
0001240D
00000000
0000ABB2
00000000
00000000
00000000
00000000
00000000
0001240D
00000000
0000ABB2
00000000
00000000
00000000
00000000
00000000
0001240D
00000000
0000ABB2
00000000
00000000
00000000
00000000
00000000
0001240D
00000000
0000ABB2
00000000
00000000
00000000
00000000
00000000
0001240D
00000000
0000ABB2
00000000
00000000
00000000
00000000
00000000
0001240D
00000000
0000ABB2
00000000
00000000
00000000
00000000
00000000
0001240D
00000000
0000ABB2
00000000
00000000
00000000
00000000
00000000
0001240D
00000000
0000ABB2
00000000
00000000
00000000
00000000
00000000
0001240D
00000000
0000ABB2
00000000
00000000
00000000
00000000
00000000
0001240D
00000000
0000ABB2
00000000
00000000
00000000
00000000
00000000
0001240D
00000000
0000ABB2
00000000
00000000
00000000
00000000
00000000
0001240D
00000000
0000ABB2
00000000
00000000
00000000
00000000
00000000
0001240D
00000000
0000ABB2
00000000
00000000
00000000
00000000
00000000
0001240D
00000000
0000ABB2
00000000
00000000
00000000
00000000
00000000
0001240D
00000000
0000ABB2
00000000
00000000
00000000
00000000
00000000
0001240D
00000000
0000ABB2
00000000
00000000
00000000
00000000
00000000
0001240D
00000000
0000ABB2
00000000
00000000
00000000
00000000
00000000
0001240D
00000000
0000ABB2
00000000
00000000
00000000
00000000
00000000
0001240D
00000000
0000ABB2
00000000
00000000
00000000
00000000
00000000
0001240D
00000000
0000ABB2
00000000
00000000
00000000
00000000
00000000
0001240D
00000000
0000ABB2
00000000
00000000
00000000
00000000
00000000
0001240D
00000000
0000ABB2
00000000
00000000
00000000
00000000
00000000
0001240D
00000000
0000ABB2
00000000
00000000
00000000
00000000
00000000
0001240D
00000000
0000ABB2
00000000
00000000
00000000
00000000
00000000
0001240D
00000000
0000ABB2
00000000
00000000
00000000
00000000
00000000
0001240D
00000000
0000ABB2
00000000
00000000
00000000
00000000
00000000
0001240D
00000000
0000ABB2
00000000
00000000
00000000
00000000
00000000
0001240D
00000000
0000ABB2
00000000
00000000
00000000
00000000
00000000
0001240D
00000000
0000ABB2
00000000
00000000
00000000
00000000
00000000
0001240D
00000000
0000ABB2
00000000
00000000
00000000
00000000
00000000
0001240D
00000000
0000ABB2
00000000
00000000
00000000
00000000
00000000
0001240D
00000000
0000ABB2
00000000
00000000
00000000
00000000
00000000
0001240D
00000000
0000ABB2
00000000
00000000
00000000
00000000
00000000
0001240D
00000000
0000ABB2
00000000
00000000
00000000
00000000
00000000
0001240D
00000000
0000ABB2
00000000
00000000
00000000
00000000
00000000
0001240D
00000000
0000ABB2
00000000
00000000
00000000
00000000
00000000
0001240D
00000000
0000ABB2
00000000
00000000
00000000
00000000
00000000
0001240D
00000000
0000ABB2
00000000
00000000
00000000
00000000
00000000
0001240D
00000000
0000ABB2
00000000
00000000
00000000
00000000
00000000
0001240D
00000000
0000ABB2
00000000
00000000
00000000
00000000
00000000
0001240D
00000000
0000ABB2
00000000
00000000
00000000
00000000
00000000
0001240D
00000000
0000ABB2
00000000
00000000
00000000
00000000
00000000
0001240D
00000000
0000ABB2
00000000
00000000
00000000
00000000
00000000
0001240D
00000000
0000ABB2
00000000
00000000
00000000
00000000
00000000
0001240D
00000000
0000ABB2
00000000
00000000
00000000
00000000
00000000
0001240D
00000000
0000ABB2
00000000
00000000
00000000
00000000
00000000
0001240D
00000000
0000ABB2
00000000
00000000
00000000
00000000
00000000
0001240D
00000000
0000ABB2
00000000
00000000
00000000
00000000
00000000
0001240D
00000000
0000ABB2
00000000
00000000
00000000
00000000
00000000
0001240D
00000000
0000ABB2
00000000
00000000
00000000
00000000
00000000
0001240D
00000000
0000ABB2
00000000
00000000
00000000
00000000
00000000
0001240D
00000000
0000ABB2
00000000
00000000
00000000
00000000
00000000
0001240D
00000000
0000ABB2
00000000
00000000
00000000
00000000
00000000
0001240D
00000000
0000ABB2
00000000
00000000
00000000
00000000
00000000
0001240D
00000000
0000ABB2
00000000
00000000
00000000
00000000
00000000
0001240D
00000000
0000ABB2
00000000
00000000
00000000
00000000
00000000
0001240D
00000000
0000ABB2
00000000
00000000
00000000
00000000
00000000
0001240D
00000000
0000ABB2
00000000
00000000
00000000
00000000
00000000
0001240D
00000000
0000ABB2
00000000
00000000
00000000
00000000
00000000
0001240D
00000000
0000ABB2
00000000
00000000
00000000
00000000
00000000
0001240D
00000000
0000ABB2
00000000
00000000
00000000
00000000
00000000
0001240D
00000000
0000ABB2
00000000
00000000
00000000
00000000
00000000
0001240D
00000000
0000ABB2
00000000
00000000
00000000
00000000
00000000
0001240D
00000000
0000ABB2
00000000
00000000
00000000
00000000
00000000
0001240D
00000000
0000ABB2
00000000
00000000
00000000
00000000
00000000
0001240D
00000000
0000ABB2
00000000
00000000
00000000
00000000
00000000
0001240D
00000000
0000ABB2
00000000
00000000
00000000
00000000
00000000
0001240D
00000000
0000ABB2
00000000
00000000
00000000
00000000
00000000
0001240D
00000000
0000ABB2
00000000
00000000
00000000
00000000
00000000
0001240D
00000000
0000ABB2
00000000
00000000
00000000
00000000
00000000
0001240D
00000000
0000ABB2
00000000
00000000
00000000
00000000
00000000
0001240D
00000000
0000ABB2
00000000
00000000
00000000
00000000
00000000
0001240D
00000000
0000ABB2
00000000
00000000
00000000
00000000
00000000
0001240D
00000000
0000ABB2
00000000
00000000
00000000
00000000
00000000
0001240D
00000000
0000ABB2
00000000
00000000
00000000
00000000
00000000
0001240D
00000000
0000ABB2
00000000
00000000
00000000
00000000
00000000
0001240D
00000000
0000ABB2
00000000
00000000
00000000
00000000
00000000
0001240D
00000000
0000ABB2
00000000
00000000
00000000
00000000
00000000
0001240D
00000000
0000ABB2
00000000
00000000
00000000
00000000
00000000
0001240D
00000000
0000ABB2
00000000
00000000
00000000
00000000
00000000
0001240D
00000000
0000ABB2
00000000
00000000
00000000
00000000
00000000
0001240D
00000000
0000ABB2
00000000
00000000
00000000
00000000
00000000
0001240D
00000000
0000ABB2
00000000
00000000
00000000
00000000
00000000
0001240D
00000000
0000ABB2
00000000
00000000
00000000
00000000
00000000
0001240D
00000000
0000ABB2
00000000
00000000
00000000
00000000
00000000
0001240D
00000000
0000ABB2
00000000
00000000
00000000
00000000
00000000
0001240D
00000000
0000ABB2
00000000
00000000
00000000
00000000
00000000
0001240D
00000000
0000ABB2
00000000
00000000
00000000
00000000
00000000
0001240D
00000000
0000ABB2
00000000
00000000
00000000
00000000
00000000
0001240D
00000000
0000ABB2
00000000
00000000
00000000
00000000
00000000
0001240D
00000000
0000ABB2
00000000
00000000
00000000
00000000
00000000
0001240D
00000000
0000ABB2
00000000
00000000
00000000
00000000
00000000
0001240D
00000000
0000ABB2
00000000
00000000
00000000
00000000
00000000
0001240D
00000000
0000ABB2
00000000
00000000
00000000
00000000
00000000
0001240D
00000000
0000ABB2
00000000
00000000
00000000
00000000
00000000
0001240D
00000000
0000ABB2
00000000
00000000
00000000
00000000
00000000
0001240D
00000000
0000ABB2
00000000
00000000
00000000
00000000
00000000
0001240D
00000000
0000ABB2
00000000
00000000
00000000
00000000
00000000
0001240D
00000000
0000ABB2
00000000
00000000
00000000
00000000
00000000
0001240D
00000000
0000ABB2
00000000
00000000
00000000
00000000
00000000
0001240D
00000000
0000ABB2
00000000
00000000
00000000
00000000
00000000
0001240D
00000000
0000ABB2
00000000
00000000
00000000
00000000
00000000
0001240D
00000000
0000ABB2
00000000
00000000
00000000
00000000
00000000
0001240D
00000000
0000ABB2
00000000
00000000
00000000
00000000
00000000
0001240D
00000000
0000ABB2
00000000
00000000
00000000
00000000
00000000
0001240D
00000000
0000ABB2
00000000
00000000
00000000
00000000
00000000
0001240D
00000000
0000ABB2
00000000
00000000
00000000
00000000
00000000
0001240D
00000000
0000ABB2
00000000
00000000
00000000
00000000
00000000
0001240D
00000000
0000ABB2
00000000
00000000
00000000
00000000
00000000
0001240D
00000000
0000ABB2
00000000
00000000
00000000
00000000
00000000
0001240D
00000000
0000ABB2
00000000
00000000
00000000
00000000
00000000
0001240D
00000000
0000ABB2
00000000
00000000
00000000
00000000
00000000
0001240D
00000000
0000ABB2
00000000
00000000
00000000
00000000
00000000
0001240D
00000000
0000ABB2
00000000
00000000
00000000
00000000
00000000
0001240D
00000000
0000ABB2
00000000
00000000
00000000
00000000
00000000
0001240D
00000000
0000ABB2
00000000
00000000
00000000
00000000
00000000
0001240D
00000000
0000ABB2
00000000
00000000
00000000
00000000
00000000
0001240D
00000000
0000ABB2
00000000
00000000
00000000
00000000
00000000
0001240D
00000000
0000ABB2
00000000
00000000
00000000
00000000
00000000
0001240D
00000000
0000ABB2
00000000
00000000
00000000
00000000
00000000
0001240D
00000000
0000ABB2
00000000
00000000
00000000
00000000
00000000
0001240D
00000000
0000ABB2
00000000
00000000
00000000
00000000
00000000
0001240D
00000000
0000ABB2
00000000
00000000
00000000
00000000
00000000
0001240D
00000000
0000ABB2
00000000
00000000
00000000
00000000
00000000
0001240D
00000000
0000ABB2
00000000
00000000
00000000
00000000
00000000
0001240D
00000000
0000ABB2
00000000
00000000
00000000
00000000
00000000
0001240D
00000000
0000ABB2
00000000
00000000
00000000
00000000
00000000
0001240D
00000000
0000ABB2
00000000
00000000
00000000
00000000
00000000
0001240D
00000000
0000ABB2
00000000
00000000
00000000
00000000
00000000
0001240D
00000000
0000ABB2
00000000
00000000
00000000
00000000
00000000
0001240D
00000000
0000ABB2
00000000
00000000
00000000
00000000
00000000
0001240D
00000000
0000ABB2
00000000
00000000
00000000
00000000
00000000
0001240D
00000000
0000ABB2
00000000
00000000
00000000
00000000
00000000
0001240D
00000000
0000ABB2
00000000
00000000
00000000
00000000
00000000
0001240D
00000000
0000ABB2
00000000
00000000
00000000
00000000
00000000
0001240D
00000000
0000ABB2
00000000
00000000
00000000
00000000
00000000
0001240D
00000000
0000ABB2
00000000
00000000
00000000
00000000
00000000
0001240D
00000000
0000ABB2
00000000
00000000
00000000
00000000
00000000
0001240D
00000000
0000ABB2
00000000
00000000
00000000
00000000
00000000
0001240D
00000000
0000ABB2
00000000
00000000
00000000
00000000
00000000
0001240D
00000000
0000ABB2
00000000
00000000
00000000
00000000
00000000
0001240D
00000000
0000ABB2
00000000
00000000
00000000
00000000
00000000
0001240D
00000000
0000ABB2
00000000
00000000
00000000
00000000
00000000
0001240D
00000000
0000ABB2
00000000
00000000
00000000
00000000
00000000
0001240D
00000000
0000ABB2
00000000
00000000
00000000
00000000
00000000
0001240D
00000000
0000ABB2
00000000
00000000
00000000
00000000
00000000
0001240D
00000000
0000ABB2
00000000
00000000
00000000
00000000
00000000
0001240D
00000000
0000ABB2
00000000
00000000
00000000
00000000
00000000
0001240D
00000000
0000ABB2
00000000
00000000
00000000
00000000
00000000
0001240D
00000000
0000ABB2
00000000
00000000
00000000
00000000
00000000
0001240D
00000000
0000ABB2
00000000
00000000
00000000
00000000
00000000
0001240D
00000000
0000ABB2
00000000
00000000
00000000
00000000
00000000
0001240D
00000000
0000ABB2
00000000
00000000
00000000
00000000
00000000
0001240D
00000000
0000ABB2
00000000
00000000
00000000
00000000
00000000
0001240D
00000000
0000ABB2
00000000
00000000
00000000
00000000
00000000
0001240D
00000000
0000ABB2
00000000
00000000
00000000
00000000
00000000
0001240D
00000000
0000ABB2
00000000
00000000
00000000
00000000
00000000
0001240D
00000000
0000ABB2
00000000
00000000
00000000
00000000
00000000
0001240D
00000000
0000ABB2
00000000
00000000
00000000
00000000
00000000
0001240D
00000000
0000ABB2
00000000
00000000
00000000
00000000
00000000
0001240D
00000000
0000ABB2
00000000
00000000
00000000
00000000
00000000
0001240D
00000000
0000ABB2
00000000
00000000
00000000
00000000
00000000
0001240D
00000000
0000ABB2
00000000
00000000
00000000
00000000
00000000
0001240D
00000000
0000ABB2
00000000
00000000
00000000
00000000
00000000
0001240D
00000000
0000ABB2
00000000
00000000
00000000
00000000
00000000
0001240D
00000000
0000ABB2
00000000
00000000
00000000
00000000
00000000
0001240D
00000000
0000ABB2
00000000
00000000
00000000
00000000
00000000
0001240D
00000000
0000ABB2
00000000
00000000
00000000
00000000
00000000
0001240D
00000000
0000ABB2
00000000
00000000
00000000
00000000
00000000
0001240D
00000000
0000ABB2
00000000
00000000
00000000
00000000
00000000
0001240D
00000000
0000ABB2
00000000
00000000
00000000
00000000
00000000
0001240D
00000000
0000ABB2
00000000
00000000
00000000
00000000
00000000
0001240D
00000000
0000ABB2
00000000
00000000
00000000
00000000
00000000
0001240D
00000000
0000ABB2
00000000
00000000
00000000
00000000
00000000
0001240D
00000000
0000ABB2
00000000
00000000
00000000
00000000
00000000
0001240D
00000000
0000ABB2
00000000
00000000
00000000
00000000
00000000
0001240D
00000000
0000ABB2
00000000
00000000
00000000
00000000
00000000
0001240D
00000000
0000ABB2
00000000
00000000
00000000
00000000
00000000
0001240D
00000000
0000ABB2
00000000
00000000
00000000
00000000
00000000
0001240D
00000000
0000ABB2
00000000
00000000
00000000
00000000
00000000
0001240D
00000000
0000ABB2
00000000
00000000
00000000
00000000
00000000
0001240D
00000000
0000ABB2
00000000
00000000
00000000
00000000
00000000
0001240D
00000000
0000ABB2
00000000
00000000
00000000
00000000
00000000
0001240D
00000000
0000ABB2
00000000
00000000
00000000
00000000
00000000
0001240D
00000000
0000ABB2
00000000
00000000
00000000
00000000
00000000
0001240D
00000000
0000ABB2
00000000
00000000
00000000
00000000
00000000
0001240D
00000000
0000ABB2
00000000
00000000
00000000
00000000
00000000
0001240D
00000000
0000ABB2
00000000
00000000
00000000
00000000
00000000
0001240D
00000000
0000ABB2
00000000
00000000
00000000
00000000
00000000
0001240D
00000000
0000ABB2
00000000
00000000
00000000
00000000
00000000
0001240D
00000000
0000ABB2
00000000
00000000
00000000
00000000
00000000
0001240D
00000000
0000ABB2
00000000
00000000
00000000
00000000
00000000
0001240D
00000000
0000ABB2
00000000
00000000
00000000
00000000
00000000
0001240D
00000000
0000ABB2
00000000
00000000
00000000
00000000
00000000
0001240D
00000000
0000ABB2
00000000
00000000
00000000
00000000
00000000
0001240D
00000000
0000ABB2
00000000
00000000
00000000
00000000
00000000
0001240D
00000000
0000ABB2
00000000
00000000
00000000
00000000
00000000
0001240D
00000000
0000ABB2
00000000
00000000
00000000
00000000
00000000
0001240D
00000000
0000ABB2
00000000
00000000
00000000
00000000
00000000
0001240D
00000000
0000ABB2
00000000
00000000
00000000
00000000
00000000
0001240D
00000000
0000ABB2
00000000
00000000
00000000
00000000
00000000
0001240D
00000000
0000ABB2
00000000
00000000
00000000
00000000
00000000
0001240D
00000000
0000ABB2
00000000
00000000
00000000
00000000
00000000
0001240D
00000000
0000ABB2
00000000
00000000
00000000
00000000
00000000
0001240D
00000000
0000ABB2
00000000
00000000
00000000
00000000
00000000
0001240D
00000000
0000ABB2
00000000
00000000
00000000
00000000
00000000
0001240D
00000000
0000ABB2
00000000
00000000
00000000
00000000
00000000
0001240D
00000000
0000ABB2
00000000
00000000
00000000
00000000
00000000
0001240D
00000000
0000ABB2
00000000
00000000
00000000
00000000
00000000
0001240D
00000000
0000ABB2
00000000
00000000
00000000
00000000
00000000
0001240D
00000000
0000ABB2
00000000
00000000
00000000
00000000
00000000
0001240D
00000000
0000ABB2
00000000
00000000
00000000
00000000
00000000
0001240D
00000000
0000ABB2
00000000
00000000
00000000
00000000
00000000
0001240D
00000000
0000ABB2
00000000
00000000
00000000
00000000
00000000
0001240D
00000000
0000ABB2
00000000
00000000
00000000
00000000
00000000
0001240D
00000000
0000ABB2
00000000
00000000
00000000
00000000
00000000
0001240D
00000000
0000ABB2
00000000
00000000
00000000
00000000
00000000
0001240D
00000000
0000ABB2
00000000
00000000
00000000
00000000
00000000
0001240D
00000000
0000ABB2
00000000
00000000
00000000
00000000
00000000
0001240D
00000000
0000ABB2
00000000
00000000
00000000
00000000
00000000
0001240D
00000000
0000ABB2
00000000
00000000
00000000
00000000
00000000
0001240D
00000000
0000ABB2
00000000
00000000
00000000
00000000
00000000
0001240D
00000000
0000ABB2
00000000
00000000
00000000
00000000
00000000
0001240D
00000000
0000ABB2
00000000
00000000
00000000
00000000
00000000
0001240D
00000000
0000ABB2
00000000
00000000
00000000
00000000
00000000
0001240D
00000000
0000ABB2
00000000
00000000
00000000
00000000
00000000
0001240D
00000000
0000ABB2
00000000
00000000
00000000
00000000
00000000
0001240D
00000000
0000ABB2
00000000
00000000
00000000
00000000
00000000
0001240D
00000000
0000ABB2
00000000
00000000
00000000
00000000
00000000
0001240D
00000000
0000ABB2
00000000
00000000
00000000
00000000
00000000
0001240D
00000000
0000ABB2
00000000
00000000
00000000
00000000
00000000
0001240D
00000000
0000ABB2
00000000
00000000
00000000
00000000
00000000
0001240D
00000000
0000ABB2
00000000
00000000
00000000
00000000
00000000
0001240D
00000000
0000ABB2
00000000
00000000
00000000
00000000
00000000
0001240D
00000000
0000ABB2
00000000
00000000
00000000
00000000
00000000
0001240D
00000000
0000ABB2
00000000
00000000
00000000
00000000
00000000
0001240D
00000000
0000ABB2
00000000
00000000
00000000
00000000
00000000
0001240D
00000000
0000ABB2
00000000
00000000
00000000
00000000
00000000
0001240D
00000000
0000ABB2
00000000
00000000
00000000
00000000
00000000
0001240D
00000000
0000ABB2
00000000
00000000
00000000
00000000
00000000
0001240D
00000000
0000ABB2
00000000
00000000
00000000
00000000
00000000
0001240D
00000000
0000ABB2
00000000
00000000
00000000
00000000
00000000
0001240D
00000000
0000ABB2
00000000
00000000
00000000
00000000
00000000
0001240D
00000000
0000ABB2
00000000
00000000
00000000
00000000
00000000
0001240D
00000000
0000ABB2
00000000
00000000
00000000
00000000
00000000
0001240D
00000000
0000ABB2
00000000
00000000
00000000
00000000
00000000
0001240D
00000000
0000ABB2
00000000
00000000
00000000
00000000
00000000
0001240D
00000000
0000ABB2
00000000
00000000
00000000
00000000
00000000
0001240D
00000000
0000ABB2
00000000
00000000
00000000
00000000
00000000
0001240D
00000000
0000ABB2
00000000
00000000
00000000
00000000
00000000
0001240D
00000000
0000ABB2
00000000
00000000
00000000
00000000
00000000
0001240D
00000000
0000ABB2
00000000
00000000
00000000
00000000
00000000
0001240D
00000000
0000ABB2
00000000
00000000
00000000
00000000
00000000
0001240D
00000000
0000ABB2
00000000
00000000
00000000
00000000
00000000
0001240D
00000000
0000ABB2
00000000
00000000
00000000
00000000
00000000
0001240D
00000000
0000ABB2
00000000
00000000
00000000
00000000
00000000
0001240D
00000000
0000ABB2
00000000
00000000
00000000
00000000
00000000
0001240D
00000000
0000ABB2
00000000
00000000
00000000
00000000
00000000
0001240D
00000000
0000ABB2
00000000
00000000
00000000
00000000
00000000
0001240D
00000000
0000ABB2
00000000
00000000
00000000
00000000
00000000
0001240D
00000000
0000ABB2
00000000
00000000
00000000
00000000
00000000
0001240D
00000000
0000ABB2
00000000
00000000
00000000
00000000
00000000
0001240D
00000000
0000ABB2
00000000
00000000
00000000
00000000
00000000
0001240D
00000000
0000ABB2
00000000
00000000
00000000
00000000
00000000
0001240D
00000000
0000ABB2
00000000
00000000
00000000
00000000
00000000
0001240D
00000000
0000ABB2
00000000
00000000
00000000
00000000
00000000
0001240D
00000000
0000ABB2
00000000
00000000
00000000
00000000
00000000
0001240D
00000000
0000ABB2
00000000
00000000
00000000
00000000
00000000
0001240D
00000000
0000ABB2
00000000
00000000
00000000
00000000
00000000
0001240D
00000000
0000ABB2
00000000
00000000
00000000
00000000
00000000
0001240D
00000000
0000ABB2
00000000
00000000
00000000
00000000
00000000
0001240D
00000000
0000ABB2
00000000
00000000
00000000
00000000
00000000
0001240D
00000000
0000ABB2
00000000
00000000
00000000
00000000
00000000
0001240D
00000000
0000ABB2
00000000
00000000
00000000
00000000
00000000
0001240D
00000000
0000ABB2
00000000
00000000
00000000
00000000
00000000
0001240D
00000000
0000ABB2
00000000
00000000
00000000
00000000
00000000
0001240D
00000000
0000ABB2
00000000
00000000
00000000
00000000
00000000
0001240D
00000000
0000ABB2
00000000
00000000
00000000
00000000
00000000
0001240D
00000000
0000ABB2
00000000
00000000
00000000
00000000
00000000
0001240D
00000000
0000ABB2
00000000
00000000
00000000
00000000
00000000
0001240D
00000000
0000ABB2
00000000
00000000
00000000
00000000
00000000
0001240D
00000000
0000ABB2
00000000
00000000
00000000
00000000
00000000
0001240D
00000000
0000ABB2
00000000
00000000
00000000
00000000
00000000
0001240D
00000000
0000ABB2
00000000
00000000
00000000
00000000
00000000
0001240D
00000000
0000ABB2
00000000
00000000
00000000
00000000
00000000
0001240D
00000000
0000ABB2
00000000
00000000
00000000
00000000
00000000
0001240D
00000000
0000ABB2
00000000
00000000
00000000
00000000
00000000
0001240D
00000000
0000ABB2
00000000
00000000
00000000
00000000
00000000
0001240D
00000000
0000ABB2
00000000
00000000
00000000
00000000
00000000
0001240D
00000000
0000ABB2
00000000
00000000
00000000
00000000
00000000
0001240D
00000000
0000ABB2
00000000
00000000
00000000
00000000
00000000
0001240D
00000000
0000ABB2
00000000
00000000
00000000
00000000
00000000
0001240D
00000000
0000ABB2
00000000
00000000
00000000
00000000
00000000
0001240D
00000000
0000ABB2
00000000
00000000
00000000
00000000
00000000
0001240D
00000000
0000ABB2
00000000
00000000
00000000
00000000
00000000
0001240D
00000000
0000ABB2
00000000
00000000
00000000
00000000
00000000
0001240D
00000000
0000ABB2
00000000
00000000
00000000
00000000
00000000
0001240D
00000000
0000ABB2
00000000
00000000
00000000
00000000
00000000
0001240D
00000000
0000ABB2
00000000
00000000
00000000
00000000
00000000
0001240D
00000000
0000ABB2
00000000
00000000
00000000
00000000
00000000
0001240D
00000000
0000ABB2
00000000
00000000
00000000
00000000
00000000
0001240D
00000000
0000ABB2
00000000
00000000
00000000
00000000
00000000
0001240D
00000000
0000ABB2
00000000
00000000
00000000
00000000
00000000
0001240D
00000000
0000ABB2
00000000
00000000
00000000
00000000
00000000
0001240D
00000000
0000ABB2
00000000
00000000
00000000
00000000
00000000
0001240D
00000000
0000ABB2
00000000
00000000
00000000
00000000
00000000
0001240D
00000000
0000ABB2
00000000
00000000
00000000
00000000
00000000
0001240D
00000000
0000ABB2
00000000
00000000
00000000
00000000
00000000
0001240D
00000000
0000ABB2
00000000
00000000
00000000
00000000
00000000
0001240D
00000000
0000ABB2
00000000
00000000
00000000
00000000
00000000
0001240D
00000000
0000ABB2
00000000
00000000
00000000
00000000
00000000
0001240D
00000000
0000ABB2
00000000
00000000
00000000
00000000
00000000
0001240D
00000000
0000ABB2
00000000
00000000
00000000
00000000
00000000
0001240D
00000000
0000ABB2
00000000
00000000
00000000
00000000
00000000
0001240D
00000000
0000ABB2
00000000
00000000
00000000
00000000
00000000
0001240D
00000000
0000ABB2
00000000
00000000
00000000
00000000
00000000
0001240D
00000000
0000ABB2
00000000
00000000
00000000
00000000
00000000
0001240D
00000000
0000ABB2
00000000
00000000
00000000
00000000
00000000
0001240D
00000000
0000ABB2
00000000
00000000
00000000
00000000
00000000
0001240D
00000000
0000ABB2
00000000
00000000
00000000
00000000
00000000
0001240D
00000000
0000ABB2
00000000
00000000
00000000
00000000
00000000
0001240D
00000000
0000ABB2
00000000
00000000
00000000
00000000
00000000
0001240D
00000000
0000ABB2
00000000
00000000
00000000
00000000
00000000
0001240D
00000000
0000ABB2
00000000
00000000
00000000
00000000
00000000
0001240D
00000000
0000ABB2
00000000
00000000
00000000
00000000
00000000
0001240D
00000000
0000ABB2
00000000
00000000
00000000
00000000
00000000
0001240D
00000000
0000ABB2
00000000
00000000
00000000
00000000
00000000
0001240D
00000000
0000ABB2
00000000
00000000
00000000
00000000
00000000
0001240D
00000000
0000ABB2
00000000
00000000
00000000
00000000
00000000
0001240D
00000000
0000ABB2
00000000
00000000
00000000
00000000
00000000
0001240D
00000000
0000ABB2
00000000
00000000
00000000
00000000
00000000
0001240D
00000000
0000ABB2
00000000
00000000
00000000
00000000
00000000
0001240D
00000000
0000ABB2
00000000
00000000
00000000
00000000
00000000
0001240D
00000000
0000ABB2
00000000
00000000
00000000
00000000
00000000
0001240D
00000000
0000ABB2
00000000
00000000
00000000
00000000
00000000
0001240D
00000000
0000ABB2
00000000
00000000
00000000
00000000
00000000
0001240D
00000000
0000ABB2
00000000
00000000
00000000
00000000
00000000
0001240D
00000000
0000ABB2
00000000
00000000
00000000
00000000
00000000
0001240D
00000000
0000ABB2
00000000
00000000
00000000
00000000
00000000
0001240D
00000000
0000ABB2
00000000
00000000
00000000
00000000
00000000
0001240D
00000000
0000ABB2
00000000
00000000
00000000
00000000
00000000
0001240D
00000000
0000ABB2
00000000
00000000
00000000
00000000
00000000
0001240D
00000000
0000ABB2
00000000
00000000
00000000
00000000
00000000
0001240D
00000000
0000ABB2
00000000
00000000
00000000
00000000
00000000
0001240D
00000000
0000ABB2
00000000
00000000
00000000
00000000
00000000
0001240D
00000000
0000ABB2
00000000
00000000
00000000
00000000
00000000
0001240D
00000000
0000ABB2
00000000
00000000
00000000
00000000
00000000
0001240D
00000000
0000ABB2
00000000
00000000
00000000
00000000
00000000
0001240D
00000000
0000ABB2
00000000
00000000
00000000
00000000
00000000
0001240D
00000000
0000ABB2
00000000
00000000
00000000
00000000
00000000
0001240D
00000000
0000ABB2
00000000
00000000
00000000
00000000
00000000
0001240D
00000000
0000ABB2
00000000
00000000
00000000
00000000
00000000
0001240D
00000000
0000ABB2
00000000
00000000
00000000
00000000
00000000
0001240D
00000000
0000ABB2
00000000
00000000
00000000
00000000
00000000
0001240D
00000000
0000ABB2
00000000
00000000
00000000
00000000
00000000
0001240D
00000000
0000ABB2
00000000
00000000
00000000
00000000
00000000
0001240D
00000000
0000ABB2
00000000
00000000
00000000
00000000
00000000
0001240D
00000000
0000ABB2
00000000
00000000
00000000
00000000
00000000
0001240D
00000000
0000ABB2
00000000
00000000
00000000
00000000
00000000
0001240D
00000000
0000ABB2
00000000
00000000
00000000
00000000
00000000
0001240D
00000000
0000ABB2
00000000
00000000
00000000
00000000
00000000
0001240D
00000000
0000ABB2
00000000
00000000
00000000
00000000
00000000
0001240D
00000000
0000ABB2
00000000
00000000
00000000
00000000
00000000
0001240D
00000000
0000ABB2
00000000
00000000
00000000
00000000
00000000
0001240D
00000000
0000ABB2
00000000
00000000
00000000
00000000
00000000
0001240D
00000000
0000ABB2
00000000
00000000
00000000
00000000
00000000
0001240D
00000000
0000ABB2
00000000
00000000
00000000
00000000
00000000
0001240D
00000000
0000ABB2
00000000
00000000
00000000
00000000
00000000
0001240D
00000000
0000ABB2
00000000
00000000
00000000
00000000
00000000
0001240D
00000000
0000ABB2
00000000
00000000
00000000
00000000
00000000
0001240D
00000000
0000ABB2
00000000
00000000
00000000
00000000
00000000
0001240D
00000000
0000ABB2
00000000
00000000
00000000
00000000
00000000
0001240D
00000000
0000ABB2
00000000
00000000
00000000
00000000
00000000
0001240D
00000000
0000ABB2
00000000
00000000
00000000
00000000
00000000
0001240D
00000000
0000ABB2
00000000
00000000
00000000
00000000
00000000
0001240D
00000000
0000ABB2
00000000
00000000
00000000
00000000
00000000
0001240D
00000000
0000ABB2
00000000
00000000
00000000
00000000
00000000
0001240D
00000000
0000ABB2
00000000
00000000
00000000
00000000
00000000
0001240D
00000000
0000ABB2
00000000
00000000
00000000
00000000
00000000
0001240D
00000000
0000ABB2
00000000
00000000
00000000
00000000
00000000
0001240D
00000000
0000ABB2
00000000
00000000
00000000
00000000
00000000
0001240D
00000000
0000ABB2
00000000
00000000
00000000
00000000
00000000
0001240D
00000000
0000ABB2
00000000
00000000
00000000
00000000
00000000
0001240D
00000000
0000ABB2
00000000
00000000
00000000
00000000
00000000
0001240D
00000000
0000ABB2
00000000
00000000
00000000
00000000
00000000
0001240D
00000000
0000ABB2
00000000
00000000
00000000
00000000
00000000
0001240D
00000000
0000ABB2
00000000
00000000
00000000
00000000
00000000
0001240D
00000000
0000ABB2
00000000
00000000
00000000
00000000
00000000
0001240D
00000000
0000ABB2
00000000
00000000
00000000
00000000
00000000
0001240D
00000000
0000ABB2
00000000
00000000
00000000
00000000
00000000
0001240D
00000000
0000ABB2
00000000
00000000
00000000
00000000
00000000
0001240D
00000000
0000ABB2
00000000
00000000
00000000
00000000
00000000
0001240D
00000000
0000ABB2
00000000
00000000
00000000
00000000
00000000
0001240D
00000000
0000ABB2
00000000
00000000
00000000
00000000
00000000
0001240D
00000000
0000ABB2
00000000
00000000
00000000
00000000
00000000
0001240D
00000000
0000ABB2
00000000
00000000
00000000
00000000
00000000
0001240D
00000000
0000ABB2
00000000
00000000
00000000
00000000
00000000
0001240D
00000000
0000ABB2
00000000
00000000
00000000
00000000
00000000
0001240D
00000000
0000ABB2
00000000
00000000
00000000
00000000
00000000
0001240D
00000000
0000ABB2
00000000
00000000
00000000
00000000
00000000
0001240D
00000000
0000ABB2
00000000
00000000
00000000
00000000
00000000
0001240D
00000000
0000ABB2
00000000
00000000
00000000
00000000
00000000
0001240D
00000000
0000ABB2
00000000
00000000
00000000
00000000
00000000
0001240D
00000000
0000ABB2
00000000
00000000
00000000
00000000
00000000
0001240D
00000000
0000ABB2
00000000
00000000
00000000
00000000
00000000
0001240D
00000000
0000ABB2
00000000
00000000
00000000
00000000
00000000
0001240D
00000000
0000ABB2
00000000
00000000
00000000
00000000
00000000
0001240D
00000000
0000ABB2
00000000
00000000
00000000
00000000
00000000
0001240D
00000000
0000ABB2
00000000
00000000
00000000
00000000
00000000
0001240D
00000000
0000ABB2
00000000
00000000
00000000
00000000
00000000
0001240D
00000000
0000ABB2
00000000
00000000
00000000
00000000
00000000
0001240D
00000000
0000ABB2
00000000
00000000
00000000
00000000
00000000
0001240D
00000000
0000ABB2
00000000
00000000
00000000
00000000
00000000
0001240D
00000000
0000ABB2
00000000
00000000
00000000
00000000
00000000
0001240D
00000000
0000ABB2
00000000
00000000
00000000
00000000
00000000
0001240D
00000000
0000ABB2
00000000
00000000
00000000
00000000
00000000
0001240D
00000000
0000ABB2
00000000
00000000
00000000
00000000
00000000
0001240D
00000000
0000ABB2
00000000
00000000
00000000
00000000
00000000
0001240D
00000000
0000ABB2
00000000
00000000
00000000
00000000
00000000
0001240D
00000000
0000ABB2
00000000
00000000
00000000
00000000
00000000
0001240D
00000000
0000ABB2
00000000
00000000
00000000
00000000
00000000
0001240D
00000000
0000ABB2
00000000
00000000
00000000
00000000
00000000
0001240D
00000000
0000ABB2
00000000
00000000
00000000
00000000
00000000
0001240D
00000000
0000ABB2
00000000
00000000
00000000
00000000
00000000
0001240D
00000000
0000ABB2
00000000
00000000
00000000
00000000
00000000
0001240D
00000000
0000ABB2
00000000
00000000
00000000
00000000
00000000
0001240D
00000000
0000ABB2
00000000
00000000
00000000
00000000
00000000
0001240D
00000000
0000ABB2
00000000
00000000
00000000
00000000
00000000
0001240D
00000000
0000ABB2
00000000
00000000
00000000
00000000
00000000
0001240D
00000000
0000ABB2
00000000
00000000
00000000
00000000
00000000
0001240D
00000000
0000ABB2
00000000
00000000
00000000
00000000
00000000
0001240D
00000000
0000ABB2
00000000
00000000
00000000
00000000
00000000
0001240D
00000000
0000ABB2
00000000
00000000
00000000
00000000
00000000
0001240D
00000000
0000ABB2
00000000
00000000
00000000
00000000
00000000
0001240D
00000000
0000ABB2
00000000
00000000
00000000
00000000
00000000
0001240D
00000000
0000ABB2
00000000
00000000
00000000
00000000
00000000
0001240D
00000000
0000ABB2
00000000
00000000
00000000
00000000
00000000
0001240D
00000000
0000ABB2
00000000
00000000
00000000
00000000
00000000
0001240D
00000000
0000ABB2
00000000
00000000
00000000
00000000
00000000
0001240D
00000000
0000ABB2
00000000
00000000
00000000
00000000
00000000
0001240D
00000000
0000ABB2
00000000
00000000
00000000
00000000
00000000
0001240D
00000000
0000ABB2
00000000
00000000
00000000
00000000
00000000
0001240D
00000000
0000ABB2
00000000
00000000
00000000
00000000
00000000
0001240D
00000000
0000ABB2
00000000
00000000
00000000
00000000
00000000
0001240D
00000000
0000ABB2
00000000
00000000
00000000
00000000
00000000
0001240D
00000000
0000ABB2
00000000
00000000
00000000
00000000
00000000
0001240D
00000000
0000ABB2
00000000
00000000
00000000
00000000
00000000
0001240D
00000000
0000ABB2
00000000
00000000
00000000
00000000
00000000
0001240D
00000000
0000ABB2
00000000
00000000
00000000
00000000
00000000
0001240D
00000000
0000ABB2
00000000
00000000
00000000
00000000
00000000
0001240D
00000000
0000ABB2
00000000
00000000
00000000
00000000
00000000
0001240D
00000000
0000ABB2
00000000
00000000
00000000
00000000
00000000
0001240D
00000000
0000ABB2
00000000
00000000
00000000
00000000
00000000
0001240D
00000000
0000ABB2
00000000
00000000
00000000
00000000
00000000
0001240D
00000000
0000ABB2
00000000
00000000
00000000
00000000
00000000
0001240D
00000000
0000ABB2
00000000
00000000
00000000
00000000
00000000
0001240D
00000000
0000ABB2
00000000
00000000
00000000
00000000
00000000
0001240D
00000000
0000ABB2
00000000
00000000
00000000
00000000
00000000
0001240D
00000000
0000ABB2
00000000
00000000
00000000
00000000
00000000
0001240D
00000000
0000ABB2
00000000
00000000
00000000
00000000
00000000
0001240D
00000000
0000ABB2
00000000
00000000
00000000
00000000
00000000
0001240D
00000000
0000ABB2
00000000
00000000
00000000
00000000
00000000
0001240D
00000000
0000ABB2
00000000
00000000
00000000
00000000
00000000
0001240D
00000000
0000ABB2
00000000
00000000
00000000
00000000
00000000
0001240D
00000000
0000ABB2
00000000
00000000
00000000
00000000
00000000
0001240D
00000000
0000ABB2
00000000
00000000
00000000
00000000
00000000
0001240D
00000000
0000ABB2
00000000
00000000
00000000
00000000
00000000
0001240D
00000000
0000ABB2
00000000
00000000
00000000
00000000
00000000
0001240D
00000000
0000ABB2
00000000
00000000
00000000
00000000
00000000
0001240D
00000000
0000ABB2
00000000
00000000
00000000
00000000
00000000
0001240D
00000000
0000ABB2
00000000
00000000
00000000
00000000
00000000
0001240D
00000000
0000ABB2
00000000
00000000
00000000
00000000
00000000
0001240D
00000000
0000ABB2
00000000
00000000
00000000
00000000
00000000
0001240D
00000000
0000ABB2
00000000
00000000
00000000
00000000
00000000
0001240D
00000000
0000ABB2
00000000
00000000
00000000
00000000
00000000
0001240D
00000000
0000ABB2
00000000
00000000
00000000
00000000
00000000
0001240D
00000000
0000ABB2
00000000
00000000
00000000
00000000
00000000
0001240D
00000000
0000ABB2
00000000
00000000
00000000
00000000
00000000
0001240D
00000000
0000ABB2
00000000
00000000
00000000
00000000
00000000
0001240D
00000000
0000ABB2
00000000
00000000
00000000
00000000
00000000
0001240D
00000000
0000ABB2
00000000
00000000
00000000
00000000
00000000
0001240D
00000000
0000ABB2
00000000
00000000
00000000
00000000
00000000
0001240D
00000000
0000ABB2
00000000
00000000
00000000
00000000
00000000
0001240D
00000000
0000ABB2
00000000
00000000
00000000
00000000
00000000
0001240D
00000000
0000ABB2
00000000
00000000
00000000
00000000
00000000
0001240D
00000000
0000ABB2
00000000
00000000
00000000
00000000
00000000
0001240D
00000000
0000ABB2
00000000
00000000
00000000
00000000
00000000
0001240D
00000000
0000ABB2
00000000
00000000
00000000
00000000
00000000
0001240D
00000000
0000ABB2
00000000
00000000
00000000
00000000
00000000
0001240D
00000000
0000ABB2
00000000
00000000
00000000
00000000
00000000
0001240D
00000000
0000ABB2
00000000
00000000
00000000
00000000
00000000
0001240D
00000000
0000ABB2
00000000
00000000
00000000
00000000
00000000
0001240D
00000000
0000ABB2
00000000
00000000
00000000
00000000
00000000
0001240D
00000000
0000ABB2
00000000
00000000
00000000
00000000
00000000
0001240D
00000000
0000ABB2
00000000
00000000
00000000
00000000
00000000
0001240D
00000000
0000ABB2
00000000
00000000
00000000
00000000
00000000
0001240D
00000000
0000ABB2
00000000
00000000
00000000
00000000
00000000
0001240D
00000000
0000ABB2
00000000
00000000
00000000
00000000
00000000
0001240D
00000000
0000ABB2
00000000
00000000
00000000
00000000
00000000
0001240D
00000000
0000ABB2
00000000
00000000
00000000
00000000
00000000
0001240D
00000000
0000ABB2
00000000
00000000
00000000
00000000
00000000
0001240D
00000000
0000ABB2
00000000
00000000
00000000
00000000
00000000
0001240D
00000000
0000ABB2
00000000
00000000
00000000
00000000
00000000
0001240D
00000000
0000ABB2
00000000
00000000
00000000
00000000
00000000
0001240D
00000000
0000ABB2
00000000
00000000
00000000
00000000
00000000
0001240D
00000000
0000ABB2
00000000
00000000
00000000
00000000
00000000
0001240D
00000000
0000ABB2
00000000
00000000
00000000
00000000
00000000
0001240D
00000000
0000ABB2
00000000
00000000
00000000
00000000
00000000
0001240D
00000000
0000ABB2
00000000
00000000
00000000
00000000
00000000
0001240D
00000000
0000ABB2
00000000
00000000
00000000
00000000
00000000
0001240D
00000000
0000ABB2
00000000
00000000
00000000
00000000
00000000
0001240D
00000000
0000ABB2
00000000
00000000
00000000
00000000
00000000
0001240D
00000000
0000ABB2
00000000
00000000
00000000
00000000
00000000
0001240D
00000000
0000ABB2
00000000
00000000
00000000
00000000
00000000
0001240D
00000000
0000ABB2
00000000
00000000
00000000
00000000
00000000
0001240D
00000000
0000ABB2
00000000
00000000
00000000
00000000
00000000
0001240D
00000000
0000ABB2
00000000
00000000
00000000
00000000
00000000
0001240D
00000000
0000ABB2
00000000
00000000
00000000
00000000
00000000
0001240D
00000000
0000ABB2
00000000
00000000
00000000
00000000
00000000
0001240D
00000000
0000ABB2
00000000
00000000
00000000
00000000
00000000
0001240D
00000000
0000ABB2
00000000
00000000
00000000
00000000
00000000
0001240D
00000000
0000ABB2
00000000
00000000
00000000
00000000
00000000
0001240D
00000000
0000ABB2
00000000
00000000
00000000
00000000
00000000
0001240D
00000000
0000ABB2
00000000
00000000
00000000
00000000
00000000
0001240D
00000000
0000ABB2
00000000
00000000
00000000
00000000
00000000
0001240D
00000000
0000ABB2
00000000
00000000
00000000
00000000
00000000
0001240D
00000000
0000ABB2
00000000
00000000
00000000
00000000
00000000
0001240D
00000000
0000ABB2
00000000
00000000
00000000
00000000
00000000
0001240D
00000000
0000ABB2
00000000
00000000
00000000
00000000
00000000
0001240D
00000000
0000ABB2
00000000
00000000
00000000
00000000
00000000
0001240D
00000000
0000ABB2
00000000
00000000
00000000
00000000
00000000
0001240D
00000000
0000ABB2
00000000
00000000
00000000
00000000
00000000
0001240D
00000000
0000ABB2
00000000
00000000
00000000
00000000
00000000
0001240D
00000000
0000ABB2
00000000
00000000
00000000
00000000
00000000
0001240D
00000000
0000ABB2
00000000
00000000
00000000
00000000
00000000
0001240D
00000000
0000ABB2
00000000
00000000
00000000
00000000
00000000
0001240D
00000000
0000ABB2
00000000
00000000
00000000
00000000
00000000
0001240D
00000000
0000ABB2
00000000
00000000
00000000
00000000
00000000
0001240D
00000000
0000ABB2
00000000
00000000
00000000
00000000
00000000
0001240D
00000000
0000ABB2
00000000
00000000
00000000
00000000
00000000
0001240D
00000000
0000ABB2
00000000
00000000
00000000
00000000
00000000
0001240D
00000000
0000ABB2
00000000
00000000
00000000
00000000
00000000
0001240D
00000000
0000ABB2
00000000
00000000
00000000
00000000
00000000
0001240D
00000000
0000ABB2
00000000
00000000
00000000
00000000
00000000
0001240D
00000000
0000ABB2
00000000
00000000
00000000
00000000
00000000
0001240D
00000000
0000ABB2
00000000
00000000
00000000
00000000
00000000
0001240D
00000000
0000ABB2
00000000
00000000
00000000
00000000
00000000
0001240D
00000000
0000ABB2
00000000
00000000
00000000
00000000
00000000
0001240D
00000000
0000ABB2
00000000
00000000
00000000
00000000
00000000
0001240D
00000000
0000ABB2
00000000
00000000
00000000
00000000
00000000
0001240D
00000000
0000ABB2
00000000
00000000
00000000
00000000
00000000
0001240D
00000000
0000ABB2
00000000
00000000
00000000
00000000
00000000
0001240D
00000000
0000ABB2
00000000
00000000
00000000
00000000
00000000
0001240D
00000000
0000ABB2
00000000
00000000
00000000
00000000
00000000
0001240D
00000000
0000ABB2
00000000
00000000
00000000
00000000
00000000
0001240D
00000000
0000ABB2
00000000
00000000
00000000
00000000
00000000
0001240D
00000000
0000ABB2
00000000
00000000
00000000
00000000
00000000
0001240D
00000000
0000ABB2
00000000
00000000
00000000
00000000
00000000
0001240D
00000000
0000ABB2
00000000
00000000
00000000
00000000
00000000
0001240D
00000000
0000ABB2
00000000
00000000
00000000
00000000
00000000
0001240D
00000000
0000ABB2
00000000
00000000
00000000
00000000
00000000
0001240D
00000000
0000ABB2
00000000
00000000
00000000
00000000
00000000
0001240D
00000000
0000ABB2
00000000
00000000
00000000
00000000
00000000
0001240D
00000000
0000ABB2
00000000
00000000
00000000
00000000
00000000
0001240D
00000000
0000ABB2
00000000
00000000
00000000
00000000
00000000
0001240D
00000000
0000ABB2
00000000
00000000
00000000
00000000
00000000
0001240D
00000000
0000ABB2
00000000
00000000
00000000
00000000
00000000
0001240D
00000000
0000ABB2
00000000
00000000
00000000
00000000
00000000
0001240D
00000000
0000ABB2
00000000
00000000
00000000
00000000
00000000
0001240D
00000000
0000ABB2
00000000
00000000
00000000
00000000
00000000
0001240D
00000000
0000ABB2
00000000
00000000
00000000
00000000
00000000
0001240D
00000000
0000ABB2
00000000
00000000
00000000
00000000
00000000
0001240D
00000000
0000ABB2
00000000
00000000
00000000
00000000
00000000
0001240D
00000000
0000ABB2
00000000
00000000
00000000
00000000
00000000
0001240D
00000000
0000ABB2
00000000
00000000
00000000
00000000
00000000
0001240D
00000000
0000ABB2
00000000
00000000
00000000
00000000
00000000
0001240D
00000000
0000ABB2
00000000
00000000
00000000
00000000
00000000
0001240D
00000000
0000ABB2
00000000
00000000
00000000
00000000
00000000
0001240D
00000000
0000ABB2
00000000
00000000
00000000
00000000
00000000
0001240D
00000000
0000ABB2
00000000
00000000
00000000
00000000
00000000
0001240D
00000000
0000ABB2
00000000
00000000
00000000
00000000
00000000
0001240D
00000000
0000ABB2
00000000
00000000
00000000
00000000
00000000
0001240D
00000000
0000ABB2
00000000
00000000
00000000
00000000
00000000
0001240D
00000000
0000ABB2
00000000
00000000
00000000
00000000
00000000
0001240D
00000000
0000ABB2
00000000
00000000
00000000
00000000
00000000
0001240D
00000000
0000ABB2
00000000
00000000
00000000
00000000
00000000
0001240D
00000000
0000ABB2
00000000
00000000
00000000
00000000
00000000
0001240D
00000000
0000ABB2
00000000
00000000
00000000
00000000
00000000
0001240D
00000000
0000ABB2
00000000
00000000
00000000
00000000
00000000
0001240D
00000000
0000ABB2
00000000
00000000
00000000
00000000
00000000
0001240D
00000000
0000ABB2
00000000
00000000
00000000
00000000
00000000
0001240D
00000000
0000ABB2
00000000
00000000
00000000
00000000
00000000
0001240D
00000000
0000ABB2
00000000
00000000
00000000
00000000
00000000
0001240D
00000000
0000ABB2
00000000
00000000
00000000
00000000
00000000
0001240D
00000000
0000ABB2
00000000
00000000
00000000
00000000
00000000
0001240D
00000000
0000ABB2
00000000
00000000
00000000
00000000
00000000
0001240D
00000000
0000ABB2
00000000
00000000
00000000
00000000
00000000
0001240D
00000000
0000ABB2
00000000
00000000
00000000
00000000
00000000
0001240D
00000000
0000ABB2
00000000
00000000
00000000
00000000
00000000
0001240D
00000000
0000ABB2
00000000
00000000
00000000
00000000
00000000
0001240D
00000000
0000ABB2
00000000
00000000
00000000
00000000
00000000
0001240D
00000000
0000ABB2
00000000
00000000
00000000
00000000
00000000
0001240D
00000000
0000ABB2
00000000
00000000
00000000
00000000
00000000
0001240D
00000000
0000ABB2
00000000
00000000
00000000
00000000
00000000
0001240D
00000000
0000ABB2
00000000
00000000
00000000
00000000
00000000
0001240D
00000000
0000ABB2
00000000
00000000
00000000
00000000
00000000
0001240D
00000000
0000ABB2
00000000
00000000
00000000
00000000
00000000
0001240D
00000000
0000ABB2
00000000
00000000
00000000
00000000
00000000
0001240D
00000000
0000ABB2
00000000
00000000
00000000
00000000
00000000
0001240D
00000000
0000ABB2
00000000
00000000
00000000
00000000
00000000
0001240D
00000000
0000ABB2
00000000
00000000
00000000
00000000
00000000
0001240D
00000000
0000ABB2
00000000
00000000
00000000
00000000
00000000
0001240D
00000000
0000ABB2
00000000
00000000
00000000
00000000
00000000
0001240D
00000000
0000ABB2
00000000
00000000
00000000
00000000
00000000
0001240D
00000000
0000ABB2
00000000
00000000
00000000
00000000
00000000
0001240D
00000000
0000ABB2
00000000
00000000
00000000
00000000
00000000
0001240D
00000000
0000ABB2
00000000
00000000
00000000
00000000
00000000
0001240D
00000000
0000ABB2
00000000
00000000
00000000
00000000
00000000
0001240D
00000000
0000ABB2
00000000
00000000
00000000
00000000
00000000
0001240D
00000000
0000ABB2
00000000
00000000
00000000
00000000
00000000
0001240D
00000000
0000ABB2
00000000
00000000
00000000
00000000
00000000
0001240D
00000000
0000ABB2
00000000
00000000
00000000
00000000
00000000
0001240D
00000000
0000ABB2
00000000
00000000
00000000
00000000
00000000
0001240D
00000000
0000ABB2
00000000
00000000
00000000
00000000
00000000
0001240D
00000000
0000ABB2
00000000
00000000
00000000
00000000
00000000
0001240D
00000000
0000ABB2
00000000
00000000
00000000
00000000
00000000
0001240D
00000000
0000ABB2
00000000
00000000
00000000
00000000
00000000
0001240D
00000000
0000ABB2
00000000
00000000
00000000
00000000
00000000
0001240D
00000000
0000ABB2
00000000
00000000
00000000
00000000
00000000
0001240D
00000000
0000ABB2
00000000
00000000
00000000
00000000
00000000
0001240D
00000000
