timestep,neuron_index
100,2835
100,3123
100,3322
100,3526
100,3579
100,3675
100,3688
100,3858
100,3861
100,3863
100,3869
100,3883
100,3939
100,3965
100,4007
100,4021
100,4023
100,4034
100,4042
100,4052
100,4058
100,4065
100,4072
100,4093
100,4096
100,4106
100,4107
100,4109
100,4117
100,4128
100,4139
100,4164
100,4167
100,4175
100,4177
100,4181
100,4182
100,4200
100,4201
100,4204
100,4209
100,4213
100,4217
100,4220
100,4224
100,4229
100,4231
100,4233
100,4234
100,4235
100,4238
100,4244
100,4245
100,4326
100,4522
100,4641
100,4666
100,4710
100,4746
100,4810
100,4843
100,4844
100,5051
100,5215
100,5223
100,5230
100,5250
100,5251
100,5253
100,5313
100,5327
100,6210
100,6213
100,6215
100,6222
100,6225
100,6226
100,6231
100,6235
100,6240
100,6252
100,6253
100,6256
100,6257
100,6258
100,6263
100,6264
100,6267
100,6268
100,6271
100,6273
100,6274
100,6275
101,1
101,13
101,48
101,54
101,65
101,109
101,111
101,117
101,169
101,184
101,222
101,261
101,312
101,317
101,319
101,328
101,338
101,341
101,382
101,403
101,414
101,415
101,442
101,452
101,453
101,506
101,522
101,558
101,561
101,567
101,591
101,622
101,625
101,632
101,656
101,664
101,697
101,716
101,725
101,757
101,765
101,781
101,791
101,842
101,851
101,905
101,942
101,981
101,1024
101,1070
101,1085
101,1165
101,1205
101,1213
101,1216
101,1256
101,1318
101,1449
101,1459
101,1496
101,1532
101,1569
101,1617
101,1628
101,1690
101,1725
101,1726
101,1818
101,1865
101,1886
101,1894
101,1913
101,2006
101,2053
101,2067
101,2071
101,2115
101,2121
101,2162
101,2222
101,2245
101,2251
101,2284
101,2286
101,2315
101,2330
101,2386
101,2547
101,2805
101,2836
101,2859
101,2860
101,2864
101,2901
101,2992
101,3045
101,3066
101,3422
101,3584
101,3810
101,3815
101,3930
101,4169
101,4189
101,4247
101,4265
101,4280
101,4290
101,4306
101,4309
101,4315
101,4363
101,4377
101,4398
101,4438
101,4511
101,4518
101,4549
101,4550
101,4579
101,4611
101,4651
101,4665
101,4744
101,4789
101,4842
101,4852
101,4853
101,4920
101,4921
101,4959
101,5034
101,5082
101,5165
101,5203
101,5282
101,5290
101,5294
102,3
102,4
102,6
102,7
102,29
102,59
102,62
102,63
102,77
102,87
102,101
102,115
102,118
102,120
102,122
102,124
102,132
102,147
102,155
102,156
102,158
102,161
102,172
102,173
102,176
102,218
102,251
102,281
102,290
102,301
102,310
102,330
102,366
102,371
102,381
102,406
102,433
102,436
102,456
102,459
102,460
102,477
102,485
102,486
102,502
102,507
102,560
102,563
102,572
102,586
102,610
102,629
102,644
102,665
102,704
102,714
102,743
102,787
102,788
102,792
102,808
102,817
102,830
102,852
102,858
102,894
102,917
102,959
102,972
102,994
102,1004
102,1012
102,1015
102,1025
102,1033
102,1132
102,1151
102,1160
102,1169
102,1183
102,1277
102,1281
102,1284
102,1291
102,1323
102,1335
102,1352
102,1358
102,1369
102,1388
102,1395
102,1397
102,1405
102,1454
102,1498
102,1518
102,1522
102,1555
102,1567
102,1589
102,1600
102,1618
102,1632
102,1655
102,1664
102,1670
102,1677
102,1680
102,1713
102,1719
102,1721
102,1742
102,1793
102,1812
102,1822
102,1824
102,1875
102,1885
102,1926
102,1932
102,1953
102,1974
102,1975
102,1979
102,1980
102,1993
102,1994
102,1997
102,2012
102,2021
102,2025
102,2040
102,2049
102,2052
102,2072
102,2084
102,2094
102,2116
102,2167
102,2173
102,2200
102,2235
102,2238
102,2261
102,2262
102,2276
102,2281
102,2307
102,2311
102,2335
102,2339
102,2347
102,2354
102,2379
102,2401
102,2421
102,2446
102,2448
102,2466
102,2502
102,2552
102,2561
102,2562
102,2564
102,2566
102,2572
102,2578
102,2607
102,2614
102,2637
102,2665
102,2688
102,2711
102,2736
102,2739
102,2870
102,2893
102,2903
102,2925
102,2931
102,2957
102,2964
102,3003
102,3048
102,3052
102,3121
102,3122
102,3145
102,3152
102,3165
102,3172
102,3174
102,3194
102,3221
102,3255
102,3271
102,3273
102,3291
102,3297
102,3311
102,3315
102,3328
102,3342
102,3354
102,3375
102,3387
102,3388
102,3435
102,3495
102,3542
102,3568
102,3576
102,3623
102,3628
102,3630
102,3641
102,3743
102,3798
102,3803
102,3814
102,3821
102,3829
102,3833
102,3851
102,3887
102,3895
102,3898
102,3940
102,3979
102,4022
102,4295
102,4310
102,4337
102,4347
102,4364
102,4382
102,4389
102,4392
102,4407
102,4408
102,4466
102,4478
102,4510
102,4523
102,4545
102,4567
102,4572
102,4586
102,4589
102,4596
102,4599
102,4625
102,4631
102,4638
102,4654
102,4661
102,4696
102,4712
102,4767
102,4801
102,4815
102,4846
102,4854
102,4876
102,4877
102,4892
102,4923
102,4943
102,4944
102,4964
102,4985
102,5017
102,5059
102,5136
102,5139
102,5158
102,5159
102,5204
102,5205
102,5206
102,5213
102,5260
102,5262
102,5275
102,5293
102,5346
102,5352
102,5355
102,5358
102,5370
102,5373
102,5387
102,5389
102,5395
102,5396
102,5406
102,5421
102,5423
102,5450
102,5463
102,5464
102,5487
102,5492
102,5493
102,5505
102,5518
102,5537
102,5561
102,5570
102,5584
102,5601
102,5689
102,5729
102,5770
102,5775
102,5841
102,6075
102,6103
102,6112
102,6122
102,6211
102,6219
103,8
103,12
103,18
103,24
103,26
103,27
103,33
103,36
103,39
103,45
103,53
103,58
103,72
103,73
103,75
103,78
103,79
103,80
103,83
103,89
103,90
103,94
103,97
103,100
103,102
103,103
103,104
103,107
103,119
103,131
103,136
103,140
103,146
103,148
103,150
103,152
103,153
103,167
103,170
103,175
103,179
103,185
103,186
103,187
103,197
103,203
103,205
103,208
103,223
103,231
103,236
103,238
103,243
103,245
103,248
103,252
103,256
103,271
103,275
103,309
103,326
103,345
103,347
103,351
103,357
103,358
103,360
103,362
103,376
103,377
103,380
103,385
103,392
103,395
103,402
103,410
103,419
103,422
103,423
103,424
103,428
103,434
103,435
103,444
103,448
103,462
103,470
103,478
103,479
103,482
103,488
103,490
103,491
103,501
103,509
103,515
103,517
103,521
103,528
103,529
103,536
103,539
103,545
103,547
103,549
103,556
103,578
103,582
103,585
103,592
103,599
103,600
103,606
103,608
103,637
103,654
103,666
103,673
103,679
103,683
103,687
103,699
103,701
103,706
103,722
103,738
103,748
103,750
103,751
103,759
103,764
103,770
103,771
103,773
103,776
103,793
103,799
103,800
103,802
103,809
103,811
103,820
103,824
103,827
103,828
103,835
103,843
103,844
103,856
103,877
103,895
103,896
103,898
103,906
103,923
103,927
103,932
103,940
103,946
103,966
103,977
103,979
103,989
103,1006
103,1014
103,1016
103,1023
103,1027
103,1050
103,1053
103,1056
103,1058
103,1076
103,1083
103,1090
103,1105
103,1108
103,1111
103,1123
103,1125
103,1126
103,1127
103,1131
103,1142
103,1173
103,1175
103,1177
103,1189
103,1196
103,1202
103,1207
103,1219
103,1237
103,1244
103,1247
103,1266
103,1274
103,1288
103,1303
103,1309
103,1321
103,1322
103,1327
103,1341
103,1344
103,1354
103,1368
103,1382
103,1420
103,1430
103,1435
103,1444
103,1470
103,1472
103,1478
103,1506
103,1507
103,1527
103,1539
103,1540
103,1541
103,1543
103,1551
103,1573
103,1579
103,1585
103,1597
103,1606
103,1610
103,1616
103,1620
103,1639
103,1657
103,1682
103,1685
103,1686
103,1692
103,1696
103,1698
103,1699
103,1714
103,1715
103,1720
103,1722
103,1724
103,1731
103,1757
103,1760
103,1769
103,1771
103,1781
103,1783
103,1785
103,1788
103,1791
103,1802
103,1803
103,1830
103,1831
103,1836
103,1848
103,1851
103,1857
103,1861
103,1866
103,1867
103,1869
103,1887
103,1891
103,1893
103,1895
103,1900
103,1906
103,1921
103,1922
103,1927
103,1939
103,1955
103,1969
103,1985
103,1989
103,2016
103,2023
103,2027
103,2029
103,2036
103,2041
103,2054
103,2064
103,2096
103,2097
103,2105
103,2119
103,2125
103,2131
103,2136
103,2137
103,2146
103,2148
103,2153
103,2157
103,2170
103,2179
103,2186
103,2187
103,2191
103,2193
103,2201
103,2203
103,2213
103,2243
103,2258
103,2269
103,2271
103,2272
103,2278
103,2283
103,2290
103,2293
103,2297
103,2298
103,2308
103,2324
103,2331
103,2336
103,2338
103,2367
103,2390
103,2392
103,2404
103,2405
103,2408
103,2415
103,2427
103,2435
103,2440
103,2441
103,2459
103,2460
103,2488
103,2494
103,2503
103,2510
103,2521
103,2526
103,2536
103,2537
103,2582
103,2587
103,2599
103,2603
103,2608
103,2619
103,2622
103,2660
103,2671
103,2682
103,2699
103,2706
103,2709
103,2715
103,2728
103,2746
103,2750
103,2753
103,2765
103,2778
103,2798
103,2823
103,2824
103,2826
103,2837
103,2852
103,2884
103,2911
103,2919
103,2929
103,2936
103,2963
103,2982
103,2991
103,2994
103,2999
103,3012
103,3031
103,3047
103,3065
103,3093
103,3094
103,3103
103,3134
103,3140
103,3175
103,3187
103,3225
103,3227
103,3230
103,3240
103,3242
103,3249
103,3251
103,3252
103,3259
103,3272
103,3274
103,3288
103,3293
103,3317
103,3350
103,3366
103,3414
103,3420
103,3472
103,3487
103,3498
103,3501
103,3544
103,3561
103,3562
103,3566
103,3575
103,3610
103,3625
103,3627
103,3636
103,3658
103,3677
103,3702
103,3741
103,3760
103,3787
103,3789
103,3812
103,3818
103,3826
103,3903
103,3926
103,3982
103,4057
103,4144
103,4147
103,4150
103,4228
103,4250
103,4261
103,4267
103,4286
103,4323
103,4333
103,4339
103,4344
103,4381
103,4402
103,4406
103,4409
103,4417
103,4429
103,4430
103,4431
103,4443
103,4454
103,4467
103,4485
103,4491
103,4513
103,4517
103,4538
103,4559
103,4564
103,4566
103,4569
103,4576
103,4608
103,4616
103,4617
103,4626
103,4632
103,4643
103,4645
103,4655
103,4664
103,4691
103,4692
103,4716
103,4720
103,4726
103,4755
103,4775
103,4781
103,4783
103,4787
103,4790
103,4819
103,4833
103,4836
103,4848
103,4851
103,4858
103,4903
103,4904
103,4906
103,4913
103,4916
103,4919
103,4926
103,4927
103,4939
103,4949
103,4956
103,4962
103,4965
103,4976
103,4977
103,4979
103,4980
103,4992
103,4994
103,4997
103,5001
103,5007
103,5020
103,5031
103,5038
103,5047
103,5052
103,5055
103,5057
103,5058
103,5061
103,5062
103,5063
103,5083
103,5088
103,5090
103,5105
103,5122
103,5123
103,5130
103,5140
103,5141
103,5161
103,5197
103,5200
103,5229
103,5276
103,5286
103,5287
103,5305
103,5325
103,5328
103,5338
103,5344
103,5353
103,5361
103,5371
103,5372
103,5380
103,5384
103,5393
103,5403
103,5405
103,5411
103,5415
103,5420
103,5427
103,5429
103,5432
103,5440
103,5455
103,5466
103,5479
103,5482
103,5499
103,5508
103,5513
103,5514
103,5516
103,5519
103,5535
103,5536
103,5539
103,5542
103,5550
103,5555
103,5557
103,5562
103,5587
103,5604
103,5605
103,5607
103,5608
103,5614
103,5624
103,5627
103,5632
103,5633
103,5634
103,5643
103,5647
103,5650
103,5675
103,5694
103,5720
103,5766
103,5774
103,5801
103,5804
103,5809
103,5810
103,5830
103,5838
103,5866
103,5923
103,5955
103,6068
103,6070
103,6076
103,6080
103,6081
103,6100
103,6106
103,6109
103,6115
103,6127
103,6139
103,6144
103,6145
103,6173
103,6174
103,6187
103,6209
103,6224
103,6234
103,6237
103,6248
103,6266
104,1
104,9
104,10
104,14
104,17
104,21
104,30
104,31
104,35
104,41
104,42
104,48
104,49
104,50
104,52
104,56
104,71
104,82
104,88
104,108
104,109
104,110
104,121
104,126
104,129
104,138
104,139
104,143
104,144
104,145
104,160
104,162
104,163
104,165
104,178
104,190
104,196
104,199
104,201
104,215
104,219
104,220
104,235
104,246
104,258
104,259
104,260
104,265
104,277
104,279
104,280
104,285
104,288
104,297
104,300
104,303
104,307
104,324
104,331
104,334
104,349
104,352
104,353
104,355
104,370
104,374
104,383
104,390
104,391
104,393
104,398
104,401
104,407
104,409
104,413
104,420
104,421
104,445
104,464
104,468
104,475
104,493
104,496
104,499
104,510
104,511
104,532
104,548
104,580
104,597
104,598
104,604
104,617
104,638
104,641
104,642
104,653
104,661
104,663
104,667
104,680
104,681
104,684
104,686
104,690
104,700
104,703
104,723
104,724
104,730
104,752
104,753
104,758
104,760
104,763
104,768
104,795
104,806
104,823
104,832
104,840
104,850
104,860
104,864
104,865
104,866
104,868
104,873
104,900
104,901
104,925
104,937
104,943
104,948
104,949
104,963
104,976
104,988
104,992
104,995
104,1001
104,1026
104,1029
104,1032
104,1040
104,1078
104,1099
104,1112
104,1115
104,1118
104,1124
104,1129
104,1133
104,1150
104,1153
104,1155
104,1156
104,1161
104,1164
104,1166
104,1185
104,1190
104,1194
104,1197
104,1198
104,1204
104,1215
104,1221
104,1222
104,1231
104,1238
104,1245
104,1249
104,1250
104,1269
104,1276
104,1287
104,1290
104,1300
104,1330
104,1334
104,1345
104,1356
104,1363
104,1367
104,1374
104,1384
104,1389
104,1391
104,1401
104,1406
104,1414
104,1417
104,1434
104,1440
104,1445
104,1451
104,1458
104,1466
104,1473
104,1481
104,1483
104,1535
104,1537
104,1561
104,1570
104,1583
104,1586
104,1604
104,1630
104,1643
104,1663
104,1674
104,1679
104,1687
104,1693
104,1697
104,1702
104,1703
104,1707
104,1748
104,1749
104,1750
104,1754
104,1759
104,1774
104,1782
104,1787
104,1789
104,1794
104,1795
104,1809
104,1837
104,1842
104,1843
104,1847
104,1870
104,1871
104,1880
104,1884
104,1901
104,1907
104,1918
104,1928
104,1983
104,1990
104,1996
104,2008
104,2014
104,2033
104,2039
104,2044
104,2055
104,2057
104,2062
104,2066
104,2069
104,2079
104,2085
104,2090
104,2134
104,2141
104,2155
104,2156
104,2158
104,2161
104,2171
104,2185
104,2210
104,2218
104,2220
104,2226
104,2230
104,2233
104,2246
104,2248
104,2256
104,2259
104,2285
104,2292
104,2295
104,2322
104,2325
104,2334
104,2343
104,2368
104,2414
104,2419
104,2429
104,2456
104,2479
104,2489
104,2504
104,2512
104,2523
104,2529
104,2533
104,2553
104,2555
104,2567
104,2573
104,2588
104,2591
104,2593
104,2602
104,2612
104,2617
104,2630
104,2635
104,2642
104,2654
104,2690
104,2698
104,2707
104,2719
104,2727
104,2740
104,2761
104,2773
104,2785
104,2793
104,2797
104,2801
104,2844
104,2847
104,2866
104,2869
104,2878
104,2886
104,2888
104,2900
104,2920
104,2938
104,2947
104,2965
104,2971
104,2976
104,3001
104,3013
104,3023
104,3062
104,3079
104,3091
104,3110
104,3118
104,3130
104,3133
104,3163
104,3170
104,3206
104,3217
104,3229
104,3231
104,3244
104,3248
104,3253
104,3260
104,3270
104,3278
104,3306
104,3307
104,3327
104,3357
104,3370
104,3386
104,3399
104,3401
104,3406
104,3407
104,3417
104,3439
104,3494
104,3499
104,3517
104,3531
104,3537
104,3565
104,3570
104,3586
104,3611
104,3648
104,3649
104,3654
104,3664
104,3678
104,3691
104,3694
104,3696
104,3699
104,3706
104,3725
104,3731
104,3738
104,3759
104,3766
104,3767
104,3769
104,3771
104,3788
104,3792
104,3795
104,3799
104,3801
104,3819
104,3838
104,3880
104,3893
104,3897
104,3905
104,3911
104,3912
104,3923
104,3932
104,3962
104,3977
104,3992
104,4013
104,4030
104,4035
104,4037
104,4112
104,4115
104,4126
104,4133
104,4190
104,4215
104,4222
104,4226
104,4230
104,4247
104,4248
104,4279
104,4288
104,4301
104,4302
104,4304
104,4317
104,4318
104,4327
104,4329
104,4334
104,4336
104,4340
104,4341
104,4372
104,4374
104,4376
104,4415
104,4423
104,4433
104,4450
104,4452
104,4460
104,4472
104,4477
104,4490
104,4509
104,4547
104,4548
104,4562
104,4565
104,4573
104,4574
104,4577
104,4592
104,4598
104,4606
104,4609
104,4624
104,4629
104,4630
104,4637
104,4656
104,4658
104,4659
104,4672
104,4675
104,4676
104,4680
104,4683
104,4688
104,4698
104,4700
104,4702
104,4703
104,4704
104,4705
104,4711
104,4714
104,4722
104,4748
104,4753
104,4754
104,4760
104,4762
104,4765
104,4772
104,4785
104,4796
104,4805
104,4807
104,4818
104,4831
104,4838
104,4863
104,4865
104,4873
104,4890
104,4891
104,4895
104,4898
104,4918
104,4920
104,4925
104,4947
104,4948
104,4953
104,4955
104,4959
104,4972
104,4983
104,4987
104,4995
104,5029
104,5033
104,5037
104,5069
104,5082
104,5086
104,5092
104,5104
104,5106
104,5109
104,5111
104,5125
104,5132
104,5147
104,5156
104,5164
104,5174
104,5175
104,5180
104,5183
104,5185
104,5186
104,5187
104,5189
104,5196
104,5203
104,5212
104,5220
104,5225
104,5228
104,5269
104,5271
104,5280
104,5284
104,5298
104,5303
104,5330
104,5339
104,5343
104,5345
104,5349
104,5356
104,5369
104,5385
104,5402
104,5409
104,5428
104,5449
104,5470
104,5477
104,5480
104,5503
104,5506
104,5532
104,5544
104,5545
104,5554
104,5566
104,5590
104,5593
104,5596
104,5623
104,5626
104,5630
104,5637
104,5644
104,5671
104,5672
104,5691
104,5710
104,5791
104,5795
104,5824
104,5876
104,5882
104,5894
104,5898
104,5900
104,5936
104,6083
104,6111
104,6113
104,6114
104,6116
104,6123
104,6137
104,6163
104,6164
104,6181
104,6184
104,6217
104,6220
104,6249
105,5
105,6
105,16
105,28
105,29
105,34
105,59
105,63
105,66
105,68
105,69
105,77
105,92
105,93
105,99
105,113
105,118
105,127
105,128
105,130
105,132
105,147
105,155
105,158
105,218
105,227
105,257
105,272
105,294
105,296
105,313
105,325
105,327
105,366
105,367
105,368
105,372
105,379
105,381
105,396
105,411
105,412
105,426
105,430
105,431
105,440
105,453
105,471
105,485
105,500
105,512
105,541
105,564
105,588
105,593
105,621
105,639
105,670
105,677
105,691
105,731
105,761
105,772
105,801
105,804
105,808
105,813
105,814
105,885
105,886
105,910
105,933
105,934
105,951
105,955
105,962
105,967
105,972
105,975
105,1005
105,1013
105,1034
105,1047
105,1048
105,1052
105,1054
105,1055
105,1062
105,1073
105,1074
105,1094
105,1116
105,1158
105,1178
105,1187
105,1192
105,1199
105,1208
105,1210
105,1260
105,1262
105,1271
105,1283
105,1308
105,1326
105,1339
105,1352
105,1404
105,1412
105,1422
105,1431
105,1491
105,1492
105,1504
105,1544
105,1627
105,1634
105,1652
105,1813
105,1841
105,1910
105,1949
105,1960
105,1962
105,1978
105,2002
105,2012
105,2019
105,2077
105,2092
105,2110
105,2114
105,2122
105,2128
105,2164
105,2207
105,2273
105,2282
105,2312
105,2326
105,2355
105,2449
105,2524
105,2535
105,2610
105,2650
105,2659
105,2674
105,2686
105,2688
105,2714
105,2739
105,2766
105,2800
105,2804
105,2841
105,2862
105,2897
105,2930
105,2951
105,3003
105,3020
105,3072
105,3112
105,3147
105,3151
105,3161
105,3184
105,3186
105,3219
105,3254
105,3279
105,3299
105,3309
105,3325
105,3362
105,3388
105,3451
105,3493
105,3555
105,3574
105,3613
105,3631
105,3633
105,3674
105,3685
105,3687
105,3704
105,3764
105,3774
105,3785
105,3798
105,3814
105,3837
105,3931
105,4045
105,4048
105,4105
105,4118
105,4124
105,4130
105,4132
105,4155
105,4158
105,4210
105,4251
105,4263
105,4275
105,4278
105,4297
105,4312
105,4313
105,4322
105,4324
105,4349
105,4360
105,4364
105,4375
105,4391
105,4401
105,4404
105,4421
105,4486
105,4488
105,4493
105,4501
105,4506
105,4524
105,4525
105,4532
105,4581
105,4583
105,4595
105,4622
105,4649
105,4689
105,4696
105,4707
105,4758
105,4777
105,4820
105,4862
105,4914
105,4960
105,4973
105,5008
105,5043
105,5050
105,5076
105,5079
105,5095
105,5124
105,5159
105,5163
105,5167
105,5171
105,5201
105,5217
105,5221
105,5238
105,5259
105,5277
105,5289
105,5355
105,5370
105,5388
105,5397
105,5399
105,5400
105,5407
105,5413
105,5418
105,5419
105,5431
105,5433
105,5450
105,5463
105,5464
105,5468
105,5486
105,5491
105,5492
105,5493
105,5494
105,5518
105,5520
105,5522
105,5523
105,5525
105,5541
105,5552
105,5553
105,5559
105,5564
105,5570
105,5589
105,5649
105,5651
105,5670
105,5689
105,5692
105,5699
105,5701
105,5702
105,5709
105,5712
105,5717
105,5723
105,5724
105,5732
105,5733
105,5735
105,5738
105,5740
105,5750
105,5765
105,5768
105,5769
105,5770
105,5775
105,5777
105,5825
105,5851
105,5883
105,5902
105,5912
105,5959
105,5981
105,5992
105,6033
105,6038
105,6041
105,6055
105,6056
105,6057
105,6073
105,6085
105,6112
105,6117
105,6122
105,6154
105,6158
105,6207
105,6216
105,6218
105,6219
106,7
106,12
106,22
106,24
106,36
106,39
106,45
106,46
106,58
106,73
106,78
106,80
106,89
106,90
106,100
106,107
106,137
106,140
106,148
106,153
106,175
106,205
106,254
106,289
106,347
106,362
106,376
106,385
106,410
106,423
106,437
106,513
106,515
106,521
106,528
106,565
106,574
106,585
106,654
106,722
106,745
106,750
106,756
106,771
106,777
106,783
106,797
106,810
106,811
106,828
106,844
106,896
106,922
106,959
106,979
106,1053
106,1168
106,1274
106,1319
106,1336
106,1382
106,1383
106,1507
106,1606
106,1817
106,1850
106,1859
106,1893
106,1897
106,1927
106,2127
106,2146
106,2154
106,2179
106,2201
106,2203
106,2274
106,2298
106,2348
106,2405
106,2428
106,2436
106,2510
106,2538
106,2543
106,2643
106,2706
106,2850
106,2895
106,2919
106,3015
106,3249
106,3326
106,3373
106,3381
106,3389
106,3412
106,3525
106,3714
106,3715
106,3718
106,3719
106,3741
106,3903
106,3944
106,3958
106,4043
106,4102
106,4104
106,4137
106,4138
106,4207
106,4212
106,4216
106,4271
106,4291
106,4319
106,4332
106,4380
106,4406
106,4417
106,4459
106,4537
106,4538
106,4591
106,4643
106,4664
106,4735
106,4745
106,4752
106,4781
106,4790
106,4819
106,4828
106,4859
106,4904
106,4906
106,4927
106,4994
106,5005
106,5009
106,5129
106,5130
106,5148
106,5161
106,5255
106,5287
106,5322
106,5366
106,5368
106,5372
106,5383
106,5390
106,5395
106,5403
106,5415
106,5423
106,5429
106,5441
106,5455
106,5460
106,5467
106,5479
106,5482
106,5495
106,5499
106,5500
106,5512
106,5535
106,5536
106,5537
106,5550
106,5575
106,5601
106,5614
106,5632
106,5633
106,5635
106,5642
106,5655
106,5660
106,5664
106,5673
106,5694
106,5729
106,5731
106,5751
106,5766
106,5773
106,5801
106,5804
106,5810
106,5822
106,5866
106,5867
106,5870
106,5871
106,5874
106,5875
106,5945
106,5955
106,5963
106,5971
106,5984
106,6005
106,6011
106,6029
106,6050
106,6062
106,6070
106,6080
106,6100
106,6106
106,6110
106,6127
106,6139
106,6143
106,6144
106,6145
106,6150
106,6165
106,6168
106,6190
106,6209
106,6237
106,6246
106,6248
107,30
107,71
107,88
107,94
107,126
107,129
107,136
107,138
107,139
107,144
107,145
107,167
107,196
107,202
107,258
107,277
107,302
107,307
107,324
107,331
107,334
107,352
107,383
107,390
107,391
107,475
107,478
107,489
107,549
107,566
107,571
107,582
107,666
107,723
107,729
107,732
107,963
107,997
107,1129
107,1198
107,1535
107,1686
107,1749
107,1792
107,1831
107,1870
107,2086
107,2129
107,2292
107,2691
107,3036
107,3068
107,3420
107,3799
107,3819
107,3824
107,3893
107,3934
107,4044
107,4272
107,4294
107,4358
107,4460
107,4577
107,4594
107,4629
107,4656
107,4658
107,4741
107,4748
107,4760
107,4762
107,4808
107,4920
107,5092
107,5262
107,5380
107,5386
107,5393
107,5420
107,5432
107,5470
107,5519
107,5561
107,5604
107,5620
107,5744
107,5767
107,5824
107,5838
107,5841
107,5855
107,5890
107,5942
107,5985
107,6022
107,6183
108,28
108,33
108,66
108,128
108,189
108,200
108,203
108,213
108,216
108,218
108,265
108,286
108,300
108,350
108,366
108,381
108,396
108,401
108,412
108,471
108,520
108,540
108,548
108,639
108,676
108,860
108,865
108,885
108,933
108,1047
108,1078
108,1116
108,1187
108,1391
108,1397
108,1417
108,1492
108,1566
108,1777
108,2739
108,3079
108,3809
108,4251
108,4311
108,4581
108,4702
108,4712
108,4719
108,4753
108,4754
108,4865
108,4914
108,5225
108,5234
108,5284
108,5399
108,5480
108,6234
109,59
109,69
109,78
109,107
109,108
109,140
109,254
109,272
109,325
109,367
109,372
109,430
109,431
109,437
109,705
109,741
109,814
109,967
109,1003
109,1013
109,1274
109,1962
109,2077
109,2555
109,2686
109,2706
109,2919
109,3186
109,3219
109,3451
109,3452
109,3589
109,3704
109,3775
109,3797
109,4313
109,4324
109,4421
109,4624
109,4869
109,4994
109,5054
109,5110
109,5167
109,5383
109,5390
109,5418
109,5419
109,5423
109,5455
109,5466
109,5479
109,5491
109,5493
109,5523
109,5541
109,5559
109,5589
109,5627
109,5664
109,5699
109,5765
109,5769
109,5894
109,5977
109,6080
109,6143
109,6145
109,6247
110,36
110,41
110,88
110,89
110,126
110,153
110,230
110,359
110,398
110,410
110,475
110,564
110,565
110,574
110,681
110,722
110,1945
110,2179
110,2306
110,3237
110,3934
110,4043
110,4104
110,4137
110,4138
110,4155
110,4158
110,4210
110,4272
110,4349
110,4364
110,4538
110,4819
110,5201
110,5372
110,5424
110,5441
110,5460
110,5512
110,5535
110,5572
110,5635
110,5712
110,5717
110,5822
110,5875
110,5971
110,5987
110,6037
110,6106
110,6117
110,6190
111,71
111,94
111,165
111,213
111,300
111,409
111,412
111,471
111,683
111,700
111,959
111,1215
111,2064
111,2740
111,3395
111,3501
111,4962
111,5420
111,5536
111,5552
111,5702
111,5744
111,5751
111,5767
111,6114
111,6234
112,144
112,453
112,768
112,1274
112,1345
112,2128
112,5510
112,5566
112,5570
112,5637
112,5791
112,6219
113,28
113,401
113,548
113,810
113,1078
113,2919
113,3656
114,16
114,94
114,108
114,352
114,367
114,372
114,431
114,437
114,565
114,571
114,941
114,1013
114,1540
114,1792
114,1830
114,2706
114,4251
114,4272
114,4294
114,4624
114,4656
114,4808
114,5093
114,5870
115,213
115,520
115,540
115,1083
115,1468
115,1566
115,3068
115,3934
115,4275
115,4702
115,5095
116,398
116,580
116,759
116,799
116,2555
116,5110
116,5399
116,5491
116,5589
116,6117
117,2077
117,5455
118,89
118,90
118,574
118,2201
118,5136
118,6106
135,2835
135,3123
135,3322
135,3526
135,3579
135,3675
135,3688
135,3861
135,3863
135,3869
135,3939
135,3965
135,4007
135,4021
135,4034
135,4042
135,4058
135,4065
135,4072
135,4093
135,4096
135,4106
135,4107
135,4109
135,4117
135,4128
135,4139
135,4164
135,4167
135,4175
135,4177
135,4181
135,4182
135,4200
135,4204
135,4209
135,4213
135,4217
135,4220
135,4224
135,4229
135,4231
135,4233
135,4234
135,4235
135,4238
135,4244
135,4245
135,4326
135,4522
135,4641
135,4710
135,4746
135,4810
135,4844
135,5051
135,5215
135,5223
135,5230
135,5250
135,5251
135,5253
135,5327
135,6210
135,6213
135,6215
135,6222
135,6225
135,6226
135,6231
135,6235
135,6240
135,6252
135,6253
135,6257
135,6258
135,6263
135,6264
135,6267
135,6268
135,6271
135,6273
135,6274
135,6275
136,1
136,54
136,65
136,109
136,111
136,169
136,184
136,222
136,261
136,312
136,317
136,319
136,328
136,338
136,382
136,415
136,442
136,452
136,453
136,506
136,522
136,558
136,561
136,567
136,591
136,622
136,625
136,656
136,664
136,716
136,725
136,757
136,765
136,791
136,842
136,851
136,905
136,942
136,981
136,1024
136,1070
136,1165
136,1205
136,1213
136,1256
136,1318
136,1449
136,1459
136,1532
136,1617
136,1628
136,1690
136,1726
136,1818
136,1865
136,1894
136,2006
136,2053
136,2067
136,2071
136,2121
136,2162
136,2222
136,2251
136,2286
136,2330
136,2386
136,2547
136,2805
136,2836
136,2859
136,2860
136,2864
136,2992
136,3045
136,3066
136,3422
136,3858
136,3883
136,4023
136,4052
136,4169
136,4189
136,4201
136,4247
136,4265
136,4280
136,4290
136,4306
136,4309
136,4315
136,4363
136,4377
136,4511
136,4550
136,4579
136,4665
136,4666
136,4744
136,4843
136,4852
136,4853
136,4920
136,4921
136,4959
136,5082
136,5165
136,5203
136,5282
136,5294
136,5313
136,6256
137,3
137,4
137,7
137,24
137,29
137,48
137,59
137,77
137,87
137,115
137,147
137,155
137,172
137,203
137,204
137,218
137,251
137,281
137,310
137,366
137,381
137,395
137,403
137,406
137,423
137,436
137,460
137,477
137,486
137,560
137,563
137,572
137,586
137,629
137,632
137,644
137,665
137,704
137,781
137,788
137,817
137,830
137,852
137,858
137,894
137,917
137,972
137,994
137,1004
137,1015
137,1335
137,1352
137,1358
137,1369
137,1388
137,1395
137,1397
137,1446
137,1496
137,1518
137,1522
137,1567
137,1589
137,1618
137,1664
137,1670
137,1677
137,1680
137,1713
137,1721
137,1725
137,1793
137,1812
137,1822
137,1875
137,1885
137,1913
137,1926
137,1932
137,1946
137,1974
137,1979
137,1980
137,1997
137,2021
137,2025
137,2040
137,2049
137,2072
137,2084
137,2094
137,2116
137,2167
137,2200
137,2238
137,2245
137,2262
137,2276
137,2281
137,2307
137,2311
137,2339
137,2344
137,2371
137,2379
137,2401
137,2421
137,2448
137,2466
137,2562
137,2566
137,2572
137,2578
137,2607
137,2637
137,2665
137,2711
137,2925
137,2957
137,3052
137,3121
137,3145
137,3152
137,3172
137,3174
137,3221
137,3255
137,3271
137,3273
137,3291
137,3297
137,3315
137,3328
137,3342
137,3354
137,3387
137,3562
137,3576
137,3623
137,3630
137,3641
137,3803
137,3810
137,3814
137,3829
137,3833
137,3887
137,3895
137,3898
137,3979
137,4022
137,4337
137,4364
137,4382
137,4389
137,4392
137,4398
137,4407
137,4466
137,4510
137,4518
137,4523
137,4572
137,4586
137,4589
137,4596
137,4625
137,4631
137,4654
137,4767
137,4801
137,4815
137,4854
137,4876
137,4877
137,4943
137,4944
137,4964
137,5059
137,5100
137,5136
137,5139
137,5158
137,5159
137,5204
137,5205
137,5206
137,5260
137,5293
137,5346
137,5352
137,5358
137,5395
137,5463
137,5464
137,5487
137,5505
137,5537
137,5561
137,5689
137,5729
137,5770
137,5775
137,6075
137,6103
137,6211
138,33
138,39
138,45
138,62
138,63
138,74
138,84
138,89
138,90
138,101
138,103
138,107
138,113
138,117
138,118
138,132
138,136
138,146
138,148
138,156
138,158
138,161
138,167
138,173
138,186
138,196
138,256
138,330
138,351
138,362
138,376
138,392
138,424
138,433
138,434
138,435
138,459
138,462
138,470
138,488
138,491
138,509
138,521
138,549
138,585
138,592
138,608
138,610
138,699
138,714
138,722
138,750
138,751
138,768
138,863
138,923
138,946
138,966
138,979
138,1012
138,1033
138,1058
138,1076
138,1090
138,1111
138,1127
138,1142
138,1160
138,1175
138,1281
138,1300
138,1323
138,1541
138,1543
138,1551
138,1597
138,1606
138,1616
138,1685
138,1692
138,1698
138,1720
138,1866
138,1869
138,1887
138,1893
138,1895
138,1921
138,1927
138,1975
138,1993
138,1994
138,2016
138,2023
138,2041
138,2054
138,2146
138,2173
138,2186
138,2187
138,2193
138,2203
138,2261
138,2269
138,2283
138,2324
138,2336
138,2338
138,2390
138,2451
138,2460
138,2503
138,2521
138,2552
138,2582
138,2587
138,2660
138,2699
138,2728
138,2837
138,2919
138,2936
138,2982
138,2991
138,2999
138,3003
138,3036
138,3094
138,3140
138,3187
138,3252
138,3350
138,3501
138,3621
138,3628
138,3636
138,3798
138,3903
138,3982
138,4144
138,4339
138,4347
138,4406
138,4454
138,4467
138,4617
138,4696
138,4712
138,4720
138,4726
138,4838
138,4858
138,4892
138,4906
138,4916
138,4923
138,4926
138,4939
138,4960
138,4976
138,4977
138,4992
138,4994
138,5047
138,5083
138,5105
138,5123
138,5130
138,5276
138,5355
138,5361
138,5403
138,5420
138,5466
138,5493
138,5499
138,5518
138,5519
138,5536
138,5555
138,5570
138,5647
138,5774
138,6070
138,6081
138,6112
138,6122
138,6173
138,6209
138,6219
138,6237
138,6266
139,6
139,30
139,41
139,73
139,78
139,94
139,97
139,109
139,131
139,138
139,140
139,165
139,170
139,187
139,190
139,197
139,199
139,205
139,235
139,252
139,260
139,271
139,307
139,313
139,331
139,349
139,357
139,391
139,409
139,413
139,422
139,428
139,490
139,501
139,531
139,536
139,539
139,573
139,666
139,673
139,684
139,703
139,738
139,743
139,759
139,793
139,799
139,811
139,868
139,906
139,927
139,932
139,937
139,949
139,988
139,1014
139,1050
139,1053
139,1083
139,1105
139,1123
139,1126
139,1144
139,1156
139,1185
139,1196
139,1197
139,1204
139,1207
139,1219
139,1231
139,1247
139,1266
139,1274
139,1276
139,1321
139,1341
139,1420
139,1458
139,1473
139,1498
139,1507
139,1539
139,1540
139,1570
139,1583
139,1600
139,1682
139,1693
139,1696
139,1699
139,1714
139,1715
139,1731
139,1749
139,1760
139,1783
139,1787
139,1788
139,1795
139,1802
139,1813
139,1828
139,1830
139,1836
139,1837
139,1867
139,1870
139,1884
139,1900
139,1906
139,1918
139,1928
139,1955
139,2008
139,2014
139,2027
139,2029
139,2057
139,2064
139,2085
139,2097
139,2105
139,2119
139,2125
139,2148
139,2153
139,2179
139,2185
139,2248
139,2258
139,2272
139,2290
139,2297
139,2331
139,2341
139,2404
139,2427
139,2440
139,2494
139,2510
139,2512
139,2544
139,2553
139,2603
139,2642
139,2654
139,2706
139,2727
139,2739
139,2750
139,2824
139,2847
139,2852
139,2869
139,2947
139,2963
139,2965
139,2971
139,3062
139,3091
139,3163
139,3230
139,3249
139,3251
139,3278
139,3293
139,3388
139,3420
139,3498
139,3537
139,3544
139,3610
139,3649
139,3664
139,3687
139,3699
139,3731
139,3771
139,3788
139,3792
139,3801
139,3880
139,3940
139,4216
139,4228
139,4247
139,4261
139,4266
139,4267
139,4286
139,4288
139,4317
139,4329
139,4333
139,4336
139,4341
139,4431
139,4433
139,4509
139,4538
139,4548
139,4559
139,4564
139,4569
139,4576
139,4577
139,4616
139,4632
139,4645
139,4655
139,4664
139,4672
139,4683
139,4692
139,4698
139,4700
139,4704
139,4772
139,4775
139,4805
139,4807
139,4819
139,4833
139,4836
139,4855
139,4919
139,4959
139,4962
139,4965
139,5008
139,5033
139,5037
139,5052
139,5061
139,5086
139,5090
139,5111
139,5186
139,5187
139,5197
139,5262
139,5371
139,5428
139,5449
139,5470
139,5510
139,5513
139,5566
139,5587
139,5596
139,5605
139,5608
139,5650
139,5791
139,5824
139,5838
139,5841
139,5900
139,6109
139,6113
139,6137
139,6164
139,6234
140,10
140,18
140,21
140,24
140,29
140,36
140,50
140,53
140,56
140,59
140,66
140,68
140,70
140,71
140,88
140,100
140,108
140,128
140,201
140,203
140,209
140,219
140,246
140,259
140,265
140,277
140,297
140,300
140,324
140,326
140,334
140,345
140,352
140,353
140,359
140,366
140,368
140,390
140,393
140,407
140,420
140,464
140,475
140,479
140,485
140,496
140,515
140,517
140,528
140,548
140,564
140,575
140,580
140,582
140,599
140,606
140,638
140,654
140,663
140,671
140,680
140,682
140,686
140,690
140,723
140,730
140,753
140,758
140,760
140,763
140,806
140,808
140,823
140,832
140,835
140,860
140,865
140,934
140,943
140,948
140,976
140,989
140,1001
140,1026
140,1047
140,1052
140,1054
140,1055
140,1129
140,1166
140,1168
140,1173
140,1199
140,1287
140,1290
140,1308
140,1326
140,1334
140,1345
140,1356
140,1367
140,1382
140,1384
140,1391
140,1397
140,1413
140,1417
140,1470
140,1506
140,1535
140,1537
140,1561
140,1586
140,1639
140,1667
140,1686
140,1773
140,1784
140,1786
140,1843
140,1871
140,1958
140,1983
140,2033
140,2062
140,2114
140,2128
140,2136
140,2158
140,2170
140,2220
140,2256
140,2312
140,2314
140,2325
140,2368
140,2429
140,2441
140,2456
140,2479
140,2482
140,2489
140,2555
140,2567
140,2573
140,2630
140,2635
140,2674
140,2740
140,2761
140,2773
140,2785
140,2793
140,2798
140,2800
140,2804
140,2844
140,2862
140,2866
140,2878
140,2938
140,2945
140,2951
140,3001
140,3079
140,3110
140,3147
140,3170
140,3217
140,3231
140,3244
140,3248
140,3260
140,3299
140,3399
140,3439
140,3494
140,3531
140,3555
140,3565
140,3570
140,3611
140,3613
140,3631
140,3648
140,3694
140,3696
140,3702
140,3738
140,3769
140,3795
140,3893
140,3912
140,3962
140,4035
140,4037
140,4126
140,4230
140,4248
140,4301
140,4304
140,4318
140,4340
140,4364
140,4372
140,4380
140,4391
140,4417
140,4423
140,4488
140,4573
140,4592
140,4606
140,4624
140,4629
140,4643
140,4659
140,4680
140,4688
140,4703
140,4711
140,4722
140,4754
140,4762
140,4790
140,4840
140,4863
140,4904
140,4925
140,4947
140,4955
140,4987
140,5029
140,5039
140,5069
140,5106
140,5125
140,5132
140,5156
140,5159
140,5174
140,5196
140,5212
140,5220
140,5236
140,5259
140,5269
140,5284
140,5287
140,5298
140,5328
140,5339
140,5349
140,5374
140,5429
140,5455
140,5463
140,5464
140,5467
140,5479
140,5480
140,5495
140,5506
140,5507
140,5535
140,5537
140,5539
140,5544
140,5550
140,5554
140,5562
140,5584
140,5614
140,5633
140,5637
140,5642
140,5644
140,5671
140,5689
140,5702
140,5766
140,5770
140,5775
140,5777
140,5801
140,5804
140,5810
140,5866
140,5912
140,5955
140,6068
140,6080
140,6106
140,6116
140,6121
140,6127
140,6139
140,6144
140,6145
140,6150
140,6220
141,7
141,17
141,33
141,48
141,49
141,63
141,89
141,90
141,104
141,118
141,126
141,129
141,132
141,153
141,158
141,196
141,218
141,234
141,285
141,347
141,355
141,376
141,379
141,398
141,412
141,445
141,471
141,478
141,488
141,492
141,505
141,511
141,520
141,521
141,540
141,557
141,597
141,612
141,642
141,691
141,701
141,724
141,732
141,748
141,770
141,772
141,801
141,813
141,829
141,933
141,955
141,962
141,963
141,975
141,995
141,1040
141,1045
141,1073
141,1116
141,1187
141,1192
141,1260
141,1263
141,1300
141,1319
141,1339
141,1396
141,1422
141,1596
141,1627
141,1697
141,1716
141,1748
141,1794
141,1817
141,1827
141,1833
141,1850
141,1962
141,1990
141,1996
141,2077
141,2161
141,2164
141,2233
141,2449
141,2538
141,2616
141,2659
141,2686
141,2766
141,2919
141,3000
141,3020
141,3036
141,3161
141,3187
141,3306
141,3362
141,3451
141,3501
141,3562
141,3654
141,3656
141,3704
141,3774
141,3785
141,3824
141,3931
141,4048
141,4105
141,4118
141,4124
141,4132
141,4137
141,4155
141,4158
141,4210
141,4275
141,4311
141,4312
141,4313
141,4324
141,4421
141,4439
141,4460
141,4501
141,4581
141,4595
141,4656
141,4689
141,4702
141,4760
141,4765
141,4781
141,4846
141,4859
141,4865
141,4866
141,4994
141,5050
141,5083
141,5092
141,5095
141,5104
141,5123
141,5167
141,5175
141,5201
141,5217
141,5225
141,5238
141,5280
141,5322
141,5325
141,5352
141,5366
141,5368
141,5399
141,5409
141,5413
141,5418
141,5419
141,5422
141,5433
141,5482
141,5491
141,5494
141,5522
141,5523
141,5541
141,5545
141,5559
141,5570
141,5589
141,5635
141,5647
141,5649
141,5664
141,5673
141,5692
141,5699
141,5701
141,5709
141,5710
141,5712
141,5717
141,5724
141,5732
141,5738
141,5740
141,5750
141,5751
141,5765
141,5768
141,5851
141,5894
141,6085
141,6111
141,6114
141,6117
141,6134
141,6143
141,6154
141,6158
141,6165
141,6219
141,6223
142,9
142,16
142,42
142,69
142,78
142,138
142,140
142,169
142,187
142,190
142,200
142,235
142,254
142,258
142,279
142,286
142,288
142,302
142,331
142,349
142,350
142,367
142,401
142,409
142,430
142,431
142,440
142,639
142,641
142,681
142,684
142,699
142,700
142,722
142,799
142,814
142,820
142,885
142,937
142,944
142,949
142,967
142,972
142,988
142,1013
142,1018
142,1078
142,1156
142,1194
142,1204
142,1245
142,1274
142,1383
142,1431
142,1507
142,1539
142,1764
142,1870
142,1893
142,1897
142,2051
142,2085
142,2097
142,2179
142,2201
142,2405
142,2504
142,2706
142,2852
142,2897
142,3003
142,3112
142,3219
142,3715
142,3799
142,4043
142,4045
142,4102
142,4104
142,4138
142,4240
142,4349
142,4431
142,4450
142,4538
142,4577
142,4658
142,4664
142,4676
142,4742
142,4748
142,4753
142,4777
142,4819
142,4881
142,4890
142,5043
142,5136
142,5185
142,5370
142,5383
142,5385
142,5386
142,5390
142,5400
142,5403
142,5441
142,5460
142,5470
142,5492
142,5493
142,5510
142,5512
142,5518
142,5519
142,5520
142,5548
142,5552
142,5561
142,5566
142,5601
142,5643
142,5651
142,5672
142,5691
142,5715
142,5769
142,5773
142,5791
142,5822
142,5824
142,5841
142,5871
142,5875
142,5890
142,5942
142,5945
142,5963
142,5971
142,5981
142,5987
142,6005
142,6022
142,6102
142,6112
142,6113
142,6122
142,6132
142,6137
142,6181
142,6190
142,6207
142,6209
142,6211
142,6216
142,6246
142,6248
143,30
143,66
143,73
143,88
143,99
143,108
143,128
143,165
143,205
143,220
143,352
143,372
143,390
143,420
143,437
143,475
143,564
143,565
143,599
143,705
143,759
143,1003
143,1052
143,1141
143,1173
143,1270
143,1352
143,1540
143,1541
143,1774
143,1813
143,1884
143,1949
143,1997
143,2131
143,2244
143,2306
143,2334
143,2535
143,2713
143,3133
143,3184
143,3186
143,3309
143,3452
143,3589
143,3775
143,3926
143,3962
143,4035
143,4230
143,4251
143,4272
143,4291
143,4331
143,4364
143,4624
143,4629
143,4632
143,4649
143,4754
143,4762
143,4836
143,4869
143,4972
143,5130
143,5420
143,5500
143,5535
143,5684
143,5702
143,5744
143,5767
143,5782
143,6080
144,24
144,29
144,36
144,67
144,153
144,213
144,230
144,355
144,392
144,410
144,479
144,485
144,782
144,810
144,830
144,926
144,1073
144,1101
144,1273
144,1402
144,1421
144,1606
144,1652
144,1753
144,2044
144,3395
144,3934
144,4044
144,4731
144,4741
144,5095
144,5234
144,5397
144,5432
144,5449
144,5494
144,5506
144,5544
144,5644
144,5689
144,6060
145,94
145,107
145,189
145,196
145,302
145,307
145,324
145,367
145,376
145,391
145,431
145,458
145,571
145,676
145,941
145,997
145,1317
145,1792
145,1800
145,2368
145,3744
145,4294
145,4656
145,4988
146,78
146,412
146,471
146,2555
146,3562
146,3694
146,4304
146,4808
146,4865
146,5399
146,6056
147,129
147,520
147,540
147,768
147,883
147,1345
147,2128
147,4251
147,4275
147,4702
148,200
148,315
148,364
148,639
148,799
148,2077
148,3589
148,4272
148,5480
148,5491
148,5541
148,5589
148,5894
149,69
149,230
149,398
149,1753
149,2306
149,3186
149,3219
149,3452
149,3775
149,3893
149,4349
149,4869
149,5455
149,6117
150,35
150,88
150,153
150,300
150,376
150,410
150,460
150,478
150,562
150,564
150,572
150,683
150,830
150,3395
150,3744
150,4364
150,4656
151,258
151,288
151,389
151,641
151,663
151,748
151,1777
151,4890
151,5232
152,1066
152,2306
152,3775
153,35
153,315
153,460
153,564
153,683
153,830
153,1229
153,3395
153,3452
153,3589
153,4997
154,14
154,121
154,230
154,340
154,1753
154,4731
154,4869
155,140
155,376
155,391
155,562
155,991
155,1210
155,1317
155,2368
155,3744
155,4656
155,4988
156,412
156,471
156,610
156,663
156,748
156,1029
156,1422
156,3501
156,3562
156,3694
156,4304
156,4865
156,4962
156,5069
156,5479
156,5702
156,5769
156,6114
156,6154
156,6158
156,6234
157,138
157,165
157,409
157,531
157,768
157,1204
157,1274
157,1345
157,1764
157,2128
157,4538
157,5403
157,5510
157,5566
157,5570
157,5637
157,5671
157,5791
157,6219
158,36
158,88
158,89
158,108
158,573
158,2405
158,3656
158,4364
158,4754
158,5426
159,78
159,140
170,2835
170,3123
170,3322
170,3526
170,3579
170,3675
170,3858
170,3861
170,3863
170,3869
170,3883
170,3939
170,3965
170,4007
170,4021
170,4023
170,4034
170,4042
170,4052
170,4058
170,4065
170,4072
170,4093
170,4096
170,4106
170,4107
170,4109
170,4117
170,4128
170,4139
170,4164
170,4167
170,4175
170,4177
170,4182
170,4200
170,4201
170,4204
170,4209
170,4213
170,4217
170,4220
170,4224
170,4229
170,4231
170,4233
170,4234
170,4235
170,4238
170,4244
170,4245
170,4326
170,4522
170,4641
170,4710
170,4746
170,4810
170,4843
170,4844
170,5051
170,5215
170,5223
170,5230
170,5250
170,5251
170,5253
170,5313
170,5327
170,6210
170,6213
170,6215
170,6222
170,6225
170,6226
170,6231
170,6235
170,6240
170,6252
170,6253
170,6256
170,6257
170,6258
170,6263
170,6264
170,6267
170,6268
170,6271
170,6273
170,6274
170,6275
171,29
171,54
171,65
171,109
171,111
171,169
171,184
171,222
171,261
171,312
171,317
171,319
171,328
171,338
171,382
171,414
171,415
171,442
171,452
171,453
171,506
171,522
171,558
171,561
171,567
171,591
171,622
171,656
171,664
171,716
171,725
171,757
171,765
171,781
171,791
171,842
171,851
171,905
171,942
171,981
171,1024
171,1070
171,1165
171,1205
171,1213
171,1256
171,1318
171,1449
171,1459
171,1496
171,1532
171,1617
171,1628
171,1690
171,1725
171,1726
171,1818
171,1865
171,1894
171,1913
171,2006
171,2053
171,2067
171,2071
171,2121
171,2162
171,2222
171,2245
171,2251
171,2286
171,2330
171,2386
171,2547
171,2805
171,2836
171,2859
171,2860
171,2864
171,2992
171,3045
171,3066
171,3422
171,3688
171,4169
171,4181
171,4189
171,4247
171,4265
171,4280
171,4290
171,4306
171,4309
171,4315
171,4363
171,4377
171,4511
171,4518
171,4549
171,4550
171,4579
171,4611
171,4665
171,4666
171,4744
171,4852
171,4853
171,4920
171,4921
171,4959
171,5082
171,5165
171,5203
171,5282
171,5290
171,5294
172,3
172,4
172,7
172,24
172,87
172,90
172,115
172,155
172,161
172,172
172,218
172,251
172,310
172,366
172,381
172,403
172,406
172,436
172,460
172,477
172,486
172,560
172,563
172,572
172,586
172,625
172,629
172,632
172,644
172,665
172,704
172,731
172,788
172,817
172,830
172,852
172,858
172,894
172,917
172,972
172,994
172,1004
172,1015
172,1033
172,1352
172,1358
172,1369
172,1388
172,1395
172,1397
172,1454
172,1491
172,1518
172,1522
172,1567
172,1589
172,1618
172,1664
172,1670
172,1677
172,1680
172,1713
172,1721
172,1793
172,1812
172,1822
172,1875
172,1885
172,1926
172,1932
172,1979
172,1980
172,1994
172,1997
172,2021
172,2040
172,2049
172,2072
172,2084
172,2094
172,2116
172,2167
172,2200
172,2238
172,2262
172,2276
172,2281
172,2307
172,2311
172,2335
172,2339
172,2367
172,2371
172,2379
172,2401
172,2421
172,2448
172,2466
172,2562
172,2566
172,2572
172,2578
172,2607
172,2637
172,2665
172,2691
172,2711
172,2893
172,2925
172,2957
172,3052
172,3121
172,3152
172,3172
172,3174
172,3194
172,3221
172,3255
172,3262
172,3271
172,3273
172,3291
172,3297
172,3315
172,3328
172,3342
172,3354
172,3412
172,3576
172,3623
172,3630
172,3641
172,3810
172,3814
172,3829
172,3833
172,3887
172,3895
172,3898
172,3979
172,4022
172,4337
172,4364
172,4382
172,4389
172,4392
172,4398
172,4407
172,4408
172,4466
172,4510
172,4523
172,4572
172,4586
172,4589
172,4596
172,4631
172,4654
172,4767
172,4801
172,4815
172,4854
172,4876
172,4877
172,4944
172,4964
172,5059
172,5136
172,5139
172,5158
172,5159
172,5204
172,5205
172,5206
172,5260
172,5293
172,5346
172,5352
172,5358
172,5395
172,5463
172,5464
172,5487
172,5505
172,5537
172,5689
172,5729
172,5770
172,5775
172,6075
172,6103
172,6211
173,33
173,39
173,59
173,62
173,63
173,74
173,77
173,84
173,89
173,97
173,101
173,103
173,136
173,146
173,147
173,156
173,167
173,186
173,196
173,203
173,205
173,236
173,252
173,271
173,281
173,330
173,351
173,357
173,362
173,376
173,392
173,423
173,424
173,433
173,434
173,459
173,462
173,470
173,488
173,509
173,549
173,582
173,585
173,592
173,599
173,608
173,610
173,699
173,714
173,751
173,863
173,895
173,923
173,966
173,1076
173,1090
173,1127
173,1142
173,1160
173,1207
173,1281
173,1291
173,1323
173,1435
173,1444
173,1541
173,1543
173,1551
173,1597
173,1606
173,1616
173,1685
173,1692
173,1698
173,1720
173,1769
173,1785
173,1803
173,1836
173,1866
173,1867
173,1869
173,1887
173,1893
173,1895
173,1921
173,1969
173,1975
173,1985
173,1993
173,2016
173,2023
173,2041
173,2173
173,2186
173,2193
173,2261
173,2269
173,2283
173,2324
173,2338
173,2390
173,2494
173,2503
173,2521
173,2526
173,2552
173,2582
173,2587
173,2660
173,2699
173,2728
173,2788
173,2837
173,2884
173,2907
173,2963
173,2982
173,2991
173,2999
173,3031
173,3140
173,3252
173,3317
173,3350
173,3501
173,3562
173,3628
173,3636
173,3706
173,3798
173,3982
173,4144
173,4339
173,4409
173,4443
173,4454
173,4467
173,4564
173,4617
173,4696
173,4712
173,4720
173,4726
173,4838
173,4858
173,4873
173,4892
173,4916
173,4923
173,4926
173,4939
173,4943
173,4960
173,4976
173,4977
173,4992
173,4994
173,5047
173,5057
173,5058
173,5063
173,5105
173,5152
173,5229
173,5259
173,5276
173,5344
173,5361
173,5371
173,5385
173,5420
173,5466
173,5499
173,5514
173,5519
173,5536
173,5555
173,5570
173,5774
173,6070
173,6100
173,6145
173,6173
173,6209
173,6219
173,6237
174,29
174,30
174,36
174,41
174,48
174,67
174,73
174,78
174,94
174,107
174,108
174,109
174,132
174,138
174,148
174,153
174,163
174,165
174,170
174,187
174,260
174,307
174,349
174,355
174,383
174,391
174,409
174,419
174,422
174,428
174,490
174,501
174,539
174,666
174,673
174,686
174,722
174,743
174,759
174,768
174,793
174,799
174,811
174,823
174,868
174,906
174,932
174,937
174,946
174,1001
174,1053
174,1099
174,1105
174,1126
174,1156
174,1166
174,1190
174,1196
174,1197
174,1204
174,1219
174,1247
174,1266
174,1273
174,1274
174,1276
174,1321
174,1341
174,1472
174,1473
174,1498
174,1506
174,1539
174,1561
174,1570
174,1583
174,1600
174,1682
174,1693
174,1696
174,1699
174,1714
174,1715
174,1731
174,1757
174,1760
174,1783
174,1787
174,1788
174,1802
174,1828
174,1830
174,1837
174,1861
174,1870
174,1900
174,1906
174,1927
174,1928
174,1955
174,2029
174,2097
174,2105
174,2119
174,2125
174,2148
174,2153
174,2185
174,2203
174,2258
174,2290
174,2297
174,2331
174,2341
174,2404
174,2427
174,2440
174,2495
174,2510
174,2533
174,2537
174,2553
174,2555
174,2603
174,2642
174,2654
174,2727
174,2773
174,2824
174,2936
174,2938
174,2965
174,2971
174,3003
174,3062
174,3091
174,3118
174,3187
174,3230
174,3278
174,3293
174,3498
174,3517
174,3544
174,3565
174,3649
174,3664
174,3699
174,3731
174,3771
174,3788
174,3792
174,3801
174,3822
174,3850
174,3880
174,3932
174,3940
174,4013
174,4035
174,4037
174,4215
174,4228
174,4247
174,4261
174,4267
174,4286
174,4317
174,4329
174,4333
174,4336
174,4341
174,4406
174,4433
174,4509
174,4548
174,4559
174,4569
174,4576
174,4616
174,4664
174,4672
174,4675
174,4683
174,4692
174,4698
174,4700
174,4703
174,4704
174,4711
174,4772
174,4805
174,4833
174,4836
174,4855
174,4859
174,4906
174,4919
174,4959
174,4965
174,5052
174,5055
174,5061
174,5090
174,5111
174,5123
174,5174
174,5186
174,5187
174,5197
174,5387
174,5403
174,5449
174,5506
174,5510
174,5532
174,5544
174,5566
174,5584
174,5587
174,5605
174,5608
174,5650
174,5710
174,5791
174,6076
174,6109
174,6116
174,6137
174,6164
174,6234
175,10
175,24
175,50
175,53
175,70
175,90
175,100
175,126
175,139
175,169
175,235
175,265
175,277
175,279
175,297
175,331
175,334
175,352
175,353
175,379
175,390
175,393
175,475
175,485
175,496
175,580
175,606
175,638
175,654
175,690
175,730
175,753
175,808
175,865
175,948
175,949
175,962
175,972
175,976
175,988
175,1014
175,1052
175,1054
175,1125
175,1129
175,1168
175,1185
175,1287
175,1290
175,1308
175,1317
175,1326
175,1334
175,1345
175,1356
175,1384
175,1417
175,1535
175,1540
175,1586
175,1639
175,1686
175,1716
175,1800
175,1843
175,1847
175,1857
175,1871
175,1983
175,2027
175,2062
175,2085
175,2136
175,2141
175,2142
175,2158
175,2220
175,2240
175,2314
175,2322
175,2325
175,2368
175,2429
175,2441
175,2567
175,2573
175,2630
175,2674
175,2707
175,2740
175,2761
175,2785
175,2793
175,2862
175,2878
175,2919
175,2947
175,2951
175,3001
175,3110
175,3217
175,3248
175,3251
175,3260
175,3299
175,3306
175,3399
175,3420
175,3439
175,3494
175,3531
175,3537
175,3570
175,3611
175,3648
175,3678
175,3694
175,3738
175,3795
175,3905
175,3912
175,3962
175,3997
175,4126
175,4216
175,4230
175,4250
175,4304
175,4318
175,4364
175,4372
175,4380
175,4431
175,4439
175,4460
175,4538
175,4573
175,4592
175,4606
175,4629
175,4645
175,4655
175,4659
175,4688
175,4689
175,4754
175,4762
175,4775
175,4807
175,4925
175,4955
175,4962
175,5029
175,5069
175,5106
175,5132
175,5212
175,5220
175,5269
175,5298
175,5339
175,5349
175,5352
175,5463
175,5464
175,5501
175,5507
175,5554
175,5593
175,5644
175,5647
175,5671
175,5684
175,5689
175,5775
175,5777
175,5804
175,5838
175,5841
175,5851
175,6220
176,17
176,21
176,25
176,33
176,56
176,68
176,71
176,72
176,75
176,129
176,196
176,199
176,203
176,230
176,252
176,285
176,286
176,300
176,350
176,366
176,376
176,398
176,412
176,420
176,464
176,471
176,478
176,479
176,511
176,515
176,517
176,557
176,691
176,724
176,772
176,801
176,813
176,864
176,933
176,963
176,1004
176,1040
176,1047
176,1073
176,1116
176,1187
176,1300
176,1391
176,1421
176,1422
176,1430
176,1448
176,1627
176,1697
176,1784
176,1794
176,1813
176,1817
176,2128
176,2179
176,2233
176,2237
176,2256
176,2405
176,2504
176,2610
176,2616
176,2659
176,2686
176,2706
176,2714
176,2800
176,2844
176,2930
176,3079
176,3147
176,3161
176,3231
176,3388
176,3501
176,3562
176,3613
176,3774
176,3785
176,3931
176,4048
176,4226
176,4246
176,4311
176,4312
176,4313
176,4595
176,4632
176,4680
176,4722
176,4865
176,4947
176,4988
176,5062
176,5167
176,5175
176,5185
176,5196
176,5201
176,5225
176,5280
176,5284
176,5325
176,5366
176,5385
176,5409
176,5422
176,5428
176,5431
176,5470
176,5479
176,5482
176,5494
176,5513
176,5552
176,5637
176,5665
176,5685
176,5701
176,5702
176,5729
176,5738
176,5751
176,5769
176,5824
176,5912
176,6114
176,6127
176,6154
176,6158
176,6223
177,9
177,35
177,41
177,42
177,63
177,69
177,73
177,78
177,88
177,89
177,99
177,138
177,140
177,153
177,170
177,178
177,200
177,217
177,218
177,254
177,258
177,288
177,349
177,367
177,401
177,409
177,430
177,431
177,440
177,500
177,548
177,597
177,639
177,641
177,674
177,681
177,760
177,768
177,811
177,814
177,820
177,967
177,1032
177,1053
177,1078
177,1150
177,1158
177,1173
177,1194
177,1204
177,1245
177,1263
177,1274
177,1319
177,1383
177,1397
177,1431
177,1507
177,1541
177,1596
177,1764
177,1850
177,1870
177,1949
177,2064
177,2079
177,2086
177,2129
177,2131
177,2334
177,2449
177,2635
177,2804
177,2846
177,2852
177,3184
177,3309
177,3633
177,3715
177,3822
177,3824
177,3932
177,4035
177,4105
177,4118
177,4124
177,4132
177,4137
177,4155
177,4158
177,4210
177,4301
177,4340
177,4391
177,4630
177,4649
177,4656
177,4658
177,4664
177,4702
177,4753
177,4777
177,4836
177,4890
177,4994
177,5043
177,5130
177,5361
177,5386
177,5400
177,5418
177,5419
177,5420
177,5433
177,5492
177,5500
177,5510
177,5522
177,5523
177,5526
177,5559
177,5566
177,5570
177,5633
177,5635
177,5649
177,5664
177,5670
177,5673
177,5692
177,5699
177,5709
177,5710
177,5712
177,5717
177,5724
177,5732
177,5740
177,5750
177,5765
177,5768
177,6085
177,6097
177,6116
177,6132
177,6143
177,6165
177,6207
177,6209
177,6219
178,16
178,59
178,100
178,108
178,128
178,132
178,213
178,265
178,271
178,277
178,352
178,372
178,390
178,426
178,475
178,496
178,564
178,565
178,599
178,748
178,810
178,937
178,1003
178,1013
178,1052
178,1066
178,1129
178,1156
178,1326
178,1358
178,1540
178,1606
178,1774
178,1893
178,2306
178,2510
178,2634
178,3452
178,3589
178,3656
178,3775
178,4043
178,4104
178,4138
178,4251
178,4272
178,4291
178,4364
178,4460
178,4538
178,4629
178,4762
178,4869
178,5092
178,5287
178,5375
178,5383
178,5390
178,5393
178,5397
178,5441
178,5449
178,5460
178,5506
178,5512
178,5544
178,5546
178,5553
178,5589
178,5590
178,5593
178,5689
178,5731
178,5782
178,5822
178,5871
178,5875
178,5945
178,5963
178,5971
178,5987
178,6005
178,6067
178,6082
178,6102
178,6117
178,6145
178,6151
178,6190
178,6246
179,24
179,29
179,67
179,71
179,94
179,230
179,355
179,479
179,485
179,571
179,724
179,782
179,783
179,830
179,865
179,1073
179,1101
179,1116
179,1187
179,1190
179,1421
179,1753
179,1792
179,1830
179,2077
179,3079
179,3395
179,3451
179,3685
179,3704
179,3934
179,4294
179,4324
179,4754
179,4808
179,4866
179,5535
179,5744
179,5751
179,5767
179,6080
180,88
180,129
180,196
180,398
180,520
180,1198
180,1402
180,1888
180,2019
180,2201
180,2233
180,3112
180,3744
180,4275
180,4656
180,4702
180,5095
181,200
181,364
181,639
181,3589
181,4731
182,14
182,69
182,121
182,230
182,340
182,991
182,1753
182,2306
182,3452
182,3775
182,4869
183,35
183,300
183,315
183,367
183,391
183,460
183,564
183,572
183,683
183,830
183,1029
183,1094
183,1210
183,1317
183,3395
183,3744
183,4246
183,4289
183,4656
183,4988
184,140
184,483
184,674
184,895
184,2616
184,3062
184,3632
184,5361
184,5474
184,5526
185,29
185,36
185,89
185,90
205,2835
205,3123
205,3322
205,3526
205,3579
205,3675
205,3688
205,3861
205,3863
205,3869
205,3939
205,3965
205,4007
205,4021
205,4034
205,4042
205,4058
205,4065
205,4072
205,4093
205,4096
205,4106
205,4107
205,4109
205,4117
205,4128
205,4139
205,4164
205,4167
205,4175
205,4177
205,4181
205,4182
205,4200
205,4201
205,4204
205,4209
205,4213
205,4217
205,4220
205,4224
205,4229
205,4231
205,4233
205,4234
205,4235
205,4238
205,4244
205,4245
205,4326
205,4522
205,4641
205,4666
205,4710
205,4746
205,4810
205,4843
205,4844
205,5051
205,5215
205,5223
205,5230
205,5250
205,5251
205,5253
205,5327
205,6210
205,6213
205,6215
205,6222
205,6225
205,6226
205,6231
205,6235
205,6240
205,6252
205,6253
205,6257
205,6258
205,6263
205,6264
205,6267
205,6268
205,6271
205,6273
205,6274
205,6275
206,54
206,65
206,109
206,111
206,169
206,184
206,222
206,261
206,312
206,317
206,319
206,328
206,338
206,382
206,403
206,415
206,442
206,452
206,453
206,506
206,522
206,561
206,567
206,591
206,622
206,625
206,656
206,664
206,716
206,725
206,757
206,765
206,781
206,791
206,842
206,851
206,905
206,942
206,981
206,1024
206,1070
206,1085
206,1165
206,1205
206,1213
206,1256
206,1318
206,1352
206,1449
206,1459
206,1496
206,1532
206,1569
206,1617
206,1628
206,1690
206,1726
206,1818
206,1865
206,1894
206,2006
206,2053
206,2067
206,2071
206,2121
206,2162
206,2222
206,2251
206,2286
206,2330
206,2386
206,2547
206,2805
206,2836
206,2859
206,2860
206,2864
206,2901
206,2992
206,3045
206,3066
206,3422
206,3810
206,3858
206,3883
206,4023
206,4052
206,4169
206,4189
206,4247
206,4265
206,4280
206,4290
206,4306
206,4309
206,4315
206,4363
206,4377
206,4511
206,4549
206,4550
206,4579
206,4611
206,4665
206,4744
206,4852
206,4853
206,4920
206,4921
206,4959
206,5082
206,5165
206,5203
206,5282
206,5290
206,5294
206,5313
206,6256
207,3
207,4
207,7
207,24
207,29
207,48
207,59
207,63
207,77
207,87
207,115
207,155
207,161
207,172
207,204
207,218
207,251
207,281
207,310
207,366
207,381
207,406
207,460
207,477
207,486
207,560
207,563
207,572
207,586
207,629
207,632
207,644
207,665
207,704
207,731
207,788
207,817
207,830
207,852
207,858
207,894
207,917
207,972
207,994
207,1004
207,1015
207,1291
207,1335
207,1369
207,1395
207,1397
207,1446
207,1454
207,1518
207,1522
207,1567
207,1589
207,1618
207,1664
207,1670
207,1677
207,1680
207,1713
207,1721
207,1725
207,1793
207,1812
207,1822
207,1875
207,1885
207,1913
207,1926
207,1932
207,1946
207,1953
207,1974
207,1979
207,1980
207,1997
207,2021
207,2025
207,2040
207,2049
207,2072
207,2094
207,2116
207,2167
207,2200
207,2238
207,2245
207,2262
207,2276
207,2281
207,2307
207,2311
207,2335
207,2339
207,2344
207,2347
207,2371
207,2379
207,2401
207,2421
207,2448
207,2466
207,2552
207,2562
207,2564
207,2566
207,2572
207,2607
207,2637
207,2665
207,2711
207,2893
207,2925
207,2957
207,3052
207,3121
207,3152
207,3172
207,3174
207,3194
207,3221
207,3255
207,3271
207,3273
207,3291
207,3297
207,3315
207,3328
207,3342
207,3354
207,3387
207,3495
207,3576
207,3623
207,3630
207,3641
207,3814
207,3829
207,3833
207,3887
207,3895
207,3898
207,3979
207,4022
207,4337
207,4364
207,4382
207,4389
207,4392
207,4398
207,4407
207,4408
207,4466
207,4510
207,4518
207,4523
207,4572
207,4586
207,4589
207,4596
207,4599
207,4631
207,4654
207,4767
207,4801
207,4815
207,4854
207,4876
207,4877
207,4943
207,4944
207,4964
207,5059
207,5100
207,5136
207,5139
207,5158
207,5159
207,5204
207,5205
207,5206
207,5213
207,5260
207,5293
207,5346
207,5352
207,5358
207,5395
207,5463
207,5464
207,5487
207,5505
207,5537
207,5584
207,5689
207,5729
207,5770
207,5775
207,6075
207,6103
207,6211
208,33
208,39
208,62
208,84
208,89
208,90
208,97
208,101
208,103
208,118
208,136
208,146
208,147
208,156
208,158
208,167
208,185
208,186
208,196
208,197
208,203
208,236
208,252
208,330
208,351
208,357
208,362
208,376
208,392
208,423
208,424
208,433
208,434
208,435
208,459
208,462
208,470
208,488
208,509
208,549
208,582
208,585
208,592
208,608
208,610
208,699
208,751
208,820
208,923
208,927
208,946
208,966
208,1012
208,1023
208,1033
208,1050
208,1058
208,1076
208,1090
208,1127
208,1142
208,1160
208,1175
208,1207
208,1251
208,1281
208,1323
208,1358
208,1435
208,1444
208,1472
208,1541
208,1543
208,1551
208,1597
208,1606
208,1616
208,1685
208,1692
208,1698
208,1699
208,1720
208,1757
208,1769
208,1783
208,1785
208,1791
208,1861
208,1866
208,1867
208,1869
208,1887
208,1891
208,1893
208,1895
208,1921
208,1969
208,1975
208,1985
208,1993
208,1994
208,2016
208,2023
208,2036
208,2041
208,2054
208,2170
208,2173
208,2187
208,2193
208,2213
208,2261
208,2269
208,2271
208,2283
208,2324
208,2331
208,2336
208,2338
208,2390
208,2408
208,2460
208,2488
208,2494
208,2503
208,2521
208,2526
208,2536
208,2537
208,2582
208,2587
208,2599
208,2619
208,2660
208,2671
208,2699
208,2728
208,2736
208,2753
208,2765
208,2778
208,2823
208,2826
208,2837
208,2884
208,2907
208,2936
208,2982
208,2991
208,2999
208,3003
208,3012
208,3031
208,3094
208,3134
208,3140
208,3225
208,3242
208,3252
208,3272
208,3317
208,3350
208,3414
208,3472
208,3501
208,3562
208,3621
208,3628
208,3636
208,3760
208,3798
208,3812
208,3826
208,3982
208,4057
208,4144
208,4333
208,4339
208,4347
208,4409
208,4429
208,4443
208,4454
208,4467
208,4559
208,4564
208,4608
208,4617
208,4696
208,4712
208,4720
208,4726
208,4838
208,4846
208,4858
208,4873
208,4892
208,4916
208,4923
208,4926
208,4939
208,4949
208,4960
208,4976
208,4977
208,4992
208,4994
208,5001
208,5020
208,5047
208,5055
208,5057
208,5058
208,5063
208,5083
208,5088
208,5105
208,5122
208,5229
208,5276
208,5344
208,5420
208,5466
208,5493
208,5499
208,5514
208,5519
208,5536
208,5570
208,5647
208,5774
208,6070
208,6081
208,6112
208,6122
208,6209
208,6219
208,6237
208,6266
209,21
209,26
209,60
209,73
209,78
209,94
209,107
209,109
209,119
209,132
209,138
209,148
209,163
209,170
209,175
209,187
209,199
209,205
209,260
209,271
209,307
209,347
209,349
209,377
209,383
209,391
209,409
209,419
209,422
209,428
209,455
209,490
209,501
209,517
209,539
209,666
209,667
209,673
209,686
209,701
209,703
209,722
209,724
209,743
209,759
209,768
209,770
209,793
209,799
209,808
209,811
209,823
209,866
209,868
209,890
209,906
209,932
209,943
209,996
209,1001
209,1014
209,1027
209,1029
209,1053
209,1105
209,1112
209,1114
209,1125
209,1126
209,1144
209,1156
209,1166
209,1185
209,1196
209,1197
209,1204
209,1219
209,1231
209,1238
209,1244
209,1247
209,1266
209,1273
209,1274
209,1276
209,1341
209,1458
209,1470
209,1473
209,1498
209,1506
209,1539
209,1570
209,1573
209,1583
209,1620
209,1657
209,1682
209,1693
209,1696
209,1714
209,1715
209,1731
209,1749
209,1760
209,1782
209,1787
209,1788
209,1789
209,1802
209,1836
209,1837
209,1848
209,1870
209,1900
209,1906
209,1918
209,1927
209,1928
209,2008
209,2014
209,2027
209,2029
209,2033
209,2097
209,2105
209,2114
209,2119
209,2125
209,2137
209,2148
209,2153
209,2185
209,2186
209,2203
209,2218
209,2248
209,2258
209,2272
209,2285
209,2290
209,2297
209,2322
209,2325
209,2341
209,2368
209,2404
209,2414
209,2427
209,2435
209,2440
209,2489
209,2510
209,2533
209,2553
209,2555
209,2603
209,2642
209,2654
209,2682
209,2727
209,2739
209,2773
209,2797
209,2824
209,2866
209,2869
209,2919
209,2920
209,2937
209,2947
209,2963
209,2965
209,2971
209,3023
209,3062
209,3091
209,3118
209,3130
209,3163
209,3187
209,3230
209,3249
209,3270
209,3278
209,3293
209,3357
209,3388
209,3406
209,3420
209,3517
209,3544
209,3561
209,3634
209,3649
209,3664
209,3696
209,3699
209,3702
209,3731
209,3771
209,3788
209,3792
209,3801
209,3822
209,3850
209,3880
209,3897
209,3932
209,3940
209,3962
209,4030
209,4035
209,4228
209,4230
209,4261
209,4267
209,4286
209,4288
209,4317
209,4329
209,4334
209,4336
209,4341
209,4359
209,4381
209,4406
209,4415
209,4433
209,4450
209,4509
209,4512
209,4548
209,4569
209,4576
209,4609
209,4664
209,4672
209,4683
209,4692
209,4700
209,4703
209,4704
209,4711
209,4772
209,4785
209,4787
209,4796
209,4805
209,4819
209,4833
209,4836
209,4851
209,4859
209,4898
209,4906
209,4919
209,4959
209,4965
209,4995
209,5007
209,5052
209,5061
209,5086
209,5090
209,5111
209,5123
209,5130
209,5147
209,5174
209,5186
209,5187
209,5287
209,5356
209,5361
209,5403
209,5428
209,5449
209,5470
209,5503
209,5510
209,5513
209,5566
209,5587
209,5596
209,5605
209,5608
209,5705
209,5710
209,5791
209,6109
209,6116
209,6137
209,6164
210,10
210,14
210,24
210,25
210,29
210,36
210,41
210,48
210,50
210,53
210,59
210,68
210,70
210,71
210,79
210,88
210,100
210,108
210,126
210,139
210,140
210,153
210,217
210,235
210,246
210,265
210,277
210,280
210,297
210,300
210,331
210,334
210,345
210,352
210,353
210,366
210,368
210,379
210,390
210,393
210,398
210,402
210,412
210,464
210,471
210,475
210,496
210,511
210,528
210,557
210,575
210,580
210,597
210,599
210,606
210,638
210,654
210,663
210,680
210,690
210,730
210,753
210,763
210,860
210,865
210,895
210,900
210,937
210,948
210,949
210,976
210,988
210,1005
210,1047
210,1052
210,1055
210,1129
210,1168
210,1169
210,1189
210,1194
210,1199
210,1210
210,1249
210,1287
210,1290
210,1308
210,1317
210,1326
210,1334
210,1356
210,1363
210,1367
210,1374
210,1384
210,1389
210,1414
210,1417
210,1430
210,1434
210,1507
210,1535
210,1540
210,1561
210,1586
210,1610
210,1639
210,1643
210,1686
210,1716
210,1750
210,1773
210,1784
210,1813
210,1830
210,1847
210,1871
210,1958
210,1983
210,2062
210,2075
210,2079
210,2085
210,2158
210,2164
210,2179
210,2220
210,2233
210,2240
210,2314
210,2334
210,2429
210,2441
210,2456
210,2538
210,2567
210,2573
210,2617
210,2630
210,2635
210,2674
210,2706
210,2740
210,2761
210,2785
210,2793
210,2798
210,2800
210,2804
210,2844
210,2862
210,2878
210,2897
210,2900
210,2945
210,2951
210,2961
210,3001
210,3079
210,3103
210,3110
210,3147
210,3170
210,3217
210,3231
210,3248
210,3251
210,3260
210,3306
210,3399
210,3494
210,3499
210,3531
210,3537
210,3555
210,3565
210,3570
210,3611
210,3613
210,3631
210,3648
210,3694
210,3738
210,3769
210,3795
210,3912
210,3997
210,4037
210,4126
210,4212
210,4216
210,4246
210,4247
210,4248
210,4304
210,4318
210,4331
210,4340
210,4364
210,4374
210,4375
210,4376
210,4380
210,4391
210,4404
210,4423
210,4431
210,4459
210,4460
210,4472
210,4488
210,4538
210,4573
210,4577
210,4592
210,4606
210,4629
210,4630
210,4645
210,4655
210,4659
210,4688
210,4698
210,4707
210,4719
210,4722
210,4753
210,4754
210,4775
210,4790
210,4807
210,4840
210,4863
210,4865
210,4904
210,4925
210,4955
210,4962
210,4972
210,4988
210,5029
210,5038
210,5069
210,5106
210,5125
210,5132
210,5156
210,5163
210,5180
210,5196
210,5212
210,5220
210,5269
210,5284
210,5298
210,5339
210,5349
210,5352
210,5407
210,5463
210,5464
210,5465
210,5479
210,5494
210,5506
210,5537
210,5544
210,5554
210,5555
210,5561
210,5584
210,5593
210,5633
210,5644
210,5685
210,5689
210,5702
210,5729
210,5766
210,5770
210,5775
210,5778
210,5804
210,5810
210,5838
210,5841
210,5866
210,6001
210,6014
210,6068
210,6102
210,6113
210,6114
210,6121
210,6127
210,6139
210,6144
210,6154
210,6211
210,6220
210,6234
211,17
211,30
211,33
211,35
211,49
211,56
211,67
211,89
211,90
211,99
211,118
211,129
211,147
211,158
211,165
211,169
211,185
211,196
211,197
211,203
211,218
211,230
211,252
211,285
211,286
211,355
211,362
211,420
211,426
211,430
211,445
211,478
211,485
211,515
211,521
211,674
211,732
211,772
211,801
211,813
211,820
211,835
211,910
211,933
211,951
211,962
211,963
211,972
211,989
211,1026
211,1032
211,1040
211,1045
211,1073
211,1074
211,1116
211,1133
211,1158
211,1187
211,1190
211,1245
211,1263
211,1300
211,1319
211,1339
211,1345
211,1391
211,1397
211,1421
211,1422
211,1431
211,1627
211,1697
211,1740
211,1764
211,1794
211,1817
211,1893
211,1932
211,2002
211,2064
211,2128
211,2141
211,2190
211,2217
211,2224
211,2237
211,2256
211,2449
211,2504
211,2612
211,2616
211,2686
211,2691
211,2707
211,2714
211,3000
211,3003
211,3072
211,3112
211,3133
211,3161
211,3219
211,3299
211,3392
211,3439
211,3451
211,3656
211,3704
211,3774
211,3785
211,3797
211,3824
211,3931
211,4048
211,4105
211,4112
211,4124
211,4210
211,4226
211,4311
211,4312
211,4313
211,4421
211,4501
211,4506
211,4595
211,4615
211,4632
211,4656
211,4689
211,4742
211,4820
211,4858
211,4866
211,4881
211,4947
211,4994
211,5043
211,5062
211,5083
211,5124
211,5167
211,5175
211,5185
211,5201
211,5225
211,5280
211,5325
211,5330
211,5366
211,5368
211,5397
211,5400
211,5409
211,5413
211,5418
211,5419
211,5422
211,5431
211,5482
211,5492
211,5493
211,5501
211,5507
211,5526
211,5545
211,5552
211,5553
211,5570
211,5589
211,5616
211,5635
211,5647
211,5664
211,5671
211,5673
211,5681
211,5692
211,5699
211,5703
211,5709
211,5712
211,5717
211,5732
211,5738
211,5740
211,5750
211,5751
211,5768
211,5769
211,5912
211,6056
211,6075
211,6112
211,6117
211,6122
211,6132
211,6143
211,6145
211,6158
211,6207
211,6209
211,6218
211,6219
212,9
212,18
212,42
212,63
212,69
212,73
212,78
212,107
212,132
212,138
212,200
212,205
212,254
212,258
212,279
212,288
212,344
212,351
212,367
212,431
212,639
212,641
212,748
212,814
212,955
212,967
212,995
212,1013
212,1053
212,1078
212,1141
212,1156
212,1173
212,1270
212,1271
212,1383
212,1401
212,1412
212,1541
212,1596
212,1606
212,1774
212,1850
212,1870
212,1949
212,1996
212,2019
212,2131
212,2161
212,2203
212,2405
212,2510
212,2846
212,2852
212,2919
212,2922
212,3184
212,3186
212,3309
212,3493
212,3501
212,3562
212,3633
212,3714
212,3715
212,3764
212,3799
212,3822
212,3926
212,3932
212,3962
212,4035
212,4043
212,4102
212,4104
212,4132
212,4137
212,4138
212,4155
212,4158
212,4230
212,4301
212,4490
212,4649
212,4658
212,4675
212,4676
212,4696
212,4702
212,4748
212,4762
212,4776
212,4777
212,4819
212,4836
212,4890
212,5082
212,5104
212,5130
212,5238
212,5380
212,5383
212,5386
212,5390
212,5393
212,5403
212,5420
212,5433
212,5441
212,5449
212,5455
212,5460
212,5470
212,5480
212,5519
212,5523
212,5535
212,5559
212,5575
212,5590
212,5650
212,5660
212,5665
212,5672
212,5695
212,5701
212,5710
212,5765
212,5773
212,5777
212,5782
212,5803
212,5824
212,5867
212,5871
212,5875
212,5890
212,5894
212,5942
212,5945
212,5963
212,5971
212,5981
212,6005
212,6022
212,6060
212,6062
212,6072
212,6100
212,6116
212,6130
212,6137
212,6150
212,6190
212,6223
212,6246
213,7
213,16
213,36
213,43
213,88
213,104
213,108
213,153
213,271
213,277
213,345
213,349
213,352
213,401
213,410
213,453
213,475
213,548
213,564
213,565
213,756
213,768
213,810
213,811
213,1003
213,1066
213,1129
213,1274
213,1326
213,1441
213,1604
213,1962
213,2077
213,2306
213,2312
213,2634
213,3062
213,3452
213,3589
213,3775
213,4251
213,4272
213,4291
213,4349
213,4460
213,4629
213,4869
213,5092
213,5259
213,5375
213,5385
213,5494
213,5500
213,5510
213,5532
213,5546
213,5566
213,5593
213,5620
213,5684
213,5715
213,5744
213,5767
213,5822
213,5914
213,6037
213,6076
213,6080
213,6082
214,14
214,35
214,56
214,94
214,126
214,189
214,213
214,230
214,520
214,571
214,722
214,830
214,865
214,1101
214,1116
214,1187
214,1753
214,1792
214,2179
214,2686
214,3003
214,3079
214,3395
214,3656
214,3934
214,4294
214,4538
214,4741
214,4754
214,4806
214,4808
214,4865
214,5234
214,5366
214,5479
214,6109
214,6164
215,129
215,300
215,350
215,412
215,471
215,540
215,676
215,681
215,700
215,783
215,799
215,1210
215,1402
215,1800
215,3501
215,3562
215,3744
215,4656
215,4702
215,4712
215,4962
215,6111
215,6114
216,138
216,200
216,315
216,398
216,639
216,768
216,944
216,1204
216,1274
216,1345
216,2128
216,2368
216,2555
216,2938
216,3589
216,4293
216,4731
216,4919
216,5399
216,5510
216,5566
216,5570
216,5637
216,5671
216,5791
216,6148
216,6219
217,14
217,17
217,24
217,78
217,89
217,108
217,121
217,128
217,230
217,340
217,367
217,431
217,926
217,991
217,1229
217,1263
217,1753
217,2306
217,2740
217,3452
217,3694
217,3775
217,4304
217,4364
217,4538
217,4865
217,4866
217,4869
217,5225
217,5589
217,5702
217,5769
217,6117
217,6154
217,6158
217,6234
218,35
218,69
218,88
218,140
218,196
218,257
218,364
218,391
218,439
218,458
218,460
218,483
218,562
218,564
218,572
218,683
218,830
218,1210
218,1317
218,1843
218,2077
218,3395
218,3744
218,4289
218,4656
218,4988
218,5455
218,5552
219,90
219,663
219,748
219,2201
219,6106
240,2835
240,3123
240,3322
240,3526
240,3579
240,3675
240,3688
240,3858
240,3861
240,3863
240,3869
240,3883
240,3939
240,3965
240,4007
240,4021
240,4023
240,4034
240,4042
240,4052
240,4058
240,4065
240,4072
240,4093
240,4096
240,4106
240,4107
240,4109
240,4117
240,4128
240,4139
240,4164
240,4167
240,4175
240,4177
240,4181
240,4182
240,4200
240,4201
240,4204
240,4209
240,4213
240,4217
240,4220
240,4224
240,4229
240,4231
240,4233
240,4234
240,4235
240,4238
240,4244
240,4245
240,4326
240,4522
240,4641
240,4710
240,4746
240,4810
240,4844
240,5051
240,5215
240,5223
240,5230
240,5250
240,5251
240,5253
240,5313
240,5327
240,6210
240,6213
240,6215
240,6222
240,6225
240,6226
240,6231
240,6235
240,6240
240,6252
240,6253
240,6256
240,6257
240,6258
240,6263
240,6264
240,6267
240,6268
240,6271
240,6273
240,6274
240,6275
241,54
241,65
241,109
241,111
241,169
241,184
241,222
241,261
241,312
241,317
241,319
241,328
241,338
241,382
241,415
241,442
241,452
241,453
241,506
241,522
241,561
241,567
241,591
241,622
241,625
241,656
241,664
241,697
241,716
241,725
241,757
241,765
241,781
241,791
241,842
241,851
241,905
241,942
241,981
241,1024
241,1070
241,1165
241,1205
241,1213
241,1256
241,1318
241,1352
241,1449
241,1459
241,1496
241,1532
241,1569
241,1617
241,1628
241,1690
241,1726
241,1818
241,1865
241,1894
241,1913
241,2006
241,2053
241,2067
241,2071
241,2115
241,2121
241,2162
241,2222
241,2245
241,2251
241,2286
241,2330
241,2386
241,2547
241,2805
241,2836
241,2859
241,2860
241,2864
241,2901
241,2992
241,3045
241,3066
241,3422
241,3810
241,4169
241,4189
241,4247
241,4265
241,4280
241,4290
241,4306
241,4309
241,4315
241,4363
241,4377
241,4511
241,4518
241,4549
241,4550
241,4579
241,4665
241,4666
241,4744
241,4843
241,4852
241,4853
241,4920
241,4921
241,4959
241,5082
241,5165
241,5203
241,5282
241,5290
241,5294
242,3
242,4
242,7
242,29
242,48
242,63
242,87
242,115
242,147
242,155
242,172
242,204
242,218
242,251
242,310
242,366
242,381
242,403
242,406
242,460
242,477
242,486
242,560
242,563
242,572
242,586
242,629
242,632
242,644
242,665
242,704
242,731
242,788
242,817
242,830
242,852
242,858
242,894
242,917
242,972
242,994
242,1004
242,1015
242,1033
242,1169
242,1335
242,1358
242,1369
242,1395
242,1397
242,1454
242,1491
242,1518
242,1522
242,1567
242,1589
242,1618
242,1664
242,1670
242,1677
242,1680
242,1713
242,1721
242,1725
242,1793
242,1812
242,1822
242,1875
242,1885
242,1926
242,1932
242,1946
242,1953
242,1974
242,1979
242,1980
242,1994
242,1997
242,2021
242,2025
242,2040
242,2049
242,2072
242,2084
242,2094
242,2116
242,2167
242,2200
242,2238
242,2262
242,2276
242,2281
242,2307
242,2311
242,2335
242,2339
242,2344
242,2347
242,2367
242,2371
242,2379
242,2401
242,2421
242,2448
242,2466
242,2552
242,2562
242,2564
242,2566
242,2572
242,2578
242,2607
242,2637
242,2665
242,2711
242,2893
242,2925
242,2957
242,3052
242,3121
242,3152
242,3172
242,3174
242,3194
242,3221
242,3255
242,3262
242,3271
242,3273
242,3291
242,3297
242,3315
242,3328
242,3342
242,3354
242,3387
242,3412
242,3576
242,3623
242,3630
242,3641
242,3814
242,3829
242,3833
242,3887
242,3895
242,3898
242,3979
242,4022
242,4337
242,4364
242,4382
242,4389
242,4392
242,4398
242,4407
242,4408
242,4466
242,4510
242,4523
242,4572
242,4586
242,4589
242,4596
242,4631
242,4643
242,4654
242,4767
242,4801
242,4815
242,4854
242,4876
242,4944
242,4964
242,5059
242,5136
242,5139
242,5158
242,5159
242,5204
242,5205
242,5206
242,5213
242,5260
242,5293
242,5346
242,5352
242,5358
242,5395
242,5463
242,5464
242,5487
242,5505
242,5537
242,5584
242,5689
242,5729
242,5770
242,5775
242,6075
242,6103
242,6211
243,24
243,33
243,39
243,59
243,62
243,77
243,84
243,89
243,90
243,97
243,101
243,103
243,107
243,118
243,132
243,136
243,146
243,148
243,156
243,158
243,161
243,167
243,185
243,186
243,187
243,197
243,203
243,205
243,236
243,252
243,271
243,281
243,330
243,351
243,357
243,362
243,376
243,392
243,423
243,424
243,433
243,434
243,435
243,459
243,470
243,488
243,509
243,521
243,539
243,549
243,582
243,585
243,592
243,599
243,608
243,610
243,699
243,751
243,811
243,820
243,895
243,923
243,927
243,966
243,1012
243,1050
243,1053
243,1058
243,1072
243,1076
243,1090
243,1126
243,1127
243,1142
243,1160
243,1175
243,1207
243,1219
243,1251
243,1281
243,1291
243,1323
243,1435
243,1444
243,1472
243,1498
243,1539
243,1541
243,1543
243,1551
243,1597
243,1606
243,1616
243,1685
243,1692
243,1698
243,1699
243,1720
243,1769
243,1783
243,1785
243,1791
243,1836
243,1851
243,1866
243,1867
243,1869
243,1887
243,1891
243,1893
243,1895
243,1900
243,1921
243,1927
243,1969
243,1975
243,1985
243,1993
243,2016
243,2023
243,2029
243,2036
243,2041
243,2054
243,2125
243,2137
243,2146
243,2170
243,2173
243,2186
243,2187
243,2193
243,2203
243,2213
243,2261
243,2269
243,2271
243,2283
243,2324
243,2331
243,2338
243,2390
243,2408
243,2427
243,2451
243,2488
243,2494
243,2503
243,2521
243,2526
243,2536
243,2537
243,2582
243,2587
243,2599
243,2619
243,2660
243,2671
243,2699
243,2728
243,2736
243,2753
243,2823
243,2826
243,2837
243,2884
243,2936
243,2963
243,2982
243,2991
243,2999
243,3003
243,3012
243,3031
243,3094
243,3134
243,3140
243,3225
243,3242
243,3252
243,3260
243,3272
243,3317
243,3350
243,3414
243,3472
243,3501
243,3562
243,3627
243,3628
243,3636
243,3706
243,3760
243,3798
243,3982
243,4144
243,4333
243,4339
243,4347
243,4406
243,4409
243,4429
243,4443
243,4454
243,4467
243,4564
243,4608
243,4617
243,4655
243,4696
243,4712
243,4720
243,4726
243,4838
243,4858
243,4859
243,4877
243,4892
243,4906
243,4916
243,4923
243,4926
243,4939
243,4943
243,4960
243,4976
243,4977
243,4992
243,4994
243,5001
243,5011
243,5020
243,5038
243,5047
243,5055
243,5057
243,5058
243,5062
243,5063
243,5083
243,5105
243,5122
243,5152
243,5229
243,5259
243,5276
243,5344
243,5361
243,5371
243,5385
243,5420
243,5423
243,5428
243,5466
243,5492
243,5493
243,5499
243,5514
243,5518
243,5519
243,5536
243,5570
243,5647
243,5703
243,5774
243,6070
243,6081
243,6100
243,6112
243,6122
243,6145
243,6173
243,6209
243,6219
243,6237
243,6266
244,26
244,36
244,41
244,67
244,73
244,78
244,94
244,102
244,108
244,109
244,119
244,126
244,131
244,138
244,140
244,163
244,165
244,170
244,175
244,196
244,199
244,207
244,260
244,277
244,307
244,349
244,355
244,377
244,383
244,391
244,409
244,419
244,422
244,428
244,455
244,490
244,496
244,501
244,517
244,531
244,617
244,666
244,673
244,686
244,703
244,722
244,724
244,743
244,759
244,763
244,768
244,782
244,793
244,799
244,808
244,823
244,865
244,866
244,868
244,890
244,906
244,932
244,937
244,946
244,996
244,1001
244,1014
244,1027
244,1029
244,1083
244,1105
244,1114
244,1123
244,1125
244,1129
244,1144
244,1156
244,1166
244,1185
244,1189
244,1190
244,1196
244,1197
244,1204
244,1231
244,1238
244,1244
244,1245
244,1266
244,1269
244,1273
244,1274
244,1276
244,1287
244,1290
244,1341
244,1363
244,1384
244,1430
244,1458
244,1470
244,1473
244,1506
244,1535
244,1561
244,1570
244,1573
244,1583
244,1586
244,1600
244,1682
244,1686
244,1693
244,1696
244,1714
244,1715
244,1731
244,1749
244,1760
244,1782
244,1787
244,1788
244,1802
244,1830
244,1837
244,1848
244,1870
244,1871
244,1906
244,1918
244,1928
244,1955
244,1983
244,2014
244,2027
244,2033
244,2097
244,2105
244,2119
244,2148
244,2153
244,2158
244,2179
244,2185
244,2218
244,2258
244,2272
244,2290
244,2297
244,2314
244,2322
244,2325
244,2336
244,2341
244,2368
244,2404
244,2414
244,2440
244,2460
244,2489
244,2510
244,2533
244,2553
244,2603
244,2630
244,2635
244,2642
244,2654
244,2682
244,2706
244,2727
244,2740
244,2750
244,2773
244,2778
244,2785
244,2793
244,2824
244,2866
244,2869
244,2906
244,2919
244,2965
244,2971
244,3001
244,3023
244,3062
244,3091
244,3110
244,3118
244,3130
244,3163
244,3187
244,3217
244,3230
244,3248
244,3267
244,3278
244,3293
244,3357
244,3399
244,3420
244,3494
244,3498
244,3499
244,3517
244,3544
244,3561
244,3565
244,3570
244,3648
244,3649
244,3664
244,3694
244,3699
244,3731
244,3769
244,3771
244,3788
244,3792
244,3795
244,3799
244,3801
244,3822
244,3850
244,3880
244,3897
244,3911
244,3912
244,3932
244,3940
244,3962
244,4035
244,4037
244,4215
244,4216
244,4228
244,4230
244,4247
244,4261
244,4266
244,4267
244,4286
244,4288
244,4304
244,4317
244,4318
244,4329
244,4334
244,4336
244,4340
244,4341
244,4374
244,4381
244,4433
244,4450
244,4472
244,4509
244,4512
244,4548
244,4559
244,4569
244,4573
244,4574
244,4576
244,4577
244,4592
244,4609
244,4616
244,4645
244,4659
244,4664
244,4672
244,4675
244,4683
244,4692
244,4698
244,4700
244,4703
244,4704
244,4707
244,4711
244,4772
244,4775
244,4796
244,4805
244,4807
244,4819
244,4828
244,4833
244,4836
244,4840
244,4851
244,4898
244,4919
244,4955
244,4959
244,4965
244,4972
244,4995
244,5052
244,5061
244,5069
244,5086
244,5090
244,5111
244,5123
244,5125
244,5147
244,5174
244,5186
244,5187
244,5196
244,5197
244,5212
244,5262
244,5269
244,5270
244,5271
244,5339
244,5387
244,5403
244,5470
244,5503
244,5506
244,5510
244,5532
244,5544
244,5561
244,5566
244,5587
244,5596
244,5604
244,5605
244,5608
244,5644
244,5710
244,5838
244,5841
244,6076
244,6109
244,6113
244,6116
244,6137
244,6164
244,6220
244,6234
245,6
245,10
245,17
245,18
245,21
245,25
245,29
245,48
245,50
245,53
245,56
245,63
245,66
245,68
245,70
245,71
245,79
245,88
245,100
245,139
245,147
245,153
245,209
245,217
245,219
245,230
245,235
245,246
245,265
245,279
245,286
245,297
245,300
245,331
245,334
245,345
245,352
245,353
245,366
245,368
245,379
245,390
245,393
245,398
245,402
245,412
245,426
245,464
245,471
245,475
245,479
245,485
245,511
245,528
245,557
245,580
245,597
245,606
245,638
245,654
245,680
245,682
245,690
245,713
245,730
245,745
245,753
245,761
245,801
245,832
245,835
245,860
245,900
245,943
245,948
245,949
245,962
245,967
245,976
245,988
245,989
245,1005
245,1047
245,1052
245,1055
245,1116
245,1158
245,1168
245,1180
245,1187
245,1194
245,1199
245,1210
245,1249
245,1308
245,1317
245,1326
245,1345
245,1374
245,1389
245,1391
245,1401
245,1413
245,1417
245,1422
245,1434
245,1507
245,1540
245,1546
245,1613
245,1639
245,1643
245,1667
245,1710
245,1740
245,1750
245,1773
245,1774
245,1784
245,1789
245,1813
245,1847
245,2019
245,2044
245,2062
245,2075
245,2079
245,2085
245,2122
245,2128
245,2136
245,2161
245,2164
245,2220
245,2233
245,2240
245,2256
245,2334
245,2429
245,2441
245,2449
245,2456
245,2482
245,2504
245,2555
245,2567
245,2573
245,2610
245,2616
245,2674
245,2686
245,2707
245,2761
245,2797
245,2798
245,2800
245,2804
245,2844
245,2852
245,2862
245,2878
245,2900
245,2920
245,2930
245,2935
245,2938
245,2947
245,2951
245,3079
245,3147
245,3231
245,3249
245,3251
245,3299
245,3306
245,3439
245,3537
245,3555
245,3611
245,3631
245,3678
245,3774
245,3785
245,3905
245,3931
245,3951
245,3997
245,4048
245,4112
245,4248
245,4311
245,4312
245,4313
245,4364
245,4372
245,4375
245,4376
245,4391
245,4404
245,4423
245,4431
245,4460
245,4488
245,4538
245,4606
245,4615
245,4629
245,4630
245,4632
245,4637
245,4680
245,4685
245,4688
245,4689
245,4722
245,4753
245,4754
245,4762
245,4790
245,4863
245,4865
245,4925
245,4947
245,4962
245,4988
245,5029
245,5080
245,5088
245,5106
245,5124
245,5132
245,5159
245,5167
245,5180
245,5183
245,5201
245,5220
245,5225
245,5284
245,5298
245,5328
245,5345
245,5349
245,5356
245,5463
245,5464
245,5465
245,5479
245,5494
245,5537
245,5539
245,5552
245,5554
245,5555
245,5593
245,5671
245,5685
245,5689
245,5702
245,5738
245,5769
245,5770
245,5775
245,5791
245,5804
245,5824
245,5912
245,6001
245,6014
245,6114
245,6121
245,6127
245,6154
245,6158
245,6223
246,7
246,24
246,30
246,33
246,35
246,72
246,89
246,90
246,104
246,107
246,118
246,129
246,132
246,148
246,158
246,169
246,186
246,197
246,205
246,218
246,227
246,234
246,285
246,289
246,351
246,362
246,420
246,430
246,478
246,488
246,505
246,515
246,585
246,599
246,612
246,701
246,707
246,732
246,748
246,770
246,772
246,811
246,813
246,820
246,888
246,916
246,933
246,963
246,972
246,1004
246,1026
246,1032
246,1040
246,1045
246,1053
246,1073
246,1074
246,1173
246,1178
246,1263
246,1300
246,1319
246,1339
246,1396
246,1421
246,1504
246,1604
246,1627
246,1657
246,1697
246,1764
246,1794
246,1817
246,1827
246,1850
246,1893
246,1990
246,1996
246,2002
246,2141
246,2156
246,2203
246,2217
246,2237
246,2405
246,2479
246,2538
246,2617
246,2634
246,2766
246,2974
246,3003
246,3103
246,3112
246,3133
246,3161
246,3451
246,3613
246,3654
246,3656
246,3685
246,3696
246,3702
246,3704
246,3738
246,3766
246,3776
246,3797
246,3824
246,4105
246,4124
246,4126
246,4132
246,4137
246,4155
246,4158
246,4210
246,4212
246,4226
246,4239
246,4406
246,4421
246,4459
246,4506
246,4595
246,4696
246,4705
246,4742
246,4820
246,4858
246,4859
246,4881
246,4904
246,4994
246,5043
246,5083
246,5130
246,5185
246,5280
246,5287
246,5325
246,5330
246,5366
246,5385
246,5388
246,5397
246,5407
246,5409
246,5413
246,5418
246,5419
246,5420
246,5423
246,5429
246,5449
246,5455
246,5482
246,5492
246,5493
246,5500
246,5501
246,5507
246,5513
246,5518
246,5519
246,5522
246,5523
246,5535
246,5545
246,5550
246,5553
246,5559
246,5570
246,5614
246,5626
246,5634
246,5635
246,5643
246,5647
246,5649
246,5660
246,5664
246,5670
246,5673
246,5684
246,5692
246,5699
246,5701
246,5709
246,5712
246,5717
246,5724
246,5729
246,5732
246,5740
246,5750
246,5765
246,5768
246,5777
246,5778
246,5955
246,6033
246,6056
246,6080
246,6085
246,6112
246,6115
246,6122
246,6132
246,6143
246,6145
246,6165
246,6218
246,6219
247,9
247,36
247,42
247,69
247,78
247,92
247,99
247,108
247,126
247,140
247,146
247,196
247,200
247,203
247,254
247,258
247,277
247,288
247,344
247,355
247,359
247,367
247,374
247,401
247,431
247,440
247,445
247,517
247,548
247,582
247,639
247,641
247,763
247,782
247,814
247,937
247,955
247,1003
247,1013
247,1065
247,1078
247,1129
247,1190
247,1245
247,1270
247,1383
247,1412
247,1429
247,1431
247,1448
247,1541
247,1596
247,1703
247,1949
247,2131
247,2179
247,2706
247,2758
247,2846
247,2897
247,2919
247,2994
247,3090
247,3136
247,3184
247,3260
247,3309
247,3531
247,3589
247,3714
247,3715
247,3926
247,4043
247,4104
247,4138
247,4291
247,4301
247,4401
247,4628
247,4649
247,4656
247,4658
247,4702
247,4707
247,4776
247,4777
247,4819
247,4836
247,4840
247,4890
247,5368
247,5383
247,5386
247,5390
247,5393
247,5415
247,5422
247,5431
247,5441
247,5460
247,5470
247,5512
247,5572
247,5620
247,5633
247,5650
247,5665
247,5681
247,5703
247,5715
247,5731
247,5744
247,5749
247,5751
247,5803
247,5822
247,5871
247,5875
247,5890
247,5945
247,5963
247,5971
247,5987
247,6005
247,6070
247,6075
247,6130
247,6137
247,6190
247,6216
247,6246
248,16
248,25
248,41
248,43
248,59
248,63
248,71
248,73
248,88
248,100
248,121
248,128
248,178
248,213
248,230
248,265
248,271
248,300
248,322
248,345
248,350
248,352
248,390
248,412
248,437
248,471
248,475
248,564
248,565
248,753
248,760
248,810
248,865
248,944
248,995
248,1066
248,1101
248,1116
248,1133
248,1150
248,1187
248,1271
248,1606
248,1753
248,2306
248,2312
248,2510
248,2686
248,3079
248,3452
248,3775
248,4251
248,4272
248,4289
248,4324
248,4380
248,4460
248,4629
248,4630
248,4731
248,4741
248,4762
248,4869
248,4962
248,5092
248,5175
248,5428
248,5432
248,5433
248,5480
248,5544
248,5575
248,5689
248,5767
248,5769
248,5782
248,6025
248,6050
248,6060
248,6081
248,6111
248,6188
249,35
249,56
249,94
249,189
249,410
249,439
249,531
249,571
249,676
249,681
249,756
249,768
249,783
249,926
249,941
249,991
249,1210
249,1345
249,1402
249,1415
249,1792
249,1962
249,2368
249,3003
249,3395
249,3409
249,3744
249,3934
249,4129
249,4294
249,4712
249,4754
249,4806
249,4808
249,4865
249,4866
249,5185
249,5397
249,5455
249,5553
249,5617
249,6164
250,36
250,78
250,90
250,99
250,126
250,129
250,153
250,165
250,398
250,478
250,496
250,520
250,540
250,722
250,814
250,967
250,1089
250,1156
250,1173
250,1249
250,1352
250,1540
250,1541
250,1566
250,1949
250,2064
250,2128
250,2131
250,2179
250,2244
250,2591
250,2706
250,2740
250,2846
250,2919
250,3184
250,3309
250,3501
250,3694
250,4275
250,4304
250,4527
250,4538
250,4649
250,4702
250,4805
250,4819
250,4836
250,5033
250,5234
250,5284
250,5366
250,5380
250,5479
250,5526
250,5539
250,5552
250,5702
250,6114
250,6154
250,6158
250,6234
251,25
251,63
251,66
251,73
251,89
251,100
251,108
251,200
251,230
251,258
251,271
251,286
251,288
251,300
251,347
251,409
251,412
251,471
251,548
251,573
251,639
251,641
251,700
251,799
251,801
251,1220
251,1262
251,1274
251,1431
251,1777
251,2077
251,2510
251,2555
251,3589
251,4630
251,4664
251,4890
251,5232
251,5399
251,5480
251,5506
251,5535
251,5544
251,5566
251,5570
251,5589
251,5628
251,5637
251,5689
251,5695
251,5773
251,5791
251,6117
251,6219
252,14
252,24
252,35
252,88
252,121
252,138
252,140
252,340
252,366
252,485
252,549
252,564
252,759
252,830
252,1066
252,1271
252,1397
252,1686
252,1753
252,1870
252,2201
252,2306
252,3452
252,3775
252,4349
252,4869
252,5352
252,5455
252,5501
252,5537
252,5553
252,5561
252,5575
252,5672
252,5824
252,5894
252,5959
252,5981
252,6106
252,6113
253,178
253,196
253,367
253,391
253,431
253,460
253,572
253,1210
253,1229
253,1317
253,1794
253,1800
253,1888
253,2179
253,2405
253,2706
253,3219
253,3395
253,3744
253,4656
253,4819
253,4988
253,5366
253,5449
253,5470
253,5665
253,5701
253,5942
253,6121
253,6127
253,6132
253,6137
254,41
254,78
254,203
254,349
254,352
254,814
254,825
254,937
254,967
254,1078
254,1245
254,1596
254,3656
254,4364
254,5492
254,5500
254,5749
255,108
255,372
255,401
255,756
255,810
255,1013
255,1774
255,4251
255,4624
255,4754
255,4865
255,6248
256,94
256,189
256,367
256,431
256,571
256,783
256,941
256,1792
256,4272
256,4294
256,4808
257,129
257,398
257,520
257,531
257,540
257,1566
257,1955
257,4275
257,4702
257,5095
258,36
258,69
258,88
258,89
258,200
258,315
258,364
258,573
258,639
258,799
258,2555
258,3589
258,5399
258,5426
258,5491
259,14
259,121
259,140
259,230
259,340
259,1753
259,2306
259,3452
259,3775
259,4731
259,4869
260,562
260,564
260,683
260,830
260,991
260,1029
260,1176
260,1210
260,1568
260,2368
260,3395
260,3744
260,4656
260,4997
261,78
261,412
261,471
261,748
261,3694
261,4304
261,4865
261,5069
261,5479
261,5769
275,2835
275,3123
275,3322
275,3526
275,3579
275,3675
275,3861
275,3863
275,3869
275,3939
275,3965
275,4007
275,4021
275,4023
275,4034
275,4042
275,4058
275,4065
275,4072
275,4093
275,4096
275,4106
275,4107
275,4109
275,4117
275,4128
275,4139
275,4164
275,4167
275,4175
275,4177
275,4181
275,4182
275,4200
275,4201
275,4204
275,4209
275,4213
275,4217
275,4220
275,4224
275,4229
275,4231
275,4233
275,4234
275,4235
275,4238
275,4244
275,4245
275,4326
275,4522
275,4641
275,4666
275,4710
275,4746
275,4810
275,4843
275,4844
275,5051
275,5215
275,5223
275,5230
275,5250
275,5251
275,5253
275,5327
275,6210
275,6213
275,6215
275,6222
275,6225
275,6226
275,6231
275,6235
275,6240
275,6252
275,6253
275,6257
275,6258
275,6263
275,6264
275,6267
275,6268
275,6271
275,6273
275,6274
275,6275
276,54
276,65
276,109
276,111
276,169
276,184
276,222
276,261
276,312
276,317
276,319
276,328
276,338
276,382
276,415
276,442
276,452
276,453
276,506
276,522
276,561
276,567
276,591
276,622
276,625
276,656
276,664
276,716
276,725
276,757
276,765
276,781
276,791
276,842
276,851
276,905
276,942
276,981
276,1070
276,1165
276,1205
276,1213
276,1256
276,1318
276,1446
276,1449
276,1459
276,1496
276,1532
276,1569
276,1617
276,1628
276,1690
276,1726
276,1818
276,1865
276,1894
276,1913
276,2006
276,2053
276,2067
276,2071
276,2121
276,2162
276,2222
276,2245
276,2251
276,2286
276,2330
276,2386
276,2547
276,2805
276,2836
276,2859
276,2860
276,2864
276,2992
276,3045
276,3066
276,3422
276,3688
276,3810
276,3858
276,3883
276,4052
276,4169
276,4189
276,4247
276,4265
276,4280
276,4290
276,4306
276,4309
276,4315
276,4363
276,4377
276,4511
276,4518
276,4549
276,4550
276,4579
276,4665
276,4744
276,4852
276,4853
276,4920
276,4921
276,4959
276,5082
276,5165
276,5203
276,5282
276,5294
276,5313
276,6256
277,3
277,4
277,7
277,29
277,87
277,115
277,155
277,161
277,172
277,204
277,218
277,251
277,281
277,366
277,381
277,403
277,406
277,460
277,477
277,560
277,563
277,572
277,586
277,629
277,632
277,644
277,665
277,704
277,731
277,788
277,817
277,830
277,852
277,858
277,894
277,917
277,972
277,994
277,1004
277,1015
277,1291
277,1335
277,1352
277,1358
277,1369
277,1395
277,1397
277,1454
277,1518
277,1522
277,1567
277,1589
277,1618
277,1664
277,1670
277,1677
277,1680
277,1713
277,1725
277,1793
277,1812
277,1822
277,1875
277,1885
277,1926
277,1932
277,1946
277,1979
277,1980
277,1997
277,2021
277,2040
277,2049
277,2072
277,2084
277,2094
277,2116
277,2167
277,2200
277,2238
277,2262
277,2276
277,2281
277,2307
277,2311
277,2335
277,2339
277,2344
277,2371
277,2379
277,2401
277,2421
277,2448
277,2466
277,2552
277,2562
277,2566
277,2572
277,2578
277,2607
277,2637
277,2665
277,2688
277,2691
277,2711
277,2893
277,2925
277,2957
277,3052
277,3121
277,3152
277,3172
277,3174
277,3194
277,3221
277,3255
277,3273
277,3291
277,3297
277,3315
277,3328
277,3342
277,3354
277,3387
277,3562
277,3576
277,3623
277,3630
277,3641
277,3814
277,3829
277,3833
277,3887
277,3895
277,3898
277,3979
277,4022
277,4084
277,4337
277,4364
277,4382
277,4389
277,4392
277,4398
277,4407
277,4408
277,4466
277,4510
277,4523
277,4572
277,4586
277,4589
277,4596
277,4631
277,4654
277,4801
277,4815
277,4854
277,4876
277,4944
277,4962
277,4964
277,5059
277,5100
277,5136
277,5139
277,5158
277,5159
277,5204
277,5205
277,5206
277,5213
277,5260
277,5290
277,5293
277,5346
277,5352
277,5358
277,5395
277,5463
277,5464
277,5487
277,5505
277,5537
277,5561
277,5584
277,5689
277,5729
277,5770
277,5775
277,5841
277,6075
277,6211
278,24
278,33
278,39
278,59
278,62
278,63
278,77
278,84
278,89
278,90
278,101
278,103
278,136
278,138
278,146
278,147
278,153
278,156
278,167
278,186
278,203
278,205
278,236
278,310
278,330
278,351
278,357
278,362
278,392
278,423
278,424
278,433
278,434
278,459
278,462
278,470
278,488
278,509
278,521
278,549
278,573
278,582
278,585
278,592
278,608
278,610
278,654
278,699
278,751
278,768
278,844
278,923
278,966
278,1033
278,1058
278,1076
278,1090
278,1127
278,1142
278,1160
278,1204
278,1207
278,1281
278,1323
278,1345
278,1541
278,1543
278,1551
278,1597
278,1606
278,1616
278,1685
278,1692
278,1693
278,1698
278,1716
278,1720
278,1783
278,1785
278,1851
278,1867
278,1869
278,1887
278,1893
278,1895
278,1921
278,1969
278,1975
278,1985
278,1993
278,1994
278,2016
278,2023
278,2041
278,2054
278,2137
278,2173
278,2193
278,2213
278,2261
278,2269
278,2283
278,2324
278,2331
278,2338
278,2390
278,2494
278,2521
278,2526
278,2536
278,2582
278,2587
278,2599
278,2660
278,2699
278,2706
278,2728
278,2753
278,2823
278,2837
278,2884
278,2907
278,2919
278,2936
278,2982
278,2991
278,2999
278,3031
278,3094
278,3140
278,3242
278,3252
278,3272
278,3317
278,3350
278,3501
278,3621
278,3636
278,3760
278,3798
278,3982
278,4144
278,4339
278,4347
278,4409
278,4443
278,4454
278,4467
278,4564
278,4617
278,4643
278,4696
278,4712
278,4720
278,4726
278,4767
278,4838
278,4858
278,4877
278,4892
278,4913
278,4916
278,4923
278,4926
278,4939
278,4943
278,4949
278,4960
278,4976
278,4977
278,4992
278,4994
278,5001
278,5011
278,5047
278,5055
278,5058
278,5063
278,5105
278,5122
278,5229
278,5276
278,5344
278,5361
278,5385
278,5420
278,5493
278,5499
278,5510
278,5514
278,5519
278,5566
278,5570
278,6081
278,6100
278,6103
278,6122
278,6145
278,6173
278,6209
278,6219
278,6234
278,6266
279,26
279,36
279,41
279,73
279,78
279,94
279,97
279,107
279,108
279,109
279,132
279,140
279,148
279,165
279,170
279,196
279,197
279,199
279,215
279,243
279,252
279,260
279,271
279,307
279,331
279,334
279,349
279,376
279,377
279,383
279,391
279,409
279,419
279,426
279,428
279,496
279,501
279,531
279,539
279,599
279,666
279,673
279,686
279,703
279,722
279,759
279,793
279,799
279,811
279,823
279,831
279,868
279,890
279,906
279,932
279,937
279,946
279,963
279,996
279,1001
279,1027
279,1052
279,1053
279,1105
279,1112
279,1114
279,1126
279,1156
279,1185
279,1196
279,1219
279,1238
279,1244
279,1247
279,1266
279,1273
279,1274
279,1276
279,1341
279,1376
279,1444
279,1470
279,1472
279,1473
279,1539
279,1540
279,1570
279,1583
279,1620
279,1631
279,1674
279,1682
279,1696
279,1699
279,1714
279,1715
279,1731
279,1749
279,1757
279,1760
279,1782
279,1787
279,1788
279,1791
279,1802
279,1830
279,1836
279,1837
279,1848
279,1861
279,1870
279,1900
279,1906
279,1927
279,1928
279,1955
279,2029
279,2105
279,2119
279,2125
279,2128
279,2146
279,2153
279,2179
279,2186
279,2203
279,2218
279,2258
279,2272
279,2285
279,2290
279,2297
279,2325
279,2341
279,2404
279,2427
279,2435
279,2489
279,2495
279,2510
279,2533
279,2537
279,2553
279,2555
279,2603
279,2642
279,2654
279,2727
279,2773
279,2801
279,2824
279,2906
279,2937
279,2963
279,2965
279,2971
279,3003
279,3062
279,3091
279,3118
279,3163
279,3187
279,3230
279,3270
279,3278
279,3293
279,3327
279,3420
279,3544
279,3561
279,3649
279,3656
279,3699
279,3731
279,3771
279,3788
279,3792
279,3801
279,3880
279,3940
279,4030
279,4216
279,4247
279,4261
279,4267
279,4286
279,4317
279,4329
279,4333
279,4336
279,4341
279,4381
279,4406
279,4509
279,4538
279,4548
279,4559
279,4569
279,4576
279,4577
279,4656
279,4664
279,4672
279,4683
279,4692
279,4700
279,4703
279,4704
279,4711
279,4760
279,4772
279,4805
279,4819
279,4836
279,4904
279,4906
279,4919
279,4959
279,4965
279,5008
279,5052
279,5061
279,5086
279,5111
279,5123
279,5174
279,5186
279,5197
279,5280
279,5403
279,5428
279,5449
279,5470
279,5503
279,5513
279,5532
279,5587
279,5596
279,5605
279,5608
279,5637
279,5647
279,5671
279,5777
279,5791
279,5824
279,6070
279,6076
279,6102
279,6109
279,6113
279,6164
280,10
280,29
280,30
280,48
280,50
280,53
280,67
280,68
280,71
280,88
280,100
280,126
280,139
280,163
280,175
280,187
280,235
280,241
280,254
280,265
280,277
280,297
280,352
280,353
280,355
280,390
280,422
280,475
280,485
280,490
280,515
280,580
280,597
280,638
280,690
280,730
280,753
280,808
280,813
280,860
280,865
280,885
280,976
280,988
280,1050
280,1054
280,1062
280,1073
280,1129
280,1287
280,1290
280,1308
280,1317
280,1356
280,1363
280,1384
280,1391
280,1417
280,1421
280,1506
280,1507
280,1535
280,1586
280,1639
280,1686
280,1697
280,1784
280,1817
280,1843
280,1847
280,1871
280,1983
280,2014
280,2033
280,2062
280,2075
280,2085
280,2097
280,2142
280,2158
280,2185
280,2220
280,2314
280,2368
280,2440
280,2573
280,2630
280,2740
280,2761
280,2862
280,2869
280,2947
280,2951
280,3001
280,3012
280,3110
280,3217
280,3248
280,3260
280,3399
280,3494
280,3531
280,3537
280,3565
280,3570
280,3611
280,3648
280,3664
280,3694
280,3702
280,3738
280,3795
280,3912
280,4304
280,4318
280,4372
280,4423
280,4431
280,4433
280,4460
280,4573
280,4592
280,4606
280,4629
280,4645
280,4659
280,4698
280,4754
280,4807
280,4898
280,4925
280,4955
280,4973
280,4988
280,4995
280,5069
280,5106
280,5196
280,5212
280,5220
280,5269
280,5284
280,5298
280,5339
280,5356
280,5413
280,5426
280,5463
280,5467
280,5507
280,5554
280,5555
280,5589
280,5590
280,5593
280,5689
280,5773
280,5775
280,6116
280,6117
280,6127
280,6168
281,17
281,21
281,24
281,25
281,39
281,56
281,63
281,169
281,230
281,279
281,285
281,286
281,300
281,310
281,350
281,412
281,420
281,423
281,440
281,464
281,471
281,511
281,565
281,606
281,705
281,724
281,772
281,801
281,933
281,972
281,1040
281,1047
281,1116
281,1178
281,1187
281,1199
281,1263
281,1300
281,1319
281,1339
281,1383
281,1397
281,1422
281,1448
281,1627
281,1720
281,1794
281,1962
281,2292
281,2441
281,2616
281,2674
281,2686
281,2688
281,2706
281,2793
281,2800
281,2804
281,2866
281,2919
281,3079
281,3147
281,3161
281,3299
281,3306
281,3388
281,3451
281,3501
281,3562
281,3631
281,3696
281,3704
281,3715
281,3774
281,3785
281,3931
281,3934
281,3962
281,4035
281,4048
281,4226
281,4230
281,4272
281,4311
281,4312
281,4313
281,4375
281,4380
281,4391
281,4421
281,4595
281,4689
281,4768
281,4865
281,4866
281,4947
281,4962
281,4987
281,4994
281,5047
281,5092
281,5124
281,5167
281,5201
281,5225
281,5262
281,5325
281,5349
281,5352
281,5366
281,5368
281,5388
281,5407
281,5409
281,5431
281,5479
281,5482
281,5493
281,5501
281,5506
281,5544
281,5545
281,5552
281,5570
281,5584
281,5620
281,5644
281,5665
281,5702
281,5710
281,5729
281,5738
281,5769
281,5778
281,5851
281,5912
281,5959
281,6056
281,6114
281,6121
281,6122
281,6137
281,6154
281,6158
281,6219
281,6220
281,6234
282,7
282,9
282,35
282,36
282,41
282,42
282,66
282,73
282,78
282,90
282,108
282,128
282,138
282,140
282,153
282,165
282,196
282,197
282,203
282,213
282,349
282,351
282,366
282,367
282,379
282,398
282,401
282,402
282,409
282,531
282,548
282,557
282,571
282,573
282,599
282,654
282,680
282,722
282,723
282,760
282,768
282,811
282,814
282,820
282,937
282,951
282,955
282,967
282,995
282,1003
282,1053
282,1078
282,1156
282,1158
282,1173
282,1185
282,1204
282,1245
282,1274
282,1345
282,1374
282,1401
282,1596
282,1764
282,1850
282,1990
282,2064
282,2128
282,2179
282,2233
282,2256
282,2544
282,2785
282,2897
282,3000
282,3133
282,3420
282,3819
282,4105
282,4124
282,4132
282,4137
282,4155
282,4158
282,4210
282,4291
282,4293
282,4301
282,4364
282,4376
282,4459
282,4538
282,4581
282,4656
282,4658
282,4664
282,4753
282,4762
282,4777
282,4819
282,4836
282,5185
282,5385
282,5386
282,5403
282,5418
282,5419
282,5422
282,5433
282,5449
282,5470
282,5492
282,5494
282,5510
282,5522
282,5523
282,5536
282,5559
282,5566
282,5626
282,5635
282,5637
282,5649
282,5650
282,5660
282,5664
282,5670
282,5671
282,5673
282,5684
282,5692
282,5694
282,5699
282,5701
282,5709
282,5712
282,5717
282,5724
282,5732
282,5740
282,5749
282,5750
282,5765
282,5768
282,5791
282,5809
282,5890
282,6075
282,6085
282,6097
282,6132
282,6143
282,6148
282,6165
282,6237
283,16
283,29
283,33
283,59
283,67
283,68
283,88
283,89
283,99
283,145
283,233
283,265
283,277
283,331
283,334
283,347
283,352
283,355
283,372
283,390
283,410
283,431
283,485
283,515
283,521
283,782
283,860
283,944
283,962
283,963
283,1052
283,1129
283,1133
283,1168
283,1190
283,1417
283,1540
283,1541
283,1748
283,1774
283,1949
283,2131
283,2405
283,2535
283,2591
283,2846
283,3184
283,3309
283,3656
283,4043
283,4104
283,4138
283,4251
283,4460
283,4624
283,4629
283,4643
283,4649
283,4741
283,4754
283,4920
283,5050
283,5175
283,5390
283,5420
283,5428
283,5441
283,5460
283,5500
283,5512
283,5519
283,5633
283,5751
283,5798
283,5822
283,5860
283,5871
283,5875
283,5945
283,5963
283,5971
283,5987
283,6005
283,6081
283,6190
283,6246
284,24
284,218
284,271
284,496
284,549
284,565
284,676
284,724
284,770
284,810
284,865
284,926
284,1073
284,1101
284,1116
284,1187
284,1263
284,1319
284,1402
284,1421
284,1431
284,1652
284,1817
284,1870
284,2686
284,3003
284,3079
284,3231
284,3451
284,3704
284,4102
284,4313
284,4324
284,4421
284,4439
284,4577
284,4630
284,4712
284,4994
284,5095
284,5167
284,5201
284,5352
284,5383
284,5397
284,5413
284,5535
284,5537
284,5544
284,5561
284,5575
284,5668
284,5672
284,5689
284,5691
284,5744
284,5767
284,5770
284,5782
284,5824
284,5841
284,5942
284,5981
284,6022
284,6080
284,6113
284,6121
284,6137
284,6164
284,6181
285,94
285,189
285,196
285,203
285,367
285,398
285,458
285,571
285,681
285,941
285,1194
285,1792
285,2019
285,2233
285,2334
285,2555
285,2706
285,2919
285,3047
285,4044
285,4272
285,4294
285,4808
285,5234
285,5380
285,5393
285,5482
285,5553
285,5617
285,6067
285,6127
286,129
286,520
286,540
286,3934
286,4251
286,4275
286,4702
286,5539
287,69
287,200
287,639
287,2077
287,5399
287,5480
287,5589
287,6117
288,90
288,2179
288,2306
288,3452
288,3589
288,3775
288,4869
288,5455
289,35
289,230
289,371
289,564
289,830
289,1753
289,3395
290,402
290,434
290,858
290,906
290,3744
290,4656
310,2835
310,3123
310,3322
310,3526
310,3579
310,3675
310,3688
310,3858
310,3861
310,3863
310,3869
310,3883
310,3939
310,3965
310,4007
310,4021
310,4023
310,4034
310,4042
310,4052
310,4058
310,4065
310,4072
310,4093
310,4096
310,4106
310,4107
310,4109
310,4117
310,4128
310,4139
310,4164
310,4167
310,4175
310,4177
310,4181
310,4182
310,4200
310,4201
310,4204
310,4209
310,4213
310,4217
310,4220
310,4224
310,4229
310,4231
310,4233
310,4234
310,4235
310,4238
310,4244
310,4245
310,4326
310,4522
310,4641
310,4710
310,4746
310,4810
310,4843
310,4844
310,5051
310,5215
310,5223
310,5230
310,5250
310,5251
310,5253
310,5313
310,5327
310,6210
310,6213
310,6215
310,6222
310,6225
310,6226
310,6231
310,6235
310,6240
310,6252
310,6253
310,6256
310,6257
310,6258
310,6263
310,6264
310,6267
310,6268
310,6271
310,6273
310,6274
310,6275
311,48
311,54
311,65
311,109
311,111
311,169
311,184
311,222
311,261
311,312
311,317
311,319
311,328
311,338
311,382
311,415
311,442
311,452
311,453
311,506
311,522
311,561
311,567
311,591
311,622
311,625
311,656
311,664
311,697
311,716
311,725
311,757
311,765
311,781
311,791
311,842
311,851
311,905
311,942
311,981
311,1024
311,1070
311,1165
311,1205
311,1213
311,1256
311,1318
311,1352
311,1449
311,1459
311,1496
311,1532
311,1569
311,1617
311,1628
311,1690
311,1725
311,1726
311,1818
311,1865
311,1894
311,1913
311,2006
311,2053
311,2067
311,2071
311,2121
311,2162
311,2222
311,2245
311,2251
311,2286
311,2330
311,2386
311,2547
311,2805
311,2836
311,2859
311,2860
311,2864
311,2992
311,3045
311,3066
311,3422
311,3810
311,4169
311,4189
311,4247
311,4265
311,4280
311,4290
311,4306
311,4309
311,4315
311,4363
311,4377
311,4511
311,4518
311,4549
311,4550
311,4579
311,4665
311,4666
311,4744
311,4789
311,4852
311,4853
311,4920
311,4921
311,4959
311,5082
311,5165
311,5203
311,5282
311,5290
311,5294
312,3
312,4
312,7
312,24
312,29
312,59
312,63
312,77
312,87
312,101
312,115
312,118
312,122
312,147
312,155
312,161
312,172
312,204
312,218
312,251
312,281
312,310
312,330
312,366
312,371
312,381
312,403
312,406
312,460
312,477
312,486
312,560
312,563
312,572
312,586
312,629
312,632
312,644
312,665
312,704
312,731
312,788
312,792
312,808
312,817
312,830
312,852
312,858
312,894
312,917
312,959
312,972
312,994
312,1004
312,1012
312,1015
312,1025
312,1033
312,1335
312,1344
312,1358
312,1369
312,1388
312,1395
312,1397
312,1454
312,1491
312,1518
312,1522
312,1567
312,1589
312,1618
312,1664
312,1670
312,1677
312,1680
312,1713
312,1719
312,1721
312,1793
312,1812
312,1822
312,1875
312,1885
312,1926
312,1932
312,1946
312,1953
312,1974
312,1979
312,1980
312,1994
312,1997
312,2021
312,2025
312,2040
312,2049
312,2072
312,2084
312,2094
312,2116
312,2167
312,2200
312,2238
312,2262
312,2276
312,2281
312,2307
312,2311
312,2335
312,2339
312,2344
312,2347
312,2367
312,2371
312,2379
312,2401
312,2421
312,2446
312,2448
312,2466
312,2552
312,2562
312,2564
312,2566
312,2572
312,2578
312,2607
312,2637
312,2665
312,2688
312,2711
312,2736
312,2870
312,2893
312,2925
312,2957
312,3003
312,3052
312,3121
312,3152
312,3172
312,3174
312,3194
312,3221
312,3255
312,3262
312,3271
312,3273
312,3291
312,3297
312,3315
312,3328
312,3342
312,3354
312,3387
312,3412
312,3568
312,3576
312,3623
312,3630
312,3641
312,3814
312,3829
312,3833
312,3887
312,3895
312,3898
312,3979
312,4022
312,4337
312,4347
312,4364
312,4382
312,4389
312,4392
312,4398
312,4407
312,4408
312,4466
312,4510
312,4523
312,4572
312,4586
312,4589
312,4596
312,4599
312,4625
312,4631
312,4638
312,4654
312,4767
312,4801
312,4815
312,4854
312,4876
312,4923
312,4943
312,4944
312,4964
312,5059
312,5136
312,5139
312,5158
312,5159
312,5204
312,5205
312,5206
312,5213
312,5260
312,5293
312,5346
312,5352
312,5358
312,5395
312,5463
312,5464
312,5487
312,5493
312,5505
312,5537
312,5561
312,5570
312,5584
312,5689
312,5729
312,5770
312,5775
312,6075
312,6103
312,6112
312,6122
312,6211
312,6219
313,33
313,39
313,62
313,72
313,75
313,78
313,84
313,89
313,90
313,97
313,103
313,132
313,136
313,146
313,148
313,153
313,156
313,158
313,167
313,185
313,186
313,196
313,197
313,203
313,231
313,236
313,243
313,245
313,252
313,271
313,351
313,357
313,362
313,392
313,402
313,419
313,423
313,424
313,433
313,434
313,435
313,459
313,470
313,488
313,490
313,491
313,509
313,521
313,539
313,549
313,582
313,585
313,592
313,606
313,608
313,610
313,654
313,699
313,701
313,714
313,751
313,793
313,820
313,906
313,923
313,927
313,932
313,946
313,966
313,1050
313,1053
313,1058
313,1072
313,1076
313,1090
313,1105
313,1126
313,1127
313,1142
313,1156
313,1160
313,1175
313,1185
313,1207
313,1244
313,1251
313,1277
313,1281
313,1291
313,1300
313,1323
313,1435
313,1444
313,1472
313,1498
313,1539
313,1541
313,1543
313,1551
313,1597
313,1606
313,1616
313,1685
313,1692
313,1698
313,1699
313,1715
313,1720
313,1742
313,1757
313,1760
313,1769
313,1783
313,1785
313,1791
313,1851
313,1861
313,1866
313,1867
313,1869
313,1887
313,1891
313,1893
313,1895
313,1921
313,1927
313,1969
313,1975
313,1985
313,1993
313,2016
313,2023
313,2036
313,2041
313,2054
313,2102
313,2137
313,2148
313,2170
313,2173
313,2186
313,2187
313,2193
313,2203
313,2213
313,2261
313,2269
313,2283
313,2324
313,2331
313,2336
313,2338
313,2390
313,2408
313,2451
313,2460
313,2488
313,2494
313,2503
313,2521
313,2526
313,2536
313,2537
313,2582
313,2587
313,2599
313,2603
313,2619
313,2660
313,2671
313,2699
313,2706
313,2728
313,2753
313,2823
313,2826
313,2837
313,2884
313,2907
313,2919
313,2936
313,2963
313,2982
313,2991
313,2999
313,3012
313,3031
313,3094
313,3134
313,3140
313,3187
313,3225
313,3242
313,3252
313,3272
313,3317
313,3350
313,3370
313,3388
313,3414
313,3472
313,3498
313,3501
313,3562
313,3628
313,3636
313,3706
313,3760
313,3798
313,3812
313,3826
313,3982
313,4057
313,4144
313,4266
313,4333
313,4339
313,4406
313,4409
313,4429
313,4430
313,4443
313,4445
313,4454
313,4467
313,4559
313,4564
313,4608
313,4617
313,4643
313,4655
313,4696
313,4712
313,4720
313,4726
313,4819
313,4838
313,4846
313,4858
313,4877
313,4892
313,4904
313,4906
313,4916
313,4919
313,4926
313,4939
313,4960
313,4976
313,4977
313,4992
313,4994
313,5011
313,5020
313,5047
313,5055
313,5057
313,5058
313,5063
313,5083
313,5088
313,5105
313,5122
313,5123
313,5130
313,5229
313,5262
313,5276
313,5287
313,5344
313,5371
313,5420
313,5466
313,5499
313,5519
313,5536
313,5587
313,5605
313,5608
313,5634
313,5643
313,5647
313,5774
313,6070
313,6081
313,6173
313,6209
313,6234
313,6237
313,6266
314,6
314,26
314,30
314,36
314,41
314,60
314,68
314,71
314,73
314,79
314,88
314,94
314,100
314,102
314,107
314,109
314,117
314,119
314,131
314,138
314,140
314,163
314,165
314,170
314,175
314,187
314,199
314,205
314,215
314,235
314,260
314,265
314,277
314,331
314,334
314,347
314,349
314,372
314,376
314,377
314,383
314,401
314,409
314,422
314,426
314,428
314,455
314,475
314,479
314,501
314,502
314,515
314,517
314,528
314,531
314,536
314,548
314,573
314,580
314,599
314,666
314,667
314,673
314,676
314,680
314,684
314,686
314,703
314,722
314,724
314,743
314,753
314,759
314,768
314,770
314,799
314,809
314,811
314,813
314,823
314,835
314,866
314,868
314,937
314,943
314,948
314,949
314,960
314,963
314,988
314,1001
314,1006
314,1014
314,1027
314,1029
314,1083
314,1112
314,1114
314,1123
314,1125
314,1129
314,1132
314,1144
314,1164
314,1166
314,1196
314,1197
314,1204
314,1219
314,1231
314,1238
314,1247
314,1266
314,1273
314,1274
314,1276
314,1308
314,1321
314,1341
314,1345
314,1376
314,1384
314,1391
314,1430
314,1458
314,1470
314,1473
314,1506
314,1507
314,1535
314,1540
314,1561
314,1570
314,1573
314,1583
314,1620
314,1631
314,1639
314,1674
314,1682
314,1686
314,1693
314,1696
314,1714
314,1731
314,1749
314,1782
314,1787
314,1788
314,1789
314,1802
314,1813
314,1830
314,1836
314,1837
314,1847
314,1848
314,1870
314,1900
314,1906
314,1918
314,1928
314,1955
314,1987
314,2014
314,2027
314,2029
314,2062
314,2066
314,2085
314,2097
314,2105
314,2114
314,2119
314,2122
314,2125
314,2136
314,2153
314,2155
314,2158
314,2179
314,2185
314,2201
314,2218
314,2248
314,2258
314,2272
314,2290
314,2297
314,2322
314,2341
314,2368
314,2392
314,2404
314,2414
314,2427
314,2440
314,2489
314,2510
314,2512
314,2533
314,2544
314,2553
314,2555
314,2573
314,2642
314,2654
314,2682
314,2691
314,2709
314,2727
314,2740
314,2761
314,2773
314,2778
314,2801
314,2824
314,2852
314,2866
314,2869
314,2906
314,2920
314,2935
314,2938
314,2947
314,2960
314,2965
314,2971
314,3023
314,3062
314,3091
314,3118
314,3130
314,3163
314,3230
314,3240
314,3248
314,3249
314,3278
314,3290
314,3293
314,3327
314,3357
314,3406
314,3420
314,3439
314,3499
314,3517
314,3544
314,3561
314,3565
314,3631
314,3634
314,3649
314,3664
314,3678
314,3687
314,3694
314,3699
314,3731
314,3771
314,3788
314,3792
314,3801
314,3822
314,3880
314,3897
314,3932
314,3940
314,3962
314,4013
314,4030
314,4035
314,4037
314,4215
314,4216
314,4222
314,4228
314,4248
314,4261
314,4267
314,4286
314,4288
314,4304
314,4310
314,4317
314,4329
314,4334
314,4336
314,4341
314,4359
314,4381
314,4404
314,4415
314,4423
314,4431
314,4433
314,4450
314,4460
314,4509
314,4512
314,4538
314,4548
314,4569
314,4574
314,4576
314,4577
314,4592
314,4609
314,4616
314,4629
314,4630
314,4645
314,4664
314,4672
314,4675
314,4683
314,4692
314,4698
314,4700
314,4702
314,4703
314,4704
314,4711
314,4760
314,4762
314,4772
314,4775
314,4787
314,4790
314,4796
314,4805
314,4807
314,4833
314,4836
314,4851
314,4859
314,4898
314,4920
314,4959
314,4962
314,4965
314,4987
314,4995
314,5007
314,5033
314,5038
314,5052
314,5061
314,5069
314,5086
314,5111
314,5147
314,5174
314,5186
314,5187
314,5196
314,5220
314,5280
314,5349
314,5361
314,5403
314,5428
314,5449
314,5470
314,5479
314,5503
314,5506
314,5539
314,5554
314,5555
314,5566
314,5590
314,5593
314,5633
314,5671
314,5710
314,5791
314,5804
314,5824
314,5841
314,5894
314,6109
314,6113
314,6116
314,6121
314,6137
314,6164
315,9
315,10
315,21
315,24
315,29
315,42
315,49
315,50
315,53
315,56
315,59
315,63
315,67
315,70
315,108
315,118
315,126
315,129
315,139
315,208
315,246
315,254
315,259
315,280
315,296
315,297
315,300
315,326
315,345
315,352
315,353
315,355
315,366
315,368
315,379
315,381
315,390
315,391
315,393
315,398
315,412
315,420
315,445
315,464
315,471
315,478
315,485
315,496
315,511
315,557
315,597
315,638
315,663
315,690
315,691
315,707
315,730
315,748
315,760
315,761
315,763
315,801
315,814
315,832
315,860
315,865
315,885
315,895
315,962
315,976
315,1040
315,1047
315,1052
315,1055
315,1062
315,1116
315,1158
315,1168
315,1169
315,1187
315,1189
315,1190
315,1194
315,1199
315,1245
315,1263
315,1287
315,1290
315,1317
315,1319
315,1326
315,1334
315,1352
315,1356
315,1363
315,1374
315,1383
315,1389
315,1397
315,1401
315,1417
315,1434
315,1504
315,1546
315,1586
315,1600
315,1643
315,1667
315,1697
315,1716
315,1740
315,1750
315,1773
315,1784
315,1794
315,1800
315,1871
315,1983
315,2019
315,2033
315,2044
315,2052
315,2064
315,2079
315,2128
315,2141
315,2161
315,2164
315,2220
315,2233
315,2256
315,2292
315,2312
315,2314
315,2325
315,2334
315,2394
315,2405
315,2429
315,2441
315,2449
315,2456
315,2538
315,2567
315,2591
315,2630
315,2674
315,2686
315,2785
315,2793
315,2797
315,2798
315,2800
315,2804
315,2844
315,2862
315,2878
315,2897
315,2930
315,2945
315,2951
315,2961
315,2994
315,3001
315,3047
315,3079
315,3110
315,3147
315,3161
315,3217
315,3231
315,3251
315,3254
315,3260
315,3299
315,3399
315,3451
315,3494
315,3537
315,3555
315,3570
315,3611
315,3613
315,3625
315,3648
315,3685
315,3696
315,3702
315,3704
315,3715
315,3738
315,3769
315,3774
315,3785
315,3795
315,3799
315,3905
315,3912
315,3931
315,3997
315,4050
315,4126
315,4212
315,4230
315,4291
315,4301
315,4311
315,4312
315,4313
315,4318
315,4324
315,4331
315,4364
315,4374
315,4375
315,4376
315,4380
315,4391
315,4421
315,4488
315,4506
315,4524
315,4529
315,4573
315,4581
315,4598
315,4606
315,4624
315,4632
315,4659
315,4688
315,4689
315,4719
315,4722
315,4748
315,4753
315,4754
315,4862
315,4863
315,4865
315,4947
315,4955
315,4972
315,4973
315,4988
315,5008
315,5029
315,5043
315,5080
315,5106
315,5124
315,5125
315,5132
315,5159
315,5163
315,5167
315,5183
315,5185
315,5201
315,5212
315,5238
315,5269
315,5284
315,5298
315,5325
315,5339
315,5345
315,5352
315,5366
315,5397
315,5413
315,5426
315,5429
315,5455
315,5463
315,5464
315,5465
315,5480
315,5482
315,5494
315,5501
315,5507
315,5510
315,5535
315,5537
315,5544
315,5545
315,5550
315,5561
315,5584
315,5596
315,5614
315,5644
315,5650
315,5672
315,5689
315,5691
315,5702
315,5733
315,5770
315,5775
315,5838
315,5851
315,5955
315,6001
315,6014
315,6080
315,6100
315,6114
315,6145
315,6150
315,6154
315,6163
315,6172
315,6211
315,6219
315,6220
315,6223
316,12
316,17
316,25
316,33
316,35
316,48
316,69
316,72
316,78
316,89
316,90
316,99
316,132
316,145
316,158
316,178
316,185
316,196
316,200
316,203
316,216
316,218
316,230
316,252
316,258
316,279
316,285
316,286
316,288
316,289
316,367
316,410
316,423
316,430
316,431
316,440
316,488
316,491
316,512
316,520
316,540
316,549
316,565
316,585
316,604
316,606
316,639
316,641
316,654
316,705
316,732
316,772
316,797
316,810
316,820
316,933
316,955
316,967
316,968
316,972
316,989
316,995
316,1013
316,1026
316,1032
316,1045
316,1073
316,1078
316,1133
316,1156
316,1173
316,1249
316,1260
316,1300
316,1336
316,1339
316,1396
316,1406
316,1421
316,1422
316,1431
316,1448
316,1492
316,1541
316,1596
316,1627
316,1703
316,1748
316,1774
316,1817
316,1850
316,1932
316,1949
316,1962
316,1996
316,2002
316,2131
316,2217
316,2237
316,2479
316,2504
316,2535
316,2617
316,2634
316,2635
316,2706
316,2714
316,2719
316,2739
316,2758
316,2766
316,2846
316,2919
316,3003
316,3112
316,3133
316,3184
316,3306
316,3309
316,3388
316,3531
316,3589
316,3633
316,3656
316,3714
316,3776
316,3824
316,4048
316,4105
316,4112
316,4124
316,4132
316,4137
316,4155
316,4158
316,4210
316,4239
316,4247
316,4251
316,4272
316,4319
316,4340
316,4349
316,4358
316,4401
316,4459
316,4490
316,4595
316,4615
316,4649
316,4656
316,4658
316,4676
316,4742
316,4768
316,4819
316,4840
316,4881
316,4890
316,4925
316,4994
316,5050
316,5082
316,5083
316,5136
316,5175
316,5203
316,5225
316,5259
316,5277
316,5368
316,5386
316,5409
316,5418
316,5419
316,5422
316,5431
316,5433
316,5467
316,5492
316,5519
316,5520
316,5522
316,5523
316,5532
316,5552
316,5559
316,5570
316,5635
316,5647
316,5649
316,5664
316,5665
316,5670
316,5673
316,5685
316,5692
316,5699
316,5701
316,5703
316,5709
316,5712
316,5717
316,5724
316,5732
316,5740
316,5749
316,5750
316,5765
316,5768
316,5769
316,5777
316,5867
316,5888
316,5890
316,5912
316,5942
316,5959
316,5981
316,6022
316,6082
316,6085
316,6102
316,6111
316,6127
316,6132
316,6143
316,6151
316,6158
316,6165
316,6168
316,6207
317,16
317,18
317,36
317,73
317,88
317,94
317,100
317,109
317,138
317,140
317,169
317,189
317,205
317,213
317,219
317,220
317,235
317,265
317,271
317,324
317,331
317,334
317,372
317,437
317,453
317,500
317,517
317,564
317,571
317,722
317,723
317,799
317,808
317,811
317,888
317,910
317,941
317,963
317,1066
317,1083
317,1141
317,1270
317,1358
317,1429
317,1606
317,1652
317,1753
317,1792
317,1866
317,1893
317,2077
317,2179
317,2306
317,2368
317,2510
317,2544
317,3068
317,3187
317,3438
317,3452
317,3775
317,3822
317,3926
317,3932
317,3934
317,3962
317,4035
317,4043
317,4044
317,4104
317,4138
317,4275
317,4294
317,4460
317,4629
317,4630
317,4664
317,4712
317,4731
317,4741
317,4755
317,4762
317,4777
317,4808
317,4869
317,4906
317,4920
317,5062
317,5095
317,5104
317,5123
317,5234
317,5280
317,5383
317,5385
317,5390
317,5393
317,5399
317,5441
317,5449
317,5460
317,5479
317,5491
317,5493
317,5499
317,5500
317,5512
317,5536
317,5541
317,5553
317,5572
317,5575
317,5589
317,5633
317,5642
317,5660
317,5694
317,5695
317,5710
317,5715
317,5731
317,5751
317,5766
317,5773
317,5782
317,5798
317,5810
317,5822
317,5860
317,5866
317,5871
317,5875
317,5894
317,5945
317,5957
317,5963
317,5971
317,5987
317,6005
317,6060
317,6068
317,6076
317,6097
317,6109
317,6116
317,6117
317,6122
317,6134
317,6137
317,6139
317,6144
317,6190
317,6237
317,6246
318,7
318,104
318,129
318,146
318,187
318,202
318,259
318,350
318,366
318,381
318,398
318,412
318,471
318,521
318,580
318,676
318,681
318,684
318,830
318,988
318,1096
318,1271
318,1326
318,1418
318,1539
318,1566
318,1604
318,1794
318,1830
318,2097
318,2292
318,2326
318,2555
318,2616
318,2793
318,3062
318,3090
318,3219
318,3395
318,3501
318,3562
318,3744
318,4129
318,4130
318,4581
318,4702
318,4865
318,5420
318,5429
318,5432
318,5455
318,5463
318,5464
318,5480
318,5501
318,5535
318,5546
318,5590
318,5593
318,5616
318,5620
318,5689
318,5744
318,5767
318,5775
318,5855
318,6037
318,6080
318,6106
318,6112
318,6216
318,6219
318,6220
318,6234
319,78
319,108
319,132
319,170
319,200
319,203
319,302
319,315
319,349
319,352
319,364
319,367
319,401
319,420
319,431
319,496
319,531
319,548
319,565
319,573
319,639
319,642
319,666
319,700
319,756
319,759
319,768
319,783
319,810
319,814
319,937
319,951
319,967
319,1003
319,1078
319,1079
319,1156
319,1204
319,1245
319,1274
319,1308
319,1345
319,1431
319,1492
319,1596
319,1870
319,2128
319,2233
319,2706
319,2919
319,3186
319,3589
319,4102
319,4192
319,4230
319,4278
319,4331
319,4364
319,4538
319,4577
319,4656
319,4754
319,4819
319,4979
319,4994
319,5093
319,5110
319,5352
319,5366
319,5431
319,5470
319,5494
319,5506
319,5510
319,5514
319,5537
319,5544
319,5548
319,5561
319,5566
319,5570
319,5584
319,5617
319,5729
319,5770
319,5791
319,5824
319,5841
319,6062
319,6113
319,6114
319,6164
319,6181
319,6209
319,6211
320,16
320,24
320,29
320,36
320,88
320,89
320,94
320,140
320,153
320,213
320,230
320,300
320,372
320,410
320,437
320,485
320,515
320,557
320,571
320,941
320,944
320,997
320,1013
320,1052
320,1397
320,1540
320,1753
320,1792
320,2244
320,2306
320,2405
320,2535
320,2543
320,3411
320,3452
320,3656
320,3696
320,3775
320,4251
320,4272
320,4294
320,4624
320,4712
320,4808
320,4866
320,4869
320,5380
320,5400
320,5426
320,5545
320,6127
320,6248
321,69
321,129
321,196
321,324
321,391
321,458
321,460
321,478
321,520
321,540
321,564
321,572
321,683
321,830
321,926
321,1073
321,1101
321,1263
321,1317
321,1402
321,1421
321,1566
321,1652
321,1843
321,1888
321,1955
321,2423
321,3395
321,3744
321,4275
321,4702
321,4988
321,5095
322,200
322,258
322,288
322,315
322,364
322,639
322,641
322,1468
322,1777
322,2077
322,2555
322,3186
322,3589
322,4890
322,5399
322,5480
322,5491
322,5541
322,5589
322,6117
323,89
323,90
323,153
323,230
323,398
323,410
323,1066
323,1229
323,1753
323,2201
323,2306
323,3219
323,3452
323,3775
323,4397
323,4731
323,4869
323,5455
323,6106
324,35
324,88
324,460
324,483
324,562
324,564
324,683
324,830
324,991
324,1029
324,1568
324,1666
324,2368
324,3395
324,3744
324,4289
324,4364
324,4656
324,4997
324,5197
324,5232
325,25
325,359
325,412
325,471
325,610
325,663
325,748
325,3501
325,3562
325,3694
325,4304
325,4865
325,4962
325,5284
325,5479
325,5702
325,6154
325,6234
326,78
326,138
326,140
326,165
326,409
326,549
326,768
326,1204
326,1274
326,1345
326,2128
326,2555
326,2938
326,4538
326,5422
326,5510
326,5566
326,5570
326,5637
326,5671
326,5684
326,5791
326,6114
326,6158
326,6219
327,41
327,89
327,108
327,599
327,2405
327,4364
327,4754
328,67
328,355
345,2835
345,3123
345,3322
345,3526
345,3579
345,3675
345,3688
345,3861
345,3863
345,3869
345,3939
345,3965
345,4007
345,4021
345,4034
345,4042
345,4058
345,4065
345,4072
345,4093
345,4096
345,4106
345,4107
345,4109
345,4117
345,4128
345,4139
345,4164
345,4167
345,4175
345,4177
345,4181
345,4182
345,4200
345,4201
345,4204
345,4209
345,4213
345,4217
345,4220
345,4224
345,4229
345,4231
345,4233
345,4234
345,4235
345,4238
345,4244
345,4245
345,4326
345,4522
345,4641
345,4710
345,4746
345,4810
345,4844
345,5051
345,5215
345,5223
345,5230
345,5250
345,5251
345,5253
345,5327
345,6210
345,6213
345,6215
345,6222
345,6225
345,6226
345,6231
345,6235
345,6240
345,6252
345,6253
345,6257
345,6258
345,6263
345,6264
345,6267
345,6268
345,6271
345,6273
345,6274
345,6275
346,54
346,65
346,109
346,111
346,169
346,184
346,222
346,261
346,312
346,317
346,319
346,328
346,338
346,382
346,403
346,415
346,442
346,452
346,453
346,506
346,522
346,561
346,567
346,591
346,622
346,656
346,664
346,716
346,725
346,757
346,765
346,781
346,791
346,842
346,851
346,905
346,942
346,981
346,1024
346,1070
346,1165
346,1205
346,1213
346,1256
346,1318
346,1446
346,1449
346,1459
346,1496
346,1532
346,1617
346,1628
346,1690
346,1726
346,1818
346,1865
346,1894
346,2006
346,2053
346,2067
346,2071
346,2121
346,2162
346,2222
346,2251
346,2286
346,2330
346,2386
346,2547
346,2805
346,2836
346,2859
346,2860
346,2864
346,2992
346,3045
346,3066
346,3422
346,3810
346,3858
346,3883
346,4023
346,4052
346,4169
346,4189
346,4247
346,4265
346,4280
346,4290
346,4306
346,4309
346,4315
346,4363
346,4377
346,4511
346,4550
346,4579
346,4666
346,4744
346,4843
346,4852
346,4853
346,4920
346,4921
346,4959
346,5082
346,5165
346,5203
346,5282
346,5294
346,5313
346,6256
347,3
347,4
347,7
347,29
347,48
347,87
347,115
347,155
347,161
347,172
347,204
347,218
347,251
347,366
347,381
347,406
347,460
347,477
347,560
347,563
347,572
347,586
347,625
347,629
347,632
347,644
347,665
347,704
347,788
347,817
347,830
347,852
347,858
347,894
347,917
347,972
347,994
347,1004
347,1015
347,1169
347,1291
347,1335
347,1352
347,1358
347,1369
347,1388
347,1395
347,1397
347,1454
347,1518
347,1522
347,1567
347,1589
347,1618
347,1664
347,1670
347,1677
347,1680
347,1713
347,1721
347,1725
347,1793
347,1812
347,1822
347,1875
347,1885
347,1913
347,1926
347,1932
347,1946
347,1979
347,1980
347,1997
347,2021
347,2025
347,2040
347,2049
347,2072
347,2084
347,2094
347,2116
347,2167
347,2200
347,2238
347,2245
347,2262
347,2276
347,2281
347,2307
347,2311
347,2335
347,2339
347,2344
347,2371
347,2379
347,2401
347,2421
347,2448
347,2466
347,2562
347,2566
347,2572
347,2578
347,2607
347,2637
347,2665
347,2711
347,2870
347,2893
347,2925
347,2957
347,3052
347,3121
347,3152
347,3172
347,3174
347,3221
347,3255
347,3271
347,3273
347,3291
347,3297
347,3315
347,3328
347,3342
347,3354
347,3387
347,3576
347,3623
347,3630
347,3641
347,3674
347,3814
347,3829
347,3833
347,3887
347,3895
347,3898
347,3979
347,4022
347,4337
347,4364
347,4382
347,4389
347,4392
347,4398
347,4407
347,4408
347,4466
347,4518
347,4523
347,4572
347,4586
347,4589
347,4596
347,4631
347,4654
347,4767
347,4801
347,4815
347,4854
347,4876
347,4877
347,4944
347,4964
347,5059
347,5100
347,5136
347,5139
347,5158
347,5159
347,5204
347,5205
347,5206
347,5213
347,5260
347,5290
347,5293
347,5346
347,5352
347,5358
347,5395
347,5463
347,5464
347,5487
347,5505
347,5537
347,5561
347,5584
347,5689
347,5729
347,5770
347,5775
347,6075
347,6211
348,24
348,33
348,39
348,59
348,62
348,63
348,77
348,84
348,89
348,90
348,97
348,101
348,103
348,117
348,118
348,136
348,146
348,147
348,156
348,158
348,167
348,186
348,187
348,197
348,203
348,205
348,236
348,252
348,281
348,310
348,330
348,351
348,357
348,362
348,376
348,392
348,423
348,424
348,433
348,434
348,435
348,459
348,462
348,470
348,488
348,491
348,509
348,521
348,549
348,585
348,592
348,608
348,610
348,699
348,714
348,751
348,844
348,895
348,923
348,940
348,946
348,966
348,1012
348,1033
348,1058
348,1076
348,1090
348,1127
348,1142
348,1160
348,1175
348,1281
348,1323
348,1334
348,1435
348,1444
348,1541
348,1551
348,1597
348,1606
348,1616
348,1685
348,1692
348,1698
348,1699
348,1720
348,1769
348,1785
348,1861
348,1866
348,1867
348,1869
348,1887
348,1893
348,1895
348,1900
348,1921
348,1969
348,1975
348,1985
348,1993
348,1994
348,2016
348,2023
348,2029
348,2041
348,2054
348,2173
348,2193
348,2213
348,2261
348,2269
348,2271
348,2283
348,2324
348,2331
348,2338
348,2390
348,2427
348,2521
348,2526
348,2536
348,2552
348,2582
348,2587
348,2599
348,2660
348,2699
348,2728
348,2753
348,2837
348,2884
348,2907
348,2936
348,2982
348,2991
348,2999
348,3003
348,3031
348,3094
348,3140
348,3252
348,3317
348,3350
348,3501
348,3562
348,3621
348,3636
348,3760
348,3798
348,3982
348,4144
348,4339
348,4347
348,4409
348,4429
348,4443
348,4454
348,4467
348,4564
348,4617
348,4696
348,4712
348,4716
348,4720
348,4726
348,4858
348,4892
348,4916
348,4923
348,4926
348,4939
348,4943
348,4960
348,4976
348,4977
348,4992
348,4994
348,5001
348,5047
348,5055
348,5058
348,5063
348,5083
348,5105
348,5122
348,5229
348,5259
348,5276
348,5344
348,5385
348,5420
348,5423
348,5493
348,5499
348,5514
348,5519
348,5570
348,5647
348,5774
348,6070
348,6081
348,6100
348,6103
348,6112
348,6122
348,6145
348,6209
348,6219
349,26
349,30
349,36
349,41
349,73
349,78
349,94
349,107
349,109
349,132
349,138
349,140
349,148
349,163
349,165
349,170
349,175
349,196
349,199
349,215
349,260
349,271
349,307
349,349
349,377
349,383
349,391
349,409
349,419
349,422
349,428
349,485
349,490
349,496
349,501
349,517
349,531
349,539
349,573
349,617
349,666
349,667
349,673
349,686
349,703
349,722
349,743
349,759
349,768
349,793
349,799
349,808
349,811
349,823
349,866
349,868
349,906
349,910
349,927
349,932
349,937
349,996
349,1001
349,1027
349,1050
349,1053
349,1105
349,1112
349,1114
349,1125
349,1126
349,1144
349,1156
349,1164
349,1166
349,1185
349,1196
349,1197
349,1204
349,1207
349,1219
349,1231
349,1238
349,1244
349,1247
349,1266
349,1273
349,1274
349,1276
349,1287
349,1321
349,1341
349,1376
349,1384
349,1458
349,1472
349,1473
349,1498
349,1506
349,1539
349,1570
349,1573
349,1583
349,1586
349,1600
349,1620
349,1674
349,1682
349,1686
349,1693
349,1696
349,1714
349,1715
349,1731
349,1749
349,1757
349,1760
349,1782
349,1783
349,1787
349,1788
349,1791
349,1802
349,1836
349,1837
349,1848
349,1857
349,1859
349,1870
349,1906
349,1927
349,1928
349,1955
349,2027
349,2033
349,2097
349,2105
349,2119
349,2125
349,2148
349,2153
349,2179
349,2185
349,2186
349,2187
349,2203
349,2218
349,2258
349,2265
349,2282
349,2290
349,2297
349,2325
349,2336
349,2341
349,2404
349,2435
349,2460
349,2489
349,2494
349,2504
349,2510
349,2512
349,2533
349,2537
349,2544
349,2553
349,2603
349,2612
349,2642
349,2654
349,2706
349,2714
349,2727
349,2739
349,2750
349,2773
349,2793
349,2919
349,2937
349,2947
349,2963
349,2965
349,2971
349,3062
349,3091
349,3187
349,3230
349,3270
349,3278
349,3293
349,3388
349,3399
349,3420
349,3498
349,3517
349,3544
349,3648
349,3649
349,3664
349,3699
349,3731
349,3771
349,3788
349,3792
349,3799
349,3801
349,3822
349,3850
349,3880
349,3911
349,3932
349,3940
349,3962
349,4035
349,4190
349,4215
349,4230
349,4247
349,4261
349,4267
349,4286
349,4288
349,4317
349,4329
349,4333
349,4336
349,4341
349,4406
349,4433
349,4509
349,4538
349,4548
349,4559
349,4569
349,4576
349,4577
349,4595
349,4616
349,4632
349,4645
349,4664
349,4672
349,4683
349,4692
349,4700
349,4703
349,4704
349,4715
349,4724
349,4772
349,4787
349,4790
349,4805
349,4807
349,4819
349,4831
349,4833
349,4836
349,4859
349,4906
349,4919
349,4959
349,4965
349,4972
349,5008
349,5052
349,5061
349,5062
349,5086
349,5111
349,5123
349,5186
349,5187
349,5197
349,5262
349,5269
349,5330
349,5361
349,5387
349,5403
349,5428
349,5449
349,5470
349,5503
349,5506
349,5510
349,5532
349,5544
349,5555
349,5566
349,5587
349,5596
349,5601
349,5604
349,5605
349,5608
349,5644
349,5650
349,5710
349,5791
349,5824
349,5841
349,6076
349,6102
349,6109
349,6113
349,6116
349,6121
349,6137
349,6164
349,6220
349,6234
350,10
350,21
350,29
350,48
350,50
350,53
350,56
350,70
350,71
350,88
350,100
350,108
350,121
350,126
350,139
350,235
350,265
350,277
350,296
350,297
350,300
350,326
350,331
350,334
350,345
350,352
350,353
350,366
350,368
350,379
350,390
350,393
350,398
350,426
350,464
350,475
350,511
350,515
350,528
350,557
350,566
350,580
350,599
350,606
350,638
350,654
350,684
350,690
350,723
350,730
350,745
350,753
350,760
350,763
350,860
350,865
350,943
350,948
350,949
350,976
350,987
350,988
350,1029
350,1047
350,1052
350,1062
350,1129
350,1168
350,1189
350,1210
350,1269
350,1290
350,1308
350,1310
350,1317
350,1326
350,1356
350,1363
350,1367
350,1374
350,1406
350,1417
350,1430
350,1535
350,1540
350,1543
350,1639
350,1716
350,1773
350,1784
350,1817
350,1830
350,1847
350,1871
350,1918
350,1983
350,2014
350,2062
350,2075
350,2079
350,2085
350,2122
350,2142
350,2158
350,2164
350,2170
350,2220
350,2233
350,2240
350,2248
350,2314
350,2368
350,2414
350,2429
350,2440
350,2441
350,2456
350,2482
350,2555
350,2573
350,2591
350,2617
350,2630
350,2635
350,2674
350,2707
350,2740
350,2761
350,2785
350,2798
350,2804
350,2824
350,2844
350,2852
350,2862
350,2866
350,2869
350,2878
350,2886
350,2897
350,2900
350,2938
350,2945
350,2951
350,2961
350,3000
350,3001
350,3079
350,3110
350,3133
350,3147
350,3163
350,3170
350,3217
350,3231
350,3248
350,3249
350,3251
350,3260
350,3306
350,3494
350,3531
350,3537
350,3565
350,3570
350,3611
350,3631
350,3656
350,3678
350,3694
350,3769
350,3776
350,3795
350,3905
350,3912
350,3951
350,3997
350,4037
350,4216
350,4248
350,4304
350,4318
350,4331
350,4340
350,4364
350,4372
350,4376
350,4391
350,4404
350,4423
350,4431
350,4472
350,4488
350,4510
350,4573
350,4592
350,4630
350,4655
350,4659
350,4680
350,4688
350,4698
350,4711
350,4754
350,4775
350,4840
350,4851
350,4862
350,4863
350,4865
350,4925
350,4955
350,4962
350,4973
350,4988
350,5038
350,5069
350,5080
350,5125
350,5132
350,5156
350,5161
350,5163
350,5174
350,5185
350,5196
350,5212
350,5220
350,5284
350,5298
350,5328
350,5339
350,5349
350,5366
350,5413
350,5422
350,5426
350,5463
350,5464
350,5467
350,5479
350,5482
350,5494
350,5501
350,5507
350,5537
350,5539
350,5554
350,5562
350,5589
350,5593
350,5633
350,5689
350,5694
350,5751
350,5766
350,5773
350,5775
350,5777
350,5804
350,5866
350,6068
350,6117
350,6127
350,6139
350,6144
350,6168
350,6218
350,6223
350,6237
351,6
351,17
351,22
351,24
351,25
351,33
351,35
351,63
351,66
351,67
351,72
351,89
351,90
351,92
351,99
351,118
351,128
351,129
351,147
351,153
351,158
351,169
351,178
351,185
351,197
351,203
351,205
351,220
351,230
351,246
351,285
351,286
351,347
351,350
351,355
351,374
351,376
351,412
351,420
351,423
351,430
351,471
351,478
351,479
351,488
351,521
351,582
351,597
351,642
351,680
351,701
351,724
351,732
351,772
351,782
351,801
351,813
351,820
351,933
351,962
351,963
351,967
351,972
351,989
351,1040
351,1055
351,1073
351,1116
351,1158
351,1173
351,1187
351,1194
351,1199
351,1249
351,1300
351,1336
351,1339
351,1345
351,1391
351,1421
351,1422
351,1434
351,1448
351,1504
351,1507
351,1541
351,1546
351,1606
351,1609
351,1627
351,1643
351,1697
351,1748
351,1764
351,1794
351,1813
351,1893
351,1949
351,1978
351,1990
351,2044
351,2077
351,2090
351,2114
351,2128
351,2131
351,2141
351,2156
351,2224
351,2237
351,2292
351,2449
351,2538
351,2605
351,2616
351,2659
351,2686
351,2691
351,2766
351,2800
351,2846
351,3003
351,3072
351,3161
351,3184
351,3299
351,3309
351,3439
351,3451
351,3499
351,3501
351,3562
351,3613
351,3685
351,3696
351,3704
351,3714
351,3774
351,3785
351,3824
351,3931
351,4048
351,4105
351,4124
351,4130
351,4155
351,4210
351,4312
351,4313
351,4319
351,4324
351,4358
351,4374
351,4375
351,4380
351,4401
351,4421
351,4460
351,4501
351,4532
351,4581
351,4606
351,4629
351,4649
351,4689
351,4719
351,4722
351,4742
351,4753
351,4768
351,4898
351,4947
351,5029
351,5082
351,5083
351,5106
351,5130
351,5148
351,5167
351,5183
351,5201
351,5203
351,5225
351,5238
351,5280
351,5297
351,5325
351,5352
351,5368
351,5386
351,5397
351,5409
351,5418
351,5419
351,5423
351,5433
351,5450
351,5455
351,5492
351,5493
351,5513
351,5518
351,5522
351,5545
351,5552
351,5553
351,5559
351,5570
351,5626
351,5635
351,5637
351,5647
351,5649
351,5660
351,5664
351,5665
351,5671
351,5673
351,5685
351,5692
351,5701
351,5702
351,5709
351,5712
351,5717
351,5729
351,5738
351,5740
351,5750
351,5768
351,5769
351,5867
351,5890
351,5912
351,5942
351,5981
351,6056
351,6112
351,6114
351,6122
351,6132
351,6143
351,6154
351,6158
351,6219
352,9
352,18
352,36
352,39
352,41
352,42
352,69
352,73
352,78
352,107
352,132
352,138
352,140
352,196
352,200
352,218
352,219
352,254
352,258
352,271
352,279
352,288
352,302
352,349
352,367
352,401
352,431
352,496
352,517
352,520
352,531
352,539
352,540
352,548
352,549
352,639
352,641
352,748
352,768
352,811
352,814
352,835
352,995
352,1013
352,1032
352,1053
352,1078
352,1126
352,1156
352,1178
352,1204
352,1245
352,1274
352,1383
352,1431
352,1492
352,1596
352,1740
352,1850
352,1870
352,1897
352,1927
352,1996
352,2019
352,2136
352,2146
352,2161
352,2179
352,2190
352,2201
352,2203
352,2256
352,2334
352,2405
352,2510
352,2544
352,2895
352,3227
352,3420
352,3715
352,3764
352,4043
352,4102
352,4104
352,4132
352,4137
352,4138
352,4158
352,4230
352,4240
352,4301
352,4311
352,4343
352,4450
352,4538
352,4577
352,4643
352,4656
352,4658
352,4664
352,4702
352,4748
352,4762
352,4776
352,4777
352,4819
352,4890
352,4904
352,5136
352,5287
352,5385
352,5390
352,5400
352,5415
352,5429
352,5431
352,5441
352,5449
352,5460
352,5480
352,5510
352,5523
352,5535
352,5544
352,5550
352,5561
352,5566
352,5575
352,5614
352,5655
352,5672
352,5684
352,5691
352,5699
352,5731
352,5765
352,5770
352,5782
352,5797
352,5822
352,5824
352,5841
352,5871
352,5875
352,5894
352,5945
352,5955
352,5963
352,5971
352,5987
352,6005
352,6022
352,6070
352,6080
352,6097
352,6100
352,6111
352,6113
352,6121
352,6145
352,6181
352,6183
352,6190
352,6207
352,6209
352,6211
352,6246
353,16
353,59
353,88
353,100
353,108
353,213
353,277
353,345
353,352
353,372
353,440
353,464
353,475
353,485
353,557
353,564
353,565
353,573
353,599
353,637
353,810
353,860
353,937
353,952
353,987
353,1003
353,1065
353,1066
353,1129
353,1133
353,1192
353,1417
353,1540
353,1774
353,1806
353,1962
353,2158
353,2185
353,2244
353,2306
353,2312
353,2555
353,2706
353,2740
353,2919
353,3062
353,3452
353,3589
353,3656
353,3775
353,4251
353,4272
353,4291
353,4304
353,4349
353,4364
353,4490
353,4624
353,4676
353,4754
353,4869
353,4994
353,5092
353,5111
353,5175
353,5196
353,5322
353,5366
353,5383
353,5387
353,5399
353,5420
353,5426
353,5482
353,5500
353,5512
353,5519
353,5536
353,5589
353,5620
353,5715
353,5744
353,5751
353,5767
353,6062
353,6085
353,6106
353,6117
353,6164
353,6216
354,35
354,67
354,71
354,89
354,94
354,230
354,246
354,265
354,282
354,355
354,390
354,398
354,437
354,571
354,699
354,700
354,722
354,724
354,782
354,783
354,795
354,830
354,865
354,941
354,944
354,967
354,1116
354,1168
354,1187
354,1190
354,1308
354,1753
354,1792
354,2077
354,2482
354,2634
354,2666
354,2686
354,2804
354,2878
354,3079
354,3362
354,3395
354,3451
354,3704
354,3934
354,4105
354,4124
354,4155
354,4210
354,4294
354,4313
354,4319
354,4324
354,4391
354,4421
354,4581
354,4719
354,4808
354,4865
354,4914
354,5005
354,5029
354,5080
354,5132
354,5167
354,5201
354,5298
354,5386
354,5418
354,5419
354,5455
354,5479
354,5522
354,5635
354,5649
354,5664
354,5673
354,5692
354,5709
354,5717
354,5732
354,5740
354,5750
354,5768
354,6143
354,6148
354,6241
355,24
355,29
355,107
355,129
355,410
355,517
355,597
355,732
355,799
355,926
355,1101
355,1210
355,1396
355,2217
355,2233
355,3112
355,3744
355,4043
355,4104
355,4137
355,4138
355,4158
355,4656
355,4664
355,4702
355,4742
355,5095
355,5390
355,5441
355,5460
355,5523
355,5559
355,5572
355,5822
355,5871
355,5875
355,5945
355,5963
355,5971
355,5987
355,6005
355,6037
355,6190
355,6246
356,88
356,153
356,196
356,200
356,216
356,366
356,464
356,639
356,753
356,1401
356,1402
356,2019
356,2334
356,3589
356,4094
356,4343
356,4439
356,4731
356,4753
356,5383
356,5420
356,5492
356,5500
356,5512
356,5535
356,5548
356,5590
356,5744
356,5751
356,5767
356,6025
356,6060
356,6080
357,69
357,121
357,230
357,340
357,1753
357,1800
357,2306
357,2766
357,3452
357,3775
357,4105
357,4124
357,4132
357,4155
357,4210
357,4869
357,5418
357,5419
357,5433
357,5522
357,5635
357,5649
357,5664
357,5673
357,5692
357,5709
357,5717
357,5732
357,5740
357,5750
357,5765
357,5768
357,6085
357,6143
357,6165
357,6241
358,35
358,300
358,315
358,367
358,391
358,460
358,564
358,683
358,830
358,1210
358,1317
358,2368
358,3395
358,3744
358,4043
358,4104
358,4137
358,4138
358,4158
358,4289
358,4656
358,4988
358,5390
358,5441
358,5460
358,5523
358,5572
358,5585
358,5822
358,5871
358,5875
358,5945
358,5963
358,5971
358,5987
358,6005
358,6190
358,6246
359,25
359,412
359,471
359,3501
359,3562
359,3694
359,4304
359,4865
359,5069
359,5420
359,5492
359,5500
359,5512
359,5535
359,5744
359,5751
359,5767
359,6080
360,409
360,1274
360,1345
360,5566
360,5570
360,5791
360,6114
360,6219
380,2835
380,3123
380,3322
380,3526
380,3579
380,3675
380,3688
380,3858
380,3861
380,3863
380,3869
380,3883
380,3939
380,3965
380,4007
380,4021
380,4023
380,4034
380,4042
380,4052
380,4058
380,4065
380,4072
380,4093
380,4096
380,4106
380,4107
380,4109
380,4117
380,4128
380,4139
380,4164
380,4167
380,4175
380,4177
380,4181
380,4182
380,4200
380,4201
380,4204
380,4209
380,4213
380,4217
380,4220
380,4224
380,4229
380,4231
380,4233
380,4234
380,4235
380,4238
380,4244
380,4245
380,4326
380,4522
380,4641
380,4666
380,4710
380,4746
380,4810
380,4843
380,4844
380,5051
380,5215
380,5223
380,5230
380,5250
380,5251
380,5253
380,5313
380,5327
380,6210
380,6213
380,6215
380,6222
380,6225
380,6226
380,6231
380,6235
380,6240
380,6252
380,6253
380,6256
380,6257
380,6258
380,6263
380,6264
380,6267
380,6268
380,6271
380,6273
380,6274
380,6275
381,54
381,65
381,109
381,111
381,117
381,169
381,184
381,222
381,261
381,312
381,317
381,319
381,328
381,338
381,382
381,414
381,415
381,442
381,452
381,453
381,506
381,522
381,561
381,567
381,591
381,622
381,625
381,656
381,664
381,697
381,716
381,725
381,757
381,765
381,781
381,791
381,842
381,851
381,905
381,942
381,981
381,1024
381,1070
381,1085
381,1165
381,1205
381,1213
381,1216
381,1256
381,1318
381,1449
381,1459
381,1532
381,1569
381,1617
381,1628
381,1690
381,1726
381,1818
381,1865
381,1894
381,1913
381,2006
381,2053
381,2067
381,2071
381,2121
381,2162
381,2222
381,2245
381,2251
381,2286
381,2330
381,2386
381,2547
381,2805
381,2836
381,2859
381,2860
381,2864
381,2992
381,3045
381,3066
381,3422
381,4169
381,4189
381,4247
381,4265
381,4280
381,4290
381,4306
381,4309
381,4315
381,4363
381,4377
381,4511
381,4518
381,4550
381,4579
381,4611
381,4665
381,4744
381,4852
381,4853
381,4920
381,4921
381,4959
381,5034
381,5082
381,5165
381,5203
381,5282
381,5294
382,3
382,4
382,7
382,29
382,48
382,59
382,63
382,87
382,115
382,147
382,155
382,172
382,218
382,251
382,290
382,310
382,366
382,381
382,403
382,406
382,423
382,460
382,477
382,485
382,486
382,560
382,563
382,572
382,586
382,629
382,632
382,644
382,665
382,704
382,731
382,788
382,817
382,830
382,852
382,858
382,894
382,917
382,972
382,994
382,1004
382,1015
382,1335
382,1352
382,1358
382,1369
382,1388
382,1395
382,1397
382,1454
382,1491
382,1496
382,1518
382,1522
382,1567
382,1589
382,1618
382,1664
382,1670
382,1677
382,1680
382,1713
382,1721
382,1725
382,1793
382,1812
382,1822
382,1875
382,1885
382,1926
382,1932
382,1946
382,1953
382,1974
382,1979
382,1980
382,1994
382,1997
382,2021
382,2025
382,2040
382,2049
382,2072
382,2084
382,2094
382,2116
382,2167
382,2200
382,2235
382,2238
382,2262
382,2276
382,2281
382,2307
382,2311
382,2335
382,2339
382,2347
382,2354
382,2367
382,2371
382,2379
382,2401
382,2421
382,2448
382,2466
382,2552
382,2562
382,2564
382,2566
382,2572
382,2578
382,2607
382,2637
382,2665
382,2711
382,2736
382,2870
382,2893
382,2925
382,2957
382,3052
382,3121
382,3152
382,3172
382,3174
382,3194
382,3221
382,3255
382,3262
382,3271
382,3273
382,3291
382,3297
382,3315
382,3328
382,3342
382,3354
382,3387
382,3412
382,3495
382,3576
382,3623
382,3630
382,3641
382,3803
382,3810
382,3814
382,3829
382,3833
382,3887
382,3895
382,3898
382,3979
382,4022
382,4337
382,4364
382,4382
382,4389
382,4392
382,4398
382,4407
382,4408
382,4466
382,4478
382,4510
382,4523
382,4572
382,4586
382,4589
382,4596
382,4625
382,4631
382,4654
382,4767
382,4801
382,4815
382,4854
382,4876
382,4877
382,4943
382,4944
382,4964
382,5059
382,5136
382,5139
382,5158
382,5159
382,5204
382,5205
382,5206
382,5213
382,5260
382,5275
382,5290
382,5293
382,5346
382,5352
382,5358
382,5395
382,5463
382,5464
382,5487
382,5505
382,5537
382,5561
382,5584
382,5601
382,5689
382,5729
382,5770
382,5775
382,5841
382,6075
382,6103
382,6211
383,24
383,33
383,39
383,62
383,77
383,84
383,89
383,90
383,100
383,101
383,103
383,107
383,113
383,118
383,132
383,136
383,146
383,148
383,153
383,156
383,158
383,161
383,167
383,185
383,186
383,197
383,203
383,236
383,271
383,281
383,330
383,351
383,357
383,362
383,376
383,392
383,424
383,433
383,434
383,435
383,459
383,470
383,488
383,491
383,509
383,521
383,549
383,582
383,585
383,592
383,608
383,610
383,699
383,714
383,751
383,770
383,820
383,895
383,923
383,927
383,940
383,946
383,966
383,1012
383,1033
383,1050
383,1053
383,1058
383,1076
383,1090
383,1127
383,1142
383,1160
383,1175
383,1207
383,1281
383,1300
383,1323
383,1412
383,1444
383,1472
383,1539
383,1541
383,1543
383,1551
383,1573
383,1597
383,1606
383,1616
383,1685
383,1686
383,1692
383,1698
383,1699
383,1720
383,1769
383,1785
383,1788
383,1791
383,1803
383,1866
383,1867
383,1869
383,1887
383,1891
383,1893
383,1895
383,1921
383,1927
383,1969
383,1975
383,1985
383,1993
383,2016
383,2023
383,2036
383,2041
383,2054
383,2146
383,2170
383,2173
383,2186
383,2187
383,2193
383,2203
383,2213
383,2261
383,2269
383,2283
383,2324
383,2331
383,2336
383,2338
383,2390
383,2408
383,2459
383,2460
383,2488
383,2494
383,2503
383,2521
383,2526
383,2536
383,2582
383,2587
383,2599
383,2619
383,2660
383,2671
383,2699
383,2728
383,2753
383,2823
383,2826
383,2837
383,2884
383,2907
383,2936
383,2982
383,2991
383,2999
383,3003
383,3012
383,3031
383,3094
383,3134
383,3140
383,3187
383,3225
383,3242
383,3252
383,3260
383,3272
383,3274
383,3307
383,3317
383,3350
383,3388
383,3414
383,3472
383,3498
383,3501
383,3561
383,3562
383,3627
383,3628
383,3636
383,3658
383,3706
383,3760
383,3798
383,3826
383,3982
383,4144
383,4339
383,4347
383,4381
383,4406
383,4409
383,4429
383,4443
383,4454
383,4467
383,4564
383,4608
383,4617
383,4632
383,4655
383,4696
383,4712
383,4714
383,4716
383,4720
383,4726
383,4790
383,4838
383,4851
383,4858
383,4873
383,4892
383,4916
383,4923
383,4926
383,4939
383,4960
383,4976
383,4977
383,4992
383,4994
383,5020
383,5038
383,5047
383,5055
383,5057
383,5058
383,5063
383,5083
383,5105
383,5123
383,5130
383,5152
383,5229
383,5259
383,5276
383,5344
383,5361
383,5385
383,5420
383,5423
383,5466
383,5493
383,5499
383,5514
383,5519
383,5536
383,5555
383,5570
383,5647
383,5703
383,5774
383,6070
383,6076
383,6081
383,6100
383,6109
383,6112
383,6122
383,6137
383,6145
383,6173
383,6209
383,6219
383,6237
383,6266
384,6
384,26
384,30
384,36
384,60
384,73
384,78
384,94
384,97
384,102
384,109
384,119
384,138
384,163
384,165
384,170
384,175
384,187
384,196
384,199
384,205
384,246
384,252
384,260
384,277
384,307
384,331
384,347
384,349
384,377
384,383
384,391
384,409
384,419
384,422
384,428
384,455
384,490
384,501
384,517
384,531
384,539
384,573
384,599
384,666
384,673
384,684
384,703
384,722
384,743
384,753
384,759
384,768
384,793
384,799
384,808
384,811
384,823
384,865
384,868
384,906
384,932
384,937
384,943
384,949
384,988
384,996
384,1001
384,1014
384,1029
384,1083
384,1105
384,1126
384,1129
384,1144
384,1156
384,1185
384,1189
384,1196
384,1204
384,1219
384,1231
384,1245
384,1247
384,1266
384,1273
384,1274
384,1276
384,1341
384,1434
384,1458
384,1470
384,1473
384,1535
384,1540
384,1570
384,1583
384,1600
384,1643
384,1682
384,1693
384,1696
384,1714
384,1715
384,1731
384,1749
384,1760
384,1782
384,1783
384,1802
384,1830
384,1836
384,1837
384,1848
384,1870
384,1900
384,1906
384,1918
384,1928
384,1955
384,2014
384,2027
384,2029
384,2085
384,2097
384,2105
384,2114
384,2119
384,2125
384,2137
384,2153
384,2179
384,2185
384,2218
384,2248
384,2258
384,2272
384,2290
384,2297
384,2322
384,2325
384,2341
384,2404
384,2414
384,2427
384,2440
384,2489
384,2495
384,2510
384,2533
384,2537
384,2553
384,2555
384,2603
384,2642
384,2654
384,2682
384,2706
384,2727
384,2739
384,2750
384,2773
384,2778
384,2824
384,2852
384,2866
384,2869
384,2919
384,2920
384,2947
384,2960
384,2963
384,2965
384,3023
384,3062
384,3091
384,3118
384,3130
384,3163
384,3230
384,3278
384,3293
384,3357
384,3406
384,3420
384,3544
384,3565
384,3649
384,3664
384,3678
384,3699
384,3731
384,3771
384,3788
384,3792
384,3801
384,3880
384,3897
384,3940
384,4030
384,4247
384,4261
384,4267
384,4286
384,4288
384,4317
384,4329
384,4334
384,4336
384,4341
384,4374
384,4376
384,4415
384,4431
384,4433
384,4450
384,4509
384,4512
384,4538
384,4548
384,4559
384,4569
384,4576
384,4577
384,4592
384,4598
384,4609
384,4645
384,4664
384,4672
384,4683
384,4692
384,4698
384,4700
384,4703
384,4704
384,4711
384,4762
384,4772
384,4796
384,4805
384,4819
384,4836
384,4859
384,4898
384,4906
384,4919
384,4959
384,4965
384,4995
384,5033
384,5052
384,5061
384,5086
384,5111
384,5174
384,5186
384,5187
384,5387
384,5403
384,5409
384,5428
384,5470
384,5479
384,5503
384,5510
384,5513
384,5532
384,5566
384,5587
384,5596
384,5605
384,5608
384,5650
384,5671
384,5824
384,5894
384,6113
384,6164
384,6234
385,10
385,18
385,21
385,29
385,41
385,50
385,53
385,56
385,59
385,63
385,67
385,68
385,70
385,71
385,88
385,108
385,126
385,139
385,140
385,219
385,235
385,265
385,280
385,297
385,300
385,334
385,345
385,352
385,353
385,355
385,359
385,366
385,368
385,390
385,393
385,398
385,420
385,426
385,445
385,475
385,485
385,496
385,511
385,528
385,580
385,597
385,606
385,609
385,638
385,642
385,654
385,663
385,686
385,690
385,724
385,730
385,745
385,761
385,763
385,814
385,850
385,860
385,948
385,962
385,967
385,968
385,976
385,989
385,1047
385,1052
385,1055
385,1116
385,1125
385,1168
385,1169
385,1173
385,1187
385,1194
385,1199
385,1249
385,1287
385,1290
385,1308
385,1317
385,1334
385,1345
385,1356
385,1363
385,1384
385,1391
385,1397
385,1401
385,1417
385,1506
385,1507
385,1561
385,1586
385,1639
385,1710
385,1750
385,1773
385,1784
385,1787
385,1813
385,1843
385,1847
385,1871
385,1958
385,1983
385,2002
385,2033
385,2062
385,2064
385,2136
385,2158
385,2161
385,2220
385,2233
385,2256
385,2312
385,2314
385,2326
385,2368
385,2405
385,2429
385,2441
385,2456
385,2482
385,2512
385,2535
385,2538
385,2567
385,2591
385,2630
385,2635
385,2674
385,2686
385,2740
385,2761
385,2764
385,2785
385,2793
385,2797
385,2798
385,2800
385,2801
385,2804
385,2862
385,2878
385,2897
385,2930
385,2945
385,2951
385,2961
385,2971
385,3001
385,3079
385,3110
385,3133
385,3161
385,3170
385,3217
385,3231
385,3248
385,3249
385,3251
385,3299
385,3306
385,3399
385,3417
385,3439
385,3451
385,3494
385,3499
385,3531
385,3537
385,3555
385,3570
385,3611
385,3613
385,3631
385,3648
385,3694
385,3738
385,3769
385,3774
385,3776
385,3785
385,3795
385,3799
385,3912
385,3962
385,4035
385,4037
385,4112
385,4216
385,4230
385,4246
385,4248
385,4301
385,4304
385,4311
385,4312
385,4313
385,4318
385,4331
385,4333
385,4364
385,4372
385,4375
385,4380
385,4391
385,4423
385,4460
385,4488
385,4573
385,4606
385,4629
385,4630
385,4636
385,4637
385,4643
385,4659
385,4688
385,4689
385,4707
385,4722
385,4748
385,4753
385,4754
385,4775
385,4807
385,4808
385,4840
385,4846
385,4863
385,4865
385,4904
385,4955
385,4987
385,5008
385,5029
385,5069
385,5080
385,5106
385,5125
385,5132
385,5159
385,5167
385,5185
385,5196
385,5197
385,5212
385,5220
385,5262
385,5269
385,5284
385,5298
385,5339
385,5345
385,5349
385,5352
385,5426
385,5429
385,5455
385,5463
385,5464
385,5480
385,5506
385,5507
385,5518
385,5535
385,5537
385,5539
385,5544
385,5550
385,5561
385,5562
385,5584
385,5614
385,5633
385,5644
385,5672
385,5689
385,5710
385,5733
385,5766
385,5770
385,5775
385,5791
385,5838
385,5841
385,5955
385,6001
385,6014
385,6080
385,6102
385,6106
385,6116
385,6121
385,6127
385,6139
385,6144
385,6211
385,6220
386,7
386,17
386,24
386,25
386,33
386,48
386,49
386,72
386,90
386,99
386,100
386,104
386,118
386,128
386,129
386,132
386,158
386,185
386,203
386,218
386,230
386,279
386,285
386,286
386,289
386,324
386,350
386,376
386,379
386,410
386,412
386,471
386,479
386,491
386,515
386,520
386,540
386,565
386,585
386,674
386,680
386,732
386,772
386,783
386,801
386,810
386,813
386,820
386,829
386,832
386,835
386,883
386,888
386,910
386,916
386,927
386,933
386,963
386,1026
386,1032
386,1040
386,1045
386,1073
386,1133
386,1158
386,1263
386,1300
386,1319
386,1326
386,1339
386,1352
386,1396
386,1421
386,1422
386,1431
386,1481
386,1503
386,1541
386,1566
386,1604
386,1652
386,1676
386,1697
386,1740
386,1774
386,1794
386,1817
386,1850
386,1932
386,1949
386,1996
386,2019
386,2077
386,2128
386,2131
386,2141
386,2156
386,2164
386,2217
386,2292
386,2334
386,2449
386,2479
386,2504
386,2544
386,2573
386,2616
386,2758
386,2766
386,2844
386,2846
386,2922
386,2938
386,3112
386,3147
386,3184
386,3187
386,3219
386,3309
386,3325
386,3392
386,3501
386,3562
386,3656
386,3674
386,3696
386,3704
386,3764
386,3797
386,3824
386,3931
386,4048
386,4212
386,4239
386,4250
386,4272
386,4275
386,4349
386,4421
386,4459
386,4501
386,4595
386,4615
386,4624
386,4649
386,4676
386,4702
386,4742
386,4760
386,4790
386,4866
386,4881
386,4962
386,4988
386,4994
386,5043
386,5082
386,5083
386,5092
386,5095
386,5123
386,5130
386,5201
386,5225
386,5238
386,5277
386,5280
386,5287
386,5361
386,5366
386,5368
386,5397
386,5400
386,5413
386,5422
386,5431
386,5449
386,5465
386,5467
386,5482
386,5492
386,5494
386,5501
386,5519
386,5526
386,5545
386,5552
386,5553
386,5554
386,5570
386,5589
386,5616
386,5647
386,5660
386,5701
386,5702
386,5769
386,5773
386,5777
386,5851
386,5912
386,5981
386,6109
386,6114
386,6117
386,6137
386,6154
386,6158
386,6168
386,6207
386,6216
386,6218
386,6219
386,6223
387,69
387,73
387,78
387,89
387,94
387,109
387,138
387,146
387,169
387,175
387,187
387,196
387,200
387,205
387,254
387,271
387,302
387,331
387,349
387,367
387,374
387,401
387,430
387,431
387,440
387,453
387,517
387,531
387,548
387,557
387,571
387,639
387,681
387,684
387,748
387,753
387,760
387,768
387,799
387,858
387,885
387,949
387,951
387,955
387,972
387,988
387,995
387,1013
387,1065
387,1078
387,1094
387,1096
387,1156
387,1204
387,1260
387,1270
387,1274
387,1358
387,1383
387,1441
387,1448
387,1492
387,1539
387,1596
387,1792
387,1870
387,1893
387,2079
387,2085
387,2097
387,2179
387,2201
387,2510
387,2555
387,2706
387,2714
387,2852
387,2919
387,3000
387,3003
387,3090
387,3136
387,3186
387,3260
387,3420
387,3589
387,3715
387,3926
387,4044
387,4045
387,4291
387,4294
387,4656
387,4664
387,4712
387,4762
387,4768
387,4777
387,4819
387,4858
387,4906
387,4925
387,5057
387,5104
387,5385
387,5386
387,5393
387,5399
387,5403
387,5409
387,5423
387,5433
387,5470
387,5491
387,5493
387,5500
387,5541
387,5566
387,5575
387,5604
387,5637
387,5651
387,5665
387,5671
387,5695
387,5703
387,5715
387,5751
387,5782
387,5890
387,5894
387,5942
387,6060
387,6062
387,6070
387,6112
387,6122
387,6132
387,6134
387,6145
387,6193
387,6209
388,16
388,30
388,36
388,63
388,88
388,108
388,121
388,233
388,265
388,352
388,390
388,437
388,475
388,582
388,599
388,666
388,705
388,723
388,759
388,811
388,814
388,860
388,937
388,941
388,967
388,1053
388,1141
388,1417
388,1540
388,1748
388,1753
388,1813
388,2244
388,2306
388,2405
388,2535
388,3411
388,3452
388,3775
388,3934
388,3962
388,4035
388,4230
388,4251
388,4364
388,4431
388,4460
388,4538
388,4629
388,4658
388,4731
388,4741
388,4869
388,4972
388,5111
388,5234
388,5352
388,5420
388,5432
388,5463
388,5464
388,5620
388,5689
388,5775
388,5824
388,5841
388,6097
389,67
389,132
389,140
389,213
389,277
389,355
389,376
389,478
389,483
389,564
389,676
389,782
389,830
389,865
389,933
389,991
389,1116
389,1129
389,1187
389,1190
389,1652
389,1795
389,1962
389,3079
389,3395
389,3744
389,4275
389,4313
389,4581
389,5095
389,5494
389,5710
389,6127
390,78
390,254
390,258
390,288
390,641
390,722
390,724
390,1192
390,1507
390,2179
390,2686
390,2706
390,2919
390,3161
390,3451
390,3685
390,3704
390,4324
390,4421
390,4754
390,4819
390,4865
390,4890
390,5054
390,5167
390,5366
391,9
391,42
391,153
391,475
391,565
391,582
391,681
391,1066
391,2019
391,2306
391,3775
391,3934
391,4272
391,5092
392,35
392,213
392,460
392,564
392,572
392,683
392,830
392,3068
392,3395
392,3452
392,3589
392,5234
393,14
393,121
393,230
393,571
393,1753
393,1800
393,4869
394,300
394,391
394,562
394,1317
394,3744
394,4656
394,4988
395,663
395,748
415,2835
415,3123
415,3322
415,3526
415,3579
415,3675
415,3688
415,3861
415,3863
415,3869
415,3939
415,3965
415,4007
415,4021
415,4034
415,4042
415,4058
415,4065
415,4072
415,4093
415,4096
415,4106
415,4107
415,4109
415,4117
415,4128
415,4139
415,4164
415,4167
415,4175
415,4177
415,4182
415,4200
415,4201
415,4204
415,4209
415,4213
415,4217
415,4220
415,4224
415,4229
415,4231
415,4233
415,4234
415,4235
415,4238
415,4244
415,4245
415,4326
415,4522
415,4641
415,4710
415,4746
415,4810
415,4844
415,5051
415,5215
415,5223
415,5230
415,5250
415,5251
415,5253
415,5327
415,6210
415,6213
415,6215
415,6222
415,6225
415,6226
415,6231
415,6235
415,6240
415,6252
415,6253
415,6257
415,6258
415,6263
415,6264
415,6267
415,6268
415,6271
415,6273
415,6274
415,6275
416,48
416,54
416,65
416,109
416,111
416,169
416,184
416,222
416,261
416,312
416,317
416,319
416,328
416,338
416,382
416,403
416,415
416,442
416,452
416,453
416,506
416,522
416,561
416,567
416,591
416,622
416,625
416,656
416,664
416,716
416,725
416,757
416,765
416,781
416,791
416,842
416,851
416,905
416,942
416,981
416,1024
416,1070
416,1165
416,1205
416,1213
416,1256
416,1318
416,1449
416,1459
416,1496
416,1532
416,1617
416,1628
416,1690
416,1726
416,1818
416,1865
416,1894
416,2006
416,2053
416,2067
416,2071
416,2121
416,2162
416,2222
416,2251
416,2286
416,2330
416,2386
416,2547
416,2805
416,2836
416,2859
416,2860
416,2864
416,2992
416,3045
416,3066
416,3422
416,3810
416,3858
416,3883
416,4023
416,4052
416,4169
416,4181
416,4189
416,4247
416,4265
416,4280
416,4306
416,4309
416,4315
416,4363
416,4377
416,4511
416,4549
416,4550
416,4579
416,4665
416,4666
416,4744
416,4843
416,4852
416,4853
416,4920
416,4921
416,4959
416,5082
416,5165
416,5203
416,5282
416,5290
416,5294
416,5313
416,6256
417,3
417,4
417,7
417,29
417,63
417,87
417,115
417,155
417,172
417,204
417,218
417,251
417,281
417,366
417,381
417,406
417,460
417,477
417,560
417,563
417,572
417,586
417,629
417,632
417,644
417,665
417,704
417,731
417,788
417,808
417,817
417,830
417,852
417,858
417,894
417,917
417,972
417,994
417,1004
417,1015
417,1169
417,1335
417,1352
417,1358
417,1369
417,1395
417,1397
417,1446
417,1454
417,1518
417,1522
417,1567
417,1589
417,1618
417,1664
417,1670
417,1677
417,1680
417,1713
417,1721
417,1725
417,1793
417,1812
417,1822
417,1875
417,1885
417,1913
417,1926
417,1932
417,1946
417,1974
417,1979
417,1980
417,1994
417,1997
417,2021
417,2025
417,2040
417,2049
417,2072
417,2094
417,2116
417,2167
417,2200
417,2238
417,2245
417,2262
417,2276
417,2281
417,2307
417,2311
417,2335
417,2339
417,2344
417,2371
417,2379
417,2401
417,2421
417,2448
417,2466
417,2562
417,2566
417,2572
417,2607
417,2637
417,2665
417,2691
417,2711
417,2870
417,2893
417,2925
417,2957
417,3003
417,3052
417,3121
417,3152
417,3172
417,3174
417,3194
417,3221
417,3255
417,3271
417,3273
417,3291
417,3297
417,3315
417,3328
417,3342
417,3354
417,3387
417,3576
417,3623
417,3630
417,3641
417,3803
417,3814
417,3833
417,3887
417,3895
417,3898
417,3979
417,4022
417,4337
417,4364
417,4382
417,4389
417,4392
417,4398
417,4407
417,4408
417,4466
417,4510
417,4518
417,4523
417,4572
417,4586
417,4589
417,4596
417,4631
417,4638
417,4654
417,4767
417,4801
417,4815
417,4846
417,4854
417,4876
417,4877
417,4944
417,4964
417,5059
417,5100
417,5136
417,5139
417,5158
417,5159
417,5204
417,5205
417,5206
417,5213
417,5260
417,5293
417,5346
417,5352
417,5358
417,5395
417,5423
417,5463
417,5464
417,5487
417,5493
417,5505
417,5537
417,5570
417,5584
417,5689
417,5729
417,5770
417,5775
417,6075
417,6112
417,6122
417,6137
417,6211
417,6219
418,24
418,33
418,39
418,59
418,62
418,72
418,75
418,77
418,84
418,89
418,90
418,97
418,101
418,103
418,118
418,136
418,146
418,147
418,156
418,158
418,161
418,167
418,185
418,186
418,187
418,203
418,205
418,236
418,252
418,310
418,330
418,351
418,357
418,362
418,376
418,392
418,423
418,424
418,433
418,434
418,435
418,459
418,462
418,470
418,488
418,491
418,509
418,521
418,549
418,582
418,585
418,592
418,608
418,610
418,699
418,751
418,820
418,923
418,927
418,940
418,946
418,966
418,1012
418,1033
418,1076
418,1090
418,1127
418,1142
418,1160
418,1175
418,1281
418,1323
418,1334
418,1444
418,1541
418,1543
418,1551
418,1597
418,1606
418,1616
418,1685
418,1692
418,1698
418,1699
418,1720
418,1769
418,1785
418,1791
418,1867
418,1869
418,1887
418,1893
418,1895
418,1900
418,1921
418,1969
418,1975
418,1985
418,1993
418,2016
418,2023
418,2029
418,2041
418,2054
418,2173
418,2193
418,2213
418,2261
418,2269
418,2271
418,2283
418,2324
418,2338
418,2390
418,2451
418,2494
418,2521
418,2526
418,2552
418,2582
418,2587
418,2599
418,2660
418,2699
418,2706
418,2728
418,2753
418,2837
418,2884
418,2907
418,2936
418,2982
418,2991
418,2999
418,3031
418,3094
418,3140
418,3187
418,3252
418,3317
418,3350
418,3562
418,3621
418,3636
418,3798
418,3982
418,4057
418,4144
418,4339
418,4347
418,4409
418,4429
418,4443
418,4454
418,4467
418,4564
418,4617
418,4696
418,4712
418,4720
418,4726
418,4838
418,4858
418,4892
418,4916
418,4923
418,4926
418,4939
418,4943
418,4949
418,4960
418,4976
418,4977
418,4994
418,5001
418,5047
418,5055
418,5058
418,5062
418,5063
418,5083
418,5105
418,5122
418,5123
418,5229
418,5276
418,5344
418,5385
418,5420
418,5428
418,5499
418,5514
418,5519
418,5647
418,5703
418,5774
418,6081
418,6100
418,6103
418,6209
418,6266
419,6
419,21
419,26
419,30
419,41
419,48
419,73
419,78
419,94
419,107
419,109
419,119
419,131
419,132
419,138
419,140
419,148
419,170
419,175
419,196
419,199
419,235
419,260
419,271
419,307
419,331
419,349
419,377
419,383
419,391
419,409
419,419
419,422
419,428
419,479
419,490
419,496
419,501
419,517
419,539
419,599
419,666
419,667
419,673
419,684
419,686
419,703
419,722
419,743
419,759
419,768
419,793
419,799
419,811
419,823
419,868
419,890
419,900
419,906
419,910
419,932
419,937
419,949
419,988
419,996
419,1001
419,1027
419,1050
419,1053
419,1105
419,1112
419,1125
419,1126
419,1144
419,1156
419,1166
419,1185
419,1189
419,1196
419,1197
419,1207
419,1219
419,1221
419,1231
419,1238
419,1244
419,1247
419,1266
419,1276
419,1287
419,1341
419,1376
419,1384
419,1430
419,1458
419,1472
419,1473
419,1498
419,1506
419,1539
419,1540
419,1570
419,1573
419,1583
419,1682
419,1686
419,1693
419,1696
419,1714
419,1715
419,1731
419,1749
419,1760
419,1783
419,1787
419,1788
419,1802
419,1830
419,1836
419,1848
419,1857
419,1859
419,1866
419,1870
419,1906
419,1918
419,1927
419,1928
419,1955
419,2027
419,2033
419,2085
419,2097
419,2105
419,2119
419,2125
419,2137
419,2146
419,2153
419,2179
419,2185
419,2186
419,2187
419,2203
419,2258
419,2272
419,2282
419,2285
419,2290
419,2297
419,2331
419,2336
419,2341
419,2404
419,2414
419,2427
419,2504
419,2510
419,2512
419,2533
419,2537
419,2553
419,2573
419,2603
419,2612
419,2642
419,2654
419,2714
419,2727
419,2750
419,2773
419,2793
419,2824
419,2844
419,2852
419,2869
419,2919
419,2947
419,2963
419,2965
419,2971
419,3062
419,3091
419,3230
419,3249
419,3270
419,3278
419,3293
419,3420
419,3498
419,3544
419,3664
419,3678
419,3699
419,3731
419,3771
419,3788
419,3792
419,3799
419,3801
419,3822
419,3880
419,3911
419,3932
419,3940
419,3962
419,4035
419,4190
419,4215
419,4216
419,4230
419,4247
419,4248
419,4261
419,4266
419,4267
419,4286
419,4288
419,4317
419,4329
419,4331
419,4333
419,4336
419,4341
419,4406
419,4431
419,4433
419,4509
419,4548
419,4559
419,4569
419,4576
419,4577
419,4595
419,4645
419,4655
419,4664
419,4672
419,4683
419,4692
419,4700
419,4703
419,4704
419,4711
419,4715
419,4748
419,4762
419,4772
419,4775
419,4790
419,4805
419,4819
419,4833
419,4836
419,4859
419,4906
419,4919
419,4925
419,4959
419,4965
419,4972
419,5008
419,5052
419,5061
419,5086
419,5111
419,5130
419,5174
419,5186
419,5269
419,5330
419,5387
419,5403
419,5413
419,5449
419,5470
419,5503
419,5506
419,5532
419,5544
419,5561
419,5587
419,5605
419,5608
419,5644
419,5710
419,5824
419,5841
419,6070
419,6076
419,6109
419,6113
419,6116
419,6121
419,6164
419,6220
420,10
420,14
420,29
420,36
420,50
420,53
420,56
420,63
420,67
420,68
420,71
420,79
420,100
420,126
420,169
420,209
420,265
420,277
420,297
420,326
420,334
420,345
420,352
420,353
420,355
420,359
420,366
420,368
420,379
420,390
420,398
420,402
420,420
420,464
420,475
420,511
420,528
420,573
420,580
420,597
420,606
420,638
420,654
420,680
420,690
420,723
420,724
420,730
420,748
420,753
420,760
420,763
420,782
420,808
420,829
420,835
420,860
420,865
420,876
420,943
420,948
420,960
420,972
420,976
420,1047
420,1054
420,1055
420,1129
420,1168
420,1190
420,1194
420,1199
420,1249
420,1274
420,1290
420,1308
420,1326
420,1356
420,1363
420,1367
420,1414
420,1417
420,1434
420,1470
420,1481
420,1507
420,1535
420,1546
420,1561
420,1586
420,1639
420,1643
420,1697
420,1710
420,1716
420,1743
420,1750
420,1784
420,1813
420,1843
420,1847
420,1871
420,1958
420,1983
420,2014
420,2052
420,2062
420,2075
420,2079
420,2086
420,2158
420,2164
420,2170
420,2220
420,2233
420,2237
420,2256
420,2312
420,2314
420,2325
420,2334
420,2368
420,2429
420,2440
420,2441
420,2456
420,2460
420,2617
420,2630
420,2635
420,2674
420,2740
420,2761
420,2785
420,2798
420,2800
420,2804
420,2862
420,2866
420,2878
420,2945
420,2951
420,3001
420,3003
420,3079
420,3110
420,3131
420,3147
420,3163
420,3170
420,3217
420,3248
420,3251
420,3260
420,3299
420,3306
420,3399
420,3494
420,3501
420,3531
420,3537
420,3555
420,3565
420,3570
420,3611
420,3613
420,3648
420,3694
420,3696
420,3769
420,3776
420,3795
420,3905
420,3912
420,3997
420,4037
420,4126
420,4301
420,4304
420,4318
420,4340
420,4372
420,4374
420,4375
420,4376
420,4380
420,4391
420,4417
420,4423
420,4460
420,4472
420,4488
420,4490
420,4538
420,4573
420,4592
420,4606
420,4629
420,4630
420,4632
420,4659
420,4688
420,4698
420,4753
420,4765
420,4807
420,4840
420,4851
420,4863
420,4865
420,4881
420,4898
420,4947
420,4955
420,4962
420,4987
420,5069
420,5106
420,5124
420,5125
420,5132
420,5156
420,5185
420,5196
420,5212
420,5220
420,5228
420,5259
420,5284
420,5298
420,5339
420,5345
420,5349
420,5423
420,5429
420,5455
420,5463
420,5464
420,5467
420,5482
420,5494
420,5501
420,5507
420,5518
420,5535
420,5537
420,5550
420,5554
420,5555
420,5570
420,5593
420,5596
420,5614
420,5626
420,5632
420,5685
420,5689
420,5775
420,5777
420,6080
420,6137
420,6145
420,6168
420,6219
420,6223
420,6234
421,17
421,22
421,24
421,25
421,39
421,72
421,75
421,88
421,99
421,108
421,118
421,121
421,145
421,153
421,158
421,165
421,185
421,197
421,203
421,216
421,230
421,285
421,286
421,300
421,347
421,401
421,412
421,426
421,453
421,471
421,491
421,520
421,521
421,540
421,557
421,701
421,732
421,772
421,801
421,813
421,820
421,832
421,888
421,927
421,933
421,955
421,963
421,1026
421,1040
421,1045
421,1116
421,1158
421,1173
421,1178
421,1187
421,1204
421,1263
421,1270
421,1298
421,1300
421,1319
421,1339
421,1345
421,1391
421,1422
421,1448
421,1541
421,1606
421,1627
421,1703
421,1740
421,1782
421,1794
421,1850
421,1949
421,1990
421,2002
421,2044
421,2128
421,2131
421,2141
421,2161
421,2217
421,2449
421,2489
421,2538
421,2544
421,2555
421,2610
421,2616
421,2634
421,2659
421,2686
421,2706
421,2846
421,2938
421,3020
421,3072
421,3112
421,3161
421,3184
421,3241
421,3309
421,3439
421,3451
421,3499
421,3562
421,3631
421,3633
421,3704
421,3774
421,3785
421,3797
421,3824
421,3931
421,4048
421,4105
421,4124
421,4132
421,4137
421,4155
421,4158
421,4210
421,4311
421,4312
421,4313
421,4324
421,4364
421,4421
421,4450
421,4501
421,4581
421,4615
421,4649
421,4656
421,4689
421,4722
421,4742
421,4754
421,4768
421,4776
421,4846
421,4994
421,5029
421,5050
421,5083
421,5092
421,5167
421,5201
421,5225
421,5238
421,5277
421,5280
421,5287
421,5325
421,5352
421,5366
421,5368
421,5386
421,5397
421,5409
421,5418
421,5419
421,5422
421,5433
421,5479
421,5480
421,5492
421,5500
421,5510
421,5522
421,5523
421,5545
421,5552
421,5553
421,5559
421,5566
421,5575
421,5604
421,5634
421,5635
421,5637
421,5643
421,5649
421,5650
421,5660
421,5664
421,5665
421,5670
421,5671
421,5673
421,5692
421,5699
421,5701
421,5702
421,5709
421,5712
421,5717
421,5724
421,5729
421,5732
421,5738
421,5740
421,5749
421,5750
421,5765
421,5768
421,5769
421,5773
421,5791
421,5890
421,5912
421,5981
421,6085
421,6111
421,6112
421,6114
421,6122
421,6132
421,6143
421,6154
421,6158
421,6165
421,6216
421,6218
421,6241
422,9
422,33
422,35
422,42
422,73
422,78
422,89
422,107
422,109
422,132
422,138
422,140
422,146
422,175
422,196
422,205
422,218
422,246
422,252
422,254
422,271
422,367
422,430
422,440
422,485
422,496
422,515
422,549
422,599
422,722
422,768
422,811
422,814
422,937
422,967
422,995
422,1013
422,1032
422,1050
422,1052
422,1053
422,1065
422,1073
422,1078
422,1156
422,1189
422,1245
422,1271
422,1352
422,1383
422,1431
422,1596
422,1748
422,1764
422,1817
422,1859
422,1870
422,1893
422,2064
422,2077
422,2136
422,2179
422,2510
422,2897
422,3090
422,3136
422,3227
422,3231
422,3420
422,3574
422,3656
422,3715
422,4043
422,4102
422,4104
422,4138
422,4240
422,4278
422,4577
422,4664
422,4676
422,4702
422,4762
422,4777
422,4819
422,4906
422,5043
422,5159
422,5168
422,5380
422,5385
422,5390
422,5399
422,5431
422,5441
422,5460
422,5470
422,5493
422,5512
422,5541
422,5544
422,5561
422,5589
422,5620
422,5672
422,5691
422,5695
422,5751
422,5770
422,5782
422,5797
422,5822
422,5824
422,5841
422,5871
422,5874
422,5875
422,5894
422,5942
422,5945
422,5955
422,5963
422,5971
422,5987
422,6005
422,6022
422,6060
422,6097
422,6113
422,6117
422,6121
422,6127
422,6130
422,6181
422,6190
422,6211
422,6246
423,16
423,29
423,59
423,67
423,213
423,277
423,349
423,352
423,355
423,372
423,431
423,437
423,475
423,565
423,700
423,756
423,782
423,799
423,860
423,944
423,962
423,1003
423,1129
423,1190
423,1397
423,1417
423,1418
423,1686
423,2201
423,2336
423,2405
423,2758
423,2994
423,3438
423,3932
423,3962
423,4035
423,4230
423,4251
423,4272
423,4291
423,4349
423,4624
423,4658
423,4914
423,5393
423,5420
423,5423
423,5455
423,5463
423,5464
423,5506
423,5535
423,5537
423,5550
423,5584
423,5617
423,5644
423,5684
423,5689
423,5710
423,5744
423,5767
423,5775
423,5858
423,6037
423,6080
423,6102
423,6106
423,6116
423,6145
423,6164
424,24
424,119
424,279
424,410
424,795
424,865
424,926
424,927
424,933
424,1101
424,1116
424,1187
424,1263
424,1643
424,1962
424,2686
424,2706
424,2793
424,2919
424,3079
424,3451
424,3685
424,3704
424,3934
424,4313
424,4324
424,4421
424,4439
424,4460
424,4629
424,5005
424,5167
424,5201
424,5449
424,5647
424,6082
424,6151
424,6220
425,9
425,42
425,71
425,78
425,196
425,203
425,216
425,254
425,398
425,548
425,571
425,722
425,814
425,967
425,1194
425,1326
425,1402
425,1507
425,1888
425,2179
425,2233
425,3020
425,4538
425,4643
425,4753
425,4762
425,4819
425,4865
425,5054
425,5345
425,5366
425,5385
425,5479
425,5494
425,5572
425,6209
426,213
426,475
426,565
426,681
426,4272
426,5234
427,94
427,3068
427,5092
450,2835
450,3123
450,3322
450,3526
450,3579
450,3675
450,3688
450,3858
450,3861
450,3863
450,3869
450,3883
450,3939
450,3965
450,4007
450,4021
450,4023
450,4034
450,4042
450,4052
450,4058
450,4065
450,4072
450,4093
450,4096
450,4106
450,4107
450,4109
450,4117
450,4128
450,4139
450,4164
450,4167
450,4175
450,4177
450,4181
450,4182
450,4200
450,4201
450,4204
450,4209
450,4213
450,4217
450,4220
450,4224
450,4229
450,4231
450,4233
450,4234
450,4235
450,4238
450,4244
450,4245
450,4326
450,4522
450,4641
450,4666
450,4710
450,4746
450,4810
450,4843
450,4844
450,5051
450,5215
450,5223
450,5230
450,5250
450,5251
450,5253
450,5313
450,5327
450,6210
450,6213
450,6215
450,6222
450,6225
450,6226
450,6231
450,6235
450,6240
450,6252
450,6253
450,6256
450,6257
450,6258
450,6263
450,6264
450,6267
450,6268
450,6271
450,6273
450,6274
450,6275
451,48
451,54
451,65
451,109
451,111
451,169
451,184
451,222
451,261
451,312
451,317
451,319
451,328
451,338
451,382
451,414
451,415
451,442
451,452
451,453
451,506
451,522
451,561
451,567
451,591
451,622
451,625
451,656
451,664
451,697
451,716
451,725
451,757
451,765
451,781
451,791
451,842
451,851
451,905
451,942
451,981
451,1024
451,1070
451,1085
451,1165
451,1205
451,1213
451,1216
451,1256
451,1318
451,1449
451,1459
451,1532
451,1569
451,1617
451,1628
451,1690
451,1725
451,1726
451,1818
451,1865
451,1894
451,1913
451,2006
451,2053
451,2067
451,2071
451,2121
451,2162
451,2222
451,2245
451,2251
451,2286
451,2330
451,2386
451,2547
451,2805
451,2836
451,2859
451,2860
451,2864
451,2992
451,3045
451,3066
451,3422
451,4169
451,4189
451,4247
451,4265
451,4280
451,4306
451,4309
451,4315
451,4363
451,4377
451,4511
451,4518
451,4549
451,4550
451,4579
451,4611
451,4665
451,4744
451,4852
451,4853
451,4920
451,4921
451,4959
451,5034
451,5082
451,5165
451,5203
451,5282
451,5294
452,3
452,4
452,6
452,7
452,29
452,59
452,63
452,77
452,87
452,115
452,118
452,147
452,155
452,158
452,172
452,218
452,251
452,281
452,290
452,310
452,330
452,366
452,381
452,403
452,406
452,460
452,477
452,486
452,560
452,563
452,572
452,586
452,629
452,632
452,644
452,665
452,704
452,743
452,788
452,808
452,817
452,852
452,858
452,894
452,917
452,972
452,994
452,1004
452,1015
452,1033
452,1335
452,1352
452,1358
452,1369
452,1395
452,1397
452,1454
452,1491
452,1496
452,1518
452,1522
452,1567
452,1589
452,1618
452,1664
452,1670
452,1677
452,1680
452,1713
452,1721
452,1793
452,1812
452,1822
452,1875
452,1885
452,1926
452,1932
452,1946
452,1953
452,1974
452,1979
452,1980
452,1994
452,1997
452,2021
452,2025
452,2040
452,2049
452,2052
452,2072
452,2094
452,2116
452,2167
452,2200
452,2235
452,2238
452,2262
452,2276
452,2281
452,2307
452,2311
452,2335
452,2339
452,2347
452,2354
452,2367
452,2371
452,2379
452,2401
452,2421
452,2448
452,2466
452,2552
452,2562
452,2564
452,2566
452,2572
452,2578
452,2607
452,2637
452,2665
452,2711
452,2736
452,2870
452,2893
452,2903
452,2925
452,2957
452,3003
452,3052
452,3121
452,3152
452,3172
452,3174
452,3194
452,3221
452,3255
452,3262
452,3271
452,3273
452,3291
452,3297
452,3315
452,3328
452,3342
452,3354
452,3387
452,3412
452,3495
452,3576
452,3623
452,3628
452,3630
452,3641
452,3803
452,3810
452,3814
452,3833
452,3887
452,3895
452,3898
452,3979
452,4022
452,4337
452,4364
452,4382
452,4389
452,4392
452,4407
452,4408
452,4466
452,4510
452,4523
452,4567
452,4572
452,4586
452,4589
452,4596
452,4625
452,4631
452,4638
452,4654
452,4712
452,4767
452,4801
452,4815
452,4846
452,4854
452,4876
452,4943
452,4944
452,4964
452,5047
452,5059
452,5136
452,5139
452,5158
452,5159
452,5204
452,5205
452,5206
452,5213
452,5260
452,5275
452,5290
452,5293
452,5346
452,5352
452,5358
452,5395
452,5423
452,5463
452,5464
452,5487
452,5493
452,5505
452,5537
452,5561
452,5570
452,5584
452,5689
452,5729
452,5770
452,5775
452,6075
452,6112
452,6122
452,6137
452,6211
452,6219
453,12
453,24
453,33
453,39
453,58
453,72
453,75
453,84
453,89
453,90
453,97
453,100
453,103
453,107
453,119
453,132
453,136
453,146
453,148
453,156
453,161
453,167
453,185
453,186
453,203
453,205
453,236
453,252
453,256
453,271
453,326
453,345
453,351
453,357
453,362
453,376
453,392
453,419
453,423
453,424
453,433
453,434
453,435
453,459
453,470
453,488
453,490
453,491
453,509
453,521
453,528
453,529
453,539
453,549
453,582
453,585
453,592
453,606
453,608
453,610
453,699
453,701
453,731
453,751
453,793
453,811
453,820
453,835
453,923
453,927
453,932
453,940
453,946
453,966
453,989
453,1012
453,1026
453,1027
453,1050
453,1053
453,1055
453,1058
453,1072
453,1076
453,1090
453,1108
453,1126
453,1127
453,1142
453,1160
453,1175
453,1189
453,1207
453,1244
453,1251
453,1274
453,1277
453,1281
453,1323
453,1327
453,1444
453,1472
453,1498
453,1539
453,1540
453,1541
453,1543
453,1551
453,1573
453,1597
453,1606
453,1616
453,1685
453,1692
453,1698
453,1699
453,1720
453,1760
453,1769
453,1783
453,1785
453,1867
453,1869
453,1887
453,1891
453,1893
453,1895
453,1921
453,1927
453,1969
453,1975
453,1985
453,1993
453,2016
453,2023
453,2036
453,2041
453,2054
453,2097
453,2137
453,2146
453,2153
453,2170
453,2173
453,2186
453,2187
453,2193
453,2203
453,2213
453,2261
453,2269
453,2283
453,2324
453,2331
453,2336
453,2338
453,2390
453,2408
453,2440
453,2460
453,2488
453,2494
453,2521
453,2526
453,2536
453,2537
453,2582
453,2587
453,2599
453,2603
453,2619
453,2660
453,2671
453,2699
453,2706
453,2728
453,2753
453,2765
453,2823
453,2826
453,2837
453,2884
453,2907
453,2919
453,2936
453,2963
453,2982
453,2991
453,2999
453,3012
453,3031
453,3094
453,3134
453,3140
453,3187
453,3225
453,3242
453,3249
453,3252
453,3272
453,3274
453,3317
453,3350
453,3414
453,3472
453,3561
453,3562
453,3627
453,3636
453,3658
453,3706
453,3760
453,3798
453,3826
453,3982
453,4144
453,4310
453,4339
453,4347
453,4381
453,4406
453,4409
453,4417
453,4429
453,4443
453,4454
453,4467
453,4538
453,4564
453,4608
453,4617
453,4643
453,4655
453,4696
453,4720
453,4726
453,4851
453,4858
453,4862
453,4877
453,4892
453,4906
453,4916
453,4919
453,4923
453,4926
453,4939
453,4960
453,4976
453,4977
453,4992
453,4994
453,5011
453,5020
453,5038
453,5055
453,5058
453,5063
453,5083
453,5105
453,5122
453,5123
453,5130
453,5171
453,5229
453,5276
453,5344
453,5361
453,5409
453,5420
453,5428
453,5429
453,5455
453,5466
453,5499
453,5514
453,5519
453,5535
453,5536
453,5550
453,5604
453,5614
453,5632
453,5647
453,5774
453,5955
453,6070
453,6076
453,6080
453,6081
453,6103
453,6106
453,6145
453,6173
453,6209
453,6237
453,6266
454,5
454,8
454,18
454,26
454,41
454,48
454,60
454,71
454,73
454,78
454,79
454,94
454,102
454,109
454,126
454,138
454,140
454,162
454,163
454,170
454,175
454,179
454,187
454,190
454,196
454,198
454,199
454,215
454,235
454,246
454,258
454,260
454,277
454,280
454,307
454,331
454,334
454,349
454,377
454,383
454,391
454,398
454,422
454,428
454,475
454,496
454,501
454,511
454,517
454,536
454,580
454,642
454,666
454,667
454,673
454,681
454,684
454,686
454,703
454,706
454,707
454,722
454,759
454,768
454,770
454,795
454,799
454,815
454,823
454,865
454,868
454,890
454,906
454,937
454,943
454,948
454,949
454,988
454,996
454,1001
454,1014
454,1054
454,1083
454,1105
454,1112
454,1123
454,1129
454,1144
454,1156
454,1166
454,1194
454,1196
454,1197
454,1219
454,1231
454,1238
454,1249
454,1260
454,1266
454,1273
454,1276
454,1298
454,1341
454,1376
454,1384
454,1434
454,1458
454,1470
454,1473
454,1506
454,1535
454,1561
454,1570
454,1583
454,1610
454,1639
454,1643
454,1682
454,1693
454,1696
454,1710
454,1714
454,1715
454,1731
454,1749
454,1782
454,1787
454,1788
454,1791
454,1802
454,1803
454,1828
454,1830
454,1836
454,1837
454,1847
454,1848
454,1870
454,1900
454,1906
454,1918
454,1928
454,1955
454,1996
454,2014
454,2027
454,2029
454,2062
454,2066
454,2085
454,2090
454,2105
454,2114
454,2119
454,2125
454,2136
454,2158
454,2179
454,2185
454,2218
454,2233
454,2248
454,2258
454,2272
454,2290
454,2297
454,2322
454,2325
454,2341
454,2368
454,2404
454,2414
454,2427
454,2456
454,2489
454,2510
454,2512
454,2533
454,2553
454,2567
454,2573
454,2622
454,2642
454,2654
454,2682
454,2698
454,2727
454,2740
454,2758
454,2761
454,2773
454,2778
454,2797
454,2824
454,2852
454,2866
454,2869
454,2878
454,2906
454,2922
454,2938
454,2947
454,2960
454,2965
454,2971
454,3015
454,3023
454,3062
454,3091
454,3118
454,3130
454,3163
454,3230
454,3248
454,3278
454,3293
454,3307
454,3330
454,3357
454,3406
454,3417
454,3420
454,3439
454,3499
454,3517
454,3537
454,3544
454,3565
454,3596
454,3649
454,3664
454,3687
454,3694
454,3696
454,3699
454,3731
454,3771
454,3788
454,3792
454,3799
454,3801
454,3880
454,3897
454,3932
454,3940
454,3962
454,4013
454,4035
454,4037
454,4215
454,4222
454,4230
454,4247
454,4261
454,4267
454,4286
454,4288
454,4304
454,4317
454,4319
454,4329
454,4334
454,4336
454,4341
454,4372
454,4374
454,4376
454,4423
454,4431
454,4433
454,4450
454,4460
454,4509
454,4512
454,4548
454,4559
454,4569
454,4574
454,4576
454,4577
454,4592
454,4606
454,4609
454,4629
454,4630
454,4632
454,4645
454,4664
454,4672
454,4675
454,4683
454,4692
454,4698
454,4700
454,4704
454,4707
454,4711
454,4753
454,4762
454,4772
454,4775
454,4790
454,4796
454,4805
454,4807
454,4818
454,4819
454,4836
454,4855
454,4859
454,4860
454,4865
454,4898
454,4959
454,4965
454,4987
454,4995
454,5033
454,5052
454,5061
454,5069
454,5086
454,5092
454,5111
454,5174
454,5186
454,5196
454,5212
454,5220
454,5287
454,5345
454,5349
454,5470
454,5503
454,5710
454,5824
454,5841
454,6109
454,6113
454,6116
454,6121
454,6164
454,6220
455,7
455,10
455,17
455,21
455,25
455,30
455,36
455,46
455,49
455,50
455,53
455,56
455,59
455,63
455,66
455,88
455,99
455,104
455,108
455,118
455,128
455,131
455,139
455,147
455,158
455,165
455,169
455,209
455,219
455,230
455,250
455,265
455,272
455,297
455,300
455,324
455,347
455,350
455,352
455,353
455,368
455,379
455,390
455,409
455,412
455,420
455,445
455,464
455,468
455,471
455,499
455,540
455,598
455,599
455,620
455,638
455,654
455,670
455,680
455,690
455,730
455,745
455,753
455,761
455,763
455,801
455,808
455,829
455,832
455,860
455,934
455,975
455,976
455,1029
455,1040
455,1047
455,1062
455,1116
455,1118
455,1125
455,1168
455,1178
455,1185
455,1187
455,1199
455,1271
455,1287
455,1290
455,1308
455,1317
455,1345
455,1363
455,1397
455,1412
455,1414
455,1417
455,1422
455,1430
455,1431
455,1503
455,1504
455,1507
455,1537
455,1586
455,1604
455,1667
455,1676
455,1686
455,1703
455,1740
455,1750
455,1773
455,1784
455,1813
455,1843
455,1871
455,1939
455,1983
455,2002
455,2033
455,2064
455,2075
455,2079
455,2122
455,2128
455,2129
455,2161
455,2164
455,2220
455,2256
455,2312
455,2314
455,2326
455,2334
455,2441
455,2449
455,2482
455,2535
455,2538
455,2555
455,2630
455,2674
455,2686
455,2764
455,2785
455,2793
455,2798
455,2800
455,2801
455,2804
455,2862
455,2920
455,2930
455,2951
455,2961
455,3001
455,3003
455,3020
455,3068
455,3079
455,3110
455,3133
455,3147
455,3161
455,3206
455,3217
455,3231
455,3251
455,3260
455,3299
455,3306
455,3399
455,3411
455,3451
455,3494
455,3501
455,3531
455,3555
455,3570
455,3611
455,3613
455,3631
455,3648
455,3674
455,3678
455,3685
455,3704
455,3714
455,3738
455,3769
455,3774
455,3776
455,3785
455,3795
455,3814
455,3819
455,3893
455,3912
455,3931
455,4044
455,4112
455,4248
455,4301
455,4311
455,4312
455,4313
455,4318
455,4331
455,4333
455,4335
455,4375
455,4391
455,4404
455,4488
455,4573
455,4581
455,4615
455,4624
455,4628
455,4637
455,4659
455,4680
455,4688
455,4689
455,4722
455,4748
455,4754
455,4776
455,4863
455,4881
455,4947
455,4955
455,4962
455,4972
455,4973
455,4988
455,5029
455,5080
455,5106
455,5124
455,5125
455,5132
455,5163
455,5167
455,5183
455,5185
455,5189
455,5197
455,5201
455,5225
455,5269
455,5277
455,5284
455,5298
455,5303
455,5339
455,5352
455,5356
455,5366
455,5385
455,5397
455,5415
455,5423
455,5449
455,5463
455,5464
455,5479
455,5482
455,5492
455,5493
455,5494
455,5500
455,5501
455,5506
455,5507
455,5520
455,5537
455,5544
455,5545
455,5553
455,5566
455,5570
455,5584
455,5608
455,5634
455,5643
455,5644
455,5689
455,5692
455,5701
455,5702
455,5712
455,5715
455,5738
455,5769
455,5770
455,5775
455,5791
455,5851
455,5912
455,6100
455,6102
455,6112
455,6114
455,6122
455,6127
455,6137
455,6154
455,6158
455,6219
455,6234
456,12
456,24
456,29
456,33
456,67
456,68
456,72
456,89
456,90
456,100
456,107
456,113
456,123
456,132
456,145
456,148
456,153
456,167
456,203
456,213
456,216
456,218
456,257
456,271
456,285
456,289
456,302
456,351
456,355
456,366
456,376
456,401
456,402
456,423
456,434
456,440
456,453
456,455
456,476
456,491
456,512
456,515
456,521
456,548
456,557
456,565
456,566
456,573
456,577
456,585
456,604
456,663
456,724
456,732
456,748
456,756
456,772
456,793
456,797
456,811
456,813
456,814
456,888
456,916
456,932
456,933
456,963
456,967
456,972
456,997
456,1026
456,1053
456,1150
456,1173
456,1192
456,1204
456,1274
456,1283
456,1300
456,1326
456,1339
456,1352
456,1391
456,1396
456,1448
456,1540
456,1541
456,1596
456,1627
456,1652
456,1697
456,1708
456,1794
456,1850
456,1897
456,1949
456,1960
456,1962
456,1990
456,2077
456,2131
456,2141
456,2146
456,2156
456,2203
456,2217
456,2237
456,2428
456,2479
456,2616
456,2617
456,2691
456,2706
456,2766
456,2844
456,2846
456,2903
456,2919
456,3000
456,3004
456,3072
456,3184
456,3249
456,3288
456,3309
456,3493
456,3574
456,3656
456,3764
456,3824
456,3926
456,4048
456,4102
456,4105
456,4124
456,4132
456,4137
456,4155
456,4158
456,4210
456,4239
456,4272
456,4275
456,4289
456,4294
456,4340
456,4358
456,4364
456,4380
456,4401
456,4406
456,4421
456,4459
456,4486
456,4506
456,4649
456,4655
456,4656
456,4676
456,4702
456,4719
456,4742
456,4768
456,4840
456,4858
456,4906
456,4925
456,5030
456,5043
456,5082
456,5095
456,5130
456,5203
456,5217
456,5259
456,5280
456,5322
456,5325
456,5368
456,5370
456,5386
456,5399
456,5403
456,5407
456,5409
456,5418
456,5419
456,5422
456,5429
456,5433
456,5460
456,5480
456,5491
456,5510
456,5518
456,5522
456,5523
456,5532
456,5541
456,5552
456,5559
456,5575
456,5589
456,5635
456,5637
456,5649
456,5650
456,5664
456,5665
456,5670
456,5671
456,5672
456,5673
456,5695
456,5699
456,5709
456,5717
456,5724
456,5729
456,5732
456,5733
456,5740
456,5749
456,5750
456,5765
456,5768
456,5867
456,5890
456,5894
456,5942
456,5981
456,6022
456,6056
456,6070
456,6085
456,6117
456,6132
456,6143
456,6165
456,6216
456,6218
456,6223
456,6241
457,9
457,42
457,69
457,73
457,78
457,94
457,109
457,126
457,140
457,146
457,162
457,186
457,190
457,196
457,199
457,235
457,252
457,254
457,258
457,277
457,334
457,367
457,398
457,431
457,475
457,485
457,496
457,501
457,510
457,517
457,571
457,582
457,666
457,681
457,722
457,723
457,760
457,778
457,795
457,810
457,937
457,948
457,1013
457,1022
457,1045
457,1052
457,1054
457,1073
457,1078
457,1096
457,1129
457,1156
457,1158
457,1194
457,1245
457,1270
457,1319
457,1383
457,1441
457,1546
457,1792
457,1847
457,1927
457,2019
457,2044
457,2051
457,2062
457,2086
457,2179
457,2510
457,2544
457,2643
457,2750
457,2761
457,3090
457,3136
457,3186
457,3219
457,3420
457,3715
457,3809
457,4043
457,4104
457,4130
457,4138
457,4212
457,4216
457,4291
457,4349
457,4538
457,4577
457,4664
457,4696
457,4753
457,4762
457,4765
457,4777
457,4808
457,4819
457,4865
457,4914
457,4994
457,5083
457,5092
457,5104
457,5159
457,5175
457,5220
457,5238
457,5308
457,5390
457,5420
457,5431
457,5432
457,5441
457,5455
457,5465
457,5512
457,5519
457,5535
457,5561
457,5655
457,5744
457,5751
457,5767
457,5777
457,5798
457,5822
457,5824
457,5841
457,5860
457,5871
457,5874
457,5875
457,5945
457,5963
457,5971
457,5987
457,6005
457,6060
457,6080
457,6097
457,6106
457,6109
457,6111
457,6113
457,6121
457,6181
457,6188
457,6190
457,6209
457,6246
457,6248
458,16
458,30
458,66
458,88
458,108
458,128
458,138
458,165
458,286
458,297
458,300
458,347
458,349
458,352
458,409
458,412
458,437
458,464
458,471
458,520
458,531
458,699
458,700
458,783
458,860
458,865
458,934
458,941
458,955
458,1018
458,1116
458,1141
458,1187
458,1271
458,1358
458,1417
458,1481
458,1606
458,1668
458,1743
458,1748
458,1817
458,1833
458,1870
458,1893
458,2305
458,2529
458,2543
458,2555
458,2938
458,3020
458,3079
458,3362
458,3451
458,3501
458,3685
458,3934
458,4035
458,4251
458,4324
458,4460
458,4581
458,4624
458,4629
458,4658
458,4712
458,4741
458,4904
458,4947
458,4962
458,5284
458,5366
458,5380
458,5393
458,5463
458,5464
458,5492
458,5500
458,5537
458,5590
458,5660
458,5685
458,5689
458,5692
458,5702
458,5710
458,5735
458,5738
458,5770
458,5775
458,5791
458,5912
458,5927
458,6001
458,6014
458,6116
458,6150
458,6234
459,107
459,132
459,189
459,265
459,515
459,521
459,540
459,549
459,573
459,662
459,676
459,724
459,756
459,864
459,883
459,933
459,1003
459,1204
459,1263
459,1274
459,1300
459,1345
459,1406
459,1596
459,1764
459,1774
459,2128
459,2405
459,2686
459,2706
459,2793
459,2897
459,2919
459,3177
459,3704
459,3962
459,4105
459,4124
459,4132
459,4137
459,4155
459,4158
459,4210
459,4230
459,4240
459,4313
459,4364
459,4866
459,5418
459,5419
459,5479
459,5510
459,5522
459,5523
459,5559
459,5566
459,5570
459,5572
459,5620
459,5635
459,5637
459,5647
459,5649
459,5664
459,5670
459,5671
459,5673
459,5684
459,5691
459,5699
459,5709
459,5712
459,5717
459,5724
459,5732
459,5740
459,5750
459,5765
459,5768
459,5773
459,5872
459,6072
459,6085
459,6143
459,6164
459,6165
459,6183
459,6211
459,6219
459,6220
460,9
460,24
460,29
460,36
460,42
460,78
460,89
460,140
460,153
460,170
460,203
460,254
460,366
460,367
460,398
460,410
460,485
460,557
460,580
460,597
460,599
460,753
460,810
460,814
460,849
460,944
460,967
460,1133
460,1156
460,1194
460,1326
460,1382
460,3112
460,3656
460,3799
460,4043
460,4104
460,4138
460,4272
460,4538
460,4577
460,4643
460,4656
460,4702
460,4753
460,4754
460,4762
460,4808
460,5054
460,5280
460,5352
460,5383
460,5390
460,5399
460,5441
460,5460
460,5480
460,5491
460,5494
460,5512
460,5541
460,5561
460,5585
460,5589
460,5617
460,5633
460,5822
460,5871
460,5875
460,5945
460,5963
460,5971
460,5987
460,6005
460,6025
460,6037
460,6114
460,6117
460,6190
460,6246
460,6248
461,67
461,94
461,196
461,213
461,431
461,458
461,475
461,520
461,565
461,571
461,782
461,783
461,799
461,926
461,941
461,997
461,1101
461,1397
461,1566
461,1792
461,1830
461,2077
461,2535
461,3934
461,4251
461,4294
461,4349
461,4712
461,5092
461,5234
461,5385
461,5403
461,5420
461,5429
461,5455
461,5535
461,5744
461,5751
461,5767
461,5894
461,6080
461,6127
462,324
462,666
462,1402
462,1652
462,2179
462,2201
462,2326
462,3068
462,4275
462,5095
462,5110
463,864
463,1078
463,2423
463,2555
463,4702
463,5399
464,5
464,21
464,59
464,108
464,170
464,352
464,367
464,431
464,580
464,1468
464,1955
464,2120
464,4251
464,4624
464,5280
465,16
465,3814
465,5385
465,5415
465,6100
466,89
466,129
466,972
466,5532
466,6237
467,200
467,639
467,3003
467,5519
467,6109
468,69
468,2306
468,3452
468,3775
469,371
469,460
469,564
469,830
469,3395
469,3589
469,4869
470,230
470,402
470,434
470,858
470,1753
471,3744
471,4656
485,2835
485,3123
485,3322
485,3526
485,3579
485,3675
485,3688
485,3861
485,3863
485,3869
485,3939
485,3965
485,4007
485,4021
485,4034
485,4042
485,4058
485,4065
485,4072
485,4093
485,4096
485,4106
485,4107
485,4109
485,4117
485,4128
485,4139
485,4164
485,4167
485,4175
485,4177
485,4182
485,4200
485,4201
485,4204
485,4209
485,4213
485,4217
485,4220
485,4224
485,4229
485,4231
485,4233
485,4234
485,4235
485,4238
485,4244
485,4245
485,4326
485,4522
485,4641
485,4710
485,4746
485,4810
485,4844
485,5051
485,5215
485,5223
485,5230
485,5250
485,5251
485,5253
485,5327
485,6210
485,6213
485,6215
485,6222
485,6225
485,6226
485,6231
485,6235
485,6240
485,6252
485,6253
485,6257
485,6258
485,6263
485,6264
485,6267
485,6268
485,6271
485,6273
485,6274
485,6275
486,54
486,65
486,109
486,111
486,169
486,184
486,222
486,261
486,312
486,317
486,319
486,328
486,338
486,382
486,415
486,442
486,452
486,453
486,506
486,522
486,561
486,567
486,591
486,622
486,625
486,656
486,664
486,716
486,725
486,757
486,765
486,781
486,791
486,842
486,851
486,905
486,942
486,981
486,1024
486,1070
486,1165
486,1205
486,1213
486,1256
486,1318
486,1449
486,1459
486,1496
486,1532
486,1617
486,1628
486,1690
486,1726
486,1818
486,1865
486,1894
486,2006
486,2053
486,2067
486,2071
486,2121
486,2162
486,2222
486,2251
486,2286
486,2330
486,2386
486,2547
486,2805
486,2836
486,2859
486,2860
486,2864
486,2992
486,3045
486,3066
486,3422
486,3858
486,3883
486,4023
486,4052
486,4169
486,4181
486,4189
486,4247
486,4265
486,4280
486,4306
486,4309
486,4315
486,4363
486,4377
486,4511
486,4550
486,4579
486,4665
486,4666
486,4744
486,4843
486,4852
486,4853
486,4920
486,4921
486,4959
486,5082
486,5165
486,5203
486,5282
486,5290
486,5294
486,5313
486,6256
487,3
487,4
487,7
487,29
487,48
487,87
487,90
487,115
487,155
487,172
487,204
487,218
487,251
487,366
487,371
487,381
487,403
487,406
487,460
487,477
487,486
487,560
487,563
487,572
487,586
487,629
487,632
487,644
487,665
487,704
487,731
487,788
487,817
487,830
487,852
487,858
487,894
487,917
487,972
487,994
487,1004
487,1015
487,1335
487,1352
487,1358
487,1369
487,1395
487,1397
487,1446
487,1454
487,1518
487,1522
487,1567
487,1589
487,1618
487,1664
487,1670
487,1677
487,1680
487,1713
487,1721
487,1725
487,1793
487,1812
487,1822
487,1824
487,1875
487,1885
487,1913
487,1926
487,1932
487,1974
487,1979
487,1980
487,1994
487,1997
487,2021
487,2025
487,2040
487,2049
487,2072
487,2094
487,2116
487,2167
487,2200
487,2238
487,2245
487,2262
487,2276
487,2281
487,2307
487,2311
487,2335
487,2339
487,2344
487,2371
487,2379
487,2401
487,2421
487,2448
487,2466
487,2562
487,2566
487,2572
487,2578
487,2607
487,2637
487,2665
487,2711
487,2893
487,2903
487,2925
487,2957
487,3052
487,3121
487,3152
487,3172
487,3174
487,3194
487,3221
487,3255
487,3271
487,3273
487,3291
487,3297
487,3315
487,3328
487,3342
487,3354
487,3387
487,3576
487,3623
487,3630
487,3641
487,3810
487,3814
487,3833
487,3887
487,3895
487,3898
487,3979
487,4022
487,4337
487,4364
487,4382
487,4389
487,4392
487,4398
487,4407
487,4408
487,4466
487,4510
487,4518
487,4523
487,4567
487,4572
487,4586
487,4589
487,4596
487,4631
487,4654
487,4767
487,4801
487,4815
487,4854
487,4876
487,4944
487,4964
487,5059
487,5100
487,5136
487,5139
487,5158
487,5159
487,5204
487,5205
487,5206
487,5213
487,5260
487,5293
487,5346
487,5352
487,5395
487,5463
487,5464
487,5487
487,5505
487,5537
487,5584
487,5689
487,5729
487,5770
487,5775
487,5841
487,6075
487,6103
487,6211
488,24
488,33
488,39
488,53
488,59
488,62
488,63
488,74
488,84
488,89
488,97
488,101
488,103
488,118
488,136
488,146
488,147
488,148
488,156
488,158
488,161
488,167
488,186
488,187
488,197
488,203
488,236
488,252
488,310
488,330
488,351
488,357
488,362
488,392
488,402
488,423
488,424
488,433
488,434
488,435
488,459
488,462
488,470
488,488
488,491
488,509
488,521
488,549
488,582
488,585
488,592
488,608
488,610
488,690
488,699
488,751
488,863
488,906
488,923
488,927
488,940
488,966
488,989
488,1012
488,1033
488,1058
488,1076
488,1090
488,1105
488,1127
488,1142
488,1160
488,1175
488,1207
488,1251
488,1281
488,1300
488,1323
488,1444
488,1498
488,1541
488,1543
488,1551
488,1597
488,1606
488,1616
488,1639
488,1685
488,1692
488,1693
488,1698
488,1715
488,1720
488,1769
488,1785
488,1791
488,1867
488,1869
488,1887
488,1893
488,1895
488,1921
488,1969
488,1975
488,1985
488,1993
488,2016
488,2023
488,2041
488,2054
488,2173
488,2187
488,2193
488,2261
488,2269
488,2271
488,2283
488,2324
488,2336
488,2338
488,2390
488,2451
488,2460
488,2494
488,2503
488,2521
488,2526
488,2552
488,2582
488,2587
488,2660
488,2699
488,2706
488,2728
488,2837
488,2884
488,2907
488,2936
488,2982
488,2991
488,2999
488,3003
488,3031
488,3094
488,3140
488,3252
488,3260
488,3317
488,3350
488,3562
488,3621
488,3628
488,3636
488,3760
488,3798
488,3982
488,4057
488,4144
488,4339
488,4347
488,4409
488,4417
488,4443
488,4445
488,4454
488,4467
488,4491
488,4564
488,4617
488,4655
488,4696
488,4712
488,4720
488,4726
488,4858
488,4892
488,4916
488,4923
488,4926
488,4939
488,4943
488,4960
488,4976
488,4977
488,4992
488,4994
488,5011
488,5047
488,5055
488,5058
488,5063
488,5083
488,5105
488,5183
488,5229
488,5259
488,5276
488,5344
488,5358
488,5361
488,5385
488,5420
488,5423
488,5466
488,5493
488,5499
488,5514
488,5518
488,5519
488,5536
488,5570
488,5647
488,6070
488,6076
488,6081
488,6100
488,6112
488,6122
488,6145
488,6209
488,6219
488,6237
488,6266
489,6
489,18
489,36
489,43
489,73
489,78
489,94
489,102
489,107
489,109
489,119
489,131
489,132
489,138
489,140
489,163
489,170
489,175
489,179
489,196
489,199
489,205
489,243
489,256
489,260
489,271
489,347
489,349
489,372
489,376
489,383
489,419
489,422
489,426
489,428
489,468
489,496
489,501
489,517
489,528
489,536
489,539
489,541
489,599
489,606
489,649
489,666
489,667
489,673
489,680
489,686
489,703
489,722
489,759
489,768
489,793
489,799
489,808
489,811
489,823
489,831
489,835
489,868
489,890
489,932
489,937
489,946
489,996
489,1001
489,1014
489,1027
489,1029
489,1050
489,1053
489,1073
489,1083
489,1112
489,1125
489,1126
489,1156
489,1166
489,1185
489,1196
489,1197
489,1219
489,1231
489,1238
489,1247
489,1266
489,1276
489,1341
489,1376
489,1445
489,1458
489,1468
489,1472
489,1473
489,1504
489,1506
489,1539
489,1540
489,1570
489,1583
489,1620
489,1682
489,1686
489,1696
489,1699
489,1710
489,1714
489,1731
489,1749
489,1757
489,1760
489,1783
489,1787
489,1788
489,1802
489,1828
489,1836
489,1837
489,1859
489,1861
489,1870
489,1900
489,1906
489,1918
489,1928
489,1955
489,1996
489,2014
489,2029
489,2097
489,2105
489,2119
489,2122
489,2125
489,2136
489,2137
489,2153
489,2170
489,2179
489,2185
489,2186
489,2218
489,2248
489,2258
489,2272
489,2285
489,2290
489,2293
489,2297
489,2331
489,2341
489,2368
489,2404
489,2414
489,2427
489,2440
489,2489
489,2495
489,2510
489,2512
489,2537
489,2544
489,2553
489,2603
489,2642
489,2654
489,2727
489,2750
489,2761
489,2773
489,2793
489,2801
489,2824
489,2852
489,2869
489,2919
489,2920
489,2937
489,2947
489,2963
489,2965
489,2971
489,3062
489,3091
489,3118
489,3163
489,3187
489,3230
489,3249
489,3270
489,3278
489,3293
489,3327
489,3420
489,3498
489,3537
489,3544
489,3561
489,3649
489,3664
489,3696
489,3699
489,3731
489,3771
489,3788
489,3792
489,3799
489,3801
489,3850
489,3880
489,3932
489,3940
489,3962
489,4030
489,4035
489,4216
489,4230
489,4247
489,4261
489,4266
489,4267
489,4286
489,4288
489,4317
489,4329
489,4331
489,4333
489,4336
489,4341
489,4354
489,4359
489,4381
489,4404
489,4406
489,4433
489,4509
489,4548
489,4559
489,4569
489,4576
489,4577
489,4616
489,4637
489,4645
489,4664
489,4672
489,4683
489,4692
489,4700
489,4702
489,4703
489,4704
489,4711
489,4722
489,4748
489,4772
489,4775
489,4790
489,4805
489,4819
489,4833
489,4836
489,4846
489,4898
489,4906
489,4919
489,4959
489,4965
489,4972
489,5008
489,5052
489,5061
489,5086
489,5092
489,5111
489,5123
489,5130
489,5174
489,5186
489,5197
489,5220
489,5338
489,5387
489,5403
489,5428
489,5470
489,5503
489,5506
489,5510
489,5513
489,5532
489,5544
489,5545
489,5555
489,5561
489,5587
489,5596
489,5608
489,5644
489,5710
489,5782
489,5824
489,5838
489,6109
489,6113
489,6116
489,6121
489,6137
489,6164
489,6220
490,7
490,10
490,21
490,26
490,29
490,30
490,41
490,48
490,49
490,50
490,56
490,67
490,68
490,71
490,79
490,88
490,90
490,100
490,104
490,108
490,126
490,153
490,165
490,215
490,216
490,218
490,219
490,235
490,246
490,265
490,277
490,280
490,297
490,300
490,308
490,326
490,331
490,334
490,352
490,353
490,355
490,359
490,366
490,368
490,379
490,390
490,391
490,398
490,409
490,412
490,455
490,464
490,471
490,475
490,479
490,490
490,511
490,519
490,520
490,540
490,573
490,575
490,580
490,597
490,638
490,654
490,723
490,724
490,730
490,748
490,753
490,760
490,763
490,782
490,814
490,860
490,865
490,943
490,948
490,949
490,960
490,962
490,976
490,988
490,1047
490,1054
490,1055
490,1065
490,1094
490,1129
490,1168
490,1189
490,1190
490,1194
490,1199
490,1245
490,1274
490,1287
490,1290
490,1308
490,1334
490,1356
490,1363
490,1367
490,1384
490,1391
490,1414
490,1417
490,1430
490,1431
490,1434
490,1470
490,1481
490,1507
490,1535
490,1546
490,1586
490,1610
490,1643
490,1748
490,1750
490,1773
490,1782
490,1784
490,1830
490,1847
490,1871
490,1939
490,1958
490,1983
490,2033
490,2062
490,2064
490,2079
490,2085
490,2114
490,2158
490,2161
490,2164
490,2220
490,2233
490,2256
490,2314
490,2334
490,2429
490,2441
490,2456
490,2482
490,2573
490,2617
490,2630
490,2635
490,2674
490,2740
490,2798
490,2800
490,2804
490,2844
490,2862
490,2866
490,2878
490,2897
490,2945
490,2951
490,2994
490,3001
490,3012
490,3079
490,3110
490,3147
490,3170
490,3217
490,3231
490,3248
490,3251
490,3306
490,3399
490,3409
490,3439
490,3494
490,3499
490,3501
490,3531
490,3555
490,3565
490,3570
490,3611
490,3613
490,3631
490,3648
490,3656
490,3678
490,3694
490,3738
490,3776
490,3795
490,3905
490,3911
490,3912
490,3997
490,4102
490,4126
490,4248
490,4251
490,4304
490,4318
490,4340
490,4372
490,4374
490,4375
490,4376
490,4391
490,4423
490,4431
490,4488
490,4506
490,4538
490,4573
490,4592
490,4606
490,4615
490,4624
490,4629
490,4656
490,4659
490,4680
490,4688
490,4698
490,4707
490,4724
490,4753
490,4754
490,4762
490,4765
490,4776
490,4806
490,4807
490,4840
490,4851
490,4863
490,4865
490,4877
490,4925
490,4947
490,4955
490,4962
490,4985
490,4995
490,5029
490,5043
490,5069
490,5080
490,5106
490,5109
490,5125
490,5128
490,5132
490,5156
490,5163
490,5185
490,5196
490,5212
490,5269
490,5277
490,5284
490,5289
490,5298
490,5339
490,5345
490,5352
490,5366
490,5396
490,5409
490,5413
490,5429
490,5455
490,5463
490,5467
490,5480
490,5482
490,5492
490,5494
490,5537
490,5550
490,5554
490,5593
490,5605
490,5614
490,5626
490,5634
490,5643
490,5650
490,5672
490,5685
490,5689
490,5691
490,5701
490,5702
490,5733
490,5770
490,5775
490,5777
490,5795
490,5841
490,5851
490,5894
490,5955
490,5959
490,5981
490,6080
490,6102
490,6106
490,6127
490,6154
490,6181
490,6223
490,6234
491,17
491,24
491,25
491,33
491,39
491,63
491,72
491,89
491,93
491,99
491,103
491,118
491,129
491,139
491,145
491,158
491,169
491,185
491,187
491,197
491,202
491,230
491,232
491,279
491,285
491,286
491,310
491,350
491,351
491,420
491,478
491,488
491,515
491,521
491,577
491,662
491,684
491,732
491,772
491,801
491,813
491,820
491,832
491,883
491,888
491,933
491,963
491,968
491,972
491,1026
491,1040
491,1045
491,1062
491,1116
491,1158
491,1173
491,1178
491,1187
491,1204
491,1249
491,1260
491,1263
491,1300
491,1319
491,1339
491,1345
491,1352
491,1396
491,1406
491,1412
491,1422
491,1493
491,1537
491,1541
491,1566
491,1627
491,1668
491,1678
491,1697
491,1949
491,1978
491,1990
491,2002
491,2019
491,2027
491,2044
491,2077
491,2128
491,2131
491,2141
491,2156
491,2190
491,2211
491,2237
491,2405
491,2449
491,2479
491,2504
491,2535
491,2538
491,2555
491,2567
491,2610
491,2659
491,2686
491,2706
491,2714
491,2766
491,2846
491,2886
491,2938
491,3003
491,3072
491,3112
491,3133
491,3161
491,3184
491,3219
491,3299
491,3309
491,3388
491,3403
491,3451
491,3704
491,3712
491,3769
491,3774
491,3785
491,3824
491,3931
491,4048
491,4105
491,4124
491,4132
491,4137
491,4155
491,4158
491,4210
491,4212
491,4239
491,4275
491,4311
491,4312
491,4313
491,4324
491,4349
491,4364
491,4380
491,4401
491,4421
491,4439
491,4450
491,4459
491,4460
491,4486
491,4501
491,4565
491,4581
491,4595
491,4630
491,4632
491,4649
491,4689
491,4729
491,4742
491,4859
491,4941
491,4973
491,4994
491,5082
491,5083
491,5136
491,5159
491,5161
491,5167
491,5175
491,5201
491,5203
491,5225
491,5238
491,5280
491,5325
491,5330
491,5349
491,5368
491,5386
491,5399
491,5418
491,5419
491,5422
491,5433
491,5449
491,5464
491,5465
491,5479
491,5491
491,5493
491,5500
491,5501
491,5507
491,5522
491,5523
491,5535
491,5541
491,5552
491,5559
491,5566
491,5570
491,5589
491,5604
491,5635
491,5649
491,5651
491,5664
491,5665
491,5670
491,5673
491,5692
491,5699
491,5709
491,5712
491,5715
491,5717
491,5724
491,5730
491,5732
491,5740
491,5750
491,5765
491,5768
491,5769
491,5791
491,5912
491,6022
491,6085
491,6112
491,6114
491,6117
491,6122
491,6143
491,6158
491,6165
491,6168
491,6177
491,6218
491,6219
492,9
492,18
492,42
492,69
492,73
492,78
492,94
492,107
492,132
492,140
492,146
492,196
492,200
492,203
492,254
492,258
492,271
492,324
492,374
492,423
492,440
492,485
492,491
492,496
492,501
492,517
492,549
492,582
492,599
492,639
492,641
492,642
492,666
492,680
492,690
492,759
492,797
492,799
492,849
492,915
492,955
492,967
492,995
492,1013
492,1032
492,1052
492,1073
492,1141
492,1156
492,1161
492,1166
492,1185
492,1197
492,1208
492,1271
492,1342
492,1383
492,1397
492,1448
492,1606
492,1652
492,1667
492,1740
492,1794
492,1813
492,1817
492,1893
492,1897
492,2179
492,2201
492,2217
492,2326
492,2368
492,2510
492,2591
492,2785
492,2793
492,2919
492,3136
492,3186
492,3260
492,3420
492,3519
492,3562
492,3574
492,3633
492,3715
492,3799
492,3962
492,4035
492,4037
492,4043
492,4104
492,4138
492,4230
492,4272
492,4291
492,4301
492,4403
492,4577
492,4643
492,4655
492,4702
492,4722
492,4748
492,4768
492,4777
492,4819
492,4890
492,4904
492,5095
492,5104
492,5110
492,5127
492,5187
492,5228
492,5287
492,5380
492,5383
492,5385
492,5390
492,5393
492,5397
492,5441
492,5460
492,5470
492,5512
492,5539
492,5544
492,5553
492,5572
492,5575
492,5584
492,5590
492,5599
492,5633
492,5644
492,5655
492,5703
492,5729
492,5749
492,5751
492,5822
492,5824
492,5871
492,5875
492,5890
492,5942
492,5945
492,5963
492,5971
492,5987
492,6005
492,6060
492,6062
492,6097
492,6121
492,6132
492,6137
492,6190
492,6209
492,6216
492,6246
493,7
493,29
493,36
493,67
493,68
493,88
493,100
493,104
493,108
493,109
493,114
493,127
493,138
493,153
493,218
493,265
493,297
493,300
493,302
493,349
493,352
493,355
493,367
493,390
493,393
493,401
493,410
493,412
493,464
493,471
493,475
493,479
493,510
493,565
493,606
493,699
493,700
493,701
493,723
493,756
493,760
493,768
493,782
493,810
493,811
493,814
493,860
493,937
493,1034
493,1078
493,1172
493,1190
493,1192
493,1245
493,1326
493,1382
493,1417
493,1596
493,1604
493,1850
493,1870
493,1962
493,2244
493,2306
493,2312
493,2423
493,2529
493,2544
493,2616
493,3000
493,3062
493,3452
493,3656
493,3694
493,3696
493,3775
493,4156
493,4304
493,4354
493,4629
493,4656
493,4658
493,4664
493,4754
493,4762
493,4865
493,4869
493,4962
493,5043
493,5092
493,5128
493,5185
493,5284
493,5322
493,5366
493,5420
493,5429
493,5455
493,5492
493,5494
493,5510
493,5545
493,5550
493,5647
493,5660
493,5690
493,5710
493,5744
493,5767
493,5830
493,5855
493,6023
493,6056
493,6080
493,6106
493,6164
493,6207
493,6234
494,20
494,25
494,63
494,71
494,90
494,99
494,230
494,347
494,372
494,431
494,521
494,540
494,548
494,557
494,564
494,571
494,681
494,691
494,722
494,783
494,830
494,865
494,933
494,941
494,944
494,989
494,1045
494,1089
494,1116
494,1133
494,1173
494,1187
494,1263
494,1274
494,1300
494,1308
494,1319
494,1385
494,1402
494,1436
494,1507
494,1540
494,1541
494,1558
494,1748
494,1774
494,1792
494,1949
494,2131
494,2203
494,2553
494,2634
494,2846
494,2938
494,3079
494,3084
494,3184
494,3309
494,3438
494,3589
494,3674
494,3743
494,4105
494,4124
494,4132
494,4137
494,4155
494,4158
494,4210
494,4251
494,4294
494,4460
494,4527
494,4538
494,4581
494,4624
494,4630
494,4649
494,4712
494,4808
494,4866
494,4994
494,5033
494,5093
494,5361
494,5418
494,5419
494,5463
494,5464
494,5479
494,5500
494,5522
494,5523
494,5537
494,5559
494,5566
494,5570
494,5620
494,5635
494,5649
494,5664
494,5673
494,5684
494,5689
494,5692
494,5699
494,5709
494,5712
494,5717
494,5732
494,5740
494,5750
494,5765
494,5768
494,6001
494,6014
494,6067
494,6111
494,6113
494,6143
494,6145
494,6148
494,6217
494,6219
494,6220
495,16
495,18
495,41
495,73
495,78
495,123
495,126
495,129
495,179
495,203
495,233
495,254
495,271
495,320
495,331
495,334
495,340
495,353
495,366
495,398
495,409
495,426
495,437
495,458
495,496
495,520
495,522
495,549
495,573
495,604
495,638
495,661
495,677
495,746
495,748
495,753
495,804
495,858
495,880
495,883
495,926
495,951
495,964
495,1003
495,1101
495,1129
495,1156
495,1271
495,1431
495,1480
495,1566
495,1686
495,1753
495,1817
495,2064
495,2179
495,2233
495,2405
495,2555
495,2677
495,2698
495,2706
495,2747
495,2919
495,3306
495,3650
495,3799
495,3809
495,4043
495,4104
495,4129
495,4130
495,4138
495,4240
495,4248
495,4275
495,4322
495,4397
495,4493
495,4577
495,4634
495,4702
495,4731
495,4748
495,4819
495,4832
495,4885
495,4906
495,4985
495,5050
495,5054
495,5152
495,5188
495,5325
495,5352
495,5383
495,5390
495,5397
495,5399
495,5409
495,5441
495,5449
495,5460
495,5470
495,5480
495,5491
495,5506
495,5512
495,5514
495,5519
495,5535
495,5544
495,5553
495,5561
495,5572
495,5575
495,5585
495,5589
495,5617
495,5695
495,5731
495,5770
495,5822
495,5824
495,5841
495,5871
495,5875
495,5945
495,5963
495,5971
495,5985
495,5987
495,5992
495,6005
495,6011
495,6037
495,6117
495,6121
495,6137
495,6183
495,6190
495,6211
495,6246
496,7
496,9
496,17
496,24
496,33
496,35
496,36
496,42
496,49
496,72
496,75
496,79
496,88
496,104
496,107
496,128
496,140
496,153
496,165
496,185
496,200
496,300
496,315
496,344
496,364
496,410
496,412
496,430
496,453
496,471
496,475
496,531
496,565
496,597
496,639
496,654
496,680
496,745
496,799
496,820
496,915
496,955
496,963
496,968
496,991
496,1004
496,1050
496,1222
496,1317
496,1345
496,1379
496,1406
496,1422
496,1441
496,1544
496,1546
496,1627
496,1666
496,1703
496,2077
496,2199
496,2719
496,2740
496,2802
496,2865
496,2984
496,3062
496,3090
496,3186
496,3381
496,3501
496,3562
496,3654
496,3656
496,3744
496,3926
496,3934
496,4045
496,4272
496,4364
496,4401
496,4426
496,4656
496,4745
496,4864
496,4881
496,4962
496,4988
496,5092
496,5110
496,5129
496,5136
496,5175
496,5225
496,5234
496,5280
496,5366
496,5420
496,5455
496,5482
496,5492
496,5493
496,5536
496,5539
496,5541
496,5634
496,5643
496,5668
496,5702
496,5744
496,5751
496,5767
496,5894
496,6025
496,6076
496,6080
496,6112
496,6114
496,6122
496,6127
496,6154
496,6209
496,6234
497,29
497,69
497,70
497,89
497,90
497,108
497,138
497,145
497,155
497,178
497,196
497,213
497,218
497,257
497,439
497,768
497,813
497,885
497,1204
497,1270
497,1274
497,1339
497,1391
497,1450
497,1520
497,1764
497,1888
497,1962
497,2128
497,2306
497,3219
497,3452
497,3775
497,4349
497,4869
497,4920
497,5161
497,5370
497,5385
497,5386
497,5415
497,5432
497,5499
497,5510
497,5566
497,5570
497,5637
497,5671
497,5773
497,5791
497,6106
497,6219
498,78
498,126
498,232
498,254
498,367
498,431
498,460
498,478
498,564
498,571
498,681
498,683
498,705
498,722
498,741
498,814
498,830
498,967
498,995
498,1073
498,1383
498,2405
498,3395
498,3589
498,3715
498,3814
498,4289
498,4538
498,4754
498,4865
498,5384
498,5403
498,5466
498,5479
498,5548
498,5604
498,6145
498,6216
499,25
499,42
499,230
499,258
499,340
499,389
499,412
499,471
499,475
499,565
499,641
499,700
499,1262
499,1300
499,1753
499,1777
499,3694
499,3926
499,4272
499,4291
499,4304
499,4460
499,4629
499,4658
499,4890
499,5092
499,5232
499,5380
499,5552
499,5769
499,6070
499,6102
499,6158
499,6237
500,9
500,88
500,213
500,300
500,391
500,759
500,933
500,1468
500,1800
500,3744
500,3934
500,4656
500,4762
500,5589
500,6117
501,254
501,2077
501,5455
502,398
502,475
502,565
502,2201
502,2535
502,4272
502,5092
502,6106
503,213
503,1652
503,4275
503,5095
503,5234
520,2835
520,3123
520,3322
520,3526
520,3579
520,3675
520,3688
520,3858
520,3861
520,3863
520,3869
520,3939
520,3965
520,4007
520,4021
520,4023
520,4034
520,4042
520,4052
520,4058
520,4065
520,4072
520,4093
520,4096
520,4106
520,4107
520,4109
520,4117
520,4128
520,4139
520,4164
520,4167
520,4175
520,4177
520,4182
520,4200
520,4201
520,4204
520,4209
520,4213
520,4217
520,4220
520,4224
520,4229
520,4231
520,4233
520,4234
520,4235
520,4238
520,4244
520,4245
520,4326
520,4522
520,4641
520,4710
520,4746
520,4810
520,4843
520,4844
520,5051
520,5215
520,5223
520,5230
520,5250
520,5251
520,5253
520,5327
520,6210
520,6213
520,6215
520,6222
520,6225
520,6226
520,6231
520,6235
520,6240
520,6252
520,6253
520,6257
520,6258
520,6263
520,6264
520,6267
520,6268
520,6271
520,6273
520,6274
520,6275
521,54
521,65
521,109
521,111
521,169
521,184
521,222
521,261
521,312
521,317
521,319
521,328
521,338
521,382
521,403
521,415
521,442
521,452
521,453
521,506
521,522
521,561
521,567
521,591
521,622
521,625
521,656
521,664
521,716
521,725
521,757
521,765
521,781
521,791
521,842
521,851
521,905
521,942
521,1024
521,1070
521,1165
521,1205
521,1213
521,1256
521,1318
521,1352
521,1449
521,1459
521,1496
521,1532
521,1617
521,1628
521,1690
521,1726
521,1818
521,1865
521,1894
521,1913
521,2006
521,2053
521,2067
521,2071
521,2121
521,2162
521,2222
521,2245
521,2251
521,2286
521,2330
521,2386
521,2547
521,2805
521,2836
521,2859
521,2860
521,2864
521,2992
521,3045
521,3066
521,3422
521,3810
521,3883
521,4169
521,4181
521,4189
521,4247
521,4265
521,4280
521,4306
521,4309
521,4315
521,4363
521,4377
521,4511
521,4518
521,4550
521,4579
521,4665
521,4666
521,4744
521,4852
521,4853
521,4920
521,4921
521,4959
521,5082
521,5165
521,5203
521,5282
521,5294
521,5313
521,6256
522,3
522,7
522,24
522,29
522,63
522,87
522,90
522,155
522,172
522,204
522,218
522,251
522,310
522,366
522,381
522,406
522,460
522,477
522,486
522,560
522,563
522,572
522,586
522,629
522,644
522,665
522,704
522,731
522,788
522,817
522,830
522,852
522,858
522,894
522,917
522,972
522,994
522,1004
522,1015
522,1358
522,1369
522,1395
522,1397
522,1446
522,1454
522,1491
522,1518
522,1522
522,1567
522,1589
522,1618
522,1664
522,1670
522,1677
522,1680
522,1713
522,1721
522,1725
522,1793
522,1812
522,1875
522,1885
522,1926
522,1932
522,1946
522,1979
522,1980
522,1994
522,1997
522,2021
522,2025
522,2040
522,2049
522,2072
522,2094
522,2116
522,2167
522,2200
522,2238
522,2262
522,2276
522,2281
522,2307
522,2311
522,2335
522,2339
522,2344
522,2367
522,2371
522,2379
522,2401
522,2421
522,2448
522,2466
522,2552
522,2562
522,2566
522,2572
522,2607
522,2637
522,2665
522,2691
522,2711
522,2893
522,2903
522,2925
522,2957
522,3052
522,3121
522,3152
522,3172
522,3174
522,3221
522,3255
522,3262
522,3271
522,3273
522,3291
522,3297
522,3315
522,3328
522,3342
522,3354
522,3412
522,3562
522,3576
522,3623
522,3630
522,3641
522,3814
522,3833
522,3887
522,3895
522,3898
522,3979
522,4022
522,4337
522,4364
522,4382
522,4389
522,4392
522,4398
522,4407
522,4408
522,4466
522,4510
522,4523
522,4572
522,4586
522,4589
522,4596
522,4631
522,4654
522,4767
522,4801
522,4815
522,4854
522,4876
522,4877
522,4943
522,4944
522,4964
522,5059
522,5136
522,5139
522,5158
522,5159
522,5204
522,5205
522,5206
522,5213
522,5260
522,5290
522,5293
522,5346
522,5352
522,5358
522,5395
522,5463
522,5464
522,5487
522,5505
522,5537
522,5561
522,5689
522,5729
522,5770
522,5775
522,6075
522,6103
522,6211
523,4
523,33
523,39
523,59
523,84
523,101
523,103
523,115
523,118
523,136
523,146
523,147
523,156
523,158
523,161
523,167
523,185
523,186
523,196
523,203
523,236
523,252
523,330
523,351
523,357
523,362
523,392
523,423
523,424
523,433
523,459
523,470
523,488
523,491
523,509
523,521
523,549
523,582
523,585
523,592
523,608
523,610
523,699
523,751
523,768
523,820
523,923
523,940
523,966
523,1033
523,1058
523,1076
523,1090
523,1127
523,1142
523,1151
523,1160
523,1207
523,1281
523,1323
523,1444
523,1541
523,1543
523,1551
523,1573
523,1597
523,1606
523,1685
523,1692
523,1698
523,1699
523,1720
523,1769
523,1788
523,1866
523,1867
523,1869
523,1887
523,1893
523,1895
523,1921
523,1969
523,1975
523,1985
523,1993
523,2016
523,2023
523,2041
523,2054
523,2137
523,2173
523,2193
523,2261
523,2269
523,2283
523,2324
523,2331
523,2338
523,2390
523,2494
523,2503
523,2521
523,2536
523,2582
523,2587
523,2660
523,2699
523,2728
523,2753
523,2823
523,2837
523,2884
523,2907
523,2936
523,2982
523,2991
523,2999
523,3031
523,3094
523,3140
523,3242
523,3252
523,3272
523,3317
523,3350
523,3472
523,3501
523,3628
523,3636
523,3706
523,3798
523,3982
523,4144
523,4339
523,4409
523,4443
523,4454
523,4467
523,4564
523,4608
523,4617
523,4655
523,4696
523,4712
523,4720
523,4726
523,4838
523,4858
523,4892
523,4916
523,4923
523,4926
523,4939
523,4949
523,4960
523,4962
523,4976
523,4977
523,4994
523,5047
523,5055
523,5058
523,5063
523,5083
523,5105
523,5122
523,5171
523,5229
523,5259
523,5276
523,5344
523,5371
523,5385
523,5420
523,5466
523,5499
523,5514
523,5519
523,5536
523,5774
523,6070
523,6100
523,6145
523,6173
523,6209
523,6234
523,6237
523,6266
524,26
524,41
524,43
524,48
524,62
524,73
524,78
524,94
524,97
524,107
524,109
524,132
524,138
524,148
524,163
524,165
524,187
524,197
524,199
524,205
524,215
524,256
524,260
524,271
524,307
524,349
524,376
524,383
524,391
524,401
524,409
524,419
524,428
524,468
524,490
524,496
524,501
524,517
524,531
524,539
524,548
524,573
524,666
524,667
524,673
524,680
524,686
524,703
524,722
524,743
524,759
524,793
524,799
524,811
524,823
524,868
524,906
524,932
524,937
524,946
524,996
524,1001
524,1023
524,1050
524,1053
524,1105
524,1112
524,1126
524,1156
524,1164
524,1185
524,1196
524,1197
524,1204
524,1219
524,1238
524,1247
524,1266
524,1273
524,1274
524,1276
524,1341
524,1345
524,1376
524,1458
524,1472
524,1473
524,1498
524,1539
524,1570
524,1583
524,1610
524,1620
524,1631
524,1682
524,1693
524,1696
524,1714
524,1715
524,1731
524,1749
524,1760
524,1782
524,1783
524,1787
524,1802
524,1816
524,1836
524,1848
524,1870
524,1900
524,1906
524,1927
524,1928
524,1955
524,2008
524,2027
524,2029
524,2105
524,2119
524,2125
524,2153
524,2171
524,2179
524,2185
524,2186
524,2203
524,2218
524,2258
524,2272
524,2285
524,2290
524,2297
524,2325
524,2341
524,2404
524,2427
524,2440
524,2489
524,2510
524,2512
524,2526
524,2533
524,2537
524,2544
524,2553
524,2555
524,2603
524,2642
524,2654
524,2727
524,2750
524,2773
524,2801
524,2824
524,2919
524,2920
524,2938
524,2963
524,2965
524,2971
524,3003
524,3015
524,3023
524,3062
524,3091
524,3118
524,3187
524,3230
524,3278
524,3293
524,3420
524,3517
524,3544
524,3664
524,3699
524,3702
524,3731
524,3760
524,3771
524,3788
524,3792
524,3801
524,3850
524,3880
524,3932
524,3940
524,3962
524,4035
524,4230
524,4247
524,4261
524,4267
524,4286
524,4317
524,4329
524,4333
524,4336
524,4341
524,4354
524,4406
524,4417
524,4509
524,4538
524,4548
524,4559
524,4569
524,4576
524,4577
524,4616
524,4664
524,4672
524,4683
524,4692
524,4700
524,4703
524,4704
524,4711
524,4772
524,4787
524,4790
524,4805
524,4819
524,4833
524,4836
524,4898
524,4906
524,4919
524,4959
524,4965
524,4995
524,5027
524,5033
524,5052
524,5061
524,5086
524,5088
524,5111
524,5123
524,5130
524,5174
524,5186
524,5187
524,5197
524,5277
524,5361
524,5403
524,5449
524,5470
524,5503
524,5506
524,5510
524,5544
524,5555
524,5566
524,5570
524,5584
524,5587
524,5608
524,5637
524,5647
524,5671
524,5710
524,5791
524,5824
524,5841
524,6109
524,6113
524,6116
524,6121
524,6137
524,6164
524,6219
525,10
525,24
525,29
525,30
525,36
525,50
525,53
525,63
525,68
525,70
525,79
525,88
525,89
525,90
525,100
525,108
525,126
525,139
525,140
525,169
525,179
525,232
525,235
525,265
525,277
525,296
525,297
525,326
525,331
525,334
525,352
525,353
525,379
525,390
525,393
525,422
525,434
525,475
525,483
525,485
525,515
525,580
525,599
525,606
525,638
525,654
525,690
525,723
525,730
525,753
525,760
525,763
525,808
525,835
525,860
525,865
525,949
525,964
525,967
525,972
525,976
525,988
525,1029
525,1052
525,1054
525,1062
525,1073
525,1125
525,1129
525,1166
525,1168
525,1287
525,1290
525,1308
525,1317
525,1334
525,1356
525,1363
525,1384
525,1417
525,1470
525,1493
525,1506
525,1535
525,1540
525,1586
525,1639
525,1686
525,1697
525,1748
525,1789
525,1830
525,1843
525,1857
525,1871
525,1891
525,1939
525,1983
525,2014
525,2033
525,2062
525,2075
525,2085
525,2097
525,2114
525,2136
525,2142
525,2158
525,2164
525,2220
525,2314
525,2322
525,2336
525,2368
525,2405
525,2408
525,2429
525,2441
525,2482
525,2567
525,2573
525,2617
525,2630
525,2707
525,2740
525,2761
525,2793
525,2797
525,2800
525,2804
525,2862
525,2866
525,2869
525,2878
525,2945
525,2947
525,2951
525,2961
525,3001
525,3079
525,3110
525,3133
525,3170
525,3217
525,3231
525,3244
525,3248
525,3260
525,3306
525,3399
525,3409
525,3439
525,3494
525,3531
525,3537
525,3565
525,3611
525,3631
525,3645
525,3648
525,3656
525,3694
525,3738
525,3744
525,3769
525,3776
525,3795
525,3912
525,4037
525,4126
525,4216
525,4304
525,4334
525,4372
525,4375
525,4376
525,4391
525,4431
525,4433
525,4460
525,4573
525,4592
525,4606
525,4629
525,4630
525,4643
525,4645
525,4656
525,4659
525,4688
525,4698
525,4722
525,4754
525,4762
525,4775
525,4806
525,4807
525,4862
525,4865
525,4881
525,4955
525,4973
525,4988
525,5069
525,5080
525,5092
525,5106
525,5125
525,5132
525,5147
525,5163
525,5183
525,5185
525,5196
525,5212
525,5220
525,5260
525,5269
525,5284
525,5298
525,5339
525,5349
525,5387
525,5463
525,5464
525,5482
525,5494
525,5507
525,5532
525,5537
525,5644
525,5689
525,5775
525,5782
525,6220
526,17
526,21
526,25
526,33
526,39
526,49
526,56
526,67
526,71
526,72
526,75
526,99
526,129
526,147
526,186
526,196
526,203
526,218
526,230
526,246
526,280
526,285
526,286
526,300
526,347
526,350
526,355
526,398
526,412
526,420
526,426
526,445
526,453
526,464
526,471
526,479
526,488
526,511
526,520
526,521
526,528
526,540
526,566
526,585
526,671
526,701
526,724
526,732
526,770
526,772
526,801
526,813
526,814
526,815
526,832
526,901
526,910
526,933
526,963
526,1047
526,1065
526,1116
526,1173
526,1187
526,1199
526,1263
526,1292
526,1300
526,1319
526,1326
526,1336
526,1339
526,1352
526,1391
526,1397
526,1421
526,1422
526,1448
526,1537
526,1541
526,1546
526,1627
526,1676
526,1784
526,1794
526,1817
526,1949
526,1962
526,1990
526,2064
526,2079
526,2128
526,2131
526,2233
526,2449
526,2456
526,2538
526,2616
526,2674
526,2686
526,2706
526,2778
526,2844
526,2846
526,2852
526,2930
526,2994
526,3130
526,3147
526,3161
526,3163
526,3184
526,3299
526,3309
526,3357
526,3451
526,3501
526,3562
526,3678
526,3704
526,3714
526,3774
526,3785
526,3824
526,3926
526,3931
526,4048
526,4102
526,4311
526,4312
526,4313
526,4319
526,4324
526,4340
526,4358
526,4374
526,4380
526,4421
526,4450
526,4485
526,4501
526,4506
526,4581
526,4595
526,4632
526,4649
526,4680
526,4689
526,4696
526,4719
526,4742
526,4765
526,4858
526,4859
526,4866
526,4920
526,4947
526,4962
526,4994
526,5127
526,5167
526,5201
526,5203
526,5225
526,5238
526,5280
526,5325
526,5352
526,5386
526,5409
526,5479
526,5492
526,5493
526,5501
526,5513
526,5518
526,5519
526,5552
526,5553
526,5634
526,5643
526,5650
526,5684
526,5702
526,5769
526,5777
526,5912
526,6112
526,6114
526,6122
526,6154
526,6158
526,6234
527,9
527,35
527,41
527,42
527,66
527,69
527,73
527,78
527,107
527,128
527,132
527,138
527,145
527,153
527,175
527,185
527,197
527,200
527,205
527,216
527,254
527,271
527,279
527,349
527,362
527,366
527,367
527,376
527,401
527,431
527,440
527,478
527,496
527,517
527,539
527,548
527,549
527,639
527,722
527,748
527,811
527,820
527,937
527,955
527,968
527,995
527,1003
527,1032
527,1053
527,1078
527,1156
527,1158
527,1194
527,1204
527,1245
527,1249
527,1270
527,1271
527,1274
527,1345
527,1383
527,1401
527,1412
527,1431
527,1471
527,1507
527,1596
527,1764
527,1816
527,1847
527,1850
527,1870
527,2146
527,2161
527,2179
527,2203
527,2244
527,2256
527,2334
527,2510
527,2544
527,2555
527,2635
527,2785
527,2897
527,2919
527,3420
527,3589
527,3715
527,3764
527,3797
527,3799
527,4105
527,4112
527,4124
527,4132
527,4137
527,4155
527,4156
527,4158
527,4210
527,4212
527,4301
527,4364
527,4406
527,4459
527,4524
527,4538
527,4577
527,4636
527,4658
527,4664
527,4702
527,4748
527,4753
527,4768
527,4777
527,4819
527,5029
527,5104
527,5130
527,5159
527,5308
527,5366
527,5370
527,5393
527,5397
527,5399
527,5403
527,5418
527,5419
527,5422
527,5431
527,5432
527,5433
527,5449
527,5480
527,5491
527,5510
527,5522
527,5523
527,5535
527,5539
527,5544
527,5559
527,5561
527,5566
527,5570
527,5589
527,5590
527,5635
527,5637
527,5649
527,5664
527,5665
527,5671
527,5672
527,5673
527,5691
527,5692
527,5699
527,5701
527,5709
527,5712
527,5715
527,5717
527,5724
527,5732
527,5740
527,5750
527,5765
527,5768
527,5770
527,5791
527,5797
527,5824
527,5841
527,5867
527,5890
527,5894
527,5942
527,5981
527,6022
527,6060
527,6062
527,6070
527,6085
527,6113
527,6121
527,6127
527,6137
527,6143
527,6148
527,6165
527,6181
527,6209
527,6211
527,6216
527,6219
527,6223
528,14
528,16
528,30
528,36
528,43
528,59
528,88
528,89
528,108
528,121
528,178
528,213
528,232
528,258
528,265
528,277
528,288
528,352
528,359
528,372
528,390
528,430
528,437
528,458
528,475
528,500
528,531
528,543
528,565
528,571
528,599
528,641
528,700
528,723
528,730
528,756
528,760
528,768
528,793
528,860
528,926
528,944
528,967
528,1013
528,1101
528,1129
528,1133
528,1192
528,1260
528,1396
528,1402
528,1417
528,1540
528,1753
528,1774
528,1806
528,2077
528,2158
528,2306
528,2405
528,2428
528,2504
528,2766
528,3452
528,3570
528,3600
528,3656
528,3775
528,4043
528,4104
528,4138
528,4251
528,4272
528,4275
528,4291
528,4304
528,4349
528,4460
528,4624
528,4629
528,4676
528,4688
528,4731
528,4741
528,4754
528,4762
528,4869
528,4890
528,4988
528,5092
528,5095
528,5196
528,5298
528,5385
528,5390
528,5441
528,5455
528,5460
528,5500
528,5512
528,5520
528,5572
528,5585
528,5749
528,5822
528,5871
528,5875
528,5945
528,5963
528,5971
528,5987
528,6005
528,6099
528,6117
528,6132
528,6164
528,6190
528,6246
529,24
529,29
529,67
529,71
529,100
529,300
529,347
529,355
529,410
529,422
529,464
529,521
529,564
529,573
529,582
529,663
529,681
529,724
529,782
529,830
529,865
529,932
529,962
529,991
529,1054
529,1066
529,1116
529,1187
529,1190
529,1292
529,1308
529,1317
529,1436
529,1480
529,1795
529,1800
529,2086
529,2129
529,2368
529,2686
529,3003
529,3079
529,3112
529,3395
529,3409
529,3451
529,3704
529,3744
529,3934
529,4130
529,4313
529,4324
529,4421
529,4486
529,4581
529,4656
529,4712
529,4806
529,4865
529,4947
529,5124
529,5127
529,5167
529,5175
529,5201
529,5217
529,5420
529,5482
529,5492
529,5494
529,5575
529,5744
529,5751
529,5767
529,5806
529,6080
529,6106
530,78
530,90
530,129
530,132
530,138
530,140
530,153
530,165
530,196
530,216
530,334
530,366
530,398
530,409
530,412
530,471
530,478
530,496
530,549
530,597
530,753
530,968
530,1040
530,1073
530,1870
530,2179
530,2233
530,2643
530,2740
530,3000
530,3562
530,3694
530,3799
530,3809
530,3819
530,4105
530,4124
530,4132
530,4137
530,4155
530,4158
530,4210
530,4240
530,4364
530,4401
530,4439
530,4577
530,4748
530,4764
530,4819
530,4962
530,5069
530,5352
530,5386
530,5418
530,5419
530,5470
530,5479
530,5480
530,5522
530,5523
530,5537
530,5559
530,5561
530,5620
530,5635
530,5649
530,5655
530,5660
530,5664
530,5673
530,5692
530,5699
530,5709
530,5712
530,5717
530,5724
530,5732
530,5733
530,5740
530,5750
530,5765
530,5768
530,5824
530,5841
530,5894
530,6085
530,6113
530,6121
530,6137
530,6143
530,6165
530,6183
530,6211
530,6234
531,200
531,258
531,288
531,594
531,639
531,641
531,768
531,1204
531,1229
531,1274
531,1345
531,1777
531,1787
531,1794
531,2077
531,2128
531,2555
531,2706
531,2919
531,3219
531,4043
531,4104
531,4138
531,4293
531,4349
531,5232
531,5383
531,5390
531,5441
531,5455
531,5460
531,5510
531,5512
531,5566
531,5570
531,5572
531,5585
531,5633
531,5637
531,5702
531,5822
531,5871
531,5875
531,5945
531,5963
531,5971
531,5987
531,6005
531,6037
531,6127
531,6190
531,6219
531,6246
532,41
532,69
532,89
532,108
532,189
532,203
532,352
532,367
532,431
532,485
532,564
532,599
532,722
532,759
532,814
532,937
532,952
532,967
532,1066
532,1078
532,1156
532,1245
532,1596
532,2201
532,2306
532,2405
532,3186
532,3452
532,3589
532,3656
532,3775
532,4278
532,4538
532,4754
532,4869
532,5420
532,5535
532,5744
532,5751
532,5767
532,5806
532,6080
532,6106
533,14
533,35
533,67
533,121
533,153
533,178
533,230
533,315
533,340
533,349
533,355
533,364
533,372
533,437
533,460
533,572
533,683
533,782
533,810
533,830
533,1013
533,1190
533,1753
533,3395
533,4251
533,4624
533,4865
533,5093
533,5366
533,6114
534,43
534,94
534,232
534,279
534,302
534,376
534,391
534,571
534,783
534,1210
534,1792
534,3744
534,4272
534,4294
534,4656
535,1292
535,3409
535,4705
535,4806
535,5127
535,5385
535,6076
536,36
536,78
536,89
536,90
536,129
536,140
536,355
536,475
536,478
536,582
536,988
536,1054
536,4460
537,30
537,56
537,200
537,258
537,288
537,315
537,364
537,389
537,410
537,420
537,445
537,639
537,641
537,1220
537,2946
537,3589
537,4890
538,14
538,35
538,121
538,230
538,340
538,564
538,1066
538,1273
538,1753
538,2306
538,3452
538,3775
538,4731
538,4869
539,88
539,108
539,139
539,178
539,300
539,376
539,391
539,483
539,562
539,572
539,610
539,683
539,830
539,951
539,991
539,1029
539,1210
539,1317
539,1568
539,1800
539,2368
539,3395
539,3744
539,4656
539,4988
539,4997
539,5232
540,412
540,471
540,663
540,748
540,3694
540,4304
540,4865
540,5769
540,6154
540,6158
555,2835
555,3123
555,3322
555,3526
555,3579
555,3675
555,3688
555,3861
555,3863
555,3869
555,3883
555,3939
555,3965
555,4007
555,4021
555,4023
555,4034
555,4042
555,4058
555,4065
555,4072
555,4093
555,4096
555,4106
555,4107
555,4109
555,4117
555,4128
555,4139
555,4164
555,4167
555,4175
555,4177
555,4181
555,4182
555,4200
555,4201
555,4204
555,4209
555,4213
555,4217
555,4220
555,4224
555,4229
555,4231
555,4233
555,4234
555,4235
555,4238
555,4244
555,4245
555,4326
555,4522
555,4641
555,4666
555,4710
555,4746
555,4810
555,4844
555,5051
555,5215
555,5223
555,5230
555,5250
555,5251
555,5253
555,5313
555,5327
555,6210
555,6213
555,6215
555,6222
555,6225
555,6226
555,6231
555,6235
555,6240
555,6252
555,6253
555,6256
555,6257
555,6258
555,6263
555,6264
555,6267
555,6268
555,6271
555,6273
555,6274
555,6275
556,54
556,65
556,109
556,111
556,169
556,184
556,222
556,261
556,312
556,317
556,319
556,328
556,338
556,382
556,415
556,442
556,452
556,453
556,506
556,522
556,561
556,567
556,591
556,622
556,625
556,656
556,664
556,716
556,725
556,757
556,765
556,781
556,791
556,842
556,851
556,905
556,942
556,981
556,1024
556,1070
556,1085
556,1165
556,1205
556,1213
556,1256
556,1318
556,1449
556,1459
556,1496
556,1532
556,1569
556,1617
556,1628
556,1690
556,1726
556,1818
556,1865
556,1894
556,1913
556,2006
556,2053
556,2067
556,2071
556,2121
556,2162
556,2222
556,2245
556,2251
556,2284
556,2286
556,2330
556,2386
556,2547
556,2805
556,2836
556,2859
556,2860
556,2864
556,2992
556,3045
556,3066
556,3422
556,3810
556,3858
556,4052
556,4169
556,4189
556,4247
556,4265
556,4280
556,4306
556,4309
556,4315
556,4363
556,4377
556,4511
556,4518
556,4550
556,4579
556,4611
556,4665
556,4744
556,4843
556,4852
556,4853
556,4920
556,4921
556,4959
556,5034
556,5082
556,5165
556,5203
556,5282
556,5290
556,5294
557,3
557,4
557,7
557,24
557,29
557,87
557,115
557,155
557,172
557,204
557,218
557,251
557,366
557,381
557,403
557,460
557,477
557,486
557,560
557,563
557,572
557,586
557,629
557,632
557,644
557,665
557,704
557,731
557,788
557,817
557,830
557,852
557,894
557,917
557,972
557,994
557,1004
557,1015
557,1352
557,1358
557,1369
557,1388
557,1395
557,1397
557,1454
557,1518
557,1522
557,1567
557,1589
557,1618
557,1664
557,1670
557,1677
557,1680
557,1713
557,1721
557,1725
557,1793
557,1812
557,1822
557,1875
557,1885
557,1926
557,1932
557,1946
557,1953
557,1979
557,1980
557,1994
557,1997
557,2021
557,2025
557,2040
557,2049
557,2072
557,2094
557,2116
557,2167
557,2200
557,2235
557,2238
557,2262
557,2276
557,2281
557,2307
557,2311
557,2335
557,2339
557,2344
557,2347
557,2354
557,2371
557,2379
557,2401
557,2421
557,2448
557,2466
557,2562
557,2564
557,2566
557,2572
557,2578
557,2607
557,2637
557,2665
557,2711
557,2893
557,2903
557,2925
557,2957
557,3052
557,3121
557,3152
557,3172
557,3174
557,3194
557,3221
557,3255
557,3271
557,3273
557,3291
557,3297
557,3315
557,3328
557,3342
557,3354
557,3387
557,3495
557,3576
557,3623
557,3630
557,3641
557,3814
557,3833
557,3887
557,3895
557,3898
557,3979
557,4022
557,4337
557,4364
557,4382
557,4389
557,4392
557,4398
557,4407
557,4408
557,4466
557,4510
557,4523
557,4572
557,4586
557,4589
557,4596
557,4625
557,4631
557,4654
557,4767
557,4801
557,4815
557,4854
557,4876
557,4877
557,4944
557,4964
557,5059
557,5100
557,5136
557,5139
557,5158
557,5159
557,5204
557,5205
557,5206
557,5213
557,5260
557,5293
557,5346
557,5352
557,5358
557,5395
557,5463
557,5464
557,5487
557,5505
557,5537
557,5561
557,5689
557,5729
557,5770
557,5775
557,6075
557,6103
557,6211
558,30
558,33
558,39
558,53
558,59
558,62
558,63
558,74
558,84
558,89
558,90
558,97
558,99
558,101
558,103
558,117
558,136
558,146
558,147
558,156
558,161
558,167
558,186
558,196
558,203
558,236
558,310
558,330
558,351
558,357
558,362
558,376
558,392
558,406
558,423
558,424
558,433
558,434
558,459
558,462
558,470
558,488
558,509
558,521
558,582
558,585
558,592
558,608
558,610
558,699
558,714
558,751
558,863
558,923
558,966
558,1012
558,1023
558,1033
558,1076
558,1090
558,1127
558,1142
558,1160
558,1281
558,1300
558,1323
558,1401
558,1444
558,1472
558,1541
558,1543
558,1551
558,1573
558,1597
558,1606
558,1685
558,1692
558,1698
558,1720
558,1803
558,1869
558,1887
558,1891
558,1893
558,1895
558,1921
558,1969
558,1975
558,1985
558,1993
558,2016
558,2023
558,2036
558,2041
558,2054
558,2170
558,2173
558,2186
558,2187
558,2193
558,2261
558,2269
558,2283
558,2324
558,2338
558,2390
558,2408
558,2488
558,2494
558,2503
558,2521
558,2526
558,2552
558,2582
558,2587
558,2619
558,2660
558,2671
558,2699
558,2728
558,2736
558,2753
558,2826
558,2837
558,2884
558,2907
558,2936
558,2982
558,2991
558,2999
558,3012
558,3031
558,3094
558,3134
558,3140
558,3187
558,3225
558,3252
558,3260
558,3272
558,3274
558,3317
558,3350
558,3414
558,3472
558,3498
558,3501
558,3561
558,3562
558,3621
558,3627
558,3636
558,3658
558,3702
558,3798
558,3826
558,3982
558,4099
558,4144
558,4339
558,4347
558,4381
558,4409
558,4443
558,4454
558,4467
558,4564
558,4608
558,4617
558,4632
558,4696
558,4712
558,4720
558,4726
558,4838
558,4858
558,4892
558,4916
558,4923
558,4926
558,4939
558,4943
558,4960
558,4976
558,4977
558,4992
558,4994
558,5020
558,5047
558,5055
558,5058
558,5063
558,5088
558,5105
558,5123
558,5229
558,5259
558,5276
558,5344
558,5361
558,5385
558,5420
558,5466
558,5493
558,5499
558,5519
558,5536
558,5774
558,6081
558,6100
558,6173
558,6209
558,6234
558,6237
558,6266
559,41
559,43
559,73
559,78
559,94
559,107
559,109
559,132
559,138
559,148
559,153
559,163
559,165
559,170
559,175
559,187
559,197
559,199
559,241
559,252
559,260
559,271
559,307
559,331
559,347
559,349
559,383
559,391
559,409
559,419
559,422
559,428
559,455
559,485
559,490
559,501
559,517
559,531
559,539
559,549
559,666
559,673
559,680
559,686
559,690
559,703
559,722
559,759
559,768
559,793
559,799
559,811
559,823
559,868
559,932
559,937
559,946
559,949
559,988
559,996
559,1001
559,1050
559,1053
559,1099
559,1105
559,1126
559,1156
559,1166
559,1185
559,1196
559,1197
559,1204
559,1207
559,1219
559,1244
559,1266
559,1274
559,1276
559,1321
559,1341
559,1345
559,1431
559,1470
559,1473
559,1498
559,1506
559,1539
559,1540
559,1570
559,1583
559,1641
559,1657
559,1682
559,1686
559,1693
559,1696
559,1699
559,1714
559,1715
559,1731
559,1749
559,1760
559,1769
559,1783
559,1785
559,1787
559,1788
559,1789
559,1791
559,1802
559,1816
559,1824
559,1828
559,1830
559,1836
559,1837
559,1867
559,1870
559,1900
559,1906
559,1927
559,1928
559,1955
559,2027
559,2029
559,2085
559,2097
559,2105
559,2119
559,2125
559,2141
559,2153
559,2171
559,2179
559,2185
559,2203
559,2258
559,2272
559,2290
559,2297
559,2322
559,2331
559,2336
559,2341
559,2404
559,2427
559,2460
559,2495
559,2510
559,2533
559,2537
559,2553
559,2603
559,2642
559,2654
559,2682
559,2706
559,2727
559,2739
559,2750
559,2773
559,2778
559,2797
559,2824
559,2852
559,2919
559,2920
559,2963
559,2965
559,2971
559,3003
559,3062
559,3091
559,3130
559,3163
559,3230
559,3270
559,3278
559,3293
559,3307
559,3357
559,3388
559,3406
559,3420
559,3544
559,3649
559,3664
559,3678
559,3699
559,3731
559,3771
559,3788
559,3792
559,3801
559,3850
559,3897
559,3905
559,3940
559,4247
559,4261
559,4267
559,4286
559,4317
559,4329
559,4333
559,4334
559,4336
559,4341
559,4406
559,4431
559,4433
559,4450
559,4509
559,4512
559,4538
559,4548
559,4559
559,4569
559,4576
559,4577
559,4616
559,4629
559,4630
559,4664
559,4672
559,4683
559,4692
559,4703
559,4704
559,4711
559,4716
559,4762
559,4772
559,4785
559,4796
559,4805
559,4819
559,4833
559,4836
559,4851
559,4855
559,4898
559,4906
559,4919
559,4925
559,4959
559,4965
559,4995
559,5008
559,5027
559,5052
559,5061
559,5086
559,5090
559,5111
559,5174
559,5185
559,5186
559,5187
559,5356
559,5368
559,5397
559,5403
559,5409
559,5428
559,5449
559,5470
559,5480
559,5503
559,5506
559,5510
559,5513
559,5532
559,5535
559,5544
559,5555
559,5566
559,5570
559,5575
559,5587
559,5596
559,5601
559,5608
559,5637
559,5644
559,5647
559,5650
559,5671
559,5695
559,5782
559,5791
559,5824
559,5841
559,5851
559,5894
559,6070
559,6076
559,6109
559,6113
559,6121
559,6137
559,6145
559,6164
559,6219
560,10
560,24
560,29
560,36
560,50
560,68
560,70
560,100
560,108
560,140
560,232
560,235
560,246
560,265
560,277
560,297
560,334
560,352
560,353
560,366
560,390
560,393
560,398
560,420
560,426
560,464
560,468
560,475
560,496
560,573
560,599
560,638
560,654
560,730
560,743
560,748
560,763
560,808
560,860
560,865
560,927
560,948
560,964
560,976
560,1052
560,1054
560,1073
560,1125
560,1129
560,1168
560,1169
560,1173
560,1189
560,1199
560,1249
560,1271
560,1287
560,1290
560,1308
560,1334
560,1356
560,1367
560,1384
560,1397
560,1417
560,1430
560,1493
560,1535
560,1586
560,1639
560,1643
560,1716
560,1813
560,1843
560,1847
560,1871
560,1949
560,1962
560,1983
560,2014
560,2033
560,2062
560,2077
560,2136
560,2158
560,2220
560,2248
560,2292
560,2314
560,2325
560,2414
560,2429
560,2440
560,2441
560,2456
560,2482
560,2555
560,2573
560,2630
560,2635
560,2674
560,2740
560,2761
560,2785
560,2793
560,2800
560,2804
560,2844
560,2846
560,2862
560,2866
560,2878
560,2897
560,2947
560,2951
560,3001
560,3079
560,3110
560,3147
560,3184
560,3217
560,3219
560,3231
560,3248
560,3251
560,3309
560,3399
560,3409
560,3439
560,3494
560,3531
560,3537
560,3565
560,3570
560,3611
560,3648
560,3656
560,3694
560,3738
560,3769
560,3795
560,3799
560,3912
560,3962
560,3997
560,4035
560,4037
560,4102
560,4126
560,4156
560,4216
560,4230
560,4301
560,4304
560,4349
560,4376
560,4380
560,4391
560,4417
560,4423
560,4491
560,4506
560,4573
560,4592
560,4609
560,4645
560,4649
560,4655
560,4659
560,4688
560,4698
560,4722
560,4748
560,4754
560,4775
560,4806
560,4807
560,4947
560,4955
560,4962
560,4972
560,5029
560,5033
560,5038
560,5039
560,5069
560,5080
560,5106
560,5130
560,5132
560,5183
560,5196
560,5212
560,5220
560,5269
560,5284
560,5298
560,5339
560,5349
560,5352
560,5388
560,5407
560,5413
560,5436
560,5460
560,5463
560,5464
560,5465
560,5467
560,5479
560,5482
560,5501
560,5507
560,5537
560,5539
560,5553
560,5554
560,5561
560,5584
560,5620
560,5672
560,5689
560,5691
560,5710
560,5733
560,5766
560,5770
560,5775
560,5777
560,5778
560,5981
560,6001
560,6014
560,6115
560,6116
560,6139
560,6144
560,6181
560,6211
560,6220
560,6223
561,17
561,21
561,33
561,56
561,63
561,67
561,71
561,88
561,89
561,90
561,99
561,126
561,129
561,196
561,203
561,218
561,285
561,300
561,355
561,367
561,376
561,379
561,401
561,410
561,445
561,478
561,489
561,511
561,515
561,548
561,700
561,724
561,732
561,753
561,756
561,770
561,782
561,801
561,813
561,814
561,829
561,864
561,910
561,933
561,960
561,963
561,967
561,1040
561,1045
561,1047
561,1096
561,1116
561,1187
561,1263
561,1292
561,1300
561,1319
561,1326
561,1352
561,1391
561,1421
561,1434
561,1448
561,1507
561,1697
561,1784
561,1794
561,1817
561,1932
561,1990
561,2079
561,2086
561,2128
561,2129
561,2161
561,2164
561,2237
561,2256
561,2368
561,2405
561,2435
561,2449
561,2504
561,2538
561,2544
561,2610
561,2612
561,2617
561,2659
561,2686
561,2691
561,2714
561,2766
561,2798
561,2869
561,3072
561,3161
561,3186
561,3299
561,3451
561,3631
561,3696
561,3704
561,3774
561,3785
561,3824
561,3931
561,4048
561,4105
561,4124
561,4132
561,4137
561,4155
561,4158
561,4210
561,4226
561,4275
561,4311
561,4312
561,4313
561,4324
561,4340
561,4364
561,4374
561,4375
561,4421
561,4460
561,4486
561,4490
561,4595
561,4606
561,4656
561,4680
561,4689
561,4696
561,4702
561,4742
561,4760
561,4790
561,4858
561,4859
561,4865
561,4994
561,5043
561,5057
561,5062
561,5095
561,5124
561,5127
561,5159
561,5167
561,5175
561,5201
561,5217
561,5225
561,5280
561,5325
561,5366
561,5386
561,5418
561,5419
561,5420
561,5422
561,5431
561,5433
561,5494
561,5522
561,5523
561,5545
561,5548
561,5559
561,5593
561,5635
561,5649
561,5660
561,5664
561,5665
561,5673
561,5684
561,5692
561,5699
561,5701
561,5703
561,5709
561,5712
561,5717
561,5724
561,5729
561,5732
561,5740
561,5744
561,5750
561,5751
561,5765
561,5767
561,5768
561,5773
561,5890
561,5942
561,6022
561,6075
561,6080
561,6085
561,6099
561,6127
561,6132
561,6143
561,6165
561,6168
562,25
562,35
562,41
562,66
562,69
562,72
562,73
562,78
562,128
562,153
562,170
562,200
562,202
562,216
562,230
562,254
562,258
562,279
562,286
562,288
562,350
562,368
562,412
562,431
562,440
562,471
562,580
562,597
562,639
562,641
562,681
562,690
562,723
562,760
562,783
562,811
562,820
562,825
562,885
562,955
562,968
562,995
562,1032
562,1053
562,1078
562,1158
562,1171
562,1178
562,1194
562,1245
562,1383
562,1389
562,1401
562,1422
562,1431
562,1445
562,1596
562,1740
562,1748
562,1795
562,1850
562,2002
562,2114
562,2185
562,2233
562,2334
562,2616
562,3003
562,3133
562,3260
562,3501
562,3562
562,3633
562,3715
562,3743
562,3797
562,4043
562,4104
562,4138
562,4192
562,4278
562,4401
562,4459
562,4630
562,4643
562,4664
562,4676
562,4753
562,4762
562,4777
562,4890
562,4904
562,4914
562,5082
562,5111
562,5203
562,5238
562,5380
562,5383
562,5385
562,5390
562,5397
562,5409
562,5441
562,5452
562,5470
562,5480
562,5492
562,5493
562,5519
562,5544
562,5552
562,5572
562,5575
562,5585
562,5633
562,5702
562,5769
562,5871
562,5875
562,5894
562,5912
562,5945
562,5963
562,5971
562,5987
562,6005
562,6025
562,6056
562,6060
562,6081
562,6097
562,6100
562,6114
562,6130
562,6137
562,6154
562,6158
562,6190
562,6234
562,6246
563,7
563,16
563,53
563,59
563,108
563,114
563,132
563,265
563,277
563,347
563,352
563,372
563,390
563,422
563,426
563,475
563,564
563,565
563,599
563,705
563,768
563,810
563,944
563,972
563,1003
563,1013
563,1066
563,1129
563,1133
563,1156
563,1168
563,1204
563,1271
563,1274
563,1308
563,1345
563,1417
563,1540
563,1606
563,1676
563,1774
563,1893
563,2077
563,2131
563,2146
563,2217
563,2292
563,2306
563,2510
563,2804
563,3241
563,3306
563,3420
563,3452
563,3589
563,3775
563,4129
563,4207
563,4251
563,4291
563,4349
563,4391
563,4417
563,4501
563,4538
563,4581
563,4624
563,4629
563,4658
563,4836
563,4863
563,4869
563,5029
563,5092
563,5125
563,5403
563,5428
563,5455
563,5500
563,5553
563,5566
563,5570
563,5617
563,5791
563,6102
563,6111
563,6219
564,20
564,24
564,67
564,71
564,89
564,90
564,94
564,138
564,140
564,213
564,340
564,367
564,410
564,458
564,485
564,488
564,521
564,531
564,571
564,637
564,666
564,691
564,732
564,756
564,782
564,814
564,830
564,860
564,865
564,926
564,933
564,937
564,962
564,967
564,1101
564,1116
564,1187
564,1190
564,1249
564,1263
564,1385
564,1402
564,1480
564,1492
564,1753
564,1792
564,1870
564,2064
564,2179
564,2201
564,2405
564,2895
564,2994
564,3079
564,3395
564,3934
564,4248
564,4272
564,4294
564,4364
564,4460
564,4731
564,4741
564,4754
564,4866
564,5188
564,5537
564,5539
564,5589
564,6117
564,6164
564,6183
565,29
565,72
565,78
565,81
565,88
565,126
565,189
565,196
565,203
565,216
565,230
565,254
565,302
565,320
565,366
565,498
565,522
565,549
565,661
565,676
565,722
565,746
565,880
565,989
565,991
565,1073
565,1317
565,1432
565,1436
565,1830
565,1888
565,2244
565,2686
565,3451
565,3650
565,3704
565,3744
565,3893
565,4094
565,4240
565,4313
565,4322
565,4397
565,4421
565,4577
565,4656
565,4712
565,4753
565,4819
565,4885
565,4914
565,5054
565,5104
565,5167
565,5352
565,5470
565,5561
565,5824
565,5841
565,5894
565,6037
565,6062
565,6113
565,6121
565,6137
565,6209
566,35
566,49
566,79
566,155
566,300
566,331
566,334
566,344
566,409
566,412
566,430
566,469
566,471
566,475
566,565
566,680
566,681
566,700
566,820
566,1406
566,1422
566,1666
566,1996
566,2677
566,2719
566,3656
566,4009
566,4349
566,4439
566,4493
566,4728
566,5092
566,5136
566,5225
566,5234
566,5480
566,6127
566,6132
566,6217
567,213
567,268
567,364
567,389
567,439
567,741
567,2077
567,3219
567,5232
567,5455
568,89
568,3186
569,153
590,2835
590,3123
590,3322
590,3526
590,3579
590,3675
590,3688
590,3858
590,3861
590,3863
590,3869
590,3939
590,3965
590,4007
590,4021
590,4034
590,4042
590,4052
590,4058
590,4065
590,4072
590,4093
590,4096
590,4106
590,4107
590,4109
590,4117
590,4128
590,4139
590,4164
590,4167
590,4175
590,4177
590,4181
590,4182
590,4200
590,4201
590,4204
590,4209
590,4213
590,4217
590,4220
590,4224
590,4229
590,4231
590,4233
590,4234
590,4235
590,4238
590,4244
590,4245
590,4326
590,4522
590,4641
590,4710
590,4746
590,4810
590,4843
590,4844
590,5051
590,5215
590,5223
590,5230
590,5250
590,5251
590,5253
590,5327
590,6210
590,6213
590,6215
590,6222
590,6225
590,6226
590,6231
590,6235
590,6240
590,6252
590,6253
590,6257
590,6258
590,6263
590,6264
590,6267
590,6268
590,6271
590,6273
590,6274
590,6275
591,54
591,65
591,109
591,111
591,169
591,184
591,222
591,261
591,312
591,317
591,319
591,328
591,338
591,382
591,403
591,414
591,415
591,442
591,452
591,453
591,506
591,522
591,561
591,567
591,591
591,622
591,625
591,656
591,664
591,716
591,725
591,757
591,765
591,781
591,791
591,842
591,851
591,905
591,942
591,1024
591,1070
591,1165
591,1205
591,1213
591,1256
591,1318
591,1449
591,1496
591,1532
591,1617
591,1628
591,1690
591,1726
591,1818
591,1865
591,1894
591,2006
591,2053
591,2067
591,2071
591,2121
591,2162
591,2222
591,2251
591,2286
591,2330
591,2386
591,2547
591,2805
591,2836
591,2859
591,2860
591,2864
591,2992
591,3045
591,3066
591,3422
591,3810
591,3883
591,4023
591,4169
591,4189
591,4247
591,4265
591,4280
591,4306
591,4309
591,4315
591,4363
591,4377
591,4511
591,4550
591,4579
591,4665
591,4666
591,4744
591,4852
591,4853
591,4920
591,4921
591,4959
591,5082
591,5165
591,5203
591,5282
591,5294
591,5313
591,6256
592,3
592,4
592,7
592,24
592,29
592,48
592,59
592,87
592,90
592,115
592,155
592,172
592,218
592,251
592,281
592,330
592,366
592,381
592,406
592,460
592,477
592,486
592,560
592,563
592,572
592,586
592,629
592,632
592,644
592,665
592,704
592,731
592,788
592,817
592,830
592,852
592,894
592,917
592,972
592,994
592,1004
592,1015
592,1033
592,1169
592,1335
592,1352
592,1358
592,1369
592,1388
592,1395
592,1397
592,1446
592,1454
592,1491
592,1518
592,1522
592,1567
592,1589
592,1618
592,1664
592,1670
592,1677
592,1713
592,1721
592,1725
592,1793
592,1812
592,1822
592,1875
592,1885
592,1913
592,1926
592,1932
592,1946
592,1974
592,1979
592,1980
592,1994
592,1997
592,2021
592,2040
592,2049
592,2072
592,2094
592,2116
592,2167
592,2200
592,2238
592,2245
592,2262
592,2276
592,2281
592,2307
592,2311
592,2335
592,2339
592,2371
592,2379
592,2401
592,2421
592,2448
592,2466
592,2552
592,2562
592,2566
592,2572
592,2607
592,2637
592,2665
592,2688
592,2711
592,2870
592,2903
592,2925
592,2957
592,3052
592,3121
592,3152
592,3172
592,3174
592,3194
592,3221
592,3255
592,3262
592,3271
592,3273
592,3291
592,3297
592,3315
592,3328
592,3342
592,3354
592,3387
592,3412
592,3562
592,3576
592,3623
592,3630
592,3641
592,3803
592,3814
592,3833
592,3887
592,3895
592,3898
592,3979
592,4022
592,4337
592,4364
592,4382
592,4389
592,4392
592,4398
592,4407
592,4408
592,4466
592,4510
592,4518
592,4523
592,4572
592,4586
592,4589
592,4596
592,4625
592,4631
592,4638
592,4654
592,4712
592,4767
592,4801
592,4815
592,4854
592,4876
592,4877
592,4943
592,4944
592,4964
592,5059
592,5136
592,5139
592,5158
592,5159
592,5204
592,5205
592,5206
592,5213
592,5260
592,5290
592,5293
592,5346
592,5352
592,5358
592,5395
592,5463
592,5464
592,5487
592,5505
592,5537
592,5561
592,5689
592,5729
592,5770
592,5775
592,6075
592,6103
592,6211
593,33
593,39
593,62
593,63
593,72
593,74
593,75
593,84
593,89
593,97
593,99
593,101
593,103
593,117
593,118
593,136
593,146
593,147
593,153
593,156
593,158
593,161
593,167
593,185
593,186
593,187
593,196
593,203
593,236
593,252
593,256
593,271
593,310
593,351
593,357
593,362
593,376
593,392
593,419
593,423
593,424
593,433
593,434
593,435
593,459
593,470
593,488
593,490
593,491
593,509
593,521
593,549
593,582
593,585
593,592
593,608
593,610
593,654
593,699
593,701
593,714
593,743
593,751
593,768
593,820
593,835
593,858
593,863
593,923
593,927
593,946
593,966
593,1012
593,1076
593,1090
593,1127
593,1142
593,1160
593,1175
593,1207
593,1244
593,1277
593,1281
593,1323
593,1444
593,1498
593,1541
593,1543
593,1551
593,1573
593,1597
593,1606
593,1616
593,1680
593,1682
593,1685
593,1692
593,1698
593,1699
593,1720
593,1760
593,1769
593,1783
593,1785
593,1788
593,1791
593,1836
593,1851
593,1866
593,1867
593,1869
593,1887
593,1893
593,1895
593,1900
593,1921
593,1969
593,1975
593,1985
593,1993
593,2016
593,2023
593,2029
593,2041
593,2054
593,2119
593,2137
593,2153
593,2170
593,2173
593,2186
593,2187
593,2193
593,2213
593,2261
593,2269
593,2271
593,2283
593,2324
593,2331
593,2336
593,2338
593,2367
593,2390
593,2427
593,2460
593,2494
593,2503
593,2521
593,2526
593,2536
593,2537
593,2582
593,2587
593,2599
593,2603
593,2660
593,2699
593,2728
593,2753
593,2765
593,2823
593,2837
593,2884
593,2907
593,2919
593,2936
593,2963
593,2982
593,2991
593,2999
593,3003
593,3031
593,3094
593,3140
593,3187
593,3242
593,3252
593,3272
593,3317
593,3350
593,3370
593,3501
593,3628
593,3636
593,3702
593,3798
593,3982
593,4057
593,4144
593,4339
593,4347
593,4409
593,4443
593,4454
593,4467
593,4564
593,4617
593,4632
593,4643
593,4655
593,4696
593,4720
593,4726
593,4858
593,4859
593,4892
593,4904
593,4916
593,4919
593,4923
593,4926
593,4939
593,4960
593,4976
593,4977
593,4992
593,4994
593,5001
593,5038
593,5047
593,5055
593,5058
593,5063
593,5083
593,5105
593,5123
593,5152
593,5171
593,5229
593,5276
593,5344
593,5361
593,5385
593,5420
593,5466
593,5493
593,5499
593,5519
593,5536
593,5570
593,5584
593,5591
593,5643
593,5647
593,5774
593,6070
593,6076
593,6081
593,6112
593,6122
593,6145
593,6173
593,6209
593,6219
593,6237
593,6266
594,6
594,26
594,30
594,36
594,41
594,43
594,53
594,60
594,73
594,78
594,79
594,94
594,100
594,102
594,107
594,109
594,119
594,132
594,138
594,140
594,148
594,163
594,165
594,170
594,175
594,190
594,197
594,199
594,205
594,260
594,294
594,307
594,331
594,334
594,347
594,349
594,352
594,377
594,383
594,391
594,409
594,422
594,428
594,468
594,485
594,496
594,501
594,517
594,531
594,536
594,539
594,541
594,573
594,599
594,606
594,617
594,638
594,659
594,666
594,673
594,680
594,684
594,686
594,703
594,722
594,724
594,754
594,759
594,793
594,799
594,808
594,811
594,813
594,823
594,868
594,906
594,932
594,937
594,943
594,949
594,960
594,963
594,988
594,996
594,1001
594,1014
594,1027
594,1050
594,1053
594,1065
594,1083
594,1105
594,1112
594,1123
594,1125
594,1126
594,1156
594,1164
594,1166
594,1185
594,1189
594,1196
594,1197
594,1204
594,1219
594,1231
594,1238
594,1249
594,1266
594,1269
594,1273
594,1274
594,1276
594,1287
594,1290
594,1321
594,1341
594,1363
594,1376
594,1384
594,1391
594,1430
594,1431
594,1434
594,1445
594,1458
594,1472
594,1473
594,1506
594,1535
594,1539
594,1540
594,1561
594,1570
594,1583
594,1586
594,1620
594,1643
594,1686
594,1693
594,1696
594,1714
594,1715
594,1731
594,1749
594,1757
594,1787
594,1802
594,1824
594,1828
594,1830
594,1837
594,1848
594,1859
594,1861
594,1870
594,1871
594,1906
594,1918
594,1927
594,1928
594,1955
594,2014
594,2027
594,2033
594,2085
594,2097
594,2102
594,2105
594,2125
594,2171
594,2179
594,2185
594,2203
594,2248
594,2258
594,2272
594,2285
594,2290
594,2297
594,2314
594,2325
594,2359
594,2404
594,2414
594,2440
594,2456
594,2489
594,2504
594,2510
594,2512
594,2533
594,2544
594,2553
594,2573
594,2574
594,2630
594,2642
594,2654
594,2691
594,2706
594,2727
594,2739
594,2764
594,2773
594,2793
594,2824
594,2852
594,2866
594,2869
594,2920
594,2947
594,2965
594,2971
594,3015
594,3023
594,3062
594,3091
594,3110
594,3118
594,3163
594,3217
594,3230
594,3248
594,3249
594,3270
594,3278
594,3293
594,3388
594,3399
594,3420
594,3494
594,3498
594,3499
594,3537
594,3544
594,3565
594,3570
594,3648
594,3649
594,3664
594,3699
594,3731
594,3769
594,3771
594,3788
594,3792
594,3795
594,3799
594,3801
594,3850
594,3880
594,3911
594,3932
594,3940
594,3962
594,4035
594,4037
594,4190
594,4215
594,4230
594,4247
594,4248
594,4261
594,4267
594,4286
594,4288
594,4301
594,4317
594,4329
594,4331
594,4333
594,4336
594,4340
594,4341
594,4374
594,4376
594,4406
594,4417
594,4431
594,4433
594,4460
594,4472
594,4509
594,4538
594,4548
594,4559
594,4569
594,4573
594,4576
594,4577
594,4592
594,4616
594,4629
594,4630
594,4645
594,4659
594,4664
594,4672
594,4675
594,4683
594,4692
594,4698
594,4700
594,4703
594,4704
594,4707
594,4711
594,4748
594,4760
594,4762
594,4772
594,4775
594,4787
594,4790
594,4805
594,4807
594,4819
594,4833
594,4836
594,4840
594,4851
594,4855
594,4898
594,4906
594,4959
594,4965
594,4972
594,4987
594,5008
594,5027
594,5052
594,5060
594,5061
594,5086
594,5111
594,5125
594,5130
594,5156
594,5174
594,5185
594,5186
594,5187
594,5212
594,5259
594,5269
594,5271
594,5280
594,5330
594,5349
594,5397
594,5403
594,5409
594,5428
594,5449
594,5470
594,5480
594,5503
594,5506
594,5510
594,5535
594,5544
594,5555
594,5566
594,5575
594,5587
594,5596
594,5608
594,5644
594,5650
594,5695
594,5710
594,5726
594,5782
594,5791
594,5824
594,5838
594,5841
594,5894
594,6109
594,6113
594,6116
594,6121
594,6137
594,6164
594,6220
594,6234
595,9
595,10
595,17
595,18
595,21
595,24
595,29
595,42
595,50
595,56
595,59
595,66
595,67
595,68
595,70
595,71
595,88
595,90
595,108
595,126
595,128
595,139
595,219
595,235
595,241
595,246
595,254
595,265
595,277
595,296
595,297
595,300
595,324
595,326
595,353
595,355
595,359
595,366
595,368
595,379
595,390
595,393
595,398
595,402
595,420
595,426
595,445
595,464
595,475
595,478
595,511
595,515
595,528
595,540
595,575
595,580
595,597
595,689
595,690
595,723
595,730
595,732
595,748
595,753
595,760
595,761
595,763
595,782
595,801
595,814
595,829
595,860
595,865
595,885
595,900
595,933
595,964
595,967
595,976
595,989
595,1005
595,1029
595,1040
595,1047
595,1052
595,1055
595,1129
595,1158
595,1168
595,1173
595,1194
595,1199
595,1271
595,1300
595,1308
595,1317
595,1326
595,1339
595,1345
595,1352
595,1367
595,1383
595,1413
595,1414
595,1417
595,1470
595,1504
595,1507
595,1546
595,1627
595,1639
595,1697
595,1740
595,1750
595,1773
595,1782
595,1784
595,1800
595,1813
595,1843
595,1847
595,1949
595,1958
595,1983
595,2002
595,2019
595,2044
595,2052
595,2062
595,2069
595,2075
595,2077
595,2079
595,2114
595,2122
595,2128
595,2131
595,2136
595,2141
595,2158
595,2161
595,2164
595,2220
595,2233
595,2256
595,2259
595,2292
595,2312
595,2326
595,2334
595,2368
595,2429
595,2441
595,2449
595,2482
595,2535
595,2555
595,2567
595,2605
595,2617
595,2635
595,2674
595,2707
595,2714
595,2740
595,2761
595,2785
595,2798
595,2800
595,2804
595,2844
595,2846
595,2862
595,2878
595,2897
595,2938
595,2951
595,2961
595,3000
595,3001
595,3075
595,3079
595,3133
595,3147
595,3170
595,3184
595,3186
595,3231
595,3251
595,3260
595,3299
595,3309
595,3409
595,3439
595,3555
595,3611
595,3613
595,3631
595,3656
595,3678
595,3694
595,3696
595,3715
595,3764
595,3774
595,3776
595,3785
595,3819
595,3912
595,3931
595,3951
595,4048
595,4102
595,4112
595,4216
595,4304
595,4312
595,4313
595,4318
595,4349
595,4364
595,4372
595,4375
595,4380
595,4391
595,4404
595,4423
595,4450
595,4488
595,4491
595,4606
595,4624
595,4649
595,4680
595,4688
595,4689
595,4722
595,4753
595,4754
595,4776
595,4806
595,4808
595,4863
595,4865
595,4881
595,4947
595,4955
595,4962
595,4988
595,5029
595,5033
595,5039
595,5069
595,5080
595,5092
595,5106
595,5124
595,5132
595,5175
595,5183
595,5196
595,5197
595,5220
595,5225
595,5228
595,5277
595,5284
595,5287
595,5298
595,5325
595,5339
595,5345
595,5352
595,5366
595,5413
595,5422
595,5426
595,5429
595,5455
595,5460
595,5463
595,5464
595,5467
595,5479
595,5482
595,5494
595,5501
595,5507
595,5537
595,5539
595,5550
595,5553
595,5554
595,5561
595,5562
595,5593
595,5605
595,5614
595,5620
595,5642
595,5671
595,5672
595,5689
595,5691
595,5702
595,5766
595,5770
595,5775
595,5777
595,5804
595,5810
595,5851
595,5866
595,5912
595,5955
595,5981
595,6068
595,6080
595,6100
595,6102
595,6106
595,6127
595,6139
595,6144
595,6181
595,6223
596,7
596,22
596,25
596,33
596,35
596,49
596,63
596,72
596,75
596,89
596,104
596,118
596,123
596,129
596,153
596,158
596,178
596,196
596,203
596,213
596,216
596,218
596,230
596,258
596,271
596,279
596,285
596,286
596,288
596,289
596,350
596,410
596,412
596,430
596,471
596,479
596,488
596,520
596,521
596,549
596,557
596,565
596,604
596,637
596,641
596,642
596,705
596,756
596,768
596,772
596,783
596,820
596,832
596,835
596,883
596,955
596,968
596,972
596,1026
596,1032
596,1045
596,1073
596,1116
596,1178
596,1187
596,1192
596,1260
596,1263
596,1319
596,1336
596,1396
596,1421
596,1422
596,1448
596,1466
596,1492
596,1566
596,1596
596,1604
596,1652
596,1667
596,1678
596,1703
596,1716
596,1748
596,1794
596,1817
596,1833
596,1850
596,1978
596,1990
596,1996
596,2064
596,2156
596,2201
596,2217
596,2479
596,2538
596,2616
596,2659
596,2686
596,2698
596,2758
596,2766
596,2919
596,2922
596,3020
596,3112
596,3161
596,3219
596,3306
596,3451
596,3501
596,3562
596,3574
596,3704
596,3714
596,3824
596,3926
596,3934
596,4105
596,4124
596,4126
596,4132
596,4155
596,4158
596,4210
596,4212
596,4239
596,4251
596,4272
596,4275
596,4291
596,4311
596,4324
596,4401
596,4421
596,4459
596,4501
596,4581
596,4595
596,4656
596,4658
596,4676
596,4702
596,4742
596,4768
596,4846
596,4859
596,4866
596,4890
596,4994
596,5030
596,5043
596,5082
596,5083
596,5095
596,5104
596,5136
596,5159
596,5167
596,5201
596,5217
596,5238
596,5322
596,5368
596,5386
596,5399
596,5402
596,5418
596,5419
596,5420
596,5433
596,5436
596,5491
596,5492
596,5493
596,5520
596,5522
596,5523
596,5532
596,5541
596,5552
596,5559
596,5570
596,5589
596,5633
596,5634
596,5635
596,5643
596,5649
596,5651
596,5664
596,5665
596,5673
596,5692
596,5699
596,5701
596,5709
596,5712
596,5717
596,5724
596,5732
596,5733
596,5738
596,5740
596,5744
596,5750
596,5751
596,5765
596,5767
596,5768
596,5769
596,5773
596,5890
596,5942
596,5948
596,6060
596,6062
596,6072
596,6085
596,6112
596,6114
596,6117
596,6122
596,6132
596,6134
596,6143
596,6154
596,6158
596,6165
596,6168
596,6216
596,6219
596,6241
597,36
597,69
597,78
597,94
597,132
597,138
597,140
597,190
597,200
597,352
597,367
597,374
597,401
597,440
597,453
597,489
597,517
597,548
597,564
597,571
597,582
597,639
597,699
597,799
597,810
597,811
597,916
597,944
597,995
597,1065
597,1066
597,1078
597,1156
597,1204
597,1245
597,1270
597,1274
597,1441
597,1450
597,1859
597,1870
597,1893
597,1897
597,2051
597,2179
597,2306
597,2322
597,2428
597,3003
597,3531
597,3712
597,3775
597,3814
597,4043
597,4044
597,4104
597,4137
597,4138
597,4278
597,4417
597,4460
597,4629
597,4637
597,4664
597,4762
597,4777
597,4819
597,4840
597,4864
597,5370
597,5380
597,5383
597,5385
597,5390
597,5393
597,5400
597,5431
597,5432
597,5441
597,5480
597,5500
597,5510
597,5519
597,5545
597,5548
597,5566
597,5572
597,5585
597,5590
597,5637
597,5660
597,5684
597,5715
597,5871
597,5875
597,5945
597,5963
597,5971
597,5987
597,6005
597,6022
597,6070
597,6097
597,6109
597,6111
597,6137
597,6190
597,6246
597,6248
598,16
598,66
598,88
598,107
598,108
598,128
598,165
598,232
598,302
598,409
598,431
598,437
598,458
598,464
598,485
598,599
598,666
598,722
598,814
598,937
598,941
598,967
598,1013
598,1047
598,1052
598,1101
598,1189
598,1199
598,1347
598,1402
598,1764
598,1774
598,1792
598,2405
598,2414
598,2424
598,2515
598,3395
598,3452
598,3589
598,4294
598,4364
598,4538
598,4624
598,4754
598,4808
598,4947
598,5092
598,5415
598,5455
598,5702
598,5791
598,5894
598,6106
599,24
599,29
599,67
599,71
599,153
599,216
599,230
599,355
599,398
599,479
599,520
599,540
599,557
599,782
599,962
599,1073
599,1190
599,1421
599,1434
599,1566
599,1612
599,1643
599,1753
599,2666
599,2797
599,2890
599,3674
599,4105
599,4124
599,4132
599,4155
599,4158
599,4210
599,4251
599,4275
599,4349
599,4702
599,4851
599,4869
599,5030
599,5095
599,5127
599,5418
599,5419
599,5522
599,5523
599,5559
599,5635
599,5649
599,5664
599,5670
599,5673
599,5692
599,5699
599,5709
599,5712
599,5717
599,5724
599,5732
599,5740
599,5750
599,5765
599,5768
599,6085
599,6143
599,6165
599,6241
600,196
600,410
600,517
600,801
600,1817
600,2014
600,2077
600,2368
600,2456
600,2555
600,3744
600,4043
600,4104
600,4137
600,4138
600,4439
600,4656
600,5110
600,5383
600,5390
600,5399
600,5441
600,5460
600,5491
600,5512
600,5572
600,5585
600,5731
600,5760
600,5822
600,5871
600,5875
600,5945
600,5963
600,5971
600,5987
600,6005
600,6037
600,6190
600,6246
601,412
601,471
601,3694
601,4304
601,4643
601,4865
601,5420
601,5500
601,5535
601,5744
601,5751
601,5767
601,6080
601,6106
625,2835
625,3123
625,3322
625,3526
625,3579
625,3675
625,3688
625,3861
625,3863
625,3869
625,3883
625,3939
625,3965
625,4007
625,4021
625,4023
625,4034
625,4042
625,4058
625,4065
625,4072
625,4093
625,4096
625,4106
625,4107
625,4109
625,4117
625,4128
625,4139
625,4164
625,4167
625,4175
625,4177
625,4181
625,4182
625,4200
625,4201
625,4204
625,4209
625,4213
625,4217
625,4220
625,4224
625,4229
625,4231
625,4233
625,4234
625,4235
625,4238
625,4244
625,4245
625,4326
625,4522
625,4641
625,4666
625,4710
625,4746
625,4810
625,4844
625,5051
625,5215
625,5223
625,5230
625,5250
625,5251
625,5253
625,5313
625,5327
625,6210
625,6213
625,6215
625,6222
625,6225
625,6226
625,6231
625,6235
625,6240
625,6252
625,6253
625,6256
625,6257
625,6258
625,6263
625,6264
625,6267
625,6268
625,6271
625,6273
625,6274
625,6275
626,48
626,54
626,65
626,109
626,111
626,169
626,184
626,222
626,261
626,312
626,317
626,319
626,328
626,338
626,382
626,414
626,415
626,442
626,452
626,453
626,506
626,522
626,561
626,567
626,591
626,622
626,625
626,656
626,664
626,716
626,725
626,757
626,765
626,781
626,791
626,842
626,851
626,905
626,942
626,981
626,1024
626,1070
626,1085
626,1165
626,1205
626,1213
626,1256
626,1318
626,1449
626,1532
626,1569
626,1617
626,1628
626,1690
626,1725
626,1726
626,1818
626,1865
626,1894
626,1913
626,2006
626,2053
626,2067
626,2071
626,2121
626,2162
626,2222
626,2245
626,2251
626,2286
626,2330
626,2386
626,2547
626,2805
626,2836
626,2859
626,2860
626,2864
626,2901
626,2992
626,3045
626,3066
626,3422
626,3858
626,4052
626,4169
626,4189
626,4247
626,4265
626,4280
626,4306
626,4309
626,4315
626,4363
626,4377
626,4511
626,4518
626,4549
626,4550
626,4579
626,4611
626,4665
626,4744
626,4843
626,4852
626,4853
626,4920
626,4921
626,4959
626,5034
626,5082
626,5165
626,5203
626,5282
626,5290
626,5294
627,3
627,4
627,6
627,7
627,29
627,59
627,63
627,87
627,101
627,115
627,118
627,155
627,158
627,172
627,218
627,251
627,310
627,366
627,381
627,403
627,406
627,460
627,477
627,486
627,560
627,563
627,572
627,586
627,629
627,632
627,644
627,665
627,704
627,731
627,788
627,808
627,817
627,830
627,852
627,858
627,894
627,917
627,972
627,994
627,1004
627,1015
627,1335
627,1352
627,1358
627,1369
627,1395
627,1397
627,1454
627,1496
627,1518
627,1522
627,1567
627,1589
627,1618
627,1664
627,1670
627,1677
627,1680
627,1713
627,1721
627,1793
627,1812
627,1822
627,1875
627,1885
627,1926
627,1932
627,1946
627,1953
627,1974
627,1979
627,1980
627,1997
627,2021
627,2040
627,2049
627,2072
627,2094
627,2116
627,2167
627,2200
627,2235
627,2238
627,2262
627,2276
627,2281
627,2307
627,2311
627,2335
627,2339
627,2347
627,2354
627,2371
627,2379
627,2401
627,2421
627,2448
627,2466
627,2552
627,2562
627,2564
627,2566
627,2572
627,2578
627,2607
627,2637
627,2665
627,2711
627,2870
627,2903
627,2925
627,2957
627,3003
627,3052
627,3121
627,3152
627,3172
627,3174
627,3194
627,3221
627,3255
627,3271
627,3273
627,3291
627,3297
627,3315
627,3328
627,3342
627,3354
627,3387
627,3562
627,3576
627,3623
627,3630
627,3641
627,3810
627,3814
627,3833
627,3887
627,3895
627,3898
627,3979
627,4022
627,4337
627,4364
627,4382
627,4389
627,4392
627,4398
627,4407
627,4408
627,4466
627,4510
627,4523
627,4572
627,4586
627,4589
627,4596
627,4631
627,4654
627,4767
627,4801
627,4815
627,4854
627,4876
627,4877
627,4943
627,4944
627,4964
627,5059
627,5136
627,5139
627,5159
627,5204
627,5205
627,5206
627,5213
627,5260
627,5293
627,5346
627,5352
627,5358
627,5395
627,5463
627,5464
627,5487
627,5492
627,5493
627,5505
627,5537
627,5561
627,5570
627,5647
627,5689
627,5729
627,5770
627,5775
627,5841
627,6075
627,6112
627,6122
627,6211
627,6219
628,24
628,26
628,33
628,39
628,58
628,62
628,78
628,84
628,89
628,90
628,97
628,103
628,136
628,146
628,147
628,156
628,161
628,167
628,186
628,197
628,203
628,236
628,252
628,256
628,330
628,351
628,357
628,362
628,392
628,423
628,424
628,433
628,434
628,435
628,459
628,462
628,470
628,488
628,491
628,509
628,521
628,549
628,582
628,585
628,592
628,608
628,610
628,699
628,751
628,768
628,770
628,820
628,835
628,923
628,927
628,946
628,966
628,1012
628,1033
628,1050
628,1058
628,1076
628,1090
628,1127
628,1142
628,1156
628,1160
628,1175
628,1185
628,1207
628,1244
628,1274
628,1277
628,1281
628,1300
628,1323
628,1444
628,1472
628,1493
628,1498
628,1541
628,1543
628,1551
628,1573
628,1597
628,1606
628,1616
628,1685
628,1692
628,1693
628,1698
628,1699
628,1720
628,1769
628,1783
628,1785
628,1803
628,1851
628,1861
628,1867
628,1869
628,1887
628,1891
628,1893
628,1895
628,1921
628,1969
628,1975
628,1985
628,1993
628,1994
628,2016
628,2023
628,2036
628,2041
628,2054
628,2137
628,2170
628,2173
628,2186
628,2187
628,2193
628,2213
628,2261
628,2269
628,2271
628,2283
628,2324
628,2331
628,2336
628,2338
628,2390
628,2408
628,2460
628,2488
628,2494
628,2503
628,2521
628,2526
628,2536
628,2537
628,2582
628,2587
628,2599
628,2619
628,2660
628,2671
628,2699
628,2728
628,2736
628,2753
628,2765
628,2823
628,2826
628,2837
628,2884
628,2907
628,2919
628,2936
628,2963
628,2982
628,2991
628,2999
628,3012
628,3031
628,3094
628,3134
628,3140
628,3225
628,3242
628,3249
628,3252
628,3260
628,3272
628,3274
628,3317
628,3350
628,3414
628,3472
628,3501
628,3561
628,3627
628,3628
628,3636
628,3658
628,3760
628,3798
628,3826
628,3982
628,4099
628,4144
628,4339
628,4347
628,4381
628,4409
628,4417
628,4429
628,4430
628,4443
628,4454
628,4467
628,4538
628,4564
628,4608
628,4617
628,4643
628,4655
628,4696
628,4712
628,4714
628,4720
628,4726
628,4781
628,4838
628,4846
628,4851
628,4858
628,4873
628,4892
628,4916
628,4923
628,4926
628,4939
628,4960
628,4976
628,4977
628,4994
628,5001
628,5020
628,5038
628,5047
628,5055
628,5058
628,5063
628,5083
628,5088
628,5105
628,5122
628,5158
628,5229
628,5259
628,5276
628,5344
628,5385
628,5403
628,5420
628,5423
628,5429
628,5455
628,5466
628,5499
628,5513
628,5519
628,5535
628,5536
628,5550
628,5587
628,5614
628,5774
628,5955
628,6070
628,6076
628,6080
628,6081
628,6100
628,6103
628,6106
628,6145
628,6209
628,6237
628,6266
629,43
629,53
629,68
629,73
629,94
629,102
629,107
629,108
629,109
629,119
629,132
629,138
629,148
629,163
629,165
629,170
629,175
629,187
629,190
629,196
629,199
629,205
629,215
629,243
629,260
629,265
629,271
629,307
629,347
629,349
629,376
629,377
629,383
629,391
629,409
629,419
629,422
629,428
629,455
629,468
629,490
629,496
629,501
629,511
629,517
629,536
629,539
629,541
629,606
629,666
629,667
629,673
629,680
629,686
629,690
629,703
629,707
629,722
629,743
629,758
629,759
629,793
629,799
629,809
629,811
629,823
629,868
629,906
629,932
629,937
629,943
629,1001
629,1006
629,1014
629,1053
629,1055
629,1065
629,1105
629,1112
629,1114
629,1126
629,1164
629,1166
629,1189
629,1196
629,1197
629,1204
629,1219
629,1231
629,1238
629,1247
629,1266
629,1273
629,1276
629,1341
629,1376
629,1434
629,1445
629,1458
629,1468
629,1470
629,1473
629,1506
629,1535
629,1539
629,1540
629,1561
629,1570
629,1583
629,1620
629,1631
629,1643
629,1674
629,1682
629,1696
629,1710
629,1714
629,1715
629,1731
629,1749
629,1760
629,1782
629,1787
629,1788
629,1791
629,1802
629,1824
629,1828
629,1830
629,1836
629,1848
629,1859
629,1866
629,1870
629,1900
629,1906
629,1918
629,1927
629,1928
629,1955
629,1987
629,2008
629,2014
629,2027
629,2029
629,2066
629,2097
629,2105
629,2114
629,2119
629,2125
629,2153
629,2171
629,2179
629,2185
629,2203
629,2218
629,2248
629,2258
629,2272
629,2290
629,2297
629,2322
629,2325
629,2341
629,2392
629,2404
629,2414
629,2427
629,2440
629,2456
629,2489
629,2495
629,2510
629,2533
629,2553
629,2555
629,2603
629,2642
629,2654
629,2682
629,2727
629,2750
629,2773
629,2778
629,2797
629,2801
629,2824
629,2852
629,2866
629,2869
629,2906
629,2920
629,2937
629,2938
629,2947
629,2960
629,2965
629,2971
629,3023
629,3062
629,3091
629,3096
629,3118
629,3130
629,3163
629,3187
629,3230
629,3270
629,3278
629,3290
629,3293
629,3307
629,3327
629,3357
629,3406
629,3420
629,3499
629,3517
629,3544
629,3565
629,3596
629,3649
629,3664
629,3699
629,3731
629,3771
629,3788
629,3792
629,3801
629,3850
629,3880
629,3897
629,3932
629,3940
629,3962
629,4035
629,4215
629,4230
629,4261
629,4267
629,4271
629,4286
629,4288
629,4317
629,4329
629,4333
629,4334
629,4336
629,4341
629,4359
629,4374
629,4376
629,4406
629,4415
629,4433
629,4450
629,4509
629,4512
629,4548
629,4559
629,4569
629,4576
629,4577
629,4592
629,4609
629,4616
629,4645
629,4664
629,4672
629,4675
629,4683
629,4692
629,4698
629,4700
629,4703
629,4704
629,4711
629,4772
629,4775
629,4790
629,4796
629,4805
629,4807
629,4819
629,4831
629,4833
629,4836
629,4855
629,4859
629,4898
629,4904
629,4906
629,4919
629,4959
629,4965
629,4992
629,4995
629,5027
629,5052
629,5061
629,5086
629,5090
629,5092
629,5111
629,5123
629,5130
629,5174
629,5186
629,5187
629,5197
629,5271
629,5345
629,5387
629,5428
629,5449
629,5470
629,5480
629,5503
629,5510
629,5514
629,5532
629,5545
629,5566
629,5584
629,5596
629,5608
629,5710
629,5791
629,5894
629,6109
629,6113
629,6116
629,6121
629,6137
629,6164
629,6220
630,10
630,18
630,21
630,29
630,36
630,41
630,48
630,50
630,56
630,59
630,63
630,66
630,70
630,71
630,79
630,88
630,100
630,118
630,126
630,128
630,139
630,140
630,153
630,158
630,185
630,207
630,219
630,235
630,246
630,277
630,296
630,297
630,300
630,326
630,331
630,334
630,352
630,353
630,359
630,366
630,368
630,379
630,390
630,393
630,398
630,402
630,420
630,464
630,475
630,483
630,485
630,493
630,510
630,528
630,557
630,566
630,573
630,575
630,580
630,597
630,599
630,638
630,654
630,663
630,689
630,723
630,724
630,730
630,745
630,748
630,753
630,760
630,761
630,763
630,801
630,814
630,850
630,860
630,865
630,922
630,934
630,948
630,949
630,967
630,976
630,988
630,989
630,1026
630,1027
630,1029
630,1047
630,1052
630,1054
630,1062
630,1073
630,1074
630,1123
630,1125
630,1129
630,1161
630,1168
630,1169
630,1173
630,1194
630,1199
630,1210
630,1249
630,1287
630,1290
630,1308
630,1317
630,1319
630,1334
630,1336
630,1345
630,1356
630,1363
630,1367
630,1384
630,1397
630,1404
630,1414
630,1417
630,1430
630,1431
630,1466
630,1507
630,1537
630,1546
630,1586
630,1639
630,1667
630,1676
630,1686
630,1740
630,1750
630,1773
630,1784
630,1794
630,1837
630,1847
630,1849
630,1871
630,1958
630,1983
630,2002
630,2033
630,2052
630,2062
630,2075
630,2077
630,2085
630,2086
630,2122
630,2129
630,2136
630,2158
630,2164
630,2190
630,2220
630,2233
630,2237
630,2256
630,2259
630,2314
630,2334
630,2368
630,2429
630,2441
630,2512
630,2515
630,2538
630,2567
630,2573
630,2610
630,2630
630,2635
630,2674
630,2706
630,2707
630,2740
630,2761
630,2785
630,2793
630,2798
630,2800
630,2804
630,2844
630,2862
630,2878
630,2900
630,2922
630,2930
630,2945
630,2951
630,3001
630,3003
630,3020
630,3079
630,3110
630,3147
630,3170
630,3186
630,3217
630,3219
630,3231
630,3248
630,3251
630,3254
630,3299
630,3306
630,3386
630,3399
630,3409
630,3417
630,3439
630,3494
630,3531
630,3537
630,3555
630,3570
630,3611
630,3613
630,3631
630,3648
630,3656
630,3678
630,3694
630,3702
630,3738
630,3744
630,3769
630,3774
630,3776
630,3785
630,3787
630,3795
630,3799
630,3819
630,3905
630,3912
630,3997
630,4037
630,4126
630,4216
630,4247
630,4248
630,4254
630,4304
630,4311
630,4312
630,4313
630,4318
630,4331
630,4349
630,4364
630,4372
630,4375
630,4380
630,4391
630,4404
630,4423
630,4431
630,4488
630,4491
630,4493
630,4506
630,4573
630,4606
630,4615
630,4624
630,4628
630,4630
630,4637
630,4656
630,4659
630,4680
630,4688
630,4689
630,4707
630,4722
630,4734
630,4748
630,4753
630,4754
630,4762
630,4765
630,4776
630,4806
630,4840
630,4862
630,4863
630,4865
630,4925
630,4947
630,4955
630,4962
630,4973
630,4988
630,5029
630,5043
630,5069
630,5080
630,5106
630,5124
630,5125
630,5132
630,5156
630,5159
630,5163
630,5180
630,5183
630,5185
630,5196
630,5212
630,5217
630,5220
630,5269
630,5277
630,5284
630,5287
630,5298
630,5328
630,5339
630,5349
630,5352
630,5422
630,5463
630,5464
630,5465
630,5482
630,5494
630,5506
630,5537
630,5544
630,5555
630,5561
630,5590
630,5593
630,5605
630,5644
630,5672
630,5689
630,5691
630,5702
630,5733
630,5770
630,5775
630,5795
630,5824
630,5841
630,5912
630,5959
630,6001
630,6014
630,6102
630,6150
630,6211
630,6218
630,6234
631,6
631,7
631,17
631,24
631,25
631,33
631,49
631,72
631,75
631,78
631,89
631,90
631,93
631,99
631,104
631,123
631,129
631,169
631,197
631,203
631,216
631,218
631,230
631,232
631,252
631,285
631,286
631,289
631,302
631,332
631,350
631,355
631,362
631,367
631,412
631,423
631,426
631,431
631,471
631,478
631,479
631,488
631,491
631,515
631,520
631,521
631,604
631,642
631,701
631,729
631,732
631,772
631,808
631,813
631,829
631,832
631,835
631,888
631,910
631,927
631,933
631,955
631,963
631,972
631,1003
631,1013
631,1040
631,1078
631,1116
631,1150
631,1156
631,1158
631,1178
631,1187
631,1245
631,1260
631,1274
631,1300
631,1326
631,1339
631,1347
631,1391
631,1396
631,1412
631,1422
631,1541
631,1596
631,1604
631,1627
631,1648
631,1697
631,1703
631,1743
631,1748
631,1817
631,1820
631,1833
631,1850
631,1893
631,1932
631,1949
631,1990
631,1996
631,2019
631,2064
631,2079
631,2128
631,2131
631,2141
631,2156
631,2161
631,2201
631,2217
631,2224
631,2252
631,2282
631,2413
631,2449
631,2479
631,2504
631,2544
631,2612
631,2616
631,2617
631,2659
631,2686
631,2714
631,2766
631,2846
631,2897
631,2919
631,2994
631,3072
631,3112
631,3133
631,3161
631,3184
631,3260
631,3309
631,3362
631,3451
631,3493
631,3501
631,3562
631,3574
631,3633
631,3685
631,3696
631,3704
631,3712
631,3714
631,3764
631,3824
631,3931
631,4048
631,4105
631,4124
631,4130
631,4132
631,4137
631,4155
631,4156
631,4158
631,4190
631,4210
631,4212
631,4239
631,4278
631,4319
631,4324
631,4358
631,4401
631,4421
631,4459
631,4460
631,4486
631,4490
631,4501
631,4581
631,4595
631,4629
631,4632
631,4649
631,4655
631,4702
631,4742
631,4820
631,4858
631,4914
631,4994
631,5005
631,5009
631,5057
631,5062
631,5083
631,5095
631,5148
631,5167
631,5175
631,5201
631,5225
631,5238
631,5280
631,5322
631,5325
631,5330
631,5361
631,5366
631,5386
631,5393
631,5409
631,5418
631,5419
631,5420
631,5423
631,5433
631,5479
631,5492
631,5493
631,5500
631,5518
631,5520
631,5522
631,5523
631,5535
631,5552
631,5553
631,5559
631,5562
631,5570
631,5589
631,5626
631,5634
631,5635
631,5647
631,5649
631,5651
631,5664
631,5670
631,5673
631,5692
631,5699
631,5701
631,5703
631,5709
631,5712
631,5715
631,5717
631,5724
631,5730
631,5732
631,5738
631,5740
631,5750
631,5765
631,5768
631,5769
631,5981
631,6056
631,6067
631,6080
631,6085
631,6106
631,6112
631,6114
631,6117
631,6122
631,6127
631,6143
631,6154
631,6158
631,6165
631,6177
631,6216
631,6219
631,6223
631,6241
632,16
632,43
632,67
632,69
632,73
632,108
632,109
632,114
632,132
632,138
632,146
632,190
632,196
632,200
632,205
632,254
632,258
632,271
632,288
632,374
632,397
632,401
632,437
632,440
632,458
632,517
632,540
632,548
632,549
632,582
632,639
632,641
632,681
632,686
632,690
632,699
632,700
632,768
632,926
632,944
632,968
632,995
632,1065
632,1101
632,1141
632,1185
632,1192
632,1263
632,1352
632,1358
632,1383
632,1441
632,1471
632,1540
632,1606
632,1774
632,1870
632,2179
632,2405
632,2510
632,2961
632,3090
632,3136
632,3249
632,3420
632,3674
632,3715
632,3743
632,3814
632,3890
632,3923
632,3932
632,3949
632,3962
632,4035
632,4043
632,4102
632,4104
632,4112
632,4138
632,4170
632,4230
632,4240
632,4251
632,4301
632,4340
632,4417
632,4538
632,4577
632,4643
632,4658
632,4664
632,4676
632,4705
632,4777
632,4781
632,4787
632,4819
632,4866
632,4890
632,4906
632,4972
632,5082
632,5093
632,5104
632,5127
632,5203
632,5383
632,5385
632,5390
632,5397
632,5403
632,5429
632,5441
632,5449
632,5455
632,5460
632,5470
632,5480
632,5510
632,5512
632,5550
632,5566
632,5572
632,5575
632,5585
632,5604
632,5614
632,5643
632,5655
632,5660
632,5671
632,5685
632,5690
632,5710
632,5735
632,5773
632,5777
632,5782
632,5822
632,5871
632,5872
632,5875
632,5890
632,5894
632,5942
632,5945
632,5955
632,5963
632,5971
632,5987
632,6005
632,6022
632,6025
632,6060
632,6062
632,6070
632,6116
632,6132
632,6137
632,6145
632,6181
632,6190
632,6209
632,6246
633,20
633,42
633,56
633,66
633,68
633,88
633,128
633,140
633,165
633,279
633,366
633,409
633,410
633,430
633,475
633,489
633,564
633,565
633,661
633,666
633,680
633,689
633,691
633,724
633,860
633,934
633,988
633,1045
633,1054
633,1066
633,1271
633,1329
633,1385
633,1402
633,1417
633,1418
633,1436
633,1480
633,1794
633,1962
633,2051
633,2077
633,2244
633,2306
633,2312
633,2424
633,2428
633,2515
633,2555
633,2758
633,2938
633,3186
633,3219
633,3409
633,3452
633,3589
633,3600
633,3775
633,4271
633,4272
633,4275
633,4289
633,4291
633,4349
633,4731
633,4762
633,4806
633,4869
633,4988
633,5092
633,5217
633,5368
633,5380
633,5399
633,5415
633,5463
633,5464
633,5494
633,5519
633,5584
633,5599
633,5620
633,5650
633,5689
633,5702
633,5744
633,5751
633,5767
633,5770
633,5775
633,5791
633,5806
633,5851
633,5948
633,6082
633,6111
633,6113
633,6121
633,6193
633,6220
633,6237
634,9
634,25
634,29
634,41
634,78
634,89
634,90
634,126
634,129
634,153
634,203
634,213
634,230
634,320
634,331
634,334
634,340
634,349
634,352
634,367
634,379
634,398
634,420
634,431
634,445
634,460
634,464
634,478
634,485
634,522
634,571
634,597
634,722
634,746
634,753
634,756
634,804
634,814
634,830
634,850
634,865
634,880
634,937
634,951
634,955
634,967
634,989
634,991
634,1078
634,1116
634,1187
634,1194
634,1245
634,1319
634,1431
634,1432
634,1507
634,1558
634,1589
634,1596
634,1670
634,1678
634,1753
634,1945
634,1997
634,2686
634,2706
634,2919
634,3020
634,3079
634,3613
634,3650
634,3656
634,4248
634,4278
634,4297
634,4322
634,4343
634,4345
634,4397
634,4460
634,4493
634,4629
634,4656
634,4702
634,4722
634,4753
634,4754
634,4865
634,4885
634,4914
634,4947
634,4994
634,5136
634,5152
634,5188
634,5366
634,5400
634,5409
634,5479
634,5535
634,5554
634,5617
634,5633
634,5729
634,6080
634,6106
634,6164
634,6217
635,18
635,35
635,49
635,72
635,75
635,79
635,94
635,108
635,200
635,218
635,258
635,288
635,294
635,300
635,315
635,344
635,353
635,355
635,364
635,372
635,389
635,392
635,412
635,437
635,471
635,515
635,520
635,639
635,641
635,699
635,799
635,810
635,944
635,959
635,1003
635,1076
635,1133
635,1171
635,1215
635,1262
635,1317
635,1406
635,1422
635,1666
635,1716
635,1777
635,1817
635,1992
635,1996
635,2368
635,2535
635,2553
635,2634
635,2677
635,2698
635,2719
635,2740
635,2865
635,3744
635,4045
635,4105
635,4124
635,4132
635,4137
635,4155
635,4158
635,4210
635,4251
635,4294
635,4403
635,4624
635,4632
635,4728
635,4741
635,4881
635,4890
635,4962
635,5129
635,5175
635,5232
635,5418
635,5419
635,5522
635,5523
635,5559
635,5635
635,5649
635,5664
635,5670
635,5673
635,5692
635,5699
635,5709
635,5712
635,5717
635,5724
635,5732
635,5740
635,5750
635,5765
635,5768
635,5992
635,6085
635,6132
635,6143
635,6165
635,6207
635,6241
635,6248
636,36
636,43
636,69
636,104
636,138
636,140
636,144
636,178
636,189
636,302
636,324
636,357
636,410
636,453
636,458
636,564
636,565
636,573
636,676
636,679
636,766
636,768
636,783
636,883
636,926
636,941
636,1066
636,1094
636,1101
636,1172
636,1263
636,1345
636,1402
636,1480
636,1652
636,1792
636,2128
636,2306
636,3062
636,3452
636,3501
636,3562
636,3694
636,3775
636,3926
636,4043
636,4104
636,4138
636,4272
636,4275
636,4304
636,4712
636,4808
636,4866
636,4869
636,5069
636,5093
636,5095
636,5225
636,5284
636,5383
636,5390
636,5423
636,5441
636,5460
636,5492
636,5493
636,5500
636,5512
636,5570
636,5572
636,5585
636,5702
636,5769
636,5806
636,5822
636,5871
636,5875
636,5912
636,5945
636,5963
636,5971
636,5987
636,6005
636,6037
636,6112
636,6114
636,6122
636,6145
636,6148
636,6154
636,6158
636,6190
636,6219
636,6234
636,6246
637,24
637,88
637,129
637,165
637,383
637,398
637,401
637,409
637,439
637,460
637,531
637,540
637,548
637,830
637,864
637,1001
637,1156
637,1204
637,1270
637,1274
637,1329
637,1436
637,1566
637,1764
637,1843
637,2077
637,2555
637,3395
637,3409
637,3589
637,3934
637,4345
637,4417
637,4538
637,4656
637,4702
637,4806
637,4819
637,5110
637,5234
637,5399
637,5403
637,5420
637,5432
637,5491
637,5510
637,5514
637,5535
637,5541
637,5548
637,5552
637,5566
637,5589
637,5637
637,5671
637,5684
637,5744
637,5751
637,5767
637,5791
637,6080
638,89
638,90
638,94
638,108
638,170
638,196
638,200
638,202
638,230
638,232
638,315
638,340
638,355
638,364
638,478
638,485
638,571
638,580
638,639
638,666
638,759
638,799
638,823
638,1073
638,1753
638,2201
638,2326
638,2405
638,2895
638,3656
638,4294
638,4364
638,4460
638,4629
638,4754
638,5092
638,5280
638,5455
638,5539
638,6106
638,6117
639,29
639,258
639,279
639,288
639,389
639,391
639,562
639,641
639,1029
639,1210
639,1292
639,1652
639,1800
639,2306
639,3452
639,3744
639,3775
639,4869
639,4890
639,5127
639,5232
639,6127
640,35
640,129
640,153
640,178
640,475
640,564
640,572
640,663
640,683
640,748
640,830
640,1066
640,1176
640,1220
640,1229
640,3395
640,3589
640,4439
640,4997
640,5385
641,69
641,75
641,121
641,200
641,230
641,315
641,340
641,364
641,639
641,1753
641,4731
642,300
642,344
642,367
642,562
642,610
642,991
642,1210
642,1317
642,2306
642,2368
642,3452
642,3744
642,3775
642,4656
642,4869
642,4988
643,35
643,72
643,78
643,286
643,389
643,412
643,460
643,471
643,564
643,683
643,748
643,830
643,1568
643,3395
643,3501
643,3562
643,3589
643,3694
643,4304
643,4865
643,4962
643,4997
643,5479
643,6234
644,14
644,121
644,140
644,165
644,230
644,340
644,409
644,768
644,1204
644,1274
644,1345
644,1753
644,1764
644,2128
644,2555
644,2616
644,2938
644,4538
644,5187
644,5403
644,5510
644,5566
644,5570
644,5637
644,5671
644,5702
644,5791
644,6070
644,6114
644,6219
645,70
645,88
645,89
645,108
645,367
645,391
645,393
645,557
645,562
645,663
645,1029
645,1210
645,1540
645,2405
645,3744
645,4364
645,4656
646,90
646,748
646,4460
646,4629
660,2835
660,3123
660,3322
660,3526
660,3579
660,3675
660,3688
660,3858
660,3861
660,3863
660,3869
660,3939
660,3965
660,4007
660,4021
660,4034
660,4042
660,4052
660,4058
660,4065
660,4072
660,4093
660,4106
660,4107
660,4109
660,4117
660,4128
660,4139
660,4164
660,4167
660,4175
660,4177
660,4182
660,4200
660,4204
660,4209
660,4213
660,4217
660,4220
660,4224
660,4229
660,4231
660,4233
660,4234
660,4235
660,4238
660,4244
660,4245
660,4326
660,4522
660,4641
660,4710
660,4746
660,4810
660,4843
660,4844
660,5051
660,5215
660,5223
660,5230
660,5250
660,5251
660,5253
660,5327
660,6210
660,6213
660,6215
660,6222
660,6225
660,6226
660,6231
660,6235
660,6240
660,6252
660,6253
660,6257
660,6258
660,6263
660,6264
660,6267
660,6268
660,6271
660,6273
660,6274
660,6275
661,54
661,65
661,109
661,111
661,169
661,184
661,222
661,261
661,312
661,317
661,319
661,328
661,338
661,382
661,403
661,415
661,442
661,452
661,453
661,506
661,522
661,561
661,567
661,591
661,622
661,656
661,664
661,716
661,725
661,757
661,765
661,791
661,842
661,851
661,905
661,942
661,1024
661,1070
661,1165
661,1205
661,1213
661,1256
661,1318
661,1449
661,1532
661,1617
661,1628
661,1690
661,1726
661,1818
661,1865
661,1894
661,2006
661,2053
661,2067
661,2071
661,2121
661,2162
661,2222
661,2251
661,2286
661,2330
661,2386
661,2547
661,2805
661,2836
661,2859
661,2860
661,2864
661,2901
661,3045
661,3066
661,3422
661,3883
661,4023
661,4096
661,4169
661,4181
661,4189
661,4201
661,4247
661,4265
661,4280
661,4306
661,4309
661,4315
661,4363
661,4377
661,4511
661,4550
661,4579
661,4666
661,4852
661,4853
661,4920
661,4921
661,4959
661,5082
661,5165
661,5203
661,5282
661,5294
661,5313
661,6256
662,3
662,4
662,7
662,24
662,29
662,87
662,115
662,155
662,172
662,204
662,218
662,251
662,281
662,366
662,406
662,423
662,460
662,477
662,486
662,563
662,572
662,586
662,610
662,625
662,629
662,632
662,644
662,665
662,704
662,781
662,788
662,830
662,852
662,858
662,894
662,917
662,972
662,994
662,1004
662,1015
662,1033
662,1169
662,1352
662,1369
662,1388
662,1395
662,1397
662,1446
662,1454
662,1491
662,1496
662,1518
662,1522
662,1567
662,1589
662,1618
662,1664
662,1670
662,1677
662,1680
662,1713
662,1721
662,1725
662,1793
662,1812
662,1822
662,1875
662,1885
662,1913
662,1926
662,1932
662,1946
662,1979
662,1980
662,1994
662,1997
662,2021
662,2025
662,2040
662,2049
662,2072
662,2094
662,2116
662,2167
662,2200
662,2238
662,2262
662,2276
662,2281
662,2307
662,2311
662,2339
662,2344
662,2371
662,2379
662,2401
662,2421
662,2448
662,2466
662,2562
662,2566
662,2572
662,2607
662,2665
662,2691
662,2711
662,2870
662,2903
662,2925
662,2957
662,2992
662,3052
662,3121
662,3152
662,3172
662,3174
662,3221
662,3255
662,3262
662,3271
662,3273
662,3291
662,3297
662,3315
662,3328
662,3342
662,3354
662,3412
662,3495
662,3576
662,3623
662,3630
662,3641
662,3810
662,3887
662,3895
662,3898
662,3979
662,4022
662,4364
662,4382
662,4389
662,4392
662,4398
662,4407
662,4408
662,4466
662,4510
662,4518
662,4523
662,4572
662,4586
662,4589
662,4596
662,4631
662,4654
662,4744
662,4767
662,4801
662,4815
662,4854
662,4876
662,4877
662,4944
662,4964
662,5059
662,5100
662,5136
662,5139
662,5158
662,5159
662,5204
662,5205
662,5206
662,5213
662,5293
662,5346
662,5352
662,5358
662,5395
662,5463
662,5464
662,5487
662,5505
662,5537
662,5561
662,5689
662,5729
662,5770
662,5775
662,5841
662,6075
662,6211
663,33
663,39
663,63
663,84
663,90
663,101
663,103
663,117
663,136
663,146
663,147
663,156
663,161
663,167
663,196
663,236
663,252
663,310
663,351
663,362
663,376
663,392
663,424
663,459
663,462
663,470
663,488
663,509
663,521
663,549
663,560
663,582
663,585
663,592
663,608
663,699
663,714
663,731
663,751
663,895
663,946
663,966
663,1076
663,1090
663,1127
663,1142
663,1160
663,1207
663,1281
663,1358
663,1444
663,1541
663,1543
663,1551
663,1597
663,1606
663,1616
663,1685
663,1692
663,1698
663,1699
663,1720
663,1769
663,1785
663,1791
663,1836
663,1851
663,1866
663,1869
663,1887
663,1893
663,1895
663,1900
663,1921
663,1969
663,1975
663,1985
663,1993
663,2016
663,2023
663,2029
663,2041
663,2054
663,2173
663,2186
663,2193
663,2213
663,2261
663,2269
663,2271
663,2283
663,2324
663,2338
663,2390
663,2427
663,2521
663,2526
663,2536
663,2537
663,2582
663,2599
663,2753
663,2837
663,2884
663,2936
663,2963
663,2982
663,2991
663,2999
663,3031
663,3094
663,3140
663,3252
663,3317
663,3350
663,3498
663,3501
663,3562
663,3636
663,3760
663,3798
663,3982
663,4144
663,4339
663,4409
663,4443
663,4454
663,4564
663,4617
663,4696
663,4726
663,4858
663,4859
663,4916
663,4923
663,4926
663,4939
663,4943
663,4960
663,4976
663,4977
663,4992
663,5001
663,5047
663,5055
663,5057
663,5058
663,5063
663,5105
663,5260
663,5276
663,5344
663,5361
663,5420
663,5466
663,5499
663,5519
663,5536
663,5584
663,5774
663,6081
663,6103
663,6145
663,6173
663,6209
663,6237
664,26
664,36
664,43
664,73
664,78
664,89
664,94
664,97
664,107
664,109
664,132
664,138
664,140
664,148
664,163
664,165
664,170
664,186
664,187
664,260
664,271
664,307
664,324
664,377
664,391
664,409
664,428
664,434
664,485
664,501
664,531
664,539
664,573
664,617
664,666
664,686
664,722
664,724
664,759
664,768
664,799
664,811
664,823
664,868
664,906
664,923
664,996
664,1053
664,1105
664,1126
664,1156
664,1166
664,1185
664,1196
664,1197
664,1204
664,1219
664,1238
664,1247
664,1266
664,1274
664,1276
664,1287
664,1321
664,1341
664,1376
664,1384
664,1472
664,1473
664,1535
664,1539
664,1561
664,1570
664,1586
664,1620
664,1636
664,1674
664,1686
664,1693
664,1714
664,1715
664,1731
664,1749
664,1757
664,1760
664,1783
664,1788
664,1837
664,1848
664,1861
664,1867
664,1870
664,1906
664,1927
664,1928
664,1955
664,2008
664,2027
664,2033
664,2119
664,2125
664,2179
664,2185
664,2203
664,2314
664,2331
664,2341
664,2368
664,2494
664,2510
664,2533
664,2553
664,2642
664,2654
664,2727
664,2739
664,2765
664,2773
664,2862
664,2965
664,3003
664,3091
664,3118
664,3217
664,3230
664,3278
664,3293
664,3388
664,3399
664,3494
664,3565
664,3570
664,3664
664,3699
664,3702
664,3731
664,3769
664,3771
664,3788
664,3792
664,3795
664,3801
664,3850
664,3880
664,3911
664,3932
664,3962
664,4035
664,4037
664,4215
664,4247
664,4261
664,4267
664,4286
664,4317
664,4329
664,4333
664,4336
664,4341
664,4406
664,4433
664,4467
664,4509
664,4538
664,4548
664,4559
664,4569
664,4573
664,4576
664,4577
664,4645
664,4664
664,4672
664,4675
664,4683
664,4700
664,4703
664,4786
664,4787
664,4805
664,4807
664,4819
664,4892
664,4906
664,4919
664,4959
664,4965
664,5027
664,5086
664,5111
664,5186
664,5187
664,5197
664,5269
664,5403
664,5428
664,5470
664,5513
664,5555
664,5566
664,5570
664,5587
664,5601
664,5608
664,5650
664,5710
664,5791
664,6070
664,6113
664,6116
664,6121
664,6219
664,6234
665,10
665,21
665,24
665,29
665,41
665,50
665,56
665,68
665,70
665,71
665,79
665,88
665,100
665,108
665,126
665,139
665,153
665,205
665,207
665,265
665,277
665,297
665,300
665,347
665,390
665,393
665,398
665,412
665,422
665,464
665,471
665,496
665,515
665,557
665,597
665,599
665,680
665,730
665,753
665,801
665,865
665,1029
665,1050
665,1129
665,1168
665,1194
665,1290
665,1308
665,1345
665,1356
665,1382
665,1417
665,1458
665,1871
665,1983
665,2075
665,2128
665,2158
665,2233
665,2256
665,2405
665,2482
665,2555
665,2591
665,2617
665,2630
665,2706
665,2740
665,2793
665,2800
665,2878
665,2919
665,2938
665,2947
665,2951
665,3001
665,3079
665,3110
665,3133
665,3187
665,3248
665,3299
665,3409
665,3420
665,3648
665,3656
665,3694
665,3774
665,3817
665,3905
665,3912
665,4230
665,4250
665,4304
665,4318
665,4331
665,4364
665,4472
665,4592
665,4595
665,4606
665,4659
665,4680
665,4688
665,4689
665,4698
665,4702
665,4711
665,4754
665,4806
665,4840
665,4865
665,4898
665,4947
665,4955
665,4962
665,4994
665,4995
665,5039
665,5062
665,5069
665,5106
665,5123
665,5125
665,5132
665,5156
665,5180
665,5196
665,5212
665,5284
665,5298
665,5339
665,5352
665,5375
665,5426
665,5463
665,5464
665,5479
665,5482
665,5537
665,5539
665,5544
665,5562
665,5589
665,5593
665,5644
665,5671
665,5684
665,5689
665,5702
665,5766
665,5775
665,5824
665,6068
665,6114
665,6137
665,6139
665,6144
665,6154
665,6158
665,6220
666,17
666,25
666,30
666,39
666,63
666,67
666,72
666,75
666,90
666,129
666,156
666,175
666,196
666,203
666,230
666,286
666,331
666,350
666,355
666,362
666,376
666,410
666,478
666,517
666,949
666,988
666,1045
666,1116
666,1158
666,1187
666,1245
666,1263
666,1300
666,1319
666,1326
666,1422
666,1540
666,1720
666,1764
666,1782
666,1830
666,1990
666,2077
666,2085
666,2097
666,2114
666,2129
666,2164
666,2334
666,2573
666,2616
666,2674
666,2766
666,2804
666,2897
666,3147
666,3631
666,3678
666,3785
666,3931
666,4048
666,4105
666,4124
666,4132
666,4137
666,4155
666,4158
666,4210
666,4312
666,4313
666,4375
666,4376
666,4380
666,4460
666,4501
666,4629
666,4836
666,4858
666,4866
666,4925
666,5107
666,5167
666,5225
666,5366
666,5386
666,5409
666,5418
666,5419
666,5433
666,5449
666,5494
666,5510
666,5522
666,5523
666,5552
666,5559
666,5561
666,5635
666,5649
666,5664
666,5670
666,5673
666,5692
666,5699
666,5709
666,5712
666,5717
666,5724
666,5732
666,5738
666,5740
666,5750
666,5765
666,5768
666,5769
666,5841
666,5912
666,6067
666,6085
666,6127
666,6143
666,6165
666,6218
666,6241
667,69
667,78
667,94
667,140
667,170
667,200
667,258
667,288
667,366
667,420
667,430
667,445
667,639
667,641
667,666
667,759
667,799
667,811
667,1133
667,1173
667,1546
667,1774
667,1813
667,1817
667,1938
667,1955
667,2449
667,2635
667,2686
667,3161
667,3267
667,3451
667,3501
667,3562
667,3589
667,4043
667,4104
667,4138
667,4388
667,4391
667,4431
667,4632
667,4664
667,4753
667,4890
667,5092
667,5197
667,5201
667,5383
667,5390
667,5441
667,5460
667,5512
667,5572
667,5633
667,5691
667,5731
667,5806
667,5822
667,5871
667,5875
667,5945
667,5963
667,5971
667,5987
667,6005
667,6190
667,6223
667,6246
668,14
668,35
668,73
668,121
668,178
668,205
668,265
668,390
668,511
668,549
668,564
668,768
668,1066
668,1204
668,1273
668,1274
668,1753
668,2306
668,3152
668,3452
668,3775
668,4538
668,4656
668,4731
668,4762
668,4869
668,4949
668,5420
668,5535
668,5566
668,5570
668,5637
668,5744
668,5751
668,5767
668,6080
668,6219
669,89
669,108
669,367
669,376
669,391
669,431
669,483
669,610
669,830
669,967
669,991
669,1029
669,1073
669,1210
669,1317
669,2368
669,3395
669,3744
669,4216
669,4364
669,4988
670,25
670,412
670,471
670,3562
670,3694
670,4304
670,4865
670,4962
670,5520
670,6056
670,6114
670,6234
671,138
671,165
671,357
671,409
671,594
671,768
671,1156
671,1204
671,1274
671,1345
671,1787
671,1870
671,2128
671,2555
671,2938
671,4293
671,4754
671,5403
671,5510
671,5566
671,5570
671,5637
671,5671
671,5702
671,5791
671,6158
671,6219
672,89
672,108
672,232
672,353
672,383
672,557
672,599
672,1052
672,2405
672,4364
672,4538
672,4656
672,6117
673,24
673,29
673,67
673,355
673,485
673,782
673,937
673,962
673,1073
673,5127
673,5455
674,196
674,279
674,1817
695,2835
695,3123
695,3322
695,3526
695,3579
695,3675
695,3688
695,3861
695,3863
695,3869
695,3883
695,3939
695,3965
695,4007
695,4021
695,4023
695,4034
695,4042
695,4058
695,4065
695,4072
695,4093
695,4096
695,4106
695,4107
695,4109
695,4117
695,4128
695,4139
695,4164
695,4167
695,4175
695,4177
695,4181
695,4182
695,4200
695,4201
695,4204
695,4209
695,4213
695,4217
695,4220
695,4224
695,4229
695,4231
695,4233
695,4234
695,4235
695,4238
695,4244
695,4245
695,4326
695,4522
695,4641
695,4666
695,4710
695,4746
695,4810
695,4843
695,4844
695,5051
695,5215
695,5223
695,5230
695,5250
695,5251
695,5253
695,5313
695,5327
695,6210
695,6213
695,6215
695,6222
695,6225
695,6226
695,6231
695,6235
695,6240
695,6252
695,6253
695,6256
695,6257
695,6258
695,6263
695,6264
695,6267
695,6268
695,6271
695,6273
695,6274
695,6275
696,54
696,65
696,109
696,111
696,117
696,169
696,184
696,222
696,261
696,312
696,317
696,319
696,328
696,338
696,382
696,403
696,414
696,415
696,442
696,452
696,453
696,506
696,522
696,561
696,567
696,591
696,622
696,625
696,632
696,656
696,664
696,716
696,725
696,757
696,765
696,781
696,791
696,842
696,851
696,905
696,942
696,981
696,1024
696,1070
696,1085
696,1165
696,1205
696,1213
696,1216
696,1256
696,1318
696,1449
696,1496
696,1532
696,1569
696,1617
696,1628
696,1690
696,1725
696,1726
696,1818
696,1865
696,1894
696,1913
696,2006
696,2053
696,2067
696,2071
696,2115
696,2121
696,2162
696,2222
696,2245
696,2251
696,2286
696,2330
696,2386
696,2547
696,2805
696,2836
696,2859
696,2860
696,2864
696,2992
696,3045
696,3066
696,3422
696,3810
696,3815
696,3858
696,4052
696,4169
696,4189
696,4247
696,4265
696,4280
696,4306
696,4309
696,4315
696,4363
696,4377
696,4511
696,4518
696,4550
696,4579
696,4611
696,4665
696,4744
696,4852
696,4853
696,4920
696,4921
696,4959
696,5034
696,5082
696,5165
696,5203
696,5282
696,5290
696,5294
697,3
697,4
697,7
697,29
697,48
697,63
697,77
697,87
697,115
697,155
697,156
697,172
697,218
697,251
697,281
697,310
697,330
697,366
697,381
697,406
697,436
697,459
697,460
697,477
697,485
697,486
697,560
697,563
697,572
697,586
697,629
697,644
697,665
697,704
697,788
697,817
697,830
697,852
697,858
697,894
697,917
697,972
697,994
697,1015
697,1281
697,1335
697,1352
697,1358
697,1369
697,1388
697,1395
697,1397
697,1454
697,1518
697,1522
697,1567
697,1589
697,1618
697,1664
697,1670
697,1677
697,1680
697,1713
697,1721
697,1793
697,1812
697,1822
697,1875
697,1885
697,1926
697,1932
697,1946
697,1953
697,1974
697,1979
697,1980
697,1994
697,1997
697,2021
697,2025
697,2040
697,2049
697,2072
697,2094
697,2116
697,2167
697,2200
697,2235
697,2238
697,2262
697,2276
697,2281
697,2307
697,2311
697,2335
697,2339
697,2347
697,2354
697,2367
697,2379
697,2401
697,2421
697,2448
697,2466
697,2562
697,2564
697,2566
697,2572
697,2607
697,2637
697,2665
697,2711
697,2739
697,2870
697,2903
697,2925
697,2957
697,3052
697,3121
697,3152
697,3172
697,3174
697,3194
697,3221
697,3255
697,3271
697,3273
697,3291
697,3297
697,3315
697,3328
697,3342
697,3354
697,3387
697,3388
697,3576
697,3623
697,3628
697,3630
697,3641
697,3803
697,3814
697,3833
697,3887
697,3895
697,3898
697,3979
697,4022
697,4337
697,4364
697,4382
697,4389
697,4392
697,4398
697,4407
697,4408
697,4466
697,4510
697,4523
697,4572
697,4586
697,4589
697,4596
697,4599
697,4625
697,4631
697,4643
697,4654
697,4767
697,4801
697,4815
697,4854
697,4876
697,4877
697,4943
697,4944
697,4964
697,5059
697,5136
697,5139
697,5159
697,5204
697,5205
697,5206
697,5213
697,5260
697,5275
697,5293
697,5346
697,5352
697,5358
697,5395
697,5463
697,5464
697,5487
697,5505
697,5537
697,5561
697,5601
697,5689
697,5729
697,5770
697,5775
697,5841
697,6075
697,6103
697,6211
698,24
698,26
698,30
698,33
698,39
698,59
698,62
698,84
698,89
698,90
698,94
698,97
698,101
698,103
698,118
698,136
698,146
698,147
698,158
698,161
698,167
698,170
698,185
698,186
698,197
698,203
698,205
698,236
698,252
698,256
698,271
698,351
698,357
698,362
698,376
698,377
698,392
698,423
698,424
698,433
698,434
698,435
698,462
698,470
698,488
698,490
698,509
698,521
698,549
698,573
698,582
698,585
698,592
698,608
698,610
698,666
698,699
698,714
698,722
698,751
698,759
698,770
698,793
698,799
698,820
698,923
698,927
698,946
698,966
698,1012
698,1076
698,1083
698,1090
698,1127
698,1142
698,1160
698,1175
698,1207
698,1300
698,1323
698,1444
698,1472
698,1498
698,1541
698,1543
698,1551
698,1573
698,1597
698,1606
698,1616
698,1685
698,1692
698,1698
698,1699
698,1720
698,1757
698,1769
698,1783
698,1785
698,1788
698,1791
698,1803
698,1837
698,1848
698,1851
698,1861
698,1866
698,1867
698,1869
698,1887
698,1891
698,1893
698,1895
698,1921
698,1955
698,1969
698,1975
698,1985
698,1993
698,2016
698,2023
698,2036
698,2041
698,2054
698,2170
698,2173
698,2186
698,2187
698,2193
698,2213
698,2261
698,2269
698,2271
698,2272
698,2283
698,2324
698,2331
698,2336
698,2338
698,2390
698,2408
698,2440
698,2460
698,2488
698,2494
698,2503
698,2512
698,2521
698,2526
698,2536
698,2537
698,2552
698,2582
698,2587
698,2599
698,2603
698,2619
698,2660
698,2671
698,2699
698,2728
698,2736
698,2753
698,2765
698,2788
698,2823
698,2826
698,2837
698,2884
698,2907
698,2936
698,2963
698,2982
698,2991
698,2999
698,3003
698,3012
698,3031
698,3094
698,3103
698,3134
698,3140
698,3187
698,3225
698,3252
698,3272
698,3274
698,3317
698,3350
698,3414
698,3472
698,3501
698,3561
698,3562
698,3627
698,3636
698,3658
698,3702
698,3760
698,3798
698,3812
698,3826
698,3982
698,4099
698,4144
698,4333
698,4334
698,4339
698,4347
698,4381
698,4409
698,4429
698,4430
698,4443
698,4454
698,4467
698,4559
698,4564
698,4608
698,4609
698,4617
698,4696
698,4712
698,4714
698,4716
698,4720
698,4726
698,4838
698,4873
698,4892
698,4916
698,4923
698,4926
698,4939
698,4960
698,4976
698,4977
698,4980
698,4992
698,4994
698,5001
698,5020
698,5047
698,5055
698,5057
698,5058
698,5063
698,5083
698,5088
698,5105
698,5123
698,5158
698,5171
698,5197
698,5229
698,5276
698,5344
698,5355
698,5385
698,5420
698,5466
698,5479
698,5493
698,5499
698,5519
698,5536
698,5540
698,5555
698,5570
698,5642
698,5647
698,5650
698,5694
698,5696
698,5766
698,5774
698,5810
698,5866
698,6070
698,6076
698,6081
698,6112
698,6122
698,6139
698,6144
698,6173
698,6209
698,6219
698,6237
698,6266
699,36
699,60
699,71
699,73
699,78
699,79
699,88
699,100
699,107
699,109
699,119
699,126
699,132
699,138
699,139
699,140
699,148
699,163
699,165
699,175
699,187
699,196
699,199
699,235
699,260
699,307
699,331
699,334
699,349
699,383
699,391
699,409
699,419
699,422
699,428
699,455
699,468
699,496
699,501
699,511
699,517
699,531
699,539
699,580
699,599
699,606
699,667
699,673
699,684
699,686
699,701
699,703
699,743
699,768
699,808
699,811
699,823
699,868
699,906
699,932
699,936
699,937
699,949
699,988
699,1001
699,1027
699,1029
699,1050
699,1053
699,1074
699,1105
699,1112
699,1114
699,1126
699,1144
699,1156
699,1161
699,1166
699,1185
699,1189
699,1196
699,1197
699,1204
699,1208
699,1219
699,1231
699,1238
699,1244
699,1247
699,1266
699,1273
699,1274
699,1276
699,1321
699,1341
699,1376
699,1382
699,1412
699,1458
699,1470
699,1473
699,1506
699,1539
699,1540
699,1561
699,1570
699,1583
699,1620
699,1636
699,1657
699,1674
699,1682
699,1693
699,1696
699,1714
699,1715
699,1731
699,1749
699,1760
699,1787
699,1789
699,1794
699,1802
699,1830
699,1836
699,1870
699,1900
699,1906
699,1927
699,1928
699,2008
699,2014
699,2029
699,2062
699,2085
699,2097
699,2105
699,2119
699,2125
699,2153
699,2179
699,2185
699,2203
699,2248
699,2258
699,2285
699,2290
699,2297
699,2322
699,2325
699,2341
699,2368
699,2404
699,2414
699,2427
699,2435
699,2489
699,2510
699,2533
699,2553
699,2642
699,2682
699,2706
699,2727
699,2750
699,2773
699,2778
699,2824
699,2852
699,2866
699,2869
699,2919
699,2920
699,2947
699,2965
699,2971
699,3015
699,3062
699,3091
699,3130
699,3163
699,3206
699,3230
699,3249
699,3251
699,3278
699,3293
699,3307
699,3357
699,3406
699,3420
699,3498
699,3518
699,3544
699,3565
699,3611
699,3649
699,3664
699,3678
699,3687
699,3696
699,3731
699,3771
699,3788
699,3792
699,3801
699,3850
699,3880
699,3897
699,3932
699,3940
699,4030
699,4215
699,4247
699,4261
699,4267
699,4286
699,4288
699,4317
699,4329
699,4336
699,4341
699,4344
699,4376
699,4406
699,4431
699,4433
699,4450
699,4509
699,4512
699,4548
699,4569
699,4576
699,4577
699,4616
699,4645
699,4661
699,4664
699,4672
699,4675
699,4683
699,4685
699,4692
699,4698
699,4700
699,4703
699,4704
699,4711
699,4762
699,4772
699,4775
699,4787
699,4796
699,4805
699,4819
699,4820
699,4828
699,4833
699,4836
699,4851
699,4855
699,4858
699,4898
699,4906
699,4919
699,4959
699,4962
699,4965
699,4987
699,4995
699,5008
699,5027
699,5038
699,5052
699,5061
699,5086
699,5090
699,5111
699,5130
699,5147
699,5174
699,5180
699,5186
699,5187
699,5220
699,5287
699,5349
699,5361
699,5403
699,5409
699,5428
699,5449
699,5470
699,5503
699,5506
699,5510
699,5513
699,5562
699,5566
699,5587
699,5596
699,5605
699,5608
699,5710
699,5791
699,5804
699,5824
699,5838
699,6109
699,6113
699,6116
699,6137
699,6164
699,6234
700,10
700,17
700,21
700,25
700,29
700,35
700,41
700,50
700,53
700,56
700,63
700,66
700,67
700,68
700,70
700,108
700,128
700,129
700,209
700,226
700,230
700,241
700,246
700,265
700,277
700,280
700,286
700,297
700,300
700,326
700,339
700,345
700,350
700,352
700,353
700,355
700,359
700,367
700,368
700,390
700,393
700,398
700,401
700,402
700,412
700,420
700,430
700,431
700,445
700,464
700,471
700,475
700,478
700,485
700,515
700,528
700,546
700,548
700,557
700,575
700,638
700,654
700,680
700,690
700,730
700,731
700,748
700,753
700,763
700,814
700,832
700,846
700,860
700,865
700,943
700,967
700,976
700,1003
700,1013
700,1047
700,1052
700,1054
700,1078
700,1125
700,1129
700,1168
700,1169
700,1194
700,1199
700,1234
700,1245
700,1249
700,1287
700,1290
700,1308
700,1317
700,1334
700,1345
700,1356
700,1363
700,1367
700,1384
700,1391
700,1397
700,1413
700,1417
700,1422
700,1430
700,1431
700,1434
700,1507
700,1535
700,1586
700,1596
700,1639
700,1643
700,1686
700,1716
700,1764
700,1773
700,1782
700,1784
700,1813
700,1843
700,1847
700,1871
700,1918
700,1983
700,2052
700,2075
700,2079
700,2086
700,2114
700,2122
700,2128
700,2136
700,2158
700,2220
700,2312
700,2314
700,2326
700,2429
700,2441
700,2456
700,2535
700,2555
700,2567
700,2573
700,2591
700,2616
700,2630
700,2635
700,2654
700,2674
700,2740
700,2761
700,2785
700,2793
700,2797
700,2798
700,2800
700,2844
700,2878
700,2897
700,2938
700,2945
700,2951
700,3001
700,3079
700,3110
700,3147
700,3151
700,3170
700,3217
700,3231
700,3248
700,3259
700,3260
700,3299
700,3399
700,3417
700,3494
700,3537
700,3570
700,3613
700,3648
700,3656
700,3694
700,3699
700,3714
700,3738
700,3776
700,3795
700,3819
700,3905
700,3912
700,3962
700,4035
700,4126
700,4216
700,4230
700,4248
700,4278
700,4301
700,4304
700,4318
700,4364
700,4372
700,4374
700,4375
700,4380
700,4391
700,4404
700,4488
700,4506
700,4538
700,4573
700,4592
700,4606
700,4632
700,4655
700,4659
700,4688
700,4689
700,4719
700,4722
700,4753
700,4754
700,4790
700,4807
700,4840
700,4863
700,4865
700,4947
700,4955
700,4972
700,4988
700,5029
700,5069
700,5106
700,5124
700,5132
700,5156
700,5163
700,5185
700,5196
700,5212
700,5225
700,5269
700,5284
700,5298
700,5339
700,5345
700,5352
700,5366
700,5413
700,5426
700,5463
700,5464
700,5467
700,5501
700,5507
700,5537
700,5539
700,5544
700,5552
700,5554
700,5584
700,5637
700,5644
700,5671
700,5689
700,5702
700,5738
700,5769
700,5770
700,5775
700,5777
700,5841
700,5912
700,6001
700,6014
700,6102
700,6111
700,6114
700,6121
700,6127
700,6154
700,6158
700,6218
700,6220
701,14
701,16
701,24
701,33
701,45
701,48
701,69
701,89
701,90
701,99
701,118
701,153
701,158
701,200
701,203
701,216
701,218
701,233
701,252
701,258
701,285
701,288
701,295
701,324
701,351
701,366
701,410
701,520
701,540
701,541
701,565
701,597
701,639
701,641
701,642
701,724
701,732
701,772
701,793
701,801
701,810
701,813
701,835
701,910
701,933
701,944
701,963
701,989
701,1045
701,1055
701,1073
701,1083
701,1101
701,1116
701,1133
701,1158
701,1173
701,1187
701,1263
701,1300
701,1319
701,1326
701,1339
701,1352
701,1396
701,1421
701,1504
701,1541
701,1606
701,1652
701,1697
701,1703
701,1750
701,1774
701,1817
701,1893
701,1949
701,1990
701,2002
701,2027
701,2064
701,2131
701,2161
701,2233
701,2256
701,2334
701,2449
701,2504
701,2538
701,2617
701,2653
701,2659
701,2686
701,2714
701,2766
701,2804
701,2846
701,3000
701,3072
701,3133
701,3161
701,3184
701,3239
701,3306
701,3309
701,3388
701,3432
701,3451
701,3531
701,3589
701,3631
701,3704
701,3769
701,3774
701,3785
701,3797
701,3824
701,3931
701,4048
701,4102
701,4105
701,4124
701,4130
701,4132
701,4155
701,4158
701,4210
701,4212
701,4226
701,4251
701,4272
701,4275
701,4281
701,4311
701,4312
701,4313
701,4324
701,4421
701,4459
701,4490
701,4595
701,4624
701,4630
701,4649
701,4676
701,4702
701,4742
701,4760
701,4765
701,4777
701,4866
701,4881
701,4890
701,4994
701,5043
701,5062
701,5083
701,5095
701,5167
701,5175
701,5201
701,5280
701,5325
701,5368
701,5418
701,5419
701,5422
701,5431
701,5433
701,5465
701,5482
701,5494
701,5522
701,5523
701,5559
701,5589
701,5635
701,5647
701,5649
701,5664
701,5670
701,5672
701,5673
701,5684
701,5685
701,5691
701,5692
701,5699
701,5701
701,5709
701,5712
701,5717
701,5724
701,5732
701,5740
701,5750
701,5751
701,5765
701,5768
701,5773
701,5782
701,5867
701,5890
701,5942
701,5981
701,6056
701,6070
701,6085
701,6115
701,6117
701,6132
701,6143
701,6165
701,6168
701,6223
701,6241
702,18
702,39
702,49
702,59
702,71
702,73
702,78
702,88
702,94
702,138
702,140
702,169
702,178
702,196
702,235
702,254
702,271
702,279
702,302
702,334
702,344
702,426
702,440
702,453
702,458
702,479
702,564
702,571
702,580
702,681
702,683
702,783
702,811
702,885
702,926
702,941
702,972
702,997
702,1026
702,1032
702,1066
702,1096
702,1270
702,1383
702,1402
702,1448
702,1676
702,1753
702,1792
702,1870
702,1888
702,1932
702,1934
702,1996
702,2077
702,2306
702,2510
702,2706
702,2919
702,3003
702,3068
702,3112
702,3219
702,3411
702,3439
702,3452
702,3633
702,3696
702,3715
702,3775
702,3926
702,3932
702,4043
702,4044
702,4104
702,4137
702,4138
702,4294
702,4401
702,4493
702,4656
702,4664
702,4712
702,4808
702,4869
702,4895
702,5092
702,5159
702,5248
702,5259
702,5383
702,5385
702,5386
702,5390
702,5393
702,5397
702,5399
702,5400
702,5409
702,5441
702,5452
702,5460
702,5479
702,5480
702,5491
702,5492
702,5493
702,5500
702,5506
702,5512
702,5535
702,5541
702,5545
702,5553
702,5570
702,5572
702,5575
702,5585
702,5590
702,5593
702,5633
702,5665
702,5681
702,5694
702,5695
702,5703
702,5710
702,5731
702,5744
702,5760
702,5822
702,5871
702,5875
702,5945
702,5957
702,5963
702,5971
702,5987
702,6005
702,6060
702,6062
702,6068
702,6112
702,6116
702,6122
702,6137
702,6145
702,6150
702,6190
702,6207
702,6219
702,6237
702,6246
703,7
703,35
703,36
703,129
703,265
703,294
703,390
703,398
703,475
703,666
703,705
703,760
703,799
703,883
703,955
703,1053
703,1566
703,1604
703,1800
703,1850
703,3062
703,3186
703,3395
703,3744
703,3934
703,3962
703,4291
703,4658
703,4762
703,5234
703,5287
703,5420
703,5432
703,5455
703,5499
703,5536
703,5715
703,5767
703,5855
703,5894
703,6037
703,6072
703,6080
703,6082
703,6220
704,153
704,200
704,213
704,277
704,410
704,639
704,933
704,1079
704,1129
704,3589
704,4349
704,4364
704,4460
704,4629
704,4731
704,5375
705,14
705,121
705,230
705,254
705,830
705,865
705,991
705,1116
705,1187
705,1753
705,2306
705,3079
705,3452
705,3775
705,4869
705,5054
706,9
706,35
706,42
706,300
706,315
706,391
706,460
706,475
706,564
706,565
706,572
706,681
706,683
706,1029
706,1317
706,3395
706,3744
706,3934
706,4272
706,4289
706,4656
706,4988
706,5092
707,213
707,5234
708,571
730,2835
730,3123
730,3322
730,3526
730,3579
730,3675
730,3688
730,3858
730,3861
730,3863
730,3869
730,3939
730,3965
730,4007
730,4021
730,4023
730,4034
730,4042
730,4052
730,4058
730,4065
730,4072
730,4093
730,4096
730,4106
730,4107
730,4109
730,4117
730,4128
730,4139
730,4164
730,4167
730,4175
730,4177
730,4181
730,4182
730,4200
730,4201
730,4204
730,4209
730,4213
730,4217
730,4220
730,4224
730,4229
730,4231
730,4233
730,4234
730,4235
730,4238
730,4244
730,4245
730,4326
730,4522
730,4641
730,4710
730,4746
730,4810
730,4844
730,5051
730,5215
730,5223
730,5230
730,5250
730,5251
730,5253
730,5327
730,6210
730,6213
730,6215
730,6222
730,6225
730,6226
730,6231
730,6235
730,6240
730,6252
730,6253
730,6257
730,6258
730,6263
730,6264
730,6267
730,6268
730,6271
730,6273
730,6274
730,6275
731,48
731,54
731,65
731,109
731,111
731,169
731,184
731,222
731,261
731,312
731,317
731,319
731,328
731,338
731,382
731,415
731,442
731,452
731,453
731,506
731,522
731,561
731,567
731,591
731,622
731,625
731,656
731,664
731,697
731,716
731,725
731,757
731,765
731,781
731,791
731,842
731,851
731,905
731,942
731,981
731,1024
731,1070
731,1165
731,1205
731,1213
731,1256
731,1318
731,1449
731,1496
731,1532
731,1617
731,1628
731,1690
731,1725
731,1726
731,1818
731,1865
731,1894
731,1913
731,2006
731,2053
731,2067
731,2071
731,2121
731,2162
731,2222
731,2245
731,2251
731,2286
731,2330
731,2386
731,2547
731,2805
731,2836
731,2859
731,2860
731,2864
731,2901
731,2992
731,3045
731,3066
731,3422
731,3810
731,3815
731,3883
731,4169
731,4189
731,4247
731,4265
731,4280
731,4306
731,4309
731,4315
731,4363
731,4377
731,4511
731,4518
731,4549
731,4550
731,4579
731,4665
731,4666
731,4744
731,4843
731,4852
731,4853
731,4920
731,4921
731,4959
731,5082
731,5165
731,5203
731,5282
731,5290
731,5294
731,5313
731,6256
732,3
732,4
732,7
732,29
732,63
732,77
732,87
732,101
732,115
732,118
732,155
732,161
732,172
732,204
732,218
732,251
732,281
732,310
732,366
732,381
732,403
732,406
732,459
732,460
732,477
732,486
732,560
732,563
732,572
732,586
732,629
732,632
732,644
732,665
732,704
732,788
732,808
732,817
732,830
732,852
732,858
732,894
732,917
732,972
732,994
732,1004
732,1015
732,1151
732,1169
732,1335
732,1352
732,1358
732,1369
732,1395
732,1397
732,1446
732,1454
732,1491
732,1518
732,1522
732,1567
732,1589
732,1618
732,1664
732,1670
732,1677
732,1680
732,1713
732,1721
732,1793
732,1812
732,1822
732,1875
732,1885
732,1926
732,1932
732,1946
732,1953
732,1974
732,1979
732,1980
732,1997
732,2021
732,2025
732,2040
732,2049
732,2072
732,2094
732,2116
732,2167
732,2200
732,2238
732,2262
732,2276
732,2281
732,2307
732,2311
732,2335
732,2339
732,2344
732,2347
732,2371
732,2379
732,2401
732,2421
732,2448
732,2466
732,2552
732,2562
732,2564
732,2566
732,2572
732,2578
732,2607
732,2637
732,2665
732,2691
732,2711
732,2870
732,2893
732,2903
732,2925
732,2957
732,3003
732,3052
732,3121
732,3152
732,3172
732,3174
732,3194
732,3221
732,3255
732,3262
732,3271
732,3273
732,3291
732,3297
732,3315
732,3328
732,3342
732,3354
732,3387
732,3412
732,3576
732,3623
732,3628
732,3630
732,3641
732,3814
732,3833
732,3887
732,3895
732,3898
732,3979
732,4022
732,4337
732,4364
732,4382
732,4389
732,4392
732,4398
732,4407
732,4408
732,4466
732,4510
732,4523
732,4572
732,4586
732,4589
732,4596
732,4631
732,4638
732,4654
732,4767
732,4801
732,4815
732,4854
732,4876
732,4877
732,4943
732,4944
732,4964
732,5059
732,5100
732,5136
732,5139
732,5158
732,5159
732,5204
732,5205
732,5206
732,5213
732,5260
732,5293
732,5346
732,5352
732,5358
732,5395
732,5463
732,5464
732,5487
732,5493
732,5505
732,5537
732,5570
732,5584
732,5689
732,5729
732,5770
732,5775
732,6075
732,6103
732,6112
732,6122
732,6211
732,6219
733,24
733,33
733,39
733,59
733,62
733,72
733,75
733,84
733,90
733,97
733,103
733,136
733,146
733,147
733,156
733,158
733,167
733,185
733,186
733,187
733,197
733,203
733,236
733,252
733,256
733,330
733,351
733,357
733,362
733,376
733,377
733,392
733,419
733,423
733,424
733,433
733,434
733,435
733,470
733,488
733,501
733,509
733,521
733,549
733,582
733,585
733,592
733,608
733,610
733,699
733,731
733,751
733,770
733,820
733,923
733,927
733,946
733,966
733,1012
733,1023
733,1033
733,1050
733,1058
733,1072
733,1076
733,1090
733,1127
733,1142
733,1156
733,1160
733,1175
733,1185
733,1207
733,1244
733,1281
733,1323
733,1368
733,1444
733,1472
733,1541
733,1543
733,1551
733,1597
733,1606
733,1616
733,1685
733,1692
733,1698
733,1699
733,1720
733,1769
733,1771
733,1783
733,1785
733,1788
733,1789
733,1791
733,1837
733,1848
733,1851
733,1861
733,1866
733,1867
733,1869
733,1887
733,1891
733,1893
733,1895
733,1900
733,1921
733,1969
733,1975
733,1985
733,1993
733,1994
733,2016
733,2023
733,2029
733,2036
733,2041
733,2054
733,2137
733,2148
733,2170
733,2173
733,2187
733,2193
733,2213
733,2261
733,2269
733,2271
733,2272
733,2283
733,2324
733,2331
733,2336
733,2338
733,2390
733,2408
733,2440
733,2451
733,2460
733,2488
733,2494
733,2503
733,2521
733,2526
733,2536
733,2537
733,2582
733,2587
733,2599
733,2619
733,2660
733,2671
733,2699
733,2728
733,2739
733,2753
733,2765
733,2823
733,2826
733,2837
733,2884
733,2907
733,2936
733,2982
733,2991
733,2999
733,3031
733,3094
733,3140
733,3225
733,3242
733,3252
733,3259
733,3272
733,3317
733,3350
733,3370
733,3388
733,3414
733,3472
733,3621
733,3636
733,3702
733,3706
733,3760
733,3798
733,3982
733,4144
733,4228
733,4333
733,4334
733,4339
733,4344
733,4347
733,4409
733,4429
733,4430
733,4443
733,4454
733,4467
733,4559
733,4564
733,4608
733,4609
733,4617
733,4682
733,4696
733,4712
733,4720
733,4726
733,4838
733,4846
733,4851
733,4858
733,4892
733,4906
733,4916
733,4923
733,4926
733,4939
733,4960
733,4976
733,4977
733,4992
733,4994
733,5020
733,5038
733,5047
733,5055
733,5057
733,5058
733,5062
733,5063
733,5083
733,5088
733,5105
733,5122
733,5229
733,5276
733,5344
733,5403
733,5420
733,5466
733,5499
733,5519
733,5536
733,5587
733,5647
733,5774
733,6070
733,6076
733,6081
733,6174
733,6209
733,6237
733,6266
734,6
734,26
734,34
734,36
734,45
734,68
734,73
734,78
734,79
734,89
734,94
734,100
734,102
734,107
734,109
734,119
734,131
734,132
734,138
734,139
734,140
734,148
734,163
734,170
734,175
734,196
734,199
734,205
734,215
734,260
734,271
734,297
734,307
734,347
734,349
734,383
734,391
734,422
734,428
734,455
734,468
734,479
734,490
734,496
734,511
734,515
734,517
734,539
734,599
734,606
734,617
734,642
734,666
734,667
734,673
734,680
734,686
734,701
734,703
734,722
734,724
734,743
734,759
734,763
734,793
734,799
734,811
734,823
734,868
734,895
734,900
734,906
734,932
734,936
734,937
734,943
734,996
734,1001
734,1006
734,1014
734,1027
734,1029
734,1053
734,1074
734,1083
734,1105
734,1112
734,1114
734,1125
734,1126
734,1144
734,1164
734,1166
734,1189
734,1196
734,1197
734,1217
734,1219
734,1231
734,1238
734,1247
734,1266
734,1273
734,1276
734,1287
734,1300
734,1322
734,1341
734,1363
734,1376
734,1384
734,1414
734,1430
734,1434
734,1458
734,1470
734,1473
734,1479
734,1498
734,1506
734,1535
734,1539
734,1570
734,1573
734,1583
734,1620
734,1636
734,1643
734,1657
734,1674
734,1682
734,1693
734,1696
734,1714
734,1715
734,1731
734,1749
734,1757
734,1760
734,1782
734,1787
734,1802
734,1828
734,1830
734,1836
734,1870
734,1901
734,1906
734,1918
734,1927
734,1928
734,1955
734,2008
734,2014
734,2027
734,2033
734,2105
734,2114
734,2119
734,2122
734,2125
734,2153
734,2178
734,2179
734,2185
734,2186
734,2203
734,2218
734,2226
734,2248
734,2258
734,2285
734,2290
734,2297
734,2322
734,2325
734,2341
734,2368
734,2381
734,2404
734,2414
734,2427
734,2456
734,2480
734,2489
734,2495
734,2510
734,2533
734,2553
734,2573
734,2603
734,2642
734,2654
734,2682
734,2706
734,2727
734,2773
734,2778
734,2793
734,2797
734,2824
734,2862
734,2866
734,2869
734,2906
734,2919
734,2920
734,2937
734,2947
734,2960
734,2963
734,2965
734,2971
734,3012
734,3023
734,3062
734,3085
734,3091
734,3118
734,3130
734,3134
734,3163
734,3187
734,3206
734,3230
734,3249
734,3270
734,3278
734,3290
734,3293
734,3327
734,3357
734,3406
734,3420
734,3498
734,3499
734,3517
734,3537
734,3544
734,3561
734,3562
734,3610
734,3634
734,3643
734,3649
734,3664
734,3699
734,3731
734,3771
734,3772
734,3788
734,3792
734,3799
734,3801
734,3850
734,3880
734,3897
734,3905
734,3911
734,3932
734,3940
734,3962
734,4035
734,4190
734,4215
734,4216
734,4230
734,4248
734,4261
734,4266
734,4267
734,4286
734,4288
734,4310
734,4317
734,4329
734,4331
734,4336
734,4341
734,4359
734,4374
734,4375
734,4376
734,4381
734,4404
734,4406
734,4415
734,4433
734,4450
734,4503
734,4509
734,4512
734,4548
734,4569
734,4574
734,4576
734,4577
734,4616
734,4645
734,4655
734,4664
734,4672
734,4683
734,4692
734,4700
734,4703
734,4704
734,4711
734,4748
734,4772
734,4775
734,4785
734,4787
734,4790
734,4796
734,4805
734,4819
734,4820
734,4828
734,4831
734,4833
734,4836
734,4855
734,4859
734,4894
734,4898
734,4919
734,4959
734,4962
734,4965
734,4972
734,4995
734,5027
734,5052
734,5061
734,5086
734,5090
734,5111
734,5123
734,5147
734,5174
734,5180
734,5186
734,5269
734,5355
734,5428
734,5470
734,5479
734,5506
734,5513
734,5544
734,5554
734,5555
734,5561
734,5596
734,5605
734,5608
734,5633
734,5644
734,5710
734,5766
734,5782
734,5801
734,5804
734,5810
734,5838
734,5841
734,5866
734,5894
734,5936
734,6109
734,6113
734,6116
734,6137
734,6139
734,6144
734,6164
734,6187
734,6191
734,6218
734,6220
734,6224
735,10
735,14
735,17
735,18
735,21
735,25
735,29
735,35
735,41
735,48
735,50
735,53
735,56
735,67
735,71
735,88
735,108
735,113
735,118
735,121
735,126
735,129
735,153
735,165
735,178
735,209
735,216
735,219
735,230
735,235
735,246
735,265
735,277
735,280
735,296
735,300
735,324
735,326
735,331
735,334
735,339
735,345
735,352
735,353
735,355
735,359
735,366
735,368
735,379
735,390
735,393
735,398
735,402
735,409
735,412
735,430
735,464
735,471
735,475
735,478
735,485
735,489
735,513
735,519
735,528
735,540
735,541
735,557
735,566
735,571
735,573
735,575
735,580
735,588
735,597
735,621
735,638
735,654
735,663
735,684
735,690
735,713
735,729
735,730
735,748
735,753
735,761
735,768
735,782
735,798
735,801
735,829
735,831
735,835
735,850
735,860
735,865
735,911
735,922
735,948
735,949
735,960
735,962
735,976
735,988
735,1005
735,1045
735,1047
735,1054
735,1055
735,1062
735,1129
735,1168
735,1190
735,1194
735,1199
735,1204
735,1210
735,1221
735,1245
735,1249
735,1263
735,1269
735,1274
735,1288
735,1290
735,1308
735,1317
735,1319
735,1326
735,1334
735,1336
735,1345
735,1356
735,1374
735,1378
735,1382
735,1391
735,1406
735,1412
735,1417
735,1431
735,1466
735,1504
735,1507
735,1540
735,1544
735,1545
735,1546
735,1561
735,1586
735,1634
735,1639
735,1686
735,1710
735,1716
735,1743
735,1750
735,1773
735,1784
735,1794
735,1847
735,1871
735,1910
735,1911
735,1958
735,1983
735,2002
735,2019
735,2044
735,2052
735,2062
735,2069
735,2075
735,2079
735,2085
735,2090
735,2097
735,2109
735,2128
735,2136
735,2141
735,2158
735,2161
735,2164
735,2216
735,2220
735,2233
735,2240
735,2282
735,2292
735,2314
735,2334
735,2348
735,2429
735,2441
735,2567
735,2610
735,2617
735,2630
735,2635
735,2659
735,2674
735,2714
735,2740
735,2761
735,2785
735,2798
735,2800
735,2801
735,2804
735,2844
735,2878
735,2897
735,2900
735,2922
735,2930
735,2938
735,2945
735,2951
735,2961
735,3001
735,3079
735,3110
735,3131
735,3133
735,3147
735,3151
735,3170
735,3217
735,3219
735,3231
735,3248
735,3251
735,3260
735,3306
735,3389
735,3399
735,3439
735,3494
735,3501
735,3531
735,3555
735,3565
735,3570
735,3611
735,3631
735,3648
735,3678
735,3694
735,3696
735,3714
735,3738
735,3769
735,3774
735,3776
735,3785
735,3795
735,3819
735,3837
735,3912
735,3997
735,4037
735,4112
735,4126
735,4130
735,4212
735,4304
735,4318
735,4340
735,4364
735,4372
735,4380
735,4391
735,4403
735,4423
735,4431
735,4459
735,4460
735,4472
735,4488
735,4524
735,4538
735,4547
735,4573
735,4592
735,4598
735,4606
735,4628
735,4629
735,4630
735,4632
735,4636
735,4659
735,4680
735,4688
735,4698
735,4707
735,4719
735,4753
735,4754
735,4765
735,4807
735,4808
735,4840
735,4862
735,4863
735,4865
735,4866
735,4883
735,4925
735,4947
735,4955
735,4973
735,4988
735,5029
735,5069
735,5076
735,5106
735,5124
735,5125
735,5128
735,5132
735,5148
735,5156
735,5163
735,5183
735,5194
735,5196
735,5212
735,5220
735,5225
735,5284
735,5298
735,5339
735,5345
735,5349
735,5352
735,5366
735,5375
735,5422
735,5423
735,5429
735,5455
735,5463
735,5464
735,5480
735,5494
735,5510
735,5535
735,5537
735,5539
735,5545
735,5550
735,5562
735,5566
735,5593
735,5614
735,5672
735,5685
735,5689
735,5691
735,5702
735,5733
735,5751
735,5770
735,5775
735,5791
735,5795
735,5824
735,5851
735,5955
735,5981
735,6001
735,6014
735,6080
735,6114
735,6121
735,6123
735,6145
735,6154
735,6158
735,6181
735,6193
735,6211
735,6219
735,6223
735,6234
736,7
736,9
736,22
736,24
736,30
736,33
736,42
736,49
736,69
736,72
736,75
736,90
736,104
736,147
736,158
736,169
736,195
736,197
736,200
736,203
736,218
736,220
736,227
736,258
736,272
736,279
736,285
736,286
736,288
736,289
736,302
736,308
736,327
736,332
736,350
736,367
736,397
736,420
736,426
736,431
736,434
736,445
736,488
736,512
736,520
736,585
736,639
736,641
736,707
736,732
736,772
736,777
736,783
736,797
736,808
736,813
736,814
736,815
736,832
736,846
736,883
736,888
736,910
736,933
736,951
736,955
736,963
736,967
736,968
736,972
736,989
736,995
736,1004
736,1013
736,1026
736,1034
736,1040
736,1044
736,1052
736,1065
736,1073
736,1078
736,1116
736,1150
736,1156
736,1158
736,1178
736,1187
736,1192
736,1260
736,1296
736,1339
736,1379
736,1396
736,1397
736,1418
736,1422
736,1566
736,1596
736,1604
736,1606
736,1627
736,1667
736,1697
736,1703
736,1740
736,1774
736,1813
736,1817
736,1820
736,1850
736,1893
736,1978
736,2064
736,2077
736,2190
736,2217
736,2237
736,2252
736,2256
736,2326
736,2405
736,2413
736,2435
736,2449
736,2504
736,2535
736,2538
736,2555
736,2591
736,2605
736,2653
736,2686
736,2758
736,2766
736,2860
736,2984
736,3003
736,3072
736,3112
736,3161
736,3186
736,3299
736,3451
736,3574
736,3589
736,3613
736,3656
736,3674
736,3704
736,3766
736,3797
736,3824
736,3931
736,3951
736,4048
736,4105
736,4124
736,4132
736,4155
736,4158
736,4210
736,4226
736,4239
736,4247
736,4251
736,4275
736,4289
736,4311
736,4312
736,4313
736,4319
736,4324
736,4349
736,4358
736,4401
736,4417
736,4421
736,4475
736,4493
736,4501
736,4565
736,4566
736,4581
736,4595
736,4615
736,4624
736,4626
736,4643
736,4656
736,4689
736,4702
736,4722
736,4742
736,4752
736,4776
736,4881
736,4890
736,4904
736,4906
736,4994
736,5009
736,5030
736,5062
736,5082
736,5083
736,5092
736,5095
736,5136
736,5158
736,5161
736,5167
736,5175
736,5187
736,5201
736,5203
736,5280
736,5287
736,5289
736,5325
736,5330
736,5361
736,5380
736,5397
736,5399
736,5409
736,5413
736,5418
736,5419
736,5433
736,5449
736,5482
736,5491
736,5492
736,5493
736,5519
736,5520
736,5522
736,5523
736,5541
736,5552
736,5559
736,5570
736,5589
736,5599
736,5634
736,5635
736,5643
736,5647
736,5649
736,5651
736,5655
736,5664
736,5670
736,5673
736,5692
736,5699
736,5701
736,5709
736,5712
736,5717
736,5724
736,5732
736,5740
736,5750
736,5765
736,5768
736,5769
736,5792
736,5912
736,5948
736,5960
736,5985
736,5990
736,6022
736,6056
736,6062
736,6067
736,6085
736,6111
736,6112
736,6117
736,6122
736,6127
736,6132
736,6143
736,6165
736,6184
736,6216
736,6241
737,3
737,16
737,36
737,39
737,63
737,70
737,78
737,89
737,107
737,128
737,132
737,140
737,146
737,196
737,202
737,254
737,410
737,479
737,564
737,565
737,582
737,604
737,666
737,681
737,686
737,760
737,799
737,810
737,811
737,864
737,1053
737,1066
737,1198
737,1262
737,1270
737,1383
737,1401
737,1468
737,1652
737,1717
737,1753
737,1996
737,2201
737,2203
737,2306
737,2368
737,2510
737,2886
737,3036
737,3136
737,3259
737,3452
737,3519
737,3715
737,3764
737,3775
737,3893
737,3926
737,4043
737,4094
737,4104
737,4137
737,4138
737,4207
737,4240
737,4272
737,4291
737,4301
737,4361
737,4406
737,4676
737,4705
737,4731
737,4762
737,4777
737,4869
737,5043
737,5129
737,5228
737,5238
737,5259
737,5308
737,5328
737,5383
737,5385
737,5390
737,5393
737,5441
737,5460
737,5500
737,5512
737,5572
737,5585
737,5604
737,5650
737,5715
737,5731
737,5760
737,5822
737,5871
737,5875
737,5945
737,5963
737,5971
737,5987
737,6005
737,6025
737,6076
737,6106
737,6190
737,6218
737,6246
738,21
738,35
738,56
738,88
738,100
738,170
738,205
738,216
738,277
738,300
738,390
738,412
738,430
738,471
738,475
738,531
738,571
738,580
738,830
738,941
738,988
738,1054
738,1083
738,1129
738,1185
738,1210
738,1792
738,1843
738,2120
738,2428
738,2616
738,2706
738,3388
738,3389
738,3395
738,3501
738,3562
738,3606
738,3694
738,3744
738,4102
738,4294
738,4304
738,4460
738,4490
738,4629
738,4658
738,4808
738,4865
738,4962
738,5284
738,5403
738,5420
738,5432
738,5479
738,5535
738,5548
738,5628
738,5744
738,5751
738,5767
738,5970
738,6080
738,6114
738,6154
738,6177
738,6193
738,6223
738,6234
739,30
739,68
739,129
739,165
739,197
739,401
739,409
739,420
739,501
739,515
739,520
739,540
739,548
739,549
739,573
739,597
739,680
739,768
739,865
739,933
739,1116
739,1187
739,1204
739,1274
739,1345
739,1417
739,1566
739,1990
739,2086
739,2128
739,2129
739,2244
739,2555
739,2895
739,2938
739,3079
739,3403
739,4251
739,4538
739,4656
739,4702
739,4722
739,5322
739,5510
739,5539
739,5566
739,5570
739,5633
739,5637
739,5671
739,5702
739,5791
739,6068
739,6070
739,6158
739,6219
740,36
740,89
740,108
740,200
740,254
740,297
740,410
740,599
740,639
740,944
740,1156
740,1263
740,1678
740,3589
740,4275
740,4364
740,4754
740,4762
740,4866
740,4914
740,4994
740,5043
740,5054
740,5399
740,5491
740,5589
740,6117
741,9
741,14
741,42
741,67
741,75
741,121
741,213
741,230
741,272
741,340
741,355
741,475
741,565
741,681
741,799
741,1045
741,1101
741,1300
741,1319
741,1402
741,1753
741,1800
741,2077
741,2306
741,3452
741,3775
741,3934
741,4272
741,4869
741,5092
741,5095
741,5234
741,5455
742,233
742,367
742,391
742,460
742,562
742,564
742,571
742,572
742,683
742,766
742,830
742,1210
742,1229
742,1317
742,1817
742,3068
742,3395
742,3744
742,4044
742,4656
742,4988
743,189
743,663
743,748
765,2835
765,3123
765,3322
765,3526
765,3579
765,3675
765,3688
765,3861
765,3863
765,3869
765,3883
765,3939
765,3965
765,4007
765,4021
765,4034
765,4042
765,4058
765,4065
765,4072
765,4093
765,4096
765,4106
765,4107
765,4109
765,4117
765,4128
765,4139
765,4164
765,4167
765,4175
765,4177
765,4182
765,4200
765,4201
765,4204
765,4209
765,4213
765,4217
765,4220
765,4224
765,4229
765,4231
765,4233
765,4234
765,4235
765,4238
765,4244
765,4245
765,4326
765,4522
765,4641
765,4710
765,4746
765,4810
765,4843
765,4844
765,5051
765,5215
765,5223
765,5230
765,5250
765,5251
765,5253
765,5313
765,5327
765,6210
765,6213
765,6215
765,6222
765,6225
765,6226
765,6231
765,6235
765,6240
765,6252
765,6253
765,6256
765,6257
765,6258
765,6263
765,6264
765,6267
765,6268
765,6271
765,6273
765,6274
765,6275
766,54
766,65
766,109
766,111
766,117
766,169
766,184
766,222
766,261
766,312
766,317
766,319
766,328
766,338
766,382
766,403
766,415
766,442
766,452
766,453
766,506
766,522
766,561
766,567
766,591
766,622
766,625
766,656
766,664
766,716
766,725
766,757
766,765
766,781
766,791
766,842
766,851
766,905
766,942
766,981
766,1024
766,1070
766,1165
766,1205
766,1213
766,1256
766,1318
766,1449
766,1532
766,1617
766,1628
766,1690
766,1726
766,1818
766,1865
766,1894
766,2006
766,2053
766,2067
766,2071
766,2121
766,2162
766,2222
766,2251
766,2286
766,2330
766,2386
766,2547
766,2805
766,2836
766,2859
766,2860
766,2864
766,2901
766,2992
766,3045
766,3066
766,3422
766,3858
766,4023
766,4052
766,4169
766,4181
766,4189
766,4247
766,4265
766,4280
766,4306
766,4309
766,4315
766,4363
766,4377
766,4511
766,4550
766,4579
766,4611
766,4666
766,4744
766,4852
766,4853
766,4920
766,4921
766,4959
766,5082
766,5165
766,5203
766,5282
766,5294
767,3
767,4
767,7
767,29
767,48
767,63
767,77
767,87
767,115
767,147
767,155
767,172
767,204
767,218
767,251
767,281
767,310
767,366
767,381
767,406
767,460
767,477
767,485
767,560
767,563
767,572
767,586
767,629
767,632
767,644
767,665
767,704
767,788
767,817
767,830
767,852
767,858
767,894
767,917
767,972
767,994
767,1004
767,1015
767,1335
767,1369
767,1395
767,1397
767,1496
767,1518
767,1522
767,1567
767,1589
767,1618
767,1664
767,1670
767,1677
767,1680
767,1713
767,1721
767,1725
767,1793
767,1812
767,1822
767,1875
767,1885
767,1913
767,1926
767,1932
767,1946
767,1974
767,1979
767,1980
767,1997
767,2021
767,2025
767,2040
767,2049
767,2072
767,2094
767,2116
767,2167
767,2200
767,2238
767,2245
767,2262
767,2276
767,2281
767,2307
767,2311
767,2339
767,2344
767,2371
767,2379
767,2401
767,2421
767,2448
767,2466
767,2552
767,2562
767,2566
767,2572
767,2607
767,2637
767,2665
767,2711
767,2739
767,2870
767,2903
767,2925
767,2957
767,3052
767,3121
767,3152
767,3172
767,3174
767,3194
767,3221
767,3255
767,3271
767,3273
767,3291
767,3297
767,3315
767,3328
767,3342
767,3354
767,3388
767,3495
767,3576
767,3623
767,3630
767,3641
767,3810
767,3814
767,3833
767,3887
767,3895
767,3898
767,3979
767,4022
767,4337
767,4364
767,4382
767,4389
767,4392
767,4398
767,4407
767,4408
767,4466
767,4510
767,4518
767,4523
767,4572
767,4586
767,4589
767,4596
767,4631
767,4654
767,4767
767,4801
767,4815
767,4854
767,4876
767,4877
767,4944
767,5059
767,5136
767,5139
767,5158
767,5159
767,5204
767,5205
767,5206
767,5213
767,5260
767,5293
767,5346
767,5352
767,5355
767,5358
767,5395
767,5463
767,5464
767,5487
767,5505
767,5537
767,5561
767,5584
767,5601
767,5689
767,5729
767,5770
767,5775
767,5841
767,6075
767,6211
768,24
768,33
768,39
768,59
768,62
768,84
768,89
768,90
768,101
768,103
768,107
768,118
768,132
768,136
768,146
768,148
768,156
768,158
768,161
768,167
768,185
768,186
768,203
768,205
768,236
768,252
768,256
768,330
768,351
768,357
768,362
768,376
768,392
768,423
768,424
768,433
768,434
768,435
768,459
768,462
768,470
768,488
768,509
768,521
768,539
768,549
768,573
768,585
768,588
768,592
768,608
768,610
768,699
768,751
768,820
768,923
768,940
768,946
768,966
768,1033
768,1053
768,1058
768,1076
768,1090
768,1111
768,1127
768,1142
768,1160
768,1175
768,1281
768,1300
768,1323
768,1358
768,1382
768,1498
768,1541
768,1543
768,1551
768,1597
768,1606
768,1616
768,1685
768,1692
768,1698
768,1699
768,1720
768,1769
768,1785
768,1788
768,1791
768,1867
768,1869
768,1887
768,1893
768,1895
768,1921
768,1927
768,1975
768,1985
768,1993
768,1994
768,2016
768,2023
768,2041
768,2054
768,2137
768,2173
768,2186
768,2193
768,2203
768,2213
768,2261
768,2269
768,2283
768,2324
768,2331
768,2338
768,2390
768,2494
768,2521
768,2526
768,2536
768,2537
768,2582
768,2587
768,2599
768,2660
768,2699
768,2706
768,2728
768,2753
768,2823
768,2837
768,2907
768,2936
768,2982
768,2991
768,2999
768,3003
768,3094
768,3140
768,3242
768,3252
768,3259
768,3272
768,3350
768,3501
768,3562
768,3636
768,3798
768,3982
768,4144
768,4339
768,4406
768,4443
768,4454
768,4467
768,4564
768,4617
768,4696
768,4712
768,4726
768,4838
768,4858
768,4873
768,4892
768,4916
768,4923
768,4926
768,4939
768,4943
768,4960
768,4976
768,4977
768,4994
768,5047
768,5055
768,5058
768,5063
768,5083
768,5105
768,5122
768,5130
768,5229
768,5276
768,5372
768,5420
768,5479
768,5493
768,5499
768,5519
768,5536
768,5562
768,5570
768,5642
768,5647
768,5694
768,5766
768,5774
768,5801
768,5810
768,5838
768,5866
768,6081
768,6103
768,6112
768,6122
768,6139
768,6144
768,6173
768,6209
768,6219
768,6234
768,6237
768,6266
769,6
769,26
769,36
769,73
769,78
769,79
769,94
769,97
769,102
769,138
769,140
769,165
769,170
769,175
769,187
769,196
769,197
769,199
769,215
769,260
769,271
769,277
769,307
769,313
769,349
769,377
769,383
769,391
769,409
769,413
769,419
769,422
769,428
769,490
769,496
769,501
769,517
769,531
769,536
769,599
769,666
769,667
769,673
769,686
769,703
769,722
769,743
769,759
769,768
769,793
769,799
769,808
769,811
769,823
769,868
769,906
769,932
769,937
769,996
769,1001
769,1014
769,1027
769,1083
769,1105
769,1112
769,1114
769,1125
769,1126
769,1129
769,1144
769,1156
769,1166
769,1185
769,1196
769,1197
769,1204
769,1207
769,1219
769,1231
769,1238
769,1244
769,1247
769,1266
769,1274
769,1276
769,1341
769,1345
769,1376
769,1444
769,1458
769,1473
769,1506
769,1539
769,1570
769,1583
769,1620
769,1631
769,1636
769,1682
769,1693
769,1696
769,1714
769,1715
769,1731
769,1749
769,1760
769,1782
769,1783
769,1787
769,1795
769,1802
769,1813
769,1828
769,1830
769,1836
769,1848
769,1870
769,1884
769,1900
769,1901
769,1906
769,1918
769,1928
769,1955
769,1969
769,2008
769,2029
769,2057
769,2105
769,2119
769,2125
769,2146
769,2148
769,2153
769,2158
769,2179
769,2185
769,2187
769,2218
769,2258
769,2278
769,2290
769,2297
769,2325
769,2341
769,2404
769,2489
769,2510
769,2533
769,2553
769,2555
769,2603
769,2642
769,2654
769,2727
769,2760
769,2824
769,2869
769,2938
769,2947
769,2963
769,2965
769,2971
769,3023
769,3062
769,3091
769,3187
769,3230
769,3249
769,3267
769,3278
769,3293
769,3373
769,3420
769,3544
769,3565
769,3664
769,3699
769,3731
769,3771
769,3788
769,3792
769,3801
769,3850
769,3880
769,3905
769,3932
769,3940
769,3962
769,4035
769,4228
769,4247
769,4261
769,4267
769,4286
769,4288
769,4304
769,4317
769,4329
769,4336
769,4341
769,4433
769,4509
769,4538
769,4548
769,4559
769,4569
769,4576
769,4577
769,4616
769,4632
769,4645
769,4664
769,4672
769,4683
769,4692
769,4698
769,4700
769,4703
769,4704
769,4711
769,4772
769,4775
769,4790
769,4805
769,4819
769,4831
769,4833
769,4836
769,4855
769,4894
769,4906
769,4919
769,4959
769,4962
769,4965
769,5027
769,5031
769,5037
769,5052
769,5061
769,5069
769,5086
769,5111
769,5123
769,5147
769,5174
769,5187
769,5196
769,5361
769,5403
769,5428
769,5449
769,5470
769,5503
769,5510
769,5513
769,5555
769,5566
769,5587
769,5596
769,5605
769,5608
769,5637
769,5650
769,5671
769,5710
769,5791
769,5923
769,5936
769,6070
769,6109
769,6113
769,6115
769,6116
769,6123
769,6137
769,6164
769,6174
769,6187
769,6191
769,6224
770,10
770,14
770,18
770,21
770,29
770,41
770,48
770,50
770,53
770,56
770,63
770,67
770,68
770,70
770,71
770,88
770,100
770,108
770,121
770,126
770,139
770,209
770,219
770,235
770,246
770,265
770,297
770,300
770,326
770,331
770,334
770,345
770,347
770,352
770,353
770,355
770,390
770,393
770,398
770,464
770,475
770,479
770,485
770,511
770,515
770,528
770,557
770,566
770,580
770,582
770,597
770,600
770,606
770,638
770,654
770,663
770,680
770,690
770,730
770,745
770,753
770,782
770,829
770,860
770,865
770,895
770,927
770,934
770,943
770,948
770,949
770,962
770,976
770,988
770,1052
770,1055
770,1062
770,1116
770,1168
770,1187
770,1194
770,1287
770,1290
770,1308
770,1326
770,1356
770,1374
770,1384
770,1417
770,1430
770,1470
770,1535
770,1540
770,1545
770,1546
770,1586
770,1634
770,1639
770,1667
770,1686
770,1687
770,1710
770,1716
770,1764
770,1773
770,1784
770,1847
770,1871
770,1939
770,1951
770,1958
770,2014
770,2027
770,2033
770,2044
770,2052
770,2062
770,2075
770,2079
770,2085
770,2097
770,2109
770,2122
770,2136
770,2142
770,2164
770,2216
770,2220
770,2240
770,2256
770,2312
770,2336
770,2368
770,2429
770,2440
770,2441
770,2482
770,2573
770,2591
770,2617
770,2630
770,2674
770,2686
770,2740
770,2761
770,2785
770,2793
770,2798
770,2804
770,2844
770,2862
770,2878
770,2900
770,2919
770,2951
770,3001
770,3079
770,3110
770,3118
770,3133
770,3147
770,3163
770,3217
770,3231
770,3248
770,3260
770,3299
770,3306
770,3399
770,3439
770,3451
770,3531
770,3537
770,3555
770,3611
770,3648
770,3678
770,3694
770,3696
770,3738
770,3776
770,3795
770,3819
770,3912
770,3997
770,4126
770,4216
770,4230
770,4248
770,4318
770,4331
770,4364
770,4372
770,4387
770,4391
770,4404
770,4423
770,4431
770,4460
770,4488
770,4501
770,4573
770,4592
770,4606
770,4624
770,4629
770,4637
770,4643
770,4655
770,4659
770,4680
770,4688
770,4689
770,4722
770,4753
770,4754
770,4762
770,4765
770,4807
770,4862
770,4863
770,4865
770,4904
770,4925
770,4947
770,4955
770,4973
770,4987
770,5029
770,5043
770,5080
770,5106
770,5124
770,5128
770,5132
770,5163
770,5167
770,5180
770,5201
770,5212
770,5220
770,5269
770,5287
770,5298
770,5328
770,5339
770,5345
770,5349
770,5374
770,5426
770,5429
770,5455
770,5494
770,5495
770,5506
770,5535
770,5539
770,5544
770,5550
770,5554
770,5593
770,5614
770,5632
770,5633
770,5644
770,5684
770,5689
770,5691
770,5782
770,5804
770,5955
770,6080
770,6102
770,6106
770,6127
770,6145
770,6150
770,6220
771,7
771,17
771,22
771,24
771,25
771,30
771,33
771,35
771,89
771,90
771,104
771,113
771,118
771,129
771,153
771,158
771,169
771,185
771,203
771,216
771,218
771,230
771,272
771,279
771,280
771,285
771,286
771,362
771,366
771,376
771,379
771,410
771,412
771,420
771,423
771,440
771,445
771,471
771,478
771,489
771,588
771,671
771,700
771,724
771,732
771,770
771,772
771,797
771,801
771,813
771,814
771,832
771,835
771,933
771,955
771,963
771,967
771,972
771,989
771,1026
771,1040
771,1045
771,1047
771,1073
771,1178
771,1199
771,1245
771,1263
771,1300
771,1319
771,1339
771,1378
771,1391
771,1421
771,1422
771,1504
771,1507
771,1544
771,1604
771,1627
771,1697
771,1703
771,1817
771,1897
771,1990
771,1996
771,2128
771,2141
771,2156
771,2161
771,2237
771,2334
771,2405
771,2610
771,2616
771,2659
771,2691
771,2758
771,2766
771,2800
771,2897
771,3000
771,3003
771,3161
771,3501
771,3562
771,3685
771,3704
771,3774
771,3785
771,3799
771,3824
771,3931
771,4048
771,4105
771,4124
771,4132
771,4155
771,4158
771,4210
771,4311
771,4312
771,4313
771,4319
771,4340
771,4388
771,4421
771,4615
771,4626
771,4742
771,4748
771,4760
771,4858
771,4859
771,4866
771,4881
771,4920
771,4994
771,5030
771,5083
771,5125
771,5161
771,5225
771,5280
771,5284
771,5325
771,5413
771,5418
771,5419
771,5433
771,5479
771,5480
771,5492
771,5493
771,5519
771,5522
771,5523
771,5537
771,5545
771,5552
771,5559
771,5561
771,5570
771,5589
771,5634
771,5635
771,5647
771,5649
771,5651
771,5664
771,5670
771,5673
771,5692
771,5699
771,5701
771,5702
771,5709
771,5712
771,5717
771,5724
771,5732
771,5738
771,5740
771,5744
771,5750
771,5751
771,5765
771,5768
771,5769
771,5792
771,5824
771,5894
771,5912
771,6085
771,6111
771,6112
771,6114
771,6117
771,6122
771,6132
771,6143
771,6154
771,6158
771,6165
771,6216
771,6218
771,6219
771,6223
771,6234
771,6241
772,9
772,42
772,69
772,78
772,123
772,128
772,140
772,196
772,197
772,200
772,254
772,258
772,288
772,368
772,374
772,401
772,409
772,500
772,510
772,517
772,548
772,599
772,604
772,639
772,641
772,768
772,795
772,885
772,1004
772,1065
772,1158
772,1204
772,1260
772,1270
772,1274
772,1345
772,1383
772,1397
772,1708
772,1774
772,1850
772,2019
772,2077
772,2479
772,3219
772,3432
772,3574
772,3715
772,3769
772,4043
772,4094
772,4104
772,4137
772,4138
772,4212
772,4349
772,4401
772,4403
772,4417
772,4459
772,4524
772,4538
772,4656
772,4776
772,4777
772,4890
772,4914
772,5259
772,5370
772,5383
772,5385
772,5390
772,5393
772,5409
772,5441
772,5460
772,5482
772,5500
772,5510
772,5566
772,5572
772,5643
772,5715
772,5731
772,5773
772,5777
772,5791
772,5871
772,5875
772,5945
772,5963
772,5971
772,5987
772,6005
772,6022
772,6076
772,6137
772,6190
772,6246
773,36
773,56
773,67
773,79
773,94
773,108
773,213
773,219
773,345
773,355
773,398
773,453
773,475
773,564
773,565
773,582
773,666
773,705
773,782
773,1066
773,1133
773,1156
773,1190
773,1441
773,1893
773,2201
773,2306
773,3186
773,3452
773,3589
773,3656
773,3775
773,3814
773,3926
773,4251
773,4272
773,4291
773,4364
773,4460
773,4629
773,4658
773,4702
773,4762
773,4770
773,4864
773,4869
773,5092
773,5175
773,5384
773,5386
773,5403
773,5415
773,5420
773,5535
773,5767
773,6037
773,6080
773,6106
774,35
774,53
774,75
774,153
774,230
774,232
774,830
774,933
774,1273
774,1471
774,1753
774,3395
774,3934
774,4275
774,4731
774,5095
774,5183
774,5432
774,5437
774,5647
774,6070
774,6237
775,9
775,29
775,42
775,139
775,205
775,254
775,376
775,543
775,562
775,991
775,1029
775,1317
775,1800
775,2961
775,3600
775,3744
775,4656
775,4988
775,5054
775,5127
775,5161
775,5380
775,6164
776,213
776,475
776,565
776,663
776,681
776,748
776,1743
776,4272
776,4439
776,4719
776,5092
776,5234
777,571
777,3068
800,2835
800,3123
800,3322
800,3526
800,3579
800,3675
800,3688
800,3858
800,3861
800,3863
800,3869
800,3939
800,3965
800,4007
800,4021
800,4023
800,4034
800,4042
800,4052
800,4058
800,4065
800,4072
800,4093
800,4096
800,4106
800,4107
800,4109
800,4117
800,4128
800,4139
800,4164
800,4167
800,4175
800,4177
800,4181
800,4182
800,4200
800,4201
800,4204
800,4209
800,4213
800,4217
800,4220
800,4224
800,4229
800,4231
800,4233
800,4234
800,4235
800,4238
800,4244
800,4245
800,4326
800,4522
800,4641
800,4710
800,4746
800,4810
800,4844
800,5051
800,5215
800,5223
800,5230
800,5250
800,5251
800,5253
800,5327
800,6210
800,6213
800,6215
800,6222
800,6225
800,6226
800,6231
800,6235
800,6240
800,6252
800,6253
800,6257
800,6258
800,6263
800,6264
800,6267
800,6268
800,6271
800,6273
800,6274
800,6275
801,48
801,54
801,65
801,109
801,111
801,169
801,184
801,222
801,261
801,312
801,317
801,319
801,328
801,338
801,382
801,403
801,414
801,415
801,442
801,452
801,453
801,506
801,522
801,561
801,567
801,591
801,622
801,625
801,656
801,664
801,697
801,716
801,725
801,757
801,765
801,781
801,791
801,842
801,851
801,905
801,942
801,981
801,1024
801,1070
801,1165
801,1205
801,1213
801,1256
801,1318
801,1449
801,1617
801,1628
801,1690
801,1725
801,1726
801,1818
801,1865
801,1894
801,1913
801,2006
801,2053
801,2067
801,2071
801,2115
801,2121
801,2162
801,2222
801,2245
801,2251
801,2286
801,2330
801,2386
801,2547
801,2805
801,2836
801,2859
801,2860
801,2864
801,2901
801,2992
801,3045
801,3066
801,3422
801,3815
801,3883
801,4169
801,4189
801,4247
801,4265
801,4280
801,4306
801,4309
801,4315
801,4363
801,4377
801,4511
801,4518
801,4550
801,4579
801,4665
801,4666
801,4744
801,4843
801,4852
801,4853
801,4920
801,4921
801,4959
801,5082
801,5165
801,5203
801,5282
801,5290
801,5294
801,5313
801,6256
802,1
802,3
802,4
802,6
802,7
802,29
802,59
802,63
802,77
802,87
802,115
802,155
802,172
802,218
802,251
802,281
802,310
802,366
802,381
802,406
802,423
802,436
802,459
802,460
802,477
802,560
802,563
802,572
802,586
802,629
802,632
802,644
802,665
802,704
802,731
802,788
802,808
802,817
802,830
802,852
802,894
802,917
802,972
802,1015
802,1151
802,1335
802,1358
802,1369
802,1395
802,1397
802,1446
802,1454
802,1491
802,1496
802,1518
802,1522
802,1567
802,1589
802,1618
802,1664
802,1670
802,1677
802,1713
802,1721
802,1793
802,1812
802,1875
802,1885
802,1926
802,1932
802,1946
802,1953
802,1974
802,1979
802,1980
802,1994
802,1997
802,2021
802,2040
802,2049
802,2072
802,2094
802,2116
802,2167
802,2200
802,2238
802,2262
802,2276
802,2281
802,2307
802,2311
802,2335
802,2339
802,2347
802,2367
802,2371
802,2379
802,2401
802,2421
802,2448
802,2466
802,2552
802,2562
802,2564
802,2566
802,2572
802,2607
802,2637
802,2665
802,2711
802,2870
802,2903
802,2925
802,2957
802,3003
802,3052
802,3121
802,3152
802,3172
802,3174
802,3194
802,3221
802,3255
802,3262
802,3271
802,3273
802,3291
802,3297
802,3315
802,3328
802,3342
802,3354
802,3412
802,3576
802,3623
802,3630
802,3641
802,3810
802,3814
802,3833
802,3887
802,3895
802,3898
802,3979
802,4022
802,4337
802,4364
802,4382
802,4389
802,4392
802,4398
802,4407
802,4408
802,4466
802,4510
802,4523
802,4572
802,4586
802,4589
802,4596
802,4631
802,4654
802,4767
802,4801
802,4815
802,4854
802,4876
802,4877
802,4943
802,4944
802,4964
802,5059
802,5100
802,5136
802,5139
802,5158
802,5159
802,5204
802,5205
802,5206
802,5213
802,5260
802,5293
802,5346
802,5352
802,5358
802,5395
802,5423
802,5463
802,5464
802,5487
802,5505
802,5537
802,5561
802,5570
802,5584
802,5689
802,5729
802,5770
802,5775
802,6075
802,6122
802,6211
802,6219
803,24
803,26
803,33
803,39
803,58
803,62
803,67
803,84
803,89
803,90
803,97
803,101
803,103
803,113
803,117
803,118
803,136
803,146
803,147
803,156
803,158
803,161
803,167
803,185
803,186
803,197
803,203
803,205
803,236
803,252
803,256
803,330
803,351
803,357
803,362
803,376
803,377
803,392
803,424
803,433
803,434
803,435
803,470
803,488
803,490
803,509
803,521
803,529
803,549
803,582
803,585
803,592
803,608
803,610
803,699
803,722
803,751
803,770
803,820
803,858
803,923
803,927
803,940
803,946
803,966
803,994
803,1023
803,1033
803,1050
803,1058
803,1076
803,1090
803,1108
803,1127
803,1142
803,1160
803,1175
803,1207
803,1274
803,1281
803,1300
803,1323
803,1444
803,1472
803,1498
803,1541
803,1551
803,1597
803,1606
803,1616
803,1685
803,1692
803,1698
803,1699
803,1720
803,1769
803,1783
803,1785
803,1788
803,1791
803,1848
803,1866
803,1867
803,1869
803,1887
803,1891
803,1893
803,1895
803,1921
803,1969
803,1975
803,1985
803,1993
803,2016
803,2023
803,2036
803,2041
803,2054
803,2170
803,2173
803,2187
803,2193
803,2213
803,2261
803,2269
803,2272
803,2283
803,2324
803,2331
803,2336
803,2338
803,2390
803,2408
803,2460
803,2488
803,2494
803,2521
803,2526
803,2536
803,2537
803,2582
803,2587
803,2599
803,2619
803,2660
803,2671
803,2699
803,2706
803,2728
803,2753
803,2778
803,2788
803,2823
803,2826
803,2837
803,2884
803,2907
803,2919
803,2936
803,2963
803,2982
803,2991
803,2999
803,3012
803,3031
803,3094
803,3134
803,3140
803,3225
803,3242
803,3252
803,3272
803,3317
803,3350
803,3370
803,3414
803,3472
803,3501
803,3562
803,3621
803,3636
803,3702
803,3798
803,3982
803,4144
803,4333
803,4334
803,4339
803,4409
803,4429
803,4430
803,4443
803,4454
803,4467
803,4538
803,4559
803,4564
803,4608
803,4609
803,4617
803,4626
803,4632
803,4643
803,4655
803,4696
803,4712
803,4720
803,4726
803,4787
803,4838
803,4846
803,4858
803,4873
803,4892
803,4916
803,4923
803,4926
803,4939
803,4960
803,4976
803,4977
803,4992
803,4994
803,5020
803,5047
803,5055
803,5058
803,5063
803,5083
803,5088
803,5105
803,5229
803,5276
803,5344
803,5411
803,5420
803,5429
803,5455
803,5493
803,5499
803,5519
803,5535
803,5550
803,5555
803,5604
803,5614
803,5632
803,5647
803,5774
803,5955
803,6070
803,6080
803,6081
803,6103
803,6106
803,6112
803,6145
803,6173
803,6209
803,6266
804,60
804,73
804,78
804,79
804,94
804,100
804,102
804,107
804,109
804,119
804,132
804,138
804,140
804,148
804,162
804,163
804,165
804,170
804,175
804,187
804,190
804,196
804,199
804,215
804,260
804,271
804,307
804,345
804,349
804,383
804,391
804,409
804,422
804,428
804,496
804,501
804,511
804,517
804,531
804,539
804,606
804,666
804,667
804,673
804,686
804,701
804,703
804,743
804,759
804,768
804,793
804,799
804,811
804,823
804,868
804,890
804,906
804,932
804,937
804,943
804,996
804,1001
804,1029
804,1053
804,1074
804,1083
804,1105
804,1112
804,1114
804,1126
804,1144
804,1156
804,1164
804,1166
804,1185
804,1196
804,1197
804,1204
804,1219
804,1231
804,1238
804,1247
804,1266
804,1273
804,1276
804,1341
804,1376
804,1384
804,1458
804,1470
804,1473
804,1479
804,1506
804,1535
804,1539
804,1540
804,1543
804,1570
804,1573
804,1583
804,1610
804,1620
804,1636
804,1657
804,1682
804,1687
804,1693
804,1696
804,1714
804,1715
804,1731
804,1749
804,1760
804,1782
804,1787
804,1789
804,1802
804,1828
804,1830
804,1836
804,1837
804,1870
804,1900
804,1906
804,1918
804,1927
804,1928
804,1955
804,2008
804,2014
804,2027
804,2029
804,2097
804,2105
804,2114
804,2119
804,2125
804,2137
804,2148
804,2153
804,2179
804,2185
804,2186
804,2203
804,2218
804,2248
804,2258
804,2285
804,2290
804,2297
804,2322
804,2325
804,2341
804,2368
804,2404
804,2414
804,2427
804,2440
804,2489
804,2495
804,2510
804,2533
804,2553
804,2555
804,2603
804,2622
804,2642
804,2654
804,2682
804,2727
804,2739
804,2773
804,2797
804,2824
804,2866
804,2869
804,2937
804,2938
804,2947
804,2965
804,2971
804,3023
804,3062
804,3091
804,3118
804,3130
804,3163
804,3187
804,3230
804,3249
804,3251
804,3270
804,3278
804,3290
804,3293
804,3357
804,3388
804,3406
804,3420
804,3498
804,3499
804,3517
804,3544
804,3610
804,3631
804,3634
804,3649
804,3664
804,3699
804,3731
804,3771
804,3788
804,3792
804,3799
804,3801
804,3826
804,3850
804,3880
804,3897
804,3932
804,3940
804,3962
804,4035
804,4037
804,4215
804,4228
804,4230
804,4261
804,4267
804,4286
804,4288
804,4317
804,4329
804,4336
804,4341
804,4376
804,4381
804,4406
804,4433
804,4450
804,4509
804,4512
804,4548
804,4569
804,4576
804,4577
804,4616
804,4645
804,4664
804,4672
804,4675
804,4683
804,4692
804,4700
804,4703
804,4704
804,4711
804,4724
804,4748
804,4772
804,4775
804,4785
804,4790
804,4796
804,4805
804,4819
804,4820
804,4828
804,4833
804,4836
804,4851
804,4855
804,4859
804,4894
804,4898
804,4906
804,4919
804,4959
804,4965
804,4987
804,4995
804,5007
804,5027
804,5038
804,5052
804,5061
804,5075
804,5086
804,5111
804,5123
804,5147
804,5174
804,5180
804,5186
804,5187
804,5345
804,5349
804,5361
804,5403
804,5413
804,5428
804,5449
804,5470
804,5480
804,5503
804,5510
804,5513
804,5514
804,5566
804,5587
804,5596
804,5605
804,5608
804,5650
804,5671
804,5710
804,5791
804,5841
804,5923
804,6109
804,6113
804,6116
804,6121
804,6137
804,6164
804,6174
804,6187
804,6234
805,10
805,14
805,17
805,18
805,21
805,25
805,29
805,34
805,35
805,36
805,41
805,45
805,48
805,49
805,50
805,53
805,56
805,59
805,66
805,68
805,70
805,71
805,88
805,108
805,121
805,126
805,128
805,139
805,178
805,230
805,235
805,246
805,265
805,277
805,280
805,296
805,297
805,300
805,326
805,331
805,334
805,347
805,352
805,353
805,359
805,379
805,390
805,393
805,398
805,412
805,419
805,464
805,471
805,475
805,485
805,510
805,513
805,528
805,557
805,566
805,573
805,575
805,580
805,597
805,599
805,617
805,638
805,654
805,663
805,690
805,724
805,729
805,730
805,753
805,761
805,763
805,801
805,829
805,835
805,844
805,846
805,860
805,865
805,895
805,922
805,948
805,949
805,976
805,988
805,1026
805,1027
805,1047
805,1052
805,1055
805,1062
805,1125
805,1129
805,1168
805,1189
805,1194
805,1199
805,1210
805,1249
805,1269
805,1287
805,1290
805,1308
805,1317
805,1334
805,1336
805,1345
805,1356
805,1363
805,1367
805,1397
805,1406
805,1412
805,1417
805,1422
805,1430
805,1434
805,1504
805,1507
805,1546
805,1561
805,1586
805,1634
805,1639
805,1643
805,1676
805,1686
805,1707
805,1710
805,1750
805,1773
805,1784
805,1843
805,1847
805,1857
805,1871
805,1939
805,1958
805,1983
805,2033
805,2052
805,2062
805,2075
805,2077
805,2085
805,2109
805,2122
805,2128
805,2136
805,2158
805,2161
805,2164
805,2216
805,2220
805,2233
805,2314
805,2334
805,2429
805,2441
805,2449
805,2456
805,2482
805,2538
805,2567
805,2573
805,2617
805,2630
805,2635
805,2674
805,2707
805,2736
805,2740
805,2761
805,2785
805,2793
805,2798
805,2800
805,2804
805,2844
805,2862
805,2878
805,2886
805,2922
805,2945
805,2951
805,2961
805,3001
805,3020
805,3079
805,3110
805,3133
805,3147
805,3170
805,3217
805,3231
805,3244
805,3248
805,3259
805,3260
805,3306
805,3399
805,3417
805,3494
805,3531
805,3537
805,3555
805,3565
805,3570
805,3611
805,3613
805,3648
805,3656
805,3678
805,3694
805,3714
805,3738
805,3769
805,3774
805,3776
805,3795
805,3893
805,3905
805,3912
805,3997
805,4126
805,4216
805,4247
805,4248
805,4304
805,4318
805,4327
805,4331
805,4338
805,4340
805,4364
805,4372
805,4374
805,4375
805,4387
805,4391
805,4423
805,4431
805,4488
805,4573
805,4592
805,4606
805,4659
805,4680
805,4688
805,4698
805,4707
805,4719
805,4722
805,4753
805,4754
805,4765
805,4807
805,4840
805,4862
805,4863
805,4865
805,4881
805,4904
805,4925
805,4947
805,4955
805,4962
805,4972
805,4973
805,4988
805,5029
805,5069
805,5080
805,5106
805,5125
805,5132
805,5156
805,5163
805,5183
805,5196
805,5212
805,5220
805,5269
805,5284
805,5287
805,5298
805,5339
805,5356
805,5426
805,5463
805,5464
805,5479
805,5482
805,5494
805,5506
805,5536
805,5537
805,5539
805,5544
805,5584
805,5593
805,5633
805,5644
805,5689
805,5692
805,5694
805,5702
805,5738
805,5751
805,5766
805,5770
805,5775
805,5804
805,5810
805,5866
805,5912
805,6068
805,6102
805,6114
805,6127
805,6139
805,6144
805,6218
805,6220
805,6223
805,6237
806,7
806,22
806,24
806,33
806,72
806,75
806,89
806,90
806,101
806,104
806,113
806,118
806,129
806,130
806,147
806,153
806,158
806,169
806,203
806,216
806,218
806,252
806,285
806,286
806,289
806,308
806,332
806,350
806,355
806,366
806,376
806,397
806,420
806,423
806,453
806,478
806,488
806,499
806,515
806,585
806,680
806,732
806,772
806,797
806,808
806,813
806,814
806,832
806,910
806,933
806,951
806,962
806,963
806,967
806,968
806,972
806,989
806,1032
806,1040
806,1045
806,1073
806,1116
806,1158
806,1178
806,1187
806,1192
806,1244
806,1245
806,1300
806,1319
806,1326
806,1339
806,1391
806,1396
806,1414
806,1466
806,1503
806,1537
806,1604
806,1627
806,1679
806,1697
806,1703
806,1716
806,1794
806,1817
806,1820
806,1962
806,1990
806,2002
806,2019
806,2064
806,2079
806,2141
806,2173
806,2237
806,2256
806,2266
806,2348
806,2413
806,2504
806,2591
806,2610
806,2616
806,2643
806,2659
806,2686
806,2706
806,2714
806,2766
806,2897
806,2919
806,2930
806,2974
806,3003
806,3036
806,3112
806,3161
806,3186
806,3219
806,3241
806,3299
806,3362
806,3389
806,3439
806,3451
806,3501
806,3562
806,3574
806,3633
806,3674
806,3685
806,3696
806,3704
806,3764
806,3766
806,3785
806,3797
806,3824
806,3931
806,3951
806,4048
806,4102
806,4105
806,4112
806,4124
806,4130
806,4132
806,4155
806,4158
806,4210
806,4212
806,4226
806,4239
806,4311
806,4312
806,4313
806,4319
806,4324
806,4358
806,4401
806,4421
806,4459
806,4460
806,4486
806,4501
806,4537
806,4581
806,4595
806,4615
806,4624
806,4629
806,4632
806,4689
806,4702
806,4742
806,4914
806,4920
806,4994
806,5009
806,5030
806,5043
806,5083
806,5136
806,5148
806,5167
806,5175
806,5201
806,5217
806,5225
806,5280
806,5289
806,5325
806,5330
806,5352
806,5366
806,5368
806,5386
806,5407
806,5409
806,5418
806,5419
806,5422
806,5423
806,5433
806,5492
806,5493
806,5519
806,5520
806,5522
806,5523
806,5545
806,5552
806,5559
806,5561
806,5562
806,5570
806,5589
806,5634
806,5635
806,5643
806,5647
806,5649
806,5651
806,5655
806,5664
806,5670
806,5672
806,5673
806,5691
806,5699
806,5701
806,5709
806,5712
806,5717
806,5724
806,5729
806,5732
806,5733
806,5740
806,5750
806,5765
806,5768
806,5769
806,5778
806,5782
806,5795
806,5824
806,5851
806,5894
806,5942
806,5981
806,5985
806,6033
806,6041
806,6056
806,6070
806,6085
806,6106
806,6111
806,6112
806,6115
806,6117
806,6122
806,6132
806,6143
806,6154
806,6158
806,6165
806,6181
806,6209
806,6219
807,6
807,9
807,42
807,63
807,69
807,78
807,107
807,123
807,132
807,138
807,140
807,162
807,165
807,190
807,196
807,200
807,227
807,254
807,258
807,279
807,288
807,349
807,367
807,401
807,409
807,410
807,430
807,431
807,440
807,445
807,548
807,582
807,639
807,641
807,642
807,681
807,686
807,722
807,768
807,795
807,811
807,937
807,955
807,995
807,1013
807,1053
807,1065
807,1078
807,1108
807,1141
807,1156
807,1161
807,1185
807,1207
807,1274
807,1327
807,1383
807,1445
807,1468
807,1764
807,1850
807,1870
807,1893
807,1984
807,1996
807,2092
807,2179
807,2203
807,2244
807,2355
807,2368
807,2405
807,2427
807,2510
807,2529
807,2900
807,3187
807,3390
807,3519
807,3566
807,3610
807,3715
807,3932
807,3962
807,4035
807,4043
807,4094
807,4104
807,4137
807,4138
807,4230
807,4291
807,4301
807,4349
807,4406
807,4417
807,4493
807,4524
807,4538
807,4565
807,4655
807,4656
807,4658
807,4705
807,4762
807,4776
807,4777
807,4819
807,4890
807,5123
807,5187
807,5189
807,5259
807,5328
807,5370
807,5383
807,5390
807,5393
807,5403
807,5441
807,5455
807,5460
807,5480
807,5500
807,5548
807,5566
807,5605
807,5608
807,5710
807,5715
807,5731
807,5822
807,5871
807,5875
807,5936
807,5945
807,5959
807,5963
807,5971
807,5987
807,6005
807,6062
807,6075
807,6116
807,6123
807,6140
807,6145
807,6163
807,6184
807,6190
807,6191
807,6246
808,5
808,16
808,30
808,53
808,56
808,66
808,67
808,68
808,88
808,108
808,128
808,213
808,235
808,257
808,271
808,277
808,302
808,331
808,334
808,345
808,352
808,359
808,368
808,372
808,393
808,412
808,437
808,443
808,471
808,475
808,489
808,501
808,564
808,565
808,666
808,699
808,745
808,763
808,766
808,916
808,934
808,949
808,988
808,1018
808,1129
808,1229
808,1260
808,1441
808,1535
808,1539
808,1540
808,1588
808,1833
808,1960
808,2044
808,2077
808,2097
808,2128
808,2201
808,2305
808,2306
808,2312
808,2535
808,2555
808,2852
808,3000
808,3020
808,3452
808,3494
808,3565
808,3589
808,3687
808,3775
808,3814
808,3890
808,3893
808,3912
808,3949
808,4170
808,4251
808,4272
808,4275
808,4490
808,4637
808,4645
808,4676
808,4688
808,4700
808,4722
808,4741
808,4775
808,4836
808,4865
808,4869
808,4947
808,4962
808,5092
808,5384
808,5385
808,5415
808,5420
808,5429
808,5479
808,5494
808,5512
808,5535
808,5550
808,5614
808,5628
808,5632
808,5692
808,5702
808,5735
808,5738
808,5744
808,5751
808,5767
808,5791
808,5912
808,5955
808,6080
808,6081
808,6193
808,6220
809,14
809,21
809,29
809,41
809,73
809,89
809,90
809,121
809,126
809,148
809,189
809,218
809,230
809,297
809,300
809,376
809,426
809,464
809,520
809,571
809,573
809,676
809,680
809,748
809,753
809,801
809,865
809,1047
809,1083
809,1116
809,1187
809,1199
809,1263
809,1319
809,1345
809,1382
809,1417
809,1606
809,1652
809,1753
809,1774
809,2252
809,2326
809,2509
809,2686
809,2895
809,2938
809,3003
809,3079
809,3451
809,3704
809,3819
809,3926
809,4105
809,4124
809,4132
809,4155
809,4158
809,4313
809,4364
809,4431
809,4460
809,4629
809,4643
809,4680
809,4698
809,4754
809,4866
809,4914
809,4994
809,5095
809,5167
809,5413
809,5418
809,5419
809,5428
809,5510
809,5522
809,5523
809,5559
809,5570
809,5635
809,5647
809,5649
809,5664
809,5699
809,5709
809,5712
809,5717
809,5740
809,5750
809,5765
809,5768
809,6070
809,6076
809,6085
809,6100
809,6114
809,6143
809,6219
809,6237
810,24
810,36
810,63
810,129
810,140
810,145
810,153
810,203
810,515
810,580
810,700
810,972
810,1045
810,1262
810,1300
810,1612
810,1817
810,1897
810,1978
810,2051
810,2129
810,2211
810,2368
810,2713
810,2740
810,3177
810,3432
810,3694
810,3744
810,3797
810,4043
810,4104
810,4137
810,4138
810,4210
810,4304
810,4311
810,4439
810,4656
810,5124
810,5319
810,5322
810,5380
810,5383
810,5390
810,5432
810,5441
810,5460
810,5492
810,5532
810,5572
810,5604
810,5673
810,5732
810,5822
810,5871
810,5875
810,5945
810,5963
810,5971
810,5987
810,6005
810,6037
810,6050
810,6106
810,6145
810,6190
810,6216
810,6234
810,6246
811,196
811,200
811,233
811,286
811,344
811,350
811,410
811,412
811,471
811,489
811,557
811,639
811,699
811,1888
811,2044
811,2605
811,3501
811,3562
811,3589
811,4289
811,4731
811,4743
811,4865
811,5284
811,5420
811,5500
811,5512
811,5519
811,5535
811,5552
811,5637
811,5660
811,5671
811,5684
811,5744
811,5751
811,5767
811,5769
811,5838
811,6080
811,6109
811,6154
811,6158
811,6164
811,6177
812,14
812,39
812,69
812,78
812,88
812,100
812,121
812,230
812,422
812,430
812,768
812,830
812,991
812,1204
812,1274
812,1753
812,2128
812,2306
812,3452
812,3775
812,3893
812,4538
812,4643
812,4869
812,4919
812,5403
812,5510
812,5566
812,5570
812,5791
812,6219
813,35
813,89
813,108
813,315
813,364
813,367
813,376
813,391
813,431
813,460
813,478
813,562
813,564
813,572
813,599
813,1210
813,1317
813,1800
813,2405
813,3395
813,3656
813,3744
813,4364
813,4656
813,4754
813,4904
813,4988
813,5589
813,6102
813,6117
814,67
814,258
814,288
814,641
814,663
814,748
814,1777
814,2077
814,4890
814,5232
814,5455
815,90
815,759
815,1066
815,2306
815,3775
816,35
816,315
816,364
816,389
816,460
816,564
816,683
816,830
816,1568
816,3395
816,3452
816,3589
816,4997
817,14
817,121
817,230
817,1753
817,4869
818,376
818,562
818,610
818,1210
818,2368
818,3744
818,4656
819,25
819,72
819,75
819,300
819,412
819,471
819,663
819,748
819,1422
819,3501
819,3562
819,3694
819,4304
819,4865
819,4962
819,5069
819,5479
819,5702
819,6234
820,138
820,165
820,409
820,573
820,768
820,1204
820,1270
820,1274
820,1345
820,1764
820,2128
820,2555
820,2616
820,2938
820,4538
820,5187
820,5403
820,5510
820,5566
820,5570
820,5601
820,5637
820,5671
820,5791
820,6070
820,6114
820,6219
821,36
821,70
821,88
821,89
821,108
821,140
821,393
821,398
821,485
821,531
821,599
821,814
821,1156
821,2405
821,4364
821,4754
822,29
822,67
822,78
822,90
822,355
822,782
822,962
822,967
822,1190
822,4460
822,5426
823,24
823,1073
824,196
835,2835
835,3123
835,3322
835,3526
835,3579
835,3675
835,3688
835,3861
835,3863
835,3869
835,3939
835,3965
835,4007
835,4021
835,4034
835,4042
835,4058
835,4065
835,4072
835,4093
835,4096
835,4106
835,4107
835,4109
835,4117
835,4128
835,4139
835,4164
835,4167
835,4175
835,4177
835,4182
835,4200
835,4201
835,4204
835,4209
835,4213
835,4217
835,4220
835,4224
835,4229
835,4231
835,4233
835,4234
835,4235
835,4238
835,4244
835,4245
835,4326
835,4522
835,4641
835,4710
835,4746
835,4810
835,4843
835,4844
835,5051
835,5215
835,5223
835,5230
835,5250
835,5251
835,5253
835,5327
835,6210
835,6213
835,6215
835,6222
835,6225
835,6226
835,6231
835,6235
835,6240
835,6252
835,6253
835,6256
835,6257
835,6258
835,6263
835,6264
835,6267
835,6268
835,6271
835,6273
835,6274
835,6275
836,54
836,65
836,109
836,111
836,169
836,184
836,222
836,261
836,312
836,317
836,319
836,328
836,338
836,382
836,414
836,415
836,442
836,452
836,453
836,506
836,522
836,561
836,567
836,591
836,622
836,656
836,664
836,716
836,725
836,757
836,765
836,781
836,791
836,842
836,851
836,905
836,942
836,981
836,1024
836,1070
836,1165
836,1205
836,1213
836,1256
836,1318
836,1449
836,1617
836,1628
836,1690
836,1726
836,1818
836,1865
836,1894
836,2006
836,2053
836,2067
836,2071
836,2121
836,2162
836,2222
836,2251
836,2286
836,2330
836,2386
836,2547
836,2805
836,2836
836,2859
836,2860
836,2864
836,2992
836,3045
836,3066
836,3422
836,3858
836,3883
836,4023
836,4052
836,4169
836,4181
836,4189
836,4247
836,4265
836,4280
836,4306
836,4309
836,4315
836,4363
836,4377
836,4511
836,4550
836,4579
836,4666
836,4744
836,4852
836,4853
836,4920
836,4921
836,4959
836,5082
836,5165
836,5203
836,5282
836,5294
836,5313
837,3
837,4
837,7
837,29
837,63
837,87
837,115
837,155
837,156
837,172
837,218
837,251
837,310
837,366
837,381
837,403
837,406
837,460
837,477
837,486
837,560
837,563
837,572
837,586
837,625
837,629
837,632
837,644
837,665
837,704
837,788
837,817
837,830
837,852
837,858
837,894
837,917
837,972
837,1015
837,1352
837,1358
837,1369
837,1395
837,1397
837,1454
837,1496
837,1518
837,1522
837,1567
837,1589
837,1618
837,1664
837,1670
837,1677
837,1680
837,1713
837,1721
837,1725
837,1793
837,1812
837,1822
837,1875
837,1885
837,1913
837,1926
837,1932
837,1946
837,1979
837,1980
837,1994
837,1997
837,2021
837,2040
837,2049
837,2072
837,2094
837,2116
837,2167
837,2200
837,2238
837,2245
837,2262
837,2276
837,2281
837,2307
837,2311
837,2339
837,2371
837,2379
837,2401
837,2421
837,2448
837,2466
837,2562
837,2566
837,2572
837,2578
837,2607
837,2637
837,2665
837,2688
837,2691
837,2711
837,2870
837,2903
837,2925
837,2957
837,3052
837,3121
837,3152
837,3172
837,3174
837,3194
837,3221
837,3255
837,3271
837,3273
837,3291
837,3297
837,3315
837,3328
837,3342
837,3354
837,3576
837,3623
837,3630
837,3641
837,3810
837,3833
837,3887
837,3895
837,3898
837,3979
837,4022
837,4337
837,4364
837,4382
837,4389
837,4392
837,4398
837,4407
837,4408
837,4466
837,4510
837,4518
837,4523
837,4572
837,4586
837,4589
837,4596
837,4631
837,4654
837,4767
837,4801
837,4815
837,4854
837,4876
837,4877
837,4944
837,4964
837,5059
837,5136
837,5139
837,5159
837,5204
837,5205
837,5206
837,5213
837,5260
837,5290
837,5293
837,5346
837,5352
837,5358
837,5395
837,5463
837,5464
837,5487
837,5505
837,5537
837,5689
837,5770
837,5775
837,6075
837,6103
838,24
838,33
838,39
838,59
838,62
838,84
838,90
838,94
838,97
838,101
838,103
838,136
838,146
838,147
838,153
838,161
838,167
838,170
838,186
838,203
838,205
838,236
838,330
838,351
838,357
838,362
838,376
838,392
838,423
838,424
838,433
838,434
838,459
838,462
838,470
838,488
838,509
838,549
838,582
838,585
838,592
838,608
838,610
838,654
838,666
838,699
838,751
838,759
838,895
838,923
838,946
838,966
838,994
838,1033
838,1076
838,1090
838,1127
838,1142
838,1160
838,1175
838,1281
838,1323
838,1444
838,1541
838,1543
838,1551
838,1597
838,1606
838,1616
838,1685
838,1692
838,1693
838,1698
838,1720
838,1769
838,1785
838,1791
838,1803
838,1851
838,1867
838,1869
838,1887
838,1893
838,1895
838,1921
838,1955
838,1969
838,1975
838,1985
838,1993
838,2016
838,2041
838,2148
838,2173
838,2261
838,2269
838,2283
838,2324
838,2338
838,2390
838,2494
838,2503
838,2521
838,2552
838,2582
838,2587
838,2599
838,2660
838,2699
838,2728
838,2753
838,2837
838,2884
838,2907
838,2936
838,2982
838,2991
838,2999
838,3031
838,3094
838,3140
838,3252
838,3317
838,3350
838,3562
838,3628
838,3636
838,3798
838,3814
838,3982
838,4144
838,4228
838,4339
838,4409
838,4443
838,4454
838,4467
838,4564
838,4617
838,4643
838,4696
838,4712
838,4714
838,4720
838,4726
838,4808
838,4838
838,4858
838,4873
838,4892
838,4904
838,4906
838,4916
838,4923
838,4926
838,4939
838,4943
838,4960
838,4976
838,4977
838,4994
838,5047
838,5055
838,5057
838,5058
838,5063
838,5105
838,5158
838,5229
838,5259
838,5276
838,5344
838,5361
838,5371
838,5385
838,5420
838,5466
838,5499
838,5514
838,5519
838,5536
838,5729
838,6070
838,6081
838,6209
838,6237
839,36
839,43
839,48
839,53
839,73
839,78
839,89
839,107
839,109
839,132
839,148
839,163
839,187
839,196
839,199
839,232
839,252
839,271
839,307
839,331
839,334
839,349
839,383
839,391
839,397
839,409
839,422
839,428
839,485
839,490
839,501
839,520
839,531
839,539
839,540
839,673
839,680
839,686
839,690
839,707
839,722
839,743
839,768
839,770
839,793
839,811
839,823
839,868
839,883
839,932
839,937
839,963
839,1001
839,1052
839,1053
839,1065
839,1105
839,1114
839,1126
839,1144
839,1161
839,1166
839,1185
839,1196
839,1197
839,1207
839,1219
839,1266
839,1273
839,1276
839,1341
839,1472
839,1473
839,1498
839,1539
839,1540
839,1566
839,1570
839,1583
839,1610
839,1682
839,1696
839,1699
839,1714
839,1731
839,1760
839,1783
839,1787
839,1788
839,1802
839,1824
839,1830
839,1836
839,1900
839,1906
839,1927
839,1928
839,2027
839,2029
839,2102
839,2105
839,2119
839,2125
839,2153
839,2171
839,2186
839,2193
839,2203
839,2258
839,2272
839,2290
839,2297
839,2331
839,2404
839,2440
839,2510
839,2526
839,2533
839,2537
839,2553
839,2603
839,2642
839,2654
839,2727
839,2739
839,2750
839,2773
839,2824
839,2963
839,2971
839,3003
839,3062
839,3091
839,3187
839,3230
839,3260
839,3270
839,3278
839,3293
839,3388
839,3544
839,3610
839,3664
839,3699
839,3731
839,3771
839,3788
839,3792
839,3801
839,3850
839,3940
839,4247
839,4251
839,4261
839,4267
839,4286
839,4288
839,4317
839,4329
839,4333
839,4336
839,4341
839,4406
839,4509
839,4538
839,4548
839,4559
839,4569
839,4576
839,4616
839,4664
839,4683
839,4692
839,4702
839,4703
839,4704
839,4711
839,4760
839,4772
839,4833
839,4836
839,4919
839,4920
839,4959
839,4965
839,5052
839,5061
839,5090
839,5123
839,5174
839,5186
839,5325
839,5355
839,5368
839,5403
839,5428
839,5449
839,5503
839,5510
839,5554
839,5555
839,5587
839,5591
839,5596
839,5608
839,5804
839,5838
839,6109
839,6137
839,6164
839,6174
839,6219
840,29
840,63
840,88
840,100
840,108
840,118
840,126
840,129
840,138
840,139
840,140
840,165
840,169
840,218
840,235
840,254
840,260
840,265
840,277
840,297
840,352
840,353
840,368
840,379
840,381
840,390
840,393
840,419
840,475
840,478
840,483
840,493
840,580
840,597
840,599
840,638
840,730
840,745
840,753
840,799
840,808
840,820
840,865
840,885
840,949
840,960
840,972
840,976
840,988
840,1014
840,1027
840,1055
840,1073
840,1125
840,1129
840,1156
840,1244
840,1287
840,1290
840,1300
840,1317
840,1334
840,1382
840,1391
840,1421
840,1430
840,1493
840,1506
840,1535
840,1586
840,1639
840,1686
840,1687
840,1697
840,1710
840,1716
840,1784
840,1813
840,1817
840,1870
840,1871
840,1918
840,1939
840,2062
840,2085
840,2097
840,2136
840,2142
840,2185
840,2325
840,2429
840,2441
840,2555
840,2567
840,2573
840,2707
840,2740
840,2761
840,2793
840,2798
840,2844
840,2919
840,2947
840,3001
840,3248
840,3249
840,3251
840,3399
840,3409
840,3439
840,3498
840,3501
840,3537
840,3565
840,3611
840,3656
840,3694
840,3696
840,3795
840,3912
840,3962
840,3997
840,4035
840,4126
840,4230
840,4248
840,4272
840,4304
840,4372
840,4417
840,4431
840,4433
840,4460
840,4488
840,4491
840,4592
840,4606
840,4629
840,4645
840,4655
840,4659
840,4688
840,4698
840,4754
840,4775
840,4776
840,4806
840,4807
840,4863
840,4865
840,4898
840,4925
840,4955
840,4962
840,4988
840,5008
840,5043
840,5069
840,5083
840,5086
840,5096
840,5106
840,5111
840,5127
840,5175
840,5212
840,5220
840,5269
840,5298
840,5328
840,5339
840,5349
840,5352
840,5399
840,5413
840,5423
840,5426
840,5463
840,5464
840,5470
840,5479
840,5491
840,5492
840,5539
840,5544
840,5545
840,5562
840,5570
840,5584
840,5589
840,5605
840,5633
840,5644
840,5647
840,5689
840,5710
840,5726
840,5751
840,5766
840,5775
840,5801
840,5841
840,5866
840,6116
840,6117
840,6127
840,6139
840,6144
840,6184
840,6220
840,6224
840,6234
841,6
841,10
841,21
841,24
841,30
841,33
841,39
841,41
841,50
841,56
841,69
841,71
841,90
841,147
841,158
841,200
841,203
841,213
841,258
841,279
841,288
841,300
841,324
841,355
841,376
841,398
841,412
841,420
841,464
841,471
841,489
841,515
841,565
841,573
841,582
841,639
841,641
841,666
841,705
841,724
841,782
841,801
841,813
841,835
841,927
841,933
841,962
841,1032
841,1040
841,1047
841,1116
841,1178
841,1187
841,1199
841,1204
841,1274
841,1308
841,1339
841,1345
841,1356
841,1384
841,1417
841,1561
841,1606
841,1627
841,1847
841,1850
841,1990
841,2033
841,2077
841,2079
841,2128
841,2141
841,2158
841,2220
841,2233
841,2237
841,2368
841,2504
841,2529
841,2610
841,2674
841,2686
841,2706
841,2714
841,2785
841,2800
841,2862
841,2900
841,2938
841,2951
841,2994
841,3079
841,3118
841,3147
841,3161
841,3217
841,3299
841,3306
841,3451
841,3531
841,3562
841,3712
841,3743
841,3764
841,3769
841,3774
841,3785
841,3931
841,3934
841,4048
841,4275
841,4311
841,4312
841,4313
841,4318
841,4340
841,4364
841,4380
841,4486
841,4573
841,4595
841,4632
841,4656
841,4675
841,4680
841,4689
841,4722
841,4906
841,4947
841,4994
841,4995
841,5029
841,5092
841,5095
841,5167
841,5187
841,5217
841,5225
841,5234
841,5280
841,5284
841,5455
841,5467
841,5482
841,5494
841,5514
841,5566
841,5604
841,5637
841,5671
841,5684
841,5773
841,5777
841,5791
841,6102
841,6114
841,6145
841,6154
841,6158
842,7
842,9
842,25
842,35
842,42
842,67
842,72
842,73
842,75
842,78
842,89
842,107
842,132
842,162
842,196
842,220
842,230
842,232
842,285
842,286
842,350
842,366
842,430
842,496
842,539
842,557
842,564
842,571
842,585
842,681
842,768
842,772
842,793
842,811
842,814
842,967
842,1053
842,1065
842,1066
842,1111
842,1126
842,1158
842,1383
842,1389
842,1401
842,1413
842,1422
842,1431
842,1471
842,1540
842,1678
842,1720
842,1764
842,2146
842,2201
842,2203
842,2256
842,2306
842,2334
842,2405
842,2510
842,2616
842,2804
842,2852
842,3241
842,3420
842,3452
842,3589
842,3654
842,3715
842,3738
842,3775
842,3797
842,3893
842,4105
842,4118
842,4124
842,4132
842,4137
842,4155
842,4158
842,4207
842,4210
842,4212
842,4216
842,4374
842,4375
842,4406
842,4459
842,4538
842,4615
842,4643
842,4696
842,4702
842,4753
842,4762
842,4869
842,4904
842,4914
842,5185
842,5196
842,5201
842,5325
842,5385
842,5386
842,5418
842,5419
842,5429
842,5433
842,5493
842,5519
842,5522
842,5523
842,5535
842,5541
842,5550
842,5552
842,5559
842,5614
842,5635
842,5649
842,5664
842,5670
842,5673
842,5692
842,5699
842,5702
842,5709
842,5712
842,5717
842,5724
842,5732
842,5738
842,5740
842,5750
842,5765
842,5768
842,5769
842,5912
842,5955
842,6070
842,6076
842,6080
842,6085
842,6100
842,6106
842,6111
842,6143
842,6165
842,6241
843,36
843,43
843,63
843,66
843,99
843,128
843,198
843,199
843,252
843,271
843,277
843,313
843,334
843,390
843,422
843,440
843,599
843,690
843,748
843,799
843,830
843,858
843,972
843,1129
843,1173
843,1185
843,1292
843,1445
843,1448
843,1541
843,1753
843,1795
843,1830
843,1843
843,1884
843,1927
843,1949
843,2057
843,2131
843,2185
843,2305
843,2312
843,2456
843,2555
843,2643
843,2740
843,2758
843,2846
843,3184
843,3260
843,3309
843,3373
843,3395
843,3600
843,3694
843,3776
843,3819
843,4043
843,4104
843,4138
843,4291
843,4301
843,4304
843,4376
843,4391
843,4629
843,4649
843,4658
843,4664
843,4688
843,4731
843,4777
843,4836
843,4988
843,5037
843,5069
843,5111
843,5127
843,5130
843,5383
843,5387
843,5390
843,5441
843,5460
843,5512
843,5572
843,5731
843,5822
843,5871
843,5875
843,5945
843,5963
843,5971
843,5987
843,6005
843,6056
843,6190
843,6216
843,6219
843,6246
844,33
844,53
844,68
844,70
844,71
844,88
844,90
844,100
844,108
844,126
844,129
844,138
844,153
844,202
844,265
844,355
844,376
844,413
844,445
844,475
844,478
844,663
844,760
844,782
844,865
844,933
844,1116
844,1187
844,1190
844,1260
844,1317
844,1326
844,1358
844,1397
844,1417
844,1743
844,1800
844,1870
844,1893
844,1955
844,2274
844,2360
844,2793
844,3079
844,3112
844,3186
844,3409
844,3744
844,3822
844,3932
844,3962
844,4035
844,4230
844,4380
844,4460
844,4462
844,4486
844,4630
844,4656
844,4676
844,4806
844,4947
844,5029
844,5159
844,5183
844,5197
844,5287
844,5397
844,5409
844,5420
844,5480
844,5495
844,5506
844,5544
844,5548
844,5644
844,5689
844,5710
844,5744
844,5751
844,5767
844,5782
844,5824
844,6116
844,6150
845,9
845,25
845,42
845,140
845,200
845,203
845,230
845,254
845,258
845,288
845,300
845,315
845,364
845,389
845,410
845,412
845,471
845,582
845,639
845,641
845,680
845,934
845,955
845,964
845,1045
845,1198
845,1229
845,1271
845,1319
845,1546
845,1777
845,1932
845,2077
845,2161
845,2233
845,2591
845,2946
845,3000
845,3020
845,3219
845,3562
845,3589
845,3633
845,4105
845,4118
845,4124
845,4132
845,4155
845,4158
845,4207
845,4210
845,4313
845,4331
845,4510
845,4762
845,4890
845,4994
845,5054
845,5185
845,5225
845,5232
845,5418
845,5419
845,5455
845,5494
845,5520
845,5522
845,5523
845,5559
845,5575
845,5635
845,5649
845,5664
845,5673
845,5685
845,5692
845,5699
845,5709
845,5712
845,5717
845,5724
845,5740
845,5750
845,5765
845,5768
845,5894
845,6085
845,6143
845,6220
846,35
846,63
846,69
846,72
846,73
846,75
846,99
846,121
846,178
846,205
846,213
846,322
846,344
846,485
846,564
846,565
846,681
846,700
846,756
846,768
846,991
846,1066
846,1173
846,1345
846,1541
846,1753
846,1774
846,1817
846,1949
846,2131
846,2306
846,2846
846,3184
846,3309
846,3452
846,3775
846,4043
846,4104
846,4137
846,4138
846,4272
846,4349
846,4364
846,4491
846,4649
846,4836
846,4859
846,4869
846,5092
846,5130
846,5366
846,5383
846,5390
846,5393
846,5441
846,5460
846,5492
846,5512
846,5525
846,5572
846,5585
846,5695
846,5822
846,5871
846,5875
846,5945
846,5963
846,5971
846,5987
846,6005
846,6106
846,6190
846,6246
847,14
847,33
847,89
847,271
847,376
847,391
847,439
847,460
847,572
847,830
847,1096
847,1273
847,1415
847,1431
847,1606
847,1686
847,2510
847,3395
847,3744
847,3934
847,4630
847,4656
847,5234
847,5397
847,5420
847,5429
847,5449
847,5480
847,5500
847,5535
847,5544
847,5689
847,5698
847,5744
847,5751
847,5767
847,6060
847,6080
847,6145
848,78
848,108
848,426
848,483
848,562
848,811
848,1015
848,1029
848,1053
848,1210
848,1271
848,1317
848,2555
848,3020
848,3068
848,4129
848,4988
848,5455
848,5553
848,6216
849,139
849,277
849,663
849,748
849,937
849,1129
849,1596
849,2405
849,5550
849,6164
850,865
850,944
850,1116
850,1187
850,2686
850,3079
850,3704
850,4324
850,4421
850,5167
850,6114
851,458
851,926
851,1101
851,1263
851,1402
870,2835
870,3123
870,3322
870,3526
870,3579
870,3675
870,3688
870,3858
870,3861
870,3863
870,3869
870,3883
870,3939
870,3965
870,4007
870,4021
870,4023
870,4034
870,4042
870,4052
870,4058
870,4065
870,4072
870,4093
870,4096
870,4106
870,4107
870,4109
870,4117
870,4128
870,4139
870,4164
870,4167
870,4175
870,4177
870,4181
870,4182
870,4200
870,4201
870,4204
870,4209
870,4213
870,4217
870,4220
870,4224
870,4229
870,4231
870,4233
870,4234
870,4235
870,4238
870,4244
870,4245
870,4326
870,4522
870,4641
870,4666
870,4710
870,4746
870,4810
870,4844
870,5051
870,5215
870,5223
870,5230
870,5250
870,5251
870,5253
870,5313
870,5327
870,6210
870,6213
870,6215
870,6222
870,6225
870,6226
870,6231
870,6235
870,6240
870,6252
870,6253
870,6257
870,6258
870,6263
870,6264
870,6267
870,6268
870,6271
870,6273
870,6274
870,6275
871,54
871,65
871,109
871,111
871,169
871,184
871,222
871,261
871,312
871,317
871,319
871,328
871,338
871,382
871,414
871,415
871,442
871,452
871,453
871,506
871,522
871,561
871,567
871,591
871,622
871,625
871,656
871,664
871,697
871,716
871,725
871,757
871,765
871,781
871,791
871,842
871,851
871,905
871,942
871,981
871,1024
871,1070
871,1085
871,1165
871,1205
871,1213
871,1256
871,1318
871,1352
871,1446
871,1449
871,1496
871,1569
871,1617
871,1628
871,1690
871,1726
871,1818
871,1865
871,1894
871,1913
871,2006
871,2053
871,2067
871,2071
871,2121
871,2162
871,2222
871,2245
871,2251
871,2286
871,2330
871,2386
871,2547
871,2805
871,2836
871,2859
871,2860
871,2864
871,2901
871,2992
871,3045
871,3066
871,3422
871,3810
871,4169
871,4189
871,4247
871,4265
871,4280
871,4306
871,4309
871,4315
871,4363
871,4377
871,4511
871,4518
871,4550
871,4579
871,4611
871,4665
871,4744
871,4843
871,4852
871,4853
871,4920
871,4921
871,4959
871,5082
871,5165
871,5203
871,5282
871,5290
871,5294
871,6256
872,3
872,4
872,7
872,24
872,29
872,48
872,63
872,87
872,115
872,155
872,172
872,203
872,218
872,251
872,281
872,310
872,366
872,381
872,403
872,406
872,460
872,477
872,560
872,563
872,572
872,586
872,629
872,632
872,644
872,665
872,704
872,731
872,788
872,817
872,830
872,852
872,858
872,894
872,917
872,972
872,994
872,1015
872,1335
872,1358
872,1369
872,1395
872,1397
872,1454
872,1491
872,1518
872,1522
872,1567
872,1589
872,1618
872,1664
872,1670
872,1677
872,1680
872,1713
872,1721
872,1725
872,1793
872,1812
872,1822
872,1875
872,1885
872,1926
872,1932
872,1953
872,1974
872,1979
872,1980
872,1994
872,1997
872,2021
872,2040
872,2049
872,2072
872,2084
872,2094
872,2116
872,2167
872,2200
872,2238
872,2262
872,2276
872,2281
872,2307
872,2311
872,2339
872,2347
872,2367
872,2371
872,2379
872,2401
872,2421
872,2448
872,2466
872,2562
872,2564
872,2566
872,2572
872,2578
872,2607
872,2637
872,2665
872,2711
872,2736
872,2870
872,2903
872,2925
872,2957
872,3052
872,3121
872,3152
872,3172
872,3174
872,3194
872,3221
872,3255
872,3262
872,3271
872,3273
872,3291
872,3297
872,3315
872,3328
872,3342
872,3354
872,3387
872,3412
872,3495
872,3576
872,3623
872,3630
872,3641
872,3814
872,3833
872,3887
872,3895
872,3898
872,3940
872,3979
872,4022
872,4084
872,4337
872,4364
872,4382
872,4389
872,4392
872,4398
872,4407
872,4408
872,4466
872,4510
872,4523
872,4572
872,4586
872,4589
872,4596
872,4631
872,4654
872,4767
872,4801
872,4815
872,4854
872,4876
872,4877
872,4943
872,4944
872,4964
872,5059
872,5100
872,5136
872,5139
872,5158
872,5159
872,5204
872,5205
872,5206
872,5213
872,5260
872,5293
872,5346
872,5352
872,5358
872,5395
872,5463
872,5464
872,5487
872,5505
872,5537
872,5584
872,5689
872,5729
872,5770
872,5775
872,6075
873,33
873,39
873,53
873,59
873,62
873,84
873,89
873,90
873,97
873,103
873,118
873,136
873,146
873,156
873,158
873,161
873,167
873,185
873,186
873,196
873,236
873,252
873,330
873,351
873,357
873,362
873,376
873,392
873,419
873,423
873,424
873,433
873,434
873,459
873,470
873,488
873,509
873,549
873,582
873,585
873,592
873,608
873,610
873,699
873,751
873,820
873,923
873,927
873,946
873,966
873,1012
873,1033
873,1076
873,1090
873,1127
873,1142
873,1160
873,1244
873,1281
873,1323
873,1472
873,1541
873,1551
873,1597
873,1606
873,1616
873,1685
873,1692
873,1698
873,1720
873,1785
873,1791
873,1851
873,1867
873,1869
873,1887
873,1891
873,1893
873,1895
873,1921
873,1969
873,1975
873,1985
873,1993
873,2016
873,2036
873,2041
873,2054
873,2170
873,2173
873,2187
873,2193
873,2261
873,2269
873,2283
873,2324
873,2338
873,2390
873,2408
873,2441
873,2488
873,2494
873,2521
873,2526
873,2552
873,2582
873,2587
873,2599
873,2619
873,2660
873,2671
873,2753
873,2765
873,2798
873,2826
873,2837
873,2884
873,2936
873,2982
873,2991
873,2999
873,3003
873,3012
873,3031
873,3094
873,3134
873,3140
873,3225
873,3252
873,3317
873,3350
873,3388
873,3414
873,3472
873,3501
873,3562
873,3621
873,3636
873,3798
873,3982
873,4144
873,4339
873,4347
873,4409
873,4429
873,4443
873,4454
873,4467
873,4491
873,4564
873,4608
873,4617
873,4696
873,4712
873,4726
873,4838
873,4858
873,4873
873,4892
873,4916
873,4923
873,4926
873,4939
873,4960
873,4976
873,4977
873,4994
873,5001
873,5020
873,5047
873,5055
873,5058
873,5063
873,5083
873,5105
873,5229
873,5276
873,5344
873,5355
873,5385
873,5420
873,5423
873,5493
873,5499
873,5514
873,5519
873,5570
873,5647
873,5774
873,6070
873,6081
873,6103
873,6112
873,6122
873,6145
873,6173
873,6209
873,6219
873,6266
874,6
874,73
874,78
874,94
874,101
874,107
874,109
874,138
874,148
874,163
874,170
874,187
874,197
874,199
874,271
874,307
874,349
874,383
874,391
874,409
874,422
874,428
874,490
874,511
874,539
874,666
874,673
874,680
874,686
874,703
874,722
874,759
874,768
874,793
874,799
874,811
874,823
874,868
874,906
874,932
874,1001
874,1027
874,1050
874,1053
874,1083
874,1105
874,1125
874,1156
874,1196
874,1204
874,1207
874,1219
874,1266
874,1274
874,1276
874,1300
874,1322
874,1341
874,1430
874,1444
874,1470
874,1473
874,1498
874,1539
874,1570
874,1573
874,1682
874,1693
874,1699
874,1714
874,1731
874,1749
874,1757
874,1760
874,1783
874,1788
874,1830
874,1836
874,1866
874,1870
874,1900
874,1928
874,1955
874,2029
874,2097
874,2105
874,2119
874,2153
874,2171
874,2185
874,2186
874,2258
874,2272
874,2290
874,2297
874,2331
874,2336
874,2404
874,2440
874,2460
874,2495
874,2510
874,2533
874,2537
874,2603
874,2642
874,2654
874,2682
874,2727
874,2773
874,2778
874,2793
874,2869
874,2920
874,2922
874,2963
874,3091
874,3130
874,3163
874,3187
874,3230
874,3278
874,3293
874,3357
874,3406
874,3420
874,3544
874,3561
874,3664
874,3696
874,3699
874,3731
874,3771
874,3788
874,3792
874,3801
874,3850
874,3897
874,3911
874,3932
874,3962
874,4035
874,4230
874,4247
874,4261
874,4286
874,4317
874,4329
874,4333
874,4336
874,4341
874,4381
874,4509
874,4512
874,4548
874,4559
874,4569
874,4576
874,4616
874,4664
874,4683
874,4692
874,4704
874,4711
874,4796
874,4836
874,4851
874,4898
874,4906
874,4919
874,4959
874,4962
874,4965
874,4992
874,4995
874,5052
874,5061
874,5086
874,5123
874,5174
874,5186
874,5197
874,5361
874,5372
874,5403
874,5428
874,5432
874,5479
874,5503
874,5539
874,5545
874,5566
874,5596
874,5671
874,5710
874,5791
874,5804
874,5838
874,6116
874,6127
874,6234
874,6237
875,21
875,36
875,63
875,79
875,83
875,100
875,108
875,129
875,140
875,165
875,235
875,265
875,277
875,331
875,334
875,352
875,355
875,390
875,401
875,430
875,448
875,455
875,475
875,478
875,489
875,493
875,496
875,501
875,548
875,580
875,599
875,690
875,730
875,753
875,835
875,860
875,865
875,948
875,949
875,976
875,988
875,1029
875,1047
875,1052
875,1054
875,1129
875,1168
875,1185
875,1199
875,1287
875,1290
875,1326
875,1334
875,1345
875,1363
875,1417
875,1445
875,1506
875,1535
875,1540
875,1586
875,1643
875,1687
875,1716
875,1813
875,1837
875,1847
875,1939
875,2014
875,2062
875,2079
875,2085
875,2128
875,2136
875,2148
875,2158
875,2325
875,2368
875,2456
875,2489
875,2553
875,2555
875,2573
875,2674
875,2739
875,2740
875,2761
875,2844
875,2866
875,2900
875,2938
875,2947
875,3001
875,3147
875,3248
875,3260
875,3399
875,3537
875,3610
875,3645
875,3678
875,3694
875,3795
875,3905
875,4226
875,4228
875,4304
875,4331
875,4364
875,4372
875,4375
875,4376
875,4380
875,4417
875,4423
875,4431
875,4433
875,4460
875,4506
875,4538
875,4573
875,4592
875,4606
875,4629
875,4630
875,4645
875,4655
875,4659
875,4762
875,4775
875,4807
875,4925
875,4972
875,5029
875,5057
875,5069
875,5125
875,5132
875,5183
875,5187
875,5220
875,5269
875,5287
875,5298
875,5339
875,5349
875,5352
875,5429
875,5455
875,5463
875,5464
875,5492
875,5494
875,5510
875,5536
875,5544
875,5550
875,5584
875,5608
875,5614
875,5637
875,5644
875,5689
875,5775
875,5782
875,5841
875,5851
875,5955
875,6106
875,6137
875,6187
875,6211
875,6220
875,6224
876,10
876,24
876,25
876,29
876,30
876,41
876,43
876,53
876,56
876,67
876,68
876,70
876,88
876,126
876,200
876,203
876,252
876,258
876,279
876,280
876,288
876,297
876,300
876,366
876,393
876,412
876,420
876,445
876,464
876,471
876,479
876,485
876,515
876,517
876,557
876,639
876,641
876,691
876,701
876,724
876,782
876,801
876,832
876,889
876,895
876,937
876,962
876,1005
876,1040
876,1073
876,1099
876,1116
876,1150
876,1187
876,1271
876,1382
876,1421
876,1503
876,1561
876,1686
876,1787
876,1817
876,1850
876,1857
876,1927
876,2027
876,2125
876,2233
876,2429
876,2504
876,2622
876,2626
876,2686
876,2706
876,2714
876,2758
876,2800
876,2824
876,2919
876,3068
876,3079
876,3103
876,3161
876,3217
876,3241
876,3362
876,3439
876,3451
876,3501
876,3562
876,3589
876,3611
876,3704
876,3774
876,3785
876,3797
876,3931
876,4044
876,4048
876,4207
876,4311
876,4312
876,4313
876,4324
876,4374
876,4421
876,4632
876,4643
876,4680
876,4696
876,4703
876,4719
876,4722
876,4754
876,4858
876,4863
876,4865
876,4890
876,4904
876,4947
876,4955
876,4994
876,5092
876,5106
876,5128
876,5159
876,5167
876,5185
876,5201
876,5212
876,5225
876,5284
876,5366
876,5409
876,5449
876,5465
876,5506
876,5537
876,5587
876,5633
876,5702
876,5766
876,5770
876,5866
876,6068
876,6080
876,6111
876,6113
876,6114
876,6139
876,6144
876,6154
876,6158
876,6216
877,14
877,33
877,35
877,66
877,69
877,71
877,72
877,73
877,75
877,78
877,89
877,90
877,99
877,121
877,128
877,132
877,138
877,153
877,187
877,196
877,217
877,230
877,259
877,272
877,359
877,379
877,409
877,410
877,564
877,700
877,756
877,768
877,814
877,925
877,967
877,1003
877,1066
877,1108
877,1141
877,1173
877,1194
877,1204
877,1263
877,1273
877,1274
877,1300
877,1319
877,1397
877,1414
877,1422
877,1431
877,1434
877,1507
877,1541
877,1606
877,1753
877,1764
877,1794
877,1870
877,1871
877,1949
877,2131
877,2256
877,2306
877,2334
877,2405
877,2616
877,2617
877,2635
877,2846
877,2852
877,2897
877,3020
877,3110
877,3184
877,3309
877,3409
877,3452
877,3531
877,3761
877,3775
877,3776
877,3822
877,3932
877,3962
877,4035
877,4105
877,4112
877,4118
877,4124
877,4132
877,4137
877,4155
877,4158
877,4210
877,4230
877,4649
877,4656
877,4675
877,4705
877,4731
877,4743
877,4753
877,4806
877,4836
877,4866
877,4869
877,5043
877,5175
877,5385
877,5418
877,5419
877,5431
877,5522
877,5523
877,5535
877,5552
877,5553
877,5559
877,5566
877,5570
877,5635
877,5649
877,5664
877,5670
877,5673
877,5685
877,5692
877,5699
877,5703
877,5709
877,5710
877,5712
877,5717
877,5724
877,5732
877,5738
877,5740
877,5750
877,5754
877,5765
877,5768
877,5769
877,5773
877,5777
877,5791
877,5912
877,6085
877,6116
877,6121
877,6143
877,6150
877,6165
877,6168
877,6219
878,36
878,39
878,63
878,100
878,108
878,129
878,139
878,140
878,232
878,271
878,352
878,353
878,367
878,376
878,391
878,431
878,478
878,571
878,582
878,599
878,748
878,830
878,926
878,988
878,991
878,1029
878,1065
878,1078
878,1096
878,1101
878,1133
878,1156
878,1245
878,1317
878,1326
878,1358
878,1596
878,1774
878,1893
878,1932
878,2002
878,2161
878,2179
878,2368
878,2510
878,2591
878,2634
878,2793
878,3395
878,3493
878,3656
878,3744
878,3812
878,4043
878,4104
878,4138
878,4216
878,4246
878,4364
878,4460
878,4538
878,4629
878,4630
878,4702
878,4919
878,4988
878,5383
878,5390
878,5397
878,5400
878,5441
878,5460
878,5470
878,5482
878,5494
878,5512
878,5544
878,5575
878,5593
878,5644
878,5681
878,5689
878,5695
878,5731
878,5751
878,5822
878,5871
878,5875
878,5945
878,5963
878,5971
878,5987
878,6005
878,6082
878,6137
878,6151
878,6164
878,6190
878,6220
878,6246
879,16
879,25
879,30
879,67
879,88
879,200
879,203
879,258
879,286
879,288
879,315
879,349
879,350
879,355
879,364
879,372
879,389
879,390
879,398
879,412
879,471
879,639
879,641
879,674
879,766
879,782
879,811
879,944
879,1158
879,1190
879,1271
879,1402
879,1417
879,1777
879,2233
879,3501
879,3562
879,3589
879,3694
879,4129
879,4251
879,4304
879,4722
879,4865
879,4947
879,4962
879,5127
879,5232
879,5284
879,5361
879,5386
879,5420
879,5479
879,5492
879,5520
879,5526
879,5548
879,5684
879,5744
879,5767
879,6080
879,6209
879,6234
879,6248
880,14
880,41
880,78
880,121
880,138
880,218
880,230
880,272
880,340
880,401
880,409
880,428
880,458
880,564
880,768
880,925
880,1066
880,1204
880,1220
880,1274
880,1345
880,1753
880,2128
880,2306
880,2555
880,3452
880,3775
880,4105
880,4118
880,4124
880,4132
880,4155
880,4158
880,4210
880,4656
880,4869
880,5043
880,5403
880,5418
880,5419
880,5433
880,5510
880,5522
880,5523
880,5559
880,5566
880,5570
880,5635
880,5637
880,5649
880,5664
880,5671
880,5673
880,5692
880,5699
880,5702
880,5709
880,5712
880,5717
880,5724
880,5740
880,5750
880,5765
880,5768
880,5791
880,6085
880,6114
880,6143
880,6219
881,89
881,108
881,367
881,376
881,431
881,460
881,483
881,557
881,572
881,599
881,610
881,814
881,830
881,967
881,1210
881,1270
881,1540
881,1568
881,1800
881,2405
881,3020
881,3395
881,3656
881,3744
881,4043
881,4104
881,4137
881,4138
881,4246
881,4364
881,4538
881,4754
881,5383
881,5390
881,5441
881,5460
881,5512
881,5572
881,5585
881,5589
881,5822
881,5871
881,5875
881,5945
881,5963
881,5971
881,5987
881,6005
881,6102
881,6117
881,6190
881,6246
882,67
882,355
882,674
882,782
882,937
882,951
882,962
882,1094
882,1190
882,2077
882,2616
882,3008
882,5361
882,5393
882,5420
882,5455
882,5474
882,5500
882,5526
882,5535
882,5744
882,5751
882,5767
882,6080
883,29
883,279
883,1022
883,2201
883,3477
884,4439
884,5385
905,2835
905,3123
905,3322
905,3526
905,3579
905,3675
905,3688
905,3861
905,3863
905,3869
905,3939
905,3965
905,4007
905,4021
905,4023
905,4034
905,4042
905,4058
905,4065
905,4072
905,4093
905,4096
905,4106
905,4107
905,4109
905,4117
905,4128
905,4139
905,4164
905,4167
905,4175
905,4177
905,4182
905,4200
905,4201
905,4204
905,4209
905,4213
905,4217
905,4220
905,4224
905,4229
905,4231
905,4233
905,4234
905,4235
905,4238
905,4244
905,4245
905,4326
905,4522
905,4641
905,4710
905,4746
905,4810
905,4843
905,4844
905,5051
905,5215
905,5223
905,5230
905,5250
905,5251
905,5253
905,5327
905,6210
905,6213
905,6215
905,6222
905,6225
905,6226
905,6231
905,6235
905,6240
905,6252
905,6253
905,6256
905,6257
905,6258
905,6263
905,6264
905,6267
905,6268
905,6271
905,6273
905,6274
905,6275
906,54
906,65
906,109
906,111
906,169
906,184
906,222
906,261
906,312
906,317
906,319
906,328
906,338
906,382
906,403
906,415
906,442
906,452
906,453
906,506
906,522
906,561
906,567
906,591
906,622
906,625
906,632
906,656
906,664
906,716
906,725
906,757
906,765
906,781
906,791
906,842
906,851
906,905
906,942
906,981
906,1024
906,1070
906,1165
906,1205
906,1213
906,1256
906,1318
906,1352
906,1449
906,1496
906,1532
906,1617
906,1628
906,1690
906,1725
906,1726
906,1818
906,1865
906,1894
906,1913
906,2006
906,2053
906,2067
906,2071
906,2115
906,2121
906,2162
906,2222
906,2245
906,2251
906,2286
906,2330
906,2386
906,2547
906,2805
906,2836
906,2859
906,2860
906,2864
906,2901
906,2992
906,3045
906,3066
906,3422
906,3810
906,3858
906,3883
906,4052
906,4169
906,4181
906,4189
906,4247
906,4265
906,4280
906,4306
906,4309
906,4315
906,4363
906,4377
906,4511
906,4518
906,4549
906,4550
906,4579
906,4665
906,4666
906,4744
906,4852
906,4853
906,4920
906,4921
906,4959
906,5082
906,5165
906,5203
906,5204
906,5282
906,5290
906,5294
906,5313
907,3
907,4
907,7
907,24
907,29
907,77
907,87
907,90
907,115
907,155
907,172
907,204
907,218
907,251
907,281
907,310
907,366
907,381
907,406
907,460
907,477
907,560
907,563
907,572
907,586
907,629
907,644
907,665
907,704
907,731
907,788
907,817
907,830
907,852
907,858
907,894
907,917
907,972
907,994
907,1004
907,1015
907,1033
907,1335
907,1369
907,1395
907,1397
907,1454
907,1518
907,1522
907,1567
907,1589
907,1618
907,1664
907,1670
907,1677
907,1680
907,1713
907,1721
907,1793
907,1812
907,1822
907,1875
907,1885
907,1926
907,1932
907,1946
907,1974
907,1979
907,1980
907,1997
907,2021
907,2025
907,2040
907,2049
907,2072
907,2116
907,2167
907,2200
907,2238
907,2262
907,2276
907,2281
907,2307
907,2311
907,2335
907,2339
907,2371
907,2379
907,2390
907,2401
907,2421
907,2448
907,2466
907,2494
907,2562
907,2566
907,2572
907,2607
907,2637
907,2665
907,2691
907,2711
907,2870
907,2893
907,2903
907,2925
907,2957
907,3052
907,3121
907,3152
907,3172
907,3174
907,3194
907,3221
907,3255
907,3271
907,3273
907,3291
907,3297
907,3315
907,3328
907,3342
907,3354
907,3576
907,3623
907,3628
907,3630
907,3641
907,3814
907,3833
907,3887
907,3895
907,3898
907,3979
907,4022
907,4144
907,4337
907,4364
907,4382
907,4389
907,4392
907,4407
907,4408
907,4466
907,4510
907,4523
907,4572
907,4586
907,4589
907,4596
907,4631
907,4643
907,4654
907,4801
907,4815
907,4854
907,4876
907,4877
907,4944
907,4964
907,5059
907,5136
907,5139
907,5158
907,5159
907,5205
907,5206
907,5213
907,5260
907,5293
907,5346
907,5352
907,5358
907,5395
907,5463
907,5464
907,5487
907,5505
907,5537
907,5584
907,5689
907,5729
907,5770
907,5775
907,6075
907,6211
908,33
908,39
908,59
908,63
908,74
908,84
908,89
908,97
908,101
908,103
908,118
908,136
908,146
908,147
908,156
908,158
908,161
908,167
908,185
908,186
908,196
908,203
908,205
908,236
908,252
908,271
908,330
908,351
908,357
908,362
908,376
908,392
908,423
908,424
908,433
908,434
908,459
908,462
908,470
908,488
908,509
908,549
908,585
908,592
908,608
908,610
908,699
908,751
908,820
908,863
908,923
908,946
908,966
908,1076
908,1090
908,1108
908,1127
908,1142
908,1160
908,1175
908,1207
908,1251
908,1281
908,1323
908,1327
908,1358
908,1444
908,1517
908,1541
908,1543
908,1551
908,1597
908,1606
908,1616
908,1685
908,1692
908,1698
908,1699
908,1720
908,1769
908,1785
908,1791
908,1803
908,1851
908,1866
908,1867
908,1869
908,1887
908,1895
908,1921
908,1969
908,1975
908,1985
908,1993
908,1994
908,2016
908,2023
908,2041
908,2054
908,2148
908,2173
908,2186
908,2193
908,2213
908,2261
908,2269
908,2271
908,2283
908,2324
908,2336
908,2338
908,2460
908,2521
908,2526
908,2552
908,2582
908,2587
908,2599
908,2660
908,2753
908,2837
908,2884
908,2907
908,2963
908,2982
908,2991
908,2999
908,3031
908,3094
908,3140
908,3252
908,3317
908,3350
908,3562
908,3636
908,3798
908,3982
908,4228
908,4339
908,4409
908,4429
908,4443
908,4454
908,4467
908,4564
908,4617
908,4696
908,4703
908,4711
908,4712
908,4714
908,4720
908,4726
908,4767
908,4838
908,4858
908,4873
908,4892
908,4916
908,4923
908,4926
908,4939
908,4943
908,4960
908,4976
908,4977
908,4992
908,4994
908,5047
908,5055
908,5058
908,5063
908,5105
908,5174
908,5229
908,5276
908,5344
908,5420
908,5428
908,5493
908,5499
908,5514
908,5519
908,5540
908,6070
908,6076
908,6081
908,6103
908,6173
908,6209
909,5
909,26
909,36
909,73
909,78
909,94
909,107
909,109
909,119
909,132
909,138
909,140
909,148
909,163
909,170
909,187
909,199
909,260
909,285
909,307
909,349
909,377
909,383
909,391
909,409
909,419
909,422
909,428
909,490
909,501
909,539
909,599
909,666
909,673
909,686
909,703
909,722
909,724
909,758
909,759
909,768
909,793
909,799
909,811
909,823
909,868
909,890
909,895
909,906
909,927
909,932
909,996
909,1001
909,1027
909,1029
909,1050
909,1052
909,1053
909,1083
909,1105
909,1166
909,1185
909,1196
909,1197
909,1219
909,1238
909,1244
909,1266
909,1273
909,1276
909,1341
909,1472
909,1473
909,1498
909,1506
909,1539
909,1561
909,1570
909,1573
909,1682
909,1693
909,1714
909,1715
909,1731
909,1749
909,1757
909,1760
909,1783
909,1788
909,1828
909,1830
909,1836
909,1837
909,1848
909,1861
909,1870
909,1893
909,1900
909,1906
909,1927
909,1928
909,1955
909,2029
909,2105
909,2119
909,2125
909,2153
909,2170
909,2185
909,2187
909,2203
909,2220
909,2248
909,2258
909,2272
909,2290
909,2297
909,2331
909,2341
909,2368
909,2404
909,2427
909,2440
909,2510
909,2533
909,2537
909,2553
909,2603
909,2642
909,2654
909,2727
909,2739
909,2773
909,2869
909,2936
909,2947
909,2965
909,3003
909,3091
909,3118
909,3163
909,3187
909,3230
909,3249
909,3267
909,3278
909,3293
909,3388
909,3420
909,3498
909,3544
909,3565
909,3610
909,3649
909,3664
909,3699
909,3731
909,3771
909,3788
909,3792
909,3801
909,3850
909,3932
909,3940
909,3962
909,4035
909,4215
909,4247
909,4261
909,4267
909,4286
909,4288
909,4317
909,4329
909,4333
909,4336
909,4341
909,4406
909,4433
909,4509
909,4548
909,4559
909,4569
909,4576
909,4616
909,4664
909,4675
909,4683
909,4692
909,4700
909,4704
909,4805
909,4833
909,4836
909,4851
909,4859
909,4906
909,4919
909,4959
909,4965
909,5007
909,5052
909,5061
909,5086
909,5111
909,5123
909,5186
909,5187
909,5197
909,5355
909,5385
909,5403
909,5449
909,5503
909,5513
909,5587
909,5596
909,5608
909,5696
909,5710
909,6116
909,6219
910,10
910,24
910,25
910,29
910,41
910,50
910,53
910,67
910,68
910,70
910,71
910,79
910,90
910,100
910,108
910,126
910,139
910,165
910,175
910,217
910,235
910,246
910,265
910,277
910,280
910,297
910,331
910,334
910,352
910,355
910,366
910,368
910,390
910,393
910,412
910,471
910,475
910,479
910,485
910,496
910,511
910,517
910,580
910,582
910,588
910,597
910,606
910,663
910,680
910,690
910,730
910,748
910,753
910,763
910,782
910,860
910,865
910,889
910,900
910,948
910,949
910,960
910,962
910,976
910,988
910,1005
910,1014
910,1047
910,1054
910,1055
910,1073
910,1125
910,1129
910,1156
910,1168
910,1189
910,1190
910,1194
910,1199
910,1249
910,1269
910,1287
910,1290
910,1300
910,1308
910,1317
910,1334
910,1356
910,1363
910,1367
910,1382
910,1384
910,1414
910,1417
910,1421
910,1430
910,1434
910,1458
910,1507
910,1535
910,1540
910,1586
910,1643
910,1687
910,1710
910,1716
910,1750
910,1782
910,1813
910,1817
910,1847
910,1871
910,1918
910,1983
910,2014
910,2027
910,2033
910,2062
910,2075
910,2079
910,2085
910,2097
910,2141
910,2158
910,2233
910,2240
910,2256
910,2314
910,2334
910,2414
910,2429
910,2441
910,2456
910,2573
910,2617
910,2630
910,2635
910,2674
910,2707
910,2740
910,2761
910,2785
910,2793
910,2798
910,2844
910,2862
910,2866
910,2900
910,2919
910,2951
910,3001
910,3085
910,3110
910,3133
910,3147
910,3217
910,3248
910,3251
910,3260
910,3299
910,3399
910,3494
910,3501
910,3537
910,3570
910,3648
910,3678
910,3694
910,3702
910,3738
910,3769
910,3776
910,3795
910,3912
910,4037
910,4126
910,4230
910,4301
910,4304
910,4331
910,4364
910,4372
910,4374
910,4376
910,4423
910,4431
910,4460
910,4488
910,4565
910,4573
910,4577
910,4592
910,4606
910,4629
910,4630
910,4632
910,4645
910,4655
910,4659
910,4688
910,4698
910,4719
910,4753
910,4754
910,4762
910,4775
910,4776
910,4807
910,4840
910,4863
910,4865
910,4898
910,4925
910,4947
910,4955
910,4962
910,4987
910,4988
910,5029
910,5038
910,5043
910,5057
910,5069
910,5106
910,5124
910,5132
910,5183
910,5212
910,5220
910,5269
910,5284
910,5298
910,5328
910,5339
910,5345
910,5349
910,5352
910,5356
910,5372
910,5415
910,5463
910,5464
910,5479
910,5494
910,5536
910,5544
910,5562
910,5584
910,5593
910,5605
910,5633
910,5644
910,5689
910,5694
910,5702
910,5751
910,5766
910,5775
910,5801
910,5804
910,5810
910,5838
910,5841
910,5866
910,6100
910,6114
910,6127
910,6139
910,6144
910,6154
910,6220
910,6223
910,6224
910,6234
910,6237
911,6
911,17
911,21
911,30
911,33
911,35
911,56
911,72
911,75
911,88
911,118
911,129
911,153
911,158
911,185
911,196
911,203
911,230
911,252
911,279
911,286
911,300
911,324
911,376
911,420
911,426
911,440
911,445
911,464
911,478
911,489
911,520
911,681
911,801
911,820
911,835
911,910
911,972
911,1032
911,1108
911,1116
911,1158
911,1178
911,1187
911,1204
911,1274
911,1283
911,1319
911,1326
911,1345
911,1397
911,1422
911,1503
911,1606
911,1764
911,1850
911,1962
911,1990
911,2002
911,2019
911,2128
911,2161
911,2179
911,2282
911,2504
911,2555
911,2610
911,2612
911,2616
911,2659
911,2686
911,2690
911,2706
911,2714
911,2797
911,2800
911,2824
911,2930
911,3000
911,3072
911,3079
911,3103
911,3161
911,3362
911,3451
911,3493
911,3499
911,3574
911,3611
911,3633
911,3696
911,3704
911,3774
911,3785
911,3797
911,3931
911,3951
911,4048
911,4105
911,4124
911,4132
911,4155
911,4212
911,4226
911,4248
911,4311
911,4312
911,4313
911,4324
911,4340
911,4375
911,4380
911,4417
911,4421
911,4459
911,4538
911,4595
911,4615
911,4656
911,4689
911,4722
911,4765
911,4777
911,4819
911,4994
911,5062
911,5083
911,5125
911,5167
911,5185
911,5201
911,5225
911,5259
911,5366
911,5368
911,5407
911,5409
911,5418
911,5419
911,5431
911,5451
911,5468
911,5510
911,5522
911,5523
911,5552
911,5566
911,5570
911,5637
911,5647
911,5649
911,5671
911,5673
911,5692
911,5699
911,5712
911,5717
911,5724
911,5729
911,5738
911,5740
911,5750
911,5765
911,5768
911,5769
911,5777
911,5778
911,5791
911,5912
911,6033
911,6056
911,6085
911,6115
911,6143
911,6158
912,5
912,39
912,42
912,63
912,69
912,73
912,78
912,89
912,99
912,119
912,128
912,138
912,140
912,200
912,218
912,227
912,258
912,288
912,353
912,379
912,401
912,540
912,548
912,557
912,639
912,641
912,666
912,722
912,814
912,937
912,967
912,1173
912,1327
912,1431
912,1541
912,1678
912,1949
912,2131
912,2230
912,2405
912,2435
912,2804
912,2846
912,2852
912,3184
912,3309
912,3420
912,3589
912,3656
912,3687
912,3766
912,3819
912,3822
912,3932
912,3962
912,4035
912,4043
912,4104
912,4137
912,4138
912,4158
912,4210
912,4216
912,4222
912,4643
912,4649
912,4702
912,4836
912,4890
912,4904
912,4914
912,4972
912,5203
912,5287
912,5380
912,5383
912,5385
912,5390
912,5397
912,5399
912,5429
912,5441
912,5449
912,5455
912,5460
912,5491
912,5535
912,5550
912,5553
912,5559
912,5589
912,5614
912,5635
912,5664
912,5709
912,5710
912,5732
912,5773
912,5822
912,5871
912,5875
912,5945
912,5955
912,5963
912,5971
912,5987
912,6005
912,6068
912,6075
912,6080
912,6116
912,6117
912,6137
912,6145
912,6165
912,6168
912,6190
912,6233
912,6246
913,14
913,41
913,121
913,178
913,271
913,359
913,367
913,564
913,732
913,748
913,860
913,865
913,1066
913,1194
913,1417
913,1686
913,1753
913,2077
913,2217
913,2306
913,2510
913,2622
913,2634
913,3186
913,3219
913,3452
913,3775
913,3814
913,4239
913,4272
913,4566
913,4630
913,4664
913,4753
913,4869
913,5159
913,5196
913,5345
913,5420
913,5480
913,5506
913,5512
913,5519
913,5544
913,5555
913,5593
913,5650
913,5681
913,5685
913,5689
913,5695
913,5744
913,5751
913,5767
913,5782
913,6076
913,6081
913,6100
913,6106
913,6111
913,6216
913,6220
914,35
914,71
914,88
914,130
914,153
914,203
914,366
914,376
914,398
914,426
914,431
914,795
914,811
914,830
914,955
914,972
914,1116
914,1129
914,1187
914,1271
914,2064
914,2201
914,2368
914,2686
914,2895
914,3003
914,3020
914,3079
914,3395
914,3744
914,4129
914,4349
914,4364
914,4656
914,5228
914,5428
914,5494
914,5532
914,5575
914,5617
914,5699
914,6037
914,6060
914,6062
914,6102
914,6237
915,25
915,350
915,412
915,471
915,756
915,3694
915,4304
915,4865
915,5393
915,5589
915,5660
915,6109
915,6114
915,6117
915,6164
916,78
916,2077
916,5455
916,5620
917,89
917,90
917,6106
940,2835
940,3123
940,3322
940,3526
940,3579
940,3675
940,3688
940,3858
940,3861
940,3863
940,3869
940,3883
940,3939
940,3965
940,4007
940,4021
940,4023
940,4034
940,4042
940,4052
940,4058
940,4065
940,4072
940,4093
940,4096
940,4106
940,4107
940,4109
940,4117
940,4128
940,4139
940,4164
940,4167
940,4175
940,4177
940,4181
940,4182
940,4200
940,4201
940,4204
940,4209
940,4213
940,4217
940,4220
940,4224
940,4229
940,4231
940,4233
940,4234
940,4235
940,4238
940,4244
940,4245
940,4326
940,4522
940,4641
940,4666
940,4710
940,4746
940,4810
940,4844
940,5051
940,5215
940,5223
940,5230
940,5250
940,5251
940,5253
940,5313
940,5327
940,6210
940,6213
940,6215
940,6222
940,6225
940,6226
940,6231
940,6235
940,6240
940,6252
940,6253
940,6257
940,6258
940,6263
940,6264
940,6267
940,6268
940,6271
940,6273
940,6274
940,6275
941,48
941,54
941,65
941,109
941,111
941,169
941,184
941,222
941,261
941,312
941,317
941,319
941,328
941,338
941,382
941,414
941,415
941,442
941,452
941,453
941,506
941,522
941,561
941,567
941,591
941,622
941,625
941,656
941,664
941,697
941,716
941,725
941,757
941,765
941,781
941,791
941,842
941,851
941,905
941,942
941,981
941,1024
941,1070
941,1085
941,1165
941,1205
941,1213
941,1256
941,1318
941,1352
941,1449
941,1496
941,1532
941,1569
941,1617
941,1628
941,1690
941,1726
941,1818
941,1865
941,1894
941,1913
941,2006
941,2053
941,2067
941,2071
941,2115
941,2121
941,2162
941,2222
941,2245
941,2251
941,2286
941,2330
941,2386
941,2547
941,2805
941,2836
941,2859
941,2860
941,2864
941,2992
941,3045
941,3066
941,3422
941,3810
941,4169
941,4189
941,4247
941,4265
941,4280
941,4306
941,4309
941,4315
941,4363
941,4377
941,4511
941,4518
941,4550
941,4579
941,4611
941,4665
941,4744
941,4843
941,4852
941,4853
941,4920
941,4921
941,4959
941,5034
941,5082
941,5165
941,5203
941,5282
941,5294
941,6256
942,3
942,4
942,6
942,7
942,24
942,29
942,59
942,63
942,87
942,115
942,118
942,155
942,161
942,172
942,218
942,251
942,281
942,310
942,366
942,381
942,403
942,406
942,460
942,477
942,486
942,560
942,563
942,572
942,586
942,629
942,632
942,644
942,665
942,704
942,788
942,808
942,817
942,830
942,852
942,858
942,894
942,917
942,972
942,994
942,1004
942,1015
942,1335
942,1358
942,1369
942,1395
942,1397
942,1446
942,1454
942,1491
942,1518
942,1522
942,1567
942,1589
942,1618
942,1664
942,1670
942,1677
942,1680
942,1713
942,1721
942,1725
942,1793
942,1812
942,1822
942,1875
942,1885
942,1926
942,1932
942,1946
942,1953
942,1974
942,1979
942,1980
942,1994
942,1997
942,2021
942,2025
942,2040
942,2049
942,2072
942,2094
942,2116
942,2167
942,2200
942,2235
942,2238
942,2262
942,2276
942,2281
942,2307
942,2311
942,2335
942,2339
942,2347
942,2354
942,2367
942,2371
942,2379
942,2401
942,2421
942,2448
942,2466
942,2552
942,2562
942,2564
942,2566
942,2572
942,2578
942,2607
942,2637
942,2665
942,2711
942,2736
942,2870
942,2893
942,2903
942,2925
942,2957
942,3003
942,3052
942,3121
942,3152
942,3172
942,3174
942,3194
942,3221
942,3255
942,3262
942,3271
942,3273
942,3291
942,3297
942,3315
942,3328
942,3342
942,3354
942,3387
942,3412
942,3576
942,3623
942,3630
942,3641
942,3803
942,3814
942,3833
942,3887
942,3895
942,3898
942,3979
942,4022
942,4337
942,4364
942,4382
942,4389
942,4392
942,4407
942,4408
942,4466
942,4510
942,4523
942,4572
942,4586
942,4589
942,4596
942,4625
942,4631
942,4654
942,4767
942,4801
942,4815
942,4854
942,4876
942,4877
942,4943
942,4944
942,4964
942,5059
942,5100
942,5136
942,5139
942,5158
942,5159
942,5204
942,5205
942,5206
942,5213
942,5260
942,5290
942,5293
942,5346
942,5352
942,5358
942,5373
942,5395
942,5423
942,5463
942,5464
942,5487
942,5493
942,5505
942,5537
942,5570
942,5584
942,5647
942,5689
942,5729
942,5770
942,5775
942,6075
942,6103
942,6122
942,6137
942,6211
942,6219
943,33
943,39
943,58
943,67
943,84
943,89
943,90
943,97
943,101
943,103
943,136
943,146
943,147
943,156
943,158
943,167
943,185
943,186
943,196
943,197
943,203
943,236
943,252
943,330
943,351
943,357
943,362
943,376
943,392
943,423
943,424
943,433
943,434
943,435
943,459
943,470
943,488
943,491
943,509
943,549
943,582
943,585
943,592
943,599
943,608
943,610
943,699
943,731
943,751
943,770
943,820
943,835
943,923
943,927
943,946
943,966
943,1012
943,1033
943,1050
943,1058
943,1076
943,1090
943,1108
943,1127
943,1142
943,1160
943,1175
943,1207
943,1244
943,1251
943,1274
943,1281
943,1300
943,1323
943,1327
943,1444
943,1472
943,1541
943,1543
943,1551
943,1573
943,1597
943,1606
943,1616
943,1685
943,1692
943,1698
943,1699
943,1720
943,1769
943,1783
943,1785
943,1788
943,1791
943,1851
943,1861
943,1866
943,1867
943,1869
943,1887
943,1891
943,1893
943,1895
943,1921
943,1969
943,1975
943,1985
943,1993
943,2016
943,2023
943,2036
943,2041
943,2054
943,2170
943,2173
943,2186
943,2187
943,2193
943,2213
943,2261
943,2269
943,2283
943,2324
943,2331
943,2336
943,2338
943,2390
943,2408
943,2460
943,2488
943,2494
943,2503
943,2521
943,2526
943,2536
943,2537
943,2582
943,2587
943,2599
943,2619
943,2660
943,2671
943,2706
943,2753
943,2765
943,2823
943,2826
943,2837
943,2884
943,2907
943,2919
943,2936
943,2963
943,2982
943,2991
943,2999
943,3012
943,3031
943,3094
943,3103
943,3134
943,3140
943,3187
943,3225
943,3242
943,3252
943,3272
943,3274
943,3317
943,3350
943,3414
943,3472
943,3501
943,3561
943,3562
943,3621
943,3627
943,3628
943,3636
943,3658
943,3760
943,3798
943,3826
943,3982
943,4099
943,4144
943,4230
943,4339
943,4347
943,4381
943,4409
943,4417
943,4429
943,4443
943,4454
943,4467
943,4538
943,4559
943,4564
943,4608
943,4617
943,4643
943,4655
943,4696
943,4712
943,4714
943,4720
943,4726
943,4781
943,4838
943,4846
943,4851
943,4873
943,4892
943,4916
943,4923
943,4926
943,4939
943,4960
943,4976
943,4977
943,4994
943,5020
943,5038
943,5047
943,5055
943,5058
943,5063
943,5083
943,5088
943,5105
943,5122
943,5123
943,5171
943,5229
943,5276
943,5344
943,5361
943,5371
943,5380
943,5385
943,5387
943,5411
943,5415
943,5420
943,5429
943,5432
943,5455
943,5466
943,5482
943,5499
943,5514
943,5519
943,5535
943,5536
943,5550
943,5604
943,5614
943,5632
943,5774
943,5955
943,6070
943,6080
943,6081
943,6106
943,6112
943,6145
943,6209
943,6237
943,6266
944,5
944,26
944,43
944,53
944,73
944,78
944,79
944,94
944,102
944,107
944,108
944,109
944,119
944,132
944,138
944,148
944,162
944,163
944,165
944,170
944,175
944,187
944,190
944,199
944,205
944,235
944,260
944,271
944,307
944,331
944,347
944,355
944,377
944,383
944,391
944,409
944,419
944,422
944,428
944,455
944,468
944,490
944,501
944,511
944,517
944,539
944,606
944,666
944,667
944,673
944,680
944,686
944,703
944,707
944,722
944,758
944,759
944,768
944,793
944,795
944,799
944,811
944,823
944,868
944,890
944,906
944,932
944,949
944,988
944,996
944,1001
944,1014
944,1029
944,1053
944,1065
944,1083
944,1105
944,1112
944,1144
944,1156
944,1185
944,1189
944,1190
944,1196
944,1197
944,1204
944,1219
944,1231
944,1238
944,1247
944,1266
944,1273
944,1276
944,1341
944,1376
944,1384
944,1434
944,1458
944,1470
944,1473
944,1498
944,1506
944,1507
944,1535
944,1539
944,1540
944,1561
944,1570
944,1610
944,1620
944,1643
944,1674
944,1682
944,1687
944,1693
944,1714
944,1715
944,1731
944,1749
944,1757
944,1760
944,1782
944,1794
944,1830
944,1836
944,1848
944,1870
944,1900
944,1906
944,1918
944,1927
944,1928
944,1955
944,2008
944,2014
944,2027
944,2029
944,2085
944,2097
944,2105
944,2114
944,2119
944,2125
944,2137
944,2148
944,2153
944,2171
944,2179
944,2185
944,2203
944,2218
944,2230
944,2248
944,2258
944,2272
944,2285
944,2290
944,2297
944,2322
944,2325
944,2341
944,2404
944,2414
944,2427
944,2440
944,2456
944,2489
944,2495
944,2510
944,2512
944,2533
944,2544
944,2553
944,2555
944,2573
944,2603
944,2622
944,2642
944,2654
944,2682
944,2727
944,2773
944,2778
944,2793
944,2797
944,2852
944,2866
944,2869
944,2906
944,2920
944,2922
944,2937
944,2938
944,2947
944,2960
944,2965
944,3015
944,3023
944,3091
944,3118
944,3130
944,3163
944,3230
944,3249
944,3278
944,3293
944,3307
944,3357
944,3406
944,3420
944,3517
944,3544
944,3565
944,3596
944,3634
944,3649
944,3664
944,3678
944,3687
944,3696
944,3699
944,3702
944,3731
944,3771
944,3788
944,3792
944,3801
944,3850
944,3880
944,3897
944,3932
944,3940
944,3962
944,4013
944,4035
944,4215
944,4222
944,4228
944,4261
944,4267
944,4286
944,4288
944,4317
944,4329
944,4333
944,4334
944,4336
944,4341
944,4359
944,4372
944,4374
944,4376
944,4404
944,4406
944,4415
944,4431
944,4433
944,4450
944,4509
944,4512
944,4548
944,4569
944,4576
944,4592
944,4609
944,4616
944,4630
944,4645
944,4664
944,4675
944,4683
944,4692
944,4698
944,4700
944,4703
944,4704
944,4711
944,4762
944,4769
944,4775
944,4787
944,4796
944,4805
944,4819
944,4831
944,4833
944,4836
944,4858
944,4859
944,4898
944,4906
944,4919
944,4925
944,4965
944,4992
944,4995
944,5052
944,5061
944,5086
944,5092
944,5111
944,5130
944,5174
944,5185
944,5186
944,5259
944,5345
944,5403
944,5409
944,5428
944,5449
944,5503
944,5545
944,5566
944,5587
944,5596
944,5608
944,5710
944,5791
944,6116
944,6220
944,6224
944,6234
945,10
945,21
945,24
945,29
945,30
945,36
945,41
945,50
945,56
945,59
945,63
945,66
945,68
945,71
945,88
945,99
945,100
945,118
945,126
945,128
945,139
945,140
945,153
945,207
945,219
945,246
945,265
945,277
945,280
945,297
945,300
945,326
945,334
945,349
945,352
945,353
945,359
945,366
945,367
945,368
945,390
945,398
945,420
945,426
945,431
945,464
945,475
945,485
945,493
945,496
945,528
945,557
945,566
945,575
945,580
945,663
945,681
945,689
945,690
945,730
945,743
945,745
945,748
945,753
945,760
945,761
945,763
945,801
945,814
945,850
945,860
945,865
945,870
945,934
945,937
945,948
945,967
945,976
945,1003
945,1027
945,1047
945,1052
945,1054
945,1055
945,1073
945,1078
945,1125
945,1129
945,1158
945,1166
945,1168
945,1169
945,1173
945,1194
945,1199
945,1245
945,1249
945,1271
945,1287
945,1290
945,1298
945,1308
945,1317
945,1326
945,1334
945,1345
945,1352
945,1356
945,1363
945,1367
945,1397
945,1414
945,1417
945,1430
945,1431
945,1445
945,1466
945,1481
945,1504
945,1586
945,1596
945,1679
945,1686
945,1707
945,1710
945,1750
945,1787
945,1789
945,1803
945,1837
945,1847
945,1871
945,1939
945,1949
945,1983
945,2002
945,2033
945,2062
945,2075
945,2122
945,2128
945,2131
945,2158
945,2161
945,2164
945,2220
945,2233
945,2256
945,2312
945,2314
945,2334
945,2368
945,2429
945,2441
945,2538
945,2630
945,2635
945,2674
945,2690
945,2740
945,2761
945,2764
945,2785
945,2798
945,2800
945,2804
945,2844
945,2846
945,2862
945,2878
945,2897
945,2945
945,2951
945,2961
945,3001
945,3020
945,3079
945,3106
945,3110
945,3133
945,3147
945,3184
945,3217
945,3244
945,3248
945,3251
945,3260
945,3299
945,3309
945,3399
945,3409
945,3417
945,3494
945,3499
945,3531
945,3537
945,3555
945,3570
945,3611
945,3631
945,3648
945,3694
945,3738
945,3769
945,3774
945,3776
945,3785
945,3795
945,3819
945,3912
945,3923
945,4037
945,4050
945,4112
945,4126
945,4246
945,4247
945,4248
945,4301
945,4304
945,4312
945,4318
945,4327
945,4331
945,4364
945,4375
945,4380
945,4391
945,4423
945,4445
945,4472
945,4486
945,4488
945,4506
945,4532
945,4573
945,4577
945,4598
945,4606
945,4632
945,4649
945,4659
945,4680
945,4688
945,4689
945,4702
945,4707
945,4753
945,4754
945,4765
945,4776
945,4790
945,4806
945,4807
945,4840
945,4863
945,4865
945,4947
945,4955
945,4962
945,4988
945,5029
945,5033
945,5057
945,5069
945,5080
945,5106
945,5124
945,5125
945,5128
945,5132
945,5140
945,5156
945,5159
945,5163
945,5180
945,5183
945,5196
945,5212
945,5217
945,5220
945,5269
945,5277
945,5284
945,5287
945,5298
945,5339
945,5349
945,5352
945,5366
945,5397
945,5463
945,5464
945,5465
945,5470
945,5494
945,5501
945,5507
945,5537
945,5544
945,5553
945,5561
945,5584
945,5644
945,5671
945,5689
945,5692
945,5702
945,5738
945,5770
945,5775
945,5804
945,5824
945,5838
945,5841
945,5912
945,6001
945,6014
945,6076
945,6100
945,6113
945,6121
945,6127
945,6137
945,6164
945,6211
945,6216
945,6218
946,6
946,9
946,16
946,17
946,25
946,33
946,42
946,49
946,72
946,75
946,89
946,90
946,129
946,158
946,196
946,203
946,216
946,230
946,252
946,285
946,286
946,289
946,362
946,372
946,376
946,396
946,401
946,412
946,430
946,437
946,471
946,478
946,479
946,488
946,489
946,491
946,515
946,520
946,548
946,582
946,585
946,599
946,674
946,700
946,701
946,724
946,732
946,756
946,772
946,829
946,832
946,835
946,858
946,895
946,910
946,944
946,960
946,972
946,995
946,1013
946,1026
946,1032
946,1040
946,1045
946,1074
946,1096
946,1101
946,1108
946,1116
946,1133
946,1161
946,1178
946,1187
946,1192
946,1260
946,1263
946,1283
946,1300
946,1319
946,1396
946,1412
946,1422
946,1676
946,1748
946,1774
946,1817
946,1850
946,1857
946,1932
946,1960
946,1990
946,2064
946,2079
946,2141
946,2217
946,2282
946,2405
946,2428
946,2449
946,2504
946,2535
946,2616
946,2617
946,2643
946,2659
946,2686
946,2706
946,2714
946,2766
946,2824
946,2919
946,2930
946,3072
946,3112
946,3161
946,3362
946,3439
946,3451
946,3493
946,3501
946,3562
946,3574
946,3656
946,3674
946,3685
946,3704
946,3744
946,3797
946,3824
946,3931
946,4048
946,4105
946,4124
946,4132
946,4137
946,4155
946,4158
946,4210
946,4226
946,4239
946,4251
946,4275
946,4311
946,4313
946,4324
946,4401
946,4421
946,4459
946,4460
946,4490
946,4527
946,4565
946,4595
946,4615
946,4624
946,4628
946,4656
946,4676
946,4742
946,4748
946,4820
946,4877
946,4914
946,4994
946,5095
946,5104
946,5167
946,5201
946,5203
946,5225
946,5238
946,5322
946,5330
946,5361
946,5368
946,5400
946,5418
946,5419
946,5422
946,5431
946,5460
946,5479
946,5482
946,5506
946,5510
946,5520
946,5522
946,5523
946,5526
946,5535
946,5552
946,5559
946,5570
946,5575
946,5616
946,5635
946,5649
946,5650
946,5664
946,5670
946,5673
946,5681
946,5685
946,5691
946,5695
946,5699
946,5703
946,5709
946,5712
946,5717
946,5724
946,5732
946,5740
946,5750
946,5765
946,5768
946,5769
946,5782
946,5803
946,5851
946,5867
946,5890
946,5981
946,6080
946,6082
946,6085
946,6111
946,6114
946,6130
946,6143
946,6154
946,6158
946,6165
946,6207
946,6209
946,6219
946,6223
947,39
947,46
947,67
947,69
947,73
947,78
947,108
947,109
947,138
947,162
947,190
947,200
947,205
947,258
947,279
947,288
947,355
947,379
947,440
947,445
947,468
947,597
947,639
947,641
947,680
947,699
947,768
947,782
947,795
947,799
947,810
947,811
947,926
947,955
947,962
947,1053
947,1065
947,1141
947,1150
947,1190
947,1204
947,1274
947,1327
947,1358
947,1402
947,1471
947,1606
947,1652
947,1743
947,1870
947,1893
947,1962
947,2019
947,2355
947,2529
947,2793
947,2900
947,2994
947,3373
947,3566
947,3633
947,3714
947,3761
947,3812
947,3822
947,3890
947,3893
947,3932
947,3962
947,4035
947,4043
947,4104
947,4130
947,4138
947,4170
947,4190
947,4207
947,4230
947,4271
947,4289
947,4417
947,4493
947,4501
947,4538
947,4629
947,4643
947,4664
947,4696
947,4769
947,4777
947,4781
947,4866
947,4890
947,4904
947,4906
947,4972
947,5082
947,5289
947,5383
947,5386
947,5390
947,5420
947,5423
947,5429
947,5433
947,5441
947,5455
947,5480
947,5512
947,5550
947,5566
947,5572
947,5585
947,5614
947,5633
947,5637
947,5710
947,5744
947,5751
947,5767
947,5806
947,5822
947,5871
947,5875
947,5894
947,5945
947,5955
947,5963
947,5971
947,5987
947,6005
947,6060
947,6067
947,6070
947,6106
947,6116
947,6132
947,6145
947,6150
947,6188
947,6190
947,6220
947,6246
948,5
948,24
948,29
948,43
948,66
948,88
948,94
948,126
948,128
948,140
948,165
948,232
948,277
948,302
948,331
948,344
948,366
948,367
948,398
948,409
948,431
948,464
948,543
948,557
948,564
948,571
948,666
948,722
948,814
948,934
948,941
948,967
948,1018
948,1066
948,1129
948,1156
948,1229
948,1271
948,1326
948,1334
948,1347
948,1418
948,1671
948,1792
948,1794
948,1824
948,1833
948,2179
948,2305
948,2306
948,2515
948,2555
948,2634
948,2938
948,3020
948,3219
948,3438
948,3452
948,3589
948,3600
948,3775
948,3905
948,4216
948,4272
948,4294
948,4340
948,4349
948,4364
948,4475
948,4486
948,4510
948,4702
948,4754
948,4808
948,4819
948,4865
948,4869
948,4919
948,4947
948,4988
948,5217
948,5352
948,5385
948,5393
948,5463
948,5464
948,5500
948,5590
948,5593
948,5647
948,5672
948,5689
948,5692
948,5702
948,5735
948,5770
948,5775
948,5791
948,5841
948,6025
948,6151
949,25
949,35
949,53
949,121
949,129
949,153
949,187
949,196
949,203
949,230
949,300
949,349
949,350
949,352
949,412
949,417
949,471
949,485
949,520
949,540
949,548
949,582
949,700
949,707
949,724
949,756
949,800
949,830
949,865
949,883
949,925
949,937
949,1073
949,1078
949,1116
949,1169
949,1187
949,1245
949,1431
949,1566
949,1589
949,1596
949,1670
949,1753
949,1888
949,1955
949,1997
949,2029
949,2051
949,2424
949,2643
949,2686
949,2706
949,2915
949,2919
949,3079
949,3186
949,3395
949,3409
949,3814
949,3940
949,4105
949,4118
949,4124
949,4132
949,4137
949,4155
949,4158
949,4210
949,4251
949,4275
949,4343
949,4439
949,4491
949,4656
949,4731
949,4806
949,5127
949,5197
949,5366
949,5409
949,5418
949,5419
949,5492
949,5522
949,5523
949,5559
949,5635
949,5649
949,5651
949,5664
949,5670
949,5673
949,5699
949,5709
949,5712
949,5717
949,5724
949,5732
949,5740
949,5750
949,5754
949,5765
949,5768
949,6056
949,6072
949,6076
949,6085
949,6100
949,6127
949,6143
949,6165
950,14
950,36
950,78
950,89
950,90
950,108
950,195
950,200
950,236
950,252
950,315
950,324
950,364
950,372
950,392
950,478
950,610
950,639
950,690
950,699
950,783
950,799
950,910
950,951
950,972
950,991
950,1013
950,1076
950,1158
950,1194
950,1317
950,1445
950,1540
950,1716
950,1803
950,1900
950,2019
950,2027
950,2044
950,2077
950,2233
950,2282
950,2405
950,2441
950,2573
950,3260
950,3744
950,3962
950,4035
950,4043
950,4104
950,4138
950,4230
950,4460
950,4595
950,4624
950,4753
950,4859
950,4873
950,4877
950,5095
950,5109
950,5383
950,5390
950,5399
950,5441
950,5460
950,5479
950,5512
950,5532
950,5541
950,5544
950,5572
950,5584
950,5585
950,5589
950,5644
950,5731
950,5806
950,5822
950,5849
950,5871
950,5875
950,5945
950,5963
950,5971
950,5987
950,6005
950,6037
950,6117
950,6190
950,6237
950,6246
950,6248
951,43
951,138
951,258
951,260
951,288
951,357
951,383
951,641
951,795
951,823
951,916
951,1208
951,1287
951,1290
951,1397
951,1535
951,1586
951,1777
951,1870
951,2201
951,2306
951,2707
951,2793
951,3001
951,3003
951,3399
951,3452
951,3589
951,3775
951,3795
951,3932
951,4207
951,4331
951,4702
951,4840
951,4869
951,4955
951,5110
951,5183
951,5269
951,5339
951,5420
951,5429
951,5455
951,5480
951,5491
951,5494
951,5503
951,5519
951,5535
951,5710
951,5744
951,5751
951,5767
951,6080
951,6106
951,6109
951,6116
951,6220
952,35
952,50
952,121
952,203
952,230
952,460
952,564
952,572
952,683
952,753
952,801
952,830
952,890
952,965
952,1001
952,1047
952,1052
952,1066
952,1161
952,1176
952,1199
952,1326
952,1356
952,1384
952,1753
952,2427
952,2555
952,3020
952,3395
952,3409
952,3694
952,3912
952,4037
952,4304
952,4349
952,4592
952,4806
952,5156
952,5175
952,5232
952,5284
952,5356
952,5894
952,6114
952,6216
953,24
953,29
953,89
953,90
953,126
953,129
953,300
953,355
953,391
953,485
953,1073
953,1210
953,1421
953,1455
953,1612
953,2368
953,3219
953,3744
953,4048
953,4212
953,4313
953,4460
953,4629
953,4656
953,4865
953,5388
953,5407
953,5449
953,5729
954,17
954,25
954,69
954,72
954,88
954,196
954,200
954,286
954,315
954,322
954,350
954,364
954,412
954,471
954,639
954,934
954,1262
954,1345
954,1794
954,2128
954,2740
954,3186
954,3501
954,3562
954,3589
954,4364
954,4962
954,5069
954,5225
954,5479
954,5552
954,5628
954,5660
954,5702
954,5738
954,5769
954,5912
954,6033
954,6050
954,6154
954,6158
954,6234
955,14
955,36
955,75
955,78
955,108
955,121
955,138
955,140
955,153
955,203
955,230
955,239
955,340
955,349
955,352
955,367
955,401
955,410
955,430
955,439
955,478
955,548
955,700
955,752
955,768
955,800
955,1003
955,1078
955,1204
955,1274
955,1415
955,1492
955,1596
955,1753
955,1774
955,1800
955,2306
955,2616
955,3452
955,3775
955,4278
955,4297
955,4538
955,4731
955,4754
955,4819
955,4869
955,5403
955,5566
955,5570
955,5637
955,5671
955,5684
955,5791
955,6148
955,6219
956,16
956,35
956,89
956,258
956,288
956,302
956,372
956,376
956,389
956,431
956,458
956,460
956,562
956,564
956,641
956,683
956,814
956,830
956,926
956,937
956,944
956,967
956,991
956,1013
956,1029
956,1101
956,1210
956,1229
956,1317
956,2405
956,2543
956,2946
956,3395
956,3744
956,4251
956,4624
956,4656
956,4741
956,4890
956,4988
956,5093
956,5232
957,189
957,571
957,663
957,676
957,748
957,1066
957,1273
957,1402
957,1480
958,108
958,139
958,391
958,483
958,1436
959,4493
975,2835
975,3123
975,3322
975,3526
975,3579
975,3675
975,3688
975,3861
975,3863
975,3869
975,3939
975,3965
975,4007
975,4021
975,4034
975,4042
975,4058
975,4065
975,4072
975,4093
975,4096
975,4106
975,4107
975,4109
975,4117
975,4128
975,4139
975,4164
975,4167
975,4175
975,4177
975,4181
975,4182
975,4200
975,4201
975,4204
975,4209
975,4213
975,4217
975,4220
975,4224
975,4229
975,4231
975,4233
975,4234
975,4235
975,4238
975,4244
975,4245
975,4326
975,4522
975,4641
975,4710
975,4746
975,4810
975,4843
975,4844
975,5051
975,5215
975,5223
975,5230
975,5250
975,5251
975,5253
975,5327
975,6210
975,6213
975,6215
975,6222
975,6225
975,6226
975,6231
975,6235
975,6240
975,6252
975,6253
975,6256
975,6257
975,6258
975,6263
975,6264
975,6267
975,6268
975,6271
975,6273
975,6274
975,6275
976,54
976,65
976,109
976,111
976,169
976,184
976,222
976,261
976,312
976,317
976,319
976,338
976,382
976,403
976,415
976,442
976,452
976,453
976,506
976,522
976,561
976,567
976,591
976,622
976,656
976,664
976,716
976,725
976,757
976,765
976,781
976,791
976,842
976,851
976,905
976,942
976,981
976,1024
976,1070
976,1165
976,1205
976,1213
976,1256
976,1318
976,1449
976,1496
976,1532
976,1617
976,1628
976,1690
976,1726
976,1818
976,1865
976,1894
976,2006
976,2053
976,2067
976,2071
976,2121
976,2162
976,2222
976,2251
976,2286
976,2330
976,2386
976,2547
976,2805
976,2836
976,2859
976,2860
976,2864
976,2901
976,2992
976,3045
976,3066
976,3422
976,3810
976,3858
976,3883
976,4023
976,4052
976,4169
976,4189
976,4247
976,4265
976,4280
976,4306
976,4309
976,4315
976,4363
976,4377
976,4511
976,4549
976,4550
976,4579
976,4665
976,4666
976,4744
976,4852
976,4853
976,4920
976,4921
976,4959
976,5082
976,5165
976,5203
976,5282
976,5290
976,5294
976,5313
977,3
977,4
977,7
977,24
977,29
977,87
977,115
977,155
977,172
977,218
977,251
977,281
977,366
977,406
977,460
977,477
977,486
977,560
977,563
977,572
977,586
977,625
977,629
977,632
977,644
977,665
977,704
977,731
977,788
977,817
977,830
977,852
977,858
977,894
977,917
977,972
977,994
977,1004
977,1015
977,1335
977,1369
977,1388
977,1395
977,1397
977,1454
977,1518
977,1522
977,1567
977,1589
977,1618
977,1664
977,1670
977,1677
977,1713
977,1721
977,1725
977,1812
977,1822
977,1875
977,1885
977,1913
977,1926
977,1932
977,1946
977,1979
977,1980
977,1997
977,2021
977,2025
977,2040
977,2049
977,2072
977,2094
977,2167
977,2200
977,2238
977,2245
977,2262
977,2276
977,2281
977,2307
977,2311
977,2339
977,2371
977,2401
977,2421
977,2448
977,2466
977,2562
977,2566
977,2572
977,2607
977,2637
977,2665
977,2688
977,2691
977,2711
977,2903
977,2925
977,2957
977,3052
977,3121
977,3152
977,3194
977,3221
977,3255
977,3271
977,3273
977,3297
977,3315
977,3328
977,3354
977,3495
977,3576
977,3623
977,3630
977,3641
977,3814
977,3833
977,3887
977,3895
977,3898
977,3979
977,4022
977,4337
977,4364
977,4382
977,4389
977,4392
977,4398
977,4407
977,4408
977,4466
977,4510
977,4518
977,4523
977,4572
977,4586
977,4589
977,4596
977,4631
977,4654
977,4767
977,4801
977,4815
977,4854
977,4877
977,4944
977,4964
977,5059
977,5136
977,5139
977,5158
977,5159
977,5204
977,5205
977,5206
977,5213
977,5293
977,5346
977,5352
977,5358
977,5395
977,5463
977,5464
977,5487
977,5505
977,5537
977,5584
977,5689
977,5729
977,5770
977,5775
977,6075
977,6103
977,6211
978,33
978,39
978,59
978,62
978,63
978,84
978,89
978,90
978,97
978,101
978,103
978,136
978,146
978,147
978,153
978,156
978,161
978,167
978,196
978,203
978,236
978,252
978,310
978,330
978,351
978,357
978,362
978,392
978,423
978,424
978,433
978,459
978,462
978,470
978,488
978,509
978,549
978,582
978,585
978,592
978,608
978,610
978,654
978,699
978,714
978,751
978,895
978,966
978,1033
978,1076
978,1090
978,1127
978,1142
978,1160
978,1281
978,1300
978,1323
978,1358
978,1444
978,1498
978,1541
978,1543
978,1551
978,1597
978,1606
978,1616
978,1685
978,1692
978,1698
978,1699
978,1720
978,1769
978,1781
978,1785
978,1791
978,1803
978,1851
978,1869
978,1887
978,1893
978,1895
978,1921
978,1969
978,1975
978,1985
978,1993
978,1994
978,2016
978,2023
978,2041
978,2054
978,2173
978,2193
978,2213
978,2261
978,2269
978,2271
978,2283
978,2324
978,2338
978,2390
978,2494
978,2503
978,2526
978,2599
978,2660
978,2753
978,2837
978,2884
978,2936
978,3031
978,3094
978,3317
978,3350
978,3498
978,3628
978,3798
978,3982
978,4144
978,4339
978,4409
978,4430
978,4443
978,4454
978,4467
978,4564
978,4617
978,4626
978,4643
978,4696
978,4712
978,4714
978,4720
978,4726
978,4838
978,4858
978,4873
978,4892
978,4916
978,4923
978,4926
978,4939
978,4943
978,4960
978,4976
978,4977
978,4992
978,5001
978,5047
978,5055
978,5057
978,5058
978,5063
978,5105
978,5260
978,5276
978,5344
978,5420
978,5428
978,5466
978,5499
978,5519
978,5536
978,6070
978,6081
978,6145
978,6173
978,6209
978,6237
979,6
979,26
979,36
979,43
979,73
979,78
979,94
979,107
979,109
979,132
979,138
979,148
979,170
979,186
979,187
979,256
979,271
979,307
979,331
979,334
979,376
979,377
979,383
979,391
979,419
979,422
979,428
979,434
979,490
979,501
979,521
979,539
979,666
979,673
979,680
979,686
979,722
979,759
979,793
979,799
979,811
979,813
979,823
979,868
979,890
979,906
979,923
979,932
979,963
979,996
979,1001
979,1027
979,1053
979,1099
979,1105
979,1112
979,1161
979,1166
979,1185
979,1196
979,1197
979,1207
979,1219
979,1238
979,1247
979,1266
979,1273
979,1276
979,1321
979,1341
979,1376
979,1472
979,1473
979,1506
979,1539
979,1540
979,1570
979,1573
979,1674
979,1682
979,1693
979,1714
979,1715
979,1731
979,1749
979,1757
979,1760
979,1783
979,1788
979,1830
979,1836
979,1837
979,1848
979,1861
979,1866
979,1867
979,1870
979,1900
979,1906
979,1927
979,1928
979,1955
979,2008
979,2029
979,2105
979,2119
979,2125
979,2148
979,2153
979,2171
979,2185
979,2186
979,2203
979,2209
979,2220
979,2258
979,2290
979,2297
979,2331
979,2404
979,2440
979,2510
979,2533
979,2537
979,2553
979,2603
979,2642
979,2654
979,2727
979,2750
979,2765
979,2773
979,2852
979,2869
979,2919
979,2947
979,2963
979,2965
979,3003
979,3091
979,3187
979,3230
979,3293
979,3420
979,3544
979,3664
979,3699
979,3702
979,3731
979,3771
979,3788
979,3792
979,3801
979,3850
979,3880
979,3911
979,3932
979,3940
979,3962
979,4035
979,4228
979,4230
979,4247
979,4261
979,4267
979,4286
979,4317
979,4329
979,4333
979,4336
979,4406
979,4433
979,4509
979,4548
979,4559
979,4576
979,4616
979,4645
979,4664
979,4683
979,4692
979,4700
979,4703
979,4704
979,4711
979,4760
979,4775
979,4786
979,4787
979,4805
979,4819
979,4833
979,4836
979,4904
979,4906
979,4919
979,4920
979,4959
979,4965
979,5052
979,5061
979,5086
979,5090
979,5111
979,5123
979,5174
979,5186
979,5197
979,5229
979,5330
979,5356
979,5368
979,5403
979,5503
979,5513
979,5587
979,5596
979,5608
979,5710
979,6116
980,10
980,21
980,24
980,29
980,53
980,56
980,58
980,68
980,100
980,108
980,126
980,139
980,140
980,175
980,205
980,207
980,218
980,235
980,265
980,277
980,297
980,347
980,352
980,355
980,366
980,381
980,390
980,475
980,485
980,496
980,580
980,690
980,730
980,743
980,748
980,768
980,860
980,865
980,885
980,960
980,976
980,988
980,1014
980,1029
980,1050
980,1054
980,1125
980,1129
980,1156
980,1168
980,1244
980,1274
980,1287
980,1290
980,1308
980,1317
980,1363
980,1383
980,1391
980,1417
980,1430
980,1458
980,1481
980,1535
980,1561
980,1586
980,1686
980,1813
980,1847
980,1871
980,2062
980,2075
980,2085
980,2097
980,2158
980,2179
980,2368
980,2429
980,2441
980,2573
980,2630
980,2674
980,2688
980,2740
980,2761
980,2793
980,2798
980,2844
980,2878
980,2897
980,2920
980,2961
980,3000
980,3001
980,3103
980,3110
980,3217
980,3248
980,3260
980,3399
980,3409
980,3501
980,3537
980,3562
980,3565
980,3694
980,3715
980,3776
980,3795
980,3817
980,3822
980,3912
980,4126
980,4226
980,4246
980,4304
980,4318
980,4331
980,4340
980,4372
980,4380
980,4417
980,4423
980,4431
980,4460
980,4538
980,4569
980,4573
980,4577
980,4592
980,4606
980,4629
980,4630
980,4655
980,4659
980,4680
980,4698
980,4762
980,4806
980,4807
980,4865
980,4877
980,4898
980,4925
980,4955
980,4962
980,4972
980,4988
980,4995
980,5039
980,5043
980,5069
980,5080
980,5106
980,5125
980,5132
980,5163
980,5185
980,5212
980,5220
980,5269
980,5287
980,5298
980,5339
980,5349
980,5352
980,5388
980,5407
980,5423
980,5429
980,5449
980,5455
980,5463
980,5464
980,5470
980,5494
980,5535
980,5537
980,5544
980,5550
980,5561
980,5584
980,5593
980,5614
980,5632
980,5644
980,5647
980,5689
980,5729
980,5770
980,5775
980,5778
980,5804
980,5824
980,5841
980,6080
980,6106
980,6113
980,6115
980,6121
980,6127
980,6137
980,6211
980,6220
981,7
981,17
981,25
981,30
981,33
981,39
981,41
981,50
981,63
981,71
981,88
981,90
981,99
981,129
981,153
981,165
981,196
981,203
981,219
981,230
981,252
981,254
981,279
981,280
981,286
981,300
981,349
981,409
981,412
981,420
981,426
981,445
981,464
981,471
981,478
981,489
981,511
981,515
981,517
981,573
981,585
981,597
981,654
981,674
981,705
981,713
981,724
981,732
981,753
981,801
981,829
981,1040
981,1047
981,1116
981,1133
981,1173
981,1178
981,1187
981,1204
981,1245
981,1263
981,1300
981,1319
981,1326
981,1345
981,1352
981,1422
981,1431
981,1507
981,1541
981,1546
981,1716
981,1720
981,1782
981,1794
981,1850
981,1949
981,1962
981,1990
981,2027
981,2079
981,2128
981,2131
981,2156
981,2233
981,2256
981,2435
981,2449
981,2479
981,2555
981,2610
981,2616
981,2617
981,2659
981,2686
981,2706
981,2785
981,2800
981,2804
981,2846
981,2866
981,2938
981,3079
981,3133
981,3147
981,3161
981,3184
981,3219
981,3299
981,3309
981,3362
981,3451
981,3696
981,3704
981,3744
981,3774
981,3785
981,3799
981,3931
981,4048
981,4102
981,4291
981,4311
981,4312
981,4313
981,4324
981,4364
981,4375
981,4376
981,4421
981,4595
981,4624
981,4632
981,4649
981,4656
981,4689
981,4742
981,4748
981,4753
981,4754
981,4947
981,4994
981,5005
981,5124
981,5167
981,5175
981,5196
981,5201
981,5225
981,5284
981,5325
981,5361
981,5366
981,5409
981,5431
981,5479
981,5480
981,5482
981,5501
981,5526
981,5545
981,5553
981,5566
981,5570
981,5604
981,5671
981,5685
981,5702
981,5738
981,5769
981,5791
981,5912
981,6056
981,6075
981,6111
981,6114
981,6145
981,6154
981,6158
981,6209
981,6218
981,6219
981,6234
982,9
982,35
982,36
982,42
982,66
982,69
982,73
982,78
982,89
982,109
982,128
982,138
982,200
982,216
982,258
982,271
982,285
982,288
982,331
982,334
982,353
982,367
982,379
982,401
982,430
982,548
982,549
982,557
982,565
982,571
982,599
982,638
982,639
982,641
982,680
982,722
982,795
982,811
982,814
982,820
982,933
982,937
982,955
982,963
982,967
982,1003
982,1032
982,1052
982,1073
982,1078
982,1158
982,1194
982,1271
982,1397
982,1401
982,1596
982,1606
982,1774
982,1817
982,1870
982,1893
982,2019
982,2164
982,2334
982,2405
982,2510
982,2544
982,2919
982,3186
982,3574
982,3633
982,3819
982,3824
982,3932
982,3962
982,4035
982,4105
982,4112
982,4118
982,4124
982,4132
982,4137
982,4155
982,4158
982,4210
982,4216
982,4230
982,4272
982,4341
982,4391
982,4401
982,4501
982,4643
982,4658
982,4664
982,4675
982,4760
982,4819
982,4890
982,4904
982,4920
982,5082
982,5092
982,5203
982,5280
982,5385
982,5386
982,5393
982,5397
982,5400
982,5418
982,5419
982,5420
982,5428
982,5433
982,5506
982,5519
982,5522
982,5523
982,5552
982,5559
982,5635
982,5637
982,5649
982,5651
982,5660
982,5664
982,5673
982,5681
982,5692
982,5695
982,5699
982,5709
982,5710
982,5712
982,5717
982,5724
982,5732
982,5740
982,5750
982,5765
982,5768
982,5773
982,5782
982,5890
982,5894
982,5942
982,5955
982,5981
982,6022
982,6060
982,6062
982,6081
982,6085
982,6116
982,6132
982,6143
982,6165
982,6181
982,6193
982,6223
982,6241
983,16
983,24
983,29
983,59
983,67
983,108
983,213
983,218
983,344
983,352
983,355
983,372
983,381
983,390
983,410
983,431
983,437
983,440
983,485
983,564
983,690
983,756
983,813
983,885
983,972
983,1013
983,1066
983,1101
983,1339
983,1627
983,2306
983,2758
983,2824
983,3003
983,3260
983,3452
983,3589
983,3685
983,3775
983,3905
983,3934
983,4043
983,4104
983,4138
983,4251
983,4301
983,4349
983,4460
983,4524
983,4629
983,4762
983,4777
983,4866
983,4869
983,4914
983,5159
983,5375
983,5383
983,5390
983,5413
983,5441
983,5460
983,5463
983,5464
983,5494
983,5512
983,5555
983,5572
983,5575
983,5585
983,5633
983,5650
983,5689
983,5775
983,5806
983,5822
983,5871
983,5875
983,5945
983,5963
983,5971
983,5987
983,6005
983,6082
983,6100
983,6164
983,6190
983,6246
984,100
984,196
984,230
984,254
984,681
984,705
984,830
984,926
984,1383
984,1402
984,1753
984,1794
984,1888
984,1962
984,2706
984,3743
984,4439
984,4994
984,5380
984,5493
984,5535
984,5620
984,5744
984,5751
984,5767
984,6076
984,6080
985,7
985,78
985,88
985,126
985,203
985,367
985,475
985,483
985,548
985,565
985,722
985,810
985,814
985,951
985,967
985,995
985,1078
985,1245
985,1596
985,2179
985,2919
985,3744
985,4272
985,4278
985,4289
985,4297
985,4656
985,4754
985,4819
985,4865
985,4979
985,5092
985,5093
985,5234
985,5366
985,5409
985,5431
985,5479
985,5617
985,6148
986,25
986,94
986,108
986,213
986,300
986,350
986,352
986,372
986,412
986,431
986,437
986,471
986,571
986,937
986,944
986,1013
986,1540
986,1792
986,2405
986,2740
986,4251
986,4294
986,4538
986,4624
986,4741
986,6248
987,140
987,189
987,458
987,676
987,926
987,4712
1010,2835
1010,3123
1010,3322
1010,3526
1010,3579
1010,3675
1010,3688
1010,3858
1010,3861
1010,3863
1010,3869
1010,3883
1010,3939
1010,3965
1010,4007
1010,4021
1010,4023
1010,4034
1010,4042
1010,4052
1010,4058
1010,4065
1010,4072
1010,4093
1010,4096
1010,4106
1010,4107
1010,4109
1010,4117
1010,4128
1010,4139
1010,4164
1010,4167
1010,4175
1010,4177
1010,4181
1010,4182
1010,4200
1010,4201
1010,4204
1010,4209
1010,4213
1010,4217
1010,4220
1010,4224
1010,4229
1010,4231
1010,4233
1010,4234
1010,4235
1010,4238
1010,4244
1010,4245
1010,4326
1010,4522
1010,4641
1010,4666
1010,4710
1010,4746
1010,4810
1010,4844
1010,5051
1010,5215
1010,5223
1010,5230
1010,5250
1010,5251
1010,5253
1010,5313
1010,5327
1010,6210
1010,6213
1010,6215
1010,6222
1010,6225
1010,6226
1010,6231
1010,6235
1010,6240
1010,6252
1010,6253
1010,6257
1010,6258
1010,6263
1010,6264
1010,6267
1010,6268
1010,6271
1010,6273
1010,6274
1010,6275
1011,54
1011,65
1011,109
1011,111
1011,117
1011,169
1011,184
1011,222
1011,261
1011,312
1011,317
1011,319
1011,338
1011,382
1011,403
1011,415
1011,442
1011,452
1011,453
1011,506
1011,522
1011,561
1011,567
1011,591
1011,622
1011,625
1011,656
1011,664
1011,697
1011,716
1011,725
1011,757
1011,765
1011,781
1011,791
1011,842
1011,851
1011,905
1011,942
1011,981
1011,1024
1011,1070
1011,1085
1011,1165
1011,1205
1011,1213
1011,1256
1011,1318
1011,1446
1011,1449
1011,1496
1011,1532
1011,1569
1011,1617
1011,1628
1011,1690
1011,1725
1011,1726
1011,1818
1011,1865
1011,1894
1011,1913
1011,2006
1011,2053
1011,2067
1011,2071
1011,2115
1011,2121
1011,2162
1011,2222
1011,2245
1011,2251
1011,2286
1011,2330
1011,2386
1011,2547
1011,2805
1011,2836
1011,2859
1011,2860
1011,2864
1011,2901
1011,2992
1011,3045
1011,3066
1011,3422
1011,3810
1011,4169
1011,4189
1011,4247
1011,4265
1011,4280
1011,4306
1011,4309
1011,4315
1011,4363
1011,4377
1011,4511
1011,4518
1011,4550
1011,4579
1011,4611
1011,4665
1011,4744
1011,4843
1011,4852
1011,4853
1011,4920
1011,4921
1011,4959
1011,5034
1011,5082
1011,5165
1011,5203
1011,5282
1011,5294
1011,6256
1012,3
1012,4
1012,7
1012,29
1012,48
1012,59
1012,77
1012,87
1012,115
1012,155
1012,161
1012,218
1012,251
1012,281
1012,310
1012,330
1012,366
1012,381
1012,406
1012,460
1012,477
1012,485
1012,560
1012,563
1012,572
1012,586
1012,629
1012,632
1012,644
1012,665
1012,704
1012,731
1012,743
1012,788
1012,817
1012,830
1012,852
1012,858
1012,894
1012,917
1012,972
1012,994
1012,1004
1012,1015
1012,1033
1012,1335
1012,1352
1012,1369
1012,1395
1012,1397
1012,1454
1012,1491
1012,1518
1012,1522
1012,1567
1012,1589
1012,1618
1012,1664
1012,1670
1012,1677
1012,1713
1012,1721
1012,1812
1012,1822
1012,1875
1012,1885
1012,1926
1012,1932
1012,1946
1012,1953
1012,1974
1012,1979
1012,1980
1012,1994
1012,1997
1012,2021
1012,2025
1012,2040
1012,2049
1012,2072
1012,2094
1012,2116
1012,2167
1012,2200
1012,2238
1012,2262
1012,2276
1012,2281
1012,2307
1012,2311
1012,2335
1012,2339
1012,2347
1012,2354
1012,2367
1012,2371
1012,2379
1012,2401
1012,2421
1012,2448
1012,2466
1012,2562
1012,2566
1012,2572
1012,2578
1012,2607
1012,2637
1012,2665
1012,2711
1012,2736
1012,2903
1012,2925
1012,2957
1012,3052
1012,3121
1012,3152
1012,3194
1012,3221
1012,3255
1012,3271
1012,3273
1012,3297
1012,3315
1012,3328
1012,3354
1012,3387
1012,3412
1012,3576
1012,3623
1012,3630
1012,3641
1012,3814
1012,3833
1012,3887
1012,3895
1012,3898
1012,3979
1012,4022
1012,4337
1012,4364
1012,4382
1012,4389
1012,4392
1012,4398
1012,4407
1012,4408
1012,4466
1012,4510
1012,4523
1012,4572
1012,4586
1012,4589
1012,4596
1012,4625
1012,4631
1012,4638
1012,4654
1012,4712
1012,4801
1012,4815
1012,4854
1012,4877
1012,4943
1012,4944
1012,4964
1012,5047
1012,5059
1012,5100
1012,5136
1012,5139
1012,5158
1012,5159
1012,5204
1012,5205
1012,5206
1012,5213
1012,5260
1012,5293
1012,5346
1012,5352
1012,5358
1012,5395
1012,5463
1012,5464
1012,5487
1012,5505
1012,5537
1012,5584
1012,5601
1012,5689
1012,5729
1012,5770
1012,5775
1012,5841
1012,6075
1012,6103
1012,6211
1013,6
1013,24
1013,33
1013,39
1013,63
1013,74
1013,84
1013,89
1013,90
1013,97
1013,101
1013,103
1013,118
1013,136
1013,146
1013,147
1013,156
1013,158
1013,167
1013,172
1013,186
1013,203
1013,236
1013,252
1013,256
1013,271
1013,351
1013,357
1013,362
1013,392
1013,419
1013,423
1013,424
1013,433
1013,434
1013,435
1013,459
1013,462
1013,470
1013,488
1013,490
1013,509
1013,521
1013,549
1013,573
1013,582
1013,585
1013,592
1013,608
1013,610
1013,699
1013,701
1013,751
1013,793
1013,820
1013,835
1013,863
1013,923
1013,927
1013,932
1013,946
1013,966
1013,1012
1013,1027
1013,1050
1013,1058
1013,1076
1013,1090
1013,1108
1013,1127
1013,1142
1013,1160
1013,1175
1013,1207
1013,1244
1013,1251
1013,1277
1013,1281
1013,1323
1013,1327
1013,1358
1013,1444
1013,1472
1013,1498
1013,1541
1013,1551
1013,1573
1013,1597
1013,1606
1013,1616
1013,1680
1013,1682
1013,1685
1013,1692
1013,1698
1013,1699
1013,1720
1013,1757
1013,1760
1013,1769
1013,1781
1013,1785
1013,1861
1013,1867
1013,1869
1013,1887
1013,1891
1013,1893
1013,1895
1013,1921
1013,1969
1013,1975
1013,1985
1013,1993
1013,2016
1013,2023
1013,2036
1013,2041
1013,2054
1013,2153
1013,2173
1013,2186
1013,2193
1013,2213
1013,2261
1013,2269
1013,2283
1013,2324
1013,2338
1013,2390
1013,2408
1013,2451
1013,2488
1013,2494
1013,2521
1013,2526
1013,2552
1013,2582
1013,2587
1013,2599
1013,2603
1013,2619
1013,2660
1013,2671
1013,2753
1013,2764
1013,2765
1013,2826
1013,2837
1013,2884
1013,2907
1013,2919
1013,2936
1013,2963
1013,2982
1013,2991
1013,2999
1013,3003
1013,3031
1013,3094
1013,3140
1013,3187
1013,3225
1013,3252
1013,3259
1013,3291
1013,3317
1013,3342
1013,3350
1013,3388
1013,3472
1013,3501
1013,3561
1013,3562
1013,3566
1013,3621
1013,3627
1013,3636
1013,3658
1013,3760
1013,3798
1013,3826
1013,3982
1013,4144
1013,4323
1013,4339
1013,4347
1013,4381
1013,4409
1013,4429
1013,4430
1013,4443
1013,4454
1013,4467
1013,4564
1013,4608
1013,4617
1013,4655
1013,4696
1013,4720
1013,4726
1013,4767
1013,4892
1013,4916
1013,4923
1013,4926
1013,4939
1013,4960
1013,4976
1013,4977
1013,4992
1013,4994
1013,5001
1013,5020
1013,5055
1013,5058
1013,5063
1013,5083
1013,5088
1013,5105
1013,5122
1013,5123
1013,5229
1013,5276
1013,5344
1013,5420
1013,5493
1013,5499
1013,5514
1013,5519
1013,5570
1013,5647
1013,5774
1013,6081
1013,6112
1013,6122
1013,6145
1013,6173
1013,6209
1013,6219
1013,6266
1014,5
1014,8
1014,26
1014,36
1014,41
1014,60
1014,67
1014,73
1014,78
1014,94
1014,100
1014,107
1014,109
1014,131
1014,132
1014,138
1014,140
1014,148
1014,162
1014,163
1014,165
1014,170
1014,175
1014,187
1014,190
1014,196
1014,197
1014,199
1014,205
1014,235
1014,243
1014,260
1014,265
1014,307
1014,331
1014,334
1014,347
1014,349
1014,352
1014,355
1014,376
1014,377
1014,383
1014,390
1014,391
1014,409
1014,422
1014,428
1014,455
1014,475
1014,496
1014,501
1014,517
1014,519
1014,528
1014,531
1014,536
1014,539
1014,552
1014,580
1014,599
1014,606
1014,663
1014,666
1014,667
1014,673
1014,681
1014,682
1014,684
1014,686
1014,703
1014,722
1014,724
1014,754
1014,759
1014,768
1014,795
1014,799
1014,808
1014,809
1014,811
1014,823
1014,868
1014,876
1014,877
1014,890
1014,906
1014,943
1014,948
1014,949
1014,960
1014,988
1014,996
1014,1001
1014,1006
1014,1014
1014,1053
1014,1054
1014,1083
1014,1105
1014,1111
1014,1112
1014,1123
1014,1125
1014,1126
1014,1144
1014,1156
1014,1166
1014,1185
1014,1189
1014,1192
1014,1196
1014,1197
1014,1204
1014,1219
1014,1231
1014,1238
1014,1247
1014,1260
1014,1266
1014,1273
1014,1274
1014,1276
1014,1283
1014,1300
1014,1322
1014,1341
1014,1363
1014,1376
1014,1384
1014,1414
1014,1430
1014,1458
1014,1470
1014,1473
1014,1506
1014,1535
1014,1539
1014,1540
1014,1543
1014,1561
1014,1570
1014,1610
1014,1639
1014,1657
1014,1674
1014,1693
1014,1714
1014,1715
1014,1731
1014,1749
1014,1782
1014,1783
1014,1788
1014,1791
1014,1803
1014,1828
1014,1830
1014,1836
1014,1837
1014,1847
1014,1848
1014,1866
1014,1870
1014,1900
1014,1901
1014,1906
1014,1927
1014,1928
1014,1955
1014,2008
1014,2027
1014,2029
1014,2033
1014,2062
1014,2066
1014,2085
1014,2090
1014,2097
1014,2105
1014,2114
1014,2119
1014,2122
1014,2125
1014,2136
1014,2137
1014,2141
1014,2148
1014,2155
1014,2178
1014,2179
1014,2185
1014,2187
1014,2203
1014,2209
1014,2218
1014,2258
1014,2272
1014,2285
1014,2290
1014,2297
1014,2322
1014,2325
1014,2331
1014,2336
1014,2341
1014,2368
1014,2392
1014,2404
1014,2414
1014,2427
1014,2440
1014,2460
1014,2489
1014,2510
1014,2533
1014,2537
1014,2544
1014,2553
1014,2573
1014,2574
1014,2642
1014,2654
1014,2682
1014,2706
1014,2726
1014,2727
1014,2739
1014,2761
1014,2773
1014,2778
1014,2793
1014,2801
1014,2852
1014,2866
1014,2869
1014,2900
1014,2906
1014,2920
1014,2937
1014,2965
1014,3012
1014,3091
1014,3118
1014,3130
1014,3163
1014,3230
1014,3248
1014,3249
1014,3267
1014,3278
1014,3279
1014,3293
1014,3357
1014,3406
1014,3420
1014,3517
1014,3544
1014,3565
1014,3611
1014,3631
1014,3649
1014,3664
1014,3678
1014,3687
1014,3699
1014,3731
1014,3771
1014,3788
1014,3792
1014,3801
1014,3850
1014,3880
1014,3897
1014,3905
1014,3932
1014,3940
1014,3962
1014,4013
1014,4030
1014,4035
1014,4037
1014,4215
1014,4216
1014,4222
1014,4228
1014,4230
1014,4247
1014,4261
1014,4266
1014,4267
1014,4286
1014,4288
1014,4301
1014,4317
1014,4329
1014,4333
1014,4336
1014,4341
1014,4359
1014,4372
1014,4404
1014,4406
1014,4417
1014,4423
1014,4431
1014,4433
1014,4445
1014,4509
1014,4512
1014,4538
1014,4548
1014,4559
1014,4569
1014,4576
1014,4577
1014,4592
1014,4609
1014,4616
1014,4629
1014,4630
1014,4645
1014,4664
1014,4675
1014,4683
1014,4692
1014,4698
1014,4700
1014,4704
1014,4711
1014,4762
1014,4765
1014,4775
1014,4787
1014,4790
1014,4796
1014,4805
1014,4807
1014,4819
1014,4833
1014,4836
1014,4851
1014,4855
1014,4858
1014,4859
1014,4898
1014,4906
1014,4919
1014,4925
1014,4959
1014,4962
1014,4965
1014,4987
1014,4995
1014,5038
1014,5052
1014,5061
1014,5086
1014,5090
1014,5111
1014,5130
1014,5174
1014,5185
1014,5186
1014,5187
1014,5197
1014,5212
1014,5220
1014,5287
1014,5349
1014,5361
1014,5403
1014,5413
1014,5423
1014,5428
1014,5429
1014,5449
1014,5455
1014,5470
1014,5479
1014,5503
1014,5513
1014,5535
1014,5550
1014,5555
1014,5561
1014,5566
1014,5587
1014,5596
1014,5605
1014,5608
1014,5614
1014,5632
1014,5710
1014,5791
1014,5936
1014,5955
1014,6070
1014,6080
1014,6113
1014,6116
1014,6137
1014,6174
1014,6191
1014,6220
1014,6234
1014,6237
1015,10
1015,17
1015,21
1015,25
1015,30
1015,46
1015,49
1015,50
1015,53
1015,56
1015,58
1015,59
1015,66
1015,68
1015,70
1015,71
1015,88
1015,99
1015,104
1015,108
1015,126
1015,128
1015,139
1015,153
1015,204
1015,219
1015,234
1015,246
1015,277
1015,279
1015,280
1015,297
1015,300
1015,326
1015,366
1015,368
1015,372
1015,393
1015,398
1015,401
1015,412
1015,413
1015,420
1015,426
1015,445
1015,464
1015,471
1015,479
1015,489
1015,505
1015,511
1015,515
1015,548
1015,557
1015,566
1015,571
1015,597
1015,612
1015,676
1015,680
1015,690
1015,691
1015,707
1015,730
1015,748
1015,753
1015,760
1015,763
1015,770
1015,801
1015,829
1015,832
1015,858
1015,860
1015,865
1015,937
1015,962
1015,976
1015,1029
1015,1040
1015,1047
1015,1052
1015,1055
1015,1106
1015,1129
1015,1158
1015,1161
1015,1169
1015,1173
1015,1178
1015,1194
1015,1199
1015,1249
1015,1271
1015,1287
1015,1290
1015,1308
1015,1317
1015,1326
1015,1334
1015,1345
1015,1352
1015,1356
1015,1367
1015,1397
1015,1401
1015,1417
1015,1434
1015,1503
1015,1504
1015,1507
1015,1545
1015,1586
1015,1627
1015,1643
1015,1676
1015,1686
1015,1716
1015,1764
1015,1787
1015,1795
1015,1813
1015,1827
1015,1871
1015,1884
1015,1918
1015,1939
1015,1949
1015,1951
1015,1958
1015,1983
1015,2014
1015,2019
1015,2044
1015,2057
1015,2069
1015,2075
1015,2079
1015,2086
1015,2128
1015,2129
1015,2131
1015,2146
1015,2156
1015,2158
1015,2220
1015,2239
1015,2256
1015,2312
1015,2314
1015,2326
1015,2334
1015,2428
1015,2429
1015,2441
1015,2456
1015,2512
1015,2529
1015,2535
1015,2538
1015,2555
1015,2591
1015,2610
1015,2616
1015,2630
1015,2690
1015,2740
1015,2758
1015,2760
1015,2785
1015,2797
1015,2798
1015,2800
1015,2804
1015,2844
1015,2846
1015,2847
1015,2862
1015,2903
1015,2938
1015,2945
1015,2947
1015,2951
1015,2971
1015,2976
1015,3000
1015,3001
1015,3020
1015,3062
1015,3068
1015,3079
1015,3085
1015,3110
1015,3133
1015,3147
1015,3161
1015,3170
1015,3184
1015,3206
1015,3217
1015,3251
1015,3260
1015,3299
1015,3309
1015,3373
1015,3399
1015,3451
1015,3494
1015,3499
1015,3531
1015,3537
1015,3570
1015,3648
1015,3654
1015,3694
1015,3696
1015,3738
1015,3764
1015,3766
1015,3769
1015,3774
1015,3776
1015,3785
1015,3795
1015,3799
1015,3819
1015,3893
1015,3912
1015,3931
1015,4044
1015,4248
1015,4275
1015,4293
1015,4304
1015,4311
1015,4312
1015,4313
1015,4318
1015,4331
1015,4364
1015,4374
1015,4375
1015,4376
1015,4380
1015,4391
1015,4450
1015,4460
1015,4486
1015,4488
1015,4490
1015,4506
1015,4573
1015,4606
1015,4624
1015,4632
1015,4643
1015,4649
1015,4659
1015,4680
1015,4688
1015,4689
1015,4702
1015,4703
1015,4707
1015,4722
1015,4748
1015,4753
1015,4754
1015,4808
1015,4840
1015,4863
1015,4865
1015,4904
1015,4947
1015,4955
1015,4983
1015,4988
1015,5029
1015,5033
1015,5037
1015,5047
1015,5069
1015,5092
1015,5095
1015,5106
1015,5124
1015,5125
1015,5128
1015,5156
1015,5163
1015,5183
1015,5196
1015,5259
1015,5269
1015,5284
1015,5339
1015,5352
1015,5355
1015,5356
1015,5366
1015,5385
1015,5397
1015,5415
1015,5463
1015,5464
1015,5494
1015,5501
1015,5507
1015,5536
1015,5537
1015,5539
1015,5540
1015,5544
1015,5545
1015,5553
1015,5584
1015,5590
1015,5593
1015,5633
1015,5637
1015,5644
1015,5650
1015,5671
1015,5672
1015,5689
1015,5691
1015,5692
1015,5702
1015,5733
1015,5738
1015,5766
1015,5770
1015,5775
1015,5782
1015,5804
1015,5824
1015,5838
1015,5841
1015,5851
1015,5912
1015,5959
1015,6001
1015,6014
1015,6068
1015,6076
1015,6100
1015,6114
1015,6121
1015,6127
1015,6139
1015,6144
1015,6150
1015,6154
1015,6158
1015,6211
1016,24
1016,29
1016,33
1016,63
1016,72
1016,75
1016,89
1016,90
1016,113
1016,118
1016,129
1016,158
1016,178
1016,203
1016,230
1016,252
1016,271
1016,285
1016,286
1016,324
1016,325
1016,374
1016,396
1016,430
1016,478
1016,485
1016,488
1016,520
1016,540
1016,541
1016,565
1016,772
1016,814
1016,835
1016,883
1016,910
1016,934
1016,967
1016,1026
1016,1045
1016,1073
1016,1096
1016,1108
1016,1116
1016,1168
1016,1187
1016,1319
1016,1382
1016,1406
1016,1422
1016,1431
1016,1448
1016,1606
1016,1652
1016,1748
1016,1794
1016,1817
1016,1833
1016,1857
1016,1893
1016,1897
1016,1932
1016,1962
1016,1990
1016,2002
1016,2161
1016,2164
1016,2211
1016,2282
1016,2405
1016,2449
1016,2504
1016,2617
1016,2643
1016,2659
1016,2674
1016,2686
1016,2714
1016,2824
1016,2886
1016,2919
1016,2961
1016,3004
1016,3112
1016,3313
1016,3362
1016,3501
1016,3549
1016,3566
1016,3574
1016,3656
1016,3685
1016,3704
1016,3761
1016,3837
1016,4048
1016,4102
1016,4105
1016,4124
1016,4130
1016,4132
1016,4154
1016,4155
1016,4158
1016,4207
1016,4210
1016,4226
1016,4251
1016,4324
1016,4401
1016,4421
1016,4459
1016,4595
1016,4676
1016,4705
1016,4914
1016,4994
1016,5005
1016,5043
1016,5076
1016,5082
1016,5083
1016,5132
1016,5159
1016,5167
1016,5201
1016,5203
1016,5217
1016,5225
1016,5238
1016,5298
1016,5322
1016,5368
1016,5407
1016,5409
1016,5418
1016,5419
1016,5422
1016,5431
1016,5433
1016,5460
1016,5465
1016,5480
1016,5482
1016,5499
1016,5506
1016,5520
1016,5522
1016,5523
1016,5532
1016,5552
1016,5559
1016,5575
1016,5635
1016,5649
1016,5651
1016,5664
1016,5665
1016,5670
1016,5673
1016,5695
1016,5699
1016,5701
1016,5709
1016,5712
1016,5717
1016,5724
1016,5729
1016,5732
1016,5740
1016,5750
1016,5765
1016,5768
1016,5769
1016,5792
1016,5795
1016,5801
1016,5866
1016,5867
1016,5890
1016,5894
1016,5942
1016,5981
1016,6022
1016,6033
1016,6041
1016,6056
1016,6085
1016,6111
1016,6115
1016,6132
1016,6143
1016,6164
1016,6165
1016,6216
1016,6223
1017,16
1017,22
1017,39
1017,43
1017,69
1017,78
1017,94
1017,138
1017,140
1017,162
1017,186
1017,190
1017,196
1017,200
1017,258
1017,265
1017,288
1017,349
1017,352
1017,367
1017,390
1017,431
1017,440
1017,517
1017,582
1017,639
1017,641
1017,699
1017,700
1017,722
1017,756
1017,795
1017,799
1017,810
1017,811
1017,955
1017,988
1017,1013
1017,1053
1017,1054
1017,1065
1017,1078
1017,1141
1017,1156
1017,1245
1017,1274
1017,1283
1017,1327
1017,1566
1017,1596
1017,1678
1017,1850
1017,1870
1017,1978
1017,2051
1017,2077
1017,2179
1017,2217
1017,2479
1017,2706
1017,2897
1017,3003
1017,3186
1017,3219
1017,3587
1017,3589
1017,3633
1017,3824
1017,3932
1017,3962
1017,4035
1017,4043
1017,4104
1017,4137
1017,4138
1017,4230
1017,4272
1017,4345
1017,4349
1017,4493
1017,4538
1017,4656
1017,4664
1017,4776
1017,4777
1017,4790
1017,4819
1017,4890
1017,4972
1017,5057
1017,5110
1017,5111
1017,5383
1017,5386
1017,5390
1017,5399
1017,5420
1017,5429
1017,5441
1017,5455
1017,5479
1017,5491
1017,5492
1017,5512
1017,5519
1017,5535
1017,5541
1017,5570
1017,5572
1017,5585
1017,5589
1017,5620
1017,5660
1017,5684
1017,5685
1017,5710
1017,5744
1017,5751
1017,5754
1017,5767
1017,5777
1017,5806
1017,5810
1017,5822
1017,5871
1017,5872
1017,5875
1017,5945
1017,5963
1017,5971
1017,5985
1017,5987
1017,6005
1017,6080
1017,6109
1017,6116
1017,6190
1017,6209
1017,6219
1017,6246
1018,5
1018,14
1018,30
1018,36
1018,41
1018,56
1018,66
1018,88
1018,108
1018,121
1018,128
1018,153
1018,165
1018,170
1018,219
1018,277
1018,353
1018,359
1018,372
1018,379
1018,409
1018,410
1018,420
1018,437
1018,445
1018,531
1018,564
1018,571
1018,666
1018,783
1018,865
1018,941
1018,997
1018,1003
1018,1066
1018,1129
1018,1133
1018,1185
1018,1208
1018,1229
1018,1271
1018,1300
1018,1753
1018,1774
1018,1792
1018,1960
1018,2306
1018,2510
1018,2555
1018,2713
1018,2938
1018,3020
1018,3249
1018,3409
1018,3411
1018,3452
1018,3775
1018,4294
1018,4486
1018,4624
1018,4712
1018,4722
1018,4731
1018,4806
1018,4808
1018,4869
1018,5092
1018,5375
1018,5494
1018,5500
1018,5692
1018,5702
1018,5735
1018,5791
1018,5855
1018,6082
1018,6106
1018,6220
1019,68
1019,89
1019,90
1019,129
1019,189
1019,218
1019,325
1019,478
1019,515
1019,520
1019,540
1019,883
1019,944
1019,991
1019,1101
1019,1116
1019,1187
1019,1263
1019,1445
1019,1955
1019,2274
1019,2305
1019,2686
1019,3079
1019,3395
1019,3744
1019,4251
1019,4364
1019,4460
1019,4702
1019,4754
1019,4866
1019,4914
1019,5043
1019,5426
1019,6100
1020,200
1020,233
1020,258
1020,288
1020,458
1020,639
1020,641
1020,766
1020,799
1020,915
1020,926
1020,972
1020,1319
1020,1402
1020,1777
1020,1824
1020,3589
1020,4118
1020,4890
1020,4994
1020,5110
1020,5232
1020,5383
1020,5390
1020,5399
1020,5418
1020,5419
1020,5429
1020,5460
1020,5491
1020,5523
1020,5532
1020,5535
1020,5541
1020,5604
1020,5647
1020,5664
1020,5712
1020,5765
1020,6145
1021,14
1021,35
1021,53
1021,121
1021,230
1021,340
1021,564
1021,582
1021,610
1021,1066
1021,1753
1021,1817
1021,2077
1021,2306
1021,3003
1021,3237
1021,3452
1021,3775
1021,4043
1021,4104
1021,4137
1021,4138
1021,4155
1021,4158
1021,4210
1021,4869
1021,5380
1021,5393
1021,5420
1021,5441
1021,5455
1021,5512
1021,5519
1021,5589
1021,5614
1021,5635
1021,5673
1021,5744
1021,5751
1021,5767
1021,5822
1021,5875
1021,5971
1021,5987
1021,6067
1021,6080
1021,6106
1021,6109
1021,6117
1021,6143
1021,6190
1021,6216
1021,6242
1022,89
1022,90
1022,302
1022,315
1022,364
1022,391
1022,460
1022,562
1022,572
1022,830
1022,1029
1022,1210
1022,1273
1022,1317
1022,2201
1022,2895
1022,3395
1022,3744
1022,4289
1022,4656
1022,4988
1022,5559
1023,108
1023,139
1023,483
1023,663
1023,748
1023,1800
1023,2368
1023,4246
1024,78
1024,412
1024,471
1024,674
1024,1326
1024,2616
1024,3219
1024,3501
1024,4865
1024,5361
1024,5526
1024,6114
1025,1274
1025,3186
1025,5570
1026,153
1026,955
1045,2835
1045,3123
1045,3322
1045,3526
1045,3579
1045,3675
1045,3861
1045,3863
1045,3869
1045,3939
1045,3965
1045,4007
1045,4021
1045,4034
1045,4042
1045,4058
1045,4065
1045,4072
1045,4093
1045,4096
1045,4106
1045,4107
1045,4109
1045,4117
1045,4128
1045,4139
1045,4164
1045,4167
1045,4175
1045,4177
1045,4182
1045,4200
1045,4201
1045,4204
1045,4209
1045,4213
1045,4217
1045,4220
1045,4224
1045,4229
1045,4231
1045,4233
1045,4234
1045,4235
1045,4238
1045,4244
1045,4245
1045,4326
1045,4522
1045,4641
1045,4710
1045,4746
1045,4810
1045,4843
1045,4844
1045,5051
1045,5215
1045,5223
1045,5230
1045,5250
1045,5251
1045,5253
1045,5327
1045,6210
1045,6213
1045,6215
1045,6222
1045,6225
1045,6226
1045,6231
1045,6235
1045,6240
1045,6252
1045,6253
1045,6256
1045,6257
1045,6258
1045,6263
1045,6264
1045,6267
1045,6268
1045,6271
1045,6273
1045,6274
1045,6275
1046,54
1046,65
1046,109
1046,111
1046,169
1046,184
1046,222
1046,261
1046,312
1046,317
1046,319
1046,338
1046,382
1046,403
1046,415
1046,442
1046,452
1046,453
1046,506
1046,522
1046,561
1046,567
1046,591
1046,622
1046,625
1046,656
1046,664
1046,716
1046,725
1046,757
1046,765
1046,781
1046,791
1046,842
1046,851
1046,905
1046,942
1046,981
1046,1070
1046,1165
1046,1205
1046,1213
1046,1256
1046,1318
1046,1449
1046,1532
1046,1617
1046,1628
1046,1690
1046,1726
1046,1818
1046,1865
1046,1894
1046,2006
1046,2053
1046,2067
1046,2071
1046,2121
1046,2162
1046,2222
1046,2251
1046,2286
1046,2330
1046,2386
1046,2547
1046,2805
1046,2836
1046,2859
1046,2860
1046,2864
1046,2901
1046,2992
1046,3045
1046,3066
1046,3422
1046,3688
1046,3858
1046,3883
1046,4023
1046,4052
1046,4169
1046,4181
1046,4189
1046,4247
1046,4265
1046,4280
1046,4306
1046,4309
1046,4315
1046,4363
1046,4377
1046,4511
1046,4550
1046,4579
1046,4665
1046,4666
1046,4744
1046,4852
1046,4853
1046,4920
1046,4921
1046,4959
1046,5082
1046,5165
1046,5203
1046,5282
1046,5290
1046,5294
1046,5313
1047,3
1047,4
1047,7
1047,29
1047,87
1047,115
1047,155
1047,218
1047,251
1047,366
1047,381
1047,406
1047,460
1047,477
1047,486
1047,560
1047,563
1047,572
1047,586
1047,629
1047,632
1047,644
1047,665
1047,704
1047,731
1047,788
1047,817
1047,830
1047,852
1047,858
1047,894
1047,917
1047,972
1047,994
1047,1004
1047,1015
1047,1169
1047,1335
1047,1369
1047,1395
1047,1397
1047,1454
1047,1496
1047,1518
1047,1522
1047,1567
1047,1589
1047,1618
1047,1664
1047,1670
1047,1677
1047,1713
1047,1725
1047,1812
1047,1822
1047,1875
1047,1885
1047,1913
1047,1926
1047,1932
1047,1946
1047,1979
1047,1980
1047,1997
1047,2021
1047,2040
1047,2049
1047,2072
1047,2094
1047,2167
1047,2200
1047,2238
1047,2245
1047,2262
1047,2276
1047,2281
1047,2307
1047,2311
1047,2335
1047,2339
1047,2371
1047,2421
1047,2448
1047,2466
1047,2562
1047,2566
1047,2572
1047,2607
1047,2637
1047,2665
1047,2691
1047,2711
1047,2903
1047,2925
1047,2957
1047,3052
1047,3121
1047,3152
1047,3194
1047,3221
1047,3255
1047,3271
1047,3273
1047,3297
1047,3315
1047,3328
1047,3354
1047,3387
1047,3576
1047,3623
1047,3630
1047,3641
1047,3810
1047,3814
1047,3833
1047,3887
1047,3895
1047,3898
1047,3979
1047,4022
1047,4337
1047,4364
1047,4382
1047,4389
1047,4392
1047,4407
1047,4408
1047,4466
1047,4510
1047,4518
1047,4523
1047,4572
1047,4586
1047,4589
1047,4596
1047,4631
1047,4654
1047,4801
1047,4815
1047,4854
1047,4877
1047,4944
1047,5059
1047,5136
1047,5139
1047,5159
1047,5204
1047,5205
1047,5206
1047,5213
1047,5260
1047,5293
1047,5346
1047,5352
1047,5358
1047,5395
1047,5463
1047,5464
1047,5487
1047,5505
1047,5537
1047,5689
1047,5729
1047,5770
1047,5775
1047,6075
1047,6211
1048,6
1048,24
1048,33
1048,39
1048,53
1048,59
1048,63
1048,74
1048,84
1048,89
1048,90
1048,97
1048,101
1048,103
1048,118
1048,136
1048,146
1048,147
1048,156
1048,158
1048,161
1048,167
1048,186
1048,187
1048,197
1048,203
1048,205
1048,236
1048,252
1048,256
1048,310
1048,330
1048,351
1048,357
1048,362
1048,376
1048,392
1048,423
1048,424
1048,433
1048,434
1048,435
1048,459
1048,462
1048,470
1048,488
1048,509
1048,521
1048,549
1048,582
1048,585
1048,592
1048,608
1048,610
1048,699
1048,751
1048,820
1048,863
1048,895
1048,923
1048,927
1048,966
1048,1012
1048,1033
1048,1058
1048,1076
1048,1090
1048,1108
1048,1127
1048,1142
1048,1160
1048,1175
1048,1251
1048,1277
1048,1281
1048,1323
1048,1327
1048,1334
1048,1358
1048,1444
1048,1498
1048,1541
1048,1543
1048,1551
1048,1597
1048,1606
1048,1616
1048,1685
1048,1692
1048,1693
1048,1698
1048,1720
1048,1769
1048,1781
1048,1785
1048,1791
1048,1803
1048,1836
1048,1851
1048,1867
1048,1869
1048,1887
1048,1893
1048,1895
1048,1900
1048,1921
1048,1969
1048,1975
1048,1985
1048,1993
1048,1994
1048,2016
1048,2023
1048,2029
1048,2041
1048,2054
1048,2148
1048,2173
1048,2193
1048,2213
1048,2261
1048,2269
1048,2271
1048,2283
1048,2324
1048,2338
1048,2390
1048,2401
1048,2494
1048,2503
1048,2526
1048,2536
1048,2537
1048,2599
1048,2660
1048,2753
1048,2788
1048,2837
1048,2884
1048,2907
1048,2936
1048,3031
1048,3094
1048,3260
1048,3317
1048,3350
1048,3501
1048,3562
1048,3628
1048,3760
1048,3798
1048,3982
1048,4144
1048,4228
1048,4323
1048,4339
1048,4347
1048,4409
1048,4417
1048,4443
1048,4454
1048,4467
1048,4564
1048,4617
1048,4655
1048,4696
1048,4703
1048,4712
1048,4714
1048,4720
1048,4726
1048,4767
1048,4838
1048,4851
1048,4858
1048,4873
1048,4892
1048,4916
1048,4923
1048,4926
1048,4939
1048,4943
1048,4960
1048,4976
1048,4977
1048,4992
1048,4994
1048,5047
1048,5055
1048,5057
1048,5058
1048,5063
1048,5083
1048,5105
1048,5122
1048,5158
1048,5171
1048,5259
1048,5276
1048,5344
1048,5385
1048,5420
1048,5423
1048,5466
1048,5493
1048,5499
1048,5514
1048,5519
1048,5536
1048,5584
1048,5774
1048,6076
1048,6081
1048,6100
1048,6103
1048,6145
1048,6209
1048,6237
1049,5
1049,8
1049,26
1049,36
1049,43
1049,48
1049,73
1049,78
1049,94
1049,107
1049,109
1049,113
1049,126
1049,132
1049,138
1049,140
1049,148
1049,162
1049,165
1049,170
1049,172
1049,175
1049,190
1049,196
1049,232
1049,243
1049,260
1049,271
1049,307
1049,324
1049,349
1049,355
1049,377
1049,383
1049,391
1049,394
1049,409
1049,419
1049,422
1049,428
1049,450
1049,468
1049,485
1049,490
1049,496
1049,501
1049,517
1049,520
1049,531
1049,536
1049,539
1049,540
1049,541
1049,552
1049,599
1049,617
1049,666
1049,667
1049,673
1049,680
1049,686
1049,690
1049,722
1049,738
1049,754
1049,759
1049,768
1049,793
1049,798
1049,799
1049,809
1049,811
1049,823
1049,831
1049,868
1049,883
1049,890
1049,906
1049,910
1049,932
1049,946
1049,996
1049,1001
1049,1027
1049,1053
1049,1065
1049,1083
1049,1099
1049,1105
1049,1112
1049,1125
1049,1126
1049,1156
1049,1166
1049,1185
1049,1189
1049,1196
1049,1197
1049,1204
1049,1207
1049,1219
1049,1231
1049,1238
1049,1244
1049,1247
1049,1266
1049,1269
1049,1273
1049,1274
1049,1276
1049,1287
1049,1341
1049,1363
1049,1376
1049,1384
1049,1412
1049,1430
1049,1445
1049,1458
1049,1468
1049,1472
1049,1473
1049,1506
1049,1539
1049,1540
1049,1570
1049,1620
1049,1631
1049,1674
1049,1682
1049,1699
1049,1714
1049,1715
1049,1731
1049,1749
1049,1757
1049,1760
1049,1782
1049,1783
1049,1788
1049,1824
1049,1828
1049,1830
1049,1837
1049,1848
1049,1861
1049,1870
1049,1906
1049,1927
1049,1928
1049,1955
1049,2008
1049,2027
1049,2033
1049,2105
1049,2119
1049,2125
1049,2153
1049,2171
1049,2178
1049,2179
1049,2185
1049,2186
1049,2203
1049,2209
1049,2218
1049,2258
1049,2282
1049,2290
1049,2297
1049,2331
1049,2341
1049,2404
1049,2414
1049,2427
1049,2440
1049,2495
1049,2504
1049,2510
1049,2533
1049,2553
1049,2603
1049,2612
1049,2642
1049,2654
1049,2706
1049,2714
1049,2727
1049,2750
1049,2773
1049,2793
1049,2844
1049,2862
1049,2869
1049,2919
1049,2938
1049,2947
1049,2963
1049,2965
1049,3003
1049,3091
1049,3187
1049,3230
1049,3249
1049,3293
1049,3388
1049,3399
1049,3420
1049,3498
1049,3544
1049,3610
1049,3664
1049,3699
1049,3731
1049,3761
1049,3769
1049,3771
1049,3788
1049,3792
1049,3795
1049,3801
1049,3850
1049,3880
1049,3893
1049,3911
1049,3932
1049,3940
1049,3962
1049,4035
1049,4190
1049,4215
1049,4230
1049,4247
1049,4261
1049,4267
1049,4286
1049,4288
1049,4317
1049,4329
1049,4331
1049,4336
1049,4359
1049,4374
1049,4406
1049,4433
1049,4509
1049,4538
1049,4548
1049,4559
1049,4569
1049,4576
1049,4577
1049,4595
1049,4616
1049,4637
1049,4645
1049,4664
1049,4683
1049,4692
1049,4700
1049,4704
1049,4711
1049,4715
1049,4775
1049,4790
1049,4805
1049,4807
1049,4819
1049,4833
1049,4836
1049,4855
1049,4859
1049,4898
1049,4906
1049,4919
1049,4959
1049,4965
1049,4972
1049,5031
1049,5038
1049,5052
1049,5061
1049,5062
1049,5090
1049,5092
1049,5111
1049,5123
1049,5174
1049,5186
1049,5187
1049,5197
1049,5229
1049,5269
1049,5287
1049,5330
1049,5355
1049,5356
1049,5361
1049,5387
1049,5403
1049,5428
1049,5429
1049,5449
1049,5455
1049,5470
1049,5480
1049,5503
1049,5510
1049,5513
1049,5535
1049,5544
1049,5550
1049,5561
1049,5566
1049,5570
1049,5587
1049,5596
1049,5608
1049,5614
1049,5644
1049,5671
1049,5710
1049,5791
1049,5804
1049,5838
1049,5841
1049,5955
1049,6070
1049,6080
1049,6106
1049,6113
1049,6116
1049,6121
1049,6137
1049,6219
1049,6220
1049,6234
1050,10
1050,14
1050,21
1050,22
1050,29
1050,41
1050,50
1050,56
1050,66
1050,67
1050,68
1050,70
1050,71
1050,79
1050,88
1050,100
1050,108
1050,128
1050,129
1050,139
1050,153
1050,169
1050,202
1050,207
1050,219
1050,230
1050,235
1050,246
1050,265
1050,277
1050,279
1050,297
1050,300
1050,331
1050,334
1050,352
1050,359
1050,368
1050,374
1050,390
1050,393
1050,398
1050,412
1050,464
1050,471
1050,475
1050,478
1050,483
1050,489
1050,511
1050,515
1050,528
1050,557
1050,566
1050,573
1050,575
1050,580
1050,597
1050,606
1050,689
1050,730
1050,748
1050,753
1050,763
1050,782
1050,808
1050,814
1050,829
1050,832
1050,860
1050,865
1050,934
1050,937
1050,948
1050,949
1050,962
1050,967
1050,972
1050,976
1050,988
1050,1014
1050,1029
1050,1040
1050,1050
1050,1052
1050,1054
1050,1055
1050,1073
1050,1118
1050,1129
1050,1161
1050,1168
1050,1198
1050,1210
1050,1249
1050,1271
1050,1290
1050,1300
1050,1308
1050,1317
1050,1345
1050,1347
1050,1356
1050,1367
1050,1382
1050,1414
1050,1417
1050,1422
1050,1434
1050,1493
1050,1504
1050,1507
1050,1535
1050,1561
1050,1586
1050,1643
1050,1678
1050,1686
1050,1710
1050,1716
1050,1847
1050,1871
1050,1918
1050,1958
1050,1983
1050,2014
1050,2036
1050,2062
1050,2075
1050,2077
1050,2079
1050,2085
1050,2086
1050,2097
1050,2109
1050,2113
1050,2128
1050,2158
1050,2220
1050,2233
1050,2239
1050,2256
1050,2259
1050,2305
1050,2314
1050,2368
1050,2405
1050,2424
1050,2429
1050,2441
1050,2456
1050,2489
1050,2515
1050,2555
1050,2573
1050,2591
1050,2617
1050,2630
1050,2635
1050,2643
1050,2674
1050,2690
1050,2707
1050,2740
1050,2758
1050,2761
1050,2778
1050,2785
1050,2798
1050,2824
1050,2834
1050,2852
1050,2878
1050,2886
1050,2897
1050,2900
1050,2915
1050,2930
1050,2945
1050,2951
1050,3000
1050,3001
1050,3020
1050,3079
1050,3110
1050,3118
1050,3133
1050,3147
1050,3163
1050,3170
1050,3186
1050,3217
1050,3219
1050,3248
1050,3409
1050,3467
1050,3494
1050,3531
1050,3537
1050,3565
1050,3570
1050,3648
1050,3656
1050,3678
1050,3694
1050,3696
1050,3738
1050,3744
1050,3776
1050,3912
1050,3951
1050,4037
1050,4112
1050,4126
1050,4216
1050,4248
1050,4272
1050,4304
1050,4318
1050,4340
1050,4341
1050,4364
1050,4372
1050,4375
1050,4376
1050,4391
1050,4423
1050,4431
1050,4460
1050,4472
1050,4486
1050,4488
1050,4491
1050,4493
1050,4573
1050,4592
1050,4606
1050,4629
1050,4659
1050,4675
1050,4680
1050,4688
1050,4698
1050,4702
1050,4707
1050,4709
1050,4754
1050,4762
1050,4765
1050,4776
1050,4806
1050,4840
1050,4863
1050,4865
1050,4877
1050,4925
1050,4947
1050,4955
1050,4962
1050,4995
1050,5029
1050,5069
1050,5086
1050,5106
1050,5124
1050,5125
1050,5127
1050,5128
1050,5132
1050,5156
1050,5163
1050,5175
1050,5183
1050,5196
1050,5212
1050,5217
1050,5220
1050,5284
1050,5298
1050,5328
1050,5339
1050,5349
1050,5399
1050,5407
1050,5415
1050,5426
1050,5463
1050,5479
1050,5482
1050,5491
1050,5494
1050,5518
1050,5532
1050,5539
1050,5541
1050,5545
1050,5562
1050,5589
1050,5590
1050,5593
1050,5605
1050,5633
1050,5647
1050,5689
1050,5702
1050,5738
1050,5769
1050,5770
1050,5775
1050,5778
1050,5795
1050,5894
1050,5912
1050,5959
1050,6056
1050,6102
1050,6111
1050,6114
1050,6115
1050,6117
1050,6127
1050,6154
1050,6164
1050,6216
1051,6
1051,17
1051,24
1051,25
1051,30
1051,33
1051,35
1051,39
1051,63
1051,69
1051,72
1051,75
1051,89
1051,90
1051,118
1051,158
1051,185
1051,200
1051,203
1051,216
1051,227
1051,258
1051,285
1051,286
1051,288
1051,350
1051,366
1051,376
1051,401
1051,410
1051,420
1051,430
1051,445
1051,548
1051,582
1051,639
1051,641
1051,681
1051,691
1051,701
1051,724
1051,743
1051,752
1051,756
1051,800
1051,801
1051,820
1051,835
1051,925
1051,955
1051,1026
1051,1045
1051,1047
1051,1116
1051,1133
1051,1158
1051,1178
1051,1187
1051,1194
1051,1199
1051,1263
1051,1319
1051,1421
1051,1596
1051,1606
1051,1794
1051,1817
1051,1833
1051,1962
1051,1978
1051,1990
1051,2002
1051,2064
1051,2114
1051,2130
1051,2161
1051,2164
1051,2201
1051,2449
1051,2605
1051,2610
1051,2616
1051,2659
1051,2686
1051,2766
1051,2800
1051,2804
1051,2866
1051,3072
1051,3161
1051,3299
1051,3362
1051,3451
1051,3493
1051,3574
1051,3587
1051,3611
1051,3631
1051,3685
1051,3704
1051,3712
1051,3766
1051,3774
1051,3785
1051,3931
1051,4048
1051,4105
1051,4118
1051,4124
1051,4132
1051,4137
1051,4155
1051,4158
1051,4207
1051,4210
1051,4275
1051,4312
1051,4313
1051,4324
1051,4349
1051,4401
1051,4421
1051,4439
1051,4501
1051,4510
1051,4615
1051,4624
1051,4632
1051,4643
1051,4656
1051,4689
1051,4722
1051,4753
1051,4866
1051,4890
1051,4904
1051,4914
1051,4983
1051,4988
1051,4994
1051,5043
1051,5082
1051,5083
1051,5095
1051,5161
1051,5167
1051,5185
1051,5201
1051,5203
1051,5225
1051,5289
1051,5322
1051,5366
1051,5368
1051,5385
1051,5386
1051,5409
1051,5418
1051,5419
1051,5422
1051,5433
1051,5519
1051,5520
1051,5522
1051,5523
1051,5552
1051,5559
1051,5635
1051,5649
1051,5651
1051,5664
1051,5673
1051,5692
1051,5699
1051,5709
1051,5712
1051,5717
1051,5724
1051,5729
1051,5732
1051,5740
1051,5750
1051,5765
1051,5768
1051,5948
1051,6062
1051,6067
1051,6075
1051,6085
1051,6109
1051,6143
1051,6158
1051,6165
1051,6177
1051,6223
1051,6241
1052,49
1052,53
1052,73
1052,78
1052,99
1052,126
1052,140
1052,162
1052,178
1052,190
1052,196
1052,367
1052,422
1052,431
1052,440
1052,510
1052,564
1052,690
1052,722
1052,795
1052,811
1052,995
1052,1013
1052,1065
1052,1066
1052,1078
1052,1173
1052,1192
1052,1245
1052,1274
1052,1283
1052,1406
1052,1431
1052,1540
1052,1541
1052,1671
1052,1850
1052,1888
1052,1949
1052,2131
1052,2179
1052,2230
1052,2306
1052,2334
1052,2846
1052,2919
1052,2961
1052,3112
1052,3184
1052,3260
1052,3309
1052,3452
1052,3589
1052,3775
1052,3890
1052,3923
1052,4043
1052,4104
1052,4138
1052,4170
1052,4192
1052,4226
1052,4230
1052,4301
1052,4311
1052,4459
1052,4532
1052,4538
1052,4630
1052,4649
1052,4664
1052,4777
1052,4819
1052,4836
1052,4869
1052,5383
1052,5390
1052,5396
1052,5420
1052,5423
1052,5429
1052,5441
1052,5455
1052,5460
1052,5512
1052,5535
1052,5550
1052,5572
1052,5585
1052,5614
1052,5632
1052,5660
1052,5731
1052,5735
1052,5822
1052,5871
1052,5875
1052,5945
1052,5955
1052,5963
1052,5971
1052,5987
1052,6005
1052,6080
1052,6106
1052,6190
1052,6209
1052,6246
1052,6248
1053,14
1053,16
1053,46
1053,66
1053,88
1053,100
1053,108
1053,128
1053,165
1053,230
1053,271
1053,322
1053,352
1053,372
1053,409
1053,412
1053,437
1053,464
1053,471
1053,680
1053,700
1053,777
1053,830
1053,934
1053,1156
1053,1271
1053,1347
1053,1753
1053,1774
1053,1831
1053,1893
1053,1960
1053,2051
1053,2113
1053,2115
1053,2305
1053,2424
1053,2510
1053,2515
1053,2555
1053,2758
1053,2915
1053,2938
1053,3020
1053,3395
1053,4251
1053,4417
1053,4731
1053,4947
1053,4962
1053,5159
1053,5393
1053,5397
1053,5432
1053,5480
1053,5506
1053,5544
1053,5553
1053,5575
1053,5604
1053,5689
1053,5702
1053,5738
1053,5744
1053,5751
1053,5767
1053,5782
1053,5791
1053,5806
1053,5824
1053,5912
1053,6033
1053,6145
1053,6234
1054,94
1054,121
1054,300
1054,302
1054,376
1054,417
1054,439
1054,573
1054,666
1054,699
1054,715
1054,752
1054,753
1054,756
1054,768
1054,814
1054,991
1054,1003
1054,1018
1054,1171
1054,1204
1054,1210
1054,1229
1054,1345
1054,1396
1054,1558
1054,1589
1054,1596
1054,1670
1054,1717
1054,2077
1054,2128
1054,2130
1054,2405
1054,3744
1054,4105
1054,4118
1054,4124
1054,4132
1054,4137
1054,4155
1054,4158
1054,4210
1054,4271
1054,4345
1054,4349
1054,4656
1054,4847
1054,4865
1054,5217
1054,5418
1054,5419
1054,5522
1054,5523
1054,5559
1054,5566
1054,5570
1054,5635
1054,5637
1054,5649
1054,5664
1054,5673
1054,5692
1054,5699
1054,5709
1054,5712
1054,5717
1054,5724
1054,5732
1054,5740
1054,5750
1054,5765
1054,5768
1054,6085
1054,6114
1054,6143
1054,6148
1054,6165
1054,6219
1054,6241
1055,24
1055,29
1055,35
1055,36
1055,78
1055,89
1055,90
1055,140
1055,216
1055,232
1055,353
1055,367
1055,392
1055,431
1055,458
1055,485
1055,496
1055,557
1055,571
1055,597
1055,599
1055,679
1055,926
1055,944
1055,967
1055,1076
1055,1101
1055,1507
1055,1792
1055,1997
1055,2368
1055,2895
1055,4043
1055,4104
1055,4138
1055,4239
1055,4272
1055,4294
1055,4364
1055,4538
1055,4643
1055,4754
1055,5092
1055,5366
1055,5383
1055,5390
1055,5429
1055,5441
1055,5460
1055,5479
1055,5492
1055,5512
1055,5525
1055,5572
1055,5585
1055,5822
1055,5849
1055,5871
1055,5875
1055,5945
1055,5963
1055,5971
1055,5987
1055,6005
1055,6106
1055,6190
1055,6246
1055,6248
1056,67
1056,108
1056,196
1056,355
1056,410
1056,412
1056,471
1056,782
1056,937
1056,1190
1056,1263
1056,1292
1056,1402
1056,1436
1056,1480
1056,4866
1056,4873
1056,4962
1056,5127
1056,5284
1056,5420
1056,5500
1056,5535
1056,5628
1056,5744
1056,5751
1056,5767
1056,5769
1056,5806
1056,6080
1056,6154
1056,6234
1057,129
1057,138
1057,475
1057,478
1057,768
1057,800
1057,1204
1057,1274
1057,4493
1057,5136
1057,5566
1057,5570
1057,5637
1057,5702
1057,5777
1057,6219
1058,89
1058,200
1058,258
1058,288
1058,364
1058,599
1058,639
1058,641
1058,722
1058,1073
1058,1777
1058,2405
1058,3589
1058,4364
1058,4538
1058,5232
1059,14
1059,25
1059,35
1059,67
1059,69
1059,121
1059,178
1059,230
1059,340
1059,355
1059,564
1059,782
1059,962
1059,1066
1059,1190
1059,1471
1059,1753
1059,2306
1059,3452
1059,3775
1059,4869
1059,6164
1060,29
1060,232
1060,279
1060,315
1060,367
1060,376
1060,389
1060,391
1060,398
1060,431
1060,460
1060,562
1060,572
1060,830
1060,1029
1060,1210
1060,1273
1060,1317
1060,3395
1060,3744
1060,4275
1060,4656
1060,4988
1060,5095
1061,108
1061,126
1061,483
1061,663
1061,748
1061,951
1061,1292
1061,2368
1061,4246
1061,4705
1061,4877
1061,5127
1061,5385
1062,25
1062,56
1062,72
1062,78
1062,88
1062,90
1062,129
1062,140
1062,230
1062,286
1062,300
1062,350
1062,359
1062,412
1062,471
1062,475
1062,478
1062,582
1062,674
1062,699
1062,988
1062,1054
1062,1262
1062,1326
1062,1345
1062,1422
1062,2128
1062,2616
1062,2740
1062,3501
1062,3562
1062,3694
1062,4304
1062,4865
1062,4962
1062,5069
1062,5284
1062,5361
1062,5479
1062,5520
1062,5526
1062,5552
1062,5702
1062,5769
1062,5912
1062,6050
1062,6056
1062,6111
1062,6114
1062,6154
1062,6158
1062,6234
1063,30
1063,41
1063,138
1063,165
1063,200
1063,258
1063,288
1063,315
1063,344
1063,357
1063,364
1063,409
1063,420
1063,430
1063,639
1063,641
1063,768
1063,1204
1063,1274
1063,1764
1063,2555
1063,2946
1063,3589
1063,4460
1063,4538
1063,4656
1063,4890
1063,5187
1063,5232
1063,5403
1063,5510
1063,5566
1063,5570
1063,5637
1063,5671
1063,5684
1063,5791
1063,6209
1063,6219
1064,14
1064,35
1064,70
1064,75
1064,89
1064,108
1064,121
1064,340
1064,383
1064,393
1064,445
1064,557
1064,564
1064,967
1064,1052
1064,1066
1064,1220
1064,1540
1064,1753
1064,2306
1064,2405
1064,3452
1064,3656
1064,3775
1064,4216
1064,4364
1064,4731
1064,4754
1064,4869
1064,5175
1065,24
1065,29
1065,90
1065,178
1065,367
1065,376
1065,389
1065,431
1065,485
1065,562
1065,572
1065,683
1065,830
1065,991
1065,1073
1065,1176
1065,1210
1065,1229
1065,1421
1065,1568
1065,1800
1065,1817
1065,3395
1065,3744
1065,4246
1065,4289
1065,4629
1065,4997
1066,139
1066,196
1066,595
1066,610
1066,663
1066,674
1066,748
1066,1094
1066,1955
1066,2616
1066,3632
1066,4439
1066,5361
1066,5449
1066,5474
1066,5526
1067,5648
1080,2835
1080,3123
1080,3322
1080,3526
1080,3579
1080,3675
1080,3688
1080,3858
1080,3863
1080,3869
1080,3883
1080,3939
1080,3965
1080,4007
1080,4021
1080,4023
1080,4034
1080,4042
1080,4052
1080,4058
1080,4065
1080,4072
1080,4093
1080,4096
1080,4106
1080,4107
1080,4109
1080,4117
1080,4128
1080,4139
1080,4164
1080,4167
1080,4175
1080,4177
1080,4181
1080,4182
1080,4200
1080,4201
1080,4204
1080,4209
1080,4213
1080,4217
1080,4220
1080,4224
1080,4229
1080,4231
1080,4233
1080,4234
1080,4235
1080,4238
1080,4244
1080,4245
1080,4326
1080,4522
1080,4641
1080,4666
1080,4710
1080,4746
1080,4810
1080,4844
1080,5051
1080,5215
1080,5223
1080,5230
1080,5251
1080,5253
1080,5313
1080,5327
1080,6210
1080,6213
1080,6215
1080,6222
1080,6225
1080,6226
1080,6231
1080,6235
1080,6240
1080,6252
1080,6253
1080,6257
1080,6258
1080,6263
1080,6264
1080,6267
1080,6268
1080,6271
1080,6273
1080,6274
1080,6275
1081,54
1081,65
1081,109
1081,111
1081,169
1081,184
1081,222
1081,261
1081,312
1081,317
1081,319
1081,338
1081,382
1081,414
1081,415
1081,442
1081,452
1081,453
1081,506
1081,522
1081,561
1081,567
1081,591
1081,622
1081,656
1081,664
1081,697
1081,716
1081,725
1081,757
1081,765
1081,781
1081,791
1081,842
1081,851
1081,905
1081,942
1081,981
1081,1024
1081,1070
1081,1165
1081,1205
1081,1213
1081,1256
1081,1318
1081,1449
1081,1569
1081,1617
1081,1628
1081,1690
1081,1725
1081,1726
1081,1818
1081,1865
1081,1894
1081,1913
1081,2006
1081,2053
1081,2067
1081,2071
1081,2115
1081,2121
1081,2162
1081,2222
1081,2245
1081,2251
1081,2286
1081,2330
1081,2386
1081,2547
1081,2805
1081,2836
1081,2859
1081,2860
1081,2864
1081,2901
1081,2992
1081,3045
1081,3066
1081,3422
1081,3861
1081,4169
1081,4189
1081,4247
1081,4265
1081,4280
1081,4306
1081,4309
1081,4315
1081,4363
1081,4377
1081,4518
1081,4550
1081,4579
1081,4665
1081,4744
1081,4843
1081,4852
1081,4853
1081,4920
1081,4921
1081,4959
1081,5082
1081,5165
1081,5203
1081,5250
1081,5282
1081,5294
1081,6256
1082,3
1082,4
1082,7
1082,29
1082,87
1082,115
1082,155
1082,218
1082,251
1082,310
1082,366
1082,403
1082,406
1082,436
1082,460
1082,477
1082,560
1082,563
1082,572
1082,625
1082,629
1082,632
1082,644
1082,665
1082,704
1082,788
1082,817
1082,830
1082,852
1082,858
1082,894
1082,917
1082,972
1082,994
1082,1015
1082,1352
1082,1369
1082,1388
1082,1397
1082,1446
1082,1454
1082,1491
1082,1496
1082,1518
1082,1522
1082,1567
1082,1589
1082,1618
1082,1664
1082,1670
1082,1677
1082,1713
1082,1721
1082,1812
1082,1822
1082,1875
1082,1885
1082,1926
1082,1932
1082,1946
1082,1953
1082,1979
1082,1980
1082,1994
1082,1997
1082,2021
1082,2040
1082,2049
1082,2072
1082,2116
1082,2167
1082,2200
1082,2238
1082,2262
1082,2276
1082,2281
1082,2307
1082,2311
1082,2335
1082,2339
1082,2347
1082,2367
1082,2379
1082,2401
1082,2421
1082,2448
1082,2466
1082,2562
1082,2566
1082,2572
1082,2578
1082,2607
1082,2637
1082,2665
1082,2711
1082,2736
1082,2925
1082,2957
1082,3052
1082,3121
1082,3152
1082,3221
1082,3255
1082,3271
1082,3273
1082,3297
1082,3315
1082,3328
1082,3354
1082,3412
1082,3576
1082,3623
1082,3628
1082,3630
1082,3641
1082,3810
1082,3814
1082,3833
1082,3887
1082,3895
1082,3898
1082,3979
1082,4022
1082,4337
1082,4364
1082,4382
1082,4389
1082,4392
1082,4398
1082,4407
1082,4408
1082,4466
1082,4510
1082,4511
1082,4523
1082,4572
1082,4586
1082,4589
1082,4596
1082,4625
1082,4631
1082,4654
1082,4801
1082,4815
1082,4854
1082,4877
1082,4944
1082,4964
1082,5059
1082,5100
1082,5136
1082,5139
1082,5159
1082,5204
1082,5205
1082,5206
1082,5213
1082,5260
1082,5293
1082,5346
1082,5352
1082,5395
1082,5463
1082,5464
1082,5487
1082,5505
1082,5537
1082,5561
1082,5689
1082,5770
1082,5775
1082,6075
1082,6211
1083,24
1083,30
1083,33
1083,39
1083,59
1083,62
1083,63
1083,74
1083,77
1083,84
1083,89
1083,90
1083,101
1083,103
1083,136
1083,146
1083,147
1083,156
1083,161
1083,186
1083,203
1083,236
1083,256
1083,281
1083,330
1083,351
1083,357
1083,392
1083,423
1083,424
1083,433
1083,434
1083,435
1083,459
1083,462
1083,470
1083,488
1083,509
1083,582
1083,585
1083,586
1083,592
1083,599
1083,608
1083,610
1083,699
1083,714
1083,731
1083,751
1083,863
1083,895
1083,923
1083,966
1083,1033
1083,1076
1083,1090
1083,1127
1083,1142
1083,1160
1083,1207
1083,1277
1083,1281
1083,1323
1083,1358
1083,1395
1083,1444
1083,1472
1083,1541
1083,1551
1083,1597
1083,1606
1083,1616
1083,1692
1083,1716
1083,1720
1083,1781
1083,1785
1083,1803
1083,1851
1083,1869
1083,1887
1083,1891
1083,1893
1083,1895
1083,1969
1083,1975
1083,1985
1083,1993
1083,2023
1083,2036
1083,2041
1083,2173
1083,2186
1083,2193
1083,2261
1083,2338
1083,2390
1083,2408
1083,2440
1083,2488
1083,2521
1083,2526
1083,2582
1083,2599
1083,2619
1083,2660
1083,2671
1083,2788
1083,2826
1083,2837
1083,2884
1083,2907
1083,2982
1083,2991
1083,2999
1083,3012
1083,3031
1083,3094
1083,3140
1083,3187
1083,3225
1083,3252
1083,3291
1083,3317
1083,3342
1083,3350
1083,3472
1083,3501
1083,3562
1083,3621
1083,3636
1083,3798
1083,3982
1083,4144
1083,4226
1083,4409
1083,4429
1083,4443
1083,4454
1083,4467
1083,4559
1083,4608
1083,4617
1083,4632
1083,4696
1083,4703
1083,4714
1083,4720
1083,4726
1083,4767
1083,4838
1083,4873
1083,4892
1083,4916
1083,4923
1083,4926
1083,4939
1083,4943
1083,4976
1083,4977
1083,4980
1083,5020
1083,5047
1083,5058
1083,5063
1083,5105
1083,5123
1083,5158
1083,5229
1083,5259
1083,5276
1083,5344
1083,5358
1083,5420
1083,5428
1083,5499
1083,5519
1083,5555
1083,5570
1083,5650
1083,5729
1083,6070
1083,6076
1083,6081
1083,6100
1083,6103
1083,6173
1083,6209
1083,6219
1084,6
1084,36
1084,67
1084,73
1084,78
1084,94
1084,97
1084,107
1084,108
1084,109
1084,132
1084,148
1084,153
1084,163
1084,167
1084,170
1084,187
1084,196
1084,199
1084,243
1084,252
1084,260
1084,271
1084,307
1084,331
1084,349
1084,355
1084,362
1084,376
1084,383
1084,391
1084,394
1084,409
1084,419
1084,422
1084,428
1084,485
1084,490
1084,539
1084,549
1084,552
1084,666
1084,673
1084,703
1084,722
1084,759
1084,768
1084,793
1084,799
1084,811
1084,820
1084,823
1084,868
1084,906
1084,932
1084,943
1084,949
1084,988
1084,1001
1084,1050
1084,1053
1084,1105
1084,1112
1084,1126
1084,1156
1084,1190
1084,1196
1084,1204
1084,1219
1084,1231
1084,1247
1084,1266
1084,1273
1084,1274
1084,1276
1084,1321
1084,1341
1084,1368
1084,1458
1084,1470
1084,1473
1084,1498
1084,1506
1084,1539
1084,1540
1084,1570
1084,1573
1084,1579
1084,1674
1084,1682
1084,1693
1084,1698
1084,1699
1084,1714
1084,1731
1084,1757
1084,1760
1084,1769
1084,1783
1084,1788
1084,1791
1084,1828
1084,1830
1084,1836
1084,1848
1084,1861
1084,1867
1084,1870
1084,1900
1084,1906
1084,1921
1084,1927
1084,1928
1084,1955
1084,2008
1084,2029
1084,2085
1084,2097
1084,2105
1084,2119
1084,2125
1084,2148
1084,2153
1084,2185
1084,2203
1084,2213
1084,2258
1084,2272
1084,2290
1084,2297
1084,2324
1084,2331
1084,2341
1084,2404
1084,2427
1084,2489
1084,2494
1084,2510
1084,2533
1084,2537
1084,2553
1084,2603
1084,2642
1084,2654
1084,2682
1084,2727
1084,2773
1084,2778
1084,2852
1084,2920
1084,2936
1084,2963
1084,2965
1084,3003
1084,3091
1084,3118
1084,3130
1084,3230
1084,3251
1084,3267
1084,3278
1084,3293
1084,3357
1084,3420
1084,3498
1084,3544
1084,3565
1084,3664
1084,3678
1084,3699
1084,3731
1084,3771
1084,3788
1084,3792
1084,3801
1084,3880
1084,3897
1084,3940
1084,4228
1084,4247
1084,4261
1084,4286
1084,4317
1084,4329
1084,4333
1084,4336
1084,4339
1084,4341
1084,4372
1084,4381
1084,4406
1084,4431
1084,4433
1084,4509
1084,4538
1084,4548
1084,4564
1084,4569
1084,4576
1084,4616
1084,4629
1084,4664
1084,4683
1084,4692
1084,4698
1084,4700
1084,4704
1084,4716
1084,4762
1084,4796
1084,4805
1084,4833
1084,4836
1084,4855
1084,4859
1084,4898
1084,4906
1084,4919
1084,4925
1084,4959
1084,4965
1084,4992
1084,4995
1084,5038
1084,5052
1084,5055
1084,5061
1084,5086
1084,5090
1084,5111
1084,5130
1084,5186
1084,5197
1084,5356
1084,5361
1084,5403
1084,5503
1084,5532
1084,5566
1084,5587
1084,5596
1084,5605
1084,5608
1084,5791
1085,10
1085,50
1085,53
1085,58
1085,100
1085,126
1085,138
1085,140
1085,205
1085,246
1085,265
1085,277
1085,279
1085,334
1085,352
1085,390
1085,420
1085,426
1085,464
1085,475
1085,501
1085,517
1085,580
1085,690
1085,730
1085,748
1085,860
1085,865
1085,948
1085,962
1085,976
1085,1014
1085,1029
1085,1052
1085,1123
1085,1125
1085,1129
1085,1168
1085,1217
1085,1287
1085,1290
1085,1308
1085,1317
1085,1334
1085,1356
1085,1384
1085,1417
1085,1507
1085,1535
1085,1561
1085,1586
1085,1686
1085,1782
1085,1813
1085,1837
1085,1847
1085,1871
1085,1983
1085,2027
1085,2062
1085,2114
1085,2136
1085,2141
1085,2158
1085,2220
1085,2239
1085,2256
1085,2314
1085,2322
1085,2368
1085,2429
1085,2441
1085,2482
1085,2610
1085,2630
1085,2635
1085,2650
1085,2674
1085,2688
1085,2739
1085,2740
1085,2761
1085,2764
1085,2785
1085,2793
1085,2800
1085,2834
1085,2862
1085,2869
1085,2878
1085,2947
1085,2951
1085,3001
1085,3103
1085,3110
1085,3147
1085,3152
1085,3170
1085,3217
1085,3244
1085,3248
1085,3260
1085,3299
1085,3388
1085,3399
1085,3417
1085,3494
1085,3570
1085,3611
1085,3645
1085,3648
1085,3694
1085,3702
1085,3738
1085,3764
1085,3769
1085,3776
1085,3795
1085,3822
1085,3905
1085,3912
1085,3932
1085,3962
1085,4035
1085,4037
1085,4126
1085,4230
1085,4246
1085,4301
1085,4304
1085,4318
1085,4364
1085,4375
1085,4376
1085,4391
1085,4417
1085,4423
1085,4450
1085,4506
1085,4573
1085,4592
1085,4606
1085,4645
1085,4659
1085,4688
1085,4689
1085,4711
1085,4775
1085,4786
1085,4807
1085,4858
1085,4947
1085,4955
1085,4987
1085,4988
1085,5029
1085,5069
1085,5080
1085,5106
1085,5132
1085,5174
1085,5185
1085,5187
1085,5196
1085,5212
1085,5220
1085,5269
1085,5287
1085,5298
1085,5339
1085,5349
1085,5352
1085,5388
1085,5407
1085,5429
1085,5449
1085,5455
1085,5463
1085,5464
1085,5513
1085,5535
1085,5544
1085,5550
1085,5584
1085,5593
1085,5614
1085,5632
1085,5644
1085,5689
1085,5694
1085,5710
1085,5773
1085,5775
1085,5778
1085,5841
1085,5923
1085,5955
1085,6080
1085,6109
1085,6116
1085,6164
1085,6220
1085,6233
1086,7
1086,17
1086,21
1086,24
1086,25
1086,29
1086,33
1086,41
1086,56
1086,63
1086,70
1086,71
1086,72
1086,75
1086,88
1086,90
1086,99
1086,139
1086,203
1086,219
1086,230
1086,280
1086,285
1086,286
1086,297
1086,300
1086,353
1086,366
1086,393
1086,398
1086,412
1086,445
1086,471
1086,479
1086,488
1086,496
1086,511
1086,557
1086,654
1086,674
1086,691
1086,724
1086,732
1086,753
1086,801
1086,829
1086,889
1086,927
1086,937
1086,1040
1086,1047
1086,1073
1086,1116
1086,1161
1086,1173
1086,1185
1086,1187
1086,1199
1086,1260
1086,1298
1086,1326
1086,1345
1086,1422
1086,1431
1086,1503
1086,1541
1086,1794
1086,1817
1086,1949
1086,2128
1086,2131
1086,2156
1086,2161
1086,2164
1086,2179
1086,2233
1086,2405
1086,2449
1086,2479
1086,2504
1086,2538
1086,2555
1086,2573
1086,2616
1086,2634
1086,2659
1086,2686
1086,2706
1086,2758
1086,2766
1086,2804
1086,2846
1086,2866
1086,2919
1086,2922
1086,2938
1086,3079
1086,3161
1086,3184
1086,3309
1086,3392
1086,3439
1086,3451
1086,3501
1086,3531
1086,3562
1086,3631
1086,3633
1086,3704
1086,3774
1086,3785
1086,3824
1086,3931
1086,4048
1086,4105
1086,4118
1086,4124
1086,4130
1086,4132
1086,4137
1086,4155
1086,4158
1086,4210
1086,4250
1086,4267
1086,4275
1086,4311
1086,4312
1086,4313
1086,4324
1086,4374
1086,4421
1086,4460
1086,4485
1086,4501
1086,4595
1086,4624
1086,4630
1086,4643
1086,4649
1086,4680
1086,4696
1086,4719
1086,4742
1086,4765
1086,4790
1086,4819
1086,4865
1086,4904
1086,4962
1086,5092
1086,5095
1086,5125
1086,5167
1086,5183
1086,5192
1086,5201
1086,5225
1086,5262
1086,5284
1086,5368
1086,5400
1086,5409
1086,5418
1086,5419
1086,5431
1086,5433
1086,5451
1086,5479
1086,5494
1086,5499
1086,5522
1086,5523
1086,5526
1086,5536
1086,5559
1086,5590
1086,5633
1086,5635
1086,5642
1086,5647
1086,5649
1086,5652
1086,5656
1086,5660
1086,5664
1086,5670
1086,5673
1086,5681
1086,5692
1086,5699
1086,5702
1086,5709
1086,5712
1086,5713
1086,5717
1086,5724
1086,5729
1086,5732
1086,5738
1086,5740
1086,5750
1086,5765
1086,5766
1086,5768
1086,5769
1086,5777
1086,5809
1086,5818
1086,5835
1086,5866
1086,5912
1086,5959
1086,6068
1086,6075
1086,6085
1086,6114
1086,6127
1086,6130
1086,6137
1086,6139
1086,6143
1086,6144
1086,6154
1086,6158
1086,6165
1086,6177
1086,6234
1086,6237
1086,6241
1087,68
1087,69
1087,73
1087,78
1087,89
1087,108
1087,109
1087,128
1087,132
1087,165
1087,187
1087,196
1087,216
1087,271
1087,331
1087,367
1087,379
1087,401
1087,431
1087,440
1087,468
1087,535
1087,548
1087,582
1087,638
1087,680
1087,768
1087,811
1087,813
1087,814
1087,963
1087,967
1087,995
1087,1003
1087,1013
1087,1032
1087,1078
1087,1156
1087,1158
1087,1192
1087,1194
1087,1204
1087,1271
1087,1274
1087,1300
1087,1401
1087,1430
1087,1596
1087,1676
1087,1764
1087,1850
1087,1888
1087,1934
1087,2129
1087,2217
1087,2334
1087,2510
1087,2961
1087,3003
1087,3219
1087,4043
1087,4104
1087,4138
1087,4212
1087,4226
1087,4340
1087,4380
1087,4459
1087,4490
1087,4629
1087,4656
1087,4664
1087,4676
1087,4753
1087,4754
1087,4760
1087,4777
1087,5057
1087,5104
1087,5159
1087,5366
1087,5383
1087,5390
1087,5397
1087,5403
1087,5413
1087,5420
1087,5428
1087,5441
1087,5460
1087,5470
1087,5480
1087,5506
1087,5510
1087,5512
1087,5519
1087,5520
1087,5552
1087,5553
1087,5566
1087,5570
1087,5575
1087,5620
1087,5671
1087,5695
1087,5782
1087,5791
1087,5806
1087,5810
1087,5822
1087,5871
1087,5875
1087,5945
1087,5963
1087,5971
1087,5987
1087,6005
1087,6037
1087,6060
1087,6081
1087,6168
1087,6190
1087,6209
1087,6219
1087,6246
1088,16
1088,36
1088,59
1088,153
1088,218
1088,334
1088,352
1088,372
1088,485
1088,599
1088,681
1088,701
1088,756
1088,885
1088,933
1088,1141
1088,1319
1088,1339
1088,1383
1088,1397
1088,1540
1088,2079
1088,2824
1088,3186
1088,3420
1088,3656
1088,3696
1088,3715
1088,3962
1088,4035
1088,4216
1088,4230
1088,4251
1088,4331
1088,4364
1088,4538
1088,4712
1088,4920
1088,4972
1088,4994
1088,5185
1088,5280
1088,5455
1088,5463
1088,5464
1088,5482
1088,5535
1088,5537
1088,5617
1088,5689
1088,5744
1088,5751
1088,5767
1088,5770
1088,5775
1088,5824
1088,5841
1088,6080
1088,6113
1088,6145
1089,63
1089,99
1089,254
1089,355
1089,705
1089,782
1089,860
1089,955
1089,1089
1089,1173
1089,1352
1089,1417
1089,1541
1089,1817
1089,1949
1089,1962
1089,2131
1089,2706
1089,2846
1089,2919
1089,3184
1089,3309
1089,4291
1089,4527
1089,4630
1089,4649
1089,4658
1089,4741
1089,4762
1089,4836
1089,5380
1089,5385
1089,5386
1089,5494
1089,6100
1089,6102
1089,6164
1090,33
1090,73
1090,78
1090,88
1090,100
1090,108
1090,109
1090,172
1090,271
1090,347
1090,475
1090,496
1090,565
1090,571
1090,676
1090,722
1090,814
1090,865
1090,967
1090,1116
1090,1156
1090,1187
1090,1271
1090,1431
1090,2179
1090,2686
1090,3079
1090,4129
1090,4460
1090,4485
1090,4629
1090,4819
1090,4865
1090,5130
1090,5366
1090,5393
1090,5397
1090,5409
1090,5420
1090,5449
1090,5479
1090,5480
1090,5544
1090,5548
1090,5553
1090,5575
1090,5589
1090,5644
1090,6117
1090,6148
1091,366
1091,1096
1091,1245
1091,1334
1091,1418
1091,1686
1091,1870
1091,2077
1091,2203
1091,3934
1091,4349
1091,4380
1091,4475
1091,4696
1091,5104
1091,5185
1091,5352
1091,5455
1091,5463
1091,5464
1091,5537
1091,5561
1091,5689
1091,5770
1091,5775
1091,5824
1091,5841
1091,5894
1091,6113
1091,6137
1092,63
1092,99
1092,203
1092,205
1092,811
1092,825
1092,1089
1092,1133
1092,1173
1092,1541
1092,1774
1092,1794
1092,1932
1092,1949
1092,2131
1092,2146
1092,2201
1092,2405
1092,2706
1092,2846
1092,2919
1092,3184
1092,3309
1092,3420
1092,4630
1092,4649
1092,4702
1092,4836
1092,5033
1092,5470
1092,5584
1092,5616
1092,5729
1092,6106
1092,6127
1093,33
1093,39
1093,41
1093,73
1093,78
1093,88
1093,100
1093,252
1093,271
1093,349
1093,352
1093,367
1093,401
1093,426
1093,431
1093,496
1093,700
1093,756
1093,860
1093,937
1093,952
1093,964
1093,967
1093,1015
1093,1078
1093,1271
1093,1358
1093,1417
1093,1431
1093,1539
1093,1596
1093,4664
1093,4754
1093,4865
1093,5050
1093,5159
1093,5366
1093,5397
1093,5431
1093,5449
1093,5460
1093,5480
1093,5501
1093,5506
1093,5507
1093,5535
1093,5544
1093,5553
1093,5575
1093,5695
1093,5851
1093,5955
1093,6028
1093,6060
1094,16
1094,108
1094,138
1094,372
1094,437
1094,548
1094,810
1094,814
1094,865
1094,1013
1094,1073
1094,1116
1094,1187
1094,1540
1094,1606
1094,1870
1094,1893
1094,1962
1094,2022
1094,2179
1094,2553
1094,2686
1094,2758
1094,2793
1094,3079
1094,3451
1094,3704
1094,3962
1094,4035
1094,4230
1094,4251
1094,4313
1094,4349
1094,4421
1094,4577
1094,4624
1094,4768
1094,4819
1094,5093
1094,5409
1094,5419
1094,5420
1094,5422
1094,5455
1094,5550
1094,5620
1094,5644
1094,5710
1094,5744
1094,5751
1094,5767
1094,5981
1094,6080
1094,6116
1094,6121
1094,6137
1094,6151
1094,6248
1095,94
1095,189
1095,265
1095,390
1095,565
1095,571
1095,722
1095,811
1095,1156
1095,1326
1095,1397
1095,1792
1095,2706
1095,2919
1095,3656
1095,4043
1095,4104
1095,4124
1095,4137
1095,4138
1095,4210
1095,4272
1095,4294
1095,4538
1095,4656
1095,4712
1095,5418
1095,5479
1095,5482
1095,5494
1095,5617
1095,5647
1095,5660
1095,5871
1095,5875
1095,5963
1095,6190
1095,6209
1095,6220
1095,6246
1096,203
1096,213
1096,398
1096,4132
1096,4155
1096,4158
1096,5234
1096,5383
1096,5386
1096,5390
1096,5441
1096,5460
1096,5523
1096,5559
1096,5635
1096,5712
1096,5945
1096,5971
1096,5987
1096,6005
1097,5419
1097,5420
1097,5535
1097,5744
1097,5751
1097,5767
1097,6080
1097,6143
1098,4043
1098,4104
1098,4124
1098,4137
1098,4138
1098,4210
1098,5418
1098,5871
1098,5875
1098,5963
1098,6190
1098,6246
1099,4132
1099,4155
1099,4158
1099,5383
1099,5390
1099,5460
1099,5523
1099,5559
1099,5572
1099,5945
1099,5971
1100,5420
1100,5525
1100,5535
1100,5635
1100,5744
1100,5751
1100,5767
1100,6080
1115,2835
1115,3123
1115,3322
1115,3526
1115,3579
1115,3675
1115,3688
1115,3861
1115,3863
1115,3869
1115,3939
1115,3965
1115,4007
1115,4021
1115,4034
1115,4042
1115,4058
1115,4065
1115,4072
1115,4093
1115,4096
1115,4106
1115,4107
1115,4109
1115,4117
1115,4128
1115,4139
1115,4164
1115,4167
1115,4175
1115,4177
1115,4181
1115,4182
1115,4200
1115,4204
1115,4209
1115,4213
1115,4217
1115,4220
1115,4224
1115,4229
1115,4231
1115,4233
1115,4234
1115,4235
1115,4238
1115,4244
1115,4245
1115,4326
1115,4522
1115,4641
1115,4710
1115,4746
1115,4810
1115,4843
1115,4844
1115,5051
1115,5215
1115,5223
1115,5230
1115,5250
1115,5251
1115,5253
1115,5327
1115,6210
1115,6213
1115,6215
1115,6222
1115,6225
1115,6226
1115,6231
1115,6235
1115,6240
1115,6252
1115,6253
1115,6256
1115,6257
1115,6258
1115,6263
1115,6264
1115,6267
1115,6268
1115,6271
1115,6273
1115,6274
1115,6275
1116,48
1116,54
1116,65
1116,109
1116,111
1116,169
1116,184
1116,222
1116,261
1116,312
1116,317
1116,319
1116,338
1116,382
1116,403
1116,415
1116,442
1116,452
1116,453
1116,506
1116,522
1116,561
1116,567
1116,591
1116,622
1116,625
1116,656
1116,664
1116,716
1116,725
1116,757
1116,765
1116,781
1116,791
1116,842
1116,851
1116,905
1116,942
1116,981
1116,1024
1116,1070
1116,1165
1116,1205
1116,1213
1116,1256
1116,1318
1116,1352
1116,1449
1116,1496
1116,1532
1116,1617
1116,1628
1116,1690
1116,1726
1116,1818
1116,1865
1116,1894
1116,2006
1116,2053
1116,2067
1116,2071
1116,2121
1116,2162
1116,2222
1116,2251
1116,2286
1116,2330
1116,2386
1116,2547
1116,2805
1116,2836
1116,2859
1116,2860
1116,2864
1116,2992
1116,3045
1116,3066
1116,3422
1116,3810
1116,3858
1116,3883
1116,4023
1116,4052
1116,4169
1116,4189
1116,4201
1116,4247
1116,4265
1116,4280
1116,4306
1116,4309
1116,4315
1116,4363
1116,4377
1116,4511
1116,4550
1116,4579
1116,4666
1116,4744
1116,4852
1116,4853
1116,4920
1116,4921
1116,4959
1116,5082
1116,5165
1116,5203
1116,5282
1116,5290
1116,5294
1116,5313
1117,3
1117,7
1117,29
1117,59
1117,63
1117,87
1117,155
1117,218
1117,251
1117,330
1117,366
1117,381
1117,406
1117,460
1117,477
1117,560
1117,563
1117,572
1117,586
1117,629
1117,632
1117,644
1117,665
1117,704
1117,788
1117,808
1117,817
1117,830
1117,852
1117,858
1117,894
1117,917
1117,972
1117,994
1117,1004
1117,1015
1117,1033
1117,1358
1117,1369
1117,1388
1117,1395
1117,1397
1117,1454
1117,1518
1117,1522
1117,1567
1117,1589
1117,1618
1117,1664
1117,1670
1117,1677
1117,1713
1117,1721
1117,1725
1117,1812
1117,1822
1117,1875
1117,1885
1117,1913
1117,1926
1117,1932
1117,1946
1117,1974
1117,1979
1117,1980
1117,1994
1117,1997
1117,2021
1117,2025
1117,2040
1117,2049
1117,2072
1117,2167
1117,2200
1117,2238
1117,2245
1117,2262
1117,2276
1117,2281
1117,2307
1117,2311
1117,2335
1117,2339
1117,2401
1117,2421
1117,2448
1117,2466
1117,2562
1117,2566
1117,2572
1117,2578
1117,2607
1117,2637
1117,2665
1117,2691
1117,2711
1117,2925
1117,2957
1117,3003
1117,3052
1117,3121
1117,3152
1117,3194
1117,3221
1117,3255
1117,3273
1117,3297
1117,3315
1117,3328
1117,3354
1117,3387
1117,3576
1117,3623
1117,3630
1117,3641
1117,3814
1117,3833
1117,3887
1117,3895
1117,3898
1117,3979
1117,4022
1117,4337
1117,4364
1117,4382
1117,4389
1117,4392
1117,4398
1117,4407
1117,4408
1117,4466
1117,4510
1117,4518
1117,4523
1117,4572
1117,4586
1117,4589
1117,4596
1117,4631
1117,4654
1117,4767
1117,4801
1117,4815
1117,4854
1117,4877
1117,4943
1117,4944
1117,4964
1117,5059
1117,5136
1117,5139
1117,5158
1117,5159
1117,5204
1117,5205
1117,5206
1117,5213
1117,5260
1117,5293
1117,5346
1117,5352
1117,5395
1117,5463
1117,5464
1117,5487
1117,5505
1117,5537
1117,5570
1117,5584
1117,5689
1117,5729
1117,5770
1117,5775
1117,6075
1117,6211
1117,6219
1118,24
1118,33
1118,39
1118,53
1118,62
1118,77
1118,84
1118,89
1118,90
1118,97
1118,115
1118,118
1118,136
1118,146
1118,156
1118,158
1118,161
1118,167
1118,172
1118,186
1118,203
1118,236
1118,252
1118,271
1118,281
1118,310
1118,351
1118,357
1118,362
1118,392
1118,419
1118,423
1118,424
1118,433
1118,434
1118,459
1118,462
1118,470
1118,488
1118,490
1118,509
1118,521
1118,585
1118,592
1118,608
1118,610
1118,699
1118,714
1118,751
1118,793
1118,835
1118,923
1118,927
1118,932
1118,946
1118,966
1118,1012
1118,1058
1118,1076
1118,1090
1118,1142
1118,1160
1118,1207
1118,1277
1118,1281
1118,1300
1118,1541
1118,1543
1118,1551
1118,1597
1118,1606
1118,1616
1118,1680
1118,1692
1118,1698
1118,1699
1118,1720
1118,1757
1118,1760
1118,1781
1118,1785
1118,1836
1118,1851
1118,1861
1118,1869
1118,1887
1118,1893
1118,1895
1118,1921
1118,1969
1118,1975
1118,1985
1118,1993
1118,2023
1118,2041
1118,2054
1118,2097
1118,2153
1118,2173
1118,2186
1118,2193
1118,2213
1118,2261
1118,2269
1118,2283
1118,2324
1118,2338
1118,2390
1118,2451
1118,2494
1118,2526
1118,2599
1118,2660
1118,2706
1118,2753
1118,2837
1118,2884
1118,2919
1118,2936
1118,2963
1118,3031
1118,3094
1118,3187
1118,3249
1118,3260
1118,3317
1118,3350
1118,3562
1118,3760
1118,3798
1118,3940
1118,3982
1118,4144
1118,4266
1118,4323
1118,4339
1118,4347
1118,4409
1118,4430
1118,4443
1118,4454
1118,4467
1118,4564
1118,4617
1118,4655
1118,4696
1118,4712
1118,4720
1118,4726
1118,4846
1118,4858
1118,4916
1118,4919
1118,4923
1118,4926
1118,4960
1118,4976
1118,4977
1118,4994
1118,5001
1118,5047
1118,5055
1118,5058
1118,5063
1118,5083
1118,5105
1118,5122
1118,5123
1118,5229
1118,5259
1118,5276
1118,5344
1118,5358
1118,5361
1118,5385
1118,5413
1118,5420
1118,5423
1118,5493
1118,5499
1118,5519
1118,5647
1118,6081
1118,6100
1118,6103
1118,6122
1118,6145
1118,6209
1119,26
1119,60
1119,73
1119,78
1119,94
1119,107
1119,109
1119,131
1119,138
1119,148
1119,170
1119,187
1119,196
1119,235
1119,260
1119,307
1119,331
1119,334
1119,376
1119,377
1119,383
1119,391
1119,422
1119,428
1119,479
1119,549
1119,580
1119,582
1119,606
1119,666
1119,673
1119,676
1119,686
1119,722
1119,724
1119,759
1119,768
1119,799
1119,809
1119,811
1119,823
1119,868
1119,890
1119,948
1119,949
1119,988
1119,1001
1119,1006
1119,1027
1119,1052
1119,1053
1119,1054
1119,1083
1119,1105
1119,1112
1119,1125
1119,1156
1119,1219
1119,1238
1119,1244
1119,1266
1119,1273
1119,1276
1119,1321
1119,1323
1119,1341
1119,1363
1119,1384
1119,1430
1119,1444
1119,1472
1119,1473
1119,1506
1119,1535
1119,1539
1119,1540
1119,1561
1119,1570
1119,1639
1119,1674
1119,1682
1119,1693
1119,1714
1119,1731
1119,1749
1119,1783
1119,1788
1119,1791
1119,1830
1119,1847
1119,1848
1119,1866
1119,1867
1119,1870
1119,1900
1119,1928
1119,1955
1119,2029
1119,2033
1119,2062
1119,2066
1119,2085
1119,2105
1119,2119
1119,2125
1119,2136
1119,2155
1119,2179
1119,2209
1119,2218
1119,2258
1119,2290
1119,2297
1119,2331
1119,2341
1119,2404
1119,2427
1119,2440
1119,2510
1119,2537
1119,2603
1119,2642
1119,2654
1119,2727
1119,2761
1119,2773
1119,2793
1119,2801
1119,2869
1119,2906
1119,2937
1119,2947
1119,2965
1119,3062
1119,3091
1119,3118
1119,3230
1119,3248
1119,3293
1119,3420
1119,3537
1119,3544
1119,3565
1119,3664
1119,3699
1119,3731
1119,3771
1119,3788
1119,3792
1119,3801
1119,3822
1119,3880
1119,3932
1119,3962
1119,4013
1119,4035
1119,4037
1119,4215
1119,4216
1119,4222
1119,4230
1119,4261
1119,4286
1119,4317
1119,4329
1119,4336
1119,4431
1119,4433
1119,4509
1119,4548
1119,4559
1119,4576
1119,4577
1119,4629
1119,4664
1119,4675
1119,4683
1119,4700
1119,4711
1119,4716
1119,4762
1119,4805
1119,4819
1119,4836
1119,4859
1119,4892
1119,4898
1119,4906
1119,4965
1119,4987
1119,5061
1119,5086
1119,5174
1119,5186
1119,5220
1119,5349
1119,5428
1119,5470
1119,5480
1119,5503
1119,5518
1119,5532
1119,5561
1119,5604
1119,5710
1119,5824
1119,5841
1119,6076
1119,6113
1119,6116
1119,6121
1120,6
1120,10
1120,21
1120,29
1120,30
1120,50
1120,63
1120,71
1120,100
1120,108
1120,126
1120,139
1120,140
1120,175
1120,277
1120,280
1120,300
1120,349
1120,352
1120,359
1120,366
1120,379
1120,420
1120,445
1120,464
1120,475
1120,485
1120,501
1120,575
1120,690
1120,691
1120,730
1120,753
1120,763
1120,860
1120,870
1120,876
1120,960
1120,976
1120,1047
1120,1073
1120,1129
1120,1169
1120,1194
1120,1199
1120,1287
1120,1290
1120,1317
1120,1326
1120,1334
1120,1356
1120,1414
1120,1417
1120,1421
1120,1586
1120,1686
1120,1716
1120,1782
1120,1871
1120,2014
1120,2019
1120,2044
1120,2069
1120,2075
1120,2077
1120,2220
1120,2233
1120,2314
1120,2334
1120,2368
1120,2489
1120,2504
1120,2573
1120,2630
1120,2674
1120,2740
1120,2800
1120,2844
1120,2862
1120,2920
1120,2951
1120,3000
1120,3001
1120,3003
1120,3068
1120,3110
1120,3147
1120,3161
1120,3299
1120,3399
1120,3494
1120,3498
1120,3501
1120,3570
1120,3611
1120,3648
1120,3694
1120,3785
1120,3795
1120,3912
1120,4044
1120,4304
1120,4331
1120,4372
1120,4375
1120,4376
1120,4423
1120,4460
1120,4569
1120,4573
1120,4592
1120,4606
1120,4632
1120,4645
1120,4659
1120,4688
1120,4753
1120,4775
1120,4807
1120,4840
1120,4865
1120,4962
1120,4972
1120,4995
1120,5039
1120,5069
1120,5106
1120,5125
1120,5156
1120,5339
1120,5352
1120,5366
1120,5422
1120,5455
1120,5463
1120,5464
1120,5482
1120,5494
1120,5501
1120,5537
1120,5544
1120,5584
1120,5593
1120,5596
1120,5644
1120,5685
1120,5689
1120,5775
1120,5894
1120,6109
1120,6127
1120,6137
1120,6220
1120,6223
1121,17
1121,22
1121,25
1121,39
1121,41
1121,56
1121,88
1121,89
1121,90
1121,153
1121,158
1121,165
1121,252
1121,285
1121,286
1121,297
1121,350
1121,409
1121,412
1121,426
1121,471
1121,478
1121,496
1121,511
1121,520
1121,557
1121,573
1121,684
1121,772
1121,801
1121,820
1121,832
1121,865
1121,910
1121,1032
1121,1116
1121,1178
1121,1187
1121,1204
1121,1221
1121,1274
1121,1345
1121,1397
1121,1422
1121,1507
1121,1794
1121,1817
1121,1857
1121,1990
1121,2027
1121,2064
1121,2079
1121,2128
1121,2201
1121,2256
1121,2282
1121,2535
1121,2555
1121,2612
1121,2659
1121,2686
1121,2706
1121,2714
1121,2919
1121,2922
1121,2938
1121,3020
1121,3072
1121,3079
1121,3112
1121,3163
1121,3217
1121,3362
1121,3451
1121,3493
1121,3531
1121,3562
1121,3574
1121,3696
1121,3704
1121,3769
1121,3774
1121,3797
1121,3911
1121,3931
1121,4048
1121,4105
1121,4124
1121,4137
1121,4155
1121,4190
1121,4210
1121,4311
1121,4312
1121,4313
1121,4324
1121,4341
1121,4349
1121,4417
1121,4421
1121,4538
1121,4595
1121,4680
1121,4748
1121,4808
1121,4947
1121,4955
1121,4988
1121,4994
1121,5062
1121,5124
1121,5167
1121,5201
1121,5212
1121,5225
1121,5284
1121,5287
1121,5368
1121,5386
1121,5409
1121,5418
1121,5419
1121,5423
1121,5429
1121,5433
1121,5449
1121,5479
1121,5507
1121,5510
1121,5535
1121,5550
1121,5559
1121,5566
1121,5570
1121,5614
1121,5635
1121,5664
1121,5673
1121,5692
1121,5702
1121,5709
1121,5712
1121,5717
1121,5729
1121,5750
1121,5768
1121,5769
1121,5791
1121,5912
1121,6070
1121,6080
1121,6082
1121,6106
1121,6114
1121,6143
1121,6145
1121,6154
1121,6158
1121,6219
1121,6234
1122,36
1122,66
1122,78
1122,94
1122,129
1122,138
1122,170
1122,203
1122,258
1122,271
1122,288
1122,324
1122,367
1122,398
1122,431
1122,450
1122,489
1122,515
1122,540
1122,548
1122,565
1122,571
1122,599
1122,641
1122,666
1122,759
1122,768
1122,799
1122,810
1122,883
1122,937
1122,967
1122,995
1122,1078
1122,1083
1122,1161
1122,1245
1122,1283
1122,1300
1122,1431
1122,1540
1122,1596
1122,1652
1122,1813
1122,1870
1122,1932
1122,1978
1122,2086
1122,2129
1122,2179
1122,2326
1122,2456
1122,2509
1122,2553
1122,2616
1122,2930
1122,3260
1122,3656
1122,3822
1122,3932
1122,3962
1122,4035
1122,4043
1122,4104
1122,4132
1122,4138
1122,4158
1122,4230
1122,4272
1122,4275
1122,4278
1122,4301
1122,4364
1122,4656
1122,4702
1122,4754
1122,4777
1122,4890
1122,4914
1122,4925
1122,5092
1122,5095
1122,5269
1122,5383
1122,5390
1122,5403
1122,5441
1122,5460
1122,5470
1122,5523
1122,5552
1122,5637
1122,5671
1122,5710
1122,5740
1122,5777
1122,5871
1122,5875
1122,5890
1122,5945
1122,5963
1122,5971
1122,5987
1122,6111
1122,6116
1122,6150
1122,6164
1122,6190
1122,6216
1122,6246
1123,16
1123,33
1123,59
1123,67
1123,69
1123,108
1123,128
1123,140
1123,200
1123,352
1123,353
1123,355
1123,372
1123,430
1123,464
1123,564
1123,580
1123,639
1123,722
1123,783
1123,795
1123,814
1123,941
1123,944
1123,1003
1123,1013
1123,1052
1123,1066
1123,1158
1123,1192
1123,1326
1123,1792
1123,1830
1123,1962
1123,2077
1123,2306
1123,2634
1123,2793
1123,3775
1123,3893
1123,4207
1123,4251
1123,4294
1123,4624
1123,4676
1123,4712
1123,5110
1123,5399
1123,5420
1123,5491
1123,5494
1123,5506
1123,5530
1123,5541
1123,5546
1123,5589
1123,5593
1123,5650
1123,5744
1123,5751
1123,5767
1123,5822
1123,6117
1123,6151
1124,24
1124,29
1124,71
1124,88
1124,89
1124,90
1124,126
1124,279
1124,410
1124,458
1124,485
1124,557
1124,663
1124,830
1124,926
1124,1073
1124,1101
1124,1156
1124,1263
1124,1421
1124,2233
1124,2706
1124,2766
1124,2919
1124,3020
1124,3395
1124,3452
1124,3589
1124,4105
1124,4124
1124,4137
1124,4155
1124,4210
1124,4401
1124,4643
1124,4865
1124,4866
1124,4869
1124,5418
1124,5419
1124,5455
1124,5479
1124,5522
1124,5559
1124,5635
1124,5649
1124,5664
1124,5673
1124,5692
1124,5699
1124,5709
1124,5712
1124,5717
1124,5732
1124,5750
1124,5768
1124,6143
1124,6165
1124,6209
1125,14
1125,25
1125,121
1125,153
1125,196
1125,230
1125,412
1125,471
1125,1402
1125,1753
1125,4043
1125,4104
1125,4138
1125,4158
1125,4439
1125,5383
1125,5385
1125,5390
1125,5441
1125,5460
1125,5523
1125,5572
1125,5585
1125,5871
1125,5875
1125,5945
1125,5963
1125,5971
1125,5987
1125,6056
1125,6190
1125,6246
1126,300
1126,3744
1126,4656
1126,5420
1126,5535
1126,5684
1126,5744
1126,5751
1126,5767
1126,6080
1150,2835
1150,3123
1150,3322
1150,3526
1150,3579
1150,3675
1150,3688
1150,3858
1150,3861
1150,3863
1150,3869
1150,3883
1150,3939
1150,3965
1150,4007
1150,4021
1150,4023
1150,4034
1150,4042
1150,4052
1150,4058
1150,4065
1150,4072
1150,4093
1150,4096
1150,4106
1150,4107
1150,4109
1150,4117
1150,4128
1150,4139
1150,4164
1150,4167
1150,4175
1150,4177
1150,4181
1150,4182
1150,4200
1150,4201
1150,4204
1150,4209
1150,4213
1150,4217
1150,4220
1150,4224
1150,4229
1150,4231
1150,4233
1150,4234
1150,4235
1150,4238
1150,4244
1150,4245
1150,4326
1150,4522
1150,4641
1150,4666
1150,4710
1150,4746
1150,4810
1150,4844
1150,5051
1150,5215
1150,5223
1150,5230
1150,5250
1150,5251
1150,5253
1150,5313
1150,5327
1150,6210
1150,6213
1150,6215
1150,6222
1150,6225
1150,6226
1150,6231
1150,6235
1150,6240
1150,6252
1150,6253
1150,6257
1150,6258
1150,6263
1150,6264
1150,6267
1150,6268
1150,6271
1150,6273
1150,6274
1150,6275
1151,54
1151,65
1151,109
1151,111
1151,117
1151,169
1151,184
1151,222
1151,261
1151,312
1151,317
1151,319
1151,338
1151,382
1151,403
1151,414
1151,415
1151,442
1151,452
1151,453
1151,506
1151,522
1151,561
1151,567
1151,591
1151,622
1151,625
1151,632
1151,656
1151,664
1151,697
1151,716
1151,725
1151,757
1151,765
1151,781
1151,791
1151,842
1151,851
1151,905
1151,942
1151,981
1151,1024
1151,1070
1151,1085
1151,1165
1151,1205
1151,1213
1151,1256
1151,1318
1151,1344
1151,1446
1151,1449
1151,1532
1151,1569
1151,1617
1151,1628
1151,1690
1151,1725
1151,1726
1151,1818
1151,1865
1151,1894
1151,1913
1151,2006
1151,2053
1151,2067
1151,2071
1151,2115
1151,2121
1151,2162
1151,2222
1151,2245
1151,2251
1151,2286
1151,2330
1151,2386
1151,2547
1151,2805
1151,2836
1151,2859
1151,2860
1151,2864
1151,2901
1151,2992
1151,3045
1151,3066
1151,3422
1151,4169
1151,4189
1151,4247
1151,4265
1151,4280
1151,4306
1151,4309
1151,4315
1151,4363
1151,4377
1151,4398
1151,4511
1151,4518
1151,4549
1151,4550
1151,4579
1151,4611
1151,4665
1151,4744
1151,4843
1151,4852
1151,4853
1151,4920
1151,4921
1151,4959
1151,5034
1151,5082
1151,5165
1151,5203
1151,5282
1151,5294
1151,6256
1152,3
1152,4
1152,6
1152,7
1152,29
1152,48
1152,59
1152,62
1152,77
1152,87
1152,115
1152,155
1152,156
1152,161
1152,218
1152,251
1152,281
1152,310
1152,366
1152,381
1152,406
1152,460
1152,477
1152,485
1152,486
1152,560
1152,563
1152,572
1152,586
1152,629
1152,644
1152,665
1152,704
1152,714
1152,731
1152,788
1152,817
1152,830
1152,852
1152,858
1152,894
1152,917
1152,972
1152,994
1152,1015
1152,1169
1152,1335
1152,1352
1152,1369
1152,1388
1152,1395
1152,1397
1152,1454
1152,1491
1152,1496
1152,1518
1152,1522
1152,1567
1152,1589
1152,1618
1152,1664
1152,1670
1152,1677
1152,1713
1152,1721
1152,1812
1152,1822
1152,1875
1152,1885
1152,1926
1152,1932
1152,1946
1152,1953
1152,1974
1152,1979
1152,1980
1152,1997
1152,2021
1152,2040
1152,2049
1152,2072
1152,2094
1152,2116
1152,2167
1152,2200
1152,2238
1152,2262
1152,2276
1152,2281
1152,2307
1152,2311
1152,2335
1152,2339
1152,2347
1152,2354
1152,2367
1152,2379
1152,2401
1152,2421
1152,2448
1152,2466
1152,2562
1152,2566
1152,2572
1152,2607
1152,2637
1152,2665
1152,2711
1152,2736
1152,2893
1152,2925
1152,2957
1152,3052
1152,3121
1152,3152
1152,3194
1152,3221
1152,3255
1152,3271
1152,3273
1152,3297
1152,3315
1152,3328
1152,3354
1152,3387
1152,3388
1152,3412
1152,3495
1152,3562
1152,3576
1152,3623
1152,3628
1152,3630
1152,3641
1152,3803
1152,3810
1152,3814
1152,3833
1152,3887
1152,3895
1152,3898
1152,3979
1152,4022
1152,4337
1152,4364
1152,4382
1152,4389
1152,4392
1152,4407
1152,4408
1152,4466
1152,4510
1152,4523
1152,4572
1152,4586
1152,4589
1152,4596
1152,4625
1152,4631
1152,4638
1152,4654
1152,4712
1152,4767
1152,4801
1152,4815
1152,4854
1152,4877
1152,4944
1152,5059
1152,5100
1152,5136
1152,5139
1152,5159
1152,5204
1152,5206
1152,5213
1152,5260
1152,5262
1152,5293
1152,5346
1152,5352
1152,5358
1152,5395
1152,5463
1152,5464
1152,5487
1152,5505
1152,5537
1152,5561
1152,5584
1152,5601
1152,5689
1152,5729
1152,5770
1152,5775
1152,5841
1152,6075
1152,6103
1152,6211
1153,24
1153,33
1153,39
1153,58
1153,63
1153,72
1153,74
1153,75
1153,84
1153,89
1153,90
1153,94
1153,97
1153,101
1153,103
1153,118
1153,131
1153,136
1153,146
1153,147
1153,153
1153,158
1153,167
1153,170
1153,173
1153,185
1153,186
1153,187
1153,203
1153,236
1153,252
1153,256
1153,330
1153,351
1153,357
1153,362
1153,376
1153,392
1153,423
1153,424
1153,433
1153,434
1153,435
1153,459
1153,462
1153,470
1153,488
1153,509
1153,521
1153,549
1153,573
1153,582
1153,585
1153,592
1153,608
1153,610
1153,666
1153,699
1153,701
1153,743
1153,751
1153,759
1153,768
1153,799
1153,820
1153,863
1153,923
1153,927
1153,966
1153,1012
1153,1033
1153,1050
1153,1058
1153,1076
1153,1083
1153,1090
1153,1108
1153,1127
1153,1142
1153,1160
1153,1175
1153,1244
1153,1251
1153,1274
1153,1277
1153,1281
1153,1300
1153,1321
1153,1323
1153,1327
1153,1334
1153,1358
1153,1444
1153,1472
1153,1498
1153,1541
1153,1543
1153,1551
1153,1573
1153,1597
1153,1600
1153,1606
1153,1616
1153,1692
1153,1698
1153,1699
1153,1720
1153,1769
1153,1781
1153,1785
1153,1791
1153,1851
1153,1869
1153,1887
1153,1891
1153,1893
1153,1895
1153,1900
1153,1921
1153,1955
1153,1969
1153,1975
1153,1985
1153,1993
1153,1994
1153,2016
1153,2023
1153,2029
1153,2036
1153,2041
1153,2054
1153,2170
1153,2173
1153,2186
1153,2187
1153,2193
1153,2213
1153,2261
1153,2269
1153,2283
1153,2324
1153,2331
1153,2338
1153,2390
1153,2408
1153,2440
1153,2488
1153,2494
1153,2503
1153,2521
1153,2526
1153,2537
1153,2552
1153,2582
1153,2587
1153,2599
1153,2619
1153,2660
1153,2671
1153,2699
1153,2728
1153,2753
1153,2788
1153,2826
1153,2837
1153,2884
1153,2907
1153,2919
1153,2936
1153,2982
1153,2991
1153,2999
1153,3003
1153,3012
1153,3031
1153,3094
1153,3140
1153,3187
1153,3225
1153,3252
1153,3291
1153,3317
1153,3342
1153,3350
1153,3472
1153,3501
1153,3561
1153,3621
1153,3627
1153,3636
1153,3658
1153,3760
1153,3798
1153,3826
1153,3982
1153,4144
1153,4323
1153,4339
1153,4347
1153,4381
1153,4409
1153,4417
1153,4429
1153,4430
1153,4443
1153,4454
1153,4467
1153,4538
1153,4564
1153,4608
1153,4617
1153,4643
1153,4655
1153,4696
1153,4716
1153,4720
1153,4726
1153,4846
1153,4851
1153,4892
1153,4916
1153,4923
1153,4926
1153,4939
1153,4943
1153,4960
1153,4976
1153,4977
1153,4992
1153,4994
1153,5001
1153,5020
1153,5038
1153,5047
1153,5055
1153,5057
1153,5058
1153,5063
1153,5083
1153,5105
1153,5122
1153,5123
1153,5158
1153,5171
1153,5197
1153,5229
1153,5276
1153,5344
1153,5361
1153,5420
1153,5423
1153,5429
1153,5455
1153,5466
1153,5479
1153,5493
1153,5499
1153,5519
1153,5535
1153,5536
1153,5540
1153,5550
1153,5555
1153,5570
1153,5605
1153,5614
1153,5647
1153,5694
1153,5703
1153,5774
1153,5955
1153,6070
1153,6080
1153,6081
1153,6112
1153,6122
1153,6145
1153,6173
1153,6209
1153,6219
1153,6234
1153,6237
1153,6266
1154,5
1154,26
1154,30
1154,71
1154,73
1154,78
1154,102
1154,107
1154,109
1154,119
1154,132
1154,138
1154,140
1154,148
1154,162
1154,163
1154,165
1154,175
1154,190
1154,196
1154,197
1154,199
1154,205
1154,235
1154,243
1154,260
1154,271
1154,307
1154,324
1154,331
1154,347
1154,349
1154,377
1154,383
1154,391
1154,394
1154,409
1154,419
1154,422
1154,428
1154,455
1154,490
1154,496
1154,501
1154,511
1154,517
1154,531
1154,536
1154,539
1154,552
1154,580
1154,599
1154,606
1154,617
1154,663
1154,667
1154,673
1154,684
1154,686
1154,703
1154,722
1154,754
1154,758
1154,763
1154,793
1154,808
1154,809
1154,811
1154,823
1154,868
1154,900
1154,906
1154,910
1154,932
1154,937
1154,946
1154,949
1154,988
1154,996
1154,1001
1154,1006
1154,1014
1154,1027
1154,1029
1154,1053
1154,1105
1154,1112
1154,1125
1154,1126
1154,1144
1154,1156
1154,1185
1154,1189
1154,1196
1154,1204
1154,1207
1154,1219
1154,1221
1154,1231
1154,1238
1154,1247
1154,1249
1154,1266
1154,1273
1154,1276
1154,1287
1154,1341
1154,1345
1154,1363
1154,1376
1154,1384
1154,1430
1154,1434
1154,1458
1154,1470
1154,1473
1154,1506
1154,1507
1154,1535
1154,1539
1154,1540
1154,1561
1154,1570
1154,1583
1154,1586
1154,1620
1154,1643
1154,1674
1154,1682
1154,1693
1154,1696
1154,1702
1154,1714
1154,1715
1154,1731
1154,1749
1154,1757
1154,1760
1154,1782
1154,1783
1154,1787
1154,1788
1154,1802
1154,1828
1154,1830
1154,1836
1154,1837
1154,1848
1154,1861
1154,1866
1154,1867
1154,1870
1154,1906
1154,1918
1154,1927
1154,1928
1154,2008
1154,2014
1154,2027
1154,2064
1154,2066
1154,2085
1154,2097
1154,2105
1154,2114
1154,2119
1154,2125
1154,2137
1154,2153
1154,2178
1154,2179
1154,2185
1154,2203
1154,2209
1154,2218
1154,2258
1154,2272
1154,2285
1154,2290
1154,2297
1154,2325
1154,2336
1154,2341
1154,2368
1154,2404
1154,2414
1154,2427
1154,2456
1154,2460
1154,2489
1154,2495
1154,2504
1154,2510
1154,2533
1154,2553
1154,2555
1154,2573
1154,2574
1154,2603
1154,2612
1154,2622
1154,2642
1154,2654
1154,2682
1154,2706
1154,2714
1154,2727
1154,2739
1154,2758
1154,2764
1154,2773
1154,2778
1154,2793
1154,2823
1154,2824
1154,2844
1154,2852
1154,2866
1154,2869
1154,2920
1154,2938
1154,2947
1154,2963
1154,2965
1154,2971
1154,3015
1154,3023
1154,3062
1154,3091
1154,3130
1154,3163
1154,3217
1154,3230
1154,3248
1154,3249
1154,3253
1154,3278
1154,3293
1154,3357
1154,3399
1154,3406
1154,3420
1154,3498
1154,3517
1154,3544
1154,3586
1154,3610
1154,3634
1154,3649
1154,3664
1154,3678
1154,3687
1154,3699
1154,3731
1154,3769
1154,3771
1154,3788
1154,3792
1154,3795
1154,3799
1154,3801
1154,3822
1154,3850
1154,3880
1154,3897
1154,3932
1154,3940
1154,3962
1154,4035
1154,4037
1154,4190
1154,4215
1154,4230
1154,4261
1154,4267
1154,4286
1154,4288
1154,4317
1154,4329
1154,4331
1154,4333
1154,4336
1154,4341
1154,4359
1154,4374
1154,4376
1154,4406
1154,4415
1154,4431
1154,4433
1154,4509
1154,4512
1154,4548
1154,4559
1154,4569
1154,4576
1154,4577
1154,4592
1154,4595
1154,4609
1154,4616
1154,4632
1154,4645
1154,4664
1154,4683
1154,4692
1154,4698
1154,4700
1154,4703
1154,4704
1154,4711
1154,4715
1154,4748
1154,4762
1154,4772
1154,4775
1154,4790
1154,4796
1154,4805
1154,4807
1154,4819
1154,4833
1154,4836
1154,4855
1154,4858
1154,4859
1154,4898
1154,4904
1154,4906
1154,4919
1154,4925
1154,4959
1154,4965
1154,4972
1154,4995
1154,5039
1154,5052
1154,5061
1154,5062
1154,5086
1154,5092
1154,5111
1154,5130
1154,5174
1154,5186
1154,5187
1154,5269
1154,5271
1154,5287
1154,5330
1154,5355
1154,5403
1154,5428
1154,5449
1154,5470
1154,5480
1154,5506
1154,5510
1154,5513
1154,5544
1154,5566
1154,5587
1154,5596
1154,5608
1154,5637
1154,5644
1154,5650
1154,5671
1154,5710
1154,5791
1154,5900
1154,6102
1154,6109
1154,6113
1154,6116
1154,6137
1154,6164
1154,6220
1155,10
1155,14
1155,21
1155,22
1155,25
1155,29
1155,35
1155,36
1155,41
1155,50
1155,53
1155,56
1155,59
1155,66
1155,67
1155,68
1155,70
1155,88
1155,100
1155,108
1155,121
1155,126
1155,128
1155,139
1155,207
1155,219
1155,227
1155,246
1155,265
1155,277
1155,280
1155,297
1155,300
1155,326
1155,334
1155,345
1155,352
1155,353
1155,355
1155,359
1155,366
1155,368
1155,379
1155,390
1155,393
1155,398
1155,402
1155,412
1155,413
1155,420
1155,445
1155,464
1155,471
1155,475
1155,485
1155,515
1155,528
1155,540
1155,557
1155,575
1155,597
1155,638
1155,642
1155,654
1155,676
1155,680
1155,690
1155,724
1155,730
1155,748
1155,753
1155,801
1155,814
1155,829
1155,860
1155,865
1155,870
1155,876
1155,934
1155,943
1155,948
1155,960
1155,967
1155,976
1155,1047
1155,1052
1155,1055
1155,1129
1155,1158
1155,1161
1155,1168
1155,1194
1155,1199
1155,1290
1155,1308
1155,1317
1155,1326
1155,1356
1155,1367
1155,1382
1155,1406
1155,1414
1155,1417
1155,1422
1155,1445
1155,1466
1155,1504
1155,1546
1155,1639
1155,1686
1155,1740
1155,1750
1155,1773
1155,1784
1155,1803
1155,1813
1155,1843
1155,1847
1155,1871
1155,1983
1155,2002
1155,2033
1155,2052
1155,2062
1155,2069
1155,2075
1155,2077
1155,2079
1155,2086
1155,2128
1155,2136
1155,2141
1155,2158
1155,2161
1155,2164
1155,2220
1155,2233
1155,2239
1155,2256
1155,2282
1155,2312
1155,2314
1155,2322
1155,2326
1155,2334
1155,2429
1155,2441
1155,2482
1155,2535
1155,2567
1155,2591
1155,2605
1155,2610
1155,2616
1155,2617
1155,2630
1155,2635
1155,2674
1155,2690
1155,2740
1155,2761
1155,2785
1155,2797
1155,2798
1155,2800
1155,2862
1155,2878
1155,2886
1155,2897
1155,2945
1155,2951
1155,3000
1155,3001
1155,3020
1155,3079
1155,3085
1155,3110
1155,3131
1155,3133
1155,3147
1155,3170
1155,3206
1155,3219
1155,3231
1155,3251
1155,3260
1155,3299
1155,3439
1155,3494
1155,3499
1155,3531
1155,3537
1155,3555
1155,3562
1155,3565
1155,3570
1155,3611
1155,3613
1155,3631
1155,3648
1155,3694
1155,3696
1155,3738
1155,3764
1155,3766
1155,3774
1155,3776
1155,3785
1155,3819
1155,3893
1155,3905
1155,3911
1155,3912
1155,3931
1155,3951
1155,4112
1155,4126
1155,4216
1155,4247
1155,4248
1155,4250
1155,4301
1155,4304
1155,4311
1155,4312
1155,4313
1155,4318
1155,4340
1155,4364
1155,4372
1155,4375
1155,4380
1155,4391
1155,4423
1155,4450
1155,4486
1155,4488
1155,4490
1155,4493
1155,4506
1155,4565
1155,4573
1155,4598
1155,4606
1155,4624
1155,4630
1155,4659
1155,4676
1155,4680
1155,4688
1155,4689
1155,4702
1155,4707
1155,4722
1155,4753
1155,4754
1155,4765
1155,4840
1155,4863
1155,4865
1155,4947
1155,4955
1155,4962
1155,4988
1155,5029
1155,5069
1155,5080
1155,5106
1155,5124
1155,5125
1155,5132
1155,5156
1155,5159
1155,5163
1155,5180
1155,5183
1155,5185
1155,5196
1155,5212
1155,5220
1155,5284
1155,5298
1155,5339
1155,5345
1155,5349
1155,5352
1155,5399
1155,5415
1155,5426
1155,5463
1155,5464
1155,5465
1155,5494
1155,5537
1155,5539
1155,5561
1155,5562
1155,5589
1155,5590
1155,5593
1155,5672
1155,5685
1155,5689
1155,5691
1155,5692
1155,5702
1155,5733
1155,5738
1155,5766
1155,5770
1155,5775
1155,5804
1155,5824
1155,5838
1155,5841
1155,5866
1155,5888
1155,5894
1155,5898
1155,5912
1155,5959
1155,5981
1155,6001
1155,6014
1155,6076
1155,6100
1155,6105
1155,6106
1155,6114
1155,6117
1155,6121
1155,6139
1155,6144
1155,6154
1155,6211
1155,6218
1155,6223
1156,6
1156,17
1156,24
1156,33
1156,42
1156,48
1156,49
1156,63
1156,72
1156,75
1156,89
1156,90
1156,99
1156,118
1156,129
1156,153
1156,158
1156,203
1156,218
1156,230
1156,285
1156,286
1156,350
1156,362
1156,401
1156,430
1156,440
1156,478
1156,488
1156,499
1156,520
1156,541
1156,548
1156,565
1156,700
1156,732
1156,768
1156,772
1156,813
1156,832
1156,835
1156,933
1156,963
1156,989
1156,995
1156,1018
1156,1026
1156,1032
1156,1040
1156,1045
1156,1073
1156,1074
1156,1083
1156,1116
1156,1173
1156,1178
1156,1187
1156,1192
1156,1274
1156,1283
1156,1300
1156,1319
1156,1339
1156,1391
1156,1396
1156,1431
1156,1537
1156,1541
1156,1596
1156,1627
1156,1652
1156,1676
1156,1678
1156,1697
1156,1703
1156,1716
1156,1794
1156,1817
1156,1850
1156,1910
1156,1949
1156,1978
1156,1990
1156,2019
1156,2131
1156,2156
1156,2201
1156,2217
1156,2449
1156,2538
1156,2634
1156,2643
1156,2659
1156,2686
1156,2766
1156,2804
1156,2846
1156,2919
1156,2961
1156,3072
1156,3112
1156,3161
1156,3184
1156,3186
1156,3306
1156,3309
1156,3362
1156,3451
1156,3574
1156,3587
1156,3633
1156,3656
1156,3685
1156,3704
1156,3814
1156,3824
1156,4048
1156,4105
1156,4124
1156,4132
1156,4155
1156,4158
1156,4210
1156,4226
1156,4239
1156,4275
1156,4324
1156,4349
1156,4401
1156,4403
1156,4404
1156,4421
1156,4459
1156,4501
1156,4628
1156,4649
1156,4656
1156,4742
1156,4914
1156,4994
1156,5043
1156,5057
1156,5083
1156,5095
1156,5136
1156,5161
1156,5167
1156,5175
1156,5201
1156,5217
1156,5225
1156,5238
1156,5280
1156,5325
1156,5366
1156,5368
1156,5397
1156,5400
1156,5409
1156,5418
1156,5419
1156,5422
1156,5431
1156,5433
1156,5455
1156,5482
1156,5491
1156,5501
1156,5507
1156,5520
1156,5522
1156,5523
1156,5532
1156,5541
1156,5545
1156,5552
1156,5553
1156,5559
1156,5570
1156,5635
1156,5647
1156,5649
1156,5651
1156,5664
1156,5673
1156,5699
1156,5703
1156,5709
1156,5712
1156,5717
1156,5732
1156,5740
1156,5750
1156,5765
1156,5768
1156,5769
1156,6082
1156,6085
1156,6111
1156,6127
1156,6143
1156,6158
1156,6165
1156,6181
1156,6207
1156,6216
1156,6219
1157,5
1157,9
1157,18
1157,69
1157,78
1157,79
1157,109
1157,140
1157,162
1157,169
1157,190
1157,196
1157,200
1157,216
1157,254
1157,258
1157,271
1157,288
1157,302
1157,349
1157,367
1157,374
1157,431
1157,512
1157,517
1157,571
1157,580
1157,582
1157,604
1157,639
1157,641
1157,795
1157,810
1157,858
1157,883
1157,888
1157,944
1157,955
1157,972
1157,1013
1157,1078
1157,1150
1157,1245
1157,1260
1157,1271
1157,1383
1157,1448
1157,1606
1157,1743
1157,1888
1157,1893
1157,1996
1157,2179
1157,2368
1157,2428
1157,2479
1157,2510
1157,2706
1157,3003
1157,3068
1157,3566
1157,3715
1157,3890
1157,3923
1157,4043
1157,4044
1157,4104
1157,4137
1157,4138
1157,4170
1157,4272
1157,4278
1157,4289
1157,4417
1157,4460
1157,4538
1157,4655
1157,4664
1157,4752
1157,4762
1157,4776
1157,4777
1157,4819
1157,4881
1157,4890
1157,5082
1157,5092
1157,5259
1157,5383
1157,5385
1157,5386
1157,5390
1157,5393
1157,5423
1157,5429
1157,5441
1157,5449
1157,5460
1157,5470
1157,5480
1157,5492
1157,5493
1157,5512
1157,5519
1157,5525
1157,5535
1157,5544
1157,5550
1157,5572
1157,5575
1157,5604
1157,5614
1157,5626
1157,5633
1157,5660
1157,5665
1157,5695
1157,5701
1157,5777
1157,5782
1157,5822
1157,5871
1157,5875
1157,5890
1157,5942
1157,5945
1157,5955
1157,5963
1157,5971
1157,5987
1157,6005
1157,6022
1157,6037
1157,6060
1157,6062
1157,6070
1157,6080
1157,6109
1157,6122
1157,6137
1157,6145
1157,6190
1157,6246
1158,16
1158,46
1158,56
1158,66
1158,88
1158,94
1158,104
1158,108
1158,128
1158,146
1158,165
1158,172
1158,213
1158,219
1158,265
1158,331
1158,345
1158,352
1158,372
1158,390
1158,409
1158,412
1158,437
1158,453
1158,464
1158,471
1158,475
1158,564
1158,666
1158,756
1158,760
1158,783
1158,814
1158,870
1158,937
1158,941
1158,967
1158,997
1158,1003
1158,1066
1158,1156
1158,1229
1158,1263
1158,1270
1158,1397
1158,1468
1158,1604
1158,1774
1158,1792
1158,1833
1158,1960
1158,1962
1158,2077
1158,2128
1158,2129
1158,2305
1158,2306
1158,2405
1158,2555
1158,2758
1158,2938
1158,3020
1158,3062
1158,3136
1158,3452
1158,3501
1158,3562
1158,3589
1158,3694
1158,3775
1158,3934
1158,4251
1158,4291
1158,4294
1158,4304
1158,4486
1158,4624
1158,4629
1158,4658
1158,4712
1158,4808
1158,4865
1158,4869
1158,4947
1158,5322
1158,5380
1158,5415
1158,5420
1158,5432
1158,5463
1158,5464
1158,5479
1158,5500
1158,5689
1158,5692
1158,5702
1158,5715
1158,5735
1158,5738
1158,5744
1158,5751
1158,5767
1158,5770
1158,5775
1158,5791
1158,5851
1158,5912
1158,6056
1158,6100
1158,6114
1158,6164
1158,6234
1158,6237
1159,36
1159,48
1159,126
1159,129
1159,189
1159,230
1159,347
1159,398
1159,417
1159,458
1159,478
1159,489
1159,520
1159,531
1159,540
1159,548
1159,573
1159,699
1159,722
1159,768
1159,926
1159,933
1159,1101
1159,1274
1159,1345
1159,1540
1159,1566
1159,1753
1159,1824
1159,2051
1159,2086
1159,2919
1159,4105
1159,4124
1159,4132
1159,4155
1159,4158
1159,4210
1159,4364
1159,4656
1159,4702
1159,4731
1159,4741
1159,4754
1159,4866
1159,5284
1159,5366
1159,5403
1159,5409
1159,5418
1159,5419
1159,5510
1159,5518
1159,5522
1159,5523
1159,5559
1159,5566
1159,5570
1159,5635
1159,5647
1159,5649
1159,5664
1159,5671
1159,5673
1159,5699
1159,5709
1159,5712
1159,5717
1159,5729
1159,5732
1159,5740
1159,5750
1159,5765
1159,5768
1159,6085
1159,6106
1159,6143
1159,6148
1159,6165
1159,6209
1159,6219
1160,9
1160,29
1160,53
1160,78
1160,89
1160,138
1160,140
1160,190
1160,200
1160,254
1160,258
1160,288
1160,300
1160,366
1160,410
1160,496
1160,549
1160,639
1160,641
1160,676
1160,808
1160,951
1160,972
1160,991
1160,1402
1160,1777
1160,1800
1160,1870
1160,2244
1160,2274
1160,2740
1160,3003
1160,3112
1160,3177
1160,3696
1160,3744
1160,3893
1160,4043
1160,4104
1160,4137
1160,4138
1160,4417
1160,4762
1160,4890
1160,4962
1160,5054
1160,5069
1160,5110
1160,5203
1160,5232
1160,5352
1160,5383
1160,5390
1160,5399
1160,5426
1160,5441
1160,5460
1160,5480
1160,5488
1160,5491
1160,5492
1160,5512
1160,5532
1160,5537
1160,5561
1160,5572
1160,5585
1160,5589
1160,5822
1160,5841
1160,5871
1160,5875
1160,5945
1160,5963
1160,5971
1160,5985
1160,5987
1160,6005
1160,6025
1160,6113
1160,6117
1160,6137
1160,6154
1160,6177
1160,6183
1160,6190
1160,6246
1161,66
1161,69
1161,128
1161,153
1161,165
1161,213
1161,344
1161,409
1161,475
1161,564
1161,565
1161,666
1161,681
1161,830
1161,975
1161,997
1161,1066
1161,1347
1161,1441
1161,1833
1161,2077
1161,2179
1161,2306
1161,2424
1161,2555
1161,3020
1161,3452
1161,3589
1161,3775
1161,3934
1161,4272
1161,4349
1161,4439
1161,5092
1161,5234
1161,5420
1161,5429
1161,5450
1161,5455
1161,5519
1161,5535
1161,5620
1161,5684
1161,5702
1161,5744
1161,5751
1161,5767
1161,5791
1161,5894
1161,6080
1161,6109
1161,6127
1162,14
1162,24
1162,35
1162,90
1162,121
1162,230
1162,315
1162,364
1162,460
1162,464
1162,571
1162,572
1162,1273
1162,1753
1162,1792
1162,2201
1162,2938
1162,3395
1162,4294
1162,4808
1162,4869
1162,5395
1162,6106
1163,108
1163,139
1163,196
1163,391
1163,483
1163,520
1163,540
1163,562
1163,610
1163,1029
1163,1317
1163,1566
1163,1955
1163,2368
1163,3744
1163,4105
1163,4124
1163,4132
1163,4137
1163,4155
1163,4158
1163,4210
1163,4251
1163,4275
1163,4656
1163,4702
1163,4988
1163,5095
1163,5161
1163,5418
1163,5419
1163,5433
1163,5522
1163,5523
1163,5559
1163,5635
1163,5649
1163,5664
1163,5673
1163,5692
1163,5699
1163,5709
1163,5712
1163,5717
1163,5732
1163,5740
1163,5750
1163,5768
1163,6143
1164,412
1164,471
1164,663
1164,748
1164,1210
1164,2128
1164,2555
1164,3501
1164,3562
1164,3694
1164,3714
1164,4043
1164,4104
1164,4138
1164,4304
1164,4719
1164,4865
1164,4962
1164,5110
1164,5284
1164,5383
1164,5390
1164,5399
1164,5441
1164,5460
1164,5479
1164,5491
1164,5512
1164,5525
1164,5541
1164,5572
1164,5585
1164,5731
1164,5769
1164,5822
1164,5871
1164,5875
1164,5945
1164,5963
1164,5971
1164,5987
1164,6005
1164,6114
1164,6158
1164,6190
1164,6234
1164,6246
1165,78
1165,138
1165,165
1165,409
1165,768
1165,1204
1165,1274
1165,1345
1165,1764
1165,2616
1165,3237
1165,4538
1165,5403
1165,5420
1165,5429
1165,5500
1165,5510
1165,5535
1165,5548
1165,5566
1165,5570
1165,5637
1165,5671
1165,5684
1165,5702
1165,5744
1165,5751
1165,5767
1165,5773
1165,5791
1165,6080
1165,6219
1166,89
1166,108
1166,367
1166,398
1166,2077
1166,2405
1166,2938
1166,3656
1166,4364
1166,4754
1166,5589
1166,6111
1166,6117
1166,6216
1166,6242
1167,90
1167,5455
1167,6106
1185,2835
1185,3123
1185,3322
1185,3526
1185,3579
1185,3675
1185,3688
1185,3861
1185,3863
1185,3869
1185,3939
1185,3965
1185,4007
1185,4021
1185,4034
1185,4042
1185,4058
1185,4065
1185,4072
1185,4093
1185,4096
1185,4106
1185,4107
1185,4109
1185,4117
1185,4128
1185,4139
1185,4164
1185,4167
1185,4175
1185,4177
1185,4182
1185,4200
1185,4201
1185,4204
1185,4209
1185,4213
1185,4217
1185,4220
1185,4224
1185,4229
1185,4231
1185,4233
1185,4234
1185,4235
1185,4238
1185,4244
1185,4245
1185,4326
1185,4522
1185,4641
1185,4710
1185,4746
1185,4810
1185,4843
1185,4844
1185,5051
1185,5215
1185,5223
1185,5230
1185,5250
1185,5251
1185,5253
1185,5327
1185,6210
1185,6213
1185,6215
1185,6222
1185,6225
1185,6226
1185,6231
1185,6235
1185,6240
1185,6252
1185,6253
1185,6256
1185,6257
1185,6258
1185,6263
1185,6264
1185,6267
1185,6268
1185,6271
1185,6273
1185,6274
1185,6275
1186,48
1186,54
1186,65
1186,109
1186,111
1186,169
1186,184
1186,222
1186,261
1186,312
1186,317
1186,319
1186,338
1186,382
1186,415
1186,442
1186,452
1186,453
1186,506
1186,522
1186,561
1186,567
1186,591
1186,622
1186,625
1186,656
1186,664
1186,716
1186,725
1186,757
1186,765
1186,781
1186,791
1186,842
1186,851
1186,905
1186,942
1186,981
1186,1024
1186,1070
1186,1165
1186,1205
1186,1213
1186,1256
1186,1318
1186,1449
1186,1532
1186,1617
1186,1628
1186,1690
1186,1726
1186,1818
1186,1865
1186,1894
1186,2006
1186,2053
1186,2067
1186,2071
1186,2121
1186,2162
1186,2222
1186,2251
1186,2286
1186,2330
1186,2386
1186,2547
1186,2805
1186,2836
1186,2859
1186,2860
1186,2864
1186,2992
1186,3045
1186,3066
1186,3422
1186,3858
1186,3883
1186,4023
1186,4052
1186,4169
1186,4181
1186,4189
1186,4247
1186,4265
1186,4280
1186,4306
1186,4309
1186,4315
1186,4363
1186,4377
1186,4511
1186,4550
1186,4579
1186,4666
1186,4744
1186,4852
1186,4853
1186,4920
1186,4921
1186,4959
1186,5082
1186,5165
1186,5203
1186,5282
1186,5294
1186,5313
1187,3
1187,4
1187,7
1187,24
1187,29
1187,87
1187,115
1187,155
1187,218
1187,251
1187,366
1187,381
1187,403
1187,460
1187,477
1187,560
1187,563
1187,572
1187,586
1187,629
1187,632
1187,644
1187,665
1187,704
1187,788
1187,808
1187,817
1187,830
1187,852
1187,858
1187,894
1187,917
1187,972
1187,994
1187,1004
1187,1015
1187,1335
1187,1352
1187,1358
1187,1395
1187,1397
1187,1496
1187,1518
1187,1522
1187,1567
1187,1589
1187,1618
1187,1664
1187,1670
1187,1677
1187,1713
1187,1721
1187,1725
1187,1812
1187,1875
1187,1885
1187,1913
1187,1926
1187,1932
1187,1946
1187,1979
1187,1980
1187,1997
1187,2021
1187,2025
1187,2040
1187,2049
1187,2072
1187,2094
1187,2167
1187,2200
1187,2238
1187,2245
1187,2262
1187,2276
1187,2281
1187,2307
1187,2311
1187,2335
1187,2339
1187,2401
1187,2421
1187,2448
1187,2466
1187,2562
1187,2566
1187,2572
1187,2578
1187,2607
1187,2637
1187,2665
1187,2691
1187,2711
1187,2925
1187,2957
1187,3003
1187,3052
1187,3121
1187,3152
1187,3194
1187,3221
1187,3255
1187,3271
1187,3273
1187,3297
1187,3315
1187,3328
1187,3354
1187,3387
1187,3576
1187,3623
1187,3630
1187,3641
1187,3803
1187,3810
1187,3833
1187,3887
1187,3895
1187,3898
1187,3940
1187,3979
1187,4022
1187,4337
1187,4364
1187,4382
1187,4389
1187,4392
1187,4398
1187,4407
1187,4408
1187,4466
1187,4510
1187,4518
1187,4523
1187,4572
1187,4586
1187,4589
1187,4596
1187,4631
1187,4654
1187,4801
1187,4815
1187,4854
1187,4877
1187,4943
1187,4944
1187,4964
1187,5059
1187,5136
1187,5139
1187,5159
1187,5204
1187,5205
1187,5206
1187,5213
1187,5260
1187,5290
1187,5293
1187,5346
1187,5352
1187,5395
1187,5463
1187,5464
1187,5487
1187,5492
1187,5505
1187,5518
1187,5537
1187,5561
1187,5570
1187,5584
1187,5689
1187,5729
1187,5770
1187,5775
1187,6075
1187,6112
1187,6122
1187,6211
1187,6219
1188,33
1188,39
1188,53
1188,59
1188,62
1188,63
1188,74
1188,77
1188,84
1188,90
1188,101
1188,103
1188,118
1188,136
1188,146
1188,147
1188,148
1188,156
1188,158
1188,161
1188,167
1188,186
1188,196
1188,197
1188,203
1188,205
1188,236
1188,256
1188,307
1188,310
1188,330
1188,351
1188,357
1188,362
1188,392
1188,406
1188,423
1188,424
1188,433
1188,434
1188,435
1188,459
1188,462
1188,470
1188,488
1188,509
1188,521
1188,549
1188,582
1188,585
1188,592
1188,608
1188,610
1188,690
1188,699
1188,751
1188,863
1188,923
1188,966
1188,1012
1188,1033
1188,1058
1188,1076
1188,1090
1188,1127
1188,1142
1188,1160
1188,1175
1188,1251
1188,1277
1188,1281
1188,1323
1188,1369
1188,1401
1188,1444
1188,1498
1188,1541
1188,1543
1188,1551
1188,1597
1188,1606
1188,1616
1188,1692
1188,1698
1188,1699
1188,1720
1188,1769
1188,1781
1188,1785
1188,1869
1188,1887
1188,1893
1188,1895
1188,1921
1188,1975
1188,1985
1188,1993
1188,1994
1188,2016
1188,2023
1188,2041
1188,2173
1188,2186
1188,2193
1188,2213
1188,2261
1188,2269
1188,2283
1188,2324
1188,2331
1188,2338
1188,2390
1188,2494
1188,2526
1188,2536
1188,2537
1188,2599
1188,2660
1188,2699
1188,2728
1188,2753
1188,2788
1188,2837
1188,2907
1188,2936
1188,3094
1188,3260
1188,3350
1188,3501
1188,3562
1188,3798
1188,3814
1188,3982
1188,4144
1188,4323
1188,4339
1188,4347
1188,4417
1188,4443
1188,4454
1188,4467
1188,4491
1188,4564
1188,4617
1188,4655
1188,4696
1188,4712
1188,4720
1188,4726
1188,4767
1188,4838
1188,4858
1188,4892
1188,4916
1188,4923
1188,4926
1188,4939
1188,4960
1188,4976
1188,4977
1188,4994
1188,5047
1188,5055
1188,5058
1188,5063
1188,5083
1188,5105
1188,5158
1188,5259
1188,5276
1188,5358
1188,5385
1188,5420
1188,5423
1188,5493
1188,5499
1188,5519
1188,5774
1188,6081
1188,6100
1188,6103
1188,6145
1188,6209
1189,6
1189,26
1189,73
1189,78
1189,79
1189,89
1189,94
1189,97
1189,107
1189,109
1189,132
1189,138
1189,165
1189,170
1189,175
1189,187
1189,190
1189,243
1189,252
1189,260
1189,271
1189,349
1189,376
1189,377
1189,383
1189,391
1189,394
1189,409
1189,419
1189,422
1189,426
1189,428
1189,490
1189,496
1189,517
1189,539
1189,541
1189,599
1189,666
1189,667
1189,673
1189,686
1189,722
1189,743
1189,758
1189,759
1189,768
1189,793
1189,799
1189,809
1189,811
1189,823
1189,868
1189,906
1189,927
1189,932
1189,937
1189,943
1189,946
1189,1001
1189,1027
1189,1053
1189,1083
1189,1099
1189,1105
1189,1112
1189,1125
1189,1126
1189,1156
1189,1185
1189,1196
1189,1204
1189,1207
1189,1219
1189,1231
1189,1238
1189,1247
1189,1266
1189,1274
1189,1300
1189,1341
1189,1412
1189,1458
1189,1473
1189,1506
1189,1539
1189,1540
1189,1570
1189,1583
1189,1620
1189,1631
1189,1674
1189,1680
1189,1682
1189,1686
1189,1693
1189,1696
1189,1714
1189,1715
1189,1731
1189,1749
1189,1757
1189,1760
1189,1782
1189,1783
1189,1787
1189,1788
1189,1802
1189,1828
1189,1830
1189,1836
1189,1848
1189,1861
1189,1870
1189,1900
1189,1906
1189,1927
1189,1928
1189,1955
1189,1969
1189,2008
1189,2029
1189,2054
1189,2105
1189,2119
1189,2125
1189,2148
1189,2153
1189,2179
1189,2185
1189,2203
1189,2218
1189,2258
1189,2290
1189,2297
1189,2341
1189,2404
1189,2427
1189,2510
1189,2533
1189,2553
1189,2603
1189,2642
1189,2654
1189,2727
1189,2801
1189,2824
1189,2869
1189,2919
1189,2937
1189,2947
1189,2963
1189,2965
1189,2971
1189,3062
1189,3091
1189,3118
1189,3187
1189,3230
1189,3249
1189,3293
1189,3544
1189,3664
1189,3699
1189,3731
1189,3771
1189,3788
1189,3792
1189,3801
1189,3850
1189,3880
1189,4247
1189,4248
1189,4261
1189,4267
1189,4286
1189,4288
1189,4317
1189,4329
1189,4336
1189,4359
1189,4406
1189,4433
1189,4509
1189,4548
1189,4559
1189,4569
1189,4576
1189,4577
1189,4616
1189,4645
1189,4683
1189,4692
1189,4700
1189,4703
1189,4704
1189,4711
1189,4772
1189,4775
1189,4790
1189,4805
1189,4819
1189,4833
1189,4836
1189,4855
1189,4859
1189,4906
1189,4919
1189,4959
1189,4965
1189,5008
1189,5052
1189,5061
1189,5086
1189,5090
1189,5092
1189,5111
1189,5123
1189,5174
1189,5187
1189,5197
1189,5361
1189,5387
1189,5403
1189,5428
1189,5449
1189,5470
1189,5503
1189,5510
1189,5532
1189,5566
1189,5587
1189,5596
1189,5605
1189,5608
1189,5647
1189,5791
1189,5824
1189,5841
1189,6070
1189,6076
1189,6109
1189,6113
1189,6137
1189,6164
1190,10
1190,14
1190,18
1190,21
1190,24
1190,29
1190,30
1190,36
1190,41
1190,48
1190,50
1190,66
1190,67
1190,68
1190,70
1190,88
1190,108
1190,126
1190,128
1190,140
1190,172
1190,235
1190,246
1190,265
1190,277
1190,326
1190,331
1190,334
1190,352
1190,353
1190,355
1190,368
1190,390
1190,393
1190,464
1190,475
1190,501
1190,511
1190,528
1190,580
1190,597
1190,606
1190,617
1190,638
1190,654
1190,680
1190,730
1190,745
1190,753
1190,763
1190,820
1190,865
1190,948
1190,949
1190,976
1190,988
1190,1014
1190,1052
1190,1055
1190,1073
1190,1129
1190,1168
1190,1169
1190,1269
1190,1287
1190,1290
1190,1308
1190,1356
1190,1363
1190,1367
1190,1384
1190,1430
1190,1507
1190,1535
1190,1561
1190,1586
1190,1600
1190,1639
1190,1710
1190,1843
1190,1847
1190,1857
1190,1871
1190,1918
1190,1939
1190,1983
1190,2014
1190,2033
1190,2062
1190,2075
1190,2085
1190,2097
1190,2136
1190,2158
1190,2220
1190,2237
1190,2312
1190,2314
1190,2326
1190,2368
1190,2429
1190,2440
1190,2441
1190,2489
1190,2555
1190,2573
1190,2630
1190,2674
1190,2740
1190,2761
1190,2773
1190,2785
1190,2793
1190,2798
1190,2804
1190,2844
1190,2862
1190,2878
1190,2938
1190,2945
1190,2951
1190,3001
1190,3003
1190,3110
1190,3147
1190,3217
1190,3231
1190,3248
1190,3306
1190,3399
1190,3420
1190,3494
1190,3531
1190,3537
1190,3565
1190,3570
1190,3611
1190,3631
1190,3648
1190,3694
1190,3738
1190,3764
1190,3769
1190,3776
1190,3795
1190,3912
1190,3962
1190,3997
1190,4035
1190,4037
1190,4126
1190,4216
1190,4230
1190,4301
1190,4304
1190,4318
1190,4331
1190,4364
1190,4372
1190,4391
1190,4423
1190,4431
1190,4460
1190,4488
1190,4538
1190,4573
1190,4592
1190,4606
1190,4629
1190,4637
1190,4643
1190,4659
1190,4664
1190,4675
1190,4680
1190,4688
1190,4698
1190,4722
1190,4762
1190,4807
1190,4863
1190,4865
1190,4904
1190,4925
1190,4955
1190,4962
1190,4987
1190,5069
1190,5106
1190,5132
1190,5196
1190,5212
1190,5220
1190,5269
1190,5287
1190,5298
1190,5339
1190,5349
1190,5413
1190,5429
1190,5455
1190,5463
1190,5464
1190,5467
1190,5506
1190,5518
1190,5535
1190,5544
1190,5550
1190,5554
1190,5584
1190,5590
1190,5593
1190,5614
1190,5626
1190,5644
1190,5689
1190,5702
1190,5770
1190,5773
1190,5775
1190,5777
1190,5912
1190,5955
1190,6080
1190,6102
1190,6106
1190,6116
1190,6121
1190,6168
1190,6220
1190,6234
1191,7
1191,17
1191,25
1191,33
1191,56
1191,63
1191,71
1191,72
1191,75
1191,90
1191,104
1191,118
1191,145
1191,147
1191,153
1191,158
1191,169
1191,196
1191,197
1191,203
1191,218
1191,219
1191,230
1191,280
1191,285
1191,286
1191,297
1191,300
1191,324
1191,350
1191,398
1191,412
1191,420
1191,440
1191,471
1191,479
1191,485
1191,488
1191,515
1191,557
1191,573
1191,582
1191,642
1191,691
1191,724
1191,732
1191,772
1191,801
1191,808
1191,813
1191,832
1191,835
1191,933
1191,963
1191,972
1191,1040
1191,1116
1191,1161
1191,1178
1191,1187
1191,1270
1191,1319
1191,1339
1191,1345
1191,1391
1191,1417
1191,1421
1191,1422
1191,1472
1191,1604
1191,1627
1191,1652
1191,1697
1191,1784
1191,1794
1191,1817
1191,1820
1191,1833
1191,1893
1191,1990
1191,2027
1191,2044
1191,2051
1191,2128
1191,2141
1191,2233
1191,2256
1191,2292
1191,2449
1191,2504
1191,2535
1191,2610
1191,2616
1191,2659
1191,2686
1191,2706
1191,2758
1191,2800
1191,2852
1191,2922
1191,3072
1191,3079
1191,3161
1191,3299
1191,3439
1191,3451
1191,3501
1191,3562
1191,3613
1191,3656
1191,3696
1191,3766
1191,3774
1191,3785
1191,3824
1191,3931
1191,4048
1191,4105
1191,4124
1191,4137
1191,4155
1191,4210
1191,4311
1191,4312
1191,4313
1191,4324
1191,4340
1191,4421
1191,4581
1191,4595
1191,4615
1191,4656
1191,4689
1191,4754
1191,4760
1191,4765
1191,4947
1191,4994
1191,5029
1191,5043
1191,5083
1191,5095
1191,5167
1191,5183
1191,5201
1191,5217
1191,5225
1191,5280
1191,5284
1191,5322
1191,5325
1191,5368
1191,5409
1191,5418
1191,5419
1191,5423
1191,5437
1191,5479
1191,5482
1191,5492
1191,5493
1191,5494
1191,5500
1191,5513
1191,5519
1191,5520
1191,5522
1191,5545
1191,5552
1191,5555
1191,5559
1191,5570
1191,5589
1191,5633
1191,5635
1191,5637
1191,5649
1191,5664
1191,5671
1191,5673
1191,5692
1191,5709
1191,5710
1191,5712
1191,5715
1191,5717
1191,5730
1191,5732
1191,5738
1191,5740
1191,5750
1191,5751
1191,5768
1191,5769
1191,5959
1191,6114
1191,6117
1191,6122
1191,6143
1191,6154
1191,6158
1191,6219
1192,9
1192,39
1192,42
1192,43
1192,59
1192,73
1192,78
1192,107
1192,132
1192,138
1192,148
1192,190
1192,254
1192,302
1192,366
1192,367
1192,376
1192,409
1192,431
1192,445
1192,489
1192,500
1192,520
1192,521
1192,540
1192,690
1192,699
1192,748
1192,799
1192,810
1192,811
1192,814
1192,885
1192,967
1192,995
1192,1013
1192,1026
1192,1053
1192,1065
1192,1078
1192,1158
1192,1173
1192,1192
1192,1194
1192,1204
1192,1245
1192,1260
1192,1263
1192,1274
1192,1300
1192,1326
1192,1383
1192,1431
1192,1764
1192,1897
1192,1978
1192,2019
1192,2077
1192,2079
1192,2164
1192,2203
1192,2334
1192,2510
1192,2713
1192,2897
1192,3112
1192,3260
1192,3288
1192,3715
1192,4043
1192,4104
1192,4132
1192,4138
1192,4158
1192,4275
1192,4490
1192,4676
1192,4696
1192,4702
1192,4753
1192,4776
1192,4777
1192,4866
1192,5125
1192,5130
1192,5185
1192,5380
1192,5383
1192,5385
1192,5386
1192,5390
1192,5393
1192,5399
1192,5415
1192,5441
1192,5450
1192,5460
1192,5510
1192,5523
1192,5541
1192,5562
1192,5566
1192,5604
1192,5617
1192,5699
1192,5701
1192,5765
1192,5804
1192,5822
1192,5871
1192,5875
1192,5945
1192,5963
1192,5971
1192,5987
1192,6005
1192,6037
1192,6062
1192,6067
1192,6127
1192,6137
1192,6164
1192,6190
1192,6223
1192,6246
1193,16
1193,41
1193,66
1193,88
1193,89
1193,94
1193,99
1193,108
1193,128
1193,129
1193,140
1193,277
1193,352
1193,401
1193,430
1193,475
1193,478
1193,496
1193,531
1193,548
1193,549
1193,565
1193,571
1193,599
1193,705
1193,722
1193,768
1193,783
1193,937
1193,941
1193,1129
1193,1133
1193,1156
1193,1540
1193,1541
1193,1678
1193,1774
1193,1792
1193,1870
1193,1949
1193,2131
1193,2179
1193,2201
1193,2405
1193,2424
1193,2515
1193,2555
1193,2846
1193,3020
1193,3133
1193,3184
1193,3309
1193,3712
1193,3893
1193,4102
1193,4251
1193,4272
1193,4291
1193,4294
1193,4364
1193,4401
1193,4538
1193,4624
1193,4643
1193,4649
1193,4658
1193,4712
1193,4762
1193,4806
1193,4808
1193,4904
1193,5092
1193,5163
1193,5175
1193,5203
1193,5352
1193,5420
1193,5480
1193,5491
1193,5512
1193,5535
1193,5537
1193,5539
1193,5548
1193,5672
1193,5702
1193,5744
1193,5767
1193,5791
1193,6080
1193,6106
1193,6111
1194,33
1194,69
1194,200
1194,258
1194,271
1194,288
1194,349
1194,355
1194,639
1194,641
1194,753
1194,782
1194,795
1194,823
1194,865
1194,883
1194,933
1194,962
1194,1116
1194,1187
1194,1190
1194,1566
1194,2617
1194,2686
1194,3079
1194,3704
1194,3934
1194,4207
1194,4380
1194,4460
1194,4629
1194,4630
1194,4890
1194,5082
1194,5366
1194,5397
1194,5455
1194,5544
1194,5689
1194,5782
1194,5824
1194,5894
1194,6209
1195,9
1195,24
1195,29
1195,42
1195,203
1195,254
1195,279
1195,564
1195,799
1195,1066
1195,1073
1195,1271
1195,2306
1195,3452
1195,3589
1195,3775
1195,4349
1195,4869
1195,5054
1195,5185
1195,5553
1195,5835
1195,6216
1196,63
1196,73
1196,99
1196,100
1196,196
1196,213
1196,230
1196,475
1196,565
1196,681
1196,830
1196,1089
1196,1173
1196,1541
1196,1596
1196,1753
1196,1949
1196,2131
1196,2846
1196,3184
1196,3309
1196,3395
1196,4272
1196,4439
1196,4527
1196,4649
1196,4705
1196,4731
1196,5092
1196,5130
1196,5234
1196,5385
1197,33
1197,56
1197,78
1197,88
1197,271
1197,376
1197,582
1197,699
1197,988
1197,991
1197,1273
1197,1317
1197,1358
1197,1431
1197,1606
1197,3068
1197,3219
1197,3744
1197,4044
1197,4630
1197,4656
1197,5159
1197,5397
1197,5449
1197,5506
1197,5535
1197,5544
1197,5575
1197,5644
1197,5689
1197,5695
1197,6060
1198,89
1198,108
1198,205
1198,391
1198,571
1198,814
1198,964
1198,1003
1198,1210
1198,1271
1198,1468
1198,1794
1198,1800
1198,3186
1198,3411
1198,4129
1198,4364
1198,4632
1198,4722
1198,4865
1198,4988
1198,5420
1198,5480
1198,5553
1198,5617
1198,5955
1199,41
1199,140
1199,153
1199,203
1199,218
1199,352
1199,367
1199,410
1199,431
1199,700
1199,756
1199,926
1199,937
1199,944
1199,967
1199,1078
1199,1101
1199,1397
1199,1596
1199,2077
1199,2179
1199,2405
1199,2758
1199,4192
1199,4278
1199,4349
1199,4754
1199,5110
1199,5366
1199,5400
1199,5455
1199,5539
1199,5894
1200,372
1200,437
1200,458
1200,810
1200,1013
1200,1402
1200,1480
1200,1540
1200,3893
1200,4251
1200,4624
1200,4702
1200,4741
1200,5093
1200,5136
1200,6106
1200,6145
1200,6248
1201,94
1201,189
1201,565
1201,571
1201,676
1201,783
1201,941
1201,1436
1201,1792
1201,1830
1201,4207
1201,4272
1201,4294
1201,4656
1201,4712
1201,4808
1201,6127
1202,129
1202,520
1202,883
1202,1566
1202,3934
1202,4275
1202,4493
1202,5095
1203,200
1203,639
1203,799
1203,3589
1203,5110
1204,14
1204,121
1204,230
1204,340
1204,1753
1204,2306
1204,3452
1204,3775
1204,4869
1205,460
1205,562
1205,564
1205,572
1205,683
1205,830
1205,1210
1205,2368
1205,3395
1205,3744
1205,4656
1206,300
1206,412
1206,471
1206,663
1206,748
1206,4865
1206,5479
1206,6114
1220,2835
1220,3123
1220,3322
1220,3526
1220,3579
1220,3675
1220,3688
1220,3858
1220,3861
1220,3863
1220,3869
1220,3883
1220,3939
1220,3965
1220,4007
1220,4021
1220,4023
1220,4034
1220,4042
1220,4052
1220,4058
1220,4065
1220,4072
1220,4093
1220,4096
1220,4106
1220,4107
1220,4109
1220,4117
1220,4128
1220,4139
1220,4164
1220,4167
1220,4175
1220,4177
1220,4181
1220,4182
1220,4200
1220,4201
1220,4204
1220,4209
1220,4213
1220,4217
1220,4220
1220,4224
1220,4229
1220,4231
1220,4233
1220,4234
1220,4235
1220,4238
1220,4244
1220,4245
1220,4326
1220,4522
1220,4641
1220,4710
1220,4746
1220,4810
1220,4844
1220,5051
1220,5215
1220,5223
1220,5230
1220,5250
1220,5251
1220,5253
1220,5313
1220,5327
1220,6210
1220,6213
1220,6215
1220,6222
1220,6225
1220,6226
1220,6231
1220,6235
1220,6240
1220,6252
1220,6253
1220,6257
1220,6258
1220,6263
1220,6264
1220,6267
1220,6268
1220,6271
1220,6273
1220,6274
1220,6275
1221,54
1221,65
1221,109
1221,111
1221,169
1221,184
1221,222
1221,261
1221,312
1221,317
1221,319
1221,338
1221,382
1221,415
1221,442
1221,452
1221,453
1221,506
1221,522
1221,561
1221,567
1221,591
1221,622
1221,625
1221,656
1221,664
1221,697
1221,716
1221,725
1221,757
1221,765
1221,781
1221,791
1221,842
1221,851
1221,905
1221,942
1221,981
1221,1024
1221,1070
1221,1165
1221,1205
1221,1213
1221,1256
1221,1318
1221,1352
1221,1446
1221,1449
1221,1496
1221,1532
1221,1569
1221,1617
1221,1628
1221,1690
1221,1725
1221,1726
1221,1818
1221,1865
1221,1894
1221,1913
1221,2006
1221,2053
1221,2067
1221,2071
1221,2121
1221,2162
1221,2222
1221,2245
1221,2251
1221,2286
1221,2330
1221,2386
1221,2547
1221,2805
1221,2836
1221,2859
1221,2860
1221,2864
1221,2901
1221,2992
1221,3045
1221,3066
1221,3422
1221,3810
1221,4169
1221,4189
1221,4247
1221,4265
1221,4280
1221,4306
1221,4309
1221,4315
1221,4363
1221,4377
1221,4511
1221,4518
1221,4550
1221,4579
1221,4665
1221,4666
1221,4744
1221,4843
1221,4852
1221,4853
1221,4920
1221,4921
1221,4959
1221,5082
1221,5165
1221,5203
1221,5282
1221,5290
1221,5294
1221,6256
1222,3
1222,4
1222,7
1222,24
1222,29
1222,48
1222,87
1222,90
1222,115
1222,155
1222,161
1222,218
1222,251
1222,366
1222,381
1222,403
1222,406
1222,436
1222,460
1222,477
1222,560
1222,563
1222,572
1222,586
1222,629
1222,632
1222,644
1222,665
1222,704
1222,731
1222,788
1222,817
1222,830
1222,852
1222,858
1222,894
1222,917
1222,972
1222,994
1222,1004
1222,1015
1222,1169
1222,1335
1222,1369
1222,1395
1222,1397
1222,1454
1222,1518
1222,1522
1222,1567
1222,1589
1222,1618
1222,1664
1222,1670
1222,1677
1222,1713
1222,1721
1222,1812
1222,1822
1222,1875
1222,1885
1222,1926
1222,1932
1222,1946
1222,1953
1222,1974
1222,1979
1222,1980
1222,1994
1222,1997
1222,2021
1222,2025
1222,2040
1222,2049
1222,2072
1222,2094
1222,2116
1222,2167
1222,2200
1222,2238
1222,2262
1222,2276
1222,2281
1222,2307
1222,2311
1222,2335
1222,2339
1222,2347
1222,2367
1222,2379
1222,2401
1222,2421
1222,2448
1222,2466
1222,2562
1222,2566
1222,2572
1222,2578
1222,2607
1222,2637
1222,2665
1222,2711
1222,2925
1222,2957
1222,3052
1222,3121
1222,3152
1222,3221
1222,3255
1222,3271
1222,3273
1222,3297
1222,3315
1222,3328
1222,3354
1222,3412
1222,3562
1222,3576
1222,3623
1222,3628
1222,3630
1222,3641
1222,3814
1222,3833
1222,3887
1222,3895
1222,3898
1222,3979
1222,4022
1222,4084
1222,4337
1222,4364
1222,4382
1222,4389
1222,4392
1222,4398
1222,4407
1222,4408
1222,4466
1222,4523
1222,4572
1222,4586
1222,4589
1222,4596
1222,4631
1222,4654
1222,4767
1222,4801
1222,4815
1222,4854
1222,4877
1222,4944
1222,4964
1222,5059
1222,5100
1222,5136
1222,5139
1222,5158
1222,5159
1222,5204
1222,5205
1222,5206
1222,5213
1222,5260
1222,5293
1222,5346
1222,5352
1222,5395
1222,5463
1222,5464
1222,5487
1222,5505
1222,5537
1222,5689
1222,5729
1222,5770
1222,5775
1222,5841
1222,6075
1222,6211
1223,33
1223,39
1223,59
1223,62
1223,63
1223,74
1223,77
1223,84
1223,89
1223,97
1223,101
1223,103
1223,118
1223,136
1223,146
1223,147
1223,156
1223,186
1223,196
1223,203
1223,205
1223,236
1223,252
1223,281
1223,310
1223,330
1223,351
1223,357
1223,362
1223,392
1223,423
1223,424
1223,433
1223,434
1223,459
1223,462
1223,470
1223,488
1223,509
1223,521
1223,549
1223,585
1223,592
1223,608
1223,610
1223,699
1223,751
1223,768
1223,863
1223,923
1223,966
1223,1033
1223,1058
1223,1076
1223,1090
1223,1127
1223,1142
1223,1160
1223,1207
1223,1277
1223,1281
1223,1358
1223,1472
1223,1493
1223,1539
1223,1541
1223,1551
1223,1573
1223,1597
1223,1606
1223,1616
1223,1692
1223,1698
1223,1699
1223,1716
1223,1720
1223,1781
1223,1785
1223,1851
1223,1866
1223,1869
1223,1887
1223,1891
1223,1893
1223,1895
1223,1900
1223,1921
1223,1969
1223,1975
1223,1985
1223,1993
1223,2029
1223,2036
1223,2041
1223,2173
1223,2193
1223,2213
1223,2261
1223,2269
1223,2283
1223,2324
1223,2338
1223,2390
1223,2408
1223,2440
1223,2488
1223,2494
1223,2521
1223,2526
1223,2552
1223,2582
1223,2587
1223,2599
1223,2619
1223,2660
1223,2671
1223,2736
1223,2753
1223,2826
1223,2837
1223,2884
1223,2936
1223,2982
1223,2991
1223,2999
1223,3003
1223,3012
1223,3031
1223,3094
1223,3140
1223,3225
1223,3252
1223,3291
1223,3317
1223,3342
1223,3350
1223,3472
1223,3501
1223,3621
1223,3636
1223,3798
1223,3982
1223,4144
1223,4323
1223,4339
1223,4409
1223,4429
1223,4443
1223,4454
1223,4467
1223,4564
1223,4608
1223,4617
1223,4696
1223,4703
1223,4712
1223,4720
1223,4726
1223,4858
1223,4916
1223,4923
1223,4926
1223,4939
1223,4943
1223,4962
1223,4976
1223,4977
1223,4994
1223,5001
1223,5020
1223,5047
1223,5055
1223,5058
1223,5063
1223,5083
1223,5105
1223,5229
1223,5259
1223,5276
1223,5344
1223,5358
1223,5361
1223,5373
1223,5385
1223,5420
1223,5423
1223,5428
1223,5492
1223,5493
1223,5499
1223,5518
1223,5519
1223,5555
1223,5570
1223,5584
1223,5647
1223,5650
1223,6070
1223,6076
1223,6081
1223,6100
1223,6103
1223,6112
1223,6122
1223,6137
1223,6145
1223,6173
1223,6209
1223,6219
1223,6266
1224,26
1224,36
1224,73
1224,78
1224,94
1224,107
1224,109
1224,132
1224,138
1224,140
1224,148
1224,163
1224,165
1224,167
1224,170
1224,187
1224,199
1224,243
1224,260
1224,271
1224,307
1224,376
1224,383
1224,391
1224,394
1224,409
1224,419
1224,422
1224,428
1224,490
1224,496
1224,501
1224,531
1224,539
1224,573
1224,666
1224,673
1224,703
1224,722
1224,758
1224,759
1224,793
1224,799
1224,808
1224,809
1224,811
1224,823
1224,868
1224,906
1224,932
1224,1001
1224,1006
1224,1027
1224,1050
1224,1053
1224,1083
1224,1105
1224,1125
1224,1126
1224,1156
1224,1166
1224,1185
1224,1196
1224,1197
1224,1204
1224,1219
1224,1244
1224,1247
1224,1266
1224,1273
1224,1274
1224,1276
1224,1287
1224,1323
1224,1341
1224,1345
1224,1384
1224,1430
1224,1444
1224,1470
1224,1473
1224,1506
1224,1535
1224,1570
1224,1674
1224,1680
1224,1682
1224,1686
1224,1693
1224,1714
1224,1715
1224,1731
1224,1757
1224,1760
1224,1782
1224,1783
1224,1788
1224,1791
1224,1828
1224,1830
1224,1836
1224,1848
1224,1861
1224,1867
1224,1870
1224,1927
1224,1928
1224,1955
1224,2027
1224,2033
1224,2054
1224,2105
1224,2119
1224,2125
1224,2128
1224,2137
1224,2146
1224,2153
1224,2155
1224,2179
1224,2185
1224,2186
1224,2203
1224,2218
1224,2258
1224,2272
1224,2285
1224,2290
1224,2297
1224,2331
1224,2336
1224,2341
1224,2404
1224,2427
1224,2460
1224,2489
1224,2510
1224,2533
1224,2536
1224,2537
1224,2553
1224,2555
1224,2603
1224,2642
1224,2654
1224,2682
1224,2706
1224,2727
1224,2773
1224,2778
1224,2801
1224,2823
1224,2906
1224,2919
1224,2938
1224,2963
1224,2965
1224,3091
1224,3118
1224,3130
1224,3187
1224,3230
1224,3251
1224,3267
1224,3278
1224,3293
1224,3357
1224,3388
1224,3420
1224,3517
1224,3544
1224,3664
1224,3699
1224,3731
1224,3760
1224,3771
1224,3788
1224,3792
1224,3801
1224,3822
1224,3850
1224,3880
1224,3897
1224,3911
1224,3932
1224,3940
1224,3962
1224,4035
1224,4215
1224,4247
1224,4261
1224,4267
1224,4286
1224,4317
1224,4336
1224,4341
1224,4381
1224,4406
1224,4433
1224,4509
1224,4512
1224,4538
1224,4548
1224,4559
1224,4569
1224,4576
1224,4577
1224,4664
1224,4683
1224,4692
1224,4700
1224,4704
1224,4711
1224,4796
1224,4805
1224,4819
1224,4836
1224,4855
1224,4859
1224,4892
1224,4898
1224,4906
1224,4919
1224,4959
1224,4965
1224,4995
1224,5052
1224,5061
1224,5086
1224,5123
1224,5174
1224,5186
1224,5197
1224,5269
1224,5380
1224,5387
1224,5403
1224,5411
1224,5415
1224,5432
1224,5470
1224,5482
1224,5503
1224,5510
1224,5513
1224,5532
1224,5561
1224,5566
1224,5596
1224,5605
1224,5608
1224,5671
1224,5710
1224,5791
1224,6113
1224,6116
1224,6121
1225,10
1225,21
1225,41
1225,50
1225,68
1225,71
1225,88
1225,100
1225,108
1225,126
1225,139
1225,172
1225,207
1225,235
1225,265
1225,277
1225,297
1225,331
1225,334
1225,349
1225,352
1225,379
1225,390
1225,464
1225,475
1225,485
1225,580
1225,599
1225,690
1225,730
1225,753
1225,763
1225,860
1225,865
1225,948
1225,949
1225,976
1225,988
1225,1014
1225,1029
1225,1047
1225,1052
1225,1054
1225,1129
1225,1168
1225,1199
1225,1290
1225,1300
1225,1308
1225,1317
1225,1326
1225,1356
1225,1363
1225,1417
1225,1507
1225,1540
1225,1561
1225,1586
1225,1847
1225,1857
1225,1871
1225,1983
1225,2014
1225,2044
1225,2062
1225,2069
1225,2079
1225,2085
1225,2097
1225,2158
1225,2220
1225,2314
1225,2322
1225,2325
1225,2368
1225,2573
1225,2591
1225,2630
1225,2635
1225,2674
1225,2740
1225,2761
1225,2785
1225,2793
1225,2800
1225,2844
1225,2862
1225,2866
1225,2869
1225,2878
1225,2900
1225,2947
1225,2951
1225,3001
1225,3079
1225,3110
1225,3217
1225,3248
1225,3260
1225,3399
1225,3494
1225,3498
1225,3531
1225,3537
1225,3565
1225,3570
1225,3648
1225,3656
1225,3678
1225,3694
1225,3738
1225,3764
1225,3769
1225,3776
1225,3795
1225,3905
1225,3912
1225,4037
1225,4216
1225,4230
1225,4304
1225,4318
1225,4340
1225,4364
1225,4372
1225,4375
1225,4376
1225,4423
1225,4431
1225,4460
1225,4472
1225,4573
1225,4592
1225,4606
1225,4629
1225,4630
1225,4645
1225,4659
1225,4688
1225,4698
1225,4752
1225,4762
1225,4775
1225,4807
1225,4840
1225,4865
1225,4925
1225,4955
1225,4972
1225,4988
1225,5029
1225,5043
1225,5069
1225,5106
1225,5111
1225,5125
1225,5132
1225,5156
1225,5196
1225,5212
1225,5220
1225,5284
1225,5287
1225,5298
1225,5339
1225,5349
1225,5352
1225,5426
1225,5449
1225,5463
1225,5464
1225,5479
1225,5494
1225,5537
1225,5539
1225,5544
1225,5590
1225,5593
1225,5620
1225,5644
1225,5689
1225,5694
1225,5713
1225,5775
1225,5851
1225,6109
1225,6127
1225,6164
1225,6220
1225,6237
1226,17
1226,24
1226,25
1226,29
1226,30
1226,56
1226,63
1226,67
1226,153
1226,203
1226,219
1226,230
1226,252
1226,285
1226,286
1226,300
1226,350
1226,355
1226,398
1226,412
1226,420
1226,426
1226,445
1226,471
1226,479
1226,511
1226,515
1226,517
1226,557
1226,582
1226,597
1226,724
1226,772
1226,801
1226,1040
1226,1045
1226,1073
1226,1116
1226,1161
1226,1178
1226,1187
1226,1263
1226,1271
1226,1319
1226,1813
1226,1817
1226,1850
1226,1990
1226,2129
1226,2217
1226,2233
1226,2456
1226,2529
1226,2659
1226,2686
1226,2766
1226,2804
1226,3000
1226,3147
1226,3161
1226,3163
1226,3299
1226,3451
1226,3501
1226,3562
1226,3611
1226,3696
1226,3704
1226,3774
1226,3785
1226,3797
1226,3931
1226,4048
1226,4105
1226,4124
1226,4137
1226,4155
1226,4210
1226,4311
1226,4312
1226,4313
1226,4324
1226,4331
1226,4391
1226,4421
1226,4459
1226,4595
1226,4632
1226,4680
1226,4689
1226,4790
1226,4866
1226,4947
1226,4962
1226,4994
1226,5062
1226,5124
1226,5167
1226,5201
1226,5225
1226,5366
1226,5409
1226,5418
1226,5419
1226,5433
1226,5501
1226,5552
1226,5553
1226,5587
1226,5635
1226,5660
1226,5664
1226,5673
1226,5692
1226,5702
1226,5709
1226,5712
1226,5717
1226,5732
1226,5738
1226,5740
1226,5750
1226,5768
1226,5769
1226,5912
1226,5959
1226,6114
1226,6143
1226,6154
1226,6158
1226,6234
1227,35
1227,66
1227,69
1227,78
1227,128
1227,138
1227,140
1227,165
1227,196
1227,401
1227,409
1227,440
1227,548
1227,573
1227,606
1227,756
1227,768
1227,937
1227,967
1227,1141
1227,1158
1227,1173
1227,1194
1227,1204
1227,1274
1227,1345
1227,1448
1227,1764
1227,1870
1227,2019
1227,2086
1227,2256
1227,2334
1227,2449
1227,2538
1227,2616
1227,3574
1227,3631
1227,3819
1227,3822
1227,3932
1227,3962
1227,4035
1227,4043
1227,4104
1227,4132
1227,4138
1227,4158
1227,4301
1227,4450
1227,4538
1227,4656
1227,4664
1227,4753
1227,4754
1227,4777
1227,5383
1227,5390
1227,5393
1227,5403
1227,5422
1227,5441
1227,5460
1227,5470
1227,5510
1227,5512
1227,5523
1227,5559
1227,5566
1227,5570
1227,5637
1227,5671
1227,5684
1227,5685
1227,5710
1227,5765
1227,5791
1227,5822
1227,5824
1227,5871
1227,5875
1227,5945
1227,5963
1227,5971
1227,5987
1227,6005
1227,6070
1227,6116
1227,6137
1227,6150
1227,6190
1227,6219
1227,6246
1228,36
1228,73
1228,89
1228,100
1228,108
1228,109
1228,265
1228,353
1228,390
1228,599
1228,760
1228,811
1228,1156
1228,1192
1228,1326
1228,2405
1228,2634
1228,3824
1228,4364
1228,4836
1228,4919
1228,5420
1228,5500
1228,5506
1228,5535
1228,5546
1228,5589
1228,5593
1228,5744
1228,5751
1228,5767
1228,5806
1228,6080
1228,6082
1228,6117
1228,6151
1229,67
1229,88
1229,355
1229,366
1229,582
1229,782
1229,962
1229,1190
1229,1418
1229,3656
1229,4380
1229,5352
1229,5455
1229,5463
1229,5464
1229,5689
1229,5770
1229,5775
1229,5841
1230,29
1230,279
1230,814
1230,2706
1230,3420
1230,4643
1230,6127
1231,860
1231,1417
1231,4439
1231,5385
1232,865
1232,1116
1232,1187
1232,3079
1232,4914
1255,2835
1255,3123
1255,3322
1255,3526
1255,3579
1255,3675
1255,3688
1255,3861
1255,3863
1255,3869
1255,3939
1255,3965
1255,4007
1255,4021
1255,4023
1255,4034
1255,4042
1255,4058
1255,4065
1255,4072
1255,4093
1255,4096
1255,4106
1255,4107
1255,4109
1255,4117
1255,4128
1255,4139
1255,4164
1255,4167
1255,4175
1255,4177
1255,4181
1255,4182
1255,4200
1255,4201
1255,4204
1255,4209
1255,4213
1255,4217
1255,4220
1255,4224
1255,4229
1255,4231
1255,4233
1255,4234
1255,4235
1255,4238
1255,4244
1255,4245
1255,4326
1255,4522
1255,4641
1255,4666
1255,4710
1255,4746
1255,4810
1255,4843
1255,4844
1255,5051
1255,5215
1255,5223
1255,5230
1255,5250
1255,5251
1255,5253
1255,5327
1255,6210
1255,6213
1255,6215
1255,6222
1255,6225
1255,6226
1255,6231
1255,6235
1255,6240
1255,6252
1255,6253
1255,6256
1255,6257
1255,6258
1255,6263
1255,6264
1255,6267
1255,6268
1255,6271
1255,6273
1255,6274
1255,6275
1256,48
1256,54
1256,65
1256,109
1256,111
1256,169
1256,184
1256,222
1256,261
1256,312
1256,317
1256,319
1256,338
1256,382
1256,403
1256,414
1256,415
1256,442
1256,452
1256,453
1256,506
1256,522
1256,561
1256,567
1256,591
1256,622
1256,625
1256,656
1256,664
1256,716
1256,725
1256,757
1256,765
1256,781
1256,791
1256,842
1256,851
1256,905
1256,942
1256,981
1256,1024
1256,1070
1256,1165
1256,1205
1256,1213
1256,1256
1256,1318
1256,1449
1256,1496
1256,1532
1256,1569
1256,1617
1256,1628
1256,1690
1256,1725
1256,1726
1256,1818
1256,1865
1256,1894
1256,1913
1256,2006
1256,2053
1256,2067
1256,2071
1256,2115
1256,2121
1256,2162
1256,2222
1256,2245
1256,2251
1256,2286
1256,2330
1256,2386
1256,2547
1256,2805
1256,2836
1256,2859
1256,2860
1256,2864
1256,2992
1256,3045
1256,3066
1256,3422
1256,3810
1256,3858
1256,3883
1256,4052
1256,4169
1256,4189
1256,4247
1256,4265
1256,4280
1256,4306
1256,4309
1256,4315
1256,4363
1256,4377
1256,4511
1256,4518
1256,4550
1256,4579
1256,4665
1256,4744
1256,4852
1256,4853
1256,4920
1256,4921
1256,4959
1256,5082
1256,5165
1256,5203
1256,5282
1256,5294
1256,5313
1257,3
1257,4
1257,7
1257,24
1257,29
1257,59
1257,63
1257,77
1257,87
1257,101
1257,115
1257,118
1257,147
1257,155
1257,218
1257,251
1257,281
1257,310
1257,330
1257,366
1257,381
1257,406
1257,436
1257,460
1257,477
1257,486
1257,560
1257,563
1257,586
1257,629
1257,632
1257,644
1257,665
1257,704
1257,788
1257,808
1257,817
1257,830
1257,852
1257,858
1257,894
1257,917
1257,972
1257,994
1257,1015
1257,1033
1257,1335
1257,1352
1257,1358
1257,1369
1257,1395
1257,1397
1257,1454
1257,1491
1257,1518
1257,1522
1257,1567
1257,1589
1257,1618
1257,1664
1257,1670
1257,1677
1257,1713
1257,1721
1257,1812
1257,1822
1257,1885
1257,1926
1257,1932
1257,1946
1257,1974
1257,1979
1257,1980
1257,1994
1257,1997
1257,2021
1257,2040
1257,2049
1257,2072
1257,2094
1257,2116
1257,2167
1257,2200
1257,2238
1257,2262
1257,2276
1257,2281
1257,2307
1257,2311
1257,2335
1257,2339
1257,2379
1257,2401
1257,2421
1257,2448
1257,2466
1257,2562
1257,2566
1257,2572
1257,2607
1257,2637
1257,2665
1257,2691
1257,2711
1257,2893
1257,2925
1257,2957
1257,3003
1257,3052
1257,3121
1257,3152
1257,3194
1257,3221
1257,3255
1257,3271
1257,3273
1257,3297
1257,3315
1257,3328
1257,3354
1257,3387
1257,3495
1257,3576
1257,3623
1257,3630
1257,3641
1257,3803
1257,3814
1257,3833
1257,3887
1257,3895
1257,3898
1257,3979
1257,4022
1257,4337
1257,4364
1257,4382
1257,4389
1257,4392
1257,4398
1257,4407
1257,4408
1257,4466
1257,4510
1257,4523
1257,4572
1257,4586
1257,4589
1257,4596
1257,4625
1257,4631
1257,4654
1257,4767
1257,4801
1257,4815
1257,4854
1257,4877
1257,4943
1257,4944
1257,4964
1257,5059
1257,5136
1257,5139
1257,5158
1257,5159
1257,5204
1257,5205
1257,5206
1257,5213
1257,5260
1257,5293
1257,5346
1257,5352
1257,5358
1257,5373
1257,5395
1257,5463
1257,5464
1257,5487
1257,5492
1257,5505
1257,5537
1257,5561
1257,5570
1257,5584
1257,5689
1257,5729
1257,5770
1257,5775
1257,6075
1257,6103
1257,6137
1257,6211
1257,6219
1258,6
1258,12
1258,26
1258,33
1258,39
1258,62
1258,84
1258,89
1258,90
1258,97
1258,100
1258,103
1258,107
1258,132
1258,136
1258,146
1258,148
1258,156
1258,158
1258,161
1258,167
1258,185
1258,186
1258,196
1258,203
1258,236
1258,252
1258,256
1258,271
1258,326
1258,351
1258,357
1258,362
1258,376
1258,377
1258,392
1258,419
1258,423
1258,424
1258,428
1258,433
1258,434
1258,435
1258,459
1258,462
1258,470
1258,488
1258,490
1258,491
1258,501
1258,509
1258,521
1258,539
1258,549
1258,572
1258,582
1258,585
1258,592
1258,606
1258,608
1258,610
1258,699
1258,722
1258,731
1258,751
1258,793
1258,811
1258,820
1258,835
1258,923
1258,927
1258,932
1258,946
1258,966
1258,979
1258,1012
1258,1027
1258,1053
1258,1058
1258,1076
1258,1090
1258,1108
1258,1126
1258,1127
1258,1142
1258,1156
1258,1160
1258,1175
1258,1207
1258,1244
1258,1247
1258,1251
1258,1277
1258,1281
1258,1323
1258,1327
1258,1444
1258,1541
1258,1543
1258,1551
1258,1597
1258,1606
1258,1616
1258,1692
1258,1698
1258,1699
1258,1720
1258,1757
1258,1760
1258,1769
1258,1781
1258,1785
1258,1791
1258,1803
1258,1851
1258,1861
1258,1869
1258,1887
1258,1893
1258,1895
1258,1921
1258,1927
1258,1969
1258,1975
1258,1985
1258,1993
1258,2016
1258,2023
1258,2041
1258,2054
1258,2146
1258,2148
1258,2153
1258,2170
1258,2173
1258,2186
1258,2187
1258,2193
1258,2203
1258,2213
1258,2261
1258,2269
1258,2271
1258,2283
1258,2324
1258,2331
1258,2336
1258,2338
1258,2390
1258,2460
1258,2494
1258,2512
1258,2521
1258,2526
1258,2536
1258,2537
1258,2552
1258,2582
1258,2587
1258,2599
1258,2603
1258,2660
1258,2699
1258,2706
1258,2728
1258,2753
1258,2764
1258,2765
1258,2788
1258,2837
1258,2884
1258,2907
1258,2919
1258,2936
1258,2963
1258,2982
1258,2991
1258,2999
1258,3031
1258,3094
1258,3103
1258,3140
1258,3187
1258,3252
1258,3291
1258,3317
1258,3342
1258,3350
1258,3388
1258,3562
1258,3610
1258,3628
1258,3636
1258,3760
1258,3764
1258,3798
1258,3982
1258,4144
1258,4228
1258,4323
1258,4339
1258,4347
1258,4406
1258,4409
1258,4429
1258,4430
1258,4443
1258,4454
1258,4467
1258,4564
1258,4617
1258,4655
1258,4696
1258,4712
1258,4720
1258,4726
1258,4838
1258,4846
1258,4873
1258,4892
1258,4906
1258,4916
1258,4919
1258,4923
1258,4926
1258,4939
1258,4960
1258,4976
1258,4977
1258,4992
1258,4994
1258,5001
1258,5047
1258,5055
1258,5058
1258,5063
1258,5083
1258,5105
1258,5122
1258,5123
1258,5130
1258,5171
1258,5229
1258,5262
1258,5276
1258,5344
1258,5371
1258,5380
1258,5387
1258,5403
1258,5411
1258,5415
1258,5420
1258,5432
1258,5466
1258,5482
1258,5493
1258,5499
1258,5513
1258,5519
1258,5536
1258,5555
1258,5587
1258,5605
1258,5608
1258,5647
1258,5650
1258,5774
1258,6070
1258,6081
1258,6112
1258,6122
1258,6174
1258,6209
1258,6237
1258,6266
1259,5
1259,8
1259,30
1259,36
1259,60
1259,71
1259,73
1259,78
1259,94
1259,109
1259,117
1259,119
1259,138
1259,140
1259,162
1259,170
1259,175
1259,187
1259,190
1259,199
1259,205
1259,207
1259,235
1259,246
1259,258
1259,260
1259,277
1259,280
1259,297
1259,307
1259,331
1259,334
1259,345
1259,347
1259,349
1259,383
1259,391
1259,409
1259,422
1259,475
1259,496
1259,511
1259,517
1259,519
1259,531
1259,536
1259,580
1259,599
1259,663
1259,666
1259,667
1259,673
1259,684
1259,686
1259,703
1259,707
1259,724
1259,730
1259,743
1259,754
1259,759
1259,768
1259,795
1259,799
1259,809
1259,823
1259,868
1259,877
1259,890
1259,895
1259,906
1259,937
1259,943
1259,948
1259,949
1259,960
1259,988
1259,1001
1259,1006
1259,1014
1259,1029
1259,1050
1259,1052
1259,1054
1259,1083
1259,1105
1259,1112
1259,1114
1259,1123
1259,1129
1259,1144
1259,1166
1259,1185
1259,1189
1259,1192
1259,1196
1259,1197
1259,1219
1259,1231
1259,1245
1259,1260
1259,1266
1259,1273
1259,1274
1259,1276
1259,1300
1259,1341
1259,1363
1259,1384
1259,1414
1259,1430
1259,1458
1259,1470
1259,1472
1259,1473
1259,1506
1259,1507
1259,1535
1259,1539
1259,1540
1259,1561
1259,1570
1259,1583
1259,1610
1259,1682
1259,1693
1259,1696
1259,1714
1259,1731
1259,1749
1259,1782
1259,1783
1259,1787
1259,1788
1259,1794
1259,1802
1259,1813
1259,1828
1259,1830
1259,1836
1259,1837
1259,1847
1259,1848
1259,1867
1259,1870
1259,1900
1259,1906
1259,1918
1259,1928
1259,2014
1259,2029
1259,2033
1259,2062
1259,2066
1259,2085
1259,2090
1259,2097
1259,2105
1259,2119
1259,2125
1259,2141
1259,2158
1259,2179
1259,2185
1259,2218
1259,2230
1259,2248
1259,2258
1259,2272
1259,2290
1259,2297
1259,2325
1259,2341
1259,2368
1259,2392
1259,2404
1259,2414
1259,2435
1259,2440
1259,2489
1259,2495
1259,2510
1259,2533
1259,2544
1259,2553
1259,2573
1259,2622
1259,2642
1259,2654
1259,2726
1259,2727
1259,2739
1259,2740
1259,2761
1259,2773
1259,2793
1259,2824
1259,2852
1259,2869
1259,2920
1259,2947
1259,2965
1259,2971
1259,3062
1259,3091
1259,3118
1259,3163
1259,3230
1259,3248
1259,3249
1259,3251
1259,3293
1259,3420
1259,3499
1259,3537
1259,3544
1259,3565
1259,3649
1259,3664
1259,3678
1259,3687
1259,3694
1259,3699
1259,3731
1259,3771
1259,3788
1259,3792
1259,3799
1259,3801
1259,3819
1259,3822
1259,3880
1259,3932
1259,3940
1259,3962
1259,4035
1259,4037
1259,4215
1259,4222
1259,4230
1259,4261
1259,4267
1259,4286
1259,4288
1259,4304
1259,4317
1259,4336
1259,4341
1259,4423
1259,4431
1259,4433
1259,4460
1259,4509
1259,4538
1259,4548
1259,4559
1259,4569
1259,4576
1259,4577
1259,4592
1259,4606
1259,4629
1259,4630
1259,4645
1259,4664
1259,4675
1259,4683
1259,4685
1259,4688
1259,4692
1259,4698
1259,4700
1259,4703
1259,4704
1259,4711
1259,4752
1259,4762
1259,4765
1259,4772
1259,4775
1259,4787
1259,4790
1259,4805
1259,4807
1259,4819
1259,4836
1259,4851
1259,4855
1259,4898
1259,4904
1259,4925
1259,4959
1259,4965
1259,4987
1259,4995
1259,5043
1259,5052
1259,5061
1259,5069
1259,5086
1259,5111
1259,5174
1259,5185
1259,5186
1259,5196
1259,5212
1259,5220
1259,5277
1259,5345
1259,5349
1259,5409
1259,5423
1259,5428
1259,5429
1259,5431
1259,5449
1259,5455
1259,5470
1259,5479
1259,5510
1259,5535
1259,5544
1259,5554
1259,5596
1259,5614
1259,5633
1259,5710
1259,5824
1259,5841
1259,5955
1259,6080
1259,6109
1259,6113
1259,6116
1259,6121
1259,6145
1259,6164
1259,6220
1260,10
1260,17
1260,21
1260,24
1260,25
1260,29
1260,35
1260,41
1260,46
1260,48
1260,50
1260,53
1260,56
1260,59
1260,63
1260,66
1260,67
1260,68
1260,88
1260,99
1260,108
1260,118
1260,126
1260,128
1260,137
1260,153
1260,163
1260,165
1260,209
1260,219
1260,226
1260,265
1260,300
1260,352
1260,353
1260,355
1260,366
1260,367
1260,379
1260,390
1260,398
1260,402
1260,412
1260,420
1260,426
1260,445
1260,464
1260,471
1260,479
1260,485
1260,515
1260,528
1260,548
1260,573
1260,597
1260,638
1260,654
1260,680
1260,690
1260,691
1260,701
1260,753
1260,760
1260,782
1260,801
1260,814
1260,832
1260,860
1260,865
1260,934
1260,951
1260,962
1260,967
1260,976
1260,1003
1260,1013
1260,1026
1260,1032
1260,1034
1260,1040
1260,1047
1260,1055
1260,1073
1260,1078
1260,1116
1260,1118
1260,1125
1260,1158
1260,1161
1260,1168
1260,1173
1260,1178
1260,1187
1260,1190
1260,1194
1260,1198
1260,1199
1260,1208
1260,1249
1260,1271
1260,1287
1260,1290
1260,1298
1260,1308
1260,1317
1260,1326
1260,1345
1260,1347
1260,1356
1260,1374
1260,1389
1260,1397
1260,1417
1260,1421
1260,1422
1260,1431
1260,1434
1260,1503
1260,1537
1260,1586
1260,1596
1260,1600
1260,1639
1260,1643
1260,1667
1260,1679
1260,1686
1260,1687
1260,1707
1260,1750
1260,1773
1260,1774
1260,1784
1260,1817
1260,1843
1260,1949
1260,2019
1260,2027
1260,2036
1260,2052
1260,2079
1260,2086
1260,2128
1260,2129
1260,2131
1260,2136
1260,2164
1260,2220
1260,2233
1260,2256
1260,2305
1260,2312
1260,2334
1260,2408
1260,2429
1260,2441
1260,2449
1260,2456
1260,2482
1260,2555
1260,2567
1260,2630
1260,2659
1260,2674
1260,2686
1260,2690
1260,2785
1260,2798
1260,2800
1260,2804
1260,2844
1260,2846
1260,2862
1260,2866
1260,2878
1260,2897
1260,2938
1260,2951
1260,3001
1260,3012
1260,3020
1260,3068
1260,3072
1260,3075
1260,3079
1260,3085
1260,3112
1260,3147
1260,3161
1260,3184
1260,3217
1260,3231
1260,3260
1260,3299
1260,3309
1260,3362
1260,3386
1260,3399
1260,3439
1260,3451
1260,3493
1260,3494
1260,3501
1260,3555
1260,3574
1260,3611
1260,3613
1260,3631
1260,3656
1260,3685
1260,3696
1260,3704
1260,3738
1260,3774
1260,3785
1260,3795
1260,3893
1260,3905
1260,3912
1260,3931
1260,4044
1260,4207
1260,4247
1260,4248
1260,4275
1260,4278
1260,4301
1260,4311
1260,4312
1260,4313
1260,4318
1260,4324
1260,4331
1260,4364
1260,4372
1260,4374
1260,4375
1260,4376
1260,4380
1260,4391
1260,4417
1260,4421
1260,4486
1260,4488
1260,4573
1260,4581
1260,4624
1260,4632
1260,4649
1260,4659
1260,4680
1260,4689
1260,4719
1260,4748
1260,4753
1260,4754
1260,4858
1260,4862
1260,4863
1260,4865
1260,4947
1260,4955
1260,4962
1260,4983
1260,4988
1260,5008
1260,5029
1260,5033
1260,5080
1260,5095
1260,5106
1260,5124
1260,5125
1260,5132
1260,5167
1260,5217
1260,5225
1260,5259
1260,5269
1260,5284
1260,5287
1260,5298
1260,5339
1260,5352
1260,5356
1260,5366
1260,5375
1260,5385
1260,5397
1260,5413
1260,5422
1260,5426
1260,5463
1260,5464
1260,5480
1260,5494
1260,5501
1260,5503
1260,5506
1260,5507
1260,5537
1260,5539
1260,5545
1260,5553
1260,5561
1260,5566
1260,5584
1260,5593
1260,5644
1260,5672
1260,5685
1260,5689
1260,5692
1260,5702
1260,5738
1260,5751
1260,5766
1260,5770
1260,5775
1260,5791
1260,5804
1260,5912
1260,5981
1260,6068
1260,6076
1260,6100
1260,6102
1260,6114
1260,6127
1260,6137
1260,6139
1260,6144
1260,6211
1260,6216
1260,6223
1260,6234
1261,12
1261,16
1261,18
1261,33
1261,89
1261,90
1261,100
1261,129
1261,132
1261,158
1261,169
1261,196
1261,230
1261,271
1261,279
1261,285
1261,392
1261,401
1261,431
1261,437
1261,440
1261,478
1261,488
1261,642
1261,700
1261,732
1261,748
1261,756
1261,770
1261,772
1261,793
1261,808
1261,811
1261,813
1261,835
1261,888
1261,933
1261,944
1261,963
1261,972
1261,989
1261,995
1261,1096
1261,1108
1261,1133
1261,1156
1261,1204
1261,1263
1261,1283
1261,1319
1261,1339
1261,1352
1261,1391
1261,1406
1261,1448
1261,1697
1261,1703
1261,1716
1261,1833
1261,1850
1261,1866
1261,1871
1261,1960
1261,1962
1261,1990
1261,1996
1261,2002
1261,2064
1261,2156
1261,2161
1261,2190
1261,2217
1261,2405
1261,2428
1261,2479
1261,2538
1261,2591
1261,2616
1261,2634
1261,2643
1261,2706
1261,2766
1261,2778
1261,2919
1261,3003
1261,3110
1261,3306
1261,3769
1261,3776
1261,3814
1261,3824
1261,3850
1261,4045
1261,4048
1261,4105
1261,4112
1261,4124
1261,4132
1261,4155
1261,4158
1261,4210
1261,4212
1261,4345
1261,4358
1261,4401
1261,4450
1261,4459
1261,4655
1261,4656
1261,4722
1261,4742
1261,4768
1261,4914
1261,4994
1261,5050
1261,5082
1261,5083
1261,5092
1261,5175
1261,5201
1261,5203
1261,5238
1261,5280
1261,5322
1261,5325
1261,5361
1261,5368
1261,5403
1261,5407
1261,5418
1261,5419
1261,5433
1261,5460
1261,5467
1261,5492
1261,5493
1261,5519
1261,5522
1261,5523
1261,5532
1261,5550
1261,5552
1261,5559
1261,5570
1261,5575
1261,5589
1261,5635
1261,5647
1261,5649
1261,5664
1261,5665
1261,5670
1261,5671
1261,5673
1261,5681
1261,5695
1261,5699
1261,5701
1261,5709
1261,5712
1261,5717
1261,5724
1261,5729
1261,5732
1261,5733
1261,5740
1261,5750
1261,5765
1261,5768
1261,5769
1261,5773
1261,5777
1261,5778
1261,5782
1261,5851
1261,5890
1261,5942
1261,6056
1261,6070
1261,6082
1261,6085
1261,6111
1261,6115
1261,6117
1261,6122
1261,6130
1261,6132
1261,6143
1261,6154
1261,6158
1261,6165
1261,6168
1261,6219
1262,7
1262,36
1262,39
1262,69
1262,71
1262,78
1262,94
1262,104
1262,123
1262,146
1262,162
1262,190
1262,200
1262,203
1262,218
1262,252
1262,254
1262,258
1262,334
1262,410
1262,422
1262,489
1262,500
1262,517
1262,519
1262,557
1262,571
1262,582
1262,599
1262,639
1262,666
1262,681
1262,699
1262,723
1262,763
1262,799
1262,926
1262,932
1262,948
1262,1053
1262,1065
1262,1101
1262,1327
1262,1383
1262,1402
1262,1604
1262,1748
1262,1792
1262,1847
1262,1893
1262,1897
1262,2051
1262,2077
1262,2529
1262,2761
1262,2797
1262,3062
1262,3136
1262,3249
1262,3566
1262,3715
1262,3923
1262,4043
1262,4104
1262,4137
1262,4138
1262,4216
1262,4251
1262,4271
1262,4272
1262,4291
1262,4294
1262,4490
1262,4501
1262,4538
1262,4643
1262,4676
1262,4714
1262,4776
1262,4777
1262,5043
1262,5220
1262,5390
1262,5393
1262,5400
1262,5420
1262,5441
1262,5455
1262,5482
1262,5500
1262,5512
1262,5535
1262,5548
1262,5620
1262,5626
1262,5660
1262,5715
1262,5731
1262,5744
1262,5767
1262,5803
1262,5822
1262,5871
1262,5875
1262,5894
1262,5945
1262,5963
1262,5971
1262,6005
1262,6060
1262,6075
1262,6080
1262,6097
1262,6188
1262,6190
1262,6207
1262,6209
1262,6246
1263,5
1263,42
1263,66
1263,67
1263,88
1263,128
1263,138
1263,140
1263,165
1263,265
1263,277
1263,302
1263,345
1263,355
1263,409
1263,417
1263,464
1263,475
1263,521
1263,565
1263,691
1263,782
1263,934
1263,955
1263,1129
1263,1190
1263,1198
1263,1229
1263,1271
1263,1300
1263,1347
1263,1441
1263,1671
1263,1870
1263,1997
1263,2201
1263,2305
1263,2306
1263,2535
1263,2555
1263,2793
1263,2938
1263,3000
1263,3020
1263,3133
1263,3452
1263,3589
1263,3633
1263,3775
1263,3893
1263,3932
1263,3962
1263,4035
1263,4207
1263,4230
1263,4349
1263,4423
1263,4460
1263,4486
1263,4493
1263,4581
1263,4629
1263,4658
1263,4664
1263,4702
1263,4754
1263,4762
1263,4765
1263,4869
1263,4904
1263,4947
1263,5217
1263,5383
1263,5386
1263,5428
1263,5429
1263,5479
1263,5520
1263,5604
1263,5617
1263,5692
1263,5702
1263,5710
1263,5791
1263,6037
1263,6081
1263,6106
1263,6109
1263,6112
1263,6116
1263,6145
1263,6164
1264,35
1264,46
1264,56
1264,108
1264,126
1264,132
1264,153
1264,178
1264,189
1264,213
1264,230
1264,235
1264,392
1264,460
1264,564
1264,700
1264,752
1264,756
1264,766
1264,814
1264,865
1264,925
1264,933
1264,937
1264,967
1264,1083
1264,1116
1264,1187
1264,1326
1264,1396
1264,1422
1264,1596
1264,1652
1264,1670
1264,1753
1264,1824
1264,1859
1264,2179
1264,2617
1264,2930
1264,3003
1264,3079
1264,3219
1264,3719
1264,3934
1264,4102
1264,4105
1264,4124
1264,4132
1264,4155
1264,4158
1264,4210
1264,4239
1264,4345
1264,4510
1264,4577
1264,4731
1264,4819
1264,5095
1264,5375
1264,5413
1264,5418
1264,5419
1264,5423
1264,5494
1264,5522
1264,5523
1264,5537
1264,5539
1264,5559
1264,5561
1264,5590
1264,5635
1264,5647
1264,5649
1264,5664
1264,5670
1264,5673
1264,5699
1264,5709
1264,5712
1264,5717
1264,5724
1264,5732
1264,5740
1264,5750
1264,5765
1264,5768
1264,6022
1264,6085
1264,6100
1264,6143
1264,6165
1264,6181
1264,6220
1265,9
1265,12
1265,49
1265,53
1265,94
1265,145
1265,203
1265,254
1265,286
1265,300
1265,350
1265,412
1265,471
1265,485
1265,571
1265,580
1265,582
1265,666
1265,699
1265,799
1265,810
1265,972
1265,991
1265,1492
1265,1792
1265,1955
1265,2326
1265,2994
1265,3068
1265,3744
1265,4043
1265,4104
1265,4137
1265,4138
1265,4275
1265,4294
1265,4340
1265,4364
1265,4656
1265,4838
1265,4865
1265,4873
1265,5092
1265,5109
1265,5197
1265,5262
1265,5387
1265,5390
1265,5415
1265,5441
1265,5460
1265,5512
1265,5572
1265,5585
1265,5822
1265,5871
1265,5875
1265,5945
1265,5963
1265,5971
1265,5987
1265,6005
1265,6114
1265,6190
1265,6246
1265,6248
1266,78
1266,140
1266,258
1266,367
1266,430
1266,431
1266,475
1266,565
1266,783
1266,941
1266,997
1266,2368
1266,3814
1266,4272
1266,4808
1266,5110
1266,5234
1266,5420
1266,5500
1266,5535
1266,5744
1266,5751
1266,5767
1266,5769
1266,5806
1266,6080
1267,129
1267,213
1267,324
1267,1566
1267,2128
1267,2740
1267,3411
1267,3501
1267,3694
1267,3934
1267,4251
1267,4304
1267,4345
1267,4702
1267,4962
1267,5284
1267,5492
1267,5532
1267,5738
1267,5912
1267,6234
1267,6237
1268,94
1268,200
1268,426
1268,540
1268,571
1268,639
1268,666
1268,768
1268,799
1268,1274
1268,1345
1268,1792
1268,1830
1268,2077
1268,2555
1268,3003
1268,3589
1268,4156
1268,4294
1268,4417
1268,4538
1268,5092
1268,5399
1268,5510
1268,5519
1268,5552
1268,5566
1268,5570
1268,5637
1268,5702
1268,5791
1268,6154
1268,6158
1268,6219
1269,14
1269,90
1269,121
1269,230
1269,1753
1269,2306
1269,3452
1269,3656
1269,3775
1269,4869
1269,5491
1269,5589
1269,5620
1269,5660
1269,6099
1269,6106
1269,6117
1270,35
1270,371
1270,391
1270,564
1270,572
1270,610
1270,683
1270,830
1270,1029
1270,1073
1270,1317
1270,1800
1270,3395
1270,3744
1270,4289
1270,4656
1270,4988
1270,4997
1270,5455
1270,5494
1270,5647
1271,434
1271,858
1271,906
1290,2835
1290,3123
1290,3322
1290,3526
1290,3579
1290,3675
1290,3688
1290,3858
1290,3861
1290,3863
1290,3869
1290,3883
1290,3939
1290,3965
1290,4007
1290,4021
1290,4023
1290,4034
1290,4042
1290,4052
1290,4058
1290,4065
1290,4072
1290,4093
1290,4096
1290,4106
1290,4107
1290,4109
1290,4117
1290,4128
1290,4139
1290,4164
1290,4167
1290,4175
1290,4177
1290,4182
1290,4200
1290,4201
1290,4204
1290,4209
1290,4213
1290,4217
1290,4220
1290,4224
1290,4229
1290,4231
1290,4233
1290,4234
1290,4235
1290,4238
1290,4244
1290,4245
1290,4326
1290,4522
1290,4641
1290,4710
1290,4746
1290,4810
1290,4844
1290,5051
1290,5215
1290,5223
1290,5230
1290,5250
1290,5251
1290,5253
1290,5313
1290,5327
1290,6210
1290,6213
1290,6215
1290,6222
1290,6225
1290,6226
1290,6231
1290,6235
1290,6240
1290,6252
1290,6253
1290,6257
1290,6258
1290,6263
1290,6264
1290,6267
1290,6268
1290,6271
1290,6273
1290,6274
1290,6275
1291,54
1291,65
1291,109
1291,111
1291,117
1291,169
1291,184
1291,222
1291,261
1291,312
1291,317
1291,319
1291,338
1291,382
1291,415
1291,442
1291,452
1291,453
1291,506
1291,522
1291,561
1291,567
1291,591
1291,622
1291,625
1291,656
1291,664
1291,697
1291,716
1291,725
1291,757
1291,765
1291,781
1291,791
1291,842
1291,851
1291,905
1291,942
1291,981
1291,1024
1291,1070
1291,1165
1291,1205
1291,1213
1291,1256
1291,1318
1291,1446
1291,1449
1291,1496
1291,1532
1291,1569
1291,1617
1291,1628
1291,1690
1291,1726
1291,1818
1291,1865
1291,1894
1291,1913
1291,2006
1291,2053
1291,2067
1291,2071
1291,2115
1291,2121
1291,2162
1291,2222
1291,2245
1291,2251
1291,2286
1291,2330
1291,2386
1291,2547
1291,2805
1291,2836
1291,2859
1291,2860
1291,2864
1291,2901
1291,2992
1291,3045
1291,3066
1291,3422
1291,4169
1291,4181
1291,4189
1291,4247
1291,4265
1291,4280
1291,4306
1291,4309
1291,4315
1291,4363
1291,4377
1291,4511
1291,4518
1291,4550
1291,4579
1291,4665
1291,4666
1291,4744
1291,4843
1291,4852
1291,4853
1291,4920
1291,4921
1291,4959
1291,5082
1291,5165
1291,5203
1291,5282
1291,5294
1291,6256
1292,3
1292,4
1292,7
1292,24
1292,29
1292,48
1292,87
1292,115
1292,155
1292,161
1292,172
1292,218
1292,251
1292,310
1292,366
1292,381
1292,403
1292,406
1292,460
1292,477
1292,485
1292,486
1292,560
1292,563
1292,572
1292,586
1292,629
1292,632
1292,644
1292,665
1292,704
1292,788
1292,817
1292,830
1292,852
1292,858
1292,894
1292,917
1292,972
1292,994
1292,1004
1292,1015
1292,1335
1292,1352
1292,1369
1292,1395
1292,1397
1292,1454
1292,1518
1292,1522
1292,1567
1292,1589
1292,1618
1292,1664
1292,1670
1292,1677
1292,1680
1292,1713
1292,1721
1292,1725
1292,1812
1292,1822
1292,1875
1292,1885
1292,1926
1292,1932
1292,1953
1292,1974
1292,1979
1292,1980
1292,1997
1292,2021
1292,2025
1292,2040
1292,2049
1292,2072
1292,2084
1292,2094
1292,2116
1292,2167
1292,2200
1292,2238
1292,2262
1292,2276
1292,2281
1292,2307
1292,2311
1292,2335
1292,2339
1292,2347
1292,2367
1292,2379
1292,2401
1292,2421
1292,2448
1292,2466
1292,2562
1292,2566
1292,2572
1292,2578
1292,2607
1292,2637
1292,2665
1292,2688
1292,2711
1292,2736
1292,2893
1292,2903
1292,2925
1292,2957
1292,3052
1292,3121
1292,3152
1292,3194
1292,3221
1292,3255
1292,3271
1292,3273
1292,3297
1292,3315
1292,3328
1292,3354
1292,3387
1292,3412
1292,3562
1292,3576
1292,3623
1292,3630
1292,3641
1292,3810
1292,3814
1292,3833
1292,3887
1292,3895
1292,3898
1292,3940
1292,3979
1292,4022
1292,4084
1292,4337
1292,4364
1292,4382
1292,4389
1292,4392
1292,4407
1292,4408
1292,4466
1292,4510
1292,4523
1292,4572
1292,4586
1292,4589
1292,4596
1292,4631
1292,4638
1292,4654
1292,4801
1292,4815
1292,4854
1292,4877
1292,4944
1292,4964
1292,5059
1292,5100
1292,5136
1292,5139
1292,5158
1292,5159
1292,5204
1292,5205
1292,5206
1292,5213
1292,5260
1292,5293
1292,5346
1292,5352
1292,5358
1292,5395
1292,5463
1292,5464
1292,5487
1292,5505
1292,5537
1292,5561
1292,5584
1292,5601
1292,5689
1292,5729
1292,5770
1292,5775
1292,5841
1292,6075
1292,6103
1292,6113
1292,6211
1293,12
1293,33
1293,39
1293,53
1293,59
1293,63
1293,72
1293,75
1293,84
1293,89
1293,90
1293,97
1293,101
1293,103
1293,118
1293,136
1293,146
1293,147
1293,153
1293,156
1293,158
1293,186
1293,196
1293,197
1293,203
1293,205
1293,236
1293,252
1293,256
1293,294
1293,330
1293,351
1293,357
1293,362
1293,392
1293,423
1293,424
1293,433
1293,434
1293,435
1293,459
1293,462
1293,470
1293,488
1293,509
1293,521
1293,549
1293,573
1293,582
1293,585
1293,592
1293,608
1293,610
1293,654
1293,690
1293,699
1293,722
1293,751
1293,768
1293,820
1293,923
1293,927
1293,966
1293,1012
1293,1058
1293,1076
1293,1090
1293,1127
1293,1142
1293,1160
1293,1175
1293,1207
1293,1251
1293,1277
1293,1281
1293,1300
1293,1323
1293,1358
1293,1444
1293,1472
1293,1498
1293,1541
1293,1543
1293,1551
1293,1573
1293,1597
1293,1606
1293,1616
1293,1692
1293,1698
1293,1699
1293,1720
1293,1769
1293,1781
1293,1785
1293,1791
1293,1803
1293,1851
1293,1866
1293,1869
1293,1887
1293,1891
1293,1893
1293,1895
1293,1921
1293,1969
1293,1975
1293,1985
1293,1993
1293,1994
1293,2016
1293,2036
1293,2041
1293,2054
1293,2173
1293,2186
1293,2193
1293,2213
1293,2261
1293,2269
1293,2283
1293,2324
1293,2338
1293,2390
1293,2408
1293,2441
1293,2488
1293,2494
1293,2503
1293,2521
1293,2526
1293,2537
1293,2552
1293,2582
1293,2587
1293,2599
1293,2619
1293,2660
1293,2671
1293,2699
1293,2728
1293,2753
1293,2788
1293,2826
1293,2837
1293,2884
1293,2907
1293,2919
1293,2936
1293,2982
1293,2991
1293,2999
1293,3003
1293,3031
1293,3094
1293,3140
1293,3225
1293,3249
1293,3252
1293,3260
1293,3291
1293,3317
1293,3342
1293,3350
1293,3388
1293,3472
1293,3501
1293,3621
1293,3627
1293,3628
1293,3636
1293,3706
1293,3760
1293,3798
1293,3826
1293,3982
1293,4144
1293,4323
1293,4339
1293,4347
1293,4381
1293,4409
1293,4417
1293,4429
1293,4430
1293,4443
1293,4454
1293,4467
1293,4491
1293,4559
1293,4564
1293,4608
1293,4617
1293,4643
1293,4655
1293,4696
1293,4712
1293,4714
1293,4720
1293,4726
1293,4767
1293,4838
1293,4851
1293,4873
1293,4892
1293,4904
1293,4916
1293,4923
1293,4926
1293,4939
1293,4943
1293,4960
1293,4976
1293,4977
1293,4992
1293,4994
1293,5020
1293,5047
1293,5055
1293,5057
1293,5058
1293,5063
1293,5083
1293,5105
1293,5229
1293,5259
1293,5276
1293,5344
1293,5361
1293,5385
1293,5420
1293,5423
1293,5466
1293,5493
1293,5499
1293,5518
1293,5519
1293,5536
1293,5555
1293,5570
1293,5634
1293,5643
1293,5647
1293,5650
1293,5774
1293,6076
1293,6081
1293,6100
1293,6109
1293,6112
1293,6122
1293,6137
1293,6145
1293,6173
1293,6209
1293,6219
1293,6237
1293,6266
1294,14
1294,26
1294,36
1294,43
1294,73
1294,78
1294,94
1294,107
1294,109
1294,132
1294,138
1294,140
1294,148
1294,163
1294,165
1294,167
1294,170
1294,175
1294,187
1294,190
1294,199
1294,243
1294,258
1294,260
1294,271
1294,307
1294,331
1294,334
1294,349
1294,376
1294,377
1294,383
1294,391
1294,409
1294,419
1294,422
1294,428
1294,468
1294,490
1294,496
1294,501
1294,517
1294,531
1294,539
1294,606
1294,663
1294,666
1294,667
1294,673
1294,680
1294,701
1294,703
1294,743
1294,754
1294,759
1294,793
1294,799
1294,808
1294,809
1294,811
1294,823
1294,868
1294,877
1294,890
1294,897
1294,906
1294,932
1294,937
1294,946
1294,963
1294,979
1294,996
1294,1001
1294,1006
1294,1027
1294,1029
1294,1050
1294,1053
1294,1083
1294,1105
1294,1112
1294,1114
1294,1125
1294,1126
1294,1156
1294,1166
1294,1185
1294,1189
1294,1196
1294,1197
1294,1204
1294,1219
1294,1231
1294,1238
1294,1244
1294,1247
1294,1266
1294,1273
1294,1274
1294,1276
1294,1341
1294,1368
1294,1376
1294,1412
1294,1430
1294,1445
1294,1458
1294,1468
1294,1470
1294,1473
1294,1506
1294,1539
1294,1561
1294,1570
1294,1583
1294,1620
1294,1631
1294,1674
1294,1682
1294,1693
1294,1696
1294,1715
1294,1731
1294,1749
1294,1757
1294,1760
1294,1782
1294,1783
1294,1787
1294,1788
1294,1802
1294,1824
1294,1828
1294,1830
1294,1836
1294,1837
1294,1848
1294,1861
1294,1867
1294,1870
1294,1900
1294,1906
1294,1918
1294,1927
1294,1928
1294,1955
1294,2029
1294,2105
1294,2119
1294,2125
1294,2137
1294,2153
1294,2155
1294,2171
1294,2178
1294,2179
1294,2185
1294,2187
1294,2203
1294,2218
1294,2258
1294,2272
1294,2285
1294,2290
1294,2297
1294,2322
1294,2331
1294,2336
1294,2341
1294,2368
1294,2392
1294,2404
1294,2414
1294,2440
1294,2460
1294,2489
1294,2510
1294,2533
1294,2536
1294,2553
1294,2603
1294,2642
1294,2654
1294,2682
1294,2691
1294,2706
1294,2727
1294,2739
1294,2750
1294,2773
1294,2778
1294,2801
1294,2823
1294,2824
1294,2906
1294,2937
1294,2963
1294,2971
1294,3023
1294,3062
1294,3091
1294,3130
1294,3134
1294,3187
1294,3230
1294,3270
1294,3272
1294,3278
1294,3290
1294,3293
1294,3327
1294,3357
1294,3363
1294,3406
1294,3420
1294,3498
1294,3517
1294,3544
1294,3561
1294,3565
1294,3634
1294,3649
1294,3664
1294,3696
1294,3731
1294,3771
1294,3788
1294,3792
1294,3801
1294,3850
1294,3897
1294,3932
1294,3962
1294,4035
1294,4230
1294,4247
1294,4248
1294,4261
1294,4267
1294,4286
1294,4288
1294,4317
1294,4336
1294,4341
1294,4406
1294,4509
1294,4512
1294,4538
1294,4548
1294,4569
1294,4576
1294,4577
1294,4593
1294,4616
1294,4637
1294,4645
1294,4664
1294,4683
1294,4692
1294,4698
1294,4703
1294,4704
1294,4711
1294,4760
1294,4772
1294,4775
1294,4790
1294,4796
1294,4819
1294,4831
1294,4833
1294,4836
1294,4855
1294,4858
1294,4859
1294,4898
1294,4906
1294,4919
1294,4959
1294,4965
1294,4995
1294,5007
1294,5038
1294,5052
1294,5061
1294,5086
1294,5090
1294,5092
1294,5111
1294,5123
1294,5174
1294,5186
1294,5197
1294,5325
1294,5387
1294,5403
1294,5428
1294,5470
1294,5479
1294,5503
1294,5510
1294,5532
1294,5545
1294,5566
1294,5587
1294,5596
1294,5608
1294,5671
1294,5710
1294,5791
1294,5838
1294,6070
1294,6116
1294,6164
1294,6234
1295,6
1295,10
1295,17
1295,18
1295,21
1295,24
1295,25
1295,29
1295,41
1295,48
1295,50
1295,56
1295,66
1295,68
1295,71
1295,79
1295,88
1295,100
1295,108
1295,119
1295,126
1295,128
1295,139
1295,217
1295,232
1295,235
1295,246
1295,254
1295,265
1295,277
1295,280
1295,297
1295,300
1295,326
1295,352
1295,353
1295,368
1295,379
1295,390
1295,402
1295,412
1295,464
1295,471
1295,475
1295,483
1295,489
1295,493
1295,511
1295,528
1295,580
1295,599
1295,638
1295,671
1295,684
1295,686
1295,724
1295,730
1295,753
1295,761
1295,763
1295,813
1295,829
1295,832
1295,835
1295,860
1295,865
1295,885
1295,934
1295,943
1295,967
1295,976
1295,988
1295,1014
1295,1052
1295,1054
1295,1055
1295,1065
1295,1073
1295,1123
1295,1129
1295,1161
1295,1168
1295,1249
1295,1287
1295,1290
1295,1308
1295,1317
1295,1345
1295,1347
1295,1356
1295,1363
1295,1367
1295,1384
1295,1391
1295,1417
1295,1422
1295,1434
1295,1493
1295,1504
1295,1507
1295,1535
1295,1540
1295,1586
1295,1639
1295,1643
1295,1667
1295,1686
1295,1687
1295,1697
1295,1710
1295,1716
1295,1740
1295,1773
1295,1784
1295,1847
1295,1871
1295,1958
1295,1983
1295,2014
1295,2027
1295,2062
1295,2066
1295,2069
1295,2075
1295,2079
1295,2085
1295,2097
1295,2128
1295,2136
1295,2158
1295,2210
1295,2220
1295,2240
1295,2248
1295,2259
1295,2314
1295,2325
1295,2424
1295,2429
1295,2456
1295,2504
1295,2515
1295,2529
1295,2555
1295,2567
1295,2573
1295,2591
1295,2616
1295,2617
1295,2630
1295,2674
1295,2707
1295,2740
1295,2761
1295,2785
1295,2793
1295,2797
1295,2798
1295,2844
1295,2862
1295,2866
1295,2869
1295,2878
1295,2900
1295,2938
1295,2945
1295,2947
1295,2951
1295,3001
1295,3012
1295,3110
1295,3118
1295,3133
1295,3147
1295,3163
1295,3170
1295,3206
1295,3217
1295,3231
1295,3248
1295,3251
1295,3299
1295,3399
1295,3409
1295,3439
1295,3494
1295,3499
1295,3531
1295,3537
1295,3555
1295,3562
1295,3570
1295,3611
1295,3648
1295,3694
1295,3699
1295,3738
1295,3764
1295,3769
1295,3795
1295,3912
1295,3997
1295,4037
1295,4126
1295,4304
1295,4318
1295,4331
1295,4364
1295,4372
1295,4374
1295,4375
1295,4376
1295,4391
1295,4423
1295,4431
1295,4433
1295,4450
1295,4460
1295,4488
1295,4573
1295,4592
1295,4606
1295,4609
1295,4629
1295,4630
1295,4659
1295,4675
1295,4688
1295,4689
1295,4719
1295,4754
1295,4762
1295,4765
1295,4776
1295,4806
1295,4807
1295,4840
1295,4846
1295,4863
1295,4865
1295,4913
1295,4925
1295,4947
1295,4955
1295,4962
1295,4972
1295,4988
1295,5029
1295,5069
1295,5106
1295,5124
1295,5125
1295,5132
1295,5163
1295,5183
1295,5212
1295,5217
1295,5220
1295,5269
1295,5284
1295,5298
1295,5339
1295,5349
1295,5352
1295,5371
1295,5409
1295,5426
1295,5463
1295,5464
1295,5494
1295,5506
1295,5539
1295,5544
1295,5562
1295,5584
1295,5593
1295,5605
1295,5633
1295,5644
1295,5689
1295,5702
1295,5738
1295,5766
1295,5770
1295,5775
1295,5824
1295,5866
1295,5912
1295,5959
1295,6068
1295,6102
1295,6114
1295,6121
1295,6127
1295,6139
1295,6144
1295,6220
1296,7
1296,9
1296,12
1296,30
1296,33
1296,67
1296,72
1296,75
1296,89
1296,90
1296,104
1296,118
1296,129
1296,145
1296,153
1296,158
1296,169
1296,196
1296,203
1296,213
1296,216
1296,230
1296,285
1296,286
1296,289
1296,324
1296,355
1296,366
1296,398
1296,401
1296,420
1296,426
1296,478
1296,485
1296,515
1296,541
1296,548
1296,557
1296,565
1296,571
1296,582
1296,597
1296,642
1296,681
1296,705
1296,772
1296,801
1296,814
1296,820
1296,888
1296,916
1296,933
1296,972
1296,975
1296,989
1296,1026
1296,1040
1296,1045
1296,1047
1296,1116
1296,1158
1296,1178
1296,1187
1296,1194
1296,1198
1296,1199
1296,1262
1296,1263
1296,1271
1296,1300
1296,1319
1296,1326
1296,1339
1296,1374
1296,1383
1296,1401
1296,1421
1296,1537
1296,1604
1296,1606
1296,1627
1296,1743
1296,1764
1296,1813
1296,1817
1296,1833
1296,1893
1296,1990
1296,1996
1296,2019
1296,2044
1296,2141
1296,2190
1296,2233
1296,2237
1296,2256
1296,2326
1296,2334
1296,2535
1296,2610
1296,2659
1296,2686
1296,2800
1296,2919
1296,3003
1296,3004
1296,3020
1296,3079
1296,3112
1296,3161
1296,3306
1296,3362
1296,3451
1296,3501
1296,3656
1296,3704
1296,3712
1296,3715
1296,3774
1296,3776
1296,3785
1296,3837
1296,3893
1296,3931
1296,4048
1296,4105
1296,4112
1296,4124
1296,4130
1296,4132
1296,4155
1296,4158
1296,4207
1296,4210
1296,4226
1296,4254
1296,4272
1296,4291
1296,4312
1296,4313
1296,4324
1296,4340
1296,4401
1296,4421
1296,4486
1296,4595
1296,4615
1296,4643
1296,4656
1296,4696
1296,4722
1296,4752
1296,4753
1296,4866
1296,4994
1296,5005
1296,5082
1296,5083
1296,5095
1296,5127
1296,5167
1296,5185
1296,5187
1296,5201
1296,5203
1296,5225
1296,5280
1296,5366
1296,5368
1296,5418
1296,5419
1296,5423
1296,5429
1296,5433
1296,5449
1296,5450
1296,5455
1296,5482
1296,5492
1296,5493
1296,5518
1296,5519
1296,5522
1296,5523
1296,5535
1296,5550
1296,5552
1296,5553
1296,5559
1296,5570
1296,5589
1296,5614
1296,5626
1296,5634
1296,5635
1296,5637
1296,5643
1296,5647
1296,5649
1296,5651
1296,5664
1296,5670
1296,5673
1296,5684
1296,5691
1296,5692
1296,5699
1296,5701
1296,5709
1296,5712
1296,5715
1296,5717
1296,5724
1296,5730
1296,5732
1296,5740
1296,5750
1296,5765
1296,5768
1296,5769
1296,5804
1296,5955
1296,6080
1296,6085
1296,6106
1296,6109
1296,6112
1296,6117
1296,6122
1296,6137
1296,6143
1296,6145
1296,6154
1296,6158
1296,6165
1296,6219
1296,6223
1296,6241
1297,35
1297,42
1297,63
1297,69
1297,73
1297,99
1297,123
1297,146
1297,190
1297,200
1297,218
1297,258
1297,279
1297,302
1297,334
1297,393
1297,430
1297,445
1297,520
1297,540
1297,604
1297,639
1297,690
1297,700
1297,748
1297,756
1297,768
1297,795
1297,799
1297,925
1297,1083
1297,1173
1297,1274
1297,1541
1297,1652
1297,1708
1297,1850
1297,1949
1297,2077
1297,2092
1297,2131
1297,2312
1297,2368
1297,2405
1297,2846
1297,2852
1297,2903
1297,3136
1297,3184
1297,3260
1297,3288
1297,3309
1297,3797
1297,4043
1297,4104
1297,4137
1297,4138
1297,4275
1297,4301
1297,4311
1297,4345
1297,4459
1297,4649
1297,4655
1297,4658
1297,4702
1297,4777
1297,4914
1297,5168
1297,5383
1297,5386
1297,5390
1297,5393
1297,5399
1297,5415
1297,5441
1297,5460
1297,5500
1297,5512
1297,5572
1297,5599
1297,5604
1297,5731
1297,5744
1297,5751
1297,5777
1297,5806
1297,5822
1297,5871
1297,5875
1297,5945
1297,5963
1297,5971
1297,5987
1297,6005
1297,6111
1297,6190
1297,6216
1297,6246
1297,6248
1298,66
1298,78
1298,88
1298,94
1298,100
1298,119
1298,128
1298,140
1298,271
1298,350
1298,359
1298,412
1298,471
1298,580
1298,666
1298,759
1298,1156
1298,1192
1298,1260
1298,1347
1298,1431
1298,1441
1298,1792
1298,1997
1298,2051
1298,2161
1298,2201
1298,2306
1298,2424
1298,2515
1298,2555
1298,3186
1298,3452
1298,3589
1298,3775
1298,3949
1298,4044
1298,4294
1298,4460
1298,4493
1298,4629
1298,4630
1298,4707
1298,4869
1298,5029
1298,5092
1298,5110
1298,5217
1298,5385
1298,5397
1298,5420
1298,5479
1298,5480
1298,5491
1298,5520
1298,5541
1298,5544
1298,5575
1298,5689
1298,5702
1298,5735
1298,5767
1298,5782
1298,5791
1298,6056
1298,6177
1299,41
1299,43
1299,75
1299,153
1299,165
1299,178
1299,216
1299,217
1299,230
1299,371
1299,392
1299,410
1299,460
1299,564
1299,582
1299,699
1299,830
1299,964
1299,1194
1299,1271
1299,1422
1299,1466
1299,1558
1299,1589
1299,1670
1299,1753
1299,1820
1299,1962
1299,2930
1299,3020
1299,3219
1299,4129
1299,4731
1299,4753
1299,4865
1299,5455
1299,5545
1299,5553
1299,5894
1300,12
1300,29
1300,36
1300,90
1300,108
1300,126
1300,236
1300,243
1300,252
1300,353
1300,367
1300,402
1300,431
1300,434
1300,496
1300,548
1300,700
1300,722
1300,756
1300,814
1300,858
1300,906
1300,925
1300,967
1300,991
1300,1076
1300,1396
1300,1507
1300,1596
1300,1750
1300,2064
1300,2179
1300,2405
1300,2510
1300,3409
1300,3744
1300,4239
1300,4364
1300,4656
1300,4705
1300,4754
1300,4806
1300,4819
1300,5284
1300,5366
1300,6209
1301,88
1301,129
1301,138
1301,140
1301,186
1301,258
1301,300
1301,344
1301,412
1301,471
1301,478
1301,823
1301,944
1301,988
1301,1161
1301,1397
1301,1870
1301,2128
1301,2368
1301,2919
1301,3633
1301,3932
1301,3962
1301,4035
1301,4230
1301,4439
1301,4460
1301,4629
1301,4962
1301,5287
1301,5503
1301,5590
1301,5710
1301,6114
1301,6116
1301,6150
1301,6248
1302,24
1302,25
1302,30
1302,72
1302,78
1302,200
1302,315
1302,364
1302,458
1302,639
1302,768
1302,926
1302,1345
1302,1480
1302,1777
1302,2740
1302,2793
1302,3501
1302,3562
1302,3589
1302,3694
1302,4304
1302,4865
1302,5069
1302,5225
1302,5232
1302,5479
1302,5494
1302,5506
1302,5526
1302,5552
1302,5566
1302,5570
1302,5593
1302,5644
1302,5702
1302,5738
1302,5769
1302,5912
1302,6148
1302,6154
1302,6158
1302,6219
1302,6220
1302,6234
1303,14
1303,17
1303,69
1303,75
1303,121
1303,165
1303,196
1303,203
1303,230
1303,331
1303,340
1303,409
1303,439
1303,549
1303,1003
1303,1204
1303,1270
1303,1274
1303,1326
1303,1436
1303,1753
1303,2306
1303,3020
1303,3452
1303,3775
1303,4538
1303,4869
1303,5403
1303,5510
1303,5671
1303,5791
1304,35
1304,89
1304,108
1304,178
1304,232
1304,257
1304,367
1304,371
1304,389
1304,410
1304,431
1304,460
1304,562
1304,564
1304,572
1304,683
1304,830
1304,1054
1304,1073
1304,1101
1304,1263
1304,1317
1304,1402
1304,1800
1304,2405
1304,3151
1304,3395
1304,3656
1304,3744
1304,4216
1304,4364
1304,4656
1304,4866
1304,4988
1305,243
1305,402
1305,434
1305,578
1305,748
1305,807
1305,906
1305,932
1305,1105
1305,1292
1305,1620
1305,1715
1305,5127
1305,5161
1306,36
1306,90
1306,252
1306,334
1306,420
1306,475
1306,478
1306,793
1306,5593
1306,5959
1306,6070
1307,138
1307,258
1307,389
1307,430
1307,641
1307,1847
1307,1870
1307,2062
1307,2761
1307,3279
1307,3932
1307,3962
1307,4035
1307,4890
1307,5220
1307,5232
1307,5710
1307,6116
1308,464
1308,932
1308,2793
1308,4230
1308,5590
1308,5713
1308,6220
1309,153
1309,203
1309,252
1309,334
1309,580
1309,1054
1309,1326
1309,1431
1309,2233
1309,3000
1309,3020
1309,4105
1309,4124
1309,4132
1309,4137
1309,4155
1309,4158
1309,4210
1309,5418
1309,5419
1309,5494
1309,5522
1309,5523
1309,5559
1309,5635
1309,5649
1309,5664
1309,5673
1309,5692
1309,5699
1309,5709
1309,5712
1309,5717
1309,5732
1309,5740
1309,5750
1309,5765
1309,5768
1309,6143
1310,138
1310,864
1310,1141
1310,1358
1310,1870
1310,3674
1310,3822
1310,3932
1310,3962
1310,4035
1310,4043
1310,4104
1310,4138
1310,4331
1310,4675
1310,4683
1310,4764
1310,5287
1310,5383
1310,5390
1310,5441
1310,5460
1310,5512
1310,5544
1310,5572
1310,5584
1310,5585
1310,5710
1310,5806
1310,5822
1310,5871
1310,5875
1310,5945
1310,5963
1310,5971
1310,5987
1310,6005
1310,6116
1310,6190
1310,6246
1311,170
1311,379
1311,728
1311,759
1311,934
1311,937
1311,2634
1311,5280
1311,5375
1311,5420
1311,5492
1311,5530
1311,5535
1311,5644
1311,5647
1311,5744
1311,5751
1311,5767
1311,6080
1311,6082
1311,6220
1312,36
1312,88
1312,140
1312,349
1312,485
1312,5385
1325,2835
1325,3123
1325,3322
1325,3526
1325,3579
1325,3675
1325,3688
1325,3861
1325,3863
1325,3869
1325,3939
1325,3965
1325,4007
1325,4021
1325,4034
1325,4042
1325,4065
1325,4072
1325,4093
1325,4096
1325,4106
1325,4107
1325,4109
1325,4117
1325,4128
1325,4139
1325,4164
1325,4167
1325,4175
1325,4177
1325,4181
1325,4182
1325,4200
1325,4204
1325,4209
1325,4213
1325,4217
1325,4220
1325,4224
1325,4229
1325,4231
1325,4233
1325,4234
1325,4235
1325,4238
1325,4244
1325,4245
1325,4326
1325,4522
1325,4641
1325,4710
1325,4746
1325,4810
1325,4843
1325,4844
1325,5051
1325,5215
1325,5223
1325,5230
1325,5251
1325,5253
1325,5327
1325,6210
1325,6213
1325,6215
1325,6222
1325,6225
1325,6226
1325,6231
1325,6235
1325,6240
1325,6252
1325,6253
1325,6256
1325,6257
1325,6258
1325,6263
1325,6264
1325,6267
1325,6268
1325,6271
1325,6273
1325,6274
1325,6275
1326,54
1326,65
1326,109
1326,111
1326,169
1326,184
1326,222
1326,261
1326,312
1326,317
1326,319
1326,338
1326,382
1326,414
1326,415
1326,442
1326,452
1326,453
1326,506
1326,522
1326,561
1326,567
1326,591
1326,622
1326,625
1326,656
1326,664
1326,716
1326,725
1326,757
1326,765
1326,791
1326,842
1326,851
1326,905
1326,942
1326,981
1326,1024
1326,1070
1326,1165
1326,1205
1326,1213
1326,1256
1326,1318
1326,1449
1326,1496
1326,1532
1326,1617
1326,1628
1326,1690
1326,1726
1326,1818
1326,1865
1326,1894
1326,2006
1326,2053
1326,2067
1326,2071
1326,2121
1326,2162
1326,2222
1326,2251
1326,2286
1326,2330
1326,2386
1326,2547
1326,2805
1326,2836
1326,2859
1326,2860
1326,2864
1326,2901
1326,3045
1326,3066
1326,3422
1326,3858
1326,3883
1326,4023
1326,4052
1326,4058
1326,4169
1326,4189
1326,4201
1326,4247
1326,4265
1326,4280
1326,4306
1326,4309
1326,4315
1326,4363
1326,4377
1326,4511
1326,4550
1326,4579
1326,4665
1326,4666
1326,4744
1326,4852
1326,4853
1326,4920
1326,4921
1326,4959
1326,5082
1326,5165
1326,5203
1326,5250
1326,5282
1326,5294
1326,5313
1327,3
1327,4
1327,7
1327,29
1327,63
1327,87
1327,115
1327,155
1327,203
1327,218
1327,251
1327,366
1327,403
1327,460
1327,477
1327,486
1327,563
1327,572
1327,586
1327,629
1327,632
1327,644
1327,665
1327,704
1327,731
1327,781
1327,788
1327,817
1327,830
1327,852
1327,858
1327,894
1327,917
1327,972
1327,994
1327,1004
1327,1015
1327,1352
1327,1369
1327,1388
1327,1395
1327,1397
1327,1491
1327,1518
1327,1522
1327,1567
1327,1589
1327,1618
1327,1664
1327,1670
1327,1677
1327,1713
1327,1721
1327,1725
1327,1812
1327,1822
1327,1885
1327,1913
1327,1926
1327,1932
1327,1946
1327,1979
1327,1980
1327,1994
1327,1997
1327,2021
1327,2040
1327,2049
1327,2072
1327,2094
1327,2167
1327,2200
1327,2238
1327,2262
1327,2276
1327,2281
1327,2307
1327,2311
1327,2339
1327,2401
1327,2421
1327,2448
1327,2466
1327,2562
1327,2566
1327,2572
1327,2578
1327,2607
1327,2665
1327,2711
1327,2903
1327,2925
1327,2957
1327,3052
1327,3121
1327,3152
1327,3221
1327,3255
1327,3271
1327,3273
1327,3297
1327,3315
1327,3328
1327,3354
1327,3576
1327,3623
1327,3630
1327,3641
1327,3810
1327,3814
1327,3887
1327,3895
1327,3898
1327,3979
1327,4337
1327,4364
1327,4382
1327,4389
1327,4392
1327,4398
1327,4407
1327,4408
1327,4466
1327,4510
1327,4523
1327,4572
1327,4586
1327,4589
1327,4596
1327,4631
1327,4654
1327,4767
1327,4801
1327,4815
1327,4854
1327,4944
1327,4964
1327,5059
1327,5136
1327,5139
1327,5159
1327,5204
1327,5205
1327,5206
1327,5213
1327,5260
1327,5293
1327,5346
1327,5352
1327,5358
1327,5395
1327,5463
1327,5464
1327,5487
1327,5505
1327,5537
1327,5584
1327,5689
1327,5729
1327,5770
1327,5775
1327,5841
1327,6075
1327,6100
1327,6103
1328,24
1328,30
1328,33
1328,39
1328,48
1328,53
1328,59
1328,62
1328,84
1328,89
1328,90
1328,97
1328,101
1328,103
1328,118
1328,129
1328,136
1328,146
1328,147
1328,156
1328,161
1328,185
1328,186
1328,236
1328,252
1328,256
1328,310
1328,330
1328,351
1328,357
1328,362
1328,392
1328,406
1328,423
1328,424
1328,433
1328,434
1328,435
1328,459
1328,462
1328,470
1328,509
1328,521
1328,560
1328,582
1328,585
1328,592
1328,599
1328,608
1328,610
1328,699
1328,714
1328,751
1328,820
1328,895
1328,923
1328,966
1328,1058
1328,1076
1328,1090
1328,1127
1328,1142
1328,1160
1328,1175
1328,1277
1328,1281
1328,1323
1328,1358
1328,1368
1328,1541
1328,1543
1328,1551
1328,1597
1328,1606
1328,1692
1328,1698
1328,1699
1328,1720
1328,1769
1328,1781
1328,1785
1328,1803
1328,1869
1328,1887
1328,1893
1328,1895
1328,1975
1328,1985
1328,1993
1328,2041
1328,2136
1328,2173
1328,2193
1328,2213
1328,2261
1328,2269
1328,2283
1328,2324
1328,2331
1328,2338
1328,2390
1328,2503
1328,2526
1328,2536
1328,2537
1328,2552
1328,2599
1328,2660
1328,2699
1328,2728
1328,2753
1328,2788
1328,2837
1328,2936
1328,3094
1328,3350
1328,3388
1328,3501
1328,3562
1328,3798
1328,3982
1328,4144
1328,4323
1328,4339
1328,4430
1328,4454
1328,4617
1328,4632
1328,4655
1328,4696
1328,4712
1328,4714
1328,4726
1328,4838
1328,4858
1328,4873
1328,4877
1328,4892
1328,4916
1328,4923
1328,4939
1328,4976
1328,4977
1328,5047
1328,5055
1328,5063
1328,5083
1328,5105
1328,5158
1328,5259
1328,5276
1328,5361
1328,5387
1328,5420
1328,5466
1328,5499
1328,5519
1328,5532
1328,5536
1328,5540
1328,6070
1328,6076
1328,6081
1328,6145
1328,6173
1328,6209
1328,6237
1329,6
1329,36
1329,43
1329,67
1329,73
1329,78
1329,79
1329,94
1329,107
1329,108
1329,109
1329,132
1329,138
1329,148
1329,167
1329,170
1329,175
1329,187
1329,196
1329,197
1329,200
1329,215
1329,232
1329,271
1329,307
1329,349
1329,355
1329,376
1329,377
1329,383
1329,391
1329,409
1329,419
1329,422
1329,426
1329,428
1329,485
1329,488
1329,490
1329,496
1329,501
1329,539
1329,549
1329,639
1329,673
1329,680
1329,690
1329,722
1329,759
1329,768
1329,782
1329,793
1329,799
1329,808
1329,809
1329,823
1329,824
1329,868
1329,897
1329,906
1329,932
1329,937
1329,943
1329,946
1329,979
1329,1001
1329,1006
1329,1027
1329,1053
1329,1065
1329,1099
1329,1105
1329,1112
1329,1114
1329,1126
1329,1156
1329,1161
1329,1166
1329,1185
1329,1190
1329,1196
1329,1197
1329,1204
1329,1207
1329,1219
1329,1231
1329,1238
1329,1244
1329,1247
1329,1266
1329,1274
1329,1276
1329,1300
1329,1321
1329,1341
1329,1444
1329,1473
1329,1498
1329,1507
1329,1539
1329,1540
1329,1570
1329,1583
1329,1610
1329,1620
1329,1631
1329,1633
1329,1636
1329,1639
1329,1674
1329,1682
1329,1686
1329,1693
1329,1696
1329,1715
1329,1760
1329,1782
1329,1783
1329,1787
1329,1788
1329,1791
1329,1802
1329,1824
1329,1828
1329,1830
1329,1836
1329,1848
1329,1867
1329,1870
1329,1900
1329,1906
1329,1921
1329,1928
1329,1969
1329,2029
1329,2054
1329,2105
1329,2119
1329,2125
1329,2137
1329,2148
1329,2153
1329,2155
1329,2171
1329,2179
1329,2186
1329,2203
1329,2209
1329,2218
1329,2226
1329,2258
1329,2272
1329,2285
1329,2290
1329,2297
1329,2392
1329,2398
1329,2404
1329,2489
1329,2494
1329,2495
1329,2510
1329,2533
1329,2553
1329,2555
1329,2603
1329,2642
1329,2654
1329,2706
1329,2727
1329,2739
1329,2773
1329,2793
1329,2801
1329,2823
1329,2824
1329,2869
1329,2919
1329,2922
1329,2947
1329,2963
1329,2971
1329,3003
1329,3062
1329,3091
1329,3187
1329,3230
1329,3249
1329,3260
1329,3270
1329,3293
1329,3420
1329,3498
1329,3544
1329,3589
1329,3610
1329,3731
1329,3760
1329,3764
1329,3771
1329,3788
1329,3792
1329,3801
1329,3850
1329,3932
1329,3940
1329,3962
1329,4035
1329,4228
1329,4230
1329,4247
1329,4261
1329,4267
1329,4286
1329,4288
1329,4317
1329,4333
1329,4336
1329,4406
1329,4417
1329,4467
1329,4509
1329,4538
1329,4548
1329,4559
1329,4564
1329,4569
1329,4576
1329,4577
1329,4593
1329,4616
1329,4671
1329,4683
1329,4692
1329,4703
1329,4704
1329,4772
1329,4819
1329,4833
1329,4836
1329,4855
1329,4906
1329,4919
1329,4959
1329,4965
1329,5008
1329,5052
1329,5061
1329,5086
1329,5090
1329,5123
1329,5130
1329,5187
1329,5356
1329,5403
1329,5423
1329,5428
1329,5449
1329,5470
1329,5479
1329,5503
1329,5506
1329,5510
1329,5513
1329,5518
1329,5545
1329,5555
1329,5561
1329,5566
1329,5570
1329,5596
1329,5608
1329,5647
1329,5685
1329,5710
1329,5791
1329,5838
1329,5936
1329,6109
1329,6113
1329,6116
1329,6121
1329,6137
1329,6164
1329,6211
1329,6219
1329,6234
1330,14
1330,29
1330,58
1330,63
1330,68
1330,69
1330,70
1330,121
1330,139
1330,140
1330,158
1330,169
1330,195
1330,220
1330,230
1330,235
1330,241
1330,260
1330,265
1330,277
1330,279
1330,297
1330,331
1330,334
1330,340
1330,352
1330,353
1330,366
1330,368
1330,385
1330,390
1330,393
1330,464
1330,475
1330,493
1330,557
1330,580
1330,606
1330,638
1330,654
1330,663
1330,666
1330,686
1330,730
1330,753
1330,835
1330,860
1330,865
1330,948
1330,962
1330,967
1330,976
1330,988
1330,1014
1330,1050
1330,1052
1330,1055
1330,1062
1330,1073
1330,1123
1330,1125
1330,1129
1330,1287
1330,1290
1330,1292
1330,1326
1330,1345
1330,1363
1330,1367
1330,1414
1330,1417
1330,1493
1330,1506
1330,1535
1330,1561
1330,1586
1330,1687
1330,1710
1330,1716
1330,1749
1330,1753
1330,1843
1330,1847
1330,1849
1330,1857
1330,1871
1330,1918
1330,2014
1330,2062
1330,2085
1330,2097
1330,2142
1330,2158
1330,2185
1330,2210
1330,2233
1330,2306
1330,2314
1330,2368
1330,2429
1330,2440
1330,2441
1330,2573
1330,2630
1330,2674
1330,2707
1330,2740
1330,2761
1330,2778
1330,2798
1330,2844
1330,2852
1330,2878
1330,2897
1330,2920
1330,2945
1330,3001
1330,3163
1330,3217
1330,3244
1330,3248
1330,3336
1330,3399
1330,3409
1330,3439
1330,3452
1330,3494
1330,3531
1330,3537
1330,3565
1330,3611
1330,3631
1330,3656
1330,3664
1330,3678
1330,3694
1330,3769
1330,3775
1330,3776
1330,3795
1330,3905
1330,3912
1330,4126
1330,4156
1330,4248
1330,4304
1330,4331
1330,4340
1330,4364
1330,4372
1330,4423
1330,4431
1330,4433
1330,4460
1330,4488
1330,4532
1330,4573
1330,4592
1330,4629
1330,4637
1330,4645
1330,4656
1330,4659
1330,4688
1330,4698
1330,4711
1330,4731
1330,4752
1330,4754
1330,4775
1330,4776
1330,4806
1330,4807
1330,4863
1330,4869
1330,4925
1330,4955
1330,4972
1330,4973
1330,5069
1330,5092
1330,5096
1330,5106
1330,5111
1330,5127
1330,5163
1330,5174
1330,5186
1330,5196
1330,5212
1330,5220
1330,5269
1330,5287
1330,5328
1330,5339
1330,5349
1330,5366
1330,5407
1330,5413
1330,5429
1330,5455
1330,5463
1330,5464
1330,5467
1330,5482
1330,5494
1330,5544
1330,5550
1330,5554
1330,5584
1330,5593
1330,5614
1330,5633
1330,5644
1330,5650
1330,5671
1330,5689
1330,5766
1330,5775
1330,5777
1330,5804
1330,5955
1330,6068
1330,6080
1330,6106
1330,6139
1330,6144
1330,6220
1331,10
1331,17
1331,21
1331,24
1331,25
1331,26
1331,30
1331,33
1331,41
1331,50
1331,56
1331,71
1331,88
1331,89
1331,90
1331,126
1331,129
1331,147
1331,153
1331,199
1331,203
1331,218
1331,246
1331,252
1331,300
1331,398
1331,412
1331,420
1331,423
1331,430
1331,445
1331,471
1331,478
1331,489
1331,511
1331,515
1331,517
1331,562
1331,564
1331,582
1331,599
1331,703
1331,707
1331,724
1331,748
1331,801
1331,811
1331,813
1331,830
1331,927
1331,933
1331,960
1331,963
1331,991
1331,1004
1331,1040
1331,1047
1331,1111
1331,1116
1331,1133
1331,1171
1331,1187
1331,1199
1331,1229
1331,1308
1331,1317
1331,1319
1331,1356
1331,1384
1331,1391
1331,1430
1331,1448
1331,1606
1331,1627
1331,1784
1331,1813
1331,1817
1331,1850
1331,1962
1331,2079
1331,2114
1331,2128
1331,2164
1331,2220
1331,2256
1331,2405
1331,2529
1331,2610
1331,2616
1331,2617
1331,2659
1331,2686
1331,2800
1331,2804
1331,2866
1331,2900
1331,2938
1331,2951
1331,3072
1331,3079
1331,3103
1331,3118
1331,3147
1331,3161
1331,3231
1331,3299
1331,3395
1331,3451
1331,3493
1331,3501
1331,3562
1331,3613
1331,3685
1331,3699
1331,3704
1331,3712
1331,3738
1331,3744
1331,3774
1331,3785
1331,3931
1331,4048
1331,4102
1331,4105
1331,4124
1331,4132
1331,4137
1331,4155
1331,4210
1331,4226
1331,4254
1331,4275
1331,4311
1331,4312
1331,4313
1331,4324
1331,4391
1331,4421
1331,4486
1331,4581
1331,4595
1331,4606
1331,4615
1331,4643
1331,4664
1331,4675
1331,4689
1331,4722
1331,4760
1331,4762
1331,4790
1331,4839
1331,4865
1331,4947
1331,4962
1331,4988
1331,4994
1331,5029
1331,5043
1331,5083
1331,5095
1331,5167
1331,5175
1331,5185
1331,5201
1331,5217
1331,5280
1331,5284
1331,5325
1331,5352
1331,5385
1331,5386
1331,5388
1331,5409
1331,5418
1331,5419
1331,5620
1331,5635
1331,5660
1331,5664
1331,5673
1331,5692
1331,5702
1331,5709
1331,5712
1331,5717
1331,5729
1331,5740
1331,5750
1331,5751
1331,5768
1331,5773
1331,6114
1331,6143
1331,6154
1331,6168
1332,9
1332,35
1332,42
1332,49
1332,66
1332,67
1332,72
1332,73
1332,75
1332,78
1332,99
1332,100
1332,107
1332,108
1332,128
1332,132
1332,138
1332,165
1332,185
1332,196
1332,197
1332,200
1332,254
1332,258
1332,285
1332,286
1332,313
1332,315
1332,344
1332,350
1332,355
1332,357
1332,362
1332,364
1332,367
1332,376
1332,379
1332,389
1332,401
1332,413
1332,422
1332,488
1332,548
1332,556
1332,585
1332,639
1332,641
1332,722
1332,760
1332,768
1332,772
1332,782
1332,814
1332,820
1332,858
1332,885
1332,955
1332,979
1332,1032
1332,1053
1332,1156
1332,1158
1332,1173
1332,1178
1332,1190
1332,1194
1332,1198
1332,1204
1332,1245
1332,1274
1332,1383
1332,1422
1332,1431
1332,1471
1332,1507
1332,1541
1332,1764
1332,1774
1332,1795
1332,1870
1332,1884
1332,1893
1332,1927
1332,1949
1332,1990
1332,2057
1332,2131
1332,2146
1332,2179
1332,2203
1332,2334
1332,2392
1332,2510
1332,2706
1332,2793
1332,2846
1332,2919
1332,2994
1332,3112
1332,3184
1332,3241
1332,3309
1332,3386
1332,3633
1332,3715
1332,3743
1332,3766
1332,3797
1332,3893
1332,3932
1332,3962
1332,4035
1332,4043
1332,4104
1332,4138
1332,4158
1332,4207
1332,4212
1332,4230
1332,4291
1332,4459
1332,4630
1332,4649
1332,4658
1332,4753
1332,4819
1332,4836
1332,4890
1332,4904
1332,5037
1332,5130
1332,5232
1332,5368
1332,5380
1332,5383
1332,5390
1332,5393
1332,5415
1332,5423
1332,5437
1332,5441
1332,5449
1332,5460
1332,5479
1332,5493
1332,5510
1332,5520
1332,5522
1332,5523
1332,5548
1332,5552
1332,5559
1332,5566
1332,5570
1332,5637
1332,5681
1332,5684
1332,5710
1332,5765
1332,5769
1332,5791
1332,5822
1332,5871
1332,5875
1332,5912
1332,5945
1332,5963
1332,5971
1332,5987
1332,6005
1332,6056
1332,6116
1332,6127
1332,6145
1332,6150
1332,6158
1332,6190
1332,6209
1332,6219
1332,6234
1332,6246
1333,7
1333,36
1333,43
1333,63
1333,140
1333,167
1333,232
1333,271
1333,277
1333,302
1333,347
1333,383
1333,431
1333,440
1333,475
1333,496
1333,543
1333,565
1333,663
1333,690
1333,705
1333,758
1333,934
1333,1001
1333,1052
1333,1129
1333,1271
1333,1326
1333,1358
1333,1397
1333,1540
1333,2306
1333,2312
1333,3000
1333,3260
1333,3306
1333,3452
1333,3589
1333,3656
1333,3696
1333,3775
1333,3822
1333,4216
1333,4301
1333,4364
1333,4380
1333,4460
1333,4538
1333,4629
1333,4688
1333,4777
1333,4869
1333,5092
1333,5287
1333,5397
1333,5420
1333,5452
1333,5480
1333,5492
1333,5494
1333,5495
1333,5506
1333,5512
1333,5535
1333,5537
1333,5544
1333,5553
1333,5575
1333,5589
1333,5617
1333,5644
1333,5689
1333,5744
1333,5767
1333,5782
1333,5824
1333,6080
1333,6117
1333,6130
1333,6164
1334,14
1334,24
1334,29
1334,88
1334,121
1334,189
1334,213
1334,230
1334,340
1334,349
1334,366
1334,390
1334,460
1334,479
1334,485
1334,557
1334,564
1334,572
1334,700
1334,724
1334,756
1334,830
1334,865
1334,937
1334,967
1334,1073
1334,1116
1334,1187
1334,1292
1334,1421
1334,1596
1334,1686
1334,1753
1334,2077
1334,2233
1334,2686
1334,3079
1334,3395
1334,3409
1334,3420
1334,3934
1334,4806
1334,4914
1334,4947
1334,5127
1334,5455
1334,5470
1334,5539
1334,5561
1334,5841
1334,5855
1334,5894
1334,5981
1334,6113
1334,6121
1334,6137
1334,6151
1335,71
1335,90
1335,129
1335,196
1335,355
1335,376
1335,398
1335,478
1335,562
1335,860
1335,944
1335,1417
1335,1800
1335,1888
1335,2019
1335,3744
1335,4105
1335,4124
1335,4132
1335,4155
1335,4158
1335,4210
1335,4656
1335,5136
1335,5185
1335,5418
1335,5419
1335,5522
1335,5523
1335,5620
1335,5635
1335,5649
1335,5664
1335,5673
1335,5692
1335,5699
1335,5709
1335,5712
1335,5717
1335,5732
1335,5750
1335,5765
1335,5768
1335,6085
1335,6111
1335,6143
1336,63
1336,69
1336,99
1336,200
1336,258
1336,279
1336,315
1336,364
1336,389
1336,639
1336,641
1336,748
1336,795
1336,1003
1336,1101
1336,1129
1336,1173
1336,1402
1336,1480
1336,1541
1336,1777
1336,1949
1336,2131
1336,2846
1336,2946
1336,3184
1336,3309
1336,3451
1336,3589
1336,3704
1336,4043
1336,4104
1336,4137
1336,4138
1336,4313
1336,4324
1336,4421
1336,4630
1336,4649
1336,4836
1336,4890
1336,5130
1336,5167
1336,5201
1336,5232
1336,5383
1336,5390
1336,5441
1336,5460
1336,5500
1336,5512
1336,5559
1336,5572
1336,5585
1336,5731
1336,5822
1336,5871
1336,5875
1336,5945
1336,5963
1336,5971
1336,5987
1336,6005
1336,6190
1336,6246
1337,14
1337,33
1337,73
1337,89
1337,121
1337,153
1337,230
1337,271
1337,340
1337,426
1337,458
1337,496
1337,571
1337,759
1337,926
1337,964
1337,1263
1337,1271
1337,1431
1337,1436
1337,1753
1337,2306
1337,2510
1337,3452
1337,3775
1337,4129
1337,4397
1337,4493
1337,4705
1337,4731
1337,4869
1337,5397
1337,5420
1337,5480
1337,5535
1337,5544
1337,5553
1337,5575
1337,5689
1337,5695
1337,5744
1337,5751
1337,5767
1337,5806
1337,5851
1337,5955
1337,6060
1337,6076
1337,6080
1338,35
1338,56
1338,78
1338,88
1338,178
1338,203
1338,391
1338,562
1338,564
1338,582
1338,610
1338,699
1338,825
1338,830
1338,991
1338,1176
1338,1229
1338,1317
1338,1568
1338,1596
1338,1666
1338,1794
1338,2405
1338,3395
1338,3744
1338,4289
1338,4349
1338,4656
1338,4988
1338,5455
1338,5660
1338,5894
1339,41
1339,108
1339,140
1339,352
1339,367
1339,431
1339,438
1339,663
1339,748
1339,756
1339,814
1339,890
1339,925
1339,937
1339,967
1339,1078
1339,2179
1339,3893
1339,4207
1339,4332
1339,4754
1339,4819
1339,5104
1339,5366
1339,5449
1339,5617
1339,5620
1339,6248
1340,43
1340,357
1340,372
1340,1013
1340,1540
1340,4251
1340,4624
1340,6127
1341,349
1341,383
1341,758
1341,1001
1341,3409
1341,4806
1341,5503
1342,89
1342,90
1342,129
1342,478
1342,4460
1342,4629
1343,200
1343,258
1343,315
1343,364
1343,639
1343,641
1343,3589
1343,4890
1344,14
1344,121
1344,220
1344,230
1344,340
1344,1753
1344,2306
1344,3452
1344,3775
1344,4869
1345,35
1345,389
1345,460
1345,562
1345,564
1345,572
1345,683
1345,830
1345,1210
1345,2368
1345,3395
1345,3744
1345,4656
1345,4997
1345,5232
1346,300
1346,412
1346,471
1346,663
1346,748
1346,3694
1346,4304
1346,4865
1346,5479
1346,6114
1360,2835
1360,3123
1360,3322
1360,3526
1360,3579
1360,3675
1360,3688
1360,3858
1360,3861
1360,3863
1360,3869
1360,3883
1360,3939
1360,3965
1360,4007
1360,4021
1360,4023
1360,4034
1360,4042
1360,4052
1360,4058
1360,4065
1360,4072
1360,4093
1360,4096
1360,4106
1360,4107
1360,4109
1360,4117
1360,4128
1360,4139
1360,4164
1360,4167
1360,4175
1360,4177
1360,4181
1360,4182
1360,4200
1360,4201
1360,4204
1360,4209
1360,4213
1360,4217
1360,4220
1360,4224
1360,4229
1360,4231
1360,4233
1360,4234
1360,4235
1360,4238
1360,4244
1360,4245
1360,4326
1360,4522
1360,4641
1360,4666
1360,4710
1360,4746
1360,4810
1360,4844
1360,5051
1360,5215
1360,5223
1360,5230
1360,5250
1360,5251
1360,5253
1360,5313
1360,5327
1360,6210
1360,6213
1360,6215
1360,6222
1360,6225
1360,6226
1360,6231
1360,6235
1360,6240
1360,6252
1360,6253
1360,6257
1360,6258
1360,6263
1360,6264
1360,6267
1360,6268
1360,6271
1360,6273
1360,6274
1360,6275
1361,54
1361,65
1361,109
1361,111
1361,169
1361,184
1361,222
1361,261
1361,312
1361,317
1361,319
1361,338
1361,382
1361,414
1361,415
1361,442
1361,452
1361,453
1361,506
1361,522
1361,561
1361,567
1361,591
1361,622
1361,656
1361,664
1361,697
1361,716
1361,725
1361,757
1361,765
1361,781
1361,791
1361,842
1361,851
1361,905
1361,942
1361,981
1361,1024
1361,1070
1361,1085
1361,1165
1361,1205
1361,1213
1361,1256
1361,1318
1361,1352
1361,1446
1361,1449
1361,1496
1361,1532
1361,1569
1361,1617
1361,1628
1361,1690
1361,1725
1361,1726
1361,1818
1361,1865
1361,1894
1361,1913
1361,2006
1361,2053
1361,2067
1361,2071
1361,2121
1361,2162
1361,2222
1361,2245
1361,2251
1361,2286
1361,2330
1361,2386
1361,2547
1361,2805
1361,2836
1361,2859
1361,2860
1361,2864
1361,2901
1361,2992
1361,3045
1361,3066
1361,3422
1361,4169
1361,4189
1361,4247
1361,4265
1361,4280
1361,4306
1361,4309
1361,4315
1361,4363
1361,4377
1361,4511
1361,4518
1361,4550
1361,4579
1361,4611
1361,4665
1361,4744
1361,4843
1361,4852
1361,4853
1361,4920
1361,4921
1361,4959
1361,5034
1361,5082
1361,5165
1361,5203
1361,5282
1361,5294
1361,6256
1362,3
1362,4
1362,7
1362,29
1362,87
1362,115
1362,155
1362,161
1362,218
1362,251
1362,281
1362,290
1362,310
1362,366
1362,381
1362,403
1362,406
1362,423
1362,460
1362,477
1362,486
1362,560
1362,563
1362,572
1362,610
1362,625
1362,629
1362,632
1362,644
1362,665
1362,704
1362,731
1362,788
1362,817
1362,830
1362,852
1362,858
1362,894
1362,917
1362,972
1362,994
1362,1004
1362,1015
1362,1335
1362,1369
1362,1388
1362,1395
1362,1397
1362,1454
1362,1518
1362,1522
1362,1567
1362,1589
1362,1618
1362,1664
1362,1670
1362,1677
1362,1713
1362,1721
1362,1812
1362,1822
1362,1875
1362,1885
1362,1926
1362,1932
1362,1953
1362,1979
1362,1980
1362,1997
1362,2021
1362,2040
1362,2049
1362,2072
1362,2094
1362,2116
1362,2167
1362,2200
1362,2238
1362,2262
1362,2276
1362,2281
1362,2307
1362,2311
1362,2339
1362,2347
1362,2354
1362,2379
1362,2401
1362,2421
1362,2448
1362,2466
1362,2562
1362,2566
1362,2572
1362,2578
1362,2607
1362,2637
1362,2665
1362,2691
1362,2711
1362,2736
1362,2903
1362,2925
1362,2957
1362,3052
1362,3121
1362,3152
1362,3194
1362,3221
1362,3255
1362,3271
1362,3273
1362,3297
1362,3315
1362,3328
1362,3354
1362,3412
1362,3576
1362,3623
1362,3630
1362,3641
1362,3810
1362,3814
1362,3833
1362,3887
1362,3895
1362,3898
1362,3979
1362,4022
1362,4084
1362,4337
1362,4364
1362,4382
1362,4389
1362,4392
1362,4398
1362,4407
1362,4408
1362,4466
1362,4510
1362,4523
1362,4572
1362,4586
1362,4589
1362,4596
1362,4631
1362,4654
1362,4801
1362,4815
1362,4854
1362,4877
1362,4944
1362,4964
1362,5059
1362,5100
1362,5136
1362,5139
1362,5158
1362,5159
1362,5204
1362,5205
1362,5206
1362,5213
1362,5260
1362,5293
1362,5346
1362,5352
1362,5358
1362,5395
1362,5463
1362,5464
1362,5487
1362,5505
1362,5537
1362,5561
1362,5584
1362,5689
1362,5729
1362,5770
1362,5775
1362,6075
1362,6103
1362,6211
1363,24
1363,33
1363,39
1363,59
1363,63
1363,84
1363,89
1363,90
1363,101
1363,103
1363,136
1363,146
1363,147
1363,156
1363,186
1363,203
1363,236
1363,252
1363,330
1363,351
1363,357
1363,392
1363,424
1363,433
1363,459
1363,462
1363,470
1363,488
1363,509
1363,549
1363,582
1363,585
1363,586
1363,592
1363,608
1363,699
1363,714
1363,751
1363,820
1363,923
1363,966
1363,1058
1363,1076
1363,1090
1363,1127
1363,1142
1363,1160
1363,1281
1363,1358
1363,1472
1363,1541
1363,1543
1363,1551
1363,1573
1363,1597
1363,1606
1363,1616
1363,1692
1363,1720
1363,1781
1363,1785
1363,1791
1363,1803
1363,1851
1363,1866
1363,1869
1363,1887
1363,1891
1363,1893
1363,1895
1363,1969
1363,1975
1363,1985
1363,1993
1363,1994
1363,2036
1363,2041
1363,2173
1363,2193
1363,2261
1363,2338
1363,2390
1363,2408
1363,2494
1363,2503
1363,2521
1363,2526
1363,2582
1363,2619
1363,2660
1363,2671
1363,2826
1363,2837
1363,2884
1363,2907
1363,2919
1363,2982
1363,2991
1363,2999
1363,3012
1363,3031
1363,3094
1363,3140
1363,3225
1363,3252
1363,3291
1363,3317
1363,3342
1363,3350
1363,3472
1363,3561
1363,3562
1363,3621
1363,3627
1363,3628
1363,3636
1363,3658
1363,3798
1363,3826
1363,3982
1363,4144
1363,4339
1363,4381
1363,4409
1363,4429
1363,4443
1363,4454
1363,4467
1363,4608
1363,4617
1363,4626
1363,4696
1363,4714
1363,4720
1363,4726
1363,4767
1363,4838
1363,4858
1363,4873
1363,4916
1363,4923
1363,4939
1363,4943
1363,4960
1363,4976
1363,4977
1363,4992
1363,5001
1363,5020
1363,5047
1363,5057
1363,5058
1363,5063
1363,5105
1363,5229
1363,5276
1363,5344
1363,5361
1363,5420
1363,5428
1363,5466
1363,5493
1363,5499
1363,5519
1363,5536
1363,6081
1363,6145
1363,6173
1363,6209
1363,6237
1364,26
1364,43
1364,73
1364,78
1364,94
1364,97
1364,107
1364,109
1364,132
1364,138
1364,148
1364,153
1364,163
1364,167
1364,170
1364,175
1364,196
1364,199
1364,271
1364,307
1364,362
1364,376
1364,383
1364,391
1364,419
1364,422
1364,428
1364,490
1364,501
1364,521
1364,539
1364,666
1364,673
1364,680
1364,703
1364,722
1364,758
1364,759
1364,768
1364,793
1364,799
1364,811
1364,823
1364,868
1364,890
1364,897
1364,932
1364,946
1364,979
1364,1001
1364,1029
1364,1050
1364,1052
1364,1053
1364,1161
1364,1185
1364,1196
1364,1197
1364,1207
1364,1219
1364,1244
1364,1266
1364,1273
1364,1276
1364,1321
1364,1323
1364,1341
1364,1368
1364,1444
1364,1458
1364,1473
1364,1498
1364,1539
1364,1570
1364,1579
1364,1636
1364,1674
1364,1682
1364,1693
1364,1698
1364,1699
1364,1731
1364,1760
1364,1769
1364,1782
1364,1783
1364,1788
1364,1836
1364,1837
1364,1867
1364,1870
1364,1900
1364,1921
1364,1927
1364,1928
1364,1955
1364,2029
1364,2054
1364,2105
1364,2119
1364,2125
1364,2141
1364,2148
1364,2153
1364,2185
1364,2186
1364,2203
1364,2218
1364,2258
1364,2290
1364,2297
1364,2324
1364,2331
1364,2404
1364,2440
1364,2489
1364,2510
1364,2533
1364,2553
1364,2603
1364,2642
1364,2654
1364,2682
1364,2727
1364,2773
1364,2778
1364,2793
1364,2801
1364,2906
1364,2920
1364,2922
1364,2936
1364,2963
1364,3003
1364,3091
1364,3096
1364,3187
1364,3230
1364,3278
1364,3293
1364,3357
1364,3420
1364,3544
1364,3634
1364,3664
1364,3731
1364,3760
1364,3771
1364,3788
1364,3792
1364,3801
1364,3850
1364,3897
1364,3932
1364,3940
1364,3962
1364,4035
1364,4228
1364,4230
1364,4247
1364,4261
1364,4267
1364,4286
1364,4317
1364,4329
1364,4333
1364,4336
1364,4341
1364,4406
1364,4509
1364,4548
1364,4559
1364,4564
1364,4569
1364,4576
1364,4664
1364,4671
1364,4683
1364,4692
1364,4703
1364,4704
1364,4711
1364,4786
1364,4787
1364,4796
1364,4819
1364,4833
1364,4836
1364,4892
1364,4898
1364,4906
1364,4959
1364,4965
1364,4995
1364,5039
1364,5052
1364,5055
1364,5061
1364,5086
1364,5111
1364,5123
1364,5130
1364,5174
1364,5186
1364,5197
1364,5356
1364,5403
1364,5503
1364,5570
1364,5587
1364,5596
1364,5608
1364,5696
1364,5710
1364,6070
1364,6116
1364,6219
1365,29
1365,36
1365,53
1365,68
1365,100
1365,108
1365,126
1365,139
1365,140
1365,187
1365,265
1365,277
1365,280
1365,297
1365,331
1365,334
1365,347
1365,349
1365,352
1365,366
1365,390
1365,434
1365,475
1365,479
1365,485
1365,580
1365,610
1365,690
1365,730
1365,763
1365,860
1365,865
1365,895
1365,948
1365,949
1365,960
1365,976
1365,988
1365,1014
1365,1027
1365,1054
1365,1073
1365,1125
1365,1129
1365,1166
1365,1168
1365,1287
1365,1290
1365,1308
1365,1317
1365,1322
1365,1326
1365,1414
1365,1417
1365,1421
1365,1430
1365,1506
1365,1535
1365,1540
1365,1586
1365,1686
1365,1716
1365,1817
1365,1830
1365,1847
1365,2014
1365,2062
1365,2085
1365,2097
1365,2158
1365,2179
1365,2233
1365,2368
1365,2429
1365,2573
1365,2650
1365,2706
1365,2707
1365,2740
1365,2761
1365,2764
1365,2844
1365,2852
1365,3001
1365,3103
1365,3244
1365,3248
1365,3260
1365,3399
1365,3409
1365,3498
1365,3645
1365,3694
1365,3764
1365,3776
1365,3795
1365,3905
1365,3912
1365,4126
1365,4304
1365,4372
1365,4375
1365,4376
1365,4431
1365,4433
1365,4460
1365,4577
1365,4592
1365,4598
1365,4629
1365,4630
1365,4645
1365,4659
1365,4688
1365,4698
1365,4762
1365,4775
1365,4806
1365,4807
1365,4925
1365,4955
1365,4988
1365,5069
1365,5106
1365,5132
1365,5140
1365,5212
1365,5220
1365,5269
1365,5284
1365,5298
1365,5339
1365,5349
1365,5352
1365,5388
1365,5407
1365,5449
1365,5463
1365,5464
1365,5470
1365,5494
1365,5537
1365,5561
1365,5593
1365,5647
1365,5689
1365,5729
1365,5770
1365,5775
1365,5778
1365,5841
1365,6113
1365,6121
1365,6127
1365,6137
1365,6211
1365,6220
1366,6
1366,10
1366,21
1366,22
1366,24
1366,25
1366,30
1366,33
1366,41
1366,56
1366,71
1366,88
1366,89
1366,90
1366,129
1366,203
1366,230
1366,286
1366,300
1366,350
1366,355
1366,398
1366,412
1366,420
1366,426
1366,464
1366,471
1366,478
1366,489
1366,496
1366,515
1366,517
1366,684
1366,691
1366,700
1366,724
1366,748
1366,801
1366,1047
1366,1105
1366,1116
1366,1156
1366,1178
1366,1187
1366,1199
1366,1245
1366,1262
1366,1263
1366,1271
1366,1300
1366,1315
1366,1319
1366,1345
1366,1397
1366,1422
1366,1431
1366,1507
1366,1794
1366,1962
1366,2079
1366,2128
1366,2129
1366,2441
1366,2616
1366,2686
1366,2714
1366,2800
1366,2897
1366,2900
1366,2919
1366,3079
1366,3147
1366,3161
1366,3217
1366,3451
1366,3493
1366,3501
1366,3531
1366,3562
1366,3611
1366,3704
1366,3738
1366,3774
1366,3785
1366,3799
1366,3931
1366,4048
1366,4275
1366,4311
1366,4312
1366,4313
1366,4324
1366,4380
1366,4421
1366,4423
1366,4486
1366,4538
1366,4606
1366,4632
1366,4680
1366,4696
1366,4748
1366,4858
1366,4865
1366,4947
1366,4962
1366,4994
1366,5124
1366,5167
1366,5185
1366,5201
1366,5217
1366,5225
1366,5287
1366,5366
1366,5368
1366,5409
1366,5431
1366,5479
1366,5482
1366,5513
1366,5544
1366,5552
1366,5553
1366,5584
1366,5644
1366,5672
1366,5685
1366,5702
1366,5733
1366,5738
1366,5769
1366,5824
1366,5912
1366,6056
1366,6075
1366,6114
1366,6115
1366,6154
1366,6158
1366,6181
1366,6234
1367,63
1367,66
1367,67
1367,69
1367,73
1367,78
1367,94
1367,99
1367,138
1367,153
1367,196
1367,200
1367,252
1367,258
1367,271
1367,279
1367,288
1367,357
1367,367
1367,401
1367,409
1367,431
1367,548
1367,557
1367,639
1367,641
1367,722
1367,753
1367,756
1367,759
1367,768
1367,814
1367,825
1367,937
1367,955
1367,967
1367,995
1367,1003
1367,1032
1367,1078
1367,1108
1367,1133
1367,1158
1367,1173
1367,1192
1367,1194
1367,1204
1367,1274
1367,1283
1367,1327
1367,1374
1367,1401
1367,1541
1367,1596
1367,1764
1367,1774
1367,1813
1367,1850
1367,1949
1367,1990
1367,2019
1367,2064
1367,2131
1367,2256
1367,2334
1367,2555
1367,2804
1367,2846
1367,3020
1367,3184
1367,3309
1367,3420
1367,3574
1367,3656
1367,3797
1367,3812
1367,3819
1367,3893
1367,4035
1367,4105
1367,4124
1367,4130
1367,4132
1367,4137
1367,4155
1367,4158
1367,4192
1367,4207
1367,4210
1367,4230
1367,4278
1367,4331
1367,4364
1367,4401
1367,4417
1367,4624
1367,4649
1367,4656
1367,4702
1367,4753
1367,4754
1367,4819
1367,4836
1367,4890
1367,4914
1367,4919
1367,5130
1367,5196
1367,5232
1367,5386
1367,5397
1367,5403
1367,5413
1367,5418
1367,5419
1367,5420
1367,5423
1367,5428
1367,5429
1367,5455
1367,5510
1367,5519
1367,5522
1367,5523
1367,5535
1367,5550
1367,5559
1367,5566
1367,5570
1367,5614
1367,5635
1367,5637
1367,5649
1367,5660
1367,5664
1367,5671
1367,5673
1367,5692
1367,5699
1367,5709
1367,5712
1367,5717
1367,5724
1367,5732
1367,5740
1367,5750
1367,5765
1367,5768
1367,5791
1367,6070
1367,6080
1367,6081
1367,6085
1367,6106
1367,6143
1367,6145
1367,6148
1367,6165
1367,6209
1367,6219
1368,16
1368,43
1368,59
1368,108
1368,132
1368,352
1368,372
1368,383
1368,385
1368,390
1368,564
1368,582
1368,666
1368,758
1368,810
1368,811
1368,860
1368,890
1368,944
1368,1001
1368,1013
1368,1052
1368,1066
1368,1101
1368,1402
1368,1417
1368,1606
1368,1870
1368,1893
1368,2306
1368,2405
1368,2510
1368,2529
1368,3003
1368,3452
1368,3566
1368,3589
1368,3696
1368,3775
1368,3822
1368,3932
1368,3962
1368,4043
1368,4104
1368,4138
1368,4251
1368,4391
1368,4630
1368,4664
1368,4866
1368,4869
1368,5029
1368,5383
1368,5390
1368,5441
1368,5460
1368,5480
1368,5506
1368,5512
1368,5575
1368,5633
1368,5681
1368,5689
1368,5710
1368,5782
1368,5806
1368,5822
1368,5871
1368,5875
1368,5945
1368,5955
1368,5963
1368,5971
1368,5987
1368,6005
1368,6116
1368,6164
1368,6190
1368,6246
1369,14
1369,24
1369,29
1369,121
1369,203
1369,230
1369,265
1369,353
1369,379
1369,458
1369,479
1369,485
1369,571
1369,724
1369,783
1369,795
1369,830
1369,865
1369,1073
1369,1116
1369,1129
1369,1187
1369,1198
1369,1271
1369,1326
1369,1421
1369,1753
1369,1792
1369,2634
1369,2758
1369,2793
1369,3079
1369,3395
1369,3409
1369,4129
1369,4272
1369,4294
1369,4731
1369,4806
1369,5127
1369,5380
1369,5492
1369,5494
1369,5500
1369,5501
1369,5553
1369,5617
1369,5744
1369,5751
1369,5767
1369,6082
1369,6127
1369,6220
1370,88
1370,89
1370,90
1370,129
1370,196
1370,302
1370,398
1370,478
1370,926
1370,991
1370,1794
1370,2019
1370,3112
1370,3744
1370,4439
1370,4656
1370,4753
1370,5287
1370,5366
1370,5449
1370,5470
1370,6137
1371,78
1371,140
1371,200
1371,258
1371,288
1371,349
1371,352
1371,367
1371,389
1371,431
1371,639
1371,641
1371,814
1371,825
1371,937
1371,967
1371,1078
1371,1431
1371,1596
1371,1777
1371,3589
1371,4192
1371,4207
1371,4278
1371,4297
1371,4754
1371,4819
1371,5093
1371,5232
1372,14
1372,16
1372,41
1372,59
1372,69
1372,108
1372,121
1372,230
1372,340
1372,372
1372,437
1372,564
1372,756
1372,810
1372,890
1372,1013
1372,1066
1372,1159
1372,1220
1372,1229
1372,1540
1372,1753
1372,2306
1372,2543
1372,3452
1372,3775
1372,3893
1372,4251
1372,4332
1372,4624
1372,4741
1372,4865
1372,4869
1372,5175
1372,5264
1372,6248
1373,43
1373,71
1373,88
1373,94
1373,189
1373,300
1373,302
1373,357
1373,391
1373,460
1373,565
1373,571
1373,572
1373,676
1373,683
1373,783
1373,830
1373,941
1373,1210
1373,1273
1373,1317
1373,1568
1373,1602
1373,1792
1373,3395
1373,3744
1373,4272
1373,4294
1373,4656
1373,4808
1373,4966
1373,4988
1373,5356
1374,129
1374,139
1374,383
1374,483
1374,520
1374,562
1374,758
1374,759
1374,1001
1374,1800
1374,1962
1374,2233
1374,2688
1374,3409
1374,4275
1374,4702
1374,4806
1374,5388
1374,5407
1374,6033
1375,36
1375,78
1375,89
1375,90
1375,126
1375,153
1375,200
1375,315
1375,355
1375,364
1375,478
1375,610
1375,639
1375,654
1375,663
1375,722
1375,748
1375,814
1375,951
1375,967
1375,2179
1375,2684
1375,2706
1375,2919
1375,3589
1375,4460
1375,4819
1375,4865
1375,5110
1375,5479
1375,5620
1375,5729
1376,14
1376,121
1376,128
1376,230
1376,258
1376,288
1376,331
1376,334
1376,340
1376,389
1376,412
1376,471
1376,641
1376,963
1376,1753
1376,2306
1376,2946
1376,3452
1376,3775
1376,4643
1376,4731
1376,4869
1376,4890
1376,5232
1376,5660
1376,6111
1377,35
1377,88
1377,300
1377,562
1377,564
1377,683
1377,830
1377,965
1377,991
1377,1066
1377,2368
1377,3395
1377,3744
1377,4656
1377,4997
1378,286
1378,748
1378,2740
1378,3694
1378,4304
1378,4865
1378,5702
1378,5769
1378,6114
1378,6154
1378,6158
1379,140
1395,2835
1395,3123
1395,3322
1395,3526
1395,3579
1395,3675
1395,3688
1395,3861
1395,3863
1395,3869
1395,3939
1395,3965
1395,4007
1395,4021
1395,4034
1395,4042
1395,4058
1395,4065
1395,4072
1395,4093
1395,4096
1395,4106
1395,4107
1395,4109
1395,4117
1395,4128
1395,4139
1395,4164
1395,4167
1395,4175
1395,4177
1395,4181
1395,4182
1395,4200
1395,4204
1395,4209
1395,4213
1395,4217
1395,4220
1395,4224
1395,4229
1395,4231
1395,4233
1395,4234
1395,4235
1395,4238
1395,4244
1395,4245
1395,4326
1395,4522
1395,4641
1395,4710
1395,4746
1395,4810
1395,4843
1395,4844
1395,5051
1395,5215
1395,5223
1395,5230
1395,5250
1395,5251
1395,5253
1395,5327
1395,6210
1395,6213
1395,6215
1395,6222
1395,6225
1395,6226
1395,6231
1395,6235
1395,6240
1395,6252
1395,6253
1395,6256
1395,6257
1395,6258
1395,6263
1395,6264
1395,6267
1395,6268
1395,6271
1395,6273
1395,6274
1395,6275
1396,54
1396,65
1396,109
1396,111
1396,169
1396,184
1396,222
1396,261
1396,312
1396,317
1396,319
1396,338
1396,382
1396,415
1396,442
1396,452
1396,453
1396,506
1396,522
1396,561
1396,567
1396,591
1396,622
1396,625
1396,632
1396,656
1396,664
1396,716
1396,725
1396,757
1396,765
1396,781
1396,791
1396,842
1396,851
1396,905
1396,942
1396,981
1396,1024
1396,1070
1396,1165
1396,1205
1396,1213
1396,1256
1396,1318
1396,1449
1396,1532
1396,1617
1396,1628
1396,1690
1396,1726
1396,1818
1396,1865
1396,1894
1396,2006
1396,2053
1396,2067
1396,2071
1396,2121
1396,2162
1396,2222
1396,2251
1396,2286
1396,2330
1396,2386
1396,2547
1396,2805
1396,2836
1396,2859
1396,2860
1396,2864
1396,2992
1396,3045
1396,3066
1396,3422
1396,3858
1396,3883
1396,4023
1396,4052
1396,4169
1396,4189
1396,4201
1396,4247
1396,4265
1396,4280
1396,4306
1396,4309
1396,4315
1396,4363
1396,4377
1396,4511
1396,4550
1396,4579
1396,4665
1396,4666
1396,4744
1396,4852
1396,4853
1396,4920
1396,4921
1396,4959
1396,5082
1396,5165
1396,5203
1396,5282
1396,5290
1396,5294
1396,5313
1397,3
1397,4
1397,7
1397,24
1397,29
1397,77
1397,87
1397,115
1397,155
1397,172
1397,203
1397,218
1397,251
1397,281
1397,366
1397,381
1397,403
1397,406
1397,460
1397,477
1397,560
1397,563
1397,572
1397,586
1397,629
1397,644
1397,665
1397,704
1397,731
1397,788
1397,817
1397,830
1397,852
1397,858
1397,894
1397,917
1397,972
1397,994
1397,1004
1397,1015
1397,1352
1397,1358
1397,1369
1397,1388
1397,1395
1397,1397
1397,1454
1397,1491
1397,1496
1397,1518
1397,1522
1397,1567
1397,1589
1397,1618
1397,1664
1397,1670
1397,1677
1397,1680
1397,1713
1397,1721
1397,1725
1397,1812
1397,1822
1397,1875
1397,1885
1397,1913
1397,1926
1397,1932
1397,1946
1397,1979
1397,1980
1397,1997
1397,2021
1397,2040
1397,2049
1397,2072
1397,2094
1397,2167
1397,2200
1397,2238
1397,2245
1397,2262
1397,2276
1397,2281
1397,2307
1397,2311
1397,2339
1397,2401
1397,2421
1397,2448
1397,2466
1397,2562
1397,2566
1397,2572
1397,2578
1397,2607
1397,2637
1397,2665
1397,2688
1397,2711
1397,2903
1397,2925
1397,2957
1397,3052
1397,3121
1397,3152
1397,3194
1397,3221
1397,3255
1397,3273
1397,3297
1397,3315
1397,3328
1397,3354
1397,3387
1397,3495
1397,3576
1397,3623
1397,3630
1397,3641
1397,3810
1397,3814
1397,3833
1397,3887
1397,3895
1397,3898
1397,3979
1397,4022
1397,4337
1397,4364
1397,4382
1397,4389
1397,4392
1397,4398
1397,4407
1397,4408
1397,4466
1397,4510
1397,4518
1397,4523
1397,4572
1397,4586
1397,4589
1397,4596
1397,4625
1397,4631
1397,4654
1397,4767
1397,4801
1397,4815
1397,4854
1397,4877
1397,4944
1397,4964
1397,5059
1397,5136
1397,5139
1397,5159
1397,5204
1397,5205
1397,5206
1397,5213
1397,5260
1397,5293
1397,5346
1397,5352
1397,5358
1397,5395
1397,5463
1397,5464
1397,5487
1397,5505
1397,5537
1397,5561
1397,5584
1397,5689
1397,5729
1397,5770
1397,5775
1397,6075
1397,6211
1398,33
1398,39
1398,59
1398,62
1398,63
1398,74
1398,84
1398,89
1398,90
1398,97
1398,101
1398,103
1398,117
1398,136
1398,146
1398,147
1398,153
1398,156
1398,161
1398,186
1398,196
1398,236
1398,256
1398,310
1398,330
1398,351
1398,357
1398,362
1398,392
1398,423
1398,424
1398,433
1398,434
1398,459
1398,462
1398,470
1398,475
1398,488
1398,509
1398,521
1398,582
1398,585
1398,592
1398,608
1398,610
1398,654
1398,699
1398,714
1398,751
1398,863
1398,923
1398,966
1398,1012
1398,1033
1398,1058
1398,1076
1398,1090
1398,1108
1398,1127
1398,1142
1398,1160
1398,1281
1398,1323
1398,1444
1398,1498
1398,1541
1398,1551
1398,1597
1398,1606
1398,1616
1398,1692
1398,1698
1398,1699
1398,1720
1398,1769
1398,1781
1398,1785
1398,1803
1398,1851
1398,1869
1398,1887
1398,1893
1398,1895
1398,1921
1398,1969
1398,1975
1398,1985
1398,1993
1398,1994
1398,2016
1398,2041
1398,2054
1398,2173
1398,2193
1398,2213
1398,2261
1398,2271
1398,2283
1398,2324
1398,2338
1398,2390
1398,2494
1398,2526
1398,2599
1398,2660
1398,2699
1398,2706
1398,2753
1398,2837
1398,2884
1398,2907
1398,2919
1398,3031
1398,3094
1398,3187
1398,3317
1398,3350
1398,3501
1398,3562
1398,3760
1398,3798
1398,3982
1398,4144
1398,4339
1398,4347
1398,4409
1398,4443
1398,4454
1398,4467
1398,4564
1398,4617
1398,4643
1398,4696
1398,4712
1398,4714
1398,4716
1398,4726
1398,4838
1398,4858
1398,4873
1398,4892
1398,4916
1398,4923
1398,4939
1398,4943
1398,4960
1398,4976
1398,4977
1398,5047
1398,5055
1398,5058
1398,5063
1398,5105
1398,5122
1398,5123
1398,5158
1398,5276
1398,5344
1398,5361
1398,5420
1398,5428
1398,5493
1398,5499
1398,5519
1398,6081
1398,6103
1398,6173
1398,6209
1399,6
1399,26
1399,73
1399,78
1399,94
1399,107
1399,109
1399,132
1399,138
1399,148
1399,165
1399,167
1399,170
1399,187
1399,215
1399,243
1399,252
1399,271
1399,285
1399,307
1399,331
1399,334
1399,347
1399,349
1399,376
1399,377
1399,383
1399,391
1399,409
1399,419
1399,428
1399,485
1399,490
1399,501
1399,539
1399,549
1399,573
1399,666
1399,667
1399,673
1399,684
1399,686
1399,722
1399,743
1399,758
1399,759
1399,768
1399,793
1399,799
1399,811
1399,813
1399,823
1399,868
1399,890
1399,897
1399,906
1399,927
1399,932
1399,946
1399,949
1399,963
1399,977
1399,979
1399,988
1399,1001
1399,1027
1399,1052
1399,1053
1399,1099
1399,1105
1399,1112
1399,1156
1399,1166
1399,1185
1399,1197
1399,1207
1399,1219
1399,1238
1399,1244
1399,1266
1399,1273
1399,1274
1399,1276
1399,1321
1399,1341
1399,1368
1399,1376
1399,1391
1399,1430
1399,1458
1399,1472
1399,1473
1399,1506
1399,1507
1399,1539
1399,1540
1399,1570
1399,1583
1399,1631
1399,1674
1399,1682
1399,1693
1399,1715
1399,1731
1399,1749
1399,1757
1399,1760
1399,1782
1399,1783
1399,1787
1399,1788
1399,1791
1399,1828
1399,1830
1399,1836
1399,1848
1399,1861
1399,1870
1399,1900
1399,1927
1399,1928
1399,1955
1399,2029
1399,2085
1399,2097
1399,2105
1399,2119
1399,2125
1399,2148
1399,2153
1399,2155
1399,2179
1399,2186
1399,2203
1399,2218
1399,2220
1399,2258
1399,2272
1399,2290
1399,2297
1399,2331
1399,2404
1399,2510
1399,2533
1399,2536
1399,2537
1399,2553
1399,2603
1399,2642
1399,2654
1399,2691
1399,2727
1399,2773
1399,2801
1399,2824
1399,2852
1399,2869
1399,2936
1399,2947
1399,2963
1399,2971
1399,3003
1399,3062
1399,3091
1399,3230
1399,3293
1399,3388
1399,3420
1399,3498
1399,3544
1399,3664
1399,3678
1399,3687
1399,3699
1399,3731
1399,3771
1399,3788
1399,3792
1399,3801
1399,3850
1399,3940
1399,4228
1399,4247
1399,4261
1399,4267
1399,4286
1399,4317
1399,4329
1399,4333
1399,4336
1399,4406
1399,4431
1399,4509
1399,4538
1399,4548
1399,4559
1399,4569
1399,4576
1399,4577
1399,4616
1399,4629
1399,4645
1399,4664
1399,4683
1399,4692
1399,4703
1399,4704
1399,4711
1399,4760
1399,4762
1399,4772
1399,4775
1399,4819
1399,4833
1399,4836
1399,4855
1399,4898
1399,4904
1399,4906
1399,4919
1399,4925
1399,4926
1399,4959
1399,4965
1399,4992
1399,4995
1399,5052
1399,5061
1399,5086
1399,5174
1399,5186
1399,5187
1399,5280
1399,5325
1399,5368
1399,5403
1399,5413
1399,5449
1399,5470
1399,5503
1399,5513
1399,5555
1399,5566
1399,5570
1399,5587
1399,5596
1399,5601
1399,5605
1399,5608
1399,5650
1399,5791
1399,5824
1399,5841
1399,6070
1399,6109
1399,6113
1399,6121
1399,6137
1399,6219
1399,6234
1400,10
1400,21
1400,24
1400,29
1400,30
1400,36
1400,53
1400,56
1400,58
1400,68
1400,70
1400,71
1400,88
1400,100
1400,108
1400,126
1400,139
1400,140
1400,163
1400,235
1400,277
1400,297
1400,352
1400,366
1400,390
1400,393
1400,420
1400,422
1400,464
1400,479
1400,496
1400,515
1400,580
1400,597
1400,599
1400,606
1400,638
1400,680
1400,690
1400,724
1400,730
1400,748
1400,753
1400,860
1400,865
1400,885
1400,937
1400,976
1400,1014
1400,1040
1400,1054
1400,1062
1400,1073
1400,1125
1400,1129
1400,1204
1400,1217
1400,1247
1400,1287
1400,1290
1400,1300
1400,1317
1400,1345
1400,1367
1400,1383
1400,1397
1400,1417
1400,1421
1400,1470
1400,1535
1400,1561
1400,1586
1400,1639
1400,1686
1400,1784
1400,1813
1400,1817
1400,1837
1400,1847
1400,1867
1400,1871
1400,2014
1400,2062
1400,2075
1400,2079
1400,2136
1400,2368
1400,2429
1400,2440
1400,2441
1400,2489
1400,2573
1400,2674
1400,2740
1400,2761
1400,2764
1400,2793
1400,2800
1400,2844
1400,2862
1400,2897
1400,2920
1400,2922
1400,3001
1400,3118
1400,3147
1400,3163
1400,3217
1400,3231
1400,3244
1400,3248
1400,3251
1400,3260
1400,3399
1400,3537
1400,3565
1400,3611
1400,3645
1400,3694
1400,3715
1400,3776
1400,3795
1400,3799
1400,3962
1400,4035
1400,4102
1400,4126
1400,4230
1400,4246
1400,4301
1400,4304
1400,4331
1400,4340
1400,4372
1400,4375
1400,4376
1400,4417
1400,4423
1400,4433
1400,4460
1400,4573
1400,4606
1400,4632
1400,4659
1400,4680
1400,4698
1400,4722
1400,4748
1400,4754
1400,4765
1400,4807
1400,4865
1400,4947
1400,4955
1400,4962
1400,4972
1400,4973
1400,4988
1400,5039
1400,5069
1400,5106
1400,5140
1400,5197
1400,5212
1400,5220
1400,5269
1400,5284
1400,5339
1400,5349
1400,5352
1400,5356
1400,5429
1400,5455
1400,5463
1400,5464
1400,5479
1400,5482
1400,5507
1400,5510
1400,5535
1400,5537
1400,5544
1400,5550
1400,5561
1400,5584
1400,5590
1400,5593
1400,5614
1400,5632
1400,5633
1400,5644
1400,5689
1400,5691
1400,5694
1400,5710
1400,5770
1400,5775
1400,5804
1400,5959
1400,5981
1400,6080
1400,6116
1400,6127
1400,6145
1400,6220
1400,6237
1401,25
1401,33
1401,41
1401,63
1401,67
1401,89
1401,90
1401,153
1401,196
1401,203
1401,205
1401,218
1401,230
1401,254
1401,260
1401,286
1401,300
1401,350
1401,355
1401,398
1401,412
1401,423
1401,440
1401,445
1401,471
1401,478
1401,489
1401,557
1401,674
1401,705
1401,789
1401,801
1401,832
1401,933
1401,960
1401,1108
1401,1116
1401,1158
1401,1173
1401,1178
1401,1187
1401,1192
1401,1194
1401,1319
1401,1326
1401,1627
1401,1716
1401,1794
1401,1962
1401,1990
1401,2086
1401,2128
1401,2129
1401,2141
1401,2210
1401,2233
1401,2256
1401,2334
1401,2555
1401,2616
1401,2659
1401,2686
1401,2688
1401,2706
1401,2726
1401,2919
1401,2938
1401,3000
1401,3079
1401,3085
1401,3103
1401,3161
1401,3299
1401,3362
1401,3451
1401,3501
1401,3562
1401,3574
1401,3656
1401,3704
1401,3738
1401,3774
1401,3785
1401,4105
1401,4124
1401,4132
1401,4137
1401,4155
1401,4158
1401,4210
1401,4216
1401,4291
1401,4311
1401,4313
1401,4324
1401,4341
1401,4364
1401,4374
1401,4380
1401,4421
1401,4485
1401,4658
1401,4675
1401,4689
1401,4696
1401,4753
1401,4858
1401,4994
1401,5043
1401,5124
1401,5163
1401,5167
1401,5175
1401,5185
1401,5192
1401,5201
1401,5225
1401,5361
1401,5366
1401,5386
1401,5388
1401,5407
1401,5409
1401,5418
1401,5419
1401,5422
1401,5431
1401,5433
1401,5494
1401,5522
1401,5523
1401,5526
1401,5552
1401,5559
1401,5635
1401,5647
1401,5649
1401,5664
1401,5671
1401,5673
1401,5692
1401,5699
1401,5702
1401,5709
1401,5712
1401,5717
1401,5724
1401,5729
1401,5732
1401,5733
1401,5740
1401,5750
1401,5765
1401,5768
1401,5769
1401,5778
1401,5851
1401,5912
1401,6041
1401,6056
1401,6085
1401,6106
1401,6114
1401,6115
1401,6143
1401,6154
1401,6158
1401,6164
1401,6165
1401,6223
1402,6
1402,7
1402,42
1402,50
1402,66
1402,73
1402,78
1402,99
1402,175
1402,199
1402,213
1402,258
1402,279
1402,288
1402,349
1402,367
1402,379
1402,401
1402,475
1402,488
1402,548
1402,565
1402,582
1402,641
1402,654
1402,722
1402,768
1402,814
1402,895
1402,967
1402,1003
1402,1078
1402,1156
1402,1245
1402,1260
1402,1274
1402,1283
1402,1352
1402,1431
1402,1507
1402,1541
1402,1596
1402,1764
1402,1949
1402,2002
1402,2027
1402,2131
1402,2179
1402,2456
1402,2610
1402,2617
1402,2846
1402,2951
1402,3184
1402,3309
1402,3420
1402,3531
1402,3566
1402,3766
1402,3769
1402,3819
1402,4043
1402,4104
1402,4112
1402,4138
1402,4207
1402,4226
1402,4272
1402,4312
1402,4401
1402,4538
1402,4629
1402,4630
1402,4643
1402,4649
1402,4656
1402,4664
1402,4676
1402,4688
1402,4702
1402,4762
1402,4819
1402,4836
1402,4890
1402,4904
1402,4914
1402,5082
1402,5092
1402,5130
1402,5203
1402,5383
1402,5390
1402,5400
1402,5441
1402,5449
1402,5460
1402,5512
1402,5536
1402,5566
1402,5570
1402,5681
1402,5731
1402,5738
1402,5806
1402,5822
1402,5871
1402,5875
1402,5890
1402,5945
1402,5963
1402,5971
1402,5987
1402,6005
1402,6022
1402,6075
1402,6137
1402,6148
1402,6190
1402,6209
1402,6219
1402,6246
1403,16
1403,22
1403,24
1403,29
1403,36
1403,58
1403,88
1403,108
1403,271
1403,331
1403,334
1403,352
1403,372
1403,426
1403,431
1403,437
1403,464
1403,485
1403,564
1403,860
1403,885
1403,944
1403,963
1403,1013
1403,1066
1403,1101
1403,1133
1403,1263
1403,1339
1403,1417
1403,1540
1403,1774
1403,2306
1403,2405
1403,2510
1403,3003
1403,3633
1403,3775
1403,3890
1403,3893
1403,3934
1403,4170
1403,4251
1403,4624
1403,4741
1403,4777
1403,4866
1403,4947
1403,5125
1403,5159
1403,5234
1403,5280
1403,5284
1403,5287
1403,5385
1403,5397
1403,5420
1403,5428
1403,5429
1403,5455
1403,5480
1403,5506
1403,5519
1403,5535
1403,5544
1403,5550
1403,5553
1403,5575
1403,5614
1403,5632
1403,5684
1403,5744
1403,5751
1403,5767
1403,5782
1403,5955
1403,6076
1403,6080
1403,6081
1403,6111
1403,6130
1403,6145
1404,71
1404,153
1404,196
1404,254
1404,458
1404,571
1404,676
1404,680
1404,705
1404,830
1404,865
1404,926
1404,1116
1404,1187
1404,1402
1404,1888
1404,2686
1404,2758
1404,3079
1404,3395
1404,3452
1404,3696
1404,4105
1404,4124
1404,4132
1404,4137
1404,4155
1404,4158
1404,4210
1404,4222
1404,4349
1404,4439
1404,4859
1404,5413
1404,5415
1404,5418
1404,5419
1404,5493
1404,5522
1404,5523
1404,5545
1404,5559
1404,5596
1404,5635
1404,5649
1404,5664
1404,5673
1404,5692
1404,5699
1404,5709
1404,5712
1404,5717
1404,5724
1404,5732
1404,5740
1404,5750
1404,5765
1404,5768
1404,6085
1404,6100
1404,6102
1404,6143
1404,6165
1405,129
1405,213
1405,475
1405,565
1405,3814
1405,4037
1405,4043
1405,4104
1405,4138
1405,4272
1405,5092
1405,5383
1405,5390
1405,5393
1405,5441
1405,5460
1405,5500
1405,5512
1405,5525
1405,5572
1405,5585
1405,5589
1405,5806
1405,5822
1405,5849
1405,5871
1405,5875
1405,5945
1405,5963
1405,5971
1405,5987
1405,6005
1405,6117
1405,6127
1405,6190
1405,6246
1405,6248
1406,69
1406,89
1406,200
1406,573
1406,639
1406,2077
1406,5368
1406,5420
1406,5455
1406,5492
1406,5532
1406,5535
1406,5744
1406,5751
1406,5767
1406,6080
1406,6237
1407,2201
1407,2306
1407,3003
1407,3452
1407,3589
1407,3775
1407,4869
1407,5519
1407,5660
1407,6106
1407,6109
1408,35
1408,230
1408,315
1408,364
1408,460
1408,564
1408,572
1408,683
1408,830
1408,1753
1408,3395
1409,3744
1409,4656
1430,2835
1430,3123
1430,3322
1430,3526
1430,3579
1430,3675
1430,3688
1430,3858
1430,3861
1430,3863
1430,3869
1430,3883
1430,3939
1430,3965
1430,4007
1430,4021
1430,4023
1430,4034
1430,4042
1430,4052
1430,4058
1430,4065
1430,4072
1430,4093
1430,4096
1430,4106
1430,4107
1430,4109
1430,4117
1430,4128
1430,4139
1430,4164
1430,4167
1430,4175
1430,4177
1430,4181
1430,4182
1430,4200
1430,4201
1430,4204
1430,4209
1430,4213
1430,4217
1430,4220
1430,4224
1430,4229
1430,4231
1430,4233
1430,4234
1430,4235
1430,4238
1430,4244
1430,4245
1430,4326
1430,4522
1430,4641
1430,4666
1430,4710
1430,4746
1430,4810
1430,4843
1430,4844
1430,5051
1430,5215
1430,5223
1430,5230
1430,5250
1430,5251
1430,5253
1430,5313
1430,5327
1430,6210
1430,6213
1430,6215
1430,6222
1430,6225
1430,6226
1430,6231
1430,6235
1430,6240
1430,6252
1430,6253
1430,6257
1430,6258
1430,6263
1430,6264
1430,6267
1430,6268
1430,6271
1430,6273
1430,6274
1430,6275
1431,54
1431,65
1431,109
1431,111
1431,117
1431,169
1431,184
1431,222
1431,261
1431,312
1431,317
1431,319
1431,338
1431,382
1431,403
1431,414
1431,415
1431,442
1431,452
1431,453
1431,506
1431,522
1431,561
1431,567
1431,591
1431,622
1431,625
1431,656
1431,664
1431,697
1431,716
1431,725
1431,757
1431,765
1431,781
1431,791
1431,842
1431,851
1431,905
1431,942
1431,981
1431,1024
1431,1070
1431,1085
1431,1165
1431,1205
1431,1213
1431,1216
1431,1256
1431,1318
1431,1446
1431,1449
1431,1532
1431,1569
1431,1617
1431,1628
1431,1690
1431,1725
1431,1726
1431,1818
1431,1865
1431,1894
1431,1913
1431,2006
1431,2053
1431,2067
1431,2071
1431,2121
1431,2162
1431,2222
1431,2245
1431,2251
1431,2286
1431,2330
1431,2386
1431,2547
1431,2805
1431,2836
1431,2859
1431,2860
1431,2864
1431,2901
1431,2992
1431,3045
1431,3066
1431,3422
1431,4169
1431,4189
1431,4247
1431,4265
1431,4280
1431,4306
1431,4309
1431,4315
1431,4363
1431,4377
1431,4511
1431,4518
1431,4550
1431,4579
1431,4611
1431,4665
1431,4744
1431,4852
1431,4853
1431,4920
1431,4921
1431,4959
1431,5034
1431,5082
1431,5165
1431,5203
1431,5282
1431,5294
1431,6256
1432,1
1432,3
1432,4
1432,6
1432,7
1432,24
1432,29
1432,48
1432,87
1432,90
1432,115
1432,155
1432,161
1432,218
1432,251
1432,290
1432,310
1432,366
1432,381
1432,406
1432,423
1432,460
1432,477
1432,485
1432,560
1432,563
1432,572
1432,586
1432,629
1432,632
1432,644
1432,665
1432,704
1432,788
1432,817
1432,830
1432,852
1432,858
1432,894
1432,917
1432,972
1432,994
1432,1004
1432,1015
1432,1033
1432,1335
1432,1352
1432,1369
1432,1395
1432,1397
1432,1454
1432,1496
1432,1518
1432,1522
1432,1567
1432,1589
1432,1618
1432,1664
1432,1670
1432,1677
1432,1713
1432,1721
1432,1812
1432,1822
1432,1875
1432,1885
1432,1926
1432,1932
1432,1946
1432,1953
1432,1974
1432,1979
1432,1980
1432,1994
1432,1997
1432,2021
1432,2040
1432,2049
1432,2072
1432,2094
1432,2116
1432,2167
1432,2200
1432,2238
1432,2262
1432,2276
1432,2281
1432,2307
1432,2311
1432,2335
1432,2339
1432,2347
1432,2354
1432,2367
1432,2379
1432,2401
1432,2421
1432,2448
1432,2466
1432,2562
1432,2566
1432,2572
1432,2578
1432,2607
1432,2637
1432,2665
1432,2711
1432,2736
1432,2903
1432,2925
1432,2957
1432,3052
1432,3121
1432,3152
1432,3194
1432,3221
1432,3255
1432,3271
1432,3273
1432,3297
1432,3315
1432,3328
1432,3354
1432,3387
1432,3412
1432,3576
1432,3623
1432,3630
1432,3641
1432,3803
1432,3810
1432,3814
1432,3833
1432,3887
1432,3895
1432,3898
1432,3979
1432,4022
1432,4337
1432,4364
1432,4382
1432,4389
1432,4392
1432,4398
1432,4407
1432,4408
1432,4466
1432,4510
1432,4523
1432,4572
1432,4586
1432,4589
1432,4596
1432,4625
1432,4631
1432,4654
1432,4801
1432,4815
1432,4854
1432,4877
1432,4943
1432,4944
1432,5059
1432,5100
1432,5136
1432,5139
1432,5159
1432,5204
1432,5205
1432,5206
1432,5213
1432,5260
1432,5293
1432,5346
1432,5352
1432,5358
1432,5395
1432,5463
1432,5464
1432,5487
1432,5505
1432,5537
1432,5561
1432,5601
1432,5689
1432,5729
1432,5770
1432,5775
1432,5841
1432,6075
1432,6103
1432,6211
1432,6219
1433,33
1433,39
1433,58
1433,59
1433,62
1433,63
1433,67
1433,74
1433,84
1433,89
1433,97
1433,101
1433,103
1433,118
1433,136
1433,146
1433,147
1433,156
1433,158
1433,167
1433,173
1433,186
1433,196
1433,197
1433,203
1433,236
1433,256
1433,330
1433,351
1433,357
1433,362
1433,392
1433,419
1433,424
1433,433
1433,434
1433,435
1433,459
1433,462
1433,470
1433,488
1433,509
1433,521
1433,529
1433,549
1433,582
1433,585
1433,592
1433,608
1433,610
1433,699
1433,743
1433,751
1433,863
1433,895
1433,923
1433,927
1433,966
1433,1012
1433,1058
1433,1076
1433,1090
1433,1108
1433,1127
1433,1142
1433,1160
1433,1175
1433,1207
1433,1244
1433,1274
1433,1281
1433,1300
1433,1323
1433,1327
1433,1358
1433,1368
1433,1444
1433,1472
1433,1541
1433,1543
1433,1551
1433,1573
1433,1597
1433,1606
1433,1616
1433,1692
1433,1698
1433,1699
1433,1720
1433,1757
1433,1781
1433,1785
1433,1791
1433,1803
1433,1851
1433,1861
1433,1869
1433,1887
1433,1891
1433,1893
1433,1895
1433,1921
1433,1969
1433,1975
1433,1985
1433,1993
1433,2016
1433,2023
1433,2036
1433,2041
1433,2054
1433,2173
1433,2186
1433,2187
1433,2193
1433,2213
1433,2261
1433,2269
1433,2283
1433,2324
1433,2331
1433,2338
1433,2390
1433,2408
1433,2488
1433,2494
1433,2521
1433,2526
1433,2536
1433,2537
1433,2552
1433,2582
1433,2587
1433,2599
1433,2619
1433,2660
1433,2671
1433,2699
1433,2728
1433,2753
1433,2765
1433,2788
1433,2826
1433,2837
1433,2884
1433,2907
1433,2963
1433,2982
1433,2991
1433,2999
1433,3003
1433,3012
1433,3031
1433,3094
1433,3140
1433,3187
1433,3225
1433,3252
1433,3260
1433,3291
1433,3317
1433,3342
1433,3350
1433,3388
1433,3472
1433,3501
1433,3561
1433,3562
1433,3566
1433,3621
1433,3627
1433,3636
1433,3658
1433,3760
1433,3798
1433,3826
1433,3982
1433,4035
1433,4144
1433,4230
1433,4339
1433,4347
1433,4381
1433,4409
1433,4417
1433,4429
1433,4443
1433,4454
1433,4467
1433,4538
1433,4564
1433,4608
1433,4617
1433,4643
1433,4655
1433,4696
1433,4712
1433,4714
1433,4720
1433,4726
1433,4767
1433,4781
1433,4838
1433,4846
1433,4851
1433,4858
1433,4873
1433,4892
1433,4916
1433,4923
1433,4926
1433,4939
1433,4960
1433,4976
1433,4977
1433,4994
1433,5020
1433,5038
1433,5047
1433,5055
1433,5058
1433,5063
1433,5083
1433,5105
1433,5122
1433,5123
1433,5158
1433,5229
1433,5259
1433,5276
1433,5344
1433,5385
1433,5420
1433,5423
1433,5429
1433,5455
1433,5493
1433,5499
1433,5518
1433,5519
1433,5535
1433,5550
1433,5555
1433,5570
1433,5614
1433,5647
1433,5774
1433,5955
1433,6070
1433,6080
1433,6081
1433,6100
1433,6106
1433,6112
1433,6122
1433,6145
1433,6209
1433,6266
1434,5
1434,26
1434,36
1434,43
1434,53
1434,60
1434,71
1434,73
1434,78
1434,94
1434,107
1434,109
1434,119
1434,132
1434,138
1434,139
1434,140
1434,148
1434,162
1434,163
1434,165
1434,170
1434,175
1434,187
1434,190
1434,199
1434,215
1434,235
1434,243
1434,252
1434,260
1434,271
1434,307
1434,331
1434,349
1434,376
1434,377
1434,383
1434,391
1434,394
1434,397
1434,409
1434,422
1434,428
1434,468
1434,490
1434,496
1434,501
1434,511
1434,531
1434,539
1434,541
1434,552
1434,573
1434,659
1434,666
1434,667
1434,673
1434,680
1434,684
1434,686
1434,690
1434,703
1434,722
1434,754
1434,758
1434,759
1434,768
1434,770
1434,793
1434,795
1434,799
1434,808
1434,809
1434,811
1434,820
1434,823
1434,831
1434,868
1434,877
1434,890
1434,897
1434,906
1434,932
1434,937
1434,946
1434,949
1434,979
1434,988
1434,996
1434,1001
1434,1006
1434,1014
1434,1050
1434,1053
1434,1083
1434,1105
1434,1112
1434,1126
1434,1144
1434,1156
1434,1166
1434,1185
1434,1189
1434,1196
1434,1197
1434,1204
1434,1219
1434,1231
1434,1238
1434,1247
1434,1266
1434,1273
1434,1276
1434,1341
1434,1376
1434,1412
1434,1434
1434,1445
1434,1458
1434,1468
1434,1470
1434,1473
1434,1498
1434,1506
1434,1507
1434,1535
1434,1539
1434,1540
1434,1561
1434,1570
1434,1583
1434,1620
1434,1631
1434,1633
1434,1643
1434,1674
1434,1682
1434,1686
1434,1693
1434,1696
1434,1715
1434,1731
1434,1749
1434,1760
1434,1769
1434,1782
1434,1783
1434,1787
1434,1788
1434,1802
1434,1824
1434,1828
1434,1830
1434,1836
1434,1847
1434,1848
1434,1866
1434,1867
1434,1870
1434,1900
1434,1906
1434,1918
1434,1927
1434,1928
1434,1955
1434,2008
1434,2014
1434,2029
1434,2064
1434,2085
1434,2090
1434,2097
1434,2105
1434,2119
1434,2125
1434,2137
1434,2146
1434,2148
1434,2153
1434,2155
1434,2171
1434,2178
1434,2179
1434,2185
1434,2203
1434,2218
1434,2226
1434,2258
1434,2272
1434,2285
1434,2290
1434,2297
1434,2325
1434,2336
1434,2341
1434,2368
1434,2404
1434,2414
1434,2427
1434,2440
1434,2456
1434,2460
1434,2489
1434,2495
1434,2510
1434,2533
1434,2553
1434,2555
1434,2573
1434,2603
1434,2642
1434,2654
1434,2682
1434,2706
1434,2727
1434,2739
1434,2758
1434,2764
1434,2773
1434,2778
1434,2801
1434,2823
1434,2824
1434,2844
1434,2852
1434,2869
1434,2906
1434,2919
1434,2920
1434,2936
1434,2937
1434,2938
1434,2947
1434,2965
1434,2971
1434,3023
1434,3062
1434,3091
1434,3096
1434,3118
1434,3130
1434,3163
1434,3230
1434,3248
1434,3249
1434,3270
1434,3278
1434,3293
1434,3327
1434,3357
1434,3406
1434,3420
1434,3544
1434,3565
1434,3610
1434,3664
1434,3687
1434,3696
1434,3699
1434,3731
1434,3771
1434,3788
1434,3792
1434,3801
1434,3850
1434,3880
1434,3897
1434,3905
1434,3940
1434,4013
1434,4037
1434,4215
1434,4222
1434,4261
1434,4267
1434,4286
1434,4288
1434,4317
1434,4329
1434,4333
1434,4336
1434,4341
1434,4374
1434,4376
1434,4404
1434,4406
1434,4431
1434,4433
1434,4509
1434,4512
1434,4548
1434,4559
1434,4569
1434,4576
1434,4577
1434,4592
1434,4616
1434,4629
1434,4630
1434,4645
1434,4664
1434,4683
1434,4692
1434,4698
1434,4700
1434,4703
1434,4704
1434,4711
1434,4762
1434,4765
1434,4772
1434,4775
1434,4790
1434,4796
1434,4805
1434,4807
1434,4819
1434,4831
1434,4833
1434,4836
1434,4855
1434,4859
1434,4898
1434,4904
1434,4906
1434,4919
1434,4947
1434,4959
1434,4965
1434,4995
1434,5007
1434,5052
1434,5061
1434,5086
1434,5092
1434,5111
1434,5130
1434,5174
1434,5186
1434,5187
1434,5197
1434,5303
1434,5361
1434,5387
1434,5403
1434,5413
1434,5428
1434,5449
1434,5470
1434,5479
1434,5480
1434,5494
1434,5503
1434,5510
1434,5532
1434,5539
1434,5545
1434,5566
1434,5587
1434,5596
1434,5604
1434,5605
1434,5608
1434,5650
1434,5791
1434,5900
1434,6076
1434,6109
1434,6113
1434,6137
1434,6164
1434,6216
1434,6237
1435,10
1435,18
1435,21
1435,24
1435,25
1435,29
1435,30
1435,35
1435,41
1435,50
1435,56
1435,66
1435,68
1435,70
1435,88
1435,90
1435,100
1435,108
1435,126
1435,128
1435,205
1435,207
1435,219
1435,230
1435,232
1435,246
1435,265
1435,277
1435,297
1435,300
1435,334
1435,352
1435,353
1435,359
1435,368
1435,390
1435,393
1435,402
1435,412
1435,420
1435,445
1435,464
1435,471
1435,475
1435,483
1435,485
1435,515
1435,517
1435,528
1435,536
1435,566
1435,575
1435,580
1435,597
1435,599
1435,606
1435,638
1435,654
1435,663
1435,689
1435,730
1435,748
1435,753
1435,763
1435,801
1435,814
1435,835
1435,860
1435,865
1435,934
1435,943
1435,948
1435,960
1435,967
1435,976
1435,1027
1435,1029
1435,1047
1435,1052
1435,1054
1435,1055
1435,1062
1435,1065
1435,1073
1435,1123
1435,1125
1435,1129
1435,1161
1435,1168
1435,1194
1435,1199
1435,1249
1435,1271
1435,1287
1435,1290
1435,1308
1435,1317
1435,1334
1435,1345
1435,1356
1435,1363
1435,1367
1435,1374
1435,1384
1435,1397
1435,1414
1435,1417
1435,1422
1435,1430
1435,1504
1435,1586
1435,1613
1435,1639
1435,1784
1435,1786
1435,1813
1435,1843
1435,1849
1435,1871
1435,1983
1435,2002
1435,2027
1435,2033
1435,2062
1435,2069
1435,2075
1435,2086
1435,2113
1435,2114
1435,2128
1435,2129
1435,2136
1435,2141
1435,2158
1435,2220
1435,2256
1435,2305
1435,2312
1435,2314
1435,2322
1435,2326
1435,2405
1435,2429
1435,2441
1435,2535
1435,2567
1435,2591
1435,2630
1435,2635
1435,2674
1435,2690
1435,2740
1435,2761
1435,2785
1435,2793
1435,2798
1435,2800
1435,2862
1435,2866
1435,2878
1435,2915
1435,2945
1435,2951
1435,3001
1435,3020
1435,3079
1435,3110
1435,3133
1435,3147
1435,3161
1435,3206
1435,3217
1435,3251
1435,3254
1435,3299
1435,3306
1435,3399
1435,3409
1435,3417
1435,3439
1435,3494
1435,3499
1435,3531
1435,3537
1435,3555
1435,3570
1435,3611
1435,3645
1435,3648
1435,3678
1435,3694
1435,3738
1435,3744
1435,3764
1435,3769
1435,3774
1435,3776
1435,3785
1435,3787
1435,3795
1435,3819
1435,3912
1435,3931
1435,3962
1435,4048
1435,4105
1435,4124
1435,4126
1435,4132
1435,4155
1435,4158
1435,4247
1435,4248
1435,4301
1435,4304
1435,4311
1435,4312
1435,4313
1435,4318
1435,4331
1435,4340
1435,4364
1435,4372
1435,4375
1435,4423
1435,4450
1435,4460
1435,4486
1435,4488
1435,4491
1435,4493
1435,4506
1435,4573
1435,4606
1435,4609
1435,4632
1435,4637
1435,4659
1435,4680
1435,4688
1435,4689
1435,4709
1435,4722
1435,4752
1435,4753
1435,4754
1435,4776
1435,4806
1435,4840
1435,4863
1435,4865
1435,4955
1435,4962
1435,4973
1435,4987
1435,4988
1435,5029
1435,5069
1435,5106
1435,5124
1435,5125
1435,5128
1435,5132
1435,5140
1435,5156
1435,5163
1435,5180
1435,5183
1435,5185
1435,5196
1435,5212
1435,5217
1435,5220
1435,5269
1435,5284
1435,5287
1435,5298
1435,5339
1435,5349
1435,5409
1435,5415
1435,5418
1435,5419
1435,5422
1435,5426
1435,5463
1435,5522
1435,5523
1435,5544
1435,5553
1435,5562
1435,5584
1435,5633
1435,5635
1435,5644
1435,5649
1435,5664
1435,5673
1435,5689
1435,5691
1435,5692
1435,5699
1435,5702
1435,5709
1435,5710
1435,5712
1435,5717
1435,5724
1435,5732
1435,5738
1435,5740
1435,5750
1435,5766
1435,5768
1435,5770
1435,5775
1435,5795
1435,5851
1435,5866
1435,5912
1435,5959
1435,6068
1435,6085
1435,6102
1435,6114
1435,6116
1435,6127
1435,6139
1435,6143
1435,6144
1435,6150
1435,6218
1435,6220
1435,6234
1436,6
1436,7
1436,17
1436,33
1436,42
1436,63
1436,67
1436,72
1436,75
1436,89
1436,99
1436,104
1436,118
1436,129
1436,153
1436,158
1436,196
1436,203
1436,218
1436,227
1436,285
1436,286
1436,324
1436,355
1436,362
1436,396
1436,401
1436,520
1436,540
1436,548
1436,557
1436,565
1436,700
1436,724
1436,752
1436,756
1436,772
1436,797
1436,813
1436,832
1436,883
1436,933
1436,963
1436,1032
1436,1040
1436,1045
1436,1074
1436,1116
1436,1158
1436,1173
1436,1178
1436,1187
1436,1192
1436,1245
1436,1260
1436,1262
1436,1274
1436,1283
1436,1300
1436,1319
1436,1339
1436,1347
1436,1391
1436,1396
1436,1493
1436,1541
1436,1596
1436,1604
1436,1652
1436,1697
1436,1750
1436,1817
1436,1833
1436,1850
1436,1949
1436,1960
1436,1990
1436,2079
1436,2130
1436,2131
1436,2156
1436,2161
1436,2164
1436,2190
1436,2211
1436,2428
1436,2449
1436,2479
1436,2504
1436,2610
1436,2617
1436,2643
1436,2659
1436,2686
1436,2691
1436,2714
1436,2726
1436,2766
1436,2797
1436,2804
1436,2846
1436,2930
1436,3072
1436,3085
1436,3151
1436,3184
1436,3260
1436,3309
1436,3362
1436,3451
1436,3493
1436,3501
1436,3562
1436,3566
1436,3574
1436,3587
1436,3631
1436,3685
1436,3704
1436,3712
1436,3766
1436,3797
1436,3837
1436,3893
1436,4043
1436,4104
1436,4112
1436,4130
1436,4137
1436,4138
1436,4210
1436,4226
1436,4275
1436,4324
1436,4391
1436,4421
1436,4459
1436,4490
1436,4510
1436,4595
1436,4624
1436,4649
1436,4656
1436,4676
1436,4696
1436,4760
1436,4858
1436,4914
1436,4994
1436,5005
1436,5043
1436,5057
1436,5076
1436,5082
1436,5083
1436,5095
1436,5127
1436,5167
1436,5201
1436,5203
1436,5225
1436,5280
1436,5289
1436,5322
1436,5325
1436,5330
1436,5366
1436,5383
1436,5390
1436,5433
1436,5441
1436,5460
1436,5506
1436,5512
1436,5520
1436,5535
1436,5552
1436,5559
1436,5570
1436,5589
1436,5731
1436,5751
1436,5765
1436,5769
1436,5806
1436,5822
1436,5871
1436,5875
1436,5945
1436,5963
1436,5971
1436,5987
1436,6005
1436,6062
1436,6067
1436,6080
1436,6117
1436,6154
1436,6158
1436,6165
1436,6177
1436,6184
1436,6190
1436,6219
1436,6223
1436,6246
1437,9
1437,22
1437,43
1437,46
1437,49
1437,69
1437,71
1437,73
1437,78
1437,94
1437,109
1437,140
1437,162
1437,190
1437,197
1437,200
1437,235
1437,254
1437,271
1437,279
1437,374
1437,409
1437,417
1437,430
1437,440
1437,458
1437,489
1437,510
1437,532
1437,582
1437,639
1437,681
1437,690
1437,699
1437,701
1437,768
1437,795
1437,799
1437,810
1437,811
1437,885
1437,1026
1437,1108
1437,1204
1437,1327
1437,1383
1437,1431
1437,1466
1437,1676
1437,1678
1437,1774
1437,2019
1437,2044
1437,2077
1437,2259
1437,2334
1437,2510
1437,2529
1437,2538
1437,2555
1437,2616
1437,2707
1437,2900
1437,3112
1437,3186
1437,3219
1437,3589
1437,3715
1437,3743
1437,3890
1437,4170
1437,4271
1437,4272
1437,4417
1437,4532
1437,4538
1437,4630
1437,4664
1437,4702
1437,4762
1437,4765
1437,4777
1437,4781
1437,4925
1437,4947
1437,5092
1437,5385
1437,5393
1437,5397
1437,5399
1437,5420
1437,5429
1437,5455
1437,5480
1437,5482
1437,5491
1437,5492
1437,5493
1437,5510
1437,5541
1437,5550
1437,5566
1437,5572
1437,5575
1437,5614
1437,5637
1437,5671
1437,5695
1437,5744
1437,5767
1437,5777
1437,5782
1437,5791
1437,5824
1437,5894
1437,5955
1437,6070
1437,6094
1437,6106
1437,6112
1437,6122
1437,6145
1437,6248
1438,5
1438,14
1438,16
1438,36
1438,41
1438,66
1438,88
1438,90
1438,108
1438,121
1438,128
1438,165
1438,213
1438,230
1438,232
1438,331
1438,367
1438,379
1438,426
1438,431
1438,464
1438,475
1438,478
1438,496
1438,549
1438,571
1438,599
1438,666
1438,676
1438,705
1438,823
1438,934
1438,955
1438,964
1438,1156
1438,1271
1438,1334
1438,1418
1438,1606
1438,1671
1438,1753
1438,1792
1438,1962
1438,2051
1438,2113
1438,2201
1438,2217
1438,2305
1438,2306
1438,2424
1438,2515
1438,2758
1438,2895
1438,2915
1438,2938
1438,3020
1438,3249
1438,3409
1438,3452
1438,3656
1438,3775
1438,4035
1438,4105
1438,4124
1438,4129
1438,4132
1438,4155
1438,4158
1438,4207
1438,4216
1438,4230
1438,4239
1438,4291
1438,4294
1438,4332
1438,4349
1438,4364
1438,4380
1438,4401
1438,4460
1438,4486
1438,4629
1438,4643
1438,4658
1438,4712
1438,4731
1438,4754
1438,4806
1438,4869
1438,4904
1438,5110
1438,5217
1438,5380
1438,5386
1438,5402
1438,5463
1438,5464
1438,5522
1438,5523
1438,5536
1438,5537
1438,5553
1438,5617
1438,5635
1438,5649
1438,5664
1438,5673
1438,5689
1438,5692
1438,5698
1438,5702
1438,5709
1438,5712
1438,5717
1438,5724
1438,5732
1438,5735
1438,5750
1438,5754
1438,5768
1438,5770
1438,5775
1438,5804
1438,5841
1438,6085
1438,6143
1438,6209
1438,6216
1439,35
1439,67
1439,126
1439,129
1439,153
1439,258
1439,265
1439,288
1439,344
1439,355
1439,366
1439,460
1439,548
1439,564
1439,641
1439,700
1439,722
1439,752
1439,756
1439,782
1439,800
1439,814
1439,925
1439,933
1439,962
1439,967
1439,991
1439,995
1439,1133
1439,1229
1439,1292
1439,1471
1439,1596
1439,1670
1439,1716
1439,1800
1439,1824
1439,1897
1439,2130
1439,2405
1439,2706
1439,2919
1439,3395
1439,3744
1439,4137
1439,4510
1439,4656
1439,4865
1439,4890
1439,5127
1439,5185
1439,5366
1439,5368
1439,5409
1439,5418
1439,5419
1439,5423
1439,5441
1439,5449
1439,5460
1439,5512
1439,5559
1439,5585
1439,5765
1439,5822
1439,6076
1439,6100
1439,6164
1440,9
1440,24
1440,25
1440,29
1440,42
1440,43
1440,53
1440,63
1440,73
1440,99
1440,189
1440,200
1440,205
1440,254
1440,300
1440,315
1440,350
1440,357
1440,364
1440,392
1440,412
1440,471
1440,485
1440,582
1440,610
1440,639
1440,699
1440,944
1440,1066
1440,1073
1440,1089
1440,1173
1440,1317
1440,1540
1440,1541
1440,1893
1440,1949
1440,1978
1440,1997
1440,2128
1440,2131
1440,2846
1440,3184
1440,3309
1440,3589
1440,3600
1440,4043
1440,4104
1440,4138
1440,4210
1440,4417
1440,4491
1440,4527
1440,4630
1440,4649
1440,4762
1440,4836
1440,4988
1440,5033
1440,5054
1440,5095
1440,5383
1440,5390
1440,5420
1440,5479
1440,5535
1440,5548
1440,5744
1440,5751
1440,5767
1440,5806
1440,5871
1440,5875
1440,5945
1440,5963
1440,5971
1440,6005
1440,6056
1440,6080
1440,6114
1440,6190
1440,6246
1440,6248
1441,14
1441,33
1441,69
1441,100
1441,121
1441,172
1441,178
1441,196
1441,203
1441,213
1441,230
1441,236
1441,271
1441,383
1441,410
1441,458
1441,475
1441,565
1441,637
1441,666
1441,681
1441,758
1441,890
1441,926
1441,1001
1441,1052
1441,1101
1441,1171
1441,1271
1441,1358
1441,1402
1441,1422
1441,1431
1441,1480
1441,1743
1441,1753
1441,1888
1441,2306
1441,2510
1441,3020
1441,3409
1441,3452
1441,3775
1441,3934
1441,4272
1441,4439
1441,4485
1441,4806
1441,4869
1441,5092
1441,5159
1441,5234
1441,5397
1441,5500
1441,5544
1441,5553
1441,5575
1441,5689
1441,5695
1441,5987
1441,6060
1442,35
1442,78
1442,88
1442,89
1442,90
1442,129
1442,140
1442,391
1442,460
1442,478
1442,564
1442,571
1442,572
1442,823
1442,830
1442,937
1442,1421
1442,1436
1442,2368
1442,3395
1442,3420
1442,3744
1442,4460
1442,4493
1442,4656
1442,5185
1442,5232
1442,5356
1442,5402
1442,5503
1442,6127
1443,25
1443,63
1443,73
1443,99
1443,200
1443,258
1443,288
1443,315
1443,364
1443,389
1443,412
1443,430
1443,471
1443,639
1443,641
1443,860
1443,1089
1443,1173
1443,1345
1443,1417
1443,1541
1443,1777
1443,1949
1443,2131
1443,2740
1443,2846
1443,3184
1443,3309
1443,3501
1443,3562
1443,3589
1443,3694
1443,4289
1443,4304
1443,4630
1443,4634
1443,4649
1443,4836
1443,4865
1443,4962
1443,5033
1443,5069
1443,5130
1443,5284
1443,5407
1443,5431
1443,5729
1443,5738
1443,5769
1443,5912
1443,6033
1443,6115
1443,6154
1443,6158
1443,6234
1444,14
1444,33
1444,100
1444,108
1444,121
1444,138
1444,205
1444,230
1444,271
1444,340
1444,401
1444,496
1444,748
1444,768
1444,795
1444,865
1444,964
1444,1003
1444,1015
1444,1066
1444,1096
1444,1116
1444,1129
1444,1156
1444,1187
1444,1204
1444,1271
1444,1273
1444,1274
1444,1431
1444,1539
1444,1686
1444,1753
1444,2128
1444,2306
1444,2510
1444,2555
1444,2686
1444,3079
1444,3452
1444,3704
1444,3714
1444,3775
1444,4129
1444,4380
1444,4538
1444,4664
1444,4731
1444,4869
1444,5026
1444,5397
1444,5403
1444,5449
1444,5480
1444,5506
1444,5535
1444,5544
1444,5552
1444,5553
1444,5566
1444,5570
1444,5575
1444,5637
1444,5644
1444,5671
1444,5689
1444,5695
1444,5698
1444,5702
1444,5791
1444,6114
1444,6137
1444,6219
1445,35
1445,89
1445,178
1445,203
1445,366
1445,391
1445,458
1445,460
1445,483
1445,562
1445,564
1445,572
1445,756
1445,811
1445,814
1445,825
1445,830
1445,926
1445,967
1445,991
1445,1029
1445,1101
1445,1210
1445,1229
1445,1263
1445,1317
1445,1568
1445,1596
1445,1666
1445,2203
1445,2256
1445,2405
1445,3020
1445,3395
1445,3744
1445,4364
1445,4656
1445,4866
1445,4988
1445,5185
1445,5196
1445,5402
1445,5455
1445,5620
1445,5894
1446,39
1446,63
1446,73
1446,78
1446,99
1446,139
1446,390
1446,663
1446,700
1446,925
1446,944
1446,1089
1446,1133
1446,1173
1446,1352
1446,1402
1446,1540
1446,1541
1446,1949
1446,1955
1446,2077
1446,2131
1446,2846
1446,3184
1446,3207
1446,3309
1446,3420
1446,4397
1446,4527
1446,4630
1446,4634
1446,4649
1446,4836
1446,5033
1446,5130
1446,5197
1446,5529
1446,5617
1446,5660
1446,6111
1447,24
1447,33
1447,90
1447,100
1447,205
1447,271
1447,410
1447,426
1447,741
1447,860
1447,964
1447,1271
1447,1358
1447,1417
1447,1431
1447,1473
1447,1480
1447,1606
1447,2510
1447,3219
1447,3293
1447,4050
1447,4207
1447,4485
1447,5397
1447,5460
1447,5480
1447,5535
1447,5539
1447,5544
1447,5553
1447,5575
1447,5689
1447,5695
1447,5698
1447,5824
1447,5851
1447,5955
1447,6028
1447,6216
1448,196
1448,496
1448,795
1448,865
1448,1116
1448,1129
1448,1187
1448,1436
1448,2146
1448,2758
1448,3079
1448,3186
1448,3656
1448,3893
1448,4313
1448,4349
1448,4364
1448,4421
1448,4696
1448,5104
1448,5185
1448,5402
1448,5419
1448,5420
1448,5455
1448,5501
1448,5550
1448,5596
1448,5744
1448,5751
1448,5767
1448,6080
1449,63
1449,73
1449,99
1449,153
1449,1089
1449,1173
1449,1541
1449,1949
1449,2131
1449,2846
1449,3184
1449,3309
1449,4043
1449,4104
1449,4124
1449,4137
1449,4138
1449,4210
1449,4630
1449,4634
1449,4649
1449,4836
1449,5033
1449,5130
1449,5383
1449,5390
1449,5418
1449,5441
1449,5449
1449,5871
1449,5875
1449,5963
1449,6130
1449,6137
1449,6190
1449,6246
1450,33
1450,89
1450,100
1450,205
1450,271
1450,825
1450,858
1450,964
1450,1073
1450,1156
1450,1271
1450,1431
1450,1539
1450,1826
1450,2510
1450,3739
1450,4129
1450,4155
1450,4158
1450,4380
1450,4485
1450,4493
1450,4664
1450,5287
1450,5397
1450,5409
1450,5460
1450,5480
1450,5506
1450,5535
1450,5544
1450,5551
1450,5553
1450,5559
1450,5575
1450,5635
1450,5644
1450,5681
1450,5689
1450,5695
1450,5698
1450,5782
1450,5894
1450,5971
1450,6060
1451,88
1451,108
1451,203
1451,401
1451,488
1451,610
1451,654
1451,756
1451,814
1451,955
1451,1596
1451,1774
1451,2077
1451,2292
1451,2405
1451,3420
1451,3893
1451,4207
1451,4349
1451,4696
1451,4753
1451,5104
1451,5402
1451,5419
1451,5420
1451,5455
1451,5620
1451,5624
1451,5627
1451,5744
1451,5751
1451,5767
1451,6037
1451,6080
1451,6188
1452,29
1452,36
1452,90
1452,302
1452,331
1452,334
1452,367
1452,485
1452,637
1452,860
1452,963
1452,1417
1452,1492
1452,1962
1452,2201
1452,4043
1452,4104
1452,4124
1452,4137
1452,4138
1452,4210
1452,4754
1452,5383
1452,5390
1452,5418
1452,5523
1452,5871
1452,5875
1452,5963
1452,5987
1452,6106
1452,6127
1452,6190
1452,6246
1452,6248
1453,78
1453,795
1453,865
1453,937
1453,967
1453,1078
1453,1116
1453,1187
1453,2179
1453,2686
1453,3079
1453,3161
1453,3237
1453,3704
1453,4132
1453,4155
1453,4158
1453,4819
1453,4865
1453,5366
1453,5441
1453,5460
1453,5479
1453,5572
1453,5849
1453,5971
1453,6143
1454,108
1454,352
1454,372
1454,431
1454,1540
1454,4251
1454,4624
1454,5420
1454,5535
1454,5635
1454,5744
1454,5751
1454,5767
1454,6080
1465,2835
1465,3123
1465,3322
1465,3526
1465,3579
1465,3675
1465,3688
1465,3861
1465,3863
1465,3869
1465,3939
1465,3965
1465,4007
1465,4021
1465,4034
1465,4042
1465,4058
1465,4065
1465,4072
1465,4093
1465,4096
1465,4106
1465,4107
1465,4109
1465,4117
1465,4128
1465,4139
1465,4164
1465,4167
1465,4175
1465,4177
1465,4182
1465,4200
1465,4201
1465,4204
1465,4209
1465,4213
1465,4217
1465,4220
1465,4224
1465,4229
1465,4231
1465,4233
1465,4234
1465,4235
1465,4238
1465,4244
1465,4245
1465,4326
1465,4522
1465,4641
1465,4710
1465,4746
1465,4810
1465,4844
1465,5051
1465,5215
1465,5223
1465,5230
1465,5251
1465,5253
1465,5327
1465,6210
1465,6213
1465,6215
1465,6222
1465,6225
1465,6226
1465,6231
1465,6235
1465,6240
1465,6252
1465,6253
1465,6256
1465,6257
1465,6258
1465,6263
1465,6264
1465,6267
1465,6268
1465,6271
1465,6273
1465,6274
1465,6275
1466,54
1466,65
1466,109
1466,111
1466,169
1466,184
1466,222
1466,261
1466,312
1466,317
1466,319
1466,338
1466,382
1466,415
1466,442
1466,452
1466,453
1466,506
1466,522
1466,561
1466,567
1466,591
1466,622
1466,656
1466,664
1466,716
1466,725
1466,757
1466,765
1466,781
1466,791
1466,842
1466,851
1466,905
1466,942
1466,981
1466,1024
1466,1070
1466,1165
1466,1205
1466,1213
1466,1256
1466,1318
1466,1352
1466,1449
1466,1617
1466,1628
1466,1690
1466,1726
1466,1818
1466,1865
1466,1894
1466,2006
1466,2053
1466,2067
1466,2071
1466,2121
1466,2162
1466,2222
1466,2251
1466,2286
1466,2330
1466,2386
1466,2547
1466,2805
1466,2836
1466,2859
1466,2860
1466,2864
1466,2992
1466,3045
1466,3066
1466,3422
1466,3858
1466,3883
1466,4023
1466,4052
1466,4169
1466,4181
1466,4189
1466,4247
1466,4265
1466,4280
1466,4306
1466,4309
1466,4315
1466,4363
1466,4377
1466,4511
1466,4550
1466,4579
1466,4665
1466,4666
1466,4744
1466,4843
1466,4852
1466,4853
1466,4920
1466,4921
1466,4959
1466,5082
1466,5165
1466,5203
1466,5250
1466,5282
1466,5294
1466,5313
1467,3
1467,7
1467,24
1467,29
1467,87
1467,155
1467,172
1467,203
1467,218
1467,251
1467,281
1467,366
1467,403
1467,406
1467,460
1467,477
1467,560
1467,563
1467,572
1467,625
1467,629
1467,632
1467,644
1467,665
1467,704
1467,731
1467,788
1467,817
1467,830
1467,852
1467,858
1467,894
1467,972
1467,994
1467,1004
1467,1015
1467,1358
1467,1369
1467,1395
1467,1397
1467,1454
1467,1496
1467,1518
1467,1522
1467,1567
1467,1589
1467,1664
1467,1670
1467,1677
1467,1713
1467,1721
1467,1725
1467,1812
1467,1822
1467,1875
1467,1913
1467,1926
1467,1932
1467,1979
1467,1980
1467,1997
1467,2021
1467,2040
1467,2049
1467,2072
1467,2094
1467,2167
1467,2200
1467,2238
1467,2245
1467,2262
1467,2276
1467,2281
1467,2307
1467,2311
1467,2335
1467,2339
1467,2401
1467,2421
1467,2448
1467,2466
1467,2562
1467,2566
1467,2572
1467,2578
1467,2607
1467,2637
1467,2665
1467,2711
1467,2903
1467,2925
1467,2957
1467,3052
1467,3121
1467,3152
1467,3194
1467,3221
1467,3255
1467,3273
1467,3297
1467,3315
1467,3354
1467,3576
1467,3623
1467,3630
1467,3641
1467,3810
1467,3814
1467,3887
1467,3895
1467,3898
1467,4022
1467,4337
1467,4364
1467,4382
1467,4389
1467,4392
1467,4398
1467,4407
1467,4408
1467,4466
1467,4518
1467,4523
1467,4572
1467,4586
1467,4589
1467,4596
1467,4631
1467,4767
1467,4815
1467,4854
1467,4944
1467,4964
1467,5059
1467,5136
1467,5139
1467,5159
1467,5204
1467,5205
1467,5206
1467,5293
1467,5346
1467,5352
1467,5395
1467,5463
1467,5464
1467,5487
1467,5505
1467,5537
1467,5689
1467,5729
1467,5775
1467,5841
1467,6075
1467,6209
1467,6211
1468,39
1468,59
1468,89
1468,90
1468,136
1468,146
1468,161
1468,196
1468,236
1468,252
1468,310
1468,330
1468,351
1468,357
1468,392
1468,424
1468,433
1468,434
1468,459
1468,462
1468,488
1468,509
1468,585
1468,586
1468,592
1468,699
1468,751
1468,966
1468,1058
1468,1076
1468,1090
1468,1127
1468,1541
1468,1551
1468,1606
1468,1616
1468,1686
1468,1720
1468,1785
1468,1791
1468,1869
1468,1885
1468,1893
1468,1895
1468,1985
1468,1993
1468,2041
1468,2097
1468,2173
1468,2261
1468,2269
1468,2338
1468,2390
1468,2494
1468,2599
1468,2660
1468,2706
1468,2884
1468,2919
1468,3350
1468,3798
1468,4144
1468,4339
1468,4409
1468,4443
1468,4454
1468,4467
1468,4696
1468,4712
1468,4838
1468,4873
1468,4877
1468,4923
1468,4943
1468,4977
1468,5047
1468,5055
1468,5058
1468,5063
1468,5158
1468,5260
1468,5276
1468,5344
1468,5361
1468,5409
1468,5420
1468,5428
1468,5499
1468,5519
1468,6145
1468,6173
1468,6237
1469,33
1469,97
1469,107
1469,138
1469,167
1469,186
1469,271
1469,307
1469,362
1469,376
1469,383
1469,428
1469,470
1469,610
1469,673
1469,758
1469,793
1469,823
1469,890
1469,923
1469,932
1469,1001
1469,1207
1469,1506
1469,1539
1469,1674
1469,1682
1469,1692
1469,1693
1469,1698
1469,1699
1469,1757
1469,1783
1469,1788
1469,1848
1469,1861
1469,1870
1469,1921
1469,1969
1469,2105
1469,2153
1469,2155
1469,2193
1469,2213
1469,2218
1469,2258
1469,2290
1469,2297
1469,2324
1469,2404
1469,2510
1469,2526
1469,2536
1469,2603
1469,2801
1469,2837
1469,2936
1469,3091
1469,3187
1469,3544
1469,3801
1469,3932
1469,3940
1469,3962
1469,4035
1469,4230
1469,4247
1469,4510
1469,4559
1469,4617
1469,4703
1469,4711
1469,4836
1469,4858
1469,4959
1469,5052
1469,5061
1469,5086
1469,5123
1469,5174
1469,5356
1469,5503
1469,5584
1469,5710
1469,6116
1470,24
1470,29
1470,36
1470,43
1470,53
1470,73
1470,109
1470,156
1470,187
1470,235
1470,331
1470,334
1470,352
1470,377
1470,391
1470,475
1470,580
1470,582
1470,681
1470,690
1470,948
1470,949
1470,960
1470,976
1470,988
1470,1540
1470,1639
1470,1731
1470,1760
1470,1830
1470,2014
1470,2062
1470,2136
1470,2688
1470,2727
1470,2761
1470,2793
1470,2869
1470,2947
1470,3260
1470,3537
1470,3664
1470,4226
1470,4431
1470,4569
1470,4762
1470,5220
1470,5287
1470,5388
1470,5407
1470,5449
1470,5494
1470,5644
1470,5647
1470,5729
1470,5778
1470,6081
1470,6220
1471,7
1471,26
1471,30
1471,90
1471,94
1471,140
1471,153
1471,196
1471,203
1471,420
1471,426
1471,549
1471,575
1471,585
1471,654
1471,666
1471,684
1471,691
1471,722
1471,730
1471,759
1471,799
1471,1040
1471,1096
1471,1156
1471,1326
1471,1334
1471,1535
1471,1955
1471,2341
1471,2368
1471,2427
1471,2674
1471,3000
1471,3356
1471,3409
1471,3611
1471,4331
1471,4380
1471,4643
1471,4806
1471,4904
1471,4972
1471,5197
1471,5352
1471,5368
1471,5428
1471,5463
1471,5464
1471,5501
1471,5507
1471,5544
1471,5596
1471,5660
1471,5689
1471,5770
1471,5775
1471,5824
1471,5851
1471,6075
1471,6121
1472,25
1472,41
1472,71
1472,78
1472,89
1472,126
1472,129
1472,217
1472,252
1472,366
1472,409
1472,412
1472,464
1472,471
1472,478
1472,638
1472,763
1472,795
1472,811
1472,813
1472,933
1472,963
1472,1169
1472,1391
1472,1422
1472,1431
1472,1794
1472,1813
1472,1836
1472,1962
1472,2179
1472,2535
1472,2544
1472,2691
1472,2706
1472,2740
1472,2800
1472,2919
1472,3003
1472,3248
1472,3388
1472,3399
1472,3420
1472,3501
1472,3562
1472,3648
1472,3656
1472,3694
1472,3696
1472,3850
1472,4267
1472,4304
1472,4460
1472,4577
1472,4629
1472,4760
1472,4819
1472,4865
1472,4947
1472,4962
1472,5069
1472,5280
1472,5339
1472,5366
1472,5397
1472,5409
1472,5413
1472,5420
1472,5422
1472,5431
1472,5470
1472,5479
1472,5519
1472,5537
1472,5548
1472,5620
1472,5841
1472,6070
1472,6082
1472,6127
1472,6137
1472,6151
1472,6234
1473,9
1473,24
1473,42
1473,69
1473,88
1473,108
1473,138
1473,187
1473,200
1473,230
1473,254
1473,258
1473,288
1473,300
1473,324
1473,331
1473,334
1473,349
1473,352
1473,367
1473,401
1473,431
1473,548
1473,565
1473,573
1473,639
1473,641
1473,681
1473,700
1473,768
1473,801
1473,810
1473,814
1473,885
1473,937
1473,967
1473,1004
1473,1078
1473,1204
1473,1274
1473,1287
1473,1308
1473,1339
1473,1345
1473,1383
1473,1384
1473,1397
1473,1417
1473,1586
1473,1596
1473,1627
1473,1652
1473,1857
1473,1870
1473,1900
1473,1932
1473,2027
1473,2029
1473,2125
1473,2128
1473,2282
1473,2504
1473,2553
1473,2555
1473,2616
1473,2714
1473,2793
1473,2922
1473,2938
1473,3217
1473,3715
1473,3774
1473,3785
1473,3814
1473,3822
1473,3932
1473,3962
1473,4035
1473,4105
1473,4118
1473,4124
1473,4132
1473,4137
1473,4155
1473,4158
1473,4210
1473,4230
1473,4417
1473,4538
1473,4656
1473,4675
1473,4702
1473,4754
1473,4762
1473,4890
1473,4920
1473,5232
1473,5284
1473,5325
1473,5418
1473,5419
1473,5433
1473,5520
1473,5522
1473,5523
1473,5536
1473,5552
1473,5559
1473,5566
1473,5570
1473,5635
1473,5637
1473,5649
1473,5664
1473,5671
1473,5673
1473,5685
1473,5692
1473,5699
1473,5702
1473,5709
1473,5710
1473,5712
1473,5717
1473,5724
1473,5732
1473,5740
1473,5750
1473,5765
1473,5768
1473,5769
1473,5791
1473,6056
1473,6085
1473,6100
1473,6114
1473,6116
1473,6143
1473,6148
1473,6154
1473,6158
1473,6165
1473,6219
1474,16
1474,29
1474,30
1474,36
1474,94
1474,145
1474,165
1474,196
1474,203
1474,213
1474,218
1474,260
1474,353
1474,355
1474,372
1474,379
1474,381
1474,385
1474,475
1474,485
1474,496
1474,557
1474,564
1474,571
1474,599
1474,666
1474,705
1474,783
1474,972
1474,1003
1474,1013
1474,1052
1474,1066
1474,1073
1474,1141
1474,1156
1474,1290
1474,1300
1474,1326
1474,1792
1474,1888
1474,2306
1474,2405
1474,2634
1474,2824
1474,3001
1474,3020
1474,3079
1474,3356
1474,3452
1474,3589
1474,3633
1474,3771
1474,3775
1474,3788
1474,3795
1474,3812
1474,3934
1474,4043
1474,4104
1474,4112
1474,4138
1474,4216
1474,4251
1474,4272
1474,4291
1474,4294
1474,4364
1474,4433
1474,4658
1474,4712
1474,4741
1474,4808
1474,4869
1474,4919
1474,4955
1474,5092
1474,5106
1474,5212
1474,5234
1474,5269
1474,5287
1474,5383
1474,5390
1474,5399
1474,5441
1474,5460
1474,5494
1474,5506
1474,5525
1474,5532
1474,5544
1474,5572
1474,5584
1474,5585
1474,5593
1474,5644
1474,5647
1474,5650
1474,5822
1474,5871
1474,5875
1474,5945
1474,5963
1474,5971
1474,5987
1474,6190
1474,6220
1474,6237
1474,6246
1474,6248
1475,50
1475,67
1475,90
1475,129
1475,189
1475,520
1475,540
1475,676
1475,830
1475,926
1475,933
1475,944
1475,1101
1475,1273
1475,1421
1475,1535
1475,1753
1475,1817
1475,2951
1475,3003
1475,3395
1475,4037
1475,4275
1475,4336
1475,4340
1475,4439
1475,4460
1475,4472
1475,4629
1475,4859
1475,5095
1475,5385
1475,5420
1475,5482
1475,5493
1475,5512
1475,5518
1475,5535
1475,5684
1475,5744
1475,5751
1475,5767
1475,6080
1475,6109
1475,6145
1475,6164
1476,9
1476,10
1476,42
1476,108
1476,126
1476,139
1476,140
1476,200
1476,254
1476,279
1476,300
1476,315
1476,364
1476,391
1476,458
1476,483
1476,562
1476,639
1476,916
1476,1317
1476,1402
1476,2077
1476,2314
1476,2368
1476,2555
1476,2844
1476,3744
1476,3769
1476,4656
1476,4702
1476,4731
1476,4988
1476,5054
1476,5386
1476,5491
1476,5589
1477,66
1477,88
1477,128
1477,213
1477,217
1477,285
1477,286
1477,350
1477,412
1477,471
1477,475
1477,565
1477,681
1477,748
1477,991
1477,1199
1477,2306
1477,2740
1477,3452
1477,3501
1477,3562
1477,3589
1477,3694
1477,3775
1477,3934
1477,4272
1477,4304
1477,4865
1477,4869
1477,4962
1477,5069
1477,5092
1477,5284
1477,5479
1477,5702
1477,5738
1477,5769
1477,5912
1477,6050
1477,6076
1477,6111
1477,6114
1477,6154
1477,6158
1477,6234
1478,14
1478,35
1478,78
1478,121
1478,138
1478,230
1478,428
1478,460
1478,564
1478,572
1478,573
1478,599
1478,690
1478,768
1478,801
1478,830
1478,1204
1478,1229
1478,1274
1478,1345
1478,1753
1478,1764
1478,2128
1478,3260
1478,3395
1478,4301
1478,4311
1478,4538
1478,4777
1478,4997
1478,5234
1478,5403
1478,5510
1478,5552
1478,5566
1478,5570
1478,5601
1478,5637
1478,5671
1478,5791
1478,6070
1478,6219
1479,24
1479,43
1479,67
1479,89
1479,108
1479,140
1479,355
1479,398
1479,562
1479,571
1479,610
1479,782
1479,962
1479,1190
1479,1540
1479,1955
1479,2405
1479,3656
1479,3744
1479,4364
1479,4656
1479,4754
1479,6117
1480,29
1480,196
1480,663
1480,748
1480,1073
1480,3409
1480,4806
1480,5455
1481,90
1481,129
1481,478
1481,4460
1481,4629
1482,69
1482,200
1482,258
1482,288
1482,315
1482,364
1482,389
1482,639
1482,641
1482,1777
1482,3589
1482,4890
1482,5232
1483,14
1483,35
1483,121
1483,230
1483,340
1483,344
1483,430
1483,564
1483,1066
1483,1753
1483,2306
1483,3452
1483,3775
1483,4869
1484,367
1484,391
1484,562
1484,683
1484,830
1484,1210
1484,1317
1484,1568
1484,1800
1484,2368
1484,3395
1484,3744
1484,4656
1484,4988
1484,4997
1485,25
1485,75
1485,300
1485,412
1485,471
1485,663
1485,748
1485,3501
1485,3562
1485,3694
1485,4304
1485,4865
1485,4962
1485,6234
1486,165
1486,531
1486,573
1486,768
1486,1204
1486,1274
1486,1345
1486,1764
1486,2128
1486,2555
1486,2616
1486,2938
1486,4293
1486,4538
1486,5187
1486,5403
1486,5510
1486,5566
1486,5570
1486,5637
1486,5671
1486,5684
1486,5702
1486,5791
1486,6114
1486,6219
1487,36
1487,70
1487,78
1487,88
1487,89
1487,108
1487,140
1487,393
1487,431
1487,485
1487,549
1487,557
1487,599
1487,1052
1487,1156
1487,2405
1487,4364
1487,4754
1488,24
1488,29
1488,67
1488,90
1488,232
1488,355
1488,410
1488,782
1488,1073
1488,1198
1488,1421
1488,1817
1488,4460
1489,196
1489,279
1489,5127
1490,5385
