timestep,cycles,synops,total,aPN1,vPN1,pC1,pIP10,pMP2,event_count,flags,event_start,state_saturation,accumulator_saturation,deadline_miss,event_overflow
0,43954,0,0,0,0,0,0,0,0,0,0,0,0,0,0
1,43954,0,0,0,0,0,0,0,0,0,0,0,0,0,0
2,43954,0,0,0,0,0,0,0,0,0,0,0,0,0,0
3,43954,0,0,0,0,0,0,0,0,0,0,0,0,0,0
4,43954,0,0,0,0,0,0,0,0,0,0,0,0,0,0
5,43954,0,0,0,0,0,0,0,0,0,0,0,0,0,0
6,43954,0,0,0,0,0,0,0,0,0,0,0,0,0,0
7,43954,0,0,0,0,0,0,0,0,0,0,0,0,0,0
8,43954,0,0,0,0,0,0,0,0,0,0,0,0,0,0
9,43954,0,0,0,0,0,0,0,0,0,0,0,0,0,0
10,43954,0,0,0,0,0,0,0,0,0,0,0,0,0,0
11,43954,0,0,0,0,0,0,0,0,0,0,0,0,0,0
12,43954,0,0,0,0,0,0,0,0,0,0,0,0,0,0
13,43954,0,0,0,0,0,0,0,0,0,0,0,0,0,0
14,43954,0,0,0,0,0,0,0,0,0,0,0,0,0,0
15,43954,0,0,0,0,0,0,0,0,0,0,0,0,0,0
16,43954,0,0,0,0,0,0,0,0,0,0,0,0,0,0
17,43954,0,0,0,0,0,0,0,0,0,0,0,0,0,0
18,43954,0,0,0,0,0,0,0,0,0,0,0,0,0,0
19,43954,0,0,0,0,0,0,0,0,0,0,0,0,0,0
20,43954,0,0,0,0,0,0,0,0,0,0,0,0,0,0
21,43954,0,0,0,0,0,0,0,0,0,0,0,0,0,0
22,43954,0,0,0,0,0,0,0,0,0,0,0,0,0,0
23,43954,0,0,0,0,0,0,0,0,0,0,0,0,0,0
24,43954,0,0,0,0,0,0,0,0,0,0,0,0,0,0
25,43954,0,0,0,0,0,0,0,0,0,0,0,0,0,0
26,43954,0,0,0,0,0,0,0,0,0,0,0,0,0,0
27,43954,0,0,0,0,0,0,0,0,0,0,0,0,0,0
28,43954,0,0,0,0,0,0,0,0,0,0,0,0,0,0
29,43954,0,0,0,0,0,0,0,0,0,0,0,0,0,0
30,43954,0,0,0,0,0,0,0,0,0,0,0,0,0,0
31,43954,0,0,0,0,0,0,0,0,0,0,0,0,0,0
32,43954,0,0,0,0,0,0,0,0,0,0,0,0,0,0
33,43954,0,0,0,0,0,0,0,0,0,0,0,0,0,0
34,43954,0,0,0,0,0,0,0,0,0,0,0,0,0,0
35,43954,0,0,0,0,0,0,0,0,0,0,0,0,0,0
36,43954,0,0,0,0,0,0,0,0,0,0,0,0,0,0
37,43954,0,0,0,0,0,0,0,0,0,0,0,0,0,0
38,43954,0,0,0,0,0,0,0,0,0,0,0,0,0,0
39,43954,0,0,0,0,0,0,0,0,0,0,0,0,0,0
40,43954,0,0,0,0,0,0,0,0,0,0,0,0,0,0
41,43954,0,0,0,0,0,0,0,0,0,0,0,0,0,0
42,43954,0,0,0,0,0,0,0,0,0,0,0,0,0,0
43,43954,0,0,0,0,0,0,0,0,0,0,0,0,0,0
44,43954,0,0,0,0,0,0,0,0,0,0,0,0,0,0
45,43954,0,0,0,0,0,0,0,0,0,0,0,0,0,0
46,43954,0,0,0,0,0,0,0,0,0,0,0,0,0,0
47,43954,0,0,0,0,0,0,0,0,0,0,0,0,0,0
48,43954,0,0,0,0,0,0,0,0,0,0,0,0,0,0
49,43954,0,0,0,0,0,0,0,0,0,0,0,0,0,0
50,43954,0,0,0,0,0,0,0,0,0,0,0,0,0,0
51,43954,0,0,0,0,0,0,0,0,0,0,0,0,0,0
52,43954,0,0,0,0,0,0,0,0,0,0,0,0,0,0
53,43954,0,0,0,0,0,0,0,0,0,0,0,0,0,0
54,43954,0,0,0,0,0,0,0,0,0,0,0,0,0,0
55,43954,0,0,0,0,0,0,0,0,0,0,0,0,0,0
56,43954,0,0,0,0,0,0,0,0,0,0,0,0,0,0
57,43954,0,0,0,0,0,0,0,0,0,0,0,0,0,0
58,43954,0,0,0,0,0,0,0,0,0,0,0,0,0,0
59,43954,0,0,0,0,0,0,0,0,0,0,0,0,0,0
60,43954,0,0,0,0,0,0,0,0,0,0,0,0,0,0
61,43954,0,0,0,0,0,0,0,0,0,0,0,0,0,0
62,43954,0,0,0,0,0,0,0,0,0,0,0,0,0,0
63,43954,0,0,0,0,0,0,0,0,0,0,0,0,0,0
64,43954,0,0,0,0,0,0,0,0,0,0,0,0,0,0
65,43954,0,0,0,0,0,0,0,0,0,0,0,0,0,0
66,43954,0,0,0,0,0,0,0,0,0,0,0,0,0,0
67,43954,0,0,0,0,0,0,0,0,0,0,0,0,0,0
68,43954,0,0,0,0,0,0,0,0,0,0,0,0,0,0
69,43954,0,0,0,0,0,0,0,0,0,0,0,0,0,0
70,43954,0,0,0,0,0,0,0,0,0,0,0,0,0,0
71,43954,0,0,0,0,0,0,0,0,0,0,0,0,0,0
72,43954,0,0,0,0,0,0,0,0,0,0,0,0,0,0
73,43954,0,0,0,0,0,0,0,0,0,0,0,0,0,0
74,43954,0,0,0,0,0,0,0,0,0,0,0,0,0,0
75,43954,0,0,0,0,0,0,0,0,0,0,0,0,0,0
76,43954,0,0,0,0,0,0,0,0,0,0,0,0,0,0
77,43954,0,0,0,0,0,0,0,0,0,0,0,0,0,0
78,43954,0,0,0,0,0,0,0,0,0,0,0,0,0,0
79,43954,0,0,0,0,0,0,0,0,0,0,0,0,0,0
80,43954,0,0,0,0,0,0,0,0,0,0,0,0,0,0
81,43954,0,0,0,0,0,0,0,0,0,0,0,0,0,0
82,43954,0,0,0,0,0,0,0,0,0,0,0,0,0,0
83,43954,0,0,0,0,0,0,0,0,0,0,0,0,0,0
84,43954,0,0,0,0,0,0,0,0,0,0,0,0,0,0
85,43954,0,0,0,0,0,0,0,0,0,0,0,0,0,0
86,43954,0,0,0,0,0,0,0,0,0,0,0,0,0,0
87,43954,0,0,0,0,0,0,0,0,0,0,0,0,0,0
88,43954,0,0,0,0,0,0,0,0,0,0,0,0,0,0
89,43954,0,0,0,0,0,0,0,0,0,0,0,0,0,0
90,43954,0,0,0,0,0,0,0,0,0,0,0,0,0,0
91,43954,0,0,0,0,0,0,0,0,0,0,0,0,0,0
92,43954,0,0,0,0,0,0,0,0,0,0,0,0,0,0
93,43954,0,0,0,0,0,0,0,0,0,0,0,0,0,0
94,43954,0,0,0,0,0,0,0,0,0,0,0,0,0,0
95,43954,0,0,0,0,0,0,0,0,0,0,0,0,0,0
96,43954,0,0,0,0,0,0,0,0,0,0,0,0,0,0
97,43954,0,0,0,0,0,0,0,0,0,0,0,0,0,0
98,43954,0,0,0,0,0,0,0,0,0,0,0,0,0,0
99,43954,0,0,0,0,0,0,0,0,0,0,0,0,0,0
100,51106,2260,93,0,0,0,0,0,0,0,0,0,0,0,0
101,78304,11266,138,6,0,0,0,0,0,0,0,0,0,0,0
102,124913,26557,322,0,2,0,0,0,0,0,0,0,0,0,0
103,199699,51067,636,0,4,14,0,0,0,0,0,0,0,0,0
104,167048,40210,616,0,1,29,2,0,0,0,0,0,0,0,0
105,106037,20233,346,0,1,9,0,2,0,0,0,0,0,0,0
106,96768,17302,227,0,0,2,0,0,0,0,0,0,0,0,0
107,65567,7075,97,0,0,2,0,0,0,0,0,0,0,0,0
108,56807,4207,58,0,0,2,0,1,0,0,0,0,0,0,0
109,58309,4693,69,0,0,1,0,1,0,0,0,0,0,0,0
110,53456,3098,52,0,0,0,0,0,0,0,0,0,0,0,0
111,49245,1729,26,0,0,0,0,0,0,0,0,0,0,0,0
112,45880,626,12,0,0,0,0,0,0,0,0,0,0,0,0
113,45254,424,7,0,0,0,0,0,0,0,0,0,0,0,0
114,49447,1799,24,0,0,0,0,0,0,0,0,0,0,0,0
115,45489,497,11,0,0,0,0,0,0,0,0,0,0,0,0
116,45761,589,10,0,0,0,0,0,0,0,0,0,0,0,0
117,44157,65,2,0,0,0,0,0,0,0,0,0,0,0,0
118,45232,418,6,0,0,0,0,0,0,0,0,0,0,0,0
119,43954,0,0,0,0,0,0,0,0,0,0,0,0,0,0
120,43954,0,0,0,0,0,0,0,0,0,0,0,0,0,0
121,43954,0,0,0,0,0,0,0,0,0,0,0,0,0,0
122,43954,0,0,0,0,0,0,0,0,0,0,0,0,0,0
123,43954,0,0,0,0,0,0,0,0,0,0,0,0,0,0
124,43954,0,0,0,0,0,0,0,0,0,0,0,0,0,0
125,43954,0,0,0,0,0,0,0,0,0,0,0,0,0,0
126,43954,0,0,0,0,0,0,0,0,0,0,0,0,0,0
127,43954,0,0,0,0,0,0,0,0,0,0,0,0,0,0
128,43954,0,0,0,0,0,0,0,0,0,0,0,0,0,0
129,43954,0,0,0,0,0,0,0,0,0,0,0,0,0,0
130,43954,0,0,0,0,0,0,0,0,0,0,0,0,0,0
131,43954,0,0,0,0,0,0,0,0,0,0,0,0,0,0
132,43954,0,0,0,0,0,0,0,0,0,0,0,0,0,0
133,43954,0,0,0,0,0,0,0,0,0,0,0,0,0,0
134,43954,0,0,0,0,0,0,0,0,0,0,0,0,0,0
135,43954,0,0,0,0,0,0,0,0,0,0,0,0,0,0
136,43954,0,0,0,0,0,0,0,0,0,0,0,0,0,0
137,43954,0,0,0,0,0,0,0,0,0,0,0,0,0,0
138,43954,0,0,0,0,0,0,0,0,0,0,0,0,0,0
139,43954,0,0,0,0,0,0,0,0,0,0,0,0,0,0
140,43954,0,0,0,0,0,0,0,0,0,0,0,0,0,0
141,43954,0,0,0,0,0,0,0,0,0,0,0,0,0,0
142,43954,0,0,0,0,0,0,0,0,0,0,0,0,0,0
143,43954,0,0,0,0,0,0,0,0,0,0,0,0,0,0
144,43954,0,0,0,0,0,0,0,0,0,0,0,0,0,0
145,43954,0,0,0,0,0,0,0,0,0,0,0,0,0,0
146,43954,0,0,0,0,0,0,0,0,0,0,0,0,0,0
147,43954,0,0,0,0,0,0,0,0,0,0,0,0,0,0
148,43954,0,0,0,0,0,0,0,0,0,0,0,0,0,0
149,43954,0,0,0,0,0,0,0,0,0,0,0,0,0,0
150,43954,0,0,0,0,0,0,0,0,0,0,0,0,0,0
151,43954,0,0,0,0,0,0,0,0,0,0,0,0,0,0
152,43954,0,0,0,0,0,0,0,0,0,0,0,0,0,0
153,43954,0,0,0,0,0,0,0,0,0,0,0,0,0,0
154,43954,0,0,0,0,0,0,0,0,0,0,0,0,0,0
155,43954,0,0,0,0,0,0,0,0,0,0,0,0,0,0
156,43954,0,0,0,0,0,0,0,0,0,0,0,0,0,0
157,43954,0,0,0,0,0,0,0,0,0,0,0,0,0,0
158,43954,0,0,0,0,0,0,0,0,0,0,0,0,0,0
159,43954,0,0,0,0,0,0,0,0,0,0,0,0,0,0
160,43954,0,0,0,0,0,0,0,0,0,0,0,0,0,0
161,43954,0,0,0,0,0,0,0,0,0,0,0,0,0,0
162,43954,0,0,0,0,0,0,0,0,0,0,0,0,0,0
163,43954,0,0,0,0,0,0,0,0,0,0,0,0,0,0
164,43954,0,0,0,0,0,0,0,0,0,0,0,0,0,0
165,51106,2260,93,0,0,0,0,0,0,0,0,0,0,0,0
166,77012,10842,133,6,0,0,0,0,0,0,0,0,0,0,0
167,113198,22708,280,0,2,0,0,0,0,0,0,0,0,0,0
168,164239,39435,495,0,4,10,0,0,0,0,0,0,0,0,0
169,161770,38540,549,0,0,37,0,0,0,0,0,0,0,0,0
170,120185,24873,403,0,0,11,2,2,0,0,0,0,0,0,0
171,95758,16920,261,0,0,1,0,0,0,0,0,0,0,0,0
172,62459,6031,103,0,0,2,0,0,0,0,0,0,0,0,0
173,58288,4706,54,0,0,0,0,0,0,0,0,0,0,0,0
174,49487,1807,28,0,0,2,0,0,0,0,0,0,0,0,0
175,51227,2379,34,0,0,0,0,0,0,0,0,0,0,0,0
176,46612,866,15,0,0,0,0,0,0,0,0,0,0,0,0
177,44617,213,6,0,0,0,0,0,0,0,0,0,0,0,0
178,45397,473,6,0,0,0,0,0,0,0,0,0,0,0,0
179,44157,65,2,0,0,0,0,0,0,0,0,0,0,0,0
180,43979,7,1,0,0,0,0,0,0,0,0,0,0,0,0
181,43954,0,0,0,0,0,0,0,0,0,0,0,0,0,0
182,43954,0,0,0,0,0,0,0,0,0,0,0,0,0,0
183,43954,0,0,0,0,0,0,0,0,0,0,0,0,0,0
184,43954,0,0,0,0,0,0,0,0,0,0,0,0,0,0
185,43954,0,0,0,0,0,0,0,0,0,0,0,0,0,0
186,43954,0,0,0,0,0,0,0,0,0,0,0,0,0,0
187,43954,0,0,0,0,0,0,0,0,0,0,0,0,0,0
188,43954,0,0,0,0,0,0,0,0,0,0,0,0,0,0
189,43954,0,0,0,0,0,0,0,0,0,0,0,0,0,0
190,43954,0,0,0,0,0,0,0,0,0,0,0,0,0,0
191,43954,0,0,0,0,0,0,0,0,0,0,0,0,0,0
192,43954,0,0,0,0,0,0,0,0,0,0,0,0,0,0
193,43954,0,0,0,0,0,0,0,0,0,0,0,0,0,0
194,43954,0,0,0,0,0,0,0,0,0,0,0,0,0,0
195,43954,0,0,0,0,0,0,0,0,0,0,0,0,0,0
196,43954,0,0,0,0,0,0,0,0,0,0,0,0,0,0
197,43954,0,0,0,0,0,0,0,0,0,0,0,0,0,0
198,43954,0,0,0,0,0,0,0,0,0,0,0,0,0,0
199,43954,0,0,0,0,0,0,0,0,0,0,0,0,0,0
200,43954,0,0,0,0,0,0,0,0,0,0,0,0,0,0
201,43954,0,0,0,0,0,0,0,0,0,0,0,0,0,0
202,43954,0,0,0,0,0,0,0,0,0,0,0,0,0,0
203,43954,0,0,0,0,0,0,0,0,0,0,0,0,0,0
204,43954,0,0,0,0,0,0,0,0,0,0,0,0,0,0
205,43954,0,0,0,0,0,0,0,0,0,0,0,0,0,0
206,43954,0,0,0,0,0,0,0,0,0,0,0,0,0,0
207,43954,0,0,0,0,0,0,0,0,0,0,0,0,0,0
208,43954,0,0,0,0,0,0,0,0,0,0,0,0,0,0
209,43954,0,0,0,0,0,0,0,0,0,0,0,0,0,0
210,43954,0,0,0,0,0,0,0,0,0,0,0,0,0,0
211,43954,0,0,0,0,0,0,0,0,0,0,0,0,0,0
212,43954,0,0,0,0,0,0,0,0,0,0,0,0,0,0
213,43954,0,0,0,0,0,0,0,0,0,0,0,0,0,0
214,43954,0,0,0,0,0,0,0,0,0,0,0,0,0,0
215,43954,0,0,0,0,0,0,0,0,0,0,0,0,0,0
216,43954,0,0,0,0,0,0,0,0,0,0,0,0,0,0
217,43954,0,0,0,0,0,0,0,0,0,0,0,0,0,0
218,43954,0,0,0,0,0,0,0,0,0,0,0,0,0,0
219,43954,0,0,0,0,0,0,0,0,0,0,0,0,0,0
220,43954,0,0,0,0,0,0,0,0,0,0,0,0,0,0
221,43954,0,0,0,0,0,0,0,0,0,0,0,0,0,0
222,43954,0,0,0,0,0,0,0,0,0,0,0,0,0,0
223,43954,0,0,0,0,0,0,0,0,0,0,0,0,0,0
224,43954,0,0,0,0,0,0,0,0,0,0,0,0,0,0
225,43954,0,0,0,0,0,0,0,0,0,0,0,0,0,0
226,43954,0,0,0,0,0,0,0,0,0,0,0,0,0,0
227,43954,0,0,0,0,0,0,0,0,0,0,0,0,0,0
228,43954,0,0,0,0,0,0,0,0,0,0,0,0,0,0
229,43954,0,0,0,0,0,0,0,0,0,0,0,0,0,0
230,51106,2260,93,0,0,0,0,0,0,0,0,0,0,0,0
231,76416,10646,131,6,0,0,0,0,0,0,0,0,0,0,0
232,115231,23387,279,0,2,0,0,0,0,0,0,0,0,0,0
233,170169,41401,503,0,4,12,0,0,0,0,0,0,0,0,0
234,154160,36046,517,0,0,32,0,1,0,0,0,0,0,0,0
235,103505,19417,325,0,0,9,2,1,0,0,0,0,0,0,0
236,92565,15857,260,0,0,2,0,0,0,0,0,0,0,0,0
237,57068,4270,76,0,0,0,0,0,0,0,0,0,0,0,0
238,52370,2768,28,0,0,0,0,0,0,0,0,0,0,0,0
239,47421,1133,17,0,0,0,0,0,0,0,0,0,0,0,0
240,47095,1027,15,0,0,0,0,0,0,0,0,0,0,0,0
241,51025,2325,24,0,0,0,0,0,0,0,0,0,0,0,0
242,46718,900,16,0,0,0,0,0,0,0,0,0,0,0,0
243,50617,2189,24,0,0,0,0,0,0,0,0,0,0,0,0
244,45469,497,6,0,0,0,0,0,0,0,0,0,0,0,0
245,44148,62,2,0,0,0,0,0,0,0,0,0,0,0,0
246,43954,0,0,0,0,0,0,0,0,0,0,0,0,0,0
247,43954,0,0,0,0,0,0,0,0,0,0,0,0,0,0
248,43954,0,0,0,0,0,0,0,0,0,0,0,0,0,0
249,43954,0,0,0,0,0,0,0,0,0,0,0,0,0,0
250,43954,0,0,0,0,0,0,0,0,0,0,0,0,0,0
251,43954,0,0,0,0,0,0,0,0,0,0,0,0,0,0
252,43954,0,0,0,0,0,0,0,0,0,0,0,0,0,0
253,43954,0,0,0,0,0,0,0,0,0,0,0,0,0,0
254,43954,0,0,0,0,0,0,0,0,0,0,0,0,0,0
255,43954,0,0,0,0,0,0,0,0,0,0,0,0,0,0
256,43954,0,0,0,0,0,0,0,0,0,0,0,0,0,0
257,43954,0,0,0,0,0,0,0,0,0,0,0,0,0,0
258,43954,0,0,0,0,0,0,0,0,0,0,0,0,0,0
259,43954,0,0,0,0,0,0,0,0,0,0,0,0,0,0
260,43954,0,0,0,0,0,0,0,0,0,0,0,0,0,0
261,43954,0,0,0,0,0,0,0,0,0,0,0,0,0,0
262,43954,0,0,0,0,0,0,0,0,0,0,0,0,0,0
263,43954,0,0,0,0,0,0,0,0,0,0,0,0,0,0
264,43954,0,0,0,0,0,0,0,0,0,0,0,0,0,0
265,43954,0,0,0,0,0,0,0,0,0,0,0,0,0,0
266,43954,0,0,0,0,0,0,0,0,0,0,0,0,0,0
267,43954,0,0,0,0,0,0,0,0,0,0,0,0,0,0
268,43954,0,0,0,0,0,0,0,0,0,0,0,0,0,0
269,43954,0,0,0,0,0,0,0,0,0,0,0,0,0,0
270,43954,0,0,0,0,0,0,0,0,0,0,0,0,0,0
271,43954,0,0,0,0,0,0,0,0,0,0,0,0,0,0
272,43954,0,0,0,0,0,0,0,0,0,0,0,0,0,0
273,43954,0,0,0,0,0,0,0,0,0,0,0,0,0,0
274,43954,0,0,0,0,0,0,0,0,0,0,0,0,0,0
275,43954,0,0,0,0,0,0,0,0,0,0,0,0,0,0
276,43954,0,0,0,0,0,0,0,0,0,0,0,0,0,0
277,43954,0,0,0,0,0,0,0,0,0,0,0,0,0,0
278,43954,0,0,0,0,0,0,0,0,0,0,0,0,0,0
279,43954,0,0,0,0,0,0,0,0,0,0,0,0,0,0
280,43954,0,0,0,0,0,0,0,0,0,0,0,0,0,0
281,43954,0,0,0,0,0,0,0,0,0,0,0,0,0,0
282,43954,0,0,0,0,0,0,0,0,0,0,0,0,0,0
283,43954,0,0,0,0,0,0,0,0,0,0,0,0,0,0
284,43954,0,0,0,0,0,0,0,0,0,0,0,0,0,0
285,43954,0,0,0,0,0,0,0,0,0,0,0,0,0,0
286,43954,0,0,0,0,0,0,0,0,0,0,0,0,0,0
287,43954,0,0,0,0,0,0,0,0,0,0,0,0,0,0
288,43954,0,0,0,0,0,0,0,0,0,0,0,0,0,0
289,43954,0,0,0,0,0,0,0,0,0,0,0,0,0,0
290,43954,0,0,0,0,0,0,0,0,0,0,0,0,0,0
291,43954,0,0,0,0,0,0,0,0,0,0,0,0,0,0
292,43954,0,0,0,0,0,0,0,0,0,0,0,0,0,0
293,43954,0,0,0,0,0,0,0,0,0,0,0,0,0,0
294,43954,0,0,0,0,0,0,0,0,0,0,0,0,0,0
295,51106,2260,93,0,0,0,0,0,0,0,0,0,0,0,0
296,76675,10731,132,6,0,0,0,0,0,0,0,0,0,0,0
297,113756,22906,271,0,2,0,0,0,0,0,0,0,0,0,0
298,172111,42027,519,0,4,12,0,0,0,0,0,0,0,0,0
299,148952,34346,490,0,0,32,0,0,0,0,0,0,0,0,0
300,107597,20765,337,0,0,8,2,1,0,0,0,0,0,0,0
301,99332,18110,262,0,0,2,0,0,0,0,0,0,0,0,0
302,64659,6747,116,0,0,1,0,0,0,0,0,0,0,0,0
303,56143,3999,48,0,0,3,0,0,0,0,0,0,0,0,0
304,50593,2169,33,0,0,2,0,0,0,0,0,0,0,0,0
305,52967,2975,22,0,0,0,0,0,0,0,0,0,0,0,0
306,54192,3370,32,0,0,0,0,0,0,0,0,0,0,0,0
307,48289,1417,21,0,0,0,0,0,0,0,0,0,0,0,0
308,45310,440,9,0,0,0,0,0,0,0,0,0,0,0,0
309,45244,418,9,0,0,0,0,0,0,0,0,0,0,0,0
310,44807,279,4,0,0,0,0,0,0,0,0,0,0,0,0
311,43954,0,0,0,0,0,0,0,0,0,0,0,0,0,0
312,43954,0,0,0,0,0,0,0,0,0,0,0,0,0,0
313,43954,0,0,0,0,0,0,0,0,0,0,0,0,0,0
314,43954,0,0,0,0,0,0,0,0,0,0,0,0,0,0
315,43954,0,0,0,0,0,0,0,0,0,0,0,0,0,0
316,43954,0,0,0,0,0,0,0,0,0,0,0,0,0,0
317,43954,0,0,0,0,0,0,0,0,0,0,0,0,0,0
318,43954,0,0,0,0,0,0,0,0,0,0,0,0,0,0
319,43954,0,0,0,0,0,0,0,0,0,0,0,0,0,0
320,43954,0,0,0,0,0,0,0,0,0,0,0,0,0,0
321,43954,0,0,0,0,0,0,0,0,0,0,0,0,0,0
322,43954,0,0,0,0,0,0,0,0,0,0,0,0,0,0
323,43954,0,0,0,0,0,0,0,0,0,0,0,0,0,0
324,43954,0,0,0,0,0,0,0,0,0,0,0,0,0,0
325,43954,0,0,0,0,0,0,0,0,0,0,0,0,0,0
326,43954,0,0,0,0,0,0,0,0,0,0,0,0,0,0
327,43954,0,0,0,0,0,0,0,0,0,0,0,0,0,0
328,43954,0,0,0,0,0,0,0,0,0,0,0,0,0,0
329,43954,0,0,0,0,0,0,0,0,0,0,0,0,0,0
330,43954,0,0,0,0,0,0,0,0,0,0,0,0,0,0
331,43954,0,0,0,0,0,0,0,0,0,0,0,0,0,0
332,43954,0,0,0,0,0,0,0,0,0,0,0,0,0,0
333,43954,0,0,0,0,0,0,0,0,0,0,0,0,0,0
334,43954,0,0,0,0,0,0,0,0,0,0,0,0,0,0
335,43954,0,0,0,0,0,0,0,0,0,0,0,0,0,0
336,43954,0,0,0,0,0,0,0,0,0,0,0,0,0,0
337,43954,0,0,0,0,0,0,0,0,0,0,0,0,0,0
338,43954,0,0,0,0,0,0,0,0,0,0,0,0,0,0
339,43954,0,0,0,0,0,0,0,0,0,0,0,0,0,0
340,43954,0,0,0,0,0,0,0,0,0,0,0,0,0,0
341,43954,0,0,0,0,0,0,0,0,0,0,0,0,0,0
342,43954,0,0,0,0,0,0,0,0,0,0,0,0,0,0
343,43954,0,0,0,0,0,0,0,0,0,0,0,0,0,0
344,43954,0,0,0,0,0,0,0,0,0,0,0,0,0,0
345,43954,0,0,0,0,0,0,0,0,0,0,0,0,0,0
346,43954,0,0,0,0,0,0,0,0,0,0,0,0,0,0
347,43954,0,0,0,0,0,0,0,0,0,0,0,0,0,0
348,43954,0,0,0,0,0,0,0,0,0,0,0,0,0,0
349,43954,0,0,0,0,0,0,0,0,0,0,0,0,0,0
350,43954,0,0,0,0,0,0,0,0,0,0,0,0,0,0
351,43954,0,0,0,0,0,0,0,0,0,0,0,0,0,0
352,43954,0,0,0,0,0,0,0,0,0,0,0,0,0,0
353,43954,0,0,0,0,0,0,0,0,0,0,0,0,0,0
354,43954,0,0,0,0,0,0,0,0,0,0,0,0,0,0
355,43954,0,0,0,0,0,0,0,0,0,0,0,0,0,0
356,43954,0,0,0,0,0,0,0,0,0,0,0,0,0,0
357,43954,0,0,0,0,0,0,0,0,0,0,0,0,0,0
358,43954,0,0,0,0,0,0,0,0,0,0,0,0,0,0
359,43954,0,0,0,0,0,0,0,0,0,0,0,0,0,0
360,51106,2260,93,0,0,0,0,0,0,0,0,0,0,0,0
361,76416,10646,131,6,0,0,0,0,0,0,0,0,0,0,0
362,114681,23209,275,0,2,0,0,0,0,0,0,0,0,0,0
363,167097,40385,497,0,4,12,0,0,0,0,0,0,0,0,0
364,147558,33900,476,0,0,31,0,0,0,0,0,0,0,0,0
365,107489,20737,331,0,0,6,2,2,0,0,0,0,0,0,0
366,87952,14382,213,0,0,2,0,0,0,0,0,0,0,0,0
367,52600,2790,69,0,0,0,0,0,0,0,0,0,0,0,0
368,54635,3511,37,0,0,1,0,0,0,0,0,0,0,0,0
369,55308,3726,44,0,0,0,0,0,0,0,0,0,0,0,0
370,47940,1306,17,0,0,0,0,0,0,0,0,0,0,0,0
371,49133,1705,16,0,0,0,0,0,0,0,0,0,0,0,0
372,44820,278,8,0,0,0,0,0,0,0,0,0,0,0,0
373,44157,65,2,0,0,0,0,0,0,0,0,0,0,0,0
374,44184,74,2,0,0,0,0,0,0,0,0,0,0,0,0
375,43954,0,0,0,0,0,0,0,0,0,0,0,0,0,0
376,43954,0,0,0,0,0,0,0,0,0,0,0,0,0,0
377,43954,0,0,0,0,0,0,0,0,0,0,0,0,0,0
378,43954,0,0,0,0,0,0,0,0,0,0,0,0,0,0
379,43954,0,0,0,0,0,0,0,0,0,0,0,0,0,0
380,43954,0,0,0,0,0,0,0,0,0,0,0,0,0,0
381,43954,0,0,0,0,0,0,0,0,0,0,0,0,0,0
382,43954,0,0,0,0,0,0,0,0,0,0,0,0,0,0
383,43954,0,0,0,0,0,0,0,0,0,0,0,0,0,0
384,43954,0,0,0,0,0,0,0,0,0,0,0,0,0,0
385,43954,0,0,0,0,0,0,0,0,0,0,0,0,0,0
386,43954,0,0,0,0,0,0,0,0,0,0,0,0,0,0
387,43954,0,0,0,0,0,0,0,0,0,0,0,0,0,0
388,43954,0,0,0,0,0,0,0,0,0,0,0,0,0,0
389,43954,0,0,0,0,0,0,0,0,0,0,0,0,0,0
390,43954,0,0,0,0,0,0,0,0,0,0,0,0,0,0
391,43954,0,0,0,0,0,0,0,0,0,0,0,0,0,0
392,43954,0,0,0,0,0,0,0,0,0,0,0,0,0,0
393,43954,0,0,0,0,0,0,0,0,0,0,0,0,0,0
394,43954,0,0,0,0,0,0,0,0,0,0,0,0,0,0
395,43954,0,0,0,0,0,0,0,0,0,0,0,0,0,0
396,43954,0,0,0,0,0,0,0,0,0,0,0,0,0,0
397,43954,0,0,0,0,0,0,0,0,0,0,0,0,0,0
398,43954,0,0,0,0,0,0,0,0,0,0,0,0,0,0
399,43954,0,0,0,0,0,0,0,0,0,0,0,0,0,0
400,43954,0,0,0,0,0,0,0,0,0,0,0,0,0,0
401,43954,0,0,0,0,0,0,0,0,0,0,0,0,0,0
402,43954,0,0,0,0,0,0,0,0,0,0,0,0,0,0
403,43954,0,0,0,0,0,0,0,0,0,0,0,0,0,0
404,43954,0,0,0,0,0,0,0,0,0,0,0,0,0,0
405,43954,0,0,0,0,0,0,0,0,0,0,0,0,0,0
406,43954,0,0,0,0,0,0,0,0,0,0,0,0,0,0
407,43954,0,0,0,0,0,0,0,0,0,0,0,0,0,0
408,43954,0,0,0,0,0,0,0,0,0,0,0,0,0,0
409,43954,0,0,0,0,0,0,0,0,0,0,0,0,0,0
410,43954,0,0,0,0,0,0,0,0,0,0,0,0,0,0
411,43954,0,0,0,0,0,0,0,0,0,0,0,0,0,0
412,43954,0,0,0,0,0,0,0,0,0,0,0,0,0,0
413,43954,0,0,0,0,0,0,0,0,0,0,0,0,0,0
414,43954,0,0,0,0,0,0,0,0,0,0,0,0,0,0
415,43954,0,0,0,0,0,0,0,0,0,0,0,0,0,0
416,43954,0,0,0,0,0,0,0,0,0,0,0,0,0,0
417,43954,0,0,0,0,0,0,0,0,0,0,0,0,0,0
418,43954,0,0,0,0,0,0,0,0,0,0,0,0,0,0
419,43954,0,0,0,0,0,0,0,0,0,0,0,0,0,0
420,43954,0,0,0,0,0,0,0,0,0,0,0,0,0,0
421,43954,0,0,0,0,0,0,0,0,0,0,0,0,0,0
422,43954,0,0,0,0,0,0,0,0,0,0,0,0,0,0
423,43954,0,0,0,0,0,0,0,0,0,0,0,0,0,0
424,43954,0,0,0,0,0,0,0,0,0,0,0,0,0,0
425,51106,2260,93,0,0,0,0,0,0,0,0,0,0,0,0
426,77042,10852,133,6,0,0,0,0,0,0,0,0,0,0,0
427,113148,22702,272,0,2,0,0,0,0,0,0,0,0,0,0
428,171431,41819,505,0,4,12,0,0,0,0,0,0,0,0,0
429,151213,35077,507,0,0,32,1,0,0,0,0,0,0,0,0
430,104958,19896,329,0,0,10,1,1,0,0,0,0,0,0,0
431,101943,18967,272,0,0,2,0,0,0,0,0,0,0,0,0
432,58639,4791,78,0,0,1,0,0,0,0,0,0,0,0,0
433,58869,4897,56,0,0,2,0,0,0,0,0,0,0,0,0
434,49938,1960,26,0,0,2,0,0,0,0,0,0,0,0,0
435,51503,2475,31,0,0,2,0,0,0,0,0,0,0,0,0
436,51808,2578,30,0,0,2,0,0,0,0,0,0,0,0,0
437,47629,1201,18,0,0,1,0,0,0,0,0,0,0,0,0
438,49939,1975,15,0,0,0,0,0,0,0,0,0,0,0,0
439,45258,428,5,0,0,0,0,0,0,0,0,0,0,0,0
440,47772,1254,14,0,0,0,0,0,0,0,0,0,0,0,0
441,48249,1409,17,0,0,0,0,0,0,0,0,0,0,0,0
442,46075,695,9,0,0,0,0,0,0,0,0,0,0,0,0
443,44281,105,3,0,0,0,0,0,0,0,0,0,0,0,0
444,43954,0,0,0,0,0,0,0,0,0,0,0,0,0,0
445,43954,0,0,0,0,0,0,0,0,0,0,0,0,0,0
446,43954,0,0,0,0,0,0,0,0,0,0,0,0,0,0
447,43954,0,0,0,0,0,0,0,0,0,0,0,0,0,0
448,43954,0,0,0,0,0,0,0,0,0,0,0,0,0,0
449,43954,0,0,0,0,0,0,0,0,0,0,0,0,0,0
450,43954,0,0,0,0,0,0,0,0,0,0,0,0,0,0
451,43954,0,0,0,0,0,0,0,0,0,0,0,0,0,0
452,43954,0,0,0,0,0,0,0,0,0,0,0,0,0,0
453,43954,0,0,0,0,0,0,0,0,0,0,0,0,0,0
454,43954,0,0,0,0,0,0,0,0,0,0,0,0,0,0
455,43954,0,0,0,0,0,0,0,0,0,0,0,0,0,0
456,43954,0,0,0,0,0,0,0,0,0,0,0,0,0,0
457,43954,0,0,0,0,0,0,0,0,0,0,0,0,0,0
458,43954,0,0,0,0,0,0,0,0,0,0,0,0,0,0
459,43954,0,0,0,0,0,0,0,0,0,0,0,0,0,0
460,43954,0,0,0,0,0,0,0,0,0,0,0,0,0,0
461,43954,0,0,0,0,0,0,0,0,0,0,0,0,0,0
462,43954,0,0,0,0,0,0,0,0,0,0,0,0,0,0
463,43954,0,0,0,0,0,0,0,0,0,0,0,0,0,0
464,43954,0,0,0,0,0,0,0,0,0,0,0,0,0,0
465,43954,0,0,0,0,0,0,0,0,0,0,0,0,0,0
466,43954,0,0,0,0,0,0,0,0,0,0,0,0,0,0
467,43954,0,0,0,0,0,0,0,0,0,0,0,0,0,0
468,43954,0,0,0,0,0,0,0,0,0,0,0,0,0,0
469,43954,0,0,0,0,0,0,0,0,0,0,0,0,0,0
470,43954,0,0,0,0,0,0,0,0,0,0,0,0,0,0
471,43954,0,0,0,0,0,0,0,0,0,0,0,0,0,0
472,43954,0,0,0,0,0,0,0,0,0,0,0,0,0,0
473,43954,0,0,0,0,0,0,0,0,0,0,0,0,0,0
474,43954,0,0,0,0,0,0,0,0,0,0,0,0,0,0
475,43954,0,0,0,0,0,0,0,0,0,0,0,0,0,0
476,43954,0,0,0,0,0,0,0,0,0,0,0,0,0,0
477,43954,0,0,0,0,0,0,0,0,0,0,0,0,0,0
478,43954,0,0,0,0,0,0,0,0,0,0,0,0,0,0
479,43954,0,0,0,0,0,0,0,0,0,0,0,0,0,0
480,43954,0,0,0,0,0,0,0,0,0,0,0,0,0,0
481,43954,0,0,0,0,0,0,0,0,0,0,0,0,0,0
482,43954,0,0,0,0,0,0,0,0,0,0,0,0,0,0
483,43954,0,0,0,0,0,0,0,0,0,0,0,0,0,0
484,43954,0,0,0,0,0,0,0,0,0,0,0,0,0,0
485,43954,0,0,0,0,0,0,0,0,0,0,0,0,0,0
486,43954,0,0,0,0,0,0,0,0,0,0,0,0,0,0
487,43954,0,0,0,0,0,0,0,0,0,0,0,0,0,0
488,43954,0,0,0,0,0,0,0,0,0,0,0,0,0,0
489,43954,0,0,0,0,0,0,0,0,0,0,0,0,0,0
490,51106,2260,93,0,0,0,0,0,0,0,0,0,0,0,0
491,76675,10731,132,6,0,0,0,0,0,0,0,0,0,0,0
492,112844,22606,268,0,2,0,0,0,0,0,0,0,0,0,0
493,173276,42426,511,0,4,12,0,0,0,0,0,0,0,0,0
494,149927,34651,505,0,0,30,0,0,0,0,0,0,0,0,0
495,112110,22232,365,0,0,7,2,1,0,0,0,0,0,0,0
496,100032,18346,260,0,0,3,0,0,0,0,0,0,0,0,0
497,66646,7396,126,0,0,0,0,0,0,0,0,0,0,0,0
498,66729,7465,95,0,0,0,0,0,0,0,0,0,0,0,0
499,58133,4649,58,0,0,0,0,0,0,0,0,0,0,0,0
500,52364,2766,28,0,0,0,0,0,0,0,0,0,0,0,0
501,55016,3642,34,0,0,0,0,0,0,0,0,0,0,0,0
502,47945,1305,19,0,0,0,0,0,0,0,0,0,0,0,0
503,45596,538,7,0,0,0,0,0,0,0,0,0,0,0,0
504,44605,209,6,0,0,0,0,0,0,0,0,0,0,0,0
505,44343,127,2,0,0,0,0,0,0,0,0,0,0,0,0
506,44200,78,3,0,0,0,0,0,0,0,0,0,0,0,0
507,44859,295,5,0,0,0,0,0,0,0,0,0,0,0,0
508,45722,576,10,0,0,0,0,0,0,0,0,0,0,0,0
509,45010,344,6,0,0,0,0,0,0,0,0,0,0,0,0
510,46757,921,10,0,0,0,0,0,0,0,0,0,0,0,0
511,46078,700,6,0,0,0,0,0,0,0,0,0,0,0,0
512,49221,1733,17,0,0,0,0,0,0,0,0,0,0,0,0
513,49353,1769,23,0,0,0,0,0,0,0,0,0,0,0,0
514,45931,647,9,0,0,0,0,0,0,0,0,0,0,0,0
515,45409,473,9,0,0,0,0,0,0,0,0,0,0,0,0
516,44027,23,1,0,0,0,0,0,0,0,0,0,0,0,0
517,43954,0,0,0,0,0,0,0,0,0,0,0,0,0,0
518,43954,0,0,0,0,0,0,0,0,0,0,0,0,0,0
519,43954,0,0,0,0,0,0,0,0,0,0,0,0,0,0
520,43954,0,0,0,0,0,0,0,0,0,0,0,0,0,0
521,43954,0,0,0,0,0,0,0,0,0,0,0,0,0,0
522,43954,0,0,0,0,0,0,0,0,0,0,0,0,0,0
523,43954,0,0,0,0,0,0,0,0,0,0,0,0,0,0
524,43954,0,0,0,0,0,0,0,0,0,0,0,0,0,0
525,43954,0,0,0,0,0,0,0,0,0,0,0,0,0,0
526,43954,0,0,0,0,0,0,0,0,0,0,0,0,0,0
527,43954,0,0,0,0,0,0,0,0,0,0,0,0,0,0
528,43954,0,0,0,0,0,0,0,0,0,0,0,0,0,0
529,43954,0,0,0,0,0,0,0,0,0,0,0,0,0,0
530,43954,0,0,0,0,0,0,0,0,0,0,0,0,0,0
531,43954,0,0,0,0,0,0,0,0,0,0,0,0,0,0
532,43954,0,0,0,0,0,0,0,0,0,0,0,0,0,0
533,43954,0,0,0,0,0,0,0,0,0,0,0,0,0,0
534,43954,0,0,0,0,0,0,0,0,0,0,0,0,0,0
535,43954,0,0,0,0,0,0,0,0,0,0,0,0,0,0
536,43954,0,0,0,0,0,0,0,0,0,0,0,0,0,0
537,43954,0,0,0,0,0,0,0,0,0,0,0,0,0,0
538,43954,0,0,0,0,0,0,0,0,0,0,0,0,0,0
539,43954,0,0,0,0,0,0,0,0,0,0,0,0,0,0
540,43954,0,0,0,0,0,0,0,0,0,0,0,0,0,0
541,43954,0,0,0,0,0,0,0,0,0,0,0,0,0,0
542,43954,0,0,0,0,0,0,0,0,0,0,0,0,0,0
543,43954,0,0,0,0,0,0,0,0,0,0,0,0,0,0
544,43954,0,0,0,0,0,0,0,0,0,0,0,0,0,0
545,43954,0,0,0,0,0,0,0,0,0,0,0,0,0,0
546,43954,0,0,0,0,0,0,0,0,0,0,0,0,0,0
547,43954,0,0,0,0,0,0,0,0,0,0,0,0,0,0
548,43954,0,0,0,0,0,0,0,0,0,0,0,0,0,0
549,43954,0,0,0,0,0,0,0,0,0,0,0,0,0,0
550,43954,0,0,0,0,0,0,0,0,0,0,0,0,0,0
551,43954,0,0,0,0,0,0,0,0,0,0,0,0,0,0
552,43954,0,0,0,0,0,0,0,0,0,0,0,0,0,0
553,43954,0,0,0,0,0,0,0,0,0,0,0,0,0,0
554,43954,0,0,0,0,0,0,0,0,0,0,0,0,0,0
555,51106,2260,93,0,0,0,0,0,0,0,0,0,0,0,0
556,76783,10767,132,6,0,0,0,0,0,0,0,0,0,0,0
557,112524,22498,269,0,2,0,0,0,0,0,0,0,0,0,0
558,171814,41936,513,0,4,12,0,0,0,0,0,0,0,0,0
559,142988,32406,454,0,0,30,0,0,0,0,0,0,0,0,0
560,97575,17491,287,0,0,9,2,0,0,0,0,0,0,0,0
561,96367,17159,234,0,0,2,0,0,0,0,0,0,0,0,0
562,66509,7341,133,0,0,1,0,0,0,0,0,0,0,0,0
563,60100,5274,81,0,0,3,0,0,0,0,0,0,0,0,0
564,51950,2624,31,0,0,0,0,0,0,0,0,0,0,0,0
565,47530,1160,24,0,0,0,0,0,0,0,0,0,0,0,0
566,53504,3142,31,0,0,0,0,0,0,0,0,0,0,0,0
567,45204,410,5,0,0,0,0,0,0,0,0,0,0,0,0
568,44577,201,5,0,0,0,0,0,0,0,0,0,0,0,0
569,44735,255,4,0,0,0,0,0,0,0,0,0,0,0,0
570,44649,225,5,0,0,0,0,0,0,0,0,0,0,0,0
571,47663,1219,13,0,0,0,0,0,0,0,0,0,0,0,0
572,46126,712,9,0,0,0,0,0,0,0,0,0,0,0,0
573,47534,1180,10,0,0,0,0,0,0,0,0,0,0,0,0
574,45601,537,9,0,0,0,0,0,0,0,0,0,0,0,0
575,43954,0,0,0,0,0,0,0,0,0,0,0,0,0,0
576,43954,0,0,0,0,0,0,0,0,0,0,0,0,0,0
577,43954,0,0,0,0,0,0,0,0,0,0,0,0,0,0
578,43954,0,0,0,0,0,0,0,0,0,0,0,0,0,0
579,43954,0,0,0,0,0,0,0,0,0,0,0,0,0,0
580,43954,0,0,0,0,0,0,0,0,0,0,0,0,0,0
581,43954,0,0,0,0,0,0,0,0,0,0,0,0,0,0
582,43954,0,0,0,0,0,0,0,0,0,0,0,0,0,0
583,43954,0,0,0,0,0,0,0,0,0,0,0,0,0,0
584,43954,0,0,0,0,0,0,0,0,0,0,0,0,0,0
585,43954,0,0,0,0,0,0,0,0,0,0,0,0,0,0
586,43954,0,0,0,0,0,0,0,0,0,0,0,0,0,0
587,43954,0,0,0,0,0,0,0,0,0,0,0,0,0,0
588,43954,0,0,0,0,0,0,0,0,0,0,0,0,0,0
589,43954,0,0,0,0,0,0,0,0,0,0,0,0,0,0
590,43954,0,0,0,0,0,0,0,0,0,0,0,0,0,0
591,43954,0,0,0,0,0,0,0,0,0,0,0,0,0,0
592,43954,0,0,0,0,0,0,0,0,0,0,0,0,0,0
593,43954,0,0,0,0,0,0,0,0,0,0,0,0,0,0
594,43954,0,0,0,0,0,0,0,0,0,0,0,0,0,0
595,43954,0,0,0,0,0,0,0,0,0,0,0,0,0,0
596,43954,0,0,0,0,0,0,0,0,0,0,0,0,0,0
597,43954,0,0,0,0,0,0,0,0,0,0,0,0,0,0
598,43954,0,0,0,0,0,0,0,0,0,0,0,0,0,0
599,43954,0,0,0,0,0,0,0,0,0,0,0,0,0,0
600,43954,0,0,0,0,0,0,0,0,0,0,0,0,0,0
601,43954,0,0,0,0,0,0,0,0,0,0,0,0,0,0
602,43954,0,0,0,0,0,0,0,0,0,0,0,0,0,0
603,43954,0,0,0,0,0,0,0,0,0,0,0,0,0,0
604,43954,0,0,0,0,0,0,0,0,0,0,0,0,0,0
605,43954,0,0,0,0,0,0,0,0,0,0,0,0,0,0
606,43954,0,0,0,0,0,0,0,0,0,0,0,0,0,0
607,43954,0,0,0,0,0,0,0,0,0,0,0,0,0,0
608,43954,0,0,0,0,0,0,0,0,0,0,0,0,0,0
609,43954,0,0,0,0,0,0,0,0,0,0,0,0,0,0
610,43954,0,0,0,0,0,0,0,0,0,0,0,0,0,0
611,43954,0,0,0,0,0,0,0,0,0,0,0,0,0,0
612,43954,0,0,0,0,0,0,0,0,0,0,0,0,0,0
613,43954,0,0,0,0,0,0,0,0,0,0,0,0,0,0
614,43954,0,0,0,0,0,0,0,0,0,0,0,0,0,0
615,43954,0,0,0,0,0,0,0,0,0,0,0,0,0,0
616,43954,0,0,0,0,0,0,0,0,0,0,0,0,0,0
617,43954,0,0,0,0,0,0,0,0,0,0,0,0,0,0
618,43954,0,0,0,0,0,0,0,0,0,0,0,0,0,0
619,43954,0,0,0,0,0,0,0,0,0,0,0,0,0,0
620,51106,2260,93,0,0,0,0,0,0,0,0,0,0,0,0
621,76675,10731,132,6,0,0,0,0,0,0,0,0,0,0,0
622,112618,22528,270,0,2,0,0,0,0,0,0,0,0,0,0
623,170766,41596,506,0,4,12,0,0,0,0,0,0,0,0,0
624,145096,33082,474,0,0,30,0,0,0,0,0,0,0,0,0
625,104694,19824,317,0,0,7,2,0,0,0,0,0,0,0,0
626,98957,17989,259,0,0,2,0,0,0,0,0,0,0,0,0
627,65496,7034,110,0,0,1,0,0,0,0,0,0,0,0,0
628,58828,4874,63,0,0,0,0,0,0,0,0,0,0,0,0
629,55349,3737,46,0,0,0,0,0,0,0,0,0,0,0,0
630,46503,827,17,0,0,0,0,0,0,0,0,0,0,0,0
631,51106,2348,27,0,0,0,0,0,0,0,0,0,0,0,0
632,44435,159,1,0,0,0,0,0,0,0,0,0,0,0,0
633,43954,0,0,0,0,0,0,0,0,0,0,0,0,0,0
634,43954,0,0,0,0,0,0,0,0,0,0,0,0,0,0
635,43954,0,0,0,0,0,0,0,0,0,0,0,0,0,0
636,43954,0,0,0,0,0,0,0,0,0,0,0,0,0,0
637,43954,0,0,0,0,0,0,0,0,0,0,0,0,0,0
638,43954,0,0,0,0,0,0,0,0,0,0,0,0,0,0
639,43954,0,0,0,0,0,0,0,0,0,0,0,0,0,0
640,43954,0,0,0,0,0,0,0,0,0,0,0,0,0,0
641,43954,0,0,0,0,0,0,0,0,0,0,0,0,0,0
642,43954,0,0,0,0,0,0,0,0,0,0,0,0,0,0
643,43954,0,0,0,0,0,0,0,0,0,0,0,0,0,0
644,43954,0,0,0,0,0,0,0,0,0,0,0,0,0,0
645,43954,0,0,0,0,0,0,0,0,0,0,0,0,0,0
646,43954,0,0,0,0,0,0,0,0,0,0,0,0,0,0
647,43954,0,0,0,0,0,0,0,0,0,0,0,0,0,0
648,43954,0,0,0,0,0,0,0,0,0,0,0,0,0,0
649,43954,0,0,0,0,0,0,0,0,0,0,0,0,0,0
650,43954,0,0,0,0,0,0,0,0,0,0,0,0,0,0
651,43954,0,0,0,0,0,0,0,0,0,0,0,0,0,0
652,43954,0,0,0,0,0,0,0,0,0,0,0,0,0,0
653,43954,0,0,0,0,0,0,0,0,0,0,0,0,0,0
654,43954,0,0,0,0,0,0,0,0,0,0,0,0,0,0
655,43954,0,0,0,0,0,0,0,0,0,0,0,0,0,0
656,43954,0,0,0,0,0,0,0,0,0,0,0,0,0,0
657,43954,0,0,0,0,0,0,0,0,0,0,0,0,0,0
658,43954,0,0,0,0,0,0,0,0,0,0,0,0,0,0
659,43954,0,0,0,0,0,0,0,0,0,0,0,0,0,0
660,43954,0,0,0,0,0,0,0,0,0,0,0,0,0,0
661,43954,0,0,0,0,0,0,0,0,0,0,0,0,0,0
662,43954,0,0,0,0,0,0,0,0,0,0,0,0,0,0
663,43954,0,0,0,0,0,0,0,0,0,0,0,0,0,0
664,43954,0,0,0,0,0,0,0,0,0,0,0,0,0,0
665,43954,0,0,0,0,0,0,0,0,0,0,0,0,0,0
666,43954,0,0,0,0,0,0,0,0,0,0,0,0,0,0
667,43954,0,0,0,0,0,0,0,0,0,0,0,0,0,0
668,43954,0,0,0,0,0,0,0,0,0,0,0,0,0,0
669,43954,0,0,0,0,0,0,0,0,0,0,0,0,0,0
670,43954,0,0,0,0,0,0,0,0,0,0,0,0,0,0
671,43954,0,0,0,0,0,0,0,0,0,0,0,0,0,0
672,43954,0,0,0,0,0,0,0,0,0,0,0,0,0,0
673,43954,0,0,0,0,0,0,0,0,0,0,0,0,0,0
674,43954,0,0,0,0,0,0,0,0,0,0,0,0,0,0
675,43954,0,0,0,0,0,0,0,0,0,0,0,0,0,0
676,43954,0,0,0,0,0,0,0,0,0,0,0,0,0,0
677,43954,0,0,0,0,0,0,0,0,0,0,0,0,0,0
678,43954,0,0,0,0,0,0,0,0,0,0,0,0,0,0
679,43954,0,0,0,0,0,0,0,0,0,0,0,0,0,0
680,43954,0,0,0,0,0,0,0,0,0,0,0,0,0,0
681,43954,0,0,0,0,0,0,0,0,0,0,0,0,0,0
682,43954,0,0,0,0,0,0,0,0,0,0,0,0,0,0
683,43954,0,0,0,0,0,0,0,0,0,0,0,0,0,0
684,43954,0,0,0,0,0,0,0,0,0,0,0,0,0,0
685,51106,2260,93,0,0,0,0,0,0,0,0,0,0,0,0
686,76783,10767,132,6,0,0,0,0,0,0,0,0,0,0,0
687,113246,22736,271,0,2,0,0,0,0,0,0,0,0,0,0
688,175069,43009,522,0,4,12,0,0,0,0,0,0,0,0,0
689,151181,35061,511,0,0,33,1,0,0,0,0,0,0,0,0
690,108215,20947,355,0,0,9,1,2,0,0,0,0,0,0,0
691,101326,18764,270,0,0,2,0,0,0,0,0,0,0,0,0
692,66451,7343,117,0,0,1,0,0,0,0,0,0,0,0,0
693,62407,6047,78,0,0,2,0,0,0,0,0,0,0,0,0
694,50487,2139,29,0,0,2,0,0,0,0,0,0,0,0,0
695,46936,974,15,0,0,0,0,0,0,0,0,0,0,0,0
696,52277,2741,25,0,0,0,0,0,0,0,0,0,0,0,0
697,44368,134,3,0,0,0,0,0,0,0,0,0,0,0,0
698,43954,0,0,0,0,0,0,0,0,0,0,0,0,0,0
699,43954,0,0,0,0,0,0,0,0,0,0,0,0,0,0
700,43954,0,0,0,0,0,0,0,0,0,0,0,0,0,0
701,43954,0,0,0,0,0,0,0,0,0,0,0,0,0,0
702,43954,0,0,0,0,0,0,0,0,0,0,0,0,0,0
703,43954,0,0,0,0,0,0,0,0,0,0,0,0,0,0
704,43954,0,0,0,0,0,0,0,0,0,0,0,0,0,0
705,43954,0,0,0,0,0,0,0,0,0,0,0,0,0,0
706,43954,0,0,0,0,0,0,0,0,0,0,0,0,0,0
707,43954,0,0,0,0,0,0,0,0,0,0,0,0,0,0
708,43954,0,0,0,0,0,0,0,0,0,0,0,0,0,0
709,43954,0,0,0,0,0,0,0,0,0,0,0,0,0,0
710,43954,0,0,0,0,0,0,0,0,0,0,0,0,0,0
711,43954,0,0,0,0,0,0,0,0,0,0,0,0,0,0
712,43954,0,0,0,0,0,0,0,0,0,0,0,0,0,0
713,43954,0,0,0,0,0,0,0,0,0,0,0,0,0,0
714,43954,0,0,0,0,0,0,0,0,0,0,0,0,0,0
715,43954,0,0,0,0,0,0,0,0,0,0,0,0,0,0
716,43954,0,0,0,0,0,0,0,0,0,0,0,0,0,0
717,43954,0,0,0,0,0,0,0,0,0,0,0,0,0,0
718,43954,0,0,0,0,0,0,0,0,0,0,0,0,0,0
719,43954,0,0,0,0,0,0,0,0,0,0,0,0,0,0
720,43954,0,0,0,0,0,0,0,0,0,0,0,0,0,0
721,43954,0,0,0,0,0,0,0,0,0,0,0,0,0,0
722,43954,0,0,0,0,0,0,0,0,0,0,0,0,0,0
723,43954,0,0,0,0,0,0,0,0,0,0,0,0,0,0
724,43954,0,0,0,0,0,0,0,0,0,0,0,0,0,0
725,43954,0,0,0,0,0,0,0,0,0,0,0,0,0,0
726,43954,0,0,0,0,0,0,0,0,0,0,0,0,0,0
727,43954,0,0,0,0,0,0,0,0,0,0,0,0,0,0
728,43954,0,0,0,0,0,0,0,0,0,0,0,0,0,0
729,43954,0,0,0,0,0,0,0,0,0,0,0,0,0,0
730,43954,0,0,0,0,0,0,0,0,0,0,0,0,0,0
731,43954,0,0,0,0,0,0,0,0,0,0,0,0,0,0
732,43954,0,0,0,0,0,0,0,0,0,0,0,0,0,0
733,43954,0,0,0,0,0,0,0,0,0,0,0,0,0,0
734,43954,0,0,0,0,0,0,0,0,0,0,0,0,0,0
735,43954,0,0,0,0,0,0,0,0,0,0,0,0,0,0
736,43954,0,0,0,0,0,0,0,0,0,0,0,0,0,0
737,43954,0,0,0,0,0,0,0,0,0,0,0,0,0,0
738,43954,0,0,0,0,0,0,0,0,0,0,0,0,0,0
739,43954,0,0,0,0,0,0,0,0,0,0,0,0,0,0
740,43954,0,0,0,0,0,0,0,0,0,0,0,0,0,0
741,43954,0,0,0,0,0,0,0,0,0,0,0,0,0,0
742,43954,0,0,0,0,0,0,0,0,0,0,0,0,0,0
743,43954,0,0,0,0,0,0,0,0,0,0,0,0,0,0
744,43954,0,0,0,0,0,0,0,0,0,0,0,0,0,0
745,43954,0,0,0,0,0,0,0,0,0,0,0,0,0,0
746,43954,0,0,0,0,0,0,0,0,0,0,0,0,0,0
747,43954,0,0,0,0,0,0,0,0,0,0,0,0,0,0
748,43954,0,0,0,0,0,0,0,0,0,0,0,0,0,0
749,43954,0,0,0,0,0,0,0,0,0,0,0,0,0,0
750,51106,2260,93,0,0,0,0,0,0,0,0,0,0,0,0
751,76416,10646,131,6,0,0,0,0,0,0,0,0,0,0,0
752,115714,23548,279,0,2,0,0,0,0,0,0,0,0,0,0
753,177381,43765,533,0,4,12,0,0,0,0,0,0,0,0,0
754,154082,36028,511,0,0,32,2,0,0,0,0,0,0,0,0
755,111850,22136,372,0,0,9,0,2,0,0,0,0,0,0,0
756,96509,17185,250,0,0,2,0,0,0,0,0,0,0,0,0
757,66924,7506,113,0,0,0,0,0,0,0,0,0,0,0,0
758,57141,4321,56,0,0,0,0,1,0,0,0,0,0,0,0
759,51262,2384,39,0,0,0,0,0,0,0,0,0,0,0,0
760,51871,2579,45,0,0,0,0,0,0,0,0,0,0,0,0
761,56049,3977,41,0,0,0,0,0,0,0,0,0,0,0,0
762,51057,2329,29,0,0,0,0,0,0,0,0,0,0,0,0
763,49001,1649,25,0,0,0,0,0,0,0,0,0,0,0,0
764,44760,262,5,0,0,0,0,0,0,0,0,0,0,0,0
765,44736,254,5,0,0,0,0,0,0,0,0,0,0,0,0
766,44072,38,1,0,0,0,0,0,0,0,0,0,0,0,0
767,43954,0,0,0,0,0,0,0,0,0,0,0,0,0,0
768,43954,0,0,0,0,0,0,0,0,0,0,0,0,0,0
769,43954,0,0,0,0,0,0,0,0,0,0,0,0,0,0
770,43954,0,0,0,0,0,0,0,0,0,0,0,0,0,0
771,43954,0,0,0,0,0,0,0,0,0,0,0,0,0,0
772,43954,0,0,0,0,0,0,0,0,0,0,0,0,0,0
773,43954,0,0,0,0,0,0,0,0,0,0,0,0,0,0
774,43954,0,0,0,0,0,0,0,0,0,0,0,0,0,0
775,43954,0,0,0,0,0,0,0,0,0,0,0,0,0,0
776,43954,0,0,0,0,0,0,0,0,0,0,0,0,0,0
777,43954,0,0,0,0,0,0,0,0,0,0,0,0,0,0
778,43954,0,0,0,0,0,0,0,0,0,0,0,0,0,0
779,43954,0,0,0,0,0,0,0,0,0,0,0,0,0,0
780,43954,0,0,0,0,0,0,0,0,0,0,0,0,0,0
781,43954,0,0,0,0,0,0,0,0,0,0,0,0,0,0
782,43954,0,0,0,0,0,0,0,0,0,0,0,0,0,0
783,43954,0,0,0,0,0,0,0,0,0,0,0,0,0,0
784,43954,0,0,0,0,0,0,0,0,0,0,0,0,0,0
785,43954,0,0,0,0,0,0,0,0,0,0,0,0,0,0
786,43954,0,0,0,0,0,0,0,0,0,0,0,0,0,0
787,43954,0,0,0,0,0,0,0,0,0,0,0,0,0,0
788,43954,0,0,0,0,0,0,0,0,0,0,0,0,0,0
789,43954,0,0,0,0,0,0,0,0,0,0,0,0,0,0
790,43954,0,0,0,0,0,0,0,0,0,0,0,0,0,0
791,43954,0,0,0,0,0,0,0,0,0,0,0,0,0,0
792,43954,0,0,0,0,0,0,0,0,0,0,0,0,0,0
793,43954,0,0,0,0,0,0,0,0,0,0,0,0,0,0
794,43954,0,0,0,0,0,0,0,0,0,0,0,0,0,0
795,43954,0,0,0,0,0,0,0,0,0,0,0,0,0,0
796,43954,0,0,0,0,0,0,0,0,0,0,0,0,0,0
797,43954,0,0,0,0,0,0,0,0,0,0,0,0,0,0
798,43954,0,0,0,0,0,0,0,0,0,0,0,0,0,0
799,43954,0,0,0,0,0,0,0,0,0,0,0,0,0,0
800,43954,0,0,0,0,0,0,0,0,0,0,0,0,0,0
801,43954,0,0,0,0,0,0,0,0,0,0,0,0,0,0
802,43954,0,0,0,0,0,0,0,0,0,0,0,0,0,0
803,43954,0,0,0,0,0,0,0,0,0,0,0,0,0,0
804,43954,0,0,0,0,0,0,0,0,0,0,0,0,0,0
805,43954,0,0,0,0,0,0,0,0,0,0,0,0,0,0
806,43954,0,0,0,0,0,0,0,0,0,0,0,0,0,0
807,43954,0,0,0,0,0,0,0,0,0,0,0,0,0,0
808,43954,0,0,0,0,0,0,0,0,0,0,0,0,0,0
809,43954,0,0,0,0,0,0,0,0,0,0,0,0,0,0
810,43954,0,0,0,0,0,0,0,0,0,0,0,0,0,0
811,43954,0,0,0,0,0,0,0,0,0,0,0,0,0,0
812,43954,0,0,0,0,0,0,0,0,0,0,0,0,0,0
813,43954,0,0,0,0,0,0,0,0,0,0,0,0,0,0
814,43954,0,0,0,0,0,0,0,0,0,0,0,0,0,0
815,51106,2260,93,0,0,0,0,0,0,0,0,0,0,0,0
816,76783,10767,132,6,0,0,0,0,0,0,0,0,0,0,0
817,113157,22705,272,0,2,0,0,0,0,0,0,0,0,0,0
818,172380,42130,509,0,4,10,0,0,0,0,0,0,0,0,0
819,152768,35586,514,0,0,36,0,0,0,0,0,0,0,0,0
820,111816,22134,365,0,0,9,2,2,0,0,0,0,0,0,0
821,100259,18399,277,0,0,1,0,0,0,0,0,0,0,0,0
822,66447,7327,128,0,0,0,0,0,0,0,0,0,0,0,0
823,60454,5412,66,0,0,0,0,0,0,0,0,0,0,0,0
824,57192,4338,56,0,0,0,0,0,0,0,0,0,0,0,0
825,53317,3069,39,0,0,0,0,0,0,0,0,0,0,0,0
826,54667,3523,36,0,0,0,0,0,0,0,0,0,0,0,0
827,44435,159,1,0,0,0,0,0,0,0,0,0,0,0,0
828,43954,0,0,0,0,0,0,0,0,0,0,0,0,0,0
829,43954,0,0,0,0,0,0,0,0,0,0,0,0,0,0
830,43954,0,0,0,0,0,0,0,0,0,0,0,0,0,0
831,43954,0,0,0,0,0,0,0,0,0,0,0,0,0,0
832,43954,0,0,0,0,0,0,0,0,0,0,0,0,0,0
833,43954,0,0,0,0,0,0,0,0,0,0,0,0,0,0
834,43954,0,0,0,0,0,0,0,0,0,0,0,0,0,0
835,43954,0,0,0,0,0,0,0,0,0,0,0,0,0,0
836,43954,0,0,0,0,0,0,0,0,0,0,0,0,0,0
837,43954,0,0,0,0,0,0,0,0,0,0,0,0,0,0
838,43954,0,0,0,0,0,0,0,0,0,0,0,0,0,0
839,43954,0,0,0,0,0,0,0,0,0,0,0,0,0,0
840,43954,0,0,0,0,0,0,0,0,0,0,0,0,0,0
841,43954,0,0,0,0,0,0,0,0,0,0,0,0,0,0
842,43954,0,0,0,0,0,0,0,0,0,0,0,0,0,0
843,43954,0,0,0,0,0,0,0,0,0,0,0,0,0,0
844,43954,0,0,0,0,0,0,0,0,0,0,0,0,0,0
845,43954,0,0,0,0,0,0,0,0,0,0,0,0,0,0
846,43954,0,0,0,0,0,0,0,0,0,0,0,0,0,0
847,43954,0,0,0,0,0,0,0,0,0,0,0,0,0,0
848,43954,0,0,0,0,0,0,0,0,0,0,0,0,0,0
849,43954,0,0,0,0,0,0,0,0,0,0,0,0,0,0
850,43954,0,0,0,0,0,0,0,0,0,0,0,0,0,0
851,43954,0,0,0,0,0,0,0,0,0,0,0,0,0,0
852,43954,0,0,0,0,0,0,0,0,0,0,0,0,0,0
853,43954,0,0,0,0,0,0,0,0,0,0,0,0,0,0
854,43954,0,0,0,0,0,0,0,0,0,0,0,0,0,0
855,43954,0,0,0,0,0,0,0,0,0,0,0,0,0,0
856,43954,0,0,0,0,0,0,0,0,0,0,0,0,0,0
857,43954,0,0,0,0,0,0,0,0,0,0,0,0,0,0
858,43954,0,0,0,0,0,0,0,0,0,0,0,0,0,0
859,43954,0,0,0,0,0,0,0,0,0,0,0,0,0,0
860,43954,0,0,0,0,0,0,0,0,0,0,0,0,0,0
861,43954,0,0,0,0,0,0,0,0,0,0,0,0,0,0
862,43954,0,0,0,0,0,0,0,0,0,0,0,0,0,0
863,43954,0,0,0,0,0,0,0,0,0,0,0,0,0,0
864,43954,0,0,0,0,0,0,0,0,0,0,0,0,0,0
865,43954,0,0,0,0,0,0,0,0,0,0,0,0,0,0
866,43954,0,0,0,0,0,0,0,0,0,0,0,0,0,0
867,43954,0,0,0,0,0,0,0,0,0,0,0,0,0,0
868,43954,0,0,0,0,0,0,0,0,0,0,0,0,0,0
869,43954,0,0,0,0,0,0,0,0,0,0,0,0,0,0
870,43954,0,0,0,0,0,0,0,0,0,0,0,0,0,0
871,43954,0,0,0,0,0,0,0,0,0,0,0,0,0,0
872,43954,0,0,0,0,0,0,0,0,0,0,0,0,0,0
873,43954,0,0,0,0,0,0,0,0,0,0,0,0,0,0
874,43954,0,0,0,0,0,0,0,0,0,0,0,0,0,0
875,43954,0,0,0,0,0,0,0,0,0,0,0,0,0,0
876,43954,0,0,0,0,0,0,0,0,0,0,0,0,0,0
877,43954,0,0,0,0,0,0,0,0,0,0,0,0,0,0
878,43954,0,0,0,0,0,0,0,0,0,0,0,0,0,0
879,43954,0,0,0,0,0,0,0,0,0,0,0,0,0,0
880,51106,2260,93,0,0,0,0,0,0,0,0,0,0,0,0
881,76416,10646,131,6,0,0,0,0,0,0,0,0,0,0,0
882,114811,23251,276,0,2,0,0,0,0,0,0,0,0,0,0
883,176165,43369,526,0,4,12,0,0,0,0,0,0,0,0,0
884,148326,34128,497,0,0,32,2,0,0,0,0,0,0,0,0
885,111146,21908,367,0,0,7,0,2,0,0,0,0,0,0,0
886,98635,17883,258,0,0,3,0,0,0,0,0,0,0,0,0
887,69206,8264,115,0,0,0,0,0,0,0,0,0,0,0,0
888,55917,3901,65,0,0,0,0,1,0,0,0,0,0,0,0
889,50600,2162,40,0,0,0,0,0,0,0,0,0,0,0,0
890,53832,3226,50,0,0,0,0,0,0,0,0,0,0,0,0
891,52286,2724,40,0,0,0,0,0,0,0,0,0,0,0,0
892,48809,1585,25,0,0,0,0,0,0,0,0,0,0,0,0
893,46326,768,17,0,0,0,0,0,0,0,0,0,0,0,0
894,46207,735,12,0,0,0,0,0,0,0,0,0,0,0,0
895,45551,519,10,0,0,0,0,0,0,0,0,0,0,0,0
896,48589,1525,15,0,0,0,0,0,0,0,0,0,0,0,0
897,50051,2011,16,0,0,0,0,0,0,0,0,0,0,0,0
898,49020,1662,20,0,0,0,0,0,0,0,0,0,0,0,0
899,59504,5094,67,0,0,0,0,0,0,0,0,0,0,0,0
900,51088,2322,42,0,0,0,0,0,0,0,0,0,0,0,0
901,52191,2687,44,0,0,0,0,0,0,0,0,0,0,0,0
902,51997,2637,33,0,0,0,0,0,0,0,0,0,0,0,0
903,49738,1900,21,0,0,0,0,0,0,0,0,0,0,0,0
904,46544,846,13,0,0,0,0,0,0,0,0,0,0,0,0
905,46161,725,8,0,0,0,0,0,0,0,0,0,0,0,0
906,44127,55,2,0,0,0,0,0,0,0,0,0,0,0,0
907,44859,295,5,0,0,0,0,0,0,0,0,0,0,0,0
908,43976,6,1,0,0,0,0,0,0,0,0,0,0,0,0
909,43954,0,0,0,0,0,0,0,0,0,0,0,0,0,0
910,43954,0,0,0,0,0,0,0,0,0,0,0,0,0,0
911,43954,0,0,0,0,0,0,0,0,0,0,0,0,0,0
912,43954,0,0,0,0,0,0,0,0,0,0,0,0,0,0
913,43954,0,0,0,0,0,0,0,0,0,0,0,0,0,0
914,43954,0,0,0,0,0,0,0,0,0,0,0,0,0,0
915,43954,0,0,0,0,0,0,0,0,0,0,0,0,0,0
916,43954,0,0,0,0,0,0,0,0,0,0,0,0,0,0
917,43954,0,0,0,0,0,0,0,0,0,0,0,0,0,0
918,43954,0,0,0,0,0,0,0,0,0,0,0,0,0,0
919,43954,0,0,0,0,0,0,0,0,0,0,0,0,0,0
920,43954,0,0,0,0,0,0,0,0,0,0,0,0,0,0
921,43954,0,0,0,0,0,0,0,0,0,0,0,0,0,0
922,43954,0,0,0,0,0,0,0,0,0,0,0,0,0,0
923,43954,0,0,0,0,0,0,0,0,0,0,0,0,0,0
924,43954,0,0,0,0,0,0,0,0,0,0,0,0,0,0
925,43954,0,0,0,0,0,0,0,0,0,0,0,0,0,0
926,43954,0,0,0,0,0,0,0,0,0,0,0,0,0,0
927,43954,0,0,0,0,0,0,0,0,0,0,0,0,0,0
928,43954,0,0,0,0,0,0,0,0,0,0,0,0,0,0
929,43954,0,0,0,0,0,0,0,0,0,0,0,0,0,0
930,43954,0,0,0,0,0,0,0,0,0,0,0,0,0,0
931,43954,0,0,0,0,0,0,0,0,0,0,0,0,0,0
932,43954,0,0,0,0,0,0,0,0,0,0,0,0,0,0
933,43954,0,0,0,0,0,0,0,0,0,0,0,0,0,0
934,43954,0,0,0,0,0,0,0,0,0,0,0,0,0,0
935,43954,0,0,0,0,0,0,0,0,0,0,0,0,0,0
936,43954,0,0,0,0,0,0,0,0,0,0,0,0,0,0
937,43954,0,0,0,0,0,0,0,0,0,0,0,0,0,0
938,43954,0,0,0,0,0,0,0,0,0,0,0,0,0,0
939,43954,0,0,0,0,0,0,0,0,0,0,0,0,0,0
940,43954,0,0,0,0,0,0,0,0,0,0,0,0,0,0
941,43954,0,0,0,0,0,0,0,0,0,0,0,0,0,0
942,43954,0,0,0,0,0,0,0,0,0,0,0,0,0,0
943,43954,0,0,0,0,0,0,0,0,0,0,0,0,0,0
944,43954,0,0,0,0,0,0,0,0,0,0,0,0,0,0
945,51106,2260,93,0,0,0,0,0,0,0,0,0,0,0,0
946,76647,10723,131,6,0,0,0,0,0,0,0,0,0,0,0
947,112280,22414,271,0,2,0,0,0,0,0,0,0,0,0,0
948,163905,39341,482,0,4,8,0,0,0,0,0,0,0,0,0
949,151653,35245,491,0,0,35,0,0,0,0,0,0,0,0,0
950,107799,20819,347,0,0,15,2,0,0,0,0,0,0,0,0
951,97664,17574,247,0,0,2,0,1,0,0,0,0,0,0,0
952,73054,9484,162,0,0,0,0,0,0,0,0,0,0,0,0
953,60020,5258,73,0,0,0,0,0,0,0,0,0,0,0,0
954,49906,1948,27,0,0,0,0,0,0,0,0,0,0,0,0
955,46702,892,18,0,0,0,0,0,0,0,0,0,0,0,0
956,47744,1246,13,0,0,0,0,0,0,0,0,0,0,0,0
957,45405,473,8,0,0,0,0,0,0,0,0,0,0,0,0
958,44458,164,3,0,0,0,0,0,0,0,0,0,0,0,0
959,43985,9,1,0,0,0,0,0,0,0,0,0,0,0,0
960,43954,0,0,0,0,0,0,0,0,0,0,0,0,0,0
961,43954,0,0,0,0,0,0,0,0,0,0,0,0,0,0
962,43954,0,0,0,0,0,0,0,0,0,0,0,0,0,0
963,43954,0,0,0,0,0,0,0,0,0,0,0,0,0,0
964,43954,0,0,0,0,0,0,0,0,0,0,0,0,0,0
965,43954,0,0,0,0,0,0,0,0,0,0,0,0,0,0
966,43954,0,0,0,0,0,0,0,0,0,0,0,0,0,0
967,43954,0,0,0,0,0,0,0,0,0,0,0,0,0,0
968,43954,0,0,0,0,0,0,0,0,0,0,0,0,0,0
969,43954,0,0,0,0,0,0,0,0,0,0,0,0,0,0
970,43954,0,0,0,0,0,0,0,0,0,0,0,0,0,0
971,43954,0,0,0,0,0,0,0,0,0,0,0,0,0,0
972,43954,0,0,0,0,0,0,0,0,0,0,0,0,0,0
973,43954,0,0,0,0,0,0,0,0,0,0,0,0,0,0
974,43954,0,0,0,0,0,0,0,0,0,0,0,0,0,0
975,43954,0,0,0,0,0,0,0,0,0,0,0,0,0,0
976,43954,0,0,0,0,0,0,0,0,0,0,0,0,0,0
977,43954,0,0,0,0,0,0,0,0,0,0,0,0,0,0
978,43954,0,0,0,0,0,0,0,0,0,0,0,0,0,0
979,43954,0,0,0,0,0,0,0,0,0,0,0,0,0,0
980,43954,0,0,0,0,0,0,0,0,0,0,0,0,0,0
981,43954,0,0,0,0,0,0,0,0,0,0,0,0,0,0
982,43954,0,0,0,0,0,0,0,0,0,0,0,0,0,0
983,43954,0,0,0,0,0,0,0,0,0,0,0,0,0,0
984,43954,0,0,0,0,0,0,0,0,0,0,0,0,0,0
985,43954,0,0,0,0,0,0,0,0,0,0,0,0,0,0
986,43954,0,0,0,0,0,0,0,0,0,0,0,0,0,0
987,43954,0,0,0,0,0,0,0,0,0,0,0,0,0,0
988,43954,0,0,0,0,0,0,0,0,0,0,0,0,0,0
989,43954,0,0,0,0,0,0,0,0,0,0,0,0,0,0
990,43954,0,0,0,0,0,0,0,0,0,0,0,0,0,0
991,43954,0,0,0,0,0,0,0,0,0,0,0,0,0,0
992,43954,0,0,0,0,0,0,0,0,0,0,0,0,0,0
993,43954,0,0,0,0,0,0,0,0,0,0,0,0,0,0
994,43954,0,0,0,0,0,0,0,0,0,0,0,0,0,0
995,43954,0,0,0,0,0,0,0,0,0,0,0,0,0,0
996,43954,0,0,0,0,0,0,0,0,0,0,0,0,0,0
997,43954,0,0,0,0,0,0,0,0,0,0,0,0,0,0
998,43954,0,0,0,0,0,0,0,0,0,0,0,0,0,0
999,43954,0,0,0,0,0,0,0,0,0,0,0,0,0,0
1000,43954,0,0,0,0,0,0,0,0,0,0,0,0,0,0
1001,43954,0,0,0,0,0,0,0,0,0,0,0,0,0,0
1002,43954,0,0,0,0,0,0,0,0,0,0,0,0,0,0
1003,43954,0,0,0,0,0,0,0,0,0,0,0,0,0,0
1004,43954,0,0,0,0,0,0,0,0,0,0,0,0,0,0
1005,43954,0,0,0,0,0,0,0,0,0,0,0,0,0,0
1006,43954,0,0,0,0,0,0,0,0,0,0,0,0,0,0
1007,43954,0,0,0,0,0,0,0,0,0,0,0,0,0,0
1008,43954,0,0,0,0,0,0,0,0,0,0,0,0,0,0
1009,43954,0,0,0,0,0,0,0,0,0,0,0,0,0,0
1010,51106,2260,93,0,0,0,0,0,0,0,0,0,0,0,0
1011,76675,10731,132,6,0,0,0,0,0,0,0,0,0,0,0
1012,113236,22734,270,0,2,0,0,0,0,0,0,0,0,0,0
1013,172828,42270,516,0,4,12,0,0,0,0,0,0,0,0,0
1014,158491,37459,540,0,0,31,1,0,0,0,0,0,0,0,0
1015,110261,21629,355,0,0,8,1,1,0,0,0,0,0,0,0
1016,90595,15275,204,0,0,2,0,0,0,0,0,0,0,0,0
1017,60679,5431,108,0,0,0,0,0,0,0,0,0,0,0,0
1018,61041,5605,68,0,0,0,0,0,0,0,0,0,0,0,0
1019,54151,3355,33,0,0,0,0,0,0,0,0,0,0,0,0
1020,46919,967,16,0,0,0,0,0,0,0,0,0,0,0,0
1021,47348,1118,10,0,0,0,0,0,0,0,0,0,0,0,0
1022,44435,159,1,0,0,0,0,0,0,0,0,0,0,0,0
1023,43954,0,0,0,0,0,0,0,0,0,0,0,0,0,0
1024,43954,0,0,0,0,0,0,0,0,0,0,0,0,0,0
1025,43954,0,0,0,0,0,0,0,0,0,0,0,0,0,0
1026,43954,0,0,0,0,0,0,0,0,0,0,0,0,0,0
1027,43954,0,0,0,0,0,0,0,0,0,0,0,0,0,0
1028,43954,0,0,0,0,0,0,0,0,0,0,0,0,0,0
1029,43954,0,0,0,0,0,0,0,0,0,0,0,0,0,0
1030,43954,0,0,0,0,0,0,0,0,0,0,0,0,0,0
1031,43954,0,0,0,0,0,0,0,0,0,0,0,0,0,0
1032,43954,0,0,0,0,0,0,0,0,0,0,0,0,0,0
1033,43954,0,0,0,0,0,0,0,0,0,0,0,0,0,0
1034,43954,0,0,0,0,0,0,0,0,0,0,0,0,0,0
1035,43954,0,0,0,0,0,0,0,0,0,0,0,0,0,0
1036,43954,0,0,0,0,0,0,0,0,0,0,0,0,0,0
1037,43954,0,0,0,0,0,0,0,0,0,0,0,0,0,0
1038,43954,0,0,0,0,0,0,0,0,0,0,0,0,0,0
1039,43954,0,0,0,0,0,0,0,0,0,0,0,0,0,0
1040,43954,0,0,0,0,0,0,0,0,0,0,0,0,0,0
1041,43954,0,0,0,0,0,0,0,0,0,0,0,0,0,0
1042,43954,0,0,0,0,0,0,0,0,0,0,0,0,0,0
1043,43954,0,0,0,0,0,0,0,0,0,0,0,0,0,0
1044,43954,0,0,0,0,0,0,0,0,0,0,0,0,0,0
1045,43954,0,0,0,0,0,0,0,0,0,0,0,0,0,0
1046,43954,0,0,0,0,0,0,0,0,0,0,0,0,0,0
1047,43954,0,0,0,0,0,0,0,0,0,0,0,0,0,0
1048,43954,0,0,0,0,0,0,0,0,0,0,0,0,0,0
1049,43954,0,0,0,0,0,0,0,0,0,0,0,0,0,0
1050,43954,0,0,0,0,0,0,0,0,0,0,0,0,0,0
1051,43954,0,0,0,0,0,0,0,0,0,0,0,0,0,0
1052,43954,0,0,0,0,0,0,0,0,0,0,0,0,0,0
1053,43954,0,0,0,0,0,0,0,0,0,0,0,0,0,0
1054,43954,0,0,0,0,0,0,0,0,0,0,0,0,0,0
1055,43954,0,0,0,0,0,0,0,0,0,0,0,0,0,0
1056,43954,0,0,0,0,0,0,0,0,0,0,0,0,0,0
1057,43954,0,0,0,0,0,0,0,0,0,0,0,0,0,0
1058,43954,0,0,0,0,0,0,0,0,0,0,0,0,0,0
1059,43954,0,0,0,0,0,0,0,0,0,0,0,0,0,0
1060,43954,0,0,0,0,0,0,0,0,0,0,0,0,0,0
1061,43954,0,0,0,0,0,0,0,0,0,0,0,0,0,0
1062,43954,0,0,0,0,0,0,0,0,0,0,0,0,0,0
1063,43954,0,0,0,0,0,0,0,0,0,0,0,0,0,0
1064,43954,0,0,0,0,0,0,0,0,0,0,0,0,0,0
1065,43954,0,0,0,0,0,0,0,0,0,0,0,0,0,0
1066,43954,0,0,0,0,0,0,0,0,0,0,0,0,0,0
1067,43954,0,0,0,0,0,0,0,0,0,0,0,0,0,0
1068,43954,0,0,0,0,0,0,0,0,0,0,0,0,0,0
1069,43954,0,0,0,0,0,0,0,0,0,0,0,0,0,0
1070,43954,0,0,0,0,0,0,0,0,0,0,0,0,0,0
1071,43954,0,0,0,0,0,0,0,0,0,0,0,0,0,0
1072,43954,0,0,0,0,0,0,0,0,0,0,0,0,0,0
1073,43954,0,0,0,0,0,0,0,0,0,0,0,0,0,0
1074,43954,0,0,0,0,0,0,0,0,0,0,0,0,0,0
1075,51106,2260,93,0,0,0,0,0,0,0,0,0,0,0,0
1076,77129,10881,133,6,0,0,0,0,0,0,0,0,0,0,0
1077,112826,22592,274,0,2,0,0,0,0,0,0,0,0,0,0
1078,170525,41525,499,0,4,12,0,0,0,0,0,0,0,0,0
1079,154808,36258,520,0,0,31,2,0,0,0,0,0,0,0,0
1080,119208,24530,416,0,0,7,0,0,0,0,0,0,0,0,0
1081,95162,16784,214,0,0,1,0,0,0,0,0,0,0,0,0
1082,72944,9498,124,0,0,1,0,0,0,0,0,0,0,0,0
1083,64339,6683,84,0,0,1,0,0,0,0,0,0,0,0,0
1084,57570,4472,50,0,0,0,0,0,0,0,0,0,0,0,0
1085,51181,2357,39,0,0,0,0,0,0,0,0,0,0,0,0
1086,49241,1729,25,0,0,0,0,0,0,0,0,0,0,0,0
1087,46796,922,19,0,0,0,0,0,0,0,0,0,0,0,0
1088,47268,1082,17,0,0,0,0,0,0,0,0,0,0,0,0
1089,45466,488,12,0,0,0,0,0,0,0,0,0,0,0,0
1090,47041,1009,15,0,0,0,0,0,0,0,0,0,0,0,0
1091,45856,626,6,0,0,0,0,0,0,0,0,0,0,0,0
1092,46740,918,8,0,0,0,0,0,0,0,0,0,0,0,0
1093,44141,61,1,0,0,0,0,0,0,0,0,0,0,0,0
1094,43954,0,0,0,0,0,0,0,0,0,0,0,0,0,0
1095,43954,0,0,0,0,0,0,0,0,0,0,0,0,0,0
1096,43954,0,0,0,0,0,0,0,0,0,0,0,0,0,0
1097,43954,0,0,0,0,0,0,0,0,0,0,0,0,0,0
1098,43954,0,0,0,0,0,0,0,0,0,0,0,0,0,0
1099,43954,0,0,0,0,0,0,0,0,0,0,0,0,0,0
1100,43954,0,0,0,0,0,0,0,0,0,0,0,0,0,0
1101,43954,0,0,0,0,0,0,0,0,0,0,0,0,0,0
1102,43954,0,0,0,0,0,0,0,0,0,0,0,0,0,0
1103,43954,0,0,0,0,0,0,0,0,0,0,0,0,0,0
1104,43954,0,0,0,0,0,0,0,0,0,0,0,0,0,0
1105,43954,0,0,0,0,0,0,0,0,0,0,0,0,0,0
1106,43954,0,0,0,0,0,0,0,0,0,0,0,0,0,0
1107,43954,0,0,0,0,0,0,0,0,0,0,0,0,0,0
1108,43954,0,0,0,0,0,0,0,0,0,0,0,0,0,0
1109,43954,0,0,0,0,0,0,0,0,0,0,0,0,0,0
1110,43954,0,0,0,0,0,0,0,0,0,0,0,0,0,0
1111,43954,0,0,0,0,0,0,0,0,0,0,0,0,0,0
1112,43954,0,0,0,0,0,0,0,0,0,0,0,0,0,0
1113,43954,0,0,0,0,0,0,0,0,0,0,0,0,0,0
1114,43954,0,0,0,0,0,0,0,0,0,0,0,0,0,0
1115,43954,0,0,0,0,0,0,0,0,0,0,0,0,0,0
1116,43954,0,0,0,0,0,0,0,0,0,0,0,0,0,0
1117,43954,0,0,0,0,0,0,0,0,0,0,0,0,0,0
1118,43954,0,0,0,0,0,0,0,0,0,0,0,0,0,0
1119,43954,0,0,0,0,0,0,0,0,0,0,0,0,0,0
1120,43954,0,0,0,0,0,0,0,0,0,0,0,0,0,0
1121,43954,0,0,0,0,0,0,0,0,0,0,0,0,0,0
1122,43954,0,0,0,0,0,0,0,0,0,0,0,0,0,0
1123,43954,0,0,0,0,0,0,0,0,0,0,0,0,0,0
1124,43954,0,0,0,0,0,0,0,0,0,0,0,0,0,0
1125,43954,0,0,0,0,0,0,0,0,0,0,0,0,0,0
1126,43954,0,0,0,0,0,0,0,0,0,0,0,0,0,0
1127,43954,0,0,0,0,0,0,0,0,0,0,0,0,0,0
1128,43954,0,0,0,0,0,0,0,0,0,0,0,0,0,0
1129,43954,0,0,0,0,0,0,0,0,0,0,0,0,0,0
1130,43954,0,0,0,0,0,0,0,0,0,0,0,0,0,0
1131,43954,0,0,0,0,0,0,0,0,0,0,0,0,0,0
1132,43954,0,0,0,0,0,0,0,0,0,0,0,0,0,0
1133,43954,0,0,0,0,0,0,0,0,0,0,0,0,0,0
1134,43954,0,0,0,0,0,0,0,0,0,0,0,0,0,0
1135,43954,0,0,0,0,0,0,0,0,0,0,0,0,0,0
1136,43954,0,0,0,0,0,0,0,0,0,0,0,0,0,0
1137,43954,0,0,0,0,0,0,0,0,0,0,0,0,0,0
1138,43954,0,0,0,0,0,0,0,0,0,0,0,0,0,0
1139,43954,0,0,0,0,0,0,0,0,0,0,0,0,0,0
1140,51106,2260,93,0,0,0,0,0,0,0,0,0,0,0,0
1141,76675,10731,132,6,0,0,0,0,0,0,0,0,0,0,0
1142,111560,22182,265,0,2,0,0,0,0,0,0,0,0,0,0
1143,164001,39373,482,0,4,12,0,0,0,0,0,0,0,0,0
1144,150225,34761,497,0,0,31,0,0,0,0,0,0,0,0,0
1145,105920,20230,319,0,0,7,2,2,0,0,0,0,0,0,0
1146,93227,16107,238,0,0,2,0,0,0,0,0,0,0,0,0
1147,68392,7994,114,0,0,0,0,0,0,0,0,0,0,0,0
1148,72069,9229,107,0,0,2,0,0,0,0,0,0,0,0,0
1149,54911,3587,49,0,0,0,0,0,0,0,0,0,0,0,0
1150,49596,1850,23,0,0,0,0,0,0,0,0,0,0,0,0
1151,48124,1370,15,0,0,0,0,0,0,0,0,0,0,0,0
1152,44785,269,6,0,0,0,0,0,0,0,0,0,0,0,0
1153,43954,0,0,0,0,0,0,0,0,0,0,0,0,0,0
1154,43954,0,0,0,0,0,0,0,0,0,0,0,0,0,0
1155,43954,0,0,0,0,0,0,0,0,0,0,0,0,0,0
1156,43954,0,0,0,0,0,0,0,0,0,0,0,0,0,0
1157,43954,0,0,0,0,0,0,0,0,0,0,0,0,0,0
1158,43954,0,0,0,0,0,0,0,0,0,0,0,0,0,0
1159,43954,0,0,0,0,0,0,0,0,0,0,0,0,0,0
1160,43954,0,0,0,0,0,0,0,0,0,0,0,0,0,0
1161,43954,0,0,0,0,0,0,0,0,0,0,0,0,0,0
1162,43954,0,0,0,0,0,0,0,0,0,0,0,0,0,0
1163,43954,0,0,0,0,0,0,0,0,0,0,0,0,0,0
1164,43954,0,0,0,0,0,0,0,0,0,0,0,0,0,0
1165,43954,0,0,0,0,0,0,0,0,0,0,0,0,0,0
1166,43954,0,0,0,0,0,0,0,0,0,0,0,0,0,0
1167,43954,0,0,0,0,0,0,0,0,0,0,0,0,0,0
1168,43954,0,0,0,0,0,0,0,0,0,0,0,0,0,0
1169,43954,0,0,0,0,0,0,0,0,0,0,0,0,0,0
1170,43954,0,0,0,0,0,0,0,0,0,0,0,0,0,0
1171,43954,0,0,0,0,0,0,0,0,0,0,0,0,0,0
1172,43954,0,0,0,0,0,0,0,0,0,0,0,0,0,0
1173,43954,0,0,0,0,0,0,0,0,0,0,0,0,0,0
1174,43954,0,0,0,0,0,0,0,0,0,0,0,0,0,0
1175,43954,0,0,0,0,0,0,0,0,0,0,0,0,0,0
1176,43954,0,0,0,0,0,0,0,0,0,0,0,0,0,0
1177,43954,0,0,0,0,0,0,0,0,0,0,0,0,0,0
1178,43954,0,0,0,0,0,0,0,0,0,0,0,0,0,0
1179,43954,0,0,0,0,0,0,0,0,0,0,0,0,0,0
1180,43954,0,0,0,0,0,0,0,0,0,0,0,0,0,0
1181,43954,0,0,0,0,0,0,0,0,0,0,0,0,0,0
1182,43954,0,0,0,0,0,0,0,0,0,0,0,0,0,0
1183,43954,0,0,0,0,0,0,0,0,0,0,0,0,0,0
1184,43954,0,0,0,0,0,0,0,0,0,0,0,0,0,0
1185,43954,0,0,0,0,0,0,0,0,0,0,0,0,0,0
1186,43954,0,0,0,0,0,0,0,0,0,0,0,0,0,0
1187,43954,0,0,0,0,0,0,0,0,0,0,0,0,0,0
1188,43954,0,0,0,0,0,0,0,0,0,0,0,0,0,0
1189,43954,0,0,0,0,0,0,0,0,0,0,0,0,0,0
1190,43954,0,0,0,0,0,0,0,0,0,0,0,0,0,0
1191,43954,0,0,0,0,0,0,0,0,0,0,0,0,0,0
1192,43954,0,0,0,0,0,0,0,0,0,0,0,0,0,0
1193,43954,0,0,0,0,0,0,0,0,0,0,0,0,0,0
1194,43954,0,0,0,0,0,0,0,0,0,0,0,0,0,0
1195,43954,0,0,0,0,0,0,0,0,0,0,0,0,0,0
1196,43954,0,0,0,0,0,0,0,0,0,0,0,0,0,0
1197,43954,0,0,0,0,0,0,0,0,0,0,0,0,0,0
1198,43954,0,0,0,0,0,0,0,0,0,0,0,0,0,0
1199,43954,0,0,0,0,0,0,0,0,0,0,0,0,0,0
1200,43954,0,0,0,0,0,0,0,0,0,0,0,0,0,0
1201,43954,0,0,0,0,0,0,0,0,0,0,0,0,0,0
1202,43954,0,0,0,0,0,0,0,0,0,0,0,0,0,0
1203,43954,0,0,0,0,0,0,0,0,0,0,0,0,0,0
1204,43954,0,0,0,0,0,0,0,0,0,0,0,0,0,0
1205,51106,2260,93,0,0,0,0,0,0,0,0,0,0,0,0
1206,77042,10852,133,6,0,0,0,0,0,0,0,0,0,0,0
1207,112371,22447,269,0,2,0,0,0,0,0,0,0,0,0,0
1208,173150,42388,508,0,4,12,0,0,0,0,0,0,0,0,0
1209,150776,34918,517,0,0,31,0,0,0,0,0,0,0,0,0
1210,110990,21872,355,0,0,8,2,1,0,0,0,0,0,0,0
1211,96071,17047,244,0,0,2,0,0,0,0,0,0,0,0,0
1212,66434,7304,142,0,0,1,0,0,0,0,0,0,0,0,0
1213,59318,5020,76,0,0,3,0,0,0,0,0,0,0,0,0
1214,58152,4638,71,0,0,3,0,0,0,0,0,0,0,0,0
1215,51514,2476,33,0,0,1,0,0,0,0,0,0,0,0,0
1216,46852,946,15,0,0,3,0,0,0,0,0,0,0,0,0
1217,49501,1813,27,0,0,2,0,0,0,0,0,0,0,0,0
1218,55342,3728,51,0,0,0,0,0,0,0,0,0,0,0,0
1219,51564,2498,29,0,0,0,0,0,0,0,0,0,0,0,0
1220,52258,2728,30,0,0,1,0,0,0,0,0,0,0,0,0
1221,50225,2065,19,0,0,0,0,0,0,0,0,0,0,0,0
1222,45238,420,6,0,0,0,0,0,0,0,0,0,0,0,0
1223,43954,0,0,0,0,0,0,0,0,0,0,0,0,0,0
1224,43954,0,0,0,0,0,0,0,0,0,0,0,0,0,0
1225,43954,0,0,0,0,0,0,0,0,0,0,0,0,0,0
1226,43954,0,0,0,0,0,0,0,0,0,0,0,0,0,0
1227,43954,0,0,0,0,0,0,0,0,0,0,0,0,0,0
1228,43954,0,0,0,0,0,0,0,0,0,0,0,0,0,0
1229,43954,0,0,0,0,0,0,0,0,0,0,0,0,0,0
1230,43954,0,0,0,0,0,0,0,0,0,0,0,0,0,0
1231,43954,0,0,0,0,0,0,0,0,0,0,0,0,0,0
1232,43954,0,0,0,0,0,0,0,0,0,0,0,0,0,0
1233,43954,0,0,0,0,0,0,0,0,0,0,0,0,0,0
1234,43954,0,0,0,0,0,0,0,0,0,0,0,0,0,0
1235,43954,0,0,0,0,0,0,0,0,0,0,0,0,0,0
1236,43954,0,0,0,0,0,0,0,0,0,0,0,0,0,0
1237,43954,0,0,0,0,0,0,0,0,0,0,0,0,0,0
1238,43954,0,0,0,0,0,0,0,0,0,0,0,0,0,0
1239,43954,0,0,0,0,0,0,0,0,0,0,0,0,0,0
1240,43954,0,0,0,0,0,0,0,0,0,0,0,0,0,0
1241,43954,0,0,0,0,0,0,0,0,0,0,0,0,0,0
1242,43954,0,0,0,0,0,0,0,0,0,0,0,0,0,0
1243,43954,0,0,0,0,0,0,0,0,0,0,0,0,0,0
1244,43954,0,0,0,0,0,0,0,0,0,0,0,0,0,0
1245,43954,0,0,0,0,0,0,0,0,0,0,0,0,0,0
1246,43954,0,0,0,0,0,0,0,0,0,0,0,0,0,0
1247,43954,0,0,0,0,0,0,0,0,0,0,0,0,0,0
1248,43954,0,0,0,0,0,0,0,0,0,0,0,0,0,0
1249,43954,0,0,0,0,0,0,0,0,0,0,0,0,0,0
1250,43954,0,0,0,0,0,0,0,0,0,0,0,0,0,0
1251,43954,0,0,0,0,0,0,0,0,0,0,0,0,0,0
1252,43954,0,0,0,0,0,0,0,0,0,0,0,0,0,0
1253,43954,0,0,0,0,0,0,0,0,0,0,0,0,0,0
1254,43954,0,0,0,0,0,0,0,0,0,0,0,0,0,0
1255,43954,0,0,0,0,0,0,0,0,0,0,0,0,0,0
1256,43954,0,0,0,0,0,0,0,0,0,0,0,0,0,0
1257,43954,0,0,0,0,0,0,0,0,0,0,0,0,0,0
1258,43954,0,0,0,0,0,0,0,0,0,0,0,0,0,0
1259,43954,0,0,0,0,0,0,0,0,0,0,0,0,0,0
1260,43954,0,0,0,0,0,0,0,0,0,0,0,0,0,0
1261,43954,0,0,0,0,0,0,0,0,0,0,0,0,0,0
1262,43954,0,0,0,0,0,0,0,0,0,0,0,0,0,0
1263,43954,0,0,0,0,0,0,0,0,0,0,0,0,0,0
1264,43954,0,0,0,0,0,0,0,0,0,0,0,0,0,0
1265,43954,0,0,0,0,0,0,0,0,0,0,0,0,0,0
1266,43954,0,0,0,0,0,0,0,0,0,0,0,0,0,0
1267,43954,0,0,0,0,0,0,0,0,0,0,0,0,0,0
1268,43954,0,0,0,0,0,0,0,0,0,0,0,0,0,0
1269,43954,0,0,0,0,0,0,0,0,0,0,0,0,0,0
1270,51106,2260,93,0,0,0,0,0,0,0,0,0,0,0,0
1271,76416,10646,131,6,0,0,0,0,0,0,0,0,0,0,0
1272,113496,22818,272,0,2,0,0,0,0,0,0,0,0,0,0
1273,175868,43274,523,0,4,12,0,0,0,0,0,0,0,0,0
1274,146483,33523,490,0,0,32,0,0,0,0,0,0,0,0,0
1275,104520,19754,326,0,0,8,2,2,0,0,0,0,0,0,0
1276,93102,16064,239,0,0,2,0,0,0,0,0,0,0,0,0
1277,61802,5796,115,0,0,1,0,0,0,0,0,0,0,0,0
1278,50669,2197,31,0,0,2,0,0,0,0,0,0,0,0,0
1279,46422,800,17,0,0,4,0,0,0,0,0,0,0,0,0
1280,53257,3057,33,0,0,1,0,0,0,0,0,0,0,0,0
1281,58564,4806,48,0,0,3,0,0,0,0,0,0,0,0,0
1282,50168,2046,19,0,0,2,0,0,0,0,0,0,0,0,0
1283,46093,701,9,0,0,1,0,0,0,0,0,0,0,0,0
1284,49519,1827,21,0,0,0,0,0,0,0,0,0,0,0,0
1285,60353,5389,58,0,0,1,0,0,0,0,0,0,0,0,0
1286,49011,1667,14,0,0,0,0,0,0,0,0,0,0,0,0
1287,44530,188,3,0,0,0,0,0,0,0,0,0,0,0,0
1288,43954,0,0,0,0,0,0,0,0,0,0,0,0,0,0
1289,43954,0,0,0,0,0,0,0,0,0,0,0,0,0,0
1290,43954,0,0,0,0,0,0,0,0,0,0,0,0,0,0
1291,43954,0,0,0,0,0,0,0,0,0,0,0,0,0,0
1292,43954,0,0,0,0,0,0,0,0,0,0,0,0,0,0
1293,43954,0,0,0,0,0,0,0,0,0,0,0,0,0,0
1294,43954,0,0,0,0,0,0,0,0,0,0,0,0,0,0
1295,43954,0,0,0,0,0,0,0,0,0,0,0,0,0,0
1296,43954,0,0,0,0,0,0,0,0,0,0,0,0,0,0
1297,43954,0,0,0,0,0,0,0,0,0,0,0,0,0,0
1298,43954,0,0,0,0,0,0,0,0,0,0,0,0,0,0
1299,43954,0,0,0,0,0,0,0,0,0,0,0,0,0,0
1300,43954,0,0,0,0,0,0,0,0,0,0,0,0,0,0
1301,43954,0,0,0,0,0,0,0,0,0,0,0,0,0,0
1302,43954,0,0,0,0,0,0,0,0,0,0,0,0,0,0
1303,43954,0,0,0,0,0,0,0,0,0,0,0,0,0,0
1304,43954,0,0,0,0,0,0,0,0,0,0,0,0,0,0
1305,43954,0,0,0,0,0,0,0,0,0,0,0,0,0,0
1306,43954,0,0,0,0,0,0,0,0,0,0,0,0,0,0
1307,43954,0,0,0,0,0,0,0,0,0,0,0,0,0,0
1308,43954,0,0,0,0,0,0,0,0,0,0,0,0,0,0
1309,43954,0,0,0,0,0,0,0,0,0,0,0,0,0,0
1310,43954,0,0,0,0,0,0,0,0,0,0,0,0,0,0
1311,43954,0,0,0,0,0,0,0,0,0,0,0,0,0,0
1312,43954,0,0,0,0,0,0,0,0,0,0,0,0,0,0
1313,43954,0,0,0,0,0,0,0,0,0,0,0,0,0,0
1314,43954,0,0,0,0,0,0,0,0,0,0,0,0,0,0
1315,43954,0,0,0,0,0,0,0,0,0,0,0,0,0,0
1316,43954,0,0,0,0,0,0,0,0,0,0,0,0,0,0
1317,43954,0,0,0,0,0,0,0,0,0,0,0,0,0,0
1318,43954,0,0,0,0,0,0,0,0,0,0,0,0,0,0
1319,43954,0,0,0,0,0,0,0,0,0,0,0,0,0,0
1320,43954,0,0,0,0,0,0,0,0,0,0,0,0,0,0
1321,43954,0,0,0,0,0,0,0,0,0,0,0,0,0,0
1322,43954,0,0,0,0,0,0,0,0,0,0,0,0,0,0
1323,43954,0,0,0,0,0,0,0,0,0,0,0,0,0,0
1324,43954,0,0,0,0,0,0,0,0,0,0,0,0,0,0
1325,43954,0,0,0,0,0,0,0,0,0,0,0,0,0,0
1326,43954,0,0,0,0,0,0,0,0,0,0,0,0,0,0
1327,43954,0,0,0,0,0,0,0,0,0,0,0,0,0,0
1328,43954,0,0,0,0,0,0,0,0,0,0,0,0,0,0
1329,43954,0,0,0,0,0,0,0,0,0,0,0,0,0,0
1330,43954,0,0,0,0,0,0,0,0,0,0,0,0,0,0
1331,43954,0,0,0,0,0,0,0,0,0,0,0,0,0,0
1332,43954,0,0,0,0,0,0,0,0,0,0,0,0,0,0
1333,43954,0,0,0,0,0,0,0,0,0,0,0,0,0,0
1334,43954,0,0,0,0,0,0,0,0,0,0,0,0,0,0
1335,51106,2260,93,0,0,0,0,0,0,0,0,0,0,0,0
1336,76783,10767,132,6,0,0,0,0,0,0,0,0,0,0,0
1337,112805,22589,271,0,2,0,0,0,0,0,0,0,0,0,0
1338,176304,43418,524,0,4,10,0,0,0,0,0,0,0,0,0
1339,155434,36460,525,0,0,35,0,0,0,0,0,0,0,0,0
1340,106395,20355,344,0,0,8,2,1,0,0,0,0,0,0,0
1341,105562,20168,276,0,0,1,0,0,0,0,0,0,0,0,0
1342,64087,6555,117,0,0,0,0,1,0,0,0,0,0,0,0
1343,51982,2616,45,0,0,0,0,0,0,0,0,0,0,0,0
1344,46850,944,16,0,0,0,0,0,0,0,0,0,0,0,0
1345,46488,822,17,0,0,0,0,0,0,0,0,0,0,0,0
1346,47338,1108,15,0,0,0,0,0,0,0,0,0,0,0,0
1347,43954,0,0,0,0,0,0,0,0,0,0,0,0,0,0
1348,43954,0,0,0,0,0,0,0,0,0,0,0,0,0,0
1349,43954,0,0,0,0,0,0,0,0,0,0,0,0,0,0
1350,43954,0,0,0,0,0,0,0,0,0,0,0,0,0,0
1351,43954,0,0,0,0,0,0,0,0,0,0,0,0,0,0
1352,43954,0,0,0,0,0,0,0,0,0,0,0,0,0,0
1353,43954,0,0,0,0,0,0,0,0,0,0,0,0,0,0
1354,43954,0,0,0,0,0,0,0,0,0,0,0,0,0,0
1355,43954,0,0,0,0,0,0,0,0,0,0,0,0,0,0
1356,43954,0,0,0,0,0,0,0,0,0,0,0,0,0,0
1357,43954,0,0,0,0,0,0,0,0,0,0,0,0,0,0
1358,43954,0,0,0,0,0,0,0,0,0,0,0,0,0,0
1359,43954,0,0,0,0,0,0,0,0,0,0,0,0,0,0
1360,43954,0,0,0,0,0,0,0,0,0,0,0,0,0,0
1361,43954,0,0,0,0,0,0,0,0,0,0,0,0,0,0
1362,43954,0,0,0,0,0,0,0,0,0,0,0,0,0,0
1363,43954,0,0,0,0,0,0,0,0,0,0,0,0,0,0
1364,43954,0,0,0,0,0,0,0,0,0,0,0,0,0,0
1365,43954,0,0,0,0,0,0,0,0,0,0,0,0,0,0
1366,43954,0,0,0,0,0,0,0,0,0,0,0,0,0,0
1367,43954,0,0,0,0,0,0,0,0,0,0,0,0,0,0
1368,43954,0,0,0,0,0,0,0,0,0,0,0,0,0,0
1369,43954,0,0,0,0,0,0,0,0,0,0,0,0,0,0
1370,43954,0,0,0,0,0,0,0,0,0,0,0,0,0,0
1371,43954,0,0,0,0,0,0,0,0,0,0,0,0,0,0
1372,43954,0,0,0,0,0,0,0,0,0,0,0,0,0,0
1373,43954,0,0,0,0,0,0,0,0,0,0,0,0,0,0
1374,43954,0,0,0,0,0,0,0,0,0,0,0,0,0,0
1375,43954,0,0,0,0,0,0,0,0,0,0,0,0,0,0
1376,43954,0,0,0,0,0,0,0,0,0,0,0,0,0,0
1377,43954,0,0,0,0,0,0,0,0,0,0,0,0,0,0
1378,43954,0,0,0,0,0,0,0,0,0,0,0,0,0,0
1379,43954,0,0,0,0,0,0,0,0,0,0,0,0,0,0
1380,43954,0,0,0,0,0,0,0,0,0,0,0,0,0,0
1381,43954,0,0,0,0,0,0,0,0,0,0,0,0,0,0
1382,43954,0,0,0,0,0,0,0,0,0,0,0,0,0,0
1383,43954,0,0,0,0,0,0,0,0,0,0,0,0,0,0
1384,43954,0,0,0,0,0,0,0,0,0,0,0,0,0,0
1385,43954,0,0,0,0,0,0,0,0,0,0,0,0,0,0
1386,43954,0,0,0,0,0,0,0,0,0,0,0,0,0,0
1387,43954,0,0,0,0,0,0,0,0,0,0,0,0,0,0
1388,43954,0,0,0,0,0,0,0,0,0,0,0,0,0,0
1389,43954,0,0,0,0,0,0,0,0,0,0,0,0,0,0
1390,43954,0,0,0,0,0,0,0,0,0,0,0,0,0,0
1391,43954,0,0,0,0,0,0,0,0,0,0,0,0,0,0
1392,43954,0,0,0,0,0,0,0,0,0,0,0,0,0,0
1393,43954,0,0,0,0,0,0,0,0,0,0,0,0,0,0
1394,43954,0,0,0,0,0,0,0,0,0,0,0,0,0,0
1395,43954,0,0,0,0,0,0,0,0,0,0,0,0,0,0
1396,43954,0,0,0,0,0,0,0,0,0,0,0,0,0,0
1397,43954,0,0,0,0,0,0,0,0,0,0,0,0,0,0
1398,43954,0,0,0,0,0,0,0,0,0,0,0,0,0,0
1399,43954,0,0,0,0,0,0,0,0,0,0,0,0,0,0
1400,51106,2260,93,0,0,0,0,0,0,0,0,0,0,0,0
1401,76416,10646,131,6,0,0,0,0,0,0,0,0,0,0,0
1402,115849,23593,279,0,2,0,0,0,0,0,0,0,0,0,0
1403,175423,43127,522,0,4,12,0,0,0,0,0,0,0,0,0
1404,151481,35189,490,0,0,32,1,0,0,0,0,0,0,0,0
1405,103589,19433,334,0,0,7,1,1,0,0,0,0,0,0,0
1406,89934,15032,221,0,0,2,0,0,0,0,0,0,0,0,0
1407,61348,5682,87,0,0,0,0,0,0,0,0,0,0,0,0
1408,53872,3250,42,0,0,0,0,0,0,0,0,0,0,0,0
1409,51576,2502,29,0,0,0,0,0,0,0,0,0,0,0,0
1410,50196,2034,35,0,0,0,0,0,0,0,0,0,0,0,0
1411,55845,3913,38,0,0,0,0,0,0,0,0,0,0,0,0
1412,46374,788,14,0,0,0,0,0,0,0,0,0,0,0,0
1413,44865,297,5,0,0,0,0,0,0,0,0,0,0,0,0
1414,43954,0,0,0,0,0,0,0,0,0,0,0,0,0,0
1415,43954,0,0,0,0,0,0,0,0,0,0,0,0,0,0
1416,43954,0,0,0,0,0,0,0,0,0,0,0,0,0,0
1417,43954,0,0,0,0,0,0,0,0,0,0,0,0,0,0
1418,43954,0,0,0,0,0,0,0,0,0,0,0,0,0,0
1419,43954,0,0,0,0,0,0,0,0,0,0,0,0,0,0
1420,43954,0,0,0,0,0,0,0,0,0,0,0,0,0,0
1421,43954,0,0,0,0,0,0,0,0,0,0,0,0,0,0
1422,43954,0,0,0,0,0,0,0,0,0,0,0,0,0,0
1423,43954,0,0,0,0,0,0,0,0,0,0,0,0,0,0
1424,43954,0,0,0,0,0,0,0,0,0,0,0,0,0,0
1425,43954,0,0,0,0,0,0,0,0,0,0,0,0,0,0
1426,43954,0,0,0,0,0,0,0,0,0,0,0,0,0,0
1427,43954,0,0,0,0,0,0,0,0,0,0,0,0,0,0
1428,43954,0,0,0,0,0,0,0,0,0,0,0,0,0,0
1429,43954,0,0,0,0,0,0,0,0,0,0,0,0,0,0
1430,43954,0,0,0,0,0,0,0,0,0,0,0,0,0,0
1431,43954,0,0,0,0,0,0,0,0,0,0,0,0,0,0
1432,43954,0,0,0,0,0,0,0,0,0,0,0,0,0,0
1433,43954,0,0,0,0,0,0,0,0,0,0,0,0,0,0
1434,43954,0,0,0,0,0,0,0,0,0,0,0,0,0,0
1435,43954,0,0,0,0,0,0,0,0,0,0,0,0,0,0
1436,43954,0,0,0,0,0,0,0,0,0,0,0,0,0,0
1437,43954,0,0,0,0,0,0,0,0,0,0,0,0,0,0
1438,43954,0,0,0,0,0,0,0,0,0,0,0,0,0,0
1439,43954,0,0,0,0,0,0,0,0,0,0,0,0,0,0
1440,43954,0,0,0,0,0,0,0,0,0,0,0,0,0,0
1441,43954,0,0,0,0,0,0,0,0,0,0,0,0,0,0
1442,43954,0,0,0,0,0,0,0,0,0,0,0,0,0,0
1443,43954,0,0,0,0,0,0,0,0,0,0,0,0,0,0
1444,43954,0,0,0,0,0,0,0,0,0,0,0,0,0,0
1445,43954,0,0,0,0,0,0,0,0,0,0,0,0,0,0
1446,43954,0,0,0,0,0,0,0,0,0,0,0,0,0,0
1447,43954,0,0,0,0,0,0,0,0,0,0,0,0,0,0
1448,43954,0,0,0,0,0,0,0,0,0,0,0,0,0,0
1449,43954,0,0,0,0,0,0,0,0,0,0,0,0,0,0
1450,43954,0,0,0,0,0,0,0,0,0,0,0,0,0,0
1451,43954,0,0,0,0,0,0,0,0,0,0,0,0,0,0
1452,43954,0,0,0,0,0,0,0,0,0,0,0,0,0,0
1453,43954,0,0,0,0,0,0,0,0,0,0,0,0,0,0
1454,43954,0,0,0,0,0,0,0,0,0,0,0,0,0,0
1455,43954,0,0,0,0,0,0,0,0,0,0,0,0,0,0
1456,43954,0,0,0,0,0,0,0,0,0,0,0,0,0,0
1457,43954,0,0,0,0,0,0,0,0,0,0,0,0,0,0
1458,43954,0,0,0,0,0,0,0,0,0,0,0,0,0,0
1459,43954,0,0,0,0,0,0,0,0,0,0,0,0,0,0
1460,43954,0,0,0,0,0,0,0,0,0,0,0,0,0,0
1461,43954,0,0,0,0,0,0,0,0,0,0,0,0,0,0
1462,43954,0,0,0,0,0,0,0,0,0,0,0,0,0,0
1463,43954,0,0,0,0,0,0,0,0,0,0,0,0,0,0
1464,43954,0,0,0,0,0,0,0,0,0,0,0,0,0,0
1465,51106,2260,93,0,0,0,0,0,0,0,0,0,0,0,0
1466,77021,10845,133,6,0,0,0,0,0,0,0,0,0,0,0
1467,116870,23928,283,0,2,0,0,0,0,0,0,0,0,0,0
1468,171827,41939,514,0,4,12,0,0,0,0,0,0,0,0,0
1469,154029,36017,506,0,0,31,2,0,0,0,0,0,0,0,0
1470,101120,18614,331,0,0,10,0,2,0,0,0,0,0,0,0
1471,86480,13910,199,0,0,2,0,0,0,0,0,0,0,0,0
1472,58552,4758,81,0,0,0,0,0,0,0,0,0,0,0,0
1473,50614,2180,30,0,0,0,0,0,0,0,0,0,0,0,0
1474,48425,1461,22,0,0,0,0,0,0,0,0,0,0,0,0
1475,50104,2026,18,0,0,0,0,0,0,0,0,0,0,0,0
1476,45179,399,7,0,0,0,0,0,0,0,0,0,0,0,0
1477,43954,0,0,0,0,0,0,0,0,0,0,0,0,0,0
1478,43954,0,0,0,0,0,0,0,0,0,0,0,0,0,0
1479,43954,0,0,0,0,0,0,0,0,0,0,0,0,0,0
1480,43954,0,0,0,0,0,0,0,0,0,0,0,0,0,0
1481,43954,0,0,0,0,0,0,0,0,0,0,0,0,0,0
1482,43954,0,0,0,0,0,0,0,0,0,0,0,0,0,0
1483,43954,0,0,0,0,0,0,0,0,0,0,0,0,0,0
1484,43954,0,0,0,0,0,0,0,0,0,0,0,0,0,0
1485,43954,0,0,0,0,0,0,0,0,0,0,0,0,0,0
1486,43954,0,0,0,0,0,0,0,0,0,0,0,0,0,0
1487,43954,0,0,0,0,0,0,0,0,0,0,0,0,0,0
1488,43954,0,0,0,0,0,0,0,0,0,0,0,0,0,0
1489,43954,0,0,0,0,0,0,0,0,0,0,0,0,0,0
1490,43954,0,0,0,0,0,0,0,0,0,0,0,0,0,0
1491,43954,0,0,0,0,0,0,0,0,0,0,0,0,0,0
1492,43954,0,0,0,0,0,0,0,0,0,0,0,0,0,0
1493,43954,0,0,0,0,0,0,0,0,0,0,0,0,0,0
1494,43954,0,0,0,0,0,0,0,0,0,0,0,0,0,0
1495,43954,0,0,0,0,0,0,0,0,0,0,0,0,0,0
1496,43954,0,0,0,0,0,0,0,0,0,0,0,0,0,0
1497,43954,0,0,0,0,0,0,0,0,0,0,0,0,0,0
1498,43954,0,0,0,0,0,0,0,0,0,0,0,0,0,0
1499,43954,0,0,0,0,0,0,0,0,0,0,0,0,0,0
1500,43954,0,0,0,0,0,0,0,0,0,0,0,0,0,0
1501,43954,0,0,0,0,0,0,0,0,0,0,0,0,0,0
1502,43954,0,0,0,0,0,0,0,0,0,0,0,0,0,0
1503,43954,0,0,0,0,0,0,0,0,0,0,0,0,0,0
1504,43954,0,0,0,0,0,0,0,0,0,0,0,0,0,0
1505,43954,0,0,0,0,0,0,0,0,0,0,0,0,0,0
1506,43954,0,0,0,0,0,0,0,0,0,0,0,0,0,0
1507,43954,0,0,0,0,0,0,0,0,0,0,0,0,0,0
1508,43954,0,0,0,0,0,0,0,0,0,0,0,0,0,0
1509,43954,0,0,0,0,0,0,0,0,0,0,0,0,0,0
1510,43954,0,0,0,0,0,0,0,0,0,0,0,0,0,0
1511,43954,0,0,0,0,0,0,0,0,0,0,0,0,0,0
1512,43954,0,0,0,0,0,0,0,0,0,0,0,0,0,0
1513,43954,0,0,0,0,0,0,0,0,0,0,0,0,0,0
1514,43954,0,0,0,0,0,0,0,0,0,0,0,0,0,0
1515,43954,0,0,0,0,0,0,0,0,0,0,0,0,0,0
1516,43954,0,0,0,0,0,0,0,0,0,0,0,0,0,0
1517,43954,0,0,0,0,0,0,0,0,0,0,0,0,0,0
1518,43954,0,0,0,0,0,0,0,0,0,0,0,0,0,0
1519,43954,0,0,0,0,0,0,0,0,0,0,0,0,0,0
1520,43954,0,0,0,0,0,0,0,0,0,0,0,0,0,0
1521,43954,0,0,0,0,0,0,0,0,0,0,0,0,0,0
1522,43954,0,0,0,0,0,0,0,0,0,0,0,0,0,0
1523,43954,0,0,0,0,0,0,0,0,0,0,0,0,0,0
1524,43954,0,0,0,0,0,0,0,0,0,0,0,0,0,0
1525,43954,0,0,0,0,0,0,0,0,0,0,0,0,0,0
1526,43954,0,0,0,0,0,0,0,0,0,0,0,0,0,0
1527,43954,0,0,0,0,0,0,0,0,0,0,0,0,0,0
1528,43954,0,0,0,0,0,0,0,0,0,0,0,0,0,0
1529,43954,0,0,0,0,0,0,0,0,0,0,0,0,0,0
1530,51106,2260,93,0,0,0,0,0,0,0,0,0,0,0,0
1531,76539,10687,131,6,0,0,0,0,0,0,0,0,0,0,0
1532,114407,23119,274,0,2,0,0,0,0,0,0,0,0,0,0
1533,175232,43070,517,0,4,12,0,0,0,0,0,0,0,0,0
1534,154067,36019,514,0,1,31,2,0,0,0,0,0,0,0,0
1535,108706,21104,360,0,0,11,0,1,0,0,0,0,0,0,0
1536,86837,14005,217,0,0,2,0,0,0,0,0,0,0,0,0
1537,71282,8964,109,0,0,0,0,0,0,0,0,0,0,0,0
1538,66123,7271,89,0,0,1,0,0,0,0,0,0,0,0,0
1539,59918,5216,79,0,0,0,0,0,0,0,0,0,0,0,0
1540,52905,2925,44,0,0,0,0,0,0,0,0,0,0,0,0
1541,48416,1458,22,0,0,0,0,0,0,0,0,0,0,0,0
1542,49893,1949,23,0,0,0,0,0,0,0,0,0,0,0,0
1543,47904,1290,20,0,0,0,0,0,0,0,0,0,0,0,0
1544,44289,109,2,0,0,0,0,0,0,0,0,0,0,0,0
1545,46014,676,8,0,0,0,0,0,0,0,0,0,0,0,0
1546,45205,405,9,0,0,0,0,0,0,0,0,0,0,0,0
1547,45216,414,5,0,0,0,0,0,0,0,0,0,0,0,0
1548,45152,394,4,0,0,0,0,0,0,0,0,0,0,0,0
1549,43954,0,0,0,0,0,0,0,0,0,0,0,0,0,0
1550,43954,0,0,0,0,0,0,0,0,0,0,0,0,0,0
1551,43954,0,0,0,0,0,0,0,0,0,0,0,0,0,0
1552,43954,0,0,0,0,0,0,0,0,0,0,0,0,0,0
1553,43954,0,0,0,0,0,0,0,0,0,0,0,0,0,0
1554,43954,0,0,0,0,0,0,0,0,0,0,0,0,0,0
1555,43954,0,0,0,0,0,0,0,0,0,0,0,0,0,0
1556,43954,0,0,0,0,0,0,0,0,0,0,0,0,0,0
1557,43954,0,0,0,0,0,0,0,0,0,0,0,0,0,0
1558,43954,0,0,0,0,0,0,0,0,0,0,0,0,0,0
1559,43954,0,0,0,0,0,0,0,0,0,0,0,0,0,0
1560,43954,0,0,0,0,0,0,0,0,0,0,0,0,0,0
1561,43954,0,0,0,0,0,0,0,0,0,0,0,0,0,0
1562,43954,0,0,0,0,0,0,0,0,0,0,0,0,0,0
1563,43954,0,0,0,0,0,0,0,0,0,0,0,0,0,0
1564,43954,0,0,0,0,0,0,0,0,0,0,0,0,0,0
1565,43954,0,0,0,0,0,0,0,0,0,0,0,0,0,0
1566,43954,0,0,0,0,0,0,0,0,0,0,0,0,0,0
1567,43954,0,0,0,0,0,0,0,0,0,0,0,0,0,0
1568,43954,0,0,0,0,0,0,0,0,0,0,0,0,0,0
1569,43954,0,0,0,0,0,0,0,0,0,0,0,0,0,0
1570,43954,0,0,0,0,0,0,0,0,0,0,0,0,0,0
1571,43954,0,0,0,0,0,0,0,0,0,0,0,0,0,0
1572,43954,0,0,0,0,0,0,0,0,0,0,0,0,0,0
1573,43954,0,0,0,0,0,0,0,0,0,0,0,0,0,0
1574,43954,0,0,0,0,0,0,0,0,0,0,0,0,0,0
1575,43954,0,0,0,0,0,0,0,0,0,0,0,0,0,0
1576,43954,0,0,0,0,0,0,0,0,0,0,0,0,0,0
1577,43954,0,0,0,0,0,0,0,0,0,0,0,0,0,0
1578,43954,0,0,0,0,0,0,0,0,0,0,0,0,0,0
1579,43954,0,0,0,0,0,0,0,0,0,0,0,0,0,0
1580,43954,0,0,0,0,0,0,0,0,0,0,0,0,0,0
1581,43954,0,0,0,0,0,0,0,0,0,0,0,0,0,0
1582,43954,0,0,0,0,0,0,0,0,0,0,0,0,0,0
1583,43954,0,0,0,0,0,0,0,0,0,0,0,0,0,0
1584,43954,0,0,0,0,0,0,0,0,0,0,0,0,0,0
1585,43954,0,0,0,0,0,0,0,0,0,0,0,0,0,0
1586,43954,0,0,0,0,0,0,0,0,0,0,0,0,0,0
1587,43954,0,0,0,0,0,0,0,0,0,0,0,0,0,0
1588,43954,0,0,0,0,0,0,0,0,0,0,0,0,0,0
1589,43954,0,0,0,0,0,0,0,0,0,0,0,0,0,0
1590,43954,0,0,0,0,0,0,0,0,0,0,0,0,0,0
1591,43954,0,0,0,0,0,0,0,0,0,0,0,0,0,0
1592,43954,0,0,0,0,0,0,0,0,0,0,0,0,0,0
1593,43954,0,0,0,0,0,0,0,0,0,0,0,0,0,0
1594,43954,0,0,0,0,0,0,0,0,0,0,0,0,0,0
1595,51106,2260,93,0,0,0,0,0,0,0,0,0,0,0,0
1596,76783,10767,132,6,0,0,0,0,0,0,0,0,0,0,0
1597,113396,22782,274,0,2,0,0,0,0,0,0,0,0,0,0
1598,171472,41830,507,0,4,12,0,0,0,0,0,0,0,0,0
1599,147209,33785,475,0,1,32,0,0,0,0,0,0,0,0,0
1600,104859,19875,320,0,0,8,2,2,0,0,0,0,0,0,0
1601,107290,20748,273,0,0,4,0,0,0,0,0,0,0,0,0
1602,73624,9666,168,0,0,4,0,0,0,0,0,0,0,0,0
1603,66955,7555,84,0,0,4,0,0,0,0,0,0,0,0,0
1604,61425,5713,83,0,0,3,0,0,0,0,0,0,0,0,0
1605,51916,2602,39,0,0,1,0,0,0,0,0,0,0,0,0
1606,54123,3347,32,0,0,0,0,0,0,0,0,0,0,0,0
1607,47739,1243,14,0,0,0,0,0,0,0,0,0,0,0,0
1608,44944,322,6,0,0,0,0,0,0,0,0,0,0,0,0
1609,44550,192,5,0,0,0,0,0,0,0,0,0,0,0,0
1610,44611,215,3,0,0,0,0,0,0,0,0,0,0,0,0
1611,43954,0,0,0,0,0,0,0,0,0,0,0,0,0,0
1612,43954,0,0,0,0,0,0,0,0,0,0,0,0,0,0
1613,43954,0,0,0,0,0,0,0,0,0,0,0,0,0,0
1614,43954,0,0,0,0,0,0,0,0,0,0,0,0,0,0
1615,43954,0,0,0,0,0,0,0,0,0,0,0,0,0,0
1616,43954,0,0,0,0,0,0,0,0,0,0,0,0,0,0
1617,43954,0,0,0,0,0,0,0,0,0,0,0,0,0,0
1618,43954,0,0,0,0,0,0,0,0,0,0,0,0,0,0
1619,43954,0,0,0,0,0,0,0,0,0,0,0,0,0,0
1620,43954,0,0,0,0,0,0,0,0,0,0,0,0,0,0
1621,43954,0,0,0,0,0,0,0,0,0,0,0,0,0,0
1622,43954,0,0,0,0,0,0,0,0,0,0,0,0,0,0
1623,43954,0,0,0,0,0,0,0,0,0,0,0,0,0,0
1624,43954,0,0,0,0,0,0,0,0,0,0,0,0,0,0
1625,43954,0,0,0,0,0,0,0,0,0,0,0,0,0,0
1626,43954,0,0,0,0,0,0,0,0,0,0,0,0,0,0
1627,43954,0,0,0,0,0,0,0,0,0,0,0,0,0,0
1628,43954,0,0,0,0,0,0,0,0,0,0,0,0,0,0
1629,43954,0,0,0,0,0,0,0,0,0,0,0,0,0,0
1630,43954,0,0,0,0,0,0,0,0,0,0,0,0,0,0
1631,43954,0,0,0,0,0,0,0,0,0,0,0,0,0,0
1632,43954,0,0,0,0,0,0,0,0,0,0,0,0,0,0
1633,43954,0,0,0,0,0,0,0,0,0,0,0,0,0,0
1634,43954,0,0,0,0,0,0,0,0,0,0,0,0,0,0
1635,43954,0,0,0,0,0,0,0,0,0,0,0,0,0,0
1636,43954,0,0,0,0,0,0,0,0,0,0,0,0,0,0
1637,43954,0,0,0,0,0,0,0,0,0,0,0,0,0,0
1638,43954,0,0,0,0,0,0,0,0,0,0,0,0,0,0
1639,43954,0,0,0,0,0,0,0,0,0,0,0,0,0,0
1640,43954,0,0,0,0,0,0,0,0,0,0,0,0,0,0
1641,43954,0,0,0,0,0,0,0,0,0,0,0,0,0,0
1642,43954,0,0,0,0,0,0,0,0,0,0,0,0,0,0
1643,43954,0,0,0,0,0,0,0,0,0,0,0,0,0,0
1644,43954,0,0,0,0,0,0,0,0,0,0,0,0,0,0
1645,43954,0,0,0,0,0,0,0,0,0,0,0,0,0,0
1646,43954,0,0,0,0,0,0,0,0,0,0,0,0,0,0
1647,43954,0,0,0,0,0,0,0,0,0,0,0,0,0,0
1648,43954,0,0,0,0,0,0,0,0,0,0,0,0,0,0
1649,43954,0,0,0,0,0,0,0,0,0,0,0,0,0,0
1650,43954,0,0,0,0,0,0,0,0,0,0,0,0,0,0
1651,43954,0,0,0,0,0,0,0,0,0,0,0,0,0,0
1652,43954,0,0,0,0,0,0,0,0,0,0,0,0,0,0
1653,43954,0,0,0,0,0,0,0,0,0,0,0,0,0,0
1654,43954,0,0,0,0,0,0,0,0,0,0,0,0,0,0
1655,43954,0,0,0,0,0,0,0,0,0,0,0,0,0,0
1656,43954,0,0,0,0,0,0,0,0,0,0,0,0,0,0
1657,43954,0,0,0,0,0,0,0,0,0,0,0,0,0,0
1658,43954,0,0,0,0,0,0,0,0,0,0,0,0,0,0
1659,43954,0,0,0,0,0,0,0,0,0,0,0,0,0,0
1660,51106,2260,93,0,0,0,0,0,0,0,0,0,0,0,0
1661,76675,10731,132,6,0,0,0,0,0,0,0,0,0,0,0
1662,111929,22301,268,0,2,0,0,0,0,0,0,0,0,0,0
1663,168466,40848,492,0,4,12,0,0,0,0,0,0,0,0,0
1664,145253,33133,475,0,0,30,0,0,0,0,0,0,0,0,0
1665,110136,21610,338,0,0,7,2,2,0,0,0,0,0,0,0
1666,107555,20847,265,0,0,3,0,0,0,0,0,0,0,0,0
1667,71030,8832,145,0,0,4,0,0,0,0,0,0,0,0,0
1668,65703,7131,89,0,0,5,0,0,0,0,0,0,0,0,0
1669,61333,5701,69,0,0,2,0,0,0,0,0,0,0,0,0
1670,57073,4289,63,0,0,2,0,0,0,0,0,0,0,0,0
1671,52224,2722,26,0,0,0,0,0,0,0,0,0,0,0,0
1672,45647,555,7,0,0,0,0,0,0,0,0,0,0,0,0
1673,44304,114,2,0,0,0,0,0,0,0,0,0,0,0,0
1674,43954,0,0,0,0,0,0,0,0,0,0,0,0,0,0
1675,43954,0,0,0,0,0,0,0,0,0,0,0,0,0,0
1676,43954,0,0,0,0,0,0,0,0,0,0,0,0,0,0
1677,43954,0,0,0,0,0,0,0,0,0,0,0,0,0,0
1678,43954,0,0,0,0,0,0,0,0,0,0,0,0,0,0
1679,43954,0,0,0,0,0,0,0,0,0,0,0,0,0,0
1680,43954,0,0,0,0,0,0,0,0,0,0,0,0,0,0
1681,43954,0,0,0,0,0,0,0,0,0,0,0,0,0,0
1682,43954,0,0,0,0,0,0,0,0,0,0,0,0,0,0
1683,43954,0,0,0,0,0,0,0,0,0,0,0,0,0,0
1684,43954,0,0,0,0,0,0,0,0,0,0,0,0,0,0
1685,43954,0,0,0,0,0,0,0,0,0,0,0,0,0,0
1686,43954,0,0,0,0,0,0,0,0,0,0,0,0,0,0
1687,43954,0,0,0,0,0,0,0,0,0,0,0,0,0,0
1688,43954,0,0,0,0,0,0,0,0,0,0,0,0,0,0
1689,43954,0,0,0,0,0,0,0,0,0,0,0,0,0,0
1690,43954,0,0,0,0,0,0,0,0,0,0,0,0,0,0
1691,43954,0,0,0,0,0,0,0,0,0,0,0,0,0,0
1692,43954,0,0,0,0,0,0,0,0,0,0,0,0,0,0
1693,43954,0,0,0,0,0,0,0,0,0,0,0,0,0,0
1694,43954,0,0,0,0,0,0,0,0,0,0,0,0,0,0
1695,43954,0,0,0,0,0,0,0,0,0,0,0,0,0,0
1696,43954,0,0,0,0,0,0,0,0,0,0,0,0,0,0
1697,43954,0,0,0,0,0,0,0,0,0,0,0,0,0,0
1698,43954,0,0,0,0,0,0,0,0,0,0,0,0,0,0
1699,43954,0,0,0,0,0,0,0,0,0,0,0,0,0,0
1700,43954,0,0,0,0,0,0,0,0,0,0,0,0,0,0
1701,43954,0,0,0,0,0,0,0,0,0,0,0,0,0,0
1702,43954,0,0,0,0,0,0,0,0,0,0,0,0,0,0
1703,43954,0,0,0,0,0,0,0,0,0,0,0,0,0,0
1704,43954,0,0,0,0,0,0,0,0,0,0,0,0,0,0
1705,43954,0,0,0,0,0,0,0,0,0,0,0,0,0,0
1706,43954,0,0,0,0,0,0,0,0,0,0,0,0,0,0
1707,43954,0,0,0,0,0,0,0,0,0,0,0,0,0,0
1708,43954,0,0,0,0,0,0,0,0,0,0,0,0,0,0
1709,43954,0,0,0,0,0,0,0,0,0,0,0,0,0,0
1710,43954,0,0,0,0,0,0,0,0,0,0,0,0,0,0
1711,43954,0,0,0,0,0,0,0,0,0,0,0,0,0,0
1712,43954,0,0,0,0,0,0,0,0,0,0,0,0,0,0
1713,43954,0,0,0,0,0,0,0,0,0,0,0,0,0,0
1714,43954,0,0,0,0,0,0,0,0,0,0,0,0,0,0
1715,43954,0,0,0,0,0,0,0,0,0,0,0,0,0,0
1716,43954,0,0,0,0,0,0,0,0,0,0,0,0,0,0
1717,43954,0,0,0,0,0,0,0,0,0,0,0,0,0,0
1718,43954,0,0,0,0,0,0,0,0,0,0,0,0,0,0
1719,43954,0,0,0,0,0,0,0,0,0,0,0,0,0,0
1720,43954,0,0,0,0,0,0,0,0,0,0,0,0,0,0
1721,43954,0,0,0,0,0,0,0,0,0,0,0,0,0,0
1722,43954,0,0,0,0,0,0,0,0,0,0,0,0,0,0
1723,43954,0,0,0,0,0,0,0,0,0,0,0,0,0,0
1724,43954,0,0,0,0,0,0,0,0,0,0,0,0,0,0
1725,51106,2260,93,0,0,0,0,0,0,0,0,0,0,0,0
1726,76906,10808,132,6,0,0,0,0,0,0,0,0,0,0,0
1727,111228,22070,266,0,2,0,0,0,0,0,0,0,0,0,0
1728,160290,38152,470,0,4,8,0,0,0,0,0,0,0,0,0
1729,159106,37696,516,0,1,38,0,0,0,0,0,0,0,0,0
1730,114992,23166,385,0,0,10,2,2,0,0,0,0,0,0,0
1731,104329,19737,291,0,0,3,0,0,0,0,0,0,0,0,0
1732,64221,6617,104,0,0,1,0,0,0,0,0,0,0,0,0
1733,56539,4123,54,0,0,0,0,0,0,0,0,0,0,0,0
1734,51706,2532,39,0,0,0,0,0,0,0,0,0,0,0,0
1735,54746,3540,43,0,0,0,0,0,0,0,0,0,0,0,0
1736,53049,2985,35,0,0,0,0,0,0,0,0,0,0,0,0
1737,44441,157,4,0,0,0,0,0,0,0,0,0,0,0,0
1738,43954,0,0,0,0,0,0,0,0,0,0,0,0,0,0
1739,43954,0,0,0,0,0,0,0,0,0,0,0,0,0,0
1740,43954,0,0,0,0,0,0,0,0,0,0,0,0,0,0
1741,43954,0,0,0,0,0,0,0,0,0,0,0,0,0,0
1742,43954,0,0,0,0,0,0,0,0,0,0,0,0,0,0
1743,43954,0,0,0,0,0,0,0,0,0,0,0,0,0,0
1744,43954,0,0,0,0,0,0,0,0,0,0,0,0,0,0
1745,43954,0,0,0,0,0,0,0,0,0,0,0,0,0,0
1746,43954,0,0,0,0,0,0,0,0,0,0,0,0,0,0
1747,43954,0,0,0,0,0,0,0,0,0,0,0,0,0,0
1748,43954,0,0,0,0,0,0,0,0,0,0,0,0,0,0
1749,43954,0,0,0,0,0,0,0,0,0,0,0,0,0,0
1750,43954,0,0,0,0,0,0,0,0,0,0,0,0,0,0
1751,43954,0,0,0,0,0,0,0,0,0,0,0,0,0,0
1752,43954,0,0,0,0,0,0,0,0,0,0,0,0,0,0
1753,43954,0,0,0,0,0,0,0,0,0,0,0,0,0,0
1754,43954,0,0,0,0,0,0,0,0,0,0,0,0,0,0
1755,43954,0,0,0,0,0,0,0,0,0,0,0,0,0,0
1756,43954,0,0,0,0,0,0,0,0,0,0,0,0,0,0
1757,43954,0,0,0,0,0,0,0,0,0,0,0,0,0,0
1758,43954,0,0,0,0,0,0,0,0,0,0,0,0,0,0
1759,43954,0,0,0,0,0,0,0,0,0,0,0,0,0,0
1760,43954,0,0,0,0,0,0,0,0,0,0,0,0,0,0
1761,43954,0,0,0,0,0,0,0,0,0,0,0,0,0,0
1762,43954,0,0,0,0,0,0,0,0,0,0,0,0,0,0
1763,43954,0,0,0,0,0,0,0,0,0,0,0,0,0,0
1764,43954,0,0,0,0,0,0,0,0,0,0,0,0,0,0
1765,43954,0,0,0,0,0,0,0,0,0,0,0,0,0,0
1766,43954,0,0,0,0,0,0,0,0,0,0,0,0,0,0
1767,43954,0,0,0,0,0,0,0,0,0,0,0,0,0,0
1768,43954,0,0,0,0,0,0,0,0,0,0,0,0,0,0
1769,43954,0,0,0,0,0,0,0,0,0,0,0,0,0,0
1770,43954,0,0,0,0,0,0,0,0,0,0,0,0,0,0
1771,43954,0,0,0,0,0,0,0,0,0,0,0,0,0,0
1772,43954,0,0,0,0,0,0,0,0,0,0,0,0,0,0
1773,43954,0,0,0,0,0,0,0,0,0,0,0,0,0,0
1774,43954,0,0,0,0,0,0,0,0,0,0,0,0,0,0
1775,43954,0,0,0,0,0,0,0,0,0,0,0,0,0,0
1776,43954,0,0,0,0,0,0,0,0,0,0,0,0,0,0
1777,43954,0,0,0,0,0,0,0,0,0,0,0,0,0,0
1778,43954,0,0,0,0,0,0,0,0,0,0,0,0,0,0
1779,43954,0,0,0,0,0,0,0,0,0,0,0,0,0,0
1780,43954,0,0,0,0,0,0,0,0,0,0,0,0,0,0
1781,43954,0,0,0,0,0,0,0,0,0,0,0,0,0,0
1782,43954,0,0,0,0,0,0,0,0,0,0,0,0,0,0
1783,43954,0,0,0,0,0,0,0,0,0,0,0,0,0,0
1784,43954,0,0,0,0,0,0,0,0,0,0,0,0,0,0
1785,43954,0,0,0,0,0,0,0,0,0,0,0,0,0,0
1786,43954,0,0,0,0,0,0,0,0,0,0,0,0,0,0
1787,43954,0,0,0,0,0,0,0,0,0,0,0,0,0,0
1788,43954,0,0,0,0,0,0,0,0,0,0,0,0,0,0
1789,43954,0,0,0,0,0,0,0,0,0,0,0,0,0,0
1790,51106,2260,93,0,0,0,0,0,0,0,0,0,0,0,0
1791,76675,10731,132,6,0,0,0,0,0,0,0,0,0,0,0
1792,112426,22468,267,0,2,0,0,0,0,0,0,0,0,0,0
1793,167313,40461,494,0,4,12,0,0,0,0,0,0,0,0,0
1794,148701,34261,491,0,0,29,0,0,0,0,0,0,0,0,0
1795,109598,21424,343,0,0,9,2,1,0,0,0,0,0,0,0
1796,97269,17433,254,0,0,2,0,0,0,0,0,0,0,0,0
1797,62407,6011,105,0,0,0,0,0,0,0,0,0,0,0,0
1798,66073,7261,84,0,0,2,0,0,0,0,0,0,0,0,0
1799,61475,5763,58,0,0,2,0,0,0,0,0,0,0,0,0
1800,54162,3360,32,0,0,0,0,0,0,0,0,0,0,0,0
1801,52348,2766,24,0,0,0,0,0,0,0,0,0,0,0,0
1802,48405,1465,14,0,0,0,0,0,0,0,0,0,0,0,0
1803,49112,1686,25,0,0,0,0,0,0,0,0,0,0,0,0
1804,45299,439,7,0,0,0,0,0,0,0,0,0,0,0,0
1805,44712,246,5,0,0,0,0,0,0,0,0,0,0,0,0
1806,43954,0,0,0,0,0,0,0,0,0,0,0,0,0,0
1807,43954,0,0,0,0,0,0,0,0,0,0,0,0,0,0
1808,43954,0,0,0,0,0,0,0,0,0,0,0,0,0,0
1809,43954,0,0,0,0,0,0,0,0,0,0,0,0,0,0
1810,43954,0,0,0,0,0,0,0,0,0,0,0,0,0,0
1811,43954,0,0,0,0,0,0,0,0,0,0,0,0,0,0
1812,43954,0,0,0,0,0,0,0,0,0,0,0,0,0,0
1813,43954,0,0,0,0,0,0,0,0,0,0,0,0,0,0
1814,43954,0,0,0,0,0,0,0,0,0,0,0,0,0,0
1815,43954,0,0,0,0,0,0,0,0,0,0,0,0,0,0
1816,43954,0,0,0,0,0,0,0,0,0,0,0,0,0,0
1817,43954,0,0,0,0,0,0,0,0,0,0,0,0,0,0
1818,43954,0,0,0,0,0,0,0,0,0,0,0,0,0,0
1819,43954,0,0,0,0,0,0,0,0,0,0,0,0,0,0
1820,43954,0,0,0,0,0,0,0,0,0,0,0,0,0,0
1821,43954,0,0,0,0,0,0,0,0,0,0,0,0,0,0
1822,43954,0,0,0,0,0,0,0,0,0,0,0,0,0,0
1823,43954,0,0,0,0,0,0,0,0,0,0,0,0,0,0
1824,43954,0,0,0,0,0,0,0,0,0,0,0,0,0,0
1825,43954,0,0,0,0,0,0,0,0,0,0,0,0,0,0
1826,43954,0,0,0,0,0,0,0,0,0,0,0,0,0,0
1827,43954,0,0,0,0,0,0,0,0,0,0,0,0,0,0
1828,43954,0,0,0,0,0,0,0,0,0,0,0,0,0,0
1829,43954,0,0,0,0,0,0,0,0,0,0,0,0,0,0
1830,43954,0,0,0,0,0,0,0,0,0,0,0,0,0,0
1831,43954,0,0,0,0,0,0,0,0,0,0,0,0,0,0
1832,43954,0,0,0,0,0,0,0,0,0,0,0,0,0,0
1833,43954,0,0,0,0,0,0,0,0,0,0,0,0,0,0
1834,43954,0,0,0,0,0,0,0,0,0,0,0,0,0,0
1835,43954,0,0,0,0,0,0,0,0,0,0,0,0,0,0
1836,43954,0,0,0,0,0,0,0,0,0,0,0,0,0,0
1837,43954,0,0,0,0,0,0,0,0,0,0,0,0,0,0
1838,43954,0,0,0,0,0,0,0,0,0,0,0,0,0,0
1839,43954,0,0,0,0,0,0,0,0,0,0,0,0,0,0
1840,43954,0,0,0,0,0,0,0,0,0,0,0,0,0,0
1841,43954,0,0,0,0,0,0,0,0,0,0,0,0,0,0
1842,43954,0,0,0,0,0,0,0,0,0,0,0,0,0,0
1843,43954,0,0,0,0,0,0,0,0,0,0,0,0,0,0
1844,43954,0,0,0,0,0,0,0,0,0,0,0,0,0,0
1845,43954,0,0,0,0,0,0,0,0,0,0,0,0,0,0
1846,43954,0,0,0,0,0,0,0,0,0,0,0,0,0,0
1847,43954,0,0,0,0,0,0,0,0,0,0,0,0,0,0
1848,43954,0,0,0,0,0,0,0,0,0,0,0,0,0,0
1849,43954,0,0,0,0,0,0,0,0,0,0,0,0,0,0
1850,43954,0,0,0,0,0,0,0,0,0,0,0,0,0,0
1851,43954,0,0,0,0,0,0,0,0,0,0,0,0,0,0
1852,43954,0,0,0,0,0,0,0,0,0,0,0,0,0,0
1853,43954,0,0,0,0,0,0,0,0,0,0,0,0,0,0
1854,43954,0,0,0,0,0,0,0,0,0,0,0,0,0,0
1855,51106,2260,93,0,0,0,0,0,0,0,0,0,0,0,0
1856,77042,10852,133,6,0,0,0,0,0,0,0,0,0,0,0
1857,111498,22160,266,0,2,0,0,0,0,0,0,0,0,0,0
1858,166017,40033,491,0,4,12,0,0,0,0,0,0,0,0,0
1859,161458,38468,525,0,0,30,0,0,0,0,0,0,0,0,0
1860,105745,20129,351,0,0,8,2,1,0,0,0,0,0,0,0
1861,98665,17897,255,0,0,2,0,0,0,0,0,0,0,0,0
1862,75690,10372,155,0,0,1,0,0,0,0,0,0,0,0,0
1863,65175,6939,101,0,0,3,0,0,0,0,0,0,0,0,0
1864,62329,6033,69,0,0,1,0,0,0,0,0,0,0,0,0
1865,51767,2551,40,0,0,0,0,0,0,0,0,0,0,0,0
1866,53331,3067,44,0,0,0,0,0,0,0,0,0,0,0,0
1867,49941,1965,23,0,0,0,0,0,0,0,0,0,0,0,0
1868,50134,2016,33,0,0,0,0,0,0,0,0,0,0,0,0
1869,53417,3101,40,0,0,0,0,0,0,0,0,0,0,0,0
1870,56995,4291,42,0,0,0,0,0,0,0,0,0,0,0,0
1871,59236,5006,66,0,0,0,0,0,0,0,0,0,0,0,0
1872,60607,5459,69,0,0,0,0,0,0,0,0,0,0,0,0
1873,58715,4843,58,0,0,0,0,0,0,0,0,0,0,0,0
1874,58962,4924,59,0,0,0,0,0,0,0,0,0,0,0,0
1875,49934,1952,31,0,0,0,0,0,0,0,0,0,0,0,0
1876,54790,3564,36,0,0,0,0,0,0,0,0,0,0,0,0
1877,59283,5043,50,0,0,0,0,0,0,0,0,0,0,0,0
1878,60355,5383,63,0,0,0,0,0,0,0,0,0,0,0,0
1879,51935,2595,49,0,0,0,0,0,0,0,0,0,0,0,0
1880,62245,5993,78,0,0,0,0,0,0,0,0,0,0,0,0
1881,58505,4761,67,0,0,0,0,0,0,0,0,0,0,0,0
1882,59407,5067,63,0,0,0,0,0,0,0,0,0,0,0,0
1883,48853,1589,33,0,0,0,0,0,0,0,0,0,0,0,0
1884,51835,2571,42,0,0,0,0,0,0,0,0,0,0,0,0
1885,49366,1768,27,0,0,0,0,0,0,0,0,0,0,0,0
1886,47747,1239,19,0,0,0,0,0,0,0,0,0,0,0,0
1887,48363,1447,17,0,0,0,0,0,0,0,0,0,0,0,0
1888,44141,61,1,0,0,0,0,0,0,0,0,0,0,0,0
1889,43954,0,0,0,0,0,0,0,0,0,0,0,0,0,0
1890,43954,0,0,0,0,0,0,0,0,0,0,0,0,0,0
1891,43954,0,0,0,0,0,0,0,0,0,0,0,0,0,0
1892,43954,0,0,0,0,0,0,0,0,0,0,0,0,0,0
1893,43954,0,0,0,0,0,0,0,0,0,0,0,0,0,0
1894,43954,0,0,0,0,0,0,0,0,0,0,0,0,0,0
1895,43954,0,0,0,0,0,0,0,0,0,0,0,0,0,0
1896,43954,0,0,0,0,0,0,0,0,0,0,0,0,0,0
1897,43954,0,0,0,0,0,0,0,0,0,0,0,0,0,0
1898,43954,0,0,0,0,0,0,0,0,0,0,0,0,0,0
1899,43954,0,0,0,0,0,0,0,0,0,0,0,0,0,0
1900,43954,0,0,0,0,0,0,0,0,0,0,0,0,0,0
1901,43954,0,0,0,0,0,0,0,0,0,0,0,0,0,0
1902,43954,0,0,0,0,0,0,0,0,0,0,0,0,0,0
1903,43954,0,0,0,0,0,0,0,0,0,0,0,0,0,0
1904,43954,0,0,0,0,0,0,0,0,0,0,0,0,0,0
1905,43954,0,0,0,0,0,0,0,0,0,0,0,0,0,0
1906,43954,0,0,0,0,0,0,0,0,0,0,0,0,0,0
1907,43954,0,0,0,0,0,0,0,0,0,0,0,0,0,0
1908,43954,0,0,0,0,0,0,0,0,0,0,0,0,0,0
1909,43954,0,0,0,0,0,0,0,0,0,0,0,0,0,0
1910,43954,0,0,0,0,0,0,0,0,0,0,0,0,0,0
1911,43954,0,0,0,0,0,0,0,0,0,0,0,0,0,0
1912,43954,0,0,0,0,0,0,0,0,0,0,0,0,0,0
1913,43954,0,0,0,0,0,0,0,0,0,0,0,0,0,0
1914,43954,0,0,0,0,0,0,0,0,0,0,0,0,0,0
1915,43954,0,0,0,0,0,0,0,0,0,0,0,0,0,0
1916,43954,0,0,0,0,0,0,0,0,0,0,0,0,0,0
1917,43954,0,0,0,0,0,0,0,0,0,0,0,0,0,0
1918,43954,0,0,0,0,0,0,0,0,0,0,0,0,0,0
1919,43954,0,0,0,0,0,0,0,0,0,0,0,0,0,0
1920,50942,2208,91,0,0,0,0,0,0,0,0,0,0,0,0
1921,75137,10225,127,6,0,0,0,0,0,0,0,0,0,0,0
1922,99023,18067,217,0,2,0,0,0,0,0,0,0,0,0,0
1923,126665,27145,319,0,2,6,0,0,0,0,0,0,0,0,0
1924,156060,36722,485,0,0,34,0,0,0,0,0,0,0,0,0
1925,113559,22723,359,0,1,9,2,0,0,0,0,0,0,0,0
1926,98588,17886,244,0,0,2,0,0,0,0,0,0,0,0,0
1927,84799,13387,171,0,0,0,0,0,0,0,0,0,0,0,0
1928,71573,9013,145,0,0,1,2,0,0,0,0,0,0,0,0
1929,63831,6491,101,0,0,0,0,0,0,0,0,0,0,0,0
1930,56907,4231,65,0,0,0,0,0,0,0,0,0,0,0,0
1931,49728,1882,32,0,0,0,0,0,0,0,0,0,0,0,0
1932,49435,1799,21,0,0,0,0,0,0,0,0,0,0,0,0
1933,53307,3079,29,0,0,0,0,0,0,0,0,0,0,0,0
1934,51738,2552,32,0,0,0,0,0,0,0,0,0,0,0,0
1935,46954,980,15,0,0,0,0,0,0,0,0,0,0,0,0
1936,45606,536,11,0,0,0,0,0,0,0,0,0,0,0,0
1937,46273,761,9,0,0,0,0,0,0,0,0,0,0,0,0
1938,43954,0,0,0,0,0,0,0,0,0,0,0,0,0,0
1939,43954,0,0,0,0,0,0,0,0,0,0,0,0,0,0
1940,43954,0,0,0,0,0,0,0,0,0,0,0,0,0,0
1941,43954,0,0,0,0,0,0,0,0,0,0,0,0,0,0
1942,43954,0,0,0,0,0,0,0,0,0,0,0,0,0,0
1943,43954,0,0,0,0,0,0,0,0,0,0,0,0,0,0
1944,43954,0,0,0,0,0,0,0,0,0,0,0,0,0,0
1945,43954,0,0,0,0,0,0,0,0,0,0,0,0,0,0
1946,43954,0,0,0,0,0,0,0,0,0,0,0,0,0,0
1947,43954,0,0,0,0,0,0,0,0,0,0,0,0,0,0
1948,43954,0,0,0,0,0,0,0,0,0,0,0,0,0,0
1949,43954,0,0,0,0,0,0,0,0,0,0,0,0,0,0
1950,43954,0,0,0,0,0,0,0,0,0,0,0,0,0,0
1951,43954,0,0,0,0,0,0,0,0,0,0,0,0,0,0
1952,43954,0,0,0,0,0,0,0,0,0,0,0,0,0,0
1953,43954,0,0,0,0,0,0,0,0,0,0,0,0,0,0
1954,43954,0,0,0,0,0,0,0,0,0,0,0,0,0,0
1955,43954,0,0,0,0,0,0,0,0,0,0,0,0,0,0
1956,43954,0,0,0,0,0,0,0,0,0,0,0,0,0,0
1957,43954,0,0,0,0,0,0,0,0,0,0,0,0,0,0
1958,43954,0,0,0,0,0,0,0,0,0,0,0,0,0,0
1959,43954,0,0,0,0,0,0,0,0,0,0,0,0,0,0
1960,43954,0,0,0,0,0,0,0,0,0,0,0,0,0,0
1961,43954,0,0,0,0,0,0,0,0,0,0,0,0,0,0
1962,43954,0,0,0,0,0,0,0,0,0,0,0,0,0,0
1963,43954,0,0,0,0,0,0,0,0,0,0,0,0,0,0
1964,43954,0,0,0,0,0,0,0,0,0,0,0,0,0,0
1965,43954,0,0,0,0,0,0,0,0,0,0,0,0,0,0
1966,43954,0,0,0,0,0,0,0,0,0,0,0,0,0,0
1967,43954,0,0,0,0,0,0,0,0,0,0,0,0,0,0
1968,43954,0,0,0,0,0,0,0,0,0,0,0,0,0,0
1969,43954,0,0,0,0,0,0,0,0,0,0,0,0,0,0
1970,43954,0,0,0,0,0,0,0,0,0,0,0,0,0,0
1971,43954,0,0,0,0,0,0,0,0,0,0,0,0,0,0
1972,43954,0,0,0,0,0,0,0,0,0,0,0,0,0,0
1973,43954,0,0,0,0,0,0,0,0,0,0,0,0,0,0
1974,43954,0,0,0,0,0,0,0,0,0,0,0,0,0,0
1975,43954,0,0,0,0,0,0,0,0,0,0,0,0,0,0
1976,43954,0,0,0,0,0,0,0,0,0,0,0,0,0,0
1977,43954,0,0,0,0,0,0,0,0,0,0,0,0,0,0
1978,43954,0,0,0,0,0,0,0,0,0,0,0,0,0,0
1979,43954,0,0,0,0,0,0,0,0,0,0,0,0,0,0
1980,43954,0,0,0,0,0,0,0,0,0,0,0,0,0,0
1981,43954,0,0,0,0,0,0,0,0,0,0,0,0,0,0
1982,43954,0,0,0,0,0,0,0,0,0,0,0,0,0,0
1983,43954,0,0,0,0,0,0,0,0,0,0,0,0,0,0
1984,43954,0,0,0,0,0,0,0,0,0,0,0,0,0,0
1985,51106,2260,93,0,0,0,0,0,0,0,0,0,0,0,0
1986,76753,10757,132,6,0,0,0,0,0,0,0,0,0,0,0
1987,116340,23746,287,0,2,0,0,0,0,0,0,0,0,0,0
1988,170144,41382,511,0,4,12,0,0,0,0,0,0,0,0,0
1989,144983,33019,493,0,0,28,0,0,0,0,0,0,0,0,0
1990,109964,21566,328,0,0,5,2,0,0,0,0,0,0,0,0
1991,100126,18392,249,0,0,2,0,0,0,0,0,0,0,0,0
1992,72744,9442,116,0,0,6,0,0,0,0,0,0,0,0,0
1993,62291,5995,88,0,0,3,0,0,0,0,0,0,0,0,0
1994,50500,2146,27,0,0,0,0,0,0,0,0,0,0,0,0
1995,46718,900,16,0,0,0,0,0,0,0,0,0,0,0,0
1996,47407,1139,9,0,0,0,0,0,0,0,0,0,0,0,0
1997,44450,160,4,0,0,0,0,0,0,0,0,0,0,0,0
1998,44096,46,1,0,0,0,0,0,0,0,0,0,0,0,0
1999,43954,0,0,0,0,0,0,0,0,0,0,0,0,0,0
2000,43954,0,0,0,0,0,0,0,0,0,0,0,0,0,0
2001,43954,0,0,0,0,0,0,0,0,0,0,0,0,0,0
2002,43954,0,0,0,0,0,0,0,0,0,0,0,0,0,0
2003,43954,0,0,0,0,0,0,0,0,0,0,0,0,0,0
2004,43954,0,0,0,0,0,0,0,0,0,0,0,0,0,0
2005,43954,0,0,0,0,0,0,0,0,0,0,0,0,0,0
2006,43954,0,0,0,0,0,0,0,0,0,0,0,0,0,0
2007,43954,0,0,0,0,0,0,0,0,0,0,0,0,0,0
2008,43954,0,0,0,0,0,0,0,0,0,0,0,0,0,0
2009,43954,0,0,0,0,0,0,0,0,0,0,0,0,0,0
2010,43954,0,0,0,0,0,0,0,0,0,0,0,0,0,0
2011,43954,0,0,0,0,0,0,0,0,0,0,0,0,0,0
2012,43954,0,0,0,0,0,0,0,0,0,0,0,0,0,0
2013,43954,0,0,0,0,0,0,0,0,0,0,0,0,0,0
2014,43954,0,0,0,0,0,0,0,0,0,0,0,0,0,0
2015,43954,0,0,0,0,0,0,0,0,0,0,0,0,0,0
2016,43954,0,0,0,0,0,0,0,0,0,0,0,0,0,0
2017,43954,0,0,0,0,0,0,0,0,0,0,0,0,0,0
2018,43954,0,0,0,0,0,0,0,0,0,0,0,0,0,0
2019,43954,0,0,0,0,0,0,0,0,0,0,0,0,0,0
2020,43954,0,0,0,0,0,0,0,0,0,0,0,0,0,0
2021,43954,0,0,0,0,0,0,0,0,0,0,0,0,0,0
2022,43954,0,0,0,0,0,0,0,0,0,0,0,0,0,0
2023,43954,0,0,0,0,0,0,0,0,0,0,0,0,0,0
2024,43954,0,0,0,0,0,0,0,0,0,0,0,0,0,0
2025,43954,0,0,0,0,0,0,0,0,0,0,0,0,0,0
2026,43954,0,0,0,0,0,0,0,0,0,0,0,0,0,0
2027,43954,0,0,0,0,0,0,0,0,0,0,0,0,0,0
2028,43954,0,0,0,0,0,0,0,0,0,0,0,0,0,0
2029,43954,0,0,0,0,0,0,0,0,0,0,0,0,0,0
2030,43954,0,0,0,0,0,0,0,0,0,0,0,0,0,0
2031,43954,0,0,0,0,0,0,0,0,0,0,0,0,0,0
2032,43954,0,0,0,0,0,0,0,0,0,0,0,0,0,0
2033,43954,0,0,0,0,0,0,0,0,0,0,0,0,0,0
2034,43954,0,0,0,0,0,0,0,0,0,0,0,0,0,0
2035,43954,0,0,0,0,0,0,0,0,0,0,0,0,0,0
2036,43954,0,0,0,0,0,0,0,0,0,0,0,0,0,0
2037,43954,0,0,0,0,0,0,0,0,0,0,0,0,0,0
2038,43954,0,0,0,0,0,0,0,0,0,0,0,0,0,0
2039,43954,0,0,0,0,0,0,0,0,0,0,0,0,0,0
2040,43954,0,0,0,0,0,0,0,0,0,0,0,0,0,0
2041,43954,0,0,0,0,0,0,0,0,0,0,0,0,0,0
2042,43954,0,0,0,0,0,0,0,0,0,0,0,0,0,0
2043,43954,0,0,0,0,0,0,0,0,0,0,0,0,0,0
2044,43954,0,0,0,0,0,0,0,0,0,0,0,0,0,0
2045,43954,0,0,0,0,0,0,0,0,0,0,0,0,0,0
2046,43954,0,0,0,0,0,0,0,0,0,0,0,0,0,0
2047,43954,0,0,0,0,0,0,0,0,0,0,0,0,0,0
2048,43954,0,0,0,0,0,0,0,0,0,0,0,0,0,0
2049,43954,0,0,0,0,0,0,0,0,0,0,0,0,0,0
2050,51106,2260,93,0,0,0,0,0,0,0,0,0,0,0,0
2051,76913,10809,133,6,0,0,0,0,0,0,0,0,0,0,0
2052,114912,23286,275,0,2,0,0,0,0,0,0,0,0,0,0
2053,159950,38052,460,0,4,12,0,0,0,0,0,0,0,0,0
2054,144406,32860,468,0,0,29,0,0,0,0,0,0,0,0,0
2055,104684,19822,316,0,0,9,2,1,0,0,0,0,0,0,0
2056,75639,10331,173,0,0,1,0,0,0,0,0,0,0,0,0
2057,52563,2779,68,0,0,0,0,0,0,0,0,0,0,0,0
2058,55716,3862,44,0,0,0,0,0,0,0,0,0,0,0,0
2059,47097,1033,11,0,0,0,0,0,0,0,0,0,0,0,0
2060,44825,285,4,0,0,0,0,0,0,0,0,0,0,0,0
2061,47407,1139,9,0,0,0,0,0,0,0,0,0,0,0,0
2062,44767,263,6,0,0,0,0,0,0,0,0,0,0,0,0
2063,43954,0,0,0,0,0,0,0,0,0,0,0,0,0,0
2064,43954,0,0,0,0,0,0,0,0,0,0,0,0,0,0
2065,43954,0,0,0,0,0,0,0,0,0,0,0,0,0,0
2066,43954,0,0,0,0,0,0,0,0,0,0,0,0,0,0
2067,43954,0,0,0,0,0,0,0,0,0,0,0,0,0,0
2068,43954,0,0,0,0,0,0,0,0,0,0,0,0,0,0
2069,43954,0,0,0,0,0,0,0,0,0,0,0,0,0,0
2070,43954,0,0,0,0,0,0,0,0,0,0,0,0,0,0
2071,43954,0,0,0,0,0,0,0,0,0,0,0,0,0,0
2072,43954,0,0,0,0,0,0,0,0,0,0,0,0,0,0
2073,43954,0,0,0,0,0,0,0,0,0,0,0,0,0,0
2074,43954,0,0,0,0,0,0,0,0,0,0,0,0,0,0
2075,43954,0,0,0,0,0,0,0,0,0,0,0,0,0,0
2076,43954,0,0,0,0,0,0,0,0,0,0,0,0,0,0
2077,43954,0,0,0,0,0,0,0,0,0,0,0,0,0,0
2078,43954,0,0,0,0,0,0,0,0,0,0,0,0,0,0
2079,43954,0,0,0,0,0,0,0,0,0,0,0,0,0,0
2080,43954,0,0,0,0,0,0,0,0,0,0,0,0,0,0
2081,43954,0,0,0,0,0,0,0,0,0,0,0,0,0,0
2082,43954,0,0,0,0,0,0,0,0,0,0,0,0,0,0
2083,43954,0,0,0,0,0,0,0,0,0,0,0,0,0,0
2084,43954,0,0,0,0,0,0,0,0,0,0,0,0,0,0
2085,43954,0,0,0,0,0,0,0,0,0,0,0,0,0,0
2086,43954,0,0,0,0,0,0,0,0,0,0,0,0,0,0
2087,43954,0,0,0,0,0,0,0,0,0,0,0,0,0,0
2088,43954,0,0,0,0,0,0,0,0,0,0,0,0,0,0
2089,43954,0,0,0,0,0,0,0,0,0,0,0,0,0,0
2090,43954,0,0,0,0,0,0,0,0,0,0,0,0,0,0
2091,43954,0,0,0,0,0,0,0,0,0,0,0,0,0,0
2092,43954,0,0,0,0,0,0,0,0,0,0,0,0,0,0
2093,43954,0,0,0,0,0,0,0,0,0,0,0,0,0,0
2094,43954,0,0,0,0,0,0,0,0,0,0,0,0,0,0
2095,43954,0,0,0,0,0,0,0,0,0,0,0,0,0,0
2096,43954,0,0,0,0,0,0,0,0,0,0,0,0,0,0
2097,43954,0,0,0,0,0,0,0,0,0,0,0,0,0,0
2098,43954,0,0,0,0,0,0,0,0,0,0,0,0,0,0
2099,43954,0,0,0,0,0,0,0,0,0,0,0,0,0,0
2100,43954,0,0,0,0,0,0,0,0,0,0,0,0,0,0
2101,43954,0,0,0,0,0,0,0,0,0,0,0,0,0,0
2102,43954,0,0,0,0,0,0,0,0,0,0,0,0,0,0
2103,43954,0,0,0,0,0,0,0,0,0,0,0,0,0,0
2104,43954,0,0,0,0,0,0,0,0,0,0,0,0,0,0
2105,43954,0,0,0,0,0,0,0,0,0,0,0,0,0,0
2106,43954,0,0,0,0,0,0,0,0,0,0,0,0,0,0
2107,43954,0,0,0,0,0,0,0,0,0,0,0,0,0,0
2108,43954,0,0,0,0,0,0,0,0,0,0,0,0,0,0
2109,43954,0,0,0,0,0,0,0,0,0,0,0,0,0,0
2110,43954,0,0,0,0,0,0,0,0,0,0,0,0,0,0
2111,43954,0,0,0,0,0,0,0,0,0,0,0,0,0,0
2112,43954,0,0,0,0,0,0,0,0,0,0,0,0,0,0
2113,43954,0,0,0,0,0,0,0,0,0,0,0,0,0,0
2114,43954,0,0,0,0,0,0,0,0,0,0,0,0,0,0
2115,51106,2260,93,0,0,0,0,0,0,0,0,0,0,0,0
2116,77042,10852,133,6,0,0,0,0,0,0,0,0,0,0,0
2117,113094,22684,272,0,2,0,0,0,0,0,0,0,0,0,0
2118,173509,42493,519,0,4,12,0,0,0,0,0,0,0,0,0
2119,154083,36023,515,0,0,32,1,0,0,0,0,0,0,0,0
2120,107605,20745,354,0,0,10,1,1,0,0,0,0,0,0,0
2121,97660,17570,249,0,0,2,0,0,0,0,0,0,0,0,0
2122,64186,6608,102,0,0,0,0,0,0,0,0,0,0,0,0
2123,59199,4983,74,0,0,1,0,0,0,0,0,0,0,0,0
2124,58003,4619,48,0,0,0,0,0,0,0,0,0,0,0,0
2125,50032,1982,33,0,0,0,0,0,0,0,0,0,0,0,0
2126,44039,27,1,0,0,0,0,0,0,0,0,0,0,0,0
2127,44147,63,1,0,0,0,0,0,0,0,0,0,0,0,0
2128,44637,221,5,0,0,0,0,0,0,0,0,0,0,0,0
2129,43954,0,0,0,0,0,0,0,0,0,0,0,0,0,0
2130,43954,0,0,0,0,0,0,0,0,0,0,0,0,0,0
2131,43954,0,0,0,0,0,0,0,0,0,0,0,0,0,0
2132,43954,0,0,0,0,0,0,0,0,0,0,0,0,0,0
2133,43954,0,0,0,0,0,0,0,0,0,0,0,0,0,0
2134,43954,0,0,0,0,0,0,0,0,0,0,0,0,0,0
2135,43954,0,0,0,0,0,0,0,0,0,0,0,0,0,0
2136,43954,0,0,0,0,0,0,0,0,0,0,0,0,0,0
2137,43954,0,0,0,0,0,0,0,0,0,0,0,0,0,0
2138,43954,0,0,0,0,0,0,0,0,0,0,0,0,0,0
2139,43954,0,0,0,0,0,0,0,0,0,0,0,0,0,0
2140,43954,0,0,0,0,0,0,0,0,0,0,0,0,0,0
2141,43954,0,0,0,0,0,0,0,0,0,0,0,0,0,0
2142,43954,0,0,0,0,0,0,0,0,0,0,0,0,0,0
2143,43954,0,0,0,0,0,0,0,0,0,0,0,0,0,0
2144,43954,0,0,0,0,0,0,0,0,0,0,0,0,0,0
2145,43954,0,0,0,0,0,0,0,0,0,0,0,0,0,0
2146,43954,0,0,0,0,0,0,0,0,0,0,0,0,0,0
2147,43954,0,0,0,0,0,0,0,0,0,0,0,0,0,0
2148,43954,0,0,0,0,0,0,0,0,0,0,0,0,0,0
2149,43954,0,0,0,0,0,0,0,0,0,0,0,0,0,0
2150,43954,0,0,0,0,0,0,0,0,0,0,0,0,0,0
2151,43954,0,0,0,0,0,0,0,0,0,0,0,0,0,0
2152,43954,0,0,0,0,0,0,0,0,0,0,0,0,0,0
2153,43954,0,0,0,0,0,0,0,0,0,0,0,0,0,0
2154,43954,0,0,0,0,0,0,0,0,0,0,0,0,0,0
2155,43954,0,0,0,0,0,0,0,0,0,0,0,0,0,0
2156,43954,0,0,0,0,0,0,0,0,0,0,0,0,0,0
2157,43954,0,0,0,0,0,0,0,0,0,0,0,0,0,0
2158,43954,0,0,0,0,0,0,0,0,0,0,0,0,0,0
2159,43954,0,0,0,0,0,0,0,0,0,0,0,0,0,0
2160,43954,0,0,0,0,0,0,0,0,0,0,0,0,0,0
2161,43954,0,0,0,0,0,0,0,0,0,0,0,0,0,0
2162,43954,0,0,0,0,0,0,0,0,0,0,0,0,0,0
2163,43954,0,0,0,0,0,0,0,0,0,0,0,0,0,0
2164,43954,0,0,0,0,0,0,0,0,0,0,0,0,0,0
2165,43954,0,0,0,0,0,0,0,0,0,0,0,0,0,0
2166,43954,0,0,0,0,0,0,0,0,0,0,0,0,0,0
2167,43954,0,0,0,0,0,0,0,0,0,0,0,0,0,0
2168,43954,0,0,0,0,0,0,0,0,0,0,0,0,0,0
2169,43954,0,0,0,0,0,0,0,0,0,0,0,0,0,0
2170,43954,0,0,0,0,0,0,0,0,0,0,0,0,0,0
2171,43954,0,0,0,0,0,0,0,0,0,0,0,0,0,0
2172,43954,0,0,0,0,0,0,0,0,0,0,0,0,0,0
2173,43954,0,0,0,0,0,0,0,0,0,0,0,0,0,0
2174,43954,0,0,0,0,0,0,0,0,0,0,0,0,0,0
2175,43954,0,0,0,0,0,0,0,0,0,0,0,0,0,0
2176,43954,0,0,0,0,0,0,0,0,0,0,0,0,0,0
2177,43954,0,0,0,0,0,0,0,0,0,0,0,0,0,0
2178,43954,0,0,0,0,0,0,0,0,0,0,0,0,0,0
2179,43954,0,0,0,0,0,0,0,0,0,0,0,0,0,0
2180,51106,2260,93,0,0,0,0,0,0,0,0,0,0,0,0
2181,76416,10646,131,6,0,0,0,0,0,0,0,0,0,0,0
2182,114764,23234,277,0,2,0,0,0,0,0,0,0,0,0,0
2183,169484,41178,499,0,4,12,0,0,0,0,0,0,0,0,0
2184,153254,35756,508,0,0,33,0,1,0,0,0,0,0,0,0
2185,106677,20465,332,0,0,9,2,1,0,0,0,0,0,0,0
2186,88021,14381,231,0,0,2,0,0,0,0,0,0,0,0,0
2187,53849,3209,67,0,0,1,0,0,0,0,0,0,0,0,0
2188,51282,2400,32,0,0,3,0,0,0,0,0,0,0,0,0
2189,48872,1602,28,0,0,3,0,0,0,0,0,0,0,0,0
2190,53064,2994,32,0,0,0,0,0,0,0,0,0,0,0,0
2191,54080,3342,25,0,0,0,0,0,0,0,0,0,0,0,0
2192,46351,779,15,0,0,0,0,0,0,0,0,0,0,0,0
2193,46208,742,7,0,0,0,0,0,0,0,0,0,0,0,0
2194,47529,1173,14,0,0,0,0,0,0,0,0,0,0,0,0
2195,44369,133,4,0,0,0,0,0,0,0,0,0,0,0,0
2196,43954,0,0,0,0,0,0,0,0,0,0,0,0,0,0
2197,43954,0,0,0,0,0,0,0,0,0,0,0,0,0,0
2198,43954,0,0,0,0,0,0,0,0,0,0,0,0,0,0
2199,43954,0,0,0,0,0,0,0,0,0,0,0,0,0,0
2200,43954,0,0,0,0,0,0,0,0,0,0,0,0,0,0
2201,43954,0,0,0,0,0,0,0,0,0,0,0,0,0,0
2202,43954,0,0,0,0,0,0,0,0,0,0,0,0,0,0
2203,43954,0,0,0,0,0,0,0,0,0,0,0,0,0,0
2204,43954,0,0,0,0,0,0,0,0,0,0,0,0,0,0
2205,43954,0,0,0,0,0,0,0,0,0,0,0,0,0,0
2206,43954,0,0,0,0,0,0,0,0,0,0,0,0,0,0
2207,43954,0,0,0,0,0,0,0,0,0,0,0,0,0,0
2208,43954,0,0,0,0,0,0,0,0,0,0,0,0,0,0
2209,43954,0,0,0,0,0,0,0,0,0,0,0,0,0,0
2210,43954,0,0,0,0,0,0,0,0,0,0,0,0,0,0
2211,43954,0,0,0,0,0,0,0,0,0,0,0,0,0,0
2212,43954,0,0,0,0,0,0,0,0,0,0,0,0,0,0
2213,43954,0,0,0,0,0,0,0,0,0,0,0,0,0,0
2214,43954,0,0,0,0,0,0,0,0,0,0,0,0,0,0
2215,43954,0,0,0,0,0,0,0,0,0,0,0,0,0,0
2216,43954,0,0,0,0,0,0,0,0,0,0,0,0,0,0
2217,43954,0,0,0,0,0,0,0,0,0,0,0,0,0,0
2218,43954,0,0,0,0,0,0,0,0,0,0,0,0,0,0
2219,43954,0,0,0,0,0,0,0,0,0,0,0,0,0,0
2220,43954,0,0,0,0,0,0,0,0,0,0,0,0,0,0
2221,43954,0,0,0,0,0,0,0,0,0,0,0,0,0,0
2222,43954,0,0,0,0,0,0,0,0,0,0,0,0,0,0
2223,43954,0,0,0,0,0,0,0,0,0,0,0,0,0,0
2224,43954,0,0,0,0,0,0,0,0,0,0,0,0,0,0
2225,43954,0,0,0,0,0,0,0,0,0,0,0,0,0,0
2226,43954,0,0,0,0,0,0,0,0,0,0,0,0,0,0
2227,43954,0,0,0,0,0,0,0,0,0,0,0,0,0,0
2228,43954,0,0,0,0,0,0,0,0,0,0,0,0,0,0
2229,43954,0,0,0,0,0,0,0,0,0,0,0,0,0,0
2230,43954,0,0,0,0,0,0,0,0,0,0,0,0,0,0
2231,43954,0,0,0,0,0,0,0,0,0,0,0,0,0,0
2232,43954,0,0,0,0,0,0,0,0,0,0,0,0,0,0
2233,43954,0,0,0,0,0,0,0,0,0,0,0,0,0,0
2234,43954,0,0,0,0,0,0,0,0,0,0,0,0,0,0
2235,43954,0,0,0,0,0,0,0,0,0,0,0,0,0,0
2236,43954,0,0,0,0,0,0,0,0,0,0,0,0,0,0
2237,43954,0,0,0,0,0,0,0,0,0,0,0,0,0,0
2238,43954,0,0,0,0,0,0,0,0,0,0,0,0,0,0
2239,43954,0,0,0,0,0,0,0,0,0,0,0,0,0,0
2240,43954,0,0,0,0,0,0,0,0,0,0,0,0,0,0
2241,43954,0,0,0,0,0,0,0,0,0,0,0,0,0,0
2242,43954,0,0,0,0,0,0,0,0,0,0,0,0,0,0
2243,43954,0,0,0,0,0,0,0,0,0,0,0,0,0,0
2244,43954,0,0,0,0,0,0,0,0,0,0,0,0,0,0
2245,51106,2260,93,0,0,0,0,0,0,0,0,0,0,0,0
2246,77021,10845,133,6,0,0,0,0,0,0,0,0,0,0,0
2247,116529,23813,284,0,2,0,0,0,0,0,0,0,0,0,0
2248,164447,39523,481,0,4,12,0,0,0,0,0,0,0,0,0
2249,144461,32881,466,0,0,28,1,0,0,0,0,0,0,0,0
2250,103214,19324,322,0,0,10,1,1,0,0,0,0,0,0,0
2251,91083,15391,239,0,0,2,0,0,0,0,0,0,0,0,0
2252,59365,5001,102,0,0,1,0,0,0,0,0,0,0,0,0
2253,55119,3663,44,0,0,0,1,0,0,0,0,0,0,0,0
2254,52647,2843,41,0,0,0,0,0,0,0,0,0,0,0,0
2255,50348,2062,52,0,0,0,0,0,0,0,0,0,0,0,0
2256,51641,2517,34,0,0,0,0,0,0,0,0,0,0,0,0
2257,47746,1248,12,0,0,0,0,0,0,0,0,0,0,0,0
2258,45215,411,7,0,0,0,0,0,0,0,0,0,0,0,0
2259,44040,26,2,0,0,0,0,0,0,0,0,0,0,0,0
2260,43954,0,0,0,0,0,0,0,0,0,0,0,0,0,0
2261,43954,0,0,0,0,0,0,0,0,0,0,0,0,0,0
2262,43954,0,0,0,0,0,0,0,0,0,0,0,0,0,0
2263,43954,0,0,0,0,0,0,0,0,0,0,0,0,0,0
2264,43954,0,0,0,0,0,0,0,0,0,0,0,0,0,0
2265,43954,0,0,0,0,0,0,0,0,0,0,0,0,0,0
2266,43954,0,0,0,0,0,0,0,0,0,0,0,0,0,0
2267,43954,0,0,0,0,0,0,0,0,0,0,0,0,0,0
2268,43954,0,0,0,0,0,0,0,0,0,0,0,0,0,0
2269,43954,0,0,0,0,0,0,0,0,0,0,0,0,0,0
2270,43954,0,0,0,0,0,0,0,0,0,0,0,0,0,0
2271,43954,0,0,0,0,0,0,0,0,0,0,0,0,0,0
2272,43954,0,0,0,0,0,0,0,0,0,0,0,0,0,0
2273,43954,0,0,0,0,0,0,0,0,0,0,0,0,0,0
2274,43954,0,0,0,0,0,0,0,0,0,0,0,0,0,0
2275,43954,0,0,0,0,0,0,0,0,0,0,0,0,0,0
2276,43954,0,0,0,0,0,0,0,0,0,0,0,0,0,0
2277,43954,0,0,0,0,0,0,0,0,0,0,0,0,0,0
2278,43954,0,0,0,0,0,0,0,0,0,0,0,0,0,0
2279,43954,0,0,0,0,0,0,0,0,0,0,0,0,0,0
2280,43954,0,0,0,0,0,0,0,0,0,0,0,0,0,0
2281,43954,0,0,0,0,0,0,0,0,0,0,0,0,0,0
2282,43954,0,0,0,0,0,0,0,0,0,0,0,0,0,0
2283,43954,0,0,0,0,0,0,0,0,0,0,0,0,0,0
2284,43954,0,0,0,0,0,0,0,0,0,0,0,0,0,0
2285,43954,0,0,0,0,0,0,0,0,0,0,0,0,0,0
2286,43954,0,0,0,0,0,0,0,0,0,0,0,0,0,0
2287,43954,0,0,0,0,0,0,0,0,0,0,0,0,0,0
2288,43954,0,0,0,0,0,0,0,0,0,0,0,0,0,0
2289,43954,0,0,0,0,0,0,0,0,0,0,0,0,0,0
2290,43954,0,0,0,0,0,0,0,0,0,0,0,0,0,0
2291,43954,0,0,0,0,0,0,0,0,0,0,0,0,0,0
2292,43954,0,0,0,0,0,0,0,0,0,0,0,0,0,0
2293,43954,0,0,0,0,0,0,0,0,0,0,0,0,0,0
2294,43954,0,0,0,0,0,0,0,0,0,0,0,0,0,0
2295,43954,0,0,0,0,0,0,0,0,0,0,0,0,0,0
2296,43954,0,0,0,0,0,0,0,0,0,0,0,0,0,0
2297,43954,0,0,0,0,0,0,0,0,0,0,0,0,0,0
2298,43954,0,0,0,0,0,0,0,0,0,0,0,0,0,0
2299,43954,0,0,0,0,0,0,0,0,0,0,0,0,0,0
2300,43954,0,0,0,0,0,0,0,0,0,0,0,0,0,0
2301,43954,0,0,0,0,0,0,0,0,0,0,0,0,0,0
2302,43954,0,0,0,0,0,0,0,0,0,0,0,0,0,0
2303,43954,0,0,0,0,0,0,0,0,0,0,0,0,0,0
2304,43954,0,0,0,0,0,0,0,0,0,0,0,0,0,0
2305,43954,0,0,0,0,0,0,0,0,0,0,0,0,0,0
2306,43954,0,0,0,0,0,0,0,0,0,0,0,0,0,0
2307,43954,0,0,0,0,0,0,0,0,0,0,0,0,0,0
2308,43954,0,0,0,0,0,0,0,0,0,0,0,0,0,0
2309,43954,0,0,0,0,0,0,0,0,0,0,0,0,0,0
2310,51106,2260,93,0,0,0,0,0,0,0,0,0,0,0,0
2311,76280,10602,130,6,0,0,0,0,0,0,0,0,0,0,0
2312,115306,23412,279,0,2,0,0,0,0,0,0,0,0,0,0
2313,179256,44386,536,0,4,12,0,0,0,0,0,0,0,0,0
2314,150396,34806,506,0,0,32,0,0,0,0,0,0,0,0,0
2315,111917,22169,364,0,0,8,2,1,0,0,0,0,0,0,0
2316,103878,19628,260,0,0,3,0,0,0,0,0,0,0,0,0
2317,63005,6189,121,0,0,3,0,0,0,0,0,0,0,0,0
2318,64293,6677,77,0,0,4,0,0,0,0,0,0,0,0,0
2319,57889,4545,75,0,0,3,0,0,0,0,0,0,0,0,0
2320,52085,2649,46,0,0,2,0,0,0,0,0,0,0,0,0
2321,54900,3602,35,0,0,1,0,0,0,0,0,0,0,0,0
2322,49107,1691,20,0,0,2,0,0,0,0,0,0,0,0,0
2323,51474,2456,38,0,0,1,0,0,0,0,0,0,0,0,0
2324,53066,2996,31,0,0,0,0,0,0,0,0,0,0,0,0
2325,48508,1490,21,0,0,0,0,0,0,0,0,0,0,0,0
2326,45985,665,9,0,0,0,0,0,0,0,0,0,0,0,0
2327,50143,2039,18,0,0,0,0,0,0,0,0,0,0,0,0
2328,51813,2589,23,0,0,0,0,0,0,0,0,0,0,0,0
2329,51705,2545,29,0,0,0,0,0,0,0,0,0,0,0,0
2330,45554,520,10,0,0,0,0,0,0,0,0,0,0,0,0
2331,45324,442,11,0,0,0,0,0,0,0,0,0,0,0,0
2332,44278,104,3,0,0,0,0,0,0,0,0,0,0,0,0
2333,43954,0,0,0,0,0,0,0,0,0,0,0,0,0,0
2334,43954,0,0,0,0,0,0,0,0,0,0,0,0,0,0
2335,43954,0,0,0,0,0,0,0,0,0,0,0,0,0,0
2336,43954,0,0,0,0,0,0,0,0,0,0,0,0,0,0
2337,43954,0,0,0,0,0,0,0,0,0,0,0,0,0,0
2338,43954,0,0,0,0,0,0,0,0,0,0,0,0,0,0
2339,43954,0,0,0,0,0,0,0,0,0,0,0,0,0,0
2340,43954,0,0,0,0,0,0,0,0,0,0,0,0,0,0
2341,43954,0,0,0,0,0,0,0,0,0,0,0,0,0,0
2342,43954,0,0,0,0,0,0,0,0,0,0,0,0,0,0
2343,43954,0,0,0,0,0,0,0,0,0,0,0,0,0,0
2344,43954,0,0,0,0,0,0,0,0,0,0,0,0,0,0
2345,43954,0,0,0,0,0,0,0,0,0,0,0,0,0,0
2346,43954,0,0,0,0,0,0,0,0,0,0,0,0,0,0
2347,43954,0,0,0,0,0,0,0,0,0,0,0,0,0,0
2348,43954,0,0,0,0,0,0,0,0,0,0,0,0,0,0
2349,43954,0,0,0,0,0,0,0,0,0,0,0,0,0,0
2350,43954,0,0,0,0,0,0,0,0,0,0,0,0,0,0
2351,43954,0,0,0,0,0,0,0,0,0,0,0,0,0,0
2352,43954,0,0,0,0,0,0,0,0,0,0,0,0,0,0
2353,43954,0,0,0,0,0,0,0,0,0,0,0,0,0,0
2354,43954,0,0,0,0,0,0,0,0,0,0,0,0,0,0
2355,43954,0,0,0,0,0,0,0,0,0,0,0,0,0,0
2356,43954,0,0,0,0,0,0,0,0,0,0,0,0,0,0
2357,43954,0,0,0,0,0,0,0,0,0,0,0,0,0,0
2358,43954,0,0,0,0,0,0,0,0,0,0,0,0,0,0
2359,43954,0,0,0,0,0,0,0,0,0,0,0,0,0,0
2360,43954,0,0,0,0,0,0,0,0,0,0,0,0,0,0
2361,43954,0,0,0,0,0,0,0,0,0,0,0,0,0,0
2362,43954,0,0,0,0,0,0,0,0,0,0,0,0,0,0
2363,43954,0,0,0,0,0,0,0,0,0,0,0,0,0,0
2364,43954,0,0,0,0,0,0,0,0,0,0,0,0,0,0
2365,43954,0,0,0,0,0,0,0,0,0,0,0,0,0,0
2366,43954,0,0,0,0,0,0,0,0,0,0,0,0,0,0
2367,43954,0,0,0,0,0,0,0,0,0,0,0,0,0,0
2368,43954,0,0,0,0,0,0,0,0,0,0,0,0,0,0
2369,43954,0,0,0,0,0,0,0,0,0,0,0,0,0,0
2370,43954,0,0,0,0,0,0,0,0,0,0,0,0,0,0
2371,43954,0,0,0,0,0,0,0,0,0,0,0,0,0,0
2372,43954,0,0,0,0,0,0,0,0,0,0,0,0,0,0
2373,43954,0,0,0,0,0,0,0,0,0,0,0,0,0,0
2374,43954,0,0,0,0,0,0,0,0,0,0,0,0,0,0
2375,51106,2260,93,0,0,0,0,0,0,0,0,0,0,0,0
2376,76783,10767,132,6,0,0,0,0,0,0,0,0,0,0,0
2377,112113,22361,269,0,2,0,0,0,0,0,0,0,0,0,0
2378,174047,42691,505,0,4,10,0,0,0,0,0,0,0,0,0
2379,145782,33300,482,0,0,33,0,0,0,0,0,0,0,0,0
2380,100336,18382,309,0,0,11,2,1,0,0,0,0,0,0,0
2381,102182,19088,241,0,0,1,0,1,0,0,0,0,0,0,0
2382,66033,7197,122,0,0,0,0,0,0,0,0,0,0,0,0
2383,68341,7981,111,0,0,0,0,0,0,0,0,0,0,0,0
2384,54896,3578,52,0,0,1,0,0,0,0,0,0,0,0,0
2385,56407,4091,45,0,0,0,0,0,0,0,0,0,0,0,0
2386,48343,1435,21,0,0,0,0,0,0,0,0,0,0,0,0
2387,45824,618,4,0,0,0,0,0,0,0,0,0,0,0,0
2388,43954,0,0,0,0,0,0,0,0,0,0,0,0,0,0
2389,43954,0,0,0,0,0,0,0,0,0,0,0,0,0,0
2390,43954,0,0,0,0,0,0,0,0,0,0,0,0,0,0
2391,43954,0,0,0,0,0,0,0,0,0,0,0,0,0,0
2392,43954,0,0,0,0,0,0,0,0,0,0,0,0,0,0
2393,43954,0,0,0,0,0,0,0,0,0,0,0,0,0,0
2394,43954,0,0,0,0,0,0,0,0,0,0,0,0,0,0
2395,43954,0,0,0,0,0,0,0,0,0,0,0,0,0,0
2396,43954,0,0,0,0,0,0,0,0,0,0,0,0,0,0
2397,43954,0,0,0,0,0,0,0,0,0,0,0,0,0,0
2398,43954,0,0,0,0,0,0,0,0,0,0,0,0,0,0
2399,43954,0,0,0,0,0,0,0,0,0,0,0,0,0,0
2400,43954,0,0,0,0,0,0,0,0,0,0,0,0,0,0
2401,43954,0,0,0,0,0,0,0,0,0,0,0,0,0,0
2402,43954,0,0,0,0,0,0,0,0,0,0,0,0,0,0
2403,43954,0,0,0,0,0,0,0,0,0,0,0,0,0,0
2404,43954,0,0,0,0,0,0,0,0,0,0,0,0,0,0
2405,43954,0,0,0,0,0,0,0,0,0,0,0,0,0,0
2406,43954,0,0,0,0,0,0,0,0,0,0,0,0,0,0
2407,43954,0,0,0,0,0,0,0,0,0,0,0,0,0,0
2408,43954,0,0,0,0,0,0,0,0,0,0,0,0,0,0
2409,43954,0,0,0,0,0,0,0,0,0,0,0,0,0,0
2410,43954,0,0,0,0,0,0,0,0,0,0,0,0,0,0
2411,43954,0,0,0,0,0,0,0,0,0,0,0,0,0,0
2412,43954,0,0,0,0,0,0,0,0,0,0,0,0,0,0
2413,43954,0,0,0,0,0,0,0,0,0,0,0,0,0,0
2414,43954,0,0,0,0,0,0,0,0,0,0,0,0,0,0
2415,43954,0,0,0,0,0,0,0,0,0,0,0,0,0,0
2416,43954,0,0,0,0,0,0,0,0,0,0,0,0,0,0
2417,43954,0,0,0,0,0,0,0,0,0,0,0,0,0,0
2418,43954,0,0,0,0,0,0,0,0,0,0,0,0,0,0
2419,43954,0,0,0,0,0,0,0,0,0,0,0,0,0,0
2420,43954,0,0,0,0,0,0,0,0,0,0,0,0,0,0
2421,43954,0,0,0,0,0,0,0,0,0,0,0,0,0,0
2422,43954,0,0,0,0,0,0,0,0,0,0,0,0,0,0
2423,43954,0,0,0,0,0,0,0,0,0,0,0,0,0,0
2424,43954,0,0,0,0,0,0,0,0,0,0,0,0,0,0
2425,43954,0,0,0,0,0,0,0,0,0,0,0,0,0,0
2426,43954,0,0,0,0,0,0,0,0,0,0,0,0,0,0
2427,43954,0,0,0,0,0,0,0,0,0,0,0,0,0,0
2428,43954,0,0,0,0,0,0,0,0,0,0,0,0,0,0
2429,43954,0,0,0,0,0,0,0,0,0,0,0,0,0,0
2430,43954,0,0,0,0,0,0,0,0,0,0,0,0,0,0
2431,43954,0,0,0,0,0,0,0,0,0,0,0,0,0,0
2432,43954,0,0,0,0,0,0,0,0,0,0,0,0,0,0
2433,43954,0,0,0,0,0,0,0,0,0,0,0,0,0,0
2434,43954,0,0,0,0,0,0,0,0,0,0,0,0,0,0
2435,43954,0,0,0,0,0,0,0,0,0,0,0,0,0,0
2436,43954,0,0,0,0,0,0,0,0,0,0,0,0,0,0
2437,43954,0,0,0,0,0,0,0,0,0,0,0,0,0,0
2438,43954,0,0,0,0,0,0,0,0,0,0,0,0,0,0
2439,43954,0,0,0,0,0,0,0,0,0,0,0,0,0,0
2440,51106,2260,93,0,0,0,0,0,0,0,0,0,0,0,0
2441,76416,10646,131,6,0,0,0,0,0,0,0,0,0,0,0
2442,114922,23288,276,0,2,0,0,0,0,0,0,0,0,0,0
2443,178154,44032,526,0,4,12,0,0,0,0,0,0,0,0,0
2444,148376,34142,499,0,0,31,2,0,0,0,0,0,0,0,0
2445,110666,21744,370,0,0,9,0,1,0,0,0,0,0,0,0
2446,99675,18251,242,0,0,3,0,0,0,0,0,0,0,0,0
2447,66898,7508,105,0,0,3,0,0,0,0,0,0,0,0,0
2448,65520,7074,86,0,0,4,0,1,0,0,0,0,0,0,0
2449,53304,3042,56,0,0,2,0,0,0,0,0,0,0,0,0
2450,52780,2858,63,0,0,0,0,0,0,0,0,0,0,0,0
2451,59284,5038,54,0,0,1,0,0,0,0,0,0,0,0,0
2452,52058,2660,31,0,0,0,0,0,0,0,0,0,0,0,0
2453,47370,1116,17,0,0,0,0,0,0,0,0,0,0,0,0
2454,44913,313,5,0,0,0,0,0,0,0,0,0,0,0,0
2455,44534,188,4,0,0,0,0,0,0,0,0,0,0,0,0
2456,43954,0,0,0,0,0,0,0,0,0,0,0,0,0,0
2457,43954,0,0,0,0,0,0,0,0,0,0,0,0,0,0
2458,43954,0,0,0,0,0,0,0,0,0,0,0,0,0,0
2459,43954,0,0,0,0,0,0,0,0,0,0,0,0,0,0
2460,43954,0,0,0,0,0,0,0,0,0,0,0,0,0,0
2461,43954,0,0,0,0,0,0,0,0,0,0,0,0,0,0
2462,43954,0,0,0,0,0,0,0,0,0,0,0,0,0,0
2463,43954,0,0,0,0,0,0,0,0,0,0,0,0,0,0
2464,43954,0,0,0,0,0,0,0,0,0,0,0,0,0,0
2465,43954,0,0,0,0,0,0,0,0,0,0,0,0,0,0
2466,43954,0,0,0,0,0,0,0,0,0,0,0,0,0,0
2467,43954,0,0,0,0,0,0,0,0,0,0,0,0,0,0
2468,43954,0,0,0,0,0,0,0,0,0,0,0,0,0,0
2469,43954,0,0,0,0,0,0,0,0,0,0,0,0,0,0
2470,43954,0,0,0,0,0,0,0,0,0,0,0,0,0,0
2471,43954,0,0,0,0,0,0,0,0,0,0,0,0,0,0
2472,43954,0,0,0,0,0,0,0,0,0,0,0,0,0,0
2473,43954,0,0,0,0,0,0,0,0,0,0,0,0,0,0
2474,43954,0,0,0,0,0,0,0,0,0,0,0,0,0,0
2475,43954,0,0,0,0,0,0,0,0,0,0,0,0,0,0
2476,43954,0,0,0,0,0,0,0,0,0,0,0,0,0,0
2477,43954,0,0,0,0,0,0,0,0,0,0,0,0,0,0
2478,43954,0,0,0,0,0,0,0,0,0,0,0,0,0,0
2479,43954,0,0,0,0,0,0,0,0,0,0,0,0,0,0
2480,43954,0,0,0,0,0,0,0,0,0,0,0,0,0,0
2481,43954,0,0,0,0,0,0,0,0,0,0,0,0,0,0
2482,43954,0,0,0,0,0,0,0,0,0,0,0,0,0,0
2483,43954,0,0,0,0,0,0,0,0,0,0,0,0,0,0
2484,43954,0,0,0,0,0,0,0,0,0,0,0,0,0,0
2485,43954,0,0,0,0,0,0,0,0,0,0,0,0,0,0
2486,43954,0,0,0,0,0,0,0,0,0,0,0,0,0,0
2487,43954,0,0,0,0,0,0,0,0,0,0,0,0,0,0
2488,43954,0,0,0,0,0,0,0,0,0,0,0,0,0,0
2489,43954,0,0,0,0,0,0,0,0,0,0,0,0,0,0
2490,43954,0,0,0,0,0,0,0,0,0,0,0,0,0,0
2491,43954,0,0,0,0,0,0,0,0,0,0,0,0,0,0
2492,43954,0,0,0,0,0,0,0,0,0,0,0,0,0,0
2493,43954,0,0,0,0,0,0,0,0,0,0,0,0,0,0
2494,43954,0,0,0,0,0,0,0,0,0,0,0,0,0,0
2495,43954,0,0,0,0,0,0,0,0,0,0,0,0,0,0
2496,43954,0,0,0,0,0,0,0,0,0,0,0,0,0,0
2497,43954,0,0,0,0,0,0,0,0,0,0,0,0,0,0
2498,43954,0,0,0,0,0,0,0,0,0,0,0,0,0,0
2499,43954,0,0,0,0,0,0,0,0,0,0,0,0,0,0
2500,43954,0,0,0,0,0,0,0,0,0,0,0,0,0,0
2501,43954,0,0,0,0,0,0,0,0,0,0,0,0,0,0
2502,43954,0,0,0,0,0,0,0,0,0,0,0,0,0,0
2503,43954,0,0,0,0,0,0,0,0,0,0,0,0,0,0
2504,43954,0,0,0,0,0,0,0,0,0,0,0,0,0,0
2505,51106,2260,93,0,0,0,0,0,0,0,0,0,0,0,0
2506,76783,10767,132,6,0,0,0,0,0,0,0,0,0,0,0
2507,114303,23083,275,0,2,0,0,0,0,0,0,0,0,0,0
2508,177621,43861,521,0,4,12,0,0,0,0,0,0,0,0,0
2509,147490,33856,492,0,0,32,0,0,0,0,0,0,0,0,0
2510,108480,21054,341,0,0,6,2,2,0,0,0,0,0,0,0
2511,101173,18741,249,0,0,3,0,0,0,0,0,0,0,0,0
2512,71763,9079,143,0,0,4,0,0,0,0,0,0,0,0,0
2513,65897,7197,88,0,0,4,0,0,0,0,0,0,0,0,0
2514,53512,3102,63,0,0,3,0,0,0,0,0,0,0,0,0
2515,50449,2125,30,0,0,1,0,0,0,0,0,0,0,0,0
2516,55114,3668,39,0,0,1,0,0,0,0,0,0,0,0,0
2517,51762,2564,29,0,0,0,0,0,0,0,0,0,0,0,0
2518,49835,1919,31,0,0,0,0,0,0,0,0,0,0,0,0
2519,48467,1475,22,0,0,0,0,0,0,0,0,0,0,0,0
2520,47108,1022,22,0,0,0,0,0,0,0,0,0,0,0,0
2521,46888,954,18,0,0,0,0,0,0,0,0,0,0,0,0
2522,46210,736,12,0,0,0,0,0,0,0,0,0,0,0,0
2523,51058,2340,21,0,0,0,0,0,0,0,0,0,0,0,0
2524,49067,1683,16,0,0,0,0,0,0,0,0,0,0,0,0
2525,48982,1644,24,0,0,0,0,0,0,0,0,0,0,0,0
2526,45925,645,9,0,0,0,0,0,0,0,0,0,0,0,0
2527,44532,186,5,0,0,0,0,0,0,0,0,0,0,0,0
2528,43954,0,0,0,0,0,0,0,0,0,0,0,0,0,0
2529,43954,0,0,0,0,0,0,0,0,0,0,0,0,0,0
2530,43954,0,0,0,0,0,0,0,0,0,0,0,0,0,0
2531,43954,0,0,0,0,0,0,0,0,0,0,0,0,0,0
2532,43954,0,0,0,0,0,0,0,0,0,0,0,0,0,0
2533,43954,0,0,0,0,0,0,0,0,0,0,0,0,0,0
2534,43954,0,0,0,0,0,0,0,0,0,0,0,0,0,0
2535,43954,0,0,0,0,0,0,0,0,0,0,0,0,0,0
2536,43954,0,0,0,0,0,0,0,0,0,0,0,0,0,0
2537,43954,0,0,0,0,0,0,0,0,0,0,0,0,0,0
2538,43954,0,0,0,0,0,0,0,0,0,0,0,0,0,0
2539,43954,0,0,0,0,0,0,0,0,0,0,0,0,0,0
2540,43954,0,0,0,0,0,0,0,0,0,0,0,0,0,0
2541,43954,0,0,0,0,0,0,0,0,0,0,0,0,0,0
2542,43954,0,0,0,0,0,0,0,0,0,0,0,0,0,0
2543,43954,0,0,0,0,0,0,0,0,0,0,0,0,0,0
2544,43954,0,0,0,0,0,0,0,0,0,0,0,0,0,0
2545,43954,0,0,0,0,0,0,0,0,0,0,0,0,0,0
2546,43954,0,0,0,0,0,0,0,0,0,0,0,0,0,0
2547,43954,0,0,0,0,0,0,0,0,0,0,0,0,0,0
2548,43954,0,0,0,0,0,0,0,0,0,0,0,0,0,0
2549,43954,0,0,0,0,0,0,0,0,0,0,0,0,0,0
2550,43954,0,0,0,0,0,0,0,0,0,0,0,0,0,0
2551,43954,0,0,0,0,0,0,0,0,0,0,0,0,0,0
2552,43954,0,0,0,0,0,0,0,0,0,0,0,0,0,0
2553,43954,0,0,0,0,0,0,0,0,0,0,0,0,0,0
2554,43954,0,0,0,0,0,0,0,0,0,0,0,0,0,0
2555,43954,0,0,0,0,0,0,0,0,0,0,0,0,0,0
2556,43954,0,0,0,0,0,0,0,0,0,0,0,0,0,0
2557,43954,0,0,0,0,0,0,0,0,0,0,0,0,0,0
2558,43954,0,0,0,0,0,0,0,0,0,0,0,0,0,0
2559,43954,0,0,0,0,0,0,0,0,0,0,0,0,0,0
2560,43954,0,0,0,0,0,0,0,0,0,0,0,0,0,0
2561,43954,0,0,0,0,0,0,0,0,0,0,0,0,0,0
2562,43954,0,0,0,0,0,0,0,0,0,0,0,0,0,0
2563,43954,0,0,0,0,0,0,0,0,0,0,0,0,0,0
2564,43954,0,0,0,0,0,0,0,0,0,0,0,0,0,0
2565,43954,0,0,0,0,0,0,0,0,0,0,0,0,0,0
2566,43954,0,0,0,0,0,0,0,0,0,0,0,0,0,0
2567,43954,0,0,0,0,0,0,0,0,0,0,0,0,0,0
2568,43954,0,0,0,0,0,0,0,0,0,0,0,0,0,0
2569,43954,0,0,0,0,0,0,0,0,0,0,0,0,0,0
2570,51106,2260,93,0,0,0,0,0,0,0,0,0,0,0,0
2571,76675,10731,132,6,0,0,0,0,0,0,0,0,0,0,0
2572,111553,22181,264,0,2,0,0,0,0,0,0,0,0,0,0
2573,165437,39845,487,0,4,12,0,0,0,0,0,0,0,0,0
2574,147622,33920,477,0,0,29,0,0,0,0,0,0,0,0,0
2575,106794,20512,326,0,0,8,2,0,0,0,0,0,0,0,0
2576,99786,18264,260,0,0,2,0,0,0,0,0,0,0,0,0
2577,70854,8788,134,0,0,0,0,0,0,0,0,0,0,0,0
2578,70808,8798,115,0,0,1,0,0,0,0,0,0,0,0,0
2579,56236,4026,51,0,0,0,0,0,0,0,0,0,0,0,0
2580,52046,2660,28,0,0,0,0,0,0,0,0,0,0,0,0
2581,46411,803,12,0,0,0,0,0,0,0,0,0,0,0,0
2582,47103,1003,35,0,0,0,0,0,0,0,0,0,0,0,0
2583,44966,324,10,0,0,0,0,0,0,0,0,0,0,0,0
2584,43954,0,0,0,0,0,0,0,0,0,0,0,0,0,0
2585,43954,0,0,0,0,0,0,0,0,0,0,0,0,0,0
2586,43954,0,0,0,0,0,0,0,0,0,0,0,0,0,0
2587,43954,0,0,0,0,0,0,0,0,0,0,0,0,0,0
2588,43954,0,0,0,0,0,0,0,0,0,0,0,0,0,0
2589,43954,0,0,0,0,0,0,0,0,0,0,0,0,0,0
2590,43954,0,0,0,0,0,0,0,0,0,0,0,0,0,0
2591,43954,0,0,0,0,0,0,0,0,0,0,0,0,0,0
2592,43954,0,0,0,0,0,0,0,0,0,0,0,0,0,0
2593,43954,0,0,0,0,0,0,0,0,0,0,0,0,0,0
2594,43954,0,0,0,0,0,0,0,0,0,0,0,0,0,0
2595,43954,0,0,0,0,0,0,0,0,0,0,0,0,0,0
2596,43954,0,0,0,0,0,0,0,0,0,0,0,0,0,0
2597,43954,0,0,0,0,0,0,0,0,0,0,0,0,0,0
2598,43954,0,0,0,0,0,0,0,0,0,0,0,0,0,0
2599,43954,0,0,0,0,0,0,0,0,0,0,0,0,0,0
2600,43954,0,0,0,0,0,0,0,0,0,0,0,0,0,0
2601,43954,0,0,0,0,0,0,0,0,0,0,0,0,0,0
2602,43954,0,0,0,0,0,0,0,0,0,0,0,0,0,0
2603,43954,0,0,0,0,0,0,0,0,0,0,0,0,0,0
2604,43954,0,0,0,0,0,0,0,0,0,0,0,0,0,0
2605,43954,0,0,0,0,0,0,0,0,0,0,0,0,0,0
2606,43954,0,0,0,0,0,0,0,0,0,0,0,0,0,0
2607,43954,0,0,0,0,0,0,0,0,0,0,0,0,0,0
2608,43954,0,0,0,0,0,0,0,0,0,0,0,0,0,0
2609,43954,0,0,0,0,0,0,0,0,0,0,0,0,0,0
2610,43954,0,0,0,0,0,0,0,0,0,0,0,0,0,0
2611,43954,0,0,0,0,0,0,0,0,0,0,0,0,0,0
2612,43954,0,0,0,0,0,0,0,0,0,0,0,0,0,0
2613,43954,0,0,0,0,0,0,0,0,0,0,0,0,0,0
2614,43954,0,0,0,0,0,0,0,0,0,0,0,0,0,0
2615,43954,0,0,0,0,0,0,0,0,0,0,0,0,0,0
2616,43954,0,0,0,0,0,0,0,0,0,0,0,0,0,0
2617,43954,0,0,0,0,0,0,0,0,0,0,0,0,0,0
2618,43954,0,0,0,0,0,0,0,0,0,0,0,0,0,0
2619,43954,0,0,0,0,0,0,0,0,0,0,0,0,0,0
2620,43954,0,0,0,0,0,0,0,0,0,0,0,0,0,0
2621,43954,0,0,0,0,0,0,0,0,0,0,0,0,0,0
2622,43954,0,0,0,0,0,0,0,0,0,0,0,0,0,0
2623,43954,0,0,0,0,0,0,0,0,0,0,0,0,0,0
2624,43954,0,0,0,0,0,0,0,0,0,0,0,0,0,0
2625,43954,0,0,0,0,0,0,0,0,0,0,0,0,0,0
2626,43954,0,0,0,0,0,0,0,0,0,0,0,0,0,0
2627,43954,0,0,0,0,0,0,0,0,0,0,0,0,0,0
2628,43954,0,0,0,0,0,0,0,0,0,0,0,0,0,0
2629,43954,0,0,0,0,0,0,0,0,0,0,0,0,0,0
2630,43954,0,0,0,0,0,0,0,0,0,0,0,0,0,0
2631,43954,0,0,0,0,0,0,0,0,0,0,0,0,0,0
2632,43954,0,0,0,0,0,0,0,0,0,0,0,0,0,0
2633,43954,0,0,0,0,0,0,0,0,0,0,0,0,0,0
2634,43954,0,0,0,0,0,0,0,0,0,0,0,0,0,0
2635,51106,2260,93,0,0,0,0,0,0,0,0,0,0,0,0
2636,77042,10852,133,6,0,0,0,0,0,0,0,0,0,0,0
2637,112411,22459,270,0,2,0,0,0,0,0,0,0,0,0,0
2638,171440,41818,508,0,4,12,0,0,0,0,0,0,0,0,0
2639,151452,35162,503,0,0,31,0,0,0,0,0,0,0,0,0
2640,112085,22225,364,0,0,7,2,1,0,0,0,0,0,0,0
2641,100466,18504,250,0,0,2,0,0,0,0,0,0,0,0,0
2642,74090,9844,151,0,0,1,0,0,0,0,0,0,0,0,0
2643,57547,4447,63,0,0,4,0,0,0,0,0,0,0,0,0
2644,60775,5519,66,0,0,4,0,0,0,0,0,0,0,0,0
2645,49490,1800,34,0,0,0,0,0,0,0,0,0,0,0,0
2646,47400,1130,14,0,0,0,0,0,0,0,0,0,0,0,0
2647,47382,1124,14,0,0,0,0,0,0,0,0,0,0,0,0
2648,47593,1201,9,0,0,0,0,0,0,0,0,0,0,0,0
2649,45468,498,5,0,0,0,0,0,0,0,0,0,0,0,0
2650,44511,183,2,0,0,0,0,0,0,0,0,0,0,0,0
2651,48808,1602,12,0,0,0,0,0,0,0,0,0,0,0,0
2652,49043,1671,19,0,0,0,0,0,0,0,0,0,0,0,0
2653,47212,1062,18,0,0,0,0,0,0,0,0,0,0,0,0
2654,45912,634,14,0,0,0,0,0,0,0,0,0,0,0,0
2655,50110,2008,33,0,0,0,0,0,0,0,0,0,0,0,0
2656,45875,619,16,0,0,0,0,0,0,0,0,0,0,0,0
2657,47390,1124,16,0,0,0,0,0,0,0,0,0,0,0,0
2658,46158,712,17,0,0,0,0,0,0,0,0,0,0,0,0
2659,48487,1471,30,0,0,0,0,0,0,0,0,0,0,0,0
2660,47431,1131,21,0,0,0,0,0,0,0,0,0,0,0,0
2661,51055,2331,27,0,0,0,0,0,0,0,0,0,0,0,0
2662,51756,2566,26,0,0,0,0,0,0,0,0,0,0,0,0
2663,53119,3007,36,0,0,0,0,0,0,0,0,0,0,0,0
2664,57203,4351,49,0,0,0,0,0,0,0,0,0,0,0,0
2665,54290,3392,40,0,0,0,0,0,0,0,0,0,0,0,0
2666,51666,2520,38,0,0,0,0,0,0,0,0,0,0,0,0
2667,52458,2804,23,0,0,0,0,0,0,0,0,0,0,0,0
2668,54327,3427,23,0,0,0,0,0,0,0,0,0,0,0,0
2669,56469,4117,41,0,0,0,0,0,0,0,0,0,0,0,0
2670,53728,3214,33,0,0,0,0,0,0,0,0,0,0,0,0
2671,55057,3649,39,0,0,0,0,0,0,0,0,0,0,0,0
2672,55210,3680,54,0,0,0,0,0,0,0,0,0,0,0,0
2673,59366,5064,55,0,0,0,0,0,0,0,0,0,0,0,0
2674,48709,1557,21,0,0,0,0,0,0,0,0,0,0,0,0
2675,44362,128,6,0,0,0,0,0,0,0,0,0,0,0,0
2676,44324,122,1,0,0,0,0,0,0,0,0,0,0,0,0
2677,49003,1667,12,0,0,0,0,0,0,0,0,0,0,0,0
2678,43954,0,0,0,0,0,0,0,0,0,0,0,0,0,0
2679,43954,0,0,0,0,0,0,0,0,0,0,0,0,0,0
2680,43954,0,0,0,0,0,0,0,0,0,0,0,0,0,0
2681,43954,0,0,0,0,0,0,0,0,0,0,0,0,0,0
2682,43954,0,0,0,0,0,0,0,0,0,0,0,0,0,0
2683,43954,0,0,0,0,0,0,0,0,0,0,0,0,0,0
2684,43954,0,0,0,0,0,0,0,0,0,0,0,0,0,0
2685,43954,0,0,0,0,0,0,0,0,0,0,0,0,0,0
2686,43954,0,0,0,0,0,0,0,0,0,0,0,0,0,0
2687,43954,0,0,0,0,0,0,0,0,0,0,0,0,0,0
2688,43954,0,0,0,0,0,0,0,0,0,0,0,0,0,0
2689,43954,0,0,0,0,0,0,0,0,0,0,0,0,0,0
2690,43954,0,0,0,0,0,0,0,0,0,0,0,0,0,0
2691,43954,0,0,0,0,0,0,0,0,0,0,0,0,0,0
2692,43954,0,0,0,0,0,0,0,0,0,0,0,0,0,0
2693,43954,0,0,0,0,0,0,0,0,0,0,0,0,0,0
2694,43954,0,0,0,0,0,0,0,0,0,0,0,0,0,0
2695,43954,0,0,0,0,0,0,0,0,0,0,0,0,0,0
2696,43954,0,0,0,0,0,0,0,0,0,0,0,0,0,0
2697,43954,0,0,0,0,0,0,0,0,0,0,0,0,0,0
2698,43954,0,0,0,0,0,0,0,0,0,0,0,0,0,0
2699,43954,0,0,0,0,0,0,0,0,0,0,0,0,0,0
2700,43954,0,0,0,0,0,0,0,0,0,0,0,0,0,0
2701,43954,0,0,0,0,0,0,0,0,0,0,0,0,0,0
2702,43954,0,0,0,0,0,0,0,0,0,0,0,0,0,0
2703,43954,0,0,0,0,0,0,0,0,0,0,0,0,0,0
2704,43954,0,0,0,0,0,0,0,0,0,0,0,0,0,0
2705,43954,0,0,0,0,0,0,0,0,0,0,0,0,0,0
2706,43954,0,0,0,0,0,0,0,0,0,0,0,0,0,0
2707,43954,0,0,0,0,0,0,0,0,0,0,0,0,0,0
2708,43954,0,0,0,0,0,0,0,0,0,0,0,0,0,0
2709,43954,0,0,0,0,0,0,0,0,0,0,0,0,0,0
2710,43954,0,0,0,0,0,0,0,0,0,0,0,0,0,0
2711,43954,0,0,0,0,0,0,0,0,0,0,0,0,0,0
2712,43954,0,0,0,0,0,0,0,0,0,0,0,0,0,0
2713,43954,0,0,0,0,0,0,0,0,0,0,0,0,0,0
2714,43954,0,0,0,0,0,0,0,0,0,0,0,0,0,0
2715,43954,0,0,0,0,0,0,0,0,0,0,0,0,0,0
2716,43954,0,0,0,0,0,0,0,0,0,0,0,0,0,0
2717,43954,0,0,0,0,0,0,0,0,0,0,0,0,0,0
2718,43954,0,0,0,0,0,0,0,0,0,0,0,0,0,0
2719,43954,0,0,0,0,0,0,0,0,0,0,0,0,0,0
2720,43954,0,0,0,0,0,0,0,0,0,0,0,0,0,0
2721,43954,0,0,0,0,0,0,0,0,0,0,0,0,0,0
2722,43954,0,0,0,0,0,0,0,0,0,0,0,0,0,0
2723,43954,0,0,0,0,0,0,0,0,0,0,0,0,0,0
2724,43954,0,0,0,0,0,0,0,0,0,0,0,0,0,0
2725,43954,0,0,0,0,0,0,0,0,0,0,0,0,0,0
2726,43954,0,0,0,0,0,0,0,0,0,0,0,0,0,0
2727,43954,0,0,0,0,0,0,0,0,0,0,0,0,0,0
2728,43954,0,0,0,0,0,0,0,0,0,0,0,0,0,0
2729,43954,0,0,0,0,0,0,0,0,0,0,0,0,0,0
2730,43954,0,0,0,0,0,0,0,0,0,0,0,0,0,0
2731,43954,0,0,0,0,0,0,0,0,0,0,0,0,0,0
2732,43954,0,0,0,0,0,0,0,0,0,0,0,0,0,0
2733,43954,0,0,0,0,0,0,0,0,0,0,0,0,0,0
2734,43954,0,0,0,0,0,0,0,0,0,0,0,0,0,0
2735,43954,0,0,0,0,0,0,0,0,0,0,0,0,0,0
2736,43954,0,0,0,0,0,0,0,0,0,0,0,0,0,0
2737,43954,0,0,0,0,0,0,0,0,0,0,0,0,0,0
2738,43954,0,0,0,0,0,0,0,0,0,0,0,0,0,0
2739,43954,0,0,0,0,0,0,0,0,0,0,0,0,0,0
2740,43954,0,0,0,0,0,0,0,0,0,0,0,0,0,0
2741,43954,0,0,0,0,0,0,0,0,0,0,0,0,0,0
2742,43954,0,0,0,0,0,0,0,0,0,0,0,0,0,0
2743,43954,0,0,0,0,0,0,0,0,0,0,0,0,0,0
2744,43954,0,0,0,0,0,0,0,0,0,0,0,0,0,0
2745,43954,0,0,0,0,0,0,0,0,0,0,0,0,0,0
2746,43954,0,0,0,0,0,0,0,0,0,0,0,0,0,0
2747,43954,0,0,0,0,0,0,0,0,0,0,0,0,0,0
2748,43954,0,0,0,0,0,0,0,0,0,0,0,0,0,0
2749,43954,0,0,0,0,0,0,0,0,0,0,0,0,0,0
2750,43954,0,0,0,0,0,0,0,0,0,0,0,0,0,0
2751,43954,0,0,0,0,0,0,0,0,0,0,0,0,0,0
2752,43954,0,0,0,0,0,0,0,0,0,0,0,0,0,0
2753,43954,0,0,0,0,0,0,0,0,0,0,0,0,0,0
2754,43954,0,0,0,0,0,0,0,0,0,0,0,0,0,0
2755,43954,0,0,0,0,0,0,0,0,0,0,0,0,0,0
2756,43954,0,0,0,0,0,0,0,0,0,0,0,0,0,0
2757,43954,0,0,0,0,0,0,0,0,0,0,0,0,0,0
2758,43954,0,0,0,0,0,0,0,0,0,0,0,0,0,0
2759,43954,0,0,0,0,0,0,0,0,0,0,0,0,0,0
2760,43954,0,0,0,0,0,0,0,0,0,0,0,0,0,0
2761,43954,0,0,0,0,0,0,0,0,0,0,0,0,0,0
2762,43954,0,0,0,0,0,0,0,0,0,0,0,0,0,0
2763,43954,0,0,0,0,0,0,0,0,0,0,0,0,0,0
2764,43954,0,0,0,0,0,0,0,0,0,0,0,0,0,0
2765,43954,0,0,0,0,0,0,0,0,0,0,0,0,0,0
2766,43954,0,0,0,0,0,0,0,0,0,0,0,0,0,0
2767,43954,0,0,0,0,0,0,0,0,0,0,0,0,0,0
2768,43954,0,0,0,0,0,0,0,0,0,0,0,0,0,0
2769,43954,0,0,0,0,0,0,0,0,0,0,0,0,0,0
2770,43954,0,0,0,0,0,0,0,0,0,0,0,0,0,0
2771,43954,0,0,0,0,0,0,0,0,0,0,0,0,0,0
2772,43954,0,0,0,0,0,0,0,0,0,0,0,0,0,0
2773,43954,0,0,0,0,0,0,0,0,0,0,0,0,0,0
2774,43954,0,0,0,0,0,0,0,0,0,0,0,0,0,0
2775,43954,0,0,0,0,0,0,0,0,0,0,0,0,0,0
2776,43954,0,0,0,0,0,0,0,0,0,0,0,0,0,0
2777,43954,0,0,0,0,0,0,0,0,0,0,0,0,0,0
2778,43954,0,0,0,0,0,0,0,0,0,0,0,0,0,0
2779,43954,0,0,0,0,0,0,0,0,0,0,0,0,0,0
2780,43954,0,0,0,0,0,0,0,0,0,0,0,0,0,0
2781,43954,0,0,0,0,0,0,0,0,0,0,0,0,0,0
2782,43954,0,0,0,0,0,0,0,0,0,0,0,0,0,0
2783,43954,0,0,0,0,0,0,0,0,0,0,0,0,0,0
2784,43954,0,0,0,0,0,0,0,0,0,0,0,0,0,0
2785,43954,0,0,0,0,0,0,0,0,0,0,0,0,0,0
2786,43954,0,0,0,0,0,0,0,0,0,0,0,0,0,0
2787,43954,0,0,0,0,0,0,0,0,0,0,0,0,0,0
2788,43954,0,0,0,0,0,0,0,0,0,0,0,0,0,0
2789,43954,0,0,0,0,0,0,0,0,0,0,0,0,0,0
2790,43954,0,0,0,0,0,0,0,0,0,0,0,0,0,0
2791,43954,0,0,0,0,0,0,0,0,0,0,0,0,0,0
2792,43954,0,0,0,0,0,0,0,0,0,0,0,0,0,0
2793,43954,0,0,0,0,0,0,0,0,0,0,0,0,0,0
2794,43954,0,0,0,0,0,0,0,0,0,0,0,0,0,0
2795,43954,0,0,0,0,0,0,0,0,0,0,0,0,0,0
2796,43954,0,0,0,0,0,0,0,0,0,0,0,0,0,0
2797,43954,0,0,0,0,0,0,0,0,0,0,0,0,0,0
2798,43954,0,0,0,0,0,0,0,0,0,0,0,0,0,0
2799,43954,0,0,0,0,0,0,0,0,0,0,0,0,0,0
2800,43954,0,0,0,0,0,0,0,0,0,0,0,0,0,0
2801,43954,0,0,0,0,0,0,0,0,0,0,0,0,0,0
2802,43954,0,0,0,0,0,0,0,0,0,0,0,0,0,0
2803,43954,0,0,0,0,0,0,0,0,0,0,0,0,0,0
2804,43954,0,0,0,0,0,0,0,0,0,0,0,0,0,0
2805,43954,0,0,0,0,0,0,0,0,0,0,0,0,0,0
2806,43954,0,0,0,0,0,0,0,0,0,0,0,0,0,0
2807,43954,0,0,0,0,0,0,0,0,0,0,0,0,0,0
2808,43954,0,0,0,0,0,0,0,0,0,0,0,0,0,0
2809,43954,0,0,0,0,0,0,0,0,0,0,0,0,0,0
2810,43954,0,0,0,0,0,0,0,0,0,0,0,0,0,0
2811,43954,0,0,0,0,0,0,0,0,0,0,0,0,0,0
2812,43954,0,0,0,0,0,0,0,0,0,0,0,0,0,0
2813,43954,0,0,0,0,0,0,0,0,0,0,0,0,0,0
2814,43954,0,0,0,0,0,0,0,0,0,0,0,0,0,0
2815,43954,0,0,0,0,0,0,0,0,0,0,0,0,0,0
2816,43954,0,0,0,0,0,0,0,0,0,0,0,0,0,0
2817,43954,0,0,0,0,0,0,0,0,0,0,0,0,0,0
2818,43954,0,0,0,0,0,0,0,0,0,0,0,0,0,0
2819,43954,0,0,0,0,0,0,0,0,0,0,0,0,0,0
2820,43954,0,0,0,0,0,0,0,0,0,0,0,0,0,0
2821,43954,0,0,0,0,0,0,0,0,0,0,0,0,0,0
2822,43954,0,0,0,0,0,0,0,0,0,0,0,0,0,0
2823,43954,0,0,0,0,0,0,0,0,0,0,0,0,0,0
2824,43954,0,0,0,0,0,0,0,0,0,0,0,0,0,0
2825,43954,0,0,0,0,0,0,0,0,0,0,0,0,0,0
2826,43954,0,0,0,0,0,0,0,0,0,0,0,0,0,0
2827,43954,0,0,0,0,0,0,0,0,0,0,0,0,0,0
2828,43954,0,0,0,0,0,0,0,0,0,0,0,0,0,0
2829,43954,0,0,0,0,0,0,0,0,0,0,0,0,0,0
2830,43954,0,0,0,0,0,0,0,0,0,0,0,0,0,0
2831,43954,0,0,0,0,0,0,0,0,0,0,0,0,0,0
2832,43954,0,0,0,0,0,0,0,0,0,0,0,0,0,0
2833,43954,0,0,0,0,0,0,0,0,0,0,0,0,0,0
2834,43954,0,0,0,0,0,0,0,0,0,0,0,0,0,0
2835,43954,0,0,0,0,0,0,0,0,0,0,0,0,0,0
2836,43954,0,0,0,0,0,0,0,0,0,0,0,0,0,0
2837,43954,0,0,0,0,0,0,0,0,0,0,0,0,0,0
2838,43954,0,0,0,0,0,0,0,0,0,0,0,0,0,0
2839,43954,0,0,0,0,0,0,0,0,0,0,0,0,0,0
2840,43954,0,0,0,0,0,0,0,0,0,0,0,0,0,0
2841,43954,0,0,0,0,0,0,0,0,0,0,0,0,0,0
2842,43954,0,0,0,0,0,0,0,0,0,0,0,0,0,0
2843,43954,0,0,0,0,0,0,0,0,0,0,0,0,0,0
2844,43954,0,0,0,0,0,0,0,0,0,0,0,0,0,0
2845,43954,0,0,0,0,0,0,0,0,0,0,0,0,0,0
2846,43954,0,0,0,0,0,0,0,0,0,0,0,0,0,0
2847,43954,0,0,0,0,0,0,0,0,0,0,0,0,0,0
2848,43954,0,0,0,0,0,0,0,0,0,0,0,0,0,0
2849,43954,0,0,0,0,0,0,0,0,0,0,0,0,0,0
2850,43954,0,0,0,0,0,0,0,0,0,0,0,0,0,0
2851,43954,0,0,0,0,0,0,0,0,0,0,0,0,0,0
2852,43954,0,0,0,0,0,0,0,0,0,0,0,0,0,0
2853,43954,0,0,0,0,0,0,0,0,0,0,0,0,0,0
2854,43954,0,0,0,0,0,0,0,0,0,0,0,0,0,0
2855,43954,0,0,0,0,0,0,0,0,0,0,0,0,0,0
2856,43954,0,0,0,0,0,0,0,0,0,0,0,0,0,0
2857,43954,0,0,0,0,0,0,0,0,0,0,0,0,0,0
2858,43954,0,0,0,0,0,0,0,0,0,0,0,0,0,0
2859,43954,0,0,0,0,0,0,0,0,0,0,0,0,0,0
2860,43954,0,0,0,0,0,0,0,0,0,0,0,0,0,0
2861,43954,0,0,0,0,0,0,0,0,0,0,0,0,0,0
2862,43954,0,0,0,0,0,0,0,0,0,0,0,0,0,0
2863,43954,0,0,0,0,0,0,0,0,0,0,0,0,0,0
2864,43954,0,0,0,0,0,0,0,0,0,0,0,0,0,0
2865,43954,0,0,0,0,0,0,0,0,0,0,0,0,0,0
2866,43954,0,0,0,0,0,0,0,0,0,0,0,0,0,0
2867,43954,0,0,0,0,0,0,0,0,0,0,0,0,0,0
2868,43954,0,0,0,0,0,0,0,0,0,0,0,0,0,0
2869,43954,0,0,0,0,0,0,0,0,0,0,0,0,0,0
2870,43954,0,0,0,0,0,0,0,0,0,0,0,0,0,0
2871,43954,0,0,0,0,0,0,0,0,0,0,0,0,0,0
2872,43954,0,0,0,0,0,0,0,0,0,0,0,0,0,0
2873,43954,0,0,0,0,0,0,0,0,0,0,0,0,0,0
2874,43954,0,0,0,0,0,0,0,0,0,0,0,0,0,0
2875,43954,0,0,0,0,0,0,0,0,0,0,0,0,0,0
2876,43954,0,0,0,0,0,0,0,0,0,0,0,0,0,0
2877,43954,0,0,0,0,0,0,0,0,0,0,0,0,0,0
2878,43954,0,0,0,0,0,0,0,0,0,0,0,0,0,0
2879,43954,0,0,0,0,0,0,0,0,0,0,0,0,0,0
2880,43954,0,0,0,0,0,0,0,0,0,0,0,0,0,0
2881,43954,0,0,0,0,0,0,0,0,0,0,0,0,0,0
2882,43954,0,0,0,0,0,0,0,0,0,0,0,0,0,0
2883,43954,0,0,0,0,0,0,0,0,0,0,0,0,0,0
2884,43954,0,0,0,0,0,0,0,0,0,0,0,0,0,0
2885,43954,0,0,0,0,0,0,0,0,0,0,0,0,0,0
2886,43954,0,0,0,0,0,0,0,0,0,0,0,0,0,0
2887,43954,0,0,0,0,0,0,0,0,0,0,0,0,0,0
2888,43954,0,0,0,0,0,0,0,0,0,0,0,0,0,0
2889,43954,0,0,0,0,0,0,0,0,0,0,0,0,0,0
2890,43954,0,0,0,0,0,0,0,0,0,0,0,0,0,0
2891,43954,0,0,0,0,0,0,0,0,0,0,0,0,0,0
2892,43954,0,0,0,0,0,0,0,0,0,0,0,0,0,0
2893,43954,0,0,0,0,0,0,0,0,0,0,0,0,0,0
2894,43954,0,0,0,0,0,0,0,0,0,0,0,0,0,0
2895,43954,0,0,0,0,0,0,0,0,0,0,0,0,0,0
2896,43954,0,0,0,0,0,0,0,0,0,0,0,0,0,0
2897,43954,0,0,0,0,0,0,0,0,0,0,0,0,0,0
2898,43954,0,0,0,0,0,0,0,0,0,0,0,0,0,0
2899,43954,0,0,0,0,0,0,0,0,0,0,0,0,0,0
2900,43954,0,0,0,0,0,0,0,0,0,0,0,0,0,0
2901,43954,0,0,0,0,0,0,0,0,0,0,0,0,0,0
2902,43954,0,0,0,0,0,0,0,0,0,0,0,0,0,0
2903,43954,0,0,0,0,0,0,0,0,0,0,0,0,0,0
2904,43954,0,0,0,0,0,0,0,0,0,0,0,0,0,0
2905,43954,0,0,0,0,0,0,0,0,0,0,0,0,0,0
2906,43954,0,0,0,0,0,0,0,0,0,0,0,0,0,0
2907,43954,0,0,0,0,0,0,0,0,0,0,0,0,0,0
2908,43954,0,0,0,0,0,0,0,0,0,0,0,0,0,0
2909,43954,0,0,0,0,0,0,0,0,0,0,0,0,0,0
2910,43954,0,0,0,0,0,0,0,0,0,0,0,0,0,0
2911,43954,0,0,0,0,0,0,0,0,0,0,0,0,0,0
2912,43954,0,0,0,0,0,0,0,0,0,0,0,0,0,0
2913,43954,0,0,0,0,0,0,0,0,0,0,0,0,0,0
2914,43954,0,0,0,0,0,0,0,0,0,0,0,0,0,0
2915,43954,0,0,0,0,0,0,0,0,0,0,0,0,0,0
2916,43954,0,0,0,0,0,0,0,0,0,0,0,0,0,0
2917,43954,0,0,0,0,0,0,0,0,0,0,0,0,0,0
2918,43954,0,0,0,0,0,0,0,0,0,0,0,0,0,0
2919,43954,0,0,0,0,0,0,0,0,0,0,0,0,0,0
2920,43954,0,0,0,0,0,0,0,0,0,0,0,0,0,0
2921,43954,0,0,0,0,0,0,0,0,0,0,0,0,0,0
2922,43954,0,0,0,0,0,0,0,0,0,0,0,0,0,0
2923,43954,0,0,0,0,0,0,0,0,0,0,0,0,0,0
2924,43954,0,0,0,0,0,0,0,0,0,0,0,0,0,0
2925,43954,0,0,0,0,0,0,0,0,0,0,0,0,0,0
2926,43954,0,0,0,0,0,0,0,0,0,0,0,0,0,0
2927,43954,0,0,0,0,0,0,0,0,0,0,0,0,0,0
2928,43954,0,0,0,0,0,0,0,0,0,0,0,0,0,0
2929,43954,0,0,0,0,0,0,0,0,0,0,0,0,0,0
2930,43954,0,0,0,0,0,0,0,0,0,0,0,0,0,0
2931,43954,0,0,0,0,0,0,0,0,0,0,0,0,0,0
2932,43954,0,0,0,0,0,0,0,0,0,0,0,0,0,0
2933,43954,0,0,0,0,0,0,0,0,0,0,0,0,0,0
2934,43954,0,0,0,0,0,0,0,0,0,0,0,0,0,0
2935,43954,0,0,0,0,0,0,0,0,0,0,0,0,0,0
2936,43954,0,0,0,0,0,0,0,0,0,0,0,0,0,0
2937,43954,0,0,0,0,0,0,0,0,0,0,0,0,0,0
2938,43954,0,0,0,0,0,0,0,0,0,0,0,0,0,0
2939,43954,0,0,0,0,0,0,0,0,0,0,0,0,0,0
2940,43954,0,0,0,0,0,0,0,0,0,0,0,0,0,0
2941,43954,0,0,0,0,0,0,0,0,0,0,0,0,0,0
2942,43954,0,0,0,0,0,0,0,0,0,0,0,0,0,0
2943,43954,0,0,0,0,0,0,0,0,0,0,0,0,0,0
2944,43954,0,0,0,0,0,0,0,0,0,0,0,0,0,0
2945,43954,0,0,0,0,0,0,0,0,0,0,0,0,0,0
2946,43954,0,0,0,0,0,0,0,0,0,0,0,0,0,0
2947,43954,0,0,0,0,0,0,0,0,0,0,0,0,0,0
2948,43954,0,0,0,0,0,0,0,0,0,0,0,0,0,0
2949,43954,0,0,0,0,0,0,0,0,0,0,0,0,0,0
2950,43954,0,0,0,0,0,0,0,0,0,0,0,0,0,0
2951,43954,0,0,0,0,0,0,0,0,0,0,0,0,0,0
2952,43954,0,0,0,0,0,0,0,0,0,0,0,0,0,0
2953,43954,0,0,0,0,0,0,0,0,0,0,0,0,0,0
2954,43954,0,0,0,0,0,0,0,0,0,0,0,0,0,0
2955,43954,0,0,0,0,0,0,0,0,0,0,0,0,0,0
2956,43954,0,0,0,0,0,0,0,0,0,0,0,0,0,0
2957,43954,0,0,0,0,0,0,0,0,0,0,0,0,0,0
2958,43954,0,0,0,0,0,0,0,0,0,0,0,0,0,0
2959,43954,0,0,0,0,0,0,0,0,0,0,0,0,0,0
2960,43954,0,0,0,0,0,0,0,0,0,0,0,0,0,0
2961,43954,0,0,0,0,0,0,0,0,0,0,0,0,0,0
2962,43954,0,0,0,0,0,0,0,0,0,0,0,0,0,0
2963,43954,0,0,0,0,0,0,0,0,0,0,0,0,0,0
2964,43954,0,0,0,0,0,0,0,0,0,0,0,0,0,0
2965,43954,0,0,0,0,0,0,0,0,0,0,0,0,0,0
2966,43954,0,0,0,0,0,0,0,0,0,0,0,0,0,0
2967,43954,0,0,0,0,0,0,0,0,0,0,0,0,0,0
2968,43954,0,0,0,0,0,0,0,0,0,0,0,0,0,0
2969,43954,0,0,0,0,0,0,0,0,0,0,0,0,0,0
2970,43954,0,0,0,0,0,0,0,0,0,0,0,0,0,0
2971,43954,0,0,0,0,0,0,0,0,0,0,0,0,0,0
2972,43954,0,0,0,0,0,0,0,0,0,0,0,0,0,0
2973,43954,0,0,0,0,0,0,0,0,0,0,0,0,0,0
2974,43954,0,0,0,0,0,0,0,0,0,0,0,0,0,0
2975,43954,0,0,0,0,0,0,0,0,0,0,0,0,0,0
2976,43954,0,0,0,0,0,0,0,0,0,0,0,0,0,0
2977,43954,0,0,0,0,0,0,0,0,0,0,0,0,0,0
2978,43954,0,0,0,0,0,0,0,0,0,0,0,0,0,0
2979,43954,0,0,0,0,0,0,0,0,0,0,0,0,0,0
2980,43954,0,0,0,0,0,0,0,0,0,0,0,0,0,0
2981,43954,0,0,0,0,0,0,0,0,0,0,0,0,0,0
2982,43954,0,0,0,0,0,0,0,0,0,0,0,0,0,0
2983,43954,0,0,0,0,0,0,0,0,0,0,0,0,0,0
2984,43954,0,0,0,0,0,0,0,0,0,0,0,0,0,0
2985,43954,0,0,0,0,0,0,0,0,0,0,0,0,0,0
2986,43954,0,0,0,0,0,0,0,0,0,0,0,0,0,0
2987,43954,0,0,0,0,0,0,0,0,0,0,0,0,0,0
2988,43954,0,0,0,0,0,0,0,0,0,0,0,0,0,0
2989,43954,0,0,0,0,0,0,0,0,0,0,0,0,0,0
2990,43954,0,0,0,0,0,0,0,0,0,0,0,0,0,0
2991,43954,0,0,0,0,0,0,0,0,0,0,0,0,0,0
2992,43954,0,0,0,0,0,0,0,0,0,0,0,0,0,0
2993,43954,0,0,0,0,0,0,0,0,0,0,0,0,0,0
2994,43954,0,0,0,0,0,0,0,0,0,0,0,0,0,0
2995,43954,0,0,0,0,0,0,0,0,0,0,0,0,0,0
2996,43954,0,0,0,0,0,0,0,0,0,0,0,0,0,0
2997,43954,0,0,0,0,0,0,0,0,0,0,0,0,0,0
2998,43954,0,0,0,0,0,0,0,0,0,0,0,0,0,0
2999,43954,0,0,0,0,0,0,0,0,0,0,0,0,0,0
3000,43954,0,0,0,0,0,0,0,0,0,0,0,0,0,0
3001,43954,0,0,0,0,0,0,0,0,0,0,0,0,0,0
3002,43954,0,0,0,0,0,0,0,0,0,0,0,0,0,0
3003,43954,0,0,0,0,0,0,0,0,0,0,0,0,0,0
3004,43954,0,0,0,0,0,0,0,0,0,0,0,0,0,0
3005,43954,0,0,0,0,0,0,0,0,0,0,0,0,0,0
3006,43954,0,0,0,0,0,0,0,0,0,0,0,0,0,0
3007,43954,0,0,0,0,0,0,0,0,0,0,0,0,0,0
3008,43954,0,0,0,0,0,0,0,0,0,0,0,0,0,0
3009,43954,0,0,0,0,0,0,0,0,0,0,0,0,0,0
3010,43954,0,0,0,0,0,0,0,0,0,0,0,0,0,0
3011,43954,0,0,0,0,0,0,0,0,0,0,0,0,0,0
3012,43954,0,0,0,0,0,0,0,0,0,0,0,0,0,0
3013,43954,0,0,0,0,0,0,0,0,0,0,0,0,0,0
3014,43954,0,0,0,0,0,0,0,0,0,0,0,0,0,0
3015,43954,0,0,0,0,0,0,0,0,0,0,0,0,0,0
3016,43954,0,0,0,0,0,0,0,0,0,0,0,0,0,0
3017,43954,0,0,0,0,0,0,0,0,0,0,0,0,0,0
3018,43954,0,0,0,0,0,0,0,0,0,0,0,0,0,0
3019,43954,0,0,0,0,0,0,0,0,0,0,0,0,0,0
3020,43954,0,0,0,0,0,0,0,0,0,0,0,0,0,0
3021,43954,0,0,0,0,0,0,0,0,0,0,0,0,0,0
3022,43954,0,0,0,0,0,0,0,0,0,0,0,0,0,0
3023,43954,0,0,0,0,0,0,0,0,0,0,0,0,0,0
3024,43954,0,0,0,0,0,0,0,0,0,0,0,0,0,0
3025,43954,0,0,0,0,0,0,0,0,0,0,0,0,0,0
3026,43954,0,0,0,0,0,0,0,0,0,0,0,0,0,0
3027,43954,0,0,0,0,0,0,0,0,0,0,0,0,0,0
3028,43954,0,0,0,0,0,0,0,0,0,0,0,0,0,0
3029,43954,0,0,0,0,0,0,0,0,0,0,0,0,0,0
3030,43954,0,0,0,0,0,0,0,0,0,0,0,0,0,0
3031,43954,0,0,0,0,0,0,0,0,0,0,0,0,0,0
3032,43954,0,0,0,0,0,0,0,0,0,0,0,0,0,0
3033,43954,0,0,0,0,0,0,0,0,0,0,0,0,0,0
3034,43954,0,0,0,0,0,0,0,0,0,0,0,0,0,0
3035,43954,0,0,0,0,0,0,0,0,0,0,0,0,0,0
3036,43954,0,0,0,0,0,0,0,0,0,0,0,0,0,0
3037,43954,0,0,0,0,0,0,0,0,0,0,0,0,0,0
3038,43954,0,0,0,0,0,0,0,0,0,0,0,0,0,0
3039,43954,0,0,0,0,0,0,0,0,0,0,0,0,0,0
3040,43954,0,0,0,0,0,0,0,0,0,0,0,0,0,0
3041,43954,0,0,0,0,0,0,0,0,0,0,0,0,0,0
3042,43954,0,0,0,0,0,0,0,0,0,0,0,0,0,0
3043,43954,0,0,0,0,0,0,0,0,0,0,0,0,0,0
3044,43954,0,0,0,0,0,0,0,0,0,0,0,0,0,0
3045,43954,0,0,0,0,0,0,0,0,0,0,0,0,0,0
3046,43954,0,0,0,0,0,0,0,0,0,0,0,0,0,0
3047,43954,0,0,0,0,0,0,0,0,0,0,0,0,0,0
3048,43954,0,0,0,0,0,0,0,0,0,0,0,0,0,0
3049,43954,0,0,0,0,0,0,0,0,0,0,0,0,0,0
3050,43954,0,0,0,0,0,0,0,0,0,0,0,0,0,0
3051,43954,0,0,0,0,0,0,0,0,0,0,0,0,0,0
3052,43954,0,0,0,0,0,0,0,0,0,0,0,0,0,0
3053,43954,0,0,0,0,0,0,0,0,0,0,0,0,0,0
3054,43954,0,0,0,0,0,0,0,0,0,0,0,0,0,0
3055,43954,0,0,0,0,0,0,0,0,0,0,0,0,0,0
3056,43954,0,0,0,0,0,0,0,0,0,0,0,0,0,0
3057,43954,0,0,0,0,0,0,0,0,0,0,0,0,0,0
3058,43954,0,0,0,0,0,0,0,0,0,0,0,0,0,0
3059,43954,0,0,0,0,0,0,0,0,0,0,0,0,0,0
3060,43954,0,0,0,0,0,0,0,0,0,0,0,0,0,0
3061,43954,0,0,0,0,0,0,0,0,0,0,0,0,0,0
3062,43954,0,0,0,0,0,0,0,0,0,0,0,0,0,0
3063,43954,0,0,0,0,0,0,0,0,0,0,0,0,0,0
3064,43954,0,0,0,0,0,0,0,0,0,0,0,0,0,0
3065,43954,0,0,0,0,0,0,0,0,0,0,0,0,0,0
3066,43954,0,0,0,0,0,0,0,0,0,0,0,0,0,0
3067,43954,0,0,0,0,0,0,0,0,0,0,0,0,0,0
3068,43954,0,0,0,0,0,0,0,0,0,0,0,0,0,0
3069,43954,0,0,0,0,0,0,0,0,0,0,0,0,0,0
3070,43954,0,0,0,0,0,0,0,0,0,0,0,0,0,0
3071,43954,0,0,0,0,0,0,0,0,0,0,0,0,0,0
3072,43954,0,0,0,0,0,0,0,0,0,0,0,0,0,0
3073,43954,0,0,0,0,0,0,0,0,0,0,0,0,0,0
3074,43954,0,0,0,0,0,0,0,0,0,0,0,0,0,0
3075,43954,0,0,0,0,0,0,0,0,0,0,0,0,0,0
3076,43954,0,0,0,0,0,0,0,0,0,0,0,0,0,0
3077,43954,0,0,0,0,0,0,0,0,0,0,0,0,0,0
3078,43954,0,0,0,0,0,0,0,0,0,0,0,0,0,0
3079,43954,0,0,0,0,0,0,0,0,0,0,0,0,0,0
3080,43954,0,0,0,0,0,0,0,0,0,0,0,0,0,0
3081,43954,0,0,0,0,0,0,0,0,0,0,0,0,0,0
3082,43954,0,0,0,0,0,0,0,0,0,0,0,0,0,0
3083,43954,0,0,0,0,0,0,0,0,0,0,0,0,0,0
3084,43954,0,0,0,0,0,0,0,0,0,0,0,0,0,0
3085,43954,0,0,0,0,0,0,0,0,0,0,0,0,0,0
3086,43954,0,0,0,0,0,0,0,0,0,0,0,0,0,0
3087,43954,0,0,0,0,0,0,0,0,0,0,0,0,0,0
3088,43954,0,0,0,0,0,0,0,0,0,0,0,0,0,0
3089,43954,0,0,0,0,0,0,0,0,0,0,0,0,0,0
3090,43954,0,0,0,0,0,0,0,0,0,0,0,0,0,0
3091,43954,0,0,0,0,0,0,0,0,0,0,0,0,0,0
3092,43954,0,0,0,0,0,0,0,0,0,0,0,0,0,0
3093,43954,0,0,0,0,0,0,0,0,0,0,0,0,0,0
3094,43954,0,0,0,0,0,0,0,0,0,0,0,0,0,0
3095,43954,0,0,0,0,0,0,0,0,0,0,0,0,0,0
3096,43954,0,0,0,0,0,0,0,0,0,0,0,0,0,0
3097,43954,0,0,0,0,0,0,0,0,0,0,0,0,0,0
3098,43954,0,0,0,0,0,0,0,0,0,0,0,0,0,0
3099,43954,0,0,0,0,0,0,0,0,0,0,0,0,0,0
3100,43954,0,0,0,0,0,0,0,0,0,0,0,0,0,0
3101,43954,0,0,0,0,0,0,0,0,0,0,0,0,0,0
3102,43954,0,0,0,0,0,0,0,0,0,0,0,0,0,0
3103,43954,0,0,0,0,0,0,0,0,0,0,0,0,0,0
3104,43954,0,0,0,0,0,0,0,0,0,0,0,0,0,0
3105,43954,0,0,0,0,0,0,0,0,0,0,0,0,0,0
3106,43954,0,0,0,0,0,0,0,0,0,0,0,0,0,0
3107,43954,0,0,0,0,0,0,0,0,0,0,0,0,0,0
3108,43954,0,0,0,0,0,0,0,0,0,0,0,0,0,0
3109,43954,0,0,0,0,0,0,0,0,0,0,0,0,0,0
3110,43954,0,0,0,0,0,0,0,0,0,0,0,0,0,0
3111,43954,0,0,0,0,0,0,0,0,0,0,0,0,0,0
3112,43954,0,0,0,0,0,0,0,0,0,0,0,0,0,0
3113,43954,0,0,0,0,0,0,0,0,0,0,0,0,0,0
3114,43954,0,0,0,0,0,0,0,0,0,0,0,0,0,0
3115,43954,0,0,0,0,0,0,0,0,0,0,0,0,0,0
3116,43954,0,0,0,0,0,0,0,0,0,0,0,0,0,0
3117,43954,0,0,0,0,0,0,0,0,0,0,0,0,0,0
3118,43954,0,0,0,0,0,0,0,0,0,0,0,0,0,0
3119,43954,0,0,0,0,0,0,0,0,0,0,0,0,0,0
3120,43954,0,0,0,0,0,0,0,0,0,0,0,0,0,0
3121,43954,0,0,0,0,0,0,0,0,0,0,0,0,0,0
3122,43954,0,0,0,0,0,0,0,0,0,0,0,0,0,0
3123,43954,0,0,0,0,0,0,0,0,0,0,0,0,0,0
3124,43954,0,0,0,0,0,0,0,0,0,0,0,0,0,0
3125,43954,0,0,0,0,0,0,0,0,0,0,0,0,0,0
3126,43954,0,0,0,0,0,0,0,0,0,0,0,0,0,0
3127,43954,0,0,0,0,0,0,0,0,0,0,0,0,0,0
3128,43954,0,0,0,0,0,0,0,0,0,0,0,0,0,0
3129,43954,0,0,0,0,0,0,0,0,0,0,0,0,0,0
3130,43954,0,0,0,0,0,0,0,0,0,0,0,0,0,0
3131,43954,0,0,0,0,0,0,0,0,0,0,0,0,0,0
3132,43954,0,0,0,0,0,0,0,0,0,0,0,0,0,0
3133,43954,0,0,0,0,0,0,0,0,0,0,0,0,0,0
3134,43954,0,0,0,0,0,0,0,0,0,0,0,0,0,0
3135,43954,0,0,0,0,0,0,0,0,0,0,0,0,0,0
3136,43954,0,0,0,0,0,0,0,0,0,0,0,0,0,0
3137,43954,0,0,0,0,0,0,0,0,0,0,0,0,0,0
3138,43954,0,0,0,0,0,0,0,0,0,0,0,0,0,0
3139,43954,0,0,0,0,0,0,0,0,0,0,0,0,0,0
3140,43954,0,0,0,0,0,0,0,0,0,0,0,0,0,0
3141,43954,0,0,0,0,0,0,0,0,0,0,0,0,0,0
3142,43954,0,0,0,0,0,0,0,0,0,0,0,0,0,0
3143,43954,0,0,0,0,0,0,0,0,0,0,0,0,0,0
3144,43954,0,0,0,0,0,0,0,0,0,0,0,0,0,0
3145,43954,0,0,0,0,0,0,0,0,0,0,0,0,0,0
3146,43954,0,0,0,0,0,0,0,0,0,0,0,0,0,0
3147,43954,0,0,0,0,0,0,0,0,0,0,0,0,0,0
3148,43954,0,0,0,0,0,0,0,0,0,0,0,0,0,0
3149,43954,0,0,0,0,0,0,0,0,0,0,0,0,0,0
3150,43954,0,0,0,0,0,0,0,0,0,0,0,0,0,0
3151,43954,0,0,0,0,0,0,0,0,0,0,0,0,0,0
3152,43954,0,0,0,0,0,0,0,0,0,0,0,0,0,0
3153,43954,0,0,0,0,0,0,0,0,0,0,0,0,0,0
3154,43954,0,0,0,0,0,0,0,0,0,0,0,0,0,0
3155,43954,0,0,0,0,0,0,0,0,0,0,0,0,0,0
3156,43954,0,0,0,0,0,0,0,0,0,0,0,0,0,0
3157,43954,0,0,0,0,0,0,0,0,0,0,0,0,0,0
3158,43954,0,0,0,0,0,0,0,0,0,0,0,0,0,0
3159,43954,0,0,0,0,0,0,0,0,0,0,0,0,0,0
3160,43954,0,0,0,0,0,0,0,0,0,0,0,0,0,0
3161,43954,0,0,0,0,0,0,0,0,0,0,0,0,0,0
3162,43954,0,0,0,0,0,0,0,0,0,0,0,0,0,0
3163,43954,0,0,0,0,0,0,0,0,0,0,0,0,0,0
3164,43954,0,0,0,0,0,0,0,0,0,0,0,0,0,0
3165,43954,0,0,0,0,0,0,0,0,0,0,0,0,0,0
3166,43954,0,0,0,0,0,0,0,0,0,0,0,0,0,0
3167,43954,0,0,0,0,0,0,0,0,0,0,0,0,0,0
3168,43954,0,0,0,0,0,0,0,0,0,0,0,0,0,0
3169,43954,0,0,0,0,0,0,0,0,0,0,0,0,0,0
3170,43954,0,0,0,0,0,0,0,0,0,0,0,0,0,0
3171,43954,0,0,0,0,0,0,0,0,0,0,0,0,0,0
3172,43954,0,0,0,0,0,0,0,0,0,0,0,0,0,0
3173,43954,0,0,0,0,0,0,0,0,0,0,0,0,0,0
3174,43954,0,0,0,0,0,0,0,0,0,0,0,0,0,0
3175,43954,0,0,0,0,0,0,0,0,0,0,0,0,0,0
3176,43954,0,0,0,0,0,0,0,0,0,0,0,0,0,0
3177,43954,0,0,0,0,0,0,0,0,0,0,0,0,0,0
3178,43954,0,0,0,0,0,0,0,0,0,0,0,0,0,0
3179,43954,0,0,0,0,0,0,0,0,0,0,0,0,0,0
3180,43954,0,0,0,0,0,0,0,0,0,0,0,0,0,0
3181,43954,0,0,0,0,0,0,0,0,0,0,0,0,0,0
3182,43954,0,0,0,0,0,0,0,0,0,0,0,0,0,0
3183,43954,0,0,0,0,0,0,0,0,0,0,0,0,0,0
3184,43954,0,0,0,0,0,0,0,0,0,0,0,0,0,0
3185,43954,0,0,0,0,0,0,0,0,0,0,0,0,0,0
3186,43954,0,0,0,0,0,0,0,0,0,0,0,0,0,0
3187,43954,0,0,0,0,0,0,0,0,0,0,0,0,0,0
3188,43954,0,0,0,0,0,0,0,0,0,0,0,0,0,0
3189,43954,0,0,0,0,0,0,0,0,0,0,0,0,0,0
3190,43954,0,0,0,0,0,0,0,0,0,0,0,0,0,0
3191,43954,0,0,0,0,0,0,0,0,0,0,0,0,0,0
3192,43954,0,0,0,0,0,0,0,0,0,0,0,0,0,0
3193,43954,0,0,0,0,0,0,0,0,0,0,0,0,0,0
3194,43954,0,0,0,0,0,0,0,0,0,0,0,0,0,0
3195,43954,0,0,0,0,0,0,0,0,0,0,0,0,0,0
3196,43954,0,0,0,0,0,0,0,0,0,0,0,0,0,0
3197,43954,0,0,0,0,0,0,0,0,0,0,0,0,0,0
3198,43954,0,0,0,0,0,0,0,0,0,0,0,0,0,0
3199,43954,0,0,0,0,0,0,0,0,0,0,0,0,0,0
3200,43954,0,0,0,0,0,0,0,0,0,0,0,0,0,0
3201,43954,0,0,0,0,0,0,0,0,0,0,0,0,0,0
3202,43954,0,0,0,0,0,0,0,0,0,0,0,0,0,0
3203,43954,0,0,0,0,0,0,0,0,0,0,0,0,0,0
3204,43954,0,0,0,0,0,0,0,0,0,0,0,0,0,0
3205,43954,0,0,0,0,0,0,0,0,0,0,0,0,0,0
3206,43954,0,0,0,0,0,0,0,0,0,0,0,0,0,0
3207,43954,0,0,0,0,0,0,0,0,0,0,0,0,0,0
3208,43954,0,0,0,0,0,0,0,0,0,0,0,0,0,0
3209,43954,0,0,0,0,0,0,0,0,0,0,0,0,0,0
3210,43954,0,0,0,0,0,0,0,0,0,0,0,0,0,0
3211,43954,0,0,0,0,0,0,0,0,0,0,0,0,0,0
3212,43954,0,0,0,0,0,0,0,0,0,0,0,0,0,0
3213,43954,0,0,0,0,0,0,0,0,0,0,0,0,0,0
3214,43954,0,0,0,0,0,0,0,0,0,0,0,0,0,0
3215,43954,0,0,0,0,0,0,0,0,0,0,0,0,0,0
3216,43954,0,0,0,0,0,0,0,0,0,0,0,0,0,0
3217,43954,0,0,0,0,0,0,0,0,0,0,0,0,0,0
3218,43954,0,0,0,0,0,0,0,0,0,0,0,0,0,0
3219,43954,0,0,0,0,0,0,0,0,0,0,0,0,0,0
3220,43954,0,0,0,0,0,0,0,0,0,0,0,0,0,0
3221,43954,0,0,0,0,0,0,0,0,0,0,0,0,0,0
3222,43954,0,0,0,0,0,0,0,0,0,0,0,0,0,0
3223,43954,0,0,0,0,0,0,0,0,0,0,0,0,0,0
3224,43954,0,0,0,0,0,0,0,0,0,0,0,0,0,0
3225,43954,0,0,0,0,0,0,0,0,0,0,0,0,0,0
3226,43954,0,0,0,0,0,0,0,0,0,0,0,0,0,0
3227,43954,0,0,0,0,0,0,0,0,0,0,0,0,0,0
3228,43954,0,0,0,0,0,0,0,0,0,0,0,0,0,0
3229,43954,0,0,0,0,0,0,0,0,0,0,0,0,0,0
3230,43954,0,0,0,0,0,0,0,0,0,0,0,0,0,0
3231,43954,0,0,0,0,0,0,0,0,0,0,0,0,0,0
3232,43954,0,0,0,0,0,0,0,0,0,0,0,0,0,0
3233,43954,0,0,0,0,0,0,0,0,0,0,0,0,0,0
3234,43954,0,0,0,0,0,0,0,0,0,0,0,0,0,0
3235,43954,0,0,0,0,0,0,0,0,0,0,0,0,0,0
3236,43954,0,0,0,0,0,0,0,0,0,0,0,0,0,0
3237,43954,0,0,0,0,0,0,0,0,0,0,0,0,0,0
3238,43954,0,0,0,0,0,0,0,0,0,0,0,0,0,0
3239,43954,0,0,0,0,0,0,0,0,0,0,0,0,0,0
3240,43954,0,0,0,0,0,0,0,0,0,0,0,0,0,0
3241,43954,0,0,0,0,0,0,0,0,0,0,0,0,0,0
3242,43954,0,0,0,0,0,0,0,0,0,0,0,0,0,0
3243,43954,0,0,0,0,0,0,0,0,0,0,0,0,0,0
3244,43954,0,0,0,0,0,0,0,0,0,0,0,0,0,0
3245,43954,0,0,0,0,0,0,0,0,0,0,0,0,0,0
3246,43954,0,0,0,0,0,0,0,0,0,0,0,0,0,0
3247,43954,0,0,0,0,0,0,0,0,0,0,0,0,0,0
3248,43954,0,0,0,0,0,0,0,0,0,0,0,0,0,0
3249,43954,0,0,0,0,0,0,0,0,0,0,0,0,0,0
3250,43954,0,0,0,0,0,0,0,0,0,0,0,0,0,0
3251,43954,0,0,0,0,0,0,0,0,0,0,0,0,0,0
3252,43954,0,0,0,0,0,0,0,0,0,0,0,0,0,0
3253,43954,0,0,0,0,0,0,0,0,0,0,0,0,0,0
3254,43954,0,0,0,0,0,0,0,0,0,0,0,0,0,0
3255,43954,0,0,0,0,0,0,0,0,0,0,0,0,0,0
3256,43954,0,0,0,0,0,0,0,0,0,0,0,0,0,0
3257,43954,0,0,0,0,0,0,0,0,0,0,0,0,0,0
3258,43954,0,0,0,0,0,0,0,0,0,0,0,0,0,0
3259,43954,0,0,0,0,0,0,0,0,0,0,0,0,0,0
3260,43954,0,0,0,0,0,0,0,0,0,0,0,0,0,0
3261,43954,0,0,0,0,0,0,0,0,0,0,0,0,0,0
3262,43954,0,0,0,0,0,0,0,0,0,0,0,0,0,0
3263,43954,0,0,0,0,0,0,0,0,0,0,0,0,0,0
3264,43954,0,0,0,0,0,0,0,0,0,0,0,0,0,0
3265,43954,0,0,0,0,0,0,0,0,0,0,0,0,0,0
3266,43954,0,0,0,0,0,0,0,0,0,0,0,0,0,0
3267,43954,0,0,0,0,0,0,0,0,0,0,0,0,0,0
3268,43954,0,0,0,0,0,0,0,0,0,0,0,0,0,0
3269,43954,0,0,0,0,0,0,0,0,0,0,0,0,0,0
3270,43954,0,0,0,0,0,0,0,0,0,0,0,0,0,0
3271,43954,0,0,0,0,0,0,0,0,0,0,0,0,0,0
3272,43954,0,0,0,0,0,0,0,0,0,0,0,0,0,0
3273,43954,0,0,0,0,0,0,0,0,0,0,0,0,0,0
3274,43954,0,0,0,0,0,0,0,0,0,0,0,0,0,0
3275,43954,0,0,0,0,0,0,0,0,0,0,0,0,0,0
3276,43954,0,0,0,0,0,0,0,0,0,0,0,0,0,0
3277,43954,0,0,0,0,0,0,0,0,0,0,0,0,0,0
3278,43954,0,0,0,0,0,0,0,0,0,0,0,0,0,0
3279,43954,0,0,0,0,0,0,0,0,0,0,0,0,0,0
3280,43954,0,0,0,0,0,0,0,0,0,0,0,0,0,0
3281,43954,0,0,0,0,0,0,0,0,0,0,0,0,0,0
3282,43954,0,0,0,0,0,0,0,0,0,0,0,0,0,0
3283,43954,0,0,0,0,0,0,0,0,0,0,0,0,0,0
3284,43954,0,0,0,0,0,0,0,0,0,0,0,0,0,0
3285,43954,0,0,0,0,0,0,0,0,0,0,0,0,0,0
3286,43954,0,0,0,0,0,0,0,0,0,0,0,0,0,0
3287,43954,0,0,0,0,0,0,0,0,0,0,0,0,0,0
3288,43954,0,0,0,0,0,0,0,0,0,0,0,0,0,0
3289,43954,0,0,0,0,0,0,0,0,0,0,0,0,0,0
3290,43954,0,0,0,0,0,0,0,0,0,0,0,0,0,0
3291,43954,0,0,0,0,0,0,0,0,0,0,0,0,0,0
3292,43954,0,0,0,0,0,0,0,0,0,0,0,0,0,0
3293,43954,0,0,0,0,0,0,0,0,0,0,0,0,0,0
3294,43954,0,0,0,0,0,0,0,0,0,0,0,0,0,0
3295,43954,0,0,0,0,0,0,0,0,0,0,0,0,0,0
3296,43954,0,0,0,0,0,0,0,0,0,0,0,0,0,0
3297,43954,0,0,0,0,0,0,0,0,0,0,0,0,0,0
3298,43954,0,0,0,0,0,0,0,0,0,0,0,0,0,0
3299,43954,0,0,0,0,0,0,0,0,0,0,0,0,0,0
3300,43954,0,0,0,0,0,0,0,0,0,0,0,0,0,0
3301,43954,0,0,0,0,0,0,0,0,0,0,0,0,0,0
3302,43954,0,0,0,0,0,0,0,0,0,0,0,0,0,0
3303,43954,0,0,0,0,0,0,0,0,0,0,0,0,0,0
3304,43954,0,0,0,0,0,0,0,0,0,0,0,0,0,0
3305,43954,0,0,0,0,0,0,0,0,0,0,0,0,0,0
3306,43954,0,0,0,0,0,0,0,0,0,0,0,0,0,0
3307,43954,0,0,0,0,0,0,0,0,0,0,0,0,0,0
3308,43954,0,0,0,0,0,0,0,0,0,0,0,0,0,0
3309,43954,0,0,0,0,0,0,0,0,0,0,0,0,0,0
3310,43954,0,0,0,0,0,0,0,0,0,0,0,0,0,0
3311,43954,0,0,0,0,0,0,0,0,0,0,0,0,0,0
3312,43954,0,0,0,0,0,0,0,0,0,0,0,0,0,0
3313,43954,0,0,0,0,0,0,0,0,0,0,0,0,0,0
3314,43954,0,0,0,0,0,0,0,0,0,0,0,0,0,0
3315,43954,0,0,0,0,0,0,0,0,0,0,0,0,0,0
3316,43954,0,0,0,0,0,0,0,0,0,0,0,0,0,0
3317,43954,0,0,0,0,0,0,0,0,0,0,0,0,0,0
3318,43954,0,0,0,0,0,0,0,0,0,0,0,0,0,0
3319,43954,0,0,0,0,0,0,0,0,0,0,0,0,0,0
3320,43954,0,0,0,0,0,0,0,0,0,0,0,0,0,0
3321,43954,0,0,0,0,0,0,0,0,0,0,0,0,0,0
3322,43954,0,0,0,0,0,0,0,0,0,0,0,0,0,0
3323,43954,0,0,0,0,0,0,0,0,0,0,0,0,0,0
3324,43954,0,0,0,0,0,0,0,0,0,0,0,0,0,0
3325,43954,0,0,0,0,0,0,0,0,0,0,0,0,0,0
3326,43954,0,0,0,0,0,0,0,0,0,0,0,0,0,0
3327,43954,0,0,0,0,0,0,0,0,0,0,0,0,0,0
3328,43954,0,0,0,0,0,0,0,0,0,0,0,0,0,0
3329,43954,0,0,0,0,0,0,0,0,0,0,0,0,0,0
3330,43954,0,0,0,0,0,0,0,0,0,0,0,0,0,0
3331,43954,0,0,0,0,0,0,0,0,0,0,0,0,0,0
3332,43954,0,0,0,0,0,0,0,0,0,0,0,0,0,0
3333,43954,0,0,0,0,0,0,0,0,0,0,0,0,0,0
3334,43954,0,0,0,0,0,0,0,0,0,0,0,0,0,0
3335,43954,0,0,0,0,0,0,0,0,0,0,0,0,0,0
3336,43954,0,0,0,0,0,0,0,0,0,0,0,0,0,0
3337,43954,0,0,0,0,0,0,0,0,0,0,0,0,0,0
3338,43954,0,0,0,0,0,0,0,0,0,0,0,0,0,0
3339,43954,0,0,0,0,0,0,0,0,0,0,0,0,0,0
3340,43954,0,0,0,0,0,0,0,0,0,0,0,0,0,0
3341,43954,0,0,0,0,0,0,0,0,0,0,0,0,0,0
3342,43954,0,0,0,0,0,0,0,0,0,0,0,0,0,0
3343,43954,0,0,0,0,0,0,0,0,0,0,0,0,0,0
3344,43954,0,0,0,0,0,0,0,0,0,0,0,0,0,0
3345,43954,0,0,0,0,0,0,0,0,0,0,0,0,0,0
3346,43954,0,0,0,0,0,0,0,0,0,0,0,0,0,0
3347,43954,0,0,0,0,0,0,0,0,0,0,0,0,0,0
3348,43954,0,0,0,0,0,0,0,0,0,0,0,0,0,0
3349,43954,0,0,0,0,0,0,0,0,0,0,0,0,0,0
3350,43954,0,0,0,0,0,0,0,0,0,0,0,0,0,0
3351,43954,0,0,0,0,0,0,0,0,0,0,0,0,0,0
3352,43954,0,0,0,0,0,0,0,0,0,0,0,0,0,0
3353,43954,0,0,0,0,0,0,0,0,0,0,0,0,0,0
3354,43954,0,0,0,0,0,0,0,0,0,0,0,0,0,0
3355,43954,0,0,0,0,0,0,0,0,0,0,0,0,0,0
3356,43954,0,0,0,0,0,0,0,0,0,0,0,0,0,0
3357,43954,0,0,0,0,0,0,0,0,0,0,0,0,0,0
3358,43954,0,0,0,0,0,0,0,0,0,0,0,0,0,0
3359,43954,0,0,0,0,0,0,0,0,0,0,0,0,0,0
3360,43954,0,0,0,0,0,0,0,0,0,0,0,0,0,0
3361,43954,0,0,0,0,0,0,0,0,0,0,0,0,0,0
3362,43954,0,0,0,0,0,0,0,0,0,0,0,0,0,0
3363,43954,0,0,0,0,0,0,0,0,0,0,0,0,0,0
3364,43954,0,0,0,0,0,0,0,0,0,0,0,0,0,0
3365,43954,0,0,0,0,0,0,0,0,0,0,0,0,0,0
3366,43954,0,0,0,0,0,0,0,0,0,0,0,0,0,0
3367,43954,0,0,0,0,0,0,0,0,0,0,0,0,0,0
3368,43954,0,0,0,0,0,0,0,0,0,0,0,0,0,0
3369,43954,0,0,0,0,0,0,0,0,0,0,0,0,0,0
3370,43954,0,0,0,0,0,0,0,0,0,0,0,0,0,0
3371,43954,0,0,0,0,0,0,0,0,0,0,0,0,0,0
3372,43954,0,0,0,0,0,0,0,0,0,0,0,0,0,0
3373,43954,0,0,0,0,0,0,0,0,0,0,0,0,0,0
3374,43954,0,0,0,0,0,0,0,0,0,0,0,0,0,0
3375,43954,0,0,0,0,0,0,0,0,0,0,0,0,0,0
3376,43954,0,0,0,0,0,0,0,0,0,0,0,0,0,0
3377,43954,0,0,0,0,0,0,0,0,0,0,0,0,0,0
3378,43954,0,0,0,0,0,0,0,0,0,0,0,0,0,0
3379,43954,0,0,0,0,0,0,0,0,0,0,0,0,0,0
3380,43954,0,0,0,0,0,0,0,0,0,0,0,0,0,0
3381,43954,0,0,0,0,0,0,0,0,0,0,0,0,0,0
3382,43954,0,0,0,0,0,0,0,0,0,0,0,0,0,0
3383,43954,0,0,0,0,0,0,0,0,0,0,0,0,0,0
3384,43954,0,0,0,0,0,0,0,0,0,0,0,0,0,0
3385,43954,0,0,0,0,0,0,0,0,0,0,0,0,0,0
3386,43954,0,0,0,0,0,0,0,0,0,0,0,0,0,0
3387,43954,0,0,0,0,0,0,0,0,0,0,0,0,0,0
3388,43954,0,0,0,0,0,0,0,0,0,0,0,0,0,0
3389,43954,0,0,0,0,0,0,0,0,0,0,0,0,0,0
3390,43954,0,0,0,0,0,0,0,0,0,0,0,0,0,0
3391,43954,0,0,0,0,0,0,0,0,0,0,0,0,0,0
3392,43954,0,0,0,0,0,0,0,0,0,0,0,0,0,0
3393,43954,0,0,0,0,0,0,0,0,0,0,0,0,0,0
3394,43954,0,0,0,0,0,0,0,0,0,0,0,0,0,0
3395,43954,0,0,0,0,0,0,0,0,0,0,0,0,0,0
3396,43954,0,0,0,0,0,0,0,0,0,0,0,0,0,0
3397,43954,0,0,0,0,0,0,0,0,0,0,0,0,0,0
3398,43954,0,0,0,0,0,0,0,0,0,0,0,0,0,0
3399,43954,0,0,0,0,0,0,0,0,0,0,0,0,0,0
3400,43954,0,0,0,0,0,0,0,0,0,0,0,0,0,0
3401,43954,0,0,0,0,0,0,0,0,0,0,0,0,0,0
3402,43954,0,0,0,0,0,0,0,0,0,0,0,0,0,0
3403,43954,0,0,0,0,0,0,0,0,0,0,0,0,0,0
3404,43954,0,0,0,0,0,0,0,0,0,0,0,0,0,0
3405,43954,0,0,0,0,0,0,0,0,0,0,0,0,0,0
3406,43954,0,0,0,0,0,0,0,0,0,0,0,0,0,0
3407,43954,0,0,0,0,0,0,0,0,0,0,0,0,0,0
3408,43954,0,0,0,0,0,0,0,0,0,0,0,0,0,0
3409,43954,0,0,0,0,0,0,0,0,0,0,0,0,0,0
3410,43954,0,0,0,0,0,0,0,0,0,0,0,0,0,0
3411,43954,0,0,0,0,0,0,0,0,0,0,0,0,0,0
3412,43954,0,0,0,0,0,0,0,0,0,0,0,0,0,0
3413,43954,0,0,0,0,0,0,0,0,0,0,0,0,0,0
3414,43954,0,0,0,0,0,0,0,0,0,0,0,0,0,0
3415,43954,0,0,0,0,0,0,0,0,0,0,0,0,0,0
3416,43954,0,0,0,0,0,0,0,0,0,0,0,0,0,0
3417,43954,0,0,0,0,0,0,0,0,0,0,0,0,0,0
3418,43954,0,0,0,0,0,0,0,0,0,0,0,0,0,0
3419,43954,0,0,0,0,0,0,0,0,0,0,0,0,0,0
3420,43954,0,0,0,0,0,0,0,0,0,0,0,0,0,0
3421,43954,0,0,0,0,0,0,0,0,0,0,0,0,0,0
3422,43954,0,0,0,0,0,0,0,0,0,0,0,0,0,0
3423,43954,0,0,0,0,0,0,0,0,0,0,0,0,0,0
3424,43954,0,0,0,0,0,0,0,0,0,0,0,0,0,0
3425,43954,0,0,0,0,0,0,0,0,0,0,0,0,0,0
3426,43954,0,0,0,0,0,0,0,0,0,0,0,0,0,0
3427,43954,0,0,0,0,0,0,0,0,0,0,0,0,0,0
3428,43954,0,0,0,0,0,0,0,0,0,0,0,0,0,0
3429,43954,0,0,0,0,0,0,0,0,0,0,0,0,0,0
3430,43954,0,0,0,0,0,0,0,0,0,0,0,0,0,0
3431,43954,0,0,0,0,0,0,0,0,0,0,0,0,0,0
3432,43954,0,0,0,0,0,0,0,0,0,0,0,0,0,0
3433,43954,0,0,0,0,0,0,0,0,0,0,0,0,0,0
3434,43954,0,0,0,0,0,0,0,0,0,0,0,0,0,0
3435,43954,0,0,0,0,0,0,0,0,0,0,0,0,0,0
3436,43954,0,0,0,0,0,0,0,0,0,0,0,0,0,0
3437,43954,0,0,0,0,0,0,0,0,0,0,0,0,0,0
3438,43954,0,0,0,0,0,0,0,0,0,0,0,0,0,0
3439,43954,0,0,0,0,0,0,0,0,0,0,0,0,0,0
3440,43954,0,0,0,0,0,0,0,0,0,0,0,0,0,0
3441,43954,0,0,0,0,0,0,0,0,0,0,0,0,0,0
3442,43954,0,0,0,0,0,0,0,0,0,0,0,0,0,0
3443,43954,0,0,0,0,0,0,0,0,0,0,0,0,0,0
3444,43954,0,0,0,0,0,0,0,0,0,0,0,0,0,0
3445,43954,0,0,0,0,0,0,0,0,0,0,0,0,0,0
3446,43954,0,0,0,0,0,0,0,0,0,0,0,0,0,0
3447,43954,0,0,0,0,0,0,0,0,0,0,0,0,0,0
3448,43954,0,0,0,0,0,0,0,0,0,0,0,0,0,0
3449,43954,0,0,0,0,0,0,0,0,0,0,0,0,0,0
3450,43954,0,0,0,0,0,0,0,0,0,0,0,0,0,0
3451,43954,0,0,0,0,0,0,0,0,0,0,0,0,0,0
3452,43954,0,0,0,0,0,0,0,0,0,0,0,0,0,0
3453,43954,0,0,0,0,0,0,0,0,0,0,0,0,0,0
3454,43954,0,0,0,0,0,0,0,0,0,0,0,0,0,0
3455,43954,0,0,0,0,0,0,0,0,0,0,0,0,0,0
3456,43954,0,0,0,0,0,0,0,0,0,0,0,0,0,0
3457,43954,0,0,0,0,0,0,0,0,0,0,0,0,0,0
3458,43954,0,0,0,0,0,0,0,0,0,0,0,0,0,0
3459,43954,0,0,0,0,0,0,0,0,0,0,0,0,0,0
3460,43954,0,0,0,0,0,0,0,0,0,0,0,0,0,0
3461,43954,0,0,0,0,0,0,0,0,0,0,0,0,0,0
3462,43954,0,0,0,0,0,0,0,0,0,0,0,0,0,0
3463,43954,0,0,0,0,0,0,0,0,0,0,0,0,0,0
3464,43954,0,0,0,0,0,0,0,0,0,0,0,0,0,0
3465,43954,0,0,0,0,0,0,0,0,0,0,0,0,0,0
3466,43954,0,0,0,0,0,0,0,0,0,0,0,0,0,0
3467,43954,0,0,0,0,0,0,0,0,0,0,0,0,0,0
3468,43954,0,0,0,0,0,0,0,0,0,0,0,0,0,0
3469,43954,0,0,0,0,0,0,0,0,0,0,0,0,0,0
3470,43954,0,0,0,0,0,0,0,0,0,0,0,0,0,0
3471,43954,0,0,0,0,0,0,0,0,0,0,0,0,0,0
3472,43954,0,0,0,0,0,0,0,0,0,0,0,0,0,0
3473,43954,0,0,0,0,0,0,0,0,0,0,0,0,0,0
3474,43954,0,0,0,0,0,0,0,0,0,0,0,0,0,0
3475,43954,0,0,0,0,0,0,0,0,0,0,0,0,0,0
3476,43954,0,0,0,0,0,0,0,0,0,0,0,0,0,0
3477,43954,0,0,0,0,0,0,0,0,0,0,0,0,0,0
3478,43954,0,0,0,0,0,0,0,0,0,0,0,0,0,0
3479,43954,0,0,0,0,0,0,0,0,0,0,0,0,0,0
3480,43954,0,0,0,0,0,0,0,0,0,0,0,0,0,0
3481,43954,0,0,0,0,0,0,0,0,0,0,0,0,0,0
3482,43954,0,0,0,0,0,0,0,0,0,0,0,0,0,0
3483,43954,0,0,0,0,0,0,0,0,0,0,0,0,0,0
3484,43954,0,0,0,0,0,0,0,0,0,0,0,0,0,0
3485,43954,0,0,0,0,0,0,0,0,0,0,0,0,0,0
3486,43954,0,0,0,0,0,0,0,0,0,0,0,0,0,0
3487,43954,0,0,0,0,0,0,0,0,0,0,0,0,0,0
3488,43954,0,0,0,0,0,0,0,0,0,0,0,0,0,0
3489,43954,0,0,0,0,0,0,0,0,0,0,0,0,0,0
3490,43954,0,0,0,0,0,0,0,0,0,0,0,0,0,0
3491,43954,0,0,0,0,0,0,0,0,0,0,0,0,0,0
3492,43954,0,0,0,0,0,0,0,0,0,0,0,0,0,0
3493,43954,0,0,0,0,0,0,0,0,0,0,0,0,0,0
3494,43954,0,0,0,0,0,0,0,0,0,0,0,0,0,0
3495,43954,0,0,0,0,0,0,0,0,0,0,0,0,0,0
3496,43954,0,0,0,0,0,0,0,0,0,0,0,0,0,0
3497,43954,0,0,0,0,0,0,0,0,0,0,0,0,0,0
3498,43954,0,0,0,0,0,0,0,0,0,0,0,0,0,0
3499,43954,0,0,0,0,0,0,0,0,0,0,0,0,0,0
3500,43954,0,0,0,0,0,0,0,0,0,0,0,0,0,0
3501,43954,0,0,0,0,0,0,0,0,0,0,0,0,0,0
3502,43954,0,0,0,0,0,0,0,0,0,0,0,0,0,0
3503,43954,0,0,0,0,0,0,0,0,0,0,0,0,0,0
3504,43954,0,0,0,0,0,0,0,0,0,0,0,0,0,0
3505,43954,0,0,0,0,0,0,0,0,0,0,0,0,0,0
3506,43954,0,0,0,0,0,0,0,0,0,0,0,0,0,0
3507,43954,0,0,0,0,0,0,0,0,0,0,0,0,0,0
3508,43954,0,0,0,0,0,0,0,0,0,0,0,0,0,0
3509,43954,0,0,0,0,0,0,0,0,0,0,0,0,0,0
3510,43954,0,0,0,0,0,0,0,0,0,0,0,0,0,0
3511,43954,0,0,0,0,0,0,0,0,0,0,0,0,0,0
3512,43954,0,0,0,0,0,0,0,0,0,0,0,0,0,0
3513,43954,0,0,0,0,0,0,0,0,0,0,0,0,0,0
3514,43954,0,0,0,0,0,0,0,0,0,0,0,0,0,0
3515,43954,0,0,0,0,0,0,0,0,0,0,0,0,0,0
3516,43954,0,0,0,0,0,0,0,0,0,0,0,0,0,0
3517,43954,0,0,0,0,0,0,0,0,0,0,0,0,0,0
3518,43954,0,0,0,0,0,0,0,0,0,0,0,0,0,0
3519,43954,0,0,0,0,0,0,0,0,0,0,0,0,0,0
3520,43954,0,0,0,0,0,0,0,0,0,0,0,0,0,0
3521,43954,0,0,0,0,0,0,0,0,0,0,0,0,0,0
3522,43954,0,0,0,0,0,0,0,0,0,0,0,0,0,0
3523,43954,0,0,0,0,0,0,0,0,0,0,0,0,0,0
3524,43954,0,0,0,0,0,0,0,0,0,0,0,0,0,0
3525,43954,0,0,0,0,0,0,0,0,0,0,0,0,0,0
3526,43954,0,0,0,0,0,0,0,0,0,0,0,0,0,0
3527,43954,0,0,0,0,0,0,0,0,0,0,0,0,0,0
3528,43954,0,0,0,0,0,0,0,0,0,0,0,0,0,0
3529,43954,0,0,0,0,0,0,0,0,0,0,0,0,0,0
3530,43954,0,0,0,0,0,0,0,0,0,0,0,0,0,0
3531,43954,0,0,0,0,0,0,0,0,0,0,0,0,0,0
3532,43954,0,0,0,0,0,0,0,0,0,0,0,0,0,0
3533,43954,0,0,0,0,0,0,0,0,0,0,0,0,0,0
3534,43954,0,0,0,0,0,0,0,0,0,0,0,0,0,0
3535,43954,0,0,0,0,0,0,0,0,0,0,0,0,0,0
3536,43954,0,0,0,0,0,0,0,0,0,0,0,0,0,0
3537,43954,0,0,0,0,0,0,0,0,0,0,0,0,0,0
3538,43954,0,0,0,0,0,0,0,0,0,0,0,0,0,0
3539,43954,0,0,0,0,0,0,0,0,0,0,0,0,0,0
3540,43954,0,0,0,0,0,0,0,0,0,0,0,0,0,0
3541,43954,0,0,0,0,0,0,0,0,0,0,0,0,0,0
3542,43954,0,0,0,0,0,0,0,0,0,0,0,0,0,0
3543,43954,0,0,0,0,0,0,0,0,0,0,0,0,0,0
3544,43954,0,0,0,0,0,0,0,0,0,0,0,0,0,0
3545,43954,0,0,0,0,0,0,0,0,0,0,0,0,0,0
3546,43954,0,0,0,0,0,0,0,0,0,0,0,0,0,0
3547,43954,0,0,0,0,0,0,0,0,0,0,0,0,0,0
3548,43954,0,0,0,0,0,0,0,0,0,0,0,0,0,0
3549,43954,0,0,0,0,0,0,0,0,0,0,0,0,0,0
3550,43954,0,0,0,0,0,0,0,0,0,0,0,0,0,0
3551,43954,0,0,0,0,0,0,0,0,0,0,0,0,0,0
3552,43954,0,0,0,0,0,0,0,0,0,0,0,0,0,0
3553,43954,0,0,0,0,0,0,0,0,0,0,0,0,0,0
3554,43954,0,0,0,0,0,0,0,0,0,0,0,0,0,0
3555,43954,0,0,0,0,0,0,0,0,0,0,0,0,0,0
3556,43954,0,0,0,0,0,0,0,0,0,0,0,0,0,0
3557,43954,0,0,0,0,0,0,0,0,0,0,0,0,0,0
3558,43954,0,0,0,0,0,0,0,0,0,0,0,0,0,0
3559,43954,0,0,0,0,0,0,0,0,0,0,0,0,0,0
3560,43954,0,0,0,0,0,0,0,0,0,0,0,0,0,0
3561,43954,0,0,0,0,0,0,0,0,0,0,0,0,0,0
3562,43954,0,0,0,0,0,0,0,0,0,0,0,0,0,0
3563,43954,0,0,0,0,0,0,0,0,0,0,0,0,0,0
3564,43954,0,0,0,0,0,0,0,0,0,0,0,0,0,0
3565,43954,0,0,0,0,0,0,0,0,0,0,0,0,0,0
3566,43954,0,0,0,0,0,0,0,0,0,0,0,0,0,0
3567,43954,0,0,0,0,0,0,0,0,0,0,0,0,0,0
3568,43954,0,0,0,0,0,0,0,0,0,0,0,0,0,0
3569,43954,0,0,0,0,0,0,0,0,0,0,0,0,0,0
3570,43954,0,0,0,0,0,0,0,0,0,0,0,0,0,0
3571,43954,0,0,0,0,0,0,0,0,0,0,0,0,0,0
3572,43954,0,0,0,0,0,0,0,0,0,0,0,0,0,0
3573,43954,0,0,0,0,0,0,0,0,0,0,0,0,0,0
3574,43954,0,0,0,0,0,0,0,0,0,0,0,0,0,0
3575,43954,0,0,0,0,0,0,0,0,0,0,0,0,0,0
3576,43954,0,0,0,0,0,0,0,0,0,0,0,0,0,0
3577,43954,0,0,0,0,0,0,0,0,0,0,0,0,0,0
3578,43954,0,0,0,0,0,0,0,0,0,0,0,0,0,0
3579,43954,0,0,0,0,0,0,0,0,0,0,0,0,0,0
3580,43954,0,0,0,0,0,0,0,0,0,0,0,0,0,0
3581,43954,0,0,0,0,0,0,0,0,0,0,0,0,0,0
3582,43954,0,0,0,0,0,0,0,0,0,0,0,0,0,0
3583,43954,0,0,0,0,0,0,0,0,0,0,0,0,0,0
3584,43954,0,0,0,0,0,0,0,0,0,0,0,0,0,0
3585,43954,0,0,0,0,0,0,0,0,0,0,0,0,0,0
3586,43954,0,0,0,0,0,0,0,0,0,0,0,0,0,0
3587,43954,0,0,0,0,0,0,0,0,0,0,0,0,0,0
3588,43954,0,0,0,0,0,0,0,0,0,0,0,0,0,0
3589,43954,0,0,0,0,0,0,0,0,0,0,0,0,0,0
3590,43954,0,0,0,0,0,0,0,0,0,0,0,0,0,0
3591,43954,0,0,0,0,0,0,0,0,0,0,0,0,0,0
3592,43954,0,0,0,0,0,0,0,0,0,0,0,0,0,0
3593,43954,0,0,0,0,0,0,0,0,0,0,0,0,0,0
3594,43954,0,0,0,0,0,0,0,0,0,0,0,0,0,0
3595,43954,0,0,0,0,0,0,0,0,0,0,0,0,0,0
3596,43954,0,0,0,0,0,0,0,0,0,0,0,0,0,0
3597,43954,0,0,0,0,0,0,0,0,0,0,0,0,0,0
3598,43954,0,0,0,0,0,0,0,0,0,0,0,0,0,0
3599,43954,0,0,0,0,0,0,0,0,0,0,0,0,0,0
3600,43954,0,0,0,0,0,0,0,0,0,0,0,0,0,0
3601,43954,0,0,0,0,0,0,0,0,0,0,0,0,0,0
3602,43954,0,0,0,0,0,0,0,0,0,0,0,0,0,0
3603,43954,0,0,0,0,0,0,0,0,0,0,0,0,0,0
3604,43954,0,0,0,0,0,0,0,0,0,0,0,0,0,0
3605,43954,0,0,0,0,0,0,0,0,0,0,0,0,0,0
3606,43954,0,0,0,0,0,0,0,0,0,0,0,0,0,0
3607,43954,0,0,0,0,0,0,0,0,0,0,0,0,0,0
3608,43954,0,0,0,0,0,0,0,0,0,0,0,0,0,0
3609,43954,0,0,0,0,0,0,0,0,0,0,0,0,0,0
3610,43954,0,0,0,0,0,0,0,0,0,0,0,0,0,0
3611,43954,0,0,0,0,0,0,0,0,0,0,0,0,0,0
3612,43954,0,0,0,0,0,0,0,0,0,0,0,0,0,0
3613,43954,0,0,0,0,0,0,0,0,0,0,0,0,0,0
3614,43954,0,0,0,0,0,0,0,0,0,0,0,0,0,0
3615,43954,0,0,0,0,0,0,0,0,0,0,0,0,0,0
3616,43954,0,0,0,0,0,0,0,0,0,0,0,0,0,0
3617,43954,0,0,0,0,0,0,0,0,0,0,0,0,0,0
3618,43954,0,0,0,0,0,0,0,0,0,0,0,0,0,0
3619,43954,0,0,0,0,0,0,0,0,0,0,0,0,0,0
3620,43954,0,0,0,0,0,0,0,0,0,0,0,0,0,0
3621,43954,0,0,0,0,0,0,0,0,0,0,0,0,0,0
3622,43954,0,0,0,0,0,0,0,0,0,0,0,0,0,0
3623,43954,0,0,0,0,0,0,0,0,0,0,0,0,0,0
3624,43954,0,0,0,0,0,0,0,0,0,0,0,0,0,0
3625,43954,0,0,0,0,0,0,0,0,0,0,0,0,0,0
3626,43954,0,0,0,0,0,0,0,0,0,0,0,0,0,0
3627,43954,0,0,0,0,0,0,0,0,0,0,0,0,0,0
3628,43954,0,0,0,0,0,0,0,0,0,0,0,0,0,0
3629,43954,0,0,0,0,0,0,0,0,0,0,0,0,0,0
3630,43954,0,0,0,0,0,0,0,0,0,0,0,0,0,0
3631,43954,0,0,0,0,0,0,0,0,0,0,0,0,0,0
3632,43954,0,0,0,0,0,0,0,0,0,0,0,0,0,0
3633,43954,0,0,0,0,0,0,0,0,0,0,0,0,0,0
3634,43954,0,0,0,0,0,0,0,0,0,0,0,0,0,0
3635,43954,0,0,0,0,0,0,0,0,0,0,0,0,0,0
3636,43954,0,0,0,0,0,0,0,0,0,0,0,0,0,0
3637,43954,0,0,0,0,0,0,0,0,0,0,0,0,0,0
3638,43954,0,0,0,0,0,0,0,0,0,0,0,0,0,0
3639,43954,0,0,0,0,0,0,0,0,0,0,0,0,0,0
3640,43954,0,0,0,0,0,0,0,0,0,0,0,0,0,0
3641,43954,0,0,0,0,0,0,0,0,0,0,0,0,0,0
3642,43954,0,0,0,0,0,0,0,0,0,0,0,0,0,0
3643,43954,0,0,0,0,0,0,0,0,0,0,0,0,0,0
3644,43954,0,0,0,0,0,0,0,0,0,0,0,0,0,0
3645,43954,0,0,0,0,0,0,0,0,0,0,0,0,0,0
3646,43954,0,0,0,0,0,0,0,0,0,0,0,0,0,0
3647,43954,0,0,0,0,0,0,0,0,0,0,0,0,0,0
3648,43954,0,0,0,0,0,0,0,0,0,0,0,0,0,0
3649,43954,0,0,0,0,0,0,0,0,0,0,0,0,0,0
3650,43954,0,0,0,0,0,0,0,0,0,0,0,0,0,0
3651,43954,0,0,0,0,0,0,0,0,0,0,0,0,0,0
3652,43954,0,0,0,0,0,0,0,0,0,0,0,0,0,0
3653,43954,0,0,0,0,0,0,0,0,0,0,0,0,0,0
3654,43954,0,0,0,0,0,0,0,0,0,0,0,0,0,0
3655,43954,0,0,0,0,0,0,0,0,0,0,0,0,0,0
3656,43954,0,0,0,0,0,0,0,0,0,0,0,0,0,0
3657,43954,0,0,0,0,0,0,0,0,0,0,0,0,0,0
3658,43954,0,0,0,0,0,0,0,0,0,0,0,0,0,0
3659,43954,0,0,0,0,0,0,0,0,0,0,0,0,0,0
3660,43954,0,0,0,0,0,0,0,0,0,0,0,0,0,0
3661,43954,0,0,0,0,0,0,0,0,0,0,0,0,0,0
3662,43954,0,0,0,0,0,0,0,0,0,0,0,0,0,0
3663,43954,0,0,0,0,0,0,0,0,0,0,0,0,0,0
3664,43954,0,0,0,0,0,0,0,0,0,0,0,0,0,0
3665,43954,0,0,0,0,0,0,0,0,0,0,0,0,0,0
3666,43954,0,0,0,0,0,0,0,0,0,0,0,0,0,0
3667,43954,0,0,0,0,0,0,0,0,0,0,0,0,0,0
3668,43954,0,0,0,0,0,0,0,0,0,0,0,0,0,0
3669,43954,0,0,0,0,0,0,0,0,0,0,0,0,0,0
3670,43954,0,0,0,0,0,0,0,0,0,0,0,0,0,0
3671,43954,0,0,0,0,0,0,0,0,0,0,0,0,0,0
3672,43954,0,0,0,0,0,0,0,0,0,0,0,0,0,0
3673,43954,0,0,0,0,0,0,0,0,0,0,0,0,0,0
3674,43954,0,0,0,0,0,0,0,0,0,0,0,0,0,0
3675,43954,0,0,0,0,0,0,0,0,0,0,0,0,0,0
3676,43954,0,0,0,0,0,0,0,0,0,0,0,0,0,0
3677,43954,0,0,0,0,0,0,0,0,0,0,0,0,0,0
3678,43954,0,0,0,0,0,0,0,0,0,0,0,0,0,0
3679,43954,0,0,0,0,0,0,0,0,0,0,0,0,0,0
3680,43954,0,0,0,0,0,0,0,0,0,0,0,0,0,0
3681,43954,0,0,0,0,0,0,0,0,0,0,0,0,0,0
3682,43954,0,0,0,0,0,0,0,0,0,0,0,0,0,0
3683,43954,0,0,0,0,0,0,0,0,0,0,0,0,0,0
3684,43954,0,0,0,0,0,0,0,0,0,0,0,0,0,0
3685,43954,0,0,0,0,0,0,0,0,0,0,0,0,0,0
3686,43954,0,0,0,0,0,0,0,0,0,0,0,0,0,0
3687,43954,0,0,0,0,0,0,0,0,0,0,0,0,0,0
3688,43954,0,0,0,0,0,0,0,0,0,0,0,0,0,0
3689,43954,0,0,0,0,0,0,0,0,0,0,0,0,0,0
3690,43954,0,0,0,0,0,0,0,0,0,0,0,0,0,0
3691,43954,0,0,0,0,0,0,0,0,0,0,0,0,0,0
3692,43954,0,0,0,0,0,0,0,0,0,0,0,0,0,0
3693,43954,0,0,0,0,0,0,0,0,0,0,0,0,0,0
3694,43954,0,0,0,0,0,0,0,0,0,0,0,0,0,0
3695,43954,0,0,0,0,0,0,0,0,0,0,0,0,0,0
3696,43954,0,0,0,0,0,0,0,0,0,0,0,0,0,0
3697,43954,0,0,0,0,0,0,0,0,0,0,0,0,0,0
3698,43954,0,0,0,0,0,0,0,0,0,0,0,0,0,0
3699,43954,0,0,0,0,0,0,0,0,0,0,0,0,0,0
3700,43954,0,0,0,0,0,0,0,0,0,0,0,0,0,0
3701,43954,0,0,0,0,0,0,0,0,0,0,0,0,0,0
3702,43954,0,0,0,0,0,0,0,0,0,0,0,0,0,0
3703,43954,0,0,0,0,0,0,0,0,0,0,0,0,0,0
3704,43954,0,0,0,0,0,0,0,0,0,0,0,0,0,0
3705,43954,0,0,0,0,0,0,0,0,0,0,0,0,0,0
3706,43954,0,0,0,0,0,0,0,0,0,0,0,0,0,0
3707,43954,0,0,0,0,0,0,0,0,0,0,0,0,0,0
3708,43954,0,0,0,0,0,0,0,0,0,0,0,0,0,0
3709,43954,0,0,0,0,0,0,0,0,0,0,0,0,0,0
3710,43954,0,0,0,0,0,0,0,0,0,0,0,0,0,0
3711,43954,0,0,0,0,0,0,0,0,0,0,0,0,0,0
3712,43954,0,0,0,0,0,0,0,0,0,0,0,0,0,0
3713,43954,0,0,0,0,0,0,0,0,0,0,0,0,0,0
3714,43954,0,0,0,0,0,0,0,0,0,0,0,0,0,0
3715,43954,0,0,0,0,0,0,0,0,0,0,0,0,0,0
3716,43954,0,0,0,0,0,0,0,0,0,0,0,0,0,0
3717,43954,0,0,0,0,0,0,0,0,0,0,0,0,0,0
3718,43954,0,0,0,0,0,0,0,0,0,0,0,0,0,0
3719,43954,0,0,0,0,0,0,0,0,0,0,0,0,0,0
3720,43954,0,0,0,0,0,0,0,0,0,0,0,0,0,0
3721,43954,0,0,0,0,0,0,0,0,0,0,0,0,0,0
3722,43954,0,0,0,0,0,0,0,0,0,0,0,0,0,0
3723,43954,0,0,0,0,0,0,0,0,0,0,0,0,0,0
3724,43954,0,0,0,0,0,0,0,0,0,0,0,0,0,0
3725,43954,0,0,0,0,0,0,0,0,0,0,0,0,0,0
3726,43954,0,0,0,0,0,0,0,0,0,0,0,0,0,0
3727,43954,0,0,0,0,0,0,0,0,0,0,0,0,0,0
3728,43954,0,0,0,0,0,0,0,0,0,0,0,0,0,0
3729,43954,0,0,0,0,0,0,0,0,0,0,0,0,0,0
3730,43954,0,0,0,0,0,0,0,0,0,0,0,0,0,0
3731,43954,0,0,0,0,0,0,0,0,0,0,0,0,0,0
3732,43954,0,0,0,0,0,0,0,0,0,0,0,0,0,0
3733,43954,0,0,0,0,0,0,0,0,0,0,0,0,0,0
3734,43954,0,0,0,0,0,0,0,0,0,0,0,0,0,0
3735,43954,0,0,0,0,0,0,0,0,0,0,0,0,0,0
3736,43954,0,0,0,0,0,0,0,0,0,0,0,0,0,0
3737,43954,0,0,0,0,0,0,0,0,0,0,0,0,0,0
3738,43954,0,0,0,0,0,0,0,0,0,0,0,0,0,0
3739,43954,0,0,0,0,0,0,0,0,0,0,0,0,0,0
3740,43954,0,0,0,0,0,0,0,0,0,0,0,0,0,0
3741,43954,0,0,0,0,0,0,0,0,0,0,0,0,0,0
3742,43954,0,0,0,0,0,0,0,0,0,0,0,0,0,0
3743,43954,0,0,0,0,0,0,0,0,0,0,0,0,0,0
3744,43954,0,0,0,0,0,0,0,0,0,0,0,0,0,0
3745,43954,0,0,0,0,0,0,0,0,0,0,0,0,0,0
3746,43954,0,0,0,0,0,0,0,0,0,0,0,0,0,0
3747,43954,0,0,0,0,0,0,0,0,0,0,0,0,0,0
3748,43954,0,0,0,0,0,0,0,0,0,0,0,0,0,0
3749,43954,0,0,0,0,0,0,0,0,0,0,0,0,0,0
3750,43954,0,0,0,0,0,0,0,0,0,0,0,0,0,0
3751,43954,0,0,0,0,0,0,0,0,0,0,0,0,0,0
3752,43954,0,0,0,0,0,0,0,0,0,0,0,0,0,0
3753,43954,0,0,0,0,0,0,0,0,0,0,0,0,0,0
3754,43954,0,0,0,0,0,0,0,0,0,0,0,0,0,0
3755,43954,0,0,0,0,0,0,0,0,0,0,0,0,0,0
3756,43954,0,0,0,0,0,0,0,0,0,0,0,0,0,0
3757,43954,0,0,0,0,0,0,0,0,0,0,0,0,0,0
3758,43954,0,0,0,0,0,0,0,0,0,0,0,0,0,0
3759,43954,0,0,0,0,0,0,0,0,0,0,0,0,0,0
3760,43954,0,0,0,0,0,0,0,0,0,0,0,0,0,0
3761,43954,0,0,0,0,0,0,0,0,0,0,0,0,0,0
3762,43954,0,0,0,0,0,0,0,0,0,0,0,0,0,0
3763,43954,0,0,0,0,0,0,0,0,0,0,0,0,0,0
3764,43954,0,0,0,0,0,0,0,0,0,0,0,0,0,0
3765,43954,0,0,0,0,0,0,0,0,0,0,0,0,0,0
3766,43954,0,0,0,0,0,0,0,0,0,0,0,0,0,0
3767,43954,0,0,0,0,0,0,0,0,0,0,0,0,0,0
3768,43954,0,0,0,0,0,0,0,0,0,0,0,0,0,0
3769,43954,0,0,0,0,0,0,0,0,0,0,0,0,0,0
3770,43954,0,0,0,0,0,0,0,0,0,0,0,0,0,0
3771,43954,0,0,0,0,0,0,0,0,0,0,0,0,0,0
3772,43954,0,0,0,0,0,0,0,0,0,0,0,0,0,0
3773,43954,0,0,0,0,0,0,0,0,0,0,0,0,0,0
3774,43954,0,0,0,0,0,0,0,0,0,0,0,0,0,0
3775,43954,0,0,0,0,0,0,0,0,0,0,0,0,0,0
3776,43954,0,0,0,0,0,0,0,0,0,0,0,0,0,0
3777,43954,0,0,0,0,0,0,0,0,0,0,0,0,0,0
3778,43954,0,0,0,0,0,0,0,0,0,0,0,0,0,0
3779,43954,0,0,0,0,0,0,0,0,0,0,0,0,0,0
3780,43954,0,0,0,0,0,0,0,0,0,0,0,0,0,0
3781,43954,0,0,0,0,0,0,0,0,0,0,0,0,0,0
3782,43954,0,0,0,0,0,0,0,0,0,0,0,0,0,0
3783,43954,0,0,0,0,0,0,0,0,0,0,0,0,0,0
3784,43954,0,0,0,0,0,0,0,0,0,0,0,0,0,0
3785,43954,0,0,0,0,0,0,0,0,0,0,0,0,0,0
3786,43954,0,0,0,0,0,0,0,0,0,0,0,0,0,0
3787,43954,0,0,0,0,0,0,0,0,0,0,0,0,0,0
3788,43954,0,0,0,0,0,0,0,0,0,0,0,0,0,0
3789,43954,0,0,0,0,0,0,0,0,0,0,0,0,0,0
3790,43954,0,0,0,0,0,0,0,0,0,0,0,0,0,0
3791,43954,0,0,0,0,0,0,0,0,0,0,0,0,0,0
3792,43954,0,0,0,0,0,0,0,0,0,0,0,0,0,0
3793,43954,0,0,0,0,0,0,0,0,0,0,0,0,0,0
3794,43954,0,0,0,0,0,0,0,0,0,0,0,0,0,0
3795,43954,0,0,0,0,0,0,0,0,0,0,0,0,0,0
3796,43954,0,0,0,0,0,0,0,0,0,0,0,0,0,0
3797,43954,0,0,0,0,0,0,0,0,0,0,0,0,0,0
3798,43954,0,0,0,0,0,0,0,0,0,0,0,0,0,0
3799,43954,0,0,0,0,0,0,0,0,0,0,0,0,0,0
3800,43954,0,0,0,0,0,0,0,0,0,0,0,0,0,0
3801,43954,0,0,0,0,0,0,0,0,0,0,0,0,0,0
3802,43954,0,0,0,0,0,0,0,0,0,0,0,0,0,0
3803,43954,0,0,0,0,0,0,0,0,0,0,0,0,0,0
3804,43954,0,0,0,0,0,0,0,0,0,0,0,0,0,0
3805,43954,0,0,0,0,0,0,0,0,0,0,0,0,0,0
3806,43954,0,0,0,0,0,0,0,0,0,0,0,0,0,0
3807,43954,0,0,0,0,0,0,0,0,0,0,0,0,0,0
3808,43954,0,0,0,0,0,0,0,0,0,0,0,0,0,0
3809,43954,0,0,0,0,0,0,0,0,0,0,0,0,0,0
3810,43954,0,0,0,0,0,0,0,0,0,0,0,0,0,0
3811,43954,0,0,0,0,0,0,0,0,0,0,0,0,0,0
3812,43954,0,0,0,0,0,0,0,0,0,0,0,0,0,0
3813,43954,0,0,0,0,0,0,0,0,0,0,0,0,0,0
3814,43954,0,0,0,0,0,0,0,0,0,0,0,0,0,0
3815,43954,0,0,0,0,0,0,0,0,0,0,0,0,0,0
3816,43954,0,0,0,0,0,0,0,0,0,0,0,0,0,0
3817,43954,0,0,0,0,0,0,0,0,0,0,0,0,0,0
3818,43954,0,0,0,0,0,0,0,0,0,0,0,0,0,0
3819,43954,0,0,0,0,0,0,0,0,0,0,0,0,0,0
3820,43954,0,0,0,0,0,0,0,0,0,0,0,0,0,0
3821,43954,0,0,0,0,0,0,0,0,0,0,0,0,0,0
3822,43954,0,0,0,0,0,0,0,0,0,0,0,0,0,0
3823,43954,0,0,0,0,0,0,0,0,0,0,0,0,0,0
3824,43954,0,0,0,0,0,0,0,0,0,0,0,0,0,0
3825,43954,0,0,0,0,0,0,0,0,0,0,0,0,0,0
3826,43954,0,0,0,0,0,0,0,0,0,0,0,0,0,0
3827,43954,0,0,0,0,0,0,0,0,0,0,0,0,0,0
3828,43954,0,0,0,0,0,0,0,0,0,0,0,0,0,0
3829,43954,0,0,0,0,0,0,0,0,0,0,0,0,0,0
3830,43954,0,0,0,0,0,0,0,0,0,0,0,0,0,0
3831,43954,0,0,0,0,0,0,0,0,0,0,0,0,0,0
3832,43954,0,0,0,0,0,0,0,0,0,0,0,0,0,0
3833,43954,0,0,0,0,0,0,0,0,0,0,0,0,0,0
3834,43954,0,0,0,0,0,0,0,0,0,0,0,0,0,0
3835,43954,0,0,0,0,0,0,0,0,0,0,0,0,0,0
3836,43954,0,0,0,0,0,0,0,0,0,0,0,0,0,0
3837,43954,0,0,0,0,0,0,0,0,0,0,0,0,0,0
3838,43954,0,0,0,0,0,0,0,0,0,0,0,0,0,0
3839,43954,0,0,0,0,0,0,0,0,0,0,0,0,0,0
3840,43954,0,0,0,0,0,0,0,0,0,0,0,0,0,0
3841,43954,0,0,0,0,0,0,0,0,0,0,0,0,0,0
3842,43954,0,0,0,0,0,0,0,0,0,0,0,0,0,0
3843,43954,0,0,0,0,0,0,0,0,0,0,0,0,0,0
3844,43954,0,0,0,0,0,0,0,0,0,0,0,0,0,0
3845,43954,0,0,0,0,0,0,0,0,0,0,0,0,0,0
3846,43954,0,0,0,0,0,0,0,0,0,0,0,0,0,0
3847,43954,0,0,0,0,0,0,0,0,0,0,0,0,0,0
3848,43954,0,0,0,0,0,0,0,0,0,0,0,0,0,0
3849,43954,0,0,0,0,0,0,0,0,0,0,0,0,0,0
3850,43954,0,0,0,0,0,0,0,0,0,0,0,0,0,0
3851,43954,0,0,0,0,0,0,0,0,0,0,0,0,0,0
3852,43954,0,0,0,0,0,0,0,0,0,0,0,0,0,0
3853,43954,0,0,0,0,0,0,0,0,0,0,0,0,0,0
3854,43954,0,0,0,0,0,0,0,0,0,0,0,0,0,0
3855,43954,0,0,0,0,0,0,0,0,0,0,0,0,0,0
3856,43954,0,0,0,0,0,0,0,0,0,0,0,0,0,0
3857,43954,0,0,0,0,0,0,0,0,0,0,0,0,0,0
3858,43954,0,0,0,0,0,0,0,0,0,0,0,0,0,0
3859,43954,0,0,0,0,0,0,0,0,0,0,0,0,0,0
3860,43954,0,0,0,0,0,0,0,0,0,0,0,0,0,0
3861,43954,0,0,0,0,0,0,0,0,0,0,0,0,0,0
3862,43954,0,0,0,0,0,0,0,0,0,0,0,0,0,0
3863,43954,0,0,0,0,0,0,0,0,0,0,0,0,0,0
3864,43954,0,0,0,0,0,0,0,0,0,0,0,0,0,0
3865,43954,0,0,0,0,0,0,0,0,0,0,0,0,0,0
3866,43954,0,0,0,0,0,0,0,0,0,0,0,0,0,0
3867,43954,0,0,0,0,0,0,0,0,0,0,0,0,0,0
3868,43954,0,0,0,0,0,0,0,0,0,0,0,0,0,0
3869,43954,0,0,0,0,0,0,0,0,0,0,0,0,0,0
3870,43954,0,0,0,0,0,0,0,0,0,0,0,0,0,0
3871,43954,0,0,0,0,0,0,0,0,0,0,0,0,0,0
3872,43954,0,0,0,0,0,0,0,0,0,0,0,0,0,0
3873,43954,0,0,0,0,0,0,0,0,0,0,0,0,0,0
3874,43954,0,0,0,0,0,0,0,0,0,0,0,0,0,0
3875,43954,0,0,0,0,0,0,0,0,0,0,0,0,0,0
3876,43954,0,0,0,0,0,0,0,0,0,0,0,0,0,0
3877,43954,0,0,0,0,0,0,0,0,0,0,0,0,0,0
3878,43954,0,0,0,0,0,0,0,0,0,0,0,0,0,0
3879,43954,0,0,0,0,0,0,0,0,0,0,0,0,0,0
3880,43954,0,0,0,0,0,0,0,0,0,0,0,0,0,0
3881,43954,0,0,0,0,0,0,0,0,0,0,0,0,0,0
3882,43954,0,0,0,0,0,0,0,0,0,0,0,0,0,0
3883,43954,0,0,0,0,0,0,0,0,0,0,0,0,0,0
3884,43954,0,0,0,0,0,0,0,0,0,0,0,0,0,0
3885,43954,0,0,0,0,0,0,0,0,0,0,0,0,0,0
3886,43954,0,0,0,0,0,0,0,0,0,0,0,0,0,0
3887,43954,0,0,0,0,0,0,0,0,0,0,0,0,0,0
3888,43954,0,0,0,0,0,0,0,0,0,0,0,0,0,0
3889,43954,0,0,0,0,0,0,0,0,0,0,0,0,0,0
3890,43954,0,0,0,0,0,0,0,0,0,0,0,0,0,0
3891,43954,0,0,0,0,0,0,0,0,0,0,0,0,0,0
3892,43954,0,0,0,0,0,0,0,0,0,0,0,0,0,0
3893,43954,0,0,0,0,0,0,0,0,0,0,0,0,0,0
3894,43954,0,0,0,0,0,0,0,0,0,0,0,0,0,0
3895,43954,0,0,0,0,0,0,0,0,0,0,0,0,0,0
3896,43954,0,0,0,0,0,0,0,0,0,0,0,0,0,0
3897,43954,0,0,0,0,0,0,0,0,0,0,0,0,0,0
3898,43954,0,0,0,0,0,0,0,0,0,0,0,0,0,0
3899,43954,0,0,0,0,0,0,0,0,0,0,0,0,0,0
3900,43954,0,0,0,0,0,0,0,0,0,0,0,0,0,0
3901,43954,0,0,0,0,0,0,0,0,0,0,0,0,0,0
3902,43954,0,0,0,0,0,0,0,0,0,0,0,0,0,0
3903,43954,0,0,0,0,0,0,0,0,0,0,0,0,0,0
3904,43954,0,0,0,0,0,0,0,0,0,0,0,0,0,0
3905,43954,0,0,0,0,0,0,0,0,0,0,0,0,0,0
3906,43954,0,0,0,0,0,0,0,0,0,0,0,0,0,0
3907,43954,0,0,0,0,0,0,0,0,0,0,0,0,0,0
3908,43954,0,0,0,0,0,0,0,0,0,0,0,0,0,0
3909,43954,0,0,0,0,0,0,0,0,0,0,0,0,0,0
3910,43954,0,0,0,0,0,0,0,0,0,0,0,0,0,0
3911,43954,0,0,0,0,0,0,0,0,0,0,0,0,0,0
3912,43954,0,0,0,0,0,0,0,0,0,0,0,0,0,0
3913,43954,0,0,0,0,0,0,0,0,0,0,0,0,0,0
3914,43954,0,0,0,0,0,0,0,0,0,0,0,0,0,0
3915,43954,0,0,0,0,0,0,0,0,0,0,0,0,0,0
3916,43954,0,0,0,0,0,0,0,0,0,0,0,0,0,0
3917,43954,0,0,0,0,0,0,0,0,0,0,0,0,0,0
3918,43954,0,0,0,0,0,0,0,0,0,0,0,0,0,0
3919,43954,0,0,0,0,0,0,0,0,0,0,0,0,0,0
3920,43954,0,0,0,0,0,0,0,0,0,0,0,0,0,0
3921,43954,0,0,0,0,0,0,0,0,0,0,0,0,0,0
3922,43954,0,0,0,0,0,0,0,0,0,0,0,0,0,0
3923,43954,0,0,0,0,0,0,0,0,0,0,0,0,0,0
3924,43954,0,0,0,0,0,0,0,0,0,0,0,0,0,0
3925,43954,0,0,0,0,0,0,0,0,0,0,0,0,0,0
3926,43954,0,0,0,0,0,0,0,0,0,0,0,0,0,0
3927,43954,0,0,0,0,0,0,0,0,0,0,0,0,0,0
3928,43954,0,0,0,0,0,0,0,0,0,0,0,0,0,0
3929,43954,0,0,0,0,0,0,0,0,0,0,0,0,0,0
3930,43954,0,0,0,0,0,0,0,0,0,0,0,0,0,0
3931,43954,0,0,0,0,0,0,0,0,0,0,0,0,0,0
3932,43954,0,0,0,0,0,0,0,0,0,0,0,0,0,0
3933,43954,0,0,0,0,0,0,0,0,0,0,0,0,0,0
3934,43954,0,0,0,0,0,0,0,0,0,0,0,0,0,0
3935,43954,0,0,0,0,0,0,0,0,0,0,0,0,0,0
3936,43954,0,0,0,0,0,0,0,0,0,0,0,0,0,0
3937,43954,0,0,0,0,0,0,0,0,0,0,0,0,0,0
3938,43954,0,0,0,0,0,0,0,0,0,0,0,0,0,0
3939,43954,0,0,0,0,0,0,0,0,0,0,0,0,0,0
3940,43954,0,0,0,0,0,0,0,0,0,0,0,0,0,0
3941,43954,0,0,0,0,0,0,0,0,0,0,0,0,0,0
3942,43954,0,0,0,0,0,0,0,0,0,0,0,0,0,0
3943,43954,0,0,0,0,0,0,0,0,0,0,0,0,0,0
3944,43954,0,0,0,0,0,0,0,0,0,0,0,0,0,0
3945,43954,0,0,0,0,0,0,0,0,0,0,0,0,0,0
3946,43954,0,0,0,0,0,0,0,0,0,0,0,0,0,0
3947,43954,0,0,0,0,0,0,0,0,0,0,0,0,0,0
3948,43954,0,0,0,0,0,0,0,0,0,0,0,0,0,0
3949,43954,0,0,0,0,0,0,0,0,0,0,0,0,0,0
3950,43954,0,0,0,0,0,0,0,0,0,0,0,0,0,0
3951,43954,0,0,0,0,0,0,0,0,0,0,0,0,0,0
3952,43954,0,0,0,0,0,0,0,0,0,0,0,0,0,0
3953,43954,0,0,0,0,0,0,0,0,0,0,0,0,0,0
3954,43954,0,0,0,0,0,0,0,0,0,0,0,0,0,0
3955,43954,0,0,0,0,0,0,0,0,0,0,0,0,0,0
3956,43954,0,0,0,0,0,0,0,0,0,0,0,0,0,0
3957,43954,0,0,0,0,0,0,0,0,0,0,0,0,0,0
3958,43954,0,0,0,0,0,0,0,0,0,0,0,0,0,0
3959,43954,0,0,0,0,0,0,0,0,0,0,0,0,0,0
3960,43954,0,0,0,0,0,0,0,0,0,0,0,0,0,0
3961,43954,0,0,0,0,0,0,0,0,0,0,0,0,0,0
3962,43954,0,0,0,0,0,0,0,0,0,0,0,0,0,0
3963,43954,0,0,0,0,0,0,0,0,0,0,0,0,0,0
3964,43954,0,0,0,0,0,0,0,0,0,0,0,0,0,0
3965,43954,0,0,0,0,0,0,0,0,0,0,0,0,0,0
3966,43954,0,0,0,0,0,0,0,0,0,0,0,0,0,0
3967,43954,0,0,0,0,0,0,0,0,0,0,0,0,0,0
3968,43954,0,0,0,0,0,0,0,0,0,0,0,0,0,0
3969,43954,0,0,0,0,0,0,0,0,0,0,0,0,0,0
3970,43954,0,0,0,0,0,0,0,0,0,0,0,0,0,0
3971,43954,0,0,0,0,0,0,0,0,0,0,0,0,0,0
3972,43954,0,0,0,0,0,0,0,0,0,0,0,0,0,0
3973,43954,0,0,0,0,0,0,0,0,0,0,0,0,0,0
3974,43954,0,0,0,0,0,0,0,0,0,0,0,0,0,0
3975,43954,0,0,0,0,0,0,0,0,0,0,0,0,0,0
3976,43954,0,0,0,0,0,0,0,0,0,0,0,0,0,0
3977,43954,0,0,0,0,0,0,0,0,0,0,0,0,0,0
3978,43954,0,0,0,0,0,0,0,0,0,0,0,0,0,0
3979,43954,0,0,0,0,0,0,0,0,0,0,0,0,0,0
3980,43954,0,0,0,0,0,0,0,0,0,0,0,0,0,0
3981,43954,0,0,0,0,0,0,0,0,0,0,0,0,0,0
3982,43954,0,0,0,0,0,0,0,0,0,0,0,0,0,0
3983,43954,0,0,0,0,0,0,0,0,0,0,0,0,0,0
3984,43954,0,0,0,0,0,0,0,0,0,0,0,0,0,0
3985,43954,0,0,0,0,0,0,0,0,0,0,0,0,0,0
3986,43954,0,0,0,0,0,0,0,0,0,0,0,0,0,0
3987,43954,0,0,0,0,0,0,0,0,0,0,0,0,0,0
3988,43954,0,0,0,0,0,0,0,0,0,0,0,0,0,0
3989,43954,0,0,0,0,0,0,0,0,0,0,0,0,0,0
3990,43954,0,0,0,0,0,0,0,0,0,0,0,0,0,0
3991,43954,0,0,0,0,0,0,0,0,0,0,0,0,0,0
3992,43954,0,0,0,0,0,0,0,0,0,0,0,0,0,0
3993,43954,0,0,0,0,0,0,0,0,0,0,0,0,0,0
3994,43954,0,0,0,0,0,0,0,0,0,0,0,0,0,0
3995,43954,0,0,0,0,0,0,0,0,0,0,0,0,0,0
3996,43954,0,0,0,0,0,0,0,0,0,0,0,0,0,0
3997,43954,0,0,0,0,0,0,0,0,0,0,0,0,0,0
3998,43954,0,0,0,0,0,0,0,0,0,0,0,0,0,0
3999,43954,0,0,0,0,0,0,0,0,0,0,0,0,0,0
4000,43954,0,0,0,0,0,0,0,0,0,0,0,0,0,0
4001,43954,0,0,0,0,0,0,0,0,0,0,0,0,0,0
4002,43954,0,0,0,0,0,0,0,0,0,0,0,0,0,0
4003,43954,0,0,0,0,0,0,0,0,0,0,0,0,0,0
4004,43954,0,0,0,0,0,0,0,0,0,0,0,0,0,0
4005,43954,0,0,0,0,0,0,0,0,0,0,0,0,0,0
4006,43954,0,0,0,0,0,0,0,0,0,0,0,0,0,0
4007,43954,0,0,0,0,0,0,0,0,0,0,0,0,0,0
4008,43954,0,0,0,0,0,0,0,0,0,0,0,0,0,0
4009,43954,0,0,0,0,0,0,0,0,0,0,0,0,0,0
4010,43954,0,0,0,0,0,0,0,0,0,0,0,0,0,0
4011,43954,0,0,0,0,0,0,0,0,0,0,0,0,0,0
4012,43954,0,0,0,0,0,0,0,0,0,0,0,0,0,0
4013,43954,0,0,0,0,0,0,0,0,0,0,0,0,0,0
4014,43954,0,0,0,0,0,0,0,0,0,0,0,0,0,0
4015,43954,0,0,0,0,0,0,0,0,0,0,0,0,0,0
4016,43954,0,0,0,0,0,0,0,0,0,0,0,0,0,0
4017,43954,0,0,0,0,0,0,0,0,0,0,0,0,0,0
4018,43954,0,0,0,0,0,0,0,0,0,0,0,0,0,0
4019,43954,0,0,0,0,0,0,0,0,0,0,0,0,0,0
4020,43954,0,0,0,0,0,0,0,0,0,0,0,0,0,0
4021,43954,0,0,0,0,0,0,0,0,0,0,0,0,0,0
4022,43954,0,0,0,0,0,0,0,0,0,0,0,0,0,0
4023,43954,0,0,0,0,0,0,0,0,0,0,0,0,0,0
4024,43954,0,0,0,0,0,0,0,0,0,0,0,0,0,0
4025,43954,0,0,0,0,0,0,0,0,0,0,0,0,0,0
4026,43954,0,0,0,0,0,0,0,0,0,0,0,0,0,0
4027,43954,0,0,0,0,0,0,0,0,0,0,0,0,0,0
4028,43954,0,0,0,0,0,0,0,0,0,0,0,0,0,0
4029,43954,0,0,0,0,0,0,0,0,0,0,0,0,0,0
4030,43954,0,0,0,0,0,0,0,0,0,0,0,0,0,0
4031,43954,0,0,0,0,0,0,0,0,0,0,0,0,0,0
4032,43954,0,0,0,0,0,0,0,0,0,0,0,0,0,0
4033,43954,0,0,0,0,0,0,0,0,0,0,0,0,0,0
4034,43954,0,0,0,0,0,0,0,0,0,0,0,0,0,0
4035,43954,0,0,0,0,0,0,0,0,0,0,0,0,0,0
4036,43954,0,0,0,0,0,0,0,0,0,0,0,0,0,0
4037,43954,0,0,0,0,0,0,0,0,0,0,0,0,0,0
4038,43954,0,0,0,0,0,0,0,0,0,0,0,0,0,0
4039,43954,0,0,0,0,0,0,0,0,0,0,0,0,0,0
4040,43954,0,0,0,0,0,0,0,0,0,0,0,0,0,0
4041,43954,0,0,0,0,0,0,0,0,0,0,0,0,0,0
4042,43954,0,0,0,0,0,0,0,0,0,0,0,0,0,0
4043,43954,0,0,0,0,0,0,0,0,0,0,0,0,0,0
4044,43954,0,0,0,0,0,0,0,0,0,0,0,0,0,0
4045,43954,0,0,0,0,0,0,0,0,0,0,0,0,0,0
4046,43954,0,0,0,0,0,0,0,0,0,0,0,0,0,0
4047,43954,0,0,0,0,0,0,0,0,0,0,0,0,0,0
4048,43954,0,0,0,0,0,0,0,0,0,0,0,0,0,0
4049,43954,0,0,0,0,0,0,0,0,0,0,0,0,0,0
4050,43954,0,0,0,0,0,0,0,0,0,0,0,0,0,0
4051,43954,0,0,0,0,0,0,0,0,0,0,0,0,0,0
4052,43954,0,0,0,0,0,0,0,0,0,0,0,0,0,0
4053,43954,0,0,0,0,0,0,0,0,0,0,0,0,0,0
4054,43954,0,0,0,0,0,0,0,0,0,0,0,0,0,0
4055,43954,0,0,0,0,0,0,0,0,0,0,0,0,0,0
4056,43954,0,0,0,0,0,0,0,0,0,0,0,0,0,0
4057,43954,0,0,0,0,0,0,0,0,0,0,0,0,0,0
4058,43954,0,0,0,0,0,0,0,0,0,0,0,0,0,0
4059,43954,0,0,0,0,0,0,0,0,0,0,0,0,0,0
4060,43954,0,0,0,0,0,0,0,0,0,0,0,0,0,0
4061,43954,0,0,0,0,0,0,0,0,0,0,0,0,0,0
4062,43954,0,0,0,0,0,0,0,0,0,0,0,0,0,0
4063,43954,0,0,0,0,0,0,0,0,0,0,0,0,0,0
4064,43954,0,0,0,0,0,0,0,0,0,0,0,0,0,0
4065,43954,0,0,0,0,0,0,0,0,0,0,0,0,0,0
4066,43954,0,0,0,0,0,0,0,0,0,0,0,0,0,0
4067,43954,0,0,0,0,0,0,0,0,0,0,0,0,0,0
4068,43954,0,0,0,0,0,0,0,0,0,0,0,0,0,0
4069,43954,0,0,0,0,0,0,0,0,0,0,0,0,0,0
4070,43954,0,0,0,0,0,0,0,0,0,0,0,0,0,0
4071,43954,0,0,0,0,0,0,0,0,0,0,0,0,0,0
4072,43954,0,0,0,0,0,0,0,0,0,0,0,0,0,0
4073,43954,0,0,0,0,0,0,0,0,0,0,0,0,0,0
4074,43954,0,0,0,0,0,0,0,0,0,0,0,0,0,0
4075,43954,0,0,0,0,0,0,0,0,0,0,0,0,0,0
4076,43954,0,0,0,0,0,0,0,0,0,0,0,0,0,0
4077,43954,0,0,0,0,0,0,0,0,0,0,0,0,0,0
4078,43954,0,0,0,0,0,0,0,0,0,0,0,0,0,0
4079,43954,0,0,0,0,0,0,0,0,0,0,0,0,0,0
4080,43954,0,0,0,0,0,0,0,0,0,0,0,0,0,0
4081,43954,0,0,0,0,0,0,0,0,0,0,0,0,0,0
4082,43954,0,0,0,0,0,0,0,0,0,0,0,0,0,0
4083,43954,0,0,0,0,0,0,0,0,0,0,0,0,0,0
4084,43954,0,0,0,0,0,0,0,0,0,0,0,0,0,0
4085,43954,0,0,0,0,0,0,0,0,0,0,0,0,0,0
4086,43954,0,0,0,0,0,0,0,0,0,0,0,0,0,0
4087,43954,0,0,0,0,0,0,0,0,0,0,0,0,0,0
4088,43954,0,0,0,0,0,0,0,0,0,0,0,0,0,0
4089,43954,0,0,0,0,0,0,0,0,0,0,0,0,0,0
4090,43954,0,0,0,0,0,0,0,0,0,0,0,0,0,0
4091,43954,0,0,0,0,0,0,0,0,0,0,0,0,0,0
4092,43954,0,0,0,0,0,0,0,0,0,0,0,0,0,0
4093,43954,0,0,0,0,0,0,0,0,0,0,0,0,0,0
4094,43954,0,0,0,0,0,0,0,0,0,0,0,0,0,0
4095,43954,0,0,0,0,0,0,0,0,0,0,0,0,0,0
4096,43954,0,0,0,0,0,0,0,0,0,0,0,0,0,0
4097,43954,0,0,0,0,0,0,0,0,0,0,0,0,0,0
4098,43954,0,0,0,0,0,0,0,0,0,0,0,0,0,0
4099,43954,0,0,0,0,0,0,0,0,0,0,0,0,0,0
4100,43954,0,0,0,0,0,0,0,0,0,0,0,0,0,0
4101,43954,0,0,0,0,0,0,0,0,0,0,0,0,0,0
4102,43954,0,0,0,0,0,0,0,0,0,0,0,0,0,0
4103,43954,0,0,0,0,0,0,0,0,0,0,0,0,0,0
4104,43954,0,0,0,0,0,0,0,0,0,0,0,0,0,0
4105,43954,0,0,0,0,0,0,0,0,0,0,0,0,0,0
4106,43954,0,0,0,0,0,0,0,0,0,0,0,0,0,0
4107,43954,0,0,0,0,0,0,0,0,0,0,0,0,0,0
4108,43954,0,0,0,0,0,0,0,0,0,0,0,0,0,0
4109,43954,0,0,0,0,0,0,0,0,0,0,0,0,0,0
4110,43954,0,0,0,0,0,0,0,0,0,0,0,0,0,0
4111,43954,0,0,0,0,0,0,0,0,0,0,0,0,0,0
4112,43954,0,0,0,0,0,0,0,0,0,0,0,0,0,0
4113,43954,0,0,0,0,0,0,0,0,0,0,0,0,0,0
4114,43954,0,0,0,0,0,0,0,0,0,0,0,0,0,0
4115,43954,0,0,0,0,0,0,0,0,0,0,0,0,0,0
4116,43954,0,0,0,0,0,0,0,0,0,0,0,0,0,0
4117,43954,0,0,0,0,0,0,0,0,0,0,0,0,0,0
4118,43954,0,0,0,0,0,0,0,0,0,0,0,0,0,0
4119,43954,0,0,0,0,0,0,0,0,0,0,0,0,0,0
4120,43954,0,0,0,0,0,0,0,0,0,0,0,0,0,0
4121,43954,0,0,0,0,0,0,0,0,0,0,0,0,0,0
4122,43954,0,0,0,0,0,0,0,0,0,0,0,0,0,0
4123,43954,0,0,0,0,0,0,0,0,0,0,0,0,0,0
4124,43954,0,0,0,0,0,0,0,0,0,0,0,0,0,0
4125,43954,0,0,0,0,0,0,0,0,0,0,0,0,0,0
4126,43954,0,0,0,0,0,0,0,0,0,0,0,0,0,0
4127,43954,0,0,0,0,0,0,0,0,0,0,0,0,0,0
4128,43954,0,0,0,0,0,0,0,0,0,0,0,0,0,0
4129,43954,0,0,0,0,0,0,0,0,0,0,0,0,0,0
4130,43954,0,0,0,0,0,0,0,0,0,0,0,0,0,0
4131,43954,0,0,0,0,0,0,0,0,0,0,0,0,0,0
4132,43954,0,0,0,0,0,0,0,0,0,0,0,0,0,0
4133,43954,0,0,0,0,0,0,0,0,0,0,0,0,0,0
4134,43954,0,0,0,0,0,0,0,0,0,0,0,0,0,0
4135,43954,0,0,0,0,0,0,0,0,0,0,0,0,0,0
4136,43954,0,0,0,0,0,0,0,0,0,0,0,0,0,0
4137,43954,0,0,0,0,0,0,0,0,0,0,0,0,0,0
4138,43954,0,0,0,0,0,0,0,0,0,0,0,0,0,0
4139,43954,0,0,0,0,0,0,0,0,0,0,0,0,0,0
4140,43954,0,0,0,0,0,0,0,0,0,0,0,0,0,0
4141,43954,0,0,0,0,0,0,0,0,0,0,0,0,0,0
4142,43954,0,0,0,0,0,0,0,0,0,0,0,0,0,0
4143,43954,0,0,0,0,0,0,0,0,0,0,0,0,0,0
4144,43954,0,0,0,0,0,0,0,0,0,0,0,0,0,0
4145,43954,0,0,0,0,0,0,0,0,0,0,0,0,0,0
4146,43954,0,0,0,0,0,0,0,0,0,0,0,0,0,0
4147,43954,0,0,0,0,0,0,0,0,0,0,0,0,0,0
4148,43954,0,0,0,0,0,0,0,0,0,0,0,0,0,0
4149,43954,0,0,0,0,0,0,0,0,0,0,0,0,0,0
4150,43954,0,0,0,0,0,0,0,0,0,0,0,0,0,0
4151,43954,0,0,0,0,0,0,0,0,0,0,0,0,0,0
4152,43954,0,0,0,0,0,0,0,0,0,0,0,0,0,0
4153,43954,0,0,0,0,0,0,0,0,0,0,0,0,0,0
4154,43954,0,0,0,0,0,0,0,0,0,0,0,0,0,0
4155,43954,0,0,0,0,0,0,0,0,0,0,0,0,0,0
4156,43954,0,0,0,0,0,0,0,0,0,0,0,0,0,0
4157,43954,0,0,0,0,0,0,0,0,0,0,0,0,0,0
4158,43954,0,0,0,0,0,0,0,0,0,0,0,0,0,0
4159,43954,0,0,0,0,0,0,0,0,0,0,0,0,0,0
4160,43954,0,0,0,0,0,0,0,0,0,0,0,0,0,0
4161,43954,0,0,0,0,0,0,0,0,0,0,0,0,0,0
4162,43954,0,0,0,0,0,0,0,0,0,0,0,0,0,0
4163,43954,0,0,0,0,0,0,0,0,0,0,0,0,0,0
4164,43954,0,0,0,0,0,0,0,0,0,0,0,0,0,0
4165,43954,0,0,0,0,0,0,0,0,0,0,0,0,0,0
4166,43954,0,0,0,0,0,0,0,0,0,0,0,0,0,0
4167,43954,0,0,0,0,0,0,0,0,0,0,0,0,0,0
4168,43954,0,0,0,0,0,0,0,0,0,0,0,0,0,0
4169,43954,0,0,0,0,0,0,0,0,0,0,0,0,0,0
4170,43954,0,0,0,0,0,0,0,0,0,0,0,0,0,0
4171,43954,0,0,0,0,0,0,0,0,0,0,0,0,0,0
4172,43954,0,0,0,0,0,0,0,0,0,0,0,0,0,0
4173,43954,0,0,0,0,0,0,0,0,0,0,0,0,0,0
4174,43954,0,0,0,0,0,0,0,0,0,0,0,0,0,0
4175,43954,0,0,0,0,0,0,0,0,0,0,0,0,0,0
4176,43954,0,0,0,0,0,0,0,0,0,0,0,0,0,0
4177,43954,0,0,0,0,0,0,0,0,0,0,0,0,0,0
4178,43954,0,0,0,0,0,0,0,0,0,0,0,0,0,0
4179,43954,0,0,0,0,0,0,0,0,0,0,0,0,0,0
4180,43954,0,0,0,0,0,0,0,0,0,0,0,0,0,0
4181,43954,0,0,0,0,0,0,0,0,0,0,0,0,0,0
4182,43954,0,0,0,0,0,0,0,0,0,0,0,0,0,0
4183,43954,0,0,0,0,0,0,0,0,0,0,0,0,0,0
4184,43954,0,0,0,0,0,0,0,0,0,0,0,0,0,0
4185,43954,0,0,0,0,0,0,0,0,0,0,0,0,0,0
4186,43954,0,0,0,0,0,0,0,0,0,0,0,0,0,0
4187,43954,0,0,0,0,0,0,0,0,0,0,0,0,0,0
4188,43954,0,0,0,0,0,0,0,0,0,0,0,0,0,0
4189,43954,0,0,0,0,0,0,0,0,0,0,0,0,0,0
4190,43954,0,0,0,0,0,0,0,0,0,0,0,0,0,0
4191,43954,0,0,0,0,0,0,0,0,0,0,0,0,0,0
4192,43954,0,0,0,0,0,0,0,0,0,0,0,0,0,0
4193,43954,0,0,0,0,0,0,0,0,0,0,0,0,0,0
4194,43954,0,0,0,0,0,0,0,0,0,0,0,0,0,0
4195,43954,0,0,0,0,0,0,0,0,0,0,0,0,0,0
4196,43954,0,0,0,0,0,0,0,0,0,0,0,0,0,0
4197,43954,0,0,0,0,0,0,0,0,0,0,0,0,0,0
4198,43954,0,0,0,0,0,0,0,0,0,0,0,0,0,0
4199,43954,0,0,0,0,0,0,0,0,0,0,0,0,0,0
4200,43954,0,0,0,0,0,0,0,0,0,0,0,0,0,0
4201,43954,0,0,0,0,0,0,0,0,0,0,0,0,0,0
4202,43954,0,0,0,0,0,0,0,0,0,0,0,0,0,0
4203,43954,0,0,0,0,0,0,0,0,0,0,0,0,0,0
4204,43954,0,0,0,0,0,0,0,0,0,0,0,0,0,0
4205,43954,0,0,0,0,0,0,0,0,0,0,0,0,0,0
4206,43954,0,0,0,0,0,0,0,0,0,0,0,0,0,0
4207,43954,0,0,0,0,0,0,0,0,0,0,0,0,0,0
4208,43954,0,0,0,0,0,0,0,0,0,0,0,0,0,0
4209,43954,0,0,0,0,0,0,0,0,0,0,0,0,0,0
4210,43954,0,0,0,0,0,0,0,0,0,0,0,0,0,0
4211,43954,0,0,0,0,0,0,0,0,0,0,0,0,0,0
4212,43954,0,0,0,0,0,0,0,0,0,0,0,0,0,0
4213,43954,0,0,0,0,0,0,0,0,0,0,0,0,0,0
4214,43954,0,0,0,0,0,0,0,0,0,0,0,0,0,0
4215,43954,0,0,0,0,0,0,0,0,0,0,0,0,0,0
4216,43954,0,0,0,0,0,0,0,0,0,0,0,0,0,0
4217,43954,0,0,0,0,0,0,0,0,0,0,0,0,0,0
4218,43954,0,0,0,0,0,0,0,0,0,0,0,0,0,0
4219,43954,0,0,0,0,0,0,0,0,0,0,0,0,0,0
4220,43954,0,0,0,0,0,0,0,0,0,0,0,0,0,0
4221,43954,0,0,0,0,0,0,0,0,0,0,0,0,0,0
4222,43954,0,0,0,0,0,0,0,0,0,0,0,0,0,0
4223,43954,0,0,0,0,0,0,0,0,0,0,0,0,0,0
4224,43954,0,0,0,0,0,0,0,0,0,0,0,0,0,0
4225,43954,0,0,0,0,0,0,0,0,0,0,0,0,0,0
4226,43954,0,0,0,0,0,0,0,0,0,0,0,0,0,0
4227,43954,0,0,0,0,0,0,0,0,0,0,0,0,0,0
4228,43954,0,0,0,0,0,0,0,0,0,0,0,0,0,0
4229,43954,0,0,0,0,0,0,0,0,0,0,0,0,0,0
4230,43954,0,0,0,0,0,0,0,0,0,0,0,0,0,0
4231,43954,0,0,0,0,0,0,0,0,0,0,0,0,0,0
4232,43954,0,0,0,0,0,0,0,0,0,0,0,0,0,0
4233,43954,0,0,0,0,0,0,0,0,0,0,0,0,0,0
4234,43954,0,0,0,0,0,0,0,0,0,0,0,0,0,0
4235,43954,0,0,0,0,0,0,0,0,0,0,0,0,0,0
4236,43954,0,0,0,0,0,0,0,0,0,0,0,0,0,0
4237,43954,0,0,0,0,0,0,0,0,0,0,0,0,0,0
4238,43954,0,0,0,0,0,0,0,0,0,0,0,0,0,0
4239,43954,0,0,0,0,0,0,0,0,0,0,0,0,0,0
4240,43954,0,0,0,0,0,0,0,0,0,0,0,0,0,0
4241,43954,0,0,0,0,0,0,0,0,0,0,0,0,0,0
4242,43954,0,0,0,0,0,0,0,0,0,0,0,0,0,0
4243,43954,0,0,0,0,0,0,0,0,0,0,0,0,0,0
4244,43954,0,0,0,0,0,0,0,0,0,0,0,0,0,0
4245,43954,0,0,0,0,0,0,0,0,0,0,0,0,0,0
4246,43954,0,0,0,0,0,0,0,0,0,0,0,0,0,0
4247,43954,0,0,0,0,0,0,0,0,0,0,0,0,0,0
4248,43954,0,0,0,0,0,0,0,0,0,0,0,0,0,0
4249,43954,0,0,0,0,0,0,0,0,0,0,0,0,0,0
4250,43954,0,0,0,0,0,0,0,0,0,0,0,0,0,0
4251,43954,0,0,0,0,0,0,0,0,0,0,0,0,0,0
4252,43954,0,0,0,0,0,0,0,0,0,0,0,0,0,0
4253,43954,0,0,0,0,0,0,0,0,0,0,0,0,0,0
4254,43954,0,0,0,0,0,0,0,0,0,0,0,0,0,0
4255,43954,0,0,0,0,0,0,0,0,0,0,0,0,0,0
4256,43954,0,0,0,0,0,0,0,0,0,0,0,0,0,0
4257,43954,0,0,0,0,0,0,0,0,0,0,0,0,0,0
4258,43954,0,0,0,0,0,0,0,0,0,0,0,0,0,0
4259,43954,0,0,0,0,0,0,0,0,0,0,0,0,0,0
4260,43954,0,0,0,0,0,0,0,0,0,0,0,0,0,0
4261,43954,0,0,0,0,0,0,0,0,0,0,0,0,0,0
4262,43954,0,0,0,0,0,0,0,0,0,0,0,0,0,0
4263,43954,0,0,0,0,0,0,0,0,0,0,0,0,0,0
4264,43954,0,0,0,0,0,0,0,0,0,0,0,0,0,0
4265,43954,0,0,0,0,0,0,0,0,0,0,0,0,0,0
4266,43954,0,0,0,0,0,0,0,0,0,0,0,0,0,0
4267,43954,0,0,0,0,0,0,0,0,0,0,0,0,0,0
4268,43954,0,0,0,0,0,0,0,0,0,0,0,0,0,0
4269,43954,0,0,0,0,0,0,0,0,0,0,0,0,0,0
4270,43954,0,0,0,0,0,0,0,0,0,0,0,0,0,0
4271,43954,0,0,0,0,0,0,0,0,0,0,0,0,0,0
4272,43954,0,0,0,0,0,0,0,0,0,0,0,0,0,0
4273,43954,0,0,0,0,0,0,0,0,0,0,0,0,0,0
4274,43954,0,0,0,0,0,0,0,0,0,0,0,0,0,0
4275,43954,0,0,0,0,0,0,0,0,0,0,0,0,0,0
4276,43954,0,0,0,0,0,0,0,0,0,0,0,0,0,0
4277,43954,0,0,0,0,0,0,0,0,0,0,0,0,0,0
4278,43954,0,0,0,0,0,0,0,0,0,0,0,0,0,0
4279,43954,0,0,0,0,0,0,0,0,0,0,0,0,0,0
4280,43954,0,0,0,0,0,0,0,0,0,0,0,0,0,0
4281,43954,0,0,0,0,0,0,0,0,0,0,0,0,0,0
4282,43954,0,0,0,0,0,0,0,0,0,0,0,0,0,0
4283,43954,0,0,0,0,0,0,0,0,0,0,0,0,0,0
4284,43954,0,0,0,0,0,0,0,0,0,0,0,0,0,0
4285,43954,0,0,0,0,0,0,0,0,0,0,0,0,0,0
4286,43954,0,0,0,0,0,0,0,0,0,0,0,0,0,0
4287,43954,0,0,0,0,0,0,0,0,0,0,0,0,0,0
4288,43954,0,0,0,0,0,0,0,0,0,0,0,0,0,0
4289,43954,0,0,0,0,0,0,0,0,0,0,0,0,0,0
4290,43954,0,0,0,0,0,0,0,0,0,0,0,0,0,0
4291,43954,0,0,0,0,0,0,0,0,0,0,0,0,0,0
4292,43954,0,0,0,0,0,0,0,0,0,0,0,0,0,0
4293,43954,0,0,0,0,0,0,0,0,0,0,0,0,0,0
4294,43954,0,0,0,0,0,0,0,0,0,0,0,0,0,0
4295,43954,0,0,0,0,0,0,0,0,0,0,0,0,0,0
4296,43954,0,0,0,0,0,0,0,0,0,0,0,0,0,0
4297,43954,0,0,0,0,0,0,0,0,0,0,0,0,0,0
4298,43954,0,0,0,0,0,0,0,0,0,0,0,0,0,0
4299,43954,0,0,0,0,0,0,0,0,0,0,0,0,0,0
4300,43954,0,0,0,0,0,0,0,0,0,0,0,0,0,0
4301,43954,0,0,0,0,0,0,0,0,0,0,0,0,0,0
4302,43954,0,0,0,0,0,0,0,0,0,0,0,0,0,0
4303,43954,0,0,0,0,0,0,0,0,0,0,0,0,0,0
4304,43954,0,0,0,0,0,0,0,0,0,0,0,0,0,0
4305,43954,0,0,0,0,0,0,0,0,0,0,0,0,0,0
4306,43954,0,0,0,0,0,0,0,0,0,0,0,0,0,0
4307,43954,0,0,0,0,0,0,0,0,0,0,0,0,0,0
