0000ABB2
00000000
00000000
00000000
00000000
00000000
00000000
00000000
0000ABB2
00000000
00000000
00000000
00000000
00000000
00000000
00000000
0000ABB2
00000000
00000000
00000000
00000000
00000000
00000000
00000000
0000ABB2
00000000
00000000
00000000
00000000
00000000
00000000
00000000
0000ABB2
00000000
00000000
00000000
00000000
00000000
00000000
00000000
0000ABB2
00000000
00000000
00000000
00000000
00000000
00000000
00000000
0000ABB2
00000000
00000000
00000000
00000000
00000000
00000000
00000000
0000ABB2
00000000
00000000
00000000
00000000
00000000
00000000
00000000
0000ABB2
00000000
00000000
00000000
00000000
00000000
00000000
00000000
0000ABB2
00000000
00000000
00000000
00000000
00000000
00000000
00000000
0000ABB2
00000000
00000000
00000000
00000000
00000000
00000000
00000000
0000ABB2
00000000
00000000
00000000
00000000
00000000
00000000
00000000
0000ABB2
00000000
00000000
00000000
00000000
00000000
00000000
00000000
0000ABB2
00000000
00000000
00000000
00000000
00000000
00000000
00000000
0000ABB2
00000000
00000000
00000000
00000000
00000000
00000000
00000000
0000ABB2
00000000
00000000
00000000
00000000
00000000
00000000
00000000
0000ABB2
00000000
00000000
00000000
00000000
00000000
00000000
00000000
0000ABB2
00000000
00000000
00000000
00000000
00000000
00000000
00000000
0000ABB2
00000000
00000000
00000000
00000000
00000000
00000000
00000000
0000ABB2
00000000
00000000
00000000
00000000
00000000
00000000
00000000
0000ABB2
00000000
00000000
00000000
00000000
00000000
00000000
00000000
0000ABB2
00000000
00000000
00000000
00000000
00000000
00000000
00000000
0000ABB2
00000000
00000000
00000000
00000000
00000000
00000000
00000000
0000ABB2
00000000
00000000
00000000
00000000
00000000
00000000
00000000
0000ABB2
00000000
00000000
00000000
00000000
00000000
00000000
00000000
0000ABB2
00000000
00000000
00000000
00000000
00000000
00000000
00000000
0000ABB2
00000000
00000000
00000000
00000000
00000000
00000000
00000000
0000ABB2
00000000
00000000
00000000
00000000
00000000
00000000
00000000
0000ABB2
00000000
00000000
00000000
00000000
00000000
00000000
00000000
0000ABB2
00000000
00000000
00000000
00000000
00000000
00000000
00000000
0000ABB2
00000000
00000000
00000000
00000000
00000000
00000000
00000000
0000ABB2
00000000
00000000
00000000
00000000
00000000
00000000
00000000
0000ABB2
00000000
00000000
00000000
00000000
00000000
00000000
00000000
0000ABB2
00000000
00000000
00000000
00000000
00000000
00000000
00000000
0000ABB2
00000000
00000000
00000000
00000000
00000000
00000000
00000000
0000ABB2
00000000
00000000
00000000
00000000
00000000
00000000
00000000
0000ABB2
00000000
00000000
00000000
00000000
00000000
00000000
00000000
0000ABB2
00000000
00000000
00000000
00000000
00000000
00000000
00000000
0000ABB2
00000000
00000000
00000000
00000000
00000000
00000000
00000000
0000ABB2
00000000
00000000
00000000
00000000
00000000
00000000
00000000
0000ABB2
00000000
00000000
00000000
00000000
00000000
00000000
00000000
0000ABB2
00000000
00000000
00000000
00000000
00000000
00000000
00000000
0000ABB2
00000000
00000000
00000000
00000000
00000000
00000000
00000000
0000ABB2
00000000
00000000
00000000
00000000
00000000
00000000
00000000
0000ABB2
00000000
00000000
00000000
00000000
00000000
00000000
00000000
0000ABB2
00000000
00000000
00000000
00000000
00000000
00000000
00000000
0000ABB2
00000000
00000000
00000000
00000000
00000000
00000000
00000000
0000ABB2
00000000
00000000
00000000
00000000
00000000
00000000
00000000
0000ABB2
00000000
00000000
00000000
00000000
00000000
00000000
00000000
0000ABB2
00000000
00000000
00000000
00000000
00000000
00000000
00000000
0000ABB2
00000000
00000000
00000000
00000000
00000000
00000000
00000000
0000ABB2
00000000
00000000
00000000
00000000
00000000
00000000
00000000
0000ABB2
00000000
00000000
00000000
00000000
00000000
00000000
00000000
0000ABB2
00000000
00000000
00000000
00000000
00000000
00000000
00000000
0000ABB2
00000000
00000000
00000000
00000000
00000000
00000000
00000000
0000ABB2
00000000
00000000
00000000
00000000
00000000
00000000
00000000
0000ABB2
00000000
00000000
00000000
00000000
00000000
00000000
00000000
0000ABB2
00000000
00000000
00000000
00000000
00000000
00000000
00000000
0000ABB2
00000000
00000000
00000000
00000000
00000000
00000000
00000000
0000ABB2
00000000
00000000
00000000
00000000
00000000
00000000
00000000
0000ABB2
00000000
00000000
00000000
00000000
00000000
00000000
00000000
0000ABB2
00000000
00000000
00000000
00000000
00000000
00000000
00000000
0000ABB2
00000000
00000000
00000000
00000000
00000000
00000000
00000000
0000ABB2
00000000
00000000
00000000
00000000
00000000
00000000
00000000
0000ABB2
00000000
00000000
00000000
00000000
00000000
00000000
00000000
0000ABB2
00000000
00000000
00000000
00000000
00000000
00000000
00000000
0000ABB2
00000000
00000000
00000000
00000000
00000000
00000000
00000000
0000ABB2
00000000
00000000
00000000
00000000
00000000
00000000
00000000
0000ABB2
00000000
00000000
00000000
00000000
00000000
00000000
00000000
0000ABB2
00000000
00000000
00000000
00000000
00000000
00000000
00000000
0000ABB2
00000000
00000000
00000000
00000000
00000000
00000000
00000000
0000ABB2
00000000
00000000
00000000
00000000
00000000
00000000
00000000
0000ABB2
00000000
00000000
00000000
00000000
00000000
00000000
00000000
0000ABB2
00000000
00000000
00000000
00000000
00000000
00000000
00000000
0000ABB2
00000000
00000000
00000000
00000000
00000000
00000000
00000000
0000ABB2
00000000
00000000
00000000
00000000
00000000
00000000
00000000
0000ABB2
00000000
00000000
00000000
00000000
00000000
00000000
00000000
0000ABB2
00000000
00000000
00000000
00000000
00000000
00000000
00000000
0000ABB2
00000000
00000000
00000000
00000000
00000000
00000000
00000000
0000ABB2
00000000
00000000
00000000
00000000
00000000
00000000
00000000
0000ABB2
00000000
00000000
00000000
00000000
00000000
00000000
00000000
0000ABB2
00000000
00000000
00000000
00000000
00000000
00000000
00000000
0000ABB2
00000000
00000000
00000000
00000000
00000000
00000000
00000000
0000ABB2
00000000
00000000
00000000
00000000
00000000
00000000
00000000
0000ABB2
00000000
00000000
00000000
00000000
00000000
00000000
00000000
0000ABB2
00000000
00000000
00000000
00000000
00000000
00000000
00000000
0000ABB2
00000000
00000000
00000000
00000000
00000000
00000000
00000000
0000ABB2
00000000
00000000
00000000
00000000
00000000
00000000
00000000
0000ABB2
00000000
00000000
00000000
00000000
00000000
00000000
00000000
0000ABB2
00000000
00000000
00000000
00000000
00000000
00000000
00000000
0000ABB2
00000000
00000000
00000000
00000000
00000000
00000000
00000000
0000ABB2
00000000
00000000
00000000
00000000
00000000
00000000
00000000
0000ABB2
00000000
00000000
00000000
00000000
00000000
00000000
00000000
0000ABB2
00000000
00000000
00000000
00000000
00000000
00000000
00000000
0000ABB2
00000000
00000000
00000000
00000000
00000000
00000000
00000000
0000ABB2
00000000
00000000
00000000
00000000
00000000
00000000
00000000
0000ABB2
00000000
00000000
00000000
00000000
00000000
00000000
00000000
0000ABB2
00000000
00000000
00000000
00000000
00000000
00000000
00000000
0000ABB2
00000000
00000000
00000000
00000000
00000000
00000000
00000000
0000ABB2
00000000
00000000
00000000
00000000
00000000
00000000
00000000
0000C7A2
000008D4
0000005D
00000000
00000000
00000000
00000000
00000000
000131E0
00002C02
0006008A
00000000
00000000
00000000
00000000
00000000
0001E7F1
000067BD
00000142
00000002
00000000
00000000
00000000
00000000
00030C13
0000C77B
0000027C
000E0004
00000000
00000000
00000000
00000000
00028C88
00009D12
00000268
001D0001
00000002
00000000
00000000
00000000
00019E35
00004F09
0000015A
00090001
00020000
00000000
00000000
00000000
00017A00
00004396
000000E3
00020000
00000000
00000000
00000000
00000000
0001001F
00001BA3
00000061
00020000
00000000
00000000
00000000
00000000
0000DDE7
0000106F
0000003A
00020000
00010000
00000000
00000000
00000000
0000E3C5
00001255
00000045
00010000
00010000
00000000
00000000
00000000
0000D0D0
00000C1A
00000034
00000000
00000000
00000000
00000000
00000000
0000C05D
000006C1
0000001A
00000000
00000000
00000000
00000000
00000000
0000B338
00000272
0000000C
00000000
00000000
00000000
00000000
00000000
0000B0C6
000001A8
00000007
00000000
00000000
00000000
00000000
00000000
0000C127
00000707
00000018
00000000
00000000
00000000
00000000
00000000
0000C568
0000082A
0000004E
00000000
00000000
00000000
00000000
00000000
0000FAB5
000019CD
00000067
00000000
00000000
00000000
00000000
00000000
0000F5ED
00001845
0000005B
00000000
00000000
00000000
00000000
00000000
0000D155
00000C4D
0000002F
00000000
00000000
00000000
00000000
00000000
0000B9F8
000004AE
0000000F
00000000
00000000
00000000
00000000
00000000
0000C1A1
00000739
00000011
00000000
00000000
00000000
00000000
00000000
0000C61A
000008B0
00000016
00000000
00000000
00000000
00000000
00000000
0000C5C6
00000888
0000001F
00000000
00000000
00000000
00000000
00000000
0000B651
0000037D
0000000A
00000000
00000000
00000000
00000000
00000000
0000AC38
0000002A
00000002
00000000
00000000
00000000
00000000
00000000
0000AD82
00000098
00000002
00000000
00000000
00000000
00000000
00000000
0000ABB2
00000000
00000000
00000000
00000000
00000000
00000000
00000000
0000ABB2
00000000
00000000
00000000
00000000
00000000
00000000
00000000
0000ABB2
00000000
00000000
00000000
00000000
00000000
00000000
00000000
0000ABB2
00000000
00000000
00000000
00000000
00000000
00000000
00000000
0000C6A6
00000884
0000005A
00000000
00000000
00000000
00000000
00000000
00010905
00001E8D
0001006B
00000000
00000000
00000000
00000000
00000000
000118A2
00002398
0000008A
00000000
00000000
00000000
00000000
00000000
00012120
0000268A
00000074
00000000
00000000
00000000
00000000
00000000
00014082
000030E4
00000089
00010000
00000000
00000000
00000000
00000000
00012921
00002915
0000008C
00040000
00000000
00000000
00000000
00000000
0001053C
00001D3E
00000074
00010000
00000001
00000000
00000000
00000000
0000EEF7
000015E3
00000067
00000000
00000000
00000000
00000000
00000000
0000D237
00000C7F
00000042
00000000
00000000
00000000
00000000
00000000
0000BA98
000004D6
00000019
00000000
00000000
00000000
00000000
00000000
0000AFFE
00000164
00000008
00000000
00000000
00000000
00000000
00000000
0000CC09
00000AA5
0000001A
00000000
00000000
00000000
00000000
00000000
0000B7B0
000003EE
0000000D
00000000
00000000
00000000
00000000
00000000
0000D23F
00000CAF
00000020
00000000
00000000
00000000
00000000
00000000
0000C569
00000869
0000001F
00000000
00000000
00000000
00000000
00000000
0000CF01
00000B49
0000005D
00000000
00000000
00000000
00000000
00000000
00010DD0
0000200E
0000007D
00000000
00000000
00000000
00000000
00000000
0001147F
00002257
00000072
00000000
00000000
00000000
00000000
00000000
000102E4
00001C9E
00000056
00070000
00000000
00000000
00000000
00000000
0001233B
0000274F
00000067
00020000
00000000
00000000
00000000
00000000
0000F6BE
00001888
0000005D
00030000
00000000
00000000
00000000
00000000
0000BD6B
000005C7
00000019
00010000
00000000
00000000
00000000
00000000
0000C1F7
0000074F
00000016
00000000
00000000
00000000
00000000
00000000
0000D921
00000EFD
0000001E
00000000
00000000
00000000
00000000
00000000
0000C609
000008A5
0000001A
00000000
00000000
00000000
00000000
00000000
0000B7BA
000003F0
0000000E
00000000
00000000
00000000
00000000
00000000
0000BB71
00000525
00000014
00000000
00000000
00000000
00000000
00000000
0000D23C
00000C9A
0000002F
00000000
00000000
00000000
00000000
00000000
0000BF10
00000652
0000001A
00000000
00000000
00000000
00000000
00000000
0000C8CB
0000098F
0000001B
00000000
00000000
00000000
00000000
00000000
0000D89F
00000E6F
00000068
00000000
00000000
00000000
00000000
00000000
000117A8
0000235E
00010077
00000000
00000000
00000000
00000000
00000000
000116D3
000022F7
0000008F
00000000
00000000
00000000
00000000
00000000
000111BE
0000217C
00000066
00000001
00000000
00000000
00000000
00000000
00011AB2
00002484
0000005D
00000000
00000000
00000000
00000000
00000000
0000F062
00001680
0000004C
00030002
00000000
00000000
00000000
00000000
0000EE32
000015D0
00000044
000C0000
00000000
00000000
00000000
00000000
0000EDCC
0000159A
00000053
00020000
00000000
00000000
00000000
00000000
0000D18D
00000C59
00000034
00000000
00000000
00000000
00000000
00000000
0000BB2F
00000513
00000011
00000000
00000000
00000000
00000000
00000000
0000C126
0000070C
00000014
00000000
00000000
00000000
00000000
00000000
0000B00C
0000016A
00000007
00000000
00000000
00000000
00000000
00000000
0000B720
000003C2
0000000A
00000000
00000000
00000000
00000000
00000000
0000ADA9
000000A5
00000002
00000000
00000000
00000000
00000000
00000000
0000ABB2
00000000
00000000
00000000
00000000
00000000
00000000
00000000
0000C14C
000006D2
00000049
00000000
00000000
00000000
00000000
00000000
0000FF88
00001B62
0000006C
00000000
00000000
00000000
00000000
00000000
00010762
00001E00
0000006C
00000000
00000000
00000000
00000000
00000000
000103C5
00001CE9
00000056
00000000
00000000
00000000
00000000
00000000
000119F7
0000243F
00000062
00000000
00000000
00000000
00000000
00000000
000110D2
0000213C
0000005B
00040000
00000000
00000000
00000000
00000000
0000E58A
000012F0
00000042
00030000
00000000
00000000
00000000
00000000
0000E796
000013A0
00000041
00000000
00000002
00000000
00000000
00000000
000108E7
00001E93
0000005F
00000000
00000000
00000000
00000000
00000000
0000D5BC
00000DAE
00000040
00000000
00000000
00000000
00000000
00000000
0000B411
000002B5
00000010
00000000
00000000
00000000
00000000
00000000
0000AEA6
000000F4
00000006
00000000
00000000
00000000
00000000
00000000
0000AC28
00000026
00000001
00000000
00000000
00000000
00000000
00000000
0000ABB2
00000000
00000000
00000000
00000000
00000000
00000000
00000000
0000ABB2
00000000
00000000
00000000
00000000
00000000
00000000
00000000
0000C691
0000087D
0000005A
00000000
00000000
00000000
00000000
00000000
000102BB
00001C7F
00010063
00000000
00000000
00000000
00000000
00000000
00011BC9
000024B9
0000007B
00000000
00000000
00000000
00000000
00000000
0000E7A7
00001397
0000004C
00000000
00000000
00000000
00000000
00000000
00012071
00002659
0000006D
00000000
00000000
00000000
00000000
00000000
00011AE8
0000247E
0000006F
00040000
00000000
00000000
00000000
00000000
00013E48
0000300E
0000009B
00090000
00000002
00000000
00000000
00000000
00011121
00002129
0000007D
00020000
00000000
00000000
00000000
00000000
0000E336
00001214
00000052
00000000
00000000
00000000
00000000
00000000
0000BFDE
00000694
0000001C
00000000
00000000
00000000
00000000
00000000
0000B126
000001C4
0000000A
00000000
00000000
00000000
00000000
00000000
0000B370
0000028A
00000008
00000000
00000000
00000000
00000000
00000000
0000B867
0000042F
0000000A
00000000
00000000
00000000
00000000
00000000
0000B15D
000001D9
00000008
00000000
00000000
00000000
00000000
00000000
0000CA19
000009ED
00000028
00000000
00000000
00000000
00000000
00000000
0000E6E6
00001330
00000069
00000000
00000001
00000000
00000000
00000000
00011F4A
000025BC
00000099
00010000
00000000
00000000
00000000
00000000
0001168C
000022DA
00000093
00000000
00000000
00000000
00000000
00000000
00010388
00001CC2
00000064
00000000
00000000
00000000
00000000
00000000
0001015F
00001C1B
00000057
00000000
00000000
00000000
00000000
00000000
0000F24D
00001745
00000033
00020000
00000000
00000000
00000000
00000000
0000D5F6
00000DE4
00000026
00020000
00000000
00000000
00000000
00000000
0000C7AA
00000924
00000023
00000000
00000000
00000000
00000000
00000000
0000BBE5
0000054D
00000013
00000000
00000001
00000000
00000000
00000000
0000C18E
00000714
00000028
00000000
00000000
00000000
00000000
00000000
0000C7E8
00000936
00000025
00000000
00000000
00000000
00000000
00000000
0000EECA
00001614
00000037
00000000
00000000
00000000
00000000
00000000
0000C584
00000872
0000001F
00000000
00000000
00000000
00000000
00000000
0000B097
00000197
00000008
00000000
00000000
00000000
00000000
00000000
0000B0B4
000001A2
00000007
00000000
00000000
00000000
00000000
00000000
0000CADE
000009E4
00000060
00000000
00000000
00000000
00000000
00000000
00011AD6
00002468
0001007B
00000000
00000000
00000000
00000000
00000000
00010A5A
00001EE8
0000007C
00000000
00000000
00000000
00000000
00000000
00010D30
00001FFE
00000061
00000000
00000000
00000000
00000000
00000000
00011561
000022AD
0000006A
00020000
00000000
00000000
00000000
00000000
000115BC
000022E6
00000056
00060000
00000000
00000000
00000000
00000000
0000D9E1
00000F29
0000002D
00040000
00000000
00000000
00000000
00000000
0000CA60
00000A12
0000001E
00030000
00000000
00000000
00000000
00000000
0000B8CB
00000443
00000014
00010000
00000000
00000000
00000000
00000000
0000BC3B
00000577
00000009
00010000
00000000
00000000
00000000
00000000
0000BA45
000004C1
00000014
00000000
00000000
00000000
00000000
00000000
0000C181
00000725
00000018
00000000
00000000
00000000
00000000
00000000
0000B580
00000336
0000000B
00000000
00000000
00000000
00000000
00000000
0000AEE4
00000106
00000008
00000000
00000000
00000000
00000000
00000000
0000AFC5
00000155
00000005
00000000
00000000
00000000
00000000
00000000
0000C2AA
00000744
0000004B
00000000
00000000
00000000
00000000
00000000
0000FD3C
00001AA2
00000069
00000000
00000000
00000000
00000000
00000000
00011833
00002393
00000072
00000000
00000000
00000000
00000000
00000000
0000F228
0000170E
00000053
00000000
00000000
00000000
00000000
00000000
000113A5
00002219
0000006A
00000000
00000000
00000000
00000000
00000000
0000FEA0
00001B46
00000047
00040000
00000000
00000000
00000000
00000000
00010AA9
00001F25
00000062
000A0000
00000000
00000000
00000000
00000000
000123F1
0000277D
00000072
00030000
00000000
00000000
00000000
00000000
0000DA06
00000F28
00000037
00000000
00000000
00000000
00000000
00000000
0000CC13
00000A9F
00000021
00000000
00000000
00000000
00000000
00000000
0000BB9E
00000534
00000014
00000000
00000000
00000000
00000000
00000000
0000B873
0000042F
0000000D
00000000
00000000
00000000
00000000
00000000
0000B4EA
00000308
00000008
00000000
00000000
00000000
00000000
00000000
0000BD03
000005B7
0000000B
00000000
00000000
00000000
00000000
00000000
0000ABB2
00000000
00000000
00000000
00000000
00000000
00000000
00000000
0000C678
00000876
00000059
00000000
00000000
00000000
00000000
00000000
0001054C
00001D52
00010069
00000000
00000000
00000000
00000000
00000000
00010B5B
00001F53
0000006C
00000000
00000000
00000000
00000000
00000000
0000F7F7
00001907
0000004C
00000000
00000000
00000000
00000000
00000000
00011385
0000222D
00000053
00010000
00000000
00000000
00000000
00000000
00010005
00001BC5
00000041
00030000
00000000
00000000
00000000
00000000
000102DE
00001C94
0000005C
00020000
00000000
00000000
00000000
00000000
0000EB17
000014C7
00000044
00070000
00000002
00000000
00000000
00000000
0001098A
00001EB0
00000072
00050000
00000000
00000000
00000000
00000000
0000EC87
0000152B
00000055
00000000
00000000
00000000
00000000
00000000
0000D7C6
00000E74
0000002E
00000000
00000000
00000000
00000000
00000000
0000B845
00000415
00000015
00000000
00000000
00000000
00000000
00000000
0000B04C
0000017E
00000008
00000000
00000000
00000000
00000000
00000000
0000B175
000001E1
00000008
00000000
00000000
00000000
00000000
00000000
0000BA66
000004D4
0000000E
00000000
00000000
00000000
00000000
00000000
0000D85F
00000E6B
0000005B
00000000
00000000
00000000
00000000
00000000
000119B2
000023F4
00000089
00000000
00000000
00000000
00000000
00000000
00010EAF
00002067
00000072
00000000
00000000
00000000
00000000
00000000
0000FEA2
00001B30
00000058
00000000
00000000
00000000
00000000
00000000
00010053
00001BD7
00000047
00000000
00000000
00000000
00000000
00000000
0000FC9C
00001A96
0000004A
00020000
00000000
00000000
00000000
00000000
0000D710
00000E36
0000002F
00000000
00000000
00000000
00000000
00000000
0000DF0C
000010DA
00000033
00000000
00000000
00000000
00000000
00000000
0000CED7
00000B7B
0000002D
00010000
00000000
00000000
00000000
00000000
0000CCE6
00000AE8
0000001F
00000000
00000000
00000000
00000000
00000000
0000C661
000008C5
00000018
00000000
00000000
00000000
00000000
00000000
0000B56F
00000333
00000009
00000000
00000000
00000000
00000000
00000000
0000B157
000001D7
00000008
00000000
00000000
00000000
00000000
00000000
0000BC97
0000058B
00000011
00000000
00000000
00000000
00000000
00000000
0000B8A4
0000043E
0000000E
00000000
00000000
00000000
00000000
00000000
0000CC42
00000A60
0000005C
00000000
00000000
00000000
00000000
00000000
0001190F
000023CF
0001007C
00000000
00000000
00000000
00000000
00000000
00013534
00002D0E
00000096
00000000
00000000
00000000
00000000
00000000
0000ECD6
0000155C
00000044
00020000
00000000
00000000
00000000
00000000
0000EE5B
000015E7
0000003D
00050000
00000000
00000000
00000000
00000000
0000DA1D
00000F3D
0000002D
00040000
00000000
00000000
00000000
00000000
0000C720
00000906
00000017
00020000
00000000
00000000
00000000
00000000
0000D0CF
00000C3F
00000018
00010000
00000000
00000000
00000000
00000000
0000D4F1
00000D89
00000029
00000000
00000000
00000000
00000000
00000000
0000C40A
000007F0
00000022
00000000
00000000
00000000
00000000
00000000
0000C002
00000698
00000022
00000000
00000000
00000000
00000000
00000000
0000B0AC
0000019A
0000000B
00000000
00000000
00000000
00000000
00000000
0000AE75
000000E5
00000005
00000000
00000000
00000000
00000000
00000000
0000AE4E
000000D8
00000005
00000000
00000000
00000000
00000000
00000000
0000ABB2
00000000
00000000
00000000
00000000
00000000
00000000
00000000
0000C35C
0000077A
0000004F
00000000
00000000
00000000
00000000
00000000
000102A7
00001C6F
0001006A
00000000
00000000
00000000
00000000
00000000
0001131A
000021CC
00000081
00000000
00000000
00000000
00000000
00000000
00011CFE
00002534
0000006C
00000000
00000000
00000000
00000000
00000000
00011078
0000210E
00000067
00020000
00000000
00000000
00000000
00000000
00010CFC
00001FEE
00000060
00070000
00000000
00000000
00000000
00000000
00011053
0000210F
0000005D
00070000
00000001
00000000
00000000
00000000
00011B67
00002493
0000007F
00080000
00000001
00000000
00000000
00000000
00010BD6
00001F64
0000007E
00010000
00000000
00000000
00000000
00000000
0000DB7C
00000F8E
00000048
00000000
00000000
00000000
00000000
00000000
0000D7AC
00000E66
00000032
00000000
00000000
00000000
00000000
00000000
0000ED16
0000157C
0000003C
00000000
00000000
00000000
00000000
00000000
0000CDB6
00000B20
00000029
00000000
00000000
00000000
00000000
00000000
0000C92A
0000099C
00000029
00000000
00000000
00000000
00000000
00000000
0000C201
00000745
00000020
00000000
00000000
00000000
00000000
00000000
0000D3D4
00000CD6
00000068
00000000
00000000
00000000
00000000
00000000
000108B4
00001E6A
00010071
00000000
00000000
00000000
00000000
00000000
000109E4
00001ECE
00000072
00000000
00000000
00000000
00000000
00000000
0000EC58
00001542
00000038
00000000
00000000
00000000
00000000
00000000
0000F167
000016DF
00000046
00000000
00000000
00000000
00000000
00000000
00010BC2
00001F94
00000055
00000000
00000000
00000000
00000000
00000000
0000D173
00000C5F
00000029
00000000
00000000
00000000
00000000
00000000
0000D73B
00000E47
0000002D
00000000
00000000
00000000
00000000
00000000
0000CD76
00000B18
0000001F
00000000
00000000
00000000
00000000
00000000
0000BAD1
000004F5
00000010
00000000
00000000
00000000
00000000
00000000
0000BA64
000004D2
0000000F
00000000
00000000
00000000
00000000
00000000
0000B2DD
00000255
0000000B
00000000
00000000
00000000
00000000
00000000
0000B7A3
000003EB
0000000C
00000000
00000000
00000000
00000000
00000000
0000C3A4
000007DE
00000016
00000000
00000000
00000000
00000000
00000000
0000BDDC
000005FE
0000000C
00000000
00000000
00000000
00000000
00000000
0000C4BE
000007EC
00000052
00000000
00000000
00000000
00000000
00000000
000106DD
00001DD1
0001006E
00000000
00000000
00000000
00000000
00000000
00010CC0
00001FB6
0000007B
00000000
00000000
00000000
00000000
00000000
0000FD76
00001AC8
0000005B
00020000
00000000
00000000
00000000
00000000
000115F9
000022F9
00000057
00070000
00000000
00000000
00000000
00000000
0000D895
00000EA5
0000003D
00010000
00000000
00000000
00000000
00000000
0000D224
00000C96
0000002C
00020000
00000000
00000000
00000000
00000000
0000ECBD
00001561
0000003A
00000000
00000000
00000000
00000000
00000000
0000E543
000012E3
0000003A
00000000
00000000
00000000
00000000
00000000
0000C320
000007A6
0000001F
00000000
00000000
00000000
00000000
00000000
0000B049
0000017D
00000008
00000000
00000000
00000000
00000000
00000000
0000B1BD
000001F5
0000000B
00000000
00000000
00000000
00000000
00000000
0000BA89
000004DD
00000010
00000000
00000000
00000000
00000000
00000000
0000C7BF
0000093F
00000014
00000000
00000000
00000000
00000000
00000000
0000B1CA
00000204
00000003
00000000
00000000
00000000
00000000
00000000
0000C409
000007B1
00000051
00000000
00000000
00000000
00000000
00000000
0000FEB8
00001B26
00010065
00000000
00000000
00000000
00000000
00000000
00011DA7
00002553
0000007F
00000000
00000000
00000000
00000000
00000000
0000DEB5
000010A9
00000042
00000003
00000000
00000000
00000000
00000000
0000CFC9
00000BD1
00000029
00000001
00000000
00000000
00000000
00000000
0000D66F
00000E0B
00000027
00020000
00000000
00000000
00000000
00000000
0000F9DF
000019AB
0000004B
00050000
00000000
00000000
00000000
00000000
0000F9F0
000019BA
00000044
00000000
00000000
00000000
00000000
00000000
0000BC02
00000550
00000018
00000000
00000000
00000000
00000000
00000000
0000B672
00000380
00000010
00000000
00000000
00000000
00000000
00000000
0000B174
000001DA
0000000D
00000000
00000000
00000000
00000000
00000000
0000B2D5
00000255
00000009
00000000
00000000
00000000
00000000
00000000
0000ACD0
0000005E
00000001
00000000
00000000
00000000
00000000
00000000
0000ABB2
00000000
00000000
00000000
00000000
00000000
00000000
00000000
0000ABB2
00000000
00000000
00000000
00000000
00000000
00000000
00000000
0000C44F
000007C7
00000052
00000000
00000000
00000000
00000000
00000000
000105FC
00001D86
0001006E
00000000
00000000
00000000
00000000
00000000
00012060
0000263E
0000007D
00000000
00000000
00000000
00000000
00000000
00010B37
00001F4B
00000069
00050000
00000000
00000000
00000000
00000000
00014EEB
0000359B
0000009A
000A0000
00000000
00000000
00000000
00000000
0001126A
000021A8
00000070
000D0000
00000000
00000000
00000000
00000000
0000F299
00001731
00000055
00040000
00000002
00000000
00000000
00000000
0000DCF3
00001003
0000004E
00000000
00000000
00000000
00000000
00000000
0000C3D9
000007DD
00000024
00000000
00000000
00000000
00000000
00000000
0000B155
000001CD
0000000F
00000000
00000000
00000000
00000000
00000000
0000B856
00000428
0000000B
00000000
00000000
00000000
00000000
00000000
0000BB03
0000050F
00000009
00000000
00000000
00000000
00000000
00000000
0000BA06
000004B8
0000000B
00000000
00000000
00000000
00000000
00000000
0000B04D
00000181
00000006
00000000
00000000
00000000
00000000
00000000
0000ABB2
00000000
00000000
00000000
00000000
00000000
00000000
00000000
0000C4AA
000007E4
00000053
00000000
00000000
00000000
00000000
00000000
00010463
00001D07
00010067
00000000
00000000
00000000
00000000
00000000
00011405
0000222D
00000073
00000000
00000000
00000000
00000000
00000000
0000EE3E
000015C4
00000050
00000000
00000000
00000000
00000000
00000000
0000FA26
000019C0
0000004D
00000000
00000000
00000000
00000000
00000000
0000F604
00001862
0000004B
00040000
00000000
00000000
00000000
00000000
0000FB44
00001A06
00000060
00060000
00000002
00000000
00000000
00000000
0000FEF5
00001B41
00000060
00000000
00000000
00000000
00000000
00000000
0000DAEA
00000F6C
0000003D
00000000
00000000
00000000
00000000
00000000
0000B993
00000487
00000013
00000000
00000000
00000000
00000000
00000000
0000B15D
000001D9
00000008
00000000
00000000
00000000
00000000
00000000
0000C679
000008D5
00000012
00000000
00000000
00000000
00000000
00000000
0000B446
000002CC
0000000C
00000000
00000000
00000000
00000000
00000000
0000BD06
000005BC
00000008
00000000
00000000
00000000
00000000
00000000
0000AF78
0000013A
00000006
00000000
00000000
00000000
00000000
00000000
0000C53E
00000814
00000054
00000000
00000000
00000000
00000000
00000000
00010438
00001CF2
0001006C
00000000
00000000
00000000
00000000
00000000
0001287B
000028E7
00000085
00000000
00000000
00000000
00000000
00000000
0000F8C1
0000193D
00000056
00000000
00000000
00000000
00000000
00000000
00011D22
0000254C
00000063
00020000
00000000
00000000
00000000
00000000
00010D8C
00002022
0000005D
00040000
00000000
00000000
00000000
00000000
0000F688
0000187E
00000057
00010000
00000002
00000000
00000000
00000000
0000F99B
0000196F
00000067
000C0000
00000000
00000000
00000000
00000000
0000CD7A
00000AF0
0000003E
00000000
00000000
00000000
00000000
00000000
0000C82B
00000947
00000029
00000000
00000000
00000000
00000000
00000000
0000DB65
00000FB9
00000022
00000000
00000000
00000000
00000000
00000000
0000D41B
00000D2B
0000003A
00000000
00000000
00000000
00000000
00000000
0000D0A7
00000C1F
00000026
00000000
00000000
00000000
00000000
00000000
0000C6EC
000008E6
00000022
00000000
00000000
00000000
00000000
00000000
0000BAEF
000004FF
00000010
00000000
00000000
00000000
00000000
00000000
0000CA05
000009A5
00000059
00000000
00000000
00000000
00000000
00000000
00010DFB
00002037
00010069
00000000
00000000
00000000
00000000
00000000
00011643
000022EB
00000074
00000000
00000000
00000000
00000000
00000000
000101C9
00001C35
0000005E
00000000
00000000
00000000
00000000
00000000
0000E036
0000113C
00000034
00000000
00000000
00000000
00000000
00000000
0000DF54
000010EE
00000036
00040000
00000000
00000000
00000000
00000000
0000D187
00000C63
0000002B
00000000
00000000
00000000
00000000
00000000
0000C999
000009C9
00000023
00000000
00000000
00000000
00000000
00000000
0000EC16
00001534
00000032
00000000
00000000
00000000
00000000
00000000
0000CB10
00000A4A
00000020
00000000
00000000
00000000
00000000
00000000
0000B260
0000022E
00000009
00000000
00000000
00000000
00000000
00000000
0000B1A4
000001F2
00000007
00000000
00000000
00000000
00000000
00000000
0000B476
000002E0
00000009
00000000
00000000
00000000
00000000
00000000
0000B476
000002E0
00000009
00000000
00000000
00000000
00000000
00000000
0000AE6F
000000E3
00000005
00000000
00000000
00000000
00000000
00000000
0000C58A
0000082C
00000055
00000000
00000000
00000000
00000000
00000000
000107DD
00001E25
0001006F
00000000
00000000
00000000
00000000
00000000
0001296A
00002930
0000008A
00000000
00000000
00000000
00000000
00000000
00011170
00002152
00000072
00040002
00000000
00000000
00000000
00000000
00013FB3
000030A3
00000086
00060001
00000000
00000000
00000000
00000000
00010FCD
000020E5
0000005B
00040000
00000000
00000000
00000000
00000000
0000E42B
0000126F
0000004B
00010000
00000000
00000000
00000000
00000000
0000D092
00000C14
00000029
00010000
00000001
00000000
00000000
00000000
0000CA0A
000009E4
0000002B
00000000
00000000
00000000
00000000
00000000
0000CFD1
00000BB9
0000003D
00000000
00000000
00000000
00000000
00000000
0000C496
00000828
0000001B
00000000
00000000
00000000
00000000
00000000
0000BE7C
00000626
00000016
00000000
00000000
00000000
00000000
00000000
0000BB72
00000528
00000012
00000000
00000000
00000000
00000000
00000000
0000B47B
000002DB
0000000E
00000000
00000000
00000000
00000000
00000000
0000B179
000001DD
0000000C
00000000
00000000
00000000
00000000
00000000
0000C683
0000087F
00000055
00000000
00000000
00000000
00000000
00000000
00010144
00001C02
00010063
00000000
00000000
00000000
00000000
00000000
0000FF09
00001B45
00000062
00000000
00000000
00000000
00000000
00000000
0000E6DF
00001353
0000004D
00000000
00000000
00000000
00000000
00000000
00010C87
00001FC7
00000060
00000000
00000000
00000000
00000000
00000000
000119F7
0000242F
0000006E
00030000
00000000
00000000
00000000
00000000
0000F300
0000174A
0000005C
00050000
00000001
00000000
00000000
00000000
00010D40
00001FEA
00000074
000A0000
00000001
00000000
00000000
00000000
00011F66
000025D4
0000008E
00010000
00000000
00000000
00000000
00000000
0000FE22
00001B10
00000050
00010000
00000000
00000000
00000000
00000000
0000C576
00000864
00000026
00010000
00000000
00000000
00000000
00000000
0000C747
0000090B
0000001D
00000000
00000000
00000000
00000000
00000000
0000AD2B
00000077
00000005
00000000
00000000
00000000
00000000
00000000
0000ACD0
0000005E
00000001
00000000
00000000
00000000
00000000
00000000
0000ABB2
00000000
00000000
00000000
00000000
00000000
00000000
00000000
0000C42B
000007BB
00000052
00000000
00000000
00000000
00000000
00000000
00010091
00001BC1
00010067
00000000
00000000
00000000
00000000
00000000
00010585
00001D55
00000075
00000000
00000000
00000000
00000000
00000000
000108E0
00001E86
00000067
00000000
00000000
00000000
00000000
00000000
0000F070
0000169A
0000003C
00000000
00000000
00000000
00000000
00000000
0000CB26
00000A4C
00000024
00020000
00000000
00000000
00000000
00000000
0000C880
00000972
0000001E
00000000
00000000
00000000
00000000
00000000
0000EF5F
00001643
00000039
00000000
00000000
00000000
00000000
00000000
0000CAB1
00000A29
00000021
00000000
00000000
00000000
00000000
00000000
0000BE1C
00000602
00000019
00000000
00000000
00000000
00000000
00000000
0000BCF7
000005A7
00000014
00000000
00000000
00000000
00000000
00000000
0000B1DB
00000203
00000008
00000000
00000000
00000000
00000000
00000000
0000B563
0000032F
00000009
00000000
00000000
00000000
00000000
00000000
0000B76F
000003D7
0000000E
00000000
00000000
00000000
00000000
00000000
0000AFC2
00000158
00000002
00000000
00000000
00000000
00000000
00000000
0000C345
00000771
00000050
00000000
00000000
00000000
00000000
00000000
00010804
00001E36
0001006C
00000000
00000000
00000000
00000000
00000000
00011D96
0000254C
00000080
00000000
00000000
00000000
00000000
00000000
0000F5CA
00001830
00000062
00050001
00000000
00000000
00000000
00000000
00013A1E
00002ED0
0000007F
00000000
00000000
00000000
00000000
00000000
0000F194
000016FA
0000003D
00030000
00000000
00000000
00000000
00000000
0000D6E7
00000E13
0000003F
00030000
00000000
00000000
00000000
00000000
0000D226
00000CA0
00000025
00000000
00000000
00000000
00000000
00000000
0000B5A3
0000033F
0000000D
00000000
00000000
00000000
00000000
00000000
0000BD4D
000005C5
00000013
00000000
00000000
00000000
00000000
00000000
0000B601
00000365
00000008
00000000
00000000
00000000
00000000
00000000
0000AE66
000000E4
00000002
00000000
00000000
00000000
00000000
00000000
0000B1FC
0000020E
00000008
00000000
00000000
00000000
00000000
00000000
0000B267
0000022B
0000000D
00000000
00000000
00000000
00000000
00000000
0000B264
0000022E
0000000A
00000000
00000000
00000000
00000000
00000000
0000D07D
00000BC9
0000005C
00000000
00000000
00000000
00000000
00000000
00010406
00001CE0
0001006D
00000000
00000000
00000000
00000000
00000000
00011A88
0000244A
0000007E
00000000
00000000
00000000
00000000
00000000
00011561
00002299
00000079
00000002
00000000
00000000
00000000
00000000
00014864
00003382
0000008B
00070000
00000000
00000000
00000000
00000000
0001215A
000026AC
00000069
00070000
00000000
00000000
00000000
00000000
0000FF86
00001B70
00000061
00070000
00000002
00000000
00000000
00000000
000111BD
00002175
0000006B
00030000
00000000
00000000
00000000
00000000
0000DF03
000010BB
00000048
00020000
00000000
00000000
00000000
00000000
0000C255
00000769
0000001A
00000000
00000000
00000000
00000000
00000000
0000BB08
0000050A
0000000E
00000000
00000000
00000000
00000000
00000000
0000B4A6
000002F0
00000009
00000000
00000000
00000000
00000000
00000000
0000B1AD
000001F5
00000007
00000000
00000000
00000000
00000000
00000000
0000B37F
0000028B
0000000B
00000000
00000000
00000000
00000000
00000000
0000B976
00000488
0000000B
00000000
00000000
00000000
00000000
00000000
0000DAF4
00000F3A
00000065
00000000
00000000
00000000
00000000
00000000
00010DD7
00002023
0001006F
00000000
00000000
00000000
00000000
00000000
000113D5
00002215
00000079
00000000
00000000
00000000
00000000
00000000
0000E44A
00001278
0000004C
00000000
00000000
00000000
00000000
00000000
0000FAF5
00001A0D
00000047
00000000
00000000
00000000
00000000
00000000
0000DD99
00001055
0000003A
00010000
00000000
00000000
00000000
00000000
0000CCD4
00000AD6
00000028
00020000
00000000
00000000
00000000
00000000
0000C3D1
000007ED
00000016
00000000
00000000
00000000
00000000
00000000
0000BC4A
0000056C
00000015
00000000
00000000
00000000
00000000
00000000
0000B5D5
00000351
0000000C
00000000
00000000
00000000
00000000
00000000
0000ADCF
000000AF
00000004
00000000
00000000
00000000
00000000
00000000
0000ABB2
00000000
00000000
00000000
00000000
00000000
00000000
00000000
0000ABB2
00000000
00000000
00000000
00000000
00000000
00000000
00000000
0000ABB2
00000000
00000000
00000000
00000000
00000000
00000000
00000000
0000ABB2
00000000
00000000
00000000
00000000
00000000
00000000
00000000
0000C38A
00000788
00000050
00000000
00000000
00000000
00000000
00000000
00010339
00001C9D
0001006C
00000000
00000000
00000000
00000000
00000000
000123A5
00002751
00000080
00000000
00000000
00000000
00000000
00000000
0001100E
000020F4
00000060
00010000
00000000
00000000
00000000
00000000
00012E18
00002ACA
00000082
00110000
00000000
00000000
00000000
00000000
000112FD
000021D5
00000073
00090000
00000000
00000000
00000000
00000000
000103B0
00001CD2
00000062
00070001
00000002
00000000
00000000
00000000
0000E592
000012D8
00000056
00010000
00000000
00000000
00000000
00000000
0000C53C
00000846
0000002E
00020000
00000000
00000000
00000000
00000000
0000B898
0000042A
0000001A
00000000
00000000
00000000
00000000
00000000
0000B7FB
00000403
00000010
00000000
00000000
00000000
00000000
00000000
0000D2B9
00000CDD
0000001C
00000000
00000000
00000000
00000000
00000000
0000CE03
00000B3B
00000028
00000000
00000000
00000000
00000000
00000000
0000CD6E
00000B04
0000002C
00000000
00000000
00000000
00000000
00000000
0000B3A5
00000295
0000000D
00000000
00000000
00000000
00000000
00000000
0000C703
000008A7
00000057
00000000
00000000
00000000
00000000
00000000
00010D33
00001FF3
0001006A
00000000
00000000
00000000
00000000
00000000
000122E5
0000270D
00000083
00000000
00000000
00000000
00000000
00000000
0000F3FC
0000179E
0000005C
00000000
00000000
00000000
00000000
00000000
0000F851
00001935
00000040
00000000
00000000
00000000
00000000
00000000
00010200
00001C4A
0000005C
00010000
00000000
00000000
00000000
00000000
0000F1BC
000016EE
00000050
00010000
00000000
00000000
00000000
00000000
0000D993
00000EF7
0000003F
00010000
00000000
00000000
00000000
00000000
0000CB87
00000A6B
00000025
00010000
00000000
00000000
00000000
00000000
0000D94B
00000EEB
00000036
00010000
00000001
00000000
00000000
00000000
0000D4EA
00000D84
0000002B
00000000
00000000
00000000
00000000
00000000
0000CBBC
00000A82
00000021
00000000
00000000
00000000
00000000
00000000
0000CAFC
00000A36
0000002A
00000000
00000000
00000000
00000000
00000000
0000BFE9
0000069D
00000018
00000000
00000000
00000000
00000000
00000000
0000B096
00000198
00000007
00000000
00000000
00000000
00000000
00000000
0000C54B
0000081B
00000052
00000000
00000000
00000000
00000000
00000000
000101A4
00001C1A
00010069
00000000
00000000
00000000
00000000
00000000
00010230
00001C4E
00000065
00000000
00000000
00000000
00000000
00000000
0000F798
000018F6
00000041
00000001
00000000
00000000
00000000
00000000
00012D00
00002A9A
00000060
000C0000
00000000
00000000
00000000
00000000
000105AB
00001D7B
00000062
00080000
00000000
00000000
00000000
00000000
0000D986
00000F00
00000035
00020000
00000000
00000000
00000000
00000000
0000C6D1
000008D9
00000025
00000000
00000000
00000000
00000000
00000000
0000C2EB
00000797
0000001D
00000000
00000001
00000000
00000000
00000000
0000B874
0000041E
0000001A
00000000
00000000
00000000
00000000
00000000
0000B161
000001CD
00000012
00000000
00000000
00000000
00000000
00000000
0000B103
000001B3
0000000E
00000000
00000000
00000000
00000000
00000000
0000ACAD
00000051
00000002
00000000
00000000
00000000
00000000
00000000
0000B318
00000262
00000010
00000000
00000000
00000000
00000000
00000000
0000B23A
00000214
00000013
00010000
00000000
00000000
00000000
00000000
0000C77A
000008D0
00000056
00000000
00000000
00000000
00000000
00000000
000106FC
00001DDE
0001006C
00000000
00000000
00000000
00000000
00000000
00011DC7
00002567
00000078
00000000
00000000
00000000
00000000
00000000
0000FE18
00001AFE
0000005B
00000000
00000000
00000000
00000000
00000000
000127C3
000028BB
00000078
00020000
00000000
00000000
00000000
00000000
000123FD
0000276D
00000081
00080000
00000000
00000000
00000000
00000000
00010483
00001D27
00000057
00040000
00000002
00000000
00000000
00000000
00010191
00001C25
0000005C
00050000
00000000
00000000
00000000
00000000
0000EA00
00001446
0000005F
00000000
00000000
00000000
00000000
00000000
0000E184
0000119E
0000003E
00010000
00000000
00000000
00000000
00000000
0000E04E
00001144
00000034
00000000
00000000
00000000
00000000
00000000
0000E472
000012AC
0000002F
00000000
00000000
00000000
00000000
00000000
0000E83F
000013E3
00000039
00000000
00000000
00000000
00000000
00000000
0000D93D
00000EF1
0000002E
00000000
00000000
00000000
00000000
00000000
0000CA8E
00000A14
00000028
00000000
00000000
00000000
00000000
00000000
0000E3F7
0000121B
0000007D
00000000
00000000
00000000
00000000
00000000
000109FF
00001ED3
00010075
00000000
00000000
00000000
00000000
00000000
0001025E
00001C50
0000006F
00000000
00000000
00000000
00000000
00000000
0000F59A
00001834
00000053
00030000
00000000
00000000
00000000
00000000
0000E4A2
000012AC
0000003B
00000000
00000000
00000000
00000000
00000000
0000DB64
00000FA2
00000033
00010000
00000000
00000000
00000000
00000000
0000DADE
00000F7C
0000002E
00000000
00000000
00000000
00000000
00000000
0000CE92
00000B64
0000002D
00000000
00000000
00000000
00000000
00000000
0000E589
00001309
0000002F
00000000
00000000
00000000
00000000
00000000
0000DB47
00000F9F
0000002E
00000000
00000000
00000000
00000000
00000000
0000E8D3
0000140F
0000003D
00010000
00000000
00000000
00000000
00000000
00010280
00001C8A
0000004C
00010000
00000000
00000000
00000000
00000000
0000EFBF
0000164B
0000004B
00000000
00000000
00000000
00000000
00000000
0000D155
00000C59
00000026
00000000
00000000
00000000
00000000
00000000
00010A89
00001F39
0000004B
00010000
00000000
00000000
00000000
00000000
00011320
0000218E
000000B1
00000000
00000000
00000000
00000000
00000000
00012810
000028CA
00010080
00000000
00000000
00000000
00000000
00000000
00015312
000036E8
000000AA
00000000
00000000
00000000
00000000
00000000
00013CEF
00002F8F
000000A4
00050000
00000000
00000000
00000000
00000000
00011EE8
000025D6
0000006D
00080000
00000000
00000000
00000000
00000000
000106F4
00001DDA
0000006D
00010000
00000000
00000000
00000000
00000000
00010422
00001CF4
00000065
00020000
00000000
00000000
00000000
00000000
00010C27
00001FAF
0000005A
00020000
00000000
00000000
00000000
00000000
000117A6
0000236C
0000006C
00010000
00000000
00000000
00000000
00000000
00011702
00002334
0000006D
00010000
00000000
00000000
00000000
00000000
0000E84F
000013EF
00000034
00000000
00000000
00000000
00000000
00000000
0000D4F6
00000D84
0000002E
00000000
00000000
00000000
00000000
00000000
0000D37E
00000D0C
0000002A
00000000
00000000
00000000
00000000
00000000
0000E28B
00001207
00000031
00000000
00000000
00000000
00000000
00000000
00011CA3
0000250F
00000071
00000000
00000000
00000000
00000000
00000000
00012D0C
00002A1E
000000C0
00000000
00000000
00000000
00000000
00000000
000156C0
00003822
000100AA
00010000
00000000
00000000
00000000
00000000
00011B31
0000247D
00000082
00000000
00000000
00000000
00000000
00000000
00010FF2
000020E0
00000068
00000000
00000000
00000000
00000000
00000000
00010B21
00001F5D
00000056
00010000
00000000
00000000
00000000
00000000
0000E0C6
00001168
00000037
00000000
00000000
00000000
00000000
00000000
0000E7AF
000013B3
00000039
00000000
00000000
00000000
00000000
00000000
0000CF71
00000BA5
00000034
00000000
00000000
00000000
00000000
00000000
0000B463
000002CF
00000011
00000000
00000000
00000000
00000000
00000000
0000B3E6
000002AC
0000000C
00000000
00000000
00000000
00000000
00000000
0000ADB3
000000A7
00000003
00000000
00000000
00000000
00000000
00000000
0000ACD0
0000005E
00000001
00000000
00000000
00000000
00000000
00000000
0000ABB2
00000000
00000000
00000000
00000000
00000000
00000000
00000000
0000ABB2
00000000
00000000
00000000
00000000
00000000
00000000
00000000
0000ABB2
00000000
00000000
00000000
00000000
00000000
00000000
00000000
0000C5BE
0000083C
00000056
00000000
00000000
00000000
00000000
00000000
0000FD05
00001A99
00010062
00000000
00000000
00000000
00000000
00000000
000117A2
00002364
00000071
00000000
00000000
00000000
00000000
00000000
0000E1F5
000011BD
00000043
00000000
00000000
00000000
00000000
00000000
0000DF59
000010F9
0000002F
00000000
00000000
00000000
00000000
00000000
0000C946
000009B8
0000001B
00010000
00000000
00000000
00000000
00000000
0000C7A6
00000930
00000019
00000000
00000000
00000000
00000000
00000000
0000CA07
000009F3
0000001F
00000000
00000000
00000000
00000000
00000000
0000CBC0
00000A7E
00000025
00000000
00000000
00000000
00000000
00000000
0000C1D1
00000745
00000014
00000000
00000000
00000000
00000000
00000000
0000C8E2
0000098C
00000023
00000000
00000000
00000000
00000000
00000000
0000BA78
000004D6
00000011
00000000
00000000
00000000
00000000
00000000
0000B0D9
000001AD
00000008
00000000
00000000
00000000
00000000
00000000
0000AFEA
00000160
00000006
00000000
00000000
00000000
00000000
00000000
0000B50D
00000315
00000007
00000000
00000000
00000000
00000000
00000000
0000D0FE
00000BF8
00000059
00000000
00000000
00000000
00000000
00000000
000100AD
00001BCD
00010065
00000000
00000000
00000000
00000000
00000000
00012383
00002747
0000007F
00000000
00000000
00000000
00000000
00000000
00010E34
00002046
0000006C
00000000
00000000
00000000
00000000
00000000
00014920
000033B6
00000093
00100000
00000000
00000000
00000000
00000000
00013B7A
00002F0C
000000A9
000A0000
00000000
00000000
00000000
00000000
0001093F
00001E97
00000072
00020000
00000000
00000000
00000000
00000000
0000FF11
00001B65
0000004C
00000000
00000000
00000000
00000000
00000000
0000D734
00000E3A
00000035
00000000
00000000
00000000
00000000
00000000
0000E5D0
000012FE
00000049
00010000
00000000
00000000
00000000
00000000
0000E53B
000012DF
0000003B
00010000
00000000
00000000
00000000
00000000
0000C829
00000941
0000002D
00000000
00000000
00000000
00000000
00000000
0000C2E6
00000794
0000001E
00000000
00000000
00000000
00000000
00000000
0000B0C5
000001A5
00000009
00000000
00000000
00000000
00000000
00000000
0000B130
000001CA
00000008
00000000
00000000
00000000
00000000
00000000
0000CF98
00000B7E
0000005B
00000000
00000000
00000000
00000000
00000000
00011049
000020ED
00010074
00000000
00000000
00000000
00000000
00000000
0001214E
00002684
00000084
00000000
00000000
00000000
00000000
00000000
0000EA85
00001495
00000045
00000000
00000000
00000000
00000000
00000000
0000D823
00000E97
0000002B
00000000
00000000
00000000
00000000
00000000
0000D501
00000D99
00000021
00030000
00000000
00000000
00000000
00000000
0000D43D
00000D45
0000002F
00020000
00000000
00000000
00000000
00000000
0000FA5C
000019CE
00000050
00000000
00000000
00000000
00000000
00000000
0000D27E
00000CB4
0000002C
00000000
00000000
00000000
00000000
00000000
0000CA96
00000A0C
00000030
00000000
00000000
00000000
00000000
00000000
0000B364
0000027E
0000000E
00000000
00000000
00000000
00000000
00000000
0000ABDA
0000000C
00000001
00000000
00000000
00000000
00000000
00000000
0000ABB2
00000000
00000000
00000000
00000000
00000000
00000000
00000000
0000ABB2
00000000
00000000
00000000
00000000
00000000
00000000
00000000
0000ABB2
00000000
00000000
00000000
00000000
00000000
00000000
00000000
0000C308
0000075E
0000004F
00000000
00000000
00000000
00000000
00000000
0000FCE6
00001A88
00010067
00000000
00000000
00000000
00000000
00000000
000116D8
0000231E
00000073
00000000
00000000
00000000
00000000
00000000
00011270
000021BA
00000064
00040001
00000000
00000000
00000000
00000000
00011E05
0000258D
0000006B
00010000
00000000
00000000
00000000
00000000
0000ED66
00001594
0000003E
00060000
00000000
00000000
00000000
00000000
0000FB58
00001A26
0000004D
00030000
00000002
00000000
00000000
00000000
0001025A
00001C5C
00000065
00000000
00000000
00000000
00000000
00000000
0000ED81
00001581
00000053
00000000
00000000
00000000
00000000
00000000
0000DE81
00001095
00000044
00000000
00000000
00000000
00000000
00000000
0000EAFB
000014D3
00000034
00000000
00000000
00000000
00000000
00000000
0000F355
00001789
00000042
00000000
00000000
00000000
00000000
00000000
0000EF84
00001636
0000004C
00010000
00000000
00000000
00000000
00000000
0000ECCE
00001558
00000045
00000000
00000000
00000000
00000000
00000000
0000C663
000008B7
00000023
00000000
00000000
00000000
00000000
00000000
0000E7A8
0000135E
00000077
00000000
00000000
00000000
00000000
00000000
0001196E
000023EC
0001007E
00000000
00000000
00000000
00000000
00000000
00012099
0000263D
0000008C
00000000
00000000
00000000
00000000
00000000
0001083A
00001E48
0000006C
00010001
00000000
00000000
00000000
00000000
0001039E
00001CE0
00000053
00000000
00000000
00000000
00000000
00000000
0000D3FD
00000D3D
00000025
00000000
00000000
00000000
00000000
00000000
0000C69F
000008CF
00000020
00000000
00000000
00000000
00000000
00000000
0000C66D
000008D1
00000012
00000000
00000000
00000000
00000000
00000000
0000BFAD
0000068D
00000015
00000000
00000000
00000000
00000000
00000000
0000B92E
00000460
00000017
00000000
00000000
00000000
00000000
00000000
0000AE72
000000E4
00000005
00000000
00000000
00000000
00000000
00000000
0000ABD1
00000009
00000001
00000000
00000000
00000000
00000000
00000000
0000ABB2
00000000
00000000
00000000
00000000
00000000
00000000
00000000
0000ABB2
00000000
00000000
00000000
00000000
00000000
00000000
00000000
0000ABB2
00000000
00000000
00000000
00000000
00000000
00000000
00000000
0000C3AE
00000794
00000050
00000000
00000000
00000000
00000000
00000000
000101C0
00001C1E
0001006D
00000000
00000000
00000000
00000000
00000000
000119F8
00002426
00000075
00000000
00000000
00000000
00000000
00000000
000100FC
00001BEE
00000060
00000000
00000000
00000000
00000000
00000000
0001016B
00001C1B
0000005A
00000000
00000000
00000000
00000000
00000000
0000E1D5
000011C9
00000032
00020000
00000000
00000000
00000000
00000000
0000E5D6
00001314
0000003A
00090000
00000001
00000000
00000000
00000000
0000FB19
00001A15
0000004A
00060000
00000001
00000000
00000000
00000000
0000D29A
00000CB0
00000036
00010000
00000000
00000000
00000000
00000000
0000D76E
00000E54
00000030
00010000
00000001
00000000
00000000
00000000
0000FEEE
00001B3C
00000062
00000000
00000000
00000000
00000000
00000000
0000EF75
0000161D
0000005B
00000000
00000000
00000000
00000000
00000000
0000DD13
00001027
0000003B
00000000
00000000
00000000
00000000
00000000
0000E5BB
0000131F
0000002B
00000000
00000000
00000000
00000000
00000000
0000CC58
00000AB6
00000021
00000000
00000000
00000000
00000000
00000000
0000BF78
00000672
0000001C
00020000
00000000
00000000
00000000
00000000
0000C0C2
000006D8
00000022
00000000
00000000
00000000
00000000
00000000
0000D3C9
00000D29
00000027
00000000
00000000
00000000
00000000
00000000
0000C865
00000961
00000024
00000000
00000000
00000000
00000000
00000000
0000B93A
00000468
00000014
00000000
00000000
00000000
00000000
00000000
0000AD49
00000081
00000005
00000000
00000000
00000000
00000000
00000000
0000AEFD
0000010D
00000009
00000000
00000000
00000000
00000000
00000000
0000B2F4
00000252
00000013
00000000
00000000
00000000
00000000
00000000
0000AE25
000000C9
00000006
00000000
00000000
00000000
00000000
00000000
0000AF96
00000140
00000009
00000000
00000000
00000000
00000000
00000000
0000B48C
000002DA
00000013
00020000
00000000
00000000
00000000
00000000
0000B97D
00000475
0000001B
00030000
00000000
00000000
00000000
00000000
0000AFB2
00000148
0000000A
00000000
00000000
00000000
00000000
00000000
0000AC91
00000049
00000001
00000000
00000000
00000000
00000000
00000000
0000B24C
0000021E
00000010
00000000
00000000
00000000
00000000
00000000
0000AE07
000000BB
00000009
00000000
00000000
00000000
00000000
00000000
0000AF4C
00000126
0000000A
00000000
00000000
00000000
00000000
00000000
0000B505
00000301
00000014
00000000
00000000
00000000
00000000
00000000
0000B217
00000213
0000000B
00000000
00000000
00000000
00000000
00000000
0000B1A0
000001EA
0000000C
00000000
00000000
00000000
00000000
00000000
0000B48A
000002D8
00000014
00000000
00000000
00000000
00000000
00000000
0000AEB6
000000F4
0000000A
00010000
00000000
00000000
00000000
00000000
0000B16A
000001D8
0000000C
00010000
00000000
00000000
00000000
00000000
0000B51A
00000308
00000014
00000000
00000000
00000000
00000000
00000000
0000AE86
000000E8
00000007
00000000
00000000
00000000
00000000
00000000
0000B0CA
000001A4
0000000B
00020000
00000000
00000000
00000000
00000000
0000C2ED
0000078D
00000025
00020000
00000000
00000000
00000000
00000000
0000B4D3
000002F3
00000012
00000000
00000000
00000000
00000000
00000000
0000B066
00000184
0000000A
00000000
00000000
00000000
00000000
00000000
0000B7E8
000003F2
00000018
00000000
00000000
00000000
00000000
00000000
0000BAE3
000004FB
00000010
00000000
00000000
00000000
00000000
00000000
0000B721
000003BD
0000000E
00010000
00000000
00000000
00000000
00000000
0000B5AA
00000338
00000014
00010000
00000000
00000000
00000000
00000000
0000BDF2
000005F8
00000016
00000000
00000000
00000000
00000000
00000000
0000B183
000001DF
0000000D
00020000
00000000
00000000
00000000
00000000
0000C126
000006F8
00000023
00010000
00000000
00000000
00000000
00000000
0000B36D
00000285
0000000B
00030000
00000000
00000000
00000000
00000000
0000C858
00000952
0000002C
00020000
00000000
00000000
00000000
00000000
0000CCB4
00000AC2
0000002F
00000000
00000000
00000000
00000000
00000000
0000C542
00000850
00000028
00020000
00000000
00000000
00000000
00000000
0000D250
00000C9E
00000031
00040000
00000000
00000000
00000000
00000000
0000E4A1
00001291
0000004F
00050000
00000000
00000000
00000000
00000000
0000F810
000018EE
00000065
00070000
00000000
00000000
00000000
00000000
0001150C
0000227E
00000078
00010000
00000000
00000000
00000000
00000000
0000F9B2
00001974
00000069
00000000
00000000
00000000
00000000
00000000
0000F69F
00001887
00000056
00000000
00000000
00000000
00000000
00000000
0000FBE7
00001A37
00000064
00010000
00000000
00000000
00000000
00000000
0000F445
000017B5
0000005D
00000000
00000000
00000000
00000000
00000000
0000F0E8
000016AA
0000004E
00000000
00000001
00000000
00000000
00000000
0000E006
00001108
0000004F
00000000
00000000
00000000
00000000
00000000
0000E602
00001304
00000051
00010000
00000000
00000000
00000000
00000000
0000EC73
00001527
00000053
00020000
00000000
00000000
00000000
00000000
0000EB30
000014BA
00000054
00000000
00000000
00000000
00000000
00000000
0000DED6
000010AC
00000048
00000000
00000000
00000000
00000000
00000000
0000F82D
00001919
0000004C
00000000
00000000
00000000
00000000
00000000
0000EEF0
000015FE
00000051
00000000
00000000
00000000
00000000
00000000
0000CF63
00000B8F
00000041
00000000
00000000
00000000
00000000
00000000
0000CB0E
00000A38
0000002D
00000000
00000000
00000000
00000000
00000000
0000D1A7
00000C73
00000027
00000000
00000000
00000000
00000000
00000000
0000BAAF
000004D7
0000001E
00000000
00000000
00000000
00000000
00000000
0000B6AC
00000392
00000011
00000000
00000000
00000000
00000000
00000000
0000B397
00000287
00000014
00000000
00000000
00000000
00000000
00000000
0000B7F3
000003F7
00000017
00010000
00000000
00000000
00000000
00000000
0000B685
00000385
00000011
00000000
00000000
00000000
00000000
00000000
0000B0B7
000001A7
00000004
00000000
00000000
00000000
00000000
00000000
0000AEB2
000000FC
00000003
00000000
00000000
00000000
00000000
00000000
0000AF60
00000136
00000003
00000000
00000000
00000000
00000000
00000000
0000B332
00000274
00000009
00000000
00000000
00000000
00000000
00000000
0000ABB2
00000000
00000000
00000000
00000000
00000000
00000000
00000000
0000ABB2
00000000
00000000
00000000
00000000
00000000
00000000
00000000
0000ABB2
00000000
00000000
00000000
00000000
00000000
00000000
00000000
0000ABB2
00000000
00000000
00000000
00000000
00000000
00000000
00000000
0000ABB2
00000000
00000000
00000000
00000000
00000000
00000000
00000000
0000ABB2
00000000
00000000
00000000
00000000
00000000
00000000
00000000
0000ABB2
00000000
00000000
00000000
00000000
00000000
00000000
00000000
0000ABB2
00000000
00000000
00000000
00000000
00000000
00000000
00000000
0000ABB2
00000000
00000000
00000000
00000000
00000000
00000000
00000000
0000ABB2
00000000
00000000
00000000
00000000
00000000
00000000
00000000
0000ABB2
00000000
00000000
00000000
00000000
00000000
00000000
00000000
0000ABB2
00000000
00000000
00000000
00000000
00000000
00000000
00000000
0000ABB2
00000000
00000000
00000000
00000000
00000000
00000000
00000000
0000ABB2
00000000
00000000
00000000
00000000
00000000
00000000
00000000
0000ABB2
00000000
00000000
00000000
00000000
00000000
00000000
00000000
0000ABB2
00000000
00000000
00000000
00000000
00000000
00000000
00000000
0000ABB2
00000000
00000000
00000000
00000000
00000000
00000000
00000000
0000ABB2
00000000
00000000
00000000
00000000
00000000
00000000
00000000
0000ABB2
00000000
00000000
00000000
00000000
00000000
00000000
00000000
0000ABB2
00000000
00000000
00000000
00000000
00000000
00000000
00000000
0000ABB2
00000000
00000000
00000000
00000000
00000000
00000000
00000000
0000ABB2
00000000
00000000
00000000
00000000
00000000
00000000
00000000
0000ABB2
00000000
00000000
00000000
00000000
00000000
00000000
00000000
0000ABB2
00000000
00000000
00000000
00000000
00000000
00000000
00000000
0000ABB2
00000000
00000000
00000000
00000000
00000000
00000000
00000000
0000ABB2
00000000
00000000
00000000
00000000
00000000
00000000
00000000
0000ABB2
00000000
00000000
00000000
00000000
00000000
00000000
00000000
0000ABB2
00000000
00000000
00000000
00000000
00000000
00000000
00000000
0000ABB2
00000000
00000000
00000000
00000000
00000000
00000000
00000000
0000ABB2
00000000
00000000
00000000
00000000
00000000
00000000
00000000
0000ABB2
00000000
00000000
00000000
00000000
00000000
00000000
00000000
0000ABB2
00000000
00000000
00000000
00000000
00000000
00000000
00000000
0000ABB2
00000000
00000000
00000000
00000000
00000000
00000000
00000000
0000ABB2
00000000
00000000
00000000
00000000
00000000
00000000
00000000
0000ABB2
00000000
00000000
00000000
00000000
00000000
00000000
00000000
0000ABB2
00000000
00000000
00000000
00000000
00000000
00000000
00000000
0000ABB2
00000000
00000000
00000000
00000000
00000000
00000000
00000000
0000ABB2
00000000
00000000
00000000
00000000
00000000
00000000
00000000
0000ABB2
00000000
00000000
00000000
00000000
00000000
00000000
00000000
0000ABB2
00000000
00000000
00000000
00000000
00000000
00000000
00000000
0000ABB2
00000000
00000000
00000000
00000000
00000000
00000000
00000000
0000ABB2
00000000
00000000
00000000
00000000
00000000
00000000
00000000
0000ABB2
00000000
00000000
00000000
00000000
00000000
00000000
00000000
0000ABB2
00000000
00000000
00000000
00000000
00000000
00000000
00000000
0000ABB2
00000000
00000000
00000000
00000000
00000000
00000000
00000000
0000ABB2
00000000
00000000
00000000
00000000
00000000
00000000
00000000
0000ABB2
00000000
00000000
00000000
00000000
00000000
00000000
00000000
0000ABB2
00000000
00000000
00000000
00000000
00000000
00000000
00000000
0000ABB2
00000000
00000000
00000000
00000000
00000000
00000000
00000000
0000ABB2
00000000
00000000
00000000
00000000
00000000
00000000
00000000
0000ABB2
00000000
00000000
00000000
00000000
00000000
00000000
00000000
0000ABB2
00000000
00000000
00000000
00000000
00000000
00000000
00000000
0000ABB2
00000000
00000000
00000000
00000000
00000000
00000000
00000000
0000ABB2
00000000
00000000
00000000
00000000
00000000
00000000
00000000
0000ABB2
00000000
00000000
00000000
00000000
00000000
00000000
00000000
0000ABB2
00000000
00000000
00000000
00000000
00000000
00000000
00000000
0000ABB2
00000000
00000000
00000000
00000000
00000000
00000000
00000000
0000ABB2
00000000
00000000
00000000
00000000
00000000
00000000
00000000
0000ABB2
00000000
00000000
00000000
00000000
00000000
00000000
00000000
0000ABB2
00000000
00000000
00000000
00000000
00000000
00000000
00000000
0000ABB2
00000000
00000000
00000000
00000000
00000000
00000000
00000000
0000ABB2
00000000
00000000
00000000
00000000
00000000
00000000
00000000
0000ABB2
00000000
00000000
00000000
00000000
00000000
00000000
00000000
0000ABB2
00000000
00000000
00000000
00000000
00000000
00000000
00000000
0000ABB2
00000000
00000000
00000000
00000000
00000000
00000000
00000000
0000ABB2
00000000
00000000
00000000
00000000
00000000
00000000
00000000
0000ABB2
00000000
00000000
00000000
00000000
00000000
00000000
00000000
0000ABB2
00000000
00000000
00000000
00000000
00000000
00000000
00000000
0000ABB2
00000000
00000000
00000000
00000000
00000000
00000000
00000000
0000ABB2
00000000
00000000
00000000
00000000
00000000
00000000
00000000
0000ABB2
00000000
00000000
00000000
00000000
00000000
00000000
00000000
0000ABB2
00000000
00000000
00000000
00000000
00000000
00000000
00000000
0000ABB2
00000000
00000000
00000000
00000000
00000000
00000000
00000000
0000ABB2
00000000
00000000
00000000
00000000
00000000
00000000
00000000
0000ABB2
00000000
00000000
00000000
00000000
00000000
00000000
00000000
0000ABB2
00000000
00000000
00000000
00000000
00000000
00000000
00000000
0000ABB2
00000000
00000000
00000000
00000000
00000000
00000000
00000000
0000ABB2
00000000
00000000
00000000
00000000
00000000
00000000
00000000
0000ABB2
00000000
00000000
00000000
00000000
00000000
00000000
00000000
0000ABB2
00000000
00000000
00000000
00000000
00000000
00000000
00000000
0000ABB2
00000000
00000000
00000000
00000000
00000000
00000000
00000000
0000ABB2
00000000
00000000
00000000
00000000
00000000
00000000
00000000
0000ABB2
00000000
00000000
00000000
00000000
00000000
00000000
00000000
0000ABB2
00000000
00000000
00000000
00000000
00000000
00000000
00000000
0000ABB2
00000000
00000000
00000000
00000000
00000000
00000000
00000000
0000ABB2
00000000
00000000
00000000
00000000
00000000
00000000
00000000
0000ABB2
00000000
00000000
00000000
00000000
00000000
00000000
00000000
0000ABB2
00000000
00000000
00000000
00000000
00000000
00000000
00000000
0000ABB2
00000000
00000000
00000000
00000000
00000000
00000000
00000000
0000ABB2
00000000
00000000
00000000
00000000
00000000
00000000
00000000
0000ABB2
00000000
00000000
00000000
00000000
00000000
00000000
00000000
0000ABB2
00000000
00000000
00000000
00000000
00000000
00000000
00000000
0000ABB2
00000000
00000000
00000000
00000000
00000000
00000000
00000000
0000ABB2
00000000
00000000
00000000
00000000
00000000
00000000
00000000
0000ABB2
00000000
00000000
00000000
00000000
00000000
00000000
00000000
0000ABB2
00000000
00000000
00000000
00000000
00000000
00000000
00000000
0000ABB2
00000000
00000000
00000000
00000000
00000000
00000000
00000000
0000ABB2
00000000
00000000
00000000
00000000
00000000
00000000
00000000
0000ABB2
00000000
00000000
00000000
00000000
00000000
00000000
00000000
0000ABB2
00000000
00000000
00000000
00000000
00000000
00000000
00000000
0000ABB2
00000000
00000000
00000000
00000000
00000000
00000000
00000000
0000ABB2
00000000
00000000
00000000
00000000
00000000
00000000
00000000
0000ABB2
00000000
00000000
00000000
00000000
00000000
00000000
00000000
0000ABB2
00000000
00000000
00000000
00000000
00000000
00000000
00000000
0000ABB2
00000000
00000000
00000000
00000000
00000000
00000000
00000000
0000ABB2
00000000
00000000
00000000
00000000
00000000
00000000
00000000
0000ABB2
00000000
00000000
00000000
00000000
00000000
00000000
00000000
0000ABB2
00000000
00000000
00000000
00000000
00000000
00000000
00000000
0000ABB2
00000000
00000000
00000000
00000000
00000000
00000000
00000000
0000ABB2
00000000
00000000
00000000
00000000
00000000
00000000
00000000
0000ABB2
00000000
00000000
00000000
00000000
00000000
00000000
00000000
0000ABB2
00000000
00000000
00000000
00000000
00000000
00000000
00000000
0000ABB2
00000000
00000000
00000000
00000000
00000000
00000000
00000000
0000ABB2
00000000
00000000
00000000
00000000
00000000
00000000
00000000
0000ABB2
00000000
00000000
00000000
00000000
00000000
00000000
00000000
0000ABB2
00000000
00000000
00000000
00000000
00000000
00000000
00000000
0000ABB2
00000000
00000000
00000000
00000000
00000000
00000000
00000000
0000ABB2
00000000
00000000
00000000
00000000
00000000
00000000
00000000
0000ABB2
00000000
00000000
00000000
00000000
00000000
00000000
00000000
0000ABB2
00000000
00000000
00000000
00000000
00000000
00000000
00000000
0000ABB2
00000000
00000000
00000000
00000000
00000000
00000000
00000000
0000ABB2
00000000
00000000
00000000
00000000
00000000
00000000
00000000
0000ABB2
00000000
00000000
00000000
00000000
00000000
00000000
00000000
0000ABB2
00000000
00000000
00000000
00000000
00000000
00000000
00000000
0000ABB2
00000000
00000000
00000000
00000000
00000000
00000000
00000000
0000ABB2
00000000
00000000
00000000
00000000
00000000
00000000
00000000
0000ABB2
00000000
00000000
00000000
00000000
00000000
00000000
00000000
0000ABB2
00000000
00000000
00000000
00000000
00000000
00000000
00000000
0000ABB2
00000000
00000000
00000000
00000000
00000000
00000000
00000000
0000ABB2
00000000
00000000
00000000
00000000
00000000
00000000
00000000
0000ABB2
00000000
00000000
00000000
00000000
00000000
00000000
00000000
0000ABB2
00000000
00000000
00000000
00000000
00000000
00000000
00000000
0000ABB2
00000000
00000000
00000000
00000000
00000000
00000000
00000000
0000ABB2
00000000
00000000
00000000
00000000
00000000
00000000
00000000
0000ABB2
00000000
00000000
00000000
00000000
00000000
00000000
00000000
0000ABB2
00000000
00000000
00000000
00000000
00000000
00000000
00000000
0000ABB2
00000000
00000000
00000000
00000000
00000000
00000000
00000000
0000ABB2
00000000
00000000
00000000
00000000
00000000
00000000
00000000
0000ABB2
00000000
00000000
00000000
00000000
00000000
00000000
00000000
0000ABB2
00000000
00000000
00000000
00000000
00000000
00000000
00000000
0000ABB2
00000000
00000000
00000000
00000000
00000000
00000000
00000000
0000ABB2
00000000
00000000
00000000
00000000
00000000
00000000
00000000
0000ABB2
00000000
00000000
00000000
00000000
00000000
00000000
00000000
0000ABB2
00000000
00000000
00000000
00000000
00000000
00000000
00000000
0000ABB2
00000000
00000000
00000000
00000000
00000000
00000000
00000000
0000ABB2
00000000
00000000
00000000
00000000
00000000
00000000
00000000
0000ABB2
00000000
00000000
00000000
00000000
00000000
00000000
00000000
0000ABB2
00000000
00000000
00000000
00000000
00000000
00000000
00000000
0000ABB2
00000000
00000000
00000000
00000000
00000000
00000000
00000000
0000ABB2
00000000
00000000
00000000
00000000
00000000
00000000
00000000
0000ABB2
00000000
00000000
00000000
00000000
00000000
00000000
00000000
0000ABB2
00000000
00000000
00000000
00000000
00000000
00000000
00000000
0000ABB2
00000000
00000000
00000000
00000000
00000000
00000000
00000000
0000ABB2
00000000
00000000
00000000
00000000
00000000
00000000
00000000
0000ABB2
00000000
00000000
00000000
00000000
00000000
00000000
00000000
0000ABB2
00000000
00000000
00000000
00000000
00000000
00000000
00000000
0000ABB2
00000000
00000000
00000000
00000000
00000000
00000000
00000000
0000ABB2
00000000
00000000
00000000
00000000
00000000
00000000
00000000
0000ABB2
00000000
00000000
00000000
00000000
00000000
00000000
00000000
0000ABB2
00000000
00000000
00000000
00000000
00000000
00000000
00000000
0000ABB2
00000000
00000000
00000000
00000000
00000000
00000000
00000000
0000ABB2
00000000
00000000
00000000
00000000
00000000
00000000
00000000
0000ABB2
00000000
00000000
00000000
00000000
00000000
00000000
00000000
0000ABB2
00000000
00000000
00000000
00000000
00000000
00000000
00000000
0000ABB2
00000000
00000000
00000000
00000000
00000000
00000000
00000000
0000ABB2
00000000
00000000
00000000
00000000
00000000
00000000
00000000
0000ABB2
00000000
00000000
00000000
00000000
00000000
00000000
00000000
0000ABB2
00000000
00000000
00000000
00000000
00000000
00000000
00000000
0000ABB2
00000000
00000000
00000000
00000000
00000000
00000000
00000000
0000ABB2
00000000
00000000
00000000
00000000
00000000
00000000
00000000
0000ABB2
00000000
00000000
00000000
00000000
00000000
00000000
00000000
0000ABB2
00000000
00000000
00000000
00000000
00000000
00000000
00000000
0000ABB2
00000000
00000000
00000000
00000000
00000000
00000000
00000000
0000ABB2
00000000
00000000
00000000
00000000
00000000
00000000
00000000
0000ABB2
00000000
00000000
00000000
00000000
00000000
00000000
00000000
0000ABB2
00000000
00000000
00000000
00000000
00000000
00000000
00000000
0000ABB2
00000000
00000000
00000000
00000000
00000000
00000000
00000000
0000ABB2
00000000
00000000
00000000
00000000
00000000
00000000
00000000
0000ABB2
00000000
00000000
00000000
00000000
00000000
00000000
00000000
0000ABB2
00000000
00000000
00000000
00000000
00000000
00000000
00000000
0000ABB2
00000000
00000000
00000000
00000000
00000000
00000000
00000000
0000ABB2
00000000
00000000
00000000
00000000
00000000
00000000
00000000
0000ABB2
00000000
00000000
00000000
00000000
00000000
00000000
00000000
0000ABB2
00000000
00000000
00000000
00000000
00000000
00000000
00000000
0000ABB2
00000000
00000000
00000000
00000000
00000000
00000000
00000000
0000ABB2
00000000
00000000
00000000
00000000
00000000
00000000
00000000
0000ABB2
00000000
00000000
00000000
00000000
00000000
00000000
00000000
0000ABB2
00000000
00000000
00000000
00000000
00000000
00000000
00000000
0000ABB2
00000000
00000000
00000000
00000000
00000000
00000000
00000000
0000ABB2
00000000
00000000
00000000
00000000
00000000
00000000
00000000
0000ABB2
00000000
00000000
00000000
00000000
00000000
00000000
00000000
0000ABB2
00000000
00000000
00000000
00000000
00000000
00000000
00000000
0000ABB2
00000000
00000000
00000000
00000000
00000000
00000000
00000000
0000ABB2
00000000
00000000
00000000
00000000
00000000
00000000
00000000
0000ABB2
00000000
00000000
00000000
00000000
00000000
00000000
00000000
0000ABB2
00000000
00000000
00000000
00000000
00000000
00000000
00000000
0000ABB2
00000000
00000000
00000000
00000000
00000000
00000000
00000000
0000ABB2
00000000
00000000
00000000
00000000
00000000
00000000
00000000
0000ABB2
00000000
00000000
00000000
00000000
00000000
00000000
00000000
0000ABB2
00000000
00000000
00000000
00000000
00000000
00000000
00000000
0000ABB2
00000000
00000000
00000000
00000000
00000000
00000000
00000000
0000ABB2
00000000
00000000
00000000
00000000
00000000
00000000
00000000
0000ABB2
00000000
00000000
00000000
00000000
00000000
00000000
00000000
0000ABB2
00000000
00000000
00000000
00000000
00000000
00000000
00000000
0000ABB2
00000000
00000000
00000000
00000000
00000000
00000000
00000000
0000ABB2
00000000
00000000
00000000
00000000
00000000
00000000
00000000
0000ABB2
00000000
00000000
00000000
00000000
00000000
00000000
00000000
0000ABB2
00000000
00000000
00000000
00000000
00000000
00000000
00000000
0000ABB2
00000000
00000000
00000000
00000000
00000000
00000000
00000000
0000ABB2
00000000
00000000
00000000
00000000
00000000
00000000
00000000
0000ABB2
00000000
00000000
00000000
00000000
00000000
00000000
00000000
0000ABB2
00000000
00000000
00000000
00000000
00000000
00000000
00000000
0000ABB2
00000000
00000000
00000000
00000000
00000000
00000000
00000000
0000ABB2
00000000
00000000
00000000
00000000
00000000
00000000
00000000
0000ABB2
00000000
00000000
00000000
00000000
00000000
00000000
00000000
0000ABB2
00000000
00000000
00000000
00000000
00000000
00000000
00000000
0000ABB2
00000000
00000000
00000000
00000000
00000000
00000000
00000000
0000ABB2
00000000
00000000
00000000
00000000
00000000
00000000
00000000
0000ABB2
00000000
00000000
00000000
00000000
00000000
00000000
00000000
0000ABB2
00000000
00000000
00000000
00000000
00000000
00000000
00000000
0000ABB2
00000000
00000000
00000000
00000000
00000000
00000000
00000000
0000ABB2
00000000
00000000
00000000
00000000
00000000
00000000
00000000
0000ABB2
00000000
00000000
00000000
00000000
00000000
00000000
00000000
0000ABB2
00000000
00000000
00000000
00000000
00000000
00000000
00000000
0000ABB2
00000000
00000000
00000000
00000000
00000000
00000000
00000000
0000ABB2
00000000
00000000
00000000
00000000
00000000
00000000
00000000
0000ABB2
00000000
00000000
00000000
00000000
00000000
00000000
00000000
0000ABB2
00000000
00000000
00000000
00000000
00000000
00000000
00000000
0000ABB2
00000000
00000000
00000000
00000000
00000000
00000000
00000000
0000ABB2
00000000
00000000
00000000
00000000
00000000
00000000
00000000
0000ABB2
00000000
00000000
00000000
00000000
00000000
00000000
00000000
0000ABB2
00000000
00000000
00000000
00000000
00000000
00000000
00000000
0000ABB2
00000000
00000000
00000000
00000000
00000000
00000000
00000000
0000ABB2
00000000
00000000
00000000
00000000
00000000
00000000
00000000
0000ABB2
00000000
00000000
00000000
00000000
00000000
00000000
00000000
0000ABB2
00000000
00000000
00000000
00000000
00000000
00000000
00000000
0000ABB2
00000000
00000000
00000000
00000000
00000000
00000000
00000000
0000ABB2
00000000
00000000
00000000
00000000
00000000
00000000
00000000
0000ABB2
00000000
00000000
00000000
00000000
00000000
00000000
00000000
0000ABB2
00000000
00000000
00000000
00000000
00000000
00000000
00000000
0000ABB2
00000000
00000000
00000000
00000000
00000000
00000000
00000000
0000ABB2
00000000
00000000
00000000
00000000
00000000
00000000
00000000
0000ABB2
00000000
00000000
00000000
00000000
00000000
00000000
00000000
0000ABB2
00000000
00000000
00000000
00000000
00000000
00000000
00000000
0000ABB2
00000000
00000000
00000000
00000000
00000000
00000000
00000000
0000ABB2
00000000
00000000
00000000
00000000
00000000
00000000
00000000
0000ABB2
00000000
00000000
00000000
00000000
00000000
00000000
00000000
0000ABB2
00000000
00000000
00000000
00000000
00000000
00000000
00000000
0000ABB2
00000000
00000000
00000000
00000000
00000000
00000000
00000000
0000ABB2
00000000
00000000
00000000
00000000
00000000
00000000
00000000
0000ABB2
00000000
00000000
00000000
00000000
00000000
00000000
00000000
0000ABB2
00000000
00000000
00000000
00000000
00000000
00000000
00000000
0000ABB2
00000000
00000000
00000000
00000000
00000000
00000000
00000000
0000ABB2
00000000
00000000
00000000
00000000
00000000
00000000
00000000
0000ABB2
00000000
00000000
00000000
00000000
00000000
00000000
00000000
0000ABB2
00000000
00000000
00000000
00000000
00000000
00000000
00000000
0000ABB2
00000000
00000000
00000000
00000000
00000000
00000000
00000000
0000ABB2
00000000
00000000
00000000
00000000
00000000
00000000
00000000
0000ABB2
00000000
00000000
00000000
00000000
00000000
00000000
00000000
0000ABB2
00000000
00000000
00000000
00000000
00000000
00000000
00000000
0000ABB2
00000000
00000000
00000000
00000000
00000000
00000000
00000000
0000ABB2
00000000
00000000
00000000
00000000
00000000
00000000
00000000
0000ABB2
00000000
00000000
00000000
00000000
00000000
00000000
00000000
0000ABB2
00000000
00000000
00000000
00000000
00000000
00000000
00000000
0000ABB2
00000000
00000000
00000000
00000000
00000000
00000000
00000000
0000ABB2
00000000
00000000
00000000
00000000
00000000
00000000
00000000
0000ABB2
00000000
00000000
00000000
00000000
00000000
00000000
00000000
0000ABB2
00000000
00000000
00000000
00000000
00000000
00000000
00000000
0000ABB2
00000000
00000000
00000000
00000000
00000000
00000000
00000000
0000ABB2
00000000
00000000
00000000
00000000
00000000
00000000
00000000
0000ABB2
00000000
00000000
00000000
00000000
00000000
00000000
00000000
0000ABB2
00000000
00000000
00000000
00000000
00000000
00000000
00000000
0000ABB2
00000000
00000000
00000000
00000000
00000000
00000000
00000000
0000ABB2
00000000
00000000
00000000
00000000
00000000
00000000
00000000
0000ABB2
00000000
00000000
00000000
00000000
00000000
00000000
00000000
0000ABB2
00000000
00000000
00000000
00000000
00000000
00000000
00000000
0000ABB2
00000000
00000000
00000000
00000000
00000000
00000000
00000000
0000ABB2
00000000
00000000
00000000
00000000
00000000
00000000
00000000
0000ABB2
00000000
00000000
00000000
00000000
00000000
00000000
00000000
0000ABB2
00000000
00000000
00000000
00000000
00000000
00000000
00000000
0000ABB2
00000000
00000000
00000000
00000000
00000000
00000000
00000000
0000ABB2
00000000
00000000
00000000
00000000
00000000
00000000
00000000
0000ABB2
00000000
00000000
00000000
00000000
00000000
00000000
00000000
0000ABB2
00000000
00000000
00000000
00000000
00000000
00000000
00000000
0000ABB2
00000000
00000000
00000000
00000000
00000000
00000000
00000000
0000ABB2
00000000
00000000
00000000
00000000
00000000
00000000
00000000
0000ABB2
00000000
00000000
00000000
00000000
00000000
00000000
00000000
0000ABB2
00000000
00000000
00000000
00000000
00000000
00000000
00000000
0000ABB2
00000000
00000000
00000000
00000000
00000000
00000000
00000000
0000ABB2
00000000
00000000
00000000
00000000
00000000
00000000
00000000
0000ABB2
00000000
00000000
00000000
00000000
00000000
00000000
00000000
0000ABB2
00000000
00000000
00000000
00000000
00000000
00000000
00000000
0000ABB2
00000000
00000000
00000000
00000000
00000000
00000000
00000000
0000ABB2
00000000
00000000
00000000
00000000
00000000
00000000
00000000
0000ABB2
00000000
00000000
00000000
00000000
00000000
00000000
00000000
0000ABB2
00000000
00000000
00000000
00000000
00000000
00000000
00000000
0000ABB2
00000000
00000000
00000000
00000000
00000000
00000000
00000000
0000ABB2
00000000
00000000
00000000
00000000
00000000
00000000
00000000
0000ABB2
00000000
00000000
00000000
00000000
00000000
00000000
00000000
0000ABB2
00000000
00000000
00000000
00000000
00000000
00000000
00000000
0000ABB2
00000000
00000000
00000000
00000000
00000000
00000000
00000000
0000ABB2
00000000
00000000
00000000
00000000
00000000
00000000
00000000
0000ABB2
00000000
00000000
00000000
00000000
00000000
00000000
00000000
0000ABB2
00000000
00000000
00000000
00000000
00000000
00000000
00000000
0000ABB2
00000000
00000000
00000000
00000000
00000000
00000000
00000000
0000ABB2
00000000
00000000
00000000
00000000
00000000
00000000
00000000
0000ABB2
00000000
00000000
00000000
00000000
00000000
00000000
00000000
0000ABB2
00000000
00000000
00000000
00000000
00000000
00000000
00000000
0000ABB2
00000000
00000000
00000000
00000000
00000000
00000000
00000000
0000ABB2
00000000
00000000
00000000
00000000
00000000
00000000
00000000
0000ABB2
00000000
00000000
00000000
00000000
00000000
00000000
00000000
0000ABB2
00000000
00000000
00000000
00000000
00000000
00000000
00000000
0000ABB2
00000000
00000000
00000000
00000000
00000000
00000000
00000000
0000ABB2
00000000
00000000
00000000
00000000
00000000
00000000
00000000
0000ABB2
00000000
00000000
00000000
00000000
00000000
00000000
00000000
0000ABB2
00000000
00000000
00000000
00000000
00000000
00000000
00000000
0000ABB2
00000000
00000000
00000000
00000000
00000000
00000000
00000000
0000ABB2
00000000
00000000
00000000
00000000
00000000
00000000
00000000
0000ABB2
00000000
00000000
00000000
00000000
00000000
00000000
00000000
0000ABB2
00000000
00000000
00000000
00000000
00000000
00000000
00000000
0000ABB2
00000000
00000000
00000000
00000000
00000000
00000000
00000000
0000ABB2
00000000
00000000
00000000
00000000
00000000
00000000
00000000
0000ABB2
00000000
00000000
00000000
00000000
00000000
00000000
00000000
0000ABB2
00000000
00000000
00000000
00000000
00000000
00000000
00000000
0000ABB2
00000000
00000000
00000000
00000000
00000000
00000000
00000000
0000ABB2
00000000
00000000
00000000
00000000
00000000
00000000
00000000
0000ABB2
00000000
00000000
00000000
00000000
00000000
00000000
00000000
0000ABB2
00000000
00000000
00000000
00000000
00000000
00000000
00000000
0000ABB2
00000000
00000000
00000000
00000000
00000000
00000000
00000000
0000ABB2
00000000
00000000
00000000
00000000
00000000
00000000
00000000
0000ABB2
00000000
00000000
00000000
00000000
00000000
00000000
00000000
0000ABB2
00000000
00000000
00000000
00000000
00000000
00000000
00000000
0000ABB2
00000000
00000000
00000000
00000000
00000000
00000000
00000000
0000ABB2
00000000
00000000
00000000
00000000
00000000
00000000
00000000
0000ABB2
00000000
00000000
00000000
00000000
00000000
00000000
00000000
0000ABB2
00000000
00000000
00000000
00000000
00000000
00000000
00000000
0000ABB2
00000000
00000000
00000000
00000000
00000000
00000000
00000000
0000ABB2
00000000
00000000
00000000
00000000
00000000
00000000
00000000
0000ABB2
00000000
00000000
00000000
00000000
00000000
00000000
00000000
0000ABB2
00000000
00000000
00000000
00000000
00000000
00000000
00000000
0000ABB2
00000000
00000000
00000000
00000000
00000000
00000000
00000000
0000ABB2
00000000
00000000
00000000
00000000
00000000
00000000
00000000
0000ABB2
00000000
00000000
00000000
00000000
00000000
00000000
00000000
0000ABB2
00000000
00000000
00000000
00000000
00000000
00000000
00000000
0000ABB2
00000000
00000000
00000000
00000000
00000000
00000000
00000000
0000ABB2
00000000
00000000
00000000
00000000
00000000
00000000
00000000
0000ABB2
00000000
00000000
00000000
00000000
00000000
00000000
00000000
0000ABB2
00000000
00000000
00000000
00000000
00000000
00000000
00000000
0000ABB2
00000000
00000000
00000000
00000000
00000000
00000000
00000000
0000ABB2
00000000
00000000
00000000
00000000
00000000
00000000
00000000
0000ABB2
00000000
00000000
00000000
00000000
00000000
00000000
00000000
0000ABB2
00000000
00000000
00000000
00000000
00000000
00000000
00000000
0000ABB2
00000000
00000000
00000000
00000000
00000000
00000000
00000000
0000ABB2
00000000
00000000
00000000
00000000
00000000
00000000
00000000
0000ABB2
00000000
00000000
00000000
00000000
00000000
00000000
00000000
0000ABB2
00000000
00000000
00000000
00000000
00000000
00000000
00000000
0000ABB2
00000000
00000000
00000000
00000000
00000000
00000000
00000000
0000ABB2
00000000
00000000
00000000
00000000
00000000
00000000
00000000
0000ABB2
00000000
00000000
00000000
00000000
00000000
00000000
00000000
0000ABB2
00000000
00000000
00000000
00000000
00000000
00000000
00000000
0000ABB2
00000000
00000000
00000000
00000000
00000000
00000000
00000000
0000ABB2
00000000
00000000
00000000
00000000
00000000
00000000
00000000
0000ABB2
00000000
00000000
00000000
00000000
00000000
00000000
00000000
0000ABB2
00000000
00000000
00000000
00000000
00000000
00000000
00000000
0000ABB2
00000000
00000000
00000000
00000000
00000000
00000000
00000000
0000ABB2
00000000
00000000
00000000
00000000
00000000
00000000
00000000
0000ABB2
00000000
00000000
00000000
00000000
00000000
00000000
00000000
0000ABB2
00000000
00000000
00000000
00000000
00000000
00000000
00000000
0000ABB2
00000000
00000000
00000000
00000000
00000000
00000000
00000000
0000ABB2
00000000
00000000
00000000
00000000
00000000
00000000
00000000
0000ABB2
00000000
00000000
00000000
00000000
00000000
00000000
00000000
0000ABB2
00000000
00000000
00000000
00000000
00000000
00000000
00000000
0000ABB2
00000000
00000000
00000000
00000000
00000000
00000000
00000000
0000ABB2
00000000
00000000
00000000
00000000
00000000
00000000
00000000
0000ABB2
00000000
00000000
00000000
00000000
00000000
00000000
00000000
0000ABB2
00000000
00000000
00000000
00000000
00000000
00000000
00000000
0000ABB2
00000000
00000000
00000000
00000000
00000000
00000000
00000000
0000ABB2
00000000
00000000
00000000
00000000
00000000
00000000
00000000
0000ABB2
00000000
00000000
00000000
00000000
00000000
00000000
00000000
0000ABB2
00000000
00000000
00000000
00000000
00000000
00000000
00000000
0000ABB2
00000000
00000000
00000000
00000000
00000000
00000000
00000000
0000ABB2
00000000
00000000
00000000
00000000
00000000
00000000
00000000
0000ABB2
00000000
00000000
00000000
00000000
00000000
00000000
00000000
0000ABB2
00000000
00000000
00000000
00000000
00000000
00000000
00000000
0000ABB2
00000000
00000000
00000000
00000000
00000000
00000000
00000000
0000ABB2
00000000
00000000
00000000
00000000
00000000
00000000
00000000
0000ABB2
00000000
00000000
00000000
00000000
00000000
00000000
00000000
0000ABB2
00000000
00000000
00000000
00000000
00000000
00000000
00000000
0000ABB2
00000000
00000000
00000000
00000000
00000000
00000000
00000000
0000ABB2
00000000
00000000
00000000
00000000
00000000
00000000
00000000
0000ABB2
00000000
00000000
00000000
00000000
00000000
00000000
00000000
0000ABB2
00000000
00000000
00000000
00000000
00000000
00000000
00000000
0000ABB2
00000000
00000000
00000000
00000000
00000000
00000000
00000000
0000ABB2
00000000
00000000
00000000
00000000
00000000
00000000
00000000
0000ABB2
00000000
00000000
00000000
00000000
00000000
00000000
00000000
0000ABB2
00000000
00000000
00000000
00000000
00000000
00000000
00000000
0000ABB2
00000000
00000000
00000000
00000000
00000000
00000000
00000000
0000ABB2
00000000
00000000
00000000
00000000
00000000
00000000
00000000
0000ABB2
00000000
00000000
00000000
00000000
00000000
00000000
00000000
0000ABB2
00000000
00000000
00000000
00000000
00000000
00000000
00000000
0000ABB2
00000000
00000000
00000000
00000000
00000000
00000000
00000000
0000ABB2
00000000
00000000
00000000
00000000
00000000
00000000
00000000
0000ABB2
00000000
00000000
00000000
00000000
00000000
00000000
00000000
0000ABB2
00000000
00000000
00000000
00000000
00000000
00000000
00000000
0000ABB2
00000000
00000000
00000000
00000000
00000000
00000000
00000000
0000ABB2
00000000
00000000
00000000
00000000
00000000
00000000
00000000
0000ABB2
00000000
00000000
00000000
00000000
00000000
00000000
00000000
0000ABB2
00000000
00000000
00000000
00000000
00000000
00000000
00000000
0000ABB2
00000000
00000000
00000000
00000000
00000000
00000000
00000000
0000ABB2
00000000
00000000
00000000
00000000
00000000
00000000
00000000
0000ABB2
00000000
00000000
00000000
00000000
00000000
00000000
00000000
0000ABB2
00000000
00000000
00000000
00000000
00000000
00000000
00000000
0000ABB2
00000000
00000000
00000000
00000000
00000000
00000000
00000000
0000ABB2
00000000
00000000
00000000
00000000
00000000
00000000
00000000
0000ABB2
00000000
00000000
00000000
00000000
00000000
00000000
00000000
0000ABB2
00000000
00000000
00000000
00000000
00000000
00000000
00000000
0000ABB2
00000000
00000000
00000000
00000000
00000000
00000000
00000000
0000ABB2
00000000
00000000
00000000
00000000
00000000
00000000
00000000
0000ABB2
00000000
00000000
00000000
00000000
00000000
00000000
00000000
0000ABB2
00000000
00000000
00000000
00000000
00000000
00000000
00000000
0000ABB2
00000000
00000000
00000000
00000000
00000000
00000000
00000000
0000ABB2
00000000
00000000
00000000
00000000
00000000
00000000
00000000
0000ABB2
00000000
00000000
00000000
00000000
00000000
00000000
00000000
0000ABB2
00000000
00000000
00000000
00000000
00000000
00000000
00000000
0000ABB2
00000000
00000000
00000000
00000000
00000000
00000000
00000000
0000ABB2
00000000
00000000
00000000
00000000
00000000
00000000
00000000
0000ABB2
00000000
00000000
00000000
00000000
00000000
00000000
00000000
0000ABB2
00000000
00000000
00000000
00000000
00000000
00000000
00000000
0000ABB2
00000000
00000000
00000000
00000000
00000000
00000000
00000000
0000ABB2
00000000
00000000
00000000
00000000
00000000
00000000
00000000
0000ABB2
00000000
00000000
00000000
00000000
00000000
00000000
00000000
0000ABB2
00000000
00000000
00000000
00000000
00000000
00000000
00000000
0000ABB2
00000000
00000000
00000000
00000000
00000000
00000000
00000000
0000ABB2
00000000
00000000
00000000
00000000
00000000
00000000
00000000
0000ABB2
00000000
00000000
00000000
00000000
00000000
00000000
00000000
0000ABB2
00000000
00000000
00000000
00000000
00000000
00000000
00000000
0000ABB2
00000000
00000000
00000000
00000000
00000000
00000000
00000000
0000ABB2
00000000
00000000
00000000
00000000
00000000
00000000
00000000
0000ABB2
00000000
00000000
00000000
00000000
00000000
00000000
00000000
0000ABB2
00000000
00000000
00000000
00000000
00000000
00000000
00000000
0000ABB2
00000000
00000000
00000000
00000000
00000000
00000000
00000000
0000ABB2
00000000
00000000
00000000
00000000
00000000
00000000
00000000
0000ABB2
00000000
00000000
00000000
00000000
00000000
00000000
00000000
0000ABB2
00000000
00000000
00000000
00000000
00000000
00000000
00000000
0000ABB2
00000000
00000000
00000000
00000000
00000000
00000000
00000000
0000ABB2
00000000
00000000
00000000
00000000
00000000
00000000
00000000
0000ABB2
00000000
00000000
00000000
00000000
00000000
00000000
00000000
0000ABB2
00000000
00000000
00000000
00000000
00000000
00000000
00000000
0000ABB2
00000000
00000000
00000000
00000000
00000000
00000000
00000000
0000ABB2
00000000
00000000
00000000
00000000
00000000
00000000
00000000
0000ABB2
00000000
00000000
00000000
00000000
00000000
00000000
00000000
0000ABB2
00000000
00000000
00000000
00000000
00000000
00000000
00000000
0000ABB2
00000000
00000000
00000000
00000000
00000000
00000000
00000000
0000ABB2
00000000
00000000
00000000
00000000
00000000
00000000
00000000
0000ABB2
00000000
00000000
00000000
00000000
00000000
00000000
00000000
0000ABB2
00000000
00000000
00000000
00000000
00000000
00000000
00000000
0000ABB2
00000000
00000000
00000000
00000000
00000000
00000000
00000000
0000ABB2
00000000
00000000
00000000
00000000
00000000
00000000
00000000
0000ABB2
00000000
00000000
00000000
00000000
00000000
00000000
00000000
0000ABB2
00000000
00000000
00000000
00000000
00000000
00000000
00000000
0000ABB2
00000000
00000000
00000000
00000000
00000000
00000000
00000000
0000ABB2
00000000
00000000
00000000
00000000
00000000
00000000
00000000
0000ABB2
00000000
00000000
00000000
00000000
00000000
00000000
00000000
0000ABB2
00000000
00000000
00000000
00000000
00000000
00000000
00000000
0000ABB2
00000000
00000000
00000000
00000000
00000000
00000000
00000000
0000ABB2
00000000
00000000
00000000
00000000
00000000
00000000
00000000
0000ABB2
00000000
00000000
00000000
00000000
00000000
00000000
00000000
0000ABB2
00000000
00000000
00000000
00000000
00000000
00000000
00000000
0000ABB2
00000000
00000000
00000000
00000000
00000000
00000000
00000000
0000ABB2
00000000
00000000
00000000
00000000
00000000
00000000
00000000
0000ABB2
00000000
00000000
00000000
00000000
00000000
00000000
00000000
0000ABB2
00000000
00000000
00000000
00000000
00000000
00000000
00000000
0000ABB2
00000000
00000000
00000000
00000000
00000000
00000000
00000000
0000ABB2
00000000
00000000
00000000
00000000
00000000
00000000
00000000
0000ABB2
00000000
00000000
00000000
00000000
00000000
00000000
00000000
0000ABB2
00000000
00000000
00000000
00000000
00000000
00000000
00000000
0000ABB2
00000000
00000000
00000000
00000000
00000000
00000000
00000000
0000ABB2
00000000
00000000
00000000
00000000
00000000
00000000
00000000
0000ABB2
00000000
00000000
00000000
00000000
00000000
00000000
00000000
0000ABB2
00000000
00000000
00000000
00000000
00000000
00000000
00000000
0000ABB2
00000000
00000000
00000000
00000000
00000000
00000000
00000000
0000ABB2
00000000
00000000
00000000
00000000
00000000
00000000
00000000
0000ABB2
00000000
00000000
00000000
00000000
00000000
00000000
00000000
0000ABB2
00000000
00000000
00000000
00000000
00000000
00000000
00000000
0000ABB2
00000000
00000000
00000000
00000000
00000000
00000000
00000000
0000ABB2
00000000
00000000
00000000
00000000
00000000
00000000
00000000
0000ABB2
00000000
00000000
00000000
00000000
00000000
00000000
00000000
0000ABB2
00000000
00000000
00000000
00000000
00000000
00000000
00000000
0000ABB2
00000000
00000000
00000000
00000000
00000000
00000000
00000000
0000ABB2
00000000
00000000
00000000
00000000
00000000
00000000
00000000
0000ABB2
00000000
00000000
00000000
00000000
00000000
00000000
00000000
0000ABB2
00000000
00000000
00000000
00000000
00000000
00000000
00000000
0000ABB2
00000000
00000000
00000000
00000000
00000000
00000000
00000000
0000ABB2
00000000
00000000
00000000
00000000
00000000
00000000
00000000
0000ABB2
00000000
00000000
00000000
00000000
00000000
00000000
00000000
0000ABB2
00000000
00000000
00000000
00000000
00000000
00000000
00000000
0000ABB2
00000000
00000000
00000000
00000000
00000000
00000000
00000000
0000ABB2
00000000
00000000
00000000
00000000
00000000
00000000
00000000
0000ABB2
00000000
00000000
00000000
00000000
00000000
00000000
00000000
0000ABB2
00000000
00000000
00000000
00000000
00000000
00000000
00000000
0000ABB2
00000000
00000000
00000000
00000000
00000000
00000000
00000000
0000ABB2
00000000
00000000
00000000
00000000
00000000
00000000
00000000
0000ABB2
00000000
00000000
00000000
00000000
00000000
00000000
00000000
0000ABB2
00000000
00000000
00000000
00000000
00000000
00000000
00000000
0000ABB2
00000000
00000000
00000000
00000000
00000000
00000000
00000000
0000ABB2
00000000
00000000
00000000
00000000
00000000
00000000
00000000
0000ABB2
00000000
00000000
00000000
00000000
00000000
00000000
00000000
0000ABB2
00000000
00000000
00000000
00000000
00000000
00000000
00000000
0000ABB2
00000000
00000000
00000000
00000000
00000000
00000000
00000000
0000ABB2
00000000
00000000
00000000
00000000
00000000
00000000
00000000
0000ABB2
00000000
00000000
00000000
00000000
00000000
00000000
00000000
0000ABB2
00000000
00000000
00000000
00000000
00000000
00000000
00000000
0000ABB2
00000000
00000000
00000000
00000000
00000000
00000000
00000000
0000ABB2
00000000
00000000
00000000
00000000
00000000
00000000
00000000
0000ABB2
00000000
00000000
00000000
00000000
00000000
00000000
00000000
0000ABB2
00000000
00000000
00000000
00000000
00000000
00000000
00000000
0000ABB2
00000000
00000000
00000000
00000000
00000000
00000000
00000000
0000ABB2
00000000
00000000
00000000
00000000
00000000
00000000
00000000
0000ABB2
00000000
00000000
00000000
00000000
00000000
00000000
00000000
0000ABB2
00000000
00000000
00000000
00000000
00000000
00000000
00000000
0000ABB2
00000000
00000000
00000000
00000000
00000000
00000000
00000000
0000ABB2
00000000
00000000
00000000
00000000
00000000
00000000
00000000
0000ABB2
00000000
00000000
00000000
00000000
00000000
00000000
00000000
0000ABB2
00000000
00000000
00000000
00000000
00000000
00000000
00000000
0000ABB2
00000000
00000000
00000000
00000000
00000000
00000000
00000000
0000ABB2
00000000
00000000
00000000
00000000
00000000
00000000
00000000
0000ABB2
00000000
00000000
00000000
00000000
00000000
00000000
00000000
0000ABB2
00000000
00000000
00000000
00000000
00000000
00000000
00000000
0000ABB2
00000000
00000000
00000000
00000000
00000000
00000000
00000000
0000ABB2
00000000
00000000
00000000
00000000
00000000
00000000
00000000
0000ABB2
00000000
00000000
00000000
00000000
00000000
00000000
00000000
0000ABB2
00000000
00000000
00000000
00000000
00000000
00000000
00000000
0000ABB2
00000000
00000000
00000000
00000000
00000000
00000000
00000000
0000ABB2
00000000
00000000
00000000
00000000
00000000
00000000
00000000
0000ABB2
00000000
00000000
00000000
00000000
00000000
00000000
00000000
0000ABB2
00000000
00000000
00000000
00000000
00000000
00000000
00000000
0000ABB2
00000000
00000000
00000000
00000000
00000000
00000000
00000000
0000ABB2
00000000
00000000
00000000
00000000
00000000
00000000
00000000
0000ABB2
00000000
00000000
00000000
00000000
00000000
00000000
00000000
0000ABB2
00000000
00000000
00000000
00000000
00000000
00000000
00000000
0000ABB2
00000000
00000000
00000000
00000000
00000000
00000000
00000000
0000ABB2
00000000
00000000
00000000
00000000
00000000
00000000
00000000
0000ABB2
00000000
00000000
00000000
00000000
00000000
00000000
00000000
0000ABB2
00000000
00000000
00000000
00000000
00000000
00000000
00000000
0000ABB2
00000000
00000000
00000000
00000000
00000000
00000000
00000000
0000ABB2
00000000
00000000
00000000
00000000
00000000
00000000
00000000
0000ABB2
00000000
00000000
00000000
00000000
00000000
00000000
00000000
0000ABB2
00000000
00000000
00000000
00000000
00000000
00000000
00000000
0000ABB2
00000000
00000000
00000000
00000000
00000000
00000000
00000000
0000ABB2
00000000
00000000
00000000
00000000
00000000
00000000
00000000
0000ABB2
00000000
00000000
00000000
00000000
00000000
00000000
00000000
0000ABB2
00000000
00000000
00000000
00000000
00000000
00000000
00000000
0000ABB2
00000000
00000000
00000000
00000000
00000000
00000000
00000000
0000ABB2
00000000
00000000
00000000
00000000
00000000
00000000
00000000
0000ABB2
00000000
00000000
00000000
00000000
00000000
00000000
00000000
0000ABB2
00000000
00000000
00000000
00000000
00000000
00000000
00000000
0000ABB2
00000000
00000000
00000000
00000000
00000000
00000000
00000000
0000ABB2
00000000
00000000
00000000
00000000
00000000
00000000
00000000
0000ABB2
00000000
00000000
00000000
00000000
00000000
00000000
00000000
0000ABB2
00000000
00000000
00000000
00000000
00000000
00000000
00000000
0000ABB2
00000000
00000000
00000000
00000000
00000000
00000000
00000000
0000ABB2
00000000
00000000
00000000
00000000
00000000
00000000
00000000
0000ABB2
00000000
00000000
00000000
00000000
00000000
00000000
00000000
0000ABB2
00000000
00000000
00000000
00000000
00000000
00000000
00000000
0000ABB2
00000000
00000000
00000000
00000000
00000000
00000000
00000000
0000ABB2
00000000
00000000
00000000
00000000
00000000
00000000
00000000
0000ABB2
00000000
00000000
00000000
00000000
00000000
00000000
00000000
0000ABB2
00000000
00000000
00000000
00000000
00000000
00000000
00000000
0000ABB2
00000000
00000000
00000000
00000000
00000000
00000000
00000000
0000ABB2
00000000
00000000
00000000
00000000
00000000
00000000
00000000
0000ABB2
00000000
00000000
00000000
00000000
00000000
00000000
00000000
0000ABB2
00000000
00000000
00000000
00000000
00000000
00000000
00000000
0000ABB2
00000000
00000000
00000000
00000000
00000000
00000000
00000000
0000ABB2
00000000
00000000
00000000
00000000
00000000
00000000
00000000
0000ABB2
00000000
00000000
00000000
00000000
00000000
00000000
00000000
0000ABB2
00000000
00000000
00000000
00000000
00000000
00000000
00000000
0000ABB2
00000000
00000000
00000000
00000000
00000000
00000000
00000000
0000ABB2
00000000
00000000
00000000
00000000
00000000
00000000
00000000
0000ABB2
00000000
00000000
00000000
00000000
00000000
00000000
00000000
0000ABB2
00000000
00000000
00000000
00000000
00000000
00000000
00000000
0000ABB2
00000000
00000000
00000000
00000000
00000000
00000000
00000000
0000ABB2
00000000
00000000
00000000
00000000
00000000
00000000
00000000
0000ABB2
00000000
00000000
00000000
00000000
00000000
00000000
00000000
0000ABB2
00000000
00000000
00000000
00000000
00000000
00000000
00000000
0000ABB2
00000000
00000000
00000000
00000000
00000000
00000000
00000000
0000ABB2
00000000
00000000
00000000
00000000
00000000
00000000
00000000
0000ABB2
00000000
00000000
00000000
00000000
00000000
00000000
00000000
0000ABB2
00000000
00000000
00000000
00000000
00000000
00000000
00000000
0000ABB2
00000000
00000000
00000000
00000000
00000000
00000000
00000000
0000ABB2
00000000
00000000
00000000
00000000
00000000
00000000
00000000
0000ABB2
00000000
00000000
00000000
00000000
00000000
00000000
00000000
0000ABB2
00000000
00000000
00000000
00000000
00000000
00000000
00000000
0000ABB2
00000000
00000000
00000000
00000000
00000000
00000000
00000000
0000ABB2
00000000
00000000
00000000
00000000
00000000
00000000
00000000
0000ABB2
00000000
00000000
00000000
00000000
00000000
00000000
00000000
0000ABB2
00000000
00000000
00000000
00000000
00000000
00000000
00000000
0000ABB2
00000000
00000000
00000000
00000000
00000000
00000000
00000000
0000ABB2
00000000
00000000
00000000
00000000
00000000
00000000
00000000
0000ABB2
00000000
00000000
00000000
00000000
00000000
00000000
00000000
0000ABB2
00000000
00000000
00000000
00000000
00000000
00000000
00000000
0000ABB2
00000000
00000000
00000000
00000000
00000000
00000000
00000000
0000ABB2
00000000
00000000
00000000
00000000
00000000
00000000
00000000
0000ABB2
00000000
00000000
00000000
00000000
00000000
00000000
00000000
0000ABB2
00000000
00000000
00000000
00000000
00000000
00000000
00000000
0000ABB2
00000000
00000000
00000000
00000000
00000000
00000000
00000000
0000ABB2
00000000
00000000
00000000
00000000
00000000
00000000
00000000
0000ABB2
00000000
00000000
00000000
00000000
00000000
00000000
00000000
0000ABB2
00000000
00000000
00000000
00000000
00000000
00000000
00000000
0000ABB2
00000000
00000000
00000000
00000000
00000000
00000000
00000000
0000ABB2
00000000
00000000
00000000
00000000
00000000
00000000
00000000
0000ABB2
00000000
00000000
00000000
00000000
00000000
00000000
00000000
0000ABB2
00000000
00000000
00000000
00000000
00000000
00000000
00000000
0000ABB2
00000000
00000000
00000000
00000000
00000000
00000000
00000000
0000ABB2
00000000
00000000
00000000
00000000
00000000
00000000
00000000
0000ABB2
00000000
00000000
00000000
00000000
00000000
00000000
00000000
0000ABB2
00000000
00000000
00000000
00000000
00000000
00000000
00000000
0000ABB2
00000000
00000000
00000000
00000000
00000000
00000000
00000000
0000ABB2
00000000
00000000
00000000
00000000
00000000
00000000
00000000
0000ABB2
00000000
00000000
00000000
00000000
00000000
00000000
00000000
0000ABB2
00000000
00000000
00000000
00000000
00000000
00000000
00000000
0000ABB2
00000000
00000000
00000000
00000000
00000000
00000000
00000000
0000ABB2
00000000
00000000
00000000
00000000
00000000
00000000
00000000
0000ABB2
00000000
00000000
00000000
00000000
00000000
00000000
00000000
0000ABB2
00000000
00000000
00000000
00000000
00000000
00000000
00000000
0000ABB2
00000000
00000000
00000000
00000000
00000000
00000000
00000000
0000ABB2
00000000
00000000
00000000
00000000
00000000
00000000
00000000
0000ABB2
00000000
00000000
00000000
00000000
00000000
00000000
00000000
0000ABB2
00000000
00000000
00000000
00000000
00000000
00000000
00000000
0000ABB2
00000000
00000000
00000000
00000000
00000000
00000000
00000000
0000ABB2
00000000
00000000
00000000
00000000
00000000
00000000
00000000
0000ABB2
00000000
00000000
00000000
00000000
00000000
00000000
00000000
0000ABB2
00000000
00000000
00000000
00000000
00000000
00000000
00000000
0000ABB2
00000000
00000000
00000000
00000000
00000000
00000000
00000000
0000ABB2
00000000
00000000
00000000
00000000
00000000
00000000
00000000
0000ABB2
00000000
00000000
00000000
00000000
00000000
00000000
00000000
0000ABB2
00000000
00000000
00000000
00000000
00000000
00000000
00000000
0000ABB2
00000000
00000000
00000000
00000000
00000000
00000000
00000000
0000ABB2
00000000
00000000
00000000
00000000
00000000
00000000
00000000
0000ABB2
00000000
00000000
00000000
00000000
00000000
00000000
00000000
0000ABB2
00000000
00000000
00000000
00000000
00000000
00000000
00000000
0000ABB2
00000000
00000000
00000000
00000000
00000000
00000000
00000000
0000ABB2
00000000
00000000
00000000
00000000
00000000
00000000
00000000
0000ABB2
00000000
00000000
00000000
00000000
00000000
00000000
00000000
0000ABB2
00000000
00000000
00000000
00000000
00000000
00000000
00000000
0000ABB2
00000000
00000000
00000000
00000000
00000000
00000000
00000000
0000ABB2
00000000
00000000
00000000
00000000
00000000
00000000
00000000
0000ABB2
00000000
00000000
00000000
00000000
00000000
00000000
00000000
0000ABB2
00000000
00000000
00000000
00000000
00000000
00000000
00000000
0000ABB2
00000000
00000000
00000000
00000000
00000000
00000000
00000000
0000ABB2
00000000
00000000
00000000
00000000
00000000
00000000
00000000
0000ABB2
00000000
00000000
00000000
00000000
00000000
00000000
00000000
0000ABB2
00000000
00000000
00000000
00000000
00000000
00000000
00000000
0000ABB2
00000000
00000000
00000000
00000000
00000000
00000000
00000000
0000ABB2
00000000
00000000
00000000
00000000
00000000
00000000
00000000
0000ABB2
00000000
00000000
00000000
00000000
00000000
00000000
00000000
0000ABB2
00000000
00000000
00000000
00000000
00000000
00000000
00000000
0000ABB2
00000000
00000000
00000000
00000000
00000000
00000000
00000000
0000ABB2
00000000
00000000
00000000
00000000
00000000
00000000
00000000
0000ABB2
00000000
00000000
00000000
00000000
00000000
00000000
00000000
0000ABB2
00000000
00000000
00000000
00000000
00000000
00000000
00000000
0000ABB2
00000000
00000000
00000000
00000000
00000000
00000000
00000000
0000ABB2
00000000
00000000
00000000
00000000
00000000
00000000
00000000
0000ABB2
00000000
00000000
00000000
00000000
00000000
00000000
00000000
0000ABB2
00000000
00000000
00000000
00000000
00000000
00000000
00000000
0000ABB2
00000000
00000000
00000000
00000000
00000000
00000000
00000000
0000ABB2
00000000
00000000
00000000
00000000
00000000
00000000
00000000
0000ABB2
00000000
00000000
00000000
00000000
00000000
00000000
00000000
0000ABB2
00000000
00000000
00000000
00000000
00000000
00000000
00000000
0000ABB2
00000000
00000000
00000000
00000000
00000000
00000000
00000000
0000ABB2
00000000
00000000
00000000
00000000
00000000
00000000
00000000
0000ABB2
00000000
00000000
00000000
00000000
00000000
00000000
00000000
0000ABB2
00000000
00000000
00000000
00000000
00000000
00000000
00000000
0000ABB2
00000000
00000000
00000000
00000000
00000000
00000000
00000000
0000ABB2
00000000
00000000
00000000
00000000
00000000
00000000
00000000
0000ABB2
00000000
00000000
00000000
00000000
00000000
00000000
00000000
0000ABB2
00000000
00000000
00000000
00000000
00000000
00000000
00000000
0000ABB2
00000000
00000000
00000000
00000000
00000000
00000000
00000000
0000ABB2
00000000
00000000
00000000
00000000
00000000
00000000
00000000
0000ABB2
00000000
00000000
00000000
00000000
00000000
00000000
00000000
0000ABB2
00000000
00000000
00000000
00000000
00000000
00000000
00000000
0000ABB2
00000000
00000000
00000000
00000000
00000000
00000000
00000000
0000ABB2
00000000
00000000
00000000
00000000
00000000
00000000
00000000
0000ABB2
00000000
00000000
00000000
00000000
00000000
00000000
00000000
0000ABB2
00000000
00000000
00000000
00000000
00000000
00000000
00000000
0000ABB2
00000000
00000000
00000000
00000000
00000000
00000000
00000000
0000ABB2
00000000
00000000
00000000
00000000
00000000
00000000
00000000
0000ABB2
00000000
00000000
00000000
00000000
00000000
00000000
00000000
0000ABB2
00000000
00000000
00000000
00000000
00000000
00000000
00000000
0000ABB2
00000000
00000000
00000000
00000000
00000000
00000000
00000000
0000ABB2
00000000
00000000
00000000
00000000
00000000
00000000
00000000
0000ABB2
00000000
00000000
00000000
00000000
00000000
00000000
00000000
0000ABB2
00000000
00000000
00000000
00000000
00000000
00000000
00000000
0000ABB2
00000000
00000000
00000000
00000000
00000000
00000000
00000000
0000ABB2
00000000
00000000
00000000
00000000
00000000
00000000
00000000
0000ABB2
00000000
00000000
00000000
00000000
00000000
00000000
00000000
0000ABB2
00000000
00000000
00000000
00000000
00000000
00000000
00000000
0000ABB2
00000000
00000000
00000000
00000000
00000000
00000000
00000000
0000ABB2
00000000
00000000
00000000
00000000
00000000
00000000
00000000
0000ABB2
00000000
00000000
00000000
00000000
00000000
00000000
00000000
0000ABB2
00000000
00000000
00000000
00000000
00000000
00000000
00000000
0000ABB2
00000000
00000000
00000000
00000000
00000000
00000000
00000000
0000ABB2
00000000
00000000
00000000
00000000
00000000
00000000
00000000
0000ABB2
00000000
00000000
00000000
00000000
00000000
00000000
00000000
0000ABB2
00000000
00000000
00000000
00000000
00000000
00000000
00000000
0000ABB2
00000000
00000000
00000000
00000000
00000000
00000000
00000000
0000ABB2
00000000
00000000
00000000
00000000
00000000
00000000
00000000
0000ABB2
00000000
00000000
00000000
00000000
00000000
00000000
00000000
0000ABB2
00000000
00000000
00000000
00000000
00000000
00000000
00000000
0000ABB2
00000000
00000000
00000000
00000000
00000000
00000000
00000000
0000ABB2
00000000
00000000
00000000
00000000
00000000
00000000
00000000
0000ABB2
00000000
00000000
00000000
00000000
00000000
00000000
00000000
0000ABB2
00000000
00000000
00000000
00000000
00000000
00000000
00000000
0000ABB2
00000000
00000000
00000000
00000000
00000000
00000000
00000000
0000ABB2
00000000
00000000
00000000
00000000
00000000
00000000
00000000
0000ABB2
00000000
00000000
00000000
00000000
00000000
00000000
00000000
0000ABB2
00000000
00000000
00000000
00000000
00000000
00000000
00000000
0000ABB2
00000000
00000000
00000000
00000000
00000000
00000000
00000000
0000ABB2
00000000
00000000
00000000
00000000
00000000
00000000
00000000
0000ABB2
00000000
00000000
00000000
00000000
00000000
00000000
00000000
0000ABB2
00000000
00000000
00000000
00000000
00000000
00000000
00000000
0000ABB2
00000000
00000000
00000000
00000000
00000000
00000000
00000000
0000ABB2
00000000
00000000
00000000
00000000
00000000
00000000
00000000
0000ABB2
00000000
00000000
00000000
00000000
00000000
00000000
00000000
0000ABB2
00000000
00000000
00000000
00000000
00000000
00000000
00000000
0000ABB2
00000000
00000000
00000000
00000000
00000000
00000000
00000000
0000ABB2
00000000
00000000
00000000
00000000
00000000
00000000
00000000
0000ABB2
00000000
00000000
00000000
00000000
00000000
00000000
00000000
0000ABB2
00000000
00000000
00000000
00000000
00000000
00000000
00000000
0000ABB2
00000000
00000000
00000000
00000000
00000000
00000000
00000000
0000ABB2
00000000
00000000
00000000
00000000
00000000
00000000
00000000
0000ABB2
00000000
00000000
00000000
00000000
00000000
00000000
00000000
0000ABB2
00000000
00000000
00000000
00000000
00000000
00000000
00000000
0000ABB2
00000000
00000000
00000000
00000000
00000000
00000000
00000000
0000ABB2
00000000
00000000
00000000
00000000
00000000
00000000
00000000
0000ABB2
00000000
00000000
00000000
00000000
00000000
00000000
00000000
0000ABB2
00000000
00000000
00000000
00000000
00000000
00000000
00000000
0000ABB2
00000000
00000000
00000000
00000000
00000000
00000000
00000000
0000ABB2
00000000
00000000
00000000
00000000
00000000
00000000
00000000
0000ABB2
00000000
00000000
00000000
00000000
00000000
00000000
00000000
0000ABB2
00000000
00000000
00000000
00000000
00000000
00000000
00000000
0000ABB2
00000000
00000000
00000000
00000000
00000000
00000000
00000000
0000ABB2
00000000
00000000
00000000
00000000
00000000
00000000
00000000
0000ABB2
00000000
00000000
00000000
00000000
00000000
00000000
00000000
0000ABB2
00000000
00000000
00000000
00000000
00000000
00000000
00000000
0000ABB2
00000000
00000000
00000000
00000000
00000000
00000000
00000000
0000ABB2
00000000
00000000
00000000
00000000
00000000
00000000
00000000
0000ABB2
00000000
00000000
00000000
00000000
00000000
00000000
00000000
0000ABB2
00000000
00000000
00000000
00000000
00000000
00000000
00000000
0000ABB2
00000000
00000000
00000000
00000000
00000000
00000000
00000000
0000ABB2
00000000
00000000
00000000
00000000
00000000
00000000
00000000
0000ABB2
00000000
00000000
00000000
00000000
00000000
00000000
00000000
0000ABB2
00000000
00000000
00000000
00000000
00000000
00000000
00000000
0000ABB2
00000000
00000000
00000000
00000000
00000000
00000000
00000000
0000ABB2
00000000
00000000
00000000
00000000
00000000
00000000
00000000
0000ABB2
00000000
00000000
00000000
00000000
00000000
00000000
00000000
0000ABB2
00000000
00000000
00000000
00000000
00000000
00000000
00000000
0000ABB2
00000000
00000000
00000000
00000000
00000000
00000000
00000000
0000ABB2
00000000
00000000
00000000
00000000
00000000
00000000
00000000
0000ABB2
00000000
00000000
00000000
00000000
00000000
00000000
00000000
0000ABB2
00000000
00000000
00000000
00000000
00000000
00000000
00000000
0000ABB2
00000000
00000000
00000000
00000000
00000000
00000000
00000000
0000ABB2
00000000
00000000
00000000
00000000
00000000
00000000
00000000
0000ABB2
00000000
00000000
00000000
00000000
00000000
00000000
00000000
0000ABB2
00000000
00000000
00000000
00000000
00000000
00000000
00000000
0000ABB2
00000000
00000000
00000000
00000000
00000000
00000000
00000000
0000ABB2
00000000
00000000
00000000
00000000
00000000
00000000
00000000
0000ABB2
00000000
00000000
00000000
00000000
00000000
00000000
00000000
0000ABB2
00000000
00000000
00000000
00000000
00000000
00000000
00000000
0000ABB2
00000000
00000000
00000000
00000000
00000000
00000000
00000000
0000ABB2
00000000
00000000
00000000
00000000
00000000
00000000
00000000
0000ABB2
00000000
00000000
00000000
00000000
00000000
00000000
00000000
0000ABB2
00000000
00000000
00000000
00000000
00000000
00000000
00000000
0000ABB2
00000000
00000000
00000000
00000000
00000000
00000000
00000000
0000ABB2
00000000
00000000
00000000
00000000
00000000
00000000
00000000
0000ABB2
00000000
00000000
00000000
00000000
00000000
00000000
00000000
0000ABB2
00000000
00000000
00000000
00000000
00000000
00000000
00000000
0000ABB2
00000000
00000000
00000000
00000000
00000000
00000000
00000000
0000ABB2
00000000
00000000
00000000
00000000
00000000
00000000
00000000
0000ABB2
00000000
00000000
00000000
00000000
00000000
00000000
00000000
0000ABB2
00000000
00000000
00000000
00000000
00000000
00000000
00000000
0000ABB2
00000000
00000000
00000000
00000000
00000000
00000000
00000000
0000ABB2
00000000
00000000
00000000
00000000
00000000
00000000
00000000
0000ABB2
00000000
00000000
00000000
00000000
00000000
00000000
00000000
0000ABB2
00000000
00000000
00000000
00000000
00000000
00000000
00000000
0000ABB2
00000000
00000000
00000000
00000000
00000000
00000000
00000000
0000ABB2
00000000
00000000
00000000
00000000
00000000
00000000
00000000
0000ABB2
00000000
00000000
00000000
00000000
00000000
00000000
00000000
0000ABB2
00000000
00000000
00000000
00000000
00000000
00000000
00000000
0000ABB2
00000000
00000000
00000000
00000000
00000000
00000000
00000000
0000ABB2
00000000
00000000
00000000
00000000
00000000
00000000
00000000
0000ABB2
00000000
00000000
00000000
00000000
00000000
00000000
00000000
0000ABB2
00000000
00000000
00000000
00000000
00000000
00000000
00000000
0000ABB2
00000000
00000000
00000000
00000000
00000000
00000000
00000000
0000ABB2
00000000
00000000
00000000
00000000
00000000
00000000
00000000
0000ABB2
00000000
00000000
00000000
00000000
00000000
00000000
00000000
0000ABB2
00000000
00000000
00000000
00000000
00000000
00000000
00000000
0000ABB2
00000000
00000000
00000000
00000000
00000000
00000000
00000000
0000ABB2
00000000
00000000
00000000
00000000
00000000
00000000
00000000
0000ABB2
00000000
00000000
00000000
00000000
00000000
00000000
00000000
0000ABB2
00000000
00000000
00000000
00000000
00000000
00000000
00000000
0000ABB2
00000000
00000000
00000000
00000000
00000000
00000000
00000000
0000ABB2
00000000
00000000
00000000
00000000
00000000
00000000
00000000
0000ABB2
00000000
00000000
00000000
00000000
00000000
00000000
00000000
0000ABB2
00000000
00000000
00000000
00000000
00000000
00000000
00000000
0000ABB2
00000000
00000000
00000000
00000000
00000000
00000000
00000000
0000ABB2
00000000
00000000
00000000
00000000
00000000
00000000
00000000
0000ABB2
00000000
00000000
00000000
00000000
00000000
00000000
00000000
0000ABB2
00000000
00000000
00000000
00000000
00000000
00000000
00000000
0000ABB2
00000000
00000000
00000000
00000000
00000000
00000000
00000000
0000ABB2
00000000
00000000
00000000
00000000
00000000
00000000
00000000
0000ABB2
00000000
00000000
00000000
00000000
00000000
00000000
00000000
0000ABB2
00000000
00000000
00000000
00000000
00000000
00000000
00000000
0000ABB2
00000000
00000000
00000000
00000000
00000000
00000000
00000000
0000ABB2
00000000
00000000
00000000
00000000
00000000
00000000
00000000
0000ABB2
00000000
00000000
00000000
00000000
00000000
00000000
00000000
0000ABB2
00000000
00000000
00000000
00000000
00000000
00000000
00000000
0000ABB2
00000000
00000000
00000000
00000000
00000000
00000000
00000000
0000ABB2
00000000
00000000
00000000
00000000
00000000
00000000
00000000
0000ABB2
00000000
00000000
00000000
00000000
00000000
00000000
00000000
0000ABB2
00000000
00000000
00000000
00000000
00000000
00000000
00000000
0000ABB2
00000000
00000000
00000000
00000000
00000000
00000000
00000000
0000ABB2
00000000
00000000
00000000
00000000
00000000
00000000
00000000
0000ABB2
00000000
00000000
00000000
00000000
00000000
00000000
00000000
0000ABB2
00000000
00000000
00000000
00000000
00000000
00000000
00000000
0000ABB2
00000000
00000000
00000000
00000000
00000000
00000000
00000000
0000ABB2
00000000
00000000
00000000
00000000
00000000
00000000
00000000
0000ABB2
00000000
00000000
00000000
00000000
00000000
00000000
00000000
0000ABB2
00000000
00000000
00000000
00000000
00000000
00000000
00000000
0000ABB2
00000000
00000000
00000000
00000000
00000000
00000000
00000000
0000ABB2
00000000
00000000
00000000
00000000
00000000
00000000
00000000
0000ABB2
00000000
00000000
00000000
00000000
00000000
00000000
00000000
0000ABB2
00000000
00000000
00000000
00000000
00000000
00000000
00000000
0000ABB2
00000000
00000000
00000000
00000000
00000000
00000000
00000000
0000ABB2
00000000
00000000
00000000
00000000
00000000
00000000
00000000
0000ABB2
00000000
00000000
00000000
00000000
00000000
00000000
00000000
0000ABB2
00000000
00000000
00000000
00000000
00000000
00000000
00000000
0000ABB2
00000000
00000000
00000000
00000000
00000000
00000000
00000000
0000ABB2
00000000
00000000
00000000
00000000
00000000
00000000
00000000
0000ABB2
00000000
00000000
00000000
00000000
00000000
00000000
00000000
0000ABB2
00000000
00000000
00000000
00000000
00000000
00000000
00000000
0000ABB2
00000000
00000000
00000000
00000000
00000000
00000000
00000000
0000ABB2
00000000
00000000
00000000
00000000
00000000
00000000
00000000
0000ABB2
00000000
00000000
00000000
00000000
00000000
00000000
00000000
0000ABB2
00000000
00000000
00000000
00000000
00000000
00000000
00000000
0000ABB2
00000000
00000000
00000000
00000000
00000000
00000000
00000000
0000ABB2
00000000
00000000
00000000
00000000
00000000
00000000
00000000
0000ABB2
00000000
00000000
00000000
00000000
00000000
00000000
00000000
0000ABB2
00000000
00000000
00000000
00000000
00000000
00000000
00000000
0000ABB2
00000000
00000000
00000000
00000000
00000000
00000000
00000000
0000ABB2
00000000
00000000
00000000
00000000
00000000
00000000
00000000
0000ABB2
00000000
00000000
00000000
00000000
00000000
00000000
00000000
0000ABB2
00000000
00000000
00000000
00000000
00000000
00000000
00000000
0000ABB2
00000000
00000000
00000000
00000000
00000000
00000000
00000000
0000ABB2
00000000
00000000
00000000
00000000
00000000
00000000
00000000
0000ABB2
00000000
00000000
00000000
00000000
00000000
00000000
00000000
0000ABB2
00000000
00000000
00000000
00000000
00000000
00000000
00000000
0000ABB2
00000000
00000000
00000000
00000000
00000000
00000000
00000000
0000ABB2
00000000
00000000
00000000
00000000
00000000
00000000
00000000
0000ABB2
00000000
00000000
00000000
00000000
00000000
00000000
00000000
0000ABB2
00000000
00000000
00000000
00000000
00000000
00000000
00000000
0000ABB2
00000000
00000000
00000000
00000000
00000000
00000000
00000000
0000ABB2
00000000
00000000
00000000
00000000
00000000
00000000
00000000
0000ABB2
00000000
00000000
00000000
00000000
00000000
00000000
00000000
0000ABB2
00000000
00000000
00000000
00000000
00000000
00000000
00000000
0000ABB2
00000000
00000000
00000000
00000000
00000000
00000000
00000000
0000ABB2
00000000
00000000
00000000
00000000
00000000
00000000
00000000
0000ABB2
00000000
00000000
00000000
00000000
00000000
00000000
00000000
0000ABB2
00000000
00000000
00000000
00000000
00000000
00000000
00000000
0000ABB2
00000000
00000000
00000000
00000000
00000000
00000000
00000000
0000ABB2
00000000
00000000
00000000
00000000
00000000
00000000
00000000
0000ABB2
00000000
00000000
00000000
00000000
00000000
00000000
00000000
0000ABB2
00000000
00000000
00000000
00000000
00000000
00000000
00000000
0000ABB2
00000000
00000000
00000000
00000000
00000000
00000000
00000000
0000ABB2
00000000
00000000
00000000
00000000
00000000
00000000
00000000
0000ABB2
00000000
00000000
00000000
00000000
00000000
00000000
00000000
0000ABB2
00000000
00000000
00000000
00000000
00000000
00000000
00000000
0000ABB2
00000000
00000000
00000000
00000000
00000000
00000000
00000000
0000ABB2
00000000
00000000
00000000
00000000
00000000
00000000
00000000
0000ABB2
00000000
00000000
00000000
00000000
00000000
00000000
00000000
0000ABB2
00000000
00000000
00000000
00000000
00000000
00000000
00000000
0000ABB2
00000000
00000000
00000000
00000000
00000000
00000000
00000000
0000ABB2
00000000
00000000
00000000
00000000
00000000
00000000
00000000
0000ABB2
00000000
00000000
00000000
00000000
00000000
00000000
00000000
0000ABB2
00000000
00000000
00000000
00000000
00000000
00000000
00000000
0000ABB2
00000000
00000000
00000000
00000000
00000000
00000000
00000000
0000ABB2
00000000
00000000
00000000
00000000
00000000
00000000
00000000
0000ABB2
00000000
00000000
00000000
00000000
00000000
00000000
00000000
0000ABB2
00000000
00000000
00000000
00000000
00000000
00000000
00000000
0000ABB2
00000000
00000000
00000000
00000000
00000000
00000000
00000000
0000ABB2
00000000
00000000
00000000
00000000
00000000
00000000
00000000
0000ABB2
00000000
00000000
00000000
00000000
00000000
00000000
00000000
0000ABB2
00000000
00000000
00000000
00000000
00000000
00000000
00000000
0000ABB2
00000000
00000000
00000000
00000000
00000000
00000000
00000000
0000ABB2
00000000
00000000
00000000
00000000
00000000
00000000
00000000
0000ABB2
00000000
00000000
00000000
00000000
00000000
00000000
00000000
0000ABB2
00000000
00000000
00000000
00000000
00000000
00000000
00000000
0000ABB2
00000000
00000000
00000000
00000000
00000000
00000000
00000000
0000ABB2
00000000
00000000
00000000
00000000
00000000
00000000
00000000
0000ABB2
00000000
00000000
00000000
00000000
00000000
00000000
00000000
0000ABB2
00000000
00000000
00000000
00000000
00000000
00000000
00000000
0000ABB2
00000000
00000000
00000000
00000000
00000000
00000000
00000000
0000ABB2
00000000
00000000
00000000
00000000
00000000
00000000
00000000
0000ABB2
00000000
00000000
00000000
00000000
00000000
00000000
00000000
0000ABB2
00000000
00000000
00000000
00000000
00000000
00000000
00000000
0000ABB2
00000000
00000000
00000000
00000000
00000000
00000000
00000000
0000ABB2
00000000
00000000
00000000
00000000
00000000
00000000
00000000
0000ABB2
00000000
00000000
00000000
00000000
00000000
00000000
00000000
0000ABB2
00000000
00000000
00000000
00000000
00000000
00000000
00000000
0000ABB2
00000000
00000000
00000000
00000000
00000000
00000000
00000000
0000ABB2
00000000
00000000
00000000
00000000
00000000
00000000
00000000
0000ABB2
00000000
00000000
00000000
00000000
00000000
00000000
00000000
0000ABB2
00000000
00000000
00000000
00000000
00000000
00000000
00000000
0000ABB2
00000000
00000000
00000000
00000000
00000000
00000000
00000000
0000ABB2
00000000
00000000
00000000
00000000
00000000
00000000
00000000
0000ABB2
00000000
00000000
00000000
00000000
00000000
00000000
00000000
0000ABB2
00000000
00000000
00000000
00000000
00000000
00000000
00000000
0000ABB2
00000000
00000000
00000000
00000000
00000000
00000000
00000000
0000ABB2
00000000
00000000
00000000
00000000
00000000
00000000
00000000
0000ABB2
00000000
00000000
00000000
00000000
00000000
00000000
00000000
0000ABB2
00000000
00000000
00000000
00000000
00000000
00000000
00000000
0000ABB2
00000000
00000000
00000000
00000000
00000000
00000000
00000000
0000ABB2
00000000
00000000
00000000
00000000
00000000
00000000
00000000
0000ABB2
00000000
00000000
00000000
00000000
00000000
00000000
00000000
0000ABB2
00000000
00000000
00000000
00000000
00000000
00000000
00000000
0000ABB2
00000000
00000000
00000000
00000000
00000000
00000000
00000000
0000ABB2
00000000
00000000
00000000
00000000
00000000
00000000
00000000
0000ABB2
00000000
00000000
00000000
00000000
00000000
00000000
00000000
0000ABB2
00000000
00000000
00000000
00000000
00000000
00000000
00000000
0000ABB2
00000000
00000000
00000000
00000000
00000000
00000000
00000000
0000ABB2
00000000
00000000
00000000
00000000
00000000
00000000
00000000
0000ABB2
00000000
00000000
00000000
00000000
00000000
00000000
00000000
0000ABB2
00000000
00000000
00000000
00000000
00000000
00000000
00000000
0000ABB2
00000000
00000000
00000000
00000000
00000000
00000000
00000000
0000ABB2
00000000
00000000
00000000
00000000
00000000
00000000
00000000
0000ABB2
00000000
00000000
00000000
00000000
00000000
00000000
00000000
0000ABB2
00000000
00000000
00000000
00000000
00000000
00000000
00000000
0000ABB2
00000000
00000000
00000000
00000000
00000000
00000000
00000000
0000ABB2
00000000
00000000
00000000
00000000
00000000
00000000
00000000
0000ABB2
00000000
00000000
00000000
00000000
00000000
00000000
00000000
0000ABB2
00000000
00000000
00000000
00000000
00000000
00000000
00000000
0000ABB2
00000000
00000000
00000000
00000000
00000000
00000000
00000000
0000ABB2
00000000
00000000
00000000
00000000
00000000
00000000
00000000
0000ABB2
00000000
00000000
00000000
00000000
00000000
00000000
00000000
0000ABB2
00000000
00000000
00000000
00000000
00000000
00000000
00000000
0000ABB2
00000000
00000000
00000000
00000000
00000000
00000000
00000000
0000ABB2
00000000
00000000
00000000
00000000
00000000
00000000
00000000
0000ABB2
00000000
00000000
00000000
00000000
00000000
00000000
00000000
0000ABB2
00000000
00000000
00000000
00000000
00000000
00000000
00000000
0000ABB2
00000000
00000000
00000000
00000000
00000000
00000000
00000000
0000ABB2
00000000
00000000
00000000
00000000
00000000
00000000
00000000
0000ABB2
00000000
00000000
00000000
00000000
00000000
00000000
00000000
0000ABB2
00000000
00000000
00000000
00000000
00000000
00000000
00000000
0000ABB2
00000000
00000000
00000000
00000000
00000000
00000000
00000000
0000ABB2
00000000
00000000
00000000
00000000
00000000
00000000
00000000
0000ABB2
00000000
00000000
00000000
00000000
00000000
00000000
00000000
0000ABB2
00000000
00000000
00000000
00000000
00000000
00000000
00000000
0000ABB2
00000000
00000000
00000000
00000000
00000000
00000000
00000000
0000ABB2
00000000
00000000
00000000
00000000
00000000
00000000
00000000
0000ABB2
00000000
00000000
00000000
00000000
00000000
00000000
00000000
0000ABB2
00000000
00000000
00000000
00000000
00000000
00000000
00000000
0000ABB2
00000000
00000000
00000000
00000000
00000000
00000000
00000000
0000ABB2
00000000
00000000
00000000
00000000
00000000
00000000
00000000
0000ABB2
00000000
00000000
00000000
00000000
00000000
00000000
00000000
0000ABB2
00000000
00000000
00000000
00000000
00000000
00000000
00000000
0000ABB2
00000000
00000000
00000000
00000000
00000000
00000000
00000000
0000ABB2
00000000
00000000
00000000
00000000
00000000
00000000
00000000
0000ABB2
00000000
00000000
00000000
00000000
00000000
00000000
00000000
0000ABB2
00000000
00000000
00000000
00000000
00000000
00000000
00000000
0000ABB2
00000000
00000000
00000000
00000000
00000000
00000000
00000000
0000ABB2
00000000
00000000
00000000
00000000
00000000
00000000
00000000
0000ABB2
00000000
00000000
00000000
00000000
00000000
00000000
00000000
0000ABB2
00000000
00000000
00000000
00000000
00000000
00000000
00000000
0000ABB2
00000000
00000000
00000000
00000000
00000000
00000000
00000000
0000ABB2
00000000
00000000
00000000
00000000
00000000
00000000
00000000
0000ABB2
00000000
00000000
00000000
00000000
00000000
00000000
00000000
0000ABB2
00000000
00000000
00000000
00000000
00000000
00000000
00000000
0000ABB2
00000000
00000000
00000000
00000000
00000000
00000000
00000000
0000ABB2
00000000
00000000
00000000
00000000
00000000
00000000
00000000
0000ABB2
00000000
00000000
00000000
00000000
00000000
00000000
00000000
0000ABB2
00000000
00000000
00000000
00000000
00000000
00000000
00000000
0000ABB2
00000000
00000000
00000000
00000000
00000000
00000000
00000000
0000ABB2
00000000
00000000
00000000
00000000
00000000
00000000
00000000
0000ABB2
00000000
00000000
00000000
00000000
00000000
00000000
00000000
0000ABB2
00000000
00000000
00000000
00000000
00000000
00000000
00000000
0000ABB2
00000000
00000000
00000000
00000000
00000000
00000000
00000000
0000ABB2
00000000
00000000
00000000
00000000
00000000
00000000
00000000
0000ABB2
00000000
00000000
00000000
00000000
00000000
00000000
00000000
0000ABB2
00000000
00000000
00000000
00000000
00000000
00000000
00000000
0000ABB2
00000000
00000000
00000000
00000000
00000000
00000000
00000000
0000ABB2
00000000
00000000
00000000
00000000
00000000
00000000
00000000
0000ABB2
00000000
00000000
00000000
00000000
00000000
00000000
00000000
0000ABB2
00000000
00000000
00000000
00000000
00000000
00000000
00000000
0000ABB2
00000000
00000000
00000000
00000000
00000000
00000000
00000000
0000ABB2
00000000
00000000
00000000
00000000
00000000
00000000
00000000
0000ABB2
00000000
00000000
00000000
00000000
00000000
00000000
00000000
0000ABB2
00000000
00000000
00000000
00000000
00000000
00000000
00000000
0000ABB2
00000000
00000000
00000000
00000000
00000000
00000000
00000000
0000ABB2
00000000
00000000
00000000
00000000
00000000
00000000
00000000
0000ABB2
00000000
00000000
00000000
00000000
00000000
00000000
00000000
0000ABB2
00000000
00000000
00000000
00000000
00000000
00000000
00000000
0000ABB2
00000000
00000000
00000000
00000000
00000000
00000000
00000000
0000ABB2
00000000
00000000
00000000
00000000
00000000
00000000
00000000
0000ABB2
00000000
00000000
00000000
00000000
00000000
00000000
00000000
0000ABB2
00000000
00000000
00000000
00000000
00000000
00000000
00000000
0000ABB2
00000000
00000000
00000000
00000000
00000000
00000000
00000000
0000ABB2
00000000
00000000
00000000
00000000
00000000
00000000
00000000
0000ABB2
00000000
00000000
00000000
00000000
00000000
00000000
00000000
0000ABB2
00000000
00000000
00000000
00000000
00000000
00000000
00000000
0000ABB2
00000000
00000000
00000000
00000000
00000000
00000000
00000000
0000ABB2
00000000
00000000
00000000
00000000
00000000
00000000
00000000
0000ABB2
00000000
00000000
00000000
00000000
00000000
00000000
00000000
0000ABB2
00000000
00000000
00000000
00000000
00000000
00000000
00000000
0000ABB2
00000000
00000000
00000000
00000000
00000000
00000000
00000000
0000ABB2
00000000
00000000
00000000
00000000
00000000
00000000
00000000
0000ABB2
00000000
00000000
00000000
00000000
00000000
00000000
00000000
0000ABB2
00000000
00000000
00000000
00000000
00000000
00000000
00000000
0000ABB2
00000000
00000000
00000000
00000000
00000000
00000000
00000000
0000ABB2
00000000
00000000
00000000
00000000
00000000
00000000
00000000
0000ABB2
00000000
00000000
00000000
00000000
00000000
00000000
00000000
0000ABB2
00000000
00000000
00000000
00000000
00000000
00000000
00000000
0000ABB2
00000000
00000000
00000000
00000000
00000000
00000000
00000000
0000ABB2
00000000
00000000
00000000
00000000
00000000
00000000
00000000
0000ABB2
00000000
00000000
00000000
00000000
00000000
00000000
00000000
0000ABB2
00000000
00000000
00000000
00000000
00000000
00000000
00000000
0000ABB2
00000000
00000000
00000000
00000000
00000000
00000000
00000000
0000ABB2
00000000
00000000
00000000
00000000
00000000
00000000
00000000
0000ABB2
00000000
00000000
00000000
00000000
00000000
00000000
00000000
0000ABB2
00000000
00000000
00000000
00000000
00000000
00000000
00000000
0000ABB2
00000000
00000000
00000000
00000000
00000000
00000000
00000000
0000ABB2
00000000
00000000
00000000
00000000
00000000
00000000
00000000
0000ABB2
00000000
00000000
00000000
00000000
00000000
00000000
00000000
0000ABB2
00000000
00000000
00000000
00000000
00000000
00000000
00000000
0000ABB2
00000000
00000000
00000000
00000000
00000000
00000000
00000000
0000ABB2
00000000
00000000
00000000
00000000
00000000
00000000
00000000
0000ABB2
00000000
00000000
00000000
00000000
00000000
00000000
00000000
0000ABB2
00000000
00000000
00000000
00000000
00000000
00000000
00000000
0000ABB2
00000000
00000000
00000000
00000000
00000000
00000000
00000000
0000ABB2
00000000
00000000
00000000
00000000
00000000
00000000
00000000
0000ABB2
00000000
00000000
00000000
00000000
00000000
00000000
00000000
0000ABB2
00000000
00000000
00000000
00000000
00000000
00000000
00000000
0000ABB2
00000000
00000000
00000000
00000000
00000000
00000000
00000000
0000ABB2
00000000
00000000
00000000
00000000
00000000
00000000
00000000
0000ABB2
00000000
00000000
00000000
00000000
00000000
00000000
00000000
0000ABB2
00000000
00000000
00000000
00000000
00000000
00000000
00000000
0000ABB2
00000000
00000000
00000000
00000000
00000000
00000000
00000000
0000ABB2
00000000
00000000
00000000
00000000
00000000
00000000
00000000
0000ABB2
00000000
00000000
00000000
00000000
00000000
00000000
00000000
0000ABB2
00000000
00000000
00000000
00000000
00000000
00000000
00000000
0000ABB2
00000000
00000000
00000000
00000000
00000000
00000000
00000000
0000ABB2
00000000
00000000
00000000
00000000
00000000
00000000
00000000
0000ABB2
00000000
00000000
00000000
00000000
00000000
00000000
00000000
0000ABB2
00000000
00000000
00000000
00000000
00000000
00000000
00000000
0000ABB2
00000000
00000000
00000000
00000000
00000000
00000000
00000000
0000ABB2
00000000
00000000
00000000
00000000
00000000
00000000
00000000
0000ABB2
00000000
00000000
00000000
00000000
00000000
00000000
00000000
0000ABB2
00000000
00000000
00000000
00000000
00000000
00000000
00000000
0000ABB2
00000000
00000000
00000000
00000000
00000000
00000000
00000000
0000ABB2
00000000
00000000
00000000
00000000
00000000
00000000
00000000
0000ABB2
00000000
00000000
00000000
00000000
00000000
00000000
00000000
0000ABB2
00000000
00000000
00000000
00000000
00000000
00000000
00000000
0000ABB2
00000000
00000000
00000000
00000000
00000000
00000000
00000000
0000ABB2
00000000
00000000
00000000
00000000
00000000
00000000
00000000
0000ABB2
00000000
00000000
00000000
00000000
00000000
00000000
00000000
0000ABB2
00000000
00000000
00000000
00000000
00000000
00000000
00000000
0000ABB2
00000000
00000000
00000000
00000000
00000000
00000000
00000000
0000ABB2
00000000
00000000
00000000
00000000
00000000
00000000
00000000
0000ABB2
00000000
00000000
00000000
00000000
00000000
00000000
00000000
0000ABB2
00000000
00000000
00000000
00000000
00000000
00000000
00000000
0000ABB2
00000000
00000000
00000000
00000000
00000000
00000000
00000000
0000ABB2
00000000
00000000
00000000
00000000
00000000
00000000
00000000
0000ABB2
00000000
00000000
00000000
00000000
00000000
00000000
00000000
0000ABB2
00000000
00000000
00000000
00000000
00000000
00000000
00000000
0000ABB2
00000000
00000000
00000000
00000000
00000000
00000000
00000000
0000ABB2
00000000
00000000
00000000
00000000
00000000
00000000
00000000
0000ABB2
00000000
00000000
00000000
00000000
00000000
00000000
00000000
0000ABB2
00000000
00000000
00000000
00000000
00000000
00000000
00000000
0000ABB2
00000000
00000000
00000000
00000000
00000000
00000000
00000000
0000ABB2
00000000
00000000
00000000
00000000
00000000
00000000
00000000
0000ABB2
00000000
00000000
00000000
00000000
00000000
00000000
00000000
0000ABB2
00000000
00000000
00000000
00000000
00000000
00000000
00000000
0000ABB2
00000000
00000000
00000000
00000000
00000000
00000000
00000000
0000ABB2
00000000
00000000
00000000
00000000
00000000
00000000
00000000
0000ABB2
00000000
00000000
00000000
00000000
00000000
00000000
00000000
0000ABB2
00000000
00000000
00000000
00000000
00000000
00000000
00000000
0000ABB2
00000000
00000000
00000000
00000000
00000000
00000000
00000000
0000ABB2
00000000
00000000
00000000
00000000
00000000
00000000
00000000
0000ABB2
00000000
00000000
00000000
00000000
00000000
00000000
00000000
0000ABB2
00000000
00000000
00000000
00000000
00000000
00000000
00000000
0000ABB2
00000000
00000000
00000000
00000000
00000000
00000000
00000000
0000ABB2
00000000
00000000
00000000
00000000
00000000
00000000
00000000
0000ABB2
00000000
00000000
00000000
00000000
00000000
00000000
00000000
0000ABB2
00000000
00000000
00000000
00000000
00000000
00000000
00000000
0000ABB2
00000000
00000000
00000000
00000000
00000000
00000000
00000000
0000ABB2
00000000
00000000
00000000
00000000
00000000
00000000
00000000
0000ABB2
00000000
00000000
00000000
00000000
00000000
00000000
00000000
0000ABB2
00000000
00000000
00000000
00000000
00000000
00000000
00000000
0000ABB2
00000000
00000000
00000000
00000000
00000000
00000000
00000000
0000ABB2
00000000
00000000
00000000
00000000
00000000
00000000
00000000
0000ABB2
00000000
00000000
00000000
00000000
00000000
00000000
00000000
0000ABB2
00000000
00000000
00000000
00000000
00000000
00000000
00000000
0000ABB2
00000000
00000000
00000000
00000000
00000000
00000000
00000000
0000ABB2
00000000
00000000
00000000
00000000
00000000
00000000
00000000
0000ABB2
00000000
00000000
00000000
00000000
00000000
00000000
00000000
0000ABB2
00000000
00000000
00000000
00000000
00000000
00000000
00000000
0000ABB2
00000000
00000000
00000000
00000000
00000000
00000000
00000000
0000ABB2
00000000
00000000
00000000
00000000
00000000
00000000
00000000
0000ABB2
00000000
00000000
00000000
00000000
00000000
00000000
00000000
0000ABB2
00000000
00000000
00000000
00000000
00000000
00000000
00000000
0000ABB2
00000000
00000000
00000000
00000000
00000000
00000000
00000000
0000ABB2
00000000
00000000
00000000
00000000
00000000
00000000
00000000
0000ABB2
00000000
00000000
00000000
00000000
00000000
00000000
00000000
0000ABB2
00000000
00000000
00000000
00000000
00000000
00000000
00000000
0000ABB2
00000000
00000000
00000000
00000000
00000000
00000000
00000000
0000ABB2
00000000
00000000
00000000
00000000
00000000
00000000
00000000
0000ABB2
00000000
00000000
00000000
00000000
00000000
00000000
00000000
0000ABB2
00000000
00000000
00000000
00000000
00000000
00000000
00000000
0000ABB2
00000000
00000000
00000000
00000000
00000000
00000000
00000000
0000ABB2
00000000
00000000
00000000
00000000
00000000
00000000
00000000
0000ABB2
00000000
00000000
00000000
00000000
00000000
00000000
00000000
0000ABB2
00000000
00000000
00000000
00000000
00000000
00000000
00000000
0000ABB2
00000000
00000000
00000000
00000000
00000000
00000000
00000000
0000ABB2
00000000
00000000
00000000
00000000
00000000
00000000
00000000
0000ABB2
00000000
00000000
00000000
00000000
00000000
00000000
00000000
0000ABB2
00000000
00000000
00000000
00000000
00000000
00000000
00000000
0000ABB2
00000000
00000000
00000000
00000000
00000000
00000000
00000000
0000ABB2
00000000
00000000
00000000
00000000
00000000
00000000
00000000
0000ABB2
00000000
00000000
00000000
00000000
00000000
00000000
00000000
0000ABB2
00000000
00000000
00000000
00000000
00000000
00000000
00000000
0000ABB2
00000000
00000000
00000000
00000000
00000000
00000000
00000000
0000ABB2
00000000
00000000
00000000
00000000
00000000
00000000
00000000
0000ABB2
00000000
00000000
00000000
00000000
00000000
00000000
00000000
0000ABB2
00000000
00000000
00000000
00000000
00000000
00000000
00000000
0000ABB2
00000000
00000000
00000000
00000000
00000000
00000000
00000000
0000ABB2
00000000
00000000
00000000
00000000
00000000
00000000
00000000
0000ABB2
00000000
00000000
00000000
00000000
00000000
00000000
00000000
0000ABB2
00000000
00000000
00000000
00000000
00000000
00000000
00000000
0000ABB2
00000000
00000000
00000000
00000000
00000000
00000000
00000000
0000ABB2
00000000
00000000
00000000
00000000
00000000
00000000
00000000
0000ABB2
00000000
00000000
00000000
00000000
00000000
00000000
00000000
0000ABB2
00000000
00000000
00000000
00000000
00000000
00000000
00000000
0000ABB2
00000000
00000000
00000000
00000000
00000000
00000000
00000000
0000ABB2
00000000
00000000
00000000
00000000
00000000
00000000
00000000
0000ABB2
00000000
00000000
00000000
00000000
00000000
00000000
00000000
0000ABB2
00000000
00000000
00000000
00000000
00000000
00000000
00000000
0000ABB2
00000000
00000000
00000000
00000000
00000000
00000000
00000000
0000ABB2
00000000
00000000
00000000
00000000
00000000
00000000
00000000
0000ABB2
00000000
00000000
00000000
00000000
00000000
00000000
00000000
0000ABB2
00000000
00000000
00000000
00000000
00000000
00000000
00000000
0000ABB2
00000000
00000000
00000000
00000000
00000000
00000000
00000000
0000ABB2
00000000
00000000
00000000
00000000
00000000
00000000
00000000
0000ABB2
00000000
00000000
00000000
00000000
00000000
00000000
00000000
0000ABB2
00000000
00000000
00000000
00000000
00000000
00000000
00000000
0000ABB2
00000000
00000000
00000000
00000000
00000000
00000000
00000000
0000ABB2
00000000
00000000
00000000
00000000
00000000
00000000
00000000
0000ABB2
00000000
00000000
00000000
00000000
00000000
00000000
00000000
0000ABB2
00000000
00000000
00000000
00000000
00000000
00000000
00000000
0000ABB2
00000000
00000000
00000000
00000000
00000000
00000000
00000000
0000ABB2
00000000
00000000
00000000
00000000
00000000
00000000
00000000
0000ABB2
00000000
00000000
00000000
00000000
00000000
00000000
00000000
0000ABB2
00000000
00000000
00000000
00000000
00000000
00000000
00000000
0000ABB2
00000000
00000000
00000000
00000000
00000000
00000000
00000000
0000ABB2
00000000
00000000
00000000
00000000
00000000
00000000
00000000
0000ABB2
00000000
00000000
00000000
00000000
00000000
00000000
00000000
0000ABB2
00000000
00000000
00000000
00000000
00000000
00000000
00000000
0000ABB2
00000000
00000000
00000000
00000000
00000000
00000000
00000000
0000ABB2
00000000
00000000
00000000
00000000
00000000
00000000
00000000
0000ABB2
00000000
00000000
00000000
00000000
00000000
00000000
00000000
0000ABB2
00000000
00000000
00000000
00000000
00000000
00000000
00000000
0000ABB2
00000000
00000000
00000000
00000000
00000000
00000000
00000000
0000ABB2
00000000
00000000
00000000
00000000
00000000
00000000
00000000
0000ABB2
00000000
00000000
00000000
00000000
00000000
00000000
00000000
0000ABB2
00000000
00000000
00000000
00000000
00000000
00000000
00000000
0000ABB2
00000000
00000000
00000000
00000000
00000000
00000000
00000000
0000ABB2
00000000
00000000
00000000
00000000
00000000
00000000
00000000
0000ABB2
00000000
00000000
00000000
00000000
00000000
00000000
00000000
0000ABB2
00000000
00000000
00000000
00000000
00000000
00000000
00000000
0000ABB2
00000000
00000000
00000000
00000000
00000000
00000000
00000000
0000ABB2
00000000
00000000
00000000
00000000
00000000
00000000
00000000
0000ABB2
00000000
00000000
00000000
00000000
00000000
00000000
00000000
0000ABB2
00000000
00000000
00000000
00000000
00000000
00000000
00000000
0000ABB2
00000000
00000000
00000000
00000000
00000000
00000000
00000000
0000ABB2
00000000
00000000
00000000
00000000
00000000
00000000
00000000
0000ABB2
00000000
00000000
00000000
00000000
00000000
00000000
00000000
0000ABB2
00000000
00000000
00000000
00000000
00000000
00000000
00000000
0000ABB2
00000000
00000000
00000000
00000000
00000000
00000000
00000000
0000ABB2
00000000
00000000
00000000
00000000
00000000
00000000
00000000
0000ABB2
00000000
00000000
00000000
00000000
00000000
00000000
00000000
0000ABB2
00000000
00000000
00000000
00000000
00000000
00000000
00000000
0000ABB2
00000000
00000000
00000000
00000000
00000000
00000000
00000000
0000ABB2
00000000
00000000
00000000
00000000
00000000
00000000
00000000
0000ABB2
00000000
00000000
00000000
00000000
00000000
00000000
00000000
0000ABB2
00000000
00000000
00000000
00000000
00000000
00000000
00000000
0000ABB2
00000000
00000000
00000000
00000000
00000000
00000000
00000000
0000ABB2
00000000
00000000
00000000
00000000
00000000
00000000
00000000
0000ABB2
00000000
00000000
00000000
00000000
00000000
00000000
00000000
0000ABB2
00000000
00000000
00000000
00000000
00000000
00000000
00000000
0000ABB2
00000000
00000000
00000000
00000000
00000000
00000000
00000000
0000ABB2
00000000
00000000
00000000
00000000
00000000
00000000
00000000
0000ABB2
00000000
00000000
00000000
00000000
00000000
00000000
00000000
0000ABB2
00000000
00000000
00000000
00000000
00000000
00000000
00000000
0000ABB2
00000000
00000000
00000000
00000000
00000000
00000000
00000000
0000ABB2
00000000
00000000
00000000
00000000
00000000
00000000
00000000
0000ABB2
00000000
00000000
00000000
00000000
00000000
00000000
00000000
0000ABB2
00000000
00000000
00000000
00000000
00000000
00000000
00000000
0000ABB2
00000000
00000000
00000000
00000000
00000000
00000000
00000000
0000ABB2
00000000
00000000
00000000
00000000
00000000
00000000
00000000
0000ABB2
00000000
00000000
00000000
00000000
00000000
00000000
00000000
0000ABB2
00000000
00000000
00000000
00000000
00000000
00000000
00000000
0000ABB2
00000000
00000000
00000000
00000000
00000000
00000000
00000000
0000ABB2
00000000
00000000
00000000
00000000
00000000
00000000
00000000
0000ABB2
00000000
00000000
00000000
00000000
00000000
00000000
00000000
0000ABB2
00000000
00000000
00000000
00000000
00000000
00000000
00000000
0000ABB2
00000000
00000000
00000000
00000000
00000000
00000000
00000000
0000ABB2
00000000
00000000
00000000
00000000
00000000
00000000
00000000
0000ABB2
00000000
00000000
00000000
00000000
00000000
00000000
00000000
0000ABB2
00000000
00000000
00000000
00000000
00000000
00000000
00000000
0000ABB2
00000000
00000000
00000000
00000000
00000000
00000000
00000000
0000ABB2
00000000
00000000
00000000
00000000
00000000
00000000
00000000
0000ABB2
00000000
00000000
00000000
00000000
00000000
00000000
00000000
0000ABB2
00000000
00000000
00000000
00000000
00000000
00000000
00000000
0000ABB2
00000000
00000000
00000000
00000000
00000000
00000000
00000000
0000ABB2
00000000
00000000
00000000
00000000
00000000
00000000
00000000
0000ABB2
00000000
00000000
00000000
00000000
00000000
00000000
00000000
0000ABB2
00000000
00000000
00000000
00000000
00000000
00000000
00000000
0000ABB2
00000000
00000000
00000000
00000000
00000000
00000000
00000000
0000ABB2
00000000
00000000
00000000
00000000
00000000
00000000
00000000
0000ABB2
00000000
00000000
00000000
00000000
00000000
00000000
00000000
0000ABB2
00000000
00000000
00000000
00000000
00000000
00000000
00000000
0000ABB2
00000000
00000000
00000000
00000000
00000000
00000000
00000000
0000ABB2
00000000
00000000
00000000
00000000
00000000
00000000
00000000
0000ABB2
00000000
00000000
00000000
00000000
00000000
00000000
00000000
0000ABB2
00000000
00000000
00000000
00000000
00000000
00000000
00000000
0000ABB2
00000000
00000000
00000000
00000000
00000000
00000000
00000000
0000ABB2
00000000
00000000
00000000
00000000
00000000
00000000
00000000
0000ABB2
00000000
00000000
00000000
00000000
00000000
00000000
00000000
0000ABB2
00000000
00000000
00000000
00000000
00000000
00000000
00000000
0000ABB2
00000000
00000000
00000000
00000000
00000000
00000000
00000000
0000ABB2
00000000
00000000
00000000
00000000
00000000
00000000
00000000
0000ABB2
00000000
00000000
00000000
00000000
00000000
00000000
00000000
0000ABB2
00000000
00000000
00000000
00000000
00000000
00000000
00000000
0000ABB2
00000000
00000000
00000000
00000000
00000000
00000000
00000000
0000ABB2
00000000
00000000
00000000
00000000
00000000
00000000
00000000
0000ABB2
00000000
00000000
00000000
00000000
00000000
00000000
00000000
0000ABB2
00000000
00000000
00000000
00000000
00000000
00000000
00000000
0000ABB2
00000000
00000000
00000000
00000000
00000000
00000000
00000000
0000ABB2
00000000
00000000
00000000
00000000
00000000
00000000
00000000
0000ABB2
00000000
00000000
00000000
00000000
00000000
00000000
00000000
0000ABB2
00000000
00000000
00000000
00000000
00000000
00000000
00000000
0000ABB2
00000000
00000000
00000000
00000000
00000000
00000000
00000000
0000ABB2
00000000
00000000
00000000
00000000
00000000
00000000
00000000
0000ABB2
00000000
00000000
00000000
00000000
00000000
00000000
00000000
0000ABB2
00000000
00000000
00000000
00000000
00000000
00000000
00000000
0000ABB2
00000000
00000000
00000000
00000000
00000000
00000000
00000000
0000ABB2
00000000
00000000
00000000
00000000
00000000
00000000
00000000
0000ABB2
00000000
00000000
00000000
00000000
00000000
00000000
00000000
0000ABB2
00000000
00000000
00000000
00000000
00000000
00000000
00000000
0000ABB2
00000000
00000000
00000000
00000000
00000000
00000000
00000000
0000ABB2
00000000
00000000
00000000
00000000
00000000
00000000
00000000
0000ABB2
00000000
00000000
00000000
00000000
00000000
00000000
00000000
0000ABB2
00000000
00000000
00000000
00000000
00000000
00000000
00000000
0000ABB2
00000000
00000000
00000000
00000000
00000000
00000000
00000000
0000ABB2
00000000
00000000
00000000
00000000
00000000
00000000
00000000
0000ABB2
00000000
00000000
00000000
00000000
00000000
00000000
00000000
0000ABB2
00000000
00000000
00000000
00000000
00000000
00000000
00000000
0000ABB2
00000000
00000000
00000000
00000000
00000000
00000000
00000000
0000ABB2
00000000
00000000
00000000
00000000
00000000
00000000
00000000
0000ABB2
00000000
00000000
00000000
00000000
00000000
00000000
00000000
0000ABB2
00000000
00000000
00000000
00000000
00000000
00000000
00000000
0000ABB2
00000000
00000000
00000000
00000000
00000000
00000000
00000000
0000ABB2
00000000
00000000
00000000
00000000
00000000
00000000
00000000
0000ABB2
00000000
00000000
00000000
00000000
00000000
00000000
00000000
0000ABB2
00000000
00000000
00000000
00000000
00000000
00000000
00000000
0000ABB2
00000000
00000000
00000000
00000000
00000000
00000000
00000000
0000ABB2
00000000
00000000
00000000
00000000
00000000
00000000
00000000
0000ABB2
00000000
00000000
00000000
00000000
00000000
00000000
00000000
0000ABB2
00000000
00000000
00000000
00000000
00000000
00000000
00000000
0000ABB2
00000000
00000000
00000000
00000000
00000000
00000000
00000000
0000ABB2
00000000
00000000
00000000
00000000
00000000
00000000
00000000
0000ABB2
00000000
00000000
00000000
00000000
00000000
00000000
00000000
0000ABB2
00000000
00000000
00000000
00000000
00000000
00000000
00000000
0000ABB2
00000000
00000000
00000000
00000000
00000000
00000000
00000000
0000ABB2
00000000
00000000
00000000
00000000
00000000
00000000
00000000
0000ABB2
00000000
00000000
00000000
00000000
00000000
00000000
00000000
0000ABB2
00000000
00000000
00000000
00000000
00000000
00000000
00000000
0000ABB2
00000000
00000000
00000000
00000000
00000000
00000000
00000000
0000ABB2
00000000
00000000
00000000
00000000
00000000
00000000
00000000
0000ABB2
00000000
00000000
00000000
00000000
00000000
00000000
00000000
0000ABB2
00000000
00000000
00000000
00000000
00000000
00000000
00000000
0000ABB2
00000000
00000000
00000000
00000000
00000000
00000000
00000000
0000ABB2
00000000
00000000
00000000
00000000
00000000
00000000
00000000
0000ABB2
00000000
00000000
00000000
00000000
00000000
00000000
00000000
0000ABB2
00000000
00000000
00000000
00000000
00000000
00000000
00000000
0000ABB2
00000000
00000000
00000000
00000000
00000000
00000000
00000000
0000ABB2
00000000
00000000
00000000
00000000
00000000
00000000
00000000
0000ABB2
00000000
00000000
00000000
00000000
00000000
00000000
00000000
0000ABB2
00000000
00000000
00000000
00000000
00000000
00000000
00000000
0000ABB2
00000000
00000000
00000000
00000000
00000000
00000000
00000000
0000ABB2
00000000
00000000
00000000
00000000
00000000
00000000
00000000
0000ABB2
00000000
00000000
00000000
00000000
00000000
00000000
00000000
0000ABB2
00000000
00000000
00000000
00000000
00000000
00000000
00000000
0000ABB2
00000000
00000000
00000000
00000000
00000000
00000000
00000000
0000ABB2
00000000
00000000
00000000
00000000
00000000
00000000
00000000
0000ABB2
00000000
00000000
00000000
00000000
00000000
00000000
00000000
0000ABB2
00000000
00000000
00000000
00000000
00000000
00000000
00000000
0000ABB2
00000000
00000000
00000000
00000000
00000000
00000000
00000000
0000ABB2
00000000
00000000
00000000
00000000
00000000
00000000
00000000
0000ABB2
00000000
00000000
00000000
00000000
00000000
00000000
00000000
0000ABB2
00000000
00000000
00000000
00000000
00000000
00000000
00000000
0000ABB2
00000000
00000000
00000000
00000000
00000000
00000000
00000000
0000ABB2
00000000
00000000
00000000
00000000
00000000
00000000
00000000
0000ABB2
00000000
00000000
00000000
00000000
00000000
00000000
00000000
0000ABB2
00000000
00000000
00000000
00000000
00000000
00000000
00000000
0000ABB2
00000000
00000000
00000000
00000000
00000000
00000000
00000000
0000ABB2
00000000
00000000
00000000
00000000
00000000
00000000
00000000
0000ABB2
00000000
00000000
00000000
00000000
00000000
00000000
00000000
0000ABB2
00000000
00000000
00000000
00000000
00000000
00000000
00000000
0000ABB2
00000000
00000000
00000000
00000000
00000000
00000000
00000000
0000ABB2
00000000
00000000
00000000
00000000
00000000
00000000
00000000
0000ABB2
00000000
00000000
00000000
00000000
00000000
00000000
00000000
0000ABB2
00000000
00000000
00000000
00000000
00000000
00000000
00000000
0000ABB2
00000000
00000000
00000000
00000000
00000000
00000000
00000000
0000ABB2
00000000
00000000
00000000
00000000
00000000
00000000
00000000
0000ABB2
00000000
00000000
00000000
00000000
00000000
00000000
00000000
0000ABB2
00000000
00000000
00000000
00000000
00000000
00000000
00000000
0000ABB2
00000000
00000000
00000000
00000000
00000000
00000000
00000000
0000ABB2
00000000
00000000
00000000
00000000
00000000
00000000
00000000
0000ABB2
00000000
00000000
00000000
00000000
00000000
00000000
00000000
0000ABB2
00000000
00000000
00000000
00000000
00000000
00000000
00000000
0000ABB2
00000000
00000000
00000000
00000000
00000000
00000000
00000000
0000ABB2
00000000
00000000
00000000
00000000
00000000
00000000
00000000
0000ABB2
00000000
00000000
00000000
00000000
00000000
00000000
00000000
0000ABB2
00000000
00000000
00000000
00000000
00000000
00000000
00000000
0000ABB2
00000000
00000000
00000000
00000000
00000000
00000000
00000000
0000ABB2
00000000
00000000
00000000
00000000
00000000
00000000
00000000
0000ABB2
00000000
00000000
00000000
00000000
00000000
00000000
00000000
0000ABB2
00000000
00000000
00000000
00000000
00000000
00000000
00000000
0000ABB2
00000000
00000000
00000000
00000000
00000000
00000000
00000000
0000ABB2
00000000
00000000
00000000
00000000
00000000
00000000
00000000
0000ABB2
00000000
00000000
00000000
00000000
00000000
00000000
00000000
0000ABB2
00000000
00000000
00000000
00000000
00000000
00000000
00000000
0000ABB2
00000000
00000000
00000000
00000000
00000000
00000000
00000000
0000ABB2
00000000
00000000
00000000
00000000
00000000
00000000
00000000
0000ABB2
00000000
00000000
00000000
00000000
00000000
00000000
00000000
0000ABB2
00000000
00000000
00000000
00000000
00000000
00000000
00000000
0000ABB2
00000000
00000000
00000000
00000000
00000000
00000000
00000000
0000ABB2
00000000
00000000
00000000
00000000
00000000
00000000
00000000
0000ABB2
00000000
00000000
00000000
00000000
00000000
00000000
00000000
0000ABB2
00000000
00000000
00000000
00000000
00000000
00000000
00000000
0000ABB2
00000000
00000000
00000000
00000000
00000000
00000000
00000000
0000ABB2
00000000
00000000
00000000
00000000
00000000
00000000
00000000
0000ABB2
00000000
00000000
00000000
00000000
00000000
00000000
00000000
0000ABB2
00000000
00000000
00000000
00000000
00000000
00000000
00000000
0000ABB2
00000000
00000000
00000000
00000000
00000000
00000000
00000000
0000ABB2
00000000
00000000
00000000
00000000
00000000
00000000
00000000
0000ABB2
00000000
00000000
00000000
00000000
00000000
00000000
00000000
0000ABB2
00000000
00000000
00000000
00000000
00000000
00000000
00000000
0000ABB2
00000000
00000000
00000000
00000000
00000000
00000000
00000000
0000ABB2
00000000
00000000
00000000
00000000
00000000
00000000
00000000
0000ABB2
00000000
00000000
00000000
00000000
00000000
00000000
00000000
0000ABB2
00000000
00000000
00000000
00000000
00000000
00000000
00000000
0000ABB2
00000000
00000000
00000000
00000000
00000000
00000000
00000000
0000ABB2
00000000
00000000
00000000
00000000
00000000
00000000
00000000
0000ABB2
00000000
00000000
00000000
00000000
00000000
00000000
00000000
0000ABB2
00000000
00000000
00000000
00000000
00000000
00000000
00000000
0000ABB2
00000000
00000000
00000000
00000000
00000000
00000000
00000000
0000ABB2
00000000
00000000
00000000
00000000
00000000
00000000
00000000
0000ABB2
00000000
00000000
00000000
00000000
00000000
00000000
00000000
0000ABB2
00000000
00000000
00000000
00000000
00000000
00000000
00000000
0000ABB2
00000000
00000000
00000000
00000000
00000000
00000000
00000000
0000ABB2
00000000
00000000
00000000
00000000
00000000
00000000
00000000
0000ABB2
00000000
00000000
00000000
00000000
00000000
00000000
00000000
0000ABB2
00000000
00000000
00000000
00000000
00000000
00000000
00000000
0000ABB2
00000000
00000000
00000000
00000000
00000000
00000000
00000000
0000ABB2
00000000
00000000
00000000
00000000
00000000
00000000
00000000
0000ABB2
00000000
00000000
00000000
00000000
00000000
00000000
00000000
0000ABB2
00000000
00000000
00000000
00000000
00000000
00000000
00000000
0000ABB2
00000000
00000000
00000000
00000000
00000000
00000000
00000000
0000ABB2
00000000
00000000
00000000
00000000
00000000
00000000
00000000
0000ABB2
00000000
00000000
00000000
00000000
00000000
00000000
00000000
0000ABB2
00000000
00000000
00000000
00000000
00000000
00000000
00000000
0000ABB2
00000000
00000000
00000000
00000000
00000000
00000000
00000000
0000ABB2
00000000
00000000
00000000
00000000
00000000
00000000
00000000
0000ABB2
00000000
00000000
00000000
00000000
00000000
00000000
00000000
0000ABB2
00000000
00000000
00000000
00000000
00000000
00000000
00000000
0000ABB2
00000000
00000000
00000000
00000000
00000000
00000000
00000000
0000ABB2
00000000
00000000
00000000
00000000
00000000
00000000
00000000
0000ABB2
00000000
00000000
00000000
00000000
00000000
00000000
00000000
0000ABB2
00000000
00000000
00000000
00000000
00000000
00000000
00000000
0000ABB2
00000000
00000000
00000000
00000000
00000000
00000000
00000000
0000ABB2
00000000
00000000
00000000
00000000
00000000
00000000
00000000
0000ABB2
00000000
00000000
00000000
00000000
00000000
00000000
00000000
0000ABB2
00000000
00000000
00000000
00000000
00000000
00000000
00000000
0000ABB2
00000000
00000000
00000000
00000000
00000000
00000000
00000000
0000ABB2
00000000
00000000
00000000
00000000
00000000
00000000
00000000
0000ABB2
00000000
00000000
00000000
00000000
00000000
00000000
00000000
0000ABB2
00000000
00000000
00000000
00000000
00000000
00000000
00000000
0000ABB2
00000000
00000000
00000000
00000000
00000000
00000000
00000000
0000ABB2
00000000
00000000
00000000
00000000
00000000
00000000
00000000
0000ABB2
00000000
00000000
00000000
00000000
00000000
00000000
00000000
0000ABB2
00000000
00000000
00000000
00000000
00000000
00000000
00000000
0000ABB2
00000000
00000000
00000000
00000000
00000000
00000000
00000000
0000ABB2
00000000
00000000
00000000
00000000
00000000
00000000
00000000
0000ABB2
00000000
00000000
00000000
00000000
00000000
00000000
00000000
0000ABB2
00000000
00000000
00000000
00000000
00000000
00000000
00000000
0000ABB2
00000000
00000000
00000000
00000000
00000000
00000000
00000000
0000ABB2
00000000
00000000
00000000
00000000
00000000
00000000
00000000
0000ABB2
00000000
00000000
00000000
00000000
00000000
00000000
00000000
0000ABB2
00000000
00000000
00000000
00000000
00000000
00000000
00000000
0000ABB2
00000000
00000000
00000000
00000000
00000000
00000000
00000000
0000ABB2
00000000
00000000
00000000
00000000
00000000
00000000
00000000
0000ABB2
00000000
00000000
00000000
00000000
00000000
00000000
00000000
0000ABB2
00000000
00000000
00000000
00000000
00000000
00000000
00000000
0000ABB2
00000000
00000000
00000000
00000000
00000000
00000000
00000000
0000ABB2
00000000
00000000
00000000
00000000
00000000
00000000
00000000
0000ABB2
00000000
00000000
00000000
00000000
00000000
00000000
00000000
0000ABB2
00000000
00000000
00000000
00000000
00000000
00000000
00000000
0000ABB2
00000000
00000000
00000000
00000000
00000000
00000000
00000000
0000ABB2
00000000
00000000
00000000
00000000
00000000
00000000
00000000
0000ABB2
00000000
00000000
00000000
00000000
00000000
00000000
00000000
0000ABB2
00000000
00000000
00000000
00000000
00000000
00000000
00000000
0000ABB2
00000000
00000000
00000000
00000000
00000000
00000000
00000000
0000ABB2
00000000
00000000
00000000
00000000
00000000
00000000
00000000
0000ABB2
00000000
00000000
00000000
00000000
00000000
00000000
00000000
0000ABB2
00000000
00000000
00000000
00000000
00000000
00000000
00000000
0000ABB2
00000000
00000000
00000000
00000000
00000000
00000000
00000000
0000ABB2
00000000
00000000
00000000
00000000
00000000
00000000
00000000
0000ABB2
00000000
00000000
00000000
00000000
00000000
00000000
00000000
0000ABB2
00000000
00000000
00000000
00000000
00000000
00000000
00000000
0000ABB2
00000000
00000000
00000000
00000000
00000000
00000000
00000000
0000ABB2
00000000
00000000
00000000
00000000
00000000
00000000
00000000
0000ABB2
00000000
00000000
00000000
00000000
00000000
00000000
00000000
0000ABB2
00000000
00000000
00000000
00000000
00000000
00000000
00000000
0000ABB2
00000000
00000000
00000000
00000000
00000000
00000000
00000000
0000ABB2
00000000
00000000
00000000
00000000
00000000
00000000
00000000
0000ABB2
00000000
00000000
00000000
00000000
00000000
00000000
00000000
0000ABB2
00000000
00000000
00000000
00000000
00000000
00000000
00000000
0000ABB2
00000000
00000000
00000000
00000000
00000000
00000000
00000000
0000ABB2
00000000
00000000
00000000
00000000
00000000
00000000
00000000
0000ABB2
00000000
00000000
00000000
00000000
00000000
00000000
00000000
0000ABB2
00000000
00000000
00000000
00000000
00000000
00000000
00000000
0000ABB2
00000000
00000000
00000000
00000000
00000000
00000000
00000000
0000ABB2
00000000
00000000
00000000
00000000
00000000
00000000
00000000
0000ABB2
00000000
00000000
00000000
00000000
00000000
00000000
00000000
0000ABB2
00000000
00000000
00000000
00000000
00000000
00000000
00000000
0000ABB2
00000000
00000000
00000000
00000000
00000000
00000000
00000000
0000ABB2
00000000
00000000
00000000
00000000
00000000
00000000
00000000
0000ABB2
00000000
00000000
00000000
00000000
00000000
00000000
00000000
0000ABB2
00000000
00000000
00000000
00000000
00000000
00000000
00000000
0000ABB2
00000000
00000000
00000000
00000000
00000000
00000000
00000000
0000ABB2
00000000
00000000
00000000
00000000
00000000
00000000
00000000
0000ABB2
00000000
00000000
00000000
00000000
00000000
00000000
00000000
0000ABB2
00000000
00000000
00000000
00000000
00000000
00000000
00000000
0000ABB2
00000000
00000000
00000000
00000000
00000000
00000000
00000000
0000ABB2
00000000
00000000
00000000
00000000
00000000
00000000
00000000
0000ABB2
00000000
00000000
00000000
00000000
00000000
00000000
00000000
0000ABB2
00000000
00000000
00000000
00000000
00000000
00000000
00000000
0000ABB2
00000000
00000000
00000000
00000000
00000000
00000000
00000000
0000ABB2
00000000
00000000
00000000
00000000
00000000
00000000
00000000
0000ABB2
00000000
00000000
00000000
00000000
00000000
00000000
00000000
0000ABB2
00000000
00000000
00000000
00000000
00000000
00000000
00000000
0000ABB2
00000000
00000000
00000000
00000000
00000000
00000000
00000000
0000ABB2
00000000
00000000
00000000
00000000
00000000
00000000
00000000
0000ABB2
00000000
00000000
00000000
00000000
00000000
00000000
00000000
0000ABB2
00000000
00000000
00000000
00000000
00000000
00000000
00000000
0000ABB2
00000000
00000000
00000000
00000000
00000000
00000000
00000000
0000ABB2
00000000
00000000
00000000
00000000
00000000
00000000
00000000
0000ABB2
00000000
00000000
00000000
00000000
00000000
00000000
00000000
0000ABB2
00000000
00000000
00000000
00000000
00000000
00000000
00000000
0000ABB2
00000000
00000000
00000000
00000000
00000000
00000000
00000000
0000ABB2
00000000
00000000
00000000
00000000
00000000
00000000
00000000
0000ABB2
00000000
00000000
00000000
00000000
00000000
00000000
00000000
0000ABB2
00000000
00000000
00000000
00000000
00000000
00000000
00000000
0000ABB2
00000000
00000000
00000000
00000000
00000000
00000000
00000000
0000ABB2
00000000
00000000
00000000
00000000
00000000
00000000
00000000
0000ABB2
00000000
00000000
00000000
00000000
00000000
00000000
00000000
0000ABB2
00000000
00000000
00000000
00000000
00000000
00000000
00000000
0000ABB2
00000000
00000000
00000000
00000000
00000000
00000000
00000000
0000ABB2
00000000
00000000
00000000
00000000
00000000
00000000
00000000
0000ABB2
00000000
00000000
00000000
00000000
00000000
00000000
00000000
0000ABB2
00000000
00000000
00000000
00000000
00000000
00000000
00000000
0000ABB2
00000000
00000000
00000000
00000000
00000000
00000000
00000000
0000ABB2
00000000
00000000
00000000
00000000
00000000
00000000
00000000
0000ABB2
00000000
00000000
00000000
00000000
00000000
00000000
00000000
0000ABB2
00000000
00000000
00000000
00000000
00000000
00000000
00000000
0000ABB2
00000000
00000000
00000000
00000000
00000000
00000000
00000000
0000ABB2
00000000
00000000
00000000
00000000
00000000
00000000
00000000
0000ABB2
00000000
00000000
00000000
00000000
00000000
00000000
00000000
0000ABB2
00000000
00000000
00000000
00000000
00000000
00000000
00000000
0000ABB2
00000000
00000000
00000000
00000000
00000000
00000000
00000000
0000ABB2
00000000
00000000
00000000
00000000
00000000
00000000
00000000
0000ABB2
00000000
00000000
00000000
00000000
00000000
00000000
00000000
0000ABB2
00000000
00000000
00000000
00000000
00000000
00000000
00000000
0000ABB2
00000000
00000000
00000000
00000000
00000000
00000000
00000000
0000ABB2
00000000
00000000
00000000
00000000
00000000
00000000
00000000
0000ABB2
00000000
00000000
00000000
00000000
00000000
00000000
00000000
0000ABB2
00000000
00000000
00000000
00000000
00000000
00000000
00000000
0000ABB2
00000000
00000000
00000000
00000000
00000000
00000000
00000000
0000ABB2
00000000
00000000
00000000
00000000
00000000
00000000
00000000
0000ABB2
00000000
00000000
00000000
00000000
00000000
00000000
00000000
0000ABB2
00000000
00000000
00000000
00000000
00000000
00000000
00000000
0000ABB2
00000000
00000000
00000000
00000000
00000000
00000000
00000000
0000ABB2
00000000
00000000
00000000
00000000
00000000
00000000
00000000
0000ABB2
00000000
00000000
00000000
00000000
00000000
00000000
00000000
0000ABB2
00000000
00000000
00000000
00000000
00000000
00000000
00000000
0000ABB2
00000000
00000000
00000000
00000000
00000000
00000000
00000000
0000ABB2
00000000
00000000
00000000
00000000
00000000
00000000
00000000
0000ABB2
00000000
00000000
00000000
00000000
00000000
00000000
00000000
0000ABB2
00000000
00000000
00000000
00000000
00000000
00000000
00000000
0000ABB2
00000000
00000000
00000000
00000000
00000000
00000000
00000000
0000ABB2
00000000
00000000
00000000
00000000
00000000
00000000
00000000
0000ABB2
00000000
00000000
00000000
00000000
00000000
00000000
00000000
0000ABB2
00000000
00000000
00000000
00000000
00000000
00000000
00000000
0000ABB2
00000000
00000000
00000000
00000000
00000000
00000000
00000000
0000ABB2
00000000
00000000
00000000
00000000
00000000
00000000
00000000
0000ABB2
00000000
00000000
00000000
00000000
00000000
00000000
00000000
0000ABB2
00000000
00000000
00000000
00000000
00000000
00000000
00000000
0000ABB2
00000000
00000000
00000000
00000000
00000000
00000000
00000000
0000ABB2
00000000
00000000
00000000
00000000
00000000
00000000
00000000
0000ABB2
00000000
00000000
00000000
00000000
00000000
00000000
00000000
0000ABB2
00000000
00000000
00000000
00000000
00000000
00000000
00000000
0000ABB2
00000000
00000000
00000000
00000000
00000000
00000000
00000000
0000ABB2
00000000
00000000
00000000
00000000
00000000
00000000
00000000
0000ABB2
00000000
00000000
00000000
00000000
00000000
00000000
00000000
0000ABB2
00000000
00000000
00000000
00000000
00000000
00000000
00000000
0000ABB2
00000000
00000000
00000000
00000000
00000000
00000000
00000000
0000ABB2
00000000
00000000
00000000
00000000
00000000
00000000
00000000
0000ABB2
00000000
00000000
00000000
00000000
00000000
00000000
00000000
0000ABB2
00000000
00000000
00000000
00000000
00000000
00000000
00000000
0000ABB2
00000000
00000000
00000000
00000000
00000000
00000000
00000000
0000ABB2
00000000
00000000
00000000
00000000
00000000
00000000
00000000
0000ABB2
00000000
00000000
00000000
00000000
00000000
00000000
00000000
0000ABB2
00000000
00000000
00000000
00000000
00000000
00000000
00000000
0000ABB2
00000000
00000000
00000000
00000000
00000000
00000000
00000000
0000ABB2
00000000
00000000
00000000
00000000
00000000
00000000
00000000
0000ABB2
00000000
00000000
00000000
00000000
00000000
00000000
00000000
0000ABB2
00000000
00000000
00000000
00000000
00000000
00000000
00000000
0000ABB2
00000000
00000000
00000000
00000000
00000000
00000000
00000000
0000ABB2
00000000
00000000
00000000
00000000
00000000
00000000
00000000
0000ABB2
00000000
00000000
00000000
00000000
00000000
00000000
00000000
0000ABB2
00000000
00000000
00000000
00000000
00000000
00000000
00000000
0000ABB2
00000000
00000000
00000000
00000000
00000000
00000000
00000000
0000ABB2
00000000
00000000
00000000
00000000
00000000
00000000
00000000
0000ABB2
00000000
00000000
00000000
00000000
00000000
00000000
00000000
0000ABB2
00000000
00000000
00000000
00000000
00000000
00000000
00000000
0000ABB2
00000000
00000000
00000000
00000000
00000000
00000000
00000000
0000ABB2
00000000
00000000
00000000
00000000
00000000
00000000
00000000
0000ABB2
00000000
00000000
00000000
00000000
00000000
00000000
00000000
0000ABB2
00000000
00000000
00000000
00000000
00000000
00000000
00000000
0000ABB2
00000000
00000000
00000000
00000000
00000000
00000000
00000000
0000ABB2
00000000
00000000
00000000
00000000
00000000
00000000
00000000
0000ABB2
00000000
00000000
00000000
00000000
00000000
00000000
00000000
0000ABB2
00000000
00000000
00000000
00000000
00000000
00000000
00000000
0000ABB2
00000000
00000000
00000000
00000000
00000000
00000000
00000000
0000ABB2
00000000
00000000
00000000
00000000
00000000
00000000
00000000
0000ABB2
00000000
00000000
00000000
00000000
00000000
00000000
00000000
0000ABB2
00000000
00000000
00000000
00000000
00000000
00000000
00000000
0000ABB2
00000000
00000000
00000000
00000000
00000000
00000000
00000000
0000ABB2
00000000
00000000
00000000
00000000
00000000
00000000
00000000
0000ABB2
00000000
00000000
00000000
00000000
00000000
00000000
00000000
0000ABB2
00000000
00000000
00000000
00000000
00000000
00000000
00000000
0000ABB2
00000000
00000000
00000000
00000000
00000000
00000000
00000000
0000ABB2
00000000
00000000
00000000
00000000
00000000
00000000
00000000
0000ABB2
00000000
00000000
00000000
00000000
00000000
00000000
00000000
0000ABB2
00000000
00000000
00000000
00000000
00000000
00000000
00000000
0000ABB2
00000000
00000000
00000000
00000000
00000000
00000000
00000000
0000ABB2
00000000
00000000
00000000
00000000
00000000
00000000
00000000
0000ABB2
00000000
00000000
00000000
00000000
00000000
00000000
00000000
0000ABB2
00000000
00000000
00000000
00000000
00000000
00000000
00000000
0000ABB2
00000000
00000000
00000000
00000000
00000000
00000000
00000000
0000ABB2
00000000
00000000
00000000
00000000
00000000
00000000
00000000
0000ABB2
00000000
00000000
00000000
00000000
00000000
00000000
00000000
0000ABB2
00000000
00000000
00000000
00000000
00000000
00000000
00000000
0000ABB2
00000000
00000000
00000000
00000000
00000000
00000000
00000000
0000ABB2
00000000
00000000
00000000
00000000
00000000
00000000
00000000
0000ABB2
00000000
00000000
00000000
00000000
00000000
00000000
00000000
0000ABB2
00000000
00000000
00000000
00000000
00000000
00000000
00000000
0000ABB2
00000000
00000000
00000000
00000000
00000000
00000000
00000000
0000ABB2
00000000
00000000
00000000
00000000
00000000
00000000
00000000
0000ABB2
00000000
00000000
00000000
00000000
00000000
00000000
00000000
0000ABB2
00000000
00000000
00000000
00000000
00000000
00000000
00000000
0000ABB2
00000000
00000000
00000000
00000000
00000000
00000000
00000000
0000ABB2
00000000
00000000
00000000
00000000
00000000
00000000
00000000
0000ABB2
00000000
00000000
00000000
00000000
00000000
00000000
00000000
0000ABB2
00000000
00000000
00000000
00000000
00000000
00000000
00000000
0000ABB2
00000000
00000000
00000000
00000000
00000000
00000000
00000000
0000ABB2
00000000
00000000
00000000
00000000
00000000
00000000
00000000
0000ABB2
00000000
00000000
00000000
00000000
00000000
00000000
00000000
0000ABB2
00000000
00000000
00000000
00000000
00000000
00000000
00000000
0000ABB2
00000000
00000000
00000000
00000000
00000000
00000000
00000000
0000ABB2
00000000
00000000
00000000
00000000
00000000
00000000
00000000
0000ABB2
00000000
00000000
00000000
00000000
00000000
00000000
00000000
0000ABB2
00000000
00000000
00000000
00000000
00000000
00000000
00000000
0000ABB2
00000000
00000000
00000000
00000000
00000000
00000000
00000000
0000ABB2
00000000
00000000
00000000
00000000
00000000
00000000
00000000
0000ABB2
00000000
00000000
00000000
00000000
00000000
00000000
00000000
0000ABB2
00000000
00000000
00000000
00000000
00000000
00000000
00000000
0000ABB2
00000000
00000000
00000000
00000000
00000000
00000000
00000000
0000ABB2
00000000
00000000
00000000
00000000
00000000
00000000
00000000
0000ABB2
00000000
00000000
00000000
00000000
00000000
00000000
00000000
0000ABB2
00000000
00000000
00000000
00000000
00000000
00000000
00000000
0000ABB2
00000000
00000000
00000000
00000000
00000000
00000000
00000000
0000ABB2
00000000
00000000
00000000
00000000
00000000
00000000
00000000
0000ABB2
00000000
00000000
00000000
00000000
00000000
00000000
00000000
0000ABB2
00000000
00000000
00000000
00000000
00000000
00000000
00000000
0000ABB2
00000000
00000000
00000000
00000000
00000000
00000000
00000000
0000ABB2
00000000
00000000
00000000
00000000
00000000
00000000
00000000
0000ABB2
00000000
00000000
00000000
00000000
00000000
00000000
00000000
0000ABB2
00000000
00000000
00000000
00000000
00000000
00000000
00000000
0000ABB2
00000000
00000000
00000000
00000000
00000000
00000000
00000000
0000ABB2
00000000
00000000
00000000
00000000
00000000
00000000
00000000
0000ABB2
00000000
00000000
00000000
00000000
00000000
00000000
00000000
0000ABB2
00000000
00000000
00000000
00000000
00000000
00000000
00000000
0000ABB2
00000000
00000000
00000000
00000000
00000000
00000000
00000000
0000ABB2
00000000
00000000
00000000
00000000
00000000
00000000
00000000
0000ABB2
00000000
00000000
00000000
00000000
00000000
00000000
00000000
0000ABB2
00000000
00000000
00000000
00000000
00000000
00000000
00000000
0000ABB2
00000000
00000000
00000000
00000000
00000000
00000000
00000000
0000ABB2
00000000
00000000
00000000
00000000
00000000
00000000
00000000
0000ABB2
00000000
00000000
00000000
00000000
00000000
00000000
00000000
0000ABB2
00000000
00000000
00000000
00000000
00000000
00000000
00000000
0000ABB2
00000000
00000000
00000000
00000000
00000000
00000000
00000000
0000ABB2
00000000
00000000
00000000
00000000
00000000
00000000
00000000
0000ABB2
00000000
00000000
00000000
00000000
00000000
00000000
00000000
0000ABB2
00000000
00000000
00000000
00000000
00000000
00000000
00000000
0000ABB2
00000000
00000000
00000000
00000000
00000000
00000000
00000000
0000ABB2
00000000
00000000
00000000
00000000
00000000
00000000
00000000
0000ABB2
00000000
00000000
00000000
00000000
00000000
00000000
00000000
0000ABB2
00000000
00000000
00000000
00000000
00000000
00000000
00000000
0000ABB2
00000000
00000000
00000000
00000000
00000000
00000000
00000000
0000ABB2
00000000
00000000
00000000
00000000
00000000
00000000
00000000
0000ABB2
00000000
00000000
00000000
00000000
00000000
00000000
00000000
0000ABB2
00000000
00000000
00000000
00000000
00000000
00000000
00000000
0000ABB2
00000000
00000000
00000000
00000000
00000000
00000000
00000000
0000ABB2
00000000
00000000
00000000
00000000
00000000
00000000
00000000
0000ABB2
00000000
00000000
00000000
00000000
00000000
00000000
00000000
0000ABB2
00000000
00000000
00000000
00000000
00000000
00000000
00000000
0000ABB2
00000000
00000000
00000000
00000000
00000000
00000000
00000000
0000ABB2
00000000
00000000
00000000
00000000
00000000
00000000
00000000
0000ABB2
00000000
00000000
00000000
00000000
00000000
00000000
00000000
0000ABB2
00000000
00000000
00000000
00000000
00000000
00000000
00000000
0000ABB2
00000000
00000000
00000000
00000000
00000000
00000000
00000000
0000ABB2
00000000
00000000
00000000
00000000
00000000
00000000
00000000
0000ABB2
00000000
00000000
00000000
00000000
00000000
00000000
00000000
0000ABB2
00000000
00000000
00000000
00000000
00000000
00000000
00000000
0000ABB2
00000000
00000000
00000000
00000000
00000000
00000000
00000000
0000ABB2
00000000
00000000
00000000
00000000
00000000
00000000
00000000
0000ABB2
00000000
00000000
00000000
00000000
00000000
00000000
00000000
0000ABB2
00000000
00000000
00000000
00000000
00000000
00000000
00000000
0000ABB2
00000000
00000000
00000000
00000000
00000000
00000000
00000000
0000ABB2
00000000
00000000
00000000
00000000
00000000
00000000
00000000
0000ABB2
00000000
00000000
00000000
00000000
00000000
00000000
00000000
0000ABB2
00000000
00000000
00000000
00000000
00000000
00000000
00000000
0000ABB2
00000000
00000000
00000000
00000000
00000000
00000000
00000000
0000ABB2
00000000
00000000
00000000
00000000
00000000
00000000
00000000
0000ABB2
00000000
00000000
00000000
00000000
00000000
00000000
00000000
0000ABB2
00000000
00000000
00000000
00000000
00000000
00000000
00000000
0000ABB2
00000000
00000000
00000000
00000000
00000000
00000000
00000000
0000ABB2
00000000
00000000
00000000
00000000
00000000
00000000
00000000
0000ABB2
00000000
00000000
00000000
00000000
00000000
00000000
00000000
0000ABB2
00000000
00000000
00000000
00000000
00000000
00000000
00000000
0000ABB2
00000000
00000000
00000000
00000000
00000000
00000000
00000000
0000ABB2
00000000
00000000
00000000
00000000
00000000
00000000
00000000
0000ABB2
00000000
00000000
00000000
00000000
00000000
00000000
00000000
0000ABB2
00000000
00000000
00000000
00000000
00000000
00000000
00000000
0000ABB2
00000000
00000000
00000000
00000000
00000000
00000000
00000000
0000ABB2
00000000
00000000
00000000
00000000
00000000
00000000
00000000
0000ABB2
00000000
00000000
00000000
00000000
00000000
00000000
00000000
0000ABB2
00000000
00000000
00000000
00000000
00000000
00000000
00000000
0000ABB2
00000000
00000000
00000000
00000000
00000000
00000000
00000000
0000ABB2
00000000
00000000
00000000
00000000
00000000
00000000
00000000
0000ABB2
00000000
00000000
00000000
00000000
00000000
00000000
00000000
0000ABB2
00000000
00000000
00000000
00000000
00000000
00000000
00000000
0000ABB2
00000000
00000000
00000000
00000000
00000000
00000000
00000000
0000ABB2
00000000
00000000
00000000
00000000
00000000
00000000
00000000
0000ABB2
00000000
00000000
00000000
00000000
00000000
00000000
00000000
0000ABB2
00000000
00000000
00000000
00000000
00000000
00000000
00000000
0000ABB2
00000000
00000000
00000000
00000000
00000000
00000000
00000000
0000ABB2
00000000
00000000
00000000
00000000
00000000
00000000
00000000
0000ABB2
00000000
00000000
00000000
00000000
00000000
00000000
00000000
0000ABB2
00000000
00000000
00000000
00000000
00000000
00000000
00000000
0000ABB2
00000000
00000000
00000000
00000000
00000000
00000000
00000000
0000ABB2
00000000
00000000
00000000
00000000
00000000
00000000
00000000
0000ABB2
00000000
00000000
00000000
00000000
00000000
00000000
00000000
0000ABB2
00000000
00000000
00000000
00000000
00000000
00000000
00000000
0000ABB2
00000000
00000000
00000000
00000000
00000000
00000000
00000000
0000ABB2
00000000
00000000
00000000
00000000
00000000
00000000
00000000
0000ABB2
00000000
00000000
00000000
00000000
00000000
00000000
00000000
0000ABB2
00000000
00000000
00000000
00000000
00000000
00000000
00000000
0000ABB2
00000000
00000000
00000000
00000000
00000000
00000000
00000000
0000ABB2
00000000
00000000
00000000
00000000
00000000
00000000
00000000
0000ABB2
00000000
00000000
00000000
00000000
00000000
00000000
00000000
0000ABB2
00000000
00000000
00000000
00000000
00000000
00000000
00000000
0000ABB2
00000000
00000000
00000000
00000000
00000000
00000000
00000000
0000ABB2
00000000
00000000
00000000
00000000
00000000
00000000
00000000
0000ABB2
00000000
00000000
00000000
00000000
00000000
00000000
00000000
0000ABB2
00000000
00000000
00000000
00000000
00000000
00000000
00000000
0000ABB2
00000000
00000000
00000000
00000000
00000000
00000000
00000000
0000ABB2
00000000
00000000
00000000
00000000
00000000
00000000
00000000
0000ABB2
00000000
00000000
00000000
00000000
00000000
00000000
00000000
0000ABB2
00000000
00000000
00000000
00000000
00000000
00000000
00000000
0000ABB2
00000000
00000000
00000000
00000000
00000000
00000000
00000000
0000ABB2
00000000
00000000
00000000
00000000
00000000
00000000
00000000
0000ABB2
00000000
00000000
00000000
00000000
00000000
00000000
00000000
0000ABB2
00000000
00000000
00000000
00000000
00000000
00000000
00000000
0000ABB2
00000000
00000000
00000000
00000000
00000000
00000000
00000000
0000ABB2
00000000
00000000
00000000
00000000
00000000
00000000
00000000
0000ABB2
00000000
00000000
00000000
00000000
00000000
00000000
00000000
0000ABB2
00000000
00000000
00000000
00000000
00000000
00000000
00000000
0000ABB2
00000000
00000000
00000000
00000000
00000000
00000000
00000000
0000ABB2
00000000
00000000
00000000
00000000
00000000
00000000
00000000
0000ABB2
00000000
00000000
00000000
00000000
00000000
00000000
00000000
0000ABB2
00000000
00000000
00000000
00000000
00000000
00000000
00000000
0000ABB2
00000000
00000000
00000000
00000000
00000000
00000000
00000000
0000ABB2
00000000
00000000
00000000
00000000
00000000
00000000
00000000
0000ABB2
00000000
00000000
00000000
00000000
00000000
00000000
00000000
0000ABB2
00000000
00000000
00000000
00000000
00000000
00000000
00000000
0000ABB2
00000000
00000000
00000000
00000000
00000000
00000000
00000000
0000ABB2
00000000
00000000
00000000
00000000
00000000
00000000
00000000
0000ABB2
00000000
00000000
00000000
00000000
00000000
00000000
00000000
0000ABB2
00000000
00000000
00000000
00000000
00000000
00000000
00000000
0000ABB2
00000000
00000000
00000000
00000000
00000000
00000000
00000000
0000ABB2
00000000
00000000
00000000
00000000
00000000
00000000
00000000
0000ABB2
00000000
00000000
00000000
00000000
00000000
00000000
00000000
0000ABB2
00000000
00000000
00000000
00000000
00000000
00000000
00000000
0000ABB2
00000000
00000000
00000000
00000000
00000000
00000000
00000000
0000ABB2
00000000
00000000
00000000
00000000
00000000
00000000
00000000
0000ABB2
00000000
00000000
00000000
00000000
00000000
00000000
00000000
0000ABB2
00000000
00000000
00000000
00000000
00000000
00000000
00000000
0000ABB2
00000000
00000000
00000000
00000000
00000000
00000000
00000000
0000ABB2
00000000
00000000
00000000
00000000
00000000
00000000
00000000
0000ABB2
00000000
00000000
00000000
00000000
00000000
00000000
00000000
0000ABB2
00000000
00000000
00000000
00000000
00000000
00000000
00000000
0000ABB2
00000000
00000000
00000000
00000000
00000000
00000000
00000000
0000ABB2
00000000
00000000
00000000
00000000
00000000
00000000
00000000
0000ABB2
00000000
00000000
00000000
00000000
00000000
00000000
00000000
0000ABB2
00000000
00000000
00000000
00000000
00000000
00000000
00000000
0000ABB2
00000000
00000000
00000000
00000000
00000000
00000000
00000000
0000ABB2
00000000
00000000
00000000
00000000
00000000
00000000
00000000
0000ABB2
00000000
00000000
00000000
00000000
00000000
00000000
00000000
0000ABB2
00000000
00000000
00000000
00000000
00000000
00000000
00000000
0000ABB2
00000000
00000000
00000000
00000000
00000000
00000000
00000000
0000ABB2
00000000
00000000
00000000
00000000
00000000
00000000
00000000
0000ABB2
00000000
00000000
00000000
00000000
00000000
00000000
00000000
0000ABB2
00000000
00000000
00000000
00000000
00000000
00000000
00000000
0000ABB2
00000000
00000000
00000000
00000000
00000000
00000000
00000000
0000ABB2
00000000
00000000
00000000
00000000
00000000
00000000
00000000
0000ABB2
00000000
00000000
00000000
00000000
00000000
00000000
00000000
0000ABB2
00000000
00000000
00000000
00000000
00000000
00000000
00000000
0000ABB2
00000000
00000000
00000000
00000000
00000000
00000000
00000000
0000ABB2
00000000
00000000
00000000
00000000
00000000
00000000
00000000
0000ABB2
00000000
00000000
00000000
00000000
00000000
00000000
00000000
0000ABB2
00000000
00000000
00000000
00000000
00000000
00000000
00000000
0000ABB2
00000000
00000000
00000000
00000000
00000000
00000000
00000000
0000ABB2
00000000
00000000
00000000
00000000
00000000
00000000
00000000
0000ABB2
00000000
00000000
00000000
00000000
00000000
00000000
00000000
0000ABB2
00000000
00000000
00000000
00000000
00000000
00000000
00000000
0000ABB2
00000000
00000000
00000000
00000000
00000000
00000000
00000000
0000ABB2
00000000
00000000
00000000
00000000
00000000
00000000
00000000
0000ABB2
00000000
00000000
00000000
00000000
00000000
00000000
00000000
0000ABB2
00000000
00000000
00000000
00000000
00000000
00000000
00000000
0000ABB2
00000000
00000000
00000000
00000000
00000000
00000000
00000000
0000ABB2
00000000
00000000
00000000
00000000
00000000
00000000
00000000
0000ABB2
00000000
00000000
00000000
00000000
00000000
00000000
00000000
0000ABB2
00000000
00000000
00000000
00000000
00000000
00000000
00000000
0000ABB2
00000000
00000000
00000000
00000000
00000000
00000000
00000000
0000ABB2
00000000
00000000
00000000
00000000
00000000
00000000
00000000
0000ABB2
00000000
00000000
00000000
00000000
00000000
00000000
00000000
0000ABB2
00000000
00000000
00000000
00000000
00000000
00000000
00000000
0000ABB2
00000000
00000000
00000000
00000000
00000000
00000000
00000000
0000ABB2
00000000
00000000
00000000
00000000
00000000
00000000
00000000
0000ABB2
00000000
00000000
00000000
00000000
00000000
00000000
00000000
0000ABB2
00000000
00000000
00000000
00000000
00000000
00000000
00000000
0000ABB2
00000000
00000000
00000000
00000000
00000000
00000000
00000000
0000ABB2
00000000
00000000
00000000
00000000
00000000
00000000
00000000
0000ABB2
00000000
00000000
00000000
00000000
00000000
00000000
00000000
0000ABB2
00000000
00000000
00000000
00000000
00000000
00000000
00000000
0000ABB2
00000000
00000000
00000000
00000000
00000000
00000000
00000000
0000ABB2
00000000
00000000
00000000
00000000
00000000
00000000
00000000
0000ABB2
00000000
00000000
00000000
00000000
00000000
00000000
00000000
0000ABB2
00000000
00000000
00000000
00000000
00000000
00000000
00000000
0000ABB2
00000000
00000000
00000000
00000000
00000000
00000000
00000000
0000ABB2
00000000
00000000
00000000
00000000
00000000
00000000
00000000
0000ABB2
00000000
00000000
00000000
00000000
00000000
00000000
00000000
0000ABB2
00000000
00000000
00000000
00000000
00000000
00000000
00000000
0000ABB2
00000000
00000000
00000000
00000000
00000000
00000000
00000000
0000ABB2
00000000
00000000
00000000
00000000
00000000
00000000
00000000
0000ABB2
00000000
00000000
00000000
00000000
00000000
00000000
00000000
0000ABB2
00000000
00000000
00000000
00000000
00000000
00000000
00000000
0000ABB2
00000000
00000000
00000000
00000000
00000000
00000000
00000000
0000ABB2
00000000
00000000
00000000
00000000
00000000
00000000
00000000
0000ABB2
00000000
00000000
00000000
00000000
00000000
00000000
00000000
0000ABB2
00000000
00000000
00000000
00000000
00000000
00000000
00000000
0000ABB2
00000000
00000000
00000000
00000000
00000000
00000000
00000000
0000ABB2
00000000
00000000
00000000
00000000
00000000
00000000
00000000
0000ABB2
00000000
00000000
00000000
00000000
00000000
00000000
00000000
0000ABB2
00000000
00000000
00000000
00000000
00000000
00000000
00000000
0000ABB2
00000000
00000000
00000000
00000000
00000000
00000000
00000000
0000ABB2
00000000
00000000
00000000
00000000
00000000
00000000
00000000
0000ABB2
00000000
00000000
00000000
00000000
00000000
00000000
00000000
0000ABB2
00000000
00000000
00000000
00000000
00000000
00000000
00000000
0000ABB2
00000000
00000000
00000000
00000000
00000000
00000000
00000000
0000ABB2
00000000
00000000
00000000
00000000
00000000
00000000
00000000
0000ABB2
00000000
00000000
00000000
00000000
00000000
00000000
00000000
0000ABB2
00000000
00000000
00000000
00000000
00000000
00000000
00000000
0000ABB2
00000000
00000000
00000000
00000000
00000000
00000000
00000000
0000ABB2
00000000
00000000
00000000
00000000
00000000
00000000
00000000
0000ABB2
00000000
00000000
00000000
00000000
00000000
00000000
00000000
0000ABB2
00000000
00000000
00000000
00000000
00000000
00000000
00000000
0000ABB2
00000000
00000000
00000000
00000000
00000000
00000000
00000000
0000ABB2
00000000
00000000
00000000
00000000
00000000
00000000
00000000
0000ABB2
00000000
00000000
00000000
00000000
00000000
00000000
00000000
0000ABB2
00000000
00000000
00000000
00000000
00000000
00000000
00000000
0000ABB2
00000000
00000000
00000000
00000000
00000000
00000000
00000000
0000ABB2
00000000
00000000
00000000
00000000
00000000
00000000
00000000
0000ABB2
00000000
00000000
00000000
00000000
00000000
00000000
00000000
0000ABB2
00000000
00000000
00000000
00000000
00000000
00000000
00000000
0000ABB2
00000000
00000000
00000000
00000000
00000000
00000000
00000000
0000ABB2
00000000
00000000
00000000
00000000
00000000
00000000
00000000
0000ABB2
00000000
00000000
00000000
00000000
00000000
00000000
00000000
0000ABB2
00000000
00000000
00000000
00000000
00000000
00000000
00000000
0000ABB2
00000000
00000000
00000000
00000000
00000000
00000000
00000000
0000ABB2
00000000
00000000
00000000
00000000
00000000
00000000
00000000
0000ABB2
00000000
00000000
00000000
00000000
00000000
00000000
00000000
0000ABB2
00000000
00000000
00000000
00000000
00000000
00000000
00000000
0000ABB2
00000000
00000000
00000000
00000000
00000000
00000000
00000000
0000ABB2
00000000
00000000
00000000
00000000
00000000
00000000
00000000
0000ABB2
00000000
00000000
00000000
00000000
00000000
00000000
00000000
0000ABB2
00000000
00000000
00000000
00000000
00000000
00000000
00000000
0000ABB2
00000000
00000000
00000000
00000000
00000000
00000000
00000000
0000ABB2
00000000
00000000
00000000
00000000
00000000
00000000
00000000
0000ABB2
00000000
00000000
00000000
00000000
00000000
00000000
00000000
0000ABB2
00000000
00000000
00000000
00000000
00000000
00000000
00000000
0000ABB2
00000000
00000000
00000000
00000000
00000000
00000000
00000000
0000ABB2
00000000
00000000
00000000
00000000
00000000
00000000
00000000
0000ABB2
00000000
00000000
00000000
00000000
00000000
00000000
00000000
0000ABB2
00000000
00000000
00000000
00000000
00000000
00000000
00000000
0000ABB2
00000000
00000000
00000000
00000000
00000000
00000000
00000000
0000ABB2
00000000
00000000
00000000
00000000
00000000
00000000
00000000
0000ABB2
00000000
00000000
00000000
00000000
00000000
00000000
00000000
0000ABB2
00000000
00000000
00000000
00000000
00000000
00000000
00000000
0000ABB2
00000000
00000000
00000000
00000000
00000000
00000000
00000000
0000ABB2
00000000
00000000
00000000
00000000
00000000
00000000
00000000
0000ABB2
00000000
00000000
00000000
00000000
00000000
00000000
00000000
0000ABB2
00000000
00000000
00000000
00000000
00000000
00000000
00000000
0000ABB2
00000000
00000000
00000000
00000000
00000000
00000000
00000000
0000ABB2
00000000
00000000
00000000
00000000
00000000
00000000
00000000
0000ABB2
00000000
00000000
00000000
00000000
00000000
00000000
00000000
0000ABB2
00000000
00000000
00000000
00000000
00000000
00000000
00000000
0000ABB2
00000000
00000000
00000000
00000000
00000000
00000000
00000000
0000ABB2
00000000
00000000
00000000
00000000
00000000
00000000
00000000
0000ABB2
00000000
00000000
00000000
00000000
00000000
00000000
00000000
0000ABB2
00000000
00000000
00000000
00000000
00000000
00000000
00000000
0000ABB2
00000000
00000000
00000000
00000000
00000000
00000000
00000000
0000ABB2
00000000
00000000
00000000
00000000
00000000
00000000
00000000
0000ABB2
00000000
00000000
00000000
00000000
00000000
00000000
00000000
0000ABB2
00000000
00000000
00000000
00000000
00000000
00000000
00000000
0000ABB2
00000000
00000000
00000000
00000000
00000000
00000000
00000000
0000ABB2
00000000
00000000
00000000
00000000
00000000
00000000
00000000
0000ABB2
00000000
00000000
00000000
00000000
00000000
00000000
00000000
0000ABB2
00000000
00000000
00000000
00000000
00000000
00000000
00000000
0000ABB2
00000000
00000000
00000000
00000000
00000000
00000000
00000000
0000ABB2
00000000
00000000
00000000
00000000
00000000
00000000
00000000
0000ABB2
00000000
00000000
00000000
00000000
00000000
00000000
00000000
0000ABB2
00000000
00000000
00000000
00000000
00000000
00000000
00000000
0000ABB2
00000000
00000000
00000000
00000000
00000000
00000000
00000000
0000ABB2
00000000
00000000
00000000
00000000
00000000
00000000
00000000
0000ABB2
00000000
00000000
00000000
00000000
00000000
00000000
00000000
0000ABB2
00000000
00000000
00000000
00000000
00000000
00000000
00000000
0000ABB2
00000000
00000000
00000000
00000000
00000000
00000000
00000000
0000ABB2
00000000
00000000
00000000
00000000
00000000
00000000
00000000
0000ABB2
00000000
00000000
00000000
00000000
00000000
00000000
00000000
0000ABB2
00000000
00000000
00000000
00000000
00000000
00000000
00000000
0000ABB2
00000000
00000000
00000000
00000000
00000000
00000000
00000000
0000ABB2
00000000
00000000
00000000
00000000
00000000
00000000
00000000
0000ABB2
00000000
00000000
00000000
00000000
00000000
00000000
00000000
0000ABB2
00000000
00000000
00000000
00000000
00000000
00000000
00000000
0000ABB2
00000000
00000000
00000000
00000000
00000000
00000000
00000000
0000ABB2
00000000
00000000
00000000
00000000
00000000
00000000
00000000
0000ABB2
00000000
00000000
00000000
00000000
00000000
00000000
00000000
0000ABB2
00000000
00000000
00000000
00000000
00000000
00000000
00000000
0000ABB2
00000000
00000000
00000000
00000000
00000000
00000000
00000000
0000ABB2
00000000
00000000
00000000
00000000
00000000
00000000
00000000
0000ABB2
00000000
00000000
00000000
00000000
00000000
00000000
00000000
0000ABB2
00000000
00000000
00000000
00000000
00000000
00000000
00000000
0000ABB2
00000000
00000000
00000000
00000000
00000000
00000000
00000000
0000ABB2
00000000
00000000
00000000
00000000
00000000
00000000
00000000
0000ABB2
00000000
00000000
00000000
00000000
00000000
00000000
00000000
0000ABB2
00000000
00000000
00000000
00000000
00000000
00000000
00000000
0000ABB2
00000000
00000000
00000000
00000000
00000000
00000000
00000000
0000ABB2
00000000
00000000
00000000
00000000
00000000
00000000
00000000
0000ABB2
00000000
00000000
00000000
00000000
00000000
00000000
00000000
0000ABB2
00000000
00000000
00000000
00000000
00000000
00000000
00000000
0000ABB2
00000000
00000000
00000000
00000000
00000000
00000000
00000000
0000ABB2
00000000
00000000
00000000
00000000
00000000
00000000
00000000
0000ABB2
00000000
00000000
00000000
00000000
00000000
00000000
00000000
0000ABB2
00000000
00000000
00000000
00000000
00000000
00000000
00000000
0000ABB2
00000000
00000000
00000000
00000000
00000000
00000000
00000000
0000ABB2
00000000
00000000
00000000
00000000
00000000
00000000
00000000
0000ABB2
00000000
00000000
00000000
00000000
00000000
00000000
00000000
0000ABB2
00000000
00000000
00000000
00000000
00000000
00000000
00000000
0000ABB2
00000000
00000000
00000000
00000000
00000000
00000000
00000000
0000ABB2
00000000
00000000
00000000
00000000
00000000
00000000
00000000
0000ABB2
00000000
00000000
00000000
00000000
00000000
00000000
00000000
0000ABB2
00000000
00000000
00000000
00000000
00000000
00000000
00000000
0000ABB2
00000000
00000000
00000000
00000000
00000000
00000000
00000000
0000ABB2
00000000
00000000
00000000
00000000
00000000
00000000
00000000
0000ABB2
00000000
00000000
00000000
00000000
00000000
00000000
00000000
0000ABB2
00000000
00000000
00000000
00000000
00000000
00000000
00000000
0000ABB2
00000000
00000000
00000000
00000000
00000000
00000000
00000000
0000ABB2
00000000
00000000
00000000
00000000
00000000
00000000
00000000
0000ABB2
00000000
00000000
00000000
00000000
00000000
00000000
00000000
0000ABB2
00000000
00000000
00000000
00000000
00000000
00000000
00000000
0000ABB2
00000000
00000000
00000000
00000000
00000000
00000000
00000000
0000ABB2
00000000
00000000
00000000
00000000
00000000
00000000
00000000
0000ABB2
00000000
00000000
00000000
00000000
00000000
00000000
00000000
0000ABB2
00000000
00000000
00000000
00000000
00000000
00000000
00000000
0000ABB2
00000000
00000000
00000000
00000000
00000000
00000000
00000000
0000ABB2
00000000
00000000
00000000
00000000
00000000
00000000
00000000
0000ABB2
00000000
00000000
00000000
00000000
00000000
00000000
00000000
0000ABB2
00000000
00000000
00000000
00000000
00000000
00000000
00000000
0000ABB2
00000000
00000000
00000000
00000000
00000000
00000000
00000000
0000ABB2
00000000
00000000
00000000
00000000
00000000
00000000
00000000
0000ABB2
00000000
00000000
00000000
00000000
00000000
00000000
00000000
0000ABB2
00000000
00000000
00000000
00000000
00000000
00000000
00000000
0000ABB2
00000000
00000000
00000000
00000000
00000000
00000000
00000000
0000ABB2
00000000
00000000
00000000
00000000
00000000
00000000
00000000
0000ABB2
00000000
00000000
00000000
00000000
00000000
00000000
00000000
0000ABB2
00000000
00000000
00000000
00000000
00000000
00000000
00000000
0000ABB2
00000000
00000000
00000000
00000000
00000000
00000000
00000000
0000ABB2
00000000
00000000
00000000
00000000
00000000
00000000
00000000
0000ABB2
00000000
00000000
00000000
00000000
00000000
00000000
00000000
0000ABB2
00000000
00000000
00000000
00000000
00000000
00000000
00000000
0000ABB2
00000000
00000000
00000000
00000000
00000000
00000000
00000000
0000ABB2
00000000
00000000
00000000
00000000
00000000
00000000
00000000
0000ABB2
00000000
00000000
00000000
00000000
00000000
00000000
00000000
0000ABB2
00000000
00000000
00000000
00000000
00000000
00000000
00000000
0000ABB2
00000000
00000000
00000000
00000000
00000000
00000000
00000000
0000ABB2
00000000
00000000
00000000
00000000
00000000
00000000
00000000
0000ABB2
00000000
00000000
00000000
00000000
00000000
00000000
00000000
0000ABB2
00000000
00000000
00000000
00000000
00000000
00000000
00000000
0000ABB2
00000000
00000000
00000000
00000000
00000000
00000000
00000000
0000ABB2
00000000
00000000
00000000
00000000
00000000
00000000
00000000
0000ABB2
00000000
00000000
00000000
00000000
00000000
00000000
00000000
0000ABB2
00000000
00000000
00000000
00000000
00000000
00000000
00000000
0000ABB2
00000000
00000000
00000000
00000000
00000000
00000000
00000000
0000ABB2
00000000
00000000
00000000
00000000
00000000
00000000
00000000
0000ABB2
00000000
00000000
00000000
00000000
00000000
00000000
00000000
0000ABB2
00000000
00000000
00000000
00000000
00000000
00000000
00000000
0000ABB2
00000000
00000000
00000000
00000000
00000000
00000000
00000000
0000ABB2
00000000
00000000
00000000
00000000
00000000
00000000
00000000
0000ABB2
00000000
00000000
00000000
00000000
00000000
00000000
00000000
0000ABB2
00000000
00000000
00000000
00000000
00000000
00000000
00000000
0000ABB2
00000000
00000000
00000000
00000000
00000000
00000000
00000000
0000ABB2
00000000
00000000
00000000
00000000
00000000
00000000
00000000
0000ABB2
00000000
00000000
00000000
00000000
00000000
00000000
00000000
0000ABB2
00000000
00000000
00000000
00000000
00000000
00000000
00000000
0000ABB2
00000000
00000000
00000000
00000000
00000000
00000000
00000000
0000ABB2
00000000
00000000
00000000
00000000
00000000
00000000
00000000
0000ABB2
00000000
00000000
00000000
00000000
00000000
00000000
00000000
0000ABB2
00000000
00000000
00000000
00000000
00000000
00000000
00000000
0000ABB2
00000000
00000000
00000000
00000000
00000000
00000000
00000000
0000ABB2
00000000
00000000
00000000
00000000
00000000
00000000
00000000
0000ABB2
00000000
00000000
00000000
00000000
00000000
00000000
00000000
0000ABB2
00000000
00000000
00000000
00000000
00000000
00000000
00000000
0000ABB2
00000000
00000000
00000000
00000000
00000000
00000000
00000000
0000ABB2
00000000
00000000
00000000
00000000
00000000
00000000
00000000
0000ABB2
00000000
00000000
00000000
00000000
00000000
00000000
00000000
0000ABB2
00000000
00000000
00000000
00000000
00000000
00000000
00000000
0000ABB2
00000000
00000000
00000000
00000000
00000000
00000000
00000000
0000ABB2
00000000
00000000
00000000
00000000
00000000
00000000
00000000
0000ABB2
00000000
00000000
00000000
00000000
00000000
00000000
00000000
0000ABB2
00000000
00000000
00000000
00000000
00000000
00000000
00000000
0000ABB2
00000000
00000000
00000000
00000000
00000000
00000000
00000000
0000ABB2
00000000
00000000
00000000
00000000
00000000
00000000
00000000
0000ABB2
00000000
00000000
00000000
00000000
00000000
00000000
00000000
0000ABB2
00000000
00000000
00000000
00000000
00000000
00000000
00000000
0000ABB2
00000000
00000000
00000000
00000000
00000000
00000000
00000000
0000ABB2
00000000
00000000
00000000
00000000
00000000
00000000
00000000
0000ABB2
00000000
00000000
00000000
00000000
00000000
00000000
00000000
0000ABB2
00000000
00000000
00000000
00000000
00000000
00000000
00000000
0000ABB2
00000000
00000000
00000000
00000000
00000000
00000000
00000000
0000ABB2
00000000
00000000
00000000
00000000
00000000
00000000
00000000
0000ABB2
00000000
00000000
00000000
00000000
00000000
00000000
00000000
0000ABB2
00000000
00000000
00000000
00000000
00000000
00000000
00000000
0000ABB2
00000000
00000000
00000000
00000000
00000000
00000000
00000000
0000ABB2
00000000
00000000
00000000
00000000
00000000
00000000
00000000
0000ABB2
00000000
00000000
00000000
00000000
00000000
00000000
00000000
0000ABB2
00000000
00000000
00000000
00000000
00000000
00000000
00000000
0000ABB2
00000000
00000000
00000000
00000000
00000000
00000000
00000000
0000ABB2
00000000
00000000
00000000
00000000
00000000
00000000
00000000
0000ABB2
00000000
00000000
00000000
00000000
00000000
00000000
00000000
0000ABB2
00000000
00000000
00000000
00000000
00000000
00000000
00000000
0000ABB2
00000000
00000000
00000000
00000000
00000000
00000000
00000000
0000ABB2
00000000
00000000
00000000
00000000
00000000
00000000
00000000
0000ABB2
00000000
00000000
00000000
00000000
00000000
00000000
00000000
0000ABB2
00000000
00000000
00000000
00000000
00000000
00000000
00000000
0000ABB2
00000000
00000000
00000000
00000000
00000000
00000000
00000000
0000ABB2
00000000
00000000
00000000
00000000
00000000
00000000
00000000
0000ABB2
00000000
00000000
00000000
00000000
00000000
00000000
00000000
0000ABB2
00000000
00000000
00000000
00000000
00000000
00000000
00000000
0000ABB2
00000000
00000000
00000000
00000000
00000000
00000000
00000000
0000ABB2
00000000
00000000
00000000
00000000
00000000
00000000
00000000
0000ABB2
00000000
00000000
00000000
00000000
00000000
00000000
00000000
0000ABB2
00000000
00000000
00000000
00000000
00000000
00000000
00000000
0000ABB2
00000000
00000000
00000000
00000000
00000000
00000000
00000000
0000ABB2
00000000
00000000
00000000
00000000
00000000
00000000
00000000
0000ABB2
00000000
00000000
00000000
00000000
00000000
00000000
00000000
0000ABB2
00000000
00000000
00000000
00000000
00000000
00000000
00000000
0000ABB2
00000000
00000000
00000000
00000000
00000000
00000000
00000000
0000ABB2
00000000
00000000
00000000
00000000
00000000
00000000
00000000
0000ABB2
00000000
00000000
00000000
00000000
00000000
00000000
00000000
0000ABB2
00000000
00000000
00000000
00000000
00000000
00000000
00000000
0000ABB2
00000000
00000000
00000000
00000000
00000000
00000000
00000000
0000ABB2
00000000
00000000
00000000
00000000
00000000
00000000
00000000
0000ABB2
00000000
00000000
00000000
00000000
00000000
00000000
00000000
0000ABB2
00000000
00000000
00000000
00000000
00000000
00000000
00000000
0000ABB2
00000000
00000000
00000000
00000000
00000000
00000000
00000000
0000ABB2
00000000
00000000
00000000
00000000
00000000
00000000
00000000
0000ABB2
00000000
00000000
00000000
00000000
00000000
00000000
00000000
0000ABB2
00000000
00000000
00000000
00000000
00000000
00000000
00000000
0000ABB2
00000000
00000000
00000000
00000000
00000000
00000000
00000000
0000ABB2
00000000
00000000
00000000
00000000
00000000
00000000
00000000
0000ABB2
00000000
00000000
00000000
00000000
00000000
00000000
00000000
0000ABB2
00000000
00000000
00000000
00000000
00000000
00000000
00000000
0000ABB2
00000000
00000000
00000000
00000000
00000000
00000000
00000000
0000ABB2
00000000
00000000
00000000
00000000
00000000
00000000
00000000
0000ABB2
00000000
00000000
00000000
00000000
00000000
00000000
00000000
0000ABB2
00000000
00000000
00000000
00000000
00000000
00000000
00000000
0000ABB2
00000000
00000000
00000000
00000000
00000000
00000000
00000000
0000ABB2
00000000
00000000
00000000
00000000
00000000
00000000
00000000
0000ABB2
00000000
00000000
00000000
00000000
00000000
00000000
00000000
0000ABB2
00000000
00000000
00000000
00000000
00000000
00000000
00000000
0000ABB2
00000000
00000000
00000000
00000000
00000000
00000000
00000000
0000ABB2
00000000
00000000
00000000
00000000
00000000
00000000
00000000
0000ABB2
00000000
00000000
00000000
00000000
00000000
00000000
00000000
0000ABB2
00000000
00000000
00000000
00000000
00000000
00000000
00000000
0000ABB2
00000000
00000000
00000000
00000000
00000000
00000000
00000000
0000ABB2
00000000
00000000
00000000
00000000
00000000
00000000
00000000
0000ABB2
00000000
00000000
00000000
00000000
00000000
00000000
00000000
0000ABB2
00000000
00000000
00000000
00000000
00000000
00000000
00000000
0000ABB2
00000000
00000000
00000000
00000000
00000000
00000000
00000000
0000ABB2
00000000
00000000
00000000
00000000
00000000
00000000
00000000
0000ABB2
00000000
00000000
00000000
00000000
00000000
00000000
00000000
0000ABB2
00000000
00000000
00000000
00000000
00000000
00000000
00000000
0000ABB2
00000000
00000000
00000000
00000000
00000000
00000000
00000000
0000ABB2
00000000
00000000
00000000
00000000
00000000
00000000
00000000
0000ABB2
00000000
00000000
00000000
00000000
00000000
00000000
00000000
0000ABB2
00000000
00000000
00000000
00000000
00000000
00000000
00000000
0000ABB2
00000000
00000000
00000000
00000000
00000000
00000000
00000000
0000ABB2
00000000
00000000
00000000
00000000
00000000
00000000
00000000
0000ABB2
00000000
00000000
00000000
00000000
00000000
00000000
00000000
0000ABB2
00000000
00000000
00000000
00000000
00000000
00000000
00000000
0000ABB2
00000000
00000000
00000000
00000000
00000000
00000000
00000000
0000ABB2
00000000
00000000
00000000
00000000
00000000
00000000
00000000
0000ABB2
00000000
00000000
00000000
00000000
00000000
00000000
00000000
0000ABB2
00000000
00000000
00000000
00000000
00000000
00000000
00000000
0000ABB2
00000000
00000000
00000000
00000000
00000000
00000000
00000000
0000ABB2
00000000
00000000
00000000
00000000
00000000
00000000
00000000
0000ABB2
00000000
00000000
00000000
00000000
00000000
00000000
00000000
0000ABB2
00000000
00000000
00000000
00000000
00000000
00000000
00000000
0000ABB2
00000000
00000000
00000000
00000000
00000000
00000000
00000000
0000ABB2
00000000
00000000
00000000
00000000
00000000
00000000
00000000
0000ABB2
00000000
00000000
00000000
00000000
00000000
00000000
00000000
0000ABB2
00000000
00000000
00000000
00000000
00000000
00000000
00000000
0000ABB2
00000000
00000000
00000000
00000000
00000000
00000000
00000000
0000ABB2
00000000
00000000
00000000
00000000
00000000
00000000
00000000
0000ABB2
00000000
00000000
00000000
00000000
00000000
00000000
00000000
0000ABB2
00000000
00000000
00000000
00000000
00000000
00000000
00000000
0000ABB2
00000000
00000000
00000000
00000000
00000000
00000000
00000000
0000ABB2
00000000
00000000
00000000
00000000
00000000
00000000
00000000
0000ABB2
00000000
00000000
00000000
00000000
00000000
00000000
00000000
0000ABB2
00000000
00000000
00000000
00000000
00000000
00000000
00000000
0000ABB2
00000000
00000000
00000000
00000000
00000000
00000000
00000000
0000ABB2
00000000
00000000
00000000
00000000
00000000
00000000
00000000
0000ABB2
00000000
00000000
00000000
00000000
00000000
00000000
00000000
0000ABB2
00000000
00000000
00000000
00000000
00000000
00000000
00000000
0000ABB2
00000000
00000000
00000000
00000000
00000000
00000000
00000000
0000ABB2
00000000
00000000
00000000
00000000
00000000
00000000
00000000
0000ABB2
00000000
00000000
00000000
00000000
00000000
00000000
00000000
0000ABB2
00000000
00000000
00000000
00000000
00000000
00000000
00000000
0000ABB2
00000000
00000000
00000000
00000000
00000000
00000000
00000000
0000ABB2
00000000
00000000
00000000
00000000
00000000
00000000
00000000
0000ABB2
00000000
00000000
00000000
00000000
00000000
00000000
00000000
0000ABB2
00000000
00000000
00000000
00000000
00000000
00000000
00000000
0000ABB2
00000000
00000000
00000000
00000000
00000000
00000000
00000000
0000ABB2
00000000
00000000
00000000
00000000
00000000
00000000
00000000
0000ABB2
00000000
00000000
00000000
00000000
00000000
00000000
00000000
0000ABB2
00000000
00000000
00000000
00000000
00000000
00000000
00000000
0000ABB2
00000000
00000000
00000000
00000000
00000000
00000000
00000000
0000ABB2
00000000
00000000
00000000
00000000
00000000
00000000
00000000
0000ABB2
00000000
00000000
00000000
00000000
00000000
00000000
00000000
0000ABB2
00000000
00000000
00000000
00000000
00000000
00000000
00000000
0000ABB2
00000000
00000000
00000000
00000000
00000000
00000000
00000000
0000ABB2
00000000
00000000
00000000
00000000
00000000
00000000
00000000
0000ABB2
00000000
00000000
00000000
00000000
00000000
00000000
00000000
0000ABB2
00000000
00000000
00000000
00000000
00000000
00000000
00000000
0000ABB2
00000000
00000000
00000000
00000000
00000000
00000000
00000000
0000ABB2
00000000
00000000
00000000
00000000
00000000
00000000
00000000
0000ABB2
00000000
00000000
00000000
00000000
00000000
00000000
00000000
0000ABB2
00000000
00000000
00000000
00000000
00000000
00000000
00000000
0000ABB2
00000000
00000000
00000000
00000000
00000000
00000000
00000000
0000ABB2
00000000
00000000
00000000
00000000
00000000
00000000
00000000
0000ABB2
00000000
00000000
00000000
00000000
00000000
00000000
00000000
0000ABB2
00000000
00000000
00000000
00000000
00000000
00000000
00000000
0000ABB2
00000000
00000000
00000000
00000000
00000000
00000000
00000000
0000ABB2
00000000
00000000
00000000
00000000
00000000
00000000
00000000
0000ABB2
00000000
00000000
00000000
00000000
00000000
00000000
00000000
0000ABB2
00000000
00000000
00000000
00000000
00000000
00000000
00000000
0000ABB2
00000000
00000000
00000000
00000000
00000000
00000000
00000000
0000ABB2
00000000
00000000
00000000
00000000
00000000
00000000
00000000
0000ABB2
00000000
00000000
00000000
00000000
00000000
00000000
00000000
0000ABB2
00000000
00000000
00000000
00000000
00000000
00000000
00000000
0000ABB2
00000000
00000000
00000000
00000000
00000000
00000000
00000000
0000ABB2
00000000
00000000
00000000
00000000
00000000
00000000
00000000
0000ABB2
00000000
00000000
00000000
00000000
00000000
00000000
00000000
0000ABB2
00000000
00000000
00000000
00000000
00000000
00000000
00000000
0000ABB2
00000000
00000000
00000000
00000000
00000000
00000000
00000000
0000ABB2
00000000
00000000
00000000
00000000
00000000
00000000
00000000
0000ABB2
00000000
00000000
00000000
00000000
00000000
00000000
00000000
0000ABB2
00000000
00000000
00000000
00000000
00000000
00000000
00000000
0000ABB2
00000000
00000000
00000000
00000000
00000000
00000000
00000000
0000ABB2
00000000
00000000
00000000
00000000
00000000
00000000
00000000
0000ABB2
00000000
00000000
00000000
00000000
00000000
00000000
00000000
0000ABB2
00000000
00000000
00000000
00000000
00000000
00000000
00000000
0000ABB2
00000000
00000000
00000000
00000000
00000000
00000000
00000000
0000ABB2
00000000
00000000
00000000
00000000
00000000
00000000
00000000
0000ABB2
00000000
00000000
00000000
00000000
00000000
00000000
00000000
0000ABB2
00000000
00000000
00000000
00000000
00000000
00000000
00000000
0000ABB2
00000000
00000000
00000000
00000000
00000000
00000000
00000000
0000ABB2
00000000
00000000
00000000
00000000
00000000
00000000
00000000
0000ABB2
00000000
00000000
00000000
00000000
00000000
00000000
00000000
0000ABB2
00000000
00000000
00000000
00000000
00000000
00000000
00000000
0000ABB2
00000000
00000000
00000000
00000000
00000000
00000000
00000000
0000ABB2
00000000
00000000
00000000
00000000
00000000
00000000
00000000
0000ABB2
00000000
00000000
00000000
00000000
00000000
00000000
00000000
0000ABB2
00000000
00000000
00000000
00000000
00000000
00000000
00000000
0000ABB2
00000000
00000000
00000000
00000000
00000000
00000000
00000000
0000ABB2
00000000
00000000
00000000
00000000
00000000
00000000
00000000
0000ABB2
00000000
00000000
00000000
00000000
00000000
00000000
00000000
0000ABB2
00000000
00000000
00000000
00000000
00000000
00000000
00000000
0000ABB2
00000000
00000000
00000000
00000000
00000000
00000000
00000000
0000ABB2
00000000
00000000
00000000
00000000
00000000
00000000
00000000
0000ABB2
00000000
00000000
00000000
00000000
00000000
00000000
00000000
0000ABB2
00000000
00000000
00000000
00000000
00000000
00000000
00000000
0000ABB2
00000000
00000000
00000000
00000000
00000000
00000000
00000000
0000ABB2
00000000
00000000
00000000
00000000
00000000
00000000
00000000
0000ABB2
00000000
00000000
00000000
00000000
00000000
00000000
00000000
0000ABB2
00000000
00000000
00000000
00000000
00000000
00000000
00000000
0000ABB2
00000000
00000000
00000000
00000000
00000000
00000000
00000000
0000ABB2
00000000
00000000
00000000
00000000
00000000
00000000
00000000
0000ABB2
00000000
00000000
00000000
00000000
00000000
00000000
00000000
0000ABB2
00000000
00000000
00000000
00000000
00000000
00000000
00000000
0000ABB2
00000000
00000000
00000000
00000000
00000000
00000000
00000000
0000ABB2
00000000
00000000
00000000
00000000
00000000
00000000
00000000
0000ABB2
00000000
00000000
00000000
00000000
00000000
00000000
00000000
0000ABB2
00000000
00000000
00000000
00000000
00000000
00000000
00000000
0000ABB2
00000000
00000000
00000000
00000000
00000000
00000000
00000000
0000ABB2
00000000
00000000
00000000
00000000
00000000
00000000
00000000
0000ABB2
00000000
00000000
00000000
00000000
00000000
00000000
00000000
0000ABB2
00000000
00000000
00000000
00000000
00000000
00000000
00000000
0000ABB2
00000000
00000000
00000000
00000000
00000000
00000000
00000000
0000ABB2
00000000
00000000
00000000
00000000
00000000
00000000
00000000
0000ABB2
00000000
00000000
00000000
00000000
00000000
00000000
00000000
0000ABB2
00000000
00000000
00000000
00000000
00000000
00000000
00000000
0000ABB2
00000000
00000000
00000000
00000000
00000000
00000000
00000000
0000ABB2
00000000
00000000
00000000
00000000
00000000
00000000
00000000
0000ABB2
00000000
00000000
00000000
00000000
00000000
00000000
00000000
0000ABB2
00000000
00000000
00000000
00000000
00000000
00000000
00000000
0000ABB2
00000000
00000000
00000000
00000000
00000000
00000000
00000000
0000ABB2
00000000
00000000
00000000
00000000
00000000
00000000
00000000
0000ABB2
00000000
00000000
00000000
00000000
00000000
00000000
00000000
0000ABB2
00000000
00000000
00000000
00000000
00000000
00000000
00000000
0000ABB2
00000000
00000000
00000000
00000000
00000000
00000000
00000000
0000ABB2
00000000
00000000
00000000
00000000
00000000
00000000
00000000
0000ABB2
00000000
00000000
00000000
00000000
00000000
00000000
00000000
0000ABB2
00000000
00000000
00000000
00000000
00000000
00000000
00000000
0000ABB2
00000000
00000000
00000000
00000000
00000000
00000000
00000000
0000ABB2
00000000
00000000
00000000
00000000
00000000
00000000
00000000
0000ABB2
00000000
00000000
00000000
00000000
00000000
00000000
00000000
0000ABB2
00000000
00000000
00000000
00000000
00000000
00000000
00000000
0000ABB2
00000000
00000000
00000000
00000000
00000000
00000000
00000000
0000ABB2
00000000
00000000
00000000
00000000
00000000
00000000
00000000
0000ABB2
00000000
00000000
00000000
00000000
00000000
00000000
00000000
0000ABB2
00000000
00000000
00000000
00000000
00000000
00000000
00000000
0000ABB2
00000000
00000000
00000000
00000000
00000000
00000000
00000000
0000ABB2
00000000
00000000
00000000
00000000
00000000
00000000
00000000
0000ABB2
00000000
00000000
00000000
00000000
00000000
00000000
00000000
0000ABB2
00000000
00000000
00000000
00000000
00000000
00000000
00000000
0000ABB2
00000000
00000000
00000000
00000000
00000000
00000000
00000000
0000ABB2
00000000
00000000
00000000
00000000
00000000
00000000
00000000
0000ABB2
00000000
00000000
00000000
00000000
00000000
00000000
00000000
0000ABB2
00000000
00000000
00000000
00000000
00000000
00000000
00000000
0000ABB2
00000000
00000000
00000000
00000000
00000000
00000000
00000000
0000ABB2
00000000
00000000
00000000
00000000
00000000
00000000
00000000
0000ABB2
00000000
00000000
00000000
00000000
00000000
00000000
00000000
0000ABB2
00000000
00000000
00000000
00000000
00000000
00000000
00000000
0000ABB2
00000000
00000000
00000000
00000000
00000000
00000000
00000000
0000ABB2
00000000
00000000
00000000
00000000
00000000
00000000
00000000
0000ABB2
00000000
00000000
00000000
00000000
00000000
00000000
00000000
0000ABB2
00000000
00000000
00000000
00000000
00000000
00000000
00000000
0000ABB2
00000000
00000000
00000000
00000000
00000000
00000000
00000000
0000ABB2
00000000
00000000
00000000
00000000
00000000
00000000
00000000
0000ABB2
00000000
00000000
00000000
00000000
00000000
00000000
00000000
0000ABB2
00000000
00000000
00000000
00000000
00000000
00000000
00000000
0000ABB2
00000000
00000000
00000000
00000000
00000000
00000000
00000000
0000ABB2
00000000
00000000
00000000
00000000
00000000
00000000
00000000
0000ABB2
00000000
00000000
00000000
00000000
00000000
00000000
00000000
0000ABB2
00000000
00000000
00000000
00000000
00000000
00000000
00000000
0000ABB2
00000000
00000000
00000000
00000000
00000000
00000000
00000000
0000ABB2
00000000
00000000
00000000
00000000
00000000
00000000
00000000
0000ABB2
00000000
00000000
00000000
00000000
00000000
00000000
00000000
0000ABB2
00000000
00000000
00000000
00000000
00000000
00000000
00000000
0000ABB2
00000000
00000000
00000000
00000000
00000000
00000000
00000000
0000ABB2
00000000
00000000
00000000
00000000
00000000
00000000
00000000
0000ABB2
00000000
00000000
00000000
00000000
00000000
00000000
00000000
0000ABB2
00000000
00000000
00000000
00000000
00000000
00000000
00000000
0000ABB2
00000000
00000000
00000000
00000000
00000000
00000000
00000000
0000ABB2
00000000
00000000
00000000
00000000
00000000
00000000
00000000
0000ABB2
00000000
00000000
00000000
00000000
00000000
00000000
00000000
0000ABB2
00000000
00000000
00000000
00000000
00000000
00000000
00000000
0000ABB2
00000000
00000000
00000000
00000000
00000000
00000000
00000000
0000ABB2
00000000
00000000
00000000
00000000
00000000
00000000
00000000
0000ABB2
00000000
00000000
00000000
00000000
00000000
00000000
00000000
0000ABB2
00000000
00000000
00000000
00000000
00000000
00000000
00000000
0000ABB2
00000000
00000000
00000000
00000000
00000000
00000000
00000000
0000ABB2
00000000
00000000
00000000
00000000
00000000
00000000
00000000
0000ABB2
00000000
00000000
00000000
00000000
00000000
00000000
00000000
0000ABB2
00000000
00000000
00000000
00000000
00000000
00000000
00000000
0000ABB2
00000000
00000000
00000000
00000000
00000000
00000000
00000000
0000ABB2
00000000
00000000
00000000
00000000
00000000
00000000
00000000
0000ABB2
00000000
00000000
00000000
00000000
00000000
00000000
00000000
0000ABB2
00000000
00000000
00000000
00000000
00000000
00000000
00000000
0000ABB2
00000000
00000000
00000000
00000000
00000000
00000000
00000000
0000ABB2
00000000
00000000
00000000
00000000
00000000
00000000
00000000
0000ABB2
00000000
00000000
00000000
00000000
00000000
00000000
00000000
0000ABB2
00000000
00000000
00000000
00000000
00000000
00000000
00000000
0000ABB2
00000000
00000000
00000000
00000000
00000000
00000000
00000000
0000ABB2
00000000
00000000
00000000
00000000
00000000
00000000
00000000
0000ABB2
00000000
00000000
00000000
00000000
00000000
00000000
00000000
0000ABB2
00000000
00000000
00000000
00000000
00000000
00000000
00000000
0000ABB2
00000000
00000000
00000000
00000000
00000000
00000000
00000000
0000ABB2
00000000
00000000
00000000
00000000
00000000
00000000
00000000
0000ABB2
00000000
00000000
00000000
00000000
00000000
00000000
00000000
0000ABB2
00000000
00000000
00000000
00000000
00000000
00000000
00000000
0000ABB2
00000000
00000000
00000000
00000000
00000000
00000000
00000000
0000ABB2
00000000
00000000
00000000
00000000
00000000
00000000
00000000
0000ABB2
00000000
00000000
00000000
00000000
00000000
00000000
00000000
0000ABB2
00000000
00000000
00000000
00000000
00000000
00000000
00000000
0000ABB2
00000000
00000000
00000000
00000000
00000000
00000000
00000000
0000ABB2
00000000
00000000
00000000
00000000
00000000
00000000
00000000
0000ABB2
00000000
00000000
00000000
00000000
00000000
00000000
00000000
0000ABB2
00000000
00000000
00000000
00000000
00000000
00000000
00000000
0000ABB2
00000000
00000000
00000000
00000000
00000000
00000000
00000000
0000ABB2
00000000
00000000
00000000
00000000
00000000
00000000
00000000
0000ABB2
00000000
00000000
00000000
00000000
00000000
00000000
00000000
0000ABB2
00000000
00000000
00000000
00000000
00000000
00000000
00000000
0000ABB2
00000000
00000000
00000000
00000000
00000000
00000000
00000000
0000ABB2
00000000
00000000
00000000
00000000
00000000
00000000
00000000
0000ABB2
00000000
00000000
00000000
00000000
00000000
00000000
00000000
0000ABB2
00000000
00000000
00000000
00000000
00000000
00000000
00000000
0000ABB2
00000000
00000000
00000000
00000000
00000000
00000000
00000000
0000ABB2
00000000
00000000
00000000
00000000
00000000
00000000
00000000
0000ABB2
00000000
00000000
00000000
00000000
00000000
00000000
00000000
0000ABB2
00000000
00000000
00000000
00000000
00000000
00000000
00000000
0000ABB2
00000000
00000000
00000000
00000000
00000000
00000000
00000000
0000ABB2
00000000
00000000
00000000
00000000
00000000
00000000
00000000
0000ABB2
00000000
00000000
00000000
00000000
00000000
00000000
00000000
0000ABB2
00000000
00000000
00000000
00000000
00000000
00000000
00000000
0000ABB2
00000000
00000000
00000000
00000000
00000000
00000000
00000000
0000ABB2
00000000
00000000
00000000
00000000
00000000
00000000
00000000
0000ABB2
00000000
00000000
00000000
00000000
00000000
00000000
00000000
0000ABB2
00000000
00000000
00000000
00000000
00000000
00000000
00000000
0000ABB2
00000000
00000000
00000000
00000000
00000000
00000000
00000000
0000ABB2
00000000
00000000
00000000
00000000
00000000
00000000
00000000
0000ABB2
00000000
00000000
00000000
00000000
00000000
00000000
00000000
0000ABB2
00000000
00000000
00000000
00000000
00000000
00000000
00000000
0000ABB2
00000000
00000000
00000000
00000000
00000000
00000000
00000000
0000ABB2
00000000
00000000
00000000
00000000
00000000
00000000
00000000
0000ABB2
00000000
00000000
00000000
00000000
00000000
00000000
00000000
0000ABB2
00000000
00000000
00000000
00000000
00000000
00000000
00000000
0000ABB2
00000000
00000000
00000000
00000000
00000000
00000000
00000000
0000ABB2
00000000
00000000
00000000
00000000
00000000
00000000
00000000
0000ABB2
00000000
00000000
00000000
00000000
00000000
00000000
00000000
0000ABB2
00000000
00000000
00000000
00000000
00000000
00000000
00000000
0000ABB2
00000000
00000000
00000000
00000000
00000000
00000000
00000000
0000ABB2
00000000
00000000
00000000
00000000
00000000
00000000
00000000
0000ABB2
00000000
00000000
00000000
00000000
00000000
00000000
00000000
0000ABB2
00000000
00000000
00000000
00000000
00000000
00000000
00000000
0000ABB2
00000000
00000000
00000000
00000000
00000000
00000000
00000000
0000ABB2
00000000
00000000
00000000
00000000
00000000
00000000
00000000
0000ABB2
00000000
00000000
00000000
00000000
00000000
00000000
00000000
0000ABB2
00000000
00000000
00000000
00000000
00000000
00000000
00000000
0000ABB2
00000000
00000000
00000000
00000000
00000000
00000000
00000000
0000ABB2
00000000
00000000
00000000
00000000
00000000
00000000
00000000
0000ABB2
00000000
00000000
00000000
00000000
00000000
00000000
00000000
0000ABB2
00000000
00000000
00000000
00000000
00000000
00000000
00000000
0000ABB2
00000000
00000000
00000000
00000000
00000000
00000000
00000000
0000ABB2
00000000
00000000
00000000
00000000
00000000
00000000
00000000
0000ABB2
00000000
00000000
00000000
00000000
00000000
00000000
00000000
0000ABB2
00000000
00000000
00000000
00000000
00000000
00000000
00000000
0000ABB2
00000000
00000000
00000000
00000000
00000000
00000000
00000000
0000ABB2
00000000
00000000
00000000
00000000
00000000
00000000
00000000
0000ABB2
00000000
00000000
00000000
00000000
00000000
00000000
00000000
0000ABB2
00000000
00000000
00000000
00000000
00000000
00000000
00000000
0000ABB2
00000000
00000000
00000000
00000000
00000000
00000000
00000000
0000ABB2
00000000
00000000
00000000
00000000
00000000
00000000
00000000
0000ABB2
00000000
00000000
00000000
00000000
00000000
00000000
00000000
0000ABB2
00000000
00000000
00000000
00000000
00000000
00000000
00000000
0000ABB2
00000000
00000000
00000000
00000000
00000000
00000000
00000000
0000ABB2
00000000
00000000
00000000
00000000
00000000
00000000
00000000
0000ABB2
00000000
00000000
00000000
00000000
00000000
00000000
00000000
0000ABB2
00000000
00000000
00000000
00000000
00000000
00000000
00000000
0000ABB2
00000000
00000000
00000000
00000000
00000000
00000000
00000000
0000ABB2
00000000
00000000
00000000
00000000
00000000
00000000
00000000
0000ABB2
00000000
00000000
00000000
00000000
00000000
00000000
00000000
0000ABB2
00000000
00000000
00000000
00000000
00000000
00000000
00000000
0000ABB2
00000000
00000000
00000000
00000000
00000000
00000000
00000000
0000ABB2
00000000
00000000
00000000
00000000
00000000
00000000
00000000
0000ABB2
00000000
00000000
00000000
00000000
00000000
00000000
00000000
0000ABB2
00000000
00000000
00000000
00000000
00000000
00000000
00000000
0000ABB2
00000000
00000000
00000000
00000000
00000000
00000000
00000000
0000ABB2
00000000
00000000
00000000
00000000
00000000
00000000
00000000
0000ABB2
00000000
00000000
00000000
00000000
00000000
00000000
00000000
0000ABB2
00000000
00000000
00000000
00000000
00000000
00000000
00000000
0000ABB2
00000000
00000000
00000000
00000000
00000000
00000000
00000000
0000ABB2
00000000
00000000
00000000
00000000
00000000
00000000
00000000
0000ABB2
00000000
00000000
00000000
00000000
00000000
00000000
00000000
0000ABB2
00000000
00000000
00000000
00000000
00000000
00000000
00000000
0000ABB2
00000000
00000000
00000000
00000000
00000000
00000000
00000000
0000ABB2
00000000
00000000
00000000
00000000
00000000
00000000
00000000
0000ABB2
00000000
00000000
00000000
00000000
00000000
00000000
00000000
0000ABB2
00000000
00000000
00000000
00000000
00000000
00000000
00000000
0000ABB2
00000000
00000000
00000000
00000000
00000000
00000000
00000000
0000ABB2
00000000
00000000
00000000
00000000
00000000
00000000
00000000
0000ABB2
00000000
00000000
00000000
00000000
00000000
00000000
00000000
0000ABB2
00000000
00000000
00000000
00000000
00000000
00000000
00000000
0000ABB2
00000000
00000000
00000000
00000000
00000000
00000000
00000000
0000ABB2
00000000
00000000
00000000
00000000
00000000
00000000
00000000
0000ABB2
00000000
00000000
00000000
00000000
00000000
00000000
00000000
0000ABB2
00000000
00000000
00000000
00000000
00000000
00000000
00000000
0000ABB2
00000000
00000000
00000000
00000000
00000000
00000000
00000000
0000ABB2
00000000
00000000
00000000
00000000
00000000
00000000
00000000
0000ABB2
00000000
00000000
00000000
00000000
00000000
00000000
00000000
0000ABB2
00000000
00000000
00000000
00000000
00000000
00000000
00000000
0000ABB2
00000000
00000000
00000000
00000000
00000000
00000000
00000000
0000ABB2
00000000
00000000
00000000
00000000
00000000
00000000
00000000
0000ABB2
00000000
00000000
00000000
00000000
00000000
00000000
00000000
0000ABB2
00000000
00000000
00000000
00000000
00000000
00000000
00000000
0000ABB2
00000000
00000000
00000000
00000000
00000000
00000000
00000000
0000ABB2
00000000
00000000
00000000
00000000
00000000
00000000
00000000
0000ABB2
00000000
00000000
00000000
00000000
00000000
00000000
00000000
0000ABB2
00000000
00000000
00000000
00000000
00000000
00000000
00000000
0000ABB2
00000000
00000000
00000000
00000000
00000000
00000000
00000000
0000ABB2
00000000
00000000
00000000
00000000
00000000
00000000
00000000
0000ABB2
00000000
00000000
00000000
00000000
00000000
00000000
00000000
0000ABB2
00000000
00000000
00000000
00000000
00000000
00000000
00000000
0000ABB2
00000000
00000000
00000000
00000000
00000000
00000000
00000000
0000ABB2
00000000
00000000
00000000
00000000
00000000
00000000
00000000
0000ABB2
00000000
00000000
00000000
00000000
00000000
00000000
00000000
0000ABB2
00000000
00000000
00000000
00000000
00000000
00000000
00000000
0000ABB2
00000000
00000000
00000000
00000000
00000000
00000000
00000000
0000ABB2
00000000
00000000
00000000
00000000
00000000
00000000
00000000
0000ABB2
00000000
00000000
00000000
00000000
00000000
00000000
00000000
0000ABB2
00000000
00000000
00000000
00000000
00000000
00000000
00000000
0000ABB2
00000000
00000000
00000000
00000000
00000000
00000000
00000000
0000ABB2
00000000
00000000
00000000
00000000
00000000
00000000
00000000
0000ABB2
00000000
00000000
00000000
00000000
00000000
00000000
00000000
0000ABB2
00000000
00000000
00000000
00000000
00000000
00000000
00000000
0000ABB2
00000000
00000000
00000000
00000000
00000000
00000000
00000000
0000ABB2
00000000
00000000
00000000
00000000
00000000
00000000
00000000
0000ABB2
00000000
00000000
00000000
00000000
00000000
00000000
00000000
0000ABB2
00000000
00000000
00000000
00000000
00000000
00000000
00000000
0000ABB2
00000000
00000000
00000000
00000000
00000000
00000000
00000000
0000ABB2
00000000
00000000
00000000
00000000
00000000
00000000
00000000
0000ABB2
00000000
00000000
00000000
00000000
00000000
00000000
00000000
0000ABB2
00000000
00000000
00000000
00000000
00000000
00000000
00000000
0000ABB2
00000000
00000000
00000000
00000000
00000000
00000000
00000000
0000ABB2
00000000
00000000
00000000
00000000
00000000
00000000
00000000
0000ABB2
00000000
00000000
00000000
00000000
00000000
00000000
00000000
0000ABB2
00000000
00000000
00000000
00000000
00000000
00000000
00000000
0000ABB2
00000000
00000000
00000000
00000000
00000000
00000000
00000000
0000ABB2
00000000
00000000
00000000
00000000
00000000
00000000
00000000
0000ABB2
00000000
00000000
00000000
00000000
00000000
00000000
00000000
0000ABB2
00000000
00000000
00000000
00000000
00000000
00000000
00000000
0000ABB2
00000000
00000000
00000000
00000000
00000000
00000000
00000000
0000ABB2
00000000
00000000
00000000
00000000
00000000
00000000
00000000
0000ABB2
00000000
00000000
00000000
00000000
00000000
00000000
00000000
0000ABB2
00000000
00000000
00000000
00000000
00000000
00000000
00000000
0000ABB2
00000000
00000000
00000000
00000000
00000000
00000000
00000000
0000ABB2
00000000
00000000
00000000
00000000
00000000
00000000
00000000
0000ABB2
00000000
00000000
00000000
00000000
00000000
00000000
00000000
0000ABB2
00000000
00000000
00000000
00000000
00000000
00000000
00000000
0000ABB2
00000000
00000000
00000000
00000000
00000000
00000000
00000000
0000ABB2
00000000
00000000
00000000
00000000
00000000
00000000
00000000
0000ABB2
00000000
00000000
00000000
00000000
00000000
00000000
00000000
0000ABB2
00000000
00000000
00000000
00000000
00000000
00000000
00000000
0000ABB2
00000000
00000000
00000000
00000000
00000000
00000000
00000000
0000ABB2
00000000
00000000
00000000
00000000
00000000
00000000
00000000
0000ABB2
00000000
00000000
00000000
00000000
00000000
00000000
00000000
0000ABB2
00000000
00000000
00000000
00000000
00000000
00000000
00000000
0000ABB2
00000000
00000000
00000000
00000000
00000000
00000000
00000000
0000ABB2
00000000
00000000
00000000
00000000
00000000
00000000
00000000
0000ABB2
00000000
00000000
00000000
00000000
00000000
00000000
00000000
0000ABB2
00000000
00000000
00000000
00000000
00000000
00000000
00000000
0000ABB2
00000000
00000000
00000000
00000000
00000000
00000000
00000000
0000ABB2
00000000
00000000
00000000
00000000
00000000
00000000
00000000
0000ABB2
00000000
00000000
00000000
00000000
00000000
00000000
00000000
0000ABB2
00000000
00000000
00000000
00000000
00000000
00000000
00000000
0000ABB2
00000000
00000000
00000000
00000000
00000000
00000000
00000000
0000ABB2
00000000
00000000
00000000
00000000
00000000
00000000
00000000
0000ABB2
00000000
00000000
00000000
00000000
00000000
00000000
00000000
0000ABB2
00000000
00000000
00000000
00000000
00000000
00000000
00000000
0000ABB2
00000000
00000000
00000000
00000000
00000000
00000000
00000000
0000ABB2
00000000
00000000
00000000
00000000
00000000
00000000
00000000
0000ABB2
00000000
00000000
00000000
00000000
00000000
00000000
00000000
0000ABB2
00000000
00000000
00000000
00000000
00000000
00000000
00000000
0000ABB2
00000000
00000000
00000000
00000000
00000000
00000000
00000000
0000ABB2
00000000
00000000
00000000
00000000
00000000
00000000
00000000
0000ABB2
00000000
00000000
00000000
00000000
00000000
00000000
00000000
0000ABB2
00000000
00000000
00000000
00000000
00000000
00000000
00000000
0000ABB2
00000000
00000000
00000000
00000000
00000000
00000000
00000000
0000ABB2
00000000
00000000
00000000
00000000
00000000
00000000
00000000
0000ABB2
00000000
00000000
00000000
00000000
00000000
00000000
00000000
0000ABB2
00000000
00000000
00000000
00000000
00000000
00000000
00000000
0000ABB2
00000000
00000000
00000000
00000000
00000000
00000000
00000000
0000ABB2
00000000
00000000
00000000
00000000
00000000
00000000
00000000
0000ABB2
00000000
00000000
00000000
00000000
00000000
00000000
00000000
0000ABB2
00000000
00000000
00000000
00000000
00000000
00000000
00000000
0000ABB2
00000000
00000000
00000000
00000000
00000000
00000000
00000000
0000ABB2
00000000
00000000
00000000
00000000
00000000
00000000
00000000
0000ABB2
00000000
00000000
00000000
00000000
00000000
00000000
00000000
0000ABB2
00000000
00000000
00000000
00000000
00000000
00000000
00000000
0000ABB2
00000000
00000000
00000000
00000000
00000000
00000000
00000000
0000ABB2
00000000
00000000
00000000
00000000
00000000
00000000
00000000
0000ABB2
00000000
00000000
00000000
00000000
00000000
00000000
00000000
0000ABB2
00000000
00000000
00000000
00000000
00000000
00000000
00000000
0000ABB2
00000000
00000000
00000000
00000000
00000000
00000000
00000000
0000ABB2
00000000
00000000
00000000
00000000
00000000
00000000
00000000
0000ABB2
00000000
00000000
00000000
00000000
00000000
00000000
00000000
0000ABB2
00000000
00000000
00000000
00000000
00000000
00000000
00000000
0000ABB2
00000000
00000000
00000000
00000000
00000000
00000000
00000000
0000ABB2
00000000
00000000
00000000
00000000
00000000
00000000
00000000
0000ABB2
00000000
00000000
00000000
00000000
00000000
00000000
00000000
0000ABB2
00000000
00000000
00000000
00000000
00000000
00000000
00000000
0000ABB2
00000000
00000000
00000000
00000000
00000000
00000000
00000000
0000ABB2
00000000
00000000
00000000
00000000
00000000
00000000
00000000
0000ABB2
00000000
00000000
00000000
00000000
00000000
00000000
00000000
0000ABB2
00000000
00000000
00000000
00000000
00000000
00000000
00000000
0000ABB2
00000000
00000000
00000000
00000000
00000000
00000000
00000000
0000ABB2
00000000
00000000
00000000
00000000
00000000
00000000
00000000
0000ABB2
00000000
00000000
00000000
00000000
00000000
00000000
00000000
0000ABB2
00000000
00000000
00000000
00000000
00000000
00000000
00000000
0000ABB2
00000000
00000000
00000000
00000000
00000000
00000000
00000000
0000ABB2
00000000
00000000
00000000
00000000
00000000
00000000
00000000
0000ABB2
00000000
00000000
00000000
00000000
00000000
00000000
00000000
0000ABB2
00000000
00000000
00000000
00000000
00000000
00000000
00000000
0000ABB2
00000000
00000000
00000000
00000000
00000000
00000000
00000000
0000ABB2
00000000
00000000
00000000
00000000
00000000
00000000
00000000
0000ABB2
00000000
00000000
00000000
00000000
00000000
00000000
00000000
0000ABB2
00000000
00000000
00000000
00000000
00000000
00000000
00000000
0000ABB2
00000000
00000000
00000000
00000000
00000000
00000000
00000000
0000ABB2
00000000
00000000
00000000
00000000
00000000
00000000
00000000
0000ABB2
00000000
00000000
00000000
00000000
00000000
00000000
00000000
0000ABB2
00000000
00000000
00000000
00000000
00000000
00000000
00000000
0000ABB2
00000000
00000000
00000000
00000000
00000000
00000000
00000000
0000ABB2
00000000
00000000
00000000
00000000
00000000
00000000
00000000
0000ABB2
00000000
00000000
00000000
00000000
00000000
00000000
00000000
0000ABB2
00000000
00000000
00000000
00000000
00000000
00000000
00000000
0000ABB2
00000000
00000000
00000000
00000000
00000000
00000000
00000000
0000ABB2
00000000
00000000
00000000
00000000
00000000
00000000
00000000
0000ABB2
00000000
00000000
00000000
00000000
00000000
00000000
00000000
0000ABB2
00000000
00000000
00000000
00000000
00000000
00000000
00000000
0000ABB2
00000000
00000000
00000000
00000000
00000000
00000000
00000000
0000ABB2
00000000
00000000
00000000
00000000
00000000
00000000
00000000
0000ABB2
00000000
00000000
00000000
00000000
00000000
00000000
00000000
0000ABB2
00000000
00000000
00000000
00000000
00000000
00000000
00000000
0000ABB2
00000000
00000000
00000000
00000000
00000000
00000000
00000000
0000ABB2
00000000
00000000
00000000
00000000
00000000
00000000
00000000
0000ABB2
00000000
00000000
00000000
00000000
00000000
00000000
00000000
0000ABB2
00000000
00000000
00000000
00000000
00000000
00000000
00000000
0000ABB2
00000000
00000000
00000000
00000000
00000000
00000000
00000000
0000ABB2
00000000
00000000
00000000
00000000
00000000
00000000
00000000
0000ABB2
00000000
00000000
00000000
00000000
00000000
00000000
00000000
0000ABB2
00000000
00000000
00000000
00000000
00000000
00000000
00000000
0000ABB2
00000000
00000000
00000000
00000000
00000000
00000000
00000000
0000ABB2
00000000
00000000
00000000
00000000
00000000
00000000
00000000
0000ABB2
00000000
00000000
00000000
00000000
00000000
00000000
00000000
0000ABB2
00000000
00000000
00000000
00000000
00000000
00000000
00000000
0000ABB2
00000000
00000000
00000000
00000000
00000000
00000000
00000000
0000ABB2
00000000
00000000
00000000
00000000
00000000
00000000
00000000
0000ABB2
00000000
00000000
00000000
00000000
00000000
00000000
00000000
0000ABB2
00000000
00000000
00000000
00000000
00000000
00000000
00000000
0000ABB2
00000000
00000000
00000000
00000000
00000000
00000000
00000000
0000ABB2
00000000
00000000
00000000
00000000
00000000
00000000
00000000
0000ABB2
00000000
00000000
00000000
00000000
00000000
00000000
00000000
0000ABB2
00000000
00000000
00000000
00000000
00000000
00000000
00000000
0000ABB2
00000000
00000000
00000000
00000000
00000000
00000000
00000000
0000ABB2
00000000
00000000
00000000
00000000
00000000
00000000
00000000
0000ABB2
00000000
00000000
00000000
00000000
00000000
00000000
00000000
0000ABB2
00000000
00000000
00000000
00000000
00000000
00000000
00000000
0000ABB2
00000000
00000000
00000000
00000000
00000000
00000000
00000000
0000ABB2
00000000
00000000
00000000
00000000
00000000
00000000
00000000
0000ABB2
00000000
00000000
00000000
00000000
00000000
00000000
00000000
0000ABB2
00000000
00000000
00000000
00000000
00000000
00000000
00000000
0000ABB2
00000000
00000000
00000000
00000000
00000000
00000000
00000000
0000ABB2
00000000
00000000
00000000
00000000
00000000
00000000
00000000
0000ABB2
00000000
00000000
00000000
00000000
00000000
00000000
00000000
0000ABB2
00000000
00000000
00000000
00000000
00000000
00000000
00000000
0000ABB2
00000000
00000000
00000000
00000000
00000000
00000000
00000000
0000ABB2
00000000
00000000
00000000
00000000
00000000
00000000
00000000
0000ABB2
00000000
00000000
00000000
00000000
00000000
00000000
00000000
0000ABB2
00000000
00000000
00000000
00000000
00000000
00000000
00000000
0000ABB2
00000000
00000000
00000000
00000000
00000000
00000000
00000000
0000ABB2
00000000
00000000
00000000
00000000
00000000
00000000
00000000
0000ABB2
00000000
00000000
00000000
00000000
00000000
00000000
00000000
0000ABB2
00000000
00000000
00000000
00000000
00000000
00000000
00000000
0000ABB2
00000000
00000000
00000000
00000000
00000000
00000000
00000000
0000ABB2
00000000
00000000
00000000
00000000
00000000
00000000
00000000
0000ABB2
00000000
00000000
00000000
00000000
00000000
00000000
00000000
0000ABB2
00000000
00000000
00000000
00000000
00000000
00000000
00000000
0000ABB2
00000000
00000000
00000000
00000000
00000000
00000000
00000000
0000ABB2
00000000
00000000
00000000
00000000
00000000
00000000
00000000
0000ABB2
00000000
00000000
00000000
00000000
00000000
00000000
00000000
0000ABB2
00000000
00000000
00000000
00000000
00000000
00000000
00000000
0000ABB2
00000000
00000000
00000000
00000000
00000000
00000000
00000000
0000ABB2
00000000
00000000
00000000
00000000
00000000
00000000
00000000
0000ABB2
00000000
00000000
00000000
00000000
00000000
00000000
00000000
0000ABB2
00000000
00000000
00000000
00000000
00000000
00000000
00000000
0000ABB2
00000000
00000000
00000000
00000000
00000000
00000000
00000000
0000ABB2
00000000
00000000
00000000
00000000
00000000
00000000
00000000
0000ABB2
00000000
00000000
00000000
00000000
00000000
00000000
00000000
0000ABB2
00000000
00000000
00000000
00000000
00000000
00000000
00000000
0000ABB2
00000000
00000000
00000000
00000000
00000000
00000000
00000000
0000ABB2
00000000
00000000
00000000
00000000
00000000
00000000
00000000
0000ABB2
00000000
00000000
00000000
00000000
00000000
00000000
00000000
0000ABB2
00000000
00000000
00000000
00000000
00000000
00000000
00000000
0000ABB2
00000000
00000000
00000000
00000000
00000000
00000000
00000000
0000ABB2
00000000
00000000
00000000
00000000
00000000
00000000
00000000
0000ABB2
00000000
00000000
00000000
00000000
00000000
00000000
00000000
0000ABB2
00000000
00000000
00000000
00000000
00000000
00000000
00000000
0000ABB2
00000000
00000000
00000000
00000000
00000000
00000000
00000000
0000ABB2
00000000
00000000
00000000
00000000
00000000
00000000
00000000
0000ABB2
00000000
00000000
00000000
00000000
00000000
00000000
00000000
0000ABB2
00000000
00000000
00000000
00000000
00000000
00000000
00000000
0000ABB2
00000000
00000000
00000000
00000000
00000000
00000000
00000000
0000ABB2
00000000
00000000
00000000
00000000
00000000
00000000
00000000
0000ABB2
00000000
00000000
00000000
00000000
00000000
00000000
00000000
0000ABB2
00000000
00000000
00000000
00000000
00000000
00000000
00000000
0000ABB2
00000000
00000000
00000000
00000000
00000000
00000000
00000000
0000ABB2
00000000
00000000
00000000
00000000
00000000
00000000
00000000
0000ABB2
00000000
00000000
00000000
00000000
00000000
00000000
00000000
0000ABB2
00000000
00000000
00000000
00000000
00000000
00000000
00000000
0000ABB2
00000000
00000000
00000000
00000000
00000000
00000000
00000000
0000ABB2
00000000
00000000
00000000
00000000
00000000
00000000
00000000
0000ABB2
00000000
00000000
00000000
00000000
00000000
00000000
00000000
0000ABB2
00000000
00000000
00000000
00000000
00000000
00000000
00000000
0000ABB2
00000000
00000000
00000000
00000000
00000000
00000000
00000000
0000ABB2
00000000
00000000
00000000
00000000
00000000
00000000
00000000
0000ABB2
00000000
00000000
00000000
00000000
00000000
00000000
00000000
0000ABB2
00000000
00000000
00000000
00000000
00000000
00000000
00000000
0000ABB2
00000000
00000000
00000000
00000000
00000000
00000000
00000000
0000ABB2
00000000
00000000
00000000
00000000
00000000
00000000
00000000
0000ABB2
00000000
00000000
00000000
00000000
00000000
00000000
00000000
0000ABB2
00000000
00000000
00000000
00000000
00000000
00000000
00000000
0000ABB2
00000000
00000000
00000000
00000000
00000000
00000000
00000000
0000ABB2
00000000
00000000
00000000
00000000
00000000
00000000
00000000
0000ABB2
00000000
00000000
00000000
00000000
00000000
00000000
00000000
0000ABB2
00000000
00000000
00000000
00000000
00000000
00000000
00000000
0000ABB2
00000000
00000000
00000000
00000000
00000000
00000000
00000000
0000ABB2
00000000
00000000
00000000
00000000
00000000
00000000
00000000
0000ABB2
00000000
00000000
00000000
00000000
00000000
00000000
00000000
0000ABB2
00000000
00000000
00000000
00000000
00000000
00000000
00000000
0000ABB2
00000000
00000000
00000000
00000000
00000000
00000000
00000000
0000ABB2
00000000
00000000
00000000
00000000
00000000
00000000
00000000
0000ABB2
00000000
00000000
00000000
00000000
00000000
00000000
00000000
0000ABB2
00000000
00000000
00000000
00000000
00000000
00000000
00000000
0000ABB2
00000000
00000000
00000000
00000000
00000000
00000000
00000000
0000ABB2
00000000
00000000
00000000
00000000
00000000
00000000
00000000
0000ABB2
00000000
00000000
00000000
00000000
00000000
00000000
00000000
0000ABB2
00000000
00000000
00000000
00000000
00000000
00000000
00000000
0000ABB2
00000000
00000000
00000000
00000000
00000000
00000000
00000000
0000ABB2
00000000
00000000
00000000
00000000
00000000
00000000
00000000
0000ABB2
00000000
00000000
00000000
00000000
00000000
00000000
00000000
0000ABB2
00000000
00000000
00000000
00000000
00000000
00000000
00000000
0000ABB2
00000000
00000000
00000000
00000000
00000000
00000000
00000000
0000ABB2
00000000
00000000
00000000
00000000
00000000
00000000
00000000
0000ABB2
00000000
00000000
00000000
00000000
00000000
00000000
00000000
0000ABB2
00000000
00000000
00000000
00000000
00000000
00000000
00000000
0000ABB2
00000000
00000000
00000000
00000000
00000000
00000000
00000000
0000ABB2
00000000
00000000
00000000
00000000
00000000
00000000
00000000
0000ABB2
00000000
00000000
00000000
00000000
00000000
00000000
00000000
0000ABB2
00000000
00000000
00000000
00000000
00000000
00000000
00000000
0000ABB2
00000000
00000000
00000000
00000000
00000000
00000000
00000000
0000ABB2
00000000
00000000
00000000
00000000
00000000
00000000
00000000
0000ABB2
00000000
00000000
00000000
00000000
00000000
00000000
00000000
0000ABB2
00000000
00000000
00000000
00000000
00000000
00000000
00000000
0000ABB2
00000000
00000000
00000000
00000000
00000000
00000000
00000000
0000ABB2
00000000
00000000
00000000
00000000
00000000
00000000
00000000
0000ABB2
00000000
00000000
00000000
00000000
00000000
00000000
00000000
0000ABB2
00000000
00000000
00000000
00000000
00000000
00000000
00000000
0000ABB2
00000000
00000000
00000000
00000000
00000000
00000000
00000000
0000ABB2
00000000
00000000
00000000
00000000
00000000
00000000
00000000
0000ABB2
00000000
00000000
00000000
00000000
00000000
00000000
00000000
0000ABB2
00000000
00000000
00000000
00000000
00000000
00000000
00000000
0000ABB2
00000000
00000000
00000000
00000000
00000000
00000000
00000000
0000ABB2
00000000
00000000
00000000
00000000
00000000
00000000
00000000
0000ABB2
00000000
00000000
00000000
00000000
00000000
00000000
00000000
0000ABB2
00000000
00000000
00000000
00000000
00000000
00000000
00000000
0000ABB2
00000000
00000000
00000000
00000000
00000000
00000000
00000000
0000ABB2
00000000
00000000
00000000
00000000
00000000
00000000
00000000
0000ABB2
00000000
00000000
00000000
00000000
00000000
00000000
00000000
0000ABB2
00000000
00000000
00000000
00000000
00000000
00000000
00000000
0000ABB2
00000000
00000000
00000000
00000000
00000000
00000000
00000000
0000ABB2
00000000
00000000
00000000
00000000
00000000
00000000
00000000
0000ABB2
00000000
00000000
00000000
00000000
00000000
00000000
00000000
0000ABB2
00000000
00000000
00000000
00000000
00000000
00000000
00000000
0000ABB2
00000000
00000000
00000000
00000000
00000000
00000000
00000000
0000ABB2
00000000
00000000
00000000
00000000
00000000
00000000
00000000
0000ABB2
00000000
00000000
00000000
00000000
00000000
00000000
00000000
0000ABB2
00000000
00000000
00000000
00000000
00000000
00000000
00000000
0000ABB2
00000000
00000000
00000000
00000000
00000000
00000000
00000000
0000ABB2
00000000
00000000
00000000
00000000
00000000
00000000
00000000
0000ABB2
00000000
00000000
00000000
00000000
00000000
00000000
00000000
0000ABB2
00000000
00000000
00000000
00000000
00000000
00000000
00000000
0000ABB2
00000000
00000000
00000000
00000000
00000000
00000000
00000000
0000ABB2
00000000
00000000
00000000
00000000
00000000
00000000
00000000
0000ABB2
00000000
00000000
00000000
00000000
00000000
00000000
00000000
0000ABB2
00000000
00000000
00000000
00000000
00000000
00000000
00000000
0000ABB2
00000000
00000000
00000000
00000000
00000000
00000000
00000000
0000ABB2
00000000
00000000
00000000
00000000
00000000
00000000
00000000
0000ABB2
00000000
00000000
00000000
00000000
00000000
00000000
00000000
0000ABB2
00000000
00000000
00000000
00000000
00000000
00000000
00000000
0000ABB2
00000000
00000000
00000000
00000000
00000000
00000000
00000000
0000ABB2
00000000
00000000
00000000
00000000
00000000
00000000
00000000
0000ABB2
00000000
00000000
00000000
00000000
00000000
00000000
00000000
0000ABB2
00000000
00000000
00000000
00000000
00000000
00000000
00000000
0000ABB2
00000000
00000000
00000000
00000000
00000000
00000000
00000000
0000ABB2
00000000
00000000
00000000
00000000
00000000
00000000
00000000
0000ABB2
00000000
00000000
00000000
00000000
00000000
00000000
00000000
0000ABB2
00000000
00000000
00000000
00000000
00000000
00000000
00000000
0000ABB2
00000000
00000000
00000000
00000000
00000000
00000000
00000000
0000ABB2
00000000
00000000
00000000
00000000
00000000
00000000
00000000
0000ABB2
00000000
00000000
00000000
00000000
00000000
00000000
00000000
0000ABB2
00000000
00000000
00000000
00000000
00000000
00000000
00000000
0000ABB2
00000000
00000000
00000000
00000000
00000000
00000000
00000000
0000ABB2
00000000
00000000
00000000
00000000
00000000
00000000
00000000
0000ABB2
00000000
00000000
00000000
00000000
00000000
00000000
00000000
0000ABB2
00000000
00000000
00000000
00000000
00000000
00000000
00000000
0000ABB2
00000000
00000000
00000000
00000000
00000000
00000000
00000000
0000ABB2
00000000
00000000
00000000
00000000
00000000
00000000
00000000
0000ABB2
00000000
00000000
00000000
00000000
00000000
00000000
00000000
0000ABB2
00000000
00000000
00000000
00000000
00000000
00000000
00000000
0000ABB2
00000000
00000000
00000000
00000000
00000000
00000000
00000000
0000ABB2
00000000
00000000
00000000
00000000
00000000
00000000
00000000
0000ABB2
00000000
00000000
00000000
00000000
00000000
00000000
00000000
0000ABB2
00000000
00000000
00000000
00000000
00000000
00000000
00000000
0000ABB2
00000000
00000000
00000000
00000000
00000000
00000000
00000000
0000ABB2
00000000
00000000
00000000
00000000
00000000
00000000
00000000
0000ABB2
00000000
00000000
00000000
00000000
00000000
00000000
00000000
0000ABB2
00000000
00000000
00000000
00000000
00000000
00000000
00000000
0000ABB2
00000000
00000000
00000000
00000000
00000000
00000000
00000000
0000ABB2
00000000
00000000
00000000
00000000
00000000
00000000
00000000
0000ABB2
00000000
00000000
00000000
00000000
00000000
00000000
00000000
0000ABB2
00000000
00000000
00000000
00000000
00000000
00000000
00000000
0000ABB2
00000000
00000000
00000000
00000000
00000000
00000000
00000000
0000ABB2
00000000
00000000
00000000
00000000
00000000
00000000
00000000
0000ABB2
00000000
00000000
00000000
00000000
00000000
00000000
00000000
0000ABB2
00000000
00000000
00000000
00000000
00000000
00000000
00000000
0000ABB2
00000000
00000000
00000000
00000000
00000000
00000000
00000000
0000ABB2
00000000
00000000
00000000
00000000
00000000
00000000
00000000
0000ABB2
00000000
00000000
00000000
00000000
00000000
00000000
00000000
0000ABB2
00000000
00000000
00000000
00000000
00000000
00000000
00000000
0000ABB2
00000000
00000000
00000000
00000000
00000000
00000000
00000000
0000ABB2
00000000
00000000
00000000
00000000
00000000
00000000
00000000
0000ABB2
00000000
00000000
00000000
00000000
00000000
00000000
00000000
0000ABB2
00000000
00000000
00000000
00000000
00000000
00000000
00000000
0000ABB2
00000000
00000000
00000000
00000000
00000000
00000000
00000000
0000ABB2
00000000
00000000
00000000
00000000
00000000
00000000
00000000
0000ABB2
00000000
00000000
00000000
00000000
00000000
00000000
00000000
0000ABB2
00000000
00000000
00000000
00000000
00000000
00000000
00000000
0000ABB2
00000000
00000000
00000000
00000000
00000000
00000000
00000000
0000ABB2
00000000
00000000
00000000
00000000
00000000
00000000
00000000
0000ABB2
00000000
00000000
00000000
00000000
00000000
00000000
00000000
0000ABB2
00000000
00000000
00000000
00000000
00000000
00000000
00000000
0000ABB2
00000000
00000000
00000000
00000000
00000000
00000000
00000000
0000ABB2
00000000
00000000
00000000
00000000
00000000
00000000
00000000
0000ABB2
00000000
00000000
00000000
00000000
00000000
00000000
00000000
0000ABB2
00000000
00000000
00000000
00000000
00000000
00000000
00000000
0000ABB2
00000000
00000000
00000000
00000000
00000000
00000000
00000000
0000ABB2
00000000
00000000
00000000
00000000
00000000
00000000
00000000
0000ABB2
00000000
00000000
00000000
00000000
00000000
00000000
00000000
0000ABB2
00000000
00000000
00000000
00000000
00000000
00000000
00000000
0000ABB2
00000000
00000000
00000000
00000000
00000000
00000000
00000000
0000ABB2
00000000
00000000
00000000
00000000
00000000
00000000
00000000
0000ABB2
00000000
00000000
00000000
00000000
00000000
00000000
00000000
0000ABB2
00000000
00000000
00000000
00000000
00000000
00000000
00000000
0000ABB2
00000000
00000000
00000000
00000000
00000000
00000000
00000000
0000ABB2
00000000
00000000
00000000
00000000
00000000
00000000
00000000
0000ABB2
00000000
00000000
00000000
00000000
00000000
00000000
00000000
0000ABB2
00000000
00000000
00000000
00000000
00000000
00000000
00000000
0000ABB2
00000000
00000000
00000000
00000000
00000000
00000000
00000000
0000ABB2
00000000
00000000
00000000
00000000
00000000
00000000
00000000
0000ABB2
00000000
00000000
00000000
00000000
00000000
00000000
00000000
0000ABB2
00000000
00000000
00000000
00000000
00000000
00000000
00000000
0000ABB2
00000000
00000000
00000000
00000000
00000000
00000000
00000000
0000ABB2
00000000
00000000
00000000
00000000
00000000
00000000
00000000
0000ABB2
00000000
00000000
00000000
00000000
00000000
00000000
00000000
0000ABB2
00000000
00000000
00000000
00000000
00000000
00000000
00000000
0000ABB2
00000000
00000000
00000000
00000000
00000000
00000000
00000000
0000ABB2
00000000
00000000
00000000
00000000
00000000
00000000
00000000
0000ABB2
00000000
00000000
00000000
00000000
00000000
00000000
00000000
0000ABB2
00000000
00000000
00000000
00000000
00000000
00000000
00000000
0000ABB2
00000000
00000000
00000000
00000000
00000000
00000000
00000000
0000ABB2
00000000
00000000
00000000
00000000
00000000
00000000
00000000
0000ABB2
00000000
00000000
00000000
00000000
00000000
00000000
00000000
0000ABB2
00000000
00000000
00000000
00000000
00000000
00000000
00000000
0000ABB2
00000000
00000000
00000000
00000000
00000000
00000000
00000000
0000ABB2
00000000
00000000
00000000
00000000
00000000
00000000
00000000
0000ABB2
00000000
00000000
00000000
00000000
00000000
00000000
00000000
0000ABB2
00000000
00000000
00000000
00000000
00000000
00000000
00000000
0000ABB2
00000000
00000000
00000000
00000000
00000000
00000000
00000000
0000ABB2
00000000
00000000
00000000
00000000
00000000
00000000
00000000
0000ABB2
00000000
00000000
00000000
00000000
00000000
00000000
00000000
0000ABB2
00000000
00000000
00000000
00000000
00000000
00000000
00000000
0000ABB2
00000000
00000000
00000000
00000000
00000000
00000000
00000000
0000ABB2
00000000
00000000
00000000
00000000
00000000
00000000
00000000
0000ABB2
00000000
00000000
00000000
00000000
00000000
00000000
00000000
0000ABB2
00000000
00000000
00000000
00000000
00000000
00000000
00000000
0000ABB2
00000000
00000000
00000000
00000000
00000000
00000000
00000000
0000ABB2
00000000
00000000
00000000
00000000
00000000
00000000
00000000
0000ABB2
00000000
00000000
00000000
00000000
00000000
00000000
00000000
0000ABB2
00000000
00000000
00000000
00000000
00000000
00000000
00000000
0000ABB2
00000000
00000000
00000000
00000000
00000000
00000000
00000000
0000ABB2
00000000
00000000
00000000
00000000
00000000
00000000
00000000
0000ABB2
00000000
00000000
00000000
00000000
00000000
00000000
00000000
0000ABB2
00000000
00000000
00000000
00000000
00000000
00000000
00000000
0000ABB2
00000000
00000000
00000000
00000000
00000000
00000000
00000000
0000ABB2
00000000
00000000
00000000
00000000
00000000
00000000
00000000
0000ABB2
00000000
00000000
00000000
00000000
00000000
00000000
00000000
0000ABB2
00000000
00000000
00000000
00000000
00000000
00000000
00000000
0000ABB2
00000000
00000000
00000000
00000000
00000000
00000000
00000000
0000ABB2
00000000
00000000
00000000
00000000
00000000
00000000
00000000
0000ABB2
00000000
00000000
00000000
00000000
00000000
00000000
00000000
0000ABB2
00000000
00000000
00000000
00000000
00000000
00000000
00000000
0000ABB2
00000000
00000000
00000000
00000000
00000000
00000000
00000000
0000ABB2
00000000
00000000
00000000
00000000
00000000
00000000
00000000
0000ABB2
00000000
00000000
00000000
00000000
00000000
00000000
00000000
0000ABB2
00000000
00000000
00000000
00000000
00000000
00000000
00000000
0000ABB2
00000000
00000000
00000000
00000000
00000000
00000000
00000000
0000ABB2
00000000
00000000
00000000
00000000
00000000
00000000
00000000
0000ABB2
00000000
00000000
00000000
00000000
00000000
00000000
00000000
0000ABB2
00000000
00000000
00000000
00000000
00000000
00000000
00000000
0000ABB2
00000000
00000000
00000000
00000000
00000000
00000000
00000000
0000ABB2
00000000
00000000
00000000
00000000
00000000
00000000
00000000
0000ABB2
00000000
00000000
00000000
00000000
00000000
00000000
00000000
0000ABB2
00000000
00000000
00000000
00000000
00000000
00000000
00000000
0000ABB2
00000000
00000000
00000000
00000000
00000000
00000000
00000000
0000ABB2
00000000
00000000
00000000
00000000
00000000
00000000
00000000
0000ABB2
00000000
00000000
00000000
00000000
00000000
00000000
00000000
0000ABB2
00000000
00000000
00000000
00000000
00000000
00000000
00000000
0000ABB2
00000000
00000000
00000000
00000000
00000000
00000000
00000000
0000ABB2
00000000
00000000
00000000
00000000
00000000
00000000
00000000
0000ABB2
00000000
00000000
00000000
00000000
00000000
00000000
00000000
0000ABB2
00000000
00000000
00000000
00000000
00000000
00000000
00000000
0000ABB2
00000000
00000000
00000000
00000000
00000000
00000000
00000000
0000ABB2
00000000
00000000
00000000
00000000
00000000
00000000
00000000
0000ABB2
00000000
00000000
00000000
00000000
00000000
00000000
00000000
0000ABB2
00000000
00000000
00000000
00000000
00000000
00000000
00000000
0000ABB2
00000000
00000000
00000000
00000000
00000000
00000000
00000000
0000ABB2
00000000
00000000
00000000
00000000
00000000
00000000
00000000
0000ABB2
00000000
00000000
00000000
00000000
00000000
00000000
00000000
0000ABB2
00000000
00000000
00000000
00000000
00000000
00000000
00000000
0000ABB2
00000000
00000000
00000000
00000000
00000000
00000000
00000000
0000ABB2
00000000
00000000
00000000
00000000
00000000
00000000
00000000
0000ABB2
00000000
00000000
00000000
00000000
00000000
00000000
00000000
0000ABB2
00000000
00000000
00000000
00000000
00000000
00000000
00000000
0000ABB2
00000000
00000000
00000000
00000000
00000000
00000000
00000000
0000ABB2
00000000
00000000
00000000
00000000
00000000
00000000
00000000
0000ABB2
00000000
00000000
00000000
00000000
00000000
00000000
00000000
0000ABB2
00000000
00000000
00000000
00000000
00000000
00000000
00000000
0000ABB2
00000000
00000000
00000000
00000000
00000000
00000000
00000000
0000ABB2
00000000
00000000
00000000
00000000
00000000
00000000
00000000
0000ABB2
00000000
00000000
00000000
00000000
00000000
00000000
00000000
0000ABB2
00000000
00000000
00000000
00000000
00000000
00000000
00000000
0000ABB2
00000000
00000000
00000000
00000000
00000000
00000000
00000000
0000ABB2
00000000
00000000
00000000
00000000
00000000
00000000
00000000
0000ABB2
00000000
00000000
00000000
00000000
00000000
00000000
00000000
0000ABB2
00000000
00000000
00000000
00000000
00000000
00000000
00000000
0000ABB2
00000000
00000000
00000000
00000000
00000000
00000000
00000000
0000ABB2
00000000
00000000
00000000
00000000
00000000
00000000
00000000
0000ABB2
00000000
00000000
00000000
00000000
00000000
00000000
00000000
0000ABB2
00000000
00000000
00000000
00000000
00000000
00000000
00000000
0000ABB2
00000000
00000000
00000000
00000000
00000000
00000000
00000000
0000ABB2
00000000
00000000
00000000
00000000
00000000
00000000
00000000
0000ABB2
00000000
00000000
00000000
00000000
00000000
00000000
00000000
0000ABB2
00000000
00000000
00000000
00000000
00000000
00000000
00000000
0000ABB2
00000000
00000000
00000000
00000000
00000000
00000000
00000000
0000ABB2
00000000
00000000
00000000
00000000
00000000
00000000
00000000
0000ABB2
00000000
00000000
00000000
00000000
00000000
00000000
00000000
0000ABB2
00000000
00000000
00000000
00000000
00000000
00000000
00000000
0000ABB2
00000000
00000000
00000000
00000000
00000000
00000000
00000000
0000ABB2
00000000
00000000
00000000
00000000
00000000
00000000
00000000
0000ABB2
00000000
00000000
00000000
00000000
00000000
00000000
00000000
0000ABB2
00000000
00000000
00000000
00000000
00000000
00000000
00000000
0000ABB2
00000000
00000000
00000000
00000000
00000000
00000000
00000000
0000ABB2
00000000
00000000
00000000
00000000
00000000
00000000
00000000
0000ABB2
00000000
00000000
00000000
00000000
00000000
00000000
00000000
0000ABB2
00000000
00000000
00000000
00000000
00000000
00000000
00000000
0000ABB2
00000000
00000000
00000000
00000000
00000000
00000000
00000000
0000ABB2
00000000
00000000
00000000
00000000
00000000
00000000
00000000
0000ABB2
00000000
00000000
00000000
00000000
00000000
00000000
00000000
0000ABB2
00000000
00000000
00000000
00000000
00000000
00000000
00000000
0000ABB2
00000000
00000000
00000000
00000000
00000000
00000000
00000000
0000ABB2
00000000
00000000
00000000
00000000
00000000
00000000
00000000
0000ABB2
00000000
00000000
00000000
00000000
00000000
00000000
00000000
0000ABB2
00000000
00000000
00000000
00000000
00000000
00000000
00000000
0000ABB2
00000000
00000000
00000000
00000000
00000000
00000000
00000000
0000ABB2
00000000
00000000
00000000
00000000
00000000
00000000
00000000
0000ABB2
00000000
00000000
00000000
00000000
00000000
00000000
00000000
0000ABB2
00000000
00000000
00000000
00000000
00000000
00000000
00000000
0000ABB2
00000000
00000000
00000000
00000000
00000000
00000000
00000000
0000ABB2
00000000
00000000
00000000
00000000
00000000
00000000
00000000
0000ABB2
00000000
00000000
00000000
00000000
00000000
00000000
00000000
0000ABB2
00000000
00000000
00000000
00000000
00000000
00000000
00000000
0000ABB2
00000000
00000000
00000000
00000000
00000000
00000000
00000000
0000ABB2
00000000
00000000
00000000
00000000
00000000
00000000
00000000
0000ABB2
00000000
00000000
00000000
00000000
00000000
00000000
00000000
0000ABB2
00000000
00000000
00000000
00000000
00000000
00000000
00000000
0000ABB2
00000000
00000000
00000000
00000000
00000000
00000000
00000000
0000ABB2
00000000
00000000
00000000
00000000
00000000
00000000
00000000
0000ABB2
00000000
00000000
00000000
00000000
00000000
00000000
00000000
0000ABB2
00000000
00000000
00000000
00000000
00000000
00000000
00000000
0000ABB2
00000000
00000000
00000000
00000000
00000000
00000000
00000000
0000ABB2
00000000
00000000
00000000
00000000
00000000
00000000
00000000
0000ABB2
00000000
00000000
00000000
00000000
00000000
00000000
00000000
0000ABB2
00000000
00000000
00000000
00000000
00000000
00000000
00000000
0000ABB2
00000000
00000000
00000000
00000000
00000000
00000000
00000000
0000ABB2
00000000
00000000
00000000
00000000
00000000
00000000
00000000
0000ABB2
00000000
00000000
00000000
00000000
00000000
00000000
00000000
0000ABB2
00000000
00000000
00000000
00000000
00000000
00000000
00000000
0000ABB2
00000000
00000000
00000000
00000000
00000000
00000000
00000000
0000ABB2
00000000
00000000
00000000
00000000
00000000
00000000
00000000
0000ABB2
00000000
00000000
00000000
00000000
00000000
00000000
00000000
0000ABB2
00000000
00000000
00000000
00000000
00000000
00000000
00000000
0000ABB2
00000000
00000000
00000000
00000000
00000000
00000000
00000000
0000ABB2
00000000
00000000
00000000
00000000
00000000
00000000
00000000
0000ABB2
00000000
00000000
00000000
00000000
00000000
00000000
00000000
0000ABB2
00000000
00000000
00000000
00000000
00000000
00000000
00000000
0000ABB2
00000000
00000000
00000000
00000000
00000000
00000000
00000000
0000ABB2
00000000
00000000
00000000
00000000
00000000
00000000
00000000
0000ABB2
00000000
00000000
00000000
00000000
00000000
00000000
00000000
0000ABB2
00000000
00000000
00000000
00000000
00000000
00000000
00000000
0000ABB2
00000000
00000000
00000000
00000000
00000000
00000000
00000000
0000ABB2
00000000
00000000
00000000
00000000
00000000
00000000
00000000
0000ABB2
00000000
00000000
00000000
00000000
00000000
00000000
00000000
0000ABB2
00000000
00000000
00000000
00000000
00000000
00000000
00000000
0000ABB2
00000000
00000000
00000000
00000000
00000000
00000000
00000000
0000ABB2
00000000
00000000
00000000
00000000
00000000
00000000
00000000
0000ABB2
00000000
00000000
00000000
00000000
00000000
00000000
00000000
0000ABB2
00000000
00000000
00000000
00000000
00000000
00000000
00000000
0000ABB2
00000000
00000000
00000000
00000000
00000000
00000000
00000000
0000ABB2
00000000
00000000
00000000
00000000
00000000
00000000
00000000
0000ABB2
00000000
00000000
00000000
00000000
00000000
00000000
00000000
0000ABB2
00000000
00000000
00000000
00000000
00000000
00000000
00000000
0000ABB2
00000000
00000000
00000000
00000000
00000000
00000000
00000000
0000ABB2
00000000
00000000
00000000
00000000
00000000
00000000
00000000
0000ABB2
00000000
00000000
00000000
00000000
00000000
00000000
00000000
0000ABB2
00000000
00000000
00000000
00000000
00000000
00000000
00000000
0000ABB2
00000000
00000000
00000000
00000000
00000000
00000000
00000000
0000ABB2
00000000
00000000
00000000
00000000
00000000
00000000
00000000
0000ABB2
00000000
00000000
00000000
00000000
00000000
00000000
00000000
0000ABB2
00000000
00000000
00000000
00000000
00000000
00000000
00000000
0000ABB2
00000000
00000000
00000000
00000000
00000000
00000000
00000000
0000ABB2
00000000
00000000
00000000
00000000
00000000
00000000
00000000
0000ABB2
00000000
00000000
00000000
00000000
00000000
00000000
00000000
0000ABB2
00000000
00000000
00000000
00000000
00000000
00000000
00000000
0000ABB2
00000000
00000000
00000000
00000000
00000000
00000000
00000000
0000ABB2
00000000
00000000
00000000
00000000
00000000
00000000
00000000
0000ABB2
00000000
00000000
00000000
00000000
00000000
00000000
00000000
0000ABB2
00000000
00000000
00000000
00000000
00000000
00000000
00000000
0000ABB2
00000000
00000000
00000000
00000000
00000000
00000000
00000000
0000ABB2
00000000
00000000
00000000
00000000
00000000
00000000
00000000
0000ABB2
00000000
00000000
00000000
00000000
00000000
00000000
00000000
0000ABB2
00000000
00000000
00000000
00000000
00000000
00000000
00000000
0000ABB2
00000000
00000000
00000000
00000000
00000000
00000000
00000000
0000ABB2
00000000
00000000
00000000
00000000
00000000
00000000
00000000
0000ABB2
00000000
00000000
00000000
00000000
00000000
00000000
00000000
0000ABB2
00000000
00000000
00000000
00000000
00000000
00000000
00000000
0000ABB2
00000000
00000000
00000000
00000000
00000000
00000000
00000000
0000ABB2
00000000
00000000
00000000
00000000
00000000
00000000
00000000
0000ABB2
00000000
00000000
00000000
00000000
00000000
00000000
00000000
0000ABB2
00000000
00000000
00000000
00000000
00000000
00000000
00000000
0000ABB2
00000000
00000000
00000000
00000000
00000000
00000000
00000000
0000ABB2
00000000
00000000
00000000
00000000
00000000
00000000
00000000
0000ABB2
00000000
00000000
00000000
00000000
00000000
00000000
00000000
0000ABB2
00000000
00000000
00000000
00000000
00000000
00000000
00000000
0000ABB2
00000000
00000000
00000000
00000000
00000000
00000000
00000000
0000ABB2
00000000
00000000
00000000
00000000
00000000
00000000
00000000
0000ABB2
00000000
00000000
00000000
00000000
00000000
00000000
00000000
0000ABB2
00000000
00000000
00000000
00000000
00000000
00000000
00000000
0000ABB2
00000000
00000000
00000000
00000000
00000000
00000000
00000000
0000ABB2
00000000
00000000
00000000
00000000
00000000
00000000
00000000
0000ABB2
00000000
00000000
00000000
00000000
00000000
00000000
00000000
0000ABB2
00000000
00000000
00000000
00000000
00000000
00000000
00000000
0000ABB2
00000000
00000000
00000000
00000000
00000000
00000000
00000000
0000ABB2
00000000
00000000
00000000
00000000
00000000
00000000
00000000
0000ABB2
00000000
00000000
00000000
00000000
00000000
00000000
00000000
0000ABB2
00000000
00000000
00000000
00000000
00000000
00000000
00000000
0000ABB2
00000000
00000000
00000000
00000000
00000000
00000000
00000000
0000ABB2
00000000
00000000
00000000
00000000
00000000
00000000
00000000
0000ABB2
00000000
00000000
00000000
00000000
00000000
00000000
00000000
0000ABB2
00000000
00000000
00000000
00000000
00000000
00000000
00000000
0000ABB2
00000000
00000000
00000000
00000000
00000000
00000000
00000000
0000ABB2
00000000
00000000
00000000
00000000
00000000
00000000
00000000
0000ABB2
00000000
00000000
00000000
00000000
00000000
00000000
00000000
0000ABB2
00000000
00000000
00000000
00000000
00000000
00000000
00000000
0000ABB2
00000000
00000000
00000000
00000000
00000000
00000000
00000000
0000ABB2
00000000
00000000
00000000
00000000
00000000
00000000
00000000
0000ABB2
00000000
00000000
00000000
00000000
00000000
00000000
00000000
0000ABB2
00000000
00000000
00000000
00000000
00000000
00000000
00000000
0000ABB2
00000000
00000000
00000000
00000000
00000000
00000000
00000000
0000ABB2
00000000
00000000
00000000
00000000
00000000
00000000
00000000
0000ABB2
00000000
00000000
00000000
00000000
00000000
00000000
00000000
0000ABB2
00000000
00000000
00000000
00000000
00000000
00000000
00000000
0000ABB2
00000000
00000000
00000000
00000000
00000000
00000000
00000000
0000ABB2
00000000
00000000
00000000
00000000
00000000
00000000
00000000
0000ABB2
00000000
00000000
00000000
00000000
00000000
00000000
00000000
0000ABB2
00000000
00000000
00000000
00000000
00000000
00000000
00000000
0000ABB2
00000000
00000000
00000000
00000000
00000000
00000000
00000000
0000ABB2
00000000
00000000
00000000
00000000
00000000
00000000
00000000
0000ABB2
00000000
00000000
00000000
00000000
00000000
00000000
00000000
0000ABB2
00000000
00000000
00000000
00000000
00000000
00000000
00000000
0000ABB2
00000000
00000000
00000000
00000000
00000000
00000000
00000000
0000ABB2
00000000
00000000
00000000
00000000
00000000
00000000
00000000
0000ABB2
00000000
00000000
00000000
00000000
00000000
00000000
00000000
0000ABB2
00000000
00000000
00000000
00000000
00000000
00000000
00000000
0000ABB2
00000000
00000000
00000000
00000000
00000000
00000000
00000000
0000ABB2
00000000
00000000
00000000
00000000
00000000
00000000
00000000
0000ABB2
00000000
00000000
00000000
00000000
00000000
00000000
00000000
0000ABB2
00000000
00000000
00000000
00000000
00000000
00000000
00000000
0000ABB2
00000000
00000000
00000000
00000000
00000000
00000000
00000000
0000ABB2
00000000
00000000
00000000
00000000
00000000
00000000
00000000
0000ABB2
00000000
00000000
00000000
00000000
00000000
00000000
00000000
0000ABB2
00000000
00000000
00000000
00000000
00000000
00000000
00000000
0000ABB2
00000000
00000000
00000000
00000000
00000000
00000000
00000000
0000ABB2
00000000
00000000
00000000
00000000
00000000
00000000
00000000
0000ABB2
00000000
00000000
00000000
00000000
00000000
00000000
00000000
0000ABB2
00000000
00000000
00000000
00000000
00000000
00000000
00000000
0000ABB2
00000000
00000000
00000000
00000000
00000000
00000000
00000000
0000ABB2
00000000
00000000
00000000
00000000
00000000
00000000
00000000
0000ABB2
00000000
00000000
00000000
00000000
00000000
00000000
00000000
0000ABB2
00000000
00000000
00000000
00000000
00000000
00000000
00000000
0000ABB2
00000000
00000000
00000000
00000000
00000000
00000000
00000000
0000ABB2
00000000
00000000
00000000
00000000
00000000
00000000
00000000
0000ABB2
00000000
00000000
00000000
00000000
00000000
00000000
00000000
0000ABB2
00000000
00000000
00000000
00000000
00000000
00000000
00000000
0000ABB2
00000000
00000000
00000000
00000000
00000000
00000000
00000000
0000ABB2
00000000
00000000
00000000
00000000
00000000
00000000
00000000
0000ABB2
00000000
00000000
00000000
00000000
00000000
00000000
00000000
0000ABB2
00000000
00000000
00000000
00000000
00000000
00000000
00000000
0000ABB2
00000000
00000000
00000000
00000000
00000000
00000000
00000000
0000ABB2
00000000
00000000
00000000
00000000
00000000
00000000
00000000
0000ABB2
00000000
00000000
00000000
00000000
00000000
00000000
00000000
0000ABB2
00000000
00000000
00000000
00000000
00000000
00000000
00000000
0000ABB2
00000000
00000000
00000000
00000000
00000000
00000000
00000000
0000ABB2
00000000
00000000
00000000
00000000
00000000
00000000
00000000
0000ABB2
00000000
00000000
00000000
00000000
00000000
00000000
00000000
0000ABB2
00000000
00000000
00000000
00000000
00000000
00000000
00000000
0000ABB2
00000000
00000000
00000000
00000000
00000000
00000000
00000000
0000ABB2
00000000
00000000
00000000
00000000
00000000
00000000
00000000
0000ABB2
00000000
00000000
00000000
00000000
00000000
00000000
00000000
0000ABB2
00000000
00000000
00000000
00000000
00000000
00000000
00000000
0000ABB2
00000000
00000000
00000000
00000000
00000000
00000000
00000000
0000ABB2
00000000
00000000
00000000
00000000
00000000
00000000
00000000
0000ABB2
00000000
00000000
00000000
00000000
00000000
00000000
00000000
0000ABB2
00000000
00000000
00000000
00000000
00000000
00000000
00000000
0000ABB2
00000000
00000000
00000000
00000000
00000000
00000000
00000000
0000ABB2
00000000
00000000
00000000
00000000
00000000
00000000
00000000
0000ABB2
00000000
00000000
00000000
00000000
00000000
00000000
00000000
0000ABB2
00000000
00000000
00000000
00000000
00000000
00000000
00000000
0000ABB2
00000000
00000000
00000000
00000000
00000000
00000000
00000000
0000ABB2
00000000
00000000
00000000
00000000
00000000
00000000
00000000
0000ABB2
00000000
00000000
00000000
00000000
00000000
00000000
00000000
0000ABB2
00000000
00000000
00000000
00000000
00000000
00000000
00000000
0000ABB2
00000000
00000000
00000000
00000000
00000000
00000000
00000000
0000ABB2
00000000
00000000
00000000
00000000
00000000
00000000
00000000
0000ABB2
00000000
00000000
00000000
00000000
00000000
00000000
00000000
0000ABB2
00000000
00000000
00000000
00000000
00000000
00000000
00000000
0000ABB2
00000000
00000000
00000000
00000000
00000000
00000000
00000000
0000ABB2
00000000
00000000
00000000
00000000
00000000
00000000
00000000
0000ABB2
00000000
00000000
00000000
00000000
00000000
00000000
00000000
0000ABB2
00000000
00000000
00000000
00000000
00000000
00000000
00000000
0000ABB2
00000000
00000000
00000000
00000000
00000000
00000000
00000000
0000ABB2
00000000
00000000
00000000
00000000
00000000
00000000
00000000
0000ABB2
00000000
00000000
00000000
00000000
00000000
00000000
00000000
0000ABB2
00000000
00000000
00000000
00000000
00000000
00000000
00000000
0000ABB2
00000000
00000000
00000000
00000000
00000000
00000000
00000000
0000ABB2
00000000
00000000
00000000
00000000
00000000
00000000
00000000
0000ABB2
00000000
00000000
00000000
00000000
00000000
00000000
00000000
0000ABB2
00000000
00000000
00000000
00000000
00000000
00000000
00000000
0000ABB2
00000000
00000000
00000000
00000000
00000000
00000000
00000000
0000ABB2
00000000
00000000
00000000
00000000
00000000
00000000
00000000
0000ABB2
00000000
00000000
00000000
00000000
00000000
00000000
00000000
0000ABB2
00000000
00000000
00000000
00000000
00000000
00000000
00000000
0000ABB2
00000000
00000000
00000000
00000000
00000000
00000000
00000000
0000ABB2
00000000
00000000
00000000
00000000
00000000
00000000
00000000
0000ABB2
00000000
00000000
00000000
00000000
00000000
00000000
00000000
0000ABB2
00000000
00000000
00000000
00000000
00000000
00000000
00000000
0000ABB2
00000000
00000000
00000000
00000000
00000000
00000000
00000000
0000ABB2
00000000
00000000
00000000
00000000
00000000
00000000
00000000
0000ABB2
00000000
00000000
00000000
00000000
00000000
00000000
00000000
0000ABB2
00000000
00000000
00000000
00000000
00000000
00000000
00000000
0000ABB2
00000000
00000000
00000000
00000000
00000000
00000000
00000000
0000ABB2
00000000
00000000
00000000
00000000
00000000
00000000
00000000
0000ABB2
00000000
00000000
00000000
00000000
00000000
00000000
00000000
0000ABB2
00000000
00000000
00000000
00000000
00000000
00000000
00000000
0000ABB2
00000000
00000000
00000000
00000000
00000000
00000000
00000000
0000ABB2
00000000
00000000
00000000
00000000
00000000
00000000
00000000
0000ABB2
00000000
00000000
00000000
00000000
00000000
00000000
00000000
0000ABB2
00000000
00000000
00000000
00000000
00000000
00000000
00000000
0000ABB2
00000000
00000000
00000000
00000000
00000000
00000000
00000000
0000ABB2
00000000
00000000
00000000
00000000
00000000
00000000
00000000
0000ABB2
00000000
00000000
00000000
00000000
00000000
00000000
00000000
0000ABB2
00000000
00000000
00000000
00000000
00000000
00000000
00000000
0000ABB2
00000000
00000000
00000000
00000000
00000000
00000000
00000000
0000ABB2
00000000
00000000
00000000
00000000
00000000
00000000
00000000
0000ABB2
00000000
00000000
00000000
00000000
00000000
00000000
00000000
0000ABB2
00000000
00000000
00000000
00000000
00000000
00000000
00000000
0000ABB2
00000000
00000000
00000000
00000000
00000000
00000000
00000000
0000ABB2
00000000
00000000
00000000
00000000
00000000
00000000
00000000
0000ABB2
00000000
00000000
00000000
00000000
00000000
00000000
00000000
0000ABB2
00000000
00000000
00000000
00000000
00000000
00000000
00000000
0000ABB2
00000000
00000000
00000000
00000000
00000000
00000000
00000000
0000ABB2
00000000
00000000
00000000
00000000
00000000
00000000
00000000
0000ABB2
00000000
00000000
00000000
00000000
00000000
00000000
00000000
0000ABB2
00000000
00000000
00000000
00000000
00000000
00000000
00000000
0000ABB2
00000000
00000000
00000000
00000000
00000000
00000000
00000000
0000ABB2
00000000
00000000
00000000
00000000
00000000
00000000
00000000
0000ABB2
00000000
00000000
00000000
00000000
00000000
00000000
00000000
0000ABB2
00000000
00000000
00000000
00000000
00000000
00000000
00000000
0000ABB2
00000000
00000000
00000000
00000000
00000000
00000000
00000000
0000ABB2
00000000
00000000
00000000
00000000
00000000
00000000
00000000
0000ABB2
00000000
00000000
00000000
00000000
00000000
00000000
00000000
0000ABB2
00000000
00000000
00000000
00000000
00000000
00000000
00000000
0000ABB2
00000000
00000000
00000000
00000000
00000000
00000000
00000000
0000ABB2
00000000
00000000
00000000
00000000
00000000
00000000
00000000
0000ABB2
00000000
00000000
00000000
00000000
00000000
00000000
00000000
0000ABB2
00000000
00000000
00000000
00000000
00000000
00000000
00000000
0000ABB2
00000000
00000000
00000000
00000000
00000000
00000000
00000000
0000ABB2
00000000
00000000
00000000
00000000
00000000
00000000
00000000
0000ABB2
00000000
00000000
00000000
00000000
00000000
00000000
00000000
0000ABB2
00000000
00000000
00000000
00000000
00000000
00000000
00000000
0000ABB2
00000000
00000000
00000000
00000000
00000000
00000000
00000000
0000ABB2
00000000
00000000
00000000
00000000
00000000
00000000
00000000
0000ABB2
00000000
00000000
00000000
00000000
00000000
00000000
00000000
0000ABB2
00000000
00000000
00000000
00000000
00000000
00000000
00000000
0000ABB2
00000000
00000000
00000000
00000000
00000000
00000000
00000000
0000ABB2
00000000
00000000
00000000
00000000
00000000
00000000
00000000
0000ABB2
00000000
00000000
00000000
00000000
00000000
00000000
00000000
0000ABB2
00000000
00000000
00000000
00000000
00000000
00000000
00000000
0000ABB2
00000000
00000000
00000000
00000000
00000000
00000000
00000000
0000ABB2
00000000
00000000
00000000
00000000
00000000
00000000
00000000
0000ABB2
00000000
00000000
00000000
00000000
00000000
00000000
00000000
0000ABB2
00000000
00000000
00000000
00000000
00000000
00000000
00000000
0000ABB2
00000000
00000000
00000000
00000000
00000000
00000000
00000000
0000ABB2
00000000
00000000
00000000
00000000
00000000
00000000
00000000
0000ABB2
00000000
00000000
00000000
00000000
00000000
00000000
00000000
0000ABB2
00000000
00000000
00000000
00000000
00000000
00000000
00000000
0000ABB2
00000000
00000000
00000000
00000000
00000000
00000000
00000000
0000ABB2
00000000
00000000
00000000
00000000
00000000
00000000
00000000
0000ABB2
00000000
00000000
00000000
00000000
00000000
00000000
00000000
0000ABB2
00000000
00000000
00000000
00000000
00000000
00000000
00000000
0000ABB2
00000000
00000000
00000000
00000000
00000000
00000000
00000000
0000ABB2
00000000
00000000
00000000
00000000
00000000
00000000
00000000
0000ABB2
00000000
00000000
00000000
00000000
00000000
00000000
00000000
0000ABB2
00000000
00000000
00000000
00000000
00000000
00000000
00000000
0000ABB2
00000000
00000000
00000000
00000000
00000000
00000000
00000000
0000ABB2
00000000
00000000
00000000
00000000
00000000
00000000
00000000
0000ABB2
00000000
00000000
00000000
00000000
00000000
00000000
00000000
0000ABB2
00000000
00000000
00000000
00000000
00000000
00000000
00000000
0000ABB2
00000000
00000000
00000000
00000000
00000000
00000000
00000000
0000ABB2
00000000
00000000
00000000
00000000
00000000
00000000
00000000
0000ABB2
00000000
00000000
00000000
00000000
00000000
00000000
00000000
0000ABB2
00000000
00000000
00000000
00000000
00000000
00000000
00000000
0000ABB2
00000000
00000000
00000000
00000000
00000000
00000000
00000000
0000ABB2
00000000
00000000
00000000
00000000
00000000
00000000
00000000
0000ABB2
00000000
00000000
00000000
00000000
00000000
00000000
00000000
0000ABB2
00000000
00000000
00000000
00000000
00000000
00000000
00000000
0000ABB2
00000000
00000000
00000000
00000000
00000000
00000000
00000000
0000ABB2
00000000
00000000
00000000
00000000
00000000
00000000
00000000
0000ABB2
00000000
00000000
00000000
00000000
00000000
00000000
00000000
0000ABB2
00000000
00000000
00000000
00000000
00000000
00000000
00000000
0000ABB2
00000000
00000000
00000000
00000000
00000000
00000000
00000000
0000ABB2
00000000
00000000
00000000
00000000
00000000
00000000
00000000
0000ABB2
00000000
00000000
00000000
00000000
00000000
00000000
00000000
0000ABB2
00000000
00000000
00000000
00000000
00000000
00000000
00000000
0000ABB2
00000000
00000000
00000000
00000000
00000000
00000000
00000000
0000ABB2
00000000
00000000
00000000
00000000
00000000
00000000
00000000
0000ABB2
00000000
00000000
00000000
00000000
00000000
00000000
00000000
0000ABB2
00000000
00000000
00000000
00000000
00000000
00000000
00000000
0000ABB2
00000000
00000000
00000000
00000000
00000000
00000000
00000000
0000ABB2
00000000
00000000
00000000
00000000
00000000
00000000
00000000
0000ABB2
00000000
00000000
00000000
00000000
00000000
00000000
00000000
0000ABB2
00000000
00000000
00000000
00000000
00000000
00000000
00000000
0000ABB2
00000000
00000000
00000000
00000000
00000000
00000000
00000000
0000ABB2
00000000
00000000
00000000
00000000
00000000
00000000
00000000
0000ABB2
00000000
00000000
00000000
00000000
00000000
00000000
00000000
0000ABB2
00000000
00000000
00000000
00000000
00000000
00000000
00000000
0000ABB2
00000000
00000000
00000000
00000000
00000000
00000000
00000000
0000ABB2
00000000
00000000
00000000
00000000
00000000
00000000
00000000
0000ABB2
00000000
00000000
00000000
00000000
00000000
00000000
00000000
0000ABB2
00000000
00000000
00000000
00000000
00000000
00000000
00000000
0000ABB2
00000000
00000000
00000000
00000000
00000000
00000000
00000000
0000ABB2
00000000
00000000
00000000
00000000
00000000
00000000
00000000
0000ABB2
00000000
00000000
00000000
00000000
00000000
00000000
00000000
0000ABB2
00000000
00000000
00000000
00000000
00000000
00000000
00000000
0000ABB2
00000000
00000000
00000000
00000000
00000000
00000000
00000000
0000ABB2
00000000
00000000
00000000
00000000
00000000
00000000
00000000
0000ABB2
00000000
00000000
00000000
00000000
00000000
00000000
00000000
0000ABB2
00000000
00000000
00000000
00000000
00000000
00000000
00000000
0000ABB2
00000000
00000000
00000000
00000000
00000000
00000000
00000000
0000ABB2
00000000
00000000
00000000
00000000
00000000
00000000
00000000
0000ABB2
00000000
00000000
00000000
00000000
00000000
00000000
00000000
0000ABB2
00000000
00000000
00000000
00000000
00000000
00000000
00000000
0000ABB2
00000000
00000000
00000000
00000000
00000000
00000000
00000000
0000ABB2
00000000
00000000
00000000
00000000
00000000
00000000
00000000
0000ABB2
00000000
00000000
00000000
00000000
00000000
00000000
00000000
0000ABB2
00000000
00000000
00000000
00000000
00000000
00000000
00000000
0000ABB2
00000000
00000000
00000000
00000000
00000000
00000000
00000000
0000ABB2
00000000
00000000
00000000
00000000
00000000
00000000
00000000
0000ABB2
00000000
00000000
00000000
00000000
00000000
00000000
00000000
0000ABB2
00000000
00000000
00000000
00000000
00000000
00000000
00000000
0000ABB2
00000000
00000000
00000000
00000000
00000000
00000000
00000000
0000ABB2
00000000
00000000
00000000
00000000
00000000
00000000
00000000
0000ABB2
00000000
00000000
00000000
00000000
00000000
00000000
00000000
0000ABB2
00000000
00000000
00000000
00000000
00000000
00000000
00000000
0000ABB2
00000000
00000000
00000000
00000000
00000000
00000000
00000000
0000ABB2
00000000
00000000
00000000
00000000
00000000
00000000
00000000
0000ABB2
00000000
00000000
00000000
00000000
00000000
00000000
00000000
0000ABB2
00000000
00000000
00000000
00000000
00000000
00000000
00000000
0000ABB2
00000000
00000000
00000000
00000000
00000000
00000000
00000000
0000ABB2
00000000
00000000
00000000
00000000
00000000
00000000
00000000
0000ABB2
00000000
00000000
00000000
00000000
00000000
00000000
00000000
0000ABB2
00000000
00000000
00000000
00000000
00000000
00000000
00000000
0000ABB2
00000000
00000000
00000000
00000000
00000000
00000000
00000000
0000ABB2
00000000
00000000
00000000
00000000
00000000
00000000
00000000
0000ABB2
00000000
00000000
00000000
00000000
00000000
00000000
00000000
0000ABB2
00000000
00000000
00000000
00000000
00000000
00000000
00000000
0000ABB2
00000000
00000000
00000000
00000000
00000000
00000000
00000000
0000ABB2
00000000
00000000
00000000
00000000
00000000
00000000
00000000
0000ABB2
00000000
00000000
00000000
00000000
00000000
00000000
00000000
0000ABB2
00000000
00000000
00000000
00000000
00000000
00000000
00000000
0000ABB2
00000000
00000000
00000000
00000000
00000000
00000000
00000000
0000ABB2
00000000
00000000
00000000
00000000
00000000
00000000
00000000
0000ABB2
00000000
00000000
00000000
00000000
00000000
00000000
00000000
0000ABB2
00000000
00000000
00000000
00000000
00000000
00000000
00000000
0000ABB2
00000000
00000000
00000000
00000000
00000000
00000000
00000000
0000ABB2
00000000
00000000
00000000
00000000
00000000
00000000
00000000
0000ABB2
00000000
00000000
00000000
00000000
00000000
00000000
00000000
0000ABB2
00000000
00000000
00000000
00000000
00000000
00000000
00000000
0000ABB2
00000000
00000000
00000000
00000000
00000000
00000000
00000000
0000ABB2
00000000
00000000
00000000
00000000
00000000
00000000
00000000
0000ABB2
00000000
00000000
00000000
00000000
00000000
00000000
00000000
0000ABB2
00000000
00000000
00000000
00000000
00000000
00000000
00000000
0000ABB2
00000000
00000000
00000000
00000000
00000000
00000000
00000000
0000ABB2
00000000
00000000
00000000
00000000
00000000
00000000
00000000
0000ABB2
00000000
00000000
00000000
00000000
00000000
00000000
00000000
0000ABB2
00000000
00000000
00000000
00000000
00000000
00000000
00000000
0000ABB2
00000000
00000000
00000000
00000000
00000000
00000000
00000000
0000ABB2
00000000
00000000
00000000
00000000
00000000
00000000
00000000
0000ABB2
00000000
00000000
00000000
00000000
00000000
00000000
00000000
0000ABB2
00000000
00000000
00000000
00000000
00000000
00000000
00000000
0000ABB2
00000000
00000000
00000000
00000000
00000000
00000000
00000000
0000ABB2
00000000
00000000
00000000
00000000
00000000
00000000
00000000
0000ABB2
00000000
00000000
00000000
00000000
00000000
00000000
00000000
0000ABB2
00000000
00000000
00000000
00000000
00000000
00000000
00000000
0000ABB2
00000000
00000000
00000000
00000000
00000000
00000000
00000000
0000ABB2
00000000
00000000
00000000
00000000
00000000
00000000
00000000
0000ABB2
00000000
00000000
00000000
00000000
00000000
00000000
00000000
0000ABB2
00000000
00000000
00000000
00000000
00000000
00000000
00000000
0000ABB2
00000000
00000000
00000000
00000000
00000000
00000000
00000000
0000ABB2
00000000
00000000
00000000
00000000
00000000
00000000
00000000
0000ABB2
00000000
00000000
00000000
00000000
00000000
00000000
00000000
0000ABB2
00000000
00000000
00000000
00000000
00000000
00000000
00000000
0000ABB2
00000000
00000000
00000000
00000000
00000000
00000000
00000000
0000ABB2
00000000
00000000
00000000
00000000
00000000
00000000
00000000
0000ABB2
00000000
00000000
00000000
00000000
00000000
00000000
00000000
0000ABB2
00000000
00000000
00000000
00000000
00000000
00000000
00000000
0000ABB2
00000000
00000000
00000000
00000000
00000000
00000000
00000000
0000ABB2
00000000
00000000
00000000
00000000
00000000
00000000
00000000
0000ABB2
00000000
00000000
00000000
00000000
00000000
00000000
00000000
0000ABB2
00000000
00000000
00000000
00000000
00000000
00000000
00000000
0000ABB2
00000000
00000000
00000000
00000000
00000000
00000000
00000000
0000ABB2
00000000
00000000
00000000
00000000
00000000
00000000
00000000
0000ABB2
00000000
00000000
00000000
00000000
00000000
00000000
00000000
0000ABB2
00000000
00000000
00000000
00000000
00000000
00000000
00000000
0000ABB2
00000000
00000000
00000000
00000000
00000000
00000000
00000000
0000ABB2
00000000
00000000
00000000
00000000
00000000
00000000
00000000
0000ABB2
00000000
00000000
00000000
00000000
00000000
00000000
00000000
0000ABB2
00000000
00000000
00000000
00000000
00000000
00000000
00000000
0000ABB2
00000000
00000000
00000000
00000000
00000000
00000000
00000000
0000ABB2
00000000
00000000
00000000
00000000
00000000
00000000
00000000
0000ABB2
00000000
00000000
00000000
00000000
00000000
00000000
00000000
0000ABB2
00000000
00000000
00000000
00000000
00000000
00000000
00000000
0000ABB2
00000000
00000000
00000000
00000000
00000000
00000000
00000000
0000ABB2
00000000
00000000
00000000
00000000
00000000
00000000
00000000
0000ABB2
00000000
00000000
00000000
00000000
00000000
00000000
00000000
0000ABB2
00000000
00000000
00000000
00000000
00000000
00000000
00000000
0000ABB2
00000000
00000000
00000000
00000000
00000000
00000000
00000000
0000ABB2
00000000
00000000
00000000
00000000
00000000
00000000
00000000
0000ABB2
00000000
00000000
00000000
00000000
00000000
00000000
00000000
0000ABB2
00000000
00000000
00000000
00000000
00000000
00000000
00000000
0000ABB2
00000000
00000000
00000000
00000000
00000000
00000000
00000000
0000ABB2
00000000
00000000
00000000
00000000
00000000
00000000
00000000
0000ABB2
00000000
00000000
00000000
00000000
00000000
00000000
00000000
0000ABB2
00000000
00000000
00000000
00000000
00000000
00000000
00000000
0000ABB2
00000000
00000000
00000000
00000000
00000000
00000000
00000000
0000ABB2
00000000
00000000
00000000
00000000
00000000
00000000
00000000
0000ABB2
00000000
00000000
00000000
00000000
00000000
00000000
00000000
0000ABB2
00000000
00000000
00000000
00000000
00000000
00000000
00000000
0000ABB2
00000000
00000000
00000000
00000000
00000000
00000000
00000000
0000ABB2
00000000
00000000
00000000
00000000
00000000
00000000
00000000
0000ABB2
00000000
00000000
00000000
00000000
00000000
00000000
00000000
0000ABB2
00000000
00000000
00000000
00000000
00000000
00000000
00000000
0000ABB2
00000000
00000000
00000000
00000000
00000000
00000000
00000000
0000ABB2
00000000
00000000
00000000
00000000
00000000
00000000
00000000
0000ABB2
00000000
00000000
00000000
00000000
00000000
00000000
00000000
0000ABB2
00000000
00000000
00000000
00000000
00000000
00000000
00000000
0000ABB2
00000000
00000000
00000000
00000000
00000000
00000000
00000000
0000ABB2
00000000
00000000
00000000
00000000
00000000
00000000
00000000
0000ABB2
00000000
00000000
00000000
00000000
00000000
00000000
00000000
0000ABB2
00000000
00000000
00000000
00000000
00000000
00000000
00000000
0000ABB2
00000000
00000000
00000000
00000000
00000000
00000000
00000000
0000ABB2
00000000
00000000
00000000
00000000
00000000
00000000
00000000
0000ABB2
00000000
00000000
00000000
00000000
00000000
00000000
00000000
0000ABB2
00000000
00000000
00000000
00000000
00000000
00000000
00000000
0000ABB2
00000000
00000000
00000000
00000000
00000000
00000000
00000000
0000ABB2
00000000
00000000
00000000
00000000
00000000
00000000
00000000
0000ABB2
00000000
00000000
00000000
00000000
00000000
00000000
00000000
0000ABB2
00000000
00000000
00000000
00000000
00000000
00000000
00000000
0000ABB2
00000000
00000000
00000000
00000000
00000000
00000000
00000000
0000ABB2
00000000
00000000
00000000
00000000
00000000
00000000
00000000
0000ABB2
00000000
00000000
00000000
00000000
00000000
00000000
00000000
0000ABB2
00000000
00000000
00000000
00000000
00000000
00000000
00000000
0000ABB2
00000000
00000000
00000000
00000000
00000000
00000000
00000000
0000ABB2
00000000
00000000
00000000
00000000
00000000
00000000
00000000
0000ABB2
00000000
00000000
00000000
00000000
00000000
00000000
00000000
0000ABB2
00000000
00000000
00000000
00000000
00000000
00000000
00000000
0000ABB2
00000000
00000000
00000000
00000000
00000000
00000000
00000000
0000ABB2
00000000
00000000
00000000
00000000
00000000
00000000
00000000
0000ABB2
00000000
00000000
00000000
00000000
00000000
00000000
00000000
0000ABB2
00000000
00000000
00000000
00000000
00000000
00000000
00000000
0000ABB2
00000000
00000000
00000000
00000000
00000000
00000000
00000000
0000ABB2
00000000
00000000
00000000
00000000
00000000
00000000
00000000
0000ABB2
00000000
00000000
00000000
00000000
00000000
00000000
00000000
0000ABB2
00000000
00000000
00000000
00000000
00000000
00000000
00000000
0000ABB2
00000000
00000000
00000000
00000000
00000000
00000000
00000000
0000ABB2
00000000
00000000
00000000
00000000
00000000
00000000
00000000
0000ABB2
00000000
00000000
00000000
00000000
00000000
00000000
00000000
0000ABB2
00000000
00000000
00000000
00000000
00000000
00000000
00000000
0000ABB2
00000000
00000000
00000000
00000000
00000000
00000000
00000000
0000ABB2
00000000
00000000
00000000
00000000
00000000
00000000
00000000
0000ABB2
00000000
00000000
00000000
00000000
00000000
00000000
00000000
0000ABB2
00000000
00000000
00000000
00000000
00000000
00000000
00000000
0000ABB2
00000000
00000000
00000000
00000000
00000000
00000000
00000000
0000ABB2
00000000
00000000
00000000
00000000
00000000
00000000
00000000
0000ABB2
00000000
00000000
00000000
00000000
00000000
00000000
00000000
0000ABB2
00000000
00000000
00000000
00000000
00000000
00000000
00000000
0000ABB2
00000000
00000000
00000000
00000000
00000000
00000000
00000000
0000ABB2
00000000
00000000
00000000
00000000
00000000
00000000
00000000
0000ABB2
00000000
00000000
00000000
00000000
00000000
00000000
00000000
0000ABB2
00000000
00000000
00000000
00000000
00000000
00000000
00000000
0000ABB2
00000000
00000000
00000000
00000000
00000000
00000000
00000000
0000ABB2
00000000
00000000
00000000
00000000
00000000
00000000
00000000
0000ABB2
00000000
00000000
00000000
00000000
00000000
00000000
00000000
0000ABB2
00000000
00000000
00000000
00000000
00000000
00000000
00000000
0000ABB2
00000000
00000000
00000000
00000000
00000000
00000000
00000000
0000ABB2
00000000
00000000
00000000
00000000
00000000
00000000
00000000
0000ABB2
00000000
00000000
00000000
00000000
00000000
00000000
00000000
0000ABB2
00000000
00000000
00000000
00000000
00000000
00000000
00000000
0000ABB2
00000000
00000000
00000000
00000000
00000000
00000000
00000000
0000ABB2
00000000
00000000
00000000
00000000
00000000
00000000
00000000
0000ABB2
00000000
00000000
00000000
00000000
00000000
00000000
00000000
0000ABB2
00000000
00000000
00000000
00000000
00000000
00000000
00000000
0000ABB2
00000000
00000000
00000000
00000000
00000000
00000000
00000000
0000ABB2
00000000
00000000
00000000
00000000
00000000
00000000
00000000
0000ABB2
00000000
00000000
00000000
00000000
00000000
00000000
00000000
0000ABB2
00000000
00000000
00000000
00000000
00000000
00000000
00000000
0000ABB2
00000000
00000000
00000000
00000000
00000000
00000000
00000000
0000ABB2
00000000
00000000
00000000
00000000
00000000
00000000
00000000
0000ABB2
00000000
00000000
00000000
00000000
00000000
00000000
00000000
0000ABB2
00000000
00000000
00000000
00000000
00000000
00000000
00000000
0000ABB2
00000000
00000000
00000000
00000000
00000000
00000000
00000000
0000ABB2
00000000
00000000
00000000
00000000
00000000
00000000
00000000
0000ABB2
00000000
00000000
00000000
00000000
00000000
00000000
00000000
0000ABB2
00000000
00000000
00000000
00000000
00000000
00000000
00000000
0000ABB2
00000000
00000000
00000000
00000000
00000000
00000000
00000000
0000ABB2
00000000
00000000
00000000
00000000
00000000
00000000
00000000
0000ABB2
00000000
00000000
00000000
00000000
00000000
00000000
00000000
0000ABB2
00000000
00000000
00000000
00000000
00000000
00000000
00000000
0000ABB2
00000000
00000000
00000000
00000000
00000000
00000000
00000000
0000ABB2
00000000
00000000
00000000
00000000
00000000
00000000
00000000
0000ABB2
00000000
00000000
00000000
00000000
00000000
00000000
00000000
0000ABB2
00000000
00000000
00000000
00000000
00000000
00000000
00000000
0000ABB2
00000000
00000000
00000000
00000000
00000000
00000000
00000000
0000ABB2
00000000
00000000
00000000
00000000
00000000
00000000
00000000
0000ABB2
00000000
00000000
00000000
00000000
00000000
00000000
00000000
0000ABB2
00000000
00000000
00000000
00000000
00000000
00000000
00000000
0000ABB2
00000000
00000000
00000000
00000000
00000000
00000000
00000000
0000ABB2
00000000
00000000
00000000
00000000
00000000
00000000
00000000
0000ABB2
00000000
00000000
00000000
00000000
00000000
00000000
00000000
0000ABB2
00000000
00000000
00000000
00000000
00000000
00000000
00000000
0000ABB2
00000000
00000000
00000000
00000000
00000000
00000000
00000000
0000ABB2
00000000
00000000
00000000
00000000
00000000
00000000
00000000
0000ABB2
00000000
00000000
00000000
00000000
00000000
00000000
00000000
0000ABB2
00000000
00000000
00000000
00000000
00000000
00000000
00000000
0000ABB2
00000000
00000000
00000000
00000000
00000000
00000000
00000000
0000ABB2
00000000
00000000
00000000
00000000
00000000
00000000
00000000
0000ABB2
00000000
00000000
00000000
00000000
00000000
00000000
00000000
0000ABB2
00000000
00000000
00000000
00000000
00000000
00000000
00000000
0000ABB2
00000000
00000000
00000000
00000000
00000000
00000000
00000000
0000ABB2
00000000
00000000
00000000
00000000
00000000
00000000
00000000
0000ABB2
00000000
00000000
00000000
00000000
00000000
00000000
00000000
0000ABB2
00000000
00000000
00000000
00000000
00000000
00000000
00000000
0000ABB2
00000000
00000000
00000000
00000000
00000000
00000000
00000000
0000ABB2
00000000
00000000
00000000
00000000
00000000
00000000
00000000
0000ABB2
00000000
00000000
00000000
00000000
00000000
00000000
00000000
0000ABB2
00000000
00000000
00000000
00000000
00000000
00000000
00000000
0000ABB2
00000000
00000000
00000000
00000000
00000000
00000000
00000000
0000ABB2
00000000
00000000
00000000
00000000
00000000
00000000
00000000
0000ABB2
00000000
00000000
00000000
00000000
00000000
00000000
00000000
0000ABB2
00000000
00000000
00000000
00000000
00000000
00000000
00000000
0000ABB2
00000000
00000000
00000000
00000000
00000000
00000000
00000000
0000ABB2
00000000
00000000
00000000
00000000
00000000
00000000
00000000
0000ABB2
00000000
00000000
00000000
00000000
00000000
00000000
00000000
0000ABB2
00000000
00000000
00000000
00000000
00000000
00000000
00000000
0000ABB2
00000000
00000000
00000000
00000000
00000000
00000000
00000000
0000ABB2
00000000
00000000
00000000
00000000
00000000
00000000
00000000
0000ABB2
00000000
00000000
00000000
00000000
00000000
00000000
00000000
0000ABB2
00000000
00000000
00000000
00000000
00000000
00000000
00000000
0000ABB2
00000000
00000000
00000000
00000000
00000000
00000000
00000000
0000ABB2
00000000
00000000
00000000
00000000
00000000
00000000
00000000
0000ABB2
00000000
00000000
00000000
00000000
00000000
00000000
00000000
0000ABB2
00000000
00000000
00000000
00000000
00000000
00000000
00000000
0000ABB2
00000000
00000000
00000000
00000000
00000000
00000000
00000000
0000ABB2
00000000
00000000
00000000
00000000
00000000
00000000
00000000
0000ABB2
00000000
00000000
00000000
00000000
00000000
00000000
00000000
0000ABB2
00000000
00000000
00000000
00000000
00000000
00000000
00000000
0000ABB2
00000000
00000000
00000000
00000000
00000000
00000000
00000000
0000ABB2
00000000
00000000
00000000
00000000
00000000
00000000
00000000
0000ABB2
00000000
00000000
00000000
00000000
00000000
00000000
00000000
0000ABB2
00000000
00000000
00000000
00000000
00000000
00000000
00000000
0000ABB2
00000000
00000000
00000000
00000000
00000000
00000000
00000000
0000ABB2
00000000
00000000
00000000
00000000
00000000
00000000
00000000
0000ABB2
00000000
00000000
00000000
00000000
00000000
00000000
00000000
0000ABB2
00000000
00000000
00000000
00000000
00000000
00000000
00000000
0000ABB2
00000000
00000000
00000000
00000000
00000000
00000000
00000000
0000ABB2
00000000
00000000
00000000
00000000
00000000
00000000
00000000
0000ABB2
00000000
00000000
00000000
00000000
00000000
00000000
00000000
0000ABB2
00000000
00000000
00000000
00000000
00000000
00000000
00000000
0000ABB2
00000000
00000000
00000000
00000000
00000000
00000000
00000000
0000ABB2
00000000
00000000
00000000
00000000
00000000
00000000
00000000
0000ABB2
00000000
00000000
00000000
00000000
00000000
00000000
00000000
0000ABB2
00000000
00000000
00000000
00000000
00000000
00000000
00000000
0000ABB2
00000000
00000000
00000000
00000000
00000000
00000000
00000000
0000ABB2
00000000
00000000
00000000
00000000
00000000
00000000
00000000
0000ABB2
00000000
00000000
00000000
00000000
00000000
00000000
00000000
0000ABB2
00000000
00000000
00000000
00000000
00000000
00000000
00000000
0000ABB2
00000000
00000000
00000000
00000000
00000000
00000000
00000000
0000ABB2
00000000
00000000
00000000
00000000
00000000
00000000
00000000
0000ABB2
00000000
00000000
00000000
00000000
00000000
00000000
00000000
0000ABB2
00000000
00000000
00000000
00000000
00000000
00000000
00000000
0000ABB2
00000000
00000000
00000000
00000000
00000000
00000000
00000000
0000ABB2
00000000
00000000
00000000
00000000
00000000
00000000
00000000
0000ABB2
00000000
00000000
00000000
00000000
00000000
00000000
00000000
0000ABB2
00000000
00000000
00000000
00000000
00000000
00000000
00000000
0000ABB2
00000000
00000000
00000000
00000000
00000000
00000000
00000000
0000ABB2
00000000
00000000
00000000
00000000
00000000
00000000
00000000
0000ABB2
00000000
00000000
00000000
00000000
00000000
00000000
00000000
0000ABB2
00000000
00000000
00000000
00000000
00000000
00000000
00000000
0000ABB2
00000000
00000000
00000000
00000000
00000000
00000000
00000000
0000ABB2
00000000
00000000
00000000
00000000
00000000
00000000
00000000
0000ABB2
00000000
00000000
00000000
00000000
00000000
00000000
00000000
0000ABB2
00000000
00000000
00000000
00000000
00000000
00000000
00000000
0000ABB2
00000000
00000000
00000000
00000000
00000000
00000000
00000000
0000ABB2
00000000
00000000
00000000
00000000
00000000
00000000
00000000
0000ABB2
00000000
00000000
00000000
00000000
00000000
00000000
00000000
0000ABB2
00000000
00000000
00000000
00000000
00000000
00000000
00000000
0000ABB2
00000000
00000000
00000000
00000000
00000000
00000000
00000000
0000ABB2
00000000
00000000
00000000
00000000
00000000
00000000
00000000
0000ABB2
00000000
00000000
00000000
00000000
00000000
00000000
00000000
0000ABB2
00000000
00000000
00000000
00000000
00000000
00000000
00000000
0000ABB2
00000000
00000000
00000000
00000000
00000000
00000000
00000000
0000ABB2
00000000
00000000
00000000
00000000
00000000
00000000
00000000
0000ABB2
00000000
00000000
00000000
00000000
00000000
00000000
00000000
0000ABB2
00000000
00000000
00000000
00000000
00000000
00000000
00000000
0000ABB2
00000000
00000000
00000000
00000000
00000000
00000000
00000000
0000ABB2
00000000
00000000
00000000
00000000
00000000
00000000
00000000
0000ABB2
00000000
00000000
00000000
00000000
00000000
00000000
00000000
0000ABB2
00000000
00000000
00000000
00000000
00000000
00000000
00000000
0000ABB2
00000000
00000000
00000000
00000000
00000000
00000000
00000000
0000ABB2
00000000
00000000
00000000
00000000
00000000
00000000
00000000
0000ABB2
00000000
00000000
00000000
00000000
00000000
00000000
00000000
0000ABB2
00000000
00000000
00000000
00000000
00000000
00000000
00000000
0000ABB2
00000000
00000000
00000000
00000000
00000000
00000000
00000000
0000ABB2
00000000
00000000
00000000
00000000
00000000
00000000
00000000
0000ABB2
00000000
00000000
00000000
00000000
00000000
00000000
00000000
0000ABB2
00000000
00000000
00000000
00000000
00000000
00000000
00000000
0000ABB2
00000000
00000000
00000000
00000000
00000000
00000000
00000000
0000ABB2
00000000
00000000
00000000
00000000
00000000
00000000
00000000
0000ABB2
00000000
00000000
00000000
00000000
00000000
00000000
00000000
0000ABB2
00000000
00000000
00000000
00000000
00000000
00000000
00000000
0000ABB2
00000000
00000000
00000000
00000000
00000000
00000000
00000000
0000ABB2
00000000
00000000
00000000
00000000
00000000
00000000
00000000
0000ABB2
00000000
00000000
00000000
00000000
00000000
00000000
00000000
0000ABB2
00000000
00000000
00000000
00000000
00000000
00000000
00000000
0000ABB2
00000000
00000000
00000000
00000000
00000000
00000000
00000000
0000ABB2
00000000
00000000
00000000
00000000
00000000
00000000
00000000
0000ABB2
00000000
00000000
00000000
00000000
00000000
00000000
00000000
0000ABB2
00000000
00000000
00000000
00000000
00000000
00000000
00000000
0000ABB2
00000000
00000000
00000000
00000000
00000000
00000000
00000000
0000ABB2
00000000
00000000
00000000
00000000
00000000
00000000
00000000
0000ABB2
00000000
00000000
00000000
00000000
00000000
00000000
00000000
0000ABB2
00000000
00000000
00000000
00000000
00000000
00000000
00000000
0000ABB2
00000000
00000000
00000000
00000000
00000000
00000000
00000000
0000ABB2
00000000
00000000
00000000
00000000
00000000
00000000
00000000
0000ABB2
00000000
00000000
00000000
00000000
00000000
00000000
00000000
0000ABB2
00000000
00000000
00000000
00000000
00000000
00000000
00000000
0000ABB2
00000000
00000000
00000000
00000000
00000000
00000000
00000000
0000ABB2
00000000
00000000
00000000
00000000
00000000
00000000
00000000
0000ABB2
00000000
00000000
00000000
00000000
00000000
00000000
00000000
0000ABB2
00000000
00000000
00000000
00000000
00000000
00000000
00000000
0000ABB2
00000000
00000000
00000000
00000000
00000000
00000000
00000000
0000ABB2
00000000
00000000
00000000
00000000
00000000
00000000
00000000
0000ABB2
00000000
00000000
00000000
00000000
00000000
00000000
00000000
0000ABB2
00000000
00000000
00000000
00000000
00000000
00000000
00000000
0000ABB2
00000000
00000000
00000000
00000000
00000000
00000000
00000000
0000ABB2
00000000
00000000
00000000
00000000
00000000
00000000
00000000
0000ABB2
00000000
00000000
00000000
00000000
00000000
00000000
00000000
0000ABB2
00000000
00000000
00000000
00000000
00000000
00000000
00000000
0000ABB2
00000000
00000000
00000000
00000000
00000000
00000000
00000000
0000ABB2
00000000
00000000
00000000
00000000
00000000
00000000
00000000
0000ABB2
00000000
00000000
00000000
00000000
00000000
00000000
00000000
0000ABB2
00000000
00000000
00000000
00000000
00000000
00000000
00000000
0000ABB2
00000000
00000000
00000000
00000000
00000000
00000000
00000000
0000ABB2
00000000
00000000
00000000
00000000
00000000
00000000
00000000
0000ABB2
00000000
00000000
00000000
00000000
00000000
00000000
00000000
0000ABB2
00000000
00000000
00000000
00000000
00000000
00000000
00000000
0000ABB2
00000000
00000000
00000000
00000000
00000000
00000000
00000000
0000ABB2
00000000
00000000
00000000
00000000
00000000
00000000
00000000
0000ABB2
00000000
00000000
00000000
00000000
00000000
00000000
00000000
0000ABB2
00000000
00000000
00000000
00000000
00000000
00000000
00000000
0000ABB2
00000000
00000000
00000000
00000000
00000000
00000000
00000000
0000ABB2
00000000
00000000
00000000
00000000
00000000
00000000
00000000
0000ABB2
00000000
00000000
00000000
00000000
00000000
00000000
00000000
0000ABB2
00000000
00000000
00000000
00000000
00000000
00000000
00000000
0000ABB2
00000000
00000000
00000000
00000000
00000000
00000000
00000000
0000ABB2
00000000
00000000
00000000
00000000
00000000
00000000
00000000
0000ABB2
00000000
00000000
00000000
00000000
00000000
00000000
00000000
0000ABB2
00000000
00000000
00000000
00000000
00000000
00000000
00000000
0000ABB2
00000000
00000000
00000000
00000000
00000000
00000000
00000000
0000ABB2
00000000
00000000
00000000
00000000
00000000
00000000
00000000
0000ABB2
00000000
00000000
00000000
00000000
00000000
00000000
00000000
0000ABB2
00000000
00000000
00000000
00000000
00000000
00000000
00000000
0000ABB2
00000000
00000000
00000000
00000000
00000000
00000000
00000000
0000ABB2
00000000
00000000
00000000
00000000
00000000
00000000
00000000
0000ABB2
00000000
00000000
00000000
00000000
00000000
00000000
00000000
0000ABB2
00000000
00000000
00000000
00000000
00000000
00000000
00000000
0000ABB2
00000000
00000000
00000000
00000000
00000000
00000000
00000000
0000ABB2
00000000
00000000
00000000
00000000
00000000
00000000
00000000
0000ABB2
00000000
00000000
00000000
00000000
00000000
00000000
00000000
0000ABB2
00000000
00000000
00000000
00000000
00000000
00000000
00000000
0000ABB2
00000000
00000000
00000000
00000000
00000000
00000000
00000000
0000ABB2
00000000
00000000
00000000
00000000
00000000
00000000
00000000
0000ABB2
00000000
00000000
00000000
00000000
00000000
00000000
00000000
0000ABB2
00000000
00000000
00000000
00000000
00000000
00000000
00000000
0000ABB2
00000000
00000000
00000000
00000000
00000000
00000000
00000000
0000ABB2
00000000
00000000
00000000
00000000
00000000
00000000
00000000
0000ABB2
00000000
00000000
00000000
00000000
00000000
00000000
00000000
0000ABB2
00000000
00000000
00000000
00000000
00000000
00000000
00000000
0000ABB2
00000000
00000000
00000000
00000000
00000000
00000000
00000000
0000ABB2
00000000
00000000
00000000
00000000
00000000
00000000
00000000
0000ABB2
00000000
00000000
00000000
00000000
00000000
00000000
00000000
0000ABB2
00000000
00000000
00000000
00000000
00000000
00000000
00000000
0000ABB2
00000000
00000000
00000000
00000000
00000000
00000000
00000000
0000ABB2
00000000
00000000
00000000
00000000
00000000
00000000
00000000
0000ABB2
00000000
00000000
00000000
00000000
00000000
00000000
00000000
0000ABB2
00000000
00000000
00000000
00000000
00000000
00000000
00000000
0000ABB2
00000000
00000000
00000000
00000000
00000000
00000000
00000000
0000ABB2
00000000
00000000
00000000
00000000
00000000
00000000
00000000
0000ABB2
00000000
00000000
00000000
00000000
00000000
00000000
00000000
0000ABB2
00000000
00000000
00000000
00000000
00000000
00000000
00000000
0000ABB2
00000000
00000000
00000000
00000000
00000000
00000000
00000000
0000ABB2
00000000
00000000
00000000
00000000
00000000
00000000
00000000
0000ABB2
00000000
00000000
00000000
00000000
00000000
00000000
00000000
0000ABB2
00000000
00000000
00000000
00000000
00000000
00000000
00000000
0000ABB2
00000000
00000000
00000000
00000000
00000000
00000000
00000000
0000ABB2
00000000
00000000
00000000
00000000
00000000
00000000
00000000
0000ABB2
00000000
00000000
00000000
00000000
00000000
00000000
00000000
0000ABB2
00000000
00000000
00000000
00000000
00000000
00000000
00000000
0000ABB2
00000000
00000000
00000000
00000000
00000000
00000000
00000000
0000ABB2
00000000
00000000
00000000
00000000
00000000
00000000
00000000
0000ABB2
00000000
00000000
00000000
00000000
00000000
00000000
00000000
0000ABB2
00000000
00000000
00000000
00000000
00000000
00000000
00000000
0000ABB2
00000000
00000000
00000000
00000000
00000000
00000000
00000000
0000ABB2
00000000
00000000
00000000
00000000
00000000
00000000
00000000
0000ABB2
00000000
00000000
00000000
00000000
00000000
00000000
00000000
0000ABB2
00000000
00000000
00000000
00000000
00000000
00000000
00000000
0000ABB2
00000000
00000000
00000000
00000000
00000000
00000000
00000000
0000ABB2
00000000
00000000
00000000
00000000
00000000
00000000
00000000
0000ABB2
00000000
00000000
00000000
00000000
00000000
00000000
00000000
0000ABB2
00000000
00000000
00000000
00000000
00000000
00000000
00000000
0000ABB2
00000000
00000000
00000000
00000000
00000000
00000000
00000000
0000ABB2
00000000
00000000
00000000
00000000
00000000
00000000
00000000
0000ABB2
00000000
00000000
00000000
00000000
00000000
00000000
00000000
0000ABB2
00000000
00000000
00000000
00000000
00000000
00000000
00000000
0000ABB2
00000000
00000000
00000000
00000000
00000000
00000000
00000000
0000ABB2
00000000
00000000
00000000
00000000
00000000
00000000
00000000
0000ABB2
00000000
00000000
00000000
00000000
00000000
00000000
00000000
0000ABB2
00000000
00000000
00000000
00000000
00000000
00000000
00000000
0000ABB2
00000000
00000000
00000000
00000000
00000000
00000000
00000000
0000ABB2
00000000
00000000
00000000
00000000
00000000
00000000
00000000
0000ABB2
00000000
00000000
00000000
00000000
00000000
00000000
00000000
0000ABB2
00000000
00000000
00000000
00000000
00000000
00000000
00000000
0000ABB2
00000000
00000000
00000000
00000000
00000000
00000000
00000000
0000ABB2
00000000
00000000
00000000
00000000
00000000
00000000
00000000
0000ABB2
00000000
00000000
00000000
00000000
00000000
00000000
00000000
0000ABB2
00000000
00000000
00000000
00000000
00000000
00000000
00000000
0000ABB2
00000000
00000000
00000000
00000000
00000000
00000000
00000000
0000ABB2
00000000
00000000
00000000
00000000
00000000
00000000
00000000
0000ABB2
00000000
00000000
00000000
00000000
00000000
00000000
00000000
0000ABB2
00000000
00000000
00000000
00000000
00000000
00000000
00000000
0000ABB2
00000000
00000000
00000000
00000000
00000000
00000000
00000000
0000ABB2
00000000
00000000
00000000
00000000
00000000
00000000
00000000
0000ABB2
00000000
00000000
00000000
00000000
00000000
00000000
00000000
0000ABB2
00000000
00000000
00000000
00000000
00000000
00000000
00000000
0000ABB2
00000000
00000000
00000000
00000000
00000000
00000000
00000000
0000ABB2
00000000
00000000
00000000
00000000
00000000
00000000
00000000
0000ABB2
00000000
00000000
00000000
00000000
00000000
00000000
00000000
0000ABB2
00000000
00000000
00000000
00000000
00000000
00000000
00000000
