condition_id,candidate_id,ipi_ms,metric,intact_value,perturbed_value,delta,change_percent,direction
silence_vPN1,pC1_type_all,15.0,response_spikes,611.0,528.0,-83.0,-13.584288052373159,-1
silence_vPN1,pC1_type_all,15.0,peak_rate_hz,11.160714285714285,12.94642857142857,1.7857142857142847,15.999999999999993,1
silence_vPN1,pC1_type_all,15.0,evoked_spikes_per_neuron_per_pulse,0.13638392857142856,0.11785714285714285,-0.018526785714285704,-13.584288052373152,-1
silence_vPN1,pC1_fruDsx_nonmissing,15.0,response_spikes,611.0,528.0,-83.0,-13.584288052373159,-1
silence_vPN1,pC1_fruDsx_nonmissing,15.0,peak_rate_hz,11.26126126126126,13.063063063063064,1.801801801801803,16.00000000000001,1
silence_vPN1,pC1_fruDsx_nonmissing,15.0,evoked_spikes_per_neuron_per_pulse,0.13761261261261262,0.11891891891891893,-0.018693693693693697,-13.584288052373159,-1
silence_vPN1,pC1_fruDsx_coexpress,15.0,response_spikes,289.0,259.0,-30.0,-10.380622837370241,-1
silence_vPN1,pC1_fruDsx_coexpress,15.0,peak_rate_hz,9.692307692307692,10.0,0.3076923076923084,3.174603174603182,1
silence_vPN1,pC1_fruDsx_coexpress,15.0,evoked_spikes_per_neuron_per_pulse,0.11115384615384616,0.09961538461538462,-0.011538461538461539,-10.380622837370243,-1
silence_vPN1,pC1_pMP_alias,15.0,response_spikes,289.0,258.0,-31.0,-10.726643598615917,-1
silence_vPN1,pC1_pMP_alias,15.0,peak_rate_hz,10.0,10.317460317460318,0.3174603174603181,3.174603174603181,1
silence_vPN1,pC1_pMP_alias,15.0,evoked_spikes_per_neuron_per_pulse,0.11468253968253968,0.10238095238095238,-0.0123015873015873,-10.726643598615917,-1
silence_vPN1,pC1_neuronbridge_any_hit,15.0,response_spikes,575.0,515.0,-60.0,-10.434782608695652,-1
silence_vPN1,pC1_neuronbridge_any_hit,15.0,peak_rate_hz,11.214953271028037,12.523364485981308,1.3084112149532707,11.666666666666663,1
silence_vPN1,pC1_neuronbridge_any_hit,15.0,evoked_spikes_per_neuron_per_pulse,0.13434579439252337,0.12032710280373832,-0.014018691588785048,-10.434782608695654,-1
silence_vPN1,pC1_neuronbridge_best_rank_le_100,15.0,response_spikes,76.0,59.0,-17.0,-22.36842105263158,-1
silence_vPN1,pC1_neuronbridge_best_rank_le_100,15.0,peak_rate_hz,12.666666666666666,12.666666666666666,0.0,0.0,0
silence_vPN1,pC1_neuronbridge_best_rank_le_100,15.0,evoked_spikes_per_neuron_per_pulse,0.12666666666666668,0.09833333333333333,-0.02833333333333335,-22.36842105263159,-1
silence_vPN1,pC1_type_all,25.0,response_spikes,1020.0,1207.0,187.0,18.333333333333332,1
silence_vPN1,pC1_type_all,25.0,peak_rate_hz,13.035714285714285,13.660714285714285,0.625,4.794520547945206,1
silence_vPN1,pC1_type_all,25.0,evoked_spikes_per_neuron_per_pulse,0.22767857142857142,0.26941964285714287,0.04174107142857145,18.333333333333343,1
silence_vPN1,pC1_fruDsx_nonmissing,25.0,response_spikes,1020.0,1207.0,187.0,18.333333333333332,1
silence_vPN1,pC1_fruDsx_nonmissing,25.0,peak_rate_hz,13.153153153153154,13.783783783783784,0.6306306306306304,4.794520547945203,1
silence_vPN1,pC1_fruDsx_nonmissing,25.0,evoked_spikes_per_neuron_per_pulse,0.22972972972972974,0.27184684684684685,0.0421171171171171,18.333333333333325,1
silence_vPN1,pC1_fruDsx_coexpress,25.0,response_spikes,417.0,473.0,56.0,13.42925659472422,1
silence_vPN1,pC1_fruDsx_coexpress,25.0,peak_rate_hz,10.307692307692308,10.153846153846153,-0.15384615384615508,-1.4925373134328477,-1
silence_vPN1,pC1_fruDsx_coexpress,25.0,evoked_spikes_per_neuron_per_pulse,0.16038461538461538,0.1819230769230769,0.021538461538461534,13.429256594724219,1
silence_vPN1,pC1_pMP_alias,25.0,response_spikes,417.0,473.0,56.0,13.42925659472422,1
silence_vPN1,pC1_pMP_alias,25.0,peak_rate_hz,10.634920634920634,10.476190476190476,-0.15873015873015817,-1.4925373134328306,-1
silence_vPN1,pC1_pMP_alias,25.0,evoked_spikes_per_neuron_per_pulse,0.16547619047619047,0.1876984126984127,0.022222222222222227,13.429256594724224,1
silence_vPN1,pC1_neuronbridge_any_hit,25.0,response_spikes,953.0,1132.0,179.0,18.782791185729277,1
silence_vPN1,pC1_neuronbridge_any_hit,25.0,peak_rate_hz,12.897196261682241,13.551401869158877,0.6542056074766354,5.072463768115941,1
silence_vPN1,pC1_neuronbridge_any_hit,25.0,evoked_spikes_per_neuron_per_pulse,0.22266355140186916,0.2644859813084112,0.04182242990654206,18.782791185729277,1
silence_vPN1,pC1_neuronbridge_best_rank_le_100,25.0,response_spikes,191.0,232.0,41.0,21.465968586387433,1
silence_vPN1,pC1_neuronbridge_best_rank_le_100,25.0,peak_rate_hz,20.666666666666668,20.666666666666668,0.0,0.0,0
silence_vPN1,pC1_neuronbridge_best_rank_le_100,25.0,evoked_spikes_per_neuron_per_pulse,0.31833333333333336,0.38666666666666666,0.0683333333333333,21.465968586387422,1
silence_vPN1,pC1_type_all,35.0,response_spikes,1735.0,1669.0,-66.0,-3.804034582132565,-1
silence_vPN1,pC1_type_all,35.0,peak_rate_hz,13.124999999999998,15.178571428571427,2.053571428571429,15.646258503401365,1
silence_vPN1,pC1_type_all,35.0,evoked_spikes_per_neuron_per_pulse,0.3872767857142857,0.37254464285714284,-0.01473214285714286,-3.804034582132566,-1
silence_vPN1,pC1_fruDsx_nonmissing,35.0,response_spikes,1735.0,1669.0,-66.0,-3.804034582132565,-1
silence_vPN1,pC1_fruDsx_nonmissing,35.0,peak_rate_hz,13.243243243243244,15.315315315315315,2.0720720720720713,15.646258503401356,1
silence_vPN1,pC1_fruDsx_nonmissing,35.0,evoked_spikes_per_neuron_per_pulse,0.39076576576576577,0.3759009009009009,-0.01486486486486488,-3.8040345821325685,-1
silence_vPN1,pC1_fruDsx_coexpress,35.0,response_spikes,639.0,592.0,-47.0,-7.355242566510172,-1
silence_vPN1,pC1_fruDsx_coexpress,35.0,peak_rate_hz,8.615384615384615,9.538461538461538,0.9230769230769234,10.714285714285719,1
silence_vPN1,pC1_fruDsx_coexpress,35.0,evoked_spikes_per_neuron_per_pulse,0.24576923076923077,0.2276923076923077,-0.018076923076923074,-7.355242566510172,-1
silence_vPN1,pC1_pMP_alias,35.0,response_spikes,639.0,592.0,-47.0,-7.355242566510172,-1
silence_vPN1,pC1_pMP_alias,35.0,peak_rate_hz,8.88888888888889,9.841269841269842,0.9523809523809526,10.714285714285715,1
silence_vPN1,pC1_pMP_alias,35.0,evoked_spikes_per_neuron_per_pulse,0.25357142857142856,0.23492063492063492,-0.01865079365079364,-7.355242566510168,-1
silence_vPN1,pC1_neuronbridge_any_hit,35.0,response_spikes,1522.0,1500.0,-22.0,-1.445466491458607,-1
silence_vPN1,pC1_neuronbridge_any_hit,35.0,peak_rate_hz,12.149532710280372,13.64485981308411,1.4953271028037385,12.307692307692312,1
silence_vPN1,pC1_neuronbridge_any_hit,35.0,evoked_spikes_per_neuron_per_pulse,0.355607476635514,0.35046728971962615,-0.005140186915887857,-1.4454664914586088,-1
silence_vPN1,pC1_neuronbridge_best_rank_le_100,35.0,response_spikes,180.0,261.0,81.0,45.0,1
silence_vPN1,pC1_neuronbridge_best_rank_le_100,35.0,peak_rate_hz,11.333333333333334,16.0,4.666666666666666,41.17647058823529,1
silence_vPN1,pC1_neuronbridge_best_rank_le_100,35.0,evoked_spikes_per_neuron_per_pulse,0.3,0.435,0.135,45.0,1
silence_vPN1,pC1_type_all,45.0,response_spikes,1910.0,2203.0,293.0,15.340314136125654,1
silence_vPN1,pC1_type_all,45.0,peak_rate_hz,14.107142857142856,16.517857142857142,2.4107142857142865,17.088607594936715,1
silence_vPN1,pC1_type_all,45.0,evoked_spikes_per_neuron_per_pulse,0.4263392857142857,0.49174107142857143,0.06540178571428573,15.34031413612566,1
silence_vPN1,pC1_fruDsx_nonmissing,45.0,response_spikes,1910.0,2203.0,293.0,15.340314136125654,1
silence_vPN1,pC1_fruDsx_nonmissing,45.0,peak_rate_hz,14.234234234234235,16.666666666666668,2.4324324324324333,17.088607594936715,1
silence_vPN1,pC1_fruDsx_nonmissing,45.0,evoked_spikes_per_neuron_per_pulse,0.43018018018018017,0.49617117117117115,0.06599099099099098,15.340314136125654,1
silence_vPN1,pC1_fruDsx_coexpress,45.0,response_spikes,704.0,807.0,103.0,14.630681818181818,1
silence_vPN1,pC1_fruDsx_coexpress,45.0,peak_rate_hz,9.23076923076923,11.076923076923077,1.8461538461538467,20.000000000000007,1
silence_vPN1,pC1_fruDsx_coexpress,45.0,evoked_spikes_per_neuron_per_pulse,0.27076923076923076,0.31038461538461537,0.03961538461538461,14.630681818181817,1
silence_vPN1,pC1_pMP_alias,45.0,response_spikes,704.0,806.0,102.0,14.488636363636363,1
silence_vPN1,pC1_pMP_alias,45.0,peak_rate_hz,9.523809523809524,11.428571428571429,1.904761904761905,20.000000000000004,1
silence_vPN1,pC1_pMP_alias,45.0,evoked_spikes_per_neuron_per_pulse,0.27936507936507937,0.3198412698412698,0.04047619047619044,14.488636363636349,1
silence_vPN1,pC1_neuronbridge_any_hit,45.0,response_spikes,1676.0,1946.0,270.0,16.10978520286396,1
silence_vPN1,pC1_neuronbridge_any_hit,45.0,peak_rate_hz,12.897196261682241,15.233644859813083,2.3364485981308416,18.115942028985515,1
silence_vPN1,pC1_neuronbridge_any_hit,45.0,evoked_spikes_per_neuron_per_pulse,0.39158878504672895,0.4546728971962617,0.06308411214953275,16.10978520286397,1
silence_vPN1,pC1_neuronbridge_best_rank_le_100,45.0,response_spikes,207.0,319.0,112.0,54.106280193236714,1
silence_vPN1,pC1_neuronbridge_best_rank_le_100,45.0,peak_rate_hz,13.333333333333334,17.333333333333332,3.9999999999999982,29.999999999999986,1
silence_vPN1,pC1_neuronbridge_best_rank_le_100,45.0,evoked_spikes_per_neuron_per_pulse,0.345,0.5316666666666666,0.18666666666666665,54.106280193236714,1
silence_vPN1,pC1_type_all,55.0,response_spikes,2125.0,2028.0,-97.0,-4.564705882352941,-1
silence_vPN1,pC1_type_all,55.0,peak_rate_hz,11.071428571428571,11.696428571428571,0.625,5.645161290322581,1
silence_vPN1,pC1_type_all,55.0,evoked_spikes_per_neuron_per_pulse,0.47433035714285715,0.45267857142857143,-0.02165178571428572,-4.564705882352943,-1
silence_vPN1,pC1_fruDsx_nonmissing,55.0,response_spikes,2125.0,2028.0,-97.0,-4.564705882352941,-1
silence_vPN1,pC1_fruDsx_nonmissing,55.0,peak_rate_hz,11.17117117117117,11.801801801801803,0.6306306306306322,5.645161290322595,1
silence_vPN1,pC1_fruDsx_nonmissing,55.0,evoked_spikes_per_neuron_per_pulse,0.4786036036036036,0.45675675675675675,-0.021846846846846846,-4.564705882352942,-1
silence_vPN1,pC1_fruDsx_coexpress,55.0,response_spikes,855.0,830.0,-25.0,-2.9239766081871346,-1
silence_vPN1,pC1_fruDsx_coexpress,55.0,peak_rate_hz,7.6923076923076925,8.923076923076923,1.2307692307692308,16.0,1
silence_vPN1,pC1_fruDsx_coexpress,55.0,evoked_spikes_per_neuron_per_pulse,0.32884615384615384,0.3192307692307692,-0.009615384615384637,-2.9239766081871412,-1
silence_vPN1,pC1_pMP_alias,55.0,response_spikes,855.0,830.0,-25.0,-2.9239766081871346,-1
silence_vPN1,pC1_pMP_alias,55.0,peak_rate_hz,7.936507936507937,9.206349206349207,1.2698412698412707,16.00000000000001,1
silence_vPN1,pC1_pMP_alias,55.0,evoked_spikes_per_neuron_per_pulse,0.3392857142857143,0.32936507936507936,-0.009920634920634941,-2.9239766081871403,-1
silence_vPN1,pC1_neuronbridge_any_hit,55.0,response_spikes,1865.0,1813.0,-52.0,-2.7882037533512065,-1
silence_vPN1,pC1_neuronbridge_any_hit,55.0,peak_rate_hz,10.093457943925232,10.747663551401867,0.6542056074766354,6.48148148148148,1
silence_vPN1,pC1_neuronbridge_any_hit,55.0,evoked_spikes_per_neuron_per_pulse,0.4357476635514019,0.4235981308411215,-0.012149532710280353,-2.7882037533512016,-1
silence_vPN1,pC1_neuronbridge_best_rank_le_100,55.0,response_spikes,219.0,219.0,0.0,0.0,0
silence_vPN1,pC1_neuronbridge_best_rank_le_100,55.0,peak_rate_hz,11.333333333333334,14.666666666666666,3.333333333333332,29.41176470588234,1
silence_vPN1,pC1_neuronbridge_best_rank_le_100,55.0,evoked_spikes_per_neuron_per_pulse,0.365,0.365,0.0,0.0,0
silence_vPN1,pC1_type_all,65.0,response_spikes,2326.0,2296.0,-30.0,-1.2897678417884781,-1
silence_vPN1,pC1_type_all,65.0,peak_rate_hz,12.142857142857142,12.053571428571427,-0.0892857142857153,-0.7352941176470672,-1
silence_vPN1,pC1_type_all,65.0,evoked_spikes_per_neuron_per_pulse,0.5191964285714286,0.5125,-0.006696428571428603,-1.2897678417884841,-1
silence_vPN1,pC1_fruDsx_nonmissing,65.0,response_spikes,2326.0,2296.0,-30.0,-1.2897678417884781,-1
silence_vPN1,pC1_fruDsx_nonmissing,65.0,peak_rate_hz,12.252252252252253,12.162162162162163,-0.09009009009009006,-0.7352941176470585,-1
silence_vPN1,pC1_fruDsx_nonmissing,65.0,evoked_spikes_per_neuron_per_pulse,0.5238738738738739,0.5171171171171172,-0.006756756756756688,-1.289767841788465,-1
silence_vPN1,pC1_fruDsx_coexpress,65.0,response_spikes,946.0,906.0,-40.0,-4.2283298097251585,-1
silence_vPN1,pC1_fruDsx_coexpress,65.0,peak_rate_hz,8.615384615384615,7.6923076923076925,-0.9230769230769225,-10.714285714285708,-1
silence_vPN1,pC1_fruDsx_coexpress,65.0,evoked_spikes_per_neuron_per_pulse,0.3638461538461538,0.3484615384615385,-0.01538461538461533,-4.228329809725144,-1
silence_vPN1,pC1_pMP_alias,65.0,response_spikes,946.0,906.0,-40.0,-4.2283298097251585,-1
silence_vPN1,pC1_pMP_alias,65.0,peak_rate_hz,8.88888888888889,7.936507936507937,-0.9523809523809526,-10.714285714285715,-1
silence_vPN1,pC1_pMP_alias,65.0,evoked_spikes_per_neuron_per_pulse,0.3753968253968254,0.3595238095238095,-0.015873015873015872,-4.2283298097251585,-1
silence_vPN1,pC1_neuronbridge_any_hit,65.0,response_spikes,2055.0,2056.0,1.0,0.04866180048661801,1
silence_vPN1,pC1_neuronbridge_any_hit,65.0,peak_rate_hz,11.028037383177569,10.841121495327101,-0.18691588785046775,-1.6949152542372925,-1
silence_vPN1,pC1_neuronbridge_any_hit,65.0,evoked_spikes_per_neuron_per_pulse,0.48014018691588783,0.4803738317757009,0.00023364485981308691,0.04866180048661859,1
silence_vPN1,pC1_neuronbridge_best_rank_le_100,65.0,response_spikes,271.0,311.0,40.0,14.760147601476016,1
silence_vPN1,pC1_neuronbridge_best_rank_le_100,65.0,peak_rate_hz,10.666666666666666,13.333333333333334,2.666666666666668,25.000000000000014,1
silence_vPN1,pC1_neuronbridge_best_rank_le_100,65.0,evoked_spikes_per_neuron_per_pulse,0.45166666666666666,0.5183333333333333,0.06666666666666665,14.760147601476012,1
silence_vPN1,pC1_type_all,75.0,response_spikes,2308.0,2392.0,84.0,3.6395147313691507,1
silence_vPN1,pC1_type_all,75.0,peak_rate_hz,11.517857142857142,12.053571428571427,0.5357142857142847,4.651162790697666,1
silence_vPN1,pC1_type_all,75.0,evoked_spikes_per_neuron_per_pulse,0.5151785714285714,0.5339285714285714,0.018750000000000044,3.6395147313691596,1
silence_vPN1,pC1_fruDsx_nonmissing,75.0,response_spikes,2308.0,2392.0,84.0,3.6395147313691507,1
silence_vPN1,pC1_fruDsx_nonmissing,75.0,peak_rate_hz,11.621621621621623,12.162162162162163,0.5405405405405403,4.651162790697672,1
silence_vPN1,pC1_fruDsx_nonmissing,75.0,evoked_spikes_per_neuron_per_pulse,0.5198198198198198,0.5387387387387388,0.018918918918918948,3.639514731369156,1
silence_vPN1,pC1_fruDsx_coexpress,75.0,response_spikes,935.0,958.0,23.0,2.4598930481283423,1
silence_vPN1,pC1_fruDsx_coexpress,75.0,peak_rate_hz,8.0,8.461538461538462,0.4615384615384617,5.769230769230771,1
silence_vPN1,pC1_fruDsx_coexpress,75.0,evoked_spikes_per_neuron_per_pulse,0.3596153846153846,0.36846153846153845,0.008846153846153837,2.4598930481283396,1
silence_vPN1,pC1_pMP_alias,75.0,response_spikes,935.0,958.0,23.0,2.4598930481283423,1
silence_vPN1,pC1_pMP_alias,75.0,peak_rate_hz,8.253968253968255,8.730158730158731,0.4761904761904763,5.76923076923077,1
silence_vPN1,pC1_pMP_alias,75.0,evoked_spikes_per_neuron_per_pulse,0.37103174603174605,0.38015873015873014,0.009126984126984095,2.4598930481283334,1
silence_vPN1,pC1_neuronbridge_any_hit,75.0,response_spikes,2044.0,2150.0,106.0,5.185909980430528,1
silence_vPN1,pC1_neuronbridge_any_hit,75.0,peak_rate_hz,10.467289719626168,11.121495327102803,0.6542056074766354,6.249999999999998,1
silence_vPN1,pC1_neuronbridge_any_hit,75.0,evoked_spikes_per_neuron_per_pulse,0.47757009345794393,0.5023364485981309,0.024766355140186935,5.185909980430532,1
silence_vPN1,pC1_neuronbridge_best_rank_le_100,75.0,response_spikes,273.0,341.0,68.0,24.90842490842491,1
silence_vPN1,pC1_neuronbridge_best_rank_le_100,75.0,peak_rate_hz,10.666666666666666,13.333333333333334,2.666666666666668,25.000000000000014,1
silence_vPN1,pC1_neuronbridge_best_rank_le_100,75.0,evoked_spikes_per_neuron_per_pulse,0.455,0.5683333333333334,0.11333333333333334,24.90842490842491,1
silence_vPN1,pC1_type_all,85.0,response_spikes,2180.0,2192.0,12.0,0.5504587155963303,1
silence_vPN1,pC1_type_all,85.0,peak_rate_hz,11.607142857142856,11.428571428571427,-0.17857142857142883,-1.5384615384615408,-1
silence_vPN1,pC1_type_all,85.0,evoked_spikes_per_neuron_per_pulse,0.48660714285714285,0.48928571428571427,0.002678571428571419,0.5504587155963283,1
silence_vPN1,pC1_fruDsx_nonmissing,85.0,response_spikes,2180.0,2192.0,12.0,0.5504587155963303,1
silence_vPN1,pC1_fruDsx_nonmissing,85.0,peak_rate_hz,11.711711711711713,11.531531531531533,-0.18018018018018012,-1.5384615384615377,-1
silence_vPN1,pC1_fruDsx_nonmissing,85.0,evoked_spikes_per_neuron_per_pulse,0.49099099099099097,0.4936936936936937,0.0027027027027027306,0.550458715596336,1
silence_vPN1,pC1_fruDsx_coexpress,85.0,response_spikes,889.0,832.0,-57.0,-6.411698537682789,-1
silence_vPN1,pC1_fruDsx_coexpress,85.0,peak_rate_hz,8.307692307692308,7.6923076923076925,-0.6153846153846159,-7.407407407407413,-1
silence_vPN1,pC1_fruDsx_coexpress,85.0,evoked_spikes_per_neuron_per_pulse,0.34192307692307694,0.32,-0.021923076923076934,-6.411698537682793,-1
silence_vPN1,pC1_pMP_alias,85.0,response_spikes,889.0,832.0,-57.0,-6.411698537682789,-1
silence_vPN1,pC1_pMP_alias,85.0,peak_rate_hz,8.571428571428571,7.936507936507937,-0.6349206349206344,-7.407407407407402,-1
silence_vPN1,pC1_pMP_alias,85.0,evoked_spikes_per_neuron_per_pulse,0.3527777777777778,0.33015873015873015,-0.02261904761904765,-6.411698537682798,-1
silence_vPN1,pC1_neuronbridge_any_hit,85.0,response_spikes,1936.0,1970.0,34.0,1.756198347107438,1
silence_vPN1,pC1_neuronbridge_any_hit,85.0,peak_rate_hz,10.560747663551401,10.654205607476634,0.0934579439252321,0.8849557522123748,1
silence_vPN1,pC1_neuronbridge_any_hit,85.0,evoked_spikes_per_neuron_per_pulse,0.4523364485981308,0.4602803738317757,0.0079439252336449,1.756198347107447,1
silence_vPN1,pC1_neuronbridge_best_rank_le_100,85.0,response_spikes,255.0,340.0,85.0,33.333333333333336,1
silence_vPN1,pC1_neuronbridge_best_rank_le_100,85.0,peak_rate_hz,12.0,13.333333333333334,1.333333333333334,11.111111111111116,1
silence_vPN1,pC1_neuronbridge_best_rank_le_100,85.0,evoked_spikes_per_neuron_per_pulse,0.425,0.5666666666666667,0.14166666666666666,33.333333333333336,1
silence_vPN1,pC1_type_all,95.0,response_spikes,2238.0,2236.0,-2.0,-0.08936550491510277,-1
silence_vPN1,pC1_type_all,95.0,peak_rate_hz,11.071428571428571,11.517857142857142,0.4464285714285712,4.032258064516127,1
silence_vPN1,pC1_type_all,95.0,evoked_spikes_per_neuron_per_pulse,0.49955357142857143,0.49910714285714286,-0.00044642857142856984,-0.08936550491510245,-1
silence_vPN1,pC1_fruDsx_nonmissing,95.0,response_spikes,2238.0,2236.0,-2.0,-0.08936550491510277,-1
silence_vPN1,pC1_fruDsx_nonmissing,95.0,peak_rate_hz,11.17117117117117,11.621621621621623,0.45045045045045207,4.032258064516143,1
silence_vPN1,pC1_fruDsx_nonmissing,95.0,evoked_spikes_per_neuron_per_pulse,0.504054054054054,0.5036036036036036,-0.00045045045045044585,-0.08936550491510187,-1
silence_vPN1,pC1_fruDsx_coexpress,95.0,response_spikes,961.0,869.0,-92.0,-9.573361082206036,-1
silence_vPN1,pC1_fruDsx_coexpress,95.0,peak_rate_hz,8.307692307692308,8.0,-0.3076923076923084,-3.7037037037037117,-1
silence_vPN1,pC1_fruDsx_coexpress,95.0,evoked_spikes_per_neuron_per_pulse,0.3696153846153846,0.3342307692307692,-0.0353846153846154,-9.57336108220604,-1
silence_vPN1,pC1_pMP_alias,95.0,response_spikes,961.0,868.0,-93.0,-9.67741935483871,-1
silence_vPN1,pC1_pMP_alias,95.0,peak_rate_hz,8.571428571428571,8.253968253968255,-0.31746031746031633,-3.703703703703691,-1
silence_vPN1,pC1_pMP_alias,95.0,evoked_spikes_per_neuron_per_pulse,0.3813492063492063,0.34444444444444444,-0.036904761904761885,-9.677419354838705,-1
silence_vPN1,pC1_neuronbridge_any_hit,95.0,response_spikes,2018.0,2028.0,10.0,0.49554013875123887,1
silence_vPN1,pC1_neuronbridge_any_hit,95.0,peak_rate_hz,10.373831775700934,10.934579439252335,0.5607476635514015,5.405405405405403,1
silence_vPN1,pC1_neuronbridge_any_hit,95.0,evoked_spikes_per_neuron_per_pulse,0.47149532710280373,0.4738317757009346,0.002336448598130869,0.4955401387512448,1
silence_vPN1,pC1_neuronbridge_best_rank_le_100,95.0,response_spikes,270.0,372.0,102.0,37.77777777777778,1
silence_vPN1,pC1_neuronbridge_best_rank_le_100,95.0,peak_rate_hz,10.0,14.666666666666666,4.666666666666666,46.666666666666664,1
silence_vPN1,pC1_neuronbridge_best_rank_le_100,95.0,evoked_spikes_per_neuron_per_pulse,0.45,0.62,0.16999999999999998,37.77777777777778,1
cut_vPN1_to_pC1,pC1_type_all,15.0,response_spikes,611.0,582.0,-29.0,-4.746317512274959,-1
cut_vPN1_to_pC1,pC1_type_all,15.0,peak_rate_hz,11.160714285714285,11.428571428571427,0.26785714285714235,2.3999999999999955,1
cut_vPN1_to_pC1,pC1_type_all,15.0,evoked_spikes_per_neuron_per_pulse,0.13638392857142856,0.1299107142857143,-0.006473214285714263,-4.746317512274943,-1
cut_vPN1_to_pC1,pC1_fruDsx_nonmissing,15.0,response_spikes,611.0,582.0,-29.0,-4.746317512274959,-1
cut_vPN1_to_pC1,pC1_fruDsx_nonmissing,15.0,peak_rate_hz,11.26126126126126,11.531531531531533,0.27027027027027195,2.400000000000015,1
cut_vPN1_to_pC1,pC1_fruDsx_nonmissing,15.0,evoked_spikes_per_neuron_per_pulse,0.13761261261261262,0.13108108108108107,-0.006531531531531548,-4.74631751227497,-1
cut_vPN1_to_pC1,pC1_fruDsx_coexpress,15.0,response_spikes,289.0,264.0,-25.0,-8.650519031141869,-1
cut_vPN1_to_pC1,pC1_fruDsx_coexpress,15.0,peak_rate_hz,9.692307692307692,9.23076923076923,-0.4615384615384617,-4.761904761904764,-1
cut_vPN1_to_pC1,pC1_fruDsx_coexpress,15.0,evoked_spikes_per_neuron_per_pulse,0.11115384615384616,0.10153846153846154,-0.009615384615384623,-8.650519031141876,-1
cut_vPN1_to_pC1,pC1_pMP_alias,15.0,response_spikes,289.0,262.0,-27.0,-9.342560553633218,-1
cut_vPN1_to_pC1,pC1_pMP_alias,15.0,peak_rate_hz,10.0,9.365079365079366,-0.6349206349206344,-6.349206349206344,-1
cut_vPN1_to_pC1,pC1_pMP_alias,15.0,evoked_spikes_per_neuron_per_pulse,0.11468253968253968,0.10396825396825397,-0.010714285714285704,-9.34256055363321,-1
cut_vPN1_to_pC1,pC1_neuronbridge_any_hit,15.0,response_spikes,575.0,559.0,-16.0,-2.782608695652174,-1
cut_vPN1_to_pC1,pC1_neuronbridge_any_hit,15.0,peak_rate_hz,11.214953271028037,11.401869158878503,0.18691588785046598,1.666666666666655,1
cut_vPN1_to_pC1,pC1_neuronbridge_any_hit,15.0,evoked_spikes_per_neuron_per_pulse,0.13434579439252337,0.13060747663551403,-0.003738317757009335,-2.782608695652166,-1
cut_vPN1_to_pC1,pC1_neuronbridge_best_rank_le_100,15.0,response_spikes,76.0,80.0,4.0,5.2631578947368425,1
cut_vPN1_to_pC1,pC1_neuronbridge_best_rank_le_100,15.0,peak_rate_hz,12.666666666666666,16.0,3.333333333333334,26.315789473684216,1
cut_vPN1_to_pC1,pC1_neuronbridge_best_rank_le_100,15.0,evoked_spikes_per_neuron_per_pulse,0.12666666666666668,0.13333333333333333,0.006666666666666654,5.263157894736832,1
cut_vPN1_to_pC1,pC1_type_all,25.0,response_spikes,1020.0,838.0,-182.0,-17.84313725490196,-1
cut_vPN1_to_pC1,pC1_type_all,25.0,peak_rate_hz,13.035714285714285,11.964285714285714,-1.0714285714285712,-8.219178082191778,-1
cut_vPN1_to_pC1,pC1_type_all,25.0,evoked_spikes_per_neuron_per_pulse,0.22767857142857142,0.18705357142857143,-0.040624999999999994,-17.843137254901958,-1
cut_vPN1_to_pC1,pC1_fruDsx_nonmissing,25.0,response_spikes,1020.0,837.0,-183.0,-17.941176470588236,-1
cut_vPN1_to_pC1,pC1_fruDsx_nonmissing,25.0,peak_rate_hz,13.153153153153154,12.072072072072073,-1.0810810810810807,-8.219178082191778,-1
cut_vPN1_to_pC1,pC1_fruDsx_nonmissing,25.0,evoked_spikes_per_neuron_per_pulse,0.22972972972972974,0.1885135135135135,-0.04121621621621624,-17.941176470588243,-1
cut_vPN1_to_pC1,pC1_fruDsx_coexpress,25.0,response_spikes,417.0,298.0,-119.0,-28.53717026378897,-1
cut_vPN1_to_pC1,pC1_fruDsx_coexpress,25.0,peak_rate_hz,10.307692307692308,9.076923076923077,-1.2307692307692317,-11.940298507462696,-1
cut_vPN1_to_pC1,pC1_fruDsx_coexpress,25.0,evoked_spikes_per_neuron_per_pulse,0.16038461538461538,0.11461538461538462,-0.045769230769230757,-28.537170263788962,-1
cut_vPN1_to_pC1,pC1_pMP_alias,25.0,response_spikes,417.0,298.0,-119.0,-28.53717026378897,-1
cut_vPN1_to_pC1,pC1_pMP_alias,25.0,peak_rate_hz,10.634920634920634,9.365079365079366,-1.2698412698412689,-11.940298507462678,-1
cut_vPN1_to_pC1,pC1_pMP_alias,25.0,evoked_spikes_per_neuron_per_pulse,0.16547619047619047,0.11825396825396825,-0.04722222222222222,-28.53717026378897,-1
cut_vPN1_to_pC1,pC1_neuronbridge_any_hit,25.0,response_spikes,953.0,783.0,-170.0,-17.83840503672613,-1
cut_vPN1_to_pC1,pC1_neuronbridge_any_hit,25.0,peak_rate_hz,12.897196261682241,11.869158878504672,-1.028037383177569,-7.971014492753617,-1
cut_vPN1_to_pC1,pC1_neuronbridge_any_hit,25.0,evoked_spikes_per_neuron_per_pulse,0.22266355140186916,0.18294392523364486,-0.039719626168224303,-17.83840503672613,-1
cut_vPN1_to_pC1,pC1_neuronbridge_best_rank_le_100,25.0,response_spikes,191.0,196.0,5.0,2.6178010471204187,1
cut_vPN1_to_pC1,pC1_neuronbridge_best_rank_le_100,25.0,peak_rate_hz,20.666666666666668,22.0,1.3333333333333321,6.4516129032258,1
cut_vPN1_to_pC1,pC1_neuronbridge_best_rank_le_100,25.0,evoked_spikes_per_neuron_per_pulse,0.31833333333333336,0.32666666666666666,0.008333333333333304,2.6178010471204094,1
cut_vPN1_to_pC1,pC1_type_all,35.0,response_spikes,1735.0,1701.0,-34.0,-1.9596541786743515,-1
cut_vPN1_to_pC1,pC1_type_all,35.0,peak_rate_hz,13.124999999999998,14.19642857142857,1.0714285714285712,8.163265306122447,1
cut_vPN1_to_pC1,pC1_type_all,35.0,evoked_spikes_per_neuron_per_pulse,0.3872767857142857,0.3796875,-0.007589285714285687,-1.9596541786743447,-1
cut_vPN1_to_pC1,pC1_fruDsx_nonmissing,35.0,response_spikes,1735.0,1701.0,-34.0,-1.9596541786743515,-1
cut_vPN1_to_pC1,pC1_fruDsx_nonmissing,35.0,peak_rate_hz,13.243243243243244,14.324324324324325,1.0810810810810807,8.163265306122446,1
cut_vPN1_to_pC1,pC1_fruDsx_nonmissing,35.0,evoked_spikes_per_neuron_per_pulse,0.39076576576576577,0.3831081081081081,-0.0076576576576576905,-1.95965417867436,-1
cut_vPN1_to_pC1,pC1_fruDsx_coexpress,35.0,response_spikes,639.0,621.0,-18.0,-2.816901408450704,-1
cut_vPN1_to_pC1,pC1_fruDsx_coexpress,35.0,peak_rate_hz,8.615384615384615,9.23076923076923,0.615384615384615,7.142857142857139,1
cut_vPN1_to_pC1,pC1_fruDsx_coexpress,35.0,evoked_spikes_per_neuron_per_pulse,0.24576923076923077,0.23884615384615385,-0.006923076923076921,-2.816901408450703,-1
cut_vPN1_to_pC1,pC1_pMP_alias,35.0,response_spikes,639.0,621.0,-18.0,-2.816901408450704,-1
cut_vPN1_to_pC1,pC1_pMP_alias,35.0,peak_rate_hz,8.88888888888889,9.523809523809524,0.6349206349206344,7.142857142857137,1
cut_vPN1_to_pC1,pC1_pMP_alias,35.0,evoked_spikes_per_neuron_per_pulse,0.25357142857142856,0.24642857142857144,-0.0071428571428571175,-2.8169014084506943,-1
cut_vPN1_to_pC1,pC1_neuronbridge_any_hit,35.0,response_spikes,1522.0,1513.0,-9.0,-0.5913272010512484,-1
cut_vPN1_to_pC1,pC1_neuronbridge_any_hit,35.0,peak_rate_hz,12.149532710280372,13.084112149532709,0.934579439252337,7.692307692307699,1
cut_vPN1_to_pC1,pC1_neuronbridge_any_hit,35.0,evoked_spikes_per_neuron_per_pulse,0.355607476635514,0.3535046728971963,-0.0021028037383177267,-0.5913272010512398,-1
cut_vPN1_to_pC1,pC1_neuronbridge_best_rank_le_100,35.0,response_spikes,180.0,250.0,70.0,38.888888888888886,1
cut_vPN1_to_pC1,pC1_neuronbridge_best_rank_le_100,35.0,peak_rate_hz,11.333333333333334,14.666666666666666,3.333333333333332,29.41176470588234,1
cut_vPN1_to_pC1,pC1_neuronbridge_best_rank_le_100,35.0,evoked_spikes_per_neuron_per_pulse,0.3,0.4166666666666667,0.1166666666666667,38.8888888888889,1
cut_vPN1_to_pC1,pC1_type_all,45.0,response_spikes,1910.0,1867.0,-43.0,-2.25130890052356,-1
cut_vPN1_to_pC1,pC1_type_all,45.0,peak_rate_hz,14.107142857142856,14.642857142857142,0.5357142857142865,3.7974683544303853,1
cut_vPN1_to_pC1,pC1_type_all,45.0,evoked_spikes_per_neuron_per_pulse,0.4263392857142857,0.4167410714285714,-0.00959821428571428,-2.2513089005235587,-1
cut_vPN1_to_pC1,pC1_fruDsx_nonmissing,45.0,response_spikes,1910.0,1867.0,-43.0,-2.25130890052356,-1
cut_vPN1_to_pC1,pC1_fruDsx_nonmissing,45.0,peak_rate_hz,14.234234234234235,14.774774774774775,0.5405405405405403,3.7974683544303782,1
cut_vPN1_to_pC1,pC1_fruDsx_nonmissing,45.0,evoked_spikes_per_neuron_per_pulse,0.43018018018018017,0.4204954954954955,-0.009684684684684697,-2.251308900523563,-1
cut_vPN1_to_pC1,pC1_fruDsx_coexpress,45.0,response_spikes,704.0,669.0,-35.0,-4.971590909090909,-1
cut_vPN1_to_pC1,pC1_fruDsx_coexpress,45.0,peak_rate_hz,9.23076923076923,9.538461538461538,0.3076923076923084,3.333333333333341,1
cut_vPN1_to_pC1,pC1_fruDsx_coexpress,45.0,evoked_spikes_per_neuron_per_pulse,0.27076923076923076,0.2573076923076923,-0.01346153846153847,-4.971590909090912,-1
cut_vPN1_to_pC1,pC1_pMP_alias,45.0,response_spikes,704.0,669.0,-35.0,-4.971590909090909,-1
cut_vPN1_to_pC1,pC1_pMP_alias,45.0,peak_rate_hz,9.523809523809524,9.841269841269842,0.3174603174603181,3.33333333333334,1
cut_vPN1_to_pC1,pC1_pMP_alias,45.0,evoked_spikes_per_neuron_per_pulse,0.27936507936507937,0.2654761904761905,-0.013888888888888895,-4.971590909090911,-1
cut_vPN1_to_pC1,pC1_neuronbridge_any_hit,45.0,response_spikes,1676.0,1662.0,-14.0,-0.8353221957040573,-1
cut_vPN1_to_pC1,pC1_neuronbridge_any_hit,45.0,peak_rate_hz,12.897196261682241,13.831775700934578,0.934579439252337,7.246376811594208,1
cut_vPN1_to_pC1,pC1_neuronbridge_any_hit,45.0,evoked_spikes_per_neuron_per_pulse,0.39158878504672895,0.3883177570093458,-0.0032710280373831613,-0.8353221957040532,-1
cut_vPN1_to_pC1,pC1_neuronbridge_best_rank_le_100,45.0,response_spikes,207.0,290.0,83.0,40.09661835748792,1
cut_vPN1_to_pC1,pC1_neuronbridge_best_rank_le_100,45.0,peak_rate_hz,13.333333333333334,18.666666666666668,5.333333333333334,40.0,1
cut_vPN1_to_pC1,pC1_neuronbridge_best_rank_le_100,45.0,evoked_spikes_per_neuron_per_pulse,0.345,0.48333333333333334,0.13833333333333336,40.096618357487934,1
cut_vPN1_to_pC1,pC1_type_all,55.0,response_spikes,2125.0,1994.0,-131.0,-6.1647058823529415,-1
cut_vPN1_to_pC1,pC1_type_all,55.0,peak_rate_hz,11.071428571428571,10.357142857142856,-0.7142857142857153,-6.451612903225816,-1
cut_vPN1_to_pC1,pC1_type_all,55.0,evoked_spikes_per_neuron_per_pulse,0.47433035714285715,0.4450892857142857,-0.029241071428571463,-6.164705882352949,-1
cut_vPN1_to_pC1,pC1_fruDsx_nonmissing,55.0,response_spikes,2125.0,1994.0,-131.0,-6.1647058823529415,-1
cut_vPN1_to_pC1,pC1_fruDsx_nonmissing,55.0,peak_rate_hz,11.17117117117117,10.45045045045045,-0.7207207207207205,-6.451612903225804,-1
cut_vPN1_to_pC1,pC1_fruDsx_nonmissing,55.0,evoked_spikes_per_neuron_per_pulse,0.4786036036036036,0.4490990990990991,-0.02950450450450448,-6.164705882352936,-1
cut_vPN1_to_pC1,pC1_fruDsx_coexpress,55.0,response_spikes,855.0,806.0,-49.0,-5.730994152046784,-1
cut_vPN1_to_pC1,pC1_fruDsx_coexpress,55.0,peak_rate_hz,7.6923076923076925,7.538461538461538,-0.1538461538461542,-2.0000000000000044,-1
cut_vPN1_to_pC1,pC1_fruDsx_coexpress,55.0,evoked_spikes_per_neuron_per_pulse,0.32884615384615384,0.31,-0.018846153846153846,-5.730994152046784,-1
cut_vPN1_to_pC1,pC1_pMP_alias,55.0,response_spikes,855.0,806.0,-49.0,-5.730994152046784,-1
cut_vPN1_to_pC1,pC1_pMP_alias,55.0,peak_rate_hz,7.936507936507937,7.777777777777778,-0.15873015873015905,-2.000000000000004,-1
cut_vPN1_to_pC1,pC1_pMP_alias,55.0,evoked_spikes_per_neuron_per_pulse,0.3392857142857143,0.3198412698412698,-0.019444444444444486,-5.7309941520467955,-1
cut_vPN1_to_pC1,pC1_neuronbridge_any_hit,55.0,response_spikes,1865.0,1768.0,-97.0,-5.201072386058981,-1
cut_vPN1_to_pC1,pC1_neuronbridge_any_hit,55.0,peak_rate_hz,10.093457943925232,9.813084112149532,-0.28037383177569986,-2.7777777777777675,-1
cut_vPN1_to_pC1,pC1_neuronbridge_any_hit,55.0,evoked_spikes_per_neuron_per_pulse,0.4357476635514019,0.4130841121495327,-0.022663551401869153,-5.20107238605898,-1
cut_vPN1_to_pC1,pC1_neuronbridge_best_rank_le_100,55.0,response_spikes,219.0,213.0,-6.0,-2.73972602739726,-1
cut_vPN1_to_pC1,pC1_neuronbridge_best_rank_le_100,55.0,peak_rate_hz,11.333333333333334,11.333333333333334,0.0,0.0,0
cut_vPN1_to_pC1,pC1_neuronbridge_best_rank_le_100,55.0,evoked_spikes_per_neuron_per_pulse,0.365,0.355,-0.010000000000000009,-2.739726027397263,-1
cut_vPN1_to_pC1,pC1_type_all,65.0,response_spikes,2326.0,2320.0,-6.0,-0.2579535683576956,-1
cut_vPN1_to_pC1,pC1_type_all,65.0,peak_rate_hz,12.142857142857142,11.607142857142856,-0.5357142857142865,-4.4117647058823595,-1
cut_vPN1_to_pC1,pC1_type_all,65.0,evoked_spikes_per_neuron_per_pulse,0.5191964285714286,0.5178571428571429,-0.001339285714285654,-0.257953568357684,-1
cut_vPN1_to_pC1,pC1_fruDsx_nonmissing,65.0,response_spikes,2326.0,2320.0,-6.0,-0.2579535683576956,-1
cut_vPN1_to_pC1,pC1_fruDsx_nonmissing,65.0,peak_rate_hz,12.252252252252253,11.711711711711713,-0.5405405405405403,-4.411764705882351,-1
cut_vPN1_to_pC1,pC1_fruDsx_nonmissing,65.0,evoked_spikes_per_neuron_per_pulse,0.5238738738738739,0.5225225225225225,-0.0013513513513513375,-0.257953568357693,-1
cut_vPN1_to_pC1,pC1_fruDsx_coexpress,65.0,response_spikes,946.0,964.0,18.0,1.9027484143763214,1
cut_vPN1_to_pC1,pC1_fruDsx_coexpress,65.0,peak_rate_hz,8.615384615384615,8.76923076923077,0.15384615384615508,1.7857142857143,1
cut_vPN1_to_pC1,pC1_fruDsx_coexpress,65.0,evoked_spikes_per_neuron_per_pulse,0.3638461538461538,0.3707692307692308,0.006923076923076976,1.902748414376336,1
cut_vPN1_to_pC1,pC1_pMP_alias,65.0,response_spikes,946.0,964.0,18.0,1.9027484143763214,1
cut_vPN1_to_pC1,pC1_pMP_alias,65.0,peak_rate_hz,8.88888888888889,9.047619047619047,0.15873015873015817,1.7857142857142794,1
cut_vPN1_to_pC1,pC1_pMP_alias,65.0,evoked_spikes_per_neuron_per_pulse,0.3753968253968254,0.3825396825396825,0.0071428571428571175,1.9027484143763147,1
cut_vPN1_to_pC1,pC1_neuronbridge_any_hit,65.0,response_spikes,2055.0,2064.0,9.0,0.43795620437956206,1
cut_vPN1_to_pC1,pC1_neuronbridge_any_hit,65.0,peak_rate_hz,11.028037383177569,10.654205607476634,-0.3738317757009355,-3.389830508474585,-1
cut_vPN1_to_pC1,pC1_neuronbridge_any_hit,65.0,evoked_spikes_per_neuron_per_pulse,0.48014018691588783,0.4822429906542056,0.0021028037383177822,0.4379562043795673,1
cut_vPN1_to_pC1,pC1_neuronbridge_best_rank_le_100,65.0,response_spikes,271.0,294.0,23.0,8.487084870848708,1
cut_vPN1_to_pC1,pC1_neuronbridge_best_rank_le_100,65.0,peak_rate_hz,10.666666666666666,12.666666666666666,2.0,18.75,1
cut_vPN1_to_pC1,pC1_neuronbridge_best_rank_le_100,65.0,evoked_spikes_per_neuron_per_pulse,0.45166666666666666,0.49,0.03833333333333333,8.487084870848708,1
cut_vPN1_to_pC1,pC1_type_all,75.0,response_spikes,2308.0,2289.0,-19.0,-0.8232235701906413,-1
cut_vPN1_to_pC1,pC1_type_all,75.0,peak_rate_hz,11.517857142857142,12.142857142857142,0.625,5.426356589147287,1
cut_vPN1_to_pC1,pC1_type_all,75.0,evoked_spikes_per_neuron_per_pulse,0.5151785714285714,0.5109375,-0.00424107142857133,-0.8232235701906222,-1
cut_vPN1_to_pC1,pC1_fruDsx_nonmissing,75.0,response_spikes,2308.0,2289.0,-19.0,-0.8232235701906413,-1
cut_vPN1_to_pC1,pC1_fruDsx_nonmissing,75.0,peak_rate_hz,11.621621621621623,12.252252252252253,0.6306306306306304,5.426356589147284,1
cut_vPN1_to_pC1,pC1_fruDsx_nonmissing,75.0,evoked_spikes_per_neuron_per_pulse,0.5198198198198198,0.5155405405405405,-0.004279279279279291,-0.8232235701906435,-1
cut_vPN1_to_pC1,pC1_fruDsx_coexpress,75.0,response_spikes,935.0,938.0,3.0,0.32085561497326204,1
cut_vPN1_to_pC1,pC1_fruDsx_coexpress,75.0,peak_rate_hz,8.0,8.76923076923077,0.76923076923077,9.615384615384626,1
cut_vPN1_to_pC1,pC1_fruDsx_coexpress,75.0,evoked_spikes_per_neuron_per_pulse,0.3596153846153846,0.3607692307692308,0.001153846153846172,0.3208556149732671,1
cut_vPN1_to_pC1,pC1_pMP_alias,75.0,response_spikes,935.0,938.0,3.0,0.32085561497326204,1
cut_vPN1_to_pC1,pC1_pMP_alias,75.0,peak_rate_hz,8.253968253968255,9.047619047619047,0.7936507936507926,9.6153846153846,1
cut_vPN1_to_pC1,pC1_pMP_alias,75.0,evoked_spikes_per_neuron_per_pulse,0.37103174603174605,0.37222222222222223,0.0011904761904761862,0.32085561497326087,1
cut_vPN1_to_pC1,pC1_neuronbridge_any_hit,75.0,response_spikes,2044.0,2042.0,-2.0,-0.09784735812133072,-1
cut_vPN1_to_pC1,pC1_neuronbridge_any_hit,75.0,peak_rate_hz,10.467289719626168,11.121495327102803,0.6542056074766354,6.249999999999998,1
cut_vPN1_to_pC1,pC1_neuronbridge_any_hit,75.0,evoked_spikes_per_neuron_per_pulse,0.47757009345794393,0.47710280373831776,-0.00046728971962617383,-0.0978473581213319,-1
cut_vPN1_to_pC1,pC1_neuronbridge_best_rank_le_100,75.0,response_spikes,273.0,285.0,12.0,4.395604395604396,1
cut_vPN1_to_pC1,pC1_neuronbridge_best_rank_le_100,75.0,peak_rate_hz,10.666666666666666,12.666666666666666,2.0,18.75,1
cut_vPN1_to_pC1,pC1_neuronbridge_best_rank_le_100,75.0,evoked_spikes_per_neuron_per_pulse,0.455,0.475,0.019999999999999962,4.395604395604387,1
cut_vPN1_to_pC1,pC1_type_all,85.0,response_spikes,2180.0,2124.0,-56.0,-2.5688073394495414,-1
cut_vPN1_to_pC1,pC1_type_all,85.0,peak_rate_hz,11.607142857142856,11.071428571428571,-0.5357142857142847,-4.615384615384607,-1
cut_vPN1_to_pC1,pC1_type_all,85.0,evoked_spikes_per_neuron_per_pulse,0.48660714285714285,0.47410714285714284,-0.012500000000000011,-2.5688073394495436,-1
cut_vPN1_to_pC1,pC1_fruDsx_nonmissing,85.0,response_spikes,2180.0,2124.0,-56.0,-2.5688073394495414,-1
cut_vPN1_to_pC1,pC1_fruDsx_nonmissing,85.0,peak_rate_hz,11.711711711711713,11.17117117117117,-0.5405405405405421,-4.615384615384628,-1
cut_vPN1_to_pC1,pC1_fruDsx_nonmissing,85.0,evoked_spikes_per_neuron_per_pulse,0.49099099099099097,0.4783783783783784,-0.012612612612612595,-2.568807339449538,-1
cut_vPN1_to_pC1,pC1_fruDsx_coexpress,85.0,response_spikes,889.0,888.0,-1.0,-0.1124859392575928,-1
cut_vPN1_to_pC1,pC1_fruDsx_coexpress,85.0,peak_rate_hz,8.307692307692308,8.615384615384615,0.3076923076923066,3.7037037037036904,1
cut_vPN1_to_pC1,pC1_fruDsx_coexpress,85.0,evoked_spikes_per_neuron_per_pulse,0.34192307692307694,0.3415384615384615,-0.00038461538461542766,-0.11248593925760539,-1
cut_vPN1_to_pC1,pC1_pMP_alias,85.0,response_spikes,889.0,888.0,-1.0,-0.1124859392575928,-1
cut_vPN1_to_pC1,pC1_pMP_alias,85.0,peak_rate_hz,8.571428571428571,8.88888888888889,0.3174603174603181,3.7037037037037113,1
cut_vPN1_to_pC1,pC1_pMP_alias,85.0,evoked_spikes_per_neuron_per_pulse,0.3527777777777778,0.3523809523809524,-0.0003968253968253954,-0.1124859392575924,-1
cut_vPN1_to_pC1,pC1_neuronbridge_any_hit,85.0,response_spikes,1936.0,1917.0,-19.0,-0.981404958677686,-1
cut_vPN1_to_pC1,pC1_neuronbridge_any_hit,85.0,peak_rate_hz,10.560747663551401,10.467289719626168,-0.09345794392523388,-0.8849557522123916,-1
cut_vPN1_to_pC1,pC1_neuronbridge_any_hit,85.0,evoked_spikes_per_neuron_per_pulse,0.4523364485981308,0.44789719626168223,-0.004439252336448596,-0.9814049586776855,-1
cut_vPN1_to_pC1,pC1_neuronbridge_best_rank_le_100,85.0,response_spikes,255.0,288.0,33.0,12.941176470588236,1
cut_vPN1_to_pC1,pC1_neuronbridge_best_rank_le_100,85.0,peak_rate_hz,12.0,12.0,0.0,0.0,0
cut_vPN1_to_pC1,pC1_neuronbridge_best_rank_le_100,85.0,evoked_spikes_per_neuron_per_pulse,0.425,0.48,0.05499999999999999,12.941176470588234,1
cut_vPN1_to_pC1,pC1_type_all,95.0,response_spikes,2238.0,2252.0,14.0,0.6255585344057194,1
cut_vPN1_to_pC1,pC1_type_all,95.0,peak_rate_hz,11.071428571428571,11.517857142857142,0.4464285714285712,4.032258064516127,1
cut_vPN1_to_pC1,pC1_type_all,95.0,evoked_spikes_per_neuron_per_pulse,0.49955357142857143,0.5026785714285714,0.003124999999999989,0.6255585344057172,1
cut_vPN1_to_pC1,pC1_fruDsx_nonmissing,95.0,response_spikes,2238.0,2252.0,14.0,0.6255585344057194,1
cut_vPN1_to_pC1,pC1_fruDsx_nonmissing,95.0,peak_rate_hz,11.17117117117117,11.621621621621623,0.45045045045045207,4.032258064516143,1
cut_vPN1_to_pC1,pC1_fruDsx_nonmissing,95.0,evoked_spikes_per_neuron_per_pulse,0.504054054054054,0.5072072072072072,0.003153153153153232,0.6255585344057351,1
cut_vPN1_to_pC1,pC1_fruDsx_coexpress,95.0,response_spikes,961.0,961.0,0.0,0.0,0
cut_vPN1_to_pC1,pC1_fruDsx_coexpress,95.0,peak_rate_hz,8.307692307692308,9.692307692307692,1.3846153846153832,16.66666666666665,1
cut_vPN1_to_pC1,pC1_fruDsx_coexpress,95.0,evoked_spikes_per_neuron_per_pulse,0.3696153846153846,0.3696153846153846,0.0,0.0,0
cut_vPN1_to_pC1,pC1_pMP_alias,95.0,response_spikes,961.0,961.0,0.0,0.0,0
cut_vPN1_to_pC1,pC1_pMP_alias,95.0,peak_rate_hz,8.571428571428571,10.0,1.4285714285714288,16.66666666666667,1
cut_vPN1_to_pC1,pC1_pMP_alias,95.0,evoked_spikes_per_neuron_per_pulse,0.3813492063492063,0.3813492063492063,0.0,0.0,0
cut_vPN1_to_pC1,pC1_neuronbridge_any_hit,95.0,response_spikes,2018.0,2035.0,17.0,0.8424182358771061,1
cut_vPN1_to_pC1,pC1_neuronbridge_any_hit,95.0,peak_rate_hz,10.373831775700934,10.934579439252335,0.5607476635514015,5.405405405405403,1
cut_vPN1_to_pC1,pC1_neuronbridge_any_hit,95.0,evoked_spikes_per_neuron_per_pulse,0.47149532710280373,0.47546728971962615,0.003971962616822422,0.8424182358771044,1
cut_vPN1_to_pC1,pC1_neuronbridge_best_rank_le_100,95.0,response_spikes,270.0,316.0,46.0,17.037037037037038,1
cut_vPN1_to_pC1,pC1_neuronbridge_best_rank_le_100,95.0,peak_rate_hz,10.0,14.666666666666666,4.666666666666666,46.666666666666664,1
cut_vPN1_to_pC1,pC1_neuronbridge_best_rank_le_100,95.0,evoked_spikes_per_neuron_per_pulse,0.45,0.5266666666666666,0.0766666666666666,17.037037037037024,1
cut_vPN1_to_other,pC1_type_all,15.0,response_spikes,611.0,524.0,-87.0,-14.238952536824877,-1
cut_vPN1_to_other,pC1_type_all,15.0,peak_rate_hz,11.160714285714285,12.857142857142856,1.6964285714285712,15.2,1
cut_vPN1_to_other,pC1_type_all,15.0,evoked_spikes_per_neuron_per_pulse,0.13638392857142856,0.11696428571428572,-0.019419642857142844,-14.238952536824868,-1
cut_vPN1_to_other,pC1_fruDsx_nonmissing,15.0,response_spikes,611.0,524.0,-87.0,-14.238952536824877,-1
cut_vPN1_to_other,pC1_fruDsx_nonmissing,15.0,peak_rate_hz,11.26126126126126,12.972972972972974,1.7117117117117129,15.200000000000012,1
cut_vPN1_to_other,pC1_fruDsx_nonmissing,15.0,evoked_spikes_per_neuron_per_pulse,0.13761261261261262,0.11801801801801802,-0.019594594594594603,-14.238952536824883,-1
cut_vPN1_to_other,pC1_fruDsx_coexpress,15.0,response_spikes,289.0,235.0,-54.0,-18.685121107266436,-1
cut_vPN1_to_other,pC1_fruDsx_coexpress,15.0,peak_rate_hz,9.692307692307692,8.923076923076923,-0.7692307692307683,-7.936507936507926,-1
cut_vPN1_to_other,pC1_fruDsx_coexpress,15.0,evoked_spikes_per_neuron_per_pulse,0.11115384615384616,0.09038461538461538,-0.020769230769230776,-18.68512110726644,-1
cut_vPN1_to_other,pC1_pMP_alias,15.0,response_spikes,289.0,234.0,-55.0,-19.031141868512112,-1
cut_vPN1_to_other,pC1_pMP_alias,15.0,peak_rate_hz,10.0,9.206349206349207,-0.7936507936507926,-7.936507936507925,-1
cut_vPN1_to_other,pC1_pMP_alias,15.0,evoked_spikes_per_neuron_per_pulse,0.11468253968253968,0.09285714285714286,-0.021825396825396817,-19.031141868512105,-1
cut_vPN1_to_other,pC1_neuronbridge_any_hit,15.0,response_spikes,575.0,504.0,-71.0,-12.347826086956522,-1
cut_vPN1_to_other,pC1_neuronbridge_any_hit,15.0,peak_rate_hz,11.214953271028037,12.33644859813084,1.121495327102803,9.999999999999993,1
cut_vPN1_to_other,pC1_neuronbridge_any_hit,15.0,evoked_spikes_per_neuron_per_pulse,0.13434579439252337,0.11775700934579439,-0.016588785046728977,-12.347826086956525,-1
cut_vPN1_to_other,pC1_neuronbridge_best_rank_le_100,15.0,response_spikes,76.0,80.0,4.0,5.2631578947368425,1
cut_vPN1_to_other,pC1_neuronbridge_best_rank_le_100,15.0,peak_rate_hz,12.666666666666666,16.0,3.333333333333334,26.315789473684216,1
cut_vPN1_to_other,pC1_neuronbridge_best_rank_le_100,15.0,evoked_spikes_per_neuron_per_pulse,0.12666666666666668,0.13333333333333333,0.006666666666666654,5.263157894736832,1
cut_vPN1_to_other,pC1_type_all,25.0,response_spikes,1020.0,1172.0,152.0,14.901960784313726,1
cut_vPN1_to_other,pC1_type_all,25.0,peak_rate_hz,13.035714285714285,13.303571428571427,0.26785714285714235,2.0547945205479414,1
cut_vPN1_to_other,pC1_type_all,25.0,evoked_spikes_per_neuron_per_pulse,0.22767857142857142,0.26160714285714287,0.03392857142857145,14.901960784313733,1
cut_vPN1_to_other,pC1_fruDsx_nonmissing,25.0,response_spikes,1020.0,1172.0,152.0,14.901960784313726,1
cut_vPN1_to_other,pC1_fruDsx_nonmissing,25.0,peak_rate_hz,13.153153153153154,13.423423423423424,0.2702702702702702,2.0547945205479445,1
cut_vPN1_to_other,pC1_fruDsx_nonmissing,25.0,evoked_spikes_per_neuron_per_pulse,0.22972972972972974,0.263963963963964,0.034234234234234245,14.90196078431373,1
cut_vPN1_to_other,pC1_fruDsx_coexpress,25.0,response_spikes,417.0,504.0,87.0,20.863309352517987,1
cut_vPN1_to_other,pC1_fruDsx_coexpress,25.0,peak_rate_hz,10.307692307692308,9.846153846153847,-0.4615384615384617,-4.477611940298509,-1
cut_vPN1_to_other,pC1_fruDsx_coexpress,25.0,evoked_spikes_per_neuron_per_pulse,0.16038461538461538,0.19384615384615383,0.03346153846153846,20.863309352517984,1
cut_vPN1_to_other,pC1_pMP_alias,25.0,response_spikes,417.0,502.0,85.0,20.38369304556355,1
cut_vPN1_to_other,pC1_pMP_alias,25.0,peak_rate_hz,10.634920634920634,10.158730158730158,-0.4761904761904763,-4.477611940298509,-1
cut_vPN1_to_other,pC1_pMP_alias,25.0,evoked_spikes_per_neuron_per_pulse,0.16547619047619047,0.1992063492063492,0.03373015873015872,20.383693045563543,1
cut_vPN1_to_other,pC1_neuronbridge_any_hit,25.0,response_spikes,953.0,1100.0,147.0,15.424973767051416,1
cut_vPN1_to_other,pC1_neuronbridge_any_hit,25.0,peak_rate_hz,12.897196261682241,12.710280373831774,-0.18691588785046775,-1.4492753623188444,-1
cut_vPN1_to_other,pC1_neuronbridge_any_hit,25.0,evoked_spikes_per_neuron_per_pulse,0.22266355140186916,0.2570093457943925,0.03434579439252333,15.424973767051403,1
cut_vPN1_to_other,pC1_neuronbridge_best_rank_le_100,25.0,response_spikes,191.0,204.0,13.0,6.806282722513089,1
cut_vPN1_to_other,pC1_neuronbridge_best_rank_le_100,25.0,peak_rate_hz,20.666666666666668,19.333333333333332,-1.3333333333333357,-6.451612903225818,-1
cut_vPN1_to_other,pC1_neuronbridge_best_rank_le_100,25.0,evoked_spikes_per_neuron_per_pulse,0.31833333333333336,0.34,0.021666666666666667,6.80628272251309,1
cut_vPN1_to_other,pC1_type_all,35.0,response_spikes,1735.0,1517.0,-218.0,-12.564841498559078,-1
cut_vPN1_to_other,pC1_type_all,35.0,peak_rate_hz,13.124999999999998,15.089285714285714,1.9642857142857153,14.965986394557833,1
cut_vPN1_to_other,pC1_type_all,35.0,evoked_spikes_per_neuron_per_pulse,0.3872767857142857,0.3386160714285714,-0.04866071428571428,-12.564841498559076,-1
cut_vPN1_to_other,pC1_fruDsx_nonmissing,35.0,response_spikes,1735.0,1517.0,-218.0,-12.564841498559078,-1
cut_vPN1_to_other,pC1_fruDsx_nonmissing,35.0,peak_rate_hz,13.243243243243244,15.225225225225225,1.9819819819819813,14.965986394557817,1
cut_vPN1_to_other,pC1_fruDsx_nonmissing,35.0,evoked_spikes_per_neuron_per_pulse,0.39076576576576577,0.3416666666666667,-0.0490990990990991,-12.564841498559078,-1
cut_vPN1_to_other,pC1_fruDsx_coexpress,35.0,response_spikes,639.0,568.0,-71.0,-11.11111111111111,-1
cut_vPN1_to_other,pC1_fruDsx_coexpress,35.0,peak_rate_hz,8.615384615384615,9.23076923076923,0.615384615384615,7.142857142857139,1
cut_vPN1_to_other,pC1_fruDsx_coexpress,35.0,evoked_spikes_per_neuron_per_pulse,0.24576923076923077,0.21846153846153846,-0.02730769230769231,-11.11111111111111,-1
cut_vPN1_to_other,pC1_pMP_alias,35.0,response_spikes,639.0,568.0,-71.0,-11.11111111111111,-1
cut_vPN1_to_other,pC1_pMP_alias,35.0,peak_rate_hz,8.88888888888889,9.523809523809524,0.6349206349206344,7.142857142857137,1
cut_vPN1_to_other,pC1_pMP_alias,35.0,evoked_spikes_per_neuron_per_pulse,0.25357142857142856,0.2253968253968254,-0.028174603174603158,-11.111111111111105,-1
cut_vPN1_to_other,pC1_neuronbridge_any_hit,35.0,response_spikes,1522.0,1337.0,-185.0,-12.155059132720105,-1
cut_vPN1_to_other,pC1_neuronbridge_any_hit,35.0,peak_rate_hz,12.149532710280372,13.457943925233643,1.3084112149532707,10.769230769230766,1
cut_vPN1_to_other,pC1_neuronbridge_any_hit,35.0,evoked_spikes_per_neuron_per_pulse,0.355607476635514,0.3123831775700935,-0.043224299065420524,-12.155059132720096,-1
cut_vPN1_to_other,pC1_neuronbridge_best_rank_le_100,35.0,response_spikes,180.0,171.0,-9.0,-5.0,-1
cut_vPN1_to_other,pC1_neuronbridge_best_rank_le_100,35.0,peak_rate_hz,11.333333333333334,13.333333333333334,2.0,17.64705882352941,1
cut_vPN1_to_other,pC1_neuronbridge_best_rank_le_100,35.0,evoked_spikes_per_neuron_per_pulse,0.3,0.285,-0.015000000000000013,-5.000000000000004,-1
cut_vPN1_to_other,pC1_type_all,45.0,response_spikes,1910.0,1897.0,-13.0,-0.680628272251309,-1
cut_vPN1_to_other,pC1_type_all,45.0,peak_rate_hz,14.107142857142856,16.25,2.142857142857144,15.18987341772153,1
cut_vPN1_to_other,pC1_type_all,45.0,evoked_spikes_per_neuron_per_pulse,0.4263392857142857,0.4234375,-0.0029017857142856762,-0.6806282722513,-1
cut_vPN1_to_other,pC1_fruDsx_nonmissing,45.0,response_spikes,1910.0,1897.0,-13.0,-0.680628272251309,-1
cut_vPN1_to_other,pC1_fruDsx_nonmissing,45.0,peak_rate_hz,14.234234234234235,16.396396396396398,2.162162162162163,15.189873417721525,1
cut_vPN1_to_other,pC1_fruDsx_nonmissing,45.0,evoked_spikes_per_neuron_per_pulse,0.43018018018018017,0.4272522522522523,-0.002927927927927898,-0.680628272251302,-1
cut_vPN1_to_other,pC1_fruDsx_coexpress,45.0,response_spikes,704.0,704.0,0.0,0.0,0
cut_vPN1_to_other,pC1_fruDsx_coexpress,45.0,peak_rate_hz,9.23076923076923,11.23076923076923,2.0,21.666666666666668,1
cut_vPN1_to_other,pC1_fruDsx_coexpress,45.0,evoked_spikes_per_neuron_per_pulse,0.27076923076923076,0.27076923076923076,0.0,0.0,0
cut_vPN1_to_other,pC1_pMP_alias,45.0,response_spikes,704.0,704.0,0.0,0.0,0
cut_vPN1_to_other,pC1_pMP_alias,45.0,peak_rate_hz,9.523809523809524,11.587301587301587,2.0634920634920633,21.666666666666664,1
cut_vPN1_to_other,pC1_pMP_alias,45.0,evoked_spikes_per_neuron_per_pulse,0.27936507936507937,0.27936507936507937,0.0,0.0,0
cut_vPN1_to_other,pC1_neuronbridge_any_hit,45.0,response_spikes,1676.0,1680.0,4.0,0.2386634844868735,1
cut_vPN1_to_other,pC1_neuronbridge_any_hit,45.0,peak_rate_hz,12.897196261682241,14.953271028037381,2.05607476635514,15.942028985507246,1
cut_vPN1_to_other,pC1_neuronbridge_any_hit,45.0,evoked_spikes_per_neuron_per_pulse,0.39158878504672895,0.3925233644859813,0.0009345794392523477,0.23866348448687638,1
cut_vPN1_to_other,pC1_neuronbridge_best_rank_le_100,45.0,response_spikes,207.0,242.0,35.0,16.908212560386474,1
cut_vPN1_to_other,pC1_neuronbridge_best_rank_le_100,45.0,peak_rate_hz,13.333333333333334,14.666666666666666,1.3333333333333321,9.99999999999999,1
cut_vPN1_to_other,pC1_neuronbridge_best_rank_le_100,45.0,evoked_spikes_per_neuron_per_pulse,0.345,0.4033333333333333,0.05833333333333335,16.908212560386477,1
cut_vPN1_to_other,pC1_type_all,55.0,response_spikes,2125.0,1923.0,-202.0,-9.505882352941176,-1
cut_vPN1_to_other,pC1_type_all,55.0,peak_rate_hz,11.071428571428571,12.589285714285714,1.5178571428571423,13.709677419354833,1
cut_vPN1_to_other,pC1_type_all,55.0,evoked_spikes_per_neuron_per_pulse,0.47433035714285715,0.42924107142857143,-0.04508928571428572,-9.505882352941178,-1
cut_vPN1_to_other,pC1_fruDsx_nonmissing,55.0,response_spikes,2125.0,1923.0,-202.0,-9.505882352941176,-1
cut_vPN1_to_other,pC1_fruDsx_nonmissing,55.0,peak_rate_hz,11.17117117117117,12.702702702702704,1.5315315315315328,13.70967741935485,1
cut_vPN1_to_other,pC1_fruDsx_nonmissing,55.0,evoked_spikes_per_neuron_per_pulse,0.4786036036036036,0.4331081081081081,-0.045495495495495475,-9.505882352941173,-1
cut_vPN1_to_other,pC1_fruDsx_coexpress,55.0,response_spikes,855.0,784.0,-71.0,-8.304093567251462,-1
cut_vPN1_to_other,pC1_fruDsx_coexpress,55.0,peak_rate_hz,7.6923076923076925,9.23076923076923,1.5384615384615374,19.999999999999986,1
cut_vPN1_to_other,pC1_fruDsx_coexpress,55.0,evoked_spikes_per_neuron_per_pulse,0.32884615384615384,0.30153846153846153,-0.02730769230769231,-8.304093567251462,-1
cut_vPN1_to_other,pC1_pMP_alias,55.0,response_spikes,855.0,784.0,-71.0,-8.304093567251462,-1
cut_vPN1_to_other,pC1_pMP_alias,55.0,peak_rate_hz,7.936507936507937,9.523809523809524,1.587301587301587,19.999999999999996,1
cut_vPN1_to_other,pC1_pMP_alias,55.0,evoked_spikes_per_neuron_per_pulse,0.3392857142857143,0.3111111111111111,-0.028174603174603186,-8.304093567251465,-1
cut_vPN1_to_other,pC1_neuronbridge_any_hit,55.0,response_spikes,1865.0,1701.0,-164.0,-8.793565683646113,-1
cut_vPN1_to_other,pC1_neuronbridge_any_hit,55.0,peak_rate_hz,10.093457943925232,11.58878504672897,1.4953271028037385,14.81481481481482,1
cut_vPN1_to_other,pC1_neuronbridge_any_hit,55.0,evoked_spikes_per_neuron_per_pulse,0.4357476635514019,0.39742990654205607,-0.03831775700934581,-8.793565683646117,-1
cut_vPN1_to_other,pC1_neuronbridge_best_rank_le_100,55.0,response_spikes,219.0,165.0,-54.0,-24.65753424657534,-1
cut_vPN1_to_other,pC1_neuronbridge_best_rank_le_100,55.0,peak_rate_hz,11.333333333333334,11.333333333333334,0.0,0.0,0
cut_vPN1_to_other,pC1_neuronbridge_best_rank_le_100,55.0,evoked_spikes_per_neuron_per_pulse,0.365,0.275,-0.08999999999999997,-24.657534246575334,-1
cut_vPN1_to_other,pC1_type_all,65.0,response_spikes,2326.0,2303.0,-23.0,-0.9888220120378332,-1
cut_vPN1_to_other,pC1_type_all,65.0,peak_rate_hz,12.142857142857142,11.339285714285714,-0.8035714285714288,-6.6176470588235325,-1
cut_vPN1_to_other,pC1_type_all,65.0,evoked_spikes_per_neuron_per_pulse,0.5191964285714286,0.5140625,-0.005133928571428581,-0.988822012037835,-1
cut_vPN1_to_other,pC1_fruDsx_nonmissing,65.0,response_spikes,2326.0,2303.0,-23.0,-0.9888220120378332,-1
cut_vPN1_to_other,pC1_fruDsx_nonmissing,65.0,peak_rate_hz,12.252252252252253,11.441441441441441,-0.8108108108108123,-6.617647058823541,-1
cut_vPN1_to_other,pC1_fruDsx_nonmissing,65.0,evoked_spikes_per_neuron_per_pulse,0.5238738738738739,0.5186936936936937,-0.005180180180180183,-0.9888220120378337,-1
cut_vPN1_to_other,pC1_fruDsx_coexpress,65.0,response_spikes,946.0,941.0,-5.0,-0.5285412262156448,-1
cut_vPN1_to_other,pC1_fruDsx_coexpress,65.0,peak_rate_hz,8.615384615384615,8.307692307692308,-0.3076923076923066,-3.5714285714285587,-1
cut_vPN1_to_other,pC1_fruDsx_coexpress,65.0,evoked_spikes_per_neuron_per_pulse,0.3638461538461538,0.3619230769230769,-0.0019230769230769162,-0.528541226215643,-1
cut_vPN1_to_other,pC1_pMP_alias,65.0,response_spikes,946.0,940.0,-6.0,-0.6342494714587738,-1
cut_vPN1_to_other,pC1_pMP_alias,65.0,peak_rate_hz,8.88888888888889,8.412698412698413,-0.4761904761904763,-5.357142857142858,-1
cut_vPN1_to_other,pC1_pMP_alias,65.0,evoked_spikes_per_neuron_per_pulse,0.3753968253968254,0.373015873015873,-0.0023809523809523725,-0.6342494714587715,-1
cut_vPN1_to_other,pC1_neuronbridge_any_hit,65.0,response_spikes,2055.0,2067.0,12.0,0.583941605839416,1
cut_vPN1_to_other,pC1_neuronbridge_any_hit,65.0,peak_rate_hz,11.028037383177569,10.560747663551401,-0.4672897196261676,-4.237288135593215,-1
cut_vPN1_to_other,pC1_neuronbridge_any_hit,65.0,evoked_spikes_per_neuron_per_pulse,0.48014018691588783,0.4829439252336449,0.002803738317757043,0.5839416058394231,1
cut_vPN1_to_other,pC1_neuronbridge_best_rank_le_100,65.0,response_spikes,271.0,282.0,11.0,4.059040590405904,1
cut_vPN1_to_other,pC1_neuronbridge_best_rank_le_100,65.0,peak_rate_hz,10.666666666666666,11.333333333333334,0.6666666666666679,6.2500000000000115,1
cut_vPN1_to_other,pC1_neuronbridge_best_rank_le_100,65.0,evoked_spikes_per_neuron_per_pulse,0.45166666666666666,0.47,0.018333333333333313,4.0590405904059,1
cut_vPN1_to_other,pC1_type_all,75.0,response_spikes,2308.0,2016.0,-292.0,-12.651646447140381,-1
cut_vPN1_to_other,pC1_type_all,75.0,peak_rate_hz,11.517857142857142,11.607142857142856,0.08928571428571352,0.7751937984496058,1
cut_vPN1_to_other,pC1_type_all,75.0,evoked_spikes_per_neuron_per_pulse,0.5151785714285714,0.45,-0.06517857142857136,-12.651646447140369,-1
cut_vPN1_to_other,pC1_fruDsx_nonmissing,75.0,response_spikes,2308.0,2016.0,-292.0,-12.651646447140381,-1
cut_vPN1_to_other,pC1_fruDsx_nonmissing,75.0,peak_rate_hz,11.621621621621623,11.711711711711713,0.09009009009009006,0.775193798449612,1
cut_vPN1_to_other,pC1_fruDsx_nonmissing,75.0,evoked_spikes_per_neuron_per_pulse,0.5198198198198198,0.4540540540540541,-0.06576576576576576,-12.65164644714038,-1
cut_vPN1_to_other,pC1_fruDsx_coexpress,75.0,response_spikes,935.0,822.0,-113.0,-12.085561497326204,-1
cut_vPN1_to_other,pC1_fruDsx_coexpress,75.0,peak_rate_hz,8.0,8.0,0.0,0.0,0
cut_vPN1_to_other,pC1_fruDsx_coexpress,75.0,evoked_spikes_per_neuron_per_pulse,0.3596153846153846,0.3161538461538462,-0.04346153846153844,-12.085561497326198,-1
cut_vPN1_to_other,pC1_pMP_alias,75.0,response_spikes,935.0,822.0,-113.0,-12.085561497326204,-1
cut_vPN1_to_other,pC1_pMP_alias,75.0,peak_rate_hz,8.253968253968255,8.253968253968255,0.0,0.0,0
cut_vPN1_to_other,pC1_pMP_alias,75.0,evoked_spikes_per_neuron_per_pulse,0.37103174603174605,0.3261904761904762,-0.04484126984126985,-12.085561497326205,-1
cut_vPN1_to_other,pC1_neuronbridge_any_hit,75.0,response_spikes,2044.0,1813.0,-231.0,-11.301369863013699,-1
cut_vPN1_to_other,pC1_neuronbridge_any_hit,75.0,peak_rate_hz,10.467289719626168,10.654205607476634,0.18691588785046598,1.7857142857142734,1
cut_vPN1_to_other,pC1_neuronbridge_any_hit,75.0,evoked_spikes_per_neuron_per_pulse,0.47757009345794393,0.4235981308411215,-0.05397196261682241,-11.301369863013695,-1
cut_vPN1_to_other,pC1_neuronbridge_best_rank_le_100,75.0,response_spikes,273.0,260.0,-13.0,-4.761904761904762,-1
cut_vPN1_to_other,pC1_neuronbridge_best_rank_le_100,75.0,peak_rate_hz,10.666666666666666,11.333333333333334,0.6666666666666679,6.2500000000000115,1
cut_vPN1_to_other,pC1_neuronbridge_best_rank_le_100,75.0,evoked_spikes_per_neuron_per_pulse,0.455,0.43333333333333335,-0.021666666666666667,-4.761904761904763,-1
cut_vPN1_to_other,pC1_type_all,85.0,response_spikes,2180.0,2032.0,-148.0,-6.7889908256880735,-1
cut_vPN1_to_other,pC1_type_all,85.0,peak_rate_hz,11.607142857142856,10.803571428571427,-0.8035714285714288,-6.923076923076927,-1
cut_vPN1_to_other,pC1_type_all,85.0,evoked_spikes_per_neuron_per_pulse,0.48660714285714285,0.45357142857142857,-0.03303571428571428,-6.788990825688072,-1
cut_vPN1_to_other,pC1_fruDsx_nonmissing,85.0,response_spikes,2180.0,2032.0,-148.0,-6.7889908256880735,-1
cut_vPN1_to_other,pC1_fruDsx_nonmissing,85.0,peak_rate_hz,11.711711711711713,10.9009009009009,-0.8108108108108123,-6.923076923076936,-1
cut_vPN1_to_other,pC1_fruDsx_nonmissing,85.0,evoked_spikes_per_neuron_per_pulse,0.49099099099099097,0.45765765765765765,-0.033333333333333326,-6.788990825688072,-1
cut_vPN1_to_other,pC1_fruDsx_coexpress,85.0,response_spikes,889.0,803.0,-86.0,-9.67379077615298,-1
cut_vPN1_to_other,pC1_fruDsx_coexpress,85.0,peak_rate_hz,8.307692307692308,7.384615384615385,-0.9230769230769234,-11.111111111111114,-1
cut_vPN1_to_other,pC1_fruDsx_coexpress,85.0,evoked_spikes_per_neuron_per_pulse,0.34192307692307694,0.3088461538461538,-0.033076923076923115,-9.673790776152991,-1
cut_vPN1_to_other,pC1_pMP_alias,85.0,response_spikes,889.0,803.0,-86.0,-9.67379077615298,-1
cut_vPN1_to_other,pC1_pMP_alias,85.0,peak_rate_hz,8.571428571428571,7.6190476190476195,-0.9523809523809517,-11.111111111111104,-1
cut_vPN1_to_other,pC1_pMP_alias,85.0,evoked_spikes_per_neuron_per_pulse,0.3527777777777778,0.31865079365079363,-0.03412698412698417,-9.673790776152993,-1
cut_vPN1_to_other,pC1_neuronbridge_any_hit,85.0,response_spikes,1936.0,1823.0,-113.0,-5.836776859504132,-1
cut_vPN1_to_other,pC1_neuronbridge_any_hit,85.0,peak_rate_hz,10.560747663551401,9.999999999999998,-0.5607476635514033,-5.30973451327435,-1
cut_vPN1_to_other,pC1_neuronbridge_any_hit,85.0,evoked_spikes_per_neuron_per_pulse,0.4523364485981308,0.42593457943925234,-0.026401869158878488,-5.83677685950413,-1
cut_vPN1_to_other,pC1_neuronbridge_best_rank_le_100,85.0,response_spikes,255.0,256.0,1.0,0.39215686274509803,1
cut_vPN1_to_other,pC1_neuronbridge_best_rank_le_100,85.0,peak_rate_hz,12.0,10.0,-2.0,-16.666666666666668,-1
cut_vPN1_to_other,pC1_neuronbridge_best_rank_le_100,85.0,evoked_spikes_per_neuron_per_pulse,0.425,0.4266666666666667,0.0016666666666667052,0.3921568627451071,1
cut_vPN1_to_other,pC1_type_all,95.0,response_spikes,2238.0,2218.0,-20.0,-0.8936550491510277,-1
cut_vPN1_to_other,pC1_type_all,95.0,peak_rate_hz,11.071428571428571,13.035714285714285,1.9642857142857135,17.74193548387096,1
cut_vPN1_to_other,pC1_type_all,95.0,evoked_spikes_per_neuron_per_pulse,0.49955357142857143,0.49508928571428573,-0.004464285714285698,-0.8936550491510246,-1
cut_vPN1_to_other,pC1_fruDsx_nonmissing,95.0,response_spikes,2238.0,2218.0,-20.0,-0.8936550491510277,-1
cut_vPN1_to_other,pC1_fruDsx_nonmissing,95.0,peak_rate_hz,11.17117117117117,13.153153153153154,1.981981981981983,17.74193548387098,1
cut_vPN1_to_other,pC1_fruDsx_nonmissing,95.0,evoked_spikes_per_neuron_per_pulse,0.504054054054054,0.49954954954954955,-0.0045045045045044585,-0.8936550491510187,-1
cut_vPN1_to_other,pC1_fruDsx_coexpress,95.0,response_spikes,961.0,921.0,-40.0,-4.1623309053069715,-1
cut_vPN1_to_other,pC1_fruDsx_coexpress,95.0,peak_rate_hz,8.307692307692308,8.923076923076923,0.615384615384615,7.407407407407402,1
cut_vPN1_to_other,pC1_fruDsx_coexpress,95.0,evoked_spikes_per_neuron_per_pulse,0.3696153846153846,0.35423076923076924,-0.015384615384615385,-4.162330905306972,-1
cut_vPN1_to_other,pC1_pMP_alias,95.0,response_spikes,961.0,921.0,-40.0,-4.1623309053069715,-1
cut_vPN1_to_other,pC1_pMP_alias,95.0,peak_rate_hz,8.571428571428571,9.206349206349207,0.6349206349206362,7.4074074074074225,1
cut_vPN1_to_other,pC1_pMP_alias,95.0,evoked_spikes_per_neuron_per_pulse,0.3813492063492063,0.36547619047619045,-0.015873015873015872,-4.162330905306972,-1
cut_vPN1_to_other,pC1_neuronbridge_any_hit,95.0,response_spikes,2018.0,2005.0,-13.0,-0.6442021803766105,-1
cut_vPN1_to_other,pC1_neuronbridge_any_hit,95.0,peak_rate_hz,10.373831775700934,12.242990654205606,1.8691588785046722,18.01801801801801,1
cut_vPN1_to_other,pC1_neuronbridge_any_hit,95.0,evoked_spikes_per_neuron_per_pulse,0.47149532710280373,0.46845794392523366,-0.0030373831775700744,-0.6442021803766065,-1
cut_vPN1_to_other,pC1_neuronbridge_best_rank_le_100,95.0,response_spikes,270.0,303.0,33.0,12.222222222222221,1
cut_vPN1_to_other,pC1_neuronbridge_best_rank_le_100,95.0,peak_rate_hz,10.0,15.333333333333334,5.333333333333334,53.333333333333336,1
cut_vPN1_to_other,pC1_neuronbridge_best_rank_le_100,95.0,evoked_spikes_per_neuron_per_pulse,0.45,0.505,0.05499999999999999,12.22222222222222,1
cut_vPN1_all_output,pC1_type_all,15.0,response_spikes,611.0,528.0,-83.0,-13.584288052373159,-1
cut_vPN1_all_output,pC1_type_all,15.0,peak_rate_hz,11.160714285714285,12.94642857142857,1.7857142857142847,15.999999999999993,1
cut_vPN1_all_output,pC1_type_all,15.0,evoked_spikes_per_neuron_per_pulse,0.13638392857142856,0.11785714285714285,-0.018526785714285704,-13.584288052373152,-1
cut_vPN1_all_output,pC1_fruDsx_nonmissing,15.0,response_spikes,611.0,528.0,-83.0,-13.584288052373159,-1
cut_vPN1_all_output,pC1_fruDsx_nonmissing,15.0,peak_rate_hz,11.26126126126126,13.063063063063064,1.801801801801803,16.00000000000001,1
cut_vPN1_all_output,pC1_fruDsx_nonmissing,15.0,evoked_spikes_per_neuron_per_pulse,0.13761261261261262,0.11891891891891893,-0.018693693693693697,-13.584288052373159,-1
cut_vPN1_all_output,pC1_fruDsx_coexpress,15.0,response_spikes,289.0,259.0,-30.0,-10.380622837370241,-1
cut_vPN1_all_output,pC1_fruDsx_coexpress,15.0,peak_rate_hz,9.692307692307692,10.0,0.3076923076923084,3.174603174603182,1
cut_vPN1_all_output,pC1_fruDsx_coexpress,15.0,evoked_spikes_per_neuron_per_pulse,0.11115384615384616,0.09961538461538462,-0.011538461538461539,-10.380622837370243,-1
cut_vPN1_all_output,pC1_pMP_alias,15.0,response_spikes,289.0,258.0,-31.0,-10.726643598615917,-1
cut_vPN1_all_output,pC1_pMP_alias,15.0,peak_rate_hz,10.0,10.317460317460318,0.3174603174603181,3.174603174603181,1
cut_vPN1_all_output,pC1_pMP_alias,15.0,evoked_spikes_per_neuron_per_pulse,0.11468253968253968,0.10238095238095238,-0.0123015873015873,-10.726643598615917,-1
cut_vPN1_all_output,pC1_neuronbridge_any_hit,15.0,response_spikes,575.0,515.0,-60.0,-10.434782608695652,-1
cut_vPN1_all_output,pC1_neuronbridge_any_hit,15.0,peak_rate_hz,11.214953271028037,12.523364485981308,1.3084112149532707,11.666666666666663,1
cut_vPN1_all_output,pC1_neuronbridge_any_hit,15.0,evoked_spikes_per_neuron_per_pulse,0.13434579439252337,0.12032710280373832,-0.014018691588785048,-10.434782608695654,-1
cut_vPN1_all_output,pC1_neuronbridge_best_rank_le_100,15.0,response_spikes,76.0,59.0,-17.0,-22.36842105263158,-1
cut_vPN1_all_output,pC1_neuronbridge_best_rank_le_100,15.0,peak_rate_hz,12.666666666666666,12.666666666666666,0.0,0.0,0
cut_vPN1_all_output,pC1_neuronbridge_best_rank_le_100,15.0,evoked_spikes_per_neuron_per_pulse,0.12666666666666668,0.09833333333333333,-0.02833333333333335,-22.36842105263159,-1
cut_vPN1_all_output,pC1_type_all,25.0,response_spikes,1020.0,1207.0,187.0,18.333333333333332,1
cut_vPN1_all_output,pC1_type_all,25.0,peak_rate_hz,13.035714285714285,13.660714285714285,0.625,4.794520547945206,1
cut_vPN1_all_output,pC1_type_all,25.0,evoked_spikes_per_neuron_per_pulse,0.22767857142857142,0.26941964285714287,0.04174107142857145,18.333333333333343,1
cut_vPN1_all_output,pC1_fruDsx_nonmissing,25.0,response_spikes,1020.0,1207.0,187.0,18.333333333333332,1
cut_vPN1_all_output,pC1_fruDsx_nonmissing,25.0,peak_rate_hz,13.153153153153154,13.783783783783784,0.6306306306306304,4.794520547945203,1
cut_vPN1_all_output,pC1_fruDsx_nonmissing,25.0,evoked_spikes_per_neuron_per_pulse,0.22972972972972974,0.27184684684684685,0.0421171171171171,18.333333333333325,1
cut_vPN1_all_output,pC1_fruDsx_coexpress,25.0,response_spikes,417.0,473.0,56.0,13.42925659472422,1
cut_vPN1_all_output,pC1_fruDsx_coexpress,25.0,peak_rate_hz,10.307692307692308,10.153846153846153,-0.15384615384615508,-1.4925373134328477,-1
cut_vPN1_all_output,pC1_fruDsx_coexpress,25.0,evoked_spikes_per_neuron_per_pulse,0.16038461538461538,0.1819230769230769,0.021538461538461534,13.429256594724219,1
cut_vPN1_all_output,pC1_pMP_alias,25.0,response_spikes,417.0,473.0,56.0,13.42925659472422,1
cut_vPN1_all_output,pC1_pMP_alias,25.0,peak_rate_hz,10.634920634920634,10.476190476190476,-0.15873015873015817,-1.4925373134328306,-1
cut_vPN1_all_output,pC1_pMP_alias,25.0,evoked_spikes_per_neuron_per_pulse,0.16547619047619047,0.1876984126984127,0.022222222222222227,13.429256594724224,1
cut_vPN1_all_output,pC1_neuronbridge_any_hit,25.0,response_spikes,953.0,1132.0,179.0,18.782791185729277,1
cut_vPN1_all_output,pC1_neuronbridge_any_hit,25.0,peak_rate_hz,12.897196261682241,13.551401869158877,0.6542056074766354,5.072463768115941,1
cut_vPN1_all_output,pC1_neuronbridge_any_hit,25.0,evoked_spikes_per_neuron_per_pulse,0.22266355140186916,0.2644859813084112,0.04182242990654206,18.782791185729277,1
cut_vPN1_all_output,pC1_neuronbridge_best_rank_le_100,25.0,response_spikes,191.0,232.0,41.0,21.465968586387433,1
cut_vPN1_all_output,pC1_neuronbridge_best_rank_le_100,25.0,peak_rate_hz,20.666666666666668,20.666666666666668,0.0,0.0,0
cut_vPN1_all_output,pC1_neuronbridge_best_rank_le_100,25.0,evoked_spikes_per_neuron_per_pulse,0.31833333333333336,0.38666666666666666,0.0683333333333333,21.465968586387422,1
cut_vPN1_all_output,pC1_type_all,35.0,response_spikes,1735.0,1669.0,-66.0,-3.804034582132565,-1
cut_vPN1_all_output,pC1_type_all,35.0,peak_rate_hz,13.124999999999998,15.178571428571427,2.053571428571429,15.646258503401365,1
cut_vPN1_all_output,pC1_type_all,35.0,evoked_spikes_per_neuron_per_pulse,0.3872767857142857,0.37254464285714284,-0.01473214285714286,-3.804034582132566,-1
cut_vPN1_all_output,pC1_fruDsx_nonmissing,35.0,response_spikes,1735.0,1669.0,-66.0,-3.804034582132565,-1
cut_vPN1_all_output,pC1_fruDsx_nonmissing,35.0,peak_rate_hz,13.243243243243244,15.315315315315315,2.0720720720720713,15.646258503401356,1
cut_vPN1_all_output,pC1_fruDsx_nonmissing,35.0,evoked_spikes_per_neuron_per_pulse,0.39076576576576577,0.3759009009009009,-0.01486486486486488,-3.8040345821325685,-1
cut_vPN1_all_output,pC1_fruDsx_coexpress,35.0,response_spikes,639.0,592.0,-47.0,-7.355242566510172,-1
cut_vPN1_all_output,pC1_fruDsx_coexpress,35.0,peak_rate_hz,8.615384615384615,9.538461538461538,0.9230769230769234,10.714285714285719,1
cut_vPN1_all_output,pC1_fruDsx_coexpress,35.0,evoked_spikes_per_neuron_per_pulse,0.24576923076923077,0.2276923076923077,-0.018076923076923074,-7.355242566510172,-1
cut_vPN1_all_output,pC1_pMP_alias,35.0,response_spikes,639.0,592.0,-47.0,-7.355242566510172,-1
cut_vPN1_all_output,pC1_pMP_alias,35.0,peak_rate_hz,8.88888888888889,9.841269841269842,0.9523809523809526,10.714285714285715,1
cut_vPN1_all_output,pC1_pMP_alias,35.0,evoked_spikes_per_neuron_per_pulse,0.25357142857142856,0.23492063492063492,-0.01865079365079364,-7.355242566510168,-1
cut_vPN1_all_output,pC1_neuronbridge_any_hit,35.0,response_spikes,1522.0,1500.0,-22.0,-1.445466491458607,-1
cut_vPN1_all_output,pC1_neuronbridge_any_hit,35.0,peak_rate_hz,12.149532710280372,13.64485981308411,1.4953271028037385,12.307692307692312,1
cut_vPN1_all_output,pC1_neuronbridge_any_hit,35.0,evoked_spikes_per_neuron_per_pulse,0.355607476635514,0.35046728971962615,-0.005140186915887857,-1.4454664914586088,-1
cut_vPN1_all_output,pC1_neuronbridge_best_rank_le_100,35.0,response_spikes,180.0,261.0,81.0,45.0,1
cut_vPN1_all_output,pC1_neuronbridge_best_rank_le_100,35.0,peak_rate_hz,11.333333333333334,16.0,4.666666666666666,41.17647058823529,1
cut_vPN1_all_output,pC1_neuronbridge_best_rank_le_100,35.0,evoked_spikes_per_neuron_per_pulse,0.3,0.435,0.135,45.0,1
cut_vPN1_all_output,pC1_type_all,45.0,response_spikes,1910.0,2203.0,293.0,15.340314136125654,1
cut_vPN1_all_output,pC1_type_all,45.0,peak_rate_hz,14.107142857142856,16.517857142857142,2.4107142857142865,17.088607594936715,1
cut_vPN1_all_output,pC1_type_all,45.0,evoked_spikes_per_neuron_per_pulse,0.4263392857142857,0.49174107142857143,0.06540178571428573,15.34031413612566,1
cut_vPN1_all_output,pC1_fruDsx_nonmissing,45.0,response_spikes,1910.0,2203.0,293.0,15.340314136125654,1
cut_vPN1_all_output,pC1_fruDsx_nonmissing,45.0,peak_rate_hz,14.234234234234235,16.666666666666668,2.4324324324324333,17.088607594936715,1
cut_vPN1_all_output,pC1_fruDsx_nonmissing,45.0,evoked_spikes_per_neuron_per_pulse,0.43018018018018017,0.49617117117117115,0.06599099099099098,15.340314136125654,1
cut_vPN1_all_output,pC1_fruDsx_coexpress,45.0,response_spikes,704.0,807.0,103.0,14.630681818181818,1
cut_vPN1_all_output,pC1_fruDsx_coexpress,45.0,peak_rate_hz,9.23076923076923,11.076923076923077,1.8461538461538467,20.000000000000007,1
cut_vPN1_all_output,pC1_fruDsx_coexpress,45.0,evoked_spikes_per_neuron_per_pulse,0.27076923076923076,0.31038461538461537,0.03961538461538461,14.630681818181817,1
cut_vPN1_all_output,pC1_pMP_alias,45.0,response_spikes,704.0,806.0,102.0,14.488636363636363,1
cut_vPN1_all_output,pC1_pMP_alias,45.0,peak_rate_hz,9.523809523809524,11.428571428571429,1.904761904761905,20.000000000000004,1
cut_vPN1_all_output,pC1_pMP_alias,45.0,evoked_spikes_per_neuron_per_pulse,0.27936507936507937,0.3198412698412698,0.04047619047619044,14.488636363636349,1
cut_vPN1_all_output,pC1_neuronbridge_any_hit,45.0,response_spikes,1676.0,1946.0,270.0,16.10978520286396,1
cut_vPN1_all_output,pC1_neuronbridge_any_hit,45.0,peak_rate_hz,12.897196261682241,15.233644859813083,2.3364485981308416,18.115942028985515,1
cut_vPN1_all_output,pC1_neuronbridge_any_hit,45.0,evoked_spikes_per_neuron_per_pulse,0.39158878504672895,0.4546728971962617,0.06308411214953275,16.10978520286397,1
cut_vPN1_all_output,pC1_neuronbridge_best_rank_le_100,45.0,response_spikes,207.0,319.0,112.0,54.106280193236714,1
cut_vPN1_all_output,pC1_neuronbridge_best_rank_le_100,45.0,peak_rate_hz,13.333333333333334,17.333333333333332,3.9999999999999982,29.999999999999986,1
cut_vPN1_all_output,pC1_neuronbridge_best_rank_le_100,45.0,evoked_spikes_per_neuron_per_pulse,0.345,0.5316666666666666,0.18666666666666665,54.106280193236714,1
cut_vPN1_all_output,pC1_type_all,55.0,response_spikes,2125.0,2028.0,-97.0,-4.564705882352941,-1
cut_vPN1_all_output,pC1_type_all,55.0,peak_rate_hz,11.071428571428571,11.696428571428571,0.625,5.645161290322581,1
cut_vPN1_all_output,pC1_type_all,55.0,evoked_spikes_per_neuron_per_pulse,0.47433035714285715,0.45267857142857143,-0.02165178571428572,-4.564705882352943,-1
cut_vPN1_all_output,pC1_fruDsx_nonmissing,55.0,response_spikes,2125.0,2028.0,-97.0,-4.564705882352941,-1
cut_vPN1_all_output,pC1_fruDsx_nonmissing,55.0,peak_rate_hz,11.17117117117117,11.801801801801803,0.6306306306306322,5.645161290322595,1
cut_vPN1_all_output,pC1_fruDsx_nonmissing,55.0,evoked_spikes_per_neuron_per_pulse,0.4786036036036036,0.45675675675675675,-0.021846846846846846,-4.564705882352942,-1
cut_vPN1_all_output,pC1_fruDsx_coexpress,55.0,response_spikes,855.0,830.0,-25.0,-2.9239766081871346,-1
cut_vPN1_all_output,pC1_fruDsx_coexpress,55.0,peak_rate_hz,7.6923076923076925,8.923076923076923,1.2307692307692308,16.0,1
cut_vPN1_all_output,pC1_fruDsx_coexpress,55.0,evoked_spikes_per_neuron_per_pulse,0.32884615384615384,0.3192307692307692,-0.009615384615384637,-2.9239766081871412,-1
cut_vPN1_all_output,pC1_pMP_alias,55.0,response_spikes,855.0,830.0,-25.0,-2.9239766081871346,-1
cut_vPN1_all_output,pC1_pMP_alias,55.0,peak_rate_hz,7.936507936507937,9.206349206349207,1.2698412698412707,16.00000000000001,1
cut_vPN1_all_output,pC1_pMP_alias,55.0,evoked_spikes_per_neuron_per_pulse,0.3392857142857143,0.32936507936507936,-0.009920634920634941,-2.9239766081871403,-1
cut_vPN1_all_output,pC1_neuronbridge_any_hit,55.0,response_spikes,1865.0,1813.0,-52.0,-2.7882037533512065,-1
cut_vPN1_all_output,pC1_neuronbridge_any_hit,55.0,peak_rate_hz,10.093457943925232,10.747663551401867,0.6542056074766354,6.48148148148148,1
cut_vPN1_all_output,pC1_neuronbridge_any_hit,55.0,evoked_spikes_per_neuron_per_pulse,0.4357476635514019,0.4235981308411215,-0.012149532710280353,-2.7882037533512016,-1
cut_vPN1_all_output,pC1_neuronbridge_best_rank_le_100,55.0,response_spikes,219.0,219.0,0.0,0.0,0
cut_vPN1_all_output,pC1_neuronbridge_best_rank_le_100,55.0,peak_rate_hz,11.333333333333334,14.666666666666666,3.333333333333332,29.41176470588234,1
cut_vPN1_all_output,pC1_neuronbridge_best_rank_le_100,55.0,evoked_spikes_per_neuron_per_pulse,0.365,0.365,0.0,0.0,0
cut_vPN1_all_output,pC1_type_all,65.0,response_spikes,2326.0,2296.0,-30.0,-1.2897678417884781,-1
cut_vPN1_all_output,pC1_type_all,65.0,peak_rate_hz,12.142857142857142,12.053571428571427,-0.0892857142857153,-0.7352941176470672,-1
cut_vPN1_all_output,pC1_type_all,65.0,evoked_spikes_per_neuron_per_pulse,0.5191964285714286,0.5125,-0.006696428571428603,-1.2897678417884841,-1
cut_vPN1_all_output,pC1_fruDsx_nonmissing,65.0,response_spikes,2326.0,2296.0,-30.0,-1.2897678417884781,-1
cut_vPN1_all_output,pC1_fruDsx_nonmissing,65.0,peak_rate_hz,12.252252252252253,12.162162162162163,-0.09009009009009006,-0.7352941176470585,-1
cut_vPN1_all_output,pC1_fruDsx_nonmissing,65.0,evoked_spikes_per_neuron_per_pulse,0.5238738738738739,0.5171171171171172,-0.006756756756756688,-1.289767841788465,-1
cut_vPN1_all_output,pC1_fruDsx_coexpress,65.0,response_spikes,946.0,906.0,-40.0,-4.2283298097251585,-1
cut_vPN1_all_output,pC1_fruDsx_coexpress,65.0,peak_rate_hz,8.615384615384615,7.6923076923076925,-0.9230769230769225,-10.714285714285708,-1
cut_vPN1_all_output,pC1_fruDsx_coexpress,65.0,evoked_spikes_per_neuron_per_pulse,0.3638461538461538,0.3484615384615385,-0.01538461538461533,-4.228329809725144,-1
cut_vPN1_all_output,pC1_pMP_alias,65.0,response_spikes,946.0,906.0,-40.0,-4.2283298097251585,-1
cut_vPN1_all_output,pC1_pMP_alias,65.0,peak_rate_hz,8.88888888888889,7.936507936507937,-0.9523809523809526,-10.714285714285715,-1
cut_vPN1_all_output,pC1_pMP_alias,65.0,evoked_spikes_per_neuron_per_pulse,0.3753968253968254,0.3595238095238095,-0.015873015873015872,-4.2283298097251585,-1
cut_vPN1_all_output,pC1_neuronbridge_any_hit,65.0,response_spikes,2055.0,2056.0,1.0,0.04866180048661801,1
cut_vPN1_all_output,pC1_neuronbridge_any_hit,65.0,peak_rate_hz,11.028037383177569,10.841121495327101,-0.18691588785046775,-1.6949152542372925,-1
cut_vPN1_all_output,pC1_neuronbridge_any_hit,65.0,evoked_spikes_per_neuron_per_pulse,0.48014018691588783,0.4803738317757009,0.00023364485981308691,0.04866180048661859,1
cut_vPN1_all_output,pC1_neuronbridge_best_rank_le_100,65.0,response_spikes,271.0,311.0,40.0,14.760147601476016,1
cut_vPN1_all_output,pC1_neuronbridge_best_rank_le_100,65.0,peak_rate_hz,10.666666666666666,13.333333333333334,2.666666666666668,25.000000000000014,1
cut_vPN1_all_output,pC1_neuronbridge_best_rank_le_100,65.0,evoked_spikes_per_neuron_per_pulse,0.45166666666666666,0.5183333333333333,0.06666666666666665,14.760147601476012,1
cut_vPN1_all_output,pC1_type_all,75.0,response_spikes,2308.0,2392.0,84.0,3.6395147313691507,1
cut_vPN1_all_output,pC1_type_all,75.0,peak_rate_hz,11.517857142857142,12.053571428571427,0.5357142857142847,4.651162790697666,1
cut_vPN1_all_output,pC1_type_all,75.0,evoked_spikes_per_neuron_per_pulse,0.5151785714285714,0.5339285714285714,0.018750000000000044,3.6395147313691596,1
cut_vPN1_all_output,pC1_fruDsx_nonmissing,75.0,response_spikes,2308.0,2392.0,84.0,3.6395147313691507,1
cut_vPN1_all_output,pC1_fruDsx_nonmissing,75.0,peak_rate_hz,11.621621621621623,12.162162162162163,0.5405405405405403,4.651162790697672,1
cut_vPN1_all_output,pC1_fruDsx_nonmissing,75.0,evoked_spikes_per_neuron_per_pulse,0.5198198198198198,0.5387387387387388,0.018918918918918948,3.639514731369156,1
cut_vPN1_all_output,pC1_fruDsx_coexpress,75.0,response_spikes,935.0,958.0,23.0,2.4598930481283423,1
cut_vPN1_all_output,pC1_fruDsx_coexpress,75.0,peak_rate_hz,8.0,8.461538461538462,0.4615384615384617,5.769230769230771,1
cut_vPN1_all_output,pC1_fruDsx_coexpress,75.0,evoked_spikes_per_neuron_per_pulse,0.3596153846153846,0.36846153846153845,0.008846153846153837,2.4598930481283396,1
cut_vPN1_all_output,pC1_pMP_alias,75.0,response_spikes,935.0,958.0,23.0,2.4598930481283423,1
cut_vPN1_all_output,pC1_pMP_alias,75.0,peak_rate_hz,8.253968253968255,8.730158730158731,0.4761904761904763,5.76923076923077,1
cut_vPN1_all_output,pC1_pMP_alias,75.0,evoked_spikes_per_neuron_per_pulse,0.37103174603174605,0.38015873015873014,0.009126984126984095,2.4598930481283334,1
cut_vPN1_all_output,pC1_neuronbridge_any_hit,75.0,response_spikes,2044.0,2150.0,106.0,5.185909980430528,1
cut_vPN1_all_output,pC1_neuronbridge_any_hit,75.0,peak_rate_hz,10.467289719626168,11.121495327102803,0.6542056074766354,6.249999999999998,1
cut_vPN1_all_output,pC1_neuronbridge_any_hit,75.0,evoked_spikes_per_neuron_per_pulse,0.47757009345794393,0.5023364485981309,0.024766355140186935,5.185909980430532,1
cut_vPN1_all_output,pC1_neuronbridge_best_rank_le_100,75.0,response_spikes,273.0,341.0,68.0,24.90842490842491,1
cut_vPN1_all_output,pC1_neuronbridge_best_rank_le_100,75.0,peak_rate_hz,10.666666666666666,13.333333333333334,2.666666666666668,25.000000000000014,1
cut_vPN1_all_output,pC1_neuronbridge_best_rank_le_100,75.0,evoked_spikes_per_neuron_per_pulse,0.455,0.5683333333333334,0.11333333333333334,24.90842490842491,1
cut_vPN1_all_output,pC1_type_all,85.0,response_spikes,2180.0,2192.0,12.0,0.5504587155963303,1
cut_vPN1_all_output,pC1_type_all,85.0,peak_rate_hz,11.607142857142856,11.428571428571427,-0.17857142857142883,-1.5384615384615408,-1
cut_vPN1_all_output,pC1_type_all,85.0,evoked_spikes_per_neuron_per_pulse,0.48660714285714285,0.48928571428571427,0.002678571428571419,0.5504587155963283,1
cut_vPN1_all_output,pC1_fruDsx_nonmissing,85.0,response_spikes,2180.0,2192.0,12.0,0.5504587155963303,1
cut_vPN1_all_output,pC1_fruDsx_nonmissing,85.0,peak_rate_hz,11.711711711711713,11.531531531531533,-0.18018018018018012,-1.5384615384615377,-1
cut_vPN1_all_output,pC1_fruDsx_nonmissing,85.0,evoked_spikes_per_neuron_per_pulse,0.49099099099099097,0.4936936936936937,0.0027027027027027306,0.550458715596336,1
cut_vPN1_all_output,pC1_fruDsx_coexpress,85.0,response_spikes,889.0,832.0,-57.0,-6.411698537682789,-1
cut_vPN1_all_output,pC1_fruDsx_coexpress,85.0,peak_rate_hz,8.307692307692308,7.6923076923076925,-0.6153846153846159,-7.407407407407413,-1
cut_vPN1_all_output,pC1_fruDsx_coexpress,85.0,evoked_spikes_per_neuron_per_pulse,0.34192307692307694,0.32,-0.021923076923076934,-6.411698537682793,-1
cut_vPN1_all_output,pC1_pMP_alias,85.0,response_spikes,889.0,832.0,-57.0,-6.411698537682789,-1
cut_vPN1_all_output,pC1_pMP_alias,85.0,peak_rate_hz,8.571428571428571,7.936507936507937,-0.6349206349206344,-7.407407407407402,-1
cut_vPN1_all_output,pC1_pMP_alias,85.0,evoked_spikes_per_neuron_per_pulse,0.3527777777777778,0.33015873015873015,-0.02261904761904765,-6.411698537682798,-1
cut_vPN1_all_output,pC1_neuronbridge_any_hit,85.0,response_spikes,1936.0,1970.0,34.0,1.756198347107438,1
cut_vPN1_all_output,pC1_neuronbridge_any_hit,85.0,peak_rate_hz,10.560747663551401,10.654205607476634,0.0934579439252321,0.8849557522123748,1
cut_vPN1_all_output,pC1_neuronbridge_any_hit,85.0,evoked_spikes_per_neuron_per_pulse,0.4523364485981308,0.4602803738317757,0.0079439252336449,1.756198347107447,1
cut_vPN1_all_output,pC1_neuronbridge_best_rank_le_100,85.0,response_spikes,255.0,340.0,85.0,33.333333333333336,1
cut_vPN1_all_output,pC1_neuronbridge_best_rank_le_100,85.0,peak_rate_hz,12.0,13.333333333333334,1.333333333333334,11.111111111111116,1
cut_vPN1_all_output,pC1_neuronbridge_best_rank_le_100,85.0,evoked_spikes_per_neuron_per_pulse,0.425,0.5666666666666667,0.14166666666666666,33.333333333333336,1
cut_vPN1_all_output,pC1_type_all,95.0,response_spikes,2238.0,2236.0,-2.0,-0.08936550491510277,-1
cut_vPN1_all_output,pC1_type_all,95.0,peak_rate_hz,11.071428571428571,11.517857142857142,0.4464285714285712,4.032258064516127,1
cut_vPN1_all_output,pC1_type_all,95.0,evoked_spikes_per_neuron_per_pulse,0.49955357142857143,0.49910714285714286,-0.00044642857142856984,-0.08936550491510245,-1
cut_vPN1_all_output,pC1_fruDsx_nonmissing,95.0,response_spikes,2238.0,2236.0,-2.0,-0.08936550491510277,-1
cut_vPN1_all_output,pC1_fruDsx_nonmissing,95.0,peak_rate_hz,11.17117117117117,11.621621621621623,0.45045045045045207,4.032258064516143,1
cut_vPN1_all_output,pC1_fruDsx_nonmissing,95.0,evoked_spikes_per_neuron_per_pulse,0.504054054054054,0.5036036036036036,-0.00045045045045044585,-0.08936550491510187,-1
cut_vPN1_all_output,pC1_fruDsx_coexpress,95.0,response_spikes,961.0,869.0,-92.0,-9.573361082206036,-1
cut_vPN1_all_output,pC1_fruDsx_coexpress,95.0,peak_rate_hz,8.307692307692308,8.0,-0.3076923076923084,-3.7037037037037117,-1
cut_vPN1_all_output,pC1_fruDsx_coexpress,95.0,evoked_spikes_per_neuron_per_pulse,0.3696153846153846,0.3342307692307692,-0.0353846153846154,-9.57336108220604,-1
cut_vPN1_all_output,pC1_pMP_alias,95.0,response_spikes,961.0,868.0,-93.0,-9.67741935483871,-1
cut_vPN1_all_output,pC1_pMP_alias,95.0,peak_rate_hz,8.571428571428571,8.253968253968255,-0.31746031746031633,-3.703703703703691,-1
cut_vPN1_all_output,pC1_pMP_alias,95.0,evoked_spikes_per_neuron_per_pulse,0.3813492063492063,0.34444444444444444,-0.036904761904761885,-9.677419354838705,-1
cut_vPN1_all_output,pC1_neuronbridge_any_hit,95.0,response_spikes,2018.0,2028.0,10.0,0.49554013875123887,1
cut_vPN1_all_output,pC1_neuronbridge_any_hit,95.0,peak_rate_hz,10.373831775700934,10.934579439252335,0.5607476635514015,5.405405405405403,1
cut_vPN1_all_output,pC1_neuronbridge_any_hit,95.0,evoked_spikes_per_neuron_per_pulse,0.47149532710280373,0.4738317757009346,0.002336448598130869,0.4955401387512448,1
cut_vPN1_all_output,pC1_neuronbridge_best_rank_le_100,95.0,response_spikes,270.0,372.0,102.0,37.77777777777778,1
cut_vPN1_all_output,pC1_neuronbridge_best_rank_le_100,95.0,peak_rate_hz,10.0,14.666666666666666,4.666666666666666,46.666666666666664,1
cut_vPN1_all_output,pC1_neuronbridge_best_rank_le_100,95.0,evoked_spikes_per_neuron_per_pulse,0.45,0.62,0.16999999999999998,37.77777777777778,1
silence_aPN1,pC1_type_all,15.0,response_spikes,611.0,541.0,-70.0,-11.456628477905074,-1
silence_aPN1,pC1_type_all,15.0,peak_rate_hz,11.160714285714285,12.589285714285714,1.4285714285714288,12.800000000000004,1
silence_aPN1,pC1_type_all,15.0,evoked_spikes_per_neuron_per_pulse,0.13638392857142856,0.12075892857142857,-0.015624999999999986,-11.456628477905065,-1
silence_aPN1,pC1_fruDsx_nonmissing,15.0,response_spikes,611.0,541.0,-70.0,-11.456628477905074,-1
silence_aPN1,pC1_fruDsx_nonmissing,15.0,peak_rate_hz,11.26126126126126,12.702702702702704,1.4414414414414427,12.800000000000011,1
silence_aPN1,pC1_fruDsx_nonmissing,15.0,evoked_spikes_per_neuron_per_pulse,0.13761261261261262,0.12184684684684685,-0.01576576576576577,-11.456628477905078,-1
silence_aPN1,pC1_fruDsx_coexpress,15.0,response_spikes,289.0,256.0,-33.0,-11.418685121107266,-1
silence_aPN1,pC1_fruDsx_coexpress,15.0,peak_rate_hz,9.692307692307692,10.153846153846153,0.4615384615384617,4.761904761904764,1
silence_aPN1,pC1_fruDsx_coexpress,15.0,evoked_spikes_per_neuron_per_pulse,0.11115384615384616,0.09846153846153846,-0.012692307692307697,-11.41868512110727,-1
silence_aPN1,pC1_pMP_alias,15.0,response_spikes,289.0,256.0,-33.0,-11.418685121107266,-1
silence_aPN1,pC1_pMP_alias,15.0,peak_rate_hz,10.0,10.476190476190476,0.4761904761904763,4.761904761904763,1
silence_aPN1,pC1_pMP_alias,15.0,evoked_spikes_per_neuron_per_pulse,0.11468253968253968,0.10158730158730159,-0.01309523809523809,-11.418685121107263,-1
silence_aPN1,pC1_neuronbridge_any_hit,15.0,response_spikes,575.0,530.0,-45.0,-7.826086956521739,-1
silence_aPN1,pC1_neuronbridge_any_hit,15.0,peak_rate_hz,11.214953271028037,12.242990654205606,1.028037383177569,9.166666666666659,1
silence_aPN1,pC1_neuronbridge_any_hit,15.0,evoked_spikes_per_neuron_per_pulse,0.13434579439252337,0.12383177570093458,-0.010514018691588786,-7.82608695652174,-1
silence_aPN1,pC1_neuronbridge_best_rank_le_100,15.0,response_spikes,76.0,99.0,23.0,30.263157894736842,1
silence_aPN1,pC1_neuronbridge_best_rank_le_100,15.0,peak_rate_hz,12.666666666666666,18.666666666666668,6.000000000000002,47.3684210526316,1
silence_aPN1,pC1_neuronbridge_best_rank_le_100,15.0,evoked_spikes_per_neuron_per_pulse,0.12666666666666668,0.165,0.03833333333333333,30.26315789473684,1
silence_aPN1,pC1_type_all,25.0,response_spikes,1020.0,1235.0,215.0,21.07843137254902,1
silence_aPN1,pC1_type_all,25.0,peak_rate_hz,13.035714285714285,15.89285714285714,2.857142857142856,21.917808219178077,1
silence_aPN1,pC1_type_all,25.0,evoked_spikes_per_neuron_per_pulse,0.22767857142857142,0.27566964285714285,0.047991071428571425,21.07843137254902,1
silence_aPN1,pC1_fruDsx_nonmissing,25.0,response_spikes,1020.0,1235.0,215.0,21.07843137254902,1
silence_aPN1,pC1_fruDsx_nonmissing,25.0,peak_rate_hz,13.153153153153154,16.036036036036037,2.8828828828828836,21.917808219178085,1
silence_aPN1,pC1_fruDsx_nonmissing,25.0,evoked_spikes_per_neuron_per_pulse,0.22972972972972974,0.27815315315315314,0.0484234234234234,21.07843137254901,1
silence_aPN1,pC1_fruDsx_coexpress,25.0,response_spikes,417.0,526.0,109.0,26.139088729016787,1
silence_aPN1,pC1_fruDsx_coexpress,25.0,peak_rate_hz,10.307692307692308,11.692307692307692,1.3846153846153832,13.432835820895509,1
silence_aPN1,pC1_fruDsx_coexpress,25.0,evoked_spikes_per_neuron_per_pulse,0.16038461538461538,0.2023076923076923,0.041923076923076924,26.13908872901679,1
silence_aPN1,pC1_pMP_alias,25.0,response_spikes,417.0,526.0,109.0,26.139088729016787,1
silence_aPN1,pC1_pMP_alias,25.0,peak_rate_hz,10.634920634920634,12.063492063492063,1.4285714285714288,13.432835820895527,1
silence_aPN1,pC1_pMP_alias,25.0,evoked_spikes_per_neuron_per_pulse,0.16547619047619047,0.20873015873015874,0.04325396825396827,26.139088729016798,1
silence_aPN1,pC1_neuronbridge_any_hit,25.0,response_spikes,953.0,1151.0,198.0,20.776495278069255,1
silence_aPN1,pC1_neuronbridge_any_hit,25.0,peak_rate_hz,12.897196261682241,15.327102803738317,2.4299065420560755,18.840579710144937,1
silence_aPN1,pC1_neuronbridge_any_hit,25.0,evoked_spikes_per_neuron_per_pulse,0.22266355140186916,0.2689252336448598,0.046261682242990654,20.776495278069255,1
silence_aPN1,pC1_neuronbridge_best_rank_le_100,25.0,response_spikes,191.0,218.0,27.0,14.136125654450261,1
silence_aPN1,pC1_neuronbridge_best_rank_le_100,25.0,peak_rate_hz,20.666666666666668,22.666666666666668,2.0,9.67741935483871,1
silence_aPN1,pC1_neuronbridge_best_rank_le_100,25.0,evoked_spikes_per_neuron_per_pulse,0.31833333333333336,0.36333333333333334,0.044999999999999984,14.136125654450256,1
silence_aPN1,pC1_type_all,35.0,response_spikes,1735.0,1534.0,-201.0,-11.585014409221902,-1
silence_aPN1,pC1_type_all,35.0,peak_rate_hz,13.124999999999998,13.660714285714285,0.5357142857142865,4.081632653061231,1
silence_aPN1,pC1_type_all,35.0,evoked_spikes_per_neuron_per_pulse,0.3872767857142857,0.3424107142857143,-0.04486607142857141,-11.585014409221897,-1
silence_aPN1,pC1_fruDsx_nonmissing,35.0,response_spikes,1735.0,1534.0,-201.0,-11.585014409221902,-1
silence_aPN1,pC1_fruDsx_nonmissing,35.0,peak_rate_hz,13.243243243243244,13.783783783783784,0.5405405405405403,4.081632653061223,1
silence_aPN1,pC1_fruDsx_nonmissing,35.0,evoked_spikes_per_neuron_per_pulse,0.39076576576576577,0.3454954954954955,-0.04527027027027025,-11.585014409221898,-1
silence_aPN1,pC1_fruDsx_coexpress,35.0,response_spikes,639.0,580.0,-59.0,-9.23317683881064,-1
silence_aPN1,pC1_fruDsx_coexpress,35.0,peak_rate_hz,8.615384615384615,9.538461538461538,0.9230769230769234,10.714285714285719,1
silence_aPN1,pC1_fruDsx_coexpress,35.0,evoked_spikes_per_neuron_per_pulse,0.24576923076923077,0.2230769230769231,-0.02269230769230768,-9.233176838810635,-1
silence_aPN1,pC1_pMP_alias,35.0,response_spikes,639.0,580.0,-59.0,-9.23317683881064,-1
silence_aPN1,pC1_pMP_alias,35.0,peak_rate_hz,8.88888888888889,9.841269841269842,0.9523809523809526,10.714285714285715,1
silence_aPN1,pC1_pMP_alias,35.0,evoked_spikes_per_neuron_per_pulse,0.25357142857142856,0.23015873015873015,-0.023412698412698413,-9.233176838810643,-1
silence_aPN1,pC1_neuronbridge_any_hit,35.0,response_spikes,1522.0,1390.0,-132.0,-8.672798948751643,-1
silence_aPN1,pC1_neuronbridge_any_hit,35.0,peak_rate_hz,12.149532710280372,12.990654205607475,0.8411214953271031,6.923076923076926,1
silence_aPN1,pC1_neuronbridge_any_hit,35.0,evoked_spikes_per_neuron_per_pulse,0.355607476635514,0.3247663551401869,-0.030841121495327084,-8.672798948751637,-1
silence_aPN1,pC1_neuronbridge_best_rank_le_100,35.0,response_spikes,180.0,229.0,49.0,27.22222222222222,1
silence_aPN1,pC1_neuronbridge_best_rank_le_100,35.0,peak_rate_hz,11.333333333333334,14.666666666666666,3.333333333333332,29.41176470588234,1
silence_aPN1,pC1_neuronbridge_best_rank_le_100,35.0,evoked_spikes_per_neuron_per_pulse,0.3,0.38166666666666665,0.08166666666666667,27.22222222222222,1
silence_aPN1,pC1_type_all,45.0,response_spikes,1910.0,1610.0,-300.0,-15.706806282722512,-1
silence_aPN1,pC1_type_all,45.0,peak_rate_hz,14.107142857142856,14.285714285714285,0.17857142857142883,1.2658227848101284,1
silence_aPN1,pC1_type_all,45.0,evoked_spikes_per_neuron_per_pulse,0.4263392857142857,0.359375,-0.0669642857142857,-15.706806282722509,-1
silence_aPN1,pC1_fruDsx_nonmissing,45.0,response_spikes,1910.0,1610.0,-300.0,-15.706806282722512,-1
silence_aPN1,pC1_fruDsx_nonmissing,45.0,peak_rate_hz,14.234234234234235,14.414414414414415,0.18018018018018012,1.265822784810126,1
silence_aPN1,pC1_fruDsx_nonmissing,45.0,evoked_spikes_per_neuron_per_pulse,0.43018018018018017,0.36261261261261263,-0.06756756756756754,-15.706806282722507,-1
silence_aPN1,pC1_fruDsx_coexpress,45.0,response_spikes,704.0,589.0,-115.0,-16.335227272727273,-1
silence_aPN1,pC1_fruDsx_coexpress,45.0,peak_rate_hz,9.23076923076923,10.0,0.76923076923077,8.333333333333343,1
silence_aPN1,pC1_fruDsx_coexpress,45.0,evoked_spikes_per_neuron_per_pulse,0.27076923076923076,0.22653846153846155,-0.04423076923076921,-16.335227272727266,-1
silence_aPN1,pC1_pMP_alias,45.0,response_spikes,704.0,584.0,-120.0,-17.045454545454547,-1
silence_aPN1,pC1_pMP_alias,45.0,peak_rate_hz,9.523809523809524,10.317460317460318,0.7936507936507944,8.333333333333341,1
silence_aPN1,pC1_pMP_alias,45.0,evoked_spikes_per_neuron_per_pulse,0.27936507936507937,0.23174603174603176,-0.047619047619047616,-17.045454545454543,-1
silence_aPN1,pC1_neuronbridge_any_hit,45.0,response_spikes,1676.0,1449.0,-227.0,-13.544152744630072,-1
silence_aPN1,pC1_neuronbridge_any_hit,45.0,peak_rate_hz,12.897196261682241,13.36448598130841,0.4672897196261694,3.623188405797111,1
silence_aPN1,pC1_neuronbridge_any_hit,45.0,evoked_spikes_per_neuron_per_pulse,0.39158878504672895,0.3385514018691589,-0.05303738317757006,-13.544152744630065,-1
silence_aPN1,pC1_neuronbridge_best_rank_le_100,45.0,response_spikes,207.0,222.0,15.0,7.246376811594203,1
silence_aPN1,pC1_neuronbridge_best_rank_le_100,45.0,peak_rate_hz,13.333333333333334,15.333333333333334,2.0,15.0,1
silence_aPN1,pC1_neuronbridge_best_rank_le_100,45.0,evoked_spikes_per_neuron_per_pulse,0.345,0.37,0.025000000000000022,7.24637681159421,1
silence_aPN1,pC1_type_all,55.0,response_spikes,2125.0,1960.0,-165.0,-7.764705882352941,-1
silence_aPN1,pC1_type_all,55.0,peak_rate_hz,11.071428571428571,9.910714285714285,-1.1607142857142865,-10.483870967741941,-1
silence_aPN1,pC1_type_all,55.0,evoked_spikes_per_neuron_per_pulse,0.47433035714285715,0.4375,-0.03683035714285715,-7.764705882352943,-1
silence_aPN1,pC1_fruDsx_nonmissing,55.0,response_spikes,2125.0,1960.0,-165.0,-7.764705882352941,-1
silence_aPN1,pC1_fruDsx_nonmissing,55.0,peak_rate_hz,11.17117117117117,10.0,-1.1711711711711708,-10.483870967741932,-1
silence_aPN1,pC1_fruDsx_nonmissing,55.0,evoked_spikes_per_neuron_per_pulse,0.4786036036036036,0.44144144144144143,-0.03716216216216217,-7.764705882352943,-1
silence_aPN1,pC1_fruDsx_coexpress,55.0,response_spikes,855.0,792.0,-63.0,-7.368421052631579,-1
silence_aPN1,pC1_fruDsx_coexpress,55.0,peak_rate_hz,7.6923076923076925,7.6923076923076925,0.0,0.0,0
silence_aPN1,pC1_fruDsx_coexpress,55.0,evoked_spikes_per_neuron_per_pulse,0.32884615384615384,0.3046153846153846,-0.024230769230769222,-7.368421052631577,-1
silence_aPN1,pC1_pMP_alias,55.0,response_spikes,855.0,792.0,-63.0,-7.368421052631579,-1
silence_aPN1,pC1_pMP_alias,55.0,peak_rate_hz,7.936507936507937,7.936507936507937,0.0,0.0,0
silence_aPN1,pC1_pMP_alias,55.0,evoked_spikes_per_neuron_per_pulse,0.3392857142857143,0.3142857142857143,-0.025000000000000022,-7.368421052631585,-1
silence_aPN1,pC1_neuronbridge_any_hit,55.0,response_spikes,1865.0,1754.0,-111.0,-5.951742627345845,-1
silence_aPN1,pC1_neuronbridge_any_hit,55.0,peak_rate_hz,10.093457943925232,9.345794392523363,-0.7476635514018692,-7.40740740740741,-1
silence_aPN1,pC1_neuronbridge_any_hit,55.0,evoked_spikes_per_neuron_per_pulse,0.4357476635514019,0.4098130841121495,-0.02593457943925237,-5.951742627345852,-1
silence_aPN1,pC1_neuronbridge_best_rank_le_100,55.0,response_spikes,219.0,254.0,35.0,15.981735159817351,1
silence_aPN1,pC1_neuronbridge_best_rank_le_100,55.0,peak_rate_hz,11.333333333333334,10.0,-1.333333333333334,-11.764705882352946,-1
silence_aPN1,pC1_neuronbridge_best_rank_le_100,55.0,evoked_spikes_per_neuron_per_pulse,0.365,0.42333333333333334,0.05833333333333335,15.981735159817356,1
silence_aPN1,pC1_type_all,65.0,response_spikes,2326.0,2313.0,-13.0,-0.5588993981083406,-1
silence_aPN1,pC1_type_all,65.0,peak_rate_hz,12.142857142857142,12.410714285714285,0.26785714285714235,2.205882352941172,1
silence_aPN1,pC1_type_all,65.0,evoked_spikes_per_neuron_per_pulse,0.5191964285714286,0.5162946428571429,-0.0029017857142856762,-0.5588993981083332,-1
silence_aPN1,pC1_fruDsx_nonmissing,65.0,response_spikes,2326.0,2313.0,-13.0,-0.5588993981083406,-1
silence_aPN1,pC1_fruDsx_nonmissing,65.0,peak_rate_hz,12.252252252252253,12.522522522522523,0.2702702702702702,2.2058823529411753,1
silence_aPN1,pC1_fruDsx_nonmissing,65.0,evoked_spikes_per_neuron_per_pulse,0.5238738738738739,0.5209459459459459,-0.0029279279279279535,-0.5588993981083454,-1
silence_aPN1,pC1_fruDsx_coexpress,65.0,response_spikes,946.0,976.0,30.0,3.171247357293869,1
silence_aPN1,pC1_fruDsx_coexpress,65.0,peak_rate_hz,8.615384615384615,9.076923076923077,0.4615384615384617,5.357142857142859,1
silence_aPN1,pC1_fruDsx_coexpress,65.0,evoked_spikes_per_neuron_per_pulse,0.3638461538461538,0.37538461538461537,0.011538461538461553,3.1712473572938733,1
silence_aPN1,pC1_pMP_alias,65.0,response_spikes,946.0,975.0,29.0,3.06553911205074,1
silence_aPN1,pC1_pMP_alias,65.0,peak_rate_hz,8.88888888888889,9.365079365079366,0.4761904761904763,5.357142857142858,1
silence_aPN1,pC1_pMP_alias,65.0,evoked_spikes_per_neuron_per_pulse,0.3753968253968254,0.3869047619047619,0.011507936507936523,3.065539112050744,1
silence_aPN1,pC1_neuronbridge_any_hit,65.0,response_spikes,2055.0,2088.0,33.0,1.6058394160583942,1
silence_aPN1,pC1_neuronbridge_any_hit,65.0,peak_rate_hz,11.028037383177569,11.495327102803737,0.4672897196261676,4.237288135593215,1
silence_aPN1,pC1_neuronbridge_any_hit,65.0,evoked_spikes_per_neuron_per_pulse,0.48014018691588783,0.48785046728971965,0.007710280373831813,1.605839416058402,1
silence_aPN1,pC1_neuronbridge_best_rank_le_100,65.0,response_spikes,271.0,334.0,63.0,23.247232472324722,1
silence_aPN1,pC1_neuronbridge_best_rank_le_100,65.0,peak_rate_hz,10.666666666666666,14.0,3.333333333333334,31.250000000000004,1
silence_aPN1,pC1_neuronbridge_best_rank_le_100,65.0,evoked_spikes_per_neuron_per_pulse,0.45166666666666666,0.5566666666666666,0.10499999999999998,23.24723247232472,1
silence_aPN1,pC1_type_all,75.0,response_spikes,2308.0,2489.0,181.0,7.8422876949740035,1
silence_aPN1,pC1_type_all,75.0,peak_rate_hz,11.517857142857142,12.053571428571427,0.5357142857142847,4.651162790697666,1
silence_aPN1,pC1_type_all,75.0,evoked_spikes_per_neuron_per_pulse,0.5151785714285714,0.5555803571428571,0.040401785714285765,7.842287694974014,1
silence_aPN1,pC1_fruDsx_nonmissing,75.0,response_spikes,2308.0,2489.0,181.0,7.8422876949740035,1
silence_aPN1,pC1_fruDsx_nonmissing,75.0,peak_rate_hz,11.621621621621623,12.162162162162163,0.5405405405405403,4.651162790697672,1
silence_aPN1,pC1_fruDsx_nonmissing,75.0,evoked_spikes_per_neuron_per_pulse,0.5198198198198198,0.5605855855855856,0.04076576576576574,7.842287694973999,1
silence_aPN1,pC1_fruDsx_coexpress,75.0,response_spikes,935.0,1048.0,113.0,12.085561497326204,1
silence_aPN1,pC1_fruDsx_coexpress,75.0,peak_rate_hz,8.0,8.923076923076923,0.9230769230769234,11.538461538461542,1
silence_aPN1,pC1_fruDsx_coexpress,75.0,evoked_spikes_per_neuron_per_pulse,0.3596153846153846,0.40307692307692305,0.04346153846153844,12.085561497326198,1
silence_aPN1,pC1_pMP_alias,75.0,response_spikes,935.0,1048.0,113.0,12.085561497326204,1
silence_aPN1,pC1_pMP_alias,75.0,peak_rate_hz,8.253968253968255,9.206349206349207,0.9523809523809526,11.53846153846154,1
silence_aPN1,pC1_pMP_alias,75.0,evoked_spikes_per_neuron_per_pulse,0.37103174603174605,0.4158730158730159,0.04484126984126985,12.085561497326205,1
silence_aPN1,pC1_neuronbridge_any_hit,75.0,response_spikes,2044.0,2239.0,195.0,9.540117416829746,1
silence_aPN1,pC1_neuronbridge_any_hit,75.0,peak_rate_hz,10.467289719626168,11.30841121495327,0.8411214953271031,8.035714285714288,1
silence_aPN1,pC1_neuronbridge_any_hit,75.0,evoked_spikes_per_neuron_per_pulse,0.47757009345794393,0.5231308411214953,0.04556074766355139,9.540117416829743,1
silence_aPN1,pC1_neuronbridge_best_rank_le_100,75.0,response_spikes,273.0,355.0,82.0,30.036630036630036,1
silence_aPN1,pC1_neuronbridge_best_rank_le_100,75.0,peak_rate_hz,10.666666666666666,13.333333333333334,2.666666666666668,25.000000000000014,1
silence_aPN1,pC1_neuronbridge_best_rank_le_100,75.0,evoked_spikes_per_neuron_per_pulse,0.455,0.5916666666666667,0.13666666666666666,30.036630036630033,1
silence_aPN1,pC1_type_all,85.0,response_spikes,2180.0,2464.0,284.0,13.027522935779816,1
silence_aPN1,pC1_type_all,85.0,peak_rate_hz,11.607142857142856,11.696428571428571,0.0892857142857153,0.769230769230778,1
silence_aPN1,pC1_type_all,85.0,evoked_spikes_per_neuron_per_pulse,0.48660714285714285,0.55,0.0633928571428572,13.027522935779828,1
silence_aPN1,pC1_fruDsx_nonmissing,85.0,response_spikes,2180.0,2464.0,284.0,13.027522935779816,1
silence_aPN1,pC1_fruDsx_nonmissing,85.0,peak_rate_hz,11.711711711711713,11.801801801801803,0.09009009009009006,0.7692307692307688,1
silence_aPN1,pC1_fruDsx_nonmissing,85.0,evoked_spikes_per_neuron_per_pulse,0.49099099099099097,0.554954954954955,0.06396396396396398,13.02752293577982,1
silence_aPN1,pC1_fruDsx_coexpress,85.0,response_spikes,889.0,1029.0,140.0,15.748031496062993,1
silence_aPN1,pC1_fruDsx_coexpress,85.0,peak_rate_hz,8.307692307692308,8.461538461538462,0.1538461538461533,1.8518518518518452,1
silence_aPN1,pC1_fruDsx_coexpress,85.0,evoked_spikes_per_neuron_per_pulse,0.34192307692307694,0.39576923076923076,0.05384615384615382,15.748031496062985,1
silence_aPN1,pC1_pMP_alias,85.0,response_spikes,889.0,1029.0,140.0,15.748031496062993,1
silence_aPN1,pC1_pMP_alias,85.0,peak_rate_hz,8.571428571428571,8.730158730158731,0.15873015873015994,1.851851851851866,1
silence_aPN1,pC1_pMP_alias,85.0,evoked_spikes_per_neuron_per_pulse,0.3527777777777778,0.4083333333333333,0.055555555555555525,15.748031496062984,1
silence_aPN1,pC1_neuronbridge_any_hit,85.0,response_spikes,1936.0,2216.0,280.0,14.462809917355372,1
silence_aPN1,pC1_neuronbridge_any_hit,85.0,peak_rate_hz,10.560747663551401,10.934579439252335,0.37383177570093373,3.5398230088495497,1
silence_aPN1,pC1_neuronbridge_any_hit,85.0,evoked_spikes_per_neuron_per_pulse,0.4523364485981308,0.5177570093457944,0.06542056074766356,14.462809917355374,1
silence_aPN1,pC1_neuronbridge_best_rank_le_100,85.0,response_spikes,255.0,334.0,79.0,30.980392156862745,1
silence_aPN1,pC1_neuronbridge_best_rank_le_100,85.0,peak_rate_hz,12.0,12.666666666666666,0.6666666666666661,5.55555555555555,1
silence_aPN1,pC1_neuronbridge_best_rank_le_100,85.0,evoked_spikes_per_neuron_per_pulse,0.425,0.5566666666666666,0.13166666666666665,30.980392156862745,1
silence_aPN1,pC1_type_all,95.0,response_spikes,2238.0,2407.0,169.0,7.5513851653261845,1
silence_aPN1,pC1_type_all,95.0,peak_rate_hz,11.071428571428571,11.607142857142856,0.5357142857142847,4.838709677419346,1
silence_aPN1,pC1_type_all,95.0,evoked_spikes_per_neuron_per_pulse,0.49955357142857143,0.5372767857142857,0.03772321428571429,7.5513851653261845,1
silence_aPN1,pC1_fruDsx_nonmissing,95.0,response_spikes,2238.0,2407.0,169.0,7.5513851653261845,1
silence_aPN1,pC1_fruDsx_nonmissing,95.0,peak_rate_hz,11.17117117117117,11.711711711711713,0.5405405405405421,4.838709677419369,1
silence_aPN1,pC1_fruDsx_nonmissing,95.0,evoked_spikes_per_neuron_per_pulse,0.504054054054054,0.5421171171171171,0.03806306306306306,7.5513851653261845,1
silence_aPN1,pC1_fruDsx_coexpress,95.0,response_spikes,961.0,1006.0,45.0,4.682622268470343,1
silence_aPN1,pC1_fruDsx_coexpress,95.0,peak_rate_hz,8.307692307692308,8.461538461538462,0.1538461538461533,1.8518518518518452,1
silence_aPN1,pC1_fruDsx_coexpress,95.0,evoked_spikes_per_neuron_per_pulse,0.3696153846153846,0.3869230769230769,0.0173076923076923,4.682622268470341,1
silence_aPN1,pC1_pMP_alias,95.0,response_spikes,961.0,1005.0,44.0,4.578563995837669,1
silence_aPN1,pC1_pMP_alias,95.0,peak_rate_hz,8.571428571428571,8.730158730158731,0.15873015873015994,1.851851851851866,1
silence_aPN1,pC1_pMP_alias,95.0,evoked_spikes_per_neuron_per_pulse,0.3813492063492063,0.39880952380952384,0.01746031746031751,4.5785639958376825,1
silence_aPN1,pC1_neuronbridge_any_hit,95.0,response_spikes,2018.0,2175.0,157.0,7.7799801783944496,1
silence_aPN1,pC1_neuronbridge_any_hit,95.0,peak_rate_hz,10.373831775700934,11.121495327102803,0.7476635514018692,7.207207207207209,1
silence_aPN1,pC1_neuronbridge_any_hit,95.0,evoked_spikes_per_neuron_per_pulse,0.47149532710280373,0.508177570093458,0.03668224299065426,7.779980178394461,1
silence_aPN1,pC1_neuronbridge_best_rank_le_100,95.0,response_spikes,270.0,327.0,57.0,21.11111111111111,1
silence_aPN1,pC1_neuronbridge_best_rank_le_100,95.0,peak_rate_hz,10.0,13.333333333333334,3.333333333333334,33.333333333333336,1
silence_aPN1,pC1_neuronbridge_best_rank_le_100,95.0,evoked_spikes_per_neuron_per_pulse,0.45,0.545,0.09500000000000003,21.111111111111118,1
cut_vPN1_to_mAL_bridge,pC1_type_all,15.0,response_spikes,611.0,611.0,0.0,0.0,0
cut_vPN1_to_mAL_bridge,pC1_type_all,15.0,peak_rate_hz,11.160714285714285,11.160714285714285,0.0,0.0,0
cut_vPN1_to_mAL_bridge,pC1_type_all,15.0,evoked_spikes_per_neuron_per_pulse,0.13638392857142856,0.13638392857142856,0.0,0.0,0
cut_vPN1_to_mAL_bridge,pC1_fruDsx_nonmissing,15.0,response_spikes,611.0,611.0,0.0,0.0,0
cut_vPN1_to_mAL_bridge,pC1_fruDsx_nonmissing,15.0,peak_rate_hz,11.26126126126126,11.26126126126126,0.0,0.0,0
cut_vPN1_to_mAL_bridge,pC1_fruDsx_nonmissing,15.0,evoked_spikes_per_neuron_per_pulse,0.13761261261261262,0.13761261261261262,0.0,0.0,0
cut_vPN1_to_mAL_bridge,pC1_fruDsx_coexpress,15.0,response_spikes,289.0,289.0,0.0,0.0,0
cut_vPN1_to_mAL_bridge,pC1_fruDsx_coexpress,15.0,peak_rate_hz,9.692307692307692,9.692307692307692,0.0,0.0,0
cut_vPN1_to_mAL_bridge,pC1_fruDsx_coexpress,15.0,evoked_spikes_per_neuron_per_pulse,0.11115384615384616,0.11115384615384616,0.0,0.0,0
cut_vPN1_to_mAL_bridge,pC1_pMP_alias,15.0,response_spikes,289.0,289.0,0.0,0.0,0
cut_vPN1_to_mAL_bridge,pC1_pMP_alias,15.0,peak_rate_hz,10.0,10.0,0.0,0.0,0
cut_vPN1_to_mAL_bridge,pC1_pMP_alias,15.0,evoked_spikes_per_neuron_per_pulse,0.11468253968253968,0.11468253968253968,0.0,0.0,0
cut_vPN1_to_mAL_bridge,pC1_neuronbridge_any_hit,15.0,response_spikes,575.0,575.0,0.0,0.0,0
cut_vPN1_to_mAL_bridge,pC1_neuronbridge_any_hit,15.0,peak_rate_hz,11.214953271028037,11.214953271028037,0.0,0.0,0
cut_vPN1_to_mAL_bridge,pC1_neuronbridge_any_hit,15.0,evoked_spikes_per_neuron_per_pulse,0.13434579439252337,0.13434579439252337,0.0,0.0,0
cut_vPN1_to_mAL_bridge,pC1_neuronbridge_best_rank_le_100,15.0,response_spikes,76.0,76.0,0.0,0.0,0
cut_vPN1_to_mAL_bridge,pC1_neuronbridge_best_rank_le_100,15.0,peak_rate_hz,12.666666666666666,12.666666666666666,0.0,0.0,0
cut_vPN1_to_mAL_bridge,pC1_neuronbridge_best_rank_le_100,15.0,evoked_spikes_per_neuron_per_pulse,0.12666666666666668,0.12666666666666668,0.0,0.0,0
cut_vPN1_to_mAL_bridge,pC1_type_all,25.0,response_spikes,1020.0,1136.0,116.0,11.372549019607844,1
cut_vPN1_to_mAL_bridge,pC1_type_all,25.0,peak_rate_hz,13.035714285714285,14.107142857142856,1.0714285714285712,8.219178082191778,1
cut_vPN1_to_mAL_bridge,pC1_type_all,25.0,evoked_spikes_per_neuron_per_pulse,0.22767857142857142,0.25357142857142856,0.025892857142857134,11.37254901960784,1
cut_vPN1_to_mAL_bridge,pC1_fruDsx_nonmissing,25.0,response_spikes,1020.0,1136.0,116.0,11.372549019607844,1
cut_vPN1_to_mAL_bridge,pC1_fruDsx_nonmissing,25.0,peak_rate_hz,13.153153153153154,14.234234234234235,1.0810810810810807,8.219178082191778,1
cut_vPN1_to_mAL_bridge,pC1_fruDsx_nonmissing,25.0,evoked_spikes_per_neuron_per_pulse,0.22972972972972974,0.25585585585585585,0.02612612612612611,11.372549019607835,1
cut_vPN1_to_mAL_bridge,pC1_fruDsx_coexpress,25.0,response_spikes,417.0,450.0,33.0,7.913669064748201,1
cut_vPN1_to_mAL_bridge,pC1_fruDsx_coexpress,25.0,peak_rate_hz,10.307692307692308,11.23076923076923,0.9230769230769216,8.955223880597,1
cut_vPN1_to_mAL_bridge,pC1_fruDsx_coexpress,25.0,evoked_spikes_per_neuron_per_pulse,0.16038461538461538,0.17307692307692307,0.012692307692307697,7.913669064748205,1
cut_vPN1_to_mAL_bridge,pC1_pMP_alias,25.0,response_spikes,417.0,450.0,33.0,7.913669064748201,1
cut_vPN1_to_mAL_bridge,pC1_pMP_alias,25.0,peak_rate_hz,10.634920634920634,11.587301587301587,0.9523809523809526,8.955223880597018,1
cut_vPN1_to_mAL_bridge,pC1_pMP_alias,25.0,evoked_spikes_per_neuron_per_pulse,0.16547619047619047,0.17857142857142858,0.013095238095238104,7.913669064748207,1
cut_vPN1_to_mAL_bridge,pC1_neuronbridge_any_hit,25.0,response_spikes,953.0,1067.0,114.0,11.962224554039874,1
cut_vPN1_to_mAL_bridge,pC1_neuronbridge_any_hit,25.0,peak_rate_hz,12.897196261682241,13.831775700934578,0.934579439252337,7.246376811594208,1
cut_vPN1_to_mAL_bridge,pC1_neuronbridge_any_hit,25.0,evoked_spikes_per_neuron_per_pulse,0.22266355140186916,0.24929906542056074,0.026635514018691575,11.962224554039867,1
cut_vPN1_to_mAL_bridge,pC1_neuronbridge_best_rank_le_100,25.0,response_spikes,191.0,217.0,26.0,13.612565445026178,1
cut_vPN1_to_mAL_bridge,pC1_neuronbridge_best_rank_le_100,25.0,peak_rate_hz,20.666666666666668,21.333333333333332,0.6666666666666643,3.2258064516128915,1
cut_vPN1_to_mAL_bridge,pC1_neuronbridge_best_rank_le_100,25.0,evoked_spikes_per_neuron_per_pulse,0.31833333333333336,0.3616666666666667,0.043333333333333335,13.61256544502618,1
cut_vPN1_to_mAL_bridge,pC1_type_all,35.0,response_spikes,1735.0,1708.0,-27.0,-1.5561959654178674,-1
cut_vPN1_to_mAL_bridge,pC1_type_all,35.0,peak_rate_hz,13.124999999999998,13.124999999999998,0.0,0.0,0
cut_vPN1_to_mAL_bridge,pC1_type_all,35.0,evoked_spikes_per_neuron_per_pulse,0.3872767857142857,0.38125,-0.006026785714285721,-1.5561959654178692,-1
cut_vPN1_to_mAL_bridge,pC1_fruDsx_nonmissing,35.0,response_spikes,1735.0,1708.0,-27.0,-1.5561959654178674,-1
cut_vPN1_to_mAL_bridge,pC1_fruDsx_nonmissing,35.0,peak_rate_hz,13.243243243243244,13.243243243243244,0.0,0.0,0
cut_vPN1_to_mAL_bridge,pC1_fruDsx_nonmissing,35.0,evoked_spikes_per_neuron_per_pulse,0.39076576576576577,0.3846846846846847,-0.0060810810810810745,-1.5561959654178656,-1
cut_vPN1_to_mAL_bridge,pC1_fruDsx_coexpress,35.0,response_spikes,639.0,637.0,-2.0,-0.3129890453834116,-1
cut_vPN1_to_mAL_bridge,pC1_fruDsx_coexpress,35.0,peak_rate_hz,8.615384615384615,8.615384615384615,0.0,0.0,0
cut_vPN1_to_mAL_bridge,pC1_fruDsx_coexpress,35.0,evoked_spikes_per_neuron_per_pulse,0.24576923076923077,0.245,-0.000769230769230772,-0.3129890453834127,-1
cut_vPN1_to_mAL_bridge,pC1_pMP_alias,35.0,response_spikes,639.0,637.0,-2.0,-0.3129890453834116,-1
cut_vPN1_to_mAL_bridge,pC1_pMP_alias,35.0,peak_rate_hz,8.88888888888889,8.88888888888889,0.0,0.0,0
cut_vPN1_to_mAL_bridge,pC1_pMP_alias,35.0,evoked_spikes_per_neuron_per_pulse,0.25357142857142856,0.25277777777777777,-0.0007936507936507908,-0.3129890453834105,-1
cut_vPN1_to_mAL_bridge,pC1_neuronbridge_any_hit,35.0,response_spikes,1522.0,1503.0,-19.0,-1.2483574244415243,-1
cut_vPN1_to_mAL_bridge,pC1_neuronbridge_any_hit,35.0,peak_rate_hz,12.149532710280372,12.149532710280372,0.0,0.0,0
cut_vPN1_to_mAL_bridge,pC1_neuronbridge_any_hit,35.0,evoked_spikes_per_neuron_per_pulse,0.355607476635514,0.3511682242990654,-0.004439252336448596,-1.2483574244415236,-1
cut_vPN1_to_mAL_bridge,pC1_neuronbridge_best_rank_le_100,35.0,response_spikes,180.0,171.0,-9.0,-5.0,-1
cut_vPN1_to_mAL_bridge,pC1_neuronbridge_best_rank_le_100,35.0,peak_rate_hz,11.333333333333334,11.333333333333334,0.0,0.0,0
cut_vPN1_to_mAL_bridge,pC1_neuronbridge_best_rank_le_100,35.0,evoked_spikes_per_neuron_per_pulse,0.3,0.285,-0.015000000000000013,-5.000000000000004,-1
cut_vPN1_to_mAL_bridge,pC1_type_all,45.0,response_spikes,1910.0,1895.0,-15.0,-0.7853403141361257,-1
cut_vPN1_to_mAL_bridge,pC1_type_all,45.0,peak_rate_hz,14.107142857142856,14.464285714285714,0.35714285714285765,2.531645569620257,1
cut_vPN1_to_mAL_bridge,pC1_type_all,45.0,evoked_spikes_per_neuron_per_pulse,0.4263392857142857,0.42299107142857145,-0.003348214285714246,-0.7853403141361164,-1
cut_vPN1_to_mAL_bridge,pC1_fruDsx_nonmissing,45.0,response_spikes,1910.0,1895.0,-15.0,-0.7853403141361257,-1
cut_vPN1_to_mAL_bridge,pC1_fruDsx_nonmissing,45.0,peak_rate_hz,14.234234234234235,14.594594594594595,0.36036036036036023,2.531645569620252,1
cut_vPN1_to_mAL_bridge,pC1_fruDsx_nonmissing,45.0,evoked_spikes_per_neuron_per_pulse,0.43018018018018017,0.42680180180180183,-0.003378378378378344,-0.7853403141361176,-1
cut_vPN1_to_mAL_bridge,pC1_fruDsx_coexpress,45.0,response_spikes,704.0,710.0,6.0,0.8522727272727273,1
cut_vPN1_to_mAL_bridge,pC1_fruDsx_coexpress,45.0,peak_rate_hz,9.23076923076923,9.846153846153847,0.6153846153846168,6.666666666666682,1
cut_vPN1_to_mAL_bridge,pC1_fruDsx_coexpress,45.0,evoked_spikes_per_neuron_per_pulse,0.27076923076923076,0.27307692307692305,0.0023076923076922884,0.8522727272727202,1
cut_vPN1_to_mAL_bridge,pC1_pMP_alias,45.0,response_spikes,704.0,709.0,5.0,0.7102272727272727,1
cut_vPN1_to_mAL_bridge,pC1_pMP_alias,45.0,peak_rate_hz,9.523809523809524,10.158730158730158,0.6349206349206344,6.666666666666662,1
cut_vPN1_to_mAL_bridge,pC1_pMP_alias,45.0,evoked_spikes_per_neuron_per_pulse,0.27936507936507937,0.28134920634920635,0.001984126984126977,0.7102272727272702,1
cut_vPN1_to_mAL_bridge,pC1_neuronbridge_any_hit,45.0,response_spikes,1676.0,1674.0,-2.0,-0.11933174224343675,-1
cut_vPN1_to_mAL_bridge,pC1_neuronbridge_any_hit,45.0,peak_rate_hz,12.897196261682241,13.457943925233643,0.5607476635514015,4.34782608695652,1
cut_vPN1_to_mAL_bridge,pC1_neuronbridge_any_hit,45.0,evoked_spikes_per_neuron_per_pulse,0.39158878504672895,0.39112149532710283,-0.0004672897196261183,-0.11933174224342402,-1
cut_vPN1_to_mAL_bridge,pC1_neuronbridge_best_rank_le_100,45.0,response_spikes,207.0,215.0,8.0,3.864734299516908,1
cut_vPN1_to_mAL_bridge,pC1_neuronbridge_best_rank_le_100,45.0,peak_rate_hz,13.333333333333334,14.0,0.6666666666666661,4.999999999999995,1
cut_vPN1_to_mAL_bridge,pC1_neuronbridge_best_rank_le_100,45.0,evoked_spikes_per_neuron_per_pulse,0.345,0.35833333333333334,0.013333333333333364,3.8647342995169174,1
cut_vPN1_to_mAL_bridge,pC1_type_all,55.0,response_spikes,2125.0,2103.0,-22.0,-1.035294117647059,-1
cut_vPN1_to_mAL_bridge,pC1_type_all,55.0,peak_rate_hz,11.071428571428571,11.071428571428571,0.0,0.0,0
cut_vPN1_to_mAL_bridge,pC1_type_all,55.0,evoked_spikes_per_neuron_per_pulse,0.47433035714285715,0.4694196428571429,-0.004910714285714268,-1.0352941176470551,-1
cut_vPN1_to_mAL_bridge,pC1_fruDsx_nonmissing,55.0,response_spikes,2125.0,2103.0,-22.0,-1.035294117647059,-1
cut_vPN1_to_mAL_bridge,pC1_fruDsx_nonmissing,55.0,peak_rate_hz,11.17117117117117,11.17117117117117,0.0,0.0,0
cut_vPN1_to_mAL_bridge,pC1_fruDsx_nonmissing,55.0,evoked_spikes_per_neuron_per_pulse,0.4786036036036036,0.47364864864864864,-0.00495495495495496,-1.0352941176470598,-1
cut_vPN1_to_mAL_bridge,pC1_fruDsx_coexpress,55.0,response_spikes,855.0,832.0,-23.0,-2.690058479532164,-1
cut_vPN1_to_mAL_bridge,pC1_fruDsx_coexpress,55.0,peak_rate_hz,7.6923076923076925,7.6923076923076925,0.0,0.0,0
cut_vPN1_to_mAL_bridge,pC1_fruDsx_coexpress,55.0,evoked_spikes_per_neuron_per_pulse,0.32884615384615384,0.32,-0.008846153846153837,-2.690058479532161,-1
cut_vPN1_to_mAL_bridge,pC1_pMP_alias,55.0,response_spikes,855.0,832.0,-23.0,-2.690058479532164,-1
cut_vPN1_to_mAL_bridge,pC1_pMP_alias,55.0,peak_rate_hz,7.936507936507937,7.936507936507937,0.0,0.0,0
cut_vPN1_to_mAL_bridge,pC1_pMP_alias,55.0,evoked_spikes_per_neuron_per_pulse,0.3392857142857143,0.33015873015873015,-0.00912698412698415,-2.6900584795321705,-1
cut_vPN1_to_mAL_bridge,pC1_neuronbridge_any_hit,55.0,response_spikes,1865.0,1854.0,-11.0,-0.5898123324396782,-1
cut_vPN1_to_mAL_bridge,pC1_neuronbridge_any_hit,55.0,peak_rate_hz,10.093457943925232,10.093457943925232,0.0,0.0,0
cut_vPN1_to_mAL_bridge,pC1_neuronbridge_any_hit,55.0,evoked_spikes_per_neuron_per_pulse,0.4357476635514019,0.4331775700934579,-0.002570093457943956,-0.5898123324396853,-1
cut_vPN1_to_mAL_bridge,pC1_neuronbridge_best_rank_le_100,55.0,response_spikes,219.0,204.0,-15.0,-6.8493150684931505,-1
cut_vPN1_to_mAL_bridge,pC1_neuronbridge_best_rank_le_100,55.0,peak_rate_hz,11.333333333333334,10.666666666666666,-0.6666666666666679,-5.882352941176481,-1
cut_vPN1_to_mAL_bridge,pC1_neuronbridge_best_rank_le_100,55.0,evoked_spikes_per_neuron_per_pulse,0.365,0.34,-0.024999999999999967,-6.849315068493141,-1
cut_vPN1_to_mAL_bridge,pC1_type_all,65.0,response_spikes,2326.0,2326.0,0.0,0.0,0
cut_vPN1_to_mAL_bridge,pC1_type_all,65.0,peak_rate_hz,12.142857142857142,12.142857142857142,0.0,0.0,0
cut_vPN1_to_mAL_bridge,pC1_type_all,65.0,evoked_spikes_per_neuron_per_pulse,0.5191964285714286,0.5191964285714286,0.0,0.0,0
cut_vPN1_to_mAL_bridge,pC1_fruDsx_nonmissing,65.0,response_spikes,2326.0,2326.0,0.0,0.0,0
cut_vPN1_to_mAL_bridge,pC1_fruDsx_nonmissing,65.0,peak_rate_hz,12.252252252252253,12.252252252252253,0.0,0.0,0
cut_vPN1_to_mAL_bridge,pC1_fruDsx_nonmissing,65.0,evoked_spikes_per_neuron_per_pulse,0.5238738738738739,0.5238738738738739,0.0,0.0,0
cut_vPN1_to_mAL_bridge,pC1_fruDsx_coexpress,65.0,response_spikes,946.0,946.0,0.0,0.0,0
cut_vPN1_to_mAL_bridge,pC1_fruDsx_coexpress,65.0,peak_rate_hz,8.615384615384615,8.615384615384615,0.0,0.0,0
cut_vPN1_to_mAL_bridge,pC1_fruDsx_coexpress,65.0,evoked_spikes_per_neuron_per_pulse,0.3638461538461538,0.3638461538461538,0.0,0.0,0
cut_vPN1_to_mAL_bridge,pC1_pMP_alias,65.0,response_spikes,946.0,946.0,0.0,0.0,0
cut_vPN1_to_mAL_bridge,pC1_pMP_alias,65.0,peak_rate_hz,8.88888888888889,8.88888888888889,0.0,0.0,0
cut_vPN1_to_mAL_bridge,pC1_pMP_alias,65.0,evoked_spikes_per_neuron_per_pulse,0.3753968253968254,0.3753968253968254,0.0,0.0,0
cut_vPN1_to_mAL_bridge,pC1_neuronbridge_any_hit,65.0,response_spikes,2055.0,2055.0,0.0,0.0,0
cut_vPN1_to_mAL_bridge,pC1_neuronbridge_any_hit,65.0,peak_rate_hz,11.028037383177569,11.028037383177569,0.0,0.0,0
cut_vPN1_to_mAL_bridge,pC1_neuronbridge_any_hit,65.0,evoked_spikes_per_neuron_per_pulse,0.48014018691588783,0.48014018691588783,0.0,0.0,0
cut_vPN1_to_mAL_bridge,pC1_neuronbridge_best_rank_le_100,65.0,response_spikes,271.0,271.0,0.0,0.0,0
cut_vPN1_to_mAL_bridge,pC1_neuronbridge_best_rank_le_100,65.0,peak_rate_hz,10.666666666666666,10.666666666666666,0.0,0.0,0
cut_vPN1_to_mAL_bridge,pC1_neuronbridge_best_rank_le_100,65.0,evoked_spikes_per_neuron_per_pulse,0.45166666666666666,0.45166666666666666,0.0,0.0,0
cut_vPN1_to_mAL_bridge,pC1_type_all,75.0,response_spikes,2308.0,2308.0,0.0,0.0,0
cut_vPN1_to_mAL_bridge,pC1_type_all,75.0,peak_rate_hz,11.517857142857142,11.517857142857142,0.0,0.0,0
cut_vPN1_to_mAL_bridge,pC1_type_all,75.0,evoked_spikes_per_neuron_per_pulse,0.5151785714285714,0.5151785714285714,0.0,0.0,0
cut_vPN1_to_mAL_bridge,pC1_fruDsx_nonmissing,75.0,response_spikes,2308.0,2308.0,0.0,0.0,0
cut_vPN1_to_mAL_bridge,pC1_fruDsx_nonmissing,75.0,peak_rate_hz,11.621621621621623,11.621621621621623,0.0,0.0,0
cut_vPN1_to_mAL_bridge,pC1_fruDsx_nonmissing,75.0,evoked_spikes_per_neuron_per_pulse,0.5198198198198198,0.5198198198198198,0.0,0.0,0
cut_vPN1_to_mAL_bridge,pC1_fruDsx_coexpress,75.0,response_spikes,935.0,935.0,0.0,0.0,0
cut_vPN1_to_mAL_bridge,pC1_fruDsx_coexpress,75.0,peak_rate_hz,8.0,8.0,0.0,0.0,0
cut_vPN1_to_mAL_bridge,pC1_fruDsx_coexpress,75.0,evoked_spikes_per_neuron_per_pulse,0.3596153846153846,0.3596153846153846,0.0,0.0,0
cut_vPN1_to_mAL_bridge,pC1_pMP_alias,75.0,response_spikes,935.0,935.0,0.0,0.0,0
cut_vPN1_to_mAL_bridge,pC1_pMP_alias,75.0,peak_rate_hz,8.253968253968255,8.253968253968255,0.0,0.0,0
cut_vPN1_to_mAL_bridge,pC1_pMP_alias,75.0,evoked_spikes_per_neuron_per_pulse,0.37103174603174605,0.37103174603174605,0.0,0.0,0
cut_vPN1_to_mAL_bridge,pC1_neuronbridge_any_hit,75.0,response_spikes,2044.0,2044.0,0.0,0.0,0
cut_vPN1_to_mAL_bridge,pC1_neuronbridge_any_hit,75.0,peak_rate_hz,10.467289719626168,10.467289719626168,0.0,0.0,0
cut_vPN1_to_mAL_bridge,pC1_neuronbridge_any_hit,75.0,evoked_spikes_per_neuron_per_pulse,0.47757009345794393,0.47757009345794393,0.0,0.0,0
cut_vPN1_to_mAL_bridge,pC1_neuronbridge_best_rank_le_100,75.0,response_spikes,273.0,273.0,0.0,0.0,0
cut_vPN1_to_mAL_bridge,pC1_neuronbridge_best_rank_le_100,75.0,peak_rate_hz,10.666666666666666,10.666666666666666,0.0,0.0,0
cut_vPN1_to_mAL_bridge,pC1_neuronbridge_best_rank_le_100,75.0,evoked_spikes_per_neuron_per_pulse,0.455,0.455,0.0,0.0,0
cut_vPN1_to_mAL_bridge,pC1_type_all,85.0,response_spikes,2180.0,2180.0,0.0,0.0,0
cut_vPN1_to_mAL_bridge,pC1_type_all,85.0,peak_rate_hz,11.607142857142856,11.607142857142856,0.0,0.0,0
cut_vPN1_to_mAL_bridge,pC1_type_all,85.0,evoked_spikes_per_neuron_per_pulse,0.48660714285714285,0.48660714285714285,0.0,0.0,0
cut_vPN1_to_mAL_bridge,pC1_fruDsx_nonmissing,85.0,response_spikes,2180.0,2180.0,0.0,0.0,0
cut_vPN1_to_mAL_bridge,pC1_fruDsx_nonmissing,85.0,peak_rate_hz,11.711711711711713,11.711711711711713,0.0,0.0,0
cut_vPN1_to_mAL_bridge,pC1_fruDsx_nonmissing,85.0,evoked_spikes_per_neuron_per_pulse,0.49099099099099097,0.49099099099099097,0.0,0.0,0
cut_vPN1_to_mAL_bridge,pC1_fruDsx_coexpress,85.0,response_spikes,889.0,889.0,0.0,0.0,0
cut_vPN1_to_mAL_bridge,pC1_fruDsx_coexpress,85.0,peak_rate_hz,8.307692307692308,8.307692307692308,0.0,0.0,0
cut_vPN1_to_mAL_bridge,pC1_fruDsx_coexpress,85.0,evoked_spikes_per_neuron_per_pulse,0.34192307692307694,0.34192307692307694,0.0,0.0,0
cut_vPN1_to_mAL_bridge,pC1_pMP_alias,85.0,response_spikes,889.0,889.0,0.0,0.0,0
cut_vPN1_to_mAL_bridge,pC1_pMP_alias,85.0,peak_rate_hz,8.571428571428571,8.571428571428571,0.0,0.0,0
cut_vPN1_to_mAL_bridge,pC1_pMP_alias,85.0,evoked_spikes_per_neuron_per_pulse,0.3527777777777778,0.3527777777777778,0.0,0.0,0
cut_vPN1_to_mAL_bridge,pC1_neuronbridge_any_hit,85.0,response_spikes,1936.0,1936.0,0.0,0.0,0
cut_vPN1_to_mAL_bridge,pC1_neuronbridge_any_hit,85.0,peak_rate_hz,10.560747663551401,10.560747663551401,0.0,0.0,0
cut_vPN1_to_mAL_bridge,pC1_neuronbridge_any_hit,85.0,evoked_spikes_per_neuron_per_pulse,0.4523364485981308,0.4523364485981308,0.0,0.0,0
cut_vPN1_to_mAL_bridge,pC1_neuronbridge_best_rank_le_100,85.0,response_spikes,255.0,255.0,0.0,0.0,0
cut_vPN1_to_mAL_bridge,pC1_neuronbridge_best_rank_le_100,85.0,peak_rate_hz,12.0,12.0,0.0,0.0,0
cut_vPN1_to_mAL_bridge,pC1_neuronbridge_best_rank_le_100,85.0,evoked_spikes_per_neuron_per_pulse,0.425,0.425,0.0,0.0,0
cut_vPN1_to_mAL_bridge,pC1_type_all,95.0,response_spikes,2238.0,2132.0,-106.0,-4.736371760500447,-1
cut_vPN1_to_mAL_bridge,pC1_type_all,95.0,peak_rate_hz,11.071428571428571,11.339285714285714,0.26785714285714235,2.419354838709673,1
cut_vPN1_to_mAL_bridge,pC1_type_all,95.0,evoked_spikes_per_neuron_per_pulse,0.49955357142857143,0.4758928571428571,-0.023660714285714313,-4.736371760500453,-1
cut_vPN1_to_mAL_bridge,pC1_fruDsx_nonmissing,95.0,response_spikes,2238.0,2132.0,-106.0,-4.736371760500447,-1
cut_vPN1_to_mAL_bridge,pC1_fruDsx_nonmissing,95.0,peak_rate_hz,11.17117117117117,11.441441441441441,0.2702702702702702,2.4193548387096766,1
cut_vPN1_to_mAL_bridge,pC1_fruDsx_nonmissing,95.0,evoked_spikes_per_neuron_per_pulse,0.504054054054054,0.48018018018018016,-0.023873873873873852,-4.736371760500443,-1
cut_vPN1_to_mAL_bridge,pC1_fruDsx_coexpress,95.0,response_spikes,961.0,898.0,-63.0,-6.555671175858481,-1
cut_vPN1_to_mAL_bridge,pC1_fruDsx_coexpress,95.0,peak_rate_hz,8.307692307692308,8.153846153846153,-0.15384615384615508,-1.8518518518518665,-1
cut_vPN1_to_mAL_bridge,pC1_fruDsx_coexpress,95.0,evoked_spikes_per_neuron_per_pulse,0.3696153846153846,0.3453846153846154,-0.024230769230769222,-6.555671175858479,-1
cut_vPN1_to_mAL_bridge,pC1_pMP_alias,95.0,response_spikes,961.0,898.0,-63.0,-6.555671175858481,-1
cut_vPN1_to_mAL_bridge,pC1_pMP_alias,95.0,peak_rate_hz,8.571428571428571,8.412698412698413,-0.15873015873015817,-1.8518518518518454,-1
cut_vPN1_to_mAL_bridge,pC1_pMP_alias,95.0,evoked_spikes_per_neuron_per_pulse,0.3813492063492063,0.35634920634920636,-0.024999999999999967,-6.555671175858472,-1
cut_vPN1_to_mAL_bridge,pC1_neuronbridge_any_hit,95.0,response_spikes,2018.0,1920.0,-98.0,-4.856293359762141,-1
cut_vPN1_to_mAL_bridge,pC1_neuronbridge_any_hit,95.0,peak_rate_hz,10.373831775700934,10.467289719626168,0.09345794392523388,0.9009009009009032,1
cut_vPN1_to_mAL_bridge,pC1_neuronbridge_any_hit,95.0,evoked_spikes_per_neuron_per_pulse,0.47149532710280373,0.4485981308411215,-0.02289719626168224,-4.85629335976214,-1
cut_vPN1_to_mAL_bridge,pC1_neuronbridge_best_rank_le_100,95.0,response_spikes,270.0,267.0,-3.0,-1.1111111111111112,-1
cut_vPN1_to_mAL_bridge,pC1_neuronbridge_best_rank_le_100,95.0,peak_rate_hz,10.0,12.0,2.0,20.0,1
cut_vPN1_to_mAL_bridge,pC1_neuronbridge_best_rank_le_100,95.0,evoked_spikes_per_neuron_per_pulse,0.45,0.445,-0.0050000000000000044,-1.111111111111112,-1
cut_mAL_bridge_to_pC1,pC1_type_all,15.0,response_spikes,611.0,504.0,-107.0,-17.51227495908347,-1
cut_mAL_bridge_to_pC1,pC1_type_all,15.0,peak_rate_hz,11.160714285714285,10.803571428571427,-0.35714285714285765,-3.2000000000000046,-1
cut_mAL_bridge_to_pC1,pC1_type_all,15.0,evoked_spikes_per_neuron_per_pulse,0.13638392857142856,0.1125,-0.023883928571428556,-17.51227495908346,-1
cut_mAL_bridge_to_pC1,pC1_fruDsx_nonmissing,15.0,response_spikes,611.0,504.0,-107.0,-17.51227495908347,-1
cut_mAL_bridge_to_pC1,pC1_fruDsx_nonmissing,15.0,peak_rate_hz,11.26126126126126,10.9009009009009,-0.36036036036036023,-3.199999999999999,-1
cut_mAL_bridge_to_pC1,pC1_fruDsx_nonmissing,15.0,evoked_spikes_per_neuron_per_pulse,0.13761261261261262,0.11351351351351352,-0.024099099099099103,-17.512274959083474,-1
cut_mAL_bridge_to_pC1,pC1_fruDsx_coexpress,15.0,response_spikes,289.0,226.0,-63.0,-21.79930795847751,-1
cut_mAL_bridge_to_pC1,pC1_fruDsx_coexpress,15.0,peak_rate_hz,9.692307692307692,8.0,-1.6923076923076916,-17.460317460317455,-1
cut_mAL_bridge_to_pC1,pC1_fruDsx_coexpress,15.0,evoked_spikes_per_neuron_per_pulse,0.11115384615384616,0.08692307692307692,-0.024230769230769236,-21.799307958477513,-1
cut_mAL_bridge_to_pC1,pC1_pMP_alias,15.0,response_spikes,289.0,225.0,-64.0,-22.14532871972318,-1
cut_mAL_bridge_to_pC1,pC1_pMP_alias,15.0,peak_rate_hz,10.0,8.253968253968255,-1.7460317460317452,-17.46031746031745,-1
cut_mAL_bridge_to_pC1,pC1_pMP_alias,15.0,evoked_spikes_per_neuron_per_pulse,0.11468253968253968,0.08928571428571429,-0.02539682539682539,-22.145328719723178,-1
cut_mAL_bridge_to_pC1,pC1_neuronbridge_any_hit,15.0,response_spikes,575.0,481.0,-94.0,-16.347826086956523,-1
cut_mAL_bridge_to_pC1,pC1_neuronbridge_any_hit,15.0,peak_rate_hz,11.214953271028037,10.373831775700934,-0.8411214953271031,-7.500000000000003,-1
cut_mAL_bridge_to_pC1,pC1_neuronbridge_any_hit,15.0,evoked_spikes_per_neuron_per_pulse,0.13434579439252337,0.11238317757009346,-0.021962616822429906,-16.347826086956523,-1
cut_mAL_bridge_to_pC1,pC1_neuronbridge_best_rank_le_100,15.0,response_spikes,76.0,76.0,0.0,0.0,0
cut_mAL_bridge_to_pC1,pC1_neuronbridge_best_rank_le_100,15.0,peak_rate_hz,12.666666666666666,13.333333333333334,0.6666666666666679,5.263157894736851,1
cut_mAL_bridge_to_pC1,pC1_neuronbridge_best_rank_le_100,15.0,evoked_spikes_per_neuron_per_pulse,0.12666666666666668,0.12666666666666668,0.0,0.0,0
cut_mAL_bridge_to_pC1,pC1_type_all,25.0,response_spikes,1020.0,1213.0,193.0,18.92156862745098,1
cut_mAL_bridge_to_pC1,pC1_type_all,25.0,peak_rate_hz,13.035714285714285,12.94642857142857,-0.0892857142857153,-0.6849315068493229,-1
cut_mAL_bridge_to_pC1,pC1_type_all,25.0,evoked_spikes_per_neuron_per_pulse,0.22767857142857142,0.2707589285714286,0.043080357142857156,18.921568627450984,1
cut_mAL_bridge_to_pC1,pC1_fruDsx_nonmissing,25.0,response_spikes,1020.0,1213.0,193.0,18.92156862745098,1
cut_mAL_bridge_to_pC1,pC1_fruDsx_nonmissing,25.0,peak_rate_hz,13.153153153153154,13.063063063063064,-0.09009009009009006,-0.6849315068493148,-1
cut_mAL_bridge_to_pC1,pC1_fruDsx_nonmissing,25.0,evoked_spikes_per_neuron_per_pulse,0.22972972972972974,0.2731981981981982,0.04346846846846844,18.92156862745097,1
cut_mAL_bridge_to_pC1,pC1_fruDsx_coexpress,25.0,response_spikes,417.0,506.0,89.0,21.34292565947242,1
cut_mAL_bridge_to_pC1,pC1_fruDsx_coexpress,25.0,peak_rate_hz,10.307692307692308,10.923076923076923,0.615384615384615,5.970149253731339,1
cut_mAL_bridge_to_pC1,pC1_fruDsx_coexpress,25.0,evoked_spikes_per_neuron_per_pulse,0.16038461538461538,0.1946153846153846,0.03423076923076923,21.342925659472424,1
cut_mAL_bridge_to_pC1,pC1_pMP_alias,25.0,response_spikes,417.0,506.0,89.0,21.34292565947242,1
cut_mAL_bridge_to_pC1,pC1_pMP_alias,25.0,peak_rate_hz,10.634920634920634,11.26984126984127,0.6349206349206362,5.970149253731356,1
cut_mAL_bridge_to_pC1,pC1_pMP_alias,25.0,evoked_spikes_per_neuron_per_pulse,0.16547619047619047,0.2007936507936508,0.03531746031746033,21.34292565947243,1
cut_mAL_bridge_to_pC1,pC1_neuronbridge_any_hit,25.0,response_spikes,953.0,1131.0,178.0,18.677859391395593,1
cut_mAL_bridge_to_pC1,pC1_neuronbridge_any_hit,25.0,peak_rate_hz,12.897196261682241,12.616822429906541,-0.28037383177569986,-2.1739130434782528,-1
cut_mAL_bridge_to_pC1,pC1_neuronbridge_any_hit,25.0,evoked_spikes_per_neuron_per_pulse,0.22266355140186916,0.26425233644859814,0.04158878504672897,18.67785939139559,1
cut_mAL_bridge_to_pC1,pC1_neuronbridge_best_rank_le_100,25.0,response_spikes,191.0,248.0,57.0,29.842931937172775,1
cut_mAL_bridge_to_pC1,pC1_neuronbridge_best_rank_le_100,25.0,peak_rate_hz,20.666666666666668,22.666666666666668,2.0,9.67741935483871,1
cut_mAL_bridge_to_pC1,pC1_neuronbridge_best_rank_le_100,25.0,evoked_spikes_per_neuron_per_pulse,0.31833333333333336,0.41333333333333333,0.09499999999999997,29.84293193717276,1
cut_mAL_bridge_to_pC1,pC1_type_all,35.0,response_spikes,1735.0,1548.0,-187.0,-10.778097982708934,-1
cut_mAL_bridge_to_pC1,pC1_type_all,35.0,peak_rate_hz,13.124999999999998,12.767857142857142,-0.3571428571428559,-2.7210884353741402,-1
cut_mAL_bridge_to_pC1,pC1_type_all,35.0,evoked_spikes_per_neuron_per_pulse,0.3872767857142857,0.3455357142857143,-0.04174107142857142,-10.778097982708934,-1
cut_mAL_bridge_to_pC1,pC1_fruDsx_nonmissing,35.0,response_spikes,1735.0,1548.0,-187.0,-10.778097982708934,-1
cut_mAL_bridge_to_pC1,pC1_fruDsx_nonmissing,35.0,peak_rate_hz,13.243243243243244,12.882882882882884,-0.36036036036036023,-2.7210884353741487,-1
cut_mAL_bridge_to_pC1,pC1_fruDsx_nonmissing,35.0,evoked_spikes_per_neuron_per_pulse,0.39076576576576577,0.34864864864864864,-0.04211711711711713,-10.778097982708937,-1
cut_mAL_bridge_to_pC1,pC1_fruDsx_coexpress,35.0,response_spikes,639.0,601.0,-38.0,-5.94679186228482,-1
cut_mAL_bridge_to_pC1,pC1_fruDsx_coexpress,35.0,peak_rate_hz,8.615384615384615,9.538461538461538,0.9230769230769234,10.714285714285719,1
cut_mAL_bridge_to_pC1,pC1_fruDsx_coexpress,35.0,evoked_spikes_per_neuron_per_pulse,0.24576923076923077,0.23115384615384615,-0.014615384615384613,-5.946791862284819,-1
cut_mAL_bridge_to_pC1,pC1_pMP_alias,35.0,response_spikes,639.0,601.0,-38.0,-5.94679186228482,-1
cut_mAL_bridge_to_pC1,pC1_pMP_alias,35.0,peak_rate_hz,8.88888888888889,9.841269841269842,0.9523809523809526,10.714285714285715,1
cut_mAL_bridge_to_pC1,pC1_pMP_alias,35.0,evoked_spikes_per_neuron_per_pulse,0.25357142857142856,0.2384920634920635,-0.015079365079365054,-5.94679186228481,-1
cut_mAL_bridge_to_pC1,pC1_neuronbridge_any_hit,35.0,response_spikes,1522.0,1338.0,-184.0,-12.089356110381077,-1
cut_mAL_bridge_to_pC1,pC1_neuronbridge_any_hit,35.0,peak_rate_hz,12.149532710280372,11.775700934579438,-0.37383177570093373,-3.0769230769230704,-1
cut_mAL_bridge_to_pC1,pC1_neuronbridge_any_hit,35.0,evoked_spikes_per_neuron_per_pulse,0.355607476635514,0.3126168224299065,-0.04299065420560749,-12.089356110381082,-1
cut_mAL_bridge_to_pC1,pC1_neuronbridge_best_rank_le_100,35.0,response_spikes,180.0,136.0,-44.0,-24.444444444444443,-1
cut_mAL_bridge_to_pC1,pC1_neuronbridge_best_rank_le_100,35.0,peak_rate_hz,11.333333333333334,10.666666666666666,-0.6666666666666679,-5.882352941176481,-1
cut_mAL_bridge_to_pC1,pC1_neuronbridge_best_rank_le_100,35.0,evoked_spikes_per_neuron_per_pulse,0.3,0.22666666666666666,-0.07333333333333333,-24.444444444444443,-1
cut_mAL_bridge_to_pC1,pC1_type_all,45.0,response_spikes,1910.0,2004.0,94.0,4.9214659685863875,1
cut_mAL_bridge_to_pC1,pC1_type_all,45.0,peak_rate_hz,14.107142857142856,15.44642857142857,1.3392857142857135,9.493670886075945,1
cut_mAL_bridge_to_pC1,pC1_type_all,45.0,evoked_spikes_per_neuron_per_pulse,0.4263392857142857,0.4473214285714286,0.020982142857142894,4.9214659685863955,1
cut_mAL_bridge_to_pC1,pC1_fruDsx_nonmissing,45.0,response_spikes,1910.0,2004.0,94.0,4.9214659685863875,1
cut_mAL_bridge_to_pC1,pC1_fruDsx_nonmissing,45.0,peak_rate_hz,14.234234234234235,15.585585585585585,1.3513513513513509,9.493670886075947,1
cut_mAL_bridge_to_pC1,pC1_fruDsx_nonmissing,45.0,evoked_spikes_per_neuron_per_pulse,0.43018018018018017,0.45135135135135135,0.021171171171171177,4.921465968586389,1
cut_mAL_bridge_to_pC1,pC1_fruDsx_coexpress,45.0,response_spikes,704.0,751.0,47.0,6.676136363636363,1
cut_mAL_bridge_to_pC1,pC1_fruDsx_coexpress,45.0,peak_rate_hz,9.23076923076923,11.23076923076923,2.0,21.666666666666668,1
cut_mAL_bridge_to_pC1,pC1_fruDsx_coexpress,45.0,evoked_spikes_per_neuron_per_pulse,0.27076923076923076,0.28884615384615386,0.0180769230769231,6.676136363636373,1
cut_mAL_bridge_to_pC1,pC1_pMP_alias,45.0,response_spikes,704.0,750.0,46.0,6.534090909090909,1
cut_mAL_bridge_to_pC1,pC1_pMP_alias,45.0,peak_rate_hz,9.523809523809524,11.587301587301587,2.0634920634920633,21.666666666666664,1
cut_mAL_bridge_to_pC1,pC1_pMP_alias,45.0,evoked_spikes_per_neuron_per_pulse,0.27936507936507937,0.2976190476190476,0.018253968253968245,6.534090909090906,1
cut_mAL_bridge_to_pC1,pC1_neuronbridge_any_hit,45.0,response_spikes,1676.0,1783.0,107.0,6.384248210023866,1
cut_mAL_bridge_to_pC1,pC1_neuronbridge_any_hit,45.0,peak_rate_hz,12.897196261682241,14.672897196261681,1.7757009345794401,13.768115942028993,1
cut_mAL_bridge_to_pC1,pC1_neuronbridge_any_hit,45.0,evoked_spikes_per_neuron_per_pulse,0.39158878504672895,0.41658878504672897,0.025000000000000022,6.384248210023872,1
cut_mAL_bridge_to_pC1,pC1_neuronbridge_best_rank_le_100,45.0,response_spikes,207.0,242.0,35.0,16.908212560386474,1
cut_mAL_bridge_to_pC1,pC1_neuronbridge_best_rank_le_100,45.0,peak_rate_hz,13.333333333333334,14.666666666666666,1.3333333333333321,9.99999999999999,1
cut_mAL_bridge_to_pC1,pC1_neuronbridge_best_rank_le_100,45.0,evoked_spikes_per_neuron_per_pulse,0.345,0.4033333333333333,0.05833333333333335,16.908212560386477,1
cut_mAL_bridge_to_pC1,pC1_type_all,55.0,response_spikes,2125.0,2283.0,158.0,7.435294117647059,1
cut_mAL_bridge_to_pC1,pC1_type_all,55.0,peak_rate_hz,11.071428571428571,12.232142857142856,1.1607142857142847,10.483870967741927,1
cut_mAL_bridge_to_pC1,pC1_type_all,55.0,evoked_spikes_per_neuron_per_pulse,0.47433035714285715,0.5095982142857143,0.03526785714285713,7.4352941176470555,1
cut_mAL_bridge_to_pC1,pC1_fruDsx_nonmissing,55.0,response_spikes,2125.0,2283.0,158.0,7.435294117647059,1
cut_mAL_bridge_to_pC1,pC1_fruDsx_nonmissing,55.0,peak_rate_hz,11.17117117117117,12.342342342342343,1.1711711711711725,10.483870967741948,1
cut_mAL_bridge_to_pC1,pC1_fruDsx_nonmissing,55.0,evoked_spikes_per_neuron_per_pulse,0.4786036036036036,0.5141891891891892,0.03558558558558561,7.4352941176470635,1
cut_mAL_bridge_to_pC1,pC1_fruDsx_coexpress,55.0,response_spikes,855.0,912.0,57.0,6.666666666666667,1
cut_mAL_bridge_to_pC1,pC1_fruDsx_coexpress,55.0,peak_rate_hz,7.6923076923076925,8.76923076923077,1.0769230769230775,14.000000000000007,1
cut_mAL_bridge_to_pC1,pC1_fruDsx_coexpress,55.0,evoked_spikes_per_neuron_per_pulse,0.32884615384615384,0.3507692307692308,0.021923076923076934,6.66666666666667,1
cut_mAL_bridge_to_pC1,pC1_pMP_alias,55.0,response_spikes,855.0,912.0,57.0,6.666666666666667,1
cut_mAL_bridge_to_pC1,pC1_pMP_alias,55.0,peak_rate_hz,7.936507936507937,9.047619047619047,1.1111111111111107,13.999999999999995,1
cut_mAL_bridge_to_pC1,pC1_pMP_alias,55.0,evoked_spikes_per_neuron_per_pulse,0.3392857142857143,0.3619047619047619,0.022619047619047594,6.666666666666658,1
cut_mAL_bridge_to_pC1,pC1_neuronbridge_any_hit,55.0,response_spikes,1865.0,2005.0,140.0,7.506702412868632,1
cut_mAL_bridge_to_pC1,pC1_neuronbridge_any_hit,55.0,peak_rate_hz,10.093457943925232,11.121495327102803,1.0280373831775709,10.185185185185194,1
cut_mAL_bridge_to_pC1,pC1_neuronbridge_any_hit,55.0,evoked_spikes_per_neuron_per_pulse,0.4357476635514019,0.46845794392523366,0.03271028037383178,7.506702412868633,1
cut_mAL_bridge_to_pC1,pC1_neuronbridge_best_rank_le_100,55.0,response_spikes,219.0,258.0,39.0,17.80821917808219,1
cut_mAL_bridge_to_pC1,pC1_neuronbridge_best_rank_le_100,55.0,peak_rate_hz,11.333333333333334,12.666666666666666,1.3333333333333321,11.76470588235293,1
cut_mAL_bridge_to_pC1,pC1_neuronbridge_best_rank_le_100,55.0,evoked_spikes_per_neuron_per_pulse,0.365,0.43,0.065,17.808219178082194,1
cut_mAL_bridge_to_pC1,pC1_type_all,65.0,response_spikes,2326.0,2499.0,173.0,7.437661220980224,1
cut_mAL_bridge_to_pC1,pC1_type_all,65.0,peak_rate_hz,12.142857142857142,12.053571428571427,-0.0892857142857153,-0.7352941176470672,-1
cut_mAL_bridge_to_pC1,pC1_type_all,65.0,evoked_spikes_per_neuron_per_pulse,0.5191964285714286,0.5578125,0.038616071428571486,7.437661220980234,1
cut_mAL_bridge_to_pC1,pC1_fruDsx_nonmissing,65.0,response_spikes,2326.0,2499.0,173.0,7.437661220980224,1
cut_mAL_bridge_to_pC1,pC1_fruDsx_nonmissing,65.0,peak_rate_hz,12.252252252252253,12.162162162162163,-0.09009009009009006,-0.7352941176470585,-1
cut_mAL_bridge_to_pC1,pC1_fruDsx_nonmissing,65.0,evoked_spikes_per_neuron_per_pulse,0.5238738738738739,0.5628378378378378,0.038963963963963955,7.437661220980222,1
cut_mAL_bridge_to_pC1,pC1_fruDsx_coexpress,65.0,response_spikes,946.0,982.0,36.0,3.8054968287526427,1
cut_mAL_bridge_to_pC1,pC1_fruDsx_coexpress,65.0,peak_rate_hz,8.615384615384615,8.76923076923077,0.15384615384615508,1.7857142857143,1
cut_mAL_bridge_to_pC1,pC1_fruDsx_coexpress,65.0,evoked_spikes_per_neuron_per_pulse,0.3638461538461538,0.3776923076923077,0.013846153846153897,3.805496828752657,1
cut_mAL_bridge_to_pC1,pC1_pMP_alias,65.0,response_spikes,946.0,982.0,36.0,3.8054968287526427,1
cut_mAL_bridge_to_pC1,pC1_pMP_alias,65.0,peak_rate_hz,8.88888888888889,9.047619047619047,0.15873015873015817,1.7857142857142794,1
cut_mAL_bridge_to_pC1,pC1_pMP_alias,65.0,evoked_spikes_per_neuron_per_pulse,0.3753968253968254,0.3896825396825397,0.01428571428571429,3.805496828752644,1
cut_mAL_bridge_to_pC1,pC1_neuronbridge_any_hit,65.0,response_spikes,2055.0,2214.0,159.0,7.737226277372263,1
cut_mAL_bridge_to_pC1,pC1_neuronbridge_any_hit,65.0,peak_rate_hz,11.028037383177569,11.121495327102803,0.09345794392523388,0.8474576271186463,1
cut_mAL_bridge_to_pC1,pC1_neuronbridge_any_hit,65.0,evoked_spikes_per_neuron_per_pulse,0.48014018691588783,0.5172897196261682,0.037149532710280375,7.7372262773722635,1
cut_mAL_bridge_to_pC1,pC1_neuronbridge_best_rank_le_100,65.0,response_spikes,271.0,312.0,41.0,15.129151291512915,1
cut_mAL_bridge_to_pC1,pC1_neuronbridge_best_rank_le_100,65.0,peak_rate_hz,10.666666666666666,11.333333333333334,0.6666666666666679,6.2500000000000115,1
cut_mAL_bridge_to_pC1,pC1_neuronbridge_best_rank_le_100,65.0,evoked_spikes_per_neuron_per_pulse,0.45166666666666666,0.52,0.06833333333333336,15.12915129151292,1
cut_mAL_bridge_to_pC1,pC1_type_all,75.0,response_spikes,2308.0,2559.0,251.0,10.875216637781628,1
cut_mAL_bridge_to_pC1,pC1_type_all,75.0,peak_rate_hz,11.517857142857142,13.57142857142857,2.053571428571427,17.829457364341074,1
cut_mAL_bridge_to_pC1,pC1_type_all,75.0,evoked_spikes_per_neuron_per_pulse,0.5151785714285714,0.5712053571428571,0.056026785714285765,10.87521663778164,1
cut_mAL_bridge_to_pC1,pC1_fruDsx_nonmissing,75.0,response_spikes,2308.0,2559.0,251.0,10.875216637781628,1
cut_mAL_bridge_to_pC1,pC1_fruDsx_nonmissing,75.0,peak_rate_hz,11.621621621621623,13.693693693693694,2.0720720720720713,17.829457364341078,1
cut_mAL_bridge_to_pC1,pC1_fruDsx_nonmissing,75.0,evoked_spikes_per_neuron_per_pulse,0.5198198198198198,0.5763513513513514,0.056531531531531565,10.875216637781635,1
cut_mAL_bridge_to_pC1,pC1_fruDsx_coexpress,75.0,response_spikes,935.0,1000.0,65.0,6.951871657754011,1
cut_mAL_bridge_to_pC1,pC1_fruDsx_coexpress,75.0,peak_rate_hz,8.0,9.076923076923077,1.0769230769230766,13.461538461538458,1
cut_mAL_bridge_to_pC1,pC1_fruDsx_coexpress,75.0,evoked_spikes_per_neuron_per_pulse,0.3596153846153846,0.38461538461538464,0.025000000000000022,6.951871657754017,1
cut_mAL_bridge_to_pC1,pC1_pMP_alias,75.0,response_spikes,935.0,1000.0,65.0,6.951871657754011,1
cut_mAL_bridge_to_pC1,pC1_pMP_alias,75.0,peak_rate_hz,8.253968253968255,9.365079365079366,1.1111111111111107,13.461538461538455,1
cut_mAL_bridge_to_pC1,pC1_pMP_alias,75.0,evoked_spikes_per_neuron_per_pulse,0.37103174603174605,0.3968253968253968,0.025793650793650758,6.951871657754,1
cut_mAL_bridge_to_pC1,pC1_neuronbridge_any_hit,75.0,response_spikes,2044.0,2260.0,216.0,10.567514677103718,1
cut_mAL_bridge_to_pC1,pC1_neuronbridge_any_hit,75.0,peak_rate_hz,10.467289719626168,12.710280373831774,2.242990654205606,21.428571428571416,1
cut_mAL_bridge_to_pC1,pC1_neuronbridge_any_hit,75.0,evoked_spikes_per_neuron_per_pulse,0.47757009345794393,0.5280373831775701,0.05046728971962616,10.567514677103716,1
cut_mAL_bridge_to_pC1,pC1_neuronbridge_best_rank_le_100,75.0,response_spikes,273.0,337.0,64.0,23.44322344322344,1
cut_mAL_bridge_to_pC1,pC1_neuronbridge_best_rank_le_100,75.0,peak_rate_hz,10.666666666666666,15.333333333333334,4.666666666666668,43.750000000000014,1
cut_mAL_bridge_to_pC1,pC1_neuronbridge_best_rank_le_100,75.0,evoked_spikes_per_neuron_per_pulse,0.455,0.5616666666666666,0.10666666666666663,23.443223443223435,1
cut_mAL_bridge_to_pC1,pC1_type_all,85.0,response_spikes,2180.0,2485.0,305.0,13.990825688073395,1
cut_mAL_bridge_to_pC1,pC1_type_all,85.0,peak_rate_hz,11.607142857142856,14.999999999999998,3.3928571428571423,29.23076923076923,1
cut_mAL_bridge_to_pC1,pC1_type_all,85.0,evoked_spikes_per_neuron_per_pulse,0.48660714285714285,0.5546875,0.06808035714285715,13.990825688073397,1
cut_mAL_bridge_to_pC1,pC1_fruDsx_nonmissing,85.0,response_spikes,2180.0,2485.0,305.0,13.990825688073395,1
cut_mAL_bridge_to_pC1,pC1_fruDsx_nonmissing,85.0,peak_rate_hz,11.711711711711713,15.135135135135135,3.423423423423422,29.23076923076922,1
cut_mAL_bridge_to_pC1,pC1_fruDsx_nonmissing,85.0,evoked_spikes_per_neuron_per_pulse,0.49099099099099097,0.5596846846846847,0.06869369369369371,13.990825688073398,1
cut_mAL_bridge_to_pC1,pC1_fruDsx_coexpress,85.0,response_spikes,889.0,995.0,106.0,11.923509561304837,1
cut_mAL_bridge_to_pC1,pC1_fruDsx_coexpress,85.0,peak_rate_hz,8.307692307692308,11.846153846153847,3.5384615384615383,42.59259259259259,1
cut_mAL_bridge_to_pC1,pC1_fruDsx_coexpress,85.0,evoked_spikes_per_neuron_per_pulse,0.34192307692307694,0.38269230769230766,0.040769230769230724,11.923509561304822,1
cut_mAL_bridge_to_pC1,pC1_pMP_alias,85.0,response_spikes,889.0,995.0,106.0,11.923509561304837,1
cut_mAL_bridge_to_pC1,pC1_pMP_alias,85.0,peak_rate_hz,8.571428571428571,12.222222222222223,3.650793650793652,42.5925925925926,1
cut_mAL_bridge_to_pC1,pC1_pMP_alias,85.0,evoked_spikes_per_neuron_per_pulse,0.3527777777777778,0.3948412698412698,0.042063492063492025,11.923509561304824,1
cut_mAL_bridge_to_pC1,pC1_neuronbridge_any_hit,85.0,response_spikes,1936.0,2210.0,274.0,14.152892561983471,1
cut_mAL_bridge_to_pC1,pC1_neuronbridge_any_hit,85.0,peak_rate_hz,10.560747663551401,13.925233644859812,3.3644859813084107,31.85840707964601,1
cut_mAL_bridge_to_pC1,pC1_neuronbridge_any_hit,85.0,evoked_spikes_per_neuron_per_pulse,0.4523364485981308,0.5163551401869159,0.06401869158878504,14.15289256198347,1
cut_mAL_bridge_to_pC1,pC1_neuronbridge_best_rank_le_100,85.0,response_spikes,255.0,317.0,62.0,24.313725490196077,1
cut_mAL_bridge_to_pC1,pC1_neuronbridge_best_rank_le_100,85.0,peak_rate_hz,12.0,12.0,0.0,0.0,0
cut_mAL_bridge_to_pC1,pC1_neuronbridge_best_rank_le_100,85.0,evoked_spikes_per_neuron_per_pulse,0.425,0.5283333333333333,0.10333333333333333,24.31372549019608,1
cut_mAL_bridge_to_pC1,pC1_type_all,95.0,response_spikes,2238.0,2553.0,315.0,14.075067024128685,1
cut_mAL_bridge_to_pC1,pC1_type_all,95.0,peak_rate_hz,11.071428571428571,19.017857142857142,7.946428571428571,71.77419354838709,1
cut_mAL_bridge_to_pC1,pC1_type_all,95.0,evoked_spikes_per_neuron_per_pulse,0.49955357142857143,0.5698660714285714,0.07031249999999994,14.075067024128675,1
cut_mAL_bridge_to_pC1,pC1_fruDsx_nonmissing,95.0,response_spikes,2238.0,2553.0,315.0,14.075067024128685,1
cut_mAL_bridge_to_pC1,pC1_fruDsx_nonmissing,95.0,peak_rate_hz,11.17117117117117,19.18918918918919,8.018018018018019,71.7741935483871,1
cut_mAL_bridge_to_pC1,pC1_fruDsx_nonmissing,95.0,evoked_spikes_per_neuron_per_pulse,0.504054054054054,0.575,0.07094594594594594,14.075067024128687,1
cut_mAL_bridge_to_pC1,pC1_fruDsx_coexpress,95.0,response_spikes,961.0,1063.0,102.0,10.613943808532778,1
cut_mAL_bridge_to_pC1,pC1_fruDsx_coexpress,95.0,peak_rate_hz,8.307692307692308,16.0,7.692307692307692,92.59259259259258,1
cut_mAL_bridge_to_pC1,pC1_fruDsx_coexpress,95.0,evoked_spikes_per_neuron_per_pulse,0.3696153846153846,0.40884615384615386,0.039230769230769236,10.61394380853278,1
cut_mAL_bridge_to_pC1,pC1_pMP_alias,95.0,response_spikes,961.0,1063.0,102.0,10.613943808532778,1
cut_mAL_bridge_to_pC1,pC1_pMP_alias,95.0,peak_rate_hz,8.571428571428571,16.50793650793651,7.9365079365079385,92.59259259259262,1
cut_mAL_bridge_to_pC1,pC1_pMP_alias,95.0,evoked_spikes_per_neuron_per_pulse,0.3813492063492063,0.4218253968253968,0.0404761904761905,10.613943808532786,1
cut_mAL_bridge_to_pC1,pC1_neuronbridge_any_hit,95.0,response_spikes,2018.0,2273.0,255.0,12.63627353815659,1
cut_mAL_bridge_to_pC1,pC1_neuronbridge_any_hit,95.0,peak_rate_hz,10.373831775700934,18.037383177570092,7.663551401869158,73.87387387387388,1
cut_mAL_bridge_to_pC1,pC1_neuronbridge_any_hit,95.0,evoked_spikes_per_neuron_per_pulse,0.47149532710280373,0.5310747663551402,0.05957943925233644,12.63627353815659,1
cut_mAL_bridge_to_pC1,pC1_neuronbridge_best_rank_le_100,95.0,response_spikes,270.0,347.0,77.0,28.51851851851852,1
cut_mAL_bridge_to_pC1,pC1_neuronbridge_best_rank_le_100,95.0,peak_rate_hz,10.0,16.0,6.0,60.0,1
cut_mAL_bridge_to_pC1,pC1_neuronbridge_best_rank_le_100,95.0,evoked_spikes_per_neuron_per_pulse,0.45,0.5783333333333334,0.12833333333333335,28.518518518518523,1
cut_both_bridge_segments,pC1_type_all,15.0,response_spikes,611.0,504.0,-107.0,-17.51227495908347,-1
cut_both_bridge_segments,pC1_type_all,15.0,peak_rate_hz,11.160714285714285,10.803571428571427,-0.35714285714285765,-3.2000000000000046,-1
cut_both_bridge_segments,pC1_type_all,15.0,evoked_spikes_per_neuron_per_pulse,0.13638392857142856,0.1125,-0.023883928571428556,-17.51227495908346,-1
cut_both_bridge_segments,pC1_fruDsx_nonmissing,15.0,response_spikes,611.0,504.0,-107.0,-17.51227495908347,-1
cut_both_bridge_segments,pC1_fruDsx_nonmissing,15.0,peak_rate_hz,11.26126126126126,10.9009009009009,-0.36036036036036023,-3.199999999999999,-1
cut_both_bridge_segments,pC1_fruDsx_nonmissing,15.0,evoked_spikes_per_neuron_per_pulse,0.13761261261261262,0.11351351351351352,-0.024099099099099103,-17.512274959083474,-1
cut_both_bridge_segments,pC1_fruDsx_coexpress,15.0,response_spikes,289.0,226.0,-63.0,-21.79930795847751,-1
cut_both_bridge_segments,pC1_fruDsx_coexpress,15.0,peak_rate_hz,9.692307692307692,8.0,-1.6923076923076916,-17.460317460317455,-1
cut_both_bridge_segments,pC1_fruDsx_coexpress,15.0,evoked_spikes_per_neuron_per_pulse,0.11115384615384616,0.08692307692307692,-0.024230769230769236,-21.799307958477513,-1
cut_both_bridge_segments,pC1_pMP_alias,15.0,response_spikes,289.0,225.0,-64.0,-22.14532871972318,-1
cut_both_bridge_segments,pC1_pMP_alias,15.0,peak_rate_hz,10.0,8.253968253968255,-1.7460317460317452,-17.46031746031745,-1
cut_both_bridge_segments,pC1_pMP_alias,15.0,evoked_spikes_per_neuron_per_pulse,0.11468253968253968,0.08928571428571429,-0.02539682539682539,-22.145328719723178,-1
cut_both_bridge_segments,pC1_neuronbridge_any_hit,15.0,response_spikes,575.0,481.0,-94.0,-16.347826086956523,-1
cut_both_bridge_segments,pC1_neuronbridge_any_hit,15.0,peak_rate_hz,11.214953271028037,10.373831775700934,-0.8411214953271031,-7.500000000000003,-1
cut_both_bridge_segments,pC1_neuronbridge_any_hit,15.0,evoked_spikes_per_neuron_per_pulse,0.13434579439252337,0.11238317757009346,-0.021962616822429906,-16.347826086956523,-1
cut_both_bridge_segments,pC1_neuronbridge_best_rank_le_100,15.0,response_spikes,76.0,76.0,0.0,0.0,0
cut_both_bridge_segments,pC1_neuronbridge_best_rank_le_100,15.0,peak_rate_hz,12.666666666666666,13.333333333333334,0.6666666666666679,5.263157894736851,1
cut_both_bridge_segments,pC1_neuronbridge_best_rank_le_100,15.0,evoked_spikes_per_neuron_per_pulse,0.12666666666666668,0.12666666666666668,0.0,0.0,0
cut_both_bridge_segments,pC1_type_all,25.0,response_spikes,1020.0,1136.0,116.0,11.372549019607844,1
cut_both_bridge_segments,pC1_type_all,25.0,peak_rate_hz,13.035714285714285,12.94642857142857,-0.0892857142857153,-0.6849315068493229,-1
cut_both_bridge_segments,pC1_type_all,25.0,evoked_spikes_per_neuron_per_pulse,0.22767857142857142,0.25357142857142856,0.025892857142857134,11.37254901960784,1
cut_both_bridge_segments,pC1_fruDsx_nonmissing,25.0,response_spikes,1020.0,1136.0,116.0,11.372549019607844,1
cut_both_bridge_segments,pC1_fruDsx_nonmissing,25.0,peak_rate_hz,13.153153153153154,13.063063063063064,-0.09009009009009006,-0.6849315068493148,-1
cut_both_bridge_segments,pC1_fruDsx_nonmissing,25.0,evoked_spikes_per_neuron_per_pulse,0.22972972972972974,0.25585585585585585,0.02612612612612611,11.372549019607835,1
cut_both_bridge_segments,pC1_fruDsx_coexpress,25.0,response_spikes,417.0,473.0,56.0,13.42925659472422,1
cut_both_bridge_segments,pC1_fruDsx_coexpress,25.0,peak_rate_hz,10.307692307692308,10.923076923076923,0.615384615384615,5.970149253731339,1
cut_both_bridge_segments,pC1_fruDsx_coexpress,25.0,evoked_spikes_per_neuron_per_pulse,0.16038461538461538,0.1819230769230769,0.021538461538461534,13.429256594724219,1
cut_both_bridge_segments,pC1_pMP_alias,25.0,response_spikes,417.0,473.0,56.0,13.42925659472422,1
cut_both_bridge_segments,pC1_pMP_alias,25.0,peak_rate_hz,10.634920634920634,11.26984126984127,0.6349206349206362,5.970149253731356,1
cut_both_bridge_segments,pC1_pMP_alias,25.0,evoked_spikes_per_neuron_per_pulse,0.16547619047619047,0.1876984126984127,0.022222222222222227,13.429256594724224,1
cut_both_bridge_segments,pC1_neuronbridge_any_hit,25.0,response_spikes,953.0,1057.0,104.0,10.912906610703043,1
cut_both_bridge_segments,pC1_neuronbridge_any_hit,25.0,peak_rate_hz,12.897196261682241,12.616822429906541,-0.28037383177569986,-2.1739130434782528,-1
cut_both_bridge_segments,pC1_neuronbridge_any_hit,25.0,evoked_spikes_per_neuron_per_pulse,0.22266355140186916,0.2469626168224299,0.024299065420560734,10.912906610703036,1
cut_both_bridge_segments,pC1_neuronbridge_best_rank_le_100,25.0,response_spikes,191.0,227.0,36.0,18.848167539267017,1
cut_both_bridge_segments,pC1_neuronbridge_best_rank_le_100,25.0,peak_rate_hz,20.666666666666668,22.666666666666668,2.0,9.67741935483871,1
cut_both_bridge_segments,pC1_neuronbridge_best_rank_le_100,25.0,evoked_spikes_per_neuron_per_pulse,0.31833333333333336,0.37833333333333335,0.06,18.848167539267013,1
cut_both_bridge_segments,pC1_type_all,35.0,response_spikes,1735.0,1678.0,-57.0,-3.2853025936599423,-1
cut_both_bridge_segments,pC1_type_all,35.0,peak_rate_hz,13.124999999999998,13.392857142857142,0.2678571428571441,2.040816326530622,1
cut_both_bridge_segments,pC1_type_all,35.0,evoked_spikes_per_neuron_per_pulse,0.3872767857142857,0.37455357142857143,-0.012723214285714268,-3.285302593659938,-1
cut_both_bridge_segments,pC1_fruDsx_nonmissing,35.0,response_spikes,1735.0,1678.0,-57.0,-3.2853025936599423,-1
cut_both_bridge_segments,pC1_fruDsx_nonmissing,35.0,peak_rate_hz,13.243243243243244,13.513513513513514,0.2702702702702702,2.0408163265306114,1
cut_both_bridge_segments,pC1_fruDsx_nonmissing,35.0,evoked_spikes_per_neuron_per_pulse,0.39076576576576577,0.37792792792792795,-0.012837837837837818,-3.2853025936599374,-1
cut_both_bridge_segments,pC1_fruDsx_coexpress,35.0,response_spikes,639.0,627.0,-12.0,-1.8779342723004695,-1
cut_both_bridge_segments,pC1_fruDsx_coexpress,35.0,peak_rate_hz,8.615384615384615,9.384615384615385,0.76923076923077,8.928571428571438,1
cut_both_bridge_segments,pC1_fruDsx_coexpress,35.0,evoked_spikes_per_neuron_per_pulse,0.24576923076923077,0.24115384615384616,-0.0046153846153846045,-1.877934272300465,-1
cut_both_bridge_segments,pC1_pMP_alias,35.0,response_spikes,639.0,627.0,-12.0,-1.8779342723004695,-1
cut_both_bridge_segments,pC1_pMP_alias,35.0,peak_rate_hz,8.88888888888889,9.682539682539684,0.7936507936507944,8.928571428571436,1
cut_both_bridge_segments,pC1_pMP_alias,35.0,evoked_spikes_per_neuron_per_pulse,0.25357142857142856,0.2488095238095238,-0.004761904761904745,-1.8779342723004628,-1
cut_both_bridge_segments,pC1_neuronbridge_any_hit,35.0,response_spikes,1522.0,1451.0,-71.0,-4.664914586070959,-1
cut_both_bridge_segments,pC1_neuronbridge_any_hit,35.0,peak_rate_hz,12.149532710280372,12.710280373831774,0.5607476635514015,4.615384615384613,1
cut_both_bridge_segments,pC1_neuronbridge_any_hit,35.0,evoked_spikes_per_neuron_per_pulse,0.355607476635514,0.33901869158878506,-0.01658878504672895,-4.664914586070953,-1
cut_both_bridge_segments,pC1_neuronbridge_best_rank_le_100,35.0,response_spikes,180.0,179.0,-1.0,-0.5555555555555556,-1
cut_both_bridge_segments,pC1_neuronbridge_best_rank_le_100,35.0,peak_rate_hz,11.333333333333334,12.666666666666666,1.3333333333333321,11.76470588235293,1
cut_both_bridge_segments,pC1_neuronbridge_best_rank_le_100,35.0,evoked_spikes_per_neuron_per_pulse,0.3,0.29833333333333334,-0.0016666666666666496,-0.5555555555555499,-1
cut_both_bridge_segments,pC1_type_all,45.0,response_spikes,1910.0,1909.0,-1.0,-0.05235602094240838,-1
cut_both_bridge_segments,pC1_type_all,45.0,peak_rate_hz,14.107142857142856,14.82142857142857,0.7142857142857135,5.063291139240502,1
cut_both_bridge_segments,pC1_type_all,45.0,evoked_spikes_per_neuron_per_pulse,0.4263392857142857,0.42611607142857144,-0.00022321428571425717,-0.05235602094240168,-1
cut_both_bridge_segments,pC1_fruDsx_nonmissing,45.0,response_spikes,1910.0,1909.0,-1.0,-0.05235602094240838,-1
cut_both_bridge_segments,pC1_fruDsx_nonmissing,45.0,peak_rate_hz,14.234234234234235,14.954954954954955,0.7207207207207205,5.063291139240504,1
cut_both_bridge_segments,pC1_fruDsx_nonmissing,45.0,evoked_spikes_per_neuron_per_pulse,0.43018018018018017,0.42995495495495495,-0.00022522522522522292,-0.05235602094240784,-1
cut_both_bridge_segments,pC1_fruDsx_coexpress,45.0,response_spikes,704.0,721.0,17.0,2.414772727272727,1
cut_both_bridge_segments,pC1_fruDsx_coexpress,45.0,peak_rate_hz,9.23076923076923,9.692307692307692,0.4615384615384617,5.000000000000002,1
cut_both_bridge_segments,pC1_fruDsx_coexpress,45.0,evoked_spikes_per_neuron_per_pulse,0.27076923076923076,0.2773076923076923,0.0065384615384615485,2.414772727272731,1
cut_both_bridge_segments,pC1_pMP_alias,45.0,response_spikes,704.0,718.0,14.0,1.9886363636363635,1
cut_both_bridge_segments,pC1_pMP_alias,45.0,peak_rate_hz,9.523809523809524,10.0,0.4761904761904763,5.000000000000001,1
cut_both_bridge_segments,pC1_pMP_alias,45.0,evoked_spikes_per_neuron_per_pulse,0.27936507936507937,0.2849206349206349,0.005555555555555536,1.9886363636363564,1
cut_both_bridge_segments,pC1_neuronbridge_any_hit,45.0,response_spikes,1676.0,1687.0,11.0,0.6563245823389021,1
cut_both_bridge_segments,pC1_neuronbridge_any_hit,45.0,peak_rate_hz,12.897196261682241,13.831775700934578,0.934579439252337,7.246376811594208,1
cut_both_bridge_segments,pC1_neuronbridge_any_hit,45.0,evoked_spikes_per_neuron_per_pulse,0.39158878504672895,0.3941588785046729,0.002570093457943956,0.65632458233891,1
cut_both_bridge_segments,pC1_neuronbridge_best_rank_le_100,45.0,response_spikes,207.0,227.0,20.0,9.66183574879227,1
cut_both_bridge_segments,pC1_neuronbridge_best_rank_le_100,45.0,peak_rate_hz,13.333333333333334,14.0,0.6666666666666661,4.999999999999995,1
cut_both_bridge_segments,pC1_neuronbridge_best_rank_le_100,45.0,evoked_spikes_per_neuron_per_pulse,0.345,0.37833333333333335,0.03333333333333338,9.661835748792285,1
cut_both_bridge_segments,pC1_type_all,55.0,response_spikes,2125.0,2281.0,156.0,7.341176470588235,1
cut_both_bridge_segments,pC1_type_all,55.0,peak_rate_hz,11.071428571428571,12.232142857142856,1.1607142857142847,10.483870967741927,1
cut_both_bridge_segments,pC1_type_all,55.0,evoked_spikes_per_neuron_per_pulse,0.47433035714285715,0.5091517857142858,0.034821428571428614,7.341176470588244,1
cut_both_bridge_segments,pC1_fruDsx_nonmissing,55.0,response_spikes,2125.0,2281.0,156.0,7.341176470588235,1
cut_both_bridge_segments,pC1_fruDsx_nonmissing,55.0,peak_rate_hz,11.17117117117117,12.342342342342343,1.1711711711711725,10.483870967741948,1
cut_both_bridge_segments,pC1_fruDsx_nonmissing,55.0,evoked_spikes_per_neuron_per_pulse,0.4786036036036036,0.5137387387387388,0.035135135135135165,7.341176470588242,1
cut_both_bridge_segments,pC1_fruDsx_coexpress,55.0,response_spikes,855.0,910.0,55.0,6.432748538011696,1
cut_both_bridge_segments,pC1_fruDsx_coexpress,55.0,peak_rate_hz,7.6923076923076925,8.76923076923077,1.0769230769230775,14.000000000000007,1
cut_both_bridge_segments,pC1_fruDsx_coexpress,55.0,evoked_spikes_per_neuron_per_pulse,0.32884615384615384,0.35,0.021153846153846134,6.4327485380116896,1
cut_both_bridge_segments,pC1_pMP_alias,55.0,response_spikes,855.0,910.0,55.0,6.432748538011696,1
cut_both_bridge_segments,pC1_pMP_alias,55.0,peak_rate_hz,7.936507936507937,9.047619047619047,1.1111111111111107,13.999999999999995,1
cut_both_bridge_segments,pC1_pMP_alias,55.0,evoked_spikes_per_neuron_per_pulse,0.3392857142857143,0.3611111111111111,0.021825396825396803,6.432748538011689,1
cut_both_bridge_segments,pC1_neuronbridge_any_hit,55.0,response_spikes,1865.0,2003.0,138.0,7.399463806970509,1
cut_both_bridge_segments,pC1_neuronbridge_any_hit,55.0,peak_rate_hz,10.093457943925232,11.121495327102803,1.0280373831775709,10.185185185185194,1
cut_both_bridge_segments,pC1_neuronbridge_any_hit,55.0,evoked_spikes_per_neuron_per_pulse,0.4357476635514019,0.4679906542056075,0.032242990654205606,7.399463806970509,1
cut_both_bridge_segments,pC1_neuronbridge_best_rank_le_100,55.0,response_spikes,219.0,258.0,39.0,17.80821917808219,1
cut_both_bridge_segments,pC1_neuronbridge_best_rank_le_100,55.0,peak_rate_hz,11.333333333333334,12.666666666666666,1.3333333333333321,11.76470588235293,1
cut_both_bridge_segments,pC1_neuronbridge_best_rank_le_100,55.0,evoked_spikes_per_neuron_per_pulse,0.365,0.43,0.065,17.808219178082194,1
cut_both_bridge_segments,pC1_type_all,65.0,response_spikes,2326.0,2499.0,173.0,7.437661220980224,1
cut_both_bridge_segments,pC1_type_all,65.0,peak_rate_hz,12.142857142857142,12.053571428571427,-0.0892857142857153,-0.7352941176470672,-1
cut_both_bridge_segments,pC1_type_all,65.0,evoked_spikes_per_neuron_per_pulse,0.5191964285714286,0.5578125,0.038616071428571486,7.437661220980234,1
cut_both_bridge_segments,pC1_fruDsx_nonmissing,65.0,response_spikes,2326.0,2499.0,173.0,7.437661220980224,1
cut_both_bridge_segments,pC1_fruDsx_nonmissing,65.0,peak_rate_hz,12.252252252252253,12.162162162162163,-0.09009009009009006,-0.7352941176470585,-1
cut_both_bridge_segments,pC1_fruDsx_nonmissing,65.0,evoked_spikes_per_neuron_per_pulse,0.5238738738738739,0.5628378378378378,0.038963963963963955,7.437661220980222,1
cut_both_bridge_segments,pC1_fruDsx_coexpress,65.0,response_spikes,946.0,982.0,36.0,3.8054968287526427,1
cut_both_bridge_segments,pC1_fruDsx_coexpress,65.0,peak_rate_hz,8.615384615384615,8.76923076923077,0.15384615384615508,1.7857142857143,1
cut_both_bridge_segments,pC1_fruDsx_coexpress,65.0,evoked_spikes_per_neuron_per_pulse,0.3638461538461538,0.3776923076923077,0.013846153846153897,3.805496828752657,1
cut_both_bridge_segments,pC1_pMP_alias,65.0,response_spikes,946.0,982.0,36.0,3.8054968287526427,1
cut_both_bridge_segments,pC1_pMP_alias,65.0,peak_rate_hz,8.88888888888889,9.047619047619047,0.15873015873015817,1.7857142857142794,1
cut_both_bridge_segments,pC1_pMP_alias,65.0,evoked_spikes_per_neuron_per_pulse,0.3753968253968254,0.3896825396825397,0.01428571428571429,3.805496828752644,1
cut_both_bridge_segments,pC1_neuronbridge_any_hit,65.0,response_spikes,2055.0,2214.0,159.0,7.737226277372263,1
cut_both_bridge_segments,pC1_neuronbridge_any_hit,65.0,peak_rate_hz,11.028037383177569,11.121495327102803,0.09345794392523388,0.8474576271186463,1
cut_both_bridge_segments,pC1_neuronbridge_any_hit,65.0,evoked_spikes_per_neuron_per_pulse,0.48014018691588783,0.5172897196261682,0.037149532710280375,7.7372262773722635,1
cut_both_bridge_segments,pC1_neuronbridge_best_rank_le_100,65.0,response_spikes,271.0,312.0,41.0,15.129151291512915,1
cut_both_bridge_segments,pC1_neuronbridge_best_rank_le_100,65.0,peak_rate_hz,10.666666666666666,11.333333333333334,0.6666666666666679,6.2500000000000115,1
cut_both_bridge_segments,pC1_neuronbridge_best_rank_le_100,65.0,evoked_spikes_per_neuron_per_pulse,0.45166666666666666,0.52,0.06833333333333336,15.12915129151292,1
cut_both_bridge_segments,pC1_type_all,75.0,response_spikes,2308.0,2559.0,251.0,10.875216637781628,1
cut_both_bridge_segments,pC1_type_all,75.0,peak_rate_hz,11.517857142857142,13.57142857142857,2.053571428571427,17.829457364341074,1
cut_both_bridge_segments,pC1_type_all,75.0,evoked_spikes_per_neuron_per_pulse,0.5151785714285714,0.5712053571428571,0.056026785714285765,10.87521663778164,1
cut_both_bridge_segments,pC1_fruDsx_nonmissing,75.0,response_spikes,2308.0,2559.0,251.0,10.875216637781628,1
cut_both_bridge_segments,pC1_fruDsx_nonmissing,75.0,peak_rate_hz,11.621621621621623,13.693693693693694,2.0720720720720713,17.829457364341078,1
cut_both_bridge_segments,pC1_fruDsx_nonmissing,75.0,evoked_spikes_per_neuron_per_pulse,0.5198198198198198,0.5763513513513514,0.056531531531531565,10.875216637781635,1
cut_both_bridge_segments,pC1_fruDsx_coexpress,75.0,response_spikes,935.0,1000.0,65.0,6.951871657754011,1
cut_both_bridge_segments,pC1_fruDsx_coexpress,75.0,peak_rate_hz,8.0,9.076923076923077,1.0769230769230766,13.461538461538458,1
cut_both_bridge_segments,pC1_fruDsx_coexpress,75.0,evoked_spikes_per_neuron_per_pulse,0.3596153846153846,0.38461538461538464,0.025000000000000022,6.951871657754017,1
cut_both_bridge_segments,pC1_pMP_alias,75.0,response_spikes,935.0,1000.0,65.0,6.951871657754011,1
cut_both_bridge_segments,pC1_pMP_alias,75.0,peak_rate_hz,8.253968253968255,9.365079365079366,1.1111111111111107,13.461538461538455,1
cut_both_bridge_segments,pC1_pMP_alias,75.0,evoked_spikes_per_neuron_per_pulse,0.37103174603174605,0.3968253968253968,0.025793650793650758,6.951871657754,1
cut_both_bridge_segments,pC1_neuronbridge_any_hit,75.0,response_spikes,2044.0,2260.0,216.0,10.567514677103718,1
cut_both_bridge_segments,pC1_neuronbridge_any_hit,75.0,peak_rate_hz,10.467289719626168,12.710280373831774,2.242990654205606,21.428571428571416,1
cut_both_bridge_segments,pC1_neuronbridge_any_hit,75.0,evoked_spikes_per_neuron_per_pulse,0.47757009345794393,0.5280373831775701,0.05046728971962616,10.567514677103716,1
cut_both_bridge_segments,pC1_neuronbridge_best_rank_le_100,75.0,response_spikes,273.0,337.0,64.0,23.44322344322344,1
cut_both_bridge_segments,pC1_neuronbridge_best_rank_le_100,75.0,peak_rate_hz,10.666666666666666,15.333333333333334,4.666666666666668,43.750000000000014,1
cut_both_bridge_segments,pC1_neuronbridge_best_rank_le_100,75.0,evoked_spikes_per_neuron_per_pulse,0.455,0.5616666666666666,0.10666666666666663,23.443223443223435,1
cut_both_bridge_segments,pC1_type_all,85.0,response_spikes,2180.0,2485.0,305.0,13.990825688073395,1
cut_both_bridge_segments,pC1_type_all,85.0,peak_rate_hz,11.607142857142856,14.999999999999998,3.3928571428571423,29.23076923076923,1
cut_both_bridge_segments,pC1_type_all,85.0,evoked_spikes_per_neuron_per_pulse,0.48660714285714285,0.5546875,0.06808035714285715,13.990825688073397,1
cut_both_bridge_segments,pC1_fruDsx_nonmissing,85.0,response_spikes,2180.0,2485.0,305.0,13.990825688073395,1
cut_both_bridge_segments,pC1_fruDsx_nonmissing,85.0,peak_rate_hz,11.711711711711713,15.135135135135135,3.423423423423422,29.23076923076922,1
cut_both_bridge_segments,pC1_fruDsx_nonmissing,85.0,evoked_spikes_per_neuron_per_pulse,0.49099099099099097,0.5596846846846847,0.06869369369369371,13.990825688073398,1
cut_both_bridge_segments,pC1_fruDsx_coexpress,85.0,response_spikes,889.0,995.0,106.0,11.923509561304837,1
cut_both_bridge_segments,pC1_fruDsx_coexpress,85.0,peak_rate_hz,8.307692307692308,11.846153846153847,3.5384615384615383,42.59259259259259,1
cut_both_bridge_segments,pC1_fruDsx_coexpress,85.0,evoked_spikes_per_neuron_per_pulse,0.34192307692307694,0.38269230769230766,0.040769230769230724,11.923509561304822,1
cut_both_bridge_segments,pC1_pMP_alias,85.0,response_spikes,889.0,995.0,106.0,11.923509561304837,1
cut_both_bridge_segments,pC1_pMP_alias,85.0,peak_rate_hz,8.571428571428571,12.222222222222223,3.650793650793652,42.5925925925926,1
cut_both_bridge_segments,pC1_pMP_alias,85.0,evoked_spikes_per_neuron_per_pulse,0.3527777777777778,0.3948412698412698,0.042063492063492025,11.923509561304824,1
cut_both_bridge_segments,pC1_neuronbridge_any_hit,85.0,response_spikes,1936.0,2210.0,274.0,14.152892561983471,1
cut_both_bridge_segments,pC1_neuronbridge_any_hit,85.0,peak_rate_hz,10.560747663551401,13.925233644859812,3.3644859813084107,31.85840707964601,1
cut_both_bridge_segments,pC1_neuronbridge_any_hit,85.0,evoked_spikes_per_neuron_per_pulse,0.4523364485981308,0.5163551401869159,0.06401869158878504,14.15289256198347,1
cut_both_bridge_segments,pC1_neuronbridge_best_rank_le_100,85.0,response_spikes,255.0,317.0,62.0,24.313725490196077,1
cut_both_bridge_segments,pC1_neuronbridge_best_rank_le_100,85.0,peak_rate_hz,12.0,12.0,0.0,0.0,0
cut_both_bridge_segments,pC1_neuronbridge_best_rank_le_100,85.0,evoked_spikes_per_neuron_per_pulse,0.425,0.5283333333333333,0.10333333333333333,24.31372549019608,1
cut_both_bridge_segments,pC1_type_all,95.0,response_spikes,2238.0,2514.0,276.0,12.332439678284182,1
cut_both_bridge_segments,pC1_type_all,95.0,peak_rate_hz,11.071428571428571,11.696428571428571,0.625,5.645161290322581,1
cut_both_bridge_segments,pC1_type_all,95.0,evoked_spikes_per_neuron_per_pulse,0.49955357142857143,0.5611607142857142,0.061607142857142805,12.332439678284171,1
cut_both_bridge_segments,pC1_fruDsx_nonmissing,95.0,response_spikes,2238.0,2514.0,276.0,12.332439678284182,1
cut_both_bridge_segments,pC1_fruDsx_nonmissing,95.0,peak_rate_hz,11.17117117117117,11.801801801801803,0.6306306306306322,5.645161290322595,1
cut_both_bridge_segments,pC1_fruDsx_nonmissing,95.0,evoked_spikes_per_neuron_per_pulse,0.504054054054054,0.5662162162162162,0.06216216216216219,12.332439678284189,1
cut_both_bridge_segments,pC1_fruDsx_coexpress,95.0,response_spikes,961.0,999.0,38.0,3.9542143600416235,1
cut_both_bridge_segments,pC1_fruDsx_coexpress,95.0,peak_rate_hz,8.307692307692308,8.461538461538462,0.1538461538461533,1.8518518518518452,1
cut_both_bridge_segments,pC1_fruDsx_coexpress,95.0,evoked_spikes_per_neuron_per_pulse,0.3696153846153846,0.3842307692307692,0.014615384615384586,3.954214360041615,1
cut_both_bridge_segments,pC1_pMP_alias,95.0,response_spikes,961.0,999.0,38.0,3.9542143600416235,1
cut_both_bridge_segments,pC1_pMP_alias,95.0,peak_rate_hz,8.571428571428571,8.730158730158731,0.15873015873015994,1.851851851851866,1
cut_both_bridge_segments,pC1_pMP_alias,95.0,evoked_spikes_per_neuron_per_pulse,0.3813492063492063,0.3964285714285714,0.015079365079365081,3.954214360041624,1
cut_both_bridge_segments,pC1_neuronbridge_any_hit,95.0,response_spikes,2018.0,2233.0,215.0,10.654112983151636,1
cut_both_bridge_segments,pC1_neuronbridge_any_hit,95.0,peak_rate_hz,10.373831775700934,10.934579439252335,0.5607476635514015,5.405405405405403,1
cut_both_bridge_segments,pC1_neuronbridge_any_hit,95.0,evoked_spikes_per_neuron_per_pulse,0.47149532710280373,0.5217289719626168,0.050233644859813076,10.654112983151634,1
cut_both_bridge_segments,pC1_neuronbridge_best_rank_le_100,95.0,response_spikes,270.0,342.0,72.0,26.666666666666668,1
cut_both_bridge_segments,pC1_neuronbridge_best_rank_le_100,95.0,peak_rate_hz,10.0,12.0,2.0,20.0,1
cut_both_bridge_segments,pC1_neuronbridge_best_rank_le_100,95.0,evoked_spikes_per_neuron_per_pulse,0.45,0.57,0.11999999999999994,26.666666666666654,1
