0000ABB2
00000000
00000000
00000000
00000000
00000000
00000000
00000000
0000ABB2
00000000
00000000
00000000
00000000
00000000
00000000
00000000
0000ABB2
00000000
00000000
00000000
00000000
00000000
00000000
00000000
0000ABB2
00000000
00000000
00000000
00000000
00000000
00000000
00000000
0000ABB2
00000000
00000000
00000000
00000000
00000000
00000000
00000000
0000ABB2
00000000
00000000
00000000
00000000
00000000
00000000
00000000
0000ABB2
00000000
00000000
00000000
00000000
00000000
00000000
00000000
0000ABB2
00000000
00000000
00000000
00000000
00000000
00000000
00000000
0000ABB2
00000000
00000000
00000000
00000000
00000000
00000000
00000000
0000ABB2
00000000
00000000
00000000
00000000
00000000
00000000
00000000
0000ABB2
00000000
00000000
00000000
00000000
00000000
00000000
00000000
0000ABB2
00000000
00000000
00000000
00000000
00000000
00000000
00000000
0000ABB2
00000000
00000000
00000000
00000000
00000000
00000000
00000000
0000ABB2
00000000
00000000
00000000
00000000
00000000
00000000
00000000
0000ABB2
00000000
00000000
00000000
00000000
00000000
00000000
00000000
0000ABB2
00000000
00000000
00000000
00000000
00000000
00000000
00000000
0000ABB2
00000000
00000000
00000000
00000000
00000000
00000000
00000000
0000ABB2
00000000
00000000
00000000
00000000
00000000
00000000
00000000
0000ABB2
00000000
00000000
00000000
00000000
00000000
00000000
00000000
0000ABB2
00000000
00000000
00000000
00000000
00000000
00000000
00000000
0000ABB2
00000000
00000000
00000000
00000000
00000000
00000000
00000000
0000ABB2
00000000
00000000
00000000
00000000
00000000
00000000
00000000
0000ABB2
00000000
00000000
00000000
00000000
00000000
00000000
00000000
0000ABB2
00000000
00000000
00000000
00000000
00000000
00000000
00000000
0000ABB2
00000000
00000000
00000000
00000000
00000000
00000000
00000000
0000ABB2
00000000
00000000
00000000
00000000
00000000
00000000
00000000
0000ABB2
00000000
00000000
00000000
00000000
00000000
00000000
00000000
0000ABB2
00000000
00000000
00000000
00000000
00000000
00000000
00000000
0000ABB2
00000000
00000000
00000000
00000000
00000000
00000000
00000000
0000ABB2
00000000
00000000
00000000
00000000
00000000
00000000
00000000
0000ABB2
00000000
00000000
00000000
00000000
00000000
00000000
00000000
0000ABB2
00000000
00000000
00000000
00000000
00000000
00000000
00000000
0000ABB2
00000000
00000000
00000000
00000000
00000000
00000000
00000000
0000ABB2
00000000
00000000
00000000
00000000
00000000
00000000
00000000
0000ABB2
00000000
00000000
00000000
00000000
00000000
00000000
00000000
0000ABB2
00000000
00000000
00000000
00000000
00000000
00000000
00000000
0000ABB2
00000000
00000000
00000000
00000000
00000000
00000000
00000000
0000ABB2
00000000
00000000
00000000
00000000
00000000
00000000
00000000
0000ABB2
00000000
00000000
00000000
00000000
00000000
00000000
00000000
0000ABB2
00000000
00000000
00000000
00000000
00000000
00000000
00000000
0000ABB2
00000000
00000000
00000000
00000000
00000000
00000000
00000000
0000ABB2
00000000
00000000
00000000
00000000
00000000
00000000
00000000
0000ABB2
00000000
00000000
00000000
00000000
00000000
00000000
00000000
0000ABB2
00000000
00000000
00000000
00000000
00000000
00000000
00000000
0000ABB2
00000000
00000000
00000000
00000000
00000000
00000000
00000000
0000ABB2
00000000
00000000
00000000
00000000
00000000
00000000
00000000
0000ABB2
00000000
00000000
00000000
00000000
00000000
00000000
00000000
0000ABB2
00000000
00000000
00000000
00000000
00000000
00000000
00000000
0000ABB2
00000000
00000000
00000000
00000000
00000000
00000000
00000000
0000ABB2
00000000
00000000
00000000
00000000
00000000
00000000
00000000
0000ABB2
00000000
00000000
00000000
00000000
00000000
00000000
00000000
0000ABB2
00000000
00000000
00000000
00000000
00000000
00000000
00000000
0000ABB2
00000000
00000000
00000000
00000000
00000000
00000000
00000000
0000ABB2
00000000
00000000
00000000
00000000
00000000
00000000
00000000
0000ABB2
00000000
00000000
00000000
00000000
00000000
00000000
00000000
0000ABB2
00000000
00000000
00000000
00000000
00000000
00000000
00000000
0000ABB2
00000000
00000000
00000000
00000000
00000000
00000000
00000000
0000ABB2
00000000
00000000
00000000
00000000
00000000
00000000
00000000
0000ABB2
00000000
00000000
00000000
00000000
00000000
00000000
00000000
0000ABB2
00000000
00000000
00000000
00000000
00000000
00000000
00000000
0000ABB2
00000000
00000000
00000000
00000000
00000000
00000000
00000000
0000ABB2
00000000
00000000
00000000
00000000
00000000
00000000
00000000
0000ABB2
00000000
00000000
00000000
00000000
00000000
00000000
00000000
0000ABB2
00000000
00000000
00000000
00000000
00000000
00000000
00000000
0000ABB2
00000000
00000000
00000000
00000000
00000000
00000000
00000000
0000ABB2
00000000
00000000
00000000
00000000
00000000
00000000
00000000
0000ABB2
00000000
00000000
00000000
00000000
00000000
00000000
00000000
0000ABB2
00000000
00000000
00000000
00000000
00000000
00000000
00000000
0000ABB2
00000000
00000000
00000000
00000000
00000000
00000000
00000000
0000ABB2
00000000
00000000
00000000
00000000
00000000
00000000
00000000
0000ABB2
00000000
00000000
00000000
00000000
00000000
00000000
00000000
0000ABB2
00000000
00000000
00000000
00000000
00000000
00000000
00000000
0000ABB2
00000000
00000000
00000000
00000000
00000000
00000000
00000000
0000ABB2
00000000
00000000
00000000
00000000
00000000
00000000
00000000
0000ABB2
00000000
00000000
00000000
00000000
00000000
00000000
00000000
0000ABB2
00000000
00000000
00000000
00000000
00000000
00000000
00000000
0000ABB2
00000000
00000000
00000000
00000000
00000000
00000000
00000000
0000ABB2
00000000
00000000
00000000
00000000
00000000
00000000
00000000
0000ABB2
00000000
00000000
00000000
00000000
00000000
00000000
00000000
0000ABB2
00000000
00000000
00000000
00000000
00000000
00000000
00000000
0000ABB2
00000000
00000000
00000000
00000000
00000000
00000000
00000000
0000ABB2
00000000
00000000
00000000
00000000
00000000
00000000
00000000
0000ABB2
00000000
00000000
00000000
00000000
00000000
00000000
00000000
0000ABB2
00000000
00000000
00000000
00000000
00000000
00000000
00000000
0000ABB2
00000000
00000000
00000000
00000000
00000000
00000000
00000000
0000ABB2
00000000
00000000
00000000
00000000
00000000
00000000
00000000
0000ABB2
00000000
00000000
00000000
00000000
00000000
00000000
00000000
0000ABB2
00000000
00000000
00000000
00000000
00000000
00000000
00000000
0000ABB2
00000000
00000000
00000000
00000000
00000000
00000000
00000000
0000ABB2
00000000
00000000
00000000
00000000
00000000
00000000
00000000
0000ABB2
00000000
00000000
00000000
00000000
00000000
00000000
00000000
0000ABB2
00000000
00000000
00000000
00000000
00000000
00000000
00000000
0000ABB2
00000000
00000000
00000000
00000000
00000000
00000000
00000000
0000ABB2
00000000
00000000
00000000
00000000
00000000
00000000
00000000
0000ABB2
00000000
00000000
00000000
00000000
00000000
00000000
00000000
0000ABB2
00000000
00000000
00000000
00000000
00000000
00000000
00000000
0000ABB2
00000000
00000000
00000000
00000000
00000000
00000000
00000000
0000ABB2
00000000
00000000
00000000
00000000
00000000
00000000
00000000
0000ABB2
00000000
00000000
00000000
00000000
00000000
00000000
00000000
0000ABB2
00000000
00000000
00000000
00000000
00000000
00000000
00000000
0000C745
000008D4
0000005D
00000000
00000000
00000000
00000000
00000000
00013156
00002C02
0006008A
00000000
00000000
00000000
00000000
00000000
0001E6AF
000067BD
00000142
00000002
00000000
00000000
00000000
00000000
00030997
0000C77B
0000027C
000E0004
00000000
00000000
00000000
00000000
00028A20
00009D12
00000268
001D0001
00000002
00000000
00000000
00000000
00019CDB
00004F09
0000015A
00090001
00020000
00000000
00000000
00000000
0001791D
00004396
000000E3
00020000
00000000
00000000
00000000
00000000
0000FFBE
00001BA3
00000061
00020000
00000000
00000000
00000000
00000000
0000DDAD
0000106F
0000003A
00020000
00010000
00000000
00000000
00000000
0000E380
00001255
00000045
00010000
00010000
00000000
00000000
00000000
0000D09C
00000C1A
00000034
00000000
00000000
00000000
00000000
00000000
0000C043
000006C1
0000001A
00000000
00000000
00000000
00000000
00000000
0000B32C
00000272
0000000C
00000000
00000000
00000000
00000000
00000000
0000B0BF
000001A8
00000007
00000000
00000000
00000000
00000000
00000000
0000C10F
00000707
00000018
00000000
00000000
00000000
00000000
00000000
0000B1A6
000001F1
0000000B
00000000
00000000
00000000
00000000
00000000
0000B2B7
0000024D
0000000A
00000000
00000000
00000000
00000000
00000000
0000AC7B
00000041
00000002
00000000
00000000
00000000
00000000
00000000
0000B0AA
000001A2
00000006
00000000
00000000
00000000
00000000
00000000
0000ABB2
00000000
00000000
00000000
00000000
00000000
00000000
00000000
0000ABB2
00000000
00000000
00000000
00000000
00000000
00000000
00000000
0000ABB2
00000000
00000000
00000000
00000000
00000000
00000000
00000000
0000ABB2
00000000
00000000
00000000
00000000
00000000
00000000
00000000
0000ABB2
00000000
00000000
00000000
00000000
00000000
00000000
00000000
0000ABB2
00000000
00000000
00000000
00000000
00000000
00000000
00000000
0000ABB2
00000000
00000000
00000000
00000000
00000000
00000000
00000000
0000ABB2
00000000
00000000
00000000
00000000
00000000
00000000
00000000
0000ABB2
00000000
00000000
00000000
00000000
00000000
00000000
00000000
0000ABB2
00000000
00000000
00000000
00000000
00000000
00000000
00000000
0000ABB2
00000000
00000000
00000000
00000000
00000000
00000000
00000000
0000ABB2
00000000
00000000
00000000
00000000
00000000
00000000
00000000
0000ABB2
00000000
00000000
00000000
00000000
00000000
00000000
00000000
0000ABB2
00000000
00000000
00000000
00000000
00000000
00000000
00000000
0000ABB2
00000000
00000000
00000000
00000000
00000000
00000000
00000000
0000ABB2
00000000
00000000
00000000
00000000
00000000
00000000
00000000
0000C6F7
000008BB
0000005C
00000000
00000000
00000000
00000000
00000000
00011917
00002403
00060074
00000000
00000000
00000000
00000000
00000000
00018535
000047A2
000000DF
00000000
00000000
00000000
00000000
00000000
0001C70E
00005D70
00000104
00040004
00000000
00000000
00000000
00000000
0001ECD3
000069B6
00000155
001F0001
00000000
00000000
00000000
00000000
00019FEA
0000503C
0000012C
000B0001
00000002
00000000
00000000
00000000
0001410A
000030E6
000000E2
00010000
00000000
00000000
00000000
00000000
00014113
00003123
000000A8
00000000
00000000
00000000
00000000
00000000
0000C496
0000081F
0000002D
00000000
00000000
00000000
00000000
00000000
0000B9BC
0000049F
0000000F
00000000
00000000
00000000
00000000
00000000
0000D3A2
00000D30
00000020
00000000
00000000
00000000
00000000
00000000
0000B28A
0000023D
0000000B
00000000
00000000
00000000
00000000
00000000
0000B875
00000433
0000000E
00000000
00000000
00000000
00000000
00000000
0000B155
000001D6
0000000B
00000000
00000000
00000000
00000000
00000000
0000B278
00000239
00000009
00000000
00000000
00000000
00000000
00000000
0000B608
00000368
0000000A
00000000
00000000
00000000
00000000
00000000
0000BD5E
000005D5
0000000F
00000000
00000000
00000000
00000000
00000000
0000B446
000002D6
00000006
00000000
00000000
00000000
00000000
00000000
0000ABB2
00000000
00000000
00000000
00000000
00000000
00000000
00000000
0000ABB2
00000000
00000000
00000000
00000000
00000000
00000000
00000000
0000ABB2
00000000
00000000
00000000
00000000
00000000
00000000
00000000
0000ABB2
00000000
00000000
00000000
00000000
00000000
00000000
00000000
0000ABB2
00000000
00000000
00000000
00000000
00000000
00000000
00000000
0000ABB2
00000000
00000000
00000000
00000000
00000000
00000000
00000000
0000ABB2
00000000
00000000
00000000
00000000
00000000
00000000
00000000
0000ABB2
00000000
00000000
00000000
00000000
00000000
00000000
00000000
0000ABB2
00000000
00000000
00000000
00000000
00000000
00000000
00000000
0000ABB2
00000000
00000000
00000000
00000000
00000000
00000000
00000000
0000ABB2
00000000
00000000
00000000
00000000
00000000
00000000
00000000
0000ABB2
00000000
00000000
00000000
00000000
00000000
00000000
00000000
0000ABB2
00000000
00000000
00000000
00000000
00000000
00000000
00000000
0000ABB2
00000000
00000000
00000000
00000000
00000000
00000000
00000000
0000ABB2
00000000
00000000
00000000
00000000
00000000
00000000
00000000
0000ABB2
00000000
00000000
00000000
00000000
00000000
00000000
00000000
0000ABB2
00000000
00000000
00000000
00000000
00000000
00000000
00000000
0000C745
000008D4
0000005D
00000000
00000000
00000000
00000000
00000000
00011CF8
00002549
00060079
00000000
00000000
00000000
00000000
00000000
00017B9F
0000446B
000000E4
00000002
00000000
00000000
00000000
00000000
0001E7F0
00006839
00000131
00070004
00000000
00000000
00000000
00000000
0001DC08
00006423
0000014F
00190001
00000000
00000000
00000000
00000000
0001B3E5
000056E3
0000012E
000E0000
00000002
00000000
00000000
00000000
00017D85
000044E3
0000010E
00040000
00000000
00000000
00000000
00000000
000132BE
00002C6C
00000098
00000000
00000000
00000000
00000000
00000000
0000F016
00001676
00000056
00020000
00000000
00000000
00000000
00000000
0000E230
000011E5
00000045
00010000
00000000
00000000
00000000
00000000
0000E911
0000143C
00000039
00000000
00000000
00000000
00000000
00000000
0000CD30
00000B06
00000024
00000000
00000000
00000000
00000000
00000000
0000CB9B
00000A84
0000001F
00000000
00000000
00000000
00000000
00000000
0000BCB3
0000059A
00000011
00000000
00000000
00000000
00000000
00000000
0000B12B
000001CE
00000005
00000000
00000000
00000000
00000000
00000000
0000ABB2
00000000
00000000
00000000
00000000
00000000
00000000
00000000
0000ABB2
00000000
00000000
00000000
00000000
00000000
00000000
00000000
0000ABB2
00000000
00000000
00000000
00000000
00000000
00000000
00000000
0000ABB2
00000000
00000000
00000000
00000000
00000000
00000000
00000000
0000ABB2
00000000
00000000
00000000
00000000
00000000
00000000
00000000
0000ABB2
00000000
00000000
00000000
00000000
00000000
00000000
00000000
0000ABB2
00000000
00000000
00000000
00000000
00000000
00000000
00000000
0000ABB2
00000000
00000000
00000000
00000000
00000000
00000000
00000000
0000ABB2
00000000
00000000
00000000
00000000
00000000
00000000
00000000
0000ABB2
00000000
00000000
00000000
00000000
00000000
00000000
00000000
0000ABB2
00000000
00000000
00000000
00000000
00000000
00000000
00000000
0000ABB2
00000000
00000000
00000000
00000000
00000000
00000000
00000000
0000ABB2
00000000
00000000
00000000
00000000
00000000
00000000
00000000
0000ABB2
00000000
00000000
00000000
00000000
00000000
00000000
00000000
0000ABB2
00000000
00000000
00000000
00000000
00000000
00000000
00000000
0000ABB2
00000000
00000000
00000000
00000000
00000000
00000000
00000000
0000ABB2
00000000
00000000
00000000
00000000
00000000
00000000
00000000
0000ABB2
00000000
00000000
00000000
00000000
00000000
00000000
00000000
0000ABB2
00000000
00000000
00000000
00000000
00000000
00000000
00000000
0000ABB2
00000000
00000000
00000000
00000000
00000000
00000000
00000000
0000C6F7
000008BB
0000005C
00000000
00000000
00000000
00000000
00000000
00011830
000023B5
00060075
00000000
00000000
00000000
00000000
00000000
00016615
00003D53
000000CE
00000002
00000000
00000000
00000000
00000000
000195B5
00004D1C
000000E5
00000004
00000000
00000000
00000000
00000000
0001DA9A
000063D4
00000124
00170000
00000000
00000000
00000000
00000000
00018D60
00004A26
00000114
000F0001
00000001
00000000
00000000
00000000
000162BB
00003C04
000000FF
00030000
00000001
00000000
00000000
00000000
00011011
000020F1
00000084
00010000
00000000
00000000
00000000
00000000
0000CC04
00000A99
0000002D
00010000
00000000
00000000
00000000
00000000
0000C2F2
000007A7
00000019
00010000
00000000
00000000
00000000
00000000
0000B143
000001D1
0000000A
00000000
00000000
00000000
00000000
00000000
0000B48E
000002ED
00000007
00000000
00000000
00000000
00000000
00000000
0000ACA8
00000050
00000002
00000000
00000000
00000000
00000000
00000000
0000AD92
0000009F
00000001
00000000
00000000
00000000
00000000
00000000
0000ABB2
00000000
00000000
00000000
00000000
00000000
00000000
00000000
0000ABB2
00000000
00000000
00000000
00000000
00000000
00000000
00000000
0000ABB2
00000000
00000000
00000000
00000000
00000000
00000000
00000000
0000ABB2
00000000
00000000
00000000
00000000
00000000
00000000
00000000
0000ABB2
00000000
00000000
00000000
00000000
00000000
00000000
00000000
0000ABB2
00000000
00000000
00000000
00000000
00000000
00000000
00000000
0000ABB2
00000000
00000000
00000000
00000000
00000000
00000000
00000000
0000ABB2
00000000
00000000
00000000
00000000
00000000
00000000
00000000
0000ABB2
00000000
00000000
00000000
00000000
00000000
00000000
00000000
0000ABB2
00000000
00000000
00000000
00000000
00000000
00000000
00000000
0000ABB2
00000000
00000000
00000000
00000000
00000000
00000000
00000000
0000ABB2
00000000
00000000
00000000
00000000
00000000
00000000
00000000
0000ABB2
00000000
00000000
00000000
00000000
00000000
00000000
00000000
0000ABB2
00000000
00000000
00000000
00000000
00000000
00000000
00000000
0000ABB2
00000000
00000000
00000000
00000000
00000000
00000000
00000000
0000ABB2
00000000
00000000
00000000
00000000
00000000
00000000
00000000
0000ABB2
00000000
00000000
00000000
00000000
00000000
00000000
00000000
0000ABB2
00000000
00000000
00000000
00000000
00000000
00000000
00000000
0000ABB2
00000000
00000000
00000000
00000000
00000000
00000000
00000000
0000ABB2
00000000
00000000
00000000
00000000
00000000
00000000
00000000
0000ABB2
00000000
00000000
00000000
00000000
00000000
00000000
00000000
0000C745
000008D4
0000005D
00000000
00000000
00000000
00000000
00000000
00011C4D
00002512
00060077
00000000
00000000
00000000
00000000
00000000
00017C95
000044C6
000000DB
00000002
00000000
00000000
00000000
00000000
0001F9C9
00006E25
00000138
00070004
00000000
00000000
00000000
00000000
000216BB
0000775F
000001A4
001E0001
00000000
00000000
00000000
00000000
0001C0EA
00005B01
00000167
000A0001
00000002
00000000
00000000
00000000
00015766
0000385B
000000E1
00010000
00000000
00000000
00000000
00000000
0000FC01
00001A5C
00000069
00010000
00000000
00000000
00000000
00000000
0000E302
00001221
0000004F
00000000
00000000
00000000
00000000
00000000
0000DB49
00000FA3
0000003A
00000000
00000000
00000000
00000000
00000000
0000CBE9
00000A99
00000024
00000000
00000000
00000000
00000000
00000000
0000BF44
00000669
0000001D
00000000
00000000
00000000
00000000
00000000
0000BFE6
000006A0
0000001C
00000000
00000000
00000000
00000000
00000000
0000BDFA
00000601
00000017
00000000
00000000
00000000
00000000
00000000
0000BFB6
00000697
00000015
00000000
00000000
00000000
00000000
00000000
0000C901
000009AB
0000001A
00000000
00000000
00000000
00000000
00000000
0000B923
0000046B
00000010
00000000
00000000
00000000
00000000
00000000
0000B92F
0000046C
00000013
00000000
00000000
00000000
00000000
00000000
0000B197
000001F2
00000005
00000000
00000000
00000000
00000000
00000000
0000ABDC
0000000D
00000001
00000000
00000000
00000000
00000000
00000000
0000ABB2
00000000
00000000
00000000
00000000
00000000
00000000
00000000
0000ABB2
00000000
00000000
00000000
00000000
00000000
00000000
00000000
0000ABB2
00000000
00000000
00000000
00000000
00000000
00000000
00000000
0000ABB2
00000000
00000000
00000000
00000000
00000000
00000000
00000000
0000ABB2
00000000
00000000
00000000
00000000
00000000
00000000
00000000
0000ABB2
00000000
00000000
00000000
00000000
00000000
00000000
00000000
0000ABB2
00000000
00000000
00000000
00000000
00000000
00000000
00000000
0000ABB2
00000000
00000000
00000000
00000000
00000000
00000000
00000000
0000ABB2
00000000
00000000
00000000
00000000
00000000
00000000
00000000
0000ABB2
00000000
00000000
00000000
00000000
00000000
00000000
00000000
0000ABB2
00000000
00000000
00000000
00000000
00000000
00000000
00000000
0000ABB2
00000000
00000000
00000000
00000000
00000000
00000000
00000000
0000ABB2
00000000
00000000
00000000
00000000
00000000
00000000
00000000
0000ABB2
00000000
00000000
00000000
00000000
00000000
00000000
00000000
0000ABB2
00000000
00000000
00000000
00000000
00000000
00000000
00000000
0000C6F7
000008BB
0000005C
00000000
00000000
00000000
00000000
00000000
000116FB
00002350
00060073
00000000
00000000
00000000
00000000
00000000
000166C6
00003D8B
000000D1
00000001
00000000
00000000
00000000
00000000
0001DEAB
00006536
0000011D
00040005
00000000
00000000
00000000
00000000
0001F579
00006CA0
0000014D
00150000
00000000
00000000
00000000
00000000
0001AE0C
000054CB
00000153
000D0000
00000002
00000000
00000000
00000000
00016E85
00003FFF
000000F2
00050000
00000000
00000000
00000000
00000000
000135BE
00002D74
00000090
00020001
00000000
00000000
00000000
00000000
00010D29
00002009
00000074
00030000
00000000
00000000
00000000
00000000
0000EFF8
00001667
0000005B
00030000
00000000
00000000
00000000
00000000
0000C37F
000007CC
00000023
00000000
00000000
00000000
00000000
00000000
0000CBF8
00000AA4
0000001E
00000000
00000000
00000000
00000000
00000000
0000BD8E
000005E1
00000013
00000000
00000000
00000000
00000000
00000000
0000B27E
0000023B
00000009
00000000
00000000
00000000
00000000
00000000
0000ACCF
0000005E
00000001
00000000
00000000
00000000
00000000
00000000
0000ABB2
00000000
00000000
00000000
00000000
00000000
00000000
00000000
0000ABB2
00000000
00000000
00000000
00000000
00000000
00000000
00000000
0000ABB2
00000000
00000000
00000000
00000000
00000000
00000000
00000000
0000ABB2
00000000
00000000
00000000
00000000
00000000
00000000
00000000
0000ABB2
00000000
00000000
00000000
00000000
00000000
00000000
00000000
0000ABB2
00000000
00000000
00000000
00000000
00000000
00000000
00000000
0000ABB2
00000000
00000000
00000000
00000000
00000000
00000000
00000000
0000ABB2
00000000
00000000
00000000
00000000
00000000
00000000
00000000
0000ABB2
00000000
00000000
00000000
00000000
00000000
00000000
00000000
0000ABB2
00000000
00000000
00000000
00000000
00000000
00000000
00000000
0000ABB2
00000000
00000000
00000000
00000000
00000000
00000000
00000000
0000ABB2
00000000
00000000
00000000
00000000
00000000
00000000
00000000
0000ABB2
00000000
00000000
00000000
00000000
00000000
00000000
00000000
0000ABB2
00000000
00000000
00000000
00000000
00000000
00000000
00000000
0000ABB2
00000000
00000000
00000000
00000000
00000000
00000000
00000000
0000ABB2
00000000
00000000
00000000
00000000
00000000
00000000
00000000
0000ABB2
00000000
00000000
00000000
00000000
00000000
00000000
00000000
0000ABB2
00000000
00000000
00000000
00000000
00000000
00000000
00000000
0000ABB2
00000000
00000000
00000000
00000000
00000000
00000000
00000000
0000ABB2
00000000
00000000
00000000
00000000
00000000
00000000
00000000
0000C745
000008D4
0000005D
00000000
00000000
00000000
00000000
00000000
000118EA
000023F3
00060075
00000000
00000000
00000000
00000000
00000000
00017E18
0000454E
000000D4
00000002
00000000
00000000
00000000
00000000
0001E217
00006653
00000124
00080004
00000000
00000000
00000000
00000000
0001D9B6
0000635A
00000152
001B0001
00000000
00000000
00000000
00000000
0001BB2F
0000593B
00000144
000F0001
00000002
00000000
00000000
00000000
00019B25
00004EAB
00000126
00010000
00000000
00000000
00000000
00000000
00012328
0000273B
00000097
00000000
00000000
00000000
00000000
00000000
0000D717
00000E45
00000032
00020000
00000000
00000000
00000000
00000000
0000C037
000006BF
00000018
00010000
00000000
00000000
00000000
00000000
0000BA82
000004DD
00000013
00000000
00000000
00000000
00000000
00000000
0000CAF6
00000A50
0000001C
00000000
00000000
00000000
00000000
00000000
0000BB42
0000051A
00000016
00000000
00000000
00000000
00000000
00000000
0000B1C1
000001FC
00000009
00000000
00000000
00000000
00000000
00000000
0000ACF3
00000068
00000003
00000000
00000000
00000000
00000000
00000000
0000ABB2
00000000
00000000
00000000
00000000
00000000
00000000
00000000
0000ABB2
00000000
00000000
00000000
00000000
00000000
00000000
00000000
0000ABB2
00000000
00000000
00000000
00000000
00000000
00000000
00000000
0000ABB2
00000000
00000000
00000000
00000000
00000000
00000000
00000000
0000ABB2
00000000
00000000
00000000
00000000
00000000
00000000
00000000
0000ABB2
00000000
00000000
00000000
00000000
00000000
00000000
00000000
0000ABB2
00000000
00000000
00000000
00000000
00000000
00000000
00000000
0000ABB2
00000000
00000000
00000000
00000000
00000000
00000000
00000000
0000ABB2
00000000
00000000
00000000
00000000
00000000
00000000
00000000
0000ABB2
00000000
00000000
00000000
00000000
00000000
00000000
00000000
0000ABB2
00000000
00000000
00000000
00000000
00000000
00000000
00000000
0000ABB2
00000000
00000000
00000000
00000000
00000000
00000000
00000000
0000ABB2
00000000
00000000
00000000
00000000
00000000
00000000
00000000
0000ABB2
00000000
00000000
00000000
00000000
00000000
00000000
00000000
0000ABB2
00000000
00000000
00000000
00000000
00000000
00000000
00000000
0000ABB2
00000000
00000000
00000000
00000000
00000000
00000000
00000000
0000ABB2
00000000
00000000
00000000
00000000
00000000
00000000
00000000
0000ABB2
00000000
00000000
00000000
00000000
00000000
00000000
00000000
0000ABB2
00000000
00000000
00000000
00000000
00000000
00000000
00000000
0000ABB2
00000000
00000000
00000000
00000000
00000000
00000000
00000000
0000C6F7
000008BB
0000005C
00000000
00000000
00000000
00000000
00000000
00011B93
000024D4
00060077
00000000
00000000
00000000
00000000
00000000
00017B84
00004460
000000E6
00000002
00000000
00000000
00000000
00000000
0001C9F6
00005E53
00000119
00020004
00000000
00000000
00000000
00000000
0001E508
0000672D
00000145
00190001
00000000
00000000
00000000
00000000
0001B352
000056A6
0000013A
00110001
00000002
00000000
00000000
00000000
00016834
00003DC8
0000010E
00060000
00000000
00000000
00000000
00000000
00012C70
00002A46
000000A4
00010000
00000000
00000000
00000000
00000000
0000F13C
000016D2
0000005C
00020000
00000000
00000000
00000000
00000000
0000C7D5
00000937
0000002A
00000000
00000000
00000000
00000000
00000000
0000BB78
00000539
00000009
00000000
00000000
00000000
00000000
00000000
0000BAFA
00000509
0000000F
00000000
00000000
00000000
00000000
00000000
0000DAFB
00000F8C
00000037
00000000
00000000
00000000
00000000
00000000
0000C9DF
000009EE
00000021
00000000
00000000
00000000
00000000
00000000
0000B752
000003CF
00000011
00000000
00000000
00000000
00000000
00000000
0000B26F
00000236
00000009
00000000
00000000
00000000
00000000
00000000
0000B1F1
0000020F
00000006
00000000
00000000
00000000
00000000
00000000
0000B32C
00000279
00000005
00000000
00000000
00000000
00000000
00000000
0000ABB2
00000000
00000000
00000000
00000000
00000000
00000000
00000000
0000ABB2
00000000
00000000
00000000
00000000
00000000
00000000
00000000
0000ABB2
00000000
00000000
00000000
00000000
00000000
00000000
00000000
0000ABB2
00000000
00000000
00000000
00000000
00000000
00000000
00000000
0000ABB2
00000000
00000000
00000000
00000000
00000000
00000000
00000000
0000ABB2
00000000
00000000
00000000
00000000
00000000
00000000
00000000
0000ABB2
00000000
00000000
00000000
00000000
00000000
00000000
00000000
0000ABB2
00000000
00000000
00000000
00000000
00000000
00000000
00000000
0000ABB2
00000000
00000000
00000000
00000000
00000000
00000000
00000000
0000ABB2
00000000
00000000
00000000
00000000
00000000
00000000
00000000
0000ABB2
00000000
00000000
00000000
00000000
00000000
00000000
00000000
0000ABB2
00000000
00000000
00000000
00000000
00000000
00000000
00000000
0000ABB2
00000000
00000000
00000000
00000000
00000000
00000000
00000000
0000ABB2
00000000
00000000
00000000
00000000
00000000
00000000
00000000
0000ABB2
00000000
00000000
00000000
00000000
00000000
00000000
00000000
0000ABB2
00000000
00000000
00000000
00000000
00000000
00000000
00000000
0000ABB2
00000000
00000000
00000000
00000000
00000000
00000000
00000000
0000C745
000008D4
0000005D
00000000
00000000
00000000
00000000
00000000
00011C38
0000250A
00060078
00000000
00000000
00000000
00000000
00000000
00016E43
00004006
000000D5
00000002
00000000
00000000
00000000
00000000
0001E6B2
000067D4
0000012C
00070004
00000000
00000000
00000000
00000000
000203BF
0000714B
00000164
00170001
00000000
00000000
00000000
00000000
0001AA04
0000538E
00000138
000D0001
00000002
00000000
00000000
00000000
00014D91
00003517
000000DE
00050000
00000000
00000000
00000000
00000000
0000E251
000011E1
00000054
00010000
00000000
00000000
00000000
00000000
0000CE5F
00000B63
0000002C
00010000
00000000
00000000
00000000
00000000
0000CF97
00000BC9
0000002E
00010000
00000000
00000000
00000000
00000000
0000BE9C
00000635
00000019
00000000
00000000
00000000
00000000
00000000
0000B78E
000003E9
0000000B
00000000
00000000
00000000
00000000
00000000
0000ADC5
000000AE
00000003
00000000
00000000
00000000
00000000
00000000
0000ABB2
00000000
00000000
00000000
00000000
00000000
00000000
00000000
0000ABB2
00000000
00000000
00000000
00000000
00000000
00000000
00000000
0000ABB2
00000000
00000000
00000000
00000000
00000000
00000000
00000000
0000ABB2
00000000
00000000
00000000
00000000
00000000
00000000
00000000
0000ABB2
00000000
00000000
00000000
00000000
00000000
00000000
00000000
0000ABB2
00000000
00000000
00000000
00000000
00000000
00000000
00000000
0000ABB2
00000000
00000000
00000000
00000000
00000000
00000000
00000000
0000ABB2
00000000
00000000
00000000
00000000
00000000
00000000
00000000
0000ABB2
00000000
00000000
00000000
00000000
00000000
00000000
00000000
0000ABB2
00000000
00000000
00000000
00000000
00000000
00000000
00000000
0000ABB2
00000000
00000000
00000000
00000000
00000000
00000000
00000000
0000ABB2
00000000
00000000
00000000
00000000
00000000
00000000
00000000
0000ABB2
00000000
00000000
00000000
00000000
00000000
00000000
00000000
0000ABB2
00000000
00000000
00000000
00000000
00000000
00000000
00000000
0000ABB2
00000000
00000000
00000000
00000000
00000000
00000000
00000000
0000ABB2
00000000
00000000
00000000
00000000
00000000
00000000
00000000
0000ABB2
00000000
00000000
00000000
00000000
00000000
00000000
00000000
0000ABB2
00000000
00000000
00000000
00000000
00000000
00000000
00000000
0000ABB2
00000000
00000000
00000000
00000000
00000000
00000000
00000000
0000ABB2
00000000
00000000
00000000
00000000
00000000
00000000
00000000
0000ABB2
00000000
00000000
00000000
00000000
00000000
00000000
00000000
0000ABB2
00000000
00000000
00000000
00000000
00000000
00000000
00000000
0000C6F7
000008BB
0000005C
00000000
00000000
00000000
00000000
00000000
00011D4F
00002566
00060079
00000000
00000000
00000000
00000000
00000000
0001852F
0000479E
000000E1
00000001
00000000
00000000
00000000
00000000
0001F67B
00006D0A
00000139
00030004
00000000
00000000
00000000
00000000
0001E9C1
000068BC
00000149
00200001
00000000
00000000
00000000
00000000
0001A2AB
0000510A
00000149
00090001
00000002
00000000
00000000
00000000
00017EE1
00004560
00000105
00040000
00000000
00000000
00000000
00000000
00013C36
00002F7E
000000AE
00010000
00000000
00000000
00000000
00000000
0000D108
00000C3F
00000033
00000000
00000000
00000000
00000000
00000000
0000E365
00001261
00000030
00000000
00000001
00000000
00000000
00000000
0000DF6F
000010F7
00000048
00000000
00000000
00000000
00000000
00000000
0000C7AB
00000927
0000002C
00000000
00000000
00000000
00000000
00000000
0000B69E
00000390
00000014
00000000
00000000
00000000
00000000
00000000
0000B5D8
00000355
0000000D
00000000
00000000
00000000
00000000
00000000
0000B54B
00000325
0000000E
00000000
00000000
00000000
00000000
00000000
0000D1AA
00000C8B
0000001D
00000000
00000000
00000000
00000000
00000000
0000C40C
00000804
0000001A
00000000
00000000
00000000
00000000
00000000
0000BC8F
0000058A
00000015
00000000
00000000
00000000
00000000
00000000
0000B572
0000032F
00000011
00000000
00000000
00000000
00000000
00000000
0000BAD9
000004F6
00000017
00000000
00000000
00000000
00000000
00000000
0000BA01
000004B2
00000013
00000000
00000000
00000000
00000000
00000000
0000B548
00000325
0000000D
00000000
00000000
00000000
00000000
00000000
0000C619
000008B9
00000014
00000000
00000000
00000000
00000000
00000000
0000BB87
00000534
00000013
00000000
00000000
00000000
00000000
00000000
0000ABE5
00000010
00000001
00000000
00000000
00000000
00000000
00000000
0000ABDC
0000000D
00000001
00000000
00000000
00000000
00000000
00000000
0000ABB2
00000000
00000000
00000000
00000000
00000000
00000000
00000000
0000ABB2
00000000
00000000
00000000
00000000
00000000
00000000
00000000
0000ABB2
00000000
00000000
00000000
00000000
00000000
00000000
00000000
0000ABB2
00000000
00000000
00000000
00000000
00000000
00000000
00000000
0000ABB2
00000000
00000000
00000000
00000000
00000000
00000000
00000000
0000ABB2
00000000
00000000
00000000
00000000
00000000
00000000
00000000
0000ABB2
00000000
00000000
00000000
00000000
00000000
00000000
00000000
0000ABB2
00000000
00000000
00000000
00000000
00000000
00000000
00000000
0000ABB2
00000000
00000000
00000000
00000000
00000000
00000000
00000000
0000C700
000008BE
0000005C
00000000
00000000
00000000
00000000
00000000
000115C3
000022E9
00060072
00000000
00000000
00000000
00000000
00000000
00016AB6
00003EDB
000000D1
00000002
00000000
00000000
00000000
00000000
0001CEDC
00006002
0000010C
00060004
00000000
00000000
00000000
00000000
0001BED4
00005A92
00000124
00110001
00000000
00000000
00000000
00000000
00017C47
00004495
000000F2
00120001
00000001
00000000
00000000
00000000
000155D4
000037DF
000000D7
00020000
00000001
00000000
00000000
00000000
00012A81
000029BF
00000086
00010000
00000000
00000000
00000000
00000000
0000E089
00001152
0000004B
00020000
00000000
00000000
00000000
00000000
0000F3AC
000017B0
0000004E
00000000
00000001
00000000
00000000
00000000
000105F1
00001DB0
00000065
00000000
00000000
00000000
00000000
00000000
0000D27C
00000CB0
0000003E
00010000
00000000
00000000
00000000
00000000
0000C47B
00000822
00000021
00000000
00000000
00000000
00000000
00000000
0000B161
000001DB
0000000A
00000000
00000000
00000000
00000000
00000000
0000AF36
00000127
00000005
00000000
00000000
00000000
00000000
00000000
0000B6D4
000003AB
0000000B
00000000
00000000
00000000
00000000
00000000
0000BDDF
000005FD
00000012
00000000
00000000
00000000
00000000
00000000
0000B73A
000003D0
00000008
00000000
00000000
00000000
00000000
00000000
0000ADC5
000000AD
00000004
00000000
00000000
00000000
00000000
00000000
0000B6C2
000003A3
0000000D
00000000
00000000
00000000
00000000
00000000
0000B37A
00000292
00000006
00000000
00000000
00000000
00000000
00000000
0000B05F
0000018A
00000005
00000000
00000000
00000000
00000000
00000000
0000B5DB
00000359
0000000A
00000000
00000000
00000000
00000000
00000000
0000B0BC
000001A7
00000007
00000000
00000000
00000000
00000000
00000000
0000ABB2
00000000
00000000
00000000
00000000
00000000
00000000
00000000
0000ABB2
00000000
00000000
00000000
00000000
00000000
00000000
00000000
0000ABB2
00000000
00000000
00000000
00000000
00000000
00000000
00000000
0000ABB2
00000000
00000000
00000000
00000000
00000000
00000000
00000000
0000ABB2
00000000
00000000
00000000
00000000
00000000
00000000
00000000
0000ABB2
00000000
00000000
00000000
00000000
00000000
00000000
00000000
0000ABB2
00000000
00000000
00000000
00000000
00000000
00000000
00000000
0000ABB2
00000000
00000000
00000000
00000000
00000000
00000000
00000000
0000ABB2
00000000
00000000
00000000
00000000
00000000
00000000
00000000
0000ABB2
00000000
00000000
00000000
00000000
00000000
00000000
00000000
0000ABB2
00000000
00000000
00000000
00000000
00000000
00000000
00000000
0000C6F7
000008BB
0000005C
00000000
00000000
00000000
00000000
00000000
00011827
000023B4
00060073
00000000
00000000
00000000
00000000
00000000
00015832
000038BD
000000C3
00000000
00000000
00000000
00000000
00000000
0001715E
00004122
000000C2
00010005
00000000
00000000
00000000
00000000
0001EF82
00006AA7
00000149
00110000
00000000
00000000
00000000
00000000
00018541
00004785
00000100
00170000
00000001
00000000
00000000
00000000
000123D0
00002759
000000B1
00030000
00000000
00000000
00000000
00000000
000102FD
00001CBD
0000005C
00000000
00000000
00000000
00000000
00000000
0000DE70
000010A4
00000046
00000000
00000000
00000000
00000000
00000000
0000CA0F
000009F6
00000029
00000000
00000000
00000000
00000000
00000000
0000BA1C
000004C4
0000000A
00000000
00000000
00000000
00000000
00000000
0000BD13
000005BA
00000011
00000000
00000000
00000000
00000000
00000000
0000BAB8
000004F1
00000011
00000000
00000000
00000000
00000000
00000000
0000BB00
00000509
00000011
00000000
00000000
00000000
00000000
00000000
0000B05F
00000185
0000000A
00000000
00000000
00000000
00000000
00000000
0000AC8A
00000046
00000002
00000000
00000000
00000000
00000000
00000000
0000AF24
00000120
00000006
00000000
00000000
00000000
00000000
00000000
0000AEE8
0000010C
00000006
00000000
00000000
00000000
00000000
00000000
0000B97D
0000048C
0000000D
00000000
00000000
00000000
00000000
00000000
0000BF35
00000671
00000010
00000000
00000000
00000000
00000000
00000000
0000BA49
000004D2
0000000B
00000000
00000000
00000000
00000000
00000000
0000C6DF
000008FA
00000015
00000000
00000000
00000000
00000000
00000000
0000B794
000003ED
00000009
00000000
00000000
00000000
00000000
00000000
0000B87B
0000043A
00000009
00000000
00000000
00000000
00000000
00000000
0000D555
00000DC1
00000020
00000000
00000000
00000000
00000000
00000000
0000BFBF
00000693
0000001C
00000000
00000000
00000000
00000000
00000000
0000B083
00000190
0000000B
00000000
00000000
00000000
00000000
00000000
0000B656
0000037A
00000012
00000000
00000000
00000000
00000000
00000000
0000B500
0000030A
00000010
00000000
00000000
00000000
00000000
00000000
0000B542
00000324
0000000C
00000000
00000000
00000000
00000000
00000000
0000C490
00000838
00000012
00000000
00000000
00000000
00000000
00000000
0000BEC3
0000064D
0000000E
00000000
00000000
00000000
00000000
00000000
0000C27D
0000078A
0000000F
00000000
00000000
00000000
00000000
00000000
0000B48B
000002E5
0000000E
00000000
00000000
00000000
00000000
00000000
0000ACE7
00000063
00000004
00000000
00000000
00000000
00000000
00000000
0000C78D
000008EA
0000005F
00000000
00000000
00000000
00000000
00000000
00011908
000023FE
00060074
00000000
00000000
00000000
00000000
00000000
00016AB6
00003EDD
000000CF
00000002
00000000
00000000
00000000
00000000
00019C48
00004F41
000000F1
000D0004
00000000
00000000
00000000
00000000
0001D560
000061F5
00000145
000E0000
00000000
00000000
00000000
00000000
000150E2
0000364E
000000C2
000B0001
00000000
00000000
00000000
00000000
00010DC2
0000203C
00000074
00020000
00000002
00000000
00000000
00000000
0000EA10
00001472
00000058
00000000
00000000
00000000
00000000
00000000
0000D3BD
00000D20
00000039
00000000
00000000
00000000
00000000
00000000
0000DAF5
00000F9B
00000026
00000000
00000000
00000000
00000000
00000000
0000D24C
00000CC4
0000001A
00000000
00000000
00000000
00000000
00000000
0000CBD4
00000A8E
00000028
00000000
00000000
00000000
00000000
00000000
0000C66D
000008C2
00000027
00000000
00000000
00000000
00000000
00000000
0000D960
00000F1D
0000001D
00000000
00000000
00000000
00000000
00000000
0000BDC4
000005FB
0000000B
00000000
00000000
00000000
00000000
00000000
0000B1A9
000001FA
00000003
00000000
00000000
00000000
00000000
00000000
0000ABB2
00000000
00000000
00000000
00000000
00000000
00000000
00000000
0000ABB2
00000000
00000000
00000000
00000000
00000000
00000000
00000000
0000ABB2
00000000
00000000
00000000
00000000
00000000
00000000
00000000
0000ABB2
00000000
00000000
00000000
00000000
00000000
00000000
00000000
0000ABB2
00000000
00000000
00000000
00000000
00000000
00000000
00000000
0000ABB2
00000000
00000000
00000000
00000000
00000000
00000000
00000000
0000ABB2
00000000
00000000
00000000
00000000
00000000
00000000
00000000
0000ABB2
00000000
00000000
00000000
00000000
00000000
00000000
00000000
0000ABB2
00000000
00000000
00000000
00000000
00000000
00000000
00000000
0000ABB2
00000000
00000000
00000000
00000000
00000000
00000000
00000000
0000ABB2
00000000
00000000
00000000
00000000
00000000
00000000
00000000
0000ABB2
00000000
00000000
00000000
00000000
00000000
00000000
00000000
0000ABB2
00000000
00000000
00000000
00000000
00000000
00000000
00000000
0000ABB2
00000000
00000000
00000000
00000000
00000000
00000000
00000000
0000ABB2
00000000
00000000
00000000
00000000
00000000
00000000
00000000
0000ABB2
00000000
00000000
00000000
00000000
00000000
00000000
00000000
0000ABB2
00000000
00000000
00000000
00000000
00000000
00000000
00000000
0000ABB2
00000000
00000000
00000000
00000000
00000000
00000000
00000000
0000ABB2
00000000
00000000
00000000
00000000
00000000
00000000
00000000
0000C6F7
000008BB
0000005C
00000000
00000000
00000000
00000000
00000000
00011848
000023BF
00060073
00000000
00000000
00000000
00000000
00000000
0001655B
00003D17
000000CC
00000001
00000000
00000000
00000000
00000000
0001D8CC
0000632E
00000130
00040005
00000000
00000000
00000000
00000000
00022069
00007AC4
00000179
00150001
00000000
00000000
00000000
00000000
0001A950
00005346
00000144
00110001
00000002
00000000
00000000
00000000
0001754B
0000421D
00000116
00040000
00000000
00000000
00000000
00000000
00011B96
000024BD
0000008F
00010000
00000000
00000000
00000000
00000000
0000E55D
000012E6
00000053
00010000
00000002
00000000
00000000
00000000
00010948
00001ECA
00000068
00000000
00000000
00000000
00000000
00000000
0000FE4A
00001B37
00000051
00000000
00000000
00000000
00000000
00000000
0000E026
0000113C
00000040
00000000
00000000
00000000
00000000
00000000
0000BFDA
000006A2
00000016
00000000
00000000
00000000
00000000
00000000
0000B9AA
0000049A
0000000E
00000000
00000000
00000000
00000000
00000000
0000ABB2
00000000
00000000
00000000
00000000
00000000
00000000
00000000
0000ABB2
00000000
00000000
00000000
00000000
00000000
00000000
00000000
0000ABB2
00000000
00000000
00000000
00000000
00000000
00000000
00000000
0000ABB2
00000000
00000000
00000000
00000000
00000000
00000000
00000000
0000ABB2
00000000
00000000
00000000
00000000
00000000
00000000
00000000
0000ABB2
00000000
00000000
00000000
00000000
00000000
00000000
00000000
0000ABB2
00000000
00000000
00000000
00000000
00000000
00000000
00000000
0000ABB2
00000000
00000000
00000000
00000000
00000000
00000000
00000000
0000ABB2
00000000
00000000
00000000
00000000
00000000
00000000
00000000
0000ABB2
00000000
00000000
00000000
00000000
00000000
00000000
00000000
0000ABB2
00000000
00000000
00000000
00000000
00000000
00000000
00000000
0000ABB2
00000000
00000000
00000000
00000000
00000000
00000000
00000000
0000ABB2
00000000
00000000
00000000
00000000
00000000
00000000
00000000
0000ABB2
00000000
00000000
00000000
00000000
00000000
00000000
00000000
0000ABB2
00000000
00000000
00000000
00000000
00000000
00000000
00000000
0000ABB2
00000000
00000000
00000000
00000000
00000000
00000000
00000000
0000ABB2
00000000
00000000
00000000
00000000
00000000
00000000
00000000
0000ABB2
00000000
00000000
00000000
00000000
00000000
00000000
00000000
0000ABB2
00000000
00000000
00000000
00000000
00000000
00000000
00000000
0000ABB2
00000000
00000000
00000000
00000000
00000000
00000000
00000000
0000ABB2
00000000
00000000
00000000
00000000
00000000
00000000
00000000
0000C745
000008D4
0000005D
00000000
00000000
00000000
00000000
00000000
00011C53
00002515
00060076
00000000
00000000
00000000
00000000
00000000
00017479
0000420F
000000DE
00000002
00000000
00000000
00000000
00000000
0001A092
000050B5
000000EB
00020003
00000000
00000000
00000000
00000000
0001E2BC
00006670
0000013E
00180001
00000000
00000000
00000000
00000000
00019D0B
00004F52
00000121
00110001
00000002
00000000
00000000
00000000
000176E6
000042AE
0000010E
00030000
00000000
00000000
00000000
00000000
000128E3
00002924
00000097
00000000
00000000
00000000
00000000
00000000
0000D480
00000D5F
0000003B
00010000
00000000
00000000
00000000
00000000
0000BE63
00000628
00000013
00000000
00000000
00000000
00000000
00000000
0000D3AB
00000D31
00000022
00000000
00000000
00000000
00000000
00000000
0000B8F0
0000045B
0000000F
00000000
00000000
00000000
00000000
00000000
0000BD67
000005D9
0000000E
00000000
00000000
00000000
00000000
00000000
0000BBDE
00000552
00000012
00000000
00000000
00000000
00000000
00000000
0000ABB2
00000000
00000000
00000000
00000000
00000000
00000000
00000000
0000ABB2
00000000
00000000
00000000
00000000
00000000
00000000
00000000
0000ABB2
00000000
00000000
00000000
00000000
00000000
00000000
00000000
0000ABB2
00000000
00000000
00000000
00000000
00000000
00000000
00000000
0000ABB2
00000000
00000000
00000000
00000000
00000000
00000000
00000000
0000ABB2
00000000
00000000
00000000
00000000
00000000
00000000
00000000
0000ABB2
00000000
00000000
00000000
00000000
00000000
00000000
00000000
0000ABB2
00000000
00000000
00000000
00000000
00000000
00000000
00000000
0000ABB2
00000000
00000000
00000000
00000000
00000000
00000000
00000000
0000ABB2
00000000
00000000
00000000
00000000
00000000
00000000
00000000
0000ABB2
00000000
00000000
00000000
00000000
00000000
00000000
00000000
0000ABB2
00000000
00000000
00000000
00000000
00000000
00000000
00000000
0000ABB2
00000000
00000000
00000000
00000000
00000000
00000000
00000000
0000ABB2
00000000
00000000
00000000
00000000
00000000
00000000
00000000
0000ABB2
00000000
00000000
00000000
00000000
00000000
00000000
00000000
0000ABB2
00000000
00000000
00000000
00000000
00000000
00000000
00000000
0000ABB2
00000000
00000000
00000000
00000000
00000000
00000000
00000000
0000ABB2
00000000
00000000
00000000
00000000
00000000
00000000
00000000
0000ABB2
00000000
00000000
00000000
00000000
00000000
00000000
00000000
0000ABB2
00000000
00000000
00000000
00000000
00000000
00000000
00000000
0000ABB2
00000000
00000000
00000000
00000000
00000000
00000000
00000000
0000C6F7
000008BB
0000005C
00000000
00000000
00000000
00000000
00000000
000116C2
0000233E
00060072
00000000
00000000
00000000
00000000
00000000
0001764D
000042B8
000000D1
00000001
00000000
00000000
00000000
00000000
0001A800
00005323
000000F7
00050004
00000000
00000000
00000000
00000000
0002257F
00007C67
00000188
001F0001
00000000
00000000
00000000
00000000
0001C80A
00005D60
00000168
000D0001
00000002
00000000
00000000
00000000
00014464
000031F6
000000F0
00020000
00000000
00000000
00000000
00000000
00011D2E
0000255A
0000007A
00000000
00000000
00000000
00000000
00000000
000100C6
00001BF5
00000067
00010000
00000002
00000000
00000000
00000000
0000E8BD
00001401
00000058
00000000
00000000
00000000
00000000
00000000
0000DFE7
0000111D
0000004A
00000000
00000000
00000000
00000000
00000000
0000D069
00000C12
0000002B
00000000
00000000
00000000
00000000
00000000
0000C6DF
000008EE
00000021
00000000
00000000
00000000
00000000
00000000
0000BAF7
00000504
00000013
00000000
00000000
00000000
00000000
00000000
0000B629
00000370
0000000D
00000000
00000000
00000000
00000000
00000000
0000AF18
0000011D
00000005
00000000
00000000
00000000
00000000
00000000
0000ABB2
00000000
00000000
00000000
00000000
00000000
00000000
00000000
0000ABB2
00000000
00000000
00000000
00000000
00000000
00000000
00000000
0000ABB2
00000000
00000000
00000000
00000000
00000000
00000000
00000000
0000ABB2
00000000
00000000
00000000
00000000
00000000
00000000
00000000
0000ABB2
00000000
00000000
00000000
00000000
00000000
00000000
00000000
0000ABB2
00000000
00000000
00000000
00000000
00000000
00000000
00000000
0000ABB2
00000000
00000000
00000000
00000000
00000000
00000000
00000000
0000ABB2
00000000
00000000
00000000
00000000
00000000
00000000
00000000
0000ABB2
00000000
00000000
00000000
00000000
00000000
00000000
00000000
0000ABB2
00000000
00000000
00000000
00000000
00000000
00000000
00000000
0000ABB2
00000000
00000000
00000000
00000000
00000000
00000000
00000000
0000ABB2
00000000
00000000
00000000
00000000
00000000
00000000
00000000
0000ABB2
00000000
00000000
00000000
00000000
00000000
00000000
00000000
0000ABB2
00000000
00000000
00000000
00000000
00000000
00000000
00000000
0000ABB2
00000000
00000000
00000000
00000000
00000000
00000000
00000000
0000ABB2
00000000
00000000
00000000
00000000
00000000
00000000
00000000
0000ABB2
00000000
00000000
00000000
00000000
00000000
00000000
00000000
0000ABB2
00000000
00000000
00000000
00000000
00000000
00000000
00000000
0000ABB2
00000000
00000000
00000000
00000000
00000000
00000000
00000000
0000C745
000008D4
0000005D
00000000
00000000
00000000
00000000
00000000
0001164A
00002319
0006006F
00000000
00000000
00000000
00000000
00000000
00016951
00003E5F
000000D6
00000001
00000000
00000000
00000000
00000000
00019ED3
0000501E
000000ED
00010005
00000000
00000000
00000000
00000000
0001EE83
00006A51
0000014A
00110001
00000000
00000000
00000000
00000000
0001CD6B
00005F46
0000014D
00120001
00000002
00000000
00000000
00000000
00016AC8
00003E94
0000011E
00050000
00000000
00000000
00000000
00000000
00013A26
00002ED7
000000A5
00000000
00000000
00000000
00000000
00000000
00010996
00001ECB
00000081
00010000
00000000
00000000
00000000
00000000
0001065D
00001DD7
00000062
00020000
00000000
00000000
00000000
00000000
0000F379
000017A4
00000049
00000000
00000000
00000000
00000000
00000000
0000CFF7
00000BEA
0000002D
00000000
00000000
00000000
00000000
00000000
0000C2B0
00000797
00000013
00000000
00000000
00000000
00000000
00000000
0000C832
0000096E
00000012
00000000
00000000
00000000
00000000
00000000
0000B437
000002CF
00000008
00000000
00000000
00000000
00000000
00000000
0000ABB2
00000000
00000000
00000000
00000000
00000000
00000000
00000000
0000ABB2
00000000
00000000
00000000
00000000
00000000
00000000
00000000
0000ABB2
00000000
00000000
00000000
00000000
00000000
00000000
00000000
0000ABB2
00000000
00000000
00000000
00000000
00000000
00000000
00000000
0000ABB2
00000000
00000000
00000000
00000000
00000000
00000000
00000000
0000ABB2
00000000
00000000
00000000
00000000
00000000
00000000
00000000
0000ABB2
00000000
00000000
00000000
00000000
00000000
00000000
00000000
0000ABB2
00000000
00000000
00000000
00000000
00000000
00000000
00000000
0000ABB2
00000000
00000000
00000000
00000000
00000000
00000000
00000000
0000ABB2
00000000
00000000
00000000
00000000
00000000
00000000
00000000
0000ABB2
00000000
00000000
00000000
00000000
00000000
00000000
00000000
0000ABB2
00000000
00000000
00000000
00000000
00000000
00000000
00000000
0000ABB2
00000000
00000000
00000000
00000000
00000000
00000000
00000000
0000ABB2
00000000
00000000
00000000
00000000
00000000
00000000
00000000
0000ABB2
00000000
00000000
00000000
00000000
00000000
00000000
00000000
0000ABB2
00000000
00000000
00000000
00000000
00000000
00000000
00000000
0000ABB2
00000000
00000000
00000000
00000000
00000000
00000000
00000000
0000ABB2
00000000
00000000
00000000
00000000
00000000
00000000
00000000
0000ABB2
00000000
00000000
00000000
00000000
00000000
00000000
00000000
0000ABB2
00000000
00000000
00000000
00000000
00000000
00000000
00000000
0000C6F7
000008BB
0000005C
00000000
00000000
00000000
00000000
00000000
000115E7
000022F6
00060071
00000000
00000000
00000000
00000000
00000000
00016165
00003BCB
000000C6
00000001
00000000
00000000
00000000
00000000
00019E2B
00004FE0
000000F3
00030004
00000000
00000000
00000000
00000000
0001D6AA
00006260
00000148
001B0001
00000000
00000000
00000000
00000000
0001B09D
000055C9
00000130
00100001
00000002
00000000
00000000
00000000
00014A70
000033FE
000000EC
00010000
00000000
00000000
00000000
00000000
0001206A
00002666
00000082
00000000
00000000
00000000
00000000
00000000
0000F3AF
000017B0
0000004F
00000000
00000002
00000000
00000000
00000000
0000D891
00000EA1
00000054
00000000
00000000
00000000
00000000
00000000
0000EEA8
00001600
00000052
00000000
00000000
00000000
00000000
00000000
0000DA23
00000F37
00000044
00000000
00000000
00000000
00000000
00000000
0000C1EA
0000074E
0000001A
00000000
00000000
00000000
00000000
00000000
0000B944
00000473
00000013
00000000
00000000
00000000
00000000
00000000
0000BE33
0000061A
00000011
00000000
00000000
00000000
00000000
00000000
0000AFC0
00000158
00000002
00000000
00000000
00000000
00000000
00000000
0000ABB2
00000000
00000000
00000000
00000000
00000000
00000000
00000000
0000ABB2
00000000
00000000
00000000
00000000
00000000
00000000
00000000
0000ABB2
00000000
00000000
00000000
00000000
00000000
00000000
00000000
0000ABB2
00000000
00000000
00000000
00000000
00000000
00000000
00000000
0000ABB2
00000000
00000000
00000000
00000000
00000000
00000000
00000000
0000ABB2
00000000
00000000
00000000
00000000
00000000
00000000
00000000
0000ABB2
00000000
00000000
00000000
00000000
00000000
00000000
00000000
0000ABB2
00000000
00000000
00000000
00000000
00000000
00000000
00000000
0000ABB2
00000000
00000000
00000000
00000000
00000000
00000000
00000000
0000ABB2
00000000
00000000
00000000
00000000
00000000
00000000
00000000
0000ABB2
00000000
00000000
00000000
00000000
00000000
00000000
00000000
0000ABB2
00000000
00000000
00000000
00000000
00000000
00000000
00000000
0000ABB2
00000000
00000000
00000000
00000000
00000000
00000000
00000000
0000ABB2
00000000
00000000
00000000
00000000
00000000
00000000
00000000
0000ABB2
00000000
00000000
00000000
00000000
00000000
00000000
00000000
0000ABB2
00000000
00000000
00000000
00000000
00000000
00000000
00000000
0000ABB2
00000000
00000000
00000000
00000000
00000000
00000000
00000000
0000ABB2
00000000
00000000
00000000
00000000
00000000
00000000
00000000
0000ABB2
00000000
00000000
00000000
00000000
00000000
00000000
00000000
0000C745
000008D4
0000005D
00000000
00000000
00000000
00000000
00000000
00011C56
00002516
00060076
00000000
00000000
00000000
00000000
00000000
00016C6F
00003F6A
000000D5
00000002
00000000
00000000
00000000
00000000
0001E8E9
0000688C
00000131
00020004
00000000
00000000
00000000
00000000
0001E286
00006649
00000153
00110001
00000000
00000000
00000000
00000000
00017A4C
000043C8
00000116
000F0001
00000002
00000000
00000000
00000000
0001637B
00003C60
000000E3
00010000
00000000
00000000
00000000
00000000
0000F0F4
000016B8
0000005E
00000000
00000000
00000000
00000000
00000000
0000F46F
000017EC
00000053
00000000
00000001
00000000
00000000
00000000
00010B16
00001F62
0000006A
00000000
00000001
00000000
00000000
00000000
0000EEDB
00001619
0000004A
00000000
00000000
00000000
00000000
00000000
0000C13F
0000070A
00000025
00000000
00000000
00000000
00000000
00000000
0000B45B
000002D5
0000000E
00000000
00000000
00000000
00000000
00000000
0000B8DE
00000456
0000000E
00000000
00000000
00000000
00000000
00000000
0000BB69
00000532
0000000B
00000000
00000000
00000000
00000000
00000000
0000ABB2
00000000
00000000
00000000
00000000
00000000
00000000
00000000
0000ABB2
00000000
00000000
00000000
00000000
00000000
00000000
00000000
0000ABB2
00000000
00000000
00000000
00000000
00000000
00000000
00000000
0000ABB2
00000000
00000000
00000000
00000000
00000000
00000000
00000000
0000ABB2
00000000
00000000
00000000
00000000
00000000
00000000
00000000
0000ABB2
00000000
00000000
00000000
00000000
00000000
00000000
00000000
0000ABB2
00000000
00000000
00000000
00000000
00000000
00000000
00000000
0000ABB2
00000000
00000000
00000000
00000000
00000000
00000000
00000000
0000ABB2
00000000
00000000
00000000
00000000
00000000
00000000
00000000
0000ABB2
00000000
00000000
00000000
00000000
00000000
00000000
00000000
0000ABB2
00000000
00000000
00000000
00000000
00000000
00000000
00000000
0000ABB2
00000000
00000000
00000000
00000000
00000000
00000000
00000000
0000ABB2
00000000
00000000
00000000
00000000
00000000
00000000
00000000
0000ABB2
00000000
00000000
00000000
00000000
00000000
00000000
00000000
0000ABB2
00000000
00000000
00000000
00000000
00000000
00000000
00000000
0000ABB2
00000000
00000000
00000000
00000000
00000000
00000000
00000000
0000ABB2
00000000
00000000
00000000
00000000
00000000
00000000
00000000
0000ABB2
00000000
00000000
00000000
00000000
00000000
00000000
00000000
0000ABB2
00000000
00000000
00000000
00000000
00000000
00000000
00000000
0000ABB2
00000000
00000000
00000000
00000000
00000000
00000000
00000000
0000C6F7
000008BB
0000005C
00000000
00000000
00000000
00000000
00000000
0001150C
000022AC
00060072
00000000
00000000
00000000
00000000
00000000
00016453
00003CC2
000000C9
00000002
00000000
00000000
00000000
00000000
0001AE3F
00005528
00000107
00020003
00000000
00000000
00000000
00000000
0001E0D0
000065C5
00000145
00180001
00000000
00000000
00000000
00000000
0001B5F8
00005786
0000013C
000E0001
00000002
00000000
00000000
00000000
00015B77
0000399B
000000FC
00060000
00000000
00000000
00000000
00000000
000128B0
00002930
0000007A
00010000
00000000
00000000
00000000
00000000
00012F4C
00002B52
0000008C
00010000
00000002
00000000
00000000
00000000
00013255
00002C2F
000000B2
00020000
00000000
00000000
00000000
00000000
000109F0
00001EF8
00000072
00010000
00000000
00000000
00000000
00000000
00010054
00001BD7
0000005F
00010000
00000000
00000000
00000000
00000000
0000E6A1
00001363
00000042
00000000
00000000
00000000
00000000
00000000
0000C490
00000830
0000001A
00000000
00000000
00000000
00000000
00000000
0000B94A
00000480
00000008
00000000
00000000
00000000
00000000
00000000
0000B0EF
000001BA
00000005
00000000
00000000
00000000
00000000
00000000
0000ABB2
00000000
00000000
00000000
00000000
00000000
00000000
00000000
0000ABB2
00000000
00000000
00000000
00000000
00000000
00000000
00000000
0000ABB2
00000000
00000000
00000000
00000000
00000000
00000000
00000000
0000ABB2
00000000
00000000
00000000
00000000
00000000
00000000
00000000
0000ABB2
00000000
00000000
00000000
00000000
00000000
00000000
00000000
0000ABB2
00000000
00000000
00000000
00000000
00000000
00000000
00000000
0000ABB2
00000000
00000000
00000000
00000000
00000000
00000000
00000000
0000ABB2
00000000
00000000
00000000
00000000
00000000
00000000
00000000
0000ABB2
00000000
00000000
00000000
00000000
00000000
00000000
00000000
0000ABB2
00000000
00000000
00000000
00000000
00000000
00000000
00000000
0000ABB2
00000000
00000000
00000000
00000000
00000000
00000000
00000000
0000ABB2
00000000
00000000
00000000
00000000
00000000
00000000
00000000
0000ABB2
00000000
00000000
00000000
00000000
00000000
00000000
00000000
0000ABB2
00000000
00000000
00000000
00000000
00000000
00000000
00000000
0000ABB2
00000000
00000000
00000000
00000000
00000000
00000000
00000000
0000ABB2
00000000
00000000
00000000
00000000
00000000
00000000
00000000
0000ABB2
00000000
00000000
00000000
00000000
00000000
00000000
00000000
0000ABB2
00000000
00000000
00000000
00000000
00000000
00000000
00000000
0000ABB2
00000000
00000000
00000000
00000000
00000000
00000000
00000000
0000C745
000008D4
0000005D
00000000
00000000
00000000
00000000
00000000
00011707
00002356
00060071
00000000
00000000
00000000
00000000
00000000
000150B5
0000364A
000000B7
00000000
00000000
00000000
00000000
00000000
00018088
00004629
000000C9
00020004
00000000
00000000
00000000
00000000
00018A45
00004937
000000FA
00160000
00000000
00000000
00000000
00000000
000189FA
00004932
000000E6
000F0001
00000000
00000000
00000000
00000000
00015CF4
00003A41
000000D5
00040000
00000002
00000000
00000000
00000000
00012391
00002749
000000AC
00010000
00000000
00000000
00000000
00000000
0001244B
000027AE
00000085
00000000
00000000
00000000
00000000
00000000
0000CDD5
00000B31
00000030
00000000
00000000
00000000
00000000
00000000
0000D135
00000C5C
00000025
00000000
00000000
00000000
00000000
00000000
0000C03D
000006C5
00000014
00000000
00000000
00000000
00000000
00000000
0000C18A
00000739
0000000F
00000000
00000000
00000000
00000000
00000000
0000C9A0
000009E4
00000016
00000000
00000000
00000000
00000000
00000000
0000B401
000002BA
0000000B
00000000
00000000
00000000
00000000
00000000
0000B4CD
000002FC
0000000D
00000000
00000000
00000000
00000000
00000000
0000AC93
00000048
00000003
00000000
00000000
00000000
00000000
00000000
0000ADF2
000000BD
00000003
00000000
00000000
00000000
00000000
00000000
0000B011
0000016E
00000007
00000000
00000000
00000000
00000000
00000000
0000AE6D
000000E4
00000005
00000000
00000000
00000000
00000000
00000000
0000B38C
00000294
0000000A
00000000
00000000
00000000
00000000
00000000
0000B19A
000001F2
00000006
00000000
00000000
00000000
00000000
00000000
0000BC3B
00000577
0000000C
00000000
00000000
00000000
00000000
00000000
0000AFC0
00000158
00000002
00000000
00000000
00000000
00000000
00000000
0000ABB2
00000000
00000000
00000000
00000000
00000000
00000000
00000000
0000ABB2
00000000
00000000
00000000
00000000
00000000
00000000
00000000
0000ABB2
00000000
00000000
00000000
00000000
00000000
00000000
00000000
0000ABB2
00000000
00000000
00000000
00000000
00000000
00000000
00000000
0000ABB2
00000000
00000000
00000000
00000000
00000000
00000000
00000000
0000ABB2
00000000
00000000
00000000
00000000
00000000
00000000
00000000
0000ABB2
00000000
00000000
00000000
00000000
00000000
00000000
00000000
0000ABB2
00000000
00000000
00000000
00000000
00000000
00000000
00000000
0000ABB2
00000000
00000000
00000000
00000000
00000000
00000000
00000000
0000ABB2
00000000
00000000
00000000
00000000
00000000
00000000
00000000
0000ABB2
00000000
00000000
00000000
00000000
00000000
00000000
00000000
0000C6F7
000008BB
0000005C
00000000
00000000
00000000
00000000
00000000
00011CC2
0000253A
00060076
00000000
00000000
00000000
00000000
00000000
00015C1F
00003A0B
000000C4
00000001
00000000
00000000
00000000
00000000
00018C5E
00004A06
000000DE
00020003
00000000
00000000
00000000
00000000
0001A0B0
000050B8
000000F2
00110000
00000000
00000000
00000000
00000000
000189B8
00004904
000000FE
000F0000
00000002
00000000
00000000
00000000
00016DB6
00003FAF
000000FD
00070000
00000000
00000000
00000000
00000000
000103B7
00001CE0
00000077
00000000
00000000
00000000
00000000
00000000
0000DABF
00000F74
0000003B
00000000
00000001
00000000
00000000
00000000
0000D465
00000D52
0000003F
00000000
00000001
00000000
00000000
00000000
0000D67E
00000E03
00000041
00000000
00000000
00000000
00000000
00000000
0000F1C3
00001716
00000045
00000000
00000000
00000000
00000000
00000000
0000E9A1
00001451
00000054
00000000
00000000
00000000
00000000
00000000
00010AC5
00001F4E
00000063
00000000
00000000
00000000
00000000
00000000
0000CB62
00000A68
00000028
00000000
00000000
00000000
00000000
00000000
0000BA1C
000004B6
00000018
00000000
00000000
00000000
00000000
00000000
0000C301
000007AB
0000001A
00000000
00000000
00000000
00000000
00000000
0000BB27
00000515
00000012
00000000
00000000
00000000
00000000
00000000
0000B7DC
000003FF
0000000F
00000000
00000000
00000000
00000000
00000000
0000BF11
00000664
00000011
00000000
00000000
00000000
00000000
00000000
0000B03B
0000017D
00000006
00000000
00000000
00000000
00000000
00000000
0000AF1B
0000011D
00000006
00000000
00000000
00000000
00000000
00000000
0000ABF7
00000016
00000001
00000000
00000000
00000000
00000000
00000000
0000AD92
0000009F
00000001
00000000
00000000
00000000
00000000
00000000
0000ABB2
00000000
00000000
00000000
00000000
00000000
00000000
00000000
0000ABB2
00000000
00000000
00000000
00000000
00000000
00000000
00000000
0000ABB2
00000000
00000000
00000000
00000000
00000000
00000000
00000000
0000ABB2
00000000
00000000
00000000
00000000
00000000
00000000
00000000
0000ABB2
00000000
00000000
00000000
00000000
00000000
00000000
00000000
0000ABB2
00000000
00000000
00000000
00000000
00000000
00000000
00000000
0000ABB2
00000000
00000000
00000000
00000000
00000000
00000000
00000000
0000ABB2
00000000
00000000
00000000
00000000
00000000
00000000
00000000
0000ABB2
00000000
00000000
00000000
00000000
00000000
00000000
00000000
0000ABB2
00000000
00000000
00000000
00000000
00000000
00000000
00000000
0000ABB2
00000000
00000000
00000000
00000000
00000000
00000000
00000000
0000C745
000008D4
0000005D
00000000
00000000
00000000
00000000
00000000
000115C3
000022EB
00060070
00000000
00000000
00000000
00000000
00000000
000161E6
00003BF4
000000C8
00000002
00000000
00000000
00000000
00000000
000199F0
00004E7B
000000EF
00010002
00000000
00000000
00000000
00000000
0001C53A
00005CC1
00000117
00100000
00000000
00000000
00000000
00000000
00016693
00003D7B
000000D0
000E0000
00000002
00000000
00000000
00000000
0001336F
00002C7C
000000C3
00050000
00000000
00000000
00000000
00000000
00011260
000021AA
00000090
00030000
00000000
00000000
00000000
00000000
0000F6C4
000018A9
0000005D
00010000
00000002
00000000
00000000
00000000
0000F92B
00001976
0000005D
00000000
00000000
00000000
00000000
00000000
0000DB07
00000F86
00000041
00010000
00000000
00000000
00000000
00000000
0000E6F5
0000137D
00000044
00000000
00000000
00000000
00000000
00000000
0000EFD7
00001684
00000033
00000000
00000000
00000000
00000000
00000000
0000CCE2
00000AEA
00000026
00000000
00000000
00000000
00000000
00000000
0000CAEA
00000A3F
00000029
00000000
00000000
00000000
00000000
00000000
0000B5BD
0000034B
0000000E
00000000
00000000
00000000
00000000
00000000
0000AC09
0000001C
00000001
00000000
00000000
00000000
00000000
00000000
0000ABB2
00000000
00000000
00000000
00000000
00000000
00000000
00000000
0000ABB2
00000000
00000000
00000000
00000000
00000000
00000000
00000000
0000ABB2
00000000
00000000
00000000
00000000
00000000
00000000
00000000
0000ABB2
00000000
00000000
00000000
00000000
00000000
00000000
00000000
0000ABB2
00000000
00000000
00000000
00000000
00000000
00000000
00000000
0000ABB2
00000000
00000000
00000000
00000000
00000000
00000000
00000000
0000ABB2
00000000
00000000
00000000
00000000
00000000
00000000
00000000
0000ABB2
00000000
00000000
00000000
00000000
00000000
00000000
00000000
0000ABB2
00000000
00000000
00000000
00000000
00000000
00000000
00000000
0000ABB2
00000000
00000000
00000000
00000000
00000000
00000000
00000000
0000ABB2
00000000
00000000
00000000
00000000
00000000
00000000
00000000
0000ABB2
00000000
00000000
00000000
00000000
00000000
00000000
00000000
0000ABB2
00000000
00000000
00000000
00000000
00000000
00000000
00000000
0000ABB2
00000000
00000000
00000000
00000000
00000000
00000000
00000000
0000ABB2
00000000
00000000
00000000
00000000
00000000
00000000
00000000
0000ABB2
00000000
00000000
00000000
00000000
00000000
00000000
00000000
0000ABB2
00000000
00000000
00000000
00000000
00000000
00000000
00000000
0000ABB2
00000000
00000000
00000000
00000000
00000000
00000000
00000000
0000C6F7
000008BB
0000005C
00000000
00000000
00000000
00000000
00000000
0001182A
000023B5
00060073
00000000
00000000
00000000
00000000
00000000
00017371
000041BF
000000D6
00000002
00000000
00000000
00000000
00000000
0001A713
000052D5
000000F6
00000002
00000000
00000000
00000000
00000000
0001D224
000060FF
00000127
00130000
00000000
00000000
00000000
00000000
00017FB6
000045C0
000000EC
000D0002
00000001
00000000
00000000
00000000
00013975
00002E87
000000BA
00070000
00000001
00000000
00000000
00000000
00014845
00003375
000000BC
00020000
00000000
00000000
00000000
00000000
0000E7C7
000013BB
0000004C
00020000
00000000
00000000
00000000
00000000
0000D87F
00000EC5
0000002A
00000000
00000000
00000000
00000000
00000000
0000E6B0
00001385
00000025
00000000
00000000
00000000
00000000
00000000
0000C406
0000080B
00000011
00010000
00000000
00000000
00000000
00000000
0000D114
00000C51
00000025
00080000
00000000
00000000
00000000
00000000
0000ED70
000015A8
00000042
00000000
00000000
00000000
00000000
00000000
0000CEBF
00000B89
00000026
00000000
00000000
00000000
00000000
00000000
0000E473
000012AA
00000041
00000000
00000000
00000000
00000000
00000000
0000C42D
0000080B
0000001E
00000000
00000000
00000000
00000000
00000000
0000D012
00000BF6
0000002A
00000000
00000000
00000000
00000000
00000000
0000CC67
00000AC9
0000001E
00000000
00000000
00000000
00000000
00000000
0000BC65
00000579
00000018
00000000
00000000
00000000
00000000
00000000
0000BE6F
00000621
0000001E
00000000
00000000
00000000
00000000
00000000
0000C14E
0000071B
00000019
00000000
00000000
00000000
00000000
00000000
0000C406
0000080A
00000012
00000000
00000000
00000000
00000000
00000000
0000E026
00001158
00000024
00000000
00000000
00000000
00000000
00000000
0000D474
00000D71
00000025
00000000
00000000
00000000
00000000
00000000
0000BD04
000005AF
00000017
00000000
00000000
00000000
00000000
00000000
0000BCE6
000005A4
00000018
00000000
00000000
00000000
00000000
00000000
0000B995
00000490
00000011
00000000
00000000
00000000
00000000
00000000
0000C619
000008B4
00000019
00000000
00000000
00000000
00000000
00000000
0000C052
000006C8
00000018
00000000
00000000
00000000
00000000
00000000
0000BE81
00000633
00000012
00000000
00000000
00000000
00000000
00000000
0000B0C5
000001AB
00000006
00000000
00000000
00000000
00000000
00000000
0000ABC7
00000006
00000001
00000000
00000000
00000000
00000000
00000000
0000ABB2
00000000
00000000
00000000
00000000
00000000
00000000
00000000
0000ABB2
00000000
00000000
00000000
00000000
00000000
00000000
00000000
0000C6AC
000008A3
0000005B
00000000
00000000
00000000
00000000
00000000
000115CC
000022ED
00060071
00000000
00000000
00000000
00000000
00000000
000158AA
000038F1
000000B7
00000002
00000000
00000000
00000000
00000000
00013BAF
00002F74
0000008B
00000003
00000000
00000000
00000000
00000000
00013306
00002C92
0000008A
000C0000
00000000
00000000
00000000
00000000
00012F04
00002B54
00000072
00060001
00000000
00000000
00000000
00000000
0001015F
00001C20
0000006F
00060000
00000000
00000000
00000000
00000000
0000D7DA
00000E8B
0000002D
00000000
00000000
00000000
00000000
00000000
0000C226
00000762
0000001A
00000000
00000000
00000000
00000000
00000000
0000BA7C
000004D0
0000001E
00000000
00000000
00000000
00000000
00000000
0000B839
0000041C
00000011
00000000
00000000
00000000
00000000
00000000
0000B5C9
0000034C
00000011
00000000
00000000
00000000
00000000
00000000
0000AFE1
0000015D
00000008
00000000
00000000
00000000
00000000
00000000
0000B36B
0000028D
00000006
00000000
00000000
00000000
00000000
00000000
0000B09B
000001A0
00000003
00000000
00000000
00000000
00000000
00000000
0000ABB2
00000000
00000000
00000000
00000000
00000000
00000000
00000000
0000ABB2
00000000
00000000
00000000
00000000
00000000
00000000
00000000
0000ABB2
00000000
00000000
00000000
00000000
00000000
00000000
00000000
0000ABB2
00000000
00000000
00000000
00000000
00000000
00000000
00000000
0000ABB2
00000000
00000000
00000000
00000000
00000000
00000000
00000000
0000ABB2
00000000
00000000
00000000
00000000
00000000
00000000
00000000
0000ABB2
00000000
00000000
00000000
00000000
00000000
00000000
00000000
0000ABB2
00000000
00000000
00000000
00000000
00000000
00000000
00000000
0000ABB2
00000000
00000000
00000000
00000000
00000000
00000000
00000000
0000ABB2
00000000
00000000
00000000
00000000
00000000
00000000
00000000
0000ABB2
00000000
00000000
00000000
00000000
00000000
00000000
00000000
0000ABB2
00000000
00000000
00000000
00000000
00000000
00000000
00000000
0000ABB2
00000000
00000000
00000000
00000000
00000000
00000000
00000000
0000ABB2
00000000
00000000
00000000
00000000
00000000
00000000
00000000
0000ABB2
00000000
00000000
00000000
00000000
00000000
00000000
00000000
0000ABB2
00000000
00000000
00000000
00000000
00000000
00000000
00000000
0000ABB2
00000000
00000000
00000000
00000000
00000000
00000000
00000000
0000ABB2
00000000
00000000
00000000
00000000
00000000
00000000
00000000
0000ABB2
00000000
00000000
00000000
00000000
00000000
00000000
00000000
0000ABB2
00000000
00000000
00000000
00000000
00000000
00000000
00000000
0000C6F7
000008BB
0000005C
00000000
00000000
00000000
00000000
00000000
000117BB
00002390
00060073
00000000
00000000
00000000
00000000
00000000
00016C63
00003F71
000000CA
00000001
00000000
00000000
00000000
00000000
0001C8B2
00005DDA
00000126
00030004
00000000
00000000
00000000
00000000
00023722
0000822C
000001A4
001A0000
00000000
00000000
00000000
00000000
00019BCD
00004ED0
00000139
00110002
00000002
00000000
00000000
00000000
0001345F
00002CC9
000000C6
00010000
00000000
00000000
00000000
00000000
0000FBE6
00001A65
00000057
00010000
00000000
00000000
00000000
00000000
0000D174
00000C66
00000030
00010000
00000002
00000000
00000000
00000000
0000DC6C
00000FFB
00000043
00000000
00000000
00000000
00000000
00000000
0000CCE8
00000ADD
00000035
00000000
00000000
00000000
00000000
00000000
0000BA88
000004D9
00000019
00000000
00000000
00000000
00000000
00000000
0000B2C3
0000024F
0000000C
00000000
00000000
00000000
00000000
00000000
0000AD20
00000078
00000002
00000000
00000000
00000000
00000000
00000000
0000ABB2
00000000
00000000
00000000
00000000
00000000
00000000
00000000
0000ABB2
00000000
00000000
00000000
00000000
00000000
00000000
00000000
0000ABB2
00000000
00000000
00000000
00000000
00000000
00000000
00000000
0000ABB2
00000000
00000000
00000000
00000000
00000000
00000000
00000000
0000ABB2
00000000
00000000
00000000
00000000
00000000
00000000
00000000
0000ABB2
00000000
00000000
00000000
00000000
00000000
00000000
00000000
0000ABB2
00000000
00000000
00000000
00000000
00000000
00000000
00000000
0000ABB2
00000000
00000000
00000000
00000000
00000000
00000000
00000000
0000ABB2
00000000
00000000
00000000
00000000
00000000
00000000
00000000
0000ABB2
00000000
00000000
00000000
00000000
00000000
00000000
00000000
0000ABB2
00000000
00000000
00000000
00000000
00000000
00000000
00000000
0000ABB2
00000000
00000000
00000000
00000000
00000000
00000000
00000000
0000ABB2
00000000
00000000
00000000
00000000
00000000
00000000
00000000
0000ABB2
00000000
00000000
00000000
00000000
00000000
00000000
00000000
0000ABB2
00000000
00000000
00000000
00000000
00000000
00000000
00000000
0000ABB2
00000000
00000000
00000000
00000000
00000000
00000000
00000000
0000ABB2
00000000
00000000
00000000
00000000
00000000
00000000
00000000
0000ABB2
00000000
00000000
00000000
00000000
00000000
00000000
00000000
0000ABB2
00000000
00000000
00000000
00000000
00000000
00000000
00000000
0000ABB2
00000000
00000000
00000000
00000000
00000000
00000000
00000000
0000ABB2
00000000
00000000
00000000
00000000
00000000
00000000
00000000
0000C745
000008D4
0000005D
00000000
00000000
00000000
00000000
00000000
0001148B
00002284
0006006F
00000000
00000000
00000000
00000000
00000000
00016FAE
00004089
000000CB
00000001
00000000
00000000
00000000
00000000
0001CF93
00006036
00000115
00040004
00000000
00000000
00000000
00000000
0001F069
00006AF3
0000014A
001B0001
00000000
00000000
00000000
00000000
0001B66D
000057A9
00000140
00090001
00000002
00000000
00000000
00000000
000178FC
00004342
0000012C
00070000
00000000
00000000
00000000
00000000
00012199
000026BE
0000008F
00010000
00000000
00000000
00000000
00000000
00011362
0000221B
00000075
00000000
00000002
00000000
00000000
00000000
0001190E
000023F8
0000007C
00000000
00000000
00000000
00000000
00000000
0000D2B8
00000CCA
00000038
00000000
00000000
00000000
00000000
00000000
0000BB42
00000518
00000018
00000000
00000000
00000000
00000000
00000000
0000B680
0000038D
0000000D
00000000
00000000
00000000
00000000
00000000
0000AD1A
00000076
00000002
00000000
00000001
00000000
00000000
00000000
0000BAD6
000004EE
0000001E
00000000
00000000
00000000
00000000
00000000
0000B323
00000264
00000017
00000000
00000000
00000000
00000000
00000000
0000ADD4
000000AF
00000007
00000000
00000000
00000000
00000000
00000000
0000ABB2
00000000
00000000
00000000
00000000
00000000
00000000
00000000
0000ABB2
00000000
00000000
00000000
00000000
00000000
00000000
00000000
0000ABB2
00000000
00000000
00000000
00000000
00000000
00000000
00000000
0000ABB2
00000000
00000000
00000000
00000000
00000000
00000000
00000000
0000ABB2
00000000
00000000
00000000
00000000
00000000
00000000
00000000
0000ABB2
00000000
00000000
00000000
00000000
00000000
00000000
00000000
0000ABB2
00000000
00000000
00000000
00000000
00000000
00000000
00000000
0000ABB2
00000000
00000000
00000000
00000000
00000000
00000000
00000000
0000ABB2
00000000
00000000
00000000
00000000
00000000
00000000
00000000
0000ABB2
00000000
00000000
00000000
00000000
00000000
00000000
00000000
0000ABB2
00000000
00000000
00000000
00000000
00000000
00000000
00000000
0000ABB2
00000000
00000000
00000000
00000000
00000000
00000000
00000000
0000ABB2
00000000
00000000
00000000
00000000
00000000
00000000
00000000
0000ABB2
00000000
00000000
00000000
00000000
00000000
00000000
00000000
0000ABB2
00000000
00000000
00000000
00000000
00000000
00000000
00000000
0000ABB2
00000000
00000000
00000000
00000000
00000000
00000000
00000000
0000ABB2
00000000
00000000
00000000
00000000
00000000
00000000
00000000
0000ABB2
00000000
00000000
00000000
00000000
00000000
00000000
00000000
0000C6F7
000008BB
0000005C
00000000
00000000
00000000
00000000
00000000
000118DE
000023F0
00060074
00000000
00000000
00000000
00000000
00000000
0001535E
00003725
000000BF
00000002
00000000
00000000
00000000
00000000
0001ABF3
00005489
000000E2
00010003
00000000
00000000
00000000
00000000
0001DED5
00006517
0000014A
001D0000
00000000
00000000
00000000
00000000
0001D188
000060B5
0000013D
000E0001
00000002
00000000
00000000
00000000
00019954
00004DF7
0000013F
00040000
00000000
00000000
00000000
00000000
000133AB
00002CB0
000000A3
00000000
00000000
00000000
00000000
00000000
0000DCA5
0000100D
00000044
00000000
00000001
00000000
00000000
00000000
0000C60A
0000089D
0000002B
00000000
00000000
00000000
00000000
00000000
0000BA6A
000004CC
0000001C
00000000
00000000
00000000
00000000
00000000
0000BFD7
000006A0
00000017
00000000
00000000
00000000
00000000
00000000
0000B1A0
000001F0
0000000A
00000000
00000000
00000000
00000000
00000000
0000B35C
00000281
0000000D
00000000
00000000
00000000
00000000
00000000
0000BA5B
000004CD
00000016
00000000
00000000
00000000
00000000
00000000
0000B51B
00000315
0000000E
00000000
00000000
00000000
00000000
00000000
0000BE8A
00000631
00000017
00000000
00000000
00000000
00000000
00000000
0000C25F
00000771
0000001E
00000000
00000000
00000000
00000000
00000000
0000BDE2
000005FB
00000015
00000000
00000000
00000000
00000000
00000000
0000CCB2
00000ADF
00000021
00000000
00000000
00000000
00000000
00000000
0000EB1E
000014FB
00000029
00000000
00000000
00000000
00000000
00000000
0000BA10
000004B8
00000012
00000000
00000000
00000000
00000000
00000000
0000ABB2
00000000
00000000
00000000
00000000
00000000
00000000
00000000
0000ABB2
00000000
00000000
00000000
00000000
00000000
00000000
00000000
0000ABB2
00000000
00000000
00000000
00000000
00000000
00000000
00000000
0000ABB2
00000000
00000000
00000000
00000000
00000000
00000000
00000000
0000ABB2
00000000
00000000
00000000
00000000
00000000
00000000
00000000
0000ABB2
00000000
00000000
00000000
00000000
00000000
00000000
00000000
0000ABB2
00000000
00000000
00000000
00000000
00000000
00000000
00000000
0000ABB2
00000000
00000000
00000000
00000000
00000000
00000000
00000000
0000ABB2
00000000
00000000
00000000
00000000
00000000
00000000
00000000
0000ABB2
00000000
00000000
00000000
00000000
00000000
00000000
00000000
0000ABB2
00000000
00000000
00000000
00000000
00000000
00000000
00000000
0000ABB2
00000000
00000000
00000000
00000000
00000000
00000000
00000000
0000ABB2
00000000
00000000
00000000
00000000
00000000
00000000
00000000
0000C745
000008D4
0000005D
00000000
00000000
00000000
00000000
00000000
000114AC
0000228E
00060070
00000000
00000000
00000000
00000000
00000000
00014941
000033D3
000000B2
00000000
00000000
00000000
00000000
00000000
000186E8
00004845
000000CD
00020004
00000000
00000000
00000000
00000000
0001F17A
00006B55
00000143
00170000
00000000
00000000
00000000
00000000
00018223
0000467B
00000100
000F0002
00000000
00000000
00000000
00000000
00013A98
00002EE8
000000BA
00020000
00000002
00000000
00000000
00000000
000113D1
00002238
0000007D
00000000
00000000
00000000
00000000
00000000
0000E7E5
000013B7
0000005A
00000000
00000000
00000000
00000000
00000000
0000BE0C
00000601
0000001D
00000000
00000000
00000000
00000000
00000000
0000BBE7
0000055A
0000000D
00000000
00000000
00000000
00000000
00000000
0000C487
00000831
00000016
00000000
00000000
00000000
00000000
00000000
0000BE7E
0000062C
00000018
00000000
00000000
00000000
00000000
00000000
0000B27E
00000239
0000000B
00000000
00000000
00000000
00000000
00000000
0000B230
0000021F
0000000B
00000000
00000000
00000000
00000000
00000000
0000B15B
000001DD
00000006
00000000
00000000
00000000
00000000
00000000
0000ABD0
00000009
00000001
00000000
00000000
00000000
00000000
00000000
0000ABB2
00000000
00000000
00000000
00000000
00000000
00000000
00000000
0000ABB2
00000000
00000000
00000000
00000000
00000000
00000000
00000000
0000ABB2
00000000
00000000
00000000
00000000
00000000
00000000
00000000
0000ABB2
00000000
00000000
00000000
00000000
00000000
00000000
00000000
0000ABB2
00000000
00000000
00000000
00000000
00000000
00000000
00000000
0000ABB2
00000000
00000000
00000000
00000000
00000000
00000000
00000000
0000ABB2
00000000
00000000
00000000
00000000
00000000
00000000
00000000
0000ABB2
00000000
00000000
00000000
00000000
00000000
00000000
00000000
0000ABB2
00000000
00000000
00000000
00000000
00000000
00000000
00000000
0000ABB2
00000000
00000000
00000000
00000000
00000000
00000000
00000000
0000ABB2
00000000
00000000
00000000
00000000
00000000
00000000
00000000
0000ABB2
00000000
00000000
00000000
00000000
00000000
00000000
00000000
0000ABB2
00000000
00000000
00000000
00000000
00000000
00000000
00000000
0000ABB2
00000000
00000000
00000000
00000000
00000000
00000000
00000000
0000ABB2
00000000
00000000
00000000
00000000
00000000
00000000
00000000
0000ABB2
00000000
00000000
00000000
00000000
00000000
00000000
00000000
0000ABB2
00000000
00000000
00000000
00000000
00000000
00000000
00000000
0000ABB2
00000000
00000000
00000000
00000000
00000000
00000000
00000000
0000C6F7
000008BB
0000005C
00000000
00000000
00000000
00000000
00000000
000118FC
000023FB
00060073
00000000
00000000
00000000
00000000
00000000
000161A4
00003BE7
000000BF
00000001
00000000
00000000
00000000
00000000
0001AA76
000053EF
000000FD
00020003
00000000
00000000
00000000
00000000
000213BE
000076A4
00000160
00130001
00000000
00000000
00000000
00000000
0001908D
00004B1A
0000012F
00110001
00000002
00000000
00000000
00000000
00017356
00004185
00000107
00030000
00000000
00000000
00000000
00000000
00011188
00002170
00000082
00000000
00000000
00000000
00000000
00000000
0000D25E
00000CB2
00000032
00010000
00000000
00000000
00000000
00000000
0000D5D6
00000DDA
00000032
00000000
00000000
00000000
00000000
00000000
0000DF6C
00001113
0000002B
00000000
00000000
00000000
00000000
00000000
0000D13E
00000C5E
00000026
00000000
00000000
00000000
00000000
00000000
0000DA80
00000F6D
0000002D
00000000
00000000
00000000
00000000
00000000
0000B656
0000037C
00000010
00000000
00000000
00000000
00000000
00000000
0000BB48
0000051F
00000013
00000000
00000000
00000000
00000000
00000000
0000B725
000003C6
0000000B
00000000
00000000
00000000
00000000
00000000
0000B63B
00000378
0000000B
00000000
00000000
00000000
00000000
00000000
0000BBD5
00000552
0000000F
00000000
00000000
00000000
00000000
00000000
0000B37A
00000292
00000006
00000000
00000000
00000000
00000000
00000000
0000B56F
00000337
00000008
00000000
00000000
00000000
00000000
00000000
0000B6A1
0000039E
00000007
00000000
00000000
00000000
00000000
00000000
0000ABFD
00000018
00000001
00000000
00000000
00000000
00000000
00000000
0000ABB2
00000000
00000000
00000000
00000000
00000000
00000000
00000000
0000ABB2
00000000
00000000
00000000
00000000
00000000
00000000
00000000
0000ABB2
00000000
00000000
00000000
00000000
00000000
00000000
00000000
0000ABB2
00000000
00000000
00000000
00000000
00000000
00000000
00000000
0000ABB2
00000000
00000000
00000000
00000000
00000000
00000000
00000000
0000ABB2
00000000
00000000
00000000
00000000
00000000
00000000
00000000
0000ABB2
00000000
00000000
00000000
00000000
00000000
00000000
00000000
0000ABB2
00000000
00000000
00000000
00000000
00000000
00000000
00000000
0000ABB2
00000000
00000000
00000000
00000000
00000000
00000000
00000000
0000ABB2
00000000
00000000
00000000
00000000
00000000
00000000
00000000
0000ABB2
00000000
00000000
00000000
00000000
00000000
00000000
00000000
0000ABB2
00000000
00000000
00000000
00000000
00000000
00000000
00000000
0000ABB2
00000000
00000000
00000000
00000000
00000000
00000000
00000000
0000C745
000008D4
0000005D
00000000
00000000
00000000
00000000
00000000
000112F3
000021FC
0006006F
00000000
00000000
00000000
00000000
00000000
0001571B
00003866
000000BD
00000002
00000000
00000000
00000000
00000000
0001898E
00004927
000000CD
00020002
00000000
00000000
00000000
00000000
0001FC3C
00006ED6
00000158
00130000
00000000
00000000
00000000
00000000
00017E39
0000452A
00000103
00140000
00000002
00000000
00000000
00000000
00014E2A
0000353E
000000EA
00030000
00000000
00000000
00000000
00000000
00013C9F
00002FA4
000000AB
00010000
00000000
00000000
00000000
00000000
000106F0
00001E00
0000006A
00030000
00000002
00000000
00000000
00000000
00011095
00002128
00000079
00000000
00000000
00000000
00000000
00000000
0000CC4C
00000AAD
00000031
00000000
00000000
00000000
00000000
00000000
0000CFE5
00000BF7
0000001A
00000000
00000000
00000000
00000000
00000000
0000B8E1
0000045B
0000000A
00000000
00000000
00000000
00000000
00000000
0000B461
000002DA
0000000B
00000000
00000000
00000000
00000000
00000000
0000AE10
000000C3
00000007
00000000
00000000
00000000
00000000
00000000
0000B30E
00000266
0000000E
00000000
00000000
00000000
00000000
00000000
0000ADAD
000000A6
00000003
00000000
00000000
00000000
00000000
00000000
0000AD92
0000009F
00000001
00000000
00000000
00000000
00000000
00000000
0000ABB2
00000000
00000000
00000000
00000000
00000000
00000000
00000000
0000ABB2
00000000
00000000
00000000
00000000
00000000
00000000
00000000
0000ABB2
00000000
00000000
00000000
00000000
00000000
00000000
00000000
0000ABB2
00000000
00000000
00000000
00000000
00000000
00000000
00000000
0000ABB2
00000000
00000000
00000000
00000000
00000000
00000000
00000000
0000ABB2
00000000
00000000
00000000
00000000
00000000
00000000
00000000
0000ABB2
00000000
00000000
00000000
00000000
00000000
00000000
00000000
0000ABB2
00000000
00000000
00000000
00000000
00000000
00000000
00000000
0000ABB2
00000000
00000000
00000000
00000000
00000000
00000000
00000000
0000ABB2
00000000
00000000
00000000
00000000
00000000
00000000
00000000
0000ABB2
00000000
00000000
00000000
00000000
00000000
00000000
00000000
0000ABB2
00000000
00000000
00000000
00000000
00000000
00000000
00000000
0000ABB2
00000000
00000000
00000000
00000000
00000000
00000000
00000000
0000ABB2
00000000
00000000
00000000
00000000
00000000
00000000
00000000
0000ABB2
00000000
00000000
00000000
00000000
00000000
00000000
00000000
0000ABB2
00000000
00000000
00000000
00000000
00000000
00000000
00000000
0000ABB2
00000000
00000000
00000000
00000000
00000000
00000000
00000000
0000C6F7
000008BB
0000005C
00000000
00000000
00000000
00000000
00000000
00011368
00002221
00060071
00000000
00000000
00000000
00000000
00000000
00015805
000038B0
000000C1
00000002
00000000
00000000
00000000
00000000
00019CE4
00004F81
000000E5
00000002
00000000
00000000
00000000
00000000
00020B5A
000073DD
0000015B
00130001
00000000
00000000
00000000
00000000
0001B112
000055F2
0000012E
00120001
00000002
00000000
00000000
00000000
00016C9C
00003F3C
00000112
00040000
00000000
00000000
00000000
00000000
00012415
00002791
00000090
00020000
00000000
00000000
00000000
00000000
0000D25B
00000CAB
00000038
00010000
00000000
00000000
00000000
00000000
0000D1CE
00000C88
0000002C
00000000
00000000
00000000
00000000
00000000
0000C604
000008A4
00000022
00010000
00000000
00000000
00000000
00000000
0000BA28
000004BB
00000017
00000000
00000000
00000000
00000000
00000000
0000BC86
0000058F
0000000D
00000000
00000000
00000000
00000000
00000000
0000B60B
00000368
0000000B
00000000
00000000
00000000
00000000
00000000
0000B194
000001F0
00000006
00000000
00000000
00000000
00000000
00000000
0000B9C2
000004A1
0000000F
00000000
00000000
00000000
00000000
00000000
0000B995
00000498
00000009
00000000
00000000
00000000
00000000
00000000
0000B266
00000236
00000006
00000000
00000000
00000000
00000000
00000000
0000BBC3
00000550
0000000B
00000000
00000000
00000000
00000000
00000000
0000B7FA
0000040B
0000000D
00000000
00000000
00000000
00000000
00000000
0000AFB7
00000152
00000005
00000000
00000000
00000000
00000000
00000000
0000ABB2
00000000
00000000
00000000
00000000
00000000
00000000
00000000
0000ABB2
00000000
00000000
00000000
00000000
00000000
00000000
00000000
0000ABB2
00000000
00000000
00000000
00000000
00000000
00000000
00000000
0000ABB2
00000000
00000000
00000000
00000000
00000000
00000000
00000000
0000ABB2
00000000
00000000
00000000
00000000
00000000
00000000
00000000
0000ABB2
00000000
00000000
00000000
00000000
00000000
00000000
00000000
0000ABB2
00000000
00000000
00000000
00000000
00000000
00000000
00000000
0000ABB2
00000000
00000000
00000000
00000000
00000000
00000000
00000000
0000ABB2
00000000
00000000
00000000
00000000
00000000
00000000
00000000
0000ABB2
00000000
00000000
00000000
00000000
00000000
00000000
00000000
0000ABB2
00000000
00000000
00000000
00000000
00000000
00000000
00000000
0000ABB2
00000000
00000000
00000000
00000000
00000000
00000000
00000000
0000ABB2
00000000
00000000
00000000
00000000
00000000
00000000
00000000
0000ABB2
00000000
00000000
00000000
00000000
00000000
00000000
00000000
0000C745
000008D4
0000005D
00000000
00000000
00000000
00000000
00000000
000116A1
00002334
00060071
00000000
00000000
00000000
00000000
00000000
00015781
00003880
000000C5
00000002
00000000
00000000
00000000
00000000
0001B211
00005688
000000ED
00030002
00000000
00000000
00000000
00000000
00020374
00007128
0000016E
001A0000
00000000
00000000
00000000
00000000
0001964B
00004D11
00000122
000E0000
00000000
00000000
00000000
00000000
000154F3
0000379C
000000CF
00030000
00000002
00000000
00000000
00000000
0001386A
00002E60
00000088
00000000
00000000
00000000
00000000
00000000
0000E98C
00001449
00000055
00010000
00000000
00000000
00000000
00000000
0000BB0C
00000508
00000016
00000000
00000000
00000000
00000000
00000000
0000C3B5
000007EB
00000016
00000000
00000000
00000000
00000000
00000000
0000B371
00000289
0000000C
00000000
00000000
00000000
00000000
00000000
0000BE90
0000063D
0000000D
00000000
00000000
00000000
00000000
00000000
0000B437
000002D0
00000007
00000000
00000000
00000000
00000000
00000000
0000AFC0
00000158
00000002
00000000
00000000
00000000
00000000
00000000
0000ABB2
00000000
00000000
00000000
00000000
00000000
00000000
00000000
0000ABB2
00000000
00000000
00000000
00000000
00000000
00000000
00000000
0000ABB2
00000000
00000000
00000000
00000000
00000000
00000000
00000000
0000ABB2
00000000
00000000
00000000
00000000
00000000
00000000
00000000
0000ABB2
00000000
00000000
00000000
00000000
00000000
00000000
00000000
0000ABB2
00000000
00000000
00000000
00000000
00000000
00000000
00000000
0000ABB2
00000000
00000000
00000000
00000000
00000000
00000000
00000000
0000ABB2
00000000
00000000
00000000
00000000
00000000
00000000
00000000
0000ABB2
00000000
00000000
00000000
00000000
00000000
00000000
00000000
0000ABB2
00000000
00000000
00000000
00000000
00000000
00000000
00000000
0000ABB2
00000000
00000000
00000000
00000000
00000000
00000000
00000000
0000ABB2
00000000
00000000
00000000
00000000
00000000
00000000
00000000
0000ABB2
00000000
00000000
00000000
00000000
00000000
00000000
00000000
0000ABB2
00000000
00000000
00000000
00000000
00000000
00000000
00000000
0000ABB2
00000000
00000000
00000000
00000000
00000000
00000000
00000000
0000ABB2
00000000
00000000
00000000
00000000
00000000
00000000
00000000
0000ABB2
00000000
00000000
00000000
00000000
00000000
00000000
00000000
0000ABB2
00000000
00000000
00000000
00000000
00000000
00000000
00000000
0000ABB2
00000000
00000000
00000000
00000000
00000000
00000000
00000000
0000ABB2
00000000
00000000
00000000
00000000
00000000
00000000
00000000
0000C6F7
000008BB
0000005C
00000000
00000000
00000000
00000000
00000000
0001166E
00002322
00060072
00000000
00000000
00000000
00000000
00000000
0001673E
00003DB9
000000CB
00000002
00000000
00000000
00000000
00000000
000190BD
00004B87
000000D2
00000002
00000000
00000000
00000000
00000000
0001C102
00005B5F
00000111
00180001
00000000
00000000
00000000
00000000
0001B0F4
000055EE
00000128
000E0001
00000002
00000000
00000000
00000000
00016F21
0000400C
00000119
00080000
00000000
00000000
00000000
00000000
000122D7
0000272A
0000008D
00010000
00000000
00000000
00000000
00000000
00010E8B
0000209A
00000059
00020000
00000002
00000000
00000000
00000000
0000FB80
00001A26
00000074
00020000
00000000
00000000
00000000
00000000
0000CE65
00000B5A
00000037
00020000
00000000
00000000
00000000
00000000
0000C04F
000006C6
00000019
00000000
00000000
00000000
00000000
00000000
0000B4F7
0000030F
00000008
00000000
00000000
00000000
00000000
00000000
0000AEAF
000000FD
00000002
00000000
00000000
00000000
00000000
00000000
0000ABB2
00000000
00000000
00000000
00000000
00000000
00000000
00000000
0000ABB2
00000000
00000000
00000000
00000000
00000000
00000000
00000000
0000ABB2
00000000
00000000
00000000
00000000
00000000
00000000
00000000
0000ABB2
00000000
00000000
00000000
00000000
00000000
00000000
00000000
0000ABB2
00000000
00000000
00000000
00000000
00000000
00000000
00000000
0000ABB2
00000000
00000000
00000000
00000000
00000000
00000000
00000000
0000ABB2
00000000
00000000
00000000
00000000
00000000
00000000
00000000
0000ABB2
00000000
00000000
00000000
00000000
00000000
00000000
00000000
0000ABB2
00000000
00000000
00000000
00000000
00000000
00000000
00000000
0000ABB2
00000000
00000000
00000000
00000000
00000000
00000000
00000000
0000ABB2
00000000
00000000
00000000
00000000
00000000
00000000
00000000
0000ABB2
00000000
00000000
00000000
00000000
00000000
00000000
00000000
0000ABB2
00000000
00000000
00000000
00000000
00000000
00000000
00000000
0000ABB2
00000000
00000000
00000000
00000000
00000000
00000000
00000000
0000ABB2
00000000
00000000
00000000
00000000
00000000
00000000
00000000
0000ABB2
00000000
00000000
00000000
00000000
00000000
00000000
00000000
0000ABB2
00000000
00000000
00000000
00000000
00000000
00000000
00000000
0000ABB2
00000000
00000000
00000000
00000000
00000000
00000000
00000000
0000ABB2
00000000
00000000
00000000
00000000
00000000
00000000
00000000
0000ABB2
00000000
00000000
00000000
00000000
00000000
00000000
00000000
0000ABB2
00000000
00000000
00000000
00000000
00000000
00000000
00000000
0000C745
000008D4
0000005D
00000000
00000000
00000000
00000000
00000000
000116B9
0000233B
00060072
00000000
00000000
00000000
00000000
00000000
00016AE0
00003EE7
000000D3
00000002
00000000
00000000
00000000
00000000
000197CB
00004DD1
000000E2
00020002
00000000
00000000
00000000
00000000
00020CC2
00007464
0000014C
00160000
00000000
00000000
00000000
00000000
0001C15F
00005B34
0000015B
00120002
00000002
00000000
00000000
00000000
0001562E
000037D4
00000100
00060000
00000000
00000000
00000000
00000000
00010486
00001D2E
0000006E
00010000
00000000
00000000
00000000
00000000
0000F013
0000168A
00000041
00010000
00000001
00000000
00000000
00000000
0000E2CF
0000120C
00000053
00000000
00000000
00000000
00000000
00000000
0000C748
000008FB
00000037
00000000
00000000
00000000
00000000
00000000
0000BBD5
00000549
00000018
00000000
00000000
00000000
00000000
00000000
0000B25D
00000232
00000007
00000000
00000000
00000000
00000000
00000000
0000ADF8
000000BE
00000004
00000000
00000000
00000000
00000000
00000000
0000AF00
00000116
00000004
00000000
00000000
00000000
00000000
00000000
0000ABB2
00000000
00000000
00000000
00000000
00000000
00000000
00000000
0000ABB2
00000000
00000000
00000000
00000000
00000000
00000000
00000000
0000ABB2
00000000
00000000
00000000
00000000
00000000
00000000
00000000
0000ABB2
00000000
00000000
00000000
00000000
00000000
00000000
00000000
0000ABB2
00000000
00000000
00000000
00000000
00000000
00000000
00000000
0000ABB2
00000000
00000000
00000000
00000000
00000000
00000000
00000000
0000ABB2
00000000
00000000
00000000
00000000
00000000
00000000
00000000
0000ABB2
00000000
00000000
00000000
00000000
00000000
00000000
00000000
0000ABB2
00000000
00000000
00000000
00000000
00000000
00000000
00000000
0000ABB2
00000000
00000000
00000000
00000000
00000000
00000000
00000000
0000ABB2
00000000
00000000
00000000
00000000
00000000
00000000
00000000
0000ABB2
00000000
00000000
00000000
00000000
00000000
00000000
00000000
0000ABB2
00000000
00000000
00000000
00000000
00000000
00000000
00000000
0000ABB2
00000000
00000000
00000000
00000000
00000000
00000000
00000000
0000ABB2
00000000
00000000
00000000
00000000
00000000
00000000
00000000
0000ABB2
00000000
00000000
00000000
00000000
00000000
00000000
00000000
0000ABB2
00000000
00000000
00000000
00000000
00000000
00000000
00000000
0000ABB2
00000000
00000000
00000000
00000000
00000000
00000000
00000000
0000ABB2
00000000
00000000
00000000
00000000
00000000
00000000
00000000
0000ABB2
00000000
00000000
00000000
00000000
00000000
00000000
00000000
0000C6F7
000008BB
0000005C
00000000
00000000
00000000
00000000
00000000
000116EF
0000234D
00060072
00000000
00000000
00000000
00000000
00000000
00015D6F
00003A81
000000BE
00000000
00000000
00000000
00000000
00000000
00019174
00004BB2
000000E4
00010004
00000000
00000000
00000000
00000000
0001FFCC
00006FFD
00000161
001A0000
00000000
00000000
00000000
00000000
0001CABF
00005E5D
00000152
000C0002
00000002
00000000
00000000
00000000
000186A3
000047DB
00000120
00080000
00000000
00000000
00000000
00000000
000131EC
00002C26
00000098
00010000
00000000
00000000
00000000
00000000
0000E62F
0000133A
00000045
00010000
00000000
00000000
00000000
00000000
0000B85A
00000424
00000014
00010000
00000000
00000000
00000000
00000000
0000CEC8
00000B8A
00000028
00000000
00000000
00000000
00000000
00000000
0000B734
000003C5
00000011
00000000
00000000
00000000
00000000
00000000
0000B23F
00000227
00000008
00000000
00000000
00000000
00000000
00000000
0000AFB4
00000152
00000004
00000000
00000000
00000000
00000000
00000000
0000AD5F
0000008C
00000003
00000000
00000000
00000000
00000000
00000000
0000AEA0
000000F5
00000005
00000000
00000000
00000000
00000000
00000000
0000AC3C
0000002D
00000001
00000000
00000000
00000000
00000000
00000000
0000ABB2
00000000
00000000
00000000
00000000
00000000
00000000
00000000
0000ABB2
00000000
00000000
00000000
00000000
00000000
00000000
00000000
0000ABB2
00000000
00000000
00000000
00000000
00000000
00000000
00000000
0000ABB2
00000000
00000000
00000000
00000000
00000000
00000000
00000000
0000ABB2
00000000
00000000
00000000
00000000
00000000
00000000
00000000
0000ABB2
00000000
00000000
00000000
00000000
00000000
00000000
00000000
0000ABB2
00000000
00000000
00000000
00000000
00000000
00000000
00000000
0000ABB2
00000000
00000000
00000000
00000000
00000000
00000000
00000000
0000ABB2
00000000
00000000
00000000
00000000
00000000
00000000
00000000
0000ABB2
00000000
00000000
00000000
00000000
00000000
00000000
00000000
0000ABB2
00000000
00000000
00000000
00000000
00000000
00000000
00000000
0000ABB2
00000000
00000000
00000000
00000000
00000000
00000000
00000000
0000ABB2
00000000
00000000
00000000
00000000
00000000
00000000
00000000
0000ABB2
00000000
00000000
00000000
00000000
00000000
00000000
00000000
0000ABB2
00000000
00000000
00000000
00000000
00000000
00000000
00000000
0000ABB2
00000000
00000000
00000000
00000000
00000000
00000000
00000000
0000ABB2
00000000
00000000
00000000
00000000
00000000
00000000
00000000
0000ABB2
00000000
00000000
00000000
00000000
00000000
00000000
00000000
0000C745
000008D4
0000005D
00000000
00000000
00000000
00000000
00000000
00011398
00002234
0006006E
00000000
00000000
00000000
00000000
00000000
00016858
00003E1C
000000C6
00000000
00000000
00000000
00000000
00000000
000191DA
00004BDF
000000D9
00020004
00000000
00000000
00000000
00000000
0001E32B
0000668B
00000148
001F0000
00000000
00000000
00000000
00000000
0001C93F
00005DF4
0000013B
000E0002
00000000
00000000
00000000
00000000
000180B5
000045E4
0000011D
00020000
00000002
00000000
00000000
00000000
0001321C
00002C33
0000009B
00000000
00000000
00000000
00000000
00000000
000116B9
00002330
0000007D
00010000
00000000
00000000
00000000
00000000
0000C982
000009C2
0000002E
00000000
00000000
00000000
00000000
00000000
0000C298
00000780
00000022
00000000
00000000
00000000
00000000
00000000
0000DB76
00000FBF
0000002D
00000000
00000000
00000000
00000000
00000000
0000BE3F
00000614
0000001B
00000000
00000000
00000000
00000000
00000000
0000B572
0000032F
00000011
00000000
00000000
00000000
00000000
00000000
0000B773
000003DE
0000000D
00000000
00000000
00000000
00000000
00000000
0000BCE9
000005AD
00000010
00000000
00000000
00000000
00000000
00000000
0000BCD7
000005AB
0000000C
00000000
00000000
00000000
00000000
00000000
0000ABB2
00000000
00000000
00000000
00000000
00000000
00000000
00000000
0000ABB2
00000000
00000000
00000000
00000000
00000000
00000000
00000000
0000ABB2
00000000
00000000
00000000
00000000
00000000
00000000
00000000
0000ABB2
00000000
00000000
00000000
00000000
00000000
00000000
00000000
0000ABB2
00000000
00000000
00000000
00000000
00000000
00000000
00000000
0000ABB2
00000000
00000000
00000000
00000000
00000000
00000000
00000000
0000ABB2
00000000
00000000
00000000
00000000
00000000
00000000
00000000
0000ABB2
00000000
00000000
00000000
00000000
00000000
00000000
00000000
0000ABB2
00000000
00000000
00000000
00000000
00000000
00000000
00000000
0000ABB2
00000000
00000000
00000000
00000000
00000000
00000000
00000000
0000ABB2
00000000
00000000
00000000
00000000
00000000
00000000
00000000
0000ABB2
00000000
00000000
00000000
00000000
00000000
00000000
00000000
0000ABB2
00000000
00000000
00000000
00000000
00000000
00000000
00000000
0000ABB2
00000000
00000000
00000000
00000000
00000000
00000000
00000000
0000ABB2
00000000
00000000
00000000
00000000
00000000
00000000
00000000
0000ABB2
00000000
00000000
00000000
00000000
00000000
00000000
00000000
0000ABB2
00000000
00000000
00000000
00000000
00000000
00000000
00000000
0000ABB2
00000000
00000000
00000000
00000000
00000000
00000000
00000000
0000C6F7
000008BB
0000005C
00000000
00000000
00000000
00000000
00000000
00011884
000023D4
00060072
00000000
00000000
00000000
00000000
00000000
00014F2F
000035BF
000000C0
00000000
00000000
00000000
00000000
00000000
00017CB3
000044E3
000000C8
00000004
00000000
00000000
00000000
00000000
0001CD35
00005F5A
00000127
00110000
00000000
00000000
00000000
00000000
00018B05
00004988
000000E9
000F0002
00000000
00000000
00000000
00000000
000169A5
00003E47
0000010A
00020000
00000002
00000000
00000000
00000000
000153E5
00003743
000000CE
00020000
00000000
00000000
00000000
00000000
0000F7AE
000018F3
00000061
00020000
00000000
00000000
00000000
00000000
0000E16A
000011A0
00000048
00000000
00000000
00000000
00000000
00000000
0000CC31
00000AB0
00000025
00000000
00000000
00000000
00000000
00000000
0000D876
00000EB6
00000036
00000000
00000000
00000000
00000000
00000000
0000D7E6
00000E96
00000026
00000000
00000000
00000000
00000000
00000000
0000E84B
000013F1
00000042
00000000
00000000
00000000
00000000
00000000
0000ED13
00001581
0000004A
00000000
00000000
00000000
00000000
00000000
0000B6B3
0000039B
00000010
00000000
00000000
00000000
00000000
00000000
0000B36B
00000289
0000000A
00000000
00000000
00000000
00000000
00000000
0000AC66
0000003A
00000002
00000000
00000000
00000000
00000000
00000000
0000AD95
0000009D
00000004
00000000
00000000
00000000
00000000
00000000
0000ABB2
00000000
00000000
00000000
00000000
00000000
00000000
00000000
0000ABB2
00000000
00000000
00000000
00000000
00000000
00000000
00000000
0000ABB2
00000000
00000000
00000000
00000000
00000000
00000000
00000000
0000ABB2
00000000
00000000
00000000
00000000
00000000
00000000
00000000
0000ABB2
00000000
00000000
00000000
00000000
00000000
00000000
00000000
0000ABB2
00000000
00000000
00000000
00000000
00000000
00000000
00000000
0000ABB2
00000000
00000000
00000000
00000000
00000000
00000000
00000000
0000ABB2
00000000
00000000
00000000
00000000
00000000
00000000
00000000
0000ABB2
00000000
00000000
00000000
00000000
00000000
00000000
00000000
0000ABB2
00000000
00000000
00000000
00000000
00000000
00000000
00000000
0000ABB2
00000000
00000000
00000000
00000000
00000000
00000000
00000000
0000ABB2
00000000
00000000
00000000
00000000
00000000
00000000
00000000
0000ABB2
00000000
00000000
00000000
00000000
00000000
00000000
00000000
0000ABB2
00000000
00000000
00000000
00000000
00000000
00000000
00000000
0000ABB2
00000000
00000000
00000000
00000000
00000000
00000000
00000000
0000ABB2
00000000
00000000
00000000
00000000
00000000
00000000
00000000
0000C745
000008D4
0000005D
00000000
00000000
00000000
00000000
00000000
00011896
000023DA
00060072
00000000
00000000
00000000
00000000
00000000
0001575A
00003876
000000C2
00000000
00000000
00000000
00000000
00000000
00019BC7
00004F28
000000DF
00020004
00000000
00000000
00000000
00000000
0001CC27
00005F1A
0000010D
00150001
00000000
00000000
00000000
00000000
00017998
000043A9
000000F9
000F0000
00000000
00000000
00000000
00000000
00013DC2
00002FF7
000000B9
00060001
00000000
00000000
00000000
00000000
0001430E
000031F8
0000007C
00040000
00000000
00000000
00000000
00000000
00011D73
0000256D
0000007E
00030000
00000000
00000000
00000000
00000000
0000FAA8
000019D7
0000007B
00000000
00000000
00000000
00000000
00000000
000103E7
00001D05
00000062
00000000
00000000
00000000
00000000
00000000
00011EA2
000025E1
0000006F
00030000
00000000
00000000
00000000
00000000
0000FF7C
00001B85
00000069
00000000
00000000
00000000
00000000
00000000
0000EA07
0000146F
00000058
00060000
00000000
00000000
00000000
00000000
0000FCD3
00001AAB
00000060
00030000
00000000
00000000
00000000
00000000
0000D780
00000E56
00000044
00000000
00000000
00000000
00000000
00000000
0000D4B6
00000D7D
0000002F
00000000
00000000
00000000
00000000
00000000
0000D012
00000BEB
00000035
00000000
00000000
00000000
00000000
00000000
0000BC50
0000056B
0000001F
00000000
00000000
00000000
00000000
00000000
0000BEF9
00000657
00000016
00000000
00000000
00000000
00000000
00000000
0000DFB1
0000112A
0000002B
00000000
00000000
00000000
00000000
00000000
0000D57C
00000DBB
00000033
00000000
00000000
00000000
00000000
00000000
0000B8DE
0000044D
00000017
00000000
00000000
00000000
00000000
00000000
0000BA2E
000004C0
00000014
00000000
00000000
00000000
00000000
00000000
0000BAAF
000004EB
00000014
00000000
00000000
00000000
00000000
00000000
0000B24E
00000231
00000003
00000000
00000000
00000000
00000000
00000000
0000ABB2
00000000
00000000
00000000
00000000
00000000
00000000
00000000
0000ABB2
00000000
00000000
00000000
00000000
00000000
00000000
00000000
0000ABB2
00000000
00000000
00000000
00000000
00000000
00000000
00000000
0000ABB2
00000000
00000000
00000000
00000000
00000000
00000000
00000000
0000ABB2
00000000
00000000
00000000
00000000
00000000
00000000
00000000
0000ABB2
00000000
00000000
00000000
00000000
00000000
00000000
00000000
0000ABB2
00000000
00000000
00000000
00000000
00000000
00000000
00000000
0000ABB2
00000000
00000000
00000000
00000000
00000000
00000000
00000000
0000ABB2
00000000
00000000
00000000
00000000
00000000
00000000
00000000
0000C65E
0000088A
0000005A
00000000
00000000
00000000
00000000
00000000
00010E8B
00002087
0006006C
00000000
00000000
00000000
00000000
00000000
00013EA9
00003052
000000AB
00000000
00000000
00000000
00000000
00000000
0001512A
00003696
00000092
00000004
00000000
00000000
00000000
00000000
00014C95
0000350F
00000092
000C0001
00000000
00000000
00000000
00000000
0001370B
00002DDC
00000097
00080001
00000000
00000000
00000000
00000000
00011DD6
00002588
00000084
00050000
00000000
00000000
00000000
00000000
000119A7
00002433
00000074
00000000
00000000
00000000
00000000
00000000
000107BF
00001E55
0000005A
00000000
00000000
00000000
00000000
00000000
0000C9F7
000009EE
00000029
00010000
00000000
00000000
00000000
00000000
00011617
0000230D
0000006A
00010000
00000000
00000000
00000000
00000000
0000FF46
00001B82
0000005A
00000000
00000000
00000000
00000000
00000000
0000D789
00000E60
0000003D
00010000
00000000
00000000
00000000
00000000
0000F2FE
0000177B
00000049
00000000
00000000
00000000
00000000
00000000
0000D546
00000DA6
00000036
00000000
00000000
00000000
00000000
00000000
0000BAFA
00000502
00000016
00000000
00000000
00000000
00000000
00000000
0000C49C
00000833
0000001B
00000000
00000000
00000000
00000000
00000000
0000C433
00000809
00000022
00000000
00000000
00000000
00000000
00000000
0000B28D
0000023D
0000000C
00000000
00000000
00000000
00000000
00000000
0000C439
00000812
0000001B
00000000
00000000
00000000
00000000
00000000
0000B45B
000002D8
0000000B
00000000
00000000
00000000
00000000
00000000
0000B449
000002D4
00000009
00000000
00000000
00000000
00000000
00000000
0000B40D
000002BB
0000000E
00000000
00000000
00000000
00000000
00000000
0000BBB1
00000547
0000000E
00000000
00000000
00000000
00000000
00000000
0000C727
00000912
00000015
00000000
00000000
00000000
00000000
00000000
0000B7F1
0000040D
00000008
00000000
00000000
00000000
00000000
00000000
0000B98F
00000490
0000000F
00000000
00000000
00000000
00000000
00000000
0000C358
000007C9
00000019
00000000
00000000
00000000
00000000
00000000
0000AF81
00000144
00000001
00000000
00000000
00000000
00000000
00000000
0000ABB2
00000000
00000000
00000000
00000000
00000000
00000000
00000000
0000ABB2
00000000
00000000
00000000
00000000
00000000
00000000
00000000
0000ABB2
00000000
00000000
00000000
00000000
00000000
00000000
00000000
0000ABB2
00000000
00000000
00000000
00000000
00000000
00000000
00000000
0000ABB2
00000000
00000000
00000000
00000000
00000000
00000000
00000000
0000ABB2
00000000
00000000
00000000
00000000
00000000
00000000
00000000
0000ABB2
00000000
00000000
00000000
00000000
00000000
00000000
00000000
0000ABB2
00000000
00000000
00000000
00000000
00000000
00000000
00000000
0000ABB2
00000000
00000000
00000000
00000000
00000000
00000000
00000000
0000ABB2
00000000
00000000
00000000
00000000
00000000
00000000
00000000
0000ABB2
00000000
00000000
00000000
00000000
00000000
00000000
00000000
0000ABB2
00000000
00000000
00000000
00000000
00000000
00000000
00000000
0000ABB2
00000000
00000000
00000000
00000000
00000000
00000000
00000000
0000ABB2
00000000
00000000
00000000
00000000
00000000
00000000
00000000
0000ABB2
00000000
00000000
00000000
00000000
00000000
00000000
00000000
0000ABB2
00000000
00000000
00000000
00000000
00000000
00000000
00000000
0000ABB2
00000000
00000000
00000000
00000000
00000000
00000000
00000000
0000ABB2
00000000
00000000
00000000
00000000
00000000
00000000
00000000
0000ABB2
00000000
00000000
00000000
00000000
00000000
00000000
00000000
0000ABB2
00000000
00000000
00000000
00000000
00000000
00000000
00000000
0000ABB2
00000000
00000000
00000000
00000000
00000000
00000000
00000000
0000ABB2
00000000
00000000
00000000
00000000
00000000
00000000
00000000
0000ABB2
00000000
00000000
00000000
00000000
00000000
00000000
00000000
0000ABB2
00000000
00000000
00000000
00000000
00000000
00000000
00000000
0000ABB2
00000000
00000000
00000000
00000000
00000000
00000000
00000000
0000ABB2
00000000
00000000
00000000
00000000
00000000
00000000
00000000
0000ABB2
00000000
00000000
00000000
00000000
00000000
00000000
00000000
0000ABB2
00000000
00000000
00000000
00000000
00000000
00000000
00000000
0000ABB2
00000000
00000000
00000000
00000000
00000000
00000000
00000000
0000ABB2
00000000
00000000
00000000
00000000
00000000
00000000
00000000
0000ABB2
00000000
00000000
00000000
00000000
00000000
00000000
00000000
0000ABB2
00000000
00000000
00000000
00000000
00000000
00000000
00000000
0000ABB2
00000000
00000000
00000000
00000000
00000000
00000000
00000000
0000ABB2
00000000
00000000
00000000
00000000
00000000
00000000
00000000
0000ABB2
00000000
00000000
00000000
00000000
00000000
00000000
00000000
0000ABB2
00000000
00000000
00000000
00000000
00000000
00000000
00000000
0000ABB2
00000000
00000000
00000000
00000000
00000000
00000000
00000000
0000ABB2
00000000
00000000
00000000
00000000
00000000
00000000
00000000
0000ABB2
00000000
00000000
00000000
00000000
00000000
00000000
00000000
0000ABB2
00000000
00000000
00000000
00000000
00000000
00000000
00000000
0000ABB2
00000000
00000000
00000000
00000000
00000000
00000000
00000000
0000ABB2
00000000
00000000
00000000
00000000
00000000
00000000
00000000
0000ABB2
00000000
00000000
00000000
00000000
00000000
00000000
00000000
0000ABB2
00000000
00000000
00000000
00000000
00000000
00000000
00000000
0000ABB2
00000000
00000000
00000000
00000000
00000000
00000000
00000000
0000ABB2
00000000
00000000
00000000
00000000
00000000
00000000
00000000
0000ABB2
00000000
00000000
00000000
00000000
00000000
00000000
00000000
0000ABB2
00000000
00000000
00000000
00000000
00000000
00000000
00000000
0000ABB2
00000000
00000000
00000000
00000000
00000000
00000000
00000000
0000ABB2
00000000
00000000
00000000
00000000
00000000
00000000
00000000
0000ABB2
00000000
00000000
00000000
00000000
00000000
00000000
00000000
0000ABB2
00000000
00000000
00000000
00000000
00000000
00000000
00000000
0000ABB2
00000000
00000000
00000000
00000000
00000000
00000000
00000000
0000ABB2
00000000
00000000
00000000
00000000
00000000
00000000
00000000
0000ABB2
00000000
00000000
00000000
00000000
00000000
00000000
00000000
0000ABB2
00000000
00000000
00000000
00000000
00000000
00000000
00000000
0000ABB2
00000000
00000000
00000000
00000000
00000000
00000000
00000000
0000ABB2
00000000
00000000
00000000
00000000
00000000
00000000
00000000
0000ABB2
00000000
00000000
00000000
00000000
00000000
00000000
00000000
0000ABB2
00000000
00000000
00000000
00000000
00000000
00000000
00000000
0000ABB2
00000000
00000000
00000000
00000000
00000000
00000000
00000000
0000ABB2
00000000
00000000
00000000
00000000
00000000
00000000
00000000
0000ABB2
00000000
00000000
00000000
00000000
00000000
00000000
00000000
0000ABB2
00000000
00000000
00000000
00000000
00000000
00000000
00000000
0000ABB2
00000000
00000000
00000000
00000000
00000000
00000000
00000000
0000ABB2
00000000
00000000
00000000
00000000
00000000
00000000
00000000
0000ABB2
00000000
00000000
00000000
00000000
00000000
00000000
00000000
0000ABB2
00000000
00000000
00000000
00000000
00000000
00000000
00000000
0000ABB2
00000000
00000000
00000000
00000000
00000000
00000000
00000000
0000ABB2
00000000
00000000
00000000
00000000
00000000
00000000
00000000
0000ABB2
00000000
00000000
00000000
00000000
00000000
00000000
00000000
0000ABB2
00000000
00000000
00000000
00000000
00000000
00000000
00000000
0000ABB2
00000000
00000000
00000000
00000000
00000000
00000000
00000000
0000ABB2
00000000
00000000
00000000
00000000
00000000
00000000
00000000
0000ABB2
00000000
00000000
00000000
00000000
00000000
00000000
00000000
0000ABB2
00000000
00000000
00000000
00000000
00000000
00000000
00000000
0000ABB2
00000000
00000000
00000000
00000000
00000000
00000000
00000000
0000ABB2
00000000
00000000
00000000
00000000
00000000
00000000
00000000
0000ABB2
00000000
00000000
00000000
00000000
00000000
00000000
00000000
0000ABB2
00000000
00000000
00000000
00000000
00000000
00000000
00000000
0000ABB2
00000000
00000000
00000000
00000000
00000000
00000000
00000000
0000ABB2
00000000
00000000
00000000
00000000
00000000
00000000
00000000
0000ABB2
00000000
00000000
00000000
00000000
00000000
00000000
00000000
0000ABB2
00000000
00000000
00000000
00000000
00000000
00000000
00000000
0000ABB2
00000000
00000000
00000000
00000000
00000000
00000000
00000000
0000ABB2
00000000
00000000
00000000
00000000
00000000
00000000
00000000
0000ABB2
00000000
00000000
00000000
00000000
00000000
00000000
00000000
0000ABB2
00000000
00000000
00000000
00000000
00000000
00000000
00000000
0000ABB2
00000000
00000000
00000000
00000000
00000000
00000000
00000000
0000ABB2
00000000
00000000
00000000
00000000
00000000
00000000
00000000
0000ABB2
00000000
00000000
00000000
00000000
00000000
00000000
00000000
0000ABB2
00000000
00000000
00000000
00000000
00000000
00000000
00000000
0000ABB2
00000000
00000000
00000000
00000000
00000000
00000000
00000000
0000ABB2
00000000
00000000
00000000
00000000
00000000
00000000
00000000
0000ABB2
00000000
00000000
00000000
00000000
00000000
00000000
00000000
0000ABB2
00000000
00000000
00000000
00000000
00000000
00000000
00000000
0000ABB2
00000000
00000000
00000000
00000000
00000000
00000000
00000000
0000ABB2
00000000
00000000
00000000
00000000
00000000
00000000
00000000
0000ABB2
00000000
00000000
00000000
00000000
00000000
00000000
00000000
0000ABB2
00000000
00000000
00000000
00000000
00000000
00000000
00000000
0000ABB2
00000000
00000000
00000000
00000000
00000000
00000000
00000000
0000ABB2
00000000
00000000
00000000
00000000
00000000
00000000
00000000
0000ABB2
00000000
00000000
00000000
00000000
00000000
00000000
00000000
0000ABB2
00000000
00000000
00000000
00000000
00000000
00000000
00000000
0000ABB2
00000000
00000000
00000000
00000000
00000000
00000000
00000000
0000ABB2
00000000
00000000
00000000
00000000
00000000
00000000
00000000
0000ABB2
00000000
00000000
00000000
00000000
00000000
00000000
00000000
0000ABB2
00000000
00000000
00000000
00000000
00000000
00000000
00000000
0000ABB2
00000000
00000000
00000000
00000000
00000000
00000000
00000000
0000ABB2
00000000
00000000
00000000
00000000
00000000
00000000
00000000
0000ABB2
00000000
00000000
00000000
00000000
00000000
00000000
00000000
0000ABB2
00000000
00000000
00000000
00000000
00000000
00000000
00000000
0000ABB2
00000000
00000000
00000000
00000000
00000000
00000000
00000000
0000ABB2
00000000
00000000
00000000
00000000
00000000
00000000
00000000
0000ABB2
00000000
00000000
00000000
00000000
00000000
00000000
00000000
0000ABB2
00000000
00000000
00000000
00000000
00000000
00000000
00000000
0000ABB2
00000000
00000000
00000000
00000000
00000000
00000000
00000000
0000ABB2
00000000
00000000
00000000
00000000
00000000
00000000
00000000
0000ABB2
00000000
00000000
00000000
00000000
00000000
00000000
00000000
0000ABB2
00000000
00000000
00000000
00000000
00000000
00000000
00000000
0000ABB2
00000000
00000000
00000000
00000000
00000000
00000000
00000000
0000ABB2
00000000
00000000
00000000
00000000
00000000
00000000
00000000
0000ABB2
00000000
00000000
00000000
00000000
00000000
00000000
00000000
0000ABB2
00000000
00000000
00000000
00000000
00000000
00000000
00000000
0000ABB2
00000000
00000000
00000000
00000000
00000000
00000000
00000000
0000ABB2
00000000
00000000
00000000
00000000
00000000
00000000
00000000
0000ABB2
00000000
00000000
00000000
00000000
00000000
00000000
00000000
0000ABB2
00000000
00000000
00000000
00000000
00000000
00000000
00000000
0000ABB2
00000000
00000000
00000000
00000000
00000000
00000000
00000000
0000ABB2
00000000
00000000
00000000
00000000
00000000
00000000
00000000
0000ABB2
00000000
00000000
00000000
00000000
00000000
00000000
00000000
0000ABB2
00000000
00000000
00000000
00000000
00000000
00000000
00000000
0000ABB2
00000000
00000000
00000000
00000000
00000000
00000000
00000000
0000ABB2
00000000
00000000
00000000
00000000
00000000
00000000
00000000
0000ABB2
00000000
00000000
00000000
00000000
00000000
00000000
00000000
0000ABB2
00000000
00000000
00000000
00000000
00000000
00000000
00000000
0000ABB2
00000000
00000000
00000000
00000000
00000000
00000000
00000000
0000ABB2
00000000
00000000
00000000
00000000
00000000
00000000
00000000
0000ABB2
00000000
00000000
00000000
00000000
00000000
00000000
00000000
0000ABB2
00000000
00000000
00000000
00000000
00000000
00000000
00000000
0000ABB2
00000000
00000000
00000000
00000000
00000000
00000000
00000000
0000ABB2
00000000
00000000
00000000
00000000
00000000
00000000
00000000
0000ABB2
00000000
00000000
00000000
00000000
00000000
00000000
00000000
0000ABB2
00000000
00000000
00000000
00000000
00000000
00000000
00000000
0000ABB2
00000000
00000000
00000000
00000000
00000000
00000000
00000000
0000ABB2
00000000
00000000
00000000
00000000
00000000
00000000
00000000
0000ABB2
00000000
00000000
00000000
00000000
00000000
00000000
00000000
0000ABB2
00000000
00000000
00000000
00000000
00000000
00000000
00000000
0000ABB2
00000000
00000000
00000000
00000000
00000000
00000000
00000000
0000ABB2
00000000
00000000
00000000
00000000
00000000
00000000
00000000
0000ABB2
00000000
00000000
00000000
00000000
00000000
00000000
00000000
0000ABB2
00000000
00000000
00000000
00000000
00000000
00000000
00000000
0000ABB2
00000000
00000000
00000000
00000000
00000000
00000000
00000000
0000ABB2
00000000
00000000
00000000
00000000
00000000
00000000
00000000
0000ABB2
00000000
00000000
00000000
00000000
00000000
00000000
00000000
0000ABB2
00000000
00000000
00000000
00000000
00000000
00000000
00000000
0000ABB2
00000000
00000000
00000000
00000000
00000000
00000000
00000000
0000ABB2
00000000
00000000
00000000
00000000
00000000
00000000
00000000
0000ABB2
00000000
00000000
00000000
00000000
00000000
00000000
00000000
0000ABB2
00000000
00000000
00000000
00000000
00000000
00000000
00000000
0000ABB2
00000000
00000000
00000000
00000000
00000000
00000000
00000000
0000ABB2
00000000
00000000
00000000
00000000
00000000
00000000
00000000
0000ABB2
00000000
00000000
00000000
00000000
00000000
00000000
00000000
0000ABB2
00000000
00000000
00000000
00000000
00000000
00000000
00000000
0000ABB2
00000000
00000000
00000000
00000000
00000000
00000000
00000000
0000ABB2
00000000
00000000
00000000
00000000
00000000
00000000
00000000
0000ABB2
00000000
00000000
00000000
00000000
00000000
00000000
00000000
0000ABB2
00000000
00000000
00000000
00000000
00000000
00000000
00000000
0000ABB2
00000000
00000000
00000000
00000000
00000000
00000000
00000000
0000ABB2
00000000
00000000
00000000
00000000
00000000
00000000
00000000
0000ABB2
00000000
00000000
00000000
00000000
00000000
00000000
00000000
0000ABB2
00000000
00000000
00000000
00000000
00000000
00000000
00000000
0000ABB2
00000000
00000000
00000000
00000000
00000000
00000000
00000000
0000ABB2
00000000
00000000
00000000
00000000
00000000
00000000
00000000
0000ABB2
00000000
00000000
00000000
00000000
00000000
00000000
00000000
0000ABB2
00000000
00000000
00000000
00000000
00000000
00000000
00000000
0000ABB2
00000000
00000000
00000000
00000000
00000000
00000000
00000000
0000ABB2
00000000
00000000
00000000
00000000
00000000
00000000
00000000
0000ABB2
00000000
00000000
00000000
00000000
00000000
00000000
00000000
0000ABB2
00000000
00000000
00000000
00000000
00000000
00000000
00000000
0000ABB2
00000000
00000000
00000000
00000000
00000000
00000000
00000000
0000ABB2
00000000
00000000
00000000
00000000
00000000
00000000
00000000
0000ABB2
00000000
00000000
00000000
00000000
00000000
00000000
00000000
0000ABB2
00000000
00000000
00000000
00000000
00000000
00000000
00000000
0000ABB2
00000000
00000000
00000000
00000000
00000000
00000000
00000000
0000ABB2
00000000
00000000
00000000
00000000
00000000
00000000
00000000
0000ABB2
00000000
00000000
00000000
00000000
00000000
00000000
00000000
0000ABB2
00000000
00000000
00000000
00000000
00000000
00000000
00000000
0000ABB2
00000000
00000000
00000000
00000000
00000000
00000000
00000000
0000ABB2
00000000
00000000
00000000
00000000
00000000
00000000
00000000
0000ABB2
00000000
00000000
00000000
00000000
00000000
00000000
00000000
0000ABB2
00000000
00000000
00000000
00000000
00000000
00000000
00000000
0000ABB2
00000000
00000000
00000000
00000000
00000000
00000000
00000000
0000ABB2
00000000
00000000
00000000
00000000
00000000
00000000
00000000
0000ABB2
00000000
00000000
00000000
00000000
00000000
00000000
00000000
0000ABB2
00000000
00000000
00000000
00000000
00000000
00000000
00000000
0000ABB2
00000000
00000000
00000000
00000000
00000000
00000000
00000000
0000ABB2
00000000
00000000
00000000
00000000
00000000
00000000
00000000
0000ABB2
00000000
00000000
00000000
00000000
00000000
00000000
00000000
0000ABB2
00000000
00000000
00000000
00000000
00000000
00000000
00000000
0000ABB2
00000000
00000000
00000000
00000000
00000000
00000000
00000000
0000ABB2
00000000
00000000
00000000
00000000
00000000
00000000
00000000
0000ABB2
00000000
00000000
00000000
00000000
00000000
00000000
00000000
0000ABB2
00000000
00000000
00000000
00000000
00000000
00000000
00000000
0000ABB2
00000000
00000000
00000000
00000000
00000000
00000000
00000000
0000ABB2
00000000
00000000
00000000
00000000
00000000
00000000
00000000
0000ABB2
00000000
00000000
00000000
00000000
00000000
00000000
00000000
0000ABB2
00000000
00000000
00000000
00000000
00000000
00000000
00000000
0000ABB2
00000000
00000000
00000000
00000000
00000000
00000000
00000000
0000ABB2
00000000
00000000
00000000
00000000
00000000
00000000
00000000
0000ABB2
00000000
00000000
00000000
00000000
00000000
00000000
00000000
0000ABB2
00000000
00000000
00000000
00000000
00000000
00000000
00000000
0000ABB2
00000000
00000000
00000000
00000000
00000000
00000000
00000000
0000ABB2
00000000
00000000
00000000
00000000
00000000
00000000
00000000
0000ABB2
00000000
00000000
00000000
00000000
00000000
00000000
00000000
0000ABB2
00000000
00000000
00000000
00000000
00000000
00000000
00000000
0000ABB2
00000000
00000000
00000000
00000000
00000000
00000000
00000000
0000ABB2
00000000
00000000
00000000
00000000
00000000
00000000
00000000
0000ABB2
00000000
00000000
00000000
00000000
00000000
00000000
00000000
0000ABB2
00000000
00000000
00000000
00000000
00000000
00000000
00000000
0000ABB2
00000000
00000000
00000000
00000000
00000000
00000000
00000000
0000ABB2
00000000
00000000
00000000
00000000
00000000
00000000
00000000
0000ABB2
00000000
00000000
00000000
00000000
00000000
00000000
00000000
0000ABB2
00000000
00000000
00000000
00000000
00000000
00000000
00000000
0000ABB2
00000000
00000000
00000000
00000000
00000000
00000000
00000000
0000ABB2
00000000
00000000
00000000
00000000
00000000
00000000
00000000
0000ABB2
00000000
00000000
00000000
00000000
00000000
00000000
00000000
0000ABB2
00000000
00000000
00000000
00000000
00000000
00000000
00000000
0000ABB2
00000000
00000000
00000000
00000000
00000000
00000000
00000000
0000ABB2
00000000
00000000
00000000
00000000
00000000
00000000
00000000
0000ABB2
00000000
00000000
00000000
00000000
00000000
00000000
00000000
0000ABB2
00000000
00000000
00000000
00000000
00000000
00000000
00000000
0000ABB2
00000000
00000000
00000000
00000000
00000000
00000000
00000000
0000ABB2
00000000
00000000
00000000
00000000
00000000
00000000
00000000
0000ABB2
00000000
00000000
00000000
00000000
00000000
00000000
00000000
0000ABB2
00000000
00000000
00000000
00000000
00000000
00000000
00000000
0000ABB2
00000000
00000000
00000000
00000000
00000000
00000000
00000000
0000ABB2
00000000
00000000
00000000
00000000
00000000
00000000
00000000
0000ABB2
00000000
00000000
00000000
00000000
00000000
00000000
00000000
0000ABB2
00000000
00000000
00000000
00000000
00000000
00000000
00000000
0000ABB2
00000000
00000000
00000000
00000000
00000000
00000000
00000000
0000ABB2
00000000
00000000
00000000
00000000
00000000
00000000
00000000
0000ABB2
00000000
00000000
00000000
00000000
00000000
00000000
00000000
0000ABB2
00000000
00000000
00000000
00000000
00000000
00000000
00000000
0000ABB2
00000000
00000000
00000000
00000000
00000000
00000000
00000000
0000ABB2
00000000
00000000
00000000
00000000
00000000
00000000
00000000
0000ABB2
00000000
00000000
00000000
00000000
00000000
00000000
00000000
0000ABB2
00000000
00000000
00000000
00000000
00000000
00000000
00000000
0000ABB2
00000000
00000000
00000000
00000000
00000000
00000000
00000000
0000ABB2
00000000
00000000
00000000
00000000
00000000
00000000
00000000
0000ABB2
00000000
00000000
00000000
00000000
00000000
00000000
00000000
0000ABB2
00000000
00000000
00000000
00000000
00000000
00000000
00000000
0000ABB2
00000000
00000000
00000000
00000000
00000000
00000000
00000000
0000ABB2
00000000
00000000
00000000
00000000
00000000
00000000
00000000
0000ABB2
00000000
00000000
00000000
00000000
00000000
00000000
00000000
0000ABB2
00000000
00000000
00000000
00000000
00000000
00000000
00000000
0000ABB2
00000000
00000000
00000000
00000000
00000000
00000000
00000000
0000ABB2
00000000
00000000
00000000
00000000
00000000
00000000
00000000
0000ABB2
00000000
00000000
00000000
00000000
00000000
00000000
00000000
0000ABB2
00000000
00000000
00000000
00000000
00000000
00000000
00000000
0000ABB2
00000000
00000000
00000000
00000000
00000000
00000000
00000000
0000ABB2
00000000
00000000
00000000
00000000
00000000
00000000
00000000
0000ABB2
00000000
00000000
00000000
00000000
00000000
00000000
00000000
0000ABB2
00000000
00000000
00000000
00000000
00000000
00000000
00000000
0000ABB2
00000000
00000000
00000000
00000000
00000000
00000000
00000000
0000ABB2
00000000
00000000
00000000
00000000
00000000
00000000
00000000
0000ABB2
00000000
00000000
00000000
00000000
00000000
00000000
00000000
0000ABB2
00000000
00000000
00000000
00000000
00000000
00000000
00000000
0000ABB2
00000000
00000000
00000000
00000000
00000000
00000000
00000000
0000ABB2
00000000
00000000
00000000
00000000
00000000
00000000
00000000
0000ABB2
00000000
00000000
00000000
00000000
00000000
00000000
00000000
0000ABB2
00000000
00000000
00000000
00000000
00000000
00000000
00000000
0000ABB2
00000000
00000000
00000000
00000000
00000000
00000000
00000000
0000ABB2
00000000
00000000
00000000
00000000
00000000
00000000
00000000
0000ABB2
00000000
00000000
00000000
00000000
00000000
00000000
00000000
0000ABB2
00000000
00000000
00000000
00000000
00000000
00000000
00000000
0000ABB2
00000000
00000000
00000000
00000000
00000000
00000000
00000000
0000ABB2
00000000
00000000
00000000
00000000
00000000
00000000
00000000
0000ABB2
00000000
00000000
00000000
00000000
00000000
00000000
00000000
0000ABB2
00000000
00000000
00000000
00000000
00000000
00000000
00000000
0000ABB2
00000000
00000000
00000000
00000000
00000000
00000000
00000000
0000ABB2
00000000
00000000
00000000
00000000
00000000
00000000
00000000
0000ABB2
00000000
00000000
00000000
00000000
00000000
00000000
00000000
0000ABB2
00000000
00000000
00000000
00000000
00000000
00000000
00000000
0000ABB2
00000000
00000000
00000000
00000000
00000000
00000000
00000000
0000ABB2
00000000
00000000
00000000
00000000
00000000
00000000
00000000
0000ABB2
00000000
00000000
00000000
00000000
00000000
00000000
00000000
0000ABB2
00000000
00000000
00000000
00000000
00000000
00000000
00000000
0000ABB2
00000000
00000000
00000000
00000000
00000000
00000000
00000000
0000ABB2
00000000
00000000
00000000
00000000
00000000
00000000
00000000
0000ABB2
00000000
00000000
00000000
00000000
00000000
00000000
00000000
0000ABB2
00000000
00000000
00000000
00000000
00000000
00000000
00000000
0000ABB2
00000000
00000000
00000000
00000000
00000000
00000000
00000000
0000ABB2
00000000
00000000
00000000
00000000
00000000
00000000
00000000
0000ABB2
00000000
00000000
00000000
00000000
00000000
00000000
00000000
0000ABB2
00000000
00000000
00000000
00000000
00000000
00000000
00000000
0000ABB2
00000000
00000000
00000000
00000000
00000000
00000000
00000000
0000ABB2
00000000
00000000
00000000
00000000
00000000
00000000
00000000
0000ABB2
00000000
00000000
00000000
00000000
00000000
00000000
00000000
0000ABB2
00000000
00000000
00000000
00000000
00000000
00000000
00000000
0000ABB2
00000000
00000000
00000000
00000000
00000000
00000000
00000000
0000ABB2
00000000
00000000
00000000
00000000
00000000
00000000
00000000
0000ABB2
00000000
00000000
00000000
00000000
00000000
00000000
00000000
0000ABB2
00000000
00000000
00000000
00000000
00000000
00000000
00000000
0000ABB2
00000000
00000000
00000000
00000000
00000000
00000000
00000000
0000ABB2
00000000
00000000
00000000
00000000
00000000
00000000
00000000
0000ABB2
00000000
00000000
00000000
00000000
00000000
00000000
00000000
0000ABB2
00000000
00000000
00000000
00000000
00000000
00000000
00000000
0000ABB2
00000000
00000000
00000000
00000000
00000000
00000000
00000000
0000ABB2
00000000
00000000
00000000
00000000
00000000
00000000
00000000
0000ABB2
00000000
00000000
00000000
00000000
00000000
00000000
00000000
0000ABB2
00000000
00000000
00000000
00000000
00000000
00000000
00000000
0000ABB2
00000000
00000000
00000000
00000000
00000000
00000000
00000000
0000ABB2
00000000
00000000
00000000
00000000
00000000
00000000
00000000
0000ABB2
00000000
00000000
00000000
00000000
00000000
00000000
00000000
0000ABB2
00000000
00000000
00000000
00000000
00000000
00000000
00000000
0000ABB2
00000000
00000000
00000000
00000000
00000000
00000000
00000000
0000ABB2
00000000
00000000
00000000
00000000
00000000
00000000
00000000
0000ABB2
00000000
00000000
00000000
00000000
00000000
00000000
00000000
0000ABB2
00000000
00000000
00000000
00000000
00000000
00000000
00000000
0000ABB2
00000000
00000000
00000000
00000000
00000000
00000000
00000000
0000ABB2
00000000
00000000
00000000
00000000
00000000
00000000
00000000
0000ABB2
00000000
00000000
00000000
00000000
00000000
00000000
00000000
0000ABB2
00000000
00000000
00000000
00000000
00000000
00000000
00000000
0000ABB2
00000000
00000000
00000000
00000000
00000000
00000000
00000000
0000ABB2
00000000
00000000
00000000
00000000
00000000
00000000
00000000
0000ABB2
00000000
00000000
00000000
00000000
00000000
00000000
00000000
0000ABB2
00000000
00000000
00000000
00000000
00000000
00000000
00000000
0000ABB2
00000000
00000000
00000000
00000000
00000000
00000000
00000000
0000ABB2
00000000
00000000
00000000
00000000
00000000
00000000
00000000
0000ABB2
00000000
00000000
00000000
00000000
00000000
00000000
00000000
0000ABB2
00000000
00000000
00000000
00000000
00000000
00000000
00000000
0000ABB2
00000000
00000000
00000000
00000000
00000000
00000000
00000000
0000ABB2
00000000
00000000
00000000
00000000
00000000
00000000
00000000
0000ABB2
00000000
00000000
00000000
00000000
00000000
00000000
00000000
0000ABB2
00000000
00000000
00000000
00000000
00000000
00000000
00000000
0000ABB2
00000000
00000000
00000000
00000000
00000000
00000000
00000000
0000ABB2
00000000
00000000
00000000
00000000
00000000
00000000
00000000
0000ABB2
00000000
00000000
00000000
00000000
00000000
00000000
00000000
0000ABB2
00000000
00000000
00000000
00000000
00000000
00000000
00000000
0000ABB2
00000000
00000000
00000000
00000000
00000000
00000000
00000000
0000ABB2
00000000
00000000
00000000
00000000
00000000
00000000
00000000
0000ABB2
00000000
00000000
00000000
00000000
00000000
00000000
00000000
0000ABB2
00000000
00000000
00000000
00000000
00000000
00000000
00000000
0000ABB2
00000000
00000000
00000000
00000000
00000000
00000000
00000000
0000ABB2
00000000
00000000
00000000
00000000
00000000
00000000
00000000
0000ABB2
00000000
00000000
00000000
00000000
00000000
00000000
00000000
0000ABB2
00000000
00000000
00000000
00000000
00000000
00000000
00000000
0000ABB2
00000000
00000000
00000000
00000000
00000000
00000000
00000000
0000ABB2
00000000
00000000
00000000
00000000
00000000
00000000
00000000
0000ABB2
00000000
00000000
00000000
00000000
00000000
00000000
00000000
0000ABB2
00000000
00000000
00000000
00000000
00000000
00000000
00000000
0000ABB2
00000000
00000000
00000000
00000000
00000000
00000000
00000000
0000ABB2
00000000
00000000
00000000
00000000
00000000
00000000
00000000
0000ABB2
00000000
00000000
00000000
00000000
00000000
00000000
00000000
0000ABB2
00000000
00000000
00000000
00000000
00000000
00000000
00000000
0000ABB2
00000000
00000000
00000000
00000000
00000000
00000000
00000000
0000ABB2
00000000
00000000
00000000
00000000
00000000
00000000
00000000
0000ABB2
00000000
00000000
00000000
00000000
00000000
00000000
00000000
0000ABB2
00000000
00000000
00000000
00000000
00000000
00000000
00000000
0000ABB2
00000000
00000000
00000000
00000000
00000000
00000000
00000000
0000ABB2
00000000
00000000
00000000
00000000
00000000
00000000
00000000
0000ABB2
00000000
00000000
00000000
00000000
00000000
00000000
00000000
0000ABB2
00000000
00000000
00000000
00000000
00000000
00000000
00000000
0000ABB2
00000000
00000000
00000000
00000000
00000000
00000000
00000000
0000ABB2
00000000
00000000
00000000
00000000
00000000
00000000
00000000
0000ABB2
00000000
00000000
00000000
00000000
00000000
00000000
00000000
0000ABB2
00000000
00000000
00000000
00000000
00000000
00000000
00000000
0000ABB2
00000000
00000000
00000000
00000000
00000000
00000000
00000000
0000ABB2
00000000
00000000
00000000
00000000
00000000
00000000
00000000
0000ABB2
00000000
00000000
00000000
00000000
00000000
00000000
00000000
0000ABB2
00000000
00000000
00000000
00000000
00000000
00000000
00000000
0000ABB2
00000000
00000000
00000000
00000000
00000000
00000000
00000000
0000ABB2
00000000
00000000
00000000
00000000
00000000
00000000
00000000
0000ABB2
00000000
00000000
00000000
00000000
00000000
00000000
00000000
0000ABB2
00000000
00000000
00000000
00000000
00000000
00000000
00000000
0000ABB2
00000000
00000000
00000000
00000000
00000000
00000000
00000000
0000ABB2
00000000
00000000
00000000
00000000
00000000
00000000
00000000
0000ABB2
00000000
00000000
00000000
00000000
00000000
00000000
00000000
0000ABB2
00000000
00000000
00000000
00000000
00000000
00000000
00000000
0000ABB2
00000000
00000000
00000000
00000000
00000000
00000000
00000000
0000ABB2
00000000
00000000
00000000
00000000
00000000
00000000
00000000
0000ABB2
00000000
00000000
00000000
00000000
00000000
00000000
00000000
0000ABB2
00000000
00000000
00000000
00000000
00000000
00000000
00000000
0000ABB2
00000000
00000000
00000000
00000000
00000000
00000000
00000000
0000ABB2
00000000
00000000
00000000
00000000
00000000
00000000
00000000
0000ABB2
00000000
00000000
00000000
00000000
00000000
00000000
00000000
0000ABB2
00000000
00000000
00000000
00000000
00000000
00000000
00000000
0000ABB2
00000000
00000000
00000000
00000000
00000000
00000000
00000000
0000ABB2
00000000
00000000
00000000
00000000
00000000
00000000
00000000
0000ABB2
00000000
00000000
00000000
00000000
00000000
00000000
00000000
0000ABB2
00000000
00000000
00000000
00000000
00000000
00000000
00000000
0000ABB2
00000000
00000000
00000000
00000000
00000000
00000000
00000000
0000ABB2
00000000
00000000
00000000
00000000
00000000
00000000
00000000
0000ABB2
00000000
00000000
00000000
00000000
00000000
00000000
00000000
0000ABB2
00000000
00000000
00000000
00000000
00000000
00000000
00000000
0000ABB2
00000000
00000000
00000000
00000000
00000000
00000000
00000000
0000ABB2
00000000
00000000
00000000
00000000
00000000
00000000
00000000
0000ABB2
00000000
00000000
00000000
00000000
00000000
00000000
00000000
0000ABB2
00000000
00000000
00000000
00000000
00000000
00000000
00000000
0000ABB2
00000000
00000000
00000000
00000000
00000000
00000000
00000000
0000ABB2
00000000
00000000
00000000
00000000
00000000
00000000
00000000
0000ABB2
00000000
00000000
00000000
00000000
00000000
00000000
00000000
0000ABB2
00000000
00000000
00000000
00000000
00000000
00000000
00000000
0000ABB2
00000000
00000000
00000000
00000000
00000000
00000000
00000000
0000ABB2
00000000
00000000
00000000
00000000
00000000
00000000
00000000
0000ABB2
00000000
00000000
00000000
00000000
00000000
00000000
00000000
0000ABB2
00000000
00000000
00000000
00000000
00000000
00000000
00000000
0000ABB2
00000000
00000000
00000000
00000000
00000000
00000000
00000000
0000ABB2
00000000
00000000
00000000
00000000
00000000
00000000
00000000
0000ABB2
00000000
00000000
00000000
00000000
00000000
00000000
00000000
0000ABB2
00000000
00000000
00000000
00000000
00000000
00000000
00000000
0000ABB2
00000000
00000000
00000000
00000000
00000000
00000000
00000000
0000ABB2
00000000
00000000
00000000
00000000
00000000
00000000
00000000
0000ABB2
00000000
00000000
00000000
00000000
00000000
00000000
00000000
0000ABB2
00000000
00000000
00000000
00000000
00000000
00000000
00000000
0000ABB2
00000000
00000000
00000000
00000000
00000000
00000000
00000000
0000ABB2
00000000
00000000
00000000
00000000
00000000
00000000
00000000
0000ABB2
00000000
00000000
00000000
00000000
00000000
00000000
00000000
0000ABB2
00000000
00000000
00000000
00000000
00000000
00000000
00000000
0000ABB2
00000000
00000000
00000000
00000000
00000000
00000000
00000000
0000ABB2
00000000
00000000
00000000
00000000
00000000
00000000
00000000
0000ABB2
00000000
00000000
00000000
00000000
00000000
00000000
00000000
0000ABB2
00000000
00000000
00000000
00000000
00000000
00000000
00000000
0000ABB2
00000000
00000000
00000000
00000000
00000000
00000000
00000000
0000ABB2
00000000
00000000
00000000
00000000
00000000
00000000
00000000
0000ABB2
00000000
00000000
00000000
00000000
00000000
00000000
00000000
0000ABB2
00000000
00000000
00000000
00000000
00000000
00000000
00000000
0000ABB2
00000000
00000000
00000000
00000000
00000000
00000000
00000000
0000ABB2
00000000
00000000
00000000
00000000
00000000
00000000
00000000
0000ABB2
00000000
00000000
00000000
00000000
00000000
00000000
00000000
0000ABB2
00000000
00000000
00000000
00000000
00000000
00000000
00000000
0000ABB2
00000000
00000000
00000000
00000000
00000000
00000000
00000000
0000ABB2
00000000
00000000
00000000
00000000
00000000
00000000
00000000
0000ABB2
00000000
00000000
00000000
00000000
00000000
00000000
00000000
0000ABB2
00000000
00000000
00000000
00000000
00000000
00000000
00000000
0000ABB2
00000000
00000000
00000000
00000000
00000000
00000000
00000000
0000ABB2
00000000
00000000
00000000
00000000
00000000
00000000
00000000
0000ABB2
00000000
00000000
00000000
00000000
00000000
00000000
00000000
0000ABB2
00000000
00000000
00000000
00000000
00000000
00000000
00000000
0000ABB2
00000000
00000000
00000000
00000000
00000000
00000000
00000000
0000ABB2
00000000
00000000
00000000
00000000
00000000
00000000
00000000
0000ABB2
00000000
00000000
00000000
00000000
00000000
00000000
00000000
0000ABB2
00000000
00000000
00000000
00000000
00000000
00000000
00000000
0000ABB2
00000000
00000000
00000000
00000000
00000000
00000000
00000000
0000ABB2
00000000
00000000
00000000
00000000
00000000
00000000
00000000
0000ABB2
00000000
00000000
00000000
00000000
00000000
00000000
00000000
0000ABB2
00000000
00000000
00000000
00000000
00000000
00000000
00000000
0000ABB2
00000000
00000000
00000000
00000000
00000000
00000000
00000000
0000ABB2
00000000
00000000
00000000
00000000
00000000
00000000
00000000
0000ABB2
00000000
00000000
00000000
00000000
00000000
00000000
00000000
0000ABB2
00000000
00000000
00000000
00000000
00000000
00000000
00000000
0000ABB2
00000000
00000000
00000000
00000000
00000000
00000000
00000000
0000ABB2
00000000
00000000
00000000
00000000
00000000
00000000
00000000
0000ABB2
00000000
00000000
00000000
00000000
00000000
00000000
00000000
0000ABB2
00000000
00000000
00000000
00000000
00000000
00000000
00000000
0000ABB2
00000000
00000000
00000000
00000000
00000000
00000000
00000000
0000ABB2
00000000
00000000
00000000
00000000
00000000
00000000
00000000
0000ABB2
00000000
00000000
00000000
00000000
00000000
00000000
00000000
0000ABB2
00000000
00000000
00000000
00000000
00000000
00000000
00000000
0000ABB2
00000000
00000000
00000000
00000000
00000000
00000000
00000000
0000ABB2
00000000
00000000
00000000
00000000
00000000
00000000
00000000
0000ABB2
00000000
00000000
00000000
00000000
00000000
00000000
00000000
0000ABB2
00000000
00000000
00000000
00000000
00000000
00000000
00000000
0000ABB2
00000000
00000000
00000000
00000000
00000000
00000000
00000000
0000ABB2
00000000
00000000
00000000
00000000
00000000
00000000
00000000
0000ABB2
00000000
00000000
00000000
00000000
00000000
00000000
00000000
0000ABB2
00000000
00000000
00000000
00000000
00000000
00000000
00000000
0000ABB2
00000000
00000000
00000000
00000000
00000000
00000000
00000000
0000ABB2
00000000
00000000
00000000
00000000
00000000
00000000
00000000
0000ABB2
00000000
00000000
00000000
00000000
00000000
00000000
00000000
0000ABB2
00000000
00000000
00000000
00000000
00000000
00000000
00000000
0000ABB2
00000000
00000000
00000000
00000000
00000000
00000000
00000000
0000ABB2
00000000
00000000
00000000
00000000
00000000
00000000
00000000
0000ABB2
00000000
00000000
00000000
00000000
00000000
00000000
00000000
0000ABB2
00000000
00000000
00000000
00000000
00000000
00000000
00000000
0000ABB2
00000000
00000000
00000000
00000000
00000000
00000000
00000000
0000ABB2
00000000
00000000
00000000
00000000
00000000
00000000
00000000
0000ABB2
00000000
00000000
00000000
00000000
00000000
00000000
00000000
0000ABB2
00000000
00000000
00000000
00000000
00000000
00000000
00000000
0000ABB2
00000000
00000000
00000000
00000000
00000000
00000000
00000000
0000ABB2
00000000
00000000
00000000
00000000
00000000
00000000
00000000
0000ABB2
00000000
00000000
00000000
00000000
00000000
00000000
00000000
0000ABB2
00000000
00000000
00000000
00000000
00000000
00000000
00000000
0000ABB2
00000000
00000000
00000000
00000000
00000000
00000000
00000000
0000ABB2
00000000
00000000
00000000
00000000
00000000
00000000
00000000
0000ABB2
00000000
00000000
00000000
00000000
00000000
00000000
00000000
0000ABB2
00000000
00000000
00000000
00000000
00000000
00000000
00000000
0000ABB2
00000000
00000000
00000000
00000000
00000000
00000000
00000000
0000ABB2
00000000
00000000
00000000
00000000
00000000
00000000
00000000
0000ABB2
00000000
00000000
00000000
00000000
00000000
00000000
00000000
0000ABB2
00000000
00000000
00000000
00000000
00000000
00000000
00000000
0000ABB2
00000000
00000000
00000000
00000000
00000000
00000000
00000000
0000ABB2
00000000
00000000
00000000
00000000
00000000
00000000
00000000
0000ABB2
00000000
00000000
00000000
00000000
00000000
00000000
00000000
0000ABB2
00000000
00000000
00000000
00000000
00000000
00000000
00000000
0000ABB2
00000000
00000000
00000000
00000000
00000000
00000000
00000000
0000ABB2
00000000
00000000
00000000
00000000
00000000
00000000
00000000
0000ABB2
00000000
00000000
00000000
00000000
00000000
00000000
00000000
0000ABB2
00000000
00000000
00000000
00000000
00000000
00000000
00000000
0000ABB2
00000000
00000000
00000000
00000000
00000000
00000000
00000000
0000ABB2
00000000
00000000
00000000
00000000
00000000
00000000
00000000
0000ABB2
00000000
00000000
00000000
00000000
00000000
00000000
00000000
0000ABB2
00000000
00000000
00000000
00000000
00000000
00000000
00000000
0000ABB2
00000000
00000000
00000000
00000000
00000000
00000000
00000000
0000ABB2
00000000
00000000
00000000
00000000
00000000
00000000
00000000
0000ABB2
00000000
00000000
00000000
00000000
00000000
00000000
00000000
0000ABB2
00000000
00000000
00000000
00000000
00000000
00000000
00000000
0000ABB2
00000000
00000000
00000000
00000000
00000000
00000000
00000000
0000ABB2
00000000
00000000
00000000
00000000
00000000
00000000
00000000
0000ABB2
00000000
00000000
00000000
00000000
00000000
00000000
00000000
0000ABB2
00000000
00000000
00000000
00000000
00000000
00000000
00000000
0000ABB2
00000000
00000000
00000000
00000000
00000000
00000000
00000000
0000ABB2
00000000
00000000
00000000
00000000
00000000
00000000
00000000
0000ABB2
00000000
00000000
00000000
00000000
00000000
00000000
00000000
0000ABB2
00000000
00000000
00000000
00000000
00000000
00000000
00000000
0000ABB2
00000000
00000000
00000000
00000000
00000000
00000000
00000000
0000ABB2
00000000
00000000
00000000
00000000
00000000
00000000
00000000
0000ABB2
00000000
00000000
00000000
00000000
00000000
00000000
00000000
0000ABB2
00000000
00000000
00000000
00000000
00000000
00000000
00000000
0000ABB2
00000000
00000000
00000000
00000000
00000000
00000000
00000000
0000ABB2
00000000
00000000
00000000
00000000
00000000
00000000
00000000
0000ABB2
00000000
00000000
00000000
00000000
00000000
00000000
00000000
0000ABB2
00000000
00000000
00000000
00000000
00000000
00000000
00000000
0000ABB2
00000000
00000000
00000000
00000000
00000000
00000000
00000000
0000ABB2
00000000
00000000
00000000
00000000
00000000
00000000
00000000
0000ABB2
00000000
00000000
00000000
00000000
00000000
00000000
00000000
0000ABB2
00000000
00000000
00000000
00000000
00000000
00000000
00000000
0000ABB2
00000000
00000000
00000000
00000000
00000000
00000000
00000000
0000ABB2
00000000
00000000
00000000
00000000
00000000
00000000
00000000
0000ABB2
00000000
00000000
00000000
00000000
00000000
00000000
00000000
0000ABB2
00000000
00000000
00000000
00000000
00000000
00000000
00000000
0000ABB2
00000000
00000000
00000000
00000000
00000000
00000000
00000000
0000ABB2
00000000
00000000
00000000
00000000
00000000
00000000
00000000
0000ABB2
00000000
00000000
00000000
00000000
00000000
00000000
00000000
0000ABB2
00000000
00000000
00000000
00000000
00000000
00000000
00000000
0000ABB2
00000000
00000000
00000000
00000000
00000000
00000000
00000000
0000ABB2
00000000
00000000
00000000
00000000
00000000
00000000
00000000
0000ABB2
00000000
00000000
00000000
00000000
00000000
00000000
00000000
0000ABB2
00000000
00000000
00000000
00000000
00000000
00000000
00000000
0000ABB2
00000000
00000000
00000000
00000000
00000000
00000000
00000000
0000ABB2
00000000
00000000
00000000
00000000
00000000
00000000
00000000
0000ABB2
00000000
00000000
00000000
00000000
00000000
00000000
00000000
0000ABB2
00000000
00000000
00000000
00000000
00000000
00000000
00000000
0000ABB2
00000000
00000000
00000000
00000000
00000000
00000000
00000000
0000ABB2
00000000
00000000
00000000
00000000
00000000
00000000
00000000
0000ABB2
00000000
00000000
00000000
00000000
00000000
00000000
00000000
0000ABB2
00000000
00000000
00000000
00000000
00000000
00000000
00000000
0000ABB2
00000000
00000000
00000000
00000000
00000000
00000000
00000000
0000ABB2
00000000
00000000
00000000
00000000
00000000
00000000
00000000
0000ABB2
00000000
00000000
00000000
00000000
00000000
00000000
00000000
0000ABB2
00000000
00000000
00000000
00000000
00000000
00000000
00000000
0000ABB2
00000000
00000000
00000000
00000000
00000000
00000000
00000000
0000ABB2
00000000
00000000
00000000
00000000
00000000
00000000
00000000
0000ABB2
00000000
00000000
00000000
00000000
00000000
00000000
00000000
0000ABB2
00000000
00000000
00000000
00000000
00000000
00000000
00000000
0000ABB2
00000000
00000000
00000000
00000000
00000000
00000000
00000000
0000ABB2
00000000
00000000
00000000
00000000
00000000
00000000
00000000
0000ABB2
00000000
00000000
00000000
00000000
00000000
00000000
00000000
0000ABB2
00000000
00000000
00000000
00000000
00000000
00000000
00000000
0000ABB2
00000000
00000000
00000000
00000000
00000000
00000000
00000000
0000ABB2
00000000
00000000
00000000
00000000
00000000
00000000
00000000
0000ABB2
00000000
00000000
00000000
00000000
00000000
00000000
00000000
0000ABB2
00000000
00000000
00000000
00000000
00000000
00000000
00000000
0000ABB2
00000000
00000000
00000000
00000000
00000000
00000000
00000000
0000ABB2
00000000
00000000
00000000
00000000
00000000
00000000
00000000
0000ABB2
00000000
00000000
00000000
00000000
00000000
00000000
00000000
0000ABB2
00000000
00000000
00000000
00000000
00000000
00000000
00000000
0000ABB2
00000000
00000000
00000000
00000000
00000000
00000000
00000000
0000ABB2
00000000
00000000
00000000
00000000
00000000
00000000
00000000
0000ABB2
00000000
00000000
00000000
00000000
00000000
00000000
00000000
0000ABB2
00000000
00000000
00000000
00000000
00000000
00000000
00000000
0000ABB2
00000000
00000000
00000000
00000000
00000000
00000000
00000000
0000ABB2
00000000
00000000
00000000
00000000
00000000
00000000
00000000
0000ABB2
00000000
00000000
00000000
00000000
00000000
00000000
00000000
0000ABB2
00000000
00000000
00000000
00000000
00000000
00000000
00000000
0000ABB2
00000000
00000000
00000000
00000000
00000000
00000000
00000000
0000ABB2
00000000
00000000
00000000
00000000
00000000
00000000
00000000
0000ABB2
00000000
00000000
00000000
00000000
00000000
00000000
00000000
0000ABB2
00000000
00000000
00000000
00000000
00000000
00000000
00000000
0000ABB2
00000000
00000000
00000000
00000000
00000000
00000000
00000000
0000ABB2
00000000
00000000
00000000
00000000
00000000
00000000
00000000
0000ABB2
00000000
00000000
00000000
00000000
00000000
00000000
00000000
0000ABB2
00000000
00000000
00000000
00000000
00000000
00000000
00000000
0000ABB2
00000000
00000000
00000000
00000000
00000000
00000000
00000000
0000ABB2
00000000
00000000
00000000
00000000
00000000
00000000
00000000
0000ABB2
00000000
00000000
00000000
00000000
00000000
00000000
00000000
0000ABB2
00000000
00000000
00000000
00000000
00000000
00000000
00000000
0000ABB2
00000000
00000000
00000000
00000000
00000000
00000000
00000000
0000ABB2
00000000
00000000
00000000
00000000
00000000
00000000
00000000
0000ABB2
00000000
00000000
00000000
00000000
00000000
00000000
00000000
0000ABB2
00000000
00000000
00000000
00000000
00000000
00000000
00000000
0000ABB2
00000000
00000000
00000000
00000000
00000000
00000000
00000000
0000ABB2
00000000
00000000
00000000
00000000
00000000
00000000
00000000
0000ABB2
00000000
00000000
00000000
00000000
00000000
00000000
00000000
0000ABB2
00000000
00000000
00000000
00000000
00000000
00000000
00000000
0000ABB2
00000000
00000000
00000000
00000000
00000000
00000000
00000000
0000ABB2
00000000
00000000
00000000
00000000
00000000
00000000
00000000
0000ABB2
00000000
00000000
00000000
00000000
00000000
00000000
00000000
0000ABB2
00000000
00000000
00000000
00000000
00000000
00000000
00000000
0000ABB2
00000000
00000000
00000000
00000000
00000000
00000000
00000000
0000ABB2
00000000
00000000
00000000
00000000
00000000
00000000
00000000
0000ABB2
00000000
00000000
00000000
00000000
00000000
00000000
00000000
0000ABB2
00000000
00000000
00000000
00000000
00000000
00000000
00000000
0000ABB2
00000000
00000000
00000000
00000000
00000000
00000000
00000000
0000ABB2
00000000
00000000
00000000
00000000
00000000
00000000
00000000
0000ABB2
00000000
00000000
00000000
00000000
00000000
00000000
00000000
0000ABB2
00000000
00000000
00000000
00000000
00000000
00000000
00000000
0000ABB2
00000000
00000000
00000000
00000000
00000000
00000000
00000000
0000ABB2
00000000
00000000
00000000
00000000
00000000
00000000
00000000
0000ABB2
00000000
00000000
00000000
00000000
00000000
00000000
00000000
0000ABB2
00000000
00000000
00000000
00000000
00000000
00000000
00000000
0000ABB2
00000000
00000000
00000000
00000000
00000000
00000000
00000000
0000ABB2
00000000
00000000
00000000
00000000
00000000
00000000
00000000
0000ABB2
00000000
00000000
00000000
00000000
00000000
00000000
00000000
0000ABB2
00000000
00000000
00000000
00000000
00000000
00000000
00000000
0000ABB2
00000000
00000000
00000000
00000000
00000000
00000000
00000000
0000ABB2
00000000
00000000
00000000
00000000
00000000
00000000
00000000
0000ABB2
00000000
00000000
00000000
00000000
00000000
00000000
00000000
0000ABB2
00000000
00000000
00000000
00000000
00000000
00000000
00000000
0000ABB2
00000000
00000000
00000000
00000000
00000000
00000000
00000000
0000ABB2
00000000
00000000
00000000
00000000
00000000
00000000
00000000
0000ABB2
00000000
00000000
00000000
00000000
00000000
00000000
00000000
0000ABB2
00000000
00000000
00000000
00000000
00000000
00000000
00000000
0000ABB2
00000000
00000000
00000000
00000000
00000000
00000000
00000000
0000ABB2
00000000
00000000
00000000
00000000
00000000
00000000
00000000
0000ABB2
00000000
00000000
00000000
00000000
00000000
00000000
00000000
0000ABB2
00000000
00000000
00000000
00000000
00000000
00000000
00000000
0000ABB2
00000000
00000000
00000000
00000000
00000000
00000000
00000000
0000ABB2
00000000
00000000
00000000
00000000
00000000
00000000
00000000
0000ABB2
00000000
00000000
00000000
00000000
00000000
00000000
00000000
0000ABB2
00000000
00000000
00000000
00000000
00000000
00000000
00000000
0000ABB2
00000000
00000000
00000000
00000000
00000000
00000000
00000000
0000ABB2
00000000
00000000
00000000
00000000
00000000
00000000
00000000
0000ABB2
00000000
00000000
00000000
00000000
00000000
00000000
00000000
0000ABB2
00000000
00000000
00000000
00000000
00000000
00000000
00000000
0000ABB2
00000000
00000000
00000000
00000000
00000000
00000000
00000000
0000ABB2
00000000
00000000
00000000
00000000
00000000
00000000
00000000
0000ABB2
00000000
00000000
00000000
00000000
00000000
00000000
00000000
0000ABB2
00000000
00000000
00000000
00000000
00000000
00000000
00000000
0000ABB2
00000000
00000000
00000000
00000000
00000000
00000000
00000000
0000ABB2
00000000
00000000
00000000
00000000
00000000
00000000
00000000
0000ABB2
00000000
00000000
00000000
00000000
00000000
00000000
00000000
0000ABB2
00000000
00000000
00000000
00000000
00000000
00000000
00000000
0000ABB2
00000000
00000000
00000000
00000000
00000000
00000000
00000000
0000ABB2
00000000
00000000
00000000
00000000
00000000
00000000
00000000
0000ABB2
00000000
00000000
00000000
00000000
00000000
00000000
00000000
0000ABB2
00000000
00000000
00000000
00000000
00000000
00000000
00000000
0000ABB2
00000000
00000000
00000000
00000000
00000000
00000000
00000000
0000ABB2
00000000
00000000
00000000
00000000
00000000
00000000
00000000
0000ABB2
00000000
00000000
00000000
00000000
00000000
00000000
00000000
0000ABB2
00000000
00000000
00000000
00000000
00000000
00000000
00000000
0000ABB2
00000000
00000000
00000000
00000000
00000000
00000000
00000000
0000ABB2
00000000
00000000
00000000
00000000
00000000
00000000
00000000
0000ABB2
00000000
00000000
00000000
00000000
00000000
00000000
00000000
0000ABB2
00000000
00000000
00000000
00000000
00000000
00000000
00000000
0000ABB2
00000000
00000000
00000000
00000000
00000000
00000000
00000000
0000ABB2
00000000
00000000
00000000
00000000
00000000
00000000
00000000
0000ABB2
00000000
00000000
00000000
00000000
00000000
00000000
00000000
0000ABB2
00000000
00000000
00000000
00000000
00000000
00000000
00000000
0000ABB2
00000000
00000000
00000000
00000000
00000000
00000000
00000000
0000ABB2
00000000
00000000
00000000
00000000
00000000
00000000
00000000
0000ABB2
00000000
00000000
00000000
00000000
00000000
00000000
00000000
0000ABB2
00000000
00000000
00000000
00000000
00000000
00000000
00000000
0000ABB2
00000000
00000000
00000000
00000000
00000000
00000000
00000000
0000ABB2
00000000
00000000
00000000
00000000
00000000
00000000
00000000
0000ABB2
00000000
00000000
00000000
00000000
00000000
00000000
00000000
0000ABB2
00000000
00000000
00000000
00000000
00000000
00000000
00000000
0000ABB2
00000000
00000000
00000000
00000000
00000000
00000000
00000000
0000ABB2
00000000
00000000
00000000
00000000
00000000
00000000
00000000
0000ABB2
00000000
00000000
00000000
00000000
00000000
00000000
00000000
0000ABB2
00000000
00000000
00000000
00000000
00000000
00000000
00000000
0000ABB2
00000000
00000000
00000000
00000000
00000000
00000000
00000000
0000ABB2
00000000
00000000
00000000
00000000
00000000
00000000
00000000
0000ABB2
00000000
00000000
00000000
00000000
00000000
00000000
00000000
0000ABB2
00000000
00000000
00000000
00000000
00000000
00000000
00000000
0000ABB2
00000000
00000000
00000000
00000000
00000000
00000000
00000000
0000ABB2
00000000
00000000
00000000
00000000
00000000
00000000
00000000
0000ABB2
00000000
00000000
00000000
00000000
00000000
00000000
00000000
0000ABB2
00000000
00000000
00000000
00000000
00000000
00000000
00000000
0000ABB2
00000000
00000000
00000000
00000000
00000000
00000000
00000000
0000ABB2
00000000
00000000
00000000
00000000
00000000
00000000
00000000
0000ABB2
00000000
00000000
00000000
00000000
00000000
00000000
00000000
0000ABB2
00000000
00000000
00000000
00000000
00000000
00000000
00000000
0000ABB2
00000000
00000000
00000000
00000000
00000000
00000000
00000000
0000ABB2
00000000
00000000
00000000
00000000
00000000
00000000
00000000
0000ABB2
00000000
00000000
00000000
00000000
00000000
00000000
00000000
0000ABB2
00000000
00000000
00000000
00000000
00000000
00000000
00000000
0000ABB2
00000000
00000000
00000000
00000000
00000000
00000000
00000000
0000ABB2
00000000
00000000
00000000
00000000
00000000
00000000
00000000
0000ABB2
00000000
00000000
00000000
00000000
00000000
00000000
00000000
0000ABB2
00000000
00000000
00000000
00000000
00000000
00000000
00000000
0000ABB2
00000000
00000000
00000000
00000000
00000000
00000000
00000000
0000ABB2
00000000
00000000
00000000
00000000
00000000
00000000
00000000
0000ABB2
00000000
00000000
00000000
00000000
00000000
00000000
00000000
0000ABB2
00000000
00000000
00000000
00000000
00000000
00000000
00000000
0000ABB2
00000000
00000000
00000000
00000000
00000000
00000000
00000000
0000ABB2
00000000
00000000
00000000
00000000
00000000
00000000
00000000
0000ABB2
00000000
00000000
00000000
00000000
00000000
00000000
00000000
0000ABB2
00000000
00000000
00000000
00000000
00000000
00000000
00000000
0000ABB2
00000000
00000000
00000000
00000000
00000000
00000000
00000000
0000ABB2
00000000
00000000
00000000
00000000
00000000
00000000
00000000
0000ABB2
00000000
00000000
00000000
00000000
00000000
00000000
00000000
0000ABB2
00000000
00000000
00000000
00000000
00000000
00000000
00000000
0000ABB2
00000000
00000000
00000000
00000000
00000000
00000000
00000000
0000ABB2
00000000
00000000
00000000
00000000
00000000
00000000
00000000
0000ABB2
00000000
00000000
00000000
00000000
00000000
00000000
00000000
0000ABB2
00000000
00000000
00000000
00000000
00000000
00000000
00000000
0000ABB2
00000000
00000000
00000000
00000000
00000000
00000000
00000000
0000ABB2
00000000
00000000
00000000
00000000
00000000
00000000
00000000
0000ABB2
00000000
00000000
00000000
00000000
00000000
00000000
00000000
0000ABB2
00000000
00000000
00000000
00000000
00000000
00000000
00000000
0000ABB2
00000000
00000000
00000000
00000000
00000000
00000000
00000000
0000ABB2
00000000
00000000
00000000
00000000
00000000
00000000
00000000
0000ABB2
00000000
00000000
00000000
00000000
00000000
00000000
00000000
0000ABB2
00000000
00000000
00000000
00000000
00000000
00000000
00000000
0000ABB2
00000000
00000000
00000000
00000000
00000000
00000000
00000000
0000ABB2
00000000
00000000
00000000
00000000
00000000
00000000
00000000
0000ABB2
00000000
00000000
00000000
00000000
00000000
00000000
00000000
0000ABB2
00000000
00000000
00000000
00000000
00000000
00000000
00000000
0000ABB2
00000000
00000000
00000000
00000000
00000000
00000000
00000000
0000ABB2
00000000
00000000
00000000
00000000
00000000
00000000
00000000
0000ABB2
00000000
00000000
00000000
00000000
00000000
00000000
00000000
0000ABB2
00000000
00000000
00000000
00000000
00000000
00000000
00000000
0000ABB2
00000000
00000000
00000000
00000000
00000000
00000000
00000000
0000ABB2
00000000
00000000
00000000
00000000
00000000
00000000
00000000
0000ABB2
00000000
00000000
00000000
00000000
00000000
00000000
00000000
0000ABB2
00000000
00000000
00000000
00000000
00000000
00000000
00000000
0000ABB2
00000000
00000000
00000000
00000000
00000000
00000000
00000000
0000ABB2
00000000
00000000
00000000
00000000
00000000
00000000
00000000
0000ABB2
00000000
00000000
00000000
00000000
00000000
00000000
00000000
0000ABB2
00000000
00000000
00000000
00000000
00000000
00000000
00000000
0000ABB2
00000000
00000000
00000000
00000000
00000000
00000000
00000000
0000ABB2
00000000
00000000
00000000
00000000
00000000
00000000
00000000
0000ABB2
00000000
00000000
00000000
00000000
00000000
00000000
00000000
0000ABB2
00000000
00000000
00000000
00000000
00000000
00000000
00000000
0000ABB2
00000000
00000000
00000000
00000000
00000000
00000000
00000000
0000ABB2
00000000
00000000
00000000
00000000
00000000
00000000
00000000
0000ABB2
00000000
00000000
00000000
00000000
00000000
00000000
00000000
0000ABB2
00000000
00000000
00000000
00000000
00000000
00000000
00000000
0000ABB2
00000000
00000000
00000000
00000000
00000000
00000000
00000000
0000ABB2
00000000
00000000
00000000
00000000
00000000
00000000
00000000
0000ABB2
00000000
00000000
00000000
00000000
00000000
00000000
00000000
0000ABB2
00000000
00000000
00000000
00000000
00000000
00000000
00000000
0000ABB2
00000000
00000000
00000000
00000000
00000000
00000000
00000000
0000ABB2
00000000
00000000
00000000
00000000
00000000
00000000
00000000
0000ABB2
00000000
00000000
00000000
00000000
00000000
00000000
00000000
0000ABB2
00000000
00000000
00000000
00000000
00000000
00000000
00000000
0000ABB2
00000000
00000000
00000000
00000000
00000000
00000000
00000000
0000ABB2
00000000
00000000
00000000
00000000
00000000
00000000
00000000
0000ABB2
00000000
00000000
00000000
00000000
00000000
00000000
00000000
0000ABB2
00000000
00000000
00000000
00000000
00000000
00000000
00000000
0000ABB2
00000000
00000000
00000000
00000000
00000000
00000000
00000000
0000ABB2
00000000
00000000
00000000
00000000
00000000
00000000
00000000
0000ABB2
00000000
00000000
00000000
00000000
00000000
00000000
00000000
0000ABB2
00000000
00000000
00000000
00000000
00000000
00000000
00000000
0000ABB2
00000000
00000000
00000000
00000000
00000000
00000000
00000000
0000ABB2
00000000
00000000
00000000
00000000
00000000
00000000
00000000
0000ABB2
00000000
00000000
00000000
00000000
00000000
00000000
00000000
0000ABB2
00000000
00000000
00000000
00000000
00000000
00000000
00000000
0000ABB2
00000000
00000000
00000000
00000000
00000000
00000000
00000000
0000ABB2
00000000
00000000
00000000
00000000
00000000
00000000
00000000
0000ABB2
00000000
00000000
00000000
00000000
00000000
00000000
00000000
0000ABB2
00000000
00000000
00000000
00000000
00000000
00000000
00000000
0000ABB2
00000000
00000000
00000000
00000000
00000000
00000000
00000000
0000ABB2
00000000
00000000
00000000
00000000
00000000
00000000
00000000
0000ABB2
00000000
00000000
00000000
00000000
00000000
00000000
00000000
0000ABB2
00000000
00000000
00000000
00000000
00000000
00000000
00000000
0000ABB2
00000000
00000000
00000000
00000000
00000000
00000000
00000000
0000ABB2
00000000
00000000
00000000
00000000
00000000
00000000
00000000
0000ABB2
00000000
00000000
00000000
00000000
00000000
00000000
00000000
0000ABB2
00000000
00000000
00000000
00000000
00000000
00000000
00000000
0000ABB2
00000000
00000000
00000000
00000000
00000000
00000000
00000000
0000ABB2
00000000
00000000
00000000
00000000
00000000
00000000
00000000
0000ABB2
00000000
00000000
00000000
00000000
00000000
00000000
00000000
0000ABB2
00000000
00000000
00000000
00000000
00000000
00000000
00000000
0000ABB2
00000000
00000000
00000000
00000000
00000000
00000000
00000000
0000ABB2
00000000
00000000
00000000
00000000
00000000
00000000
00000000
0000ABB2
00000000
00000000
00000000
00000000
00000000
00000000
00000000
0000ABB2
00000000
00000000
00000000
00000000
00000000
00000000
00000000
0000ABB2
00000000
00000000
00000000
00000000
00000000
00000000
00000000
0000ABB2
00000000
00000000
00000000
00000000
00000000
00000000
00000000
0000ABB2
00000000
00000000
00000000
00000000
00000000
00000000
00000000
0000ABB2
00000000
00000000
00000000
00000000
00000000
00000000
00000000
0000ABB2
00000000
00000000
00000000
00000000
00000000
00000000
00000000
0000ABB2
00000000
00000000
00000000
00000000
00000000
00000000
00000000
0000ABB2
00000000
00000000
00000000
00000000
00000000
00000000
00000000
0000ABB2
00000000
00000000
00000000
00000000
00000000
00000000
00000000
0000ABB2
00000000
00000000
00000000
00000000
00000000
00000000
00000000
0000ABB2
00000000
00000000
00000000
00000000
00000000
00000000
00000000
0000ABB2
00000000
00000000
00000000
00000000
00000000
00000000
00000000
0000ABB2
00000000
00000000
00000000
00000000
00000000
00000000
00000000
0000ABB2
00000000
00000000
00000000
00000000
00000000
00000000
00000000
0000ABB2
00000000
00000000
00000000
00000000
00000000
00000000
00000000
0000ABB2
00000000
00000000
00000000
00000000
00000000
00000000
00000000
0000ABB2
00000000
00000000
00000000
00000000
00000000
00000000
00000000
0000ABB2
00000000
00000000
00000000
00000000
00000000
00000000
00000000
0000ABB2
00000000
00000000
00000000
00000000
00000000
00000000
00000000
0000ABB2
00000000
00000000
00000000
00000000
00000000
00000000
00000000
0000ABB2
00000000
00000000
00000000
00000000
00000000
00000000
00000000
0000ABB2
00000000
00000000
00000000
00000000
00000000
00000000
00000000
0000ABB2
00000000
00000000
00000000
00000000
00000000
00000000
00000000
0000ABB2
00000000
00000000
00000000
00000000
00000000
00000000
00000000
0000ABB2
00000000
00000000
00000000
00000000
00000000
00000000
00000000
0000ABB2
00000000
00000000
00000000
00000000
00000000
00000000
00000000
0000ABB2
00000000
00000000
00000000
00000000
00000000
00000000
00000000
0000ABB2
00000000
00000000
00000000
00000000
00000000
00000000
00000000
0000ABB2
00000000
00000000
00000000
00000000
00000000
00000000
00000000
0000ABB2
00000000
00000000
00000000
00000000
00000000
00000000
00000000
0000ABB2
00000000
00000000
00000000
00000000
00000000
00000000
00000000
0000ABB2
00000000
00000000
00000000
00000000
00000000
00000000
00000000
0000ABB2
00000000
00000000
00000000
00000000
00000000
00000000
00000000
0000ABB2
00000000
00000000
00000000
00000000
00000000
00000000
00000000
0000ABB2
00000000
00000000
00000000
00000000
00000000
00000000
00000000
0000ABB2
00000000
00000000
00000000
00000000
00000000
00000000
00000000
0000ABB2
00000000
00000000
00000000
00000000
00000000
00000000
00000000
0000ABB2
00000000
00000000
00000000
00000000
00000000
00000000
00000000
0000ABB2
00000000
00000000
00000000
00000000
00000000
00000000
00000000
0000ABB2
00000000
00000000
00000000
00000000
00000000
00000000
00000000
0000ABB2
00000000
00000000
00000000
00000000
00000000
00000000
00000000
0000ABB2
00000000
00000000
00000000
00000000
00000000
00000000
00000000
0000ABB2
00000000
00000000
00000000
00000000
00000000
00000000
00000000
0000ABB2
00000000
00000000
00000000
00000000
00000000
00000000
00000000
0000ABB2
00000000
00000000
00000000
00000000
00000000
00000000
00000000
0000ABB2
00000000
00000000
00000000
00000000
00000000
00000000
00000000
0000ABB2
00000000
00000000
00000000
00000000
00000000
00000000
00000000
0000ABB2
00000000
00000000
00000000
00000000
00000000
00000000
00000000
0000ABB2
00000000
00000000
00000000
00000000
00000000
00000000
00000000
0000ABB2
00000000
00000000
00000000
00000000
00000000
00000000
00000000
0000ABB2
00000000
00000000
00000000
00000000
00000000
00000000
00000000
0000ABB2
00000000
00000000
00000000
00000000
00000000
00000000
00000000
0000ABB2
00000000
00000000
00000000
00000000
00000000
00000000
00000000
0000ABB2
00000000
00000000
00000000
00000000
00000000
00000000
00000000
0000ABB2
00000000
00000000
00000000
00000000
00000000
00000000
00000000
0000ABB2
00000000
00000000
00000000
00000000
00000000
00000000
00000000
0000ABB2
00000000
00000000
00000000
00000000
00000000
00000000
00000000
0000ABB2
00000000
00000000
00000000
00000000
00000000
00000000
00000000
0000ABB2
00000000
00000000
00000000
00000000
00000000
00000000
00000000
0000ABB2
00000000
00000000
00000000
00000000
00000000
00000000
00000000
0000ABB2
00000000
00000000
00000000
00000000
00000000
00000000
00000000
0000ABB2
00000000
00000000
00000000
00000000
00000000
00000000
00000000
0000ABB2
00000000
00000000
00000000
00000000
00000000
00000000
00000000
0000ABB2
00000000
00000000
00000000
00000000
00000000
00000000
00000000
0000ABB2
00000000
00000000
00000000
00000000
00000000
00000000
00000000
0000ABB2
00000000
00000000
00000000
00000000
00000000
00000000
00000000
0000ABB2
00000000
00000000
00000000
00000000
00000000
00000000
00000000
0000ABB2
00000000
00000000
00000000
00000000
00000000
00000000
00000000
0000ABB2
00000000
00000000
00000000
00000000
00000000
00000000
00000000
0000ABB2
00000000
00000000
00000000
00000000
00000000
00000000
00000000
0000ABB2
00000000
00000000
00000000
00000000
00000000
00000000
00000000
0000ABB2
00000000
00000000
00000000
00000000
00000000
00000000
00000000
0000ABB2
00000000
00000000
00000000
00000000
00000000
00000000
00000000
0000ABB2
00000000
00000000
00000000
00000000
00000000
00000000
00000000
0000ABB2
00000000
00000000
00000000
00000000
00000000
00000000
00000000
0000ABB2
00000000
00000000
00000000
00000000
00000000
00000000
00000000
0000ABB2
00000000
00000000
00000000
00000000
00000000
00000000
00000000
0000ABB2
00000000
00000000
00000000
00000000
00000000
00000000
00000000
0000ABB2
00000000
00000000
00000000
00000000
00000000
00000000
00000000
0000ABB2
00000000
00000000
00000000
00000000
00000000
00000000
00000000
0000ABB2
00000000
00000000
00000000
00000000
00000000
00000000
00000000
0000ABB2
00000000
00000000
00000000
00000000
00000000
00000000
00000000
0000ABB2
00000000
00000000
00000000
00000000
00000000
00000000
00000000
0000ABB2
00000000
00000000
00000000
00000000
00000000
00000000
00000000
0000ABB2
00000000
00000000
00000000
00000000
00000000
00000000
00000000
0000ABB2
00000000
00000000
00000000
00000000
00000000
00000000
00000000
0000ABB2
00000000
00000000
00000000
00000000
00000000
00000000
00000000
0000ABB2
00000000
00000000
00000000
00000000
00000000
00000000
00000000
0000ABB2
00000000
00000000
00000000
00000000
00000000
00000000
00000000
0000ABB2
00000000
00000000
00000000
00000000
00000000
00000000
00000000
0000ABB2
00000000
00000000
00000000
00000000
00000000
00000000
00000000
0000ABB2
00000000
00000000
00000000
00000000
00000000
00000000
00000000
0000ABB2
00000000
00000000
00000000
00000000
00000000
00000000
00000000
0000ABB2
00000000
00000000
00000000
00000000
00000000
00000000
00000000
0000ABB2
00000000
00000000
00000000
00000000
00000000
00000000
00000000
0000ABB2
00000000
00000000
00000000
00000000
00000000
00000000
00000000
0000ABB2
00000000
00000000
00000000
00000000
00000000
00000000
00000000
0000ABB2
00000000
00000000
00000000
00000000
00000000
00000000
00000000
0000ABB2
00000000
00000000
00000000
00000000
00000000
00000000
00000000
0000ABB2
00000000
00000000
00000000
00000000
00000000
00000000
00000000
0000ABB2
00000000
00000000
00000000
00000000
00000000
00000000
00000000
0000ABB2
00000000
00000000
00000000
00000000
00000000
00000000
00000000
0000ABB2
00000000
00000000
00000000
00000000
00000000
00000000
00000000
0000ABB2
00000000
00000000
00000000
00000000
00000000
00000000
00000000
0000ABB2
00000000
00000000
00000000
00000000
00000000
00000000
00000000
0000ABB2
00000000
00000000
00000000
00000000
00000000
00000000
00000000
0000ABB2
00000000
00000000
00000000
00000000
00000000
00000000
00000000
0000ABB2
00000000
00000000
00000000
00000000
00000000
00000000
00000000
0000ABB2
00000000
00000000
00000000
00000000
00000000
00000000
00000000
0000ABB2
00000000
00000000
00000000
00000000
00000000
00000000
00000000
0000ABB2
00000000
00000000
00000000
00000000
00000000
00000000
00000000
0000ABB2
00000000
00000000
00000000
00000000
00000000
00000000
00000000
0000ABB2
00000000
00000000
00000000
00000000
00000000
00000000
00000000
0000ABB2
00000000
00000000
00000000
00000000
00000000
00000000
00000000
0000ABB2
00000000
00000000
00000000
00000000
00000000
00000000
00000000
0000ABB2
00000000
00000000
00000000
00000000
00000000
00000000
00000000
0000ABB2
00000000
00000000
00000000
00000000
00000000
00000000
00000000
0000ABB2
00000000
00000000
00000000
00000000
00000000
00000000
00000000
0000ABB2
00000000
00000000
00000000
00000000
00000000
00000000
00000000
0000ABB2
00000000
00000000
00000000
00000000
00000000
00000000
00000000
0000ABB2
00000000
00000000
00000000
00000000
00000000
00000000
00000000
0000ABB2
00000000
00000000
00000000
00000000
00000000
00000000
00000000
0000ABB2
00000000
00000000
00000000
00000000
00000000
00000000
00000000
0000ABB2
00000000
00000000
00000000
00000000
00000000
00000000
00000000
0000ABB2
00000000
00000000
00000000
00000000
00000000
00000000
00000000
0000ABB2
00000000
00000000
00000000
00000000
00000000
00000000
00000000
0000ABB2
00000000
00000000
00000000
00000000
00000000
00000000
00000000
0000ABB2
00000000
00000000
00000000
00000000
00000000
00000000
00000000
0000ABB2
00000000
00000000
00000000
00000000
00000000
00000000
00000000
0000ABB2
00000000
00000000
00000000
00000000
00000000
00000000
00000000
0000ABB2
00000000
00000000
00000000
00000000
00000000
00000000
00000000
0000ABB2
00000000
00000000
00000000
00000000
00000000
00000000
00000000
0000ABB2
00000000
00000000
00000000
00000000
00000000
00000000
00000000
0000ABB2
00000000
00000000
00000000
00000000
00000000
00000000
00000000
0000ABB2
00000000
00000000
00000000
00000000
00000000
00000000
00000000
0000ABB2
00000000
00000000
00000000
00000000
00000000
00000000
00000000
0000ABB2
00000000
00000000
00000000
00000000
00000000
00000000
00000000
0000ABB2
00000000
00000000
00000000
00000000
00000000
00000000
00000000
0000ABB2
00000000
00000000
00000000
00000000
00000000
00000000
00000000
0000ABB2
00000000
00000000
00000000
00000000
00000000
00000000
00000000
0000ABB2
00000000
00000000
00000000
00000000
00000000
00000000
00000000
0000ABB2
00000000
00000000
00000000
00000000
00000000
00000000
00000000
0000ABB2
00000000
00000000
00000000
00000000
00000000
00000000
00000000
0000ABB2
00000000
00000000
00000000
00000000
00000000
00000000
00000000
0000ABB2
00000000
00000000
00000000
00000000
00000000
00000000
00000000
0000ABB2
00000000
00000000
00000000
00000000
00000000
00000000
00000000
0000ABB2
00000000
00000000
00000000
00000000
00000000
00000000
00000000
0000ABB2
00000000
00000000
00000000
00000000
00000000
00000000
00000000
0000ABB2
00000000
00000000
00000000
00000000
00000000
00000000
00000000
0000ABB2
00000000
00000000
00000000
00000000
00000000
00000000
00000000
0000ABB2
00000000
00000000
00000000
00000000
00000000
00000000
00000000
0000ABB2
00000000
00000000
00000000
00000000
00000000
00000000
00000000
0000ABB2
00000000
00000000
00000000
00000000
00000000
00000000
00000000
0000ABB2
00000000
00000000
00000000
00000000
00000000
00000000
00000000
0000ABB2
00000000
00000000
00000000
00000000
00000000
00000000
00000000
0000ABB2
00000000
00000000
00000000
00000000
00000000
00000000
00000000
0000ABB2
00000000
00000000
00000000
00000000
00000000
00000000
00000000
0000ABB2
00000000
00000000
00000000
00000000
00000000
00000000
00000000
0000ABB2
00000000
00000000
00000000
00000000
00000000
00000000
00000000
0000ABB2
00000000
00000000
00000000
00000000
00000000
00000000
00000000
0000ABB2
00000000
00000000
00000000
00000000
00000000
00000000
00000000
0000ABB2
00000000
00000000
00000000
00000000
00000000
00000000
00000000
0000ABB2
00000000
00000000
00000000
00000000
00000000
00000000
00000000
0000ABB2
00000000
00000000
00000000
00000000
00000000
00000000
00000000
0000ABB2
00000000
00000000
00000000
00000000
00000000
00000000
00000000
0000ABB2
00000000
00000000
00000000
00000000
00000000
00000000
00000000
0000ABB2
00000000
00000000
00000000
00000000
00000000
00000000
00000000
0000ABB2
00000000
00000000
00000000
00000000
00000000
00000000
00000000
0000ABB2
00000000
00000000
00000000
00000000
00000000
00000000
00000000
0000ABB2
00000000
00000000
00000000
00000000
00000000
00000000
00000000
0000ABB2
00000000
00000000
00000000
00000000
00000000
00000000
00000000
0000ABB2
00000000
00000000
00000000
00000000
00000000
00000000
00000000
0000ABB2
00000000
00000000
00000000
00000000
00000000
00000000
00000000
0000ABB2
00000000
00000000
00000000
00000000
00000000
00000000
00000000
0000ABB2
00000000
00000000
00000000
00000000
00000000
00000000
00000000
0000ABB2
00000000
00000000
00000000
00000000
00000000
00000000
00000000
0000ABB2
00000000
00000000
00000000
00000000
00000000
00000000
00000000
0000ABB2
00000000
00000000
00000000
00000000
00000000
00000000
00000000
0000ABB2
00000000
00000000
00000000
00000000
00000000
00000000
00000000
0000ABB2
00000000
00000000
00000000
00000000
00000000
00000000
00000000
0000ABB2
00000000
00000000
00000000
00000000
00000000
00000000
00000000
0000ABB2
00000000
00000000
00000000
00000000
00000000
00000000
00000000
0000ABB2
00000000
00000000
00000000
00000000
00000000
00000000
00000000
0000ABB2
00000000
00000000
00000000
00000000
00000000
00000000
00000000
0000ABB2
00000000
00000000
00000000
00000000
00000000
00000000
00000000
0000ABB2
00000000
00000000
00000000
00000000
00000000
00000000
00000000
0000ABB2
00000000
00000000
00000000
00000000
00000000
00000000
00000000
0000ABB2
00000000
00000000
00000000
00000000
00000000
00000000
00000000
0000ABB2
00000000
00000000
00000000
00000000
00000000
00000000
00000000
0000ABB2
00000000
00000000
00000000
00000000
00000000
00000000
00000000
0000ABB2
00000000
00000000
00000000
00000000
00000000
00000000
00000000
0000ABB2
00000000
00000000
00000000
00000000
00000000
00000000
00000000
0000ABB2
00000000
00000000
00000000
00000000
00000000
00000000
00000000
0000ABB2
00000000
00000000
00000000
00000000
00000000
00000000
00000000
0000ABB2
00000000
00000000
00000000
00000000
00000000
00000000
00000000
0000ABB2
00000000
00000000
00000000
00000000
00000000
00000000
00000000
0000ABB2
00000000
00000000
00000000
00000000
00000000
00000000
00000000
0000ABB2
00000000
00000000
00000000
00000000
00000000
00000000
00000000
0000ABB2
00000000
00000000
00000000
00000000
00000000
00000000
00000000
0000ABB2
00000000
00000000
00000000
00000000
00000000
00000000
00000000
0000ABB2
00000000
00000000
00000000
00000000
00000000
00000000
00000000
0000ABB2
00000000
00000000
00000000
00000000
00000000
00000000
00000000
0000ABB2
00000000
00000000
00000000
00000000
00000000
00000000
00000000
0000ABB2
00000000
00000000
00000000
00000000
00000000
00000000
00000000
0000ABB2
00000000
00000000
00000000
00000000
00000000
00000000
00000000
0000ABB2
00000000
00000000
00000000
00000000
00000000
00000000
00000000
0000ABB2
00000000
00000000
00000000
00000000
00000000
00000000
00000000
0000ABB2
00000000
00000000
00000000
00000000
00000000
00000000
00000000
0000ABB2
00000000
00000000
00000000
00000000
00000000
00000000
00000000
0000ABB2
00000000
00000000
00000000
00000000
00000000
00000000
00000000
0000ABB2
00000000
00000000
00000000
00000000
00000000
00000000
00000000
0000ABB2
00000000
00000000
00000000
00000000
00000000
00000000
00000000
0000ABB2
00000000
00000000
00000000
00000000
00000000
00000000
00000000
0000ABB2
00000000
00000000
00000000
00000000
00000000
00000000
00000000
0000ABB2
00000000
00000000
00000000
00000000
00000000
00000000
00000000
0000ABB2
00000000
00000000
00000000
00000000
00000000
00000000
00000000
0000ABB2
00000000
00000000
00000000
00000000
00000000
00000000
00000000
0000ABB2
00000000
00000000
00000000
00000000
00000000
00000000
00000000
0000ABB2
00000000
00000000
00000000
00000000
00000000
00000000
00000000
0000ABB2
00000000
00000000
00000000
00000000
00000000
00000000
00000000
0000ABB2
00000000
00000000
00000000
00000000
00000000
00000000
00000000
0000ABB2
00000000
00000000
00000000
00000000
00000000
00000000
00000000
0000ABB2
00000000
00000000
00000000
00000000
00000000
00000000
00000000
0000ABB2
00000000
00000000
00000000
00000000
00000000
00000000
00000000
0000ABB2
00000000
00000000
00000000
00000000
00000000
00000000
00000000
0000ABB2
00000000
00000000
00000000
00000000
00000000
00000000
00000000
0000ABB2
00000000
00000000
00000000
00000000
00000000
00000000
00000000
0000ABB2
00000000
00000000
00000000
00000000
00000000
00000000
00000000
0000ABB2
00000000
00000000
00000000
00000000
00000000
00000000
00000000
0000ABB2
00000000
00000000
00000000
00000000
00000000
00000000
00000000
0000ABB2
00000000
00000000
00000000
00000000
00000000
00000000
00000000
0000ABB2
00000000
00000000
00000000
00000000
00000000
00000000
00000000
0000ABB2
00000000
00000000
00000000
00000000
00000000
00000000
00000000
0000ABB2
00000000
00000000
00000000
00000000
00000000
00000000
00000000
0000ABB2
00000000
00000000
00000000
00000000
00000000
00000000
00000000
0000ABB2
00000000
00000000
00000000
00000000
00000000
00000000
00000000
0000ABB2
00000000
00000000
00000000
00000000
00000000
00000000
00000000
0000ABB2
00000000
00000000
00000000
00000000
00000000
00000000
00000000
0000ABB2
00000000
00000000
00000000
00000000
00000000
00000000
00000000
0000ABB2
00000000
00000000
00000000
00000000
00000000
00000000
00000000
0000ABB2
00000000
00000000
00000000
00000000
00000000
00000000
00000000
0000ABB2
00000000
00000000
00000000
00000000
00000000
00000000
00000000
0000ABB2
00000000
00000000
00000000
00000000
00000000
00000000
00000000
0000ABB2
00000000
00000000
00000000
00000000
00000000
00000000
00000000
0000ABB2
00000000
00000000
00000000
00000000
00000000
00000000
00000000
0000ABB2
00000000
00000000
00000000
00000000
00000000
00000000
00000000
0000ABB2
00000000
00000000
00000000
00000000
00000000
00000000
00000000
0000ABB2
00000000
00000000
00000000
00000000
00000000
00000000
00000000
0000ABB2
00000000
00000000
00000000
00000000
00000000
00000000
00000000
0000ABB2
00000000
00000000
00000000
00000000
00000000
00000000
00000000
0000ABB2
00000000
00000000
00000000
00000000
00000000
00000000
00000000
0000ABB2
00000000
00000000
00000000
00000000
00000000
00000000
00000000
0000ABB2
00000000
00000000
00000000
00000000
00000000
00000000
00000000
0000ABB2
00000000
00000000
00000000
00000000
00000000
00000000
00000000
0000ABB2
00000000
00000000
00000000
00000000
00000000
00000000
00000000
0000ABB2
00000000
00000000
00000000
00000000
00000000
00000000
00000000
0000ABB2
00000000
00000000
00000000
00000000
00000000
00000000
00000000
0000ABB2
00000000
00000000
00000000
00000000
00000000
00000000
00000000
0000ABB2
00000000
00000000
00000000
00000000
00000000
00000000
00000000
0000ABB2
00000000
00000000
00000000
00000000
00000000
00000000
00000000
0000ABB2
00000000
00000000
00000000
00000000
00000000
00000000
00000000
0000ABB2
00000000
00000000
00000000
00000000
00000000
00000000
00000000
0000ABB2
00000000
00000000
00000000
00000000
00000000
00000000
00000000
0000ABB2
00000000
00000000
00000000
00000000
00000000
00000000
00000000
0000ABB2
00000000
00000000
00000000
00000000
00000000
00000000
00000000
0000ABB2
00000000
00000000
00000000
00000000
00000000
00000000
00000000
0000ABB2
00000000
00000000
00000000
00000000
00000000
00000000
00000000
0000ABB2
00000000
00000000
00000000
00000000
00000000
00000000
00000000
0000ABB2
00000000
00000000
00000000
00000000
00000000
00000000
00000000
0000ABB2
00000000
00000000
00000000
00000000
00000000
00000000
00000000
0000ABB2
00000000
00000000
00000000
00000000
00000000
00000000
00000000
0000ABB2
00000000
00000000
00000000
00000000
00000000
00000000
00000000
0000ABB2
00000000
00000000
00000000
00000000
00000000
00000000
00000000
0000ABB2
00000000
00000000
00000000
00000000
00000000
00000000
00000000
0000ABB2
00000000
00000000
00000000
00000000
00000000
00000000
00000000
0000ABB2
00000000
00000000
00000000
00000000
00000000
00000000
00000000
0000ABB2
00000000
00000000
00000000
00000000
00000000
00000000
00000000
0000ABB2
00000000
00000000
00000000
00000000
00000000
00000000
00000000
0000ABB2
00000000
00000000
00000000
00000000
00000000
00000000
00000000
0000ABB2
00000000
00000000
00000000
00000000
00000000
00000000
00000000
0000ABB2
00000000
00000000
00000000
00000000
00000000
00000000
00000000
0000ABB2
00000000
00000000
00000000
00000000
00000000
00000000
00000000
0000ABB2
00000000
00000000
00000000
00000000
00000000
00000000
00000000
0000ABB2
00000000
00000000
00000000
00000000
00000000
00000000
00000000
0000ABB2
00000000
00000000
00000000
00000000
00000000
00000000
00000000
0000ABB2
00000000
00000000
00000000
00000000
00000000
00000000
00000000
0000ABB2
00000000
00000000
00000000
00000000
00000000
00000000
00000000
0000ABB2
00000000
00000000
00000000
00000000
00000000
00000000
00000000
0000ABB2
00000000
00000000
00000000
00000000
00000000
00000000
00000000
0000ABB2
00000000
00000000
00000000
00000000
00000000
00000000
00000000
0000ABB2
00000000
00000000
00000000
00000000
00000000
00000000
00000000
0000ABB2
00000000
00000000
00000000
00000000
00000000
00000000
00000000
0000ABB2
00000000
00000000
00000000
00000000
00000000
00000000
00000000
0000ABB2
00000000
00000000
00000000
00000000
00000000
00000000
00000000
0000ABB2
00000000
00000000
00000000
00000000
00000000
00000000
00000000
0000ABB2
00000000
00000000
00000000
00000000
00000000
00000000
00000000
0000ABB2
00000000
00000000
00000000
00000000
00000000
00000000
00000000
0000ABB2
00000000
00000000
00000000
00000000
00000000
00000000
00000000
0000ABB2
00000000
00000000
00000000
00000000
00000000
00000000
00000000
0000ABB2
00000000
00000000
00000000
00000000
00000000
00000000
00000000
0000ABB2
00000000
00000000
00000000
00000000
00000000
00000000
00000000
0000ABB2
00000000
00000000
00000000
00000000
00000000
00000000
00000000
0000ABB2
00000000
00000000
00000000
00000000
00000000
00000000
00000000
0000ABB2
00000000
00000000
00000000
00000000
00000000
00000000
00000000
0000ABB2
00000000
00000000
00000000
00000000
00000000
00000000
00000000
0000ABB2
00000000
00000000
00000000
00000000
00000000
00000000
00000000
0000ABB2
00000000
00000000
00000000
00000000
00000000
00000000
00000000
0000ABB2
00000000
00000000
00000000
00000000
00000000
00000000
00000000
0000ABB2
00000000
00000000
00000000
00000000
00000000
00000000
00000000
0000ABB2
00000000
00000000
00000000
00000000
00000000
00000000
00000000
0000ABB2
00000000
00000000
00000000
00000000
00000000
00000000
00000000
0000ABB2
00000000
00000000
00000000
00000000
00000000
00000000
00000000
0000ABB2
00000000
00000000
00000000
00000000
00000000
00000000
00000000
0000ABB2
00000000
00000000
00000000
00000000
00000000
00000000
00000000
0000ABB2
00000000
00000000
00000000
00000000
00000000
00000000
00000000
0000ABB2
00000000
00000000
00000000
00000000
00000000
00000000
00000000
0000ABB2
00000000
00000000
00000000
00000000
00000000
00000000
00000000
0000ABB2
00000000
00000000
00000000
00000000
00000000
00000000
00000000
0000ABB2
00000000
00000000
00000000
00000000
00000000
00000000
00000000
0000ABB2
00000000
00000000
00000000
00000000
00000000
00000000
00000000
0000ABB2
00000000
00000000
00000000
00000000
00000000
00000000
00000000
0000ABB2
00000000
00000000
00000000
00000000
00000000
00000000
00000000
0000ABB2
00000000
00000000
00000000
00000000
00000000
00000000
00000000
0000ABB2
00000000
00000000
00000000
00000000
00000000
00000000
00000000
0000ABB2
00000000
00000000
00000000
00000000
00000000
00000000
00000000
0000ABB2
00000000
00000000
00000000
00000000
00000000
00000000
00000000
0000ABB2
00000000
00000000
00000000
00000000
00000000
00000000
00000000
0000ABB2
00000000
00000000
00000000
00000000
00000000
00000000
00000000
0000ABB2
00000000
00000000
00000000
00000000
00000000
00000000
00000000
0000ABB2
00000000
00000000
00000000
00000000
00000000
00000000
00000000
0000ABB2
00000000
00000000
00000000
00000000
00000000
00000000
00000000
0000ABB2
00000000
00000000
00000000
00000000
00000000
00000000
00000000
0000ABB2
00000000
00000000
00000000
00000000
00000000
00000000
00000000
0000ABB2
00000000
00000000
00000000
00000000
00000000
00000000
00000000
0000ABB2
00000000
00000000
00000000
00000000
00000000
00000000
00000000
0000ABB2
00000000
00000000
00000000
00000000
00000000
00000000
00000000
0000ABB2
00000000
00000000
00000000
00000000
00000000
00000000
00000000
0000ABB2
00000000
00000000
00000000
00000000
00000000
00000000
00000000
0000ABB2
00000000
00000000
00000000
00000000
00000000
00000000
00000000
0000ABB2
00000000
00000000
00000000
00000000
00000000
00000000
00000000
0000ABB2
00000000
00000000
00000000
00000000
00000000
00000000
00000000
0000ABB2
00000000
00000000
00000000
00000000
00000000
00000000
00000000
0000ABB2
00000000
00000000
00000000
00000000
00000000
00000000
00000000
0000ABB2
00000000
00000000
00000000
00000000
00000000
00000000
00000000
0000ABB2
00000000
00000000
00000000
00000000
00000000
00000000
00000000
0000ABB2
00000000
00000000
00000000
00000000
00000000
00000000
00000000
0000ABB2
00000000
00000000
00000000
00000000
00000000
00000000
00000000
0000ABB2
00000000
00000000
00000000
00000000
00000000
00000000
00000000
0000ABB2
00000000
00000000
00000000
00000000
00000000
00000000
00000000
0000ABB2
00000000
00000000
00000000
00000000
00000000
00000000
00000000
0000ABB2
00000000
00000000
00000000
00000000
00000000
00000000
00000000
0000ABB2
00000000
00000000
00000000
00000000
00000000
00000000
00000000
0000ABB2
00000000
00000000
00000000
00000000
00000000
00000000
00000000
0000ABB2
00000000
00000000
00000000
00000000
00000000
00000000
00000000
0000ABB2
00000000
00000000
00000000
00000000
00000000
00000000
00000000
0000ABB2
00000000
00000000
00000000
00000000
00000000
00000000
00000000
0000ABB2
00000000
00000000
00000000
00000000
00000000
00000000
00000000
0000ABB2
00000000
00000000
00000000
00000000
00000000
00000000
00000000
0000ABB2
00000000
00000000
00000000
00000000
00000000
00000000
00000000
0000ABB2
00000000
00000000
00000000
00000000
00000000
00000000
00000000
0000ABB2
00000000
00000000
00000000
00000000
00000000
00000000
00000000
0000ABB2
00000000
00000000
00000000
00000000
00000000
00000000
00000000
0000ABB2
00000000
00000000
00000000
00000000
00000000
00000000
00000000
0000ABB2
00000000
00000000
00000000
00000000
00000000
00000000
00000000
0000ABB2
00000000
00000000
00000000
00000000
00000000
00000000
00000000
0000ABB2
00000000
00000000
00000000
00000000
00000000
00000000
00000000
0000ABB2
00000000
00000000
00000000
00000000
00000000
00000000
00000000
0000ABB2
00000000
00000000
00000000
00000000
00000000
00000000
00000000
0000ABB2
00000000
00000000
00000000
00000000
00000000
00000000
00000000
0000ABB2
00000000
00000000
00000000
00000000
00000000
00000000
00000000
0000ABB2
00000000
00000000
00000000
00000000
00000000
00000000
00000000
0000ABB2
00000000
00000000
00000000
00000000
00000000
00000000
00000000
0000ABB2
00000000
00000000
00000000
00000000
00000000
00000000
00000000
0000ABB2
00000000
00000000
00000000
00000000
00000000
00000000
00000000
0000ABB2
00000000
00000000
00000000
00000000
00000000
00000000
00000000
0000ABB2
00000000
00000000
00000000
00000000
00000000
00000000
00000000
0000ABB2
00000000
00000000
00000000
00000000
00000000
00000000
00000000
0000ABB2
00000000
00000000
00000000
00000000
00000000
00000000
00000000
0000ABB2
00000000
00000000
00000000
00000000
00000000
00000000
00000000
0000ABB2
00000000
00000000
00000000
00000000
00000000
00000000
00000000
0000ABB2
00000000
00000000
00000000
00000000
00000000
00000000
00000000
0000ABB2
00000000
00000000
00000000
00000000
00000000
00000000
00000000
0000ABB2
00000000
00000000
00000000
00000000
00000000
00000000
00000000
0000ABB2
00000000
00000000
00000000
00000000
00000000
00000000
00000000
0000ABB2
00000000
00000000
00000000
00000000
00000000
00000000
00000000
0000ABB2
00000000
00000000
00000000
00000000
00000000
00000000
00000000
0000ABB2
00000000
00000000
00000000
00000000
00000000
00000000
00000000
0000ABB2
00000000
00000000
00000000
00000000
00000000
00000000
00000000
0000ABB2
00000000
00000000
00000000
00000000
00000000
00000000
00000000
0000ABB2
00000000
00000000
00000000
00000000
00000000
00000000
00000000
0000ABB2
00000000
00000000
00000000
00000000
00000000
00000000
00000000
0000ABB2
00000000
00000000
00000000
00000000
00000000
00000000
00000000
0000ABB2
00000000
00000000
00000000
00000000
00000000
00000000
00000000
0000ABB2
00000000
00000000
00000000
00000000
00000000
00000000
00000000
0000ABB2
00000000
00000000
00000000
00000000
00000000
00000000
00000000
0000ABB2
00000000
00000000
00000000
00000000
00000000
00000000
00000000
0000ABB2
00000000
00000000
00000000
00000000
00000000
00000000
00000000
0000ABB2
00000000
00000000
00000000
00000000
00000000
00000000
00000000
0000ABB2
00000000
00000000
00000000
00000000
00000000
00000000
00000000
0000ABB2
00000000
00000000
00000000
00000000
00000000
00000000
00000000
0000ABB2
00000000
00000000
00000000
00000000
00000000
00000000
00000000
0000ABB2
00000000
00000000
00000000
00000000
00000000
00000000
00000000
0000ABB2
00000000
00000000
00000000
00000000
00000000
00000000
00000000
0000ABB2
00000000
00000000
00000000
00000000
00000000
00000000
00000000
0000ABB2
00000000
00000000
00000000
00000000
00000000
00000000
00000000
0000ABB2
00000000
00000000
00000000
00000000
00000000
00000000
00000000
0000ABB2
00000000
00000000
00000000
00000000
00000000
00000000
00000000
0000ABB2
00000000
00000000
00000000
00000000
00000000
00000000
00000000
0000ABB2
00000000
00000000
00000000
00000000
00000000
00000000
00000000
0000ABB2
00000000
00000000
00000000
00000000
00000000
00000000
00000000
0000ABB2
00000000
00000000
00000000
00000000
00000000
00000000
00000000
0000ABB2
00000000
00000000
00000000
00000000
00000000
00000000
00000000
0000ABB2
00000000
00000000
00000000
00000000
00000000
00000000
00000000
0000ABB2
00000000
00000000
00000000
00000000
00000000
00000000
00000000
0000ABB2
00000000
00000000
00000000
00000000
00000000
00000000
00000000
0000ABB2
00000000
00000000
00000000
00000000
00000000
00000000
00000000
0000ABB2
00000000
00000000
00000000
00000000
00000000
00000000
00000000
0000ABB2
00000000
00000000
00000000
00000000
00000000
00000000
00000000
0000ABB2
00000000
00000000
00000000
00000000
00000000
00000000
00000000
0000ABB2
00000000
00000000
00000000
00000000
00000000
00000000
00000000
0000ABB2
00000000
00000000
00000000
00000000
00000000
00000000
00000000
0000ABB2
00000000
00000000
00000000
00000000
00000000
00000000
00000000
0000ABB2
00000000
00000000
00000000
00000000
00000000
00000000
00000000
0000ABB2
00000000
00000000
00000000
00000000
00000000
00000000
00000000
0000ABB2
00000000
00000000
00000000
00000000
00000000
00000000
00000000
0000ABB2
00000000
00000000
00000000
00000000
00000000
00000000
00000000
0000ABB2
00000000
00000000
00000000
00000000
00000000
00000000
00000000
0000ABB2
00000000
00000000
00000000
00000000
00000000
00000000
00000000
0000ABB2
00000000
00000000
00000000
00000000
00000000
00000000
00000000
0000ABB2
00000000
00000000
00000000
00000000
00000000
00000000
00000000
0000ABB2
00000000
00000000
00000000
00000000
00000000
00000000
00000000
0000ABB2
00000000
00000000
00000000
00000000
00000000
00000000
00000000
0000ABB2
00000000
00000000
00000000
00000000
00000000
00000000
00000000
0000ABB2
00000000
00000000
00000000
00000000
00000000
00000000
00000000
0000ABB2
00000000
00000000
00000000
00000000
00000000
00000000
00000000
0000ABB2
00000000
00000000
00000000
00000000
00000000
00000000
00000000
0000ABB2
00000000
00000000
00000000
00000000
00000000
00000000
00000000
0000ABB2
00000000
00000000
00000000
00000000
00000000
00000000
00000000
0000ABB2
00000000
00000000
00000000
00000000
00000000
00000000
00000000
0000ABB2
00000000
00000000
00000000
00000000
00000000
00000000
00000000
0000ABB2
00000000
00000000
00000000
00000000
00000000
00000000
00000000
0000ABB2
00000000
00000000
00000000
00000000
00000000
00000000
00000000
0000ABB2
00000000
00000000
00000000
00000000
00000000
00000000
00000000
0000ABB2
00000000
00000000
00000000
00000000
00000000
00000000
00000000
0000ABB2
00000000
00000000
00000000
00000000
00000000
00000000
00000000
0000ABB2
00000000
00000000
00000000
00000000
00000000
00000000
00000000
0000ABB2
00000000
00000000
00000000
00000000
00000000
00000000
00000000
0000ABB2
00000000
00000000
00000000
00000000
00000000
00000000
00000000
0000ABB2
00000000
00000000
00000000
00000000
00000000
00000000
00000000
0000ABB2
00000000
00000000
00000000
00000000
00000000
00000000
00000000
0000ABB2
00000000
00000000
00000000
00000000
00000000
00000000
00000000
0000ABB2
00000000
00000000
00000000
00000000
00000000
00000000
00000000
0000ABB2
00000000
00000000
00000000
00000000
00000000
00000000
00000000
0000ABB2
00000000
00000000
00000000
00000000
00000000
00000000
00000000
0000ABB2
00000000
00000000
00000000
00000000
00000000
00000000
00000000
0000ABB2
00000000
00000000
00000000
00000000
00000000
00000000
00000000
0000ABB2
00000000
00000000
00000000
00000000
00000000
00000000
00000000
0000ABB2
00000000
00000000
00000000
00000000
00000000
00000000
00000000
0000ABB2
00000000
00000000
00000000
00000000
00000000
00000000
00000000
0000ABB2
00000000
00000000
00000000
00000000
00000000
00000000
00000000
0000ABB2
00000000
00000000
00000000
00000000
00000000
00000000
00000000
0000ABB2
00000000
00000000
00000000
00000000
00000000
00000000
00000000
0000ABB2
00000000
00000000
00000000
00000000
00000000
00000000
00000000
0000ABB2
00000000
00000000
00000000
00000000
00000000
00000000
00000000
0000ABB2
00000000
00000000
00000000
00000000
00000000
00000000
00000000
0000ABB2
00000000
00000000
00000000
00000000
00000000
00000000
00000000
0000ABB2
00000000
00000000
00000000
00000000
00000000
00000000
00000000
0000ABB2
00000000
00000000
00000000
00000000
00000000
00000000
00000000
0000ABB2
00000000
00000000
00000000
00000000
00000000
00000000
00000000
0000ABB2
00000000
00000000
00000000
00000000
00000000
00000000
00000000
0000ABB2
00000000
00000000
00000000
00000000
00000000
00000000
00000000
0000ABB2
00000000
00000000
00000000
00000000
00000000
00000000
00000000
0000ABB2
00000000
00000000
00000000
00000000
00000000
00000000
00000000
0000ABB2
00000000
00000000
00000000
00000000
00000000
00000000
00000000
0000ABB2
00000000
00000000
00000000
00000000
00000000
00000000
00000000
0000ABB2
00000000
00000000
00000000
00000000
00000000
00000000
00000000
0000ABB2
00000000
00000000
00000000
00000000
00000000
00000000
00000000
0000ABB2
00000000
00000000
00000000
00000000
00000000
00000000
00000000
0000ABB2
00000000
00000000
00000000
00000000
00000000
00000000
00000000
0000ABB2
00000000
00000000
00000000
00000000
00000000
00000000
00000000
0000ABB2
00000000
00000000
00000000
00000000
00000000
00000000
00000000
0000ABB2
00000000
00000000
00000000
00000000
00000000
00000000
00000000
0000ABB2
00000000
00000000
00000000
00000000
00000000
00000000
00000000
0000ABB2
00000000
00000000
00000000
00000000
00000000
00000000
00000000
0000ABB2
00000000
00000000
00000000
00000000
00000000
00000000
00000000
0000ABB2
00000000
00000000
00000000
00000000
00000000
00000000
00000000
0000ABB2
00000000
00000000
00000000
00000000
00000000
00000000
00000000
0000ABB2
00000000
00000000
00000000
00000000
00000000
00000000
00000000
0000ABB2
00000000
00000000
00000000
00000000
00000000
00000000
00000000
0000ABB2
00000000
00000000
00000000
00000000
00000000
00000000
00000000
0000ABB2
00000000
00000000
00000000
00000000
00000000
00000000
00000000
0000ABB2
00000000
00000000
00000000
00000000
00000000
00000000
00000000
0000ABB2
00000000
00000000
00000000
00000000
00000000
00000000
00000000
0000ABB2
00000000
00000000
00000000
00000000
00000000
00000000
00000000
0000ABB2
00000000
00000000
00000000
00000000
00000000
00000000
00000000
0000ABB2
00000000
00000000
00000000
00000000
00000000
00000000
00000000
0000ABB2
00000000
00000000
00000000
00000000
00000000
00000000
00000000
0000ABB2
00000000
00000000
00000000
00000000
00000000
00000000
00000000
0000ABB2
00000000
00000000
00000000
00000000
00000000
00000000
00000000
0000ABB2
00000000
00000000
00000000
00000000
00000000
00000000
00000000
0000ABB2
00000000
00000000
00000000
00000000
00000000
00000000
00000000
0000ABB2
00000000
00000000
00000000
00000000
00000000
00000000
00000000
0000ABB2
00000000
00000000
00000000
00000000
00000000
00000000
00000000
0000ABB2
00000000
00000000
00000000
00000000
00000000
00000000
00000000
0000ABB2
00000000
00000000
00000000
00000000
00000000
00000000
00000000
0000ABB2
00000000
00000000
00000000
00000000
00000000
00000000
00000000
0000ABB2
00000000
00000000
00000000
00000000
00000000
00000000
00000000
0000ABB2
00000000
00000000
00000000
00000000
00000000
00000000
00000000
0000ABB2
00000000
00000000
00000000
00000000
00000000
00000000
00000000
0000ABB2
00000000
00000000
00000000
00000000
00000000
00000000
00000000
0000ABB2
00000000
00000000
00000000
00000000
00000000
00000000
00000000
0000ABB2
00000000
00000000
00000000
00000000
00000000
00000000
00000000
0000ABB2
00000000
00000000
00000000
00000000
00000000
00000000
00000000
0000ABB2
00000000
00000000
00000000
00000000
00000000
00000000
00000000
0000ABB2
00000000
00000000
00000000
00000000
00000000
00000000
00000000
0000ABB2
00000000
00000000
00000000
00000000
00000000
00000000
00000000
0000ABB2
00000000
00000000
00000000
00000000
00000000
00000000
00000000
0000ABB2
00000000
00000000
00000000
00000000
00000000
00000000
00000000
0000ABB2
00000000
00000000
00000000
00000000
00000000
00000000
00000000
0000ABB2
00000000
00000000
00000000
00000000
00000000
00000000
00000000
0000ABB2
00000000
00000000
00000000
00000000
00000000
00000000
00000000
0000ABB2
00000000
00000000
00000000
00000000
00000000
00000000
00000000
0000ABB2
00000000
00000000
00000000
00000000
00000000
00000000
00000000
0000ABB2
00000000
00000000
00000000
00000000
00000000
00000000
00000000
0000ABB2
00000000
00000000
00000000
00000000
00000000
00000000
00000000
0000ABB2
00000000
00000000
00000000
00000000
00000000
00000000
00000000
0000ABB2
00000000
00000000
00000000
00000000
00000000
00000000
00000000
0000ABB2
00000000
00000000
00000000
00000000
00000000
00000000
00000000
0000ABB2
00000000
00000000
00000000
00000000
00000000
00000000
00000000
0000ABB2
00000000
00000000
00000000
00000000
00000000
00000000
00000000
0000ABB2
00000000
00000000
00000000
00000000
00000000
00000000
00000000
0000ABB2
00000000
00000000
00000000
00000000
00000000
00000000
00000000
0000ABB2
00000000
00000000
00000000
00000000
00000000
00000000
00000000
0000ABB2
00000000
00000000
00000000
00000000
00000000
00000000
00000000
0000ABB2
00000000
00000000
00000000
00000000
00000000
00000000
00000000
0000ABB2
00000000
00000000
00000000
00000000
00000000
00000000
00000000
0000ABB2
00000000
00000000
00000000
00000000
00000000
00000000
00000000
0000ABB2
00000000
00000000
00000000
00000000
00000000
00000000
00000000
0000ABB2
00000000
00000000
00000000
00000000
00000000
00000000
00000000
0000ABB2
00000000
00000000
00000000
00000000
00000000
00000000
00000000
0000ABB2
00000000
00000000
00000000
00000000
00000000
00000000
00000000
0000ABB2
00000000
00000000
00000000
00000000
00000000
00000000
00000000
0000ABB2
00000000
00000000
00000000
00000000
00000000
00000000
00000000
0000ABB2
00000000
00000000
00000000
00000000
00000000
00000000
00000000
0000ABB2
00000000
00000000
00000000
00000000
00000000
00000000
00000000
0000ABB2
00000000
00000000
00000000
00000000
00000000
00000000
00000000
0000ABB2
00000000
00000000
00000000
00000000
00000000
00000000
00000000
0000ABB2
00000000
00000000
00000000
00000000
00000000
00000000
00000000
0000ABB2
00000000
00000000
00000000
00000000
00000000
00000000
00000000
0000ABB2
00000000
00000000
00000000
00000000
00000000
00000000
00000000
0000ABB2
00000000
00000000
00000000
00000000
00000000
00000000
00000000
0000ABB2
00000000
00000000
00000000
00000000
00000000
00000000
00000000
0000ABB2
00000000
00000000
00000000
00000000
00000000
00000000
00000000
0000ABB2
00000000
00000000
00000000
00000000
00000000
00000000
00000000
0000ABB2
00000000
00000000
00000000
00000000
00000000
00000000
00000000
0000ABB2
00000000
00000000
00000000
00000000
00000000
00000000
00000000
0000ABB2
00000000
00000000
00000000
00000000
00000000
00000000
00000000
0000ABB2
00000000
00000000
00000000
00000000
00000000
00000000
00000000
0000ABB2
00000000
00000000
00000000
00000000
00000000
00000000
00000000
0000ABB2
00000000
00000000
00000000
00000000
00000000
00000000
00000000
0000ABB2
00000000
00000000
00000000
00000000
00000000
00000000
00000000
0000ABB2
00000000
00000000
00000000
00000000
00000000
00000000
00000000
0000ABB2
00000000
00000000
00000000
00000000
00000000
00000000
00000000
0000ABB2
00000000
00000000
00000000
00000000
00000000
00000000
00000000
0000ABB2
00000000
00000000
00000000
00000000
00000000
00000000
00000000
0000ABB2
00000000
00000000
00000000
00000000
00000000
00000000
00000000
0000ABB2
00000000
00000000
00000000
00000000
00000000
00000000
00000000
0000ABB2
00000000
00000000
00000000
00000000
00000000
00000000
00000000
0000ABB2
00000000
00000000
00000000
00000000
00000000
00000000
00000000
0000ABB2
00000000
00000000
00000000
00000000
00000000
00000000
00000000
0000ABB2
00000000
00000000
00000000
00000000
00000000
00000000
00000000
0000ABB2
00000000
00000000
00000000
00000000
00000000
00000000
00000000
0000ABB2
00000000
00000000
00000000
00000000
00000000
00000000
00000000
0000ABB2
00000000
00000000
00000000
00000000
00000000
00000000
00000000
0000ABB2
00000000
00000000
00000000
00000000
00000000
00000000
00000000
0000ABB2
00000000
00000000
00000000
00000000
00000000
00000000
00000000
0000ABB2
00000000
00000000
00000000
00000000
00000000
00000000
00000000
0000ABB2
00000000
00000000
00000000
00000000
00000000
00000000
00000000
0000ABB2
00000000
00000000
00000000
00000000
00000000
00000000
00000000
0000ABB2
00000000
00000000
00000000
00000000
00000000
00000000
00000000
0000ABB2
00000000
00000000
00000000
00000000
00000000
00000000
00000000
0000ABB2
00000000
00000000
00000000
00000000
00000000
00000000
00000000
0000ABB2
00000000
00000000
00000000
00000000
00000000
00000000
00000000
0000ABB2
00000000
00000000
00000000
00000000
00000000
00000000
00000000
0000ABB2
00000000
00000000
00000000
00000000
00000000
00000000
00000000
0000ABB2
00000000
00000000
00000000
00000000
00000000
00000000
00000000
0000ABB2
00000000
00000000
00000000
00000000
00000000
00000000
00000000
0000ABB2
00000000
00000000
00000000
00000000
00000000
00000000
00000000
0000ABB2
00000000
00000000
00000000
00000000
00000000
00000000
00000000
0000ABB2
00000000
00000000
00000000
00000000
00000000
00000000
00000000
0000ABB2
00000000
00000000
00000000
00000000
00000000
00000000
00000000
0000ABB2
00000000
00000000
00000000
00000000
00000000
00000000
00000000
0000ABB2
00000000
00000000
00000000
00000000
00000000
00000000
00000000
0000ABB2
00000000
00000000
00000000
00000000
00000000
00000000
00000000
0000ABB2
00000000
00000000
00000000
00000000
00000000
00000000
00000000
0000ABB2
00000000
00000000
00000000
00000000
00000000
00000000
00000000
0000ABB2
00000000
00000000
00000000
00000000
00000000
00000000
00000000
0000ABB2
00000000
00000000
00000000
00000000
00000000
00000000
00000000
0000ABB2
00000000
00000000
00000000
00000000
00000000
00000000
00000000
0000ABB2
00000000
00000000
00000000
00000000
00000000
00000000
00000000
0000ABB2
00000000
00000000
00000000
00000000
00000000
00000000
00000000
0000ABB2
00000000
00000000
00000000
00000000
00000000
00000000
00000000
0000ABB2
00000000
00000000
00000000
00000000
00000000
00000000
00000000
0000ABB2
00000000
00000000
00000000
00000000
00000000
00000000
00000000
0000ABB2
00000000
00000000
00000000
00000000
00000000
00000000
00000000
0000ABB2
00000000
00000000
00000000
00000000
00000000
00000000
00000000
0000ABB2
00000000
00000000
00000000
00000000
00000000
00000000
00000000
0000ABB2
00000000
00000000
00000000
00000000
00000000
00000000
00000000
0000ABB2
00000000
00000000
00000000
00000000
00000000
00000000
00000000
0000ABB2
00000000
00000000
00000000
00000000
00000000
00000000
00000000
0000ABB2
00000000
00000000
00000000
00000000
00000000
00000000
00000000
0000ABB2
00000000
00000000
00000000
00000000
00000000
00000000
00000000
0000ABB2
00000000
00000000
00000000
00000000
00000000
00000000
00000000
0000ABB2
00000000
00000000
00000000
00000000
00000000
00000000
00000000
0000ABB2
00000000
00000000
00000000
00000000
00000000
00000000
00000000
0000ABB2
00000000
00000000
00000000
00000000
00000000
00000000
00000000
0000ABB2
00000000
00000000
00000000
00000000
00000000
00000000
00000000
0000ABB2
00000000
00000000
00000000
00000000
00000000
00000000
00000000
0000ABB2
00000000
00000000
00000000
00000000
00000000
00000000
00000000
0000ABB2
00000000
00000000
00000000
00000000
00000000
00000000
00000000
0000ABB2
00000000
00000000
00000000
00000000
00000000
00000000
00000000
0000ABB2
00000000
00000000
00000000
00000000
00000000
00000000
00000000
0000ABB2
00000000
00000000
00000000
00000000
00000000
00000000
00000000
0000ABB2
00000000
00000000
00000000
00000000
00000000
00000000
00000000
0000ABB2
00000000
00000000
00000000
00000000
00000000
00000000
00000000
0000ABB2
00000000
00000000
00000000
00000000
00000000
00000000
00000000
0000ABB2
00000000
00000000
00000000
00000000
00000000
00000000
00000000
0000ABB2
00000000
00000000
00000000
00000000
00000000
00000000
00000000
0000ABB2
00000000
00000000
00000000
00000000
00000000
00000000
00000000
0000ABB2
00000000
00000000
00000000
00000000
00000000
00000000
00000000
0000ABB2
00000000
00000000
00000000
00000000
00000000
00000000
00000000
0000ABB2
00000000
00000000
00000000
00000000
00000000
00000000
00000000
0000ABB2
00000000
00000000
00000000
00000000
00000000
00000000
00000000
0000ABB2
00000000
00000000
00000000
00000000
00000000
00000000
00000000
0000ABB2
00000000
00000000
00000000
00000000
00000000
00000000
00000000
0000ABB2
00000000
00000000
00000000
00000000
00000000
00000000
00000000
0000ABB2
00000000
00000000
00000000
00000000
00000000
00000000
00000000
0000ABB2
00000000
00000000
00000000
00000000
00000000
00000000
00000000
0000ABB2
00000000
00000000
00000000
00000000
00000000
00000000
00000000
0000ABB2
00000000
00000000
00000000
00000000
00000000
00000000
00000000
0000ABB2
00000000
00000000
00000000
00000000
00000000
00000000
00000000
0000ABB2
00000000
00000000
00000000
00000000
00000000
00000000
00000000
0000ABB2
00000000
00000000
00000000
00000000
00000000
00000000
00000000
0000ABB2
00000000
00000000
00000000
00000000
00000000
00000000
00000000
0000ABB2
00000000
00000000
00000000
00000000
00000000
00000000
00000000
0000ABB2
00000000
00000000
00000000
00000000
00000000
00000000
00000000
0000ABB2
00000000
00000000
00000000
00000000
00000000
00000000
00000000
0000ABB2
00000000
00000000
00000000
00000000
00000000
00000000
00000000
0000ABB2
00000000
00000000
00000000
00000000
00000000
00000000
00000000
0000ABB2
00000000
00000000
00000000
00000000
00000000
00000000
00000000
0000ABB2
00000000
00000000
00000000
00000000
00000000
00000000
00000000
0000ABB2
00000000
00000000
00000000
00000000
00000000
00000000
00000000
0000ABB2
00000000
00000000
00000000
00000000
00000000
00000000
00000000
0000ABB2
00000000
00000000
00000000
00000000
00000000
00000000
00000000
0000ABB2
00000000
00000000
00000000
00000000
00000000
00000000
00000000
0000ABB2
00000000
00000000
00000000
00000000
00000000
00000000
00000000
0000ABB2
00000000
00000000
00000000
00000000
00000000
00000000
00000000
0000ABB2
00000000
00000000
00000000
00000000
00000000
00000000
00000000
0000ABB2
00000000
00000000
00000000
00000000
00000000
00000000
00000000
0000ABB2
00000000
00000000
00000000
00000000
00000000
00000000
00000000
0000ABB2
00000000
00000000
00000000
00000000
00000000
00000000
00000000
0000ABB2
00000000
00000000
00000000
00000000
00000000
00000000
00000000
0000ABB2
00000000
00000000
00000000
00000000
00000000
00000000
00000000
0000ABB2
00000000
00000000
00000000
00000000
00000000
00000000
00000000
0000ABB2
00000000
00000000
00000000
00000000
00000000
00000000
00000000
0000ABB2
00000000
00000000
00000000
00000000
00000000
00000000
00000000
0000ABB2
00000000
00000000
00000000
00000000
00000000
00000000
00000000
0000ABB2
00000000
00000000
00000000
00000000
00000000
00000000
00000000
0000ABB2
00000000
00000000
00000000
00000000
00000000
00000000
00000000
0000ABB2
00000000
00000000
00000000
00000000
00000000
00000000
00000000
0000ABB2
00000000
00000000
00000000
00000000
00000000
00000000
00000000
0000ABB2
00000000
00000000
00000000
00000000
00000000
00000000
00000000
0000ABB2
00000000
00000000
00000000
00000000
00000000
00000000
00000000
0000ABB2
00000000
00000000
00000000
00000000
00000000
00000000
00000000
0000ABB2
00000000
00000000
00000000
00000000
00000000
00000000
00000000
0000ABB2
00000000
00000000
00000000
00000000
00000000
00000000
00000000
0000ABB2
00000000
00000000
00000000
00000000
00000000
00000000
00000000
0000ABB2
00000000
00000000
00000000
00000000
00000000
00000000
00000000
0000ABB2
00000000
00000000
00000000
00000000
00000000
00000000
00000000
0000ABB2
00000000
00000000
00000000
00000000
00000000
00000000
00000000
0000ABB2
00000000
00000000
00000000
00000000
00000000
00000000
00000000
0000ABB2
00000000
00000000
00000000
00000000
00000000
00000000
00000000
0000ABB2
00000000
00000000
00000000
00000000
00000000
00000000
00000000
0000ABB2
00000000
00000000
00000000
00000000
00000000
00000000
00000000
0000ABB2
00000000
00000000
00000000
00000000
00000000
00000000
00000000
0000ABB2
00000000
00000000
00000000
00000000
00000000
00000000
00000000
0000ABB2
00000000
00000000
00000000
00000000
00000000
00000000
00000000
0000ABB2
00000000
00000000
00000000
00000000
00000000
00000000
00000000
0000ABB2
00000000
00000000
00000000
00000000
00000000
00000000
00000000
0000ABB2
00000000
00000000
00000000
00000000
00000000
00000000
00000000
0000ABB2
00000000
00000000
00000000
00000000
00000000
00000000
00000000
0000ABB2
00000000
00000000
00000000
00000000
00000000
00000000
00000000
0000ABB2
00000000
00000000
00000000
00000000
00000000
00000000
00000000
0000ABB2
00000000
00000000
00000000
00000000
00000000
00000000
00000000
0000ABB2
00000000
00000000
00000000
00000000
00000000
00000000
00000000
0000ABB2
00000000
00000000
00000000
00000000
00000000
00000000
00000000
0000ABB2
00000000
00000000
00000000
00000000
00000000
00000000
00000000
0000ABB2
00000000
00000000
00000000
00000000
00000000
00000000
00000000
0000ABB2
00000000
00000000
00000000
00000000
00000000
00000000
00000000
0000ABB2
00000000
00000000
00000000
00000000
00000000
00000000
00000000
0000ABB2
00000000
00000000
00000000
00000000
00000000
00000000
00000000
0000ABB2
00000000
00000000
00000000
00000000
00000000
00000000
00000000
0000ABB2
00000000
00000000
00000000
00000000
00000000
00000000
00000000
0000ABB2
00000000
00000000
00000000
00000000
00000000
00000000
00000000
0000ABB2
00000000
00000000
00000000
00000000
00000000
00000000
00000000
0000ABB2
00000000
00000000
00000000
00000000
00000000
00000000
00000000
0000ABB2
00000000
00000000
00000000
00000000
00000000
00000000
00000000
0000ABB2
00000000
00000000
00000000
00000000
00000000
00000000
00000000
0000ABB2
00000000
00000000
00000000
00000000
00000000
00000000
00000000
0000ABB2
00000000
00000000
00000000
00000000
00000000
00000000
00000000
0000ABB2
00000000
00000000
00000000
00000000
00000000
00000000
00000000
0000ABB2
00000000
00000000
00000000
00000000
00000000
00000000
00000000
0000ABB2
00000000
00000000
00000000
00000000
00000000
00000000
00000000
0000ABB2
00000000
00000000
00000000
00000000
00000000
00000000
00000000
0000ABB2
00000000
00000000
00000000
00000000
00000000
00000000
00000000
0000ABB2
00000000
00000000
00000000
00000000
00000000
00000000
00000000
0000ABB2
00000000
00000000
00000000
00000000
00000000
00000000
00000000
0000ABB2
00000000
00000000
00000000
00000000
00000000
00000000
00000000
0000ABB2
00000000
00000000
00000000
00000000
00000000
00000000
00000000
0000ABB2
00000000
00000000
00000000
00000000
00000000
00000000
00000000
0000ABB2
00000000
00000000
00000000
00000000
00000000
00000000
00000000
0000ABB2
00000000
00000000
00000000
00000000
00000000
00000000
00000000
0000ABB2
00000000
00000000
00000000
00000000
00000000
00000000
00000000
0000ABB2
00000000
00000000
00000000
00000000
00000000
00000000
00000000
0000ABB2
00000000
00000000
00000000
00000000
00000000
00000000
00000000
0000ABB2
00000000
00000000
00000000
00000000
00000000
00000000
00000000
0000ABB2
00000000
00000000
00000000
00000000
00000000
00000000
00000000
0000ABB2
00000000
00000000
00000000
00000000
00000000
00000000
00000000
0000ABB2
00000000
00000000
00000000
00000000
00000000
00000000
00000000
0000ABB2
00000000
00000000
00000000
00000000
00000000
00000000
00000000
0000ABB2
00000000
00000000
00000000
00000000
00000000
00000000
00000000
0000ABB2
00000000
00000000
00000000
00000000
00000000
00000000
00000000
0000ABB2
00000000
00000000
00000000
00000000
00000000
00000000
00000000
0000ABB2
00000000
00000000
00000000
00000000
00000000
00000000
00000000
0000ABB2
00000000
00000000
00000000
00000000
00000000
00000000
00000000
0000ABB2
00000000
00000000
00000000
00000000
00000000
00000000
00000000
0000ABB2
00000000
00000000
00000000
00000000
00000000
00000000
00000000
0000ABB2
00000000
00000000
00000000
00000000
00000000
00000000
00000000
0000ABB2
00000000
00000000
00000000
00000000
00000000
00000000
00000000
0000ABB2
00000000
00000000
00000000
00000000
00000000
00000000
00000000
0000ABB2
00000000
00000000
00000000
00000000
00000000
00000000
00000000
0000ABB2
00000000
00000000
00000000
00000000
00000000
00000000
00000000
0000ABB2
00000000
00000000
00000000
00000000
00000000
00000000
00000000
0000ABB2
00000000
00000000
00000000
00000000
00000000
00000000
00000000
0000ABB2
00000000
00000000
00000000
00000000
00000000
00000000
00000000
0000ABB2
00000000
00000000
00000000
00000000
00000000
00000000
00000000
0000ABB2
00000000
00000000
00000000
00000000
00000000
00000000
00000000
0000ABB2
00000000
00000000
00000000
00000000
00000000
00000000
00000000
0000ABB2
00000000
00000000
00000000
00000000
00000000
00000000
00000000
0000ABB2
00000000
00000000
00000000
00000000
00000000
00000000
00000000
0000ABB2
00000000
00000000
00000000
00000000
00000000
00000000
00000000
0000ABB2
00000000
00000000
00000000
00000000
00000000
00000000
00000000
0000ABB2
00000000
00000000
00000000
00000000
00000000
00000000
00000000
0000ABB2
00000000
00000000
00000000
00000000
00000000
00000000
00000000
0000ABB2
00000000
00000000
00000000
00000000
00000000
00000000
00000000
0000ABB2
00000000
00000000
00000000
00000000
00000000
00000000
00000000
0000ABB2
00000000
00000000
00000000
00000000
00000000
00000000
00000000
0000ABB2
00000000
00000000
00000000
00000000
00000000
00000000
00000000
0000ABB2
00000000
00000000
00000000
00000000
00000000
00000000
00000000
0000ABB2
00000000
00000000
00000000
00000000
00000000
00000000
00000000
0000ABB2
00000000
00000000
00000000
00000000
00000000
00000000
00000000
0000ABB2
00000000
00000000
00000000
00000000
00000000
00000000
00000000
0000ABB2
00000000
00000000
00000000
00000000
00000000
00000000
00000000
0000ABB2
00000000
00000000
00000000
00000000
00000000
00000000
00000000
0000ABB2
00000000
00000000
00000000
00000000
00000000
00000000
00000000
0000ABB2
00000000
00000000
00000000
00000000
00000000
00000000
00000000
0000ABB2
00000000
00000000
00000000
00000000
00000000
00000000
00000000
0000ABB2
00000000
00000000
00000000
00000000
00000000
00000000
00000000
0000ABB2
00000000
00000000
00000000
00000000
00000000
00000000
00000000
0000ABB2
00000000
00000000
00000000
00000000
00000000
00000000
00000000
0000ABB2
00000000
00000000
00000000
00000000
00000000
00000000
00000000
0000ABB2
00000000
00000000
00000000
00000000
00000000
00000000
00000000
0000ABB2
00000000
00000000
00000000
00000000
00000000
00000000
00000000
0000ABB2
00000000
00000000
00000000
00000000
00000000
00000000
00000000
0000ABB2
00000000
00000000
00000000
00000000
00000000
00000000
00000000
0000ABB2
00000000
00000000
00000000
00000000
00000000
00000000
00000000
0000ABB2
00000000
00000000
00000000
00000000
00000000
00000000
00000000
0000ABB2
00000000
00000000
00000000
00000000
00000000
00000000
00000000
0000ABB2
00000000
00000000
00000000
00000000
00000000
00000000
00000000
0000ABB2
00000000
00000000
00000000
00000000
00000000
00000000
00000000
0000ABB2
00000000
00000000
00000000
00000000
00000000
00000000
00000000
0000ABB2
00000000
00000000
00000000
00000000
00000000
00000000
00000000
0000ABB2
00000000
00000000
00000000
00000000
00000000
00000000
00000000
0000ABB2
00000000
00000000
00000000
00000000
00000000
00000000
00000000
0000ABB2
00000000
00000000
00000000
00000000
00000000
00000000
00000000
0000ABB2
00000000
00000000
00000000
00000000
00000000
00000000
00000000
0000ABB2
00000000
00000000
00000000
00000000
00000000
00000000
00000000
0000ABB2
00000000
00000000
00000000
00000000
00000000
00000000
00000000
0000ABB2
00000000
00000000
00000000
00000000
00000000
00000000
00000000
0000ABB2
00000000
00000000
00000000
00000000
00000000
00000000
00000000
0000ABB2
00000000
00000000
00000000
00000000
00000000
00000000
00000000
0000ABB2
00000000
00000000
00000000
00000000
00000000
00000000
00000000
0000ABB2
00000000
00000000
00000000
00000000
00000000
00000000
00000000
0000ABB2
00000000
00000000
00000000
00000000
00000000
00000000
00000000
0000ABB2
00000000
00000000
00000000
00000000
00000000
00000000
00000000
0000ABB2
00000000
00000000
00000000
00000000
00000000
00000000
00000000
0000ABB2
00000000
00000000
00000000
00000000
00000000
00000000
00000000
0000ABB2
00000000
00000000
00000000
00000000
00000000
00000000
00000000
0000ABB2
00000000
00000000
00000000
00000000
00000000
00000000
00000000
0000ABB2
00000000
00000000
00000000
00000000
00000000
00000000
00000000
0000ABB2
00000000
00000000
00000000
00000000
00000000
00000000
00000000
0000ABB2
00000000
00000000
00000000
00000000
00000000
00000000
00000000
0000ABB2
00000000
00000000
00000000
00000000
00000000
00000000
00000000
0000ABB2
00000000
00000000
00000000
00000000
00000000
00000000
00000000
0000ABB2
00000000
00000000
00000000
00000000
00000000
00000000
00000000
0000ABB2
00000000
00000000
00000000
00000000
00000000
00000000
00000000
0000ABB2
00000000
00000000
00000000
00000000
00000000
00000000
00000000
0000ABB2
00000000
00000000
00000000
00000000
00000000
00000000
00000000
0000ABB2
00000000
00000000
00000000
00000000
00000000
00000000
00000000
0000ABB2
00000000
00000000
00000000
00000000
00000000
00000000
00000000
0000ABB2
00000000
00000000
00000000
00000000
00000000
00000000
00000000
0000ABB2
00000000
00000000
00000000
00000000
00000000
00000000
00000000
0000ABB2
00000000
00000000
00000000
00000000
00000000
00000000
00000000
0000ABB2
00000000
00000000
00000000
00000000
00000000
00000000
00000000
0000ABB2
00000000
00000000
00000000
00000000
00000000
00000000
00000000
0000ABB2
00000000
00000000
00000000
00000000
00000000
00000000
00000000
0000ABB2
00000000
00000000
00000000
00000000
00000000
00000000
00000000
0000ABB2
00000000
00000000
00000000
00000000
00000000
00000000
00000000
0000ABB2
00000000
00000000
00000000
00000000
00000000
00000000
00000000
0000ABB2
00000000
00000000
00000000
00000000
00000000
00000000
00000000
0000ABB2
00000000
00000000
00000000
00000000
00000000
00000000
00000000
0000ABB2
00000000
00000000
00000000
00000000
00000000
00000000
00000000
0000ABB2
00000000
00000000
00000000
00000000
00000000
00000000
00000000
0000ABB2
00000000
00000000
00000000
00000000
00000000
00000000
00000000
0000ABB2
00000000
00000000
00000000
00000000
00000000
00000000
00000000
0000ABB2
00000000
00000000
00000000
00000000
00000000
00000000
00000000
0000ABB2
00000000
00000000
00000000
00000000
00000000
00000000
00000000
0000ABB2
00000000
00000000
00000000
00000000
00000000
00000000
00000000
0000ABB2
00000000
00000000
00000000
00000000
00000000
00000000
00000000
0000ABB2
00000000
00000000
00000000
00000000
00000000
00000000
00000000
0000ABB2
00000000
00000000
00000000
00000000
00000000
00000000
00000000
0000ABB2
00000000
00000000
00000000
00000000
00000000
00000000
00000000
0000ABB2
00000000
00000000
00000000
00000000
00000000
00000000
00000000
0000ABB2
00000000
00000000
00000000
00000000
00000000
00000000
00000000
0000ABB2
00000000
00000000
00000000
00000000
00000000
00000000
00000000
0000ABB2
00000000
00000000
00000000
00000000
00000000
00000000
00000000
0000ABB2
00000000
00000000
00000000
00000000
00000000
00000000
00000000
0000ABB2
00000000
00000000
00000000
00000000
00000000
00000000
00000000
0000ABB2
00000000
00000000
00000000
00000000
00000000
00000000
00000000
0000ABB2
00000000
00000000
00000000
00000000
00000000
00000000
00000000
0000ABB2
00000000
00000000
00000000
00000000
00000000
00000000
00000000
0000ABB2
00000000
00000000
00000000
00000000
00000000
00000000
00000000
0000ABB2
00000000
00000000
00000000
00000000
00000000
00000000
00000000
0000ABB2
00000000
00000000
00000000
00000000
00000000
00000000
00000000
0000ABB2
00000000
00000000
00000000
00000000
00000000
00000000
00000000
0000ABB2
00000000
00000000
00000000
00000000
00000000
00000000
00000000
0000ABB2
00000000
00000000
00000000
00000000
00000000
00000000
00000000
0000ABB2
00000000
00000000
00000000
00000000
00000000
00000000
00000000
0000ABB2
00000000
00000000
00000000
00000000
00000000
00000000
00000000
0000ABB2
00000000
00000000
00000000
00000000
00000000
00000000
00000000
0000ABB2
00000000
00000000
00000000
00000000
00000000
00000000
00000000
0000ABB2
00000000
00000000
00000000
00000000
00000000
00000000
00000000
0000ABB2
00000000
00000000
00000000
00000000
00000000
00000000
00000000
0000ABB2
00000000
00000000
00000000
00000000
00000000
00000000
00000000
0000ABB2
00000000
00000000
00000000
00000000
00000000
00000000
00000000
0000ABB2
00000000
00000000
00000000
00000000
00000000
00000000
00000000
0000ABB2
00000000
00000000
00000000
00000000
00000000
00000000
00000000
0000ABB2
00000000
00000000
00000000
00000000
00000000
00000000
00000000
0000ABB2
00000000
00000000
00000000
00000000
00000000
00000000
00000000
0000ABB2
00000000
00000000
00000000
00000000
00000000
00000000
00000000
0000ABB2
00000000
00000000
00000000
00000000
00000000
00000000
00000000
0000ABB2
00000000
00000000
00000000
00000000
00000000
00000000
00000000
0000ABB2
00000000
00000000
00000000
00000000
00000000
00000000
00000000
0000ABB2
00000000
00000000
00000000
00000000
00000000
00000000
00000000
0000ABB2
00000000
00000000
00000000
00000000
00000000
00000000
00000000
0000ABB2
00000000
00000000
00000000
00000000
00000000
00000000
00000000
0000ABB2
00000000
00000000
00000000
00000000
00000000
00000000
00000000
0000ABB2
00000000
00000000
00000000
00000000
00000000
00000000
00000000
0000ABB2
00000000
00000000
00000000
00000000
00000000
00000000
00000000
0000ABB2
00000000
00000000
00000000
00000000
00000000
00000000
00000000
0000ABB2
00000000
00000000
00000000
00000000
00000000
00000000
00000000
0000ABB2
00000000
00000000
00000000
00000000
00000000
00000000
00000000
0000ABB2
00000000
00000000
00000000
00000000
00000000
00000000
00000000
0000ABB2
00000000
00000000
00000000
00000000
00000000
00000000
00000000
0000ABB2
00000000
00000000
00000000
00000000
00000000
00000000
00000000
0000ABB2
00000000
00000000
00000000
00000000
00000000
00000000
00000000
0000ABB2
00000000
00000000
00000000
00000000
00000000
00000000
00000000
0000ABB2
00000000
00000000
00000000
00000000
00000000
00000000
00000000
0000ABB2
00000000
00000000
00000000
00000000
00000000
00000000
00000000
0000ABB2
00000000
00000000
00000000
00000000
00000000
00000000
00000000
0000ABB2
00000000
00000000
00000000
00000000
00000000
00000000
00000000
0000ABB2
00000000
00000000
00000000
00000000
00000000
00000000
00000000
0000ABB2
00000000
00000000
00000000
00000000
00000000
00000000
00000000
0000ABB2
00000000
00000000
00000000
00000000
00000000
00000000
00000000
0000ABB2
00000000
00000000
00000000
00000000
00000000
00000000
00000000
0000ABB2
00000000
00000000
00000000
00000000
00000000
00000000
00000000
0000ABB2
00000000
00000000
00000000
00000000
00000000
00000000
00000000
0000ABB2
00000000
00000000
00000000
00000000
00000000
00000000
00000000
0000ABB2
00000000
00000000
00000000
00000000
00000000
00000000
00000000
0000ABB2
00000000
00000000
00000000
00000000
00000000
00000000
00000000
0000ABB2
00000000
00000000
00000000
00000000
00000000
00000000
00000000
0000ABB2
00000000
00000000
00000000
00000000
00000000
00000000
00000000
0000ABB2
00000000
00000000
00000000
00000000
00000000
00000000
00000000
0000ABB2
00000000
00000000
00000000
00000000
00000000
00000000
00000000
0000ABB2
00000000
00000000
00000000
00000000
00000000
00000000
00000000
0000ABB2
00000000
00000000
00000000
00000000
00000000
00000000
00000000
0000ABB2
00000000
00000000
00000000
00000000
00000000
00000000
00000000
0000ABB2
00000000
00000000
00000000
00000000
00000000
00000000
00000000
0000ABB2
00000000
00000000
00000000
00000000
00000000
00000000
00000000
0000ABB2
00000000
00000000
00000000
00000000
00000000
00000000
00000000
0000ABB2
00000000
00000000
00000000
00000000
00000000
00000000
00000000
0000ABB2
00000000
00000000
00000000
00000000
00000000
00000000
00000000
0000ABB2
00000000
00000000
00000000
00000000
00000000
00000000
00000000
0000ABB2
00000000
00000000
00000000
00000000
00000000
00000000
00000000
0000ABB2
00000000
00000000
00000000
00000000
00000000
00000000
00000000
0000ABB2
00000000
00000000
00000000
00000000
00000000
00000000
00000000
0000ABB2
00000000
00000000
00000000
00000000
00000000
00000000
00000000
0000ABB2
00000000
00000000
00000000
00000000
00000000
00000000
00000000
0000ABB2
00000000
00000000
00000000
00000000
00000000
00000000
00000000
0000ABB2
00000000
00000000
00000000
00000000
00000000
00000000
00000000
0000ABB2
00000000
00000000
00000000
00000000
00000000
00000000
00000000
0000ABB2
00000000
00000000
00000000
00000000
00000000
00000000
00000000
0000ABB2
00000000
00000000
00000000
00000000
00000000
00000000
00000000
0000ABB2
00000000
00000000
00000000
00000000
00000000
00000000
00000000
0000ABB2
00000000
00000000
00000000
00000000
00000000
00000000
00000000
0000ABB2
00000000
00000000
00000000
00000000
00000000
00000000
00000000
0000ABB2
00000000
00000000
00000000
00000000
00000000
00000000
00000000
0000ABB2
00000000
00000000
00000000
00000000
00000000
00000000
00000000
0000ABB2
00000000
00000000
00000000
00000000
00000000
00000000
00000000
0000ABB2
00000000
00000000
00000000
00000000
00000000
00000000
00000000
0000ABB2
00000000
00000000
00000000
00000000
00000000
00000000
00000000
0000ABB2
00000000
00000000
00000000
00000000
00000000
00000000
00000000
0000ABB2
00000000
00000000
00000000
00000000
00000000
00000000
00000000
0000ABB2
00000000
00000000
00000000
00000000
00000000
00000000
00000000
0000ABB2
00000000
00000000
00000000
00000000
00000000
00000000
00000000
0000ABB2
00000000
00000000
00000000
00000000
00000000
00000000
00000000
0000ABB2
00000000
00000000
00000000
00000000
00000000
00000000
00000000
0000ABB2
00000000
00000000
00000000
00000000
00000000
00000000
00000000
0000ABB2
00000000
00000000
00000000
00000000
00000000
00000000
00000000
0000ABB2
00000000
00000000
00000000
00000000
00000000
00000000
00000000
0000ABB2
00000000
00000000
00000000
00000000
00000000
00000000
00000000
0000ABB2
00000000
00000000
00000000
00000000
00000000
00000000
00000000
0000ABB2
00000000
00000000
00000000
00000000
00000000
00000000
00000000
0000ABB2
00000000
00000000
00000000
00000000
00000000
00000000
00000000
0000ABB2
00000000
00000000
00000000
00000000
00000000
00000000
00000000
0000ABB2
00000000
00000000
00000000
00000000
00000000
00000000
00000000
0000ABB2
00000000
00000000
00000000
00000000
00000000
00000000
00000000
0000ABB2
00000000
00000000
00000000
00000000
00000000
00000000
00000000
0000ABB2
00000000
00000000
00000000
00000000
00000000
00000000
00000000
0000ABB2
00000000
00000000
00000000
00000000
00000000
00000000
00000000
0000ABB2
00000000
00000000
00000000
00000000
00000000
00000000
00000000
0000ABB2
00000000
00000000
00000000
00000000
00000000
00000000
00000000
0000ABB2
00000000
00000000
00000000
00000000
00000000
00000000
00000000
0000ABB2
00000000
00000000
00000000
00000000
00000000
00000000
00000000
0000ABB2
00000000
00000000
00000000
00000000
00000000
00000000
00000000
0000ABB2
00000000
00000000
00000000
00000000
00000000
00000000
00000000
0000ABB2
00000000
00000000
00000000
00000000
00000000
00000000
00000000
0000ABB2
00000000
00000000
00000000
00000000
00000000
00000000
00000000
0000ABB2
00000000
00000000
00000000
00000000
00000000
00000000
00000000
0000ABB2
00000000
00000000
00000000
00000000
00000000
00000000
00000000
0000ABB2
00000000
00000000
00000000
00000000
00000000
00000000
00000000
0000ABB2
00000000
00000000
00000000
00000000
00000000
00000000
00000000
0000ABB2
00000000
00000000
00000000
00000000
00000000
00000000
00000000
0000ABB2
00000000
00000000
00000000
00000000
00000000
00000000
00000000
0000ABB2
00000000
00000000
00000000
00000000
00000000
00000000
00000000
0000ABB2
00000000
00000000
00000000
00000000
00000000
00000000
00000000
0000ABB2
00000000
00000000
00000000
00000000
00000000
00000000
00000000
0000ABB2
00000000
00000000
00000000
00000000
00000000
00000000
00000000
0000ABB2
00000000
00000000
00000000
00000000
00000000
00000000
00000000
0000ABB2
00000000
00000000
00000000
00000000
00000000
00000000
00000000
0000ABB2
00000000
00000000
00000000
00000000
00000000
00000000
00000000
0000ABB2
00000000
00000000
00000000
00000000
00000000
00000000
00000000
0000ABB2
00000000
00000000
00000000
00000000
00000000
00000000
00000000
0000ABB2
00000000
00000000
00000000
00000000
00000000
00000000
00000000
0000ABB2
00000000
00000000
00000000
00000000
00000000
00000000
00000000
0000ABB2
00000000
00000000
00000000
00000000
00000000
00000000
00000000
0000ABB2
00000000
00000000
00000000
00000000
00000000
00000000
00000000
0000ABB2
00000000
00000000
00000000
00000000
00000000
00000000
00000000
0000ABB2
00000000
00000000
00000000
00000000
00000000
00000000
00000000
0000ABB2
00000000
00000000
00000000
00000000
00000000
00000000
00000000
0000ABB2
00000000
00000000
00000000
00000000
00000000
00000000
00000000
0000ABB2
00000000
00000000
00000000
00000000
00000000
00000000
00000000
0000ABB2
00000000
00000000
00000000
00000000
00000000
00000000
00000000
0000ABB2
00000000
00000000
00000000
00000000
00000000
00000000
00000000
0000ABB2
00000000
00000000
00000000
00000000
00000000
00000000
00000000
0000ABB2
00000000
00000000
00000000
00000000
00000000
00000000
00000000
0000ABB2
00000000
00000000
00000000
00000000
00000000
00000000
00000000
0000ABB2
00000000
00000000
00000000
00000000
00000000
00000000
00000000
0000ABB2
00000000
00000000
00000000
00000000
00000000
00000000
00000000
0000ABB2
00000000
00000000
00000000
00000000
00000000
00000000
00000000
0000ABB2
00000000
00000000
00000000
00000000
00000000
00000000
00000000
0000ABB2
00000000
00000000
00000000
00000000
00000000
00000000
00000000
0000ABB2
00000000
00000000
00000000
00000000
00000000
00000000
00000000
0000ABB2
00000000
00000000
00000000
00000000
00000000
00000000
00000000
0000ABB2
00000000
00000000
00000000
00000000
00000000
00000000
00000000
0000ABB2
00000000
00000000
00000000
00000000
00000000
00000000
00000000
0000ABB2
00000000
00000000
00000000
00000000
00000000
00000000
00000000
0000ABB2
00000000
00000000
00000000
00000000
00000000
00000000
00000000
0000ABB2
00000000
00000000
00000000
00000000
00000000
00000000
00000000
0000ABB2
00000000
00000000
00000000
00000000
00000000
00000000
00000000
0000ABB2
00000000
00000000
00000000
00000000
00000000
00000000
00000000
0000ABB2
00000000
00000000
00000000
00000000
00000000
00000000
00000000
0000ABB2
00000000
00000000
00000000
00000000
00000000
00000000
00000000
0000ABB2
00000000
00000000
00000000
00000000
00000000
00000000
00000000
0000ABB2
00000000
00000000
00000000
00000000
00000000
00000000
00000000
0000ABB2
00000000
00000000
00000000
00000000
00000000
00000000
00000000
0000ABB2
00000000
00000000
00000000
00000000
00000000
00000000
00000000
0000ABB2
00000000
00000000
00000000
00000000
00000000
00000000
00000000
0000ABB2
00000000
00000000
00000000
00000000
00000000
00000000
00000000
0000ABB2
00000000
00000000
00000000
00000000
00000000
00000000
00000000
0000ABB2
00000000
00000000
00000000
00000000
00000000
00000000
00000000
0000ABB2
00000000
00000000
00000000
00000000
00000000
00000000
00000000
0000ABB2
00000000
00000000
00000000
00000000
00000000
00000000
00000000
0000ABB2
00000000
00000000
00000000
00000000
00000000
00000000
00000000
0000ABB2
00000000
00000000
00000000
00000000
00000000
00000000
00000000
0000ABB2
00000000
00000000
00000000
00000000
00000000
00000000
00000000
0000ABB2
00000000
00000000
00000000
00000000
00000000
00000000
00000000
0000ABB2
00000000
00000000
00000000
00000000
00000000
00000000
00000000
0000ABB2
00000000
00000000
00000000
00000000
00000000
00000000
00000000
0000ABB2
00000000
00000000
00000000
00000000
00000000
00000000
00000000
0000ABB2
00000000
00000000
00000000
00000000
00000000
00000000
00000000
0000ABB2
00000000
00000000
00000000
00000000
00000000
00000000
00000000
0000ABB2
00000000
00000000
00000000
00000000
00000000
00000000
00000000
0000ABB2
00000000
00000000
00000000
00000000
00000000
00000000
00000000
0000ABB2
00000000
00000000
00000000
00000000
00000000
00000000
00000000
0000ABB2
00000000
00000000
00000000
00000000
00000000
00000000
00000000
0000ABB2
00000000
00000000
00000000
00000000
00000000
00000000
00000000
0000ABB2
00000000
00000000
00000000
00000000
00000000
00000000
00000000
0000ABB2
00000000
00000000
00000000
00000000
00000000
00000000
00000000
0000ABB2
00000000
00000000
00000000
00000000
00000000
00000000
00000000
0000ABB2
00000000
00000000
00000000
00000000
00000000
00000000
00000000
0000ABB2
00000000
00000000
00000000
00000000
00000000
00000000
00000000
0000ABB2
00000000
00000000
00000000
00000000
00000000
00000000
00000000
0000ABB2
00000000
00000000
00000000
00000000
00000000
00000000
00000000
0000ABB2
00000000
00000000
00000000
00000000
00000000
00000000
00000000
0000ABB2
00000000
00000000
00000000
00000000
00000000
00000000
00000000
0000ABB2
00000000
00000000
00000000
00000000
00000000
00000000
00000000
0000ABB2
00000000
00000000
00000000
00000000
00000000
00000000
00000000
0000ABB2
00000000
00000000
00000000
00000000
00000000
00000000
00000000
0000ABB2
00000000
00000000
00000000
00000000
00000000
00000000
00000000
0000ABB2
00000000
00000000
00000000
00000000
00000000
00000000
00000000
0000ABB2
00000000
00000000
00000000
00000000
00000000
00000000
00000000
0000ABB2
00000000
00000000
00000000
00000000
00000000
00000000
00000000
0000ABB2
00000000
00000000
00000000
00000000
00000000
00000000
00000000
0000ABB2
00000000
00000000
00000000
00000000
00000000
00000000
00000000
0000ABB2
00000000
00000000
00000000
00000000
00000000
00000000
00000000
0000ABB2
00000000
00000000
00000000
00000000
00000000
00000000
00000000
0000ABB2
00000000
00000000
00000000
00000000
00000000
00000000
00000000
0000ABB2
00000000
00000000
00000000
00000000
00000000
00000000
00000000
0000ABB2
00000000
00000000
00000000
00000000
00000000
00000000
00000000
0000ABB2
00000000
00000000
00000000
00000000
00000000
00000000
00000000
0000ABB2
00000000
00000000
00000000
00000000
00000000
00000000
00000000
0000ABB2
00000000
00000000
00000000
00000000
00000000
00000000
00000000
0000ABB2
00000000
00000000
00000000
00000000
00000000
00000000
00000000
0000ABB2
00000000
00000000
00000000
00000000
00000000
00000000
00000000
0000ABB2
00000000
00000000
00000000
00000000
00000000
00000000
00000000
0000ABB2
00000000
00000000
00000000
00000000
00000000
00000000
00000000
0000ABB2
00000000
00000000
00000000
00000000
00000000
00000000
00000000
0000ABB2
00000000
00000000
00000000
00000000
00000000
00000000
00000000
0000ABB2
00000000
00000000
00000000
00000000
00000000
00000000
00000000
0000ABB2
00000000
00000000
00000000
00000000
00000000
00000000
00000000
0000ABB2
00000000
00000000
00000000
00000000
00000000
00000000
00000000
0000ABB2
00000000
00000000
00000000
00000000
00000000
00000000
00000000
0000ABB2
00000000
00000000
00000000
00000000
00000000
00000000
00000000
0000ABB2
00000000
00000000
00000000
00000000
00000000
00000000
00000000
0000ABB2
00000000
00000000
00000000
00000000
00000000
00000000
00000000
0000ABB2
00000000
00000000
00000000
00000000
00000000
00000000
00000000
0000ABB2
00000000
00000000
00000000
00000000
00000000
00000000
00000000
0000ABB2
00000000
00000000
00000000
00000000
00000000
00000000
00000000
0000ABB2
00000000
00000000
00000000
00000000
00000000
00000000
00000000
0000ABB2
00000000
00000000
00000000
00000000
00000000
00000000
00000000
0000ABB2
00000000
00000000
00000000
00000000
00000000
00000000
00000000
0000ABB2
00000000
00000000
00000000
00000000
00000000
00000000
00000000
0000ABB2
00000000
00000000
00000000
00000000
00000000
00000000
00000000
0000ABB2
00000000
00000000
00000000
00000000
00000000
00000000
00000000
0000ABB2
00000000
00000000
00000000
00000000
00000000
00000000
00000000
0000ABB2
00000000
00000000
00000000
00000000
00000000
00000000
00000000
0000ABB2
00000000
00000000
00000000
00000000
00000000
00000000
00000000
0000ABB2
00000000
00000000
00000000
00000000
00000000
00000000
00000000
0000ABB2
00000000
00000000
00000000
00000000
00000000
00000000
00000000
0000ABB2
00000000
00000000
00000000
00000000
00000000
00000000
00000000
0000ABB2
00000000
00000000
00000000
00000000
00000000
00000000
00000000
0000ABB2
00000000
00000000
00000000
00000000
00000000
00000000
00000000
0000ABB2
00000000
00000000
00000000
00000000
00000000
00000000
00000000
0000ABB2
00000000
00000000
00000000
00000000
00000000
00000000
00000000
0000ABB2
00000000
00000000
00000000
00000000
00000000
00000000
00000000
0000ABB2
00000000
00000000
00000000
00000000
00000000
00000000
00000000
0000ABB2
00000000
00000000
00000000
00000000
00000000
00000000
00000000
0000ABB2
00000000
00000000
00000000
00000000
00000000
00000000
00000000
0000ABB2
00000000
00000000
00000000
00000000
00000000
00000000
00000000
0000ABB2
00000000
00000000
00000000
00000000
00000000
00000000
00000000
0000ABB2
00000000
00000000
00000000
00000000
00000000
00000000
00000000
0000ABB2
00000000
00000000
00000000
00000000
00000000
00000000
00000000
0000ABB2
00000000
00000000
00000000
00000000
00000000
00000000
00000000
0000ABB2
00000000
00000000
00000000
00000000
00000000
00000000
00000000
0000ABB2
00000000
00000000
00000000
00000000
00000000
00000000
00000000
0000ABB2
00000000
00000000
00000000
00000000
00000000
00000000
00000000
0000ABB2
00000000
00000000
00000000
00000000
00000000
00000000
00000000
0000ABB2
00000000
00000000
00000000
00000000
00000000
00000000
00000000
0000ABB2
00000000
00000000
00000000
00000000
00000000
00000000
00000000
0000ABB2
00000000
00000000
00000000
00000000
00000000
00000000
00000000
0000ABB2
00000000
00000000
00000000
00000000
00000000
00000000
00000000
0000ABB2
00000000
00000000
00000000
00000000
00000000
00000000
00000000
0000ABB2
00000000
00000000
00000000
00000000
00000000
00000000
00000000
0000ABB2
00000000
00000000
00000000
00000000
00000000
00000000
00000000
0000ABB2
00000000
00000000
00000000
00000000
00000000
00000000
00000000
0000ABB2
00000000
00000000
00000000
00000000
00000000
00000000
00000000
0000ABB2
00000000
00000000
00000000
00000000
00000000
00000000
00000000
0000ABB2
00000000
00000000
00000000
00000000
00000000
00000000
00000000
0000ABB2
00000000
00000000
00000000
00000000
00000000
00000000
00000000
0000ABB2
00000000
00000000
00000000
00000000
00000000
00000000
00000000
0000ABB2
00000000
00000000
00000000
00000000
00000000
00000000
00000000
0000ABB2
00000000
00000000
00000000
00000000
00000000
00000000
00000000
0000ABB2
00000000
00000000
00000000
00000000
00000000
00000000
00000000
0000ABB2
00000000
00000000
00000000
00000000
00000000
00000000
00000000
0000ABB2
00000000
00000000
00000000
00000000
00000000
00000000
00000000
0000ABB2
00000000
00000000
00000000
00000000
00000000
00000000
00000000
0000ABB2
00000000
00000000
00000000
00000000
00000000
00000000
00000000
0000ABB2
00000000
00000000
00000000
00000000
00000000
00000000
00000000
0000ABB2
00000000
00000000
00000000
00000000
00000000
00000000
00000000
0000ABB2
00000000
00000000
00000000
00000000
00000000
00000000
00000000
0000ABB2
00000000
00000000
00000000
00000000
00000000
00000000
00000000
0000ABB2
00000000
00000000
00000000
00000000
00000000
00000000
00000000
0000ABB2
00000000
00000000
00000000
00000000
00000000
00000000
00000000
0000ABB2
00000000
00000000
00000000
00000000
00000000
00000000
00000000
0000ABB2
00000000
00000000
00000000
00000000
00000000
00000000
00000000
0000ABB2
00000000
00000000
00000000
00000000
00000000
00000000
00000000
0000ABB2
00000000
00000000
00000000
00000000
00000000
00000000
00000000
0000ABB2
00000000
00000000
00000000
00000000
00000000
00000000
00000000
0000ABB2
00000000
00000000
00000000
00000000
00000000
00000000
00000000
0000ABB2
00000000
00000000
00000000
00000000
00000000
00000000
00000000
0000ABB2
00000000
00000000
00000000
00000000
00000000
00000000
00000000
0000ABB2
00000000
00000000
00000000
00000000
00000000
00000000
00000000
0000ABB2
00000000
00000000
00000000
00000000
00000000
00000000
00000000
0000ABB2
00000000
00000000
00000000
00000000
00000000
00000000
00000000
0000ABB2
00000000
00000000
00000000
00000000
00000000
00000000
00000000
0000ABB2
00000000
00000000
00000000
00000000
00000000
00000000
00000000
0000ABB2
00000000
00000000
00000000
00000000
00000000
00000000
00000000
0000ABB2
00000000
00000000
00000000
00000000
00000000
00000000
00000000
0000ABB2
00000000
00000000
00000000
00000000
00000000
00000000
00000000
0000ABB2
00000000
00000000
00000000
00000000
00000000
00000000
00000000
0000ABB2
00000000
00000000
00000000
00000000
00000000
00000000
00000000
0000ABB2
00000000
00000000
00000000
00000000
00000000
00000000
00000000
0000ABB2
00000000
00000000
00000000
00000000
00000000
00000000
00000000
0000ABB2
00000000
00000000
00000000
00000000
00000000
00000000
00000000
0000ABB2
00000000
00000000
00000000
00000000
00000000
00000000
00000000
0000ABB2
00000000
00000000
00000000
00000000
00000000
00000000
00000000
0000ABB2
00000000
00000000
00000000
00000000
00000000
00000000
00000000
0000ABB2
00000000
00000000
00000000
00000000
00000000
00000000
00000000
0000ABB2
00000000
00000000
00000000
00000000
00000000
00000000
00000000
0000ABB2
00000000
00000000
00000000
00000000
00000000
00000000
00000000
0000ABB2
00000000
00000000
00000000
00000000
00000000
00000000
00000000
0000ABB2
00000000
00000000
00000000
00000000
00000000
00000000
00000000
0000ABB2
00000000
00000000
00000000
00000000
00000000
00000000
00000000
0000ABB2
00000000
00000000
00000000
00000000
00000000
00000000
00000000
0000ABB2
00000000
00000000
00000000
00000000
00000000
00000000
00000000
0000ABB2
00000000
00000000
00000000
00000000
00000000
00000000
00000000
0000ABB2
00000000
00000000
00000000
00000000
00000000
00000000
00000000
0000ABB2
00000000
00000000
00000000
00000000
00000000
00000000
00000000
0000ABB2
00000000
00000000
00000000
00000000
00000000
00000000
00000000
0000ABB2
00000000
00000000
00000000
00000000
00000000
00000000
00000000
0000ABB2
00000000
00000000
00000000
00000000
00000000
00000000
00000000
0000ABB2
00000000
00000000
00000000
00000000
00000000
00000000
00000000
0000ABB2
00000000
00000000
00000000
00000000
00000000
00000000
00000000
0000ABB2
00000000
00000000
00000000
00000000
00000000
00000000
00000000
0000ABB2
00000000
00000000
00000000
00000000
00000000
00000000
00000000
0000ABB2
00000000
00000000
00000000
00000000
00000000
00000000
00000000
0000ABB2
00000000
00000000
00000000
00000000
00000000
00000000
00000000
0000ABB2
00000000
00000000
00000000
00000000
00000000
00000000
00000000
0000ABB2
00000000
00000000
00000000
00000000
00000000
00000000
00000000
0000ABB2
00000000
00000000
00000000
00000000
00000000
00000000
00000000
0000ABB2
00000000
00000000
00000000
00000000
00000000
00000000
00000000
0000ABB2
00000000
00000000
00000000
00000000
00000000
00000000
00000000
0000ABB2
00000000
00000000
00000000
00000000
00000000
00000000
00000000
0000ABB2
00000000
00000000
00000000
00000000
00000000
00000000
00000000
0000ABB2
00000000
00000000
00000000
00000000
00000000
00000000
00000000
0000ABB2
00000000
00000000
00000000
00000000
00000000
00000000
00000000
0000ABB2
00000000
00000000
00000000
00000000
00000000
00000000
00000000
0000ABB2
00000000
00000000
00000000
00000000
00000000
00000000
00000000
0000ABB2
00000000
00000000
00000000
00000000
00000000
00000000
00000000
0000ABB2
00000000
00000000
00000000
00000000
00000000
00000000
00000000
0000ABB2
00000000
00000000
00000000
00000000
00000000
00000000
00000000
0000ABB2
00000000
00000000
00000000
00000000
00000000
00000000
00000000
0000ABB2
00000000
00000000
00000000
00000000
00000000
00000000
00000000
0000ABB2
00000000
00000000
00000000
00000000
00000000
00000000
00000000
0000ABB2
00000000
00000000
00000000
00000000
00000000
00000000
00000000
0000ABB2
00000000
00000000
00000000
00000000
00000000
00000000
00000000
0000ABB2
00000000
00000000
00000000
00000000
00000000
00000000
00000000
0000ABB2
00000000
00000000
00000000
00000000
00000000
00000000
00000000
0000ABB2
00000000
00000000
00000000
00000000
00000000
00000000
00000000
0000ABB2
00000000
00000000
00000000
00000000
00000000
00000000
00000000
0000ABB2
00000000
00000000
00000000
00000000
00000000
00000000
00000000
0000ABB2
00000000
00000000
00000000
00000000
00000000
00000000
00000000
0000ABB2
00000000
00000000
00000000
00000000
00000000
00000000
00000000
0000ABB2
00000000
00000000
00000000
00000000
00000000
00000000
00000000
0000ABB2
00000000
00000000
00000000
00000000
00000000
00000000
00000000
0000ABB2
00000000
00000000
00000000
00000000
00000000
00000000
00000000
0000ABB2
00000000
00000000
00000000
00000000
00000000
00000000
00000000
0000ABB2
00000000
00000000
00000000
00000000
00000000
00000000
00000000
0000ABB2
00000000
00000000
00000000
00000000
00000000
00000000
00000000
0000ABB2
00000000
00000000
00000000
00000000
00000000
00000000
00000000
0000ABB2
00000000
00000000
00000000
00000000
00000000
00000000
00000000
0000ABB2
00000000
00000000
00000000
00000000
00000000
00000000
00000000
0000ABB2
00000000
00000000
00000000
00000000
00000000
00000000
00000000
0000ABB2
00000000
00000000
00000000
00000000
00000000
00000000
00000000
0000ABB2
00000000
00000000
00000000
00000000
00000000
00000000
00000000
0000ABB2
00000000
00000000
00000000
00000000
00000000
00000000
00000000
0000ABB2
00000000
00000000
00000000
00000000
00000000
00000000
00000000
0000ABB2
00000000
00000000
00000000
00000000
00000000
00000000
00000000
0000ABB2
00000000
00000000
00000000
00000000
00000000
00000000
00000000
0000ABB2
00000000
00000000
00000000
00000000
00000000
00000000
00000000
0000ABB2
00000000
00000000
00000000
00000000
00000000
00000000
00000000
0000ABB2
00000000
00000000
00000000
00000000
00000000
00000000
00000000
0000ABB2
00000000
00000000
00000000
00000000
00000000
00000000
00000000
0000ABB2
00000000
00000000
00000000
00000000
00000000
00000000
00000000
0000ABB2
00000000
00000000
00000000
00000000
00000000
00000000
00000000
0000ABB2
00000000
00000000
00000000
00000000
00000000
00000000
00000000
0000ABB2
00000000
00000000
00000000
00000000
00000000
00000000
00000000
0000ABB2
00000000
00000000
00000000
00000000
00000000
00000000
00000000
0000ABB2
00000000
00000000
00000000
00000000
00000000
00000000
00000000
0000ABB2
00000000
00000000
00000000
00000000
00000000
00000000
00000000
0000ABB2
00000000
00000000
00000000
00000000
00000000
00000000
00000000
0000ABB2
00000000
00000000
00000000
00000000
00000000
00000000
00000000
0000ABB2
00000000
00000000
00000000
00000000
00000000
00000000
00000000
0000ABB2
00000000
00000000
00000000
00000000
00000000
00000000
00000000
0000ABB2
00000000
00000000
00000000
00000000
00000000
00000000
00000000
0000ABB2
00000000
00000000
00000000
00000000
00000000
00000000
00000000
0000ABB2
00000000
00000000
00000000
00000000
00000000
00000000
00000000
0000ABB2
00000000
00000000
00000000
00000000
00000000
00000000
00000000
0000ABB2
00000000
00000000
00000000
00000000
00000000
00000000
00000000
0000ABB2
00000000
00000000
00000000
00000000
00000000
00000000
00000000
0000ABB2
00000000
00000000
00000000
00000000
00000000
00000000
00000000
0000ABB2
00000000
00000000
00000000
00000000
00000000
00000000
00000000
0000ABB2
00000000
00000000
00000000
00000000
00000000
00000000
00000000
0000ABB2
00000000
00000000
00000000
00000000
00000000
00000000
00000000
0000ABB2
00000000
00000000
00000000
00000000
00000000
00000000
00000000
0000ABB2
00000000
00000000
00000000
00000000
00000000
00000000
00000000
0000ABB2
00000000
00000000
00000000
00000000
00000000
00000000
00000000
0000ABB2
00000000
00000000
00000000
00000000
00000000
00000000
00000000
0000ABB2
00000000
00000000
00000000
00000000
00000000
00000000
00000000
0000ABB2
00000000
00000000
00000000
00000000
00000000
00000000
00000000
0000ABB2
00000000
00000000
00000000
00000000
00000000
00000000
00000000
0000ABB2
00000000
00000000
00000000
00000000
00000000
00000000
00000000
0000ABB2
00000000
00000000
00000000
00000000
00000000
00000000
00000000
0000ABB2
00000000
00000000
00000000
00000000
00000000
00000000
00000000
0000ABB2
00000000
00000000
00000000
00000000
00000000
00000000
00000000
0000ABB2
00000000
00000000
00000000
00000000
00000000
00000000
00000000
0000ABB2
00000000
00000000
00000000
00000000
00000000
00000000
00000000
0000ABB2
00000000
00000000
00000000
00000000
00000000
00000000
00000000
0000ABB2
00000000
00000000
00000000
00000000
00000000
00000000
00000000
0000ABB2
00000000
00000000
00000000
00000000
00000000
00000000
00000000
0000ABB2
00000000
00000000
00000000
00000000
00000000
00000000
00000000
0000ABB2
00000000
00000000
00000000
00000000
00000000
00000000
00000000
0000ABB2
00000000
00000000
00000000
00000000
00000000
00000000
00000000
0000ABB2
00000000
00000000
00000000
00000000
00000000
00000000
00000000
0000ABB2
00000000
00000000
00000000
00000000
00000000
00000000
00000000
0000ABB2
00000000
00000000
00000000
00000000
00000000
00000000
00000000
0000ABB2
00000000
00000000
00000000
00000000
00000000
00000000
00000000
0000ABB2
00000000
00000000
00000000
00000000
00000000
00000000
00000000
0000ABB2
00000000
00000000
00000000
00000000
00000000
00000000
00000000
0000ABB2
00000000
00000000
00000000
00000000
00000000
00000000
00000000
0000ABB2
00000000
00000000
00000000
00000000
00000000
00000000
00000000
0000ABB2
00000000
00000000
00000000
00000000
00000000
00000000
00000000
0000ABB2
00000000
00000000
00000000
00000000
00000000
00000000
00000000
0000ABB2
00000000
00000000
00000000
00000000
00000000
00000000
00000000
0000ABB2
00000000
00000000
00000000
00000000
00000000
00000000
00000000
0000ABB2
00000000
00000000
00000000
00000000
00000000
00000000
00000000
0000ABB2
00000000
00000000
00000000
00000000
00000000
00000000
00000000
0000ABB2
00000000
00000000
00000000
00000000
00000000
00000000
00000000
0000ABB2
00000000
00000000
00000000
00000000
00000000
00000000
00000000
0000ABB2
00000000
00000000
00000000
00000000
00000000
00000000
00000000
0000ABB2
00000000
00000000
00000000
00000000
00000000
00000000
00000000
0000ABB2
00000000
00000000
00000000
00000000
00000000
00000000
00000000
0000ABB2
00000000
00000000
00000000
00000000
00000000
00000000
00000000
0000ABB2
00000000
00000000
00000000
00000000
00000000
00000000
00000000
0000ABB2
00000000
00000000
00000000
00000000
00000000
00000000
00000000
0000ABB2
00000000
00000000
00000000
00000000
00000000
00000000
00000000
0000ABB2
00000000
00000000
00000000
00000000
00000000
00000000
00000000
0000ABB2
00000000
00000000
00000000
00000000
00000000
00000000
00000000
0000ABB2
00000000
00000000
00000000
00000000
00000000
00000000
00000000
0000ABB2
00000000
00000000
00000000
00000000
00000000
00000000
00000000
0000ABB2
00000000
00000000
00000000
00000000
00000000
00000000
00000000
0000ABB2
00000000
00000000
00000000
00000000
00000000
00000000
00000000
0000ABB2
00000000
00000000
00000000
00000000
00000000
00000000
00000000
0000ABB2
00000000
00000000
00000000
00000000
00000000
00000000
00000000
0000ABB2
00000000
00000000
00000000
00000000
00000000
00000000
00000000
0000ABB2
00000000
00000000
00000000
00000000
00000000
00000000
00000000
0000ABB2
00000000
00000000
00000000
00000000
00000000
00000000
00000000
0000ABB2
00000000
00000000
00000000
00000000
00000000
00000000
00000000
0000ABB2
00000000
00000000
00000000
00000000
00000000
00000000
00000000
0000ABB2
00000000
00000000
00000000
00000000
00000000
00000000
00000000
0000ABB2
00000000
00000000
00000000
00000000
00000000
00000000
00000000
0000ABB2
00000000
00000000
00000000
00000000
00000000
00000000
00000000
0000ABB2
00000000
00000000
00000000
00000000
00000000
00000000
00000000
0000ABB2
00000000
00000000
00000000
00000000
00000000
00000000
00000000
0000ABB2
00000000
00000000
00000000
00000000
00000000
00000000
00000000
0000ABB2
00000000
00000000
00000000
00000000
00000000
00000000
00000000
0000ABB2
00000000
00000000
00000000
00000000
00000000
00000000
00000000
0000ABB2
00000000
00000000
00000000
00000000
00000000
00000000
00000000
0000ABB2
00000000
00000000
00000000
00000000
00000000
00000000
00000000
0000ABB2
00000000
00000000
00000000
00000000
00000000
00000000
00000000
0000ABB2
00000000
00000000
00000000
00000000
00000000
00000000
00000000
0000ABB2
00000000
00000000
00000000
00000000
00000000
00000000
00000000
0000ABB2
00000000
00000000
00000000
00000000
00000000
00000000
00000000
0000ABB2
00000000
00000000
00000000
00000000
00000000
00000000
00000000
0000ABB2
00000000
00000000
00000000
00000000
00000000
00000000
00000000
0000ABB2
00000000
00000000
00000000
00000000
00000000
00000000
00000000
0000ABB2
00000000
00000000
00000000
00000000
00000000
00000000
00000000
0000ABB2
00000000
00000000
00000000
00000000
00000000
00000000
00000000
0000ABB2
00000000
00000000
00000000
00000000
00000000
00000000
00000000
0000ABB2
00000000
00000000
00000000
00000000
00000000
00000000
00000000
0000ABB2
00000000
00000000
00000000
00000000
00000000
00000000
00000000
0000ABB2
00000000
00000000
00000000
00000000
00000000
00000000
00000000
0000ABB2
00000000
00000000
00000000
00000000
00000000
00000000
00000000
0000ABB2
00000000
00000000
00000000
00000000
00000000
00000000
00000000
0000ABB2
00000000
00000000
00000000
00000000
00000000
00000000
00000000
0000ABB2
00000000
00000000
00000000
00000000
00000000
00000000
00000000
0000ABB2
00000000
00000000
00000000
00000000
00000000
00000000
00000000
0000ABB2
00000000
00000000
00000000
00000000
00000000
00000000
00000000
0000ABB2
00000000
00000000
00000000
00000000
00000000
00000000
00000000
0000ABB2
00000000
00000000
00000000
00000000
00000000
00000000
00000000
0000ABB2
00000000
00000000
00000000
00000000
00000000
00000000
00000000
0000ABB2
00000000
00000000
00000000
00000000
00000000
00000000
00000000
0000ABB2
00000000
00000000
00000000
00000000
00000000
00000000
00000000
0000ABB2
00000000
00000000
00000000
00000000
00000000
00000000
00000000
0000ABB2
00000000
00000000
00000000
00000000
00000000
00000000
00000000
0000ABB2
00000000
00000000
00000000
00000000
00000000
00000000
00000000
0000ABB2
00000000
00000000
00000000
00000000
00000000
00000000
00000000
0000ABB2
00000000
00000000
00000000
00000000
00000000
00000000
00000000
0000ABB2
00000000
00000000
00000000
00000000
00000000
00000000
00000000
0000ABB2
00000000
00000000
00000000
00000000
00000000
00000000
00000000
0000ABB2
00000000
00000000
00000000
00000000
00000000
00000000
00000000
0000ABB2
00000000
00000000
00000000
00000000
00000000
00000000
00000000
0000ABB2
00000000
00000000
00000000
00000000
00000000
00000000
00000000
0000ABB2
00000000
00000000
00000000
00000000
00000000
00000000
00000000
0000ABB2
00000000
00000000
00000000
00000000
00000000
00000000
00000000
0000ABB2
00000000
00000000
00000000
00000000
00000000
00000000
00000000
0000ABB2
00000000
00000000
00000000
00000000
00000000
00000000
00000000
0000ABB2
00000000
00000000
00000000
00000000
00000000
00000000
00000000
0000ABB2
00000000
00000000
00000000
00000000
00000000
00000000
00000000
0000ABB2
00000000
00000000
00000000
00000000
00000000
00000000
00000000
0000ABB2
00000000
00000000
00000000
00000000
00000000
00000000
00000000
0000ABB2
00000000
00000000
00000000
00000000
00000000
00000000
00000000
0000ABB2
00000000
00000000
00000000
00000000
00000000
00000000
00000000
0000ABB2
00000000
00000000
00000000
00000000
00000000
00000000
00000000
0000ABB2
00000000
00000000
00000000
00000000
00000000
00000000
00000000
0000ABB2
00000000
00000000
00000000
00000000
00000000
00000000
00000000
0000ABB2
00000000
00000000
00000000
00000000
00000000
00000000
00000000
0000ABB2
00000000
00000000
00000000
00000000
00000000
00000000
00000000
0000ABB2
00000000
00000000
00000000
00000000
00000000
00000000
00000000
0000ABB2
00000000
00000000
00000000
00000000
00000000
00000000
00000000
0000ABB2
00000000
00000000
00000000
00000000
00000000
00000000
00000000
0000ABB2
00000000
00000000
00000000
00000000
00000000
00000000
00000000
0000ABB2
00000000
00000000
00000000
00000000
00000000
00000000
00000000
0000ABB2
00000000
00000000
00000000
00000000
00000000
00000000
00000000
0000ABB2
00000000
00000000
00000000
00000000
00000000
00000000
00000000
0000ABB2
00000000
00000000
00000000
00000000
00000000
00000000
00000000
0000ABB2
00000000
00000000
00000000
00000000
00000000
00000000
00000000
0000ABB2
00000000
00000000
00000000
00000000
00000000
00000000
00000000
0000ABB2
00000000
00000000
00000000
00000000
00000000
00000000
00000000
0000ABB2
00000000
00000000
00000000
00000000
00000000
00000000
00000000
0000ABB2
00000000
00000000
00000000
00000000
00000000
00000000
00000000
0000ABB2
00000000
00000000
00000000
00000000
00000000
00000000
00000000
0000ABB2
00000000
00000000
00000000
00000000
00000000
00000000
00000000
0000ABB2
00000000
00000000
00000000
00000000
00000000
00000000
00000000
0000ABB2
00000000
00000000
00000000
00000000
00000000
00000000
00000000
0000ABB2
00000000
00000000
00000000
00000000
00000000
00000000
00000000
0000ABB2
00000000
00000000
00000000
00000000
00000000
00000000
00000000
0000ABB2
00000000
00000000
00000000
00000000
00000000
00000000
00000000
0000ABB2
00000000
00000000
00000000
00000000
00000000
00000000
00000000
0000ABB2
00000000
00000000
00000000
00000000
00000000
00000000
00000000
0000ABB2
00000000
00000000
00000000
00000000
00000000
00000000
00000000
0000ABB2
00000000
00000000
00000000
00000000
00000000
00000000
00000000
0000ABB2
00000000
00000000
00000000
00000000
00000000
00000000
00000000
0000ABB2
00000000
00000000
00000000
00000000
00000000
00000000
00000000
0000ABB2
00000000
00000000
00000000
00000000
00000000
00000000
00000000
0000ABB2
00000000
00000000
00000000
00000000
00000000
00000000
00000000
0000ABB2
00000000
00000000
00000000
00000000
00000000
00000000
00000000
0000ABB2
00000000
00000000
00000000
00000000
00000000
00000000
00000000
0000ABB2
00000000
00000000
00000000
00000000
00000000
00000000
00000000
0000ABB2
00000000
00000000
00000000
00000000
00000000
00000000
00000000
0000ABB2
00000000
00000000
00000000
00000000
00000000
00000000
00000000
0000ABB2
00000000
00000000
00000000
00000000
00000000
00000000
00000000
0000ABB2
00000000
00000000
00000000
00000000
00000000
00000000
00000000
0000ABB2
00000000
00000000
00000000
00000000
00000000
00000000
00000000
0000ABB2
00000000
00000000
00000000
00000000
00000000
00000000
00000000
0000ABB2
00000000
00000000
00000000
00000000
00000000
00000000
00000000
0000ABB2
00000000
00000000
00000000
00000000
00000000
00000000
00000000
0000ABB2
00000000
00000000
00000000
00000000
00000000
00000000
00000000
0000ABB2
00000000
00000000
00000000
00000000
00000000
00000000
00000000
0000ABB2
00000000
00000000
00000000
00000000
00000000
00000000
00000000
0000ABB2
00000000
00000000
00000000
00000000
00000000
00000000
00000000
0000ABB2
00000000
00000000
00000000
00000000
00000000
00000000
00000000
0000ABB2
00000000
00000000
00000000
00000000
00000000
00000000
00000000
0000ABB2
00000000
00000000
00000000
00000000
00000000
00000000
00000000
0000ABB2
00000000
00000000
00000000
00000000
00000000
00000000
00000000
0000ABB2
00000000
00000000
00000000
00000000
00000000
00000000
00000000
0000ABB2
00000000
00000000
00000000
00000000
00000000
00000000
00000000
0000ABB2
00000000
00000000
00000000
00000000
00000000
00000000
00000000
0000ABB2
00000000
00000000
00000000
00000000
00000000
00000000
00000000
0000ABB2
00000000
00000000
00000000
00000000
00000000
00000000
00000000
0000ABB2
00000000
00000000
00000000
00000000
00000000
00000000
00000000
0000ABB2
00000000
00000000
00000000
00000000
00000000
00000000
00000000
0000ABB2
00000000
00000000
00000000
00000000
00000000
00000000
00000000
0000ABB2
00000000
00000000
00000000
00000000
00000000
00000000
00000000
0000ABB2
00000000
00000000
00000000
00000000
00000000
00000000
00000000
0000ABB2
00000000
00000000
00000000
00000000
00000000
00000000
00000000
0000ABB2
00000000
00000000
00000000
00000000
00000000
00000000
00000000
0000ABB2
00000000
00000000
00000000
00000000
00000000
00000000
00000000
0000ABB2
00000000
00000000
00000000
00000000
00000000
00000000
00000000
0000ABB2
00000000
00000000
00000000
00000000
00000000
00000000
00000000
0000ABB2
00000000
00000000
00000000
00000000
00000000
00000000
00000000
0000ABB2
00000000
00000000
00000000
00000000
00000000
00000000
00000000
0000ABB2
00000000
00000000
00000000
00000000
00000000
00000000
00000000
0000ABB2
00000000
00000000
00000000
00000000
00000000
00000000
00000000
0000ABB2
00000000
00000000
00000000
00000000
00000000
00000000
00000000
0000ABB2
00000000
00000000
00000000
00000000
00000000
00000000
00000000
0000ABB2
00000000
00000000
00000000
00000000
00000000
00000000
00000000
0000ABB2
00000000
00000000
00000000
00000000
00000000
00000000
00000000
0000ABB2
00000000
00000000
00000000
00000000
00000000
00000000
00000000
0000ABB2
00000000
00000000
00000000
00000000
00000000
00000000
00000000
0000ABB2
00000000
00000000
00000000
00000000
00000000
00000000
00000000
0000ABB2
00000000
00000000
00000000
00000000
00000000
00000000
00000000
0000ABB2
00000000
00000000
00000000
00000000
00000000
00000000
00000000
0000ABB2
00000000
00000000
00000000
00000000
00000000
00000000
00000000
0000ABB2
00000000
00000000
00000000
00000000
00000000
00000000
00000000
0000ABB2
00000000
00000000
00000000
00000000
00000000
00000000
00000000
0000ABB2
00000000
00000000
00000000
00000000
00000000
00000000
00000000
0000ABB2
00000000
00000000
00000000
00000000
00000000
00000000
00000000
0000ABB2
00000000
00000000
00000000
00000000
00000000
00000000
00000000
0000ABB2
00000000
00000000
00000000
00000000
00000000
00000000
00000000
0000ABB2
00000000
00000000
00000000
00000000
00000000
00000000
00000000
0000ABB2
00000000
00000000
00000000
00000000
00000000
00000000
00000000
0000ABB2
00000000
00000000
00000000
00000000
00000000
00000000
00000000
0000ABB2
00000000
00000000
00000000
00000000
00000000
00000000
00000000
0000ABB2
00000000
00000000
00000000
00000000
00000000
00000000
00000000
0000ABB2
00000000
00000000
00000000
00000000
00000000
00000000
00000000
0000ABB2
00000000
00000000
00000000
00000000
00000000
00000000
00000000
0000ABB2
00000000
00000000
00000000
00000000
00000000
00000000
00000000
0000ABB2
00000000
00000000
00000000
00000000
00000000
00000000
00000000
0000ABB2
00000000
00000000
00000000
00000000
00000000
00000000
00000000
0000ABB2
00000000
00000000
00000000
00000000
00000000
00000000
00000000
0000ABB2
00000000
00000000
00000000
00000000
00000000
00000000
00000000
0000ABB2
00000000
00000000
00000000
00000000
00000000
00000000
00000000
0000ABB2
00000000
00000000
00000000
00000000
00000000
00000000
00000000
0000ABB2
00000000
00000000
00000000
00000000
00000000
00000000
00000000
0000ABB2
00000000
00000000
00000000
00000000
00000000
00000000
00000000
0000ABB2
00000000
00000000
00000000
00000000
00000000
00000000
00000000
0000ABB2
00000000
00000000
00000000
00000000
00000000
00000000
00000000
0000ABB2
00000000
00000000
00000000
00000000
00000000
00000000
00000000
0000ABB2
00000000
00000000
00000000
00000000
00000000
00000000
00000000
0000ABB2
00000000
00000000
00000000
00000000
00000000
00000000
00000000
0000ABB2
00000000
00000000
00000000
00000000
00000000
00000000
00000000
0000ABB2
00000000
00000000
00000000
00000000
00000000
00000000
00000000
0000ABB2
00000000
00000000
00000000
00000000
00000000
00000000
00000000
0000ABB2
00000000
00000000
00000000
00000000
00000000
00000000
00000000
0000ABB2
00000000
00000000
00000000
00000000
00000000
00000000
00000000
0000ABB2
00000000
00000000
00000000
00000000
00000000
00000000
00000000
0000ABB2
00000000
00000000
00000000
00000000
00000000
00000000
00000000
0000ABB2
00000000
00000000
00000000
00000000
00000000
00000000
00000000
0000ABB2
00000000
00000000
00000000
00000000
00000000
00000000
00000000
0000ABB2
00000000
00000000
00000000
00000000
00000000
00000000
00000000
0000ABB2
00000000
00000000
00000000
00000000
00000000
00000000
00000000
0000ABB2
00000000
00000000
00000000
00000000
00000000
00000000
00000000
0000ABB2
00000000
00000000
00000000
00000000
00000000
00000000
00000000
0000ABB2
00000000
00000000
00000000
00000000
00000000
00000000
00000000
0000ABB2
00000000
00000000
00000000
00000000
00000000
00000000
00000000
0000ABB2
00000000
00000000
00000000
00000000
00000000
00000000
00000000
0000ABB2
00000000
00000000
00000000
00000000
00000000
00000000
00000000
0000ABB2
00000000
00000000
00000000
00000000
00000000
00000000
00000000
0000ABB2
00000000
00000000
00000000
00000000
00000000
00000000
00000000
0000ABB2
00000000
00000000
00000000
00000000
00000000
00000000
00000000
0000ABB2
00000000
00000000
00000000
00000000
00000000
00000000
00000000
0000ABB2
00000000
00000000
00000000
00000000
00000000
00000000
00000000
0000ABB2
00000000
00000000
00000000
00000000
00000000
00000000
00000000
0000ABB2
00000000
00000000
00000000
00000000
00000000
00000000
00000000
0000ABB2
00000000
00000000
00000000
00000000
00000000
00000000
00000000
0000ABB2
00000000
00000000
00000000
00000000
00000000
00000000
00000000
0000ABB2
00000000
00000000
00000000
00000000
00000000
00000000
00000000
0000ABB2
00000000
00000000
00000000
00000000
00000000
00000000
00000000
0000ABB2
00000000
00000000
00000000
00000000
00000000
00000000
00000000
0000ABB2
00000000
00000000
00000000
00000000
00000000
00000000
00000000
0000ABB2
00000000
00000000
00000000
00000000
00000000
00000000
00000000
0000ABB2
00000000
00000000
00000000
00000000
00000000
00000000
00000000
0000ABB2
00000000
00000000
00000000
00000000
00000000
00000000
00000000
0000ABB2
00000000
00000000
00000000
00000000
00000000
00000000
00000000
0000ABB2
00000000
00000000
00000000
00000000
00000000
00000000
00000000
0000ABB2
00000000
00000000
00000000
00000000
00000000
00000000
00000000
0000ABB2
00000000
00000000
00000000
00000000
00000000
00000000
00000000
0000ABB2
00000000
00000000
00000000
00000000
00000000
00000000
00000000
0000ABB2
00000000
00000000
00000000
00000000
00000000
00000000
00000000
0000ABB2
00000000
00000000
00000000
00000000
00000000
00000000
00000000
0000ABB2
00000000
00000000
00000000
00000000
00000000
00000000
00000000
0000ABB2
00000000
00000000
00000000
00000000
00000000
00000000
00000000
0000ABB2
00000000
00000000
00000000
00000000
00000000
00000000
00000000
0000ABB2
00000000
00000000
00000000
00000000
00000000
00000000
00000000
0000ABB2
00000000
00000000
00000000
00000000
00000000
00000000
00000000
0000ABB2
00000000
00000000
00000000
00000000
00000000
00000000
00000000
0000ABB2
00000000
00000000
00000000
00000000
00000000
00000000
00000000
0000ABB2
00000000
00000000
00000000
00000000
00000000
00000000
00000000
0000ABB2
00000000
00000000
00000000
00000000
00000000
00000000
00000000
0000ABB2
00000000
00000000
00000000
00000000
00000000
00000000
00000000
0000ABB2
00000000
00000000
00000000
00000000
00000000
00000000
00000000
0000ABB2
00000000
00000000
00000000
00000000
00000000
00000000
00000000
0000ABB2
00000000
00000000
00000000
00000000
00000000
00000000
00000000
0000ABB2
00000000
00000000
00000000
00000000
00000000
00000000
00000000
0000ABB2
00000000
00000000
00000000
00000000
00000000
00000000
00000000
0000ABB2
00000000
00000000
00000000
00000000
00000000
00000000
00000000
0000ABB2
00000000
00000000
00000000
00000000
00000000
00000000
00000000
0000ABB2
00000000
00000000
00000000
00000000
00000000
00000000
00000000
0000ABB2
00000000
00000000
00000000
00000000
00000000
00000000
00000000
0000ABB2
00000000
00000000
00000000
00000000
00000000
00000000
00000000
0000ABB2
00000000
00000000
00000000
00000000
00000000
00000000
00000000
0000ABB2
00000000
00000000
00000000
00000000
00000000
00000000
00000000
0000ABB2
00000000
00000000
00000000
00000000
00000000
00000000
00000000
0000ABB2
00000000
00000000
00000000
00000000
00000000
00000000
00000000
0000ABB2
00000000
00000000
00000000
00000000
00000000
00000000
00000000
0000ABB2
00000000
00000000
00000000
00000000
00000000
00000000
00000000
0000ABB2
00000000
00000000
00000000
00000000
00000000
00000000
00000000
0000ABB2
00000000
00000000
00000000
00000000
00000000
00000000
00000000
0000ABB2
00000000
00000000
00000000
00000000
00000000
00000000
00000000
0000ABB2
00000000
00000000
00000000
00000000
00000000
00000000
00000000
0000ABB2
00000000
00000000
00000000
00000000
00000000
00000000
00000000
0000ABB2
00000000
00000000
00000000
00000000
00000000
00000000
00000000
0000ABB2
00000000
00000000
00000000
00000000
00000000
00000000
00000000
0000ABB2
00000000
00000000
00000000
00000000
00000000
00000000
00000000
0000ABB2
00000000
00000000
00000000
00000000
00000000
00000000
00000000
0000ABB2
00000000
00000000
00000000
00000000
00000000
00000000
00000000
0000ABB2
00000000
00000000
00000000
00000000
00000000
00000000
00000000
0000ABB2
00000000
00000000
00000000
00000000
00000000
00000000
00000000
0000ABB2
00000000
00000000
00000000
00000000
00000000
00000000
00000000
0000ABB2
00000000
00000000
00000000
00000000
00000000
00000000
00000000
0000ABB2
00000000
00000000
00000000
00000000
00000000
00000000
00000000
0000ABB2
00000000
00000000
00000000
00000000
00000000
00000000
00000000
0000ABB2
00000000
00000000
00000000
00000000
00000000
00000000
00000000
0000ABB2
00000000
00000000
00000000
00000000
00000000
00000000
00000000
0000ABB2
00000000
00000000
00000000
00000000
00000000
00000000
00000000
0000ABB2
00000000
00000000
00000000
00000000
00000000
00000000
00000000
0000ABB2
00000000
00000000
00000000
00000000
00000000
00000000
00000000
0000ABB2
00000000
00000000
00000000
00000000
00000000
00000000
00000000
0000ABB2
00000000
00000000
00000000
00000000
00000000
00000000
00000000
0000ABB2
00000000
00000000
00000000
00000000
00000000
00000000
00000000
0000ABB2
00000000
00000000
00000000
00000000
00000000
00000000
00000000
0000ABB2
00000000
00000000
00000000
00000000
00000000
00000000
00000000
0000ABB2
00000000
00000000
00000000
00000000
00000000
00000000
00000000
0000ABB2
00000000
00000000
00000000
00000000
00000000
00000000
00000000
0000ABB2
00000000
00000000
00000000
00000000
00000000
00000000
00000000
0000ABB2
00000000
00000000
00000000
00000000
00000000
00000000
00000000
0000ABB2
00000000
00000000
00000000
00000000
00000000
00000000
00000000
0000ABB2
00000000
00000000
00000000
00000000
00000000
00000000
00000000
0000ABB2
00000000
00000000
00000000
00000000
00000000
00000000
00000000
0000ABB2
00000000
00000000
00000000
00000000
00000000
00000000
00000000
0000ABB2
00000000
00000000
00000000
00000000
00000000
00000000
00000000
0000ABB2
00000000
00000000
00000000
00000000
00000000
00000000
00000000
0000ABB2
00000000
00000000
00000000
00000000
00000000
00000000
00000000
0000ABB2
00000000
00000000
00000000
00000000
00000000
00000000
00000000
0000ABB2
00000000
00000000
00000000
00000000
00000000
00000000
00000000
0000ABB2
00000000
00000000
00000000
00000000
00000000
00000000
00000000
0000ABB2
00000000
00000000
00000000
00000000
00000000
00000000
00000000
0000ABB2
00000000
00000000
00000000
00000000
00000000
00000000
00000000
0000ABB2
00000000
00000000
00000000
00000000
00000000
00000000
00000000
0000ABB2
00000000
00000000
00000000
00000000
00000000
00000000
00000000
0000ABB2
00000000
00000000
00000000
00000000
00000000
00000000
00000000
0000ABB2
00000000
00000000
00000000
00000000
00000000
00000000
00000000
0000ABB2
00000000
00000000
00000000
00000000
00000000
00000000
00000000
0000ABB2
00000000
00000000
00000000
00000000
00000000
00000000
00000000
0000ABB2
00000000
00000000
00000000
00000000
00000000
00000000
00000000
0000ABB2
00000000
00000000
00000000
00000000
00000000
00000000
00000000
0000ABB2
00000000
00000000
00000000
00000000
00000000
00000000
00000000
0000ABB2
00000000
00000000
00000000
00000000
00000000
00000000
00000000
0000ABB2
00000000
00000000
00000000
00000000
00000000
00000000
00000000
0000ABB2
00000000
00000000
00000000
00000000
00000000
00000000
00000000
0000ABB2
00000000
00000000
00000000
00000000
00000000
00000000
00000000
0000ABB2
00000000
00000000
00000000
00000000
00000000
00000000
00000000
0000ABB2
00000000
00000000
00000000
00000000
00000000
00000000
00000000
0000ABB2
00000000
00000000
00000000
00000000
00000000
00000000
00000000
0000ABB2
00000000
00000000
00000000
00000000
00000000
00000000
00000000
0000ABB2
00000000
00000000
00000000
00000000
00000000
00000000
00000000
0000ABB2
00000000
00000000
00000000
00000000
00000000
00000000
00000000
0000ABB2
00000000
00000000
00000000
00000000
00000000
00000000
00000000
0000ABB2
00000000
00000000
00000000
00000000
00000000
00000000
00000000
0000ABB2
00000000
00000000
00000000
00000000
00000000
00000000
00000000
0000ABB2
00000000
00000000
00000000
00000000
00000000
00000000
00000000
0000ABB2
00000000
00000000
00000000
00000000
00000000
00000000
00000000
0000ABB2
00000000
00000000
00000000
00000000
00000000
00000000
00000000
0000ABB2
00000000
00000000
00000000
00000000
00000000
00000000
00000000
0000ABB2
00000000
00000000
00000000
00000000
00000000
00000000
00000000
0000ABB2
00000000
00000000
00000000
00000000
00000000
00000000
00000000
0000ABB2
00000000
00000000
00000000
00000000
00000000
00000000
00000000
0000ABB2
00000000
00000000
00000000
00000000
00000000
00000000
00000000
0000ABB2
00000000
00000000
00000000
00000000
00000000
00000000
00000000
0000ABB2
00000000
00000000
00000000
00000000
00000000
00000000
00000000
0000ABB2
00000000
00000000
00000000
00000000
00000000
00000000
00000000
0000ABB2
00000000
00000000
00000000
00000000
00000000
00000000
00000000
0000ABB2
00000000
00000000
00000000
00000000
00000000
00000000
00000000
0000ABB2
00000000
00000000
00000000
00000000
00000000
00000000
00000000
0000ABB2
00000000
00000000
00000000
00000000
00000000
00000000
00000000
0000ABB2
00000000
00000000
00000000
00000000
00000000
00000000
00000000
0000ABB2
00000000
00000000
00000000
00000000
00000000
00000000
00000000
0000ABB2
00000000
00000000
00000000
00000000
00000000
00000000
00000000
0000ABB2
00000000
00000000
00000000
00000000
00000000
00000000
00000000
0000ABB2
00000000
00000000
00000000
00000000
00000000
00000000
00000000
0000ABB2
00000000
00000000
00000000
00000000
00000000
00000000
00000000
0000ABB2
00000000
00000000
00000000
00000000
00000000
00000000
00000000
0000ABB2
00000000
00000000
00000000
00000000
00000000
00000000
00000000
0000ABB2
00000000
00000000
00000000
00000000
00000000
00000000
00000000
0000ABB2
00000000
00000000
00000000
00000000
00000000
00000000
00000000
0000ABB2
00000000
00000000
00000000
00000000
00000000
00000000
00000000
0000ABB2
00000000
00000000
00000000
00000000
00000000
00000000
00000000
0000ABB2
00000000
00000000
00000000
00000000
00000000
00000000
00000000
0000ABB2
00000000
00000000
00000000
00000000
00000000
00000000
00000000
0000ABB2
00000000
00000000
00000000
00000000
00000000
00000000
00000000
0000ABB2
00000000
00000000
00000000
00000000
00000000
00000000
00000000
0000ABB2
00000000
00000000
00000000
00000000
00000000
00000000
00000000
0000ABB2
00000000
00000000
00000000
00000000
00000000
00000000
00000000
0000ABB2
00000000
00000000
00000000
00000000
00000000
00000000
00000000
0000ABB2
00000000
00000000
00000000
00000000
00000000
00000000
00000000
0000ABB2
00000000
00000000
00000000
00000000
00000000
00000000
00000000
0000ABB2
00000000
00000000
00000000
00000000
00000000
00000000
00000000
0000ABB2
00000000
00000000
00000000
00000000
00000000
00000000
00000000
0000ABB2
00000000
00000000
00000000
00000000
00000000
00000000
00000000
0000ABB2
00000000
00000000
00000000
00000000
00000000
00000000
00000000
0000ABB2
00000000
00000000
00000000
00000000
00000000
00000000
00000000
0000ABB2
00000000
00000000
00000000
00000000
00000000
00000000
00000000
0000ABB2
00000000
00000000
00000000
00000000
00000000
00000000
00000000
0000ABB2
00000000
00000000
00000000
00000000
00000000
00000000
00000000
0000ABB2
00000000
00000000
00000000
00000000
00000000
00000000
00000000
0000ABB2
00000000
00000000
00000000
00000000
00000000
00000000
00000000
0000ABB2
00000000
00000000
00000000
00000000
00000000
00000000
00000000
0000ABB2
00000000
00000000
00000000
00000000
00000000
00000000
00000000
0000ABB2
00000000
00000000
00000000
00000000
00000000
00000000
00000000
0000ABB2
00000000
00000000
00000000
00000000
00000000
00000000
00000000
0000ABB2
00000000
00000000
00000000
00000000
00000000
00000000
00000000
0000ABB2
00000000
00000000
00000000
00000000
00000000
00000000
00000000
0000ABB2
00000000
00000000
00000000
00000000
00000000
00000000
00000000
0000ABB2
00000000
00000000
00000000
00000000
00000000
00000000
00000000
0000ABB2
00000000
00000000
00000000
00000000
00000000
00000000
00000000
0000ABB2
00000000
00000000
00000000
00000000
00000000
00000000
00000000
0000ABB2
00000000
00000000
00000000
00000000
00000000
00000000
00000000
0000ABB2
00000000
00000000
00000000
00000000
00000000
00000000
00000000
0000ABB2
00000000
00000000
00000000
00000000
00000000
00000000
00000000
0000ABB2
00000000
00000000
00000000
00000000
00000000
00000000
00000000
0000ABB2
00000000
00000000
00000000
00000000
00000000
00000000
00000000
0000ABB2
00000000
00000000
00000000
00000000
00000000
00000000
00000000
0000ABB2
00000000
00000000
00000000
00000000
00000000
00000000
00000000
0000ABB2
00000000
00000000
00000000
00000000
00000000
00000000
00000000
0000ABB2
00000000
00000000
00000000
00000000
00000000
00000000
00000000
0000ABB2
00000000
00000000
00000000
00000000
00000000
00000000
00000000
0000ABB2
00000000
00000000
00000000
00000000
00000000
00000000
00000000
0000ABB2
00000000
00000000
00000000
00000000
00000000
00000000
00000000
0000ABB2
00000000
00000000
00000000
00000000
00000000
00000000
00000000
0000ABB2
00000000
00000000
00000000
00000000
00000000
00000000
00000000
0000ABB2
00000000
00000000
00000000
00000000
00000000
00000000
00000000
0000ABB2
00000000
00000000
00000000
00000000
00000000
00000000
00000000
0000ABB2
00000000
00000000
00000000
00000000
00000000
00000000
00000000
0000ABB2
00000000
00000000
00000000
00000000
00000000
00000000
00000000
0000ABB2
00000000
00000000
00000000
00000000
00000000
00000000
00000000
0000ABB2
00000000
00000000
00000000
00000000
00000000
00000000
00000000
0000ABB2
00000000
00000000
00000000
00000000
00000000
00000000
00000000
0000ABB2
00000000
00000000
00000000
00000000
00000000
00000000
00000000
0000ABB2
00000000
00000000
00000000
00000000
00000000
00000000
00000000
0000ABB2
00000000
00000000
00000000
00000000
00000000
00000000
00000000
0000ABB2
00000000
00000000
00000000
00000000
00000000
00000000
00000000
0000ABB2
00000000
00000000
00000000
00000000
00000000
00000000
00000000
0000ABB2
00000000
00000000
00000000
00000000
00000000
00000000
00000000
0000ABB2
00000000
00000000
00000000
00000000
00000000
00000000
00000000
0000ABB2
00000000
00000000
00000000
00000000
00000000
00000000
00000000
0000ABB2
00000000
00000000
00000000
00000000
00000000
00000000
00000000
0000ABB2
00000000
00000000
00000000
00000000
00000000
00000000
00000000
0000ABB2
00000000
00000000
00000000
00000000
00000000
00000000
00000000
0000ABB2
00000000
00000000
00000000
00000000
00000000
00000000
00000000
0000ABB2
00000000
00000000
00000000
00000000
00000000
00000000
00000000
0000ABB2
00000000
00000000
00000000
00000000
00000000
00000000
00000000
0000ABB2
00000000
00000000
00000000
00000000
00000000
00000000
00000000
0000ABB2
00000000
00000000
00000000
00000000
00000000
00000000
00000000
0000ABB2
00000000
00000000
00000000
00000000
00000000
00000000
00000000
0000ABB2
00000000
00000000
00000000
00000000
00000000
00000000
00000000
0000ABB2
00000000
00000000
00000000
00000000
00000000
00000000
00000000
0000ABB2
00000000
00000000
00000000
00000000
00000000
00000000
00000000
0000ABB2
00000000
00000000
00000000
00000000
00000000
00000000
00000000
0000ABB2
00000000
00000000
00000000
00000000
00000000
00000000
00000000
0000ABB2
00000000
00000000
00000000
00000000
00000000
00000000
00000000
0000ABB2
00000000
00000000
00000000
00000000
00000000
00000000
00000000
0000ABB2
00000000
00000000
00000000
00000000
00000000
00000000
00000000
0000ABB2
00000000
00000000
00000000
00000000
00000000
00000000
00000000
0000ABB2
00000000
00000000
00000000
00000000
00000000
00000000
00000000
0000ABB2
00000000
00000000
00000000
00000000
00000000
00000000
00000000
0000ABB2
00000000
00000000
00000000
00000000
00000000
00000000
00000000
0000ABB2
00000000
00000000
00000000
00000000
00000000
00000000
00000000
0000ABB2
00000000
00000000
00000000
00000000
00000000
00000000
00000000
0000ABB2
00000000
00000000
00000000
00000000
00000000
00000000
00000000
0000ABB2
00000000
00000000
00000000
00000000
00000000
00000000
00000000
0000ABB2
00000000
00000000
00000000
00000000
00000000
00000000
00000000
0000ABB2
00000000
00000000
00000000
00000000
00000000
00000000
00000000
0000ABB2
00000000
00000000
00000000
00000000
00000000
00000000
00000000
0000ABB2
00000000
00000000
00000000
00000000
00000000
00000000
00000000
0000ABB2
00000000
00000000
00000000
00000000
00000000
00000000
00000000
0000ABB2
00000000
00000000
00000000
00000000
00000000
00000000
00000000
0000ABB2
00000000
00000000
00000000
00000000
00000000
00000000
00000000
0000ABB2
00000000
00000000
00000000
00000000
00000000
00000000
00000000
0000ABB2
00000000
00000000
00000000
00000000
00000000
00000000
00000000
0000ABB2
00000000
00000000
00000000
00000000
00000000
00000000
00000000
0000ABB2
00000000
00000000
00000000
00000000
00000000
00000000
00000000
0000ABB2
00000000
00000000
00000000
00000000
00000000
00000000
00000000
0000ABB2
00000000
00000000
00000000
00000000
00000000
00000000
00000000
0000ABB2
00000000
00000000
00000000
00000000
00000000
00000000
00000000
0000ABB2
00000000
00000000
00000000
00000000
00000000
00000000
00000000
0000ABB2
00000000
00000000
00000000
00000000
00000000
00000000
00000000
0000ABB2
00000000
00000000
00000000
00000000
00000000
00000000
00000000
0000ABB2
00000000
00000000
00000000
00000000
00000000
00000000
00000000
0000ABB2
00000000
00000000
00000000
00000000
00000000
00000000
00000000
0000ABB2
00000000
00000000
00000000
00000000
00000000
00000000
00000000
0000ABB2
00000000
00000000
00000000
00000000
00000000
00000000
00000000
0000ABB2
00000000
00000000
00000000
00000000
00000000
00000000
00000000
0000ABB2
00000000
00000000
00000000
00000000
00000000
00000000
00000000
0000ABB2
00000000
00000000
00000000
00000000
00000000
00000000
00000000
0000ABB2
00000000
00000000
00000000
00000000
00000000
00000000
00000000
0000ABB2
00000000
00000000
00000000
00000000
00000000
00000000
00000000
0000ABB2
00000000
00000000
00000000
00000000
00000000
00000000
00000000
0000ABB2
00000000
00000000
00000000
00000000
00000000
00000000
00000000
0000ABB2
00000000
00000000
00000000
00000000
00000000
00000000
00000000
0000ABB2
00000000
00000000
00000000
00000000
00000000
00000000
00000000
0000ABB2
00000000
00000000
00000000
00000000
00000000
00000000
00000000
0000ABB2
00000000
00000000
00000000
00000000
00000000
00000000
00000000
0000ABB2
00000000
00000000
00000000
00000000
00000000
00000000
00000000
0000ABB2
00000000
00000000
00000000
00000000
00000000
00000000
00000000
0000ABB2
00000000
00000000
00000000
00000000
00000000
00000000
00000000
0000ABB2
00000000
00000000
00000000
00000000
00000000
00000000
00000000
0000ABB2
00000000
00000000
00000000
00000000
00000000
00000000
00000000
0000ABB2
00000000
00000000
00000000
00000000
00000000
00000000
00000000
0000ABB2
00000000
00000000
00000000
00000000
00000000
00000000
00000000
0000ABB2
00000000
00000000
00000000
00000000
00000000
00000000
00000000
0000ABB2
00000000
00000000
00000000
00000000
00000000
00000000
00000000
0000ABB2
00000000
00000000
00000000
00000000
00000000
00000000
00000000
0000ABB2
00000000
00000000
00000000
00000000
00000000
00000000
00000000
0000ABB2
00000000
00000000
00000000
00000000
00000000
00000000
00000000
0000ABB2
00000000
00000000
00000000
00000000
00000000
00000000
00000000
0000ABB2
00000000
00000000
00000000
00000000
00000000
00000000
00000000
0000ABB2
00000000
00000000
00000000
00000000
00000000
00000000
00000000
0000ABB2
00000000
00000000
00000000
00000000
00000000
00000000
00000000
0000ABB2
00000000
00000000
00000000
00000000
00000000
00000000
00000000
0000ABB2
00000000
00000000
00000000
00000000
00000000
00000000
00000000
0000ABB2
00000000
00000000
00000000
00000000
00000000
00000000
00000000
0000ABB2
00000000
00000000
00000000
00000000
00000000
00000000
00000000
0000ABB2
00000000
00000000
00000000
00000000
00000000
00000000
00000000
0000ABB2
00000000
00000000
00000000
00000000
00000000
00000000
00000000
0000ABB2
00000000
00000000
00000000
00000000
00000000
00000000
00000000
0000ABB2
00000000
00000000
00000000
00000000
00000000
00000000
00000000
0000ABB2
00000000
00000000
00000000
00000000
00000000
00000000
00000000
0000ABB2
00000000
00000000
00000000
00000000
00000000
00000000
00000000
0000ABB2
00000000
00000000
00000000
00000000
00000000
00000000
00000000
0000ABB2
00000000
00000000
00000000
00000000
00000000
00000000
00000000
0000ABB2
00000000
00000000
00000000
00000000
00000000
00000000
00000000
0000ABB2
00000000
00000000
00000000
00000000
00000000
00000000
00000000
0000ABB2
00000000
00000000
00000000
00000000
00000000
00000000
00000000
0000ABB2
00000000
00000000
00000000
00000000
00000000
00000000
00000000
0000ABB2
00000000
00000000
00000000
00000000
00000000
00000000
00000000
0000ABB2
00000000
00000000
00000000
00000000
00000000
00000000
00000000
0000ABB2
00000000
00000000
00000000
00000000
00000000
00000000
00000000
0000ABB2
00000000
00000000
00000000
00000000
00000000
00000000
00000000
0000ABB2
00000000
00000000
00000000
00000000
00000000
00000000
00000000
0000ABB2
00000000
00000000
00000000
00000000
00000000
00000000
00000000
0000ABB2
00000000
00000000
00000000
00000000
00000000
00000000
00000000
0000ABB2
00000000
00000000
00000000
00000000
00000000
00000000
00000000
0000ABB2
00000000
00000000
00000000
00000000
00000000
00000000
00000000
0000ABB2
00000000
00000000
00000000
00000000
00000000
00000000
00000000
0000ABB2
00000000
00000000
00000000
00000000
00000000
00000000
00000000
0000ABB2
00000000
00000000
00000000
00000000
00000000
00000000
00000000
0000ABB2
00000000
00000000
00000000
00000000
00000000
00000000
00000000
0000ABB2
00000000
00000000
00000000
00000000
00000000
00000000
00000000
0000ABB2
00000000
00000000
00000000
00000000
00000000
00000000
00000000
0000ABB2
00000000
00000000
00000000
00000000
00000000
00000000
00000000
0000ABB2
00000000
00000000
00000000
00000000
00000000
00000000
00000000
0000ABB2
00000000
00000000
00000000
00000000
00000000
00000000
00000000
0000ABB2
00000000
00000000
00000000
00000000
00000000
00000000
00000000
0000ABB2
00000000
00000000
00000000
00000000
00000000
00000000
00000000
0000ABB2
00000000
00000000
00000000
00000000
00000000
00000000
00000000
0000ABB2
00000000
00000000
00000000
00000000
00000000
00000000
00000000
0000ABB2
00000000
00000000
00000000
00000000
00000000
00000000
00000000
0000ABB2
00000000
00000000
00000000
00000000
00000000
00000000
00000000
0000ABB2
00000000
00000000
00000000
00000000
00000000
00000000
00000000
0000ABB2
00000000
00000000
00000000
00000000
00000000
00000000
00000000
0000ABB2
00000000
00000000
00000000
00000000
00000000
00000000
00000000
0000ABB2
00000000
00000000
00000000
00000000
00000000
00000000
00000000
0000ABB2
00000000
00000000
00000000
00000000
00000000
00000000
00000000
0000ABB2
00000000
00000000
00000000
00000000
00000000
00000000
00000000
0000ABB2
00000000
00000000
00000000
00000000
00000000
00000000
00000000
0000ABB2
00000000
00000000
00000000
00000000
00000000
00000000
00000000
0000ABB2
00000000
00000000
00000000
00000000
00000000
00000000
00000000
0000ABB2
00000000
00000000
00000000
00000000
00000000
00000000
00000000
0000ABB2
00000000
00000000
00000000
00000000
00000000
00000000
00000000
0000ABB2
00000000
00000000
00000000
00000000
00000000
00000000
00000000
0000ABB2
00000000
00000000
00000000
00000000
00000000
00000000
00000000
0000ABB2
00000000
00000000
00000000
00000000
00000000
00000000
00000000
0000ABB2
00000000
00000000
00000000
00000000
00000000
00000000
00000000
0000ABB2
00000000
00000000
00000000
00000000
00000000
00000000
00000000
0000ABB2
00000000
00000000
00000000
00000000
00000000
00000000
00000000
0000ABB2
00000000
00000000
00000000
00000000
00000000
00000000
00000000
0000ABB2
00000000
00000000
00000000
00000000
00000000
00000000
00000000
0000ABB2
00000000
00000000
00000000
00000000
00000000
00000000
00000000
0000ABB2
00000000
00000000
00000000
00000000
00000000
00000000
00000000
0000ABB2
00000000
00000000
00000000
00000000
00000000
00000000
00000000
0000ABB2
00000000
00000000
00000000
00000000
00000000
00000000
00000000
0000ABB2
00000000
00000000
00000000
00000000
00000000
00000000
00000000
0000ABB2
00000000
00000000
00000000
00000000
00000000
00000000
00000000
0000ABB2
00000000
00000000
00000000
00000000
00000000
00000000
00000000
0000ABB2
00000000
00000000
00000000
00000000
00000000
00000000
00000000
0000ABB2
00000000
00000000
00000000
00000000
00000000
00000000
00000000
0000ABB2
00000000
00000000
00000000
00000000
00000000
00000000
00000000
0000ABB2
00000000
00000000
00000000
00000000
00000000
00000000
00000000
0000ABB2
00000000
00000000
00000000
00000000
00000000
00000000
00000000
0000ABB2
00000000
00000000
00000000
00000000
00000000
00000000
00000000
0000ABB2
00000000
00000000
00000000
00000000
00000000
00000000
00000000
0000ABB2
00000000
00000000
00000000
00000000
00000000
00000000
00000000
0000ABB2
00000000
00000000
00000000
00000000
00000000
00000000
00000000
0000ABB2
00000000
00000000
00000000
00000000
00000000
00000000
00000000
0000ABB2
00000000
00000000
00000000
00000000
00000000
00000000
00000000
0000ABB2
00000000
00000000
00000000
00000000
00000000
00000000
00000000
0000ABB2
00000000
00000000
00000000
00000000
00000000
00000000
00000000
0000ABB2
00000000
00000000
00000000
00000000
00000000
00000000
00000000
0000ABB2
00000000
00000000
00000000
00000000
00000000
00000000
00000000
0000ABB2
00000000
00000000
00000000
00000000
00000000
00000000
00000000
0000ABB2
00000000
00000000
00000000
00000000
00000000
00000000
00000000
0000ABB2
00000000
00000000
00000000
00000000
00000000
00000000
00000000
0000ABB2
00000000
00000000
00000000
00000000
00000000
00000000
00000000
0000ABB2
00000000
00000000
00000000
00000000
00000000
00000000
00000000
0000ABB2
00000000
00000000
00000000
00000000
00000000
00000000
00000000
0000ABB2
00000000
00000000
00000000
00000000
00000000
00000000
00000000
0000ABB2
00000000
00000000
00000000
00000000
00000000
00000000
00000000
0000ABB2
00000000
00000000
00000000
00000000
00000000
00000000
00000000
0000ABB2
00000000
00000000
00000000
00000000
00000000
00000000
00000000
0000ABB2
00000000
00000000
00000000
00000000
00000000
00000000
00000000
0000ABB2
00000000
00000000
00000000
00000000
00000000
00000000
00000000
0000ABB2
00000000
00000000
00000000
00000000
00000000
00000000
00000000
0000ABB2
00000000
00000000
00000000
00000000
00000000
00000000
00000000
0000ABB2
00000000
00000000
00000000
00000000
00000000
00000000
00000000
0000ABB2
00000000
00000000
00000000
00000000
00000000
00000000
00000000
0000ABB2
00000000
00000000
00000000
00000000
00000000
00000000
00000000
0000ABB2
00000000
00000000
00000000
00000000
00000000
00000000
00000000
0000ABB2
00000000
00000000
00000000
00000000
00000000
00000000
00000000
0000ABB2
00000000
00000000
00000000
00000000
00000000
00000000
00000000
0000ABB2
00000000
00000000
00000000
00000000
00000000
00000000
00000000
0000ABB2
00000000
00000000
00000000
00000000
00000000
00000000
00000000
0000ABB2
00000000
00000000
00000000
00000000
00000000
00000000
00000000
0000ABB2
00000000
00000000
00000000
00000000
00000000
00000000
00000000
0000ABB2
00000000
00000000
00000000
00000000
00000000
00000000
00000000
0000ABB2
00000000
00000000
00000000
00000000
00000000
00000000
00000000
0000ABB2
00000000
00000000
00000000
00000000
00000000
00000000
00000000
0000ABB2
00000000
00000000
00000000
00000000
00000000
00000000
00000000
0000ABB2
00000000
00000000
00000000
00000000
00000000
00000000
00000000
0000ABB2
00000000
00000000
00000000
00000000
00000000
00000000
00000000
0000ABB2
00000000
00000000
00000000
00000000
00000000
00000000
00000000
0000ABB2
00000000
00000000
00000000
00000000
00000000
00000000
00000000
0000ABB2
00000000
00000000
00000000
00000000
00000000
00000000
00000000
0000ABB2
00000000
00000000
00000000
00000000
00000000
00000000
00000000
0000ABB2
00000000
00000000
00000000
00000000
00000000
00000000
00000000
0000ABB2
00000000
00000000
00000000
00000000
00000000
00000000
00000000
0000ABB2
00000000
00000000
00000000
00000000
00000000
00000000
00000000
0000ABB2
00000000
00000000
00000000
00000000
00000000
00000000
00000000
0000ABB2
00000000
00000000
00000000
00000000
00000000
00000000
00000000
0000ABB2
00000000
00000000
00000000
00000000
00000000
00000000
00000000
0000ABB2
00000000
00000000
00000000
00000000
00000000
00000000
00000000
0000ABB2
00000000
00000000
00000000
00000000
00000000
00000000
00000000
0000ABB2
00000000
00000000
00000000
00000000
00000000
00000000
00000000
0000ABB2
00000000
00000000
00000000
00000000
00000000
00000000
00000000
0000ABB2
00000000
00000000
00000000
00000000
00000000
00000000
00000000
0000ABB2
00000000
00000000
00000000
00000000
00000000
00000000
00000000
0000ABB2
00000000
00000000
00000000
00000000
00000000
00000000
00000000
0000ABB2
00000000
00000000
00000000
00000000
00000000
00000000
00000000
0000ABB2
00000000
00000000
00000000
00000000
00000000
00000000
00000000
0000ABB2
00000000
00000000
00000000
00000000
00000000
00000000
00000000
0000ABB2
00000000
00000000
00000000
00000000
00000000
00000000
00000000
0000ABB2
00000000
00000000
00000000
00000000
00000000
00000000
00000000
0000ABB2
00000000
00000000
00000000
00000000
00000000
00000000
00000000
0000ABB2
00000000
00000000
00000000
00000000
00000000
00000000
00000000
0000ABB2
00000000
00000000
00000000
00000000
00000000
00000000
00000000
0000ABB2
00000000
00000000
00000000
00000000
00000000
00000000
00000000
0000ABB2
00000000
00000000
00000000
00000000
00000000
00000000
00000000
0000ABB2
00000000
00000000
00000000
00000000
00000000
00000000
00000000
0000ABB2
00000000
00000000
00000000
00000000
00000000
00000000
00000000
0000ABB2
00000000
00000000
00000000
00000000
00000000
00000000
00000000
0000ABB2
00000000
00000000
00000000
00000000
00000000
00000000
00000000
0000ABB2
00000000
00000000
00000000
00000000
00000000
00000000
00000000
0000ABB2
00000000
00000000
00000000
00000000
00000000
00000000
00000000
0000ABB2
00000000
00000000
00000000
00000000
00000000
00000000
00000000
0000ABB2
00000000
00000000
00000000
00000000
00000000
00000000
00000000
0000ABB2
00000000
00000000
00000000
00000000
00000000
00000000
00000000
0000ABB2
00000000
00000000
00000000
00000000
00000000
00000000
00000000
0000ABB2
00000000
00000000
00000000
00000000
00000000
00000000
00000000
0000ABB2
00000000
00000000
00000000
00000000
00000000
00000000
00000000
0000ABB2
00000000
00000000
00000000
00000000
00000000
00000000
00000000
0000ABB2
00000000
00000000
00000000
00000000
00000000
00000000
00000000
0000ABB2
00000000
00000000
00000000
00000000
00000000
00000000
00000000
0000ABB2
00000000
00000000
00000000
00000000
00000000
00000000
00000000
0000ABB2
00000000
00000000
00000000
00000000
00000000
00000000
00000000
0000ABB2
00000000
00000000
00000000
00000000
00000000
00000000
00000000
0000ABB2
00000000
00000000
00000000
00000000
00000000
00000000
00000000
0000ABB2
00000000
00000000
00000000
00000000
00000000
00000000
00000000
0000ABB2
00000000
00000000
00000000
00000000
00000000
00000000
00000000
0000ABB2
00000000
00000000
00000000
00000000
00000000
00000000
00000000
0000ABB2
00000000
00000000
00000000
00000000
00000000
00000000
00000000
0000ABB2
00000000
00000000
00000000
00000000
00000000
00000000
00000000
0000ABB2
00000000
00000000
00000000
00000000
00000000
00000000
00000000
0000ABB2
00000000
00000000
00000000
00000000
00000000
00000000
00000000
0000ABB2
00000000
00000000
00000000
00000000
00000000
00000000
00000000
0000ABB2
00000000
00000000
00000000
00000000
00000000
00000000
00000000
0000ABB2
00000000
00000000
00000000
00000000
00000000
00000000
00000000
0000ABB2
00000000
00000000
00000000
00000000
00000000
00000000
00000000
0000ABB2
00000000
00000000
00000000
00000000
00000000
00000000
00000000
0000ABB2
00000000
00000000
00000000
00000000
00000000
00000000
00000000
0000ABB2
00000000
00000000
00000000
00000000
00000000
00000000
00000000
0000ABB2
00000000
00000000
00000000
00000000
00000000
00000000
00000000
0000ABB2
00000000
00000000
00000000
00000000
00000000
00000000
00000000
0000ABB2
00000000
00000000
00000000
00000000
00000000
00000000
00000000
0000ABB2
00000000
00000000
00000000
00000000
00000000
00000000
00000000
0000ABB2
00000000
00000000
00000000
00000000
00000000
00000000
00000000
0000ABB2
00000000
00000000
00000000
00000000
00000000
00000000
00000000
0000ABB2
00000000
00000000
00000000
00000000
00000000
00000000
00000000
0000ABB2
00000000
00000000
00000000
00000000
00000000
00000000
00000000
0000ABB2
00000000
00000000
00000000
00000000
00000000
00000000
00000000
0000ABB2
00000000
00000000
00000000
00000000
00000000
00000000
00000000
0000ABB2
00000000
00000000
00000000
00000000
00000000
00000000
00000000
0000ABB2
00000000
00000000
00000000
00000000
00000000
00000000
00000000
0000ABB2
00000000
00000000
00000000
00000000
00000000
00000000
00000000
0000ABB2
00000000
00000000
00000000
00000000
00000000
00000000
00000000
0000ABB2
00000000
00000000
00000000
00000000
00000000
00000000
00000000
0000ABB2
00000000
00000000
00000000
00000000
00000000
00000000
00000000
0000ABB2
00000000
00000000
00000000
00000000
00000000
00000000
00000000
0000ABB2
00000000
00000000
00000000
00000000
00000000
00000000
00000000
0000ABB2
00000000
00000000
00000000
00000000
00000000
00000000
00000000
0000ABB2
00000000
00000000
00000000
00000000
00000000
00000000
00000000
0000ABB2
00000000
00000000
00000000
00000000
00000000
00000000
00000000
0000ABB2
00000000
00000000
00000000
00000000
00000000
00000000
00000000
0000ABB2
00000000
00000000
00000000
00000000
00000000
00000000
00000000
0000ABB2
00000000
00000000
00000000
00000000
00000000
00000000
00000000
0000ABB2
00000000
00000000
00000000
00000000
00000000
00000000
00000000
0000ABB2
00000000
00000000
00000000
00000000
00000000
00000000
00000000
0000ABB2
00000000
00000000
00000000
00000000
00000000
00000000
00000000
0000ABB2
00000000
00000000
00000000
00000000
00000000
00000000
00000000
0000ABB2
00000000
00000000
00000000
00000000
00000000
00000000
00000000
0000ABB2
00000000
00000000
00000000
00000000
00000000
00000000
00000000
0000ABB2
00000000
00000000
00000000
00000000
00000000
00000000
00000000
0000ABB2
00000000
00000000
00000000
00000000
00000000
00000000
00000000
0000ABB2
00000000
00000000
00000000
00000000
00000000
00000000
00000000
0000ABB2
00000000
00000000
00000000
00000000
00000000
00000000
00000000
0000ABB2
00000000
00000000
00000000
00000000
00000000
00000000
00000000
0000ABB2
00000000
00000000
00000000
00000000
00000000
00000000
00000000
0000ABB2
00000000
00000000
00000000
00000000
00000000
00000000
00000000
0000ABB2
00000000
00000000
00000000
00000000
00000000
00000000
00000000
0000ABB2
00000000
00000000
00000000
00000000
00000000
00000000
00000000
0000ABB2
00000000
00000000
00000000
00000000
00000000
00000000
00000000
0000ABB2
00000000
00000000
00000000
00000000
00000000
00000000
00000000
0000ABB2
00000000
00000000
00000000
00000000
00000000
00000000
00000000
0000ABB2
00000000
00000000
00000000
00000000
00000000
00000000
00000000
0000ABB2
00000000
00000000
00000000
00000000
00000000
00000000
00000000
0000ABB2
00000000
00000000
00000000
00000000
00000000
00000000
00000000
0000ABB2
00000000
00000000
00000000
00000000
00000000
00000000
00000000
0000ABB2
00000000
00000000
00000000
00000000
00000000
00000000
00000000
0000ABB2
00000000
00000000
00000000
00000000
00000000
00000000
00000000
0000ABB2
00000000
00000000
00000000
00000000
00000000
00000000
00000000
0000ABB2
00000000
00000000
00000000
00000000
00000000
00000000
00000000
0000ABB2
00000000
00000000
00000000
00000000
00000000
00000000
00000000
0000ABB2
00000000
00000000
00000000
00000000
00000000
00000000
00000000
0000ABB2
00000000
00000000
00000000
00000000
00000000
00000000
00000000
0000ABB2
00000000
00000000
00000000
00000000
00000000
00000000
00000000
0000ABB2
00000000
00000000
00000000
00000000
00000000
00000000
00000000
0000ABB2
00000000
00000000
00000000
00000000
00000000
00000000
00000000
0000ABB2
00000000
00000000
00000000
00000000
00000000
00000000
00000000
0000ABB2
00000000
00000000
00000000
00000000
00000000
00000000
00000000
0000ABB2
00000000
00000000
00000000
00000000
00000000
00000000
00000000
0000ABB2
00000000
00000000
00000000
00000000
00000000
00000000
00000000
0000ABB2
00000000
00000000
00000000
00000000
00000000
00000000
00000000
0000ABB2
00000000
00000000
00000000
00000000
00000000
00000000
00000000
0000ABB2
00000000
00000000
00000000
00000000
00000000
00000000
00000000
0000ABB2
00000000
00000000
00000000
00000000
00000000
00000000
00000000
0000ABB2
00000000
00000000
00000000
00000000
00000000
00000000
00000000
0000ABB2
00000000
00000000
00000000
00000000
00000000
00000000
00000000
0000ABB2
00000000
00000000
00000000
00000000
00000000
00000000
00000000
0000ABB2
00000000
00000000
00000000
00000000
00000000
00000000
00000000
0000ABB2
00000000
00000000
00000000
00000000
00000000
00000000
00000000
0000ABB2
00000000
00000000
00000000
00000000
00000000
00000000
00000000
0000ABB2
00000000
00000000
00000000
00000000
00000000
00000000
00000000
0000ABB2
00000000
00000000
00000000
00000000
00000000
00000000
00000000
0000ABB2
00000000
00000000
00000000
00000000
00000000
00000000
00000000
0000ABB2
00000000
00000000
00000000
00000000
00000000
00000000
00000000
0000ABB2
00000000
00000000
00000000
00000000
00000000
00000000
00000000
0000ABB2
00000000
00000000
00000000
00000000
00000000
00000000
00000000
0000ABB2
00000000
00000000
00000000
00000000
00000000
00000000
00000000
0000ABB2
00000000
00000000
00000000
00000000
00000000
00000000
00000000
0000ABB2
00000000
00000000
00000000
00000000
00000000
00000000
00000000
0000ABB2
00000000
00000000
00000000
00000000
00000000
00000000
00000000
0000ABB2
00000000
00000000
00000000
00000000
00000000
00000000
00000000
0000ABB2
00000000
00000000
00000000
00000000
00000000
00000000
00000000
0000ABB2
00000000
00000000
00000000
00000000
00000000
00000000
00000000
0000ABB2
00000000
00000000
00000000
00000000
00000000
00000000
00000000
0000ABB2
00000000
00000000
00000000
00000000
00000000
00000000
00000000
0000ABB2
00000000
00000000
00000000
00000000
00000000
00000000
00000000
0000ABB2
00000000
00000000
00000000
00000000
00000000
00000000
00000000
0000ABB2
00000000
00000000
00000000
00000000
00000000
00000000
00000000
0000ABB2
00000000
00000000
00000000
00000000
00000000
00000000
00000000
0000ABB2
00000000
00000000
00000000
00000000
00000000
00000000
00000000
0000ABB2
00000000
00000000
00000000
00000000
00000000
00000000
00000000
0000ABB2
00000000
00000000
00000000
00000000
00000000
00000000
00000000
0000ABB2
00000000
00000000
00000000
00000000
00000000
00000000
00000000
0000ABB2
00000000
00000000
00000000
00000000
00000000
00000000
00000000
0000ABB2
00000000
00000000
00000000
00000000
00000000
00000000
00000000
0000ABB2
00000000
00000000
00000000
00000000
00000000
00000000
00000000
0000ABB2
00000000
00000000
00000000
00000000
00000000
00000000
00000000
0000ABB2
00000000
00000000
00000000
00000000
00000000
00000000
00000000
0000ABB2
00000000
00000000
00000000
00000000
00000000
00000000
00000000
0000ABB2
00000000
00000000
00000000
00000000
00000000
00000000
00000000
0000ABB2
00000000
00000000
00000000
00000000
00000000
00000000
00000000
0000ABB2
00000000
00000000
00000000
00000000
00000000
00000000
00000000
0000ABB2
00000000
00000000
00000000
00000000
00000000
00000000
00000000
0000ABB2
00000000
00000000
00000000
00000000
00000000
00000000
00000000
0000ABB2
00000000
00000000
00000000
00000000
00000000
00000000
00000000
0000ABB2
00000000
00000000
00000000
00000000
00000000
00000000
00000000
0000ABB2
00000000
00000000
00000000
00000000
00000000
00000000
00000000
0000ABB2
00000000
00000000
00000000
00000000
00000000
00000000
00000000
0000ABB2
00000000
00000000
00000000
00000000
00000000
00000000
00000000
0000ABB2
00000000
00000000
00000000
00000000
00000000
00000000
00000000
0000ABB2
00000000
00000000
00000000
00000000
00000000
00000000
00000000
0000ABB2
00000000
00000000
00000000
00000000
00000000
00000000
00000000
0000ABB2
00000000
00000000
00000000
00000000
00000000
00000000
00000000
0000ABB2
00000000
00000000
00000000
00000000
00000000
00000000
00000000
0000ABB2
00000000
00000000
00000000
00000000
00000000
00000000
00000000
0000ABB2
00000000
00000000
00000000
00000000
00000000
00000000
00000000
0000ABB2
00000000
00000000
00000000
00000000
00000000
00000000
00000000
0000ABB2
00000000
00000000
00000000
00000000
00000000
00000000
00000000
0000ABB2
00000000
00000000
00000000
00000000
00000000
00000000
00000000
0000ABB2
00000000
00000000
00000000
00000000
00000000
00000000
00000000
0000ABB2
00000000
00000000
00000000
00000000
00000000
00000000
00000000
0000ABB2
00000000
00000000
00000000
00000000
00000000
00000000
00000000
0000ABB2
00000000
00000000
00000000
00000000
00000000
00000000
00000000
0000ABB2
00000000
00000000
00000000
00000000
00000000
00000000
00000000
0000ABB2
00000000
00000000
00000000
00000000
00000000
00000000
00000000
0000ABB2
00000000
00000000
00000000
00000000
00000000
00000000
00000000
0000ABB2
00000000
00000000
00000000
00000000
00000000
00000000
00000000
0000ABB2
00000000
00000000
00000000
00000000
00000000
00000000
00000000
0000ABB2
00000000
00000000
00000000
00000000
00000000
00000000
00000000
0000ABB2
00000000
00000000
00000000
00000000
00000000
00000000
00000000
0000ABB2
00000000
00000000
00000000
00000000
00000000
00000000
00000000
0000ABB2
00000000
00000000
00000000
00000000
00000000
00000000
00000000
0000ABB2
00000000
00000000
00000000
00000000
00000000
00000000
00000000
0000ABB2
00000000
00000000
00000000
00000000
00000000
00000000
00000000
