Copyright 1986-2021 Xilinx, Inc. All Rights Reserved.
------------------------------------------------------------------------------------------------------------------------------------------------------------------------------------------------------------
| Tool Version      : Vivado v.2021.2 (win64) Build 3367213 Tue Oct 19 02:48:09 MDT 2021
| Date              : Sun Sep 27 01:09:50 2026
| Host              : REDACTED_HOST running 64-bit major release  (build 9200)
| Command           : report_timing_summary -delay_type max -max_paths 20 -file {E:/Workspace/CNS2FPGA/code/15_Runtime Reconfigurable Deployment/reports/runtime_jtag_200mhz/post_synth_timing_summary.rpt}
| Design            : cns2fpga_axku115_jtag_top
| Device            : xcku115-flva1517
| Speed File        : -2  PRODUCTION 1.26 12-04-2018
| Temperature Grade : I
------------------------------------------------------------------------------------------------------------------------------------------------------------------------------------------------------------

Timing Summary Report

------------------------------------------------------------------------------------------------
| Timer Settings
| --------------
------------------------------------------------------------------------------------------------

  Enable Multi Corner Analysis               :  Yes
  Enable Pessimism Removal                   :  Yes
  Pessimism Removal Resolution               :  Nearest Common Node
  Enable Input Delay Default Clock           :  No
  Enable Preset / Clear Arcs                 :  No
  Disable Flight Delays                      :  No
  Ignore I/O Paths                           :  No
  Timing Early Launch at Borrowing Latches   :  No
  Borrow Time for Max Delay Exceptions       :  Yes
  Merge Timing Exceptions                    :  Yes

  Corner  Analyze    Analyze    
  Name    Max Paths  Min Paths  
  ------  ---------  ---------  
  Slow    Yes        Yes        
  Fast    Yes        Yes        


------------------------------------------------------------------------------------------------
| Report Methodology
| ------------------
------------------------------------------------------------------------------------------------

No report available as report_methodology has not been run prior. Run report_methodology on the current design for the summary of methodology violations.



check_timing report

Table of Contents
-----------------
1. checking no_clock (1124)
2. checking constant_clock (0)
3. checking pulse_width_clock (0)
4. checking unconstrained_internal_endpoints (3190)
5. checking no_input_delay (0)
6. checking no_output_delay (2)
7. checking multiple_clock (0)
8. checking generated_clocks (0)
9. checking loops (0)
10. checking partial_input_delay (0)
11. checking partial_output_delay (0)
12. checking latch_loops (0)

1. checking no_clock (1124)
---------------------------
 There are 1124 register/latch pins with no clock driven by root clock pin: dbg_hub/sl_iport0_o[1] (HIGH)


2. checking constant_clock (0)
------------------------------
 There are 0 register/latch pins with constant_clock.


3. checking pulse_width_clock (0)
---------------------------------
 There are 0 register/latch pins which need pulse_width check


4. checking unconstrained_internal_endpoints (3190)
---------------------------------------------------
 There are 3190 pins that are not constrained for maximum delay. (HIGH)

 There are 0 pins that are not constrained for maximum delay due to constant clock.


5. checking no_input_delay (0)
------------------------------
 There are 0 input ports with no input delay specified.

 There are 0 input ports with no input delay but user has a false path constraint.


6. checking no_output_delay (2)
-------------------------------
 There are 0 ports with no output delay specified.

 There are 2 ports with no output delay but user has a false path constraint (MEDIUM)

 There are 0 ports with no output delay but with a timing clock defined on it or propagating through it


7. checking multiple_clock (0)
------------------------------
 There are 0 register/latch pins with multiple clocks.


8. checking generated_clocks (0)
--------------------------------
 There are 0 generated clocks that are not connected to a clock source.


9. checking loops (0)
---------------------
 There are 0 combinational loops in the design.


10. checking partial_input_delay (0)
------------------------------------
 There are 0 input ports with partial input delay specified.


11. checking partial_output_delay (0)
-------------------------------------
 There are 0 ports with partial output delay specified.


12. checking latch_loops (0)
----------------------------
 There are 0 combinational latch loops in the design through latch input



------------------------------------------------------------------------------------------------
| Design Timing Summary
| ---------------------
------------------------------------------------------------------------------------------------

    WNS(ns)      TNS(ns)  TNS Failing Endpoints  TNS Total Endpoints     WPWS(ns)     TPWS(ns)  TPWS Failing Endpoints  TPWS Total Endpoints  
    -------      -------  ---------------------  -------------------     --------     --------  ----------------------  --------------------  
      1.219        0.000                      0               191306        1.520        0.000                       0                 27259  


All user specified timing constraints are met.


------------------------------------------------------------------------------------------------
| Clock Summary
| -------------
------------------------------------------------------------------------------------------------

Clock            Waveform(ns)         Period(ns)      Frequency(MHz)
-----            ------------         ----------      --------------
clk_50m          {0.000 10.000}       20.000          50.000          
  clk_200m_mmcm  {0.000 2.500}        5.000           200.000         
  clkfb_mmcm     {0.000 10.000}       20.000          50.000          


------------------------------------------------------------------------------------------------
| Intra Clock Table
| -----------------
------------------------------------------------------------------------------------------------

Clock                WNS(ns)      TNS(ns)  TNS Failing Endpoints  TNS Total Endpoints     WPWS(ns)     TPWS(ns)  TPWS Failing Endpoints  TPWS Total Endpoints  
-----                -------      -------  ---------------------  -------------------     --------     --------  ----------------------  --------------------  
clk_50m                                                                                      4.000        0.000                       0                     1  
  clk_200m_mmcm        1.219        0.000                      0               191258        1.520        0.000                       0                 27255  
  clkfb_mmcm                                                                                18.621        0.000                       0                     3  


------------------------------------------------------------------------------------------------
| Inter Clock Table
| -----------------
------------------------------------------------------------------------------------------------

From Clock     To Clock           WNS(ns)      TNS(ns)  TNS Failing Endpoints  TNS Total Endpoints  
----------     --------           -------      -------  ---------------------  -------------------  
               clk_200m_mmcm      999.732        0.000                      0                   24  


------------------------------------------------------------------------------------------------
| Other Path Groups Table
| -----------------------
------------------------------------------------------------------------------------------------

Path Group     From Clock     To Clock           WNS(ns)      TNS(ns)  TNS Failing Endpoints  TNS Total Endpoints  
----------     ----------     --------           -------      -------  ---------------------  -------------------  
**default**    clk_200m_mmcm                       4.732        0.000                      0                   24  


------------------------------------------------------------------------------------------------
| Timing Details
| --------------
------------------------------------------------------------------------------------------------


---------------------------------------------------------------------------------------------------
From Clock:  clk_50m
  To Clock:  clk_50m

Setup :           NA  Failing Endpoints,  Worst Slack           NA  ,  Total Violation           NA
Hold  :           NA  Failing Endpoints,  Worst Slack           NA  ,  Total Violation           NA
PW    :            0  Failing Endpoints,  Worst Slack        4.000ns,  Total Violation        0.000ns
---------------------------------------------------------------------------------------------------


Pulse Width Checks
--------------------------------------------------------------------------------------
Clock Name:         clk_50m
Waveform(ns):       { 0.000 10.000 }
Period(ns):         20.000
Sources:            { clk_50m }

Check Type        Corner  Lib Pin            Reference Pin  Required(ns)  Actual(ns)  Slack(ns)  Location  Pin
Min Period        n/a     MMCME3_ADV/CLKIN1  n/a            1.071         20.000      18.929               clock_manager/CLKIN1
Low Pulse Width   Slow    MMCME3_ADV/CLKIN1  n/a            6.000         10.000      4.000                clock_manager/CLKIN1
Low Pulse Width   Fast    MMCME3_ADV/CLKIN1  n/a            6.000         10.000      4.000                clock_manager/CLKIN1
High Pulse Width  Slow    MMCME3_ADV/CLKIN1  n/a            6.000         10.000      4.000                clock_manager/CLKIN1
High Pulse Width  Fast    MMCME3_ADV/CLKIN1  n/a            6.000         10.000      4.000                clock_manager/CLKIN1



---------------------------------------------------------------------------------------------------
From Clock:  clk_200m_mmcm
  To Clock:  clk_200m_mmcm

Setup :            0  Failing Endpoints,  Worst Slack        1.219ns,  Total Violation        0.000ns
Hold  :           NA  Failing Endpoints,  Worst Slack           NA  ,  Total Violation           NA
PW    :            0  Failing Endpoints,  Worst Slack        1.520ns,  Total Violation        0.000ns
---------------------------------------------------------------------------------------------------


Max Delay Paths
--------------------------------------------------------------------------------------
Slack (MET) :             1.219ns  (required time - arrival time)
  Source:                 experiment/core/syn_current_mem_reg_1_2/CLKBWRCLK
                            (rising edge-triggered cell RAMB36E2 clocked by clk_200m_mmcm  {rise@0.000ns fall@2.500ns period=5.000ns})
  Destination:            experiment/core/syn_current_mem_reg_1_7/DINADIN[0]
                            (rising edge-triggered cell RAMB36E2 clocked by clk_200m_mmcm  {rise@0.000ns fall@2.500ns period=5.000ns})
  Path Group:             clk_200m_mmcm
  Path Type:              Setup (Max at Slow Process Corner)
  Requirement:            5.000ns  (clk_200m_mmcm rise@5.000ns - clk_200m_mmcm rise@0.000ns)
  Data Path Delay:        2.989ns  (logic 2.187ns (73.168%)  route 0.802ns (26.832%))
  Logic Levels:           5  (CARRY8=3 LUT2=1 LUT5=1)
  Clock Path Skew:        -0.145ns (DCD - SCD + CPR)
    Destination Clock Delay (DCD):    -0.623ns = ( 4.377 - 5.000 ) 
    Source Clock Delay      (SCD):    0.013ns
    Clock Pessimism Removal (CPR):    0.492ns
  Clock Uncertainty:      0.245ns  ((TSJ^2 + DJ^2)^1/2) / 2 + PE + UU
    Total System Jitter     (TSJ):    0.071ns
    Discrete Jitter          (DJ):    0.056ns
    Phase Error              (PE):    0.000ns
    User Uncertainty         (UU):    0.200ns

    Location             Delay type                Incr(ns)  Path(ns)    Netlist Resource(s)
  -------------------------------------------------------------------    -------------------
                         (clock clk_200m_mmcm rise edge)
                                                      0.000     0.000 r  
    AL14                                              0.000     0.000 r  clk_50m (IN)
                         net (fo=0)                   0.000     0.000    clock_input_buffer/I
    AL14                 INBUF (Prop_INBUF_HRIO_PAD_O)
                                                      0.922     0.922 r  clock_input_buffer/INBUF_INST/O
                         net (fo=1, routed)           0.092     1.014    clock_input_buffer/OUT
    AL14                 IBUFCTRL (Prop_IBUFCTRL_HRIO_I_O)
                                                      0.043     1.057 r  clock_input_buffer/IBUFCTRL_INST/O
                         net (fo=1, unplaced)         0.785     1.842    clk_50m_ibuf
                         MMCME3_ADV (Prop_MMCME3_ADV_CLKIN1_CLKOUT0)
                                                     -4.854    -3.012 r  clock_manager/CLKOUT0
                         net (fo=1, unplaced)         0.358    -2.654    clk_200m_mmcm
                         BUFGCE (Prop_BUFGCE_I_O)     0.083    -2.571 r  system_clock_buffer/O
                         net (fo=27274, unplaced)     2.584     0.013    experiment/core/clk_200m
                         RAMB36E2                                     r  experiment/core/syn_current_mem_reg_1_2/CLKBWRCLK
  -------------------------------------------------------------------    -------------------
                         RAMB36E2 (Prop_RAMB36E2_CLKBWRCLK_DOUTBDOUT[0])
                                                      1.416     1.429 r  experiment/core/syn_current_mem_reg_1_2/DOUTBDOUT[0]
                         net (fo=2, unplaced)         0.349     1.778    experiment/core/accumulator_adder/accumulator_read0_out[8]
                         LUT2 (Prop_LUT2_I0_O)        0.071     1.849 r  experiment/core/accumulator_adder/syn_current_mem_reg_1_2_i_13/O
                         net (fo=1, unplaced)         0.000     1.849    experiment/core/accumulator_adder/syn_current_mem_reg_1_2_i_13_n_0
                         CARRY8 (Prop_CARRY8_S[0]_CO[7])
                                                      0.413     2.262 r  experiment/core/accumulator_adder/syn_current_mem_reg_1_2_i_5/CO[7]
                         net (fo=1, unplaced)         0.000     2.262    experiment/core/accumulator_adder/syn_current_mem_reg_1_2_i_5_n_0
                         CARRY8 (Prop_CARRY8_CI_CO[7])
                                                      0.031     2.293 r  experiment/core/accumulator_adder/syn_current_mem_reg_1_4_i_5/CO[7]
                         net (fo=1, unplaced)         0.000     2.293    experiment/core/accumulator_adder/syn_current_mem_reg_1_4_i_5_n_0
                         CARRY8 (Prop_CARRY8_CI_O[4])
                                                      0.141     2.434 r  experiment/core/accumulator_adder/syn_current_mem_reg_1_6_i_5/O[4]
                         net (fo=1, unplaced)         0.253     2.687    experiment/core/accumulator_adder/accumulator_sum[28]
                         LUT5 (Prop_LUT5_I0_O)        0.115     2.802 r  experiment/core/accumulator_adder/syn_current_mem_reg_1_7_i_4/O
                         net (fo=2, unplaced)         0.200     3.002    experiment/core/accumulator_adder_n_7
                         RAMB36E2                                     r  experiment/core/syn_current_mem_reg_1_7/DINADIN[0]
  -------------------------------------------------------------------    -------------------

                         (clock clk_200m_mmcm rise edge)
                                                      5.000     5.000 r  
    AL14                                              0.000     5.000 r  clk_50m (IN)
                         net (fo=0)                   0.000     5.000    clock_input_buffer/I
    AL14                 INBUF (Prop_INBUF_HRIO_PAD_O)
                                                      0.656     5.656 r  clock_input_buffer/INBUF_INST/O
                         net (fo=1, routed)           0.059     5.715    clock_input_buffer/OUT
    AL14                 IBUFCTRL (Prop_IBUFCTRL_HRIO_I_O)
                                                      0.032     5.747 r  clock_input_buffer/IBUFCTRL_INST/O
                         net (fo=1, unplaced)         0.708     6.455    clk_50m_ibuf
                         MMCME3_ADV (Prop_MMCME3_ADV_CLKIN1_CLKOUT0)
                                                     -4.900     1.555 r  clock_manager/CLKOUT0
                         net (fo=1, unplaced)         0.308     1.863    clk_200m_mmcm
                         BUFGCE (Prop_BUFGCE_I_O)     0.075     1.938 r  system_clock_buffer/O
                         net (fo=27274, unplaced)     2.439     4.377    experiment/core/clk_200m
                         RAMB36E2                                     r  experiment/core/syn_current_mem_reg_1_7/CLKARDCLK
                         clock pessimism              0.492     4.868    
                         clock uncertainty           -0.245     4.623    
                         RAMB36E2 (Setup_RAMB36E2_CLKARDCLK_DINADIN[0])
                                                     -0.402     4.221    experiment/core/syn_current_mem_reg_1_7
  -------------------------------------------------------------------
                         required time                          4.221    
                         arrival time                          -3.002    
  -------------------------------------------------------------------
                         slack                                  1.219    

Slack (MET) :             1.219ns  (required time - arrival time)
  Source:                 experiment/core/syn_current_mem_reg_1_2/CLKBWRCLK
                            (rising edge-triggered cell RAMB36E2 clocked by clk_200m_mmcm  {rise@0.000ns fall@2.500ns period=5.000ns})
  Destination:            experiment/core/syn_current_mem_reg_2_7/DINADIN[0]
                            (rising edge-triggered cell RAMB36E2 clocked by clk_200m_mmcm  {rise@0.000ns fall@2.500ns period=5.000ns})
  Path Group:             clk_200m_mmcm
  Path Type:              Setup (Max at Slow Process Corner)
  Requirement:            5.000ns  (clk_200m_mmcm rise@5.000ns - clk_200m_mmcm rise@0.000ns)
  Data Path Delay:        2.989ns  (logic 2.187ns (73.168%)  route 0.802ns (26.832%))
  Logic Levels:           5  (CARRY8=3 LUT2=1 LUT5=1)
  Clock Path Skew:        -0.145ns (DCD - SCD + CPR)
    Destination Clock Delay (DCD):    -0.623ns = ( 4.377 - 5.000 ) 
    Source Clock Delay      (SCD):    0.013ns
    Clock Pessimism Removal (CPR):    0.492ns
  Clock Uncertainty:      0.245ns  ((TSJ^2 + DJ^2)^1/2) / 2 + PE + UU
    Total System Jitter     (TSJ):    0.071ns
    Discrete Jitter          (DJ):    0.056ns
    Phase Error              (PE):    0.000ns
    User Uncertainty         (UU):    0.200ns

    Location             Delay type                Incr(ns)  Path(ns)    Netlist Resource(s)
  -------------------------------------------------------------------    -------------------
                         (clock clk_200m_mmcm rise edge)
                                                      0.000     0.000 r  
    AL14                                              0.000     0.000 r  clk_50m (IN)
                         net (fo=0)                   0.000     0.000    clock_input_buffer/I
    AL14                 INBUF (Prop_INBUF_HRIO_PAD_O)
                                                      0.922     0.922 r  clock_input_buffer/INBUF_INST/O
                         net (fo=1, routed)           0.092     1.014    clock_input_buffer/OUT
    AL14                 IBUFCTRL (Prop_IBUFCTRL_HRIO_I_O)
                                                      0.043     1.057 r  clock_input_buffer/IBUFCTRL_INST/O
                         net (fo=1, unplaced)         0.785     1.842    clk_50m_ibuf
                         MMCME3_ADV (Prop_MMCME3_ADV_CLKIN1_CLKOUT0)
                                                     -4.854    -3.012 r  clock_manager/CLKOUT0
                         net (fo=1, unplaced)         0.358    -2.654    clk_200m_mmcm
                         BUFGCE (Prop_BUFGCE_I_O)     0.083    -2.571 r  system_clock_buffer/O
                         net (fo=27274, unplaced)     2.584     0.013    experiment/core/clk_200m
                         RAMB36E2                                     r  experiment/core/syn_current_mem_reg_1_2/CLKBWRCLK
  -------------------------------------------------------------------    -------------------
                         RAMB36E2 (Prop_RAMB36E2_CLKBWRCLK_DOUTBDOUT[0])
                                                      1.416     1.429 r  experiment/core/syn_current_mem_reg_1_2/DOUTBDOUT[0]
                         net (fo=2, unplaced)         0.349     1.778    experiment/core/accumulator_adder/accumulator_read0_out[8]
                         LUT2 (Prop_LUT2_I0_O)        0.071     1.849 r  experiment/core/accumulator_adder/syn_current_mem_reg_1_2_i_13/O
                         net (fo=1, unplaced)         0.000     1.849    experiment/core/accumulator_adder/syn_current_mem_reg_1_2_i_13_n_0
                         CARRY8 (Prop_CARRY8_S[0]_CO[7])
                                                      0.413     2.262 r  experiment/core/accumulator_adder/syn_current_mem_reg_1_2_i_5/CO[7]
                         net (fo=1, unplaced)         0.000     2.262    experiment/core/accumulator_adder/syn_current_mem_reg_1_2_i_5_n_0
                         CARRY8 (Prop_CARRY8_CI_CO[7])
                                                      0.031     2.293 r  experiment/core/accumulator_adder/syn_current_mem_reg_1_4_i_5/CO[7]
                         net (fo=1, unplaced)         0.000     2.293    experiment/core/accumulator_adder/syn_current_mem_reg_1_4_i_5_n_0
                         CARRY8 (Prop_CARRY8_CI_O[4])
                                                      0.141     2.434 r  experiment/core/accumulator_adder/syn_current_mem_reg_1_6_i_5/O[4]
                         net (fo=1, unplaced)         0.253     2.687    experiment/core/accumulator_adder/accumulator_sum[28]
                         LUT5 (Prop_LUT5_I0_O)        0.115     2.802 r  experiment/core/accumulator_adder/syn_current_mem_reg_1_7_i_4/O
                         net (fo=2, unplaced)         0.200     3.002    experiment/core/accumulator_adder_n_7
                         RAMB36E2                                     r  experiment/core/syn_current_mem_reg_2_7/DINADIN[0]
  -------------------------------------------------------------------    -------------------

                         (clock clk_200m_mmcm rise edge)
                                                      5.000     5.000 r  
    AL14                                              0.000     5.000 r  clk_50m (IN)
                         net (fo=0)                   0.000     5.000    clock_input_buffer/I
    AL14                 INBUF (Prop_INBUF_HRIO_PAD_O)
                                                      0.656     5.656 r  clock_input_buffer/INBUF_INST/O
                         net (fo=1, routed)           0.059     5.715    clock_input_buffer/OUT
    AL14                 IBUFCTRL (Prop_IBUFCTRL_HRIO_I_O)
                                                      0.032     5.747 r  clock_input_buffer/IBUFCTRL_INST/O
                         net (fo=1, unplaced)         0.708     6.455    clk_50m_ibuf
                         MMCME3_ADV (Prop_MMCME3_ADV_CLKIN1_CLKOUT0)
                                                     -4.900     1.555 r  clock_manager/CLKOUT0
                         net (fo=1, unplaced)         0.308     1.863    clk_200m_mmcm
                         BUFGCE (Prop_BUFGCE_I_O)     0.075     1.938 r  system_clock_buffer/O
                         net (fo=27274, unplaced)     2.439     4.377    experiment/core/clk_200m
                         RAMB36E2                                     r  experiment/core/syn_current_mem_reg_2_7/CLKARDCLK
                         clock pessimism              0.492     4.868    
                         clock uncertainty           -0.245     4.623    
                         RAMB36E2 (Setup_RAMB36E2_CLKARDCLK_DINADIN[0])
                                                     -0.402     4.221    experiment/core/syn_current_mem_reg_2_7
  -------------------------------------------------------------------
                         required time                          4.221    
                         arrival time                          -3.002    
  -------------------------------------------------------------------
                         slack                                  1.219    

Slack (MET) :             1.247ns  (required time - arrival time)
  Source:                 experiment/core/syn_current_mem_reg_1_2/CLKBWRCLK
                            (rising edge-triggered cell RAMB36E2 clocked by clk_200m_mmcm  {rise@0.000ns fall@2.500ns period=5.000ns})
  Destination:            experiment/core/syn_current_mem_reg_1_7/DINADIN[1]
                            (rising edge-triggered cell RAMB36E2 clocked by clk_200m_mmcm  {rise@0.000ns fall@2.500ns period=5.000ns})
  Path Group:             clk_200m_mmcm
  Path Type:              Setup (Max at Slow Process Corner)
  Requirement:            5.000ns  (clk_200m_mmcm rise@5.000ns - clk_200m_mmcm rise@0.000ns)
  Data Path Delay:        3.006ns  (logic 2.220ns (73.852%)  route 0.786ns (26.148%))
  Logic Levels:           5  (CARRY8=3 LUT2=1 LUT5=1)
  Clock Path Skew:        -0.145ns (DCD - SCD + CPR)
    Destination Clock Delay (DCD):    -0.623ns = ( 4.377 - 5.000 ) 
    Source Clock Delay      (SCD):    0.013ns
    Clock Pessimism Removal (CPR):    0.492ns
  Clock Uncertainty:      0.245ns  ((TSJ^2 + DJ^2)^1/2) / 2 + PE + UU
    Total System Jitter     (TSJ):    0.071ns
    Discrete Jitter          (DJ):    0.056ns
    Phase Error              (PE):    0.000ns
    User Uncertainty         (UU):    0.200ns

    Location             Delay type                Incr(ns)  Path(ns)    Netlist Resource(s)
  -------------------------------------------------------------------    -------------------
                         (clock clk_200m_mmcm rise edge)
                                                      0.000     0.000 r  
    AL14                                              0.000     0.000 r  clk_50m (IN)
                         net (fo=0)                   0.000     0.000    clock_input_buffer/I
    AL14                 INBUF (Prop_INBUF_HRIO_PAD_O)
                                                      0.922     0.922 r  clock_input_buffer/INBUF_INST/O
                         net (fo=1, routed)           0.092     1.014    clock_input_buffer/OUT
    AL14                 IBUFCTRL (Prop_IBUFCTRL_HRIO_I_O)
                                                      0.043     1.057 r  clock_input_buffer/IBUFCTRL_INST/O
                         net (fo=1, unplaced)         0.785     1.842    clk_50m_ibuf
                         MMCME3_ADV (Prop_MMCME3_ADV_CLKIN1_CLKOUT0)
                                                     -4.854    -3.012 r  clock_manager/CLKOUT0
                         net (fo=1, unplaced)         0.358    -2.654    clk_200m_mmcm
                         BUFGCE (Prop_BUFGCE_I_O)     0.083    -2.571 r  system_clock_buffer/O
                         net (fo=27274, unplaced)     2.584     0.013    experiment/core/clk_200m
                         RAMB36E2                                     r  experiment/core/syn_current_mem_reg_1_2/CLKBWRCLK
  -------------------------------------------------------------------    -------------------
                         RAMB36E2 (Prop_RAMB36E2_CLKBWRCLK_DOUTBDOUT[0])
                                                      1.416     1.429 r  experiment/core/syn_current_mem_reg_1_2/DOUTBDOUT[0]
                         net (fo=2, unplaced)         0.349     1.778    experiment/core/accumulator_adder/accumulator_read0_out[8]
                         LUT2 (Prop_LUT2_I0_O)        0.071     1.849 r  experiment/core/accumulator_adder/syn_current_mem_reg_1_2_i_13/O
                         net (fo=1, unplaced)         0.000     1.849    experiment/core/accumulator_adder/syn_current_mem_reg_1_2_i_13_n_0
                         CARRY8 (Prop_CARRY8_S[0]_CO[7])
                                                      0.413     2.262 r  experiment/core/accumulator_adder/syn_current_mem_reg_1_2_i_5/CO[7]
                         net (fo=1, unplaced)         0.000     2.262    experiment/core/accumulator_adder/syn_current_mem_reg_1_2_i_5_n_0
                         CARRY8 (Prop_CARRY8_CI_CO[7])
                                                      0.031     2.293 r  experiment/core/accumulator_adder/syn_current_mem_reg_1_4_i_5/CO[7]
                         net (fo=1, unplaced)         0.000     2.293    experiment/core/accumulator_adder/syn_current_mem_reg_1_4_i_5_n_0
                         CARRY8 (Prop_CARRY8_CI_O[5])
                                                      0.174     2.467 r  experiment/core/accumulator_adder/syn_current_mem_reg_1_6_i_5/O[5]
                         net (fo=1, unplaced)         0.218     2.685    experiment/core/accumulator_adder/accumulator_sum[29]
                         LUT5 (Prop_LUT5_I0_O)        0.115     2.800 r  experiment/core/accumulator_adder/syn_current_mem_reg_1_7_i_3/O
                         net (fo=2, unplaced)         0.219     3.019    experiment/core/accumulator_adder_n_6
                         RAMB36E2                                     r  experiment/core/syn_current_mem_reg_1_7/DINADIN[1]
  -------------------------------------------------------------------    -------------------

                         (clock clk_200m_mmcm rise edge)
                                                      5.000     5.000 r  
    AL14                                              0.000     5.000 r  clk_50m (IN)
                         net (fo=0)                   0.000     5.000    clock_input_buffer/I
    AL14                 INBUF (Prop_INBUF_HRIO_PAD_O)
                                                      0.656     5.656 r  clock_input_buffer/INBUF_INST/O
                         net (fo=1, routed)           0.059     5.715    clock_input_buffer/OUT
    AL14                 IBUFCTRL (Prop_IBUFCTRL_HRIO_I_O)
                                                      0.032     5.747 r  clock_input_buffer/IBUFCTRL_INST/O
                         net (fo=1, unplaced)         0.708     6.455    clk_50m_ibuf
                         MMCME3_ADV (Prop_MMCME3_ADV_CLKIN1_CLKOUT0)
                                                     -4.900     1.555 r  clock_manager/CLKOUT0
                         net (fo=1, unplaced)         0.308     1.863    clk_200m_mmcm
                         BUFGCE (Prop_BUFGCE_I_O)     0.075     1.938 r  system_clock_buffer/O
                         net (fo=27274, unplaced)     2.439     4.377    experiment/core/clk_200m
                         RAMB36E2                                     r  experiment/core/syn_current_mem_reg_1_7/CLKARDCLK
                         clock pessimism              0.492     4.868    
                         clock uncertainty           -0.245     4.623    
                         RAMB36E2 (Setup_RAMB36E2_CLKARDCLK_DINADIN[1])
                                                     -0.357     4.266    experiment/core/syn_current_mem_reg_1_7
  -------------------------------------------------------------------
                         required time                          4.266    
                         arrival time                          -3.019    
  -------------------------------------------------------------------
                         slack                                  1.247    

Slack (MET) :             1.247ns  (required time - arrival time)
  Source:                 experiment/core/syn_current_mem_reg_1_2/CLKBWRCLK
                            (rising edge-triggered cell RAMB36E2 clocked by clk_200m_mmcm  {rise@0.000ns fall@2.500ns period=5.000ns})
  Destination:            experiment/core/syn_current_mem_reg_2_7/DINADIN[1]
                            (rising edge-triggered cell RAMB36E2 clocked by clk_200m_mmcm  {rise@0.000ns fall@2.500ns period=5.000ns})
  Path Group:             clk_200m_mmcm
  Path Type:              Setup (Max at Slow Process Corner)
  Requirement:            5.000ns  (clk_200m_mmcm rise@5.000ns - clk_200m_mmcm rise@0.000ns)
  Data Path Delay:        3.006ns  (logic 2.220ns (73.852%)  route 0.786ns (26.148%))
  Logic Levels:           5  (CARRY8=3 LUT2=1 LUT5=1)
  Clock Path Skew:        -0.145ns (DCD - SCD + CPR)
    Destination Clock Delay (DCD):    -0.623ns = ( 4.377 - 5.000 ) 
    Source Clock Delay      (SCD):    0.013ns
    Clock Pessimism Removal (CPR):    0.492ns
  Clock Uncertainty:      0.245ns  ((TSJ^2 + DJ^2)^1/2) / 2 + PE + UU
    Total System Jitter     (TSJ):    0.071ns
    Discrete Jitter          (DJ):    0.056ns
    Phase Error              (PE):    0.000ns
    User Uncertainty         (UU):    0.200ns

    Location             Delay type                Incr(ns)  Path(ns)    Netlist Resource(s)
  -------------------------------------------------------------------    -------------------
                         (clock clk_200m_mmcm rise edge)
                                                      0.000     0.000 r  
    AL14                                              0.000     0.000 r  clk_50m (IN)
                         net (fo=0)                   0.000     0.000    clock_input_buffer/I
    AL14                 INBUF (Prop_INBUF_HRIO_PAD_O)
                                                      0.922     0.922 r  clock_input_buffer/INBUF_INST/O
                         net (fo=1, routed)           0.092     1.014    clock_input_buffer/OUT
    AL14                 IBUFCTRL (Prop_IBUFCTRL_HRIO_I_O)
                                                      0.043     1.057 r  clock_input_buffer/IBUFCTRL_INST/O
                         net (fo=1, unplaced)         0.785     1.842    clk_50m_ibuf
                         MMCME3_ADV (Prop_MMCME3_ADV_CLKIN1_CLKOUT0)
                                                     -4.854    -3.012 r  clock_manager/CLKOUT0
                         net (fo=1, unplaced)         0.358    -2.654    clk_200m_mmcm
                         BUFGCE (Prop_BUFGCE_I_O)     0.083    -2.571 r  system_clock_buffer/O
                         net (fo=27274, unplaced)     2.584     0.013    experiment/core/clk_200m
                         RAMB36E2                                     r  experiment/core/syn_current_mem_reg_1_2/CLKBWRCLK
  -------------------------------------------------------------------    -------------------
                         RAMB36E2 (Prop_RAMB36E2_CLKBWRCLK_DOUTBDOUT[0])
                                                      1.416     1.429 r  experiment/core/syn_current_mem_reg_1_2/DOUTBDOUT[0]
                         net (fo=2, unplaced)         0.349     1.778    experiment/core/accumulator_adder/accumulator_read0_out[8]
                         LUT2 (Prop_LUT2_I0_O)        0.071     1.849 r  experiment/core/accumulator_adder/syn_current_mem_reg_1_2_i_13/O
                         net (fo=1, unplaced)         0.000     1.849    experiment/core/accumulator_adder/syn_current_mem_reg_1_2_i_13_n_0
                         CARRY8 (Prop_CARRY8_S[0]_CO[7])
                                                      0.413     2.262 r  experiment/core/accumulator_adder/syn_current_mem_reg_1_2_i_5/CO[7]
                         net (fo=1, unplaced)         0.000     2.262    experiment/core/accumulator_adder/syn_current_mem_reg_1_2_i_5_n_0
                         CARRY8 (Prop_CARRY8_CI_CO[7])
                                                      0.031     2.293 r  experiment/core/accumulator_adder/syn_current_mem_reg_1_4_i_5/CO[7]
                         net (fo=1, unplaced)         0.000     2.293    experiment/core/accumulator_adder/syn_current_mem_reg_1_4_i_5_n_0
                         CARRY8 (Prop_CARRY8_CI_O[5])
                                                      0.174     2.467 r  experiment/core/accumulator_adder/syn_current_mem_reg_1_6_i_5/O[5]
                         net (fo=1, unplaced)         0.218     2.685    experiment/core/accumulator_adder/accumulator_sum[29]
                         LUT5 (Prop_LUT5_I0_O)        0.115     2.800 r  experiment/core/accumulator_adder/syn_current_mem_reg_1_7_i_3/O
                         net (fo=2, unplaced)         0.219     3.019    experiment/core/accumulator_adder_n_6
                         RAMB36E2                                     r  experiment/core/syn_current_mem_reg_2_7/DINADIN[1]
  -------------------------------------------------------------------    -------------------

                         (clock clk_200m_mmcm rise edge)
                                                      5.000     5.000 r  
    AL14                                              0.000     5.000 r  clk_50m (IN)
                         net (fo=0)                   0.000     5.000    clock_input_buffer/I
    AL14                 INBUF (Prop_INBUF_HRIO_PAD_O)
                                                      0.656     5.656 r  clock_input_buffer/INBUF_INST/O
                         net (fo=1, routed)           0.059     5.715    clock_input_buffer/OUT
    AL14                 IBUFCTRL (Prop_IBUFCTRL_HRIO_I_O)
                                                      0.032     5.747 r  clock_input_buffer/IBUFCTRL_INST/O
                         net (fo=1, unplaced)         0.708     6.455    clk_50m_ibuf
                         MMCME3_ADV (Prop_MMCME3_ADV_CLKIN1_CLKOUT0)
                                                     -4.900     1.555 r  clock_manager/CLKOUT0
                         net (fo=1, unplaced)         0.308     1.863    clk_200m_mmcm
                         BUFGCE (Prop_BUFGCE_I_O)     0.075     1.938 r  system_clock_buffer/O
                         net (fo=27274, unplaced)     2.439     4.377    experiment/core/clk_200m
                         RAMB36E2                                     r  experiment/core/syn_current_mem_reg_2_7/CLKARDCLK
                         clock pessimism              0.492     4.868    
                         clock uncertainty           -0.245     4.623    
                         RAMB36E2 (Setup_RAMB36E2_CLKARDCLK_DINADIN[1])
                                                     -0.357     4.266    experiment/core/syn_current_mem_reg_2_7
  -------------------------------------------------------------------
                         required time                          4.266    
                         arrival time                          -3.019    
  -------------------------------------------------------------------
                         slack                                  1.247    

Slack (MET) :             1.250ns  (required time - arrival time)
  Source:                 experiment/core/syn_current_mem_reg_1_2/CLKBWRCLK
                            (rising edge-triggered cell RAMB36E2 clocked by clk_200m_mmcm  {rise@0.000ns fall@2.500ns period=5.000ns})
  Destination:            experiment/core/syn_current_mem_reg_1_5/DINADIN[0]
                            (rising edge-triggered cell RAMB36E2 clocked by clk_200m_mmcm  {rise@0.000ns fall@2.500ns period=5.000ns})
  Path Group:             clk_200m_mmcm
  Path Type:              Setup (Max at Slow Process Corner)
  Requirement:            5.000ns  (clk_200m_mmcm rise@5.000ns - clk_200m_mmcm rise@0.000ns)
  Data Path Delay:        2.958ns  (logic 2.156ns (72.887%)  route 0.802ns (27.113%))
  Logic Levels:           4  (CARRY8=2 LUT2=1 LUT5=1)
  Clock Path Skew:        -0.145ns (DCD - SCD + CPR)
    Destination Clock Delay (DCD):    -0.623ns = ( 4.377 - 5.000 ) 
    Source Clock Delay      (SCD):    0.013ns
    Clock Pessimism Removal (CPR):    0.492ns
  Clock Uncertainty:      0.245ns  ((TSJ^2 + DJ^2)^1/2) / 2 + PE + UU
    Total System Jitter     (TSJ):    0.071ns
    Discrete Jitter          (DJ):    0.056ns
    Phase Error              (PE):    0.000ns
    User Uncertainty         (UU):    0.200ns

    Location             Delay type                Incr(ns)  Path(ns)    Netlist Resource(s)
  -------------------------------------------------------------------    -------------------
                         (clock clk_200m_mmcm rise edge)
                                                      0.000     0.000 r  
    AL14                                              0.000     0.000 r  clk_50m (IN)
                         net (fo=0)                   0.000     0.000    clock_input_buffer/I
    AL14                 INBUF (Prop_INBUF_HRIO_PAD_O)
                                                      0.922     0.922 r  clock_input_buffer/INBUF_INST/O
                         net (fo=1, routed)           0.092     1.014    clock_input_buffer/OUT
    AL14                 IBUFCTRL (Prop_IBUFCTRL_HRIO_I_O)
                                                      0.043     1.057 r  clock_input_buffer/IBUFCTRL_INST/O
                         net (fo=1, unplaced)         0.785     1.842    clk_50m_ibuf
                         MMCME3_ADV (Prop_MMCME3_ADV_CLKIN1_CLKOUT0)
                                                     -4.854    -3.012 r  clock_manager/CLKOUT0
                         net (fo=1, unplaced)         0.358    -2.654    clk_200m_mmcm
                         BUFGCE (Prop_BUFGCE_I_O)     0.083    -2.571 r  system_clock_buffer/O
                         net (fo=27274, unplaced)     2.584     0.013    experiment/core/clk_200m
                         RAMB36E2                                     r  experiment/core/syn_current_mem_reg_1_2/CLKBWRCLK
  -------------------------------------------------------------------    -------------------
                         RAMB36E2 (Prop_RAMB36E2_CLKBWRCLK_DOUTBDOUT[0])
                                                      1.416     1.429 r  experiment/core/syn_current_mem_reg_1_2/DOUTBDOUT[0]
                         net (fo=2, unplaced)         0.349     1.778    experiment/core/accumulator_adder/accumulator_read0_out[8]
                         LUT2 (Prop_LUT2_I0_O)        0.071     1.849 r  experiment/core/accumulator_adder/syn_current_mem_reg_1_2_i_13/O
                         net (fo=1, unplaced)         0.000     1.849    experiment/core/accumulator_adder/syn_current_mem_reg_1_2_i_13_n_0
                         CARRY8 (Prop_CARRY8_S[0]_CO[7])
                                                      0.413     2.262 r  experiment/core/accumulator_adder/syn_current_mem_reg_1_2_i_5/CO[7]
                         net (fo=1, unplaced)         0.000     2.262    experiment/core/accumulator_adder/syn_current_mem_reg_1_2_i_5_n_0
                         CARRY8 (Prop_CARRY8_CI_O[4])
                                                      0.141     2.403 r  experiment/core/accumulator_adder/syn_current_mem_reg_1_4_i_5/O[4]
                         net (fo=1, unplaced)         0.253     2.656    experiment/core/accumulator_adder/accumulator_sum[20]
                         LUT5 (Prop_LUT5_I0_O)        0.115     2.771 r  experiment/core/accumulator_adder/syn_current_mem_reg_1_5_i_4/O
                         net (fo=2, unplaced)         0.200     2.971    experiment/core/accumulator_adder_n_15
                         RAMB36E2                                     r  experiment/core/syn_current_mem_reg_1_5/DINADIN[0]
  -------------------------------------------------------------------    -------------------

                         (clock clk_200m_mmcm rise edge)
                                                      5.000     5.000 r  
    AL14                                              0.000     5.000 r  clk_50m (IN)
                         net (fo=0)                   0.000     5.000    clock_input_buffer/I
    AL14                 INBUF (Prop_INBUF_HRIO_PAD_O)
                                                      0.656     5.656 r  clock_input_buffer/INBUF_INST/O
                         net (fo=1, routed)           0.059     5.715    clock_input_buffer/OUT
    AL14                 IBUFCTRL (Prop_IBUFCTRL_HRIO_I_O)
                                                      0.032     5.747 r  clock_input_buffer/IBUFCTRL_INST/O
                         net (fo=1, unplaced)         0.708     6.455    clk_50m_ibuf
                         MMCME3_ADV (Prop_MMCME3_ADV_CLKIN1_CLKOUT0)
                                                     -4.900     1.555 r  clock_manager/CLKOUT0
                         net (fo=1, unplaced)         0.308     1.863    clk_200m_mmcm
                         BUFGCE (Prop_BUFGCE_I_O)     0.075     1.938 r  system_clock_buffer/O
                         net (fo=27274, unplaced)     2.439     4.377    experiment/core/clk_200m
                         RAMB36E2                                     r  experiment/core/syn_current_mem_reg_1_5/CLKARDCLK
                         clock pessimism              0.492     4.868    
                         clock uncertainty           -0.245     4.623    
                         RAMB36E2 (Setup_RAMB36E2_CLKARDCLK_DINADIN[0])
                                                     -0.402     4.221    experiment/core/syn_current_mem_reg_1_5
  -------------------------------------------------------------------
                         required time                          4.221    
                         arrival time                          -2.971    
  -------------------------------------------------------------------
                         slack                                  1.250    

Slack (MET) :             1.250ns  (required time - arrival time)
  Source:                 experiment/core/syn_current_mem_reg_1_2/CLKBWRCLK
                            (rising edge-triggered cell RAMB36E2 clocked by clk_200m_mmcm  {rise@0.000ns fall@2.500ns period=5.000ns})
  Destination:            experiment/core/syn_current_mem_reg_2_5/DINADIN[0]
                            (rising edge-triggered cell RAMB36E2 clocked by clk_200m_mmcm  {rise@0.000ns fall@2.500ns period=5.000ns})
  Path Group:             clk_200m_mmcm
  Path Type:              Setup (Max at Slow Process Corner)
  Requirement:            5.000ns  (clk_200m_mmcm rise@5.000ns - clk_200m_mmcm rise@0.000ns)
  Data Path Delay:        2.958ns  (logic 2.156ns (72.887%)  route 0.802ns (27.113%))
  Logic Levels:           4  (CARRY8=2 LUT2=1 LUT5=1)
  Clock Path Skew:        -0.145ns (DCD - SCD + CPR)
    Destination Clock Delay (DCD):    -0.623ns = ( 4.377 - 5.000 ) 
    Source Clock Delay      (SCD):    0.013ns
    Clock Pessimism Removal (CPR):    0.492ns
  Clock Uncertainty:      0.245ns  ((TSJ^2 + DJ^2)^1/2) / 2 + PE + UU
    Total System Jitter     (TSJ):    0.071ns
    Discrete Jitter          (DJ):    0.056ns
    Phase Error              (PE):    0.000ns
    User Uncertainty         (UU):    0.200ns

    Location             Delay type                Incr(ns)  Path(ns)    Netlist Resource(s)
  -------------------------------------------------------------------    -------------------
                         (clock clk_200m_mmcm rise edge)
                                                      0.000     0.000 r  
    AL14                                              0.000     0.000 r  clk_50m (IN)
                         net (fo=0)                   0.000     0.000    clock_input_buffer/I
    AL14                 INBUF (Prop_INBUF_HRIO_PAD_O)
                                                      0.922     0.922 r  clock_input_buffer/INBUF_INST/O
                         net (fo=1, routed)           0.092     1.014    clock_input_buffer/OUT
    AL14                 IBUFCTRL (Prop_IBUFCTRL_HRIO_I_O)
                                                      0.043     1.057 r  clock_input_buffer/IBUFCTRL_INST/O
                         net (fo=1, unplaced)         0.785     1.842    clk_50m_ibuf
                         MMCME3_ADV (Prop_MMCME3_ADV_CLKIN1_CLKOUT0)
                                                     -4.854    -3.012 r  clock_manager/CLKOUT0
                         net (fo=1, unplaced)         0.358    -2.654    clk_200m_mmcm
                         BUFGCE (Prop_BUFGCE_I_O)     0.083    -2.571 r  system_clock_buffer/O
                         net (fo=27274, unplaced)     2.584     0.013    experiment/core/clk_200m
                         RAMB36E2                                     r  experiment/core/syn_current_mem_reg_1_2/CLKBWRCLK
  -------------------------------------------------------------------    -------------------
                         RAMB36E2 (Prop_RAMB36E2_CLKBWRCLK_DOUTBDOUT[0])
                                                      1.416     1.429 r  experiment/core/syn_current_mem_reg_1_2/DOUTBDOUT[0]
                         net (fo=2, unplaced)         0.349     1.778    experiment/core/accumulator_adder/accumulator_read0_out[8]
                         LUT2 (Prop_LUT2_I0_O)        0.071     1.849 r  experiment/core/accumulator_adder/syn_current_mem_reg_1_2_i_13/O
                         net (fo=1, unplaced)         0.000     1.849    experiment/core/accumulator_adder/syn_current_mem_reg_1_2_i_13_n_0
                         CARRY8 (Prop_CARRY8_S[0]_CO[7])
                                                      0.413     2.262 r  experiment/core/accumulator_adder/syn_current_mem_reg_1_2_i_5/CO[7]
                         net (fo=1, unplaced)         0.000     2.262    experiment/core/accumulator_adder/syn_current_mem_reg_1_2_i_5_n_0
                         CARRY8 (Prop_CARRY8_CI_O[4])
                                                      0.141     2.403 r  experiment/core/accumulator_adder/syn_current_mem_reg_1_4_i_5/O[4]
                         net (fo=1, unplaced)         0.253     2.656    experiment/core/accumulator_adder/accumulator_sum[20]
                         LUT5 (Prop_LUT5_I0_O)        0.115     2.771 r  experiment/core/accumulator_adder/syn_current_mem_reg_1_5_i_4/O
                         net (fo=2, unplaced)         0.200     2.971    experiment/core/accumulator_adder_n_15
                         RAMB36E2                                     r  experiment/core/syn_current_mem_reg_2_5/DINADIN[0]
  -------------------------------------------------------------------    -------------------

                         (clock clk_200m_mmcm rise edge)
                                                      5.000     5.000 r  
    AL14                                              0.000     5.000 r  clk_50m (IN)
                         net (fo=0)                   0.000     5.000    clock_input_buffer/I
    AL14                 INBUF (Prop_INBUF_HRIO_PAD_O)
                                                      0.656     5.656 r  clock_input_buffer/INBUF_INST/O
                         net (fo=1, routed)           0.059     5.715    clock_input_buffer/OUT
    AL14                 IBUFCTRL (Prop_IBUFCTRL_HRIO_I_O)
                                                      0.032     5.747 r  clock_input_buffer/IBUFCTRL_INST/O
                         net (fo=1, unplaced)         0.708     6.455    clk_50m_ibuf
                         MMCME3_ADV (Prop_MMCME3_ADV_CLKIN1_CLKOUT0)
                                                     -4.900     1.555 r  clock_manager/CLKOUT0
                         net (fo=1, unplaced)         0.308     1.863    clk_200m_mmcm
                         BUFGCE (Prop_BUFGCE_I_O)     0.075     1.938 r  system_clock_buffer/O
                         net (fo=27274, unplaced)     2.439     4.377    experiment/core/clk_200m
                         RAMB36E2                                     r  experiment/core/syn_current_mem_reg_2_5/CLKARDCLK
                         clock pessimism              0.492     4.868    
                         clock uncertainty           -0.245     4.623    
                         RAMB36E2 (Setup_RAMB36E2_CLKARDCLK_DINADIN[0])
                                                     -0.402     4.221    experiment/core/syn_current_mem_reg_2_5
  -------------------------------------------------------------------
                         required time                          4.221    
                         arrival time                          -2.971    
  -------------------------------------------------------------------
                         slack                                  1.250    

Slack (MET) :             1.278ns  (required time - arrival time)
  Source:                 experiment/core/syn_current_mem_reg_1_2/CLKBWRCLK
                            (rising edge-triggered cell RAMB36E2 clocked by clk_200m_mmcm  {rise@0.000ns fall@2.500ns period=5.000ns})
  Destination:            experiment/core/syn_current_mem_reg_1_5/DINADIN[1]
                            (rising edge-triggered cell RAMB36E2 clocked by clk_200m_mmcm  {rise@0.000ns fall@2.500ns period=5.000ns})
  Path Group:             clk_200m_mmcm
  Path Type:              Setup (Max at Slow Process Corner)
  Requirement:            5.000ns  (clk_200m_mmcm rise@5.000ns - clk_200m_mmcm rise@0.000ns)
  Data Path Delay:        2.975ns  (logic 2.189ns (73.580%)  route 0.786ns (26.420%))
  Logic Levels:           4  (CARRY8=2 LUT2=1 LUT5=1)
  Clock Path Skew:        -0.145ns (DCD - SCD + CPR)
    Destination Clock Delay (DCD):    -0.623ns = ( 4.377 - 5.000 ) 
    Source Clock Delay      (SCD):    0.013ns
    Clock Pessimism Removal (CPR):    0.492ns
  Clock Uncertainty:      0.245ns  ((TSJ^2 + DJ^2)^1/2) / 2 + PE + UU
    Total System Jitter     (TSJ):    0.071ns
    Discrete Jitter          (DJ):    0.056ns
    Phase Error              (PE):    0.000ns
    User Uncertainty         (UU):    0.200ns

    Location             Delay type                Incr(ns)  Path(ns)    Netlist Resource(s)
  -------------------------------------------------------------------    -------------------
                         (clock clk_200m_mmcm rise edge)
                                                      0.000     0.000 r  
    AL14                                              0.000     0.000 r  clk_50m (IN)
                         net (fo=0)                   0.000     0.000    clock_input_buffer/I
    AL14                 INBUF (Prop_INBUF_HRIO_PAD_O)
                                                      0.922     0.922 r  clock_input_buffer/INBUF_INST/O
                         net (fo=1, routed)           0.092     1.014    clock_input_buffer/OUT
    AL14                 IBUFCTRL (Prop_IBUFCTRL_HRIO_I_O)
                                                      0.043     1.057 r  clock_input_buffer/IBUFCTRL_INST/O
                         net (fo=1, unplaced)         0.785     1.842    clk_50m_ibuf
                         MMCME3_ADV (Prop_MMCME3_ADV_CLKIN1_CLKOUT0)
                                                     -4.854    -3.012 r  clock_manager/CLKOUT0
                         net (fo=1, unplaced)         0.358    -2.654    clk_200m_mmcm
                         BUFGCE (Prop_BUFGCE_I_O)     0.083    -2.571 r  system_clock_buffer/O
                         net (fo=27274, unplaced)     2.584     0.013    experiment/core/clk_200m
                         RAMB36E2                                     r  experiment/core/syn_current_mem_reg_1_2/CLKBWRCLK
  -------------------------------------------------------------------    -------------------
                         RAMB36E2 (Prop_RAMB36E2_CLKBWRCLK_DOUTBDOUT[0])
                                                      1.416     1.429 r  experiment/core/syn_current_mem_reg_1_2/DOUTBDOUT[0]
                         net (fo=2, unplaced)         0.349     1.778    experiment/core/accumulator_adder/accumulator_read0_out[8]
                         LUT2 (Prop_LUT2_I0_O)        0.071     1.849 r  experiment/core/accumulator_adder/syn_current_mem_reg_1_2_i_13/O
                         net (fo=1, unplaced)         0.000     1.849    experiment/core/accumulator_adder/syn_current_mem_reg_1_2_i_13_n_0
                         CARRY8 (Prop_CARRY8_S[0]_CO[7])
                                                      0.413     2.262 r  experiment/core/accumulator_adder/syn_current_mem_reg_1_2_i_5/CO[7]
                         net (fo=1, unplaced)         0.000     2.262    experiment/core/accumulator_adder/syn_current_mem_reg_1_2_i_5_n_0
                         CARRY8 (Prop_CARRY8_CI_O[5])
                                                      0.174     2.436 r  experiment/core/accumulator_adder/syn_current_mem_reg_1_4_i_5/O[5]
                         net (fo=1, unplaced)         0.218     2.654    experiment/core/accumulator_adder/accumulator_sum[21]
                         LUT5 (Prop_LUT5_I0_O)        0.115     2.769 r  experiment/core/accumulator_adder/syn_current_mem_reg_1_5_i_3/O
                         net (fo=2, unplaced)         0.219     2.988    experiment/core/accumulator_adder_n_14
                         RAMB36E2                                     r  experiment/core/syn_current_mem_reg_1_5/DINADIN[1]
  -------------------------------------------------------------------    -------------------

                         (clock clk_200m_mmcm rise edge)
                                                      5.000     5.000 r  
    AL14                                              0.000     5.000 r  clk_50m (IN)
                         net (fo=0)                   0.000     5.000    clock_input_buffer/I
    AL14                 INBUF (Prop_INBUF_HRIO_PAD_O)
                                                      0.656     5.656 r  clock_input_buffer/INBUF_INST/O
                         net (fo=1, routed)           0.059     5.715    clock_input_buffer/OUT
    AL14                 IBUFCTRL (Prop_IBUFCTRL_HRIO_I_O)
                                                      0.032     5.747 r  clock_input_buffer/IBUFCTRL_INST/O
                         net (fo=1, unplaced)         0.708     6.455    clk_50m_ibuf
                         MMCME3_ADV (Prop_MMCME3_ADV_CLKIN1_CLKOUT0)
                                                     -4.900     1.555 r  clock_manager/CLKOUT0
                         net (fo=1, unplaced)         0.308     1.863    clk_200m_mmcm
                         BUFGCE (Prop_BUFGCE_I_O)     0.075     1.938 r  system_clock_buffer/O
                         net (fo=27274, unplaced)     2.439     4.377    experiment/core/clk_200m
                         RAMB36E2                                     r  experiment/core/syn_current_mem_reg_1_5/CLKARDCLK
                         clock pessimism              0.492     4.868    
                         clock uncertainty           -0.245     4.623    
                         RAMB36E2 (Setup_RAMB36E2_CLKARDCLK_DINADIN[1])
                                                     -0.357     4.266    experiment/core/syn_current_mem_reg_1_5
  -------------------------------------------------------------------
                         required time                          4.266    
                         arrival time                          -2.988    
  -------------------------------------------------------------------
                         slack                                  1.278    

Slack (MET) :             1.278ns  (required time - arrival time)
  Source:                 experiment/core/syn_current_mem_reg_1_2/CLKBWRCLK
                            (rising edge-triggered cell RAMB36E2 clocked by clk_200m_mmcm  {rise@0.000ns fall@2.500ns period=5.000ns})
  Destination:            experiment/core/syn_current_mem_reg_2_5/DINADIN[1]
                            (rising edge-triggered cell RAMB36E2 clocked by clk_200m_mmcm  {rise@0.000ns fall@2.500ns period=5.000ns})
  Path Group:             clk_200m_mmcm
  Path Type:              Setup (Max at Slow Process Corner)
  Requirement:            5.000ns  (clk_200m_mmcm rise@5.000ns - clk_200m_mmcm rise@0.000ns)
  Data Path Delay:        2.975ns  (logic 2.189ns (73.580%)  route 0.786ns (26.420%))
  Logic Levels:           4  (CARRY8=2 LUT2=1 LUT5=1)
  Clock Path Skew:        -0.145ns (DCD - SCD + CPR)
    Destination Clock Delay (DCD):    -0.623ns = ( 4.377 - 5.000 ) 
    Source Clock Delay      (SCD):    0.013ns
    Clock Pessimism Removal (CPR):    0.492ns
  Clock Uncertainty:      0.245ns  ((TSJ^2 + DJ^2)^1/2) / 2 + PE + UU
    Total System Jitter     (TSJ):    0.071ns
    Discrete Jitter          (DJ):    0.056ns
    Phase Error              (PE):    0.000ns
    User Uncertainty         (UU):    0.200ns

    Location             Delay type                Incr(ns)  Path(ns)    Netlist Resource(s)
  -------------------------------------------------------------------    -------------------
                         (clock clk_200m_mmcm rise edge)
                                                      0.000     0.000 r  
    AL14                                              0.000     0.000 r  clk_50m (IN)
                         net (fo=0)                   0.000     0.000    clock_input_buffer/I
    AL14                 INBUF (Prop_INBUF_HRIO_PAD_O)
                                                      0.922     0.922 r  clock_input_buffer/INBUF_INST/O
                         net (fo=1, routed)           0.092     1.014    clock_input_buffer/OUT
    AL14                 IBUFCTRL (Prop_IBUFCTRL_HRIO_I_O)
                                                      0.043     1.057 r  clock_input_buffer/IBUFCTRL_INST/O
                         net (fo=1, unplaced)         0.785     1.842    clk_50m_ibuf
                         MMCME3_ADV (Prop_MMCME3_ADV_CLKIN1_CLKOUT0)
                                                     -4.854    -3.012 r  clock_manager/CLKOUT0
                         net (fo=1, unplaced)         0.358    -2.654    clk_200m_mmcm
                         BUFGCE (Prop_BUFGCE_I_O)     0.083    -2.571 r  system_clock_buffer/O
                         net (fo=27274, unplaced)     2.584     0.013    experiment/core/clk_200m
                         RAMB36E2                                     r  experiment/core/syn_current_mem_reg_1_2/CLKBWRCLK
  -------------------------------------------------------------------    -------------------
                         RAMB36E2 (Prop_RAMB36E2_CLKBWRCLK_DOUTBDOUT[0])
                                                      1.416     1.429 r  experiment/core/syn_current_mem_reg_1_2/DOUTBDOUT[0]
                         net (fo=2, unplaced)         0.349     1.778    experiment/core/accumulator_adder/accumulator_read0_out[8]
                         LUT2 (Prop_LUT2_I0_O)        0.071     1.849 r  experiment/core/accumulator_adder/syn_current_mem_reg_1_2_i_13/O
                         net (fo=1, unplaced)         0.000     1.849    experiment/core/accumulator_adder/syn_current_mem_reg_1_2_i_13_n_0
                         CARRY8 (Prop_CARRY8_S[0]_CO[7])
                                                      0.413     2.262 r  experiment/core/accumulator_adder/syn_current_mem_reg_1_2_i_5/CO[7]
                         net (fo=1, unplaced)         0.000     2.262    experiment/core/accumulator_adder/syn_current_mem_reg_1_2_i_5_n_0
                         CARRY8 (Prop_CARRY8_CI_O[5])
                                                      0.174     2.436 r  experiment/core/accumulator_adder/syn_current_mem_reg_1_4_i_5/O[5]
                         net (fo=1, unplaced)         0.218     2.654    experiment/core/accumulator_adder/accumulator_sum[21]
                         LUT5 (Prop_LUT5_I0_O)        0.115     2.769 r  experiment/core/accumulator_adder/syn_current_mem_reg_1_5_i_3/O
                         net (fo=2, unplaced)         0.219     2.988    experiment/core/accumulator_adder_n_14
                         RAMB36E2                                     r  experiment/core/syn_current_mem_reg_2_5/DINADIN[1]
  -------------------------------------------------------------------    -------------------

                         (clock clk_200m_mmcm rise edge)
                                                      5.000     5.000 r  
    AL14                                              0.000     5.000 r  clk_50m (IN)
                         net (fo=0)                   0.000     5.000    clock_input_buffer/I
    AL14                 INBUF (Prop_INBUF_HRIO_PAD_O)
                                                      0.656     5.656 r  clock_input_buffer/INBUF_INST/O
                         net (fo=1, routed)           0.059     5.715    clock_input_buffer/OUT
    AL14                 IBUFCTRL (Prop_IBUFCTRL_HRIO_I_O)
                                                      0.032     5.747 r  clock_input_buffer/IBUFCTRL_INST/O
                         net (fo=1, unplaced)         0.708     6.455    clk_50m_ibuf
                         MMCME3_ADV (Prop_MMCME3_ADV_CLKIN1_CLKOUT0)
                                                     -4.900     1.555 r  clock_manager/CLKOUT0
                         net (fo=1, unplaced)         0.308     1.863    clk_200m_mmcm
                         BUFGCE (Prop_BUFGCE_I_O)     0.075     1.938 r  system_clock_buffer/O
                         net (fo=27274, unplaced)     2.439     4.377    experiment/core/clk_200m
                         RAMB36E2                                     r  experiment/core/syn_current_mem_reg_2_5/CLKARDCLK
                         clock pessimism              0.492     4.868    
                         clock uncertainty           -0.245     4.623    
                         RAMB36E2 (Setup_RAMB36E2_CLKARDCLK_DINADIN[1])
                                                     -0.357     4.266    experiment/core/syn_current_mem_reg_2_5
  -------------------------------------------------------------------
                         required time                          4.266    
                         arrival time                          -2.988    
  -------------------------------------------------------------------
                         slack                                  1.278    

Slack (MET) :             1.283ns  (required time - arrival time)
  Source:                 experiment/core/syn_current_mem_reg_1_2/CLKBWRCLK
                            (rising edge-triggered cell RAMB36E2 clocked by clk_200m_mmcm  {rise@0.000ns fall@2.500ns period=5.000ns})
  Destination:            experiment/core/syn_current_mem_reg_1_6/DINADIN[3]
                            (rising edge-triggered cell RAMB36E2 clocked by clk_200m_mmcm  {rise@0.000ns fall@2.500ns period=5.000ns})
  Path Group:             clk_200m_mmcm
  Path Type:              Setup (Max at Slow Process Corner)
  Requirement:            5.000ns  (clk_200m_mmcm rise@5.000ns - clk_200m_mmcm rise@0.000ns)
  Data Path Delay:        2.988ns  (logic 2.184ns (73.092%)  route 0.804ns (26.908%))
  Logic Levels:           5  (CARRY8=3 LUT2=1 LUT5=1)
  Clock Path Skew:        -0.145ns (DCD - SCD + CPR)
    Destination Clock Delay (DCD):    -0.623ns = ( 4.377 - 5.000 ) 
    Source Clock Delay      (SCD):    0.013ns
    Clock Pessimism Removal (CPR):    0.492ns
  Clock Uncertainty:      0.245ns  ((TSJ^2 + DJ^2)^1/2) / 2 + PE + UU
    Total System Jitter     (TSJ):    0.071ns
    Discrete Jitter          (DJ):    0.056ns
    Phase Error              (PE):    0.000ns
    User Uncertainty         (UU):    0.200ns

    Location             Delay type                Incr(ns)  Path(ns)    Netlist Resource(s)
  -------------------------------------------------------------------    -------------------
                         (clock clk_200m_mmcm rise edge)
                                                      0.000     0.000 r  
    AL14                                              0.000     0.000 r  clk_50m (IN)
                         net (fo=0)                   0.000     0.000    clock_input_buffer/I
    AL14                 INBUF (Prop_INBUF_HRIO_PAD_O)
                                                      0.922     0.922 r  clock_input_buffer/INBUF_INST/O
                         net (fo=1, routed)           0.092     1.014    clock_input_buffer/OUT
    AL14                 IBUFCTRL (Prop_IBUFCTRL_HRIO_I_O)
                                                      0.043     1.057 r  clock_input_buffer/IBUFCTRL_INST/O
                         net (fo=1, unplaced)         0.785     1.842    clk_50m_ibuf
                         MMCME3_ADV (Prop_MMCME3_ADV_CLKIN1_CLKOUT0)
                                                     -4.854    -3.012 r  clock_manager/CLKOUT0
                         net (fo=1, unplaced)         0.358    -2.654    clk_200m_mmcm
                         BUFGCE (Prop_BUFGCE_I_O)     0.083    -2.571 r  system_clock_buffer/O
                         net (fo=27274, unplaced)     2.584     0.013    experiment/core/clk_200m
                         RAMB36E2                                     r  experiment/core/syn_current_mem_reg_1_2/CLKBWRCLK
  -------------------------------------------------------------------    -------------------
                         RAMB36E2 (Prop_RAMB36E2_CLKBWRCLK_DOUTBDOUT[0])
                                                      1.416     1.429 r  experiment/core/syn_current_mem_reg_1_2/DOUTBDOUT[0]
                         net (fo=2, unplaced)         0.349     1.778    experiment/core/accumulator_adder/accumulator_read0_out[8]
                         LUT2 (Prop_LUT2_I0_O)        0.071     1.849 r  experiment/core/accumulator_adder/syn_current_mem_reg_1_2_i_13/O
                         net (fo=1, unplaced)         0.000     1.849    experiment/core/accumulator_adder/syn_current_mem_reg_1_2_i_13_n_0
                         CARRY8 (Prop_CARRY8_S[0]_CO[7])
                                                      0.413     2.262 r  experiment/core/accumulator_adder/syn_current_mem_reg_1_2_i_5/CO[7]
                         net (fo=1, unplaced)         0.000     2.262    experiment/core/accumulator_adder/syn_current_mem_reg_1_2_i_5_n_0
                         CARRY8 (Prop_CARRY8_CI_CO[7])
                                                      0.031     2.293 r  experiment/core/accumulator_adder/syn_current_mem_reg_1_4_i_5/CO[7]
                         net (fo=1, unplaced)         0.000     2.293    experiment/core/accumulator_adder/syn_current_mem_reg_1_4_i_5_n_0
                         CARRY8 (Prop_CARRY8_CI_O[3])
                                                      0.138     2.431 r  experiment/core/accumulator_adder/syn_current_mem_reg_1_6_i_5/O[3]
                         net (fo=1, unplaced)         0.256     2.687    experiment/core/accumulator_adder/accumulator_sum[27]
                         LUT5 (Prop_LUT5_I0_O)        0.115     2.802 r  experiment/core/accumulator_adder/syn_current_mem_reg_1_6_i_1/O
                         net (fo=2, unplaced)         0.199     3.001    experiment/core/accumulator_adder_n_8
                         RAMB36E2                                     r  experiment/core/syn_current_mem_reg_1_6/DINADIN[3]
  -------------------------------------------------------------------    -------------------

                         (clock clk_200m_mmcm rise edge)
                                                      5.000     5.000 r  
    AL14                                              0.000     5.000 r  clk_50m (IN)
                         net (fo=0)                   0.000     5.000    clock_input_buffer/I
    AL14                 INBUF (Prop_INBUF_HRIO_PAD_O)
                                                      0.656     5.656 r  clock_input_buffer/INBUF_INST/O
                         net (fo=1, routed)           0.059     5.715    clock_input_buffer/OUT
    AL14                 IBUFCTRL (Prop_IBUFCTRL_HRIO_I_O)
                                                      0.032     5.747 r  clock_input_buffer/IBUFCTRL_INST/O
                         net (fo=1, unplaced)         0.708     6.455    clk_50m_ibuf
                         MMCME3_ADV (Prop_MMCME3_ADV_CLKIN1_CLKOUT0)
                                                     -4.900     1.555 r  clock_manager/CLKOUT0
                         net (fo=1, unplaced)         0.308     1.863    clk_200m_mmcm
                         BUFGCE (Prop_BUFGCE_I_O)     0.075     1.938 r  system_clock_buffer/O
                         net (fo=27274, unplaced)     2.439     4.377    experiment/core/clk_200m
                         RAMB36E2                                     r  experiment/core/syn_current_mem_reg_1_6/CLKARDCLK
                         clock pessimism              0.492     4.868    
                         clock uncertainty           -0.245     4.623    
                         RAMB36E2 (Setup_RAMB36E2_CLKARDCLK_DINADIN[3])
                                                     -0.339     4.284    experiment/core/syn_current_mem_reg_1_6
  -------------------------------------------------------------------
                         required time                          4.284    
                         arrival time                          -3.001    
  -------------------------------------------------------------------
                         slack                                  1.283    

Slack (MET) :             1.283ns  (required time - arrival time)
  Source:                 experiment/core/syn_current_mem_reg_1_2/CLKBWRCLK
                            (rising edge-triggered cell RAMB36E2 clocked by clk_200m_mmcm  {rise@0.000ns fall@2.500ns period=5.000ns})
  Destination:            experiment/core/syn_current_mem_reg_2_6/DINADIN[3]
                            (rising edge-triggered cell RAMB36E2 clocked by clk_200m_mmcm  {rise@0.000ns fall@2.500ns period=5.000ns})
  Path Group:             clk_200m_mmcm
  Path Type:              Setup (Max at Slow Process Corner)
  Requirement:            5.000ns  (clk_200m_mmcm rise@5.000ns - clk_200m_mmcm rise@0.000ns)
  Data Path Delay:        2.988ns  (logic 2.184ns (73.092%)  route 0.804ns (26.908%))
  Logic Levels:           5  (CARRY8=3 LUT2=1 LUT5=1)
  Clock Path Skew:        -0.145ns (DCD - SCD + CPR)
    Destination Clock Delay (DCD):    -0.623ns = ( 4.377 - 5.000 ) 
    Source Clock Delay      (SCD):    0.013ns
    Clock Pessimism Removal (CPR):    0.492ns
  Clock Uncertainty:      0.245ns  ((TSJ^2 + DJ^2)^1/2) / 2 + PE + UU
    Total System Jitter     (TSJ):    0.071ns
    Discrete Jitter          (DJ):    0.056ns
    Phase Error              (PE):    0.000ns
    User Uncertainty         (UU):    0.200ns

    Location             Delay type                Incr(ns)  Path(ns)    Netlist Resource(s)
  -------------------------------------------------------------------    -------------------
                         (clock clk_200m_mmcm rise edge)
                                                      0.000     0.000 r  
    AL14                                              0.000     0.000 r  clk_50m (IN)
                         net (fo=0)                   0.000     0.000    clock_input_buffer/I
    AL14                 INBUF (Prop_INBUF_HRIO_PAD_O)
                                                      0.922     0.922 r  clock_input_buffer/INBUF_INST/O
                         net (fo=1, routed)           0.092     1.014    clock_input_buffer/OUT
    AL14                 IBUFCTRL (Prop_IBUFCTRL_HRIO_I_O)
                                                      0.043     1.057 r  clock_input_buffer/IBUFCTRL_INST/O
                         net (fo=1, unplaced)         0.785     1.842    clk_50m_ibuf
                         MMCME3_ADV (Prop_MMCME3_ADV_CLKIN1_CLKOUT0)
                                                     -4.854    -3.012 r  clock_manager/CLKOUT0
                         net (fo=1, unplaced)         0.358    -2.654    clk_200m_mmcm
                         BUFGCE (Prop_BUFGCE_I_O)     0.083    -2.571 r  system_clock_buffer/O
                         net (fo=27274, unplaced)     2.584     0.013    experiment/core/clk_200m
                         RAMB36E2                                     r  experiment/core/syn_current_mem_reg_1_2/CLKBWRCLK
  -------------------------------------------------------------------    -------------------
                         RAMB36E2 (Prop_RAMB36E2_CLKBWRCLK_DOUTBDOUT[0])
                                                      1.416     1.429 r  experiment/core/syn_current_mem_reg_1_2/DOUTBDOUT[0]
                         net (fo=2, unplaced)         0.349     1.778    experiment/core/accumulator_adder/accumulator_read0_out[8]
                         LUT2 (Prop_LUT2_I0_O)        0.071     1.849 r  experiment/core/accumulator_adder/syn_current_mem_reg_1_2_i_13/O
                         net (fo=1, unplaced)         0.000     1.849    experiment/core/accumulator_adder/syn_current_mem_reg_1_2_i_13_n_0
                         CARRY8 (Prop_CARRY8_S[0]_CO[7])
                                                      0.413     2.262 r  experiment/core/accumulator_adder/syn_current_mem_reg_1_2_i_5/CO[7]
                         net (fo=1, unplaced)         0.000     2.262    experiment/core/accumulator_adder/syn_current_mem_reg_1_2_i_5_n_0
                         CARRY8 (Prop_CARRY8_CI_CO[7])
                                                      0.031     2.293 r  experiment/core/accumulator_adder/syn_current_mem_reg_1_4_i_5/CO[7]
                         net (fo=1, unplaced)         0.000     2.293    experiment/core/accumulator_adder/syn_current_mem_reg_1_4_i_5_n_0
                         CARRY8 (Prop_CARRY8_CI_O[3])
                                                      0.138     2.431 r  experiment/core/accumulator_adder/syn_current_mem_reg_1_6_i_5/O[3]
                         net (fo=1, unplaced)         0.256     2.687    experiment/core/accumulator_adder/accumulator_sum[27]
                         LUT5 (Prop_LUT5_I0_O)        0.115     2.802 r  experiment/core/accumulator_adder/syn_current_mem_reg_1_6_i_1/O
                         net (fo=2, unplaced)         0.199     3.001    experiment/core/accumulator_adder_n_8
                         RAMB36E2                                     r  experiment/core/syn_current_mem_reg_2_6/DINADIN[3]
  -------------------------------------------------------------------    -------------------

                         (clock clk_200m_mmcm rise edge)
                                                      5.000     5.000 r  
    AL14                                              0.000     5.000 r  clk_50m (IN)
                         net (fo=0)                   0.000     5.000    clock_input_buffer/I
    AL14                 INBUF (Prop_INBUF_HRIO_PAD_O)
                                                      0.656     5.656 r  clock_input_buffer/INBUF_INST/O
                         net (fo=1, routed)           0.059     5.715    clock_input_buffer/OUT
    AL14                 IBUFCTRL (Prop_IBUFCTRL_HRIO_I_O)
                                                      0.032     5.747 r  clock_input_buffer/IBUFCTRL_INST/O
                         net (fo=1, unplaced)         0.708     6.455    clk_50m_ibuf
                         MMCME3_ADV (Prop_MMCME3_ADV_CLKIN1_CLKOUT0)
                                                     -4.900     1.555 r  clock_manager/CLKOUT0
                         net (fo=1, unplaced)         0.308     1.863    clk_200m_mmcm
                         BUFGCE (Prop_BUFGCE_I_O)     0.075     1.938 r  system_clock_buffer/O
                         net (fo=27274, unplaced)     2.439     4.377    experiment/core/clk_200m
                         RAMB36E2                                     r  experiment/core/syn_current_mem_reg_2_6/CLKARDCLK
                         clock pessimism              0.492     4.868    
                         clock uncertainty           -0.245     4.623    
                         RAMB36E2 (Setup_RAMB36E2_CLKARDCLK_DINADIN[3])
                                                     -0.339     4.284    experiment/core/syn_current_mem_reg_2_6
  -------------------------------------------------------------------
                         required time                          4.284    
                         arrival time                          -3.001    
  -------------------------------------------------------------------
                         slack                                  1.283    

Slack (MET) :             1.296ns  (required time - arrival time)
  Source:                 experiment/core/syn_current_mem_reg_1_0/CLKBWRCLK
                            (rising edge-triggered cell RAMB36E2 clocked by clk_200m_mmcm  {rise@0.000ns fall@2.500ns period=5.000ns})
  Destination:            experiment/core/syn_current_mem_reg_1_3/DINADIN[0]
                            (rising edge-triggered cell RAMB36E2 clocked by clk_200m_mmcm  {rise@0.000ns fall@2.500ns period=5.000ns})
  Path Group:             clk_200m_mmcm
  Path Type:              Setup (Max at Slow Process Corner)
  Requirement:            5.000ns  (clk_200m_mmcm rise@5.000ns - clk_200m_mmcm rise@0.000ns)
  Data Path Delay:        2.912ns  (logic 2.034ns (69.849%)  route 0.878ns (30.151%))
  Logic Levels:           3  (CARRY8=2 LUT5=1)
  Clock Path Skew:        -0.145ns (DCD - SCD + CPR)
    Destination Clock Delay (DCD):    -0.623ns = ( 4.377 - 5.000 ) 
    Source Clock Delay      (SCD):    0.013ns
    Clock Pessimism Removal (CPR):    0.492ns
  Clock Uncertainty:      0.245ns  ((TSJ^2 + DJ^2)^1/2) / 2 + PE + UU
    Total System Jitter     (TSJ):    0.071ns
    Discrete Jitter          (DJ):    0.056ns
    Phase Error              (PE):    0.000ns
    User Uncertainty         (UU):    0.200ns

    Location             Delay type                Incr(ns)  Path(ns)    Netlist Resource(s)
  -------------------------------------------------------------------    -------------------
                         (clock clk_200m_mmcm rise edge)
                                                      0.000     0.000 r  
    AL14                                              0.000     0.000 r  clk_50m (IN)
                         net (fo=0)                   0.000     0.000    clock_input_buffer/I
    AL14                 INBUF (Prop_INBUF_HRIO_PAD_O)
                                                      0.922     0.922 r  clock_input_buffer/INBUF_INST/O
                         net (fo=1, routed)           0.092     1.014    clock_input_buffer/OUT
    AL14                 IBUFCTRL (Prop_IBUFCTRL_HRIO_I_O)
                                                      0.043     1.057 r  clock_input_buffer/IBUFCTRL_INST/O
                         net (fo=1, unplaced)         0.785     1.842    clk_50m_ibuf
                         MMCME3_ADV (Prop_MMCME3_ADV_CLKIN1_CLKOUT0)
                                                     -4.854    -3.012 r  clock_manager/CLKOUT0
                         net (fo=1, unplaced)         0.358    -2.654    clk_200m_mmcm
                         BUFGCE (Prop_BUFGCE_I_O)     0.083    -2.571 r  system_clock_buffer/O
                         net (fo=27274, unplaced)     2.584     0.013    experiment/core/clk_200m
                         RAMB36E2                                     r  experiment/core/syn_current_mem_reg_1_0/CLKBWRCLK
  -------------------------------------------------------------------    -------------------
                         RAMB36E2 (Prop_RAMB36E2_CLKBWRCLK_DOUTBDOUT[2])
                                                      1.429     1.442 r  experiment/core/syn_current_mem_reg_1_0/DOUTBDOUT[2]
                         net (fo=2, unplaced)         0.425     1.867    experiment/core/accumulator_adder/accumulator_read0_out[2]
                         CARRY8 (Prop_CARRY8_DI[2]_CO[7])
                                                      0.349     2.216 r  experiment/core/accumulator_adder/syn_current_mem_reg_1_0_i_21/CO[7]
                         net (fo=1, unplaced)         0.000     2.216    experiment/core/accumulator_adder/syn_current_mem_reg_1_0_i_21_n_0
                         CARRY8 (Prop_CARRY8_CI_O[4])
                                                      0.141     2.357 r  experiment/core/accumulator_adder/syn_current_mem_reg_1_2_i_5/O[4]
                         net (fo=1, unplaced)         0.253     2.610    experiment/core/accumulator_adder/accumulator_sum[12]
                         LUT5 (Prop_LUT5_I0_O)        0.115     2.725 r  experiment/core/accumulator_adder/syn_current_mem_reg_1_3_i_4/O
                         net (fo=2, unplaced)         0.200     2.925    experiment/core/accumulator_adder_n_23
                         RAMB36E2                                     r  experiment/core/syn_current_mem_reg_1_3/DINADIN[0]
  -------------------------------------------------------------------    -------------------

                         (clock clk_200m_mmcm rise edge)
                                                      5.000     5.000 r  
    AL14                                              0.000     5.000 r  clk_50m (IN)
                         net (fo=0)                   0.000     5.000    clock_input_buffer/I
    AL14                 INBUF (Prop_INBUF_HRIO_PAD_O)
                                                      0.656     5.656 r  clock_input_buffer/INBUF_INST/O
                         net (fo=1, routed)           0.059     5.715    clock_input_buffer/OUT
    AL14                 IBUFCTRL (Prop_IBUFCTRL_HRIO_I_O)
                                                      0.032     5.747 r  clock_input_buffer/IBUFCTRL_INST/O
                         net (fo=1, unplaced)         0.708     6.455    clk_50m_ibuf
                         MMCME3_ADV (Prop_MMCME3_ADV_CLKIN1_CLKOUT0)
                                                     -4.900     1.555 r  clock_manager/CLKOUT0
                         net (fo=1, unplaced)         0.308     1.863    clk_200m_mmcm
                         BUFGCE (Prop_BUFGCE_I_O)     0.075     1.938 r  system_clock_buffer/O
                         net (fo=27274, unplaced)     2.439     4.377    experiment/core/clk_200m
                         RAMB36E2                                     r  experiment/core/syn_current_mem_reg_1_3/CLKARDCLK
                         clock pessimism              0.492     4.868    
                         clock uncertainty           -0.245     4.623    
                         RAMB36E2 (Setup_RAMB36E2_CLKARDCLK_DINADIN[0])
                                                     -0.402     4.221    experiment/core/syn_current_mem_reg_1_3
  -------------------------------------------------------------------
                         required time                          4.221    
                         arrival time                          -2.925    
  -------------------------------------------------------------------
                         slack                                  1.296    

Slack (MET) :             1.296ns  (required time - arrival time)
  Source:                 experiment/core/syn_current_mem_reg_1_0/CLKBWRCLK
                            (rising edge-triggered cell RAMB36E2 clocked by clk_200m_mmcm  {rise@0.000ns fall@2.500ns period=5.000ns})
  Destination:            experiment/core/syn_current_mem_reg_2_3/DINADIN[0]
                            (rising edge-triggered cell RAMB36E2 clocked by clk_200m_mmcm  {rise@0.000ns fall@2.500ns period=5.000ns})
  Path Group:             clk_200m_mmcm
  Path Type:              Setup (Max at Slow Process Corner)
  Requirement:            5.000ns  (clk_200m_mmcm rise@5.000ns - clk_200m_mmcm rise@0.000ns)
  Data Path Delay:        2.912ns  (logic 2.034ns (69.849%)  route 0.878ns (30.151%))
  Logic Levels:           3  (CARRY8=2 LUT5=1)
  Clock Path Skew:        -0.145ns (DCD - SCD + CPR)
    Destination Clock Delay (DCD):    -0.623ns = ( 4.377 - 5.000 ) 
    Source Clock Delay      (SCD):    0.013ns
    Clock Pessimism Removal (CPR):    0.492ns
  Clock Uncertainty:      0.245ns  ((TSJ^2 + DJ^2)^1/2) / 2 + PE + UU
    Total System Jitter     (TSJ):    0.071ns
    Discrete Jitter          (DJ):    0.056ns
    Phase Error              (PE):    0.000ns
    User Uncertainty         (UU):    0.200ns

    Location             Delay type                Incr(ns)  Path(ns)    Netlist Resource(s)
  -------------------------------------------------------------------    -------------------
                         (clock clk_200m_mmcm rise edge)
                                                      0.000     0.000 r  
    AL14                                              0.000     0.000 r  clk_50m (IN)
                         net (fo=0)                   0.000     0.000    clock_input_buffer/I
    AL14                 INBUF (Prop_INBUF_HRIO_PAD_O)
                                                      0.922     0.922 r  clock_input_buffer/INBUF_INST/O
                         net (fo=1, routed)           0.092     1.014    clock_input_buffer/OUT
    AL14                 IBUFCTRL (Prop_IBUFCTRL_HRIO_I_O)
                                                      0.043     1.057 r  clock_input_buffer/IBUFCTRL_INST/O
                         net (fo=1, unplaced)         0.785     1.842    clk_50m_ibuf
                         MMCME3_ADV (Prop_MMCME3_ADV_CLKIN1_CLKOUT0)
                                                     -4.854    -3.012 r  clock_manager/CLKOUT0
                         net (fo=1, unplaced)         0.358    -2.654    clk_200m_mmcm
                         BUFGCE (Prop_BUFGCE_I_O)     0.083    -2.571 r  system_clock_buffer/O
                         net (fo=27274, unplaced)     2.584     0.013    experiment/core/clk_200m
                         RAMB36E2                                     r  experiment/core/syn_current_mem_reg_1_0/CLKBWRCLK
  -------------------------------------------------------------------    -------------------
                         RAMB36E2 (Prop_RAMB36E2_CLKBWRCLK_DOUTBDOUT[2])
                                                      1.429     1.442 r  experiment/core/syn_current_mem_reg_1_0/DOUTBDOUT[2]
                         net (fo=2, unplaced)         0.425     1.867    experiment/core/accumulator_adder/accumulator_read0_out[2]
                         CARRY8 (Prop_CARRY8_DI[2]_CO[7])
                                                      0.349     2.216 r  experiment/core/accumulator_adder/syn_current_mem_reg_1_0_i_21/CO[7]
                         net (fo=1, unplaced)         0.000     2.216    experiment/core/accumulator_adder/syn_current_mem_reg_1_0_i_21_n_0
                         CARRY8 (Prop_CARRY8_CI_O[4])
                                                      0.141     2.357 r  experiment/core/accumulator_adder/syn_current_mem_reg_1_2_i_5/O[4]
                         net (fo=1, unplaced)         0.253     2.610    experiment/core/accumulator_adder/accumulator_sum[12]
                         LUT5 (Prop_LUT5_I0_O)        0.115     2.725 r  experiment/core/accumulator_adder/syn_current_mem_reg_1_3_i_4/O
                         net (fo=2, unplaced)         0.200     2.925    experiment/core/accumulator_adder_n_23
                         RAMB36E2                                     r  experiment/core/syn_current_mem_reg_2_3/DINADIN[0]
  -------------------------------------------------------------------    -------------------

                         (clock clk_200m_mmcm rise edge)
                                                      5.000     5.000 r  
    AL14                                              0.000     5.000 r  clk_50m (IN)
                         net (fo=0)                   0.000     5.000    clock_input_buffer/I
    AL14                 INBUF (Prop_INBUF_HRIO_PAD_O)
                                                      0.656     5.656 r  clock_input_buffer/INBUF_INST/O
                         net (fo=1, routed)           0.059     5.715    clock_input_buffer/OUT
    AL14                 IBUFCTRL (Prop_IBUFCTRL_HRIO_I_O)
                                                      0.032     5.747 r  clock_input_buffer/IBUFCTRL_INST/O
                         net (fo=1, unplaced)         0.708     6.455    clk_50m_ibuf
                         MMCME3_ADV (Prop_MMCME3_ADV_CLKIN1_CLKOUT0)
                                                     -4.900     1.555 r  clock_manager/CLKOUT0
                         net (fo=1, unplaced)         0.308     1.863    clk_200m_mmcm
                         BUFGCE (Prop_BUFGCE_I_O)     0.075     1.938 r  system_clock_buffer/O
                         net (fo=27274, unplaced)     2.439     4.377    experiment/core/clk_200m
                         RAMB36E2                                     r  experiment/core/syn_current_mem_reg_2_3/CLKARDCLK
                         clock pessimism              0.492     4.868    
                         clock uncertainty           -0.245     4.623    
                         RAMB36E2 (Setup_RAMB36E2_CLKARDCLK_DINADIN[0])
                                                     -0.402     4.221    experiment/core/syn_current_mem_reg_2_3
  -------------------------------------------------------------------
                         required time                          4.221    
                         arrival time                          -2.925    
  -------------------------------------------------------------------
                         slack                                  1.296    

Slack (MET) :             1.300ns  (required time - arrival time)
  Source:                 experiment/core/syn_current_mem_reg_1_2/CLKBWRCLK
                            (rising edge-triggered cell RAMB36E2 clocked by clk_200m_mmcm  {rise@0.000ns fall@2.500ns period=5.000ns})
  Destination:            experiment/core/syn_current_mem_reg_1_0/DINADIN[0]
                            (rising edge-triggered cell RAMB36E2 clocked by clk_200m_mmcm  {rise@0.000ns fall@2.500ns period=5.000ns})
  Path Group:             clk_200m_mmcm
  Path Type:              Setup (Max at Slow Process Corner)
  Requirement:            5.000ns  (clk_200m_mmcm rise@5.000ns - clk_200m_mmcm rise@0.000ns)
  Data Path Delay:        2.908ns  (logic 2.140ns (73.590%)  route 0.768ns (26.410%))
  Logic Levels:           6  (CARRY8=4 LUT2=1 LUT5=1)
  Clock Path Skew:        -0.145ns (DCD - SCD + CPR)
    Destination Clock Delay (DCD):    -0.623ns = ( 4.377 - 5.000 ) 
    Source Clock Delay      (SCD):    0.013ns
    Clock Pessimism Removal (CPR):    0.492ns
  Clock Uncertainty:      0.245ns  ((TSJ^2 + DJ^2)^1/2) / 2 + PE + UU
    Total System Jitter     (TSJ):    0.071ns
    Discrete Jitter          (DJ):    0.056ns
    Phase Error              (PE):    0.000ns
    User Uncertainty         (UU):    0.200ns

    Location             Delay type                Incr(ns)  Path(ns)    Netlist Resource(s)
  -------------------------------------------------------------------    -------------------
                         (clock clk_200m_mmcm rise edge)
                                                      0.000     0.000 r  
    AL14                                              0.000     0.000 r  clk_50m (IN)
                         net (fo=0)                   0.000     0.000    clock_input_buffer/I
    AL14                 INBUF (Prop_INBUF_HRIO_PAD_O)
                                                      0.922     0.922 r  clock_input_buffer/INBUF_INST/O
                         net (fo=1, routed)           0.092     1.014    clock_input_buffer/OUT
    AL14                 IBUFCTRL (Prop_IBUFCTRL_HRIO_I_O)
                                                      0.043     1.057 r  clock_input_buffer/IBUFCTRL_INST/O
                         net (fo=1, unplaced)         0.785     1.842    clk_50m_ibuf
                         MMCME3_ADV (Prop_MMCME3_ADV_CLKIN1_CLKOUT0)
                                                     -4.854    -3.012 r  clock_manager/CLKOUT0
                         net (fo=1, unplaced)         0.358    -2.654    clk_200m_mmcm
                         BUFGCE (Prop_BUFGCE_I_O)     0.083    -2.571 r  system_clock_buffer/O
                         net (fo=27274, unplaced)     2.584     0.013    experiment/core/clk_200m
                         RAMB36E2                                     r  experiment/core/syn_current_mem_reg_1_2/CLKBWRCLK
  -------------------------------------------------------------------    -------------------
                         RAMB36E2 (Prop_RAMB36E2_CLKBWRCLK_DOUTBDOUT[0])
                                                      1.416     1.429 r  experiment/core/syn_current_mem_reg_1_2/DOUTBDOUT[0]
                         net (fo=2, unplaced)         0.349     1.778    experiment/core/accumulator_adder/accumulator_read0_out[8]
                         LUT2 (Prop_LUT2_I0_O)        0.071     1.849 r  experiment/core/accumulator_adder/syn_current_mem_reg_1_2_i_13/O
                         net (fo=1, unplaced)         0.000     1.849    experiment/core/accumulator_adder/syn_current_mem_reg_1_2_i_13_n_0
                         CARRY8 (Prop_CARRY8_S[0]_CO[7])
                                                      0.413     2.262 r  experiment/core/accumulator_adder/syn_current_mem_reg_1_2_i_5/CO[7]
                         net (fo=1, unplaced)         0.000     2.262    experiment/core/accumulator_adder/syn_current_mem_reg_1_2_i_5_n_0
                         CARRY8 (Prop_CARRY8_CI_CO[7])
                                                      0.031     2.293 r  experiment/core/accumulator_adder/syn_current_mem_reg_1_4_i_5/CO[7]
                         net (fo=1, unplaced)         0.000     2.293    experiment/core/accumulator_adder/syn_current_mem_reg_1_4_i_5_n_0
                         CARRY8 (Prop_CARRY8_CI_CO[7])
                                                      0.031     2.324 r  experiment/core/accumulator_adder/syn_current_mem_reg_1_6_i_5/CO[7]
                         net (fo=1, unplaced)         0.000     2.324    experiment/core/accumulator_adder/syn_current_mem_reg_1_6_i_5_n_0
                         CARRY8 (Prop_CARRY8_CI_O[3])
                                                      0.138     2.462 f  experiment/core/accumulator_adder/syn_current_mem_reg_1_0_i_22/O[3]
                         net (fo=37, unplaced)        0.219     2.681    experiment/core/accumulator_adder/accumulator_sum[35]
                         LUT5 (Prop_LUT5_I4_O)        0.040     2.721 r  experiment/core/accumulator_adder/syn_current_mem_reg_1_0_i_19/O
                         net (fo=2, unplaced)         0.200     2.921    experiment/core/accumulator_adder_n_35
                         RAMB36E2                                     r  experiment/core/syn_current_mem_reg_1_0/DINADIN[0]
  -------------------------------------------------------------------    -------------------

                         (clock clk_200m_mmcm rise edge)
                                                      5.000     5.000 r  
    AL14                                              0.000     5.000 r  clk_50m (IN)
                         net (fo=0)                   0.000     5.000    clock_input_buffer/I
    AL14                 INBUF (Prop_INBUF_HRIO_PAD_O)
                                                      0.656     5.656 r  clock_input_buffer/INBUF_INST/O
                         net (fo=1, routed)           0.059     5.715    clock_input_buffer/OUT
    AL14                 IBUFCTRL (Prop_IBUFCTRL_HRIO_I_O)
                                                      0.032     5.747 r  clock_input_buffer/IBUFCTRL_INST/O
                         net (fo=1, unplaced)         0.708     6.455    clk_50m_ibuf
                         MMCME3_ADV (Prop_MMCME3_ADV_CLKIN1_CLKOUT0)
                                                     -4.900     1.555 r  clock_manager/CLKOUT0
                         net (fo=1, unplaced)         0.308     1.863    clk_200m_mmcm
                         BUFGCE (Prop_BUFGCE_I_O)     0.075     1.938 r  system_clock_buffer/O
                         net (fo=27274, unplaced)     2.439     4.377    experiment/core/clk_200m
                         RAMB36E2                                     r  experiment/core/syn_current_mem_reg_1_0/CLKARDCLK
                         clock pessimism              0.492     4.868    
                         clock uncertainty           -0.245     4.623    
                         RAMB36E2 (Setup_RAMB36E2_CLKARDCLK_DINADIN[0])
                                                     -0.402     4.221    experiment/core/syn_current_mem_reg_1_0
  -------------------------------------------------------------------
                         required time                          4.221    
                         arrival time                          -2.921    
  -------------------------------------------------------------------
                         slack                                  1.300    

Slack (MET) :             1.300ns  (required time - arrival time)
  Source:                 experiment/core/syn_current_mem_reg_1_2/CLKBWRCLK
                            (rising edge-triggered cell RAMB36E2 clocked by clk_200m_mmcm  {rise@0.000ns fall@2.500ns period=5.000ns})
  Destination:            experiment/core/syn_current_mem_reg_1_1/DINADIN[0]
                            (rising edge-triggered cell RAMB36E2 clocked by clk_200m_mmcm  {rise@0.000ns fall@2.500ns period=5.000ns})
  Path Group:             clk_200m_mmcm
  Path Type:              Setup (Max at Slow Process Corner)
  Requirement:            5.000ns  (clk_200m_mmcm rise@5.000ns - clk_200m_mmcm rise@0.000ns)
  Data Path Delay:        2.908ns  (logic 2.140ns (73.590%)  route 0.768ns (26.410%))
  Logic Levels:           6  (CARRY8=4 LUT2=1 LUT5=1)
  Clock Path Skew:        -0.145ns (DCD - SCD + CPR)
    Destination Clock Delay (DCD):    -0.623ns = ( 4.377 - 5.000 ) 
    Source Clock Delay      (SCD):    0.013ns
    Clock Pessimism Removal (CPR):    0.492ns
  Clock Uncertainty:      0.245ns  ((TSJ^2 + DJ^2)^1/2) / 2 + PE + UU
    Total System Jitter     (TSJ):    0.071ns
    Discrete Jitter          (DJ):    0.056ns
    Phase Error              (PE):    0.000ns
    User Uncertainty         (UU):    0.200ns

    Location             Delay type                Incr(ns)  Path(ns)    Netlist Resource(s)
  -------------------------------------------------------------------    -------------------
                         (clock clk_200m_mmcm rise edge)
                                                      0.000     0.000 r  
    AL14                                              0.000     0.000 r  clk_50m (IN)
                         net (fo=0)                   0.000     0.000    clock_input_buffer/I
    AL14                 INBUF (Prop_INBUF_HRIO_PAD_O)
                                                      0.922     0.922 r  clock_input_buffer/INBUF_INST/O
                         net (fo=1, routed)           0.092     1.014    clock_input_buffer/OUT
    AL14                 IBUFCTRL (Prop_IBUFCTRL_HRIO_I_O)
                                                      0.043     1.057 r  clock_input_buffer/IBUFCTRL_INST/O
                         net (fo=1, unplaced)         0.785     1.842    clk_50m_ibuf
                         MMCME3_ADV (Prop_MMCME3_ADV_CLKIN1_CLKOUT0)
                                                     -4.854    -3.012 r  clock_manager/CLKOUT0
                         net (fo=1, unplaced)         0.358    -2.654    clk_200m_mmcm
                         BUFGCE (Prop_BUFGCE_I_O)     0.083    -2.571 r  system_clock_buffer/O
                         net (fo=27274, unplaced)     2.584     0.013    experiment/core/clk_200m
                         RAMB36E2                                     r  experiment/core/syn_current_mem_reg_1_2/CLKBWRCLK
  -------------------------------------------------------------------    -------------------
                         RAMB36E2 (Prop_RAMB36E2_CLKBWRCLK_DOUTBDOUT[0])
                                                      1.416     1.429 r  experiment/core/syn_current_mem_reg_1_2/DOUTBDOUT[0]
                         net (fo=2, unplaced)         0.349     1.778    experiment/core/accumulator_adder/accumulator_read0_out[8]
                         LUT2 (Prop_LUT2_I0_O)        0.071     1.849 r  experiment/core/accumulator_adder/syn_current_mem_reg_1_2_i_13/O
                         net (fo=1, unplaced)         0.000     1.849    experiment/core/accumulator_adder/syn_current_mem_reg_1_2_i_13_n_0
                         CARRY8 (Prop_CARRY8_S[0]_CO[7])
                                                      0.413     2.262 r  experiment/core/accumulator_adder/syn_current_mem_reg_1_2_i_5/CO[7]
                         net (fo=1, unplaced)         0.000     2.262    experiment/core/accumulator_adder/syn_current_mem_reg_1_2_i_5_n_0
                         CARRY8 (Prop_CARRY8_CI_CO[7])
                                                      0.031     2.293 r  experiment/core/accumulator_adder/syn_current_mem_reg_1_4_i_5/CO[7]
                         net (fo=1, unplaced)         0.000     2.293    experiment/core/accumulator_adder/syn_current_mem_reg_1_4_i_5_n_0
                         CARRY8 (Prop_CARRY8_CI_CO[7])
                                                      0.031     2.324 r  experiment/core/accumulator_adder/syn_current_mem_reg_1_6_i_5/CO[7]
                         net (fo=1, unplaced)         0.000     2.324    experiment/core/accumulator_adder/syn_current_mem_reg_1_6_i_5_n_0
                         CARRY8 (Prop_CARRY8_CI_O[3])
                                                      0.138     2.462 f  experiment/core/accumulator_adder/syn_current_mem_reg_1_0_i_22/O[3]
                         net (fo=37, unplaced)        0.219     2.681    experiment/core/accumulator_adder/accumulator_sum[35]
                         LUT5 (Prop_LUT5_I4_O)        0.040     2.721 r  experiment/core/accumulator_adder/syn_current_mem_reg_1_1_i_4/O
                         net (fo=2, unplaced)         0.200     2.921    experiment/core/accumulator_adder_n_31
                         RAMB36E2                                     r  experiment/core/syn_current_mem_reg_1_1/DINADIN[0]
  -------------------------------------------------------------------    -------------------

                         (clock clk_200m_mmcm rise edge)
                                                      5.000     5.000 r  
    AL14                                              0.000     5.000 r  clk_50m (IN)
                         net (fo=0)                   0.000     5.000    clock_input_buffer/I
    AL14                 INBUF (Prop_INBUF_HRIO_PAD_O)
                                                      0.656     5.656 r  clock_input_buffer/INBUF_INST/O
                         net (fo=1, routed)           0.059     5.715    clock_input_buffer/OUT
    AL14                 IBUFCTRL (Prop_IBUFCTRL_HRIO_I_O)
                                                      0.032     5.747 r  clock_input_buffer/IBUFCTRL_INST/O
                         net (fo=1, unplaced)         0.708     6.455    clk_50m_ibuf
                         MMCME3_ADV (Prop_MMCME3_ADV_CLKIN1_CLKOUT0)
                                                     -4.900     1.555 r  clock_manager/CLKOUT0
                         net (fo=1, unplaced)         0.308     1.863    clk_200m_mmcm
                         BUFGCE (Prop_BUFGCE_I_O)     0.075     1.938 r  system_clock_buffer/O
                         net (fo=27274, unplaced)     2.439     4.377    experiment/core/clk_200m
                         RAMB36E2                                     r  experiment/core/syn_current_mem_reg_1_1/CLKARDCLK
                         clock pessimism              0.492     4.868    
                         clock uncertainty           -0.245     4.623    
                         RAMB36E2 (Setup_RAMB36E2_CLKARDCLK_DINADIN[0])
                                                     -0.402     4.221    experiment/core/syn_current_mem_reg_1_1
  -------------------------------------------------------------------
                         required time                          4.221    
                         arrival time                          -2.921    
  -------------------------------------------------------------------
                         slack                                  1.300    

Slack (MET) :             1.300ns  (required time - arrival time)
  Source:                 experiment/core/syn_current_mem_reg_1_2/CLKBWRCLK
                            (rising edge-triggered cell RAMB36E2 clocked by clk_200m_mmcm  {rise@0.000ns fall@2.500ns period=5.000ns})
  Destination:            experiment/core/syn_current_mem_reg_1_2/DINADIN[0]
                            (rising edge-triggered cell RAMB36E2 clocked by clk_200m_mmcm  {rise@0.000ns fall@2.500ns period=5.000ns})
  Path Group:             clk_200m_mmcm
  Path Type:              Setup (Max at Slow Process Corner)
  Requirement:            5.000ns  (clk_200m_mmcm rise@5.000ns - clk_200m_mmcm rise@0.000ns)
  Data Path Delay:        2.908ns  (logic 2.140ns (73.590%)  route 0.768ns (26.410%))
  Logic Levels:           6  (CARRY8=4 LUT2=1 LUT5=1)
  Clock Path Skew:        -0.145ns (DCD - SCD + CPR)
    Destination Clock Delay (DCD):    -0.623ns = ( 4.377 - 5.000 ) 
    Source Clock Delay      (SCD):    0.013ns
    Clock Pessimism Removal (CPR):    0.492ns
  Clock Uncertainty:      0.245ns  ((TSJ^2 + DJ^2)^1/2) / 2 + PE + UU
    Total System Jitter     (TSJ):    0.071ns
    Discrete Jitter          (DJ):    0.056ns
    Phase Error              (PE):    0.000ns
    User Uncertainty         (UU):    0.200ns

    Location             Delay type                Incr(ns)  Path(ns)    Netlist Resource(s)
  -------------------------------------------------------------------    -------------------
                         (clock clk_200m_mmcm rise edge)
                                                      0.000     0.000 r  
    AL14                                              0.000     0.000 r  clk_50m (IN)
                         net (fo=0)                   0.000     0.000    clock_input_buffer/I
    AL14                 INBUF (Prop_INBUF_HRIO_PAD_O)
                                                      0.922     0.922 r  clock_input_buffer/INBUF_INST/O
                         net (fo=1, routed)           0.092     1.014    clock_input_buffer/OUT
    AL14                 IBUFCTRL (Prop_IBUFCTRL_HRIO_I_O)
                                                      0.043     1.057 r  clock_input_buffer/IBUFCTRL_INST/O
                         net (fo=1, unplaced)         0.785     1.842    clk_50m_ibuf
                         MMCME3_ADV (Prop_MMCME3_ADV_CLKIN1_CLKOUT0)
                                                     -4.854    -3.012 r  clock_manager/CLKOUT0
                         net (fo=1, unplaced)         0.358    -2.654    clk_200m_mmcm
                         BUFGCE (Prop_BUFGCE_I_O)     0.083    -2.571 r  system_clock_buffer/O
                         net (fo=27274, unplaced)     2.584     0.013    experiment/core/clk_200m
                         RAMB36E2                                     r  experiment/core/syn_current_mem_reg_1_2/CLKBWRCLK
  -------------------------------------------------------------------    -------------------
                         RAMB36E2 (Prop_RAMB36E2_CLKBWRCLK_DOUTBDOUT[0])
                                                      1.416     1.429 r  experiment/core/syn_current_mem_reg_1_2/DOUTBDOUT[0]
                         net (fo=2, unplaced)         0.349     1.778    experiment/core/accumulator_adder/accumulator_read0_out[8]
                         LUT2 (Prop_LUT2_I0_O)        0.071     1.849 r  experiment/core/accumulator_adder/syn_current_mem_reg_1_2_i_13/O
                         net (fo=1, unplaced)         0.000     1.849    experiment/core/accumulator_adder/syn_current_mem_reg_1_2_i_13_n_0
                         CARRY8 (Prop_CARRY8_S[0]_CO[7])
                                                      0.413     2.262 r  experiment/core/accumulator_adder/syn_current_mem_reg_1_2_i_5/CO[7]
                         net (fo=1, unplaced)         0.000     2.262    experiment/core/accumulator_adder/syn_current_mem_reg_1_2_i_5_n_0
                         CARRY8 (Prop_CARRY8_CI_CO[7])
                                                      0.031     2.293 r  experiment/core/accumulator_adder/syn_current_mem_reg_1_4_i_5/CO[7]
                         net (fo=1, unplaced)         0.000     2.293    experiment/core/accumulator_adder/syn_current_mem_reg_1_4_i_5_n_0
                         CARRY8 (Prop_CARRY8_CI_CO[7])
                                                      0.031     2.324 r  experiment/core/accumulator_adder/syn_current_mem_reg_1_6_i_5/CO[7]
                         net (fo=1, unplaced)         0.000     2.324    experiment/core/accumulator_adder/syn_current_mem_reg_1_6_i_5_n_0
                         CARRY8 (Prop_CARRY8_CI_O[3])
                                                      0.138     2.462 f  experiment/core/accumulator_adder/syn_current_mem_reg_1_0_i_22/O[3]
                         net (fo=37, unplaced)        0.219     2.681    experiment/core/accumulator_adder/accumulator_sum[35]
                         LUT5 (Prop_LUT5_I4_O)        0.040     2.721 r  experiment/core/accumulator_adder/syn_current_mem_reg_1_2_i_4/O
                         net (fo=2, unplaced)         0.200     2.921    experiment/core/accumulator_adder_n_27
                         RAMB36E2                                     r  experiment/core/syn_current_mem_reg_1_2/DINADIN[0]
  -------------------------------------------------------------------    -------------------

                         (clock clk_200m_mmcm rise edge)
                                                      5.000     5.000 r  
    AL14                                              0.000     5.000 r  clk_50m (IN)
                         net (fo=0)                   0.000     5.000    clock_input_buffer/I
    AL14                 INBUF (Prop_INBUF_HRIO_PAD_O)
                                                      0.656     5.656 r  clock_input_buffer/INBUF_INST/O
                         net (fo=1, routed)           0.059     5.715    clock_input_buffer/OUT
    AL14                 IBUFCTRL (Prop_IBUFCTRL_HRIO_I_O)
                                                      0.032     5.747 r  clock_input_buffer/IBUFCTRL_INST/O
                         net (fo=1, unplaced)         0.708     6.455    clk_50m_ibuf
                         MMCME3_ADV (Prop_MMCME3_ADV_CLKIN1_CLKOUT0)
                                                     -4.900     1.555 r  clock_manager/CLKOUT0
                         net (fo=1, unplaced)         0.308     1.863    clk_200m_mmcm
                         BUFGCE (Prop_BUFGCE_I_O)     0.075     1.938 r  system_clock_buffer/O
                         net (fo=27274, unplaced)     2.439     4.377    experiment/core/clk_200m
                         RAMB36E2                                     r  experiment/core/syn_current_mem_reg_1_2/CLKARDCLK
                         clock pessimism              0.492     4.868    
                         clock uncertainty           -0.245     4.623    
                         RAMB36E2 (Setup_RAMB36E2_CLKARDCLK_DINADIN[0])
                                                     -0.402     4.221    experiment/core/syn_current_mem_reg_1_2
  -------------------------------------------------------------------
                         required time                          4.221    
                         arrival time                          -2.921    
  -------------------------------------------------------------------
                         slack                                  1.300    

Slack (MET) :             1.300ns  (required time - arrival time)
  Source:                 experiment/core/syn_current_mem_reg_1_2/CLKBWRCLK
                            (rising edge-triggered cell RAMB36E2 clocked by clk_200m_mmcm  {rise@0.000ns fall@2.500ns period=5.000ns})
  Destination:            experiment/core/syn_current_mem_reg_1_4/DINADIN[0]
                            (rising edge-triggered cell RAMB36E2 clocked by clk_200m_mmcm  {rise@0.000ns fall@2.500ns period=5.000ns})
  Path Group:             clk_200m_mmcm
  Path Type:              Setup (Max at Slow Process Corner)
  Requirement:            5.000ns  (clk_200m_mmcm rise@5.000ns - clk_200m_mmcm rise@0.000ns)
  Data Path Delay:        2.908ns  (logic 2.140ns (73.590%)  route 0.768ns (26.410%))
  Logic Levels:           6  (CARRY8=4 LUT2=1 LUT5=1)
  Clock Path Skew:        -0.145ns (DCD - SCD + CPR)
    Destination Clock Delay (DCD):    -0.623ns = ( 4.377 - 5.000 ) 
    Source Clock Delay      (SCD):    0.013ns
    Clock Pessimism Removal (CPR):    0.492ns
  Clock Uncertainty:      0.245ns  ((TSJ^2 + DJ^2)^1/2) / 2 + PE + UU
    Total System Jitter     (TSJ):    0.071ns
    Discrete Jitter          (DJ):    0.056ns
    Phase Error              (PE):    0.000ns
    User Uncertainty         (UU):    0.200ns

    Location             Delay type                Incr(ns)  Path(ns)    Netlist Resource(s)
  -------------------------------------------------------------------    -------------------
                         (clock clk_200m_mmcm rise edge)
                                                      0.000     0.000 r  
    AL14                                              0.000     0.000 r  clk_50m (IN)
                         net (fo=0)                   0.000     0.000    clock_input_buffer/I
    AL14                 INBUF (Prop_INBUF_HRIO_PAD_O)
                                                      0.922     0.922 r  clock_input_buffer/INBUF_INST/O
                         net (fo=1, routed)           0.092     1.014    clock_input_buffer/OUT
    AL14                 IBUFCTRL (Prop_IBUFCTRL_HRIO_I_O)
                                                      0.043     1.057 r  clock_input_buffer/IBUFCTRL_INST/O
                         net (fo=1, unplaced)         0.785     1.842    clk_50m_ibuf
                         MMCME3_ADV (Prop_MMCME3_ADV_CLKIN1_CLKOUT0)
                                                     -4.854    -3.012 r  clock_manager/CLKOUT0
                         net (fo=1, unplaced)         0.358    -2.654    clk_200m_mmcm
                         BUFGCE (Prop_BUFGCE_I_O)     0.083    -2.571 r  system_clock_buffer/O
                         net (fo=27274, unplaced)     2.584     0.013    experiment/core/clk_200m
                         RAMB36E2                                     r  experiment/core/syn_current_mem_reg_1_2/CLKBWRCLK
  -------------------------------------------------------------------    -------------------
                         RAMB36E2 (Prop_RAMB36E2_CLKBWRCLK_DOUTBDOUT[0])
                                                      1.416     1.429 r  experiment/core/syn_current_mem_reg_1_2/DOUTBDOUT[0]
                         net (fo=2, unplaced)         0.349     1.778    experiment/core/accumulator_adder/accumulator_read0_out[8]
                         LUT2 (Prop_LUT2_I0_O)        0.071     1.849 r  experiment/core/accumulator_adder/syn_current_mem_reg_1_2_i_13/O
                         net (fo=1, unplaced)         0.000     1.849    experiment/core/accumulator_adder/syn_current_mem_reg_1_2_i_13_n_0
                         CARRY8 (Prop_CARRY8_S[0]_CO[7])
                                                      0.413     2.262 r  experiment/core/accumulator_adder/syn_current_mem_reg_1_2_i_5/CO[7]
                         net (fo=1, unplaced)         0.000     2.262    experiment/core/accumulator_adder/syn_current_mem_reg_1_2_i_5_n_0
                         CARRY8 (Prop_CARRY8_CI_CO[7])
                                                      0.031     2.293 r  experiment/core/accumulator_adder/syn_current_mem_reg_1_4_i_5/CO[7]
                         net (fo=1, unplaced)         0.000     2.293    experiment/core/accumulator_adder/syn_current_mem_reg_1_4_i_5_n_0
                         CARRY8 (Prop_CARRY8_CI_CO[7])
                                                      0.031     2.324 r  experiment/core/accumulator_adder/syn_current_mem_reg_1_6_i_5/CO[7]
                         net (fo=1, unplaced)         0.000     2.324    experiment/core/accumulator_adder/syn_current_mem_reg_1_6_i_5_n_0
                         CARRY8 (Prop_CARRY8_CI_O[3])
                                                      0.138     2.462 f  experiment/core/accumulator_adder/syn_current_mem_reg_1_0_i_22/O[3]
                         net (fo=37, unplaced)        0.219     2.681    experiment/core/accumulator_adder/accumulator_sum[35]
                         LUT5 (Prop_LUT5_I4_O)        0.040     2.721 r  experiment/core/accumulator_adder/syn_current_mem_reg_1_4_i_4/O
                         net (fo=2, unplaced)         0.200     2.921    experiment/core/accumulator_adder_n_19
                         RAMB36E2                                     r  experiment/core/syn_current_mem_reg_1_4/DINADIN[0]
  -------------------------------------------------------------------    -------------------

                         (clock clk_200m_mmcm rise edge)
                                                      5.000     5.000 r  
    AL14                                              0.000     5.000 r  clk_50m (IN)
                         net (fo=0)                   0.000     5.000    clock_input_buffer/I
    AL14                 INBUF (Prop_INBUF_HRIO_PAD_O)
                                                      0.656     5.656 r  clock_input_buffer/INBUF_INST/O
                         net (fo=1, routed)           0.059     5.715    clock_input_buffer/OUT
    AL14                 IBUFCTRL (Prop_IBUFCTRL_HRIO_I_O)
                                                      0.032     5.747 r  clock_input_buffer/IBUFCTRL_INST/O
                         net (fo=1, unplaced)         0.708     6.455    clk_50m_ibuf
                         MMCME3_ADV (Prop_MMCME3_ADV_CLKIN1_CLKOUT0)
                                                     -4.900     1.555 r  clock_manager/CLKOUT0
                         net (fo=1, unplaced)         0.308     1.863    clk_200m_mmcm
                         BUFGCE (Prop_BUFGCE_I_O)     0.075     1.938 r  system_clock_buffer/O
                         net (fo=27274, unplaced)     2.439     4.377    experiment/core/clk_200m
                         RAMB36E2                                     r  experiment/core/syn_current_mem_reg_1_4/CLKARDCLK
                         clock pessimism              0.492     4.868    
                         clock uncertainty           -0.245     4.623    
                         RAMB36E2 (Setup_RAMB36E2_CLKARDCLK_DINADIN[0])
                                                     -0.402     4.221    experiment/core/syn_current_mem_reg_1_4
  -------------------------------------------------------------------
                         required time                          4.221    
                         arrival time                          -2.921    
  -------------------------------------------------------------------
                         slack                                  1.300    

Slack (MET) :             1.300ns  (required time - arrival time)
  Source:                 experiment/core/syn_current_mem_reg_1_2/CLKBWRCLK
                            (rising edge-triggered cell RAMB36E2 clocked by clk_200m_mmcm  {rise@0.000ns fall@2.500ns period=5.000ns})
  Destination:            experiment/core/syn_current_mem_reg_1_6/DINADIN[0]
                            (rising edge-triggered cell RAMB36E2 clocked by clk_200m_mmcm  {rise@0.000ns fall@2.500ns period=5.000ns})
  Path Group:             clk_200m_mmcm
  Path Type:              Setup (Max at Slow Process Corner)
  Requirement:            5.000ns  (clk_200m_mmcm rise@5.000ns - clk_200m_mmcm rise@0.000ns)
  Data Path Delay:        2.908ns  (logic 2.140ns (73.590%)  route 0.768ns (26.410%))
  Logic Levels:           6  (CARRY8=4 LUT2=1 LUT5=1)
  Clock Path Skew:        -0.145ns (DCD - SCD + CPR)
    Destination Clock Delay (DCD):    -0.623ns = ( 4.377 - 5.000 ) 
    Source Clock Delay      (SCD):    0.013ns
    Clock Pessimism Removal (CPR):    0.492ns
  Clock Uncertainty:      0.245ns  ((TSJ^2 + DJ^2)^1/2) / 2 + PE + UU
    Total System Jitter     (TSJ):    0.071ns
    Discrete Jitter          (DJ):    0.056ns
    Phase Error              (PE):    0.000ns
    User Uncertainty         (UU):    0.200ns

    Location             Delay type                Incr(ns)  Path(ns)    Netlist Resource(s)
  -------------------------------------------------------------------    -------------------
                         (clock clk_200m_mmcm rise edge)
                                                      0.000     0.000 r  
    AL14                                              0.000     0.000 r  clk_50m (IN)
                         net (fo=0)                   0.000     0.000    clock_input_buffer/I
    AL14                 INBUF (Prop_INBUF_HRIO_PAD_O)
                                                      0.922     0.922 r  clock_input_buffer/INBUF_INST/O
                         net (fo=1, routed)           0.092     1.014    clock_input_buffer/OUT
    AL14                 IBUFCTRL (Prop_IBUFCTRL_HRIO_I_O)
                                                      0.043     1.057 r  clock_input_buffer/IBUFCTRL_INST/O
                         net (fo=1, unplaced)         0.785     1.842    clk_50m_ibuf
                         MMCME3_ADV (Prop_MMCME3_ADV_CLKIN1_CLKOUT0)
                                                     -4.854    -3.012 r  clock_manager/CLKOUT0
                         net (fo=1, unplaced)         0.358    -2.654    clk_200m_mmcm
                         BUFGCE (Prop_BUFGCE_I_O)     0.083    -2.571 r  system_clock_buffer/O
                         net (fo=27274, unplaced)     2.584     0.013    experiment/core/clk_200m
                         RAMB36E2                                     r  experiment/core/syn_current_mem_reg_1_2/CLKBWRCLK
  -------------------------------------------------------------------    -------------------
                         RAMB36E2 (Prop_RAMB36E2_CLKBWRCLK_DOUTBDOUT[0])
                                                      1.416     1.429 r  experiment/core/syn_current_mem_reg_1_2/DOUTBDOUT[0]
                         net (fo=2, unplaced)         0.349     1.778    experiment/core/accumulator_adder/accumulator_read0_out[8]
                         LUT2 (Prop_LUT2_I0_O)        0.071     1.849 r  experiment/core/accumulator_adder/syn_current_mem_reg_1_2_i_13/O
                         net (fo=1, unplaced)         0.000     1.849    experiment/core/accumulator_adder/syn_current_mem_reg_1_2_i_13_n_0
                         CARRY8 (Prop_CARRY8_S[0]_CO[7])
                                                      0.413     2.262 r  experiment/core/accumulator_adder/syn_current_mem_reg_1_2_i_5/CO[7]
                         net (fo=1, unplaced)         0.000     2.262    experiment/core/accumulator_adder/syn_current_mem_reg_1_2_i_5_n_0
                         CARRY8 (Prop_CARRY8_CI_CO[7])
                                                      0.031     2.293 r  experiment/core/accumulator_adder/syn_current_mem_reg_1_4_i_5/CO[7]
                         net (fo=1, unplaced)         0.000     2.293    experiment/core/accumulator_adder/syn_current_mem_reg_1_4_i_5_n_0
                         CARRY8 (Prop_CARRY8_CI_CO[7])
                                                      0.031     2.324 r  experiment/core/accumulator_adder/syn_current_mem_reg_1_6_i_5/CO[7]
                         net (fo=1, unplaced)         0.000     2.324    experiment/core/accumulator_adder/syn_current_mem_reg_1_6_i_5_n_0
                         CARRY8 (Prop_CARRY8_CI_O[3])
                                                      0.138     2.462 f  experiment/core/accumulator_adder/syn_current_mem_reg_1_0_i_22/O[3]
                         net (fo=37, unplaced)        0.219     2.681    experiment/core/accumulator_adder/accumulator_sum[35]
                         LUT5 (Prop_LUT5_I4_O)        0.040     2.721 r  experiment/core/accumulator_adder/syn_current_mem_reg_1_6_i_4/O
                         net (fo=2, unplaced)         0.200     2.921    experiment/core/accumulator_adder_n_11
                         RAMB36E2                                     r  experiment/core/syn_current_mem_reg_1_6/DINADIN[0]
  -------------------------------------------------------------------    -------------------

                         (clock clk_200m_mmcm rise edge)
                                                      5.000     5.000 r  
    AL14                                              0.000     5.000 r  clk_50m (IN)
                         net (fo=0)                   0.000     5.000    clock_input_buffer/I
    AL14                 INBUF (Prop_INBUF_HRIO_PAD_O)
                                                      0.656     5.656 r  clock_input_buffer/INBUF_INST/O
                         net (fo=1, routed)           0.059     5.715    clock_input_buffer/OUT
    AL14                 IBUFCTRL (Prop_IBUFCTRL_HRIO_I_O)
                                                      0.032     5.747 r  clock_input_buffer/IBUFCTRL_INST/O
                         net (fo=1, unplaced)         0.708     6.455    clk_50m_ibuf
                         MMCME3_ADV (Prop_MMCME3_ADV_CLKIN1_CLKOUT0)
                                                     -4.900     1.555 r  clock_manager/CLKOUT0
                         net (fo=1, unplaced)         0.308     1.863    clk_200m_mmcm
                         BUFGCE (Prop_BUFGCE_I_O)     0.075     1.938 r  system_clock_buffer/O
                         net (fo=27274, unplaced)     2.439     4.377    experiment/core/clk_200m
                         RAMB36E2                                     r  experiment/core/syn_current_mem_reg_1_6/CLKARDCLK
                         clock pessimism              0.492     4.868    
                         clock uncertainty           -0.245     4.623    
                         RAMB36E2 (Setup_RAMB36E2_CLKARDCLK_DINADIN[0])
                                                     -0.402     4.221    experiment/core/syn_current_mem_reg_1_6
  -------------------------------------------------------------------
                         required time                          4.221    
                         arrival time                          -2.921    
  -------------------------------------------------------------------
                         slack                                  1.300    

Slack (MET) :             1.300ns  (required time - arrival time)
  Source:                 experiment/core/syn_current_mem_reg_1_2/CLKBWRCLK
                            (rising edge-triggered cell RAMB36E2 clocked by clk_200m_mmcm  {rise@0.000ns fall@2.500ns period=5.000ns})
  Destination:            experiment/core/syn_current_mem_reg_1_8/DINADIN[0]
                            (rising edge-triggered cell RAMB36E2 clocked by clk_200m_mmcm  {rise@0.000ns fall@2.500ns period=5.000ns})
  Path Group:             clk_200m_mmcm
  Path Type:              Setup (Max at Slow Process Corner)
  Requirement:            5.000ns  (clk_200m_mmcm rise@5.000ns - clk_200m_mmcm rise@0.000ns)
  Data Path Delay:        2.908ns  (logic 2.140ns (73.590%)  route 0.768ns (26.410%))
  Logic Levels:           6  (CARRY8=4 LUT2=1 LUT5=1)
  Clock Path Skew:        -0.145ns (DCD - SCD + CPR)
    Destination Clock Delay (DCD):    -0.623ns = ( 4.377 - 5.000 ) 
    Source Clock Delay      (SCD):    0.013ns
    Clock Pessimism Removal (CPR):    0.492ns
  Clock Uncertainty:      0.245ns  ((TSJ^2 + DJ^2)^1/2) / 2 + PE + UU
    Total System Jitter     (TSJ):    0.071ns
    Discrete Jitter          (DJ):    0.056ns
    Phase Error              (PE):    0.000ns
    User Uncertainty         (UU):    0.200ns

    Location             Delay type                Incr(ns)  Path(ns)    Netlist Resource(s)
  -------------------------------------------------------------------    -------------------
                         (clock clk_200m_mmcm rise edge)
                                                      0.000     0.000 r  
    AL14                                              0.000     0.000 r  clk_50m (IN)
                         net (fo=0)                   0.000     0.000    clock_input_buffer/I
    AL14                 INBUF (Prop_INBUF_HRIO_PAD_O)
                                                      0.922     0.922 r  clock_input_buffer/INBUF_INST/O
                         net (fo=1, routed)           0.092     1.014    clock_input_buffer/OUT
    AL14                 IBUFCTRL (Prop_IBUFCTRL_HRIO_I_O)
                                                      0.043     1.057 r  clock_input_buffer/IBUFCTRL_INST/O
                         net (fo=1, unplaced)         0.785     1.842    clk_50m_ibuf
                         MMCME3_ADV (Prop_MMCME3_ADV_CLKIN1_CLKOUT0)
                                                     -4.854    -3.012 r  clock_manager/CLKOUT0
                         net (fo=1, unplaced)         0.358    -2.654    clk_200m_mmcm
                         BUFGCE (Prop_BUFGCE_I_O)     0.083    -2.571 r  system_clock_buffer/O
                         net (fo=27274, unplaced)     2.584     0.013    experiment/core/clk_200m
                         RAMB36E2                                     r  experiment/core/syn_current_mem_reg_1_2/CLKBWRCLK
  -------------------------------------------------------------------    -------------------
                         RAMB36E2 (Prop_RAMB36E2_CLKBWRCLK_DOUTBDOUT[0])
                                                      1.416     1.429 r  experiment/core/syn_current_mem_reg_1_2/DOUTBDOUT[0]
                         net (fo=2, unplaced)         0.349     1.778    experiment/core/accumulator_adder/accumulator_read0_out[8]
                         LUT2 (Prop_LUT2_I0_O)        0.071     1.849 r  experiment/core/accumulator_adder/syn_current_mem_reg_1_2_i_13/O
                         net (fo=1, unplaced)         0.000     1.849    experiment/core/accumulator_adder/syn_current_mem_reg_1_2_i_13_n_0
                         CARRY8 (Prop_CARRY8_S[0]_CO[7])
                                                      0.413     2.262 r  experiment/core/accumulator_adder/syn_current_mem_reg_1_2_i_5/CO[7]
                         net (fo=1, unplaced)         0.000     2.262    experiment/core/accumulator_adder/syn_current_mem_reg_1_2_i_5_n_0
                         CARRY8 (Prop_CARRY8_CI_CO[7])
                                                      0.031     2.293 r  experiment/core/accumulator_adder/syn_current_mem_reg_1_4_i_5/CO[7]
                         net (fo=1, unplaced)         0.000     2.293    experiment/core/accumulator_adder/syn_current_mem_reg_1_4_i_5_n_0
                         CARRY8 (Prop_CARRY8_CI_CO[7])
                                                      0.031     2.324 r  experiment/core/accumulator_adder/syn_current_mem_reg_1_6_i_5/CO[7]
                         net (fo=1, unplaced)         0.000     2.324    experiment/core/accumulator_adder/syn_current_mem_reg_1_6_i_5_n_0
                         CARRY8 (Prop_CARRY8_CI_O[3])
                                                      0.138     2.462 f  experiment/core/accumulator_adder/syn_current_mem_reg_1_0_i_22/O[3]
                         net (fo=37, unplaced)        0.219     2.681    experiment/core/accumulator_adder/accumulator_sum[35]
                         LUT5 (Prop_LUT5_I4_O)        0.040     2.721 r  experiment/core/accumulator_adder/syn_current_mem_reg_1_8_i_3/O
                         net (fo=2, unplaced)         0.200     2.921    experiment/core/accumulator_adder_n_3
                         RAMB36E2                                     r  experiment/core/syn_current_mem_reg_1_8/DINADIN[0]
  -------------------------------------------------------------------    -------------------

                         (clock clk_200m_mmcm rise edge)
                                                      5.000     5.000 r  
    AL14                                              0.000     5.000 r  clk_50m (IN)
                         net (fo=0)                   0.000     5.000    clock_input_buffer/I
    AL14                 INBUF (Prop_INBUF_HRIO_PAD_O)
                                                      0.656     5.656 r  clock_input_buffer/INBUF_INST/O
                         net (fo=1, routed)           0.059     5.715    clock_input_buffer/OUT
    AL14                 IBUFCTRL (Prop_IBUFCTRL_HRIO_I_O)
                                                      0.032     5.747 r  clock_input_buffer/IBUFCTRL_INST/O
                         net (fo=1, unplaced)         0.708     6.455    clk_50m_ibuf
                         MMCME3_ADV (Prop_MMCME3_ADV_CLKIN1_CLKOUT0)
                                                     -4.900     1.555 r  clock_manager/CLKOUT0
                         net (fo=1, unplaced)         0.308     1.863    clk_200m_mmcm
                         BUFGCE (Prop_BUFGCE_I_O)     0.075     1.938 r  system_clock_buffer/O
                         net (fo=27274, unplaced)     2.439     4.377    experiment/core/clk_200m
                         RAMB36E2                                     r  experiment/core/syn_current_mem_reg_1_8/CLKARDCLK
                         clock pessimism              0.492     4.868    
                         clock uncertainty           -0.245     4.623    
                         RAMB36E2 (Setup_RAMB36E2_CLKARDCLK_DINADIN[0])
                                                     -0.402     4.221    experiment/core/syn_current_mem_reg_1_8
  -------------------------------------------------------------------
                         required time                          4.221    
                         arrival time                          -2.921    
  -------------------------------------------------------------------
                         slack                                  1.300    

Slack (MET) :             1.300ns  (required time - arrival time)
  Source:                 experiment/core/syn_current_mem_reg_1_2/CLKBWRCLK
                            (rising edge-triggered cell RAMB36E2 clocked by clk_200m_mmcm  {rise@0.000ns fall@2.500ns period=5.000ns})
  Destination:            experiment/core/syn_current_mem_reg_2_0/DINADIN[0]
                            (rising edge-triggered cell RAMB36E2 clocked by clk_200m_mmcm  {rise@0.000ns fall@2.500ns period=5.000ns})
  Path Group:             clk_200m_mmcm
  Path Type:              Setup (Max at Slow Process Corner)
  Requirement:            5.000ns  (clk_200m_mmcm rise@5.000ns - clk_200m_mmcm rise@0.000ns)
  Data Path Delay:        2.908ns  (logic 2.140ns (73.590%)  route 0.768ns (26.410%))
  Logic Levels:           6  (CARRY8=4 LUT2=1 LUT5=1)
  Clock Path Skew:        -0.145ns (DCD - SCD + CPR)
    Destination Clock Delay (DCD):    -0.623ns = ( 4.377 - 5.000 ) 
    Source Clock Delay      (SCD):    0.013ns
    Clock Pessimism Removal (CPR):    0.492ns
  Clock Uncertainty:      0.245ns  ((TSJ^2 + DJ^2)^1/2) / 2 + PE + UU
    Total System Jitter     (TSJ):    0.071ns
    Discrete Jitter          (DJ):    0.056ns
    Phase Error              (PE):    0.000ns
    User Uncertainty         (UU):    0.200ns

    Location             Delay type                Incr(ns)  Path(ns)    Netlist Resource(s)
  -------------------------------------------------------------------    -------------------
                         (clock clk_200m_mmcm rise edge)
                                                      0.000     0.000 r  
    AL14                                              0.000     0.000 r  clk_50m (IN)
                         net (fo=0)                   0.000     0.000    clock_input_buffer/I
    AL14                 INBUF (Prop_INBUF_HRIO_PAD_O)
                                                      0.922     0.922 r  clock_input_buffer/INBUF_INST/O
                         net (fo=1, routed)           0.092     1.014    clock_input_buffer/OUT
    AL14                 IBUFCTRL (Prop_IBUFCTRL_HRIO_I_O)
                                                      0.043     1.057 r  clock_input_buffer/IBUFCTRL_INST/O
                         net (fo=1, unplaced)         0.785     1.842    clk_50m_ibuf
                         MMCME3_ADV (Prop_MMCME3_ADV_CLKIN1_CLKOUT0)
                                                     -4.854    -3.012 r  clock_manager/CLKOUT0
                         net (fo=1, unplaced)         0.358    -2.654    clk_200m_mmcm
                         BUFGCE (Prop_BUFGCE_I_O)     0.083    -2.571 r  system_clock_buffer/O
                         net (fo=27274, unplaced)     2.584     0.013    experiment/core/clk_200m
                         RAMB36E2                                     r  experiment/core/syn_current_mem_reg_1_2/CLKBWRCLK
  -------------------------------------------------------------------    -------------------
                         RAMB36E2 (Prop_RAMB36E2_CLKBWRCLK_DOUTBDOUT[0])
                                                      1.416     1.429 r  experiment/core/syn_current_mem_reg_1_2/DOUTBDOUT[0]
                         net (fo=2, unplaced)         0.349     1.778    experiment/core/accumulator_adder/accumulator_read0_out[8]
                         LUT2 (Prop_LUT2_I0_O)        0.071     1.849 r  experiment/core/accumulator_adder/syn_current_mem_reg_1_2_i_13/O
                         net (fo=1, unplaced)         0.000     1.849    experiment/core/accumulator_adder/syn_current_mem_reg_1_2_i_13_n_0
                         CARRY8 (Prop_CARRY8_S[0]_CO[7])
                                                      0.413     2.262 r  experiment/core/accumulator_adder/syn_current_mem_reg_1_2_i_5/CO[7]
                         net (fo=1, unplaced)         0.000     2.262    experiment/core/accumulator_adder/syn_current_mem_reg_1_2_i_5_n_0
                         CARRY8 (Prop_CARRY8_CI_CO[7])
                                                      0.031     2.293 r  experiment/core/accumulator_adder/syn_current_mem_reg_1_4_i_5/CO[7]
                         net (fo=1, unplaced)         0.000     2.293    experiment/core/accumulator_adder/syn_current_mem_reg_1_4_i_5_n_0
                         CARRY8 (Prop_CARRY8_CI_CO[7])
                                                      0.031     2.324 r  experiment/core/accumulator_adder/syn_current_mem_reg_1_6_i_5/CO[7]
                         net (fo=1, unplaced)         0.000     2.324    experiment/core/accumulator_adder/syn_current_mem_reg_1_6_i_5_n_0
                         CARRY8 (Prop_CARRY8_CI_O[3])
                                                      0.138     2.462 f  experiment/core/accumulator_adder/syn_current_mem_reg_1_0_i_22/O[3]
                         net (fo=37, unplaced)        0.219     2.681    experiment/core/accumulator_adder/accumulator_sum[35]
                         LUT5 (Prop_LUT5_I4_O)        0.040     2.721 r  experiment/core/accumulator_adder/syn_current_mem_reg_1_0_i_19/O
                         net (fo=2, unplaced)         0.200     2.921    experiment/core/accumulator_adder_n_35
                         RAMB36E2                                     r  experiment/core/syn_current_mem_reg_2_0/DINADIN[0]
  -------------------------------------------------------------------    -------------------

                         (clock clk_200m_mmcm rise edge)
                                                      5.000     5.000 r  
    AL14                                              0.000     5.000 r  clk_50m (IN)
                         net (fo=0)                   0.000     5.000    clock_input_buffer/I
    AL14                 INBUF (Prop_INBUF_HRIO_PAD_O)
                                                      0.656     5.656 r  clock_input_buffer/INBUF_INST/O
                         net (fo=1, routed)           0.059     5.715    clock_input_buffer/OUT
    AL14                 IBUFCTRL (Prop_IBUFCTRL_HRIO_I_O)
                                                      0.032     5.747 r  clock_input_buffer/IBUFCTRL_INST/O
                         net (fo=1, unplaced)         0.708     6.455    clk_50m_ibuf
                         MMCME3_ADV (Prop_MMCME3_ADV_CLKIN1_CLKOUT0)
                                                     -4.900     1.555 r  clock_manager/CLKOUT0
                         net (fo=1, unplaced)         0.308     1.863    clk_200m_mmcm
                         BUFGCE (Prop_BUFGCE_I_O)     0.075     1.938 r  system_clock_buffer/O
                         net (fo=27274, unplaced)     2.439     4.377    experiment/core/clk_200m
                         RAMB36E2                                     r  experiment/core/syn_current_mem_reg_2_0/CLKARDCLK
                         clock pessimism              0.492     4.868    
                         clock uncertainty           -0.245     4.623    
                         RAMB36E2 (Setup_RAMB36E2_CLKARDCLK_DINADIN[0])
                                                     -0.402     4.221    experiment/core/syn_current_mem_reg_2_0
  -------------------------------------------------------------------
                         required time                          4.221    
                         arrival time                          -2.921    
  -------------------------------------------------------------------
                         slack                                  1.300    

Slack (MET) :             1.300ns  (required time - arrival time)
  Source:                 experiment/core/syn_current_mem_reg_1_2/CLKBWRCLK
                            (rising edge-triggered cell RAMB36E2 clocked by clk_200m_mmcm  {rise@0.000ns fall@2.500ns period=5.000ns})
  Destination:            experiment/core/syn_current_mem_reg_2_1/DINADIN[0]
                            (rising edge-triggered cell RAMB36E2 clocked by clk_200m_mmcm  {rise@0.000ns fall@2.500ns period=5.000ns})
  Path Group:             clk_200m_mmcm
  Path Type:              Setup (Max at Slow Process Corner)
  Requirement:            5.000ns  (clk_200m_mmcm rise@5.000ns - clk_200m_mmcm rise@0.000ns)
  Data Path Delay:        2.908ns  (logic 2.140ns (73.590%)  route 0.768ns (26.410%))
  Logic Levels:           6  (CARRY8=4 LUT2=1 LUT5=1)
  Clock Path Skew:        -0.145ns (DCD - SCD + CPR)
    Destination Clock Delay (DCD):    -0.623ns = ( 4.377 - 5.000 ) 
    Source Clock Delay      (SCD):    0.013ns
    Clock Pessimism Removal (CPR):    0.492ns
  Clock Uncertainty:      0.245ns  ((TSJ^2 + DJ^2)^1/2) / 2 + PE + UU
    Total System Jitter     (TSJ):    0.071ns
    Discrete Jitter          (DJ):    0.056ns
    Phase Error              (PE):    0.000ns
    User Uncertainty         (UU):    0.200ns

    Location             Delay type                Incr(ns)  Path(ns)    Netlist Resource(s)
  -------------------------------------------------------------------    -------------------
                         (clock clk_200m_mmcm rise edge)
                                                      0.000     0.000 r  
    AL14                                              0.000     0.000 r  clk_50m (IN)
                         net (fo=0)                   0.000     0.000    clock_input_buffer/I
    AL14                 INBUF (Prop_INBUF_HRIO_PAD_O)
                                                      0.922     0.922 r  clock_input_buffer/INBUF_INST/O
                         net (fo=1, routed)           0.092     1.014    clock_input_buffer/OUT
    AL14                 IBUFCTRL (Prop_IBUFCTRL_HRIO_I_O)
                                                      0.043     1.057 r  clock_input_buffer/IBUFCTRL_INST/O
                         net (fo=1, unplaced)         0.785     1.842    clk_50m_ibuf
                         MMCME3_ADV (Prop_MMCME3_ADV_CLKIN1_CLKOUT0)
                                                     -4.854    -3.012 r  clock_manager/CLKOUT0
                         net (fo=1, unplaced)         0.358    -2.654    clk_200m_mmcm
                         BUFGCE (Prop_BUFGCE_I_O)     0.083    -2.571 r  system_clock_buffer/O
                         net (fo=27274, unplaced)     2.584     0.013    experiment/core/clk_200m
                         RAMB36E2                                     r  experiment/core/syn_current_mem_reg_1_2/CLKBWRCLK
  -------------------------------------------------------------------    -------------------
                         RAMB36E2 (Prop_RAMB36E2_CLKBWRCLK_DOUTBDOUT[0])
                                                      1.416     1.429 r  experiment/core/syn_current_mem_reg_1_2/DOUTBDOUT[0]
                         net (fo=2, unplaced)         0.349     1.778    experiment/core/accumulator_adder/accumulator_read0_out[8]
                         LUT2 (Prop_LUT2_I0_O)        0.071     1.849 r  experiment/core/accumulator_adder/syn_current_mem_reg_1_2_i_13/O
                         net (fo=1, unplaced)         0.000     1.849    experiment/core/accumulator_adder/syn_current_mem_reg_1_2_i_13_n_0
                         CARRY8 (Prop_CARRY8_S[0]_CO[7])
                                                      0.413     2.262 r  experiment/core/accumulator_adder/syn_current_mem_reg_1_2_i_5/CO[7]
                         net (fo=1, unplaced)         0.000     2.262    experiment/core/accumulator_adder/syn_current_mem_reg_1_2_i_5_n_0
                         CARRY8 (Prop_CARRY8_CI_CO[7])
                                                      0.031     2.293 r  experiment/core/accumulator_adder/syn_current_mem_reg_1_4_i_5/CO[7]
                         net (fo=1, unplaced)         0.000     2.293    experiment/core/accumulator_adder/syn_current_mem_reg_1_4_i_5_n_0
                         CARRY8 (Prop_CARRY8_CI_CO[7])
                                                      0.031     2.324 r  experiment/core/accumulator_adder/syn_current_mem_reg_1_6_i_5/CO[7]
                         net (fo=1, unplaced)         0.000     2.324    experiment/core/accumulator_adder/syn_current_mem_reg_1_6_i_5_n_0
                         CARRY8 (Prop_CARRY8_CI_O[3])
                                                      0.138     2.462 f  experiment/core/accumulator_adder/syn_current_mem_reg_1_0_i_22/O[3]
                         net (fo=37, unplaced)        0.219     2.681    experiment/core/accumulator_adder/accumulator_sum[35]
                         LUT5 (Prop_LUT5_I4_O)        0.040     2.721 r  experiment/core/accumulator_adder/syn_current_mem_reg_1_1_i_4/O
                         net (fo=2, unplaced)         0.200     2.921    experiment/core/accumulator_adder_n_31
                         RAMB36E2                                     r  experiment/core/syn_current_mem_reg_2_1/DINADIN[0]
  -------------------------------------------------------------------    -------------------

                         (clock clk_200m_mmcm rise edge)
                                                      5.000     5.000 r  
    AL14                                              0.000     5.000 r  clk_50m (IN)
                         net (fo=0)                   0.000     5.000    clock_input_buffer/I
    AL14                 INBUF (Prop_INBUF_HRIO_PAD_O)
                                                      0.656     5.656 r  clock_input_buffer/INBUF_INST/O
                         net (fo=1, routed)           0.059     5.715    clock_input_buffer/OUT
    AL14                 IBUFCTRL (Prop_IBUFCTRL_HRIO_I_O)
                                                      0.032     5.747 r  clock_input_buffer/IBUFCTRL_INST/O
                         net (fo=1, unplaced)         0.708     6.455    clk_50m_ibuf
                         MMCME3_ADV (Prop_MMCME3_ADV_CLKIN1_CLKOUT0)
                                                     -4.900     1.555 r  clock_manager/CLKOUT0
                         net (fo=1, unplaced)         0.308     1.863    clk_200m_mmcm
                         BUFGCE (Prop_BUFGCE_I_O)     0.075     1.938 r  system_clock_buffer/O
                         net (fo=27274, unplaced)     2.439     4.377    experiment/core/clk_200m
                         RAMB36E2                                     r  experiment/core/syn_current_mem_reg_2_1/CLKARDCLK
                         clock pessimism              0.492     4.868    
                         clock uncertainty           -0.245     4.623    
                         RAMB36E2 (Setup_RAMB36E2_CLKARDCLK_DINADIN[0])
                                                     -0.402     4.221    experiment/core/syn_current_mem_reg_2_1
  -------------------------------------------------------------------
                         required time                          4.221    
                         arrival time                          -2.921    
  -------------------------------------------------------------------
                         slack                                  1.300    





Pulse Width Checks
--------------------------------------------------------------------------------------
Clock Name:         clk_200m_mmcm
Waveform(ns):       { 0.000 2.500 }
Period(ns):         5.000
Sources:            { clock_manager/CLKOUT0 }

Check Type        Corner  Lib Pin             Reference Pin  Required(ns)  Actual(ns)  Slack(ns)  Location  Pin
Min Period        n/a     RAMB36E2/CLKARDCLK  n/a            1.961         5.000       3.039                experiment/event_mem_reg_bram_1/CLKARDCLK
Min Period        n/a     RAMB36E2/CLKARDCLK  n/a            1.961         5.000       3.039                experiment/event_mem_reg_bram_10/CLKARDCLK
Min Period        n/a     RAMB36E2/CLKARDCLK  n/a            1.961         5.000       3.039                experiment/event_mem_reg_bram_11/CLKARDCLK
Min Period        n/a     RAMB36E2/CLKARDCLK  n/a            1.961         5.000       3.039                experiment/event_mem_reg_bram_12/CLKARDCLK
Min Period        n/a     RAMB36E2/CLKARDCLK  n/a            1.961         5.000       3.039                experiment/event_mem_reg_bram_13/CLKARDCLK
Min Period        n/a     RAMB36E2/CLKARDCLK  n/a            1.961         5.000       3.039                experiment/event_mem_reg_bram_14/CLKARDCLK
Min Period        n/a     RAMB36E2/CLKARDCLK  n/a            1.961         5.000       3.039                experiment/event_mem_reg_bram_15/CLKARDCLK
Min Period        n/a     RAMB36E2/CLKARDCLK  n/a            1.961         5.000       3.039                experiment/event_mem_reg_bram_16/CLKARDCLK
Min Period        n/a     RAMB36E2/CLKARDCLK  n/a            1.961         5.000       3.039                experiment/event_mem_reg_bram_17/CLKARDCLK
Min Period        n/a     RAMB36E2/CLKARDCLK  n/a            1.961         5.000       3.039                experiment/event_mem_reg_bram_18/CLKARDCLK
Min Period        n/a     RAMB36E2/CLKARDCLK  n/a            1.961         5.000       3.039                experiment/event_mem_reg_bram_19/CLKARDCLK
Min Period        n/a     RAMB36E2/CLKARDCLK  n/a            1.961         5.000       3.039                experiment/event_mem_reg_bram_2/CLKARDCLK
Min Period        n/a     RAMB36E2/CLKARDCLK  n/a            1.961         5.000       3.039                experiment/event_mem_reg_bram_20/CLKARDCLK
Min Period        n/a     RAMB36E2/CLKARDCLK  n/a            1.961         5.000       3.039                experiment/event_mem_reg_bram_21/CLKARDCLK
Min Period        n/a     RAMB36E2/CLKARDCLK  n/a            1.961         5.000       3.039                experiment/event_mem_reg_bram_22/CLKARDCLK
Min Period        n/a     RAMB36E2/CLKARDCLK  n/a            1.961         5.000       3.039                experiment/event_mem_reg_bram_23/CLKARDCLK
Min Period        n/a     RAMB36E2/CLKARDCLK  n/a            1.961         5.000       3.039                experiment/event_mem_reg_bram_24/CLKARDCLK
Min Period        n/a     RAMB36E2/CLKARDCLK  n/a            1.961         5.000       3.039                experiment/event_mem_reg_bram_25/CLKARDCLK
Min Period        n/a     RAMB36E2/CLKARDCLK  n/a            1.961         5.000       3.039                experiment/event_mem_reg_bram_26/CLKARDCLK
Min Period        n/a     RAMB36E2/CLKARDCLK  n/a            1.961         5.000       3.039                experiment/event_mem_reg_bram_3/CLKARDCLK
Low Pulse Width   Slow    RAMB36E2/CLKARDCLK  n/a            0.980         2.500       1.520                experiment/event_mem_reg_bram_1/CLKARDCLK
Low Pulse Width   Fast    RAMB36E2/CLKARDCLK  n/a            0.980         2.500       1.520                experiment/event_mem_reg_bram_1/CLKARDCLK
Low Pulse Width   Slow    RAMB36E2/CLKARDCLK  n/a            0.980         2.500       1.520                experiment/event_mem_reg_bram_10/CLKARDCLK
Low Pulse Width   Fast    RAMB36E2/CLKARDCLK  n/a            0.980         2.500       1.520                experiment/event_mem_reg_bram_10/CLKARDCLK
Low Pulse Width   Slow    RAMB36E2/CLKARDCLK  n/a            0.980         2.500       1.520                experiment/event_mem_reg_bram_11/CLKARDCLK
Low Pulse Width   Fast    RAMB36E2/CLKARDCLK  n/a            0.980         2.500       1.520                experiment/event_mem_reg_bram_11/CLKARDCLK
Low Pulse Width   Slow    RAMB36E2/CLKARDCLK  n/a            0.980         2.500       1.520                experiment/event_mem_reg_bram_12/CLKARDCLK
Low Pulse Width   Fast    RAMB36E2/CLKARDCLK  n/a            0.980         2.500       1.520                experiment/event_mem_reg_bram_12/CLKARDCLK
Low Pulse Width   Slow    RAMB36E2/CLKARDCLK  n/a            0.980         2.500       1.520                experiment/event_mem_reg_bram_13/CLKARDCLK
Low Pulse Width   Fast    RAMB36E2/CLKARDCLK  n/a            0.980         2.500       1.520                experiment/event_mem_reg_bram_13/CLKARDCLK
Low Pulse Width   Slow    RAMB36E2/CLKARDCLK  n/a            0.980         2.500       1.520                experiment/event_mem_reg_bram_14/CLKARDCLK
Low Pulse Width   Fast    RAMB36E2/CLKARDCLK  n/a            0.980         2.500       1.520                experiment/event_mem_reg_bram_14/CLKARDCLK
Low Pulse Width   Slow    RAMB36E2/CLKARDCLK  n/a            0.980         2.500       1.520                experiment/event_mem_reg_bram_15/CLKARDCLK
Low Pulse Width   Fast    RAMB36E2/CLKARDCLK  n/a            0.980         2.500       1.520                experiment/event_mem_reg_bram_15/CLKARDCLK
Low Pulse Width   Slow    RAMB36E2/CLKARDCLK  n/a            0.980         2.500       1.520                experiment/event_mem_reg_bram_16/CLKARDCLK
Low Pulse Width   Fast    RAMB36E2/CLKARDCLK  n/a            0.980         2.500       1.520                experiment/event_mem_reg_bram_16/CLKARDCLK
Low Pulse Width   Slow    RAMB36E2/CLKARDCLK  n/a            0.980         2.500       1.520                experiment/event_mem_reg_bram_17/CLKARDCLK
Low Pulse Width   Fast    RAMB36E2/CLKARDCLK  n/a            0.980         2.500       1.520                experiment/event_mem_reg_bram_17/CLKARDCLK
Low Pulse Width   Slow    RAMB36E2/CLKARDCLK  n/a            0.980         2.500       1.520                experiment/event_mem_reg_bram_18/CLKARDCLK
Low Pulse Width   Fast    RAMB36E2/CLKARDCLK  n/a            0.980         2.500       1.520                experiment/event_mem_reg_bram_18/CLKARDCLK
High Pulse Width  Slow    RAMB36E2/CLKARDCLK  n/a            0.980         2.500       1.520                experiment/event_mem_reg_bram_1/CLKARDCLK
High Pulse Width  Fast    RAMB36E2/CLKARDCLK  n/a            0.980         2.500       1.520                experiment/event_mem_reg_bram_1/CLKARDCLK
High Pulse Width  Slow    RAMB36E2/CLKARDCLK  n/a            0.980         2.500       1.520                experiment/event_mem_reg_bram_10/CLKARDCLK
High Pulse Width  Fast    RAMB36E2/CLKARDCLK  n/a            0.980         2.500       1.520                experiment/event_mem_reg_bram_10/CLKARDCLK
High Pulse Width  Slow    RAMB36E2/CLKARDCLK  n/a            0.980         2.500       1.520                experiment/event_mem_reg_bram_11/CLKARDCLK
High Pulse Width  Fast    RAMB36E2/CLKARDCLK  n/a            0.980         2.500       1.520                experiment/event_mem_reg_bram_11/CLKARDCLK
High Pulse Width  Slow    RAMB36E2/CLKARDCLK  n/a            0.980         2.500       1.520                experiment/event_mem_reg_bram_12/CLKARDCLK
High Pulse Width  Fast    RAMB36E2/CLKARDCLK  n/a            0.980         2.500       1.520                experiment/event_mem_reg_bram_12/CLKARDCLK
High Pulse Width  Slow    RAMB36E2/CLKARDCLK  n/a            0.980         2.500       1.520                experiment/event_mem_reg_bram_13/CLKARDCLK
High Pulse Width  Fast    RAMB36E2/CLKARDCLK  n/a            0.980         2.500       1.520                experiment/event_mem_reg_bram_13/CLKARDCLK
High Pulse Width  Slow    RAMB36E2/CLKARDCLK  n/a            0.980         2.500       1.520                experiment/event_mem_reg_bram_14/CLKARDCLK
High Pulse Width  Fast    RAMB36E2/CLKARDCLK  n/a            0.980         2.500       1.520                experiment/event_mem_reg_bram_14/CLKARDCLK
High Pulse Width  Slow    RAMB36E2/CLKARDCLK  n/a            0.980         2.500       1.520                experiment/event_mem_reg_bram_15/CLKARDCLK
High Pulse Width  Fast    RAMB36E2/CLKARDCLK  n/a            0.980         2.500       1.520                experiment/event_mem_reg_bram_15/CLKARDCLK
High Pulse Width  Slow    RAMB36E2/CLKARDCLK  n/a            0.980         2.500       1.520                experiment/event_mem_reg_bram_16/CLKARDCLK
High Pulse Width  Fast    RAMB36E2/CLKARDCLK  n/a            0.980         2.500       1.520                experiment/event_mem_reg_bram_16/CLKARDCLK
High Pulse Width  Slow    RAMB36E2/CLKARDCLK  n/a            0.980         2.500       1.520                experiment/event_mem_reg_bram_17/CLKARDCLK
High Pulse Width  Fast    RAMB36E2/CLKARDCLK  n/a            0.980         2.500       1.520                experiment/event_mem_reg_bram_17/CLKARDCLK
High Pulse Width  Slow    RAMB36E2/CLKARDCLK  n/a            0.980         2.500       1.520                experiment/event_mem_reg_bram_18/CLKARDCLK
High Pulse Width  Fast    RAMB36E2/CLKARDCLK  n/a            0.980         2.500       1.520                experiment/event_mem_reg_bram_18/CLKARDCLK



---------------------------------------------------------------------------------------------------
From Clock:  clkfb_mmcm
  To Clock:  clkfb_mmcm

Setup :           NA  Failing Endpoints,  Worst Slack           NA  ,  Total Violation           NA
Hold  :           NA  Failing Endpoints,  Worst Slack           NA  ,  Total Violation           NA
PW    :            0  Failing Endpoints,  Worst Slack       18.621ns,  Total Violation        0.000ns
---------------------------------------------------------------------------------------------------


Pulse Width Checks
--------------------------------------------------------------------------------------
Clock Name:         clkfb_mmcm
Waveform(ns):       { 0.000 10.000 }
Period(ns):         20.000
Sources:            { clock_manager/CLKFBOUT }

Check Type  Corner  Lib Pin              Reference Pin  Required(ns)  Actual(ns)  Slack(ns)  Location  Pin
Min Period  n/a     BUFGCE/I             n/a            1.379         20.000      18.621               feedback_clock_buffer/I
Min Period  n/a     MMCME3_ADV/CLKFBOUT  n/a            1.071         20.000      18.929               clock_manager/CLKFBOUT
Min Period  n/a     MMCME3_ADV/CLKFBIN   n/a            1.071         20.000      18.929               clock_manager/CLKFBIN



---------------------------------------------------------------------------------------------------
From Clock:  
  To Clock:  clk_200m_mmcm

Setup :            0  Failing Endpoints,  Worst Slack      999.732ns,  Total Violation        0.000ns
Hold  :           NA  Failing Endpoints,  Worst Slack           NA  ,  Total Violation           NA
---------------------------------------------------------------------------------------------------


Max Delay Paths
--------------------------------------------------------------------------------------
Slack (MET) :             999.732ns  (required time - arrival time)
  Source:                 jtag_master/inst/jtag_axi_engine_u/rd_cmd_fifo_i/inst_fifo_gen/gconvfifo.rf/grf.rf/gntv_or_sync_fifo.gcx.clkx/wr_pntr_cdc_inst/src_gray_ff_reg[0]/C
                            (rising edge-triggered cell FDRE)
  Destination:            jtag_master/inst/jtag_axi_engine_u/rd_cmd_fifo_i/inst_fifo_gen/gconvfifo.rf/grf.rf/gntv_or_sync_fifo.gcx.clkx/wr_pntr_cdc_inst/dest_graysync_ff_reg[0][0]/D
                            (rising edge-triggered cell FDRE clocked by clk_200m_mmcm  {rise@0.000ns fall@2.500ns period=5.000ns})
  Path Group:             clk_200m_mmcm
  Path Type:              Setup (Max at Slow Process Corner)
  Requirement:            1000.000ns  (MaxDelay Path 1000.000ns)
  Data Path Delay:        0.327ns  (logic 0.115ns (35.168%)  route 0.212ns (64.832%))
  Logic Levels:           1  (FDRE=1)
  Timing Exception:       MaxDelay Path 1000.000ns -datapath_only

    Location             Delay type                Incr(ns)  Path(ns)    Netlist Resource(s)
  -------------------------------------------------------------------    -------------------
                         FDRE                         0.000     0.000 r  jtag_master/inst/jtag_axi_engine_u/rd_cmd_fifo_i/inst_fifo_gen/gconvfifo.rf/grf.rf/gntv_or_sync_fifo.gcx.clkx/wr_pntr_cdc_inst/src_gray_ff_reg[0]/C
                         FDRE (Prop_FDRE_C_Q)         0.115     0.115 r  jtag_master/inst/jtag_axi_engine_u/rd_cmd_fifo_i/inst_fifo_gen/gconvfifo.rf/grf.rf/gntv_or_sync_fifo.gcx.clkx/wr_pntr_cdc_inst/src_gray_ff_reg[0]/Q
                         net (fo=1, unplaced)         0.212     0.327    jtag_master/inst/jtag_axi_engine_u/rd_cmd_fifo_i/inst_fifo_gen/gconvfifo.rf/grf.rf/gntv_or_sync_fifo.gcx.clkx/wr_pntr_cdc_inst/async_path[0]
                         FDRE                                         r  jtag_master/inst/jtag_axi_engine_u/rd_cmd_fifo_i/inst_fifo_gen/gconvfifo.rf/grf.rf/gntv_or_sync_fifo.gcx.clkx/wr_pntr_cdc_inst/dest_graysync_ff_reg[0][0]/D
  -------------------------------------------------------------------    -------------------

                         max delay                 1000.000  1000.000    
                         FDRE (Setup_FDRE_C_D)        0.059  1000.059    jtag_master/inst/jtag_axi_engine_u/rd_cmd_fifo_i/inst_fifo_gen/gconvfifo.rf/grf.rf/gntv_or_sync_fifo.gcx.clkx/wr_pntr_cdc_inst/dest_graysync_ff_reg[0][0]
  -------------------------------------------------------------------
                         required time                       1000.059    
                         arrival time                          -0.327    
  -------------------------------------------------------------------
                         slack                                999.732    

Slack (MET) :             999.732ns  (required time - arrival time)
  Source:                 jtag_master/inst/jtag_axi_engine_u/rd_cmd_fifo_i/inst_fifo_gen/gconvfifo.rf/grf.rf/gntv_or_sync_fifo.gcx.clkx/wr_pntr_cdc_inst/src_gray_ff_reg[1]/C
                            (rising edge-triggered cell FDRE)
  Destination:            jtag_master/inst/jtag_axi_engine_u/rd_cmd_fifo_i/inst_fifo_gen/gconvfifo.rf/grf.rf/gntv_or_sync_fifo.gcx.clkx/wr_pntr_cdc_inst/dest_graysync_ff_reg[0][1]/D
                            (rising edge-triggered cell FDRE clocked by clk_200m_mmcm  {rise@0.000ns fall@2.500ns period=5.000ns})
  Path Group:             clk_200m_mmcm
  Path Type:              Setup (Max at Slow Process Corner)
  Requirement:            1000.000ns  (MaxDelay Path 1000.000ns)
  Data Path Delay:        0.327ns  (logic 0.115ns (35.168%)  route 0.212ns (64.832%))
  Logic Levels:           1  (FDRE=1)
  Timing Exception:       MaxDelay Path 1000.000ns -datapath_only

    Location             Delay type                Incr(ns)  Path(ns)    Netlist Resource(s)
  -------------------------------------------------------------------    -------------------
                         FDRE                         0.000     0.000 r  jtag_master/inst/jtag_axi_engine_u/rd_cmd_fifo_i/inst_fifo_gen/gconvfifo.rf/grf.rf/gntv_or_sync_fifo.gcx.clkx/wr_pntr_cdc_inst/src_gray_ff_reg[1]/C
                         FDRE (Prop_FDRE_C_Q)         0.115     0.115 r  jtag_master/inst/jtag_axi_engine_u/rd_cmd_fifo_i/inst_fifo_gen/gconvfifo.rf/grf.rf/gntv_or_sync_fifo.gcx.clkx/wr_pntr_cdc_inst/src_gray_ff_reg[1]/Q
                         net (fo=1, unplaced)         0.212     0.327    jtag_master/inst/jtag_axi_engine_u/rd_cmd_fifo_i/inst_fifo_gen/gconvfifo.rf/grf.rf/gntv_or_sync_fifo.gcx.clkx/wr_pntr_cdc_inst/async_path[1]
                         FDRE                                         r  jtag_master/inst/jtag_axi_engine_u/rd_cmd_fifo_i/inst_fifo_gen/gconvfifo.rf/grf.rf/gntv_or_sync_fifo.gcx.clkx/wr_pntr_cdc_inst/dest_graysync_ff_reg[0][1]/D
  -------------------------------------------------------------------    -------------------

                         max delay                 1000.000  1000.000    
                         FDRE (Setup_FDRE_C_D)        0.059  1000.059    jtag_master/inst/jtag_axi_engine_u/rd_cmd_fifo_i/inst_fifo_gen/gconvfifo.rf/grf.rf/gntv_or_sync_fifo.gcx.clkx/wr_pntr_cdc_inst/dest_graysync_ff_reg[0][1]
  -------------------------------------------------------------------
                         required time                       1000.059    
                         arrival time                          -0.327    
  -------------------------------------------------------------------
                         slack                                999.732    

Slack (MET) :             999.732ns  (required time - arrival time)
  Source:                 jtag_master/inst/jtag_axi_engine_u/rd_cmd_fifo_i/inst_fifo_gen/gconvfifo.rf/grf.rf/gntv_or_sync_fifo.gcx.clkx/wr_pntr_cdc_inst/src_gray_ff_reg[2]/C
                            (rising edge-triggered cell FDRE)
  Destination:            jtag_master/inst/jtag_axi_engine_u/rd_cmd_fifo_i/inst_fifo_gen/gconvfifo.rf/grf.rf/gntv_or_sync_fifo.gcx.clkx/wr_pntr_cdc_inst/dest_graysync_ff_reg[0][2]/D
                            (rising edge-triggered cell FDRE clocked by clk_200m_mmcm  {rise@0.000ns fall@2.500ns period=5.000ns})
  Path Group:             clk_200m_mmcm
  Path Type:              Setup (Max at Slow Process Corner)
  Requirement:            1000.000ns  (MaxDelay Path 1000.000ns)
  Data Path Delay:        0.327ns  (logic 0.115ns (35.168%)  route 0.212ns (64.832%))
  Logic Levels:           1  (FDRE=1)
  Timing Exception:       MaxDelay Path 1000.000ns -datapath_only

    Location             Delay type                Incr(ns)  Path(ns)    Netlist Resource(s)
  -------------------------------------------------------------------    -------------------
                         FDRE                         0.000     0.000 r  jtag_master/inst/jtag_axi_engine_u/rd_cmd_fifo_i/inst_fifo_gen/gconvfifo.rf/grf.rf/gntv_or_sync_fifo.gcx.clkx/wr_pntr_cdc_inst/src_gray_ff_reg[2]/C
                         FDRE (Prop_FDRE_C_Q)         0.115     0.115 r  jtag_master/inst/jtag_axi_engine_u/rd_cmd_fifo_i/inst_fifo_gen/gconvfifo.rf/grf.rf/gntv_or_sync_fifo.gcx.clkx/wr_pntr_cdc_inst/src_gray_ff_reg[2]/Q
                         net (fo=1, unplaced)         0.212     0.327    jtag_master/inst/jtag_axi_engine_u/rd_cmd_fifo_i/inst_fifo_gen/gconvfifo.rf/grf.rf/gntv_or_sync_fifo.gcx.clkx/wr_pntr_cdc_inst/async_path[2]
                         FDRE                                         r  jtag_master/inst/jtag_axi_engine_u/rd_cmd_fifo_i/inst_fifo_gen/gconvfifo.rf/grf.rf/gntv_or_sync_fifo.gcx.clkx/wr_pntr_cdc_inst/dest_graysync_ff_reg[0][2]/D
  -------------------------------------------------------------------    -------------------

                         max delay                 1000.000  1000.000    
                         FDRE (Setup_FDRE_C_D)        0.059  1000.059    jtag_master/inst/jtag_axi_engine_u/rd_cmd_fifo_i/inst_fifo_gen/gconvfifo.rf/grf.rf/gntv_or_sync_fifo.gcx.clkx/wr_pntr_cdc_inst/dest_graysync_ff_reg[0][2]
  -------------------------------------------------------------------
                         required time                       1000.059    
                         arrival time                          -0.327    
  -------------------------------------------------------------------
                         slack                                999.732    

Slack (MET) :             999.732ns  (required time - arrival time)
  Source:                 jtag_master/inst/jtag_axi_engine_u/rd_cmd_fifo_i/inst_fifo_gen/gconvfifo.rf/grf.rf/gntv_or_sync_fifo.gcx.clkx/wr_pntr_cdc_inst/src_gray_ff_reg[3]/C
                            (rising edge-triggered cell FDRE)
  Destination:            jtag_master/inst/jtag_axi_engine_u/rd_cmd_fifo_i/inst_fifo_gen/gconvfifo.rf/grf.rf/gntv_or_sync_fifo.gcx.clkx/wr_pntr_cdc_inst/dest_graysync_ff_reg[0][3]/D
                            (rising edge-triggered cell FDRE clocked by clk_200m_mmcm  {rise@0.000ns fall@2.500ns period=5.000ns})
  Path Group:             clk_200m_mmcm
  Path Type:              Setup (Max at Slow Process Corner)
  Requirement:            1000.000ns  (MaxDelay Path 1000.000ns)
  Data Path Delay:        0.327ns  (logic 0.115ns (35.168%)  route 0.212ns (64.832%))
  Logic Levels:           1  (FDRE=1)
  Timing Exception:       MaxDelay Path 1000.000ns -datapath_only

    Location             Delay type                Incr(ns)  Path(ns)    Netlist Resource(s)
  -------------------------------------------------------------------    -------------------
                         FDRE                         0.000     0.000 r  jtag_master/inst/jtag_axi_engine_u/rd_cmd_fifo_i/inst_fifo_gen/gconvfifo.rf/grf.rf/gntv_or_sync_fifo.gcx.clkx/wr_pntr_cdc_inst/src_gray_ff_reg[3]/C
                         FDRE (Prop_FDRE_C_Q)         0.115     0.115 r  jtag_master/inst/jtag_axi_engine_u/rd_cmd_fifo_i/inst_fifo_gen/gconvfifo.rf/grf.rf/gntv_or_sync_fifo.gcx.clkx/wr_pntr_cdc_inst/src_gray_ff_reg[3]/Q
                         net (fo=1, unplaced)         0.212     0.327    jtag_master/inst/jtag_axi_engine_u/rd_cmd_fifo_i/inst_fifo_gen/gconvfifo.rf/grf.rf/gntv_or_sync_fifo.gcx.clkx/wr_pntr_cdc_inst/async_path[3]
                         FDRE                                         r  jtag_master/inst/jtag_axi_engine_u/rd_cmd_fifo_i/inst_fifo_gen/gconvfifo.rf/grf.rf/gntv_or_sync_fifo.gcx.clkx/wr_pntr_cdc_inst/dest_graysync_ff_reg[0][3]/D
  -------------------------------------------------------------------    -------------------

                         max delay                 1000.000  1000.000    
                         FDRE (Setup_FDRE_C_D)        0.059  1000.059    jtag_master/inst/jtag_axi_engine_u/rd_cmd_fifo_i/inst_fifo_gen/gconvfifo.rf/grf.rf/gntv_or_sync_fifo.gcx.clkx/wr_pntr_cdc_inst/dest_graysync_ff_reg[0][3]
  -------------------------------------------------------------------
                         required time                       1000.059    
                         arrival time                          -0.327    
  -------------------------------------------------------------------
                         slack                                999.732    

Slack (MET) :             999.732ns  (required time - arrival time)
  Source:                 jtag_master/inst/jtag_axi_engine_u/rx_fifo_i/inst_fifo_gen/gconvfifo.rf/grf.rf/gntv_or_sync_fifo.gcx.clkx/rd_pntr_cdc_inst/src_gray_ff_reg[0]/C
                            (rising edge-triggered cell FDRE)
  Destination:            jtag_master/inst/jtag_axi_engine_u/rx_fifo_i/inst_fifo_gen/gconvfifo.rf/grf.rf/gntv_or_sync_fifo.gcx.clkx/rd_pntr_cdc_inst/dest_graysync_ff_reg[0][0]/D
                            (rising edge-triggered cell FDRE clocked by clk_200m_mmcm  {rise@0.000ns fall@2.500ns period=5.000ns})
  Path Group:             clk_200m_mmcm
  Path Type:              Setup (Max at Slow Process Corner)
  Requirement:            1000.000ns  (MaxDelay Path 1000.000ns)
  Data Path Delay:        0.327ns  (logic 0.115ns (35.168%)  route 0.212ns (64.832%))
  Logic Levels:           1  (FDRE=1)
  Timing Exception:       MaxDelay Path 1000.000ns -datapath_only

    Location             Delay type                Incr(ns)  Path(ns)    Netlist Resource(s)
  -------------------------------------------------------------------    -------------------
                         FDRE                         0.000     0.000 r  jtag_master/inst/jtag_axi_engine_u/rx_fifo_i/inst_fifo_gen/gconvfifo.rf/grf.rf/gntv_or_sync_fifo.gcx.clkx/rd_pntr_cdc_inst/src_gray_ff_reg[0]/C
                         FDRE (Prop_FDRE_C_Q)         0.115     0.115 r  jtag_master/inst/jtag_axi_engine_u/rx_fifo_i/inst_fifo_gen/gconvfifo.rf/grf.rf/gntv_or_sync_fifo.gcx.clkx/rd_pntr_cdc_inst/src_gray_ff_reg[0]/Q
                         net (fo=1, unplaced)         0.212     0.327    jtag_master/inst/jtag_axi_engine_u/rx_fifo_i/inst_fifo_gen/gconvfifo.rf/grf.rf/gntv_or_sync_fifo.gcx.clkx/rd_pntr_cdc_inst/async_path[0]
                         FDRE                                         r  jtag_master/inst/jtag_axi_engine_u/rx_fifo_i/inst_fifo_gen/gconvfifo.rf/grf.rf/gntv_or_sync_fifo.gcx.clkx/rd_pntr_cdc_inst/dest_graysync_ff_reg[0][0]/D
  -------------------------------------------------------------------    -------------------

                         max delay                 1000.000  1000.000    
                         FDRE (Setup_FDRE_C_D)        0.059  1000.059    jtag_master/inst/jtag_axi_engine_u/rx_fifo_i/inst_fifo_gen/gconvfifo.rf/grf.rf/gntv_or_sync_fifo.gcx.clkx/rd_pntr_cdc_inst/dest_graysync_ff_reg[0][0]
  -------------------------------------------------------------------
                         required time                       1000.059    
                         arrival time                          -0.327    
  -------------------------------------------------------------------
                         slack                                999.732    

Slack (MET) :             999.732ns  (required time - arrival time)
  Source:                 jtag_master/inst/jtag_axi_engine_u/rx_fifo_i/inst_fifo_gen/gconvfifo.rf/grf.rf/gntv_or_sync_fifo.gcx.clkx/rd_pntr_cdc_inst/src_gray_ff_reg[1]/C
                            (rising edge-triggered cell FDRE)
  Destination:            jtag_master/inst/jtag_axi_engine_u/rx_fifo_i/inst_fifo_gen/gconvfifo.rf/grf.rf/gntv_or_sync_fifo.gcx.clkx/rd_pntr_cdc_inst/dest_graysync_ff_reg[0][1]/D
                            (rising edge-triggered cell FDRE clocked by clk_200m_mmcm  {rise@0.000ns fall@2.500ns period=5.000ns})
  Path Group:             clk_200m_mmcm
  Path Type:              Setup (Max at Slow Process Corner)
  Requirement:            1000.000ns  (MaxDelay Path 1000.000ns)
  Data Path Delay:        0.327ns  (logic 0.115ns (35.168%)  route 0.212ns (64.832%))
  Logic Levels:           1  (FDRE=1)
  Timing Exception:       MaxDelay Path 1000.000ns -datapath_only

    Location             Delay type                Incr(ns)  Path(ns)    Netlist Resource(s)
  -------------------------------------------------------------------    -------------------
                         FDRE                         0.000     0.000 r  jtag_master/inst/jtag_axi_engine_u/rx_fifo_i/inst_fifo_gen/gconvfifo.rf/grf.rf/gntv_or_sync_fifo.gcx.clkx/rd_pntr_cdc_inst/src_gray_ff_reg[1]/C
                         FDRE (Prop_FDRE_C_Q)         0.115     0.115 r  jtag_master/inst/jtag_axi_engine_u/rx_fifo_i/inst_fifo_gen/gconvfifo.rf/grf.rf/gntv_or_sync_fifo.gcx.clkx/rd_pntr_cdc_inst/src_gray_ff_reg[1]/Q
                         net (fo=1, unplaced)         0.212     0.327    jtag_master/inst/jtag_axi_engine_u/rx_fifo_i/inst_fifo_gen/gconvfifo.rf/grf.rf/gntv_or_sync_fifo.gcx.clkx/rd_pntr_cdc_inst/async_path[1]
                         FDRE                                         r  jtag_master/inst/jtag_axi_engine_u/rx_fifo_i/inst_fifo_gen/gconvfifo.rf/grf.rf/gntv_or_sync_fifo.gcx.clkx/rd_pntr_cdc_inst/dest_graysync_ff_reg[0][1]/D
  -------------------------------------------------------------------    -------------------

                         max delay                 1000.000  1000.000    
                         FDRE (Setup_FDRE_C_D)        0.059  1000.059    jtag_master/inst/jtag_axi_engine_u/rx_fifo_i/inst_fifo_gen/gconvfifo.rf/grf.rf/gntv_or_sync_fifo.gcx.clkx/rd_pntr_cdc_inst/dest_graysync_ff_reg[0][1]
  -------------------------------------------------------------------
                         required time                       1000.059    
                         arrival time                          -0.327    
  -------------------------------------------------------------------
                         slack                                999.732    

Slack (MET) :             999.732ns  (required time - arrival time)
  Source:                 jtag_master/inst/jtag_axi_engine_u/rx_fifo_i/inst_fifo_gen/gconvfifo.rf/grf.rf/gntv_or_sync_fifo.gcx.clkx/rd_pntr_cdc_inst/src_gray_ff_reg[2]/C
                            (rising edge-triggered cell FDRE)
  Destination:            jtag_master/inst/jtag_axi_engine_u/rx_fifo_i/inst_fifo_gen/gconvfifo.rf/grf.rf/gntv_or_sync_fifo.gcx.clkx/rd_pntr_cdc_inst/dest_graysync_ff_reg[0][2]/D
                            (rising edge-triggered cell FDRE clocked by clk_200m_mmcm  {rise@0.000ns fall@2.500ns period=5.000ns})
  Path Group:             clk_200m_mmcm
  Path Type:              Setup (Max at Slow Process Corner)
  Requirement:            1000.000ns  (MaxDelay Path 1000.000ns)
  Data Path Delay:        0.327ns  (logic 0.115ns (35.168%)  route 0.212ns (64.832%))
  Logic Levels:           1  (FDRE=1)
  Timing Exception:       MaxDelay Path 1000.000ns -datapath_only

    Location             Delay type                Incr(ns)  Path(ns)    Netlist Resource(s)
  -------------------------------------------------------------------    -------------------
                         FDRE                         0.000     0.000 r  jtag_master/inst/jtag_axi_engine_u/rx_fifo_i/inst_fifo_gen/gconvfifo.rf/grf.rf/gntv_or_sync_fifo.gcx.clkx/rd_pntr_cdc_inst/src_gray_ff_reg[2]/C
                         FDRE (Prop_FDRE_C_Q)         0.115     0.115 r  jtag_master/inst/jtag_axi_engine_u/rx_fifo_i/inst_fifo_gen/gconvfifo.rf/grf.rf/gntv_or_sync_fifo.gcx.clkx/rd_pntr_cdc_inst/src_gray_ff_reg[2]/Q
                         net (fo=1, unplaced)         0.212     0.327    jtag_master/inst/jtag_axi_engine_u/rx_fifo_i/inst_fifo_gen/gconvfifo.rf/grf.rf/gntv_or_sync_fifo.gcx.clkx/rd_pntr_cdc_inst/async_path[2]
                         FDRE                                         r  jtag_master/inst/jtag_axi_engine_u/rx_fifo_i/inst_fifo_gen/gconvfifo.rf/grf.rf/gntv_or_sync_fifo.gcx.clkx/rd_pntr_cdc_inst/dest_graysync_ff_reg[0][2]/D
  -------------------------------------------------------------------    -------------------

                         max delay                 1000.000  1000.000    
                         FDRE (Setup_FDRE_C_D)        0.059  1000.059    jtag_master/inst/jtag_axi_engine_u/rx_fifo_i/inst_fifo_gen/gconvfifo.rf/grf.rf/gntv_or_sync_fifo.gcx.clkx/rd_pntr_cdc_inst/dest_graysync_ff_reg[0][2]
  -------------------------------------------------------------------
                         required time                       1000.059    
                         arrival time                          -0.327    
  -------------------------------------------------------------------
                         slack                                999.732    

Slack (MET) :             999.732ns  (required time - arrival time)
  Source:                 jtag_master/inst/jtag_axi_engine_u/rx_fifo_i/inst_fifo_gen/gconvfifo.rf/grf.rf/gntv_or_sync_fifo.gcx.clkx/rd_pntr_cdc_inst/src_gray_ff_reg[3]/C
                            (rising edge-triggered cell FDRE)
  Destination:            jtag_master/inst/jtag_axi_engine_u/rx_fifo_i/inst_fifo_gen/gconvfifo.rf/grf.rf/gntv_or_sync_fifo.gcx.clkx/rd_pntr_cdc_inst/dest_graysync_ff_reg[0][3]/D
                            (rising edge-triggered cell FDRE clocked by clk_200m_mmcm  {rise@0.000ns fall@2.500ns period=5.000ns})
  Path Group:             clk_200m_mmcm
  Path Type:              Setup (Max at Slow Process Corner)
  Requirement:            1000.000ns  (MaxDelay Path 1000.000ns)
  Data Path Delay:        0.327ns  (logic 0.115ns (35.168%)  route 0.212ns (64.832%))
  Logic Levels:           1  (FDRE=1)
  Timing Exception:       MaxDelay Path 1000.000ns -datapath_only

    Location             Delay type                Incr(ns)  Path(ns)    Netlist Resource(s)
  -------------------------------------------------------------------    -------------------
                         FDRE                         0.000     0.000 r  jtag_master/inst/jtag_axi_engine_u/rx_fifo_i/inst_fifo_gen/gconvfifo.rf/grf.rf/gntv_or_sync_fifo.gcx.clkx/rd_pntr_cdc_inst/src_gray_ff_reg[3]/C
                         FDRE (Prop_FDRE_C_Q)         0.115     0.115 r  jtag_master/inst/jtag_axi_engine_u/rx_fifo_i/inst_fifo_gen/gconvfifo.rf/grf.rf/gntv_or_sync_fifo.gcx.clkx/rd_pntr_cdc_inst/src_gray_ff_reg[3]/Q
                         net (fo=1, unplaced)         0.212     0.327    jtag_master/inst/jtag_axi_engine_u/rx_fifo_i/inst_fifo_gen/gconvfifo.rf/grf.rf/gntv_or_sync_fifo.gcx.clkx/rd_pntr_cdc_inst/async_path[3]
                         FDRE                                         r  jtag_master/inst/jtag_axi_engine_u/rx_fifo_i/inst_fifo_gen/gconvfifo.rf/grf.rf/gntv_or_sync_fifo.gcx.clkx/rd_pntr_cdc_inst/dest_graysync_ff_reg[0][3]/D
  -------------------------------------------------------------------    -------------------

                         max delay                 1000.000  1000.000    
                         FDRE (Setup_FDRE_C_D)        0.059  1000.059    jtag_master/inst/jtag_axi_engine_u/rx_fifo_i/inst_fifo_gen/gconvfifo.rf/grf.rf/gntv_or_sync_fifo.gcx.clkx/rd_pntr_cdc_inst/dest_graysync_ff_reg[0][3]
  -------------------------------------------------------------------
                         required time                       1000.059    
                         arrival time                          -0.327    
  -------------------------------------------------------------------
                         slack                                999.732    

Slack (MET) :             999.732ns  (required time - arrival time)
  Source:                 jtag_master/inst/jtag_axi_engine_u/rx_fifo_i/inst_fifo_gen/gconvfifo.rf/grf.rf/gntv_or_sync_fifo.gcx.clkx/rd_pntr_cdc_inst/src_gray_ff_reg[4]/C
                            (rising edge-triggered cell FDRE)
  Destination:            jtag_master/inst/jtag_axi_engine_u/rx_fifo_i/inst_fifo_gen/gconvfifo.rf/grf.rf/gntv_or_sync_fifo.gcx.clkx/rd_pntr_cdc_inst/dest_graysync_ff_reg[0][4]/D
                            (rising edge-triggered cell FDRE clocked by clk_200m_mmcm  {rise@0.000ns fall@2.500ns period=5.000ns})
  Path Group:             clk_200m_mmcm
  Path Type:              Setup (Max at Slow Process Corner)
  Requirement:            1000.000ns  (MaxDelay Path 1000.000ns)
  Data Path Delay:        0.327ns  (logic 0.115ns (35.168%)  route 0.212ns (64.832%))
  Logic Levels:           1  (FDRE=1)
  Timing Exception:       MaxDelay Path 1000.000ns -datapath_only

    Location             Delay type                Incr(ns)  Path(ns)    Netlist Resource(s)
  -------------------------------------------------------------------    -------------------
                         FDRE                         0.000     0.000 r  jtag_master/inst/jtag_axi_engine_u/rx_fifo_i/inst_fifo_gen/gconvfifo.rf/grf.rf/gntv_or_sync_fifo.gcx.clkx/rd_pntr_cdc_inst/src_gray_ff_reg[4]/C
                         FDRE (Prop_FDRE_C_Q)         0.115     0.115 r  jtag_master/inst/jtag_axi_engine_u/rx_fifo_i/inst_fifo_gen/gconvfifo.rf/grf.rf/gntv_or_sync_fifo.gcx.clkx/rd_pntr_cdc_inst/src_gray_ff_reg[4]/Q
                         net (fo=1, unplaced)         0.212     0.327    jtag_master/inst/jtag_axi_engine_u/rx_fifo_i/inst_fifo_gen/gconvfifo.rf/grf.rf/gntv_or_sync_fifo.gcx.clkx/rd_pntr_cdc_inst/async_path[4]
                         FDRE                                         r  jtag_master/inst/jtag_axi_engine_u/rx_fifo_i/inst_fifo_gen/gconvfifo.rf/grf.rf/gntv_or_sync_fifo.gcx.clkx/rd_pntr_cdc_inst/dest_graysync_ff_reg[0][4]/D
  -------------------------------------------------------------------    -------------------

                         max delay                 1000.000  1000.000    
                         FDRE (Setup_FDRE_C_D)        0.059  1000.059    jtag_master/inst/jtag_axi_engine_u/rx_fifo_i/inst_fifo_gen/gconvfifo.rf/grf.rf/gntv_or_sync_fifo.gcx.clkx/rd_pntr_cdc_inst/dest_graysync_ff_reg[0][4]
  -------------------------------------------------------------------
                         required time                       1000.059    
                         arrival time                          -0.327    
  -------------------------------------------------------------------
                         slack                                999.732    

Slack (MET) :             999.732ns  (required time - arrival time)
  Source:                 jtag_master/inst/jtag_axi_engine_u/rx_fifo_i/inst_fifo_gen/gconvfifo.rf/grf.rf/gntv_or_sync_fifo.gcx.clkx/rd_pntr_cdc_inst/src_gray_ff_reg[5]/C
                            (rising edge-triggered cell FDRE)
  Destination:            jtag_master/inst/jtag_axi_engine_u/rx_fifo_i/inst_fifo_gen/gconvfifo.rf/grf.rf/gntv_or_sync_fifo.gcx.clkx/rd_pntr_cdc_inst/dest_graysync_ff_reg[0][5]/D
                            (rising edge-triggered cell FDRE clocked by clk_200m_mmcm  {rise@0.000ns fall@2.500ns period=5.000ns})
  Path Group:             clk_200m_mmcm
  Path Type:              Setup (Max at Slow Process Corner)
  Requirement:            1000.000ns  (MaxDelay Path 1000.000ns)
  Data Path Delay:        0.327ns  (logic 0.115ns (35.168%)  route 0.212ns (64.832%))
  Logic Levels:           1  (FDRE=1)
  Timing Exception:       MaxDelay Path 1000.000ns -datapath_only

    Location             Delay type                Incr(ns)  Path(ns)    Netlist Resource(s)
  -------------------------------------------------------------------    -------------------
                         FDRE                         0.000     0.000 r  jtag_master/inst/jtag_axi_engine_u/rx_fifo_i/inst_fifo_gen/gconvfifo.rf/grf.rf/gntv_or_sync_fifo.gcx.clkx/rd_pntr_cdc_inst/src_gray_ff_reg[5]/C
                         FDRE (Prop_FDRE_C_Q)         0.115     0.115 r  jtag_master/inst/jtag_axi_engine_u/rx_fifo_i/inst_fifo_gen/gconvfifo.rf/grf.rf/gntv_or_sync_fifo.gcx.clkx/rd_pntr_cdc_inst/src_gray_ff_reg[5]/Q
                         net (fo=1, unplaced)         0.212     0.327    jtag_master/inst/jtag_axi_engine_u/rx_fifo_i/inst_fifo_gen/gconvfifo.rf/grf.rf/gntv_or_sync_fifo.gcx.clkx/rd_pntr_cdc_inst/async_path[5]
                         FDRE                                         r  jtag_master/inst/jtag_axi_engine_u/rx_fifo_i/inst_fifo_gen/gconvfifo.rf/grf.rf/gntv_or_sync_fifo.gcx.clkx/rd_pntr_cdc_inst/dest_graysync_ff_reg[0][5]/D
  -------------------------------------------------------------------    -------------------

                         max delay                 1000.000  1000.000    
                         FDRE (Setup_FDRE_C_D)        0.059  1000.059    jtag_master/inst/jtag_axi_engine_u/rx_fifo_i/inst_fifo_gen/gconvfifo.rf/grf.rf/gntv_or_sync_fifo.gcx.clkx/rd_pntr_cdc_inst/dest_graysync_ff_reg[0][5]
  -------------------------------------------------------------------
                         required time                       1000.059    
                         arrival time                          -0.327    
  -------------------------------------------------------------------
                         slack                                999.732    

Slack (MET) :             999.732ns  (required time - arrival time)
  Source:                 jtag_master/inst/jtag_axi_engine_u/rx_fifo_i/inst_fifo_gen/gconvfifo.rf/grf.rf/gntv_or_sync_fifo.gcx.clkx/rd_pntr_cdc_inst/src_gray_ff_reg[6]/C
                            (rising edge-triggered cell FDRE)
  Destination:            jtag_master/inst/jtag_axi_engine_u/rx_fifo_i/inst_fifo_gen/gconvfifo.rf/grf.rf/gntv_or_sync_fifo.gcx.clkx/rd_pntr_cdc_inst/dest_graysync_ff_reg[0][6]/D
                            (rising edge-triggered cell FDRE clocked by clk_200m_mmcm  {rise@0.000ns fall@2.500ns period=5.000ns})
  Path Group:             clk_200m_mmcm
  Path Type:              Setup (Max at Slow Process Corner)
  Requirement:            1000.000ns  (MaxDelay Path 1000.000ns)
  Data Path Delay:        0.327ns  (logic 0.115ns (35.168%)  route 0.212ns (64.832%))
  Logic Levels:           1  (FDRE=1)
  Timing Exception:       MaxDelay Path 1000.000ns -datapath_only

    Location             Delay type                Incr(ns)  Path(ns)    Netlist Resource(s)
  -------------------------------------------------------------------    -------------------
                         FDRE                         0.000     0.000 r  jtag_master/inst/jtag_axi_engine_u/rx_fifo_i/inst_fifo_gen/gconvfifo.rf/grf.rf/gntv_or_sync_fifo.gcx.clkx/rd_pntr_cdc_inst/src_gray_ff_reg[6]/C
                         FDRE (Prop_FDRE_C_Q)         0.115     0.115 r  jtag_master/inst/jtag_axi_engine_u/rx_fifo_i/inst_fifo_gen/gconvfifo.rf/grf.rf/gntv_or_sync_fifo.gcx.clkx/rd_pntr_cdc_inst/src_gray_ff_reg[6]/Q
                         net (fo=1, unplaced)         0.212     0.327    jtag_master/inst/jtag_axi_engine_u/rx_fifo_i/inst_fifo_gen/gconvfifo.rf/grf.rf/gntv_or_sync_fifo.gcx.clkx/rd_pntr_cdc_inst/async_path[6]
                         FDRE                                         r  jtag_master/inst/jtag_axi_engine_u/rx_fifo_i/inst_fifo_gen/gconvfifo.rf/grf.rf/gntv_or_sync_fifo.gcx.clkx/rd_pntr_cdc_inst/dest_graysync_ff_reg[0][6]/D
  -------------------------------------------------------------------    -------------------

                         max delay                 1000.000  1000.000    
                         FDRE (Setup_FDRE_C_D)        0.059  1000.059    jtag_master/inst/jtag_axi_engine_u/rx_fifo_i/inst_fifo_gen/gconvfifo.rf/grf.rf/gntv_or_sync_fifo.gcx.clkx/rd_pntr_cdc_inst/dest_graysync_ff_reg[0][6]
  -------------------------------------------------------------------
                         required time                       1000.059    
                         arrival time                          -0.327    
  -------------------------------------------------------------------
                         slack                                999.732    

Slack (MET) :             999.732ns  (required time - arrival time)
  Source:                 jtag_master/inst/jtag_axi_engine_u/rx_fifo_i/inst_fifo_gen/gconvfifo.rf/grf.rf/gntv_or_sync_fifo.gcx.clkx/rd_pntr_cdc_inst/src_gray_ff_reg[7]/C
                            (rising edge-triggered cell FDRE)
  Destination:            jtag_master/inst/jtag_axi_engine_u/rx_fifo_i/inst_fifo_gen/gconvfifo.rf/grf.rf/gntv_or_sync_fifo.gcx.clkx/rd_pntr_cdc_inst/dest_graysync_ff_reg[0][7]/D
                            (rising edge-triggered cell FDRE clocked by clk_200m_mmcm  {rise@0.000ns fall@2.500ns period=5.000ns})
  Path Group:             clk_200m_mmcm
  Path Type:              Setup (Max at Slow Process Corner)
  Requirement:            1000.000ns  (MaxDelay Path 1000.000ns)
  Data Path Delay:        0.327ns  (logic 0.115ns (35.168%)  route 0.212ns (64.832%))
  Logic Levels:           1  (FDRE=1)
  Timing Exception:       MaxDelay Path 1000.000ns -datapath_only

    Location             Delay type                Incr(ns)  Path(ns)    Netlist Resource(s)
  -------------------------------------------------------------------    -------------------
                         FDRE                         0.000     0.000 r  jtag_master/inst/jtag_axi_engine_u/rx_fifo_i/inst_fifo_gen/gconvfifo.rf/grf.rf/gntv_or_sync_fifo.gcx.clkx/rd_pntr_cdc_inst/src_gray_ff_reg[7]/C
                         FDRE (Prop_FDRE_C_Q)         0.115     0.115 r  jtag_master/inst/jtag_axi_engine_u/rx_fifo_i/inst_fifo_gen/gconvfifo.rf/grf.rf/gntv_or_sync_fifo.gcx.clkx/rd_pntr_cdc_inst/src_gray_ff_reg[7]/Q
                         net (fo=1, unplaced)         0.212     0.327    jtag_master/inst/jtag_axi_engine_u/rx_fifo_i/inst_fifo_gen/gconvfifo.rf/grf.rf/gntv_or_sync_fifo.gcx.clkx/rd_pntr_cdc_inst/async_path[7]
                         FDRE                                         r  jtag_master/inst/jtag_axi_engine_u/rx_fifo_i/inst_fifo_gen/gconvfifo.rf/grf.rf/gntv_or_sync_fifo.gcx.clkx/rd_pntr_cdc_inst/dest_graysync_ff_reg[0][7]/D
  -------------------------------------------------------------------    -------------------

                         max delay                 1000.000  1000.000    
                         FDRE (Setup_FDRE_C_D)        0.059  1000.059    jtag_master/inst/jtag_axi_engine_u/rx_fifo_i/inst_fifo_gen/gconvfifo.rf/grf.rf/gntv_or_sync_fifo.gcx.clkx/rd_pntr_cdc_inst/dest_graysync_ff_reg[0][7]
  -------------------------------------------------------------------
                         required time                       1000.059    
                         arrival time                          -0.327    
  -------------------------------------------------------------------
                         slack                                999.732    

Slack (MET) :             999.732ns  (required time - arrival time)
  Source:                 jtag_master/inst/jtag_axi_engine_u/tx_fifo_i/inst_fifo_gen/gconvfifo.rf/grf.rf/gntv_or_sync_fifo.gcx.clkx/wr_pntr_cdc_inst/src_gray_ff_reg[0]/C
                            (rising edge-triggered cell FDRE)
  Destination:            jtag_master/inst/jtag_axi_engine_u/tx_fifo_i/inst_fifo_gen/gconvfifo.rf/grf.rf/gntv_or_sync_fifo.gcx.clkx/wr_pntr_cdc_inst/dest_graysync_ff_reg[0][0]/D
                            (rising edge-triggered cell FDRE clocked by clk_200m_mmcm  {rise@0.000ns fall@2.500ns period=5.000ns})
  Path Group:             clk_200m_mmcm
  Path Type:              Setup (Max at Slow Process Corner)
  Requirement:            1000.000ns  (MaxDelay Path 1000.000ns)
  Data Path Delay:        0.327ns  (logic 0.115ns (35.168%)  route 0.212ns (64.832%))
  Logic Levels:           1  (FDRE=1)
  Timing Exception:       MaxDelay Path 1000.000ns -datapath_only

    Location             Delay type                Incr(ns)  Path(ns)    Netlist Resource(s)
  -------------------------------------------------------------------    -------------------
                         FDRE                         0.000     0.000 r  jtag_master/inst/jtag_axi_engine_u/tx_fifo_i/inst_fifo_gen/gconvfifo.rf/grf.rf/gntv_or_sync_fifo.gcx.clkx/wr_pntr_cdc_inst/src_gray_ff_reg[0]/C
                         FDRE (Prop_FDRE_C_Q)         0.115     0.115 r  jtag_master/inst/jtag_axi_engine_u/tx_fifo_i/inst_fifo_gen/gconvfifo.rf/grf.rf/gntv_or_sync_fifo.gcx.clkx/wr_pntr_cdc_inst/src_gray_ff_reg[0]/Q
                         net (fo=1, unplaced)         0.212     0.327    jtag_master/inst/jtag_axi_engine_u/tx_fifo_i/inst_fifo_gen/gconvfifo.rf/grf.rf/gntv_or_sync_fifo.gcx.clkx/wr_pntr_cdc_inst/async_path[0]
                         FDRE                                         r  jtag_master/inst/jtag_axi_engine_u/tx_fifo_i/inst_fifo_gen/gconvfifo.rf/grf.rf/gntv_or_sync_fifo.gcx.clkx/wr_pntr_cdc_inst/dest_graysync_ff_reg[0][0]/D
  -------------------------------------------------------------------    -------------------

                         max delay                 1000.000  1000.000    
                         FDRE (Setup_FDRE_C_D)        0.059  1000.059    jtag_master/inst/jtag_axi_engine_u/tx_fifo_i/inst_fifo_gen/gconvfifo.rf/grf.rf/gntv_or_sync_fifo.gcx.clkx/wr_pntr_cdc_inst/dest_graysync_ff_reg[0][0]
  -------------------------------------------------------------------
                         required time                       1000.059    
                         arrival time                          -0.327    
  -------------------------------------------------------------------
                         slack                                999.732    

Slack (MET) :             999.732ns  (required time - arrival time)
  Source:                 jtag_master/inst/jtag_axi_engine_u/tx_fifo_i/inst_fifo_gen/gconvfifo.rf/grf.rf/gntv_or_sync_fifo.gcx.clkx/wr_pntr_cdc_inst/src_gray_ff_reg[1]/C
                            (rising edge-triggered cell FDRE)
  Destination:            jtag_master/inst/jtag_axi_engine_u/tx_fifo_i/inst_fifo_gen/gconvfifo.rf/grf.rf/gntv_or_sync_fifo.gcx.clkx/wr_pntr_cdc_inst/dest_graysync_ff_reg[0][1]/D
                            (rising edge-triggered cell FDRE clocked by clk_200m_mmcm  {rise@0.000ns fall@2.500ns period=5.000ns})
  Path Group:             clk_200m_mmcm
  Path Type:              Setup (Max at Slow Process Corner)
  Requirement:            1000.000ns  (MaxDelay Path 1000.000ns)
  Data Path Delay:        0.327ns  (logic 0.115ns (35.168%)  route 0.212ns (64.832%))
  Logic Levels:           1  (FDRE=1)
  Timing Exception:       MaxDelay Path 1000.000ns -datapath_only

    Location             Delay type                Incr(ns)  Path(ns)    Netlist Resource(s)
  -------------------------------------------------------------------    -------------------
                         FDRE                         0.000     0.000 r  jtag_master/inst/jtag_axi_engine_u/tx_fifo_i/inst_fifo_gen/gconvfifo.rf/grf.rf/gntv_or_sync_fifo.gcx.clkx/wr_pntr_cdc_inst/src_gray_ff_reg[1]/C
                         FDRE (Prop_FDRE_C_Q)         0.115     0.115 r  jtag_master/inst/jtag_axi_engine_u/tx_fifo_i/inst_fifo_gen/gconvfifo.rf/grf.rf/gntv_or_sync_fifo.gcx.clkx/wr_pntr_cdc_inst/src_gray_ff_reg[1]/Q
                         net (fo=1, unplaced)         0.212     0.327    jtag_master/inst/jtag_axi_engine_u/tx_fifo_i/inst_fifo_gen/gconvfifo.rf/grf.rf/gntv_or_sync_fifo.gcx.clkx/wr_pntr_cdc_inst/async_path[1]
                         FDRE                                         r  jtag_master/inst/jtag_axi_engine_u/tx_fifo_i/inst_fifo_gen/gconvfifo.rf/grf.rf/gntv_or_sync_fifo.gcx.clkx/wr_pntr_cdc_inst/dest_graysync_ff_reg[0][1]/D
  -------------------------------------------------------------------    -------------------

                         max delay                 1000.000  1000.000    
                         FDRE (Setup_FDRE_C_D)        0.059  1000.059    jtag_master/inst/jtag_axi_engine_u/tx_fifo_i/inst_fifo_gen/gconvfifo.rf/grf.rf/gntv_or_sync_fifo.gcx.clkx/wr_pntr_cdc_inst/dest_graysync_ff_reg[0][1]
  -------------------------------------------------------------------
                         required time                       1000.059    
                         arrival time                          -0.327    
  -------------------------------------------------------------------
                         slack                                999.732    

Slack (MET) :             999.732ns  (required time - arrival time)
  Source:                 jtag_master/inst/jtag_axi_engine_u/tx_fifo_i/inst_fifo_gen/gconvfifo.rf/grf.rf/gntv_or_sync_fifo.gcx.clkx/wr_pntr_cdc_inst/src_gray_ff_reg[2]/C
                            (rising edge-triggered cell FDRE)
  Destination:            jtag_master/inst/jtag_axi_engine_u/tx_fifo_i/inst_fifo_gen/gconvfifo.rf/grf.rf/gntv_or_sync_fifo.gcx.clkx/wr_pntr_cdc_inst/dest_graysync_ff_reg[0][2]/D
                            (rising edge-triggered cell FDRE clocked by clk_200m_mmcm  {rise@0.000ns fall@2.500ns period=5.000ns})
  Path Group:             clk_200m_mmcm
  Path Type:              Setup (Max at Slow Process Corner)
  Requirement:            1000.000ns  (MaxDelay Path 1000.000ns)
  Data Path Delay:        0.327ns  (logic 0.115ns (35.168%)  route 0.212ns (64.832%))
  Logic Levels:           1  (FDRE=1)
  Timing Exception:       MaxDelay Path 1000.000ns -datapath_only

    Location             Delay type                Incr(ns)  Path(ns)    Netlist Resource(s)
  -------------------------------------------------------------------    -------------------
                         FDRE                         0.000     0.000 r  jtag_master/inst/jtag_axi_engine_u/tx_fifo_i/inst_fifo_gen/gconvfifo.rf/grf.rf/gntv_or_sync_fifo.gcx.clkx/wr_pntr_cdc_inst/src_gray_ff_reg[2]/C
                         FDRE (Prop_FDRE_C_Q)         0.115     0.115 r  jtag_master/inst/jtag_axi_engine_u/tx_fifo_i/inst_fifo_gen/gconvfifo.rf/grf.rf/gntv_or_sync_fifo.gcx.clkx/wr_pntr_cdc_inst/src_gray_ff_reg[2]/Q
                         net (fo=1, unplaced)         0.212     0.327    jtag_master/inst/jtag_axi_engine_u/tx_fifo_i/inst_fifo_gen/gconvfifo.rf/grf.rf/gntv_or_sync_fifo.gcx.clkx/wr_pntr_cdc_inst/async_path[2]
                         FDRE                                         r  jtag_master/inst/jtag_axi_engine_u/tx_fifo_i/inst_fifo_gen/gconvfifo.rf/grf.rf/gntv_or_sync_fifo.gcx.clkx/wr_pntr_cdc_inst/dest_graysync_ff_reg[0][2]/D
  -------------------------------------------------------------------    -------------------

                         max delay                 1000.000  1000.000    
                         FDRE (Setup_FDRE_C_D)        0.059  1000.059    jtag_master/inst/jtag_axi_engine_u/tx_fifo_i/inst_fifo_gen/gconvfifo.rf/grf.rf/gntv_or_sync_fifo.gcx.clkx/wr_pntr_cdc_inst/dest_graysync_ff_reg[0][2]
  -------------------------------------------------------------------
                         required time                       1000.059    
                         arrival time                          -0.327    
  -------------------------------------------------------------------
                         slack                                999.732    

Slack (MET) :             999.732ns  (required time - arrival time)
  Source:                 jtag_master/inst/jtag_axi_engine_u/tx_fifo_i/inst_fifo_gen/gconvfifo.rf/grf.rf/gntv_or_sync_fifo.gcx.clkx/wr_pntr_cdc_inst/src_gray_ff_reg[3]/C
                            (rising edge-triggered cell FDRE)
  Destination:            jtag_master/inst/jtag_axi_engine_u/tx_fifo_i/inst_fifo_gen/gconvfifo.rf/grf.rf/gntv_or_sync_fifo.gcx.clkx/wr_pntr_cdc_inst/dest_graysync_ff_reg[0][3]/D
                            (rising edge-triggered cell FDRE clocked by clk_200m_mmcm  {rise@0.000ns fall@2.500ns period=5.000ns})
  Path Group:             clk_200m_mmcm
  Path Type:              Setup (Max at Slow Process Corner)
  Requirement:            1000.000ns  (MaxDelay Path 1000.000ns)
  Data Path Delay:        0.327ns  (logic 0.115ns (35.168%)  route 0.212ns (64.832%))
  Logic Levels:           1  (FDRE=1)
  Timing Exception:       MaxDelay Path 1000.000ns -datapath_only

    Location             Delay type                Incr(ns)  Path(ns)    Netlist Resource(s)
  -------------------------------------------------------------------    -------------------
                         FDRE                         0.000     0.000 r  jtag_master/inst/jtag_axi_engine_u/tx_fifo_i/inst_fifo_gen/gconvfifo.rf/grf.rf/gntv_or_sync_fifo.gcx.clkx/wr_pntr_cdc_inst/src_gray_ff_reg[3]/C
                         FDRE (Prop_FDRE_C_Q)         0.115     0.115 r  jtag_master/inst/jtag_axi_engine_u/tx_fifo_i/inst_fifo_gen/gconvfifo.rf/grf.rf/gntv_or_sync_fifo.gcx.clkx/wr_pntr_cdc_inst/src_gray_ff_reg[3]/Q
                         net (fo=1, unplaced)         0.212     0.327    jtag_master/inst/jtag_axi_engine_u/tx_fifo_i/inst_fifo_gen/gconvfifo.rf/grf.rf/gntv_or_sync_fifo.gcx.clkx/wr_pntr_cdc_inst/async_path[3]
                         FDRE                                         r  jtag_master/inst/jtag_axi_engine_u/tx_fifo_i/inst_fifo_gen/gconvfifo.rf/grf.rf/gntv_or_sync_fifo.gcx.clkx/wr_pntr_cdc_inst/dest_graysync_ff_reg[0][3]/D
  -------------------------------------------------------------------    -------------------

                         max delay                 1000.000  1000.000    
                         FDRE (Setup_FDRE_C_D)        0.059  1000.059    jtag_master/inst/jtag_axi_engine_u/tx_fifo_i/inst_fifo_gen/gconvfifo.rf/grf.rf/gntv_or_sync_fifo.gcx.clkx/wr_pntr_cdc_inst/dest_graysync_ff_reg[0][3]
  -------------------------------------------------------------------
                         required time                       1000.059    
                         arrival time                          -0.327    
  -------------------------------------------------------------------
                         slack                                999.732    

Slack (MET) :             999.732ns  (required time - arrival time)
  Source:                 jtag_master/inst/jtag_axi_engine_u/tx_fifo_i/inst_fifo_gen/gconvfifo.rf/grf.rf/gntv_or_sync_fifo.gcx.clkx/wr_pntr_cdc_inst/src_gray_ff_reg[4]/C
                            (rising edge-triggered cell FDRE)
  Destination:            jtag_master/inst/jtag_axi_engine_u/tx_fifo_i/inst_fifo_gen/gconvfifo.rf/grf.rf/gntv_or_sync_fifo.gcx.clkx/wr_pntr_cdc_inst/dest_graysync_ff_reg[0][4]/D
                            (rising edge-triggered cell FDRE clocked by clk_200m_mmcm  {rise@0.000ns fall@2.500ns period=5.000ns})
  Path Group:             clk_200m_mmcm
  Path Type:              Setup (Max at Slow Process Corner)
  Requirement:            1000.000ns  (MaxDelay Path 1000.000ns)
  Data Path Delay:        0.327ns  (logic 0.115ns (35.168%)  route 0.212ns (64.832%))
  Logic Levels:           1  (FDRE=1)
  Timing Exception:       MaxDelay Path 1000.000ns -datapath_only

    Location             Delay type                Incr(ns)  Path(ns)    Netlist Resource(s)
  -------------------------------------------------------------------    -------------------
                         FDRE                         0.000     0.000 r  jtag_master/inst/jtag_axi_engine_u/tx_fifo_i/inst_fifo_gen/gconvfifo.rf/grf.rf/gntv_or_sync_fifo.gcx.clkx/wr_pntr_cdc_inst/src_gray_ff_reg[4]/C
                         FDRE (Prop_FDRE_C_Q)         0.115     0.115 r  jtag_master/inst/jtag_axi_engine_u/tx_fifo_i/inst_fifo_gen/gconvfifo.rf/grf.rf/gntv_or_sync_fifo.gcx.clkx/wr_pntr_cdc_inst/src_gray_ff_reg[4]/Q
                         net (fo=1, unplaced)         0.212     0.327    jtag_master/inst/jtag_axi_engine_u/tx_fifo_i/inst_fifo_gen/gconvfifo.rf/grf.rf/gntv_or_sync_fifo.gcx.clkx/wr_pntr_cdc_inst/async_path[4]
                         FDRE                                         r  jtag_master/inst/jtag_axi_engine_u/tx_fifo_i/inst_fifo_gen/gconvfifo.rf/grf.rf/gntv_or_sync_fifo.gcx.clkx/wr_pntr_cdc_inst/dest_graysync_ff_reg[0][4]/D
  -------------------------------------------------------------------    -------------------

                         max delay                 1000.000  1000.000    
                         FDRE (Setup_FDRE_C_D)        0.059  1000.059    jtag_master/inst/jtag_axi_engine_u/tx_fifo_i/inst_fifo_gen/gconvfifo.rf/grf.rf/gntv_or_sync_fifo.gcx.clkx/wr_pntr_cdc_inst/dest_graysync_ff_reg[0][4]
  -------------------------------------------------------------------
                         required time                       1000.059    
                         arrival time                          -0.327    
  -------------------------------------------------------------------
                         slack                                999.732    

Slack (MET) :             999.732ns  (required time - arrival time)
  Source:                 jtag_master/inst/jtag_axi_engine_u/tx_fifo_i/inst_fifo_gen/gconvfifo.rf/grf.rf/gntv_or_sync_fifo.gcx.clkx/wr_pntr_cdc_inst/src_gray_ff_reg[5]/C
                            (rising edge-triggered cell FDRE)
  Destination:            jtag_master/inst/jtag_axi_engine_u/tx_fifo_i/inst_fifo_gen/gconvfifo.rf/grf.rf/gntv_or_sync_fifo.gcx.clkx/wr_pntr_cdc_inst/dest_graysync_ff_reg[0][5]/D
                            (rising edge-triggered cell FDRE clocked by clk_200m_mmcm  {rise@0.000ns fall@2.500ns period=5.000ns})
  Path Group:             clk_200m_mmcm
  Path Type:              Setup (Max at Slow Process Corner)
  Requirement:            1000.000ns  (MaxDelay Path 1000.000ns)
  Data Path Delay:        0.327ns  (logic 0.115ns (35.168%)  route 0.212ns (64.832%))
  Logic Levels:           1  (FDRE=1)
  Timing Exception:       MaxDelay Path 1000.000ns -datapath_only

    Location             Delay type                Incr(ns)  Path(ns)    Netlist Resource(s)
  -------------------------------------------------------------------    -------------------
                         FDRE                         0.000     0.000 r  jtag_master/inst/jtag_axi_engine_u/tx_fifo_i/inst_fifo_gen/gconvfifo.rf/grf.rf/gntv_or_sync_fifo.gcx.clkx/wr_pntr_cdc_inst/src_gray_ff_reg[5]/C
                         FDRE (Prop_FDRE_C_Q)         0.115     0.115 r  jtag_master/inst/jtag_axi_engine_u/tx_fifo_i/inst_fifo_gen/gconvfifo.rf/grf.rf/gntv_or_sync_fifo.gcx.clkx/wr_pntr_cdc_inst/src_gray_ff_reg[5]/Q
                         net (fo=1, unplaced)         0.212     0.327    jtag_master/inst/jtag_axi_engine_u/tx_fifo_i/inst_fifo_gen/gconvfifo.rf/grf.rf/gntv_or_sync_fifo.gcx.clkx/wr_pntr_cdc_inst/async_path[5]
                         FDRE                                         r  jtag_master/inst/jtag_axi_engine_u/tx_fifo_i/inst_fifo_gen/gconvfifo.rf/grf.rf/gntv_or_sync_fifo.gcx.clkx/wr_pntr_cdc_inst/dest_graysync_ff_reg[0][5]/D
  -------------------------------------------------------------------    -------------------

                         max delay                 1000.000  1000.000    
                         FDRE (Setup_FDRE_C_D)        0.059  1000.059    jtag_master/inst/jtag_axi_engine_u/tx_fifo_i/inst_fifo_gen/gconvfifo.rf/grf.rf/gntv_or_sync_fifo.gcx.clkx/wr_pntr_cdc_inst/dest_graysync_ff_reg[0][5]
  -------------------------------------------------------------------
                         required time                       1000.059    
                         arrival time                          -0.327    
  -------------------------------------------------------------------
                         slack                                999.732    

Slack (MET) :             999.732ns  (required time - arrival time)
  Source:                 jtag_master/inst/jtag_axi_engine_u/tx_fifo_i/inst_fifo_gen/gconvfifo.rf/grf.rf/gntv_or_sync_fifo.gcx.clkx/wr_pntr_cdc_inst/src_gray_ff_reg[6]/C
                            (rising edge-triggered cell FDRE)
  Destination:            jtag_master/inst/jtag_axi_engine_u/tx_fifo_i/inst_fifo_gen/gconvfifo.rf/grf.rf/gntv_or_sync_fifo.gcx.clkx/wr_pntr_cdc_inst/dest_graysync_ff_reg[0][6]/D
                            (rising edge-triggered cell FDRE clocked by clk_200m_mmcm  {rise@0.000ns fall@2.500ns period=5.000ns})
  Path Group:             clk_200m_mmcm
  Path Type:              Setup (Max at Slow Process Corner)
  Requirement:            1000.000ns  (MaxDelay Path 1000.000ns)
  Data Path Delay:        0.327ns  (logic 0.115ns (35.168%)  route 0.212ns (64.832%))
  Logic Levels:           1  (FDRE=1)
  Timing Exception:       MaxDelay Path 1000.000ns -datapath_only

    Location             Delay type                Incr(ns)  Path(ns)    Netlist Resource(s)
  -------------------------------------------------------------------    -------------------
                         FDRE                         0.000     0.000 r  jtag_master/inst/jtag_axi_engine_u/tx_fifo_i/inst_fifo_gen/gconvfifo.rf/grf.rf/gntv_or_sync_fifo.gcx.clkx/wr_pntr_cdc_inst/src_gray_ff_reg[6]/C
                         FDRE (Prop_FDRE_C_Q)         0.115     0.115 r  jtag_master/inst/jtag_axi_engine_u/tx_fifo_i/inst_fifo_gen/gconvfifo.rf/grf.rf/gntv_or_sync_fifo.gcx.clkx/wr_pntr_cdc_inst/src_gray_ff_reg[6]/Q
                         net (fo=1, unplaced)         0.212     0.327    jtag_master/inst/jtag_axi_engine_u/tx_fifo_i/inst_fifo_gen/gconvfifo.rf/grf.rf/gntv_or_sync_fifo.gcx.clkx/wr_pntr_cdc_inst/async_path[6]
                         FDRE                                         r  jtag_master/inst/jtag_axi_engine_u/tx_fifo_i/inst_fifo_gen/gconvfifo.rf/grf.rf/gntv_or_sync_fifo.gcx.clkx/wr_pntr_cdc_inst/dest_graysync_ff_reg[0][6]/D
  -------------------------------------------------------------------    -------------------

                         max delay                 1000.000  1000.000    
                         FDRE (Setup_FDRE_C_D)        0.059  1000.059    jtag_master/inst/jtag_axi_engine_u/tx_fifo_i/inst_fifo_gen/gconvfifo.rf/grf.rf/gntv_or_sync_fifo.gcx.clkx/wr_pntr_cdc_inst/dest_graysync_ff_reg[0][6]
  -------------------------------------------------------------------
                         required time                       1000.059    
                         arrival time                          -0.327    
  -------------------------------------------------------------------
                         slack                                999.732    

Slack (MET) :             999.732ns  (required time - arrival time)
  Source:                 jtag_master/inst/jtag_axi_engine_u/tx_fifo_i/inst_fifo_gen/gconvfifo.rf/grf.rf/gntv_or_sync_fifo.gcx.clkx/wr_pntr_cdc_inst/src_gray_ff_reg[7]/C
                            (rising edge-triggered cell FDRE)
  Destination:            jtag_master/inst/jtag_axi_engine_u/tx_fifo_i/inst_fifo_gen/gconvfifo.rf/grf.rf/gntv_or_sync_fifo.gcx.clkx/wr_pntr_cdc_inst/dest_graysync_ff_reg[0][7]/D
                            (rising edge-triggered cell FDRE clocked by clk_200m_mmcm  {rise@0.000ns fall@2.500ns period=5.000ns})
  Path Group:             clk_200m_mmcm
  Path Type:              Setup (Max at Slow Process Corner)
  Requirement:            1000.000ns  (MaxDelay Path 1000.000ns)
  Data Path Delay:        0.327ns  (logic 0.115ns (35.168%)  route 0.212ns (64.832%))
  Logic Levels:           1  (FDRE=1)
  Timing Exception:       MaxDelay Path 1000.000ns -datapath_only

    Location             Delay type                Incr(ns)  Path(ns)    Netlist Resource(s)
  -------------------------------------------------------------------    -------------------
                         FDRE                         0.000     0.000 r  jtag_master/inst/jtag_axi_engine_u/tx_fifo_i/inst_fifo_gen/gconvfifo.rf/grf.rf/gntv_or_sync_fifo.gcx.clkx/wr_pntr_cdc_inst/src_gray_ff_reg[7]/C
                         FDRE (Prop_FDRE_C_Q)         0.115     0.115 r  jtag_master/inst/jtag_axi_engine_u/tx_fifo_i/inst_fifo_gen/gconvfifo.rf/grf.rf/gntv_or_sync_fifo.gcx.clkx/wr_pntr_cdc_inst/src_gray_ff_reg[7]/Q
                         net (fo=1, unplaced)         0.212     0.327    jtag_master/inst/jtag_axi_engine_u/tx_fifo_i/inst_fifo_gen/gconvfifo.rf/grf.rf/gntv_or_sync_fifo.gcx.clkx/wr_pntr_cdc_inst/async_path[7]
                         FDRE                                         r  jtag_master/inst/jtag_axi_engine_u/tx_fifo_i/inst_fifo_gen/gconvfifo.rf/grf.rf/gntv_or_sync_fifo.gcx.clkx/wr_pntr_cdc_inst/dest_graysync_ff_reg[0][7]/D
  -------------------------------------------------------------------    -------------------

                         max delay                 1000.000  1000.000    
                         FDRE (Setup_FDRE_C_D)        0.059  1000.059    jtag_master/inst/jtag_axi_engine_u/tx_fifo_i/inst_fifo_gen/gconvfifo.rf/grf.rf/gntv_or_sync_fifo.gcx.clkx/wr_pntr_cdc_inst/dest_graysync_ff_reg[0][7]
  -------------------------------------------------------------------
                         required time                       1000.059    
                         arrival time                          -0.327    
  -------------------------------------------------------------------
                         slack                                999.732    





---------------------------------------------------------------------------------------------------
Path Group:  **default**
From Clock:  clk_200m_mmcm
  To Clock:  

Setup :            0  Failing Endpoints,  Worst Slack        4.732ns,  Total Violation        0.000ns
Hold  :           NA  Failing Endpoints,  Worst Slack           NA  ,  Total Violation           NA
---------------------------------------------------------------------------------------------------


Max Delay Paths
--------------------------------------------------------------------------------------
Slack (MET) :             4.732ns  (required time - arrival time)
  Source:                 jtag_master/inst/jtag_axi_engine_u/rd_cmd_fifo_i/inst_fifo_gen/gconvfifo.rf/grf.rf/gntv_or_sync_fifo.gcx.clkx/rd_pntr_cdc_inst/src_gray_ff_reg[0]/C
                            (rising edge-triggered cell FDRE clocked by clk_200m_mmcm  {rise@0.000ns fall@2.500ns period=5.000ns})
  Destination:            jtag_master/inst/jtag_axi_engine_u/rd_cmd_fifo_i/inst_fifo_gen/gconvfifo.rf/grf.rf/gntv_or_sync_fifo.gcx.clkx/rd_pntr_cdc_inst/dest_graysync_ff_reg[0][0]/D
  Path Group:             **default**
  Path Type:              Setup (Max at Slow Process Corner)
  Requirement:            5.000ns  (MaxDelay Path 5.000ns)
  Data Path Delay:        0.327ns  (logic 0.115ns (35.168%)  route 0.212ns (64.832%))
  Logic Levels:           0  
  Timing Exception:       MaxDelay Path 5.000ns -datapath_only

    Location             Delay type                Incr(ns)  Path(ns)    Netlist Resource(s)
  -------------------------------------------------------------------    -------------------
                                                      0.000     0.000 r  jtag_master/inst/jtag_axi_engine_u/rd_cmd_fifo_i/inst_fifo_gen/gconvfifo.rf/grf.rf/gntv_or_sync_fifo.gcx.clkx/rd_pntr_cdc_inst/src_gray_ff_reg[0]/C
                         FDRE (Prop_FDRE_C_Q)         0.115     0.115 r  jtag_master/inst/jtag_axi_engine_u/rd_cmd_fifo_i/inst_fifo_gen/gconvfifo.rf/grf.rf/gntv_or_sync_fifo.gcx.clkx/rd_pntr_cdc_inst/src_gray_ff_reg[0]/Q
                         net (fo=1, unplaced)         0.212     0.327    jtag_master/inst/jtag_axi_engine_u/rd_cmd_fifo_i/inst_fifo_gen/gconvfifo.rf/grf.rf/gntv_or_sync_fifo.gcx.clkx/rd_pntr_cdc_inst/async_path[0]
                         FDRE                                         r  jtag_master/inst/jtag_axi_engine_u/rd_cmd_fifo_i/inst_fifo_gen/gconvfifo.rf/grf.rf/gntv_or_sync_fifo.gcx.clkx/rd_pntr_cdc_inst/dest_graysync_ff_reg[0][0]/D
  -------------------------------------------------------------------    -------------------

                         max delay                    5.000     5.000    
                         FDRE (Setup_fdre_C_D)        0.059     5.059    jtag_master/inst/jtag_axi_engine_u/rd_cmd_fifo_i/inst_fifo_gen/gconvfifo.rf/grf.rf/gntv_or_sync_fifo.gcx.clkx/rd_pntr_cdc_inst/dest_graysync_ff_reg[0][0]
  -------------------------------------------------------------------
                         required time                          5.059    
                         arrival time                          -0.327    
  -------------------------------------------------------------------
                         slack                                  4.732    

Slack (MET) :             4.732ns  (required time - arrival time)
  Source:                 jtag_master/inst/jtag_axi_engine_u/rd_cmd_fifo_i/inst_fifo_gen/gconvfifo.rf/grf.rf/gntv_or_sync_fifo.gcx.clkx/rd_pntr_cdc_inst/src_gray_ff_reg[1]/C
                            (rising edge-triggered cell FDRE clocked by clk_200m_mmcm  {rise@0.000ns fall@2.500ns period=5.000ns})
  Destination:            jtag_master/inst/jtag_axi_engine_u/rd_cmd_fifo_i/inst_fifo_gen/gconvfifo.rf/grf.rf/gntv_or_sync_fifo.gcx.clkx/rd_pntr_cdc_inst/dest_graysync_ff_reg[0][1]/D
  Path Group:             **default**
  Path Type:              Setup (Max at Slow Process Corner)
  Requirement:            5.000ns  (MaxDelay Path 5.000ns)
  Data Path Delay:        0.327ns  (logic 0.115ns (35.168%)  route 0.212ns (64.832%))
  Logic Levels:           0  
  Timing Exception:       MaxDelay Path 5.000ns -datapath_only

    Location             Delay type                Incr(ns)  Path(ns)    Netlist Resource(s)
  -------------------------------------------------------------------    -------------------
                                                      0.000     0.000 r  jtag_master/inst/jtag_axi_engine_u/rd_cmd_fifo_i/inst_fifo_gen/gconvfifo.rf/grf.rf/gntv_or_sync_fifo.gcx.clkx/rd_pntr_cdc_inst/src_gray_ff_reg[1]/C
                         FDRE (Prop_FDRE_C_Q)         0.115     0.115 r  jtag_master/inst/jtag_axi_engine_u/rd_cmd_fifo_i/inst_fifo_gen/gconvfifo.rf/grf.rf/gntv_or_sync_fifo.gcx.clkx/rd_pntr_cdc_inst/src_gray_ff_reg[1]/Q
                         net (fo=1, unplaced)         0.212     0.327    jtag_master/inst/jtag_axi_engine_u/rd_cmd_fifo_i/inst_fifo_gen/gconvfifo.rf/grf.rf/gntv_or_sync_fifo.gcx.clkx/rd_pntr_cdc_inst/async_path[1]
                         FDRE                                         r  jtag_master/inst/jtag_axi_engine_u/rd_cmd_fifo_i/inst_fifo_gen/gconvfifo.rf/grf.rf/gntv_or_sync_fifo.gcx.clkx/rd_pntr_cdc_inst/dest_graysync_ff_reg[0][1]/D
  -------------------------------------------------------------------    -------------------

                         max delay                    5.000     5.000    
                         FDRE (Setup_fdre_C_D)        0.059     5.059    jtag_master/inst/jtag_axi_engine_u/rd_cmd_fifo_i/inst_fifo_gen/gconvfifo.rf/grf.rf/gntv_or_sync_fifo.gcx.clkx/rd_pntr_cdc_inst/dest_graysync_ff_reg[0][1]
  -------------------------------------------------------------------
                         required time                          5.059    
                         arrival time                          -0.327    
  -------------------------------------------------------------------
                         slack                                  4.732    

Slack (MET) :             4.732ns  (required time - arrival time)
  Source:                 jtag_master/inst/jtag_axi_engine_u/rd_cmd_fifo_i/inst_fifo_gen/gconvfifo.rf/grf.rf/gntv_or_sync_fifo.gcx.clkx/rd_pntr_cdc_inst/src_gray_ff_reg[2]/C
                            (rising edge-triggered cell FDRE clocked by clk_200m_mmcm  {rise@0.000ns fall@2.500ns period=5.000ns})
  Destination:            jtag_master/inst/jtag_axi_engine_u/rd_cmd_fifo_i/inst_fifo_gen/gconvfifo.rf/grf.rf/gntv_or_sync_fifo.gcx.clkx/rd_pntr_cdc_inst/dest_graysync_ff_reg[0][2]/D
  Path Group:             **default**
  Path Type:              Setup (Max at Slow Process Corner)
  Requirement:            5.000ns  (MaxDelay Path 5.000ns)
  Data Path Delay:        0.327ns  (logic 0.115ns (35.168%)  route 0.212ns (64.832%))
  Logic Levels:           0  
  Timing Exception:       MaxDelay Path 5.000ns -datapath_only

    Location             Delay type                Incr(ns)  Path(ns)    Netlist Resource(s)
  -------------------------------------------------------------------    -------------------
                                                      0.000     0.000 r  jtag_master/inst/jtag_axi_engine_u/rd_cmd_fifo_i/inst_fifo_gen/gconvfifo.rf/grf.rf/gntv_or_sync_fifo.gcx.clkx/rd_pntr_cdc_inst/src_gray_ff_reg[2]/C
                         FDRE (Prop_FDRE_C_Q)         0.115     0.115 r  jtag_master/inst/jtag_axi_engine_u/rd_cmd_fifo_i/inst_fifo_gen/gconvfifo.rf/grf.rf/gntv_or_sync_fifo.gcx.clkx/rd_pntr_cdc_inst/src_gray_ff_reg[2]/Q
                         net (fo=1, unplaced)         0.212     0.327    jtag_master/inst/jtag_axi_engine_u/rd_cmd_fifo_i/inst_fifo_gen/gconvfifo.rf/grf.rf/gntv_or_sync_fifo.gcx.clkx/rd_pntr_cdc_inst/async_path[2]
                         FDRE                                         r  jtag_master/inst/jtag_axi_engine_u/rd_cmd_fifo_i/inst_fifo_gen/gconvfifo.rf/grf.rf/gntv_or_sync_fifo.gcx.clkx/rd_pntr_cdc_inst/dest_graysync_ff_reg[0][2]/D
  -------------------------------------------------------------------    -------------------

                         max delay                    5.000     5.000    
                         FDRE (Setup_fdre_C_D)        0.059     5.059    jtag_master/inst/jtag_axi_engine_u/rd_cmd_fifo_i/inst_fifo_gen/gconvfifo.rf/grf.rf/gntv_or_sync_fifo.gcx.clkx/rd_pntr_cdc_inst/dest_graysync_ff_reg[0][2]
  -------------------------------------------------------------------
                         required time                          5.059    
                         arrival time                          -0.327    
  -------------------------------------------------------------------
                         slack                                  4.732    

Slack (MET) :             4.732ns  (required time - arrival time)
  Source:                 jtag_master/inst/jtag_axi_engine_u/rd_cmd_fifo_i/inst_fifo_gen/gconvfifo.rf/grf.rf/gntv_or_sync_fifo.gcx.clkx/rd_pntr_cdc_inst/src_gray_ff_reg[3]/C
                            (rising edge-triggered cell FDRE clocked by clk_200m_mmcm  {rise@0.000ns fall@2.500ns period=5.000ns})
  Destination:            jtag_master/inst/jtag_axi_engine_u/rd_cmd_fifo_i/inst_fifo_gen/gconvfifo.rf/grf.rf/gntv_or_sync_fifo.gcx.clkx/rd_pntr_cdc_inst/dest_graysync_ff_reg[0][3]/D
  Path Group:             **default**
  Path Type:              Setup (Max at Slow Process Corner)
  Requirement:            5.000ns  (MaxDelay Path 5.000ns)
  Data Path Delay:        0.327ns  (logic 0.115ns (35.168%)  route 0.212ns (64.832%))
  Logic Levels:           0  
  Timing Exception:       MaxDelay Path 5.000ns -datapath_only

    Location             Delay type                Incr(ns)  Path(ns)    Netlist Resource(s)
  -------------------------------------------------------------------    -------------------
                                                      0.000     0.000 r  jtag_master/inst/jtag_axi_engine_u/rd_cmd_fifo_i/inst_fifo_gen/gconvfifo.rf/grf.rf/gntv_or_sync_fifo.gcx.clkx/rd_pntr_cdc_inst/src_gray_ff_reg[3]/C
                         FDRE (Prop_FDRE_C_Q)         0.115     0.115 r  jtag_master/inst/jtag_axi_engine_u/rd_cmd_fifo_i/inst_fifo_gen/gconvfifo.rf/grf.rf/gntv_or_sync_fifo.gcx.clkx/rd_pntr_cdc_inst/src_gray_ff_reg[3]/Q
                         net (fo=1, unplaced)         0.212     0.327    jtag_master/inst/jtag_axi_engine_u/rd_cmd_fifo_i/inst_fifo_gen/gconvfifo.rf/grf.rf/gntv_or_sync_fifo.gcx.clkx/rd_pntr_cdc_inst/async_path[3]
                         FDRE                                         r  jtag_master/inst/jtag_axi_engine_u/rd_cmd_fifo_i/inst_fifo_gen/gconvfifo.rf/grf.rf/gntv_or_sync_fifo.gcx.clkx/rd_pntr_cdc_inst/dest_graysync_ff_reg[0][3]/D
  -------------------------------------------------------------------    -------------------

                         max delay                    5.000     5.000    
                         FDRE (Setup_fdre_C_D)        0.059     5.059    jtag_master/inst/jtag_axi_engine_u/rd_cmd_fifo_i/inst_fifo_gen/gconvfifo.rf/grf.rf/gntv_or_sync_fifo.gcx.clkx/rd_pntr_cdc_inst/dest_graysync_ff_reg[0][3]
  -------------------------------------------------------------------
                         required time                          5.059    
                         arrival time                          -0.327    
  -------------------------------------------------------------------
                         slack                                  4.732    

Slack (MET) :             4.732ns  (required time - arrival time)
  Source:                 jtag_master/inst/jtag_axi_engine_u/rx_fifo_i/inst_fifo_gen/gconvfifo.rf/grf.rf/gntv_or_sync_fifo.gcx.clkx/wr_pntr_cdc_inst/src_gray_ff_reg[0]/C
                            (rising edge-triggered cell FDRE clocked by clk_200m_mmcm  {rise@0.000ns fall@2.500ns period=5.000ns})
  Destination:            jtag_master/inst/jtag_axi_engine_u/rx_fifo_i/inst_fifo_gen/gconvfifo.rf/grf.rf/gntv_or_sync_fifo.gcx.clkx/wr_pntr_cdc_inst/dest_graysync_ff_reg[0][0]/D
  Path Group:             **default**
  Path Type:              Setup (Max at Slow Process Corner)
  Requirement:            5.000ns  (MaxDelay Path 5.000ns)
  Data Path Delay:        0.327ns  (logic 0.115ns (35.168%)  route 0.212ns (64.832%))
  Logic Levels:           0  
  Timing Exception:       MaxDelay Path 5.000ns -datapath_only

    Location             Delay type                Incr(ns)  Path(ns)    Netlist Resource(s)
  -------------------------------------------------------------------    -------------------
                                                      0.000     0.000 r  jtag_master/inst/jtag_axi_engine_u/rx_fifo_i/inst_fifo_gen/gconvfifo.rf/grf.rf/gntv_or_sync_fifo.gcx.clkx/wr_pntr_cdc_inst/src_gray_ff_reg[0]/C
                         FDRE (Prop_FDRE_C_Q)         0.115     0.115 r  jtag_master/inst/jtag_axi_engine_u/rx_fifo_i/inst_fifo_gen/gconvfifo.rf/grf.rf/gntv_or_sync_fifo.gcx.clkx/wr_pntr_cdc_inst/src_gray_ff_reg[0]/Q
                         net (fo=1, unplaced)         0.212     0.327    jtag_master/inst/jtag_axi_engine_u/rx_fifo_i/inst_fifo_gen/gconvfifo.rf/grf.rf/gntv_or_sync_fifo.gcx.clkx/wr_pntr_cdc_inst/async_path[0]
                         FDRE                                         r  jtag_master/inst/jtag_axi_engine_u/rx_fifo_i/inst_fifo_gen/gconvfifo.rf/grf.rf/gntv_or_sync_fifo.gcx.clkx/wr_pntr_cdc_inst/dest_graysync_ff_reg[0][0]/D
  -------------------------------------------------------------------    -------------------

                         max delay                    5.000     5.000    
                         FDRE (Setup_fdre_C_D)        0.059     5.059    jtag_master/inst/jtag_axi_engine_u/rx_fifo_i/inst_fifo_gen/gconvfifo.rf/grf.rf/gntv_or_sync_fifo.gcx.clkx/wr_pntr_cdc_inst/dest_graysync_ff_reg[0][0]
  -------------------------------------------------------------------
                         required time                          5.059    
                         arrival time                          -0.327    
  -------------------------------------------------------------------
                         slack                                  4.732    

Slack (MET) :             4.732ns  (required time - arrival time)
  Source:                 jtag_master/inst/jtag_axi_engine_u/rx_fifo_i/inst_fifo_gen/gconvfifo.rf/grf.rf/gntv_or_sync_fifo.gcx.clkx/wr_pntr_cdc_inst/src_gray_ff_reg[1]/C
                            (rising edge-triggered cell FDRE clocked by clk_200m_mmcm  {rise@0.000ns fall@2.500ns period=5.000ns})
  Destination:            jtag_master/inst/jtag_axi_engine_u/rx_fifo_i/inst_fifo_gen/gconvfifo.rf/grf.rf/gntv_or_sync_fifo.gcx.clkx/wr_pntr_cdc_inst/dest_graysync_ff_reg[0][1]/D
  Path Group:             **default**
  Path Type:              Setup (Max at Slow Process Corner)
  Requirement:            5.000ns  (MaxDelay Path 5.000ns)
  Data Path Delay:        0.327ns  (logic 0.115ns (35.168%)  route 0.212ns (64.832%))
  Logic Levels:           0  
  Timing Exception:       MaxDelay Path 5.000ns -datapath_only

    Location             Delay type                Incr(ns)  Path(ns)    Netlist Resource(s)
  -------------------------------------------------------------------    -------------------
                                                      0.000     0.000 r  jtag_master/inst/jtag_axi_engine_u/rx_fifo_i/inst_fifo_gen/gconvfifo.rf/grf.rf/gntv_or_sync_fifo.gcx.clkx/wr_pntr_cdc_inst/src_gray_ff_reg[1]/C
                         FDRE (Prop_FDRE_C_Q)         0.115     0.115 r  jtag_master/inst/jtag_axi_engine_u/rx_fifo_i/inst_fifo_gen/gconvfifo.rf/grf.rf/gntv_or_sync_fifo.gcx.clkx/wr_pntr_cdc_inst/src_gray_ff_reg[1]/Q
                         net (fo=1, unplaced)         0.212     0.327    jtag_master/inst/jtag_axi_engine_u/rx_fifo_i/inst_fifo_gen/gconvfifo.rf/grf.rf/gntv_or_sync_fifo.gcx.clkx/wr_pntr_cdc_inst/async_path[1]
                         FDRE                                         r  jtag_master/inst/jtag_axi_engine_u/rx_fifo_i/inst_fifo_gen/gconvfifo.rf/grf.rf/gntv_or_sync_fifo.gcx.clkx/wr_pntr_cdc_inst/dest_graysync_ff_reg[0][1]/D
  -------------------------------------------------------------------    -------------------

                         max delay                    5.000     5.000    
                         FDRE (Setup_fdre_C_D)        0.059     5.059    jtag_master/inst/jtag_axi_engine_u/rx_fifo_i/inst_fifo_gen/gconvfifo.rf/grf.rf/gntv_or_sync_fifo.gcx.clkx/wr_pntr_cdc_inst/dest_graysync_ff_reg[0][1]
  -------------------------------------------------------------------
                         required time                          5.059    
                         arrival time                          -0.327    
  -------------------------------------------------------------------
                         slack                                  4.732    

Slack (MET) :             4.732ns  (required time - arrival time)
  Source:                 jtag_master/inst/jtag_axi_engine_u/rx_fifo_i/inst_fifo_gen/gconvfifo.rf/grf.rf/gntv_or_sync_fifo.gcx.clkx/wr_pntr_cdc_inst/src_gray_ff_reg[2]/C
                            (rising edge-triggered cell FDRE clocked by clk_200m_mmcm  {rise@0.000ns fall@2.500ns period=5.000ns})
  Destination:            jtag_master/inst/jtag_axi_engine_u/rx_fifo_i/inst_fifo_gen/gconvfifo.rf/grf.rf/gntv_or_sync_fifo.gcx.clkx/wr_pntr_cdc_inst/dest_graysync_ff_reg[0][2]/D
  Path Group:             **default**
  Path Type:              Setup (Max at Slow Process Corner)
  Requirement:            5.000ns  (MaxDelay Path 5.000ns)
  Data Path Delay:        0.327ns  (logic 0.115ns (35.168%)  route 0.212ns (64.832%))
  Logic Levels:           0  
  Timing Exception:       MaxDelay Path 5.000ns -datapath_only

    Location             Delay type                Incr(ns)  Path(ns)    Netlist Resource(s)
  -------------------------------------------------------------------    -------------------
                                                      0.000     0.000 r  jtag_master/inst/jtag_axi_engine_u/rx_fifo_i/inst_fifo_gen/gconvfifo.rf/grf.rf/gntv_or_sync_fifo.gcx.clkx/wr_pntr_cdc_inst/src_gray_ff_reg[2]/C
                         FDRE (Prop_FDRE_C_Q)         0.115     0.115 r  jtag_master/inst/jtag_axi_engine_u/rx_fifo_i/inst_fifo_gen/gconvfifo.rf/grf.rf/gntv_or_sync_fifo.gcx.clkx/wr_pntr_cdc_inst/src_gray_ff_reg[2]/Q
                         net (fo=1, unplaced)         0.212     0.327    jtag_master/inst/jtag_axi_engine_u/rx_fifo_i/inst_fifo_gen/gconvfifo.rf/grf.rf/gntv_or_sync_fifo.gcx.clkx/wr_pntr_cdc_inst/async_path[2]
                         FDRE                                         r  jtag_master/inst/jtag_axi_engine_u/rx_fifo_i/inst_fifo_gen/gconvfifo.rf/grf.rf/gntv_or_sync_fifo.gcx.clkx/wr_pntr_cdc_inst/dest_graysync_ff_reg[0][2]/D
  -------------------------------------------------------------------    -------------------

                         max delay                    5.000     5.000    
                         FDRE (Setup_fdre_C_D)        0.059     5.059    jtag_master/inst/jtag_axi_engine_u/rx_fifo_i/inst_fifo_gen/gconvfifo.rf/grf.rf/gntv_or_sync_fifo.gcx.clkx/wr_pntr_cdc_inst/dest_graysync_ff_reg[0][2]
  -------------------------------------------------------------------
                         required time                          5.059    
                         arrival time                          -0.327    
  -------------------------------------------------------------------
                         slack                                  4.732    

Slack (MET) :             4.732ns  (required time - arrival time)
  Source:                 jtag_master/inst/jtag_axi_engine_u/rx_fifo_i/inst_fifo_gen/gconvfifo.rf/grf.rf/gntv_or_sync_fifo.gcx.clkx/wr_pntr_cdc_inst/src_gray_ff_reg[3]/C
                            (rising edge-triggered cell FDRE clocked by clk_200m_mmcm  {rise@0.000ns fall@2.500ns period=5.000ns})
  Destination:            jtag_master/inst/jtag_axi_engine_u/rx_fifo_i/inst_fifo_gen/gconvfifo.rf/grf.rf/gntv_or_sync_fifo.gcx.clkx/wr_pntr_cdc_inst/dest_graysync_ff_reg[0][3]/D
  Path Group:             **default**
  Path Type:              Setup (Max at Slow Process Corner)
  Requirement:            5.000ns  (MaxDelay Path 5.000ns)
  Data Path Delay:        0.327ns  (logic 0.115ns (35.168%)  route 0.212ns (64.832%))
  Logic Levels:           0  
  Timing Exception:       MaxDelay Path 5.000ns -datapath_only

    Location             Delay type                Incr(ns)  Path(ns)    Netlist Resource(s)
  -------------------------------------------------------------------    -------------------
                                                      0.000     0.000 r  jtag_master/inst/jtag_axi_engine_u/rx_fifo_i/inst_fifo_gen/gconvfifo.rf/grf.rf/gntv_or_sync_fifo.gcx.clkx/wr_pntr_cdc_inst/src_gray_ff_reg[3]/C
                         FDRE (Prop_FDRE_C_Q)         0.115     0.115 r  jtag_master/inst/jtag_axi_engine_u/rx_fifo_i/inst_fifo_gen/gconvfifo.rf/grf.rf/gntv_or_sync_fifo.gcx.clkx/wr_pntr_cdc_inst/src_gray_ff_reg[3]/Q
                         net (fo=1, unplaced)         0.212     0.327    jtag_master/inst/jtag_axi_engine_u/rx_fifo_i/inst_fifo_gen/gconvfifo.rf/grf.rf/gntv_or_sync_fifo.gcx.clkx/wr_pntr_cdc_inst/async_path[3]
                         FDRE                                         r  jtag_master/inst/jtag_axi_engine_u/rx_fifo_i/inst_fifo_gen/gconvfifo.rf/grf.rf/gntv_or_sync_fifo.gcx.clkx/wr_pntr_cdc_inst/dest_graysync_ff_reg[0][3]/D
  -------------------------------------------------------------------    -------------------

                         max delay                    5.000     5.000    
                         FDRE (Setup_fdre_C_D)        0.059     5.059    jtag_master/inst/jtag_axi_engine_u/rx_fifo_i/inst_fifo_gen/gconvfifo.rf/grf.rf/gntv_or_sync_fifo.gcx.clkx/wr_pntr_cdc_inst/dest_graysync_ff_reg[0][3]
  -------------------------------------------------------------------
                         required time                          5.059    
                         arrival time                          -0.327    
  -------------------------------------------------------------------
                         slack                                  4.732    

Slack (MET) :             4.732ns  (required time - arrival time)
  Source:                 jtag_master/inst/jtag_axi_engine_u/rx_fifo_i/inst_fifo_gen/gconvfifo.rf/grf.rf/gntv_or_sync_fifo.gcx.clkx/wr_pntr_cdc_inst/src_gray_ff_reg[4]/C
                            (rising edge-triggered cell FDRE clocked by clk_200m_mmcm  {rise@0.000ns fall@2.500ns period=5.000ns})
  Destination:            jtag_master/inst/jtag_axi_engine_u/rx_fifo_i/inst_fifo_gen/gconvfifo.rf/grf.rf/gntv_or_sync_fifo.gcx.clkx/wr_pntr_cdc_inst/dest_graysync_ff_reg[0][4]/D
  Path Group:             **default**
  Path Type:              Setup (Max at Slow Process Corner)
  Requirement:            5.000ns  (MaxDelay Path 5.000ns)
  Data Path Delay:        0.327ns  (logic 0.115ns (35.168%)  route 0.212ns (64.832%))
  Logic Levels:           0  
  Timing Exception:       MaxDelay Path 5.000ns -datapath_only

    Location             Delay type                Incr(ns)  Path(ns)    Netlist Resource(s)
  -------------------------------------------------------------------    -------------------
                                                      0.000     0.000 r  jtag_master/inst/jtag_axi_engine_u/rx_fifo_i/inst_fifo_gen/gconvfifo.rf/grf.rf/gntv_or_sync_fifo.gcx.clkx/wr_pntr_cdc_inst/src_gray_ff_reg[4]/C
                         FDRE (Prop_FDRE_C_Q)         0.115     0.115 r  jtag_master/inst/jtag_axi_engine_u/rx_fifo_i/inst_fifo_gen/gconvfifo.rf/grf.rf/gntv_or_sync_fifo.gcx.clkx/wr_pntr_cdc_inst/src_gray_ff_reg[4]/Q
                         net (fo=1, unplaced)         0.212     0.327    jtag_master/inst/jtag_axi_engine_u/rx_fifo_i/inst_fifo_gen/gconvfifo.rf/grf.rf/gntv_or_sync_fifo.gcx.clkx/wr_pntr_cdc_inst/async_path[4]
                         FDRE                                         r  jtag_master/inst/jtag_axi_engine_u/rx_fifo_i/inst_fifo_gen/gconvfifo.rf/grf.rf/gntv_or_sync_fifo.gcx.clkx/wr_pntr_cdc_inst/dest_graysync_ff_reg[0][4]/D
  -------------------------------------------------------------------    -------------------

                         max delay                    5.000     5.000    
                         FDRE (Setup_fdre_C_D)        0.059     5.059    jtag_master/inst/jtag_axi_engine_u/rx_fifo_i/inst_fifo_gen/gconvfifo.rf/grf.rf/gntv_or_sync_fifo.gcx.clkx/wr_pntr_cdc_inst/dest_graysync_ff_reg[0][4]
  -------------------------------------------------------------------
                         required time                          5.059    
                         arrival time                          -0.327    
  -------------------------------------------------------------------
                         slack                                  4.732    

Slack (MET) :             4.732ns  (required time - arrival time)
  Source:                 jtag_master/inst/jtag_axi_engine_u/rx_fifo_i/inst_fifo_gen/gconvfifo.rf/grf.rf/gntv_or_sync_fifo.gcx.clkx/wr_pntr_cdc_inst/src_gray_ff_reg[5]/C
                            (rising edge-triggered cell FDRE clocked by clk_200m_mmcm  {rise@0.000ns fall@2.500ns period=5.000ns})
  Destination:            jtag_master/inst/jtag_axi_engine_u/rx_fifo_i/inst_fifo_gen/gconvfifo.rf/grf.rf/gntv_or_sync_fifo.gcx.clkx/wr_pntr_cdc_inst/dest_graysync_ff_reg[0][5]/D
  Path Group:             **default**
  Path Type:              Setup (Max at Slow Process Corner)
  Requirement:            5.000ns  (MaxDelay Path 5.000ns)
  Data Path Delay:        0.327ns  (logic 0.115ns (35.168%)  route 0.212ns (64.832%))
  Logic Levels:           0  
  Timing Exception:       MaxDelay Path 5.000ns -datapath_only

    Location             Delay type                Incr(ns)  Path(ns)    Netlist Resource(s)
  -------------------------------------------------------------------    -------------------
                                                      0.000     0.000 r  jtag_master/inst/jtag_axi_engine_u/rx_fifo_i/inst_fifo_gen/gconvfifo.rf/grf.rf/gntv_or_sync_fifo.gcx.clkx/wr_pntr_cdc_inst/src_gray_ff_reg[5]/C
                         FDRE (Prop_FDRE_C_Q)         0.115     0.115 r  jtag_master/inst/jtag_axi_engine_u/rx_fifo_i/inst_fifo_gen/gconvfifo.rf/grf.rf/gntv_or_sync_fifo.gcx.clkx/wr_pntr_cdc_inst/src_gray_ff_reg[5]/Q
                         net (fo=1, unplaced)         0.212     0.327    jtag_master/inst/jtag_axi_engine_u/rx_fifo_i/inst_fifo_gen/gconvfifo.rf/grf.rf/gntv_or_sync_fifo.gcx.clkx/wr_pntr_cdc_inst/async_path[5]
                         FDRE                                         r  jtag_master/inst/jtag_axi_engine_u/rx_fifo_i/inst_fifo_gen/gconvfifo.rf/grf.rf/gntv_or_sync_fifo.gcx.clkx/wr_pntr_cdc_inst/dest_graysync_ff_reg[0][5]/D
  -------------------------------------------------------------------    -------------------

                         max delay                    5.000     5.000    
                         FDRE (Setup_fdre_C_D)        0.059     5.059    jtag_master/inst/jtag_axi_engine_u/rx_fifo_i/inst_fifo_gen/gconvfifo.rf/grf.rf/gntv_or_sync_fifo.gcx.clkx/wr_pntr_cdc_inst/dest_graysync_ff_reg[0][5]
  -------------------------------------------------------------------
                         required time                          5.059    
                         arrival time                          -0.327    
  -------------------------------------------------------------------
                         slack                                  4.732    

Slack (MET) :             4.732ns  (required time - arrival time)
  Source:                 jtag_master/inst/jtag_axi_engine_u/rx_fifo_i/inst_fifo_gen/gconvfifo.rf/grf.rf/gntv_or_sync_fifo.gcx.clkx/wr_pntr_cdc_inst/src_gray_ff_reg[6]/C
                            (rising edge-triggered cell FDRE clocked by clk_200m_mmcm  {rise@0.000ns fall@2.500ns period=5.000ns})
  Destination:            jtag_master/inst/jtag_axi_engine_u/rx_fifo_i/inst_fifo_gen/gconvfifo.rf/grf.rf/gntv_or_sync_fifo.gcx.clkx/wr_pntr_cdc_inst/dest_graysync_ff_reg[0][6]/D
  Path Group:             **default**
  Path Type:              Setup (Max at Slow Process Corner)
  Requirement:            5.000ns  (MaxDelay Path 5.000ns)
  Data Path Delay:        0.327ns  (logic 0.115ns (35.168%)  route 0.212ns (64.832%))
  Logic Levels:           0  
  Timing Exception:       MaxDelay Path 5.000ns -datapath_only

    Location             Delay type                Incr(ns)  Path(ns)    Netlist Resource(s)
  -------------------------------------------------------------------    -------------------
                                                      0.000     0.000 r  jtag_master/inst/jtag_axi_engine_u/rx_fifo_i/inst_fifo_gen/gconvfifo.rf/grf.rf/gntv_or_sync_fifo.gcx.clkx/wr_pntr_cdc_inst/src_gray_ff_reg[6]/C
                         FDRE (Prop_FDRE_C_Q)         0.115     0.115 r  jtag_master/inst/jtag_axi_engine_u/rx_fifo_i/inst_fifo_gen/gconvfifo.rf/grf.rf/gntv_or_sync_fifo.gcx.clkx/wr_pntr_cdc_inst/src_gray_ff_reg[6]/Q
                         net (fo=1, unplaced)         0.212     0.327    jtag_master/inst/jtag_axi_engine_u/rx_fifo_i/inst_fifo_gen/gconvfifo.rf/grf.rf/gntv_or_sync_fifo.gcx.clkx/wr_pntr_cdc_inst/async_path[6]
                         FDRE                                         r  jtag_master/inst/jtag_axi_engine_u/rx_fifo_i/inst_fifo_gen/gconvfifo.rf/grf.rf/gntv_or_sync_fifo.gcx.clkx/wr_pntr_cdc_inst/dest_graysync_ff_reg[0][6]/D
  -------------------------------------------------------------------    -------------------

                         max delay                    5.000     5.000    
                         FDRE (Setup_fdre_C_D)        0.059     5.059    jtag_master/inst/jtag_axi_engine_u/rx_fifo_i/inst_fifo_gen/gconvfifo.rf/grf.rf/gntv_or_sync_fifo.gcx.clkx/wr_pntr_cdc_inst/dest_graysync_ff_reg[0][6]
  -------------------------------------------------------------------
                         required time                          5.059    
                         arrival time                          -0.327    
  -------------------------------------------------------------------
                         slack                                  4.732    

Slack (MET) :             4.732ns  (required time - arrival time)
  Source:                 jtag_master/inst/jtag_axi_engine_u/rx_fifo_i/inst_fifo_gen/gconvfifo.rf/grf.rf/gntv_or_sync_fifo.gcx.clkx/wr_pntr_cdc_inst/src_gray_ff_reg[7]/C
                            (rising edge-triggered cell FDRE clocked by clk_200m_mmcm  {rise@0.000ns fall@2.500ns period=5.000ns})
  Destination:            jtag_master/inst/jtag_axi_engine_u/rx_fifo_i/inst_fifo_gen/gconvfifo.rf/grf.rf/gntv_or_sync_fifo.gcx.clkx/wr_pntr_cdc_inst/dest_graysync_ff_reg[0][7]/D
  Path Group:             **default**
  Path Type:              Setup (Max at Slow Process Corner)
  Requirement:            5.000ns  (MaxDelay Path 5.000ns)
  Data Path Delay:        0.327ns  (logic 0.115ns (35.168%)  route 0.212ns (64.832%))
  Logic Levels:           0  
  Timing Exception:       MaxDelay Path 5.000ns -datapath_only

    Location             Delay type                Incr(ns)  Path(ns)    Netlist Resource(s)
  -------------------------------------------------------------------    -------------------
                                                      0.000     0.000 r  jtag_master/inst/jtag_axi_engine_u/rx_fifo_i/inst_fifo_gen/gconvfifo.rf/grf.rf/gntv_or_sync_fifo.gcx.clkx/wr_pntr_cdc_inst/src_gray_ff_reg[7]/C
                         FDRE (Prop_FDRE_C_Q)         0.115     0.115 r  jtag_master/inst/jtag_axi_engine_u/rx_fifo_i/inst_fifo_gen/gconvfifo.rf/grf.rf/gntv_or_sync_fifo.gcx.clkx/wr_pntr_cdc_inst/src_gray_ff_reg[7]/Q
                         net (fo=1, unplaced)         0.212     0.327    jtag_master/inst/jtag_axi_engine_u/rx_fifo_i/inst_fifo_gen/gconvfifo.rf/grf.rf/gntv_or_sync_fifo.gcx.clkx/wr_pntr_cdc_inst/async_path[7]
                         FDRE                                         r  jtag_master/inst/jtag_axi_engine_u/rx_fifo_i/inst_fifo_gen/gconvfifo.rf/grf.rf/gntv_or_sync_fifo.gcx.clkx/wr_pntr_cdc_inst/dest_graysync_ff_reg[0][7]/D
  -------------------------------------------------------------------    -------------------

                         max delay                    5.000     5.000    
                         FDRE (Setup_fdre_C_D)        0.059     5.059    jtag_master/inst/jtag_axi_engine_u/rx_fifo_i/inst_fifo_gen/gconvfifo.rf/grf.rf/gntv_or_sync_fifo.gcx.clkx/wr_pntr_cdc_inst/dest_graysync_ff_reg[0][7]
  -------------------------------------------------------------------
                         required time                          5.059    
                         arrival time                          -0.327    
  -------------------------------------------------------------------
                         slack                                  4.732    

Slack (MET) :             4.732ns  (required time - arrival time)
  Source:                 jtag_master/inst/jtag_axi_engine_u/tx_fifo_i/inst_fifo_gen/gconvfifo.rf/grf.rf/gntv_or_sync_fifo.gcx.clkx/rd_pntr_cdc_inst/src_gray_ff_reg[0]/C
                            (rising edge-triggered cell FDRE clocked by clk_200m_mmcm  {rise@0.000ns fall@2.500ns period=5.000ns})
  Destination:            jtag_master/inst/jtag_axi_engine_u/tx_fifo_i/inst_fifo_gen/gconvfifo.rf/grf.rf/gntv_or_sync_fifo.gcx.clkx/rd_pntr_cdc_inst/dest_graysync_ff_reg[0][0]/D
  Path Group:             **default**
  Path Type:              Setup (Max at Slow Process Corner)
  Requirement:            5.000ns  (MaxDelay Path 5.000ns)
  Data Path Delay:        0.327ns  (logic 0.115ns (35.168%)  route 0.212ns (64.832%))
  Logic Levels:           0  
  Timing Exception:       MaxDelay Path 5.000ns -datapath_only

    Location             Delay type                Incr(ns)  Path(ns)    Netlist Resource(s)
  -------------------------------------------------------------------    -------------------
                                                      0.000     0.000 r  jtag_master/inst/jtag_axi_engine_u/tx_fifo_i/inst_fifo_gen/gconvfifo.rf/grf.rf/gntv_or_sync_fifo.gcx.clkx/rd_pntr_cdc_inst/src_gray_ff_reg[0]/C
                         FDRE (Prop_FDRE_C_Q)         0.115     0.115 r  jtag_master/inst/jtag_axi_engine_u/tx_fifo_i/inst_fifo_gen/gconvfifo.rf/grf.rf/gntv_or_sync_fifo.gcx.clkx/rd_pntr_cdc_inst/src_gray_ff_reg[0]/Q
                         net (fo=1, unplaced)         0.212     0.327    jtag_master/inst/jtag_axi_engine_u/tx_fifo_i/inst_fifo_gen/gconvfifo.rf/grf.rf/gntv_or_sync_fifo.gcx.clkx/rd_pntr_cdc_inst/async_path[0]
                         FDRE                                         r  jtag_master/inst/jtag_axi_engine_u/tx_fifo_i/inst_fifo_gen/gconvfifo.rf/grf.rf/gntv_or_sync_fifo.gcx.clkx/rd_pntr_cdc_inst/dest_graysync_ff_reg[0][0]/D
  -------------------------------------------------------------------    -------------------

                         max delay                    5.000     5.000    
                         FDRE (Setup_fdre_C_D)        0.059     5.059    jtag_master/inst/jtag_axi_engine_u/tx_fifo_i/inst_fifo_gen/gconvfifo.rf/grf.rf/gntv_or_sync_fifo.gcx.clkx/rd_pntr_cdc_inst/dest_graysync_ff_reg[0][0]
  -------------------------------------------------------------------
                         required time                          5.059    
                         arrival time                          -0.327    
  -------------------------------------------------------------------
                         slack                                  4.732    

Slack (MET) :             4.732ns  (required time - arrival time)
  Source:                 jtag_master/inst/jtag_axi_engine_u/tx_fifo_i/inst_fifo_gen/gconvfifo.rf/grf.rf/gntv_or_sync_fifo.gcx.clkx/rd_pntr_cdc_inst/src_gray_ff_reg[1]/C
                            (rising edge-triggered cell FDRE clocked by clk_200m_mmcm  {rise@0.000ns fall@2.500ns period=5.000ns})
  Destination:            jtag_master/inst/jtag_axi_engine_u/tx_fifo_i/inst_fifo_gen/gconvfifo.rf/grf.rf/gntv_or_sync_fifo.gcx.clkx/rd_pntr_cdc_inst/dest_graysync_ff_reg[0][1]/D
  Path Group:             **default**
  Path Type:              Setup (Max at Slow Process Corner)
  Requirement:            5.000ns  (MaxDelay Path 5.000ns)
  Data Path Delay:        0.327ns  (logic 0.115ns (35.168%)  route 0.212ns (64.832%))
  Logic Levels:           0  
  Timing Exception:       MaxDelay Path 5.000ns -datapath_only

    Location             Delay type                Incr(ns)  Path(ns)    Netlist Resource(s)
  -------------------------------------------------------------------    -------------------
                                                      0.000     0.000 r  jtag_master/inst/jtag_axi_engine_u/tx_fifo_i/inst_fifo_gen/gconvfifo.rf/grf.rf/gntv_or_sync_fifo.gcx.clkx/rd_pntr_cdc_inst/src_gray_ff_reg[1]/C
                         FDRE (Prop_FDRE_C_Q)         0.115     0.115 r  jtag_master/inst/jtag_axi_engine_u/tx_fifo_i/inst_fifo_gen/gconvfifo.rf/grf.rf/gntv_or_sync_fifo.gcx.clkx/rd_pntr_cdc_inst/src_gray_ff_reg[1]/Q
                         net (fo=1, unplaced)         0.212     0.327    jtag_master/inst/jtag_axi_engine_u/tx_fifo_i/inst_fifo_gen/gconvfifo.rf/grf.rf/gntv_or_sync_fifo.gcx.clkx/rd_pntr_cdc_inst/async_path[1]
                         FDRE                                         r  jtag_master/inst/jtag_axi_engine_u/tx_fifo_i/inst_fifo_gen/gconvfifo.rf/grf.rf/gntv_or_sync_fifo.gcx.clkx/rd_pntr_cdc_inst/dest_graysync_ff_reg[0][1]/D
  -------------------------------------------------------------------    -------------------

                         max delay                    5.000     5.000    
                         FDRE (Setup_fdre_C_D)        0.059     5.059    jtag_master/inst/jtag_axi_engine_u/tx_fifo_i/inst_fifo_gen/gconvfifo.rf/grf.rf/gntv_or_sync_fifo.gcx.clkx/rd_pntr_cdc_inst/dest_graysync_ff_reg[0][1]
  -------------------------------------------------------------------
                         required time                          5.059    
                         arrival time                          -0.327    
  -------------------------------------------------------------------
                         slack                                  4.732    

Slack (MET) :             4.732ns  (required time - arrival time)
  Source:                 jtag_master/inst/jtag_axi_engine_u/tx_fifo_i/inst_fifo_gen/gconvfifo.rf/grf.rf/gntv_or_sync_fifo.gcx.clkx/rd_pntr_cdc_inst/src_gray_ff_reg[2]/C
                            (rising edge-triggered cell FDRE clocked by clk_200m_mmcm  {rise@0.000ns fall@2.500ns period=5.000ns})
  Destination:            jtag_master/inst/jtag_axi_engine_u/tx_fifo_i/inst_fifo_gen/gconvfifo.rf/grf.rf/gntv_or_sync_fifo.gcx.clkx/rd_pntr_cdc_inst/dest_graysync_ff_reg[0][2]/D
  Path Group:             **default**
  Path Type:              Setup (Max at Slow Process Corner)
  Requirement:            5.000ns  (MaxDelay Path 5.000ns)
  Data Path Delay:        0.327ns  (logic 0.115ns (35.168%)  route 0.212ns (64.832%))
  Logic Levels:           0  
  Timing Exception:       MaxDelay Path 5.000ns -datapath_only

    Location             Delay type                Incr(ns)  Path(ns)    Netlist Resource(s)
  -------------------------------------------------------------------    -------------------
                                                      0.000     0.000 r  jtag_master/inst/jtag_axi_engine_u/tx_fifo_i/inst_fifo_gen/gconvfifo.rf/grf.rf/gntv_or_sync_fifo.gcx.clkx/rd_pntr_cdc_inst/src_gray_ff_reg[2]/C
                         FDRE (Prop_FDRE_C_Q)         0.115     0.115 r  jtag_master/inst/jtag_axi_engine_u/tx_fifo_i/inst_fifo_gen/gconvfifo.rf/grf.rf/gntv_or_sync_fifo.gcx.clkx/rd_pntr_cdc_inst/src_gray_ff_reg[2]/Q
                         net (fo=1, unplaced)         0.212     0.327    jtag_master/inst/jtag_axi_engine_u/tx_fifo_i/inst_fifo_gen/gconvfifo.rf/grf.rf/gntv_or_sync_fifo.gcx.clkx/rd_pntr_cdc_inst/async_path[2]
                         FDRE                                         r  jtag_master/inst/jtag_axi_engine_u/tx_fifo_i/inst_fifo_gen/gconvfifo.rf/grf.rf/gntv_or_sync_fifo.gcx.clkx/rd_pntr_cdc_inst/dest_graysync_ff_reg[0][2]/D
  -------------------------------------------------------------------    -------------------

                         max delay                    5.000     5.000    
                         FDRE (Setup_fdre_C_D)        0.059     5.059    jtag_master/inst/jtag_axi_engine_u/tx_fifo_i/inst_fifo_gen/gconvfifo.rf/grf.rf/gntv_or_sync_fifo.gcx.clkx/rd_pntr_cdc_inst/dest_graysync_ff_reg[0][2]
  -------------------------------------------------------------------
                         required time                          5.059    
                         arrival time                          -0.327    
  -------------------------------------------------------------------
                         slack                                  4.732    

Slack (MET) :             4.732ns  (required time - arrival time)
  Source:                 jtag_master/inst/jtag_axi_engine_u/tx_fifo_i/inst_fifo_gen/gconvfifo.rf/grf.rf/gntv_or_sync_fifo.gcx.clkx/rd_pntr_cdc_inst/src_gray_ff_reg[3]/C
                            (rising edge-triggered cell FDRE clocked by clk_200m_mmcm  {rise@0.000ns fall@2.500ns period=5.000ns})
  Destination:            jtag_master/inst/jtag_axi_engine_u/tx_fifo_i/inst_fifo_gen/gconvfifo.rf/grf.rf/gntv_or_sync_fifo.gcx.clkx/rd_pntr_cdc_inst/dest_graysync_ff_reg[0][3]/D
  Path Group:             **default**
  Path Type:              Setup (Max at Slow Process Corner)
  Requirement:            5.000ns  (MaxDelay Path 5.000ns)
  Data Path Delay:        0.327ns  (logic 0.115ns (35.168%)  route 0.212ns (64.832%))
  Logic Levels:           0  
  Timing Exception:       MaxDelay Path 5.000ns -datapath_only

    Location             Delay type                Incr(ns)  Path(ns)    Netlist Resource(s)
  -------------------------------------------------------------------    -------------------
                                                      0.000     0.000 r  jtag_master/inst/jtag_axi_engine_u/tx_fifo_i/inst_fifo_gen/gconvfifo.rf/grf.rf/gntv_or_sync_fifo.gcx.clkx/rd_pntr_cdc_inst/src_gray_ff_reg[3]/C
                         FDRE (Prop_FDRE_C_Q)         0.115     0.115 r  jtag_master/inst/jtag_axi_engine_u/tx_fifo_i/inst_fifo_gen/gconvfifo.rf/grf.rf/gntv_or_sync_fifo.gcx.clkx/rd_pntr_cdc_inst/src_gray_ff_reg[3]/Q
                         net (fo=1, unplaced)         0.212     0.327    jtag_master/inst/jtag_axi_engine_u/tx_fifo_i/inst_fifo_gen/gconvfifo.rf/grf.rf/gntv_or_sync_fifo.gcx.clkx/rd_pntr_cdc_inst/async_path[3]
                         FDRE                                         r  jtag_master/inst/jtag_axi_engine_u/tx_fifo_i/inst_fifo_gen/gconvfifo.rf/grf.rf/gntv_or_sync_fifo.gcx.clkx/rd_pntr_cdc_inst/dest_graysync_ff_reg[0][3]/D
  -------------------------------------------------------------------    -------------------

                         max delay                    5.000     5.000    
                         FDRE (Setup_fdre_C_D)        0.059     5.059    jtag_master/inst/jtag_axi_engine_u/tx_fifo_i/inst_fifo_gen/gconvfifo.rf/grf.rf/gntv_or_sync_fifo.gcx.clkx/rd_pntr_cdc_inst/dest_graysync_ff_reg[0][3]
  -------------------------------------------------------------------
                         required time                          5.059    
                         arrival time                          -0.327    
  -------------------------------------------------------------------
                         slack                                  4.732    

Slack (MET) :             4.732ns  (required time - arrival time)
  Source:                 jtag_master/inst/jtag_axi_engine_u/tx_fifo_i/inst_fifo_gen/gconvfifo.rf/grf.rf/gntv_or_sync_fifo.gcx.clkx/rd_pntr_cdc_inst/src_gray_ff_reg[4]/C
                            (rising edge-triggered cell FDRE clocked by clk_200m_mmcm  {rise@0.000ns fall@2.500ns period=5.000ns})
  Destination:            jtag_master/inst/jtag_axi_engine_u/tx_fifo_i/inst_fifo_gen/gconvfifo.rf/grf.rf/gntv_or_sync_fifo.gcx.clkx/rd_pntr_cdc_inst/dest_graysync_ff_reg[0][4]/D
  Path Group:             **default**
  Path Type:              Setup (Max at Slow Process Corner)
  Requirement:            5.000ns  (MaxDelay Path 5.000ns)
  Data Path Delay:        0.327ns  (logic 0.115ns (35.168%)  route 0.212ns (64.832%))
  Logic Levels:           0  
  Timing Exception:       MaxDelay Path 5.000ns -datapath_only

    Location             Delay type                Incr(ns)  Path(ns)    Netlist Resource(s)
  -------------------------------------------------------------------    -------------------
                                                      0.000     0.000 r  jtag_master/inst/jtag_axi_engine_u/tx_fifo_i/inst_fifo_gen/gconvfifo.rf/grf.rf/gntv_or_sync_fifo.gcx.clkx/rd_pntr_cdc_inst/src_gray_ff_reg[4]/C
                         FDRE (Prop_FDRE_C_Q)         0.115     0.115 r  jtag_master/inst/jtag_axi_engine_u/tx_fifo_i/inst_fifo_gen/gconvfifo.rf/grf.rf/gntv_or_sync_fifo.gcx.clkx/rd_pntr_cdc_inst/src_gray_ff_reg[4]/Q
                         net (fo=1, unplaced)         0.212     0.327    jtag_master/inst/jtag_axi_engine_u/tx_fifo_i/inst_fifo_gen/gconvfifo.rf/grf.rf/gntv_or_sync_fifo.gcx.clkx/rd_pntr_cdc_inst/async_path[4]
                         FDRE                                         r  jtag_master/inst/jtag_axi_engine_u/tx_fifo_i/inst_fifo_gen/gconvfifo.rf/grf.rf/gntv_or_sync_fifo.gcx.clkx/rd_pntr_cdc_inst/dest_graysync_ff_reg[0][4]/D
  -------------------------------------------------------------------    -------------------

                         max delay                    5.000     5.000    
                         FDRE (Setup_fdre_C_D)        0.059     5.059    jtag_master/inst/jtag_axi_engine_u/tx_fifo_i/inst_fifo_gen/gconvfifo.rf/grf.rf/gntv_or_sync_fifo.gcx.clkx/rd_pntr_cdc_inst/dest_graysync_ff_reg[0][4]
  -------------------------------------------------------------------
                         required time                          5.059    
                         arrival time                          -0.327    
  -------------------------------------------------------------------
                         slack                                  4.732    

Slack (MET) :             4.732ns  (required time - arrival time)
  Source:                 jtag_master/inst/jtag_axi_engine_u/tx_fifo_i/inst_fifo_gen/gconvfifo.rf/grf.rf/gntv_or_sync_fifo.gcx.clkx/rd_pntr_cdc_inst/src_gray_ff_reg[5]/C
                            (rising edge-triggered cell FDRE clocked by clk_200m_mmcm  {rise@0.000ns fall@2.500ns period=5.000ns})
  Destination:            jtag_master/inst/jtag_axi_engine_u/tx_fifo_i/inst_fifo_gen/gconvfifo.rf/grf.rf/gntv_or_sync_fifo.gcx.clkx/rd_pntr_cdc_inst/dest_graysync_ff_reg[0][5]/D
  Path Group:             **default**
  Path Type:              Setup (Max at Slow Process Corner)
  Requirement:            5.000ns  (MaxDelay Path 5.000ns)
  Data Path Delay:        0.327ns  (logic 0.115ns (35.168%)  route 0.212ns (64.832%))
  Logic Levels:           0  
  Timing Exception:       MaxDelay Path 5.000ns -datapath_only

    Location             Delay type                Incr(ns)  Path(ns)    Netlist Resource(s)
  -------------------------------------------------------------------    -------------------
                                                      0.000     0.000 r  jtag_master/inst/jtag_axi_engine_u/tx_fifo_i/inst_fifo_gen/gconvfifo.rf/grf.rf/gntv_or_sync_fifo.gcx.clkx/rd_pntr_cdc_inst/src_gray_ff_reg[5]/C
                         FDRE (Prop_FDRE_C_Q)         0.115     0.115 r  jtag_master/inst/jtag_axi_engine_u/tx_fifo_i/inst_fifo_gen/gconvfifo.rf/grf.rf/gntv_or_sync_fifo.gcx.clkx/rd_pntr_cdc_inst/src_gray_ff_reg[5]/Q
                         net (fo=1, unplaced)         0.212     0.327    jtag_master/inst/jtag_axi_engine_u/tx_fifo_i/inst_fifo_gen/gconvfifo.rf/grf.rf/gntv_or_sync_fifo.gcx.clkx/rd_pntr_cdc_inst/async_path[5]
                         FDRE                                         r  jtag_master/inst/jtag_axi_engine_u/tx_fifo_i/inst_fifo_gen/gconvfifo.rf/grf.rf/gntv_or_sync_fifo.gcx.clkx/rd_pntr_cdc_inst/dest_graysync_ff_reg[0][5]/D
  -------------------------------------------------------------------    -------------------

                         max delay                    5.000     5.000    
                         FDRE (Setup_fdre_C_D)        0.059     5.059    jtag_master/inst/jtag_axi_engine_u/tx_fifo_i/inst_fifo_gen/gconvfifo.rf/grf.rf/gntv_or_sync_fifo.gcx.clkx/rd_pntr_cdc_inst/dest_graysync_ff_reg[0][5]
  -------------------------------------------------------------------
                         required time                          5.059    
                         arrival time                          -0.327    
  -------------------------------------------------------------------
                         slack                                  4.732    

Slack (MET) :             4.732ns  (required time - arrival time)
  Source:                 jtag_master/inst/jtag_axi_engine_u/tx_fifo_i/inst_fifo_gen/gconvfifo.rf/grf.rf/gntv_or_sync_fifo.gcx.clkx/rd_pntr_cdc_inst/src_gray_ff_reg[6]/C
                            (rising edge-triggered cell FDRE clocked by clk_200m_mmcm  {rise@0.000ns fall@2.500ns period=5.000ns})
  Destination:            jtag_master/inst/jtag_axi_engine_u/tx_fifo_i/inst_fifo_gen/gconvfifo.rf/grf.rf/gntv_or_sync_fifo.gcx.clkx/rd_pntr_cdc_inst/dest_graysync_ff_reg[0][6]/D
  Path Group:             **default**
  Path Type:              Setup (Max at Slow Process Corner)
  Requirement:            5.000ns  (MaxDelay Path 5.000ns)
  Data Path Delay:        0.327ns  (logic 0.115ns (35.168%)  route 0.212ns (64.832%))
  Logic Levels:           0  
  Timing Exception:       MaxDelay Path 5.000ns -datapath_only

    Location             Delay type                Incr(ns)  Path(ns)    Netlist Resource(s)
  -------------------------------------------------------------------    -------------------
                                                      0.000     0.000 r  jtag_master/inst/jtag_axi_engine_u/tx_fifo_i/inst_fifo_gen/gconvfifo.rf/grf.rf/gntv_or_sync_fifo.gcx.clkx/rd_pntr_cdc_inst/src_gray_ff_reg[6]/C
                         FDRE (Prop_FDRE_C_Q)         0.115     0.115 r  jtag_master/inst/jtag_axi_engine_u/tx_fifo_i/inst_fifo_gen/gconvfifo.rf/grf.rf/gntv_or_sync_fifo.gcx.clkx/rd_pntr_cdc_inst/src_gray_ff_reg[6]/Q
                         net (fo=1, unplaced)         0.212     0.327    jtag_master/inst/jtag_axi_engine_u/tx_fifo_i/inst_fifo_gen/gconvfifo.rf/grf.rf/gntv_or_sync_fifo.gcx.clkx/rd_pntr_cdc_inst/async_path[6]
                         FDRE                                         r  jtag_master/inst/jtag_axi_engine_u/tx_fifo_i/inst_fifo_gen/gconvfifo.rf/grf.rf/gntv_or_sync_fifo.gcx.clkx/rd_pntr_cdc_inst/dest_graysync_ff_reg[0][6]/D
  -------------------------------------------------------------------    -------------------

                         max delay                    5.000     5.000    
                         FDRE (Setup_fdre_C_D)        0.059     5.059    jtag_master/inst/jtag_axi_engine_u/tx_fifo_i/inst_fifo_gen/gconvfifo.rf/grf.rf/gntv_or_sync_fifo.gcx.clkx/rd_pntr_cdc_inst/dest_graysync_ff_reg[0][6]
  -------------------------------------------------------------------
                         required time                          5.059    
                         arrival time                          -0.327    
  -------------------------------------------------------------------
                         slack                                  4.732    

Slack (MET) :             4.732ns  (required time - arrival time)
  Source:                 jtag_master/inst/jtag_axi_engine_u/tx_fifo_i/inst_fifo_gen/gconvfifo.rf/grf.rf/gntv_or_sync_fifo.gcx.clkx/rd_pntr_cdc_inst/src_gray_ff_reg[7]/C
                            (rising edge-triggered cell FDRE clocked by clk_200m_mmcm  {rise@0.000ns fall@2.500ns period=5.000ns})
  Destination:            jtag_master/inst/jtag_axi_engine_u/tx_fifo_i/inst_fifo_gen/gconvfifo.rf/grf.rf/gntv_or_sync_fifo.gcx.clkx/rd_pntr_cdc_inst/dest_graysync_ff_reg[0][7]/D
  Path Group:             **default**
  Path Type:              Setup (Max at Slow Process Corner)
  Requirement:            5.000ns  (MaxDelay Path 5.000ns)
  Data Path Delay:        0.327ns  (logic 0.115ns (35.168%)  route 0.212ns (64.832%))
  Logic Levels:           0  
  Timing Exception:       MaxDelay Path 5.000ns -datapath_only

    Location             Delay type                Incr(ns)  Path(ns)    Netlist Resource(s)
  -------------------------------------------------------------------    -------------------
                                                      0.000     0.000 r  jtag_master/inst/jtag_axi_engine_u/tx_fifo_i/inst_fifo_gen/gconvfifo.rf/grf.rf/gntv_or_sync_fifo.gcx.clkx/rd_pntr_cdc_inst/src_gray_ff_reg[7]/C
                         FDRE (Prop_FDRE_C_Q)         0.115     0.115 r  jtag_master/inst/jtag_axi_engine_u/tx_fifo_i/inst_fifo_gen/gconvfifo.rf/grf.rf/gntv_or_sync_fifo.gcx.clkx/rd_pntr_cdc_inst/src_gray_ff_reg[7]/Q
                         net (fo=1, unplaced)         0.212     0.327    jtag_master/inst/jtag_axi_engine_u/tx_fifo_i/inst_fifo_gen/gconvfifo.rf/grf.rf/gntv_or_sync_fifo.gcx.clkx/rd_pntr_cdc_inst/async_path[7]
                         FDRE                                         r  jtag_master/inst/jtag_axi_engine_u/tx_fifo_i/inst_fifo_gen/gconvfifo.rf/grf.rf/gntv_or_sync_fifo.gcx.clkx/rd_pntr_cdc_inst/dest_graysync_ff_reg[0][7]/D
  -------------------------------------------------------------------    -------------------

                         max delay                    5.000     5.000    
                         FDRE (Setup_fdre_C_D)        0.059     5.059    jtag_master/inst/jtag_axi_engine_u/tx_fifo_i/inst_fifo_gen/gconvfifo.rf/grf.rf/gntv_or_sync_fifo.gcx.clkx/rd_pntr_cdc_inst/dest_graysync_ff_reg[0][7]
  -------------------------------------------------------------------
                         required time                          5.059    
                         arrival time                          -0.327    
  -------------------------------------------------------------------
                         slack                                  4.732    





