Copyright 1986-2021 Xilinx, Inc. All Rights Reserved.
--------------------------------------------------------------------------------------------------------------------------------------------------------------------------
| Tool Version      : Vivado v.2021.2 (win64) Build 3367213 Tue Oct 19 02:48:09 MDT 2021
| Date              : Sat Sep 26 19:33:43 2026
| Host              : REDACTED_HOST running 64-bit major release  (build 9200)
| Command           : report_bus_skew -file {E:/Workspace/CNS2FPGA/code/15_Runtime Reconfigurable Deployment/reports/runtime_jtag_200mhz/post_route_explore_bus_skew.rpt}
| Design            : cns2fpga_axku115_jtag_top
| Device            : xcku115-flva1517
| Speed File        : -2  PRODUCTION 1.26 12-04-2018
| Temperature Grade : I
--------------------------------------------------------------------------------------------------------------------------------------------------------------------------

Bus Skew Report

Table of Contents
-----------------
1. Bus Skew Report Summary
2. Bus Skew Report Per Constraint

1. Bus Skew Report Summary
--------------------------

Id  Position  From                            To                              Corner  Requirement(ns)  Actual(ns)  Slack(ns)
--  --------  ------------------------------  ------------------------------  ------  ---------------  ----------  ---------
1   14        [get_cells [list {jtag_master/inst/jtag_axi_engine_u/rx_fifo_i/inst_fifo_gen/gconvfifo.rf/grf.rf/gntv_or_sync_fifo.gcx.clkx/rd_pntr_cdc_inst/src_gray_ff_reg[0]} {jtag_master/inst/jtag_axi_engine_u/rx_fifo_i/inst_fifo_gen/gconvfifo.rf/grf.rf/gntv_or_sync_fifo.gcx.clkx/rd_pntr_cdc_inst/src_gray_ff_reg[1]} {jtag_master/inst/jtag_axi_engine_u/rx_fifo_i/inst_fifo_gen/gconvfifo.rf/grf.rf/gntv_or_sync_fifo.gcx.clkx/rd_pntr_cdc_inst/src_gray_ff_reg[2]} {jtag_master/inst/jtag_axi_engine_u/rx_fifo_i/inst_fifo_gen/gconvfifo.rf/grf.rf/gntv_or_sync_fifo.gcx.clkx/rd_pntr_cdc_inst/src_gray_ff_reg[3]} {jtag_master/inst/jtag_axi_engine_u/rx_fifo_i/inst_fifo_gen/gconvfifo.rf/grf.rf/gntv_or_sync_fifo.gcx.clkx/rd_pntr_cdc_inst/src_gray_ff_reg[4]} {jtag_master/inst/jtag_axi_engine_u/rx_fifo_i/inst_fifo_gen/gconvfifo.rf/grf.rf/gntv_or_sync_fifo.gcx.clkx/rd_pntr_cdc_inst/src_gray_ff_reg[5]} {jtag_master/inst/jtag_axi_engine_u/rx_fifo_i/inst_fifo_gen/gconvfifo.rf/grf.rf/gntv_or_sync_fifo.gcx.clkx/rd_pntr_cdc_inst/src_gray_ff_reg[6]} {jtag_master/inst/jtag_axi_engine_u/rx_fifo_i/inst_fifo_gen/gconvfifo.rf/grf.rf/gntv_or_sync_fifo.gcx.clkx/rd_pntr_cdc_inst/src_gray_ff_reg[7]}]]
                                              [get_cells [list {jtag_master/inst/jtag_axi_engine_u/rx_fifo_i/inst_fifo_gen/gconvfifo.rf/grf.rf/gntv_or_sync_fifo.gcx.clkx/rd_pntr_cdc_inst/dest_graysync_ff_reg[0][0]} {jtag_master/inst/jtag_axi_engine_u/rx_fifo_i/inst_fifo_gen/gconvfifo.rf/grf.rf/gntv_or_sync_fifo.gcx.clkx/rd_pntr_cdc_inst/dest_graysync_ff_reg[0][1]} {jtag_master/inst/jtag_axi_engine_u/rx_fifo_i/inst_fifo_gen/gconvfifo.rf/grf.rf/gntv_or_sync_fifo.gcx.clkx/rd_pntr_cdc_inst/dest_graysync_ff_reg[0][2]} {jtag_master/inst/jtag_axi_engine_u/rx_fifo_i/inst_fifo_gen/gconvfifo.rf/grf.rf/gntv_or_sync_fifo.gcx.clkx/rd_pntr_cdc_inst/dest_graysync_ff_reg[0][3]} {jtag_master/inst/jtag_axi_engine_u/rx_fifo_i/inst_fifo_gen/gconvfifo.rf/grf.rf/gntv_or_sync_fifo.gcx.clkx/rd_pntr_cdc_inst/dest_graysync_ff_reg[0][4]} {jtag_master/inst/jtag_axi_engine_u/rx_fifo_i/inst_fifo_gen/gconvfifo.rf/grf.rf/gntv_or_sync_fifo.gcx.clkx/rd_pntr_cdc_inst/dest_graysync_ff_reg[0][5]} {jtag_master/inst/jtag_axi_engine_u/rx_fifo_i/inst_fifo_gen/gconvfifo.rf/grf.rf/gntv_or_sync_fifo.gcx.clkx/rd_pntr_cdc_inst/dest_graysync_ff_reg[0][6]} {jtag_master/inst/jtag_axi_engine_u/rx_fifo_i/inst_fifo_gen/gconvfifo.rf/grf.rf/gntv_or_sync_fifo.gcx.clkx/rd_pntr_cdc_inst/dest_graysync_ff_reg[0][7]}]]
                                                                              Slow              5.000       1.226      3.774
2   16        [get_cells [list {jtag_master/inst/jtag_axi_engine_u/tx_fifo_i/inst_fifo_gen/gconvfifo.rf/grf.rf/gntv_or_sync_fifo.gcx.clkx/wr_pntr_cdc_inst/src_gray_ff_reg[0]} {jtag_master/inst/jtag_axi_engine_u/tx_fifo_i/inst_fifo_gen/gconvfifo.rf/grf.rf/gntv_or_sync_fifo.gcx.clkx/wr_pntr_cdc_inst/src_gray_ff_reg[1]} {jtag_master/inst/jtag_axi_engine_u/tx_fifo_i/inst_fifo_gen/gconvfifo.rf/grf.rf/gntv_or_sync_fifo.gcx.clkx/wr_pntr_cdc_inst/src_gray_ff_reg[2]} {jtag_master/inst/jtag_axi_engine_u/tx_fifo_i/inst_fifo_gen/gconvfifo.rf/grf.rf/gntv_or_sync_fifo.gcx.clkx/wr_pntr_cdc_inst/src_gray_ff_reg[3]} {jtag_master/inst/jtag_axi_engine_u/tx_fifo_i/inst_fifo_gen/gconvfifo.rf/grf.rf/gntv_or_sync_fifo.gcx.clkx/wr_pntr_cdc_inst/src_gray_ff_reg[4]} {jtag_master/inst/jtag_axi_engine_u/tx_fifo_i/inst_fifo_gen/gconvfifo.rf/grf.rf/gntv_or_sync_fifo.gcx.clkx/wr_pntr_cdc_inst/src_gray_ff_reg[5]} {jtag_master/inst/jtag_axi_engine_u/tx_fifo_i/inst_fifo_gen/gconvfifo.rf/grf.rf/gntv_or_sync_fifo.gcx.clkx/wr_pntr_cdc_inst/src_gray_ff_reg[6]} {jtag_master/inst/jtag_axi_engine_u/tx_fifo_i/inst_fifo_gen/gconvfifo.rf/grf.rf/gntv_or_sync_fifo.gcx.clkx/wr_pntr_cdc_inst/src_gray_ff_reg[7]}]]
                                              [get_cells [list {jtag_master/inst/jtag_axi_engine_u/tx_fifo_i/inst_fifo_gen/gconvfifo.rf/grf.rf/gntv_or_sync_fifo.gcx.clkx/wr_pntr_cdc_inst/dest_graysync_ff_reg[0][0]} {jtag_master/inst/jtag_axi_engine_u/tx_fifo_i/inst_fifo_gen/gconvfifo.rf/grf.rf/gntv_or_sync_fifo.gcx.clkx/wr_pntr_cdc_inst/dest_graysync_ff_reg[0][1]} {jtag_master/inst/jtag_axi_engine_u/tx_fifo_i/inst_fifo_gen/gconvfifo.rf/grf.rf/gntv_or_sync_fifo.gcx.clkx/wr_pntr_cdc_inst/dest_graysync_ff_reg[0][2]} {jtag_master/inst/jtag_axi_engine_u/tx_fifo_i/inst_fifo_gen/gconvfifo.rf/grf.rf/gntv_or_sync_fifo.gcx.clkx/wr_pntr_cdc_inst/dest_graysync_ff_reg[0][3]} {jtag_master/inst/jtag_axi_engine_u/tx_fifo_i/inst_fifo_gen/gconvfifo.rf/grf.rf/gntv_or_sync_fifo.gcx.clkx/wr_pntr_cdc_inst/dest_graysync_ff_reg[0][4]} {jtag_master/inst/jtag_axi_engine_u/tx_fifo_i/inst_fifo_gen/gconvfifo.rf/grf.rf/gntv_or_sync_fifo.gcx.clkx/wr_pntr_cdc_inst/dest_graysync_ff_reg[0][5]} {jtag_master/inst/jtag_axi_engine_u/tx_fifo_i/inst_fifo_gen/gconvfifo.rf/grf.rf/gntv_or_sync_fifo.gcx.clkx/wr_pntr_cdc_inst/dest_graysync_ff_reg[0][6]} {jtag_master/inst/jtag_axi_engine_u/tx_fifo_i/inst_fifo_gen/gconvfifo.rf/grf.rf/gntv_or_sync_fifo.gcx.clkx/wr_pntr_cdc_inst/dest_graysync_ff_reg[0][7]}]]
                                                                              Slow              5.000       0.586      4.414
3   18        [get_cells [list {jtag_master/inst/jtag_axi_engine_u/tx_fifo_i/inst_fifo_gen/gconvfifo.rf/grf.rf/gntv_or_sync_fifo.gcx.clkx/rd_pntr_cdc_inst/src_gray_ff_reg[0]} {jtag_master/inst/jtag_axi_engine_u/tx_fifo_i/inst_fifo_gen/gconvfifo.rf/grf.rf/gntv_or_sync_fifo.gcx.clkx/rd_pntr_cdc_inst/src_gray_ff_reg[1]} {jtag_master/inst/jtag_axi_engine_u/tx_fifo_i/inst_fifo_gen/gconvfifo.rf/grf.rf/gntv_or_sync_fifo.gcx.clkx/rd_pntr_cdc_inst/src_gray_ff_reg[2]} {jtag_master/inst/jtag_axi_engine_u/tx_fifo_i/inst_fifo_gen/gconvfifo.rf/grf.rf/gntv_or_sync_fifo.gcx.clkx/rd_pntr_cdc_inst/src_gray_ff_reg[3]} {jtag_master/inst/jtag_axi_engine_u/tx_fifo_i/inst_fifo_gen/gconvfifo.rf/grf.rf/gntv_or_sync_fifo.gcx.clkx/rd_pntr_cdc_inst/src_gray_ff_reg[4]} {jtag_master/inst/jtag_axi_engine_u/tx_fifo_i/inst_fifo_gen/gconvfifo.rf/grf.rf/gntv_or_sync_fifo.gcx.clkx/rd_pntr_cdc_inst/src_gray_ff_reg[5]} {jtag_master/inst/jtag_axi_engine_u/tx_fifo_i/inst_fifo_gen/gconvfifo.rf/grf.rf/gntv_or_sync_fifo.gcx.clkx/rd_pntr_cdc_inst/src_gray_ff_reg[6]} {jtag_master/inst/jtag_axi_engine_u/tx_fifo_i/inst_fifo_gen/gconvfifo.rf/grf.rf/gntv_or_sync_fifo.gcx.clkx/rd_pntr_cdc_inst/src_gray_ff_reg[7]}]]
                                              [get_cells [list {jtag_master/inst/jtag_axi_engine_u/tx_fifo_i/inst_fifo_gen/gconvfifo.rf/grf.rf/gntv_or_sync_fifo.gcx.clkx/rd_pntr_cdc_inst/dest_graysync_ff_reg[0][0]} {jtag_master/inst/jtag_axi_engine_u/tx_fifo_i/inst_fifo_gen/gconvfifo.rf/grf.rf/gntv_or_sync_fifo.gcx.clkx/rd_pntr_cdc_inst/dest_graysync_ff_reg[0][1]} {jtag_master/inst/jtag_axi_engine_u/tx_fifo_i/inst_fifo_gen/gconvfifo.rf/grf.rf/gntv_or_sync_fifo.gcx.clkx/rd_pntr_cdc_inst/dest_graysync_ff_reg[0][2]} {jtag_master/inst/jtag_axi_engine_u/tx_fifo_i/inst_fifo_gen/gconvfifo.rf/grf.rf/gntv_or_sync_fifo.gcx.clkx/rd_pntr_cdc_inst/dest_graysync_ff_reg[0][3]} {jtag_master/inst/jtag_axi_engine_u/tx_fifo_i/inst_fifo_gen/gconvfifo.rf/grf.rf/gntv_or_sync_fifo.gcx.clkx/rd_pntr_cdc_inst/dest_graysync_ff_reg[0][4]} {jtag_master/inst/jtag_axi_engine_u/tx_fifo_i/inst_fifo_gen/gconvfifo.rf/grf.rf/gntv_or_sync_fifo.gcx.clkx/rd_pntr_cdc_inst/dest_graysync_ff_reg[0][5]} {jtag_master/inst/jtag_axi_engine_u/tx_fifo_i/inst_fifo_gen/gconvfifo.rf/grf.rf/gntv_or_sync_fifo.gcx.clkx/rd_pntr_cdc_inst/dest_graysync_ff_reg[0][6]} {jtag_master/inst/jtag_axi_engine_u/tx_fifo_i/inst_fifo_gen/gconvfifo.rf/grf.rf/gntv_or_sync_fifo.gcx.clkx/rd_pntr_cdc_inst/dest_graysync_ff_reg[0][7]}]]
                                                                              Slow              5.000       0.478      4.522
4   20        [get_cells [list {jtag_master/inst/jtag_axi_engine_u/rx_fifo_i/inst_fifo_gen/gconvfifo.rf/grf.rf/gntv_or_sync_fifo.gcx.clkx/wr_pntr_cdc_inst/src_gray_ff_reg[0]} {jtag_master/inst/jtag_axi_engine_u/rx_fifo_i/inst_fifo_gen/gconvfifo.rf/grf.rf/gntv_or_sync_fifo.gcx.clkx/wr_pntr_cdc_inst/src_gray_ff_reg[1]} {jtag_master/inst/jtag_axi_engine_u/rx_fifo_i/inst_fifo_gen/gconvfifo.rf/grf.rf/gntv_or_sync_fifo.gcx.clkx/wr_pntr_cdc_inst/src_gray_ff_reg[2]} {jtag_master/inst/jtag_axi_engine_u/rx_fifo_i/inst_fifo_gen/gconvfifo.rf/grf.rf/gntv_or_sync_fifo.gcx.clkx/wr_pntr_cdc_inst/src_gray_ff_reg[3]} {jtag_master/inst/jtag_axi_engine_u/rx_fifo_i/inst_fifo_gen/gconvfifo.rf/grf.rf/gntv_or_sync_fifo.gcx.clkx/wr_pntr_cdc_inst/src_gray_ff_reg[4]} {jtag_master/inst/jtag_axi_engine_u/rx_fifo_i/inst_fifo_gen/gconvfifo.rf/grf.rf/gntv_or_sync_fifo.gcx.clkx/wr_pntr_cdc_inst/src_gray_ff_reg[5]} {jtag_master/inst/jtag_axi_engine_u/rx_fifo_i/inst_fifo_gen/gconvfifo.rf/grf.rf/gntv_or_sync_fifo.gcx.clkx/wr_pntr_cdc_inst/src_gray_ff_reg[6]} {jtag_master/inst/jtag_axi_engine_u/rx_fifo_i/inst_fifo_gen/gconvfifo.rf/grf.rf/gntv_or_sync_fifo.gcx.clkx/wr_pntr_cdc_inst/src_gray_ff_reg[7]}]]
                                              [get_cells [list {jtag_master/inst/jtag_axi_engine_u/rx_fifo_i/inst_fifo_gen/gconvfifo.rf/grf.rf/gntv_or_sync_fifo.gcx.clkx/wr_pntr_cdc_inst/dest_graysync_ff_reg[0][0]} {jtag_master/inst/jtag_axi_engine_u/rx_fifo_i/inst_fifo_gen/gconvfifo.rf/grf.rf/gntv_or_sync_fifo.gcx.clkx/wr_pntr_cdc_inst/dest_graysync_ff_reg[0][1]} {jtag_master/inst/jtag_axi_engine_u/rx_fifo_i/inst_fifo_gen/gconvfifo.rf/grf.rf/gntv_or_sync_fifo.gcx.clkx/wr_pntr_cdc_inst/dest_graysync_ff_reg[0][2]} {jtag_master/inst/jtag_axi_engine_u/rx_fifo_i/inst_fifo_gen/gconvfifo.rf/grf.rf/gntv_or_sync_fifo.gcx.clkx/wr_pntr_cdc_inst/dest_graysync_ff_reg[0][3]} {jtag_master/inst/jtag_axi_engine_u/rx_fifo_i/inst_fifo_gen/gconvfifo.rf/grf.rf/gntv_or_sync_fifo.gcx.clkx/wr_pntr_cdc_inst/dest_graysync_ff_reg[0][4]} {jtag_master/inst/jtag_axi_engine_u/rx_fifo_i/inst_fifo_gen/gconvfifo.rf/grf.rf/gntv_or_sync_fifo.gcx.clkx/wr_pntr_cdc_inst/dest_graysync_ff_reg[0][5]} {jtag_master/inst/jtag_axi_engine_u/rx_fifo_i/inst_fifo_gen/gconvfifo.rf/grf.rf/gntv_or_sync_fifo.gcx.clkx/wr_pntr_cdc_inst/dest_graysync_ff_reg[0][6]} {jtag_master/inst/jtag_axi_engine_u/rx_fifo_i/inst_fifo_gen/gconvfifo.rf/grf.rf/gntv_or_sync_fifo.gcx.clkx/wr_pntr_cdc_inst/dest_graysync_ff_reg[0][7]}]]
                                                                              Slow              5.000       0.599      4.401
5   22        [get_cells [list {jtag_master/inst/jtag_axi_engine_u/rd_cmd_fifo_i/inst_fifo_gen/gconvfifo.rf/grf.rf/gntv_or_sync_fifo.gcx.clkx/rd_pntr_cdc_inst/src_gray_ff_reg[0]} {jtag_master/inst/jtag_axi_engine_u/rd_cmd_fifo_i/inst_fifo_gen/gconvfifo.rf/grf.rf/gntv_or_sync_fifo.gcx.clkx/rd_pntr_cdc_inst/src_gray_ff_reg[1]} {jtag_master/inst/jtag_axi_engine_u/rd_cmd_fifo_i/inst_fifo_gen/gconvfifo.rf/grf.rf/gntv_or_sync_fifo.gcx.clkx/rd_pntr_cdc_inst/src_gray_ff_reg[2]} {jtag_master/inst/jtag_axi_engine_u/rd_cmd_fifo_i/inst_fifo_gen/gconvfifo.rf/grf.rf/gntv_or_sync_fifo.gcx.clkx/rd_pntr_cdc_inst/src_gray_ff_reg[3]}]]
                                              [get_cells [list {jtag_master/inst/jtag_axi_engine_u/rd_cmd_fifo_i/inst_fifo_gen/gconvfifo.rf/grf.rf/gntv_or_sync_fifo.gcx.clkx/rd_pntr_cdc_inst/dest_graysync_ff_reg[0][0]} {jtag_master/inst/jtag_axi_engine_u/rd_cmd_fifo_i/inst_fifo_gen/gconvfifo.rf/grf.rf/gntv_or_sync_fifo.gcx.clkx/rd_pntr_cdc_inst/dest_graysync_ff_reg[0][1]} {jtag_master/inst/jtag_axi_engine_u/rd_cmd_fifo_i/inst_fifo_gen/gconvfifo.rf/grf.rf/gntv_or_sync_fifo.gcx.clkx/rd_pntr_cdc_inst/dest_graysync_ff_reg[0][2]} {jtag_master/inst/jtag_axi_engine_u/rd_cmd_fifo_i/inst_fifo_gen/gconvfifo.rf/grf.rf/gntv_or_sync_fifo.gcx.clkx/rd_pntr_cdc_inst/dest_graysync_ff_reg[0][3]}]]
                                                                              Slow              5.000       0.378      4.622
6   24        [get_cells [list {jtag_master/inst/jtag_axi_engine_u/wr_cmd_fifo_i/inst_fifo_gen/gconvfifo.rf/grf.rf/gntv_or_sync_fifo.gcx.clkx/wr_pntr_cdc_inst/src_gray_ff_reg[0]} {jtag_master/inst/jtag_axi_engine_u/wr_cmd_fifo_i/inst_fifo_gen/gconvfifo.rf/grf.rf/gntv_or_sync_fifo.gcx.clkx/wr_pntr_cdc_inst/src_gray_ff_reg[1]} {jtag_master/inst/jtag_axi_engine_u/wr_cmd_fifo_i/inst_fifo_gen/gconvfifo.rf/grf.rf/gntv_or_sync_fifo.gcx.clkx/wr_pntr_cdc_inst/src_gray_ff_reg[2]} {jtag_master/inst/jtag_axi_engine_u/wr_cmd_fifo_i/inst_fifo_gen/gconvfifo.rf/grf.rf/gntv_or_sync_fifo.gcx.clkx/wr_pntr_cdc_inst/src_gray_ff_reg[3]}]]
                                              [get_cells [list {jtag_master/inst/jtag_axi_engine_u/wr_cmd_fifo_i/inst_fifo_gen/gconvfifo.rf/grf.rf/gntv_or_sync_fifo.gcx.clkx/wr_pntr_cdc_inst/dest_graysync_ff_reg[0][0]} {jtag_master/inst/jtag_axi_engine_u/wr_cmd_fifo_i/inst_fifo_gen/gconvfifo.rf/grf.rf/gntv_or_sync_fifo.gcx.clkx/wr_pntr_cdc_inst/dest_graysync_ff_reg[0][1]} {jtag_master/inst/jtag_axi_engine_u/wr_cmd_fifo_i/inst_fifo_gen/gconvfifo.rf/grf.rf/gntv_or_sync_fifo.gcx.clkx/wr_pntr_cdc_inst/dest_graysync_ff_reg[0][2]} {jtag_master/inst/jtag_axi_engine_u/wr_cmd_fifo_i/inst_fifo_gen/gconvfifo.rf/grf.rf/gntv_or_sync_fifo.gcx.clkx/wr_pntr_cdc_inst/dest_graysync_ff_reg[0][3]}]]
                                                                              Slow              5.000       0.617      4.383
7   26        [get_cells [list {jtag_master/inst/jtag_axi_engine_u/wr_cmd_fifo_i/inst_fifo_gen/gconvfifo.rf/grf.rf/gntv_or_sync_fifo.gcx.clkx/rd_pntr_cdc_inst/src_gray_ff_reg[0]} {jtag_master/inst/jtag_axi_engine_u/wr_cmd_fifo_i/inst_fifo_gen/gconvfifo.rf/grf.rf/gntv_or_sync_fifo.gcx.clkx/rd_pntr_cdc_inst/src_gray_ff_reg[1]} {jtag_master/inst/jtag_axi_engine_u/wr_cmd_fifo_i/inst_fifo_gen/gconvfifo.rf/grf.rf/gntv_or_sync_fifo.gcx.clkx/rd_pntr_cdc_inst/src_gray_ff_reg[2]} {jtag_master/inst/jtag_axi_engine_u/wr_cmd_fifo_i/inst_fifo_gen/gconvfifo.rf/grf.rf/gntv_or_sync_fifo.gcx.clkx/rd_pntr_cdc_inst/src_gray_ff_reg[3]}]]
                                              [get_cells [list {jtag_master/inst/jtag_axi_engine_u/wr_cmd_fifo_i/inst_fifo_gen/gconvfifo.rf/grf.rf/gntv_or_sync_fifo.gcx.clkx/rd_pntr_cdc_inst/dest_graysync_ff_reg[0][0]} {jtag_master/inst/jtag_axi_engine_u/wr_cmd_fifo_i/inst_fifo_gen/gconvfifo.rf/grf.rf/gntv_or_sync_fifo.gcx.clkx/rd_pntr_cdc_inst/dest_graysync_ff_reg[0][1]} {jtag_master/inst/jtag_axi_engine_u/wr_cmd_fifo_i/inst_fifo_gen/gconvfifo.rf/grf.rf/gntv_or_sync_fifo.gcx.clkx/rd_pntr_cdc_inst/dest_graysync_ff_reg[0][2]} {jtag_master/inst/jtag_axi_engine_u/wr_cmd_fifo_i/inst_fifo_gen/gconvfifo.rf/grf.rf/gntv_or_sync_fifo.gcx.clkx/rd_pntr_cdc_inst/dest_graysync_ff_reg[0][3]}]]
                                                                              Slow              5.000       0.379      4.621
8   28        [get_cells [list {jtag_master/inst/jtag_axi_engine_u/rd_cmd_fifo_i/inst_fifo_gen/gconvfifo.rf/grf.rf/gntv_or_sync_fifo.gcx.clkx/wr_pntr_cdc_inst/src_gray_ff_reg[0]} {jtag_master/inst/jtag_axi_engine_u/rd_cmd_fifo_i/inst_fifo_gen/gconvfifo.rf/grf.rf/gntv_or_sync_fifo.gcx.clkx/wr_pntr_cdc_inst/src_gray_ff_reg[1]} {jtag_master/inst/jtag_axi_engine_u/rd_cmd_fifo_i/inst_fifo_gen/gconvfifo.rf/grf.rf/gntv_or_sync_fifo.gcx.clkx/wr_pntr_cdc_inst/src_gray_ff_reg[2]} {jtag_master/inst/jtag_axi_engine_u/rd_cmd_fifo_i/inst_fifo_gen/gconvfifo.rf/grf.rf/gntv_or_sync_fifo.gcx.clkx/wr_pntr_cdc_inst/src_gray_ff_reg[3]}]]
                                              [get_cells [list {jtag_master/inst/jtag_axi_engine_u/rd_cmd_fifo_i/inst_fifo_gen/gconvfifo.rf/grf.rf/gntv_or_sync_fifo.gcx.clkx/wr_pntr_cdc_inst/dest_graysync_ff_reg[0][0]} {jtag_master/inst/jtag_axi_engine_u/rd_cmd_fifo_i/inst_fifo_gen/gconvfifo.rf/grf.rf/gntv_or_sync_fifo.gcx.clkx/wr_pntr_cdc_inst/dest_graysync_ff_reg[0][1]} {jtag_master/inst/jtag_axi_engine_u/rd_cmd_fifo_i/inst_fifo_gen/gconvfifo.rf/grf.rf/gntv_or_sync_fifo.gcx.clkx/wr_pntr_cdc_inst/dest_graysync_ff_reg[0][2]} {jtag_master/inst/jtag_axi_engine_u/rd_cmd_fifo_i/inst_fifo_gen/gconvfifo.rf/grf.rf/gntv_or_sync_fifo.gcx.clkx/wr_pntr_cdc_inst/dest_graysync_ff_reg[0][3]}]]
                                                                              Slow              5.000       0.531      4.469
9   32        [get_cells [list {dbg_hub/inst/BSCANID.u_xsdbm_id/CORE_XSDB.UUT_MASTER/U_ICON_INTERFACE/U_CMD6_RD/U_RD_FIFO/SUBCORE_FIFO.xsdbm_v3_0_0_rdfifo_inst/inst_fifo_gen/gconvfifo.rf/grf.rf/gntv_or_sync_fifo.gcx.clkx/gnxpm_cdc.rd_pntr_gc_reg[0]} {dbg_hub/inst/BSCANID.u_xsdbm_id/CORE_XSDB.UUT_MASTER/U_ICON_INTERFACE/U_CMD6_RD/U_RD_FIFO/SUBCORE_FIFO.xsdbm_v3_0_0_rdfifo_inst/inst_fifo_gen/gconvfifo.rf/grf.rf/gntv_or_sync_fifo.gcx.clkx/gnxpm_cdc.rd_pntr_gc_reg[1]} {dbg_hub/inst/BSCANID.u_xsdbm_id/CORE_XSDB.UUT_MASTER/U_ICON_INTERFACE/U_CMD6_RD/U_RD_FIFO/SUBCORE_FIFO.xsdbm_v3_0_0_rdfifo_inst/inst_fifo_gen/gconvfifo.rf/grf.rf/gntv_or_sync_fifo.gcx.clkx/gnxpm_cdc.rd_pntr_gc_reg[2]} {dbg_hub/inst/BSCANID.u_xsdbm_id/CORE_XSDB.UUT_MASTER/U_ICON_INTERFACE/U_CMD6_RD/U_RD_FIFO/SUBCORE_FIFO.xsdbm_v3_0_0_rdfifo_inst/inst_fifo_gen/gconvfifo.rf/grf.rf/gntv_or_sync_fifo.gcx.clkx/gnxpm_cdc.rd_pntr_gc_reg[3]}]]
                                              [get_cells [list {dbg_hub/inst/BSCANID.u_xsdbm_id/CORE_XSDB.UUT_MASTER/U_ICON_INTERFACE/U_CMD6_RD/U_RD_FIFO/SUBCORE_FIFO.xsdbm_v3_0_0_rdfifo_inst/inst_fifo_gen/gconvfifo.rf/grf.rf/gntv_or_sync_fifo.gcx.clkx/gnxpm_cdc.gsync_stage[1].wr_stg_inst/Q_reg_reg[0]} {dbg_hub/inst/BSCANID.u_xsdbm_id/CORE_XSDB.UUT_MASTER/U_ICON_INTERFACE/U_CMD6_RD/U_RD_FIFO/SUBCORE_FIFO.xsdbm_v3_0_0_rdfifo_inst/inst_fifo_gen/gconvfifo.rf/grf.rf/gntv_or_sync_fifo.gcx.clkx/gnxpm_cdc.gsync_stage[1].wr_stg_inst/Q_reg_reg[1]} {dbg_hub/inst/BSCANID.u_xsdbm_id/CORE_XSDB.UUT_MASTER/U_ICON_INTERFACE/U_CMD6_RD/U_RD_FIFO/SUBCORE_FIFO.xsdbm_v3_0_0_rdfifo_inst/inst_fifo_gen/gconvfifo.rf/grf.rf/gntv_or_sync_fifo.gcx.clkx/gnxpm_cdc.gsync_stage[1].wr_stg_inst/Q_reg_reg[2]} {dbg_hub/inst/BSCANID.u_xsdbm_id/CORE_XSDB.UUT_MASTER/U_ICON_INTERFACE/U_CMD6_RD/U_RD_FIFO/SUBCORE_FIFO.xsdbm_v3_0_0_rdfifo_inst/inst_fifo_gen/gconvfifo.rf/grf.rf/gntv_or_sync_fifo.gcx.clkx/gnxpm_cdc.gsync_stage[1].wr_stg_inst/Q_reg_reg[3]}]]
                                                                              Slow              5.000       0.705      4.295
10  34        [get_cells [list {dbg_hub/inst/BSCANID.u_xsdbm_id/CORE_XSDB.UUT_MASTER/U_ICON_INTERFACE/U_CMD6_RD/U_RD_FIFO/SUBCORE_FIFO.xsdbm_v3_0_0_rdfifo_inst/inst_fifo_gen/gconvfifo.rf/grf.rf/gntv_or_sync_fifo.gcx.clkx/gnxpm_cdc.wr_pntr_gc_reg[0]} {dbg_hub/inst/BSCANID.u_xsdbm_id/CORE_XSDB.UUT_MASTER/U_ICON_INTERFACE/U_CMD6_RD/U_RD_FIFO/SUBCORE_FIFO.xsdbm_v3_0_0_rdfifo_inst/inst_fifo_gen/gconvfifo.rf/grf.rf/gntv_or_sync_fifo.gcx.clkx/gnxpm_cdc.wr_pntr_gc_reg[1]} {dbg_hub/inst/BSCANID.u_xsdbm_id/CORE_XSDB.UUT_MASTER/U_ICON_INTERFACE/U_CMD6_RD/U_RD_FIFO/SUBCORE_FIFO.xsdbm_v3_0_0_rdfifo_inst/inst_fifo_gen/gconvfifo.rf/grf.rf/gntv_or_sync_fifo.gcx.clkx/gnxpm_cdc.wr_pntr_gc_reg[2]} {dbg_hub/inst/BSCANID.u_xsdbm_id/CORE_XSDB.UUT_MASTER/U_ICON_INTERFACE/U_CMD6_RD/U_RD_FIFO/SUBCORE_FIFO.xsdbm_v3_0_0_rdfifo_inst/inst_fifo_gen/gconvfifo.rf/grf.rf/gntv_or_sync_fifo.gcx.clkx/gnxpm_cdc.wr_pntr_gc_reg[3]}]]
                                              [get_cells [list {dbg_hub/inst/BSCANID.u_xsdbm_id/CORE_XSDB.UUT_MASTER/U_ICON_INTERFACE/U_CMD6_RD/U_RD_FIFO/SUBCORE_FIFO.xsdbm_v3_0_0_rdfifo_inst/inst_fifo_gen/gconvfifo.rf/grf.rf/gntv_or_sync_fifo.gcx.clkx/gnxpm_cdc.gsync_stage[1].rd_stg_inst/Q_reg_reg[0]} {dbg_hub/inst/BSCANID.u_xsdbm_id/CORE_XSDB.UUT_MASTER/U_ICON_INTERFACE/U_CMD6_RD/U_RD_FIFO/SUBCORE_FIFO.xsdbm_v3_0_0_rdfifo_inst/inst_fifo_gen/gconvfifo.rf/grf.rf/gntv_or_sync_fifo.gcx.clkx/gnxpm_cdc.gsync_stage[1].rd_stg_inst/Q_reg_reg[1]} {dbg_hub/inst/BSCANID.u_xsdbm_id/CORE_XSDB.UUT_MASTER/U_ICON_INTERFACE/U_CMD6_RD/U_RD_FIFO/SUBCORE_FIFO.xsdbm_v3_0_0_rdfifo_inst/inst_fifo_gen/gconvfifo.rf/grf.rf/gntv_or_sync_fifo.gcx.clkx/gnxpm_cdc.gsync_stage[1].rd_stg_inst/Q_reg_reg[2]} {dbg_hub/inst/BSCANID.u_xsdbm_id/CORE_XSDB.UUT_MASTER/U_ICON_INTERFACE/U_CMD6_RD/U_RD_FIFO/SUBCORE_FIFO.xsdbm_v3_0_0_rdfifo_inst/inst_fifo_gen/gconvfifo.rf/grf.rf/gntv_or_sync_fifo.gcx.clkx/gnxpm_cdc.gsync_stage[1].rd_stg_inst/Q_reg_reg[3]}]]
                                                                              Slow              5.000       0.625      4.375
11  37        [get_cells [list {dbg_hub/inst/BSCANID.u_xsdbm_id/CORE_XSDB.UUT_MASTER/U_ICON_INTERFACE/U_CMD6_WR/U_WR_FIFO/SUBCORE_FIFO.xsdbm_v3_0_0_wrfifo_inst/inst_fifo_gen/gconvfifo.rf/grf.rf/gntv_or_sync_fifo.gcx.clkx/gnxpm_cdc.rd_pntr_gc_reg[0]} {dbg_hub/inst/BSCANID.u_xsdbm_id/CORE_XSDB.UUT_MASTER/U_ICON_INTERFACE/U_CMD6_WR/U_WR_FIFO/SUBCORE_FIFO.xsdbm_v3_0_0_wrfifo_inst/inst_fifo_gen/gconvfifo.rf/grf.rf/gntv_or_sync_fifo.gcx.clkx/gnxpm_cdc.rd_pntr_gc_reg[1]} {dbg_hub/inst/BSCANID.u_xsdbm_id/CORE_XSDB.UUT_MASTER/U_ICON_INTERFACE/U_CMD6_WR/U_WR_FIFO/SUBCORE_FIFO.xsdbm_v3_0_0_wrfifo_inst/inst_fifo_gen/gconvfifo.rf/grf.rf/gntv_or_sync_fifo.gcx.clkx/gnxpm_cdc.rd_pntr_gc_reg[2]} {dbg_hub/inst/BSCANID.u_xsdbm_id/CORE_XSDB.UUT_MASTER/U_ICON_INTERFACE/U_CMD6_WR/U_WR_FIFO/SUBCORE_FIFO.xsdbm_v3_0_0_wrfifo_inst/inst_fifo_gen/gconvfifo.rf/grf.rf/gntv_or_sync_fifo.gcx.clkx/gnxpm_cdc.rd_pntr_gc_reg[3]}]]
                                              [get_cells [list {dbg_hub/inst/BSCANID.u_xsdbm_id/CORE_XSDB.UUT_MASTER/U_ICON_INTERFACE/U_CMD6_WR/U_WR_FIFO/SUBCORE_FIFO.xsdbm_v3_0_0_wrfifo_inst/inst_fifo_gen/gconvfifo.rf/grf.rf/gntv_or_sync_fifo.gcx.clkx/gnxpm_cdc.gsync_stage[1].wr_stg_inst/Q_reg_reg[0]} {dbg_hub/inst/BSCANID.u_xsdbm_id/CORE_XSDB.UUT_MASTER/U_ICON_INTERFACE/U_CMD6_WR/U_WR_FIFO/SUBCORE_FIFO.xsdbm_v3_0_0_wrfifo_inst/inst_fifo_gen/gconvfifo.rf/grf.rf/gntv_or_sync_fifo.gcx.clkx/gnxpm_cdc.gsync_stage[1].wr_stg_inst/Q_reg_reg[1]} {dbg_hub/inst/BSCANID.u_xsdbm_id/CORE_XSDB.UUT_MASTER/U_ICON_INTERFACE/U_CMD6_WR/U_WR_FIFO/SUBCORE_FIFO.xsdbm_v3_0_0_wrfifo_inst/inst_fifo_gen/gconvfifo.rf/grf.rf/gntv_or_sync_fifo.gcx.clkx/gnxpm_cdc.gsync_stage[1].wr_stg_inst/Q_reg_reg[2]} {dbg_hub/inst/BSCANID.u_xsdbm_id/CORE_XSDB.UUT_MASTER/U_ICON_INTERFACE/U_CMD6_WR/U_WR_FIFO/SUBCORE_FIFO.xsdbm_v3_0_0_wrfifo_inst/inst_fifo_gen/gconvfifo.rf/grf.rf/gntv_or_sync_fifo.gcx.clkx/gnxpm_cdc.gsync_stage[1].wr_stg_inst/Q_reg_reg[3]}]]
                                                                              Slow              5.000       0.822      4.178
12  39        [get_cells [list {dbg_hub/inst/BSCANID.u_xsdbm_id/CORE_XSDB.UUT_MASTER/U_ICON_INTERFACE/U_CMD6_WR/U_WR_FIFO/SUBCORE_FIFO.xsdbm_v3_0_0_wrfifo_inst/inst_fifo_gen/gconvfifo.rf/grf.rf/gntv_or_sync_fifo.gcx.clkx/gnxpm_cdc.wr_pntr_gc_reg[0]} {dbg_hub/inst/BSCANID.u_xsdbm_id/CORE_XSDB.UUT_MASTER/U_ICON_INTERFACE/U_CMD6_WR/U_WR_FIFO/SUBCORE_FIFO.xsdbm_v3_0_0_wrfifo_inst/inst_fifo_gen/gconvfifo.rf/grf.rf/gntv_or_sync_fifo.gcx.clkx/gnxpm_cdc.wr_pntr_gc_reg[1]} {dbg_hub/inst/BSCANID.u_xsdbm_id/CORE_XSDB.UUT_MASTER/U_ICON_INTERFACE/U_CMD6_WR/U_WR_FIFO/SUBCORE_FIFO.xsdbm_v3_0_0_wrfifo_inst/inst_fifo_gen/gconvfifo.rf/grf.rf/gntv_or_sync_fifo.gcx.clkx/gnxpm_cdc.wr_pntr_gc_reg[2]} {dbg_hub/inst/BSCANID.u_xsdbm_id/CORE_XSDB.UUT_MASTER/U_ICON_INTERFACE/U_CMD6_WR/U_WR_FIFO/SUBCORE_FIFO.xsdbm_v3_0_0_wrfifo_inst/inst_fifo_gen/gconvfifo.rf/grf.rf/gntv_or_sync_fifo.gcx.clkx/gnxpm_cdc.wr_pntr_gc_reg[3]}]]
                                              [get_cells [list {dbg_hub/inst/BSCANID.u_xsdbm_id/CORE_XSDB.UUT_MASTER/U_ICON_INTERFACE/U_CMD6_WR/U_WR_FIFO/SUBCORE_FIFO.xsdbm_v3_0_0_wrfifo_inst/inst_fifo_gen/gconvfifo.rf/grf.rf/gntv_or_sync_fifo.gcx.clkx/gnxpm_cdc.gsync_stage[1].rd_stg_inst/Q_reg_reg[0]} {dbg_hub/inst/BSCANID.u_xsdbm_id/CORE_XSDB.UUT_MASTER/U_ICON_INTERFACE/U_CMD6_WR/U_WR_FIFO/SUBCORE_FIFO.xsdbm_v3_0_0_wrfifo_inst/inst_fifo_gen/gconvfifo.rf/grf.rf/gntv_or_sync_fifo.gcx.clkx/gnxpm_cdc.gsync_stage[1].rd_stg_inst/Q_reg_reg[1]} {dbg_hub/inst/BSCANID.u_xsdbm_id/CORE_XSDB.UUT_MASTER/U_ICON_INTERFACE/U_CMD6_WR/U_WR_FIFO/SUBCORE_FIFO.xsdbm_v3_0_0_wrfifo_inst/inst_fifo_gen/gconvfifo.rf/grf.rf/gntv_or_sync_fifo.gcx.clkx/gnxpm_cdc.gsync_stage[1].rd_stg_inst/Q_reg_reg[2]} {dbg_hub/inst/BSCANID.u_xsdbm_id/CORE_XSDB.UUT_MASTER/U_ICON_INTERFACE/U_CMD6_WR/U_WR_FIFO/SUBCORE_FIFO.xsdbm_v3_0_0_wrfifo_inst/inst_fifo_gen/gconvfifo.rf/grf.rf/gntv_or_sync_fifo.gcx.clkx/gnxpm_cdc.gsync_stage[1].rd_stg_inst/Q_reg_reg[3]}]]
                                                                              Slow              5.000       0.687      4.313


2. Bus Skew Report Per Constraint
---------------------------------

Id: 1
set_bus_skew -from [get_cells [list {jtag_master/inst/jtag_axi_engine_u/rx_fifo_i/inst_fifo_gen/gconvfifo.rf/grf.rf/gntv_or_sync_fifo.gcx.clkx/rd_pntr_cdc_inst/src_gray_ff_reg[0]} {jtag_master/inst/jtag_axi_engine_u/rx_fifo_i/inst_fifo_gen/gconvfifo.rf/grf.rf/gntv_or_sync_fifo.gcx.clkx/rd_pntr_cdc_inst/src_gray_ff_reg[1]} {jtag_master/inst/jtag_axi_engine_u/rx_fifo_i/inst_fifo_gen/gconvfifo.rf/grf.rf/gntv_or_sync_fifo.gcx.clkx/rd_pntr_cdc_inst/src_gray_ff_reg[2]} {jtag_master/inst/jtag_axi_engine_u/rx_fifo_i/inst_fifo_gen/gconvfifo.rf/grf.rf/gntv_or_sync_fifo.gcx.clkx/rd_pntr_cdc_inst/src_gray_ff_reg[3]} {jtag_master/inst/jtag_axi_engine_u/rx_fifo_i/inst_fifo_gen/gconvfifo.rf/grf.rf/gntv_or_sync_fifo.gcx.clkx/rd_pntr_cdc_inst/src_gray_ff_reg[4]} {jtag_master/inst/jtag_axi_engine_u/rx_fifo_i/inst_fifo_gen/gconvfifo.rf/grf.rf/gntv_or_sync_fifo.gcx.clkx/rd_pntr_cdc_inst/src_gray_ff_reg[5]} {jtag_master/inst/jtag_axi_engine_u/rx_fifo_i/inst_fifo_gen/gconvfifo.rf/grf.rf/gntv_or_sync_fifo.gcx.clkx/rd_pntr_cdc_inst/src_gray_ff_reg[6]} {jtag_master/inst/jtag_axi_engine_u/rx_fifo_i/inst_fifo_gen/gconvfifo.rf/grf.rf/gntv_or_sync_fifo.gcx.clkx/rd_pntr_cdc_inst/src_gray_ff_reg[7]}]] -to [get_cells [list {jtag_master/inst/jtag_axi_engine_u/rx_fifo_i/inst_fifo_gen/gconvfifo.rf/grf.rf/gntv_or_sync_fifo.gcx.clkx/rd_pntr_cdc_inst/dest_graysync_ff_reg[0][0]} {jtag_master/inst/jtag_axi_engine_u/rx_fifo_i/inst_fifo_gen/gconvfifo.rf/grf.rf/gntv_or_sync_fifo.gcx.clkx/rd_pntr_cdc_inst/dest_graysync_ff_reg[0][1]} {jtag_master/inst/jtag_axi_engine_u/rx_fifo_i/inst_fifo_gen/gconvfifo.rf/grf.rf/gntv_or_sync_fifo.gcx.clkx/rd_pntr_cdc_inst/dest_graysync_ff_reg[0][2]} {jtag_master/inst/jtag_axi_engine_u/rx_fifo_i/inst_fifo_gen/gconvfifo.rf/grf.rf/gntv_or_sync_fifo.gcx.clkx/rd_pntr_cdc_inst/dest_graysync_ff_reg[0][3]} {jtag_master/inst/jtag_axi_engine_u/rx_fifo_i/inst_fifo_gen/gconvfifo.rf/grf.rf/gntv_or_sync_fifo.gcx.clkx/rd_pntr_cdc_inst/dest_graysync_ff_reg[0][4]} {jtag_master/inst/jtag_axi_engine_u/rx_fifo_i/inst_fifo_gen/gconvfifo.rf/grf.rf/gntv_or_sync_fifo.gcx.clkx/rd_pntr_cdc_inst/dest_graysync_ff_reg[0][5]} {jtag_master/inst/jtag_axi_engine_u/rx_fifo_i/inst_fifo_gen/gconvfifo.rf/grf.rf/gntv_or_sync_fifo.gcx.clkx/rd_pntr_cdc_inst/dest_graysync_ff_reg[0][6]} {jtag_master/inst/jtag_axi_engine_u/rx_fifo_i/inst_fifo_gen/gconvfifo.rf/grf.rf/gntv_or_sync_fifo.gcx.clkx/rd_pntr_cdc_inst/dest_graysync_ff_reg[0][7]}]] 5.000
Requirement: 5.000ns
Endpoints: 8

From Clock            To Clock              Endpoint Pin                    Reference Pin                   Corner  Actual(ns)  Slack(ns)
--------------------  --------------------  ------------------------------  ------------------------------  ------  ----------  ---------
clk_200m_mmcm         clk_200m_mmcm         jtag_master/inst/jtag_axi_engine_u/rx_fifo_i/inst_fifo_gen/gconvfifo.rf/grf.rf/gntv_or_sync_fifo.gcx.clkx/rd_pntr_cdc_inst/dest_graysync_ff_reg[0][4]/D
                                                                            jtag_master/inst/jtag_axi_engine_u/rx_fifo_i/inst_fifo_gen/gconvfifo.rf/grf.rf/gntv_or_sync_fifo.gcx.clkx/rd_pntr_cdc_inst/dest_graysync_ff_reg[0][2]/D
                                                                                                            Slow         1.226      3.774


Slack (MET) :             3.774ns  (requirement - actual skew)
  Endpoint Source:        jtag_master/inst/jtag_axi_engine_u/rx_fifo_i/inst_fifo_gen/gconvfifo.rf/grf.rf/gntv_or_sync_fifo.gcx.clkx/rd_pntr_cdc_inst/src_gray_ff_reg[4]/C
                            (rising edge-triggered cell FDRE clocked by clk_200m_mmcm)
  Endpoint Destination:   jtag_master/inst/jtag_axi_engine_u/rx_fifo_i/inst_fifo_gen/gconvfifo.rf/grf.rf/gntv_or_sync_fifo.gcx.clkx/rd_pntr_cdc_inst/dest_graysync_ff_reg[0][4]/D
                            (rising edge-triggered cell FDRE clocked by clk_200m_mmcm)
  Reference Source:       jtag_master/inst/jtag_axi_engine_u/rx_fifo_i/inst_fifo_gen/gconvfifo.rf/grf.rf/gntv_or_sync_fifo.gcx.clkx/rd_pntr_cdc_inst/src_gray_ff_reg[2]/C
                            (rising edge-triggered cell FDRE clocked by clk_200m_mmcm)
  Reference Destination:  jtag_master/inst/jtag_axi_engine_u/rx_fifo_i/inst_fifo_gen/gconvfifo.rf/grf.rf/gntv_or_sync_fifo.gcx.clkx/rd_pntr_cdc_inst/dest_graysync_ff_reg[0][2]/D
                            (rising edge-triggered cell FDRE clocked by clk_200m_mmcm)
  Path Type:              Bus Skew (Max at Slow Process Corner)
  Requirement:            5.000ns
  Endpoint Relative Delay:    1.372ns
  Reference Relative Delay:   0.191ns
  Relative CRPR:              0.000ns
  Uncertainty:                0.045ns
  Actual Bus Skew:            1.226ns  (Endpoint Relative Delay - Reference Relative Delay - Relative CRPR + Uncertainty)

Endpoint path:
    Location             Delay type                Incr(ns)  Path(ns)    Netlist Resource(s)
  -------------------------------------------------------------------    -------------------
                         (clock clk_200m_mmcm rise edge)
                                                      0.000     0.000 r  
    AL14                                              0.000     0.000 r  clk_50m (IN)
                         net (fo=0)                   0.000     0.000    clock_input_buffer/I
    AL14                 INBUF (Prop_INBUF_HRIO_PAD_O)
                                                      0.922     0.922 r  clock_input_buffer/INBUF_INST/O
                         net (fo=1, routed)           0.092     1.014    clock_input_buffer/OUT
    AL14                 IBUFCTRL (Prop_IBUFCTRL_HRIO_I_O)
                                                      0.043     1.057 r  clock_input_buffer/IBUFCTRL_INST/O
                         net (fo=1, routed)           0.865     1.922    clk_50m_ibuf
    MMCME3_ADV_X2Y1      MMCME3_ADV (Prop_MMCME3_ADV_CLKIN1_CLKOUT0)
                                                     -5.587    -3.665 r  clock_manager/CLKOUT0
                         net (fo=1, routed)           0.437    -3.228    clk_200m_mmcm
    BUFGCE_X2Y26         BUFGCE (Prop_BUFCE_BUFGCE_I_O)
                                                      0.083    -3.145 r  system_clock_buffer/O
    X2Y2 (CLOCK_ROOT)    net (fo=27140, routed)       2.814    -0.331    jtag_master/inst/jtag_axi_engine_u/rx_fifo_i/inst_fifo_gen/gconvfifo.rf/grf.rf/gntv_or_sync_fifo.gcx.clkx/rd_pntr_cdc_inst/src_clk
    SLICE_X50Y236        FDRE                                         r  jtag_master/inst/jtag_axi_engine_u/rx_fifo_i/inst_fifo_gen/gconvfifo.rf/grf.rf/gntv_or_sync_fifo.gcx.clkx/rd_pntr_cdc_inst/src_gray_ff_reg[4]/C
  -------------------------------------------------------------------    -------------------
    SLICE_X50Y236        FDRE (Prop_DFF_SLICEL_C_Q)
                                                      0.114    -0.217 r  jtag_master/inst/jtag_axi_engine_u/rx_fifo_i/inst_fifo_gen/gconvfifo.rf/grf.rf/gntv_or_sync_fifo.gcx.clkx/rd_pntr_cdc_inst/src_gray_ff_reg[4]/Q
                         net (fo=1, routed)           1.225     1.008    jtag_master/inst/jtag_axi_engine_u/rx_fifo_i/inst_fifo_gen/gconvfifo.rf/grf.rf/gntv_or_sync_fifo.gcx.clkx/rd_pntr_cdc_inst/async_path[4]
    SLICE_X50Y235        FDRE                                         r  jtag_master/inst/jtag_axi_engine_u/rx_fifo_i/inst_fifo_gen/gconvfifo.rf/grf.rf/gntv_or_sync_fifo.gcx.clkx/rd_pntr_cdc_inst/dest_graysync_ff_reg[0][4]/D
  -------------------------------------------------------------------    -------------------

                         (clock clk_200m_mmcm rise edge)
                                                      0.000     0.000 r  
    AL14                                              0.000     0.000 r  clk_50m (IN)
                         net (fo=0)                   0.000     0.000    clock_input_buffer/I
    AL14                 INBUF (Prop_INBUF_HRIO_PAD_O)
                                                      0.656     0.656 r  clock_input_buffer/INBUF_INST/O
                         net (fo=1, routed)           0.059     0.715    clock_input_buffer/OUT
    AL14                 IBUFCTRL (Prop_IBUFCTRL_HRIO_I_O)
                                                      0.032     0.747 r  clock_input_buffer/IBUFCTRL_INST/O
                         net (fo=1, routed)           0.778     1.525    clk_50m_ibuf
    MMCME3_ADV_X2Y1      MMCME3_ADV (Prop_MMCME3_ADV_CLKIN1_CLKOUT0)
                                                     -5.289    -3.764 r  clock_manager/CLKOUT0
                         net (fo=1, routed)           0.372    -3.392    clk_200m_mmcm
    BUFGCE_X2Y26         BUFGCE (Prop_BUFCE_BUFGCE_I_O)
                                                      0.075    -3.317 r  system_clock_buffer/O
    X2Y2 (CLOCK_ROOT)    net (fo=27140, routed)       2.484    -0.833    jtag_master/inst/jtag_axi_engine_u/rx_fifo_i/inst_fifo_gen/gconvfifo.rf/grf.rf/gntv_or_sync_fifo.gcx.clkx/rd_pntr_cdc_inst/dest_clk
    SLICE_X50Y235        FDRE                                         r  jtag_master/inst/jtag_axi_engine_u/rx_fifo_i/inst_fifo_gen/gconvfifo.rf/grf.rf/gntv_or_sync_fifo.gcx.clkx/rd_pntr_cdc_inst/dest_graysync_ff_reg[0][4]/C
                         clock pessimism              0.407    -0.426    
    SLICE_X50Y235        FDRE (Setup_DFF2_SLICEL_C_D)
                                                      0.063    -0.363    jtag_master/inst/jtag_axi_engine_u/rx_fifo_i/inst_fifo_gen/gconvfifo.rf/grf.rf/gntv_or_sync_fifo.gcx.clkx/rd_pntr_cdc_inst/dest_graysync_ff_reg[0][4]
  -------------------------------------------------------------------
                         data arrival                           1.008    
                         clock arrival                         -0.363    
  -------------------------------------------------------------------
                         relative delay                         1.372    

Reference path:
    Location             Delay type                Incr(ns)  Path(ns)    Netlist Resource(s)
  -------------------------------------------------------------------    -------------------
                         (clock clk_200m_mmcm rise edge)
                                                      0.000     0.000 r  
    AL14                                              0.000     0.000 r  clk_50m (IN)
                         net (fo=0)                   0.000     0.000    clock_input_buffer/I
    AL14                 INBUF (Prop_INBUF_HRIO_PAD_O)
                                                      0.656     0.656 r  clock_input_buffer/INBUF_INST/O
                         net (fo=1, routed)           0.059     0.715    clock_input_buffer/OUT
    AL14                 IBUFCTRL (Prop_IBUFCTRL_HRIO_I_O)
                                                      0.032     0.747 r  clock_input_buffer/IBUFCTRL_INST/O
                         net (fo=1, routed)           0.778     1.525    clk_50m_ibuf
    MMCME3_ADV_X2Y1      MMCME3_ADV (Prop_MMCME3_ADV_CLKIN1_CLKOUT0)
                                                     -5.289    -3.764 r  clock_manager/CLKOUT0
                         net (fo=1, routed)           0.372    -3.392    clk_200m_mmcm
    BUFGCE_X2Y26         BUFGCE (Prop_BUFCE_BUFGCE_I_O)
                                                      0.075    -3.317 r  system_clock_buffer/O
    X2Y2 (CLOCK_ROOT)    net (fo=27140, routed)       2.496    -0.821    jtag_master/inst/jtag_axi_engine_u/rx_fifo_i/inst_fifo_gen/gconvfifo.rf/grf.rf/gntv_or_sync_fifo.gcx.clkx/rd_pntr_cdc_inst/src_clk
    SLICE_X51Y236        FDRE                                         r  jtag_master/inst/jtag_axi_engine_u/rx_fifo_i/inst_fifo_gen/gconvfifo.rf/grf.rf/gntv_or_sync_fifo.gcx.clkx/rd_pntr_cdc_inst/src_gray_ff_reg[2]/C
  -------------------------------------------------------------------    -------------------
    SLICE_X51Y236        FDRE (Prop_DFF_SLICEL_C_Q)
                                                      0.104    -0.717 r  jtag_master/inst/jtag_axi_engine_u/rx_fifo_i/inst_fifo_gen/gconvfifo.rf/grf.rf/gntv_or_sync_fifo.gcx.clkx/rd_pntr_cdc_inst/src_gray_ff_reg[2]/Q
                         net (fo=1, routed)           0.342    -0.375    jtag_master/inst/jtag_axi_engine_u/rx_fifo_i/inst_fifo_gen/gconvfifo.rf/grf.rf/gntv_or_sync_fifo.gcx.clkx/rd_pntr_cdc_inst/async_path[2]
    SLICE_X50Y234        FDRE                                         r  jtag_master/inst/jtag_axi_engine_u/rx_fifo_i/inst_fifo_gen/gconvfifo.rf/grf.rf/gntv_or_sync_fifo.gcx.clkx/rd_pntr_cdc_inst/dest_graysync_ff_reg[0][2]/D
  -------------------------------------------------------------------    -------------------

                         (clock clk_200m_mmcm rise edge)
                                                      0.000     0.000 r  
    AL14                                              0.000     0.000 r  clk_50m (IN)
                         net (fo=0)                   0.000     0.000    clock_input_buffer/I
    AL14                 INBUF (Prop_INBUF_HRIO_PAD_O)
                                                      0.922     0.922 r  clock_input_buffer/INBUF_INST/O
                         net (fo=1, routed)           0.092     1.014    clock_input_buffer/OUT
    AL14                 IBUFCTRL (Prop_IBUFCTRL_HRIO_I_O)
                                                      0.043     1.057 r  clock_input_buffer/IBUFCTRL_INST/O
                         net (fo=1, routed)           0.865     1.922    clk_50m_ibuf
    MMCME3_ADV_X2Y1      MMCME3_ADV (Prop_MMCME3_ADV_CLKIN1_CLKOUT0)
                                                     -5.587    -3.665 r  clock_manager/CLKOUT0
                         net (fo=1, routed)           0.437    -3.228    clk_200m_mmcm
    BUFGCE_X2Y26         BUFGCE (Prop_BUFCE_BUFGCE_I_O)
                                                      0.083    -3.145 r  system_clock_buffer/O
    X2Y2 (CLOCK_ROOT)    net (fo=27140, routed)       2.814    -0.331    jtag_master/inst/jtag_axi_engine_u/rx_fifo_i/inst_fifo_gen/gconvfifo.rf/grf.rf/gntv_or_sync_fifo.gcx.clkx/rd_pntr_cdc_inst/dest_clk
    SLICE_X50Y234        FDRE                                         r  jtag_master/inst/jtag_axi_engine_u/rx_fifo_i/inst_fifo_gen/gconvfifo.rf/grf.rf/gntv_or_sync_fifo.gcx.clkx/rd_pntr_cdc_inst/dest_graysync_ff_reg[0][2]/C
                         clock pessimism             -0.345    -0.675    
    SLICE_X50Y234        FDRE (Hold_DFF2_SLICEL_C_D)
                                                      0.109    -0.566    jtag_master/inst/jtag_axi_engine_u/rx_fifo_i/inst_fifo_gen/gconvfifo.rf/grf.rf/gntv_or_sync_fifo.gcx.clkx/rd_pntr_cdc_inst/dest_graysync_ff_reg[0][2]
  -------------------------------------------------------------------
                         data arrival                          -0.375    
                         clock arrival                         -0.566    
  -------------------------------------------------------------------
                         relative delay                         0.191    



Id: 2
set_bus_skew -from [get_cells [list {jtag_master/inst/jtag_axi_engine_u/tx_fifo_i/inst_fifo_gen/gconvfifo.rf/grf.rf/gntv_or_sync_fifo.gcx.clkx/wr_pntr_cdc_inst/src_gray_ff_reg[0]} {jtag_master/inst/jtag_axi_engine_u/tx_fifo_i/inst_fifo_gen/gconvfifo.rf/grf.rf/gntv_or_sync_fifo.gcx.clkx/wr_pntr_cdc_inst/src_gray_ff_reg[1]} {jtag_master/inst/jtag_axi_engine_u/tx_fifo_i/inst_fifo_gen/gconvfifo.rf/grf.rf/gntv_or_sync_fifo.gcx.clkx/wr_pntr_cdc_inst/src_gray_ff_reg[2]} {jtag_master/inst/jtag_axi_engine_u/tx_fifo_i/inst_fifo_gen/gconvfifo.rf/grf.rf/gntv_or_sync_fifo.gcx.clkx/wr_pntr_cdc_inst/src_gray_ff_reg[3]} {jtag_master/inst/jtag_axi_engine_u/tx_fifo_i/inst_fifo_gen/gconvfifo.rf/grf.rf/gntv_or_sync_fifo.gcx.clkx/wr_pntr_cdc_inst/src_gray_ff_reg[4]} {jtag_master/inst/jtag_axi_engine_u/tx_fifo_i/inst_fifo_gen/gconvfifo.rf/grf.rf/gntv_or_sync_fifo.gcx.clkx/wr_pntr_cdc_inst/src_gray_ff_reg[5]} {jtag_master/inst/jtag_axi_engine_u/tx_fifo_i/inst_fifo_gen/gconvfifo.rf/grf.rf/gntv_or_sync_fifo.gcx.clkx/wr_pntr_cdc_inst/src_gray_ff_reg[6]} {jtag_master/inst/jtag_axi_engine_u/tx_fifo_i/inst_fifo_gen/gconvfifo.rf/grf.rf/gntv_or_sync_fifo.gcx.clkx/wr_pntr_cdc_inst/src_gray_ff_reg[7]}]] -to [get_cells [list {jtag_master/inst/jtag_axi_engine_u/tx_fifo_i/inst_fifo_gen/gconvfifo.rf/grf.rf/gntv_or_sync_fifo.gcx.clkx/wr_pntr_cdc_inst/dest_graysync_ff_reg[0][0]} {jtag_master/inst/jtag_axi_engine_u/tx_fifo_i/inst_fifo_gen/gconvfifo.rf/grf.rf/gntv_or_sync_fifo.gcx.clkx/wr_pntr_cdc_inst/dest_graysync_ff_reg[0][1]} {jtag_master/inst/jtag_axi_engine_u/tx_fifo_i/inst_fifo_gen/gconvfifo.rf/grf.rf/gntv_or_sync_fifo.gcx.clkx/wr_pntr_cdc_inst/dest_graysync_ff_reg[0][2]} {jtag_master/inst/jtag_axi_engine_u/tx_fifo_i/inst_fifo_gen/gconvfifo.rf/grf.rf/gntv_or_sync_fifo.gcx.clkx/wr_pntr_cdc_inst/dest_graysync_ff_reg[0][3]} {jtag_master/inst/jtag_axi_engine_u/tx_fifo_i/inst_fifo_gen/gconvfifo.rf/grf.rf/gntv_or_sync_fifo.gcx.clkx/wr_pntr_cdc_inst/dest_graysync_ff_reg[0][4]} {jtag_master/inst/jtag_axi_engine_u/tx_fifo_i/inst_fifo_gen/gconvfifo.rf/grf.rf/gntv_or_sync_fifo.gcx.clkx/wr_pntr_cdc_inst/dest_graysync_ff_reg[0][5]} {jtag_master/inst/jtag_axi_engine_u/tx_fifo_i/inst_fifo_gen/gconvfifo.rf/grf.rf/gntv_or_sync_fifo.gcx.clkx/wr_pntr_cdc_inst/dest_graysync_ff_reg[0][6]} {jtag_master/inst/jtag_axi_engine_u/tx_fifo_i/inst_fifo_gen/gconvfifo.rf/grf.rf/gntv_or_sync_fifo.gcx.clkx/wr_pntr_cdc_inst/dest_graysync_ff_reg[0][7]}]] 5.000
Requirement: 5.000ns
Endpoints: 8

From Clock            To Clock              Endpoint Pin                    Reference Pin                   Corner  Actual(ns)  Slack(ns)
--------------------  --------------------  ------------------------------  ------------------------------  ------  ----------  ---------
clk_200m_mmcm         clk_200m_mmcm         jtag_master/inst/jtag_axi_engine_u/tx_fifo_i/inst_fifo_gen/gconvfifo.rf/grf.rf/gntv_or_sync_fifo.gcx.clkx/wr_pntr_cdc_inst/dest_graysync_ff_reg[0][3]/D
                                                                            jtag_master/inst/jtag_axi_engine_u/tx_fifo_i/inst_fifo_gen/gconvfifo.rf/grf.rf/gntv_or_sync_fifo.gcx.clkx/wr_pntr_cdc_inst/dest_graysync_ff_reg[0][5]/D
                                                                                                            Slow         0.586      4.414


Slack (MET) :             4.414ns  (requirement - actual skew)
  Endpoint Source:        jtag_master/inst/jtag_axi_engine_u/tx_fifo_i/inst_fifo_gen/gconvfifo.rf/grf.rf/gntv_or_sync_fifo.gcx.clkx/wr_pntr_cdc_inst/src_gray_ff_reg[3]/C
                            (rising edge-triggered cell FDRE clocked by clk_200m_mmcm)
  Endpoint Destination:   jtag_master/inst/jtag_axi_engine_u/tx_fifo_i/inst_fifo_gen/gconvfifo.rf/grf.rf/gntv_or_sync_fifo.gcx.clkx/wr_pntr_cdc_inst/dest_graysync_ff_reg[0][3]/D
                            (rising edge-triggered cell FDRE clocked by clk_200m_mmcm)
  Reference Source:       jtag_master/inst/jtag_axi_engine_u/tx_fifo_i/inst_fifo_gen/gconvfifo.rf/grf.rf/gntv_or_sync_fifo.gcx.clkx/wr_pntr_cdc_inst/src_gray_ff_reg[5]/C
                            (rising edge-triggered cell FDRE clocked by clk_200m_mmcm)
  Reference Destination:  jtag_master/inst/jtag_axi_engine_u/tx_fifo_i/inst_fifo_gen/gconvfifo.rf/grf.rf/gntv_or_sync_fifo.gcx.clkx/wr_pntr_cdc_inst/dest_graysync_ff_reg[0][5]/D
                            (rising edge-triggered cell FDRE clocked by clk_200m_mmcm)
  Path Type:              Bus Skew (Max at Slow Process Corner)
  Requirement:            5.000ns
  Endpoint Relative Delay:    0.814ns
  Reference Relative Delay:   0.274ns
  Relative CRPR:              0.000ns
  Uncertainty:                0.045ns
  Actual Bus Skew:            0.586ns  (Endpoint Relative Delay - Reference Relative Delay - Relative CRPR + Uncertainty)

Endpoint path:
    Location             Delay type                Incr(ns)  Path(ns)    Netlist Resource(s)
  -------------------------------------------------------------------    -------------------
                         (clock clk_200m_mmcm rise edge)
                                                      0.000     0.000 r  
    AL14                                              0.000     0.000 r  clk_50m (IN)
                         net (fo=0)                   0.000     0.000    clock_input_buffer/I
    AL14                 INBUF (Prop_INBUF_HRIO_PAD_O)
                                                      0.922     0.922 r  clock_input_buffer/INBUF_INST/O
                         net (fo=1, routed)           0.092     1.014    clock_input_buffer/OUT
    AL14                 IBUFCTRL (Prop_IBUFCTRL_HRIO_I_O)
                                                      0.043     1.057 r  clock_input_buffer/IBUFCTRL_INST/O
                         net (fo=1, routed)           0.865     1.922    clk_50m_ibuf
    MMCME3_ADV_X2Y1      MMCME3_ADV (Prop_MMCME3_ADV_CLKIN1_CLKOUT0)
                                                     -5.587    -3.665 r  clock_manager/CLKOUT0
                         net (fo=1, routed)           0.437    -3.228    clk_200m_mmcm
    BUFGCE_X2Y26         BUFGCE (Prop_BUFCE_BUFGCE_I_O)
                                                      0.083    -3.145 r  system_clock_buffer/O
    X2Y2 (CLOCK_ROOT)    net (fo=27140, routed)       3.023    -0.122    jtag_master/inst/jtag_axi_engine_u/tx_fifo_i/inst_fifo_gen/gconvfifo.rf/grf.rf/gntv_or_sync_fifo.gcx.clkx/wr_pntr_cdc_inst/src_clk
    SLICE_X77Y228        FDRE                                         r  jtag_master/inst/jtag_axi_engine_u/tx_fifo_i/inst_fifo_gen/gconvfifo.rf/grf.rf/gntv_or_sync_fifo.gcx.clkx/wr_pntr_cdc_inst/src_gray_ff_reg[3]/C
  -------------------------------------------------------------------    -------------------
    SLICE_X77Y228        FDRE (Prop_DFF2_SLICEM_C_Q)
                                                      0.117    -0.005 r  jtag_master/inst/jtag_axi_engine_u/tx_fifo_i/inst_fifo_gen/gconvfifo.rf/grf.rf/gntv_or_sync_fifo.gcx.clkx/wr_pntr_cdc_inst/src_gray_ff_reg[3]/Q
                         net (fo=1, routed)           0.693     0.688    jtag_master/inst/jtag_axi_engine_u/tx_fifo_i/inst_fifo_gen/gconvfifo.rf/grf.rf/gntv_or_sync_fifo.gcx.clkx/wr_pntr_cdc_inst/async_path[3]
    SLICE_X77Y228        FDRE                                         r  jtag_master/inst/jtag_axi_engine_u/tx_fifo_i/inst_fifo_gen/gconvfifo.rf/grf.rf/gntv_or_sync_fifo.gcx.clkx/wr_pntr_cdc_inst/dest_graysync_ff_reg[0][3]/D
  -------------------------------------------------------------------    -------------------

                         (clock clk_200m_mmcm rise edge)
                                                      0.000     0.000 r  
    AL14                                              0.000     0.000 r  clk_50m (IN)
                         net (fo=0)                   0.000     0.000    clock_input_buffer/I
    AL14                 INBUF (Prop_INBUF_HRIO_PAD_O)
                                                      0.656     0.656 r  clock_input_buffer/INBUF_INST/O
                         net (fo=1, routed)           0.059     0.715    clock_input_buffer/OUT
    AL14                 IBUFCTRL (Prop_IBUFCTRL_HRIO_I_O)
                                                      0.032     0.747 r  clock_input_buffer/IBUFCTRL_INST/O
                         net (fo=1, routed)           0.778     1.525    clk_50m_ibuf
    MMCME3_ADV_X2Y1      MMCME3_ADV (Prop_MMCME3_ADV_CLKIN1_CLKOUT0)
                                                     -5.289    -3.764 r  clock_manager/CLKOUT0
                         net (fo=1, routed)           0.372    -3.392    clk_200m_mmcm
    BUFGCE_X2Y26         BUFGCE (Prop_BUFCE_BUFGCE_I_O)
                                                      0.075    -3.317 r  system_clock_buffer/O
    X2Y2 (CLOCK_ROOT)    net (fo=27140, routed)       2.691    -0.626    jtag_master/inst/jtag_axi_engine_u/tx_fifo_i/inst_fifo_gen/gconvfifo.rf/grf.rf/gntv_or_sync_fifo.gcx.clkx/wr_pntr_cdc_inst/dest_clk
    SLICE_X77Y228        FDRE                                         r  jtag_master/inst/jtag_axi_engine_u/tx_fifo_i/inst_fifo_gen/gconvfifo.rf/grf.rf/gntv_or_sync_fifo.gcx.clkx/wr_pntr_cdc_inst/dest_graysync_ff_reg[0][3]/C
                         clock pessimism              0.441    -0.186    
    SLICE_X77Y228        FDRE (Setup_HFF2_SLICEM_C_D)
                                                      0.060    -0.126    jtag_master/inst/jtag_axi_engine_u/tx_fifo_i/inst_fifo_gen/gconvfifo.rf/grf.rf/gntv_or_sync_fifo.gcx.clkx/wr_pntr_cdc_inst/dest_graysync_ff_reg[0][3]
  -------------------------------------------------------------------
                         data arrival                           0.688    
                         clock arrival                         -0.126    
  -------------------------------------------------------------------
                         relative delay                         0.814    

Reference path:
    Location             Delay type                Incr(ns)  Path(ns)    Netlist Resource(s)
  -------------------------------------------------------------------    -------------------
                         (clock clk_200m_mmcm rise edge)
                                                      0.000     0.000 r  
    AL14                                              0.000     0.000 r  clk_50m (IN)
                         net (fo=0)                   0.000     0.000    clock_input_buffer/I
    AL14                 INBUF (Prop_INBUF_HRIO_PAD_O)
                                                      0.656     0.656 r  clock_input_buffer/INBUF_INST/O
                         net (fo=1, routed)           0.059     0.715    clock_input_buffer/OUT
    AL14                 IBUFCTRL (Prop_IBUFCTRL_HRIO_I_O)
                                                      0.032     0.747 r  clock_input_buffer/IBUFCTRL_INST/O
                         net (fo=1, routed)           0.778     1.525    clk_50m_ibuf
    MMCME3_ADV_X2Y1      MMCME3_ADV (Prop_MMCME3_ADV_CLKIN1_CLKOUT0)
                                                     -5.289    -3.764 r  clock_manager/CLKOUT0
                         net (fo=1, routed)           0.372    -3.392    clk_200m_mmcm
    BUFGCE_X2Y26         BUFGCE (Prop_BUFCE_BUFGCE_I_O)
                                                      0.075    -3.317 r  system_clock_buffer/O
    X2Y2 (CLOCK_ROOT)    net (fo=27140, routed)       2.671    -0.646    jtag_master/inst/jtag_axi_engine_u/tx_fifo_i/inst_fifo_gen/gconvfifo.rf/grf.rf/gntv_or_sync_fifo.gcx.clkx/wr_pntr_cdc_inst/src_clk
    SLICE_X76Y227        FDRE                                         r  jtag_master/inst/jtag_axi_engine_u/tx_fifo_i/inst_fifo_gen/gconvfifo.rf/grf.rf/gntv_or_sync_fifo.gcx.clkx/wr_pntr_cdc_inst/src_gray_ff_reg[5]/C
  -------------------------------------------------------------------    -------------------
    SLICE_X76Y227        FDRE (Prop_HFF2_SLICEM_C_Q)
                                                      0.106    -0.540 r  jtag_master/inst/jtag_axi_engine_u/tx_fifo_i/inst_fifo_gen/gconvfifo.rf/grf.rf/gntv_or_sync_fifo.gcx.clkx/wr_pntr_cdc_inst/src_gray_ff_reg[5]/Q
                         net (fo=1, routed)           0.429    -0.111    jtag_master/inst/jtag_axi_engine_u/tx_fifo_i/inst_fifo_gen/gconvfifo.rf/grf.rf/gntv_or_sync_fifo.gcx.clkx/wr_pntr_cdc_inst/async_path[5]
    SLICE_X77Y227        FDRE                                         r  jtag_master/inst/jtag_axi_engine_u/tx_fifo_i/inst_fifo_gen/gconvfifo.rf/grf.rf/gntv_or_sync_fifo.gcx.clkx/wr_pntr_cdc_inst/dest_graysync_ff_reg[0][5]/D
  -------------------------------------------------------------------    -------------------

                         (clock clk_200m_mmcm rise edge)
                                                      0.000     0.000 r  
    AL14                                              0.000     0.000 r  clk_50m (IN)
                         net (fo=0)                   0.000     0.000    clock_input_buffer/I
    AL14                 INBUF (Prop_INBUF_HRIO_PAD_O)
                                                      0.922     0.922 r  clock_input_buffer/INBUF_INST/O
                         net (fo=1, routed)           0.092     1.014    clock_input_buffer/OUT
    AL14                 IBUFCTRL (Prop_IBUFCTRL_HRIO_I_O)
                                                      0.043     1.057 r  clock_input_buffer/IBUFCTRL_INST/O
                         net (fo=1, routed)           0.865     1.922    clk_50m_ibuf
    MMCME3_ADV_X2Y1      MMCME3_ADV (Prop_MMCME3_ADV_CLKIN1_CLKOUT0)
                                                     -5.587    -3.665 r  clock_manager/CLKOUT0
                         net (fo=1, routed)           0.437    -3.228    clk_200m_mmcm
    BUFGCE_X2Y26         BUFGCE (Prop_BUFCE_BUFGCE_I_O)
                                                      0.083    -3.145 r  system_clock_buffer/O
    X2Y2 (CLOCK_ROOT)    net (fo=27140, routed)       3.009    -0.136    jtag_master/inst/jtag_axi_engine_u/tx_fifo_i/inst_fifo_gen/gconvfifo.rf/grf.rf/gntv_or_sync_fifo.gcx.clkx/wr_pntr_cdc_inst/dest_clk
    SLICE_X77Y227        FDRE                                         r  jtag_master/inst/jtag_axi_engine_u/tx_fifo_i/inst_fifo_gen/gconvfifo.rf/grf.rf/gntv_or_sync_fifo.gcx.clkx/wr_pntr_cdc_inst/dest_graysync_ff_reg[0][5]/C
                         clock pessimism             -0.358    -0.494    
    SLICE_X77Y227        FDRE (Hold_CFF2_SLICEM_C_D)
                                                      0.109    -0.385    jtag_master/inst/jtag_axi_engine_u/tx_fifo_i/inst_fifo_gen/gconvfifo.rf/grf.rf/gntv_or_sync_fifo.gcx.clkx/wr_pntr_cdc_inst/dest_graysync_ff_reg[0][5]
  -------------------------------------------------------------------
                         data arrival                          -0.111    
                         clock arrival                         -0.385    
  -------------------------------------------------------------------
                         relative delay                         0.274    



Id: 3
set_bus_skew -from [get_cells [list {jtag_master/inst/jtag_axi_engine_u/tx_fifo_i/inst_fifo_gen/gconvfifo.rf/grf.rf/gntv_or_sync_fifo.gcx.clkx/rd_pntr_cdc_inst/src_gray_ff_reg[0]} {jtag_master/inst/jtag_axi_engine_u/tx_fifo_i/inst_fifo_gen/gconvfifo.rf/grf.rf/gntv_or_sync_fifo.gcx.clkx/rd_pntr_cdc_inst/src_gray_ff_reg[1]} {jtag_master/inst/jtag_axi_engine_u/tx_fifo_i/inst_fifo_gen/gconvfifo.rf/grf.rf/gntv_or_sync_fifo.gcx.clkx/rd_pntr_cdc_inst/src_gray_ff_reg[2]} {jtag_master/inst/jtag_axi_engine_u/tx_fifo_i/inst_fifo_gen/gconvfifo.rf/grf.rf/gntv_or_sync_fifo.gcx.clkx/rd_pntr_cdc_inst/src_gray_ff_reg[3]} {jtag_master/inst/jtag_axi_engine_u/tx_fifo_i/inst_fifo_gen/gconvfifo.rf/grf.rf/gntv_or_sync_fifo.gcx.clkx/rd_pntr_cdc_inst/src_gray_ff_reg[4]} {jtag_master/inst/jtag_axi_engine_u/tx_fifo_i/inst_fifo_gen/gconvfifo.rf/grf.rf/gntv_or_sync_fifo.gcx.clkx/rd_pntr_cdc_inst/src_gray_ff_reg[5]} {jtag_master/inst/jtag_axi_engine_u/tx_fifo_i/inst_fifo_gen/gconvfifo.rf/grf.rf/gntv_or_sync_fifo.gcx.clkx/rd_pntr_cdc_inst/src_gray_ff_reg[6]} {jtag_master/inst/jtag_axi_engine_u/tx_fifo_i/inst_fifo_gen/gconvfifo.rf/grf.rf/gntv_or_sync_fifo.gcx.clkx/rd_pntr_cdc_inst/src_gray_ff_reg[7]}]] -to [get_cells [list {jtag_master/inst/jtag_axi_engine_u/tx_fifo_i/inst_fifo_gen/gconvfifo.rf/grf.rf/gntv_or_sync_fifo.gcx.clkx/rd_pntr_cdc_inst/dest_graysync_ff_reg[0][0]} {jtag_master/inst/jtag_axi_engine_u/tx_fifo_i/inst_fifo_gen/gconvfifo.rf/grf.rf/gntv_or_sync_fifo.gcx.clkx/rd_pntr_cdc_inst/dest_graysync_ff_reg[0][1]} {jtag_master/inst/jtag_axi_engine_u/tx_fifo_i/inst_fifo_gen/gconvfifo.rf/grf.rf/gntv_or_sync_fifo.gcx.clkx/rd_pntr_cdc_inst/dest_graysync_ff_reg[0][2]} {jtag_master/inst/jtag_axi_engine_u/tx_fifo_i/inst_fifo_gen/gconvfifo.rf/grf.rf/gntv_or_sync_fifo.gcx.clkx/rd_pntr_cdc_inst/dest_graysync_ff_reg[0][3]} {jtag_master/inst/jtag_axi_engine_u/tx_fifo_i/inst_fifo_gen/gconvfifo.rf/grf.rf/gntv_or_sync_fifo.gcx.clkx/rd_pntr_cdc_inst/dest_graysync_ff_reg[0][4]} {jtag_master/inst/jtag_axi_engine_u/tx_fifo_i/inst_fifo_gen/gconvfifo.rf/grf.rf/gntv_or_sync_fifo.gcx.clkx/rd_pntr_cdc_inst/dest_graysync_ff_reg[0][5]} {jtag_master/inst/jtag_axi_engine_u/tx_fifo_i/inst_fifo_gen/gconvfifo.rf/grf.rf/gntv_or_sync_fifo.gcx.clkx/rd_pntr_cdc_inst/dest_graysync_ff_reg[0][6]} {jtag_master/inst/jtag_axi_engine_u/tx_fifo_i/inst_fifo_gen/gconvfifo.rf/grf.rf/gntv_or_sync_fifo.gcx.clkx/rd_pntr_cdc_inst/dest_graysync_ff_reg[0][7]}]] 5.000
Requirement: 5.000ns
Endpoints: 8

From Clock            To Clock              Endpoint Pin                    Reference Pin                   Corner  Actual(ns)  Slack(ns)
--------------------  --------------------  ------------------------------  ------------------------------  ------  ----------  ---------
clk_200m_mmcm         clk_200m_mmcm         jtag_master/inst/jtag_axi_engine_u/tx_fifo_i/inst_fifo_gen/gconvfifo.rf/grf.rf/gntv_or_sync_fifo.gcx.clkx/rd_pntr_cdc_inst/dest_graysync_ff_reg[0][4]/D
                                                                            jtag_master/inst/jtag_axi_engine_u/tx_fifo_i/inst_fifo_gen/gconvfifo.rf/grf.rf/gntv_or_sync_fifo.gcx.clkx/rd_pntr_cdc_inst/dest_graysync_ff_reg[0][6]/D
                                                                                                            Slow         0.478      4.522


Slack (MET) :             4.522ns  (requirement - actual skew)
  Endpoint Source:        jtag_master/inst/jtag_axi_engine_u/tx_fifo_i/inst_fifo_gen/gconvfifo.rf/grf.rf/gntv_or_sync_fifo.gcx.clkx/rd_pntr_cdc_inst/src_gray_ff_reg[4]/C
                            (rising edge-triggered cell FDRE clocked by clk_200m_mmcm)
  Endpoint Destination:   jtag_master/inst/jtag_axi_engine_u/tx_fifo_i/inst_fifo_gen/gconvfifo.rf/grf.rf/gntv_or_sync_fifo.gcx.clkx/rd_pntr_cdc_inst/dest_graysync_ff_reg[0][4]/D
                            (rising edge-triggered cell FDRE clocked by clk_200m_mmcm)
  Reference Source:       jtag_master/inst/jtag_axi_engine_u/tx_fifo_i/inst_fifo_gen/gconvfifo.rf/grf.rf/gntv_or_sync_fifo.gcx.clkx/rd_pntr_cdc_inst/src_gray_ff_reg[6]/C
                            (rising edge-triggered cell FDRE clocked by clk_200m_mmcm)
  Reference Destination:  jtag_master/inst/jtag_axi_engine_u/tx_fifo_i/inst_fifo_gen/gconvfifo.rf/grf.rf/gntv_or_sync_fifo.gcx.clkx/rd_pntr_cdc_inst/dest_graysync_ff_reg[0][6]/D
                            (rising edge-triggered cell FDRE clocked by clk_200m_mmcm)
  Path Type:              Bus Skew (Max at Slow Process Corner)
  Requirement:            5.000ns
  Endpoint Relative Delay:    0.710ns
  Reference Relative Delay:   0.277ns
  Relative CRPR:              0.000ns
  Uncertainty:                0.045ns
  Actual Bus Skew:            0.478ns  (Endpoint Relative Delay - Reference Relative Delay - Relative CRPR + Uncertainty)

Endpoint path:
    Location             Delay type                Incr(ns)  Path(ns)    Netlist Resource(s)
  -------------------------------------------------------------------    -------------------
                         (clock clk_200m_mmcm rise edge)
                                                      0.000     0.000 r  
    AL14                                              0.000     0.000 r  clk_50m (IN)
                         net (fo=0)                   0.000     0.000    clock_input_buffer/I
    AL14                 INBUF (Prop_INBUF_HRIO_PAD_O)
                                                      0.922     0.922 r  clock_input_buffer/INBUF_INST/O
                         net (fo=1, routed)           0.092     1.014    clock_input_buffer/OUT
    AL14                 IBUFCTRL (Prop_IBUFCTRL_HRIO_I_O)
                                                      0.043     1.057 r  clock_input_buffer/IBUFCTRL_INST/O
                         net (fo=1, routed)           0.865     1.922    clk_50m_ibuf
    MMCME3_ADV_X2Y1      MMCME3_ADV (Prop_MMCME3_ADV_CLKIN1_CLKOUT0)
                                                     -5.587    -3.665 r  clock_manager/CLKOUT0
                         net (fo=1, routed)           0.437    -3.228    clk_200m_mmcm
    BUFGCE_X2Y26         BUFGCE (Prop_BUFCE_BUFGCE_I_O)
                                                      0.083    -3.145 r  system_clock_buffer/O
    X2Y2 (CLOCK_ROOT)    net (fo=27140, routed)       2.986    -0.159    jtag_master/inst/jtag_axi_engine_u/tx_fifo_i/inst_fifo_gen/gconvfifo.rf/grf.rf/gntv_or_sync_fifo.gcx.clkx/rd_pntr_cdc_inst/src_clk
    SLICE_X74Y225        FDRE                                         r  jtag_master/inst/jtag_axi_engine_u/tx_fifo_i/inst_fifo_gen/gconvfifo.rf/grf.rf/gntv_or_sync_fifo.gcx.clkx/rd_pntr_cdc_inst/src_gray_ff_reg[4]/C
  -------------------------------------------------------------------    -------------------
    SLICE_X74Y225        FDRE (Prop_DFF_SLICEL_C_Q)
                                                      0.114    -0.045 r  jtag_master/inst/jtag_axi_engine_u/tx_fifo_i/inst_fifo_gen/gconvfifo.rf/grf.rf/gntv_or_sync_fifo.gcx.clkx/rd_pntr_cdc_inst/src_gray_ff_reg[4]/Q
                         net (fo=1, routed)           0.656     0.611    jtag_master/inst/jtag_axi_engine_u/tx_fifo_i/inst_fifo_gen/gconvfifo.rf/grf.rf/gntv_or_sync_fifo.gcx.clkx/rd_pntr_cdc_inst/async_path[4]
    SLICE_X74Y225        FDRE                                         r  jtag_master/inst/jtag_axi_engine_u/tx_fifo_i/inst_fifo_gen/gconvfifo.rf/grf.rf/gntv_or_sync_fifo.gcx.clkx/rd_pntr_cdc_inst/dest_graysync_ff_reg[0][4]/D
  -------------------------------------------------------------------    -------------------

                         (clock clk_200m_mmcm rise edge)
                                                      0.000     0.000 r  
    AL14                                              0.000     0.000 r  clk_50m (IN)
                         net (fo=0)                   0.000     0.000    clock_input_buffer/I
    AL14                 INBUF (Prop_INBUF_HRIO_PAD_O)
                                                      0.656     0.656 r  clock_input_buffer/INBUF_INST/O
                         net (fo=1, routed)           0.059     0.715    clock_input_buffer/OUT
    AL14                 IBUFCTRL (Prop_IBUFCTRL_HRIO_I_O)
                                                      0.032     0.747 r  clock_input_buffer/IBUFCTRL_INST/O
                         net (fo=1, routed)           0.778     1.525    clk_50m_ibuf
    MMCME3_ADV_X2Y1      MMCME3_ADV (Prop_MMCME3_ADV_CLKIN1_CLKOUT0)
                                                     -5.289    -3.764 r  clock_manager/CLKOUT0
                         net (fo=1, routed)           0.372    -3.392    clk_200m_mmcm
    BUFGCE_X2Y26         BUFGCE (Prop_BUFCE_BUFGCE_I_O)
                                                      0.075    -3.317 r  system_clock_buffer/O
    X2Y2 (CLOCK_ROOT)    net (fo=27140, routed)       2.662    -0.655    jtag_master/inst/jtag_axi_engine_u/tx_fifo_i/inst_fifo_gen/gconvfifo.rf/grf.rf/gntv_or_sync_fifo.gcx.clkx/rd_pntr_cdc_inst/dest_clk
    SLICE_X74Y225        FDRE                                         r  jtag_master/inst/jtag_axi_engine_u/tx_fifo_i/inst_fifo_gen/gconvfifo.rf/grf.rf/gntv_or_sync_fifo.gcx.clkx/rd_pntr_cdc_inst/dest_graysync_ff_reg[0][4]/C
                         clock pessimism              0.494    -0.162    
    SLICE_X74Y225        FDRE (Setup_DFF2_SLICEL_C_D)
                                                      0.063    -0.099    jtag_master/inst/jtag_axi_engine_u/tx_fifo_i/inst_fifo_gen/gconvfifo.rf/grf.rf/gntv_or_sync_fifo.gcx.clkx/rd_pntr_cdc_inst/dest_graysync_ff_reg[0][4]
  -------------------------------------------------------------------
                         data arrival                           0.611    
                         clock arrival                         -0.099    
  -------------------------------------------------------------------
                         relative delay                         0.710    

Reference path:
    Location             Delay type                Incr(ns)  Path(ns)    Netlist Resource(s)
  -------------------------------------------------------------------    -------------------
                         (clock clk_200m_mmcm rise edge)
                                                      0.000     0.000 r  
    AL14                                              0.000     0.000 r  clk_50m (IN)
                         net (fo=0)                   0.000     0.000    clock_input_buffer/I
    AL14                 INBUF (Prop_INBUF_HRIO_PAD_O)
                                                      0.656     0.656 r  clock_input_buffer/INBUF_INST/O
                         net (fo=1, routed)           0.059     0.715    clock_input_buffer/OUT
    AL14                 IBUFCTRL (Prop_IBUFCTRL_HRIO_I_O)
                                                      0.032     0.747 r  clock_input_buffer/IBUFCTRL_INST/O
                         net (fo=1, routed)           0.778     1.525    clk_50m_ibuf
    MMCME3_ADV_X2Y1      MMCME3_ADV (Prop_MMCME3_ADV_CLKIN1_CLKOUT0)
                                                     -5.289    -3.764 r  clock_manager/CLKOUT0
                         net (fo=1, routed)           0.372    -3.392    clk_200m_mmcm
    BUFGCE_X2Y26         BUFGCE (Prop_BUFCE_BUFGCE_I_O)
                                                      0.075    -3.317 r  system_clock_buffer/O
    X2Y2 (CLOCK_ROOT)    net (fo=27140, routed)       2.660    -0.657    jtag_master/inst/jtag_axi_engine_u/tx_fifo_i/inst_fifo_gen/gconvfifo.rf/grf.rf/gntv_or_sync_fifo.gcx.clkx/rd_pntr_cdc_inst/src_clk
    SLICE_X74Y225        FDRE                                         r  jtag_master/inst/jtag_axi_engine_u/tx_fifo_i/inst_fifo_gen/gconvfifo.rf/grf.rf/gntv_or_sync_fifo.gcx.clkx/rd_pntr_cdc_inst/src_gray_ff_reg[6]/C
  -------------------------------------------------------------------    -------------------
    SLICE_X74Y225        FDRE (Prop_GFF2_SLICEL_C_Q)
                                                      0.106    -0.551 r  jtag_master/inst/jtag_axi_engine_u/tx_fifo_i/inst_fifo_gen/gconvfifo.rf/grf.rf/gntv_or_sync_fifo.gcx.clkx/rd_pntr_cdc_inst/src_gray_ff_reg[6]/Q
                         net (fo=1, routed)           0.349    -0.202    jtag_master/inst/jtag_axi_engine_u/tx_fifo_i/inst_fifo_gen/gconvfifo.rf/grf.rf/gntv_or_sync_fifo.gcx.clkx/rd_pntr_cdc_inst/async_path[6]
    SLICE_X74Y228        FDRE                                         r  jtag_master/inst/jtag_axi_engine_u/tx_fifo_i/inst_fifo_gen/gconvfifo.rf/grf.rf/gntv_or_sync_fifo.gcx.clkx/rd_pntr_cdc_inst/dest_graysync_ff_reg[0][6]/D
  -------------------------------------------------------------------    -------------------

                         (clock clk_200m_mmcm rise edge)
                                                      0.000     0.000 r  
    AL14                                              0.000     0.000 r  clk_50m (IN)
                         net (fo=0)                   0.000     0.000    clock_input_buffer/I
    AL14                 INBUF (Prop_INBUF_HRIO_PAD_O)
                                                      0.922     0.922 r  clock_input_buffer/INBUF_INST/O
                         net (fo=1, routed)           0.092     1.014    clock_input_buffer/OUT
    AL14                 IBUFCTRL (Prop_IBUFCTRL_HRIO_I_O)
                                                      0.043     1.057 r  clock_input_buffer/IBUFCTRL_INST/O
                         net (fo=1, routed)           0.865     1.922    clk_50m_ibuf
    MMCME3_ADV_X2Y1      MMCME3_ADV (Prop_MMCME3_ADV_CLKIN1_CLKOUT0)
                                                     -5.587    -3.665 r  clock_manager/CLKOUT0
                         net (fo=1, routed)           0.437    -3.228    clk_200m_mmcm
    BUFGCE_X2Y26         BUFGCE (Prop_BUFCE_BUFGCE_I_O)
                                                      0.083    -3.145 r  system_clock_buffer/O
    X2Y2 (CLOCK_ROOT)    net (fo=27140, routed)       2.975    -0.170    jtag_master/inst/jtag_axi_engine_u/tx_fifo_i/inst_fifo_gen/gconvfifo.rf/grf.rf/gntv_or_sync_fifo.gcx.clkx/rd_pntr_cdc_inst/dest_clk
    SLICE_X74Y228        FDRE                                         r  jtag_master/inst/jtag_axi_engine_u/tx_fifo_i/inst_fifo_gen/gconvfifo.rf/grf.rf/gntv_or_sync_fifo.gcx.clkx/rd_pntr_cdc_inst/dest_graysync_ff_reg[0][6]/C
                         clock pessimism             -0.419    -0.589    
    SLICE_X74Y228        FDRE (Hold_DFF2_SLICEL_C_D)
                                                      0.109    -0.480    jtag_master/inst/jtag_axi_engine_u/tx_fifo_i/inst_fifo_gen/gconvfifo.rf/grf.rf/gntv_or_sync_fifo.gcx.clkx/rd_pntr_cdc_inst/dest_graysync_ff_reg[0][6]
  -------------------------------------------------------------------
                         data arrival                          -0.202    
                         clock arrival                         -0.480    
  -------------------------------------------------------------------
                         relative delay                         0.277    



Id: 4
set_bus_skew -from [get_cells [list {jtag_master/inst/jtag_axi_engine_u/rx_fifo_i/inst_fifo_gen/gconvfifo.rf/grf.rf/gntv_or_sync_fifo.gcx.clkx/wr_pntr_cdc_inst/src_gray_ff_reg[0]} {jtag_master/inst/jtag_axi_engine_u/rx_fifo_i/inst_fifo_gen/gconvfifo.rf/grf.rf/gntv_or_sync_fifo.gcx.clkx/wr_pntr_cdc_inst/src_gray_ff_reg[1]} {jtag_master/inst/jtag_axi_engine_u/rx_fifo_i/inst_fifo_gen/gconvfifo.rf/grf.rf/gntv_or_sync_fifo.gcx.clkx/wr_pntr_cdc_inst/src_gray_ff_reg[2]} {jtag_master/inst/jtag_axi_engine_u/rx_fifo_i/inst_fifo_gen/gconvfifo.rf/grf.rf/gntv_or_sync_fifo.gcx.clkx/wr_pntr_cdc_inst/src_gray_ff_reg[3]} {jtag_master/inst/jtag_axi_engine_u/rx_fifo_i/inst_fifo_gen/gconvfifo.rf/grf.rf/gntv_or_sync_fifo.gcx.clkx/wr_pntr_cdc_inst/src_gray_ff_reg[4]} {jtag_master/inst/jtag_axi_engine_u/rx_fifo_i/inst_fifo_gen/gconvfifo.rf/grf.rf/gntv_or_sync_fifo.gcx.clkx/wr_pntr_cdc_inst/src_gray_ff_reg[5]} {jtag_master/inst/jtag_axi_engine_u/rx_fifo_i/inst_fifo_gen/gconvfifo.rf/grf.rf/gntv_or_sync_fifo.gcx.clkx/wr_pntr_cdc_inst/src_gray_ff_reg[6]} {jtag_master/inst/jtag_axi_engine_u/rx_fifo_i/inst_fifo_gen/gconvfifo.rf/grf.rf/gntv_or_sync_fifo.gcx.clkx/wr_pntr_cdc_inst/src_gray_ff_reg[7]}]] -to [get_cells [list {jtag_master/inst/jtag_axi_engine_u/rx_fifo_i/inst_fifo_gen/gconvfifo.rf/grf.rf/gntv_or_sync_fifo.gcx.clkx/wr_pntr_cdc_inst/dest_graysync_ff_reg[0][0]} {jtag_master/inst/jtag_axi_engine_u/rx_fifo_i/inst_fifo_gen/gconvfifo.rf/grf.rf/gntv_or_sync_fifo.gcx.clkx/wr_pntr_cdc_inst/dest_graysync_ff_reg[0][1]} {jtag_master/inst/jtag_axi_engine_u/rx_fifo_i/inst_fifo_gen/gconvfifo.rf/grf.rf/gntv_or_sync_fifo.gcx.clkx/wr_pntr_cdc_inst/dest_graysync_ff_reg[0][2]} {jtag_master/inst/jtag_axi_engine_u/rx_fifo_i/inst_fifo_gen/gconvfifo.rf/grf.rf/gntv_or_sync_fifo.gcx.clkx/wr_pntr_cdc_inst/dest_graysync_ff_reg[0][3]} {jtag_master/inst/jtag_axi_engine_u/rx_fifo_i/inst_fifo_gen/gconvfifo.rf/grf.rf/gntv_or_sync_fifo.gcx.clkx/wr_pntr_cdc_inst/dest_graysync_ff_reg[0][4]} {jtag_master/inst/jtag_axi_engine_u/rx_fifo_i/inst_fifo_gen/gconvfifo.rf/grf.rf/gntv_or_sync_fifo.gcx.clkx/wr_pntr_cdc_inst/dest_graysync_ff_reg[0][5]} {jtag_master/inst/jtag_axi_engine_u/rx_fifo_i/inst_fifo_gen/gconvfifo.rf/grf.rf/gntv_or_sync_fifo.gcx.clkx/wr_pntr_cdc_inst/dest_graysync_ff_reg[0][6]} {jtag_master/inst/jtag_axi_engine_u/rx_fifo_i/inst_fifo_gen/gconvfifo.rf/grf.rf/gntv_or_sync_fifo.gcx.clkx/wr_pntr_cdc_inst/dest_graysync_ff_reg[0][7]}]] 5.000
Requirement: 5.000ns
Endpoints: 8

From Clock            To Clock              Endpoint Pin                    Reference Pin                   Corner  Actual(ns)  Slack(ns)
--------------------  --------------------  ------------------------------  ------------------------------  ------  ----------  ---------
clk_200m_mmcm         clk_200m_mmcm         jtag_master/inst/jtag_axi_engine_u/rx_fifo_i/inst_fifo_gen/gconvfifo.rf/grf.rf/gntv_or_sync_fifo.gcx.clkx/wr_pntr_cdc_inst/dest_graysync_ff_reg[0][1]/D
                                                                            jtag_master/inst/jtag_axi_engine_u/rx_fifo_i/inst_fifo_gen/gconvfifo.rf/grf.rf/gntv_or_sync_fifo.gcx.clkx/wr_pntr_cdc_inst/dest_graysync_ff_reg[0][5]/D
                                                                                                            Slow         0.599      4.401


Slack (MET) :             4.401ns  (requirement - actual skew)
  Endpoint Source:        jtag_master/inst/jtag_axi_engine_u/rx_fifo_i/inst_fifo_gen/gconvfifo.rf/grf.rf/gntv_or_sync_fifo.gcx.clkx/wr_pntr_cdc_inst/src_gray_ff_reg[1]/C
                            (rising edge-triggered cell FDRE clocked by clk_200m_mmcm)
  Endpoint Destination:   jtag_master/inst/jtag_axi_engine_u/rx_fifo_i/inst_fifo_gen/gconvfifo.rf/grf.rf/gntv_or_sync_fifo.gcx.clkx/wr_pntr_cdc_inst/dest_graysync_ff_reg[0][1]/D
                            (rising edge-triggered cell FDRE clocked by clk_200m_mmcm)
  Reference Source:       jtag_master/inst/jtag_axi_engine_u/rx_fifo_i/inst_fifo_gen/gconvfifo.rf/grf.rf/gntv_or_sync_fifo.gcx.clkx/wr_pntr_cdc_inst/src_gray_ff_reg[5]/C
                            (rising edge-triggered cell FDRE clocked by clk_200m_mmcm)
  Reference Destination:  jtag_master/inst/jtag_axi_engine_u/rx_fifo_i/inst_fifo_gen/gconvfifo.rf/grf.rf/gntv_or_sync_fifo.gcx.clkx/wr_pntr_cdc_inst/dest_graysync_ff_reg[0][5]/D
                            (rising edge-triggered cell FDRE clocked by clk_200m_mmcm)
  Path Type:              Bus Skew (Max at Slow Process Corner)
  Requirement:            5.000ns
  Endpoint Relative Delay:    0.825ns
  Reference Relative Delay:   0.271ns
  Relative CRPR:              0.000ns
  Uncertainty:                0.045ns
  Actual Bus Skew:            0.599ns  (Endpoint Relative Delay - Reference Relative Delay - Relative CRPR + Uncertainty)

Endpoint path:
    Location             Delay type                Incr(ns)  Path(ns)    Netlist Resource(s)
  -------------------------------------------------------------------    -------------------
                         (clock clk_200m_mmcm rise edge)
                                                      0.000     0.000 r  
    AL14                                              0.000     0.000 r  clk_50m (IN)
                         net (fo=0)                   0.000     0.000    clock_input_buffer/I
    AL14                 INBUF (Prop_INBUF_HRIO_PAD_O)
                                                      0.922     0.922 r  clock_input_buffer/INBUF_INST/O
                         net (fo=1, routed)           0.092     1.014    clock_input_buffer/OUT
    AL14                 IBUFCTRL (Prop_IBUFCTRL_HRIO_I_O)
                                                      0.043     1.057 r  clock_input_buffer/IBUFCTRL_INST/O
                         net (fo=1, routed)           0.865     1.922    clk_50m_ibuf
    MMCME3_ADV_X2Y1      MMCME3_ADV (Prop_MMCME3_ADV_CLKIN1_CLKOUT0)
                                                     -5.587    -3.665 r  clock_manager/CLKOUT0
                         net (fo=1, routed)           0.437    -3.228    clk_200m_mmcm
    BUFGCE_X2Y26         BUFGCE (Prop_BUFCE_BUFGCE_I_O)
                                                      0.083    -3.145 r  system_clock_buffer/O
    X2Y2 (CLOCK_ROOT)    net (fo=27140, routed)       2.801    -0.344    jtag_master/inst/jtag_axi_engine_u/rx_fifo_i/inst_fifo_gen/gconvfifo.rf/grf.rf/gntv_or_sync_fifo.gcx.clkx/wr_pntr_cdc_inst/src_clk
    SLICE_X51Y237        FDRE                                         r  jtag_master/inst/jtag_axi_engine_u/rx_fifo_i/inst_fifo_gen/gconvfifo.rf/grf.rf/gntv_or_sync_fifo.gcx.clkx/wr_pntr_cdc_inst/src_gray_ff_reg[1]/C
  -------------------------------------------------------------------    -------------------
    SLICE_X51Y237        FDRE (Prop_DFF2_SLICEL_C_Q)
                                                      0.117    -0.227 r  jtag_master/inst/jtag_axi_engine_u/rx_fifo_i/inst_fifo_gen/gconvfifo.rf/grf.rf/gntv_or_sync_fifo.gcx.clkx/wr_pntr_cdc_inst/src_gray_ff_reg[1]/Q
                         net (fo=1, routed)           0.694     0.467    jtag_master/inst/jtag_axi_engine_u/rx_fifo_i/inst_fifo_gen/gconvfifo.rf/grf.rf/gntv_or_sync_fifo.gcx.clkx/wr_pntr_cdc_inst/async_path[1]
    SLICE_X51Y235        FDRE                                         r  jtag_master/inst/jtag_axi_engine_u/rx_fifo_i/inst_fifo_gen/gconvfifo.rf/grf.rf/gntv_or_sync_fifo.gcx.clkx/wr_pntr_cdc_inst/dest_graysync_ff_reg[0][1]/D
  -------------------------------------------------------------------    -------------------

                         (clock clk_200m_mmcm rise edge)
                                                      0.000     0.000 r  
    AL14                                              0.000     0.000 r  clk_50m (IN)
                         net (fo=0)                   0.000     0.000    clock_input_buffer/I
    AL14                 INBUF (Prop_INBUF_HRIO_PAD_O)
                                                      0.656     0.656 r  clock_input_buffer/INBUF_INST/O
                         net (fo=1, routed)           0.059     0.715    clock_input_buffer/OUT
    AL14                 IBUFCTRL (Prop_IBUFCTRL_HRIO_I_O)
                                                      0.032     0.747 r  clock_input_buffer/IBUFCTRL_INST/O
                         net (fo=1, routed)           0.778     1.525    clk_50m_ibuf
    MMCME3_ADV_X2Y1      MMCME3_ADV (Prop_MMCME3_ADV_CLKIN1_CLKOUT0)
                                                     -5.289    -3.764 r  clock_manager/CLKOUT0
                         net (fo=1, routed)           0.372    -3.392    clk_200m_mmcm
    BUFGCE_X2Y26         BUFGCE (Prop_BUFCE_BUFGCE_I_O)
                                                      0.075    -3.317 r  system_clock_buffer/O
    X2Y2 (CLOCK_ROOT)    net (fo=27140, routed)       2.490    -0.827    jtag_master/inst/jtag_axi_engine_u/rx_fifo_i/inst_fifo_gen/gconvfifo.rf/grf.rf/gntv_or_sync_fifo.gcx.clkx/wr_pntr_cdc_inst/dest_clk
    SLICE_X51Y235        FDRE                                         r  jtag_master/inst/jtag_axi_engine_u/rx_fifo_i/inst_fifo_gen/gconvfifo.rf/grf.rf/gntv_or_sync_fifo.gcx.clkx/wr_pntr_cdc_inst/dest_graysync_ff_reg[0][1]/C
                         clock pessimism              0.407    -0.420    
    SLICE_X51Y235        FDRE (Setup_CFF2_SLICEL_C_D)
                                                      0.062    -0.358    jtag_master/inst/jtag_axi_engine_u/rx_fifo_i/inst_fifo_gen/gconvfifo.rf/grf.rf/gntv_or_sync_fifo.gcx.clkx/wr_pntr_cdc_inst/dest_graysync_ff_reg[0][1]
  -------------------------------------------------------------------
                         data arrival                           0.467    
                         clock arrival                         -0.358    
  -------------------------------------------------------------------
                         relative delay                         0.825    

Reference path:
    Location             Delay type                Incr(ns)  Path(ns)    Netlist Resource(s)
  -------------------------------------------------------------------    -------------------
                         (clock clk_200m_mmcm rise edge)
                                                      0.000     0.000 r  
    AL14                                              0.000     0.000 r  clk_50m (IN)
                         net (fo=0)                   0.000     0.000    clock_input_buffer/I
    AL14                 INBUF (Prop_INBUF_HRIO_PAD_O)
                                                      0.656     0.656 r  clock_input_buffer/INBUF_INST/O
                         net (fo=1, routed)           0.059     0.715    clock_input_buffer/OUT
    AL14                 IBUFCTRL (Prop_IBUFCTRL_HRIO_I_O)
                                                      0.032     0.747 r  clock_input_buffer/IBUFCTRL_INST/O
                         net (fo=1, routed)           0.778     1.525    clk_50m_ibuf
    MMCME3_ADV_X2Y1      MMCME3_ADV (Prop_MMCME3_ADV_CLKIN1_CLKOUT0)
                                                     -5.289    -3.764 r  clock_manager/CLKOUT0
                         net (fo=1, routed)           0.372    -3.392    clk_200m_mmcm
    BUFGCE_X2Y26         BUFGCE (Prop_BUFCE_BUFGCE_I_O)
                                                      0.075    -3.317 r  system_clock_buffer/O
    X2Y2 (CLOCK_ROOT)    net (fo=27140, routed)       2.502    -0.815    jtag_master/inst/jtag_axi_engine_u/rx_fifo_i/inst_fifo_gen/gconvfifo.rf/grf.rf/gntv_or_sync_fifo.gcx.clkx/wr_pntr_cdc_inst/src_clk
    SLICE_X50Y236        FDRE                                         r  jtag_master/inst/jtag_axi_engine_u/rx_fifo_i/inst_fifo_gen/gconvfifo.rf/grf.rf/gntv_or_sync_fifo.gcx.clkx/wr_pntr_cdc_inst/src_gray_ff_reg[5]/C
  -------------------------------------------------------------------    -------------------
    SLICE_X50Y236        FDRE (Prop_BFF2_SLICEL_C_Q)
                                                      0.106    -0.709 r  jtag_master/inst/jtag_axi_engine_u/rx_fifo_i/inst_fifo_gen/gconvfifo.rf/grf.rf/gntv_or_sync_fifo.gcx.clkx/wr_pntr_cdc_inst/src_gray_ff_reg[5]/Q
                         net (fo=1, routed)           0.401    -0.308    jtag_master/inst/jtag_axi_engine_u/rx_fifo_i/inst_fifo_gen/gconvfifo.rf/grf.rf/gntv_or_sync_fifo.gcx.clkx/wr_pntr_cdc_inst/async_path[5]
    SLICE_X51Y236        FDRE                                         r  jtag_master/inst/jtag_axi_engine_u/rx_fifo_i/inst_fifo_gen/gconvfifo.rf/grf.rf/gntv_or_sync_fifo.gcx.clkx/wr_pntr_cdc_inst/dest_graysync_ff_reg[0][5]/D
  -------------------------------------------------------------------    -------------------

                         (clock clk_200m_mmcm rise edge)
                                                      0.000     0.000 r  
    AL14                                              0.000     0.000 r  clk_50m (IN)
                         net (fo=0)                   0.000     0.000    clock_input_buffer/I
    AL14                 INBUF (Prop_INBUF_HRIO_PAD_O)
                                                      0.922     0.922 r  clock_input_buffer/INBUF_INST/O
                         net (fo=1, routed)           0.092     1.014    clock_input_buffer/OUT
    AL14                 IBUFCTRL (Prop_IBUFCTRL_HRIO_I_O)
                                                      0.043     1.057 r  clock_input_buffer/IBUFCTRL_INST/O
                         net (fo=1, routed)           0.865     1.922    clk_50m_ibuf
    MMCME3_ADV_X2Y1      MMCME3_ADV (Prop_MMCME3_ADV_CLKIN1_CLKOUT0)
                                                     -5.587    -3.665 r  clock_manager/CLKOUT0
                         net (fo=1, routed)           0.437    -3.228    clk_200m_mmcm
    BUFGCE_X2Y26         BUFGCE (Prop_BUFCE_BUFGCE_I_O)
                                                      0.083    -3.145 r  system_clock_buffer/O
    X2Y2 (CLOCK_ROOT)    net (fo=27140, routed)       2.801    -0.344    jtag_master/inst/jtag_axi_engine_u/rx_fifo_i/inst_fifo_gen/gconvfifo.rf/grf.rf/gntv_or_sync_fifo.gcx.clkx/wr_pntr_cdc_inst/dest_clk
    SLICE_X51Y236        FDRE                                         r  jtag_master/inst/jtag_axi_engine_u/rx_fifo_i/inst_fifo_gen/gconvfifo.rf/grf.rf/gntv_or_sync_fifo.gcx.clkx/wr_pntr_cdc_inst/dest_graysync_ff_reg[0][5]/C
                         clock pessimism             -0.345    -0.688    
    SLICE_X51Y236        FDRE (Hold_CFF2_SLICEL_C_D)
                                                      0.109    -0.579    jtag_master/inst/jtag_axi_engine_u/rx_fifo_i/inst_fifo_gen/gconvfifo.rf/grf.rf/gntv_or_sync_fifo.gcx.clkx/wr_pntr_cdc_inst/dest_graysync_ff_reg[0][5]
  -------------------------------------------------------------------
                         data arrival                          -0.308    
                         clock arrival                         -0.579    
  -------------------------------------------------------------------
                         relative delay                         0.271    



Id: 5
set_bus_skew -from [get_cells [list {jtag_master/inst/jtag_axi_engine_u/rd_cmd_fifo_i/inst_fifo_gen/gconvfifo.rf/grf.rf/gntv_or_sync_fifo.gcx.clkx/rd_pntr_cdc_inst/src_gray_ff_reg[0]} {jtag_master/inst/jtag_axi_engine_u/rd_cmd_fifo_i/inst_fifo_gen/gconvfifo.rf/grf.rf/gntv_or_sync_fifo.gcx.clkx/rd_pntr_cdc_inst/src_gray_ff_reg[1]} {jtag_master/inst/jtag_axi_engine_u/rd_cmd_fifo_i/inst_fifo_gen/gconvfifo.rf/grf.rf/gntv_or_sync_fifo.gcx.clkx/rd_pntr_cdc_inst/src_gray_ff_reg[2]} {jtag_master/inst/jtag_axi_engine_u/rd_cmd_fifo_i/inst_fifo_gen/gconvfifo.rf/grf.rf/gntv_or_sync_fifo.gcx.clkx/rd_pntr_cdc_inst/src_gray_ff_reg[3]}]] -to [get_cells [list {jtag_master/inst/jtag_axi_engine_u/rd_cmd_fifo_i/inst_fifo_gen/gconvfifo.rf/grf.rf/gntv_or_sync_fifo.gcx.clkx/rd_pntr_cdc_inst/dest_graysync_ff_reg[0][0]} {jtag_master/inst/jtag_axi_engine_u/rd_cmd_fifo_i/inst_fifo_gen/gconvfifo.rf/grf.rf/gntv_or_sync_fifo.gcx.clkx/rd_pntr_cdc_inst/dest_graysync_ff_reg[0][1]} {jtag_master/inst/jtag_axi_engine_u/rd_cmd_fifo_i/inst_fifo_gen/gconvfifo.rf/grf.rf/gntv_or_sync_fifo.gcx.clkx/rd_pntr_cdc_inst/dest_graysync_ff_reg[0][2]} {jtag_master/inst/jtag_axi_engine_u/rd_cmd_fifo_i/inst_fifo_gen/gconvfifo.rf/grf.rf/gntv_or_sync_fifo.gcx.clkx/rd_pntr_cdc_inst/dest_graysync_ff_reg[0][3]}]] 5.000
Requirement: 5.000ns
Endpoints: 4

From Clock            To Clock              Endpoint Pin                    Reference Pin                   Corner  Actual(ns)  Slack(ns)
--------------------  --------------------  ------------------------------  ------------------------------  ------  ----------  ---------
clk_200m_mmcm         clk_200m_mmcm         jtag_master/inst/jtag_axi_engine_u/rd_cmd_fifo_i/inst_fifo_gen/gconvfifo.rf/grf.rf/gntv_or_sync_fifo.gcx.clkx/rd_pntr_cdc_inst/dest_graysync_ff_reg[0][2]/D
                                                                            jtag_master/inst/jtag_axi_engine_u/rd_cmd_fifo_i/inst_fifo_gen/gconvfifo.rf/grf.rf/gntv_or_sync_fifo.gcx.clkx/rd_pntr_cdc_inst/dest_graysync_ff_reg[0][1]/D
                                                                                                            Slow         0.378      4.622


Slack (MET) :             4.622ns  (requirement - actual skew)
  Endpoint Source:        jtag_master/inst/jtag_axi_engine_u/rd_cmd_fifo_i/inst_fifo_gen/gconvfifo.rf/grf.rf/gntv_or_sync_fifo.gcx.clkx/rd_pntr_cdc_inst/src_gray_ff_reg[2]/C
                            (rising edge-triggered cell FDRE clocked by clk_200m_mmcm)
  Endpoint Destination:   jtag_master/inst/jtag_axi_engine_u/rd_cmd_fifo_i/inst_fifo_gen/gconvfifo.rf/grf.rf/gntv_or_sync_fifo.gcx.clkx/rd_pntr_cdc_inst/dest_graysync_ff_reg[0][2]/D
                            (rising edge-triggered cell FDRE clocked by clk_200m_mmcm)
  Reference Source:       jtag_master/inst/jtag_axi_engine_u/rd_cmd_fifo_i/inst_fifo_gen/gconvfifo.rf/grf.rf/gntv_or_sync_fifo.gcx.clkx/rd_pntr_cdc_inst/src_gray_ff_reg[1]/C
                            (rising edge-triggered cell FDRE clocked by clk_200m_mmcm)
  Reference Destination:  jtag_master/inst/jtag_axi_engine_u/rd_cmd_fifo_i/inst_fifo_gen/gconvfifo.rf/grf.rf/gntv_or_sync_fifo.gcx.clkx/rd_pntr_cdc_inst/dest_graysync_ff_reg[0][1]/D
                            (rising edge-triggered cell FDRE clocked by clk_200m_mmcm)
  Path Type:              Bus Skew (Max at Slow Process Corner)
  Requirement:            5.000ns
  Endpoint Relative Delay:    0.781ns
  Reference Relative Delay:   0.391ns
  Relative CRPR:              0.057ns
  Uncertainty:                0.045ns
  Actual Bus Skew:            0.378ns  (Endpoint Relative Delay - Reference Relative Delay - Relative CRPR + Uncertainty)

Endpoint path:
    Location             Delay type                Incr(ns)  Path(ns)    Netlist Resource(s)
  -------------------------------------------------------------------    -------------------
                         (clock clk_200m_mmcm rise edge)
                                                      0.000     0.000 r  
    AL14                                              0.000     0.000 r  clk_50m (IN)
                         net (fo=0)                   0.000     0.000    clock_input_buffer/I
    AL14                 INBUF (Prop_INBUF_HRIO_PAD_O)
                                                      0.922     0.922 r  clock_input_buffer/INBUF_INST/O
                         net (fo=1, routed)           0.092     1.014    clock_input_buffer/OUT
    AL14                 IBUFCTRL (Prop_IBUFCTRL_HRIO_I_O)
                                                      0.043     1.057 r  clock_input_buffer/IBUFCTRL_INST/O
                         net (fo=1, routed)           0.865     1.922    clk_50m_ibuf
    MMCME3_ADV_X2Y1      MMCME3_ADV (Prop_MMCME3_ADV_CLKIN1_CLKOUT0)
                                                     -5.587    -3.665 r  clock_manager/CLKOUT0
                         net (fo=1, routed)           0.437    -3.228    clk_200m_mmcm
    BUFGCE_X2Y26         BUFGCE (Prop_BUFCE_BUFGCE_I_O)
                                                      0.083    -3.145 r  system_clock_buffer/O
    X2Y2 (CLOCK_ROOT)    net (fo=27140, routed)       2.851    -0.294    jtag_master/inst/jtag_axi_engine_u/rd_cmd_fifo_i/inst_fifo_gen/gconvfifo.rf/grf.rf/gntv_or_sync_fifo.gcx.clkx/rd_pntr_cdc_inst/src_clk
    SLICE_X67Y232        FDRE                                         r  jtag_master/inst/jtag_axi_engine_u/rd_cmd_fifo_i/inst_fifo_gen/gconvfifo.rf/grf.rf/gntv_or_sync_fifo.gcx.clkx/rd_pntr_cdc_inst/src_gray_ff_reg[2]/C
  -------------------------------------------------------------------    -------------------
    SLICE_X67Y232        FDRE (Prop_DFF_SLICEM_C_Q)
                                                      0.114    -0.180 r  jtag_master/inst/jtag_axi_engine_u/rd_cmd_fifo_i/inst_fifo_gen/gconvfifo.rf/grf.rf/gntv_or_sync_fifo.gcx.clkx/rd_pntr_cdc_inst/src_gray_ff_reg[2]/Q
                         net (fo=1, routed)           0.667     0.487    jtag_master/inst/jtag_axi_engine_u/rd_cmd_fifo_i/inst_fifo_gen/gconvfifo.rf/grf.rf/gntv_or_sync_fifo.gcx.clkx/rd_pntr_cdc_inst/async_path[2]
    SLICE_X68Y232        FDRE                                         r  jtag_master/inst/jtag_axi_engine_u/rd_cmd_fifo_i/inst_fifo_gen/gconvfifo.rf/grf.rf/gntv_or_sync_fifo.gcx.clkx/rd_pntr_cdc_inst/dest_graysync_ff_reg[0][2]/D
  -------------------------------------------------------------------    -------------------

                         (clock clk_200m_mmcm rise edge)
                                                      0.000     0.000 r  
    AL14                                              0.000     0.000 r  clk_50m (IN)
                         net (fo=0)                   0.000     0.000    clock_input_buffer/I
    AL14                 INBUF (Prop_INBUF_HRIO_PAD_O)
                                                      0.656     0.656 r  clock_input_buffer/INBUF_INST/O
                         net (fo=1, routed)           0.059     0.715    clock_input_buffer/OUT
    AL14                 IBUFCTRL (Prop_IBUFCTRL_HRIO_I_O)
                                                      0.032     0.747 r  clock_input_buffer/IBUFCTRL_INST/O
                         net (fo=1, routed)           0.778     1.525    clk_50m_ibuf
    MMCME3_ADV_X2Y1      MMCME3_ADV (Prop_MMCME3_ADV_CLKIN1_CLKOUT0)
                                                     -5.289    -3.764 r  clock_manager/CLKOUT0
                         net (fo=1, routed)           0.372    -3.392    clk_200m_mmcm
    BUFGCE_X2Y26         BUFGCE (Prop_BUFCE_BUFGCE_I_O)
                                                      0.075    -3.317 r  system_clock_buffer/O
    X2Y2 (CLOCK_ROOT)    net (fo=27140, routed)       2.534    -0.783    jtag_master/inst/jtag_axi_engine_u/rd_cmd_fifo_i/inst_fifo_gen/gconvfifo.rf/grf.rf/gntv_or_sync_fifo.gcx.clkx/rd_pntr_cdc_inst/dest_clk
    SLICE_X68Y232        FDRE                                         r  jtag_master/inst/jtag_axi_engine_u/rd_cmd_fifo_i/inst_fifo_gen/gconvfifo.rf/grf.rf/gntv_or_sync_fifo.gcx.clkx/rd_pntr_cdc_inst/dest_graysync_ff_reg[0][2]/C
                         clock pessimism              0.428    -0.356    
    SLICE_X68Y232        FDRE (Setup_BFF2_SLICEL_C_D)
                                                      0.062    -0.294    jtag_master/inst/jtag_axi_engine_u/rd_cmd_fifo_i/inst_fifo_gen/gconvfifo.rf/grf.rf/gntv_or_sync_fifo.gcx.clkx/rd_pntr_cdc_inst/dest_graysync_ff_reg[0][2]
  -------------------------------------------------------------------
                         data arrival                           0.487    
                         clock arrival                         -0.294    
  -------------------------------------------------------------------
                         relative delay                         0.781    

Reference path:
    Location             Delay type                Incr(ns)  Path(ns)    Netlist Resource(s)
  -------------------------------------------------------------------    -------------------
                         (clock clk_200m_mmcm rise edge)
                                                      0.000     0.000 r  
    AL14                                              0.000     0.000 r  clk_50m (IN)
                         net (fo=0)                   0.000     0.000    clock_input_buffer/I
    AL14                 INBUF (Prop_INBUF_HRIO_PAD_O)
                                                      0.656     0.656 r  clock_input_buffer/INBUF_INST/O
                         net (fo=1, routed)           0.059     0.715    clock_input_buffer/OUT
    AL14                 IBUFCTRL (Prop_IBUFCTRL_HRIO_I_O)
                                                      0.032     0.747 r  clock_input_buffer/IBUFCTRL_INST/O
                         net (fo=1, routed)           0.778     1.525    clk_50m_ibuf
    MMCME3_ADV_X2Y1      MMCME3_ADV (Prop_MMCME3_ADV_CLKIN1_CLKOUT0)
                                                     -5.289    -3.764 r  clock_manager/CLKOUT0
                         net (fo=1, routed)           0.372    -3.392    clk_200m_mmcm
    BUFGCE_X2Y26         BUFGCE (Prop_BUFCE_BUFGCE_I_O)
                                                      0.075    -3.317 r  system_clock_buffer/O
    X2Y2 (CLOCK_ROOT)    net (fo=27140, routed)       2.527    -0.790    jtag_master/inst/jtag_axi_engine_u/rd_cmd_fifo_i/inst_fifo_gen/gconvfifo.rf/grf.rf/gntv_or_sync_fifo.gcx.clkx/rd_pntr_cdc_inst/src_clk
    SLICE_X67Y231        FDRE                                         r  jtag_master/inst/jtag_axi_engine_u/rd_cmd_fifo_i/inst_fifo_gen/gconvfifo.rf/grf.rf/gntv_or_sync_fifo.gcx.clkx/rd_pntr_cdc_inst/src_gray_ff_reg[1]/C
  -------------------------------------------------------------------    -------------------
    SLICE_X67Y231        FDRE (Prop_DFF2_SLICEM_C_Q)
                                                      0.107    -0.683 r  jtag_master/inst/jtag_axi_engine_u/rd_cmd_fifo_i/inst_fifo_gen/gconvfifo.rf/grf.rf/gntv_or_sync_fifo.gcx.clkx/rd_pntr_cdc_inst/src_gray_ff_reg[1]/Q
                         net (fo=1, routed)           0.478    -0.205    jtag_master/inst/jtag_axi_engine_u/rd_cmd_fifo_i/inst_fifo_gen/gconvfifo.rf/grf.rf/gntv_or_sync_fifo.gcx.clkx/rd_pntr_cdc_inst/async_path[1]
    SLICE_X68Y232        FDRE                                         r  jtag_master/inst/jtag_axi_engine_u/rd_cmd_fifo_i/inst_fifo_gen/gconvfifo.rf/grf.rf/gntv_or_sync_fifo.gcx.clkx/rd_pntr_cdc_inst/dest_graysync_ff_reg[0][1]/D
  -------------------------------------------------------------------    -------------------

                         (clock clk_200m_mmcm rise edge)
                                                      0.000     0.000 r  
    AL14                                              0.000     0.000 r  clk_50m (IN)
                         net (fo=0)                   0.000     0.000    clock_input_buffer/I
    AL14                 INBUF (Prop_INBUF_HRIO_PAD_O)
                                                      0.922     0.922 r  clock_input_buffer/INBUF_INST/O
                         net (fo=1, routed)           0.092     1.014    clock_input_buffer/OUT
    AL14                 IBUFCTRL (Prop_IBUFCTRL_HRIO_I_O)
                                                      0.043     1.057 r  clock_input_buffer/IBUFCTRL_INST/O
                         net (fo=1, routed)           0.865     1.922    clk_50m_ibuf
    MMCME3_ADV_X2Y1      MMCME3_ADV (Prop_MMCME3_ADV_CLKIN1_CLKOUT0)
                                                     -5.587    -3.665 r  clock_manager/CLKOUT0
                         net (fo=1, routed)           0.437    -3.228    clk_200m_mmcm
    BUFGCE_X2Y26         BUFGCE (Prop_BUFCE_BUFGCE_I_O)
                                                      0.083    -3.145 r  system_clock_buffer/O
    X2Y2 (CLOCK_ROOT)    net (fo=27140, routed)       2.849    -0.296    jtag_master/inst/jtag_axi_engine_u/rd_cmd_fifo_i/inst_fifo_gen/gconvfifo.rf/grf.rf/gntv_or_sync_fifo.gcx.clkx/rd_pntr_cdc_inst/dest_clk
    SLICE_X68Y232        FDRE                                         r  jtag_master/inst/jtag_axi_engine_u/rd_cmd_fifo_i/inst_fifo_gen/gconvfifo.rf/grf.rf/gntv_or_sync_fifo.gcx.clkx/rd_pntr_cdc_inst/dest_graysync_ff_reg[0][1]/C
                         clock pessimism             -0.410    -0.705    
    SLICE_X68Y232        FDRE (Hold_CFF2_SLICEL_C_D)
                                                      0.109    -0.596    jtag_master/inst/jtag_axi_engine_u/rd_cmd_fifo_i/inst_fifo_gen/gconvfifo.rf/grf.rf/gntv_or_sync_fifo.gcx.clkx/rd_pntr_cdc_inst/dest_graysync_ff_reg[0][1]
  -------------------------------------------------------------------
                         data arrival                          -0.205    
                         clock arrival                         -0.596    
  -------------------------------------------------------------------
                         relative delay                         0.391    



Id: 6
set_bus_skew -from [get_cells [list {jtag_master/inst/jtag_axi_engine_u/wr_cmd_fifo_i/inst_fifo_gen/gconvfifo.rf/grf.rf/gntv_or_sync_fifo.gcx.clkx/wr_pntr_cdc_inst/src_gray_ff_reg[0]} {jtag_master/inst/jtag_axi_engine_u/wr_cmd_fifo_i/inst_fifo_gen/gconvfifo.rf/grf.rf/gntv_or_sync_fifo.gcx.clkx/wr_pntr_cdc_inst/src_gray_ff_reg[1]} {jtag_master/inst/jtag_axi_engine_u/wr_cmd_fifo_i/inst_fifo_gen/gconvfifo.rf/grf.rf/gntv_or_sync_fifo.gcx.clkx/wr_pntr_cdc_inst/src_gray_ff_reg[2]} {jtag_master/inst/jtag_axi_engine_u/wr_cmd_fifo_i/inst_fifo_gen/gconvfifo.rf/grf.rf/gntv_or_sync_fifo.gcx.clkx/wr_pntr_cdc_inst/src_gray_ff_reg[3]}]] -to [get_cells [list {jtag_master/inst/jtag_axi_engine_u/wr_cmd_fifo_i/inst_fifo_gen/gconvfifo.rf/grf.rf/gntv_or_sync_fifo.gcx.clkx/wr_pntr_cdc_inst/dest_graysync_ff_reg[0][0]} {jtag_master/inst/jtag_axi_engine_u/wr_cmd_fifo_i/inst_fifo_gen/gconvfifo.rf/grf.rf/gntv_or_sync_fifo.gcx.clkx/wr_pntr_cdc_inst/dest_graysync_ff_reg[0][1]} {jtag_master/inst/jtag_axi_engine_u/wr_cmd_fifo_i/inst_fifo_gen/gconvfifo.rf/grf.rf/gntv_or_sync_fifo.gcx.clkx/wr_pntr_cdc_inst/dest_graysync_ff_reg[0][2]} {jtag_master/inst/jtag_axi_engine_u/wr_cmd_fifo_i/inst_fifo_gen/gconvfifo.rf/grf.rf/gntv_or_sync_fifo.gcx.clkx/wr_pntr_cdc_inst/dest_graysync_ff_reg[0][3]}]] 5.000
Requirement: 5.000ns
Endpoints: 4

From Clock            To Clock              Endpoint Pin                    Reference Pin                   Corner  Actual(ns)  Slack(ns)
--------------------  --------------------  ------------------------------  ------------------------------  ------  ----------  ---------
clk_200m_mmcm         clk_200m_mmcm         jtag_master/inst/jtag_axi_engine_u/wr_cmd_fifo_i/inst_fifo_gen/gconvfifo.rf/grf.rf/gntv_or_sync_fifo.gcx.clkx/wr_pntr_cdc_inst/dest_graysync_ff_reg[0][1]/D
                                                                            jtag_master/inst/jtag_axi_engine_u/wr_cmd_fifo_i/inst_fifo_gen/gconvfifo.rf/grf.rf/gntv_or_sync_fifo.gcx.clkx/wr_pntr_cdc_inst/dest_graysync_ff_reg[0][2]/D
                                                                                                            Slow         0.617      4.383


Slack (MET) :             4.383ns  (requirement - actual skew)
  Endpoint Source:        jtag_master/inst/jtag_axi_engine_u/wr_cmd_fifo_i/inst_fifo_gen/gconvfifo.rf/grf.rf/gntv_or_sync_fifo.gcx.clkx/wr_pntr_cdc_inst/src_gray_ff_reg[1]/C
                            (rising edge-triggered cell FDRE clocked by clk_200m_mmcm)
  Endpoint Destination:   jtag_master/inst/jtag_axi_engine_u/wr_cmd_fifo_i/inst_fifo_gen/gconvfifo.rf/grf.rf/gntv_or_sync_fifo.gcx.clkx/wr_pntr_cdc_inst/dest_graysync_ff_reg[0][1]/D
                            (rising edge-triggered cell FDRE clocked by clk_200m_mmcm)
  Reference Source:       jtag_master/inst/jtag_axi_engine_u/wr_cmd_fifo_i/inst_fifo_gen/gconvfifo.rf/grf.rf/gntv_or_sync_fifo.gcx.clkx/wr_pntr_cdc_inst/src_gray_ff_reg[2]/C
                            (rising edge-triggered cell FDRE clocked by clk_200m_mmcm)
  Reference Destination:  jtag_master/inst/jtag_axi_engine_u/wr_cmd_fifo_i/inst_fifo_gen/gconvfifo.rf/grf.rf/gntv_or_sync_fifo.gcx.clkx/wr_pntr_cdc_inst/dest_graysync_ff_reg[0][2]/D
                            (rising edge-triggered cell FDRE clocked by clk_200m_mmcm)
  Path Type:              Bus Skew (Max at Slow Process Corner)
  Requirement:            5.000ns
  Endpoint Relative Delay:    0.887ns
  Reference Relative Delay:   0.249ns
  Relative CRPR:              0.067ns
  Uncertainty:                0.045ns
  Actual Bus Skew:            0.617ns  (Endpoint Relative Delay - Reference Relative Delay - Relative CRPR + Uncertainty)

Endpoint path:
    Location             Delay type                Incr(ns)  Path(ns)    Netlist Resource(s)
  -------------------------------------------------------------------    -------------------
                         (clock clk_200m_mmcm rise edge)
                                                      0.000     0.000 r  
    AL14                                              0.000     0.000 r  clk_50m (IN)
                         net (fo=0)                   0.000     0.000    clock_input_buffer/I
    AL14                 INBUF (Prop_INBUF_HRIO_PAD_O)
                                                      0.922     0.922 r  clock_input_buffer/INBUF_INST/O
                         net (fo=1, routed)           0.092     1.014    clock_input_buffer/OUT
    AL14                 IBUFCTRL (Prop_IBUFCTRL_HRIO_I_O)
                                                      0.043     1.057 r  clock_input_buffer/IBUFCTRL_INST/O
                         net (fo=1, routed)           0.865     1.922    clk_50m_ibuf
    MMCME3_ADV_X2Y1      MMCME3_ADV (Prop_MMCME3_ADV_CLKIN1_CLKOUT0)
                                                     -5.587    -3.665 r  clock_manager/CLKOUT0
                         net (fo=1, routed)           0.437    -3.228    clk_200m_mmcm
    BUFGCE_X2Y26         BUFGCE (Prop_BUFCE_BUFGCE_I_O)
                                                      0.083    -3.145 r  system_clock_buffer/O
    X2Y2 (CLOCK_ROOT)    net (fo=27140, routed)       2.806    -0.339    jtag_master/inst/jtag_axi_engine_u/wr_cmd_fifo_i/inst_fifo_gen/gconvfifo.rf/grf.rf/gntv_or_sync_fifo.gcx.clkx/wr_pntr_cdc_inst/src_clk
    SLICE_X64Y226        FDRE                                         r  jtag_master/inst/jtag_axi_engine_u/wr_cmd_fifo_i/inst_fifo_gen/gconvfifo.rf/grf.rf/gntv_or_sync_fifo.gcx.clkx/wr_pntr_cdc_inst/src_gray_ff_reg[1]/C
  -------------------------------------------------------------------    -------------------
    SLICE_X64Y226        FDRE (Prop_AFF2_SLICEM_C_Q)
                                                      0.117    -0.222 r  jtag_master/inst/jtag_axi_engine_u/wr_cmd_fifo_i/inst_fifo_gen/gconvfifo.rf/grf.rf/gntv_or_sync_fifo.gcx.clkx/wr_pntr_cdc_inst/src_gray_ff_reg[1]/Q
                         net (fo=1, routed)           0.715     0.493    jtag_master/inst/jtag_axi_engine_u/wr_cmd_fifo_i/inst_fifo_gen/gconvfifo.rf/grf.rf/gntv_or_sync_fifo.gcx.clkx/wr_pntr_cdc_inst/async_path[1]
    SLICE_X70Y226        FDRE                                         r  jtag_master/inst/jtag_axi_engine_u/wr_cmd_fifo_i/inst_fifo_gen/gconvfifo.rf/grf.rf/gntv_or_sync_fifo.gcx.clkx/wr_pntr_cdc_inst/dest_graysync_ff_reg[0][1]/D
  -------------------------------------------------------------------    -------------------

                         (clock clk_200m_mmcm rise edge)
                                                      0.000     0.000 r  
    AL14                                              0.000     0.000 r  clk_50m (IN)
                         net (fo=0)                   0.000     0.000    clock_input_buffer/I
    AL14                 INBUF (Prop_INBUF_HRIO_PAD_O)
                                                      0.656     0.656 r  clock_input_buffer/INBUF_INST/O
                         net (fo=1, routed)           0.059     0.715    clock_input_buffer/OUT
    AL14                 IBUFCTRL (Prop_IBUFCTRL_HRIO_I_O)
                                                      0.032     0.747 r  clock_input_buffer/IBUFCTRL_INST/O
                         net (fo=1, routed)           0.778     1.525    clk_50m_ibuf
    MMCME3_ADV_X2Y1      MMCME3_ADV (Prop_MMCME3_ADV_CLKIN1_CLKOUT0)
                                                     -5.289    -3.764 r  clock_manager/CLKOUT0
                         net (fo=1, routed)           0.372    -3.392    clk_200m_mmcm
    BUFGCE_X2Y26         BUFGCE (Prop_BUFCE_BUFGCE_I_O)
                                                      0.075    -3.317 r  system_clock_buffer/O
    X2Y2 (CLOCK_ROOT)    net (fo=27140, routed)       2.517    -0.800    jtag_master/inst/jtag_axi_engine_u/wr_cmd_fifo_i/inst_fifo_gen/gconvfifo.rf/grf.rf/gntv_or_sync_fifo.gcx.clkx/wr_pntr_cdc_inst/dest_clk
    SLICE_X70Y226        FDRE                                         r  jtag_master/inst/jtag_axi_engine_u/wr_cmd_fifo_i/inst_fifo_gen/gconvfifo.rf/grf.rf/gntv_or_sync_fifo.gcx.clkx/wr_pntr_cdc_inst/dest_graysync_ff_reg[0][1]/C
                         clock pessimism              0.345    -0.456    
    SLICE_X70Y226        FDRE (Setup_CFF2_SLICEM_C_D)
                                                      0.062    -0.394    jtag_master/inst/jtag_axi_engine_u/wr_cmd_fifo_i/inst_fifo_gen/gconvfifo.rf/grf.rf/gntv_or_sync_fifo.gcx.clkx/wr_pntr_cdc_inst/dest_graysync_ff_reg[0][1]
  -------------------------------------------------------------------
                         data arrival                           0.493    
                         clock arrival                         -0.394    
  -------------------------------------------------------------------
                         relative delay                         0.887    

Reference path:
    Location             Delay type                Incr(ns)  Path(ns)    Netlist Resource(s)
  -------------------------------------------------------------------    -------------------
                         (clock clk_200m_mmcm rise edge)
                                                      0.000     0.000 r  
    AL14                                              0.000     0.000 r  clk_50m (IN)
                         net (fo=0)                   0.000     0.000    clock_input_buffer/I
    AL14                 INBUF (Prop_INBUF_HRIO_PAD_O)
                                                      0.656     0.656 r  clock_input_buffer/INBUF_INST/O
                         net (fo=1, routed)           0.059     0.715    clock_input_buffer/OUT
    AL14                 IBUFCTRL (Prop_IBUFCTRL_HRIO_I_O)
                                                      0.032     0.747 r  clock_input_buffer/IBUFCTRL_INST/O
                         net (fo=1, routed)           0.778     1.525    clk_50m_ibuf
    MMCME3_ADV_X2Y1      MMCME3_ADV (Prop_MMCME3_ADV_CLKIN1_CLKOUT0)
                                                     -5.289    -3.764 r  clock_manager/CLKOUT0
                         net (fo=1, routed)           0.372    -3.392    clk_200m_mmcm
    BUFGCE_X2Y26         BUFGCE (Prop_BUFCE_BUFGCE_I_O)
                                                      0.075    -3.317 r  system_clock_buffer/O
    X2Y2 (CLOCK_ROOT)    net (fo=27140, routed)       2.524    -0.793    jtag_master/inst/jtag_axi_engine_u/wr_cmd_fifo_i/inst_fifo_gen/gconvfifo.rf/grf.rf/gntv_or_sync_fifo.gcx.clkx/wr_pntr_cdc_inst/src_clk
    SLICE_X69Y227        FDRE                                         r  jtag_master/inst/jtag_axi_engine_u/wr_cmd_fifo_i/inst_fifo_gen/gconvfifo.rf/grf.rf/gntv_or_sync_fifo.gcx.clkx/wr_pntr_cdc_inst/src_gray_ff_reg[2]/C
  -------------------------------------------------------------------    -------------------
    SLICE_X69Y227        FDRE (Prop_DFF_SLICEL_C_Q)
                                                      0.104    -0.689 r  jtag_master/inst/jtag_axi_engine_u/wr_cmd_fifo_i/inst_fifo_gen/gconvfifo.rf/grf.rf/gntv_or_sync_fifo.gcx.clkx/wr_pntr_cdc_inst/src_gray_ff_reg[2]/Q
                         net (fo=1, routed)           0.372    -0.317    jtag_master/inst/jtag_axi_engine_u/wr_cmd_fifo_i/inst_fifo_gen/gconvfifo.rf/grf.rf/gntv_or_sync_fifo.gcx.clkx/wr_pntr_cdc_inst/async_path[2]
    SLICE_X70Y227        FDRE                                         r  jtag_master/inst/jtag_axi_engine_u/wr_cmd_fifo_i/inst_fifo_gen/gconvfifo.rf/grf.rf/gntv_or_sync_fifo.gcx.clkx/wr_pntr_cdc_inst/dest_graysync_ff_reg[0][2]/D
  -------------------------------------------------------------------    -------------------

                         (clock clk_200m_mmcm rise edge)
                                                      0.000     0.000 r  
    AL14                                              0.000     0.000 r  clk_50m (IN)
                         net (fo=0)                   0.000     0.000    clock_input_buffer/I
    AL14                 INBUF (Prop_INBUF_HRIO_PAD_O)
                                                      0.922     0.922 r  clock_input_buffer/INBUF_INST/O
                         net (fo=1, routed)           0.092     1.014    clock_input_buffer/OUT
    AL14                 IBUFCTRL (Prop_IBUFCTRL_HRIO_I_O)
                                                      0.043     1.057 r  clock_input_buffer/IBUFCTRL_INST/O
                         net (fo=1, routed)           0.865     1.922    clk_50m_ibuf
    MMCME3_ADV_X2Y1      MMCME3_ADV (Prop_MMCME3_ADV_CLKIN1_CLKOUT0)
                                                     -5.587    -3.665 r  clock_manager/CLKOUT0
                         net (fo=1, routed)           0.437    -3.228    clk_200m_mmcm
    BUFGCE_X2Y26         BUFGCE (Prop_BUFCE_BUFGCE_I_O)
                                                      0.083    -3.145 r  system_clock_buffer/O
    X2Y2 (CLOCK_ROOT)    net (fo=27140, routed)       2.814    -0.331    jtag_master/inst/jtag_axi_engine_u/wr_cmd_fifo_i/inst_fifo_gen/gconvfifo.rf/grf.rf/gntv_or_sync_fifo.gcx.clkx/wr_pntr_cdc_inst/dest_clk
    SLICE_X70Y227        FDRE                                         r  jtag_master/inst/jtag_axi_engine_u/wr_cmd_fifo_i/inst_fifo_gen/gconvfifo.rf/grf.rf/gntv_or_sync_fifo.gcx.clkx/wr_pntr_cdc_inst/dest_graysync_ff_reg[0][2]/C
                         clock pessimism             -0.345    -0.675    
    SLICE_X70Y227        FDRE (Hold_DFF2_SLICEM_C_D)
                                                      0.109    -0.566    jtag_master/inst/jtag_axi_engine_u/wr_cmd_fifo_i/inst_fifo_gen/gconvfifo.rf/grf.rf/gntv_or_sync_fifo.gcx.clkx/wr_pntr_cdc_inst/dest_graysync_ff_reg[0][2]
  -------------------------------------------------------------------
                         data arrival                          -0.317    
                         clock arrival                         -0.566    
  -------------------------------------------------------------------
                         relative delay                         0.249    



Id: 7
set_bus_skew -from [get_cells [list {jtag_master/inst/jtag_axi_engine_u/wr_cmd_fifo_i/inst_fifo_gen/gconvfifo.rf/grf.rf/gntv_or_sync_fifo.gcx.clkx/rd_pntr_cdc_inst/src_gray_ff_reg[0]} {jtag_master/inst/jtag_axi_engine_u/wr_cmd_fifo_i/inst_fifo_gen/gconvfifo.rf/grf.rf/gntv_or_sync_fifo.gcx.clkx/rd_pntr_cdc_inst/src_gray_ff_reg[1]} {jtag_master/inst/jtag_axi_engine_u/wr_cmd_fifo_i/inst_fifo_gen/gconvfifo.rf/grf.rf/gntv_or_sync_fifo.gcx.clkx/rd_pntr_cdc_inst/src_gray_ff_reg[2]} {jtag_master/inst/jtag_axi_engine_u/wr_cmd_fifo_i/inst_fifo_gen/gconvfifo.rf/grf.rf/gntv_or_sync_fifo.gcx.clkx/rd_pntr_cdc_inst/src_gray_ff_reg[3]}]] -to [get_cells [list {jtag_master/inst/jtag_axi_engine_u/wr_cmd_fifo_i/inst_fifo_gen/gconvfifo.rf/grf.rf/gntv_or_sync_fifo.gcx.clkx/rd_pntr_cdc_inst/dest_graysync_ff_reg[0][0]} {jtag_master/inst/jtag_axi_engine_u/wr_cmd_fifo_i/inst_fifo_gen/gconvfifo.rf/grf.rf/gntv_or_sync_fifo.gcx.clkx/rd_pntr_cdc_inst/dest_graysync_ff_reg[0][1]} {jtag_master/inst/jtag_axi_engine_u/wr_cmd_fifo_i/inst_fifo_gen/gconvfifo.rf/grf.rf/gntv_or_sync_fifo.gcx.clkx/rd_pntr_cdc_inst/dest_graysync_ff_reg[0][2]} {jtag_master/inst/jtag_axi_engine_u/wr_cmd_fifo_i/inst_fifo_gen/gconvfifo.rf/grf.rf/gntv_or_sync_fifo.gcx.clkx/rd_pntr_cdc_inst/dest_graysync_ff_reg[0][3]}]] 5.000
Requirement: 5.000ns
Endpoints: 4

From Clock            To Clock              Endpoint Pin                    Reference Pin                   Corner  Actual(ns)  Slack(ns)
--------------------  --------------------  ------------------------------  ------------------------------  ------  ----------  ---------
clk_200m_mmcm         clk_200m_mmcm         jtag_master/inst/jtag_axi_engine_u/wr_cmd_fifo_i/inst_fifo_gen/gconvfifo.rf/grf.rf/gntv_or_sync_fifo.gcx.clkx/rd_pntr_cdc_inst/dest_graysync_ff_reg[0][2]/D
                                                                            jtag_master/inst/jtag_axi_engine_u/wr_cmd_fifo_i/inst_fifo_gen/gconvfifo.rf/grf.rf/gntv_or_sync_fifo.gcx.clkx/rd_pntr_cdc_inst/dest_graysync_ff_reg[0][1]/D
                                                                                                            Slow         0.379      4.621


Slack (MET) :             4.621ns  (requirement - actual skew)
  Endpoint Source:        jtag_master/inst/jtag_axi_engine_u/wr_cmd_fifo_i/inst_fifo_gen/gconvfifo.rf/grf.rf/gntv_or_sync_fifo.gcx.clkx/rd_pntr_cdc_inst/src_gray_ff_reg[2]/C
                            (rising edge-triggered cell FDRE clocked by clk_200m_mmcm)
  Endpoint Destination:   jtag_master/inst/jtag_axi_engine_u/wr_cmd_fifo_i/inst_fifo_gen/gconvfifo.rf/grf.rf/gntv_or_sync_fifo.gcx.clkx/rd_pntr_cdc_inst/dest_graysync_ff_reg[0][2]/D
                            (rising edge-triggered cell FDRE clocked by clk_200m_mmcm)
  Reference Source:       jtag_master/inst/jtag_axi_engine_u/wr_cmd_fifo_i/inst_fifo_gen/gconvfifo.rf/grf.rf/gntv_or_sync_fifo.gcx.clkx/rd_pntr_cdc_inst/src_gray_ff_reg[1]/C
                            (rising edge-triggered cell FDRE clocked by clk_200m_mmcm)
  Reference Destination:  jtag_master/inst/jtag_axi_engine_u/wr_cmd_fifo_i/inst_fifo_gen/gconvfifo.rf/grf.rf/gntv_or_sync_fifo.gcx.clkx/rd_pntr_cdc_inst/dest_graysync_ff_reg[0][1]/D
                            (rising edge-triggered cell FDRE clocked by clk_200m_mmcm)
  Path Type:              Bus Skew (Max at Slow Process Corner)
  Requirement:            5.000ns
  Endpoint Relative Delay:    0.683ns
  Reference Relative Delay:   0.349ns
  Relative CRPR:              0.000ns
  Uncertainty:                0.045ns
  Actual Bus Skew:            0.379ns  (Endpoint Relative Delay - Reference Relative Delay - Relative CRPR + Uncertainty)

Endpoint path:
    Location             Delay type                Incr(ns)  Path(ns)    Netlist Resource(s)
  -------------------------------------------------------------------    -------------------
                         (clock clk_200m_mmcm rise edge)
                                                      0.000     0.000 r  
    AL14                                              0.000     0.000 r  clk_50m (IN)
                         net (fo=0)                   0.000     0.000    clock_input_buffer/I
    AL14                 INBUF (Prop_INBUF_HRIO_PAD_O)
                                                      0.922     0.922 r  clock_input_buffer/INBUF_INST/O
                         net (fo=1, routed)           0.092     1.014    clock_input_buffer/OUT
    AL14                 IBUFCTRL (Prop_IBUFCTRL_HRIO_I_O)
                                                      0.043     1.057 r  clock_input_buffer/IBUFCTRL_INST/O
                         net (fo=1, routed)           0.865     1.922    clk_50m_ibuf
    MMCME3_ADV_X2Y1      MMCME3_ADV (Prop_MMCME3_ADV_CLKIN1_CLKOUT0)
                                                     -5.587    -3.665 r  clock_manager/CLKOUT0
                         net (fo=1, routed)           0.437    -3.228    clk_200m_mmcm
    BUFGCE_X2Y26         BUFGCE (Prop_BUFCE_BUFGCE_I_O)
                                                      0.083    -3.145 r  system_clock_buffer/O
    X2Y2 (CLOCK_ROOT)    net (fo=27140, routed)       2.849    -0.296    jtag_master/inst/jtag_axi_engine_u/wr_cmd_fifo_i/inst_fifo_gen/gconvfifo.rf/grf.rf/gntv_or_sync_fifo.gcx.clkx/rd_pntr_cdc_inst/src_clk
    SLICE_X65Y226        FDRE                                         r  jtag_master/inst/jtag_axi_engine_u/wr_cmd_fifo_i/inst_fifo_gen/gconvfifo.rf/grf.rf/gntv_or_sync_fifo.gcx.clkx/rd_pntr_cdc_inst/src_gray_ff_reg[2]/C
  -------------------------------------------------------------------    -------------------
    SLICE_X65Y226        FDRE (Prop_DFF_SLICEM_C_Q)
                                                      0.114    -0.182 r  jtag_master/inst/jtag_axi_engine_u/wr_cmd_fifo_i/inst_fifo_gen/gconvfifo.rf/grf.rf/gntv_or_sync_fifo.gcx.clkx/rd_pntr_cdc_inst/src_gray_ff_reg[2]/Q
                         net (fo=1, routed)           0.628     0.446    jtag_master/inst/jtag_axi_engine_u/wr_cmd_fifo_i/inst_fifo_gen/gconvfifo.rf/grf.rf/gntv_or_sync_fifo.gcx.clkx/rd_pntr_cdc_inst/async_path[2]
    SLICE_X65Y226        FDRE                                         r  jtag_master/inst/jtag_axi_engine_u/wr_cmd_fifo_i/inst_fifo_gen/gconvfifo.rf/grf.rf/gntv_or_sync_fifo.gcx.clkx/rd_pntr_cdc_inst/dest_graysync_ff_reg[0][2]/D
  -------------------------------------------------------------------    -------------------

                         (clock clk_200m_mmcm rise edge)
                                                      0.000     0.000 r  
    AL14                                              0.000     0.000 r  clk_50m (IN)
                         net (fo=0)                   0.000     0.000    clock_input_buffer/I
    AL14                 INBUF (Prop_INBUF_HRIO_PAD_O)
                                                      0.656     0.656 r  clock_input_buffer/INBUF_INST/O
                         net (fo=1, routed)           0.059     0.715    clock_input_buffer/OUT
    AL14                 IBUFCTRL (Prop_IBUFCTRL_HRIO_I_O)
                                                      0.032     0.747 r  clock_input_buffer/IBUFCTRL_INST/O
                         net (fo=1, routed)           0.778     1.525    clk_50m_ibuf
    MMCME3_ADV_X2Y1      MMCME3_ADV (Prop_MMCME3_ADV_CLKIN1_CLKOUT0)
                                                     -5.289    -3.764 r  clock_manager/CLKOUT0
                         net (fo=1, routed)           0.372    -3.392    clk_200m_mmcm
    BUFGCE_X2Y26         BUFGCE (Prop_BUFCE_BUFGCE_I_O)
                                                      0.075    -3.317 r  system_clock_buffer/O
    X2Y2 (CLOCK_ROOT)    net (fo=27140, routed)       2.531    -0.786    jtag_master/inst/jtag_axi_engine_u/wr_cmd_fifo_i/inst_fifo_gen/gconvfifo.rf/grf.rf/gntv_or_sync_fifo.gcx.clkx/rd_pntr_cdc_inst/dest_clk
    SLICE_X65Y226        FDRE                                         r  jtag_master/inst/jtag_axi_engine_u/wr_cmd_fifo_i/inst_fifo_gen/gconvfifo.rf/grf.rf/gntv_or_sync_fifo.gcx.clkx/rd_pntr_cdc_inst/dest_graysync_ff_reg[0][2]/C
                         clock pessimism              0.488    -0.299    
    SLICE_X65Y226        FDRE (Setup_CFF2_SLICEM_C_D)
                                                      0.062    -0.237    jtag_master/inst/jtag_axi_engine_u/wr_cmd_fifo_i/inst_fifo_gen/gconvfifo.rf/grf.rf/gntv_or_sync_fifo.gcx.clkx/rd_pntr_cdc_inst/dest_graysync_ff_reg[0][2]
  -------------------------------------------------------------------
                         data arrival                           0.446    
                         clock arrival                         -0.237    
  -------------------------------------------------------------------
                         relative delay                         0.683    

Reference path:
    Location             Delay type                Incr(ns)  Path(ns)    Netlist Resource(s)
  -------------------------------------------------------------------    -------------------
                         (clock clk_200m_mmcm rise edge)
                                                      0.000     0.000 r  
    AL14                                              0.000     0.000 r  clk_50m (IN)
                         net (fo=0)                   0.000     0.000    clock_input_buffer/I
    AL14                 INBUF (Prop_INBUF_HRIO_PAD_O)
                                                      0.656     0.656 r  clock_input_buffer/INBUF_INST/O
                         net (fo=1, routed)           0.059     0.715    clock_input_buffer/OUT
    AL14                 IBUFCTRL (Prop_IBUFCTRL_HRIO_I_O)
                                                      0.032     0.747 r  clock_input_buffer/IBUFCTRL_INST/O
                         net (fo=1, routed)           0.778     1.525    clk_50m_ibuf
    MMCME3_ADV_X2Y1      MMCME3_ADV (Prop_MMCME3_ADV_CLKIN1_CLKOUT0)
                                                     -5.289    -3.764 r  clock_manager/CLKOUT0
                         net (fo=1, routed)           0.372    -3.392    clk_200m_mmcm
    BUFGCE_X2Y26         BUFGCE (Prop_BUFCE_BUFGCE_I_O)
                                                      0.075    -3.317 r  system_clock_buffer/O
    X2Y2 (CLOCK_ROOT)    net (fo=27140, routed)       2.532    -0.785    jtag_master/inst/jtag_axi_engine_u/wr_cmd_fifo_i/inst_fifo_gen/gconvfifo.rf/grf.rf/gntv_or_sync_fifo.gcx.clkx/rd_pntr_cdc_inst/src_clk
    SLICE_X66Y226        FDRE                                         r  jtag_master/inst/jtag_axi_engine_u/wr_cmd_fifo_i/inst_fifo_gen/gconvfifo.rf/grf.rf/gntv_or_sync_fifo.gcx.clkx/rd_pntr_cdc_inst/src_gray_ff_reg[1]/C
  -------------------------------------------------------------------    -------------------
    SLICE_X66Y226        FDRE (Prop_DFF2_SLICEL_C_Q)
                                                      0.107    -0.678 r  jtag_master/inst/jtag_axi_engine_u/wr_cmd_fifo_i/inst_fifo_gen/gconvfifo.rf/grf.rf/gntv_or_sync_fifo.gcx.clkx/rd_pntr_cdc_inst/src_gray_ff_reg[1]/Q
                         net (fo=1, routed)           0.413    -0.265    jtag_master/inst/jtag_axi_engine_u/wr_cmd_fifo_i/inst_fifo_gen/gconvfifo.rf/grf.rf/gntv_or_sync_fifo.gcx.clkx/rd_pntr_cdc_inst/async_path[1]
    SLICE_X65Y226        FDRE                                         r  jtag_master/inst/jtag_axi_engine_u/wr_cmd_fifo_i/inst_fifo_gen/gconvfifo.rf/grf.rf/gntv_or_sync_fifo.gcx.clkx/rd_pntr_cdc_inst/dest_graysync_ff_reg[0][1]/D
  -------------------------------------------------------------------    -------------------

                         (clock clk_200m_mmcm rise edge)
                                                      0.000     0.000 r  
    AL14                                              0.000     0.000 r  clk_50m (IN)
                         net (fo=0)                   0.000     0.000    clock_input_buffer/I
    AL14                 INBUF (Prop_INBUF_HRIO_PAD_O)
                                                      0.922     0.922 r  clock_input_buffer/INBUF_INST/O
                         net (fo=1, routed)           0.092     1.014    clock_input_buffer/OUT
    AL14                 IBUFCTRL (Prop_IBUFCTRL_HRIO_I_O)
                                                      0.043     1.057 r  clock_input_buffer/IBUFCTRL_INST/O
                         net (fo=1, routed)           0.865     1.922    clk_50m_ibuf
    MMCME3_ADV_X2Y1      MMCME3_ADV (Prop_MMCME3_ADV_CLKIN1_CLKOUT0)
                                                     -5.587    -3.665 r  clock_manager/CLKOUT0
                         net (fo=1, routed)           0.437    -3.228    clk_200m_mmcm
    BUFGCE_X2Y26         BUFGCE (Prop_BUFCE_BUFGCE_I_O)
                                                      0.083    -3.145 r  system_clock_buffer/O
    X2Y2 (CLOCK_ROOT)    net (fo=27140, routed)       2.849    -0.296    jtag_master/inst/jtag_axi_engine_u/wr_cmd_fifo_i/inst_fifo_gen/gconvfifo.rf/grf.rf/gntv_or_sync_fifo.gcx.clkx/rd_pntr_cdc_inst/dest_clk
    SLICE_X65Y226        FDRE                                         r  jtag_master/inst/jtag_axi_engine_u/wr_cmd_fifo_i/inst_fifo_gen/gconvfifo.rf/grf.rf/gntv_or_sync_fifo.gcx.clkx/rd_pntr_cdc_inst/dest_graysync_ff_reg[0][1]/C
                         clock pessimism             -0.428    -0.723    
    SLICE_X65Y226        FDRE (Hold_DFF2_SLICEM_C_D)
                                                      0.109    -0.614    jtag_master/inst/jtag_axi_engine_u/wr_cmd_fifo_i/inst_fifo_gen/gconvfifo.rf/grf.rf/gntv_or_sync_fifo.gcx.clkx/rd_pntr_cdc_inst/dest_graysync_ff_reg[0][1]
  -------------------------------------------------------------------
                         data arrival                          -0.265    
                         clock arrival                         -0.614    
  -------------------------------------------------------------------
                         relative delay                         0.349    



Id: 8
set_bus_skew -from [get_cells [list {jtag_master/inst/jtag_axi_engine_u/rd_cmd_fifo_i/inst_fifo_gen/gconvfifo.rf/grf.rf/gntv_or_sync_fifo.gcx.clkx/wr_pntr_cdc_inst/src_gray_ff_reg[0]} {jtag_master/inst/jtag_axi_engine_u/rd_cmd_fifo_i/inst_fifo_gen/gconvfifo.rf/grf.rf/gntv_or_sync_fifo.gcx.clkx/wr_pntr_cdc_inst/src_gray_ff_reg[1]} {jtag_master/inst/jtag_axi_engine_u/rd_cmd_fifo_i/inst_fifo_gen/gconvfifo.rf/grf.rf/gntv_or_sync_fifo.gcx.clkx/wr_pntr_cdc_inst/src_gray_ff_reg[2]} {jtag_master/inst/jtag_axi_engine_u/rd_cmd_fifo_i/inst_fifo_gen/gconvfifo.rf/grf.rf/gntv_or_sync_fifo.gcx.clkx/wr_pntr_cdc_inst/src_gray_ff_reg[3]}]] -to [get_cells [list {jtag_master/inst/jtag_axi_engine_u/rd_cmd_fifo_i/inst_fifo_gen/gconvfifo.rf/grf.rf/gntv_or_sync_fifo.gcx.clkx/wr_pntr_cdc_inst/dest_graysync_ff_reg[0][0]} {jtag_master/inst/jtag_axi_engine_u/rd_cmd_fifo_i/inst_fifo_gen/gconvfifo.rf/grf.rf/gntv_or_sync_fifo.gcx.clkx/wr_pntr_cdc_inst/dest_graysync_ff_reg[0][1]} {jtag_master/inst/jtag_axi_engine_u/rd_cmd_fifo_i/inst_fifo_gen/gconvfifo.rf/grf.rf/gntv_or_sync_fifo.gcx.clkx/wr_pntr_cdc_inst/dest_graysync_ff_reg[0][2]} {jtag_master/inst/jtag_axi_engine_u/rd_cmd_fifo_i/inst_fifo_gen/gconvfifo.rf/grf.rf/gntv_or_sync_fifo.gcx.clkx/wr_pntr_cdc_inst/dest_graysync_ff_reg[0][3]}]] 5.000
Requirement: 5.000ns
Endpoints: 4

From Clock            To Clock              Endpoint Pin                    Reference Pin                   Corner  Actual(ns)  Slack(ns)
--------------------  --------------------  ------------------------------  ------------------------------  ------  ----------  ---------
clk_200m_mmcm         clk_200m_mmcm         jtag_master/inst/jtag_axi_engine_u/rd_cmd_fifo_i/inst_fifo_gen/gconvfifo.rf/grf.rf/gntv_or_sync_fifo.gcx.clkx/wr_pntr_cdc_inst/dest_graysync_ff_reg[0][2]/D
                                                                            jtag_master/inst/jtag_axi_engine_u/rd_cmd_fifo_i/inst_fifo_gen/gconvfifo.rf/grf.rf/gntv_or_sync_fifo.gcx.clkx/wr_pntr_cdc_inst/dest_graysync_ff_reg[0][0]/D
                                                                                                            Slow         0.531      4.469


Slack (MET) :             4.469ns  (requirement - actual skew)
  Endpoint Source:        jtag_master/inst/jtag_axi_engine_u/rd_cmd_fifo_i/inst_fifo_gen/gconvfifo.rf/grf.rf/gntv_or_sync_fifo.gcx.clkx/wr_pntr_cdc_inst/src_gray_ff_reg[2]/C
                            (rising edge-triggered cell FDRE clocked by clk_200m_mmcm)
  Endpoint Destination:   jtag_master/inst/jtag_axi_engine_u/rd_cmd_fifo_i/inst_fifo_gen/gconvfifo.rf/grf.rf/gntv_or_sync_fifo.gcx.clkx/wr_pntr_cdc_inst/dest_graysync_ff_reg[0][2]/D
                            (rising edge-triggered cell FDRE clocked by clk_200m_mmcm)
  Reference Source:       jtag_master/inst/jtag_axi_engine_u/rd_cmd_fifo_i/inst_fifo_gen/gconvfifo.rf/grf.rf/gntv_or_sync_fifo.gcx.clkx/wr_pntr_cdc_inst/src_gray_ff_reg[0]/C
                            (rising edge-triggered cell FDRE clocked by clk_200m_mmcm)
  Reference Destination:  jtag_master/inst/jtag_axi_engine_u/rd_cmd_fifo_i/inst_fifo_gen/gconvfifo.rf/grf.rf/gntv_or_sync_fifo.gcx.clkx/wr_pntr_cdc_inst/dest_graysync_ff_reg[0][0]/D
                            (rising edge-triggered cell FDRE clocked by clk_200m_mmcm)
  Path Type:              Bus Skew (Max at Slow Process Corner)
  Requirement:            5.000ns
  Endpoint Relative Delay:    0.815ns
  Reference Relative Delay:   0.329ns
  Relative CRPR:              0.000ns
  Uncertainty:                0.045ns
  Actual Bus Skew:            0.531ns  (Endpoint Relative Delay - Reference Relative Delay - Relative CRPR + Uncertainty)

Endpoint path:
    Location             Delay type                Incr(ns)  Path(ns)    Netlist Resource(s)
  -------------------------------------------------------------------    -------------------
                         (clock clk_200m_mmcm rise edge)
                                                      0.000     0.000 r  
    AL14                                              0.000     0.000 r  clk_50m (IN)
                         net (fo=0)                   0.000     0.000    clock_input_buffer/I
    AL14                 INBUF (Prop_INBUF_HRIO_PAD_O)
                                                      0.922     0.922 r  clock_input_buffer/INBUF_INST/O
                         net (fo=1, routed)           0.092     1.014    clock_input_buffer/OUT
    AL14                 IBUFCTRL (Prop_IBUFCTRL_HRIO_I_O)
                                                      0.043     1.057 r  clock_input_buffer/IBUFCTRL_INST/O
                         net (fo=1, routed)           0.865     1.922    clk_50m_ibuf
    MMCME3_ADV_X2Y1      MMCME3_ADV (Prop_MMCME3_ADV_CLKIN1_CLKOUT0)
                                                     -5.587    -3.665 r  clock_manager/CLKOUT0
                         net (fo=1, routed)           0.437    -3.228    clk_200m_mmcm
    BUFGCE_X2Y26         BUFGCE (Prop_BUFCE_BUFGCE_I_O)
                                                      0.083    -3.145 r  system_clock_buffer/O
    X2Y2 (CLOCK_ROOT)    net (fo=27140, routed)       2.851    -0.294    jtag_master/inst/jtag_axi_engine_u/rd_cmd_fifo_i/inst_fifo_gen/gconvfifo.rf/grf.rf/gntv_or_sync_fifo.gcx.clkx/wr_pntr_cdc_inst/src_clk
    SLICE_X67Y232        FDRE                                         r  jtag_master/inst/jtag_axi_engine_u/rd_cmd_fifo_i/inst_fifo_gen/gconvfifo.rf/grf.rf/gntv_or_sync_fifo.gcx.clkx/wr_pntr_cdc_inst/src_gray_ff_reg[2]/C
  -------------------------------------------------------------------    -------------------
    SLICE_X67Y232        FDRE (Prop_CFF_SLICEM_C_Q)
                                                      0.114    -0.180 r  jtag_master/inst/jtag_axi_engine_u/rd_cmd_fifo_i/inst_fifo_gen/gconvfifo.rf/grf.rf/gntv_or_sync_fifo.gcx.clkx/wr_pntr_cdc_inst/src_gray_ff_reg[2]/Q
                         net (fo=1, routed)           0.673     0.493    jtag_master/inst/jtag_axi_engine_u/rd_cmd_fifo_i/inst_fifo_gen/gconvfifo.rf/grf.rf/gntv_or_sync_fifo.gcx.clkx/wr_pntr_cdc_inst/async_path[2]
    SLICE_X67Y231        FDRE                                         r  jtag_master/inst/jtag_axi_engine_u/rd_cmd_fifo_i/inst_fifo_gen/gconvfifo.rf/grf.rf/gntv_or_sync_fifo.gcx.clkx/wr_pntr_cdc_inst/dest_graysync_ff_reg[0][2]/D
  -------------------------------------------------------------------    -------------------

                         (clock clk_200m_mmcm rise edge)
                                                      0.000     0.000 r  
    AL14                                              0.000     0.000 r  clk_50m (IN)
                         net (fo=0)                   0.000     0.000    clock_input_buffer/I
    AL14                 INBUF (Prop_INBUF_HRIO_PAD_O)
                                                      0.656     0.656 r  clock_input_buffer/INBUF_INST/O
                         net (fo=1, routed)           0.059     0.715    clock_input_buffer/OUT
    AL14                 IBUFCTRL (Prop_IBUFCTRL_HRIO_I_O)
                                                      0.032     0.747 r  clock_input_buffer/IBUFCTRL_INST/O
                         net (fo=1, routed)           0.778     1.525    clk_50m_ibuf
    MMCME3_ADV_X2Y1      MMCME3_ADV (Prop_MMCME3_ADV_CLKIN1_CLKOUT0)
                                                     -5.289    -3.764 r  clock_manager/CLKOUT0
                         net (fo=1, routed)           0.372    -3.392    clk_200m_mmcm
    BUFGCE_X2Y26         BUFGCE (Prop_BUFCE_BUFGCE_I_O)
                                                      0.075    -3.317 r  system_clock_buffer/O
    X2Y2 (CLOCK_ROOT)    net (fo=27140, routed)       2.526    -0.791    jtag_master/inst/jtag_axi_engine_u/rd_cmd_fifo_i/inst_fifo_gen/gconvfifo.rf/grf.rf/gntv_or_sync_fifo.gcx.clkx/wr_pntr_cdc_inst/dest_clk
    SLICE_X67Y231        FDRE                                         r  jtag_master/inst/jtag_axi_engine_u/rd_cmd_fifo_i/inst_fifo_gen/gconvfifo.rf/grf.rf/gntv_or_sync_fifo.gcx.clkx/wr_pntr_cdc_inst/dest_graysync_ff_reg[0][2]/C
                         clock pessimism              0.410    -0.381    
    SLICE_X67Y231        FDRE (Setup_HFF2_SLICEM_C_D)
                                                      0.060    -0.321    jtag_master/inst/jtag_axi_engine_u/rd_cmd_fifo_i/inst_fifo_gen/gconvfifo.rf/grf.rf/gntv_or_sync_fifo.gcx.clkx/wr_pntr_cdc_inst/dest_graysync_ff_reg[0][2]
  -------------------------------------------------------------------
                         data arrival                           0.493    
                         clock arrival                         -0.321    
  -------------------------------------------------------------------
                         relative delay                         0.815    

Reference path:
    Location             Delay type                Incr(ns)  Path(ns)    Netlist Resource(s)
  -------------------------------------------------------------------    -------------------
                         (clock clk_200m_mmcm rise edge)
                                                      0.000     0.000 r  
    AL14                                              0.000     0.000 r  clk_50m (IN)
                         net (fo=0)                   0.000     0.000    clock_input_buffer/I
    AL14                 INBUF (Prop_INBUF_HRIO_PAD_O)
                                                      0.656     0.656 r  clock_input_buffer/INBUF_INST/O
                         net (fo=1, routed)           0.059     0.715    clock_input_buffer/OUT
    AL14                 IBUFCTRL (Prop_IBUFCTRL_HRIO_I_O)
                                                      0.032     0.747 r  clock_input_buffer/IBUFCTRL_INST/O
                         net (fo=1, routed)           0.778     1.525    clk_50m_ibuf
    MMCME3_ADV_X2Y1      MMCME3_ADV (Prop_MMCME3_ADV_CLKIN1_CLKOUT0)
                                                     -5.289    -3.764 r  clock_manager/CLKOUT0
                         net (fo=1, routed)           0.372    -3.392    clk_200m_mmcm
    BUFGCE_X2Y26         BUFGCE (Prop_BUFCE_BUFGCE_I_O)
                                                      0.075    -3.317 r  system_clock_buffer/O
    X2Y2 (CLOCK_ROOT)    net (fo=27140, routed)       2.526    -0.791    jtag_master/inst/jtag_axi_engine_u/rd_cmd_fifo_i/inst_fifo_gen/gconvfifo.rf/grf.rf/gntv_or_sync_fifo.gcx.clkx/wr_pntr_cdc_inst/src_clk
    SLICE_X66Y232        FDRE                                         r  jtag_master/inst/jtag_axi_engine_u/rd_cmd_fifo_i/inst_fifo_gen/gconvfifo.rf/grf.rf/gntv_or_sync_fifo.gcx.clkx/wr_pntr_cdc_inst/src_gray_ff_reg[0]/C
  -------------------------------------------------------------------    -------------------
    SLICE_X66Y232        FDRE (Prop_HFF_SLICEL_C_Q)
                                                      0.104    -0.687 r  jtag_master/inst/jtag_axi_engine_u/rd_cmd_fifo_i/inst_fifo_gen/gconvfifo.rf/grf.rf/gntv_or_sync_fifo.gcx.clkx/wr_pntr_cdc_inst/src_gray_ff_reg[0]/Q
                         net (fo=1, routed)           0.431    -0.256    jtag_master/inst/jtag_axi_engine_u/rd_cmd_fifo_i/inst_fifo_gen/gconvfifo.rf/grf.rf/gntv_or_sync_fifo.gcx.clkx/wr_pntr_cdc_inst/async_path[0]
    SLICE_X65Y231        FDRE                                         r  jtag_master/inst/jtag_axi_engine_u/rd_cmd_fifo_i/inst_fifo_gen/gconvfifo.rf/grf.rf/gntv_or_sync_fifo.gcx.clkx/wr_pntr_cdc_inst/dest_graysync_ff_reg[0][0]/D
  -------------------------------------------------------------------    -------------------

                         (clock clk_200m_mmcm rise edge)
                                                      0.000     0.000 r  
    AL14                                              0.000     0.000 r  clk_50m (IN)
                         net (fo=0)                   0.000     0.000    clock_input_buffer/I
    AL14                 INBUF (Prop_INBUF_HRIO_PAD_O)
                                                      0.922     0.922 r  clock_input_buffer/INBUF_INST/O
                         net (fo=1, routed)           0.092     1.014    clock_input_buffer/OUT
    AL14                 IBUFCTRL (Prop_IBUFCTRL_HRIO_I_O)
                                                      0.043     1.057 r  clock_input_buffer/IBUFCTRL_INST/O
                         net (fo=1, routed)           0.865     1.922    clk_50m_ibuf
    MMCME3_ADV_X2Y1      MMCME3_ADV (Prop_MMCME3_ADV_CLKIN1_CLKOUT0)
                                                     -5.587    -3.665 r  clock_manager/CLKOUT0
                         net (fo=1, routed)           0.437    -3.228    clk_200m_mmcm
    BUFGCE_X2Y26         BUFGCE (Prop_BUFCE_BUFGCE_I_O)
                                                      0.083    -3.145 r  system_clock_buffer/O
    X2Y2 (CLOCK_ROOT)    net (fo=27140, routed)       2.861    -0.284    jtag_master/inst/jtag_axi_engine_u/rd_cmd_fifo_i/inst_fifo_gen/gconvfifo.rf/grf.rf/gntv_or_sync_fifo.gcx.clkx/wr_pntr_cdc_inst/dest_clk
    SLICE_X65Y231        FDRE                                         r  jtag_master/inst/jtag_axi_engine_u/rd_cmd_fifo_i/inst_fifo_gen/gconvfifo.rf/grf.rf/gntv_or_sync_fifo.gcx.clkx/wr_pntr_cdc_inst/dest_graysync_ff_reg[0][0]/C
                         clock pessimism             -0.410    -0.693    
    SLICE_X65Y231        FDRE (Hold_HFF2_SLICEM_C_D)
                                                      0.108    -0.585    jtag_master/inst/jtag_axi_engine_u/rd_cmd_fifo_i/inst_fifo_gen/gconvfifo.rf/grf.rf/gntv_or_sync_fifo.gcx.clkx/wr_pntr_cdc_inst/dest_graysync_ff_reg[0][0]
  -------------------------------------------------------------------
                         data arrival                          -0.256    
                         clock arrival                         -0.585    
  -------------------------------------------------------------------
                         relative delay                         0.329    



Id: 9
set_bus_skew -from [get_cells [list {dbg_hub/inst/BSCANID.u_xsdbm_id/CORE_XSDB.UUT_MASTER/U_ICON_INTERFACE/U_CMD6_RD/U_RD_FIFO/SUBCORE_FIFO.xsdbm_v3_0_0_rdfifo_inst/inst_fifo_gen/gconvfifo.rf/grf.rf/gntv_or_sync_fifo.gcx.clkx/gnxpm_cdc.rd_pntr_gc_reg[0]} {dbg_hub/inst/BSCANID.u_xsdbm_id/CORE_XSDB.UUT_MASTER/U_ICON_INTERFACE/U_CMD6_RD/U_RD_FIFO/SUBCORE_FIFO.xsdbm_v3_0_0_rdfifo_inst/inst_fifo_gen/gconvfifo.rf/grf.rf/gntv_or_sync_fifo.gcx.clkx/gnxpm_cdc.rd_pntr_gc_reg[1]} {dbg_hub/inst/BSCANID.u_xsdbm_id/CORE_XSDB.UUT_MASTER/U_ICON_INTERFACE/U_CMD6_RD/U_RD_FIFO/SUBCORE_FIFO.xsdbm_v3_0_0_rdfifo_inst/inst_fifo_gen/gconvfifo.rf/grf.rf/gntv_or_sync_fifo.gcx.clkx/gnxpm_cdc.rd_pntr_gc_reg[2]} {dbg_hub/inst/BSCANID.u_xsdbm_id/CORE_XSDB.UUT_MASTER/U_ICON_INTERFACE/U_CMD6_RD/U_RD_FIFO/SUBCORE_FIFO.xsdbm_v3_0_0_rdfifo_inst/inst_fifo_gen/gconvfifo.rf/grf.rf/gntv_or_sync_fifo.gcx.clkx/gnxpm_cdc.rd_pntr_gc_reg[3]}]] -to [get_cells [list {dbg_hub/inst/BSCANID.u_xsdbm_id/CORE_XSDB.UUT_MASTER/U_ICON_INTERFACE/U_CMD6_RD/U_RD_FIFO/SUBCORE_FIFO.xsdbm_v3_0_0_rdfifo_inst/inst_fifo_gen/gconvfifo.rf/grf.rf/gntv_or_sync_fifo.gcx.clkx/gnxpm_cdc.gsync_stage[1].wr_stg_inst/Q_reg_reg[0]} {dbg_hub/inst/BSCANID.u_xsdbm_id/CORE_XSDB.UUT_MASTER/U_ICON_INTERFACE/U_CMD6_RD/U_RD_FIFO/SUBCORE_FIFO.xsdbm_v3_0_0_rdfifo_inst/inst_fifo_gen/gconvfifo.rf/grf.rf/gntv_or_sync_fifo.gcx.clkx/gnxpm_cdc.gsync_stage[1].wr_stg_inst/Q_reg_reg[1]} {dbg_hub/inst/BSCANID.u_xsdbm_id/CORE_XSDB.UUT_MASTER/U_ICON_INTERFACE/U_CMD6_RD/U_RD_FIFO/SUBCORE_FIFO.xsdbm_v3_0_0_rdfifo_inst/inst_fifo_gen/gconvfifo.rf/grf.rf/gntv_or_sync_fifo.gcx.clkx/gnxpm_cdc.gsync_stage[1].wr_stg_inst/Q_reg_reg[2]} {dbg_hub/inst/BSCANID.u_xsdbm_id/CORE_XSDB.UUT_MASTER/U_ICON_INTERFACE/U_CMD6_RD/U_RD_FIFO/SUBCORE_FIFO.xsdbm_v3_0_0_rdfifo_inst/inst_fifo_gen/gconvfifo.rf/grf.rf/gntv_or_sync_fifo.gcx.clkx/gnxpm_cdc.gsync_stage[1].wr_stg_inst/Q_reg_reg[3]}]] 5.000
Requirement: 5.000ns
Endpoints: 4

From Clock            To Clock              Endpoint Pin                    Reference Pin                   Corner  Actual(ns)  Slack(ns)
--------------------  --------------------  ------------------------------  ------------------------------  ------  ----------  ---------
dbg_hub/inst/BSCANID.u_xsdbm_id/SWITCH_N_EXT_BSCAN.bscan_inst/SERIES7_BSCAN.bscan_inst/TCK
                      clk_200m_mmcm         dbg_hub/inst/BSCANID.u_xsdbm_id/CORE_XSDB.UUT_MASTER/U_ICON_INTERFACE/U_CMD6_RD/U_RD_FIFO/SUBCORE_FIFO.xsdbm_v3_0_0_rdfifo_inst/inst_fifo_gen/gconvfifo.rf/grf.rf/gntv_or_sync_fifo.gcx.clkx/gnxpm_cdc.gsync_stage[1].wr_stg_inst/Q_reg_reg[3]/D
                                                                            dbg_hub/inst/BSCANID.u_xsdbm_id/CORE_XSDB.UUT_MASTER/U_ICON_INTERFACE/U_CMD6_RD/U_RD_FIFO/SUBCORE_FIFO.xsdbm_v3_0_0_rdfifo_inst/inst_fifo_gen/gconvfifo.rf/grf.rf/gntv_or_sync_fifo.gcx.clkx/gnxpm_cdc.gsync_stage[1].wr_stg_inst/Q_reg_reg[1]/D
                                                                                                            Slow         0.705      4.295


Slack (MET) :             4.295ns  (requirement - actual skew)
  Endpoint Source:        dbg_hub/inst/BSCANID.u_xsdbm_id/CORE_XSDB.UUT_MASTER/U_ICON_INTERFACE/U_CMD6_RD/U_RD_FIFO/SUBCORE_FIFO.xsdbm_v3_0_0_rdfifo_inst/inst_fifo_gen/gconvfifo.rf/grf.rf/gntv_or_sync_fifo.gcx.clkx/gnxpm_cdc.rd_pntr_gc_reg[3]/C
                            (rising edge-triggered cell FDCE clocked by dbg_hub/inst/BSCANID.u_xsdbm_id/SWITCH_N_EXT_BSCAN.bscan_inst/SERIES7_BSCAN.bscan_inst/TCK)
  Endpoint Destination:   dbg_hub/inst/BSCANID.u_xsdbm_id/CORE_XSDB.UUT_MASTER/U_ICON_INTERFACE/U_CMD6_RD/U_RD_FIFO/SUBCORE_FIFO.xsdbm_v3_0_0_rdfifo_inst/inst_fifo_gen/gconvfifo.rf/grf.rf/gntv_or_sync_fifo.gcx.clkx/gnxpm_cdc.gsync_stage[1].wr_stg_inst/Q_reg_reg[3]/D
                            (rising edge-triggered cell FDCE clocked by clk_200m_mmcm)
  Reference Source:       dbg_hub/inst/BSCANID.u_xsdbm_id/CORE_XSDB.UUT_MASTER/U_ICON_INTERFACE/U_CMD6_RD/U_RD_FIFO/SUBCORE_FIFO.xsdbm_v3_0_0_rdfifo_inst/inst_fifo_gen/gconvfifo.rf/grf.rf/gntv_or_sync_fifo.gcx.clkx/gnxpm_cdc.rd_pntr_gc_reg[1]/C
                            (rising edge-triggered cell FDCE clocked by dbg_hub/inst/BSCANID.u_xsdbm_id/SWITCH_N_EXT_BSCAN.bscan_inst/SERIES7_BSCAN.bscan_inst/TCK)
  Reference Destination:  dbg_hub/inst/BSCANID.u_xsdbm_id/CORE_XSDB.UUT_MASTER/U_ICON_INTERFACE/U_CMD6_RD/U_RD_FIFO/SUBCORE_FIFO.xsdbm_v3_0_0_rdfifo_inst/inst_fifo_gen/gconvfifo.rf/grf.rf/gntv_or_sync_fifo.gcx.clkx/gnxpm_cdc.gsync_stage[1].wr_stg_inst/Q_reg_reg[1]/D
                            (rising edge-triggered cell FDCE clocked by clk_200m_mmcm)
  Path Type:              Bus Skew (Max at Slow Process Corner)
  Requirement:            5.000ns
  Endpoint Relative Delay:    8.562ns
  Reference Relative Delay:   6.419ns
  Relative CRPR:              1.568ns
  Uncertainty:                0.129ns
  Actual Bus Skew:            0.705ns  (Endpoint Relative Delay - Reference Relative Delay - Relative CRPR + Uncertainty)

Endpoint path:
    Location             Delay type                Incr(ns)  Path(ns)    Netlist Resource(s)
  -------------------------------------------------------------------    -------------------
                         (clock dbg_hub/inst/BSCANID.u_xsdbm_id/SWITCH_N_EXT_BSCAN.bscan_inst/SERIES7_BSCAN.bscan_inst/TCK rise edge)
                                                      0.000     0.000 r  
    CONFIG_SITE_X0Y0     BSCANE2                      0.000     0.000 r  dbg_hub/inst/BSCANID.u_xsdbm_id/SWITCH_N_EXT_BSCAN.bscan_inst/SERIES7_BSCAN.bscan_inst/TCK
                         net (fo=1, routed)           4.890     4.890    dbg_hub/inst/BSCANID.u_xsdbm_id/tck_bs
    BUFGCE_X1Y96         BUFGCE (Prop_BUFCE_BUFGCE_I_O)
                                                      0.083     4.973 r  dbg_hub/inst/BSCANID.u_xsdbm_id/SWITCH_N_EXT_BSCAN.u_bufg_icon_tck/O
    X2Y4 (CLOCK_ROOT)    net (fo=478, routed)         1.936     6.909    dbg_hub/inst/BSCANID.u_xsdbm_id/CORE_XSDB.UUT_MASTER/U_ICON_INTERFACE/U_CMD6_RD/U_RD_FIFO/SUBCORE_FIFO.xsdbm_v3_0_0_rdfifo_inst/inst_fifo_gen/gconvfifo.rf/grf.rf/gntv_or_sync_fifo.gcx.clkx/rd_clk
    SLICE_X63Y247        FDCE                                         r  dbg_hub/inst/BSCANID.u_xsdbm_id/CORE_XSDB.UUT_MASTER/U_ICON_INTERFACE/U_CMD6_RD/U_RD_FIFO/SUBCORE_FIFO.xsdbm_v3_0_0_rdfifo_inst/inst_fifo_gen/gconvfifo.rf/grf.rf/gntv_or_sync_fifo.gcx.clkx/gnxpm_cdc.rd_pntr_gc_reg[3]/C
  -------------------------------------------------------------------    -------------------
    SLICE_X63Y247        FDCE (Prop_AFF_SLICEL_C_Q)
                                                      0.115     7.024 r  dbg_hub/inst/BSCANID.u_xsdbm_id/CORE_XSDB.UUT_MASTER/U_ICON_INTERFACE/U_CMD6_RD/U_RD_FIFO/SUBCORE_FIFO.xsdbm_v3_0_0_rdfifo_inst/inst_fifo_gen/gconvfifo.rf/grf.rf/gntv_or_sync_fifo.gcx.clkx/gnxpm_cdc.rd_pntr_gc_reg[3]/Q
                         net (fo=1, routed)           0.792     7.816    dbg_hub/inst/BSCANID.u_xsdbm_id/CORE_XSDB.UUT_MASTER/U_ICON_INTERFACE/U_CMD6_RD/U_RD_FIFO/SUBCORE_FIFO.xsdbm_v3_0_0_rdfifo_inst/inst_fifo_gen/gconvfifo.rf/grf.rf/gntv_or_sync_fifo.gcx.clkx/gnxpm_cdc.gsync_stage[1].wr_stg_inst/Q[3]
    SLICE_X62Y250        FDCE                                         r  dbg_hub/inst/BSCANID.u_xsdbm_id/CORE_XSDB.UUT_MASTER/U_ICON_INTERFACE/U_CMD6_RD/U_RD_FIFO/SUBCORE_FIFO.xsdbm_v3_0_0_rdfifo_inst/inst_fifo_gen/gconvfifo.rf/grf.rf/gntv_or_sync_fifo.gcx.clkx/gnxpm_cdc.gsync_stage[1].wr_stg_inst/Q_reg_reg[3]/D
  -------------------------------------------------------------------    -------------------

                         (clock clk_200m_mmcm rise edge)
                                                      0.000     0.000 r  
    AL14                                              0.000     0.000 r  clk_50m (IN)
                         net (fo=0)                   0.000     0.000    clock_input_buffer/I
    AL14                 INBUF (Prop_INBUF_HRIO_PAD_O)
                                                      0.656     0.656 r  clock_input_buffer/INBUF_INST/O
                         net (fo=1, routed)           0.059     0.715    clock_input_buffer/OUT
    AL14                 IBUFCTRL (Prop_IBUFCTRL_HRIO_I_O)
                                                      0.032     0.747 r  clock_input_buffer/IBUFCTRL_INST/O
                         net (fo=1, routed)           0.778     1.525    clk_50m_ibuf
    MMCME3_ADV_X2Y1      MMCME3_ADV (Prop_MMCME3_ADV_CLKIN1_CLKOUT0)
                                                     -5.289    -3.764 r  clock_manager/CLKOUT0
                         net (fo=1, routed)           0.372    -3.392    clk_200m_mmcm
    BUFGCE_X2Y26         BUFGCE (Prop_BUFCE_BUFGCE_I_O)
                                                      0.075    -3.317 r  system_clock_buffer/O
    X2Y2 (CLOCK_ROOT)    net (fo=27140, routed)       2.509    -0.808    dbg_hub/inst/BSCANID.u_xsdbm_id/CORE_XSDB.UUT_MASTER/U_ICON_INTERFACE/U_CMD6_RD/U_RD_FIFO/SUBCORE_FIFO.xsdbm_v3_0_0_rdfifo_inst/inst_fifo_gen/gconvfifo.rf/grf.rf/gntv_or_sync_fifo.gcx.clkx/gnxpm_cdc.gsync_stage[1].wr_stg_inst/wr_clk
    SLICE_X62Y250        FDCE                                         r  dbg_hub/inst/BSCANID.u_xsdbm_id/CORE_XSDB.UUT_MASTER/U_ICON_INTERFACE/U_CMD6_RD/U_RD_FIFO/SUBCORE_FIFO.xsdbm_v3_0_0_rdfifo_inst/inst_fifo_gen/gconvfifo.rf/grf.rf/gntv_or_sync_fifo.gcx.clkx/gnxpm_cdc.gsync_stage[1].wr_stg_inst/Q_reg_reg[3]/C
                         clock pessimism              0.000    -0.808    
    SLICE_X62Y250        FDCE (Setup_CFF2_SLICEM_C_D)
                                                      0.062    -0.746    dbg_hub/inst/BSCANID.u_xsdbm_id/CORE_XSDB.UUT_MASTER/U_ICON_INTERFACE/U_CMD6_RD/U_RD_FIFO/SUBCORE_FIFO.xsdbm_v3_0_0_rdfifo_inst/inst_fifo_gen/gconvfifo.rf/grf.rf/gntv_or_sync_fifo.gcx.clkx/gnxpm_cdc.gsync_stage[1].wr_stg_inst/Q_reg_reg[3]
  -------------------------------------------------------------------
                         data arrival                           7.816    
                         clock arrival                         -0.746    
  -------------------------------------------------------------------
                         relative delay                         8.562    

Reference path:
    Location             Delay type                Incr(ns)  Path(ns)    Netlist Resource(s)
  -------------------------------------------------------------------    -------------------
                         (clock dbg_hub/inst/BSCANID.u_xsdbm_id/SWITCH_N_EXT_BSCAN.bscan_inst/SERIES7_BSCAN.bscan_inst/TCK rise edge)
                                                      0.000     0.000 r  
    CONFIG_SITE_X0Y0     BSCANE2                      0.000     0.000 r  dbg_hub/inst/BSCANID.u_xsdbm_id/SWITCH_N_EXT_BSCAN.bscan_inst/SERIES7_BSCAN.bscan_inst/TCK
                         net (fo=1, routed)           3.892     3.892    dbg_hub/inst/BSCANID.u_xsdbm_id/tck_bs
    BUFGCE_X1Y96         BUFGCE (Prop_BUFCE_BUFGCE_I_O)
                                                      0.075     3.967 r  dbg_hub/inst/BSCANID.u_xsdbm_id/SWITCH_N_EXT_BSCAN.u_bufg_icon_tck/O
    X2Y4 (CLOCK_ROOT)    net (fo=478, routed)         1.686     5.653    dbg_hub/inst/BSCANID.u_xsdbm_id/CORE_XSDB.UUT_MASTER/U_ICON_INTERFACE/U_CMD6_RD/U_RD_FIFO/SUBCORE_FIFO.xsdbm_v3_0_0_rdfifo_inst/inst_fifo_gen/gconvfifo.rf/grf.rf/gntv_or_sync_fifo.gcx.clkx/rd_clk
    SLICE_X62Y248        FDCE                                         r  dbg_hub/inst/BSCANID.u_xsdbm_id/CORE_XSDB.UUT_MASTER/U_ICON_INTERFACE/U_CMD6_RD/U_RD_FIFO/SUBCORE_FIFO.xsdbm_v3_0_0_rdfifo_inst/inst_fifo_gen/gconvfifo.rf/grf.rf/gntv_or_sync_fifo.gcx.clkx/gnxpm_cdc.rd_pntr_gc_reg[1]/C
  -------------------------------------------------------------------    -------------------
    SLICE_X62Y248        FDCE (Prop_HFF2_SLICEM_C_Q)
                                                      0.106     5.759 r  dbg_hub/inst/BSCANID.u_xsdbm_id/CORE_XSDB.UUT_MASTER/U_ICON_INTERFACE/U_CMD6_RD/U_RD_FIFO/SUBCORE_FIFO.xsdbm_v3_0_0_rdfifo_inst/inst_fifo_gen/gconvfifo.rf/grf.rf/gntv_or_sync_fifo.gcx.clkx/gnxpm_cdc.rd_pntr_gc_reg[1]/Q
                         net (fo=1, routed)           0.420     6.179    dbg_hub/inst/BSCANID.u_xsdbm_id/CORE_XSDB.UUT_MASTER/U_ICON_INTERFACE/U_CMD6_RD/U_RD_FIFO/SUBCORE_FIFO.xsdbm_v3_0_0_rdfifo_inst/inst_fifo_gen/gconvfifo.rf/grf.rf/gntv_or_sync_fifo.gcx.clkx/gnxpm_cdc.gsync_stage[1].wr_stg_inst/Q[1]
    SLICE_X62Y249        FDCE                                         r  dbg_hub/inst/BSCANID.u_xsdbm_id/CORE_XSDB.UUT_MASTER/U_ICON_INTERFACE/U_CMD6_RD/U_RD_FIFO/SUBCORE_FIFO.xsdbm_v3_0_0_rdfifo_inst/inst_fifo_gen/gconvfifo.rf/grf.rf/gntv_or_sync_fifo.gcx.clkx/gnxpm_cdc.gsync_stage[1].wr_stg_inst/Q_reg_reg[1]/D
  -------------------------------------------------------------------    -------------------

                         (clock clk_200m_mmcm rise edge)
                                                      0.000     0.000 r  
    AL14                                              0.000     0.000 r  clk_50m (IN)
                         net (fo=0)                   0.000     0.000    clock_input_buffer/I
    AL14                 INBUF (Prop_INBUF_HRIO_PAD_O)
                                                      0.922     0.922 r  clock_input_buffer/INBUF_INST/O
                         net (fo=1, routed)           0.092     1.014    clock_input_buffer/OUT
    AL14                 IBUFCTRL (Prop_IBUFCTRL_HRIO_I_O)
                                                      0.043     1.057 r  clock_input_buffer/IBUFCTRL_INST/O
                         net (fo=1, routed)           0.865     1.922    clk_50m_ibuf
    MMCME3_ADV_X2Y1      MMCME3_ADV (Prop_MMCME3_ADV_CLKIN1_CLKOUT0)
                                                     -5.587    -3.665 r  clock_manager/CLKOUT0
                         net (fo=1, routed)           0.437    -3.228    clk_200m_mmcm
    BUFGCE_X2Y26         BUFGCE (Prop_BUFCE_BUFGCE_I_O)
                                                      0.083    -3.145 r  system_clock_buffer/O
    X2Y2 (CLOCK_ROOT)    net (fo=27140, routed)       2.796    -0.349    dbg_hub/inst/BSCANID.u_xsdbm_id/CORE_XSDB.UUT_MASTER/U_ICON_INTERFACE/U_CMD6_RD/U_RD_FIFO/SUBCORE_FIFO.xsdbm_v3_0_0_rdfifo_inst/inst_fifo_gen/gconvfifo.rf/grf.rf/gntv_or_sync_fifo.gcx.clkx/gnxpm_cdc.gsync_stage[1].wr_stg_inst/wr_clk
    SLICE_X62Y249        FDCE                                         r  dbg_hub/inst/BSCANID.u_xsdbm_id/CORE_XSDB.UUT_MASTER/U_ICON_INTERFACE/U_CMD6_RD/U_RD_FIFO/SUBCORE_FIFO.xsdbm_v3_0_0_rdfifo_inst/inst_fifo_gen/gconvfifo.rf/grf.rf/gntv_or_sync_fifo.gcx.clkx/gnxpm_cdc.gsync_stage[1].wr_stg_inst/Q_reg_reg[1]/C
                         clock pessimism              0.000    -0.349    
    SLICE_X62Y249        FDCE (Hold_CFF2_SLICEM_C_D)
                                                      0.109    -0.240    dbg_hub/inst/BSCANID.u_xsdbm_id/CORE_XSDB.UUT_MASTER/U_ICON_INTERFACE/U_CMD6_RD/U_RD_FIFO/SUBCORE_FIFO.xsdbm_v3_0_0_rdfifo_inst/inst_fifo_gen/gconvfifo.rf/grf.rf/gntv_or_sync_fifo.gcx.clkx/gnxpm_cdc.gsync_stage[1].wr_stg_inst/Q_reg_reg[1]
  -------------------------------------------------------------------
                         data arrival                           6.179    
                         clock arrival                         -0.240    
  -------------------------------------------------------------------
                         relative delay                         6.419    



Id: 10
set_bus_skew -from [get_cells [list {dbg_hub/inst/BSCANID.u_xsdbm_id/CORE_XSDB.UUT_MASTER/U_ICON_INTERFACE/U_CMD6_RD/U_RD_FIFO/SUBCORE_FIFO.xsdbm_v3_0_0_rdfifo_inst/inst_fifo_gen/gconvfifo.rf/grf.rf/gntv_or_sync_fifo.gcx.clkx/gnxpm_cdc.wr_pntr_gc_reg[0]} {dbg_hub/inst/BSCANID.u_xsdbm_id/CORE_XSDB.UUT_MASTER/U_ICON_INTERFACE/U_CMD6_RD/U_RD_FIFO/SUBCORE_FIFO.xsdbm_v3_0_0_rdfifo_inst/inst_fifo_gen/gconvfifo.rf/grf.rf/gntv_or_sync_fifo.gcx.clkx/gnxpm_cdc.wr_pntr_gc_reg[1]} {dbg_hub/inst/BSCANID.u_xsdbm_id/CORE_XSDB.UUT_MASTER/U_ICON_INTERFACE/U_CMD6_RD/U_RD_FIFO/SUBCORE_FIFO.xsdbm_v3_0_0_rdfifo_inst/inst_fifo_gen/gconvfifo.rf/grf.rf/gntv_or_sync_fifo.gcx.clkx/gnxpm_cdc.wr_pntr_gc_reg[2]} {dbg_hub/inst/BSCANID.u_xsdbm_id/CORE_XSDB.UUT_MASTER/U_ICON_INTERFACE/U_CMD6_RD/U_RD_FIFO/SUBCORE_FIFO.xsdbm_v3_0_0_rdfifo_inst/inst_fifo_gen/gconvfifo.rf/grf.rf/gntv_or_sync_fifo.gcx.clkx/gnxpm_cdc.wr_pntr_gc_reg[3]}]] -to [get_cells [list {dbg_hub/inst/BSCANID.u_xsdbm_id/CORE_XSDB.UUT_MASTER/U_ICON_INTERFACE/U_CMD6_RD/U_RD_FIFO/SUBCORE_FIFO.xsdbm_v3_0_0_rdfifo_inst/inst_fifo_gen/gconvfifo.rf/grf.rf/gntv_or_sync_fifo.gcx.clkx/gnxpm_cdc.gsync_stage[1].rd_stg_inst/Q_reg_reg[0]} {dbg_hub/inst/BSCANID.u_xsdbm_id/CORE_XSDB.UUT_MASTER/U_ICON_INTERFACE/U_CMD6_RD/U_RD_FIFO/SUBCORE_FIFO.xsdbm_v3_0_0_rdfifo_inst/inst_fifo_gen/gconvfifo.rf/grf.rf/gntv_or_sync_fifo.gcx.clkx/gnxpm_cdc.gsync_stage[1].rd_stg_inst/Q_reg_reg[1]} {dbg_hub/inst/BSCANID.u_xsdbm_id/CORE_XSDB.UUT_MASTER/U_ICON_INTERFACE/U_CMD6_RD/U_RD_FIFO/SUBCORE_FIFO.xsdbm_v3_0_0_rdfifo_inst/inst_fifo_gen/gconvfifo.rf/grf.rf/gntv_or_sync_fifo.gcx.clkx/gnxpm_cdc.gsync_stage[1].rd_stg_inst/Q_reg_reg[2]} {dbg_hub/inst/BSCANID.u_xsdbm_id/CORE_XSDB.UUT_MASTER/U_ICON_INTERFACE/U_CMD6_RD/U_RD_FIFO/SUBCORE_FIFO.xsdbm_v3_0_0_rdfifo_inst/inst_fifo_gen/gconvfifo.rf/grf.rf/gntv_or_sync_fifo.gcx.clkx/gnxpm_cdc.gsync_stage[1].rd_stg_inst/Q_reg_reg[3]}]] 5.000
Requirement: 5.000ns
Endpoints: 4

From Clock            To Clock              Endpoint Pin                    Reference Pin                   Corner  Actual(ns)  Slack(ns)
--------------------  --------------------  ------------------------------  ------------------------------  ------  ----------  ---------
clk_200m_mmcm         dbg_hub/inst/BSCANID.u_xsdbm_id/SWITCH_N_EXT_BSCAN.bscan_inst/SERIES7_BSCAN.bscan_inst/TCK
                                            dbg_hub/inst/BSCANID.u_xsdbm_id/CORE_XSDB.UUT_MASTER/U_ICON_INTERFACE/U_CMD6_RD/U_RD_FIFO/SUBCORE_FIFO.xsdbm_v3_0_0_rdfifo_inst/inst_fifo_gen/gconvfifo.rf/grf.rf/gntv_or_sync_fifo.gcx.clkx/gnxpm_cdc.gsync_stage[1].rd_stg_inst/Q_reg_reg[2]/D
                                                                            dbg_hub/inst/BSCANID.u_xsdbm_id/CORE_XSDB.UUT_MASTER/U_ICON_INTERFACE/U_CMD6_RD/U_RD_FIFO/SUBCORE_FIFO.xsdbm_v3_0_0_rdfifo_inst/inst_fifo_gen/gconvfifo.rf/grf.rf/gntv_or_sync_fifo.gcx.clkx/gnxpm_cdc.gsync_stage[1].rd_stg_inst/Q_reg_reg[3]/D
                                                                                                            Slow         0.625      4.375


Slack (MET) :             4.375ns  (requirement - actual skew)
  Endpoint Source:        dbg_hub/inst/BSCANID.u_xsdbm_id/CORE_XSDB.UUT_MASTER/U_ICON_INTERFACE/U_CMD6_RD/U_RD_FIFO/SUBCORE_FIFO.xsdbm_v3_0_0_rdfifo_inst/inst_fifo_gen/gconvfifo.rf/grf.rf/gntv_or_sync_fifo.gcx.clkx/gnxpm_cdc.wr_pntr_gc_reg[2]/C
                            (rising edge-triggered cell FDCE clocked by clk_200m_mmcm)
  Endpoint Destination:   dbg_hub/inst/BSCANID.u_xsdbm_id/CORE_XSDB.UUT_MASTER/U_ICON_INTERFACE/U_CMD6_RD/U_RD_FIFO/SUBCORE_FIFO.xsdbm_v3_0_0_rdfifo_inst/inst_fifo_gen/gconvfifo.rf/grf.rf/gntv_or_sync_fifo.gcx.clkx/gnxpm_cdc.gsync_stage[1].rd_stg_inst/Q_reg_reg[2]/D
                            (rising edge-triggered cell FDCE clocked by dbg_hub/inst/BSCANID.u_xsdbm_id/SWITCH_N_EXT_BSCAN.bscan_inst/SERIES7_BSCAN.bscan_inst/TCK)
  Reference Source:       dbg_hub/inst/BSCANID.u_xsdbm_id/CORE_XSDB.UUT_MASTER/U_ICON_INTERFACE/U_CMD6_RD/U_RD_FIFO/SUBCORE_FIFO.xsdbm_v3_0_0_rdfifo_inst/inst_fifo_gen/gconvfifo.rf/grf.rf/gntv_or_sync_fifo.gcx.clkx/gnxpm_cdc.wr_pntr_gc_reg[3]/C
                            (rising edge-triggered cell FDCE clocked by clk_200m_mmcm)
  Reference Destination:  dbg_hub/inst/BSCANID.u_xsdbm_id/CORE_XSDB.UUT_MASTER/U_ICON_INTERFACE/U_CMD6_RD/U_RD_FIFO/SUBCORE_FIFO.xsdbm_v3_0_0_rdfifo_inst/inst_fifo_gen/gconvfifo.rf/grf.rf/gntv_or_sync_fifo.gcx.clkx/gnxpm_cdc.gsync_stage[1].rd_stg_inst/Q_reg_reg[3]/D
                            (rising edge-triggered cell FDCE clocked by dbg_hub/inst/BSCANID.u_xsdbm_id/SWITCH_N_EXT_BSCAN.bscan_inst/SERIES7_BSCAN.bscan_inst/TCK)
  Path Type:              Bus Skew (Max at Slow Process Corner)
  Requirement:            5.000ns
  Endpoint Relative Delay:   -5.278ns
  Reference Relative Delay:  -7.213ns
  Relative CRPR:              1.440ns
  Uncertainty:                0.129ns
  Actual Bus Skew:            0.625ns  (Endpoint Relative Delay - Reference Relative Delay - Relative CRPR + Uncertainty)

Endpoint path:
    Location             Delay type                Incr(ns)  Path(ns)    Netlist Resource(s)
  -------------------------------------------------------------------    -------------------
                         (clock clk_200m_mmcm rise edge)
                                                      0.000     0.000 r  
    AL14                                              0.000     0.000 r  clk_50m (IN)
                         net (fo=0)                   0.000     0.000    clock_input_buffer/I
    AL14                 INBUF (Prop_INBUF_HRIO_PAD_O)
                                                      0.922     0.922 r  clock_input_buffer/INBUF_INST/O
                         net (fo=1, routed)           0.092     1.014    clock_input_buffer/OUT
    AL14                 IBUFCTRL (Prop_IBUFCTRL_HRIO_I_O)
                                                      0.043     1.057 r  clock_input_buffer/IBUFCTRL_INST/O
                         net (fo=1, routed)           0.865     1.922    clk_50m_ibuf
    MMCME3_ADV_X2Y1      MMCME3_ADV (Prop_MMCME3_ADV_CLKIN1_CLKOUT0)
                                                     -5.587    -3.665 r  clock_manager/CLKOUT0
                         net (fo=1, routed)           0.437    -3.228    clk_200m_mmcm
    BUFGCE_X2Y26         BUFGCE (Prop_BUFCE_BUFGCE_I_O)
                                                      0.083    -3.145 r  system_clock_buffer/O
    X2Y2 (CLOCK_ROOT)    net (fo=27140, routed)       2.796    -0.349    dbg_hub/inst/BSCANID.u_xsdbm_id/CORE_XSDB.UUT_MASTER/U_ICON_INTERFACE/U_CMD6_RD/U_RD_FIFO/SUBCORE_FIFO.xsdbm_v3_0_0_rdfifo_inst/inst_fifo_gen/gconvfifo.rf/grf.rf/gntv_or_sync_fifo.gcx.clkx/wr_clk
    SLICE_X62Y248        FDCE                                         r  dbg_hub/inst/BSCANID.u_xsdbm_id/CORE_XSDB.UUT_MASTER/U_ICON_INTERFACE/U_CMD6_RD/U_RD_FIFO/SUBCORE_FIFO.xsdbm_v3_0_0_rdfifo_inst/inst_fifo_gen/gconvfifo.rf/grf.rf/gntv_or_sync_fifo.gcx.clkx/gnxpm_cdc.wr_pntr_gc_reg[2]/C
  -------------------------------------------------------------------    -------------------
    SLICE_X62Y248        FDCE (Prop_DFF_SLICEM_C_Q)
                                                      0.114    -0.235 r  dbg_hub/inst/BSCANID.u_xsdbm_id/CORE_XSDB.UUT_MASTER/U_ICON_INTERFACE/U_CMD6_RD/U_RD_FIFO/SUBCORE_FIFO.xsdbm_v3_0_0_rdfifo_inst/inst_fifo_gen/gconvfifo.rf/grf.rf/gntv_or_sync_fifo.gcx.clkx/gnxpm_cdc.wr_pntr_gc_reg[2]/Q
                         net (fo=1, routed)           0.671     0.436    dbg_hub/inst/BSCANID.u_xsdbm_id/CORE_XSDB.UUT_MASTER/U_ICON_INTERFACE/U_CMD6_RD/U_RD_FIFO/SUBCORE_FIFO.xsdbm_v3_0_0_rdfifo_inst/inst_fifo_gen/gconvfifo.rf/grf.rf/gntv_or_sync_fifo.gcx.clkx/gnxpm_cdc.gsync_stage[1].rd_stg_inst/Q[2]
    SLICE_X62Y248        FDCE                                         r  dbg_hub/inst/BSCANID.u_xsdbm_id/CORE_XSDB.UUT_MASTER/U_ICON_INTERFACE/U_CMD6_RD/U_RD_FIFO/SUBCORE_FIFO.xsdbm_v3_0_0_rdfifo_inst/inst_fifo_gen/gconvfifo.rf/grf.rf/gntv_or_sync_fifo.gcx.clkx/gnxpm_cdc.gsync_stage[1].rd_stg_inst/Q_reg_reg[2]/D
  -------------------------------------------------------------------    -------------------

                         (clock dbg_hub/inst/BSCANID.u_xsdbm_id/SWITCH_N_EXT_BSCAN.bscan_inst/SERIES7_BSCAN.bscan_inst/TCK rise edge)
                                                      0.000     0.000 r  
    CONFIG_SITE_X0Y0     BSCANE2                      0.000     0.000 r  dbg_hub/inst/BSCANID.u_xsdbm_id/SWITCH_N_EXT_BSCAN.bscan_inst/SERIES7_BSCAN.bscan_inst/TCK
                         net (fo=1, routed)           3.892     3.892    dbg_hub/inst/BSCANID.u_xsdbm_id/tck_bs
    BUFGCE_X1Y96         BUFGCE (Prop_BUFCE_BUFGCE_I_O)
                                                      0.075     3.967 r  dbg_hub/inst/BSCANID.u_xsdbm_id/SWITCH_N_EXT_BSCAN.u_bufg_icon_tck/O
    X2Y4 (CLOCK_ROOT)    net (fo=478, routed)         1.686     5.653    dbg_hub/inst/BSCANID.u_xsdbm_id/CORE_XSDB.UUT_MASTER/U_ICON_INTERFACE/U_CMD6_RD/U_RD_FIFO/SUBCORE_FIFO.xsdbm_v3_0_0_rdfifo_inst/inst_fifo_gen/gconvfifo.rf/grf.rf/gntv_or_sync_fifo.gcx.clkx/gnxpm_cdc.gsync_stage[1].rd_stg_inst/rd_clk
    SLICE_X62Y248        FDCE                                         r  dbg_hub/inst/BSCANID.u_xsdbm_id/CORE_XSDB.UUT_MASTER/U_ICON_INTERFACE/U_CMD6_RD/U_RD_FIFO/SUBCORE_FIFO.xsdbm_v3_0_0_rdfifo_inst/inst_fifo_gen/gconvfifo.rf/grf.rf/gntv_or_sync_fifo.gcx.clkx/gnxpm_cdc.gsync_stage[1].rd_stg_inst/Q_reg_reg[2]/C
                         clock pessimism              0.000     5.653    
    SLICE_X62Y248        FDCE (Setup_GFF2_SLICEM_C_D)
                                                      0.061     5.714    dbg_hub/inst/BSCANID.u_xsdbm_id/CORE_XSDB.UUT_MASTER/U_ICON_INTERFACE/U_CMD6_RD/U_RD_FIFO/SUBCORE_FIFO.xsdbm_v3_0_0_rdfifo_inst/inst_fifo_gen/gconvfifo.rf/grf.rf/gntv_or_sync_fifo.gcx.clkx/gnxpm_cdc.gsync_stage[1].rd_stg_inst/Q_reg_reg[2]
  -------------------------------------------------------------------
                         data arrival                           0.436    
                         clock arrival                          5.714    
  -------------------------------------------------------------------
                         relative delay                        -5.278    

Reference path:
    Location             Delay type                Incr(ns)  Path(ns)    Netlist Resource(s)
  -------------------------------------------------------------------    -------------------
                         (clock clk_200m_mmcm rise edge)
                                                      0.000     0.000 r  
    AL14                                              0.000     0.000 r  clk_50m (IN)
                         net (fo=0)                   0.000     0.000    clock_input_buffer/I
    AL14                 INBUF (Prop_INBUF_HRIO_PAD_O)
                                                      0.656     0.656 r  clock_input_buffer/INBUF_INST/O
                         net (fo=1, routed)           0.059     0.715    clock_input_buffer/OUT
    AL14                 IBUFCTRL (Prop_IBUFCTRL_HRIO_I_O)
                                                      0.032     0.747 r  clock_input_buffer/IBUFCTRL_INST/O
                         net (fo=1, routed)           0.778     1.525    clk_50m_ibuf
    MMCME3_ADV_X2Y1      MMCME3_ADV (Prop_MMCME3_ADV_CLKIN1_CLKOUT0)
                                                     -5.289    -3.764 r  clock_manager/CLKOUT0
                         net (fo=1, routed)           0.372    -3.392    clk_200m_mmcm
    BUFGCE_X2Y26         BUFGCE (Prop_BUFCE_BUFGCE_I_O)
                                                      0.075    -3.317 r  system_clock_buffer/O
    X2Y2 (CLOCK_ROOT)    net (fo=27140, routed)       2.505    -0.812    dbg_hub/inst/BSCANID.u_xsdbm_id/CORE_XSDB.UUT_MASTER/U_ICON_INTERFACE/U_CMD6_RD/U_RD_FIFO/SUBCORE_FIFO.xsdbm_v3_0_0_rdfifo_inst/inst_fifo_gen/gconvfifo.rf/grf.rf/gntv_or_sync_fifo.gcx.clkx/wr_clk
    SLICE_X64Y249        FDCE                                         r  dbg_hub/inst/BSCANID.u_xsdbm_id/CORE_XSDB.UUT_MASTER/U_ICON_INTERFACE/U_CMD6_RD/U_RD_FIFO/SUBCORE_FIFO.xsdbm_v3_0_0_rdfifo_inst/inst_fifo_gen/gconvfifo.rf/grf.rf/gntv_or_sync_fifo.gcx.clkx/gnxpm_cdc.wr_pntr_gc_reg[3]/C
  -------------------------------------------------------------------    -------------------
    SLICE_X64Y249        FDCE (Prop_EFF_SLICEM_C_Q)
                                                      0.103    -0.709 r  dbg_hub/inst/BSCANID.u_xsdbm_id/CORE_XSDB.UUT_MASTER/U_ICON_INTERFACE/U_CMD6_RD/U_RD_FIFO/SUBCORE_FIFO.xsdbm_v3_0_0_rdfifo_inst/inst_fifo_gen/gconvfifo.rf/grf.rf/gntv_or_sync_fifo.gcx.clkx/gnxpm_cdc.wr_pntr_gc_reg[3]/Q
                         net (fo=1, routed)           0.477    -0.232    dbg_hub/inst/BSCANID.u_xsdbm_id/CORE_XSDB.UUT_MASTER/U_ICON_INTERFACE/U_CMD6_RD/U_RD_FIFO/SUBCORE_FIFO.xsdbm_v3_0_0_rdfifo_inst/inst_fifo_gen/gconvfifo.rf/grf.rf/gntv_or_sync_fifo.gcx.clkx/gnxpm_cdc.gsync_stage[1].rd_stg_inst/Q[3]
    SLICE_X64Y249        FDCE                                         r  dbg_hub/inst/BSCANID.u_xsdbm_id/CORE_XSDB.UUT_MASTER/U_ICON_INTERFACE/U_CMD6_RD/U_RD_FIFO/SUBCORE_FIFO.xsdbm_v3_0_0_rdfifo_inst/inst_fifo_gen/gconvfifo.rf/grf.rf/gntv_or_sync_fifo.gcx.clkx/gnxpm_cdc.gsync_stage[1].rd_stg_inst/Q_reg_reg[3]/D
  -------------------------------------------------------------------    -------------------

                         (clock dbg_hub/inst/BSCANID.u_xsdbm_id/SWITCH_N_EXT_BSCAN.bscan_inst/SERIES7_BSCAN.bscan_inst/TCK rise edge)
                                                      0.000     0.000 r  
    CONFIG_SITE_X0Y0     BSCANE2                      0.000     0.000 r  dbg_hub/inst/BSCANID.u_xsdbm_id/SWITCH_N_EXT_BSCAN.bscan_inst/SERIES7_BSCAN.bscan_inst/TCK
                         net (fo=1, routed)           4.890     4.890    dbg_hub/inst/BSCANID.u_xsdbm_id/tck_bs
    BUFGCE_X1Y96         BUFGCE (Prop_BUFCE_BUFGCE_I_O)
                                                      0.083     4.973 r  dbg_hub/inst/BSCANID.u_xsdbm_id/SWITCH_N_EXT_BSCAN.u_bufg_icon_tck/O
    X2Y4 (CLOCK_ROOT)    net (fo=478, routed)         1.899     6.872    dbg_hub/inst/BSCANID.u_xsdbm_id/CORE_XSDB.UUT_MASTER/U_ICON_INTERFACE/U_CMD6_RD/U_RD_FIFO/SUBCORE_FIFO.xsdbm_v3_0_0_rdfifo_inst/inst_fifo_gen/gconvfifo.rf/grf.rf/gntv_or_sync_fifo.gcx.clkx/gnxpm_cdc.gsync_stage[1].rd_stg_inst/rd_clk
    SLICE_X64Y249        FDCE                                         r  dbg_hub/inst/BSCANID.u_xsdbm_id/CORE_XSDB.UUT_MASTER/U_ICON_INTERFACE/U_CMD6_RD/U_RD_FIFO/SUBCORE_FIFO.xsdbm_v3_0_0_rdfifo_inst/inst_fifo_gen/gconvfifo.rf/grf.rf/gntv_or_sync_fifo.gcx.clkx/gnxpm_cdc.gsync_stage[1].rd_stg_inst/Q_reg_reg[3]/C
                         clock pessimism              0.000     6.872    
    SLICE_X64Y249        FDCE (Hold_CFF2_SLICEM_C_D)
                                                      0.109     6.981    dbg_hub/inst/BSCANID.u_xsdbm_id/CORE_XSDB.UUT_MASTER/U_ICON_INTERFACE/U_CMD6_RD/U_RD_FIFO/SUBCORE_FIFO.xsdbm_v3_0_0_rdfifo_inst/inst_fifo_gen/gconvfifo.rf/grf.rf/gntv_or_sync_fifo.gcx.clkx/gnxpm_cdc.gsync_stage[1].rd_stg_inst/Q_reg_reg[3]
  -------------------------------------------------------------------
                         data arrival                          -0.232    
                         clock arrival                          6.981    
  -------------------------------------------------------------------
                         relative delay                        -7.213    



Id: 11
set_bus_skew -from [get_cells [list {dbg_hub/inst/BSCANID.u_xsdbm_id/CORE_XSDB.UUT_MASTER/U_ICON_INTERFACE/U_CMD6_WR/U_WR_FIFO/SUBCORE_FIFO.xsdbm_v3_0_0_wrfifo_inst/inst_fifo_gen/gconvfifo.rf/grf.rf/gntv_or_sync_fifo.gcx.clkx/gnxpm_cdc.rd_pntr_gc_reg[0]} {dbg_hub/inst/BSCANID.u_xsdbm_id/CORE_XSDB.UUT_MASTER/U_ICON_INTERFACE/U_CMD6_WR/U_WR_FIFO/SUBCORE_FIFO.xsdbm_v3_0_0_wrfifo_inst/inst_fifo_gen/gconvfifo.rf/grf.rf/gntv_or_sync_fifo.gcx.clkx/gnxpm_cdc.rd_pntr_gc_reg[1]} {dbg_hub/inst/BSCANID.u_xsdbm_id/CORE_XSDB.UUT_MASTER/U_ICON_INTERFACE/U_CMD6_WR/U_WR_FIFO/SUBCORE_FIFO.xsdbm_v3_0_0_wrfifo_inst/inst_fifo_gen/gconvfifo.rf/grf.rf/gntv_or_sync_fifo.gcx.clkx/gnxpm_cdc.rd_pntr_gc_reg[2]} {dbg_hub/inst/BSCANID.u_xsdbm_id/CORE_XSDB.UUT_MASTER/U_ICON_INTERFACE/U_CMD6_WR/U_WR_FIFO/SUBCORE_FIFO.xsdbm_v3_0_0_wrfifo_inst/inst_fifo_gen/gconvfifo.rf/grf.rf/gntv_or_sync_fifo.gcx.clkx/gnxpm_cdc.rd_pntr_gc_reg[3]}]] -to [get_cells [list {dbg_hub/inst/BSCANID.u_xsdbm_id/CORE_XSDB.UUT_MASTER/U_ICON_INTERFACE/U_CMD6_WR/U_WR_FIFO/SUBCORE_FIFO.xsdbm_v3_0_0_wrfifo_inst/inst_fifo_gen/gconvfifo.rf/grf.rf/gntv_or_sync_fifo.gcx.clkx/gnxpm_cdc.gsync_stage[1].wr_stg_inst/Q_reg_reg[0]} {dbg_hub/inst/BSCANID.u_xsdbm_id/CORE_XSDB.UUT_MASTER/U_ICON_INTERFACE/U_CMD6_WR/U_WR_FIFO/SUBCORE_FIFO.xsdbm_v3_0_0_wrfifo_inst/inst_fifo_gen/gconvfifo.rf/grf.rf/gntv_or_sync_fifo.gcx.clkx/gnxpm_cdc.gsync_stage[1].wr_stg_inst/Q_reg_reg[1]} {dbg_hub/inst/BSCANID.u_xsdbm_id/CORE_XSDB.UUT_MASTER/U_ICON_INTERFACE/U_CMD6_WR/U_WR_FIFO/SUBCORE_FIFO.xsdbm_v3_0_0_wrfifo_inst/inst_fifo_gen/gconvfifo.rf/grf.rf/gntv_or_sync_fifo.gcx.clkx/gnxpm_cdc.gsync_stage[1].wr_stg_inst/Q_reg_reg[2]} {dbg_hub/inst/BSCANID.u_xsdbm_id/CORE_XSDB.UUT_MASTER/U_ICON_INTERFACE/U_CMD6_WR/U_WR_FIFO/SUBCORE_FIFO.xsdbm_v3_0_0_wrfifo_inst/inst_fifo_gen/gconvfifo.rf/grf.rf/gntv_or_sync_fifo.gcx.clkx/gnxpm_cdc.gsync_stage[1].wr_stg_inst/Q_reg_reg[3]}]] 5.000
Requirement: 5.000ns
Endpoints: 4

From Clock            To Clock              Endpoint Pin                    Reference Pin                   Corner  Actual(ns)  Slack(ns)
--------------------  --------------------  ------------------------------  ------------------------------  ------  ----------  ---------
clk_200m_mmcm         dbg_hub/inst/BSCANID.u_xsdbm_id/SWITCH_N_EXT_BSCAN.bscan_inst/SERIES7_BSCAN.bscan_inst/TCK
                                            dbg_hub/inst/BSCANID.u_xsdbm_id/CORE_XSDB.UUT_MASTER/U_ICON_INTERFACE/U_CMD6_WR/U_WR_FIFO/SUBCORE_FIFO.xsdbm_v3_0_0_wrfifo_inst/inst_fifo_gen/gconvfifo.rf/grf.rf/gntv_or_sync_fifo.gcx.clkx/gnxpm_cdc.gsync_stage[1].wr_stg_inst/Q_reg_reg[2]/D
                                                                            dbg_hub/inst/BSCANID.u_xsdbm_id/CORE_XSDB.UUT_MASTER/U_ICON_INTERFACE/U_CMD6_WR/U_WR_FIFO/SUBCORE_FIFO.xsdbm_v3_0_0_wrfifo_inst/inst_fifo_gen/gconvfifo.rf/grf.rf/gntv_or_sync_fifo.gcx.clkx/gnxpm_cdc.gsync_stage[1].wr_stg_inst/Q_reg_reg[0]/D
                                                                                                            Slow         0.822      4.178


Slack (MET) :             4.178ns  (requirement - actual skew)
  Endpoint Source:        dbg_hub/inst/BSCANID.u_xsdbm_id/CORE_XSDB.UUT_MASTER/U_ICON_INTERFACE/U_CMD6_WR/U_WR_FIFO/SUBCORE_FIFO.xsdbm_v3_0_0_wrfifo_inst/inst_fifo_gen/gconvfifo.rf/grf.rf/gntv_or_sync_fifo.gcx.clkx/gnxpm_cdc.rd_pntr_gc_reg[2]/C
                            (rising edge-triggered cell FDCE clocked by clk_200m_mmcm)
  Endpoint Destination:   dbg_hub/inst/BSCANID.u_xsdbm_id/CORE_XSDB.UUT_MASTER/U_ICON_INTERFACE/U_CMD6_WR/U_WR_FIFO/SUBCORE_FIFO.xsdbm_v3_0_0_wrfifo_inst/inst_fifo_gen/gconvfifo.rf/grf.rf/gntv_or_sync_fifo.gcx.clkx/gnxpm_cdc.gsync_stage[1].wr_stg_inst/Q_reg_reg[2]/D
                            (rising edge-triggered cell FDCE clocked by dbg_hub/inst/BSCANID.u_xsdbm_id/SWITCH_N_EXT_BSCAN.bscan_inst/SERIES7_BSCAN.bscan_inst/TCK)
  Reference Source:       dbg_hub/inst/BSCANID.u_xsdbm_id/CORE_XSDB.UUT_MASTER/U_ICON_INTERFACE/U_CMD6_WR/U_WR_FIFO/SUBCORE_FIFO.xsdbm_v3_0_0_wrfifo_inst/inst_fifo_gen/gconvfifo.rf/grf.rf/gntv_or_sync_fifo.gcx.clkx/gnxpm_cdc.rd_pntr_gc_reg[0]/C
                            (rising edge-triggered cell FDCE clocked by clk_200m_mmcm)
  Reference Destination:  dbg_hub/inst/BSCANID.u_xsdbm_id/CORE_XSDB.UUT_MASTER/U_ICON_INTERFACE/U_CMD6_WR/U_WR_FIFO/SUBCORE_FIFO.xsdbm_v3_0_0_wrfifo_inst/inst_fifo_gen/gconvfifo.rf/grf.rf/gntv_or_sync_fifo.gcx.clkx/gnxpm_cdc.gsync_stage[1].wr_stg_inst/Q_reg_reg[0]/D
                            (rising edge-triggered cell FDCE clocked by dbg_hub/inst/BSCANID.u_xsdbm_id/SWITCH_N_EXT_BSCAN.bscan_inst/SERIES7_BSCAN.bscan_inst/TCK)
  Path Type:              Bus Skew (Max at Slow Process Corner)
  Requirement:            5.000ns
  Endpoint Relative Delay:   -5.173ns
  Reference Relative Delay:  -7.302ns
  Relative CRPR:              1.437ns
  Uncertainty:                0.129ns
  Actual Bus Skew:            0.822ns  (Endpoint Relative Delay - Reference Relative Delay - Relative CRPR + Uncertainty)

Endpoint path:
    Location             Delay type                Incr(ns)  Path(ns)    Netlist Resource(s)
  -------------------------------------------------------------------    -------------------
                         (clock clk_200m_mmcm rise edge)
                                                      0.000     0.000 r  
    AL14                                              0.000     0.000 r  clk_50m (IN)
                         net (fo=0)                   0.000     0.000    clock_input_buffer/I
    AL14                 INBUF (Prop_INBUF_HRIO_PAD_O)
                                                      0.922     0.922 r  clock_input_buffer/INBUF_INST/O
                         net (fo=1, routed)           0.092     1.014    clock_input_buffer/OUT
    AL14                 IBUFCTRL (Prop_IBUFCTRL_HRIO_I_O)
                                                      0.043     1.057 r  clock_input_buffer/IBUFCTRL_INST/O
                         net (fo=1, routed)           0.865     1.922    clk_50m_ibuf
    MMCME3_ADV_X2Y1      MMCME3_ADV (Prop_MMCME3_ADV_CLKIN1_CLKOUT0)
                                                     -5.587    -3.665 r  clock_manager/CLKOUT0
                         net (fo=1, routed)           0.437    -3.228    clk_200m_mmcm
    BUFGCE_X2Y26         BUFGCE (Prop_BUFCE_BUFGCE_I_O)
                                                      0.083    -3.145 r  system_clock_buffer/O
    X2Y2 (CLOCK_ROOT)    net (fo=27140, routed)       2.949    -0.196    dbg_hub/inst/BSCANID.u_xsdbm_id/CORE_XSDB.UUT_MASTER/U_ICON_INTERFACE/U_CMD6_WR/U_WR_FIFO/SUBCORE_FIFO.xsdbm_v3_0_0_wrfifo_inst/inst_fifo_gen/gconvfifo.rf/grf.rf/gntv_or_sync_fifo.gcx.clkx/rd_clk
    SLICE_X71Y251        FDCE                                         r  dbg_hub/inst/BSCANID.u_xsdbm_id/CORE_XSDB.UUT_MASTER/U_ICON_INTERFACE/U_CMD6_WR/U_WR_FIFO/SUBCORE_FIFO.xsdbm_v3_0_0_wrfifo_inst/inst_fifo_gen/gconvfifo.rf/grf.rf/gntv_or_sync_fifo.gcx.clkx/gnxpm_cdc.rd_pntr_gc_reg[2]/C
  -------------------------------------------------------------------    -------------------
    SLICE_X71Y251        FDCE (Prop_AFF_SLICEM_C_Q)
                                                      0.115    -0.081 r  dbg_hub/inst/BSCANID.u_xsdbm_id/CORE_XSDB.UUT_MASTER/U_ICON_INTERFACE/U_CMD6_WR/U_WR_FIFO/SUBCORE_FIFO.xsdbm_v3_0_0_wrfifo_inst/inst_fifo_gen/gconvfifo.rf/grf.rf/gntv_or_sync_fifo.gcx.clkx/gnxpm_cdc.rd_pntr_gc_reg[2]/Q
                         net (fo=1, routed)           0.734     0.653    dbg_hub/inst/BSCANID.u_xsdbm_id/CORE_XSDB.UUT_MASTER/U_ICON_INTERFACE/U_CMD6_WR/U_WR_FIFO/SUBCORE_FIFO.xsdbm_v3_0_0_wrfifo_inst/inst_fifo_gen/gconvfifo.rf/grf.rf/gntv_or_sync_fifo.gcx.clkx/gnxpm_cdc.gsync_stage[1].wr_stg_inst/Q[2]
    SLICE_X71Y251        FDCE                                         r  dbg_hub/inst/BSCANID.u_xsdbm_id/CORE_XSDB.UUT_MASTER/U_ICON_INTERFACE/U_CMD6_WR/U_WR_FIFO/SUBCORE_FIFO.xsdbm_v3_0_0_wrfifo_inst/inst_fifo_gen/gconvfifo.rf/grf.rf/gntv_or_sync_fifo.gcx.clkx/gnxpm_cdc.gsync_stage[1].wr_stg_inst/Q_reg_reg[2]/D
  -------------------------------------------------------------------    -------------------

                         (clock dbg_hub/inst/BSCANID.u_xsdbm_id/SWITCH_N_EXT_BSCAN.bscan_inst/SERIES7_BSCAN.bscan_inst/TCK rise edge)
                                                      0.000     0.000 r  
    CONFIG_SITE_X0Y0     BSCANE2                      0.000     0.000 r  dbg_hub/inst/BSCANID.u_xsdbm_id/SWITCH_N_EXT_BSCAN.bscan_inst/SERIES7_BSCAN.bscan_inst/TCK
                         net (fo=1, routed)           3.892     3.892    dbg_hub/inst/BSCANID.u_xsdbm_id/tck_bs
    BUFGCE_X1Y96         BUFGCE (Prop_BUFCE_BUFGCE_I_O)
                                                      0.075     3.967 r  dbg_hub/inst/BSCANID.u_xsdbm_id/SWITCH_N_EXT_BSCAN.u_bufg_icon_tck/O
    X2Y4 (CLOCK_ROOT)    net (fo=478, routed)         1.799     5.766    dbg_hub/inst/BSCANID.u_xsdbm_id/CORE_XSDB.UUT_MASTER/U_ICON_INTERFACE/U_CMD6_WR/U_WR_FIFO/SUBCORE_FIFO.xsdbm_v3_0_0_wrfifo_inst/inst_fifo_gen/gconvfifo.rf/grf.rf/gntv_or_sync_fifo.gcx.clkx/gnxpm_cdc.gsync_stage[1].wr_stg_inst/wr_clk
    SLICE_X71Y251        FDCE                                         r  dbg_hub/inst/BSCANID.u_xsdbm_id/CORE_XSDB.UUT_MASTER/U_ICON_INTERFACE/U_CMD6_WR/U_WR_FIFO/SUBCORE_FIFO.xsdbm_v3_0_0_wrfifo_inst/inst_fifo_gen/gconvfifo.rf/grf.rf/gntv_or_sync_fifo.gcx.clkx/gnxpm_cdc.gsync_stage[1].wr_stg_inst/Q_reg_reg[2]/C
                         clock pessimism              0.000     5.766    
    SLICE_X71Y251        FDCE (Setup_HFF2_SLICEM_C_D)
                                                      0.060     5.826    dbg_hub/inst/BSCANID.u_xsdbm_id/CORE_XSDB.UUT_MASTER/U_ICON_INTERFACE/U_CMD6_WR/U_WR_FIFO/SUBCORE_FIFO.xsdbm_v3_0_0_wrfifo_inst/inst_fifo_gen/gconvfifo.rf/grf.rf/gntv_or_sync_fifo.gcx.clkx/gnxpm_cdc.gsync_stage[1].wr_stg_inst/Q_reg_reg[2]
  -------------------------------------------------------------------
                         data arrival                           0.653    
                         clock arrival                          5.826    
  -------------------------------------------------------------------
                         relative delay                        -5.173    

Reference path:
    Location             Delay type                Incr(ns)  Path(ns)    Netlist Resource(s)
  -------------------------------------------------------------------    -------------------
                         (clock clk_200m_mmcm rise edge)
                                                      0.000     0.000 r  
    AL14                                              0.000     0.000 r  clk_50m (IN)
                         net (fo=0)                   0.000     0.000    clock_input_buffer/I
    AL14                 INBUF (Prop_INBUF_HRIO_PAD_O)
                                                      0.656     0.656 r  clock_input_buffer/INBUF_INST/O
                         net (fo=1, routed)           0.059     0.715    clock_input_buffer/OUT
    AL14                 IBUFCTRL (Prop_IBUFCTRL_HRIO_I_O)
                                                      0.032     0.747 r  clock_input_buffer/IBUFCTRL_INST/O
                         net (fo=1, routed)           0.778     1.525    clk_50m_ibuf
    MMCME3_ADV_X2Y1      MMCME3_ADV (Prop_MMCME3_ADV_CLKIN1_CLKOUT0)
                                                     -5.289    -3.764 r  clock_manager/CLKOUT0
                         net (fo=1, routed)           0.372    -3.392    clk_200m_mmcm
    BUFGCE_X2Y26         BUFGCE (Prop_BUFCE_BUFGCE_I_O)
                                                      0.075    -3.317 r  system_clock_buffer/O
    X2Y2 (CLOCK_ROOT)    net (fo=27140, routed)       2.538    -0.779    dbg_hub/inst/BSCANID.u_xsdbm_id/CORE_XSDB.UUT_MASTER/U_ICON_INTERFACE/U_CMD6_WR/U_WR_FIFO/SUBCORE_FIFO.xsdbm_v3_0_0_wrfifo_inst/inst_fifo_gen/gconvfifo.rf/grf.rf/gntv_or_sync_fifo.gcx.clkx/rd_clk
    SLICE_X69Y246        FDCE                                         r  dbg_hub/inst/BSCANID.u_xsdbm_id/CORE_XSDB.UUT_MASTER/U_ICON_INTERFACE/U_CMD6_WR/U_WR_FIFO/SUBCORE_FIFO.xsdbm_v3_0_0_wrfifo_inst/inst_fifo_gen/gconvfifo.rf/grf.rf/gntv_or_sync_fifo.gcx.clkx/gnxpm_cdc.rd_pntr_gc_reg[0]/C
  -------------------------------------------------------------------    -------------------
    SLICE_X69Y246        FDCE (Prop_EFF_SLICEL_C_Q)
                                                      0.103    -0.676 r  dbg_hub/inst/BSCANID.u_xsdbm_id/CORE_XSDB.UUT_MASTER/U_ICON_INTERFACE/U_CMD6_WR/U_WR_FIFO/SUBCORE_FIFO.xsdbm_v3_0_0_wrfifo_inst/inst_fifo_gen/gconvfifo.rf/grf.rf/gntv_or_sync_fifo.gcx.clkx/gnxpm_cdc.rd_pntr_gc_reg[0]/Q
                         net (fo=1, routed)           0.378    -0.298    dbg_hub/inst/BSCANID.u_xsdbm_id/CORE_XSDB.UUT_MASTER/U_ICON_INTERFACE/U_CMD6_WR/U_WR_FIFO/SUBCORE_FIFO.xsdbm_v3_0_0_wrfifo_inst/inst_fifo_gen/gconvfifo.rf/grf.rf/gntv_or_sync_fifo.gcx.clkx/gnxpm_cdc.gsync_stage[1].wr_stg_inst/Q[0]
    SLICE_X69Y245        FDCE                                         r  dbg_hub/inst/BSCANID.u_xsdbm_id/CORE_XSDB.UUT_MASTER/U_ICON_INTERFACE/U_CMD6_WR/U_WR_FIFO/SUBCORE_FIFO.xsdbm_v3_0_0_wrfifo_inst/inst_fifo_gen/gconvfifo.rf/grf.rf/gntv_or_sync_fifo.gcx.clkx/gnxpm_cdc.gsync_stage[1].wr_stg_inst/Q_reg_reg[0]/D
  -------------------------------------------------------------------    -------------------

                         (clock dbg_hub/inst/BSCANID.u_xsdbm_id/SWITCH_N_EXT_BSCAN.bscan_inst/SERIES7_BSCAN.bscan_inst/TCK rise edge)
                                                      0.000     0.000 r  
    CONFIG_SITE_X0Y0     BSCANE2                      0.000     0.000 r  dbg_hub/inst/BSCANID.u_xsdbm_id/SWITCH_N_EXT_BSCAN.bscan_inst/SERIES7_BSCAN.bscan_inst/TCK
                         net (fo=1, routed)           4.890     4.890    dbg_hub/inst/BSCANID.u_xsdbm_id/tck_bs
    BUFGCE_X1Y96         BUFGCE (Prop_BUFCE_BUFGCE_I_O)
                                                      0.083     4.973 r  dbg_hub/inst/BSCANID.u_xsdbm_id/SWITCH_N_EXT_BSCAN.u_bufg_icon_tck/O
    X2Y4 (CLOCK_ROOT)    net (fo=478, routed)         1.923     6.896    dbg_hub/inst/BSCANID.u_xsdbm_id/CORE_XSDB.UUT_MASTER/U_ICON_INTERFACE/U_CMD6_WR/U_WR_FIFO/SUBCORE_FIFO.xsdbm_v3_0_0_wrfifo_inst/inst_fifo_gen/gconvfifo.rf/grf.rf/gntv_or_sync_fifo.gcx.clkx/gnxpm_cdc.gsync_stage[1].wr_stg_inst/wr_clk
    SLICE_X69Y245        FDCE                                         r  dbg_hub/inst/BSCANID.u_xsdbm_id/CORE_XSDB.UUT_MASTER/U_ICON_INTERFACE/U_CMD6_WR/U_WR_FIFO/SUBCORE_FIFO.xsdbm_v3_0_0_wrfifo_inst/inst_fifo_gen/gconvfifo.rf/grf.rf/gntv_or_sync_fifo.gcx.clkx/gnxpm_cdc.gsync_stage[1].wr_stg_inst/Q_reg_reg[0]/C
                         clock pessimism              0.000     6.896    
    SLICE_X69Y245        FDCE (Hold_BFF2_SLICEL_C_D)
                                                      0.108     7.004    dbg_hub/inst/BSCANID.u_xsdbm_id/CORE_XSDB.UUT_MASTER/U_ICON_INTERFACE/U_CMD6_WR/U_WR_FIFO/SUBCORE_FIFO.xsdbm_v3_0_0_wrfifo_inst/inst_fifo_gen/gconvfifo.rf/grf.rf/gntv_or_sync_fifo.gcx.clkx/gnxpm_cdc.gsync_stage[1].wr_stg_inst/Q_reg_reg[0]
  -------------------------------------------------------------------
                         data arrival                          -0.298    
                         clock arrival                          7.004    
  -------------------------------------------------------------------
                         relative delay                        -7.302    



Id: 12
set_bus_skew -from [get_cells [list {dbg_hub/inst/BSCANID.u_xsdbm_id/CORE_XSDB.UUT_MASTER/U_ICON_INTERFACE/U_CMD6_WR/U_WR_FIFO/SUBCORE_FIFO.xsdbm_v3_0_0_wrfifo_inst/inst_fifo_gen/gconvfifo.rf/grf.rf/gntv_or_sync_fifo.gcx.clkx/gnxpm_cdc.wr_pntr_gc_reg[0]} {dbg_hub/inst/BSCANID.u_xsdbm_id/CORE_XSDB.UUT_MASTER/U_ICON_INTERFACE/U_CMD6_WR/U_WR_FIFO/SUBCORE_FIFO.xsdbm_v3_0_0_wrfifo_inst/inst_fifo_gen/gconvfifo.rf/grf.rf/gntv_or_sync_fifo.gcx.clkx/gnxpm_cdc.wr_pntr_gc_reg[1]} {dbg_hub/inst/BSCANID.u_xsdbm_id/CORE_XSDB.UUT_MASTER/U_ICON_INTERFACE/U_CMD6_WR/U_WR_FIFO/SUBCORE_FIFO.xsdbm_v3_0_0_wrfifo_inst/inst_fifo_gen/gconvfifo.rf/grf.rf/gntv_or_sync_fifo.gcx.clkx/gnxpm_cdc.wr_pntr_gc_reg[2]} {dbg_hub/inst/BSCANID.u_xsdbm_id/CORE_XSDB.UUT_MASTER/U_ICON_INTERFACE/U_CMD6_WR/U_WR_FIFO/SUBCORE_FIFO.xsdbm_v3_0_0_wrfifo_inst/inst_fifo_gen/gconvfifo.rf/grf.rf/gntv_or_sync_fifo.gcx.clkx/gnxpm_cdc.wr_pntr_gc_reg[3]}]] -to [get_cells [list {dbg_hub/inst/BSCANID.u_xsdbm_id/CORE_XSDB.UUT_MASTER/U_ICON_INTERFACE/U_CMD6_WR/U_WR_FIFO/SUBCORE_FIFO.xsdbm_v3_0_0_wrfifo_inst/inst_fifo_gen/gconvfifo.rf/grf.rf/gntv_or_sync_fifo.gcx.clkx/gnxpm_cdc.gsync_stage[1].rd_stg_inst/Q_reg_reg[0]} {dbg_hub/inst/BSCANID.u_xsdbm_id/CORE_XSDB.UUT_MASTER/U_ICON_INTERFACE/U_CMD6_WR/U_WR_FIFO/SUBCORE_FIFO.xsdbm_v3_0_0_wrfifo_inst/inst_fifo_gen/gconvfifo.rf/grf.rf/gntv_or_sync_fifo.gcx.clkx/gnxpm_cdc.gsync_stage[1].rd_stg_inst/Q_reg_reg[1]} {dbg_hub/inst/BSCANID.u_xsdbm_id/CORE_XSDB.UUT_MASTER/U_ICON_INTERFACE/U_CMD6_WR/U_WR_FIFO/SUBCORE_FIFO.xsdbm_v3_0_0_wrfifo_inst/inst_fifo_gen/gconvfifo.rf/grf.rf/gntv_or_sync_fifo.gcx.clkx/gnxpm_cdc.gsync_stage[1].rd_stg_inst/Q_reg_reg[2]} {dbg_hub/inst/BSCANID.u_xsdbm_id/CORE_XSDB.UUT_MASTER/U_ICON_INTERFACE/U_CMD6_WR/U_WR_FIFO/SUBCORE_FIFO.xsdbm_v3_0_0_wrfifo_inst/inst_fifo_gen/gconvfifo.rf/grf.rf/gntv_or_sync_fifo.gcx.clkx/gnxpm_cdc.gsync_stage[1].rd_stg_inst/Q_reg_reg[3]}]] 5.000
Requirement: 5.000ns
Endpoints: 4

From Clock            To Clock              Endpoint Pin                    Reference Pin                   Corner  Actual(ns)  Slack(ns)
--------------------  --------------------  ------------------------------  ------------------------------  ------  ----------  ---------
dbg_hub/inst/BSCANID.u_xsdbm_id/SWITCH_N_EXT_BSCAN.bscan_inst/SERIES7_BSCAN.bscan_inst/TCK
                      clk_200m_mmcm         dbg_hub/inst/BSCANID.u_xsdbm_id/CORE_XSDB.UUT_MASTER/U_ICON_INTERFACE/U_CMD6_WR/U_WR_FIFO/SUBCORE_FIFO.xsdbm_v3_0_0_wrfifo_inst/inst_fifo_gen/gconvfifo.rf/grf.rf/gntv_or_sync_fifo.gcx.clkx/gnxpm_cdc.gsync_stage[1].rd_stg_inst/Q_reg_reg[3]/D
                                                                            dbg_hub/inst/BSCANID.u_xsdbm_id/CORE_XSDB.UUT_MASTER/U_ICON_INTERFACE/U_CMD6_WR/U_WR_FIFO/SUBCORE_FIFO.xsdbm_v3_0_0_wrfifo_inst/inst_fifo_gen/gconvfifo.rf/grf.rf/gntv_or_sync_fifo.gcx.clkx/gnxpm_cdc.gsync_stage[1].rd_stg_inst/Q_reg_reg[0]/D
                                                                                                            Slow         0.687      4.313


Slack (MET) :             4.313ns  (requirement - actual skew)
  Endpoint Source:        dbg_hub/inst/BSCANID.u_xsdbm_id/CORE_XSDB.UUT_MASTER/U_ICON_INTERFACE/U_CMD6_WR/U_WR_FIFO/SUBCORE_FIFO.xsdbm_v3_0_0_wrfifo_inst/inst_fifo_gen/gconvfifo.rf/grf.rf/gntv_or_sync_fifo.gcx.clkx/gnxpm_cdc.wr_pntr_gc_reg[3]/C
                            (rising edge-triggered cell FDCE clocked by dbg_hub/inst/BSCANID.u_xsdbm_id/SWITCH_N_EXT_BSCAN.bscan_inst/SERIES7_BSCAN.bscan_inst/TCK)
  Endpoint Destination:   dbg_hub/inst/BSCANID.u_xsdbm_id/CORE_XSDB.UUT_MASTER/U_ICON_INTERFACE/U_CMD6_WR/U_WR_FIFO/SUBCORE_FIFO.xsdbm_v3_0_0_wrfifo_inst/inst_fifo_gen/gconvfifo.rf/grf.rf/gntv_or_sync_fifo.gcx.clkx/gnxpm_cdc.gsync_stage[1].rd_stg_inst/Q_reg_reg[3]/D
                            (rising edge-triggered cell FDCE clocked by clk_200m_mmcm)
  Reference Source:       dbg_hub/inst/BSCANID.u_xsdbm_id/CORE_XSDB.UUT_MASTER/U_ICON_INTERFACE/U_CMD6_WR/U_WR_FIFO/SUBCORE_FIFO.xsdbm_v3_0_0_wrfifo_inst/inst_fifo_gen/gconvfifo.rf/grf.rf/gntv_or_sync_fifo.gcx.clkx/gnxpm_cdc.wr_pntr_gc_reg[0]/C
                            (rising edge-triggered cell FDCE clocked by dbg_hub/inst/BSCANID.u_xsdbm_id/SWITCH_N_EXT_BSCAN.bscan_inst/SERIES7_BSCAN.bscan_inst/TCK)
  Reference Destination:  dbg_hub/inst/BSCANID.u_xsdbm_id/CORE_XSDB.UUT_MASTER/U_ICON_INTERFACE/U_CMD6_WR/U_WR_FIFO/SUBCORE_FIFO.xsdbm_v3_0_0_wrfifo_inst/inst_fifo_gen/gconvfifo.rf/grf.rf/gntv_or_sync_fifo.gcx.clkx/gnxpm_cdc.gsync_stage[1].rd_stg_inst/Q_reg_reg[0]/D
                            (rising edge-triggered cell FDCE clocked by clk_200m_mmcm)
  Path Type:              Bus Skew (Max at Slow Process Corner)
  Requirement:            5.000ns
  Endpoint Relative Delay:    8.398ns
  Reference Relative Delay:   6.404ns
  Relative CRPR:              1.437ns
  Uncertainty:                0.129ns
  Actual Bus Skew:            0.687ns  (Endpoint Relative Delay - Reference Relative Delay - Relative CRPR + Uncertainty)

Endpoint path:
    Location             Delay type                Incr(ns)  Path(ns)    Netlist Resource(s)
  -------------------------------------------------------------------    -------------------
                         (clock dbg_hub/inst/BSCANID.u_xsdbm_id/SWITCH_N_EXT_BSCAN.bscan_inst/SERIES7_BSCAN.bscan_inst/TCK rise edge)
                                                      0.000     0.000 r  
    CONFIG_SITE_X0Y0     BSCANE2                      0.000     0.000 r  dbg_hub/inst/BSCANID.u_xsdbm_id/SWITCH_N_EXT_BSCAN.bscan_inst/SERIES7_BSCAN.bscan_inst/TCK
                         net (fo=1, routed)           4.890     4.890    dbg_hub/inst/BSCANID.u_xsdbm_id/tck_bs
    BUFGCE_X1Y96         BUFGCE (Prop_BUFCE_BUFGCE_I_O)
                                                      0.083     4.973 r  dbg_hub/inst/BSCANID.u_xsdbm_id/SWITCH_N_EXT_BSCAN.u_bufg_icon_tck/O
    X2Y4 (CLOCK_ROOT)    net (fo=478, routed)         2.024     6.997    dbg_hub/inst/BSCANID.u_xsdbm_id/CORE_XSDB.UUT_MASTER/U_ICON_INTERFACE/U_CMD6_WR/U_WR_FIFO/SUBCORE_FIFO.xsdbm_v3_0_0_wrfifo_inst/inst_fifo_gen/gconvfifo.rf/grf.rf/gntv_or_sync_fifo.gcx.clkx/wr_clk
    SLICE_X71Y251        FDCE                                         r  dbg_hub/inst/BSCANID.u_xsdbm_id/CORE_XSDB.UUT_MASTER/U_ICON_INTERFACE/U_CMD6_WR/U_WR_FIFO/SUBCORE_FIFO.xsdbm_v3_0_0_wrfifo_inst/inst_fifo_gen/gconvfifo.rf/grf.rf/gntv_or_sync_fifo.gcx.clkx/gnxpm_cdc.wr_pntr_gc_reg[3]/C
  -------------------------------------------------------------------    -------------------
    SLICE_X71Y251        FDCE (Prop_EFF_SLICEM_C_Q)
                                                      0.114     7.111 r  dbg_hub/inst/BSCANID.u_xsdbm_id/CORE_XSDB.UUT_MASTER/U_ICON_INTERFACE/U_CMD6_WR/U_WR_FIFO/SUBCORE_FIFO.xsdbm_v3_0_0_wrfifo_inst/inst_fifo_gen/gconvfifo.rf/grf.rf/gntv_or_sync_fifo.gcx.clkx/gnxpm_cdc.wr_pntr_gc_reg[3]/Q
                         net (fo=1, routed)           0.679     7.790    dbg_hub/inst/BSCANID.u_xsdbm_id/CORE_XSDB.UUT_MASTER/U_ICON_INTERFACE/U_CMD6_WR/U_WR_FIFO/SUBCORE_FIFO.xsdbm_v3_0_0_wrfifo_inst/inst_fifo_gen/gconvfifo.rf/grf.rf/gntv_or_sync_fifo.gcx.clkx/gnxpm_cdc.gsync_stage[1].rd_stg_inst/Q[3]
    SLICE_X71Y251        FDCE                                         r  dbg_hub/inst/BSCANID.u_xsdbm_id/CORE_XSDB.UUT_MASTER/U_ICON_INTERFACE/U_CMD6_WR/U_WR_FIFO/SUBCORE_FIFO.xsdbm_v3_0_0_wrfifo_inst/inst_fifo_gen/gconvfifo.rf/grf.rf/gntv_or_sync_fifo.gcx.clkx/gnxpm_cdc.gsync_stage[1].rd_stg_inst/Q_reg_reg[3]/D
  -------------------------------------------------------------------    -------------------

                         (clock clk_200m_mmcm rise edge)
                                                      0.000     0.000 r  
    AL14                                              0.000     0.000 r  clk_50m (IN)
                         net (fo=0)                   0.000     0.000    clock_input_buffer/I
    AL14                 INBUF (Prop_INBUF_HRIO_PAD_O)
                                                      0.656     0.656 r  clock_input_buffer/INBUF_INST/O
                         net (fo=1, routed)           0.059     0.715    clock_input_buffer/OUT
    AL14                 IBUFCTRL (Prop_IBUFCTRL_HRIO_I_O)
                                                      0.032     0.747 r  clock_input_buffer/IBUFCTRL_INST/O
                         net (fo=1, routed)           0.778     1.525    clk_50m_ibuf
    MMCME3_ADV_X2Y1      MMCME3_ADV (Prop_MMCME3_ADV_CLKIN1_CLKOUT0)
                                                     -5.289    -3.764 r  clock_manager/CLKOUT0
                         net (fo=1, routed)           0.372    -3.392    clk_200m_mmcm
    BUFGCE_X2Y26         BUFGCE (Prop_BUFCE_BUFGCE_I_O)
                                                      0.075    -3.317 r  system_clock_buffer/O
    X2Y2 (CLOCK_ROOT)    net (fo=27140, routed)       2.647    -0.670    dbg_hub/inst/BSCANID.u_xsdbm_id/CORE_XSDB.UUT_MASTER/U_ICON_INTERFACE/U_CMD6_WR/U_WR_FIFO/SUBCORE_FIFO.xsdbm_v3_0_0_wrfifo_inst/inst_fifo_gen/gconvfifo.rf/grf.rf/gntv_or_sync_fifo.gcx.clkx/gnxpm_cdc.gsync_stage[1].rd_stg_inst/rd_clk
    SLICE_X71Y251        FDCE                                         r  dbg_hub/inst/BSCANID.u_xsdbm_id/CORE_XSDB.UUT_MASTER/U_ICON_INTERFACE/U_CMD6_WR/U_WR_FIFO/SUBCORE_FIFO.xsdbm_v3_0_0_wrfifo_inst/inst_fifo_gen/gconvfifo.rf/grf.rf/gntv_or_sync_fifo.gcx.clkx/gnxpm_cdc.gsync_stage[1].rd_stg_inst/Q_reg_reg[3]/C
                         clock pessimism              0.000    -0.670    
    SLICE_X71Y251        FDCE (Setup_CFF2_SLICEM_C_D)
                                                      0.062    -0.608    dbg_hub/inst/BSCANID.u_xsdbm_id/CORE_XSDB.UUT_MASTER/U_ICON_INTERFACE/U_CMD6_WR/U_WR_FIFO/SUBCORE_FIFO.xsdbm_v3_0_0_wrfifo_inst/inst_fifo_gen/gconvfifo.rf/grf.rf/gntv_or_sync_fifo.gcx.clkx/gnxpm_cdc.gsync_stage[1].rd_stg_inst/Q_reg_reg[3]
  -------------------------------------------------------------------
                         data arrival                           7.790    
                         clock arrival                         -0.608    
  -------------------------------------------------------------------
                         relative delay                         8.398    

Reference path:
    Location             Delay type                Incr(ns)  Path(ns)    Netlist Resource(s)
  -------------------------------------------------------------------    -------------------
                         (clock dbg_hub/inst/BSCANID.u_xsdbm_id/SWITCH_N_EXT_BSCAN.bscan_inst/SERIES7_BSCAN.bscan_inst/TCK rise edge)
                                                      0.000     0.000 r  
    CONFIG_SITE_X0Y0     BSCANE2                      0.000     0.000 r  dbg_hub/inst/BSCANID.u_xsdbm_id/SWITCH_N_EXT_BSCAN.bscan_inst/SERIES7_BSCAN.bscan_inst/TCK
                         net (fo=1, routed)           3.892     3.892    dbg_hub/inst/BSCANID.u_xsdbm_id/tck_bs
    BUFGCE_X1Y96         BUFGCE (Prop_BUFCE_BUFGCE_I_O)
                                                      0.075     3.967 r  dbg_hub/inst/BSCANID.u_xsdbm_id/SWITCH_N_EXT_BSCAN.u_bufg_icon_tck/O
    X2Y4 (CLOCK_ROOT)    net (fo=478, routed)         1.700     5.667    dbg_hub/inst/BSCANID.u_xsdbm_id/CORE_XSDB.UUT_MASTER/U_ICON_INTERFACE/U_CMD6_WR/U_WR_FIFO/SUBCORE_FIFO.xsdbm_v3_0_0_wrfifo_inst/inst_fifo_gen/gconvfifo.rf/grf.rf/gntv_or_sync_fifo.gcx.clkx/wr_clk
    SLICE_X70Y246        FDCE                                         r  dbg_hub/inst/BSCANID.u_xsdbm_id/CORE_XSDB.UUT_MASTER/U_ICON_INTERFACE/U_CMD6_WR/U_WR_FIFO/SUBCORE_FIFO.xsdbm_v3_0_0_wrfifo_inst/inst_fifo_gen/gconvfifo.rf/grf.rf/gntv_or_sync_fifo.gcx.clkx/gnxpm_cdc.wr_pntr_gc_reg[0]/C
  -------------------------------------------------------------------    -------------------
    SLICE_X70Y246        FDCE (Prop_HFF_SLICEM_C_Q)
                                                      0.104     5.771 r  dbg_hub/inst/BSCANID.u_xsdbm_id/CORE_XSDB.UUT_MASTER/U_ICON_INTERFACE/U_CMD6_WR/U_WR_FIFO/SUBCORE_FIFO.xsdbm_v3_0_0_wrfifo_inst/inst_fifo_gen/gconvfifo.rf/grf.rf/gntv_or_sync_fifo.gcx.clkx/gnxpm_cdc.wr_pntr_gc_reg[0]/Q
                         net (fo=1, routed)           0.435     6.206    dbg_hub/inst/BSCANID.u_xsdbm_id/CORE_XSDB.UUT_MASTER/U_ICON_INTERFACE/U_CMD6_WR/U_WR_FIFO/SUBCORE_FIFO.xsdbm_v3_0_0_wrfifo_inst/inst_fifo_gen/gconvfifo.rf/grf.rf/gntv_or_sync_fifo.gcx.clkx/gnxpm_cdc.gsync_stage[1].rd_stg_inst/Q[0]
    SLICE_X69Y246        FDCE                                         r  dbg_hub/inst/BSCANID.u_xsdbm_id/CORE_XSDB.UUT_MASTER/U_ICON_INTERFACE/U_CMD6_WR/U_WR_FIFO/SUBCORE_FIFO.xsdbm_v3_0_0_wrfifo_inst/inst_fifo_gen/gconvfifo.rf/grf.rf/gntv_or_sync_fifo.gcx.clkx/gnxpm_cdc.gsync_stage[1].rd_stg_inst/Q_reg_reg[0]/D
  -------------------------------------------------------------------    -------------------

                         (clock clk_200m_mmcm rise edge)
                                                      0.000     0.000 r  
    AL14                                              0.000     0.000 r  clk_50m (IN)
                         net (fo=0)                   0.000     0.000    clock_input_buffer/I
    AL14                 INBUF (Prop_INBUF_HRIO_PAD_O)
                                                      0.922     0.922 r  clock_input_buffer/INBUF_INST/O
                         net (fo=1, routed)           0.092     1.014    clock_input_buffer/OUT
    AL14                 IBUFCTRL (Prop_IBUFCTRL_HRIO_I_O)
                                                      0.043     1.057 r  clock_input_buffer/IBUFCTRL_INST/O
                         net (fo=1, routed)           0.865     1.922    clk_50m_ibuf
    MMCME3_ADV_X2Y1      MMCME3_ADV (Prop_MMCME3_ADV_CLKIN1_CLKOUT0)
                                                     -5.587    -3.665 r  clock_manager/CLKOUT0
                         net (fo=1, routed)           0.437    -3.228    clk_200m_mmcm
    BUFGCE_X2Y26         BUFGCE (Prop_BUFCE_BUFGCE_I_O)
                                                      0.083    -3.145 r  system_clock_buffer/O
    X2Y2 (CLOCK_ROOT)    net (fo=27140, routed)       2.839    -0.306    dbg_hub/inst/BSCANID.u_xsdbm_id/CORE_XSDB.UUT_MASTER/U_ICON_INTERFACE/U_CMD6_WR/U_WR_FIFO/SUBCORE_FIFO.xsdbm_v3_0_0_wrfifo_inst/inst_fifo_gen/gconvfifo.rf/grf.rf/gntv_or_sync_fifo.gcx.clkx/gnxpm_cdc.gsync_stage[1].rd_stg_inst/rd_clk
    SLICE_X69Y246        FDCE                                         r  dbg_hub/inst/BSCANID.u_xsdbm_id/CORE_XSDB.UUT_MASTER/U_ICON_INTERFACE/U_CMD6_WR/U_WR_FIFO/SUBCORE_FIFO.xsdbm_v3_0_0_wrfifo_inst/inst_fifo_gen/gconvfifo.rf/grf.rf/gntv_or_sync_fifo.gcx.clkx/gnxpm_cdc.gsync_stage[1].rd_stg_inst/Q_reg_reg[0]/C
                         clock pessimism              0.000    -0.306    
    SLICE_X69Y246        FDCE (Hold_HFF2_SLICEL_C_D)
                                                      0.108    -0.198    dbg_hub/inst/BSCANID.u_xsdbm_id/CORE_XSDB.UUT_MASTER/U_ICON_INTERFACE/U_CMD6_WR/U_WR_FIFO/SUBCORE_FIFO.xsdbm_v3_0_0_wrfifo_inst/inst_fifo_gen/gconvfifo.rf/grf.rf/gntv_or_sync_fifo.gcx.clkx/gnxpm_cdc.gsync_stage[1].rd_stg_inst/Q_reg_reg[0]
  -------------------------------------------------------------------
                         data arrival                           6.206    
                         clock arrival                         -0.198    
  -------------------------------------------------------------------
                         relative delay                         6.404    



