Copyright 1986-2021 Xilinx, Inc. All Rights Reserved.
------------------------------------------------------------------------------------------------------------------------------------------------------------------------------------------------------------
| Tool Version      : Vivado v.2021.2 (win64) Build 3367213 Tue Oct 19 02:48:09 MDT 2021
| Date              : Sun Sep 27 01:27:58 2026
| Host              : REDACTED_HOST running 64-bit major release  (build 9200)
| Command           : report_timing_summary -delay_type max -max_paths 20 -file {E:/Workspace/CNS2FPGA/code/15_Runtime Reconfigurable Deployment/reports/runtime_jtag_200mhz/post_place_timing_summary.rpt}
| Design            : cns2fpga_axku115_jtag_top
| Device            : xcku115-flva1517
| Speed File        : -2  PRODUCTION 1.26 12-04-2018
| Temperature Grade : I
------------------------------------------------------------------------------------------------------------------------------------------------------------------------------------------------------------

Timing Summary Report

------------------------------------------------------------------------------------------------
| Timer Settings
| --------------
------------------------------------------------------------------------------------------------

  Enable Multi Corner Analysis               :  Yes
  Enable Pessimism Removal                   :  Yes
  Pessimism Removal Resolution               :  Nearest Common Node
  Enable Input Delay Default Clock           :  No
  Enable Preset / Clear Arcs                 :  No
  Disable Flight Delays                      :  No
  Ignore I/O Paths                           :  No
  Timing Early Launch at Borrowing Latches   :  No
  Borrow Time for Max Delay Exceptions       :  Yes
  Merge Timing Exceptions                    :  Yes

  Corner  Analyze    Analyze    
  Name    Max Paths  Min Paths  
  ------  ---------  ---------  
  Slow    Yes        Yes        
  Fast    Yes        Yes        


------------------------------------------------------------------------------------------------
| Report Methodology
| ------------------
------------------------------------------------------------------------------------------------

No report available as report_methodology has not been run prior. Run report_methodology on the current design for the summary of methodology violations.



check_timing report

Table of Contents
-----------------
1. checking no_clock (0)
2. checking constant_clock (0)
3. checking pulse_width_clock (0)
4. checking unconstrained_internal_endpoints (0)
5. checking no_input_delay (0)
6. checking no_output_delay (2)
7. checking multiple_clock (0)
8. checking generated_clocks (0)
9. checking loops (0)
10. checking partial_input_delay (0)
11. checking partial_output_delay (0)
12. checking latch_loops (0)

1. checking no_clock (0)
------------------------
 There are 0 register/latch pins with no clock.


2. checking constant_clock (0)
------------------------------
 There are 0 register/latch pins with constant_clock.


3. checking pulse_width_clock (0)
---------------------------------
 There are 0 register/latch pins which need pulse_width check


4. checking unconstrained_internal_endpoints (0)
------------------------------------------------
 There are 0 pins that are not constrained for maximum delay.

 There are 0 pins that are not constrained for maximum delay due to constant clock.


5. checking no_input_delay (0)
------------------------------
 There are 0 input ports with no input delay specified.

 There are 0 input ports with no input delay but user has a false path constraint.


6. checking no_output_delay (2)
-------------------------------
 There are 0 ports with no output delay specified.

 There are 2 ports with no output delay but user has a false path constraint (MEDIUM)

 There are 0 ports with no output delay but with a timing clock defined on it or propagating through it


7. checking multiple_clock (0)
------------------------------
 There are 0 register/latch pins with multiple clocks.


8. checking generated_clocks (0)
--------------------------------
 There are 0 generated clocks that are not connected to a clock source.


9. checking loops (0)
---------------------
 There are 0 combinational loops in the design.


10. checking partial_input_delay (0)
------------------------------------
 There are 0 input ports with partial input delay specified.


11. checking partial_output_delay (0)
-------------------------------------
 There are 0 ports with partial output delay specified.


12. checking latch_loops (0)
----------------------------
 There are 0 combinational latch loops in the design through latch input



------------------------------------------------------------------------------------------------
| Design Timing Summary
| ---------------------
------------------------------------------------------------------------------------------------

    WNS(ns)      TNS(ns)  TNS Failing Endpoints  TNS Total Endpoints     WPWS(ns)     TPWS(ns)  TPWS Failing Endpoints  TPWS Total Endpoints  
    -------      -------  ---------------------  -------------------     --------     --------  ----------------------  --------------------  
      0.007        0.000                      0               197282        1.520        0.000                       0                 29552  


All user specified timing constraints are met.


------------------------------------------------------------------------------------------------
| Clock Summary
| -------------
------------------------------------------------------------------------------------------------

Clock                                                                                       Waveform(ns)         Period(ns)      Frequency(MHz)
-----                                                                                       ------------         ----------      --------------
clk_50m                                                                                     {0.000 10.000}       20.000          50.000          
  clk_200m_mmcm                                                                             {0.000 2.500}        5.000           200.000         
  clkfb_mmcm                                                                                {0.000 10.000}       20.000          50.000          
dbg_hub/inst/BSCANID.u_xsdbm_id/SWITCH_N_EXT_BSCAN.bscan_inst/SERIES7_BSCAN.bscan_inst/TCK  {0.000 16.500}       33.000          30.303          


------------------------------------------------------------------------------------------------
| Intra Clock Table
| -----------------
------------------------------------------------------------------------------------------------

Clock                                                                                           WNS(ns)      TNS(ns)  TNS Failing Endpoints  TNS Total Endpoints     WPWS(ns)     TPWS(ns)  TPWS Failing Endpoints  TPWS Total Endpoints  
-----                                                                                           -------      -------  ---------------------  -------------------     --------     --------  ----------------------  --------------------  
clk_50m                                                                                                                                                                 4.000        0.000                       0                     1  
  clk_200m_mmcm                                                                                   0.007        0.000                      0               196151        1.520        0.000                       0                 29069  
  clkfb_mmcm                                                                                                                                                           18.621        0.000                       0                     3  
dbg_hub/inst/BSCANID.u_xsdbm_id/SWITCH_N_EXT_BSCAN.bscan_inst/SERIES7_BSCAN.bscan_inst/TCK       30.480        0.000                      0                  910       15.832        0.000                       0                   479  


------------------------------------------------------------------------------------------------
| Inter Clock Table
| -----------------
------------------------------------------------------------------------------------------------

From Clock                                                                                  To Clock                                                                                        WNS(ns)      TNS(ns)  TNS Failing Endpoints  TNS Total Endpoints  
----------                                                                                  --------                                                                                        -------      -------  ---------------------  -------------------  
dbg_hub/inst/BSCANID.u_xsdbm_id/SWITCH_N_EXT_BSCAN.bscan_inst/SERIES7_BSCAN.bscan_inst/TCK  clk_200m_mmcm                                                                                    32.582        0.000                      0                    8  
clk_200m_mmcm                                                                               dbg_hub/inst/BSCANID.u_xsdbm_id/SWITCH_N_EXT_BSCAN.bscan_inst/SERIES7_BSCAN.bscan_inst/TCK        4.579        0.000                      0                    8  


------------------------------------------------------------------------------------------------
| Other Path Groups Table
| -----------------------
------------------------------------------------------------------------------------------------

Path Group                                                                                  From Clock                                                                                  To Clock                                                                                        WNS(ns)      TNS(ns)  TNS Failing Endpoints  TNS Total Endpoints  
----------                                                                                  ----------                                                                                  --------                                                                                        -------      -------  ---------------------  -------------------  
**async_default**                                                                           clk_200m_mmcm                                                                               clk_200m_mmcm                                                                                     3.776        0.000                      0                  105  
**async_default**                                                                           dbg_hub/inst/BSCANID.u_xsdbm_id/SWITCH_N_EXT_BSCAN.bscan_inst/SERIES7_BSCAN.bscan_inst/TCK  dbg_hub/inst/BSCANID.u_xsdbm_id/SWITCH_N_EXT_BSCAN.bscan_inst/SERIES7_BSCAN.bscan_inst/TCK       31.228        0.000                      0                  100  


------------------------------------------------------------------------------------------------
| Timing Details
| --------------
------------------------------------------------------------------------------------------------


---------------------------------------------------------------------------------------------------
From Clock:  clk_50m
  To Clock:  clk_50m

Setup :           NA  Failing Endpoints,  Worst Slack           NA  ,  Total Violation           NA
Hold  :           NA  Failing Endpoints,  Worst Slack           NA  ,  Total Violation           NA
PW    :            0  Failing Endpoints,  Worst Slack        4.000ns,  Total Violation        0.000ns
---------------------------------------------------------------------------------------------------


Pulse Width Checks
--------------------------------------------------------------------------------------
Clock Name:         clk_50m
Waveform(ns):       { 0.000 10.000 }
Period(ns):         20.000
Sources:            { clk_50m }

Check Type        Corner  Lib Pin            Reference Pin  Required(ns)  Actual(ns)  Slack(ns)  Location         Pin
Min Period        n/a     MMCME3_ADV/CLKIN1  n/a            1.071         20.000      18.929     MMCME3_ADV_X2Y1  clock_manager/CLKIN1
Low Pulse Width   Slow    MMCME3_ADV/CLKIN1  n/a            6.000         10.000      4.000      MMCME3_ADV_X2Y1  clock_manager/CLKIN1
Low Pulse Width   Fast    MMCME3_ADV/CLKIN1  n/a            6.000         10.000      4.000      MMCME3_ADV_X2Y1  clock_manager/CLKIN1
High Pulse Width  Slow    MMCME3_ADV/CLKIN1  n/a            6.000         10.000      4.000      MMCME3_ADV_X2Y1  clock_manager/CLKIN1
High Pulse Width  Fast    MMCME3_ADV/CLKIN1  n/a            6.000         10.000      4.000      MMCME3_ADV_X2Y1  clock_manager/CLKIN1



---------------------------------------------------------------------------------------------------
From Clock:  clk_200m_mmcm
  To Clock:  clk_200m_mmcm

Setup :            0  Failing Endpoints,  Worst Slack        0.007ns,  Total Violation        0.000ns
Hold  :           NA  Failing Endpoints,  Worst Slack           NA  ,  Total Violation           NA
PW    :            0  Failing Endpoints,  Worst Slack        1.520ns,  Total Violation        0.000ns
---------------------------------------------------------------------------------------------------


Max Delay Paths
--------------------------------------------------------------------------------------
Slack (MET) :             0.007ns  (required time - arrival time)
  Source:                 experiment/summary_mem_reg_16/CLKBWRCLK
                            (rising edge-triggered cell RAMB36E2 clocked by clk_200m_mmcm  {rise@0.000ns fall@2.500ns period=5.000ns})
  Destination:            experiment/bus_rd_data_reg[0]/D
                            (rising edge-triggered cell FDRE clocked by clk_200m_mmcm  {rise@0.000ns fall@2.500ns period=5.000ns})
  Path Group:             clk_200m_mmcm
  Path Type:              Setup (Max at Slow Process Corner)
  Requirement:            5.000ns  (clk_200m_mmcm rise@5.000ns - clk_200m_mmcm rise@0.000ns)
  Data Path Delay:        4.195ns  (logic 1.814ns (43.242%)  route 2.381ns (56.758%))
  Logic Levels:           3  (LUT5=1 LUT6=2)
  Clock Path Skew:        -0.616ns (DCD - SCD + CPR)
    Destination Clock Delay (DCD):    -0.652ns = ( 4.348 - 5.000 ) 
    Source Clock Delay      (SCD):    0.230ns
    Clock Pessimism Removal (CPR):    0.267ns
  Clock Uncertainty:      0.245ns  ((TSJ^2 + DJ^2)^1/2) / 2 + PE + UU
    Total System Jitter     (TSJ):    0.071ns
    Discrete Jitter          (DJ):    0.056ns
    Phase Error              (PE):    0.000ns
    User Uncertainty         (UU):    0.200ns
  Clock Net Delay (Source):      3.375ns (routing 1.173ns, distribution 2.202ns)
  Clock Net Delay (Destination): 2.665ns (routing 1.079ns, distribution 1.586ns)

    Location             Delay type                Incr(ns)  Path(ns)    Netlist Resource(s)
  -------------------------------------------------------------------    -------------------
                         (clock clk_200m_mmcm rise edge)
                                                      0.000     0.000 r  
    AL14                                              0.000     0.000 r  clk_50m (IN)
                         net (fo=0)                   0.000     0.000    clock_input_buffer/I
    AL14                 INBUF (Prop_INBUF_HRIO_PAD_O)
                                                      0.922     0.922 r  clock_input_buffer/INBUF_INST/O
                         net (fo=1, routed)           0.092     1.014    clock_input_buffer/OUT
    AL14                 IBUFCTRL (Prop_IBUFCTRL_HRIO_I_O)
                                                      0.043     1.057 r  clock_input_buffer/IBUFCTRL_INST/O
                         net (fo=1, estimated)        0.865     1.922    clk_50m_ibuf
    MMCME3_ADV_X2Y1      MMCME3_ADV (Prop_MMCME3_ADV_CLKIN1_CLKOUT0)
                                                     -5.587    -3.665 r  clock_manager/CLKOUT0
                         net (fo=1, estimated)        0.437    -3.228    clk_200m_mmcm
    BUFGCE_X2Y24         BUFGCE (Prop_BUFCE_BUFGCE_I_O)
                                                      0.083    -3.145 r  system_clock_buffer/O
    X2Y2 (CLOCK_ROOT)    net (fo=29087, estimated)    3.375     0.230    experiment/clk_200m
    RAMB36_X12Y10        RAMB36E2                                     r  experiment/summary_mem_reg_16/CLKBWRCLK
  -------------------------------------------------------------------    -------------------
    RAMB36_X12Y10        RAMB36E2 (Prop_RAMB36E2_RAMB36_CLKBWRCLK_DOUTBDOUT[0])
                                                      1.416     1.646 r  experiment/summary_mem_reg_16/DOUTBDOUT[0]
                         net (fo=1, estimated)        1.058     2.704    experiment/summary_read[64]
    SLICE_X91Y52         LUT6 (Prop_A6LUT_SLICEL_I1_O)
                                                      0.173     2.877 r  experiment/bus_rd_data[0]_i_5/O
                         net (fo=1, estimated)        1.215     4.092    experiment/bus_rd_data[0]_i_5_n_0
    SLICE_X82Y123        LUT6 (Prop_G6LUT_SLICEM_I0_O)
                                                      0.071     4.163 r  experiment/bus_rd_data[0]_i_2/O
                         net (fo=1, estimated)        0.073     4.236    experiment/bus_rd_data[0]_i_2_n_0
    SLICE_X82Y123        LUT5 (Prop_D5LUT_SLICEM_I0_O)
                                                      0.154     4.390 r  experiment/bus_rd_data[0]_i_1/O
                         net (fo=1, routed)           0.035     4.425    experiment/bus_rd_data[0]_i_1_n_0
    SLICE_X82Y123        FDRE                                         r  experiment/bus_rd_data_reg[0]/D
  -------------------------------------------------------------------    -------------------

                         (clock clk_200m_mmcm rise edge)
                                                      5.000     5.000 r  
    AL14                                              0.000     5.000 r  clk_50m (IN)
                         net (fo=0)                   0.000     5.000    clock_input_buffer/I
    AL14                 INBUF (Prop_INBUF_HRIO_PAD_O)
                                                      0.656     5.656 r  clock_input_buffer/INBUF_INST/O
                         net (fo=1, routed)           0.059     5.715    clock_input_buffer/OUT
    AL14                 IBUFCTRL (Prop_IBUFCTRL_HRIO_I_O)
                                                      0.032     5.747 r  clock_input_buffer/IBUFCTRL_INST/O
                         net (fo=1, estimated)        0.778     6.525    clk_50m_ibuf
    MMCME3_ADV_X2Y1      MMCME3_ADV (Prop_MMCME3_ADV_CLKIN1_CLKOUT0)
                                                     -5.289     1.236 r  clock_manager/CLKOUT0
                         net (fo=1, estimated)        0.372     1.608    clk_200m_mmcm
    BUFGCE_X2Y24         BUFGCE (Prop_BUFCE_BUFGCE_I_O)
                                                      0.075     1.683 r  system_clock_buffer/O
    X2Y2 (CLOCK_ROOT)    net (fo=29087, estimated)    2.665     4.348    experiment/clk_200m
    SLICE_X82Y123        FDRE                                         r  experiment/bus_rd_data_reg[0]/C
                         clock pessimism              0.267     4.614    
                         clock uncertainty           -0.245     4.369    
    SLICE_X82Y123        FDRE (Setup_DFF2_SLICEM_C_D)
                                                      0.063     4.432    experiment/bus_rd_data_reg[0]
  -------------------------------------------------------------------
                         required time                          4.432    
                         arrival time                          -4.425    
  -------------------------------------------------------------------
                         slack                                  0.007    

Slack (MET) :             0.008ns  (required time - arrival time)
  Source:                 experiment/image_wr_kind_reg[0]/C
                            (rising edge-triggered cell FDRE clocked by clk_200m_mmcm  {rise@0.000ns fall@2.500ns period=5.000ns})
  Destination:            experiment/core/neuron_param_1_reg_576_639_0_6/RAMA/WE
                            (rising edge-triggered cell RAMD64E clocked by clk_200m_mmcm  {rise@0.000ns fall@2.500ns period=5.000ns})
  Path Group:             clk_200m_mmcm
  Path Type:              Setup (Max at Slow Process Corner)
  Requirement:            5.000ns  (clk_200m_mmcm rise@5.000ns - clk_200m_mmcm rise@0.000ns)
  Data Path Delay:        4.166ns  (logic 0.412ns (9.890%)  route 3.754ns (90.110%))
  Logic Levels:           3  (LUT6=3)
  Clock Path Skew:        -0.177ns (DCD - SCD + CPR)
    Destination Clock Delay (DCD):    -0.769ns = ( 4.231 - 5.000 ) 
    Source Clock Delay      (SCD):    -0.326ns
    Clock Pessimism Removal (CPR):    0.267ns
  Clock Uncertainty:      0.245ns  ((TSJ^2 + DJ^2)^1/2) / 2 + PE + UU
    Total System Jitter     (TSJ):    0.071ns
    Discrete Jitter          (DJ):    0.056ns
    Phase Error              (PE):    0.000ns
    User Uncertainty         (UU):    0.200ns
  Clock Net Delay (Source):      2.819ns (routing 1.173ns, distribution 1.646ns)
  Clock Net Delay (Destination): 2.548ns (routing 1.079ns, distribution 1.469ns)

    Location             Delay type                Incr(ns)  Path(ns)    Netlist Resource(s)
  -------------------------------------------------------------------    -------------------
                         (clock clk_200m_mmcm rise edge)
                                                      0.000     0.000 r  
    AL14                                              0.000     0.000 r  clk_50m (IN)
                         net (fo=0)                   0.000     0.000    clock_input_buffer/I
    AL14                 INBUF (Prop_INBUF_HRIO_PAD_O)
                                                      0.922     0.922 r  clock_input_buffer/INBUF_INST/O
                         net (fo=1, routed)           0.092     1.014    clock_input_buffer/OUT
    AL14                 IBUFCTRL (Prop_IBUFCTRL_HRIO_I_O)
                                                      0.043     1.057 r  clock_input_buffer/IBUFCTRL_INST/O
                         net (fo=1, estimated)        0.865     1.922    clk_50m_ibuf
    MMCME3_ADV_X2Y1      MMCME3_ADV (Prop_MMCME3_ADV_CLKIN1_CLKOUT0)
                                                     -5.587    -3.665 r  clock_manager/CLKOUT0
                         net (fo=1, estimated)        0.437    -3.228    clk_200m_mmcm
    BUFGCE_X2Y24         BUFGCE (Prop_BUFCE_BUFGCE_I_O)
                                                      0.083    -3.145 r  system_clock_buffer/O
    X2Y2 (CLOCK_ROOT)    net (fo=29087, estimated)    2.819    -0.326    experiment/clk_200m
    SLICE_X66Y160        FDRE                                         r  experiment/image_wr_kind_reg[0]/C
  -------------------------------------------------------------------    -------------------
    SLICE_X66Y160        FDRE (Prop_BFF_SLICEL_C_Q)
                                                      0.113    -0.213 f  experiment/image_wr_kind_reg[0]/Q
                         net (fo=13, estimated)       0.852     0.639    experiment/core/type_sign_mem_reg_bram_1_5[0]
    SLICE_X51Y168        LUT6 (Prop_H6LUT_SLICEL_I0_O)
                                                      0.188     0.827 r  experiment/core/neuron_param_0_reg_0_63_0_6_i_4/O
                         net (fo=16, estimated)       1.056     1.883    experiment/core/neuron_param_0_reg_0_63_0_6_i_4_n_0
    SLICE_X69Y195        LUT6 (Prop_A6LUT_SLICEL_I2_O)
                                                      0.071     1.954 r  experiment/core/neuron_param_1_reg_0_63_0_6_i_2/O
                         net (fo=49, estimated)       1.046     3.000    experiment/core/neuron_param_1
    SLICE_X63Y235        LUT6 (Prop_H6LUT_SLICEL_I1_O)
                                                      0.040     3.040 r  experiment/core/neuron_param_1_reg_576_639_0_6_i_1/O
                         net (fo=40, estimated)       0.800     3.840    experiment/core/neuron_param_1_reg_576_639_0_6/WE
    SLICE_X70Y244        RAMD64E                                      r  experiment/core/neuron_param_1_reg_576_639_0_6/RAMA/WE
  -------------------------------------------------------------------    -------------------

                         (clock clk_200m_mmcm rise edge)
                                                      5.000     5.000 r  
    AL14                                              0.000     5.000 r  clk_50m (IN)
                         net (fo=0)                   0.000     5.000    clock_input_buffer/I
    AL14                 INBUF (Prop_INBUF_HRIO_PAD_O)
                                                      0.656     5.656 r  clock_input_buffer/INBUF_INST/O
                         net (fo=1, routed)           0.059     5.715    clock_input_buffer/OUT
    AL14                 IBUFCTRL (Prop_IBUFCTRL_HRIO_I_O)
                                                      0.032     5.747 r  clock_input_buffer/IBUFCTRL_INST/O
                         net (fo=1, estimated)        0.778     6.525    clk_50m_ibuf
    MMCME3_ADV_X2Y1      MMCME3_ADV (Prop_MMCME3_ADV_CLKIN1_CLKOUT0)
                                                     -5.289     1.236 r  clock_manager/CLKOUT0
                         net (fo=1, estimated)        0.372     1.608    clk_200m_mmcm
    BUFGCE_X2Y24         BUFGCE (Prop_BUFCE_BUFGCE_I_O)
                                                      0.075     1.683 r  system_clock_buffer/O
    X2Y2 (CLOCK_ROOT)    net (fo=29087, estimated)    2.548     4.231    experiment/core/neuron_param_1_reg_576_639_0_6/WCLK
    SLICE_X70Y244        RAMD64E                                      r  experiment/core/neuron_param_1_reg_576_639_0_6/RAMA/CLK
                         clock pessimism              0.267     4.497    
                         clock uncertainty           -0.245     4.252    
    SLICE_X70Y244        RAMD64E (Setup_A6LUT_SLICEM_CLK_WE)
                                                     -0.404     3.848    experiment/core/neuron_param_1_reg_576_639_0_6/RAMA
  -------------------------------------------------------------------
                         required time                          3.848    
                         arrival time                          -3.840    
  -------------------------------------------------------------------
                         slack                                  0.008    

Slack (MET) :             0.008ns  (required time - arrival time)
  Source:                 experiment/image_wr_kind_reg[0]/C
                            (rising edge-triggered cell FDRE clocked by clk_200m_mmcm  {rise@0.000ns fall@2.500ns period=5.000ns})
  Destination:            experiment/core/neuron_param_1_reg_576_639_0_6/RAMB/WE
                            (rising edge-triggered cell RAMD64E clocked by clk_200m_mmcm  {rise@0.000ns fall@2.500ns period=5.000ns})
  Path Group:             clk_200m_mmcm
  Path Type:              Setup (Max at Slow Process Corner)
  Requirement:            5.000ns  (clk_200m_mmcm rise@5.000ns - clk_200m_mmcm rise@0.000ns)
  Data Path Delay:        4.166ns  (logic 0.412ns (9.890%)  route 3.754ns (90.110%))
  Logic Levels:           3  (LUT6=3)
  Clock Path Skew:        -0.177ns (DCD - SCD + CPR)
    Destination Clock Delay (DCD):    -0.769ns = ( 4.231 - 5.000 ) 
    Source Clock Delay      (SCD):    -0.326ns
    Clock Pessimism Removal (CPR):    0.267ns
  Clock Uncertainty:      0.245ns  ((TSJ^2 + DJ^2)^1/2) / 2 + PE + UU
    Total System Jitter     (TSJ):    0.071ns
    Discrete Jitter          (DJ):    0.056ns
    Phase Error              (PE):    0.000ns
    User Uncertainty         (UU):    0.200ns
  Clock Net Delay (Source):      2.819ns (routing 1.173ns, distribution 1.646ns)
  Clock Net Delay (Destination): 2.548ns (routing 1.079ns, distribution 1.469ns)

    Location             Delay type                Incr(ns)  Path(ns)    Netlist Resource(s)
  -------------------------------------------------------------------    -------------------
                         (clock clk_200m_mmcm rise edge)
                                                      0.000     0.000 r  
    AL14                                              0.000     0.000 r  clk_50m (IN)
                         net (fo=0)                   0.000     0.000    clock_input_buffer/I
    AL14                 INBUF (Prop_INBUF_HRIO_PAD_O)
                                                      0.922     0.922 r  clock_input_buffer/INBUF_INST/O
                         net (fo=1, routed)           0.092     1.014    clock_input_buffer/OUT
    AL14                 IBUFCTRL (Prop_IBUFCTRL_HRIO_I_O)
                                                      0.043     1.057 r  clock_input_buffer/IBUFCTRL_INST/O
                         net (fo=1, estimated)        0.865     1.922    clk_50m_ibuf
    MMCME3_ADV_X2Y1      MMCME3_ADV (Prop_MMCME3_ADV_CLKIN1_CLKOUT0)
                                                     -5.587    -3.665 r  clock_manager/CLKOUT0
                         net (fo=1, estimated)        0.437    -3.228    clk_200m_mmcm
    BUFGCE_X2Y24         BUFGCE (Prop_BUFCE_BUFGCE_I_O)
                                                      0.083    -3.145 r  system_clock_buffer/O
    X2Y2 (CLOCK_ROOT)    net (fo=29087, estimated)    2.819    -0.326    experiment/clk_200m
    SLICE_X66Y160        FDRE                                         r  experiment/image_wr_kind_reg[0]/C
  -------------------------------------------------------------------    -------------------
    SLICE_X66Y160        FDRE (Prop_BFF_SLICEL_C_Q)
                                                      0.113    -0.213 f  experiment/image_wr_kind_reg[0]/Q
                         net (fo=13, estimated)       0.852     0.639    experiment/core/type_sign_mem_reg_bram_1_5[0]
    SLICE_X51Y168        LUT6 (Prop_H6LUT_SLICEL_I0_O)
                                                      0.188     0.827 r  experiment/core/neuron_param_0_reg_0_63_0_6_i_4/O
                         net (fo=16, estimated)       1.056     1.883    experiment/core/neuron_param_0_reg_0_63_0_6_i_4_n_0
    SLICE_X69Y195        LUT6 (Prop_A6LUT_SLICEL_I2_O)
                                                      0.071     1.954 r  experiment/core/neuron_param_1_reg_0_63_0_6_i_2/O
                         net (fo=49, estimated)       1.046     3.000    experiment/core/neuron_param_1
    SLICE_X63Y235        LUT6 (Prop_H6LUT_SLICEL_I1_O)
                                                      0.040     3.040 r  experiment/core/neuron_param_1_reg_576_639_0_6_i_1/O
                         net (fo=40, estimated)       0.800     3.840    experiment/core/neuron_param_1_reg_576_639_0_6/WE
    SLICE_X70Y244        RAMD64E                                      r  experiment/core/neuron_param_1_reg_576_639_0_6/RAMB/WE
  -------------------------------------------------------------------    -------------------

                         (clock clk_200m_mmcm rise edge)
                                                      5.000     5.000 r  
    AL14                                              0.000     5.000 r  clk_50m (IN)
                         net (fo=0)                   0.000     5.000    clock_input_buffer/I
    AL14                 INBUF (Prop_INBUF_HRIO_PAD_O)
                                                      0.656     5.656 r  clock_input_buffer/INBUF_INST/O
                         net (fo=1, routed)           0.059     5.715    clock_input_buffer/OUT
    AL14                 IBUFCTRL (Prop_IBUFCTRL_HRIO_I_O)
                                                      0.032     5.747 r  clock_input_buffer/IBUFCTRL_INST/O
                         net (fo=1, estimated)        0.778     6.525    clk_50m_ibuf
    MMCME3_ADV_X2Y1      MMCME3_ADV (Prop_MMCME3_ADV_CLKIN1_CLKOUT0)
                                                     -5.289     1.236 r  clock_manager/CLKOUT0
                         net (fo=1, estimated)        0.372     1.608    clk_200m_mmcm
    BUFGCE_X2Y24         BUFGCE (Prop_BUFCE_BUFGCE_I_O)
                                                      0.075     1.683 r  system_clock_buffer/O
    X2Y2 (CLOCK_ROOT)    net (fo=29087, estimated)    2.548     4.231    experiment/core/neuron_param_1_reg_576_639_0_6/WCLK
    SLICE_X70Y244        RAMD64E                                      r  experiment/core/neuron_param_1_reg_576_639_0_6/RAMB/CLK
                         clock pessimism              0.267     4.497    
                         clock uncertainty           -0.245     4.252    
    SLICE_X70Y244        RAMD64E (Setup_B6LUT_SLICEM_CLK_WE)
                                                     -0.404     3.848    experiment/core/neuron_param_1_reg_576_639_0_6/RAMB
  -------------------------------------------------------------------
                         required time                          3.848    
                         arrival time                          -3.840    
  -------------------------------------------------------------------
                         slack                                  0.008    

Slack (MET) :             0.008ns  (required time - arrival time)
  Source:                 experiment/image_wr_kind_reg[0]/C
                            (rising edge-triggered cell FDRE clocked by clk_200m_mmcm  {rise@0.000ns fall@2.500ns period=5.000ns})
  Destination:            experiment/core/neuron_param_1_reg_576_639_0_6/RAMC/WE
                            (rising edge-triggered cell RAMD64E clocked by clk_200m_mmcm  {rise@0.000ns fall@2.500ns period=5.000ns})
  Path Group:             clk_200m_mmcm
  Path Type:              Setup (Max at Slow Process Corner)
  Requirement:            5.000ns  (clk_200m_mmcm rise@5.000ns - clk_200m_mmcm rise@0.000ns)
  Data Path Delay:        4.166ns  (logic 0.412ns (9.890%)  route 3.754ns (90.110%))
  Logic Levels:           3  (LUT6=3)
  Clock Path Skew:        -0.177ns (DCD - SCD + CPR)
    Destination Clock Delay (DCD):    -0.769ns = ( 4.231 - 5.000 ) 
    Source Clock Delay      (SCD):    -0.326ns
    Clock Pessimism Removal (CPR):    0.267ns
  Clock Uncertainty:      0.245ns  ((TSJ^2 + DJ^2)^1/2) / 2 + PE + UU
    Total System Jitter     (TSJ):    0.071ns
    Discrete Jitter          (DJ):    0.056ns
    Phase Error              (PE):    0.000ns
    User Uncertainty         (UU):    0.200ns
  Clock Net Delay (Source):      2.819ns (routing 1.173ns, distribution 1.646ns)
  Clock Net Delay (Destination): 2.548ns (routing 1.079ns, distribution 1.469ns)

    Location             Delay type                Incr(ns)  Path(ns)    Netlist Resource(s)
  -------------------------------------------------------------------    -------------------
                         (clock clk_200m_mmcm rise edge)
                                                      0.000     0.000 r  
    AL14                                              0.000     0.000 r  clk_50m (IN)
                         net (fo=0)                   0.000     0.000    clock_input_buffer/I
    AL14                 INBUF (Prop_INBUF_HRIO_PAD_O)
                                                      0.922     0.922 r  clock_input_buffer/INBUF_INST/O
                         net (fo=1, routed)           0.092     1.014    clock_input_buffer/OUT
    AL14                 IBUFCTRL (Prop_IBUFCTRL_HRIO_I_O)
                                                      0.043     1.057 r  clock_input_buffer/IBUFCTRL_INST/O
                         net (fo=1, estimated)        0.865     1.922    clk_50m_ibuf
    MMCME3_ADV_X2Y1      MMCME3_ADV (Prop_MMCME3_ADV_CLKIN1_CLKOUT0)
                                                     -5.587    -3.665 r  clock_manager/CLKOUT0
                         net (fo=1, estimated)        0.437    -3.228    clk_200m_mmcm
    BUFGCE_X2Y24         BUFGCE (Prop_BUFCE_BUFGCE_I_O)
                                                      0.083    -3.145 r  system_clock_buffer/O
    X2Y2 (CLOCK_ROOT)    net (fo=29087, estimated)    2.819    -0.326    experiment/clk_200m
    SLICE_X66Y160        FDRE                                         r  experiment/image_wr_kind_reg[0]/C
  -------------------------------------------------------------------    -------------------
    SLICE_X66Y160        FDRE (Prop_BFF_SLICEL_C_Q)
                                                      0.113    -0.213 f  experiment/image_wr_kind_reg[0]/Q
                         net (fo=13, estimated)       0.852     0.639    experiment/core/type_sign_mem_reg_bram_1_5[0]
    SLICE_X51Y168        LUT6 (Prop_H6LUT_SLICEL_I0_O)
                                                      0.188     0.827 r  experiment/core/neuron_param_0_reg_0_63_0_6_i_4/O
                         net (fo=16, estimated)       1.056     1.883    experiment/core/neuron_param_0_reg_0_63_0_6_i_4_n_0
    SLICE_X69Y195        LUT6 (Prop_A6LUT_SLICEL_I2_O)
                                                      0.071     1.954 r  experiment/core/neuron_param_1_reg_0_63_0_6_i_2/O
                         net (fo=49, estimated)       1.046     3.000    experiment/core/neuron_param_1
    SLICE_X63Y235        LUT6 (Prop_H6LUT_SLICEL_I1_O)
                                                      0.040     3.040 r  experiment/core/neuron_param_1_reg_576_639_0_6_i_1/O
                         net (fo=40, estimated)       0.800     3.840    experiment/core/neuron_param_1_reg_576_639_0_6/WE
    SLICE_X70Y244        RAMD64E                                      r  experiment/core/neuron_param_1_reg_576_639_0_6/RAMC/WE
  -------------------------------------------------------------------    -------------------

                         (clock clk_200m_mmcm rise edge)
                                                      5.000     5.000 r  
    AL14                                              0.000     5.000 r  clk_50m (IN)
                         net (fo=0)                   0.000     5.000    clock_input_buffer/I
    AL14                 INBUF (Prop_INBUF_HRIO_PAD_O)
                                                      0.656     5.656 r  clock_input_buffer/INBUF_INST/O
                         net (fo=1, routed)           0.059     5.715    clock_input_buffer/OUT
    AL14                 IBUFCTRL (Prop_IBUFCTRL_HRIO_I_O)
                                                      0.032     5.747 r  clock_input_buffer/IBUFCTRL_INST/O
                         net (fo=1, estimated)        0.778     6.525    clk_50m_ibuf
    MMCME3_ADV_X2Y1      MMCME3_ADV (Prop_MMCME3_ADV_CLKIN1_CLKOUT0)
                                                     -5.289     1.236 r  clock_manager/CLKOUT0
                         net (fo=1, estimated)        0.372     1.608    clk_200m_mmcm
    BUFGCE_X2Y24         BUFGCE (Prop_BUFCE_BUFGCE_I_O)
                                                      0.075     1.683 r  system_clock_buffer/O
    X2Y2 (CLOCK_ROOT)    net (fo=29087, estimated)    2.548     4.231    experiment/core/neuron_param_1_reg_576_639_0_6/WCLK
    SLICE_X70Y244        RAMD64E                                      r  experiment/core/neuron_param_1_reg_576_639_0_6/RAMC/CLK
                         clock pessimism              0.267     4.497    
                         clock uncertainty           -0.245     4.252    
    SLICE_X70Y244        RAMD64E (Setup_C6LUT_SLICEM_CLK_WE)
                                                     -0.404     3.848    experiment/core/neuron_param_1_reg_576_639_0_6/RAMC
  -------------------------------------------------------------------
                         required time                          3.848    
                         arrival time                          -3.840    
  -------------------------------------------------------------------
                         slack                                  0.008    

Slack (MET) :             0.008ns  (required time - arrival time)
  Source:                 experiment/image_wr_kind_reg[0]/C
                            (rising edge-triggered cell FDRE clocked by clk_200m_mmcm  {rise@0.000ns fall@2.500ns period=5.000ns})
  Destination:            experiment/core/neuron_param_1_reg_576_639_0_6/RAMD/WE
                            (rising edge-triggered cell RAMD64E clocked by clk_200m_mmcm  {rise@0.000ns fall@2.500ns period=5.000ns})
  Path Group:             clk_200m_mmcm
  Path Type:              Setup (Max at Slow Process Corner)
  Requirement:            5.000ns  (clk_200m_mmcm rise@5.000ns - clk_200m_mmcm rise@0.000ns)
  Data Path Delay:        4.166ns  (logic 0.412ns (9.890%)  route 3.754ns (90.110%))
  Logic Levels:           3  (LUT6=3)
  Clock Path Skew:        -0.177ns (DCD - SCD + CPR)
    Destination Clock Delay (DCD):    -0.769ns = ( 4.231 - 5.000 ) 
    Source Clock Delay      (SCD):    -0.326ns
    Clock Pessimism Removal (CPR):    0.267ns
  Clock Uncertainty:      0.245ns  ((TSJ^2 + DJ^2)^1/2) / 2 + PE + UU
    Total System Jitter     (TSJ):    0.071ns
    Discrete Jitter          (DJ):    0.056ns
    Phase Error              (PE):    0.000ns
    User Uncertainty         (UU):    0.200ns
  Clock Net Delay (Source):      2.819ns (routing 1.173ns, distribution 1.646ns)
  Clock Net Delay (Destination): 2.548ns (routing 1.079ns, distribution 1.469ns)

    Location             Delay type                Incr(ns)  Path(ns)    Netlist Resource(s)
  -------------------------------------------------------------------    -------------------
                         (clock clk_200m_mmcm rise edge)
                                                      0.000     0.000 r  
    AL14                                              0.000     0.000 r  clk_50m (IN)
                         net (fo=0)                   0.000     0.000    clock_input_buffer/I
    AL14                 INBUF (Prop_INBUF_HRIO_PAD_O)
                                                      0.922     0.922 r  clock_input_buffer/INBUF_INST/O
                         net (fo=1, routed)           0.092     1.014    clock_input_buffer/OUT
    AL14                 IBUFCTRL (Prop_IBUFCTRL_HRIO_I_O)
                                                      0.043     1.057 r  clock_input_buffer/IBUFCTRL_INST/O
                         net (fo=1, estimated)        0.865     1.922    clk_50m_ibuf
    MMCME3_ADV_X2Y1      MMCME3_ADV (Prop_MMCME3_ADV_CLKIN1_CLKOUT0)
                                                     -5.587    -3.665 r  clock_manager/CLKOUT0
                         net (fo=1, estimated)        0.437    -3.228    clk_200m_mmcm
    BUFGCE_X2Y24         BUFGCE (Prop_BUFCE_BUFGCE_I_O)
                                                      0.083    -3.145 r  system_clock_buffer/O
    X2Y2 (CLOCK_ROOT)    net (fo=29087, estimated)    2.819    -0.326    experiment/clk_200m
    SLICE_X66Y160        FDRE                                         r  experiment/image_wr_kind_reg[0]/C
  -------------------------------------------------------------------    -------------------
    SLICE_X66Y160        FDRE (Prop_BFF_SLICEL_C_Q)
                                                      0.113    -0.213 f  experiment/image_wr_kind_reg[0]/Q
                         net (fo=13, estimated)       0.852     0.639    experiment/core/type_sign_mem_reg_bram_1_5[0]
    SLICE_X51Y168        LUT6 (Prop_H6LUT_SLICEL_I0_O)
                                                      0.188     0.827 r  experiment/core/neuron_param_0_reg_0_63_0_6_i_4/O
                         net (fo=16, estimated)       1.056     1.883    experiment/core/neuron_param_0_reg_0_63_0_6_i_4_n_0
    SLICE_X69Y195        LUT6 (Prop_A6LUT_SLICEL_I2_O)
                                                      0.071     1.954 r  experiment/core/neuron_param_1_reg_0_63_0_6_i_2/O
                         net (fo=49, estimated)       1.046     3.000    experiment/core/neuron_param_1
    SLICE_X63Y235        LUT6 (Prop_H6LUT_SLICEL_I1_O)
                                                      0.040     3.040 r  experiment/core/neuron_param_1_reg_576_639_0_6_i_1/O
                         net (fo=40, estimated)       0.800     3.840    experiment/core/neuron_param_1_reg_576_639_0_6/WE
    SLICE_X70Y244        RAMD64E                                      r  experiment/core/neuron_param_1_reg_576_639_0_6/RAMD/WE
  -------------------------------------------------------------------    -------------------

                         (clock clk_200m_mmcm rise edge)
                                                      5.000     5.000 r  
    AL14                                              0.000     5.000 r  clk_50m (IN)
                         net (fo=0)                   0.000     5.000    clock_input_buffer/I
    AL14                 INBUF (Prop_INBUF_HRIO_PAD_O)
                                                      0.656     5.656 r  clock_input_buffer/INBUF_INST/O
                         net (fo=1, routed)           0.059     5.715    clock_input_buffer/OUT
    AL14                 IBUFCTRL (Prop_IBUFCTRL_HRIO_I_O)
                                                      0.032     5.747 r  clock_input_buffer/IBUFCTRL_INST/O
                         net (fo=1, estimated)        0.778     6.525    clk_50m_ibuf
    MMCME3_ADV_X2Y1      MMCME3_ADV (Prop_MMCME3_ADV_CLKIN1_CLKOUT0)
                                                     -5.289     1.236 r  clock_manager/CLKOUT0
                         net (fo=1, estimated)        0.372     1.608    clk_200m_mmcm
    BUFGCE_X2Y24         BUFGCE (Prop_BUFCE_BUFGCE_I_O)
                                                      0.075     1.683 r  system_clock_buffer/O
    X2Y2 (CLOCK_ROOT)    net (fo=29087, estimated)    2.548     4.231    experiment/core/neuron_param_1_reg_576_639_0_6/WCLK
    SLICE_X70Y244        RAMD64E                                      r  experiment/core/neuron_param_1_reg_576_639_0_6/RAMD/CLK
                         clock pessimism              0.267     4.497    
                         clock uncertainty           -0.245     4.252    
    SLICE_X70Y244        RAMD64E (Setup_D6LUT_SLICEM_CLK_WE)
                                                     -0.404     3.848    experiment/core/neuron_param_1_reg_576_639_0_6/RAMD
  -------------------------------------------------------------------
                         required time                          3.848    
                         arrival time                          -3.840    
  -------------------------------------------------------------------
                         slack                                  0.008    

Slack (MET) :             0.008ns  (required time - arrival time)
  Source:                 experiment/image_wr_kind_reg[0]/C
                            (rising edge-triggered cell FDRE clocked by clk_200m_mmcm  {rise@0.000ns fall@2.500ns period=5.000ns})
  Destination:            experiment/core/neuron_param_1_reg_576_639_0_6/RAME/WE
                            (rising edge-triggered cell RAMD64E clocked by clk_200m_mmcm  {rise@0.000ns fall@2.500ns period=5.000ns})
  Path Group:             clk_200m_mmcm
  Path Type:              Setup (Max at Slow Process Corner)
  Requirement:            5.000ns  (clk_200m_mmcm rise@5.000ns - clk_200m_mmcm rise@0.000ns)
  Data Path Delay:        4.166ns  (logic 0.412ns (9.890%)  route 3.754ns (90.110%))
  Logic Levels:           3  (LUT6=3)
  Clock Path Skew:        -0.177ns (DCD - SCD + CPR)
    Destination Clock Delay (DCD):    -0.769ns = ( 4.231 - 5.000 ) 
    Source Clock Delay      (SCD):    -0.326ns
    Clock Pessimism Removal (CPR):    0.267ns
  Clock Uncertainty:      0.245ns  ((TSJ^2 + DJ^2)^1/2) / 2 + PE + UU
    Total System Jitter     (TSJ):    0.071ns
    Discrete Jitter          (DJ):    0.056ns
    Phase Error              (PE):    0.000ns
    User Uncertainty         (UU):    0.200ns
  Clock Net Delay (Source):      2.819ns (routing 1.173ns, distribution 1.646ns)
  Clock Net Delay (Destination): 2.548ns (routing 1.079ns, distribution 1.469ns)

    Location             Delay type                Incr(ns)  Path(ns)    Netlist Resource(s)
  -------------------------------------------------------------------    -------------------
                         (clock clk_200m_mmcm rise edge)
                                                      0.000     0.000 r  
    AL14                                              0.000     0.000 r  clk_50m (IN)
                         net (fo=0)                   0.000     0.000    clock_input_buffer/I
    AL14                 INBUF (Prop_INBUF_HRIO_PAD_O)
                                                      0.922     0.922 r  clock_input_buffer/INBUF_INST/O
                         net (fo=1, routed)           0.092     1.014    clock_input_buffer/OUT
    AL14                 IBUFCTRL (Prop_IBUFCTRL_HRIO_I_O)
                                                      0.043     1.057 r  clock_input_buffer/IBUFCTRL_INST/O
                         net (fo=1, estimated)        0.865     1.922    clk_50m_ibuf
    MMCME3_ADV_X2Y1      MMCME3_ADV (Prop_MMCME3_ADV_CLKIN1_CLKOUT0)
                                                     -5.587    -3.665 r  clock_manager/CLKOUT0
                         net (fo=1, estimated)        0.437    -3.228    clk_200m_mmcm
    BUFGCE_X2Y24         BUFGCE (Prop_BUFCE_BUFGCE_I_O)
                                                      0.083    -3.145 r  system_clock_buffer/O
    X2Y2 (CLOCK_ROOT)    net (fo=29087, estimated)    2.819    -0.326    experiment/clk_200m
    SLICE_X66Y160        FDRE                                         r  experiment/image_wr_kind_reg[0]/C
  -------------------------------------------------------------------    -------------------
    SLICE_X66Y160        FDRE (Prop_BFF_SLICEL_C_Q)
                                                      0.113    -0.213 f  experiment/image_wr_kind_reg[0]/Q
                         net (fo=13, estimated)       0.852     0.639    experiment/core/type_sign_mem_reg_bram_1_5[0]
    SLICE_X51Y168        LUT6 (Prop_H6LUT_SLICEL_I0_O)
                                                      0.188     0.827 r  experiment/core/neuron_param_0_reg_0_63_0_6_i_4/O
                         net (fo=16, estimated)       1.056     1.883    experiment/core/neuron_param_0_reg_0_63_0_6_i_4_n_0
    SLICE_X69Y195        LUT6 (Prop_A6LUT_SLICEL_I2_O)
                                                      0.071     1.954 r  experiment/core/neuron_param_1_reg_0_63_0_6_i_2/O
                         net (fo=49, estimated)       1.046     3.000    experiment/core/neuron_param_1
    SLICE_X63Y235        LUT6 (Prop_H6LUT_SLICEL_I1_O)
                                                      0.040     3.040 r  experiment/core/neuron_param_1_reg_576_639_0_6_i_1/O
                         net (fo=40, estimated)       0.800     3.840    experiment/core/neuron_param_1_reg_576_639_0_6/WE
    SLICE_X70Y244        RAMD64E                                      r  experiment/core/neuron_param_1_reg_576_639_0_6/RAME/WE
  -------------------------------------------------------------------    -------------------

                         (clock clk_200m_mmcm rise edge)
                                                      5.000     5.000 r  
    AL14                                              0.000     5.000 r  clk_50m (IN)
                         net (fo=0)                   0.000     5.000    clock_input_buffer/I
    AL14                 INBUF (Prop_INBUF_HRIO_PAD_O)
                                                      0.656     5.656 r  clock_input_buffer/INBUF_INST/O
                         net (fo=1, routed)           0.059     5.715    clock_input_buffer/OUT
    AL14                 IBUFCTRL (Prop_IBUFCTRL_HRIO_I_O)
                                                      0.032     5.747 r  clock_input_buffer/IBUFCTRL_INST/O
                         net (fo=1, estimated)        0.778     6.525    clk_50m_ibuf
    MMCME3_ADV_X2Y1      MMCME3_ADV (Prop_MMCME3_ADV_CLKIN1_CLKOUT0)
                                                     -5.289     1.236 r  clock_manager/CLKOUT0
                         net (fo=1, estimated)        0.372     1.608    clk_200m_mmcm
    BUFGCE_X2Y24         BUFGCE (Prop_BUFCE_BUFGCE_I_O)
                                                      0.075     1.683 r  system_clock_buffer/O
    X2Y2 (CLOCK_ROOT)    net (fo=29087, estimated)    2.548     4.231    experiment/core/neuron_param_1_reg_576_639_0_6/WCLK
    SLICE_X70Y244        RAMD64E                                      r  experiment/core/neuron_param_1_reg_576_639_0_6/RAME/CLK
                         clock pessimism              0.267     4.497    
                         clock uncertainty           -0.245     4.252    
    SLICE_X70Y244        RAMD64E (Setup_E6LUT_SLICEM_CLK_WE)
                                                     -0.404     3.848    experiment/core/neuron_param_1_reg_576_639_0_6/RAME
  -------------------------------------------------------------------
                         required time                          3.848    
                         arrival time                          -3.840    
  -------------------------------------------------------------------
                         slack                                  0.008    

Slack (MET) :             0.008ns  (required time - arrival time)
  Source:                 experiment/image_wr_kind_reg[0]/C
                            (rising edge-triggered cell FDRE clocked by clk_200m_mmcm  {rise@0.000ns fall@2.500ns period=5.000ns})
  Destination:            experiment/core/neuron_param_1_reg_576_639_0_6/RAMF/WE
                            (rising edge-triggered cell RAMD64E clocked by clk_200m_mmcm  {rise@0.000ns fall@2.500ns period=5.000ns})
  Path Group:             clk_200m_mmcm
  Path Type:              Setup (Max at Slow Process Corner)
  Requirement:            5.000ns  (clk_200m_mmcm rise@5.000ns - clk_200m_mmcm rise@0.000ns)
  Data Path Delay:        4.166ns  (logic 0.412ns (9.890%)  route 3.754ns (90.110%))
  Logic Levels:           3  (LUT6=3)
  Clock Path Skew:        -0.177ns (DCD - SCD + CPR)
    Destination Clock Delay (DCD):    -0.769ns = ( 4.231 - 5.000 ) 
    Source Clock Delay      (SCD):    -0.326ns
    Clock Pessimism Removal (CPR):    0.267ns
  Clock Uncertainty:      0.245ns  ((TSJ^2 + DJ^2)^1/2) / 2 + PE + UU
    Total System Jitter     (TSJ):    0.071ns
    Discrete Jitter          (DJ):    0.056ns
    Phase Error              (PE):    0.000ns
    User Uncertainty         (UU):    0.200ns
  Clock Net Delay (Source):      2.819ns (routing 1.173ns, distribution 1.646ns)
  Clock Net Delay (Destination): 2.548ns (routing 1.079ns, distribution 1.469ns)

    Location             Delay type                Incr(ns)  Path(ns)    Netlist Resource(s)
  -------------------------------------------------------------------    -------------------
                         (clock clk_200m_mmcm rise edge)
                                                      0.000     0.000 r  
    AL14                                              0.000     0.000 r  clk_50m (IN)
                         net (fo=0)                   0.000     0.000    clock_input_buffer/I
    AL14                 INBUF (Prop_INBUF_HRIO_PAD_O)
                                                      0.922     0.922 r  clock_input_buffer/INBUF_INST/O
                         net (fo=1, routed)           0.092     1.014    clock_input_buffer/OUT
    AL14                 IBUFCTRL (Prop_IBUFCTRL_HRIO_I_O)
                                                      0.043     1.057 r  clock_input_buffer/IBUFCTRL_INST/O
                         net (fo=1, estimated)        0.865     1.922    clk_50m_ibuf
    MMCME3_ADV_X2Y1      MMCME3_ADV (Prop_MMCME3_ADV_CLKIN1_CLKOUT0)
                                                     -5.587    -3.665 r  clock_manager/CLKOUT0
                         net (fo=1, estimated)        0.437    -3.228    clk_200m_mmcm
    BUFGCE_X2Y24         BUFGCE (Prop_BUFCE_BUFGCE_I_O)
                                                      0.083    -3.145 r  system_clock_buffer/O
    X2Y2 (CLOCK_ROOT)    net (fo=29087, estimated)    2.819    -0.326    experiment/clk_200m
    SLICE_X66Y160        FDRE                                         r  experiment/image_wr_kind_reg[0]/C
  -------------------------------------------------------------------    -------------------
    SLICE_X66Y160        FDRE (Prop_BFF_SLICEL_C_Q)
                                                      0.113    -0.213 f  experiment/image_wr_kind_reg[0]/Q
                         net (fo=13, estimated)       0.852     0.639    experiment/core/type_sign_mem_reg_bram_1_5[0]
    SLICE_X51Y168        LUT6 (Prop_H6LUT_SLICEL_I0_O)
                                                      0.188     0.827 r  experiment/core/neuron_param_0_reg_0_63_0_6_i_4/O
                         net (fo=16, estimated)       1.056     1.883    experiment/core/neuron_param_0_reg_0_63_0_6_i_4_n_0
    SLICE_X69Y195        LUT6 (Prop_A6LUT_SLICEL_I2_O)
                                                      0.071     1.954 r  experiment/core/neuron_param_1_reg_0_63_0_6_i_2/O
                         net (fo=49, estimated)       1.046     3.000    experiment/core/neuron_param_1
    SLICE_X63Y235        LUT6 (Prop_H6LUT_SLICEL_I1_O)
                                                      0.040     3.040 r  experiment/core/neuron_param_1_reg_576_639_0_6_i_1/O
                         net (fo=40, estimated)       0.800     3.840    experiment/core/neuron_param_1_reg_576_639_0_6/WE
    SLICE_X70Y244        RAMD64E                                      r  experiment/core/neuron_param_1_reg_576_639_0_6/RAMF/WE
  -------------------------------------------------------------------    -------------------

                         (clock clk_200m_mmcm rise edge)
                                                      5.000     5.000 r  
    AL14                                              0.000     5.000 r  clk_50m (IN)
                         net (fo=0)                   0.000     5.000    clock_input_buffer/I
    AL14                 INBUF (Prop_INBUF_HRIO_PAD_O)
                                                      0.656     5.656 r  clock_input_buffer/INBUF_INST/O
                         net (fo=1, routed)           0.059     5.715    clock_input_buffer/OUT
    AL14                 IBUFCTRL (Prop_IBUFCTRL_HRIO_I_O)
                                                      0.032     5.747 r  clock_input_buffer/IBUFCTRL_INST/O
                         net (fo=1, estimated)        0.778     6.525    clk_50m_ibuf
    MMCME3_ADV_X2Y1      MMCME3_ADV (Prop_MMCME3_ADV_CLKIN1_CLKOUT0)
                                                     -5.289     1.236 r  clock_manager/CLKOUT0
                         net (fo=1, estimated)        0.372     1.608    clk_200m_mmcm
    BUFGCE_X2Y24         BUFGCE (Prop_BUFCE_BUFGCE_I_O)
                                                      0.075     1.683 r  system_clock_buffer/O
    X2Y2 (CLOCK_ROOT)    net (fo=29087, estimated)    2.548     4.231    experiment/core/neuron_param_1_reg_576_639_0_6/WCLK
    SLICE_X70Y244        RAMD64E                                      r  experiment/core/neuron_param_1_reg_576_639_0_6/RAMF/CLK
                         clock pessimism              0.267     4.497    
                         clock uncertainty           -0.245     4.252    
    SLICE_X70Y244        RAMD64E (Setup_F6LUT_SLICEM_CLK_WE)
                                                     -0.404     3.848    experiment/core/neuron_param_1_reg_576_639_0_6/RAMF
  -------------------------------------------------------------------
                         required time                          3.848    
                         arrival time                          -3.840    
  -------------------------------------------------------------------
                         slack                                  0.008    

Slack (MET) :             0.008ns  (required time - arrival time)
  Source:                 experiment/image_wr_kind_reg[0]/C
                            (rising edge-triggered cell FDRE clocked by clk_200m_mmcm  {rise@0.000ns fall@2.500ns period=5.000ns})
  Destination:            experiment/core/neuron_param_1_reg_576_639_0_6/RAMG/WE
                            (rising edge-triggered cell RAMD64E clocked by clk_200m_mmcm  {rise@0.000ns fall@2.500ns period=5.000ns})
  Path Group:             clk_200m_mmcm
  Path Type:              Setup (Max at Slow Process Corner)
  Requirement:            5.000ns  (clk_200m_mmcm rise@5.000ns - clk_200m_mmcm rise@0.000ns)
  Data Path Delay:        4.166ns  (logic 0.412ns (9.890%)  route 3.754ns (90.110%))
  Logic Levels:           3  (LUT6=3)
  Clock Path Skew:        -0.177ns (DCD - SCD + CPR)
    Destination Clock Delay (DCD):    -0.769ns = ( 4.231 - 5.000 ) 
    Source Clock Delay      (SCD):    -0.326ns
    Clock Pessimism Removal (CPR):    0.267ns
  Clock Uncertainty:      0.245ns  ((TSJ^2 + DJ^2)^1/2) / 2 + PE + UU
    Total System Jitter     (TSJ):    0.071ns
    Discrete Jitter          (DJ):    0.056ns
    Phase Error              (PE):    0.000ns
    User Uncertainty         (UU):    0.200ns
  Clock Net Delay (Source):      2.819ns (routing 1.173ns, distribution 1.646ns)
  Clock Net Delay (Destination): 2.548ns (routing 1.079ns, distribution 1.469ns)

    Location             Delay type                Incr(ns)  Path(ns)    Netlist Resource(s)
  -------------------------------------------------------------------    -------------------
                         (clock clk_200m_mmcm rise edge)
                                                      0.000     0.000 r  
    AL14                                              0.000     0.000 r  clk_50m (IN)
                         net (fo=0)                   0.000     0.000    clock_input_buffer/I
    AL14                 INBUF (Prop_INBUF_HRIO_PAD_O)
                                                      0.922     0.922 r  clock_input_buffer/INBUF_INST/O
                         net (fo=1, routed)           0.092     1.014    clock_input_buffer/OUT
    AL14                 IBUFCTRL (Prop_IBUFCTRL_HRIO_I_O)
                                                      0.043     1.057 r  clock_input_buffer/IBUFCTRL_INST/O
                         net (fo=1, estimated)        0.865     1.922    clk_50m_ibuf
    MMCME3_ADV_X2Y1      MMCME3_ADV (Prop_MMCME3_ADV_CLKIN1_CLKOUT0)
                                                     -5.587    -3.665 r  clock_manager/CLKOUT0
                         net (fo=1, estimated)        0.437    -3.228    clk_200m_mmcm
    BUFGCE_X2Y24         BUFGCE (Prop_BUFCE_BUFGCE_I_O)
                                                      0.083    -3.145 r  system_clock_buffer/O
    X2Y2 (CLOCK_ROOT)    net (fo=29087, estimated)    2.819    -0.326    experiment/clk_200m
    SLICE_X66Y160        FDRE                                         r  experiment/image_wr_kind_reg[0]/C
  -------------------------------------------------------------------    -------------------
    SLICE_X66Y160        FDRE (Prop_BFF_SLICEL_C_Q)
                                                      0.113    -0.213 f  experiment/image_wr_kind_reg[0]/Q
                         net (fo=13, estimated)       0.852     0.639    experiment/core/type_sign_mem_reg_bram_1_5[0]
    SLICE_X51Y168        LUT6 (Prop_H6LUT_SLICEL_I0_O)
                                                      0.188     0.827 r  experiment/core/neuron_param_0_reg_0_63_0_6_i_4/O
                         net (fo=16, estimated)       1.056     1.883    experiment/core/neuron_param_0_reg_0_63_0_6_i_4_n_0
    SLICE_X69Y195        LUT6 (Prop_A6LUT_SLICEL_I2_O)
                                                      0.071     1.954 r  experiment/core/neuron_param_1_reg_0_63_0_6_i_2/O
                         net (fo=49, estimated)       1.046     3.000    experiment/core/neuron_param_1
    SLICE_X63Y235        LUT6 (Prop_H6LUT_SLICEL_I1_O)
                                                      0.040     3.040 r  experiment/core/neuron_param_1_reg_576_639_0_6_i_1/O
                         net (fo=40, estimated)       0.800     3.840    experiment/core/neuron_param_1_reg_576_639_0_6/WE
    SLICE_X70Y244        RAMD64E                                      r  experiment/core/neuron_param_1_reg_576_639_0_6/RAMG/WE
  -------------------------------------------------------------------    -------------------

                         (clock clk_200m_mmcm rise edge)
                                                      5.000     5.000 r  
    AL14                                              0.000     5.000 r  clk_50m (IN)
                         net (fo=0)                   0.000     5.000    clock_input_buffer/I
    AL14                 INBUF (Prop_INBUF_HRIO_PAD_O)
                                                      0.656     5.656 r  clock_input_buffer/INBUF_INST/O
                         net (fo=1, routed)           0.059     5.715    clock_input_buffer/OUT
    AL14                 IBUFCTRL (Prop_IBUFCTRL_HRIO_I_O)
                                                      0.032     5.747 r  clock_input_buffer/IBUFCTRL_INST/O
                         net (fo=1, estimated)        0.778     6.525    clk_50m_ibuf
    MMCME3_ADV_X2Y1      MMCME3_ADV (Prop_MMCME3_ADV_CLKIN1_CLKOUT0)
                                                     -5.289     1.236 r  clock_manager/CLKOUT0
                         net (fo=1, estimated)        0.372     1.608    clk_200m_mmcm
    BUFGCE_X2Y24         BUFGCE (Prop_BUFCE_BUFGCE_I_O)
                                                      0.075     1.683 r  system_clock_buffer/O
    X2Y2 (CLOCK_ROOT)    net (fo=29087, estimated)    2.548     4.231    experiment/core/neuron_param_1_reg_576_639_0_6/WCLK
    SLICE_X70Y244        RAMD64E                                      r  experiment/core/neuron_param_1_reg_576_639_0_6/RAMG/CLK
                         clock pessimism              0.267     4.497    
                         clock uncertainty           -0.245     4.252    
    SLICE_X70Y244        RAMD64E (Setup_G6LUT_SLICEM_CLK_WE)
                                                     -0.404     3.848    experiment/core/neuron_param_1_reg_576_639_0_6/RAMG
  -------------------------------------------------------------------
                         required time                          3.848    
                         arrival time                          -3.840    
  -------------------------------------------------------------------
                         slack                                  0.008    

Slack (MET) :             0.008ns  (required time - arrival time)
  Source:                 experiment/image_wr_kind_reg[0]/C
                            (rising edge-triggered cell FDRE clocked by clk_200m_mmcm  {rise@0.000ns fall@2.500ns period=5.000ns})
  Destination:            experiment/core/neuron_param_1_reg_576_639_0_6/RAMH/WE
                            (rising edge-triggered cell RAMD64E clocked by clk_200m_mmcm  {rise@0.000ns fall@2.500ns period=5.000ns})
  Path Group:             clk_200m_mmcm
  Path Type:              Setup (Max at Slow Process Corner)
  Requirement:            5.000ns  (clk_200m_mmcm rise@5.000ns - clk_200m_mmcm rise@0.000ns)
  Data Path Delay:        4.166ns  (logic 0.412ns (9.890%)  route 3.754ns (90.110%))
  Logic Levels:           3  (LUT6=3)
  Clock Path Skew:        -0.177ns (DCD - SCD + CPR)
    Destination Clock Delay (DCD):    -0.769ns = ( 4.231 - 5.000 ) 
    Source Clock Delay      (SCD):    -0.326ns
    Clock Pessimism Removal (CPR):    0.267ns
  Clock Uncertainty:      0.245ns  ((TSJ^2 + DJ^2)^1/2) / 2 + PE + UU
    Total System Jitter     (TSJ):    0.071ns
    Discrete Jitter          (DJ):    0.056ns
    Phase Error              (PE):    0.000ns
    User Uncertainty         (UU):    0.200ns
  Clock Net Delay (Source):      2.819ns (routing 1.173ns, distribution 1.646ns)
  Clock Net Delay (Destination): 2.548ns (routing 1.079ns, distribution 1.469ns)

    Location             Delay type                Incr(ns)  Path(ns)    Netlist Resource(s)
  -------------------------------------------------------------------    -------------------
                         (clock clk_200m_mmcm rise edge)
                                                      0.000     0.000 r  
    AL14                                              0.000     0.000 r  clk_50m (IN)
                         net (fo=0)                   0.000     0.000    clock_input_buffer/I
    AL14                 INBUF (Prop_INBUF_HRIO_PAD_O)
                                                      0.922     0.922 r  clock_input_buffer/INBUF_INST/O
                         net (fo=1, routed)           0.092     1.014    clock_input_buffer/OUT
    AL14                 IBUFCTRL (Prop_IBUFCTRL_HRIO_I_O)
                                                      0.043     1.057 r  clock_input_buffer/IBUFCTRL_INST/O
                         net (fo=1, estimated)        0.865     1.922    clk_50m_ibuf
    MMCME3_ADV_X2Y1      MMCME3_ADV (Prop_MMCME3_ADV_CLKIN1_CLKOUT0)
                                                     -5.587    -3.665 r  clock_manager/CLKOUT0
                         net (fo=1, estimated)        0.437    -3.228    clk_200m_mmcm
    BUFGCE_X2Y24         BUFGCE (Prop_BUFCE_BUFGCE_I_O)
                                                      0.083    -3.145 r  system_clock_buffer/O
    X2Y2 (CLOCK_ROOT)    net (fo=29087, estimated)    2.819    -0.326    experiment/clk_200m
    SLICE_X66Y160        FDRE                                         r  experiment/image_wr_kind_reg[0]/C
  -------------------------------------------------------------------    -------------------
    SLICE_X66Y160        FDRE (Prop_BFF_SLICEL_C_Q)
                                                      0.113    -0.213 f  experiment/image_wr_kind_reg[0]/Q
                         net (fo=13, estimated)       0.852     0.639    experiment/core/type_sign_mem_reg_bram_1_5[0]
    SLICE_X51Y168        LUT6 (Prop_H6LUT_SLICEL_I0_O)
                                                      0.188     0.827 r  experiment/core/neuron_param_0_reg_0_63_0_6_i_4/O
                         net (fo=16, estimated)       1.056     1.883    experiment/core/neuron_param_0_reg_0_63_0_6_i_4_n_0
    SLICE_X69Y195        LUT6 (Prop_A6LUT_SLICEL_I2_O)
                                                      0.071     1.954 r  experiment/core/neuron_param_1_reg_0_63_0_6_i_2/O
                         net (fo=49, estimated)       1.046     3.000    experiment/core/neuron_param_1
    SLICE_X63Y235        LUT6 (Prop_H6LUT_SLICEL_I1_O)
                                                      0.040     3.040 r  experiment/core/neuron_param_1_reg_576_639_0_6_i_1/O
                         net (fo=40, estimated)       0.800     3.840    experiment/core/neuron_param_1_reg_576_639_0_6/WE
    SLICE_X70Y244        RAMD64E                                      r  experiment/core/neuron_param_1_reg_576_639_0_6/RAMH/WE
  -------------------------------------------------------------------    -------------------

                         (clock clk_200m_mmcm rise edge)
                                                      5.000     5.000 r  
    AL14                                              0.000     5.000 r  clk_50m (IN)
                         net (fo=0)                   0.000     5.000    clock_input_buffer/I
    AL14                 INBUF (Prop_INBUF_HRIO_PAD_O)
                                                      0.656     5.656 r  clock_input_buffer/INBUF_INST/O
                         net (fo=1, routed)           0.059     5.715    clock_input_buffer/OUT
    AL14                 IBUFCTRL (Prop_IBUFCTRL_HRIO_I_O)
                                                      0.032     5.747 r  clock_input_buffer/IBUFCTRL_INST/O
                         net (fo=1, estimated)        0.778     6.525    clk_50m_ibuf
    MMCME3_ADV_X2Y1      MMCME3_ADV (Prop_MMCME3_ADV_CLKIN1_CLKOUT0)
                                                     -5.289     1.236 r  clock_manager/CLKOUT0
                         net (fo=1, estimated)        0.372     1.608    clk_200m_mmcm
    BUFGCE_X2Y24         BUFGCE (Prop_BUFCE_BUFGCE_I_O)
                                                      0.075     1.683 r  system_clock_buffer/O
    X2Y2 (CLOCK_ROOT)    net (fo=29087, estimated)    2.548     4.231    experiment/core/neuron_param_1_reg_576_639_0_6/WCLK
    SLICE_X70Y244        RAMD64E                                      r  experiment/core/neuron_param_1_reg_576_639_0_6/RAMH/CLK
                         clock pessimism              0.267     4.497    
                         clock uncertainty           -0.245     4.252    
    SLICE_X70Y244        RAMD64E (Setup_H6LUT_SLICEM_CLK_WE)
                                                     -0.404     3.848    experiment/core/neuron_param_1_reg_576_639_0_6/RAMH
  -------------------------------------------------------------------
                         required time                          3.848    
                         arrival time                          -3.840    
  -------------------------------------------------------------------
                         slack                                  0.008    

Slack (MET) :             0.009ns  (required time - arrival time)
  Source:                 reset_sync_reg[3]/C
                            (rising edge-triggered cell FDPE clocked by clk_200m_mmcm  {rise@0.000ns fall@2.500ns period=5.000ns})
  Destination:            experiment/core/synapse_mem_reg_0_bram_191/ENARDEN
                            (rising edge-triggered cell RAMB36E2 clocked by clk_200m_mmcm  {rise@0.000ns fall@2.500ns period=5.000ns})
  Path Group:             clk_200m_mmcm
  Path Type:              Setup (Max at Slow Process Corner)
  Requirement:            5.000ns  (clk_200m_mmcm rise@5.000ns - clk_200m_mmcm rise@0.000ns)
  Data Path Delay:        4.187ns  (logic 0.298ns (7.117%)  route 3.889ns (92.883%))
  Logic Levels:           3  (LUT2=1 LUT4=1 LUT5=1)
  Clock Path Skew:        -0.097ns (DCD - SCD + CPR)
    Destination Clock Delay (DCD):    -0.517ns = ( 4.483 - 5.000 ) 
    Source Clock Delay      (SCD):    -0.154ns
    Clock Pessimism Removal (CPR):    0.267ns
  Clock Uncertainty:      0.245ns  ((TSJ^2 + DJ^2)^1/2) / 2 + PE + UU
    Total System Jitter     (TSJ):    0.071ns
    Discrete Jitter          (DJ):    0.056ns
    Phase Error              (PE):    0.000ns
    User Uncertainty         (UU):    0.200ns
  Clock Net Delay (Source):      2.991ns (routing 1.173ns, distribution 1.818ns)
  Clock Net Delay (Destination): 2.800ns (routing 1.079ns, distribution 1.721ns)

    Location             Delay type                Incr(ns)  Path(ns)    Netlist Resource(s)
  -------------------------------------------------------------------    -------------------
                         (clock clk_200m_mmcm rise edge)
                                                      0.000     0.000 r  
    AL14                                              0.000     0.000 r  clk_50m (IN)
                         net (fo=0)                   0.000     0.000    clock_input_buffer/I
    AL14                 INBUF (Prop_INBUF_HRIO_PAD_O)
                                                      0.922     0.922 r  clock_input_buffer/INBUF_INST/O
                         net (fo=1, routed)           0.092     1.014    clock_input_buffer/OUT
    AL14                 IBUFCTRL (Prop_IBUFCTRL_HRIO_I_O)
                                                      0.043     1.057 r  clock_input_buffer/IBUFCTRL_INST/O
                         net (fo=1, estimated)        0.865     1.922    clk_50m_ibuf
    MMCME3_ADV_X2Y1      MMCME3_ADV (Prop_MMCME3_ADV_CLKIN1_CLKOUT0)
                                                     -5.587    -3.665 r  clock_manager/CLKOUT0
                         net (fo=1, estimated)        0.437    -3.228    clk_200m_mmcm
    BUFGCE_X2Y24         BUFGCE (Prop_BUFCE_BUFGCE_I_O)
                                                      0.083    -3.145 r  system_clock_buffer/O
    X2Y2 (CLOCK_ROOT)    net (fo=29087, estimated)    2.991    -0.154    clk_200m
    SLICE_X81Y155        FDPE                                         r  reset_sync_reg[3]/C
  -------------------------------------------------------------------    -------------------
    SLICE_X81Y155        FDPE (Prop_CFF2_SLICEL_C_Q)
                                                      0.117    -0.037 f  reset_sync_reg[3]/Q
                         net (fo=3066, estimated)     0.671     0.634    experiment/core/out[0]
    SLICE_X69Y157        LUT4 (Prop_B6LUT_SLICEL_I2_O)
                                                      0.071     0.705 r  experiment/core/synapse_mem_reg_0_bram_4_i_4_replica_2/O
                         net (fo=8, estimated)        0.368     1.073    experiment/core/synapse_mem_repN_5
    SLICE_X66Y156        LUT5 (Prop_E6LUT_SLICEL_I0_O)
                                                      0.040     1.113 r  experiment/core/synapse_mem_reg_0_bram_4_i_1/O
                         net (fo=39, estimated)       2.548     3.661    experiment/core/synapse_mem_reg_0_bram_4_i_1_n_0
    SLICE_X27Y57         LUT2 (Prop_C6LUT_SLICEL_I0_O)
                                                      0.070     3.731 r  experiment/core/synapse_mem_reg_0_bram_191_ENARDEN_cooolgate_en_gate_559/O
                         net (fo=1, estimated)        0.302     4.033    experiment/core/synapse_mem_reg_0_bram_191_ENARDEN_cooolgate_en_sig_280
    RAMB36_X3Y11         RAMB36E2                                     r  experiment/core/synapse_mem_reg_0_bram_191/ENARDEN
  -------------------------------------------------------------------    -------------------

                         (clock clk_200m_mmcm rise edge)
                                                      5.000     5.000 r  
    AL14                                              0.000     5.000 r  clk_50m (IN)
                         net (fo=0)                   0.000     5.000    clock_input_buffer/I
    AL14                 INBUF (Prop_INBUF_HRIO_PAD_O)
                                                      0.656     5.656 r  clock_input_buffer/INBUF_INST/O
                         net (fo=1, routed)           0.059     5.715    clock_input_buffer/OUT
    AL14                 IBUFCTRL (Prop_IBUFCTRL_HRIO_I_O)
                                                      0.032     5.747 r  clock_input_buffer/IBUFCTRL_INST/O
                         net (fo=1, estimated)        0.778     6.525    clk_50m_ibuf
    MMCME3_ADV_X2Y1      MMCME3_ADV (Prop_MMCME3_ADV_CLKIN1_CLKOUT0)
                                                     -5.289     1.236 r  clock_manager/CLKOUT0
                         net (fo=1, estimated)        0.372     1.608    clk_200m_mmcm
    BUFGCE_X2Y24         BUFGCE (Prop_BUFCE_BUFGCE_I_O)
                                                      0.075     1.683 r  system_clock_buffer/O
    X2Y2 (CLOCK_ROOT)    net (fo=29087, estimated)    2.800     4.483    experiment/core/clk_200m
    RAMB36_X3Y11         RAMB36E2                                     r  experiment/core/synapse_mem_reg_0_bram_191/CLKARDCLK
                         clock pessimism              0.267     4.749    
                         clock uncertainty           -0.245     4.504    
    RAMB36_X3Y11         RAMB36E2 (Setup_RAMB36E2_RAMB36_CLKARDCLK_ENARDEN)
                                                     -0.462     4.042    experiment/core/synapse_mem_reg_0_bram_191
  -------------------------------------------------------------------
                         required time                          4.042    
                         arrival time                          -4.033    
  -------------------------------------------------------------------
                         slack                                  0.009    

Slack (MET) :             0.009ns  (required time - arrival time)
  Source:                 experiment/image_wr_index_reg[18]/C
                            (rising edge-triggered cell FDRE clocked by clk_200m_mmcm  {rise@0.000ns fall@2.500ns period=5.000ns})
  Destination:            experiment/core/synapse_mem_reg_0_bram_279/ENARDEN
                            (rising edge-triggered cell RAMB36E2 clocked by clk_200m_mmcm  {rise@0.000ns fall@2.500ns period=5.000ns})
  Path Group:             clk_200m_mmcm
  Path Type:              Setup (Max at Slow Process Corner)
  Requirement:            5.000ns  (clk_200m_mmcm rise@5.000ns - clk_200m_mmcm rise@0.000ns)
  Data Path Delay:        4.116ns  (logic 0.288ns (6.997%)  route 3.828ns (93.003%))
  Logic Levels:           2  (LUT6=2)
  Clock Path Skew:        -0.168ns (DCD - SCD + CPR)
    Destination Clock Delay (DCD):    -0.536ns = ( 4.464 - 5.000 ) 
    Source Clock Delay      (SCD):    -0.102ns
    Clock Pessimism Removal (CPR):    0.267ns
  Clock Uncertainty:      0.245ns  ((TSJ^2 + DJ^2)^1/2) / 2 + PE + UU
    Total System Jitter     (TSJ):    0.071ns
    Discrete Jitter          (DJ):    0.056ns
    Phase Error              (PE):    0.000ns
    User Uncertainty         (UU):    0.200ns
  Clock Net Delay (Source):      3.043ns (routing 1.173ns, distribution 1.870ns)
  Clock Net Delay (Destination): 2.781ns (routing 1.079ns, distribution 1.702ns)

    Location             Delay type                Incr(ns)  Path(ns)    Netlist Resource(s)
  -------------------------------------------------------------------    -------------------
                         (clock clk_200m_mmcm rise edge)
                                                      0.000     0.000 r  
    AL14                                              0.000     0.000 r  clk_50m (IN)
                         net (fo=0)                   0.000     0.000    clock_input_buffer/I
    AL14                 INBUF (Prop_INBUF_HRIO_PAD_O)
                                                      0.922     0.922 r  clock_input_buffer/INBUF_INST/O
                         net (fo=1, routed)           0.092     1.014    clock_input_buffer/OUT
    AL14                 IBUFCTRL (Prop_IBUFCTRL_HRIO_I_O)
                                                      0.043     1.057 r  clock_input_buffer/IBUFCTRL_INST/O
                         net (fo=1, estimated)        0.865     1.922    clk_50m_ibuf
    MMCME3_ADV_X2Y1      MMCME3_ADV (Prop_MMCME3_ADV_CLKIN1_CLKOUT0)
                                                     -5.587    -3.665 r  clock_manager/CLKOUT0
                         net (fo=1, estimated)        0.437    -3.228    clk_200m_mmcm
    BUFGCE_X2Y24         BUFGCE (Prop_BUFCE_BUFGCE_I_O)
                                                      0.083    -3.145 r  system_clock_buffer/O
    X2Y2 (CLOCK_ROOT)    net (fo=29087, estimated)    3.043    -0.102    experiment/clk_200m
    SLICE_X47Y154        FDRE                                         r  experiment/image_wr_index_reg[18]/C
  -------------------------------------------------------------------    -------------------
    SLICE_X47Y154        FDRE (Prop_BFF2_SLICEM_C_Q)
                                                      0.118     0.016 f  experiment/image_wr_index_reg[18]/Q
                         net (fo=31, estimated)       0.918     0.934    experiment/core/synapse_mem_reg_0_bram_248_0[18]
    SLICE_X48Y168        LUT6 (Prop_C6LUT_SLICEL_I3_O)
                                                      0.130     1.064 r  experiment/core/synapse_mem_reg_0_bram_279_i_1/O
                         net (fo=13, estimated)       2.608     3.672    experiment/core/synapse_mem_reg_0_bram_279_i_1_n_0
    SLICE_X33Y17         LUT6 (Prop_C6LUT_SLICEL_I4_O)
                                                      0.040     3.712 r  experiment/core/synapse_mem_reg_0_bram_279_ENARDEN_cooolgate_en_gate_711_comp/O
                         net (fo=1, estimated)        0.302     4.014    experiment/core/synapse_mem_reg_0_bram_279_ENARDEN_cooolgate_en_sig_356
    RAMB36_X4Y3          RAMB36E2                                     r  experiment/core/synapse_mem_reg_0_bram_279/ENARDEN
  -------------------------------------------------------------------    -------------------

                         (clock clk_200m_mmcm rise edge)
                                                      5.000     5.000 r  
    AL14                                              0.000     5.000 r  clk_50m (IN)
                         net (fo=0)                   0.000     5.000    clock_input_buffer/I
    AL14                 INBUF (Prop_INBUF_HRIO_PAD_O)
                                                      0.656     5.656 r  clock_input_buffer/INBUF_INST/O
                         net (fo=1, routed)           0.059     5.715    clock_input_buffer/OUT
    AL14                 IBUFCTRL (Prop_IBUFCTRL_HRIO_I_O)
                                                      0.032     5.747 r  clock_input_buffer/IBUFCTRL_INST/O
                         net (fo=1, estimated)        0.778     6.525    clk_50m_ibuf
    MMCME3_ADV_X2Y1      MMCME3_ADV (Prop_MMCME3_ADV_CLKIN1_CLKOUT0)
                                                     -5.289     1.236 r  clock_manager/CLKOUT0
                         net (fo=1, estimated)        0.372     1.608    clk_200m_mmcm
    BUFGCE_X2Y24         BUFGCE (Prop_BUFCE_BUFGCE_I_O)
                                                      0.075     1.683 r  system_clock_buffer/O
    X2Y2 (CLOCK_ROOT)    net (fo=29087, estimated)    2.781     4.464    experiment/core/clk_200m
    RAMB36_X4Y3          RAMB36E2                                     r  experiment/core/synapse_mem_reg_0_bram_279/CLKARDCLK
                         clock pessimism              0.267     4.730    
                         clock uncertainty           -0.245     4.485    
    RAMB36_X4Y3          RAMB36E2 (Setup_RAMB36E2_RAMB36_CLKARDCLK_ENARDEN)
                                                     -0.462     4.023    experiment/core/synapse_mem_reg_0_bram_279
  -------------------------------------------------------------------
                         required time                          4.023    
                         arrival time                          -4.014    
  -------------------------------------------------------------------
                         slack                                  0.009    

Slack (MET) :             0.009ns  (required time - arrival time)
  Source:                 experiment/core/offset_mem_reg_bram_5/CLKBWRCLK
                            (rising edge-triggered cell RAMB36E2 clocked by clk_200m_mmcm  {rise@0.000ns fall@2.500ns period=5.000ns})
  Destination:            experiment/core/spike_read_index_reg[4]_replica/CE
                            (rising edge-triggered cell FDRE clocked by clk_200m_mmcm  {rise@0.000ns fall@2.500ns period=5.000ns})
  Path Group:             clk_200m_mmcm
  Path Type:              Setup (Max at Slow Process Corner)
  Requirement:            5.000ns  (clk_200m_mmcm rise@5.000ns - clk_200m_mmcm rise@0.000ns)
  Data Path Delay:        4.359ns  (logic 1.760ns (40.376%)  route 2.599ns (59.624%))
  Logic Levels:           3  (LUT6=3)
  Clock Path Skew:        -0.340ns (DCD - SCD + CPR)
    Destination Clock Delay (DCD):    -0.666ns = ( 4.334 - 5.000 ) 
    Source Clock Delay      (SCD):    -0.060ns
    Clock Pessimism Removal (CPR):    0.267ns
  Clock Uncertainty:      0.245ns  ((TSJ^2 + DJ^2)^1/2) / 2 + PE + UU
    Total System Jitter     (TSJ):    0.071ns
    Discrete Jitter          (DJ):    0.056ns
    Phase Error              (PE):    0.000ns
    User Uncertainty         (UU):    0.200ns
  Clock Net Delay (Source):      3.085ns (routing 1.173ns, distribution 1.912ns)
  Clock Net Delay (Destination): 2.651ns (routing 1.079ns, distribution 1.572ns)

    Location             Delay type                Incr(ns)  Path(ns)    Netlist Resource(s)
  -------------------------------------------------------------------    -------------------
                         (clock clk_200m_mmcm rise edge)
                                                      0.000     0.000 r  
    AL14                                              0.000     0.000 r  clk_50m (IN)
                         net (fo=0)                   0.000     0.000    clock_input_buffer/I
    AL14                 INBUF (Prop_INBUF_HRIO_PAD_O)
                                                      0.922     0.922 r  clock_input_buffer/INBUF_INST/O
                         net (fo=1, routed)           0.092     1.014    clock_input_buffer/OUT
    AL14                 IBUFCTRL (Prop_IBUFCTRL_HRIO_I_O)
                                                      0.043     1.057 r  clock_input_buffer/IBUFCTRL_INST/O
                         net (fo=1, estimated)        0.865     1.922    clk_50m_ibuf
    MMCME3_ADV_X2Y1      MMCME3_ADV (Prop_MMCME3_ADV_CLKIN1_CLKOUT0)
                                                     -5.587    -3.665 r  clock_manager/CLKOUT0
                         net (fo=1, estimated)        0.437    -3.228    clk_200m_mmcm
    BUFGCE_X2Y24         BUFGCE (Prop_BUFCE_BUFGCE_I_O)
                                                      0.083    -3.145 r  system_clock_buffer/O
    X2Y2 (CLOCK_ROOT)    net (fo=29087, estimated)    3.085    -0.060    experiment/core/clk_200m
    RAMB36_X9Y51         RAMB36E2                                     r  experiment/core/offset_mem_reg_bram_5/CLKBWRCLK
  -------------------------------------------------------------------    -------------------
    RAMB36_X9Y51         RAMB36E2 (Prop_RAMB36E2_RAMB36_CLKBWRCLK_DOUTBDOUT[3])
                                                      1.397     1.337 f  experiment/core/offset_mem_reg_bram_5/DOUTBDOUT[3]
                         net (fo=4, estimated)        1.608     2.945    experiment/core/p_0_in[4]
    SLICE_X79Y155        LUT6 (Prop_E6LUT_SLICEM_I0_O)
                                                      0.191     3.136 f  experiment/core/spike_read_index[31]_i_27/O
                         net (fo=2, estimated)        0.064     3.200    experiment/core/spike_read_index[31]_i_27_n_0
    SLICE_X79Y155        LUT6 (Prop_C6LUT_SLICEM_I5_O)
                                                      0.040     3.240 f  experiment/core/spike_read_index[31]_i_5/O
                         net (fo=3, estimated)        0.269     3.509    experiment/core/spike_read_index[31]_i_5_n_0
    SLICE_X81Y155        LUT6 (Prop_G6LUT_SLICEL_I2_O)
                                                      0.132     3.641 r  experiment/core/spike_read_index[31]_i_1/O
                         net (fo=73, estimated)       0.658     4.299    experiment/core/spike_read_index[31]_i_1_n_0
    SLICE_X86Y148        FDRE                                         r  experiment/core/spike_read_index_reg[4]_replica/CE
  -------------------------------------------------------------------    -------------------

                         (clock clk_200m_mmcm rise edge)
                                                      5.000     5.000 r  
    AL14                                              0.000     5.000 r  clk_50m (IN)
                         net (fo=0)                   0.000     5.000    clock_input_buffer/I
    AL14                 INBUF (Prop_INBUF_HRIO_PAD_O)
                                                      0.656     5.656 r  clock_input_buffer/INBUF_INST/O
                         net (fo=1, routed)           0.059     5.715    clock_input_buffer/OUT
    AL14                 IBUFCTRL (Prop_IBUFCTRL_HRIO_I_O)
                                                      0.032     5.747 r  clock_input_buffer/IBUFCTRL_INST/O
                         net (fo=1, estimated)        0.778     6.525    clk_50m_ibuf
    MMCME3_ADV_X2Y1      MMCME3_ADV (Prop_MMCME3_ADV_CLKIN1_CLKOUT0)
                                                     -5.289     1.236 r  clock_manager/CLKOUT0
                         net (fo=1, estimated)        0.372     1.608    clk_200m_mmcm
    BUFGCE_X2Y24         BUFGCE (Prop_BUFCE_BUFGCE_I_O)
                                                      0.075     1.683 r  system_clock_buffer/O
    X2Y2 (CLOCK_ROOT)    net (fo=29087, estimated)    2.651     4.334    experiment/core/clk_200m
    SLICE_X86Y148        FDRE                                         r  experiment/core/spike_read_index_reg[4]_replica/C
                         clock pessimism              0.267     4.600    
                         clock uncertainty           -0.245     4.355    
    SLICE_X86Y148        FDRE (Setup_EFF_SLICEL_C_CE)
                                                     -0.047     4.308    experiment/core/spike_read_index_reg[4]_replica
  -------------------------------------------------------------------
                         required time                          4.308    
                         arrival time                          -4.299    
  -------------------------------------------------------------------
                         slack                                  0.009    

Slack (MET) :             0.013ns  (required time - arrival time)
  Source:                 experiment/summary_mem_reg_50/CLKBWRCLK
                            (rising edge-triggered cell RAMB36E2 clocked by clk_200m_mmcm  {rise@0.000ns fall@2.500ns period=5.000ns})
  Destination:            experiment/bus_rd_data_reg[21]/D
                            (rising edge-triggered cell FDRE clocked by clk_200m_mmcm  {rise@0.000ns fall@2.500ns period=5.000ns})
  Path Group:             clk_200m_mmcm
  Path Type:              Setup (Max at Slow Process Corner)
  Requirement:            5.000ns  (clk_200m_mmcm rise@5.000ns - clk_200m_mmcm rise@0.000ns)
  Data Path Delay:        4.159ns  (logic 1.773ns (42.630%)  route 2.386ns (57.370%))
  Logic Levels:           3  (LUT5=1 LUT6=2)
  Clock Path Skew:        -0.642ns (DCD - SCD + CPR)
    Destination Clock Delay (DCD):    -0.654ns = ( 4.346 - 5.000 ) 
    Source Clock Delay      (SCD):    0.254ns
    Clock Pessimism Removal (CPR):    0.267ns
  Clock Uncertainty:      0.245ns  ((TSJ^2 + DJ^2)^1/2) / 2 + PE + UU
    Total System Jitter     (TSJ):    0.071ns
    Discrete Jitter          (DJ):    0.056ns
    Phase Error              (PE):    0.000ns
    User Uncertainty         (UU):    0.200ns
  Clock Net Delay (Source):      3.399ns (routing 1.173ns, distribution 2.226ns)
  Clock Net Delay (Destination): 2.663ns (routing 1.079ns, distribution 1.584ns)

    Location             Delay type                Incr(ns)  Path(ns)    Netlist Resource(s)
  -------------------------------------------------------------------    -------------------
                         (clock clk_200m_mmcm rise edge)
                                                      0.000     0.000 r  
    AL14                                              0.000     0.000 r  clk_50m (IN)
                         net (fo=0)                   0.000     0.000    clock_input_buffer/I
    AL14                 INBUF (Prop_INBUF_HRIO_PAD_O)
                                                      0.922     0.922 r  clock_input_buffer/INBUF_INST/O
                         net (fo=1, routed)           0.092     1.014    clock_input_buffer/OUT
    AL14                 IBUFCTRL (Prop_IBUFCTRL_HRIO_I_O)
                                                      0.043     1.057 r  clock_input_buffer/IBUFCTRL_INST/O
                         net (fo=1, estimated)        0.865     1.922    clk_50m_ibuf
    MMCME3_ADV_X2Y1      MMCME3_ADV (Prop_MMCME3_ADV_CLKIN1_CLKOUT0)
                                                     -5.587    -3.665 r  clock_manager/CLKOUT0
                         net (fo=1, estimated)        0.437    -3.228    clk_200m_mmcm
    BUFGCE_X2Y24         BUFGCE (Prop_BUFCE_BUFGCE_I_O)
                                                      0.083    -3.145 r  system_clock_buffer/O
    X2Y2 (CLOCK_ROOT)    net (fo=29087, estimated)    3.399     0.254    experiment/clk_200m
    RAMB36_X14Y18        RAMB36E2                                     r  experiment/summary_mem_reg_50/CLKBWRCLK
  -------------------------------------------------------------------    -------------------
    RAMB36_X14Y18        RAMB36E2 (Prop_RAMB36E2_RAMB36_CLKBWRCLK_DOUTBDOUT[1])
                                                      1.394     1.648 r  experiment/summary_mem_reg_50/DOUTBDOUT[1]
                         net (fo=3, estimated)        1.341     2.989    experiment/summary_read[213]
    SLICE_X99Y135        LUT5 (Prop_A6LUT_SLICEL_I0_O)
                                                      0.173     3.162 r  experiment/bus_rd_data[21]_i_5/O
                         net (fo=1, estimated)        0.873     4.035    experiment/bus_rd_data[21]_i_5_n_0
    SLICE_X95Y152        LUT6 (Prop_A6LUT_SLICEM_I3_O)
                                                      0.071     4.106 r  experiment/bus_rd_data[21]_i_2/O
                         net (fo=1, estimated)        0.145     4.251    experiment/bus_rd_data[21]_i_2_n_0
    SLICE_X95Y152        LUT6 (Prop_D6LUT_SLICEM_I2_O)
                                                      0.135     4.386 r  experiment/bus_rd_data[21]_i_1/O
                         net (fo=1, routed)           0.027     4.413    experiment/bus_rd_data[21]_i_1_n_0
    SLICE_X95Y152        FDRE                                         r  experiment/bus_rd_data_reg[21]/D
  -------------------------------------------------------------------    -------------------

                         (clock clk_200m_mmcm rise edge)
                                                      5.000     5.000 r  
    AL14                                              0.000     5.000 r  clk_50m (IN)
                         net (fo=0)                   0.000     5.000    clock_input_buffer/I
    AL14                 INBUF (Prop_INBUF_HRIO_PAD_O)
                                                      0.656     5.656 r  clock_input_buffer/INBUF_INST/O
                         net (fo=1, routed)           0.059     5.715    clock_input_buffer/OUT
    AL14                 IBUFCTRL (Prop_IBUFCTRL_HRIO_I_O)
                                                      0.032     5.747 r  clock_input_buffer/IBUFCTRL_INST/O
                         net (fo=1, estimated)        0.778     6.525    clk_50m_ibuf
    MMCME3_ADV_X2Y1      MMCME3_ADV (Prop_MMCME3_ADV_CLKIN1_CLKOUT0)
                                                     -5.289     1.236 r  clock_manager/CLKOUT0
                         net (fo=1, estimated)        0.372     1.608    clk_200m_mmcm
    BUFGCE_X2Y24         BUFGCE (Prop_BUFCE_BUFGCE_I_O)
                                                      0.075     1.683 r  system_clock_buffer/O
    X2Y2 (CLOCK_ROOT)    net (fo=29087, estimated)    2.663     4.346    experiment/clk_200m
    SLICE_X95Y152        FDRE                                         r  experiment/bus_rd_data_reg[21]/C
                         clock pessimism              0.267     4.612    
                         clock uncertainty           -0.245     4.367    
    SLICE_X95Y152        FDRE (Setup_DFF_SLICEM_C_D)
                                                      0.059     4.426    experiment/bus_rd_data_reg[21]
  -------------------------------------------------------------------
                         required time                          4.426    
                         arrival time                          -4.413    
  -------------------------------------------------------------------
                         slack                                  0.013    

Slack (MET) :             0.015ns  (required time - arrival time)
  Source:                 experiment/core/synapse_mem_reg_0_bram_283/CLKBWRCLK
                            (rising edge-triggered cell RAMB36E2 clocked by clk_200m_mmcm  {rise@0.000ns fall@2.500ns period=5.000ns})
  Destination:            experiment/core/edge_weight_read_reg[12]/D
                            (rising edge-triggered cell FDRE clocked by clk_200m_mmcm  {rise@0.000ns fall@2.500ns period=5.000ns})
  Path Group:             clk_200m_mmcm
  Path Type:              Setup (Max at Slow Process Corner)
  Requirement:            5.000ns  (clk_200m_mmcm rise@5.000ns - clk_200m_mmcm rise@0.000ns)
  Data Path Delay:        4.070ns  (logic 1.545ns (37.961%)  route 2.525ns (62.039%))
  Logic Levels:           2  (LUT5=1 LUT6=1)
  Clock Path Skew:        -0.729ns (DCD - SCD + CPR)
    Destination Clock Delay (DCD):    -0.841ns = ( 4.159 - 5.000 ) 
    Source Clock Delay      (SCD):    0.154ns
    Clock Pessimism Removal (CPR):    0.267ns
  Clock Uncertainty:      0.245ns  ((TSJ^2 + DJ^2)^1/2) / 2 + PE + UU
    Total System Jitter     (TSJ):    0.071ns
    Discrete Jitter          (DJ):    0.056ns
    Phase Error              (PE):    0.000ns
    User Uncertainty         (UU):    0.200ns
  Clock Net Delay (Source):      3.299ns (routing 1.173ns, distribution 2.126ns)
  Clock Net Delay (Destination): 2.476ns (routing 1.079ns, distribution 1.397ns)

    Location             Delay type                Incr(ns)  Path(ns)    Netlist Resource(s)
  -------------------------------------------------------------------    -------------------
                         (clock clk_200m_mmcm rise edge)
                                                      0.000     0.000 r  
    AL14                                              0.000     0.000 r  clk_50m (IN)
                         net (fo=0)                   0.000     0.000    clock_input_buffer/I
    AL14                 INBUF (Prop_INBUF_HRIO_PAD_O)
                                                      0.922     0.922 r  clock_input_buffer/INBUF_INST/O
                         net (fo=1, routed)           0.092     1.014    clock_input_buffer/OUT
    AL14                 IBUFCTRL (Prop_IBUFCTRL_HRIO_I_O)
                                                      0.043     1.057 r  clock_input_buffer/IBUFCTRL_INST/O
                         net (fo=1, estimated)        0.865     1.922    clk_50m_ibuf
    MMCME3_ADV_X2Y1      MMCME3_ADV (Prop_MMCME3_ADV_CLKIN1_CLKOUT0)
                                                     -5.587    -3.665 r  clock_manager/CLKOUT0
                         net (fo=1, estimated)        0.437    -3.228    clk_200m_mmcm
    BUFGCE_X2Y24         BUFGCE (Prop_BUFCE_BUFGCE_I_O)
                                                      0.083    -3.145 r  system_clock_buffer/O
    X2Y2 (CLOCK_ROOT)    net (fo=29087, estimated)    3.299     0.154    experiment/core/clk_200m
    RAMB36_X2Y31         RAMB36E2                                     r  experiment/core/synapse_mem_reg_0_bram_283/CLKBWRCLK
  -------------------------------------------------------------------    -------------------
    RAMB36_X2Y31         RAMB36E2 (Prop_RAMB36E2_RAMB36_CLKBWRCLK_DOUTBDOUT[0])
                                                      1.433     1.587 r  experiment/core/synapse_mem_reg_0_bram_283/DOUTBDOUT[0]
                         net (fo=1, estimated)        2.346     3.933    experiment/core/synapse_mem_reg_0_bram_283_n_131
    SLICE_X48Y62         LUT6 (Prop_B6LUT_SLICEL_I5_O)
                                                      0.041     3.974 r  experiment/core/edge_weight_read[12]_i_3/O
                         net (fo=1, estimated)        0.156     4.130    experiment/core/edge_weight_read[12]_i_3_n_0
    SLICE_X50Y62         LUT5 (Prop_A6LUT_SLICEL_I2_O)
                                                      0.071     4.201 r  experiment/core/edge_weight_read[12]_i_1/O
                         net (fo=1, routed)           0.023     4.224    experiment/core/synapse_read[25]
    SLICE_X50Y62         FDRE                                         r  experiment/core/edge_weight_read_reg[12]/D
  -------------------------------------------------------------------    -------------------

                         (clock clk_200m_mmcm rise edge)
                                                      5.000     5.000 r  
    AL14                                              0.000     5.000 r  clk_50m (IN)
                         net (fo=0)                   0.000     5.000    clock_input_buffer/I
    AL14                 INBUF (Prop_INBUF_HRIO_PAD_O)
                                                      0.656     5.656 r  clock_input_buffer/INBUF_INST/O
                         net (fo=1, routed)           0.059     5.715    clock_input_buffer/OUT
    AL14                 IBUFCTRL (Prop_IBUFCTRL_HRIO_I_O)
                                                      0.032     5.747 r  clock_input_buffer/IBUFCTRL_INST/O
                         net (fo=1, estimated)        0.778     6.525    clk_50m_ibuf
    MMCME3_ADV_X2Y1      MMCME3_ADV (Prop_MMCME3_ADV_CLKIN1_CLKOUT0)
                                                     -5.289     1.236 r  clock_manager/CLKOUT0
                         net (fo=1, estimated)        0.372     1.608    clk_200m_mmcm
    BUFGCE_X2Y24         BUFGCE (Prop_BUFCE_BUFGCE_I_O)
                                                      0.075     1.683 r  system_clock_buffer/O
    X2Y2 (CLOCK_ROOT)    net (fo=29087, estimated)    2.476     4.159    experiment/core/clk_200m
    SLICE_X50Y62         FDRE                                         r  experiment/core/edge_weight_read_reg[12]/C
                         clock pessimism              0.267     4.425    
                         clock uncertainty           -0.245     4.180    
    SLICE_X50Y62         FDRE (Setup_AFF_SLICEL_C_D)
                                                      0.059     4.239    experiment/core/edge_weight_read_reg[12]
  -------------------------------------------------------------------
                         required time                          4.239    
                         arrival time                          -4.224    
  -------------------------------------------------------------------
                         slack                                  0.015    

Slack (MET) :             0.018ns  (required time - arrival time)
  Source:                 experiment/summary_mem_reg_19/CLKBWRCLK
                            (rising edge-triggered cell RAMB36E2 clocked by clk_200m_mmcm  {rise@0.000ns fall@2.500ns period=5.000ns})
  Destination:            experiment/bus_rd_data_reg[15]/D
                            (rising edge-triggered cell FDRE clocked by clk_200m_mmcm  {rise@0.000ns fall@2.500ns period=5.000ns})
  Path Group:             clk_200m_mmcm
  Path Type:              Setup (Max at Slow Process Corner)
  Requirement:            5.000ns  (clk_200m_mmcm rise@5.000ns - clk_200m_mmcm rise@0.000ns)
  Data Path Delay:        4.180ns  (logic 1.727ns (41.316%)  route 2.453ns (58.684%))
  Logic Levels:           3  (LUT6=3)
  Clock Path Skew:        -0.616ns (DCD - SCD + CPR)
    Destination Clock Delay (DCD):    -0.651ns = ( 4.349 - 5.000 ) 
    Source Clock Delay      (SCD):    0.231ns
    Clock Pessimism Removal (CPR):    0.267ns
  Clock Uncertainty:      0.245ns  ((TSJ^2 + DJ^2)^1/2) / 2 + PE + UU
    Total System Jitter     (TSJ):    0.071ns
    Discrete Jitter          (DJ):    0.056ns
    Phase Error              (PE):    0.000ns
    User Uncertainty         (UU):    0.200ns
  Clock Net Delay (Source):      3.376ns (routing 1.173ns, distribution 2.203ns)
  Clock Net Delay (Destination): 2.666ns (routing 1.079ns, distribution 1.587ns)

    Location             Delay type                Incr(ns)  Path(ns)    Netlist Resource(s)
  -------------------------------------------------------------------    -------------------
                         (clock clk_200m_mmcm rise edge)
                                                      0.000     0.000 r  
    AL14                                              0.000     0.000 r  clk_50m (IN)
                         net (fo=0)                   0.000     0.000    clock_input_buffer/I
    AL14                 INBUF (Prop_INBUF_HRIO_PAD_O)
                                                      0.922     0.922 r  clock_input_buffer/INBUF_INST/O
                         net (fo=1, routed)           0.092     1.014    clock_input_buffer/OUT
    AL14                 IBUFCTRL (Prop_IBUFCTRL_HRIO_I_O)
                                                      0.043     1.057 r  clock_input_buffer/IBUFCTRL_INST/O
                         net (fo=1, estimated)        0.865     1.922    clk_50m_ibuf
    MMCME3_ADV_X2Y1      MMCME3_ADV (Prop_MMCME3_ADV_CLKIN1_CLKOUT0)
                                                     -5.587    -3.665 r  clock_manager/CLKOUT0
                         net (fo=1, estimated)        0.437    -3.228    clk_200m_mmcm
    BUFGCE_X2Y24         BUFGCE (Prop_BUFCE_BUFGCE_I_O)
                                                      0.083    -3.145 r  system_clock_buffer/O
    X2Y2 (CLOCK_ROOT)    net (fo=29087, estimated)    3.376     0.231    experiment/clk_200m
    RAMB36_X12Y11        RAMB36E2                                     r  experiment/summary_mem_reg_19/CLKBWRCLK
  -------------------------------------------------------------------    -------------------
    RAMB36_X12Y11        RAMB36E2 (Prop_RAMB36E2_RAMB36_CLKBWRCLK_DOUTBDOUT[3])
                                                      1.397     1.628 r  experiment/summary_mem_reg_19/DOUTBDOUT[3]
                         net (fo=1, estimated)        0.785     2.413    experiment/summary_read[79]
    SLICE_X98Y85         LUT6 (Prop_H6LUT_SLICEL_I1_O)
                                                      0.172     2.585 r  experiment/bus_rd_data[15]_i_5/O
                         net (fo=1, estimated)        1.392     3.977    experiment/bus_rd_data[15]_i_5_n_0
    SLICE_X95Y154        LUT6 (Prop_A6LUT_SLICEM_I5_O)
                                                      0.040     4.017 r  experiment/bus_rd_data[15]_i_2/O
                         net (fo=1, estimated)        0.249     4.266    experiment/bus_rd_data[15]_i_2_n_0
    SLICE_X95Y154        LUT6 (Prop_D6LUT_SLICEM_I2_O)
                                                      0.118     4.384 r  experiment/bus_rd_data[15]_i_1/O
                         net (fo=1, routed)           0.027     4.411    experiment/bus_rd_data[15]_i_1_n_0
    SLICE_X95Y154        FDRE                                         r  experiment/bus_rd_data_reg[15]/D
  -------------------------------------------------------------------    -------------------

                         (clock clk_200m_mmcm rise edge)
                                                      5.000     5.000 r  
    AL14                                              0.000     5.000 r  clk_50m (IN)
                         net (fo=0)                   0.000     5.000    clock_input_buffer/I
    AL14                 INBUF (Prop_INBUF_HRIO_PAD_O)
                                                      0.656     5.656 r  clock_input_buffer/INBUF_INST/O
                         net (fo=1, routed)           0.059     5.715    clock_input_buffer/OUT
    AL14                 IBUFCTRL (Prop_IBUFCTRL_HRIO_I_O)
                                                      0.032     5.747 r  clock_input_buffer/IBUFCTRL_INST/O
                         net (fo=1, estimated)        0.778     6.525    clk_50m_ibuf
    MMCME3_ADV_X2Y1      MMCME3_ADV (Prop_MMCME3_ADV_CLKIN1_CLKOUT0)
                                                     -5.289     1.236 r  clock_manager/CLKOUT0
                         net (fo=1, estimated)        0.372     1.608    clk_200m_mmcm
    BUFGCE_X2Y24         BUFGCE (Prop_BUFCE_BUFGCE_I_O)
                                                      0.075     1.683 r  system_clock_buffer/O
    X2Y2 (CLOCK_ROOT)    net (fo=29087, estimated)    2.666     4.349    experiment/clk_200m
    SLICE_X95Y154        FDRE                                         r  experiment/bus_rd_data_reg[15]/C
                         clock pessimism              0.267     4.615    
                         clock uncertainty           -0.245     4.370    
    SLICE_X95Y154        FDRE (Setup_DFF_SLICEM_C_D)
                                                      0.059     4.429    experiment/bus_rd_data_reg[15]
  -------------------------------------------------------------------
                         required time                          4.429    
                         arrival time                          -4.411    
  -------------------------------------------------------------------
                         slack                                  0.018    

Slack (MET) :             0.019ns  (required time - arrival time)
  Source:                 axi_slave/wdata_hold_reg[20]/C
                            (rising edge-triggered cell FDRE clocked by clk_200m_mmcm  {rise@0.000ns fall@2.500ns period=5.000ns})
  Destination:            experiment/image_wr_lane_reg[1]/CE
                            (rising edge-triggered cell FDRE clocked by clk_200m_mmcm  {rise@0.000ns fall@2.500ns period=5.000ns})
  Path Group:             clk_200m_mmcm
  Path Type:              Setup (Max at Slow Process Corner)
  Requirement:            5.000ns  (clk_200m_mmcm rise@5.000ns - clk_200m_mmcm rise@0.000ns)
  Data Path Delay:        4.282ns  (logic 1.216ns (28.398%)  route 3.066ns (71.602%))
  Logic Levels:           9  (CARRY8=4 LUT2=1 LUT4=1 LUT5=2 LUT6=1)
  Clock Path Skew:        -0.406ns (DCD - SCD + CPR)
    Destination Clock Delay (DCD):    -0.827ns = ( 4.173 - 5.000 ) 
    Source Clock Delay      (SCD):    -0.060ns
    Clock Pessimism Removal (CPR):    0.361ns
  Clock Uncertainty:      0.245ns  ((TSJ^2 + DJ^2)^1/2) / 2 + PE + UU
    Total System Jitter     (TSJ):    0.071ns
    Discrete Jitter          (DJ):    0.056ns
    Phase Error              (PE):    0.000ns
    User Uncertainty         (UU):    0.200ns
  Clock Net Delay (Source):      3.085ns (routing 1.173ns, distribution 1.912ns)
  Clock Net Delay (Destination): 2.490ns (routing 1.079ns, distribution 1.411ns)

    Location             Delay type                Incr(ns)  Path(ns)    Netlist Resource(s)
  -------------------------------------------------------------------    -------------------
                         (clock clk_200m_mmcm rise edge)
                                                      0.000     0.000 r  
    AL14                                              0.000     0.000 r  clk_50m (IN)
                         net (fo=0)                   0.000     0.000    clock_input_buffer/I
    AL14                 INBUF (Prop_INBUF_HRIO_PAD_O)
                                                      0.922     0.922 r  clock_input_buffer/INBUF_INST/O
                         net (fo=1, routed)           0.092     1.014    clock_input_buffer/OUT
    AL14                 IBUFCTRL (Prop_IBUFCTRL_HRIO_I_O)
                                                      0.043     1.057 r  clock_input_buffer/IBUFCTRL_INST/O
                         net (fo=1, estimated)        0.865     1.922    clk_50m_ibuf
    MMCME3_ADV_X2Y1      MMCME3_ADV (Prop_MMCME3_ADV_CLKIN1_CLKOUT0)
                                                     -5.587    -3.665 r  clock_manager/CLKOUT0
                         net (fo=1, estimated)        0.437    -3.228    clk_200m_mmcm
    BUFGCE_X2Y24         BUFGCE (Prop_BUFCE_BUFGCE_I_O)
                                                      0.083    -3.145 r  system_clock_buffer/O
    X2Y2 (CLOCK_ROOT)    net (fo=29087, estimated)    3.085    -0.060    axi_slave/clk_200m
    SLICE_X43Y170        FDRE                                         r  axi_slave/wdata_hold_reg[20]/C
  -------------------------------------------------------------------    -------------------
    SLICE_X43Y170        FDRE (Prop_AFF2_SLICEL_C_Q)
                                                      0.117     0.057 r  axi_slave/wdata_hold_reg[20]/Q
                         net (fo=10, estimated)       0.365     0.422    axi_slave/wdata_hold_reg[31]_0[20]
    SLICE_X43Y170        LUT2 (Prop_B6LUT_SLICEL_I1_O)
                                                      0.071     0.493 r  axi_slave/offset_words[19]_i_58/O
                         net (fo=1, routed)           0.000     0.493    axi_slave/offset_words[19]_i_58_n_0
    SLICE_X43Y170        CARRY8 (Prop_CARRY8_SLICEL_S[1]_CO[7])
                                                      0.343     0.836 r  axi_slave/offset_words_reg[19]_i_49/CO[7]
                         net (fo=1, estimated)        0.027     0.863    axi_slave/offset_words_reg[19]_i_49_n_0
    SLICE_X43Y171        CARRY8 (Prop_CARRY8_SLICEL_CI_O[3])
                                                      0.138     1.001 r  axi_slave/offset_words_reg[19]_i_48/O[3]
                         net (fo=2, estimated)        0.310     1.311    experiment/offset_words_reg[19]_i_8_1[3]
    SLICE_X44Y170        LUT4 (Prop_F6LUT_SLICEM_I0_O)
                                                      0.119     1.430 r  experiment/offset_words[19]_i_26/O
                         net (fo=1, routed)           0.000     1.430    experiment/offset_words[19]_i_26_n_0
    SLICE_X44Y170        CARRY8 (Prop_CARRY8_SLICEM_S[5]_CO[7])
                                                      0.253     1.683 r  experiment/offset_words_reg[19]_i_8/CO[7]
                         net (fo=1, estimated)        0.027     1.710    experiment/offset_words_reg[19]_i_8_n_0
    SLICE_X44Y171        CARRY8 (Prop_CARRY8_SLICEM_CI_CO[1])
                                                      0.055     1.765 r  experiment/offset_words_reg[19]_i_5/CO[1]
                         net (fo=1, estimated)        0.108     1.873    experiment/image_wr_en142_in
    SLICE_X44Y171        LUT5 (Prop_C6LUT_SLICEM_I0_O)
                                                      0.040     1.913 r  experiment/offset_words[19]_i_3/O
                         net (fo=23, estimated)       0.436     2.349    experiment/load_region_reg[0]_0
    SLICE_X44Y179        LUT6 (Prop_A6LUT_SLICEM_I5_O)
                                                      0.040     2.389 r  experiment/image_checksum[31]_i_3/O
                         net (fo=33, estimated)       0.919     3.308    axi_slave/image_wr_lane_reg[0]
    SLICE_X50Y165        LUT5 (Prop_H6LUT_SLICEL_I0_O)
                                                      0.040     3.348 r  axi_slave/image_wr_kind[1]_i_1/O
                         net (fo=5, estimated)        0.874     4.222    experiment/image_wr_lane_reg[0]_0[0]
    SLICE_X66Y160        FDRE                                         r  experiment/image_wr_lane_reg[1]/CE
  -------------------------------------------------------------------    -------------------

                         (clock clk_200m_mmcm rise edge)
                                                      5.000     5.000 r  
    AL14                                              0.000     5.000 r  clk_50m (IN)
                         net (fo=0)                   0.000     5.000    clock_input_buffer/I
    AL14                 INBUF (Prop_INBUF_HRIO_PAD_O)
                                                      0.656     5.656 r  clock_input_buffer/INBUF_INST/O
                         net (fo=1, routed)           0.059     5.715    clock_input_buffer/OUT
    AL14                 IBUFCTRL (Prop_IBUFCTRL_HRIO_I_O)
                                                      0.032     5.747 r  clock_input_buffer/IBUFCTRL_INST/O
                         net (fo=1, estimated)        0.778     6.525    clk_50m_ibuf
    MMCME3_ADV_X2Y1      MMCME3_ADV (Prop_MMCME3_ADV_CLKIN1_CLKOUT0)
                                                     -5.289     1.236 r  clock_manager/CLKOUT0
                         net (fo=1, estimated)        0.372     1.608    clk_200m_mmcm
    BUFGCE_X2Y24         BUFGCE (Prop_BUFCE_BUFGCE_I_O)
                                                      0.075     1.683 r  system_clock_buffer/O
    X2Y2 (CLOCK_ROOT)    net (fo=29087, estimated)    2.490     4.173    experiment/clk_200m
    SLICE_X66Y160        FDRE                                         r  experiment/image_wr_lane_reg[1]/C
                         clock pessimism              0.361     4.534    
                         clock uncertainty           -0.245     4.289    
    SLICE_X66Y160        FDRE (Setup_BFF2_SLICEL_C_CE)
                                                     -0.048     4.241    experiment/image_wr_lane_reg[1]
  -------------------------------------------------------------------
                         required time                          4.241    
                         arrival time                          -4.222    
  -------------------------------------------------------------------
                         slack                                  0.019    

Slack (MET) :             0.020ns  (required time - arrival time)
  Source:                 experiment/core/update_index_reg[2]_replica_15/C
                            (rising edge-triggered cell FDRE clocked by clk_200m_mmcm  {rise@0.000ns fall@2.500ns period=5.000ns})
  Destination:            experiment/core/param_read_reg[15]/D
                            (rising edge-triggered cell FDRE clocked by clk_200m_mmcm  {rise@0.000ns fall@2.500ns period=5.000ns})
  Path Group:             clk_200m_mmcm
  Path Type:              Setup (Max at Slow Process Corner)
  Requirement:            5.000ns  (clk_200m_mmcm rise@5.000ns - clk_200m_mmcm rise@0.000ns)
  Data Path Delay:        4.456ns  (logic 0.683ns (15.328%)  route 3.773ns (84.672%))
  Logic Levels:           6  (LUT6=2 MUXF7=2 MUXF8=1 RAMD64E=1)
  Clock Path Skew:        -0.338ns (DCD - SCD + CPR)
    Destination Clock Delay (DCD):    -0.812ns = ( 4.188 - 5.000 ) 
    Source Clock Delay      (SCD):    -0.119ns
    Clock Pessimism Removal (CPR):    0.356ns
  Clock Uncertainty:      0.245ns  ((TSJ^2 + DJ^2)^1/2) / 2 + PE + UU
    Total System Jitter     (TSJ):    0.071ns
    Discrete Jitter          (DJ):    0.056ns
    Phase Error              (PE):    0.000ns
    User Uncertainty         (UU):    0.200ns
  Clock Net Delay (Source):      3.026ns (routing 1.173ns, distribution 1.853ns)
  Clock Net Delay (Destination): 2.505ns (routing 1.079ns, distribution 1.426ns)

    Location             Delay type                Incr(ns)  Path(ns)    Netlist Resource(s)
  -------------------------------------------------------------------    -------------------
                         (clock clk_200m_mmcm rise edge)
                                                      0.000     0.000 r  
    AL14                                              0.000     0.000 r  clk_50m (IN)
                         net (fo=0)                   0.000     0.000    clock_input_buffer/I
    AL14                 INBUF (Prop_INBUF_HRIO_PAD_O)
                                                      0.922     0.922 r  clock_input_buffer/INBUF_INST/O
                         net (fo=1, routed)           0.092     1.014    clock_input_buffer/OUT
    AL14                 IBUFCTRL (Prop_IBUFCTRL_HRIO_I_O)
                                                      0.043     1.057 r  clock_input_buffer/IBUFCTRL_INST/O
                         net (fo=1, estimated)        0.865     1.922    clk_50m_ibuf
    MMCME3_ADV_X2Y1      MMCME3_ADV (Prop_MMCME3_ADV_CLKIN1_CLKOUT0)
                                                     -5.587    -3.665 r  clock_manager/CLKOUT0
                         net (fo=1, estimated)        0.437    -3.228    clk_200m_mmcm
    BUFGCE_X2Y24         BUFGCE (Prop_BUFCE_BUFGCE_I_O)
                                                      0.083    -3.145 r  system_clock_buffer/O
    X2Y2 (CLOCK_ROOT)    net (fo=29087, estimated)    3.026    -0.119    experiment/core/clk_200m
    SLICE_X81Y204        FDRE                                         r  experiment/core/update_index_reg[2]_replica_15/C
  -------------------------------------------------------------------    -------------------
    SLICE_X81Y204        FDRE (Prop_AFF_SLICEL_C_Q)
                                                      0.115    -0.004 r  experiment/core/update_index_reg[2]_replica_15/Q
                         net (fo=161, estimated)      1.892     1.888    experiment/core/neuron_param_0_reg_3136_3199_14_20/ADDRB2
    SLICE_X44Y203        RAMD64E (Prop_B6LUT_SLICEM_RADR2_O)
                                                      0.136     2.024 r  experiment/core/neuron_param_0_reg_3136_3199_14_20/RAMB/O
                         net (fo=1, estimated)        0.990     3.014    experiment/core/neuron_param_0_reg_3136_3199_14_20_n_1
    SLICE_X51Y205        LUT6 (Prop_D6LUT_SLICEL_I3_O)
                                                      0.115     3.129 r  experiment/core/param_read[15]_i_23/O
                         net (fo=1, routed)           0.000     3.129    experiment/core/param_read[15]_i_23_n_0
    SLICE_X51Y205        MUXF7 (Prop_F7MUX_CD_SLICEL_I0_O)
                                                      0.058     3.187 r  experiment/core/param_read_reg[15]_i_11/O
                         net (fo=1, routed)           0.026     3.213    experiment/core/param_read_reg[15]_i_11_n_0
    SLICE_X51Y205        MUXF8 (Prop_F8MUX_BOT_SLICEL_I0_O)
                                                      0.060     3.273 r  experiment/core/param_read_reg[15]_i_4/O
                         net (fo=1, estimated)        0.825     4.098    experiment/core/param_read_reg[15]_i_4_n_0
    SLICE_X57Y230        LUT6 (Prop_D6LUT_SLICEL_I0_O)
                                                      0.132     4.230 r  experiment/core/param_read[15]_i_2/O
                         net (fo=1, routed)           0.000     4.230    experiment/core/param_read[15]_i_2_n_0
    SLICE_X57Y230        MUXF7 (Prop_F7MUX_CD_SLICEL_I0_O)
                                                      0.067     4.297 r  experiment/core/param_read_reg[15]_i_1/O
                         net (fo=1, routed)           0.040     4.337    experiment/core/param_read0[15]
    SLICE_X57Y230        FDRE                                         r  experiment/core/param_read_reg[15]/D
  -------------------------------------------------------------------    -------------------

                         (clock clk_200m_mmcm rise edge)
                                                      5.000     5.000 r  
    AL14                                              0.000     5.000 r  clk_50m (IN)
                         net (fo=0)                   0.000     5.000    clock_input_buffer/I
    AL14                 INBUF (Prop_INBUF_HRIO_PAD_O)
                                                      0.656     5.656 r  clock_input_buffer/INBUF_INST/O
                         net (fo=1, routed)           0.059     5.715    clock_input_buffer/OUT
    AL14                 IBUFCTRL (Prop_IBUFCTRL_HRIO_I_O)
                                                      0.032     5.747 r  clock_input_buffer/IBUFCTRL_INST/O
                         net (fo=1, estimated)        0.778     6.525    clk_50m_ibuf
    MMCME3_ADV_X2Y1      MMCME3_ADV (Prop_MMCME3_ADV_CLKIN1_CLKOUT0)
                                                     -5.289     1.236 r  clock_manager/CLKOUT0
                         net (fo=1, estimated)        0.372     1.608    clk_200m_mmcm
    BUFGCE_X2Y24         BUFGCE (Prop_BUFCE_BUFGCE_I_O)
                                                      0.075     1.683 r  system_clock_buffer/O
    X2Y2 (CLOCK_ROOT)    net (fo=29087, estimated)    2.505     4.188    experiment/core/clk_200m
    SLICE_X57Y230        FDRE                                         r  experiment/core/param_read_reg[15]/C
                         clock pessimism              0.356     4.544    
                         clock uncertainty           -0.245     4.299    
    SLICE_X57Y230        FDRE (Setup_DFF_SLICEL_C_D)
                                                      0.059     4.358    experiment/core/param_read_reg[15]
  -------------------------------------------------------------------
                         required time                          4.358    
                         arrival time                          -4.337    
  -------------------------------------------------------------------
                         slack                                  0.020    

Slack (MET) :             0.020ns  (required time - arrival time)
  Source:                 experiment/core/update_index_reg[3]_replica_18/C
                            (rising edge-triggered cell FDRE clocked by clk_200m_mmcm  {rise@0.000ns fall@2.500ns period=5.000ns})
  Destination:            experiment/core/param_read_reg[2]/D
                            (rising edge-triggered cell FDRE clocked by clk_200m_mmcm  {rise@0.000ns fall@2.500ns period=5.000ns})
  Path Group:             clk_200m_mmcm
  Path Type:              Setup (Max at Slow Process Corner)
  Requirement:            5.000ns  (clk_200m_mmcm rise@5.000ns - clk_200m_mmcm rise@0.000ns)
  Data Path Delay:        4.444ns  (logic 0.731ns (16.449%)  route 3.713ns (83.551%))
  Logic Levels:           6  (LUT6=2 MUXF7=2 MUXF8=1 RAMD64E=1)
  Clock Path Skew:        -0.351ns (DCD - SCD + CPR)
    Destination Clock Delay (DCD):    -0.820ns = ( 4.180 - 5.000 ) 
    Source Clock Delay      (SCD):    -0.114ns
    Clock Pessimism Removal (CPR):    0.356ns
  Clock Uncertainty:      0.245ns  ((TSJ^2 + DJ^2)^1/2) / 2 + PE + UU
    Total System Jitter     (TSJ):    0.071ns
    Discrete Jitter          (DJ):    0.056ns
    Phase Error              (PE):    0.000ns
    User Uncertainty         (UU):    0.200ns
  Clock Net Delay (Source):      3.031ns (routing 1.173ns, distribution 1.858ns)
  Clock Net Delay (Destination): 2.497ns (routing 1.079ns, distribution 1.418ns)

    Location             Delay type                Incr(ns)  Path(ns)    Netlist Resource(s)
  -------------------------------------------------------------------    -------------------
                         (clock clk_200m_mmcm rise edge)
                                                      0.000     0.000 r  
    AL14                                              0.000     0.000 r  clk_50m (IN)
                         net (fo=0)                   0.000     0.000    clock_input_buffer/I
    AL14                 INBUF (Prop_INBUF_HRIO_PAD_O)
                                                      0.922     0.922 r  clock_input_buffer/INBUF_INST/O
                         net (fo=1, routed)           0.092     1.014    clock_input_buffer/OUT
    AL14                 IBUFCTRL (Prop_IBUFCTRL_HRIO_I_O)
                                                      0.043     1.057 r  clock_input_buffer/IBUFCTRL_INST/O
                         net (fo=1, estimated)        0.865     1.922    clk_50m_ibuf
    MMCME3_ADV_X2Y1      MMCME3_ADV (Prop_MMCME3_ADV_CLKIN1_CLKOUT0)
                                                     -5.587    -3.665 r  clock_manager/CLKOUT0
                         net (fo=1, estimated)        0.437    -3.228    clk_200m_mmcm
    BUFGCE_X2Y24         BUFGCE (Prop_BUFCE_BUFGCE_I_O)
                                                      0.083    -3.145 r  system_clock_buffer/O
    X2Y2 (CLOCK_ROOT)    net (fo=29087, estimated)    3.031    -0.114    experiment/core/clk_200m
    SLICE_X81Y200        FDRE                                         r  experiment/core/update_index_reg[3]_replica_18/C
  -------------------------------------------------------------------    -------------------
    SLICE_X81Y200        FDRE (Prop_AFF_SLICEL_C_Q)
                                                      0.115     0.001 r  experiment/core/update_index_reg[3]_replica_18/Q
                         net (fo=161, estimated)      1.913     1.914    experiment/core/neuron_param_0_reg_3520_3583_0_6/ADDRC3
    SLICE_X44Y205        RAMD64E (Prop_C6LUT_SLICEM_RADR3_O)
                                                      0.115     2.029 r  experiment/core/neuron_param_0_reg_3520_3583_0_6/RAMC/O
                         net (fo=1, estimated)        1.071     3.100    experiment/core/neuron_param_0_reg_3520_3583_0_6_n_2
    SLICE_X54Y207        LUT6 (Prop_C6LUT_SLICEL_I0_O)
                                                      0.185     3.285 r  experiment/core/param_read[2]_i_24/O
                         net (fo=1, routed)           0.000     3.285    experiment/core/param_read[2]_i_24_n_0
    SLICE_X54Y207        MUXF7 (Prop_F7MUX_CD_SLICEL_I1_O)
                                                      0.058     3.343 r  experiment/core/param_read_reg[2]_i_11/O
                         net (fo=1, routed)           0.026     3.369    experiment/core/param_read_reg[2]_i_11_n_0
    SLICE_X54Y207        MUXF8 (Prop_F8MUX_BOT_SLICEL_I0_O)
                                                      0.060     3.429 r  experiment/core/param_read_reg[2]_i_4/O
                         net (fo=1, estimated)        0.663     4.092    experiment/core/param_read_reg[2]_i_4_n_0
    SLICE_X51Y238        LUT6 (Prop_H6LUT_SLICEL_I0_O)
                                                      0.132     4.224 r  experiment/core/param_read[2]_i_2/O
                         net (fo=1, routed)           0.000     4.224    experiment/core/param_read[2]_i_2_n_0
    SLICE_X51Y238        MUXF7 (Prop_F7MUX_GH_SLICEL_I0_O)
                                                      0.066     4.290 r  experiment/core/param_read_reg[2]_i_1/O
                         net (fo=1, routed)           0.040     4.330    experiment/core/param_read0[2]
    SLICE_X51Y238        FDRE                                         r  experiment/core/param_read_reg[2]/D
  -------------------------------------------------------------------    -------------------

                         (clock clk_200m_mmcm rise edge)
                                                      5.000     5.000 r  
    AL14                                              0.000     5.000 r  clk_50m (IN)
                         net (fo=0)                   0.000     5.000    clock_input_buffer/I
    AL14                 INBUF (Prop_INBUF_HRIO_PAD_O)
                                                      0.656     5.656 r  clock_input_buffer/INBUF_INST/O
                         net (fo=1, routed)           0.059     5.715    clock_input_buffer/OUT
    AL14                 IBUFCTRL (Prop_IBUFCTRL_HRIO_I_O)
                                                      0.032     5.747 r  clock_input_buffer/IBUFCTRL_INST/O
                         net (fo=1, estimated)        0.778     6.525    clk_50m_ibuf
    MMCME3_ADV_X2Y1      MMCME3_ADV (Prop_MMCME3_ADV_CLKIN1_CLKOUT0)
                                                     -5.289     1.236 r  clock_manager/CLKOUT0
                         net (fo=1, estimated)        0.372     1.608    clk_200m_mmcm
    BUFGCE_X2Y24         BUFGCE (Prop_BUFCE_BUFGCE_I_O)
                                                      0.075     1.683 r  system_clock_buffer/O
    X2Y2 (CLOCK_ROOT)    net (fo=29087, estimated)    2.497     4.180    experiment/core/clk_200m
    SLICE_X51Y238        FDRE                                         r  experiment/core/param_read_reg[2]/C
                         clock pessimism              0.356     4.536    
                         clock uncertainty           -0.245     4.291    
    SLICE_X51Y238        FDRE (Setup_HFF_SLICEL_C_D)
                                                      0.060     4.351    experiment/core/param_read_reg[2]
  -------------------------------------------------------------------
                         required time                          4.351    
                         arrival time                          -4.330    
  -------------------------------------------------------------------
                         slack                                  0.020    

Slack (MET) :             0.021ns  (required time - arrival time)
  Source:                 experiment/image_wr_index_reg[4]_rep__51/C
                            (rising edge-triggered cell FDRE clocked by clk_200m_mmcm  {rise@0.000ns fall@2.500ns period=5.000ns})
  Destination:            experiment/core/synapse_mem_reg_0_bram_292/ENARDEN
                            (rising edge-triggered cell RAMB36E2 clocked by clk_200m_mmcm  {rise@0.000ns fall@2.500ns period=5.000ns})
  Path Group:             clk_200m_mmcm
  Path Type:              Setup (Max at Slow Process Corner)
  Requirement:            5.000ns  (clk_200m_mmcm rise@5.000ns - clk_200m_mmcm rise@0.000ns)
  Data Path Delay:        4.364ns  (logic 0.573ns (13.130%)  route 3.791ns (86.870%))
  Logic Levels:           4  (LUT6=4)
  Clock Path Skew:        0.092ns (DCD - SCD + CPR)
    Destination Clock Delay (DCD):    -0.535ns = ( 4.465 - 5.000 ) 
    Source Clock Delay      (SCD):    -0.361ns
    Clock Pessimism Removal (CPR):    0.267ns
  Clock Uncertainty:      0.245ns  ((TSJ^2 + DJ^2)^1/2) / 2 + PE + UU
    Total System Jitter     (TSJ):    0.071ns
    Discrete Jitter          (DJ):    0.056ns
    Phase Error              (PE):    0.000ns
    User Uncertainty         (UU):    0.200ns
  Clock Net Delay (Source):      2.784ns (routing 1.173ns, distribution 1.611ns)
  Clock Net Delay (Destination): 2.782ns (routing 1.079ns, distribution 1.703ns)

    Location             Delay type                Incr(ns)  Path(ns)    Netlist Resource(s)
  -------------------------------------------------------------------    -------------------
                         (clock clk_200m_mmcm rise edge)
                                                      0.000     0.000 r  
    AL14                                              0.000     0.000 r  clk_50m (IN)
                         net (fo=0)                   0.000     0.000    clock_input_buffer/I
    AL14                 INBUF (Prop_INBUF_HRIO_PAD_O)
                                                      0.922     0.922 r  clock_input_buffer/INBUF_INST/O
                         net (fo=1, routed)           0.092     1.014    clock_input_buffer/OUT
    AL14                 IBUFCTRL (Prop_IBUFCTRL_HRIO_I_O)
                                                      0.043     1.057 r  clock_input_buffer/IBUFCTRL_INST/O
                         net (fo=1, estimated)        0.865     1.922    clk_50m_ibuf
    MMCME3_ADV_X2Y1      MMCME3_ADV (Prop_MMCME3_ADV_CLKIN1_CLKOUT0)
                                                     -5.587    -3.665 r  clock_manager/CLKOUT0
                         net (fo=1, estimated)        0.437    -3.228    clk_200m_mmcm
    BUFGCE_X2Y24         BUFGCE (Prop_BUFCE_BUFGCE_I_O)
                                                      0.083    -3.145 r  system_clock_buffer/O
    X2Y2 (CLOCK_ROOT)    net (fo=29087, estimated)    2.784    -0.361    experiment/clk_200m
    SLICE_X48Y169        FDRE                                         r  experiment/image_wr_index_reg[4]_rep__51/C
  -------------------------------------------------------------------    -------------------
    SLICE_X48Y169        FDRE (Prop_HFF2_SLICEL_C_Q)
                                                      0.117    -0.244 f  experiment/image_wr_index_reg[4]_rep__51/Q
                         net (fo=4, estimated)        0.260     0.016    experiment/core/synapse_mem_reg_0_bram_4_i_5_3
    SLICE_X48Y171        LUT6 (Prop_A6LUT_SLICEL_I0_O)
                                                      0.185     0.201 r  experiment/core/synapse_mem_reg_0_bram_4_i_7/O
                         net (fo=1, estimated)        0.238     0.439    experiment/core/synapse_mem_reg_0_bram_4_i_7_n_0
    SLICE_X48Y168        LUT6 (Prop_H6LUT_SLICEL_I2_O)
                                                      0.116     0.555 r  experiment/core/synapse_mem_reg_0_bram_4_i_5/O
                         net (fo=154, estimated)      1.192     1.747    experiment/core/p_0_in__2
    SLICE_X27Y168        LUT6 (Prop_A6LUT_SLICEL_I0_O)
                                                      0.040     1.787 r  experiment/core/synapse_mem_reg_0_bram_281_i_1/O
                         net (fo=13, estimated)       1.798     3.585    experiment/core/synapse_mem_reg_0_bram_281_i_1_n_0
    SLICE_X27Y27         LUT6 (Prop_A6LUT_SLICEL_I3_O)
                                                      0.115     3.700 r  experiment/core/synapse_mem_reg_0_bram_292_ENARDEN_cooolgate_en_gate_725_comp/O
                         net (fo=1, estimated)        0.303     4.003    experiment/core/synapse_mem_reg_0_bram_292_ENARDEN_cooolgate_en_sig_363
    RAMB36_X3Y5          RAMB36E2                                     r  experiment/core/synapse_mem_reg_0_bram_292/ENARDEN
  -------------------------------------------------------------------    -------------------

                         (clock clk_200m_mmcm rise edge)
                                                      5.000     5.000 r  
    AL14                                              0.000     5.000 r  clk_50m (IN)
                         net (fo=0)                   0.000     5.000    clock_input_buffer/I
    AL14                 INBUF (Prop_INBUF_HRIO_PAD_O)
                                                      0.656     5.656 r  clock_input_buffer/INBUF_INST/O
                         net (fo=1, routed)           0.059     5.715    clock_input_buffer/OUT
    AL14                 IBUFCTRL (Prop_IBUFCTRL_HRIO_I_O)
                                                      0.032     5.747 r  clock_input_buffer/IBUFCTRL_INST/O
                         net (fo=1, estimated)        0.778     6.525    clk_50m_ibuf
    MMCME3_ADV_X2Y1      MMCME3_ADV (Prop_MMCME3_ADV_CLKIN1_CLKOUT0)
                                                     -5.289     1.236 r  clock_manager/CLKOUT0
                         net (fo=1, estimated)        0.372     1.608    clk_200m_mmcm
    BUFGCE_X2Y24         BUFGCE (Prop_BUFCE_BUFGCE_I_O)
                                                      0.075     1.683 r  system_clock_buffer/O
    X2Y2 (CLOCK_ROOT)    net (fo=29087, estimated)    2.782     4.465    experiment/core/clk_200m
    RAMB36_X3Y5          RAMB36E2                                     r  experiment/core/synapse_mem_reg_0_bram_292/CLKARDCLK
                         clock pessimism              0.267     4.731    
                         clock uncertainty           -0.245     4.486    
    RAMB36_X3Y5          RAMB36E2 (Setup_RAMB36E2_RAMB36_CLKARDCLK_ENARDEN)
                                                     -0.462     4.024    experiment/core/synapse_mem_reg_0_bram_292
  -------------------------------------------------------------------
                         required time                          4.024    
                         arrival time                          -4.003    
  -------------------------------------------------------------------
                         slack                                  0.021    

Slack (MET) :             0.021ns  (required time - arrival time)
  Source:                 experiment/core/update_index_reg[3]_replica_18/C
                            (rising edge-triggered cell FDRE clocked by clk_200m_mmcm  {rise@0.000ns fall@2.500ns period=5.000ns})
  Destination:            experiment/core/param_read_reg[30]/D
                            (rising edge-triggered cell FDRE clocked by clk_200m_mmcm  {rise@0.000ns fall@2.500ns period=5.000ns})
  Path Group:             clk_200m_mmcm
  Path Type:              Setup (Max at Slow Process Corner)
  Requirement:            5.000ns  (clk_200m_mmcm rise@5.000ns - clk_200m_mmcm rise@0.000ns)
  Data Path Delay:        4.438ns  (logic 0.661ns (14.894%)  route 3.777ns (85.106%))
  Logic Levels:           6  (LUT6=2 MUXF7=2 MUXF8=1 RAMD64E=1)
  Clock Path Skew:        -0.356ns (DCD - SCD + CPR)
    Destination Clock Delay (DCD):    -0.825ns = ( 4.175 - 5.000 ) 
    Source Clock Delay      (SCD):    -0.114ns
    Clock Pessimism Removal (CPR):    0.356ns
  Clock Uncertainty:      0.245ns  ((TSJ^2 + DJ^2)^1/2) / 2 + PE + UU
    Total System Jitter     (TSJ):    0.071ns
    Discrete Jitter          (DJ):    0.056ns
    Phase Error              (PE):    0.000ns
    User Uncertainty         (UU):    0.200ns
  Clock Net Delay (Source):      3.031ns (routing 1.173ns, distribution 1.858ns)
  Clock Net Delay (Destination): 2.492ns (routing 1.079ns, distribution 1.413ns)

    Location             Delay type                Incr(ns)  Path(ns)    Netlist Resource(s)
  -------------------------------------------------------------------    -------------------
                         (clock clk_200m_mmcm rise edge)
                                                      0.000     0.000 r  
    AL14                                              0.000     0.000 r  clk_50m (IN)
                         net (fo=0)                   0.000     0.000    clock_input_buffer/I
    AL14                 INBUF (Prop_INBUF_HRIO_PAD_O)
                                                      0.922     0.922 r  clock_input_buffer/INBUF_INST/O
                         net (fo=1, routed)           0.092     1.014    clock_input_buffer/OUT
    AL14                 IBUFCTRL (Prop_IBUFCTRL_HRIO_I_O)
                                                      0.043     1.057 r  clock_input_buffer/IBUFCTRL_INST/O
                         net (fo=1, estimated)        0.865     1.922    clk_50m_ibuf
    MMCME3_ADV_X2Y1      MMCME3_ADV (Prop_MMCME3_ADV_CLKIN1_CLKOUT0)
                                                     -5.587    -3.665 r  clock_manager/CLKOUT0
                         net (fo=1, estimated)        0.437    -3.228    clk_200m_mmcm
    BUFGCE_X2Y24         BUFGCE (Prop_BUFCE_BUFGCE_I_O)
                                                      0.083    -3.145 r  system_clock_buffer/O
    X2Y2 (CLOCK_ROOT)    net (fo=29087, estimated)    3.031    -0.114    experiment/core/clk_200m
    SLICE_X81Y200        FDRE                                         r  experiment/core/update_index_reg[3]_replica_18/C
  -------------------------------------------------------------------    -------------------
    SLICE_X81Y200        FDRE (Prop_AFF_SLICEL_C_Q)
                                                      0.115     0.001 r  experiment/core/update_index_reg[3]_replica_18/Q
                         net (fo=161, estimated)      2.027     2.028    experiment/core/neuron_param_0_reg_3136_3199_28_31/ADDRC3
    SLICE_X42Y200        RAMD64E (Prop_C6LUT_SLICEM_RADR3_O)
                                                      0.115     2.143 r  experiment/core/neuron_param_0_reg_3136_3199_28_31/RAMC/O
                         net (fo=1, estimated)        0.902     3.045    experiment/core/neuron_param_0_reg_3136_3199_28_31_n_2
    SLICE_X48Y197        LUT6 (Prop_D6LUT_SLICEL_I3_O)
                                                      0.115     3.160 r  experiment/core/param_read[30]_i_23/O
                         net (fo=1, routed)           0.000     3.160    experiment/core/param_read[30]_i_23_n_0
    SLICE_X48Y197        MUXF7 (Prop_F7MUX_CD_SLICEL_I0_O)
                                                      0.058     3.218 r  experiment/core/param_read_reg[30]_i_11/O
                         net (fo=1, routed)           0.026     3.244    experiment/core/param_read_reg[30]_i_11_n_0
    SLICE_X48Y197        MUXF8 (Prop_F8MUX_BOT_SLICEL_I0_O)
                                                      0.060     3.304 r  experiment/core/param_read_reg[30]_i_4/O
                         net (fo=1, estimated)        0.782     4.086    experiment/core/param_read_reg[30]_i_4_n_0
    SLICE_X51Y223        LUT6 (Prop_H6LUT_SLICEL_I0_O)
                                                      0.132     4.218 r  experiment/core/param_read[30]_i_2/O
                         net (fo=1, routed)           0.000     4.218    experiment/core/param_read[30]_i_2_n_0
    SLICE_X51Y223        MUXF7 (Prop_F7MUX_GH_SLICEL_I0_O)
                                                      0.066     4.284 r  experiment/core/param_read_reg[30]_i_1/O
                         net (fo=1, routed)           0.040     4.324    experiment/core/param_read0[30]
    SLICE_X51Y223        FDRE                                         r  experiment/core/param_read_reg[30]/D
  -------------------------------------------------------------------    -------------------

                         (clock clk_200m_mmcm rise edge)
                                                      5.000     5.000 r  
    AL14                                              0.000     5.000 r  clk_50m (IN)
                         net (fo=0)                   0.000     5.000    clock_input_buffer/I
    AL14                 INBUF (Prop_INBUF_HRIO_PAD_O)
                                                      0.656     5.656 r  clock_input_buffer/INBUF_INST/O
                         net (fo=1, routed)           0.059     5.715    clock_input_buffer/OUT
    AL14                 IBUFCTRL (Prop_IBUFCTRL_HRIO_I_O)
                                                      0.032     5.747 r  clock_input_buffer/IBUFCTRL_INST/O
                         net (fo=1, estimated)        0.778     6.525    clk_50m_ibuf
    MMCME3_ADV_X2Y1      MMCME3_ADV (Prop_MMCME3_ADV_CLKIN1_CLKOUT0)
                                                     -5.289     1.236 r  clock_manager/CLKOUT0
                         net (fo=1, estimated)        0.372     1.608    clk_200m_mmcm
    BUFGCE_X2Y24         BUFGCE (Prop_BUFCE_BUFGCE_I_O)
                                                      0.075     1.683 r  system_clock_buffer/O
    X2Y2 (CLOCK_ROOT)    net (fo=29087, estimated)    2.492     4.175    experiment/core/clk_200m
    SLICE_X51Y223        FDRE                                         r  experiment/core/param_read_reg[30]/C
                         clock pessimism              0.356     4.531    
                         clock uncertainty           -0.245     4.286    
    SLICE_X51Y223        FDRE (Setup_HFF_SLICEL_C_D)
                                                      0.060     4.346    experiment/core/param_read_reg[30]
  -------------------------------------------------------------------
                         required time                          4.346    
                         arrival time                          -4.324    
  -------------------------------------------------------------------
                         slack                                  0.021    





Pulse Width Checks
--------------------------------------------------------------------------------------
Clock Name:         clk_200m_mmcm
Waveform(ns):       { 0.000 2.500 }
Period(ns):         5.000
Sources:            { clock_manager/CLKOUT0 }

Check Type        Corner  Lib Pin             Reference Pin  Required(ns)  Actual(ns)  Slack(ns)  Location       Pin
Min Period        n/a     RAMB36E2/CLKARDCLK  n/a            1.961         5.000       3.039      RAMB36_X13Y8   experiment/event_mem_reg_bram_1/CLKARDCLK
Min Period        n/a     RAMB36E2/CLKARDCLK  n/a            1.961         5.000       3.039      RAMB36_X13Y11  experiment/event_mem_reg_bram_10/CLKARDCLK
Min Period        n/a     RAMB36E2/CLKARDCLK  n/a            1.961         5.000       3.039      RAMB36_X13Y12  experiment/event_mem_reg_bram_11/CLKARDCLK
Min Period        n/a     RAMB36E2/CLKARDCLK  n/a            1.961         5.000       3.039      RAMB36_X13Y13  experiment/event_mem_reg_bram_12/CLKARDCLK
Min Period        n/a     RAMB36E2/CLKARDCLK  n/a            1.961         5.000       3.039      RAMB36_X14Y13  experiment/event_mem_reg_bram_13/CLKARDCLK
Min Period        n/a     RAMB36E2/CLKARDCLK  n/a            1.961         5.000       3.039      RAMB36_X14Y12  experiment/event_mem_reg_bram_14/CLKARDCLK
Min Period        n/a     RAMB36E2/CLKARDCLK  n/a            1.961         5.000       3.039      RAMB36_X14Y11  experiment/event_mem_reg_bram_15/CLKARDCLK
Min Period        n/a     RAMB36E2/CLKARDCLK  n/a            1.961         5.000       3.039      RAMB36_X14Y10  experiment/event_mem_reg_bram_16/CLKARDCLK
Min Period        n/a     RAMB36E2/CLKARDCLK  n/a            1.961         5.000       3.039      RAMB36_X14Y14  experiment/event_mem_reg_bram_17/CLKARDCLK
Min Period        n/a     RAMB36E2/CLKARDCLK  n/a            1.961         5.000       3.039      RAMB36_X14Y15  experiment/event_mem_reg_bram_18/CLKARDCLK
Min Period        n/a     RAMB36E2/CLKARDCLK  n/a            1.961         5.000       3.039      RAMB36_X14Y19  experiment/event_mem_reg_bram_19/CLKARDCLK
Min Period        n/a     RAMB36E2/CLKARDCLK  n/a            1.961         5.000       3.039      RAMB36_X12Y8   experiment/event_mem_reg_bram_2/CLKARDCLK
Min Period        n/a     RAMB36E2/CLKARDCLK  n/a            1.961         5.000       3.039      RAMB36_X15Y17  experiment/event_mem_reg_bram_20/CLKARDCLK
Min Period        n/a     RAMB36E2/CLKARDCLK  n/a            1.961         5.000       3.039      RAMB36_X15Y15  experiment/event_mem_reg_bram_21/CLKARDCLK
Min Period        n/a     RAMB36E2/CLKARDCLK  n/a            1.961         5.000       3.039      RAMB36_X15Y18  experiment/event_mem_reg_bram_22/CLKARDCLK
Min Period        n/a     RAMB36E2/CLKARDCLK  n/a            1.961         5.000       3.039      RAMB36_X15Y14  experiment/event_mem_reg_bram_23/CLKARDCLK
Min Period        n/a     RAMB36E2/CLKARDCLK  n/a            1.961         5.000       3.039      RAMB36_X13Y14  experiment/event_mem_reg_bram_24/CLKARDCLK
Min Period        n/a     RAMB36E2/CLKARDCLK  n/a            1.961         5.000       3.039      RAMB36_X14Y16  experiment/event_mem_reg_bram_25/CLKARDCLK
Min Period        n/a     RAMB36E2/CLKARDCLK  n/a            1.961         5.000       3.039      RAMB36_X15Y16  experiment/event_mem_reg_bram_26/CLKARDCLK
Min Period        n/a     RAMB36E2/CLKARDCLK  n/a            1.961         5.000       3.039      RAMB36_X14Y9   experiment/event_mem_reg_bram_3/CLKARDCLK
Low Pulse Width   Slow    RAMB36E2/CLKARDCLK  n/a            0.980         2.500       1.520      RAMB36_X13Y8   experiment/event_mem_reg_bram_1/CLKARDCLK
Low Pulse Width   Fast    RAMB36E2/CLKARDCLK  n/a            0.980         2.500       1.520      RAMB36_X13Y8   experiment/event_mem_reg_bram_1/CLKARDCLK
Low Pulse Width   Slow    RAMB36E2/CLKARDCLK  n/a            0.980         2.500       1.520      RAMB36_X13Y11  experiment/event_mem_reg_bram_10/CLKARDCLK
Low Pulse Width   Fast    RAMB36E2/CLKARDCLK  n/a            0.980         2.500       1.520      RAMB36_X13Y11  experiment/event_mem_reg_bram_10/CLKARDCLK
Low Pulse Width   Slow    RAMB36E2/CLKARDCLK  n/a            0.980         2.500       1.520      RAMB36_X13Y12  experiment/event_mem_reg_bram_11/CLKARDCLK
Low Pulse Width   Fast    RAMB36E2/CLKARDCLK  n/a            0.980         2.500       1.520      RAMB36_X13Y12  experiment/event_mem_reg_bram_11/CLKARDCLK
Low Pulse Width   Slow    RAMB36E2/CLKARDCLK  n/a            0.980         2.500       1.520      RAMB36_X13Y13  experiment/event_mem_reg_bram_12/CLKARDCLK
Low Pulse Width   Fast    RAMB36E2/CLKARDCLK  n/a            0.980         2.500       1.520      RAMB36_X13Y13  experiment/event_mem_reg_bram_12/CLKARDCLK
Low Pulse Width   Slow    RAMB36E2/CLKARDCLK  n/a            0.980         2.500       1.520      RAMB36_X14Y13  experiment/event_mem_reg_bram_13/CLKARDCLK
Low Pulse Width   Fast    RAMB36E2/CLKARDCLK  n/a            0.980         2.500       1.520      RAMB36_X14Y13  experiment/event_mem_reg_bram_13/CLKARDCLK
Low Pulse Width   Slow    RAMB36E2/CLKARDCLK  n/a            0.980         2.500       1.520      RAMB36_X14Y12  experiment/event_mem_reg_bram_14/CLKARDCLK
Low Pulse Width   Fast    RAMB36E2/CLKARDCLK  n/a            0.980         2.500       1.520      RAMB36_X14Y12  experiment/event_mem_reg_bram_14/CLKARDCLK
Low Pulse Width   Slow    RAMB36E2/CLKARDCLK  n/a            0.980         2.500       1.520      RAMB36_X14Y11  experiment/event_mem_reg_bram_15/CLKARDCLK
Low Pulse Width   Fast    RAMB36E2/CLKARDCLK  n/a            0.980         2.500       1.520      RAMB36_X14Y11  experiment/event_mem_reg_bram_15/CLKARDCLK
Low Pulse Width   Slow    RAMB36E2/CLKARDCLK  n/a            0.980         2.500       1.520      RAMB36_X14Y10  experiment/event_mem_reg_bram_16/CLKARDCLK
Low Pulse Width   Fast    RAMB36E2/CLKARDCLK  n/a            0.980         2.500       1.520      RAMB36_X14Y10  experiment/event_mem_reg_bram_16/CLKARDCLK
Low Pulse Width   Slow    RAMB36E2/CLKARDCLK  n/a            0.980         2.500       1.520      RAMB36_X14Y14  experiment/event_mem_reg_bram_17/CLKARDCLK
Low Pulse Width   Fast    RAMB36E2/CLKARDCLK  n/a            0.980         2.500       1.520      RAMB36_X14Y14  experiment/event_mem_reg_bram_17/CLKARDCLK
Low Pulse Width   Slow    RAMB36E2/CLKARDCLK  n/a            0.980         2.500       1.520      RAMB36_X14Y15  experiment/event_mem_reg_bram_18/CLKARDCLK
Low Pulse Width   Fast    RAMB36E2/CLKARDCLK  n/a            0.980         2.500       1.520      RAMB36_X14Y15  experiment/event_mem_reg_bram_18/CLKARDCLK
High Pulse Width  Slow    RAMB36E2/CLKARDCLK  n/a            0.980         2.500       1.520      RAMB36_X13Y8   experiment/event_mem_reg_bram_1/CLKARDCLK
High Pulse Width  Fast    RAMB36E2/CLKARDCLK  n/a            0.980         2.500       1.520      RAMB36_X13Y8   experiment/event_mem_reg_bram_1/CLKARDCLK
High Pulse Width  Slow    RAMB36E2/CLKARDCLK  n/a            0.980         2.500       1.520      RAMB36_X13Y11  experiment/event_mem_reg_bram_10/CLKARDCLK
High Pulse Width  Fast    RAMB36E2/CLKARDCLK  n/a            0.980         2.500       1.520      RAMB36_X13Y11  experiment/event_mem_reg_bram_10/CLKARDCLK
High Pulse Width  Slow    RAMB36E2/CLKARDCLK  n/a            0.980         2.500       1.520      RAMB36_X13Y12  experiment/event_mem_reg_bram_11/CLKARDCLK
High Pulse Width  Fast    RAMB36E2/CLKARDCLK  n/a            0.980         2.500       1.520      RAMB36_X13Y12  experiment/event_mem_reg_bram_11/CLKARDCLK
High Pulse Width  Slow    RAMB36E2/CLKARDCLK  n/a            0.980         2.500       1.520      RAMB36_X13Y13  experiment/event_mem_reg_bram_12/CLKARDCLK
High Pulse Width  Fast    RAMB36E2/CLKARDCLK  n/a            0.980         2.500       1.520      RAMB36_X13Y13  experiment/event_mem_reg_bram_12/CLKARDCLK
High Pulse Width  Slow    RAMB36E2/CLKARDCLK  n/a            0.980         2.500       1.520      RAMB36_X14Y13  experiment/event_mem_reg_bram_13/CLKARDCLK
High Pulse Width  Fast    RAMB36E2/CLKARDCLK  n/a            0.980         2.500       1.520      RAMB36_X14Y13  experiment/event_mem_reg_bram_13/CLKARDCLK
High Pulse Width  Slow    RAMB36E2/CLKARDCLK  n/a            0.980         2.500       1.520      RAMB36_X14Y12  experiment/event_mem_reg_bram_14/CLKARDCLK
High Pulse Width  Fast    RAMB36E2/CLKARDCLK  n/a            0.980         2.500       1.520      RAMB36_X14Y12  experiment/event_mem_reg_bram_14/CLKARDCLK
High Pulse Width  Slow    RAMB36E2/CLKARDCLK  n/a            0.980         2.500       1.520      RAMB36_X14Y11  experiment/event_mem_reg_bram_15/CLKARDCLK
High Pulse Width  Fast    RAMB36E2/CLKARDCLK  n/a            0.980         2.500       1.520      RAMB36_X14Y11  experiment/event_mem_reg_bram_15/CLKARDCLK
High Pulse Width  Slow    RAMB36E2/CLKARDCLK  n/a            0.980         2.500       1.520      RAMB36_X14Y10  experiment/event_mem_reg_bram_16/CLKARDCLK
High Pulse Width  Fast    RAMB36E2/CLKARDCLK  n/a            0.980         2.500       1.520      RAMB36_X14Y10  experiment/event_mem_reg_bram_16/CLKARDCLK
High Pulse Width  Slow    RAMB36E2/CLKARDCLK  n/a            0.980         2.500       1.520      RAMB36_X14Y14  experiment/event_mem_reg_bram_17/CLKARDCLK
High Pulse Width  Fast    RAMB36E2/CLKARDCLK  n/a            0.980         2.500       1.520      RAMB36_X14Y14  experiment/event_mem_reg_bram_17/CLKARDCLK
High Pulse Width  Slow    RAMB36E2/CLKARDCLK  n/a            0.980         2.500       1.520      RAMB36_X14Y15  experiment/event_mem_reg_bram_18/CLKARDCLK
High Pulse Width  Fast    RAMB36E2/CLKARDCLK  n/a            0.980         2.500       1.520      RAMB36_X14Y15  experiment/event_mem_reg_bram_18/CLKARDCLK



---------------------------------------------------------------------------------------------------
From Clock:  clkfb_mmcm
  To Clock:  clkfb_mmcm

Setup :           NA  Failing Endpoints,  Worst Slack           NA  ,  Total Violation           NA
Hold  :           NA  Failing Endpoints,  Worst Slack           NA  ,  Total Violation           NA
PW    :            0  Failing Endpoints,  Worst Slack       18.621ns,  Total Violation        0.000ns
---------------------------------------------------------------------------------------------------


Pulse Width Checks
--------------------------------------------------------------------------------------
Clock Name:         clkfb_mmcm
Waveform(ns):       { 0.000 10.000 }
Period(ns):         20.000
Sources:            { clock_manager/CLKFBOUT }

Check Type  Corner  Lib Pin              Reference Pin  Required(ns)  Actual(ns)  Slack(ns)  Location         Pin
Min Period  n/a     BUFGCE/I             n/a            1.379         20.000      18.621     BUFGCE_X2Y25     feedback_clock_buffer/I
Min Period  n/a     MMCME3_ADV/CLKFBOUT  n/a            1.071         20.000      18.929     MMCME3_ADV_X2Y1  clock_manager/CLKFBOUT
Min Period  n/a     MMCME3_ADV/CLKFBIN   n/a            1.071         20.000      18.929     MMCME3_ADV_X2Y1  clock_manager/CLKFBIN



---------------------------------------------------------------------------------------------------
From Clock:  dbg_hub/inst/BSCANID.u_xsdbm_id/SWITCH_N_EXT_BSCAN.bscan_inst/SERIES7_BSCAN.bscan_inst/TCK
  To Clock:  dbg_hub/inst/BSCANID.u_xsdbm_id/SWITCH_N_EXT_BSCAN.bscan_inst/SERIES7_BSCAN.bscan_inst/TCK

Setup :            0  Failing Endpoints,  Worst Slack       30.480ns,  Total Violation        0.000ns
Hold  :           NA  Failing Endpoints,  Worst Slack           NA  ,  Total Violation           NA
PW    :            0  Failing Endpoints,  Worst Slack       15.832ns,  Total Violation        0.000ns
---------------------------------------------------------------------------------------------------


Max Delay Paths
--------------------------------------------------------------------------------------
Slack (MET) :             30.480ns  (required time - arrival time)
  Source:                 dbg_hub/inst/BSCANID.u_xsdbm_id/SWITCH_N_EXT_BSCAN.bscan_switch/temp_curid_reg[15]/C
                            (rising edge-triggered cell FDRE clocked by dbg_hub/inst/BSCANID.u_xsdbm_id/SWITCH_N_EXT_BSCAN.bscan_inst/SERIES7_BSCAN.bscan_inst/TCK  {rise@0.000ns fall@16.500ns period=33.000ns})
  Destination:            dbg_hub/inst/BSCANID.u_xsdbm_id/SWITCH_N_EXT_BSCAN.bscan_switch/portno_temp_reg[0]/D
                            (rising edge-triggered cell FDRE clocked by dbg_hub/inst/BSCANID.u_xsdbm_id/SWITCH_N_EXT_BSCAN.bscan_inst/SERIES7_BSCAN.bscan_inst/TCK  {rise@0.000ns fall@16.500ns period=33.000ns})
  Path Group:             dbg_hub/inst/BSCANID.u_xsdbm_id/SWITCH_N_EXT_BSCAN.bscan_inst/SERIES7_BSCAN.bscan_inst/TCK
  Path Type:              Setup (Max at Slow Process Corner)
  Requirement:            33.000ns  (dbg_hub/inst/BSCANID.u_xsdbm_id/SWITCH_N_EXT_BSCAN.bscan_inst/SERIES7_BSCAN.bscan_inst/TCK rise@33.000ns - dbg_hub/inst/BSCANID.u_xsdbm_id/SWITCH_N_EXT_BSCAN.bscan_inst/SERIES7_BSCAN.bscan_inst/TCK rise@0.000ns)
  Data Path Delay:        2.459ns  (logic 1.025ns (41.684%)  route 1.434ns (58.316%))
  Logic Levels:           5  (CARRY8=1 LUT3=1 LUT4=1 LUT5=1 LUT6=1)
  Clock Path Skew:        -0.089ns (DCD - SCD + CPR)
    Destination Clock Delay (DCD):    8.110ns = ( 41.110 - 33.000 ) 
    Source Clock Delay      (SCD):    8.760ns
    Clock Pessimism Removal (CPR):    0.561ns
  Clock Uncertainty:      0.035ns  ((TSJ^2 + TIJ^2)^1/2 + DJ) / 2 + PE
    Total System Jitter     (TSJ):    0.071ns
    Total Input Jitter      (TIJ):    0.000ns
    Discrete Jitter          (DJ):    0.000ns
    Phase Error              (PE):    0.000ns
  Clock Net Delay (Source):      3.298ns (routing 2.034ns, distribution 1.264ns)
  Clock Net Delay (Destination): 2.936ns (routing 1.867ns, distribution 1.069ns)

    Location             Delay type                Incr(ns)  Path(ns)    Netlist Resource(s)
  -------------------------------------------------------------------    -------------------
                         (clock dbg_hub/inst/BSCANID.u_xsdbm_id/SWITCH_N_EXT_BSCAN.bscan_inst/SERIES7_BSCAN.bscan_inst/TCK rise edge)
                                                      0.000     0.000 r  
    CONFIG_SITE_X0Y0     BSCANE2                      0.000     0.000 r  dbg_hub/inst/BSCANID.u_xsdbm_id/SWITCH_N_EXT_BSCAN.bscan_inst/SERIES7_BSCAN.bscan_inst/TCK
                         net (fo=1, estimated)        5.379     5.379    dbg_hub/inst/BSCANID.u_xsdbm_id/tck_bs
    BUFGCE_X1Y119        BUFGCE (Prop_BUFCE_BUFGCE_I_O)
                                                      0.083     5.462 r  dbg_hub/inst/BSCANID.u_xsdbm_id/SWITCH_N_EXT_BSCAN.u_bufg_icon_tck/O
    X4Y1 (CLOCK_ROOT)    net (fo=478, estimated)      3.298     8.760    dbg_hub/inst/BSCANID.u_xsdbm_id/SWITCH_N_EXT_BSCAN.bscan_switch/s_bscan_tck
    SLICE_X115Y99        FDRE                                         r  dbg_hub/inst/BSCANID.u_xsdbm_id/SWITCH_N_EXT_BSCAN.bscan_switch/temp_curid_reg[15]/C
  -------------------------------------------------------------------    -------------------
    SLICE_X115Y99        FDRE (Prop_FFF_SLICEM_C_Q)
                                                      0.114     8.874 r  dbg_hub/inst/BSCANID.u_xsdbm_id/SWITCH_N_EXT_BSCAN.bscan_switch/temp_curid_reg[15]/Q
                         net (fo=2, estimated)        0.384     9.258    dbg_hub/inst/BSCANID.u_xsdbm_id/SWITCH_N_EXT_BSCAN.bscan_switch/temp_curid[15]
    SLICE_X115Y99        LUT4 (Prop_D5LUT_SLICEM_I0_O)
                                                      0.210     9.468 r  dbg_hub/inst/BSCANID.u_xsdbm_id/SWITCH_N_EXT_BSCAN.bscan_switch/curid_inferred_i_17/O
                         net (fo=2, estimated)        0.261     9.729    dbg_hub/inst/BSCANID.u_xsdbm_id/SWITCH_N_EXT_BSCAN.bscan_switch/curid[15]
    SLICE_X114Y98        LUT6 (Prop_C6LUT_SLICEL_I3_O)
                                                      0.070     9.799 r  dbg_hub/inst/BSCANID.u_xsdbm_id/SWITCH_N_EXT_BSCAN.bscan_switch/state_temp[0]_i_9/O
                         net (fo=1, routed)           0.000     9.799    dbg_hub/inst/BSCANID.u_xsdbm_id/SWITCH_N_EXT_BSCAN.bscan_switch/state_temp[0]_i_9_n_0
    SLICE_X114Y98        CARRY8 (Prop_CARRY8_SLICEL_S[2]_CO[7])
                                                      0.344    10.143 f  dbg_hub/inst/BSCANID.u_xsdbm_id/SWITCH_N_EXT_BSCAN.bscan_switch/state_temp_reg[0]_i_3/CO[7]
                         net (fo=4, estimated)        0.452    10.595    dbg_hub/inst/BSCANID.u_xsdbm_id/SWITCH_N_EXT_BSCAN.bscan_switch/state_temp_reg[0]_i_3_n_0
    SLICE_X116Y101       LUT5 (Prop_A5LUT_SLICEL_I1_O)
                                                      0.194    10.789 r  dbg_hub/inst/BSCANID.u_xsdbm_id/SWITCH_N_EXT_BSCAN.bscan_switch/portno_temp[5]_i_2/O
                         net (fo=7, estimated)        0.302    11.091    dbg_hub/inst/BSCANID.u_xsdbm_id/SWITCH_N_EXT_BSCAN.bscan_switch/portno_temp[5]_i_2_n_0
    SLICE_X116Y102       LUT3 (Prop_D5LUT_SLICEL_I1_O)
                                                      0.093    11.184 r  dbg_hub/inst/BSCANID.u_xsdbm_id/SWITCH_N_EXT_BSCAN.bscan_switch/portno_temp[0]_i_1/O
                         net (fo=1, routed)           0.035    11.219    dbg_hub/inst/BSCANID.u_xsdbm_id/SWITCH_N_EXT_BSCAN.bscan_switch/portno_temp[0]_i_1_n_0
    SLICE_X116Y102       FDRE                                         r  dbg_hub/inst/BSCANID.u_xsdbm_id/SWITCH_N_EXT_BSCAN.bscan_switch/portno_temp_reg[0]/D
  -------------------------------------------------------------------    -------------------

                         (clock dbg_hub/inst/BSCANID.u_xsdbm_id/SWITCH_N_EXT_BSCAN.bscan_inst/SERIES7_BSCAN.bscan_inst/TCK rise edge)
                                                     33.000    33.000 r  
    CONFIG_SITE_X0Y0     BSCANE2                      0.000    33.000 r  dbg_hub/inst/BSCANID.u_xsdbm_id/SWITCH_N_EXT_BSCAN.bscan_inst/SERIES7_BSCAN.bscan_inst/TCK
                         net (fo=1, estimated)        5.099    38.099    dbg_hub/inst/BSCANID.u_xsdbm_id/tck_bs
    BUFGCE_X1Y119        BUFGCE (Prop_BUFCE_BUFGCE_I_O)
                                                      0.075    38.174 r  dbg_hub/inst/BSCANID.u_xsdbm_id/SWITCH_N_EXT_BSCAN.u_bufg_icon_tck/O
    X4Y1 (CLOCK_ROOT)    net (fo=478, estimated)      2.936    41.110    dbg_hub/inst/BSCANID.u_xsdbm_id/SWITCH_N_EXT_BSCAN.bscan_switch/s_bscan_tck
    SLICE_X116Y102       FDRE                                         r  dbg_hub/inst/BSCANID.u_xsdbm_id/SWITCH_N_EXT_BSCAN.bscan_switch/portno_temp_reg[0]/C
                         clock pessimism              0.561    41.671    
                         clock uncertainty           -0.035    41.636    
    SLICE_X116Y102       FDRE (Setup_DFF2_SLICEL_C_D)
                                                      0.063    41.699    dbg_hub/inst/BSCANID.u_xsdbm_id/SWITCH_N_EXT_BSCAN.bscan_switch/portno_temp_reg[0]
  -------------------------------------------------------------------
                         required time                         41.699    
                         arrival time                         -11.219    
  -------------------------------------------------------------------
                         slack                                 30.480    

Slack (MET) :             30.506ns  (required time - arrival time)
  Source:                 dbg_hub/inst/BSCANID.u_xsdbm_id/SWITCH_N_EXT_BSCAN.bscan_switch/temp_curid_reg[15]/C
                            (rising edge-triggered cell FDRE clocked by dbg_hub/inst/BSCANID.u_xsdbm_id/SWITCH_N_EXT_BSCAN.bscan_inst/SERIES7_BSCAN.bscan_inst/TCK  {rise@0.000ns fall@16.500ns period=33.000ns})
  Destination:            dbg_hub/inst/BSCANID.u_xsdbm_id/SWITCH_N_EXT_BSCAN.bscan_switch/portno_temp_reg[2]/D
                            (rising edge-triggered cell FDRE clocked by dbg_hub/inst/BSCANID.u_xsdbm_id/SWITCH_N_EXT_BSCAN.bscan_inst/SERIES7_BSCAN.bscan_inst/TCK  {rise@0.000ns fall@16.500ns period=33.000ns})
  Path Group:             dbg_hub/inst/BSCANID.u_xsdbm_id/SWITCH_N_EXT_BSCAN.bscan_inst/SERIES7_BSCAN.bscan_inst/TCK
  Path Type:              Setup (Max at Slow Process Corner)
  Requirement:            33.000ns  (dbg_hub/inst/BSCANID.u_xsdbm_id/SWITCH_N_EXT_BSCAN.bscan_inst/SERIES7_BSCAN.bscan_inst/TCK rise@33.000ns - dbg_hub/inst/BSCANID.u_xsdbm_id/SWITCH_N_EXT_BSCAN.bscan_inst/SERIES7_BSCAN.bscan_inst/TCK rise@0.000ns)
  Data Path Delay:        2.429ns  (logic 1.003ns (41.293%)  route 1.426ns (58.707%))
  Logic Levels:           5  (CARRY8=1 LUT3=1 LUT4=1 LUT5=1 LUT6=1)
  Clock Path Skew:        -0.089ns (DCD - SCD + CPR)
    Destination Clock Delay (DCD):    8.110ns = ( 41.110 - 33.000 ) 
    Source Clock Delay      (SCD):    8.760ns
    Clock Pessimism Removal (CPR):    0.561ns
  Clock Uncertainty:      0.035ns  ((TSJ^2 + TIJ^2)^1/2 + DJ) / 2 + PE
    Total System Jitter     (TSJ):    0.071ns
    Total Input Jitter      (TIJ):    0.000ns
    Discrete Jitter          (DJ):    0.000ns
    Phase Error              (PE):    0.000ns
  Clock Net Delay (Source):      3.298ns (routing 2.034ns, distribution 1.264ns)
  Clock Net Delay (Destination): 2.936ns (routing 1.867ns, distribution 1.069ns)

    Location             Delay type                Incr(ns)  Path(ns)    Netlist Resource(s)
  -------------------------------------------------------------------    -------------------
                         (clock dbg_hub/inst/BSCANID.u_xsdbm_id/SWITCH_N_EXT_BSCAN.bscan_inst/SERIES7_BSCAN.bscan_inst/TCK rise edge)
                                                      0.000     0.000 r  
    CONFIG_SITE_X0Y0     BSCANE2                      0.000     0.000 r  dbg_hub/inst/BSCANID.u_xsdbm_id/SWITCH_N_EXT_BSCAN.bscan_inst/SERIES7_BSCAN.bscan_inst/TCK
                         net (fo=1, estimated)        5.379     5.379    dbg_hub/inst/BSCANID.u_xsdbm_id/tck_bs
    BUFGCE_X1Y119        BUFGCE (Prop_BUFCE_BUFGCE_I_O)
                                                      0.083     5.462 r  dbg_hub/inst/BSCANID.u_xsdbm_id/SWITCH_N_EXT_BSCAN.u_bufg_icon_tck/O
    X4Y1 (CLOCK_ROOT)    net (fo=478, estimated)      3.298     8.760    dbg_hub/inst/BSCANID.u_xsdbm_id/SWITCH_N_EXT_BSCAN.bscan_switch/s_bscan_tck
    SLICE_X115Y99        FDRE                                         r  dbg_hub/inst/BSCANID.u_xsdbm_id/SWITCH_N_EXT_BSCAN.bscan_switch/temp_curid_reg[15]/C
  -------------------------------------------------------------------    -------------------
    SLICE_X115Y99        FDRE (Prop_FFF_SLICEM_C_Q)
                                                      0.114     8.874 r  dbg_hub/inst/BSCANID.u_xsdbm_id/SWITCH_N_EXT_BSCAN.bscan_switch/temp_curid_reg[15]/Q
                         net (fo=2, estimated)        0.384     9.258    dbg_hub/inst/BSCANID.u_xsdbm_id/SWITCH_N_EXT_BSCAN.bscan_switch/temp_curid[15]
    SLICE_X115Y99        LUT4 (Prop_D5LUT_SLICEM_I0_O)
                                                      0.210     9.468 r  dbg_hub/inst/BSCANID.u_xsdbm_id/SWITCH_N_EXT_BSCAN.bscan_switch/curid_inferred_i_17/O
                         net (fo=2, estimated)        0.261     9.729    dbg_hub/inst/BSCANID.u_xsdbm_id/SWITCH_N_EXT_BSCAN.bscan_switch/curid[15]
    SLICE_X114Y98        LUT6 (Prop_C6LUT_SLICEL_I3_O)
                                                      0.070     9.799 r  dbg_hub/inst/BSCANID.u_xsdbm_id/SWITCH_N_EXT_BSCAN.bscan_switch/state_temp[0]_i_9/O
                         net (fo=1, routed)           0.000     9.799    dbg_hub/inst/BSCANID.u_xsdbm_id/SWITCH_N_EXT_BSCAN.bscan_switch/state_temp[0]_i_9_n_0
    SLICE_X114Y98        CARRY8 (Prop_CARRY8_SLICEL_S[2]_CO[7])
                                                      0.344    10.143 f  dbg_hub/inst/BSCANID.u_xsdbm_id/SWITCH_N_EXT_BSCAN.bscan_switch/state_temp_reg[0]_i_3/CO[7]
                         net (fo=4, estimated)        0.452    10.595    dbg_hub/inst/BSCANID.u_xsdbm_id/SWITCH_N_EXT_BSCAN.bscan_switch/state_temp_reg[0]_i_3_n_0
    SLICE_X116Y101       LUT5 (Prop_A5LUT_SLICEL_I1_O)
                                                      0.194    10.789 r  dbg_hub/inst/BSCANID.u_xsdbm_id/SWITCH_N_EXT_BSCAN.bscan_switch/portno_temp[5]_i_2/O
                         net (fo=7, estimated)        0.302    11.091    dbg_hub/inst/BSCANID.u_xsdbm_id/SWITCH_N_EXT_BSCAN.bscan_switch/portno_temp[5]_i_2_n_0
    SLICE_X116Y102       LUT3 (Prop_D6LUT_SLICEL_I1_O)
                                                      0.071    11.162 r  dbg_hub/inst/BSCANID.u_xsdbm_id/SWITCH_N_EXT_BSCAN.bscan_switch/portno_temp[2]_i_1/O
                         net (fo=1, routed)           0.027    11.189    dbg_hub/inst/BSCANID.u_xsdbm_id/SWITCH_N_EXT_BSCAN.bscan_switch/portno_temp[2]_i_1_n_0
    SLICE_X116Y102       FDRE                                         r  dbg_hub/inst/BSCANID.u_xsdbm_id/SWITCH_N_EXT_BSCAN.bscan_switch/portno_temp_reg[2]/D
  -------------------------------------------------------------------    -------------------

                         (clock dbg_hub/inst/BSCANID.u_xsdbm_id/SWITCH_N_EXT_BSCAN.bscan_inst/SERIES7_BSCAN.bscan_inst/TCK rise edge)
                                                     33.000    33.000 r  
    CONFIG_SITE_X0Y0     BSCANE2                      0.000    33.000 r  dbg_hub/inst/BSCANID.u_xsdbm_id/SWITCH_N_EXT_BSCAN.bscan_inst/SERIES7_BSCAN.bscan_inst/TCK
                         net (fo=1, estimated)        5.099    38.099    dbg_hub/inst/BSCANID.u_xsdbm_id/tck_bs
    BUFGCE_X1Y119        BUFGCE (Prop_BUFCE_BUFGCE_I_O)
                                                      0.075    38.174 r  dbg_hub/inst/BSCANID.u_xsdbm_id/SWITCH_N_EXT_BSCAN.u_bufg_icon_tck/O
    X4Y1 (CLOCK_ROOT)    net (fo=478, estimated)      2.936    41.110    dbg_hub/inst/BSCANID.u_xsdbm_id/SWITCH_N_EXT_BSCAN.bscan_switch/s_bscan_tck
    SLICE_X116Y102       FDRE                                         r  dbg_hub/inst/BSCANID.u_xsdbm_id/SWITCH_N_EXT_BSCAN.bscan_switch/portno_temp_reg[2]/C
                         clock pessimism              0.561    41.671    
                         clock uncertainty           -0.035    41.636    
    SLICE_X116Y102       FDRE (Setup_DFF_SLICEL_C_D)
                                                      0.059    41.695    dbg_hub/inst/BSCANID.u_xsdbm_id/SWITCH_N_EXT_BSCAN.bscan_switch/portno_temp_reg[2]
  -------------------------------------------------------------------
                         required time                         41.695    
                         arrival time                         -11.189    
  -------------------------------------------------------------------
                         slack                                 30.506    

Slack (MET) :             30.536ns  (required time - arrival time)
  Source:                 dbg_hub/inst/BSCANID.u_xsdbm_id/SWITCH_N_EXT_BSCAN.bscan_switch/temp_curid_reg[15]/C
                            (rising edge-triggered cell FDRE clocked by dbg_hub/inst/BSCANID.u_xsdbm_id/SWITCH_N_EXT_BSCAN.bscan_inst/SERIES7_BSCAN.bscan_inst/TCK  {rise@0.000ns fall@16.500ns period=33.000ns})
  Destination:            dbg_hub/inst/BSCANID.u_xsdbm_id/SWITCH_N_EXT_BSCAN.bscan_switch/portno_temp_reg[5]/D
                            (rising edge-triggered cell FDRE clocked by dbg_hub/inst/BSCANID.u_xsdbm_id/SWITCH_N_EXT_BSCAN.bscan_inst/SERIES7_BSCAN.bscan_inst/TCK  {rise@0.000ns fall@16.500ns period=33.000ns})
  Path Group:             dbg_hub/inst/BSCANID.u_xsdbm_id/SWITCH_N_EXT_BSCAN.bscan_inst/SERIES7_BSCAN.bscan_inst/TCK
  Path Type:              Setup (Max at Slow Process Corner)
  Requirement:            33.000ns  (dbg_hub/inst/BSCANID.u_xsdbm_id/SWITCH_N_EXT_BSCAN.bscan_inst/SERIES7_BSCAN.bscan_inst/TCK rise@33.000ns - dbg_hub/inst/BSCANID.u_xsdbm_id/SWITCH_N_EXT_BSCAN.bscan_inst/SERIES7_BSCAN.bscan_inst/TCK rise@0.000ns)
  Data Path Delay:        2.398ns  (logic 0.973ns (40.575%)  route 1.425ns (59.424%))
  Logic Levels:           5  (CARRY8=1 LUT3=1 LUT4=1 LUT5=1 LUT6=1)
  Clock Path Skew:        -0.089ns (DCD - SCD + CPR)
    Destination Clock Delay (DCD):    8.110ns = ( 41.110 - 33.000 ) 
    Source Clock Delay      (SCD):    8.760ns
    Clock Pessimism Removal (CPR):    0.561ns
  Clock Uncertainty:      0.035ns  ((TSJ^2 + TIJ^2)^1/2 + DJ) / 2 + PE
    Total System Jitter     (TSJ):    0.071ns
    Total Input Jitter      (TIJ):    0.000ns
    Discrete Jitter          (DJ):    0.000ns
    Phase Error              (PE):    0.000ns
  Clock Net Delay (Source):      3.298ns (routing 2.034ns, distribution 1.264ns)
  Clock Net Delay (Destination): 2.936ns (routing 1.867ns, distribution 1.069ns)

    Location             Delay type                Incr(ns)  Path(ns)    Netlist Resource(s)
  -------------------------------------------------------------------    -------------------
                         (clock dbg_hub/inst/BSCANID.u_xsdbm_id/SWITCH_N_EXT_BSCAN.bscan_inst/SERIES7_BSCAN.bscan_inst/TCK rise edge)
                                                      0.000     0.000 r  
    CONFIG_SITE_X0Y0     BSCANE2                      0.000     0.000 r  dbg_hub/inst/BSCANID.u_xsdbm_id/SWITCH_N_EXT_BSCAN.bscan_inst/SERIES7_BSCAN.bscan_inst/TCK
                         net (fo=1, estimated)        5.379     5.379    dbg_hub/inst/BSCANID.u_xsdbm_id/tck_bs
    BUFGCE_X1Y119        BUFGCE (Prop_BUFCE_BUFGCE_I_O)
                                                      0.083     5.462 r  dbg_hub/inst/BSCANID.u_xsdbm_id/SWITCH_N_EXT_BSCAN.u_bufg_icon_tck/O
    X4Y1 (CLOCK_ROOT)    net (fo=478, estimated)      3.298     8.760    dbg_hub/inst/BSCANID.u_xsdbm_id/SWITCH_N_EXT_BSCAN.bscan_switch/s_bscan_tck
    SLICE_X115Y99        FDRE                                         r  dbg_hub/inst/BSCANID.u_xsdbm_id/SWITCH_N_EXT_BSCAN.bscan_switch/temp_curid_reg[15]/C
  -------------------------------------------------------------------    -------------------
    SLICE_X115Y99        FDRE (Prop_FFF_SLICEM_C_Q)
                                                      0.114     8.874 r  dbg_hub/inst/BSCANID.u_xsdbm_id/SWITCH_N_EXT_BSCAN.bscan_switch/temp_curid_reg[15]/Q
                         net (fo=2, estimated)        0.384     9.258    dbg_hub/inst/BSCANID.u_xsdbm_id/SWITCH_N_EXT_BSCAN.bscan_switch/temp_curid[15]
    SLICE_X115Y99        LUT4 (Prop_D5LUT_SLICEM_I0_O)
                                                      0.210     9.468 r  dbg_hub/inst/BSCANID.u_xsdbm_id/SWITCH_N_EXT_BSCAN.bscan_switch/curid_inferred_i_17/O
                         net (fo=2, estimated)        0.261     9.729    dbg_hub/inst/BSCANID.u_xsdbm_id/SWITCH_N_EXT_BSCAN.bscan_switch/curid[15]
    SLICE_X114Y98        LUT6 (Prop_C6LUT_SLICEL_I3_O)
                                                      0.070     9.799 r  dbg_hub/inst/BSCANID.u_xsdbm_id/SWITCH_N_EXT_BSCAN.bscan_switch/state_temp[0]_i_9/O
                         net (fo=1, routed)           0.000     9.799    dbg_hub/inst/BSCANID.u_xsdbm_id/SWITCH_N_EXT_BSCAN.bscan_switch/state_temp[0]_i_9_n_0
    SLICE_X114Y98        CARRY8 (Prop_CARRY8_SLICEL_S[2]_CO[7])
                                                      0.344    10.143 f  dbg_hub/inst/BSCANID.u_xsdbm_id/SWITCH_N_EXT_BSCAN.bscan_switch/state_temp_reg[0]_i_3/CO[7]
                         net (fo=4, estimated)        0.452    10.595    dbg_hub/inst/BSCANID.u_xsdbm_id/SWITCH_N_EXT_BSCAN.bscan_switch/state_temp_reg[0]_i_3_n_0
    SLICE_X116Y101       LUT5 (Prop_A5LUT_SLICEL_I1_O)
                                                      0.194    10.789 r  dbg_hub/inst/BSCANID.u_xsdbm_id/SWITCH_N_EXT_BSCAN.bscan_switch/portno_temp[5]_i_2/O
                         net (fo=7, estimated)        0.302    11.091    dbg_hub/inst/BSCANID.u_xsdbm_id/SWITCH_N_EXT_BSCAN.bscan_switch/portno_temp[5]_i_2_n_0
    SLICE_X116Y102       LUT3 (Prop_B6LUT_SLICEL_I1_O)
                                                      0.041    11.132 r  dbg_hub/inst/BSCANID.u_xsdbm_id/SWITCH_N_EXT_BSCAN.bscan_switch/portno_temp[5]_i_1/O
                         net (fo=1, routed)           0.026    11.158    dbg_hub/inst/BSCANID.u_xsdbm_id/SWITCH_N_EXT_BSCAN.bscan_switch/portno_temp[5]_i_1_n_0
    SLICE_X116Y102       FDRE                                         r  dbg_hub/inst/BSCANID.u_xsdbm_id/SWITCH_N_EXT_BSCAN.bscan_switch/portno_temp_reg[5]/D
  -------------------------------------------------------------------    -------------------

                         (clock dbg_hub/inst/BSCANID.u_xsdbm_id/SWITCH_N_EXT_BSCAN.bscan_inst/SERIES7_BSCAN.bscan_inst/TCK rise edge)
                                                     33.000    33.000 r  
    CONFIG_SITE_X0Y0     BSCANE2                      0.000    33.000 r  dbg_hub/inst/BSCANID.u_xsdbm_id/SWITCH_N_EXT_BSCAN.bscan_inst/SERIES7_BSCAN.bscan_inst/TCK
                         net (fo=1, estimated)        5.099    38.099    dbg_hub/inst/BSCANID.u_xsdbm_id/tck_bs
    BUFGCE_X1Y119        BUFGCE (Prop_BUFCE_BUFGCE_I_O)
                                                      0.075    38.174 r  dbg_hub/inst/BSCANID.u_xsdbm_id/SWITCH_N_EXT_BSCAN.u_bufg_icon_tck/O
    X4Y1 (CLOCK_ROOT)    net (fo=478, estimated)      2.936    41.110    dbg_hub/inst/BSCANID.u_xsdbm_id/SWITCH_N_EXT_BSCAN.bscan_switch/s_bscan_tck
    SLICE_X116Y102       FDRE                                         r  dbg_hub/inst/BSCANID.u_xsdbm_id/SWITCH_N_EXT_BSCAN.bscan_switch/portno_temp_reg[5]/C
                         clock pessimism              0.561    41.671    
                         clock uncertainty           -0.035    41.636    
    SLICE_X116Y102       FDRE (Setup_BFF_SLICEL_C_D)
                                                      0.058    41.694    dbg_hub/inst/BSCANID.u_xsdbm_id/SWITCH_N_EXT_BSCAN.bscan_switch/portno_temp_reg[5]
  -------------------------------------------------------------------
                         required time                         41.694    
                         arrival time                         -11.158    
  -------------------------------------------------------------------
                         slack                                 30.536    

Slack (MET) :             30.536ns  (required time - arrival time)
  Source:                 dbg_hub/inst/BSCANID.u_xsdbm_id/SWITCH_N_EXT_BSCAN.bscan_switch/temp_curid_reg[15]/C
                            (rising edge-triggered cell FDRE clocked by dbg_hub/inst/BSCANID.u_xsdbm_id/SWITCH_N_EXT_BSCAN.bscan_inst/SERIES7_BSCAN.bscan_inst/TCK  {rise@0.000ns fall@16.500ns period=33.000ns})
  Destination:            dbg_hub/inst/BSCANID.u_xsdbm_id/SWITCH_N_EXT_BSCAN.bscan_switch/state_temp_reg[2]/D
                            (rising edge-triggered cell FDRE clocked by dbg_hub/inst/BSCANID.u_xsdbm_id/SWITCH_N_EXT_BSCAN.bscan_inst/SERIES7_BSCAN.bscan_inst/TCK  {rise@0.000ns fall@16.500ns period=33.000ns})
  Path Group:             dbg_hub/inst/BSCANID.u_xsdbm_id/SWITCH_N_EXT_BSCAN.bscan_inst/SERIES7_BSCAN.bscan_inst/TCK
  Path Type:              Setup (Max at Slow Process Corner)
  Requirement:            33.000ns  (dbg_hub/inst/BSCANID.u_xsdbm_id/SWITCH_N_EXT_BSCAN.bscan_inst/SERIES7_BSCAN.bscan_inst/TCK rise@33.000ns - dbg_hub/inst/BSCANID.u_xsdbm_id/SWITCH_N_EXT_BSCAN.bscan_inst/SERIES7_BSCAN.bscan_inst/TCK rise@0.000ns)
  Data Path Delay:        2.398ns  (logic 0.973ns (40.575%)  route 1.425ns (59.424%))
  Logic Levels:           5  (CARRY8=1 LUT4=1 LUT5=1 LUT6=2)
  Clock Path Skew:        -0.089ns (DCD - SCD + CPR)
    Destination Clock Delay (DCD):    8.110ns = ( 41.110 - 33.000 ) 
    Source Clock Delay      (SCD):    8.760ns
    Clock Pessimism Removal (CPR):    0.561ns
  Clock Uncertainty:      0.035ns  ((TSJ^2 + TIJ^2)^1/2 + DJ) / 2 + PE
    Total System Jitter     (TSJ):    0.071ns
    Total Input Jitter      (TIJ):    0.000ns
    Discrete Jitter          (DJ):    0.000ns
    Phase Error              (PE):    0.000ns
  Clock Net Delay (Source):      3.298ns (routing 2.034ns, distribution 1.264ns)
  Clock Net Delay (Destination): 2.936ns (routing 1.867ns, distribution 1.069ns)

    Location             Delay type                Incr(ns)  Path(ns)    Netlist Resource(s)
  -------------------------------------------------------------------    -------------------
                         (clock dbg_hub/inst/BSCANID.u_xsdbm_id/SWITCH_N_EXT_BSCAN.bscan_inst/SERIES7_BSCAN.bscan_inst/TCK rise edge)
                                                      0.000     0.000 r  
    CONFIG_SITE_X0Y0     BSCANE2                      0.000     0.000 r  dbg_hub/inst/BSCANID.u_xsdbm_id/SWITCH_N_EXT_BSCAN.bscan_inst/SERIES7_BSCAN.bscan_inst/TCK
                         net (fo=1, estimated)        5.379     5.379    dbg_hub/inst/BSCANID.u_xsdbm_id/tck_bs
    BUFGCE_X1Y119        BUFGCE (Prop_BUFCE_BUFGCE_I_O)
                                                      0.083     5.462 r  dbg_hub/inst/BSCANID.u_xsdbm_id/SWITCH_N_EXT_BSCAN.u_bufg_icon_tck/O
    X4Y1 (CLOCK_ROOT)    net (fo=478, estimated)      3.298     8.760    dbg_hub/inst/BSCANID.u_xsdbm_id/SWITCH_N_EXT_BSCAN.bscan_switch/s_bscan_tck
    SLICE_X115Y99        FDRE                                         r  dbg_hub/inst/BSCANID.u_xsdbm_id/SWITCH_N_EXT_BSCAN.bscan_switch/temp_curid_reg[15]/C
  -------------------------------------------------------------------    -------------------
    SLICE_X115Y99        FDRE (Prop_FFF_SLICEM_C_Q)
                                                      0.114     8.874 r  dbg_hub/inst/BSCANID.u_xsdbm_id/SWITCH_N_EXT_BSCAN.bscan_switch/temp_curid_reg[15]/Q
                         net (fo=2, estimated)        0.384     9.258    dbg_hub/inst/BSCANID.u_xsdbm_id/SWITCH_N_EXT_BSCAN.bscan_switch/temp_curid[15]
    SLICE_X115Y99        LUT4 (Prop_D5LUT_SLICEM_I0_O)
                                                      0.210     9.468 r  dbg_hub/inst/BSCANID.u_xsdbm_id/SWITCH_N_EXT_BSCAN.bscan_switch/curid_inferred_i_17/O
                         net (fo=2, estimated)        0.261     9.729    dbg_hub/inst/BSCANID.u_xsdbm_id/SWITCH_N_EXT_BSCAN.bscan_switch/curid[15]
    SLICE_X114Y98        LUT6 (Prop_C6LUT_SLICEL_I3_O)
                                                      0.070     9.799 r  dbg_hub/inst/BSCANID.u_xsdbm_id/SWITCH_N_EXT_BSCAN.bscan_switch/state_temp[0]_i_9/O
                         net (fo=1, routed)           0.000     9.799    dbg_hub/inst/BSCANID.u_xsdbm_id/SWITCH_N_EXT_BSCAN.bscan_switch/state_temp[0]_i_9_n_0
    SLICE_X114Y98        CARRY8 (Prop_CARRY8_SLICEL_S[2]_CO[7])
                                                      0.344    10.143 f  dbg_hub/inst/BSCANID.u_xsdbm_id/SWITCH_N_EXT_BSCAN.bscan_switch/state_temp_reg[0]_i_3/CO[7]
                         net (fo=4, estimated)        0.452    10.595    dbg_hub/inst/BSCANID.u_xsdbm_id/SWITCH_N_EXT_BSCAN.bscan_switch/state_temp_reg[0]_i_3_n_0
    SLICE_X116Y101       LUT5 (Prop_A5LUT_SLICEL_I1_O)
                                                      0.194    10.789 r  dbg_hub/inst/BSCANID.u_xsdbm_id/SWITCH_N_EXT_BSCAN.bscan_switch/portno_temp[5]_i_2/O
                         net (fo=7, estimated)        0.302    11.091    dbg_hub/inst/BSCANID.u_xsdbm_id/SWITCH_N_EXT_BSCAN.bscan_switch/portno_temp[5]_i_2_n_0
    SLICE_X116Y101       LUT6 (Prop_B6LUT_SLICEL_I2_O)
                                                      0.041    11.132 r  dbg_hub/inst/BSCANID.u_xsdbm_id/SWITCH_N_EXT_BSCAN.bscan_switch/state_temp[2]_i_1/O
                         net (fo=1, routed)           0.026    11.158    dbg_hub/inst/BSCANID.u_xsdbm_id/SWITCH_N_EXT_BSCAN.bscan_switch/state_temp[2]_i_1_n_0
    SLICE_X116Y101       FDRE                                         r  dbg_hub/inst/BSCANID.u_xsdbm_id/SWITCH_N_EXT_BSCAN.bscan_switch/state_temp_reg[2]/D
  -------------------------------------------------------------------    -------------------

                         (clock dbg_hub/inst/BSCANID.u_xsdbm_id/SWITCH_N_EXT_BSCAN.bscan_inst/SERIES7_BSCAN.bscan_inst/TCK rise edge)
                                                     33.000    33.000 r  
    CONFIG_SITE_X0Y0     BSCANE2                      0.000    33.000 r  dbg_hub/inst/BSCANID.u_xsdbm_id/SWITCH_N_EXT_BSCAN.bscan_inst/SERIES7_BSCAN.bscan_inst/TCK
                         net (fo=1, estimated)        5.099    38.099    dbg_hub/inst/BSCANID.u_xsdbm_id/tck_bs
    BUFGCE_X1Y119        BUFGCE (Prop_BUFCE_BUFGCE_I_O)
                                                      0.075    38.174 r  dbg_hub/inst/BSCANID.u_xsdbm_id/SWITCH_N_EXT_BSCAN.u_bufg_icon_tck/O
    X4Y1 (CLOCK_ROOT)    net (fo=478, estimated)      2.936    41.110    dbg_hub/inst/BSCANID.u_xsdbm_id/SWITCH_N_EXT_BSCAN.bscan_switch/s_bscan_tck
    SLICE_X116Y101       FDRE                                         r  dbg_hub/inst/BSCANID.u_xsdbm_id/SWITCH_N_EXT_BSCAN.bscan_switch/state_temp_reg[2]/C
                         clock pessimism              0.561    41.671    
                         clock uncertainty           -0.035    41.636    
    SLICE_X116Y101       FDRE (Setup_BFF_SLICEL_C_D)
                                                      0.058    41.694    dbg_hub/inst/BSCANID.u_xsdbm_id/SWITCH_N_EXT_BSCAN.bscan_switch/state_temp_reg[2]
  -------------------------------------------------------------------
                         required time                         41.694    
                         arrival time                         -11.158    
  -------------------------------------------------------------------
                         slack                                 30.536    

Slack (MET) :             30.536ns  (required time - arrival time)
  Source:                 dbg_hub/inst/BSCANID.u_xsdbm_id/SWITCH_N_EXT_BSCAN.bscan_switch/portno_reg[3]/C
                            (rising edge-triggered cell FDRE clocked by dbg_hub/inst/BSCANID.u_xsdbm_id/SWITCH_N_EXT_BSCAN.bscan_inst/SERIES7_BSCAN.bscan_inst/TCK  {rise@0.000ns fall@16.500ns period=33.000ns})
  Destination:            dbg_hub/inst/BSCANID.u_xsdbm_id/CORE_XSDB.U_ICON/U_STAT/iSTAT_CNT_reg[0]/R
                            (rising edge-triggered cell FDRE clocked by dbg_hub/inst/BSCANID.u_xsdbm_id/SWITCH_N_EXT_BSCAN.bscan_inst/SERIES7_BSCAN.bscan_inst/TCK  {rise@0.000ns fall@16.500ns period=33.000ns})
  Path Group:             dbg_hub/inst/BSCANID.u_xsdbm_id/SWITCH_N_EXT_BSCAN.bscan_inst/SERIES7_BSCAN.bscan_inst/TCK
  Path Type:              Setup (Max at Slow Process Corner)
  Requirement:            33.000ns  (dbg_hub/inst/BSCANID.u_xsdbm_id/SWITCH_N_EXT_BSCAN.bscan_inst/SERIES7_BSCAN.bscan_inst/TCK rise@33.000ns - dbg_hub/inst/BSCANID.u_xsdbm_id/SWITCH_N_EXT_BSCAN.bscan_inst/SERIES7_BSCAN.bscan_inst/TCK rise@0.000ns)
  Data Path Delay:        2.209ns  (logic 0.487ns (22.046%)  route 1.722ns (77.954%))
  Logic Levels:           4  (LUT4=1 LUT5=2 LUT6=1)
  Clock Path Skew:        -0.137ns (DCD - SCD + CPR)
    Destination Clock Delay (DCD):    8.115ns = ( 41.115 - 33.000 ) 
    Source Clock Delay      (SCD):    8.759ns
    Clock Pessimism Removal (CPR):    0.507ns
  Clock Uncertainty:      0.035ns  ((TSJ^2 + TIJ^2)^1/2 + DJ) / 2 + PE
    Total System Jitter     (TSJ):    0.071ns
    Total Input Jitter      (TIJ):    0.000ns
    Discrete Jitter          (DJ):    0.000ns
    Phase Error              (PE):    0.000ns
  Clock Net Delay (Source):      3.297ns (routing 2.034ns, distribution 1.263ns)
  Clock Net Delay (Destination): 2.941ns (routing 1.867ns, distribution 1.074ns)

    Location             Delay type                Incr(ns)  Path(ns)    Netlist Resource(s)
  -------------------------------------------------------------------    -------------------
                         (clock dbg_hub/inst/BSCANID.u_xsdbm_id/SWITCH_N_EXT_BSCAN.bscan_inst/SERIES7_BSCAN.bscan_inst/TCK rise edge)
                                                      0.000     0.000 r  
    CONFIG_SITE_X0Y0     BSCANE2                      0.000     0.000 r  dbg_hub/inst/BSCANID.u_xsdbm_id/SWITCH_N_EXT_BSCAN.bscan_inst/SERIES7_BSCAN.bscan_inst/TCK
                         net (fo=1, estimated)        5.379     5.379    dbg_hub/inst/BSCANID.u_xsdbm_id/tck_bs
    BUFGCE_X1Y119        BUFGCE (Prop_BUFCE_BUFGCE_I_O)
                                                      0.083     5.462 r  dbg_hub/inst/BSCANID.u_xsdbm_id/SWITCH_N_EXT_BSCAN.u_bufg_icon_tck/O
    X4Y1 (CLOCK_ROOT)    net (fo=478, estimated)      3.297     8.759    dbg_hub/inst/BSCANID.u_xsdbm_id/SWITCH_N_EXT_BSCAN.bscan_switch/s_bscan_tck
    SLICE_X116Y102       FDRE                                         r  dbg_hub/inst/BSCANID.u_xsdbm_id/SWITCH_N_EXT_BSCAN.bscan_switch/portno_reg[3]/C
  -------------------------------------------------------------------    -------------------
    SLICE_X116Y102       FDRE (Prop_FFF_SLICEL_C_Q)
                                                      0.114     8.873 r  dbg_hub/inst/BSCANID.u_xsdbm_id/SWITCH_N_EXT_BSCAN.bscan_switch/portno_reg[3]/Q
                         net (fo=1, estimated)        0.213     9.086    dbg_hub/inst/BSCANID.u_xsdbm_id/SWITCH_N_EXT_BSCAN.bscan_switch/portno[3]
    SLICE_X116Y102       LUT6 (Prop_H6LUT_SLICEL_I0_O)
                                                      0.188     9.274 r  dbg_hub/inst/BSCANID.u_xsdbm_id/SWITCH_N_EXT_BSCAN.bscan_switch/m_bscan_drck[0]_INST_0_i_1/O
                         net (fo=5, estimated)        0.384     9.658    dbg_hub/inst/BSCANID.u_xsdbm_id/SWITCH_N_EXT_BSCAN.bscan_switch/m_bscan_drck[0]_INST_0_i_1_n_0
    SLICE_X115Y102       LUT5 (Prop_F6LUT_SLICEM_I3_O)
                                                      0.043     9.701 f  dbg_hub/inst/BSCANID.u_xsdbm_id/SWITCH_N_EXT_BSCAN.bscan_switch/m_bscan_shift[0]_INST_0/O
                         net (fo=4, estimated)        0.437    10.138    dbg_hub/inst/BSCANID.u_xsdbm_id/CORE_XSDB.U_ICON/U_CMD/icn_cmd_en_reg[7]
    SLICE_X114Y109       LUT4 (Prop_D6LUT_SLICEL_I1_O)
                                                      0.071    10.209 f  dbg_hub/inst/BSCANID.u_xsdbm_id/CORE_XSDB.U_ICON/U_CMD/iSTAT_CNT[5]_i_4/O
                         net (fo=1, estimated)        0.228    10.437    dbg_hub/inst/BSCANID.u_xsdbm_id/CORE_XSDB.U_ICON/U_CMD/iSTAT_CNT[5]_i_4_n_0
    SLICE_X114Y110       LUT5 (Prop_D6LUT_SLICEL_I4_O)
                                                      0.071    10.508 r  dbg_hub/inst/BSCANID.u_xsdbm_id/CORE_XSDB.U_ICON/U_CMD/iSTAT_CNT[5]_i_1/O
                         net (fo=6, estimated)        0.460    10.968    dbg_hub/inst/BSCANID.u_xsdbm_id/CORE_XSDB.U_ICON/U_STAT/SR[0]
    SLICE_X114Y111       FDRE                                         r  dbg_hub/inst/BSCANID.u_xsdbm_id/CORE_XSDB.U_ICON/U_STAT/iSTAT_CNT_reg[0]/R
  -------------------------------------------------------------------    -------------------

                         (clock dbg_hub/inst/BSCANID.u_xsdbm_id/SWITCH_N_EXT_BSCAN.bscan_inst/SERIES7_BSCAN.bscan_inst/TCK rise edge)
                                                     33.000    33.000 r  
    CONFIG_SITE_X0Y0     BSCANE2                      0.000    33.000 r  dbg_hub/inst/BSCANID.u_xsdbm_id/SWITCH_N_EXT_BSCAN.bscan_inst/SERIES7_BSCAN.bscan_inst/TCK
                         net (fo=1, estimated)        5.099    38.099    dbg_hub/inst/BSCANID.u_xsdbm_id/tck_bs
    BUFGCE_X1Y119        BUFGCE (Prop_BUFCE_BUFGCE_I_O)
                                                      0.075    38.174 r  dbg_hub/inst/BSCANID.u_xsdbm_id/SWITCH_N_EXT_BSCAN.u_bufg_icon_tck/O
    X4Y1 (CLOCK_ROOT)    net (fo=478, estimated)      2.941    41.115    dbg_hub/inst/BSCANID.u_xsdbm_id/CORE_XSDB.U_ICON/U_STAT/m_bscan_tck[0]
    SLICE_X114Y111       FDRE                                         r  dbg_hub/inst/BSCANID.u_xsdbm_id/CORE_XSDB.U_ICON/U_STAT/iSTAT_CNT_reg[0]/C
                         clock pessimism              0.507    41.622    
                         clock uncertainty           -0.035    41.587    
    SLICE_X114Y111       FDRE (Setup_FFF2_SLICEL_C_R)
                                                     -0.083    41.504    dbg_hub/inst/BSCANID.u_xsdbm_id/CORE_XSDB.U_ICON/U_STAT/iSTAT_CNT_reg[0]
  -------------------------------------------------------------------
                         required time                         41.504    
                         arrival time                         -10.968    
  -------------------------------------------------------------------
                         slack                                 30.536    

Slack (MET) :             30.536ns  (required time - arrival time)
  Source:                 dbg_hub/inst/BSCANID.u_xsdbm_id/SWITCH_N_EXT_BSCAN.bscan_switch/portno_reg[3]/C
                            (rising edge-triggered cell FDRE clocked by dbg_hub/inst/BSCANID.u_xsdbm_id/SWITCH_N_EXT_BSCAN.bscan_inst/SERIES7_BSCAN.bscan_inst/TCK  {rise@0.000ns fall@16.500ns period=33.000ns})
  Destination:            dbg_hub/inst/BSCANID.u_xsdbm_id/CORE_XSDB.U_ICON/U_STAT/iSTAT_CNT_reg[1]/R
                            (rising edge-triggered cell FDRE clocked by dbg_hub/inst/BSCANID.u_xsdbm_id/SWITCH_N_EXT_BSCAN.bscan_inst/SERIES7_BSCAN.bscan_inst/TCK  {rise@0.000ns fall@16.500ns period=33.000ns})
  Path Group:             dbg_hub/inst/BSCANID.u_xsdbm_id/SWITCH_N_EXT_BSCAN.bscan_inst/SERIES7_BSCAN.bscan_inst/TCK
  Path Type:              Setup (Max at Slow Process Corner)
  Requirement:            33.000ns  (dbg_hub/inst/BSCANID.u_xsdbm_id/SWITCH_N_EXT_BSCAN.bscan_inst/SERIES7_BSCAN.bscan_inst/TCK rise@33.000ns - dbg_hub/inst/BSCANID.u_xsdbm_id/SWITCH_N_EXT_BSCAN.bscan_inst/SERIES7_BSCAN.bscan_inst/TCK rise@0.000ns)
  Data Path Delay:        2.209ns  (logic 0.487ns (22.046%)  route 1.722ns (77.954%))
  Logic Levels:           4  (LUT4=1 LUT5=2 LUT6=1)
  Clock Path Skew:        -0.137ns (DCD - SCD + CPR)
    Destination Clock Delay (DCD):    8.115ns = ( 41.115 - 33.000 ) 
    Source Clock Delay      (SCD):    8.759ns
    Clock Pessimism Removal (CPR):    0.507ns
  Clock Uncertainty:      0.035ns  ((TSJ^2 + TIJ^2)^1/2 + DJ) / 2 + PE
    Total System Jitter     (TSJ):    0.071ns
    Total Input Jitter      (TIJ):    0.000ns
    Discrete Jitter          (DJ):    0.000ns
    Phase Error              (PE):    0.000ns
  Clock Net Delay (Source):      3.297ns (routing 2.034ns, distribution 1.263ns)
  Clock Net Delay (Destination): 2.941ns (routing 1.867ns, distribution 1.074ns)

    Location             Delay type                Incr(ns)  Path(ns)    Netlist Resource(s)
  -------------------------------------------------------------------    -------------------
                         (clock dbg_hub/inst/BSCANID.u_xsdbm_id/SWITCH_N_EXT_BSCAN.bscan_inst/SERIES7_BSCAN.bscan_inst/TCK rise edge)
                                                      0.000     0.000 r  
    CONFIG_SITE_X0Y0     BSCANE2                      0.000     0.000 r  dbg_hub/inst/BSCANID.u_xsdbm_id/SWITCH_N_EXT_BSCAN.bscan_inst/SERIES7_BSCAN.bscan_inst/TCK
                         net (fo=1, estimated)        5.379     5.379    dbg_hub/inst/BSCANID.u_xsdbm_id/tck_bs
    BUFGCE_X1Y119        BUFGCE (Prop_BUFCE_BUFGCE_I_O)
                                                      0.083     5.462 r  dbg_hub/inst/BSCANID.u_xsdbm_id/SWITCH_N_EXT_BSCAN.u_bufg_icon_tck/O
    X4Y1 (CLOCK_ROOT)    net (fo=478, estimated)      3.297     8.759    dbg_hub/inst/BSCANID.u_xsdbm_id/SWITCH_N_EXT_BSCAN.bscan_switch/s_bscan_tck
    SLICE_X116Y102       FDRE                                         r  dbg_hub/inst/BSCANID.u_xsdbm_id/SWITCH_N_EXT_BSCAN.bscan_switch/portno_reg[3]/C
  -------------------------------------------------------------------    -------------------
    SLICE_X116Y102       FDRE (Prop_FFF_SLICEL_C_Q)
                                                      0.114     8.873 r  dbg_hub/inst/BSCANID.u_xsdbm_id/SWITCH_N_EXT_BSCAN.bscan_switch/portno_reg[3]/Q
                         net (fo=1, estimated)        0.213     9.086    dbg_hub/inst/BSCANID.u_xsdbm_id/SWITCH_N_EXT_BSCAN.bscan_switch/portno[3]
    SLICE_X116Y102       LUT6 (Prop_H6LUT_SLICEL_I0_O)
                                                      0.188     9.274 r  dbg_hub/inst/BSCANID.u_xsdbm_id/SWITCH_N_EXT_BSCAN.bscan_switch/m_bscan_drck[0]_INST_0_i_1/O
                         net (fo=5, estimated)        0.384     9.658    dbg_hub/inst/BSCANID.u_xsdbm_id/SWITCH_N_EXT_BSCAN.bscan_switch/m_bscan_drck[0]_INST_0_i_1_n_0
    SLICE_X115Y102       LUT5 (Prop_F6LUT_SLICEM_I3_O)
                                                      0.043     9.701 f  dbg_hub/inst/BSCANID.u_xsdbm_id/SWITCH_N_EXT_BSCAN.bscan_switch/m_bscan_shift[0]_INST_0/O
                         net (fo=4, estimated)        0.437    10.138    dbg_hub/inst/BSCANID.u_xsdbm_id/CORE_XSDB.U_ICON/U_CMD/icn_cmd_en_reg[7]
    SLICE_X114Y109       LUT4 (Prop_D6LUT_SLICEL_I1_O)
                                                      0.071    10.209 f  dbg_hub/inst/BSCANID.u_xsdbm_id/CORE_XSDB.U_ICON/U_CMD/iSTAT_CNT[5]_i_4/O
                         net (fo=1, estimated)        0.228    10.437    dbg_hub/inst/BSCANID.u_xsdbm_id/CORE_XSDB.U_ICON/U_CMD/iSTAT_CNT[5]_i_4_n_0
    SLICE_X114Y110       LUT5 (Prop_D6LUT_SLICEL_I4_O)
                                                      0.071    10.508 r  dbg_hub/inst/BSCANID.u_xsdbm_id/CORE_XSDB.U_ICON/U_CMD/iSTAT_CNT[5]_i_1/O
                         net (fo=6, estimated)        0.460    10.968    dbg_hub/inst/BSCANID.u_xsdbm_id/CORE_XSDB.U_ICON/U_STAT/SR[0]
    SLICE_X114Y111       FDRE                                         r  dbg_hub/inst/BSCANID.u_xsdbm_id/CORE_XSDB.U_ICON/U_STAT/iSTAT_CNT_reg[1]/R
  -------------------------------------------------------------------    -------------------

                         (clock dbg_hub/inst/BSCANID.u_xsdbm_id/SWITCH_N_EXT_BSCAN.bscan_inst/SERIES7_BSCAN.bscan_inst/TCK rise edge)
                                                     33.000    33.000 r  
    CONFIG_SITE_X0Y0     BSCANE2                      0.000    33.000 r  dbg_hub/inst/BSCANID.u_xsdbm_id/SWITCH_N_EXT_BSCAN.bscan_inst/SERIES7_BSCAN.bscan_inst/TCK
                         net (fo=1, estimated)        5.099    38.099    dbg_hub/inst/BSCANID.u_xsdbm_id/tck_bs
    BUFGCE_X1Y119        BUFGCE (Prop_BUFCE_BUFGCE_I_O)
                                                      0.075    38.174 r  dbg_hub/inst/BSCANID.u_xsdbm_id/SWITCH_N_EXT_BSCAN.u_bufg_icon_tck/O
    X4Y1 (CLOCK_ROOT)    net (fo=478, estimated)      2.941    41.115    dbg_hub/inst/BSCANID.u_xsdbm_id/CORE_XSDB.U_ICON/U_STAT/m_bscan_tck[0]
    SLICE_X114Y111       FDRE                                         r  dbg_hub/inst/BSCANID.u_xsdbm_id/CORE_XSDB.U_ICON/U_STAT/iSTAT_CNT_reg[1]/C
                         clock pessimism              0.507    41.622    
                         clock uncertainty           -0.035    41.587    
    SLICE_X114Y111       FDRE (Setup_HFF_SLICEL_C_R)
                                                     -0.083    41.504    dbg_hub/inst/BSCANID.u_xsdbm_id/CORE_XSDB.U_ICON/U_STAT/iSTAT_CNT_reg[1]
  -------------------------------------------------------------------
                         required time                         41.504    
                         arrival time                         -10.968    
  -------------------------------------------------------------------
                         slack                                 30.536    

Slack (MET) :             30.536ns  (required time - arrival time)
  Source:                 dbg_hub/inst/BSCANID.u_xsdbm_id/SWITCH_N_EXT_BSCAN.bscan_switch/portno_reg[3]/C
                            (rising edge-triggered cell FDRE clocked by dbg_hub/inst/BSCANID.u_xsdbm_id/SWITCH_N_EXT_BSCAN.bscan_inst/SERIES7_BSCAN.bscan_inst/TCK  {rise@0.000ns fall@16.500ns period=33.000ns})
  Destination:            dbg_hub/inst/BSCANID.u_xsdbm_id/CORE_XSDB.U_ICON/U_STAT/iSTAT_CNT_reg[2]/R
                            (rising edge-triggered cell FDRE clocked by dbg_hub/inst/BSCANID.u_xsdbm_id/SWITCH_N_EXT_BSCAN.bscan_inst/SERIES7_BSCAN.bscan_inst/TCK  {rise@0.000ns fall@16.500ns period=33.000ns})
  Path Group:             dbg_hub/inst/BSCANID.u_xsdbm_id/SWITCH_N_EXT_BSCAN.bscan_inst/SERIES7_BSCAN.bscan_inst/TCK
  Path Type:              Setup (Max at Slow Process Corner)
  Requirement:            33.000ns  (dbg_hub/inst/BSCANID.u_xsdbm_id/SWITCH_N_EXT_BSCAN.bscan_inst/SERIES7_BSCAN.bscan_inst/TCK rise@33.000ns - dbg_hub/inst/BSCANID.u_xsdbm_id/SWITCH_N_EXT_BSCAN.bscan_inst/SERIES7_BSCAN.bscan_inst/TCK rise@0.000ns)
  Data Path Delay:        2.209ns  (logic 0.487ns (22.046%)  route 1.722ns (77.954%))
  Logic Levels:           4  (LUT4=1 LUT5=2 LUT6=1)
  Clock Path Skew:        -0.137ns (DCD - SCD + CPR)
    Destination Clock Delay (DCD):    8.115ns = ( 41.115 - 33.000 ) 
    Source Clock Delay      (SCD):    8.759ns
    Clock Pessimism Removal (CPR):    0.507ns
  Clock Uncertainty:      0.035ns  ((TSJ^2 + TIJ^2)^1/2 + DJ) / 2 + PE
    Total System Jitter     (TSJ):    0.071ns
    Total Input Jitter      (TIJ):    0.000ns
    Discrete Jitter          (DJ):    0.000ns
    Phase Error              (PE):    0.000ns
  Clock Net Delay (Source):      3.297ns (routing 2.034ns, distribution 1.263ns)
  Clock Net Delay (Destination): 2.941ns (routing 1.867ns, distribution 1.074ns)

    Location             Delay type                Incr(ns)  Path(ns)    Netlist Resource(s)
  -------------------------------------------------------------------    -------------------
                         (clock dbg_hub/inst/BSCANID.u_xsdbm_id/SWITCH_N_EXT_BSCAN.bscan_inst/SERIES7_BSCAN.bscan_inst/TCK rise edge)
                                                      0.000     0.000 r  
    CONFIG_SITE_X0Y0     BSCANE2                      0.000     0.000 r  dbg_hub/inst/BSCANID.u_xsdbm_id/SWITCH_N_EXT_BSCAN.bscan_inst/SERIES7_BSCAN.bscan_inst/TCK
                         net (fo=1, estimated)        5.379     5.379    dbg_hub/inst/BSCANID.u_xsdbm_id/tck_bs
    BUFGCE_X1Y119        BUFGCE (Prop_BUFCE_BUFGCE_I_O)
                                                      0.083     5.462 r  dbg_hub/inst/BSCANID.u_xsdbm_id/SWITCH_N_EXT_BSCAN.u_bufg_icon_tck/O
    X4Y1 (CLOCK_ROOT)    net (fo=478, estimated)      3.297     8.759    dbg_hub/inst/BSCANID.u_xsdbm_id/SWITCH_N_EXT_BSCAN.bscan_switch/s_bscan_tck
    SLICE_X116Y102       FDRE                                         r  dbg_hub/inst/BSCANID.u_xsdbm_id/SWITCH_N_EXT_BSCAN.bscan_switch/portno_reg[3]/C
  -------------------------------------------------------------------    -------------------
    SLICE_X116Y102       FDRE (Prop_FFF_SLICEL_C_Q)
                                                      0.114     8.873 r  dbg_hub/inst/BSCANID.u_xsdbm_id/SWITCH_N_EXT_BSCAN.bscan_switch/portno_reg[3]/Q
                         net (fo=1, estimated)        0.213     9.086    dbg_hub/inst/BSCANID.u_xsdbm_id/SWITCH_N_EXT_BSCAN.bscan_switch/portno[3]
    SLICE_X116Y102       LUT6 (Prop_H6LUT_SLICEL_I0_O)
                                                      0.188     9.274 r  dbg_hub/inst/BSCANID.u_xsdbm_id/SWITCH_N_EXT_BSCAN.bscan_switch/m_bscan_drck[0]_INST_0_i_1/O
                         net (fo=5, estimated)        0.384     9.658    dbg_hub/inst/BSCANID.u_xsdbm_id/SWITCH_N_EXT_BSCAN.bscan_switch/m_bscan_drck[0]_INST_0_i_1_n_0
    SLICE_X115Y102       LUT5 (Prop_F6LUT_SLICEM_I3_O)
                                                      0.043     9.701 f  dbg_hub/inst/BSCANID.u_xsdbm_id/SWITCH_N_EXT_BSCAN.bscan_switch/m_bscan_shift[0]_INST_0/O
                         net (fo=4, estimated)        0.437    10.138    dbg_hub/inst/BSCANID.u_xsdbm_id/CORE_XSDB.U_ICON/U_CMD/icn_cmd_en_reg[7]
    SLICE_X114Y109       LUT4 (Prop_D6LUT_SLICEL_I1_O)
                                                      0.071    10.209 f  dbg_hub/inst/BSCANID.u_xsdbm_id/CORE_XSDB.U_ICON/U_CMD/iSTAT_CNT[5]_i_4/O
                         net (fo=1, estimated)        0.228    10.437    dbg_hub/inst/BSCANID.u_xsdbm_id/CORE_XSDB.U_ICON/U_CMD/iSTAT_CNT[5]_i_4_n_0
    SLICE_X114Y110       LUT5 (Prop_D6LUT_SLICEL_I4_O)
                                                      0.071    10.508 r  dbg_hub/inst/BSCANID.u_xsdbm_id/CORE_XSDB.U_ICON/U_CMD/iSTAT_CNT[5]_i_1/O
                         net (fo=6, estimated)        0.460    10.968    dbg_hub/inst/BSCANID.u_xsdbm_id/CORE_XSDB.U_ICON/U_STAT/SR[0]
    SLICE_X114Y111       FDRE                                         r  dbg_hub/inst/BSCANID.u_xsdbm_id/CORE_XSDB.U_ICON/U_STAT/iSTAT_CNT_reg[2]/R
  -------------------------------------------------------------------    -------------------

                         (clock dbg_hub/inst/BSCANID.u_xsdbm_id/SWITCH_N_EXT_BSCAN.bscan_inst/SERIES7_BSCAN.bscan_inst/TCK rise edge)
                                                     33.000    33.000 r  
    CONFIG_SITE_X0Y0     BSCANE2                      0.000    33.000 r  dbg_hub/inst/BSCANID.u_xsdbm_id/SWITCH_N_EXT_BSCAN.bscan_inst/SERIES7_BSCAN.bscan_inst/TCK
                         net (fo=1, estimated)        5.099    38.099    dbg_hub/inst/BSCANID.u_xsdbm_id/tck_bs
    BUFGCE_X1Y119        BUFGCE (Prop_BUFCE_BUFGCE_I_O)
                                                      0.075    38.174 r  dbg_hub/inst/BSCANID.u_xsdbm_id/SWITCH_N_EXT_BSCAN.u_bufg_icon_tck/O
    X4Y1 (CLOCK_ROOT)    net (fo=478, estimated)      2.941    41.115    dbg_hub/inst/BSCANID.u_xsdbm_id/CORE_XSDB.U_ICON/U_STAT/m_bscan_tck[0]
    SLICE_X114Y111       FDRE                                         r  dbg_hub/inst/BSCANID.u_xsdbm_id/CORE_XSDB.U_ICON/U_STAT/iSTAT_CNT_reg[2]/C
                         clock pessimism              0.507    41.622    
                         clock uncertainty           -0.035    41.587    
    SLICE_X114Y111       FDRE (Setup_HFF2_SLICEL_C_R)
                                                     -0.083    41.504    dbg_hub/inst/BSCANID.u_xsdbm_id/CORE_XSDB.U_ICON/U_STAT/iSTAT_CNT_reg[2]
  -------------------------------------------------------------------
                         required time                         41.504    
                         arrival time                         -10.968    
  -------------------------------------------------------------------
                         slack                                 30.536    

Slack (MET) :             30.536ns  (required time - arrival time)
  Source:                 dbg_hub/inst/BSCANID.u_xsdbm_id/SWITCH_N_EXT_BSCAN.bscan_switch/portno_reg[3]/C
                            (rising edge-triggered cell FDRE clocked by dbg_hub/inst/BSCANID.u_xsdbm_id/SWITCH_N_EXT_BSCAN.bscan_inst/SERIES7_BSCAN.bscan_inst/TCK  {rise@0.000ns fall@16.500ns period=33.000ns})
  Destination:            dbg_hub/inst/BSCANID.u_xsdbm_id/CORE_XSDB.U_ICON/U_STAT/iSTAT_CNT_reg[3]/R
                            (rising edge-triggered cell FDRE clocked by dbg_hub/inst/BSCANID.u_xsdbm_id/SWITCH_N_EXT_BSCAN.bscan_inst/SERIES7_BSCAN.bscan_inst/TCK  {rise@0.000ns fall@16.500ns period=33.000ns})
  Path Group:             dbg_hub/inst/BSCANID.u_xsdbm_id/SWITCH_N_EXT_BSCAN.bscan_inst/SERIES7_BSCAN.bscan_inst/TCK
  Path Type:              Setup (Max at Slow Process Corner)
  Requirement:            33.000ns  (dbg_hub/inst/BSCANID.u_xsdbm_id/SWITCH_N_EXT_BSCAN.bscan_inst/SERIES7_BSCAN.bscan_inst/TCK rise@33.000ns - dbg_hub/inst/BSCANID.u_xsdbm_id/SWITCH_N_EXT_BSCAN.bscan_inst/SERIES7_BSCAN.bscan_inst/TCK rise@0.000ns)
  Data Path Delay:        2.209ns  (logic 0.487ns (22.046%)  route 1.722ns (77.954%))
  Logic Levels:           4  (LUT4=1 LUT5=2 LUT6=1)
  Clock Path Skew:        -0.137ns (DCD - SCD + CPR)
    Destination Clock Delay (DCD):    8.115ns = ( 41.115 - 33.000 ) 
    Source Clock Delay      (SCD):    8.759ns
    Clock Pessimism Removal (CPR):    0.507ns
  Clock Uncertainty:      0.035ns  ((TSJ^2 + TIJ^2)^1/2 + DJ) / 2 + PE
    Total System Jitter     (TSJ):    0.071ns
    Total Input Jitter      (TIJ):    0.000ns
    Discrete Jitter          (DJ):    0.000ns
    Phase Error              (PE):    0.000ns
  Clock Net Delay (Source):      3.297ns (routing 2.034ns, distribution 1.263ns)
  Clock Net Delay (Destination): 2.941ns (routing 1.867ns, distribution 1.074ns)

    Location             Delay type                Incr(ns)  Path(ns)    Netlist Resource(s)
  -------------------------------------------------------------------    -------------------
                         (clock dbg_hub/inst/BSCANID.u_xsdbm_id/SWITCH_N_EXT_BSCAN.bscan_inst/SERIES7_BSCAN.bscan_inst/TCK rise edge)
                                                      0.000     0.000 r  
    CONFIG_SITE_X0Y0     BSCANE2                      0.000     0.000 r  dbg_hub/inst/BSCANID.u_xsdbm_id/SWITCH_N_EXT_BSCAN.bscan_inst/SERIES7_BSCAN.bscan_inst/TCK
                         net (fo=1, estimated)        5.379     5.379    dbg_hub/inst/BSCANID.u_xsdbm_id/tck_bs
    BUFGCE_X1Y119        BUFGCE (Prop_BUFCE_BUFGCE_I_O)
                                                      0.083     5.462 r  dbg_hub/inst/BSCANID.u_xsdbm_id/SWITCH_N_EXT_BSCAN.u_bufg_icon_tck/O
    X4Y1 (CLOCK_ROOT)    net (fo=478, estimated)      3.297     8.759    dbg_hub/inst/BSCANID.u_xsdbm_id/SWITCH_N_EXT_BSCAN.bscan_switch/s_bscan_tck
    SLICE_X116Y102       FDRE                                         r  dbg_hub/inst/BSCANID.u_xsdbm_id/SWITCH_N_EXT_BSCAN.bscan_switch/portno_reg[3]/C
  -------------------------------------------------------------------    -------------------
    SLICE_X116Y102       FDRE (Prop_FFF_SLICEL_C_Q)
                                                      0.114     8.873 r  dbg_hub/inst/BSCANID.u_xsdbm_id/SWITCH_N_EXT_BSCAN.bscan_switch/portno_reg[3]/Q
                         net (fo=1, estimated)        0.213     9.086    dbg_hub/inst/BSCANID.u_xsdbm_id/SWITCH_N_EXT_BSCAN.bscan_switch/portno[3]
    SLICE_X116Y102       LUT6 (Prop_H6LUT_SLICEL_I0_O)
                                                      0.188     9.274 r  dbg_hub/inst/BSCANID.u_xsdbm_id/SWITCH_N_EXT_BSCAN.bscan_switch/m_bscan_drck[0]_INST_0_i_1/O
                         net (fo=5, estimated)        0.384     9.658    dbg_hub/inst/BSCANID.u_xsdbm_id/SWITCH_N_EXT_BSCAN.bscan_switch/m_bscan_drck[0]_INST_0_i_1_n_0
    SLICE_X115Y102       LUT5 (Prop_F6LUT_SLICEM_I3_O)
                                                      0.043     9.701 f  dbg_hub/inst/BSCANID.u_xsdbm_id/SWITCH_N_EXT_BSCAN.bscan_switch/m_bscan_shift[0]_INST_0/O
                         net (fo=4, estimated)        0.437    10.138    dbg_hub/inst/BSCANID.u_xsdbm_id/CORE_XSDB.U_ICON/U_CMD/icn_cmd_en_reg[7]
    SLICE_X114Y109       LUT4 (Prop_D6LUT_SLICEL_I1_O)
                                                      0.071    10.209 f  dbg_hub/inst/BSCANID.u_xsdbm_id/CORE_XSDB.U_ICON/U_CMD/iSTAT_CNT[5]_i_4/O
                         net (fo=1, estimated)        0.228    10.437    dbg_hub/inst/BSCANID.u_xsdbm_id/CORE_XSDB.U_ICON/U_CMD/iSTAT_CNT[5]_i_4_n_0
    SLICE_X114Y110       LUT5 (Prop_D6LUT_SLICEL_I4_O)
                                                      0.071    10.508 r  dbg_hub/inst/BSCANID.u_xsdbm_id/CORE_XSDB.U_ICON/U_CMD/iSTAT_CNT[5]_i_1/O
                         net (fo=6, estimated)        0.460    10.968    dbg_hub/inst/BSCANID.u_xsdbm_id/CORE_XSDB.U_ICON/U_STAT/SR[0]
    SLICE_X114Y111       FDRE                                         r  dbg_hub/inst/BSCANID.u_xsdbm_id/CORE_XSDB.U_ICON/U_STAT/iSTAT_CNT_reg[3]/R
  -------------------------------------------------------------------    -------------------

                         (clock dbg_hub/inst/BSCANID.u_xsdbm_id/SWITCH_N_EXT_BSCAN.bscan_inst/SERIES7_BSCAN.bscan_inst/TCK rise edge)
                                                     33.000    33.000 r  
    CONFIG_SITE_X0Y0     BSCANE2                      0.000    33.000 r  dbg_hub/inst/BSCANID.u_xsdbm_id/SWITCH_N_EXT_BSCAN.bscan_inst/SERIES7_BSCAN.bscan_inst/TCK
                         net (fo=1, estimated)        5.099    38.099    dbg_hub/inst/BSCANID.u_xsdbm_id/tck_bs
    BUFGCE_X1Y119        BUFGCE (Prop_BUFCE_BUFGCE_I_O)
                                                      0.075    38.174 r  dbg_hub/inst/BSCANID.u_xsdbm_id/SWITCH_N_EXT_BSCAN.u_bufg_icon_tck/O
    X4Y1 (CLOCK_ROOT)    net (fo=478, estimated)      2.941    41.115    dbg_hub/inst/BSCANID.u_xsdbm_id/CORE_XSDB.U_ICON/U_STAT/m_bscan_tck[0]
    SLICE_X114Y111       FDRE                                         r  dbg_hub/inst/BSCANID.u_xsdbm_id/CORE_XSDB.U_ICON/U_STAT/iSTAT_CNT_reg[3]/C
                         clock pessimism              0.507    41.622    
                         clock uncertainty           -0.035    41.587    
    SLICE_X114Y111       FDRE (Setup_GFF_SLICEL_C_R)
                                                     -0.083    41.504    dbg_hub/inst/BSCANID.u_xsdbm_id/CORE_XSDB.U_ICON/U_STAT/iSTAT_CNT_reg[3]
  -------------------------------------------------------------------
                         required time                         41.504    
                         arrival time                         -10.968    
  -------------------------------------------------------------------
                         slack                                 30.536    

Slack (MET) :             30.536ns  (required time - arrival time)
  Source:                 dbg_hub/inst/BSCANID.u_xsdbm_id/SWITCH_N_EXT_BSCAN.bscan_switch/portno_reg[3]/C
                            (rising edge-triggered cell FDRE clocked by dbg_hub/inst/BSCANID.u_xsdbm_id/SWITCH_N_EXT_BSCAN.bscan_inst/SERIES7_BSCAN.bscan_inst/TCK  {rise@0.000ns fall@16.500ns period=33.000ns})
  Destination:            dbg_hub/inst/BSCANID.u_xsdbm_id/CORE_XSDB.U_ICON/U_STAT/iSTAT_CNT_reg[4]/R
                            (rising edge-triggered cell FDRE clocked by dbg_hub/inst/BSCANID.u_xsdbm_id/SWITCH_N_EXT_BSCAN.bscan_inst/SERIES7_BSCAN.bscan_inst/TCK  {rise@0.000ns fall@16.500ns period=33.000ns})
  Path Group:             dbg_hub/inst/BSCANID.u_xsdbm_id/SWITCH_N_EXT_BSCAN.bscan_inst/SERIES7_BSCAN.bscan_inst/TCK
  Path Type:              Setup (Max at Slow Process Corner)
  Requirement:            33.000ns  (dbg_hub/inst/BSCANID.u_xsdbm_id/SWITCH_N_EXT_BSCAN.bscan_inst/SERIES7_BSCAN.bscan_inst/TCK rise@33.000ns - dbg_hub/inst/BSCANID.u_xsdbm_id/SWITCH_N_EXT_BSCAN.bscan_inst/SERIES7_BSCAN.bscan_inst/TCK rise@0.000ns)
  Data Path Delay:        2.209ns  (logic 0.487ns (22.046%)  route 1.722ns (77.954%))
  Logic Levels:           4  (LUT4=1 LUT5=2 LUT6=1)
  Clock Path Skew:        -0.137ns (DCD - SCD + CPR)
    Destination Clock Delay (DCD):    8.115ns = ( 41.115 - 33.000 ) 
    Source Clock Delay      (SCD):    8.759ns
    Clock Pessimism Removal (CPR):    0.507ns
  Clock Uncertainty:      0.035ns  ((TSJ^2 + TIJ^2)^1/2 + DJ) / 2 + PE
    Total System Jitter     (TSJ):    0.071ns
    Total Input Jitter      (TIJ):    0.000ns
    Discrete Jitter          (DJ):    0.000ns
    Phase Error              (PE):    0.000ns
  Clock Net Delay (Source):      3.297ns (routing 2.034ns, distribution 1.263ns)
  Clock Net Delay (Destination): 2.941ns (routing 1.867ns, distribution 1.074ns)

    Location             Delay type                Incr(ns)  Path(ns)    Netlist Resource(s)
  -------------------------------------------------------------------    -------------------
                         (clock dbg_hub/inst/BSCANID.u_xsdbm_id/SWITCH_N_EXT_BSCAN.bscan_inst/SERIES7_BSCAN.bscan_inst/TCK rise edge)
                                                      0.000     0.000 r  
    CONFIG_SITE_X0Y0     BSCANE2                      0.000     0.000 r  dbg_hub/inst/BSCANID.u_xsdbm_id/SWITCH_N_EXT_BSCAN.bscan_inst/SERIES7_BSCAN.bscan_inst/TCK
                         net (fo=1, estimated)        5.379     5.379    dbg_hub/inst/BSCANID.u_xsdbm_id/tck_bs
    BUFGCE_X1Y119        BUFGCE (Prop_BUFCE_BUFGCE_I_O)
                                                      0.083     5.462 r  dbg_hub/inst/BSCANID.u_xsdbm_id/SWITCH_N_EXT_BSCAN.u_bufg_icon_tck/O
    X4Y1 (CLOCK_ROOT)    net (fo=478, estimated)      3.297     8.759    dbg_hub/inst/BSCANID.u_xsdbm_id/SWITCH_N_EXT_BSCAN.bscan_switch/s_bscan_tck
    SLICE_X116Y102       FDRE                                         r  dbg_hub/inst/BSCANID.u_xsdbm_id/SWITCH_N_EXT_BSCAN.bscan_switch/portno_reg[3]/C
  -------------------------------------------------------------------    -------------------
    SLICE_X116Y102       FDRE (Prop_FFF_SLICEL_C_Q)
                                                      0.114     8.873 r  dbg_hub/inst/BSCANID.u_xsdbm_id/SWITCH_N_EXT_BSCAN.bscan_switch/portno_reg[3]/Q
                         net (fo=1, estimated)        0.213     9.086    dbg_hub/inst/BSCANID.u_xsdbm_id/SWITCH_N_EXT_BSCAN.bscan_switch/portno[3]
    SLICE_X116Y102       LUT6 (Prop_H6LUT_SLICEL_I0_O)
                                                      0.188     9.274 r  dbg_hub/inst/BSCANID.u_xsdbm_id/SWITCH_N_EXT_BSCAN.bscan_switch/m_bscan_drck[0]_INST_0_i_1/O
                         net (fo=5, estimated)        0.384     9.658    dbg_hub/inst/BSCANID.u_xsdbm_id/SWITCH_N_EXT_BSCAN.bscan_switch/m_bscan_drck[0]_INST_0_i_1_n_0
    SLICE_X115Y102       LUT5 (Prop_F6LUT_SLICEM_I3_O)
                                                      0.043     9.701 f  dbg_hub/inst/BSCANID.u_xsdbm_id/SWITCH_N_EXT_BSCAN.bscan_switch/m_bscan_shift[0]_INST_0/O
                         net (fo=4, estimated)        0.437    10.138    dbg_hub/inst/BSCANID.u_xsdbm_id/CORE_XSDB.U_ICON/U_CMD/icn_cmd_en_reg[7]
    SLICE_X114Y109       LUT4 (Prop_D6LUT_SLICEL_I1_O)
                                                      0.071    10.209 f  dbg_hub/inst/BSCANID.u_xsdbm_id/CORE_XSDB.U_ICON/U_CMD/iSTAT_CNT[5]_i_4/O
                         net (fo=1, estimated)        0.228    10.437    dbg_hub/inst/BSCANID.u_xsdbm_id/CORE_XSDB.U_ICON/U_CMD/iSTAT_CNT[5]_i_4_n_0
    SLICE_X114Y110       LUT5 (Prop_D6LUT_SLICEL_I4_O)
                                                      0.071    10.508 r  dbg_hub/inst/BSCANID.u_xsdbm_id/CORE_XSDB.U_ICON/U_CMD/iSTAT_CNT[5]_i_1/O
                         net (fo=6, estimated)        0.460    10.968    dbg_hub/inst/BSCANID.u_xsdbm_id/CORE_XSDB.U_ICON/U_STAT/SR[0]
    SLICE_X114Y111       FDRE                                         r  dbg_hub/inst/BSCANID.u_xsdbm_id/CORE_XSDB.U_ICON/U_STAT/iSTAT_CNT_reg[4]/R
  -------------------------------------------------------------------    -------------------

                         (clock dbg_hub/inst/BSCANID.u_xsdbm_id/SWITCH_N_EXT_BSCAN.bscan_inst/SERIES7_BSCAN.bscan_inst/TCK rise edge)
                                                     33.000    33.000 r  
    CONFIG_SITE_X0Y0     BSCANE2                      0.000    33.000 r  dbg_hub/inst/BSCANID.u_xsdbm_id/SWITCH_N_EXT_BSCAN.bscan_inst/SERIES7_BSCAN.bscan_inst/TCK
                         net (fo=1, estimated)        5.099    38.099    dbg_hub/inst/BSCANID.u_xsdbm_id/tck_bs
    BUFGCE_X1Y119        BUFGCE (Prop_BUFCE_BUFGCE_I_O)
                                                      0.075    38.174 r  dbg_hub/inst/BSCANID.u_xsdbm_id/SWITCH_N_EXT_BSCAN.u_bufg_icon_tck/O
    X4Y1 (CLOCK_ROOT)    net (fo=478, estimated)      2.941    41.115    dbg_hub/inst/BSCANID.u_xsdbm_id/CORE_XSDB.U_ICON/U_STAT/m_bscan_tck[0]
    SLICE_X114Y111       FDRE                                         r  dbg_hub/inst/BSCANID.u_xsdbm_id/CORE_XSDB.U_ICON/U_STAT/iSTAT_CNT_reg[4]/C
                         clock pessimism              0.507    41.622    
                         clock uncertainty           -0.035    41.587    
    SLICE_X114Y111       FDRE (Setup_GFF2_SLICEL_C_R)
                                                     -0.083    41.504    dbg_hub/inst/BSCANID.u_xsdbm_id/CORE_XSDB.U_ICON/U_STAT/iSTAT_CNT_reg[4]
  -------------------------------------------------------------------
                         required time                         41.504    
                         arrival time                         -10.968    
  -------------------------------------------------------------------
                         slack                                 30.536    

Slack (MET) :             30.536ns  (required time - arrival time)
  Source:                 dbg_hub/inst/BSCANID.u_xsdbm_id/SWITCH_N_EXT_BSCAN.bscan_switch/portno_reg[3]/C
                            (rising edge-triggered cell FDRE clocked by dbg_hub/inst/BSCANID.u_xsdbm_id/SWITCH_N_EXT_BSCAN.bscan_inst/SERIES7_BSCAN.bscan_inst/TCK  {rise@0.000ns fall@16.500ns period=33.000ns})
  Destination:            dbg_hub/inst/BSCANID.u_xsdbm_id/CORE_XSDB.U_ICON/U_STAT/iSTAT_CNT_reg[5]/R
                            (rising edge-triggered cell FDRE clocked by dbg_hub/inst/BSCANID.u_xsdbm_id/SWITCH_N_EXT_BSCAN.bscan_inst/SERIES7_BSCAN.bscan_inst/TCK  {rise@0.000ns fall@16.500ns period=33.000ns})
  Path Group:             dbg_hub/inst/BSCANID.u_xsdbm_id/SWITCH_N_EXT_BSCAN.bscan_inst/SERIES7_BSCAN.bscan_inst/TCK
  Path Type:              Setup (Max at Slow Process Corner)
  Requirement:            33.000ns  (dbg_hub/inst/BSCANID.u_xsdbm_id/SWITCH_N_EXT_BSCAN.bscan_inst/SERIES7_BSCAN.bscan_inst/TCK rise@33.000ns - dbg_hub/inst/BSCANID.u_xsdbm_id/SWITCH_N_EXT_BSCAN.bscan_inst/SERIES7_BSCAN.bscan_inst/TCK rise@0.000ns)
  Data Path Delay:        2.209ns  (logic 0.487ns (22.046%)  route 1.722ns (77.954%))
  Logic Levels:           4  (LUT4=1 LUT5=2 LUT6=1)
  Clock Path Skew:        -0.137ns (DCD - SCD + CPR)
    Destination Clock Delay (DCD):    8.115ns = ( 41.115 - 33.000 ) 
    Source Clock Delay      (SCD):    8.759ns
    Clock Pessimism Removal (CPR):    0.507ns
  Clock Uncertainty:      0.035ns  ((TSJ^2 + TIJ^2)^1/2 + DJ) / 2 + PE
    Total System Jitter     (TSJ):    0.071ns
    Total Input Jitter      (TIJ):    0.000ns
    Discrete Jitter          (DJ):    0.000ns
    Phase Error              (PE):    0.000ns
  Clock Net Delay (Source):      3.297ns (routing 2.034ns, distribution 1.263ns)
  Clock Net Delay (Destination): 2.941ns (routing 1.867ns, distribution 1.074ns)

    Location             Delay type                Incr(ns)  Path(ns)    Netlist Resource(s)
  -------------------------------------------------------------------    -------------------
                         (clock dbg_hub/inst/BSCANID.u_xsdbm_id/SWITCH_N_EXT_BSCAN.bscan_inst/SERIES7_BSCAN.bscan_inst/TCK rise edge)
                                                      0.000     0.000 r  
    CONFIG_SITE_X0Y0     BSCANE2                      0.000     0.000 r  dbg_hub/inst/BSCANID.u_xsdbm_id/SWITCH_N_EXT_BSCAN.bscan_inst/SERIES7_BSCAN.bscan_inst/TCK
                         net (fo=1, estimated)        5.379     5.379    dbg_hub/inst/BSCANID.u_xsdbm_id/tck_bs
    BUFGCE_X1Y119        BUFGCE (Prop_BUFCE_BUFGCE_I_O)
                                                      0.083     5.462 r  dbg_hub/inst/BSCANID.u_xsdbm_id/SWITCH_N_EXT_BSCAN.u_bufg_icon_tck/O
    X4Y1 (CLOCK_ROOT)    net (fo=478, estimated)      3.297     8.759    dbg_hub/inst/BSCANID.u_xsdbm_id/SWITCH_N_EXT_BSCAN.bscan_switch/s_bscan_tck
    SLICE_X116Y102       FDRE                                         r  dbg_hub/inst/BSCANID.u_xsdbm_id/SWITCH_N_EXT_BSCAN.bscan_switch/portno_reg[3]/C
  -------------------------------------------------------------------    -------------------
    SLICE_X116Y102       FDRE (Prop_FFF_SLICEL_C_Q)
                                                      0.114     8.873 r  dbg_hub/inst/BSCANID.u_xsdbm_id/SWITCH_N_EXT_BSCAN.bscan_switch/portno_reg[3]/Q
                         net (fo=1, estimated)        0.213     9.086    dbg_hub/inst/BSCANID.u_xsdbm_id/SWITCH_N_EXT_BSCAN.bscan_switch/portno[3]
    SLICE_X116Y102       LUT6 (Prop_H6LUT_SLICEL_I0_O)
                                                      0.188     9.274 r  dbg_hub/inst/BSCANID.u_xsdbm_id/SWITCH_N_EXT_BSCAN.bscan_switch/m_bscan_drck[0]_INST_0_i_1/O
                         net (fo=5, estimated)        0.384     9.658    dbg_hub/inst/BSCANID.u_xsdbm_id/SWITCH_N_EXT_BSCAN.bscan_switch/m_bscan_drck[0]_INST_0_i_1_n_0
    SLICE_X115Y102       LUT5 (Prop_F6LUT_SLICEM_I3_O)
                                                      0.043     9.701 f  dbg_hub/inst/BSCANID.u_xsdbm_id/SWITCH_N_EXT_BSCAN.bscan_switch/m_bscan_shift[0]_INST_0/O
                         net (fo=4, estimated)        0.437    10.138    dbg_hub/inst/BSCANID.u_xsdbm_id/CORE_XSDB.U_ICON/U_CMD/icn_cmd_en_reg[7]
    SLICE_X114Y109       LUT4 (Prop_D6LUT_SLICEL_I1_O)
                                                      0.071    10.209 f  dbg_hub/inst/BSCANID.u_xsdbm_id/CORE_XSDB.U_ICON/U_CMD/iSTAT_CNT[5]_i_4/O
                         net (fo=1, estimated)        0.228    10.437    dbg_hub/inst/BSCANID.u_xsdbm_id/CORE_XSDB.U_ICON/U_CMD/iSTAT_CNT[5]_i_4_n_0
    SLICE_X114Y110       LUT5 (Prop_D6LUT_SLICEL_I4_O)
                                                      0.071    10.508 r  dbg_hub/inst/BSCANID.u_xsdbm_id/CORE_XSDB.U_ICON/U_CMD/iSTAT_CNT[5]_i_1/O
                         net (fo=6, estimated)        0.460    10.968    dbg_hub/inst/BSCANID.u_xsdbm_id/CORE_XSDB.U_ICON/U_STAT/SR[0]
    SLICE_X114Y111       FDRE                                         r  dbg_hub/inst/BSCANID.u_xsdbm_id/CORE_XSDB.U_ICON/U_STAT/iSTAT_CNT_reg[5]/R
  -------------------------------------------------------------------    -------------------

                         (clock dbg_hub/inst/BSCANID.u_xsdbm_id/SWITCH_N_EXT_BSCAN.bscan_inst/SERIES7_BSCAN.bscan_inst/TCK rise edge)
                                                     33.000    33.000 r  
    CONFIG_SITE_X0Y0     BSCANE2                      0.000    33.000 r  dbg_hub/inst/BSCANID.u_xsdbm_id/SWITCH_N_EXT_BSCAN.bscan_inst/SERIES7_BSCAN.bscan_inst/TCK
                         net (fo=1, estimated)        5.099    38.099    dbg_hub/inst/BSCANID.u_xsdbm_id/tck_bs
    BUFGCE_X1Y119        BUFGCE (Prop_BUFCE_BUFGCE_I_O)
                                                      0.075    38.174 r  dbg_hub/inst/BSCANID.u_xsdbm_id/SWITCH_N_EXT_BSCAN.u_bufg_icon_tck/O
    X4Y1 (CLOCK_ROOT)    net (fo=478, estimated)      2.941    41.115    dbg_hub/inst/BSCANID.u_xsdbm_id/CORE_XSDB.U_ICON/U_STAT/m_bscan_tck[0]
    SLICE_X114Y111       FDRE                                         r  dbg_hub/inst/BSCANID.u_xsdbm_id/CORE_XSDB.U_ICON/U_STAT/iSTAT_CNT_reg[5]/C
                         clock pessimism              0.507    41.622    
                         clock uncertainty           -0.035    41.587    
    SLICE_X114Y111       FDRE (Setup_EFF_SLICEL_C_R)
                                                     -0.083    41.504    dbg_hub/inst/BSCANID.u_xsdbm_id/CORE_XSDB.U_ICON/U_STAT/iSTAT_CNT_reg[5]
  -------------------------------------------------------------------
                         required time                         41.504    
                         arrival time                         -10.968    
  -------------------------------------------------------------------
                         slack                                 30.536    

Slack (MET) :             30.557ns  (required time - arrival time)
  Source:                 dbg_hub/inst/BSCANID.u_xsdbm_id/SWITCH_N_EXT_BSCAN.bscan_switch/temp_curid_reg[15]/C
                            (rising edge-triggered cell FDRE clocked by dbg_hub/inst/BSCANID.u_xsdbm_id/SWITCH_N_EXT_BSCAN.bscan_inst/SERIES7_BSCAN.bscan_inst/TCK  {rise@0.000ns fall@16.500ns period=33.000ns})
  Destination:            dbg_hub/inst/BSCANID.u_xsdbm_id/SWITCH_N_EXT_BSCAN.bscan_switch/portno_temp_reg[1]/D
                            (rising edge-triggered cell FDRE clocked by dbg_hub/inst/BSCANID.u_xsdbm_id/SWITCH_N_EXT_BSCAN.bscan_inst/SERIES7_BSCAN.bscan_inst/TCK  {rise@0.000ns fall@16.500ns period=33.000ns})
  Path Group:             dbg_hub/inst/BSCANID.u_xsdbm_id/SWITCH_N_EXT_BSCAN.bscan_inst/SERIES7_BSCAN.bscan_inst/TCK
  Path Type:              Setup (Max at Slow Process Corner)
  Requirement:            33.000ns  (dbg_hub/inst/BSCANID.u_xsdbm_id/SWITCH_N_EXT_BSCAN.bscan_inst/SERIES7_BSCAN.bscan_inst/TCK rise@33.000ns - dbg_hub/inst/BSCANID.u_xsdbm_id/SWITCH_N_EXT_BSCAN.bscan_inst/SERIES7_BSCAN.bscan_inst/TCK rise@0.000ns)
  Data Path Delay:        2.377ns  (logic 0.975ns (41.018%)  route 1.402ns (58.982%))
  Logic Levels:           5  (CARRY8=1 LUT3=1 LUT4=1 LUT5=1 LUT6=1)
  Clock Path Skew:        -0.090ns (DCD - SCD + CPR)
    Destination Clock Delay (DCD):    8.109ns = ( 41.109 - 33.000 ) 
    Source Clock Delay      (SCD):    8.760ns
    Clock Pessimism Removal (CPR):    0.561ns
  Clock Uncertainty:      0.035ns  ((TSJ^2 + TIJ^2)^1/2 + DJ) / 2 + PE
    Total System Jitter     (TSJ):    0.071ns
    Total Input Jitter      (TIJ):    0.000ns
    Discrete Jitter          (DJ):    0.000ns
    Phase Error              (PE):    0.000ns
  Clock Net Delay (Source):      3.298ns (routing 2.034ns, distribution 1.264ns)
  Clock Net Delay (Destination): 2.935ns (routing 1.867ns, distribution 1.068ns)

    Location             Delay type                Incr(ns)  Path(ns)    Netlist Resource(s)
  -------------------------------------------------------------------    -------------------
                         (clock dbg_hub/inst/BSCANID.u_xsdbm_id/SWITCH_N_EXT_BSCAN.bscan_inst/SERIES7_BSCAN.bscan_inst/TCK rise edge)
                                                      0.000     0.000 r  
    CONFIG_SITE_X0Y0     BSCANE2                      0.000     0.000 r  dbg_hub/inst/BSCANID.u_xsdbm_id/SWITCH_N_EXT_BSCAN.bscan_inst/SERIES7_BSCAN.bscan_inst/TCK
                         net (fo=1, estimated)        5.379     5.379    dbg_hub/inst/BSCANID.u_xsdbm_id/tck_bs
    BUFGCE_X1Y119        BUFGCE (Prop_BUFCE_BUFGCE_I_O)
                                                      0.083     5.462 r  dbg_hub/inst/BSCANID.u_xsdbm_id/SWITCH_N_EXT_BSCAN.u_bufg_icon_tck/O
    X4Y1 (CLOCK_ROOT)    net (fo=478, estimated)      3.298     8.760    dbg_hub/inst/BSCANID.u_xsdbm_id/SWITCH_N_EXT_BSCAN.bscan_switch/s_bscan_tck
    SLICE_X115Y99        FDRE                                         r  dbg_hub/inst/BSCANID.u_xsdbm_id/SWITCH_N_EXT_BSCAN.bscan_switch/temp_curid_reg[15]/C
  -------------------------------------------------------------------    -------------------
    SLICE_X115Y99        FDRE (Prop_FFF_SLICEM_C_Q)
                                                      0.114     8.874 r  dbg_hub/inst/BSCANID.u_xsdbm_id/SWITCH_N_EXT_BSCAN.bscan_switch/temp_curid_reg[15]/Q
                         net (fo=2, estimated)        0.384     9.258    dbg_hub/inst/BSCANID.u_xsdbm_id/SWITCH_N_EXT_BSCAN.bscan_switch/temp_curid[15]
    SLICE_X115Y99        LUT4 (Prop_D5LUT_SLICEM_I0_O)
                                                      0.210     9.468 r  dbg_hub/inst/BSCANID.u_xsdbm_id/SWITCH_N_EXT_BSCAN.bscan_switch/curid_inferred_i_17/O
                         net (fo=2, estimated)        0.261     9.729    dbg_hub/inst/BSCANID.u_xsdbm_id/SWITCH_N_EXT_BSCAN.bscan_switch/curid[15]
    SLICE_X114Y98        LUT6 (Prop_C6LUT_SLICEL_I3_O)
                                                      0.070     9.799 r  dbg_hub/inst/BSCANID.u_xsdbm_id/SWITCH_N_EXT_BSCAN.bscan_switch/state_temp[0]_i_9/O
                         net (fo=1, routed)           0.000     9.799    dbg_hub/inst/BSCANID.u_xsdbm_id/SWITCH_N_EXT_BSCAN.bscan_switch/state_temp[0]_i_9_n_0
    SLICE_X114Y98        CARRY8 (Prop_CARRY8_SLICEL_S[2]_CO[7])
                                                      0.344    10.143 f  dbg_hub/inst/BSCANID.u_xsdbm_id/SWITCH_N_EXT_BSCAN.bscan_switch/state_temp_reg[0]_i_3/CO[7]
                         net (fo=4, estimated)        0.452    10.595    dbg_hub/inst/BSCANID.u_xsdbm_id/SWITCH_N_EXT_BSCAN.bscan_switch/state_temp_reg[0]_i_3_n_0
    SLICE_X116Y101       LUT5 (Prop_A5LUT_SLICEL_I1_O)
                                                      0.194    10.789 r  dbg_hub/inst/BSCANID.u_xsdbm_id/SWITCH_N_EXT_BSCAN.bscan_switch/portno_temp[5]_i_2/O
                         net (fo=7, estimated)        0.278    11.067    dbg_hub/inst/BSCANID.u_xsdbm_id/SWITCH_N_EXT_BSCAN.bscan_switch/portno_temp[5]_i_2_n_0
    SLICE_X115Y102       LUT3 (Prop_D6LUT_SLICEM_I1_O)
                                                      0.043    11.110 r  dbg_hub/inst/BSCANID.u_xsdbm_id/SWITCH_N_EXT_BSCAN.bscan_switch/portno_temp[1]_i_1/O
                         net (fo=1, routed)           0.027    11.137    dbg_hub/inst/BSCANID.u_xsdbm_id/SWITCH_N_EXT_BSCAN.bscan_switch/portno_temp[1]_i_1_n_0
    SLICE_X115Y102       FDRE                                         r  dbg_hub/inst/BSCANID.u_xsdbm_id/SWITCH_N_EXT_BSCAN.bscan_switch/portno_temp_reg[1]/D
  -------------------------------------------------------------------    -------------------

                         (clock dbg_hub/inst/BSCANID.u_xsdbm_id/SWITCH_N_EXT_BSCAN.bscan_inst/SERIES7_BSCAN.bscan_inst/TCK rise edge)
                                                     33.000    33.000 r  
    CONFIG_SITE_X0Y0     BSCANE2                      0.000    33.000 r  dbg_hub/inst/BSCANID.u_xsdbm_id/SWITCH_N_EXT_BSCAN.bscan_inst/SERIES7_BSCAN.bscan_inst/TCK
                         net (fo=1, estimated)        5.099    38.099    dbg_hub/inst/BSCANID.u_xsdbm_id/tck_bs
    BUFGCE_X1Y119        BUFGCE (Prop_BUFCE_BUFGCE_I_O)
                                                      0.075    38.174 r  dbg_hub/inst/BSCANID.u_xsdbm_id/SWITCH_N_EXT_BSCAN.u_bufg_icon_tck/O
    X4Y1 (CLOCK_ROOT)    net (fo=478, estimated)      2.935    41.109    dbg_hub/inst/BSCANID.u_xsdbm_id/SWITCH_N_EXT_BSCAN.bscan_switch/s_bscan_tck
    SLICE_X115Y102       FDRE                                         r  dbg_hub/inst/BSCANID.u_xsdbm_id/SWITCH_N_EXT_BSCAN.bscan_switch/portno_temp_reg[1]/C
                         clock pessimism              0.561    41.670    
                         clock uncertainty           -0.035    41.635    
    SLICE_X115Y102       FDRE (Setup_DFF_SLICEM_C_D)
                                                      0.059    41.694    dbg_hub/inst/BSCANID.u_xsdbm_id/SWITCH_N_EXT_BSCAN.bscan_switch/portno_temp_reg[1]
  -------------------------------------------------------------------
                         required time                         41.694    
                         arrival time                         -11.137    
  -------------------------------------------------------------------
                         slack                                 30.557    

Slack (MET) :             30.559ns  (required time - arrival time)
  Source:                 dbg_hub/inst/BSCANID.u_xsdbm_id/SWITCH_N_EXT_BSCAN.bscan_switch/temp_curid_reg[15]/C
                            (rising edge-triggered cell FDRE clocked by dbg_hub/inst/BSCANID.u_xsdbm_id/SWITCH_N_EXT_BSCAN.bscan_inst/SERIES7_BSCAN.bscan_inst/TCK  {rise@0.000ns fall@16.500ns period=33.000ns})
  Destination:            dbg_hub/inst/BSCANID.u_xsdbm_id/SWITCH_N_EXT_BSCAN.bscan_switch/portno_temp_reg[4]/D
                            (rising edge-triggered cell FDRE clocked by dbg_hub/inst/BSCANID.u_xsdbm_id/SWITCH_N_EXT_BSCAN.bscan_inst/SERIES7_BSCAN.bscan_inst/TCK  {rise@0.000ns fall@16.500ns period=33.000ns})
  Path Group:             dbg_hub/inst/BSCANID.u_xsdbm_id/SWITCH_N_EXT_BSCAN.bscan_inst/SERIES7_BSCAN.bscan_inst/TCK
  Path Type:              Setup (Max at Slow Process Corner)
  Requirement:            33.000ns  (dbg_hub/inst/BSCANID.u_xsdbm_id/SWITCH_N_EXT_BSCAN.bscan_inst/SERIES7_BSCAN.bscan_inst/TCK rise@33.000ns - dbg_hub/inst/BSCANID.u_xsdbm_id/SWITCH_N_EXT_BSCAN.bscan_inst/SERIES7_BSCAN.bscan_inst/TCK rise@0.000ns)
  Data Path Delay:        2.375ns  (logic 0.972ns (40.926%)  route 1.403ns (59.074%))
  Logic Levels:           5  (CARRY8=1 LUT3=1 LUT4=1 LUT5=1 LUT6=1)
  Clock Path Skew:        -0.090ns (DCD - SCD + CPR)
    Destination Clock Delay (DCD):    8.109ns = ( 41.109 - 33.000 ) 
    Source Clock Delay      (SCD):    8.760ns
    Clock Pessimism Removal (CPR):    0.561ns
  Clock Uncertainty:      0.035ns  ((TSJ^2 + TIJ^2)^1/2 + DJ) / 2 + PE
    Total System Jitter     (TSJ):    0.071ns
    Total Input Jitter      (TIJ):    0.000ns
    Discrete Jitter          (DJ):    0.000ns
    Phase Error              (PE):    0.000ns
  Clock Net Delay (Source):      3.298ns (routing 2.034ns, distribution 1.264ns)
  Clock Net Delay (Destination): 2.935ns (routing 1.867ns, distribution 1.068ns)

    Location             Delay type                Incr(ns)  Path(ns)    Netlist Resource(s)
  -------------------------------------------------------------------    -------------------
                         (clock dbg_hub/inst/BSCANID.u_xsdbm_id/SWITCH_N_EXT_BSCAN.bscan_inst/SERIES7_BSCAN.bscan_inst/TCK rise edge)
                                                      0.000     0.000 r  
    CONFIG_SITE_X0Y0     BSCANE2                      0.000     0.000 r  dbg_hub/inst/BSCANID.u_xsdbm_id/SWITCH_N_EXT_BSCAN.bscan_inst/SERIES7_BSCAN.bscan_inst/TCK
                         net (fo=1, estimated)        5.379     5.379    dbg_hub/inst/BSCANID.u_xsdbm_id/tck_bs
    BUFGCE_X1Y119        BUFGCE (Prop_BUFCE_BUFGCE_I_O)
                                                      0.083     5.462 r  dbg_hub/inst/BSCANID.u_xsdbm_id/SWITCH_N_EXT_BSCAN.u_bufg_icon_tck/O
    X4Y1 (CLOCK_ROOT)    net (fo=478, estimated)      3.298     8.760    dbg_hub/inst/BSCANID.u_xsdbm_id/SWITCH_N_EXT_BSCAN.bscan_switch/s_bscan_tck
    SLICE_X115Y99        FDRE                                         r  dbg_hub/inst/BSCANID.u_xsdbm_id/SWITCH_N_EXT_BSCAN.bscan_switch/temp_curid_reg[15]/C
  -------------------------------------------------------------------    -------------------
    SLICE_X115Y99        FDRE (Prop_FFF_SLICEM_C_Q)
                                                      0.114     8.874 r  dbg_hub/inst/BSCANID.u_xsdbm_id/SWITCH_N_EXT_BSCAN.bscan_switch/temp_curid_reg[15]/Q
                         net (fo=2, estimated)        0.384     9.258    dbg_hub/inst/BSCANID.u_xsdbm_id/SWITCH_N_EXT_BSCAN.bscan_switch/temp_curid[15]
    SLICE_X115Y99        LUT4 (Prop_D5LUT_SLICEM_I0_O)
                                                      0.210     9.468 r  dbg_hub/inst/BSCANID.u_xsdbm_id/SWITCH_N_EXT_BSCAN.bscan_switch/curid_inferred_i_17/O
                         net (fo=2, estimated)        0.261     9.729    dbg_hub/inst/BSCANID.u_xsdbm_id/SWITCH_N_EXT_BSCAN.bscan_switch/curid[15]
    SLICE_X114Y98        LUT6 (Prop_C6LUT_SLICEL_I3_O)
                                                      0.070     9.799 r  dbg_hub/inst/BSCANID.u_xsdbm_id/SWITCH_N_EXT_BSCAN.bscan_switch/state_temp[0]_i_9/O
                         net (fo=1, routed)           0.000     9.799    dbg_hub/inst/BSCANID.u_xsdbm_id/SWITCH_N_EXT_BSCAN.bscan_switch/state_temp[0]_i_9_n_0
    SLICE_X114Y98        CARRY8 (Prop_CARRY8_SLICEL_S[2]_CO[7])
                                                      0.344    10.143 f  dbg_hub/inst/BSCANID.u_xsdbm_id/SWITCH_N_EXT_BSCAN.bscan_switch/state_temp_reg[0]_i_3/CO[7]
                         net (fo=4, estimated)        0.452    10.595    dbg_hub/inst/BSCANID.u_xsdbm_id/SWITCH_N_EXT_BSCAN.bscan_switch/state_temp_reg[0]_i_3_n_0
    SLICE_X116Y101       LUT5 (Prop_A5LUT_SLICEL_I1_O)
                                                      0.194    10.789 r  dbg_hub/inst/BSCANID.u_xsdbm_id/SWITCH_N_EXT_BSCAN.bscan_switch/portno_temp[5]_i_2/O
                         net (fo=7, estimated)        0.276    11.065    dbg_hub/inst/BSCANID.u_xsdbm_id/SWITCH_N_EXT_BSCAN.bscan_switch/portno_temp[5]_i_2_n_0
    SLICE_X115Y102       LUT3 (Prop_C6LUT_SLICEM_I1_O)
                                                      0.040    11.105 r  dbg_hub/inst/BSCANID.u_xsdbm_id/SWITCH_N_EXT_BSCAN.bscan_switch/portno_temp[4]_i_1/O
                         net (fo=1, routed)           0.030    11.135    dbg_hub/inst/BSCANID.u_xsdbm_id/SWITCH_N_EXT_BSCAN.bscan_switch/portno_temp[4]_i_1_n_0
    SLICE_X115Y102       FDRE                                         r  dbg_hub/inst/BSCANID.u_xsdbm_id/SWITCH_N_EXT_BSCAN.bscan_switch/portno_temp_reg[4]/D
  -------------------------------------------------------------------    -------------------

                         (clock dbg_hub/inst/BSCANID.u_xsdbm_id/SWITCH_N_EXT_BSCAN.bscan_inst/SERIES7_BSCAN.bscan_inst/TCK rise edge)
                                                     33.000    33.000 r  
    CONFIG_SITE_X0Y0     BSCANE2                      0.000    33.000 r  dbg_hub/inst/BSCANID.u_xsdbm_id/SWITCH_N_EXT_BSCAN.bscan_inst/SERIES7_BSCAN.bscan_inst/TCK
                         net (fo=1, estimated)        5.099    38.099    dbg_hub/inst/BSCANID.u_xsdbm_id/tck_bs
    BUFGCE_X1Y119        BUFGCE (Prop_BUFCE_BUFGCE_I_O)
                                                      0.075    38.174 r  dbg_hub/inst/BSCANID.u_xsdbm_id/SWITCH_N_EXT_BSCAN.u_bufg_icon_tck/O
    X4Y1 (CLOCK_ROOT)    net (fo=478, estimated)      2.935    41.109    dbg_hub/inst/BSCANID.u_xsdbm_id/SWITCH_N_EXT_BSCAN.bscan_switch/s_bscan_tck
    SLICE_X115Y102       FDRE                                         r  dbg_hub/inst/BSCANID.u_xsdbm_id/SWITCH_N_EXT_BSCAN.bscan_switch/portno_temp_reg[4]/C
                         clock pessimism              0.561    41.670    
                         clock uncertainty           -0.035    41.635    
    SLICE_X115Y102       FDRE (Setup_CFF_SLICEM_C_D)
                                                      0.059    41.694    dbg_hub/inst/BSCANID.u_xsdbm_id/SWITCH_N_EXT_BSCAN.bscan_switch/portno_temp_reg[4]
  -------------------------------------------------------------------
                         required time                         41.694    
                         arrival time                         -11.135    
  -------------------------------------------------------------------
                         slack                                 30.559    

Slack (MET) :             30.627ns  (required time - arrival time)
  Source:                 dbg_hub/inst/BSCANID.u_xsdbm_id/SWITCH_N_EXT_BSCAN.bscan_switch/temp_curid_reg[15]/C
                            (rising edge-triggered cell FDRE clocked by dbg_hub/inst/BSCANID.u_xsdbm_id/SWITCH_N_EXT_BSCAN.bscan_inst/SERIES7_BSCAN.bscan_inst/TCK  {rise@0.000ns fall@16.500ns period=33.000ns})
  Destination:            dbg_hub/inst/BSCANID.u_xsdbm_id/SWITCH_N_EXT_BSCAN.bscan_switch/portno_temp_reg[3]/D
                            (rising edge-triggered cell FDRE clocked by dbg_hub/inst/BSCANID.u_xsdbm_id/SWITCH_N_EXT_BSCAN.bscan_inst/SERIES7_BSCAN.bscan_inst/TCK  {rise@0.000ns fall@16.500ns period=33.000ns})
  Path Group:             dbg_hub/inst/BSCANID.u_xsdbm_id/SWITCH_N_EXT_BSCAN.bscan_inst/SERIES7_BSCAN.bscan_inst/TCK
  Path Type:              Setup (Max at Slow Process Corner)
  Requirement:            33.000ns  (dbg_hub/inst/BSCANID.u_xsdbm_id/SWITCH_N_EXT_BSCAN.bscan_inst/SERIES7_BSCAN.bscan_inst/TCK rise@33.000ns - dbg_hub/inst/BSCANID.u_xsdbm_id/SWITCH_N_EXT_BSCAN.bscan_inst/SERIES7_BSCAN.bscan_inst/TCK rise@0.000ns)
  Data Path Delay:        2.308ns  (logic 0.972ns (42.114%)  route 1.336ns (57.886%))
  Logic Levels:           5  (CARRY8=1 LUT3=1 LUT4=1 LUT5=1 LUT6=1)
  Clock Path Skew:        -0.089ns (DCD - SCD + CPR)
    Destination Clock Delay (DCD):    8.110ns = ( 41.110 - 33.000 ) 
    Source Clock Delay      (SCD):    8.760ns
    Clock Pessimism Removal (CPR):    0.561ns
  Clock Uncertainty:      0.035ns  ((TSJ^2 + TIJ^2)^1/2 + DJ) / 2 + PE
    Total System Jitter     (TSJ):    0.071ns
    Total Input Jitter      (TIJ):    0.000ns
    Discrete Jitter          (DJ):    0.000ns
    Phase Error              (PE):    0.000ns
  Clock Net Delay (Source):      3.298ns (routing 2.034ns, distribution 1.264ns)
  Clock Net Delay (Destination): 2.936ns (routing 1.867ns, distribution 1.069ns)

    Location             Delay type                Incr(ns)  Path(ns)    Netlist Resource(s)
  -------------------------------------------------------------------    -------------------
                         (clock dbg_hub/inst/BSCANID.u_xsdbm_id/SWITCH_N_EXT_BSCAN.bscan_inst/SERIES7_BSCAN.bscan_inst/TCK rise edge)
                                                      0.000     0.000 r  
    CONFIG_SITE_X0Y0     BSCANE2                      0.000     0.000 r  dbg_hub/inst/BSCANID.u_xsdbm_id/SWITCH_N_EXT_BSCAN.bscan_inst/SERIES7_BSCAN.bscan_inst/TCK
                         net (fo=1, estimated)        5.379     5.379    dbg_hub/inst/BSCANID.u_xsdbm_id/tck_bs
    BUFGCE_X1Y119        BUFGCE (Prop_BUFCE_BUFGCE_I_O)
                                                      0.083     5.462 r  dbg_hub/inst/BSCANID.u_xsdbm_id/SWITCH_N_EXT_BSCAN.u_bufg_icon_tck/O
    X4Y1 (CLOCK_ROOT)    net (fo=478, estimated)      3.298     8.760    dbg_hub/inst/BSCANID.u_xsdbm_id/SWITCH_N_EXT_BSCAN.bscan_switch/s_bscan_tck
    SLICE_X115Y99        FDRE                                         r  dbg_hub/inst/BSCANID.u_xsdbm_id/SWITCH_N_EXT_BSCAN.bscan_switch/temp_curid_reg[15]/C
  -------------------------------------------------------------------    -------------------
    SLICE_X115Y99        FDRE (Prop_FFF_SLICEM_C_Q)
                                                      0.114     8.874 r  dbg_hub/inst/BSCANID.u_xsdbm_id/SWITCH_N_EXT_BSCAN.bscan_switch/temp_curid_reg[15]/Q
                         net (fo=2, estimated)        0.384     9.258    dbg_hub/inst/BSCANID.u_xsdbm_id/SWITCH_N_EXT_BSCAN.bscan_switch/temp_curid[15]
    SLICE_X115Y99        LUT4 (Prop_D5LUT_SLICEM_I0_O)
                                                      0.210     9.468 r  dbg_hub/inst/BSCANID.u_xsdbm_id/SWITCH_N_EXT_BSCAN.bscan_switch/curid_inferred_i_17/O
                         net (fo=2, estimated)        0.261     9.729    dbg_hub/inst/BSCANID.u_xsdbm_id/SWITCH_N_EXT_BSCAN.bscan_switch/curid[15]
    SLICE_X114Y98        LUT6 (Prop_C6LUT_SLICEL_I3_O)
                                                      0.070     9.799 r  dbg_hub/inst/BSCANID.u_xsdbm_id/SWITCH_N_EXT_BSCAN.bscan_switch/state_temp[0]_i_9/O
                         net (fo=1, routed)           0.000     9.799    dbg_hub/inst/BSCANID.u_xsdbm_id/SWITCH_N_EXT_BSCAN.bscan_switch/state_temp[0]_i_9_n_0
    SLICE_X114Y98        CARRY8 (Prop_CARRY8_SLICEL_S[2]_CO[7])
                                                      0.344    10.143 f  dbg_hub/inst/BSCANID.u_xsdbm_id/SWITCH_N_EXT_BSCAN.bscan_switch/state_temp_reg[0]_i_3/CO[7]
                         net (fo=4, estimated)        0.452    10.595    dbg_hub/inst/BSCANID.u_xsdbm_id/SWITCH_N_EXT_BSCAN.bscan_switch/state_temp_reg[0]_i_3_n_0
    SLICE_X116Y101       LUT5 (Prop_A5LUT_SLICEL_I1_O)
                                                      0.194    10.789 r  dbg_hub/inst/BSCANID.u_xsdbm_id/SWITCH_N_EXT_BSCAN.bscan_switch/portno_temp[5]_i_2/O
                         net (fo=7, estimated)        0.210    10.999    dbg_hub/inst/BSCANID.u_xsdbm_id/SWITCH_N_EXT_BSCAN.bscan_switch/portno_temp[5]_i_2_n_0
    SLICE_X116Y102       LUT3 (Prop_C6LUT_SLICEL_I1_O)
                                                      0.040    11.039 r  dbg_hub/inst/BSCANID.u_xsdbm_id/SWITCH_N_EXT_BSCAN.bscan_switch/portno_temp[3]_i_1/O
                         net (fo=1, routed)           0.029    11.068    dbg_hub/inst/BSCANID.u_xsdbm_id/SWITCH_N_EXT_BSCAN.bscan_switch/portno_temp[3]_i_1_n_0
    SLICE_X116Y102       FDRE                                         r  dbg_hub/inst/BSCANID.u_xsdbm_id/SWITCH_N_EXT_BSCAN.bscan_switch/portno_temp_reg[3]/D
  -------------------------------------------------------------------    -------------------

                         (clock dbg_hub/inst/BSCANID.u_xsdbm_id/SWITCH_N_EXT_BSCAN.bscan_inst/SERIES7_BSCAN.bscan_inst/TCK rise edge)
                                                     33.000    33.000 r  
    CONFIG_SITE_X0Y0     BSCANE2                      0.000    33.000 r  dbg_hub/inst/BSCANID.u_xsdbm_id/SWITCH_N_EXT_BSCAN.bscan_inst/SERIES7_BSCAN.bscan_inst/TCK
                         net (fo=1, estimated)        5.099    38.099    dbg_hub/inst/BSCANID.u_xsdbm_id/tck_bs
    BUFGCE_X1Y119        BUFGCE (Prop_BUFCE_BUFGCE_I_O)
                                                      0.075    38.174 r  dbg_hub/inst/BSCANID.u_xsdbm_id/SWITCH_N_EXT_BSCAN.u_bufg_icon_tck/O
    X4Y1 (CLOCK_ROOT)    net (fo=478, estimated)      2.936    41.110    dbg_hub/inst/BSCANID.u_xsdbm_id/SWITCH_N_EXT_BSCAN.bscan_switch/s_bscan_tck
    SLICE_X116Y102       FDRE                                         r  dbg_hub/inst/BSCANID.u_xsdbm_id/SWITCH_N_EXT_BSCAN.bscan_switch/portno_temp_reg[3]/C
                         clock pessimism              0.561    41.671    
                         clock uncertainty           -0.035    41.636    
    SLICE_X116Y102       FDRE (Setup_CFF_SLICEL_C_D)
                                                      0.059    41.695    dbg_hub/inst/BSCANID.u_xsdbm_id/SWITCH_N_EXT_BSCAN.bscan_switch/portno_temp_reg[3]
  -------------------------------------------------------------------
                         required time                         41.695    
                         arrival time                         -11.068    
  -------------------------------------------------------------------
                         slack                                 30.627    

Slack (MET) :             30.721ns  (required time - arrival time)
  Source:                 dbg_hub/inst/BSCANID.u_xsdbm_id/CORE_XSDB.UUT_MASTER/U_ICON_INTERFACE/icn_cmd_en_reg[6]/C
                            (rising edge-triggered cell FDRE clocked by dbg_hub/inst/BSCANID.u_xsdbm_id/SWITCH_N_EXT_BSCAN.bscan_inst/SERIES7_BSCAN.bscan_inst/TCK  {rise@0.000ns fall@16.500ns period=33.000ns})
  Destination:            dbg_hub/inst/BSCANID.u_xsdbm_id/CORE_XSDB.UUT_MASTER/U_ICON_INTERFACE/U_CMD6_WR/U_WR_FIFO/SUBCORE_FIFO.xsdbm_v3_0_0_wrfifo_inst/inst_fifo_gen/gconvfifo.rf/grf.rf/gntv_or_sync_fifo.mem/gdm.dm_gen.dm/RAM_reg_0_15_0_13/RAMA/WE
                            (rising edge-triggered cell RAMD32 clocked by dbg_hub/inst/BSCANID.u_xsdbm_id/SWITCH_N_EXT_BSCAN.bscan_inst/SERIES7_BSCAN.bscan_inst/TCK  {rise@0.000ns fall@16.500ns period=33.000ns})
  Path Group:             dbg_hub/inst/BSCANID.u_xsdbm_id/SWITCH_N_EXT_BSCAN.bscan_inst/SERIES7_BSCAN.bscan_inst/TCK
  Path Type:              Setup (Max at Slow Process Corner)
  Requirement:            33.000ns  (dbg_hub/inst/BSCANID.u_xsdbm_id/SWITCH_N_EXT_BSCAN.bscan_inst/SERIES7_BSCAN.bscan_inst/TCK rise@33.000ns - dbg_hub/inst/BSCANID.u_xsdbm_id/SWITCH_N_EXT_BSCAN.bscan_inst/SERIES7_BSCAN.bscan_inst/TCK rise@0.000ns)
  Data Path Delay:        1.675ns  (logic 0.345ns (20.597%)  route 1.330ns (79.403%))
  Logic Levels:           2  (LUT2=1 LUT6=1)
  Clock Path Skew:        -0.165ns (DCD - SCD + CPR)
    Destination Clock Delay (DCD):    8.153ns = ( 41.153 - 33.000 ) 
    Source Clock Delay      (SCD):    8.773ns
    Clock Pessimism Removal (CPR):    0.455ns
  Clock Uncertainty:      0.035ns  ((TSJ^2 + TIJ^2)^1/2 + DJ) / 2 + PE
    Total System Jitter     (TSJ):    0.071ns
    Total Input Jitter      (TIJ):    0.000ns
    Discrete Jitter          (DJ):    0.000ns
    Phase Error              (PE):    0.000ns
  Clock Net Delay (Source):      3.311ns (routing 2.034ns, distribution 1.277ns)
  Clock Net Delay (Destination): 2.979ns (routing 1.867ns, distribution 1.112ns)

    Location             Delay type                Incr(ns)  Path(ns)    Netlist Resource(s)
  -------------------------------------------------------------------    -------------------
                         (clock dbg_hub/inst/BSCANID.u_xsdbm_id/SWITCH_N_EXT_BSCAN.bscan_inst/SERIES7_BSCAN.bscan_inst/TCK rise edge)
                                                      0.000     0.000 r  
    CONFIG_SITE_X0Y0     BSCANE2                      0.000     0.000 r  dbg_hub/inst/BSCANID.u_xsdbm_id/SWITCH_N_EXT_BSCAN.bscan_inst/SERIES7_BSCAN.bscan_inst/TCK
                         net (fo=1, estimated)        5.379     5.379    dbg_hub/inst/BSCANID.u_xsdbm_id/tck_bs
    BUFGCE_X1Y119        BUFGCE (Prop_BUFCE_BUFGCE_I_O)
                                                      0.083     5.462 r  dbg_hub/inst/BSCANID.u_xsdbm_id/SWITCH_N_EXT_BSCAN.u_bufg_icon_tck/O
    X4Y1 (CLOCK_ROOT)    net (fo=478, estimated)      3.311     8.773    dbg_hub/inst/BSCANID.u_xsdbm_id/CORE_XSDB.UUT_MASTER/U_ICON_INTERFACE/m_bscan_tck[0]
    SLICE_X113Y111       FDRE                                         r  dbg_hub/inst/BSCANID.u_xsdbm_id/CORE_XSDB.UUT_MASTER/U_ICON_INTERFACE/icn_cmd_en_reg[6]/C
  -------------------------------------------------------------------    -------------------
    SLICE_X113Y111       FDRE (Prop_BFF_SLICEM_C_Q)
                                                      0.113     8.886 r  dbg_hub/inst/BSCANID.u_xsdbm_id/CORE_XSDB.UUT_MASTER/U_ICON_INTERFACE/icn_cmd_en_reg[6]/Q
                         net (fo=25, estimated)       0.512     9.398    dbg_hub/inst/BSCANID.u_xsdbm_id/CORE_XSDB.UUT_MASTER/U_ICON_INTERFACE/U_CMD6_WR/U_WR_FIFO/p_0_in_0
    SLICE_X110Y118       LUT6 (Prop_F6LUT_SLICEM_I0_O)
                                                      0.192     9.590 r  dbg_hub/inst/BSCANID.u_xsdbm_id/CORE_XSDB.UUT_MASTER/U_ICON_INTERFACE/U_CMD6_WR/U_WR_FIFO/SUBCORE_FIFO.xsdbm_v3_0_0_wrfifo_inst_i_1/O
                         net (fo=3, estimated)        0.329     9.919    dbg_hub/inst/BSCANID.u_xsdbm_id/CORE_XSDB.UUT_MASTER/U_ICON_INTERFACE/U_CMD6_WR/U_WR_FIFO/SUBCORE_FIFO.xsdbm_v3_0_0_wrfifo_inst/inst_fifo_gen/gconvfifo.rf/grf.rf/gntv_or_sync_fifo.gl0.wr/gwas.wsts/wr_en
    SLICE_X112Y121       LUT2 (Prop_C6LUT_SLICEM_I0_O)
                                                      0.040     9.959 r  dbg_hub/inst/BSCANID.u_xsdbm_id/CORE_XSDB.UUT_MASTER/U_ICON_INTERFACE/U_CMD6_WR/U_WR_FIFO/SUBCORE_FIFO.xsdbm_v3_0_0_wrfifo_inst/inst_fifo_gen/gconvfifo.rf/grf.rf/gntv_or_sync_fifo.gl0.wr/gwas.wsts/gic0.gc0.count_d1[3]_i_1/O
                         net (fo=32, estimated)       0.489    10.448    dbg_hub/inst/BSCANID.u_xsdbm_id/CORE_XSDB.UUT_MASTER/U_ICON_INTERFACE/U_CMD6_WR/U_WR_FIFO/SUBCORE_FIFO.xsdbm_v3_0_0_wrfifo_inst/inst_fifo_gen/gconvfifo.rf/grf.rf/gntv_or_sync_fifo.mem/gdm.dm_gen.dm/RAM_reg_0_15_0_13/WE
    SLICE_X107Y122       RAMD32                                       r  dbg_hub/inst/BSCANID.u_xsdbm_id/CORE_XSDB.UUT_MASTER/U_ICON_INTERFACE/U_CMD6_WR/U_WR_FIFO/SUBCORE_FIFO.xsdbm_v3_0_0_wrfifo_inst/inst_fifo_gen/gconvfifo.rf/grf.rf/gntv_or_sync_fifo.mem/gdm.dm_gen.dm/RAM_reg_0_15_0_13/RAMA/WE
  -------------------------------------------------------------------    -------------------

                         (clock dbg_hub/inst/BSCANID.u_xsdbm_id/SWITCH_N_EXT_BSCAN.bscan_inst/SERIES7_BSCAN.bscan_inst/TCK rise edge)
                                                     33.000    33.000 r  
    CONFIG_SITE_X0Y0     BSCANE2                      0.000    33.000 r  dbg_hub/inst/BSCANID.u_xsdbm_id/SWITCH_N_EXT_BSCAN.bscan_inst/SERIES7_BSCAN.bscan_inst/TCK
                         net (fo=1, estimated)        5.099    38.099    dbg_hub/inst/BSCANID.u_xsdbm_id/tck_bs
    BUFGCE_X1Y119        BUFGCE (Prop_BUFCE_BUFGCE_I_O)
                                                      0.075    38.174 r  dbg_hub/inst/BSCANID.u_xsdbm_id/SWITCH_N_EXT_BSCAN.u_bufg_icon_tck/O
    X4Y1 (CLOCK_ROOT)    net (fo=478, estimated)      2.979    41.153    dbg_hub/inst/BSCANID.u_xsdbm_id/CORE_XSDB.UUT_MASTER/U_ICON_INTERFACE/U_CMD6_WR/U_WR_FIFO/SUBCORE_FIFO.xsdbm_v3_0_0_wrfifo_inst/inst_fifo_gen/gconvfifo.rf/grf.rf/gntv_or_sync_fifo.mem/gdm.dm_gen.dm/RAM_reg_0_15_0_13/WCLK
    SLICE_X107Y122       RAMD32                                       r  dbg_hub/inst/BSCANID.u_xsdbm_id/CORE_XSDB.UUT_MASTER/U_ICON_INTERFACE/U_CMD6_WR/U_WR_FIFO/SUBCORE_FIFO.xsdbm_v3_0_0_wrfifo_inst/inst_fifo_gen/gconvfifo.rf/grf.rf/gntv_or_sync_fifo.mem/gdm.dm_gen.dm/RAM_reg_0_15_0_13/RAMA/CLK
                         clock pessimism              0.455    41.608    
                         clock uncertainty           -0.035    41.573    
    SLICE_X107Y122       RAMD32 (Setup_A5LUT_SLICEM_CLK_WE)
                                                     -0.404    41.169    dbg_hub/inst/BSCANID.u_xsdbm_id/CORE_XSDB.UUT_MASTER/U_ICON_INTERFACE/U_CMD6_WR/U_WR_FIFO/SUBCORE_FIFO.xsdbm_v3_0_0_wrfifo_inst/inst_fifo_gen/gconvfifo.rf/grf.rf/gntv_or_sync_fifo.mem/gdm.dm_gen.dm/RAM_reg_0_15_0_13/RAMA
  -------------------------------------------------------------------
                         required time                         41.169    
                         arrival time                         -10.448    
  -------------------------------------------------------------------
                         slack                                 30.721    

Slack (MET) :             30.721ns  (required time - arrival time)
  Source:                 dbg_hub/inst/BSCANID.u_xsdbm_id/CORE_XSDB.UUT_MASTER/U_ICON_INTERFACE/icn_cmd_en_reg[6]/C
                            (rising edge-triggered cell FDRE clocked by dbg_hub/inst/BSCANID.u_xsdbm_id/SWITCH_N_EXT_BSCAN.bscan_inst/SERIES7_BSCAN.bscan_inst/TCK  {rise@0.000ns fall@16.500ns period=33.000ns})
  Destination:            dbg_hub/inst/BSCANID.u_xsdbm_id/CORE_XSDB.UUT_MASTER/U_ICON_INTERFACE/U_CMD6_WR/U_WR_FIFO/SUBCORE_FIFO.xsdbm_v3_0_0_wrfifo_inst/inst_fifo_gen/gconvfifo.rf/grf.rf/gntv_or_sync_fifo.mem/gdm.dm_gen.dm/RAM_reg_0_15_0_13/RAMA_D1/WE
                            (rising edge-triggered cell RAMD32 clocked by dbg_hub/inst/BSCANID.u_xsdbm_id/SWITCH_N_EXT_BSCAN.bscan_inst/SERIES7_BSCAN.bscan_inst/TCK  {rise@0.000ns fall@16.500ns period=33.000ns})
  Path Group:             dbg_hub/inst/BSCANID.u_xsdbm_id/SWITCH_N_EXT_BSCAN.bscan_inst/SERIES7_BSCAN.bscan_inst/TCK
  Path Type:              Setup (Max at Slow Process Corner)
  Requirement:            33.000ns  (dbg_hub/inst/BSCANID.u_xsdbm_id/SWITCH_N_EXT_BSCAN.bscan_inst/SERIES7_BSCAN.bscan_inst/TCK rise@33.000ns - dbg_hub/inst/BSCANID.u_xsdbm_id/SWITCH_N_EXT_BSCAN.bscan_inst/SERIES7_BSCAN.bscan_inst/TCK rise@0.000ns)
  Data Path Delay:        1.675ns  (logic 0.345ns (20.597%)  route 1.330ns (79.403%))
  Logic Levels:           2  (LUT2=1 LUT6=1)
  Clock Path Skew:        -0.165ns (DCD - SCD + CPR)
    Destination Clock Delay (DCD):    8.153ns = ( 41.153 - 33.000 ) 
    Source Clock Delay      (SCD):    8.773ns
    Clock Pessimism Removal (CPR):    0.455ns
  Clock Uncertainty:      0.035ns  ((TSJ^2 + TIJ^2)^1/2 + DJ) / 2 + PE
    Total System Jitter     (TSJ):    0.071ns
    Total Input Jitter      (TIJ):    0.000ns
    Discrete Jitter          (DJ):    0.000ns
    Phase Error              (PE):    0.000ns
  Clock Net Delay (Source):      3.311ns (routing 2.034ns, distribution 1.277ns)
  Clock Net Delay (Destination): 2.979ns (routing 1.867ns, distribution 1.112ns)

    Location             Delay type                Incr(ns)  Path(ns)    Netlist Resource(s)
  -------------------------------------------------------------------    -------------------
                         (clock dbg_hub/inst/BSCANID.u_xsdbm_id/SWITCH_N_EXT_BSCAN.bscan_inst/SERIES7_BSCAN.bscan_inst/TCK rise edge)
                                                      0.000     0.000 r  
    CONFIG_SITE_X0Y0     BSCANE2                      0.000     0.000 r  dbg_hub/inst/BSCANID.u_xsdbm_id/SWITCH_N_EXT_BSCAN.bscan_inst/SERIES7_BSCAN.bscan_inst/TCK
                         net (fo=1, estimated)        5.379     5.379    dbg_hub/inst/BSCANID.u_xsdbm_id/tck_bs
    BUFGCE_X1Y119        BUFGCE (Prop_BUFCE_BUFGCE_I_O)
                                                      0.083     5.462 r  dbg_hub/inst/BSCANID.u_xsdbm_id/SWITCH_N_EXT_BSCAN.u_bufg_icon_tck/O
    X4Y1 (CLOCK_ROOT)    net (fo=478, estimated)      3.311     8.773    dbg_hub/inst/BSCANID.u_xsdbm_id/CORE_XSDB.UUT_MASTER/U_ICON_INTERFACE/m_bscan_tck[0]
    SLICE_X113Y111       FDRE                                         r  dbg_hub/inst/BSCANID.u_xsdbm_id/CORE_XSDB.UUT_MASTER/U_ICON_INTERFACE/icn_cmd_en_reg[6]/C
  -------------------------------------------------------------------    -------------------
    SLICE_X113Y111       FDRE (Prop_BFF_SLICEM_C_Q)
                                                      0.113     8.886 r  dbg_hub/inst/BSCANID.u_xsdbm_id/CORE_XSDB.UUT_MASTER/U_ICON_INTERFACE/icn_cmd_en_reg[6]/Q
                         net (fo=25, estimated)       0.512     9.398    dbg_hub/inst/BSCANID.u_xsdbm_id/CORE_XSDB.UUT_MASTER/U_ICON_INTERFACE/U_CMD6_WR/U_WR_FIFO/p_0_in_0
    SLICE_X110Y118       LUT6 (Prop_F6LUT_SLICEM_I0_O)
                                                      0.192     9.590 r  dbg_hub/inst/BSCANID.u_xsdbm_id/CORE_XSDB.UUT_MASTER/U_ICON_INTERFACE/U_CMD6_WR/U_WR_FIFO/SUBCORE_FIFO.xsdbm_v3_0_0_wrfifo_inst_i_1/O
                         net (fo=3, estimated)        0.329     9.919    dbg_hub/inst/BSCANID.u_xsdbm_id/CORE_XSDB.UUT_MASTER/U_ICON_INTERFACE/U_CMD6_WR/U_WR_FIFO/SUBCORE_FIFO.xsdbm_v3_0_0_wrfifo_inst/inst_fifo_gen/gconvfifo.rf/grf.rf/gntv_or_sync_fifo.gl0.wr/gwas.wsts/wr_en
    SLICE_X112Y121       LUT2 (Prop_C6LUT_SLICEM_I0_O)
                                                      0.040     9.959 r  dbg_hub/inst/BSCANID.u_xsdbm_id/CORE_XSDB.UUT_MASTER/U_ICON_INTERFACE/U_CMD6_WR/U_WR_FIFO/SUBCORE_FIFO.xsdbm_v3_0_0_wrfifo_inst/inst_fifo_gen/gconvfifo.rf/grf.rf/gntv_or_sync_fifo.gl0.wr/gwas.wsts/gic0.gc0.count_d1[3]_i_1/O
                         net (fo=32, estimated)       0.489    10.448    dbg_hub/inst/BSCANID.u_xsdbm_id/CORE_XSDB.UUT_MASTER/U_ICON_INTERFACE/U_CMD6_WR/U_WR_FIFO/SUBCORE_FIFO.xsdbm_v3_0_0_wrfifo_inst/inst_fifo_gen/gconvfifo.rf/grf.rf/gntv_or_sync_fifo.mem/gdm.dm_gen.dm/RAM_reg_0_15_0_13/WE
    SLICE_X107Y122       RAMD32                                       r  dbg_hub/inst/BSCANID.u_xsdbm_id/CORE_XSDB.UUT_MASTER/U_ICON_INTERFACE/U_CMD6_WR/U_WR_FIFO/SUBCORE_FIFO.xsdbm_v3_0_0_wrfifo_inst/inst_fifo_gen/gconvfifo.rf/grf.rf/gntv_or_sync_fifo.mem/gdm.dm_gen.dm/RAM_reg_0_15_0_13/RAMA_D1/WE
  -------------------------------------------------------------------    -------------------

                         (clock dbg_hub/inst/BSCANID.u_xsdbm_id/SWITCH_N_EXT_BSCAN.bscan_inst/SERIES7_BSCAN.bscan_inst/TCK rise edge)
                                                     33.000    33.000 r  
    CONFIG_SITE_X0Y0     BSCANE2                      0.000    33.000 r  dbg_hub/inst/BSCANID.u_xsdbm_id/SWITCH_N_EXT_BSCAN.bscan_inst/SERIES7_BSCAN.bscan_inst/TCK
                         net (fo=1, estimated)        5.099    38.099    dbg_hub/inst/BSCANID.u_xsdbm_id/tck_bs
    BUFGCE_X1Y119        BUFGCE (Prop_BUFCE_BUFGCE_I_O)
                                                      0.075    38.174 r  dbg_hub/inst/BSCANID.u_xsdbm_id/SWITCH_N_EXT_BSCAN.u_bufg_icon_tck/O
    X4Y1 (CLOCK_ROOT)    net (fo=478, estimated)      2.979    41.153    dbg_hub/inst/BSCANID.u_xsdbm_id/CORE_XSDB.UUT_MASTER/U_ICON_INTERFACE/U_CMD6_WR/U_WR_FIFO/SUBCORE_FIFO.xsdbm_v3_0_0_wrfifo_inst/inst_fifo_gen/gconvfifo.rf/grf.rf/gntv_or_sync_fifo.mem/gdm.dm_gen.dm/RAM_reg_0_15_0_13/WCLK
    SLICE_X107Y122       RAMD32                                       r  dbg_hub/inst/BSCANID.u_xsdbm_id/CORE_XSDB.UUT_MASTER/U_ICON_INTERFACE/U_CMD6_WR/U_WR_FIFO/SUBCORE_FIFO.xsdbm_v3_0_0_wrfifo_inst/inst_fifo_gen/gconvfifo.rf/grf.rf/gntv_or_sync_fifo.mem/gdm.dm_gen.dm/RAM_reg_0_15_0_13/RAMA_D1/CLK
                         clock pessimism              0.455    41.608    
                         clock uncertainty           -0.035    41.573    
    SLICE_X107Y122       RAMD32 (Setup_A6LUT_SLICEM_CLK_WE)
                                                     -0.404    41.169    dbg_hub/inst/BSCANID.u_xsdbm_id/CORE_XSDB.UUT_MASTER/U_ICON_INTERFACE/U_CMD6_WR/U_WR_FIFO/SUBCORE_FIFO.xsdbm_v3_0_0_wrfifo_inst/inst_fifo_gen/gconvfifo.rf/grf.rf/gntv_or_sync_fifo.mem/gdm.dm_gen.dm/RAM_reg_0_15_0_13/RAMA_D1
  -------------------------------------------------------------------
                         required time                         41.169    
                         arrival time                         -10.448    
  -------------------------------------------------------------------
                         slack                                 30.721    

Slack (MET) :             30.721ns  (required time - arrival time)
  Source:                 dbg_hub/inst/BSCANID.u_xsdbm_id/CORE_XSDB.UUT_MASTER/U_ICON_INTERFACE/icn_cmd_en_reg[6]/C
                            (rising edge-triggered cell FDRE clocked by dbg_hub/inst/BSCANID.u_xsdbm_id/SWITCH_N_EXT_BSCAN.bscan_inst/SERIES7_BSCAN.bscan_inst/TCK  {rise@0.000ns fall@16.500ns period=33.000ns})
  Destination:            dbg_hub/inst/BSCANID.u_xsdbm_id/CORE_XSDB.UUT_MASTER/U_ICON_INTERFACE/U_CMD6_WR/U_WR_FIFO/SUBCORE_FIFO.xsdbm_v3_0_0_wrfifo_inst/inst_fifo_gen/gconvfifo.rf/grf.rf/gntv_or_sync_fifo.mem/gdm.dm_gen.dm/RAM_reg_0_15_0_13/RAMB/WE
                            (rising edge-triggered cell RAMD32 clocked by dbg_hub/inst/BSCANID.u_xsdbm_id/SWITCH_N_EXT_BSCAN.bscan_inst/SERIES7_BSCAN.bscan_inst/TCK  {rise@0.000ns fall@16.500ns period=33.000ns})
  Path Group:             dbg_hub/inst/BSCANID.u_xsdbm_id/SWITCH_N_EXT_BSCAN.bscan_inst/SERIES7_BSCAN.bscan_inst/TCK
  Path Type:              Setup (Max at Slow Process Corner)
  Requirement:            33.000ns  (dbg_hub/inst/BSCANID.u_xsdbm_id/SWITCH_N_EXT_BSCAN.bscan_inst/SERIES7_BSCAN.bscan_inst/TCK rise@33.000ns - dbg_hub/inst/BSCANID.u_xsdbm_id/SWITCH_N_EXT_BSCAN.bscan_inst/SERIES7_BSCAN.bscan_inst/TCK rise@0.000ns)
  Data Path Delay:        1.675ns  (logic 0.345ns (20.597%)  route 1.330ns (79.403%))
  Logic Levels:           2  (LUT2=1 LUT6=1)
  Clock Path Skew:        -0.165ns (DCD - SCD + CPR)
    Destination Clock Delay (DCD):    8.153ns = ( 41.153 - 33.000 ) 
    Source Clock Delay      (SCD):    8.773ns
    Clock Pessimism Removal (CPR):    0.455ns
  Clock Uncertainty:      0.035ns  ((TSJ^2 + TIJ^2)^1/2 + DJ) / 2 + PE
    Total System Jitter     (TSJ):    0.071ns
    Total Input Jitter      (TIJ):    0.000ns
    Discrete Jitter          (DJ):    0.000ns
    Phase Error              (PE):    0.000ns
  Clock Net Delay (Source):      3.311ns (routing 2.034ns, distribution 1.277ns)
  Clock Net Delay (Destination): 2.979ns (routing 1.867ns, distribution 1.112ns)

    Location             Delay type                Incr(ns)  Path(ns)    Netlist Resource(s)
  -------------------------------------------------------------------    -------------------
                         (clock dbg_hub/inst/BSCANID.u_xsdbm_id/SWITCH_N_EXT_BSCAN.bscan_inst/SERIES7_BSCAN.bscan_inst/TCK rise edge)
                                                      0.000     0.000 r  
    CONFIG_SITE_X0Y0     BSCANE2                      0.000     0.000 r  dbg_hub/inst/BSCANID.u_xsdbm_id/SWITCH_N_EXT_BSCAN.bscan_inst/SERIES7_BSCAN.bscan_inst/TCK
                         net (fo=1, estimated)        5.379     5.379    dbg_hub/inst/BSCANID.u_xsdbm_id/tck_bs
    BUFGCE_X1Y119        BUFGCE (Prop_BUFCE_BUFGCE_I_O)
                                                      0.083     5.462 r  dbg_hub/inst/BSCANID.u_xsdbm_id/SWITCH_N_EXT_BSCAN.u_bufg_icon_tck/O
    X4Y1 (CLOCK_ROOT)    net (fo=478, estimated)      3.311     8.773    dbg_hub/inst/BSCANID.u_xsdbm_id/CORE_XSDB.UUT_MASTER/U_ICON_INTERFACE/m_bscan_tck[0]
    SLICE_X113Y111       FDRE                                         r  dbg_hub/inst/BSCANID.u_xsdbm_id/CORE_XSDB.UUT_MASTER/U_ICON_INTERFACE/icn_cmd_en_reg[6]/C
  -------------------------------------------------------------------    -------------------
    SLICE_X113Y111       FDRE (Prop_BFF_SLICEM_C_Q)
                                                      0.113     8.886 r  dbg_hub/inst/BSCANID.u_xsdbm_id/CORE_XSDB.UUT_MASTER/U_ICON_INTERFACE/icn_cmd_en_reg[6]/Q
                         net (fo=25, estimated)       0.512     9.398    dbg_hub/inst/BSCANID.u_xsdbm_id/CORE_XSDB.UUT_MASTER/U_ICON_INTERFACE/U_CMD6_WR/U_WR_FIFO/p_0_in_0
    SLICE_X110Y118       LUT6 (Prop_F6LUT_SLICEM_I0_O)
                                                      0.192     9.590 r  dbg_hub/inst/BSCANID.u_xsdbm_id/CORE_XSDB.UUT_MASTER/U_ICON_INTERFACE/U_CMD6_WR/U_WR_FIFO/SUBCORE_FIFO.xsdbm_v3_0_0_wrfifo_inst_i_1/O
                         net (fo=3, estimated)        0.329     9.919    dbg_hub/inst/BSCANID.u_xsdbm_id/CORE_XSDB.UUT_MASTER/U_ICON_INTERFACE/U_CMD6_WR/U_WR_FIFO/SUBCORE_FIFO.xsdbm_v3_0_0_wrfifo_inst/inst_fifo_gen/gconvfifo.rf/grf.rf/gntv_or_sync_fifo.gl0.wr/gwas.wsts/wr_en
    SLICE_X112Y121       LUT2 (Prop_C6LUT_SLICEM_I0_O)
                                                      0.040     9.959 r  dbg_hub/inst/BSCANID.u_xsdbm_id/CORE_XSDB.UUT_MASTER/U_ICON_INTERFACE/U_CMD6_WR/U_WR_FIFO/SUBCORE_FIFO.xsdbm_v3_0_0_wrfifo_inst/inst_fifo_gen/gconvfifo.rf/grf.rf/gntv_or_sync_fifo.gl0.wr/gwas.wsts/gic0.gc0.count_d1[3]_i_1/O
                         net (fo=32, estimated)       0.489    10.448    dbg_hub/inst/BSCANID.u_xsdbm_id/CORE_XSDB.UUT_MASTER/U_ICON_INTERFACE/U_CMD6_WR/U_WR_FIFO/SUBCORE_FIFO.xsdbm_v3_0_0_wrfifo_inst/inst_fifo_gen/gconvfifo.rf/grf.rf/gntv_or_sync_fifo.mem/gdm.dm_gen.dm/RAM_reg_0_15_0_13/WE
    SLICE_X107Y122       RAMD32                                       r  dbg_hub/inst/BSCANID.u_xsdbm_id/CORE_XSDB.UUT_MASTER/U_ICON_INTERFACE/U_CMD6_WR/U_WR_FIFO/SUBCORE_FIFO.xsdbm_v3_0_0_wrfifo_inst/inst_fifo_gen/gconvfifo.rf/grf.rf/gntv_or_sync_fifo.mem/gdm.dm_gen.dm/RAM_reg_0_15_0_13/RAMB/WE
  -------------------------------------------------------------------    -------------------

                         (clock dbg_hub/inst/BSCANID.u_xsdbm_id/SWITCH_N_EXT_BSCAN.bscan_inst/SERIES7_BSCAN.bscan_inst/TCK rise edge)
                                                     33.000    33.000 r  
    CONFIG_SITE_X0Y0     BSCANE2                      0.000    33.000 r  dbg_hub/inst/BSCANID.u_xsdbm_id/SWITCH_N_EXT_BSCAN.bscan_inst/SERIES7_BSCAN.bscan_inst/TCK
                         net (fo=1, estimated)        5.099    38.099    dbg_hub/inst/BSCANID.u_xsdbm_id/tck_bs
    BUFGCE_X1Y119        BUFGCE (Prop_BUFCE_BUFGCE_I_O)
                                                      0.075    38.174 r  dbg_hub/inst/BSCANID.u_xsdbm_id/SWITCH_N_EXT_BSCAN.u_bufg_icon_tck/O
    X4Y1 (CLOCK_ROOT)    net (fo=478, estimated)      2.979    41.153    dbg_hub/inst/BSCANID.u_xsdbm_id/CORE_XSDB.UUT_MASTER/U_ICON_INTERFACE/U_CMD6_WR/U_WR_FIFO/SUBCORE_FIFO.xsdbm_v3_0_0_wrfifo_inst/inst_fifo_gen/gconvfifo.rf/grf.rf/gntv_or_sync_fifo.mem/gdm.dm_gen.dm/RAM_reg_0_15_0_13/WCLK
    SLICE_X107Y122       RAMD32                                       r  dbg_hub/inst/BSCANID.u_xsdbm_id/CORE_XSDB.UUT_MASTER/U_ICON_INTERFACE/U_CMD6_WR/U_WR_FIFO/SUBCORE_FIFO.xsdbm_v3_0_0_wrfifo_inst/inst_fifo_gen/gconvfifo.rf/grf.rf/gntv_or_sync_fifo.mem/gdm.dm_gen.dm/RAM_reg_0_15_0_13/RAMB/CLK
                         clock pessimism              0.455    41.608    
                         clock uncertainty           -0.035    41.573    
    SLICE_X107Y122       RAMD32 (Setup_B5LUT_SLICEM_CLK_WE)
                                                     -0.404    41.169    dbg_hub/inst/BSCANID.u_xsdbm_id/CORE_XSDB.UUT_MASTER/U_ICON_INTERFACE/U_CMD6_WR/U_WR_FIFO/SUBCORE_FIFO.xsdbm_v3_0_0_wrfifo_inst/inst_fifo_gen/gconvfifo.rf/grf.rf/gntv_or_sync_fifo.mem/gdm.dm_gen.dm/RAM_reg_0_15_0_13/RAMB
  -------------------------------------------------------------------
                         required time                         41.169    
                         arrival time                         -10.448    
  -------------------------------------------------------------------
                         slack                                 30.721    

Slack (MET) :             30.721ns  (required time - arrival time)
  Source:                 dbg_hub/inst/BSCANID.u_xsdbm_id/CORE_XSDB.UUT_MASTER/U_ICON_INTERFACE/icn_cmd_en_reg[6]/C
                            (rising edge-triggered cell FDRE clocked by dbg_hub/inst/BSCANID.u_xsdbm_id/SWITCH_N_EXT_BSCAN.bscan_inst/SERIES7_BSCAN.bscan_inst/TCK  {rise@0.000ns fall@16.500ns period=33.000ns})
  Destination:            dbg_hub/inst/BSCANID.u_xsdbm_id/CORE_XSDB.UUT_MASTER/U_ICON_INTERFACE/U_CMD6_WR/U_WR_FIFO/SUBCORE_FIFO.xsdbm_v3_0_0_wrfifo_inst/inst_fifo_gen/gconvfifo.rf/grf.rf/gntv_or_sync_fifo.mem/gdm.dm_gen.dm/RAM_reg_0_15_0_13/RAMB_D1/WE
                            (rising edge-triggered cell RAMD32 clocked by dbg_hub/inst/BSCANID.u_xsdbm_id/SWITCH_N_EXT_BSCAN.bscan_inst/SERIES7_BSCAN.bscan_inst/TCK  {rise@0.000ns fall@16.500ns period=33.000ns})
  Path Group:             dbg_hub/inst/BSCANID.u_xsdbm_id/SWITCH_N_EXT_BSCAN.bscan_inst/SERIES7_BSCAN.bscan_inst/TCK
  Path Type:              Setup (Max at Slow Process Corner)
  Requirement:            33.000ns  (dbg_hub/inst/BSCANID.u_xsdbm_id/SWITCH_N_EXT_BSCAN.bscan_inst/SERIES7_BSCAN.bscan_inst/TCK rise@33.000ns - dbg_hub/inst/BSCANID.u_xsdbm_id/SWITCH_N_EXT_BSCAN.bscan_inst/SERIES7_BSCAN.bscan_inst/TCK rise@0.000ns)
  Data Path Delay:        1.675ns  (logic 0.345ns (20.597%)  route 1.330ns (79.403%))
  Logic Levels:           2  (LUT2=1 LUT6=1)
  Clock Path Skew:        -0.165ns (DCD - SCD + CPR)
    Destination Clock Delay (DCD):    8.153ns = ( 41.153 - 33.000 ) 
    Source Clock Delay      (SCD):    8.773ns
    Clock Pessimism Removal (CPR):    0.455ns
  Clock Uncertainty:      0.035ns  ((TSJ^2 + TIJ^2)^1/2 + DJ) / 2 + PE
    Total System Jitter     (TSJ):    0.071ns
    Total Input Jitter      (TIJ):    0.000ns
    Discrete Jitter          (DJ):    0.000ns
    Phase Error              (PE):    0.000ns
  Clock Net Delay (Source):      3.311ns (routing 2.034ns, distribution 1.277ns)
  Clock Net Delay (Destination): 2.979ns (routing 1.867ns, distribution 1.112ns)

    Location             Delay type                Incr(ns)  Path(ns)    Netlist Resource(s)
  -------------------------------------------------------------------    -------------------
                         (clock dbg_hub/inst/BSCANID.u_xsdbm_id/SWITCH_N_EXT_BSCAN.bscan_inst/SERIES7_BSCAN.bscan_inst/TCK rise edge)
                                                      0.000     0.000 r  
    CONFIG_SITE_X0Y0     BSCANE2                      0.000     0.000 r  dbg_hub/inst/BSCANID.u_xsdbm_id/SWITCH_N_EXT_BSCAN.bscan_inst/SERIES7_BSCAN.bscan_inst/TCK
                         net (fo=1, estimated)        5.379     5.379    dbg_hub/inst/BSCANID.u_xsdbm_id/tck_bs
    BUFGCE_X1Y119        BUFGCE (Prop_BUFCE_BUFGCE_I_O)
                                                      0.083     5.462 r  dbg_hub/inst/BSCANID.u_xsdbm_id/SWITCH_N_EXT_BSCAN.u_bufg_icon_tck/O
    X4Y1 (CLOCK_ROOT)    net (fo=478, estimated)      3.311     8.773    dbg_hub/inst/BSCANID.u_xsdbm_id/CORE_XSDB.UUT_MASTER/U_ICON_INTERFACE/m_bscan_tck[0]
    SLICE_X113Y111       FDRE                                         r  dbg_hub/inst/BSCANID.u_xsdbm_id/CORE_XSDB.UUT_MASTER/U_ICON_INTERFACE/icn_cmd_en_reg[6]/C
  -------------------------------------------------------------------    -------------------
    SLICE_X113Y111       FDRE (Prop_BFF_SLICEM_C_Q)
                                                      0.113     8.886 r  dbg_hub/inst/BSCANID.u_xsdbm_id/CORE_XSDB.UUT_MASTER/U_ICON_INTERFACE/icn_cmd_en_reg[6]/Q
                         net (fo=25, estimated)       0.512     9.398    dbg_hub/inst/BSCANID.u_xsdbm_id/CORE_XSDB.UUT_MASTER/U_ICON_INTERFACE/U_CMD6_WR/U_WR_FIFO/p_0_in_0
    SLICE_X110Y118       LUT6 (Prop_F6LUT_SLICEM_I0_O)
                                                      0.192     9.590 r  dbg_hub/inst/BSCANID.u_xsdbm_id/CORE_XSDB.UUT_MASTER/U_ICON_INTERFACE/U_CMD6_WR/U_WR_FIFO/SUBCORE_FIFO.xsdbm_v3_0_0_wrfifo_inst_i_1/O
                         net (fo=3, estimated)        0.329     9.919    dbg_hub/inst/BSCANID.u_xsdbm_id/CORE_XSDB.UUT_MASTER/U_ICON_INTERFACE/U_CMD6_WR/U_WR_FIFO/SUBCORE_FIFO.xsdbm_v3_0_0_wrfifo_inst/inst_fifo_gen/gconvfifo.rf/grf.rf/gntv_or_sync_fifo.gl0.wr/gwas.wsts/wr_en
    SLICE_X112Y121       LUT2 (Prop_C6LUT_SLICEM_I0_O)
                                                      0.040     9.959 r  dbg_hub/inst/BSCANID.u_xsdbm_id/CORE_XSDB.UUT_MASTER/U_ICON_INTERFACE/U_CMD6_WR/U_WR_FIFO/SUBCORE_FIFO.xsdbm_v3_0_0_wrfifo_inst/inst_fifo_gen/gconvfifo.rf/grf.rf/gntv_or_sync_fifo.gl0.wr/gwas.wsts/gic0.gc0.count_d1[3]_i_1/O
                         net (fo=32, estimated)       0.489    10.448    dbg_hub/inst/BSCANID.u_xsdbm_id/CORE_XSDB.UUT_MASTER/U_ICON_INTERFACE/U_CMD6_WR/U_WR_FIFO/SUBCORE_FIFO.xsdbm_v3_0_0_wrfifo_inst/inst_fifo_gen/gconvfifo.rf/grf.rf/gntv_or_sync_fifo.mem/gdm.dm_gen.dm/RAM_reg_0_15_0_13/WE
    SLICE_X107Y122       RAMD32                                       r  dbg_hub/inst/BSCANID.u_xsdbm_id/CORE_XSDB.UUT_MASTER/U_ICON_INTERFACE/U_CMD6_WR/U_WR_FIFO/SUBCORE_FIFO.xsdbm_v3_0_0_wrfifo_inst/inst_fifo_gen/gconvfifo.rf/grf.rf/gntv_or_sync_fifo.mem/gdm.dm_gen.dm/RAM_reg_0_15_0_13/RAMB_D1/WE
  -------------------------------------------------------------------    -------------------

                         (clock dbg_hub/inst/BSCANID.u_xsdbm_id/SWITCH_N_EXT_BSCAN.bscan_inst/SERIES7_BSCAN.bscan_inst/TCK rise edge)
                                                     33.000    33.000 r  
    CONFIG_SITE_X0Y0     BSCANE2                      0.000    33.000 r  dbg_hub/inst/BSCANID.u_xsdbm_id/SWITCH_N_EXT_BSCAN.bscan_inst/SERIES7_BSCAN.bscan_inst/TCK
                         net (fo=1, estimated)        5.099    38.099    dbg_hub/inst/BSCANID.u_xsdbm_id/tck_bs
    BUFGCE_X1Y119        BUFGCE (Prop_BUFCE_BUFGCE_I_O)
                                                      0.075    38.174 r  dbg_hub/inst/BSCANID.u_xsdbm_id/SWITCH_N_EXT_BSCAN.u_bufg_icon_tck/O
    X4Y1 (CLOCK_ROOT)    net (fo=478, estimated)      2.979    41.153    dbg_hub/inst/BSCANID.u_xsdbm_id/CORE_XSDB.UUT_MASTER/U_ICON_INTERFACE/U_CMD6_WR/U_WR_FIFO/SUBCORE_FIFO.xsdbm_v3_0_0_wrfifo_inst/inst_fifo_gen/gconvfifo.rf/grf.rf/gntv_or_sync_fifo.mem/gdm.dm_gen.dm/RAM_reg_0_15_0_13/WCLK
    SLICE_X107Y122       RAMD32                                       r  dbg_hub/inst/BSCANID.u_xsdbm_id/CORE_XSDB.UUT_MASTER/U_ICON_INTERFACE/U_CMD6_WR/U_WR_FIFO/SUBCORE_FIFO.xsdbm_v3_0_0_wrfifo_inst/inst_fifo_gen/gconvfifo.rf/grf.rf/gntv_or_sync_fifo.mem/gdm.dm_gen.dm/RAM_reg_0_15_0_13/RAMB_D1/CLK
                         clock pessimism              0.455    41.608    
                         clock uncertainty           -0.035    41.573    
    SLICE_X107Y122       RAMD32 (Setup_B6LUT_SLICEM_CLK_WE)
                                                     -0.404    41.169    dbg_hub/inst/BSCANID.u_xsdbm_id/CORE_XSDB.UUT_MASTER/U_ICON_INTERFACE/U_CMD6_WR/U_WR_FIFO/SUBCORE_FIFO.xsdbm_v3_0_0_wrfifo_inst/inst_fifo_gen/gconvfifo.rf/grf.rf/gntv_or_sync_fifo.mem/gdm.dm_gen.dm/RAM_reg_0_15_0_13/RAMB_D1
  -------------------------------------------------------------------
                         required time                         41.169    
                         arrival time                         -10.448    
  -------------------------------------------------------------------
                         slack                                 30.721    

Slack (MET) :             30.721ns  (required time - arrival time)
  Source:                 dbg_hub/inst/BSCANID.u_xsdbm_id/CORE_XSDB.UUT_MASTER/U_ICON_INTERFACE/icn_cmd_en_reg[6]/C
                            (rising edge-triggered cell FDRE clocked by dbg_hub/inst/BSCANID.u_xsdbm_id/SWITCH_N_EXT_BSCAN.bscan_inst/SERIES7_BSCAN.bscan_inst/TCK  {rise@0.000ns fall@16.500ns period=33.000ns})
  Destination:            dbg_hub/inst/BSCANID.u_xsdbm_id/CORE_XSDB.UUT_MASTER/U_ICON_INTERFACE/U_CMD6_WR/U_WR_FIFO/SUBCORE_FIFO.xsdbm_v3_0_0_wrfifo_inst/inst_fifo_gen/gconvfifo.rf/grf.rf/gntv_or_sync_fifo.mem/gdm.dm_gen.dm/RAM_reg_0_15_0_13/RAMC/WE
                            (rising edge-triggered cell RAMD32 clocked by dbg_hub/inst/BSCANID.u_xsdbm_id/SWITCH_N_EXT_BSCAN.bscan_inst/SERIES7_BSCAN.bscan_inst/TCK  {rise@0.000ns fall@16.500ns period=33.000ns})
  Path Group:             dbg_hub/inst/BSCANID.u_xsdbm_id/SWITCH_N_EXT_BSCAN.bscan_inst/SERIES7_BSCAN.bscan_inst/TCK
  Path Type:              Setup (Max at Slow Process Corner)
  Requirement:            33.000ns  (dbg_hub/inst/BSCANID.u_xsdbm_id/SWITCH_N_EXT_BSCAN.bscan_inst/SERIES7_BSCAN.bscan_inst/TCK rise@33.000ns - dbg_hub/inst/BSCANID.u_xsdbm_id/SWITCH_N_EXT_BSCAN.bscan_inst/SERIES7_BSCAN.bscan_inst/TCK rise@0.000ns)
  Data Path Delay:        1.675ns  (logic 0.345ns (20.597%)  route 1.330ns (79.403%))
  Logic Levels:           2  (LUT2=1 LUT6=1)
  Clock Path Skew:        -0.165ns (DCD - SCD + CPR)
    Destination Clock Delay (DCD):    8.153ns = ( 41.153 - 33.000 ) 
    Source Clock Delay      (SCD):    8.773ns
    Clock Pessimism Removal (CPR):    0.455ns
  Clock Uncertainty:      0.035ns  ((TSJ^2 + TIJ^2)^1/2 + DJ) / 2 + PE
    Total System Jitter     (TSJ):    0.071ns
    Total Input Jitter      (TIJ):    0.000ns
    Discrete Jitter          (DJ):    0.000ns
    Phase Error              (PE):    0.000ns
  Clock Net Delay (Source):      3.311ns (routing 2.034ns, distribution 1.277ns)
  Clock Net Delay (Destination): 2.979ns (routing 1.867ns, distribution 1.112ns)

    Location             Delay type                Incr(ns)  Path(ns)    Netlist Resource(s)
  -------------------------------------------------------------------    -------------------
                         (clock dbg_hub/inst/BSCANID.u_xsdbm_id/SWITCH_N_EXT_BSCAN.bscan_inst/SERIES7_BSCAN.bscan_inst/TCK rise edge)
                                                      0.000     0.000 r  
    CONFIG_SITE_X0Y0     BSCANE2                      0.000     0.000 r  dbg_hub/inst/BSCANID.u_xsdbm_id/SWITCH_N_EXT_BSCAN.bscan_inst/SERIES7_BSCAN.bscan_inst/TCK
                         net (fo=1, estimated)        5.379     5.379    dbg_hub/inst/BSCANID.u_xsdbm_id/tck_bs
    BUFGCE_X1Y119        BUFGCE (Prop_BUFCE_BUFGCE_I_O)
                                                      0.083     5.462 r  dbg_hub/inst/BSCANID.u_xsdbm_id/SWITCH_N_EXT_BSCAN.u_bufg_icon_tck/O
    X4Y1 (CLOCK_ROOT)    net (fo=478, estimated)      3.311     8.773    dbg_hub/inst/BSCANID.u_xsdbm_id/CORE_XSDB.UUT_MASTER/U_ICON_INTERFACE/m_bscan_tck[0]
    SLICE_X113Y111       FDRE                                         r  dbg_hub/inst/BSCANID.u_xsdbm_id/CORE_XSDB.UUT_MASTER/U_ICON_INTERFACE/icn_cmd_en_reg[6]/C
  -------------------------------------------------------------------    -------------------
    SLICE_X113Y111       FDRE (Prop_BFF_SLICEM_C_Q)
                                                      0.113     8.886 r  dbg_hub/inst/BSCANID.u_xsdbm_id/CORE_XSDB.UUT_MASTER/U_ICON_INTERFACE/icn_cmd_en_reg[6]/Q
                         net (fo=25, estimated)       0.512     9.398    dbg_hub/inst/BSCANID.u_xsdbm_id/CORE_XSDB.UUT_MASTER/U_ICON_INTERFACE/U_CMD6_WR/U_WR_FIFO/p_0_in_0
    SLICE_X110Y118       LUT6 (Prop_F6LUT_SLICEM_I0_O)
                                                      0.192     9.590 r  dbg_hub/inst/BSCANID.u_xsdbm_id/CORE_XSDB.UUT_MASTER/U_ICON_INTERFACE/U_CMD6_WR/U_WR_FIFO/SUBCORE_FIFO.xsdbm_v3_0_0_wrfifo_inst_i_1/O
                         net (fo=3, estimated)        0.329     9.919    dbg_hub/inst/BSCANID.u_xsdbm_id/CORE_XSDB.UUT_MASTER/U_ICON_INTERFACE/U_CMD6_WR/U_WR_FIFO/SUBCORE_FIFO.xsdbm_v3_0_0_wrfifo_inst/inst_fifo_gen/gconvfifo.rf/grf.rf/gntv_or_sync_fifo.gl0.wr/gwas.wsts/wr_en
    SLICE_X112Y121       LUT2 (Prop_C6LUT_SLICEM_I0_O)
                                                      0.040     9.959 r  dbg_hub/inst/BSCANID.u_xsdbm_id/CORE_XSDB.UUT_MASTER/U_ICON_INTERFACE/U_CMD6_WR/U_WR_FIFO/SUBCORE_FIFO.xsdbm_v3_0_0_wrfifo_inst/inst_fifo_gen/gconvfifo.rf/grf.rf/gntv_or_sync_fifo.gl0.wr/gwas.wsts/gic0.gc0.count_d1[3]_i_1/O
                         net (fo=32, estimated)       0.489    10.448    dbg_hub/inst/BSCANID.u_xsdbm_id/CORE_XSDB.UUT_MASTER/U_ICON_INTERFACE/U_CMD6_WR/U_WR_FIFO/SUBCORE_FIFO.xsdbm_v3_0_0_wrfifo_inst/inst_fifo_gen/gconvfifo.rf/grf.rf/gntv_or_sync_fifo.mem/gdm.dm_gen.dm/RAM_reg_0_15_0_13/WE
    SLICE_X107Y122       RAMD32                                       r  dbg_hub/inst/BSCANID.u_xsdbm_id/CORE_XSDB.UUT_MASTER/U_ICON_INTERFACE/U_CMD6_WR/U_WR_FIFO/SUBCORE_FIFO.xsdbm_v3_0_0_wrfifo_inst/inst_fifo_gen/gconvfifo.rf/grf.rf/gntv_or_sync_fifo.mem/gdm.dm_gen.dm/RAM_reg_0_15_0_13/RAMC/WE
  -------------------------------------------------------------------    -------------------

                         (clock dbg_hub/inst/BSCANID.u_xsdbm_id/SWITCH_N_EXT_BSCAN.bscan_inst/SERIES7_BSCAN.bscan_inst/TCK rise edge)
                                                     33.000    33.000 r  
    CONFIG_SITE_X0Y0     BSCANE2                      0.000    33.000 r  dbg_hub/inst/BSCANID.u_xsdbm_id/SWITCH_N_EXT_BSCAN.bscan_inst/SERIES7_BSCAN.bscan_inst/TCK
                         net (fo=1, estimated)        5.099    38.099    dbg_hub/inst/BSCANID.u_xsdbm_id/tck_bs
    BUFGCE_X1Y119        BUFGCE (Prop_BUFCE_BUFGCE_I_O)
                                                      0.075    38.174 r  dbg_hub/inst/BSCANID.u_xsdbm_id/SWITCH_N_EXT_BSCAN.u_bufg_icon_tck/O
    X4Y1 (CLOCK_ROOT)    net (fo=478, estimated)      2.979    41.153    dbg_hub/inst/BSCANID.u_xsdbm_id/CORE_XSDB.UUT_MASTER/U_ICON_INTERFACE/U_CMD6_WR/U_WR_FIFO/SUBCORE_FIFO.xsdbm_v3_0_0_wrfifo_inst/inst_fifo_gen/gconvfifo.rf/grf.rf/gntv_or_sync_fifo.mem/gdm.dm_gen.dm/RAM_reg_0_15_0_13/WCLK
    SLICE_X107Y122       RAMD32                                       r  dbg_hub/inst/BSCANID.u_xsdbm_id/CORE_XSDB.UUT_MASTER/U_ICON_INTERFACE/U_CMD6_WR/U_WR_FIFO/SUBCORE_FIFO.xsdbm_v3_0_0_wrfifo_inst/inst_fifo_gen/gconvfifo.rf/grf.rf/gntv_or_sync_fifo.mem/gdm.dm_gen.dm/RAM_reg_0_15_0_13/RAMC/CLK
                         clock pessimism              0.455    41.608    
                         clock uncertainty           -0.035    41.573    
    SLICE_X107Y122       RAMD32 (Setup_C5LUT_SLICEM_CLK_WE)
                                                     -0.404    41.169    dbg_hub/inst/BSCANID.u_xsdbm_id/CORE_XSDB.UUT_MASTER/U_ICON_INTERFACE/U_CMD6_WR/U_WR_FIFO/SUBCORE_FIFO.xsdbm_v3_0_0_wrfifo_inst/inst_fifo_gen/gconvfifo.rf/grf.rf/gntv_or_sync_fifo.mem/gdm.dm_gen.dm/RAM_reg_0_15_0_13/RAMC
  -------------------------------------------------------------------
                         required time                         41.169    
                         arrival time                         -10.448    
  -------------------------------------------------------------------
                         slack                                 30.721    

Slack (MET) :             30.721ns  (required time - arrival time)
  Source:                 dbg_hub/inst/BSCANID.u_xsdbm_id/CORE_XSDB.UUT_MASTER/U_ICON_INTERFACE/icn_cmd_en_reg[6]/C
                            (rising edge-triggered cell FDRE clocked by dbg_hub/inst/BSCANID.u_xsdbm_id/SWITCH_N_EXT_BSCAN.bscan_inst/SERIES7_BSCAN.bscan_inst/TCK  {rise@0.000ns fall@16.500ns period=33.000ns})
  Destination:            dbg_hub/inst/BSCANID.u_xsdbm_id/CORE_XSDB.UUT_MASTER/U_ICON_INTERFACE/U_CMD6_WR/U_WR_FIFO/SUBCORE_FIFO.xsdbm_v3_0_0_wrfifo_inst/inst_fifo_gen/gconvfifo.rf/grf.rf/gntv_or_sync_fifo.mem/gdm.dm_gen.dm/RAM_reg_0_15_0_13/RAMC_D1/WE
                            (rising edge-triggered cell RAMD32 clocked by dbg_hub/inst/BSCANID.u_xsdbm_id/SWITCH_N_EXT_BSCAN.bscan_inst/SERIES7_BSCAN.bscan_inst/TCK  {rise@0.000ns fall@16.500ns period=33.000ns})
  Path Group:             dbg_hub/inst/BSCANID.u_xsdbm_id/SWITCH_N_EXT_BSCAN.bscan_inst/SERIES7_BSCAN.bscan_inst/TCK
  Path Type:              Setup (Max at Slow Process Corner)
  Requirement:            33.000ns  (dbg_hub/inst/BSCANID.u_xsdbm_id/SWITCH_N_EXT_BSCAN.bscan_inst/SERIES7_BSCAN.bscan_inst/TCK rise@33.000ns - dbg_hub/inst/BSCANID.u_xsdbm_id/SWITCH_N_EXT_BSCAN.bscan_inst/SERIES7_BSCAN.bscan_inst/TCK rise@0.000ns)
  Data Path Delay:        1.675ns  (logic 0.345ns (20.597%)  route 1.330ns (79.403%))
  Logic Levels:           2  (LUT2=1 LUT6=1)
  Clock Path Skew:        -0.165ns (DCD - SCD + CPR)
    Destination Clock Delay (DCD):    8.153ns = ( 41.153 - 33.000 ) 
    Source Clock Delay      (SCD):    8.773ns
    Clock Pessimism Removal (CPR):    0.455ns
  Clock Uncertainty:      0.035ns  ((TSJ^2 + TIJ^2)^1/2 + DJ) / 2 + PE
    Total System Jitter     (TSJ):    0.071ns
    Total Input Jitter      (TIJ):    0.000ns
    Discrete Jitter          (DJ):    0.000ns
    Phase Error              (PE):    0.000ns
  Clock Net Delay (Source):      3.311ns (routing 2.034ns, distribution 1.277ns)
  Clock Net Delay (Destination): 2.979ns (routing 1.867ns, distribution 1.112ns)

    Location             Delay type                Incr(ns)  Path(ns)    Netlist Resource(s)
  -------------------------------------------------------------------    -------------------
                         (clock dbg_hub/inst/BSCANID.u_xsdbm_id/SWITCH_N_EXT_BSCAN.bscan_inst/SERIES7_BSCAN.bscan_inst/TCK rise edge)
                                                      0.000     0.000 r  
    CONFIG_SITE_X0Y0     BSCANE2                      0.000     0.000 r  dbg_hub/inst/BSCANID.u_xsdbm_id/SWITCH_N_EXT_BSCAN.bscan_inst/SERIES7_BSCAN.bscan_inst/TCK
                         net (fo=1, estimated)        5.379     5.379    dbg_hub/inst/BSCANID.u_xsdbm_id/tck_bs
    BUFGCE_X1Y119        BUFGCE (Prop_BUFCE_BUFGCE_I_O)
                                                      0.083     5.462 r  dbg_hub/inst/BSCANID.u_xsdbm_id/SWITCH_N_EXT_BSCAN.u_bufg_icon_tck/O
    X4Y1 (CLOCK_ROOT)    net (fo=478, estimated)      3.311     8.773    dbg_hub/inst/BSCANID.u_xsdbm_id/CORE_XSDB.UUT_MASTER/U_ICON_INTERFACE/m_bscan_tck[0]
    SLICE_X113Y111       FDRE                                         r  dbg_hub/inst/BSCANID.u_xsdbm_id/CORE_XSDB.UUT_MASTER/U_ICON_INTERFACE/icn_cmd_en_reg[6]/C
  -------------------------------------------------------------------    -------------------
    SLICE_X113Y111       FDRE (Prop_BFF_SLICEM_C_Q)
                                                      0.113     8.886 r  dbg_hub/inst/BSCANID.u_xsdbm_id/CORE_XSDB.UUT_MASTER/U_ICON_INTERFACE/icn_cmd_en_reg[6]/Q
                         net (fo=25, estimated)       0.512     9.398    dbg_hub/inst/BSCANID.u_xsdbm_id/CORE_XSDB.UUT_MASTER/U_ICON_INTERFACE/U_CMD6_WR/U_WR_FIFO/p_0_in_0
    SLICE_X110Y118       LUT6 (Prop_F6LUT_SLICEM_I0_O)
                                                      0.192     9.590 r  dbg_hub/inst/BSCANID.u_xsdbm_id/CORE_XSDB.UUT_MASTER/U_ICON_INTERFACE/U_CMD6_WR/U_WR_FIFO/SUBCORE_FIFO.xsdbm_v3_0_0_wrfifo_inst_i_1/O
                         net (fo=3, estimated)        0.329     9.919    dbg_hub/inst/BSCANID.u_xsdbm_id/CORE_XSDB.UUT_MASTER/U_ICON_INTERFACE/U_CMD6_WR/U_WR_FIFO/SUBCORE_FIFO.xsdbm_v3_0_0_wrfifo_inst/inst_fifo_gen/gconvfifo.rf/grf.rf/gntv_or_sync_fifo.gl0.wr/gwas.wsts/wr_en
    SLICE_X112Y121       LUT2 (Prop_C6LUT_SLICEM_I0_O)
                                                      0.040     9.959 r  dbg_hub/inst/BSCANID.u_xsdbm_id/CORE_XSDB.UUT_MASTER/U_ICON_INTERFACE/U_CMD6_WR/U_WR_FIFO/SUBCORE_FIFO.xsdbm_v3_0_0_wrfifo_inst/inst_fifo_gen/gconvfifo.rf/grf.rf/gntv_or_sync_fifo.gl0.wr/gwas.wsts/gic0.gc0.count_d1[3]_i_1/O
                         net (fo=32, estimated)       0.489    10.448    dbg_hub/inst/BSCANID.u_xsdbm_id/CORE_XSDB.UUT_MASTER/U_ICON_INTERFACE/U_CMD6_WR/U_WR_FIFO/SUBCORE_FIFO.xsdbm_v3_0_0_wrfifo_inst/inst_fifo_gen/gconvfifo.rf/grf.rf/gntv_or_sync_fifo.mem/gdm.dm_gen.dm/RAM_reg_0_15_0_13/WE
    SLICE_X107Y122       RAMD32                                       r  dbg_hub/inst/BSCANID.u_xsdbm_id/CORE_XSDB.UUT_MASTER/U_ICON_INTERFACE/U_CMD6_WR/U_WR_FIFO/SUBCORE_FIFO.xsdbm_v3_0_0_wrfifo_inst/inst_fifo_gen/gconvfifo.rf/grf.rf/gntv_or_sync_fifo.mem/gdm.dm_gen.dm/RAM_reg_0_15_0_13/RAMC_D1/WE
  -------------------------------------------------------------------    -------------------

                         (clock dbg_hub/inst/BSCANID.u_xsdbm_id/SWITCH_N_EXT_BSCAN.bscan_inst/SERIES7_BSCAN.bscan_inst/TCK rise edge)
                                                     33.000    33.000 r  
    CONFIG_SITE_X0Y0     BSCANE2                      0.000    33.000 r  dbg_hub/inst/BSCANID.u_xsdbm_id/SWITCH_N_EXT_BSCAN.bscan_inst/SERIES7_BSCAN.bscan_inst/TCK
                         net (fo=1, estimated)        5.099    38.099    dbg_hub/inst/BSCANID.u_xsdbm_id/tck_bs
    BUFGCE_X1Y119        BUFGCE (Prop_BUFCE_BUFGCE_I_O)
                                                      0.075    38.174 r  dbg_hub/inst/BSCANID.u_xsdbm_id/SWITCH_N_EXT_BSCAN.u_bufg_icon_tck/O
    X4Y1 (CLOCK_ROOT)    net (fo=478, estimated)      2.979    41.153    dbg_hub/inst/BSCANID.u_xsdbm_id/CORE_XSDB.UUT_MASTER/U_ICON_INTERFACE/U_CMD6_WR/U_WR_FIFO/SUBCORE_FIFO.xsdbm_v3_0_0_wrfifo_inst/inst_fifo_gen/gconvfifo.rf/grf.rf/gntv_or_sync_fifo.mem/gdm.dm_gen.dm/RAM_reg_0_15_0_13/WCLK
    SLICE_X107Y122       RAMD32                                       r  dbg_hub/inst/BSCANID.u_xsdbm_id/CORE_XSDB.UUT_MASTER/U_ICON_INTERFACE/U_CMD6_WR/U_WR_FIFO/SUBCORE_FIFO.xsdbm_v3_0_0_wrfifo_inst/inst_fifo_gen/gconvfifo.rf/grf.rf/gntv_or_sync_fifo.mem/gdm.dm_gen.dm/RAM_reg_0_15_0_13/RAMC_D1/CLK
                         clock pessimism              0.455    41.608    
                         clock uncertainty           -0.035    41.573    
    SLICE_X107Y122       RAMD32 (Setup_C6LUT_SLICEM_CLK_WE)
                                                     -0.404    41.169    dbg_hub/inst/BSCANID.u_xsdbm_id/CORE_XSDB.UUT_MASTER/U_ICON_INTERFACE/U_CMD6_WR/U_WR_FIFO/SUBCORE_FIFO.xsdbm_v3_0_0_wrfifo_inst/inst_fifo_gen/gconvfifo.rf/grf.rf/gntv_or_sync_fifo.mem/gdm.dm_gen.dm/RAM_reg_0_15_0_13/RAMC_D1
  -------------------------------------------------------------------
                         required time                         41.169    
                         arrival time                         -10.448    
  -------------------------------------------------------------------
                         slack                                 30.721    

Slack (MET) :             30.721ns  (required time - arrival time)
  Source:                 dbg_hub/inst/BSCANID.u_xsdbm_id/CORE_XSDB.UUT_MASTER/U_ICON_INTERFACE/icn_cmd_en_reg[6]/C
                            (rising edge-triggered cell FDRE clocked by dbg_hub/inst/BSCANID.u_xsdbm_id/SWITCH_N_EXT_BSCAN.bscan_inst/SERIES7_BSCAN.bscan_inst/TCK  {rise@0.000ns fall@16.500ns period=33.000ns})
  Destination:            dbg_hub/inst/BSCANID.u_xsdbm_id/CORE_XSDB.UUT_MASTER/U_ICON_INTERFACE/U_CMD6_WR/U_WR_FIFO/SUBCORE_FIFO.xsdbm_v3_0_0_wrfifo_inst/inst_fifo_gen/gconvfifo.rf/grf.rf/gntv_or_sync_fifo.mem/gdm.dm_gen.dm/RAM_reg_0_15_0_13/RAMD/WE
                            (rising edge-triggered cell RAMD32 clocked by dbg_hub/inst/BSCANID.u_xsdbm_id/SWITCH_N_EXT_BSCAN.bscan_inst/SERIES7_BSCAN.bscan_inst/TCK  {rise@0.000ns fall@16.500ns period=33.000ns})
  Path Group:             dbg_hub/inst/BSCANID.u_xsdbm_id/SWITCH_N_EXT_BSCAN.bscan_inst/SERIES7_BSCAN.bscan_inst/TCK
  Path Type:              Setup (Max at Slow Process Corner)
  Requirement:            33.000ns  (dbg_hub/inst/BSCANID.u_xsdbm_id/SWITCH_N_EXT_BSCAN.bscan_inst/SERIES7_BSCAN.bscan_inst/TCK rise@33.000ns - dbg_hub/inst/BSCANID.u_xsdbm_id/SWITCH_N_EXT_BSCAN.bscan_inst/SERIES7_BSCAN.bscan_inst/TCK rise@0.000ns)
  Data Path Delay:        1.675ns  (logic 0.345ns (20.597%)  route 1.330ns (79.403%))
  Logic Levels:           2  (LUT2=1 LUT6=1)
  Clock Path Skew:        -0.165ns (DCD - SCD + CPR)
    Destination Clock Delay (DCD):    8.153ns = ( 41.153 - 33.000 ) 
    Source Clock Delay      (SCD):    8.773ns
    Clock Pessimism Removal (CPR):    0.455ns
  Clock Uncertainty:      0.035ns  ((TSJ^2 + TIJ^2)^1/2 + DJ) / 2 + PE
    Total System Jitter     (TSJ):    0.071ns
    Total Input Jitter      (TIJ):    0.000ns
    Discrete Jitter          (DJ):    0.000ns
    Phase Error              (PE):    0.000ns
  Clock Net Delay (Source):      3.311ns (routing 2.034ns, distribution 1.277ns)
  Clock Net Delay (Destination): 2.979ns (routing 1.867ns, distribution 1.112ns)

    Location             Delay type                Incr(ns)  Path(ns)    Netlist Resource(s)
  -------------------------------------------------------------------    -------------------
                         (clock dbg_hub/inst/BSCANID.u_xsdbm_id/SWITCH_N_EXT_BSCAN.bscan_inst/SERIES7_BSCAN.bscan_inst/TCK rise edge)
                                                      0.000     0.000 r  
    CONFIG_SITE_X0Y0     BSCANE2                      0.000     0.000 r  dbg_hub/inst/BSCANID.u_xsdbm_id/SWITCH_N_EXT_BSCAN.bscan_inst/SERIES7_BSCAN.bscan_inst/TCK
                         net (fo=1, estimated)        5.379     5.379    dbg_hub/inst/BSCANID.u_xsdbm_id/tck_bs
    BUFGCE_X1Y119        BUFGCE (Prop_BUFCE_BUFGCE_I_O)
                                                      0.083     5.462 r  dbg_hub/inst/BSCANID.u_xsdbm_id/SWITCH_N_EXT_BSCAN.u_bufg_icon_tck/O
    X4Y1 (CLOCK_ROOT)    net (fo=478, estimated)      3.311     8.773    dbg_hub/inst/BSCANID.u_xsdbm_id/CORE_XSDB.UUT_MASTER/U_ICON_INTERFACE/m_bscan_tck[0]
    SLICE_X113Y111       FDRE                                         r  dbg_hub/inst/BSCANID.u_xsdbm_id/CORE_XSDB.UUT_MASTER/U_ICON_INTERFACE/icn_cmd_en_reg[6]/C
  -------------------------------------------------------------------    -------------------
    SLICE_X113Y111       FDRE (Prop_BFF_SLICEM_C_Q)
                                                      0.113     8.886 r  dbg_hub/inst/BSCANID.u_xsdbm_id/CORE_XSDB.UUT_MASTER/U_ICON_INTERFACE/icn_cmd_en_reg[6]/Q
                         net (fo=25, estimated)       0.512     9.398    dbg_hub/inst/BSCANID.u_xsdbm_id/CORE_XSDB.UUT_MASTER/U_ICON_INTERFACE/U_CMD6_WR/U_WR_FIFO/p_0_in_0
    SLICE_X110Y118       LUT6 (Prop_F6LUT_SLICEM_I0_O)
                                                      0.192     9.590 r  dbg_hub/inst/BSCANID.u_xsdbm_id/CORE_XSDB.UUT_MASTER/U_ICON_INTERFACE/U_CMD6_WR/U_WR_FIFO/SUBCORE_FIFO.xsdbm_v3_0_0_wrfifo_inst_i_1/O
                         net (fo=3, estimated)        0.329     9.919    dbg_hub/inst/BSCANID.u_xsdbm_id/CORE_XSDB.UUT_MASTER/U_ICON_INTERFACE/U_CMD6_WR/U_WR_FIFO/SUBCORE_FIFO.xsdbm_v3_0_0_wrfifo_inst/inst_fifo_gen/gconvfifo.rf/grf.rf/gntv_or_sync_fifo.gl0.wr/gwas.wsts/wr_en
    SLICE_X112Y121       LUT2 (Prop_C6LUT_SLICEM_I0_O)
                                                      0.040     9.959 r  dbg_hub/inst/BSCANID.u_xsdbm_id/CORE_XSDB.UUT_MASTER/U_ICON_INTERFACE/U_CMD6_WR/U_WR_FIFO/SUBCORE_FIFO.xsdbm_v3_0_0_wrfifo_inst/inst_fifo_gen/gconvfifo.rf/grf.rf/gntv_or_sync_fifo.gl0.wr/gwas.wsts/gic0.gc0.count_d1[3]_i_1/O
                         net (fo=32, estimated)       0.489    10.448    dbg_hub/inst/BSCANID.u_xsdbm_id/CORE_XSDB.UUT_MASTER/U_ICON_INTERFACE/U_CMD6_WR/U_WR_FIFO/SUBCORE_FIFO.xsdbm_v3_0_0_wrfifo_inst/inst_fifo_gen/gconvfifo.rf/grf.rf/gntv_or_sync_fifo.mem/gdm.dm_gen.dm/RAM_reg_0_15_0_13/WE
    SLICE_X107Y122       RAMD32                                       r  dbg_hub/inst/BSCANID.u_xsdbm_id/CORE_XSDB.UUT_MASTER/U_ICON_INTERFACE/U_CMD6_WR/U_WR_FIFO/SUBCORE_FIFO.xsdbm_v3_0_0_wrfifo_inst/inst_fifo_gen/gconvfifo.rf/grf.rf/gntv_or_sync_fifo.mem/gdm.dm_gen.dm/RAM_reg_0_15_0_13/RAMD/WE
  -------------------------------------------------------------------    -------------------

                         (clock dbg_hub/inst/BSCANID.u_xsdbm_id/SWITCH_N_EXT_BSCAN.bscan_inst/SERIES7_BSCAN.bscan_inst/TCK rise edge)
                                                     33.000    33.000 r  
    CONFIG_SITE_X0Y0     BSCANE2                      0.000    33.000 r  dbg_hub/inst/BSCANID.u_xsdbm_id/SWITCH_N_EXT_BSCAN.bscan_inst/SERIES7_BSCAN.bscan_inst/TCK
                         net (fo=1, estimated)        5.099    38.099    dbg_hub/inst/BSCANID.u_xsdbm_id/tck_bs
    BUFGCE_X1Y119        BUFGCE (Prop_BUFCE_BUFGCE_I_O)
                                                      0.075    38.174 r  dbg_hub/inst/BSCANID.u_xsdbm_id/SWITCH_N_EXT_BSCAN.u_bufg_icon_tck/O
    X4Y1 (CLOCK_ROOT)    net (fo=478, estimated)      2.979    41.153    dbg_hub/inst/BSCANID.u_xsdbm_id/CORE_XSDB.UUT_MASTER/U_ICON_INTERFACE/U_CMD6_WR/U_WR_FIFO/SUBCORE_FIFO.xsdbm_v3_0_0_wrfifo_inst/inst_fifo_gen/gconvfifo.rf/grf.rf/gntv_or_sync_fifo.mem/gdm.dm_gen.dm/RAM_reg_0_15_0_13/WCLK
    SLICE_X107Y122       RAMD32                                       r  dbg_hub/inst/BSCANID.u_xsdbm_id/CORE_XSDB.UUT_MASTER/U_ICON_INTERFACE/U_CMD6_WR/U_WR_FIFO/SUBCORE_FIFO.xsdbm_v3_0_0_wrfifo_inst/inst_fifo_gen/gconvfifo.rf/grf.rf/gntv_or_sync_fifo.mem/gdm.dm_gen.dm/RAM_reg_0_15_0_13/RAMD/CLK
                         clock pessimism              0.455    41.608    
                         clock uncertainty           -0.035    41.573    
    SLICE_X107Y122       RAMD32 (Setup_D5LUT_SLICEM_CLK_WE)
                                                     -0.404    41.169    dbg_hub/inst/BSCANID.u_xsdbm_id/CORE_XSDB.UUT_MASTER/U_ICON_INTERFACE/U_CMD6_WR/U_WR_FIFO/SUBCORE_FIFO.xsdbm_v3_0_0_wrfifo_inst/inst_fifo_gen/gconvfifo.rf/grf.rf/gntv_or_sync_fifo.mem/gdm.dm_gen.dm/RAM_reg_0_15_0_13/RAMD
  -------------------------------------------------------------------
                         required time                         41.169    
                         arrival time                         -10.448    
  -------------------------------------------------------------------
                         slack                                 30.721    





Pulse Width Checks
--------------------------------------------------------------------------------------
Clock Name:         dbg_hub/inst/BSCANID.u_xsdbm_id/SWITCH_N_EXT_BSCAN.bscan_inst/SERIES7_BSCAN.bscan_inst/TCK
Waveform(ns):       { 0.000 16.500 }
Period(ns):         33.000
Sources:            { dbg_hub/inst/BSCANID.u_xsdbm_id/SWITCH_N_EXT_BSCAN.bscan_inst/SERIES7_BSCAN.bscan_inst/TCK }

Check Type        Corner  Lib Pin     Reference Pin  Required(ns)  Actual(ns)  Slack(ns)  Location        Pin
Min Period        n/a     BUFGCE/I    n/a            1.379         33.000      31.621     BUFGCE_X1Y119   dbg_hub/inst/BSCANID.u_xsdbm_id/SWITCH_N_EXT_BSCAN.u_bufg_icon_tck/I
Min Period        n/a     RAMD32/CLK  n/a            1.336         33.000      31.664     SLICE_X107Y122  dbg_hub/inst/BSCANID.u_xsdbm_id/CORE_XSDB.UUT_MASTER/U_ICON_INTERFACE/U_CMD6_WR/U_WR_FIFO/SUBCORE_FIFO.xsdbm_v3_0_0_wrfifo_inst/inst_fifo_gen/gconvfifo.rf/grf.rf/gntv_or_sync_fifo.mem/gdm.dm_gen.dm/RAM_reg_0_15_0_13/RAMA/CLK
Min Period        n/a     RAMD32/CLK  n/a            1.336         33.000      31.664     SLICE_X107Y122  dbg_hub/inst/BSCANID.u_xsdbm_id/CORE_XSDB.UUT_MASTER/U_ICON_INTERFACE/U_CMD6_WR/U_WR_FIFO/SUBCORE_FIFO.xsdbm_v3_0_0_wrfifo_inst/inst_fifo_gen/gconvfifo.rf/grf.rf/gntv_or_sync_fifo.mem/gdm.dm_gen.dm/RAM_reg_0_15_0_13/RAMA_D1/CLK
Min Period        n/a     RAMD32/CLK  n/a            1.336         33.000      31.664     SLICE_X107Y122  dbg_hub/inst/BSCANID.u_xsdbm_id/CORE_XSDB.UUT_MASTER/U_ICON_INTERFACE/U_CMD6_WR/U_WR_FIFO/SUBCORE_FIFO.xsdbm_v3_0_0_wrfifo_inst/inst_fifo_gen/gconvfifo.rf/grf.rf/gntv_or_sync_fifo.mem/gdm.dm_gen.dm/RAM_reg_0_15_0_13/RAMB/CLK
Min Period        n/a     RAMD32/CLK  n/a            1.336         33.000      31.664     SLICE_X107Y122  dbg_hub/inst/BSCANID.u_xsdbm_id/CORE_XSDB.UUT_MASTER/U_ICON_INTERFACE/U_CMD6_WR/U_WR_FIFO/SUBCORE_FIFO.xsdbm_v3_0_0_wrfifo_inst/inst_fifo_gen/gconvfifo.rf/grf.rf/gntv_or_sync_fifo.mem/gdm.dm_gen.dm/RAM_reg_0_15_0_13/RAMB_D1/CLK
Min Period        n/a     RAMD32/CLK  n/a            1.336         33.000      31.664     SLICE_X107Y122  dbg_hub/inst/BSCANID.u_xsdbm_id/CORE_XSDB.UUT_MASTER/U_ICON_INTERFACE/U_CMD6_WR/U_WR_FIFO/SUBCORE_FIFO.xsdbm_v3_0_0_wrfifo_inst/inst_fifo_gen/gconvfifo.rf/grf.rf/gntv_or_sync_fifo.mem/gdm.dm_gen.dm/RAM_reg_0_15_0_13/RAMC/CLK
Min Period        n/a     RAMD32/CLK  n/a            1.336         33.000      31.664     SLICE_X107Y122  dbg_hub/inst/BSCANID.u_xsdbm_id/CORE_XSDB.UUT_MASTER/U_ICON_INTERFACE/U_CMD6_WR/U_WR_FIFO/SUBCORE_FIFO.xsdbm_v3_0_0_wrfifo_inst/inst_fifo_gen/gconvfifo.rf/grf.rf/gntv_or_sync_fifo.mem/gdm.dm_gen.dm/RAM_reg_0_15_0_13/RAMC_D1/CLK
Min Period        n/a     RAMD32/CLK  n/a            1.336         33.000      31.664     SLICE_X107Y122  dbg_hub/inst/BSCANID.u_xsdbm_id/CORE_XSDB.UUT_MASTER/U_ICON_INTERFACE/U_CMD6_WR/U_WR_FIFO/SUBCORE_FIFO.xsdbm_v3_0_0_wrfifo_inst/inst_fifo_gen/gconvfifo.rf/grf.rf/gntv_or_sync_fifo.mem/gdm.dm_gen.dm/RAM_reg_0_15_0_13/RAMD/CLK
Min Period        n/a     RAMD32/CLK  n/a            1.336         33.000      31.664     SLICE_X107Y122  dbg_hub/inst/BSCANID.u_xsdbm_id/CORE_XSDB.UUT_MASTER/U_ICON_INTERFACE/U_CMD6_WR/U_WR_FIFO/SUBCORE_FIFO.xsdbm_v3_0_0_wrfifo_inst/inst_fifo_gen/gconvfifo.rf/grf.rf/gntv_or_sync_fifo.mem/gdm.dm_gen.dm/RAM_reg_0_15_0_13/RAMD_D1/CLK
Min Period        n/a     RAMD32/CLK  n/a            1.336         33.000      31.664     SLICE_X107Y122  dbg_hub/inst/BSCANID.u_xsdbm_id/CORE_XSDB.UUT_MASTER/U_ICON_INTERFACE/U_CMD6_WR/U_WR_FIFO/SUBCORE_FIFO.xsdbm_v3_0_0_wrfifo_inst/inst_fifo_gen/gconvfifo.rf/grf.rf/gntv_or_sync_fifo.mem/gdm.dm_gen.dm/RAM_reg_0_15_0_13/RAME/CLK
Min Period        n/a     RAMD32/CLK  n/a            1.336         33.000      31.664     SLICE_X107Y122  dbg_hub/inst/BSCANID.u_xsdbm_id/CORE_XSDB.UUT_MASTER/U_ICON_INTERFACE/U_CMD6_WR/U_WR_FIFO/SUBCORE_FIFO.xsdbm_v3_0_0_wrfifo_inst/inst_fifo_gen/gconvfifo.rf/grf.rf/gntv_or_sync_fifo.mem/gdm.dm_gen.dm/RAM_reg_0_15_0_13/RAME_D1/CLK
Min Period        n/a     RAMD32/CLK  n/a            1.336         33.000      31.664     SLICE_X107Y122  dbg_hub/inst/BSCANID.u_xsdbm_id/CORE_XSDB.UUT_MASTER/U_ICON_INTERFACE/U_CMD6_WR/U_WR_FIFO/SUBCORE_FIFO.xsdbm_v3_0_0_wrfifo_inst/inst_fifo_gen/gconvfifo.rf/grf.rf/gntv_or_sync_fifo.mem/gdm.dm_gen.dm/RAM_reg_0_15_0_13/RAMF/CLK
Min Period        n/a     RAMD32/CLK  n/a            1.336         33.000      31.664     SLICE_X107Y122  dbg_hub/inst/BSCANID.u_xsdbm_id/CORE_XSDB.UUT_MASTER/U_ICON_INTERFACE/U_CMD6_WR/U_WR_FIFO/SUBCORE_FIFO.xsdbm_v3_0_0_wrfifo_inst/inst_fifo_gen/gconvfifo.rf/grf.rf/gntv_or_sync_fifo.mem/gdm.dm_gen.dm/RAM_reg_0_15_0_13/RAMF_D1/CLK
Min Period        n/a     RAMD32/CLK  n/a            1.336         33.000      31.664     SLICE_X107Y122  dbg_hub/inst/BSCANID.u_xsdbm_id/CORE_XSDB.UUT_MASTER/U_ICON_INTERFACE/U_CMD6_WR/U_WR_FIFO/SUBCORE_FIFO.xsdbm_v3_0_0_wrfifo_inst/inst_fifo_gen/gconvfifo.rf/grf.rf/gntv_or_sync_fifo.mem/gdm.dm_gen.dm/RAM_reg_0_15_0_13/RAMG/CLK
Min Period        n/a     RAMD32/CLK  n/a            1.336         33.000      31.664     SLICE_X107Y122  dbg_hub/inst/BSCANID.u_xsdbm_id/CORE_XSDB.UUT_MASTER/U_ICON_INTERFACE/U_CMD6_WR/U_WR_FIFO/SUBCORE_FIFO.xsdbm_v3_0_0_wrfifo_inst/inst_fifo_gen/gconvfifo.rf/grf.rf/gntv_or_sync_fifo.mem/gdm.dm_gen.dm/RAM_reg_0_15_0_13/RAMG_D1/CLK
Min Period        n/a     RAMS32/CLK  n/a            1.336         33.000      31.664     SLICE_X107Y122  dbg_hub/inst/BSCANID.u_xsdbm_id/CORE_XSDB.UUT_MASTER/U_ICON_INTERFACE/U_CMD6_WR/U_WR_FIFO/SUBCORE_FIFO.xsdbm_v3_0_0_wrfifo_inst/inst_fifo_gen/gconvfifo.rf/grf.rf/gntv_or_sync_fifo.mem/gdm.dm_gen.dm/RAM_reg_0_15_0_13/RAMH/CLK
Min Period        n/a     RAMS32/CLK  n/a            1.336         33.000      31.664     SLICE_X107Y122  dbg_hub/inst/BSCANID.u_xsdbm_id/CORE_XSDB.UUT_MASTER/U_ICON_INTERFACE/U_CMD6_WR/U_WR_FIFO/SUBCORE_FIFO.xsdbm_v3_0_0_wrfifo_inst/inst_fifo_gen/gconvfifo.rf/grf.rf/gntv_or_sync_fifo.mem/gdm.dm_gen.dm/RAM_reg_0_15_0_13/RAMH_D1/CLK
Min Period        n/a     RAMD32/CLK  n/a            1.336         33.000      31.664     SLICE_X107Y121  dbg_hub/inst/BSCANID.u_xsdbm_id/CORE_XSDB.UUT_MASTER/U_ICON_INTERFACE/U_CMD6_WR/U_WR_FIFO/SUBCORE_FIFO.xsdbm_v3_0_0_wrfifo_inst/inst_fifo_gen/gconvfifo.rf/grf.rf/gntv_or_sync_fifo.mem/gdm.dm_gen.dm/RAM_reg_0_15_14_15/DP/CLK
Min Period        n/a     RAMD32/CLK  n/a            1.336         33.000      31.664     SLICE_X107Y121  dbg_hub/inst/BSCANID.u_xsdbm_id/CORE_XSDB.UUT_MASTER/U_ICON_INTERFACE/U_CMD6_WR/U_WR_FIFO/SUBCORE_FIFO.xsdbm_v3_0_0_wrfifo_inst/inst_fifo_gen/gconvfifo.rf/grf.rf/gntv_or_sync_fifo.mem/gdm.dm_gen.dm/RAM_reg_0_15_14_15/SP/CLK
Min Period        n/a     RAMD32/CLK  n/a            1.336         33.000      31.664     SLICE_X107Y121  dbg_hub/inst/BSCANID.u_xsdbm_id/CORE_XSDB.UUT_MASTER/U_ICON_INTERFACE/U_CMD6_WR/U_WR_FIFO/SUBCORE_FIFO.xsdbm_v3_0_0_wrfifo_inst/inst_fifo_gen/gconvfifo.rf/grf.rf/gntv_or_sync_fifo.mem/gdm.dm_gen.dm/RAM_reg_0_15_14_15__0/DP/CLK
Low Pulse Width   Slow    RAMD32/CLK  n/a            0.668         16.500      15.832     SLICE_X107Y122  dbg_hub/inst/BSCANID.u_xsdbm_id/CORE_XSDB.UUT_MASTER/U_ICON_INTERFACE/U_CMD6_WR/U_WR_FIFO/SUBCORE_FIFO.xsdbm_v3_0_0_wrfifo_inst/inst_fifo_gen/gconvfifo.rf/grf.rf/gntv_or_sync_fifo.mem/gdm.dm_gen.dm/RAM_reg_0_15_0_13/RAMA/CLK
Low Pulse Width   Fast    RAMD32/CLK  n/a            0.668         16.500      15.832     SLICE_X107Y122  dbg_hub/inst/BSCANID.u_xsdbm_id/CORE_XSDB.UUT_MASTER/U_ICON_INTERFACE/U_CMD6_WR/U_WR_FIFO/SUBCORE_FIFO.xsdbm_v3_0_0_wrfifo_inst/inst_fifo_gen/gconvfifo.rf/grf.rf/gntv_or_sync_fifo.mem/gdm.dm_gen.dm/RAM_reg_0_15_0_13/RAMA/CLK
Low Pulse Width   Slow    RAMD32/CLK  n/a            0.668         16.500      15.832     SLICE_X107Y122  dbg_hub/inst/BSCANID.u_xsdbm_id/CORE_XSDB.UUT_MASTER/U_ICON_INTERFACE/U_CMD6_WR/U_WR_FIFO/SUBCORE_FIFO.xsdbm_v3_0_0_wrfifo_inst/inst_fifo_gen/gconvfifo.rf/grf.rf/gntv_or_sync_fifo.mem/gdm.dm_gen.dm/RAM_reg_0_15_0_13/RAMA_D1/CLK
Low Pulse Width   Fast    RAMD32/CLK  n/a            0.668         16.500      15.832     SLICE_X107Y122  dbg_hub/inst/BSCANID.u_xsdbm_id/CORE_XSDB.UUT_MASTER/U_ICON_INTERFACE/U_CMD6_WR/U_WR_FIFO/SUBCORE_FIFO.xsdbm_v3_0_0_wrfifo_inst/inst_fifo_gen/gconvfifo.rf/grf.rf/gntv_or_sync_fifo.mem/gdm.dm_gen.dm/RAM_reg_0_15_0_13/RAMA_D1/CLK
Low Pulse Width   Slow    RAMD32/CLK  n/a            0.668         16.500      15.832     SLICE_X107Y122  dbg_hub/inst/BSCANID.u_xsdbm_id/CORE_XSDB.UUT_MASTER/U_ICON_INTERFACE/U_CMD6_WR/U_WR_FIFO/SUBCORE_FIFO.xsdbm_v3_0_0_wrfifo_inst/inst_fifo_gen/gconvfifo.rf/grf.rf/gntv_or_sync_fifo.mem/gdm.dm_gen.dm/RAM_reg_0_15_0_13/RAMB/CLK
Low Pulse Width   Fast    RAMD32/CLK  n/a            0.668         16.500      15.832     SLICE_X107Y122  dbg_hub/inst/BSCANID.u_xsdbm_id/CORE_XSDB.UUT_MASTER/U_ICON_INTERFACE/U_CMD6_WR/U_WR_FIFO/SUBCORE_FIFO.xsdbm_v3_0_0_wrfifo_inst/inst_fifo_gen/gconvfifo.rf/grf.rf/gntv_or_sync_fifo.mem/gdm.dm_gen.dm/RAM_reg_0_15_0_13/RAMB/CLK
Low Pulse Width   Slow    RAMD32/CLK  n/a            0.668         16.500      15.832     SLICE_X107Y122  dbg_hub/inst/BSCANID.u_xsdbm_id/CORE_XSDB.UUT_MASTER/U_ICON_INTERFACE/U_CMD6_WR/U_WR_FIFO/SUBCORE_FIFO.xsdbm_v3_0_0_wrfifo_inst/inst_fifo_gen/gconvfifo.rf/grf.rf/gntv_or_sync_fifo.mem/gdm.dm_gen.dm/RAM_reg_0_15_0_13/RAMB_D1/CLK
Low Pulse Width   Fast    RAMD32/CLK  n/a            0.668         16.500      15.832     SLICE_X107Y122  dbg_hub/inst/BSCANID.u_xsdbm_id/CORE_XSDB.UUT_MASTER/U_ICON_INTERFACE/U_CMD6_WR/U_WR_FIFO/SUBCORE_FIFO.xsdbm_v3_0_0_wrfifo_inst/inst_fifo_gen/gconvfifo.rf/grf.rf/gntv_or_sync_fifo.mem/gdm.dm_gen.dm/RAM_reg_0_15_0_13/RAMB_D1/CLK
Low Pulse Width   Slow    RAMD32/CLK  n/a            0.668         16.500      15.832     SLICE_X107Y122  dbg_hub/inst/BSCANID.u_xsdbm_id/CORE_XSDB.UUT_MASTER/U_ICON_INTERFACE/U_CMD6_WR/U_WR_FIFO/SUBCORE_FIFO.xsdbm_v3_0_0_wrfifo_inst/inst_fifo_gen/gconvfifo.rf/grf.rf/gntv_or_sync_fifo.mem/gdm.dm_gen.dm/RAM_reg_0_15_0_13/RAMC/CLK
Low Pulse Width   Fast    RAMD32/CLK  n/a            0.668         16.500      15.832     SLICE_X107Y122  dbg_hub/inst/BSCANID.u_xsdbm_id/CORE_XSDB.UUT_MASTER/U_ICON_INTERFACE/U_CMD6_WR/U_WR_FIFO/SUBCORE_FIFO.xsdbm_v3_0_0_wrfifo_inst/inst_fifo_gen/gconvfifo.rf/grf.rf/gntv_or_sync_fifo.mem/gdm.dm_gen.dm/RAM_reg_0_15_0_13/RAMC/CLK
Low Pulse Width   Slow    RAMD32/CLK  n/a            0.668         16.500      15.832     SLICE_X107Y122  dbg_hub/inst/BSCANID.u_xsdbm_id/CORE_XSDB.UUT_MASTER/U_ICON_INTERFACE/U_CMD6_WR/U_WR_FIFO/SUBCORE_FIFO.xsdbm_v3_0_0_wrfifo_inst/inst_fifo_gen/gconvfifo.rf/grf.rf/gntv_or_sync_fifo.mem/gdm.dm_gen.dm/RAM_reg_0_15_0_13/RAMC_D1/CLK
Low Pulse Width   Fast    RAMD32/CLK  n/a            0.668         16.500      15.832     SLICE_X107Y122  dbg_hub/inst/BSCANID.u_xsdbm_id/CORE_XSDB.UUT_MASTER/U_ICON_INTERFACE/U_CMD6_WR/U_WR_FIFO/SUBCORE_FIFO.xsdbm_v3_0_0_wrfifo_inst/inst_fifo_gen/gconvfifo.rf/grf.rf/gntv_or_sync_fifo.mem/gdm.dm_gen.dm/RAM_reg_0_15_0_13/RAMC_D1/CLK
Low Pulse Width   Slow    RAMD32/CLK  n/a            0.668         16.500      15.832     SLICE_X107Y122  dbg_hub/inst/BSCANID.u_xsdbm_id/CORE_XSDB.UUT_MASTER/U_ICON_INTERFACE/U_CMD6_WR/U_WR_FIFO/SUBCORE_FIFO.xsdbm_v3_0_0_wrfifo_inst/inst_fifo_gen/gconvfifo.rf/grf.rf/gntv_or_sync_fifo.mem/gdm.dm_gen.dm/RAM_reg_0_15_0_13/RAMD/CLK
Low Pulse Width   Fast    RAMD32/CLK  n/a            0.668         16.500      15.832     SLICE_X107Y122  dbg_hub/inst/BSCANID.u_xsdbm_id/CORE_XSDB.UUT_MASTER/U_ICON_INTERFACE/U_CMD6_WR/U_WR_FIFO/SUBCORE_FIFO.xsdbm_v3_0_0_wrfifo_inst/inst_fifo_gen/gconvfifo.rf/grf.rf/gntv_or_sync_fifo.mem/gdm.dm_gen.dm/RAM_reg_0_15_0_13/RAMD/CLK
Low Pulse Width   Slow    RAMD32/CLK  n/a            0.668         16.500      15.832     SLICE_X107Y122  dbg_hub/inst/BSCANID.u_xsdbm_id/CORE_XSDB.UUT_MASTER/U_ICON_INTERFACE/U_CMD6_WR/U_WR_FIFO/SUBCORE_FIFO.xsdbm_v3_0_0_wrfifo_inst/inst_fifo_gen/gconvfifo.rf/grf.rf/gntv_or_sync_fifo.mem/gdm.dm_gen.dm/RAM_reg_0_15_0_13/RAMD_D1/CLK
Low Pulse Width   Fast    RAMD32/CLK  n/a            0.668         16.500      15.832     SLICE_X107Y122  dbg_hub/inst/BSCANID.u_xsdbm_id/CORE_XSDB.UUT_MASTER/U_ICON_INTERFACE/U_CMD6_WR/U_WR_FIFO/SUBCORE_FIFO.xsdbm_v3_0_0_wrfifo_inst/inst_fifo_gen/gconvfifo.rf/grf.rf/gntv_or_sync_fifo.mem/gdm.dm_gen.dm/RAM_reg_0_15_0_13/RAMD_D1/CLK
Low Pulse Width   Slow    RAMD32/CLK  n/a            0.668         16.500      15.832     SLICE_X107Y122  dbg_hub/inst/BSCANID.u_xsdbm_id/CORE_XSDB.UUT_MASTER/U_ICON_INTERFACE/U_CMD6_WR/U_WR_FIFO/SUBCORE_FIFO.xsdbm_v3_0_0_wrfifo_inst/inst_fifo_gen/gconvfifo.rf/grf.rf/gntv_or_sync_fifo.mem/gdm.dm_gen.dm/RAM_reg_0_15_0_13/RAME/CLK
Low Pulse Width   Fast    RAMD32/CLK  n/a            0.668         16.500      15.832     SLICE_X107Y122  dbg_hub/inst/BSCANID.u_xsdbm_id/CORE_XSDB.UUT_MASTER/U_ICON_INTERFACE/U_CMD6_WR/U_WR_FIFO/SUBCORE_FIFO.xsdbm_v3_0_0_wrfifo_inst/inst_fifo_gen/gconvfifo.rf/grf.rf/gntv_or_sync_fifo.mem/gdm.dm_gen.dm/RAM_reg_0_15_0_13/RAME/CLK
Low Pulse Width   Slow    RAMD32/CLK  n/a            0.668         16.500      15.832     SLICE_X107Y122  dbg_hub/inst/BSCANID.u_xsdbm_id/CORE_XSDB.UUT_MASTER/U_ICON_INTERFACE/U_CMD6_WR/U_WR_FIFO/SUBCORE_FIFO.xsdbm_v3_0_0_wrfifo_inst/inst_fifo_gen/gconvfifo.rf/grf.rf/gntv_or_sync_fifo.mem/gdm.dm_gen.dm/RAM_reg_0_15_0_13/RAME_D1/CLK
Low Pulse Width   Fast    RAMD32/CLK  n/a            0.668         16.500      15.832     SLICE_X107Y122  dbg_hub/inst/BSCANID.u_xsdbm_id/CORE_XSDB.UUT_MASTER/U_ICON_INTERFACE/U_CMD6_WR/U_WR_FIFO/SUBCORE_FIFO.xsdbm_v3_0_0_wrfifo_inst/inst_fifo_gen/gconvfifo.rf/grf.rf/gntv_or_sync_fifo.mem/gdm.dm_gen.dm/RAM_reg_0_15_0_13/RAME_D1/CLK
High Pulse Width  Slow    RAMD32/CLK  n/a            0.668         16.500      15.832     SLICE_X107Y122  dbg_hub/inst/BSCANID.u_xsdbm_id/CORE_XSDB.UUT_MASTER/U_ICON_INTERFACE/U_CMD6_WR/U_WR_FIFO/SUBCORE_FIFO.xsdbm_v3_0_0_wrfifo_inst/inst_fifo_gen/gconvfifo.rf/grf.rf/gntv_or_sync_fifo.mem/gdm.dm_gen.dm/RAM_reg_0_15_0_13/RAMA/CLK
High Pulse Width  Fast    RAMD32/CLK  n/a            0.668         16.500      15.832     SLICE_X107Y122  dbg_hub/inst/BSCANID.u_xsdbm_id/CORE_XSDB.UUT_MASTER/U_ICON_INTERFACE/U_CMD6_WR/U_WR_FIFO/SUBCORE_FIFO.xsdbm_v3_0_0_wrfifo_inst/inst_fifo_gen/gconvfifo.rf/grf.rf/gntv_or_sync_fifo.mem/gdm.dm_gen.dm/RAM_reg_0_15_0_13/RAMA/CLK
High Pulse Width  Slow    RAMD32/CLK  n/a            0.668         16.500      15.832     SLICE_X107Y122  dbg_hub/inst/BSCANID.u_xsdbm_id/CORE_XSDB.UUT_MASTER/U_ICON_INTERFACE/U_CMD6_WR/U_WR_FIFO/SUBCORE_FIFO.xsdbm_v3_0_0_wrfifo_inst/inst_fifo_gen/gconvfifo.rf/grf.rf/gntv_or_sync_fifo.mem/gdm.dm_gen.dm/RAM_reg_0_15_0_13/RAMA_D1/CLK
High Pulse Width  Fast    RAMD32/CLK  n/a            0.668         16.500      15.832     SLICE_X107Y122  dbg_hub/inst/BSCANID.u_xsdbm_id/CORE_XSDB.UUT_MASTER/U_ICON_INTERFACE/U_CMD6_WR/U_WR_FIFO/SUBCORE_FIFO.xsdbm_v3_0_0_wrfifo_inst/inst_fifo_gen/gconvfifo.rf/grf.rf/gntv_or_sync_fifo.mem/gdm.dm_gen.dm/RAM_reg_0_15_0_13/RAMA_D1/CLK
High Pulse Width  Slow    RAMD32/CLK  n/a            0.668         16.500      15.832     SLICE_X107Y122  dbg_hub/inst/BSCANID.u_xsdbm_id/CORE_XSDB.UUT_MASTER/U_ICON_INTERFACE/U_CMD6_WR/U_WR_FIFO/SUBCORE_FIFO.xsdbm_v3_0_0_wrfifo_inst/inst_fifo_gen/gconvfifo.rf/grf.rf/gntv_or_sync_fifo.mem/gdm.dm_gen.dm/RAM_reg_0_15_0_13/RAMB/CLK
High Pulse Width  Fast    RAMD32/CLK  n/a            0.668         16.500      15.832     SLICE_X107Y122  dbg_hub/inst/BSCANID.u_xsdbm_id/CORE_XSDB.UUT_MASTER/U_ICON_INTERFACE/U_CMD6_WR/U_WR_FIFO/SUBCORE_FIFO.xsdbm_v3_0_0_wrfifo_inst/inst_fifo_gen/gconvfifo.rf/grf.rf/gntv_or_sync_fifo.mem/gdm.dm_gen.dm/RAM_reg_0_15_0_13/RAMB/CLK
High Pulse Width  Slow    RAMD32/CLK  n/a            0.668         16.500      15.832     SLICE_X107Y122  dbg_hub/inst/BSCANID.u_xsdbm_id/CORE_XSDB.UUT_MASTER/U_ICON_INTERFACE/U_CMD6_WR/U_WR_FIFO/SUBCORE_FIFO.xsdbm_v3_0_0_wrfifo_inst/inst_fifo_gen/gconvfifo.rf/grf.rf/gntv_or_sync_fifo.mem/gdm.dm_gen.dm/RAM_reg_0_15_0_13/RAMB_D1/CLK
High Pulse Width  Fast    RAMD32/CLK  n/a            0.668         16.500      15.832     SLICE_X107Y122  dbg_hub/inst/BSCANID.u_xsdbm_id/CORE_XSDB.UUT_MASTER/U_ICON_INTERFACE/U_CMD6_WR/U_WR_FIFO/SUBCORE_FIFO.xsdbm_v3_0_0_wrfifo_inst/inst_fifo_gen/gconvfifo.rf/grf.rf/gntv_or_sync_fifo.mem/gdm.dm_gen.dm/RAM_reg_0_15_0_13/RAMB_D1/CLK
High Pulse Width  Slow    RAMD32/CLK  n/a            0.668         16.500      15.832     SLICE_X107Y122  dbg_hub/inst/BSCANID.u_xsdbm_id/CORE_XSDB.UUT_MASTER/U_ICON_INTERFACE/U_CMD6_WR/U_WR_FIFO/SUBCORE_FIFO.xsdbm_v3_0_0_wrfifo_inst/inst_fifo_gen/gconvfifo.rf/grf.rf/gntv_or_sync_fifo.mem/gdm.dm_gen.dm/RAM_reg_0_15_0_13/RAMC/CLK
High Pulse Width  Fast    RAMD32/CLK  n/a            0.668         16.500      15.832     SLICE_X107Y122  dbg_hub/inst/BSCANID.u_xsdbm_id/CORE_XSDB.UUT_MASTER/U_ICON_INTERFACE/U_CMD6_WR/U_WR_FIFO/SUBCORE_FIFO.xsdbm_v3_0_0_wrfifo_inst/inst_fifo_gen/gconvfifo.rf/grf.rf/gntv_or_sync_fifo.mem/gdm.dm_gen.dm/RAM_reg_0_15_0_13/RAMC/CLK
High Pulse Width  Slow    RAMD32/CLK  n/a            0.668         16.500      15.832     SLICE_X107Y122  dbg_hub/inst/BSCANID.u_xsdbm_id/CORE_XSDB.UUT_MASTER/U_ICON_INTERFACE/U_CMD6_WR/U_WR_FIFO/SUBCORE_FIFO.xsdbm_v3_0_0_wrfifo_inst/inst_fifo_gen/gconvfifo.rf/grf.rf/gntv_or_sync_fifo.mem/gdm.dm_gen.dm/RAM_reg_0_15_0_13/RAMC_D1/CLK
High Pulse Width  Fast    RAMD32/CLK  n/a            0.668         16.500      15.832     SLICE_X107Y122  dbg_hub/inst/BSCANID.u_xsdbm_id/CORE_XSDB.UUT_MASTER/U_ICON_INTERFACE/U_CMD6_WR/U_WR_FIFO/SUBCORE_FIFO.xsdbm_v3_0_0_wrfifo_inst/inst_fifo_gen/gconvfifo.rf/grf.rf/gntv_or_sync_fifo.mem/gdm.dm_gen.dm/RAM_reg_0_15_0_13/RAMC_D1/CLK
High Pulse Width  Slow    RAMD32/CLK  n/a            0.668         16.500      15.832     SLICE_X107Y122  dbg_hub/inst/BSCANID.u_xsdbm_id/CORE_XSDB.UUT_MASTER/U_ICON_INTERFACE/U_CMD6_WR/U_WR_FIFO/SUBCORE_FIFO.xsdbm_v3_0_0_wrfifo_inst/inst_fifo_gen/gconvfifo.rf/grf.rf/gntv_or_sync_fifo.mem/gdm.dm_gen.dm/RAM_reg_0_15_0_13/RAMD/CLK
High Pulse Width  Fast    RAMD32/CLK  n/a            0.668         16.500      15.832     SLICE_X107Y122  dbg_hub/inst/BSCANID.u_xsdbm_id/CORE_XSDB.UUT_MASTER/U_ICON_INTERFACE/U_CMD6_WR/U_WR_FIFO/SUBCORE_FIFO.xsdbm_v3_0_0_wrfifo_inst/inst_fifo_gen/gconvfifo.rf/grf.rf/gntv_or_sync_fifo.mem/gdm.dm_gen.dm/RAM_reg_0_15_0_13/RAMD/CLK
High Pulse Width  Slow    RAMD32/CLK  n/a            0.668         16.500      15.832     SLICE_X107Y122  dbg_hub/inst/BSCANID.u_xsdbm_id/CORE_XSDB.UUT_MASTER/U_ICON_INTERFACE/U_CMD6_WR/U_WR_FIFO/SUBCORE_FIFO.xsdbm_v3_0_0_wrfifo_inst/inst_fifo_gen/gconvfifo.rf/grf.rf/gntv_or_sync_fifo.mem/gdm.dm_gen.dm/RAM_reg_0_15_0_13/RAMD_D1/CLK
High Pulse Width  Fast    RAMD32/CLK  n/a            0.668         16.500      15.832     SLICE_X107Y122  dbg_hub/inst/BSCANID.u_xsdbm_id/CORE_XSDB.UUT_MASTER/U_ICON_INTERFACE/U_CMD6_WR/U_WR_FIFO/SUBCORE_FIFO.xsdbm_v3_0_0_wrfifo_inst/inst_fifo_gen/gconvfifo.rf/grf.rf/gntv_or_sync_fifo.mem/gdm.dm_gen.dm/RAM_reg_0_15_0_13/RAMD_D1/CLK
High Pulse Width  Slow    RAMD32/CLK  n/a            0.668         16.500      15.832     SLICE_X107Y122  dbg_hub/inst/BSCANID.u_xsdbm_id/CORE_XSDB.UUT_MASTER/U_ICON_INTERFACE/U_CMD6_WR/U_WR_FIFO/SUBCORE_FIFO.xsdbm_v3_0_0_wrfifo_inst/inst_fifo_gen/gconvfifo.rf/grf.rf/gntv_or_sync_fifo.mem/gdm.dm_gen.dm/RAM_reg_0_15_0_13/RAME/CLK
High Pulse Width  Fast    RAMD32/CLK  n/a            0.668         16.500      15.832     SLICE_X107Y122  dbg_hub/inst/BSCANID.u_xsdbm_id/CORE_XSDB.UUT_MASTER/U_ICON_INTERFACE/U_CMD6_WR/U_WR_FIFO/SUBCORE_FIFO.xsdbm_v3_0_0_wrfifo_inst/inst_fifo_gen/gconvfifo.rf/grf.rf/gntv_or_sync_fifo.mem/gdm.dm_gen.dm/RAM_reg_0_15_0_13/RAME/CLK
High Pulse Width  Slow    RAMD32/CLK  n/a            0.668         16.500      15.832     SLICE_X107Y122  dbg_hub/inst/BSCANID.u_xsdbm_id/CORE_XSDB.UUT_MASTER/U_ICON_INTERFACE/U_CMD6_WR/U_WR_FIFO/SUBCORE_FIFO.xsdbm_v3_0_0_wrfifo_inst/inst_fifo_gen/gconvfifo.rf/grf.rf/gntv_or_sync_fifo.mem/gdm.dm_gen.dm/RAM_reg_0_15_0_13/RAME_D1/CLK
High Pulse Width  Fast    RAMD32/CLK  n/a            0.668         16.500      15.832     SLICE_X107Y122  dbg_hub/inst/BSCANID.u_xsdbm_id/CORE_XSDB.UUT_MASTER/U_ICON_INTERFACE/U_CMD6_WR/U_WR_FIFO/SUBCORE_FIFO.xsdbm_v3_0_0_wrfifo_inst/inst_fifo_gen/gconvfifo.rf/grf.rf/gntv_or_sync_fifo.mem/gdm.dm_gen.dm/RAM_reg_0_15_0_13/RAME_D1/CLK



---------------------------------------------------------------------------------------------------
From Clock:  dbg_hub/inst/BSCANID.u_xsdbm_id/SWITCH_N_EXT_BSCAN.bscan_inst/SERIES7_BSCAN.bscan_inst/TCK
  To Clock:  clk_200m_mmcm

Setup :            0  Failing Endpoints,  Worst Slack       32.582ns,  Total Violation        0.000ns
Hold  :           NA  Failing Endpoints,  Worst Slack           NA  ,  Total Violation           NA
---------------------------------------------------------------------------------------------------


Max Delay Paths
--------------------------------------------------------------------------------------
Slack (MET) :             32.582ns  (required time - arrival time)
  Source:                 dbg_hub/inst/BSCANID.u_xsdbm_id/CORE_XSDB.UUT_MASTER/U_ICON_INTERFACE/U_CMD6_WR/U_WR_FIFO/SUBCORE_FIFO.xsdbm_v3_0_0_wrfifo_inst/inst_fifo_gen/gconvfifo.rf/grf.rf/gntv_or_sync_fifo.gcx.clkx/gnxpm_cdc.wr_pntr_gc_reg[0]/C
                            (rising edge-triggered cell FDCE clocked by dbg_hub/inst/BSCANID.u_xsdbm_id/SWITCH_N_EXT_BSCAN.bscan_inst/SERIES7_BSCAN.bscan_inst/TCK  {rise@0.000ns fall@16.500ns period=33.000ns})
  Destination:            dbg_hub/inst/BSCANID.u_xsdbm_id/CORE_XSDB.UUT_MASTER/U_ICON_INTERFACE/U_CMD6_WR/U_WR_FIFO/SUBCORE_FIFO.xsdbm_v3_0_0_wrfifo_inst/inst_fifo_gen/gconvfifo.rf/grf.rf/gntv_or_sync_fifo.gcx.clkx/gnxpm_cdc.gsync_stage[1].rd_stg_inst/Q_reg_reg[0]/D
                            (rising edge-triggered cell FDCE clocked by clk_200m_mmcm  {rise@0.000ns fall@2.500ns period=5.000ns})
  Path Group:             clk_200m_mmcm
  Path Type:              Setup (Max at Slow Process Corner)
  Requirement:            33.000ns  (MaxDelay Path 33.000ns)
  Data Path Delay:        0.478ns  (logic 0.114ns (23.849%)  route 0.364ns (76.151%))
  Logic Levels:           0  
  Timing Exception:       MaxDelay Path 33.000ns -datapath_only

    Location             Delay type                Incr(ns)  Path(ns)    Netlist Resource(s)
  -------------------------------------------------------------------    -------------------
    SLICE_X110Y122                                    0.000     0.000 r  dbg_hub/inst/BSCANID.u_xsdbm_id/CORE_XSDB.UUT_MASTER/U_ICON_INTERFACE/U_CMD6_WR/U_WR_FIFO/SUBCORE_FIFO.xsdbm_v3_0_0_wrfifo_inst/inst_fifo_gen/gconvfifo.rf/grf.rf/gntv_or_sync_fifo.gcx.clkx/gnxpm_cdc.wr_pntr_gc_reg[0]/C
    SLICE_X110Y122       FDCE (Prop_HFF_SLICEM_C_Q)
                                                      0.114     0.114 r  dbg_hub/inst/BSCANID.u_xsdbm_id/CORE_XSDB.UUT_MASTER/U_ICON_INTERFACE/U_CMD6_WR/U_WR_FIFO/SUBCORE_FIFO.xsdbm_v3_0_0_wrfifo_inst/inst_fifo_gen/gconvfifo.rf/grf.rf/gntv_or_sync_fifo.gcx.clkx/gnxpm_cdc.wr_pntr_gc_reg[0]/Q
                         net (fo=1, estimated)        0.364     0.478    dbg_hub/inst/BSCANID.u_xsdbm_id/CORE_XSDB.UUT_MASTER/U_ICON_INTERFACE/U_CMD6_WR/U_WR_FIFO/SUBCORE_FIFO.xsdbm_v3_0_0_wrfifo_inst/inst_fifo_gen/gconvfifo.rf/grf.rf/gntv_or_sync_fifo.gcx.clkx/gnxpm_cdc.gsync_stage[1].rd_stg_inst/Q[0]
    SLICE_X110Y123       FDCE                                         r  dbg_hub/inst/BSCANID.u_xsdbm_id/CORE_XSDB.UUT_MASTER/U_ICON_INTERFACE/U_CMD6_WR/U_WR_FIFO/SUBCORE_FIFO.xsdbm_v3_0_0_wrfifo_inst/inst_fifo_gen/gconvfifo.rf/grf.rf/gntv_or_sync_fifo.gcx.clkx/gnxpm_cdc.gsync_stage[1].rd_stg_inst/Q_reg_reg[0]/D
  -------------------------------------------------------------------    -------------------

                         max delay                   33.000    33.000    
    SLICE_X110Y123       FDCE (Setup_HFF2_SLICEM_C_D)
                                                      0.060    33.060    dbg_hub/inst/BSCANID.u_xsdbm_id/CORE_XSDB.UUT_MASTER/U_ICON_INTERFACE/U_CMD6_WR/U_WR_FIFO/SUBCORE_FIFO.xsdbm_v3_0_0_wrfifo_inst/inst_fifo_gen/gconvfifo.rf/grf.rf/gntv_or_sync_fifo.gcx.clkx/gnxpm_cdc.gsync_stage[1].rd_stg_inst/Q_reg_reg[0]
  -------------------------------------------------------------------
                         required time                         33.060    
                         arrival time                          -0.478    
  -------------------------------------------------------------------
                         slack                                 32.582    

Slack (MET) :             32.589ns  (required time - arrival time)
  Source:                 dbg_hub/inst/BSCANID.u_xsdbm_id/CORE_XSDB.UUT_MASTER/U_ICON_INTERFACE/U_CMD6_WR/U_WR_FIFO/SUBCORE_FIFO.xsdbm_v3_0_0_wrfifo_inst/inst_fifo_gen/gconvfifo.rf/grf.rf/gntv_or_sync_fifo.gcx.clkx/gnxpm_cdc.wr_pntr_gc_reg[1]/C
                            (rising edge-triggered cell FDCE clocked by dbg_hub/inst/BSCANID.u_xsdbm_id/SWITCH_N_EXT_BSCAN.bscan_inst/SERIES7_BSCAN.bscan_inst/TCK  {rise@0.000ns fall@16.500ns period=33.000ns})
  Destination:            dbg_hub/inst/BSCANID.u_xsdbm_id/CORE_XSDB.UUT_MASTER/U_ICON_INTERFACE/U_CMD6_WR/U_WR_FIFO/SUBCORE_FIFO.xsdbm_v3_0_0_wrfifo_inst/inst_fifo_gen/gconvfifo.rf/grf.rf/gntv_or_sync_fifo.gcx.clkx/gnxpm_cdc.gsync_stage[1].rd_stg_inst/Q_reg_reg[1]/D
                            (rising edge-triggered cell FDCE clocked by clk_200m_mmcm  {rise@0.000ns fall@2.500ns period=5.000ns})
  Path Group:             clk_200m_mmcm
  Path Type:              Setup (Max at Slow Process Corner)
  Requirement:            33.000ns  (MaxDelay Path 33.000ns)
  Data Path Delay:        0.473ns  (logic 0.117ns (24.736%)  route 0.356ns (75.264%))
  Logic Levels:           0  
  Timing Exception:       MaxDelay Path 33.000ns -datapath_only

    Location             Delay type                Incr(ns)  Path(ns)    Netlist Resource(s)
  -------------------------------------------------------------------    -------------------
    SLICE_X110Y122                                    0.000     0.000 r  dbg_hub/inst/BSCANID.u_xsdbm_id/CORE_XSDB.UUT_MASTER/U_ICON_INTERFACE/U_CMD6_WR/U_WR_FIFO/SUBCORE_FIFO.xsdbm_v3_0_0_wrfifo_inst/inst_fifo_gen/gconvfifo.rf/grf.rf/gntv_or_sync_fifo.gcx.clkx/gnxpm_cdc.wr_pntr_gc_reg[1]/C
    SLICE_X110Y122       FDCE (Prop_HFF2_SLICEM_C_Q)
                                                      0.117     0.117 r  dbg_hub/inst/BSCANID.u_xsdbm_id/CORE_XSDB.UUT_MASTER/U_ICON_INTERFACE/U_CMD6_WR/U_WR_FIFO/SUBCORE_FIFO.xsdbm_v3_0_0_wrfifo_inst/inst_fifo_gen/gconvfifo.rf/grf.rf/gntv_or_sync_fifo.gcx.clkx/gnxpm_cdc.wr_pntr_gc_reg[1]/Q
                         net (fo=1, estimated)        0.356     0.473    dbg_hub/inst/BSCANID.u_xsdbm_id/CORE_XSDB.UUT_MASTER/U_ICON_INTERFACE/U_CMD6_WR/U_WR_FIFO/SUBCORE_FIFO.xsdbm_v3_0_0_wrfifo_inst/inst_fifo_gen/gconvfifo.rf/grf.rf/gntv_or_sync_fifo.gcx.clkx/gnxpm_cdc.gsync_stage[1].rd_stg_inst/Q[1]
    SLICE_X110Y122       FDCE                                         r  dbg_hub/inst/BSCANID.u_xsdbm_id/CORE_XSDB.UUT_MASTER/U_ICON_INTERFACE/U_CMD6_WR/U_WR_FIFO/SUBCORE_FIFO.xsdbm_v3_0_0_wrfifo_inst/inst_fifo_gen/gconvfifo.rf/grf.rf/gntv_or_sync_fifo.gcx.clkx/gnxpm_cdc.gsync_stage[1].rd_stg_inst/Q_reg_reg[1]/D
  -------------------------------------------------------------------    -------------------

                         max delay                   33.000    33.000    
    SLICE_X110Y122       FDCE (Setup_BFF2_SLICEM_C_D)
                                                      0.062    33.062    dbg_hub/inst/BSCANID.u_xsdbm_id/CORE_XSDB.UUT_MASTER/U_ICON_INTERFACE/U_CMD6_WR/U_WR_FIFO/SUBCORE_FIFO.xsdbm_v3_0_0_wrfifo_inst/inst_fifo_gen/gconvfifo.rf/grf.rf/gntv_or_sync_fifo.gcx.clkx/gnxpm_cdc.gsync_stage[1].rd_stg_inst/Q_reg_reg[1]
  -------------------------------------------------------------------
                         required time                         33.062    
                         arrival time                          -0.473    
  -------------------------------------------------------------------
                         slack                                 32.589    

Slack (MET) :             32.645ns  (required time - arrival time)
  Source:                 dbg_hub/inst/BSCANID.u_xsdbm_id/CORE_XSDB.UUT_MASTER/U_ICON_INTERFACE/U_CMD6_RD/U_RD_FIFO/SUBCORE_FIFO.xsdbm_v3_0_0_rdfifo_inst/inst_fifo_gen/gconvfifo.rf/grf.rf/gntv_or_sync_fifo.gcx.clkx/gnxpm_cdc.rd_pntr_gc_reg[3]/C
                            (rising edge-triggered cell FDCE clocked by dbg_hub/inst/BSCANID.u_xsdbm_id/SWITCH_N_EXT_BSCAN.bscan_inst/SERIES7_BSCAN.bscan_inst/TCK  {rise@0.000ns fall@16.500ns period=33.000ns})
  Destination:            dbg_hub/inst/BSCANID.u_xsdbm_id/CORE_XSDB.UUT_MASTER/U_ICON_INTERFACE/U_CMD6_RD/U_RD_FIFO/SUBCORE_FIFO.xsdbm_v3_0_0_rdfifo_inst/inst_fifo_gen/gconvfifo.rf/grf.rf/gntv_or_sync_fifo.gcx.clkx/gnxpm_cdc.gsync_stage[1].wr_stg_inst/Q_reg_reg[3]/D
                            (rising edge-triggered cell FDCE clocked by clk_200m_mmcm  {rise@0.000ns fall@2.500ns period=5.000ns})
  Path Group:             clk_200m_mmcm
  Path Type:              Setup (Max at Slow Process Corner)
  Requirement:            33.000ns  (MaxDelay Path 33.000ns)
  Data Path Delay:        0.415ns  (logic 0.114ns (27.470%)  route 0.301ns (72.530%))
  Logic Levels:           0  
  Timing Exception:       MaxDelay Path 33.000ns -datapath_only

    Location             Delay type                Incr(ns)  Path(ns)    Netlist Resource(s)
  -------------------------------------------------------------------    -------------------
    SLICE_X111Y108                                    0.000     0.000 r  dbg_hub/inst/BSCANID.u_xsdbm_id/CORE_XSDB.UUT_MASTER/U_ICON_INTERFACE/U_CMD6_RD/U_RD_FIFO/SUBCORE_FIFO.xsdbm_v3_0_0_rdfifo_inst/inst_fifo_gen/gconvfifo.rf/grf.rf/gntv_or_sync_fifo.gcx.clkx/gnxpm_cdc.rd_pntr_gc_reg[3]/C
    SLICE_X111Y108       FDCE (Prop_EFF_SLICEL_C_Q)
                                                      0.114     0.114 r  dbg_hub/inst/BSCANID.u_xsdbm_id/CORE_XSDB.UUT_MASTER/U_ICON_INTERFACE/U_CMD6_RD/U_RD_FIFO/SUBCORE_FIFO.xsdbm_v3_0_0_rdfifo_inst/inst_fifo_gen/gconvfifo.rf/grf.rf/gntv_or_sync_fifo.gcx.clkx/gnxpm_cdc.rd_pntr_gc_reg[3]/Q
                         net (fo=1, estimated)        0.301     0.415    dbg_hub/inst/BSCANID.u_xsdbm_id/CORE_XSDB.UUT_MASTER/U_ICON_INTERFACE/U_CMD6_RD/U_RD_FIFO/SUBCORE_FIFO.xsdbm_v3_0_0_rdfifo_inst/inst_fifo_gen/gconvfifo.rf/grf.rf/gntv_or_sync_fifo.gcx.clkx/gnxpm_cdc.gsync_stage[1].wr_stg_inst/Q[3]
    SLICE_X111Y107       FDCE                                         r  dbg_hub/inst/BSCANID.u_xsdbm_id/CORE_XSDB.UUT_MASTER/U_ICON_INTERFACE/U_CMD6_RD/U_RD_FIFO/SUBCORE_FIFO.xsdbm_v3_0_0_rdfifo_inst/inst_fifo_gen/gconvfifo.rf/grf.rf/gntv_or_sync_fifo.gcx.clkx/gnxpm_cdc.gsync_stage[1].wr_stg_inst/Q_reg_reg[3]/D
  -------------------------------------------------------------------    -------------------

                         max delay                   33.000    33.000    
    SLICE_X111Y107       FDCE (Setup_HFF2_SLICEL_C_D)
                                                      0.060    33.060    dbg_hub/inst/BSCANID.u_xsdbm_id/CORE_XSDB.UUT_MASTER/U_ICON_INTERFACE/U_CMD6_RD/U_RD_FIFO/SUBCORE_FIFO.xsdbm_v3_0_0_rdfifo_inst/inst_fifo_gen/gconvfifo.rf/grf.rf/gntv_or_sync_fifo.gcx.clkx/gnxpm_cdc.gsync_stage[1].wr_stg_inst/Q_reg_reg[3]
  -------------------------------------------------------------------
                         required time                         33.060    
                         arrival time                          -0.415    
  -------------------------------------------------------------------
                         slack                                 32.645    

Slack (MET) :             32.668ns  (required time - arrival time)
  Source:                 dbg_hub/inst/BSCANID.u_xsdbm_id/CORE_XSDB.UUT_MASTER/U_ICON_INTERFACE/U_CMD6_RD/U_RD_FIFO/SUBCORE_FIFO.xsdbm_v3_0_0_rdfifo_inst/inst_fifo_gen/gconvfifo.rf/grf.rf/gntv_or_sync_fifo.gcx.clkx/gnxpm_cdc.rd_pntr_gc_reg[1]/C
                            (rising edge-triggered cell FDCE clocked by dbg_hub/inst/BSCANID.u_xsdbm_id/SWITCH_N_EXT_BSCAN.bscan_inst/SERIES7_BSCAN.bscan_inst/TCK  {rise@0.000ns fall@16.500ns period=33.000ns})
  Destination:            dbg_hub/inst/BSCANID.u_xsdbm_id/CORE_XSDB.UUT_MASTER/U_ICON_INTERFACE/U_CMD6_RD/U_RD_FIFO/SUBCORE_FIFO.xsdbm_v3_0_0_rdfifo_inst/inst_fifo_gen/gconvfifo.rf/grf.rf/gntv_or_sync_fifo.gcx.clkx/gnxpm_cdc.gsync_stage[1].wr_stg_inst/Q_reg_reg[1]/D
                            (rising edge-triggered cell FDCE clocked by clk_200m_mmcm  {rise@0.000ns fall@2.500ns period=5.000ns})
  Path Group:             clk_200m_mmcm
  Path Type:              Setup (Max at Slow Process Corner)
  Requirement:            33.000ns  (MaxDelay Path 33.000ns)
  Data Path Delay:        0.392ns  (logic 0.117ns (29.847%)  route 0.275ns (70.153%))
  Logic Levels:           0  
  Timing Exception:       MaxDelay Path 33.000ns -datapath_only

    Location             Delay type                Incr(ns)  Path(ns)    Netlist Resource(s)
  -------------------------------------------------------------------    -------------------
    SLICE_X109Y107                                    0.000     0.000 r  dbg_hub/inst/BSCANID.u_xsdbm_id/CORE_XSDB.UUT_MASTER/U_ICON_INTERFACE/U_CMD6_RD/U_RD_FIFO/SUBCORE_FIFO.xsdbm_v3_0_0_rdfifo_inst/inst_fifo_gen/gconvfifo.rf/grf.rf/gntv_or_sync_fifo.gcx.clkx/gnxpm_cdc.rd_pntr_gc_reg[1]/C
    SLICE_X109Y107       FDCE (Prop_DFF2_SLICEM_C_Q)
                                                      0.117     0.117 r  dbg_hub/inst/BSCANID.u_xsdbm_id/CORE_XSDB.UUT_MASTER/U_ICON_INTERFACE/U_CMD6_RD/U_RD_FIFO/SUBCORE_FIFO.xsdbm_v3_0_0_rdfifo_inst/inst_fifo_gen/gconvfifo.rf/grf.rf/gntv_or_sync_fifo.gcx.clkx/gnxpm_cdc.rd_pntr_gc_reg[1]/Q
                         net (fo=1, estimated)        0.275     0.392    dbg_hub/inst/BSCANID.u_xsdbm_id/CORE_XSDB.UUT_MASTER/U_ICON_INTERFACE/U_CMD6_RD/U_RD_FIFO/SUBCORE_FIFO.xsdbm_v3_0_0_rdfifo_inst/inst_fifo_gen/gconvfifo.rf/grf.rf/gntv_or_sync_fifo.gcx.clkx/gnxpm_cdc.gsync_stage[1].wr_stg_inst/Q[1]
    SLICE_X110Y107       FDCE                                         r  dbg_hub/inst/BSCANID.u_xsdbm_id/CORE_XSDB.UUT_MASTER/U_ICON_INTERFACE/U_CMD6_RD/U_RD_FIFO/SUBCORE_FIFO.xsdbm_v3_0_0_rdfifo_inst/inst_fifo_gen/gconvfifo.rf/grf.rf/gntv_or_sync_fifo.gcx.clkx/gnxpm_cdc.gsync_stage[1].wr_stg_inst/Q_reg_reg[1]/D
  -------------------------------------------------------------------    -------------------

                         max delay                   33.000    33.000    
    SLICE_X110Y107       FDCE (Setup_HFF2_SLICEM_C_D)
                                                      0.060    33.060    dbg_hub/inst/BSCANID.u_xsdbm_id/CORE_XSDB.UUT_MASTER/U_ICON_INTERFACE/U_CMD6_RD/U_RD_FIFO/SUBCORE_FIFO.xsdbm_v3_0_0_rdfifo_inst/inst_fifo_gen/gconvfifo.rf/grf.rf/gntv_or_sync_fifo.gcx.clkx/gnxpm_cdc.gsync_stage[1].wr_stg_inst/Q_reg_reg[1]
  -------------------------------------------------------------------
                         required time                         33.060    
                         arrival time                          -0.392    
  -------------------------------------------------------------------
                         slack                                 32.668    

Slack (MET) :             32.680ns  (required time - arrival time)
  Source:                 dbg_hub/inst/BSCANID.u_xsdbm_id/CORE_XSDB.UUT_MASTER/U_ICON_INTERFACE/U_CMD6_RD/U_RD_FIFO/SUBCORE_FIFO.xsdbm_v3_0_0_rdfifo_inst/inst_fifo_gen/gconvfifo.rf/grf.rf/gntv_or_sync_fifo.gcx.clkx/gnxpm_cdc.rd_pntr_gc_reg[0]/C
                            (rising edge-triggered cell FDCE clocked by dbg_hub/inst/BSCANID.u_xsdbm_id/SWITCH_N_EXT_BSCAN.bscan_inst/SERIES7_BSCAN.bscan_inst/TCK  {rise@0.000ns fall@16.500ns period=33.000ns})
  Destination:            dbg_hub/inst/BSCANID.u_xsdbm_id/CORE_XSDB.UUT_MASTER/U_ICON_INTERFACE/U_CMD6_RD/U_RD_FIFO/SUBCORE_FIFO.xsdbm_v3_0_0_rdfifo_inst/inst_fifo_gen/gconvfifo.rf/grf.rf/gntv_or_sync_fifo.gcx.clkx/gnxpm_cdc.gsync_stage[1].wr_stg_inst/Q_reg_reg[0]/D
                            (rising edge-triggered cell FDCE clocked by clk_200m_mmcm  {rise@0.000ns fall@2.500ns period=5.000ns})
  Path Group:             clk_200m_mmcm
  Path Type:              Setup (Max at Slow Process Corner)
  Requirement:            33.000ns  (MaxDelay Path 33.000ns)
  Data Path Delay:        0.382ns  (logic 0.114ns (29.843%)  route 0.268ns (70.157%))
  Logic Levels:           0  
  Timing Exception:       MaxDelay Path 33.000ns -datapath_only

    Location             Delay type                Incr(ns)  Path(ns)    Netlist Resource(s)
  -------------------------------------------------------------------    -------------------
    SLICE_X109Y107                                    0.000     0.000 r  dbg_hub/inst/BSCANID.u_xsdbm_id/CORE_XSDB.UUT_MASTER/U_ICON_INTERFACE/U_CMD6_RD/U_RD_FIFO/SUBCORE_FIFO.xsdbm_v3_0_0_rdfifo_inst/inst_fifo_gen/gconvfifo.rf/grf.rf/gntv_or_sync_fifo.gcx.clkx/gnxpm_cdc.rd_pntr_gc_reg[0]/C
    SLICE_X109Y107       FDCE (Prop_EFF_SLICEM_C_Q)
                                                      0.114     0.114 r  dbg_hub/inst/BSCANID.u_xsdbm_id/CORE_XSDB.UUT_MASTER/U_ICON_INTERFACE/U_CMD6_RD/U_RD_FIFO/SUBCORE_FIFO.xsdbm_v3_0_0_rdfifo_inst/inst_fifo_gen/gconvfifo.rf/grf.rf/gntv_or_sync_fifo.gcx.clkx/gnxpm_cdc.rd_pntr_gc_reg[0]/Q
                         net (fo=1, estimated)        0.268     0.382    dbg_hub/inst/BSCANID.u_xsdbm_id/CORE_XSDB.UUT_MASTER/U_ICON_INTERFACE/U_CMD6_RD/U_RD_FIFO/SUBCORE_FIFO.xsdbm_v3_0_0_rdfifo_inst/inst_fifo_gen/gconvfifo.rf/grf.rf/gntv_or_sync_fifo.gcx.clkx/gnxpm_cdc.gsync_stage[1].wr_stg_inst/Q[0]
    SLICE_X110Y107       FDCE                                         r  dbg_hub/inst/BSCANID.u_xsdbm_id/CORE_XSDB.UUT_MASTER/U_ICON_INTERFACE/U_CMD6_RD/U_RD_FIFO/SUBCORE_FIFO.xsdbm_v3_0_0_rdfifo_inst/inst_fifo_gen/gconvfifo.rf/grf.rf/gntv_or_sync_fifo.gcx.clkx/gnxpm_cdc.gsync_stage[1].wr_stg_inst/Q_reg_reg[0]/D
  -------------------------------------------------------------------    -------------------

                         max delay                   33.000    33.000    
    SLICE_X110Y107       FDCE (Setup_BFF2_SLICEM_C_D)
                                                      0.062    33.062    dbg_hub/inst/BSCANID.u_xsdbm_id/CORE_XSDB.UUT_MASTER/U_ICON_INTERFACE/U_CMD6_RD/U_RD_FIFO/SUBCORE_FIFO.xsdbm_v3_0_0_rdfifo_inst/inst_fifo_gen/gconvfifo.rf/grf.rf/gntv_or_sync_fifo.gcx.clkx/gnxpm_cdc.gsync_stage[1].wr_stg_inst/Q_reg_reg[0]
  -------------------------------------------------------------------
                         required time                         33.062    
                         arrival time                          -0.382    
  -------------------------------------------------------------------
                         slack                                 32.680    

Slack (MET) :             32.706ns  (required time - arrival time)
  Source:                 dbg_hub/inst/BSCANID.u_xsdbm_id/CORE_XSDB.UUT_MASTER/U_ICON_INTERFACE/U_CMD6_WR/U_WR_FIFO/SUBCORE_FIFO.xsdbm_v3_0_0_wrfifo_inst/inst_fifo_gen/gconvfifo.rf/grf.rf/gntv_or_sync_fifo.gcx.clkx/gnxpm_cdc.wr_pntr_gc_reg[2]/C
                            (rising edge-triggered cell FDCE clocked by dbg_hub/inst/BSCANID.u_xsdbm_id/SWITCH_N_EXT_BSCAN.bscan_inst/SERIES7_BSCAN.bscan_inst/TCK  {rise@0.000ns fall@16.500ns period=33.000ns})
  Destination:            dbg_hub/inst/BSCANID.u_xsdbm_id/CORE_XSDB.UUT_MASTER/U_ICON_INTERFACE/U_CMD6_WR/U_WR_FIFO/SUBCORE_FIFO.xsdbm_v3_0_0_wrfifo_inst/inst_fifo_gen/gconvfifo.rf/grf.rf/gntv_or_sync_fifo.gcx.clkx/gnxpm_cdc.gsync_stage[1].rd_stg_inst/Q_reg_reg[2]/D
                            (rising edge-triggered cell FDCE clocked by clk_200m_mmcm  {rise@0.000ns fall@2.500ns period=5.000ns})
  Path Group:             clk_200m_mmcm
  Path Type:              Setup (Max at Slow Process Corner)
  Requirement:            33.000ns  (MaxDelay Path 33.000ns)
  Data Path Delay:        0.357ns  (logic 0.114ns (31.933%)  route 0.243ns (68.067%))
  Logic Levels:           0  
  Timing Exception:       MaxDelay Path 33.000ns -datapath_only

    Location             Delay type                Incr(ns)  Path(ns)    Netlist Resource(s)
  -------------------------------------------------------------------    -------------------
    SLICE_X111Y121                                    0.000     0.000 r  dbg_hub/inst/BSCANID.u_xsdbm_id/CORE_XSDB.UUT_MASTER/U_ICON_INTERFACE/U_CMD6_WR/U_WR_FIFO/SUBCORE_FIFO.xsdbm_v3_0_0_wrfifo_inst/inst_fifo_gen/gconvfifo.rf/grf.rf/gntv_or_sync_fifo.gcx.clkx/gnxpm_cdc.wr_pntr_gc_reg[2]/C
    SLICE_X111Y121       FDCE (Prop_DFF_SLICEL_C_Q)
                                                      0.114     0.114 r  dbg_hub/inst/BSCANID.u_xsdbm_id/CORE_XSDB.UUT_MASTER/U_ICON_INTERFACE/U_CMD6_WR/U_WR_FIFO/SUBCORE_FIFO.xsdbm_v3_0_0_wrfifo_inst/inst_fifo_gen/gconvfifo.rf/grf.rf/gntv_or_sync_fifo.gcx.clkx/gnxpm_cdc.wr_pntr_gc_reg[2]/Q
                         net (fo=1, estimated)        0.243     0.357    dbg_hub/inst/BSCANID.u_xsdbm_id/CORE_XSDB.UUT_MASTER/U_ICON_INTERFACE/U_CMD6_WR/U_WR_FIFO/SUBCORE_FIFO.xsdbm_v3_0_0_wrfifo_inst/inst_fifo_gen/gconvfifo.rf/grf.rf/gntv_or_sync_fifo.gcx.clkx/gnxpm_cdc.gsync_stage[1].rd_stg_inst/Q[2]
    SLICE_X112Y121       FDCE                                         r  dbg_hub/inst/BSCANID.u_xsdbm_id/CORE_XSDB.UUT_MASTER/U_ICON_INTERFACE/U_CMD6_WR/U_WR_FIFO/SUBCORE_FIFO.xsdbm_v3_0_0_wrfifo_inst/inst_fifo_gen/gconvfifo.rf/grf.rf/gntv_or_sync_fifo.gcx.clkx/gnxpm_cdc.gsync_stage[1].rd_stg_inst/Q_reg_reg[2]/D
  -------------------------------------------------------------------    -------------------

                         max delay                   33.000    33.000    
    SLICE_X112Y121       FDCE (Setup_DFF2_SLICEM_C_D)
                                                      0.063    33.063    dbg_hub/inst/BSCANID.u_xsdbm_id/CORE_XSDB.UUT_MASTER/U_ICON_INTERFACE/U_CMD6_WR/U_WR_FIFO/SUBCORE_FIFO.xsdbm_v3_0_0_wrfifo_inst/inst_fifo_gen/gconvfifo.rf/grf.rf/gntv_or_sync_fifo.gcx.clkx/gnxpm_cdc.gsync_stage[1].rd_stg_inst/Q_reg_reg[2]
  -------------------------------------------------------------------
                         required time                         33.063    
                         arrival time                          -0.357    
  -------------------------------------------------------------------
                         slack                                 32.706    

Slack (MET) :             32.726ns  (required time - arrival time)
  Source:                 dbg_hub/inst/BSCANID.u_xsdbm_id/CORE_XSDB.UUT_MASTER/U_ICON_INTERFACE/U_CMD6_RD/U_RD_FIFO/SUBCORE_FIFO.xsdbm_v3_0_0_rdfifo_inst/inst_fifo_gen/gconvfifo.rf/grf.rf/gntv_or_sync_fifo.gcx.clkx/gnxpm_cdc.rd_pntr_gc_reg[2]/C
                            (rising edge-triggered cell FDCE clocked by dbg_hub/inst/BSCANID.u_xsdbm_id/SWITCH_N_EXT_BSCAN.bscan_inst/SERIES7_BSCAN.bscan_inst/TCK  {rise@0.000ns fall@16.500ns period=33.000ns})
  Destination:            dbg_hub/inst/BSCANID.u_xsdbm_id/CORE_XSDB.UUT_MASTER/U_ICON_INTERFACE/U_CMD6_RD/U_RD_FIFO/SUBCORE_FIFO.xsdbm_v3_0_0_rdfifo_inst/inst_fifo_gen/gconvfifo.rf/grf.rf/gntv_or_sync_fifo.gcx.clkx/gnxpm_cdc.gsync_stage[1].wr_stg_inst/Q_reg_reg[2]/D
                            (rising edge-triggered cell FDCE clocked by clk_200m_mmcm  {rise@0.000ns fall@2.500ns period=5.000ns})
  Path Group:             clk_200m_mmcm
  Path Type:              Setup (Max at Slow Process Corner)
  Requirement:            33.000ns  (MaxDelay Path 33.000ns)
  Data Path Delay:        0.336ns  (logic 0.114ns (33.929%)  route 0.222ns (66.071%))
  Logic Levels:           0  
  Timing Exception:       MaxDelay Path 33.000ns -datapath_only

    Location             Delay type                Incr(ns)  Path(ns)    Netlist Resource(s)
  -------------------------------------------------------------------    -------------------
    SLICE_X109Y107                                    0.000     0.000 r  dbg_hub/inst/BSCANID.u_xsdbm_id/CORE_XSDB.UUT_MASTER/U_ICON_INTERFACE/U_CMD6_RD/U_RD_FIFO/SUBCORE_FIFO.xsdbm_v3_0_0_rdfifo_inst/inst_fifo_gen/gconvfifo.rf/grf.rf/gntv_or_sync_fifo.gcx.clkx/gnxpm_cdc.rd_pntr_gc_reg[2]/C
    SLICE_X109Y107       FDCE (Prop_FFF_SLICEM_C_Q)
                                                      0.114     0.114 r  dbg_hub/inst/BSCANID.u_xsdbm_id/CORE_XSDB.UUT_MASTER/U_ICON_INTERFACE/U_CMD6_RD/U_RD_FIFO/SUBCORE_FIFO.xsdbm_v3_0_0_rdfifo_inst/inst_fifo_gen/gconvfifo.rf/grf.rf/gntv_or_sync_fifo.gcx.clkx/gnxpm_cdc.rd_pntr_gc_reg[2]/Q
                         net (fo=1, estimated)        0.222     0.336    dbg_hub/inst/BSCANID.u_xsdbm_id/CORE_XSDB.UUT_MASTER/U_ICON_INTERFACE/U_CMD6_RD/U_RD_FIFO/SUBCORE_FIFO.xsdbm_v3_0_0_rdfifo_inst/inst_fifo_gen/gconvfifo.rf/grf.rf/gntv_or_sync_fifo.gcx.clkx/gnxpm_cdc.gsync_stage[1].wr_stg_inst/Q[2]
    SLICE_X108Y107       FDCE                                         r  dbg_hub/inst/BSCANID.u_xsdbm_id/CORE_XSDB.UUT_MASTER/U_ICON_INTERFACE/U_CMD6_RD/U_RD_FIFO/SUBCORE_FIFO.xsdbm_v3_0_0_rdfifo_inst/inst_fifo_gen/gconvfifo.rf/grf.rf/gntv_or_sync_fifo.gcx.clkx/gnxpm_cdc.gsync_stage[1].wr_stg_inst/Q_reg_reg[2]/D
  -------------------------------------------------------------------    -------------------

                         max delay                   33.000    33.000    
    SLICE_X108Y107       FDCE (Setup_CFF2_SLICEL_C_D)
                                                      0.062    33.062    dbg_hub/inst/BSCANID.u_xsdbm_id/CORE_XSDB.UUT_MASTER/U_ICON_INTERFACE/U_CMD6_RD/U_RD_FIFO/SUBCORE_FIFO.xsdbm_v3_0_0_rdfifo_inst/inst_fifo_gen/gconvfifo.rf/grf.rf/gntv_or_sync_fifo.gcx.clkx/gnxpm_cdc.gsync_stage[1].wr_stg_inst/Q_reg_reg[2]
  -------------------------------------------------------------------
                         required time                         33.062    
                         arrival time                          -0.336    
  -------------------------------------------------------------------
                         slack                                 32.726    

Slack (MET) :             32.739ns  (required time - arrival time)
  Source:                 dbg_hub/inst/BSCANID.u_xsdbm_id/CORE_XSDB.UUT_MASTER/U_ICON_INTERFACE/U_CMD6_WR/U_WR_FIFO/SUBCORE_FIFO.xsdbm_v3_0_0_wrfifo_inst/inst_fifo_gen/gconvfifo.rf/grf.rf/gntv_or_sync_fifo.gcx.clkx/gnxpm_cdc.wr_pntr_gc_reg[3]/C
                            (rising edge-triggered cell FDCE clocked by dbg_hub/inst/BSCANID.u_xsdbm_id/SWITCH_N_EXT_BSCAN.bscan_inst/SERIES7_BSCAN.bscan_inst/TCK  {rise@0.000ns fall@16.500ns period=33.000ns})
  Destination:            dbg_hub/inst/BSCANID.u_xsdbm_id/CORE_XSDB.UUT_MASTER/U_ICON_INTERFACE/U_CMD6_WR/U_WR_FIFO/SUBCORE_FIFO.xsdbm_v3_0_0_wrfifo_inst/inst_fifo_gen/gconvfifo.rf/grf.rf/gntv_or_sync_fifo.gcx.clkx/gnxpm_cdc.gsync_stage[1].rd_stg_inst/Q_reg_reg[3]/D
                            (rising edge-triggered cell FDCE clocked by clk_200m_mmcm  {rise@0.000ns fall@2.500ns period=5.000ns})
  Path Group:             clk_200m_mmcm
  Path Type:              Setup (Max at Slow Process Corner)
  Requirement:            33.000ns  (MaxDelay Path 33.000ns)
  Data Path Delay:        0.324ns  (logic 0.114ns (35.185%)  route 0.210ns (64.815%))
  Logic Levels:           0  
  Timing Exception:       MaxDelay Path 33.000ns -datapath_only

    Location             Delay type                Incr(ns)  Path(ns)    Netlist Resource(s)
  -------------------------------------------------------------------    -------------------
    SLICE_X111Y121                                    0.000     0.000 r  dbg_hub/inst/BSCANID.u_xsdbm_id/CORE_XSDB.UUT_MASTER/U_ICON_INTERFACE/U_CMD6_WR/U_WR_FIFO/SUBCORE_FIFO.xsdbm_v3_0_0_wrfifo_inst/inst_fifo_gen/gconvfifo.rf/grf.rf/gntv_or_sync_fifo.gcx.clkx/gnxpm_cdc.wr_pntr_gc_reg[3]/C
    SLICE_X111Y121       FDCE (Prop_EFF_SLICEL_C_Q)
                                                      0.114     0.114 r  dbg_hub/inst/BSCANID.u_xsdbm_id/CORE_XSDB.UUT_MASTER/U_ICON_INTERFACE/U_CMD6_WR/U_WR_FIFO/SUBCORE_FIFO.xsdbm_v3_0_0_wrfifo_inst/inst_fifo_gen/gconvfifo.rf/grf.rf/gntv_or_sync_fifo.gcx.clkx/gnxpm_cdc.wr_pntr_gc_reg[3]/Q
                         net (fo=1, estimated)        0.210     0.324    dbg_hub/inst/BSCANID.u_xsdbm_id/CORE_XSDB.UUT_MASTER/U_ICON_INTERFACE/U_CMD6_WR/U_WR_FIFO/SUBCORE_FIFO.xsdbm_v3_0_0_wrfifo_inst/inst_fifo_gen/gconvfifo.rf/grf.rf/gntv_or_sync_fifo.gcx.clkx/gnxpm_cdc.gsync_stage[1].rd_stg_inst/Q[3]
    SLICE_X111Y122       FDCE                                         r  dbg_hub/inst/BSCANID.u_xsdbm_id/CORE_XSDB.UUT_MASTER/U_ICON_INTERFACE/U_CMD6_WR/U_WR_FIFO/SUBCORE_FIFO.xsdbm_v3_0_0_wrfifo_inst/inst_fifo_gen/gconvfifo.rf/grf.rf/gntv_or_sync_fifo.gcx.clkx/gnxpm_cdc.gsync_stage[1].rd_stg_inst/Q_reg_reg[3]/D
  -------------------------------------------------------------------    -------------------

                         max delay                   33.000    33.000    
    SLICE_X111Y122       FDCE (Setup_DFF2_SLICEL_C_D)
                                                      0.063    33.063    dbg_hub/inst/BSCANID.u_xsdbm_id/CORE_XSDB.UUT_MASTER/U_ICON_INTERFACE/U_CMD6_WR/U_WR_FIFO/SUBCORE_FIFO.xsdbm_v3_0_0_wrfifo_inst/inst_fifo_gen/gconvfifo.rf/grf.rf/gntv_or_sync_fifo.gcx.clkx/gnxpm_cdc.gsync_stage[1].rd_stg_inst/Q_reg_reg[3]
  -------------------------------------------------------------------
                         required time                         33.063    
                         arrival time                          -0.324    
  -------------------------------------------------------------------
                         slack                                 32.739    





---------------------------------------------------------------------------------------------------
From Clock:  clk_200m_mmcm
  To Clock:  dbg_hub/inst/BSCANID.u_xsdbm_id/SWITCH_N_EXT_BSCAN.bscan_inst/SERIES7_BSCAN.bscan_inst/TCK

Setup :            0  Failing Endpoints,  Worst Slack        4.579ns,  Total Violation        0.000ns
Hold  :           NA  Failing Endpoints,  Worst Slack           NA  ,  Total Violation           NA
---------------------------------------------------------------------------------------------------


Max Delay Paths
--------------------------------------------------------------------------------------
Slack (MET) :             4.579ns  (required time - arrival time)
  Source:                 dbg_hub/inst/BSCANID.u_xsdbm_id/CORE_XSDB.UUT_MASTER/U_ICON_INTERFACE/U_CMD6_RD/U_RD_FIFO/SUBCORE_FIFO.xsdbm_v3_0_0_rdfifo_inst/inst_fifo_gen/gconvfifo.rf/grf.rf/gntv_or_sync_fifo.gcx.clkx/gnxpm_cdc.wr_pntr_gc_reg[0]/C
                            (rising edge-triggered cell FDCE clocked by clk_200m_mmcm  {rise@0.000ns fall@2.500ns period=5.000ns})
  Destination:            dbg_hub/inst/BSCANID.u_xsdbm_id/CORE_XSDB.UUT_MASTER/U_ICON_INTERFACE/U_CMD6_RD/U_RD_FIFO/SUBCORE_FIFO.xsdbm_v3_0_0_rdfifo_inst/inst_fifo_gen/gconvfifo.rf/grf.rf/gntv_or_sync_fifo.gcx.clkx/gnxpm_cdc.gsync_stage[1].rd_stg_inst/Q_reg_reg[0]/D
                            (rising edge-triggered cell FDCE clocked by dbg_hub/inst/BSCANID.u_xsdbm_id/SWITCH_N_EXT_BSCAN.bscan_inst/SERIES7_BSCAN.bscan_inst/TCK  {rise@0.000ns fall@16.500ns period=33.000ns})
  Path Group:             dbg_hub/inst/BSCANID.u_xsdbm_id/SWITCH_N_EXT_BSCAN.bscan_inst/SERIES7_BSCAN.bscan_inst/TCK
  Path Type:              Setup (Max at Slow Process Corner)
  Requirement:            5.000ns  (MaxDelay Path 5.000ns)
  Data Path Delay:        0.481ns  (logic 0.114ns (23.701%)  route 0.367ns (76.299%))
  Logic Levels:           0  
  Timing Exception:       MaxDelay Path 5.000ns -datapath_only

    Location             Delay type                Incr(ns)  Path(ns)    Netlist Resource(s)
  -------------------------------------------------------------------    -------------------
    SLICE_X108Y107                                    0.000     0.000 r  dbg_hub/inst/BSCANID.u_xsdbm_id/CORE_XSDB.UUT_MASTER/U_ICON_INTERFACE/U_CMD6_RD/U_RD_FIFO/SUBCORE_FIFO.xsdbm_v3_0_0_rdfifo_inst/inst_fifo_gen/gconvfifo.rf/grf.rf/gntv_or_sync_fifo.gcx.clkx/gnxpm_cdc.wr_pntr_gc_reg[0]/C
    SLICE_X108Y107       FDCE (Prop_DFF_SLICEL_C_Q)
                                                      0.114     0.114 r  dbg_hub/inst/BSCANID.u_xsdbm_id/CORE_XSDB.UUT_MASTER/U_ICON_INTERFACE/U_CMD6_RD/U_RD_FIFO/SUBCORE_FIFO.xsdbm_v3_0_0_rdfifo_inst/inst_fifo_gen/gconvfifo.rf/grf.rf/gntv_or_sync_fifo.gcx.clkx/gnxpm_cdc.wr_pntr_gc_reg[0]/Q
                         net (fo=1, estimated)        0.367     0.481    dbg_hub/inst/BSCANID.u_xsdbm_id/CORE_XSDB.UUT_MASTER/U_ICON_INTERFACE/U_CMD6_RD/U_RD_FIFO/SUBCORE_FIFO.xsdbm_v3_0_0_rdfifo_inst/inst_fifo_gen/gconvfifo.rf/grf.rf/gntv_or_sync_fifo.gcx.clkx/gnxpm_cdc.gsync_stage[1].rd_stg_inst/Q[0]
    SLICE_X109Y107       FDCE                                         r  dbg_hub/inst/BSCANID.u_xsdbm_id/CORE_XSDB.UUT_MASTER/U_ICON_INTERFACE/U_CMD6_RD/U_RD_FIFO/SUBCORE_FIFO.xsdbm_v3_0_0_rdfifo_inst/inst_fifo_gen/gconvfifo.rf/grf.rf/gntv_or_sync_fifo.gcx.clkx/gnxpm_cdc.gsync_stage[1].rd_stg_inst/Q_reg_reg[0]/D
  -------------------------------------------------------------------    -------------------

                         max delay                    5.000     5.000    
    SLICE_X109Y107       FDCE (Setup_HFF2_SLICEM_C_D)
                                                      0.060     5.060    dbg_hub/inst/BSCANID.u_xsdbm_id/CORE_XSDB.UUT_MASTER/U_ICON_INTERFACE/U_CMD6_RD/U_RD_FIFO/SUBCORE_FIFO.xsdbm_v3_0_0_rdfifo_inst/inst_fifo_gen/gconvfifo.rf/grf.rf/gntv_or_sync_fifo.gcx.clkx/gnxpm_cdc.gsync_stage[1].rd_stg_inst/Q_reg_reg[0]
  -------------------------------------------------------------------
                         required time                          5.060    
                         arrival time                          -0.481    
  -------------------------------------------------------------------
                         slack                                  4.579    

Slack (MET) :             4.585ns  (required time - arrival time)
  Source:                 dbg_hub/inst/BSCANID.u_xsdbm_id/CORE_XSDB.UUT_MASTER/U_ICON_INTERFACE/U_CMD6_RD/U_RD_FIFO/SUBCORE_FIFO.xsdbm_v3_0_0_rdfifo_inst/inst_fifo_gen/gconvfifo.rf/grf.rf/gntv_or_sync_fifo.gcx.clkx/gnxpm_cdc.wr_pntr_gc_reg[1]/C
                            (rising edge-triggered cell FDCE clocked by clk_200m_mmcm  {rise@0.000ns fall@2.500ns period=5.000ns})
  Destination:            dbg_hub/inst/BSCANID.u_xsdbm_id/CORE_XSDB.UUT_MASTER/U_ICON_INTERFACE/U_CMD6_RD/U_RD_FIFO/SUBCORE_FIFO.xsdbm_v3_0_0_rdfifo_inst/inst_fifo_gen/gconvfifo.rf/grf.rf/gntv_or_sync_fifo.gcx.clkx/gnxpm_cdc.gsync_stage[1].rd_stg_inst/Q_reg_reg[1]/D
                            (rising edge-triggered cell FDCE clocked by dbg_hub/inst/BSCANID.u_xsdbm_id/SWITCH_N_EXT_BSCAN.bscan_inst/SERIES7_BSCAN.bscan_inst/TCK  {rise@0.000ns fall@16.500ns period=33.000ns})
  Path Group:             dbg_hub/inst/BSCANID.u_xsdbm_id/SWITCH_N_EXT_BSCAN.bscan_inst/SERIES7_BSCAN.bscan_inst/TCK
  Path Type:              Setup (Max at Slow Process Corner)
  Requirement:            5.000ns  (MaxDelay Path 5.000ns)
  Data Path Delay:        0.477ns  (logic 0.117ns (24.528%)  route 0.360ns (75.472%))
  Logic Levels:           0  
  Timing Exception:       MaxDelay Path 5.000ns -datapath_only

    Location             Delay type                Incr(ns)  Path(ns)    Netlist Resource(s)
  -------------------------------------------------------------------    -------------------
    SLICE_X108Y107                                    0.000     0.000 r  dbg_hub/inst/BSCANID.u_xsdbm_id/CORE_XSDB.UUT_MASTER/U_ICON_INTERFACE/U_CMD6_RD/U_RD_FIFO/SUBCORE_FIFO.xsdbm_v3_0_0_rdfifo_inst/inst_fifo_gen/gconvfifo.rf/grf.rf/gntv_or_sync_fifo.gcx.clkx/gnxpm_cdc.wr_pntr_gc_reg[1]/C
    SLICE_X108Y107       FDCE (Prop_DFF2_SLICEL_C_Q)
                                                      0.117     0.117 r  dbg_hub/inst/BSCANID.u_xsdbm_id/CORE_XSDB.UUT_MASTER/U_ICON_INTERFACE/U_CMD6_RD/U_RD_FIFO/SUBCORE_FIFO.xsdbm_v3_0_0_rdfifo_inst/inst_fifo_gen/gconvfifo.rf/grf.rf/gntv_or_sync_fifo.gcx.clkx/gnxpm_cdc.wr_pntr_gc_reg[1]/Q
                         net (fo=1, estimated)        0.360     0.477    dbg_hub/inst/BSCANID.u_xsdbm_id/CORE_XSDB.UUT_MASTER/U_ICON_INTERFACE/U_CMD6_RD/U_RD_FIFO/SUBCORE_FIFO.xsdbm_v3_0_0_rdfifo_inst/inst_fifo_gen/gconvfifo.rf/grf.rf/gntv_or_sync_fifo.gcx.clkx/gnxpm_cdc.gsync_stage[1].rd_stg_inst/Q[1]
    SLICE_X109Y107       FDCE                                         r  dbg_hub/inst/BSCANID.u_xsdbm_id/CORE_XSDB.UUT_MASTER/U_ICON_INTERFACE/U_CMD6_RD/U_RD_FIFO/SUBCORE_FIFO.xsdbm_v3_0_0_rdfifo_inst/inst_fifo_gen/gconvfifo.rf/grf.rf/gntv_or_sync_fifo.gcx.clkx/gnxpm_cdc.gsync_stage[1].rd_stg_inst/Q_reg_reg[1]/D
  -------------------------------------------------------------------    -------------------

                         max delay                    5.000     5.000    
    SLICE_X109Y107       FDCE (Setup_CFF2_SLICEM_C_D)
                                                      0.062     5.062    dbg_hub/inst/BSCANID.u_xsdbm_id/CORE_XSDB.UUT_MASTER/U_ICON_INTERFACE/U_CMD6_RD/U_RD_FIFO/SUBCORE_FIFO.xsdbm_v3_0_0_rdfifo_inst/inst_fifo_gen/gconvfifo.rf/grf.rf/gntv_or_sync_fifo.gcx.clkx/gnxpm_cdc.gsync_stage[1].rd_stg_inst/Q_reg_reg[1]
  -------------------------------------------------------------------
                         required time                          5.062    
                         arrival time                          -0.477    
  -------------------------------------------------------------------
                         slack                                  4.585    

Slack (MET) :             4.614ns  (required time - arrival time)
  Source:                 dbg_hub/inst/BSCANID.u_xsdbm_id/CORE_XSDB.UUT_MASTER/U_ICON_INTERFACE/U_CMD6_WR/U_WR_FIFO/SUBCORE_FIFO.xsdbm_v3_0_0_wrfifo_inst/inst_fifo_gen/gconvfifo.rf/grf.rf/gntv_or_sync_fifo.gcx.clkx/gnxpm_cdc.rd_pntr_gc_reg[1]/C
                            (rising edge-triggered cell FDCE clocked by clk_200m_mmcm  {rise@0.000ns fall@2.500ns period=5.000ns})
  Destination:            dbg_hub/inst/BSCANID.u_xsdbm_id/CORE_XSDB.UUT_MASTER/U_ICON_INTERFACE/U_CMD6_WR/U_WR_FIFO/SUBCORE_FIFO.xsdbm_v3_0_0_wrfifo_inst/inst_fifo_gen/gconvfifo.rf/grf.rf/gntv_or_sync_fifo.gcx.clkx/gnxpm_cdc.gsync_stage[1].wr_stg_inst/Q_reg_reg[1]/D
                            (rising edge-triggered cell FDCE clocked by dbg_hub/inst/BSCANID.u_xsdbm_id/SWITCH_N_EXT_BSCAN.bscan_inst/SERIES7_BSCAN.bscan_inst/TCK  {rise@0.000ns fall@16.500ns period=33.000ns})
  Path Group:             dbg_hub/inst/BSCANID.u_xsdbm_id/SWITCH_N_EXT_BSCAN.bscan_inst/SERIES7_BSCAN.bscan_inst/TCK
  Path Type:              Setup (Max at Slow Process Corner)
  Requirement:            5.000ns  (MaxDelay Path 5.000ns)
  Data Path Delay:        0.449ns  (logic 0.117ns (26.058%)  route 0.332ns (73.942%))
  Logic Levels:           0  
  Timing Exception:       MaxDelay Path 5.000ns -datapath_only

    Location             Delay type                Incr(ns)  Path(ns)    Netlist Resource(s)
  -------------------------------------------------------------------    -------------------
    SLICE_X110Y122                                    0.000     0.000 r  dbg_hub/inst/BSCANID.u_xsdbm_id/CORE_XSDB.UUT_MASTER/U_ICON_INTERFACE/U_CMD6_WR/U_WR_FIFO/SUBCORE_FIFO.xsdbm_v3_0_0_wrfifo_inst/inst_fifo_gen/gconvfifo.rf/grf.rf/gntv_or_sync_fifo.gcx.clkx/gnxpm_cdc.rd_pntr_gc_reg[1]/C
    SLICE_X110Y122       FDCE (Prop_DFF2_SLICEM_C_Q)
                                                      0.117     0.117 r  dbg_hub/inst/BSCANID.u_xsdbm_id/CORE_XSDB.UUT_MASTER/U_ICON_INTERFACE/U_CMD6_WR/U_WR_FIFO/SUBCORE_FIFO.xsdbm_v3_0_0_wrfifo_inst/inst_fifo_gen/gconvfifo.rf/grf.rf/gntv_or_sync_fifo.gcx.clkx/gnxpm_cdc.rd_pntr_gc_reg[1]/Q
                         net (fo=1, estimated)        0.332     0.449    dbg_hub/inst/BSCANID.u_xsdbm_id/CORE_XSDB.UUT_MASTER/U_ICON_INTERFACE/U_CMD6_WR/U_WR_FIFO/SUBCORE_FIFO.xsdbm_v3_0_0_wrfifo_inst/inst_fifo_gen/gconvfifo.rf/grf.rf/gntv_or_sync_fifo.gcx.clkx/gnxpm_cdc.gsync_stage[1].wr_stg_inst/Q[1]
    SLICE_X111Y121       FDCE                                         r  dbg_hub/inst/BSCANID.u_xsdbm_id/CORE_XSDB.UUT_MASTER/U_ICON_INTERFACE/U_CMD6_WR/U_WR_FIFO/SUBCORE_FIFO.xsdbm_v3_0_0_wrfifo_inst/inst_fifo_gen/gconvfifo.rf/grf.rf/gntv_or_sync_fifo.gcx.clkx/gnxpm_cdc.gsync_stage[1].wr_stg_inst/Q_reg_reg[1]/D
  -------------------------------------------------------------------    -------------------

                         max delay                    5.000     5.000    
    SLICE_X111Y121       FDCE (Setup_DFF2_SLICEL_C_D)
                                                      0.063     5.063    dbg_hub/inst/BSCANID.u_xsdbm_id/CORE_XSDB.UUT_MASTER/U_ICON_INTERFACE/U_CMD6_WR/U_WR_FIFO/SUBCORE_FIFO.xsdbm_v3_0_0_wrfifo_inst/inst_fifo_gen/gconvfifo.rf/grf.rf/gntv_or_sync_fifo.gcx.clkx/gnxpm_cdc.gsync_stage[1].wr_stg_inst/Q_reg_reg[1]
  -------------------------------------------------------------------
                         required time                          5.063    
                         arrival time                          -0.449    
  -------------------------------------------------------------------
                         slack                                  4.614    

Slack (MET) :             4.618ns  (required time - arrival time)
  Source:                 dbg_hub/inst/BSCANID.u_xsdbm_id/CORE_XSDB.UUT_MASTER/U_ICON_INTERFACE/U_CMD6_WR/U_WR_FIFO/SUBCORE_FIFO.xsdbm_v3_0_0_wrfifo_inst/inst_fifo_gen/gconvfifo.rf/grf.rf/gntv_or_sync_fifo.gcx.clkx/gnxpm_cdc.rd_pntr_gc_reg[2]/C
                            (rising edge-triggered cell FDCE clocked by clk_200m_mmcm  {rise@0.000ns fall@2.500ns period=5.000ns})
  Destination:            dbg_hub/inst/BSCANID.u_xsdbm_id/CORE_XSDB.UUT_MASTER/U_ICON_INTERFACE/U_CMD6_WR/U_WR_FIFO/SUBCORE_FIFO.xsdbm_v3_0_0_wrfifo_inst/inst_fifo_gen/gconvfifo.rf/grf.rf/gntv_or_sync_fifo.gcx.clkx/gnxpm_cdc.gsync_stage[1].wr_stg_inst/Q_reg_reg[2]/D
                            (rising edge-triggered cell FDCE clocked by dbg_hub/inst/BSCANID.u_xsdbm_id/SWITCH_N_EXT_BSCAN.bscan_inst/SERIES7_BSCAN.bscan_inst/TCK  {rise@0.000ns fall@16.500ns period=33.000ns})
  Path Group:             dbg_hub/inst/BSCANID.u_xsdbm_id/SWITCH_N_EXT_BSCAN.bscan_inst/SERIES7_BSCAN.bscan_inst/TCK
  Path Type:              Setup (Max at Slow Process Corner)
  Requirement:            5.000ns  (MaxDelay Path 5.000ns)
  Data Path Delay:        0.444ns  (logic 0.115ns (25.901%)  route 0.329ns (74.099%))
  Logic Levels:           0  
  Timing Exception:       MaxDelay Path 5.000ns -datapath_only

    Location             Delay type                Incr(ns)  Path(ns)    Netlist Resource(s)
  -------------------------------------------------------------------    -------------------
    SLICE_X110Y122                                    0.000     0.000 r  dbg_hub/inst/BSCANID.u_xsdbm_id/CORE_XSDB.UUT_MASTER/U_ICON_INTERFACE/U_CMD6_WR/U_WR_FIFO/SUBCORE_FIFO.xsdbm_v3_0_0_wrfifo_inst/inst_fifo_gen/gconvfifo.rf/grf.rf/gntv_or_sync_fifo.gcx.clkx/gnxpm_cdc.rd_pntr_gc_reg[2]/C
    SLICE_X110Y122       FDCE (Prop_AFF_SLICEM_C_Q)
                                                      0.115     0.115 r  dbg_hub/inst/BSCANID.u_xsdbm_id/CORE_XSDB.UUT_MASTER/U_ICON_INTERFACE/U_CMD6_WR/U_WR_FIFO/SUBCORE_FIFO.xsdbm_v3_0_0_wrfifo_inst/inst_fifo_gen/gconvfifo.rf/grf.rf/gntv_or_sync_fifo.gcx.clkx/gnxpm_cdc.rd_pntr_gc_reg[2]/Q
                         net (fo=1, estimated)        0.329     0.444    dbg_hub/inst/BSCANID.u_xsdbm_id/CORE_XSDB.UUT_MASTER/U_ICON_INTERFACE/U_CMD6_WR/U_WR_FIFO/SUBCORE_FIFO.xsdbm_v3_0_0_wrfifo_inst/inst_fifo_gen/gconvfifo.rf/grf.rf/gntv_or_sync_fifo.gcx.clkx/gnxpm_cdc.gsync_stage[1].wr_stg_inst/Q[2]
    SLICE_X111Y121       FDCE                                         r  dbg_hub/inst/BSCANID.u_xsdbm_id/CORE_XSDB.UUT_MASTER/U_ICON_INTERFACE/U_CMD6_WR/U_WR_FIFO/SUBCORE_FIFO.xsdbm_v3_0_0_wrfifo_inst/inst_fifo_gen/gconvfifo.rf/grf.rf/gntv_or_sync_fifo.gcx.clkx/gnxpm_cdc.gsync_stage[1].wr_stg_inst/Q_reg_reg[2]/D
  -------------------------------------------------------------------    -------------------

                         max delay                    5.000     5.000    
    SLICE_X111Y121       FDCE (Setup_CFF2_SLICEL_C_D)
                                                      0.062     5.062    dbg_hub/inst/BSCANID.u_xsdbm_id/CORE_XSDB.UUT_MASTER/U_ICON_INTERFACE/U_CMD6_WR/U_WR_FIFO/SUBCORE_FIFO.xsdbm_v3_0_0_wrfifo_inst/inst_fifo_gen/gconvfifo.rf/grf.rf/gntv_or_sync_fifo.gcx.clkx/gnxpm_cdc.gsync_stage[1].wr_stg_inst/Q_reg_reg[2]
  -------------------------------------------------------------------
                         required time                          5.062    
                         arrival time                          -0.444    
  -------------------------------------------------------------------
                         slack                                  4.618    

Slack (MET) :             4.622ns  (required time - arrival time)
  Source:                 dbg_hub/inst/BSCANID.u_xsdbm_id/CORE_XSDB.UUT_MASTER/U_ICON_INTERFACE/U_CMD6_WR/U_WR_FIFO/SUBCORE_FIFO.xsdbm_v3_0_0_wrfifo_inst/inst_fifo_gen/gconvfifo.rf/grf.rf/gntv_or_sync_fifo.gcx.clkx/gnxpm_cdc.rd_pntr_gc_reg[3]/C
                            (rising edge-triggered cell FDCE clocked by clk_200m_mmcm  {rise@0.000ns fall@2.500ns period=5.000ns})
  Destination:            dbg_hub/inst/BSCANID.u_xsdbm_id/CORE_XSDB.UUT_MASTER/U_ICON_INTERFACE/U_CMD6_WR/U_WR_FIFO/SUBCORE_FIFO.xsdbm_v3_0_0_wrfifo_inst/inst_fifo_gen/gconvfifo.rf/grf.rf/gntv_or_sync_fifo.gcx.clkx/gnxpm_cdc.gsync_stage[1].wr_stg_inst/Q_reg_reg[3]/D
                            (rising edge-triggered cell FDCE clocked by dbg_hub/inst/BSCANID.u_xsdbm_id/SWITCH_N_EXT_BSCAN.bscan_inst/SERIES7_BSCAN.bscan_inst/TCK  {rise@0.000ns fall@16.500ns period=33.000ns})
  Path Group:             dbg_hub/inst/BSCANID.u_xsdbm_id/SWITCH_N_EXT_BSCAN.bscan_inst/SERIES7_BSCAN.bscan_inst/TCK
  Path Type:              Setup (Max at Slow Process Corner)
  Requirement:            5.000ns  (MaxDelay Path 5.000ns)
  Data Path Delay:        0.440ns  (logic 0.116ns (26.364%)  route 0.324ns (73.636%))
  Logic Levels:           0  
  Timing Exception:       MaxDelay Path 5.000ns -datapath_only

    Location             Delay type                Incr(ns)  Path(ns)    Netlist Resource(s)
  -------------------------------------------------------------------    -------------------
    SLICE_X111Y122                                    0.000     0.000 r  dbg_hub/inst/BSCANID.u_xsdbm_id/CORE_XSDB.UUT_MASTER/U_ICON_INTERFACE/U_CMD6_WR/U_WR_FIFO/SUBCORE_FIFO.xsdbm_v3_0_0_wrfifo_inst/inst_fifo_gen/gconvfifo.rf/grf.rf/gntv_or_sync_fifo.gcx.clkx/gnxpm_cdc.rd_pntr_gc_reg[3]/C
    SLICE_X111Y122       FDCE (Prop_EFF2_SLICEL_C_Q)
                                                      0.116     0.116 r  dbg_hub/inst/BSCANID.u_xsdbm_id/CORE_XSDB.UUT_MASTER/U_ICON_INTERFACE/U_CMD6_WR/U_WR_FIFO/SUBCORE_FIFO.xsdbm_v3_0_0_wrfifo_inst/inst_fifo_gen/gconvfifo.rf/grf.rf/gntv_or_sync_fifo.gcx.clkx/gnxpm_cdc.rd_pntr_gc_reg[3]/Q
                         net (fo=1, estimated)        0.324     0.440    dbg_hub/inst/BSCANID.u_xsdbm_id/CORE_XSDB.UUT_MASTER/U_ICON_INTERFACE/U_CMD6_WR/U_WR_FIFO/SUBCORE_FIFO.xsdbm_v3_0_0_wrfifo_inst/inst_fifo_gen/gconvfifo.rf/grf.rf/gntv_or_sync_fifo.gcx.clkx/gnxpm_cdc.gsync_stage[1].wr_stg_inst/Q[3]
    SLICE_X112Y122       FDCE                                         r  dbg_hub/inst/BSCANID.u_xsdbm_id/CORE_XSDB.UUT_MASTER/U_ICON_INTERFACE/U_CMD6_WR/U_WR_FIFO/SUBCORE_FIFO.xsdbm_v3_0_0_wrfifo_inst/inst_fifo_gen/gconvfifo.rf/grf.rf/gntv_or_sync_fifo.gcx.clkx/gnxpm_cdc.gsync_stage[1].wr_stg_inst/Q_reg_reg[3]/D
  -------------------------------------------------------------------    -------------------

                         max delay                    5.000     5.000    
    SLICE_X112Y122       FDCE (Setup_CFF2_SLICEM_C_D)
                                                      0.062     5.062    dbg_hub/inst/BSCANID.u_xsdbm_id/CORE_XSDB.UUT_MASTER/U_ICON_INTERFACE/U_CMD6_WR/U_WR_FIFO/SUBCORE_FIFO.xsdbm_v3_0_0_wrfifo_inst/inst_fifo_gen/gconvfifo.rf/grf.rf/gntv_or_sync_fifo.gcx.clkx/gnxpm_cdc.gsync_stage[1].wr_stg_inst/Q_reg_reg[3]
  -------------------------------------------------------------------
                         required time                          5.062    
                         arrival time                          -0.440    
  -------------------------------------------------------------------
                         slack                                  4.622    

Slack (MET) :             4.629ns  (required time - arrival time)
  Source:                 dbg_hub/inst/BSCANID.u_xsdbm_id/CORE_XSDB.UUT_MASTER/U_ICON_INTERFACE/U_CMD6_RD/U_RD_FIFO/SUBCORE_FIFO.xsdbm_v3_0_0_rdfifo_inst/inst_fifo_gen/gconvfifo.rf/grf.rf/gntv_or_sync_fifo.gcx.clkx/gnxpm_cdc.wr_pntr_gc_reg[2]/C
                            (rising edge-triggered cell FDCE clocked by clk_200m_mmcm  {rise@0.000ns fall@2.500ns period=5.000ns})
  Destination:            dbg_hub/inst/BSCANID.u_xsdbm_id/CORE_XSDB.UUT_MASTER/U_ICON_INTERFACE/U_CMD6_RD/U_RD_FIFO/SUBCORE_FIFO.xsdbm_v3_0_0_rdfifo_inst/inst_fifo_gen/gconvfifo.rf/grf.rf/gntv_or_sync_fifo.gcx.clkx/gnxpm_cdc.gsync_stage[1].rd_stg_inst/Q_reg_reg[2]/D
                            (rising edge-triggered cell FDCE clocked by dbg_hub/inst/BSCANID.u_xsdbm_id/SWITCH_N_EXT_BSCAN.bscan_inst/SERIES7_BSCAN.bscan_inst/TCK  {rise@0.000ns fall@16.500ns period=33.000ns})
  Path Group:             dbg_hub/inst/BSCANID.u_xsdbm_id/SWITCH_N_EXT_BSCAN.bscan_inst/SERIES7_BSCAN.bscan_inst/TCK
  Path Type:              Setup (Max at Slow Process Corner)
  Requirement:            5.000ns  (MaxDelay Path 5.000ns)
  Data Path Delay:        0.434ns  (logic 0.114ns (26.267%)  route 0.320ns (73.733%))
  Logic Levels:           0  
  Timing Exception:       MaxDelay Path 5.000ns -datapath_only

    Location             Delay type                Incr(ns)  Path(ns)    Netlist Resource(s)
  -------------------------------------------------------------------    -------------------
    SLICE_X108Y108                                    0.000     0.000 r  dbg_hub/inst/BSCANID.u_xsdbm_id/CORE_XSDB.UUT_MASTER/U_ICON_INTERFACE/U_CMD6_RD/U_RD_FIFO/SUBCORE_FIFO.xsdbm_v3_0_0_rdfifo_inst/inst_fifo_gen/gconvfifo.rf/grf.rf/gntv_or_sync_fifo.gcx.clkx/gnxpm_cdc.wr_pntr_gc_reg[2]/C
    SLICE_X108Y108       FDCE (Prop_HFF_SLICEL_C_Q)
                                                      0.114     0.114 r  dbg_hub/inst/BSCANID.u_xsdbm_id/CORE_XSDB.UUT_MASTER/U_ICON_INTERFACE/U_CMD6_RD/U_RD_FIFO/SUBCORE_FIFO.xsdbm_v3_0_0_rdfifo_inst/inst_fifo_gen/gconvfifo.rf/grf.rf/gntv_or_sync_fifo.gcx.clkx/gnxpm_cdc.wr_pntr_gc_reg[2]/Q
                         net (fo=1, estimated)        0.320     0.434    dbg_hub/inst/BSCANID.u_xsdbm_id/CORE_XSDB.UUT_MASTER/U_ICON_INTERFACE/U_CMD6_RD/U_RD_FIFO/SUBCORE_FIFO.xsdbm_v3_0_0_rdfifo_inst/inst_fifo_gen/gconvfifo.rf/grf.rf/gntv_or_sync_fifo.gcx.clkx/gnxpm_cdc.gsync_stage[1].rd_stg_inst/Q[2]
    SLICE_X109Y108       FDCE                                         r  dbg_hub/inst/BSCANID.u_xsdbm_id/CORE_XSDB.UUT_MASTER/U_ICON_INTERFACE/U_CMD6_RD/U_RD_FIFO/SUBCORE_FIFO.xsdbm_v3_0_0_rdfifo_inst/inst_fifo_gen/gconvfifo.rf/grf.rf/gntv_or_sync_fifo.gcx.clkx/gnxpm_cdc.gsync_stage[1].rd_stg_inst/Q_reg_reg[2]/D
  -------------------------------------------------------------------    -------------------

                         max delay                    5.000     5.000    
    SLICE_X109Y108       FDCE (Setup_DFF2_SLICEM_C_D)
                                                      0.063     5.063    dbg_hub/inst/BSCANID.u_xsdbm_id/CORE_XSDB.UUT_MASTER/U_ICON_INTERFACE/U_CMD6_RD/U_RD_FIFO/SUBCORE_FIFO.xsdbm_v3_0_0_rdfifo_inst/inst_fifo_gen/gconvfifo.rf/grf.rf/gntv_or_sync_fifo.gcx.clkx/gnxpm_cdc.gsync_stage[1].rd_stg_inst/Q_reg_reg[2]
  -------------------------------------------------------------------
                         required time                          5.063    
                         arrival time                          -0.434    
  -------------------------------------------------------------------
                         slack                                  4.629    

Slack (MET) :             4.649ns  (required time - arrival time)
  Source:                 dbg_hub/inst/BSCANID.u_xsdbm_id/CORE_XSDB.UUT_MASTER/U_ICON_INTERFACE/U_CMD6_WR/U_WR_FIFO/SUBCORE_FIFO.xsdbm_v3_0_0_wrfifo_inst/inst_fifo_gen/gconvfifo.rf/grf.rf/gntv_or_sync_fifo.gcx.clkx/gnxpm_cdc.rd_pntr_gc_reg[0]/C
                            (rising edge-triggered cell FDCE clocked by clk_200m_mmcm  {rise@0.000ns fall@2.500ns period=5.000ns})
  Destination:            dbg_hub/inst/BSCANID.u_xsdbm_id/CORE_XSDB.UUT_MASTER/U_ICON_INTERFACE/U_CMD6_WR/U_WR_FIFO/SUBCORE_FIFO.xsdbm_v3_0_0_wrfifo_inst/inst_fifo_gen/gconvfifo.rf/grf.rf/gntv_or_sync_fifo.gcx.clkx/gnxpm_cdc.gsync_stage[1].wr_stg_inst/Q_reg_reg[0]/D
                            (rising edge-triggered cell FDCE clocked by dbg_hub/inst/BSCANID.u_xsdbm_id/SWITCH_N_EXT_BSCAN.bscan_inst/SERIES7_BSCAN.bscan_inst/TCK  {rise@0.000ns fall@16.500ns period=33.000ns})
  Path Group:             dbg_hub/inst/BSCANID.u_xsdbm_id/SWITCH_N_EXT_BSCAN.bscan_inst/SERIES7_BSCAN.bscan_inst/TCK
  Path Type:              Setup (Max at Slow Process Corner)
  Requirement:            5.000ns  (MaxDelay Path 5.000ns)
  Data Path Delay:        0.412ns  (logic 0.114ns (27.670%)  route 0.298ns (72.330%))
  Logic Levels:           0  
  Timing Exception:       MaxDelay Path 5.000ns -datapath_only

    Location             Delay type                Incr(ns)  Path(ns)    Netlist Resource(s)
  -------------------------------------------------------------------    -------------------
    SLICE_X111Y122                                    0.000     0.000 r  dbg_hub/inst/BSCANID.u_xsdbm_id/CORE_XSDB.UUT_MASTER/U_ICON_INTERFACE/U_CMD6_WR/U_WR_FIFO/SUBCORE_FIFO.xsdbm_v3_0_0_wrfifo_inst/inst_fifo_gen/gconvfifo.rf/grf.rf/gntv_or_sync_fifo.gcx.clkx/gnxpm_cdc.rd_pntr_gc_reg[0]/C
    SLICE_X111Y122       FDCE (Prop_EFF_SLICEL_C_Q)
                                                      0.114     0.114 r  dbg_hub/inst/BSCANID.u_xsdbm_id/CORE_XSDB.UUT_MASTER/U_ICON_INTERFACE/U_CMD6_WR/U_WR_FIFO/SUBCORE_FIFO.xsdbm_v3_0_0_wrfifo_inst/inst_fifo_gen/gconvfifo.rf/grf.rf/gntv_or_sync_fifo.gcx.clkx/gnxpm_cdc.rd_pntr_gc_reg[0]/Q
                         net (fo=1, estimated)        0.298     0.412    dbg_hub/inst/BSCANID.u_xsdbm_id/CORE_XSDB.UUT_MASTER/U_ICON_INTERFACE/U_CMD6_WR/U_WR_FIFO/SUBCORE_FIFO.xsdbm_v3_0_0_wrfifo_inst/inst_fifo_gen/gconvfifo.rf/grf.rf/gntv_or_sync_fifo.gcx.clkx/gnxpm_cdc.gsync_stage[1].wr_stg_inst/Q[0]
    SLICE_X111Y121       FDCE                                         r  dbg_hub/inst/BSCANID.u_xsdbm_id/CORE_XSDB.UUT_MASTER/U_ICON_INTERFACE/U_CMD6_WR/U_WR_FIFO/SUBCORE_FIFO.xsdbm_v3_0_0_wrfifo_inst/inst_fifo_gen/gconvfifo.rf/grf.rf/gntv_or_sync_fifo.gcx.clkx/gnxpm_cdc.gsync_stage[1].wr_stg_inst/Q_reg_reg[0]/D
  -------------------------------------------------------------------    -------------------

                         max delay                    5.000     5.000    
    SLICE_X111Y121       FDCE (Setup_GFF2_SLICEL_C_D)
                                                      0.061     5.061    dbg_hub/inst/BSCANID.u_xsdbm_id/CORE_XSDB.UUT_MASTER/U_ICON_INTERFACE/U_CMD6_WR/U_WR_FIFO/SUBCORE_FIFO.xsdbm_v3_0_0_wrfifo_inst/inst_fifo_gen/gconvfifo.rf/grf.rf/gntv_or_sync_fifo.gcx.clkx/gnxpm_cdc.gsync_stage[1].wr_stg_inst/Q_reg_reg[0]
  -------------------------------------------------------------------
                         required time                          5.061    
                         arrival time                          -0.412    
  -------------------------------------------------------------------
                         slack                                  4.649    

Slack (MET) :             4.695ns  (required time - arrival time)
  Source:                 dbg_hub/inst/BSCANID.u_xsdbm_id/CORE_XSDB.UUT_MASTER/U_ICON_INTERFACE/U_CMD6_RD/U_RD_FIFO/SUBCORE_FIFO.xsdbm_v3_0_0_rdfifo_inst/inst_fifo_gen/gconvfifo.rf/grf.rf/gntv_or_sync_fifo.gcx.clkx/gnxpm_cdc.wr_pntr_gc_reg[3]/C
                            (rising edge-triggered cell FDCE clocked by clk_200m_mmcm  {rise@0.000ns fall@2.500ns period=5.000ns})
  Destination:            dbg_hub/inst/BSCANID.u_xsdbm_id/CORE_XSDB.UUT_MASTER/U_ICON_INTERFACE/U_CMD6_RD/U_RD_FIFO/SUBCORE_FIFO.xsdbm_v3_0_0_rdfifo_inst/inst_fifo_gen/gconvfifo.rf/grf.rf/gntv_or_sync_fifo.gcx.clkx/gnxpm_cdc.gsync_stage[1].rd_stg_inst/Q_reg_reg[3]/D
                            (rising edge-triggered cell FDCE clocked by dbg_hub/inst/BSCANID.u_xsdbm_id/SWITCH_N_EXT_BSCAN.bscan_inst/SERIES7_BSCAN.bscan_inst/TCK  {rise@0.000ns fall@16.500ns period=33.000ns})
  Path Group:             dbg_hub/inst/BSCANID.u_xsdbm_id/SWITCH_N_EXT_BSCAN.bscan_inst/SERIES7_BSCAN.bscan_inst/TCK
  Path Type:              Setup (Max at Slow Process Corner)
  Requirement:            5.000ns  (MaxDelay Path 5.000ns)
  Data Path Delay:        0.367ns  (logic 0.114ns (31.063%)  route 0.253ns (68.937%))
  Logic Levels:           0  
  Timing Exception:       MaxDelay Path 5.000ns -datapath_only

    Location             Delay type                Incr(ns)  Path(ns)    Netlist Resource(s)
  -------------------------------------------------------------------    -------------------
    SLICE_X108Y108                                    0.000     0.000 r  dbg_hub/inst/BSCANID.u_xsdbm_id/CORE_XSDB.UUT_MASTER/U_ICON_INTERFACE/U_CMD6_RD/U_RD_FIFO/SUBCORE_FIFO.xsdbm_v3_0_0_rdfifo_inst/inst_fifo_gen/gconvfifo.rf/grf.rf/gntv_or_sync_fifo.gcx.clkx/gnxpm_cdc.wr_pntr_gc_reg[3]/C
    SLICE_X108Y108       FDCE (Prop_EFF_SLICEL_C_Q)
                                                      0.114     0.114 r  dbg_hub/inst/BSCANID.u_xsdbm_id/CORE_XSDB.UUT_MASTER/U_ICON_INTERFACE/U_CMD6_RD/U_RD_FIFO/SUBCORE_FIFO.xsdbm_v3_0_0_rdfifo_inst/inst_fifo_gen/gconvfifo.rf/grf.rf/gntv_or_sync_fifo.gcx.clkx/gnxpm_cdc.wr_pntr_gc_reg[3]/Q
                         net (fo=1, estimated)        0.253     0.367    dbg_hub/inst/BSCANID.u_xsdbm_id/CORE_XSDB.UUT_MASTER/U_ICON_INTERFACE/U_CMD6_RD/U_RD_FIFO/SUBCORE_FIFO.xsdbm_v3_0_0_rdfifo_inst/inst_fifo_gen/gconvfifo.rf/grf.rf/gntv_or_sync_fifo.gcx.clkx/gnxpm_cdc.gsync_stage[1].rd_stg_inst/Q[3]
    SLICE_X109Y108       FDCE                                         r  dbg_hub/inst/BSCANID.u_xsdbm_id/CORE_XSDB.UUT_MASTER/U_ICON_INTERFACE/U_CMD6_RD/U_RD_FIFO/SUBCORE_FIFO.xsdbm_v3_0_0_rdfifo_inst/inst_fifo_gen/gconvfifo.rf/grf.rf/gntv_or_sync_fifo.gcx.clkx/gnxpm_cdc.gsync_stage[1].rd_stg_inst/Q_reg_reg[3]/D
  -------------------------------------------------------------------    -------------------

                         max delay                    5.000     5.000    
    SLICE_X109Y108       FDCE (Setup_CFF2_SLICEM_C_D)
                                                      0.062     5.062    dbg_hub/inst/BSCANID.u_xsdbm_id/CORE_XSDB.UUT_MASTER/U_ICON_INTERFACE/U_CMD6_RD/U_RD_FIFO/SUBCORE_FIFO.xsdbm_v3_0_0_rdfifo_inst/inst_fifo_gen/gconvfifo.rf/grf.rf/gntv_or_sync_fifo.gcx.clkx/gnxpm_cdc.gsync_stage[1].rd_stg_inst/Q_reg_reg[3]
  -------------------------------------------------------------------
                         required time                          5.062    
                         arrival time                          -0.367    
  -------------------------------------------------------------------
                         slack                                  4.695    





---------------------------------------------------------------------------------------------------
Path Group:  **async_default**
From Clock:  clk_200m_mmcm
  To Clock:  clk_200m_mmcm

Setup :            0  Failing Endpoints,  Worst Slack        3.776ns,  Total Violation        0.000ns
Hold  :           NA  Failing Endpoints,  Worst Slack           NA  ,  Total Violation           NA
---------------------------------------------------------------------------------------------------


Max Delay Paths
--------------------------------------------------------------------------------------
Slack (MET) :             3.776ns  (required time - arrival time)
  Source:                 dbg_hub/inst/BSCANID.u_xsdbm_id/CORE_XSDB.UUT_MASTER/U_ICON_INTERFACE/U_CMD6_WR/U_WR_FIFO/SUBCORE_FIFO.xsdbm_v3_0_0_wrfifo_inst/inst_fifo_gen/gconvfifo.rf/grf.rf/rstblk/ngwrdrst.grst.g7serrst.rd_rst_reg_reg[2]/C
                            (rising edge-triggered cell FDPE clocked by clk_200m_mmcm  {rise@0.000ns fall@2.500ns period=5.000ns})
  Destination:            dbg_hub/inst/BSCANID.u_xsdbm_id/CORE_XSDB.UUT_MASTER/U_ICON_INTERFACE/U_CMD6_WR/U_WR_FIFO/SUBCORE_FIFO.xsdbm_v3_0_0_wrfifo_inst/inst_fifo_gen/gconvfifo.rf/grf.rf/gntv_or_sync_fifo.gl0.rd/gras.rsts/ram_empty_i_reg/PRE
                            (recovery check against rising-edge clock clk_200m_mmcm  {rise@0.000ns fall@2.500ns period=5.000ns})
  Path Group:             **async_default**
  Path Type:              Recovery (Max at Slow Process Corner)
  Requirement:            5.000ns  (clk_200m_mmcm rise@5.000ns - clk_200m_mmcm rise@0.000ns)
  Data Path Delay:        0.728ns  (logic 0.114ns (15.659%)  route 0.614ns (84.341%))
  Logic Levels:           0  
  Clock Path Skew:        -0.169ns (DCD - SCD + CPR)
    Destination Clock Delay (DCD):    -0.381ns = ( 4.619 - 5.000 ) 
    Source Clock Delay      (SCD):    0.181ns
    Clock Pessimism Removal (CPR):    0.394ns
  Clock Uncertainty:      0.245ns  ((TSJ^2 + DJ^2)^1/2) / 2 + PE + UU
    Total System Jitter     (TSJ):    0.071ns
    Discrete Jitter          (DJ):    0.056ns
    Phase Error              (PE):    0.000ns
    User Uncertainty         (UU):    0.200ns
  Clock Net Delay (Source):      3.326ns (routing 1.173ns, distribution 2.153ns)
  Clock Net Delay (Destination): 2.936ns (routing 1.079ns, distribution 1.857ns)

    Location             Delay type                Incr(ns)  Path(ns)    Netlist Resource(s)
  -------------------------------------------------------------------    -------------------
                         (clock clk_200m_mmcm rise edge)
                                                      0.000     0.000 r  
    AL14                                              0.000     0.000 r  clk_50m (IN)
                         net (fo=0)                   0.000     0.000    clock_input_buffer/I
    AL14                 INBUF (Prop_INBUF_HRIO_PAD_O)
                                                      0.922     0.922 r  clock_input_buffer/INBUF_INST/O
                         net (fo=1, routed)           0.092     1.014    clock_input_buffer/OUT
    AL14                 IBUFCTRL (Prop_IBUFCTRL_HRIO_I_O)
                                                      0.043     1.057 r  clock_input_buffer/IBUFCTRL_INST/O
                         net (fo=1, estimated)        0.865     1.922    clk_50m_ibuf
    MMCME3_ADV_X2Y1      MMCME3_ADV (Prop_MMCME3_ADV_CLKIN1_CLKOUT0)
                                                     -5.587    -3.665 r  clock_manager/CLKOUT0
                         net (fo=1, estimated)        0.437    -3.228    clk_200m_mmcm
    BUFGCE_X2Y24         BUFGCE (Prop_BUFCE_BUFGCE_I_O)
                                                      0.083    -3.145 r  system_clock_buffer/O
    X2Y2 (CLOCK_ROOT)    net (fo=29087, estimated)    3.326     0.181    dbg_hub/inst/BSCANID.u_xsdbm_id/CORE_XSDB.UUT_MASTER/U_ICON_INTERFACE/U_CMD6_WR/U_WR_FIFO/SUBCORE_FIFO.xsdbm_v3_0_0_wrfifo_inst/inst_fifo_gen/gconvfifo.rf/grf.rf/rstblk/rd_clk
    SLICE_X113Y121       FDPE                                         r  dbg_hub/inst/BSCANID.u_xsdbm_id/CORE_XSDB.UUT_MASTER/U_ICON_INTERFACE/U_CMD6_WR/U_WR_FIFO/SUBCORE_FIFO.xsdbm_v3_0_0_wrfifo_inst/inst_fifo_gen/gconvfifo.rf/grf.rf/rstblk/ngwrdrst.grst.g7serrst.rd_rst_reg_reg[2]/C
  -------------------------------------------------------------------    -------------------
    SLICE_X113Y121       FDPE (Prop_FFF_SLICEM_C_Q)
                                                      0.114     0.295 f  dbg_hub/inst/BSCANID.u_xsdbm_id/CORE_XSDB.UUT_MASTER/U_ICON_INTERFACE/U_CMD6_WR/U_WR_FIFO/SUBCORE_FIFO.xsdbm_v3_0_0_wrfifo_inst/inst_fifo_gen/gconvfifo.rf/grf.rf/rstblk/ngwrdrst.grst.g7serrst.rd_rst_reg_reg[2]/Q
                         net (fo=10, estimated)       0.614     0.909    dbg_hub/inst/BSCANID.u_xsdbm_id/CORE_XSDB.UUT_MASTER/U_ICON_INTERFACE/U_CMD6_WR/U_WR_FIFO/SUBCORE_FIFO.xsdbm_v3_0_0_wrfifo_inst/inst_fifo_gen/gconvfifo.rf/grf.rf/gntv_or_sync_fifo.gl0.rd/gras.rsts/AR[0]
    SLICE_X108Y120       FDPE                                         f  dbg_hub/inst/BSCANID.u_xsdbm_id/CORE_XSDB.UUT_MASTER/U_ICON_INTERFACE/U_CMD6_WR/U_WR_FIFO/SUBCORE_FIFO.xsdbm_v3_0_0_wrfifo_inst/inst_fifo_gen/gconvfifo.rf/grf.rf/gntv_or_sync_fifo.gl0.rd/gras.rsts/ram_empty_i_reg/PRE
  -------------------------------------------------------------------    -------------------

                         (clock clk_200m_mmcm rise edge)
                                                      5.000     5.000 r  
    AL14                                              0.000     5.000 r  clk_50m (IN)
                         net (fo=0)                   0.000     5.000    clock_input_buffer/I
    AL14                 INBUF (Prop_INBUF_HRIO_PAD_O)
                                                      0.656     5.656 r  clock_input_buffer/INBUF_INST/O
                         net (fo=1, routed)           0.059     5.715    clock_input_buffer/OUT
    AL14                 IBUFCTRL (Prop_IBUFCTRL_HRIO_I_O)
                                                      0.032     5.747 r  clock_input_buffer/IBUFCTRL_INST/O
                         net (fo=1, estimated)        0.778     6.525    clk_50m_ibuf
    MMCME3_ADV_X2Y1      MMCME3_ADV (Prop_MMCME3_ADV_CLKIN1_CLKOUT0)
                                                     -5.289     1.236 r  clock_manager/CLKOUT0
                         net (fo=1, estimated)        0.372     1.608    clk_200m_mmcm
    BUFGCE_X2Y24         BUFGCE (Prop_BUFCE_BUFGCE_I_O)
                                                      0.075     1.683 r  system_clock_buffer/O
    X2Y2 (CLOCK_ROOT)    net (fo=29087, estimated)    2.936     4.619    dbg_hub/inst/BSCANID.u_xsdbm_id/CORE_XSDB.UUT_MASTER/U_ICON_INTERFACE/U_CMD6_WR/U_WR_FIFO/SUBCORE_FIFO.xsdbm_v3_0_0_wrfifo_inst/inst_fifo_gen/gconvfifo.rf/grf.rf/gntv_or_sync_fifo.gl0.rd/gras.rsts/rd_clk
    SLICE_X108Y120       FDPE                                         r  dbg_hub/inst/BSCANID.u_xsdbm_id/CORE_XSDB.UUT_MASTER/U_ICON_INTERFACE/U_CMD6_WR/U_WR_FIFO/SUBCORE_FIFO.xsdbm_v3_0_0_wrfifo_inst/inst_fifo_gen/gconvfifo.rf/grf.rf/gntv_or_sync_fifo.gl0.rd/gras.rsts/ram_empty_i_reg/C
                         clock pessimism              0.394     5.012    
                         clock uncertainty           -0.245     4.767    
    SLICE_X108Y120       FDPE (Recov_AFF_SLICEL_C_PRE)
                                                     -0.082     4.685    dbg_hub/inst/BSCANID.u_xsdbm_id/CORE_XSDB.UUT_MASTER/U_ICON_INTERFACE/U_CMD6_WR/U_WR_FIFO/SUBCORE_FIFO.xsdbm_v3_0_0_wrfifo_inst/inst_fifo_gen/gconvfifo.rf/grf.rf/gntv_or_sync_fifo.gl0.rd/gras.rsts/ram_empty_i_reg
  -------------------------------------------------------------------
                         required time                          4.685    
                         arrival time                          -0.909    
  -------------------------------------------------------------------
                         slack                                  3.776    

Slack (MET) :             3.793ns  (required time - arrival time)
  Source:                 dbg_hub/inst/BSCANID.u_xsdbm_id/CORE_XSDB.UUT_MASTER/U_ICON_INTERFACE/U_CMD1/ctl_reg_reg[0]/C
                            (rising edge-triggered cell FDRE clocked by clk_200m_mmcm  {rise@0.000ns fall@2.500ns period=5.000ns})
  Destination:            dbg_hub/inst/BSCANID.u_xsdbm_id/CORE_XSDB.UUT_MASTER/U_XSDB_BUS_CONTROLLER/FSM_onehot_current_state_reg[19]/CLR
                            (recovery check against rising-edge clock clk_200m_mmcm  {rise@0.000ns fall@2.500ns period=5.000ns})
  Path Group:             **async_default**
  Path Type:              Recovery (Max at Slow Process Corner)
  Requirement:            5.000ns  (clk_200m_mmcm rise@5.000ns - clk_200m_mmcm rise@0.000ns)
  Data Path Delay:        0.715ns  (logic 0.114ns (15.944%)  route 0.601ns (84.056%))
  Logic Levels:           0  
  Clock Path Skew:        -0.165ns (DCD - SCD + CPR)
    Destination Clock Delay (DCD):    -0.377ns = ( 4.623 - 5.000 ) 
    Source Clock Delay      (SCD):    0.176ns
    Clock Pessimism Removal (CPR):    0.389ns
  Clock Uncertainty:      0.245ns  ((TSJ^2 + DJ^2)^1/2) / 2 + PE + UU
    Total System Jitter     (TSJ):    0.071ns
    Discrete Jitter          (DJ):    0.056ns
    Phase Error              (PE):    0.000ns
    User Uncertainty         (UU):    0.200ns
  Clock Net Delay (Source):      3.321ns (routing 1.173ns, distribution 2.148ns)
  Clock Net Delay (Destination): 2.940ns (routing 1.079ns, distribution 1.861ns)

    Location             Delay type                Incr(ns)  Path(ns)    Netlist Resource(s)
  -------------------------------------------------------------------    -------------------
                         (clock clk_200m_mmcm rise edge)
                                                      0.000     0.000 r  
    AL14                                              0.000     0.000 r  clk_50m (IN)
                         net (fo=0)                   0.000     0.000    clock_input_buffer/I
    AL14                 INBUF (Prop_INBUF_HRIO_PAD_O)
                                                      0.922     0.922 r  clock_input_buffer/INBUF_INST/O
                         net (fo=1, routed)           0.092     1.014    clock_input_buffer/OUT
    AL14                 IBUFCTRL (Prop_IBUFCTRL_HRIO_I_O)
                                                      0.043     1.057 r  clock_input_buffer/IBUFCTRL_INST/O
                         net (fo=1, estimated)        0.865     1.922    clk_50m_ibuf
    MMCME3_ADV_X2Y1      MMCME3_ADV (Prop_MMCME3_ADV_CLKIN1_CLKOUT0)
                                                     -5.587    -3.665 r  clock_manager/CLKOUT0
                         net (fo=1, estimated)        0.437    -3.228    clk_200m_mmcm
    BUFGCE_X2Y24         BUFGCE (Prop_BUFCE_BUFGCE_I_O)
                                                      0.083    -3.145 r  system_clock_buffer/O
    X2Y2 (CLOCK_ROOT)    net (fo=29087, estimated)    3.321     0.176    dbg_hub/inst/BSCANID.u_xsdbm_id/CORE_XSDB.UUT_MASTER/U_ICON_INTERFACE/U_CMD1/clk
    SLICE_X109Y113       FDRE                                         r  dbg_hub/inst/BSCANID.u_xsdbm_id/CORE_XSDB.UUT_MASTER/U_ICON_INTERFACE/U_CMD1/ctl_reg_reg[0]/C
  -------------------------------------------------------------------    -------------------
    SLICE_X109Y113       FDRE (Prop_EFF_SLICEM_C_Q)
                                                      0.114     0.290 f  dbg_hub/inst/BSCANID.u_xsdbm_id/CORE_XSDB.UUT_MASTER/U_ICON_INTERFACE/U_CMD1/ctl_reg_reg[0]/Q
                         net (fo=176, estimated)      0.601     0.891    dbg_hub/inst/BSCANID.u_xsdbm_id/CORE_XSDB.UUT_MASTER/U_XSDB_BUS_CONTROLLER/out[0]
    SLICE_X107Y110       FDCE                                         f  dbg_hub/inst/BSCANID.u_xsdbm_id/CORE_XSDB.UUT_MASTER/U_XSDB_BUS_CONTROLLER/FSM_onehot_current_state_reg[19]/CLR
  -------------------------------------------------------------------    -------------------

                         (clock clk_200m_mmcm rise edge)
                                                      5.000     5.000 r  
    AL14                                              0.000     5.000 r  clk_50m (IN)
                         net (fo=0)                   0.000     5.000    clock_input_buffer/I
    AL14                 INBUF (Prop_INBUF_HRIO_PAD_O)
                                                      0.656     5.656 r  clock_input_buffer/INBUF_INST/O
                         net (fo=1, routed)           0.059     5.715    clock_input_buffer/OUT
    AL14                 IBUFCTRL (Prop_IBUFCTRL_HRIO_I_O)
                                                      0.032     5.747 r  clock_input_buffer/IBUFCTRL_INST/O
                         net (fo=1, estimated)        0.778     6.525    clk_50m_ibuf
    MMCME3_ADV_X2Y1      MMCME3_ADV (Prop_MMCME3_ADV_CLKIN1_CLKOUT0)
                                                     -5.289     1.236 r  clock_manager/CLKOUT0
                         net (fo=1, estimated)        0.372     1.608    clk_200m_mmcm
    BUFGCE_X2Y24         BUFGCE (Prop_BUFCE_BUFGCE_I_O)
                                                      0.075     1.683 r  system_clock_buffer/O
    X2Y2 (CLOCK_ROOT)    net (fo=29087, estimated)    2.940     4.623    dbg_hub/inst/BSCANID.u_xsdbm_id/CORE_XSDB.UUT_MASTER/U_XSDB_BUS_CONTROLLER/clk
    SLICE_X107Y110       FDCE                                         r  dbg_hub/inst/BSCANID.u_xsdbm_id/CORE_XSDB.UUT_MASTER/U_XSDB_BUS_CONTROLLER/FSM_onehot_current_state_reg[19]/C
                         clock pessimism              0.389     5.011    
                         clock uncertainty           -0.245     4.766    
    SLICE_X107Y110       FDCE (Recov_EFF_SLICEM_C_CLR)
                                                     -0.082     4.684    dbg_hub/inst/BSCANID.u_xsdbm_id/CORE_XSDB.UUT_MASTER/U_XSDB_BUS_CONTROLLER/FSM_onehot_current_state_reg[19]
  -------------------------------------------------------------------
                         required time                          4.684    
                         arrival time                          -0.891    
  -------------------------------------------------------------------
                         slack                                  3.793    

Slack (MET) :             3.793ns  (required time - arrival time)
  Source:                 dbg_hub/inst/BSCANID.u_xsdbm_id/CORE_XSDB.UUT_MASTER/U_ICON_INTERFACE/U_CMD1/ctl_reg_reg[0]/C
                            (rising edge-triggered cell FDRE clocked by clk_200m_mmcm  {rise@0.000ns fall@2.500ns period=5.000ns})
  Destination:            dbg_hub/inst/BSCANID.u_xsdbm_id/CORE_XSDB.UUT_MASTER/U_XSDB_BUS_CONTROLLER/FSM_onehot_current_state_reg[7]/CLR
                            (recovery check against rising-edge clock clk_200m_mmcm  {rise@0.000ns fall@2.500ns period=5.000ns})
  Path Group:             **async_default**
  Path Type:              Recovery (Max at Slow Process Corner)
  Requirement:            5.000ns  (clk_200m_mmcm rise@5.000ns - clk_200m_mmcm rise@0.000ns)
  Data Path Delay:        0.715ns  (logic 0.114ns (15.944%)  route 0.601ns (84.056%))
  Logic Levels:           0  
  Clock Path Skew:        -0.165ns (DCD - SCD + CPR)
    Destination Clock Delay (DCD):    -0.377ns = ( 4.623 - 5.000 ) 
    Source Clock Delay      (SCD):    0.176ns
    Clock Pessimism Removal (CPR):    0.389ns
  Clock Uncertainty:      0.245ns  ((TSJ^2 + DJ^2)^1/2) / 2 + PE + UU
    Total System Jitter     (TSJ):    0.071ns
    Discrete Jitter          (DJ):    0.056ns
    Phase Error              (PE):    0.000ns
    User Uncertainty         (UU):    0.200ns
  Clock Net Delay (Source):      3.321ns (routing 1.173ns, distribution 2.148ns)
  Clock Net Delay (Destination): 2.940ns (routing 1.079ns, distribution 1.861ns)

    Location             Delay type                Incr(ns)  Path(ns)    Netlist Resource(s)
  -------------------------------------------------------------------    -------------------
                         (clock clk_200m_mmcm rise edge)
                                                      0.000     0.000 r  
    AL14                                              0.000     0.000 r  clk_50m (IN)
                         net (fo=0)                   0.000     0.000    clock_input_buffer/I
    AL14                 INBUF (Prop_INBUF_HRIO_PAD_O)
                                                      0.922     0.922 r  clock_input_buffer/INBUF_INST/O
                         net (fo=1, routed)           0.092     1.014    clock_input_buffer/OUT
    AL14                 IBUFCTRL (Prop_IBUFCTRL_HRIO_I_O)
                                                      0.043     1.057 r  clock_input_buffer/IBUFCTRL_INST/O
                         net (fo=1, estimated)        0.865     1.922    clk_50m_ibuf
    MMCME3_ADV_X2Y1      MMCME3_ADV (Prop_MMCME3_ADV_CLKIN1_CLKOUT0)
                                                     -5.587    -3.665 r  clock_manager/CLKOUT0
                         net (fo=1, estimated)        0.437    -3.228    clk_200m_mmcm
    BUFGCE_X2Y24         BUFGCE (Prop_BUFCE_BUFGCE_I_O)
                                                      0.083    -3.145 r  system_clock_buffer/O
    X2Y2 (CLOCK_ROOT)    net (fo=29087, estimated)    3.321     0.176    dbg_hub/inst/BSCANID.u_xsdbm_id/CORE_XSDB.UUT_MASTER/U_ICON_INTERFACE/U_CMD1/clk
    SLICE_X109Y113       FDRE                                         r  dbg_hub/inst/BSCANID.u_xsdbm_id/CORE_XSDB.UUT_MASTER/U_ICON_INTERFACE/U_CMD1/ctl_reg_reg[0]/C
  -------------------------------------------------------------------    -------------------
    SLICE_X109Y113       FDRE (Prop_EFF_SLICEM_C_Q)
                                                      0.114     0.290 f  dbg_hub/inst/BSCANID.u_xsdbm_id/CORE_XSDB.UUT_MASTER/U_ICON_INTERFACE/U_CMD1/ctl_reg_reg[0]/Q
                         net (fo=176, estimated)      0.601     0.891    dbg_hub/inst/BSCANID.u_xsdbm_id/CORE_XSDB.UUT_MASTER/U_XSDB_BUS_CONTROLLER/out[0]
    SLICE_X107Y110       FDCE                                         f  dbg_hub/inst/BSCANID.u_xsdbm_id/CORE_XSDB.UUT_MASTER/U_XSDB_BUS_CONTROLLER/FSM_onehot_current_state_reg[7]/CLR
  -------------------------------------------------------------------    -------------------

                         (clock clk_200m_mmcm rise edge)
                                                      5.000     5.000 r  
    AL14                                              0.000     5.000 r  clk_50m (IN)
                         net (fo=0)                   0.000     5.000    clock_input_buffer/I
    AL14                 INBUF (Prop_INBUF_HRIO_PAD_O)
                                                      0.656     5.656 r  clock_input_buffer/INBUF_INST/O
                         net (fo=1, routed)           0.059     5.715    clock_input_buffer/OUT
    AL14                 IBUFCTRL (Prop_IBUFCTRL_HRIO_I_O)
                                                      0.032     5.747 r  clock_input_buffer/IBUFCTRL_INST/O
                         net (fo=1, estimated)        0.778     6.525    clk_50m_ibuf
    MMCME3_ADV_X2Y1      MMCME3_ADV (Prop_MMCME3_ADV_CLKIN1_CLKOUT0)
                                                     -5.289     1.236 r  clock_manager/CLKOUT0
                         net (fo=1, estimated)        0.372     1.608    clk_200m_mmcm
    BUFGCE_X2Y24         BUFGCE (Prop_BUFCE_BUFGCE_I_O)
                                                      0.075     1.683 r  system_clock_buffer/O
    X2Y2 (CLOCK_ROOT)    net (fo=29087, estimated)    2.940     4.623    dbg_hub/inst/BSCANID.u_xsdbm_id/CORE_XSDB.UUT_MASTER/U_XSDB_BUS_CONTROLLER/clk
    SLICE_X107Y110       FDCE                                         r  dbg_hub/inst/BSCANID.u_xsdbm_id/CORE_XSDB.UUT_MASTER/U_XSDB_BUS_CONTROLLER/FSM_onehot_current_state_reg[7]/C
                         clock pessimism              0.389     5.011    
                         clock uncertainty           -0.245     4.766    
    SLICE_X107Y110       FDCE (Recov_HFF_SLICEM_C_CLR)
                                                     -0.082     4.684    dbg_hub/inst/BSCANID.u_xsdbm_id/CORE_XSDB.UUT_MASTER/U_XSDB_BUS_CONTROLLER/FSM_onehot_current_state_reg[7]
  -------------------------------------------------------------------
                         required time                          4.684    
                         arrival time                          -0.891    
  -------------------------------------------------------------------
                         slack                                  3.793    

Slack (MET) :             3.793ns  (required time - arrival time)
  Source:                 dbg_hub/inst/BSCANID.u_xsdbm_id/CORE_XSDB.UUT_MASTER/U_ICON_INTERFACE/U_CMD1/ctl_reg_reg[0]/C
                            (rising edge-triggered cell FDRE clocked by clk_200m_mmcm  {rise@0.000ns fall@2.500ns period=5.000ns})
  Destination:            dbg_hub/inst/BSCANID.u_xsdbm_id/CORE_XSDB.UUT_MASTER/U_XSDB_BUS_CONTROLLER/timer_rst_reg/PRE
                            (recovery check against rising-edge clock clk_200m_mmcm  {rise@0.000ns fall@2.500ns period=5.000ns})
  Path Group:             **async_default**
  Path Type:              Recovery (Max at Slow Process Corner)
  Requirement:            5.000ns  (clk_200m_mmcm rise@5.000ns - clk_200m_mmcm rise@0.000ns)
  Data Path Delay:        0.715ns  (logic 0.114ns (15.944%)  route 0.601ns (84.056%))
  Logic Levels:           0  
  Clock Path Skew:        -0.165ns (DCD - SCD + CPR)
    Destination Clock Delay (DCD):    -0.377ns = ( 4.623 - 5.000 ) 
    Source Clock Delay      (SCD):    0.176ns
    Clock Pessimism Removal (CPR):    0.389ns
  Clock Uncertainty:      0.245ns  ((TSJ^2 + DJ^2)^1/2) / 2 + PE + UU
    Total System Jitter     (TSJ):    0.071ns
    Discrete Jitter          (DJ):    0.056ns
    Phase Error              (PE):    0.000ns
    User Uncertainty         (UU):    0.200ns
  Clock Net Delay (Source):      3.321ns (routing 1.173ns, distribution 2.148ns)
  Clock Net Delay (Destination): 2.940ns (routing 1.079ns, distribution 1.861ns)

    Location             Delay type                Incr(ns)  Path(ns)    Netlist Resource(s)
  -------------------------------------------------------------------    -------------------
                         (clock clk_200m_mmcm rise edge)
                                                      0.000     0.000 r  
    AL14                                              0.000     0.000 r  clk_50m (IN)
                         net (fo=0)                   0.000     0.000    clock_input_buffer/I
    AL14                 INBUF (Prop_INBUF_HRIO_PAD_O)
                                                      0.922     0.922 r  clock_input_buffer/INBUF_INST/O
                         net (fo=1, routed)           0.092     1.014    clock_input_buffer/OUT
    AL14                 IBUFCTRL (Prop_IBUFCTRL_HRIO_I_O)
                                                      0.043     1.057 r  clock_input_buffer/IBUFCTRL_INST/O
                         net (fo=1, estimated)        0.865     1.922    clk_50m_ibuf
    MMCME3_ADV_X2Y1      MMCME3_ADV (Prop_MMCME3_ADV_CLKIN1_CLKOUT0)
                                                     -5.587    -3.665 r  clock_manager/CLKOUT0
                         net (fo=1, estimated)        0.437    -3.228    clk_200m_mmcm
    BUFGCE_X2Y24         BUFGCE (Prop_BUFCE_BUFGCE_I_O)
                                                      0.083    -3.145 r  system_clock_buffer/O
    X2Y2 (CLOCK_ROOT)    net (fo=29087, estimated)    3.321     0.176    dbg_hub/inst/BSCANID.u_xsdbm_id/CORE_XSDB.UUT_MASTER/U_ICON_INTERFACE/U_CMD1/clk
    SLICE_X109Y113       FDRE                                         r  dbg_hub/inst/BSCANID.u_xsdbm_id/CORE_XSDB.UUT_MASTER/U_ICON_INTERFACE/U_CMD1/ctl_reg_reg[0]/C
  -------------------------------------------------------------------    -------------------
    SLICE_X109Y113       FDRE (Prop_EFF_SLICEM_C_Q)
                                                      0.114     0.290 f  dbg_hub/inst/BSCANID.u_xsdbm_id/CORE_XSDB.UUT_MASTER/U_ICON_INTERFACE/U_CMD1/ctl_reg_reg[0]/Q
                         net (fo=176, estimated)      0.601     0.891    dbg_hub/inst/BSCANID.u_xsdbm_id/CORE_XSDB.UUT_MASTER/U_XSDB_BUS_CONTROLLER/out[0]
    SLICE_X107Y110       FDPE                                         f  dbg_hub/inst/BSCANID.u_xsdbm_id/CORE_XSDB.UUT_MASTER/U_XSDB_BUS_CONTROLLER/timer_rst_reg/PRE
  -------------------------------------------------------------------    -------------------

                         (clock clk_200m_mmcm rise edge)
                                                      5.000     5.000 r  
    AL14                                              0.000     5.000 r  clk_50m (IN)
                         net (fo=0)                   0.000     5.000    clock_input_buffer/I
    AL14                 INBUF (Prop_INBUF_HRIO_PAD_O)
                                                      0.656     5.656 r  clock_input_buffer/INBUF_INST/O
                         net (fo=1, routed)           0.059     5.715    clock_input_buffer/OUT
    AL14                 IBUFCTRL (Prop_IBUFCTRL_HRIO_I_O)
                                                      0.032     5.747 r  clock_input_buffer/IBUFCTRL_INST/O
                         net (fo=1, estimated)        0.778     6.525    clk_50m_ibuf
    MMCME3_ADV_X2Y1      MMCME3_ADV (Prop_MMCME3_ADV_CLKIN1_CLKOUT0)
                                                     -5.289     1.236 r  clock_manager/CLKOUT0
                         net (fo=1, estimated)        0.372     1.608    clk_200m_mmcm
    BUFGCE_X2Y24         BUFGCE (Prop_BUFCE_BUFGCE_I_O)
                                                      0.075     1.683 r  system_clock_buffer/O
    X2Y2 (CLOCK_ROOT)    net (fo=29087, estimated)    2.940     4.623    dbg_hub/inst/BSCANID.u_xsdbm_id/CORE_XSDB.UUT_MASTER/U_XSDB_BUS_CONTROLLER/clk
    SLICE_X107Y110       FDPE                                         r  dbg_hub/inst/BSCANID.u_xsdbm_id/CORE_XSDB.UUT_MASTER/U_XSDB_BUS_CONTROLLER/timer_rst_reg/C
                         clock pessimism              0.389     5.011    
                         clock uncertainty           -0.245     4.766    
    SLICE_X107Y110       FDPE (Recov_GFF_SLICEM_C_PRE)
                                                     -0.082     4.684    dbg_hub/inst/BSCANID.u_xsdbm_id/CORE_XSDB.UUT_MASTER/U_XSDB_BUS_CONTROLLER/timer_rst_reg
  -------------------------------------------------------------------
                         required time                          4.684    
                         arrival time                          -0.891    
  -------------------------------------------------------------------
                         slack                                  3.793    

Slack (MET) :             3.796ns  (required time - arrival time)
  Source:                 dbg_hub/inst/BSCANID.u_xsdbm_id/CORE_XSDB.UUT_MASTER/U_ICON_INTERFACE/U_CMD1/ctl_reg_reg[0]/C
                            (rising edge-triggered cell FDRE clocked by clk_200m_mmcm  {rise@0.000ns fall@2.500ns period=5.000ns})
  Destination:            dbg_hub/inst/BSCANID.u_xsdbm_id/CORE_XSDB.UUT_MASTER/U_XSDB_BUS_CONTROLLER/FSM_onehot_current_state_reg[12]/CLR
                            (recovery check against rising-edge clock clk_200m_mmcm  {rise@0.000ns fall@2.500ns period=5.000ns})
  Path Group:             **async_default**
  Path Type:              Recovery (Max at Slow Process Corner)
  Requirement:            5.000ns  (clk_200m_mmcm rise@5.000ns - clk_200m_mmcm rise@0.000ns)
  Data Path Delay:        0.712ns  (logic 0.114ns (16.011%)  route 0.598ns (83.989%))
  Logic Levels:           0  
  Clock Path Skew:        -0.165ns (DCD - SCD + CPR)
    Destination Clock Delay (DCD):    -0.377ns = ( 4.623 - 5.000 ) 
    Source Clock Delay      (SCD):    0.176ns
    Clock Pessimism Removal (CPR):    0.389ns
  Clock Uncertainty:      0.245ns  ((TSJ^2 + DJ^2)^1/2) / 2 + PE + UU
    Total System Jitter     (TSJ):    0.071ns
    Discrete Jitter          (DJ):    0.056ns
    Phase Error              (PE):    0.000ns
    User Uncertainty         (UU):    0.200ns
  Clock Net Delay (Source):      3.321ns (routing 1.173ns, distribution 2.148ns)
  Clock Net Delay (Destination): 2.940ns (routing 1.079ns, distribution 1.861ns)

    Location             Delay type                Incr(ns)  Path(ns)    Netlist Resource(s)
  -------------------------------------------------------------------    -------------------
                         (clock clk_200m_mmcm rise edge)
                                                      0.000     0.000 r  
    AL14                                              0.000     0.000 r  clk_50m (IN)
                         net (fo=0)                   0.000     0.000    clock_input_buffer/I
    AL14                 INBUF (Prop_INBUF_HRIO_PAD_O)
                                                      0.922     0.922 r  clock_input_buffer/INBUF_INST/O
                         net (fo=1, routed)           0.092     1.014    clock_input_buffer/OUT
    AL14                 IBUFCTRL (Prop_IBUFCTRL_HRIO_I_O)
                                                      0.043     1.057 r  clock_input_buffer/IBUFCTRL_INST/O
                         net (fo=1, estimated)        0.865     1.922    clk_50m_ibuf
    MMCME3_ADV_X2Y1      MMCME3_ADV (Prop_MMCME3_ADV_CLKIN1_CLKOUT0)
                                                     -5.587    -3.665 r  clock_manager/CLKOUT0
                         net (fo=1, estimated)        0.437    -3.228    clk_200m_mmcm
    BUFGCE_X2Y24         BUFGCE (Prop_BUFCE_BUFGCE_I_O)
                                                      0.083    -3.145 r  system_clock_buffer/O
    X2Y2 (CLOCK_ROOT)    net (fo=29087, estimated)    3.321     0.176    dbg_hub/inst/BSCANID.u_xsdbm_id/CORE_XSDB.UUT_MASTER/U_ICON_INTERFACE/U_CMD1/clk
    SLICE_X109Y113       FDRE                                         r  dbg_hub/inst/BSCANID.u_xsdbm_id/CORE_XSDB.UUT_MASTER/U_ICON_INTERFACE/U_CMD1/ctl_reg_reg[0]/C
  -------------------------------------------------------------------    -------------------
    SLICE_X109Y113       FDRE (Prop_EFF_SLICEM_C_Q)
                                                      0.114     0.290 f  dbg_hub/inst/BSCANID.u_xsdbm_id/CORE_XSDB.UUT_MASTER/U_ICON_INTERFACE/U_CMD1/ctl_reg_reg[0]/Q
                         net (fo=176, estimated)      0.598     0.888    dbg_hub/inst/BSCANID.u_xsdbm_id/CORE_XSDB.UUT_MASTER/U_XSDB_BUS_CONTROLLER/out[0]
    SLICE_X108Y110       FDCE                                         f  dbg_hub/inst/BSCANID.u_xsdbm_id/CORE_XSDB.UUT_MASTER/U_XSDB_BUS_CONTROLLER/FSM_onehot_current_state_reg[12]/CLR
  -------------------------------------------------------------------    -------------------

                         (clock clk_200m_mmcm rise edge)
                                                      5.000     5.000 r  
    AL14                                              0.000     5.000 r  clk_50m (IN)
                         net (fo=0)                   0.000     5.000    clock_input_buffer/I
    AL14                 INBUF (Prop_INBUF_HRIO_PAD_O)
                                                      0.656     5.656 r  clock_input_buffer/INBUF_INST/O
                         net (fo=1, routed)           0.059     5.715    clock_input_buffer/OUT
    AL14                 IBUFCTRL (Prop_IBUFCTRL_HRIO_I_O)
                                                      0.032     5.747 r  clock_input_buffer/IBUFCTRL_INST/O
                         net (fo=1, estimated)        0.778     6.525    clk_50m_ibuf
    MMCME3_ADV_X2Y1      MMCME3_ADV (Prop_MMCME3_ADV_CLKIN1_CLKOUT0)
                                                     -5.289     1.236 r  clock_manager/CLKOUT0
                         net (fo=1, estimated)        0.372     1.608    clk_200m_mmcm
    BUFGCE_X2Y24         BUFGCE (Prop_BUFCE_BUFGCE_I_O)
                                                      0.075     1.683 r  system_clock_buffer/O
    X2Y2 (CLOCK_ROOT)    net (fo=29087, estimated)    2.940     4.623    dbg_hub/inst/BSCANID.u_xsdbm_id/CORE_XSDB.UUT_MASTER/U_XSDB_BUS_CONTROLLER/clk
    SLICE_X108Y110       FDCE                                         r  dbg_hub/inst/BSCANID.u_xsdbm_id/CORE_XSDB.UUT_MASTER/U_XSDB_BUS_CONTROLLER/FSM_onehot_current_state_reg[12]/C
                         clock pessimism              0.389     5.011    
                         clock uncertainty           -0.245     4.766    
    SLICE_X108Y110       FDCE (Recov_EFF_SLICEL_C_CLR)
                                                     -0.082     4.684    dbg_hub/inst/BSCANID.u_xsdbm_id/CORE_XSDB.UUT_MASTER/U_XSDB_BUS_CONTROLLER/FSM_onehot_current_state_reg[12]
  -------------------------------------------------------------------
                         required time                          4.684    
                         arrival time                          -0.888    
  -------------------------------------------------------------------
                         slack                                  3.796    

Slack (MET) :             3.796ns  (required time - arrival time)
  Source:                 dbg_hub/inst/BSCANID.u_xsdbm_id/CORE_XSDB.UUT_MASTER/U_ICON_INTERFACE/U_CMD1/ctl_reg_reg[0]/C
                            (rising edge-triggered cell FDRE clocked by clk_200m_mmcm  {rise@0.000ns fall@2.500ns period=5.000ns})
  Destination:            dbg_hub/inst/BSCANID.u_xsdbm_id/CORE_XSDB.UUT_MASTER/U_XSDB_BUS_CONTROLLER/FSM_onehot_current_state_reg[14]/CLR
                            (recovery check against rising-edge clock clk_200m_mmcm  {rise@0.000ns fall@2.500ns period=5.000ns})
  Path Group:             **async_default**
  Path Type:              Recovery (Max at Slow Process Corner)
  Requirement:            5.000ns  (clk_200m_mmcm rise@5.000ns - clk_200m_mmcm rise@0.000ns)
  Data Path Delay:        0.712ns  (logic 0.114ns (16.011%)  route 0.598ns (83.989%))
  Logic Levels:           0  
  Clock Path Skew:        -0.165ns (DCD - SCD + CPR)
    Destination Clock Delay (DCD):    -0.377ns = ( 4.623 - 5.000 ) 
    Source Clock Delay      (SCD):    0.176ns
    Clock Pessimism Removal (CPR):    0.389ns
  Clock Uncertainty:      0.245ns  ((TSJ^2 + DJ^2)^1/2) / 2 + PE + UU
    Total System Jitter     (TSJ):    0.071ns
    Discrete Jitter          (DJ):    0.056ns
    Phase Error              (PE):    0.000ns
    User Uncertainty         (UU):    0.200ns
  Clock Net Delay (Source):      3.321ns (routing 1.173ns, distribution 2.148ns)
  Clock Net Delay (Destination): 2.940ns (routing 1.079ns, distribution 1.861ns)

    Location             Delay type                Incr(ns)  Path(ns)    Netlist Resource(s)
  -------------------------------------------------------------------    -------------------
                         (clock clk_200m_mmcm rise edge)
                                                      0.000     0.000 r  
    AL14                                              0.000     0.000 r  clk_50m (IN)
                         net (fo=0)                   0.000     0.000    clock_input_buffer/I
    AL14                 INBUF (Prop_INBUF_HRIO_PAD_O)
                                                      0.922     0.922 r  clock_input_buffer/INBUF_INST/O
                         net (fo=1, routed)           0.092     1.014    clock_input_buffer/OUT
    AL14                 IBUFCTRL (Prop_IBUFCTRL_HRIO_I_O)
                                                      0.043     1.057 r  clock_input_buffer/IBUFCTRL_INST/O
                         net (fo=1, estimated)        0.865     1.922    clk_50m_ibuf
    MMCME3_ADV_X2Y1      MMCME3_ADV (Prop_MMCME3_ADV_CLKIN1_CLKOUT0)
                                                     -5.587    -3.665 r  clock_manager/CLKOUT0
                         net (fo=1, estimated)        0.437    -3.228    clk_200m_mmcm
    BUFGCE_X2Y24         BUFGCE (Prop_BUFCE_BUFGCE_I_O)
                                                      0.083    -3.145 r  system_clock_buffer/O
    X2Y2 (CLOCK_ROOT)    net (fo=29087, estimated)    3.321     0.176    dbg_hub/inst/BSCANID.u_xsdbm_id/CORE_XSDB.UUT_MASTER/U_ICON_INTERFACE/U_CMD1/clk
    SLICE_X109Y113       FDRE                                         r  dbg_hub/inst/BSCANID.u_xsdbm_id/CORE_XSDB.UUT_MASTER/U_ICON_INTERFACE/U_CMD1/ctl_reg_reg[0]/C
  -------------------------------------------------------------------    -------------------
    SLICE_X109Y113       FDRE (Prop_EFF_SLICEM_C_Q)
                                                      0.114     0.290 f  dbg_hub/inst/BSCANID.u_xsdbm_id/CORE_XSDB.UUT_MASTER/U_ICON_INTERFACE/U_CMD1/ctl_reg_reg[0]/Q
                         net (fo=176, estimated)      0.598     0.888    dbg_hub/inst/BSCANID.u_xsdbm_id/CORE_XSDB.UUT_MASTER/U_XSDB_BUS_CONTROLLER/out[0]
    SLICE_X108Y110       FDCE                                         f  dbg_hub/inst/BSCANID.u_xsdbm_id/CORE_XSDB.UUT_MASTER/U_XSDB_BUS_CONTROLLER/FSM_onehot_current_state_reg[14]/CLR
  -------------------------------------------------------------------    -------------------

                         (clock clk_200m_mmcm rise edge)
                                                      5.000     5.000 r  
    AL14                                              0.000     5.000 r  clk_50m (IN)
                         net (fo=0)                   0.000     5.000    clock_input_buffer/I
    AL14                 INBUF (Prop_INBUF_HRIO_PAD_O)
                                                      0.656     5.656 r  clock_input_buffer/INBUF_INST/O
                         net (fo=1, routed)           0.059     5.715    clock_input_buffer/OUT
    AL14                 IBUFCTRL (Prop_IBUFCTRL_HRIO_I_O)
                                                      0.032     5.747 r  clock_input_buffer/IBUFCTRL_INST/O
                         net (fo=1, estimated)        0.778     6.525    clk_50m_ibuf
    MMCME3_ADV_X2Y1      MMCME3_ADV (Prop_MMCME3_ADV_CLKIN1_CLKOUT0)
                                                     -5.289     1.236 r  clock_manager/CLKOUT0
                         net (fo=1, estimated)        0.372     1.608    clk_200m_mmcm
    BUFGCE_X2Y24         BUFGCE (Prop_BUFCE_BUFGCE_I_O)
                                                      0.075     1.683 r  system_clock_buffer/O
    X2Y2 (CLOCK_ROOT)    net (fo=29087, estimated)    2.940     4.623    dbg_hub/inst/BSCANID.u_xsdbm_id/CORE_XSDB.UUT_MASTER/U_XSDB_BUS_CONTROLLER/clk
    SLICE_X108Y110       FDCE                                         r  dbg_hub/inst/BSCANID.u_xsdbm_id/CORE_XSDB.UUT_MASTER/U_XSDB_BUS_CONTROLLER/FSM_onehot_current_state_reg[14]/C
                         clock pessimism              0.389     5.011    
                         clock uncertainty           -0.245     4.766    
    SLICE_X108Y110       FDCE (Recov_HFF_SLICEL_C_CLR)
                                                     -0.082     4.684    dbg_hub/inst/BSCANID.u_xsdbm_id/CORE_XSDB.UUT_MASTER/U_XSDB_BUS_CONTROLLER/FSM_onehot_current_state_reg[14]
  -------------------------------------------------------------------
                         required time                          4.684    
                         arrival time                          -0.888    
  -------------------------------------------------------------------
                         slack                                  3.796    

Slack (MET) :             3.796ns  (required time - arrival time)
  Source:                 dbg_hub/inst/BSCANID.u_xsdbm_id/CORE_XSDB.UUT_MASTER/U_ICON_INTERFACE/U_CMD1/ctl_reg_reg[0]/C
                            (rising edge-triggered cell FDRE clocked by clk_200m_mmcm  {rise@0.000ns fall@2.500ns period=5.000ns})
  Destination:            dbg_hub/inst/BSCANID.u_xsdbm_id/CORE_XSDB.UUT_MASTER/U_XSDB_BUS_CONTROLLER/FSM_onehot_current_state_reg[18]/CLR
                            (recovery check against rising-edge clock clk_200m_mmcm  {rise@0.000ns fall@2.500ns period=5.000ns})
  Path Group:             **async_default**
  Path Type:              Recovery (Max at Slow Process Corner)
  Requirement:            5.000ns  (clk_200m_mmcm rise@5.000ns - clk_200m_mmcm rise@0.000ns)
  Data Path Delay:        0.712ns  (logic 0.114ns (16.011%)  route 0.598ns (83.989%))
  Logic Levels:           0  
  Clock Path Skew:        -0.165ns (DCD - SCD + CPR)
    Destination Clock Delay (DCD):    -0.377ns = ( 4.623 - 5.000 ) 
    Source Clock Delay      (SCD):    0.176ns
    Clock Pessimism Removal (CPR):    0.389ns
  Clock Uncertainty:      0.245ns  ((TSJ^2 + DJ^2)^1/2) / 2 + PE + UU
    Total System Jitter     (TSJ):    0.071ns
    Discrete Jitter          (DJ):    0.056ns
    Phase Error              (PE):    0.000ns
    User Uncertainty         (UU):    0.200ns
  Clock Net Delay (Source):      3.321ns (routing 1.173ns, distribution 2.148ns)
  Clock Net Delay (Destination): 2.940ns (routing 1.079ns, distribution 1.861ns)

    Location             Delay type                Incr(ns)  Path(ns)    Netlist Resource(s)
  -------------------------------------------------------------------    -------------------
                         (clock clk_200m_mmcm rise edge)
                                                      0.000     0.000 r  
    AL14                                              0.000     0.000 r  clk_50m (IN)
                         net (fo=0)                   0.000     0.000    clock_input_buffer/I
    AL14                 INBUF (Prop_INBUF_HRIO_PAD_O)
                                                      0.922     0.922 r  clock_input_buffer/INBUF_INST/O
                         net (fo=1, routed)           0.092     1.014    clock_input_buffer/OUT
    AL14                 IBUFCTRL (Prop_IBUFCTRL_HRIO_I_O)
                                                      0.043     1.057 r  clock_input_buffer/IBUFCTRL_INST/O
                         net (fo=1, estimated)        0.865     1.922    clk_50m_ibuf
    MMCME3_ADV_X2Y1      MMCME3_ADV (Prop_MMCME3_ADV_CLKIN1_CLKOUT0)
                                                     -5.587    -3.665 r  clock_manager/CLKOUT0
                         net (fo=1, estimated)        0.437    -3.228    clk_200m_mmcm
    BUFGCE_X2Y24         BUFGCE (Prop_BUFCE_BUFGCE_I_O)
                                                      0.083    -3.145 r  system_clock_buffer/O
    X2Y2 (CLOCK_ROOT)    net (fo=29087, estimated)    3.321     0.176    dbg_hub/inst/BSCANID.u_xsdbm_id/CORE_XSDB.UUT_MASTER/U_ICON_INTERFACE/U_CMD1/clk
    SLICE_X109Y113       FDRE                                         r  dbg_hub/inst/BSCANID.u_xsdbm_id/CORE_XSDB.UUT_MASTER/U_ICON_INTERFACE/U_CMD1/ctl_reg_reg[0]/C
  -------------------------------------------------------------------    -------------------
    SLICE_X109Y113       FDRE (Prop_EFF_SLICEM_C_Q)
                                                      0.114     0.290 f  dbg_hub/inst/BSCANID.u_xsdbm_id/CORE_XSDB.UUT_MASTER/U_ICON_INTERFACE/U_CMD1/ctl_reg_reg[0]/Q
                         net (fo=176, estimated)      0.598     0.888    dbg_hub/inst/BSCANID.u_xsdbm_id/CORE_XSDB.UUT_MASTER/U_XSDB_BUS_CONTROLLER/out[0]
    SLICE_X108Y110       FDCE                                         f  dbg_hub/inst/BSCANID.u_xsdbm_id/CORE_XSDB.UUT_MASTER/U_XSDB_BUS_CONTROLLER/FSM_onehot_current_state_reg[18]/CLR
  -------------------------------------------------------------------    -------------------

                         (clock clk_200m_mmcm rise edge)
                                                      5.000     5.000 r  
    AL14                                              0.000     5.000 r  clk_50m (IN)
                         net (fo=0)                   0.000     5.000    clock_input_buffer/I
    AL14                 INBUF (Prop_INBUF_HRIO_PAD_O)
                                                      0.656     5.656 r  clock_input_buffer/INBUF_INST/O
                         net (fo=1, routed)           0.059     5.715    clock_input_buffer/OUT
    AL14                 IBUFCTRL (Prop_IBUFCTRL_HRIO_I_O)
                                                      0.032     5.747 r  clock_input_buffer/IBUFCTRL_INST/O
                         net (fo=1, estimated)        0.778     6.525    clk_50m_ibuf
    MMCME3_ADV_X2Y1      MMCME3_ADV (Prop_MMCME3_ADV_CLKIN1_CLKOUT0)
                                                     -5.289     1.236 r  clock_manager/CLKOUT0
                         net (fo=1, estimated)        0.372     1.608    clk_200m_mmcm
    BUFGCE_X2Y24         BUFGCE (Prop_BUFCE_BUFGCE_I_O)
                                                      0.075     1.683 r  system_clock_buffer/O
    X2Y2 (CLOCK_ROOT)    net (fo=29087, estimated)    2.940     4.623    dbg_hub/inst/BSCANID.u_xsdbm_id/CORE_XSDB.UUT_MASTER/U_XSDB_BUS_CONTROLLER/clk
    SLICE_X108Y110       FDCE                                         r  dbg_hub/inst/BSCANID.u_xsdbm_id/CORE_XSDB.UUT_MASTER/U_XSDB_BUS_CONTROLLER/FSM_onehot_current_state_reg[18]/C
                         clock pessimism              0.389     5.011    
                         clock uncertainty           -0.245     4.766    
    SLICE_X108Y110       FDCE (Recov_EFF2_SLICEL_C_CLR)
                                                     -0.082     4.684    dbg_hub/inst/BSCANID.u_xsdbm_id/CORE_XSDB.UUT_MASTER/U_XSDB_BUS_CONTROLLER/FSM_onehot_current_state_reg[18]
  -------------------------------------------------------------------
                         required time                          4.684    
                         arrival time                          -0.888    
  -------------------------------------------------------------------
                         slack                                  3.796    

Slack (MET) :             3.796ns  (required time - arrival time)
  Source:                 dbg_hub/inst/BSCANID.u_xsdbm_id/CORE_XSDB.UUT_MASTER/U_ICON_INTERFACE/U_CMD1/ctl_reg_reg[0]/C
                            (rising edge-triggered cell FDRE clocked by clk_200m_mmcm  {rise@0.000ns fall@2.500ns period=5.000ns})
  Destination:            dbg_hub/inst/BSCANID.u_xsdbm_id/CORE_XSDB.UUT_MASTER/U_XSDB_BUS_CONTROLLER/FSM_onehot_current_state_reg[6]/CLR
                            (recovery check against rising-edge clock clk_200m_mmcm  {rise@0.000ns fall@2.500ns period=5.000ns})
  Path Group:             **async_default**
  Path Type:              Recovery (Max at Slow Process Corner)
  Requirement:            5.000ns  (clk_200m_mmcm rise@5.000ns - clk_200m_mmcm rise@0.000ns)
  Data Path Delay:        0.712ns  (logic 0.114ns (16.011%)  route 0.598ns (83.989%))
  Logic Levels:           0  
  Clock Path Skew:        -0.165ns (DCD - SCD + CPR)
    Destination Clock Delay (DCD):    -0.377ns = ( 4.623 - 5.000 ) 
    Source Clock Delay      (SCD):    0.176ns
    Clock Pessimism Removal (CPR):    0.389ns
  Clock Uncertainty:      0.245ns  ((TSJ^2 + DJ^2)^1/2) / 2 + PE + UU
    Total System Jitter     (TSJ):    0.071ns
    Discrete Jitter          (DJ):    0.056ns
    Phase Error              (PE):    0.000ns
    User Uncertainty         (UU):    0.200ns
  Clock Net Delay (Source):      3.321ns (routing 1.173ns, distribution 2.148ns)
  Clock Net Delay (Destination): 2.940ns (routing 1.079ns, distribution 1.861ns)

    Location             Delay type                Incr(ns)  Path(ns)    Netlist Resource(s)
  -------------------------------------------------------------------    -------------------
                         (clock clk_200m_mmcm rise edge)
                                                      0.000     0.000 r  
    AL14                                              0.000     0.000 r  clk_50m (IN)
                         net (fo=0)                   0.000     0.000    clock_input_buffer/I
    AL14                 INBUF (Prop_INBUF_HRIO_PAD_O)
                                                      0.922     0.922 r  clock_input_buffer/INBUF_INST/O
                         net (fo=1, routed)           0.092     1.014    clock_input_buffer/OUT
    AL14                 IBUFCTRL (Prop_IBUFCTRL_HRIO_I_O)
                                                      0.043     1.057 r  clock_input_buffer/IBUFCTRL_INST/O
                         net (fo=1, estimated)        0.865     1.922    clk_50m_ibuf
    MMCME3_ADV_X2Y1      MMCME3_ADV (Prop_MMCME3_ADV_CLKIN1_CLKOUT0)
                                                     -5.587    -3.665 r  clock_manager/CLKOUT0
                         net (fo=1, estimated)        0.437    -3.228    clk_200m_mmcm
    BUFGCE_X2Y24         BUFGCE (Prop_BUFCE_BUFGCE_I_O)
                                                      0.083    -3.145 r  system_clock_buffer/O
    X2Y2 (CLOCK_ROOT)    net (fo=29087, estimated)    3.321     0.176    dbg_hub/inst/BSCANID.u_xsdbm_id/CORE_XSDB.UUT_MASTER/U_ICON_INTERFACE/U_CMD1/clk
    SLICE_X109Y113       FDRE                                         r  dbg_hub/inst/BSCANID.u_xsdbm_id/CORE_XSDB.UUT_MASTER/U_ICON_INTERFACE/U_CMD1/ctl_reg_reg[0]/C
  -------------------------------------------------------------------    -------------------
    SLICE_X109Y113       FDRE (Prop_EFF_SLICEM_C_Q)
                                                      0.114     0.290 f  dbg_hub/inst/BSCANID.u_xsdbm_id/CORE_XSDB.UUT_MASTER/U_ICON_INTERFACE/U_CMD1/ctl_reg_reg[0]/Q
                         net (fo=176, estimated)      0.598     0.888    dbg_hub/inst/BSCANID.u_xsdbm_id/CORE_XSDB.UUT_MASTER/U_XSDB_BUS_CONTROLLER/out[0]
    SLICE_X108Y110       FDCE                                         f  dbg_hub/inst/BSCANID.u_xsdbm_id/CORE_XSDB.UUT_MASTER/U_XSDB_BUS_CONTROLLER/FSM_onehot_current_state_reg[6]/CLR
  -------------------------------------------------------------------    -------------------

                         (clock clk_200m_mmcm rise edge)
                                                      5.000     5.000 r  
    AL14                                              0.000     5.000 r  clk_50m (IN)
                         net (fo=0)                   0.000     5.000    clock_input_buffer/I
    AL14                 INBUF (Prop_INBUF_HRIO_PAD_O)
                                                      0.656     5.656 r  clock_input_buffer/INBUF_INST/O
                         net (fo=1, routed)           0.059     5.715    clock_input_buffer/OUT
    AL14                 IBUFCTRL (Prop_IBUFCTRL_HRIO_I_O)
                                                      0.032     5.747 r  clock_input_buffer/IBUFCTRL_INST/O
                         net (fo=1, estimated)        0.778     6.525    clk_50m_ibuf
    MMCME3_ADV_X2Y1      MMCME3_ADV (Prop_MMCME3_ADV_CLKIN1_CLKOUT0)
                                                     -5.289     1.236 r  clock_manager/CLKOUT0
                         net (fo=1, estimated)        0.372     1.608    clk_200m_mmcm
    BUFGCE_X2Y24         BUFGCE (Prop_BUFCE_BUFGCE_I_O)
                                                      0.075     1.683 r  system_clock_buffer/O
    X2Y2 (CLOCK_ROOT)    net (fo=29087, estimated)    2.940     4.623    dbg_hub/inst/BSCANID.u_xsdbm_id/CORE_XSDB.UUT_MASTER/U_XSDB_BUS_CONTROLLER/clk
    SLICE_X108Y110       FDCE                                         r  dbg_hub/inst/BSCANID.u_xsdbm_id/CORE_XSDB.UUT_MASTER/U_XSDB_BUS_CONTROLLER/FSM_onehot_current_state_reg[6]/C
                         clock pessimism              0.389     5.011    
                         clock uncertainty           -0.245     4.766    
    SLICE_X108Y110       FDCE (Recov_FFF_SLICEL_C_CLR)
                                                     -0.082     4.684    dbg_hub/inst/BSCANID.u_xsdbm_id/CORE_XSDB.UUT_MASTER/U_XSDB_BUS_CONTROLLER/FSM_onehot_current_state_reg[6]
  -------------------------------------------------------------------
                         required time                          4.684    
                         arrival time                          -0.888    
  -------------------------------------------------------------------
                         slack                                  3.796    

Slack (MET) :             3.802ns  (required time - arrival time)
  Source:                 dbg_hub/inst/BSCANID.u_xsdbm_id/CORE_XSDB.UUT_MASTER/U_ICON_INTERFACE/U_CMD6_RD/U_RD_FIFO/SUBCORE_FIFO.xsdbm_v3_0_0_rdfifo_inst/inst_fifo_gen/gconvfifo.rf/grf.rf/rstblk/ngwrdrst.grst.g7serrst.wr_rst_asreg_reg/C
                            (rising edge-triggered cell FDPE clocked by clk_200m_mmcm  {rise@0.000ns fall@2.500ns period=5.000ns})
  Destination:            dbg_hub/inst/BSCANID.u_xsdbm_id/CORE_XSDB.UUT_MASTER/U_ICON_INTERFACE/U_CMD6_RD/U_RD_FIFO/SUBCORE_FIFO.xsdbm_v3_0_0_rdfifo_inst/inst_fifo_gen/gconvfifo.rf/grf.rf/rstblk/ngwrdrst.grst.g7serrst.wr_rst_reg_reg[0]/PRE
                            (recovery check against rising-edge clock clk_200m_mmcm  {rise@0.000ns fall@2.500ns period=5.000ns})
  Path Group:             **async_default**
  Path Type:              Recovery (Max at Slow Process Corner)
  Requirement:            5.000ns  (clk_200m_mmcm rise@5.000ns - clk_200m_mmcm rise@0.000ns)
  Data Path Delay:        0.775ns  (logic 0.187ns (24.129%)  route 0.588ns (75.871%))
  Logic Levels:           1  (LUT2=1)
  Clock Path Skew:        -0.096ns (DCD - SCD + CPR)
    Destination Clock Delay (DCD):    -0.362ns = ( 4.638 - 5.000 ) 
    Source Clock Delay      (SCD):    0.177ns
    Clock Pessimism Removal (CPR):    0.444ns
  Clock Uncertainty:      0.245ns  ((TSJ^2 + DJ^2)^1/2) / 2 + PE + UU
    Total System Jitter     (TSJ):    0.071ns
    Discrete Jitter          (DJ):    0.056ns
    Phase Error              (PE):    0.000ns
    User Uncertainty         (UU):    0.200ns
  Clock Net Delay (Source):      3.322ns (routing 1.173ns, distribution 2.149ns)
  Clock Net Delay (Destination): 2.955ns (routing 1.079ns, distribution 1.876ns)

    Location             Delay type                Incr(ns)  Path(ns)    Netlist Resource(s)
  -------------------------------------------------------------------    -------------------
                         (clock clk_200m_mmcm rise edge)
                                                      0.000     0.000 r  
    AL14                                              0.000     0.000 r  clk_50m (IN)
                         net (fo=0)                   0.000     0.000    clock_input_buffer/I
    AL14                 INBUF (Prop_INBUF_HRIO_PAD_O)
                                                      0.922     0.922 r  clock_input_buffer/INBUF_INST/O
                         net (fo=1, routed)           0.092     1.014    clock_input_buffer/OUT
    AL14                 IBUFCTRL (Prop_IBUFCTRL_HRIO_I_O)
                                                      0.043     1.057 r  clock_input_buffer/IBUFCTRL_INST/O
                         net (fo=1, estimated)        0.865     1.922    clk_50m_ibuf
    MMCME3_ADV_X2Y1      MMCME3_ADV (Prop_MMCME3_ADV_CLKIN1_CLKOUT0)
                                                     -5.587    -3.665 r  clock_manager/CLKOUT0
                         net (fo=1, estimated)        0.437    -3.228    clk_200m_mmcm
    BUFGCE_X2Y24         BUFGCE (Prop_BUFCE_BUFGCE_I_O)
                                                      0.083    -3.145 r  system_clock_buffer/O
    X2Y2 (CLOCK_ROOT)    net (fo=29087, estimated)    3.322     0.177    dbg_hub/inst/BSCANID.u_xsdbm_id/CORE_XSDB.UUT_MASTER/U_ICON_INTERFACE/U_CMD6_RD/U_RD_FIFO/SUBCORE_FIFO.xsdbm_v3_0_0_rdfifo_inst/inst_fifo_gen/gconvfifo.rf/grf.rf/rstblk/wr_clk
    SLICE_X111Y106       FDPE                                         r  dbg_hub/inst/BSCANID.u_xsdbm_id/CORE_XSDB.UUT_MASTER/U_ICON_INTERFACE/U_CMD6_RD/U_RD_FIFO/SUBCORE_FIFO.xsdbm_v3_0_0_rdfifo_inst/inst_fifo_gen/gconvfifo.rf/grf.rf/rstblk/ngwrdrst.grst.g7serrst.wr_rst_asreg_reg/C
  -------------------------------------------------------------------    -------------------
    SLICE_X111Y106       FDPE (Prop_DFF2_SLICEL_C_Q)
                                                      0.117     0.294 f  dbg_hub/inst/BSCANID.u_xsdbm_id/CORE_XSDB.UUT_MASTER/U_ICON_INTERFACE/U_CMD6_RD/U_RD_FIFO/SUBCORE_FIFO.xsdbm_v3_0_0_rdfifo_inst/inst_fifo_gen/gconvfifo.rf/grf.rf/rstblk/ngwrdrst.grst.g7serrst.wr_rst_asreg_reg/Q
                         net (fo=3, estimated)        0.237     0.531    dbg_hub/inst/BSCANID.u_xsdbm_id/CORE_XSDB.UUT_MASTER/U_ICON_INTERFACE/U_CMD6_RD/U_RD_FIFO/SUBCORE_FIFO.xsdbm_v3_0_0_rdfifo_inst/inst_fifo_gen/gconvfifo.rf/grf.rf/rstblk/ngwrdrst.grst.g7serrst.gwrrd_rst_sync_stage[2].wrst_inst/in0[0]
    SLICE_X111Y106       LUT2 (Prop_H6LUT_SLICEL_I0_O)
                                                      0.070     0.601 f  dbg_hub/inst/BSCANID.u_xsdbm_id/CORE_XSDB.UUT_MASTER/U_ICON_INTERFACE/U_CMD6_RD/U_RD_FIFO/SUBCORE_FIFO.xsdbm_v3_0_0_rdfifo_inst/inst_fifo_gen/gconvfifo.rf/grf.rf/rstblk/ngwrdrst.grst.g7serrst.gwrrd_rst_sync_stage[2].wrst_inst/ngwrdrst.grst.g7serrst.wr_rst_reg[2]_i_1/O
                         net (fo=3, estimated)        0.351     0.952    dbg_hub/inst/BSCANID.u_xsdbm_id/CORE_XSDB.UUT_MASTER/U_ICON_INTERFACE/U_CMD6_RD/U_RD_FIFO/SUBCORE_FIFO.xsdbm_v3_0_0_rdfifo_inst/inst_fifo_gen/gconvfifo.rf/grf.rf/rstblk/wr_rst_comb
    SLICE_X111Y105       FDPE                                         f  dbg_hub/inst/BSCANID.u_xsdbm_id/CORE_XSDB.UUT_MASTER/U_ICON_INTERFACE/U_CMD6_RD/U_RD_FIFO/SUBCORE_FIFO.xsdbm_v3_0_0_rdfifo_inst/inst_fifo_gen/gconvfifo.rf/grf.rf/rstblk/ngwrdrst.grst.g7serrst.wr_rst_reg_reg[0]/PRE
  -------------------------------------------------------------------    -------------------

                         (clock clk_200m_mmcm rise edge)
                                                      5.000     5.000 r  
    AL14                                              0.000     5.000 r  clk_50m (IN)
                         net (fo=0)                   0.000     5.000    clock_input_buffer/I
    AL14                 INBUF (Prop_INBUF_HRIO_PAD_O)
                                                      0.656     5.656 r  clock_input_buffer/INBUF_INST/O
                         net (fo=1, routed)           0.059     5.715    clock_input_buffer/OUT
    AL14                 IBUFCTRL (Prop_IBUFCTRL_HRIO_I_O)
                                                      0.032     5.747 r  clock_input_buffer/IBUFCTRL_INST/O
                         net (fo=1, estimated)        0.778     6.525    clk_50m_ibuf
    MMCME3_ADV_X2Y1      MMCME3_ADV (Prop_MMCME3_ADV_CLKIN1_CLKOUT0)
                                                     -5.289     1.236 r  clock_manager/CLKOUT0
                         net (fo=1, estimated)        0.372     1.608    clk_200m_mmcm
    BUFGCE_X2Y24         BUFGCE (Prop_BUFCE_BUFGCE_I_O)
                                                      0.075     1.683 r  system_clock_buffer/O
    X2Y2 (CLOCK_ROOT)    net (fo=29087, estimated)    2.955     4.638    dbg_hub/inst/BSCANID.u_xsdbm_id/CORE_XSDB.UUT_MASTER/U_ICON_INTERFACE/U_CMD6_RD/U_RD_FIFO/SUBCORE_FIFO.xsdbm_v3_0_0_rdfifo_inst/inst_fifo_gen/gconvfifo.rf/grf.rf/rstblk/wr_clk
    SLICE_X111Y105       FDPE                                         r  dbg_hub/inst/BSCANID.u_xsdbm_id/CORE_XSDB.UUT_MASTER/U_ICON_INTERFACE/U_CMD6_RD/U_RD_FIFO/SUBCORE_FIFO.xsdbm_v3_0_0_rdfifo_inst/inst_fifo_gen/gconvfifo.rf/grf.rf/rstblk/ngwrdrst.grst.g7serrst.wr_rst_reg_reg[0]/C
                         clock pessimism              0.444     5.081    
                         clock uncertainty           -0.245     4.836    
    SLICE_X111Y105       FDPE (Recov_EFF_SLICEL_C_PRE)
                                                     -0.082     4.754    dbg_hub/inst/BSCANID.u_xsdbm_id/CORE_XSDB.UUT_MASTER/U_ICON_INTERFACE/U_CMD6_RD/U_RD_FIFO/SUBCORE_FIFO.xsdbm_v3_0_0_rdfifo_inst/inst_fifo_gen/gconvfifo.rf/grf.rf/rstblk/ngwrdrst.grst.g7serrst.wr_rst_reg_reg[0]
  -------------------------------------------------------------------
                         required time                          4.754    
                         arrival time                          -0.952    
  -------------------------------------------------------------------
                         slack                                  3.802    

Slack (MET) :             3.802ns  (required time - arrival time)
  Source:                 dbg_hub/inst/BSCANID.u_xsdbm_id/CORE_XSDB.UUT_MASTER/U_ICON_INTERFACE/U_CMD6_RD/U_RD_FIFO/SUBCORE_FIFO.xsdbm_v3_0_0_rdfifo_inst/inst_fifo_gen/gconvfifo.rf/grf.rf/rstblk/ngwrdrst.grst.g7serrst.wr_rst_asreg_reg/C
                            (rising edge-triggered cell FDPE clocked by clk_200m_mmcm  {rise@0.000ns fall@2.500ns period=5.000ns})
  Destination:            dbg_hub/inst/BSCANID.u_xsdbm_id/CORE_XSDB.UUT_MASTER/U_ICON_INTERFACE/U_CMD6_RD/U_RD_FIFO/SUBCORE_FIFO.xsdbm_v3_0_0_rdfifo_inst/inst_fifo_gen/gconvfifo.rf/grf.rf/rstblk/ngwrdrst.grst.g7serrst.wr_rst_reg_reg[1]/PRE
                            (recovery check against rising-edge clock clk_200m_mmcm  {rise@0.000ns fall@2.500ns period=5.000ns})
  Path Group:             **async_default**
  Path Type:              Recovery (Max at Slow Process Corner)
  Requirement:            5.000ns  (clk_200m_mmcm rise@5.000ns - clk_200m_mmcm rise@0.000ns)
  Data Path Delay:        0.775ns  (logic 0.187ns (24.129%)  route 0.588ns (75.871%))
  Logic Levels:           1  (LUT2=1)
  Clock Path Skew:        -0.096ns (DCD - SCD + CPR)
    Destination Clock Delay (DCD):    -0.362ns = ( 4.638 - 5.000 ) 
    Source Clock Delay      (SCD):    0.177ns
    Clock Pessimism Removal (CPR):    0.444ns
  Clock Uncertainty:      0.245ns  ((TSJ^2 + DJ^2)^1/2) / 2 + PE + UU
    Total System Jitter     (TSJ):    0.071ns
    Discrete Jitter          (DJ):    0.056ns
    Phase Error              (PE):    0.000ns
    User Uncertainty         (UU):    0.200ns
  Clock Net Delay (Source):      3.322ns (routing 1.173ns, distribution 2.149ns)
  Clock Net Delay (Destination): 2.955ns (routing 1.079ns, distribution 1.876ns)

    Location             Delay type                Incr(ns)  Path(ns)    Netlist Resource(s)
  -------------------------------------------------------------------    -------------------
                         (clock clk_200m_mmcm rise edge)
                                                      0.000     0.000 r  
    AL14                                              0.000     0.000 r  clk_50m (IN)
                         net (fo=0)                   0.000     0.000    clock_input_buffer/I
    AL14                 INBUF (Prop_INBUF_HRIO_PAD_O)
                                                      0.922     0.922 r  clock_input_buffer/INBUF_INST/O
                         net (fo=1, routed)           0.092     1.014    clock_input_buffer/OUT
    AL14                 IBUFCTRL (Prop_IBUFCTRL_HRIO_I_O)
                                                      0.043     1.057 r  clock_input_buffer/IBUFCTRL_INST/O
                         net (fo=1, estimated)        0.865     1.922    clk_50m_ibuf
    MMCME3_ADV_X2Y1      MMCME3_ADV (Prop_MMCME3_ADV_CLKIN1_CLKOUT0)
                                                     -5.587    -3.665 r  clock_manager/CLKOUT0
                         net (fo=1, estimated)        0.437    -3.228    clk_200m_mmcm
    BUFGCE_X2Y24         BUFGCE (Prop_BUFCE_BUFGCE_I_O)
                                                      0.083    -3.145 r  system_clock_buffer/O
    X2Y2 (CLOCK_ROOT)    net (fo=29087, estimated)    3.322     0.177    dbg_hub/inst/BSCANID.u_xsdbm_id/CORE_XSDB.UUT_MASTER/U_ICON_INTERFACE/U_CMD6_RD/U_RD_FIFO/SUBCORE_FIFO.xsdbm_v3_0_0_rdfifo_inst/inst_fifo_gen/gconvfifo.rf/grf.rf/rstblk/wr_clk
    SLICE_X111Y106       FDPE                                         r  dbg_hub/inst/BSCANID.u_xsdbm_id/CORE_XSDB.UUT_MASTER/U_ICON_INTERFACE/U_CMD6_RD/U_RD_FIFO/SUBCORE_FIFO.xsdbm_v3_0_0_rdfifo_inst/inst_fifo_gen/gconvfifo.rf/grf.rf/rstblk/ngwrdrst.grst.g7serrst.wr_rst_asreg_reg/C
  -------------------------------------------------------------------    -------------------
    SLICE_X111Y106       FDPE (Prop_DFF2_SLICEL_C_Q)
                                                      0.117     0.294 f  dbg_hub/inst/BSCANID.u_xsdbm_id/CORE_XSDB.UUT_MASTER/U_ICON_INTERFACE/U_CMD6_RD/U_RD_FIFO/SUBCORE_FIFO.xsdbm_v3_0_0_rdfifo_inst/inst_fifo_gen/gconvfifo.rf/grf.rf/rstblk/ngwrdrst.grst.g7serrst.wr_rst_asreg_reg/Q
                         net (fo=3, estimated)        0.237     0.531    dbg_hub/inst/BSCANID.u_xsdbm_id/CORE_XSDB.UUT_MASTER/U_ICON_INTERFACE/U_CMD6_RD/U_RD_FIFO/SUBCORE_FIFO.xsdbm_v3_0_0_rdfifo_inst/inst_fifo_gen/gconvfifo.rf/grf.rf/rstblk/ngwrdrst.grst.g7serrst.gwrrd_rst_sync_stage[2].wrst_inst/in0[0]
    SLICE_X111Y106       LUT2 (Prop_H6LUT_SLICEL_I0_O)
                                                      0.070     0.601 f  dbg_hub/inst/BSCANID.u_xsdbm_id/CORE_XSDB.UUT_MASTER/U_ICON_INTERFACE/U_CMD6_RD/U_RD_FIFO/SUBCORE_FIFO.xsdbm_v3_0_0_rdfifo_inst/inst_fifo_gen/gconvfifo.rf/grf.rf/rstblk/ngwrdrst.grst.g7serrst.gwrrd_rst_sync_stage[2].wrst_inst/ngwrdrst.grst.g7serrst.wr_rst_reg[2]_i_1/O
                         net (fo=3, estimated)        0.351     0.952    dbg_hub/inst/BSCANID.u_xsdbm_id/CORE_XSDB.UUT_MASTER/U_ICON_INTERFACE/U_CMD6_RD/U_RD_FIFO/SUBCORE_FIFO.xsdbm_v3_0_0_rdfifo_inst/inst_fifo_gen/gconvfifo.rf/grf.rf/rstblk/wr_rst_comb
    SLICE_X111Y105       FDPE                                         f  dbg_hub/inst/BSCANID.u_xsdbm_id/CORE_XSDB.UUT_MASTER/U_ICON_INTERFACE/U_CMD6_RD/U_RD_FIFO/SUBCORE_FIFO.xsdbm_v3_0_0_rdfifo_inst/inst_fifo_gen/gconvfifo.rf/grf.rf/rstblk/ngwrdrst.grst.g7serrst.wr_rst_reg_reg[1]/PRE
  -------------------------------------------------------------------    -------------------

                         (clock clk_200m_mmcm rise edge)
                                                      5.000     5.000 r  
    AL14                                              0.000     5.000 r  clk_50m (IN)
                         net (fo=0)                   0.000     5.000    clock_input_buffer/I
    AL14                 INBUF (Prop_INBUF_HRIO_PAD_O)
                                                      0.656     5.656 r  clock_input_buffer/INBUF_INST/O
                         net (fo=1, routed)           0.059     5.715    clock_input_buffer/OUT
    AL14                 IBUFCTRL (Prop_IBUFCTRL_HRIO_I_O)
                                                      0.032     5.747 r  clock_input_buffer/IBUFCTRL_INST/O
                         net (fo=1, estimated)        0.778     6.525    clk_50m_ibuf
    MMCME3_ADV_X2Y1      MMCME3_ADV (Prop_MMCME3_ADV_CLKIN1_CLKOUT0)
                                                     -5.289     1.236 r  clock_manager/CLKOUT0
                         net (fo=1, estimated)        0.372     1.608    clk_200m_mmcm
    BUFGCE_X2Y24         BUFGCE (Prop_BUFCE_BUFGCE_I_O)
                                                      0.075     1.683 r  system_clock_buffer/O
    X2Y2 (CLOCK_ROOT)    net (fo=29087, estimated)    2.955     4.638    dbg_hub/inst/BSCANID.u_xsdbm_id/CORE_XSDB.UUT_MASTER/U_ICON_INTERFACE/U_CMD6_RD/U_RD_FIFO/SUBCORE_FIFO.xsdbm_v3_0_0_rdfifo_inst/inst_fifo_gen/gconvfifo.rf/grf.rf/rstblk/wr_clk
    SLICE_X111Y105       FDPE                                         r  dbg_hub/inst/BSCANID.u_xsdbm_id/CORE_XSDB.UUT_MASTER/U_ICON_INTERFACE/U_CMD6_RD/U_RD_FIFO/SUBCORE_FIFO.xsdbm_v3_0_0_rdfifo_inst/inst_fifo_gen/gconvfifo.rf/grf.rf/rstblk/ngwrdrst.grst.g7serrst.wr_rst_reg_reg[1]/C
                         clock pessimism              0.444     5.081    
                         clock uncertainty           -0.245     4.836    
    SLICE_X111Y105       FDPE (Recov_EFF2_SLICEL_C_PRE)
                                                     -0.082     4.754    dbg_hub/inst/BSCANID.u_xsdbm_id/CORE_XSDB.UUT_MASTER/U_ICON_INTERFACE/U_CMD6_RD/U_RD_FIFO/SUBCORE_FIFO.xsdbm_v3_0_0_rdfifo_inst/inst_fifo_gen/gconvfifo.rf/grf.rf/rstblk/ngwrdrst.grst.g7serrst.wr_rst_reg_reg[1]
  -------------------------------------------------------------------
                         required time                          4.754    
                         arrival time                          -0.952    
  -------------------------------------------------------------------
                         slack                                  3.802    

Slack (MET) :             3.802ns  (required time - arrival time)
  Source:                 dbg_hub/inst/BSCANID.u_xsdbm_id/CORE_XSDB.UUT_MASTER/U_ICON_INTERFACE/U_CMD6_RD/U_RD_FIFO/SUBCORE_FIFO.xsdbm_v3_0_0_rdfifo_inst/inst_fifo_gen/gconvfifo.rf/grf.rf/rstblk/ngwrdrst.grst.g7serrst.wr_rst_asreg_reg/C
                            (rising edge-triggered cell FDPE clocked by clk_200m_mmcm  {rise@0.000ns fall@2.500ns period=5.000ns})
  Destination:            dbg_hub/inst/BSCANID.u_xsdbm_id/CORE_XSDB.UUT_MASTER/U_ICON_INTERFACE/U_CMD6_RD/U_RD_FIFO/SUBCORE_FIFO.xsdbm_v3_0_0_rdfifo_inst/inst_fifo_gen/gconvfifo.rf/grf.rf/rstblk/ngwrdrst.grst.g7serrst.wr_rst_reg_reg[2]/PRE
                            (recovery check against rising-edge clock clk_200m_mmcm  {rise@0.000ns fall@2.500ns period=5.000ns})
  Path Group:             **async_default**
  Path Type:              Recovery (Max at Slow Process Corner)
  Requirement:            5.000ns  (clk_200m_mmcm rise@5.000ns - clk_200m_mmcm rise@0.000ns)
  Data Path Delay:        0.775ns  (logic 0.187ns (24.129%)  route 0.588ns (75.871%))
  Logic Levels:           1  (LUT2=1)
  Clock Path Skew:        -0.096ns (DCD - SCD + CPR)
    Destination Clock Delay (DCD):    -0.362ns = ( 4.638 - 5.000 ) 
    Source Clock Delay      (SCD):    0.177ns
    Clock Pessimism Removal (CPR):    0.444ns
  Clock Uncertainty:      0.245ns  ((TSJ^2 + DJ^2)^1/2) / 2 + PE + UU
    Total System Jitter     (TSJ):    0.071ns
    Discrete Jitter          (DJ):    0.056ns
    Phase Error              (PE):    0.000ns
    User Uncertainty         (UU):    0.200ns
  Clock Net Delay (Source):      3.322ns (routing 1.173ns, distribution 2.149ns)
  Clock Net Delay (Destination): 2.955ns (routing 1.079ns, distribution 1.876ns)

    Location             Delay type                Incr(ns)  Path(ns)    Netlist Resource(s)
  -------------------------------------------------------------------    -------------------
                         (clock clk_200m_mmcm rise edge)
                                                      0.000     0.000 r  
    AL14                                              0.000     0.000 r  clk_50m (IN)
                         net (fo=0)                   0.000     0.000    clock_input_buffer/I
    AL14                 INBUF (Prop_INBUF_HRIO_PAD_O)
                                                      0.922     0.922 r  clock_input_buffer/INBUF_INST/O
                         net (fo=1, routed)           0.092     1.014    clock_input_buffer/OUT
    AL14                 IBUFCTRL (Prop_IBUFCTRL_HRIO_I_O)
                                                      0.043     1.057 r  clock_input_buffer/IBUFCTRL_INST/O
                         net (fo=1, estimated)        0.865     1.922    clk_50m_ibuf
    MMCME3_ADV_X2Y1      MMCME3_ADV (Prop_MMCME3_ADV_CLKIN1_CLKOUT0)
                                                     -5.587    -3.665 r  clock_manager/CLKOUT0
                         net (fo=1, estimated)        0.437    -3.228    clk_200m_mmcm
    BUFGCE_X2Y24         BUFGCE (Prop_BUFCE_BUFGCE_I_O)
                                                      0.083    -3.145 r  system_clock_buffer/O
    X2Y2 (CLOCK_ROOT)    net (fo=29087, estimated)    3.322     0.177    dbg_hub/inst/BSCANID.u_xsdbm_id/CORE_XSDB.UUT_MASTER/U_ICON_INTERFACE/U_CMD6_RD/U_RD_FIFO/SUBCORE_FIFO.xsdbm_v3_0_0_rdfifo_inst/inst_fifo_gen/gconvfifo.rf/grf.rf/rstblk/wr_clk
    SLICE_X111Y106       FDPE                                         r  dbg_hub/inst/BSCANID.u_xsdbm_id/CORE_XSDB.UUT_MASTER/U_ICON_INTERFACE/U_CMD6_RD/U_RD_FIFO/SUBCORE_FIFO.xsdbm_v3_0_0_rdfifo_inst/inst_fifo_gen/gconvfifo.rf/grf.rf/rstblk/ngwrdrst.grst.g7serrst.wr_rst_asreg_reg/C
  -------------------------------------------------------------------    -------------------
    SLICE_X111Y106       FDPE (Prop_DFF2_SLICEL_C_Q)
                                                      0.117     0.294 f  dbg_hub/inst/BSCANID.u_xsdbm_id/CORE_XSDB.UUT_MASTER/U_ICON_INTERFACE/U_CMD6_RD/U_RD_FIFO/SUBCORE_FIFO.xsdbm_v3_0_0_rdfifo_inst/inst_fifo_gen/gconvfifo.rf/grf.rf/rstblk/ngwrdrst.grst.g7serrst.wr_rst_asreg_reg/Q
                         net (fo=3, estimated)        0.237     0.531    dbg_hub/inst/BSCANID.u_xsdbm_id/CORE_XSDB.UUT_MASTER/U_ICON_INTERFACE/U_CMD6_RD/U_RD_FIFO/SUBCORE_FIFO.xsdbm_v3_0_0_rdfifo_inst/inst_fifo_gen/gconvfifo.rf/grf.rf/rstblk/ngwrdrst.grst.g7serrst.gwrrd_rst_sync_stage[2].wrst_inst/in0[0]
    SLICE_X111Y106       LUT2 (Prop_H6LUT_SLICEL_I0_O)
                                                      0.070     0.601 f  dbg_hub/inst/BSCANID.u_xsdbm_id/CORE_XSDB.UUT_MASTER/U_ICON_INTERFACE/U_CMD6_RD/U_RD_FIFO/SUBCORE_FIFO.xsdbm_v3_0_0_rdfifo_inst/inst_fifo_gen/gconvfifo.rf/grf.rf/rstblk/ngwrdrst.grst.g7serrst.gwrrd_rst_sync_stage[2].wrst_inst/ngwrdrst.grst.g7serrst.wr_rst_reg[2]_i_1/O
                         net (fo=3, estimated)        0.351     0.952    dbg_hub/inst/BSCANID.u_xsdbm_id/CORE_XSDB.UUT_MASTER/U_ICON_INTERFACE/U_CMD6_RD/U_RD_FIFO/SUBCORE_FIFO.xsdbm_v3_0_0_rdfifo_inst/inst_fifo_gen/gconvfifo.rf/grf.rf/rstblk/wr_rst_comb
    SLICE_X111Y105       FDPE                                         f  dbg_hub/inst/BSCANID.u_xsdbm_id/CORE_XSDB.UUT_MASTER/U_ICON_INTERFACE/U_CMD6_RD/U_RD_FIFO/SUBCORE_FIFO.xsdbm_v3_0_0_rdfifo_inst/inst_fifo_gen/gconvfifo.rf/grf.rf/rstblk/ngwrdrst.grst.g7serrst.wr_rst_reg_reg[2]/PRE
  -------------------------------------------------------------------    -------------------

                         (clock clk_200m_mmcm rise edge)
                                                      5.000     5.000 r  
    AL14                                              0.000     5.000 r  clk_50m (IN)
                         net (fo=0)                   0.000     5.000    clock_input_buffer/I
    AL14                 INBUF (Prop_INBUF_HRIO_PAD_O)
                                                      0.656     5.656 r  clock_input_buffer/INBUF_INST/O
                         net (fo=1, routed)           0.059     5.715    clock_input_buffer/OUT
    AL14                 IBUFCTRL (Prop_IBUFCTRL_HRIO_I_O)
                                                      0.032     5.747 r  clock_input_buffer/IBUFCTRL_INST/O
                         net (fo=1, estimated)        0.778     6.525    clk_50m_ibuf
    MMCME3_ADV_X2Y1      MMCME3_ADV (Prop_MMCME3_ADV_CLKIN1_CLKOUT0)
                                                     -5.289     1.236 r  clock_manager/CLKOUT0
                         net (fo=1, estimated)        0.372     1.608    clk_200m_mmcm
    BUFGCE_X2Y24         BUFGCE (Prop_BUFCE_BUFGCE_I_O)
                                                      0.075     1.683 r  system_clock_buffer/O
    X2Y2 (CLOCK_ROOT)    net (fo=29087, estimated)    2.955     4.638    dbg_hub/inst/BSCANID.u_xsdbm_id/CORE_XSDB.UUT_MASTER/U_ICON_INTERFACE/U_CMD6_RD/U_RD_FIFO/SUBCORE_FIFO.xsdbm_v3_0_0_rdfifo_inst/inst_fifo_gen/gconvfifo.rf/grf.rf/rstblk/wr_clk
    SLICE_X111Y105       FDPE                                         r  dbg_hub/inst/BSCANID.u_xsdbm_id/CORE_XSDB.UUT_MASTER/U_ICON_INTERFACE/U_CMD6_RD/U_RD_FIFO/SUBCORE_FIFO.xsdbm_v3_0_0_rdfifo_inst/inst_fifo_gen/gconvfifo.rf/grf.rf/rstblk/ngwrdrst.grst.g7serrst.wr_rst_reg_reg[2]/C
                         clock pessimism              0.444     5.081    
                         clock uncertainty           -0.245     4.836    
    SLICE_X111Y105       FDPE (Recov_FFF_SLICEL_C_PRE)
                                                     -0.082     4.754    dbg_hub/inst/BSCANID.u_xsdbm_id/CORE_XSDB.UUT_MASTER/U_ICON_INTERFACE/U_CMD6_RD/U_RD_FIFO/SUBCORE_FIFO.xsdbm_v3_0_0_rdfifo_inst/inst_fifo_gen/gconvfifo.rf/grf.rf/rstblk/ngwrdrst.grst.g7serrst.wr_rst_reg_reg[2]
  -------------------------------------------------------------------
                         required time                          4.754    
                         arrival time                          -0.952    
  -------------------------------------------------------------------
                         slack                                  3.802    

Slack (MET) :             3.819ns  (required time - arrival time)
  Source:                 dbg_hub/inst/BSCANID.u_xsdbm_id/CORE_XSDB.UUT_MASTER/U_ICON_INTERFACE/U_CMD1/ctl_reg_reg[0]/C
                            (rising edge-triggered cell FDRE clocked by clk_200m_mmcm  {rise@0.000ns fall@2.500ns period=5.000ns})
  Destination:            dbg_hub/inst/BSCANID.u_xsdbm_id/CORE_XSDB.UUT_MASTER/U_XSDB_BUS_CONTROLLER/FSM_onehot_current_state_reg[0]/PRE
                            (recovery check against rising-edge clock clk_200m_mmcm  {rise@0.000ns fall@2.500ns period=5.000ns})
  Path Group:             **async_default**
  Path Type:              Recovery (Max at Slow Process Corner)
  Requirement:            5.000ns  (clk_200m_mmcm rise@5.000ns - clk_200m_mmcm rise@0.000ns)
  Data Path Delay:        0.690ns  (logic 0.114ns (16.522%)  route 0.576ns (83.478%))
  Logic Levels:           0  
  Clock Path Skew:        -0.164ns (DCD - SCD + CPR)
    Destination Clock Delay (DCD):    -0.376ns = ( 4.624 - 5.000 ) 
    Source Clock Delay      (SCD):    0.176ns
    Clock Pessimism Removal (CPR):    0.389ns
  Clock Uncertainty:      0.245ns  ((TSJ^2 + DJ^2)^1/2) / 2 + PE + UU
    Total System Jitter     (TSJ):    0.071ns
    Discrete Jitter          (DJ):    0.056ns
    Phase Error              (PE):    0.000ns
    User Uncertainty         (UU):    0.200ns
  Clock Net Delay (Source):      3.321ns (routing 1.173ns, distribution 2.148ns)
  Clock Net Delay (Destination): 2.941ns (routing 1.079ns, distribution 1.862ns)

    Location             Delay type                Incr(ns)  Path(ns)    Netlist Resource(s)
  -------------------------------------------------------------------    -------------------
                         (clock clk_200m_mmcm rise edge)
                                                      0.000     0.000 r  
    AL14                                              0.000     0.000 r  clk_50m (IN)
                         net (fo=0)                   0.000     0.000    clock_input_buffer/I
    AL14                 INBUF (Prop_INBUF_HRIO_PAD_O)
                                                      0.922     0.922 r  clock_input_buffer/INBUF_INST/O
                         net (fo=1, routed)           0.092     1.014    clock_input_buffer/OUT
    AL14                 IBUFCTRL (Prop_IBUFCTRL_HRIO_I_O)
                                                      0.043     1.057 r  clock_input_buffer/IBUFCTRL_INST/O
                         net (fo=1, estimated)        0.865     1.922    clk_50m_ibuf
    MMCME3_ADV_X2Y1      MMCME3_ADV (Prop_MMCME3_ADV_CLKIN1_CLKOUT0)
                                                     -5.587    -3.665 r  clock_manager/CLKOUT0
                         net (fo=1, estimated)        0.437    -3.228    clk_200m_mmcm
    BUFGCE_X2Y24         BUFGCE (Prop_BUFCE_BUFGCE_I_O)
                                                      0.083    -3.145 r  system_clock_buffer/O
    X2Y2 (CLOCK_ROOT)    net (fo=29087, estimated)    3.321     0.176    dbg_hub/inst/BSCANID.u_xsdbm_id/CORE_XSDB.UUT_MASTER/U_ICON_INTERFACE/U_CMD1/clk
    SLICE_X109Y113       FDRE                                         r  dbg_hub/inst/BSCANID.u_xsdbm_id/CORE_XSDB.UUT_MASTER/U_ICON_INTERFACE/U_CMD1/ctl_reg_reg[0]/C
  -------------------------------------------------------------------    -------------------
    SLICE_X109Y113       FDRE (Prop_EFF_SLICEM_C_Q)
                                                      0.114     0.290 f  dbg_hub/inst/BSCANID.u_xsdbm_id/CORE_XSDB.UUT_MASTER/U_ICON_INTERFACE/U_CMD1/ctl_reg_reg[0]/Q
                         net (fo=176, estimated)      0.576     0.866    dbg_hub/inst/BSCANID.u_xsdbm_id/CORE_XSDB.UUT_MASTER/U_XSDB_BUS_CONTROLLER/out[0]
    SLICE_X108Y108       FDPE                                         f  dbg_hub/inst/BSCANID.u_xsdbm_id/CORE_XSDB.UUT_MASTER/U_XSDB_BUS_CONTROLLER/FSM_onehot_current_state_reg[0]/PRE
  -------------------------------------------------------------------    -------------------

                         (clock clk_200m_mmcm rise edge)
                                                      5.000     5.000 r  
    AL14                                              0.000     5.000 r  clk_50m (IN)
                         net (fo=0)                   0.000     5.000    clock_input_buffer/I
    AL14                 INBUF (Prop_INBUF_HRIO_PAD_O)
                                                      0.656     5.656 r  clock_input_buffer/INBUF_INST/O
                         net (fo=1, routed)           0.059     5.715    clock_input_buffer/OUT
    AL14                 IBUFCTRL (Prop_IBUFCTRL_HRIO_I_O)
                                                      0.032     5.747 r  clock_input_buffer/IBUFCTRL_INST/O
                         net (fo=1, estimated)        0.778     6.525    clk_50m_ibuf
    MMCME3_ADV_X2Y1      MMCME3_ADV (Prop_MMCME3_ADV_CLKIN1_CLKOUT0)
                                                     -5.289     1.236 r  clock_manager/CLKOUT0
                         net (fo=1, estimated)        0.372     1.608    clk_200m_mmcm
    BUFGCE_X2Y24         BUFGCE (Prop_BUFCE_BUFGCE_I_O)
                                                      0.075     1.683 r  system_clock_buffer/O
    X2Y2 (CLOCK_ROOT)    net (fo=29087, estimated)    2.941     4.624    dbg_hub/inst/BSCANID.u_xsdbm_id/CORE_XSDB.UUT_MASTER/U_XSDB_BUS_CONTROLLER/clk
    SLICE_X108Y108       FDPE                                         r  dbg_hub/inst/BSCANID.u_xsdbm_id/CORE_XSDB.UUT_MASTER/U_XSDB_BUS_CONTROLLER/FSM_onehot_current_state_reg[0]/C
                         clock pessimism              0.389     5.012    
                         clock uncertainty           -0.245     4.767    
    SLICE_X108Y108       FDPE (Recov_AFF_SLICEL_C_PRE)
                                                     -0.082     4.685    dbg_hub/inst/BSCANID.u_xsdbm_id/CORE_XSDB.UUT_MASTER/U_XSDB_BUS_CONTROLLER/FSM_onehot_current_state_reg[0]
  -------------------------------------------------------------------
                         required time                          4.685    
                         arrival time                          -0.866    
  -------------------------------------------------------------------
                         slack                                  3.819    

Slack (MET) :             3.819ns  (required time - arrival time)
  Source:                 dbg_hub/inst/BSCANID.u_xsdbm_id/CORE_XSDB.UUT_MASTER/U_ICON_INTERFACE/U_CMD1/ctl_reg_reg[0]/C
                            (rising edge-triggered cell FDRE clocked by clk_200m_mmcm  {rise@0.000ns fall@2.500ns period=5.000ns})
  Destination:            dbg_hub/inst/BSCANID.u_xsdbm_id/CORE_XSDB.UUT_MASTER/U_XSDB_BUS_CONTROLLER/FSM_onehot_current_state_reg[13]/CLR
                            (recovery check against rising-edge clock clk_200m_mmcm  {rise@0.000ns fall@2.500ns period=5.000ns})
  Path Group:             **async_default**
  Path Type:              Recovery (Max at Slow Process Corner)
  Requirement:            5.000ns  (clk_200m_mmcm rise@5.000ns - clk_200m_mmcm rise@0.000ns)
  Data Path Delay:        0.690ns  (logic 0.114ns (16.522%)  route 0.576ns (83.478%))
  Logic Levels:           0  
  Clock Path Skew:        -0.164ns (DCD - SCD + CPR)
    Destination Clock Delay (DCD):    -0.376ns = ( 4.624 - 5.000 ) 
    Source Clock Delay      (SCD):    0.176ns
    Clock Pessimism Removal (CPR):    0.389ns
  Clock Uncertainty:      0.245ns  ((TSJ^2 + DJ^2)^1/2) / 2 + PE + UU
    Total System Jitter     (TSJ):    0.071ns
    Discrete Jitter          (DJ):    0.056ns
    Phase Error              (PE):    0.000ns
    User Uncertainty         (UU):    0.200ns
  Clock Net Delay (Source):      3.321ns (routing 1.173ns, distribution 2.148ns)
  Clock Net Delay (Destination): 2.941ns (routing 1.079ns, distribution 1.862ns)

    Location             Delay type                Incr(ns)  Path(ns)    Netlist Resource(s)
  -------------------------------------------------------------------    -------------------
                         (clock clk_200m_mmcm rise edge)
                                                      0.000     0.000 r  
    AL14                                              0.000     0.000 r  clk_50m (IN)
                         net (fo=0)                   0.000     0.000    clock_input_buffer/I
    AL14                 INBUF (Prop_INBUF_HRIO_PAD_O)
                                                      0.922     0.922 r  clock_input_buffer/INBUF_INST/O
                         net (fo=1, routed)           0.092     1.014    clock_input_buffer/OUT
    AL14                 IBUFCTRL (Prop_IBUFCTRL_HRIO_I_O)
                                                      0.043     1.057 r  clock_input_buffer/IBUFCTRL_INST/O
                         net (fo=1, estimated)        0.865     1.922    clk_50m_ibuf
    MMCME3_ADV_X2Y1      MMCME3_ADV (Prop_MMCME3_ADV_CLKIN1_CLKOUT0)
                                                     -5.587    -3.665 r  clock_manager/CLKOUT0
                         net (fo=1, estimated)        0.437    -3.228    clk_200m_mmcm
    BUFGCE_X2Y24         BUFGCE (Prop_BUFCE_BUFGCE_I_O)
                                                      0.083    -3.145 r  system_clock_buffer/O
    X2Y2 (CLOCK_ROOT)    net (fo=29087, estimated)    3.321     0.176    dbg_hub/inst/BSCANID.u_xsdbm_id/CORE_XSDB.UUT_MASTER/U_ICON_INTERFACE/U_CMD1/clk
    SLICE_X109Y113       FDRE                                         r  dbg_hub/inst/BSCANID.u_xsdbm_id/CORE_XSDB.UUT_MASTER/U_ICON_INTERFACE/U_CMD1/ctl_reg_reg[0]/C
  -------------------------------------------------------------------    -------------------
    SLICE_X109Y113       FDRE (Prop_EFF_SLICEM_C_Q)
                                                      0.114     0.290 f  dbg_hub/inst/BSCANID.u_xsdbm_id/CORE_XSDB.UUT_MASTER/U_ICON_INTERFACE/U_CMD1/ctl_reg_reg[0]/Q
                         net (fo=176, estimated)      0.576     0.866    dbg_hub/inst/BSCANID.u_xsdbm_id/CORE_XSDB.UUT_MASTER/U_XSDB_BUS_CONTROLLER/out[0]
    SLICE_X108Y108       FDCE                                         f  dbg_hub/inst/BSCANID.u_xsdbm_id/CORE_XSDB.UUT_MASTER/U_XSDB_BUS_CONTROLLER/FSM_onehot_current_state_reg[13]/CLR
  -------------------------------------------------------------------    -------------------

                         (clock clk_200m_mmcm rise edge)
                                                      5.000     5.000 r  
    AL14                                              0.000     5.000 r  clk_50m (IN)
                         net (fo=0)                   0.000     5.000    clock_input_buffer/I
    AL14                 INBUF (Prop_INBUF_HRIO_PAD_O)
                                                      0.656     5.656 r  clock_input_buffer/INBUF_INST/O
                         net (fo=1, routed)           0.059     5.715    clock_input_buffer/OUT
    AL14                 IBUFCTRL (Prop_IBUFCTRL_HRIO_I_O)
                                                      0.032     5.747 r  clock_input_buffer/IBUFCTRL_INST/O
                         net (fo=1, estimated)        0.778     6.525    clk_50m_ibuf
    MMCME3_ADV_X2Y1      MMCME3_ADV (Prop_MMCME3_ADV_CLKIN1_CLKOUT0)
                                                     -5.289     1.236 r  clock_manager/CLKOUT0
                         net (fo=1, estimated)        0.372     1.608    clk_200m_mmcm
    BUFGCE_X2Y24         BUFGCE (Prop_BUFCE_BUFGCE_I_O)
                                                      0.075     1.683 r  system_clock_buffer/O
    X2Y2 (CLOCK_ROOT)    net (fo=29087, estimated)    2.941     4.624    dbg_hub/inst/BSCANID.u_xsdbm_id/CORE_XSDB.UUT_MASTER/U_XSDB_BUS_CONTROLLER/clk
    SLICE_X108Y108       FDCE                                         r  dbg_hub/inst/BSCANID.u_xsdbm_id/CORE_XSDB.UUT_MASTER/U_XSDB_BUS_CONTROLLER/FSM_onehot_current_state_reg[13]/C
                         clock pessimism              0.389     5.012    
                         clock uncertainty           -0.245     4.767    
    SLICE_X108Y108       FDCE (Recov_BFF_SLICEL_C_CLR)
                                                     -0.082     4.685    dbg_hub/inst/BSCANID.u_xsdbm_id/CORE_XSDB.UUT_MASTER/U_XSDB_BUS_CONTROLLER/FSM_onehot_current_state_reg[13]
  -------------------------------------------------------------------
                         required time                          4.685    
                         arrival time                          -0.866    
  -------------------------------------------------------------------
                         slack                                  3.819    

Slack (MET) :             3.819ns  (required time - arrival time)
  Source:                 dbg_hub/inst/BSCANID.u_xsdbm_id/CORE_XSDB.UUT_MASTER/U_ICON_INTERFACE/U_CMD1/ctl_reg_reg[0]/C
                            (rising edge-triggered cell FDRE clocked by clk_200m_mmcm  {rise@0.000ns fall@2.500ns period=5.000ns})
  Destination:            dbg_hub/inst/BSCANID.u_xsdbm_id/CORE_XSDB.UUT_MASTER/U_XSDB_BUS_CONTROLLER/FSM_onehot_current_state_reg[15]/CLR
                            (recovery check against rising-edge clock clk_200m_mmcm  {rise@0.000ns fall@2.500ns period=5.000ns})
  Path Group:             **async_default**
  Path Type:              Recovery (Max at Slow Process Corner)
  Requirement:            5.000ns  (clk_200m_mmcm rise@5.000ns - clk_200m_mmcm rise@0.000ns)
  Data Path Delay:        0.690ns  (logic 0.114ns (16.522%)  route 0.576ns (83.478%))
  Logic Levels:           0  
  Clock Path Skew:        -0.164ns (DCD - SCD + CPR)
    Destination Clock Delay (DCD):    -0.376ns = ( 4.624 - 5.000 ) 
    Source Clock Delay      (SCD):    0.176ns
    Clock Pessimism Removal (CPR):    0.389ns
  Clock Uncertainty:      0.245ns  ((TSJ^2 + DJ^2)^1/2) / 2 + PE + UU
    Total System Jitter     (TSJ):    0.071ns
    Discrete Jitter          (DJ):    0.056ns
    Phase Error              (PE):    0.000ns
    User Uncertainty         (UU):    0.200ns
  Clock Net Delay (Source):      3.321ns (routing 1.173ns, distribution 2.148ns)
  Clock Net Delay (Destination): 2.941ns (routing 1.079ns, distribution 1.862ns)

    Location             Delay type                Incr(ns)  Path(ns)    Netlist Resource(s)
  -------------------------------------------------------------------    -------------------
                         (clock clk_200m_mmcm rise edge)
                                                      0.000     0.000 r  
    AL14                                              0.000     0.000 r  clk_50m (IN)
                         net (fo=0)                   0.000     0.000    clock_input_buffer/I
    AL14                 INBUF (Prop_INBUF_HRIO_PAD_O)
                                                      0.922     0.922 r  clock_input_buffer/INBUF_INST/O
                         net (fo=1, routed)           0.092     1.014    clock_input_buffer/OUT
    AL14                 IBUFCTRL (Prop_IBUFCTRL_HRIO_I_O)
                                                      0.043     1.057 r  clock_input_buffer/IBUFCTRL_INST/O
                         net (fo=1, estimated)        0.865     1.922    clk_50m_ibuf
    MMCME3_ADV_X2Y1      MMCME3_ADV (Prop_MMCME3_ADV_CLKIN1_CLKOUT0)
                                                     -5.587    -3.665 r  clock_manager/CLKOUT0
                         net (fo=1, estimated)        0.437    -3.228    clk_200m_mmcm
    BUFGCE_X2Y24         BUFGCE (Prop_BUFCE_BUFGCE_I_O)
                                                      0.083    -3.145 r  system_clock_buffer/O
    X2Y2 (CLOCK_ROOT)    net (fo=29087, estimated)    3.321     0.176    dbg_hub/inst/BSCANID.u_xsdbm_id/CORE_XSDB.UUT_MASTER/U_ICON_INTERFACE/U_CMD1/clk
    SLICE_X109Y113       FDRE                                         r  dbg_hub/inst/BSCANID.u_xsdbm_id/CORE_XSDB.UUT_MASTER/U_ICON_INTERFACE/U_CMD1/ctl_reg_reg[0]/C
  -------------------------------------------------------------------    -------------------
    SLICE_X109Y113       FDRE (Prop_EFF_SLICEM_C_Q)
                                                      0.114     0.290 f  dbg_hub/inst/BSCANID.u_xsdbm_id/CORE_XSDB.UUT_MASTER/U_ICON_INTERFACE/U_CMD1/ctl_reg_reg[0]/Q
                         net (fo=176, estimated)      0.576     0.866    dbg_hub/inst/BSCANID.u_xsdbm_id/CORE_XSDB.UUT_MASTER/U_XSDB_BUS_CONTROLLER/out[0]
    SLICE_X108Y108       FDCE                                         f  dbg_hub/inst/BSCANID.u_xsdbm_id/CORE_XSDB.UUT_MASTER/U_XSDB_BUS_CONTROLLER/FSM_onehot_current_state_reg[15]/CLR
  -------------------------------------------------------------------    -------------------

                         (clock clk_200m_mmcm rise edge)
                                                      5.000     5.000 r  
    AL14                                              0.000     5.000 r  clk_50m (IN)
                         net (fo=0)                   0.000     5.000    clock_input_buffer/I
    AL14                 INBUF (Prop_INBUF_HRIO_PAD_O)
                                                      0.656     5.656 r  clock_input_buffer/INBUF_INST/O
                         net (fo=1, routed)           0.059     5.715    clock_input_buffer/OUT
    AL14                 IBUFCTRL (Prop_IBUFCTRL_HRIO_I_O)
                                                      0.032     5.747 r  clock_input_buffer/IBUFCTRL_INST/O
                         net (fo=1, estimated)        0.778     6.525    clk_50m_ibuf
    MMCME3_ADV_X2Y1      MMCME3_ADV (Prop_MMCME3_ADV_CLKIN1_CLKOUT0)
                                                     -5.289     1.236 r  clock_manager/CLKOUT0
                         net (fo=1, estimated)        0.372     1.608    clk_200m_mmcm
    BUFGCE_X2Y24         BUFGCE (Prop_BUFCE_BUFGCE_I_O)
                                                      0.075     1.683 r  system_clock_buffer/O
    X2Y2 (CLOCK_ROOT)    net (fo=29087, estimated)    2.941     4.624    dbg_hub/inst/BSCANID.u_xsdbm_id/CORE_XSDB.UUT_MASTER/U_XSDB_BUS_CONTROLLER/clk
    SLICE_X108Y108       FDCE                                         r  dbg_hub/inst/BSCANID.u_xsdbm_id/CORE_XSDB.UUT_MASTER/U_XSDB_BUS_CONTROLLER/FSM_onehot_current_state_reg[15]/C
                         clock pessimism              0.389     5.012    
                         clock uncertainty           -0.245     4.767    
    SLICE_X108Y108       FDCE (Recov_DFF2_SLICEL_C_CLR)
                                                     -0.082     4.685    dbg_hub/inst/BSCANID.u_xsdbm_id/CORE_XSDB.UUT_MASTER/U_XSDB_BUS_CONTROLLER/FSM_onehot_current_state_reg[15]
  -------------------------------------------------------------------
                         required time                          4.685    
                         arrival time                          -0.866    
  -------------------------------------------------------------------
                         slack                                  3.819    

Slack (MET) :             3.819ns  (required time - arrival time)
  Source:                 dbg_hub/inst/BSCANID.u_xsdbm_id/CORE_XSDB.UUT_MASTER/U_ICON_INTERFACE/U_CMD1/ctl_reg_reg[0]/C
                            (rising edge-triggered cell FDRE clocked by clk_200m_mmcm  {rise@0.000ns fall@2.500ns period=5.000ns})
  Destination:            dbg_hub/inst/BSCANID.u_xsdbm_id/CORE_XSDB.UUT_MASTER/U_XSDB_BUS_CONTROLLER/FSM_onehot_current_state_reg[1]/CLR
                            (recovery check against rising-edge clock clk_200m_mmcm  {rise@0.000ns fall@2.500ns period=5.000ns})
  Path Group:             **async_default**
  Path Type:              Recovery (Max at Slow Process Corner)
  Requirement:            5.000ns  (clk_200m_mmcm rise@5.000ns - clk_200m_mmcm rise@0.000ns)
  Data Path Delay:        0.690ns  (logic 0.114ns (16.522%)  route 0.576ns (83.478%))
  Logic Levels:           0  
  Clock Path Skew:        -0.164ns (DCD - SCD + CPR)
    Destination Clock Delay (DCD):    -0.376ns = ( 4.624 - 5.000 ) 
    Source Clock Delay      (SCD):    0.176ns
    Clock Pessimism Removal (CPR):    0.389ns
  Clock Uncertainty:      0.245ns  ((TSJ^2 + DJ^2)^1/2) / 2 + PE + UU
    Total System Jitter     (TSJ):    0.071ns
    Discrete Jitter          (DJ):    0.056ns
    Phase Error              (PE):    0.000ns
    User Uncertainty         (UU):    0.200ns
  Clock Net Delay (Source):      3.321ns (routing 1.173ns, distribution 2.148ns)
  Clock Net Delay (Destination): 2.941ns (routing 1.079ns, distribution 1.862ns)

    Location             Delay type                Incr(ns)  Path(ns)    Netlist Resource(s)
  -------------------------------------------------------------------    -------------------
                         (clock clk_200m_mmcm rise edge)
                                                      0.000     0.000 r  
    AL14                                              0.000     0.000 r  clk_50m (IN)
                         net (fo=0)                   0.000     0.000    clock_input_buffer/I
    AL14                 INBUF (Prop_INBUF_HRIO_PAD_O)
                                                      0.922     0.922 r  clock_input_buffer/INBUF_INST/O
                         net (fo=1, routed)           0.092     1.014    clock_input_buffer/OUT
    AL14                 IBUFCTRL (Prop_IBUFCTRL_HRIO_I_O)
                                                      0.043     1.057 r  clock_input_buffer/IBUFCTRL_INST/O
                         net (fo=1, estimated)        0.865     1.922    clk_50m_ibuf
    MMCME3_ADV_X2Y1      MMCME3_ADV (Prop_MMCME3_ADV_CLKIN1_CLKOUT0)
                                                     -5.587    -3.665 r  clock_manager/CLKOUT0
                         net (fo=1, estimated)        0.437    -3.228    clk_200m_mmcm
    BUFGCE_X2Y24         BUFGCE (Prop_BUFCE_BUFGCE_I_O)
                                                      0.083    -3.145 r  system_clock_buffer/O
    X2Y2 (CLOCK_ROOT)    net (fo=29087, estimated)    3.321     0.176    dbg_hub/inst/BSCANID.u_xsdbm_id/CORE_XSDB.UUT_MASTER/U_ICON_INTERFACE/U_CMD1/clk
    SLICE_X109Y113       FDRE                                         r  dbg_hub/inst/BSCANID.u_xsdbm_id/CORE_XSDB.UUT_MASTER/U_ICON_INTERFACE/U_CMD1/ctl_reg_reg[0]/C
  -------------------------------------------------------------------    -------------------
    SLICE_X109Y113       FDRE (Prop_EFF_SLICEM_C_Q)
                                                      0.114     0.290 f  dbg_hub/inst/BSCANID.u_xsdbm_id/CORE_XSDB.UUT_MASTER/U_ICON_INTERFACE/U_CMD1/ctl_reg_reg[0]/Q
                         net (fo=176, estimated)      0.576     0.866    dbg_hub/inst/BSCANID.u_xsdbm_id/CORE_XSDB.UUT_MASTER/U_XSDB_BUS_CONTROLLER/out[0]
    SLICE_X108Y108       FDCE                                         f  dbg_hub/inst/BSCANID.u_xsdbm_id/CORE_XSDB.UUT_MASTER/U_XSDB_BUS_CONTROLLER/FSM_onehot_current_state_reg[1]/CLR
  -------------------------------------------------------------------    -------------------

                         (clock clk_200m_mmcm rise edge)
                                                      5.000     5.000 r  
    AL14                                              0.000     5.000 r  clk_50m (IN)
                         net (fo=0)                   0.000     5.000    clock_input_buffer/I
    AL14                 INBUF (Prop_INBUF_HRIO_PAD_O)
                                                      0.656     5.656 r  clock_input_buffer/INBUF_INST/O
                         net (fo=1, routed)           0.059     5.715    clock_input_buffer/OUT
    AL14                 IBUFCTRL (Prop_IBUFCTRL_HRIO_I_O)
                                                      0.032     5.747 r  clock_input_buffer/IBUFCTRL_INST/O
                         net (fo=1, estimated)        0.778     6.525    clk_50m_ibuf
    MMCME3_ADV_X2Y1      MMCME3_ADV (Prop_MMCME3_ADV_CLKIN1_CLKOUT0)
                                                     -5.289     1.236 r  clock_manager/CLKOUT0
                         net (fo=1, estimated)        0.372     1.608    clk_200m_mmcm
    BUFGCE_X2Y24         BUFGCE (Prop_BUFCE_BUFGCE_I_O)
                                                      0.075     1.683 r  system_clock_buffer/O
    X2Y2 (CLOCK_ROOT)    net (fo=29087, estimated)    2.941     4.624    dbg_hub/inst/BSCANID.u_xsdbm_id/CORE_XSDB.UUT_MASTER/U_XSDB_BUS_CONTROLLER/clk
    SLICE_X108Y108       FDCE                                         r  dbg_hub/inst/BSCANID.u_xsdbm_id/CORE_XSDB.UUT_MASTER/U_XSDB_BUS_CONTROLLER/FSM_onehot_current_state_reg[1]/C
                         clock pessimism              0.389     5.012    
                         clock uncertainty           -0.245     4.767    
    SLICE_X108Y108       FDCE (Recov_BFF2_SLICEL_C_CLR)
                                                     -0.082     4.685    dbg_hub/inst/BSCANID.u_xsdbm_id/CORE_XSDB.UUT_MASTER/U_XSDB_BUS_CONTROLLER/FSM_onehot_current_state_reg[1]
  -------------------------------------------------------------------
                         required time                          4.685    
                         arrival time                          -0.866    
  -------------------------------------------------------------------
                         slack                                  3.819    

Slack (MET) :             3.819ns  (required time - arrival time)
  Source:                 dbg_hub/inst/BSCANID.u_xsdbm_id/CORE_XSDB.UUT_MASTER/U_ICON_INTERFACE/U_CMD1/ctl_reg_reg[0]/C
                            (rising edge-triggered cell FDRE clocked by clk_200m_mmcm  {rise@0.000ns fall@2.500ns period=5.000ns})
  Destination:            dbg_hub/inst/BSCANID.u_xsdbm_id/CORE_XSDB.UUT_MASTER/U_XSDB_BUS_CONTROLLER/FSM_onehot_current_state_reg[2]/CLR
                            (recovery check against rising-edge clock clk_200m_mmcm  {rise@0.000ns fall@2.500ns period=5.000ns})
  Path Group:             **async_default**
  Path Type:              Recovery (Max at Slow Process Corner)
  Requirement:            5.000ns  (clk_200m_mmcm rise@5.000ns - clk_200m_mmcm rise@0.000ns)
  Data Path Delay:        0.690ns  (logic 0.114ns (16.522%)  route 0.576ns (83.478%))
  Logic Levels:           0  
  Clock Path Skew:        -0.164ns (DCD - SCD + CPR)
    Destination Clock Delay (DCD):    -0.376ns = ( 4.624 - 5.000 ) 
    Source Clock Delay      (SCD):    0.176ns
    Clock Pessimism Removal (CPR):    0.389ns
  Clock Uncertainty:      0.245ns  ((TSJ^2 + DJ^2)^1/2) / 2 + PE + UU
    Total System Jitter     (TSJ):    0.071ns
    Discrete Jitter          (DJ):    0.056ns
    Phase Error              (PE):    0.000ns
    User Uncertainty         (UU):    0.200ns
  Clock Net Delay (Source):      3.321ns (routing 1.173ns, distribution 2.148ns)
  Clock Net Delay (Destination): 2.941ns (routing 1.079ns, distribution 1.862ns)

    Location             Delay type                Incr(ns)  Path(ns)    Netlist Resource(s)
  -------------------------------------------------------------------    -------------------
                         (clock clk_200m_mmcm rise edge)
                                                      0.000     0.000 r  
    AL14                                              0.000     0.000 r  clk_50m (IN)
                         net (fo=0)                   0.000     0.000    clock_input_buffer/I
    AL14                 INBUF (Prop_INBUF_HRIO_PAD_O)
                                                      0.922     0.922 r  clock_input_buffer/INBUF_INST/O
                         net (fo=1, routed)           0.092     1.014    clock_input_buffer/OUT
    AL14                 IBUFCTRL (Prop_IBUFCTRL_HRIO_I_O)
                                                      0.043     1.057 r  clock_input_buffer/IBUFCTRL_INST/O
                         net (fo=1, estimated)        0.865     1.922    clk_50m_ibuf
    MMCME3_ADV_X2Y1      MMCME3_ADV (Prop_MMCME3_ADV_CLKIN1_CLKOUT0)
                                                     -5.587    -3.665 r  clock_manager/CLKOUT0
                         net (fo=1, estimated)        0.437    -3.228    clk_200m_mmcm
    BUFGCE_X2Y24         BUFGCE (Prop_BUFCE_BUFGCE_I_O)
                                                      0.083    -3.145 r  system_clock_buffer/O
    X2Y2 (CLOCK_ROOT)    net (fo=29087, estimated)    3.321     0.176    dbg_hub/inst/BSCANID.u_xsdbm_id/CORE_XSDB.UUT_MASTER/U_ICON_INTERFACE/U_CMD1/clk
    SLICE_X109Y113       FDRE                                         r  dbg_hub/inst/BSCANID.u_xsdbm_id/CORE_XSDB.UUT_MASTER/U_ICON_INTERFACE/U_CMD1/ctl_reg_reg[0]/C
  -------------------------------------------------------------------    -------------------
    SLICE_X109Y113       FDRE (Prop_EFF_SLICEM_C_Q)
                                                      0.114     0.290 f  dbg_hub/inst/BSCANID.u_xsdbm_id/CORE_XSDB.UUT_MASTER/U_ICON_INTERFACE/U_CMD1/ctl_reg_reg[0]/Q
                         net (fo=176, estimated)      0.576     0.866    dbg_hub/inst/BSCANID.u_xsdbm_id/CORE_XSDB.UUT_MASTER/U_XSDB_BUS_CONTROLLER/out[0]
    SLICE_X108Y108       FDCE                                         f  dbg_hub/inst/BSCANID.u_xsdbm_id/CORE_XSDB.UUT_MASTER/U_XSDB_BUS_CONTROLLER/FSM_onehot_current_state_reg[2]/CLR
  -------------------------------------------------------------------    -------------------

                         (clock clk_200m_mmcm rise edge)
                                                      5.000     5.000 r  
    AL14                                              0.000     5.000 r  clk_50m (IN)
                         net (fo=0)                   0.000     5.000    clock_input_buffer/I
    AL14                 INBUF (Prop_INBUF_HRIO_PAD_O)
                                                      0.656     5.656 r  clock_input_buffer/INBUF_INST/O
                         net (fo=1, routed)           0.059     5.715    clock_input_buffer/OUT
    AL14                 IBUFCTRL (Prop_IBUFCTRL_HRIO_I_O)
                                                      0.032     5.747 r  clock_input_buffer/IBUFCTRL_INST/O
                         net (fo=1, estimated)        0.778     6.525    clk_50m_ibuf
    MMCME3_ADV_X2Y1      MMCME3_ADV (Prop_MMCME3_ADV_CLKIN1_CLKOUT0)
                                                     -5.289     1.236 r  clock_manager/CLKOUT0
                         net (fo=1, estimated)        0.372     1.608    clk_200m_mmcm
    BUFGCE_X2Y24         BUFGCE (Prop_BUFCE_BUFGCE_I_O)
                                                      0.075     1.683 r  system_clock_buffer/O
    X2Y2 (CLOCK_ROOT)    net (fo=29087, estimated)    2.941     4.624    dbg_hub/inst/BSCANID.u_xsdbm_id/CORE_XSDB.UUT_MASTER/U_XSDB_BUS_CONTROLLER/clk
    SLICE_X108Y108       FDCE                                         r  dbg_hub/inst/BSCANID.u_xsdbm_id/CORE_XSDB.UUT_MASTER/U_XSDB_BUS_CONTROLLER/FSM_onehot_current_state_reg[2]/C
                         clock pessimism              0.389     5.012    
                         clock uncertainty           -0.245     4.767    
    SLICE_X108Y108       FDCE (Recov_CFF_SLICEL_C_CLR)
                                                     -0.082     4.685    dbg_hub/inst/BSCANID.u_xsdbm_id/CORE_XSDB.UUT_MASTER/U_XSDB_BUS_CONTROLLER/FSM_onehot_current_state_reg[2]
  -------------------------------------------------------------------
                         required time                          4.685    
                         arrival time                          -0.866    
  -------------------------------------------------------------------
                         slack                                  3.819    

Slack (MET) :             3.819ns  (required time - arrival time)
  Source:                 dbg_hub/inst/BSCANID.u_xsdbm_id/CORE_XSDB.UUT_MASTER/U_ICON_INTERFACE/U_CMD1/ctl_reg_reg[0]/C
                            (rising edge-triggered cell FDRE clocked by clk_200m_mmcm  {rise@0.000ns fall@2.500ns period=5.000ns})
  Destination:            dbg_hub/inst/BSCANID.u_xsdbm_id/CORE_XSDB.UUT_MASTER/U_XSDB_BUS_CONTROLLER/FSM_onehot_current_state_reg[9]/CLR
                            (recovery check against rising-edge clock clk_200m_mmcm  {rise@0.000ns fall@2.500ns period=5.000ns})
  Path Group:             **async_default**
  Path Type:              Recovery (Max at Slow Process Corner)
  Requirement:            5.000ns  (clk_200m_mmcm rise@5.000ns - clk_200m_mmcm rise@0.000ns)
  Data Path Delay:        0.690ns  (logic 0.114ns (16.522%)  route 0.576ns (83.478%))
  Logic Levels:           0  
  Clock Path Skew:        -0.164ns (DCD - SCD + CPR)
    Destination Clock Delay (DCD):    -0.376ns = ( 4.624 - 5.000 ) 
    Source Clock Delay      (SCD):    0.176ns
    Clock Pessimism Removal (CPR):    0.389ns
  Clock Uncertainty:      0.245ns  ((TSJ^2 + DJ^2)^1/2) / 2 + PE + UU
    Total System Jitter     (TSJ):    0.071ns
    Discrete Jitter          (DJ):    0.056ns
    Phase Error              (PE):    0.000ns
    User Uncertainty         (UU):    0.200ns
  Clock Net Delay (Source):      3.321ns (routing 1.173ns, distribution 2.148ns)
  Clock Net Delay (Destination): 2.941ns (routing 1.079ns, distribution 1.862ns)

    Location             Delay type                Incr(ns)  Path(ns)    Netlist Resource(s)
  -------------------------------------------------------------------    -------------------
                         (clock clk_200m_mmcm rise edge)
                                                      0.000     0.000 r  
    AL14                                              0.000     0.000 r  clk_50m (IN)
                         net (fo=0)                   0.000     0.000    clock_input_buffer/I
    AL14                 INBUF (Prop_INBUF_HRIO_PAD_O)
                                                      0.922     0.922 r  clock_input_buffer/INBUF_INST/O
                         net (fo=1, routed)           0.092     1.014    clock_input_buffer/OUT
    AL14                 IBUFCTRL (Prop_IBUFCTRL_HRIO_I_O)
                                                      0.043     1.057 r  clock_input_buffer/IBUFCTRL_INST/O
                         net (fo=1, estimated)        0.865     1.922    clk_50m_ibuf
    MMCME3_ADV_X2Y1      MMCME3_ADV (Prop_MMCME3_ADV_CLKIN1_CLKOUT0)
                                                     -5.587    -3.665 r  clock_manager/CLKOUT0
                         net (fo=1, estimated)        0.437    -3.228    clk_200m_mmcm
    BUFGCE_X2Y24         BUFGCE (Prop_BUFCE_BUFGCE_I_O)
                                                      0.083    -3.145 r  system_clock_buffer/O
    X2Y2 (CLOCK_ROOT)    net (fo=29087, estimated)    3.321     0.176    dbg_hub/inst/BSCANID.u_xsdbm_id/CORE_XSDB.UUT_MASTER/U_ICON_INTERFACE/U_CMD1/clk
    SLICE_X109Y113       FDRE                                         r  dbg_hub/inst/BSCANID.u_xsdbm_id/CORE_XSDB.UUT_MASTER/U_ICON_INTERFACE/U_CMD1/ctl_reg_reg[0]/C
  -------------------------------------------------------------------    -------------------
    SLICE_X109Y113       FDRE (Prop_EFF_SLICEM_C_Q)
                                                      0.114     0.290 f  dbg_hub/inst/BSCANID.u_xsdbm_id/CORE_XSDB.UUT_MASTER/U_ICON_INTERFACE/U_CMD1/ctl_reg_reg[0]/Q
                         net (fo=176, estimated)      0.576     0.866    dbg_hub/inst/BSCANID.u_xsdbm_id/CORE_XSDB.UUT_MASTER/U_XSDB_BUS_CONTROLLER/out[0]
    SLICE_X108Y108       FDCE                                         f  dbg_hub/inst/BSCANID.u_xsdbm_id/CORE_XSDB.UUT_MASTER/U_XSDB_BUS_CONTROLLER/FSM_onehot_current_state_reg[9]/CLR
  -------------------------------------------------------------------    -------------------

                         (clock clk_200m_mmcm rise edge)
                                                      5.000     5.000 r  
    AL14                                              0.000     5.000 r  clk_50m (IN)
                         net (fo=0)                   0.000     5.000    clock_input_buffer/I
    AL14                 INBUF (Prop_INBUF_HRIO_PAD_O)
                                                      0.656     5.656 r  clock_input_buffer/INBUF_INST/O
                         net (fo=1, routed)           0.059     5.715    clock_input_buffer/OUT
    AL14                 IBUFCTRL (Prop_IBUFCTRL_HRIO_I_O)
                                                      0.032     5.747 r  clock_input_buffer/IBUFCTRL_INST/O
                         net (fo=1, estimated)        0.778     6.525    clk_50m_ibuf
    MMCME3_ADV_X2Y1      MMCME3_ADV (Prop_MMCME3_ADV_CLKIN1_CLKOUT0)
                                                     -5.289     1.236 r  clock_manager/CLKOUT0
                         net (fo=1, estimated)        0.372     1.608    clk_200m_mmcm
    BUFGCE_X2Y24         BUFGCE (Prop_BUFCE_BUFGCE_I_O)
                                                      0.075     1.683 r  system_clock_buffer/O
    X2Y2 (CLOCK_ROOT)    net (fo=29087, estimated)    2.941     4.624    dbg_hub/inst/BSCANID.u_xsdbm_id/CORE_XSDB.UUT_MASTER/U_XSDB_BUS_CONTROLLER/clk
    SLICE_X108Y108       FDCE                                         r  dbg_hub/inst/BSCANID.u_xsdbm_id/CORE_XSDB.UUT_MASTER/U_XSDB_BUS_CONTROLLER/FSM_onehot_current_state_reg[9]/C
                         clock pessimism              0.389     5.012    
                         clock uncertainty           -0.245     4.767    
    SLICE_X108Y108       FDCE (Recov_CFF2_SLICEL_C_CLR)
                                                     -0.082     4.685    dbg_hub/inst/BSCANID.u_xsdbm_id/CORE_XSDB.UUT_MASTER/U_XSDB_BUS_CONTROLLER/FSM_onehot_current_state_reg[9]
  -------------------------------------------------------------------
                         required time                          4.685    
                         arrival time                          -0.866    
  -------------------------------------------------------------------
                         slack                                  3.819    

Slack (MET) :             3.823ns  (required time - arrival time)
  Source:                 dbg_hub/inst/BSCANID.u_xsdbm_id/CORE_XSDB.UUT_MASTER/U_ICON_INTERFACE/U_CMD6_RD/U_RD_FIFO/SUBCORE_FIFO.xsdbm_v3_0_0_rdfifo_inst/inst_fifo_gen/gconvfifo.rf/grf.rf/rstblk/ngwrdrst.grst.g7serrst.wr_rst_reg_reg[0]/C
                            (rising edge-triggered cell FDPE clocked by clk_200m_mmcm  {rise@0.000ns fall@2.500ns period=5.000ns})
  Destination:            dbg_hub/inst/BSCANID.u_xsdbm_id/CORE_XSDB.UUT_MASTER/U_ICON_INTERFACE/U_CMD6_RD/U_RD_FIFO/SUBCORE_FIFO.xsdbm_v3_0_0_rdfifo_inst/inst_fifo_gen/gconvfifo.rf/grf.rf/gntv_or_sync_fifo.gcx.clkx/gnxpm_cdc.wr_pntr_gc_reg[2]/CLR
                            (recovery check against rising-edge clock clk_200m_mmcm  {rise@0.000ns fall@2.500ns period=5.000ns})
  Path Group:             **async_default**
  Path Type:              Recovery (Max at Slow Process Corner)
  Requirement:            5.000ns  (clk_200m_mmcm rise@5.000ns - clk_200m_mmcm rise@0.000ns)
  Data Path Delay:        0.689ns  (logic 0.114ns (16.546%)  route 0.575ns (83.454%))
  Logic Levels:           0  
  Clock Path Skew:        -0.161ns (DCD - SCD + CPR)
    Destination Clock Delay (DCD):    -0.378ns = ( 4.622 - 5.000 ) 
    Source Clock Delay      (SCD):    0.171ns
    Clock Pessimism Removal (CPR):    0.389ns
  Clock Uncertainty:      0.245ns  ((TSJ^2 + DJ^2)^1/2) / 2 + PE + UU
    Total System Jitter     (TSJ):    0.071ns
    Discrete Jitter          (DJ):    0.056ns
    Phase Error              (PE):    0.000ns
    User Uncertainty         (UU):    0.200ns
  Clock Net Delay (Source):      3.316ns (routing 1.173ns, distribution 2.143ns)
  Clock Net Delay (Destination): 2.939ns (routing 1.079ns, distribution 1.860ns)

    Location             Delay type                Incr(ns)  Path(ns)    Netlist Resource(s)
  -------------------------------------------------------------------    -------------------
                         (clock clk_200m_mmcm rise edge)
                                                      0.000     0.000 r  
    AL14                                              0.000     0.000 r  clk_50m (IN)
                         net (fo=0)                   0.000     0.000    clock_input_buffer/I
    AL14                 INBUF (Prop_INBUF_HRIO_PAD_O)
                                                      0.922     0.922 r  clock_input_buffer/INBUF_INST/O
                         net (fo=1, routed)           0.092     1.014    clock_input_buffer/OUT
    AL14                 IBUFCTRL (Prop_IBUFCTRL_HRIO_I_O)
                                                      0.043     1.057 r  clock_input_buffer/IBUFCTRL_INST/O
                         net (fo=1, estimated)        0.865     1.922    clk_50m_ibuf
    MMCME3_ADV_X2Y1      MMCME3_ADV (Prop_MMCME3_ADV_CLKIN1_CLKOUT0)
                                                     -5.587    -3.665 r  clock_manager/CLKOUT0
                         net (fo=1, estimated)        0.437    -3.228    clk_200m_mmcm
    BUFGCE_X2Y24         BUFGCE (Prop_BUFCE_BUFGCE_I_O)
                                                      0.083    -3.145 r  system_clock_buffer/O
    X2Y2 (CLOCK_ROOT)    net (fo=29087, estimated)    3.316     0.171    dbg_hub/inst/BSCANID.u_xsdbm_id/CORE_XSDB.UUT_MASTER/U_ICON_INTERFACE/U_CMD6_RD/U_RD_FIFO/SUBCORE_FIFO.xsdbm_v3_0_0_rdfifo_inst/inst_fifo_gen/gconvfifo.rf/grf.rf/rstblk/wr_clk
    SLICE_X111Y105       FDPE                                         r  dbg_hub/inst/BSCANID.u_xsdbm_id/CORE_XSDB.UUT_MASTER/U_ICON_INTERFACE/U_CMD6_RD/U_RD_FIFO/SUBCORE_FIFO.xsdbm_v3_0_0_rdfifo_inst/inst_fifo_gen/gconvfifo.rf/grf.rf/rstblk/ngwrdrst.grst.g7serrst.wr_rst_reg_reg[0]/C
  -------------------------------------------------------------------    -------------------
    SLICE_X111Y105       FDPE (Prop_EFF_SLICEL_C_Q)
                                                      0.114     0.285 f  dbg_hub/inst/BSCANID.u_xsdbm_id/CORE_XSDB.UUT_MASTER/U_ICON_INTERFACE/U_CMD6_RD/U_RD_FIFO/SUBCORE_FIFO.xsdbm_v3_0_0_rdfifo_inst/inst_fifo_gen/gconvfifo.rf/grf.rf/rstblk/ngwrdrst.grst.g7serrst.wr_rst_reg_reg[0]/Q
                         net (fo=18, estimated)       0.575     0.860    dbg_hub/inst/BSCANID.u_xsdbm_id/CORE_XSDB.UUT_MASTER/U_ICON_INTERFACE/U_CMD6_RD/U_RD_FIFO/SUBCORE_FIFO.xsdbm_v3_0_0_rdfifo_inst/inst_fifo_gen/gconvfifo.rf/grf.rf/gntv_or_sync_fifo.gcx.clkx/AR[0]
    SLICE_X108Y108       FDCE                                         f  dbg_hub/inst/BSCANID.u_xsdbm_id/CORE_XSDB.UUT_MASTER/U_ICON_INTERFACE/U_CMD6_RD/U_RD_FIFO/SUBCORE_FIFO.xsdbm_v3_0_0_rdfifo_inst/inst_fifo_gen/gconvfifo.rf/grf.rf/gntv_or_sync_fifo.gcx.clkx/gnxpm_cdc.wr_pntr_gc_reg[2]/CLR
  -------------------------------------------------------------------    -------------------

                         (clock clk_200m_mmcm rise edge)
                                                      5.000     5.000 r  
    AL14                                              0.000     5.000 r  clk_50m (IN)
                         net (fo=0)                   0.000     5.000    clock_input_buffer/I
    AL14                 INBUF (Prop_INBUF_HRIO_PAD_O)
                                                      0.656     5.656 r  clock_input_buffer/INBUF_INST/O
                         net (fo=1, routed)           0.059     5.715    clock_input_buffer/OUT
    AL14                 IBUFCTRL (Prop_IBUFCTRL_HRIO_I_O)
                                                      0.032     5.747 r  clock_input_buffer/IBUFCTRL_INST/O
                         net (fo=1, estimated)        0.778     6.525    clk_50m_ibuf
    MMCME3_ADV_X2Y1      MMCME3_ADV (Prop_MMCME3_ADV_CLKIN1_CLKOUT0)
                                                     -5.289     1.236 r  clock_manager/CLKOUT0
                         net (fo=1, estimated)        0.372     1.608    clk_200m_mmcm
    BUFGCE_X2Y24         BUFGCE (Prop_BUFCE_BUFGCE_I_O)
                                                      0.075     1.683 r  system_clock_buffer/O
    X2Y2 (CLOCK_ROOT)    net (fo=29087, estimated)    2.939     4.622    dbg_hub/inst/BSCANID.u_xsdbm_id/CORE_XSDB.UUT_MASTER/U_ICON_INTERFACE/U_CMD6_RD/U_RD_FIFO/SUBCORE_FIFO.xsdbm_v3_0_0_rdfifo_inst/inst_fifo_gen/gconvfifo.rf/grf.rf/gntv_or_sync_fifo.gcx.clkx/wr_clk
    SLICE_X108Y108       FDCE                                         r  dbg_hub/inst/BSCANID.u_xsdbm_id/CORE_XSDB.UUT_MASTER/U_ICON_INTERFACE/U_CMD6_RD/U_RD_FIFO/SUBCORE_FIFO.xsdbm_v3_0_0_rdfifo_inst/inst_fifo_gen/gconvfifo.rf/grf.rf/gntv_or_sync_fifo.gcx.clkx/gnxpm_cdc.wr_pntr_gc_reg[2]/C
                         clock pessimism              0.389     5.010    
                         clock uncertainty           -0.245     4.765    
    SLICE_X108Y108       FDCE (Recov_HFF_SLICEL_C_CLR)
                                                     -0.082     4.683    dbg_hub/inst/BSCANID.u_xsdbm_id/CORE_XSDB.UUT_MASTER/U_ICON_INTERFACE/U_CMD6_RD/U_RD_FIFO/SUBCORE_FIFO.xsdbm_v3_0_0_rdfifo_inst/inst_fifo_gen/gconvfifo.rf/grf.rf/gntv_or_sync_fifo.gcx.clkx/gnxpm_cdc.wr_pntr_gc_reg[2]
  -------------------------------------------------------------------
                         required time                          4.683    
                         arrival time                          -0.860    
  -------------------------------------------------------------------
                         slack                                  3.823    

Slack (MET) :             3.823ns  (required time - arrival time)
  Source:                 dbg_hub/inst/BSCANID.u_xsdbm_id/CORE_XSDB.UUT_MASTER/U_ICON_INTERFACE/U_CMD6_RD/U_RD_FIFO/SUBCORE_FIFO.xsdbm_v3_0_0_rdfifo_inst/inst_fifo_gen/gconvfifo.rf/grf.rf/rstblk/ngwrdrst.grst.g7serrst.wr_rst_reg_reg[0]/C
                            (rising edge-triggered cell FDPE clocked by clk_200m_mmcm  {rise@0.000ns fall@2.500ns period=5.000ns})
  Destination:            dbg_hub/inst/BSCANID.u_xsdbm_id/CORE_XSDB.UUT_MASTER/U_ICON_INTERFACE/U_CMD6_RD/U_RD_FIFO/SUBCORE_FIFO.xsdbm_v3_0_0_rdfifo_inst/inst_fifo_gen/gconvfifo.rf/grf.rf/gntv_or_sync_fifo.gcx.clkx/gnxpm_cdc.wr_pntr_gc_reg[3]/CLR
                            (recovery check against rising-edge clock clk_200m_mmcm  {rise@0.000ns fall@2.500ns period=5.000ns})
  Path Group:             **async_default**
  Path Type:              Recovery (Max at Slow Process Corner)
  Requirement:            5.000ns  (clk_200m_mmcm rise@5.000ns - clk_200m_mmcm rise@0.000ns)
  Data Path Delay:        0.689ns  (logic 0.114ns (16.546%)  route 0.575ns (83.454%))
  Logic Levels:           0  
  Clock Path Skew:        -0.161ns (DCD - SCD + CPR)
    Destination Clock Delay (DCD):    -0.378ns = ( 4.622 - 5.000 ) 
    Source Clock Delay      (SCD):    0.171ns
    Clock Pessimism Removal (CPR):    0.389ns
  Clock Uncertainty:      0.245ns  ((TSJ^2 + DJ^2)^1/2) / 2 + PE + UU
    Total System Jitter     (TSJ):    0.071ns
    Discrete Jitter          (DJ):    0.056ns
    Phase Error              (PE):    0.000ns
    User Uncertainty         (UU):    0.200ns
  Clock Net Delay (Source):      3.316ns (routing 1.173ns, distribution 2.143ns)
  Clock Net Delay (Destination): 2.939ns (routing 1.079ns, distribution 1.860ns)

    Location             Delay type                Incr(ns)  Path(ns)    Netlist Resource(s)
  -------------------------------------------------------------------    -------------------
                         (clock clk_200m_mmcm rise edge)
                                                      0.000     0.000 r  
    AL14                                              0.000     0.000 r  clk_50m (IN)
                         net (fo=0)                   0.000     0.000    clock_input_buffer/I
    AL14                 INBUF (Prop_INBUF_HRIO_PAD_O)
                                                      0.922     0.922 r  clock_input_buffer/INBUF_INST/O
                         net (fo=1, routed)           0.092     1.014    clock_input_buffer/OUT
    AL14                 IBUFCTRL (Prop_IBUFCTRL_HRIO_I_O)
                                                      0.043     1.057 r  clock_input_buffer/IBUFCTRL_INST/O
                         net (fo=1, estimated)        0.865     1.922    clk_50m_ibuf
    MMCME3_ADV_X2Y1      MMCME3_ADV (Prop_MMCME3_ADV_CLKIN1_CLKOUT0)
                                                     -5.587    -3.665 r  clock_manager/CLKOUT0
                         net (fo=1, estimated)        0.437    -3.228    clk_200m_mmcm
    BUFGCE_X2Y24         BUFGCE (Prop_BUFCE_BUFGCE_I_O)
                                                      0.083    -3.145 r  system_clock_buffer/O
    X2Y2 (CLOCK_ROOT)    net (fo=29087, estimated)    3.316     0.171    dbg_hub/inst/BSCANID.u_xsdbm_id/CORE_XSDB.UUT_MASTER/U_ICON_INTERFACE/U_CMD6_RD/U_RD_FIFO/SUBCORE_FIFO.xsdbm_v3_0_0_rdfifo_inst/inst_fifo_gen/gconvfifo.rf/grf.rf/rstblk/wr_clk
    SLICE_X111Y105       FDPE                                         r  dbg_hub/inst/BSCANID.u_xsdbm_id/CORE_XSDB.UUT_MASTER/U_ICON_INTERFACE/U_CMD6_RD/U_RD_FIFO/SUBCORE_FIFO.xsdbm_v3_0_0_rdfifo_inst/inst_fifo_gen/gconvfifo.rf/grf.rf/rstblk/ngwrdrst.grst.g7serrst.wr_rst_reg_reg[0]/C
  -------------------------------------------------------------------    -------------------
    SLICE_X111Y105       FDPE (Prop_EFF_SLICEL_C_Q)
                                                      0.114     0.285 f  dbg_hub/inst/BSCANID.u_xsdbm_id/CORE_XSDB.UUT_MASTER/U_ICON_INTERFACE/U_CMD6_RD/U_RD_FIFO/SUBCORE_FIFO.xsdbm_v3_0_0_rdfifo_inst/inst_fifo_gen/gconvfifo.rf/grf.rf/rstblk/ngwrdrst.grst.g7serrst.wr_rst_reg_reg[0]/Q
                         net (fo=18, estimated)       0.575     0.860    dbg_hub/inst/BSCANID.u_xsdbm_id/CORE_XSDB.UUT_MASTER/U_ICON_INTERFACE/U_CMD6_RD/U_RD_FIFO/SUBCORE_FIFO.xsdbm_v3_0_0_rdfifo_inst/inst_fifo_gen/gconvfifo.rf/grf.rf/gntv_or_sync_fifo.gcx.clkx/AR[0]
    SLICE_X108Y108       FDCE                                         f  dbg_hub/inst/BSCANID.u_xsdbm_id/CORE_XSDB.UUT_MASTER/U_ICON_INTERFACE/U_CMD6_RD/U_RD_FIFO/SUBCORE_FIFO.xsdbm_v3_0_0_rdfifo_inst/inst_fifo_gen/gconvfifo.rf/grf.rf/gntv_or_sync_fifo.gcx.clkx/gnxpm_cdc.wr_pntr_gc_reg[3]/CLR
  -------------------------------------------------------------------    -------------------

                         (clock clk_200m_mmcm rise edge)
                                                      5.000     5.000 r  
    AL14                                              0.000     5.000 r  clk_50m (IN)
                         net (fo=0)                   0.000     5.000    clock_input_buffer/I
    AL14                 INBUF (Prop_INBUF_HRIO_PAD_O)
                                                      0.656     5.656 r  clock_input_buffer/INBUF_INST/O
                         net (fo=1, routed)           0.059     5.715    clock_input_buffer/OUT
    AL14                 IBUFCTRL (Prop_IBUFCTRL_HRIO_I_O)
                                                      0.032     5.747 r  clock_input_buffer/IBUFCTRL_INST/O
                         net (fo=1, estimated)        0.778     6.525    clk_50m_ibuf
    MMCME3_ADV_X2Y1      MMCME3_ADV (Prop_MMCME3_ADV_CLKIN1_CLKOUT0)
                                                     -5.289     1.236 r  clock_manager/CLKOUT0
                         net (fo=1, estimated)        0.372     1.608    clk_200m_mmcm
    BUFGCE_X2Y24         BUFGCE (Prop_BUFCE_BUFGCE_I_O)
                                                      0.075     1.683 r  system_clock_buffer/O
    X2Y2 (CLOCK_ROOT)    net (fo=29087, estimated)    2.939     4.622    dbg_hub/inst/BSCANID.u_xsdbm_id/CORE_XSDB.UUT_MASTER/U_ICON_INTERFACE/U_CMD6_RD/U_RD_FIFO/SUBCORE_FIFO.xsdbm_v3_0_0_rdfifo_inst/inst_fifo_gen/gconvfifo.rf/grf.rf/gntv_or_sync_fifo.gcx.clkx/wr_clk
    SLICE_X108Y108       FDCE                                         r  dbg_hub/inst/BSCANID.u_xsdbm_id/CORE_XSDB.UUT_MASTER/U_ICON_INTERFACE/U_CMD6_RD/U_RD_FIFO/SUBCORE_FIFO.xsdbm_v3_0_0_rdfifo_inst/inst_fifo_gen/gconvfifo.rf/grf.rf/gntv_or_sync_fifo.gcx.clkx/gnxpm_cdc.wr_pntr_gc_reg[3]/C
                         clock pessimism              0.389     5.010    
                         clock uncertainty           -0.245     4.765    
    SLICE_X108Y108       FDCE (Recov_EFF_SLICEL_C_CLR)
                                                     -0.082     4.683    dbg_hub/inst/BSCANID.u_xsdbm_id/CORE_XSDB.UUT_MASTER/U_ICON_INTERFACE/U_CMD6_RD/U_RD_FIFO/SUBCORE_FIFO.xsdbm_v3_0_0_rdfifo_inst/inst_fifo_gen/gconvfifo.rf/grf.rf/gntv_or_sync_fifo.gcx.clkx/gnxpm_cdc.wr_pntr_gc_reg[3]
  -------------------------------------------------------------------
                         required time                          4.683    
                         arrival time                          -0.860    
  -------------------------------------------------------------------
                         slack                                  3.823    

Slack (MET) :             3.828ns  (required time - arrival time)
  Source:                 dbg_hub/inst/BSCANID.u_xsdbm_id/CORE_XSDB.UUT_MASTER/U_ICON_INTERFACE/U_CMD6_RD/U_RD_FIFO/SUBCORE_FIFO.xsdbm_v3_0_0_rdfifo_inst/inst_fifo_gen/gconvfifo.rf/grf.rf/rstblk/ngwrdrst.grst.g7serrst.wr_rst_reg_reg[0]/C
                            (rising edge-triggered cell FDPE clocked by clk_200m_mmcm  {rise@0.000ns fall@2.500ns period=5.000ns})
  Destination:            dbg_hub/inst/BSCANID.u_xsdbm_id/CORE_XSDB.UUT_MASTER/U_ICON_INTERFACE/U_CMD6_RD/U_RD_FIFO/SUBCORE_FIFO.xsdbm_v3_0_0_rdfifo_inst/inst_fifo_gen/gconvfifo.rf/grf.rf/gntv_or_sync_fifo.gcx.clkx/gnxpm_cdc.gsync_stage[1].wr_stg_inst/Q_reg_reg[2]/CLR
                            (recovery check against rising-edge clock clk_200m_mmcm  {rise@0.000ns fall@2.500ns period=5.000ns})
  Path Group:             **async_default**
  Path Type:              Recovery (Max at Slow Process Corner)
  Requirement:            5.000ns  (clk_200m_mmcm rise@5.000ns - clk_200m_mmcm rise@0.000ns)
  Data Path Delay:        0.685ns  (logic 0.114ns (16.642%)  route 0.571ns (83.358%))
  Logic Levels:           0  
  Clock Path Skew:        -0.160ns (DCD - SCD + CPR)
    Destination Clock Delay (DCD):    -0.377ns = ( 4.623 - 5.000 ) 
    Source Clock Delay      (SCD):    0.171ns
    Clock Pessimism Removal (CPR):    0.389ns
  Clock Uncertainty:      0.245ns  ((TSJ^2 + DJ^2)^1/2) / 2 + PE + UU
    Total System Jitter     (TSJ):    0.071ns
    Discrete Jitter          (DJ):    0.056ns
    Phase Error              (PE):    0.000ns
    User Uncertainty         (UU):    0.200ns
  Clock Net Delay (Source):      3.316ns (routing 1.173ns, distribution 2.143ns)
  Clock Net Delay (Destination): 2.940ns (routing 1.079ns, distribution 1.861ns)

    Location             Delay type                Incr(ns)  Path(ns)    Netlist Resource(s)
  -------------------------------------------------------------------    -------------------
                         (clock clk_200m_mmcm rise edge)
                                                      0.000     0.000 r  
    AL14                                              0.000     0.000 r  clk_50m (IN)
                         net (fo=0)                   0.000     0.000    clock_input_buffer/I
    AL14                 INBUF (Prop_INBUF_HRIO_PAD_O)
                                                      0.922     0.922 r  clock_input_buffer/INBUF_INST/O
                         net (fo=1, routed)           0.092     1.014    clock_input_buffer/OUT
    AL14                 IBUFCTRL (Prop_IBUFCTRL_HRIO_I_O)
                                                      0.043     1.057 r  clock_input_buffer/IBUFCTRL_INST/O
                         net (fo=1, estimated)        0.865     1.922    clk_50m_ibuf
    MMCME3_ADV_X2Y1      MMCME3_ADV (Prop_MMCME3_ADV_CLKIN1_CLKOUT0)
                                                     -5.587    -3.665 r  clock_manager/CLKOUT0
                         net (fo=1, estimated)        0.437    -3.228    clk_200m_mmcm
    BUFGCE_X2Y24         BUFGCE (Prop_BUFCE_BUFGCE_I_O)
                                                      0.083    -3.145 r  system_clock_buffer/O
    X2Y2 (CLOCK_ROOT)    net (fo=29087, estimated)    3.316     0.171    dbg_hub/inst/BSCANID.u_xsdbm_id/CORE_XSDB.UUT_MASTER/U_ICON_INTERFACE/U_CMD6_RD/U_RD_FIFO/SUBCORE_FIFO.xsdbm_v3_0_0_rdfifo_inst/inst_fifo_gen/gconvfifo.rf/grf.rf/rstblk/wr_clk
    SLICE_X111Y105       FDPE                                         r  dbg_hub/inst/BSCANID.u_xsdbm_id/CORE_XSDB.UUT_MASTER/U_ICON_INTERFACE/U_CMD6_RD/U_RD_FIFO/SUBCORE_FIFO.xsdbm_v3_0_0_rdfifo_inst/inst_fifo_gen/gconvfifo.rf/grf.rf/rstblk/ngwrdrst.grst.g7serrst.wr_rst_reg_reg[0]/C
  -------------------------------------------------------------------    -------------------
    SLICE_X111Y105       FDPE (Prop_EFF_SLICEL_C_Q)
                                                      0.114     0.285 f  dbg_hub/inst/BSCANID.u_xsdbm_id/CORE_XSDB.UUT_MASTER/U_ICON_INTERFACE/U_CMD6_RD/U_RD_FIFO/SUBCORE_FIFO.xsdbm_v3_0_0_rdfifo_inst/inst_fifo_gen/gconvfifo.rf/grf.rf/rstblk/ngwrdrst.grst.g7serrst.wr_rst_reg_reg[0]/Q
                         net (fo=18, estimated)       0.571     0.856    dbg_hub/inst/BSCANID.u_xsdbm_id/CORE_XSDB.UUT_MASTER/U_ICON_INTERFACE/U_CMD6_RD/U_RD_FIFO/SUBCORE_FIFO.xsdbm_v3_0_0_rdfifo_inst/inst_fifo_gen/gconvfifo.rf/grf.rf/gntv_or_sync_fifo.gcx.clkx/gnxpm_cdc.gsync_stage[1].wr_stg_inst/AR[0]
    SLICE_X108Y107       FDCE                                         f  dbg_hub/inst/BSCANID.u_xsdbm_id/CORE_XSDB.UUT_MASTER/U_ICON_INTERFACE/U_CMD6_RD/U_RD_FIFO/SUBCORE_FIFO.xsdbm_v3_0_0_rdfifo_inst/inst_fifo_gen/gconvfifo.rf/grf.rf/gntv_or_sync_fifo.gcx.clkx/gnxpm_cdc.gsync_stage[1].wr_stg_inst/Q_reg_reg[2]/CLR
  -------------------------------------------------------------------    -------------------

                         (clock clk_200m_mmcm rise edge)
                                                      5.000     5.000 r  
    AL14                                              0.000     5.000 r  clk_50m (IN)
                         net (fo=0)                   0.000     5.000    clock_input_buffer/I
    AL14                 INBUF (Prop_INBUF_HRIO_PAD_O)
                                                      0.656     5.656 r  clock_input_buffer/INBUF_INST/O
                         net (fo=1, routed)           0.059     5.715    clock_input_buffer/OUT
    AL14                 IBUFCTRL (Prop_IBUFCTRL_HRIO_I_O)
                                                      0.032     5.747 r  clock_input_buffer/IBUFCTRL_INST/O
                         net (fo=1, estimated)        0.778     6.525    clk_50m_ibuf
    MMCME3_ADV_X2Y1      MMCME3_ADV (Prop_MMCME3_ADV_CLKIN1_CLKOUT0)
                                                     -5.289     1.236 r  clock_manager/CLKOUT0
                         net (fo=1, estimated)        0.372     1.608    clk_200m_mmcm
    BUFGCE_X2Y24         BUFGCE (Prop_BUFCE_BUFGCE_I_O)
                                                      0.075     1.683 r  system_clock_buffer/O
    X2Y2 (CLOCK_ROOT)    net (fo=29087, estimated)    2.940     4.623    dbg_hub/inst/BSCANID.u_xsdbm_id/CORE_XSDB.UUT_MASTER/U_ICON_INTERFACE/U_CMD6_RD/U_RD_FIFO/SUBCORE_FIFO.xsdbm_v3_0_0_rdfifo_inst/inst_fifo_gen/gconvfifo.rf/grf.rf/gntv_or_sync_fifo.gcx.clkx/gnxpm_cdc.gsync_stage[1].wr_stg_inst/wr_clk
    SLICE_X108Y107       FDCE                                         r  dbg_hub/inst/BSCANID.u_xsdbm_id/CORE_XSDB.UUT_MASTER/U_ICON_INTERFACE/U_CMD6_RD/U_RD_FIFO/SUBCORE_FIFO.xsdbm_v3_0_0_rdfifo_inst/inst_fifo_gen/gconvfifo.rf/grf.rf/gntv_or_sync_fifo.gcx.clkx/gnxpm_cdc.gsync_stage[1].wr_stg_inst/Q_reg_reg[2]/C
                         clock pessimism              0.389     5.011    
                         clock uncertainty           -0.245     4.766    
    SLICE_X108Y107       FDCE (Recov_CFF2_SLICEL_C_CLR)
                                                     -0.082     4.684    dbg_hub/inst/BSCANID.u_xsdbm_id/CORE_XSDB.UUT_MASTER/U_ICON_INTERFACE/U_CMD6_RD/U_RD_FIFO/SUBCORE_FIFO.xsdbm_v3_0_0_rdfifo_inst/inst_fifo_gen/gconvfifo.rf/grf.rf/gntv_or_sync_fifo.gcx.clkx/gnxpm_cdc.gsync_stage[1].wr_stg_inst/Q_reg_reg[2]
  -------------------------------------------------------------------
                         required time                          4.684    
                         arrival time                          -0.856    
  -------------------------------------------------------------------
                         slack                                  3.828    





---------------------------------------------------------------------------------------------------
Path Group:  **async_default**
From Clock:  dbg_hub/inst/BSCANID.u_xsdbm_id/SWITCH_N_EXT_BSCAN.bscan_inst/SERIES7_BSCAN.bscan_inst/TCK
  To Clock:  dbg_hub/inst/BSCANID.u_xsdbm_id/SWITCH_N_EXT_BSCAN.bscan_inst/SERIES7_BSCAN.bscan_inst/TCK

Setup :            0  Failing Endpoints,  Worst Slack       31.228ns,  Total Violation        0.000ns
Hold  :           NA  Failing Endpoints,  Worst Slack           NA  ,  Total Violation           NA
---------------------------------------------------------------------------------------------------


Max Delay Paths
--------------------------------------------------------------------------------------
Slack (MET) :             31.228ns  (required time - arrival time)
  Source:                 dbg_hub/inst/BSCANID.u_xsdbm_id/SWITCH_N_EXT_BSCAN.bscan_switch/portno_reg[3]/C
                            (rising edge-triggered cell FDRE clocked by dbg_hub/inst/BSCANID.u_xsdbm_id/SWITCH_N_EXT_BSCAN.bscan_inst/SERIES7_BSCAN.bscan_inst/TCK  {rise@0.000ns fall@16.500ns period=33.000ns})
  Destination:            dbg_hub/inst/BSCANID.u_xsdbm_id/CORE_XSDB.U_ICON/U_CMD/iTARGET_reg[10]/CLR
                            (recovery check against rising-edge clock dbg_hub/inst/BSCANID.u_xsdbm_id/SWITCH_N_EXT_BSCAN.bscan_inst/SERIES7_BSCAN.bscan_inst/TCK  {rise@0.000ns fall@16.500ns period=33.000ns})
  Path Group:             **async_default**
  Path Type:              Recovery (Max at Slow Process Corner)
  Requirement:            33.000ns  (dbg_hub/inst/BSCANID.u_xsdbm_id/SWITCH_N_EXT_BSCAN.bscan_inst/SERIES7_BSCAN.bscan_inst/TCK rise@33.000ns - dbg_hub/inst/BSCANID.u_xsdbm_id/SWITCH_N_EXT_BSCAN.bscan_inst/SERIES7_BSCAN.bscan_inst/TCK rise@0.000ns)
  Data Path Delay:        1.517ns  (logic 0.403ns (26.566%)  route 1.114ns (73.434%))
  Logic Levels:           2  (LUT4=1 LUT6=1)
  Clock Path Skew:        -0.138ns (DCD - SCD + CPR)
    Destination Clock Delay (DCD):    8.114ns = ( 41.114 - 33.000 ) 
    Source Clock Delay      (SCD):    8.759ns
    Clock Pessimism Removal (CPR):    0.507ns
  Clock Uncertainty:      0.035ns  ((TSJ^2 + TIJ^2)^1/2 + DJ) / 2 + PE
    Total System Jitter     (TSJ):    0.071ns
    Total Input Jitter      (TIJ):    0.000ns
    Discrete Jitter          (DJ):    0.000ns
    Phase Error              (PE):    0.000ns
  Clock Net Delay (Source):      3.297ns (routing 2.034ns, distribution 1.263ns)
  Clock Net Delay (Destination): 2.940ns (routing 1.867ns, distribution 1.073ns)

    Location             Delay type                Incr(ns)  Path(ns)    Netlist Resource(s)
  -------------------------------------------------------------------    -------------------
                         (clock dbg_hub/inst/BSCANID.u_xsdbm_id/SWITCH_N_EXT_BSCAN.bscan_inst/SERIES7_BSCAN.bscan_inst/TCK rise edge)
                                                      0.000     0.000 r  
    CONFIG_SITE_X0Y0     BSCANE2                      0.000     0.000 r  dbg_hub/inst/BSCANID.u_xsdbm_id/SWITCH_N_EXT_BSCAN.bscan_inst/SERIES7_BSCAN.bscan_inst/TCK
                         net (fo=1, estimated)        5.379     5.379    dbg_hub/inst/BSCANID.u_xsdbm_id/tck_bs
    BUFGCE_X1Y119        BUFGCE (Prop_BUFCE_BUFGCE_I_O)
                                                      0.083     5.462 r  dbg_hub/inst/BSCANID.u_xsdbm_id/SWITCH_N_EXT_BSCAN.u_bufg_icon_tck/O
    X4Y1 (CLOCK_ROOT)    net (fo=478, estimated)      3.297     8.759    dbg_hub/inst/BSCANID.u_xsdbm_id/SWITCH_N_EXT_BSCAN.bscan_switch/s_bscan_tck
    SLICE_X116Y102       FDRE                                         r  dbg_hub/inst/BSCANID.u_xsdbm_id/SWITCH_N_EXT_BSCAN.bscan_switch/portno_reg[3]/C
  -------------------------------------------------------------------    -------------------
    SLICE_X116Y102       FDRE (Prop_FFF_SLICEL_C_Q)
                                                      0.114     8.873 f  dbg_hub/inst/BSCANID.u_xsdbm_id/SWITCH_N_EXT_BSCAN.bscan_switch/portno_reg[3]/Q
                         net (fo=1, estimated)        0.213     9.086    dbg_hub/inst/BSCANID.u_xsdbm_id/SWITCH_N_EXT_BSCAN.bscan_switch/portno[3]
    SLICE_X116Y102       LUT6 (Prop_H6LUT_SLICEL_I0_O)
                                                      0.188     9.274 f  dbg_hub/inst/BSCANID.u_xsdbm_id/SWITCH_N_EXT_BSCAN.bscan_switch/m_bscan_drck[0]_INST_0_i_1/O
                         net (fo=5, estimated)        0.260     9.534    dbg_hub/inst/BSCANID.u_xsdbm_id/SWITCH_N_EXT_BSCAN.bscan_switch/m_bscan_drck[0]_INST_0_i_1_n_0
    SLICE_X115Y102       LUT4 (Prop_B5LUT_SLICEM_I3_O)
                                                      0.101     9.635 r  dbg_hub/inst/BSCANID.u_xsdbm_id/SWITCH_N_EXT_BSCAN.bscan_switch/m_bscan_sel[0]_INST_0/O
                         net (fo=11, estimated)       0.641    10.276    dbg_hub/inst/BSCANID.u_xsdbm_id/CORE_XSDB.U_ICON/U_CMD/iTARGET_reg[6]_0
    SLICE_X114Y109       FDCE                                         f  dbg_hub/inst/BSCANID.u_xsdbm_id/CORE_XSDB.U_ICON/U_CMD/iTARGET_reg[10]/CLR  (IS_INVERTED)
  -------------------------------------------------------------------    -------------------

                         (clock dbg_hub/inst/BSCANID.u_xsdbm_id/SWITCH_N_EXT_BSCAN.bscan_inst/SERIES7_BSCAN.bscan_inst/TCK rise edge)
                                                     33.000    33.000 r  
    CONFIG_SITE_X0Y0     BSCANE2                      0.000    33.000 r  dbg_hub/inst/BSCANID.u_xsdbm_id/SWITCH_N_EXT_BSCAN.bscan_inst/SERIES7_BSCAN.bscan_inst/TCK
                         net (fo=1, estimated)        5.099    38.099    dbg_hub/inst/BSCANID.u_xsdbm_id/tck_bs
    BUFGCE_X1Y119        BUFGCE (Prop_BUFCE_BUFGCE_I_O)
                                                      0.075    38.174 r  dbg_hub/inst/BSCANID.u_xsdbm_id/SWITCH_N_EXT_BSCAN.u_bufg_icon_tck/O
    X4Y1 (CLOCK_ROOT)    net (fo=478, estimated)      2.940    41.114    dbg_hub/inst/BSCANID.u_xsdbm_id/CORE_XSDB.U_ICON/U_CMD/m_bscan_tck[0]
    SLICE_X114Y109       FDCE                                         r  dbg_hub/inst/BSCANID.u_xsdbm_id/CORE_XSDB.U_ICON/U_CMD/iTARGET_reg[10]/C
                         clock pessimism              0.507    41.621    
                         clock uncertainty           -0.035    41.586    
    SLICE_X114Y109       FDCE (Recov_EFF_SLICEL_C_CLR)
                                                     -0.082    41.504    dbg_hub/inst/BSCANID.u_xsdbm_id/CORE_XSDB.U_ICON/U_CMD/iTARGET_reg[10]
  -------------------------------------------------------------------
                         required time                         41.504    
                         arrival time                         -10.276    
  -------------------------------------------------------------------
                         slack                                 31.228    

Slack (MET) :             31.228ns  (required time - arrival time)
  Source:                 dbg_hub/inst/BSCANID.u_xsdbm_id/SWITCH_N_EXT_BSCAN.bscan_switch/portno_reg[3]/C
                            (rising edge-triggered cell FDRE clocked by dbg_hub/inst/BSCANID.u_xsdbm_id/SWITCH_N_EXT_BSCAN.bscan_inst/SERIES7_BSCAN.bscan_inst/TCK  {rise@0.000ns fall@16.500ns period=33.000ns})
  Destination:            dbg_hub/inst/BSCANID.u_xsdbm_id/CORE_XSDB.U_ICON/U_CMD/iTARGET_reg[11]/CLR
                            (recovery check against rising-edge clock dbg_hub/inst/BSCANID.u_xsdbm_id/SWITCH_N_EXT_BSCAN.bscan_inst/SERIES7_BSCAN.bscan_inst/TCK  {rise@0.000ns fall@16.500ns period=33.000ns})
  Path Group:             **async_default**
  Path Type:              Recovery (Max at Slow Process Corner)
  Requirement:            33.000ns  (dbg_hub/inst/BSCANID.u_xsdbm_id/SWITCH_N_EXT_BSCAN.bscan_inst/SERIES7_BSCAN.bscan_inst/TCK rise@33.000ns - dbg_hub/inst/BSCANID.u_xsdbm_id/SWITCH_N_EXT_BSCAN.bscan_inst/SERIES7_BSCAN.bscan_inst/TCK rise@0.000ns)
  Data Path Delay:        1.517ns  (logic 0.403ns (26.566%)  route 1.114ns (73.434%))
  Logic Levels:           2  (LUT4=1 LUT6=1)
  Clock Path Skew:        -0.138ns (DCD - SCD + CPR)
    Destination Clock Delay (DCD):    8.114ns = ( 41.114 - 33.000 ) 
    Source Clock Delay      (SCD):    8.759ns
    Clock Pessimism Removal (CPR):    0.507ns
  Clock Uncertainty:      0.035ns  ((TSJ^2 + TIJ^2)^1/2 + DJ) / 2 + PE
    Total System Jitter     (TSJ):    0.071ns
    Total Input Jitter      (TIJ):    0.000ns
    Discrete Jitter          (DJ):    0.000ns
    Phase Error              (PE):    0.000ns
  Clock Net Delay (Source):      3.297ns (routing 2.034ns, distribution 1.263ns)
  Clock Net Delay (Destination): 2.940ns (routing 1.867ns, distribution 1.073ns)

    Location             Delay type                Incr(ns)  Path(ns)    Netlist Resource(s)
  -------------------------------------------------------------------    -------------------
                         (clock dbg_hub/inst/BSCANID.u_xsdbm_id/SWITCH_N_EXT_BSCAN.bscan_inst/SERIES7_BSCAN.bscan_inst/TCK rise edge)
                                                      0.000     0.000 r  
    CONFIG_SITE_X0Y0     BSCANE2                      0.000     0.000 r  dbg_hub/inst/BSCANID.u_xsdbm_id/SWITCH_N_EXT_BSCAN.bscan_inst/SERIES7_BSCAN.bscan_inst/TCK
                         net (fo=1, estimated)        5.379     5.379    dbg_hub/inst/BSCANID.u_xsdbm_id/tck_bs
    BUFGCE_X1Y119        BUFGCE (Prop_BUFCE_BUFGCE_I_O)
                                                      0.083     5.462 r  dbg_hub/inst/BSCANID.u_xsdbm_id/SWITCH_N_EXT_BSCAN.u_bufg_icon_tck/O
    X4Y1 (CLOCK_ROOT)    net (fo=478, estimated)      3.297     8.759    dbg_hub/inst/BSCANID.u_xsdbm_id/SWITCH_N_EXT_BSCAN.bscan_switch/s_bscan_tck
    SLICE_X116Y102       FDRE                                         r  dbg_hub/inst/BSCANID.u_xsdbm_id/SWITCH_N_EXT_BSCAN.bscan_switch/portno_reg[3]/C
  -------------------------------------------------------------------    -------------------
    SLICE_X116Y102       FDRE (Prop_FFF_SLICEL_C_Q)
                                                      0.114     8.873 f  dbg_hub/inst/BSCANID.u_xsdbm_id/SWITCH_N_EXT_BSCAN.bscan_switch/portno_reg[3]/Q
                         net (fo=1, estimated)        0.213     9.086    dbg_hub/inst/BSCANID.u_xsdbm_id/SWITCH_N_EXT_BSCAN.bscan_switch/portno[3]
    SLICE_X116Y102       LUT6 (Prop_H6LUT_SLICEL_I0_O)
                                                      0.188     9.274 f  dbg_hub/inst/BSCANID.u_xsdbm_id/SWITCH_N_EXT_BSCAN.bscan_switch/m_bscan_drck[0]_INST_0_i_1/O
                         net (fo=5, estimated)        0.260     9.534    dbg_hub/inst/BSCANID.u_xsdbm_id/SWITCH_N_EXT_BSCAN.bscan_switch/m_bscan_drck[0]_INST_0_i_1_n_0
    SLICE_X115Y102       LUT4 (Prop_B5LUT_SLICEM_I3_O)
                                                      0.101     9.635 r  dbg_hub/inst/BSCANID.u_xsdbm_id/SWITCH_N_EXT_BSCAN.bscan_switch/m_bscan_sel[0]_INST_0/O
                         net (fo=11, estimated)       0.641    10.276    dbg_hub/inst/BSCANID.u_xsdbm_id/CORE_XSDB.U_ICON/U_CMD/iTARGET_reg[6]_0
    SLICE_X114Y109       FDCE                                         f  dbg_hub/inst/BSCANID.u_xsdbm_id/CORE_XSDB.U_ICON/U_CMD/iTARGET_reg[11]/CLR  (IS_INVERTED)
  -------------------------------------------------------------------    -------------------

                         (clock dbg_hub/inst/BSCANID.u_xsdbm_id/SWITCH_N_EXT_BSCAN.bscan_inst/SERIES7_BSCAN.bscan_inst/TCK rise edge)
                                                     33.000    33.000 r  
    CONFIG_SITE_X0Y0     BSCANE2                      0.000    33.000 r  dbg_hub/inst/BSCANID.u_xsdbm_id/SWITCH_N_EXT_BSCAN.bscan_inst/SERIES7_BSCAN.bscan_inst/TCK
                         net (fo=1, estimated)        5.099    38.099    dbg_hub/inst/BSCANID.u_xsdbm_id/tck_bs
    BUFGCE_X1Y119        BUFGCE (Prop_BUFCE_BUFGCE_I_O)
                                                      0.075    38.174 r  dbg_hub/inst/BSCANID.u_xsdbm_id/SWITCH_N_EXT_BSCAN.u_bufg_icon_tck/O
    X4Y1 (CLOCK_ROOT)    net (fo=478, estimated)      2.940    41.114    dbg_hub/inst/BSCANID.u_xsdbm_id/CORE_XSDB.U_ICON/U_CMD/m_bscan_tck[0]
    SLICE_X114Y109       FDCE                                         r  dbg_hub/inst/BSCANID.u_xsdbm_id/CORE_XSDB.U_ICON/U_CMD/iTARGET_reg[11]/C
                         clock pessimism              0.507    41.621    
                         clock uncertainty           -0.035    41.586    
    SLICE_X114Y109       FDCE (Recov_EFF2_SLICEL_C_CLR)
                                                     -0.082    41.504    dbg_hub/inst/BSCANID.u_xsdbm_id/CORE_XSDB.U_ICON/U_CMD/iTARGET_reg[11]
  -------------------------------------------------------------------
                         required time                         41.504    
                         arrival time                         -10.276    
  -------------------------------------------------------------------
                         slack                                 31.228    

Slack (MET) :             31.271ns  (required time - arrival time)
  Source:                 dbg_hub/inst/BSCANID.u_xsdbm_id/SWITCH_N_EXT_BSCAN.bscan_switch/portno_reg[3]/C
                            (rising edge-triggered cell FDRE clocked by dbg_hub/inst/BSCANID.u_xsdbm_id/SWITCH_N_EXT_BSCAN.bscan_inst/SERIES7_BSCAN.bscan_inst/TCK  {rise@0.000ns fall@16.500ns period=33.000ns})
  Destination:            dbg_hub/inst/BSCANID.u_xsdbm_id/CORE_XSDB.U_ICON/U_CMD/iTARGET_reg[12]/CLR
                            (recovery check against rising-edge clock dbg_hub/inst/BSCANID.u_xsdbm_id/SWITCH_N_EXT_BSCAN.bscan_inst/SERIES7_BSCAN.bscan_inst/TCK  {rise@0.000ns fall@16.500ns period=33.000ns})
  Path Group:             **async_default**
  Path Type:              Recovery (Max at Slow Process Corner)
  Requirement:            33.000ns  (dbg_hub/inst/BSCANID.u_xsdbm_id/SWITCH_N_EXT_BSCAN.bscan_inst/SERIES7_BSCAN.bscan_inst/TCK rise@33.000ns - dbg_hub/inst/BSCANID.u_xsdbm_id/SWITCH_N_EXT_BSCAN.bscan_inst/SERIES7_BSCAN.bscan_inst/TCK rise@0.000ns)
  Data Path Delay:        1.475ns  (logic 0.403ns (27.322%)  route 1.072ns (72.678%))
  Logic Levels:           2  (LUT4=1 LUT6=1)
  Clock Path Skew:        -0.137ns (DCD - SCD + CPR)
    Destination Clock Delay (DCD):    8.115ns = ( 41.115 - 33.000 ) 
    Source Clock Delay      (SCD):    8.759ns
    Clock Pessimism Removal (CPR):    0.507ns
  Clock Uncertainty:      0.035ns  ((TSJ^2 + TIJ^2)^1/2 + DJ) / 2 + PE
    Total System Jitter     (TSJ):    0.071ns
    Total Input Jitter      (TIJ):    0.000ns
    Discrete Jitter          (DJ):    0.000ns
    Phase Error              (PE):    0.000ns
  Clock Net Delay (Source):      3.297ns (routing 2.034ns, distribution 1.263ns)
  Clock Net Delay (Destination): 2.941ns (routing 1.867ns, distribution 1.074ns)

    Location             Delay type                Incr(ns)  Path(ns)    Netlist Resource(s)
  -------------------------------------------------------------------    -------------------
                         (clock dbg_hub/inst/BSCANID.u_xsdbm_id/SWITCH_N_EXT_BSCAN.bscan_inst/SERIES7_BSCAN.bscan_inst/TCK rise edge)
                                                      0.000     0.000 r  
    CONFIG_SITE_X0Y0     BSCANE2                      0.000     0.000 r  dbg_hub/inst/BSCANID.u_xsdbm_id/SWITCH_N_EXT_BSCAN.bscan_inst/SERIES7_BSCAN.bscan_inst/TCK
                         net (fo=1, estimated)        5.379     5.379    dbg_hub/inst/BSCANID.u_xsdbm_id/tck_bs
    BUFGCE_X1Y119        BUFGCE (Prop_BUFCE_BUFGCE_I_O)
                                                      0.083     5.462 r  dbg_hub/inst/BSCANID.u_xsdbm_id/SWITCH_N_EXT_BSCAN.u_bufg_icon_tck/O
    X4Y1 (CLOCK_ROOT)    net (fo=478, estimated)      3.297     8.759    dbg_hub/inst/BSCANID.u_xsdbm_id/SWITCH_N_EXT_BSCAN.bscan_switch/s_bscan_tck
    SLICE_X116Y102       FDRE                                         r  dbg_hub/inst/BSCANID.u_xsdbm_id/SWITCH_N_EXT_BSCAN.bscan_switch/portno_reg[3]/C
  -------------------------------------------------------------------    -------------------
    SLICE_X116Y102       FDRE (Prop_FFF_SLICEL_C_Q)
                                                      0.114     8.873 f  dbg_hub/inst/BSCANID.u_xsdbm_id/SWITCH_N_EXT_BSCAN.bscan_switch/portno_reg[3]/Q
                         net (fo=1, estimated)        0.213     9.086    dbg_hub/inst/BSCANID.u_xsdbm_id/SWITCH_N_EXT_BSCAN.bscan_switch/portno[3]
    SLICE_X116Y102       LUT6 (Prop_H6LUT_SLICEL_I0_O)
                                                      0.188     9.274 f  dbg_hub/inst/BSCANID.u_xsdbm_id/SWITCH_N_EXT_BSCAN.bscan_switch/m_bscan_drck[0]_INST_0_i_1/O
                         net (fo=5, estimated)        0.260     9.534    dbg_hub/inst/BSCANID.u_xsdbm_id/SWITCH_N_EXT_BSCAN.bscan_switch/m_bscan_drck[0]_INST_0_i_1_n_0
    SLICE_X115Y102       LUT4 (Prop_B5LUT_SLICEM_I3_O)
                                                      0.101     9.635 r  dbg_hub/inst/BSCANID.u_xsdbm_id/SWITCH_N_EXT_BSCAN.bscan_switch/m_bscan_sel[0]_INST_0/O
                         net (fo=11, estimated)       0.599    10.234    dbg_hub/inst/BSCANID.u_xsdbm_id/CORE_XSDB.U_ICON/U_CMD/iTARGET_reg[6]_0
    SLICE_X114Y110       FDCE                                         f  dbg_hub/inst/BSCANID.u_xsdbm_id/CORE_XSDB.U_ICON/U_CMD/iTARGET_reg[12]/CLR  (IS_INVERTED)
  -------------------------------------------------------------------    -------------------

                         (clock dbg_hub/inst/BSCANID.u_xsdbm_id/SWITCH_N_EXT_BSCAN.bscan_inst/SERIES7_BSCAN.bscan_inst/TCK rise edge)
                                                     33.000    33.000 r  
    CONFIG_SITE_X0Y0     BSCANE2                      0.000    33.000 r  dbg_hub/inst/BSCANID.u_xsdbm_id/SWITCH_N_EXT_BSCAN.bscan_inst/SERIES7_BSCAN.bscan_inst/TCK
                         net (fo=1, estimated)        5.099    38.099    dbg_hub/inst/BSCANID.u_xsdbm_id/tck_bs
    BUFGCE_X1Y119        BUFGCE (Prop_BUFCE_BUFGCE_I_O)
                                                      0.075    38.174 r  dbg_hub/inst/BSCANID.u_xsdbm_id/SWITCH_N_EXT_BSCAN.u_bufg_icon_tck/O
    X4Y1 (CLOCK_ROOT)    net (fo=478, estimated)      2.941    41.115    dbg_hub/inst/BSCANID.u_xsdbm_id/CORE_XSDB.U_ICON/U_CMD/m_bscan_tck[0]
    SLICE_X114Y110       FDCE                                         r  dbg_hub/inst/BSCANID.u_xsdbm_id/CORE_XSDB.U_ICON/U_CMD/iTARGET_reg[12]/C
                         clock pessimism              0.507    41.622    
                         clock uncertainty           -0.035    41.587    
    SLICE_X114Y110       FDCE (Recov_EFF_SLICEL_C_CLR)
                                                     -0.082    41.505    dbg_hub/inst/BSCANID.u_xsdbm_id/CORE_XSDB.U_ICON/U_CMD/iTARGET_reg[12]
  -------------------------------------------------------------------
                         required time                         41.505    
                         arrival time                         -10.234    
  -------------------------------------------------------------------
                         slack                                 31.271    

Slack (MET) :             31.271ns  (required time - arrival time)
  Source:                 dbg_hub/inst/BSCANID.u_xsdbm_id/SWITCH_N_EXT_BSCAN.bscan_switch/portno_reg[3]/C
                            (rising edge-triggered cell FDRE clocked by dbg_hub/inst/BSCANID.u_xsdbm_id/SWITCH_N_EXT_BSCAN.bscan_inst/SERIES7_BSCAN.bscan_inst/TCK  {rise@0.000ns fall@16.500ns period=33.000ns})
  Destination:            dbg_hub/inst/BSCANID.u_xsdbm_id/CORE_XSDB.U_ICON/U_CMD/iTARGET_reg[13]/CLR
                            (recovery check against rising-edge clock dbg_hub/inst/BSCANID.u_xsdbm_id/SWITCH_N_EXT_BSCAN.bscan_inst/SERIES7_BSCAN.bscan_inst/TCK  {rise@0.000ns fall@16.500ns period=33.000ns})
  Path Group:             **async_default**
  Path Type:              Recovery (Max at Slow Process Corner)
  Requirement:            33.000ns  (dbg_hub/inst/BSCANID.u_xsdbm_id/SWITCH_N_EXT_BSCAN.bscan_inst/SERIES7_BSCAN.bscan_inst/TCK rise@33.000ns - dbg_hub/inst/BSCANID.u_xsdbm_id/SWITCH_N_EXT_BSCAN.bscan_inst/SERIES7_BSCAN.bscan_inst/TCK rise@0.000ns)
  Data Path Delay:        1.475ns  (logic 0.403ns (27.322%)  route 1.072ns (72.678%))
  Logic Levels:           2  (LUT4=1 LUT6=1)
  Clock Path Skew:        -0.137ns (DCD - SCD + CPR)
    Destination Clock Delay (DCD):    8.115ns = ( 41.115 - 33.000 ) 
    Source Clock Delay      (SCD):    8.759ns
    Clock Pessimism Removal (CPR):    0.507ns
  Clock Uncertainty:      0.035ns  ((TSJ^2 + TIJ^2)^1/2 + DJ) / 2 + PE
    Total System Jitter     (TSJ):    0.071ns
    Total Input Jitter      (TIJ):    0.000ns
    Discrete Jitter          (DJ):    0.000ns
    Phase Error              (PE):    0.000ns
  Clock Net Delay (Source):      3.297ns (routing 2.034ns, distribution 1.263ns)
  Clock Net Delay (Destination): 2.941ns (routing 1.867ns, distribution 1.074ns)

    Location             Delay type                Incr(ns)  Path(ns)    Netlist Resource(s)
  -------------------------------------------------------------------    -------------------
                         (clock dbg_hub/inst/BSCANID.u_xsdbm_id/SWITCH_N_EXT_BSCAN.bscan_inst/SERIES7_BSCAN.bscan_inst/TCK rise edge)
                                                      0.000     0.000 r  
    CONFIG_SITE_X0Y0     BSCANE2                      0.000     0.000 r  dbg_hub/inst/BSCANID.u_xsdbm_id/SWITCH_N_EXT_BSCAN.bscan_inst/SERIES7_BSCAN.bscan_inst/TCK
                         net (fo=1, estimated)        5.379     5.379    dbg_hub/inst/BSCANID.u_xsdbm_id/tck_bs
    BUFGCE_X1Y119        BUFGCE (Prop_BUFCE_BUFGCE_I_O)
                                                      0.083     5.462 r  dbg_hub/inst/BSCANID.u_xsdbm_id/SWITCH_N_EXT_BSCAN.u_bufg_icon_tck/O
    X4Y1 (CLOCK_ROOT)    net (fo=478, estimated)      3.297     8.759    dbg_hub/inst/BSCANID.u_xsdbm_id/SWITCH_N_EXT_BSCAN.bscan_switch/s_bscan_tck
    SLICE_X116Y102       FDRE                                         r  dbg_hub/inst/BSCANID.u_xsdbm_id/SWITCH_N_EXT_BSCAN.bscan_switch/portno_reg[3]/C
  -------------------------------------------------------------------    -------------------
    SLICE_X116Y102       FDRE (Prop_FFF_SLICEL_C_Q)
                                                      0.114     8.873 f  dbg_hub/inst/BSCANID.u_xsdbm_id/SWITCH_N_EXT_BSCAN.bscan_switch/portno_reg[3]/Q
                         net (fo=1, estimated)        0.213     9.086    dbg_hub/inst/BSCANID.u_xsdbm_id/SWITCH_N_EXT_BSCAN.bscan_switch/portno[3]
    SLICE_X116Y102       LUT6 (Prop_H6LUT_SLICEL_I0_O)
                                                      0.188     9.274 f  dbg_hub/inst/BSCANID.u_xsdbm_id/SWITCH_N_EXT_BSCAN.bscan_switch/m_bscan_drck[0]_INST_0_i_1/O
                         net (fo=5, estimated)        0.260     9.534    dbg_hub/inst/BSCANID.u_xsdbm_id/SWITCH_N_EXT_BSCAN.bscan_switch/m_bscan_drck[0]_INST_0_i_1_n_0
    SLICE_X115Y102       LUT4 (Prop_B5LUT_SLICEM_I3_O)
                                                      0.101     9.635 r  dbg_hub/inst/BSCANID.u_xsdbm_id/SWITCH_N_EXT_BSCAN.bscan_switch/m_bscan_sel[0]_INST_0/O
                         net (fo=11, estimated)       0.599    10.234    dbg_hub/inst/BSCANID.u_xsdbm_id/CORE_XSDB.U_ICON/U_CMD/iTARGET_reg[6]_0
    SLICE_X114Y110       FDCE                                         f  dbg_hub/inst/BSCANID.u_xsdbm_id/CORE_XSDB.U_ICON/U_CMD/iTARGET_reg[13]/CLR  (IS_INVERTED)
  -------------------------------------------------------------------    -------------------

                         (clock dbg_hub/inst/BSCANID.u_xsdbm_id/SWITCH_N_EXT_BSCAN.bscan_inst/SERIES7_BSCAN.bscan_inst/TCK rise edge)
                                                     33.000    33.000 r  
    CONFIG_SITE_X0Y0     BSCANE2                      0.000    33.000 r  dbg_hub/inst/BSCANID.u_xsdbm_id/SWITCH_N_EXT_BSCAN.bscan_inst/SERIES7_BSCAN.bscan_inst/TCK
                         net (fo=1, estimated)        5.099    38.099    dbg_hub/inst/BSCANID.u_xsdbm_id/tck_bs
    BUFGCE_X1Y119        BUFGCE (Prop_BUFCE_BUFGCE_I_O)
                                                      0.075    38.174 r  dbg_hub/inst/BSCANID.u_xsdbm_id/SWITCH_N_EXT_BSCAN.u_bufg_icon_tck/O
    X4Y1 (CLOCK_ROOT)    net (fo=478, estimated)      2.941    41.115    dbg_hub/inst/BSCANID.u_xsdbm_id/CORE_XSDB.U_ICON/U_CMD/m_bscan_tck[0]
    SLICE_X114Y110       FDCE                                         r  dbg_hub/inst/BSCANID.u_xsdbm_id/CORE_XSDB.U_ICON/U_CMD/iTARGET_reg[13]/C
                         clock pessimism              0.507    41.622    
                         clock uncertainty           -0.035    41.587    
    SLICE_X114Y110       FDCE (Recov_EFF2_SLICEL_C_CLR)
                                                     -0.082    41.505    dbg_hub/inst/BSCANID.u_xsdbm_id/CORE_XSDB.U_ICON/U_CMD/iTARGET_reg[13]
  -------------------------------------------------------------------
                         required time                         41.505    
                         arrival time                         -10.234    
  -------------------------------------------------------------------
                         slack                                 31.271    

Slack (MET) :             31.271ns  (required time - arrival time)
  Source:                 dbg_hub/inst/BSCANID.u_xsdbm_id/SWITCH_N_EXT_BSCAN.bscan_switch/portno_reg[3]/C
                            (rising edge-triggered cell FDRE clocked by dbg_hub/inst/BSCANID.u_xsdbm_id/SWITCH_N_EXT_BSCAN.bscan_inst/SERIES7_BSCAN.bscan_inst/TCK  {rise@0.000ns fall@16.500ns period=33.000ns})
  Destination:            dbg_hub/inst/BSCANID.u_xsdbm_id/CORE_XSDB.U_ICON/U_CMD/iTARGET_reg[14]/CLR
                            (recovery check against rising-edge clock dbg_hub/inst/BSCANID.u_xsdbm_id/SWITCH_N_EXT_BSCAN.bscan_inst/SERIES7_BSCAN.bscan_inst/TCK  {rise@0.000ns fall@16.500ns period=33.000ns})
  Path Group:             **async_default**
  Path Type:              Recovery (Max at Slow Process Corner)
  Requirement:            33.000ns  (dbg_hub/inst/BSCANID.u_xsdbm_id/SWITCH_N_EXT_BSCAN.bscan_inst/SERIES7_BSCAN.bscan_inst/TCK rise@33.000ns - dbg_hub/inst/BSCANID.u_xsdbm_id/SWITCH_N_EXT_BSCAN.bscan_inst/SERIES7_BSCAN.bscan_inst/TCK rise@0.000ns)
  Data Path Delay:        1.475ns  (logic 0.403ns (27.322%)  route 1.072ns (72.678%))
  Logic Levels:           2  (LUT4=1 LUT6=1)
  Clock Path Skew:        -0.137ns (DCD - SCD + CPR)
    Destination Clock Delay (DCD):    8.115ns = ( 41.115 - 33.000 ) 
    Source Clock Delay      (SCD):    8.759ns
    Clock Pessimism Removal (CPR):    0.507ns
  Clock Uncertainty:      0.035ns  ((TSJ^2 + TIJ^2)^1/2 + DJ) / 2 + PE
    Total System Jitter     (TSJ):    0.071ns
    Total Input Jitter      (TIJ):    0.000ns
    Discrete Jitter          (DJ):    0.000ns
    Phase Error              (PE):    0.000ns
  Clock Net Delay (Source):      3.297ns (routing 2.034ns, distribution 1.263ns)
  Clock Net Delay (Destination): 2.941ns (routing 1.867ns, distribution 1.074ns)

    Location             Delay type                Incr(ns)  Path(ns)    Netlist Resource(s)
  -------------------------------------------------------------------    -------------------
                         (clock dbg_hub/inst/BSCANID.u_xsdbm_id/SWITCH_N_EXT_BSCAN.bscan_inst/SERIES7_BSCAN.bscan_inst/TCK rise edge)
                                                      0.000     0.000 r  
    CONFIG_SITE_X0Y0     BSCANE2                      0.000     0.000 r  dbg_hub/inst/BSCANID.u_xsdbm_id/SWITCH_N_EXT_BSCAN.bscan_inst/SERIES7_BSCAN.bscan_inst/TCK
                         net (fo=1, estimated)        5.379     5.379    dbg_hub/inst/BSCANID.u_xsdbm_id/tck_bs
    BUFGCE_X1Y119        BUFGCE (Prop_BUFCE_BUFGCE_I_O)
                                                      0.083     5.462 r  dbg_hub/inst/BSCANID.u_xsdbm_id/SWITCH_N_EXT_BSCAN.u_bufg_icon_tck/O
    X4Y1 (CLOCK_ROOT)    net (fo=478, estimated)      3.297     8.759    dbg_hub/inst/BSCANID.u_xsdbm_id/SWITCH_N_EXT_BSCAN.bscan_switch/s_bscan_tck
    SLICE_X116Y102       FDRE                                         r  dbg_hub/inst/BSCANID.u_xsdbm_id/SWITCH_N_EXT_BSCAN.bscan_switch/portno_reg[3]/C
  -------------------------------------------------------------------    -------------------
    SLICE_X116Y102       FDRE (Prop_FFF_SLICEL_C_Q)
                                                      0.114     8.873 f  dbg_hub/inst/BSCANID.u_xsdbm_id/SWITCH_N_EXT_BSCAN.bscan_switch/portno_reg[3]/Q
                         net (fo=1, estimated)        0.213     9.086    dbg_hub/inst/BSCANID.u_xsdbm_id/SWITCH_N_EXT_BSCAN.bscan_switch/portno[3]
    SLICE_X116Y102       LUT6 (Prop_H6LUT_SLICEL_I0_O)
                                                      0.188     9.274 f  dbg_hub/inst/BSCANID.u_xsdbm_id/SWITCH_N_EXT_BSCAN.bscan_switch/m_bscan_drck[0]_INST_0_i_1/O
                         net (fo=5, estimated)        0.260     9.534    dbg_hub/inst/BSCANID.u_xsdbm_id/SWITCH_N_EXT_BSCAN.bscan_switch/m_bscan_drck[0]_INST_0_i_1_n_0
    SLICE_X115Y102       LUT4 (Prop_B5LUT_SLICEM_I3_O)
                                                      0.101     9.635 r  dbg_hub/inst/BSCANID.u_xsdbm_id/SWITCH_N_EXT_BSCAN.bscan_switch/m_bscan_sel[0]_INST_0/O
                         net (fo=11, estimated)       0.599    10.234    dbg_hub/inst/BSCANID.u_xsdbm_id/CORE_XSDB.U_ICON/U_CMD/iTARGET_reg[6]_0
    SLICE_X114Y110       FDCE                                         f  dbg_hub/inst/BSCANID.u_xsdbm_id/CORE_XSDB.U_ICON/U_CMD/iTARGET_reg[14]/CLR  (IS_INVERTED)
  -------------------------------------------------------------------    -------------------

                         (clock dbg_hub/inst/BSCANID.u_xsdbm_id/SWITCH_N_EXT_BSCAN.bscan_inst/SERIES7_BSCAN.bscan_inst/TCK rise edge)
                                                     33.000    33.000 r  
    CONFIG_SITE_X0Y0     BSCANE2                      0.000    33.000 r  dbg_hub/inst/BSCANID.u_xsdbm_id/SWITCH_N_EXT_BSCAN.bscan_inst/SERIES7_BSCAN.bscan_inst/TCK
                         net (fo=1, estimated)        5.099    38.099    dbg_hub/inst/BSCANID.u_xsdbm_id/tck_bs
    BUFGCE_X1Y119        BUFGCE (Prop_BUFCE_BUFGCE_I_O)
                                                      0.075    38.174 r  dbg_hub/inst/BSCANID.u_xsdbm_id/SWITCH_N_EXT_BSCAN.u_bufg_icon_tck/O
    X4Y1 (CLOCK_ROOT)    net (fo=478, estimated)      2.941    41.115    dbg_hub/inst/BSCANID.u_xsdbm_id/CORE_XSDB.U_ICON/U_CMD/m_bscan_tck[0]
    SLICE_X114Y110       FDCE                                         r  dbg_hub/inst/BSCANID.u_xsdbm_id/CORE_XSDB.U_ICON/U_CMD/iTARGET_reg[14]/C
                         clock pessimism              0.507    41.622    
                         clock uncertainty           -0.035    41.587    
    SLICE_X114Y110       FDCE (Recov_FFF_SLICEL_C_CLR)
                                                     -0.082    41.505    dbg_hub/inst/BSCANID.u_xsdbm_id/CORE_XSDB.U_ICON/U_CMD/iTARGET_reg[14]
  -------------------------------------------------------------------
                         required time                         41.505    
                         arrival time                         -10.234    
  -------------------------------------------------------------------
                         slack                                 31.271    

Slack (MET) :             31.271ns  (required time - arrival time)
  Source:                 dbg_hub/inst/BSCANID.u_xsdbm_id/SWITCH_N_EXT_BSCAN.bscan_switch/portno_reg[3]/C
                            (rising edge-triggered cell FDRE clocked by dbg_hub/inst/BSCANID.u_xsdbm_id/SWITCH_N_EXT_BSCAN.bscan_inst/SERIES7_BSCAN.bscan_inst/TCK  {rise@0.000ns fall@16.500ns period=33.000ns})
  Destination:            dbg_hub/inst/BSCANID.u_xsdbm_id/CORE_XSDB.U_ICON/U_CMD/iTARGET_reg[15]/CLR
                            (recovery check against rising-edge clock dbg_hub/inst/BSCANID.u_xsdbm_id/SWITCH_N_EXT_BSCAN.bscan_inst/SERIES7_BSCAN.bscan_inst/TCK  {rise@0.000ns fall@16.500ns period=33.000ns})
  Path Group:             **async_default**
  Path Type:              Recovery (Max at Slow Process Corner)
  Requirement:            33.000ns  (dbg_hub/inst/BSCANID.u_xsdbm_id/SWITCH_N_EXT_BSCAN.bscan_inst/SERIES7_BSCAN.bscan_inst/TCK rise@33.000ns - dbg_hub/inst/BSCANID.u_xsdbm_id/SWITCH_N_EXT_BSCAN.bscan_inst/SERIES7_BSCAN.bscan_inst/TCK rise@0.000ns)
  Data Path Delay:        1.475ns  (logic 0.403ns (27.322%)  route 1.072ns (72.678%))
  Logic Levels:           2  (LUT4=1 LUT6=1)
  Clock Path Skew:        -0.137ns (DCD - SCD + CPR)
    Destination Clock Delay (DCD):    8.115ns = ( 41.115 - 33.000 ) 
    Source Clock Delay      (SCD):    8.759ns
    Clock Pessimism Removal (CPR):    0.507ns
  Clock Uncertainty:      0.035ns  ((TSJ^2 + TIJ^2)^1/2 + DJ) / 2 + PE
    Total System Jitter     (TSJ):    0.071ns
    Total Input Jitter      (TIJ):    0.000ns
    Discrete Jitter          (DJ):    0.000ns
    Phase Error              (PE):    0.000ns
  Clock Net Delay (Source):      3.297ns (routing 2.034ns, distribution 1.263ns)
  Clock Net Delay (Destination): 2.941ns (routing 1.867ns, distribution 1.074ns)

    Location             Delay type                Incr(ns)  Path(ns)    Netlist Resource(s)
  -------------------------------------------------------------------    -------------------
                         (clock dbg_hub/inst/BSCANID.u_xsdbm_id/SWITCH_N_EXT_BSCAN.bscan_inst/SERIES7_BSCAN.bscan_inst/TCK rise edge)
                                                      0.000     0.000 r  
    CONFIG_SITE_X0Y0     BSCANE2                      0.000     0.000 r  dbg_hub/inst/BSCANID.u_xsdbm_id/SWITCH_N_EXT_BSCAN.bscan_inst/SERIES7_BSCAN.bscan_inst/TCK
                         net (fo=1, estimated)        5.379     5.379    dbg_hub/inst/BSCANID.u_xsdbm_id/tck_bs
    BUFGCE_X1Y119        BUFGCE (Prop_BUFCE_BUFGCE_I_O)
                                                      0.083     5.462 r  dbg_hub/inst/BSCANID.u_xsdbm_id/SWITCH_N_EXT_BSCAN.u_bufg_icon_tck/O
    X4Y1 (CLOCK_ROOT)    net (fo=478, estimated)      3.297     8.759    dbg_hub/inst/BSCANID.u_xsdbm_id/SWITCH_N_EXT_BSCAN.bscan_switch/s_bscan_tck
    SLICE_X116Y102       FDRE                                         r  dbg_hub/inst/BSCANID.u_xsdbm_id/SWITCH_N_EXT_BSCAN.bscan_switch/portno_reg[3]/C
  -------------------------------------------------------------------    -------------------
    SLICE_X116Y102       FDRE (Prop_FFF_SLICEL_C_Q)
                                                      0.114     8.873 f  dbg_hub/inst/BSCANID.u_xsdbm_id/SWITCH_N_EXT_BSCAN.bscan_switch/portno_reg[3]/Q
                         net (fo=1, estimated)        0.213     9.086    dbg_hub/inst/BSCANID.u_xsdbm_id/SWITCH_N_EXT_BSCAN.bscan_switch/portno[3]
    SLICE_X116Y102       LUT6 (Prop_H6LUT_SLICEL_I0_O)
                                                      0.188     9.274 f  dbg_hub/inst/BSCANID.u_xsdbm_id/SWITCH_N_EXT_BSCAN.bscan_switch/m_bscan_drck[0]_INST_0_i_1/O
                         net (fo=5, estimated)        0.260     9.534    dbg_hub/inst/BSCANID.u_xsdbm_id/SWITCH_N_EXT_BSCAN.bscan_switch/m_bscan_drck[0]_INST_0_i_1_n_0
    SLICE_X115Y102       LUT4 (Prop_B5LUT_SLICEM_I3_O)
                                                      0.101     9.635 r  dbg_hub/inst/BSCANID.u_xsdbm_id/SWITCH_N_EXT_BSCAN.bscan_switch/m_bscan_sel[0]_INST_0/O
                         net (fo=11, estimated)       0.599    10.234    dbg_hub/inst/BSCANID.u_xsdbm_id/CORE_XSDB.U_ICON/U_CMD/iTARGET_reg[6]_0
    SLICE_X114Y110       FDCE                                         f  dbg_hub/inst/BSCANID.u_xsdbm_id/CORE_XSDB.U_ICON/U_CMD/iTARGET_reg[15]/CLR  (IS_INVERTED)
  -------------------------------------------------------------------    -------------------

                         (clock dbg_hub/inst/BSCANID.u_xsdbm_id/SWITCH_N_EXT_BSCAN.bscan_inst/SERIES7_BSCAN.bscan_inst/TCK rise edge)
                                                     33.000    33.000 r  
    CONFIG_SITE_X0Y0     BSCANE2                      0.000    33.000 r  dbg_hub/inst/BSCANID.u_xsdbm_id/SWITCH_N_EXT_BSCAN.bscan_inst/SERIES7_BSCAN.bscan_inst/TCK
                         net (fo=1, estimated)        5.099    38.099    dbg_hub/inst/BSCANID.u_xsdbm_id/tck_bs
    BUFGCE_X1Y119        BUFGCE (Prop_BUFCE_BUFGCE_I_O)
                                                      0.075    38.174 r  dbg_hub/inst/BSCANID.u_xsdbm_id/SWITCH_N_EXT_BSCAN.u_bufg_icon_tck/O
    X4Y1 (CLOCK_ROOT)    net (fo=478, estimated)      2.941    41.115    dbg_hub/inst/BSCANID.u_xsdbm_id/CORE_XSDB.U_ICON/U_CMD/m_bscan_tck[0]
    SLICE_X114Y110       FDCE                                         r  dbg_hub/inst/BSCANID.u_xsdbm_id/CORE_XSDB.U_ICON/U_CMD/iTARGET_reg[15]/C
                         clock pessimism              0.507    41.622    
                         clock uncertainty           -0.035    41.587    
    SLICE_X114Y110       FDCE (Recov_FFF2_SLICEL_C_CLR)
                                                     -0.082    41.505    dbg_hub/inst/BSCANID.u_xsdbm_id/CORE_XSDB.U_ICON/U_CMD/iTARGET_reg[15]
  -------------------------------------------------------------------
                         required time                         41.505    
                         arrival time                         -10.234    
  -------------------------------------------------------------------
                         slack                                 31.271    

Slack (MET) :             31.271ns  (required time - arrival time)
  Source:                 dbg_hub/inst/BSCANID.u_xsdbm_id/SWITCH_N_EXT_BSCAN.bscan_switch/portno_reg[3]/C
                            (rising edge-triggered cell FDRE clocked by dbg_hub/inst/BSCANID.u_xsdbm_id/SWITCH_N_EXT_BSCAN.bscan_inst/SERIES7_BSCAN.bscan_inst/TCK  {rise@0.000ns fall@16.500ns period=33.000ns})
  Destination:            dbg_hub/inst/BSCANID.u_xsdbm_id/CORE_XSDB.U_ICON/U_CMD/iTARGET_reg[6]/CLR
                            (recovery check against rising-edge clock dbg_hub/inst/BSCANID.u_xsdbm_id/SWITCH_N_EXT_BSCAN.bscan_inst/SERIES7_BSCAN.bscan_inst/TCK  {rise@0.000ns fall@16.500ns period=33.000ns})
  Path Group:             **async_default**
  Path Type:              Recovery (Max at Slow Process Corner)
  Requirement:            33.000ns  (dbg_hub/inst/BSCANID.u_xsdbm_id/SWITCH_N_EXT_BSCAN.bscan_inst/SERIES7_BSCAN.bscan_inst/TCK rise@33.000ns - dbg_hub/inst/BSCANID.u_xsdbm_id/SWITCH_N_EXT_BSCAN.bscan_inst/SERIES7_BSCAN.bscan_inst/TCK rise@0.000ns)
  Data Path Delay:        1.475ns  (logic 0.403ns (27.322%)  route 1.072ns (72.678%))
  Logic Levels:           2  (LUT4=1 LUT6=1)
  Clock Path Skew:        -0.137ns (DCD - SCD + CPR)
    Destination Clock Delay (DCD):    8.115ns = ( 41.115 - 33.000 ) 
    Source Clock Delay      (SCD):    8.759ns
    Clock Pessimism Removal (CPR):    0.507ns
  Clock Uncertainty:      0.035ns  ((TSJ^2 + TIJ^2)^1/2 + DJ) / 2 + PE
    Total System Jitter     (TSJ):    0.071ns
    Total Input Jitter      (TIJ):    0.000ns
    Discrete Jitter          (DJ):    0.000ns
    Phase Error              (PE):    0.000ns
  Clock Net Delay (Source):      3.297ns (routing 2.034ns, distribution 1.263ns)
  Clock Net Delay (Destination): 2.941ns (routing 1.867ns, distribution 1.074ns)

    Location             Delay type                Incr(ns)  Path(ns)    Netlist Resource(s)
  -------------------------------------------------------------------    -------------------
                         (clock dbg_hub/inst/BSCANID.u_xsdbm_id/SWITCH_N_EXT_BSCAN.bscan_inst/SERIES7_BSCAN.bscan_inst/TCK rise edge)
                                                      0.000     0.000 r  
    CONFIG_SITE_X0Y0     BSCANE2                      0.000     0.000 r  dbg_hub/inst/BSCANID.u_xsdbm_id/SWITCH_N_EXT_BSCAN.bscan_inst/SERIES7_BSCAN.bscan_inst/TCK
                         net (fo=1, estimated)        5.379     5.379    dbg_hub/inst/BSCANID.u_xsdbm_id/tck_bs
    BUFGCE_X1Y119        BUFGCE (Prop_BUFCE_BUFGCE_I_O)
                                                      0.083     5.462 r  dbg_hub/inst/BSCANID.u_xsdbm_id/SWITCH_N_EXT_BSCAN.u_bufg_icon_tck/O
    X4Y1 (CLOCK_ROOT)    net (fo=478, estimated)      3.297     8.759    dbg_hub/inst/BSCANID.u_xsdbm_id/SWITCH_N_EXT_BSCAN.bscan_switch/s_bscan_tck
    SLICE_X116Y102       FDRE                                         r  dbg_hub/inst/BSCANID.u_xsdbm_id/SWITCH_N_EXT_BSCAN.bscan_switch/portno_reg[3]/C
  -------------------------------------------------------------------    -------------------
    SLICE_X116Y102       FDRE (Prop_FFF_SLICEL_C_Q)
                                                      0.114     8.873 f  dbg_hub/inst/BSCANID.u_xsdbm_id/SWITCH_N_EXT_BSCAN.bscan_switch/portno_reg[3]/Q
                         net (fo=1, estimated)        0.213     9.086    dbg_hub/inst/BSCANID.u_xsdbm_id/SWITCH_N_EXT_BSCAN.bscan_switch/portno[3]
    SLICE_X116Y102       LUT6 (Prop_H6LUT_SLICEL_I0_O)
                                                      0.188     9.274 f  dbg_hub/inst/BSCANID.u_xsdbm_id/SWITCH_N_EXT_BSCAN.bscan_switch/m_bscan_drck[0]_INST_0_i_1/O
                         net (fo=5, estimated)        0.260     9.534    dbg_hub/inst/BSCANID.u_xsdbm_id/SWITCH_N_EXT_BSCAN.bscan_switch/m_bscan_drck[0]_INST_0_i_1_n_0
    SLICE_X115Y102       LUT4 (Prop_B5LUT_SLICEM_I3_O)
                                                      0.101     9.635 r  dbg_hub/inst/BSCANID.u_xsdbm_id/SWITCH_N_EXT_BSCAN.bscan_switch/m_bscan_sel[0]_INST_0/O
                         net (fo=11, estimated)       0.599    10.234    dbg_hub/inst/BSCANID.u_xsdbm_id/CORE_XSDB.U_ICON/U_CMD/iTARGET_reg[6]_0
    SLICE_X114Y110       FDCE                                         f  dbg_hub/inst/BSCANID.u_xsdbm_id/CORE_XSDB.U_ICON/U_CMD/iTARGET_reg[6]/CLR  (IS_INVERTED)
  -------------------------------------------------------------------    -------------------

                         (clock dbg_hub/inst/BSCANID.u_xsdbm_id/SWITCH_N_EXT_BSCAN.bscan_inst/SERIES7_BSCAN.bscan_inst/TCK rise edge)
                                                     33.000    33.000 r  
    CONFIG_SITE_X0Y0     BSCANE2                      0.000    33.000 r  dbg_hub/inst/BSCANID.u_xsdbm_id/SWITCH_N_EXT_BSCAN.bscan_inst/SERIES7_BSCAN.bscan_inst/TCK
                         net (fo=1, estimated)        5.099    38.099    dbg_hub/inst/BSCANID.u_xsdbm_id/tck_bs
    BUFGCE_X1Y119        BUFGCE (Prop_BUFCE_BUFGCE_I_O)
                                                      0.075    38.174 r  dbg_hub/inst/BSCANID.u_xsdbm_id/SWITCH_N_EXT_BSCAN.u_bufg_icon_tck/O
    X4Y1 (CLOCK_ROOT)    net (fo=478, estimated)      2.941    41.115    dbg_hub/inst/BSCANID.u_xsdbm_id/CORE_XSDB.U_ICON/U_CMD/m_bscan_tck[0]
    SLICE_X114Y110       FDCE                                         r  dbg_hub/inst/BSCANID.u_xsdbm_id/CORE_XSDB.U_ICON/U_CMD/iTARGET_reg[6]/C
                         clock pessimism              0.507    41.622    
                         clock uncertainty           -0.035    41.587    
    SLICE_X114Y110       FDCE (Recov_GFF_SLICEL_C_CLR)
                                                     -0.082    41.505    dbg_hub/inst/BSCANID.u_xsdbm_id/CORE_XSDB.U_ICON/U_CMD/iTARGET_reg[6]
  -------------------------------------------------------------------
                         required time                         41.505    
                         arrival time                         -10.234    
  -------------------------------------------------------------------
                         slack                                 31.271    

Slack (MET) :             31.271ns  (required time - arrival time)
  Source:                 dbg_hub/inst/BSCANID.u_xsdbm_id/SWITCH_N_EXT_BSCAN.bscan_switch/portno_reg[3]/C
                            (rising edge-triggered cell FDRE clocked by dbg_hub/inst/BSCANID.u_xsdbm_id/SWITCH_N_EXT_BSCAN.bscan_inst/SERIES7_BSCAN.bscan_inst/TCK  {rise@0.000ns fall@16.500ns period=33.000ns})
  Destination:            dbg_hub/inst/BSCANID.u_xsdbm_id/CORE_XSDB.U_ICON/U_CMD/iTARGET_reg[7]/CLR
                            (recovery check against rising-edge clock dbg_hub/inst/BSCANID.u_xsdbm_id/SWITCH_N_EXT_BSCAN.bscan_inst/SERIES7_BSCAN.bscan_inst/TCK  {rise@0.000ns fall@16.500ns period=33.000ns})
  Path Group:             **async_default**
  Path Type:              Recovery (Max at Slow Process Corner)
  Requirement:            33.000ns  (dbg_hub/inst/BSCANID.u_xsdbm_id/SWITCH_N_EXT_BSCAN.bscan_inst/SERIES7_BSCAN.bscan_inst/TCK rise@33.000ns - dbg_hub/inst/BSCANID.u_xsdbm_id/SWITCH_N_EXT_BSCAN.bscan_inst/SERIES7_BSCAN.bscan_inst/TCK rise@0.000ns)
  Data Path Delay:        1.475ns  (logic 0.403ns (27.322%)  route 1.072ns (72.678%))
  Logic Levels:           2  (LUT4=1 LUT6=1)
  Clock Path Skew:        -0.137ns (DCD - SCD + CPR)
    Destination Clock Delay (DCD):    8.115ns = ( 41.115 - 33.000 ) 
    Source Clock Delay      (SCD):    8.759ns
    Clock Pessimism Removal (CPR):    0.507ns
  Clock Uncertainty:      0.035ns  ((TSJ^2 + TIJ^2)^1/2 + DJ) / 2 + PE
    Total System Jitter     (TSJ):    0.071ns
    Total Input Jitter      (TIJ):    0.000ns
    Discrete Jitter          (DJ):    0.000ns
    Phase Error              (PE):    0.000ns
  Clock Net Delay (Source):      3.297ns (routing 2.034ns, distribution 1.263ns)
  Clock Net Delay (Destination): 2.941ns (routing 1.867ns, distribution 1.074ns)

    Location             Delay type                Incr(ns)  Path(ns)    Netlist Resource(s)
  -------------------------------------------------------------------    -------------------
                         (clock dbg_hub/inst/BSCANID.u_xsdbm_id/SWITCH_N_EXT_BSCAN.bscan_inst/SERIES7_BSCAN.bscan_inst/TCK rise edge)
                                                      0.000     0.000 r  
    CONFIG_SITE_X0Y0     BSCANE2                      0.000     0.000 r  dbg_hub/inst/BSCANID.u_xsdbm_id/SWITCH_N_EXT_BSCAN.bscan_inst/SERIES7_BSCAN.bscan_inst/TCK
                         net (fo=1, estimated)        5.379     5.379    dbg_hub/inst/BSCANID.u_xsdbm_id/tck_bs
    BUFGCE_X1Y119        BUFGCE (Prop_BUFCE_BUFGCE_I_O)
                                                      0.083     5.462 r  dbg_hub/inst/BSCANID.u_xsdbm_id/SWITCH_N_EXT_BSCAN.u_bufg_icon_tck/O
    X4Y1 (CLOCK_ROOT)    net (fo=478, estimated)      3.297     8.759    dbg_hub/inst/BSCANID.u_xsdbm_id/SWITCH_N_EXT_BSCAN.bscan_switch/s_bscan_tck
    SLICE_X116Y102       FDRE                                         r  dbg_hub/inst/BSCANID.u_xsdbm_id/SWITCH_N_EXT_BSCAN.bscan_switch/portno_reg[3]/C
  -------------------------------------------------------------------    -------------------
    SLICE_X116Y102       FDRE (Prop_FFF_SLICEL_C_Q)
                                                      0.114     8.873 f  dbg_hub/inst/BSCANID.u_xsdbm_id/SWITCH_N_EXT_BSCAN.bscan_switch/portno_reg[3]/Q
                         net (fo=1, estimated)        0.213     9.086    dbg_hub/inst/BSCANID.u_xsdbm_id/SWITCH_N_EXT_BSCAN.bscan_switch/portno[3]
    SLICE_X116Y102       LUT6 (Prop_H6LUT_SLICEL_I0_O)
                                                      0.188     9.274 f  dbg_hub/inst/BSCANID.u_xsdbm_id/SWITCH_N_EXT_BSCAN.bscan_switch/m_bscan_drck[0]_INST_0_i_1/O
                         net (fo=5, estimated)        0.260     9.534    dbg_hub/inst/BSCANID.u_xsdbm_id/SWITCH_N_EXT_BSCAN.bscan_switch/m_bscan_drck[0]_INST_0_i_1_n_0
    SLICE_X115Y102       LUT4 (Prop_B5LUT_SLICEM_I3_O)
                                                      0.101     9.635 r  dbg_hub/inst/BSCANID.u_xsdbm_id/SWITCH_N_EXT_BSCAN.bscan_switch/m_bscan_sel[0]_INST_0/O
                         net (fo=11, estimated)       0.599    10.234    dbg_hub/inst/BSCANID.u_xsdbm_id/CORE_XSDB.U_ICON/U_CMD/iTARGET_reg[6]_0
    SLICE_X114Y110       FDCE                                         f  dbg_hub/inst/BSCANID.u_xsdbm_id/CORE_XSDB.U_ICON/U_CMD/iTARGET_reg[7]/CLR  (IS_INVERTED)
  -------------------------------------------------------------------    -------------------

                         (clock dbg_hub/inst/BSCANID.u_xsdbm_id/SWITCH_N_EXT_BSCAN.bscan_inst/SERIES7_BSCAN.bscan_inst/TCK rise edge)
                                                     33.000    33.000 r  
    CONFIG_SITE_X0Y0     BSCANE2                      0.000    33.000 r  dbg_hub/inst/BSCANID.u_xsdbm_id/SWITCH_N_EXT_BSCAN.bscan_inst/SERIES7_BSCAN.bscan_inst/TCK
                         net (fo=1, estimated)        5.099    38.099    dbg_hub/inst/BSCANID.u_xsdbm_id/tck_bs
    BUFGCE_X1Y119        BUFGCE (Prop_BUFCE_BUFGCE_I_O)
                                                      0.075    38.174 r  dbg_hub/inst/BSCANID.u_xsdbm_id/SWITCH_N_EXT_BSCAN.u_bufg_icon_tck/O
    X4Y1 (CLOCK_ROOT)    net (fo=478, estimated)      2.941    41.115    dbg_hub/inst/BSCANID.u_xsdbm_id/CORE_XSDB.U_ICON/U_CMD/m_bscan_tck[0]
    SLICE_X114Y110       FDCE                                         r  dbg_hub/inst/BSCANID.u_xsdbm_id/CORE_XSDB.U_ICON/U_CMD/iTARGET_reg[7]/C
                         clock pessimism              0.507    41.622    
                         clock uncertainty           -0.035    41.587    
    SLICE_X114Y110       FDCE (Recov_GFF2_SLICEL_C_CLR)
                                                     -0.082    41.505    dbg_hub/inst/BSCANID.u_xsdbm_id/CORE_XSDB.U_ICON/U_CMD/iTARGET_reg[7]
  -------------------------------------------------------------------
                         required time                         41.505    
                         arrival time                         -10.234    
  -------------------------------------------------------------------
                         slack                                 31.271    

Slack (MET) :             31.271ns  (required time - arrival time)
  Source:                 dbg_hub/inst/BSCANID.u_xsdbm_id/SWITCH_N_EXT_BSCAN.bscan_switch/portno_reg[3]/C
                            (rising edge-triggered cell FDRE clocked by dbg_hub/inst/BSCANID.u_xsdbm_id/SWITCH_N_EXT_BSCAN.bscan_inst/SERIES7_BSCAN.bscan_inst/TCK  {rise@0.000ns fall@16.500ns period=33.000ns})
  Destination:            dbg_hub/inst/BSCANID.u_xsdbm_id/CORE_XSDB.U_ICON/U_CMD/iTARGET_reg[8]/CLR
                            (recovery check against rising-edge clock dbg_hub/inst/BSCANID.u_xsdbm_id/SWITCH_N_EXT_BSCAN.bscan_inst/SERIES7_BSCAN.bscan_inst/TCK  {rise@0.000ns fall@16.500ns period=33.000ns})
  Path Group:             **async_default**
  Path Type:              Recovery (Max at Slow Process Corner)
  Requirement:            33.000ns  (dbg_hub/inst/BSCANID.u_xsdbm_id/SWITCH_N_EXT_BSCAN.bscan_inst/SERIES7_BSCAN.bscan_inst/TCK rise@33.000ns - dbg_hub/inst/BSCANID.u_xsdbm_id/SWITCH_N_EXT_BSCAN.bscan_inst/SERIES7_BSCAN.bscan_inst/TCK rise@0.000ns)
  Data Path Delay:        1.475ns  (logic 0.403ns (27.322%)  route 1.072ns (72.678%))
  Logic Levels:           2  (LUT4=1 LUT6=1)
  Clock Path Skew:        -0.137ns (DCD - SCD + CPR)
    Destination Clock Delay (DCD):    8.115ns = ( 41.115 - 33.000 ) 
    Source Clock Delay      (SCD):    8.759ns
    Clock Pessimism Removal (CPR):    0.507ns
  Clock Uncertainty:      0.035ns  ((TSJ^2 + TIJ^2)^1/2 + DJ) / 2 + PE
    Total System Jitter     (TSJ):    0.071ns
    Total Input Jitter      (TIJ):    0.000ns
    Discrete Jitter          (DJ):    0.000ns
    Phase Error              (PE):    0.000ns
  Clock Net Delay (Source):      3.297ns (routing 2.034ns, distribution 1.263ns)
  Clock Net Delay (Destination): 2.941ns (routing 1.867ns, distribution 1.074ns)

    Location             Delay type                Incr(ns)  Path(ns)    Netlist Resource(s)
  -------------------------------------------------------------------    -------------------
                         (clock dbg_hub/inst/BSCANID.u_xsdbm_id/SWITCH_N_EXT_BSCAN.bscan_inst/SERIES7_BSCAN.bscan_inst/TCK rise edge)
                                                      0.000     0.000 r  
    CONFIG_SITE_X0Y0     BSCANE2                      0.000     0.000 r  dbg_hub/inst/BSCANID.u_xsdbm_id/SWITCH_N_EXT_BSCAN.bscan_inst/SERIES7_BSCAN.bscan_inst/TCK
                         net (fo=1, estimated)        5.379     5.379    dbg_hub/inst/BSCANID.u_xsdbm_id/tck_bs
    BUFGCE_X1Y119        BUFGCE (Prop_BUFCE_BUFGCE_I_O)
                                                      0.083     5.462 r  dbg_hub/inst/BSCANID.u_xsdbm_id/SWITCH_N_EXT_BSCAN.u_bufg_icon_tck/O
    X4Y1 (CLOCK_ROOT)    net (fo=478, estimated)      3.297     8.759    dbg_hub/inst/BSCANID.u_xsdbm_id/SWITCH_N_EXT_BSCAN.bscan_switch/s_bscan_tck
    SLICE_X116Y102       FDRE                                         r  dbg_hub/inst/BSCANID.u_xsdbm_id/SWITCH_N_EXT_BSCAN.bscan_switch/portno_reg[3]/C
  -------------------------------------------------------------------    -------------------
    SLICE_X116Y102       FDRE (Prop_FFF_SLICEL_C_Q)
                                                      0.114     8.873 f  dbg_hub/inst/BSCANID.u_xsdbm_id/SWITCH_N_EXT_BSCAN.bscan_switch/portno_reg[3]/Q
                         net (fo=1, estimated)        0.213     9.086    dbg_hub/inst/BSCANID.u_xsdbm_id/SWITCH_N_EXT_BSCAN.bscan_switch/portno[3]
    SLICE_X116Y102       LUT6 (Prop_H6LUT_SLICEL_I0_O)
                                                      0.188     9.274 f  dbg_hub/inst/BSCANID.u_xsdbm_id/SWITCH_N_EXT_BSCAN.bscan_switch/m_bscan_drck[0]_INST_0_i_1/O
                         net (fo=5, estimated)        0.260     9.534    dbg_hub/inst/BSCANID.u_xsdbm_id/SWITCH_N_EXT_BSCAN.bscan_switch/m_bscan_drck[0]_INST_0_i_1_n_0
    SLICE_X115Y102       LUT4 (Prop_B5LUT_SLICEM_I3_O)
                                                      0.101     9.635 r  dbg_hub/inst/BSCANID.u_xsdbm_id/SWITCH_N_EXT_BSCAN.bscan_switch/m_bscan_sel[0]_INST_0/O
                         net (fo=11, estimated)       0.599    10.234    dbg_hub/inst/BSCANID.u_xsdbm_id/CORE_XSDB.U_ICON/U_CMD/iTARGET_reg[6]_0
    SLICE_X114Y110       FDCE                                         f  dbg_hub/inst/BSCANID.u_xsdbm_id/CORE_XSDB.U_ICON/U_CMD/iTARGET_reg[8]/CLR  (IS_INVERTED)
  -------------------------------------------------------------------    -------------------

                         (clock dbg_hub/inst/BSCANID.u_xsdbm_id/SWITCH_N_EXT_BSCAN.bscan_inst/SERIES7_BSCAN.bscan_inst/TCK rise edge)
                                                     33.000    33.000 r  
    CONFIG_SITE_X0Y0     BSCANE2                      0.000    33.000 r  dbg_hub/inst/BSCANID.u_xsdbm_id/SWITCH_N_EXT_BSCAN.bscan_inst/SERIES7_BSCAN.bscan_inst/TCK
                         net (fo=1, estimated)        5.099    38.099    dbg_hub/inst/BSCANID.u_xsdbm_id/tck_bs
    BUFGCE_X1Y119        BUFGCE (Prop_BUFCE_BUFGCE_I_O)
                                                      0.075    38.174 r  dbg_hub/inst/BSCANID.u_xsdbm_id/SWITCH_N_EXT_BSCAN.u_bufg_icon_tck/O
    X4Y1 (CLOCK_ROOT)    net (fo=478, estimated)      2.941    41.115    dbg_hub/inst/BSCANID.u_xsdbm_id/CORE_XSDB.U_ICON/U_CMD/m_bscan_tck[0]
    SLICE_X114Y110       FDCE                                         r  dbg_hub/inst/BSCANID.u_xsdbm_id/CORE_XSDB.U_ICON/U_CMD/iTARGET_reg[8]/C
                         clock pessimism              0.507    41.622    
                         clock uncertainty           -0.035    41.587    
    SLICE_X114Y110       FDCE (Recov_HFF_SLICEL_C_CLR)
                                                     -0.082    41.505    dbg_hub/inst/BSCANID.u_xsdbm_id/CORE_XSDB.U_ICON/U_CMD/iTARGET_reg[8]
  -------------------------------------------------------------------
                         required time                         41.505    
                         arrival time                         -10.234    
  -------------------------------------------------------------------
                         slack                                 31.271    

Slack (MET) :             31.271ns  (required time - arrival time)
  Source:                 dbg_hub/inst/BSCANID.u_xsdbm_id/SWITCH_N_EXT_BSCAN.bscan_switch/portno_reg[3]/C
                            (rising edge-triggered cell FDRE clocked by dbg_hub/inst/BSCANID.u_xsdbm_id/SWITCH_N_EXT_BSCAN.bscan_inst/SERIES7_BSCAN.bscan_inst/TCK  {rise@0.000ns fall@16.500ns period=33.000ns})
  Destination:            dbg_hub/inst/BSCANID.u_xsdbm_id/CORE_XSDB.U_ICON/U_CMD/iTARGET_reg[9]/CLR
                            (recovery check against rising-edge clock dbg_hub/inst/BSCANID.u_xsdbm_id/SWITCH_N_EXT_BSCAN.bscan_inst/SERIES7_BSCAN.bscan_inst/TCK  {rise@0.000ns fall@16.500ns period=33.000ns})
  Path Group:             **async_default**
  Path Type:              Recovery (Max at Slow Process Corner)
  Requirement:            33.000ns  (dbg_hub/inst/BSCANID.u_xsdbm_id/SWITCH_N_EXT_BSCAN.bscan_inst/SERIES7_BSCAN.bscan_inst/TCK rise@33.000ns - dbg_hub/inst/BSCANID.u_xsdbm_id/SWITCH_N_EXT_BSCAN.bscan_inst/SERIES7_BSCAN.bscan_inst/TCK rise@0.000ns)
  Data Path Delay:        1.475ns  (logic 0.403ns (27.322%)  route 1.072ns (72.678%))
  Logic Levels:           2  (LUT4=1 LUT6=1)
  Clock Path Skew:        -0.137ns (DCD - SCD + CPR)
    Destination Clock Delay (DCD):    8.115ns = ( 41.115 - 33.000 ) 
    Source Clock Delay      (SCD):    8.759ns
    Clock Pessimism Removal (CPR):    0.507ns
  Clock Uncertainty:      0.035ns  ((TSJ^2 + TIJ^2)^1/2 + DJ) / 2 + PE
    Total System Jitter     (TSJ):    0.071ns
    Total Input Jitter      (TIJ):    0.000ns
    Discrete Jitter          (DJ):    0.000ns
    Phase Error              (PE):    0.000ns
  Clock Net Delay (Source):      3.297ns (routing 2.034ns, distribution 1.263ns)
  Clock Net Delay (Destination): 2.941ns (routing 1.867ns, distribution 1.074ns)

    Location             Delay type                Incr(ns)  Path(ns)    Netlist Resource(s)
  -------------------------------------------------------------------    -------------------
                         (clock dbg_hub/inst/BSCANID.u_xsdbm_id/SWITCH_N_EXT_BSCAN.bscan_inst/SERIES7_BSCAN.bscan_inst/TCK rise edge)
                                                      0.000     0.000 r  
    CONFIG_SITE_X0Y0     BSCANE2                      0.000     0.000 r  dbg_hub/inst/BSCANID.u_xsdbm_id/SWITCH_N_EXT_BSCAN.bscan_inst/SERIES7_BSCAN.bscan_inst/TCK
                         net (fo=1, estimated)        5.379     5.379    dbg_hub/inst/BSCANID.u_xsdbm_id/tck_bs
    BUFGCE_X1Y119        BUFGCE (Prop_BUFCE_BUFGCE_I_O)
                                                      0.083     5.462 r  dbg_hub/inst/BSCANID.u_xsdbm_id/SWITCH_N_EXT_BSCAN.u_bufg_icon_tck/O
    X4Y1 (CLOCK_ROOT)    net (fo=478, estimated)      3.297     8.759    dbg_hub/inst/BSCANID.u_xsdbm_id/SWITCH_N_EXT_BSCAN.bscan_switch/s_bscan_tck
    SLICE_X116Y102       FDRE                                         r  dbg_hub/inst/BSCANID.u_xsdbm_id/SWITCH_N_EXT_BSCAN.bscan_switch/portno_reg[3]/C
  -------------------------------------------------------------------    -------------------
    SLICE_X116Y102       FDRE (Prop_FFF_SLICEL_C_Q)
                                                      0.114     8.873 f  dbg_hub/inst/BSCANID.u_xsdbm_id/SWITCH_N_EXT_BSCAN.bscan_switch/portno_reg[3]/Q
                         net (fo=1, estimated)        0.213     9.086    dbg_hub/inst/BSCANID.u_xsdbm_id/SWITCH_N_EXT_BSCAN.bscan_switch/portno[3]
    SLICE_X116Y102       LUT6 (Prop_H6LUT_SLICEL_I0_O)
                                                      0.188     9.274 f  dbg_hub/inst/BSCANID.u_xsdbm_id/SWITCH_N_EXT_BSCAN.bscan_switch/m_bscan_drck[0]_INST_0_i_1/O
                         net (fo=5, estimated)        0.260     9.534    dbg_hub/inst/BSCANID.u_xsdbm_id/SWITCH_N_EXT_BSCAN.bscan_switch/m_bscan_drck[0]_INST_0_i_1_n_0
    SLICE_X115Y102       LUT4 (Prop_B5LUT_SLICEM_I3_O)
                                                      0.101     9.635 r  dbg_hub/inst/BSCANID.u_xsdbm_id/SWITCH_N_EXT_BSCAN.bscan_switch/m_bscan_sel[0]_INST_0/O
                         net (fo=11, estimated)       0.599    10.234    dbg_hub/inst/BSCANID.u_xsdbm_id/CORE_XSDB.U_ICON/U_CMD/iTARGET_reg[6]_0
    SLICE_X114Y110       FDCE                                         f  dbg_hub/inst/BSCANID.u_xsdbm_id/CORE_XSDB.U_ICON/U_CMD/iTARGET_reg[9]/CLR  (IS_INVERTED)
  -------------------------------------------------------------------    -------------------

                         (clock dbg_hub/inst/BSCANID.u_xsdbm_id/SWITCH_N_EXT_BSCAN.bscan_inst/SERIES7_BSCAN.bscan_inst/TCK rise edge)
                                                     33.000    33.000 r  
    CONFIG_SITE_X0Y0     BSCANE2                      0.000    33.000 r  dbg_hub/inst/BSCANID.u_xsdbm_id/SWITCH_N_EXT_BSCAN.bscan_inst/SERIES7_BSCAN.bscan_inst/TCK
                         net (fo=1, estimated)        5.099    38.099    dbg_hub/inst/BSCANID.u_xsdbm_id/tck_bs
    BUFGCE_X1Y119        BUFGCE (Prop_BUFCE_BUFGCE_I_O)
                                                      0.075    38.174 r  dbg_hub/inst/BSCANID.u_xsdbm_id/SWITCH_N_EXT_BSCAN.u_bufg_icon_tck/O
    X4Y1 (CLOCK_ROOT)    net (fo=478, estimated)      2.941    41.115    dbg_hub/inst/BSCANID.u_xsdbm_id/CORE_XSDB.U_ICON/U_CMD/m_bscan_tck[0]
    SLICE_X114Y110       FDCE                                         r  dbg_hub/inst/BSCANID.u_xsdbm_id/CORE_XSDB.U_ICON/U_CMD/iTARGET_reg[9]/C
                         clock pessimism              0.507    41.622    
                         clock uncertainty           -0.035    41.587    
    SLICE_X114Y110       FDCE (Recov_HFF2_SLICEL_C_CLR)
                                                     -0.082    41.505    dbg_hub/inst/BSCANID.u_xsdbm_id/CORE_XSDB.U_ICON/U_CMD/iTARGET_reg[9]
  -------------------------------------------------------------------
                         required time                         41.505    
                         arrival time                         -10.234    
  -------------------------------------------------------------------
                         slack                                 31.271    

Slack (MET) :             31.816ns  (required time - arrival time)
  Source:                 dbg_hub/inst/BSCANID.u_xsdbm_id/CORE_XSDB.UUT_MASTER/U_ICON_INTERFACE/U_CMD6_RD/U_RD_FIFO/SUBCORE_FIFO.xsdbm_v3_0_0_rdfifo_inst/inst_fifo_gen/gconvfifo.rf/grf.rf/rstblk/ngwrdrst.grst.g7serrst.rd_rst_asreg_reg/C
                            (rising edge-triggered cell FDPE clocked by dbg_hub/inst/BSCANID.u_xsdbm_id/SWITCH_N_EXT_BSCAN.bscan_inst/SERIES7_BSCAN.bscan_inst/TCK  {rise@0.000ns fall@16.500ns period=33.000ns})
  Destination:            dbg_hub/inst/BSCANID.u_xsdbm_id/CORE_XSDB.UUT_MASTER/U_ICON_INTERFACE/U_CMD6_RD/U_RD_FIFO/SUBCORE_FIFO.xsdbm_v3_0_0_rdfifo_inst/inst_fifo_gen/gconvfifo.rf/grf.rf/rstblk/ngwrdrst.grst.g7serrst.rd_rst_reg_reg[0]/PRE
                            (recovery check against rising-edge clock dbg_hub/inst/BSCANID.u_xsdbm_id/SWITCH_N_EXT_BSCAN.bscan_inst/SERIES7_BSCAN.bscan_inst/TCK  {rise@0.000ns fall@16.500ns period=33.000ns})
  Path Group:             **async_default**
  Path Type:              Recovery (Max at Slow Process Corner)
  Requirement:            33.000ns  (dbg_hub/inst/BSCANID.u_xsdbm_id/SWITCH_N_EXT_BSCAN.bscan_inst/SERIES7_BSCAN.bscan_inst/TCK rise@33.000ns - dbg_hub/inst/BSCANID.u_xsdbm_id/SWITCH_N_EXT_BSCAN.bscan_inst/SERIES7_BSCAN.bscan_inst/TCK rise@0.000ns)
  Data Path Delay:        0.921ns  (logic 0.237ns (25.733%)  route 0.684ns (74.267%))
  Logic Levels:           1  (LUT2=1)
  Clock Path Skew:        -0.146ns (DCD - SCD + CPR)
    Destination Clock Delay (DCD):    8.118ns = ( 41.118 - 33.000 ) 
    Source Clock Delay      (SCD):    8.771ns
    Clock Pessimism Removal (CPR):    0.507ns
  Clock Uncertainty:      0.035ns  ((TSJ^2 + TIJ^2)^1/2 + DJ) / 2 + PE
    Total System Jitter     (TSJ):    0.071ns
    Total Input Jitter      (TIJ):    0.000ns
    Discrete Jitter          (DJ):    0.000ns
    Phase Error              (PE):    0.000ns
  Clock Net Delay (Source):      3.309ns (routing 2.034ns, distribution 1.275ns)
  Clock Net Delay (Destination): 2.944ns (routing 1.867ns, distribution 1.077ns)

    Location             Delay type                Incr(ns)  Path(ns)    Netlist Resource(s)
  -------------------------------------------------------------------    -------------------
                         (clock dbg_hub/inst/BSCANID.u_xsdbm_id/SWITCH_N_EXT_BSCAN.bscan_inst/SERIES7_BSCAN.bscan_inst/TCK rise edge)
                                                      0.000     0.000 r  
    CONFIG_SITE_X0Y0     BSCANE2                      0.000     0.000 r  dbg_hub/inst/BSCANID.u_xsdbm_id/SWITCH_N_EXT_BSCAN.bscan_inst/SERIES7_BSCAN.bscan_inst/TCK
                         net (fo=1, estimated)        5.379     5.379    dbg_hub/inst/BSCANID.u_xsdbm_id/tck_bs
    BUFGCE_X1Y119        BUFGCE (Prop_BUFCE_BUFGCE_I_O)
                                                      0.083     5.462 r  dbg_hub/inst/BSCANID.u_xsdbm_id/SWITCH_N_EXT_BSCAN.u_bufg_icon_tck/O
    X4Y1 (CLOCK_ROOT)    net (fo=478, estimated)      3.309     8.771    dbg_hub/inst/BSCANID.u_xsdbm_id/CORE_XSDB.UUT_MASTER/U_ICON_INTERFACE/U_CMD6_RD/U_RD_FIFO/SUBCORE_FIFO.xsdbm_v3_0_0_rdfifo_inst/inst_fifo_gen/gconvfifo.rf/grf.rf/rstblk/rd_clk
    SLICE_X112Y107       FDPE                                         r  dbg_hub/inst/BSCANID.u_xsdbm_id/CORE_XSDB.UUT_MASTER/U_ICON_INTERFACE/U_CMD6_RD/U_RD_FIFO/SUBCORE_FIFO.xsdbm_v3_0_0_rdfifo_inst/inst_fifo_gen/gconvfifo.rf/grf.rf/rstblk/ngwrdrst.grst.g7serrst.rd_rst_asreg_reg/C
  -------------------------------------------------------------------    -------------------
    SLICE_X112Y107       FDPE (Prop_HFF2_SLICEM_C_Q)
                                                      0.117     8.888 f  dbg_hub/inst/BSCANID.u_xsdbm_id/CORE_XSDB.UUT_MASTER/U_ICON_INTERFACE/U_CMD6_RD/U_RD_FIFO/SUBCORE_FIFO.xsdbm_v3_0_0_rdfifo_inst/inst_fifo_gen/gconvfifo.rf/grf.rf/rstblk/ngwrdrst.grst.g7serrst.rd_rst_asreg_reg/Q
                         net (fo=3, estimated)        0.311     9.199    dbg_hub/inst/BSCANID.u_xsdbm_id/CORE_XSDB.UUT_MASTER/U_ICON_INTERFACE/U_CMD6_RD/U_RD_FIFO/SUBCORE_FIFO.xsdbm_v3_0_0_rdfifo_inst/inst_fifo_gen/gconvfifo.rf/grf.rf/rstblk/ngwrdrst.grst.g7serrst.gwrrd_rst_sync_stage[2].rrst_inst/in0[0]
    SLICE_X112Y107       LUT2 (Prop_H6LUT_SLICEM_I0_O)
                                                      0.120     9.319 f  dbg_hub/inst/BSCANID.u_xsdbm_id/CORE_XSDB.UUT_MASTER/U_ICON_INTERFACE/U_CMD6_RD/U_RD_FIFO/SUBCORE_FIFO.xsdbm_v3_0_0_rdfifo_inst/inst_fifo_gen/gconvfifo.rf/grf.rf/rstblk/ngwrdrst.grst.g7serrst.gwrrd_rst_sync_stage[2].rrst_inst/ngwrdrst.grst.g7serrst.rd_rst_reg[2]_i_1/O
                         net (fo=3, estimated)        0.373     9.692    dbg_hub/inst/BSCANID.u_xsdbm_id/CORE_XSDB.UUT_MASTER/U_ICON_INTERFACE/U_CMD6_RD/U_RD_FIFO/SUBCORE_FIFO.xsdbm_v3_0_0_rdfifo_inst/inst_fifo_gen/gconvfifo.rf/grf.rf/rstblk/rd_rst_comb
    SLICE_X110Y108       FDPE                                         f  dbg_hub/inst/BSCANID.u_xsdbm_id/CORE_XSDB.UUT_MASTER/U_ICON_INTERFACE/U_CMD6_RD/U_RD_FIFO/SUBCORE_FIFO.xsdbm_v3_0_0_rdfifo_inst/inst_fifo_gen/gconvfifo.rf/grf.rf/rstblk/ngwrdrst.grst.g7serrst.rd_rst_reg_reg[0]/PRE
  -------------------------------------------------------------------    -------------------

                         (clock dbg_hub/inst/BSCANID.u_xsdbm_id/SWITCH_N_EXT_BSCAN.bscan_inst/SERIES7_BSCAN.bscan_inst/TCK rise edge)
                                                     33.000    33.000 r  
    CONFIG_SITE_X0Y0     BSCANE2                      0.000    33.000 r  dbg_hub/inst/BSCANID.u_xsdbm_id/SWITCH_N_EXT_BSCAN.bscan_inst/SERIES7_BSCAN.bscan_inst/TCK
                         net (fo=1, estimated)        5.099    38.099    dbg_hub/inst/BSCANID.u_xsdbm_id/tck_bs
    BUFGCE_X1Y119        BUFGCE (Prop_BUFCE_BUFGCE_I_O)
                                                      0.075    38.174 r  dbg_hub/inst/BSCANID.u_xsdbm_id/SWITCH_N_EXT_BSCAN.u_bufg_icon_tck/O
    X4Y1 (CLOCK_ROOT)    net (fo=478, estimated)      2.944    41.118    dbg_hub/inst/BSCANID.u_xsdbm_id/CORE_XSDB.UUT_MASTER/U_ICON_INTERFACE/U_CMD6_RD/U_RD_FIFO/SUBCORE_FIFO.xsdbm_v3_0_0_rdfifo_inst/inst_fifo_gen/gconvfifo.rf/grf.rf/rstblk/rd_clk
    SLICE_X110Y108       FDPE                                         r  dbg_hub/inst/BSCANID.u_xsdbm_id/CORE_XSDB.UUT_MASTER/U_ICON_INTERFACE/U_CMD6_RD/U_RD_FIFO/SUBCORE_FIFO.xsdbm_v3_0_0_rdfifo_inst/inst_fifo_gen/gconvfifo.rf/grf.rf/rstblk/ngwrdrst.grst.g7serrst.rd_rst_reg_reg[0]/C
                         clock pessimism              0.507    41.625    
                         clock uncertainty           -0.035    41.590    
    SLICE_X110Y108       FDPE (Recov_EFF_SLICEM_C_PRE)
                                                     -0.082    41.508    dbg_hub/inst/BSCANID.u_xsdbm_id/CORE_XSDB.UUT_MASTER/U_ICON_INTERFACE/U_CMD6_RD/U_RD_FIFO/SUBCORE_FIFO.xsdbm_v3_0_0_rdfifo_inst/inst_fifo_gen/gconvfifo.rf/grf.rf/rstblk/ngwrdrst.grst.g7serrst.rd_rst_reg_reg[0]
  -------------------------------------------------------------------
                         required time                         41.508    
                         arrival time                          -9.692    
  -------------------------------------------------------------------
                         slack                                 31.816    

Slack (MET) :             31.816ns  (required time - arrival time)
  Source:                 dbg_hub/inst/BSCANID.u_xsdbm_id/CORE_XSDB.UUT_MASTER/U_ICON_INTERFACE/U_CMD6_RD/U_RD_FIFO/SUBCORE_FIFO.xsdbm_v3_0_0_rdfifo_inst/inst_fifo_gen/gconvfifo.rf/grf.rf/rstblk/ngwrdrst.grst.g7serrst.rd_rst_asreg_reg/C
                            (rising edge-triggered cell FDPE clocked by dbg_hub/inst/BSCANID.u_xsdbm_id/SWITCH_N_EXT_BSCAN.bscan_inst/SERIES7_BSCAN.bscan_inst/TCK  {rise@0.000ns fall@16.500ns period=33.000ns})
  Destination:            dbg_hub/inst/BSCANID.u_xsdbm_id/CORE_XSDB.UUT_MASTER/U_ICON_INTERFACE/U_CMD6_RD/U_RD_FIFO/SUBCORE_FIFO.xsdbm_v3_0_0_rdfifo_inst/inst_fifo_gen/gconvfifo.rf/grf.rf/rstblk/ngwrdrst.grst.g7serrst.rd_rst_reg_reg[1]/PRE
                            (recovery check against rising-edge clock dbg_hub/inst/BSCANID.u_xsdbm_id/SWITCH_N_EXT_BSCAN.bscan_inst/SERIES7_BSCAN.bscan_inst/TCK  {rise@0.000ns fall@16.500ns period=33.000ns})
  Path Group:             **async_default**
  Path Type:              Recovery (Max at Slow Process Corner)
  Requirement:            33.000ns  (dbg_hub/inst/BSCANID.u_xsdbm_id/SWITCH_N_EXT_BSCAN.bscan_inst/SERIES7_BSCAN.bscan_inst/TCK rise@33.000ns - dbg_hub/inst/BSCANID.u_xsdbm_id/SWITCH_N_EXT_BSCAN.bscan_inst/SERIES7_BSCAN.bscan_inst/TCK rise@0.000ns)
  Data Path Delay:        0.921ns  (logic 0.237ns (25.733%)  route 0.684ns (74.267%))
  Logic Levels:           1  (LUT2=1)
  Clock Path Skew:        -0.146ns (DCD - SCD + CPR)
    Destination Clock Delay (DCD):    8.118ns = ( 41.118 - 33.000 ) 
    Source Clock Delay      (SCD):    8.771ns
    Clock Pessimism Removal (CPR):    0.507ns
  Clock Uncertainty:      0.035ns  ((TSJ^2 + TIJ^2)^1/2 + DJ) / 2 + PE
    Total System Jitter     (TSJ):    0.071ns
    Total Input Jitter      (TIJ):    0.000ns
    Discrete Jitter          (DJ):    0.000ns
    Phase Error              (PE):    0.000ns
  Clock Net Delay (Source):      3.309ns (routing 2.034ns, distribution 1.275ns)
  Clock Net Delay (Destination): 2.944ns (routing 1.867ns, distribution 1.077ns)

    Location             Delay type                Incr(ns)  Path(ns)    Netlist Resource(s)
  -------------------------------------------------------------------    -------------------
                         (clock dbg_hub/inst/BSCANID.u_xsdbm_id/SWITCH_N_EXT_BSCAN.bscan_inst/SERIES7_BSCAN.bscan_inst/TCK rise edge)
                                                      0.000     0.000 r  
    CONFIG_SITE_X0Y0     BSCANE2                      0.000     0.000 r  dbg_hub/inst/BSCANID.u_xsdbm_id/SWITCH_N_EXT_BSCAN.bscan_inst/SERIES7_BSCAN.bscan_inst/TCK
                         net (fo=1, estimated)        5.379     5.379    dbg_hub/inst/BSCANID.u_xsdbm_id/tck_bs
    BUFGCE_X1Y119        BUFGCE (Prop_BUFCE_BUFGCE_I_O)
                                                      0.083     5.462 r  dbg_hub/inst/BSCANID.u_xsdbm_id/SWITCH_N_EXT_BSCAN.u_bufg_icon_tck/O
    X4Y1 (CLOCK_ROOT)    net (fo=478, estimated)      3.309     8.771    dbg_hub/inst/BSCANID.u_xsdbm_id/CORE_XSDB.UUT_MASTER/U_ICON_INTERFACE/U_CMD6_RD/U_RD_FIFO/SUBCORE_FIFO.xsdbm_v3_0_0_rdfifo_inst/inst_fifo_gen/gconvfifo.rf/grf.rf/rstblk/rd_clk
    SLICE_X112Y107       FDPE                                         r  dbg_hub/inst/BSCANID.u_xsdbm_id/CORE_XSDB.UUT_MASTER/U_ICON_INTERFACE/U_CMD6_RD/U_RD_FIFO/SUBCORE_FIFO.xsdbm_v3_0_0_rdfifo_inst/inst_fifo_gen/gconvfifo.rf/grf.rf/rstblk/ngwrdrst.grst.g7serrst.rd_rst_asreg_reg/C
  -------------------------------------------------------------------    -------------------
    SLICE_X112Y107       FDPE (Prop_HFF2_SLICEM_C_Q)
                                                      0.117     8.888 f  dbg_hub/inst/BSCANID.u_xsdbm_id/CORE_XSDB.UUT_MASTER/U_ICON_INTERFACE/U_CMD6_RD/U_RD_FIFO/SUBCORE_FIFO.xsdbm_v3_0_0_rdfifo_inst/inst_fifo_gen/gconvfifo.rf/grf.rf/rstblk/ngwrdrst.grst.g7serrst.rd_rst_asreg_reg/Q
                         net (fo=3, estimated)        0.311     9.199    dbg_hub/inst/BSCANID.u_xsdbm_id/CORE_XSDB.UUT_MASTER/U_ICON_INTERFACE/U_CMD6_RD/U_RD_FIFO/SUBCORE_FIFO.xsdbm_v3_0_0_rdfifo_inst/inst_fifo_gen/gconvfifo.rf/grf.rf/rstblk/ngwrdrst.grst.g7serrst.gwrrd_rst_sync_stage[2].rrst_inst/in0[0]
    SLICE_X112Y107       LUT2 (Prop_H6LUT_SLICEM_I0_O)
                                                      0.120     9.319 f  dbg_hub/inst/BSCANID.u_xsdbm_id/CORE_XSDB.UUT_MASTER/U_ICON_INTERFACE/U_CMD6_RD/U_RD_FIFO/SUBCORE_FIFO.xsdbm_v3_0_0_rdfifo_inst/inst_fifo_gen/gconvfifo.rf/grf.rf/rstblk/ngwrdrst.grst.g7serrst.gwrrd_rst_sync_stage[2].rrst_inst/ngwrdrst.grst.g7serrst.rd_rst_reg[2]_i_1/O
                         net (fo=3, estimated)        0.373     9.692    dbg_hub/inst/BSCANID.u_xsdbm_id/CORE_XSDB.UUT_MASTER/U_ICON_INTERFACE/U_CMD6_RD/U_RD_FIFO/SUBCORE_FIFO.xsdbm_v3_0_0_rdfifo_inst/inst_fifo_gen/gconvfifo.rf/grf.rf/rstblk/rd_rst_comb
    SLICE_X110Y108       FDPE                                         f  dbg_hub/inst/BSCANID.u_xsdbm_id/CORE_XSDB.UUT_MASTER/U_ICON_INTERFACE/U_CMD6_RD/U_RD_FIFO/SUBCORE_FIFO.xsdbm_v3_0_0_rdfifo_inst/inst_fifo_gen/gconvfifo.rf/grf.rf/rstblk/ngwrdrst.grst.g7serrst.rd_rst_reg_reg[1]/PRE
  -------------------------------------------------------------------    -------------------

                         (clock dbg_hub/inst/BSCANID.u_xsdbm_id/SWITCH_N_EXT_BSCAN.bscan_inst/SERIES7_BSCAN.bscan_inst/TCK rise edge)
                                                     33.000    33.000 r  
    CONFIG_SITE_X0Y0     BSCANE2                      0.000    33.000 r  dbg_hub/inst/BSCANID.u_xsdbm_id/SWITCH_N_EXT_BSCAN.bscan_inst/SERIES7_BSCAN.bscan_inst/TCK
                         net (fo=1, estimated)        5.099    38.099    dbg_hub/inst/BSCANID.u_xsdbm_id/tck_bs
    BUFGCE_X1Y119        BUFGCE (Prop_BUFCE_BUFGCE_I_O)
                                                      0.075    38.174 r  dbg_hub/inst/BSCANID.u_xsdbm_id/SWITCH_N_EXT_BSCAN.u_bufg_icon_tck/O
    X4Y1 (CLOCK_ROOT)    net (fo=478, estimated)      2.944    41.118    dbg_hub/inst/BSCANID.u_xsdbm_id/CORE_XSDB.UUT_MASTER/U_ICON_INTERFACE/U_CMD6_RD/U_RD_FIFO/SUBCORE_FIFO.xsdbm_v3_0_0_rdfifo_inst/inst_fifo_gen/gconvfifo.rf/grf.rf/rstblk/rd_clk
    SLICE_X110Y108       FDPE                                         r  dbg_hub/inst/BSCANID.u_xsdbm_id/CORE_XSDB.UUT_MASTER/U_ICON_INTERFACE/U_CMD6_RD/U_RD_FIFO/SUBCORE_FIFO.xsdbm_v3_0_0_rdfifo_inst/inst_fifo_gen/gconvfifo.rf/grf.rf/rstblk/ngwrdrst.grst.g7serrst.rd_rst_reg_reg[1]/C
                         clock pessimism              0.507    41.625    
                         clock uncertainty           -0.035    41.590    
    SLICE_X110Y108       FDPE (Recov_EFF2_SLICEM_C_PRE)
                                                     -0.082    41.508    dbg_hub/inst/BSCANID.u_xsdbm_id/CORE_XSDB.UUT_MASTER/U_ICON_INTERFACE/U_CMD6_RD/U_RD_FIFO/SUBCORE_FIFO.xsdbm_v3_0_0_rdfifo_inst/inst_fifo_gen/gconvfifo.rf/grf.rf/rstblk/ngwrdrst.grst.g7serrst.rd_rst_reg_reg[1]
  -------------------------------------------------------------------
                         required time                         41.508    
                         arrival time                          -9.692    
  -------------------------------------------------------------------
                         slack                                 31.816    

Slack (MET) :             31.816ns  (required time - arrival time)
  Source:                 dbg_hub/inst/BSCANID.u_xsdbm_id/CORE_XSDB.UUT_MASTER/U_ICON_INTERFACE/U_CMD6_RD/U_RD_FIFO/SUBCORE_FIFO.xsdbm_v3_0_0_rdfifo_inst/inst_fifo_gen/gconvfifo.rf/grf.rf/rstblk/ngwrdrst.grst.g7serrst.rd_rst_asreg_reg/C
                            (rising edge-triggered cell FDPE clocked by dbg_hub/inst/BSCANID.u_xsdbm_id/SWITCH_N_EXT_BSCAN.bscan_inst/SERIES7_BSCAN.bscan_inst/TCK  {rise@0.000ns fall@16.500ns period=33.000ns})
  Destination:            dbg_hub/inst/BSCANID.u_xsdbm_id/CORE_XSDB.UUT_MASTER/U_ICON_INTERFACE/U_CMD6_RD/U_RD_FIFO/SUBCORE_FIFO.xsdbm_v3_0_0_rdfifo_inst/inst_fifo_gen/gconvfifo.rf/grf.rf/rstblk/ngwrdrst.grst.g7serrst.rd_rst_reg_reg[2]/PRE
                            (recovery check against rising-edge clock dbg_hub/inst/BSCANID.u_xsdbm_id/SWITCH_N_EXT_BSCAN.bscan_inst/SERIES7_BSCAN.bscan_inst/TCK  {rise@0.000ns fall@16.500ns period=33.000ns})
  Path Group:             **async_default**
  Path Type:              Recovery (Max at Slow Process Corner)
  Requirement:            33.000ns  (dbg_hub/inst/BSCANID.u_xsdbm_id/SWITCH_N_EXT_BSCAN.bscan_inst/SERIES7_BSCAN.bscan_inst/TCK rise@33.000ns - dbg_hub/inst/BSCANID.u_xsdbm_id/SWITCH_N_EXT_BSCAN.bscan_inst/SERIES7_BSCAN.bscan_inst/TCK rise@0.000ns)
  Data Path Delay:        0.921ns  (logic 0.237ns (25.733%)  route 0.684ns (74.267%))
  Logic Levels:           1  (LUT2=1)
  Clock Path Skew:        -0.146ns (DCD - SCD + CPR)
    Destination Clock Delay (DCD):    8.118ns = ( 41.118 - 33.000 ) 
    Source Clock Delay      (SCD):    8.771ns
    Clock Pessimism Removal (CPR):    0.507ns
  Clock Uncertainty:      0.035ns  ((TSJ^2 + TIJ^2)^1/2 + DJ) / 2 + PE
    Total System Jitter     (TSJ):    0.071ns
    Total Input Jitter      (TIJ):    0.000ns
    Discrete Jitter          (DJ):    0.000ns
    Phase Error              (PE):    0.000ns
  Clock Net Delay (Source):      3.309ns (routing 2.034ns, distribution 1.275ns)
  Clock Net Delay (Destination): 2.944ns (routing 1.867ns, distribution 1.077ns)

    Location             Delay type                Incr(ns)  Path(ns)    Netlist Resource(s)
  -------------------------------------------------------------------    -------------------
                         (clock dbg_hub/inst/BSCANID.u_xsdbm_id/SWITCH_N_EXT_BSCAN.bscan_inst/SERIES7_BSCAN.bscan_inst/TCK rise edge)
                                                      0.000     0.000 r  
    CONFIG_SITE_X0Y0     BSCANE2                      0.000     0.000 r  dbg_hub/inst/BSCANID.u_xsdbm_id/SWITCH_N_EXT_BSCAN.bscan_inst/SERIES7_BSCAN.bscan_inst/TCK
                         net (fo=1, estimated)        5.379     5.379    dbg_hub/inst/BSCANID.u_xsdbm_id/tck_bs
    BUFGCE_X1Y119        BUFGCE (Prop_BUFCE_BUFGCE_I_O)
                                                      0.083     5.462 r  dbg_hub/inst/BSCANID.u_xsdbm_id/SWITCH_N_EXT_BSCAN.u_bufg_icon_tck/O
    X4Y1 (CLOCK_ROOT)    net (fo=478, estimated)      3.309     8.771    dbg_hub/inst/BSCANID.u_xsdbm_id/CORE_XSDB.UUT_MASTER/U_ICON_INTERFACE/U_CMD6_RD/U_RD_FIFO/SUBCORE_FIFO.xsdbm_v3_0_0_rdfifo_inst/inst_fifo_gen/gconvfifo.rf/grf.rf/rstblk/rd_clk
    SLICE_X112Y107       FDPE                                         r  dbg_hub/inst/BSCANID.u_xsdbm_id/CORE_XSDB.UUT_MASTER/U_ICON_INTERFACE/U_CMD6_RD/U_RD_FIFO/SUBCORE_FIFO.xsdbm_v3_0_0_rdfifo_inst/inst_fifo_gen/gconvfifo.rf/grf.rf/rstblk/ngwrdrst.grst.g7serrst.rd_rst_asreg_reg/C
  -------------------------------------------------------------------    -------------------
    SLICE_X112Y107       FDPE (Prop_HFF2_SLICEM_C_Q)
                                                      0.117     8.888 f  dbg_hub/inst/BSCANID.u_xsdbm_id/CORE_XSDB.UUT_MASTER/U_ICON_INTERFACE/U_CMD6_RD/U_RD_FIFO/SUBCORE_FIFO.xsdbm_v3_0_0_rdfifo_inst/inst_fifo_gen/gconvfifo.rf/grf.rf/rstblk/ngwrdrst.grst.g7serrst.rd_rst_asreg_reg/Q
                         net (fo=3, estimated)        0.311     9.199    dbg_hub/inst/BSCANID.u_xsdbm_id/CORE_XSDB.UUT_MASTER/U_ICON_INTERFACE/U_CMD6_RD/U_RD_FIFO/SUBCORE_FIFO.xsdbm_v3_0_0_rdfifo_inst/inst_fifo_gen/gconvfifo.rf/grf.rf/rstblk/ngwrdrst.grst.g7serrst.gwrrd_rst_sync_stage[2].rrst_inst/in0[0]
    SLICE_X112Y107       LUT2 (Prop_H6LUT_SLICEM_I0_O)
                                                      0.120     9.319 f  dbg_hub/inst/BSCANID.u_xsdbm_id/CORE_XSDB.UUT_MASTER/U_ICON_INTERFACE/U_CMD6_RD/U_RD_FIFO/SUBCORE_FIFO.xsdbm_v3_0_0_rdfifo_inst/inst_fifo_gen/gconvfifo.rf/grf.rf/rstblk/ngwrdrst.grst.g7serrst.gwrrd_rst_sync_stage[2].rrst_inst/ngwrdrst.grst.g7serrst.rd_rst_reg[2]_i_1/O
                         net (fo=3, estimated)        0.373     9.692    dbg_hub/inst/BSCANID.u_xsdbm_id/CORE_XSDB.UUT_MASTER/U_ICON_INTERFACE/U_CMD6_RD/U_RD_FIFO/SUBCORE_FIFO.xsdbm_v3_0_0_rdfifo_inst/inst_fifo_gen/gconvfifo.rf/grf.rf/rstblk/rd_rst_comb
    SLICE_X110Y108       FDPE                                         f  dbg_hub/inst/BSCANID.u_xsdbm_id/CORE_XSDB.UUT_MASTER/U_ICON_INTERFACE/U_CMD6_RD/U_RD_FIFO/SUBCORE_FIFO.xsdbm_v3_0_0_rdfifo_inst/inst_fifo_gen/gconvfifo.rf/grf.rf/rstblk/ngwrdrst.grst.g7serrst.rd_rst_reg_reg[2]/PRE
  -------------------------------------------------------------------    -------------------

                         (clock dbg_hub/inst/BSCANID.u_xsdbm_id/SWITCH_N_EXT_BSCAN.bscan_inst/SERIES7_BSCAN.bscan_inst/TCK rise edge)
                                                     33.000    33.000 r  
    CONFIG_SITE_X0Y0     BSCANE2                      0.000    33.000 r  dbg_hub/inst/BSCANID.u_xsdbm_id/SWITCH_N_EXT_BSCAN.bscan_inst/SERIES7_BSCAN.bscan_inst/TCK
                         net (fo=1, estimated)        5.099    38.099    dbg_hub/inst/BSCANID.u_xsdbm_id/tck_bs
    BUFGCE_X1Y119        BUFGCE (Prop_BUFCE_BUFGCE_I_O)
                                                      0.075    38.174 r  dbg_hub/inst/BSCANID.u_xsdbm_id/SWITCH_N_EXT_BSCAN.u_bufg_icon_tck/O
    X4Y1 (CLOCK_ROOT)    net (fo=478, estimated)      2.944    41.118    dbg_hub/inst/BSCANID.u_xsdbm_id/CORE_XSDB.UUT_MASTER/U_ICON_INTERFACE/U_CMD6_RD/U_RD_FIFO/SUBCORE_FIFO.xsdbm_v3_0_0_rdfifo_inst/inst_fifo_gen/gconvfifo.rf/grf.rf/rstblk/rd_clk
    SLICE_X110Y108       FDPE                                         r  dbg_hub/inst/BSCANID.u_xsdbm_id/CORE_XSDB.UUT_MASTER/U_ICON_INTERFACE/U_CMD6_RD/U_RD_FIFO/SUBCORE_FIFO.xsdbm_v3_0_0_rdfifo_inst/inst_fifo_gen/gconvfifo.rf/grf.rf/rstblk/ngwrdrst.grst.g7serrst.rd_rst_reg_reg[2]/C
                         clock pessimism              0.507    41.625    
                         clock uncertainty           -0.035    41.590    
    SLICE_X110Y108       FDPE (Recov_FFF_SLICEM_C_PRE)
                                                     -0.082    41.508    dbg_hub/inst/BSCANID.u_xsdbm_id/CORE_XSDB.UUT_MASTER/U_ICON_INTERFACE/U_CMD6_RD/U_RD_FIFO/SUBCORE_FIFO.xsdbm_v3_0_0_rdfifo_inst/inst_fifo_gen/gconvfifo.rf/grf.rf/rstblk/ngwrdrst.grst.g7serrst.rd_rst_reg_reg[2]
  -------------------------------------------------------------------
                         required time                         41.508    
                         arrival time                          -9.692    
  -------------------------------------------------------------------
                         slack                                 31.816    

Slack (MET) :             31.912ns  (required time - arrival time)
  Source:                 dbg_hub/inst/BSCANID.u_xsdbm_id/CORE_XSDB.UUT_MASTER/U_ICON_INTERFACE/U_CMD6_WR/U_WR_FIFO/SUBCORE_FIFO.xsdbm_v3_0_0_wrfifo_inst/inst_fifo_gen/gconvfifo.rf/grf.rf/rstblk/ngwrdrst.grst.g7serrst.wr_rst_asreg_reg/C
                            (rising edge-triggered cell FDPE clocked by dbg_hub/inst/BSCANID.u_xsdbm_id/SWITCH_N_EXT_BSCAN.bscan_inst/SERIES7_BSCAN.bscan_inst/TCK  {rise@0.000ns fall@16.500ns period=33.000ns})
  Destination:            dbg_hub/inst/BSCANID.u_xsdbm_id/CORE_XSDB.UUT_MASTER/U_ICON_INTERFACE/U_CMD6_WR/U_WR_FIFO/SUBCORE_FIFO.xsdbm_v3_0_0_wrfifo_inst/inst_fifo_gen/gconvfifo.rf/grf.rf/rstblk/ngwrdrst.grst.g7serrst.wr_rst_reg_reg[0]/PRE
                            (recovery check against rising-edge clock dbg_hub/inst/BSCANID.u_xsdbm_id/SWITCH_N_EXT_BSCAN.bscan_inst/SERIES7_BSCAN.bscan_inst/TCK  {rise@0.000ns fall@16.500ns period=33.000ns})
  Path Group:             **async_default**
  Path Type:              Recovery (Max at Slow Process Corner)
  Requirement:            33.000ns  (dbg_hub/inst/BSCANID.u_xsdbm_id/SWITCH_N_EXT_BSCAN.bscan_inst/SERIES7_BSCAN.bscan_inst/TCK rise@33.000ns - dbg_hub/inst/BSCANID.u_xsdbm_id/SWITCH_N_EXT_BSCAN.bscan_inst/SERIES7_BSCAN.bscan_inst/TCK rise@0.000ns)
  Data Path Delay:        0.874ns  (logic 0.190ns (21.739%)  route 0.684ns (78.261%))
  Logic Levels:           1  (LUT2=1)
  Clock Path Skew:        -0.096ns (DCD - SCD + CPR)
    Destination Clock Delay (DCD):    8.146ns = ( 41.146 - 33.000 ) 
    Source Clock Delay      (SCD):    8.806ns
    Clock Pessimism Removal (CPR):    0.564ns
  Clock Uncertainty:      0.035ns  ((TSJ^2 + TIJ^2)^1/2 + DJ) / 2 + PE
    Total System Jitter     (TSJ):    0.071ns
    Total Input Jitter      (TIJ):    0.000ns
    Discrete Jitter          (DJ):    0.000ns
    Phase Error              (PE):    0.000ns
  Clock Net Delay (Source):      3.344ns (routing 2.034ns, distribution 1.310ns)
  Clock Net Delay (Destination): 2.972ns (routing 1.867ns, distribution 1.105ns)

    Location             Delay type                Incr(ns)  Path(ns)    Netlist Resource(s)
  -------------------------------------------------------------------    -------------------
                         (clock dbg_hub/inst/BSCANID.u_xsdbm_id/SWITCH_N_EXT_BSCAN.bscan_inst/SERIES7_BSCAN.bscan_inst/TCK rise edge)
                                                      0.000     0.000 r  
    CONFIG_SITE_X0Y0     BSCANE2                      0.000     0.000 r  dbg_hub/inst/BSCANID.u_xsdbm_id/SWITCH_N_EXT_BSCAN.bscan_inst/SERIES7_BSCAN.bscan_inst/TCK
                         net (fo=1, estimated)        5.379     5.379    dbg_hub/inst/BSCANID.u_xsdbm_id/tck_bs
    BUFGCE_X1Y119        BUFGCE (Prop_BUFCE_BUFGCE_I_O)
                                                      0.083     5.462 r  dbg_hub/inst/BSCANID.u_xsdbm_id/SWITCH_N_EXT_BSCAN.u_bufg_icon_tck/O
    X4Y1 (CLOCK_ROOT)    net (fo=478, estimated)      3.344     8.806    dbg_hub/inst/BSCANID.u_xsdbm_id/CORE_XSDB.UUT_MASTER/U_ICON_INTERFACE/U_CMD6_WR/U_WR_FIFO/SUBCORE_FIFO.xsdbm_v3_0_0_wrfifo_inst/inst_fifo_gen/gconvfifo.rf/grf.rf/rstblk/wr_clk
    SLICE_X113Y124       FDPE                                         r  dbg_hub/inst/BSCANID.u_xsdbm_id/CORE_XSDB.UUT_MASTER/U_ICON_INTERFACE/U_CMD6_WR/U_WR_FIFO/SUBCORE_FIFO.xsdbm_v3_0_0_wrfifo_inst/inst_fifo_gen/gconvfifo.rf/grf.rf/rstblk/ngwrdrst.grst.g7serrst.wr_rst_asreg_reg/C
  -------------------------------------------------------------------    -------------------
    SLICE_X113Y124       FDPE (Prop_DFF2_SLICEM_C_Q)
                                                      0.117     8.923 f  dbg_hub/inst/BSCANID.u_xsdbm_id/CORE_XSDB.UUT_MASTER/U_ICON_INTERFACE/U_CMD6_WR/U_WR_FIFO/SUBCORE_FIFO.xsdbm_v3_0_0_wrfifo_inst/inst_fifo_gen/gconvfifo.rf/grf.rf/rstblk/ngwrdrst.grst.g7serrst.wr_rst_asreg_reg/Q
                         net (fo=3, estimated)        0.246     9.169    dbg_hub/inst/BSCANID.u_xsdbm_id/CORE_XSDB.UUT_MASTER/U_ICON_INTERFACE/U_CMD6_WR/U_WR_FIFO/SUBCORE_FIFO.xsdbm_v3_0_0_wrfifo_inst/inst_fifo_gen/gconvfifo.rf/grf.rf/rstblk/ngwrdrst.grst.g7serrst.gwrrd_rst_sync_stage[2].wrst_inst/in0[0]
    SLICE_X113Y124       LUT2 (Prop_H6LUT_SLICEM_I0_O)
                                                      0.073     9.242 f  dbg_hub/inst/BSCANID.u_xsdbm_id/CORE_XSDB.UUT_MASTER/U_ICON_INTERFACE/U_CMD6_WR/U_WR_FIFO/SUBCORE_FIFO.xsdbm_v3_0_0_wrfifo_inst/inst_fifo_gen/gconvfifo.rf/grf.rf/rstblk/ngwrdrst.grst.g7serrst.gwrrd_rst_sync_stage[2].wrst_inst/ngwrdrst.grst.g7serrst.wr_rst_reg[2]_i_1/O
                         net (fo=3, estimated)        0.438     9.680    dbg_hub/inst/BSCANID.u_xsdbm_id/CORE_XSDB.UUT_MASTER/U_ICON_INTERFACE/U_CMD6_WR/U_WR_FIFO/SUBCORE_FIFO.xsdbm_v3_0_0_wrfifo_inst/inst_fifo_gen/gconvfifo.rf/grf.rf/rstblk/wr_rst_comb
    SLICE_X113Y120       FDPE                                         f  dbg_hub/inst/BSCANID.u_xsdbm_id/CORE_XSDB.UUT_MASTER/U_ICON_INTERFACE/U_CMD6_WR/U_WR_FIFO/SUBCORE_FIFO.xsdbm_v3_0_0_wrfifo_inst/inst_fifo_gen/gconvfifo.rf/grf.rf/rstblk/ngwrdrst.grst.g7serrst.wr_rst_reg_reg[0]/PRE
  -------------------------------------------------------------------    -------------------

                         (clock dbg_hub/inst/BSCANID.u_xsdbm_id/SWITCH_N_EXT_BSCAN.bscan_inst/SERIES7_BSCAN.bscan_inst/TCK rise edge)
                                                     33.000    33.000 r  
    CONFIG_SITE_X0Y0     BSCANE2                      0.000    33.000 r  dbg_hub/inst/BSCANID.u_xsdbm_id/SWITCH_N_EXT_BSCAN.bscan_inst/SERIES7_BSCAN.bscan_inst/TCK
                         net (fo=1, estimated)        5.099    38.099    dbg_hub/inst/BSCANID.u_xsdbm_id/tck_bs
    BUFGCE_X1Y119        BUFGCE (Prop_BUFCE_BUFGCE_I_O)
                                                      0.075    38.174 r  dbg_hub/inst/BSCANID.u_xsdbm_id/SWITCH_N_EXT_BSCAN.u_bufg_icon_tck/O
    X4Y1 (CLOCK_ROOT)    net (fo=478, estimated)      2.972    41.146    dbg_hub/inst/BSCANID.u_xsdbm_id/CORE_XSDB.UUT_MASTER/U_ICON_INTERFACE/U_CMD6_WR/U_WR_FIFO/SUBCORE_FIFO.xsdbm_v3_0_0_wrfifo_inst/inst_fifo_gen/gconvfifo.rf/grf.rf/rstblk/wr_clk
    SLICE_X113Y120       FDPE                                         r  dbg_hub/inst/BSCANID.u_xsdbm_id/CORE_XSDB.UUT_MASTER/U_ICON_INTERFACE/U_CMD6_WR/U_WR_FIFO/SUBCORE_FIFO.xsdbm_v3_0_0_wrfifo_inst/inst_fifo_gen/gconvfifo.rf/grf.rf/rstblk/ngwrdrst.grst.g7serrst.wr_rst_reg_reg[0]/C
                         clock pessimism              0.564    41.710    
                         clock uncertainty           -0.035    41.674    
    SLICE_X113Y120       FDPE (Recov_EFF_SLICEM_C_PRE)
                                                     -0.082    41.592    dbg_hub/inst/BSCANID.u_xsdbm_id/CORE_XSDB.UUT_MASTER/U_ICON_INTERFACE/U_CMD6_WR/U_WR_FIFO/SUBCORE_FIFO.xsdbm_v3_0_0_wrfifo_inst/inst_fifo_gen/gconvfifo.rf/grf.rf/rstblk/ngwrdrst.grst.g7serrst.wr_rst_reg_reg[0]
  -------------------------------------------------------------------
                         required time                         41.592    
                         arrival time                          -9.680    
  -------------------------------------------------------------------
                         slack                                 31.912    

Slack (MET) :             31.912ns  (required time - arrival time)
  Source:                 dbg_hub/inst/BSCANID.u_xsdbm_id/CORE_XSDB.UUT_MASTER/U_ICON_INTERFACE/U_CMD6_WR/U_WR_FIFO/SUBCORE_FIFO.xsdbm_v3_0_0_wrfifo_inst/inst_fifo_gen/gconvfifo.rf/grf.rf/rstblk/ngwrdrst.grst.g7serrst.wr_rst_asreg_reg/C
                            (rising edge-triggered cell FDPE clocked by dbg_hub/inst/BSCANID.u_xsdbm_id/SWITCH_N_EXT_BSCAN.bscan_inst/SERIES7_BSCAN.bscan_inst/TCK  {rise@0.000ns fall@16.500ns period=33.000ns})
  Destination:            dbg_hub/inst/BSCANID.u_xsdbm_id/CORE_XSDB.UUT_MASTER/U_ICON_INTERFACE/U_CMD6_WR/U_WR_FIFO/SUBCORE_FIFO.xsdbm_v3_0_0_wrfifo_inst/inst_fifo_gen/gconvfifo.rf/grf.rf/rstblk/ngwrdrst.grst.g7serrst.wr_rst_reg_reg[2]/PRE
                            (recovery check against rising-edge clock dbg_hub/inst/BSCANID.u_xsdbm_id/SWITCH_N_EXT_BSCAN.bscan_inst/SERIES7_BSCAN.bscan_inst/TCK  {rise@0.000ns fall@16.500ns period=33.000ns})
  Path Group:             **async_default**
  Path Type:              Recovery (Max at Slow Process Corner)
  Requirement:            33.000ns  (dbg_hub/inst/BSCANID.u_xsdbm_id/SWITCH_N_EXT_BSCAN.bscan_inst/SERIES7_BSCAN.bscan_inst/TCK rise@33.000ns - dbg_hub/inst/BSCANID.u_xsdbm_id/SWITCH_N_EXT_BSCAN.bscan_inst/SERIES7_BSCAN.bscan_inst/TCK rise@0.000ns)
  Data Path Delay:        0.874ns  (logic 0.190ns (21.739%)  route 0.684ns (78.261%))
  Logic Levels:           1  (LUT2=1)
  Clock Path Skew:        -0.096ns (DCD - SCD + CPR)
    Destination Clock Delay (DCD):    8.146ns = ( 41.146 - 33.000 ) 
    Source Clock Delay      (SCD):    8.806ns
    Clock Pessimism Removal (CPR):    0.564ns
  Clock Uncertainty:      0.035ns  ((TSJ^2 + TIJ^2)^1/2 + DJ) / 2 + PE
    Total System Jitter     (TSJ):    0.071ns
    Total Input Jitter      (TIJ):    0.000ns
    Discrete Jitter          (DJ):    0.000ns
    Phase Error              (PE):    0.000ns
  Clock Net Delay (Source):      3.344ns (routing 2.034ns, distribution 1.310ns)
  Clock Net Delay (Destination): 2.972ns (routing 1.867ns, distribution 1.105ns)

    Location             Delay type                Incr(ns)  Path(ns)    Netlist Resource(s)
  -------------------------------------------------------------------    -------------------
                         (clock dbg_hub/inst/BSCANID.u_xsdbm_id/SWITCH_N_EXT_BSCAN.bscan_inst/SERIES7_BSCAN.bscan_inst/TCK rise edge)
                                                      0.000     0.000 r  
    CONFIG_SITE_X0Y0     BSCANE2                      0.000     0.000 r  dbg_hub/inst/BSCANID.u_xsdbm_id/SWITCH_N_EXT_BSCAN.bscan_inst/SERIES7_BSCAN.bscan_inst/TCK
                         net (fo=1, estimated)        5.379     5.379    dbg_hub/inst/BSCANID.u_xsdbm_id/tck_bs
    BUFGCE_X1Y119        BUFGCE (Prop_BUFCE_BUFGCE_I_O)
                                                      0.083     5.462 r  dbg_hub/inst/BSCANID.u_xsdbm_id/SWITCH_N_EXT_BSCAN.u_bufg_icon_tck/O
    X4Y1 (CLOCK_ROOT)    net (fo=478, estimated)      3.344     8.806    dbg_hub/inst/BSCANID.u_xsdbm_id/CORE_XSDB.UUT_MASTER/U_ICON_INTERFACE/U_CMD6_WR/U_WR_FIFO/SUBCORE_FIFO.xsdbm_v3_0_0_wrfifo_inst/inst_fifo_gen/gconvfifo.rf/grf.rf/rstblk/wr_clk
    SLICE_X113Y124       FDPE                                         r  dbg_hub/inst/BSCANID.u_xsdbm_id/CORE_XSDB.UUT_MASTER/U_ICON_INTERFACE/U_CMD6_WR/U_WR_FIFO/SUBCORE_FIFO.xsdbm_v3_0_0_wrfifo_inst/inst_fifo_gen/gconvfifo.rf/grf.rf/rstblk/ngwrdrst.grst.g7serrst.wr_rst_asreg_reg/C
  -------------------------------------------------------------------    -------------------
    SLICE_X113Y124       FDPE (Prop_DFF2_SLICEM_C_Q)
                                                      0.117     8.923 f  dbg_hub/inst/BSCANID.u_xsdbm_id/CORE_XSDB.UUT_MASTER/U_ICON_INTERFACE/U_CMD6_WR/U_WR_FIFO/SUBCORE_FIFO.xsdbm_v3_0_0_wrfifo_inst/inst_fifo_gen/gconvfifo.rf/grf.rf/rstblk/ngwrdrst.grst.g7serrst.wr_rst_asreg_reg/Q
                         net (fo=3, estimated)        0.246     9.169    dbg_hub/inst/BSCANID.u_xsdbm_id/CORE_XSDB.UUT_MASTER/U_ICON_INTERFACE/U_CMD6_WR/U_WR_FIFO/SUBCORE_FIFO.xsdbm_v3_0_0_wrfifo_inst/inst_fifo_gen/gconvfifo.rf/grf.rf/rstblk/ngwrdrst.grst.g7serrst.gwrrd_rst_sync_stage[2].wrst_inst/in0[0]
    SLICE_X113Y124       LUT2 (Prop_H6LUT_SLICEM_I0_O)
                                                      0.073     9.242 f  dbg_hub/inst/BSCANID.u_xsdbm_id/CORE_XSDB.UUT_MASTER/U_ICON_INTERFACE/U_CMD6_WR/U_WR_FIFO/SUBCORE_FIFO.xsdbm_v3_0_0_wrfifo_inst/inst_fifo_gen/gconvfifo.rf/grf.rf/rstblk/ngwrdrst.grst.g7serrst.gwrrd_rst_sync_stage[2].wrst_inst/ngwrdrst.grst.g7serrst.wr_rst_reg[2]_i_1/O
                         net (fo=3, estimated)        0.438     9.680    dbg_hub/inst/BSCANID.u_xsdbm_id/CORE_XSDB.UUT_MASTER/U_ICON_INTERFACE/U_CMD6_WR/U_WR_FIFO/SUBCORE_FIFO.xsdbm_v3_0_0_wrfifo_inst/inst_fifo_gen/gconvfifo.rf/grf.rf/rstblk/wr_rst_comb
    SLICE_X113Y120       FDPE                                         f  dbg_hub/inst/BSCANID.u_xsdbm_id/CORE_XSDB.UUT_MASTER/U_ICON_INTERFACE/U_CMD6_WR/U_WR_FIFO/SUBCORE_FIFO.xsdbm_v3_0_0_wrfifo_inst/inst_fifo_gen/gconvfifo.rf/grf.rf/rstblk/ngwrdrst.grst.g7serrst.wr_rst_reg_reg[2]/PRE
  -------------------------------------------------------------------    -------------------

                         (clock dbg_hub/inst/BSCANID.u_xsdbm_id/SWITCH_N_EXT_BSCAN.bscan_inst/SERIES7_BSCAN.bscan_inst/TCK rise edge)
                                                     33.000    33.000 r  
    CONFIG_SITE_X0Y0     BSCANE2                      0.000    33.000 r  dbg_hub/inst/BSCANID.u_xsdbm_id/SWITCH_N_EXT_BSCAN.bscan_inst/SERIES7_BSCAN.bscan_inst/TCK
                         net (fo=1, estimated)        5.099    38.099    dbg_hub/inst/BSCANID.u_xsdbm_id/tck_bs
    BUFGCE_X1Y119        BUFGCE (Prop_BUFCE_BUFGCE_I_O)
                                                      0.075    38.174 r  dbg_hub/inst/BSCANID.u_xsdbm_id/SWITCH_N_EXT_BSCAN.u_bufg_icon_tck/O
    X4Y1 (CLOCK_ROOT)    net (fo=478, estimated)      2.972    41.146    dbg_hub/inst/BSCANID.u_xsdbm_id/CORE_XSDB.UUT_MASTER/U_ICON_INTERFACE/U_CMD6_WR/U_WR_FIFO/SUBCORE_FIFO.xsdbm_v3_0_0_wrfifo_inst/inst_fifo_gen/gconvfifo.rf/grf.rf/rstblk/wr_clk
    SLICE_X113Y120       FDPE                                         r  dbg_hub/inst/BSCANID.u_xsdbm_id/CORE_XSDB.UUT_MASTER/U_ICON_INTERFACE/U_CMD6_WR/U_WR_FIFO/SUBCORE_FIFO.xsdbm_v3_0_0_wrfifo_inst/inst_fifo_gen/gconvfifo.rf/grf.rf/rstblk/ngwrdrst.grst.g7serrst.wr_rst_reg_reg[2]/C
                         clock pessimism              0.564    41.710    
                         clock uncertainty           -0.035    41.674    
    SLICE_X113Y120       FDPE (Recov_EFF2_SLICEM_C_PRE)
                                                     -0.082    41.592    dbg_hub/inst/BSCANID.u_xsdbm_id/CORE_XSDB.UUT_MASTER/U_ICON_INTERFACE/U_CMD6_WR/U_WR_FIFO/SUBCORE_FIFO.xsdbm_v3_0_0_wrfifo_inst/inst_fifo_gen/gconvfifo.rf/grf.rf/rstblk/ngwrdrst.grst.g7serrst.wr_rst_reg_reg[2]
  -------------------------------------------------------------------
                         required time                         41.592    
                         arrival time                          -9.680    
  -------------------------------------------------------------------
                         slack                                 31.912    

Slack (MET) :             31.913ns  (required time - arrival time)
  Source:                 dbg_hub/inst/BSCANID.u_xsdbm_id/CORE_XSDB.UUT_MASTER/U_ICON_INTERFACE/wrdata_rst_reg/C
                            (rising edge-triggered cell FDRE clocked by dbg_hub/inst/BSCANID.u_xsdbm_id/SWITCH_N_EXT_BSCAN.bscan_inst/SERIES7_BSCAN.bscan_inst/TCK  {rise@0.000ns fall@16.500ns period=33.000ns})
  Destination:            dbg_hub/inst/BSCANID.u_xsdbm_id/CORE_XSDB.UUT_MASTER/U_ICON_INTERFACE/U_CMD6_WR/shift_reg_in_reg[2]/CLR
                            (recovery check against rising-edge clock dbg_hub/inst/BSCANID.u_xsdbm_id/SWITCH_N_EXT_BSCAN.bscan_inst/SERIES7_BSCAN.bscan_inst/TCK  {rise@0.000ns fall@16.500ns period=33.000ns})
  Path Group:             **async_default**
  Path Type:              Recovery (Max at Slow Process Corner)
  Requirement:            33.000ns  (dbg_hub/inst/BSCANID.u_xsdbm_id/SWITCH_N_EXT_BSCAN.bscan_inst/SERIES7_BSCAN.bscan_inst/TCK rise@33.000ns - dbg_hub/inst/BSCANID.u_xsdbm_id/SWITCH_N_EXT_BSCAN.bscan_inst/SERIES7_BSCAN.bscan_inst/TCK rise@0.000ns)
  Data Path Delay:        0.803ns  (logic 0.114ns (14.197%)  route 0.689ns (85.803%))
  Logic Levels:           0  
  Clock Path Skew:        -0.167ns (DCD - SCD + CPR)
    Destination Clock Delay (DCD):    8.152ns = ( 41.152 - 33.000 ) 
    Source Clock Delay      (SCD):    8.774ns
    Clock Pessimism Removal (CPR):    0.455ns
  Clock Uncertainty:      0.035ns  ((TSJ^2 + TIJ^2)^1/2 + DJ) / 2 + PE
    Total System Jitter     (TSJ):    0.071ns
    Total Input Jitter      (TIJ):    0.000ns
    Discrete Jitter          (DJ):    0.000ns
    Phase Error              (PE):    0.000ns
  Clock Net Delay (Source):      3.312ns (routing 2.034ns, distribution 1.278ns)
  Clock Net Delay (Destination): 2.978ns (routing 1.867ns, distribution 1.111ns)

    Location             Delay type                Incr(ns)  Path(ns)    Netlist Resource(s)
  -------------------------------------------------------------------    -------------------
                         (clock dbg_hub/inst/BSCANID.u_xsdbm_id/SWITCH_N_EXT_BSCAN.bscan_inst/SERIES7_BSCAN.bscan_inst/TCK rise edge)
                                                      0.000     0.000 r  
    CONFIG_SITE_X0Y0     BSCANE2                      0.000     0.000 r  dbg_hub/inst/BSCANID.u_xsdbm_id/SWITCH_N_EXT_BSCAN.bscan_inst/SERIES7_BSCAN.bscan_inst/TCK
                         net (fo=1, estimated)        5.379     5.379    dbg_hub/inst/BSCANID.u_xsdbm_id/tck_bs
    BUFGCE_X1Y119        BUFGCE (Prop_BUFCE_BUFGCE_I_O)
                                                      0.083     5.462 r  dbg_hub/inst/BSCANID.u_xsdbm_id/SWITCH_N_EXT_BSCAN.u_bufg_icon_tck/O
    X4Y1 (CLOCK_ROOT)    net (fo=478, estimated)      3.312     8.774    dbg_hub/inst/BSCANID.u_xsdbm_id/CORE_XSDB.UUT_MASTER/U_ICON_INTERFACE/m_bscan_tck[0]
    SLICE_X113Y117       FDRE                                         r  dbg_hub/inst/BSCANID.u_xsdbm_id/CORE_XSDB.UUT_MASTER/U_ICON_INTERFACE/wrdata_rst_reg/C
  -------------------------------------------------------------------    -------------------
    SLICE_X113Y117       FDRE (Prop_DFF_SLICEM_C_Q)
                                                      0.114     8.888 f  dbg_hub/inst/BSCANID.u_xsdbm_id/CORE_XSDB.UUT_MASTER/U_ICON_INTERFACE/wrdata_rst_reg/Q
                         net (fo=20, estimated)       0.689     9.577    dbg_hub/inst/BSCANID.u_xsdbm_id/CORE_XSDB.UUT_MASTER/U_ICON_INTERFACE/U_CMD6_WR/RST_I
    SLICE_X107Y123       FDCE                                         f  dbg_hub/inst/BSCANID.u_xsdbm_id/CORE_XSDB.UUT_MASTER/U_ICON_INTERFACE/U_CMD6_WR/shift_reg_in_reg[2]/CLR
  -------------------------------------------------------------------    -------------------

                         (clock dbg_hub/inst/BSCANID.u_xsdbm_id/SWITCH_N_EXT_BSCAN.bscan_inst/SERIES7_BSCAN.bscan_inst/TCK rise edge)
                                                     33.000    33.000 r  
    CONFIG_SITE_X0Y0     BSCANE2                      0.000    33.000 r  dbg_hub/inst/BSCANID.u_xsdbm_id/SWITCH_N_EXT_BSCAN.bscan_inst/SERIES7_BSCAN.bscan_inst/TCK
                         net (fo=1, estimated)        5.099    38.099    dbg_hub/inst/BSCANID.u_xsdbm_id/tck_bs
    BUFGCE_X1Y119        BUFGCE (Prop_BUFCE_BUFGCE_I_O)
                                                      0.075    38.174 r  dbg_hub/inst/BSCANID.u_xsdbm_id/SWITCH_N_EXT_BSCAN.u_bufg_icon_tck/O
    X4Y1 (CLOCK_ROOT)    net (fo=478, estimated)      2.978    41.152    dbg_hub/inst/BSCANID.u_xsdbm_id/CORE_XSDB.UUT_MASTER/U_ICON_INTERFACE/U_CMD6_WR/m_bscan_tck[0]
    SLICE_X107Y123       FDCE                                         r  dbg_hub/inst/BSCANID.u_xsdbm_id/CORE_XSDB.UUT_MASTER/U_ICON_INTERFACE/U_CMD6_WR/shift_reg_in_reg[2]/C
                         clock pessimism              0.455    41.607    
                         clock uncertainty           -0.035    41.572    
    SLICE_X107Y123       FDCE (Recov_AFF_SLICEM_C_CLR)
                                                     -0.082    41.490    dbg_hub/inst/BSCANID.u_xsdbm_id/CORE_XSDB.UUT_MASTER/U_ICON_INTERFACE/U_CMD6_WR/shift_reg_in_reg[2]
  -------------------------------------------------------------------
                         required time                         41.490    
                         arrival time                          -9.577    
  -------------------------------------------------------------------
                         slack                                 31.913    

Slack (MET) :             31.913ns  (required time - arrival time)
  Source:                 dbg_hub/inst/BSCANID.u_xsdbm_id/CORE_XSDB.UUT_MASTER/U_ICON_INTERFACE/wrdata_rst_reg/C
                            (rising edge-triggered cell FDRE clocked by dbg_hub/inst/BSCANID.u_xsdbm_id/SWITCH_N_EXT_BSCAN.bscan_inst/SERIES7_BSCAN.bscan_inst/TCK  {rise@0.000ns fall@16.500ns period=33.000ns})
  Destination:            dbg_hub/inst/BSCANID.u_xsdbm_id/CORE_XSDB.UUT_MASTER/U_ICON_INTERFACE/U_CMD6_WR/shift_reg_in_reg[3]/CLR
                            (recovery check against rising-edge clock dbg_hub/inst/BSCANID.u_xsdbm_id/SWITCH_N_EXT_BSCAN.bscan_inst/SERIES7_BSCAN.bscan_inst/TCK  {rise@0.000ns fall@16.500ns period=33.000ns})
  Path Group:             **async_default**
  Path Type:              Recovery (Max at Slow Process Corner)
  Requirement:            33.000ns  (dbg_hub/inst/BSCANID.u_xsdbm_id/SWITCH_N_EXT_BSCAN.bscan_inst/SERIES7_BSCAN.bscan_inst/TCK rise@33.000ns - dbg_hub/inst/BSCANID.u_xsdbm_id/SWITCH_N_EXT_BSCAN.bscan_inst/SERIES7_BSCAN.bscan_inst/TCK rise@0.000ns)
  Data Path Delay:        0.803ns  (logic 0.114ns (14.197%)  route 0.689ns (85.803%))
  Logic Levels:           0  
  Clock Path Skew:        -0.167ns (DCD - SCD + CPR)
    Destination Clock Delay (DCD):    8.152ns = ( 41.152 - 33.000 ) 
    Source Clock Delay      (SCD):    8.774ns
    Clock Pessimism Removal (CPR):    0.455ns
  Clock Uncertainty:      0.035ns  ((TSJ^2 + TIJ^2)^1/2 + DJ) / 2 + PE
    Total System Jitter     (TSJ):    0.071ns
    Total Input Jitter      (TIJ):    0.000ns
    Discrete Jitter          (DJ):    0.000ns
    Phase Error              (PE):    0.000ns
  Clock Net Delay (Source):      3.312ns (routing 2.034ns, distribution 1.278ns)
  Clock Net Delay (Destination): 2.978ns (routing 1.867ns, distribution 1.111ns)

    Location             Delay type                Incr(ns)  Path(ns)    Netlist Resource(s)
  -------------------------------------------------------------------    -------------------
                         (clock dbg_hub/inst/BSCANID.u_xsdbm_id/SWITCH_N_EXT_BSCAN.bscan_inst/SERIES7_BSCAN.bscan_inst/TCK rise edge)
                                                      0.000     0.000 r  
    CONFIG_SITE_X0Y0     BSCANE2                      0.000     0.000 r  dbg_hub/inst/BSCANID.u_xsdbm_id/SWITCH_N_EXT_BSCAN.bscan_inst/SERIES7_BSCAN.bscan_inst/TCK
                         net (fo=1, estimated)        5.379     5.379    dbg_hub/inst/BSCANID.u_xsdbm_id/tck_bs
    BUFGCE_X1Y119        BUFGCE (Prop_BUFCE_BUFGCE_I_O)
                                                      0.083     5.462 r  dbg_hub/inst/BSCANID.u_xsdbm_id/SWITCH_N_EXT_BSCAN.u_bufg_icon_tck/O
    X4Y1 (CLOCK_ROOT)    net (fo=478, estimated)      3.312     8.774    dbg_hub/inst/BSCANID.u_xsdbm_id/CORE_XSDB.UUT_MASTER/U_ICON_INTERFACE/m_bscan_tck[0]
    SLICE_X113Y117       FDRE                                         r  dbg_hub/inst/BSCANID.u_xsdbm_id/CORE_XSDB.UUT_MASTER/U_ICON_INTERFACE/wrdata_rst_reg/C
  -------------------------------------------------------------------    -------------------
    SLICE_X113Y117       FDRE (Prop_DFF_SLICEM_C_Q)
                                                      0.114     8.888 f  dbg_hub/inst/BSCANID.u_xsdbm_id/CORE_XSDB.UUT_MASTER/U_ICON_INTERFACE/wrdata_rst_reg/Q
                         net (fo=20, estimated)       0.689     9.577    dbg_hub/inst/BSCANID.u_xsdbm_id/CORE_XSDB.UUT_MASTER/U_ICON_INTERFACE/U_CMD6_WR/RST_I
    SLICE_X107Y123       FDCE                                         f  dbg_hub/inst/BSCANID.u_xsdbm_id/CORE_XSDB.UUT_MASTER/U_ICON_INTERFACE/U_CMD6_WR/shift_reg_in_reg[3]/CLR
  -------------------------------------------------------------------    -------------------

                         (clock dbg_hub/inst/BSCANID.u_xsdbm_id/SWITCH_N_EXT_BSCAN.bscan_inst/SERIES7_BSCAN.bscan_inst/TCK rise edge)
                                                     33.000    33.000 r  
    CONFIG_SITE_X0Y0     BSCANE2                      0.000    33.000 r  dbg_hub/inst/BSCANID.u_xsdbm_id/SWITCH_N_EXT_BSCAN.bscan_inst/SERIES7_BSCAN.bscan_inst/TCK
                         net (fo=1, estimated)        5.099    38.099    dbg_hub/inst/BSCANID.u_xsdbm_id/tck_bs
    BUFGCE_X1Y119        BUFGCE (Prop_BUFCE_BUFGCE_I_O)
                                                      0.075    38.174 r  dbg_hub/inst/BSCANID.u_xsdbm_id/SWITCH_N_EXT_BSCAN.u_bufg_icon_tck/O
    X4Y1 (CLOCK_ROOT)    net (fo=478, estimated)      2.978    41.152    dbg_hub/inst/BSCANID.u_xsdbm_id/CORE_XSDB.UUT_MASTER/U_ICON_INTERFACE/U_CMD6_WR/m_bscan_tck[0]
    SLICE_X107Y123       FDCE                                         r  dbg_hub/inst/BSCANID.u_xsdbm_id/CORE_XSDB.UUT_MASTER/U_ICON_INTERFACE/U_CMD6_WR/shift_reg_in_reg[3]/C
                         clock pessimism              0.455    41.607    
                         clock uncertainty           -0.035    41.572    
    SLICE_X107Y123       FDCE (Recov_AFF2_SLICEM_C_CLR)
                                                     -0.082    41.490    dbg_hub/inst/BSCANID.u_xsdbm_id/CORE_XSDB.UUT_MASTER/U_ICON_INTERFACE/U_CMD6_WR/shift_reg_in_reg[3]
  -------------------------------------------------------------------
                         required time                         41.490    
                         arrival time                          -9.577    
  -------------------------------------------------------------------
                         slack                                 31.913    

Slack (MET) :             31.918ns  (required time - arrival time)
  Source:                 dbg_hub/inst/BSCANID.u_xsdbm_id/CORE_XSDB.UUT_MASTER/U_ICON_INTERFACE/wrdata_rst_reg/C
                            (rising edge-triggered cell FDRE clocked by dbg_hub/inst/BSCANID.u_xsdbm_id/SWITCH_N_EXT_BSCAN.bscan_inst/SERIES7_BSCAN.bscan_inst/TCK  {rise@0.000ns fall@16.500ns period=33.000ns})
  Destination:            dbg_hub/inst/BSCANID.u_xsdbm_id/CORE_XSDB.UUT_MASTER/U_ICON_INTERFACE/U_CMD6_WR/shift_reg_in_reg[10]/CLR
                            (recovery check against rising-edge clock dbg_hub/inst/BSCANID.u_xsdbm_id/SWITCH_N_EXT_BSCAN.bscan_inst/SERIES7_BSCAN.bscan_inst/TCK  {rise@0.000ns fall@16.500ns period=33.000ns})
  Path Group:             **async_default**
  Path Type:              Recovery (Max at Slow Process Corner)
  Requirement:            33.000ns  (dbg_hub/inst/BSCANID.u_xsdbm_id/SWITCH_N_EXT_BSCAN.bscan_inst/SERIES7_BSCAN.bscan_inst/TCK rise@33.000ns - dbg_hub/inst/BSCANID.u_xsdbm_id/SWITCH_N_EXT_BSCAN.bscan_inst/SERIES7_BSCAN.bscan_inst/TCK rise@0.000ns)
  Data Path Delay:        0.797ns  (logic 0.114ns (14.304%)  route 0.683ns (85.696%))
  Logic Levels:           0  
  Clock Path Skew:        -0.168ns (DCD - SCD + CPR)
    Destination Clock Delay (DCD):    8.151ns = ( 41.151 - 33.000 ) 
    Source Clock Delay      (SCD):    8.774ns
    Clock Pessimism Removal (CPR):    0.455ns
  Clock Uncertainty:      0.035ns  ((TSJ^2 + TIJ^2)^1/2 + DJ) / 2 + PE
    Total System Jitter     (TSJ):    0.071ns
    Total Input Jitter      (TIJ):    0.000ns
    Discrete Jitter          (DJ):    0.000ns
    Phase Error              (PE):    0.000ns
  Clock Net Delay (Source):      3.312ns (routing 2.034ns, distribution 1.278ns)
  Clock Net Delay (Destination): 2.977ns (routing 1.867ns, distribution 1.110ns)

    Location             Delay type                Incr(ns)  Path(ns)    Netlist Resource(s)
  -------------------------------------------------------------------    -------------------
                         (clock dbg_hub/inst/BSCANID.u_xsdbm_id/SWITCH_N_EXT_BSCAN.bscan_inst/SERIES7_BSCAN.bscan_inst/TCK rise edge)
                                                      0.000     0.000 r  
    CONFIG_SITE_X0Y0     BSCANE2                      0.000     0.000 r  dbg_hub/inst/BSCANID.u_xsdbm_id/SWITCH_N_EXT_BSCAN.bscan_inst/SERIES7_BSCAN.bscan_inst/TCK
                         net (fo=1, estimated)        5.379     5.379    dbg_hub/inst/BSCANID.u_xsdbm_id/tck_bs
    BUFGCE_X1Y119        BUFGCE (Prop_BUFCE_BUFGCE_I_O)
                                                      0.083     5.462 r  dbg_hub/inst/BSCANID.u_xsdbm_id/SWITCH_N_EXT_BSCAN.u_bufg_icon_tck/O
    X4Y1 (CLOCK_ROOT)    net (fo=478, estimated)      3.312     8.774    dbg_hub/inst/BSCANID.u_xsdbm_id/CORE_XSDB.UUT_MASTER/U_ICON_INTERFACE/m_bscan_tck[0]
    SLICE_X113Y117       FDRE                                         r  dbg_hub/inst/BSCANID.u_xsdbm_id/CORE_XSDB.UUT_MASTER/U_ICON_INTERFACE/wrdata_rst_reg/C
  -------------------------------------------------------------------    -------------------
    SLICE_X113Y117       FDRE (Prop_DFF_SLICEM_C_Q)
                                                      0.114     8.888 f  dbg_hub/inst/BSCANID.u_xsdbm_id/CORE_XSDB.UUT_MASTER/U_ICON_INTERFACE/wrdata_rst_reg/Q
                         net (fo=20, estimated)       0.683     9.571    dbg_hub/inst/BSCANID.u_xsdbm_id/CORE_XSDB.UUT_MASTER/U_ICON_INTERFACE/U_CMD6_WR/RST_I
    SLICE_X107Y123       FDCE                                         f  dbg_hub/inst/BSCANID.u_xsdbm_id/CORE_XSDB.UUT_MASTER/U_ICON_INTERFACE/U_CMD6_WR/shift_reg_in_reg[10]/CLR
  -------------------------------------------------------------------    -------------------

                         (clock dbg_hub/inst/BSCANID.u_xsdbm_id/SWITCH_N_EXT_BSCAN.bscan_inst/SERIES7_BSCAN.bscan_inst/TCK rise edge)
                                                     33.000    33.000 r  
    CONFIG_SITE_X0Y0     BSCANE2                      0.000    33.000 r  dbg_hub/inst/BSCANID.u_xsdbm_id/SWITCH_N_EXT_BSCAN.bscan_inst/SERIES7_BSCAN.bscan_inst/TCK
                         net (fo=1, estimated)        5.099    38.099    dbg_hub/inst/BSCANID.u_xsdbm_id/tck_bs
    BUFGCE_X1Y119        BUFGCE (Prop_BUFCE_BUFGCE_I_O)
                                                      0.075    38.174 r  dbg_hub/inst/BSCANID.u_xsdbm_id/SWITCH_N_EXT_BSCAN.u_bufg_icon_tck/O
    X4Y1 (CLOCK_ROOT)    net (fo=478, estimated)      2.977    41.151    dbg_hub/inst/BSCANID.u_xsdbm_id/CORE_XSDB.UUT_MASTER/U_ICON_INTERFACE/U_CMD6_WR/m_bscan_tck[0]
    SLICE_X107Y123       FDCE                                         r  dbg_hub/inst/BSCANID.u_xsdbm_id/CORE_XSDB.UUT_MASTER/U_ICON_INTERFACE/U_CMD6_WR/shift_reg_in_reg[10]/C
                         clock pessimism              0.455    41.606    
                         clock uncertainty           -0.035    41.571    
    SLICE_X107Y123       FDCE (Recov_EFF_SLICEM_C_CLR)
                                                     -0.082    41.489    dbg_hub/inst/BSCANID.u_xsdbm_id/CORE_XSDB.UUT_MASTER/U_ICON_INTERFACE/U_CMD6_WR/shift_reg_in_reg[10]
  -------------------------------------------------------------------
                         required time                         41.489    
                         arrival time                          -9.571    
  -------------------------------------------------------------------
                         slack                                 31.918    

Slack (MET) :             31.918ns  (required time - arrival time)
  Source:                 dbg_hub/inst/BSCANID.u_xsdbm_id/CORE_XSDB.UUT_MASTER/U_ICON_INTERFACE/wrdata_rst_reg/C
                            (rising edge-triggered cell FDRE clocked by dbg_hub/inst/BSCANID.u_xsdbm_id/SWITCH_N_EXT_BSCAN.bscan_inst/SERIES7_BSCAN.bscan_inst/TCK  {rise@0.000ns fall@16.500ns period=33.000ns})
  Destination:            dbg_hub/inst/BSCANID.u_xsdbm_id/CORE_XSDB.UUT_MASTER/U_ICON_INTERFACE/U_CMD6_WR/shift_reg_in_reg[11]/CLR
                            (recovery check against rising-edge clock dbg_hub/inst/BSCANID.u_xsdbm_id/SWITCH_N_EXT_BSCAN.bscan_inst/SERIES7_BSCAN.bscan_inst/TCK  {rise@0.000ns fall@16.500ns period=33.000ns})
  Path Group:             **async_default**
  Path Type:              Recovery (Max at Slow Process Corner)
  Requirement:            33.000ns  (dbg_hub/inst/BSCANID.u_xsdbm_id/SWITCH_N_EXT_BSCAN.bscan_inst/SERIES7_BSCAN.bscan_inst/TCK rise@33.000ns - dbg_hub/inst/BSCANID.u_xsdbm_id/SWITCH_N_EXT_BSCAN.bscan_inst/SERIES7_BSCAN.bscan_inst/TCK rise@0.000ns)
  Data Path Delay:        0.797ns  (logic 0.114ns (14.304%)  route 0.683ns (85.696%))
  Logic Levels:           0  
  Clock Path Skew:        -0.168ns (DCD - SCD + CPR)
    Destination Clock Delay (DCD):    8.151ns = ( 41.151 - 33.000 ) 
    Source Clock Delay      (SCD):    8.774ns
    Clock Pessimism Removal (CPR):    0.455ns
  Clock Uncertainty:      0.035ns  ((TSJ^2 + TIJ^2)^1/2 + DJ) / 2 + PE
    Total System Jitter     (TSJ):    0.071ns
    Total Input Jitter      (TIJ):    0.000ns
    Discrete Jitter          (DJ):    0.000ns
    Phase Error              (PE):    0.000ns
  Clock Net Delay (Source):      3.312ns (routing 2.034ns, distribution 1.278ns)
  Clock Net Delay (Destination): 2.977ns (routing 1.867ns, distribution 1.110ns)

    Location             Delay type                Incr(ns)  Path(ns)    Netlist Resource(s)
  -------------------------------------------------------------------    -------------------
                         (clock dbg_hub/inst/BSCANID.u_xsdbm_id/SWITCH_N_EXT_BSCAN.bscan_inst/SERIES7_BSCAN.bscan_inst/TCK rise edge)
                                                      0.000     0.000 r  
    CONFIG_SITE_X0Y0     BSCANE2                      0.000     0.000 r  dbg_hub/inst/BSCANID.u_xsdbm_id/SWITCH_N_EXT_BSCAN.bscan_inst/SERIES7_BSCAN.bscan_inst/TCK
                         net (fo=1, estimated)        5.379     5.379    dbg_hub/inst/BSCANID.u_xsdbm_id/tck_bs
    BUFGCE_X1Y119        BUFGCE (Prop_BUFCE_BUFGCE_I_O)
                                                      0.083     5.462 r  dbg_hub/inst/BSCANID.u_xsdbm_id/SWITCH_N_EXT_BSCAN.u_bufg_icon_tck/O
    X4Y1 (CLOCK_ROOT)    net (fo=478, estimated)      3.312     8.774    dbg_hub/inst/BSCANID.u_xsdbm_id/CORE_XSDB.UUT_MASTER/U_ICON_INTERFACE/m_bscan_tck[0]
    SLICE_X113Y117       FDRE                                         r  dbg_hub/inst/BSCANID.u_xsdbm_id/CORE_XSDB.UUT_MASTER/U_ICON_INTERFACE/wrdata_rst_reg/C
  -------------------------------------------------------------------    -------------------
    SLICE_X113Y117       FDRE (Prop_DFF_SLICEM_C_Q)
                                                      0.114     8.888 f  dbg_hub/inst/BSCANID.u_xsdbm_id/CORE_XSDB.UUT_MASTER/U_ICON_INTERFACE/wrdata_rst_reg/Q
                         net (fo=20, estimated)       0.683     9.571    dbg_hub/inst/BSCANID.u_xsdbm_id/CORE_XSDB.UUT_MASTER/U_ICON_INTERFACE/U_CMD6_WR/RST_I
    SLICE_X107Y123       FDCE                                         f  dbg_hub/inst/BSCANID.u_xsdbm_id/CORE_XSDB.UUT_MASTER/U_ICON_INTERFACE/U_CMD6_WR/shift_reg_in_reg[11]/CLR
  -------------------------------------------------------------------    -------------------

                         (clock dbg_hub/inst/BSCANID.u_xsdbm_id/SWITCH_N_EXT_BSCAN.bscan_inst/SERIES7_BSCAN.bscan_inst/TCK rise edge)
                                                     33.000    33.000 r  
    CONFIG_SITE_X0Y0     BSCANE2                      0.000    33.000 r  dbg_hub/inst/BSCANID.u_xsdbm_id/SWITCH_N_EXT_BSCAN.bscan_inst/SERIES7_BSCAN.bscan_inst/TCK
                         net (fo=1, estimated)        5.099    38.099    dbg_hub/inst/BSCANID.u_xsdbm_id/tck_bs
    BUFGCE_X1Y119        BUFGCE (Prop_BUFCE_BUFGCE_I_O)
                                                      0.075    38.174 r  dbg_hub/inst/BSCANID.u_xsdbm_id/SWITCH_N_EXT_BSCAN.u_bufg_icon_tck/O
    X4Y1 (CLOCK_ROOT)    net (fo=478, estimated)      2.977    41.151    dbg_hub/inst/BSCANID.u_xsdbm_id/CORE_XSDB.UUT_MASTER/U_ICON_INTERFACE/U_CMD6_WR/m_bscan_tck[0]
    SLICE_X107Y123       FDCE                                         r  dbg_hub/inst/BSCANID.u_xsdbm_id/CORE_XSDB.UUT_MASTER/U_ICON_INTERFACE/U_CMD6_WR/shift_reg_in_reg[11]/C
                         clock pessimism              0.455    41.606    
                         clock uncertainty           -0.035    41.571    
    SLICE_X107Y123       FDCE (Recov_EFF2_SLICEM_C_CLR)
                                                     -0.082    41.489    dbg_hub/inst/BSCANID.u_xsdbm_id/CORE_XSDB.UUT_MASTER/U_ICON_INTERFACE/U_CMD6_WR/shift_reg_in_reg[11]
  -------------------------------------------------------------------
                         required time                         41.489    
                         arrival time                          -9.571    
  -------------------------------------------------------------------
                         slack                                 31.918    

Slack (MET) :             31.918ns  (required time - arrival time)
  Source:                 dbg_hub/inst/BSCANID.u_xsdbm_id/CORE_XSDB.UUT_MASTER/U_ICON_INTERFACE/wrdata_rst_reg/C
                            (rising edge-triggered cell FDRE clocked by dbg_hub/inst/BSCANID.u_xsdbm_id/SWITCH_N_EXT_BSCAN.bscan_inst/SERIES7_BSCAN.bscan_inst/TCK  {rise@0.000ns fall@16.500ns period=33.000ns})
  Destination:            dbg_hub/inst/BSCANID.u_xsdbm_id/CORE_XSDB.UUT_MASTER/U_ICON_INTERFACE/U_CMD6_WR/shift_reg_in_reg[12]/CLR
                            (recovery check against rising-edge clock dbg_hub/inst/BSCANID.u_xsdbm_id/SWITCH_N_EXT_BSCAN.bscan_inst/SERIES7_BSCAN.bscan_inst/TCK  {rise@0.000ns fall@16.500ns period=33.000ns})
  Path Group:             **async_default**
  Path Type:              Recovery (Max at Slow Process Corner)
  Requirement:            33.000ns  (dbg_hub/inst/BSCANID.u_xsdbm_id/SWITCH_N_EXT_BSCAN.bscan_inst/SERIES7_BSCAN.bscan_inst/TCK rise@33.000ns - dbg_hub/inst/BSCANID.u_xsdbm_id/SWITCH_N_EXT_BSCAN.bscan_inst/SERIES7_BSCAN.bscan_inst/TCK rise@0.000ns)
  Data Path Delay:        0.797ns  (logic 0.114ns (14.304%)  route 0.683ns (85.696%))
  Logic Levels:           0  
  Clock Path Skew:        -0.168ns (DCD - SCD + CPR)
    Destination Clock Delay (DCD):    8.151ns = ( 41.151 - 33.000 ) 
    Source Clock Delay      (SCD):    8.774ns
    Clock Pessimism Removal (CPR):    0.455ns
  Clock Uncertainty:      0.035ns  ((TSJ^2 + TIJ^2)^1/2 + DJ) / 2 + PE
    Total System Jitter     (TSJ):    0.071ns
    Total Input Jitter      (TIJ):    0.000ns
    Discrete Jitter          (DJ):    0.000ns
    Phase Error              (PE):    0.000ns
  Clock Net Delay (Source):      3.312ns (routing 2.034ns, distribution 1.278ns)
  Clock Net Delay (Destination): 2.977ns (routing 1.867ns, distribution 1.110ns)

    Location             Delay type                Incr(ns)  Path(ns)    Netlist Resource(s)
  -------------------------------------------------------------------    -------------------
                         (clock dbg_hub/inst/BSCANID.u_xsdbm_id/SWITCH_N_EXT_BSCAN.bscan_inst/SERIES7_BSCAN.bscan_inst/TCK rise edge)
                                                      0.000     0.000 r  
    CONFIG_SITE_X0Y0     BSCANE2                      0.000     0.000 r  dbg_hub/inst/BSCANID.u_xsdbm_id/SWITCH_N_EXT_BSCAN.bscan_inst/SERIES7_BSCAN.bscan_inst/TCK
                         net (fo=1, estimated)        5.379     5.379    dbg_hub/inst/BSCANID.u_xsdbm_id/tck_bs
    BUFGCE_X1Y119        BUFGCE (Prop_BUFCE_BUFGCE_I_O)
                                                      0.083     5.462 r  dbg_hub/inst/BSCANID.u_xsdbm_id/SWITCH_N_EXT_BSCAN.u_bufg_icon_tck/O
    X4Y1 (CLOCK_ROOT)    net (fo=478, estimated)      3.312     8.774    dbg_hub/inst/BSCANID.u_xsdbm_id/CORE_XSDB.UUT_MASTER/U_ICON_INTERFACE/m_bscan_tck[0]
    SLICE_X113Y117       FDRE                                         r  dbg_hub/inst/BSCANID.u_xsdbm_id/CORE_XSDB.UUT_MASTER/U_ICON_INTERFACE/wrdata_rst_reg/C
  -------------------------------------------------------------------    -------------------
    SLICE_X113Y117       FDRE (Prop_DFF_SLICEM_C_Q)
                                                      0.114     8.888 f  dbg_hub/inst/BSCANID.u_xsdbm_id/CORE_XSDB.UUT_MASTER/U_ICON_INTERFACE/wrdata_rst_reg/Q
                         net (fo=20, estimated)       0.683     9.571    dbg_hub/inst/BSCANID.u_xsdbm_id/CORE_XSDB.UUT_MASTER/U_ICON_INTERFACE/U_CMD6_WR/RST_I
    SLICE_X107Y123       FDCE                                         f  dbg_hub/inst/BSCANID.u_xsdbm_id/CORE_XSDB.UUT_MASTER/U_ICON_INTERFACE/U_CMD6_WR/shift_reg_in_reg[12]/CLR
  -------------------------------------------------------------------    -------------------

                         (clock dbg_hub/inst/BSCANID.u_xsdbm_id/SWITCH_N_EXT_BSCAN.bscan_inst/SERIES7_BSCAN.bscan_inst/TCK rise edge)
                                                     33.000    33.000 r  
    CONFIG_SITE_X0Y0     BSCANE2                      0.000    33.000 r  dbg_hub/inst/BSCANID.u_xsdbm_id/SWITCH_N_EXT_BSCAN.bscan_inst/SERIES7_BSCAN.bscan_inst/TCK
                         net (fo=1, estimated)        5.099    38.099    dbg_hub/inst/BSCANID.u_xsdbm_id/tck_bs
    BUFGCE_X1Y119        BUFGCE (Prop_BUFCE_BUFGCE_I_O)
                                                      0.075    38.174 r  dbg_hub/inst/BSCANID.u_xsdbm_id/SWITCH_N_EXT_BSCAN.u_bufg_icon_tck/O
    X4Y1 (CLOCK_ROOT)    net (fo=478, estimated)      2.977    41.151    dbg_hub/inst/BSCANID.u_xsdbm_id/CORE_XSDB.UUT_MASTER/U_ICON_INTERFACE/U_CMD6_WR/m_bscan_tck[0]
    SLICE_X107Y123       FDCE                                         r  dbg_hub/inst/BSCANID.u_xsdbm_id/CORE_XSDB.UUT_MASTER/U_ICON_INTERFACE/U_CMD6_WR/shift_reg_in_reg[12]/C
                         clock pessimism              0.455    41.606    
                         clock uncertainty           -0.035    41.571    
    SLICE_X107Y123       FDCE (Recov_FFF_SLICEM_C_CLR)
                                                     -0.082    41.489    dbg_hub/inst/BSCANID.u_xsdbm_id/CORE_XSDB.UUT_MASTER/U_ICON_INTERFACE/U_CMD6_WR/shift_reg_in_reg[12]
  -------------------------------------------------------------------
                         required time                         41.489    
                         arrival time                          -9.571    
  -------------------------------------------------------------------
                         slack                                 31.918    





