0000ABB2
00000000
00000000
00000000
00000000
00000000
00000000
00000000
0000ABB2
00000000
00000000
00000000
00000000
00000000
00000000
00000000
0000ABB2
00000000
00000000
00000000
00000000
00000000
00000000
00000000
0000ABB2
00000000
00000000
00000000
00000000
00000000
00000000
00000000
0000ABB2
00000000
00000000
00000000
00000000
00000000
00000000
00000000
0000ABB2
00000000
00000000
00000000
00000000
00000000
00000000
00000000
0000ABB2
00000000
00000000
00000000
00000000
00000000
00000000
00000000
0000ABB2
00000000
00000000
00000000
00000000
00000000
00000000
00000000
0000ABB2
00000000
00000000
00000000
00000000
00000000
00000000
00000000
0000ABB2
00000000
00000000
00000000
00000000
00000000
00000000
00000000
0000ABB2
00000000
00000000
00000000
00000000
00000000
00000000
00000000
0000ABB2
00000000
00000000
00000000
00000000
00000000
00000000
00000000
0000ABB2
00000000
00000000
00000000
00000000
00000000
00000000
00000000
0000ABB2
00000000
00000000
00000000
00000000
00000000
00000000
00000000
0000ABB2
00000000
00000000
00000000
00000000
00000000
00000000
00000000
0000ABB2
00000000
00000000
00000000
00000000
00000000
00000000
00000000
0000ABB2
00000000
00000000
00000000
00000000
00000000
00000000
00000000
0000ABB2
00000000
00000000
00000000
00000000
00000000
00000000
00000000
0000ABB2
00000000
00000000
00000000
00000000
00000000
00000000
00000000
0000ABB2
00000000
00000000
00000000
00000000
00000000
00000000
00000000
0000ABB2
00000000
00000000
00000000
00000000
00000000
00000000
00000000
0000ABB2
00000000
00000000
00000000
00000000
00000000
00000000
00000000
0000ABB2
00000000
00000000
00000000
00000000
00000000
00000000
00000000
0000ABB2
00000000
00000000
00000000
00000000
00000000
00000000
00000000
0000ABB2
00000000
00000000
00000000
00000000
00000000
00000000
00000000
0000ABB2
00000000
00000000
00000000
00000000
00000000
00000000
00000000
0000ABB2
00000000
00000000
00000000
00000000
00000000
00000000
00000000
0000ABB2
00000000
00000000
00000000
00000000
00000000
00000000
00000000
0000ABB2
00000000
00000000
00000000
00000000
00000000
00000000
00000000
0000ABB2
00000000
00000000
00000000
00000000
00000000
00000000
00000000
0000ABB2
00000000
00000000
00000000
00000000
00000000
00000000
00000000
0000ABB2
00000000
00000000
00000000
00000000
00000000
00000000
00000000
0000ABB2
00000000
00000000
00000000
00000000
00000000
00000000
00000000
0000ABB2
00000000
00000000
00000000
00000000
00000000
00000000
00000000
0000ABB2
00000000
00000000
00000000
00000000
00000000
00000000
00000000
0000ABB2
00000000
00000000
00000000
00000000
00000000
00000000
00000000
0000ABB2
00000000
00000000
00000000
00000000
00000000
00000000
00000000
0000ABB2
00000000
00000000
00000000
00000000
00000000
00000000
00000000
0000ABB2
00000000
00000000
00000000
00000000
00000000
00000000
00000000
0000ABB2
00000000
00000000
00000000
00000000
00000000
00000000
00000000
0000ABB2
00000000
00000000
00000000
00000000
00000000
00000000
00000000
0000ABB2
00000000
00000000
00000000
00000000
00000000
00000000
00000000
0000ABB2
00000000
00000000
00000000
00000000
00000000
00000000
00000000
0000ABB2
00000000
00000000
00000000
00000000
00000000
00000000
00000000
0000ABB2
00000000
00000000
00000000
00000000
00000000
00000000
00000000
0000ABB2
00000000
00000000
00000000
00000000
00000000
00000000
00000000
0000ABB2
00000000
00000000
00000000
00000000
00000000
00000000
00000000
0000ABB2
00000000
00000000
00000000
00000000
00000000
00000000
00000000
0000ABB2
00000000
00000000
00000000
00000000
00000000
00000000
00000000
0000ABB2
00000000
00000000
00000000
00000000
00000000
00000000
00000000
0000ABB2
00000000
00000000
00000000
00000000
00000000
00000000
00000000
0000ABB2
00000000
00000000
00000000
00000000
00000000
00000000
00000000
0000ABB2
00000000
00000000
00000000
00000000
00000000
00000000
00000000
0000ABB2
00000000
00000000
00000000
00000000
00000000
00000000
00000000
0000ABB2
00000000
00000000
00000000
00000000
00000000
00000000
00000000
0000ABB2
00000000
00000000
00000000
00000000
00000000
00000000
00000000
0000ABB2
00000000
00000000
00000000
00000000
00000000
00000000
00000000
0000ABB2
00000000
00000000
00000000
00000000
00000000
00000000
00000000
0000ABB2
00000000
00000000
00000000
00000000
00000000
00000000
00000000
0000ABB2
00000000
00000000
00000000
00000000
00000000
00000000
00000000
0000ABB2
00000000
00000000
00000000
00000000
00000000
00000000
00000000
0000ABB2
00000000
00000000
00000000
00000000
00000000
00000000
00000000
0000ABB2
00000000
00000000
00000000
00000000
00000000
00000000
00000000
0000ABB2
00000000
00000000
00000000
00000000
00000000
00000000
00000000
0000ABB2
00000000
00000000
00000000
00000000
00000000
00000000
00000000
0000ABB2
00000000
00000000
00000000
00000000
00000000
00000000
00000000
0000ABB2
00000000
00000000
00000000
00000000
00000000
00000000
00000000
0000ABB2
00000000
00000000
00000000
00000000
00000000
00000000
00000000
0000ABB2
00000000
00000000
00000000
00000000
00000000
00000000
00000000
0000ABB2
00000000
00000000
00000000
00000000
00000000
00000000
00000000
0000ABB2
00000000
00000000
00000000
00000000
00000000
00000000
00000000
0000ABB2
00000000
00000000
00000000
00000000
00000000
00000000
00000000
0000ABB2
00000000
00000000
00000000
00000000
00000000
00000000
00000000
0000ABB2
00000000
00000000
00000000
00000000
00000000
00000000
00000000
0000ABB2
00000000
00000000
00000000
00000000
00000000
00000000
00000000
0000ABB2
00000000
00000000
00000000
00000000
00000000
00000000
00000000
0000ABB2
00000000
00000000
00000000
00000000
00000000
00000000
00000000
0000ABB2
00000000
00000000
00000000
00000000
00000000
00000000
00000000
0000ABB2
00000000
00000000
00000000
00000000
00000000
00000000
00000000
0000ABB2
00000000
00000000
00000000
00000000
00000000
00000000
00000000
0000ABB2
00000000
00000000
00000000
00000000
00000000
00000000
00000000
0000ABB2
00000000
00000000
00000000
00000000
00000000
00000000
00000000
0000ABB2
00000000
00000000
00000000
00000000
00000000
00000000
00000000
0000ABB2
00000000
00000000
00000000
00000000
00000000
00000000
00000000
0000ABB2
00000000
00000000
00000000
00000000
00000000
00000000
00000000
0000ABB2
00000000
00000000
00000000
00000000
00000000
00000000
00000000
0000ABB2
00000000
00000000
00000000
00000000
00000000
00000000
00000000
0000ABB2
00000000
00000000
00000000
00000000
00000000
00000000
00000000
0000ABB2
00000000
00000000
00000000
00000000
00000000
00000000
00000000
0000ABB2
00000000
00000000
00000000
00000000
00000000
00000000
00000000
0000ABB2
00000000
00000000
00000000
00000000
00000000
00000000
00000000
0000ABB2
00000000
00000000
00000000
00000000
00000000
00000000
00000000
0000ABB2
00000000
00000000
00000000
00000000
00000000
00000000
00000000
0000ABB2
00000000
00000000
00000000
00000000
00000000
00000000
00000000
0000ABB2
00000000
00000000
00000000
00000000
00000000
00000000
00000000
0000ABB2
00000000
00000000
00000000
00000000
00000000
00000000
00000000
0000ABB2
00000000
00000000
00000000
00000000
00000000
00000000
00000000
0000ABB2
00000000
00000000
00000000
00000000
00000000
00000000
00000000
0000ABB2
00000000
00000000
00000000
00000000
00000000
00000000
00000000
0000ABB2
00000000
00000000
00000000
00000000
00000000
00000000
00000000
0000C745
000008D4
0000005D
00000000
00000000
00000000
00000000
00000000
00013156
00002C02
0006008A
00000000
00000000
00000000
00000000
00000000
0001E6AF
000067BD
00000142
00000002
00000000
00000000
00000000
00000000
00030997
0000C77B
0000027C
000E0004
00000000
00000000
00000000
00000000
00028A20
00009D12
00000268
001D0001
00000002
00000000
00000000
00000000
00019CDB
00004F09
0000015A
00090001
00020000
00000000
00000000
00000000
0001791D
00004396
000000E3
00020000
00000000
00000000
00000000
00000000
0000FFBE
00001BA3
00000061
00020000
00000000
00000000
00000000
00000000
0000DDAD
0000106F
0000003A
00020000
00010000
00000000
00000000
00000000
0000E380
00001255
00000045
00010000
00010000
00000000
00000000
00000000
0000D09C
00000C1A
00000034
00000000
00000000
00000000
00000000
00000000
0000C043
000006C1
0000001A
00000000
00000000
00000000
00000000
00000000
0000B32C
00000272
0000000C
00000000
00000000
00000000
00000000
00000000
0000B0BF
000001A8
00000007
00000000
00000000
00000000
00000000
00000000
0000C10F
00000707
00000018
00000000
00000000
00000000
00000000
00000000
0000B1A6
000001F1
0000000B
00000000
00000000
00000000
00000000
00000000
0000B2B7
0000024D
0000000A
00000000
00000000
00000000
00000000
00000000
0000AC7B
00000041
00000002
00000000
00000000
00000000
00000000
00000000
0000B0AA
000001A2
00000006
00000000
00000000
00000000
00000000
00000000
0000ABB2
00000000
00000000
00000000
00000000
00000000
00000000
00000000
0000BFFB
0000067D
00000046
00000000
00000000
00000000
00000000
00000000
0000F781
000018E6
0002005F
00000000
00000000
00000000
00000000
00000000
0001082E
00001E69
0000006B
00000000
00000000
00000000
00000000
00000000
0000D6C6
00000E2F
0000002D
00000000
00000000
00000000
00000000
00000000
0000B4D6
00000301
0000000B
00000000
00000000
00000000
00000000
00000000
0000B7C4
000003F9
0000000D
00000000
00000000
00000000
00000000
00000000
0000AD98
000000A0
00000002
00000000
00000000
00000000
00000000
00000000
0000ABB2
00000000
00000000
00000000
00000000
00000000
00000000
00000000
0000ABB2
00000000
00000000
00000000
00000000
00000000
00000000
00000000
0000ABB2
00000000
00000000
00000000
00000000
00000000
00000000
00000000
0000ABB2
00000000
00000000
00000000
00000000
00000000
00000000
00000000
0000ABB2
00000000
00000000
00000000
00000000
00000000
00000000
00000000
0000ABB2
00000000
00000000
00000000
00000000
00000000
00000000
00000000
0000ABB2
00000000
00000000
00000000
00000000
00000000
00000000
00000000
0000ABB2
00000000
00000000
00000000
00000000
00000000
00000000
00000000
0000ABB2
00000000
00000000
00000000
00000000
00000000
00000000
00000000
0000ABB2
00000000
00000000
00000000
00000000
00000000
00000000
00000000
0000ABB2
00000000
00000000
00000000
00000000
00000000
00000000
00000000
0000ABB2
00000000
00000000
00000000
00000000
00000000
00000000
00000000
0000ABB2
00000000
00000000
00000000
00000000
00000000
00000000
00000000
0000ABB2
00000000
00000000
00000000
00000000
00000000
00000000
00000000
0000ABB2
00000000
00000000
00000000
00000000
00000000
00000000
00000000
0000ABB2
00000000
00000000
00000000
00000000
00000000
00000000
00000000
0000ABB2
00000000
00000000
00000000
00000000
00000000
00000000
00000000
0000ABB2
00000000
00000000
00000000
00000000
00000000
00000000
00000000
0000ABB2
00000000
00000000
00000000
00000000
00000000
00000000
00000000
0000ABB2
00000000
00000000
00000000
00000000
00000000
00000000
00000000
0000ABB2
00000000
00000000
00000000
00000000
00000000
00000000
00000000
0000ABB2
00000000
00000000
00000000
00000000
00000000
00000000
00000000
0000ABB2
00000000
00000000
00000000
00000000
00000000
00000000
00000000
0000ABB2
00000000
00000000
00000000
00000000
00000000
00000000
00000000
0000ABB2
00000000
00000000
00000000
00000000
00000000
00000000
00000000
0000ABB2
00000000
00000000
00000000
00000000
00000000
00000000
00000000
0000ABB2
00000000
00000000
00000000
00000000
00000000
00000000
00000000
0000ABB2
00000000
00000000
00000000
00000000
00000000
00000000
00000000
0000ABB2
00000000
00000000
00000000
00000000
00000000
00000000
00000000
0000ABB2
00000000
00000000
00000000
00000000
00000000
00000000
00000000
0000ABB2
00000000
00000000
00000000
00000000
00000000
00000000
00000000
0000ABB2
00000000
00000000
00000000
00000000
00000000
00000000
00000000
0000ABB2
00000000
00000000
00000000
00000000
00000000
00000000
00000000
0000ABB2
00000000
00000000
00000000
00000000
00000000
00000000
00000000
0000ABB2
00000000
00000000
00000000
00000000
00000000
00000000
00000000
0000ABB2
00000000
00000000
00000000
00000000
00000000
00000000
00000000
0000ABB2
00000000
00000000
00000000
00000000
00000000
00000000
00000000
0000ABB2
00000000
00000000
00000000
00000000
00000000
00000000
00000000
0000ABB2
00000000
00000000
00000000
00000000
00000000
00000000
00000000
0000ABB2
00000000
00000000
00000000
00000000
00000000
00000000
00000000
0000ABB2
00000000
00000000
00000000
00000000
00000000
00000000
00000000
0000ABB2
00000000
00000000
00000000
00000000
00000000
00000000
00000000
0000ABB2
00000000
00000000
00000000
00000000
00000000
00000000
00000000
0000C745
000008D4
0000005D
00000000
00000000
00000000
00000000
00000000
00012B65
00002A0D
00060084
00000000
00000000
00000000
00000000
00000000
0001BDB1
00005A40
00000115
00000002
00000000
00000000
00000000
00000000
00027085
0000951D
000001D4
000A0004
00000000
00000000
00000000
00000000
00025264
00008AF1
000001F5
00230000
00000000
00000000
00000000
00000000
0001A899
000052FB
00000152
000D0000
00020002
00000000
00000000
00000000
00018CDC
00004A04
0000010A
00010000
00000000
00000000
00000000
00000000
0000FF37
00001B53
00000084
00000000
00000000
00000000
00000000
00000000
0000E0FE
00001192
00000032
00000000
00000000
00000000
00000000
00000000
0000CF4C
00000BB6
00000028
00000000
00000000
00000000
00000000
00000000
0000D1D7
00000C90
00000027
00000000
00000000
00000000
00000000
00000000
0000D387
00000D22
00000025
00000000
00000000
00000000
00000000
00000000
0000B16D
000001DE
0000000B
00000000
00000000
00000000
00000000
00000000
0000AE37
000000D3
00000004
00000000
00000000
00000000
00000000
00000000
0000ABB2
00000000
00000000
00000000
00000000
00000000
00000000
00000000
0000ABB2
00000000
00000000
00000000
00000000
00000000
00000000
00000000
0000ABB2
00000000
00000000
00000000
00000000
00000000
00000000
00000000
0000ABB2
00000000
00000000
00000000
00000000
00000000
00000000
00000000
0000ABB2
00000000
00000000
00000000
00000000
00000000
00000000
00000000
0000ABB2
00000000
00000000
00000000
00000000
00000000
00000000
00000000
0000C100
000006D1
00000049
00000000
00000000
00000000
00000000
00000000
0000FAA8
000019F2
00020060
00000000
00000000
00000000
00000000
00000000
0001112B
00002159
0000007A
00000000
00000000
00000000
00000000
00000000
0000DFFF
0000112B
00000044
00000000
00000000
00000000
00000000
00000000
0000EBBA
00001521
00000037
00010000
00000000
00000000
00000000
00000000
0000DBA6
00000FDA
00000022
00030000
00000000
00000000
00000000
00000000
0000EF1A
00001640
00000038
00060000
00000000
00000000
00000000
00000000
0000DC57
00001007
00000030
00000000
00000002
00000000
00000000
00000000
0000D57C
00000DAF
0000003F
00040000
00000000
00000000
00000000
00000000
0000D225
00000CA6
0000002B
00010000
00000000
00000000
00000000
00000000
0000C094
000006D9
0000001D
00020000
00000000
00000000
00000000
00000000
0000B74F
000003CE
00000011
00000000
00000000
00000000
00000000
00000000
0000C127
0000070C
0000001B
00000000
00000000
00000000
00000000
00000000
0000D6E7
00000E38
0000002F
00000000
00000000
00000000
00000000
00000000
0000C1DE
00000748
0000001C
00000000
00000000
00000000
00000000
00000000
0000B8AE
00000445
0000000F
00000000
00000000
00000000
00000000
00000000
0000B056
00000184
00000008
00000000
00000000
00000000
00000000
00000000
0000ADC8
000000AE
00000004
00000000
00000000
00000000
00000000
00000000
0000B35F
00000288
00000007
00000000
00000000
00000000
00000000
00000000
0000ABB2
00000000
00000000
00000000
00000000
00000000
00000000
00000000
0000ABB2
00000000
00000000
00000000
00000000
00000000
00000000
00000000
0000ABB2
00000000
00000000
00000000
00000000
00000000
00000000
00000000
0000ABB2
00000000
00000000
00000000
00000000
00000000
00000000
00000000
0000ABB2
00000000
00000000
00000000
00000000
00000000
00000000
00000000
0000ABB2
00000000
00000000
00000000
00000000
00000000
00000000
00000000
0000ABB2
00000000
00000000
00000000
00000000
00000000
00000000
00000000
0000ABB2
00000000
00000000
00000000
00000000
00000000
00000000
00000000
0000ABB2
00000000
00000000
00000000
00000000
00000000
00000000
00000000
0000ABB2
00000000
00000000
00000000
00000000
00000000
00000000
00000000
0000ABB2
00000000
00000000
00000000
00000000
00000000
00000000
00000000
0000ABB2
00000000
00000000
00000000
00000000
00000000
00000000
00000000
0000ABB2
00000000
00000000
00000000
00000000
00000000
00000000
00000000
0000ABB2
00000000
00000000
00000000
00000000
00000000
00000000
00000000
0000ABB2
00000000
00000000
00000000
00000000
00000000
00000000
00000000
0000ABB2
00000000
00000000
00000000
00000000
00000000
00000000
00000000
0000ABB2
00000000
00000000
00000000
00000000
00000000
00000000
00000000
0000ABB2
00000000
00000000
00000000
00000000
00000000
00000000
00000000
0000ABB2
00000000
00000000
00000000
00000000
00000000
00000000
00000000
0000ABB2
00000000
00000000
00000000
00000000
00000000
00000000
00000000
0000ABB2
00000000
00000000
00000000
00000000
00000000
00000000
00000000
0000ABB2
00000000
00000000
00000000
00000000
00000000
00000000
00000000
0000ABB2
00000000
00000000
00000000
00000000
00000000
00000000
00000000
0000ABB2
00000000
00000000
00000000
00000000
00000000
00000000
00000000
0000ABB2
00000000
00000000
00000000
00000000
00000000
00000000
00000000
0000ABB2
00000000
00000000
00000000
00000000
00000000
00000000
00000000
0000ABB2
00000000
00000000
00000000
00000000
00000000
00000000
00000000
0000ABB2
00000000
00000000
00000000
00000000
00000000
00000000
00000000
0000ABB2
00000000
00000000
00000000
00000000
00000000
00000000
00000000
0000ABB2
00000000
00000000
00000000
00000000
00000000
00000000
00000000
0000ABB2
00000000
00000000
00000000
00000000
00000000
00000000
00000000
0000C745
000008D4
0000005D
00000000
00000000
00000000
00000000
00000000
000128F5
0000293F
00060082
00000000
00000000
00000000
00000000
00000000
000196E4
00004D77
000000EF
00000002
00000000
00000000
00000000
00000000
0002340A
00008129
0000019F
00060004
00000000
00000000
00000000
00000000
00025E25
00008EFD
000001D4
00230000
00000000
00000000
00000000
00000000
0001966C
00004CF6
00000148
000B0000
00000002
00000000
00000000
00000000
000178B4
00004359
000000FD
00010000
00000000
00000000
00000000
00000000
0001202E
0000264F
00000085
00000000
00000000
00000000
00000000
00000000
0000F430
000017BF
0000006B
00000000
00000000
00000000
00000000
00000000
0000C0D9
000006E8
00000025
00000000
00000000
00000000
00000000
00000000
0000D945
00000F06
0000002B
00000000
00000000
00000000
00000000
00000000
0000BD64
000005CA
0000001C
00000000
00000000
00000000
00000000
00000000
0000BFC5
0000069E
00000013
00000000
00000000
00000000
00000000
00000000
0000AC99
0000004A
00000003
00000000
00000000
00000000
00000000
00000000
0000AE4F
000000DB
00000004
00000000
00000000
00000000
00000000
00000000
0000ABB2
00000000
00000000
00000000
00000000
00000000
00000000
00000000
0000ABB2
00000000
00000000
00000000
00000000
00000000
00000000
00000000
0000ABB2
00000000
00000000
00000000
00000000
00000000
00000000
00000000
0000ABB2
00000000
00000000
00000000
00000000
00000000
00000000
00000000
0000ABB2
00000000
00000000
00000000
00000000
00000000
00000000
00000000
0000C08B
000006AC
00000047
00000000
00000000
00000000
00000000
00000000
0000F703
000018C0
0000005B
00000000
00000000
00000000
00000000
00000000
0000FA06
000019BB
00000061
00000000
00000000
00000000
00000000
00000000
0000E806
000013D2
0000004A
00000000
00000000
00000000
00000000
00000000
0000F640
000018A1
00000039
00000000
00000000
00000000
00000000
00000000
0000ECAD
00001580
00000029
00040000
00000000
00000000
00000000
00000000
0000EE93
00001606
00000045
00010000
00000000
00000000
00000000
00000000
0000EC38
00001542
00000040
00050000
00000000
00000000
00000000
00000000
0000C7A8
0000092D
00000025
00020000
00000000
00000000
00000000
00000000
0000BBCF
00000549
00000016
00010000
00000000
00000000
00000000
00000000
0000BE0C
0000060D
00000011
00000000
00000000
00000000
00000000
00000000
0000C18D
00000731
00000018
00000000
00000000
00000000
00000000
00000000
0000D243
00000CB4
00000027
00000000
00000000
00000000
00000000
00000000
0000C028
000006B1
00000021
00000000
00000000
00000000
00000000
00000000
0000C145
00000719
00000018
00000000
00000000
00000000
00000000
00000000
0000C4DE
0000084D
00000017
00000000
00000000
00000000
00000000
00000000
0000BB9C
00000545
00000009
00000000
00000000
00000000
00000000
00000000
0000B5D2
00000358
00000008
00000000
00000000
00000000
00000000
00000000
0000AC63
0000003A
00000001
00000000
00000000
00000000
00000000
00000000
0000ABB2
00000000
00000000
00000000
00000000
00000000
00000000
00000000
0000ABB2
00000000
00000000
00000000
00000000
00000000
00000000
00000000
0000ABB2
00000000
00000000
00000000
00000000
00000000
00000000
00000000
0000ABB2
00000000
00000000
00000000
00000000
00000000
00000000
00000000
0000ABB2
00000000
00000000
00000000
00000000
00000000
00000000
00000000
0000ABB2
00000000
00000000
00000000
00000000
00000000
00000000
00000000
0000ABB2
00000000
00000000
00000000
00000000
00000000
00000000
00000000
0000ABB2
00000000
00000000
00000000
00000000
00000000
00000000
00000000
0000ABB2
00000000
00000000
00000000
00000000
00000000
00000000
00000000
0000ABB2
00000000
00000000
00000000
00000000
00000000
00000000
00000000
0000ABB2
00000000
00000000
00000000
00000000
00000000
00000000
00000000
0000ABB2
00000000
00000000
00000000
00000000
00000000
00000000
00000000
0000ABB2
00000000
00000000
00000000
00000000
00000000
00000000
00000000
0000ABB2
00000000
00000000
00000000
00000000
00000000
00000000
00000000
0000ABB2
00000000
00000000
00000000
00000000
00000000
00000000
00000000
0000ABB2
00000000
00000000
00000000
00000000
00000000
00000000
00000000
0000ABB2
00000000
00000000
00000000
00000000
00000000
00000000
00000000
0000ABB2
00000000
00000000
00000000
00000000
00000000
00000000
00000000
0000ABB2
00000000
00000000
00000000
00000000
00000000
00000000
00000000
0000ABB2
00000000
00000000
00000000
00000000
00000000
00000000
00000000
0000ABB2
00000000
00000000
00000000
00000000
00000000
00000000
00000000
0000ABB2
00000000
00000000
00000000
00000000
00000000
00000000
00000000
0000ABB2
00000000
00000000
00000000
00000000
00000000
00000000
00000000
0000ABB2
00000000
00000000
00000000
00000000
00000000
00000000
00000000
0000ABB2
00000000
00000000
00000000
00000000
00000000
00000000
00000000
0000ABB2
00000000
00000000
00000000
00000000
00000000
00000000
00000000
0000ABB2
00000000
00000000
00000000
00000000
00000000
00000000
00000000
0000ABB2
00000000
00000000
00000000
00000000
00000000
00000000
00000000
0000ABB2
00000000
00000000
00000000
00000000
00000000
00000000
00000000
0000ABB2
00000000
00000000
00000000
00000000
00000000
00000000
00000000
0000ABB2
00000000
00000000
00000000
00000000
00000000
00000000
00000000
0000C745
000008D4
0000005D
00000000
00000000
00000000
00000000
00000000
000124D2
000027E2
0006007E
00000000
00000000
00000000
00000000
00000000
0001926A
00004BFC
000000EC
00000002
00000000
00000000
00000000
00000000
0002207E
00007AC5
0000017F
00060004
00000000
00000000
00000000
00000000
00024310
00008614
000001B6
00260000
00000000
00000000
00000000
00000000
0001B3F4
000056BC
0000015A
000D0000
00000002
00000000
00000000
00000000
0001705F
00004087
00000108
00020000
00010000
00000000
00000000
00000000
00011F0E
000025ED
00000087
00000000
00000000
00000000
00000000
00000000
00010441
00001D1E
00000067
00000000
00000000
00000000
00000000
00000000
0000DBA6
00000FC3
00000039
00000000
00000000
00000000
00000000
00000000
0000C23E
0000076B
00000019
00000000
00000000
00000000
00000000
00000000
0000BBE4
00000551
00000015
00000000
00000000
00000000
00000000
00000000
0000ABD9
0000000C
00000001
00000000
00000000
00000000
00000000
00000000
0000AC03
0000001A
00000001
00000000
00000000
00000000
00000000
00000000
0000ABB2
00000000
00000000
00000000
00000000
00000000
00000000
00000000
0000ABB2
00000000
00000000
00000000
00000000
00000000
00000000
00000000
0000ABB2
00000000
00000000
00000000
00000000
00000000
00000000
00000000
0000ABB2
00000000
00000000
00000000
00000000
00000000
00000000
00000000
0000ABB2
00000000
00000000
00000000
00000000
00000000
00000000
00000000
0000ABB2
00000000
00000000
00000000
00000000
00000000
00000000
00000000
0000C2A4
00000759
0000004D
00000000
00000000
00000000
00000000
00000000
0000FC7F
00001A8E
00020061
00000000
00000000
00000000
00000000
00000000
00011857
000023B5
00000082
00000000
00000000
00000000
00000000
00000000
0000EEB4
00001600
00000056
00000000
00000000
00000000
00000000
00000000
00010C0F
00001FCF
00000050
00010000
00000000
00000000
00000000
00000000
00010D6E
0000204A
0000004A
00030000
00000000
00000000
00000000
00000000
00010D59
00002028
00000065
00060000
00000000
00000000
00000000
00000000
0001004B
00001BD1
00000062
00030000
00000001
00000000
00000000
00000000
0000D8CA
00000EC4
00000044
00010000
00000000
00000000
00000000
00000000
0000CB62
00000A5E
00000032
00000000
00000000
00000000
00000000
00000000
0000C220
0000075C
0000001E
00000000
00000000
00000000
00000000
00000000
0000C3B2
000007E9
00000017
00000000
00000000
00000000
00000000
00000000
0000CDD2
00000B3E
00000022
00000000
00000000
00000000
00000000
00000000
0000F337
000017A5
00000032
00000000
00000000
00000000
00000000
00000000
0000E224
000011DF
00000047
00000000
00000000
00000000
00000000
00000000
0000CE05
00000B4D
00000024
00000000
00000000
00000000
00000000
00000000
0000C32B
000007B7
0000001C
00000000
00000000
00000000
00000000
00000000
0000BE36
00000619
00000013
00000000
00000000
00000000
00000000
00000000
0000C862
00000970
00000020
00000000
00000000
00000000
00000000
00000000
0000CF34
00000BB2
00000024
00000000
00000000
00000000
00000000
00000000
0000D333
00000D08
00000023
00000000
00000000
00000000
00000000
00000000
0000FDFC
00001B1A
00000054
00000000
00000000
00000000
00000000
00000000
0000D19B
00000C67
0000003C
00000000
00000000
00000000
00000000
00000000
0000CE8C
00000B6E
00000030
00000000
00000000
00000000
00000000
00000000
0000E497
000012CD
0000002A
00000000
00000000
00000000
00000000
00000000
0000E575
00001306
0000003B
00000000
00000000
00000000
00000000
00000000
0000EB3C
000014E4
0000004A
00000000
00000000
00000000
00000000
00000000
0000E76A
000013AC
0000003C
00000000
00000000
00000000
00000000
00000000
0000C39D
000007DB
0000001E
00000000
00000000
00000000
00000000
00000000
0000B81B
00000410
00000013
00000000
00000000
00000000
00000000
00000000
0000B464
000002D9
0000000D
00000000
00000000
00000000
00000000
00000000
0000BE81
00000634
00000011
00000000
00000000
00000000
00000000
00000000
0000BB66
00000531
0000000B
00000000
00000000
00000000
00000000
00000000
0000C196
0000073E
0000000E
00000000
00000000
00000000
00000000
00000000
0000CD48
00000B08
0000002A
00000000
00000000
00000000
00000000
00000000
0000D0ED
00000C40
00000029
00000000
00000000
00000000
00000000
00000000
0000F469
000017F1
0000004C
00000000
00000000
00000000
00000000
00000000
0000F874
00001943
00000053
00000000
00000000
00000000
00000000
00000000
0000E188
000011AE
00000044
00000000
00000000
00000000
00000000
00000000
0000F1F3
00001718
00000053
00000000
00000000
00000000
00000000
00000000
00010198
00001C5C
00000046
00000000
00000000
00000000
00000000
00000000
0000FE08
00001B25
0000004D
00000000
00000000
00000000
00000000
00000000
0000F0D9
000016AC
00000061
00000000
00000000
00000000
00000000
00000000
0000F3DC
000017C9
00000045
00000000
00000000
00000000
00000000
00000000
0000D33F
00000CF9
00000036
00000000
00000000
00000000
00000000
00000000
0000D5E8
00000DD9
00000039
00000000
00000000
00000000
00000000
00000000
0000C994
000009D2
00000024
00000000
00000000
00000000
00000000
00000000
0000C59B
00000885
0000001E
00000000
00000000
00000000
00000000
00000000
0000BDCA
000005EC
0000001C
00000000
00000000
00000000
00000000
00000000
0000CF10
00000B99
00000031
00000000
00000000
00000000
00000000
00000000
000108C7
00001E78
0000008F
00000000
00000000
00000000
00000000
00000000
00013CF6
00002FCF
0004009D
00000000
00000000
00000000
00000000
00000000
00014704
0000330A
000000BC
00000001
00000000
00000000
00000000
00000000
00010E91
00002089
0000006C
00070000
00000000
00000000
00000000
00000000
00011A85
0000248A
00000067
00090000
00000000
00000000
00000000
00000000
0000D8AC
00000ECC
00000032
00020000
00000000
00000000
00000000
00000000
0000C8D1
00000996
0000001F
00000000
00000000
00000000
00000000
00000000
0000B584
00000338
0000000E
00000000
00000000
00000000
00000000
00000000
0000B863
0000042A
00000011
00000000
00000000
00000000
00000000
00000000
0000CBE6
00000A94
00000028
00000000
00000000
00000000
00000000
00000000
0000B9C5
000004A5
0000000C
00000000
00000000
00000000
00000000
00000000
0000AEA0
000000F6
00000004
00000000
00000000
00000000
00000000
00000000
0000AFF9
00000169
00000004
00000000
00000000
00000000
00000000
00000000
0000ABB2
00000000
00000000
00000000
00000000
00000000
00000000
00000000
0000ABB2
00000000
00000000
00000000
00000000
00000000
00000000
00000000
0000ABB2
00000000
00000000
00000000
00000000
00000000
00000000
00000000
0000ABB2
00000000
00000000
00000000
00000000
00000000
00000000
00000000
0000ABB2
00000000
00000000
00000000
00000000
00000000
00000000
00000000
0000ABB2
00000000
00000000
00000000
00000000
00000000
00000000
00000000
0000ABB2
00000000
00000000
00000000
00000000
00000000
00000000
00000000
0000C33A
00000789
0000004F
00000000
00000000
00000000
00000000
00000000
000108B5
00001E97
0001006A
00000000
00000000
00000000
00000000
00000000
00011FEF
00002633
0000008C
00000000
00000000
00000000
00000000
00000000
00011E33
000025B4
00000077
00020000
00000000
00000000
00000000
00000000
00013D2F
00003001
0000007E
000B0000
00000000
00000000
00000000
00000000
00011761
0000236B
0000007A
000A0000
00000000
00000000
00000000
00000000
0000D282
00000CB8
00000038
00010000
00000000
00000000
00000000
00000000
0000CCB2
00000AD3
0000002D
00010000
00000000
00000000
00000000
00000000
0000BDC4
000005F5
00000011
00000000
00000000
00000000
00000000
00000000
0000AE8E
000000EE
00000006
00000000
00000000
00000000
00000000
00000000
0000AED0
00000104
00000006
00000000
00000000
00000000
00000000
00000000
0000AF5A
00000131
00000007
00000000
00000000
00000000
00000000
00000000
0000ACE7
00000066
00000001
00000000
00000000
00000000
00000000
00000000
0000ABB2
00000000
00000000
00000000
00000000
00000000
00000000
00000000
0000ABB2
00000000
00000000
00000000
00000000
00000000
00000000
00000000
0000ABB2
00000000
00000000
00000000
00000000
00000000
00000000
00000000
0000ABB2
00000000
00000000
00000000
00000000
00000000
00000000
00000000
0000ABB2
00000000
00000000
00000000
00000000
00000000
00000000
00000000
0000ABB2
00000000
00000000
00000000
00000000
00000000
00000000
00000000
0000ABB2
00000000
00000000
00000000
00000000
00000000
00000000
00000000
0000ABB2
00000000
00000000
00000000
00000000
00000000
00000000
00000000
0000ABB2
00000000
00000000
00000000
00000000
00000000
00000000
00000000
0000ABB2
00000000
00000000
00000000
00000000
00000000
00000000
00000000
0000ABB2
00000000
00000000
00000000
00000000
00000000
00000000
00000000
0000ABB2
00000000
00000000
00000000
00000000
00000000
00000000
00000000
0000ABB2
00000000
00000000
00000000
00000000
00000000
00000000
00000000
0000ABB2
00000000
00000000
00000000
00000000
00000000
00000000
00000000
0000ABB2
00000000
00000000
00000000
00000000
00000000
00000000
00000000
0000ABB2
00000000
00000000
00000000
00000000
00000000
00000000
00000000
0000ABB2
00000000
00000000
00000000
00000000
00000000
00000000
00000000
0000ABB2
00000000
00000000
00000000
00000000
00000000
00000000
00000000
0000ABB2
00000000
00000000
00000000
00000000
00000000
00000000
00000000
0000ABB2
00000000
00000000
00000000
00000000
00000000
00000000
00000000
0000ABB2
00000000
00000000
00000000
00000000
00000000
00000000
00000000
0000ABB2
00000000
00000000
00000000
00000000
00000000
00000000
00000000
0000ABB2
00000000
00000000
00000000
00000000
00000000
00000000
00000000
0000ABB2
00000000
00000000
00000000
00000000
00000000
00000000
00000000
0000ABB2
00000000
00000000
00000000
00000000
00000000
00000000
00000000
0000ABB2
00000000
00000000
00000000
00000000
00000000
00000000
00000000
0000ABB2
00000000
00000000
00000000
00000000
00000000
00000000
00000000
0000ABB2
00000000
00000000
00000000
00000000
00000000
00000000
00000000
0000ABB2
00000000
00000000
00000000
00000000
00000000
00000000
00000000
0000ABB2
00000000
00000000
00000000
00000000
00000000
00000000
00000000
0000ABB2
00000000
00000000
00000000
00000000
00000000
00000000
00000000
0000ABB2
00000000
00000000
00000000
00000000
00000000
00000000
00000000
0000ABB2
00000000
00000000
00000000
00000000
00000000
00000000
00000000
0000ABB2
00000000
00000000
00000000
00000000
00000000
00000000
00000000
0000ABB2
00000000
00000000
00000000
00000000
00000000
00000000
00000000
0000ABB2
00000000
00000000
00000000
00000000
00000000
00000000
00000000
0000ABB2
00000000
00000000
00000000
00000000
00000000
00000000
00000000
0000C745
000008D4
0000005D
00000000
00000000
00000000
00000000
00000000
00012559
0000280F
0006007E
00000000
00000000
00000000
00000000
00000000
00019BAF
00004F0C
000000F3
00000002
00000000
00000000
00000000
00000000
00023A43
00008333
000001A8
00050004
00000000
00000000
00000000
00000000
00027109
00009526
000001F7
00240000
00000000
00000000
00000000
00000000
0001A518
000051CE
00000154
000B0000
00010002
00000000
00000000
00000000
00014ED8
00003587
000000DB
00050000
00000000
00000000
00000000
00000000
00012646
0000283E
0000009E
00000000
00000000
00000000
00000000
00000000
0000EE0F
000015D6
00000049
00000000
00000000
00000000
00000000
00000000
0000DFA2
0000110D
00000043
00000000
00000000
00000000
00000000
00000000
0000DA41
00000F58
0000002D
00000000
00000000
00000000
00000000
00000000
0000BA5B
000004CA
00000019
00000000
00000000
00000000
00000000
00000000
0000BCE3
000005AB
00000010
00000000
00000000
00000000
00000000
00000000
0000AF24
00000120
00000006
00000000
00000000
00000000
00000000
00000000
0000B1C4
00000200
00000006
00000000
00000000
00000000
00000000
00000000
0000BF1D
0000066B
0000000E
00000000
00000000
00000000
00000000
00000000
0000ABB2
00000000
00000000
00000000
00000000
00000000
00000000
00000000
0000ABB2
00000000
00000000
00000000
00000000
00000000
00000000
00000000
0000ABB2
00000000
00000000
00000000
00000000
00000000
00000000
00000000
0000ABB2
00000000
00000000
00000000
00000000
00000000
00000000
00000000
0000C1D5
00000716
0000004B
00000000
00000000
00000000
00000000
00000000
0000FE59
00001B27
00020066
00000000
00000000
00000000
00000000
00000000
00011F20
000025F6
00000084
00000000
00000000
00000000
00000000
00000000
0000E746
00001395
00000047
00000000
00000000
00000000
00000000
00000000
0000EF5C
0000164C
00000042
00000000
00000000
00000000
00000000
00000000
0000F238
0000174A
00000038
00040000
00000000
00000000
00000000
00000000
0000EC17
00001532
00000045
00050000
00000000
00000000
00000000
00000000
0000E9D1
0000146F
00000046
00020000
00000000
00000000
00000000
00000000
0000C625
000008AC
00000025
00000000
00000000
00000000
00000000
00000000
0000C223
0000074C
0000002F
00000000
00000000
00000000
00000000
00000000
0000BF74
00000670
00000026
00000000
00000000
00000000
00000000
00000000
0000B347
0000027A
0000000D
00000000
00000000
00000000
00000000
00000000
0000B4AF
000002EE
00000011
00000000
00000000
00000000
00000000
00000000
0000B51B
00000310
00000013
00000000
00000000
00000000
00000000
00000000
0000B16A
000001DB
0000000D
00000000
00000000
00000000
00000000
00000000
0000AC60
00000038
00000002
00000000
00000000
00000000
00000000
00000000
0000AC00
00000019
00000001
00000000
00000000
00000000
00000000
00000000
0000ADF5
000000BF
00000002
00000000
00000000
00000000
00000000
00000000
0000AD50
00000087
00000003
00000000
00000000
00000000
00000000
00000000
0000AE40
000000D5
00000005
00000000
00000000
00000000
00000000
00000000
0000AD92
0000009F
00000001
00000000
00000000
00000000
00000000
00000000
0000ABB2
00000000
00000000
00000000
00000000
00000000
00000000
00000000
0000ABB2
00000000
00000000
00000000
00000000
00000000
00000000
00000000
0000ABB2
00000000
00000000
00000000
00000000
00000000
00000000
00000000
0000ABB2
00000000
00000000
00000000
00000000
00000000
00000000
00000000
0000ABB2
00000000
00000000
00000000
00000000
00000000
00000000
00000000
0000ABB2
00000000
00000000
00000000
00000000
00000000
00000000
00000000
0000ABB2
00000000
00000000
00000000
00000000
00000000
00000000
00000000
0000ABB2
00000000
00000000
00000000
00000000
00000000
00000000
00000000
0000ABB2
00000000
00000000
00000000
00000000
00000000
00000000
00000000
0000ABB2
00000000
00000000
00000000
00000000
00000000
00000000
00000000
0000ABB2
00000000
00000000
00000000
00000000
00000000
00000000
00000000
0000ABB2
00000000
00000000
00000000
00000000
00000000
00000000
00000000
0000ABB2
00000000
00000000
00000000
00000000
00000000
00000000
00000000
0000ABB2
00000000
00000000
00000000
00000000
00000000
00000000
00000000
0000ABB2
00000000
00000000
00000000
00000000
00000000
00000000
00000000
0000ABB2
00000000
00000000
00000000
00000000
00000000
00000000
00000000
0000ABB2
00000000
00000000
00000000
00000000
00000000
00000000
00000000
0000ABB2
00000000
00000000
00000000
00000000
00000000
00000000
00000000
0000ABB2
00000000
00000000
00000000
00000000
00000000
00000000
00000000
0000ABB2
00000000
00000000
00000000
00000000
00000000
00000000
00000000
0000ABB2
00000000
00000000
00000000
00000000
00000000
00000000
00000000
0000ABB2
00000000
00000000
00000000
00000000
00000000
00000000
00000000
0000ABB2
00000000
00000000
00000000
00000000
00000000
00000000
00000000
0000ABB2
00000000
00000000
00000000
00000000
00000000
00000000
00000000
0000ABB2
00000000
00000000
00000000
00000000
00000000
00000000
00000000
0000ABB2
00000000
00000000
00000000
00000000
00000000
00000000
00000000
0000ABB2
00000000
00000000
00000000
00000000
00000000
00000000
00000000
0000ABB2
00000000
00000000
00000000
00000000
00000000
00000000
00000000
0000ABB2
00000000
00000000
00000000
00000000
00000000
00000000
00000000
0000C745
000008D4
0000005D
00000000
00000000
00000000
00000000
00000000
00012574
00002818
0006007E
00000000
00000000
00000000
00000000
00000000
00019489
00004CAD
000000F0
00000002
00000000
00000000
00000000
00000000
000218B9
0000782D
00000180
00030004
00000000
00000000
00000000
00000000
000239E3
00008307
000001B4
00250000
00000000
00000000
00000000
00000000
0001B51D
00005711
00000168
000B0001
00000002
00000000
00000000
00000000
000163F0
00003C8A
000000E0
00010000
00000000
00000000
00000000
00000000
000116A1
00002327
0000007E
00000000
00000000
00000000
00000000
00000000
000105EB
00001D97
0000007C
00000000
00000002
00000000
00000000
00000000
0000F781
000018DB
0000006A
00000000
00000000
00000000
00000000
00000000
0000DB97
00000FB4
00000043
00000000
00000000
00000000
00000000
00000000
0000D135
00000C56
0000002B
00000000
00000000
00000000
00000000
00000000
0000B326
0000026D
0000000F
00000000
00000000
00000000
00000000
00000000
0000B2A8
0000024C
00000006
00000000
00000000
00000000
00000000
00000000
0000ABCD
00000008
00000001
00000000
00000000
00000000
00000000
00000000
0000ABB2
00000000
00000000
00000000
00000000
00000000
00000000
00000000
0000ABB2
00000000
00000000
00000000
00000000
00000000
00000000
00000000
0000ABB2
00000000
00000000
00000000
00000000
00000000
00000000
00000000
0000ABB2
00000000
00000000
00000000
00000000
00000000
00000000
00000000
0000ABB2
00000000
00000000
00000000
00000000
00000000
00000000
00000000
0000C09D
000006B1
00000048
00000000
00000000
00000000
00000000
00000000
0000F565
00001836
0001005B
00000000
00000000
00000000
00000000
00000000
0001013E
00001C1A
0000006A
00000000
00000000
00000000
00000000
00000000
0000E3A7
00001260
00000047
00000000
00000000
00000000
00000000
00000000
000107D1
00001E69
0000004C
00000000
00000000
00000000
00000000
00000000
0000F676
000018B2
0000003A
00050000
00000000
00000000
00000000
00000000
000118ED
000023FC
0000006D
000D0000
00000000
00000000
00000000
00000000
000100D5
00001BFC
00000065
00030000
00000000
00000000
00000000
00000000
0000D234
00000CA0
00000036
00040000
00000002
00000000
00000000
00000000
0000E491
000012A3
00000052
00020000
00000000
00000000
00000000
00000000
0000C73C
00000903
0000002B
00000000
00000000
00000000
00000000
00000000
0000BAE2
000004F4
0000001C
00000000
00000000
00000000
00000000
00000000
0000C181
00000728
0000001D
00000000
00000000
00000000
00000000
00000000
0000BE81
00000633
00000012
00000000
00000000
00000000
00000000
00000000
0000AEBB
000000FC
00000007
00000000
00000000
00000000
00000000
00000000
0000ADCE
000000B1
00000003
00000000
00000000
00000000
00000000
00000000
0000ABD0
00000009
00000001
00000000
00000000
00000000
00000000
00000000
0000ABB2
00000000
00000000
00000000
00000000
00000000
00000000
00000000
0000ABB2
00000000
00000000
00000000
00000000
00000000
00000000
00000000
0000ABB2
00000000
00000000
00000000
00000000
00000000
00000000
00000000
0000ABB2
00000000
00000000
00000000
00000000
00000000
00000000
00000000
0000ABB2
00000000
00000000
00000000
00000000
00000000
00000000
00000000
0000ABB2
00000000
00000000
00000000
00000000
00000000
00000000
00000000
0000ABB2
00000000
00000000
00000000
00000000
00000000
00000000
00000000
0000ABB2
00000000
00000000
00000000
00000000
00000000
00000000
00000000
0000ABB2
00000000
00000000
00000000
00000000
00000000
00000000
00000000
0000ABB2
00000000
00000000
00000000
00000000
00000000
00000000
00000000
0000ABB2
00000000
00000000
00000000
00000000
00000000
00000000
00000000
0000ABB2
00000000
00000000
00000000
00000000
00000000
00000000
00000000
0000ABB2
00000000
00000000
00000000
00000000
00000000
00000000
00000000
0000ABB2
00000000
00000000
00000000
00000000
00000000
00000000
00000000
0000ABB2
00000000
00000000
00000000
00000000
00000000
00000000
00000000
0000ABB2
00000000
00000000
00000000
00000000
00000000
00000000
00000000
0000ABB2
00000000
00000000
00000000
00000000
00000000
00000000
00000000
0000ABB2
00000000
00000000
00000000
00000000
00000000
00000000
00000000
0000ABB2
00000000
00000000
00000000
00000000
00000000
00000000
00000000
0000ABB2
00000000
00000000
00000000
00000000
00000000
00000000
00000000
0000ABB2
00000000
00000000
00000000
00000000
00000000
00000000
00000000
0000ABB2
00000000
00000000
00000000
00000000
00000000
00000000
00000000
0000ABB2
00000000
00000000
00000000
00000000
00000000
00000000
00000000
0000ABB2
00000000
00000000
00000000
00000000
00000000
00000000
00000000
0000ABB2
00000000
00000000
00000000
00000000
00000000
00000000
00000000
0000ABB2
00000000
00000000
00000000
00000000
00000000
00000000
00000000
0000ABB2
00000000
00000000
00000000
00000000
00000000
00000000
00000000
0000ABB2
00000000
00000000
00000000
00000000
00000000
00000000
00000000
0000ABB2
00000000
00000000
00000000
00000000
00000000
00000000
00000000
0000ABB2
00000000
00000000
00000000
00000000
00000000
00000000
00000000
0000ABB2
00000000
00000000
00000000
00000000
00000000
00000000
00000000
0000ABB2
00000000
00000000
00000000
00000000
00000000
00000000
00000000
0000ABB2
00000000
00000000
00000000
00000000
00000000
00000000
00000000
0000C745
000008D4
0000005D
00000000
00000000
00000000
00000000
00000000
00012571
00002816
0006007F
00000000
00000000
00000000
00000000
00000000
00019EAF
00005009
000000F6
00000002
00000000
00000000
00000000
00000000
000242DA
0000861D
0000019B
00060004
00000000
00000000
00000000
00000000
00022846
00007D33
000001A9
00210000
00000000
00000000
00000000
00000000
00018B53
00004954
00000137
000B0000
00000002
00000000
00000000
00000000
000139CF
00002EA7
000000B8
00020000
00000000
00000000
00000000
00000000
0000FC2E
00001A62
00000072
00000000
00000000
00000000
00000000
00000000
0000DBAF
00000FC6
00000039
00000000
00000000
00000000
00000000
00000000
0000E209
000011DF
0000003E
00000000
00000000
00000000
00000000
00000000
0000CE68
00000B61
00000031
00000000
00000000
00000000
00000000
00000000
0000DB7C
00000FC1
0000002D
00000000
00000000
00000000
00000000
00000000
0000C85C
00000967
00000027
00000000
00000000
00000000
00000000
00000000
0000B992
00000489
00000017
00000000
00000000
00000000
00000000
00000000
0000B614
00000366
00000010
00000000
00000000
00000000
00000000
00000000
0000AE67
000000E1
00000006
00000000
00000000
00000000
00000000
00000000
0000B21E
0000021A
0000000A
00000000
00000000
00000000
00000000
00000000
0000B1A9
000001F4
00000009
00000000
00000000
00000000
00000000
00000000
0000B3DD
000002B2
00000007
00000000
00000000
00000000
00000000
00000000
0000BB18
00000515
0000000D
00000000
00000000
00000000
00000000
00000000
0000C838
00000933
0000004F
00000000
00000000
00000000
00000000
00000000
0001010B
00001C12
00020061
00000000
00000000
00000000
00000000
00000000
0001271B
00002899
0000008A
00000000
00000000
00000000
00000000
00000000
0000F6EE
000018BC
00000058
00000000
00000000
00000000
00000000
00000000
00012C6D
00002A7B
0000006E
00000000
00000000
00000000
00000000
00000000
00010DB6
00002056
00000056
00020000
00000000
00000000
00000000
00000000
0000D111
00000C44
00000031
00060000
00000000
00000000
00000000
00000000
0000FC3A
00001A82
00000056
00040000
00000000
00000000
00000000
00000000
0000E215
000011E0
00000041
00010000
00000000
00000000
00000000
00000000
0000D0A5
00000C20
00000031
00010000
00000000
00000000
00000000
00000000
0000C3A3
000007D7
00000024
00000000
00000000
00000000
00000000
00000000
0000B5A2
00000340
00000010
00000000
00000000
00000000
00000000
00000000
0000B953
00000477
00000014
00000000
00000000
00000000
00000000
00000000
0000D276
00000CC6
00000026
00000000
00000000
00000000
00000000
00000000
0000C1A5
00000734
0000001D
00000000
00000000
00000000
00000000
00000000
0000C823
0000095A
00000021
00000000
00000000
00000000
00000000
00000000
0000BBEA
0000054E
0000001A
00000000
00000000
00000000
00000000
00000000
0000C6CD
000008EF
0000001A
00000000
00000000
00000000
00000000
00000000
0000CA4B
00000A1E
00000015
00000000
00000000
00000000
00000000
00000000
0000C59B
0000088E
00000015
00000000
00000000
00000000
00000000
00000000
0000B575
00000334
0000000D
00000000
00000000
00000000
00000000
00000000
0000B3B6
0000029C
00000010
00000000
00000000
00000000
00000000
00000000
0000BAAC
000004E7
00000017
00000000
00000000
00000000
00000000
00000000
0000BC68
00000580
00000012
00000000
00000000
00000000
00000000
00000000
0000C109
00000708
00000015
00000000
00000000
00000000
00000000
00000000
0000AFC0
00000158
00000002
00000000
00000000
00000000
00000000
00000000
0000ABB2
00000000
00000000
00000000
00000000
00000000
00000000
00000000
0000ABB2
00000000
00000000
00000000
00000000
00000000
00000000
00000000
0000ABB2
00000000
00000000
00000000
00000000
00000000
00000000
00000000
0000ABB2
00000000
00000000
00000000
00000000
00000000
00000000
00000000
0000ABB2
00000000
00000000
00000000
00000000
00000000
00000000
00000000
0000ABB2
00000000
00000000
00000000
00000000
00000000
00000000
00000000
0000ABB2
00000000
00000000
00000000
00000000
00000000
00000000
00000000
0000ABB2
00000000
00000000
00000000
00000000
00000000
00000000
00000000
0000ABB2
00000000
00000000
00000000
00000000
00000000
00000000
00000000
0000ABB2
00000000
00000000
00000000
00000000
00000000
00000000
00000000
0000ABB2
00000000
00000000
00000000
00000000
00000000
00000000
00000000
0000ABB2
00000000
00000000
00000000
00000000
00000000
00000000
00000000
0000ABB2
00000000
00000000
00000000
00000000
00000000
00000000
00000000
0000ABB2
00000000
00000000
00000000
00000000
00000000
00000000
00000000
0000ABB2
00000000
00000000
00000000
00000000
00000000
00000000
00000000
0000ABB2
00000000
00000000
00000000
00000000
00000000
00000000
00000000
0000ABB2
00000000
00000000
00000000
00000000
00000000
00000000
00000000
0000ABB2
00000000
00000000
00000000
00000000
00000000
00000000
00000000
0000ABB2
00000000
00000000
00000000
00000000
00000000
00000000
00000000
0000ABB2
00000000
00000000
00000000
00000000
00000000
00000000
00000000
0000ABB2
00000000
00000000
00000000
00000000
00000000
00000000
00000000
0000ABB2
00000000
00000000
00000000
00000000
00000000
00000000
00000000
0000ABB2
00000000
00000000
00000000
00000000
00000000
00000000
00000000
0000ABB2
00000000
00000000
00000000
00000000
00000000
00000000
00000000
0000C745
000008D4
0000005D
00000000
00000000
00000000
00000000
00000000
0001234F
00002761
0006007E
00000000
00000000
00000000
00000000
00000000
0001892B
000048F2
000000E1
00000002
00000000
00000000
00000000
00000000
0001D11C
00006097
00000137
00040004
00000000
00000000
00000000
00000000
000234AC
0000815B
000001A3
00210000
00000000
00000000
00000000
00000000
0001BCB8
000059A2
00000160
000D0001
00000002
00000000
00000000
00000000
00015445
00003754
000000DD
00020000
00000000
00000000
00000000
00000000
000103FC
00001CFC
00000072
00000000
00000000
00000000
00000000
00000000
0000CE5C
00000B5E
00000030
00000000
00000000
00000000
00000000
00000000
0000BCFB
000005AF
00000014
00000000
00000000
00000000
00000000
00000000
0000D0C9
00000C35
00000028
00000000
00000000
00000000
00000000
00000000
0000D46E
00000D6E
00000026
00000000
00000000
00000000
00000000
00000000
0000C226
00000763
00000019
00000000
00000000
00000000
00000000
00000000
0000B6CB
000003A9
0000000A
00000000
00000000
00000000
00000000
00000000
0000ABB2
00000000
00000000
00000000
00000000
00000000
00000000
00000000
0000ABB2
00000000
00000000
00000000
00000000
00000000
00000000
00000000
0000ABB2
00000000
00000000
00000000
00000000
00000000
00000000
00000000
0000ABB2
00000000
00000000
00000000
00000000
00000000
00000000
00000000
0000ABB2
00000000
00000000
00000000
00000000
00000000
00000000
00000000
0000ABB2
00000000
00000000
00000000
00000000
00000000
00000000
00000000
0000C190
00000700
0000004A
00000000
00000000
00000000
00000000
00000000
0000FD06
00001ABB
00020061
00000000
00000000
00000000
00000000
00000000
00012EA4
00002B17
0000008F
00000000
00000000
00000000
00000000
00000000
000106E1
00001DFD
00000068
00000000
00000000
00000000
00000000
00000000
00011017
0000211E
00000059
00010000
00000000
00000000
00000000
00000000
0000E7C4
000013CE
00000038
00040000
00000000
00000000
00000000
00000000
0000F4D5
0000181B
00000046
00020000
00000000
00000000
00000000
00000000
0000DAA1
00000F73
00000032
00000000
00000001
00000000
00000000
00000000
0000D59A
00000DBD
0000003B
00000000
00000001
00000000
00000000
00000000
0000C445
000007FE
00000033
00000000
00000000
00000000
00000000
00000000
0000B683
00000381
0000001A
00000000
00000000
00000000
00000000
00000000
0000AED0
00000105
00000005
00000000
00000000
00000000
00000000
00000000
0000ABB2
00000000
00000000
00000000
00000000
00000000
00000000
00000000
0000ABB2
00000000
00000000
00000000
00000000
00000000
00000000
00000000
0000ABB2
00000000
00000000
00000000
00000000
00000000
00000000
00000000
0000ABB2
00000000
00000000
00000000
00000000
00000000
00000000
00000000
0000ABB2
00000000
00000000
00000000
00000000
00000000
00000000
00000000
0000ABB2
00000000
00000000
00000000
00000000
00000000
00000000
00000000
0000ABB2
00000000
00000000
00000000
00000000
00000000
00000000
00000000
0000ABB2
00000000
00000000
00000000
00000000
00000000
00000000
00000000
0000ABB2
00000000
00000000
00000000
00000000
00000000
00000000
00000000
0000ABB2
00000000
00000000
00000000
00000000
00000000
00000000
00000000
0000ABB2
00000000
00000000
00000000
00000000
00000000
00000000
00000000
0000ABB2
00000000
00000000
00000000
00000000
00000000
00000000
00000000
0000ABB2
00000000
00000000
00000000
00000000
00000000
00000000
00000000
0000ABB2
00000000
00000000
00000000
00000000
00000000
00000000
00000000
0000ABB2
00000000
00000000
00000000
00000000
00000000
00000000
00000000
0000ABB2
00000000
00000000
00000000
00000000
00000000
00000000
00000000
0000ABB2
00000000
00000000
00000000
00000000
00000000
00000000
00000000
0000ABB2
00000000
00000000
00000000
00000000
00000000
00000000
00000000
0000ABB2
00000000
00000000
00000000
00000000
00000000
00000000
00000000
0000ABB2
00000000
00000000
00000000
00000000
00000000
00000000
00000000
0000ABB2
00000000
00000000
00000000
00000000
00000000
00000000
00000000
0000ABB2
00000000
00000000
00000000
00000000
00000000
00000000
00000000
0000ABB2
00000000
00000000
00000000
00000000
00000000
00000000
00000000
0000ABB2
00000000
00000000
00000000
00000000
00000000
00000000
00000000
0000ABB2
00000000
00000000
00000000
00000000
00000000
00000000
00000000
0000ABB2
00000000
00000000
00000000
00000000
00000000
00000000
00000000
0000ABB2
00000000
00000000
00000000
00000000
00000000
00000000
00000000
0000ABB2
00000000
00000000
00000000
00000000
00000000
00000000
00000000
0000ABB2
00000000
00000000
00000000
00000000
00000000
00000000
00000000
0000ABB2
00000000
00000000
00000000
00000000
00000000
00000000
00000000
0000ABB2
00000000
00000000
00000000
00000000
00000000
00000000
00000000
0000ABB2
00000000
00000000
00000000
00000000
00000000
00000000
00000000
0000ABB2
00000000
00000000
00000000
00000000
00000000
00000000
00000000
0000ABB2
00000000
00000000
00000000
00000000
00000000
00000000
00000000
0000ABB2
00000000
00000000
00000000
00000000
00000000
00000000
00000000
0000ABB2
00000000
00000000
00000000
00000000
00000000
00000000
00000000
0000ABB2
00000000
00000000
00000000
00000000
00000000
00000000
00000000
0000ABB2
00000000
00000000
00000000
00000000
00000000
00000000
00000000
0000C745
000008D4
0000005D
00000000
00000000
00000000
00000000
00000000
00012589
0000281E
0006007F
00000000
00000000
00000000
00000000
00000000
0001A929
00005382
000000FB
00000002
00000000
00000000
00000000
00000000
000215F8
00007730
00000192
00060004
00000000
00000000
00000000
00000000
000254CB
00008BE7
000001CC
00260000
00000000
00000000
00000000
00000000
0001B01C
0000557D
00000151
000C0001
00000002
00000000
00000000
00000000
00018244
00004664
00000122
00000000
00010000
00000000
00000000
00000000
00012517
000027E4
00000093
00000000
00000000
00000000
00000000
00000000
0000D918
00000EE6
0000003C
00000000
00000000
00000000
00000000
00000000
0000D89D
00000EC3
00000036
00000000
00000000
00000000
00000000
00000000
0000C694
000008DD
00000019
00000000
00000000
00000000
00000000
00000000
0000B82A
00000417
00000011
00000000
00000000
00000000
00000000
00000000
0000B476
000002DE
0000000E
00000000
00000000
00000000
00000000
00000000
0000B2C3
00000250
0000000B
00000000
00000000
00000000
00000000
00000000
0000B029
00000174
00000009
00000000
00000000
00000000
00000000
00000000
0000B8DB
00000457
0000000C
00000000
00000000
00000000
00000000
00000000
0000B980
00000490
0000000A
00000000
00000000
00000000
00000000
00000000
0000AE55
000000DB
00000006
00000000
00000000
00000000
00000000
00000000
0000ABB2
00000000
00000000
00000000
00000000
00000000
00000000
00000000
0000ABB2
00000000
00000000
00000000
00000000
00000000
00000000
00000000
0000C100
000006D1
00000049
00000000
00000000
00000000
00000000
00000000
0000F9E5
000019B3
0002005E
00000000
00000000
00000000
00000000
00000000
0001166B
00002315
0000007E
00000000
00000000
00000000
00000000
00000000
0000ECE9
00001572
0000004B
00000000
00000000
00000000
00000000
00000000
00011F38
00002623
0000005F
00010000
00000000
00000000
00000000
00000000
0000FA66
000019FF
0000003D
00050000
00000000
00000000
00000000
00000000
0000EB66
000014FC
00000040
00030000
00000000
00000000
00000000
00000000
0000F9F7
000019CC
0000004B
00000000
00000000
00000000
00000000
00000000
0000CD21
00000AF9
0000002C
00000000
00000000
00000000
00000000
00000000
0000C5EC
00000896
00000028
00000000
00000000
00000000
00000000
00000000
0000B239
0000021E
0000000F
00000000
00000000
00000000
00000000
00000000
0000B0E6
000001B2
0000000A
00000000
00000000
00000000
00000000
00000000
0000B446
000002D0
0000000C
00000000
00000000
00000000
00000000
00000000
0000BBA2
0000053E
00000012
00000000
00000000
00000000
00000000
00000000
0000C778
00000929
00000019
00000000
00000000
00000000
00000000
00000000
0000C42A
00000816
00000012
00000000
00000000
00000000
00000000
00000000
0000CA5A
00000A1C
0000001C
00000000
00000000
00000000
00000000
00000000
0000B227
0000021F
00000008
00000000
00000000
00000000
00000000
00000000
0000B134
000001CF
00000007
00000000
00000000
00000000
00000000
00000000
0000ABB2
00000000
00000000
00000000
00000000
00000000
00000000
00000000
0000ABB2
00000000
00000000
00000000
00000000
00000000
00000000
00000000
0000ABB2
00000000
00000000
00000000
00000000
00000000
00000000
00000000
0000ABB2
00000000
00000000
00000000
00000000
00000000
00000000
00000000
0000ABB2
00000000
00000000
00000000
00000000
00000000
00000000
00000000
0000ABB2
00000000
00000000
00000000
00000000
00000000
00000000
00000000
0000ABB2
00000000
00000000
00000000
00000000
00000000
00000000
00000000
0000ABB2
00000000
00000000
00000000
00000000
00000000
00000000
00000000
0000ABB2
00000000
00000000
00000000
00000000
00000000
00000000
00000000
0000ABB2
00000000
00000000
00000000
00000000
00000000
00000000
00000000
0000ABB2
00000000
00000000
00000000
00000000
00000000
00000000
00000000
0000ABB2
00000000
00000000
00000000
00000000
00000000
00000000
00000000
0000ABB2
00000000
00000000
00000000
00000000
00000000
00000000
00000000
0000ABB2
00000000
00000000
00000000
00000000
00000000
00000000
00000000
0000ABB2
00000000
00000000
00000000
00000000
00000000
00000000
00000000
0000ABB2
00000000
00000000
00000000
00000000
00000000
00000000
00000000
0000ABB2
00000000
00000000
00000000
00000000
00000000
00000000
00000000
0000ABB2
00000000
00000000
00000000
00000000
00000000
00000000
00000000
0000ABB2
00000000
00000000
00000000
00000000
00000000
00000000
00000000
0000ABB2
00000000
00000000
00000000
00000000
00000000
00000000
00000000
0000ABB2
00000000
00000000
00000000
00000000
00000000
00000000
00000000
0000ABB2
00000000
00000000
00000000
00000000
00000000
00000000
00000000
0000ABB2
00000000
00000000
00000000
00000000
00000000
00000000
00000000
0000ABB2
00000000
00000000
00000000
00000000
00000000
00000000
00000000
0000ABB2
00000000
00000000
00000000
00000000
00000000
00000000
00000000
0000ABB2
00000000
00000000
00000000
00000000
00000000
00000000
00000000
0000ABB2
00000000
00000000
00000000
00000000
00000000
00000000
00000000
0000ABB2
00000000
00000000
00000000
00000000
00000000
00000000
00000000
0000ABB2
00000000
00000000
00000000
00000000
00000000
00000000
00000000
0000ABB2
00000000
00000000
00000000
00000000
00000000
00000000
00000000
0000ABB2
00000000
00000000
00000000
00000000
00000000
00000000
00000000
0000C745
000008D4
0000005D
00000000
00000000
00000000
00000000
00000000
000125B9
0000282E
0006007F
00000000
00000000
00000000
00000000
00000000
00019012
00004B38
000000E8
00000002
00000000
00000000
00000000
00000000
00021FFA
00007A99
0000017F
00060004
00000000
00000000
00000000
00000000
00023A49
0000833B
000001A2
00220000
00000000
00000000
00000000
00000000
00019531
00004C95
00000140
000C0001
00000002
00000000
00000000
00000000
0001542D
00003744
000000E5
00010000
00010000
00000000
00000000
00000000
0001037E
00001CBD
00000087
00000000
00000000
00000000
00000000
00000000
0000FC7F
00001A90
0000005F
00000000
00000000
00000000
00000000
00000000
0000EEE1
00001619
0000004C
00000000
00000000
00000000
00000000
00000000
0000B7F7
00000401
00000016
00000000
00000000
00000000
00000000
00000000
0000B890
00000439
00000011
00000000
00000000
00000000
00000000
00000000
0000CEEC
00000B9A
00000024
00000000
00000000
00000000
00000000
00000000
0000B53F
00000321
0000000E
00000000
00000000
00000000
00000000
00000000
0000B2BA
0000024F
00000009
00000000
00000000
00000000
00000000
00000000
0000B188
000001E9
00000009
00000000
00000000
00000000
00000000
00000000
0000C088
000006DD
00000015
00000000
00000000
00000000
00000000
00000000
0000C25C
00000779
00000015
00000000
00000000
00000000
00000000
00000000
0000C046
000006CE
0000000E
00000000
00000000
00000000
00000000
00000000
0000B79D
000003ED
0000000C
00000000
00000000
00000000
00000000
00000000
0000C7E1
00000913
00000052
00000000
00000000
00000000
00000000
00000000
0000F8F8
00001964
0002005E
00000000
00000000
00000000
00000000
00000000
00011434
00002259
0000007D
00000000
00000000
00000000
00000000
00000000
0000F976
00001989
00000063
00000000
00000000
00000000
00000000
00000000
00011D67
00002582
00000065
00000000
00000000
00000000
00000000
00000000
0000FD1B
00001AD2
00000051
00020000
00000000
00000000
00000000
00000000
0000E10D
00001185
00000044
00020000
00000000
00000000
00000000
00000000
0000D97B
00000F0A
00000039
00040000
00000000
00000000
00000000
00000000
0000E1DF
000011DE
00000031
00020000
00000000
00000000
00000000
00000000
0000CB83
00000A79
00000022
00010000
00000000
00000000
00000000
00000000
0000C613
000008AA
00000021
00010000
00000000
00000000
00000000
00000000
0000B953
00000475
00000016
00000000
00000000
00000000
00000000
00000000
0000BF92
00000685
0000001B
00000000
00000000
00000000
00000000
00000000
0000B314
0000026A
0000000C
00000000
00000000
00000000
00000000
00000000
0000AEF1
0000010F
00000006
00000000
00000000
00000000
00000000
00000000
0000B77C
000003E3
0000000B
00000000
00000000
00000000
00000000
00000000
0000C79F
00000938
00000017
00000000
00000000
00000000
00000000
00000000
0000AFC0
00000158
00000002
00000000
00000000
00000000
00000000
00000000
0000ABB2
00000000
00000000
00000000
00000000
00000000
00000000
00000000
0000ABB2
00000000
00000000
00000000
00000000
00000000
00000000
00000000
0000ABB2
00000000
00000000
00000000
00000000
00000000
00000000
00000000
0000ABB2
00000000
00000000
00000000
00000000
00000000
00000000
00000000
0000ABB2
00000000
00000000
00000000
00000000
00000000
00000000
00000000
0000ABB2
00000000
00000000
00000000
00000000
00000000
00000000
00000000
0000ABB2
00000000
00000000
00000000
00000000
00000000
00000000
00000000
0000ABB2
00000000
00000000
00000000
00000000
00000000
00000000
00000000
0000ABB2
00000000
00000000
00000000
00000000
00000000
00000000
00000000
0000ABB2
00000000
00000000
00000000
00000000
00000000
00000000
00000000
0000ABB2
00000000
00000000
00000000
00000000
00000000
00000000
00000000
0000ABB2
00000000
00000000
00000000
00000000
00000000
00000000
00000000
0000ABB2
00000000
00000000
00000000
00000000
00000000
00000000
00000000
0000ABB2
00000000
00000000
00000000
00000000
00000000
00000000
00000000
0000ABB2
00000000
00000000
00000000
00000000
00000000
00000000
00000000
0000ABB2
00000000
00000000
00000000
00000000
00000000
00000000
00000000
0000ABB2
00000000
00000000
00000000
00000000
00000000
00000000
00000000
0000ABB2
00000000
00000000
00000000
00000000
00000000
00000000
00000000
0000ABB2
00000000
00000000
00000000
00000000
00000000
00000000
00000000
0000ABB2
00000000
00000000
00000000
00000000
00000000
00000000
00000000
0000ABB2
00000000
00000000
00000000
00000000
00000000
00000000
00000000
0000ABB2
00000000
00000000
00000000
00000000
00000000
00000000
00000000
0000ABB2
00000000
00000000
00000000
00000000
00000000
00000000
00000000
0000ABB2
00000000
00000000
00000000
00000000
00000000
00000000
00000000
0000ABB2
00000000
00000000
00000000
00000000
00000000
00000000
00000000
0000ABB2
00000000
00000000
00000000
00000000
00000000
00000000
00000000
0000ABB2
00000000
00000000
00000000
00000000
00000000
00000000
00000000
0000ABB2
00000000
00000000
00000000
00000000
00000000
00000000
00000000
0000ABB2
00000000
00000000
00000000
00000000
00000000
00000000
00000000
0000ABB2
00000000
00000000
00000000
00000000
00000000
00000000
00000000
0000ABB2
00000000
00000000
00000000
00000000
00000000
00000000
00000000
0000ABB2
00000000
00000000
00000000
00000000
00000000
00000000
00000000
0000C745
000008D4
0000005D
00000000
00000000
00000000
00000000
00000000
000125EF
0000283F
00060080
00000000
00000000
00000000
00000000
00000000
0001A002
0000507E
000000F2
00000002
00000000
00000000
00000000
00000000
00020416
00007164
00000168
00090004
00000000
00000000
00000000
00000000
00020B3F
0000739D
00000192
001D0000
00000000
00000000
00000000
00000000
00019261
00004BC4
00000121
000D0001
00000002
00000000
00000000
00000000
00016519
00003CF0
000000DD
00030000
00000000
00000000
00000000
00000000
000113B3
0000222C
0000007F
00000000
00000000
00000000
00000000
00000000
0000E9B9
00001460
0000004D
00000000
00000002
00000000
00000000
00000000
0000FE3E
00001B27
0000005D
00010000
00000000
00000000
00000000
00000000
0000FF58
00001B88
0000005A
00010000
00000000
00000000
00000000
00000000
0000D96F
00000F07
00000038
00000000
00000000
00000000
00000000
00000000
0000BC53
00000579
00000012
00000000
00000000
00000000
00000000
00000000
0000AD7A
00000092
00000006
00000000
00000000
00000000
00000000
00000000
0000AC30
00000029
00000001
00000000
00000000
00000000
00000000
00000000
0000ABB2
00000000
00000000
00000000
00000000
00000000
00000000
00000000
0000ABB2
00000000
00000000
00000000
00000000
00000000
00000000
00000000
0000ABB2
00000000
00000000
00000000
00000000
00000000
00000000
00000000
0000ABB2
00000000
00000000
00000000
00000000
00000000
00000000
00000000
0000ABB2
00000000
00000000
00000000
00000000
00000000
00000000
00000000
0000C2A4
00000759
0000004D
00000000
00000000
00000000
00000000
00000000
0000FFC7
00001BA1
00020066
00000000
00000000
00000000
00000000
00000000
00011C86
00002511
0000008B
00000000
00000000
00000000
00000000
00000000
0000F9CA
000019B3
00000055
00000000
00000000
00000000
00000000
00000000
00010D59
0000204D
00000040
00000000
00000000
00000000
00000000
00000000
0000C5D7
00000896
00000021
00030000
00000000
00000000
00000000
00000000
0000B89C
0000043E
00000010
00010000
00000000
00000000
00000000
00000000
0000BA22
000004C1
0000000F
00010000
00000000
00000000
00000000
00000000
0000C319
000007B3
0000001A
00000000
00000000
00000000
00000000
00000000
0000CF8B
00000BD0
00000023
00000000
00000000
00000000
00000000
00000000
0000B40A
000002BA
0000000E
00000000
00000000
00000000
00000000
00000000
0000B449
000002D1
0000000C
00000000
00000000
00000000
00000000
00000000
0000AE0D
000000C6
00000003
00000000
00000000
00000000
00000000
00000000
0000ACFC
0000006D
00000001
00000000
00000000
00000000
00000000
00000000
0000B0DD
000001B2
00000007
00000000
00000000
00000000
00000000
00000000
0000B04A
00000184
00000004
00000000
00000000
00000000
00000000
00000000
0000B4B2
000002F9
00000007
00000000
00000000
00000000
00000000
00000000
0000ABFD
00000018
00000001
00000000
00000000
00000000
00000000
00000000
0000AC00
00000019
00000001
00000000
00000000
00000000
00000000
00000000
0000B674
00000392
00000004
00000000
00000000
00000000
00000000
00000000
0000AF1B
0000011D
00000006
00000000
00000000
00000000
00000000
00000000
0000ABB2
00000000
00000000
00000000
00000000
00000000
00000000
00000000
0000ABB2
00000000
00000000
00000000
00000000
00000000
00000000
00000000
0000ABB2
00000000
00000000
00000000
00000000
00000000
00000000
00000000
0000ABB2
00000000
00000000
00000000
00000000
00000000
00000000
00000000
0000ABB2
00000000
00000000
00000000
00000000
00000000
00000000
00000000
0000ABB2
00000000
00000000
00000000
00000000
00000000
00000000
00000000
0000ABB2
00000000
00000000
00000000
00000000
00000000
00000000
00000000
0000ABB2
00000000
00000000
00000000
00000000
00000000
00000000
00000000
0000ABB2
00000000
00000000
00000000
00000000
00000000
00000000
00000000
0000ABB2
00000000
00000000
00000000
00000000
00000000
00000000
00000000
0000ABB2
00000000
00000000
00000000
00000000
00000000
00000000
00000000
0000ABB2
00000000
00000000
00000000
00000000
00000000
00000000
00000000
0000ABB2
00000000
00000000
00000000
00000000
00000000
00000000
00000000
0000ABB2
00000000
00000000
00000000
00000000
00000000
00000000
00000000
0000ABB2
00000000
00000000
00000000
00000000
00000000
00000000
00000000
0000ABB2
00000000
00000000
00000000
00000000
00000000
00000000
00000000
0000ABB2
00000000
00000000
00000000
00000000
00000000
00000000
00000000
0000ABB2
00000000
00000000
00000000
00000000
00000000
00000000
00000000
0000ABB2
00000000
00000000
00000000
00000000
00000000
00000000
00000000
0000ABB2
00000000
00000000
00000000
00000000
00000000
00000000
00000000
0000ABB2
00000000
00000000
00000000
00000000
00000000
00000000
00000000
0000ABB2
00000000
00000000
00000000
00000000
00000000
00000000
00000000
0000ABB2
00000000
00000000
00000000
00000000
00000000
00000000
00000000
0000ABB2
00000000
00000000
00000000
00000000
00000000
00000000
00000000
0000ABB2
00000000
00000000
00000000
00000000
00000000
00000000
00000000
0000ABB2
00000000
00000000
00000000
00000000
00000000
00000000
00000000
0000ABB2
00000000
00000000
00000000
00000000
00000000
00000000
00000000
0000ABB2
00000000
00000000
00000000
00000000
00000000
00000000
00000000
0000ABB2
00000000
00000000
00000000
00000000
00000000
00000000
00000000
0000C745
000008D4
0000005D
00000000
00000000
00000000
00000000
00000000
000124D2
000027E2
0006007E
00000000
00000000
00000000
00000000
00000000
00019D80
00004FA3
000000F7
00000002
00000000
00000000
00000000
00000000
000226C3
00007CC3
00000198
00060004
00000000
00000000
00000000
00000000
00025510
00008BFE
000001CC
00220000
00000000
00000000
00000000
00000000
0001C2B5
00005B95
0000016C
000B0001
00000002
00000000
00000000
00000000
0001820B
00004658
0000011B
00030000
00020000
00000000
00000000
00000000
00011E0C
0000258C
00000092
00000000
00000000
00000000
00000000
00000000
0000EEA2
00001607
00000049
00000000
00000000
00000000
00000000
00000000
0000C7D2
0000093F
00000021
00010000
00000000
00000000
00000000
00000000
0000D7DD
00000E90
00000029
00010000
00000000
00000000
00000000
00000000
0000E863
00001403
00000038
00000000
00000000
00000000
00000000
00000000
0000DC99
0000101D
00000030
00000000
00000000
00000000
00000000
00000000
0000CF91
00000BD1
00000024
00000000
00000000
00000000
00000000
00000000
0000C1A2
0000073B
00000015
00010000
00000000
00000000
00000000
00000000
0000CB23
00000A55
00000026
00000000
00000000
00000000
00000000
00000000
0000DB5B
00000FA9
0000003A
00000000
00000000
00000000
00000000
00000000
0000DBE5
00000FE2
0000002F
00010000
00000000
00000000
00000000
00000000
0000CBE9
00000A94
00000029
00000000
00000000
00000000
00000000
00000000
0000B56C
00000330
0000000E
00000000
00000000
00000000
00000000
00000000
0000CBE6
00000A66
00000056
00000000
00000000
00000000
00000000
00000000
000103F0
00001CFE
0002006C
00000000
00000000
00000000
00000000
00000000
000116AA
00002328
00000080
00000000
00000000
00000000
00000000
00000000
0000EAC1
000014B9
0000004C
00000000
00000000
00000000
00000000
00000000
0000E6AD
0000137E
0000002B
00000000
00000000
00000000
00000000
00000000
0000CB8C
00000A8A
00000014
00020000
00000000
00000000
00000000
00000000
0000C13F
00000717
00000018
00020000
00000000
00000000
00000000
00000000
0000D5CA
00000DD7
00000031
00030000
00000000
00000000
00000000
00000000
0000D8EB
00000EED
00000026
00010000
00000000
00000000
00000000
00000000
0000BFC2
0000069B
00000015
00010000
00000000
00000000
00000000
00000000
0000B5CC
00000353
0000000B
00000000
00000000
00000000
00000000
00000000
0000B18E
000001EB
00000009
00000000
00000000
00000000
00000000
00000000
0000B15E
000001DB
00000009
00000000
00000000
00000000
00000000
00000000
0000ACB1
00000051
00000004
00000000
00000000
00000000
00000000
00000000
0000AE5E
000000E1
00000003
00000000
00000000
00000000
00000000
00000000
0000ABB2
00000000
00000000
00000000
00000000
00000000
00000000
00000000
0000ABB2
00000000
00000000
00000000
00000000
00000000
00000000
00000000
0000ABB2
00000000
00000000
00000000
00000000
00000000
00000000
00000000
0000ABB2
00000000
00000000
00000000
00000000
00000000
00000000
00000000
0000ABB2
00000000
00000000
00000000
00000000
00000000
00000000
00000000
0000ABB2
00000000
00000000
00000000
00000000
00000000
00000000
00000000
0000ABB2
00000000
00000000
00000000
00000000
00000000
00000000
00000000
0000ABB2
00000000
00000000
00000000
00000000
00000000
00000000
00000000
0000ABB2
00000000
00000000
00000000
00000000
00000000
00000000
00000000
0000ABB2
00000000
00000000
00000000
00000000
00000000
00000000
00000000
0000ABB2
00000000
00000000
00000000
00000000
00000000
00000000
00000000
0000ABB2
00000000
00000000
00000000
00000000
00000000
00000000
00000000
0000ABB2
00000000
00000000
00000000
00000000
00000000
00000000
00000000
0000ABB2
00000000
00000000
00000000
00000000
00000000
00000000
00000000
0000ABB2
00000000
00000000
00000000
00000000
00000000
00000000
00000000
0000ABB2
00000000
00000000
00000000
00000000
00000000
00000000
00000000
0000ABB2
00000000
00000000
00000000
00000000
00000000
00000000
00000000
0000ABB2
00000000
00000000
00000000
00000000
00000000
00000000
00000000
0000ABB2
00000000
00000000
00000000
00000000
00000000
00000000
00000000
0000ABB2
00000000
00000000
00000000
00000000
00000000
00000000
00000000
0000ABB2
00000000
00000000
00000000
00000000
00000000
00000000
00000000
0000ABB2
00000000
00000000
00000000
00000000
00000000
00000000
00000000
0000ABB2
00000000
00000000
00000000
00000000
00000000
00000000
00000000
0000ABB2
00000000
00000000
00000000
00000000
00000000
00000000
00000000
0000ABB2
00000000
00000000
00000000
00000000
00000000
00000000
00000000
0000ABB2
00000000
00000000
00000000
00000000
00000000
00000000
00000000
0000ABB2
00000000
00000000
00000000
00000000
00000000
00000000
00000000
0000ABB2
00000000
00000000
00000000
00000000
00000000
00000000
00000000
0000ABB2
00000000
00000000
00000000
00000000
00000000
00000000
00000000
0000ABB2
00000000
00000000
00000000
00000000
00000000
00000000
00000000
0000ABB2
00000000
00000000
00000000
00000000
00000000
00000000
00000000
0000ABB2
00000000
00000000
00000000
00000000
00000000
00000000
00000000
0000ABB2
00000000
00000000
00000000
00000000
00000000
00000000
00000000
0000ABB2
00000000
00000000
00000000
00000000
00000000
00000000
00000000
0000ABB2
00000000
00000000
00000000
00000000
00000000
00000000
00000000
0000C745
000008D4
0000005D
00000000
00000000
00000000
00000000
00000000
000127A8
000028D1
00060081
00000000
00000000
00000000
00000000
00000000
00019DAD
00004FB1
000000F8
00000002
00000000
00000000
00000000
00000000
00022E91
00007F65
00000190
00060003
00000000
00000000
00000000
00000000
0002288E
00007D54
000001A0
00260000
00000000
00000000
00000000
00000000
0001A635
00005232
0000014F
00090000
00000002
00000000
00000000
00000000
00016873
00003E07
000000E4
00020000
00020000
00000000
00000000
00000000
00010FC9
000020D3
0000008A
00010000
00000000
00000000
00000000
00000000
0000DFF0
00001133
00000037
00010000
00000002
00000000
00000000
00000000
0000E3BC
00001256
00000058
00000000
00000000
00000000
00000000
00000000
0000D783
00000E60
0000003B
00000000
00000000
00000000
00000000
00000000
0000C142
0000070B
00000025
00000000
00000000
00000000
00000000
00000000
0000C793
0000092D
0000001E
00000000
00000000
00000000
00000000
00000000
0000B99E
0000049F
00000005
00000000
00000000
00000000
00000000
00000000
0000ABB2
00000000
00000000
00000000
00000000
00000000
00000000
00000000
0000ABB2
00000000
00000000
00000000
00000000
00000000
00000000
00000000
0000ABB2
00000000
00000000
00000000
00000000
00000000
00000000
00000000
0000ABB2
00000000
00000000
00000000
00000000
00000000
00000000
00000000
0000ABB2
00000000
00000000
00000000
00000000
00000000
00000000
00000000
0000ABB2
00000000
00000000
00000000
00000000
00000000
00000000
00000000
0000C265
00000745
0000004C
00000000
00000000
00000000
00000000
00000000
0000FBCB
00001A51
00020062
00000000
00000000
00000000
00000000
00000000
00011E60
000025B0
0000008A
00000000
00000000
00000000
00000000
00000000
0000F27A
00001740
00000058
00000000
00000000
00000000
00000000
00000000
0000EEE7
00001628
0000003F
00000000
00000000
00000000
00000000
00000000
00010279
00001CAF
0000003E
00030000
00000000
00000000
00000000
00000000
0000D5D3
00000DDE
0000002D
00010000
00000000
00000000
00000000
00000000
0000F106
000016D8
00000044
00060000
00000000
00000000
00000000
00000000
0000D546
00000DA4
00000038
00010000
00000000
00000000
00000000
00000000
0000C6CD
000008EB
0000001E
00010000
00000000
00000000
00000000
00000000
0000CC43
00000ABD
0000001E
00010000
00000000
00000000
00000000
00000000
0000B182
000001EA
00000006
00000000
00000000
00000000
00000000
00000000
0000BB78
0000052F
00000013
00000000
00000000
00000000
00000000
00000000
0000C790
00000929
00000021
00000000
00000000
00000000
00000000
00000000
0000CCE2
00000AEB
00000025
00000000
00000000
00000000
00000000
00000000
0000C7AE
00000936
0000001E
00000000
00000000
00000000
00000000
00000000
0000BBB4
00000549
0000000D
00000000
00000000
00000000
00000000
00000000
0000B8DB
00000456
0000000D
00000000
00000000
00000000
00000000
00000000
0000B48B
000002E4
0000000F
00000000
00000000
00000000
00000000
00000000
0000BB93
0000053E
0000000D
00000000
00000000
00000000
00000000
00000000
0000B980
0000048F
0000000B
00000000
00000000
00000000
00000000
00000000
0000BCD1
000005AC
00000009
00000000
00000000
00000000
00000000
00000000
0000D96F
00000F1B
00000024
00000000
00000000
00000000
00000000
00000000
0000D345
00000CFF
00000032
00000000
00000000
00000000
00000000
00000000
0000BEC0
00000639
00000021
00000000
00000000
00000000
00000000
00000000
0000BBCF
00000546
00000019
00000000
00000000
00000000
00000000
00000000
0000C75D
0000091B
0000001E
00000000
00000000
00000000
00000000
00000000
0000E179
000011C3
0000002A
00000000
00000000
00000000
00000000
00000000
0000CF0A
00000BB1
00000017
00000000
00000000
00000000
00000000
00000000
0000C75A
0000091F
00000019
00000000
00000000
00000000
00000000
00000000
0000D9E1
00000F31
00000034
00000000
00000000
00000000
00000000
00000000
0000DDC5
00001079
00000038
00000000
00000000
00000000
00000000
00000000
0000E359
00001256
00000037
00000000
00000000
00000000
00000000
00000000
0000FA75
00001A07
0000003A
00000000
00000000
00000000
00000000
00000000
0001113D
00002159
00000080
00000000
00000000
00000000
00000000
00000000
000103D8
00001CF6
0000006C
00000000
00000000
00000000
00000000
00000000
0000EE39
000015EE
0000003F
00000000
00000000
00000000
00000000
00000000
00010C87
00001FED
0000005A
00000000
00000000
00000000
00000000
00000000
0001009F
00001BDF
00000070
00000000
00000000
00000000
00000000
00000000
000112A2
000021DF
00000071
00000000
00000000
00000000
00000000
00000000
0000ED52
00001590
00000050
00000000
00000000
00000000
00000000
00000000
00010D44
00002027
0000005F
00000000
00000000
00000000
00000000
00000000
0000E3D4
00001264
00000052
00000000
00000000
00000000
00000000
00000000
0000EC5C
00001539
00000055
00000000
00000000
00000000
00000000
00000000
00013618
00002D9E
00000084
00000000
00000000
00000000
00000000
00000000
00010D6B
00002028
0000006B
00000000
00000000
00000000
00000000
00000000
0000FBB0
00001A4A
00000060
00000000
00000000
00000000
00000000
00000000
0000E464
00001297
0000004F
00010000
00000000
00000000
00000000
00000000
0000F86B
0000193E
00000055
00000000
00000000
00000000
00000000
00000000
00011911
000023FF
00000076
00000000
00000000
00000000
00000000
00000000
00013030
00002B60
000000CA
00000000
00000000
00000000
00000000
00000000
00015736
0000386A
000400C2
00000000
00000000
00000000
00000000
00000000
00015811
000038A3
000000D2
00000000
00000000
00000000
00000000
00000000
00010D95
00002031
00000070
00070000
00000000
00000000
00000000
00000000
00011DDC
00002581
0000008D
00030000
00000000
00000000
00000000
00000000
0001269A
00002871
00000087
00010000
00000000
00000000
00000000
00000000
0000D81F
00000E98
00000037
00010000
00000000
00000000
00000000
00000000
0000CB29
00000A56
00000027
00000000
00000000
00000000
00000000
00000000
0000CD57
00000B1A
0000001D
00000000
00000000
00000000
00000000
00000000
0000B27E
0000023C
00000008
00000000
00000000
00000000
00000000
00000000
0000C361
000007D3
00000012
00000000
00000000
00000000
00000000
00000000
0000BB1E
0000050D
00000017
00000000
00000000
00000000
00000000
00000000
0000BFEF
000006A8
00000017
00000000
00000000
00000000
00000000
00000000
0000EA7F
000014B9
00000036
00000000
00000000
00000000
00000000
00000000
0000EDD3
000015BC
0000004F
00000000
00000000
00000000
00000000
00000000
0000E074
00001157
0000003F
00000000
00000000
00000000
00000000
00000000
0000CEEF
00000B8F
00000030
00000000
00000000
00000000
00000000
00000000
0000C406
00000803
00000019
00000000
00000000
00000000
00000000
00000000
0000B7EB
00000407
0000000C
00000000
00000000
00000000
00000000
00000000
0000BCE3
000005AA
00000011
00000000
00000000
00000000
00000000
00000000
0000DEDC
000010B3
0000005B
00000000
00000000
00000000
00000000
00000000
00011F4A
0000260C
0001007C
00000000
00000000
00000000
00000000
00000000
00013CFF
00002FB2
000000BD
00000000
00000000
00000000
00000000
00000000
0001099F
00001EE6
00000069
00070000
00000000
00000000
00000000
00000000
00010081
00001BEE
00000057
00070000
00000000
00000000
00000000
00000000
0000FB35
00001A31
00000050
00010002
00000000
00000000
00000000
00000000
0000EF3E
0000163E
00000046
00000000
00000000
00000000
00000000
00000000
0000EAE8
000014BA
00000058
00000000
00000000
00000000
00000000
00000000
0001003F
00001BDE
00000051
00000000
00000000
00000000
00000000
00000000
00010BF1
00001FB8
0000005D
00000000
00000000
00000000
00000000
00000000
0000F7A8
000018EA
00000068
00000000
00000000
00000000
00000000
00000000
0000E743
0000139C
0000003F
00000000
00000000
00000000
00000000
00000000
0000EC4A
00001545
00000043
00000000
00000000
00000000
00000000
00000000
00010CD8
00001FEF
00000073
00000000
00000000
00000000
00000000
00000000
00011BB7
000024DC
0000007B
00000000
00000000
00000000
00000000
00000000
00010234
00001C7A
0000005C
00000000
00000000
00000000
00000000
00000000
0000F6B8
000018AA
00000058
00000000
00000000
00000000
00000000
00000000
000120F4
00002682
00000094
00000000
00000000
00000000
00000000
00000000
00012760
000028C9
00000071
00000000
00000000
00000000
00000000
00000000
0000F3C7
000017B4
00000053
00000000
00000000
00000000
00000000
00000000
0000F7AB
000018F2
00000061
00000000
00000000
00000000
00000000
00000000
0000FF85
00001B96
0000005B
00000000
00000000
00000000
00000000
00000000
0000D564
00000DA5
00000041
00000000
00000000
00000000
00000000
00000000
0000F5D1
0000185F
00000056
00000000
00000000
00000000
00000000
00000000
0000BE39
00000616
00000017
00000000
00000000
00000000
00000000
00000000
0000B137
000001CD
0000000A
00000000
00000000
00000000
00000000
00000000
0000B941
00000476
0000000F
00000000
00000000
00000000
00000000
00000000
0000ABB2
00000000
00000000
00000000
00000000
00000000
00000000
00000000
0000ABB2
00000000
00000000
00000000
00000000
00000000
00000000
00000000
0000ABB2
00000000
00000000
00000000
00000000
00000000
00000000
00000000
0000ABB2
00000000
00000000
00000000
00000000
00000000
00000000
00000000
0000ABB2
00000000
00000000
00000000
00000000
00000000
00000000
00000000
0000ABB2
00000000
00000000
00000000
00000000
00000000
00000000
00000000
0000ABB2
00000000
00000000
00000000
00000000
00000000
00000000
00000000
0000ABB2
00000000
00000000
00000000
00000000
00000000
00000000
00000000
0000ABB2
00000000
00000000
00000000
00000000
00000000
00000000
00000000
0000ABB2
00000000
00000000
00000000
00000000
00000000
00000000
00000000
0000ABB2
00000000
00000000
00000000
00000000
00000000
00000000
00000000
0000ABB2
00000000
00000000
00000000
00000000
00000000
00000000
00000000
0000ABB2
00000000
00000000
00000000
00000000
00000000
00000000
00000000
0000ABB2
00000000
00000000
00000000
00000000
00000000
00000000
00000000
0000ABB2
00000000
00000000
00000000
00000000
00000000
00000000
00000000
0000ABB2
00000000
00000000
00000000
00000000
00000000
00000000
00000000
0000ABB2
00000000
00000000
00000000
00000000
00000000
00000000
00000000
0000ABB2
00000000
00000000
00000000
00000000
00000000
00000000
00000000
0000ABB2
00000000
00000000
00000000
00000000
00000000
00000000
00000000
0000ABB2
00000000
00000000
00000000
00000000
00000000
00000000
00000000
0000ABB2
00000000
00000000
00000000
00000000
00000000
00000000
00000000
0000ABB2
00000000
00000000
00000000
00000000
00000000
00000000
00000000
0000ABB2
00000000
00000000
00000000
00000000
00000000
00000000
00000000
0000C5E9
00000864
00000059
00000000
00000000
00000000
00000000
00000000
000111D6
000021A1
0004006B
00000000
00000000
00000000
00000000
00000000
000154ED
000037A9
000000C0
00000000
00000000
00000000
00000000
00000000
00019C15
00004F2D
000000F4
00070006
00000000
00000000
00000000
00000000
0001E0C1
000065D5
00000130
00150000
00000000
00000000
00000000
00000000
00015103
00003653
000000C8
000A0001
00000000
00000000
00000000
00000000
00010912
00001EA2
0000007E
00030000
00000002
00000000
00000000
00000000
0000EB4B
000014DC
00000057
00010000
00000000
00000000
00000000
00000000
0000C481
00000824
00000021
00010000
00000000
00000000
00000000
00000000
0000E344
00001247
0000003F
00010000
00000002
00000000
00000000
00000000
0000DC1E
00000FE8
0000003C
00000000
00000000
00000000
00000000
00000000
0000C709
00000900
0000001D
00000000
00000000
00000000
00000000
00000000
0000C247
0000075C
0000002B
00000000
00000000
00000000
00000000
00000000
0000B6B0
0000039C
0000000E
00000000
00000000
00000000
00000000
00000000
0000ABB2
00000000
00000000
00000000
00000000
00000000
00000000
00000000
0000ABB2
00000000
00000000
00000000
00000000
00000000
00000000
00000000
0000ABB2
00000000
00000000
00000000
00000000
00000000
00000000
00000000
0000ABB2
00000000
00000000
00000000
00000000
00000000
00000000
00000000
0000ABB2
00000000
00000000
00000000
00000000
00000000
00000000
00000000
0000ABB2
00000000
00000000
00000000
00000000
00000000
00000000
00000000
0000C1FF
00000723
0000004C
00000000
00000000
00000000
00000000
00000000
00010051
00001BCD
00000068
00000000
00000000
00000000
00000000
00000000
000125EC
00002829
00000095
00000000
00000000
00000000
00000000
00000000
00013021
00002B99
0000008C
00000000
00000000
00000000
00000000
00000000
00014905
000033CE
000000A3
00070000
00000000
00000000
00000000
00000000
00015364
00003738
000000AE
00070000
00000000
00000000
00000000
00000000
0000FE38
00001B1D
00000065
00010000
00000002
00000000
00000000
00000000
0000ED31
0000157D
00000058
00000000
00000000
00000000
00000000
00000000
0000CEFE
00000B87
0000003D
00000000
00000000
00000000
00000000
00000000
0000CE4D
00000B61
00000028
00000000
00000000
00000000
00000000
00000000
0000D060
00000C1B
0000001F
00000000
00000000
00000000
00000000
00000000
0000C502
00000865
0000000B
00000000
00000000
00000000
00000000
00000000
0000D9C9
00000F35
00000028
00000000
00000000
00000000
00000000
00000000
0000D8C4
00000EDD
00000029
00000000
00000000
00000000
00000000
00000000
0000CF10
00000BA4
00000026
00000000
00000000
00000000
00000000
00000000
00011413
00002270
0000005B
00000000
00000000
00000000
00000000
00000000
0000F154
000016EA
0000004C
00000000
00000000
00000000
00000000
00000000
0000E15E
000011AB
00000039
00000000
00000000
00000000
00000000
00000000
0001014A
00001C35
00000053
00000000
00000000
00000000
00000000
00000000
0000E905
0000142D
00000044
00000000
00000000
00000000
00000000
00000000
00010B9A
00001FA0
00000058
00000000
00000000
00000000
00000000
00000000
0000F9E2
000019A9
00000067
00000000
00000000
00000000
00000000
00000000
0000C29B
00000774
0000002F
00010000
00000000
00000000
00000000
00000000
0000C838
00000957
0000002B
00000000
00000000
00000000
00000000
00000000
0000C796
0000091B
00000031
00000000
00000000
00000000
00000000
00000000
0000CA78
00000A2A
00000018
00000000
00000000
00000000
00000000
00000000
0000BCB9
00000596
00000017
00000000
00000000
00000000
00000000
00000000
0000BF4A
0000066E
0000001A
00000000
00000000
00000000
00000000
00000000
0000AFCC
00000153
0000000B
00000000
00000000
00000000
00000000
00000000
0000AE9A
000000EF
00000009
00010000
00000000
00000000
00000000
00000000
0000B6AA
00000390
00000018
00000000
00000000
00000000
00000000
00000000
0000AF1B
0000011B
00000008
00000000
00000000
00000000
00000000
00000000
0000AE94
000000ED
00000009
00010000
00000000
00000000
00000000
00000000
0000AE85
000000ED
00000004
00000000
00000000
00000000
00000000
00000000
0000B18B
000001E4
0000000F
00000000
00000000
00000000
00000000
00000000
0000AE61
000000DB
0000000A
00000000
00000000
00000000
00000000
00000000
0000AE58
000000DA
00000008
00000000
00000000
00000000
00000000
00000000
0000B12B
000001C5
0000000E
00000000
00000000
00000000
00000000
00000000
0000AD50
00000084
00000006
00000000
00000000
00000000
00000000
00000000
0000B09B
00000198
0000000B
00000000
00000000
00000000
00000000
00000000
0000B5C0
00000342
00000018
00000000
00000000
00000000
00000000
00000000
0000B0AD
0000019F
0000000A
00000000
00000000
00000000
00000000
00000000
0000B884
00000430
00000016
00040000
00000000
00000000
00000000
00000000
0000C44B
0000080B
00000028
00020000
00000000
00000000
00000000
00000000
0000AD86
00000095
00000007
00000000
00000000
00000000
00000000
00000000
0000AE01
000000BE
00000007
00000000
00000000
00000000
00000000
00000000
0000B1BE
000001F4
00000010
00000000
00000000
00000000
00000000
00000000
0000ADF5
000000BA
00000007
00000000
00000000
00000000
00000000
00000000
0000AEA9
000000F4
00000009
00000000
00000000
00000000
00000000
00000000
0000B494
000002DF
00000017
00000000
00000000
00000000
00000000
00000000
0000D07E
00000BDB
00000069
00000000
00000000
00000000
00000000
00000000
000136F0
00002DDE
0006008C
00000000
00000000
00000000
00000000
00000000
000173C8
000041E0
000000D2
00020001
00000000
00000000
00000000
00000000
0001951C
00004CC8
00000106
00060005
00000000
00000000
00000000
00000000
0001BDF6
00005A45
00000127
00190000
00000000
00000000
00000000
00000000
00015820
000038B3
000000C7
000C0000
00000000
00000000
00000000
00000000
0000FE83
00001B2B
00000070
00060000
00000000
00000000
00000000
00000000
00011BD5
000024E1
00000080
00020000
00000000
00000000
00000000
00000000
0001081C
00001E57
00000077
00020000
00000002
00000000
00000000
00000000
000112E4
000021DF
00000087
00020000
00000000
00000000
00000000
00000000
0000E3F5
0000127C
00000045
00010000
00000000
00000000
00000000
00000000
0000F95E
0000199C
00000048
00000000
00000000
00000000
00000000
00000000
0000E9F2
0000147B
00000045
00000000
00000000
00000000
00000000
00000000
0000DEC4
000010CA
0000003C
00000000
00000000
00000000
00000000
00000000
0000C259
00000771
0000001C
00000000
00000000
00000000
00000000
00000000
0000CE86
00000B7B
00000021
00000000
00000000
00000000
00000000
00000000
0000BCA4
00000596
00000010
00000000
00000000
00000000
00000000
00000000
0000B881
00000437
0000000E
00000000
00000000
00000000
00000000
00000000
0000B1D3
00000200
0000000B
00000000
00000000
00000000
00000000
00000000
0000B48B
000002E7
0000000C
00000000
00000000
00000000
00000000
00000000
0000C72D
000008D5
00000054
00000000
00000000
00000000
00000000
00000000
000110AA
00002131
00010077
00000000
00000000
00000000
00000000
00000000
00011683
0000231A
00000081
00000000
00000000
00000000
00000000
00000000
0000DA68
00000F5B
00000037
00030000
00000000
00000000
00000000
00000000
0000EF02
00001630
00000040
00020000
00000000
00000000
00000000
00000000
0000F715
000018DB
00000046
00020000
00000000
00000000
00000000
00000000
0000D1B9
00000C8C
00000021
00010000
00000000
00000000
00000000
00000000
0000B698
0000038F
00000013
00000000
00000000
00000000
00000000
00000000
0000BBA5
00000544
0000000D
00000000
00000000
00000000
00000000
00000000
0000ABB2
00000000
00000000
00000000
00000000
00000000
00000000
00000000
0000ABB2
00000000
00000000
00000000
00000000
00000000
00000000
00000000
0000ABB2
00000000
00000000
00000000
00000000
00000000
00000000
00000000
0000ABB2
00000000
00000000
00000000
00000000
00000000
00000000
00000000
0000ABB2
00000000
00000000
00000000
00000000
00000000
00000000
00000000
0000ABB2
00000000
00000000
00000000
00000000
00000000
00000000
00000000
0000ABB2
00000000
00000000
00000000
00000000
00000000
00000000
00000000
0000ABB2
00000000
00000000
00000000
00000000
00000000
00000000
00000000
0000ABB2
00000000
00000000
00000000
00000000
00000000
00000000
00000000
0000ABB2
00000000
00000000
00000000
00000000
00000000
00000000
00000000
0000ABB2
00000000
00000000
00000000
00000000
00000000
00000000
00000000
0000ABB2
00000000
00000000
00000000
00000000
00000000
00000000
00000000
0000ABB2
00000000
00000000
00000000
00000000
00000000
00000000
00000000
0000ABB2
00000000
00000000
00000000
00000000
00000000
00000000
00000000
0000ABB2
00000000
00000000
00000000
00000000
00000000
00000000
00000000
0000ABB2
00000000
00000000
00000000
00000000
00000000
00000000
00000000
0000ABB2
00000000
00000000
00000000
00000000
00000000
00000000
00000000
0000ABB2
00000000
00000000
00000000
00000000
00000000
00000000
00000000
0000ABB2
00000000
00000000
00000000
00000000
00000000
00000000
00000000
0000ABB2
00000000
00000000
00000000
00000000
00000000
00000000
00000000
0000ABB2
00000000
00000000
00000000
00000000
00000000
00000000
00000000
0000ABB2
00000000
00000000
00000000
00000000
00000000
00000000
00000000
0000ABB2
00000000
00000000
00000000
00000000
00000000
00000000
00000000
0000ABB2
00000000
00000000
00000000
00000000
00000000
00000000
00000000
0000ABB2
00000000
00000000
00000000
00000000
00000000
00000000
00000000
0000ABB2
00000000
00000000
00000000
00000000
00000000
00000000
00000000
0000ABB2
00000000
00000000
00000000
00000000
00000000
00000000
00000000
0000ABB2
00000000
00000000
00000000
00000000
00000000
00000000
00000000
0000ABB2
00000000
00000000
00000000
00000000
00000000
00000000
00000000
0000ABB2
00000000
00000000
00000000
00000000
00000000
00000000
00000000
0000ABB2
00000000
00000000
00000000
00000000
00000000
00000000
00000000
0000ABB2
00000000
00000000
00000000
00000000
00000000
00000000
00000000
0000ABB2
00000000
00000000
00000000
00000000
00000000
00000000
00000000
0000ABB2
00000000
00000000
00000000
00000000
00000000
00000000
00000000
0000ABB2
00000000
00000000
00000000
00000000
00000000
00000000
00000000
0000ABB2
00000000
00000000
00000000
00000000
00000000
00000000
00000000
0000ABB2
00000000
00000000
00000000
00000000
00000000
00000000
00000000
0000ABB2
00000000
00000000
00000000
00000000
00000000
00000000
00000000
0000ABB2
00000000
00000000
00000000
00000000
00000000
00000000
00000000
0000ABB2
00000000
00000000
00000000
00000000
00000000
00000000
00000000
0000ABB2
00000000
00000000
00000000
00000000
00000000
00000000
00000000
0000C745
000008D4
0000005D
00000000
00000000
00000000
00000000
00000000
000126F4
00002896
00060080
00000000
00000000
00000000
00000000
00000000
000197C2
00004DBD
000000F3
00000002
00000000
00000000
00000000
00000000
00022F06
00007F81
0000019B
00040004
00000000
00000000
00000000
00000000
000217B1
000077C6
0000018F
00240000
00000000
00000000
00000000
00000000
0001BCB2
000059A3
0000015D
00080000
00020002
00000000
00000000
00000000
00016E2B
00003FE2
000000F1
00050000
00000000
00000000
00000000
00000000
00011F9B
00002613
00000090
00000000
00000000
00000000
00000000
00000000
0000D5DF
00000DDF
00000030
00000000
00000000
00000000
00000000
00000000
0000F982
000019A6
0000004A
00000000
00000000
00000000
00000000
00000000
0000EA25
00001493
0000003E
00000000
00000000
00000000
00000000
00000000
0000D6BA
00000E25
00000033
00000000
00000000
00000000
00000000
00000000
0000BDF1
00000602
00000013
00000000
00000000
00000000
00000000
00000000
0000B56C
0000032E
00000010
00000000
00000000
00000000
00000000
00000000
0000BC14
00000564
00000012
00000000
00000000
00000000
00000000
00000000
0000C2C2
0000079D
00000013
00000000
00000000
00000000
00000000
00000000
0000BCC2
000005A4
0000000C
00000000
00000000
00000000
00000000
00000000
0000B2A2
00000249
00000007
00000000
00000000
00000000
00000000
00000000
0000ABB2
00000000
00000000
00000000
00000000
00000000
00000000
00000000
0000ABB2
00000000
00000000
00000000
00000000
00000000
00000000
00000000
0000C1D5
00000716
0000004B
00000000
00000000
00000000
00000000
00000000
00010030
00001BC4
00020066
00000000
00000000
00000000
00000000
00000000
00012A9C
000029BA
00000094
00000000
00000000
00000000
00000000
00000000
00010C6F
00001FD7
00000068
00000000
00000000
00000000
00000000
00000000
0000FBF5
00001A80
00000041
00050000
00000000
00000000
00000000
00000000
0000F8B6
0000195D
0000004F
00020000
00000000
00000000
00000000
00000000
0000EE81
000015F8
0000004D
00040000
00000000
00000000
00000000
00000000
0000ECBC
0000156D
00000041
00010000
00000000
00000000
00000000
00000000
0000CAB4
00000A2D
00000029
00000000
00000000
00000000
00000000
00000000
0000B572
00000327
00000019
00000000
00000000
00000000
00000000
00000000
0000BC95
00000582
0000001F
00000000
00000000
00000000
00000000
00000000
0000B32F
0000026F
00000010
00000000
00000000
00000000
00000000
00000000
0000C199
00000731
0000001C
00000000
00000000
00000000
00000000
00000000
0000B7A6
000003E7
00000015
00000000
00000000
00000000
00000000
00000000
0000AECA
000000FF
00000009
00020000
00000000
00000000
00000000
00000000
0000AF63
00000136
00000005
00000000
00000000
00000000
00000000
00000000
0000ABB2
00000000
00000000
00000000
00000000
00000000
00000000
00000000
0000ABB2
00000000
00000000
00000000
00000000
00000000
00000000
00000000
0000ABB2
00000000
00000000
00000000
00000000
00000000
00000000
00000000
0000ABB2
00000000
00000000
00000000
00000000
00000000
00000000
00000000
0000ABB2
00000000
00000000
00000000
00000000
00000000
00000000
00000000
0000ABB2
00000000
00000000
00000000
00000000
00000000
00000000
00000000
0000ABB2
00000000
00000000
00000000
00000000
00000000
00000000
00000000
0000ABB2
00000000
00000000
00000000
00000000
00000000
00000000
00000000
0000ABB2
00000000
00000000
00000000
00000000
00000000
00000000
00000000
0000ABB2
00000000
00000000
00000000
00000000
00000000
00000000
00000000
0000ABB2
00000000
00000000
00000000
00000000
00000000
00000000
00000000
0000ABB2
00000000
00000000
00000000
00000000
00000000
00000000
00000000
0000ABB2
00000000
00000000
00000000
00000000
00000000
00000000
00000000
0000ABB2
00000000
00000000
00000000
00000000
00000000
00000000
00000000
0000ABB2
00000000
00000000
00000000
00000000
00000000
00000000
00000000
0000ABB2
00000000
00000000
00000000
00000000
00000000
00000000
00000000
0000ABB2
00000000
00000000
00000000
00000000
00000000
00000000
00000000
0000ABB2
00000000
00000000
00000000
00000000
00000000
00000000
00000000
0000ABB2
00000000
00000000
00000000
00000000
00000000
00000000
00000000
0000ABB2
00000000
00000000
00000000
00000000
00000000
00000000
00000000
0000ABB2
00000000
00000000
00000000
00000000
00000000
00000000
00000000
0000ABB2
00000000
00000000
00000000
00000000
00000000
00000000
00000000
0000ABB2
00000000
00000000
00000000
00000000
00000000
00000000
00000000
0000ABB2
00000000
00000000
00000000
00000000
00000000
00000000
00000000
0000ABB2
00000000
00000000
00000000
00000000
00000000
00000000
00000000
0000ABB2
00000000
00000000
00000000
00000000
00000000
00000000
00000000
0000ABB2
00000000
00000000
00000000
00000000
00000000
00000000
00000000
0000ABB2
00000000
00000000
00000000
00000000
00000000
00000000
00000000
0000ABB2
00000000
00000000
00000000
00000000
00000000
00000000
00000000
0000ABB2
00000000
00000000
00000000
00000000
00000000
00000000
00000000
0000ABB2
00000000
00000000
00000000
00000000
00000000
00000000
00000000
0000ABB2
00000000
00000000
00000000
00000000
00000000
00000000
00000000
0000ABB2
00000000
00000000
00000000
00000000
00000000
00000000
00000000
0000ABB2
00000000
00000000
00000000
00000000
00000000
00000000
00000000
0000C745
000008D4
0000005D
00000000
00000000
00000000
00000000
00000000
000127F6
000028EB
00060081
00000000
00000000
00000000
00000000
00000000
00019195
00004BB5
000000EC
00000002
00000000
00000000
00000000
00000000
00020DB5
00007483
0000017E
00040004
00000000
00000000
00000000
00000000
00026E00
00009432
000001E8
00240000
00000000
00000000
00000000
00000000
0001E24D
000065F1
00000198
000B0000
00020002
00000000
00000000
00000000
00018220
00004674
00000106
00010000
00000000
00000000
00000000
00000000
000139C0
00002EB0
000000AA
00000000
00000000
00000000
00000000
00000000
0001076B
00001E26
0000006D
00000000
00000002
00000000
00000000
00000000
00011BA2
000024D3
0000007D
00000000
00000000
00000000
00000000
00000000
0000C220
0000074D
0000002D
00000000
00000000
00000000
00000000
00000000
0000B113
000001BC
0000000F
00000000
00000000
00000000
00000000
00000000
0000B53C
00000322
0000000C
00000000
00000000
00000000
00000000
00000000
0000B257
00000231
00000006
00000000
00000000
00000000
00000000
00000000
0000ABB2
00000000
00000000
00000000
00000000
00000000
00000000
00000000
0000ABB2
00000000
00000000
00000000
00000000
00000000
00000000
00000000
0000ABB2
00000000
00000000
00000000
00000000
00000000
00000000
00000000
0000ABB2
00000000
00000000
00000000
00000000
00000000
00000000
00000000
0000ABB2
00000000
00000000
00000000
00000000
00000000
00000000
00000000
0000ABB2
00000000
00000000
00000000
00000000
00000000
00000000
00000000
0000C1D5
00000716
0000004B
00000000
00000000
00000000
00000000
00000000
0000F80B
00001914
0001005F
00000000
00000000
00000000
00000000
00000000
00010582
00001D86
0000006A
00000000
00000000
00000000
00000000
00000000
0000E72E
00001389
0000004B
00000000
00000000
00000000
00000000
00000000
0001052E
00001D94
00000040
00000000
00000000
00000000
00000000
00000000
0000D9E4
00000F37
0000002F
00030000
00000000
00000000
00000000
00000000
0000CEB9
00000B89
00000024
00020000
00000000
00000000
00000000
00000000
0001105F
00002145
0000004A
00010000
00000000
00000000
00000000
00000000
0000F11B
000016D8
0000004B
00000000
00000002
00000000
00000000
00000000
0000F121
000016CA
0000005B
00000000
00000000
00000000
00000000
00000000
0000C901
0000098F
00000036
00000000
00000000
00000000
00000000
00000000
0000BAEB
000004FB
00000018
00000000
00000000
00000000
00000000
00000000
0000BA13
000004BC
0000000F
00000000
00000000
00000000
00000000
00000000
0000CA36
00000A11
0000001B
00000000
00000000
00000000
00000000
00000000
0000AED9
0000010A
00000003
00000000
00000000
00000000
00000000
00000000
0000AD83
00000098
00000003
00000000
00000000
00000000
00000000
00000000
0000ABB2
00000000
00000000
00000000
00000000
00000000
00000000
00000000
0000ABB2
00000000
00000000
00000000
00000000
00000000
00000000
00000000
0000ABB2
00000000
00000000
00000000
00000000
00000000
00000000
00000000
0000ABB2
00000000
00000000
00000000
00000000
00000000
00000000
00000000
0000ABB2
00000000
00000000
00000000
00000000
00000000
00000000
00000000
0000ABB2
00000000
00000000
00000000
00000000
00000000
00000000
00000000
0000ABB2
00000000
00000000
00000000
00000000
00000000
00000000
00000000
0000ABB2
00000000
00000000
00000000
00000000
00000000
00000000
00000000
0000ABB2
00000000
00000000
00000000
00000000
00000000
00000000
00000000
0000ABB2
00000000
00000000
00000000
00000000
00000000
00000000
00000000
0000ABB2
00000000
00000000
00000000
00000000
00000000
00000000
00000000
0000ABB2
00000000
00000000
00000000
00000000
00000000
00000000
00000000
0000ABB2
00000000
00000000
00000000
00000000
00000000
00000000
00000000
0000ABB2
00000000
00000000
00000000
00000000
00000000
00000000
00000000
0000ABB2
00000000
00000000
00000000
00000000
00000000
00000000
00000000
0000ABB2
00000000
00000000
00000000
00000000
00000000
00000000
00000000
0000ABB2
00000000
00000000
00000000
00000000
00000000
00000000
00000000
0000ABB2
00000000
00000000
00000000
00000000
00000000
00000000
00000000
0000ABB2
00000000
00000000
00000000
00000000
00000000
00000000
00000000
0000ABB2
00000000
00000000
00000000
00000000
00000000
00000000
00000000
0000ABB2
00000000
00000000
00000000
00000000
00000000
00000000
00000000
0000ABB2
00000000
00000000
00000000
00000000
00000000
00000000
00000000
0000ABB2
00000000
00000000
00000000
00000000
00000000
00000000
00000000
0000ABB2
00000000
00000000
00000000
00000000
00000000
00000000
00000000
0000ABB2
00000000
00000000
00000000
00000000
00000000
00000000
00000000
0000ABB2
00000000
00000000
00000000
00000000
00000000
00000000
00000000
0000ABB2
00000000
00000000
00000000
00000000
00000000
00000000
00000000
0000ABB2
00000000
00000000
00000000
00000000
00000000
00000000
00000000
0000ABB2
00000000
00000000
00000000
00000000
00000000
00000000
00000000
0000ABB2
00000000
00000000
00000000
00000000
00000000
00000000
00000000
0000ABB2
00000000
00000000
00000000
00000000
00000000
00000000
00000000
0000ABB2
00000000
00000000
00000000
00000000
00000000
00000000
00000000
0000ABB2
00000000
00000000
00000000
00000000
00000000
00000000
00000000
0000ABB2
00000000
00000000
00000000
00000000
00000000
00000000
00000000
0000C745
000008D4
0000005D
00000000
00000000
00000000
00000000
00000000
00012676
0000286C
00060080
00000000
00000000
00000000
00000000
00000000
00019DF5
00004FCD
000000F4
00000002
00000000
00000000
00000000
00000000
00020719
0000725A
00000173
00060004
00000000
00000000
00000000
00000000
000221EC
00007B28
00000196
00240000
00000000
00000000
00000000
00000000
0001BEF5
00005A62
0000015F
000A0000
00000002
00000000
00000000
00000000
0001589B
000038D4
000000CF
00030000
00010000
00000000
00000000
00000000
0001228F
00002706
00000099
00000000
00000000
00000000
00000000
00000000
0000E9F5
00001472
0000004F
00000000
00000000
00000000
00000000
00000000
0000DBE5
00000FD9
00000038
00000000
00000000
00000000
00000000
00000000
0000BF3B
0000066D
00000016
00000000
00000000
00000000
00000000
00000000
0000AFC0
0000014F
0000000B
00000000
00000000
00000000
00000000
00000000
0000BB45
00000523
0000000E
00000000
00000000
00000000
00000000
00000000
0000B374
00000290
00000006
00000000
00000000
00000000
00000000
00000000
0000ABB2
00000000
00000000
00000000
00000000
00000000
00000000
00000000
0000ABB2
00000000
00000000
00000000
00000000
00000000
00000000
00000000
0000ABB2
00000000
00000000
00000000
00000000
00000000
00000000
00000000
0000ABB2
00000000
00000000
00000000
00000000
00000000
00000000
00000000
0000ABB2
00000000
00000000
00000000
00000000
00000000
00000000
00000000
0000ABB2
00000000
00000000
00000000
00000000
00000000
00000000
00000000
0000C1D5
00000716
0000004B
00000000
00000000
00000000
00000000
00000000
0000FA30
000019C8
00020062
00000000
00000000
00000000
00000000
00000000
0001150F
000022A3
0000007C
00000000
00000000
00000000
00000000
00000000
0000EC02
00001523
0000004D
00000000
00000000
00000000
00000000
00000000
00010297
00001CA8
0000004F
00000000
00000000
00000000
00000000
00000000
000102E2
00001CCC
00000044
00030000
00000000
00000000
00000000
00000000
0000E5F9
0000132B
00000042
00010000
00000000
00000000
00000000
00000000
0000E770
000013AE
0000003C
00050000
00000000
00000000
00000000
00000000
0000DB64
00000FB0
00000036
00020000
00000000
00000000
00000000
00000000
0000CF6A
00000BC2
00000026
00010000
00000000
00000000
00000000
00000000
0000C022
000006B4
0000001C
00010000
00000000
00000000
00000000
00000000
0000BF38
00000668
0000001A
00000000
00000000
00000000
00000000
00000000
0000DAC8
00000F7D
00000035
00000000
00000000
00000000
00000000
00000000
0000E0A1
00001175
00000030
00000000
00000000
00000000
00000000
00000000
0000C7F9
0000094E
0000001F
00000000
00000000
00000000
00000000
00000000
0000C889
00000981
0000001C
00000000
00000000
00000000
00000000
00000000
0000BC83
0000058B
00000010
00000000
00000000
00000000
00000000
00000000
0000B341
0000027B
0000000A
00000000
00000000
00000000
00000000
00000000
0000AE7F
000000E7
00000008
00000000
00000000
00000000
00000000
00000000
0000ACB1
00000053
00000002
00000000
00000000
00000000
00000000
00000000
0000B086
00000196
00000006
00000000
00000000
00000000
00000000
00000000
0000B788
000003E8
0000000A
00000000
00000000
00000000
00000000
00000000
0000C21A
00000766
00000012
00000000
00000000
00000000
00000000
00000000
0000CEFE
00000BA7
0000001D
00000000
00000000
00000000
00000000
00000000
0000CB56
00000A65
00000027
00000000
00000000
00000000
00000000
00000000
0000D543
00000DAD
0000002E
00000000
00000000
00000000
00000000
00000000
0000D8E2
00000EDB
00000035
00000000
00000000
00000000
00000000
00000000
0000EA13
00001487
00000044
00000000
00000000
00000000
00000000
00000000
0000DA9E
00000F74
00000030
00000000
00000000
00000000
00000000
00000000
0000CFA9
00000BD5
00000028
00000000
00000000
00000000
00000000
00000000
0000E644
00001342
00000044
00000000
00000000
00000000
00000000
00000000
0000DCFC
0000102D
00000041
00000000
00000000
00000000
00000000
00000000
0000D774
00000E65
00000031
00000000
00000000
00000000
00000000
00000000
0000C53B
0000085F
00000024
00000000
00000000
00000000
00000000
00000000
0000CFBE
00000BD9
0000002B
00000000
00000000
00000000
00000000
00000000
0000B1C4
000001FA
0000000C
00000000
00000000
00000000
00000000
00000000
0000BBA2
00000540
00000010
00000000
00000000
00000000
00000000
00000000
0000BAE2
00000505
0000000B
00000000
00000000
00000000
00000000
00000000
0000B308
0000026A
00000008
00000000
00000000
00000000
00000000
00000000
0000C0CA
000006FD
0000000B
00000000
00000000
00000000
00000000
00000000
0000AC39
0000002B
00000002
00000000
00000000
00000000
00000000
00000000
0000AC24
00000025
00000001
00000000
00000000
00000000
00000000
00000000
0000ABB2
00000000
00000000
00000000
00000000
00000000
00000000
00000000
0000ABB2
00000000
00000000
00000000
00000000
00000000
00000000
00000000
0000ABB2
00000000
00000000
00000000
00000000
00000000
00000000
00000000
0000ABB2
00000000
00000000
00000000
00000000
00000000
00000000
00000000
0000ABB2
00000000
00000000
00000000
00000000
00000000
00000000
00000000
0000ABB2
00000000
00000000
00000000
00000000
00000000
00000000
00000000
0000ABB2
00000000
00000000
00000000
00000000
00000000
00000000
00000000
0000ABB2
00000000
00000000
00000000
00000000
00000000
00000000
00000000
0000ABB2
00000000
00000000
00000000
00000000
00000000
00000000
00000000
0000ABB2
00000000
00000000
00000000
00000000
00000000
00000000
00000000
0000ABB2
00000000
00000000
00000000
00000000
00000000
00000000
00000000
0000ABB2
00000000
00000000
00000000
00000000
00000000
00000000
00000000
0000ABB2
00000000
00000000
00000000
00000000
00000000
00000000
00000000
0000ABB2
00000000
00000000
00000000
00000000
00000000
00000000
00000000
0000ABB2
00000000
00000000
00000000
00000000
00000000
00000000
00000000
0000ABB2
00000000
00000000
00000000
00000000
00000000
00000000
00000000
0000ABB2
00000000
00000000
00000000
00000000
00000000
00000000
00000000
0000ABB2
00000000
00000000
00000000
00000000
00000000
00000000
00000000
0000ABB2
00000000
00000000
00000000
00000000
00000000
00000000
00000000
0000ABB2
00000000
00000000
00000000
00000000
00000000
00000000
00000000
0000ABB2
00000000
00000000
00000000
00000000
00000000
00000000
00000000
0000ABB2
00000000
00000000
00000000
00000000
00000000
00000000
00000000
0000ABB2
00000000
00000000
00000000
00000000
00000000
00000000
00000000
0000ABB2
00000000
00000000
00000000
00000000
00000000
00000000
00000000
0000ABB2
00000000
00000000
00000000
00000000
00000000
00000000
00000000
0000ABB2
00000000
00000000
00000000
00000000
00000000
00000000
00000000
0000ABB2
00000000
00000000
00000000
00000000
00000000
00000000
00000000
0000ABB2
00000000
00000000
00000000
00000000
00000000
00000000
00000000
0000ABB2
00000000
00000000
00000000
00000000
00000000
00000000
00000000
0000ABB2
00000000
00000000
00000000
00000000
00000000
00000000
00000000
0000ABB2
00000000
00000000
00000000
00000000
00000000
00000000
00000000
0000ABB2
00000000
00000000
00000000
00000000
00000000
00000000
00000000
0000ABB2
00000000
00000000
00000000
00000000
00000000
00000000
00000000
0000ABB2
00000000
00000000
00000000
00000000
00000000
00000000
00000000
0000ABB2
00000000
00000000
00000000
00000000
00000000
00000000
00000000
0000ABB2
00000000
00000000
00000000
00000000
00000000
00000000
00000000
0000ABB2
00000000
00000000
00000000
00000000
00000000
00000000
00000000
0000ABB2
00000000
00000000
00000000
00000000
00000000
00000000
00000000
0000ABB2
00000000
00000000
00000000
00000000
00000000
00000000
00000000
0000ABB2
00000000
00000000
00000000
00000000
00000000
00000000
00000000
0000ABB2
00000000
00000000
00000000
00000000
00000000
00000000
00000000
0000ABB2
00000000
00000000
00000000
00000000
00000000
00000000
00000000
0000ABB2
00000000
00000000
00000000
00000000
00000000
00000000
00000000
0000ABB2
00000000
00000000
00000000
00000000
00000000
00000000
00000000
0000ABB2
00000000
00000000
00000000
00000000
00000000
00000000
00000000
0000ABB2
00000000
00000000
00000000
00000000
00000000
00000000
00000000
0000ABB2
00000000
00000000
00000000
00000000
00000000
00000000
00000000
0000ABB2
00000000
00000000
00000000
00000000
00000000
00000000
00000000
0000ABB2
00000000
00000000
00000000
00000000
00000000
00000000
00000000
0000ABB2
00000000
00000000
00000000
00000000
00000000
00000000
00000000
0000ABB2
00000000
00000000
00000000
00000000
00000000
00000000
00000000
0000ABB2
00000000
00000000
00000000
00000000
00000000
00000000
00000000
0000ABB2
00000000
00000000
00000000
00000000
00000000
00000000
00000000
0000ABB2
00000000
00000000
00000000
00000000
00000000
00000000
00000000
0000ABB2
00000000
00000000
00000000
00000000
00000000
00000000
00000000
0000ABB2
00000000
00000000
00000000
00000000
00000000
00000000
00000000
0000ABB2
00000000
00000000
00000000
00000000
00000000
00000000
00000000
0000ABB2
00000000
00000000
00000000
00000000
00000000
00000000
00000000
0000ABB2
00000000
00000000
00000000
00000000
00000000
00000000
00000000
0000ABB2
00000000
00000000
00000000
00000000
00000000
00000000
00000000
0000ABB2
00000000
00000000
00000000
00000000
00000000
00000000
00000000
0000ABB2
00000000
00000000
00000000
00000000
00000000
00000000
00000000
0000ABB2
00000000
00000000
00000000
00000000
00000000
00000000
00000000
0000ABB2
00000000
00000000
00000000
00000000
00000000
00000000
00000000
0000ABB2
00000000
00000000
00000000
00000000
00000000
00000000
00000000
0000ABB2
00000000
00000000
00000000
00000000
00000000
00000000
00000000
0000ABB2
00000000
00000000
00000000
00000000
00000000
00000000
00000000
0000ABB2
00000000
00000000
00000000
00000000
00000000
00000000
00000000
0000ABB2
00000000
00000000
00000000
00000000
00000000
00000000
00000000
0000ABB2
00000000
00000000
00000000
00000000
00000000
00000000
00000000
0000ABB2
00000000
00000000
00000000
00000000
00000000
00000000
00000000
0000ABB2
00000000
00000000
00000000
00000000
00000000
00000000
00000000
0000ABB2
00000000
00000000
00000000
00000000
00000000
00000000
00000000
0000ABB2
00000000
00000000
00000000
00000000
00000000
00000000
00000000
0000ABB2
00000000
00000000
00000000
00000000
00000000
00000000
00000000
0000ABB2
00000000
00000000
00000000
00000000
00000000
00000000
00000000
0000ABB2
00000000
00000000
00000000
00000000
00000000
00000000
00000000
0000ABB2
00000000
00000000
00000000
00000000
00000000
00000000
00000000
0000ABB2
00000000
00000000
00000000
00000000
00000000
00000000
00000000
0000ABB2
00000000
00000000
00000000
00000000
00000000
00000000
00000000
0000ABB2
00000000
00000000
00000000
00000000
00000000
00000000
00000000
0000ABB2
00000000
00000000
00000000
00000000
00000000
00000000
00000000
0000ABB2
00000000
00000000
00000000
00000000
00000000
00000000
00000000
0000ABB2
00000000
00000000
00000000
00000000
00000000
00000000
00000000
0000ABB2
00000000
00000000
00000000
00000000
00000000
00000000
00000000
0000ABB2
00000000
00000000
00000000
00000000
00000000
00000000
00000000
0000ABB2
00000000
00000000
00000000
00000000
00000000
00000000
00000000
0000ABB2
00000000
00000000
00000000
00000000
00000000
00000000
00000000
0000ABB2
00000000
00000000
00000000
00000000
00000000
00000000
00000000
0000ABB2
00000000
00000000
00000000
00000000
00000000
00000000
00000000
0000ABB2
00000000
00000000
00000000
00000000
00000000
00000000
00000000
0000ABB2
00000000
00000000
00000000
00000000
00000000
00000000
00000000
0000ABB2
00000000
00000000
00000000
00000000
00000000
00000000
00000000
0000ABB2
00000000
00000000
00000000
00000000
00000000
00000000
00000000
0000ABB2
00000000
00000000
00000000
00000000
00000000
00000000
00000000
0000ABB2
00000000
00000000
00000000
00000000
00000000
00000000
00000000
0000ABB2
00000000
00000000
00000000
00000000
00000000
00000000
00000000
0000ABB2
00000000
00000000
00000000
00000000
00000000
00000000
00000000
0000ABB2
00000000
00000000
00000000
00000000
00000000
00000000
00000000
0000ABB2
00000000
00000000
00000000
00000000
00000000
00000000
00000000
0000ABB2
00000000
00000000
00000000
00000000
00000000
00000000
00000000
0000ABB2
00000000
00000000
00000000
00000000
00000000
00000000
00000000
0000ABB2
00000000
00000000
00000000
00000000
00000000
00000000
00000000
0000ABB2
00000000
00000000
00000000
00000000
00000000
00000000
00000000
0000ABB2
00000000
00000000
00000000
00000000
00000000
00000000
00000000
0000ABB2
00000000
00000000
00000000
00000000
00000000
00000000
00000000
0000ABB2
00000000
00000000
00000000
00000000
00000000
00000000
00000000
0000ABB2
00000000
00000000
00000000
00000000
00000000
00000000
00000000
0000ABB2
00000000
00000000
00000000
00000000
00000000
00000000
00000000
0000ABB2
00000000
00000000
00000000
00000000
00000000
00000000
00000000
0000ABB2
00000000
00000000
00000000
00000000
00000000
00000000
00000000
0000ABB2
00000000
00000000
00000000
00000000
00000000
00000000
00000000
0000ABB2
00000000
00000000
00000000
00000000
00000000
00000000
00000000
0000ABB2
00000000
00000000
00000000
00000000
00000000
00000000
00000000
0000ABB2
00000000
00000000
00000000
00000000
00000000
00000000
00000000
0000ABB2
00000000
00000000
00000000
00000000
00000000
00000000
00000000
0000ABB2
00000000
00000000
00000000
00000000
00000000
00000000
00000000
0000ABB2
00000000
00000000
00000000
00000000
00000000
00000000
00000000
0000ABB2
00000000
00000000
00000000
00000000
00000000
00000000
00000000
0000ABB2
00000000
00000000
00000000
00000000
00000000
00000000
00000000
0000ABB2
00000000
00000000
00000000
00000000
00000000
00000000
00000000
0000ABB2
00000000
00000000
00000000
00000000
00000000
00000000
00000000
0000ABB2
00000000
00000000
00000000
00000000
00000000
00000000
00000000
0000ABB2
00000000
00000000
00000000
00000000
00000000
00000000
00000000
0000ABB2
00000000
00000000
00000000
00000000
00000000
00000000
00000000
0000ABB2
00000000
00000000
00000000
00000000
00000000
00000000
00000000
0000ABB2
00000000
00000000
00000000
00000000
00000000
00000000
00000000
0000ABB2
00000000
00000000
00000000
00000000
00000000
00000000
00000000
0000ABB2
00000000
00000000
00000000
00000000
00000000
00000000
00000000
0000ABB2
00000000
00000000
00000000
00000000
00000000
00000000
00000000
0000ABB2
00000000
00000000
00000000
00000000
00000000
00000000
00000000
0000ABB2
00000000
00000000
00000000
00000000
00000000
00000000
00000000
0000ABB2
00000000
00000000
00000000
00000000
00000000
00000000
00000000
0000ABB2
00000000
00000000
00000000
00000000
00000000
00000000
00000000
0000ABB2
00000000
00000000
00000000
00000000
00000000
00000000
00000000
0000ABB2
00000000
00000000
00000000
00000000
00000000
00000000
00000000
0000ABB2
00000000
00000000
00000000
00000000
00000000
00000000
00000000
0000ABB2
00000000
00000000
00000000
00000000
00000000
00000000
00000000
0000ABB2
00000000
00000000
00000000
00000000
00000000
00000000
00000000
0000ABB2
00000000
00000000
00000000
00000000
00000000
00000000
00000000
0000ABB2
00000000
00000000
00000000
00000000
00000000
00000000
00000000
0000ABB2
00000000
00000000
00000000
00000000
00000000
00000000
00000000
0000ABB2
00000000
00000000
00000000
00000000
00000000
00000000
00000000
0000ABB2
00000000
00000000
00000000
00000000
00000000
00000000
00000000
0000ABB2
00000000
00000000
00000000
00000000
00000000
00000000
00000000
0000ABB2
00000000
00000000
00000000
00000000
00000000
00000000
00000000
0000ABB2
00000000
00000000
00000000
00000000
00000000
00000000
00000000
0000ABB2
00000000
00000000
00000000
00000000
00000000
00000000
00000000
0000ABB2
00000000
00000000
00000000
00000000
00000000
00000000
00000000
0000ABB2
00000000
00000000
00000000
00000000
00000000
00000000
00000000
0000ABB2
00000000
00000000
00000000
00000000
00000000
00000000
00000000
0000ABB2
00000000
00000000
00000000
00000000
00000000
00000000
00000000
0000ABB2
00000000
00000000
00000000
00000000
00000000
00000000
00000000
0000ABB2
00000000
00000000
00000000
00000000
00000000
00000000
00000000
0000ABB2
00000000
00000000
00000000
00000000
00000000
00000000
00000000
0000ABB2
00000000
00000000
00000000
00000000
00000000
00000000
00000000
0000ABB2
00000000
00000000
00000000
00000000
00000000
00000000
00000000
0000ABB2
00000000
00000000
00000000
00000000
00000000
00000000
00000000
0000ABB2
00000000
00000000
00000000
00000000
00000000
00000000
00000000
0000ABB2
00000000
00000000
00000000
00000000
00000000
00000000
00000000
0000ABB2
00000000
00000000
00000000
00000000
00000000
00000000
00000000
0000ABB2
00000000
00000000
00000000
00000000
00000000
00000000
00000000
0000ABB2
00000000
00000000
00000000
00000000
00000000
00000000
00000000
0000ABB2
00000000
00000000
00000000
00000000
00000000
00000000
00000000
0000ABB2
00000000
00000000
00000000
00000000
00000000
00000000
00000000
0000ABB2
00000000
00000000
00000000
00000000
00000000
00000000
00000000
0000ABB2
00000000
00000000
00000000
00000000
00000000
00000000
00000000
0000ABB2
00000000
00000000
00000000
00000000
00000000
00000000
00000000
0000ABB2
00000000
00000000
00000000
00000000
00000000
00000000
00000000
0000ABB2
00000000
00000000
00000000
00000000
00000000
00000000
00000000
0000ABB2
00000000
00000000
00000000
00000000
00000000
00000000
00000000
0000ABB2
00000000
00000000
00000000
00000000
00000000
00000000
00000000
0000ABB2
00000000
00000000
00000000
00000000
00000000
00000000
00000000
0000ABB2
00000000
00000000
00000000
00000000
00000000
00000000
00000000
0000ABB2
00000000
00000000
00000000
00000000
00000000
00000000
00000000
0000ABB2
00000000
00000000
00000000
00000000
00000000
00000000
00000000
0000ABB2
00000000
00000000
00000000
00000000
00000000
00000000
00000000
0000ABB2
00000000
00000000
00000000
00000000
00000000
00000000
00000000
0000ABB2
00000000
00000000
00000000
00000000
00000000
00000000
00000000
0000ABB2
00000000
00000000
00000000
00000000
00000000
00000000
00000000
0000ABB2
00000000
00000000
00000000
00000000
00000000
00000000
00000000
0000ABB2
00000000
00000000
00000000
00000000
00000000
00000000
00000000
0000ABB2
00000000
00000000
00000000
00000000
00000000
00000000
00000000
0000ABB2
00000000
00000000
00000000
00000000
00000000
00000000
00000000
0000ABB2
00000000
00000000
00000000
00000000
00000000
00000000
00000000
0000ABB2
00000000
00000000
00000000
00000000
00000000
00000000
00000000
0000ABB2
00000000
00000000
00000000
00000000
00000000
00000000
00000000
0000ABB2
00000000
00000000
00000000
00000000
00000000
00000000
00000000
0000ABB2
00000000
00000000
00000000
00000000
00000000
00000000
00000000
0000ABB2
00000000
00000000
00000000
00000000
00000000
00000000
00000000
0000ABB2
00000000
00000000
00000000
00000000
00000000
00000000
00000000
0000ABB2
00000000
00000000
00000000
00000000
00000000
00000000
00000000
0000ABB2
00000000
00000000
00000000
00000000
00000000
00000000
00000000
0000ABB2
00000000
00000000
00000000
00000000
00000000
00000000
00000000
0000ABB2
00000000
00000000
00000000
00000000
00000000
00000000
00000000
0000ABB2
00000000
00000000
00000000
00000000
00000000
00000000
00000000
0000ABB2
00000000
00000000
00000000
00000000
00000000
00000000
00000000
0000ABB2
00000000
00000000
00000000
00000000
00000000
00000000
00000000
0000ABB2
00000000
00000000
00000000
00000000
00000000
00000000
00000000
0000ABB2
00000000
00000000
00000000
00000000
00000000
00000000
00000000
0000ABB2
00000000
00000000
00000000
00000000
00000000
00000000
00000000
0000ABB2
00000000
00000000
00000000
00000000
00000000
00000000
00000000
0000ABB2
00000000
00000000
00000000
00000000
00000000
00000000
00000000
0000ABB2
00000000
00000000
00000000
00000000
00000000
00000000
00000000
0000ABB2
00000000
00000000
00000000
00000000
00000000
00000000
00000000
0000ABB2
00000000
00000000
00000000
00000000
00000000
00000000
00000000
0000ABB2
00000000
00000000
00000000
00000000
00000000
00000000
00000000
0000ABB2
00000000
00000000
00000000
00000000
00000000
00000000
00000000
0000ABB2
00000000
00000000
00000000
00000000
00000000
00000000
00000000
0000ABB2
00000000
00000000
00000000
00000000
00000000
00000000
00000000
0000ABB2
00000000
00000000
00000000
00000000
00000000
00000000
00000000
0000ABB2
00000000
00000000
00000000
00000000
00000000
00000000
00000000
0000ABB2
00000000
00000000
00000000
00000000
00000000
00000000
00000000
0000ABB2
00000000
00000000
00000000
00000000
00000000
00000000
00000000
0000ABB2
00000000
00000000
00000000
00000000
00000000
00000000
00000000
0000ABB2
00000000
00000000
00000000
00000000
00000000
00000000
00000000
0000ABB2
00000000
00000000
00000000
00000000
00000000
00000000
00000000
0000ABB2
00000000
00000000
00000000
00000000
00000000
00000000
00000000
0000ABB2
00000000
00000000
00000000
00000000
00000000
00000000
00000000
0000ABB2
00000000
00000000
00000000
00000000
00000000
00000000
00000000
0000ABB2
00000000
00000000
00000000
00000000
00000000
00000000
00000000
0000ABB2
00000000
00000000
00000000
00000000
00000000
00000000
00000000
0000ABB2
00000000
00000000
00000000
00000000
00000000
00000000
00000000
0000ABB2
00000000
00000000
00000000
00000000
00000000
00000000
00000000
0000ABB2
00000000
00000000
00000000
00000000
00000000
00000000
00000000
0000ABB2
00000000
00000000
00000000
00000000
00000000
00000000
00000000
0000ABB2
00000000
00000000
00000000
00000000
00000000
00000000
00000000
0000ABB2
00000000
00000000
00000000
00000000
00000000
00000000
00000000
0000ABB2
00000000
00000000
00000000
00000000
00000000
00000000
00000000
0000ABB2
00000000
00000000
00000000
00000000
00000000
00000000
00000000
0000ABB2
00000000
00000000
00000000
00000000
00000000
00000000
00000000
0000ABB2
00000000
00000000
00000000
00000000
00000000
00000000
00000000
0000ABB2
00000000
00000000
00000000
00000000
00000000
00000000
00000000
0000ABB2
00000000
00000000
00000000
00000000
00000000
00000000
00000000
0000ABB2
00000000
00000000
00000000
00000000
00000000
00000000
00000000
0000ABB2
00000000
00000000
00000000
00000000
00000000
00000000
00000000
0000ABB2
00000000
00000000
00000000
00000000
00000000
00000000
00000000
0000ABB2
00000000
00000000
00000000
00000000
00000000
00000000
00000000
0000ABB2
00000000
00000000
00000000
00000000
00000000
00000000
00000000
0000ABB2
00000000
00000000
00000000
00000000
00000000
00000000
00000000
0000ABB2
00000000
00000000
00000000
00000000
00000000
00000000
00000000
0000ABB2
00000000
00000000
00000000
00000000
00000000
00000000
00000000
0000ABB2
00000000
00000000
00000000
00000000
00000000
00000000
00000000
0000ABB2
00000000
00000000
00000000
00000000
00000000
00000000
00000000
0000ABB2
00000000
00000000
00000000
00000000
00000000
00000000
00000000
0000ABB2
00000000
00000000
00000000
00000000
00000000
00000000
00000000
0000ABB2
00000000
00000000
00000000
00000000
00000000
00000000
00000000
0000ABB2
00000000
00000000
00000000
00000000
00000000
00000000
00000000
0000ABB2
00000000
00000000
00000000
00000000
00000000
00000000
00000000
0000ABB2
00000000
00000000
00000000
00000000
00000000
00000000
00000000
0000ABB2
00000000
00000000
00000000
00000000
00000000
00000000
00000000
0000ABB2
00000000
00000000
00000000
00000000
00000000
00000000
00000000
0000ABB2
00000000
00000000
00000000
00000000
00000000
00000000
00000000
0000ABB2
00000000
00000000
00000000
00000000
00000000
00000000
00000000
0000ABB2
00000000
00000000
00000000
00000000
00000000
00000000
00000000
0000ABB2
00000000
00000000
00000000
00000000
00000000
00000000
00000000
0000ABB2
00000000
00000000
00000000
00000000
00000000
00000000
00000000
0000ABB2
00000000
00000000
00000000
00000000
00000000
00000000
00000000
0000ABB2
00000000
00000000
00000000
00000000
00000000
00000000
00000000
0000ABB2
00000000
00000000
00000000
00000000
00000000
00000000
00000000
0000ABB2
00000000
00000000
00000000
00000000
00000000
00000000
00000000
0000ABB2
00000000
00000000
00000000
00000000
00000000
00000000
00000000
0000ABB2
00000000
00000000
00000000
00000000
00000000
00000000
00000000
0000ABB2
00000000
00000000
00000000
00000000
00000000
00000000
00000000
0000ABB2
00000000
00000000
00000000
00000000
00000000
00000000
00000000
0000ABB2
00000000
00000000
00000000
00000000
00000000
00000000
00000000
0000ABB2
00000000
00000000
00000000
00000000
00000000
00000000
00000000
0000ABB2
00000000
00000000
00000000
00000000
00000000
00000000
00000000
0000ABB2
00000000
00000000
00000000
00000000
00000000
00000000
00000000
0000ABB2
00000000
00000000
00000000
00000000
00000000
00000000
00000000
0000ABB2
00000000
00000000
00000000
00000000
00000000
00000000
00000000
0000ABB2
00000000
00000000
00000000
00000000
00000000
00000000
00000000
0000ABB2
00000000
00000000
00000000
00000000
00000000
00000000
00000000
0000ABB2
00000000
00000000
00000000
00000000
00000000
00000000
00000000
0000ABB2
00000000
00000000
00000000
00000000
00000000
00000000
00000000
0000ABB2
00000000
00000000
00000000
00000000
00000000
00000000
00000000
0000ABB2
00000000
00000000
00000000
00000000
00000000
00000000
00000000
0000ABB2
00000000
00000000
00000000
00000000
00000000
00000000
00000000
0000ABB2
00000000
00000000
00000000
00000000
00000000
00000000
00000000
0000ABB2
00000000
00000000
00000000
00000000
00000000
00000000
00000000
0000ABB2
00000000
00000000
00000000
00000000
00000000
00000000
00000000
0000ABB2
00000000
00000000
00000000
00000000
00000000
00000000
00000000
0000ABB2
00000000
00000000
00000000
00000000
00000000
00000000
00000000
0000ABB2
00000000
00000000
00000000
00000000
00000000
00000000
00000000
0000ABB2
00000000
00000000
00000000
00000000
00000000
00000000
00000000
0000ABB2
00000000
00000000
00000000
00000000
00000000
00000000
00000000
0000ABB2
00000000
00000000
00000000
00000000
00000000
00000000
00000000
0000ABB2
00000000
00000000
00000000
00000000
00000000
00000000
00000000
0000ABB2
00000000
00000000
00000000
00000000
00000000
00000000
00000000
0000ABB2
00000000
00000000
00000000
00000000
00000000
00000000
00000000
0000ABB2
00000000
00000000
00000000
00000000
00000000
00000000
00000000
0000ABB2
00000000
00000000
00000000
00000000
00000000
00000000
00000000
0000ABB2
00000000
00000000
00000000
00000000
00000000
00000000
00000000
0000ABB2
00000000
00000000
00000000
00000000
00000000
00000000
00000000
0000ABB2
00000000
00000000
00000000
00000000
00000000
00000000
00000000
0000ABB2
00000000
00000000
00000000
00000000
00000000
00000000
00000000
0000ABB2
00000000
00000000
00000000
00000000
00000000
00000000
00000000
0000ABB2
00000000
00000000
00000000
00000000
00000000
00000000
00000000
0000ABB2
00000000
00000000
00000000
00000000
00000000
00000000
00000000
0000ABB2
00000000
00000000
00000000
00000000
00000000
00000000
00000000
0000ABB2
00000000
00000000
00000000
00000000
00000000
00000000
00000000
0000ABB2
00000000
00000000
00000000
00000000
00000000
00000000
00000000
0000ABB2
00000000
00000000
00000000
00000000
00000000
00000000
00000000
0000ABB2
00000000
00000000
00000000
00000000
00000000
00000000
00000000
0000ABB2
00000000
00000000
00000000
00000000
00000000
00000000
00000000
0000ABB2
00000000
00000000
00000000
00000000
00000000
00000000
00000000
0000ABB2
00000000
00000000
00000000
00000000
00000000
00000000
00000000
0000ABB2
00000000
00000000
00000000
00000000
00000000
00000000
00000000
0000ABB2
00000000
00000000
00000000
00000000
00000000
00000000
00000000
0000ABB2
00000000
00000000
00000000
00000000
00000000
00000000
00000000
0000ABB2
00000000
00000000
00000000
00000000
00000000
00000000
00000000
0000ABB2
00000000
00000000
00000000
00000000
00000000
00000000
00000000
0000ABB2
00000000
00000000
00000000
00000000
00000000
00000000
00000000
0000ABB2
00000000
00000000
00000000
00000000
00000000
00000000
00000000
0000ABB2
00000000
00000000
00000000
00000000
00000000
00000000
00000000
0000ABB2
00000000
00000000
00000000
00000000
00000000
00000000
00000000
0000ABB2
00000000
00000000
00000000
00000000
00000000
00000000
00000000
0000ABB2
00000000
00000000
00000000
00000000
00000000
00000000
00000000
0000ABB2
00000000
00000000
00000000
00000000
00000000
00000000
00000000
0000ABB2
00000000
00000000
00000000
00000000
00000000
00000000
00000000
0000ABB2
00000000
00000000
00000000
00000000
00000000
00000000
00000000
0000ABB2
00000000
00000000
00000000
00000000
00000000
00000000
00000000
0000ABB2
00000000
00000000
00000000
00000000
00000000
00000000
00000000
0000ABB2
00000000
00000000
00000000
00000000
00000000
00000000
00000000
0000ABB2
00000000
00000000
00000000
00000000
00000000
00000000
00000000
0000ABB2
00000000
00000000
00000000
00000000
00000000
00000000
00000000
0000ABB2
00000000
00000000
00000000
00000000
00000000
00000000
00000000
0000ABB2
00000000
00000000
00000000
00000000
00000000
00000000
00000000
0000ABB2
00000000
00000000
00000000
00000000
00000000
00000000
00000000
0000ABB2
00000000
00000000
00000000
00000000
00000000
00000000
00000000
0000ABB2
00000000
00000000
00000000
00000000
00000000
00000000
00000000
0000ABB2
00000000
00000000
00000000
00000000
00000000
00000000
00000000
0000ABB2
00000000
00000000
00000000
00000000
00000000
00000000
00000000
0000ABB2
00000000
00000000
00000000
00000000
00000000
00000000
00000000
0000ABB2
00000000
00000000
00000000
00000000
00000000
00000000
00000000
0000ABB2
00000000
00000000
00000000
00000000
00000000
00000000
00000000
0000ABB2
00000000
00000000
00000000
00000000
00000000
00000000
00000000
0000ABB2
00000000
00000000
00000000
00000000
00000000
00000000
00000000
0000ABB2
00000000
00000000
00000000
00000000
00000000
00000000
00000000
0000ABB2
00000000
00000000
00000000
00000000
00000000
00000000
00000000
0000ABB2
00000000
00000000
00000000
00000000
00000000
00000000
00000000
0000ABB2
00000000
00000000
00000000
00000000
00000000
00000000
00000000
0000ABB2
00000000
00000000
00000000
00000000
00000000
00000000
00000000
0000ABB2
00000000
00000000
00000000
00000000
00000000
00000000
00000000
0000ABB2
00000000
00000000
00000000
00000000
00000000
00000000
00000000
0000ABB2
00000000
00000000
00000000
00000000
00000000
00000000
00000000
0000ABB2
00000000
00000000
00000000
00000000
00000000
00000000
00000000
0000ABB2
00000000
00000000
00000000
00000000
00000000
00000000
00000000
0000ABB2
00000000
00000000
00000000
00000000
00000000
00000000
00000000
0000ABB2
00000000
00000000
00000000
00000000
00000000
00000000
00000000
0000ABB2
00000000
00000000
00000000
00000000
00000000
00000000
00000000
0000ABB2
00000000
00000000
00000000
00000000
00000000
00000000
00000000
0000ABB2
00000000
00000000
00000000
00000000
00000000
00000000
00000000
0000ABB2
00000000
00000000
00000000
00000000
00000000
00000000
00000000
0000ABB2
00000000
00000000
00000000
00000000
00000000
00000000
00000000
0000ABB2
00000000
00000000
00000000
00000000
00000000
00000000
00000000
0000ABB2
00000000
00000000
00000000
00000000
00000000
00000000
00000000
0000ABB2
00000000
00000000
00000000
00000000
00000000
00000000
00000000
0000ABB2
00000000
00000000
00000000
00000000
00000000
00000000
00000000
0000ABB2
00000000
00000000
00000000
00000000
00000000
00000000
00000000
0000ABB2
00000000
00000000
00000000
00000000
00000000
00000000
00000000
0000ABB2
00000000
00000000
00000000
00000000
00000000
00000000
00000000
0000ABB2
00000000
00000000
00000000
00000000
00000000
00000000
00000000
0000ABB2
00000000
00000000
00000000
00000000
00000000
00000000
00000000
0000ABB2
00000000
00000000
00000000
00000000
00000000
00000000
00000000
0000ABB2
00000000
00000000
00000000
00000000
00000000
00000000
00000000
0000ABB2
00000000
00000000
00000000
00000000
00000000
00000000
00000000
0000ABB2
00000000
00000000
00000000
00000000
00000000
00000000
00000000
0000ABB2
00000000
00000000
00000000
00000000
00000000
00000000
00000000
0000ABB2
00000000
00000000
00000000
00000000
00000000
00000000
00000000
0000ABB2
00000000
00000000
00000000
00000000
00000000
00000000
00000000
0000ABB2
00000000
00000000
00000000
00000000
00000000
00000000
00000000
0000ABB2
00000000
00000000
00000000
00000000
00000000
00000000
00000000
0000ABB2
00000000
00000000
00000000
00000000
00000000
00000000
00000000
0000ABB2
00000000
00000000
00000000
00000000
00000000
00000000
00000000
0000ABB2
00000000
00000000
00000000
00000000
00000000
00000000
00000000
0000ABB2
00000000
00000000
00000000
00000000
00000000
00000000
00000000
0000ABB2
00000000
00000000
00000000
00000000
00000000
00000000
00000000
0000ABB2
00000000
00000000
00000000
00000000
00000000
00000000
00000000
0000ABB2
00000000
00000000
00000000
00000000
00000000
00000000
00000000
0000ABB2
00000000
00000000
00000000
00000000
00000000
00000000
00000000
0000ABB2
00000000
00000000
00000000
00000000
00000000
00000000
00000000
0000ABB2
00000000
00000000
00000000
00000000
00000000
00000000
00000000
0000ABB2
00000000
00000000
00000000
00000000
00000000
00000000
00000000
0000ABB2
00000000
00000000
00000000
00000000
00000000
00000000
00000000
0000ABB2
00000000
00000000
00000000
00000000
00000000
00000000
00000000
0000ABB2
00000000
00000000
00000000
00000000
00000000
00000000
00000000
0000ABB2
00000000
00000000
00000000
00000000
00000000
00000000
00000000
0000ABB2
00000000
00000000
00000000
00000000
00000000
00000000
00000000
0000ABB2
00000000
00000000
00000000
00000000
00000000
00000000
00000000
0000ABB2
00000000
00000000
00000000
00000000
00000000
00000000
00000000
0000ABB2
00000000
00000000
00000000
00000000
00000000
00000000
00000000
0000ABB2
00000000
00000000
00000000
00000000
00000000
00000000
00000000
0000ABB2
00000000
00000000
00000000
00000000
00000000
00000000
00000000
0000ABB2
00000000
00000000
00000000
00000000
00000000
00000000
00000000
0000ABB2
00000000
00000000
00000000
00000000
00000000
00000000
00000000
0000ABB2
00000000
00000000
00000000
00000000
00000000
00000000
00000000
0000ABB2
00000000
00000000
00000000
00000000
00000000
00000000
00000000
0000ABB2
00000000
00000000
00000000
00000000
00000000
00000000
00000000
0000ABB2
00000000
00000000
00000000
00000000
00000000
00000000
00000000
0000ABB2
00000000
00000000
00000000
00000000
00000000
00000000
00000000
0000ABB2
00000000
00000000
00000000
00000000
00000000
00000000
00000000
0000ABB2
00000000
00000000
00000000
00000000
00000000
00000000
00000000
0000ABB2
00000000
00000000
00000000
00000000
00000000
00000000
00000000
0000ABB2
00000000
00000000
00000000
00000000
00000000
00000000
00000000
0000ABB2
00000000
00000000
00000000
00000000
00000000
00000000
00000000
0000ABB2
00000000
00000000
00000000
00000000
00000000
00000000
00000000
0000ABB2
00000000
00000000
00000000
00000000
00000000
00000000
00000000
0000ABB2
00000000
00000000
00000000
00000000
00000000
00000000
00000000
0000ABB2
00000000
00000000
00000000
00000000
00000000
00000000
00000000
0000ABB2
00000000
00000000
00000000
00000000
00000000
00000000
00000000
0000ABB2
00000000
00000000
00000000
00000000
00000000
00000000
00000000
0000ABB2
00000000
00000000
00000000
00000000
00000000
00000000
00000000
0000ABB2
00000000
00000000
00000000
00000000
00000000
00000000
00000000
0000ABB2
00000000
00000000
00000000
00000000
00000000
00000000
00000000
0000ABB2
00000000
00000000
00000000
00000000
00000000
00000000
00000000
0000ABB2
00000000
00000000
00000000
00000000
00000000
00000000
00000000
0000ABB2
00000000
00000000
00000000
00000000
00000000
00000000
00000000
0000ABB2
00000000
00000000
00000000
00000000
00000000
00000000
00000000
0000ABB2
00000000
00000000
00000000
00000000
00000000
00000000
00000000
0000ABB2
00000000
00000000
00000000
00000000
00000000
00000000
00000000
0000ABB2
00000000
00000000
00000000
00000000
00000000
00000000
00000000
0000ABB2
00000000
00000000
00000000
00000000
00000000
00000000
00000000
0000ABB2
00000000
00000000
00000000
00000000
00000000
00000000
00000000
0000ABB2
00000000
00000000
00000000
00000000
00000000
00000000
00000000
0000ABB2
00000000
00000000
00000000
00000000
00000000
00000000
00000000
0000ABB2
00000000
00000000
00000000
00000000
00000000
00000000
00000000
0000ABB2
00000000
00000000
00000000
00000000
00000000
00000000
00000000
0000ABB2
00000000
00000000
00000000
00000000
00000000
00000000
00000000
0000ABB2
00000000
00000000
00000000
00000000
00000000
00000000
00000000
0000ABB2
00000000
00000000
00000000
00000000
00000000
00000000
00000000
0000ABB2
00000000
00000000
00000000
00000000
00000000
00000000
00000000
0000ABB2
00000000
00000000
00000000
00000000
00000000
00000000
00000000
0000ABB2
00000000
00000000
00000000
00000000
00000000
00000000
00000000
0000ABB2
00000000
00000000
00000000
00000000
00000000
00000000
00000000
0000ABB2
00000000
00000000
00000000
00000000
00000000
00000000
00000000
0000ABB2
00000000
00000000
00000000
00000000
00000000
00000000
00000000
0000ABB2
00000000
00000000
00000000
00000000
00000000
00000000
00000000
0000ABB2
00000000
00000000
00000000
00000000
00000000
00000000
00000000
0000ABB2
00000000
00000000
00000000
00000000
00000000
00000000
00000000
0000ABB2
00000000
00000000
00000000
00000000
00000000
00000000
00000000
0000ABB2
00000000
00000000
00000000
00000000
00000000
00000000
00000000
0000ABB2
00000000
00000000
00000000
00000000
00000000
00000000
00000000
0000ABB2
00000000
00000000
00000000
00000000
00000000
00000000
00000000
0000ABB2
00000000
00000000
00000000
00000000
00000000
00000000
00000000
0000ABB2
00000000
00000000
00000000
00000000
00000000
00000000
00000000
0000ABB2
00000000
00000000
00000000
00000000
00000000
00000000
00000000
0000ABB2
00000000
00000000
00000000
00000000
00000000
00000000
00000000
0000ABB2
00000000
00000000
00000000
00000000
00000000
00000000
00000000
0000ABB2
00000000
00000000
00000000
00000000
00000000
00000000
00000000
0000ABB2
00000000
00000000
00000000
00000000
00000000
00000000
00000000
0000ABB2
00000000
00000000
00000000
00000000
00000000
00000000
00000000
0000ABB2
00000000
00000000
00000000
00000000
00000000
00000000
00000000
0000ABB2
00000000
00000000
00000000
00000000
00000000
00000000
00000000
0000ABB2
00000000
00000000
00000000
00000000
00000000
00000000
00000000
0000ABB2
00000000
00000000
00000000
00000000
00000000
00000000
00000000
0000ABB2
00000000
00000000
00000000
00000000
00000000
00000000
00000000
0000ABB2
00000000
00000000
00000000
00000000
00000000
00000000
00000000
0000ABB2
00000000
00000000
00000000
00000000
00000000
00000000
00000000
0000ABB2
00000000
00000000
00000000
00000000
00000000
00000000
00000000
0000ABB2
00000000
00000000
00000000
00000000
00000000
00000000
00000000
0000ABB2
00000000
00000000
00000000
00000000
00000000
00000000
00000000
0000ABB2
00000000
00000000
00000000
00000000
00000000
00000000
00000000
0000ABB2
00000000
00000000
00000000
00000000
00000000
00000000
00000000
0000ABB2
00000000
00000000
00000000
00000000
00000000
00000000
00000000
0000ABB2
00000000
00000000
00000000
00000000
00000000
00000000
00000000
0000ABB2
00000000
00000000
00000000
00000000
00000000
00000000
00000000
0000ABB2
00000000
00000000
00000000
00000000
00000000
00000000
00000000
0000ABB2
00000000
00000000
00000000
00000000
00000000
00000000
00000000
0000ABB2
00000000
00000000
00000000
00000000
00000000
00000000
00000000
0000ABB2
00000000
00000000
00000000
00000000
00000000
00000000
00000000
0000ABB2
00000000
00000000
00000000
00000000
00000000
00000000
00000000
0000ABB2
00000000
00000000
00000000
00000000
00000000
00000000
00000000
0000ABB2
00000000
00000000
00000000
00000000
00000000
00000000
00000000
0000ABB2
00000000
00000000
00000000
00000000
00000000
00000000
00000000
0000ABB2
00000000
00000000
00000000
00000000
00000000
00000000
00000000
0000ABB2
00000000
00000000
00000000
00000000
00000000
00000000
00000000
0000ABB2
00000000
00000000
00000000
00000000
00000000
00000000
00000000
0000ABB2
00000000
00000000
00000000
00000000
00000000
00000000
00000000
0000ABB2
00000000
00000000
00000000
00000000
00000000
00000000
00000000
0000ABB2
00000000
00000000
00000000
00000000
00000000
00000000
00000000
0000ABB2
00000000
00000000
00000000
00000000
00000000
00000000
00000000
0000ABB2
00000000
00000000
00000000
00000000
00000000
00000000
00000000
0000ABB2
00000000
00000000
00000000
00000000
00000000
00000000
00000000
0000ABB2
00000000
00000000
00000000
00000000
00000000
00000000
00000000
0000ABB2
00000000
00000000
00000000
00000000
00000000
00000000
00000000
0000ABB2
00000000
00000000
00000000
00000000
00000000
00000000
00000000
0000ABB2
00000000
00000000
00000000
00000000
00000000
00000000
00000000
0000ABB2
00000000
00000000
00000000
00000000
00000000
00000000
00000000
0000ABB2
00000000
00000000
00000000
00000000
00000000
00000000
00000000
0000ABB2
00000000
00000000
00000000
00000000
00000000
00000000
00000000
0000ABB2
00000000
00000000
00000000
00000000
00000000
00000000
00000000
0000ABB2
00000000
00000000
00000000
00000000
00000000
00000000
00000000
0000ABB2
00000000
00000000
00000000
00000000
00000000
00000000
00000000
0000ABB2
00000000
00000000
00000000
00000000
00000000
00000000
00000000
0000ABB2
00000000
00000000
00000000
00000000
00000000
00000000
00000000
0000ABB2
00000000
00000000
00000000
00000000
00000000
00000000
00000000
0000ABB2
00000000
00000000
00000000
00000000
00000000
00000000
00000000
0000ABB2
00000000
00000000
00000000
00000000
00000000
00000000
00000000
0000ABB2
00000000
00000000
00000000
00000000
00000000
00000000
00000000
0000ABB2
00000000
00000000
00000000
00000000
00000000
00000000
00000000
0000ABB2
00000000
00000000
00000000
00000000
00000000
00000000
00000000
0000ABB2
00000000
00000000
00000000
00000000
00000000
00000000
00000000
0000ABB2
00000000
00000000
00000000
00000000
00000000
00000000
00000000
0000ABB2
00000000
00000000
00000000
00000000
00000000
00000000
00000000
0000ABB2
00000000
00000000
00000000
00000000
00000000
00000000
00000000
0000ABB2
00000000
00000000
00000000
00000000
00000000
00000000
00000000
0000ABB2
00000000
00000000
00000000
00000000
00000000
00000000
00000000
0000ABB2
00000000
00000000
00000000
00000000
00000000
00000000
00000000
0000ABB2
00000000
00000000
00000000
00000000
00000000
00000000
00000000
0000ABB2
00000000
00000000
00000000
00000000
00000000
00000000
00000000
0000ABB2
00000000
00000000
00000000
00000000
00000000
00000000
00000000
0000ABB2
00000000
00000000
00000000
00000000
00000000
00000000
00000000
0000ABB2
00000000
00000000
00000000
00000000
00000000
00000000
00000000
0000ABB2
00000000
00000000
00000000
00000000
00000000
00000000
00000000
0000ABB2
00000000
00000000
00000000
00000000
00000000
00000000
00000000
0000ABB2
00000000
00000000
00000000
00000000
00000000
00000000
00000000
0000ABB2
00000000
00000000
00000000
00000000
00000000
00000000
00000000
0000ABB2
00000000
00000000
00000000
00000000
00000000
00000000
00000000
0000ABB2
00000000
00000000
00000000
00000000
00000000
00000000
00000000
0000ABB2
00000000
00000000
00000000
00000000
00000000
00000000
00000000
0000ABB2
00000000
00000000
00000000
00000000
00000000
00000000
00000000
0000ABB2
00000000
00000000
00000000
00000000
00000000
00000000
00000000
0000ABB2
00000000
00000000
00000000
00000000
00000000
00000000
00000000
0000ABB2
00000000
00000000
00000000
00000000
00000000
00000000
00000000
0000ABB2
00000000
00000000
00000000
00000000
00000000
00000000
00000000
0000ABB2
00000000
00000000
00000000
00000000
00000000
00000000
00000000
0000ABB2
00000000
00000000
00000000
00000000
00000000
00000000
00000000
0000ABB2
00000000
00000000
00000000
00000000
00000000
00000000
00000000
0000ABB2
00000000
00000000
00000000
00000000
00000000
00000000
00000000
0000ABB2
00000000
00000000
00000000
00000000
00000000
00000000
00000000
0000ABB2
00000000
00000000
00000000
00000000
00000000
00000000
00000000
0000ABB2
00000000
00000000
00000000
00000000
00000000
00000000
00000000
0000ABB2
00000000
00000000
00000000
00000000
00000000
00000000
00000000
0000ABB2
00000000
00000000
00000000
00000000
00000000
00000000
00000000
0000ABB2
00000000
00000000
00000000
00000000
00000000
00000000
00000000
0000ABB2
00000000
00000000
00000000
00000000
00000000
00000000
00000000
0000ABB2
00000000
00000000
00000000
00000000
00000000
00000000
00000000
0000ABB2
00000000
00000000
00000000
00000000
00000000
00000000
00000000
0000ABB2
00000000
00000000
00000000
00000000
00000000
00000000
00000000
0000ABB2
00000000
00000000
00000000
00000000
00000000
00000000
00000000
0000ABB2
00000000
00000000
00000000
00000000
00000000
00000000
00000000
0000ABB2
00000000
00000000
00000000
00000000
00000000
00000000
00000000
0000ABB2
00000000
00000000
00000000
00000000
00000000
00000000
00000000
0000ABB2
00000000
00000000
00000000
00000000
00000000
00000000
00000000
0000ABB2
00000000
00000000
00000000
00000000
00000000
00000000
00000000
0000ABB2
00000000
00000000
00000000
00000000
00000000
00000000
00000000
0000ABB2
00000000
00000000
00000000
00000000
00000000
00000000
00000000
0000ABB2
00000000
00000000
00000000
00000000
00000000
00000000
00000000
0000ABB2
00000000
00000000
00000000
00000000
00000000
00000000
00000000
0000ABB2
00000000
00000000
00000000
00000000
00000000
00000000
00000000
0000ABB2
00000000
00000000
00000000
00000000
00000000
00000000
00000000
0000ABB2
00000000
00000000
00000000
00000000
00000000
00000000
00000000
0000ABB2
00000000
00000000
00000000
00000000
00000000
00000000
00000000
0000ABB2
00000000
00000000
00000000
00000000
00000000
00000000
00000000
0000ABB2
00000000
00000000
00000000
00000000
00000000
00000000
00000000
0000ABB2
00000000
00000000
00000000
00000000
00000000
00000000
00000000
0000ABB2
00000000
00000000
00000000
00000000
00000000
00000000
00000000
0000ABB2
00000000
00000000
00000000
00000000
00000000
00000000
00000000
0000ABB2
00000000
00000000
00000000
00000000
00000000
00000000
00000000
0000ABB2
00000000
00000000
00000000
00000000
00000000
00000000
00000000
0000ABB2
00000000
00000000
00000000
00000000
00000000
00000000
00000000
0000ABB2
00000000
00000000
00000000
00000000
00000000
00000000
00000000
0000ABB2
00000000
00000000
00000000
00000000
00000000
00000000
00000000
0000ABB2
00000000
00000000
00000000
00000000
00000000
00000000
00000000
0000ABB2
00000000
00000000
00000000
00000000
00000000
00000000
00000000
0000ABB2
00000000
00000000
00000000
00000000
00000000
00000000
00000000
0000ABB2
00000000
00000000
00000000
00000000
00000000
00000000
00000000
0000ABB2
00000000
00000000
00000000
00000000
00000000
00000000
00000000
0000ABB2
00000000
00000000
00000000
00000000
00000000
00000000
00000000
0000ABB2
00000000
00000000
00000000
00000000
00000000
00000000
00000000
0000ABB2
00000000
00000000
00000000
00000000
00000000
00000000
00000000
0000ABB2
00000000
00000000
00000000
00000000
00000000
00000000
00000000
0000ABB2
00000000
00000000
00000000
00000000
00000000
00000000
00000000
0000ABB2
00000000
00000000
00000000
00000000
00000000
00000000
00000000
0000ABB2
00000000
00000000
00000000
00000000
00000000
00000000
00000000
0000ABB2
00000000
00000000
00000000
00000000
00000000
00000000
00000000
0000ABB2
00000000
00000000
00000000
00000000
00000000
00000000
00000000
0000ABB2
00000000
00000000
00000000
00000000
00000000
00000000
00000000
0000ABB2
00000000
00000000
00000000
00000000
00000000
00000000
00000000
0000ABB2
00000000
00000000
00000000
00000000
00000000
00000000
00000000
0000ABB2
00000000
00000000
00000000
00000000
00000000
00000000
00000000
0000ABB2
00000000
00000000
00000000
00000000
00000000
00000000
00000000
0000ABB2
00000000
00000000
00000000
00000000
00000000
00000000
00000000
0000ABB2
00000000
00000000
00000000
00000000
00000000
00000000
00000000
0000ABB2
00000000
00000000
00000000
00000000
00000000
00000000
00000000
0000ABB2
00000000
00000000
00000000
00000000
00000000
00000000
00000000
0000ABB2
00000000
00000000
00000000
00000000
00000000
00000000
00000000
0000ABB2
00000000
00000000
00000000
00000000
00000000
00000000
00000000
0000ABB2
00000000
00000000
00000000
00000000
00000000
00000000
00000000
0000ABB2
00000000
00000000
00000000
00000000
00000000
00000000
00000000
0000ABB2
00000000
00000000
00000000
00000000
00000000
00000000
00000000
0000ABB2
00000000
00000000
00000000
00000000
00000000
00000000
00000000
0000ABB2
00000000
00000000
00000000
00000000
00000000
00000000
00000000
0000ABB2
00000000
00000000
00000000
00000000
00000000
00000000
00000000
0000ABB2
00000000
00000000
00000000
00000000
00000000
00000000
00000000
0000ABB2
00000000
00000000
00000000
00000000
00000000
00000000
00000000
0000ABB2
00000000
00000000
00000000
00000000
00000000
00000000
00000000
0000ABB2
00000000
00000000
00000000
00000000
00000000
00000000
00000000
0000ABB2
00000000
00000000
00000000
00000000
00000000
00000000
00000000
0000ABB2
00000000
00000000
00000000
00000000
00000000
00000000
00000000
0000ABB2
00000000
00000000
00000000
00000000
00000000
00000000
00000000
0000ABB2
00000000
00000000
00000000
00000000
00000000
00000000
00000000
0000ABB2
00000000
00000000
00000000
00000000
00000000
00000000
00000000
0000ABB2
00000000
00000000
00000000
00000000
00000000
00000000
00000000
0000ABB2
00000000
00000000
00000000
00000000
00000000
00000000
00000000
0000ABB2
00000000
00000000
00000000
00000000
00000000
00000000
00000000
0000ABB2
00000000
00000000
00000000
00000000
00000000
00000000
00000000
0000ABB2
00000000
00000000
00000000
00000000
00000000
00000000
00000000
0000ABB2
00000000
00000000
00000000
00000000
00000000
00000000
00000000
0000ABB2
00000000
00000000
00000000
00000000
00000000
00000000
00000000
0000ABB2
00000000
00000000
00000000
00000000
00000000
00000000
00000000
0000ABB2
00000000
00000000
00000000
00000000
00000000
00000000
00000000
0000ABB2
00000000
00000000
00000000
00000000
00000000
00000000
00000000
0000ABB2
00000000
00000000
00000000
00000000
00000000
00000000
00000000
0000ABB2
00000000
00000000
00000000
00000000
00000000
00000000
00000000
0000ABB2
00000000
00000000
00000000
00000000
00000000
00000000
00000000
0000ABB2
00000000
00000000
00000000
00000000
00000000
00000000
00000000
0000ABB2
00000000
00000000
00000000
00000000
00000000
00000000
00000000
0000ABB2
00000000
00000000
00000000
00000000
00000000
00000000
00000000
0000ABB2
00000000
00000000
00000000
00000000
00000000
00000000
00000000
0000ABB2
00000000
00000000
00000000
00000000
00000000
00000000
00000000
0000ABB2
00000000
00000000
00000000
00000000
00000000
00000000
00000000
0000ABB2
00000000
00000000
00000000
00000000
00000000
00000000
00000000
0000ABB2
00000000
00000000
00000000
00000000
00000000
00000000
00000000
0000ABB2
00000000
00000000
00000000
00000000
00000000
00000000
00000000
0000ABB2
00000000
00000000
00000000
00000000
00000000
00000000
00000000
0000ABB2
00000000
00000000
00000000
00000000
00000000
00000000
00000000
0000ABB2
00000000
00000000
00000000
00000000
00000000
00000000
00000000
0000ABB2
00000000
00000000
00000000
00000000
00000000
00000000
00000000
0000ABB2
00000000
00000000
00000000
00000000
00000000
00000000
00000000
0000ABB2
00000000
00000000
00000000
00000000
00000000
00000000
00000000
0000ABB2
00000000
00000000
00000000
00000000
00000000
00000000
00000000
0000ABB2
00000000
00000000
00000000
00000000
00000000
00000000
00000000
0000ABB2
00000000
00000000
00000000
00000000
00000000
00000000
00000000
0000ABB2
00000000
00000000
00000000
00000000
00000000
00000000
00000000
0000ABB2
00000000
00000000
00000000
00000000
00000000
00000000
00000000
0000ABB2
00000000
00000000
00000000
00000000
00000000
00000000
00000000
0000ABB2
00000000
00000000
00000000
00000000
00000000
00000000
00000000
0000ABB2
00000000
00000000
00000000
00000000
00000000
00000000
00000000
0000ABB2
00000000
00000000
00000000
00000000
00000000
00000000
00000000
0000ABB2
00000000
00000000
00000000
00000000
00000000
00000000
00000000
0000ABB2
00000000
00000000
00000000
00000000
00000000
00000000
00000000
0000ABB2
00000000
00000000
00000000
00000000
00000000
00000000
00000000
0000ABB2
00000000
00000000
00000000
00000000
00000000
00000000
00000000
0000ABB2
00000000
00000000
00000000
00000000
00000000
00000000
00000000
0000ABB2
00000000
00000000
00000000
00000000
00000000
00000000
00000000
0000ABB2
00000000
00000000
00000000
00000000
00000000
00000000
00000000
0000ABB2
00000000
00000000
00000000
00000000
00000000
00000000
00000000
0000ABB2
00000000
00000000
00000000
00000000
00000000
00000000
00000000
0000ABB2
00000000
00000000
00000000
00000000
00000000
00000000
00000000
0000ABB2
00000000
00000000
00000000
00000000
00000000
00000000
00000000
0000ABB2
00000000
00000000
00000000
00000000
00000000
00000000
00000000
0000ABB2
00000000
00000000
00000000
00000000
00000000
00000000
00000000
0000ABB2
00000000
00000000
00000000
00000000
00000000
00000000
00000000
0000ABB2
00000000
00000000
00000000
00000000
00000000
00000000
00000000
0000ABB2
00000000
00000000
00000000
00000000
00000000
00000000
00000000
0000ABB2
00000000
00000000
00000000
00000000
00000000
00000000
00000000
0000ABB2
00000000
00000000
00000000
00000000
00000000
00000000
00000000
0000ABB2
00000000
00000000
00000000
00000000
00000000
00000000
00000000
0000ABB2
00000000
00000000
00000000
00000000
00000000
00000000
00000000
0000ABB2
00000000
00000000
00000000
00000000
00000000
00000000
00000000
0000ABB2
00000000
00000000
00000000
00000000
00000000
00000000
00000000
0000ABB2
00000000
00000000
00000000
00000000
00000000
00000000
00000000
0000ABB2
00000000
00000000
00000000
00000000
00000000
00000000
00000000
0000ABB2
00000000
00000000
00000000
00000000
00000000
00000000
00000000
0000ABB2
00000000
00000000
00000000
00000000
00000000
00000000
00000000
0000ABB2
00000000
00000000
00000000
00000000
00000000
00000000
00000000
0000ABB2
00000000
00000000
00000000
00000000
00000000
00000000
00000000
0000ABB2
00000000
00000000
00000000
00000000
00000000
00000000
00000000
0000ABB2
00000000
00000000
00000000
00000000
00000000
00000000
00000000
0000ABB2
00000000
00000000
00000000
00000000
00000000
00000000
00000000
0000ABB2
00000000
00000000
00000000
00000000
00000000
00000000
00000000
0000ABB2
00000000
00000000
00000000
00000000
00000000
00000000
00000000
0000ABB2
00000000
00000000
00000000
00000000
00000000
00000000
00000000
0000ABB2
00000000
00000000
00000000
00000000
00000000
00000000
00000000
0000ABB2
00000000
00000000
00000000
00000000
00000000
00000000
00000000
0000ABB2
00000000
00000000
00000000
00000000
00000000
00000000
00000000
0000ABB2
00000000
00000000
00000000
00000000
00000000
00000000
00000000
0000ABB2
00000000
00000000
00000000
00000000
00000000
00000000
00000000
0000ABB2
00000000
00000000
00000000
00000000
00000000
00000000
00000000
0000ABB2
00000000
00000000
00000000
00000000
00000000
00000000
00000000
0000ABB2
00000000
00000000
00000000
00000000
00000000
00000000
00000000
0000ABB2
00000000
00000000
00000000
00000000
00000000
00000000
00000000
0000ABB2
00000000
00000000
00000000
00000000
00000000
00000000
00000000
0000ABB2
00000000
00000000
00000000
00000000
00000000
00000000
00000000
0000ABB2
00000000
00000000
00000000
00000000
00000000
00000000
00000000
0000ABB2
00000000
00000000
00000000
00000000
00000000
00000000
00000000
0000ABB2
00000000
00000000
00000000
00000000
00000000
00000000
00000000
0000ABB2
00000000
00000000
00000000
00000000
00000000
00000000
00000000
0000ABB2
00000000
00000000
00000000
00000000
00000000
00000000
00000000
0000ABB2
00000000
00000000
00000000
00000000
00000000
00000000
00000000
0000ABB2
00000000
00000000
00000000
00000000
00000000
00000000
00000000
0000ABB2
00000000
00000000
00000000
00000000
00000000
00000000
00000000
0000ABB2
00000000
00000000
00000000
00000000
00000000
00000000
00000000
0000ABB2
00000000
00000000
00000000
00000000
00000000
00000000
00000000
0000ABB2
00000000
00000000
00000000
00000000
00000000
00000000
00000000
0000ABB2
00000000
00000000
00000000
00000000
00000000
00000000
00000000
0000ABB2
00000000
00000000
00000000
00000000
00000000
00000000
00000000
0000ABB2
00000000
00000000
00000000
00000000
00000000
00000000
00000000
0000ABB2
00000000
00000000
00000000
00000000
00000000
00000000
00000000
0000ABB2
00000000
00000000
00000000
00000000
00000000
00000000
00000000
0000ABB2
00000000
00000000
00000000
00000000
00000000
00000000
00000000
0000ABB2
00000000
00000000
00000000
00000000
00000000
00000000
00000000
0000ABB2
00000000
00000000
00000000
00000000
00000000
00000000
00000000
0000ABB2
00000000
00000000
00000000
00000000
00000000
00000000
00000000
0000ABB2
00000000
00000000
00000000
00000000
00000000
00000000
00000000
0000ABB2
00000000
00000000
00000000
00000000
00000000
00000000
00000000
0000ABB2
00000000
00000000
00000000
00000000
00000000
00000000
00000000
0000ABB2
00000000
00000000
00000000
00000000
00000000
00000000
00000000
0000ABB2
00000000
00000000
00000000
00000000
00000000
00000000
00000000
0000ABB2
00000000
00000000
00000000
00000000
00000000
00000000
00000000
0000ABB2
00000000
00000000
00000000
00000000
00000000
00000000
00000000
0000ABB2
00000000
00000000
00000000
00000000
00000000
00000000
00000000
0000ABB2
00000000
00000000
00000000
00000000
00000000
00000000
00000000
0000ABB2
00000000
00000000
00000000
00000000
00000000
00000000
00000000
0000ABB2
00000000
00000000
00000000
00000000
00000000
00000000
00000000
0000ABB2
00000000
00000000
00000000
00000000
00000000
00000000
00000000
0000ABB2
00000000
00000000
00000000
00000000
00000000
00000000
00000000
0000ABB2
00000000
00000000
00000000
00000000
00000000
00000000
00000000
0000ABB2
00000000
00000000
00000000
00000000
00000000
00000000
00000000
0000ABB2
00000000
00000000
00000000
00000000
00000000
00000000
00000000
0000ABB2
00000000
00000000
00000000
00000000
00000000
00000000
00000000
0000ABB2
00000000
00000000
00000000
00000000
00000000
00000000
00000000
0000ABB2
00000000
00000000
00000000
00000000
00000000
00000000
00000000
0000ABB2
00000000
00000000
00000000
00000000
00000000
00000000
00000000
0000ABB2
00000000
00000000
00000000
00000000
00000000
00000000
00000000
0000ABB2
00000000
00000000
00000000
00000000
00000000
00000000
00000000
0000ABB2
00000000
00000000
00000000
00000000
00000000
00000000
00000000
0000ABB2
00000000
00000000
00000000
00000000
00000000
00000000
00000000
0000ABB2
00000000
00000000
00000000
00000000
00000000
00000000
00000000
0000ABB2
00000000
00000000
00000000
00000000
00000000
00000000
00000000
0000ABB2
00000000
00000000
00000000
00000000
00000000
00000000
00000000
0000ABB2
00000000
00000000
00000000
00000000
00000000
00000000
00000000
0000ABB2
00000000
00000000
00000000
00000000
00000000
00000000
00000000
0000ABB2
00000000
00000000
00000000
00000000
00000000
00000000
00000000
0000ABB2
00000000
00000000
00000000
00000000
00000000
00000000
00000000
0000ABB2
00000000
00000000
00000000
00000000
00000000
00000000
00000000
0000ABB2
00000000
00000000
00000000
00000000
00000000
00000000
00000000
0000ABB2
00000000
00000000
00000000
00000000
00000000
00000000
00000000
0000ABB2
00000000
00000000
00000000
00000000
00000000
00000000
00000000
0000ABB2
00000000
00000000
00000000
00000000
00000000
00000000
00000000
0000ABB2
00000000
00000000
00000000
00000000
00000000
00000000
00000000
0000ABB2
00000000
00000000
00000000
00000000
00000000
00000000
00000000
0000ABB2
00000000
00000000
00000000
00000000
00000000
00000000
00000000
0000ABB2
00000000
00000000
00000000
00000000
00000000
00000000
00000000
0000ABB2
00000000
00000000
00000000
00000000
00000000
00000000
00000000
0000ABB2
00000000
00000000
00000000
00000000
00000000
00000000
00000000
0000ABB2
00000000
00000000
00000000
00000000
00000000
00000000
00000000
0000ABB2
00000000
00000000
00000000
00000000
00000000
00000000
00000000
0000ABB2
00000000
00000000
00000000
00000000
00000000
00000000
00000000
0000ABB2
00000000
00000000
00000000
00000000
00000000
00000000
00000000
0000ABB2
00000000
00000000
00000000
00000000
00000000
00000000
00000000
0000ABB2
00000000
00000000
00000000
00000000
00000000
00000000
00000000
0000ABB2
00000000
00000000
00000000
00000000
00000000
00000000
00000000
0000ABB2
00000000
00000000
00000000
00000000
00000000
00000000
00000000
0000ABB2
00000000
00000000
00000000
00000000
00000000
00000000
00000000
0000ABB2
00000000
00000000
00000000
00000000
00000000
00000000
00000000
0000ABB2
00000000
00000000
00000000
00000000
00000000
00000000
00000000
0000ABB2
00000000
00000000
00000000
00000000
00000000
00000000
00000000
0000ABB2
00000000
00000000
00000000
00000000
00000000
00000000
00000000
0000ABB2
00000000
00000000
00000000
00000000
00000000
00000000
00000000
0000ABB2
00000000
00000000
00000000
00000000
00000000
00000000
00000000
0000ABB2
00000000
00000000
00000000
00000000
00000000
00000000
00000000
0000ABB2
00000000
00000000
00000000
00000000
00000000
00000000
00000000
0000ABB2
00000000
00000000
00000000
00000000
00000000
00000000
00000000
0000ABB2
00000000
00000000
00000000
00000000
00000000
00000000
00000000
0000ABB2
00000000
00000000
00000000
00000000
00000000
00000000
00000000
0000ABB2
00000000
00000000
00000000
00000000
00000000
00000000
00000000
0000ABB2
00000000
00000000
00000000
00000000
00000000
00000000
00000000
0000ABB2
00000000
00000000
00000000
00000000
00000000
00000000
00000000
0000ABB2
00000000
00000000
00000000
00000000
00000000
00000000
00000000
0000ABB2
00000000
00000000
00000000
00000000
00000000
00000000
00000000
0000ABB2
00000000
00000000
00000000
00000000
00000000
00000000
00000000
0000ABB2
00000000
00000000
00000000
00000000
00000000
00000000
00000000
0000ABB2
00000000
00000000
00000000
00000000
00000000
00000000
00000000
0000ABB2
00000000
00000000
00000000
00000000
00000000
00000000
00000000
0000ABB2
00000000
00000000
00000000
00000000
00000000
00000000
00000000
0000ABB2
00000000
00000000
00000000
00000000
00000000
00000000
00000000
0000ABB2
00000000
00000000
00000000
00000000
00000000
00000000
00000000
0000ABB2
00000000
00000000
00000000
00000000
00000000
00000000
00000000
0000ABB2
00000000
00000000
00000000
00000000
00000000
00000000
00000000
0000ABB2
00000000
00000000
00000000
00000000
00000000
00000000
00000000
0000ABB2
00000000
00000000
00000000
00000000
00000000
00000000
00000000
0000ABB2
00000000
00000000
00000000
00000000
00000000
00000000
00000000
0000ABB2
00000000
00000000
00000000
00000000
00000000
00000000
00000000
0000ABB2
00000000
00000000
00000000
00000000
00000000
00000000
00000000
0000ABB2
00000000
00000000
00000000
00000000
00000000
00000000
00000000
0000ABB2
00000000
00000000
00000000
00000000
00000000
00000000
00000000
0000ABB2
00000000
00000000
00000000
00000000
00000000
00000000
00000000
0000ABB2
00000000
00000000
00000000
00000000
00000000
00000000
00000000
0000ABB2
00000000
00000000
00000000
00000000
00000000
00000000
00000000
0000ABB2
00000000
00000000
00000000
00000000
00000000
00000000
00000000
0000ABB2
00000000
00000000
00000000
00000000
00000000
00000000
00000000
0000ABB2
00000000
00000000
00000000
00000000
00000000
00000000
00000000
0000ABB2
00000000
00000000
00000000
00000000
00000000
00000000
00000000
0000ABB2
00000000
00000000
00000000
00000000
00000000
00000000
00000000
0000ABB2
00000000
00000000
00000000
00000000
00000000
00000000
00000000
0000ABB2
00000000
00000000
00000000
00000000
00000000
00000000
00000000
0000ABB2
00000000
00000000
00000000
00000000
00000000
00000000
00000000
0000ABB2
00000000
00000000
00000000
00000000
00000000
00000000
00000000
0000ABB2
00000000
00000000
00000000
00000000
00000000
00000000
00000000
0000ABB2
00000000
00000000
00000000
00000000
00000000
00000000
00000000
0000ABB2
00000000
00000000
00000000
00000000
00000000
00000000
00000000
0000ABB2
00000000
00000000
00000000
00000000
00000000
00000000
00000000
0000ABB2
00000000
00000000
00000000
00000000
00000000
00000000
00000000
0000ABB2
00000000
00000000
00000000
00000000
00000000
00000000
00000000
0000ABB2
00000000
00000000
00000000
00000000
00000000
00000000
00000000
0000ABB2
00000000
00000000
00000000
00000000
00000000
00000000
00000000
0000ABB2
00000000
00000000
00000000
00000000
00000000
00000000
00000000
0000ABB2
00000000
00000000
00000000
00000000
00000000
00000000
00000000
0000ABB2
00000000
00000000
00000000
00000000
00000000
00000000
00000000
0000ABB2
00000000
00000000
00000000
00000000
00000000
00000000
00000000
0000ABB2
00000000
00000000
00000000
00000000
00000000
00000000
00000000
0000ABB2
00000000
00000000
00000000
00000000
00000000
00000000
00000000
0000ABB2
00000000
00000000
00000000
00000000
00000000
00000000
00000000
0000ABB2
00000000
00000000
00000000
00000000
00000000
00000000
00000000
0000ABB2
00000000
00000000
00000000
00000000
00000000
00000000
00000000
0000ABB2
00000000
00000000
00000000
00000000
00000000
00000000
00000000
0000ABB2
00000000
00000000
00000000
00000000
00000000
00000000
00000000
0000ABB2
00000000
00000000
00000000
00000000
00000000
00000000
00000000
0000ABB2
00000000
00000000
00000000
00000000
00000000
00000000
00000000
0000ABB2
00000000
00000000
00000000
00000000
00000000
00000000
00000000
0000ABB2
00000000
00000000
00000000
00000000
00000000
00000000
00000000
0000ABB2
00000000
00000000
00000000
00000000
00000000
00000000
00000000
0000ABB2
00000000
00000000
00000000
00000000
00000000
00000000
00000000
0000ABB2
00000000
00000000
00000000
00000000
00000000
00000000
00000000
0000ABB2
00000000
00000000
00000000
00000000
00000000
00000000
00000000
0000ABB2
00000000
00000000
00000000
00000000
00000000
00000000
00000000
0000ABB2
00000000
00000000
00000000
00000000
00000000
00000000
00000000
0000ABB2
00000000
00000000
00000000
00000000
00000000
00000000
00000000
0000ABB2
00000000
00000000
00000000
00000000
00000000
00000000
00000000
0000ABB2
00000000
00000000
00000000
00000000
00000000
00000000
00000000
0000ABB2
00000000
00000000
00000000
00000000
00000000
00000000
00000000
0000ABB2
00000000
00000000
00000000
00000000
00000000
00000000
00000000
0000ABB2
00000000
00000000
00000000
00000000
00000000
00000000
00000000
0000ABB2
00000000
00000000
00000000
00000000
00000000
00000000
00000000
0000ABB2
00000000
00000000
00000000
00000000
00000000
00000000
00000000
0000ABB2
00000000
00000000
00000000
00000000
00000000
00000000
00000000
0000ABB2
00000000
00000000
00000000
00000000
00000000
00000000
00000000
0000ABB2
00000000
00000000
00000000
00000000
00000000
00000000
00000000
0000ABB2
00000000
00000000
00000000
00000000
00000000
00000000
00000000
0000ABB2
00000000
00000000
00000000
00000000
00000000
00000000
00000000
0000ABB2
00000000
00000000
00000000
00000000
00000000
00000000
00000000
0000ABB2
00000000
00000000
00000000
00000000
00000000
00000000
00000000
0000ABB2
00000000
00000000
00000000
00000000
00000000
00000000
00000000
0000ABB2
00000000
00000000
00000000
00000000
00000000
00000000
00000000
0000ABB2
00000000
00000000
00000000
00000000
00000000
00000000
00000000
0000ABB2
00000000
00000000
00000000
00000000
00000000
00000000
00000000
0000ABB2
00000000
00000000
00000000
00000000
00000000
00000000
00000000
0000ABB2
00000000
00000000
00000000
00000000
00000000
00000000
00000000
0000ABB2
00000000
00000000
00000000
00000000
00000000
00000000
00000000
0000ABB2
00000000
00000000
00000000
00000000
00000000
00000000
00000000
0000ABB2
00000000
00000000
00000000
00000000
00000000
00000000
00000000
0000ABB2
00000000
00000000
00000000
00000000
00000000
00000000
00000000
0000ABB2
00000000
00000000
00000000
00000000
00000000
00000000
00000000
0000ABB2
00000000
00000000
00000000
00000000
00000000
00000000
00000000
0000ABB2
00000000
00000000
00000000
00000000
00000000
00000000
00000000
0000ABB2
00000000
00000000
00000000
00000000
00000000
00000000
00000000
0000ABB2
00000000
00000000
00000000
00000000
00000000
00000000
00000000
0000ABB2
00000000
00000000
00000000
00000000
00000000
00000000
00000000
0000ABB2
00000000
00000000
00000000
00000000
00000000
00000000
00000000
0000ABB2
00000000
00000000
00000000
00000000
00000000
00000000
00000000
0000ABB2
00000000
00000000
00000000
00000000
00000000
00000000
00000000
0000ABB2
00000000
00000000
00000000
00000000
00000000
00000000
00000000
0000ABB2
00000000
00000000
00000000
00000000
00000000
00000000
00000000
0000ABB2
00000000
00000000
00000000
00000000
00000000
00000000
00000000
0000ABB2
00000000
00000000
00000000
00000000
00000000
00000000
00000000
0000ABB2
00000000
00000000
00000000
00000000
00000000
00000000
00000000
0000ABB2
00000000
00000000
00000000
00000000
00000000
00000000
00000000
0000ABB2
00000000
00000000
00000000
00000000
00000000
00000000
00000000
0000ABB2
00000000
00000000
00000000
00000000
00000000
00000000
00000000
0000ABB2
00000000
00000000
00000000
00000000
00000000
00000000
00000000
0000ABB2
00000000
00000000
00000000
00000000
00000000
00000000
00000000
0000ABB2
00000000
00000000
00000000
00000000
00000000
00000000
00000000
0000ABB2
00000000
00000000
00000000
00000000
00000000
00000000
00000000
0000ABB2
00000000
00000000
00000000
00000000
00000000
00000000
00000000
0000ABB2
00000000
00000000
00000000
00000000
00000000
00000000
00000000
0000ABB2
00000000
00000000
00000000
00000000
00000000
00000000
00000000
0000ABB2
00000000
00000000
00000000
00000000
00000000
00000000
00000000
0000ABB2
00000000
00000000
00000000
00000000
00000000
00000000
00000000
0000ABB2
00000000
00000000
00000000
00000000
00000000
00000000
00000000
0000ABB2
00000000
00000000
00000000
00000000
00000000
00000000
00000000
0000ABB2
00000000
00000000
00000000
00000000
00000000
00000000
00000000
0000ABB2
00000000
00000000
00000000
00000000
00000000
00000000
00000000
0000ABB2
00000000
00000000
00000000
00000000
00000000
00000000
00000000
0000ABB2
00000000
00000000
00000000
00000000
00000000
00000000
00000000
0000ABB2
00000000
00000000
00000000
00000000
00000000
00000000
00000000
0000ABB2
00000000
00000000
00000000
00000000
00000000
00000000
00000000
0000ABB2
00000000
00000000
00000000
00000000
00000000
00000000
00000000
0000ABB2
00000000
00000000
00000000
00000000
00000000
00000000
00000000
0000ABB2
00000000
00000000
00000000
00000000
00000000
00000000
00000000
0000ABB2
00000000
00000000
00000000
00000000
00000000
00000000
00000000
0000ABB2
00000000
00000000
00000000
00000000
00000000
00000000
00000000
0000ABB2
00000000
00000000
00000000
00000000
00000000
00000000
00000000
0000ABB2
00000000
00000000
00000000
00000000
00000000
00000000
00000000
0000ABB2
00000000
00000000
00000000
00000000
00000000
00000000
00000000
0000ABB2
00000000
00000000
00000000
00000000
00000000
00000000
00000000
0000ABB2
00000000
00000000
00000000
00000000
00000000
00000000
00000000
0000ABB2
00000000
00000000
00000000
00000000
00000000
00000000
00000000
0000ABB2
00000000
00000000
00000000
00000000
00000000
00000000
00000000
0000ABB2
00000000
00000000
00000000
00000000
00000000
00000000
00000000
0000ABB2
00000000
00000000
00000000
00000000
00000000
00000000
00000000
0000ABB2
00000000
00000000
00000000
00000000
00000000
00000000
00000000
0000ABB2
00000000
00000000
00000000
00000000
00000000
00000000
00000000
0000ABB2
00000000
00000000
00000000
00000000
00000000
00000000
00000000
0000ABB2
00000000
00000000
00000000
00000000
00000000
00000000
00000000
0000ABB2
00000000
00000000
00000000
00000000
00000000
00000000
00000000
0000ABB2
00000000
00000000
00000000
00000000
00000000
00000000
00000000
0000ABB2
00000000
00000000
00000000
00000000
00000000
00000000
00000000
0000ABB2
00000000
00000000
00000000
00000000
00000000
00000000
00000000
0000ABB2
00000000
00000000
00000000
00000000
00000000
00000000
00000000
0000ABB2
00000000
00000000
00000000
00000000
00000000
00000000
00000000
0000ABB2
00000000
00000000
00000000
00000000
00000000
00000000
00000000
0000ABB2
00000000
00000000
00000000
00000000
00000000
00000000
00000000
0000ABB2
00000000
00000000
00000000
00000000
00000000
00000000
00000000
0000ABB2
00000000
00000000
00000000
00000000
00000000
00000000
00000000
0000ABB2
00000000
00000000
00000000
00000000
00000000
00000000
00000000
0000ABB2
00000000
00000000
00000000
00000000
00000000
00000000
00000000
0000ABB2
00000000
00000000
00000000
00000000
00000000
00000000
00000000
0000ABB2
00000000
00000000
00000000
00000000
00000000
00000000
00000000
0000ABB2
00000000
00000000
00000000
00000000
00000000
00000000
00000000
0000ABB2
00000000
00000000
00000000
00000000
00000000
00000000
00000000
0000ABB2
00000000
00000000
00000000
00000000
00000000
00000000
00000000
0000ABB2
00000000
00000000
00000000
00000000
00000000
00000000
00000000
0000ABB2
00000000
00000000
00000000
00000000
00000000
00000000
00000000
0000ABB2
00000000
00000000
00000000
00000000
00000000
00000000
00000000
0000ABB2
00000000
00000000
00000000
00000000
00000000
00000000
00000000
0000ABB2
00000000
00000000
00000000
00000000
00000000
00000000
00000000
0000ABB2
00000000
00000000
00000000
00000000
00000000
00000000
00000000
0000ABB2
00000000
00000000
00000000
00000000
00000000
00000000
00000000
0000ABB2
00000000
00000000
00000000
00000000
00000000
00000000
00000000
0000ABB2
00000000
00000000
00000000
00000000
00000000
00000000
00000000
0000ABB2
00000000
00000000
00000000
00000000
00000000
00000000
00000000
0000ABB2
00000000
00000000
00000000
00000000
00000000
00000000
00000000
0000ABB2
00000000
00000000
00000000
00000000
00000000
00000000
00000000
0000ABB2
00000000
00000000
00000000
00000000
00000000
00000000
00000000
0000ABB2
00000000
00000000
00000000
00000000
00000000
00000000
00000000
0000ABB2
00000000
00000000
00000000
00000000
00000000
00000000
00000000
0000ABB2
00000000
00000000
00000000
00000000
00000000
00000000
00000000
0000ABB2
00000000
00000000
00000000
00000000
00000000
00000000
00000000
0000ABB2
00000000
00000000
00000000
00000000
00000000
00000000
00000000
0000ABB2
00000000
00000000
00000000
00000000
00000000
00000000
00000000
0000ABB2
00000000
00000000
00000000
00000000
00000000
00000000
00000000
0000ABB2
00000000
00000000
00000000
00000000
00000000
00000000
00000000
0000ABB2
00000000
00000000
00000000
00000000
00000000
00000000
00000000
0000ABB2
00000000
00000000
00000000
00000000
00000000
00000000
00000000
0000ABB2
00000000
00000000
00000000
00000000
00000000
00000000
00000000
0000ABB2
00000000
00000000
00000000
00000000
00000000
00000000
00000000
0000ABB2
00000000
00000000
00000000
00000000
00000000
00000000
00000000
0000ABB2
00000000
00000000
00000000
00000000
00000000
00000000
00000000
0000ABB2
00000000
00000000
00000000
00000000
00000000
00000000
00000000
0000ABB2
00000000
00000000
00000000
00000000
00000000
00000000
00000000
0000ABB2
00000000
00000000
00000000
00000000
00000000
00000000
00000000
0000ABB2
00000000
00000000
00000000
00000000
00000000
00000000
00000000
0000ABB2
00000000
00000000
00000000
00000000
00000000
00000000
00000000
0000ABB2
00000000
00000000
00000000
00000000
00000000
00000000
00000000
0000ABB2
00000000
00000000
00000000
00000000
00000000
00000000
00000000
0000ABB2
00000000
00000000
00000000
00000000
00000000
00000000
00000000
0000ABB2
00000000
00000000
00000000
00000000
00000000
00000000
00000000
0000ABB2
00000000
00000000
00000000
00000000
00000000
00000000
00000000
0000ABB2
00000000
00000000
00000000
00000000
00000000
00000000
00000000
0000ABB2
00000000
00000000
00000000
00000000
00000000
00000000
00000000
0000ABB2
00000000
00000000
00000000
00000000
00000000
00000000
00000000
0000ABB2
00000000
00000000
00000000
00000000
00000000
00000000
00000000
0000ABB2
00000000
00000000
00000000
00000000
00000000
00000000
00000000
0000ABB2
00000000
00000000
00000000
00000000
00000000
00000000
00000000
0000ABB2
00000000
00000000
00000000
00000000
00000000
00000000
00000000
0000ABB2
00000000
00000000
00000000
00000000
00000000
00000000
00000000
0000ABB2
00000000
00000000
00000000
00000000
00000000
00000000
00000000
0000ABB2
00000000
00000000
00000000
00000000
00000000
00000000
00000000
0000ABB2
00000000
00000000
00000000
00000000
00000000
00000000
00000000
0000ABB2
00000000
00000000
00000000
00000000
00000000
00000000
00000000
0000ABB2
00000000
00000000
00000000
00000000
00000000
00000000
00000000
0000ABB2
00000000
00000000
00000000
00000000
00000000
00000000
00000000
0000ABB2
00000000
00000000
00000000
00000000
00000000
00000000
00000000
0000ABB2
00000000
00000000
00000000
00000000
00000000
00000000
00000000
0000ABB2
00000000
00000000
00000000
00000000
00000000
00000000
00000000
0000ABB2
00000000
00000000
00000000
00000000
00000000
00000000
00000000
0000ABB2
00000000
00000000
00000000
00000000
00000000
00000000
00000000
0000ABB2
00000000
00000000
00000000
00000000
00000000
00000000
00000000
0000ABB2
00000000
00000000
00000000
00000000
00000000
00000000
00000000
0000ABB2
00000000
00000000
00000000
00000000
00000000
00000000
00000000
0000ABB2
00000000
00000000
00000000
00000000
00000000
00000000
00000000
0000ABB2
00000000
00000000
00000000
00000000
00000000
00000000
00000000
0000ABB2
00000000
00000000
00000000
00000000
00000000
00000000
00000000
0000ABB2
00000000
00000000
00000000
00000000
00000000
00000000
00000000
0000ABB2
00000000
00000000
00000000
00000000
00000000
00000000
00000000
0000ABB2
00000000
00000000
00000000
00000000
00000000
00000000
00000000
0000ABB2
00000000
00000000
00000000
00000000
00000000
00000000
00000000
0000ABB2
00000000
00000000
00000000
00000000
00000000
00000000
00000000
0000ABB2
00000000
00000000
00000000
00000000
00000000
00000000
00000000
0000ABB2
00000000
00000000
00000000
00000000
00000000
00000000
00000000
0000ABB2
00000000
00000000
00000000
00000000
00000000
00000000
00000000
0000ABB2
00000000
00000000
00000000
00000000
00000000
00000000
00000000
0000ABB2
00000000
00000000
00000000
00000000
00000000
00000000
00000000
0000ABB2
00000000
00000000
00000000
00000000
00000000
00000000
00000000
0000ABB2
00000000
00000000
00000000
00000000
00000000
00000000
00000000
0000ABB2
00000000
00000000
00000000
00000000
00000000
00000000
00000000
0000ABB2
00000000
00000000
00000000
00000000
00000000
00000000
00000000
0000ABB2
00000000
00000000
00000000
00000000
00000000
00000000
00000000
0000ABB2
00000000
00000000
00000000
00000000
00000000
00000000
00000000
0000ABB2
00000000
00000000
00000000
00000000
00000000
00000000
00000000
0000ABB2
00000000
00000000
00000000
00000000
00000000
00000000
00000000
0000ABB2
00000000
00000000
00000000
00000000
00000000
00000000
00000000
0000ABB2
00000000
00000000
00000000
00000000
00000000
00000000
00000000
0000ABB2
00000000
00000000
00000000
00000000
00000000
00000000
00000000
0000ABB2
00000000
00000000
00000000
00000000
00000000
00000000
00000000
0000ABB2
00000000
00000000
00000000
00000000
00000000
00000000
00000000
0000ABB2
00000000
00000000
00000000
00000000
00000000
00000000
00000000
0000ABB2
00000000
00000000
00000000
00000000
00000000
00000000
00000000
0000ABB2
00000000
00000000
00000000
00000000
00000000
00000000
00000000
0000ABB2
00000000
00000000
00000000
00000000
00000000
00000000
00000000
0000ABB2
00000000
00000000
00000000
00000000
00000000
00000000
00000000
0000ABB2
00000000
00000000
00000000
00000000
00000000
00000000
00000000
0000ABB2
00000000
00000000
00000000
00000000
00000000
00000000
00000000
0000ABB2
00000000
00000000
00000000
00000000
00000000
00000000
00000000
0000ABB2
00000000
00000000
00000000
00000000
00000000
00000000
00000000
0000ABB2
00000000
00000000
00000000
00000000
00000000
00000000
00000000
0000ABB2
00000000
00000000
00000000
00000000
00000000
00000000
00000000
0000ABB2
00000000
00000000
00000000
00000000
00000000
00000000
00000000
0000ABB2
00000000
00000000
00000000
00000000
00000000
00000000
00000000
0000ABB2
00000000
00000000
00000000
00000000
00000000
00000000
00000000
0000ABB2
00000000
00000000
00000000
00000000
00000000
00000000
00000000
0000ABB2
00000000
00000000
00000000
00000000
00000000
00000000
00000000
0000ABB2
00000000
00000000
00000000
00000000
00000000
00000000
00000000
0000ABB2
00000000
00000000
00000000
00000000
00000000
00000000
00000000
0000ABB2
00000000
00000000
00000000
00000000
00000000
00000000
00000000
0000ABB2
00000000
00000000
00000000
00000000
00000000
00000000
00000000
0000ABB2
00000000
00000000
00000000
00000000
00000000
00000000
00000000
0000ABB2
00000000
00000000
00000000
00000000
00000000
00000000
00000000
0000ABB2
00000000
00000000
00000000
00000000
00000000
00000000
00000000
0000ABB2
00000000
00000000
00000000
00000000
00000000
00000000
00000000
0000ABB2
00000000
00000000
00000000
00000000
00000000
00000000
00000000
0000ABB2
00000000
00000000
00000000
00000000
00000000
00000000
00000000
0000ABB2
00000000
00000000
00000000
00000000
00000000
00000000
00000000
0000ABB2
00000000
00000000
00000000
00000000
00000000
00000000
00000000
0000ABB2
00000000
00000000
00000000
00000000
00000000
00000000
00000000
0000ABB2
00000000
00000000
00000000
00000000
00000000
00000000
00000000
0000ABB2
00000000
00000000
00000000
00000000
00000000
00000000
00000000
0000ABB2
00000000
00000000
00000000
00000000
00000000
00000000
00000000
0000ABB2
00000000
00000000
00000000
00000000
00000000
00000000
00000000
0000ABB2
00000000
00000000
00000000
00000000
00000000
00000000
00000000
0000ABB2
00000000
00000000
00000000
00000000
00000000
00000000
00000000
0000ABB2
00000000
00000000
00000000
00000000
00000000
00000000
00000000
0000ABB2
00000000
00000000
00000000
00000000
00000000
00000000
00000000
0000ABB2
00000000
00000000
00000000
00000000
00000000
00000000
00000000
0000ABB2
00000000
00000000
00000000
00000000
00000000
00000000
00000000
0000ABB2
00000000
00000000
00000000
00000000
00000000
00000000
00000000
0000ABB2
00000000
00000000
00000000
00000000
00000000
00000000
00000000
0000ABB2
00000000
00000000
00000000
00000000
00000000
00000000
00000000
0000ABB2
00000000
00000000
00000000
00000000
00000000
00000000
00000000
0000ABB2
00000000
00000000
00000000
00000000
00000000
00000000
00000000
0000ABB2
00000000
00000000
00000000
00000000
00000000
00000000
00000000
0000ABB2
00000000
00000000
00000000
00000000
00000000
00000000
00000000
0000ABB2
00000000
00000000
00000000
00000000
00000000
00000000
00000000
0000ABB2
00000000
00000000
00000000
00000000
00000000
00000000
00000000
0000ABB2
00000000
00000000
00000000
00000000
00000000
00000000
00000000
0000ABB2
00000000
00000000
00000000
00000000
00000000
00000000
00000000
0000ABB2
00000000
00000000
00000000
00000000
00000000
00000000
00000000
0000ABB2
00000000
00000000
00000000
00000000
00000000
00000000
00000000
0000ABB2
00000000
00000000
00000000
00000000
00000000
00000000
00000000
0000ABB2
00000000
00000000
00000000
00000000
00000000
00000000
00000000
0000ABB2
00000000
00000000
00000000
00000000
00000000
00000000
00000000
0000ABB2
00000000
00000000
00000000
00000000
00000000
00000000
00000000
0000ABB2
00000000
00000000
00000000
00000000
00000000
00000000
00000000
0000ABB2
00000000
00000000
00000000
00000000
00000000
00000000
00000000
0000ABB2
00000000
00000000
00000000
00000000
00000000
00000000
00000000
0000ABB2
00000000
00000000
00000000
00000000
00000000
00000000
00000000
0000ABB2
00000000
00000000
00000000
00000000
00000000
00000000
00000000
0000ABB2
00000000
00000000
00000000
00000000
00000000
00000000
00000000
0000ABB2
00000000
00000000
00000000
00000000
00000000
00000000
00000000
0000ABB2
00000000
00000000
00000000
00000000
00000000
00000000
00000000
0000ABB2
00000000
00000000
00000000
00000000
00000000
00000000
00000000
0000ABB2
00000000
00000000
00000000
00000000
00000000
00000000
00000000
0000ABB2
00000000
00000000
00000000
00000000
00000000
00000000
00000000
0000ABB2
00000000
00000000
00000000
00000000
00000000
00000000
00000000
0000ABB2
00000000
00000000
00000000
00000000
00000000
00000000
00000000
0000ABB2
00000000
00000000
00000000
00000000
00000000
00000000
00000000
0000ABB2
00000000
00000000
00000000
00000000
00000000
00000000
00000000
0000ABB2
00000000
00000000
00000000
00000000
00000000
00000000
00000000
0000ABB2
00000000
00000000
00000000
00000000
00000000
00000000
00000000
0000ABB2
00000000
00000000
00000000
00000000
00000000
00000000
00000000
0000ABB2
00000000
00000000
00000000
00000000
00000000
00000000
00000000
0000ABB2
00000000
00000000
00000000
00000000
00000000
00000000
00000000
0000ABB2
00000000
00000000
00000000
00000000
00000000
00000000
00000000
0000ABB2
00000000
00000000
00000000
00000000
00000000
00000000
00000000
0000ABB2
00000000
00000000
00000000
00000000
00000000
00000000
00000000
0000ABB2
00000000
00000000
00000000
00000000
00000000
00000000
00000000
0000ABB2
00000000
00000000
00000000
00000000
00000000
00000000
00000000
0000ABB2
00000000
00000000
00000000
00000000
00000000
00000000
00000000
0000ABB2
00000000
00000000
00000000
00000000
00000000
00000000
00000000
0000ABB2
00000000
00000000
00000000
00000000
00000000
00000000
00000000
0000ABB2
00000000
00000000
00000000
00000000
00000000
00000000
00000000
0000ABB2
00000000
00000000
00000000
00000000
00000000
00000000
00000000
0000ABB2
00000000
00000000
00000000
00000000
00000000
00000000
00000000
0000ABB2
00000000
00000000
00000000
00000000
00000000
00000000
00000000
0000ABB2
00000000
00000000
00000000
00000000
00000000
00000000
00000000
0000ABB2
00000000
00000000
00000000
00000000
00000000
00000000
00000000
0000ABB2
00000000
00000000
00000000
00000000
00000000
00000000
00000000
0000ABB2
00000000
00000000
00000000
00000000
00000000
00000000
00000000
0000ABB2
00000000
00000000
00000000
00000000
00000000
00000000
00000000
0000ABB2
00000000
00000000
00000000
00000000
00000000
00000000
00000000
0000ABB2
00000000
00000000
00000000
00000000
00000000
00000000
00000000
0000ABB2
00000000
00000000
00000000
00000000
00000000
00000000
00000000
0000ABB2
00000000
00000000
00000000
00000000
00000000
00000000
00000000
0000ABB2
00000000
00000000
00000000
00000000
00000000
00000000
00000000
0000ABB2
00000000
00000000
00000000
00000000
00000000
00000000
00000000
0000ABB2
00000000
00000000
00000000
00000000
00000000
00000000
00000000
0000ABB2
00000000
00000000
00000000
00000000
00000000
00000000
00000000
0000ABB2
00000000
00000000
00000000
00000000
00000000
00000000
00000000
0000ABB2
00000000
00000000
00000000
00000000
00000000
00000000
00000000
0000ABB2
00000000
00000000
00000000
00000000
00000000
00000000
00000000
0000ABB2
00000000
00000000
00000000
00000000
00000000
00000000
00000000
0000ABB2
00000000
00000000
00000000
00000000
00000000
00000000
00000000
0000ABB2
00000000
00000000
00000000
00000000
00000000
00000000
00000000
0000ABB2
00000000
00000000
00000000
00000000
00000000
00000000
00000000
0000ABB2
00000000
00000000
00000000
00000000
00000000
00000000
00000000
0000ABB2
00000000
00000000
00000000
00000000
00000000
00000000
00000000
0000ABB2
00000000
00000000
00000000
00000000
00000000
00000000
00000000
0000ABB2
00000000
00000000
00000000
00000000
00000000
00000000
00000000
0000ABB2
00000000
00000000
00000000
00000000
00000000
00000000
00000000
0000ABB2
00000000
00000000
00000000
00000000
00000000
00000000
00000000
0000ABB2
00000000
00000000
00000000
00000000
00000000
00000000
00000000
0000ABB2
00000000
00000000
00000000
00000000
00000000
00000000
00000000
0000ABB2
00000000
00000000
00000000
00000000
00000000
00000000
00000000
0000ABB2
00000000
00000000
00000000
00000000
00000000
00000000
00000000
0000ABB2
00000000
00000000
00000000
00000000
00000000
00000000
00000000
0000ABB2
00000000
00000000
00000000
00000000
00000000
00000000
00000000
0000ABB2
00000000
00000000
00000000
00000000
00000000
00000000
00000000
0000ABB2
00000000
00000000
00000000
00000000
00000000
00000000
00000000
0000ABB2
00000000
00000000
00000000
00000000
00000000
00000000
00000000
0000ABB2
00000000
00000000
00000000
00000000
00000000
00000000
00000000
0000ABB2
00000000
00000000
00000000
00000000
00000000
00000000
00000000
0000ABB2
00000000
00000000
00000000
00000000
00000000
00000000
00000000
0000ABB2
00000000
00000000
00000000
00000000
00000000
00000000
00000000
0000ABB2
00000000
00000000
00000000
00000000
00000000
00000000
00000000
0000ABB2
00000000
00000000
00000000
00000000
00000000
00000000
00000000
0000ABB2
00000000
00000000
00000000
00000000
00000000
00000000
00000000
0000ABB2
00000000
00000000
00000000
00000000
00000000
00000000
00000000
0000ABB2
00000000
00000000
00000000
00000000
00000000
00000000
00000000
0000ABB2
00000000
00000000
00000000
00000000
00000000
00000000
00000000
0000ABB2
00000000
00000000
00000000
00000000
00000000
00000000
00000000
0000ABB2
00000000
00000000
00000000
00000000
00000000
00000000
00000000
0000ABB2
00000000
00000000
00000000
00000000
00000000
00000000
00000000
0000ABB2
00000000
00000000
00000000
00000000
00000000
00000000
00000000
0000ABB2
00000000
00000000
00000000
00000000
00000000
00000000
00000000
0000ABB2
00000000
00000000
00000000
00000000
00000000
00000000
00000000
0000ABB2
00000000
00000000
00000000
00000000
00000000
00000000
00000000
0000ABB2
00000000
00000000
00000000
00000000
00000000
00000000
00000000
0000ABB2
00000000
00000000
00000000
00000000
00000000
00000000
00000000
0000ABB2
00000000
00000000
00000000
00000000
00000000
00000000
00000000
0000ABB2
00000000
00000000
00000000
00000000
00000000
00000000
00000000
0000ABB2
00000000
00000000
00000000
00000000
00000000
00000000
00000000
0000ABB2
00000000
00000000
00000000
00000000
00000000
00000000
00000000
0000ABB2
00000000
00000000
00000000
00000000
00000000
00000000
00000000
0000ABB2
00000000
00000000
00000000
00000000
00000000
00000000
00000000
0000ABB2
00000000
00000000
00000000
00000000
00000000
00000000
00000000
0000ABB2
00000000
00000000
00000000
00000000
00000000
00000000
00000000
0000ABB2
00000000
00000000
00000000
00000000
00000000
00000000
00000000
0000ABB2
00000000
00000000
00000000
00000000
00000000
00000000
00000000
0000ABB2
00000000
00000000
00000000
00000000
00000000
00000000
00000000
0000ABB2
00000000
00000000
00000000
00000000
00000000
00000000
00000000
0000ABB2
00000000
00000000
00000000
00000000
00000000
00000000
00000000
0000ABB2
00000000
00000000
00000000
00000000
00000000
00000000
00000000
0000ABB2
00000000
00000000
00000000
00000000
00000000
00000000
00000000
0000ABB2
00000000
00000000
00000000
00000000
00000000
00000000
00000000
0000ABB2
00000000
00000000
00000000
00000000
00000000
00000000
00000000
0000ABB2
00000000
00000000
00000000
00000000
00000000
00000000
00000000
0000ABB2
00000000
00000000
00000000
00000000
00000000
00000000
00000000
0000ABB2
00000000
00000000
00000000
00000000
00000000
00000000
00000000
0000ABB2
00000000
00000000
00000000
00000000
00000000
00000000
00000000
0000ABB2
00000000
00000000
00000000
00000000
00000000
00000000
00000000
0000ABB2
00000000
00000000
00000000
00000000
00000000
00000000
00000000
0000ABB2
00000000
00000000
00000000
00000000
00000000
00000000
00000000
0000ABB2
00000000
00000000
00000000
00000000
00000000
00000000
00000000
0000ABB2
00000000
00000000
00000000
00000000
00000000
00000000
00000000
0000ABB2
00000000
00000000
00000000
00000000
00000000
00000000
00000000
0000ABB2
00000000
00000000
00000000
00000000
00000000
00000000
00000000
0000ABB2
00000000
00000000
00000000
00000000
00000000
00000000
00000000
0000ABB2
00000000
00000000
00000000
00000000
00000000
00000000
00000000
0000ABB2
00000000
00000000
00000000
00000000
00000000
00000000
00000000
0000ABB2
00000000
00000000
00000000
00000000
00000000
00000000
00000000
0000ABB2
00000000
00000000
00000000
00000000
00000000
00000000
00000000
0000ABB2
00000000
00000000
00000000
00000000
00000000
00000000
00000000
0000ABB2
00000000
00000000
00000000
00000000
00000000
00000000
00000000
0000ABB2
00000000
00000000
00000000
00000000
00000000
00000000
00000000
0000ABB2
00000000
00000000
00000000
00000000
00000000
00000000
00000000
0000ABB2
00000000
00000000
00000000
00000000
00000000
00000000
00000000
0000ABB2
00000000
00000000
00000000
00000000
00000000
00000000
00000000
0000ABB2
00000000
00000000
00000000
00000000
00000000
00000000
00000000
0000ABB2
00000000
00000000
00000000
00000000
00000000
00000000
00000000
0000ABB2
00000000
00000000
00000000
00000000
00000000
00000000
00000000
0000ABB2
00000000
00000000
00000000
00000000
00000000
00000000
00000000
0000ABB2
00000000
00000000
00000000
00000000
00000000
00000000
00000000
0000ABB2
00000000
00000000
00000000
00000000
00000000
00000000
00000000
0000ABB2
00000000
00000000
00000000
00000000
00000000
00000000
00000000
0000ABB2
00000000
00000000
00000000
00000000
00000000
00000000
00000000
0000ABB2
00000000
00000000
00000000
00000000
00000000
00000000
00000000
0000ABB2
00000000
00000000
00000000
00000000
00000000
00000000
00000000
0000ABB2
00000000
00000000
00000000
00000000
00000000
00000000
00000000
0000ABB2
00000000
00000000
00000000
00000000
00000000
00000000
00000000
0000ABB2
00000000
00000000
00000000
00000000
00000000
00000000
00000000
0000ABB2
00000000
00000000
00000000
00000000
00000000
00000000
00000000
0000ABB2
00000000
00000000
00000000
00000000
00000000
00000000
00000000
0000ABB2
00000000
00000000
00000000
00000000
00000000
00000000
00000000
0000ABB2
00000000
00000000
00000000
00000000
00000000
00000000
00000000
0000ABB2
00000000
00000000
00000000
00000000
00000000
00000000
00000000
0000ABB2
00000000
00000000
00000000
00000000
00000000
00000000
00000000
0000ABB2
00000000
00000000
00000000
00000000
00000000
00000000
00000000
0000ABB2
00000000
00000000
00000000
00000000
00000000
00000000
00000000
0000ABB2
00000000
00000000
00000000
00000000
00000000
00000000
00000000
0000ABB2
00000000
00000000
00000000
00000000
00000000
00000000
00000000
0000ABB2
00000000
00000000
00000000
00000000
00000000
00000000
00000000
0000ABB2
00000000
00000000
00000000
00000000
00000000
00000000
00000000
0000ABB2
00000000
00000000
00000000
00000000
00000000
00000000
00000000
0000ABB2
00000000
00000000
00000000
00000000
00000000
00000000
00000000
0000ABB2
00000000
00000000
00000000
00000000
00000000
00000000
00000000
0000ABB2
00000000
00000000
00000000
00000000
00000000
00000000
00000000
0000ABB2
00000000
00000000
00000000
00000000
00000000
00000000
00000000
0000ABB2
00000000
00000000
00000000
00000000
00000000
00000000
00000000
0000ABB2
00000000
00000000
00000000
00000000
00000000
00000000
00000000
0000ABB2
00000000
00000000
00000000
00000000
00000000
00000000
00000000
0000ABB2
00000000
00000000
00000000
00000000
00000000
00000000
00000000
0000ABB2
00000000
00000000
00000000
00000000
00000000
00000000
00000000
0000ABB2
00000000
00000000
00000000
00000000
00000000
00000000
00000000
0000ABB2
00000000
00000000
00000000
00000000
00000000
00000000
00000000
0000ABB2
00000000
00000000
00000000
00000000
00000000
00000000
00000000
0000ABB2
00000000
00000000
00000000
00000000
00000000
00000000
00000000
0000ABB2
00000000
00000000
00000000
00000000
00000000
00000000
00000000
0000ABB2
00000000
00000000
00000000
00000000
00000000
00000000
00000000
0000ABB2
00000000
00000000
00000000
00000000
00000000
00000000
00000000
0000ABB2
00000000
00000000
00000000
00000000
00000000
00000000
00000000
0000ABB2
00000000
00000000
00000000
00000000
00000000
00000000
00000000
0000ABB2
00000000
00000000
00000000
00000000
00000000
00000000
00000000
0000ABB2
00000000
00000000
00000000
00000000
00000000
00000000
00000000
0000ABB2
00000000
00000000
00000000
00000000
00000000
00000000
00000000
0000ABB2
00000000
00000000
00000000
00000000
00000000
00000000
00000000
0000ABB2
00000000
00000000
00000000
00000000
00000000
00000000
00000000
0000ABB2
00000000
00000000
00000000
00000000
00000000
00000000
00000000
0000ABB2
00000000
00000000
00000000
00000000
00000000
00000000
00000000
0000ABB2
00000000
00000000
00000000
00000000
00000000
00000000
00000000
0000ABB2
00000000
00000000
00000000
00000000
00000000
00000000
00000000
0000ABB2
00000000
00000000
00000000
00000000
00000000
00000000
00000000
0000ABB2
00000000
00000000
00000000
00000000
00000000
00000000
00000000
0000ABB2
00000000
00000000
00000000
00000000
00000000
00000000
00000000
0000ABB2
00000000
00000000
00000000
00000000
00000000
00000000
00000000
0000ABB2
00000000
00000000
00000000
00000000
00000000
00000000
00000000
0000ABB2
00000000
00000000
00000000
00000000
00000000
00000000
00000000
0000ABB2
00000000
00000000
00000000
00000000
00000000
00000000
00000000
0000ABB2
00000000
00000000
00000000
00000000
00000000
00000000
00000000
0000ABB2
00000000
00000000
00000000
00000000
00000000
00000000
00000000
0000ABB2
00000000
00000000
00000000
00000000
00000000
00000000
00000000
0000ABB2
00000000
00000000
00000000
00000000
00000000
00000000
00000000
0000ABB2
00000000
00000000
00000000
00000000
00000000
00000000
00000000
0000ABB2
00000000
00000000
00000000
00000000
00000000
00000000
00000000
0000ABB2
00000000
00000000
00000000
00000000
00000000
00000000
00000000
0000ABB2
00000000
00000000
00000000
00000000
00000000
00000000
00000000
0000ABB2
00000000
00000000
00000000
00000000
00000000
00000000
00000000
0000ABB2
00000000
00000000
00000000
00000000
00000000
00000000
00000000
0000ABB2
00000000
00000000
00000000
00000000
00000000
00000000
00000000
0000ABB2
00000000
00000000
00000000
00000000
00000000
00000000
00000000
0000ABB2
00000000
00000000
00000000
00000000
00000000
00000000
00000000
0000ABB2
00000000
00000000
00000000
00000000
00000000
00000000
00000000
0000ABB2
00000000
00000000
00000000
00000000
00000000
00000000
00000000
0000ABB2
00000000
00000000
00000000
00000000
00000000
00000000
00000000
0000ABB2
00000000
00000000
00000000
00000000
00000000
00000000
00000000
0000ABB2
00000000
00000000
00000000
00000000
00000000
00000000
00000000
0000ABB2
00000000
00000000
00000000
00000000
00000000
00000000
00000000
0000ABB2
00000000
00000000
00000000
00000000
00000000
00000000
00000000
0000ABB2
00000000
00000000
00000000
00000000
00000000
00000000
00000000
0000ABB2
00000000
00000000
00000000
00000000
00000000
00000000
00000000
0000ABB2
00000000
00000000
00000000
00000000
00000000
00000000
00000000
0000ABB2
00000000
00000000
00000000
00000000
00000000
00000000
00000000
0000ABB2
00000000
00000000
00000000
00000000
00000000
00000000
00000000
0000ABB2
00000000
00000000
00000000
00000000
00000000
00000000
00000000
0000ABB2
00000000
00000000
00000000
00000000
00000000
00000000
00000000
0000ABB2
00000000
00000000
00000000
00000000
00000000
00000000
00000000
0000ABB2
00000000
00000000
00000000
00000000
00000000
00000000
00000000
0000ABB2
00000000
00000000
00000000
00000000
00000000
00000000
00000000
0000ABB2
00000000
00000000
00000000
00000000
00000000
00000000
00000000
0000ABB2
00000000
00000000
00000000
00000000
00000000
00000000
00000000
0000ABB2
00000000
00000000
00000000
00000000
00000000
00000000
00000000
0000ABB2
00000000
00000000
00000000
00000000
00000000
00000000
00000000
0000ABB2
00000000
00000000
00000000
00000000
00000000
00000000
00000000
0000ABB2
00000000
00000000
00000000
00000000
00000000
00000000
00000000
0000ABB2
00000000
00000000
00000000
00000000
00000000
00000000
00000000
0000ABB2
00000000
00000000
00000000
00000000
00000000
00000000
00000000
0000ABB2
00000000
00000000
00000000
00000000
00000000
00000000
00000000
0000ABB2
00000000
00000000
00000000
00000000
00000000
00000000
00000000
0000ABB2
00000000
00000000
00000000
00000000
00000000
00000000
00000000
0000ABB2
00000000
00000000
00000000
00000000
00000000
00000000
00000000
0000ABB2
00000000
00000000
00000000
00000000
00000000
00000000
00000000
0000ABB2
00000000
00000000
00000000
00000000
00000000
00000000
00000000
0000ABB2
00000000
00000000
00000000
00000000
00000000
00000000
00000000
0000ABB2
00000000
00000000
00000000
00000000
00000000
00000000
00000000
0000ABB2
00000000
00000000
00000000
00000000
00000000
00000000
00000000
0000ABB2
00000000
00000000
00000000
00000000
00000000
00000000
00000000
0000ABB2
00000000
00000000
00000000
00000000
00000000
00000000
00000000
0000ABB2
00000000
00000000
00000000
00000000
00000000
00000000
00000000
0000ABB2
00000000
00000000
00000000
00000000
00000000
00000000
00000000
0000ABB2
00000000
00000000
00000000
00000000
00000000
00000000
00000000
0000ABB2
00000000
00000000
00000000
00000000
00000000
00000000
00000000
0000ABB2
00000000
00000000
00000000
00000000
00000000
00000000
00000000
0000ABB2
00000000
00000000
00000000
00000000
00000000
00000000
00000000
0000ABB2
00000000
00000000
00000000
00000000
00000000
00000000
00000000
0000ABB2
00000000
00000000
00000000
00000000
00000000
00000000
00000000
0000ABB2
00000000
00000000
00000000
00000000
00000000
00000000
00000000
0000ABB2
00000000
00000000
00000000
00000000
00000000
00000000
00000000
0000ABB2
00000000
00000000
00000000
00000000
00000000
00000000
00000000
0000ABB2
00000000
00000000
00000000
00000000
00000000
00000000
00000000
0000ABB2
00000000
00000000
00000000
00000000
00000000
00000000
00000000
0000ABB2
00000000
00000000
00000000
00000000
00000000
00000000
00000000
0000ABB2
00000000
00000000
00000000
00000000
00000000
00000000
00000000
0000ABB2
00000000
00000000
00000000
00000000
00000000
00000000
00000000
0000ABB2
00000000
00000000
00000000
00000000
00000000
00000000
00000000
0000ABB2
00000000
00000000
00000000
00000000
00000000
00000000
00000000
0000ABB2
00000000
00000000
00000000
00000000
00000000
00000000
00000000
0000ABB2
00000000
00000000
00000000
00000000
00000000
00000000
00000000
0000ABB2
00000000
00000000
00000000
00000000
00000000
00000000
00000000
0000ABB2
00000000
00000000
00000000
00000000
00000000
00000000
00000000
0000ABB2
00000000
00000000
00000000
00000000
00000000
00000000
00000000
0000ABB2
00000000
00000000
00000000
00000000
00000000
00000000
00000000
0000ABB2
00000000
00000000
00000000
00000000
00000000
00000000
00000000
0000ABB2
00000000
00000000
00000000
00000000
00000000
00000000
00000000
0000ABB2
00000000
00000000
00000000
00000000
00000000
00000000
00000000
0000ABB2
00000000
00000000
00000000
00000000
00000000
00000000
00000000
0000ABB2
00000000
00000000
00000000
00000000
00000000
00000000
00000000
0000ABB2
00000000
00000000
00000000
00000000
00000000
00000000
00000000
0000ABB2
00000000
00000000
00000000
00000000
00000000
00000000
00000000
0000ABB2
00000000
00000000
00000000
00000000
00000000
00000000
00000000
0000ABB2
00000000
00000000
00000000
00000000
00000000
00000000
00000000
0000ABB2
00000000
00000000
00000000
00000000
00000000
00000000
00000000
0000ABB2
00000000
00000000
00000000
00000000
00000000
00000000
00000000
0000ABB2
00000000
00000000
00000000
00000000
00000000
00000000
00000000
0000ABB2
00000000
00000000
00000000
00000000
00000000
00000000
00000000
0000ABB2
00000000
00000000
00000000
00000000
00000000
00000000
00000000
0000ABB2
00000000
00000000
00000000
00000000
00000000
00000000
00000000
0000ABB2
00000000
00000000
00000000
00000000
00000000
00000000
00000000
0000ABB2
00000000
00000000
00000000
00000000
00000000
00000000
00000000
0000ABB2
00000000
00000000
00000000
00000000
00000000
00000000
00000000
0000ABB2
00000000
00000000
00000000
00000000
00000000
00000000
00000000
0000ABB2
00000000
00000000
00000000
00000000
00000000
00000000
00000000
0000ABB2
00000000
00000000
00000000
00000000
00000000
00000000
00000000
0000ABB2
00000000
00000000
00000000
00000000
00000000
00000000
00000000
0000ABB2
00000000
00000000
00000000
00000000
00000000
00000000
00000000
0000ABB2
00000000
00000000
00000000
00000000
00000000
00000000
00000000
0000ABB2
00000000
00000000
00000000
00000000
00000000
00000000
00000000
0000ABB2
00000000
00000000
00000000
00000000
00000000
00000000
00000000
0000ABB2
00000000
00000000
00000000
00000000
00000000
00000000
00000000
0000ABB2
00000000
00000000
00000000
00000000
00000000
00000000
00000000
0000ABB2
00000000
00000000
00000000
00000000
00000000
00000000
00000000
0000ABB2
00000000
00000000
00000000
00000000
00000000
00000000
00000000
0000ABB2
00000000
00000000
00000000
00000000
00000000
00000000
00000000
0000ABB2
00000000
00000000
00000000
00000000
00000000
00000000
00000000
0000ABB2
00000000
00000000
00000000
00000000
00000000
00000000
00000000
0000ABB2
00000000
00000000
00000000
00000000
00000000
00000000
00000000
0000ABB2
00000000
00000000
00000000
00000000
00000000
00000000
00000000
0000ABB2
00000000
00000000
00000000
00000000
00000000
00000000
00000000
0000ABB2
00000000
00000000
00000000
00000000
00000000
00000000
00000000
0000ABB2
00000000
00000000
00000000
00000000
00000000
00000000
00000000
0000ABB2
00000000
00000000
00000000
00000000
00000000
00000000
00000000
0000ABB2
00000000
00000000
00000000
00000000
00000000
00000000
00000000
0000ABB2
00000000
00000000
00000000
00000000
00000000
00000000
00000000
0000ABB2
00000000
00000000
00000000
00000000
00000000
00000000
00000000
0000ABB2
00000000
00000000
00000000
00000000
00000000
00000000
00000000
0000ABB2
00000000
00000000
00000000
00000000
00000000
00000000
00000000
0000ABB2
00000000
00000000
00000000
00000000
00000000
00000000
00000000
0000ABB2
00000000
00000000
00000000
00000000
00000000
00000000
00000000
0000ABB2
00000000
00000000
00000000
00000000
00000000
00000000
00000000
0000ABB2
00000000
00000000
00000000
00000000
00000000
00000000
00000000
0000ABB2
00000000
00000000
00000000
00000000
00000000
00000000
00000000
0000ABB2
00000000
00000000
00000000
00000000
00000000
00000000
00000000
0000ABB2
00000000
00000000
00000000
00000000
00000000
00000000
00000000
0000ABB2
00000000
00000000
00000000
00000000
00000000
00000000
00000000
0000ABB2
00000000
00000000
00000000
00000000
00000000
00000000
00000000
0000ABB2
00000000
00000000
00000000
00000000
00000000
00000000
00000000
0000ABB2
00000000
00000000
00000000
00000000
00000000
00000000
00000000
0000ABB2
00000000
00000000
00000000
00000000
00000000
00000000
00000000
0000ABB2
00000000
00000000
00000000
00000000
00000000
00000000
00000000
0000ABB2
00000000
00000000
00000000
00000000
00000000
00000000
00000000
0000ABB2
00000000
00000000
00000000
00000000
00000000
00000000
00000000
0000ABB2
00000000
00000000
00000000
00000000
00000000
00000000
00000000
0000ABB2
00000000
00000000
00000000
00000000
00000000
00000000
00000000
0000ABB2
00000000
00000000
00000000
00000000
00000000
00000000
00000000
0000ABB2
00000000
00000000
00000000
00000000
00000000
00000000
00000000
0000ABB2
00000000
00000000
00000000
00000000
00000000
00000000
00000000
0000ABB2
00000000
00000000
00000000
00000000
00000000
00000000
00000000
0000ABB2
00000000
00000000
00000000
00000000
00000000
00000000
00000000
0000ABB2
00000000
00000000
00000000
00000000
00000000
00000000
00000000
0000ABB2
00000000
00000000
00000000
00000000
00000000
00000000
00000000
0000ABB2
00000000
00000000
00000000
00000000
00000000
00000000
00000000
0000ABB2
00000000
00000000
00000000
00000000
00000000
00000000
00000000
0000ABB2
00000000
00000000
00000000
00000000
00000000
00000000
00000000
0000ABB2
00000000
00000000
00000000
00000000
00000000
00000000
00000000
0000ABB2
00000000
00000000
00000000
00000000
00000000
00000000
00000000
0000ABB2
00000000
00000000
00000000
00000000
00000000
00000000
00000000
0000ABB2
00000000
00000000
00000000
00000000
00000000
00000000
00000000
0000ABB2
00000000
00000000
00000000
00000000
00000000
00000000
00000000
0000ABB2
00000000
00000000
00000000
00000000
00000000
00000000
00000000
0000ABB2
00000000
00000000
00000000
00000000
00000000
00000000
00000000
0000ABB2
00000000
00000000
00000000
00000000
00000000
00000000
00000000
0000ABB2
00000000
00000000
00000000
00000000
00000000
00000000
00000000
0000ABB2
00000000
00000000
00000000
00000000
00000000
00000000
00000000
0000ABB2
00000000
00000000
00000000
00000000
00000000
00000000
00000000
0000ABB2
00000000
00000000
00000000
00000000
00000000
00000000
00000000
0000ABB2
00000000
00000000
00000000
00000000
00000000
00000000
00000000
0000ABB2
00000000
00000000
00000000
00000000
00000000
00000000
00000000
0000ABB2
00000000
00000000
00000000
00000000
00000000
00000000
00000000
0000ABB2
00000000
00000000
00000000
00000000
00000000
00000000
00000000
0000ABB2
00000000
00000000
00000000
00000000
00000000
00000000
00000000
0000ABB2
00000000
00000000
00000000
00000000
00000000
00000000
00000000
0000ABB2
00000000
00000000
00000000
00000000
00000000
00000000
00000000
0000ABB2
00000000
00000000
00000000
00000000
00000000
00000000
00000000
0000ABB2
00000000
00000000
00000000
00000000
00000000
00000000
00000000
0000ABB2
00000000
00000000
00000000
00000000
00000000
00000000
00000000
0000ABB2
00000000
00000000
00000000
00000000
00000000
00000000
00000000
0000ABB2
00000000
00000000
00000000
00000000
00000000
00000000
00000000
0000ABB2
00000000
00000000
00000000
00000000
00000000
00000000
00000000
0000ABB2
00000000
00000000
00000000
00000000
00000000
00000000
00000000
0000ABB2
00000000
00000000
00000000
00000000
00000000
00000000
00000000
0000ABB2
00000000
00000000
00000000
00000000
00000000
00000000
00000000
0000ABB2
00000000
00000000
00000000
00000000
00000000
00000000
00000000
0000ABB2
00000000
00000000
00000000
00000000
00000000
00000000
00000000
0000ABB2
00000000
00000000
00000000
00000000
00000000
00000000
00000000
0000ABB2
00000000
00000000
00000000
00000000
00000000
00000000
00000000
0000ABB2
00000000
00000000
00000000
00000000
00000000
00000000
00000000
0000ABB2
00000000
00000000
00000000
00000000
00000000
00000000
00000000
0000ABB2
00000000
00000000
00000000
00000000
00000000
00000000
00000000
0000ABB2
00000000
00000000
00000000
00000000
00000000
00000000
00000000
0000ABB2
00000000
00000000
00000000
00000000
00000000
00000000
00000000
0000ABB2
00000000
00000000
00000000
00000000
00000000
00000000
00000000
0000ABB2
00000000
00000000
00000000
00000000
00000000
00000000
00000000
0000ABB2
00000000
00000000
00000000
00000000
00000000
00000000
00000000
0000ABB2
00000000
00000000
00000000
00000000
00000000
00000000
00000000
0000ABB2
00000000
00000000
00000000
00000000
00000000
00000000
00000000
0000ABB2
00000000
00000000
00000000
00000000
00000000
00000000
00000000
0000ABB2
00000000
00000000
00000000
00000000
00000000
00000000
00000000
0000ABB2
00000000
00000000
00000000
00000000
00000000
00000000
00000000
0000ABB2
00000000
00000000
00000000
00000000
00000000
00000000
00000000
0000ABB2
00000000
00000000
00000000
00000000
00000000
00000000
00000000
0000ABB2
00000000
00000000
00000000
00000000
00000000
00000000
00000000
0000ABB2
00000000
00000000
00000000
00000000
00000000
00000000
00000000
0000ABB2
00000000
00000000
00000000
00000000
00000000
00000000
00000000
0000ABB2
00000000
00000000
00000000
00000000
00000000
00000000
00000000
0000ABB2
00000000
00000000
00000000
00000000
00000000
00000000
00000000
0000ABB2
00000000
00000000
00000000
00000000
00000000
00000000
00000000
0000ABB2
00000000
00000000
00000000
00000000
00000000
00000000
00000000
0000ABB2
00000000
00000000
00000000
00000000
00000000
00000000
00000000
0000ABB2
00000000
00000000
00000000
00000000
00000000
00000000
00000000
0000ABB2
00000000
00000000
00000000
00000000
00000000
00000000
00000000
0000ABB2
00000000
00000000
00000000
00000000
00000000
00000000
00000000
0000ABB2
00000000
00000000
00000000
00000000
00000000
00000000
00000000
0000ABB2
00000000
00000000
00000000
00000000
00000000
00000000
00000000
0000ABB2
00000000
00000000
00000000
00000000
00000000
00000000
00000000
0000ABB2
00000000
00000000
00000000
00000000
00000000
00000000
00000000
0000ABB2
00000000
00000000
00000000
00000000
00000000
00000000
00000000
0000ABB2
00000000
00000000
00000000
00000000
00000000
00000000
00000000
0000ABB2
00000000
00000000
00000000
00000000
00000000
00000000
00000000
0000ABB2
00000000
00000000
00000000
00000000
00000000
00000000
00000000
0000ABB2
00000000
00000000
00000000
00000000
00000000
00000000
00000000
0000ABB2
00000000
00000000
00000000
00000000
00000000
00000000
00000000
0000ABB2
00000000
00000000
00000000
00000000
00000000
00000000
00000000
0000ABB2
00000000
00000000
00000000
00000000
00000000
00000000
00000000
0000ABB2
00000000
00000000
00000000
00000000
00000000
00000000
00000000
0000ABB2
00000000
00000000
00000000
00000000
00000000
00000000
00000000
0000ABB2
00000000
00000000
00000000
00000000
00000000
00000000
00000000
0000ABB2
00000000
00000000
00000000
00000000
00000000
00000000
00000000
0000ABB2
00000000
00000000
00000000
00000000
00000000
00000000
00000000
0000ABB2
00000000
00000000
00000000
00000000
00000000
00000000
00000000
0000ABB2
00000000
00000000
00000000
00000000
00000000
00000000
00000000
0000ABB2
00000000
00000000
00000000
00000000
00000000
00000000
00000000
0000ABB2
00000000
00000000
00000000
00000000
00000000
00000000
00000000
0000ABB2
00000000
00000000
00000000
00000000
00000000
00000000
00000000
0000ABB2
00000000
00000000
00000000
00000000
00000000
00000000
00000000
0000ABB2
00000000
00000000
00000000
00000000
00000000
00000000
00000000
0000ABB2
00000000
00000000
00000000
00000000
00000000
00000000
00000000
0000ABB2
00000000
00000000
00000000
00000000
00000000
00000000
00000000
0000ABB2
00000000
00000000
00000000
00000000
00000000
00000000
00000000
0000ABB2
00000000
00000000
00000000
00000000
00000000
00000000
00000000
0000ABB2
00000000
00000000
00000000
00000000
00000000
00000000
00000000
0000ABB2
00000000
00000000
00000000
00000000
00000000
00000000
00000000
0000ABB2
00000000
00000000
00000000
00000000
00000000
00000000
00000000
0000ABB2
00000000
00000000
00000000
00000000
00000000
00000000
00000000
0000ABB2
00000000
00000000
00000000
00000000
00000000
00000000
00000000
0000ABB2
00000000
00000000
00000000
00000000
00000000
00000000
00000000
0000ABB2
00000000
00000000
00000000
00000000
00000000
00000000
00000000
0000ABB2
00000000
00000000
00000000
00000000
00000000
00000000
00000000
0000ABB2
00000000
00000000
00000000
00000000
00000000
00000000
00000000
0000ABB2
00000000
00000000
00000000
00000000
00000000
00000000
00000000
0000ABB2
00000000
00000000
00000000
00000000
00000000
00000000
00000000
0000ABB2
00000000
00000000
00000000
00000000
00000000
00000000
00000000
0000ABB2
00000000
00000000
00000000
00000000
00000000
00000000
00000000
0000ABB2
00000000
00000000
00000000
00000000
00000000
00000000
00000000
0000ABB2
00000000
00000000
00000000
00000000
00000000
00000000
00000000
0000ABB2
00000000
00000000
00000000
00000000
00000000
00000000
00000000
0000ABB2
00000000
00000000
00000000
00000000
00000000
00000000
00000000
0000ABB2
00000000
00000000
00000000
00000000
00000000
00000000
00000000
0000ABB2
00000000
00000000
00000000
00000000
00000000
00000000
00000000
0000ABB2
00000000
00000000
00000000
00000000
00000000
00000000
00000000
0000ABB2
00000000
00000000
00000000
00000000
00000000
00000000
00000000
0000ABB2
00000000
00000000
00000000
00000000
00000000
00000000
00000000
0000ABB2
00000000
00000000
00000000
00000000
00000000
00000000
00000000
0000ABB2
00000000
00000000
00000000
00000000
00000000
00000000
00000000
0000ABB2
00000000
00000000
00000000
00000000
00000000
00000000
00000000
0000ABB2
00000000
00000000
00000000
00000000
00000000
00000000
00000000
0000ABB2
00000000
00000000
00000000
00000000
00000000
00000000
00000000
0000ABB2
00000000
00000000
00000000
00000000
00000000
00000000
00000000
0000ABB2
00000000
00000000
00000000
00000000
00000000
00000000
00000000
0000ABB2
00000000
00000000
00000000
00000000
00000000
00000000
00000000
0000ABB2
00000000
00000000
00000000
00000000
00000000
00000000
00000000
0000ABB2
00000000
00000000
00000000
00000000
00000000
00000000
00000000
0000ABB2
00000000
00000000
00000000
00000000
00000000
00000000
00000000
0000ABB2
00000000
00000000
00000000
00000000
00000000
00000000
00000000
0000ABB2
00000000
00000000
00000000
00000000
00000000
00000000
00000000
0000ABB2
00000000
00000000
00000000
00000000
00000000
00000000
00000000
0000ABB2
00000000
00000000
00000000
00000000
00000000
00000000
00000000
0000ABB2
00000000
00000000
00000000
00000000
00000000
00000000
00000000
0000ABB2
00000000
00000000
00000000
00000000
00000000
00000000
00000000
0000ABB2
00000000
00000000
00000000
00000000
00000000
00000000
00000000
0000ABB2
00000000
00000000
00000000
00000000
00000000
00000000
00000000
0000ABB2
00000000
00000000
00000000
00000000
00000000
00000000
00000000
0000ABB2
00000000
00000000
00000000
00000000
00000000
00000000
00000000
0000ABB2
00000000
00000000
00000000
00000000
00000000
00000000
00000000
0000ABB2
00000000
00000000
00000000
00000000
00000000
00000000
00000000
0000ABB2
00000000
00000000
00000000
00000000
00000000
00000000
00000000
0000ABB2
00000000
00000000
00000000
00000000
00000000
00000000
00000000
0000ABB2
00000000
00000000
00000000
00000000
00000000
00000000
00000000
0000ABB2
00000000
00000000
00000000
00000000
00000000
00000000
00000000
0000ABB2
00000000
00000000
00000000
00000000
00000000
00000000
00000000
0000ABB2
00000000
00000000
00000000
00000000
00000000
00000000
00000000
0000ABB2
00000000
00000000
00000000
00000000
00000000
00000000
00000000
0000ABB2
00000000
00000000
00000000
00000000
00000000
00000000
00000000
0000ABB2
00000000
00000000
00000000
00000000
00000000
00000000
00000000
0000ABB2
00000000
00000000
00000000
00000000
00000000
00000000
00000000
0000ABB2
00000000
00000000
00000000
00000000
00000000
00000000
00000000
0000ABB2
00000000
00000000
00000000
00000000
00000000
00000000
00000000
0000ABB2
00000000
00000000
00000000
00000000
00000000
00000000
00000000
0000ABB2
00000000
00000000
00000000
00000000
00000000
00000000
00000000
0000ABB2
00000000
00000000
00000000
00000000
00000000
00000000
00000000
0000ABB2
00000000
00000000
00000000
00000000
00000000
00000000
00000000
0000ABB2
00000000
00000000
00000000
00000000
00000000
00000000
00000000
0000ABB2
00000000
00000000
00000000
00000000
00000000
00000000
00000000
0000ABB2
00000000
00000000
00000000
00000000
00000000
00000000
00000000
0000ABB2
00000000
00000000
00000000
00000000
00000000
00000000
00000000
0000ABB2
00000000
00000000
00000000
00000000
00000000
00000000
00000000
0000ABB2
00000000
00000000
00000000
00000000
00000000
00000000
00000000
0000ABB2
00000000
00000000
00000000
00000000
00000000
00000000
00000000
0000ABB2
00000000
00000000
00000000
00000000
00000000
00000000
00000000
0000ABB2
00000000
00000000
00000000
00000000
00000000
00000000
00000000
0000ABB2
00000000
00000000
00000000
00000000
00000000
00000000
00000000
0000ABB2
00000000
00000000
00000000
00000000
00000000
00000000
00000000
0000ABB2
00000000
00000000
00000000
00000000
00000000
00000000
00000000
0000ABB2
00000000
00000000
00000000
00000000
00000000
00000000
00000000
0000ABB2
00000000
00000000
00000000
00000000
00000000
00000000
00000000
0000ABB2
00000000
00000000
00000000
00000000
00000000
00000000
00000000
0000ABB2
00000000
00000000
00000000
00000000
00000000
00000000
00000000
0000ABB2
00000000
00000000
00000000
00000000
00000000
00000000
00000000
0000ABB2
00000000
00000000
00000000
00000000
00000000
00000000
00000000
0000ABB2
00000000
00000000
00000000
00000000
00000000
00000000
00000000
0000ABB2
00000000
00000000
00000000
00000000
00000000
00000000
00000000
0000ABB2
00000000
00000000
00000000
00000000
00000000
00000000
00000000
0000ABB2
00000000
00000000
00000000
00000000
00000000
00000000
00000000
0000ABB2
00000000
00000000
00000000
00000000
00000000
00000000
00000000
0000ABB2
00000000
00000000
00000000
00000000
00000000
00000000
00000000
0000ABB2
00000000
00000000
00000000
00000000
00000000
00000000
00000000
0000ABB2
00000000
00000000
00000000
00000000
00000000
00000000
00000000
0000ABB2
00000000
00000000
00000000
00000000
00000000
00000000
00000000
0000ABB2
00000000
00000000
00000000
00000000
00000000
00000000
00000000
0000ABB2
00000000
00000000
00000000
00000000
00000000
00000000
00000000
0000ABB2
00000000
00000000
00000000
00000000
00000000
00000000
00000000
0000ABB2
00000000
00000000
00000000
00000000
00000000
00000000
00000000
0000ABB2
00000000
00000000
00000000
00000000
00000000
00000000
00000000
0000ABB2
00000000
00000000
00000000
00000000
00000000
00000000
00000000
0000ABB2
00000000
00000000
00000000
00000000
00000000
00000000
00000000
0000ABB2
00000000
00000000
00000000
00000000
00000000
00000000
00000000
0000ABB2
00000000
00000000
00000000
00000000
00000000
00000000
00000000
0000ABB2
00000000
00000000
00000000
00000000
00000000
00000000
00000000
0000ABB2
00000000
00000000
00000000
00000000
00000000
00000000
00000000
0000ABB2
00000000
00000000
00000000
00000000
00000000
00000000
00000000
0000ABB2
00000000
00000000
00000000
00000000
00000000
00000000
00000000
0000ABB2
00000000
00000000
00000000
00000000
00000000
00000000
00000000
0000ABB2
00000000
00000000
00000000
00000000
00000000
00000000
00000000
0000ABB2
00000000
00000000
00000000
00000000
00000000
00000000
00000000
0000ABB2
00000000
00000000
00000000
00000000
00000000
00000000
00000000
0000ABB2
00000000
00000000
00000000
00000000
00000000
00000000
00000000
0000ABB2
00000000
00000000
00000000
00000000
00000000
00000000
00000000
0000ABB2
00000000
00000000
00000000
00000000
00000000
00000000
00000000
0000ABB2
00000000
00000000
00000000
00000000
00000000
00000000
00000000
0000ABB2
00000000
00000000
00000000
00000000
00000000
00000000
00000000
0000ABB2
00000000
00000000
00000000
00000000
00000000
00000000
00000000
0000ABB2
00000000
00000000
00000000
00000000
00000000
00000000
00000000
0000ABB2
00000000
00000000
00000000
00000000
00000000
00000000
00000000
0000ABB2
00000000
00000000
00000000
00000000
00000000
00000000
00000000
0000ABB2
00000000
00000000
00000000
00000000
00000000
00000000
00000000
0000ABB2
00000000
00000000
00000000
00000000
00000000
00000000
00000000
0000ABB2
00000000
00000000
00000000
00000000
00000000
00000000
00000000
0000ABB2
00000000
00000000
00000000
00000000
00000000
00000000
00000000
0000ABB2
00000000
00000000
00000000
00000000
00000000
00000000
00000000
0000ABB2
00000000
00000000
00000000
00000000
00000000
00000000
00000000
0000ABB2
00000000
00000000
00000000
00000000
00000000
00000000
00000000
0000ABB2
00000000
00000000
00000000
00000000
00000000
00000000
00000000
0000ABB2
00000000
00000000
00000000
00000000
00000000
00000000
00000000
0000ABB2
00000000
00000000
00000000
00000000
00000000
00000000
00000000
0000ABB2
00000000
00000000
00000000
00000000
00000000
00000000
00000000
0000ABB2
00000000
00000000
00000000
00000000
00000000
00000000
00000000
0000ABB2
00000000
00000000
00000000
00000000
00000000
00000000
00000000
0000ABB2
00000000
00000000
00000000
00000000
00000000
00000000
00000000
0000ABB2
00000000
00000000
00000000
00000000
00000000
00000000
00000000
0000ABB2
00000000
00000000
00000000
00000000
00000000
00000000
00000000
0000ABB2
00000000
00000000
00000000
00000000
00000000
00000000
00000000
0000ABB2
00000000
00000000
00000000
00000000
00000000
00000000
00000000
0000ABB2
00000000
00000000
00000000
00000000
00000000
00000000
00000000
0000ABB2
00000000
00000000
00000000
00000000
00000000
00000000
00000000
0000ABB2
00000000
00000000
00000000
00000000
00000000
00000000
00000000
0000ABB2
00000000
00000000
00000000
00000000
00000000
00000000
00000000
0000ABB2
00000000
00000000
00000000
00000000
00000000
00000000
00000000
0000ABB2
00000000
00000000
00000000
00000000
00000000
00000000
00000000
0000ABB2
00000000
00000000
00000000
00000000
00000000
00000000
00000000
0000ABB2
00000000
00000000
00000000
00000000
00000000
00000000
00000000
0000ABB2
00000000
00000000
00000000
00000000
00000000
00000000
00000000
0000ABB2
00000000
00000000
00000000
00000000
00000000
00000000
00000000
0000ABB2
00000000
00000000
00000000
00000000
00000000
00000000
00000000
0000ABB2
00000000
00000000
00000000
00000000
00000000
00000000
00000000
0000ABB2
00000000
00000000
00000000
00000000
00000000
00000000
00000000
0000ABB2
00000000
00000000
00000000
00000000
00000000
00000000
00000000
0000ABB2
00000000
00000000
00000000
00000000
00000000
00000000
00000000
0000ABB2
00000000
00000000
00000000
00000000
00000000
00000000
00000000
0000ABB2
00000000
00000000
00000000
00000000
00000000
00000000
00000000
0000ABB2
00000000
00000000
00000000
00000000
00000000
00000000
00000000
0000ABB2
00000000
00000000
00000000
00000000
00000000
00000000
00000000
0000ABB2
00000000
00000000
00000000
00000000
00000000
00000000
00000000
0000ABB2
00000000
00000000
00000000
00000000
00000000
00000000
00000000
0000ABB2
00000000
00000000
00000000
00000000
00000000
00000000
00000000
0000ABB2
00000000
00000000
00000000
00000000
00000000
00000000
00000000
0000ABB2
00000000
00000000
00000000
00000000
00000000
00000000
00000000
0000ABB2
00000000
00000000
00000000
00000000
00000000
00000000
00000000
0000ABB2
00000000
00000000
00000000
00000000
00000000
00000000
00000000
0000ABB2
00000000
00000000
00000000
00000000
00000000
00000000
00000000
0000ABB2
00000000
00000000
00000000
00000000
00000000
00000000
00000000
0000ABB2
00000000
00000000
00000000
00000000
00000000
00000000
00000000
0000ABB2
00000000
00000000
00000000
00000000
00000000
00000000
00000000
0000ABB2
00000000
00000000
00000000
00000000
00000000
00000000
00000000
0000ABB2
00000000
00000000
00000000
00000000
00000000
00000000
00000000
0000ABB2
00000000
00000000
00000000
00000000
00000000
00000000
00000000
0000ABB2
00000000
00000000
00000000
00000000
00000000
00000000
00000000
0000ABB2
00000000
00000000
00000000
00000000
00000000
00000000
00000000
0000ABB2
00000000
00000000
00000000
00000000
00000000
00000000
00000000
0000ABB2
00000000
00000000
00000000
00000000
00000000
00000000
00000000
0000ABB2
00000000
00000000
00000000
00000000
00000000
00000000
00000000
0000ABB2
00000000
00000000
00000000
00000000
00000000
00000000
00000000
0000ABB2
00000000
00000000
00000000
00000000
00000000
00000000
00000000
0000ABB2
00000000
00000000
00000000
00000000
00000000
00000000
00000000
0000ABB2
00000000
00000000
00000000
00000000
00000000
00000000
00000000
0000ABB2
00000000
00000000
00000000
00000000
00000000
00000000
00000000
0000ABB2
00000000
00000000
00000000
00000000
00000000
00000000
00000000
0000ABB2
00000000
00000000
00000000
00000000
00000000
00000000
00000000
0000ABB2
00000000
00000000
00000000
00000000
00000000
00000000
00000000
0000ABB2
00000000
00000000
00000000
00000000
00000000
00000000
00000000
0000ABB2
00000000
00000000
00000000
00000000
00000000
00000000
00000000
0000ABB2
00000000
00000000
00000000
00000000
00000000
00000000
00000000
0000ABB2
00000000
00000000
00000000
00000000
00000000
00000000
00000000
0000ABB2
00000000
00000000
00000000
00000000
00000000
00000000
00000000
0000ABB2
00000000
00000000
00000000
00000000
00000000
00000000
00000000
0000ABB2
00000000
00000000
00000000
00000000
00000000
00000000
00000000
0000ABB2
00000000
00000000
00000000
00000000
00000000
00000000
00000000
0000ABB2
00000000
00000000
00000000
00000000
00000000
00000000
00000000
0000ABB2
00000000
00000000
00000000
00000000
00000000
00000000
00000000
0000ABB2
00000000
00000000
00000000
00000000
00000000
00000000
00000000
0000ABB2
00000000
00000000
00000000
00000000
00000000
00000000
00000000
0000ABB2
00000000
00000000
00000000
00000000
00000000
00000000
00000000
0000ABB2
00000000
00000000
00000000
00000000
00000000
00000000
00000000
0000ABB2
00000000
00000000
00000000
00000000
00000000
00000000
00000000
0000ABB2
00000000
00000000
00000000
00000000
00000000
00000000
00000000
0000ABB2
00000000
00000000
00000000
00000000
00000000
00000000
00000000
0000ABB2
00000000
00000000
00000000
00000000
00000000
00000000
00000000
0000ABB2
00000000
00000000
00000000
00000000
00000000
00000000
00000000
0000ABB2
00000000
00000000
00000000
00000000
00000000
00000000
00000000
0000ABB2
00000000
00000000
00000000
00000000
00000000
00000000
00000000
0000ABB2
00000000
00000000
00000000
00000000
00000000
00000000
00000000
0000ABB2
00000000
00000000
00000000
00000000
00000000
00000000
00000000
0000ABB2
00000000
00000000
00000000
00000000
00000000
00000000
00000000
0000ABB2
00000000
00000000
00000000
00000000
00000000
00000000
00000000
0000ABB2
00000000
00000000
00000000
00000000
00000000
00000000
00000000
0000ABB2
00000000
00000000
00000000
00000000
00000000
00000000
00000000
0000ABB2
00000000
00000000
00000000
00000000
00000000
00000000
00000000
0000ABB2
00000000
00000000
00000000
00000000
00000000
00000000
00000000
0000ABB2
00000000
00000000
00000000
00000000
00000000
00000000
00000000
0000ABB2
00000000
00000000
00000000
00000000
00000000
00000000
00000000
0000ABB2
00000000
00000000
00000000
00000000
00000000
00000000
00000000
0000ABB2
00000000
00000000
00000000
00000000
00000000
00000000
00000000
0000ABB2
00000000
00000000
00000000
00000000
00000000
00000000
00000000
0000ABB2
00000000
00000000
00000000
00000000
00000000
00000000
00000000
0000ABB2
00000000
00000000
00000000
00000000
00000000
00000000
00000000
0000ABB2
00000000
00000000
00000000
00000000
00000000
00000000
00000000
0000ABB2
00000000
00000000
00000000
00000000
00000000
00000000
00000000
0000ABB2
00000000
00000000
00000000
00000000
00000000
00000000
00000000
0000ABB2
00000000
00000000
00000000
00000000
00000000
00000000
00000000
0000ABB2
00000000
00000000
00000000
00000000
00000000
00000000
00000000
0000ABB2
00000000
00000000
00000000
00000000
00000000
00000000
00000000
0000ABB2
00000000
00000000
00000000
00000000
00000000
00000000
00000000
0000ABB2
00000000
00000000
00000000
00000000
00000000
00000000
00000000
0000ABB2
00000000
00000000
00000000
00000000
00000000
00000000
00000000
0000ABB2
00000000
00000000
00000000
00000000
00000000
00000000
00000000
0000ABB2
00000000
00000000
00000000
00000000
00000000
00000000
00000000
0000ABB2
00000000
00000000
00000000
00000000
00000000
00000000
00000000
0000ABB2
00000000
00000000
00000000
00000000
00000000
00000000
00000000
0000ABB2
00000000
00000000
00000000
00000000
00000000
00000000
00000000
0000ABB2
00000000
00000000
00000000
00000000
00000000
00000000
00000000
0000ABB2
00000000
00000000
00000000
00000000
00000000
00000000
00000000
0000ABB2
00000000
00000000
00000000
00000000
00000000
00000000
00000000
0000ABB2
00000000
00000000
00000000
00000000
00000000
00000000
00000000
0000ABB2
00000000
00000000
00000000
00000000
00000000
00000000
00000000
0000ABB2
00000000
00000000
00000000
00000000
00000000
00000000
00000000
0000ABB2
00000000
00000000
00000000
00000000
00000000
00000000
00000000
0000ABB2
00000000
00000000
00000000
00000000
00000000
00000000
00000000
0000ABB2
00000000
00000000
00000000
00000000
00000000
00000000
00000000
0000ABB2
00000000
00000000
00000000
00000000
00000000
00000000
00000000
0000ABB2
00000000
00000000
00000000
00000000
00000000
00000000
00000000
0000ABB2
00000000
00000000
00000000
00000000
00000000
00000000
00000000
0000ABB2
00000000
00000000
00000000
00000000
00000000
00000000
00000000
0000ABB2
00000000
00000000
00000000
00000000
00000000
00000000
00000000
0000ABB2
00000000
00000000
00000000
00000000
00000000
00000000
00000000
0000ABB2
00000000
00000000
00000000
00000000
00000000
00000000
00000000
0000ABB2
00000000
00000000
00000000
00000000
00000000
00000000
00000000
0000ABB2
00000000
00000000
00000000
00000000
00000000
00000000
00000000
0000ABB2
00000000
00000000
00000000
00000000
00000000
00000000
00000000
0000ABB2
00000000
00000000
00000000
00000000
00000000
00000000
00000000
0000ABB2
00000000
00000000
00000000
00000000
00000000
00000000
00000000
0000ABB2
00000000
00000000
00000000
00000000
00000000
00000000
00000000
0000ABB2
00000000
00000000
00000000
00000000
00000000
00000000
00000000
0000ABB2
00000000
00000000
00000000
00000000
00000000
00000000
00000000
0000ABB2
00000000
00000000
00000000
00000000
00000000
00000000
00000000
0000ABB2
00000000
00000000
00000000
00000000
00000000
00000000
00000000
0000ABB2
00000000
00000000
00000000
00000000
00000000
00000000
00000000
0000ABB2
00000000
00000000
00000000
00000000
00000000
00000000
00000000
0000ABB2
00000000
00000000
00000000
00000000
00000000
00000000
00000000
0000ABB2
00000000
00000000
00000000
00000000
00000000
00000000
00000000
0000ABB2
00000000
00000000
00000000
00000000
00000000
00000000
00000000
0000ABB2
00000000
00000000
00000000
00000000
00000000
00000000
00000000
0000ABB2
00000000
00000000
00000000
00000000
00000000
00000000
00000000
0000ABB2
00000000
00000000
00000000
00000000
00000000
00000000
00000000
0000ABB2
00000000
00000000
00000000
00000000
00000000
00000000
00000000
0000ABB2
00000000
00000000
00000000
00000000
00000000
00000000
00000000
0000ABB2
00000000
00000000
00000000
00000000
00000000
00000000
00000000
0000ABB2
00000000
00000000
00000000
00000000
00000000
00000000
00000000
0000ABB2
00000000
00000000
00000000
00000000
00000000
00000000
00000000
0000ABB2
00000000
00000000
00000000
00000000
00000000
00000000
00000000
0000ABB2
00000000
00000000
00000000
00000000
00000000
00000000
00000000
0000ABB2
00000000
00000000
00000000
00000000
00000000
00000000
00000000
0000ABB2
00000000
00000000
00000000
00000000
00000000
00000000
00000000
0000ABB2
00000000
00000000
00000000
00000000
00000000
00000000
00000000
0000ABB2
00000000
00000000
00000000
00000000
00000000
00000000
00000000
0000ABB2
00000000
00000000
00000000
00000000
00000000
00000000
00000000
0000ABB2
00000000
00000000
00000000
00000000
00000000
00000000
00000000
0000ABB2
00000000
00000000
00000000
00000000
00000000
00000000
00000000
0000ABB2
00000000
00000000
00000000
00000000
00000000
00000000
00000000
0000ABB2
00000000
00000000
00000000
00000000
00000000
00000000
00000000
0000ABB2
00000000
00000000
00000000
00000000
00000000
00000000
00000000
0000ABB2
00000000
00000000
00000000
00000000
00000000
00000000
00000000
0000ABB2
00000000
00000000
00000000
00000000
00000000
00000000
00000000
0000ABB2
00000000
00000000
00000000
00000000
00000000
00000000
00000000
0000ABB2
00000000
00000000
00000000
00000000
00000000
00000000
00000000
0000ABB2
00000000
00000000
00000000
00000000
00000000
00000000
00000000
0000ABB2
00000000
00000000
00000000
00000000
00000000
00000000
00000000
0000ABB2
00000000
00000000
00000000
00000000
00000000
00000000
00000000
0000ABB2
00000000
00000000
00000000
00000000
00000000
00000000
00000000
0000ABB2
00000000
00000000
00000000
00000000
00000000
00000000
00000000
0000ABB2
00000000
00000000
00000000
00000000
00000000
00000000
00000000
0000ABB2
00000000
00000000
00000000
00000000
00000000
00000000
00000000
0000ABB2
00000000
00000000
00000000
00000000
00000000
00000000
00000000
0000ABB2
00000000
00000000
00000000
00000000
00000000
00000000
00000000
0000ABB2
00000000
00000000
00000000
00000000
00000000
00000000
00000000
0000ABB2
00000000
00000000
00000000
00000000
00000000
00000000
00000000
0000ABB2
00000000
00000000
00000000
00000000
00000000
00000000
00000000
0000ABB2
00000000
00000000
00000000
00000000
00000000
00000000
00000000
0000ABB2
00000000
00000000
00000000
00000000
00000000
00000000
00000000
0000ABB2
00000000
00000000
00000000
00000000
00000000
00000000
00000000
0000ABB2
00000000
00000000
00000000
00000000
00000000
00000000
00000000
0000ABB2
00000000
00000000
00000000
00000000
00000000
00000000
00000000
0000ABB2
00000000
00000000
00000000
00000000
00000000
00000000
00000000
0000ABB2
00000000
00000000
00000000
00000000
00000000
00000000
00000000
0000ABB2
00000000
00000000
00000000
00000000
00000000
00000000
00000000
0000ABB2
00000000
00000000
00000000
00000000
00000000
00000000
00000000
0000ABB2
00000000
00000000
00000000
00000000
00000000
00000000
00000000
0000ABB2
00000000
00000000
00000000
00000000
00000000
00000000
00000000
0000ABB2
00000000
00000000
00000000
00000000
00000000
00000000
00000000
0000ABB2
00000000
00000000
00000000
00000000
00000000
00000000
00000000
0000ABB2
00000000
00000000
00000000
00000000
00000000
00000000
00000000
0000ABB2
00000000
00000000
00000000
00000000
00000000
00000000
00000000
0000ABB2
00000000
00000000
00000000
00000000
00000000
00000000
00000000
0000ABB2
00000000
00000000
00000000
00000000
00000000
00000000
00000000
0000ABB2
00000000
00000000
00000000
00000000
00000000
00000000
00000000
0000ABB2
00000000
00000000
00000000
00000000
00000000
00000000
00000000
0000ABB2
00000000
00000000
00000000
00000000
00000000
00000000
00000000
0000ABB2
00000000
00000000
00000000
00000000
00000000
00000000
00000000
0000ABB2
00000000
00000000
00000000
00000000
00000000
00000000
00000000
0000ABB2
00000000
00000000
00000000
00000000
00000000
00000000
00000000
0000ABB2
00000000
00000000
00000000
00000000
00000000
00000000
00000000
0000ABB2
00000000
00000000
00000000
00000000
00000000
00000000
00000000
0000ABB2
00000000
00000000
00000000
00000000
00000000
00000000
00000000
0000ABB2
00000000
00000000
00000000
00000000
00000000
00000000
00000000
0000ABB2
00000000
00000000
00000000
00000000
00000000
00000000
00000000
0000ABB2
00000000
00000000
00000000
00000000
00000000
00000000
00000000
0000ABB2
00000000
00000000
00000000
00000000
00000000
00000000
00000000
0000ABB2
00000000
00000000
00000000
00000000
00000000
00000000
00000000
0000ABB2
00000000
00000000
00000000
00000000
00000000
00000000
00000000
0000ABB2
00000000
00000000
00000000
00000000
00000000
00000000
00000000
0000ABB2
00000000
00000000
00000000
00000000
00000000
00000000
00000000
0000ABB2
00000000
00000000
00000000
00000000
00000000
00000000
00000000
0000ABB2
00000000
00000000
00000000
00000000
00000000
00000000
00000000
0000ABB2
00000000
00000000
00000000
00000000
00000000
00000000
00000000
0000ABB2
00000000
00000000
00000000
00000000
00000000
00000000
00000000
0000ABB2
00000000
00000000
00000000
00000000
00000000
00000000
00000000
0000ABB2
00000000
00000000
00000000
00000000
00000000
00000000
00000000
0000ABB2
00000000
00000000
00000000
00000000
00000000
00000000
00000000
0000ABB2
00000000
00000000
00000000
00000000
00000000
00000000
00000000
0000ABB2
00000000
00000000
00000000
00000000
00000000
00000000
00000000
0000ABB2
00000000
00000000
00000000
00000000
00000000
00000000
00000000
0000ABB2
00000000
00000000
00000000
00000000
00000000
00000000
00000000
0000ABB2
00000000
00000000
00000000
00000000
00000000
00000000
00000000
0000ABB2
00000000
00000000
00000000
00000000
00000000
00000000
00000000
0000ABB2
00000000
00000000
00000000
00000000
00000000
00000000
00000000
0000ABB2
00000000
00000000
00000000
00000000
00000000
00000000
00000000
0000ABB2
00000000
00000000
00000000
00000000
00000000
00000000
00000000
0000ABB2
00000000
00000000
00000000
00000000
00000000
00000000
00000000
0000ABB2
00000000
00000000
00000000
00000000
00000000
00000000
00000000
0000ABB2
00000000
00000000
00000000
00000000
00000000
00000000
00000000
0000ABB2
00000000
00000000
00000000
00000000
00000000
00000000
00000000
0000ABB2
00000000
00000000
00000000
00000000
00000000
00000000
00000000
0000ABB2
00000000
00000000
00000000
00000000
00000000
00000000
00000000
0000ABB2
00000000
00000000
00000000
00000000
00000000
00000000
00000000
0000ABB2
00000000
00000000
00000000
00000000
00000000
00000000
00000000
0000ABB2
00000000
00000000
00000000
00000000
00000000
00000000
00000000
0000ABB2
00000000
00000000
00000000
00000000
00000000
00000000
00000000
0000ABB2
00000000
00000000
00000000
00000000
00000000
00000000
00000000
0000ABB2
00000000
00000000
00000000
00000000
00000000
00000000
00000000
0000ABB2
00000000
00000000
00000000
00000000
00000000
00000000
00000000
0000ABB2
00000000
00000000
00000000
00000000
00000000
00000000
00000000
0000ABB2
00000000
00000000
00000000
00000000
00000000
00000000
00000000
0000ABB2
00000000
00000000
00000000
00000000
00000000
00000000
00000000
0000ABB2
00000000
00000000
00000000
00000000
00000000
00000000
00000000
0000ABB2
00000000
00000000
00000000
00000000
00000000
00000000
00000000
0000ABB2
00000000
00000000
00000000
00000000
00000000
00000000
00000000
0000ABB2
00000000
00000000
00000000
00000000
00000000
00000000
00000000
0000ABB2
00000000
00000000
00000000
00000000
00000000
00000000
00000000
0000ABB2
00000000
00000000
00000000
00000000
00000000
00000000
00000000
0000ABB2
00000000
00000000
00000000
00000000
00000000
00000000
00000000
0000ABB2
00000000
00000000
00000000
00000000
00000000
00000000
00000000
0000ABB2
00000000
00000000
00000000
00000000
00000000
00000000
00000000
0000ABB2
00000000
00000000
00000000
00000000
00000000
00000000
00000000
0000ABB2
00000000
00000000
00000000
00000000
00000000
00000000
00000000
0000ABB2
00000000
00000000
00000000
00000000
00000000
00000000
00000000
0000ABB2
00000000
00000000
00000000
00000000
00000000
00000000
00000000
0000ABB2
00000000
00000000
00000000
00000000
00000000
00000000
00000000
0000ABB2
00000000
00000000
00000000
00000000
00000000
00000000
00000000
0000ABB2
00000000
00000000
00000000
00000000
00000000
00000000
00000000
0000ABB2
00000000
00000000
00000000
00000000
00000000
00000000
00000000
0000ABB2
00000000
00000000
00000000
00000000
00000000
00000000
00000000
0000ABB2
00000000
00000000
00000000
00000000
00000000
00000000
00000000
0000ABB2
00000000
00000000
00000000
00000000
00000000
00000000
00000000
0000ABB2
00000000
00000000
00000000
00000000
00000000
00000000
00000000
0000ABB2
00000000
00000000
00000000
00000000
00000000
00000000
00000000
0000ABB2
00000000
00000000
00000000
00000000
00000000
00000000
00000000
0000ABB2
00000000
00000000
00000000
00000000
00000000
00000000
00000000
0000ABB2
00000000
00000000
00000000
00000000
00000000
00000000
00000000
0000ABB2
00000000
00000000
00000000
00000000
00000000
00000000
00000000
0000ABB2
00000000
00000000
00000000
00000000
00000000
00000000
00000000
0000ABB2
00000000
00000000
00000000
00000000
00000000
00000000
00000000
0000ABB2
00000000
00000000
00000000
00000000
00000000
00000000
00000000
0000ABB2
00000000
00000000
00000000
00000000
00000000
00000000
00000000
0000ABB2
00000000
00000000
00000000
00000000
00000000
00000000
00000000
0000ABB2
00000000
00000000
00000000
00000000
00000000
00000000
00000000
0000ABB2
00000000
00000000
00000000
00000000
00000000
00000000
00000000
0000ABB2
00000000
00000000
00000000
00000000
00000000
00000000
00000000
0000ABB2
00000000
00000000
00000000
00000000
00000000
00000000
00000000
0000ABB2
00000000
00000000
00000000
00000000
00000000
00000000
00000000
0000ABB2
00000000
00000000
00000000
00000000
00000000
00000000
00000000
0000ABB2
00000000
00000000
00000000
00000000
00000000
00000000
00000000
0000ABB2
00000000
00000000
00000000
00000000
00000000
00000000
00000000
0000ABB2
00000000
00000000
00000000
00000000
00000000
00000000
00000000
0000ABB2
00000000
00000000
00000000
00000000
00000000
00000000
00000000
0000ABB2
00000000
00000000
00000000
00000000
00000000
00000000
00000000
0000ABB2
00000000
00000000
00000000
00000000
00000000
00000000
00000000
0000ABB2
00000000
00000000
00000000
00000000
00000000
00000000
00000000
0000ABB2
00000000
00000000
00000000
00000000
00000000
00000000
00000000
0000ABB2
00000000
00000000
00000000
00000000
00000000
00000000
00000000
0000ABB2
00000000
00000000
00000000
00000000
00000000
00000000
00000000
0000ABB2
00000000
00000000
00000000
00000000
00000000
00000000
00000000
0000ABB2
00000000
00000000
00000000
00000000
00000000
00000000
00000000
0000ABB2
00000000
00000000
00000000
00000000
00000000
00000000
00000000
0000ABB2
00000000
00000000
00000000
00000000
00000000
00000000
00000000
0000ABB2
00000000
00000000
00000000
00000000
00000000
00000000
00000000
0000ABB2
00000000
00000000
00000000
00000000
00000000
00000000
00000000
0000ABB2
00000000
00000000
00000000
00000000
00000000
00000000
00000000
0000ABB2
00000000
00000000
00000000
00000000
00000000
00000000
00000000
0000ABB2
00000000
00000000
00000000
00000000
00000000
00000000
00000000
0000ABB2
00000000
00000000
00000000
00000000
00000000
00000000
00000000
0000ABB2
00000000
00000000
00000000
00000000
00000000
00000000
00000000
0000ABB2
00000000
00000000
00000000
00000000
00000000
00000000
00000000
0000ABB2
00000000
00000000
00000000
00000000
00000000
00000000
00000000
0000ABB2
00000000
00000000
00000000
00000000
00000000
00000000
00000000
0000ABB2
00000000
00000000
00000000
00000000
00000000
00000000
00000000
0000ABB2
00000000
00000000
00000000
00000000
00000000
00000000
00000000
0000ABB2
00000000
00000000
00000000
00000000
00000000
00000000
00000000
0000ABB2
00000000
00000000
00000000
00000000
00000000
00000000
00000000
0000ABB2
00000000
00000000
00000000
00000000
00000000
00000000
00000000
0000ABB2
00000000
00000000
00000000
00000000
00000000
00000000
00000000
0000ABB2
00000000
00000000
00000000
00000000
00000000
00000000
00000000
0000ABB2
00000000
00000000
00000000
00000000
00000000
00000000
00000000
0000ABB2
00000000
00000000
00000000
00000000
00000000
00000000
00000000
0000ABB2
00000000
00000000
00000000
00000000
00000000
00000000
00000000
0000ABB2
00000000
00000000
00000000
00000000
00000000
00000000
00000000
0000ABB2
00000000
00000000
00000000
00000000
00000000
00000000
00000000
0000ABB2
00000000
00000000
00000000
00000000
00000000
00000000
00000000
0000ABB2
00000000
00000000
00000000
00000000
00000000
00000000
00000000
0000ABB2
00000000
00000000
00000000
00000000
00000000
00000000
00000000
0000ABB2
00000000
00000000
00000000
00000000
00000000
00000000
00000000
0000ABB2
00000000
00000000
00000000
00000000
00000000
00000000
00000000
0000ABB2
00000000
00000000
00000000
00000000
00000000
00000000
00000000
0000ABB2
00000000
00000000
00000000
00000000
00000000
00000000
00000000
0000ABB2
00000000
00000000
00000000
00000000
00000000
00000000
00000000
0000ABB2
00000000
00000000
00000000
00000000
00000000
00000000
00000000
0000ABB2
00000000
00000000
00000000
00000000
00000000
00000000
00000000
0000ABB2
00000000
00000000
00000000
00000000
00000000
00000000
00000000
0000ABB2
00000000
00000000
00000000
00000000
00000000
00000000
00000000
0000ABB2
00000000
00000000
00000000
00000000
00000000
00000000
00000000
0000ABB2
00000000
00000000
00000000
00000000
00000000
00000000
00000000
0000ABB2
00000000
00000000
00000000
00000000
00000000
00000000
00000000
0000ABB2
00000000
00000000
00000000
00000000
00000000
00000000
00000000
0000ABB2
00000000
00000000
00000000
00000000
00000000
00000000
00000000
0000ABB2
00000000
00000000
00000000
00000000
00000000
00000000
00000000
0000ABB2
00000000
00000000
00000000
00000000
00000000
00000000
00000000
0000ABB2
00000000
00000000
00000000
00000000
00000000
00000000
00000000
0000ABB2
00000000
00000000
00000000
00000000
00000000
00000000
00000000
0000ABB2
00000000
00000000
00000000
00000000
00000000
00000000
00000000
0000ABB2
00000000
00000000
00000000
00000000
00000000
00000000
00000000
0000ABB2
00000000
00000000
00000000
00000000
00000000
00000000
00000000
0000ABB2
00000000
00000000
00000000
00000000
00000000
00000000
00000000
0000ABB2
00000000
00000000
00000000
00000000
00000000
00000000
00000000
0000ABB2
00000000
00000000
00000000
00000000
00000000
00000000
00000000
0000ABB2
00000000
00000000
00000000
00000000
00000000
00000000
00000000
0000ABB2
00000000
00000000
00000000
00000000
00000000
00000000
00000000
0000ABB2
00000000
00000000
00000000
00000000
00000000
00000000
00000000
0000ABB2
00000000
00000000
00000000
00000000
00000000
00000000
00000000
0000ABB2
00000000
00000000
00000000
00000000
00000000
00000000
00000000
0000ABB2
00000000
00000000
00000000
00000000
00000000
00000000
00000000
0000ABB2
00000000
00000000
00000000
00000000
00000000
00000000
00000000
0000ABB2
00000000
00000000
00000000
00000000
00000000
00000000
00000000
0000ABB2
00000000
00000000
00000000
00000000
00000000
00000000
00000000
0000ABB2
00000000
00000000
00000000
00000000
00000000
00000000
00000000
0000ABB2
00000000
00000000
00000000
00000000
00000000
00000000
00000000
0000ABB2
00000000
00000000
00000000
00000000
00000000
00000000
00000000
0000ABB2
00000000
00000000
00000000
00000000
00000000
00000000
00000000
0000ABB2
00000000
00000000
00000000
00000000
00000000
00000000
00000000
0000ABB2
00000000
00000000
00000000
00000000
00000000
00000000
00000000
0000ABB2
00000000
00000000
00000000
00000000
00000000
00000000
00000000
0000ABB2
00000000
00000000
00000000
00000000
00000000
00000000
00000000
0000ABB2
00000000
00000000
00000000
00000000
00000000
00000000
00000000
0000ABB2
00000000
00000000
00000000
00000000
00000000
00000000
00000000
0000ABB2
00000000
00000000
00000000
00000000
00000000
00000000
00000000
0000ABB2
00000000
00000000
00000000
00000000
00000000
00000000
00000000
0000ABB2
00000000
00000000
00000000
00000000
00000000
00000000
00000000
0000ABB2
00000000
00000000
00000000
00000000
00000000
00000000
00000000
0000ABB2
00000000
00000000
00000000
00000000
00000000
00000000
00000000
0000ABB2
00000000
00000000
00000000
00000000
00000000
00000000
00000000
0000ABB2
00000000
00000000
00000000
00000000
00000000
00000000
00000000
0000ABB2
00000000
00000000
00000000
00000000
00000000
00000000
00000000
0000ABB2
00000000
00000000
00000000
00000000
00000000
00000000
00000000
0000ABB2
00000000
00000000
00000000
00000000
00000000
00000000
00000000
0000ABB2
00000000
00000000
00000000
00000000
00000000
00000000
00000000
0000ABB2
00000000
00000000
00000000
00000000
00000000
00000000
00000000
0000ABB2
00000000
00000000
00000000
00000000
00000000
00000000
00000000
0000ABB2
00000000
00000000
00000000
00000000
00000000
00000000
00000000
0000ABB2
00000000
00000000
00000000
00000000
00000000
00000000
00000000
0000ABB2
00000000
00000000
00000000
00000000
00000000
00000000
00000000
0000ABB2
00000000
00000000
00000000
00000000
00000000
00000000
00000000
0000ABB2
00000000
00000000
00000000
00000000
00000000
00000000
00000000
0000ABB2
00000000
00000000
00000000
00000000
00000000
00000000
00000000
0000ABB2
00000000
00000000
00000000
00000000
00000000
00000000
00000000
0000ABB2
00000000
00000000
00000000
00000000
00000000
00000000
00000000
0000ABB2
00000000
00000000
00000000
00000000
00000000
00000000
00000000
0000ABB2
00000000
00000000
00000000
00000000
00000000
00000000
00000000
0000ABB2
00000000
00000000
00000000
00000000
00000000
00000000
00000000
0000ABB2
00000000
00000000
00000000
00000000
00000000
00000000
00000000
0000ABB2
00000000
00000000
00000000
00000000
00000000
00000000
00000000
0000ABB2
00000000
00000000
00000000
00000000
00000000
00000000
00000000
0000ABB2
00000000
00000000
00000000
00000000
00000000
00000000
00000000
0000ABB2
00000000
00000000
00000000
00000000
00000000
00000000
00000000
0000ABB2
00000000
00000000
00000000
00000000
00000000
00000000
00000000
0000ABB2
00000000
00000000
00000000
00000000
00000000
00000000
00000000
0000ABB2
00000000
00000000
00000000
00000000
00000000
00000000
00000000
0000ABB2
00000000
00000000
00000000
00000000
00000000
00000000
00000000
0000ABB2
00000000
00000000
00000000
00000000
00000000
00000000
00000000
0000ABB2
00000000
00000000
00000000
00000000
00000000
00000000
00000000
0000ABB2
00000000
00000000
00000000
00000000
00000000
00000000
00000000
0000ABB2
00000000
00000000
00000000
00000000
00000000
00000000
00000000
0000ABB2
00000000
00000000
00000000
00000000
00000000
00000000
00000000
0000ABB2
00000000
00000000
00000000
00000000
00000000
00000000
00000000
0000ABB2
00000000
00000000
00000000
00000000
00000000
00000000
00000000
0000ABB2
00000000
00000000
00000000
00000000
00000000
00000000
00000000
0000ABB2
00000000
00000000
00000000
00000000
00000000
00000000
00000000
0000ABB2
00000000
00000000
00000000
00000000
00000000
00000000
00000000
0000ABB2
00000000
00000000
00000000
00000000
00000000
00000000
00000000
0000ABB2
00000000
00000000
00000000
00000000
00000000
00000000
00000000
0000ABB2
00000000
00000000
00000000
00000000
00000000
00000000
00000000
0000ABB2
00000000
00000000
00000000
00000000
00000000
00000000
00000000
0000ABB2
00000000
00000000
00000000
00000000
00000000
00000000
00000000
0000ABB2
00000000
00000000
00000000
00000000
00000000
00000000
00000000
0000ABB2
00000000
00000000
00000000
00000000
00000000
00000000
00000000
0000ABB2
00000000
00000000
00000000
00000000
00000000
00000000
00000000
0000ABB2
00000000
00000000
00000000
00000000
00000000
00000000
00000000
0000ABB2
00000000
00000000
00000000
00000000
00000000
00000000
00000000
0000ABB2
00000000
00000000
00000000
00000000
00000000
00000000
00000000
0000ABB2
00000000
00000000
00000000
00000000
00000000
00000000
00000000
0000ABB2
00000000
00000000
00000000
00000000
00000000
00000000
00000000
0000ABB2
00000000
00000000
00000000
00000000
00000000
00000000
00000000
0000ABB2
00000000
00000000
00000000
00000000
00000000
00000000
00000000
0000ABB2
00000000
00000000
00000000
00000000
00000000
00000000
00000000
0000ABB2
00000000
00000000
00000000
00000000
00000000
00000000
00000000
0000ABB2
00000000
00000000
00000000
00000000
00000000
00000000
00000000
0000ABB2
00000000
00000000
00000000
00000000
00000000
00000000
00000000
0000ABB2
00000000
00000000
00000000
00000000
00000000
00000000
00000000
0000ABB2
00000000
00000000
00000000
00000000
00000000
00000000
00000000
0000ABB2
00000000
00000000
00000000
00000000
00000000
00000000
00000000
0000ABB2
00000000
00000000
00000000
00000000
00000000
00000000
00000000
0000ABB2
00000000
00000000
00000000
00000000
00000000
00000000
00000000
0000ABB2
00000000
00000000
00000000
00000000
00000000
00000000
00000000
0000ABB2
00000000
00000000
00000000
00000000
00000000
00000000
00000000
0000ABB2
00000000
00000000
00000000
00000000
00000000
00000000
00000000
0000ABB2
00000000
00000000
00000000
00000000
00000000
00000000
00000000
0000ABB2
00000000
00000000
00000000
00000000
00000000
00000000
00000000
0000ABB2
00000000
00000000
00000000
00000000
00000000
00000000
00000000
0000ABB2
00000000
00000000
00000000
00000000
00000000
00000000
00000000
0000ABB2
00000000
00000000
00000000
00000000
00000000
00000000
00000000
0000ABB2
00000000
00000000
00000000
00000000
00000000
00000000
00000000
0000ABB2
00000000
00000000
00000000
00000000
00000000
00000000
00000000
0000ABB2
00000000
00000000
00000000
00000000
00000000
00000000
00000000
0000ABB2
00000000
00000000
00000000
00000000
00000000
00000000
00000000
0000ABB2
00000000
00000000
00000000
00000000
00000000
00000000
00000000
0000ABB2
00000000
00000000
00000000
00000000
00000000
00000000
00000000
0000ABB2
00000000
00000000
00000000
00000000
00000000
00000000
00000000
0000ABB2
00000000
00000000
00000000
00000000
00000000
00000000
00000000
0000ABB2
00000000
00000000
00000000
00000000
00000000
00000000
00000000
0000ABB2
00000000
00000000
00000000
00000000
00000000
00000000
00000000
0000ABB2
00000000
00000000
00000000
00000000
00000000
00000000
00000000
0000ABB2
00000000
00000000
00000000
00000000
00000000
00000000
00000000
0000ABB2
00000000
00000000
00000000
00000000
00000000
00000000
00000000
0000ABB2
00000000
00000000
00000000
00000000
00000000
00000000
00000000
0000ABB2
00000000
00000000
00000000
00000000
00000000
00000000
00000000
0000ABB2
00000000
00000000
00000000
00000000
00000000
00000000
00000000
0000ABB2
00000000
00000000
00000000
00000000
00000000
00000000
00000000
0000ABB2
00000000
00000000
00000000
00000000
00000000
00000000
00000000
0000ABB2
00000000
00000000
00000000
00000000
00000000
00000000
00000000
0000ABB2
00000000
00000000
00000000
00000000
00000000
00000000
00000000
0000ABB2
00000000
00000000
00000000
00000000
00000000
00000000
00000000
0000ABB2
00000000
00000000
00000000
00000000
00000000
00000000
00000000
0000ABB2
00000000
00000000
00000000
00000000
00000000
00000000
00000000
0000ABB2
00000000
00000000
00000000
00000000
00000000
00000000
00000000
0000ABB2
00000000
00000000
00000000
00000000
00000000
00000000
00000000
0000ABB2
00000000
00000000
00000000
00000000
00000000
00000000
00000000
0000ABB2
00000000
00000000
00000000
00000000
00000000
00000000
00000000
0000ABB2
00000000
00000000
00000000
00000000
00000000
00000000
00000000
0000ABB2
00000000
00000000
00000000
00000000
00000000
00000000
00000000
0000ABB2
00000000
00000000
00000000
00000000
00000000
00000000
00000000
0000ABB2
00000000
00000000
00000000
00000000
00000000
00000000
00000000
0000ABB2
00000000
00000000
00000000
00000000
00000000
00000000
00000000
0000ABB2
00000000
00000000
00000000
00000000
00000000
00000000
00000000
0000ABB2
00000000
00000000
00000000
00000000
00000000
00000000
00000000
0000ABB2
00000000
00000000
00000000
00000000
00000000
00000000
00000000
0000ABB2
00000000
00000000
00000000
00000000
00000000
00000000
00000000
0000ABB2
00000000
00000000
00000000
00000000
00000000
00000000
00000000
0000ABB2
00000000
00000000
00000000
00000000
00000000
00000000
00000000
0000ABB2
00000000
00000000
00000000
00000000
00000000
00000000
00000000
0000ABB2
00000000
00000000
00000000
00000000
00000000
00000000
00000000
0000ABB2
00000000
00000000
00000000
00000000
00000000
00000000
00000000
0000ABB2
00000000
00000000
00000000
00000000
00000000
00000000
00000000
0000ABB2
00000000
00000000
00000000
00000000
00000000
00000000
00000000
0000ABB2
00000000
00000000
00000000
00000000
00000000
00000000
00000000
0000ABB2
00000000
00000000
00000000
00000000
00000000
00000000
00000000
0000ABB2
00000000
00000000
00000000
00000000
00000000
00000000
00000000
0000ABB2
00000000
00000000
00000000
00000000
00000000
00000000
00000000
0000ABB2
00000000
00000000
00000000
00000000
00000000
00000000
00000000
0000ABB2
00000000
00000000
00000000
00000000
00000000
00000000
00000000
0000ABB2
00000000
00000000
00000000
00000000
00000000
00000000
00000000
0000ABB2
00000000
00000000
00000000
00000000
00000000
00000000
00000000
0000ABB2
00000000
00000000
00000000
00000000
00000000
00000000
00000000
0000ABB2
00000000
00000000
00000000
00000000
00000000
00000000
00000000
0000ABB2
00000000
00000000
00000000
00000000
00000000
00000000
00000000
0000ABB2
00000000
00000000
00000000
00000000
00000000
00000000
00000000
0000ABB2
00000000
00000000
00000000
00000000
00000000
00000000
00000000
0000ABB2
00000000
00000000
00000000
00000000
00000000
00000000
00000000
0000ABB2
00000000
00000000
00000000
00000000
00000000
00000000
00000000
0000ABB2
00000000
00000000
00000000
00000000
00000000
00000000
00000000
0000ABB2
00000000
00000000
00000000
00000000
00000000
00000000
00000000
0000ABB2
00000000
00000000
00000000
00000000
00000000
00000000
00000000
0000ABB2
00000000
00000000
00000000
00000000
00000000
00000000
00000000
0000ABB2
00000000
00000000
00000000
00000000
00000000
00000000
00000000
0000ABB2
00000000
00000000
00000000
00000000
00000000
00000000
00000000
0000ABB2
00000000
00000000
00000000
00000000
00000000
00000000
00000000
0000ABB2
00000000
00000000
00000000
00000000
00000000
00000000
00000000
0000ABB2
00000000
00000000
00000000
00000000
00000000
00000000
00000000
0000ABB2
00000000
00000000
00000000
00000000
00000000
00000000
00000000
0000ABB2
00000000
00000000
00000000
00000000
00000000
00000000
00000000
0000ABB2
00000000
00000000
00000000
00000000
00000000
00000000
00000000
0000ABB2
00000000
00000000
00000000
00000000
00000000
00000000
00000000
0000ABB2
00000000
00000000
00000000
00000000
00000000
00000000
00000000
0000ABB2
00000000
00000000
00000000
00000000
00000000
00000000
00000000
0000ABB2
00000000
00000000
00000000
00000000
00000000
00000000
00000000
0000ABB2
00000000
00000000
00000000
00000000
00000000
00000000
00000000
0000ABB2
00000000
00000000
00000000
00000000
00000000
00000000
00000000
0000ABB2
00000000
00000000
00000000
00000000
00000000
00000000
00000000
0000ABB2
00000000
00000000
00000000
00000000
00000000
00000000
00000000
0000ABB2
00000000
00000000
00000000
00000000
00000000
00000000
00000000
0000ABB2
00000000
00000000
00000000
00000000
00000000
00000000
00000000
0000ABB2
00000000
00000000
00000000
00000000
00000000
00000000
00000000
0000ABB2
00000000
00000000
00000000
00000000
00000000
00000000
00000000
0000ABB2
00000000
00000000
00000000
00000000
00000000
00000000
00000000
0000ABB2
00000000
00000000
00000000
00000000
00000000
00000000
00000000
0000ABB2
00000000
00000000
00000000
00000000
00000000
00000000
00000000
0000ABB2
00000000
00000000
00000000
00000000
00000000
00000000
00000000
0000ABB2
00000000
00000000
00000000
00000000
00000000
00000000
00000000
0000ABB2
00000000
00000000
00000000
00000000
00000000
00000000
00000000
0000ABB2
00000000
00000000
00000000
00000000
00000000
00000000
00000000
0000ABB2
00000000
00000000
00000000
00000000
00000000
00000000
00000000
0000ABB2
00000000
00000000
00000000
00000000
00000000
00000000
00000000
0000ABB2
00000000
00000000
00000000
00000000
00000000
00000000
00000000
0000ABB2
00000000
00000000
00000000
00000000
00000000
00000000
00000000
0000ABB2
00000000
00000000
00000000
00000000
00000000
00000000
00000000
0000ABB2
00000000
00000000
00000000
00000000
00000000
00000000
00000000
0000ABB2
00000000
00000000
00000000
00000000
00000000
00000000
00000000
0000ABB2
00000000
00000000
00000000
00000000
00000000
00000000
00000000
0000ABB2
00000000
00000000
00000000
00000000
00000000
00000000
00000000
0000ABB2
00000000
00000000
00000000
00000000
00000000
00000000
00000000
0000ABB2
00000000
00000000
00000000
00000000
00000000
00000000
00000000
0000ABB2
00000000
00000000
00000000
00000000
00000000
00000000
00000000
0000ABB2
00000000
00000000
00000000
00000000
00000000
00000000
00000000
0000ABB2
00000000
00000000
00000000
00000000
00000000
00000000
00000000
0000ABB2
00000000
00000000
00000000
00000000
00000000
00000000
00000000
0000ABB2
00000000
00000000
00000000
00000000
00000000
00000000
00000000
0000ABB2
00000000
00000000
00000000
00000000
00000000
00000000
00000000
0000ABB2
00000000
00000000
00000000
00000000
00000000
00000000
00000000
0000ABB2
00000000
00000000
00000000
00000000
00000000
00000000
00000000
0000ABB2
00000000
00000000
00000000
00000000
00000000
00000000
00000000
0000ABB2
00000000
00000000
00000000
00000000
00000000
00000000
00000000
0000ABB2
00000000
00000000
00000000
00000000
00000000
00000000
00000000
0000ABB2
00000000
00000000
00000000
00000000
00000000
00000000
00000000
0000ABB2
00000000
00000000
00000000
00000000
00000000
00000000
00000000
0000ABB2
00000000
00000000
00000000
00000000
00000000
00000000
00000000
0000ABB2
00000000
00000000
00000000
00000000
00000000
00000000
00000000
0000ABB2
00000000
00000000
00000000
00000000
00000000
00000000
00000000
0000ABB2
00000000
00000000
00000000
00000000
00000000
00000000
00000000
0000ABB2
00000000
00000000
00000000
00000000
00000000
00000000
00000000
0000ABB2
00000000
00000000
00000000
00000000
00000000
00000000
00000000
0000ABB2
00000000
00000000
00000000
00000000
00000000
00000000
00000000
0000ABB2
00000000
00000000
00000000
00000000
00000000
00000000
00000000
0000ABB2
00000000
00000000
00000000
00000000
00000000
00000000
00000000
0000ABB2
00000000
00000000
00000000
00000000
00000000
00000000
00000000
0000ABB2
00000000
00000000
00000000
00000000
00000000
00000000
00000000
0000ABB2
00000000
00000000
00000000
00000000
00000000
00000000
00000000
0000ABB2
00000000
00000000
00000000
00000000
00000000
00000000
00000000
0000ABB2
00000000
00000000
00000000
00000000
00000000
00000000
00000000
0000ABB2
00000000
00000000
00000000
00000000
00000000
00000000
00000000
0000ABB2
00000000
00000000
00000000
00000000
00000000
00000000
00000000
0000ABB2
00000000
00000000
00000000
00000000
00000000
00000000
00000000
0000ABB2
00000000
00000000
00000000
00000000
00000000
00000000
00000000
0000ABB2
00000000
00000000
00000000
00000000
00000000
00000000
00000000
0000ABB2
00000000
00000000
00000000
00000000
00000000
00000000
00000000
0000ABB2
00000000
00000000
00000000
00000000
00000000
00000000
00000000
0000ABB2
00000000
00000000
00000000
00000000
00000000
00000000
00000000
0000ABB2
00000000
00000000
00000000
00000000
00000000
00000000
00000000
0000ABB2
00000000
00000000
00000000
00000000
00000000
00000000
00000000
0000ABB2
00000000
00000000
00000000
00000000
00000000
00000000
00000000
0000ABB2
00000000
00000000
00000000
00000000
00000000
00000000
00000000
0000ABB2
00000000
00000000
00000000
00000000
00000000
00000000
00000000
0000ABB2
00000000
00000000
00000000
00000000
00000000
00000000
00000000
0000ABB2
00000000
00000000
00000000
00000000
00000000
00000000
00000000
0000ABB2
00000000
00000000
00000000
00000000
00000000
00000000
00000000
0000ABB2
00000000
00000000
00000000
00000000
00000000
00000000
00000000
0000ABB2
00000000
00000000
00000000
00000000
00000000
00000000
00000000
0000ABB2
00000000
00000000
00000000
00000000
00000000
00000000
00000000
0000ABB2
00000000
00000000
00000000
00000000
00000000
00000000
00000000
0000ABB2
00000000
00000000
00000000
00000000
00000000
00000000
00000000
0000ABB2
00000000
00000000
00000000
00000000
00000000
00000000
00000000
0000ABB2
00000000
00000000
00000000
00000000
00000000
00000000
00000000
0000ABB2
00000000
00000000
00000000
00000000
00000000
00000000
00000000
0000ABB2
00000000
00000000
00000000
00000000
00000000
00000000
00000000
0000ABB2
00000000
00000000
00000000
00000000
00000000
00000000
00000000
0000ABB2
00000000
00000000
00000000
00000000
00000000
00000000
00000000
0000ABB2
00000000
00000000
00000000
00000000
00000000
00000000
00000000
0000ABB2
00000000
00000000
00000000
00000000
00000000
00000000
00000000
0000ABB2
00000000
00000000
00000000
00000000
00000000
00000000
00000000
0000ABB2
00000000
00000000
00000000
00000000
00000000
00000000
00000000
0000ABB2
00000000
00000000
00000000
00000000
00000000
00000000
00000000
0000ABB2
00000000
00000000
00000000
00000000
00000000
00000000
00000000
0000ABB2
00000000
00000000
00000000
00000000
00000000
00000000
00000000
0000ABB2
00000000
00000000
00000000
00000000
00000000
00000000
00000000
0000ABB2
00000000
00000000
00000000
00000000
00000000
00000000
00000000
0000ABB2
00000000
00000000
00000000
00000000
00000000
00000000
00000000
0000ABB2
00000000
00000000
00000000
00000000
00000000
00000000
00000000
0000ABB2
00000000
00000000
00000000
00000000
00000000
00000000
00000000
0000ABB2
00000000
00000000
00000000
00000000
00000000
00000000
00000000
0000ABB2
00000000
00000000
00000000
00000000
00000000
00000000
00000000
0000ABB2
00000000
00000000
00000000
00000000
00000000
00000000
00000000
0000ABB2
00000000
00000000
00000000
00000000
00000000
00000000
00000000
0000ABB2
00000000
00000000
00000000
00000000
00000000
00000000
00000000
0000ABB2
00000000
00000000
00000000
00000000
00000000
00000000
00000000
0000ABB2
00000000
00000000
00000000
00000000
00000000
00000000
00000000
0000ABB2
00000000
00000000
00000000
00000000
00000000
00000000
00000000
0000ABB2
00000000
00000000
00000000
00000000
00000000
00000000
00000000
0000ABB2
00000000
00000000
00000000
00000000
00000000
00000000
00000000
0000ABB2
00000000
00000000
00000000
00000000
00000000
00000000
00000000
0000ABB2
00000000
00000000
00000000
00000000
00000000
00000000
00000000
0000ABB2
00000000
00000000
00000000
00000000
00000000
00000000
00000000
0000ABB2
00000000
00000000
00000000
00000000
00000000
00000000
00000000
0000ABB2
00000000
00000000
00000000
00000000
00000000
00000000
00000000
0000ABB2
00000000
00000000
00000000
00000000
00000000
00000000
00000000
0000ABB2
00000000
00000000
00000000
00000000
00000000
00000000
00000000
0000ABB2
00000000
00000000
00000000
00000000
00000000
00000000
00000000
0000ABB2
00000000
00000000
00000000
00000000
00000000
00000000
00000000
0000ABB2
00000000
00000000
00000000
00000000
00000000
00000000
00000000
0000ABB2
00000000
00000000
00000000
00000000
00000000
00000000
00000000
0000ABB2
00000000
00000000
00000000
00000000
00000000
00000000
00000000
0000ABB2
00000000
00000000
00000000
00000000
00000000
00000000
00000000
0000ABB2
00000000
00000000
00000000
00000000
00000000
00000000
00000000
0000ABB2
00000000
00000000
00000000
00000000
00000000
00000000
00000000
0000ABB2
00000000
00000000
00000000
00000000
00000000
00000000
00000000
0000ABB2
00000000
00000000
00000000
00000000
00000000
00000000
00000000
0000ABB2
00000000
00000000
00000000
00000000
00000000
00000000
00000000
0000ABB2
00000000
00000000
00000000
00000000
00000000
00000000
00000000
0000ABB2
00000000
00000000
00000000
00000000
00000000
00000000
00000000
0000ABB2
00000000
00000000
00000000
00000000
00000000
00000000
00000000
0000ABB2
00000000
00000000
00000000
00000000
00000000
00000000
00000000
0000ABB2
00000000
00000000
00000000
00000000
00000000
00000000
00000000
0000ABB2
00000000
00000000
00000000
00000000
00000000
00000000
00000000
0000ABB2
00000000
00000000
00000000
00000000
00000000
00000000
00000000
0000ABB2
00000000
00000000
00000000
00000000
00000000
00000000
00000000
0000ABB2
00000000
00000000
00000000
00000000
00000000
00000000
00000000
0000ABB2
00000000
00000000
00000000
00000000
00000000
00000000
00000000
0000ABB2
00000000
00000000
00000000
00000000
00000000
00000000
00000000
0000ABB2
00000000
00000000
00000000
00000000
00000000
00000000
00000000
0000ABB2
00000000
00000000
00000000
00000000
00000000
00000000
00000000
0000ABB2
00000000
00000000
00000000
00000000
00000000
00000000
00000000
0000ABB2
00000000
00000000
00000000
00000000
00000000
00000000
00000000
0000ABB2
00000000
00000000
00000000
00000000
00000000
00000000
00000000
0000ABB2
00000000
00000000
00000000
00000000
00000000
00000000
00000000
0000ABB2
00000000
00000000
00000000
00000000
00000000
00000000
00000000
0000ABB2
00000000
00000000
00000000
00000000
00000000
00000000
00000000
0000ABB2
00000000
00000000
00000000
00000000
00000000
00000000
00000000
0000ABB2
00000000
00000000
00000000
00000000
00000000
00000000
00000000
0000ABB2
00000000
00000000
00000000
00000000
00000000
00000000
00000000
0000ABB2
00000000
00000000
00000000
00000000
00000000
00000000
00000000
0000ABB2
00000000
00000000
00000000
00000000
00000000
00000000
00000000
0000ABB2
00000000
00000000
00000000
00000000
00000000
00000000
00000000
0000ABB2
00000000
00000000
00000000
00000000
00000000
00000000
00000000
0000ABB2
00000000
00000000
00000000
00000000
00000000
00000000
00000000
0000ABB2
00000000
00000000
00000000
00000000
00000000
00000000
00000000
0000ABB2
00000000
00000000
00000000
00000000
00000000
00000000
00000000
0000ABB2
00000000
00000000
00000000
00000000
00000000
00000000
00000000
0000ABB2
00000000
00000000
00000000
00000000
00000000
00000000
00000000
0000ABB2
00000000
00000000
00000000
00000000
00000000
00000000
00000000
0000ABB2
00000000
00000000
00000000
00000000
00000000
00000000
00000000
0000ABB2
00000000
00000000
00000000
00000000
00000000
00000000
00000000
0000ABB2
00000000
00000000
00000000
00000000
00000000
00000000
00000000
0000ABB2
00000000
00000000
00000000
00000000
00000000
00000000
00000000
0000ABB2
00000000
00000000
00000000
00000000
00000000
00000000
00000000
0000ABB2
00000000
00000000
00000000
00000000
00000000
00000000
00000000
0000ABB2
00000000
00000000
00000000
00000000
00000000
00000000
00000000
0000ABB2
00000000
00000000
00000000
00000000
00000000
00000000
00000000
0000ABB2
00000000
00000000
00000000
00000000
00000000
00000000
00000000
0000ABB2
00000000
00000000
00000000
00000000
00000000
00000000
00000000
0000ABB2
00000000
00000000
00000000
00000000
00000000
00000000
00000000
0000ABB2
00000000
00000000
00000000
00000000
00000000
00000000
00000000
0000ABB2
00000000
00000000
00000000
00000000
00000000
00000000
00000000
0000ABB2
00000000
00000000
00000000
00000000
00000000
00000000
00000000
0000ABB2
00000000
00000000
00000000
00000000
00000000
00000000
00000000
0000ABB2
00000000
00000000
00000000
00000000
00000000
00000000
00000000
0000ABB2
00000000
00000000
00000000
00000000
00000000
00000000
00000000
0000ABB2
00000000
00000000
00000000
00000000
00000000
00000000
00000000
0000ABB2
00000000
00000000
00000000
00000000
00000000
00000000
00000000
0000ABB2
00000000
00000000
00000000
00000000
00000000
00000000
00000000
0000ABB2
00000000
00000000
00000000
00000000
00000000
00000000
00000000
0000ABB2
00000000
00000000
00000000
00000000
00000000
00000000
00000000
0000ABB2
00000000
00000000
00000000
00000000
00000000
00000000
00000000
0000ABB2
00000000
00000000
00000000
00000000
00000000
00000000
00000000
0000ABB2
00000000
00000000
00000000
00000000
00000000
00000000
00000000
0000ABB2
00000000
00000000
00000000
00000000
00000000
00000000
00000000
0000ABB2
00000000
00000000
00000000
00000000
00000000
00000000
00000000
0000ABB2
00000000
00000000
00000000
00000000
00000000
00000000
00000000
0000ABB2
00000000
00000000
00000000
00000000
00000000
00000000
00000000
0000ABB2
00000000
00000000
00000000
00000000
00000000
00000000
00000000
0000ABB2
00000000
00000000
00000000
00000000
00000000
00000000
00000000
0000ABB2
00000000
00000000
00000000
00000000
00000000
00000000
00000000
0000ABB2
00000000
00000000
00000000
00000000
00000000
00000000
00000000
0000ABB2
00000000
00000000
00000000
00000000
00000000
00000000
00000000
0000ABB2
00000000
00000000
00000000
00000000
00000000
00000000
00000000
0000ABB2
00000000
00000000
00000000
00000000
00000000
00000000
00000000
0000ABB2
00000000
00000000
00000000
00000000
00000000
00000000
00000000
0000ABB2
00000000
00000000
00000000
00000000
00000000
00000000
00000000
0000ABB2
00000000
00000000
00000000
00000000
00000000
00000000
00000000
0000ABB2
00000000
00000000
00000000
00000000
00000000
00000000
00000000
0000ABB2
00000000
00000000
00000000
00000000
00000000
00000000
00000000
0000ABB2
00000000
00000000
00000000
00000000
00000000
00000000
00000000
0000ABB2
00000000
00000000
00000000
00000000
00000000
00000000
00000000
0000ABB2
00000000
00000000
00000000
00000000
00000000
00000000
00000000
0000ABB2
00000000
00000000
00000000
00000000
00000000
00000000
00000000
0000ABB2
00000000
00000000
00000000
00000000
00000000
00000000
00000000
0000ABB2
00000000
00000000
00000000
00000000
00000000
00000000
00000000
0000ABB2
00000000
00000000
00000000
00000000
00000000
00000000
00000000
0000ABB2
00000000
00000000
00000000
00000000
00000000
00000000
00000000
0000ABB2
00000000
00000000
00000000
00000000
00000000
00000000
00000000
0000ABB2
00000000
00000000
00000000
00000000
00000000
00000000
00000000
0000ABB2
00000000
00000000
00000000
00000000
00000000
00000000
00000000
0000ABB2
00000000
00000000
00000000
00000000
00000000
00000000
00000000
0000ABB2
00000000
00000000
00000000
00000000
00000000
00000000
00000000
0000ABB2
00000000
00000000
00000000
00000000
00000000
00000000
00000000
0000ABB2
00000000
00000000
00000000
00000000
00000000
00000000
00000000
0000ABB2
00000000
00000000
00000000
00000000
00000000
00000000
00000000
0000ABB2
00000000
00000000
00000000
00000000
00000000
00000000
00000000
0000ABB2
00000000
00000000
00000000
00000000
00000000
00000000
00000000
0000ABB2
00000000
00000000
00000000
00000000
00000000
00000000
00000000
0000ABB2
00000000
00000000
00000000
00000000
00000000
00000000
00000000
0000ABB2
00000000
00000000
00000000
00000000
00000000
00000000
00000000
0000ABB2
00000000
00000000
00000000
00000000
00000000
00000000
00000000
0000ABB2
00000000
00000000
00000000
00000000
00000000
00000000
00000000
0000ABB2
00000000
00000000
00000000
00000000
00000000
00000000
00000000
0000ABB2
00000000
00000000
00000000
00000000
00000000
00000000
00000000
0000ABB2
00000000
00000000
00000000
00000000
00000000
00000000
00000000
0000ABB2
00000000
00000000
00000000
00000000
00000000
00000000
00000000
0000ABB2
00000000
00000000
00000000
00000000
00000000
00000000
00000000
0000ABB2
00000000
00000000
00000000
00000000
00000000
00000000
00000000
0000ABB2
00000000
00000000
00000000
00000000
00000000
00000000
00000000
0000ABB2
00000000
00000000
00000000
00000000
00000000
00000000
00000000
0000ABB2
00000000
00000000
00000000
00000000
00000000
00000000
00000000
0000ABB2
00000000
00000000
00000000
00000000
00000000
00000000
00000000
0000ABB2
00000000
00000000
00000000
00000000
00000000
00000000
00000000
0000ABB2
00000000
00000000
00000000
00000000
00000000
00000000
00000000
0000ABB2
00000000
00000000
00000000
00000000
00000000
00000000
00000000
0000ABB2
00000000
00000000
00000000
00000000
00000000
00000000
00000000
0000ABB2
00000000
00000000
00000000
00000000
00000000
00000000
00000000
0000ABB2
00000000
00000000
00000000
00000000
00000000
00000000
00000000
0000ABB2
00000000
00000000
00000000
00000000
00000000
00000000
00000000
0000ABB2
00000000
00000000
00000000
00000000
00000000
00000000
00000000
0000ABB2
00000000
00000000
00000000
00000000
00000000
00000000
00000000
0000ABB2
00000000
00000000
00000000
00000000
00000000
00000000
00000000
0000ABB2
00000000
00000000
00000000
00000000
00000000
00000000
00000000
0000ABB2
00000000
00000000
00000000
00000000
00000000
00000000
00000000
0000ABB2
00000000
00000000
00000000
00000000
00000000
00000000
00000000
0000ABB2
00000000
00000000
00000000
00000000
00000000
00000000
00000000
0000ABB2
00000000
00000000
00000000
00000000
00000000
00000000
00000000
0000ABB2
00000000
00000000
00000000
00000000
00000000
00000000
00000000
0000ABB2
00000000
00000000
00000000
00000000
00000000
00000000
00000000
0000ABB2
00000000
00000000
00000000
00000000
00000000
00000000
00000000
0000ABB2
00000000
00000000
00000000
00000000
00000000
00000000
00000000
0000ABB2
00000000
00000000
00000000
00000000
00000000
00000000
00000000
0000ABB2
00000000
00000000
00000000
00000000
00000000
00000000
00000000
0000ABB2
00000000
00000000
00000000
00000000
00000000
00000000
00000000
0000ABB2
00000000
00000000
00000000
00000000
00000000
00000000
00000000
0000ABB2
00000000
00000000
00000000
00000000
00000000
00000000
00000000
0000ABB2
00000000
00000000
00000000
00000000
00000000
00000000
00000000
0000ABB2
00000000
00000000
00000000
00000000
00000000
00000000
00000000
0000ABB2
00000000
00000000
00000000
00000000
00000000
00000000
00000000
0000ABB2
00000000
00000000
00000000
00000000
00000000
00000000
00000000
0000ABB2
00000000
00000000
00000000
00000000
00000000
00000000
00000000
0000ABB2
00000000
00000000
00000000
00000000
00000000
00000000
00000000
0000ABB2
00000000
00000000
00000000
00000000
00000000
00000000
00000000
0000ABB2
00000000
00000000
00000000
00000000
00000000
00000000
00000000
0000ABB2
00000000
00000000
00000000
00000000
00000000
00000000
00000000
0000ABB2
00000000
00000000
00000000
00000000
00000000
00000000
00000000
0000ABB2
00000000
00000000
00000000
00000000
00000000
00000000
00000000
0000ABB2
00000000
00000000
00000000
00000000
00000000
00000000
00000000
0000ABB2
00000000
00000000
00000000
00000000
00000000
00000000
00000000
0000ABB2
00000000
00000000
00000000
00000000
00000000
00000000
00000000
0000ABB2
00000000
00000000
00000000
00000000
00000000
00000000
00000000
0000ABB2
00000000
00000000
00000000
00000000
00000000
00000000
00000000
0000ABB2
00000000
00000000
00000000
00000000
00000000
00000000
00000000
0000ABB2
00000000
00000000
00000000
00000000
00000000
00000000
00000000
0000ABB2
00000000
00000000
00000000
00000000
00000000
00000000
00000000
0000ABB2
00000000
00000000
00000000
00000000
00000000
00000000
00000000
0000ABB2
00000000
00000000
00000000
00000000
00000000
00000000
00000000
0000ABB2
00000000
00000000
00000000
00000000
00000000
00000000
00000000
0000ABB2
00000000
00000000
00000000
00000000
00000000
00000000
00000000
0000ABB2
00000000
00000000
00000000
00000000
00000000
00000000
00000000
0000ABB2
00000000
00000000
00000000
00000000
00000000
00000000
00000000
0000ABB2
00000000
00000000
00000000
00000000
00000000
00000000
00000000
0000ABB2
00000000
00000000
00000000
00000000
00000000
00000000
00000000
0000ABB2
00000000
00000000
00000000
00000000
00000000
00000000
00000000
0000ABB2
00000000
00000000
00000000
00000000
00000000
00000000
00000000
0000ABB2
00000000
00000000
00000000
00000000
00000000
00000000
00000000
0000ABB2
00000000
00000000
00000000
00000000
00000000
00000000
00000000
0000ABB2
00000000
00000000
00000000
00000000
00000000
00000000
00000000
0000ABB2
00000000
00000000
00000000
00000000
00000000
00000000
00000000
0000ABB2
00000000
00000000
00000000
00000000
00000000
00000000
00000000
0000ABB2
00000000
00000000
00000000
00000000
00000000
00000000
00000000
0000ABB2
00000000
00000000
00000000
00000000
00000000
00000000
00000000
0000ABB2
00000000
00000000
00000000
00000000
00000000
00000000
00000000
0000ABB2
00000000
00000000
00000000
00000000
00000000
00000000
00000000
0000ABB2
00000000
00000000
00000000
00000000
00000000
00000000
00000000
0000ABB2
00000000
00000000
00000000
00000000
00000000
00000000
00000000
0000ABB2
00000000
00000000
00000000
00000000
00000000
00000000
00000000
0000ABB2
00000000
00000000
00000000
00000000
00000000
00000000
00000000
0000ABB2
00000000
00000000
00000000
00000000
00000000
00000000
00000000
0000ABB2
00000000
00000000
00000000
00000000
00000000
00000000
00000000
0000ABB2
00000000
00000000
00000000
00000000
00000000
00000000
00000000
0000ABB2
00000000
00000000
00000000
00000000
00000000
00000000
00000000
0000ABB2
00000000
00000000
00000000
00000000
00000000
00000000
00000000
0000ABB2
00000000
00000000
00000000
00000000
00000000
00000000
00000000
0000ABB2
00000000
00000000
00000000
00000000
00000000
00000000
00000000
0000ABB2
00000000
00000000
00000000
00000000
00000000
00000000
00000000
0000ABB2
00000000
00000000
00000000
00000000
00000000
00000000
00000000
0000ABB2
00000000
00000000
00000000
00000000
00000000
00000000
00000000
0000ABB2
00000000
00000000
00000000
00000000
00000000
00000000
00000000
0000ABB2
00000000
00000000
00000000
00000000
00000000
00000000
00000000
0000ABB2
00000000
00000000
00000000
00000000
00000000
00000000
00000000
0000ABB2
00000000
00000000
00000000
00000000
00000000
00000000
00000000
0000ABB2
00000000
00000000
00000000
00000000
00000000
00000000
00000000
0000ABB2
00000000
00000000
00000000
00000000
00000000
00000000
00000000
0000ABB2
00000000
00000000
00000000
00000000
00000000
00000000
00000000
0000ABB2
00000000
00000000
00000000
00000000
00000000
00000000
00000000
0000ABB2
00000000
00000000
00000000
00000000
00000000
00000000
00000000
0000ABB2
00000000
00000000
00000000
00000000
00000000
00000000
00000000
0000ABB2
00000000
00000000
00000000
00000000
00000000
00000000
00000000
0000ABB2
00000000
00000000
00000000
00000000
00000000
00000000
00000000
0000ABB2
00000000
00000000
00000000
00000000
00000000
00000000
00000000
0000ABB2
00000000
00000000
00000000
00000000
00000000
00000000
00000000
0000ABB2
00000000
00000000
00000000
00000000
00000000
00000000
00000000
0000ABB2
00000000
00000000
00000000
00000000
00000000
00000000
00000000
0000ABB2
00000000
00000000
00000000
00000000
00000000
00000000
00000000
0000ABB2
00000000
00000000
00000000
00000000
00000000
00000000
00000000
0000ABB2
00000000
00000000
00000000
00000000
00000000
00000000
00000000
0000ABB2
00000000
00000000
00000000
00000000
00000000
00000000
00000000
0000ABB2
00000000
00000000
00000000
00000000
00000000
00000000
00000000
0000ABB2
00000000
00000000
00000000
00000000
00000000
00000000
00000000
0000ABB2
00000000
00000000
00000000
00000000
00000000
00000000
00000000
0000ABB2
00000000
00000000
00000000
00000000
00000000
00000000
00000000
0000ABB2
00000000
00000000
00000000
00000000
00000000
00000000
00000000
0000ABB2
00000000
00000000
00000000
00000000
00000000
00000000
00000000
0000ABB2
00000000
00000000
00000000
00000000
00000000
00000000
00000000
0000ABB2
00000000
00000000
00000000
00000000
00000000
00000000
00000000
0000ABB2
00000000
00000000
00000000
00000000
00000000
00000000
00000000
0000ABB2
00000000
00000000
00000000
00000000
00000000
00000000
00000000
0000ABB2
00000000
00000000
00000000
00000000
00000000
00000000
00000000
0000ABB2
00000000
00000000
00000000
00000000
00000000
00000000
00000000
0000ABB2
00000000
00000000
00000000
00000000
00000000
00000000
00000000
0000ABB2
00000000
00000000
00000000
00000000
00000000
00000000
00000000
0000ABB2
00000000
00000000
00000000
00000000
00000000
00000000
00000000
0000ABB2
00000000
00000000
00000000
00000000
00000000
00000000
00000000
0000ABB2
00000000
00000000
00000000
00000000
00000000
00000000
00000000
0000ABB2
00000000
00000000
00000000
00000000
00000000
00000000
00000000
0000ABB2
00000000
00000000
00000000
00000000
00000000
00000000
00000000
0000ABB2
00000000
00000000
00000000
00000000
00000000
00000000
00000000
0000ABB2
00000000
00000000
00000000
00000000
00000000
00000000
00000000
0000ABB2
00000000
00000000
00000000
00000000
00000000
00000000
00000000
0000ABB2
00000000
00000000
00000000
00000000
00000000
00000000
00000000
0000ABB2
00000000
00000000
00000000
00000000
00000000
00000000
00000000
0000ABB2
00000000
00000000
00000000
00000000
00000000
00000000
00000000
0000ABB2
00000000
00000000
00000000
00000000
00000000
00000000
00000000
0000ABB2
00000000
00000000
00000000
00000000
00000000
00000000
00000000
0000ABB2
00000000
00000000
00000000
00000000
00000000
00000000
00000000
0000ABB2
00000000
00000000
00000000
00000000
00000000
00000000
00000000
0000ABB2
00000000
00000000
00000000
00000000
00000000
00000000
00000000
0000ABB2
00000000
00000000
00000000
00000000
00000000
00000000
00000000
0000ABB2
00000000
00000000
00000000
00000000
00000000
00000000
00000000
0000ABB2
00000000
00000000
00000000
00000000
00000000
00000000
00000000
0000ABB2
00000000
00000000
00000000
00000000
00000000
00000000
00000000
0000ABB2
00000000
00000000
00000000
00000000
00000000
00000000
00000000
0000ABB2
00000000
00000000
00000000
00000000
00000000
00000000
00000000
0000ABB2
00000000
00000000
00000000
00000000
00000000
00000000
00000000
0000ABB2
00000000
00000000
00000000
00000000
00000000
00000000
00000000
0000ABB2
00000000
00000000
00000000
00000000
00000000
00000000
00000000
0000ABB2
00000000
00000000
00000000
00000000
00000000
00000000
00000000
0000ABB2
00000000
00000000
00000000
00000000
00000000
00000000
00000000
0000ABB2
00000000
00000000
00000000
00000000
00000000
00000000
00000000
0000ABB2
00000000
00000000
00000000
00000000
00000000
00000000
00000000
0000ABB2
00000000
00000000
00000000
00000000
00000000
00000000
00000000
0000ABB2
00000000
00000000
00000000
00000000
00000000
00000000
00000000
0000ABB2
00000000
00000000
00000000
00000000
00000000
00000000
00000000
0000ABB2
00000000
00000000
00000000
00000000
00000000
00000000
00000000
0000ABB2
00000000
00000000
00000000
00000000
00000000
00000000
00000000
0000ABB2
00000000
00000000
00000000
00000000
00000000
00000000
00000000
0000ABB2
00000000
00000000
00000000
00000000
00000000
00000000
00000000
0000ABB2
00000000
00000000
00000000
00000000
00000000
00000000
00000000
0000ABB2
00000000
00000000
00000000
00000000
00000000
00000000
00000000
0000ABB2
00000000
00000000
00000000
00000000
00000000
00000000
00000000
0000ABB2
00000000
00000000
00000000
00000000
00000000
00000000
00000000
0000ABB2
00000000
00000000
00000000
00000000
00000000
00000000
00000000
0000ABB2
00000000
00000000
00000000
00000000
00000000
00000000
00000000
0000ABB2
00000000
00000000
00000000
00000000
00000000
00000000
00000000
0000ABB2
00000000
00000000
00000000
00000000
00000000
00000000
00000000
0000ABB2
00000000
00000000
00000000
00000000
00000000
00000000
00000000
0000ABB2
00000000
00000000
00000000
00000000
00000000
00000000
00000000
0000ABB2
00000000
00000000
00000000
00000000
00000000
00000000
00000000
0000ABB2
00000000
00000000
00000000
00000000
00000000
00000000
00000000
0000ABB2
00000000
00000000
00000000
00000000
00000000
00000000
00000000
0000ABB2
00000000
00000000
00000000
00000000
00000000
00000000
00000000
0000ABB2
00000000
00000000
00000000
00000000
00000000
00000000
00000000
0000ABB2
00000000
00000000
00000000
00000000
00000000
00000000
00000000
0000ABB2
00000000
00000000
00000000
00000000
00000000
00000000
00000000
0000ABB2
00000000
00000000
00000000
00000000
00000000
00000000
00000000
0000ABB2
00000000
00000000
00000000
00000000
00000000
00000000
00000000
0000ABB2
00000000
00000000
00000000
00000000
00000000
00000000
00000000
0000ABB2
00000000
00000000
00000000
00000000
00000000
00000000
00000000
0000ABB2
00000000
00000000
00000000
00000000
00000000
00000000
00000000
0000ABB2
00000000
00000000
00000000
00000000
00000000
00000000
00000000
0000ABB2
00000000
00000000
00000000
00000000
00000000
00000000
00000000
0000ABB2
00000000
00000000
00000000
00000000
00000000
00000000
00000000
0000ABB2
00000000
00000000
00000000
00000000
00000000
00000000
00000000
0000ABB2
00000000
00000000
00000000
00000000
00000000
00000000
00000000
0000ABB2
00000000
00000000
00000000
00000000
00000000
00000000
00000000
0000ABB2
00000000
00000000
00000000
00000000
00000000
00000000
00000000
0000ABB2
00000000
00000000
00000000
00000000
00000000
00000000
00000000
0000ABB2
00000000
00000000
00000000
00000000
00000000
00000000
00000000
0000ABB2
00000000
00000000
00000000
00000000
00000000
00000000
00000000
0000ABB2
00000000
00000000
00000000
00000000
00000000
00000000
00000000
0000ABB2
00000000
00000000
00000000
00000000
00000000
00000000
00000000
0000ABB2
00000000
00000000
00000000
00000000
00000000
00000000
00000000
0000ABB2
00000000
00000000
00000000
00000000
00000000
00000000
00000000
0000ABB2
00000000
00000000
00000000
00000000
00000000
00000000
00000000
0000ABB2
00000000
00000000
00000000
00000000
00000000
00000000
00000000
0000ABB2
00000000
00000000
00000000
00000000
00000000
00000000
00000000
0000ABB2
00000000
00000000
00000000
00000000
00000000
00000000
00000000
0000ABB2
00000000
00000000
00000000
00000000
00000000
00000000
00000000
0000ABB2
00000000
00000000
00000000
00000000
00000000
00000000
00000000
0000ABB2
00000000
00000000
00000000
00000000
00000000
00000000
00000000
0000ABB2
00000000
00000000
00000000
00000000
00000000
00000000
00000000
0000ABB2
00000000
00000000
00000000
00000000
00000000
00000000
00000000
0000ABB2
00000000
00000000
00000000
00000000
00000000
00000000
00000000
0000ABB2
00000000
00000000
00000000
00000000
00000000
00000000
00000000
0000ABB2
00000000
00000000
00000000
00000000
00000000
00000000
00000000
0000ABB2
00000000
00000000
00000000
00000000
00000000
00000000
00000000
0000ABB2
00000000
00000000
00000000
00000000
00000000
00000000
00000000
0000ABB2
00000000
00000000
00000000
00000000
00000000
00000000
00000000
0000ABB2
00000000
00000000
00000000
00000000
00000000
00000000
00000000
0000ABB2
00000000
00000000
00000000
00000000
00000000
00000000
00000000
0000ABB2
00000000
00000000
00000000
00000000
00000000
00000000
00000000
0000ABB2
00000000
00000000
00000000
00000000
00000000
00000000
00000000
0000ABB2
00000000
00000000
00000000
00000000
00000000
00000000
00000000
0000ABB2
00000000
00000000
00000000
00000000
00000000
00000000
00000000
0000ABB2
00000000
00000000
00000000
00000000
00000000
00000000
00000000
0000ABB2
00000000
00000000
00000000
00000000
00000000
00000000
00000000
0000ABB2
00000000
00000000
00000000
00000000
00000000
00000000
00000000
0000ABB2
00000000
00000000
00000000
00000000
00000000
00000000
00000000
0000ABB2
00000000
00000000
00000000
00000000
00000000
00000000
00000000
0000ABB2
00000000
00000000
00000000
00000000
00000000
00000000
00000000
0000ABB2
00000000
00000000
00000000
00000000
00000000
00000000
00000000
0000ABB2
00000000
00000000
00000000
00000000
00000000
00000000
00000000
0000ABB2
00000000
00000000
00000000
00000000
00000000
00000000
00000000
0000ABB2
00000000
00000000
00000000
00000000
00000000
00000000
00000000
0000ABB2
00000000
00000000
00000000
00000000
00000000
00000000
00000000
0000ABB2
00000000
00000000
00000000
00000000
00000000
00000000
00000000
0000ABB2
00000000
00000000
00000000
00000000
00000000
00000000
00000000
0000ABB2
00000000
00000000
00000000
00000000
00000000
00000000
00000000
0000ABB2
00000000
00000000
00000000
00000000
00000000
00000000
00000000
0000ABB2
00000000
00000000
00000000
00000000
00000000
00000000
00000000
0000ABB2
00000000
00000000
00000000
00000000
00000000
00000000
00000000
0000ABB2
00000000
00000000
00000000
00000000
00000000
00000000
00000000
0000ABB2
00000000
00000000
00000000
00000000
00000000
00000000
00000000
0000ABB2
00000000
00000000
00000000
00000000
00000000
00000000
00000000
0000ABB2
00000000
00000000
00000000
00000000
00000000
00000000
00000000
0000ABB2
00000000
00000000
00000000
00000000
00000000
00000000
00000000
0000ABB2
00000000
00000000
00000000
00000000
00000000
00000000
00000000
0000ABB2
00000000
00000000
00000000
00000000
00000000
00000000
00000000
0000ABB2
00000000
00000000
00000000
00000000
00000000
00000000
00000000
0000ABB2
00000000
00000000
00000000
00000000
00000000
00000000
00000000
0000ABB2
00000000
00000000
00000000
00000000
00000000
00000000
00000000
0000ABB2
00000000
00000000
00000000
00000000
00000000
00000000
00000000
0000ABB2
00000000
00000000
00000000
00000000
00000000
00000000
00000000
0000ABB2
00000000
00000000
00000000
00000000
00000000
00000000
00000000
0000ABB2
00000000
00000000
00000000
00000000
00000000
00000000
00000000
0000ABB2
00000000
00000000
00000000
00000000
00000000
00000000
00000000
0000ABB2
00000000
00000000
00000000
00000000
00000000
00000000
00000000
0000ABB2
00000000
00000000
00000000
00000000
00000000
00000000
00000000
0000ABB2
00000000
00000000
00000000
00000000
00000000
00000000
00000000
0000ABB2
00000000
00000000
00000000
00000000
00000000
00000000
00000000
0000ABB2
00000000
00000000
00000000
00000000
00000000
00000000
00000000
0000ABB2
00000000
00000000
00000000
00000000
00000000
00000000
00000000
0000ABB2
00000000
00000000
00000000
00000000
00000000
00000000
00000000
0000ABB2
00000000
00000000
00000000
00000000
00000000
00000000
00000000
0000ABB2
00000000
00000000
00000000
00000000
00000000
00000000
00000000
0000ABB2
00000000
00000000
00000000
00000000
00000000
00000000
00000000
0000ABB2
00000000
00000000
00000000
00000000
00000000
00000000
00000000
0000ABB2
00000000
00000000
00000000
00000000
00000000
00000000
00000000
0000ABB2
00000000
00000000
00000000
00000000
00000000
00000000
00000000
0000ABB2
00000000
00000000
00000000
00000000
00000000
00000000
00000000
0000ABB2
00000000
00000000
00000000
00000000
00000000
00000000
00000000
0000ABB2
00000000
00000000
00000000
00000000
00000000
00000000
00000000
0000ABB2
00000000
00000000
00000000
00000000
00000000
00000000
00000000
0000ABB2
00000000
00000000
00000000
00000000
00000000
00000000
00000000
0000ABB2
00000000
00000000
00000000
00000000
00000000
00000000
00000000
0000ABB2
00000000
00000000
00000000
00000000
00000000
00000000
00000000
0000ABB2
00000000
00000000
00000000
00000000
00000000
00000000
00000000
0000ABB2
00000000
00000000
00000000
00000000
00000000
00000000
00000000
0000ABB2
00000000
00000000
00000000
00000000
00000000
00000000
00000000
0000ABB2
00000000
00000000
00000000
00000000
00000000
00000000
00000000
0000ABB2
00000000
00000000
00000000
00000000
00000000
00000000
00000000
0000ABB2
00000000
00000000
00000000
00000000
00000000
00000000
00000000
0000ABB2
00000000
00000000
00000000
00000000
00000000
00000000
00000000
0000ABB2
00000000
00000000
00000000
00000000
00000000
00000000
00000000
0000ABB2
00000000
00000000
00000000
00000000
00000000
00000000
00000000
0000ABB2
00000000
00000000
00000000
00000000
00000000
00000000
00000000
0000ABB2
00000000
00000000
00000000
00000000
00000000
00000000
00000000
0000ABB2
00000000
00000000
00000000
00000000
00000000
00000000
00000000
0000ABB2
00000000
00000000
00000000
00000000
00000000
00000000
00000000
0000ABB2
00000000
00000000
00000000
00000000
00000000
00000000
00000000
0000ABB2
00000000
00000000
00000000
00000000
00000000
00000000
00000000
0000ABB2
00000000
00000000
00000000
00000000
00000000
00000000
00000000
0000ABB2
00000000
00000000
00000000
00000000
00000000
00000000
00000000
0000ABB2
00000000
00000000
00000000
00000000
00000000
00000000
00000000
0000ABB2
00000000
00000000
00000000
00000000
00000000
00000000
00000000
0000ABB2
00000000
00000000
00000000
00000000
00000000
00000000
00000000
0000ABB2
00000000
00000000
00000000
00000000
00000000
00000000
00000000
0000ABB2
00000000
00000000
00000000
00000000
00000000
00000000
00000000
0000ABB2
00000000
00000000
00000000
00000000
00000000
00000000
00000000
0000ABB2
00000000
00000000
00000000
00000000
00000000
00000000
00000000
0000ABB2
00000000
00000000
00000000
00000000
00000000
00000000
00000000
0000ABB2
00000000
00000000
00000000
00000000
00000000
00000000
00000000
0000ABB2
00000000
00000000
00000000
00000000
00000000
00000000
00000000
0000ABB2
00000000
00000000
00000000
00000000
00000000
00000000
00000000
0000ABB2
00000000
00000000
00000000
00000000
00000000
00000000
00000000
0000ABB2
00000000
00000000
00000000
00000000
00000000
00000000
00000000
0000ABB2
00000000
00000000
00000000
00000000
00000000
00000000
00000000
0000ABB2
00000000
00000000
00000000
00000000
00000000
00000000
00000000
0000ABB2
00000000
00000000
00000000
00000000
00000000
00000000
00000000
0000ABB2
00000000
00000000
00000000
00000000
00000000
00000000
00000000
0000ABB2
00000000
00000000
00000000
00000000
00000000
00000000
00000000
0000ABB2
00000000
00000000
00000000
00000000
00000000
00000000
00000000
0000ABB2
00000000
00000000
00000000
00000000
00000000
00000000
00000000
0000ABB2
00000000
00000000
00000000
00000000
00000000
00000000
00000000
0000ABB2
00000000
00000000
00000000
00000000
00000000
00000000
00000000
0000ABB2
00000000
00000000
00000000
00000000
00000000
00000000
00000000
0000ABB2
00000000
00000000
00000000
00000000
00000000
00000000
00000000
0000ABB2
00000000
00000000
00000000
00000000
00000000
00000000
00000000
0000ABB2
00000000
00000000
00000000
00000000
00000000
00000000
00000000
0000ABB2
00000000
00000000
00000000
00000000
00000000
00000000
00000000
0000ABB2
00000000
00000000
00000000
00000000
00000000
00000000
00000000
0000ABB2
00000000
00000000
00000000
00000000
00000000
00000000
00000000
0000ABB2
00000000
00000000
00000000
00000000
00000000
00000000
00000000
0000ABB2
00000000
00000000
00000000
00000000
00000000
00000000
00000000
0000ABB2
00000000
00000000
00000000
00000000
00000000
00000000
00000000
0000ABB2
00000000
00000000
00000000
00000000
00000000
00000000
00000000
0000ABB2
00000000
00000000
00000000
00000000
00000000
00000000
00000000
0000ABB2
00000000
00000000
00000000
00000000
00000000
00000000
00000000
0000ABB2
00000000
00000000
00000000
00000000
00000000
00000000
00000000
0000ABB2
00000000
00000000
00000000
00000000
00000000
00000000
00000000
0000ABB2
00000000
00000000
00000000
00000000
00000000
00000000
00000000
0000ABB2
00000000
00000000
00000000
00000000
00000000
00000000
00000000
0000ABB2
00000000
00000000
00000000
00000000
00000000
00000000
00000000
0000ABB2
00000000
00000000
00000000
00000000
00000000
00000000
00000000
0000ABB2
00000000
00000000
00000000
00000000
00000000
00000000
00000000
0000ABB2
00000000
00000000
00000000
00000000
00000000
00000000
00000000
0000ABB2
00000000
00000000
00000000
00000000
00000000
00000000
00000000
0000ABB2
00000000
00000000
00000000
00000000
00000000
00000000
00000000
0000ABB2
00000000
00000000
00000000
00000000
00000000
00000000
00000000
0000ABB2
00000000
00000000
00000000
00000000
00000000
00000000
00000000
0000ABB2
00000000
00000000
00000000
00000000
00000000
00000000
00000000
0000ABB2
00000000
00000000
00000000
00000000
00000000
00000000
00000000
0000ABB2
00000000
00000000
00000000
00000000
00000000
00000000
00000000
0000ABB2
00000000
00000000
00000000
00000000
00000000
00000000
00000000
0000ABB2
00000000
00000000
00000000
00000000
00000000
00000000
00000000
0000ABB2
00000000
00000000
00000000
00000000
00000000
00000000
00000000
0000ABB2
00000000
00000000
00000000
00000000
00000000
00000000
00000000
0000ABB2
00000000
00000000
00000000
00000000
00000000
00000000
00000000
0000ABB2
00000000
00000000
00000000
00000000
00000000
00000000
00000000
0000ABB2
00000000
00000000
00000000
00000000
00000000
00000000
00000000
0000ABB2
00000000
00000000
00000000
00000000
00000000
00000000
00000000
0000ABB2
00000000
00000000
00000000
00000000
00000000
00000000
00000000
0000ABB2
00000000
00000000
00000000
00000000
00000000
00000000
00000000
0000ABB2
00000000
00000000
00000000
00000000
00000000
00000000
00000000
0000ABB2
00000000
00000000
00000000
00000000
00000000
00000000
00000000
0000ABB2
00000000
00000000
00000000
00000000
00000000
00000000
00000000
0000ABB2
00000000
00000000
00000000
00000000
00000000
00000000
00000000
0000ABB2
00000000
00000000
00000000
00000000
00000000
00000000
00000000
0000ABB2
00000000
00000000
00000000
00000000
00000000
00000000
00000000
0000ABB2
00000000
00000000
00000000
00000000
00000000
00000000
00000000
0000ABB2
00000000
00000000
00000000
00000000
00000000
00000000
00000000
0000ABB2
00000000
00000000
00000000
00000000
00000000
00000000
00000000
0000ABB2
00000000
00000000
00000000
00000000
00000000
00000000
00000000
0000ABB2
00000000
00000000
00000000
00000000
00000000
00000000
00000000
0000ABB2
00000000
00000000
00000000
00000000
00000000
00000000
00000000
0000ABB2
00000000
00000000
00000000
00000000
00000000
00000000
00000000
0000ABB2
00000000
00000000
00000000
00000000
00000000
00000000
00000000
0000ABB2
00000000
00000000
00000000
00000000
00000000
00000000
00000000
0000ABB2
00000000
00000000
00000000
00000000
00000000
00000000
00000000
0000ABB2
00000000
00000000
00000000
00000000
00000000
00000000
00000000
0000ABB2
00000000
00000000
00000000
00000000
00000000
00000000
00000000
0000ABB2
00000000
00000000
00000000
00000000
00000000
00000000
00000000
0000ABB2
00000000
00000000
00000000
00000000
00000000
00000000
00000000
0000ABB2
00000000
00000000
00000000
00000000
00000000
00000000
00000000
0000ABB2
00000000
00000000
00000000
00000000
00000000
00000000
00000000
0000ABB2
00000000
00000000
00000000
00000000
00000000
00000000
00000000
0000ABB2
00000000
00000000
00000000
00000000
00000000
00000000
00000000
0000ABB2
00000000
00000000
00000000
00000000
00000000
00000000
00000000
0000ABB2
00000000
00000000
00000000
00000000
00000000
00000000
00000000
0000ABB2
00000000
00000000
00000000
00000000
00000000
00000000
00000000
0000ABB2
00000000
00000000
00000000
00000000
00000000
00000000
00000000
0000ABB2
00000000
00000000
00000000
00000000
00000000
00000000
00000000
0000ABB2
00000000
00000000
00000000
00000000
00000000
00000000
00000000
0000ABB2
00000000
00000000
00000000
00000000
00000000
00000000
00000000
0000ABB2
00000000
00000000
00000000
00000000
00000000
00000000
00000000
0000ABB2
00000000
00000000
00000000
00000000
00000000
00000000
00000000
0000ABB2
00000000
00000000
00000000
00000000
00000000
00000000
00000000
0000ABB2
00000000
00000000
00000000
00000000
00000000
00000000
00000000
0000ABB2
00000000
00000000
00000000
00000000
00000000
00000000
00000000
0000ABB2
00000000
00000000
00000000
00000000
00000000
00000000
00000000
0000ABB2
00000000
00000000
00000000
00000000
00000000
00000000
00000000
0000ABB2
00000000
00000000
00000000
00000000
00000000
00000000
00000000
0000ABB2
00000000
00000000
00000000
00000000
00000000
00000000
00000000
0000ABB2
00000000
00000000
00000000
00000000
00000000
00000000
00000000
0000ABB2
00000000
00000000
00000000
00000000
00000000
00000000
00000000
0000ABB2
00000000
00000000
00000000
00000000
00000000
00000000
00000000
0000ABB2
00000000
00000000
00000000
00000000
00000000
00000000
00000000
0000ABB2
00000000
00000000
00000000
00000000
00000000
00000000
00000000
0000ABB2
00000000
00000000
00000000
00000000
00000000
00000000
00000000
0000ABB2
00000000
00000000
00000000
00000000
00000000
00000000
00000000
0000ABB2
00000000
00000000
00000000
00000000
00000000
00000000
00000000
0000ABB2
00000000
00000000
00000000
00000000
00000000
00000000
00000000
0000ABB2
00000000
00000000
00000000
00000000
00000000
00000000
00000000
0000ABB2
00000000
00000000
00000000
00000000
00000000
00000000
00000000
0000ABB2
00000000
00000000
00000000
00000000
00000000
00000000
00000000
0000ABB2
00000000
00000000
00000000
00000000
00000000
00000000
00000000
0000ABB2
00000000
00000000
00000000
00000000
00000000
00000000
00000000
0000ABB2
00000000
00000000
00000000
00000000
00000000
00000000
00000000
0000ABB2
00000000
00000000
00000000
00000000
00000000
00000000
00000000
0000ABB2
00000000
00000000
00000000
00000000
00000000
00000000
00000000
0000ABB2
00000000
00000000
00000000
00000000
00000000
00000000
00000000
0000ABB2
00000000
00000000
00000000
00000000
00000000
00000000
00000000
0000ABB2
00000000
00000000
00000000
00000000
00000000
00000000
00000000
0000ABB2
00000000
00000000
00000000
00000000
00000000
00000000
00000000
0000ABB2
00000000
00000000
00000000
00000000
00000000
00000000
00000000
0000ABB2
00000000
00000000
00000000
00000000
00000000
00000000
00000000
0000ABB2
00000000
00000000
00000000
00000000
00000000
00000000
00000000
0000ABB2
00000000
00000000
00000000
00000000
00000000
00000000
00000000
0000ABB2
00000000
00000000
00000000
00000000
00000000
00000000
00000000
0000ABB2
00000000
00000000
00000000
00000000
00000000
00000000
00000000
0000ABB2
00000000
00000000
00000000
00000000
00000000
00000000
00000000
0000ABB2
00000000
00000000
00000000
00000000
00000000
00000000
00000000
0000ABB2
00000000
00000000
00000000
00000000
00000000
00000000
00000000
0000ABB2
00000000
00000000
00000000
00000000
00000000
00000000
00000000
0000ABB2
00000000
00000000
00000000
00000000
00000000
00000000
00000000
0000ABB2
00000000
00000000
00000000
00000000
00000000
00000000
00000000
0000ABB2
00000000
00000000
00000000
00000000
00000000
00000000
00000000
0000ABB2
00000000
00000000
00000000
00000000
00000000
00000000
00000000
0000ABB2
00000000
00000000
00000000
00000000
00000000
00000000
00000000
0000ABB2
00000000
00000000
00000000
00000000
00000000
00000000
00000000
0000ABB2
00000000
00000000
00000000
00000000
00000000
00000000
00000000
0000ABB2
00000000
00000000
00000000
00000000
00000000
00000000
00000000
0000ABB2
00000000
00000000
00000000
00000000
00000000
00000000
00000000
0000ABB2
00000000
00000000
00000000
00000000
00000000
00000000
00000000
0000ABB2
00000000
00000000
00000000
00000000
00000000
00000000
00000000
0000ABB2
00000000
00000000
00000000
00000000
00000000
00000000
00000000
0000ABB2
00000000
00000000
00000000
00000000
00000000
00000000
00000000
0000ABB2
00000000
00000000
00000000
00000000
00000000
00000000
00000000
0000ABB2
00000000
00000000
00000000
00000000
00000000
00000000
00000000
0000ABB2
00000000
00000000
00000000
00000000
00000000
00000000
00000000
0000ABB2
00000000
00000000
00000000
00000000
00000000
00000000
00000000
0000ABB2
00000000
00000000
00000000
00000000
00000000
00000000
00000000
0000ABB2
00000000
00000000
00000000
00000000
00000000
00000000
00000000
0000ABB2
00000000
00000000
00000000
00000000
00000000
00000000
00000000
0000ABB2
00000000
00000000
00000000
00000000
00000000
00000000
00000000
0000ABB2
00000000
00000000
00000000
00000000
00000000
00000000
00000000
0000ABB2
00000000
00000000
00000000
00000000
00000000
00000000
00000000
0000ABB2
00000000
00000000
00000000
00000000
00000000
00000000
00000000
0000ABB2
00000000
00000000
00000000
00000000
00000000
00000000
00000000
0000ABB2
00000000
00000000
00000000
00000000
00000000
00000000
00000000
0000ABB2
00000000
00000000
00000000
00000000
00000000
00000000
00000000
0000ABB2
00000000
00000000
00000000
00000000
00000000
00000000
00000000
0000ABB2
00000000
00000000
00000000
00000000
00000000
00000000
00000000
0000ABB2
00000000
00000000
00000000
00000000
00000000
00000000
00000000
0000ABB2
00000000
00000000
00000000
00000000
00000000
00000000
00000000
0000ABB2
00000000
00000000
00000000
00000000
00000000
00000000
00000000
0000ABB2
00000000
00000000
00000000
00000000
00000000
00000000
00000000
0000ABB2
00000000
00000000
00000000
00000000
00000000
00000000
00000000
0000ABB2
00000000
00000000
00000000
00000000
00000000
00000000
00000000
0000ABB2
00000000
00000000
00000000
00000000
00000000
00000000
00000000
0000ABB2
00000000
00000000
00000000
00000000
00000000
00000000
00000000
0000ABB2
00000000
00000000
00000000
00000000
00000000
00000000
00000000
0000ABB2
00000000
00000000
00000000
00000000
00000000
00000000
00000000
0000ABB2
00000000
00000000
00000000
00000000
00000000
00000000
00000000
0000ABB2
00000000
00000000
00000000
00000000
00000000
00000000
00000000
0000ABB2
00000000
00000000
00000000
00000000
00000000
00000000
00000000
0000ABB2
00000000
00000000
00000000
00000000
00000000
00000000
00000000
0000ABB2
00000000
00000000
00000000
00000000
00000000
00000000
00000000
0000ABB2
00000000
00000000
00000000
00000000
00000000
00000000
00000000
0000ABB2
00000000
00000000
00000000
00000000
00000000
00000000
00000000
0000ABB2
00000000
00000000
00000000
00000000
00000000
00000000
00000000
0000ABB2
00000000
00000000
00000000
00000000
00000000
00000000
00000000
0000ABB2
00000000
00000000
00000000
00000000
00000000
00000000
00000000
0000ABB2
00000000
00000000
00000000
00000000
00000000
00000000
00000000
0000ABB2
00000000
00000000
00000000
00000000
00000000
00000000
00000000
0000ABB2
00000000
00000000
00000000
00000000
00000000
00000000
00000000
0000ABB2
00000000
00000000
00000000
00000000
00000000
00000000
00000000
0000ABB2
00000000
00000000
00000000
00000000
00000000
00000000
00000000
0000ABB2
00000000
00000000
00000000
00000000
00000000
00000000
00000000
0000ABB2
00000000
00000000
00000000
00000000
00000000
00000000
00000000
0000ABB2
00000000
00000000
00000000
00000000
00000000
00000000
00000000
0000ABB2
00000000
00000000
00000000
00000000
00000000
00000000
00000000
0000ABB2
00000000
00000000
00000000
00000000
00000000
00000000
00000000
0000ABB2
00000000
00000000
00000000
00000000
00000000
00000000
00000000
0000ABB2
00000000
00000000
00000000
00000000
00000000
00000000
00000000
0000ABB2
00000000
00000000
00000000
00000000
00000000
00000000
00000000
0000ABB2
00000000
00000000
00000000
00000000
00000000
00000000
00000000
0000ABB2
00000000
00000000
00000000
00000000
00000000
00000000
00000000
0000ABB2
00000000
00000000
00000000
00000000
00000000
00000000
00000000
0000ABB2
00000000
00000000
00000000
00000000
00000000
00000000
00000000
0000ABB2
00000000
00000000
00000000
00000000
00000000
00000000
00000000
0000ABB2
00000000
00000000
00000000
00000000
00000000
00000000
00000000
0000ABB2
00000000
00000000
00000000
00000000
00000000
00000000
00000000
0000ABB2
00000000
00000000
00000000
00000000
00000000
00000000
00000000
0000ABB2
00000000
00000000
00000000
00000000
00000000
00000000
00000000
0000ABB2
00000000
00000000
00000000
00000000
00000000
00000000
00000000
0000ABB2
00000000
00000000
00000000
00000000
00000000
00000000
00000000
0000ABB2
00000000
00000000
00000000
00000000
00000000
00000000
00000000
0000ABB2
00000000
00000000
00000000
00000000
00000000
00000000
00000000
0000ABB2
00000000
00000000
00000000
00000000
00000000
00000000
00000000
0000ABB2
00000000
00000000
00000000
00000000
00000000
00000000
00000000
0000ABB2
00000000
00000000
00000000
00000000
00000000
00000000
00000000
