neuron_index,bodyId,type,instance,is_input,is_relay,is_output,is_aPN1,is_vPN1,is_pC1,is_pIP10,is_pMP2
0,10001,DNp01,DNp01(GF)_R,False,False,False,False,False,False,False,False
1,10010,DNp01,DNp01(GF)_L,False,False,False,False,False,False,False,False
2,10013,MBON01,MBON01(y5B'2a)_R,False,False,False,False,False,False,False,False
3,10017,AMMC-A1,AMMC-A1_L,False,False,False,False,False,False,False,False
4,10020,AMMC-A1,AMMC-A1_L,False,False,False,False,False,False,False,False
5,10026,DNp18,DNp18_R,False,False,False,False,False,False,False,False
6,10030,pIP1,pIP1_L,False,False,False,False,False,False,False,False
7,10033,DNg56,DNg56_R,False,False,False,False,False,False,False,False
8,10038,pIP1,pIP1_R,False,False,False,False,False,False,False,False
9,10041,OA-VUMa1,OA-VUMa1_M,False,False,False,False,False,False,False,False
10,10044,SMP108,SMP108_L,False,False,False,False,False,False,False,False
11,10045,DNg100,DNg100_L,False,False,False,False,False,False,False,False
12,10046,MeVC11,MeVC11_L,False,False,False,False,False,False,False,False
13,10048,DNp18,DNp18_L,False,False,False,False,False,False,False,False
14,10050,5-HTPMPV03,5-HTPMPV03_R,False,False,False,False,False,False,False,False
15,10056,DNg100,DNg100_R,False,False,False,False,False,False,False,False
16,10057,mALD1,mALD1_R,False,False,False,False,False,False,False,False
17,10063,DNp27,DNp27_R,False,False,False,False,False,False,False,False
18,10065,DNb05,DNb05_R,False,False,False,False,False,False,False,False
19,10067,MeVPLp1,MeVPLp1_L,False,False,False,False,False,False,False,False
20,10069,AN07B004,AN07B004(PS299)_R,False,False,False,False,False,False,False,False
21,10070,AOTU019,AOTU019_L,False,False,False,False,False,False,False,False
22,10074,PVLP010,PVLP010_L,False,False,False,False,False,False,False,False
23,10075,DA1_lPN,DA1_lPN_L,False,False,False,False,False,False,False,False
24,10078,MeVC1,MeVC1_L,False,False,False,False,False,False,False,False
25,10080,OA-VUMa3,OA-VUMa3_M,False,False,False,False,False,False,False,False
26,10082,AVLP016,AVLP016_R,False,False,False,False,False,False,False,False
27,10083,AVLP748m,AVLP748m_R,False,False,False,False,False,False,False,False
28,10087,ANXXX033,ANXXX033_L,False,False,False,False,False,False,False,False
29,10088,MeVC1,MeVC1_R,False,False,False,False,False,False,False,False
30,10089,PLP034,PLP034_L,False,False,False,False,False,False,False,False
31,10090,aSP22,aSP22(DNa12)_L,False,False,False,False,False,False,False,False
32,10091,DNpe042,DNpe042(CL262)_L,False,False,False,False,False,False,False,False
33,10094,AVLP597,AVLP597_L,False,False,False,False,False,False,False,False
34,10098,AVLP442,AVLP442_L,False,False,False,False,False,False,False,False
35,10100,LoVCLo3,LoVCLo3_R,False,False,False,False,False,False,False,False
36,10101,PS100,PS100_R,False,False,False,False,False,False,False,False
37,10103,GNG104,GNG104_L,False,False,False,False,False,False,False,False
38,10104,aSP22,aSP22(DNa12)_R,False,False,False,False,False,False,False,False
39,10105,MeVC25,MeVC25_L,False,False,False,False,False,False,False,False
40,10106,DNp11,DNp11_R,False,False,False,False,False,False,False,False
41,10109,VES041,VES041_L,False,False,False,False,False,False,False,False
42,10110,OA-VUMa1,OA-VUMa1_M,False,False,False,False,False,False,False,False
43,10113,GNG106,GNG106_R,False,False,False,False,False,False,False,False
44,10114,Cm34,Cm34_R,False,False,False,False,False,False,False,False
45,10115,AVLP016,AVLP016_L,False,False,False,False,False,False,False,False
46,10116,VES074,VES074_L,False,False,False,False,False,False,False,False
47,10117,DNp02,DNp02_R,False,False,False,False,False,False,False,False
48,10118,DNb05,DNb05_L,False,False,False,False,False,False,False,False
49,10120,OA-VPM4,OA-VPM4_L,False,False,False,False,False,False,False,False
50,10122,SMP108,SMP108_R,False,False,False,False,False,False,False,False
51,10123,DNg30,DNg30_L,False,False,False,False,False,False,False,False
52,10124,DNg105,DNg105_L,False,False,False,False,False,False,False,False
53,10127,VES064,VES064_L,False,False,False,False,False,False,False,False
54,10128,SAD103,SAD103_M,False,False,False,False,False,False,False,False
55,10131,DNg74_a,DNg74_a_R,False,False,False,False,False,False,False,False
56,10132,LoVC1,LoVC1(IB112)_R,False,False,False,False,False,False,False,False
57,10134,VL2a_adPN,VL2a_adPN_L,False,False,False,False,False,False,False,False
58,10135,DNge031,DNge031_L,False,False,False,False,False,False,False,False
59,10136,PS304,PS304_L,False,False,False,False,False,False,False,False
60,10139,AVLP040,AVLP040_L,False,False,False,False,False,False,False,False
61,10141,DNg15,DNg15_L,False,False,False,False,False,False,False,False
62,10145,PVLP130,PVLP130_L,False,False,False,False,False,False,False,False
63,10147,LHAD1g1,LHAD1g1_L,False,False,False,False,False,False,False,False
64,10151,DNge103,DNge103_R,False,False,False,False,False,False,False,False
65,10153,SAD051_b,SAD051_b_L,False,True,False,True,False,False,False,False
66,10159,GNG702m,GNG702m_L,False,False,False,False,False,False,False,False
67,10160,DNg90,DNg90_L,False,False,False,False,False,False,False,False
68,10163,DNge036,DNge036_L,False,False,False,False,False,False,False,False
69,10164,MeVP26,MeVP26_L,False,False,False,False,False,False,False,False
70,10166,IB008,IB008_L,False,False,False,False,False,False,False,False
71,10167,VES041,VES041_R,False,False,False,False,False,False,False,False
72,10168,OA-VUMa6,OA-VUMa6(OA-VUMa7)_M,False,False,False,False,False,False,False,False
73,10172,AVLP080,AVLP080_L,False,False,False,False,False,False,False,False
74,10173,PVLP151,PVLP151_L,False,False,False,False,False,False,False,False
75,10175,OA-VUMa6,OA-VUMa6(OA-VUMa7)_M,False,False,False,False,False,False,False,False
76,10177,DNg16,DNg16_L,False,False,False,False,False,False,False,False
77,10180,AN02A002,AN02A002_R,False,False,False,False,False,False,False,False
78,10184,CL366,CL366_L,False,False,False,False,False,False,False,False
79,10185,OA-VUMa8,OA-VUMa8_M,False,False,False,False,False,False,False,False
80,10186,CL361,CL361_L,False,False,False,False,False,False,False,False
81,10187,OA-VPM3,OA-VPM3_R,False,False,False,False,False,False,False,False
82,10188,LoVC6,LoVC6_R,False,False,False,False,False,False,False,False
83,10191,GNG661,GNG661_R,False,False,False,False,False,False,False,False
84,10193,CB2207,CB2207_L,False,False,False,False,False,False,False,False
85,10194,CB2377,CB2377_L,False,False,False,False,False,False,False,False
86,10195,DNp29,DNp29(NPFP1)_R,False,False,False,False,False,False,False,False
87,10197,DNp02,DNp02_L,False,False,False,False,False,False,False,False
88,10202,GNG103,GNG103(hb5813083315)_R,False,False,False,False,False,False,False,False
89,10203,PS100,PS100_L,False,False,False,False,False,False,False,False
90,10205,GNG003,GNG003_M,False,False,False,False,False,False,False,False
91,10207,PS124,PS124_L,False,False,False,False,False,False,False,False
92,10212,AOTU042,AOTU042_L,False,False,False,False,False,False,False,False
93,10213,DNge083,DNge083_R,False,False,False,False,False,False,False,False
94,10215,CB0677,CB0677_R,False,False,False,False,False,False,False,False
95,10216,DNge037,DNge037_R,False,False,False,False,False,False,False,False
96,10218,DNg35,DNg35_R,False,False,False,False,False,False,False,False
97,10220,LoVC16,LoVC16_L,False,False,False,False,False,False,False,False
98,10221,DNge037,DNge037_L,False,False,False,False,False,False,False,False
99,10223,DNpe056,DNpe056(PVLP146)_L,False,False,False,False,False,False,False,False
100,10224,AVLP001,AVLP001_L,False,False,False,False,False,False,False,False
101,10228,DNp06,DNp06_L,False,False,False,False,False,False,False,False
102,10230,SIP136m,SIP136m_R,False,False,False,False,False,False,False,False
103,10234,DNp35,DNp35(PVLP136)_L,False,False,False,False,False,False,False,False
104,10236,DNg99,DNg99_R,False,False,False,False,False,False,False,False
105,10237,DNg30,DNg30_R,False,False,False,False,False,False,False,False
106,10240,WED092,WED092_L,False,False,False,False,False,False,False,False
107,10241,AVLP001,AVLP001_R,False,False,False,False,False,False,False,False
108,10243,VES104,VES104_L,False,False,False,False,False,False,False,False
109,10244,DNp55,DNp55(WED180)_L,False,False,False,False,False,False,False,False
110,10245,DNp36,DNp36(CL342)_R,False,False,False,False,False,False,False,False
111,10246,SAD096,SAD096(hb2316502686)_M,False,False,False,False,False,False,False,False
112,10247,DNg74_a,DNg74_a_L,False,False,False,False,False,False,False,False
113,10252,CL001,CL001_R,False,False,False,False,False,False,False,False
114,10253,AN07B004,AN07B004(PS299)_L,False,False,False,False,False,False,False,False
115,10257,AMMC-A1,AMMC-A1_L,False,False,False,False,False,False,False,False
116,10258,PLP124,PLP124_R,False,False,False,False,False,False,False,False
117,10259,DNp11,DNp11_L,False,False,False,False,False,False,False,False
118,10263,GNG300,GNG300_R,False,False,False,False,False,False,False,False
119,10273,SIP136m,SIP136m_L,False,False,False,False,False,False,False,False
120,10274,DNg108,DNg108_L,False,False,False,False,False,False,False,False
121,10278,5-HTPMPV03,5-HTPMPV03_L,False,False,False,False,False,False,False,False
122,10279,SAD113,SAD113_L,False,False,False,False,False,False,False,False
123,10280,DNp47,DNp47(PS293)_R,False,False,False,False,False,False,False,False
124,10281,DNg108,DNg108_R,False,False,False,False,False,False,False,False
125,10283,DNp103,DNp103(PVLP119)_R,False,False,False,False,False,False,False,False
126,10286,DNpe053,DNpe053(SMP454)_L,False,False,False,False,False,False,False,False
127,10287,AVLP606,AVLP606(hb1822659562)_M,False,False,False,False,False,False,False,False
128,10292,GNG702m,GNG702m_R,False,False,False,False,False,False,False,False
129,10294,OLVC5,OLVC5(PS064)_L,False,False,False,False,False,False,False,False
130,10295,DNg34,DNg34_L,False,False,False,False,False,False,False,False
131,10296,DNge054,DNge054_R,False,False,False,False,False,False,False,False
132,10297,LHAD1g1,LHAD1g1_R,False,False,False,False,False,False,False,False
133,10301,DNge050,DNge050_L,False,False,False,False,False,False,False,False
134,10304,DNge041,DNge041_R,False,False,False,False,False,False,False,False
135,10305,LHPV12a1,LHPV12a1_L,False,False,False,False,False,False,False,False
136,10307,AVLP083,AVLP083(no left?)_R,False,False,False,False,False,False,False,False
137,10313,DNge031,DNge031_R,False,False,False,False,False,False,False,False
138,10315,SAD073,SAD073_R,False,False,False,False,False,False,False,False
139,10319,AVLP215,AVLP215_L,False,False,False,False,False,False,False,False
140,10323,CL366,CL366_R,False,False,False,False,False,False,False,False
141,10328,SMP709m,SMP709m_R,False,False,False,False,False,False,False,False
142,10329,PVLP137,PVLP137_R,False,False,False,False,False,False,False,False
143,10333,PS306,PS306_R,False,False,False,False,False,False,False,False
144,10336,DNg22,DNg22_R,False,False,False,False,False,False,False,False
145,10341,DNp19,DNp19_L,False,False,False,False,False,False,False,False
146,10347,LHPV6q1,LHPV6q1_L,False,False,False,False,False,False,False,False
147,10348,AVLP501,AVLP501_L,False,False,False,False,False,False,False,False
148,10353,AVLP538,AVLP538_R,False,False,False,False,False,False,False,False
149,10354,DNp73,DNp73_R,False,False,False,False,False,False,False,False
150,10360,DNa02,DNa02_R,False,False,False,False,False,False,False,False
151,10361,DNg40,DNg40(hb5813056435)_L,False,False,False,False,False,False,False,False
152,10364,PVLP061,PVLP061_L,False,False,False,False,False,False,False,False
153,10365,GNG114,GNG114_R,False,False,False,False,False,False,False,False
154,10366,DNp59,DNp59(CL247)_R,False,False,False,False,False,False,False,False
155,10371,WED203,WED203_L,False,False,False,False,False,False,False,False
156,10373,PVLP141,PVLP141_L,False,False,False,False,False,False,False,False
157,10374,SAD112_a,SAD112_a_R,False,False,False,False,False,False,False,False
158,10377,DNge054,DNge054_L,False,False,False,False,False,False,False,False
159,10379,DNa10,DNa10_R,False,False,False,False,False,False,False,False
160,10384,DNp63,DNp63(PS113)_R,False,False,False,False,False,False,False,False
161,10386,PVLP031,PVLP031_L,False,False,False,False,False,False,False,False
162,10388,DNp13,DNp13_R,False,False,False,False,False,False,False,False
163,10392,AVLP474,AVLP474_L,False,False,False,False,False,False,False,False
164,10393,CL257,CL257_R,False,False,False,False,False,False,False,False
165,10394,DNg98,DNg98_L,False,False,False,False,False,False,False,False
166,10399,PPL202,PPL202_R,False,False,False,False,False,False,False,False
167,10404,AVLP082,AVLP082_R,False,False,False,False,False,False,False,False
168,10405,mAL_m5a,mAL_m5a_L,False,False,False,False,False,False,False,False
169,10407,AVLP609,AVLP609_L,False,False,False,False,False,False,False,False
170,10411,DNb09,DNb09(DNb01)_R,False,False,False,False,False,False,False,False
171,10412,CL036,CL036_L,False,False,False,False,False,False,False,False
172,10413,CB4248,CB4175_R,False,False,False,False,False,False,False,False
173,10417,DNp103,DNp103(PVLP119)_L,False,False,False,False,False,False,False,False
174,10420,GNG667,GNG667_L,False,False,False,False,False,False,False,False
175,10421,AVLP079,AVLP079_L,False,False,False,False,False,False,False,False
176,10425,DNp10,DNp10_L,False,False,False,False,False,False,False,False
177,10429,VM6_adPN,VM6_adPN_L,False,False,False,False,False,False,False,False
178,10432,LoVCLo3,LoVCLo3_L,False,False,False,False,False,False,False,False
179,10433,DNp10,DNp10_R,False,False,False,False,False,False,False,False
180,10434,AN19B019,AN19B019(hb706176085)_R,False,False,False,False,False,False,False,False
181,10440,DNg16,DNg16_R,False,False,False,False,False,False,False,False
182,10444,DNge035,DNge035_L,False,False,False,False,False,False,False,False
183,10445,LT11,LT11_L,False,False,False,False,False,False,False,False
184,10446,DNp73,DNp73_L,False,False,False,False,False,False,False,False
185,10447,DNge138,DNge138_M,False,False,False,False,False,False,False,False
186,10448,PVLP093,PVLP093_L,False,False,False,False,False,False,False,False
187,10449,DNpe025,DNpe025(PVLP145)_L,False,False,False,False,False,False,False,False
188,10450,LT62,LT62_L,False,False,False,False,False,False,False,False
189,10457,mALD1,mALD1_L,False,False,False,False,False,False,False,False
190,10458,DNp13,DNp13_L,False,False,False,False,False,False,False,False
191,10461,AL-AST1,AL-AST1_L,False,False,False,False,False,False,False,False
192,10468,GNG144,GNG144_L,False,False,False,False,False,False,False,False
193,10471,GNG118,GNG118_L,False,False,False,False,False,False,False,False
194,10472,MZ_lv2PN,MZ_lv2PN_L,False,False,False,False,False,False,False,False
195,10475,LT42,LT42_L,False,False,False,False,False,False,False,False
196,10480,MeVP53,MeVP53_R,False,False,False,False,False,False,False,False
197,10482,DNg35,DNg35_L,False,False,False,False,False,False,False,False
198,10483,PVLP138,PVLP138_L,False,False,False,False,False,False,False,False
199,10484,SLP031,SLP031_L,False,False,False,False,False,False,False,False
200,10485,LPT54,LPT54(PLP179)_L,False,False,False,False,False,False,False,False
201,10487,CL311,CL311_L,False,False,False,False,False,False,False,False
202,10489,GNG502,GNG502_R,False,False,False,False,False,False,False,False
203,10490,GNG671,GNG671_M,False,False,False,False,False,False,False,False
204,10493,CB4176,CB4176_R,False,False,False,False,False,False,False,False
205,10494,AVLP076,AVLP076_L,False,False,False,False,False,False,False,False
206,10497,VES079,VES079_L,False,False,False,False,False,False,False,False
207,10498,aIPg_m4,aIPg_m4_L,False,False,False,False,False,False,False,False
208,10499,DNge039,DNge039_R,False,False,False,False,False,False,False,False
209,10501,GNG284,GNG284(hb1821378236)_L,False,False,False,False,False,False,False,False
210,10506,DNg37,DNg37_R,False,False,False,False,False,False,False,False
211,10509,CB0090,CB0090_R,False,False,False,False,False,False,False,False
212,10512,ANXXX109,ANXXX109_R,False,False,False,False,False,False,False,False
213,10517,LAL124,LAL124_R,False,False,False,False,False,False,False,False
214,10518,Cm31b,Cm31b_R,False,False,False,False,False,False,False,False
215,10519,AVLP434_a,AVLP434_a_R,False,False,False,False,False,False,False,False
216,10520,DNg74_b,DNg74_b_L,False,False,False,False,False,False,False,False
217,10525,SMP544,SMP544_L,False,False,False,False,False,False,False,False
218,10527,DNpe017,DNpe017(hb1406000196)_L,False,False,False,False,False,False,False,False
219,10528,SMP054,SMP054_L,False,False,False,False,False,False,False,False
220,10529,WED184,WED184_L,False,False,False,False,False,False,False,False
221,10534,AVLP541,AVLP541_L,False,False,False,False,False,False,False,False
222,10536,DNg29,DNg29_L,False,False,False,False,False,False,False,False
223,10542,LoVC25,LoVC25_L,False,False,False,False,False,False,False,False
224,10544,DNg88,DNg88_R,False,False,False,False,False,False,False,False
225,10545,AN06B009,AN06B009(hb1687321237)_R,False,False,False,False,False,False,False,False
226,10546,LAL125,LAL125_R,False,False,False,False,False,False,False,False
227,10547,SIP119m,SIP119m_L,False,False,False,False,False,False,False,False
228,10550,AN02A001,AN02A001_R,False,False,False,False,False,False,False,False
229,10552,DNp29,DNp29(NPFP1)_L,False,False,False,False,False,False,False,False
230,10555,OA-VUMa3,OA-VUMa3_M,False,False,False,False,False,False,False,False
231,10558,DNp35,DNp35(PVLP136)_R,False,False,False,False,False,False,False,False
232,10559,GNG106,GNG106_L,False,False,False,False,False,False,False,False
233,10563,GNG109,GNG109_L,False,False,False,False,False,False,False,False
234,10570,SAD107,SAD107_R,False,False,False,False,False,False,False,False
235,10574,IB038,IB038_L,False,False,False,False,False,False,False,False
236,10575,DNde002,DNde002(VES029)_R,False,False,False,False,False,False,False,False
237,10576,AN12B004,AN12B004(10576)_L,False,False,False,False,False,False,False,False
238,10577,DNg96,DNg96_R,False,False,False,False,False,False,False,False
239,10579,MeVP51,MeVP51_L,False,False,False,False,False,False,False,False
240,10580,DNp70,DNp70(CL305)_L,False,False,False,False,False,False,False,False
241,10581,IN06B012,IN06B012_L,False,False,False,False,False,False,False,False
242,10583,LPT60,LPT60_R,False,False,False,False,False,False,False,False
243,10584,DNp06,DNp06_R,False,False,False,False,False,False,False,False
244,10585,VES202m,VES202m_L,False,False,False,False,False,False,False,False
245,10587,DNge011,DNge011_L,False,False,False,False,False,False,False,False
246,10588,AVLP710m,AVLP710m_R,False,False,False,False,False,False,False,False
247,10589,DNp43,DNp43(CL332)_L,False,False,False,False,False,False,False,False
248,10590,DNpe052,DNpe052(AVLP564)_L,False,False,False,False,False,False,False,False
249,10592,AN08B012,AN08B012_L,False,False,False,False,False,False,False,False
250,10597,LoVC20,LoVC20_R,False,False,False,False,False,False,False,False
251,10598,WED191,WED191_M,False,False,False,False,False,False,False,False
252,10601,DNpe025,DNpe025(PVLP145)_R,False,False,False,False,False,False,False,False
253,10602,AVLP200,AVLP200_L,False,False,False,False,False,False,False,False
254,10603,PS196_a,PS196_a_L,False,False,False,False,False,False,False,False
255,10607,CB0647,CB0647_R,False,False,False,False,False,False,False,False
256,10609,PVLP120,PVLP120(hb1599285725)_L,False,False,False,False,False,False,False,False
257,10611,Li39,Li39_R,False,False,False,False,False,False,False,False
258,10612,Pm12,Pm12_R,False,False,False,False,False,False,False,False
259,10617,GNG105,GNG105_R,False,False,False,False,False,False,False,False
260,10618,SIP105m,SIP105m_L,False,False,False,False,False,False,False,False
261,10620,AN08B007,AN08B007_L,False,False,False,False,False,False,False,False
262,10623,GNG109,GNG109_R,False,False,False,False,False,False,False,False
263,10628,AL-AST1,AL-AST1_R,False,False,False,False,False,False,False,False
264,10629,AL-AST1,AL-AST1_R,False,False,False,False,False,False,False,False
265,10635,CRE021,CRE021_R,False,False,False,False,False,False,False,False
266,10637,FLA016,FLA016_R,False,False,False,False,False,False,False,False
267,10638,GNG667,GNG667_R,False,False,False,False,False,False,False,False
268,10639,LoVC22,LoVC22_R,False,False,False,False,False,False,False,False
269,10641,PVLP106,PVLP106_L,False,False,False,False,False,False,False,False
270,10644,PLP163,PLP163_L,False,False,False,False,False,False,False,False
271,10646,AVLP597,AVLP597_R,False,False,False,False,False,False,False,False
272,10648,aMe_TBD1,aMe_TBD1_L,False,False,False,False,False,False,False,False
273,10649,DNp38,DNp38_L,False,False,False,False,False,False,False,False
274,10654,DNb01,DNb01_L,False,False,False,False,False,False,False,False
275,10657,AVLP299_b,AVLP299_b_L,False,False,False,False,False,False,False,False
276,10659,AVLP433_a,AVLP433_a_R,False,False,False,False,False,False,False,False
277,10666,pC1x_c,pC1x_c_R,False,True,False,False,False,True,False,False
278,10667,AVLP210,AVLP210_L,False,False,False,False,False,False,False,False
279,10668,DNge006,DNge006_R,False,False,False,False,False,False,False,False
280,10669,CRE074,CRE074_R,False,False,False,False,False,False,False,False
281,10671,AN02A002,AN02A002_L,False,False,False,False,False,False,False,False
282,10673,GNG002,GNG002_M,False,False,False,False,False,False,False,False
283,10674,DNp59,DNp59(CL247)_L,False,False,False,False,False,False,False,False
284,10675,LT66,LT66_L,False,False,False,False,False,False,False,False
285,10678,LHCENT11,LHCENT11_L,False,False,False,False,False,False,False,False
286,10680,DNp48,DNp48(SMP462)_L,False,False,False,False,False,False,False,False
287,10681,CL110,CL110_L,False,False,False,False,False,False,False,False
288,10682,LPT54,LPT54(PLP179)_R,False,False,False,False,False,False,False,False
289,10683,SLP003,SLP003_R,False,False,False,False,False,False,False,False
290,10684,WED185,WED185(hb2126870445)_M,False,False,False,False,False,False,False,False
291,10686,DNge132,DNge132_L,False,False,False,False,False,False,False,False
292,10688,CB0533,CB0533_R,False,False,False,False,False,False,False,False
293,10689,AN12B001,AN12B001_L,False,False,False,False,False,False,False,False
294,10691,WED203,WED203_R,False,False,False,False,False,False,False,False
295,10693,LoVP101,LoVP101_R,False,False,False,False,False,False,False,False
296,10698,CL092,CL092_L,False,False,False,False,False,False,False,False
297,10703,DNge036,DNge036_R,False,False,False,False,False,False,False,False
298,10705,DNc02,DNc02(SIFa)_L,False,False,False,False,False,False,False,False
299,10706,DNx01,DNx01_L,False,False,False,False,False,False,False,False
300,10707,SMP593,SMP593_R,False,False,False,False,False,False,False,False
301,10709,WED193,WED193_R,False,False,False,False,False,False,False,False
302,10710,DNg102,DNg102_R,False,False,False,False,False,False,False,False
303,10712,DNp36,DNp36(CL342)_L,False,False,False,False,False,False,False,False
304,10713,DNp42,DNp42_L,False,False,False,False,False,False,False,False
305,10714,LT61a,LT61a_L,False,False,False,False,False,False,False,False
306,10717,DNg93,DNg93_R,False,False,False,False,False,False,False,False
307,10719,AVLP079,AVLP079_R,False,False,False,False,False,False,False,False
308,10720,CB0128,CB0128_R,False,False,False,False,False,False,False,False
309,10727,DNpe002,DNpe002(VES068)_L,False,False,False,False,False,False,False,False
310,10728,WED116,WED116_L,False,False,False,False,False,False,False,False
311,10729,Nod4,Nod4_R,False,False,False,False,False,False,False,False
312,10731,SAD107,SAD107_L,False,False,False,False,False,False,False,False
313,10732,DNpe056,DNpe056(PVLP146)_R,False,False,False,False,False,False,False,False
314,10734,DNg93,DNg93_L,False,False,False,False,False,False,False,False
315,10735,LoVC18,"LoVC18(PLP030,PLP031)_L",False,False,False,False,False,False,False,False
316,10736,VP2_adPN,VP2_adPN_L,False,False,False,False,False,False,False,False
317,10739,DNg24,DNg24_L,False,False,False,False,False,False,False,False
318,10742,PVLP107,PVLP107_L,False,False,False,False,False,False,False,False
319,10743,SAD001,SAD001_L,False,False,False,False,False,False,False,False
320,10748,CB0214,CB0214_R,False,False,False,False,False,False,False,False
321,10749,AVLP289,AVLP289_L,False,False,False,False,False,False,False,False
322,10750,MeVC3,MeVC3_R,False,False,False,False,False,False,False,False
323,10760,DNa01,DNa01(VES006)_R,False,False,False,False,False,False,False,False
324,10763,MDN,MDN_R,False,False,False,False,False,False,False,False
325,10765,pMP2,pMP2_R,False,False,True,False,False,False,False,True
326,10769,VES012,VES012_R,False,False,False,False,False,False,False,False
327,10770,DNp23,DNp23_L,False,False,False,False,False,False,False,False
328,10773,SAD108,SAD108(hb2033109040)_R,False,False,False,False,False,False,False,False
329,10774,AOTU100m,AOTU100m_R,False,False,False,False,False,False,False,False
330,10775,AN01A089,AN01A089_R,False,False,False,False,False,False,False,False
331,10777,PS088,PS088_L,False,False,False,False,False,False,False,False
332,10778,CL286,CL286_L,False,False,False,False,False,False,False,False
333,10780,AVLP396,AVLP396_L,False,False,False,False,False,False,False,False
334,10781,PS088,PS088_R,False,False,False,False,False,False,False,False
335,10783,DNp09,DNp09_L,False,False,False,False,False,False,False,False
336,10784,SAD051_b,SAD051_b_R,False,True,False,True,False,False,False,False
337,10788,SAD112_c,SAD112_c_R,False,False,False,False,False,False,False,False
338,10791,CB3024,CB3024_L,False,False,False,False,False,False,False,False
339,10792,AVLP571,AVLP571_L,False,False,False,False,False,False,False,False
340,10794,PLP074,PLP074_L,False,False,False,False,False,False,False,False
341,10795,SAD051_a,SAD051_a_L,False,False,False,False,False,False,False,False
342,10797,AN12B001,AN12B001_R,False,False,False,False,False,False,False,False
343,10798,SMP543,SMP543_R,False,False,False,False,False,False,False,False
344,10799,OA-VUMa4,OA-VUMa4_M,False,False,False,False,False,False,False,False
345,10800,DNbe007,DNbe007(VES042)_L,False,False,False,False,False,False,False,False
346,10806,GNG494,GNG494_R,False,False,False,False,False,False,False,False
347,10810,DNp66,DNp66(AVLP499)_L,False,False,False,False,False,False,False,False
348,10813,DNp43,DNp43(CL332)_R,False,False,False,False,False,False,False,False
349,10822,DNge047,DNge047_R,False,False,False,False,False,False,False,False
350,10823,DNp48,DNp48(SMP462)_R,False,False,False,False,False,False,False,False
351,10828,AVLP531,AVLP531_L,False,False,False,False,False,False,False,False
352,10831,WED195,WED195_R,False,False,False,False,False,False,False,False
353,10832,GNG302,GNG302_L,False,False,False,False,False,False,False,False
354,10833,DNge062,DNge062_R,False,False,False,False,False,False,False,False
355,10834,DNpe013,DNpe013(PS168)_L,False,False,False,False,False,False,False,False
356,10837,DNa15,DNa15(PS017)_R,False,False,False,False,False,False,False,False
357,10838,DNde005,DNde005(VES028)_R,False,False,False,False,False,False,False,False
358,10840,AN19B017,AN19B017_R,False,False,False,False,False,False,False,False
359,10842,CB0429,CB0429_L,False,False,False,False,False,False,False,False
360,10844,DNge053,DNge053_L,False,False,False,False,False,False,False,False
361,10846,DNge107,DNge107_R,False,False,False,False,False,False,False,False
362,10847,AVLP532,AVLP532_R,False,False,False,False,False,False,False,False
363,10849,GNG117,GNG117_L,False,False,False,False,False,False,False,False
364,10852,LoVC18,"LoVC18(PLP030,PLP031)_L",False,False,False,False,False,False,False,False
365,10853,DNge049,DNge049_L,False,False,False,False,False,False,False,False
366,10855,GNG004,GNG004_M,False,False,False,False,False,False,False,False
367,10856,DNge129,DNge129_R,False,False,False,False,False,False,False,False
368,10858,GNG666,GNG666_L,False,False,False,False,False,False,False,False
369,10862,LoVP109,LoVP109(no right?)_L,False,False,False,False,False,False,False,False
370,10866,PLP092,PLP092_R,False,False,False,False,False,False,False,False
371,10867,PVLP076,PVLP076_R,False,False,False,False,False,False,False,False
372,10872,CB0677,CB0677_L,False,False,False,False,False,False,False,False
373,10874,AVLP478,AVLP478_L,False,False,False,False,False,False,False,False
374,10875,AOTU042,AOTU042_L,False,False,False,False,False,False,False,False
375,10876,SAD111,SAD111_R,False,False,False,False,False,False,False,False
376,10879,AVLP076,AVLP076_R,False,False,False,False,False,False,False,False
377,10883,CL361,CL361_R,False,False,False,False,False,False,False,False
378,10885,DNg88,DNg88_L,False,False,False,False,False,False,False,False
379,10886,GNG302,GNG302_R,False,False,False,False,False,False,False,False
380,10887,IB114,IB114_R,False,False,False,False,False,False,False,False
381,10888,DNb06,DNb06_L,False,False,False,False,False,False,False,False
382,10889,SAD097,SAD097(hb2002083432)_R,False,False,False,False,False,False,False,False
383,10895,DNg90,DNg90(hb1467707486)_R,False,False,False,False,False,False,False,False
384,10897,AVLP731m,AVLP731m_L,False,False,False,False,False,False,False,False
385,10898,AVLP476,AVLP476_R,False,False,False,False,False,False,False,False
386,10900,AVLP213,AVLP213_L,False,False,False,False,False,False,False,False
387,10902,AVLP544,AVLP544_R,False,False,False,False,False,False,False,False
388,10910,PPM1203,PPM1203_L,False,False,False,False,False,False,False,False
389,10914,LoVC18,LoVC18_R,False,False,False,False,False,False,False,False
390,10916,CRE021,CRE021_L,False,False,False,False,False,False,False,False
391,10917,AVLP215,AVLP215_R,False,False,False,False,False,False,False,False
392,10919,VES064,VES064_R,False,False,False,False,False,False,False,False
393,10920,GNG100,GNG100_R,False,False,False,False,False,False,False,False
394,10923,DNg40,DNg40(hb5813056435)_R,False,False,False,False,False,False,False,False
395,10925,AVLP542,AVLP542_R,False,False,False,False,False,False,False,False
396,10930,pMP2,pMP2_L,False,False,True,False,False,False,False,True
397,10931,DNpe045,DNpe045(DNp23)_L,False,False,False,False,False,False,False,False
398,10935,GNG011,GNG011_L,False,False,False,False,False,False,False,False
399,10936,LT61b,LT61b_L,False,False,False,False,False,False,False,False
400,10940,AVLP732m,AVLP732m_L,False,False,False,False,False,False,False,False
401,10941,GNG121,GNG121(hb828282250)_L,False,False,False,False,False,False,False,False
402,10943,AVLP531,AVLP531_R,False,False,False,False,False,False,False,False
403,10944,SAD098,SAD098_M,False,False,False,False,False,False,False,False
404,10947,CB0090,CB0090_L,False,False,False,False,False,False,False,False
405,10948,AVLP608,AVLP608_R,False,False,False,False,False,False,False,False
406,10949,GNG506,GNG506_R,False,False,False,False,False,False,False,False
407,10956,LoVC20,LoVC20_L,False,False,False,False,False,False,False,False
408,10957,DNp69,DNp69(CL304)_R,False,False,False,False,False,False,False,False
409,10959,DNg98,DNg98_R,False,False,False,False,False,False,False,False
410,10960,GNG092,GNG092_R,False,False,False,False,False,False,False,False
411,10962,LAL026_a,LAL026_a_L,False,False,False,False,False,False,False,False
412,10967,DNg70,DNg70_R,False,False,False,False,False,False,False,False
413,10968,DNp34,DNp34_L,False,False,False,False,False,False,False,False
414,10970,GNG301,GNG301_R,False,False,False,False,False,False,False,False
415,10972,AMMC034_b,AMMC034_b_L,False,False,False,False,False,False,False,False
416,10975,DNa03,DNa03_R,False,False,False,False,False,False,False,False
417,10979,DNge103,DNge103_L,False,False,False,False,False,False,False,False
418,10982,WED063_a,WED063_a_R,False,False,False,False,False,False,False,False
419,10983,PVLP211m_a,PVLP211m_a_R,False,False,False,False,False,False,False,False
420,10985,DNbe004,DNbe004(PS066)_R,False,False,False,False,False,False,False,False
421,10987,CL311,CL311_R,False,False,False,False,False,False,False,False
422,10988,AVLP712m,AVLP712m_R,False,False,False,False,False,False,False,False
423,10992,PVLP122,PVLP122_L,False,False,False,False,False,False,False,False
424,10993,AVLP078,AVLP078_L,False,False,False,False,False,False,False,False
425,10995,PVLP120,PVLP120_R,False,False,False,False,False,False,False,False
426,10997,AN06B009,AN06B009_L,False,False,False,False,False,False,False,False
427,10998,CL213,CL213_L,False,False,False,False,False,False,False,False
428,10999,GNG700m,GNG700m_L,False,False,False,False,False,False,False,False
429,11002,DNae002,DNae002(DNa04)_L,False,False,False,False,False,False,False,False
430,11005,OA-VUMa4,OA-VUMa4_M,False,False,False,False,False,False,False,False
431,11006,DNge129,DNge129_L,False,False,False,False,False,False,False,False
432,11011,AN07B018,AN07B018_R,False,False,False,False,False,False,False,False
433,11014,AN01A089,AN01A089_L,False,False,False,False,False,False,False,False
434,11017,PVLP093,PVLP093_R,False,False,False,False,False,False,False,False
435,11018,AVLP258,AVLP258_L,False,False,False,False,False,False,False,False
436,11020,DNp05,DNp05_R,False,False,False,False,False,False,False,False
437,11023,GNG304,GNG304_L,False,False,False,False,False,False,False,False
438,11026,LAL009,LAL009_R,False,False,False,False,False,False,False,False
439,11040,MeVP18,MeVP18_L,False,False,False,False,False,False,False,False
440,11042,LHCENT10,LHCENT10_L,False,False,False,False,False,False,False,False
441,11043,LPT60,LPT60_L,False,False,False,False,False,False,False,False
442,11044,AMMC034_a,AMMC034_a_L,False,False,False,False,False,False,False,False
443,11047,PS001,PS001_L,False,False,False,False,False,False,False,False
444,11048,DNge068,DNge068_R,False,False,False,False,False,False,False,False
445,11057,DNbe004,DNbe004(PS066)_L,False,False,False,False,False,False,False,False
446,11061,VES045,VES045_L,False,False,False,False,False,False,False,False
447,11063,DNge032,DNge032_L,False,False,False,False,False,False,False,False
448,11064,AN19B017,AN19B017_L,False,False,False,False,False,False,False,False
449,11065,DNp14,DNp14(SMP585)_R,False,False,False,False,False,False,False,False
450,11066,DNa13,DNa13(LAL041)_R,False,False,False,False,False,False,False,False
451,11071,CB0530,CB0530_L,False,False,False,False,False,False,False,False
452,11072,DNp12,DNp12(WED105)_L,False,False,False,False,False,False,False,False
453,11075,DNg99,DNg99_L,False,False,False,False,False,False,False,False
454,11078,DNg96,DNg96_L,False,False,False,False,False,False,False,False
455,11088,DNp55,DNp55(WED180)_R,False,False,False,False,False,False,False,False
456,11091,AVLP542,AVLP542_L,False,False,False,False,False,False,False,False
457,11093,AVLP402,AVLP402_L,False,False,False,False,False,False,False,False
458,11098,DNg78,DNg78_L,False,False,False,False,False,False,False,False
459,11101,AVLP502,AVLP502_L,False,False,False,False,False,False,False,False
460,11103,DNge141,DNge141_R,False,False,False,False,False,False,False,False
461,11108,CL286,CL286_R,False,False,False,False,False,False,False,False
462,11110,AVLP615,AVLP615(hb2071241779)_R,False,False,False,False,False,False,False,False
463,11111,DNbe003,DNbe003(hb5813024933)_L,False,False,False,False,False,False,False,False
464,11116,pIP10,pIP10_R,False,False,True,False,False,False,True,False
465,11118,PVLP137,PVLP137_L,False,False,False,False,False,False,False,False
466,11119,CB1312,CB1312_L,False,False,False,False,False,False,False,False
467,11121,DNp52,DNp52(CRE101)_L,False,False,False,False,False,False,False,False
468,11125,AVLP610,AVLP610_R,False,False,False,False,False,False,False,False
469,11126,SAD010,SAD010_L,False,False,False,False,False,False,False,False
470,11128,AVLP085,AVLP085_L,False,False,False,False,False,False,False,False
471,11131,DNg70,DNg70_L,False,False,False,False,False,False,False,False
472,11133,DNp70,DNp70(CL305)_R,False,False,False,False,False,False,False,False
473,11137,DNp04,DNp04_R,False,False,False,False,False,False,False,False
474,11141,M_spPN4t9,M_spPN4t9_R,False,False,False,False,False,False,False,False
475,11142,PS059,PS059_R,False,False,False,False,False,False,False,False
476,11152,PLP032,PLP032_R,False,False,False,False,False,False,False,False
477,11154,WED189,WED189_M,False,False,False,False,False,False,False,False
478,11155,OLVC5,OLVC5(PS064)_R,False,False,False,False,False,False,False,False
479,11156,GNG102,GNG102_R,False,False,False,False,False,False,False,False
480,11157,LT51,LT51_R,False,False,False,False,False,False,False,False
481,11158,DNge026,DNge026_R,False,False,False,False,False,False,False,False
482,11159,DNp71,DNp71(DNp09)_R,False,False,False,False,False,False,False,False
483,11160,DNd02,DNd02(SAD039)_L,False,False,False,False,False,False,False,False
484,11161,LoVP100,LoVP100_R,False,False,False,False,False,False,False,False
485,11164,GNG124,GNG124_R,False,False,False,False,False,False,False,False
486,11172,DNg32,DNg32_R,False,False,False,False,False,False,False,False
487,11177,DNp09,DNp09_R,False,False,False,False,False,False,False,False
488,11181,AVLP086,AVLP086_L,False,False,False,False,False,False,False,False
489,11182,DNp101,DNp101(CL334)_R,False,False,False,False,False,False,False,False
490,11187,LoVP54,LoVP54_L,False,False,False,False,False,False,False,False
491,11191,AVLP340,AVLP340_L,False,False,False,False,False,False,False,False
492,11193,ALIN6,ALIN6_R,False,False,False,False,False,False,False,False
493,11194,VES059,VES059_R,False,False,False,False,False,False,False,False
494,11198,DNg19,DNg19_R,False,False,False,False,False,False,False,False
495,11204,DNp49,DNp49_L,False,False,False,False,False,False,False,False
496,11205,SAD073,SAD073_L,False,False,False,False,False,False,False,False
497,11218,AVLP039,AVLP039_L,False,False,False,False,False,False,False,False
498,11220,PLP246,PLP246_R,False,False,False,False,False,False,False,False
499,11222,DNg111,DNg111(hb1573072464)_L,False,False,False,False,False,False,False,False
500,11226,LHCENT10,LHCENT10_L,False,False,False,False,False,False,False,False
501,11228,GNG112,GNG112_L,False,False,False,False,False,False,False,False
502,11234,GNG423,GNG423_L,False,False,False,False,False,False,False,False
503,11238,GNG636,GNG636_R,False,False,False,False,False,False,False,False
504,11239,DNx01,DNx01_R,False,False,False,False,False,False,False,False
505,11242,SAD110,SAD110_R,False,False,False,False,False,False,False,False
506,11249,WED190,WED190_M,False,False,False,False,False,False,False,False
507,11250,AVLP501,AVLP501_R,False,False,False,False,False,False,False,False
508,11251,DNpe043,DNpe043(CL207)_L,False,False,False,False,False,False,False,False
509,11252,PVLP017,PVLP017_L,False,False,False,False,False,False,False,False
510,11258,DNd05,DNd05(CL124)_L,False,False,False,False,False,False,False,False
511,11259,DNp68,DNp68(CL138)_R,False,False,False,False,False,False,False,False
512,11261,DNp54,DNp54(PS163)_L,False,False,False,False,False,False,False,False
513,11268,CL319,CL319_L,False,False,False,False,False,False,False,False
514,11272,PVLP062,PVLP062_L,False,False,False,False,False,False,False,False
515,11274,GNG091,GNG091_L,False,False,False,False,False,False,False,False
516,11275,CB1078,CB1078_L,False,True,False,True,False,False,False,False
517,11278,PVLP016,PVLP016_L,False,False,False,False,False,False,False,False
518,11285,CB1078,CB1078_R,False,True,False,True,False,False,False,False
519,11286,SIP126m_a,SIP126m_a_R,False,False,False,False,False,False,False,False
520,11288,MDN,MDN_L,False,False,False,False,False,False,False,False
521,11290,DNp66,DNp66(AVLP499)_R,False,False,False,False,False,False,False,False
522,11295,CB0517,CB0517_L,False,False,False,False,False,False,False,False
523,11297,DNbe003,DNbe003(hb5813024933)_R,False,False,False,False,False,False,False,False
524,11298,DNp49,DNp49_R,False,False,False,False,False,False,False,False
525,11300,LT82b,LT82b_L,False,False,False,False,False,False,False,False
526,11301,SAD051_b,SAD051_b_R,False,True,False,True,False,False,False,False
527,11302,DNg104,DNg104_R,False,False,False,False,False,False,False,False
528,11303,PLP211,PLP211_L,False,False,False,False,False,False,False,False
529,11304,DNge042,DNge042_L,False,False,False,False,False,False,False,False
530,11306,PS013,PS013_L,False,False,False,False,False,False,False,False
531,11310,DNge048,DNge048_R,False,False,False,False,False,False,False,False
532,11311,CL248,CL248_R,False,False,False,False,False,False,False,False
533,11315,CB2132,CB2132_R,False,False,False,False,False,False,False,False
534,11317,AVLP594,AVLP594_L,False,False,False,False,False,False,False,False
535,11319,LT42,LT42_R,False,False,False,False,False,False,False,False
536,11320,AVLP316,AVLP316_L,False,False,False,False,False,False,False,False
537,11325,AVLP034,AVLP034_R,False,False,False,False,False,False,False,False
538,11328,CB2763,CB2763_L,False,False,False,False,False,False,False,False
539,11331,AVLP758m,AVLP758m_L,False,False,False,False,False,False,False,False
540,11332,MDN,MDN_R,False,False,False,False,False,False,False,False
541,11334,DNpe045,DNpe045(DNp23)_R,False,False,False,False,False,False,False,False
542,11336,GNG589,GNG589_L,False,False,False,False,False,False,False,False
543,11339,LT51,LT51_L,False,False,False,False,False,False,False,False
544,11343,SMP586,SMP586_R,False,False,False,False,False,False,False,False
545,11349,AVLP572,AVLP572_L,False,False,False,False,False,False,False,False
546,11351,LAL108,LAL108(LAL125)_R,False,False,False,False,False,False,False,False
547,11352,DNge027,DNge027_L,False,False,False,False,False,False,False,False
548,11357,GNG121,GNG121_R,False,False,False,False,False,False,False,False
549,11361,CL367,CL367(hb1506382974)_R,False,False,False,False,False,False,False,False
550,11365,DNbe007,DNbe007(VES042)_R,False,False,False,False,False,False,False,False
551,11366,AVLP300_a,AVLP300_a_L,False,False,False,False,False,False,False,False
552,11367,PVLP061,PVLP061_R,False,False,False,False,False,False,False,False
553,11368,MeVC3,MeVC3_L,False,False,False,False,False,False,False,False
554,11371,PS013,PS013_R,False,False,False,False,False,False,False,False
555,11374,DNg60,DNg60_L,False,False,False,False,False,False,False,False
556,11376,AVLP017,AVLP017_R,False,False,False,False,False,False,False,False
557,11377,GNG299,GNG299_M,False,False,False,False,False,False,False,False
558,11378,CB1280,CB1280_L,False,False,False,False,False,False,False,False
559,11380,DNp14,DNp14(SMP585)_L,False,False,False,False,False,False,False,False
560,11389,CB1074,CB1074_L,False,False,False,False,False,False,False,False
561,11391,SAD109,SAD109_M,False,False,False,False,False,False,False,False
562,11395,PLP128,PLP128_L,False,False,False,False,False,False,False,False
563,11397,SAD013,SAD013_R,False,False,False,False,False,False,False,False
564,11401,SAD043,SAD043_R,False,False,False,False,False,False,False,False
565,11405,LAL016,LAL016_R,False,False,False,False,False,False,False,False
566,11407,CL002,CL002_R,False,False,False,False,False,False,False,False
567,11408,CB0758,CB0758_L,False,False,False,False,False,False,False,False
568,11409,VP4+VL1_l2PN,VP4+VL1_l2PN_L,False,False,False,False,False,False,False,False
569,11411,DNg31,DNg31_R,False,False,False,False,False,False,False,False
570,11413,VES088,VES088_R,False,False,False,False,False,False,False,False
571,11419,WED195,WED195(hb5813023473)_L,False,False,False,False,False,False,False,False
572,11420,DNge141,DNge141_L,False,False,False,False,False,False,False,False
573,11421,DNge048,DNge048_L,False,False,False,False,False,False,False,False
574,11424,DNge026,DNge026_L,False,False,False,False,False,False,False,False
575,11425,CB0429,CB0429_R,False,False,False,False,False,False,False,False
576,11431,AN05B102a,AN05B102a_L,False,False,False,False,False,False,False,False
577,11432,PLP216,PLP216_R,False,False,False,False,False,False,False,False
578,11435,LoVP54,LoVP54_R,False,False,False,False,False,False,False,False
579,11439,AVLP023,AVLP023_L,False,False,False,False,False,False,False,False
580,11440,PLP060,PLP060_R,False,False,False,False,False,False,False,False
581,11443,AN04B003,AN04B003(11443)_R,False,False,False,False,False,False,False,False
582,11445,AOTU064,AOTU064_L,False,False,False,False,False,False,False,False
583,11451,SAD051_a,SAD051_a_R,False,False,False,False,False,False,False,False
584,11458,DNge043,DNge043(hb1499778528)_L,False,False,False,False,False,False,False,False
585,11460,AVLP086,AVLP086_R,False,False,False,False,False,False,False,False
586,11462,AVLP502,AVLP502_R,False,False,False,False,False,False,False,False
587,11463,LT51,LT51_R,False,False,False,False,False,False,False,False
588,11466,DNge149,DNge149_M,False,False,False,False,False,False,False,False
589,11472,PVLP015,PVLP015_L,False,False,False,False,False,False,False,False
590,11475,DNg27,DNg27_L,False,False,False,False,False,False,False,False
591,11476,SAD112_b,SAD112_b_L,False,False,False,False,False,False,False,False
592,11477,LHPV6q1,LHPV6q1_R,False,False,False,False,False,False,False,False
593,11479,DNb04,DNb04_R,False,False,False,False,False,False,False,False
594,11482,DNge065,DNge065_R,False,False,False,False,False,False,False,False
595,11486,DNd03,DNd03_L,False,False,False,False,False,False,False,False
596,11488,ALON3,ALON3_R,False,False,False,False,False,False,False,False
597,11489,GNG160,GNG160_L,False,False,False,False,False,False,False,False
598,11490,LAL073,LAL073_R,False,False,False,False,False,False,False,False
599,11491,DNde005,DNde005(VES028)_L,False,False,False,False,False,False,False,False
600,11492,CL112,CL112_R,False,False,False,False,False,False,False,False
601,11496,GNG484,GNG484_L,False,False,False,False,False,False,False,False
602,11499,AVLP314,AVLP314_L,False,False,False,False,False,False,False,False
603,11502,DNge132,DNge132_R,False,False,False,False,False,False,False,False
604,11505,DNp54,DNp54(PS163)_R,False,False,False,False,False,False,False,False
605,11506,GNG028,GNG028_R,False,False,False,False,False,False,False,False
606,11507,PLP211,PLP211_R,False,False,False,False,False,False,False,False
607,11508,AN02A001,AN02A001_L,False,False,False,False,False,False,False,False
608,11509,AVLP339,AVLP339_L,False,False,False,False,False,False,False,False
609,11515,PS112,PS112_R,False,False,False,False,False,False,False,False
610,11518,AVLP201,AVLP201_L,False,False,False,False,False,False,False,False
611,11519,mAL_m5b,mAL_m5b_R,False,False,False,False,False,False,False,False
612,11520,SAD110,SAD110_R,False,False,False,False,False,False,False,False
613,11527,DNg101,DNg101_L,False,False,False,False,False,False,False,False
614,11528,CL259,CL259_L,False,False,False,False,False,False,False,False
615,11530,PLP249,PLP249_R,False,False,False,False,False,False,False,False
616,11532,PPM1203,PPM1203_R,False,False,False,False,False,False,False,False
617,11535,AVLP749m,AVLP749m_L,False,False,False,False,False,False,False,False
618,11536,AVLP243,AVLP243_L,False,False,False,False,False,False,False,False
619,11542,GNG351,GNG351_R,False,False,False,False,False,False,False,False
620,11545,LoVP53,LoVP53_L,False,False,False,False,False,False,False,False
621,11549,AVLP535,AVLP535_L,False,False,False,False,False,False,False,False
622,11552,CB1076,CB1076_L,False,False,False,False,False,False,False,False
623,11554,DNp63,DNp63(PS113)_L,False,False,False,False,False,False,False,False
624,11559,mALB4,mALB4_R,False,False,False,False,False,False,False,False
625,11561,SAD112_a,SAD112_a_L,False,False,False,False,False,False,False,False
626,11562,MeVP18,MeVP18_L,False,False,False,False,False,False,False,False
627,11564,DA1_lPN,DA1_lPN_L,False,False,False,False,False,False,False,False
628,11566,ALIN4,ALIN4_R,False,False,False,False,False,False,False,False
629,11567,WED046,WED046_R,False,False,False,False,False,False,False,False
630,11569,5-HTPLP01,5-HTPLP01_L,False,False,False,False,False,False,False,False
631,11570,GNG037,GNG037_R,False,False,False,False,False,False,False,False
632,11572,SAD091,SAD091_M,False,False,False,False,False,False,False,False
633,11573,DNpe021,DNpe021(CL307)_L,False,False,False,False,False,False,False,False
634,11574,CB0758,CB0758_L,False,False,False,False,False,False,False,False
635,11575,DNge049,DNge049_R,False,False,False,False,False,False,False,False
636,11580,AVLP539,AVLP539_L,False,False,False,False,False,False,False,False
637,11588,GNG590,GNG590_R,False,False,False,False,False,False,False,False
638,11589,GNG311,GNG311_L,False,False,False,False,False,False,False,False
639,11590,MeVP23,MeVP23_L,False,False,False,False,False,False,False,False
640,11592,CL211,CL211_L,False,False,False,False,False,False,False,False
641,11595,MeVP23,MeVP23_R,False,False,False,False,False,False,False,False
642,11596,DNpe022,DNpe022(PS271)_R,False,False,False,False,False,False,False,False
643,11597,PVLP143,PVLP143_L,False,False,False,False,False,False,False,False
644,11599,AVLP429,AVLP429_L,False,False,False,False,False,False,False,False
645,11601,5-HTPLP01,5-HTPLP01_R,False,False,False,False,False,False,False,False
646,11610,DNae007,DNae007(VES009)_R,False,False,False,False,False,False,False,False
647,11613,DNp45,DNp45(PVLP117)_L,False,False,False,False,False,False,False,False
648,11616,ANXXX106,ANXXX106_L,False,False,False,False,False,False,False,False
649,11626,PLP208,PLP208_R,False,False,False,False,False,False,False,False
650,11628,LT40,LT40_R,False,False,False,False,False,False,False,False
651,11632,DNpe052,DNpe052(AVLP564)_R,False,False,False,False,False,False,False,False
652,11636,LAL126,LAL126_L,False,False,False,False,False,False,False,False
653,11637,PLP092,PLP092_L,False,False,False,False,False,False,False,False
654,11642,GNG311,GNG311(hb1375366517)_R,False,False,False,False,False,False,False,False
655,11645,GNG583,GNG583_R,False,False,False,False,False,False,False,False
656,11646,SAD112_c,SAD112_c_L,False,False,False,False,False,False,False,False
657,11649,SIP104m,SIP104m_L,False,False,False,False,False,False,False,False
658,11652,GNG584,GNG584_R,False,False,False,False,False,False,False,False
659,11654,AVLP077,AVLP077_R,False,False,False,False,False,False,False,False
660,11656,AVLP369,AVLP369_L,False,False,False,False,False,False,False,False
661,11657,DNpe005,DNpe005(WED123)_L,False,False,False,False,False,False,False,False
662,11659,LAL161,LAL161_R,False,False,False,False,False,False,False,False
663,11664,AVLP209,AVLP209_R,False,False,False,False,False,False,False,False
664,11666,SAD108,SAD108_L,False,False,False,False,False,False,False,False
665,11667,WED119,WED119_L,False,False,False,False,False,False,False,False
666,11670,LT51,LT51_R,False,False,False,False,False,False,False,False
667,11675,CL065,CL065_R,False,False,False,False,False,False,False,False
668,11677,PVLP151,PVLP151_R,False,False,False,False,False,False,False,False
669,11680,AVLP211,AVLP211_L,False,False,False,False,False,False,False,False
670,11681,VES013,VES013_L,False,False,False,False,False,False,False,False
671,11682,LHCENT10,LHCENT10_R,False,False,False,False,False,False,False,False
672,11687,DNpe031,DNpe031(PVLP116)_R,False,False,False,False,False,False,False,False
673,11691,LHCENT11,LHCENT11_R,False,False,False,False,False,False,False,False
674,11693,DNd03,DNd03_R,False,False,False,False,False,False,False,False
675,11697,AVLP500,AVLP500_L,False,False,False,False,False,False,False,False
676,11701,mALD3,mALD3_L,False,False,False,False,False,False,False,False
677,11702,AMMC012,AMMC012_R,False,False,False,False,False,False,False,False
678,11705,CL257,CL257_L,False,False,False,False,False,False,False,False
679,11706,DNg111,DNg111(hb1573072464)_R,False,False,False,False,False,False,False,False
680,11711,GNG006,GNG006_M,False,False,False,False,False,False,False,False
681,11712,PLP019,PLP019_R,False,False,False,False,False,False,False,False
682,11718,SAD093,SAD093_R,False,False,False,False,False,False,False,False
683,11719,PLP256,PLP256(hb1221457679)_R,False,False,False,False,False,False,False,False
684,11720,CL322,CL322_L,False,False,False,False,False,False,False,False
685,11721,DA1_lPN,DA1_lPN_L,False,False,False,False,False,False,False,False
686,11724,DNp64,DNp64(CL137)_R,False,False,False,False,False,False,False,False
687,11727,AVLP258,AVLP258_R,False,False,False,False,False,False,False,False
688,11733,AN08B018,AN08B018_a_L,False,False,False,False,False,False,False,False
689,11737,DNge073,DNge073_R,False,False,False,False,False,False,False,False
690,11741,mALB1,mALB1_L,False,False,False,False,False,False,False,False
691,11742,DNp104,DNp104(CL324)_L,False,False,False,False,False,False,False,False
692,11746,VES046,VES046_L,False,False,False,False,False,False,False,False
693,11748,SAD057,SAD057_R,False,False,False,False,False,False,False,False
694,11754,SAD052,SAD052_R,False,False,False,False,False,False,False,False
695,11755,GNG117,GNG117_R,False,False,False,False,False,False,False,False
696,11757,SAD057,SAD057_R,False,False,False,False,False,False,False,False
697,11759,SAD057,SAD057_L,False,False,False,False,False,False,False,False
698,11762,PVLP013,PVLP013_R,False,False,False,False,False,False,False,False
699,11764,AOTU064,AOTU064_R,False,False,False,False,False,False,False,False
700,11765,DNge142,DNge142_R,False,False,False,False,False,False,False,False
701,11768,AVLP593,AVLP593_L,False,False,False,False,False,False,False,False
702,11770,DNae010,DNae010(PS016)_R,False,False,False,False,False,False,False,False
703,11774,SLP031,SLP031_R,False,False,False,False,False,False,False,False
704,11782,SAD106,SAD106_L,False,False,False,False,False,False,False,False
705,11784,GNG497,GNG497_L,False,False,False,False,False,False,False,False
706,11789,PLP015,PLP015_L,False,False,False,False,False,False,False,False
707,11790,CB0397,CB0397_L,False,False,False,False,False,False,False,False
708,11791,SIP104m,SIP104m_L,False,False,False,False,False,False,False,False
709,11792,AVLP315,AVLP315_L,False,False,False,False,False,False,False,False
710,11797,DNge041,DNge041_L,False,False,False,False,False,False,False,False
711,11799,AVLP715m,AVLP715m_L,False,False,False,False,False,False,False,False
712,11804,CL069,CL069_L,False,False,False,False,False,False,False,False
713,11808,AOTU101m,AOTU101m_L,False,False,False,False,False,False,False,False
714,11810,PLP300m,PLP300m_L,False,False,False,False,False,False,False,False
715,11813,CL264,CL264_L,False,False,False,False,False,False,False,False
716,11818,CB0758,CB0758_L,False,False,False,False,False,False,False,False
717,11821,DNge075,DNge075_R,False,False,False,False,False,False,False,False
718,11822,AN08B018,AN08B018_d_R,False,False,False,False,False,False,False,False
719,11823,VES063,VES063_L,False,False,False,False,False,False,False,False
720,11826,PVLP151,PVLP151_R,False,False,False,False,False,False,False,False
721,11827,CB1076,CB1076_R,False,False,False,False,False,False,False,False
722,11832,CL367,CL367(hb1073428001)_L,False,False,False,False,False,False,False,False
723,11833,AVLP751m,AVLP751m_R,False,False,False,False,False,False,False,False
724,11834,SIP091,SIP091_R,False,False,False,False,False,False,False,False
725,11835,CB1076,CB1076_L,False,False,False,False,False,False,False,False
726,11841,CB1301,CB1301_L,False,False,False,False,False,False,False,False
727,11848,PVLP020,PVLP020_L,False,False,False,False,False,False,False,False
728,11850,GNG525,GNG525_R,False,False,False,False,False,False,False,False
729,11851,,,False,False,False,False,False,False,False,False
730,11854,AVLP717m,AVLP717m_R,False,False,False,False,False,False,False,False
731,11856,CB0194,CB0194_R,False,False,False,False,False,False,False,False
732,11859,DNpe050,DNpe050(CL341)_L,False,False,False,False,False,False,False,False
733,11860,IB115,IB115_R,False,False,False,False,False,False,False,False
734,11863,GNG553,GNG553_R,False,False,False,False,False,False,False,False
735,11868,AMMC034_a,AMMC034_a_R,False,False,False,False,False,False,False,False
736,11869,AN19A038,AN19A038_L,False,False,False,False,False,False,False,False
737,11877,PLP032,PLP032_L,False,False,False,False,False,False,False,False
738,11883,PVLP017,PVLP017_R,False,False,False,False,False,False,False,False
739,11887,LT82b,LT82b_R,False,False,False,False,False,False,False,False
740,11889,DNge065,DNge065_L,False,False,False,False,False,False,False,False
741,11891,LAL139,LAL139_L,False,False,False,False,False,False,False,False
742,11892,PLP216,PLP216_L,False,False,False,False,False,False,False,False
743,11895,PVLP022,PVLP022_L,False,False,False,False,False,False,False,False
744,11907,LoVP90a,LoVP90a_R,False,False,False,False,False,False,False,False
745,11910,LoVP91,LoVP91_L,False,False,False,False,False,False,False,False
746,11915,CL339,CL339_L,False,False,False,False,False,False,False,False
747,11920,GNG587,GNG587_L,False,False,False,False,False,False,False,False
748,11923,AVLP209,AVLP209_L,False,False,False,False,False,False,False,False
749,11924,LAL304m,LAL304m_R,False,False,False,False,False,False,False,False
750,11927,PVLP122,PVLP122_L,False,False,False,False,False,False,False,False
751,11928,CB2478,CB2478_L,False,False,False,False,False,False,False,False
752,11931,DNd04,DNd04_R,False,False,False,False,False,False,False,False
753,11932,GNG119,GNG119_R,False,False,False,False,False,False,False,False
754,11937,AVLP077,AVLP077_L,False,False,False,False,False,False,False,False
755,11944,DNpe026,DNpe026(CL202)_L,False,False,False,False,False,False,False,False
756,11948,DNge142,DNge142_L,False,False,False,False,False,False,False,False
757,11950,CB0591,CB0591_L,False,False,False,False,False,False,False,False
758,11951,DNg38,DNg38_R,False,False,False,False,False,False,False,False
759,11953,LT51,LT51_R,False,False,False,False,False,False,False,False
760,11954,AVLP751m,AVLP751m_L,False,False,False,False,False,False,False,False
761,11958,SLP230,SLP230_R,False,False,False,False,False,False,False,False
762,11960,AMMC012,AMMC012(hb2032849765)_L,False,False,False,False,False,False,False,False
763,11964,SIP106m,SIP106m_R,False,False,False,False,False,False,False,False
764,11965,DNge053,DNge053_R,False,False,False,False,False,False,False,False
765,11977,GNG636,GNG636_L,False,False,False,False,False,False,False,False
766,11978,GNG492,GNG492_R,False,False,False,False,False,False,False,False
767,11980,AVLP491,AVLP491_L,False,False,False,False,False,False,False,False
768,11982,GNG127,GNG127_R,False,False,False,False,False,False,False,False
769,11985,AVLP575,AVLP575_L,False,False,False,False,False,False,False,False
770,11988,SAD072,SAD072_R,False,False,False,False,False,False,False,False
771,12000,DNge099,DNge099_L,False,False,False,False,False,False,False,False
772,12003,LHCENT10,LHCENT10_R,False,False,False,False,False,False,False,False
773,12015,AVLP087,AVLP087_R,False,False,False,False,False,False,False,False
774,12017,AOTU049,AOTU049_L,False,False,False,False,False,False,False,False
775,12020,AVLP592,AVLP592_L,False,False,False,False,False,False,False,False
776,12026,PLP015,PLP015_L,False,False,False,False,False,False,False,False
777,12027,DNp101,DNp101(CL334)_L,False,False,False,False,False,False,False,False
778,12028,GNG556,GNG556_R,False,False,False,False,False,False,False,False
779,12032,LC4,LC4_L,False,False,False,False,False,False,False,False
780,12033,PS106,PS106_R,False,False,False,False,False,False,False,False
781,12034,CB1076,CB1076_L,False,False,False,False,False,False,False,False
782,12038,DNg38,DNg38_L,False,False,False,False,False,False,False,False
783,12039,DNge135,DNge135_R,False,False,False,False,False,False,False,False
784,12040,SAD051_a,SAD051_a_R,False,True,False,True,False,False,False,False
785,12041,AVLP396,AVLP396_R,False,False,False,False,False,False,False,False
786,12051,AOTU101m,AOTU101m_R,False,False,False,False,False,False,False,False
787,12053,SAD106,SAD106_R,False,False,False,False,False,False,False,False
788,12056,WED046,WED046_L,False,False,False,False,False,False,False,False
789,12058,SIP107m,SIP107m_R,False,False,False,False,False,False,False,False
790,12063,AVLP053,AVLP053_R,False,False,False,False,False,False,False,False
791,12066,SAD051_a,SAD051_a_L,False,True,False,True,False,False,False,False
792,12068,SAD113,SAD113_L,False,False,False,False,False,False,False,False
793,12071,PVLP149,PVLP149_R,False,False,False,False,False,False,False,False
794,12073,GNG136,GNG136_R,False,False,False,False,False,False,False,False
795,12074,SIP133m,SIP133m_R,False,False,False,False,False,False,False,False
796,12077,SAD051_a,SAD051_a_R,False,False,False,False,False,False,False,False
797,12081,CL111,CL111_L,False,False,False,False,False,False,False,False
798,12085,DNge136,DNge136_L,False,False,False,False,False,False,False,False
799,12086,GNG562,GNG562_R,False,False,False,False,False,False,False,False
800,12089,DNde006,DNde006_R,False,False,False,False,False,False,False,False
801,12090,SMP286,SMP286_L,False,False,False,False,False,False,False,False
802,12092,DNge027,DNge027_R,False,False,False,False,False,False,False,False
803,12093,GNG579,GNG579_R,False,False,False,False,False,False,False,False
804,12101,PS058,PS058_L,False,False,False,False,False,False,False,False
805,12102,DNp38,DNp38_R,False,False,False,False,False,False,False,False
806,12108,IB012,IB012_R,False,False,False,False,False,False,False,False
807,12110,PLP029,PLP029_R,False,False,False,False,False,False,False,False
808,12115,GNG638,GNG638_L,False,False,False,False,False,False,False,False
809,12120,AVLP316,AVLP316_R,False,False,False,False,False,False,False,False
810,12123,GNG316,GNG316_R,False,False,False,False,False,False,False,False
811,12125,AVLP029,AVLP029_R,False,False,False,False,False,False,False,False
812,12129,SAD053,SAD053_R,False,False,False,False,False,False,False,False
813,12131,PS048_a,PS048_a_R,False,False,False,False,False,False,False,False
814,12136,DNg102,DNg102_L,False,False,False,False,False,False,False,False
815,12137,CL109,CL109_L,False,False,False,False,False,False,False,False
816,12138,GNG160,GNG160_R,False,False,False,False,False,False,False,False
817,12143,AN01A055,AN01A055_L,False,False,False,False,False,False,False,False
818,12148,AVLP576,AVLP576_L,False,False,False,False,False,False,False,False
819,12150,CB1542,CB1542_R,False,True,False,True,False,False,False,False
820,12151,DNge138,DNge138_M,False,False,False,False,False,False,False,False
821,12154,AN12B004,AN12B004(10576)_R,False,False,False,False,False,False,False,False
822,12156,CB3019,CB3019_L,False,False,False,False,False,False,False,False
823,12158,GNG594,GNG594_R,False,False,False,False,False,False,False,False
824,12161,AVLP478,AVLP478_R,False,False,False,False,False,False,False,False
825,12167,GNG574,GNG574_R,False,False,False,False,False,False,False,False
826,12168,WEDPN9,WEDPN9_R,False,False,False,False,False,False,False,False
827,12169,DNg87,DNg87_L,False,False,False,False,False,False,False,False
828,12175,DNge099,DNge099_R,False,False,False,False,False,False,False,False
829,12177,DNpe050,DNpe050(CL341)_R,False,False,False,False,False,False,False,False
830,12178,PLP257,PLP257_L,False,False,False,False,False,False,False,False
831,12179,DNpe031,DNpe031(PVLP116)_R,False,False,False,False,False,False,False,False
832,12181,AVLP593,AVLP593_R,False,False,False,False,False,False,False,False
833,12184,PVLP122,PVLP122_R,False,False,False,False,False,False,False,False
834,12185,CB2132,CB2132_L,False,False,False,False,False,False,False,False
835,12186,SAD084,SAD084_R,False,False,False,False,False,False,False,False
836,12188,DNg84,DNg84_R,False,False,False,False,False,False,False,False
837,12191,AVLP577,AVLP577_L,False,False,False,False,False,False,False,False
838,12198,AN17B013,AN17B013_L,False,False,False,False,False,False,False,False
839,12205,AVLP539,AVLP539_R,False,False,False,False,False,False,False,False
840,12208,CL110,CL110_R,False,False,False,False,False,False,False,False
841,12210,DNg68,DNg68_R,False,False,False,False,False,False,False,False
842,12213,SAD052,SAD052_L,False,False,False,False,False,False,False,False
843,12215,PVLP122,PVLP122_R,False,False,False,False,False,False,False,False
844,12218,DNpe031,DNpe031(PVLP116)_L,False,False,False,False,False,False,False,False
845,12220,ICL002m,ICL002m_L,False,False,False,False,False,False,False,False
846,12222,DNpe031,DNpe031(PVLP116)_L,False,False,False,False,False,False,False,False
847,12228,AMMC028,AMMC028_L,False,False,False,False,False,False,False,False
848,12229,GNG385,GNG385_R,False,False,False,False,False,False,False,False
849,12232,GNG515,GNG515_R,False,False,False,False,False,False,False,False
850,12233,AVLP708m,AVLP708m_R,False,False,False,False,False,False,False,False
851,12237,SAD055,SAD055_L,False,False,False,False,False,False,False,False
852,12238,DNg32,DNg32_L,False,False,False,False,False,False,False,False
853,12239,DNbe002,DNbe002_R,False,False,False,False,False,False,False,False
854,12242,SAD055,SAD055_R,False,False,False,False,False,False,False,False
855,12246,SAD051_b,SAD051_b_R,False,True,False,True,False,False,False,False
856,12247,AVLP508,AVLP508_R,False,False,False,False,False,False,False,False
857,12249,DNg104,DNg104_L,False,False,False,False,False,False,False,False
858,12255,PVLP019,PVLP019_R,False,False,False,False,False,False,False,False
859,12256,DNge056,DNge056_R,False,False,False,False,False,False,False,False
860,12257,pC1x_c,pC1x_c_L,False,True,False,False,False,True,False,False
861,12262,CL213,CL213_R,False,False,False,False,False,False,False,False
862,12273,PS233,PS233_L,False,False,False,False,False,False,False,False
863,12275,PVLP151,PVLP151_L,False,False,False,False,False,False,False,False
864,12278,PS010,PS010_R,False,False,False,False,False,False,False,False
865,12281,CL344_b,CL344_b_R,False,False,False,False,False,False,False,False
866,12283,AVLP533,AVLP533_L,False,False,False,False,False,False,False,False
867,12286,AN05B102a,AN05B102a_R,False,False,False,False,False,False,False,False
868,12287,mAL_m1,mAL_m1_R,False,False,False,False,False,False,False,False
869,12288,GNG563,GNG563_R,False,False,False,False,False,False,False,False
870,12292,PS274,PS274_R,False,False,False,False,False,False,False,False
871,12295,aMe20,aMe20_R,False,False,False,False,False,False,False,False
872,12299,DNg68,DNg68_L,False,False,False,False,False,False,False,False
873,12310,LAL200,LAL200_R,False,False,False,False,False,False,False,False
874,12321,SMP456,SMP456_R,False,False,False,False,False,False,False,False
875,12323,PVLP115,PVLP115_R,False,False,False,False,False,False,False,False
876,12324,SIP126m_a,SIP126m_a_L,False,False,False,False,False,False,False,False
877,12326,AVLP316,AVLP316_R,False,False,False,False,False,False,False,False
878,12329,CB1078,CB1078_R,False,True,False,True,False,False,False,False
879,12334,IB109,IB109_L,False,False,False,False,False,False,False,False
880,12336,PS326,PS326_R,False,False,False,False,False,False,False,False
881,12337,SIP104m,SIP104m_L,False,False,False,False,False,False,False,False
882,12347,LAL141,LAL141_R,False,False,False,False,False,False,False,False
883,12348,MDN,MDN_L,False,False,False,False,False,False,False,False
884,12351,M_spPN4t9,M_spPN4t9_L,False,False,False,False,False,False,False,False
885,12355,PS047_a,PS047_a_L,False,False,False,False,False,False,False,False
886,12362,DNpe055,DNpe055(PS167)_R,False,False,False,False,False,False,False,False
887,12368,VES075,VES075_L,False,False,False,False,False,False,False,False
888,12371,ALIN2,ALIN2_L,False,False,False,False,False,False,False,False
889,12374,DNge140,DNge140_R,False,False,False,False,False,False,False,False
890,12378,DNge007,DNge007_R,False,False,False,False,False,False,False,False
891,12379,AVLP543,AVLP543_L,False,False,False,False,False,False,False,False
892,12380,CL333,CL333_L,False,False,False,False,False,False,False,False
893,12381,SAD057,SAD057_R,False,False,False,False,False,False,False,False
894,12386,DNg84,DNg84_L,False,False,False,False,False,False,False,False
895,12394,DNge148,DNge148_R,False,False,False,False,False,False,False,False
896,12395,IB114,IB114_L,False,False,False,False,False,False,False,False
897,12396,AVLP533,AVLP533_R,False,False,False,False,False,False,False,False
898,12399,AVLP555,AVLP555_L,False,False,False,False,False,False,False,False
899,12402,GNG585,GNG585_R,False,False,False,False,False,False,False,False
900,12407,DNge136,DNge136_R,False,False,False,False,False,False,False,False
901,12408,LAL200,LAL200_L,False,False,False,False,False,False,False,False
902,12410,GNG034,GNG034_R,False,False,False,False,False,False,False,False
903,12417,AVLP121,AVLP121_L,False,False,False,False,False,False,False,False
904,12419,CL140,CL140_R,False,False,False,False,False,False,False,False
905,12420,CB2153,CB2153_L,False,False,False,False,False,False,False,False
906,12423,AVLP536,AVLP536_R,False,False,False,False,False,False,False,False
907,12426,GNG385,GNG385_R,False,False,False,False,False,False,False,False
908,12429,LAL190,LAL190_R,False,False,False,False,False,False,False,False
909,12433,VES097,VES097_R,False,False,False,False,False,False,False,False
910,12434,ICL013m_a,ICL013m_a_L,False,False,False,False,False,False,False,False
911,12437,LAL303m,LAL303m_L,False,False,False,False,False,False,False,False
912,12441,CB4176,CB4176_R,False,False,False,False,False,False,False,False
913,12442,pC1_4a,pC1_4a_L,False,True,False,False,False,True,False,False
914,12444,AVLP592,AVLP592_R,False,False,False,False,False,False,False,False
915,12447,DNge124,DNge124_R,False,False,False,False,False,False,False,False
916,12448,pC1_18a,pC1_18a_L,False,True,False,False,False,True,False,False
917,12459,WED109,WED109_L,False,False,False,False,False,False,False,False
918,12462,CB1717,CB1717_L,False,False,False,False,False,False,False,False
919,12464,AVLP505,AVLP505_L,False,False,False,False,False,False,False,False
920,12465,DNg48,DNg48_R,False,False,False,False,False,False,False,False
921,12470,DNge056,DNge056_L,False,False,False,False,False,False,False,False
922,12477,CB0992,CB0992_L,False,False,False,False,False,False,False,False
923,12488,AVLP536,AVLP536_L,False,False,False,False,False,False,False,False
924,12489,mALB3,mALB3_L,False,False,False,False,False,False,False,False
925,12490,DNd04,DNd04_L,False,False,False,False,False,False,False,False
926,12492,DNg78,DNg78_R,False,False,False,False,False,False,False,False
927,12497,GNG102,GNG102_L,False,False,False,False,False,False,False,False
928,12499,CL310,CL310_L,False,False,False,False,False,False,False,False
929,12500,LoVP96,LoVP96_L,False,False,False,False,False,False,False,False
930,12501,PLP018,PLP018_L,False,False,False,False,False,False,False,False
931,12507,AVLP340,AVLP340_R,False,False,False,False,False,False,False,False
932,12508,PVLP149,PVLP149_R,False,False,False,False,False,False,False,False
933,12510,PS048_a,PS048_a_L,False,False,False,False,False,False,False,False
934,12512,DNge010,DNge010_R,False,False,False,False,False,False,False,False
935,12514,SAD076,SAD076_L,False,False,False,False,False,False,False,False
936,12515,AVLP434_b,AVLP434_b_L,False,False,False,False,False,False,False,False
937,12516,DNge047,DNge047_L,False,False,False,False,False,False,False,False
938,12519,AVLP023,AVLP023_R,False,False,False,False,False,False,False,False
939,12520,DNge028,DNge028_R,False,False,False,False,False,False,False,False
940,12525,AVLP160,AVLP160_R,False,False,False,False,False,False,False,False
941,12529,GNG304,GNG304_R,False,False,False,False,False,False,False,False
942,12530,CB1542,CB1542_L,False,False,False,False,False,False,False,False
943,12531,AVLP479,AVLP479_L,False,False,False,False,False,False,False,False
944,12533,GNG046,GNG046_R,False,False,False,False,False,False,False,False
945,12535,SLP471,SLP471_L,False,False,False,False,False,False,False,False
946,12547,AVLP085,AVLP085_R,False,False,False,False,False,False,False,False
947,12552,AVLP081,AVLP081_R,False,False,False,False,False,False,False,False
948,12556,PLP093,PLP093_R,False,False,False,False,False,False,False,False
949,12557,PLP093,PLP093_L,False,False,False,False,False,False,False,False
950,12560,SIP121m,SIP121m_L,False,False,False,False,False,False,False,False
951,12562,GNG504,GNG504_L,False,False,False,False,False,False,False,False
952,12565,VES018,VES018_L,False,False,False,False,False,False,False,False
953,12566,WED080,WED080_L,False,False,False,False,False,False,False,False
954,12570,CB0477,CB0477_L,False,False,False,False,False,False,False,False
955,12580,GNG007,GNG007_M,False,False,False,False,False,False,False,False
956,12583,DNg87,DNg87_R,False,False,False,False,False,False,False,False
957,12587,DNge004,DNge004_R,False,False,False,False,False,False,False,False
958,12588,PPM1201,PPM1201_R,False,False,False,False,False,False,False,False
959,12590,DNg22,DNg22_L,False,False,False,False,False,False,False,False
960,12593,SIP126m_b,SIP126m_b_L,False,False,False,False,False,False,False,False
961,12594,WED069,WED069_L,False,False,False,False,False,False,False,False
962,12595,GNG557,GNG557_R,False,False,False,False,False,False,False,False
963,12596,AMMC009,AMMC009_R,False,False,False,False,False,False,False,False
964,12601,DNge122,DNge122_R,False,False,False,False,False,False,False,False
965,12602,IB093,IB093_L,False,False,False,False,False,False,False,False
966,12608,AVLP609,AVLP609(hb5813057405)_R,False,False,False,False,False,False,False,False
967,12610,DNg102,DNg102_L,False,False,False,False,False,False,False,False
968,12612,GNG581,GNG581_R,False,False,False,False,False,False,False,False
969,12614,SAD092,SAD092_M,False,False,False,False,False,False,False,False
970,12615,AVLP575,AVLP575_R,False,False,False,False,False,False,False,False
971,12619,DNge007,DNge007_L,False,False,False,False,False,False,False,False
972,12621,DNg56,DNg56_L,False,False,False,False,False,False,False,False
973,12624,AVLP614,AVLP614_L,False,False,False,False,False,False,False,False
974,12628,DNpe042,DNpe042(CL262)_R,False,False,False,False,False,False,False,False
975,12635,DNg19,DNg19_L,False,False,False,False,False,False,False,False
976,12636,mALB2,mALB2_L,False,False,False,False,False,False,False,False
977,12645,AVLP213,AVLP213_R,False,False,False,False,False,False,False,False
978,12649,CL310,CL310_R,False,False,False,False,False,False,False,False
979,12652,AVLP294,AVLP294_R,False,False,False,False,False,False,False,False
980,12653,DA1_lPN,DA1_lPN_L,False,False,False,False,False,False,False,False
981,12655,CB3207,CB3207_L,False,False,False,False,False,False,False,False
982,12660,SAD010,SAD010_R,False,False,False,False,False,False,False,False
983,12677,PVLP046_unclear,PVLP046_unclear_R,False,False,False,False,False,False,False,False
984,12681,SIP025,SIP025_R,False,False,False,False,False,False,False,False
985,12682,SLP278,SLP278_L,False,False,False,False,False,False,False,False
986,12683,VES048,VES048_R,False,False,False,False,False,False,False,False
987,12689,CL112,CL112_L,False,False,False,False,False,False,False,False
988,12693,PS180,PS180_L,False,False,False,False,False,False,False,False
989,12696,PS058,PS058_R,False,False,False,False,False,False,False,False
990,12705,DNge123,DNge123_R,False,False,False,False,False,False,False,False
991,12706,ExR3,ExR3_L,False,False,False,False,False,False,False,False
992,12707,DNpe043,DNpe043(CL207)_R,False,False,False,False,False,False,False,False
993,12708,AVLP714m,AVLP714m_L,False,False,False,False,False,False,False,False
994,12710,LoVC14,LoVC14_R,False,False,False,False,False,False,False,False
995,12720,GNG344,GNG344_M,False,False,False,False,False,False,False,False
996,12723,AVLP591,AVLP591_R,False,False,False,False,False,False,False,False
997,12724,LAL014,LAL014_R,False,False,False,False,False,False,False,False
998,12725,GNG509,GNG509_L,False,False,False,False,False,False,False,False
999,12729,AVLP018,AVLP018_R,False,False,False,False,False,False,False,False
1000,12731,AVLP251,AVLP251_R,False,False,False,False,False,False,False,False
1001,12734,GNG281,GNG281_R,False,False,False,False,False,False,False,False
1002,12742,AMMC038,AMMC038_R,False,False,False,False,False,False,False,False
1003,12745,GNG046,GNG046_L,False,False,False,False,False,False,False,False
1004,12747,CB0466,CB0466_R,False,False,False,False,False,False,False,False
1005,12750,DNge136,DNge136_R,False,False,False,False,False,False,False,False
1006,12751,AVLP316,AVLP316_R,False,False,False,False,False,False,False,False
1007,12752,DNge080,DNge080_L,False,False,False,False,False,False,False,False
1008,12753,DNpe003,DNpe003(VES081)_R,False,False,False,False,False,False,False,False
1009,12755,LAL182,LAL182_R,False,False,False,False,False,False,False,False
1010,12759,ALIN6,ALIN6_L,False,False,False,False,False,False,False,False
1011,12766,PVLP080_b,PVLP080_b_L,False,False,False,False,False,False,False,False
1012,12768,SAD110,SAD110_L,False,False,False,False,False,False,False,False
1013,12771,DNge135,DNge135_L,False,False,False,False,False,False,False,False
1014,12773,AVLP316,AVLP316_L,False,False,False,False,False,False,False,False
1015,12784,WED188,WED188_M,False,False,False,False,False,False,False,False
1016,12789,AVLP314,AVLP314_R,False,False,False,False,False,False,False,False
1017,12792,AOTU023,AOTU023_R,False,False,False,False,False,False,False,False
1018,12794,DNg44,DNg44_R,False,False,False,False,False,False,False,False
1019,12798,AVLP210,AVLP210_R,False,False,False,False,False,False,False,False
1020,12800,AVLP297,AVLP297_L,False,False,False,False,False,False,False,False
1021,12803,CB0432,CB0432_L,False,False,False,False,False,False,False,False
1022,12813,GNG556,GNG556_R,False,False,False,False,False,False,False,False
1023,12816,AVLP109,AVLP109_L,False,False,False,False,False,False,False,False
1024,12820,SAD051_b,SAD051_b_L,False,True,False,True,False,False,False,False
1025,12822,SAD114,SAD114_L,False,False,False,False,False,False,False,False
1026,12826,CB0629,CB0629_L,False,False,False,False,False,False,False,False
1027,12829,PVLP211m_c,PVLP211m_c_L,False,False,False,False,False,False,False,False
1028,12831,DNpe030,DNpe030_L,False,False,False,False,False,False,False,False
1029,12832,CL303,CL303_L,False,False,False,False,False,False,False,False
1030,12833,LoVP92,LoVP92_L,False,False,False,False,False,False,False,False
1031,12834,AVLP110_a,AVLP110_a_L,False,False,False,False,False,False,False,False
1032,12854,CB0609,CB0609_R,False,False,False,False,False,False,False,False
1033,12857,AVLP721m,AVLP721m_R,False,False,False,False,False,False,False,False
1034,12860,DNg44,DNg44_L,False,False,False,False,False,False,False,False
1035,12865,AMMC034_a,AMMC034_a_R,False,False,False,False,False,False,False,False
1036,12868,ANXXX027,ANXXX027_L,False,False,False,False,False,False,False,False
1037,12869,DNge098,DNge098_L,False,False,False,False,False,False,False,False
1038,12870,AVLP500,AVLP500_R,False,False,False,False,False,False,False,False
1039,12874,DNde001,DNde001(SAD041)_L,False,False,False,False,False,False,False,False
1040,12876,PS090,PS090_R,False,False,False,False,False,False,False,False
1041,12878,AVLP534,AVLP534_L,False,False,False,False,False,False,False,False
1042,12879,CB3673b,CB3673b_R,False,False,False,False,False,False,False,False
1043,12881,CB0432,CB0432_R,False,False,False,False,False,False,False,False
1044,12885,DNpe020,DNpe020(PS133)_M,False,False,False,False,False,False,False,False
1045,12886,DNg54,DNg54_L,False,False,False,False,False,False,False,False
1046,12891,SMP456,SMP456_L,False,False,False,False,False,False,False,False
1047,12893,pC1x_d,pC1x_d_L,False,True,False,False,False,True,False,False
1048,12894,DNge011,DNge011_R,False,False,False,False,False,False,False,False
1049,12898,PVLP112,PVLP112_L,False,False,False,False,False,False,False,False
1050,12899,AVLP724m,AVLP724m_L,False,False,False,False,False,False,False,False
1051,12900,GNG087,GNG087_R,False,False,False,False,False,False,False,False
1052,12901,GNG557,GNG557_L,False,False,False,False,False,False,False,False
1053,12903,AVLP757m,AVLP757m_R,False,False,False,False,False,False,False,False
1054,12904,PS180,PS180_R,False,False,False,False,False,False,False,False
1055,12905,SAD084,SAD084_L,False,False,False,False,False,False,False,False
1056,12906,GNG423,GNG423_L,False,False,False,False,False,False,False,False
1057,12914,AN19A038,AN19A038_R,False,False,False,False,False,False,False,False
1058,12916,AVLP339,AVLP339_R,False,False,False,False,False,False,False,False
1059,12930,AVLP577,AVLP577_R,False,False,False,False,False,False,False,False
1060,12932,AVLP081,AVLP081_L,False,False,False,False,False,False,False,False
1061,12935,GNG143,GNG143_L,False,False,False,False,False,False,False,False
1062,12937,CL071_b,CL071_b_L,False,False,False,False,False,False,False,False
1063,12938,PS011,PS011_R,False,False,False,False,False,False,False,False
1064,12942,SAD094,SAD094_L,False,False,False,False,False,False,False,False
1065,12946,SMP554,SMP554_L,False,False,False,False,False,False,False,False
1066,12947,PLP004,PLP004_R,False,False,False,False,False,False,False,False
1067,12949,AVLP503,AVLP503_L,False,False,False,False,False,False,False,False
1068,12950,SAD057,SAD057_R,False,False,False,False,False,False,False,False
1069,12966,LoVC13,LoVC13_L,False,False,False,False,False,False,False,False
1070,12972,GNG301,GNG301_L,False,False,False,False,False,False,False,False
1071,12974,LAL182,LAL182_L,False,False,False,False,False,False,False,False
1072,12975,AVLP517,AVLP517_L,False,False,False,False,False,False,False,False
1073,12976,AN05B007,AN05B007_L,False,False,False,False,False,False,False,False
1074,12980,CB2458,CB2458_L,False,False,False,False,False,False,False,False
1075,12989,PLP245,PLP245_R,False,False,False,False,False,False,False,False
1076,12993,SAD036,SAD036_R,False,False,False,False,False,False,False,False
1077,12996,AN19B036,AN19B036(12996)_L,False,False,False,False,False,False,False,False
1078,13004,GNG316,GNG316_L,False,False,False,False,False,False,False,False
1079,13005,WEDPN12,WEDPN12_L,False,False,False,False,False,False,False,False
1080,13006,DNge076,DNge076_L,False,False,False,False,False,False,False,False
1081,13007,mALD4,mALD4_R,False,False,False,False,False,False,False,False
1082,13008,DNge140,DNge140_L,False,False,False,False,False,False,False,False
1083,13009,PLP012,PLP012_R,False,False,False,False,False,False,False,False
1084,13011,AVLP413,AVLP413_L,False,False,False,False,False,False,False,False
1085,13014,SAD057,SAD057_L,False,False,False,False,False,False,False,False
1086,13020,AVLP417,AVLP417(AVLP438)_L,False,False,False,False,False,False,False,False
1087,13022,DNge139,DNge139_R,False,False,False,False,False,False,False,False
1088,13029,SIP025,SIP025_L,False,False,False,False,False,False,False,False
1089,13036,AVLP370_a,AVLP370_a_L,False,False,False,False,False,False,False,False
1090,13038,AVLP720m,AVLP720m_R,False,False,False,False,False,False,False,False
1091,13041,ANXXX027,ANXXX027_L,False,False,False,False,False,False,False,False
1092,13046,M_vPNml65,M_vPNml65_L,False,False,False,False,False,False,False,False
1093,13047,DNge133,DNge133_L,False,False,False,False,False,False,False,False
1094,13049,GNG504,GNG504_R,False,False,False,False,False,False,False,False
1095,13050,SIP137m_a,SIP137m_a_L,False,False,False,False,False,False,False,False
1096,13061,AN08B032,AN08B032_L,False,False,False,False,False,False,False,False
1097,13062,WED107,WED107_L,False,False,False,False,False,False,False,False
1098,13068,PPM1201,PPM1201_R,False,False,False,False,False,False,False,False
1099,13072,WED080,WED080_R,False,False,False,False,False,False,False,False
1100,13073,GNG561,GNG561_R,False,False,False,False,False,False,False,False
1101,13074,GNG163,GNG163_R,False,False,False,False,False,False,False,False
1102,13075,mAL_m1,mAL_m1_R,False,False,False,False,False,False,False,False
1103,13077,AMMC034_b,AMMC034_b_R,False,False,False,False,False,False,False,False
1104,13078,GNG351,GNG351_R,False,False,False,False,False,False,False,False
1105,13080,AVLP537,AVLP537_R,False,False,False,False,False,False,False,False
1106,13082,CB4165,CB4165_L,False,False,False,False,False,False,False,False
1107,13088,CB1932,CB1932_L,False,False,False,False,False,False,False,False
1108,13089,SIP111m,SIP111m_R,False,False,False,False,False,False,False,False
1109,13098,mAL_m1,mAL_m1_R,False,False,False,False,False,False,False,False
1110,13104,DNpe030,DNpe030_R,False,False,False,False,False,False,False,False
1111,13108,AVLP370_b,AVLP370_b_R,False,False,False,False,False,False,False,False
1112,13111,AVLP169,AVLP169_R,False,False,False,False,False,False,False,False
1113,13114,SAD064,SAD064_R,False,False,False,False,False,False,False,False
1114,13122,PVLP130,PVLP130_R,False,False,False,False,False,False,False,False
1115,13130,DNg105,DNg105_R,False,False,False,False,False,False,False,False
1116,13131,CL344_a,CL344_a_R,False,False,False,False,False,False,False,False
1117,13134,CL055,CL055_R,False,False,False,False,False,False,False,False
1118,13145,GNG149,GNG149_L,False,False,False,False,False,False,False,False
1119,13149,CB3710,CB3710_R,False,False,False,False,False,False,False,False
1120,13154,CL027,CL027_L,False,False,False,False,False,False,False,False
1121,13156,SAD052,SAD052_R,False,False,False,False,False,False,False,False
1122,13157,PS230,PS230(PLP242)_R,False,False,False,False,False,False,False,False
1123,13159,AVLP316,AVLP316_L,False,False,False,False,False,False,False,False
1124,13160,SIP108m,SIP108m_L,False,False,False,False,False,False,False,False
1125,13161,PVLP211m_b,PVLP211m_b_L,False,False,False,False,False,False,False,False
1126,13162,AVLP758m,AVLP758m_R,False,False,False,False,False,False,False,False
1127,13166,AN08B012,AN08B012_R,False,False,False,False,False,False,False,False
1128,13168,PLP001,PLP001_L,False,False,False,False,False,False,False,False
1129,13171,CL144,CL144_R,False,False,False,False,False,False,False,False
1130,13176,DNg85,DNg85_R,False,False,False,False,False,False,False,False
1131,13177,SIP111m,SIP111m_L,False,False,False,False,False,False,False,False
1132,13178,DNge039,DNge039_L,False,False,False,False,False,False,False,False
1133,13179,GNG166,GNG166_L,False,False,False,False,False,False,False,False
1134,13180,LPLC1,LPLC1_L,False,False,False,False,False,False,False,False
1135,13181,ANXXX027,ANXXX027_R,False,False,False,False,False,False,False,False
1136,13207,IB115,IB115_L,False,False,False,False,False,False,False,False
1137,13215,GNG512,GNG512_R,False,False,False,False,False,False,False,False
1138,13220,AVLP257,AVLP257_L,False,False,False,False,False,False,False,False
1139,13222,mAL_m5a,mAL_m5a_L,False,False,False,False,False,False,False,False
1140,13226,AVLP035,AVLP035_L,False,False,False,False,False,False,False,False
1141,13232,ALIN7,ALIN7_L,False,False,False,False,False,False,False,False
1142,13235,AVLP720m,AVLP720m_L,False,False,False,False,False,False,False,False
1143,13236,MeVP60,MeVP60_L,False,False,False,False,False,False,False,False
1144,13237,CB0492,CB0492_L,False,False,False,False,False,False,False,False
1145,13240,LAL026_b,LAL026_b_R,False,False,False,False,False,False,False,False
1146,13242,GNG351,GNG351_L,False,False,False,False,False,False,False,False
1147,13245,DNp46,DNp46(CL206)_R,False,False,False,False,False,False,False,False
1148,13249,DNpe034,DNpe034(SMP486_b)_L,False,False,False,False,False,False,False,False
1149,13251,AVLP574,AVLP574_L,False,False,False,False,False,False,False,False
1150,13259,PPL202,PPL202_L,False,False,False,False,False,False,False,False
1151,13261,WED117,WED117_L,False,False,False,False,False,False,False,False
1152,13266,pC1_3b,pC1_3b_L,False,True,False,False,False,True,False,False
1153,13268,DNg52,DNg52_R,False,False,False,False,False,False,False,False
1154,13270,AVLP525,AVLP525(CL277)_R,False,False,False,False,False,False,False,False
1155,13271,PVLP018,PVLP018_R,False,False,False,False,False,False,False,False
1156,13274,SAD073,SAD073_L,False,False,False,False,False,False,False,False
1157,13277,DNg86,DNg86_R,False,False,False,False,False,False,False,False
1158,13279,CL122_b,CL122_b_L,False,False,False,False,False,False,False,False
1159,13282,CB0647,CB0647_L,False,False,False,False,False,False,False,False
1160,13284,AVLP722m,AVLP722m_L,False,False,False,False,False,False,False,False
1161,13289,VES087,VES087_R,False,False,False,False,False,False,False,False
1162,13291,PS230,PS230(PLP242)_L,False,False,False,False,False,False,False,False
1163,13296,AVLP444,AVLP444_L,False,False,False,False,False,False,False,False
1164,13300,AVLP433_b,AVLP433_b_R,False,False,False,False,False,False,False,False
1165,13306,AMMC038,AMMC038_L,False,False,False,False,False,False,False,False
1166,13317,DNg33,DNg33_L,False,False,False,False,False,False,False,False
1167,13323,AVLP504,AVLP504_R,False,False,False,False,False,False,False,False
1168,13335,AVLP700m,AVLP700m_L,False,False,False,False,False,False,False,False
1169,13337,AN08B020,AN08B020_L,False,False,False,False,False,False,False,False
1170,13340,AVLP713m,AVLP713m_L,False,False,False,False,False,False,False,False
1171,13345,CB0316,CB0316_R,False,False,False,False,False,False,False,False
1172,13348,DNg20,DNg20_R,False,False,False,False,False,False,False,False
1173,13353,AVLP204,AVLP204_L,False,False,False,False,False,False,False,False
1174,13354,CL069,CL069_R,False,False,False,False,False,False,False,False
1175,13358,PLP096,PLP096_L,False,False,False,False,False,False,False,False
1176,13360,SMP164,SMP164_R,False,False,False,False,False,False,False,False
1177,13364,DNge022,DNge022_L,False,False,False,False,False,False,False,False
1178,13365,SIP110m_a,SIP110m_a_R,False,False,False,False,False,False,False,False
1179,13366,DNde001,DNde001(SAD041)_R,False,False,False,False,False,False,False,False
1180,13369,SMP237,SMP237_R,False,False,False,False,False,False,False,False
1181,13374,AVLP491,AVLP491_R,False,False,False,False,False,False,False,False
1182,13377,DNg86,DNg86_L,False,False,False,False,False,False,False,False
1183,13378,ANXXX057,ANXXX057_R,False,False,False,False,False,False,False,False
1184,13381,ANXXX027,ANXXX027_L,False,False,False,False,False,False,False,False
1185,13382,GNG112,GNG112_R,False,False,False,False,False,False,False,False
1186,13385,AVLP730m,AVLP730m_R,False,False,False,False,False,False,False,False
1187,13398,CL344_a,CL344_a_L,False,False,False,False,False,False,False,False
1188,13399,ANXXX093,ANXXX093_R,False,False,False,False,False,False,False,False
1189,13401,AVLP744m,AVLP744m_L,False,False,False,False,False,False,False,False
1190,13402,GNG281,GNG281_L,False,False,False,False,False,False,False,False
1191,13410,DNa14,DNa14(CL052)_R,False,False,False,False,False,False,False,False
1192,13420,AVLP702m,AVLP702m_L,False,False,False,False,False,False,False,False
1193,13430,mAL_m5c,mAL_m5c_L,False,False,False,False,False,False,False,False
1194,13433,FLA017,FLA017_R,False,False,False,False,False,False,False,False
1195,13436,GNG517,GNG517_L,False,False,False,False,False,False,False,False
1196,13438,AVLP724m,AVLP724m_R,False,False,False,False,False,False,False,False
1197,13442,DNg33,DNg33_R,False,False,False,False,False,False,False,False
1198,13445,DNge046,DNge046_L,False,False,False,False,False,False,False,False
1199,13449,pC1x_d,pC1x_d_R,False,True,False,False,False,True,False,False
1200,13464,WED069,WED069_R,False,False,False,False,False,False,False,False
1201,13465,ANXXX102,ANXXX102_R,False,False,False,False,False,False,False,False
1202,13466,AVLP033,AVLP033_R,False,False,False,False,False,False,False,False
1203,13468,SMP245,SMP245_L,False,False,False,False,False,False,False,False
1204,13471,ANXXX068,ANXXX068_R,False,False,False,False,False,False,False,False
1205,13472,SAD053,SAD053_L,False,False,False,False,False,False,False,False
1206,13483,DA1_lPN,DA1_lPN_L,False,False,False,False,False,False,False,False
1207,13495,pC1_11a,pC1_11a_R,False,True,False,False,False,True,False,False
1208,13501,VES087,VES087_R,False,False,False,False,False,False,False,False
1209,13508,DNg17,DNg17_R,False,False,False,False,False,False,False,False
1210,13515,CL036,CL036_R,False,False,False,False,False,False,False,False
1211,13520,FLA001m,FLA001m_L,False,False,False,False,False,False,False,False
1212,13521,AVLP432,AVLP432_L,False,False,False,False,False,False,False,False
1213,13522,SAD051_b,SAD051_b_L,False,True,False,True,False,False,False,False
1214,13527,ANXXX027,ANXXX027_L,False,False,False,False,False,False,False,False
1215,13539,,,False,False,False,False,False,False,False,False
1216,13546,SAD051_a,SAD051_a_L,False,True,False,True,False,False,False,False
1217,13549,AVLP566,AVLP566_L,False,False,False,False,False,False,False,False
1218,13552,AN07B018,AN07B018_L,False,False,False,False,False,False,False,False
1219,13562,pC1_12b,pC1_12b_L,False,True,False,False,False,True,False,False
1220,13563,WEDPN12,WEDPN12_R,False,False,False,False,False,False,False,False
1221,13570,DNge063,DNge063_L,False,False,False,False,False,False,False,False
1222,13575,SAD100,SAD100_L,False,False,False,False,False,False,False,False
1223,13578,ANXXX109,ANXXX109_L,False,False,False,False,False,False,False,False
1224,13580,ANXXX027,ANXXX027_R,False,False,False,False,False,False,False,False
1225,13583,DA1_lPN,DA1_lPN_L,False,False,False,False,False,False,False,False
1226,13584,GNG517,GNG517_R,False,False,False,False,False,False,False,False
1227,13585,DNg34,DNg34_R,False,False,False,False,False,False,False,False
1228,13597,SIP121m,SIP121m_L,False,False,False,False,False,False,False,False
1229,13598,VES070,VES070_L,False,False,False,False,False,False,False,False
1230,13600,CB2664,CB2664_R,False,False,False,False,False,False,False,False
1231,13601,AVLP479,AVLP479_L,False,False,False,False,False,False,False,False
1232,13603,AVLP211,AVLP211_R,False,False,False,False,False,False,False,False
1233,13604,SAD057,SAD057_L,False,False,False,False,False,False,False,False
1234,13608,SMP237,SMP237_L,False,False,False,False,False,False,False,False
1235,13616,AVLP504,AVLP504_L,False,False,False,False,False,False,False,False
1236,13619,CB1078,CB1078_L,False,False,False,False,False,False,False,False
1237,13624,DNg62,DNg62_L,False,False,False,False,False,False,False,False
1238,13626,AVLP157,AVLP157_R,False,False,False,False,False,False,False,False
1239,13627,DNge082,DNge082_R,False,False,False,False,False,False,False,False
1240,13633,DNg43,DNg43_L,False,False,False,False,False,False,False,False
1241,13640,WED209,WED209_R,False,False,False,False,False,False,False,False
1242,13644,AVLP214,AVLP214_L,False,False,False,False,False,False,False,False
1243,13648,PVLP150,PVLP150_R,False,False,False,False,False,False,False,False
1244,13651,PVLP211m_c,PVLP211m_c_R,False,False,False,False,False,False,False,False
1245,13652,DNge038,DNge038_R,False,False,False,False,False,False,False,False
1246,13654,AVLP547,AVLP547_R,False,False,False,False,False,False,False,False
1247,13655,pC1_11b,pC1_11b_R,False,True,False,False,False,True,False,False
1248,13661,AVLP565,AVLP565_L,False,False,False,False,False,False,False,False
1249,13662,AVLP708m,AVLP708m_L,False,False,False,False,False,False,False,False
1250,13665,AVLP729m,AVLP729m_R,False,False,False,False,False,False,False,False
1251,13668,AVLP033,AVLP033_L,False,False,False,False,False,False,False,False
1252,13670,BM,BM_R,False,False,False,False,False,False,False,False
1253,13672,AVLP437,AVLP437_L,False,False,False,False,False,False,False,False
1254,13679,MeVP18,MeVP18_R,False,False,False,False,False,False,False,False
1255,13685,DNge008,DNge008_R,False,False,False,False,False,False,False,False
1256,13690,CB2086,CB2086_L,False,False,False,False,False,False,False,False
1257,13694,GNG525,GNG525_L,False,False,False,False,False,False,False,False
1258,13704,AVLP541,AVLP541_L,False,False,False,False,False,False,False,False
1259,13706,LT85,LT85_L,False,False,False,False,False,False,False,False
1260,13713,AVLP702m,AVLP702m_L,False,False,False,False,False,False,False,False
1261,13714,ANXXX057,ANXXX057_L,False,False,False,False,False,False,False,False
1262,13715,CL365,CL365(SCL-AVLP)_R,False,False,False,False,False,False,False,False
1263,13719,GNG182,GNG182_R,False,False,False,False,False,False,False,False
1264,13727,LoVP103,LoVP103_R,False,False,False,False,False,False,False,False
1265,13734,ANXXX102,ANXXX102_L,False,False,False,False,False,False,False,False
1266,13738,mAL_m8,mAL_m8_L,False,False,False,False,False,False,False,False
1267,13740,LoVP100,LoVP100_L,False,False,False,False,False,False,False,False
1268,13753,AVLP731m,AVLP731m_R,False,False,False,False,False,False,False,False
1269,13755,AVLP749m,AVLP749m_L,False,False,False,False,False,False,False,False
1270,13758,AN06B040,AN06B040_L,False,False,False,False,False,False,False,False
1271,13759,DNge010,DNge010_L,False,False,False,False,False,False,False,False
1272,13762,PVLP201m_a,PVLP201m_a_L,False,False,False,False,False,False,False,False
1273,13770,AVLP021,AVLP021_R,False,False,False,False,False,False,False,False
1274,13771,AN06B004,AN06B004_L,False,False,False,False,False,False,False,False
1275,13772,SAD035,SAD035_R,False,False,False,False,False,False,False,False
1276,13774,AVLP474,AVLP474_R,False,False,False,False,False,False,False,False
1277,13775,AVLP299_d,AVLP299_d_R,False,False,False,False,False,False,False,False
1278,13778,PS233,PS233_R,False,False,False,False,False,False,False,False
1279,13780,AN19B036,AN19B036(12996)_R,False,False,False,False,False,False,False,False
1280,13785,AN09B004,AN09B004_b_L,False,False,False,False,False,False,False,False
1281,13790,AVLP761m,AVLP761m_L,False,True,False,False,True,False,False,False
1282,13794,PVLP021,PVLP021_R,False,False,False,False,False,False,False,False
1283,13798,SIP110m_b,SIP110m_b_R,False,False,False,False,False,False,False,False
1284,13805,DNg97,DNg97_L,False,False,False,False,False,False,False,False
1285,13807,SMP157,SMP157_L,False,False,False,False,False,False,False,False
1286,13810,CL260,CL260_L,False,False,False,False,False,False,False,False
1287,13811,SIP115m,SIP115m_R,False,False,False,False,False,False,False,False
1288,13815,DNpe026,DNpe026(CL202)_R,False,False,False,False,False,False,False,False
1289,13819,AVLP346,AVLP346_L,False,False,False,False,False,False,False,False
1290,13822,SIP115m,SIP115m_L,False,False,False,False,False,False,False,False
1291,13825,AVLP429,AVLP429_R,False,False,False,False,False,False,False,False
1292,13829,GNG307,GNG307_L,False,False,False,False,False,False,False,False
1293,13841,CB1055,CB1055_L,False,False,False,False,False,False,False,False
1294,13843,GNG008,GNG008_M,False,False,False,False,False,False,False,False
1295,13845,AN17A026,AN17A026_L,False,False,False,False,False,False,False,False
1296,13857,DNge139,DNge139_L,False,False,False,False,False,False,False,False
1297,13868,AVLP344,AVLP344_L,False,False,False,False,False,False,False,False
1298,13873,DNa14,DNa14(CL052)_L,False,False,False,False,False,False,False,False
1299,13876,AVLP430,AVLP430_L,False,False,False,False,False,False,False,False
1300,13878,AN17B008,AN17B008_L,False,False,False,False,False,False,False,False
1301,13883,AN17B005,AN17B005_R,False,False,False,False,False,False,False,False
1302,13887,AVLP732m,AVLP732m_R,False,False,False,False,False,False,False,False
1303,13890,PVLP208m,PVLP208m_R,False,False,False,False,False,False,False,False
1304,13894,CL066,CL066_L,False,False,False,False,False,False,False,False
1305,13895,CB2521,CB2521_R,False,False,False,False,False,False,False,False
1306,13898,CL158,CL158_R,False,False,False,False,False,False,False,False
1307,13904,AVLP507,AVLP507_R,False,False,False,False,False,False,False,False
1308,13913,SMP028,SMP028_L,False,False,False,False,False,False,False,False
1309,13919,CL022_b,CL022_b_R,False,False,False,False,False,False,False,False
1310,13920,VES202m,VES202m_L,False,False,False,False,False,False,False,False
1311,13925,CB1076,CB1076_R,False,False,False,False,False,False,False,False
1312,13929,AN08B018,AN08B018_b_L,False,False,False,False,False,False,False,False
1313,13934,AVLP036,AVLP036_L,False,False,False,False,False,False,False,False
1314,13940,M_l2PN3t18,M_l2PN3t18_L,False,False,False,False,False,False,False,False
1315,13942,SIP126m_b,SIP126m_b_R,False,False,False,False,False,False,False,False
1316,13953,AVLP430,AVLP430_R,False,False,False,False,False,False,False,False
1317,13959,OA-ASM3,OA-ASM3_L,False,False,False,False,False,False,False,False
1318,13963,CB2521,CB2521_L,False,False,False,False,False,False,False,False
1319,13964,,,False,False,False,False,False,False,False,False
1320,13968,CB2659,CB2659_L,False,False,False,False,False,False,False,False
1321,13973,PLP300m,PLP300m_L,False,False,False,False,False,False,False,False
1322,13975,PVLP211m_b,PVLP211m_b_R,False,False,False,False,False,False,False,False
1323,13986,AVLP299_d,AVLP299_d_L,False,False,False,False,False,False,False,False
1324,13993,WED092,WED092_R,False,False,False,False,False,False,False,False
1325,13995,PS181,PS181_R,False,False,False,False,False,False,False,False
1326,13996,DNge131,DNge131_L,False,False,False,False,False,False,False,False
1327,13998,VES205m,VES205m_R,False,False,False,False,False,False,False,False
1328,14000,CL214,CL214_L,False,False,False,False,False,False,False,False
1329,14001,CB0204,CB0204_R,False,False,False,False,False,False,False,False
1330,14003,PLP301m,PLP301m_L,False,False,False,False,False,False,False,False
1331,14008,AVLP281,AVLP281_R,False,False,False,False,False,False,False,False
1332,14010,AN17A026,AN17A026_R,False,False,False,False,False,False,False,False
1333,14014,AN17A002,AN17A002_R,False,False,False,False,False,False,False,False
1334,14016,AN08B020,AN08B020_R,False,False,False,False,False,False,False,False
1335,14017,CL022_c,CL022_c_R,False,False,False,False,False,False,False,False
1336,14022,CL316,CL316_L,False,False,False,False,False,False,False,False
1337,14033,PVLP150,PVLP150_L,False,False,False,False,False,False,False,False
1338,14042,GNG509,GNG509_R,False,False,False,False,False,False,False,False
1339,14047,AMMC009,AMMC009_L,False,False,False,False,False,False,False,False
1340,14048,DNg52,DNg52_L,False,False,False,False,False,False,False,False
1341,14050,mAL_m8,mAL_m8_R,False,False,False,False,False,False,False,False
1342,14051,VES067,VES067_L,False,False,False,False,False,False,False,False
1343,14053,VES058,VES058_L,False,False,False,False,False,False,False,False
1344,14055,CB4176,CB4176_L,False,False,False,False,False,False,False,False
1345,14063,AN27X003,AN27X003_L,False,False,False,False,False,False,False,False
1346,14067,DNpe003,DNpe003(VES081)_L,False,False,False,False,False,False,False,False
1347,14072,VES204m,VES204m_R,False,False,False,False,False,False,False,False
1348,14081,AN08B022,AN08B022_L,False,False,False,False,False,False,False,False
1349,14084,SMP386,SMP386_L,False,False,False,False,False,False,False,False
1350,14085,AN09B012,AN09B012(14085)_L,False,False,False,False,False,False,False,False
1351,14086,GNG548,GNG548_L,False,False,False,False,False,False,False,False
1352,14091,CB3544,CB3544_L,False,False,False,False,False,False,False,False
1353,14096,DNpe003,DNpe003(VES081)_R,False,False,False,False,False,False,False,False
1354,14098,DNge044,DNge044_L,False,False,False,False,False,False,False,False
1355,14099,CB2144,CB2144_L,False,False,False,False,False,False,False,False
1356,14103,SIP117m,SIP117m_L,False,False,False,False,False,False,False,False
1357,14106,CB2664,CB2664_L,False,False,False,False,False,False,False,False
1358,14110,GNG342,GNG342_L,False,False,False,False,False,False,False,False
1359,14112,AVLP370_a,AVLP370_a_R,False,False,False,False,False,False,False,False
1360,14113,AN19A018,AN19A018(14113)_R,False,False,False,False,False,False,False,False
1361,14115,AN10B018,AN10B018_L,False,False,False,False,False,False,False,False
1362,14119,AN09B023,AN09B023(14119)_R,False,False,False,False,False,False,False,False
1363,14122,AVLP749m,AVLP749m_R,False,False,False,False,False,False,False,False
1364,14130,GNG189,GNG189_R,False,False,False,False,False,False,False,False
1365,14137,LAL195,LAL195_L,False,False,False,False,False,False,False,False
1366,14143,GNG306,GNG306_L,False,False,False,False,False,False,False,False
1367,14146,FLA001m,FLA001m_R,False,False,False,False,False,False,False,False
1368,14147,AVLP110_b,AVLP110_b_R,False,False,False,False,False,False,False,False
1369,14149,PVLP031,PVLP031_R,False,False,False,False,False,False,False,False
1370,14150,PVLP203m,PVLP203m_L,False,False,False,False,False,False,False,False
1371,14155,CB2940,CB2940_R,False,False,False,False,False,False,False,False
1372,14156,GNG523,GNG523_L,False,False,False,False,False,False,False,False
1373,14168,CB1932,CB1932_L,False,False,False,False,False,False,False,False
1374,14169,GNG575,GNG575_L,False,False,False,False,False,False,False,False
1375,14173,AVLP371,AVLP371_L,False,False,False,False,False,False,False,False
1376,14186,AVLP506,AVLP506_R,False,False,False,False,False,False,False,False
1377,14192,LAL051,LAL051_L,False,False,False,False,False,False,False,False
1378,14193,AN10B019,AN10B019_L,False,False,False,False,False,False,False,False
1379,14196,AN10B019,AN10B019_L,False,False,False,False,False,False,False,False
1380,14205,PLP094,PLP094_L,False,False,False,False,False,False,False,False
1381,14208,GNG565,GNG565_R,False,False,False,False,False,False,False,False
1382,14210,GNG048,GNG048_R,False,False,False,False,False,False,False,False
1383,14215,PS062,PS062_R,False,False,False,False,False,False,False,False
1384,14230,SIP117m,SIP117m_R,False,False,False,False,False,False,False,False
1385,14239,DNae004,DNae004(DNa05)_L,False,False,False,False,False,False,False,False
1386,14241,AVLP547,AVLP547_L,False,False,False,False,False,False,False,False
1387,14246,AN17B012,AN17B012_R,False,False,False,False,False,False,False,False
1388,14252,CB3682,CB3682_L,False,False,False,False,False,False,False,False
1389,14256,GNG575,GNG575_R,False,False,False,False,False,False,False,False
1390,14257,AVLP261_b,AVLP261_b_R,False,False,False,False,False,False,False,False
1391,14262,OCG06,OCG06_L,False,False,False,False,False,False,False,False
1392,14265,DNge133,DNge133_R,False,False,False,False,False,False,False,False
1393,14267,PVLP082,PVLP082_L,False,False,False,False,False,False,False,False
1394,14269,VES050,VES050_R,False,False,False,False,False,False,False,False
1395,14272,AVLP120,AVLP120_R,False,False,False,False,False,False,False,False
1396,14274,CL122_a,CL122_a_L,False,False,False,False,False,False,False,False
1397,14277,SAD099,SAD099_M,False,False,False,False,False,False,False,False
1398,14281,AVLP163,AVLP163_L,False,False,False,False,False,False,False,False
1399,14282,aSP10A_b,aSP10A_b_R,False,False,False,False,False,False,False,False
1400,14288,CL253,CL253_L,False,False,False,False,False,False,False,False
1401,14291,GNG575,GNG575_R,False,False,False,False,False,False,False,False
1402,14293,GNG163,GNG163_R,False,False,False,False,False,False,False,False
1403,14296,GNG523,GNG523_R,False,False,False,False,False,False,False,False
1404,14303,CL316,CL316_R,False,False,False,False,False,False,False,False
1405,14310,WED047,WED047_L,False,False,False,False,False,False,False,False
1406,14316,CL121_b,CL121_b_L,False,False,False,False,False,False,False,False
1407,14319,M_l2PN3t18,M_l2PN3t18_R,False,False,False,False,False,False,False,False
1408,14320,AN09B017g,AN09B017g_R,False,False,False,False,False,False,False,False
1409,14323,WED092,WED092_L,False,False,False,False,False,False,False,False
1410,14324,mAL_m5c,mAL_m5c_L,False,False,False,False,False,False,False,False
1411,14325,MeVP18,MeVP18_R,False,False,False,False,False,False,False,False
1412,14328,DNpe040,DNpe040(CL320)_L,False,False,False,False,False,False,False,False
1413,14337,WED012,WED012_R,False,False,False,False,False,False,False,False
1414,14338,PVLP217m,PVLP217m_R,False,False,False,False,False,False,False,False
1415,14342,MeVP18,MeVP18_L,False,False,False,False,False,False,False,False
1416,14347,PVLP063,PVLP063_L,False,False,False,False,False,False,False,False
1417,14350,CL144,CL144_L,False,False,False,False,False,False,False,False
1418,14364,AN10B019,AN10B019_L,False,False,False,False,False,False,False,False
1419,14370,LT51,LT51_R,False,False,False,False,False,False,False,False
1420,14372,VES002,VES002_R,False,False,False,False,False,False,False,False
1421,14385,GNG118,GNG118_R,False,False,False,False,False,False,False,False
1422,14387,DNge151,DNge151_M,False,False,False,False,False,False,False,False
1423,14397,PLP229,PLP229_R,False,False,False,False,False,False,False,False
1424,14399,DNpe028,DNpe028(IB046)_R,False,False,False,False,False,False,False,False
1425,14400,CB1549,CB1549_L,False,False,False,False,False,False,False,False
1426,14402,AVLP411,AVLP411_L,False,False,False,False,False,False,False,False
1427,14403,GNG113,GNG113_L,False,False,False,False,False,False,False,False
1428,14407,SIP137m_a,SIP137m_a_R,False,False,False,False,False,False,False,False
1429,14408,PS002,PS002_L,False,False,False,False,False,False,False,False
1430,14418,PVLP211m_a,PVLP211m_a_L,False,False,False,False,False,False,False,False
1431,14421,DNge131,DNge131_R,False,False,False,False,False,False,False,False
1432,14423,LHPV5l1,LHPV5l1_R,False,False,False,False,False,False,False,False
1433,14438,LAL304m,LAL304m_L,False,False,False,False,False,False,False,False
1434,14439,AVLP705m,AVLP705m_L,False,False,False,False,False,False,False,False
1435,14441,WED092,WED092_L,False,False,False,False,False,False,False,False
1436,14455,GNG163,GNG163_L,False,False,False,False,False,False,False,False
1437,14463,PLP001,PLP001_R,False,False,False,False,False,False,False,False
1438,14466,CB2153,CB2153_R,False,False,False,False,False,False,False,False
1439,14469,AN10B018,AN10B018_R,False,False,False,False,False,False,False,False
1440,14483,AVLP574,AVLP574_R,False,False,False,False,False,False,False,False
1441,14484,AN06B040,AN06B040_R,False,False,False,False,False,False,False,False
1442,14491,CB3673b,CB3673b_R,False,False,False,False,False,False,False,False
1443,14492,AVLP755m,AVLP755m_R,False,False,False,False,False,False,False,False
1444,14503,AVLP126,AVLP126_L,False,False,False,False,False,False,False,False
1445,14505,AVLP746m,AVLP746m_L,False,False,False,False,False,False,False,False
1446,14511,CB3588,CB3588_L,False,False,False,False,False,False,False,False
1447,14518,AVLP398,AVLP398_R,False,False,False,False,False,False,False,False
1448,14527,AN05B103,AN05B103_R,False,False,False,False,False,False,False,False
1449,14529,CB4176,CB4176_L,False,False,False,False,False,False,False,False
1450,14533,PS002,PS002_R,False,False,False,False,False,False,False,False
1451,14537,DNge078,DNge078_L,False,False,False,False,False,False,False,False
1452,14538,AVLP034,AVLP034_L,False,False,False,False,False,False,False,False
1453,14543,PS202,PS202_R,False,False,False,False,False,False,False,False
1454,14562,WED063_b,WED063_b_L,False,False,False,False,False,False,False,False
1455,14572,SLP209,SLP209_R,False,False,False,False,False,False,False,False
1456,14577,GNG464,GNG464_R,False,False,False,False,False,False,False,False
1457,14587,AN08B018,AN08B018_f_L,False,False,False,False,False,False,False,False
1458,14594,AVLP169,AVLP169_L,False,False,False,False,False,False,False,False
1459,14604,CB1076,CB1076_L,False,False,False,False,False,False,False,False
1460,14610,AVLP546,AVLP546_R,False,False,False,False,False,False,False,False
1461,14623,AVLP749m,AVLP749m_L,False,False,False,False,False,False,False,False
1462,14628,AN09B023,AN09B023(14119)_L,False,False,False,False,False,False,False,False
1463,14635,LC9,LC9_L,False,False,False,False,False,False,False,False
1464,14639,PVLP002,PVLP002_L,False,False,False,False,False,False,False,False
1465,14642,AN09B002,AN09B002_L,False,False,False,False,False,False,False,False
1466,14658,PS355,PS355_R,False,False,False,False,False,False,False,False
1467,14659,CRE080_b,CRE080_b_L,False,False,False,False,False,False,False,False
1468,14664,CB0079,CB0079_R,False,False,False,False,False,False,False,False
1469,14683,CL263,CL263_R,False,False,False,False,False,False,False,False
1470,14684,AVLP096,AVLP096_L,False,False,False,False,False,False,False,False
1471,14692,CB0259,CB0259_L,False,False,False,False,False,False,False,False
1472,14693,AVLP126,AVLP126_L,False,False,False,False,False,False,False,False
1473,14695,mAL_m8,mAL_m8_R,False,False,False,False,False,False,False,False
1474,14699,,,False,False,False,False,False,False,False,False
1475,14700,AN01A086,AN01A086_R,False,False,False,False,False,False,False,False
1476,14714,CL058,CL058_R,False,False,False,False,False,False,False,False
1477,14717,LAL304m,LAL304m_R,False,False,False,False,False,False,False,False
1478,14723,AVLP431,AVLP431_R,False,False,False,False,False,False,False,False
1479,14726,AVLP506,AVLP506_L,False,False,False,False,False,False,False,False
1480,14732,GNG163,GNG163_L,False,False,False,False,False,False,False,False
1481,14734,GNG178,GNG178_R,False,False,False,False,False,False,False,False
1482,14744,AVLP244,AVLP244_L,False,False,False,False,False,False,False,False
1483,14746,LAL304m,LAL304m_L,False,False,False,False,False,False,False,False
1484,14755,PVLP012,PVLP012_R,False,False,False,False,False,False,False,False
1485,14761,AVLP039,AVLP039_L,False,False,False,False,False,False,False,False
1486,14765,PS214,PS214_R,False,False,False,False,False,False,False,False
1487,14766,SAD085,SAD085_L,False,False,False,False,False,False,False,False
1488,14790,IB096,IB096_L,False,False,False,False,False,False,False,False
1489,14793,DNge121,DNge121_R,False,False,False,False,False,False,False,False
1490,14794,AN09B012,AN09B012(14794)_R,False,False,False,False,False,False,False,False
1491,14801,DNge111,DNge111_L,False,False,False,False,False,False,False,False
1492,14808,GNG577,GNG577_R,False,False,False,False,False,False,False,False
1493,14813,VES003,VES003_R,False,False,False,False,False,False,False,False
1494,14825,AVLP546,AVLP546_L,False,False,False,False,False,False,False,False
1495,14839,CB2659,CB2659_R,False,False,False,False,False,False,False,False
1496,14842,DNge184,DNge184_L,False,False,False,False,False,False,False,False
1497,14850,WED061,WED061_R,False,False,False,False,False,False,False,False
1498,14852,AVLP299_c,AVLP299_c_L,False,False,False,False,False,False,False,False
1499,14853,AVLP216,AVLP216_L,False,False,False,False,False,False,False,False
1500,14859,AVLP323,AVLP323_R,False,False,False,False,False,False,False,False
1501,14861,WED060,WED060_R,False,False,False,False,False,False,False,False
1502,14863,AN19A018,AN19A018(14863)_R,False,False,False,False,False,False,False,False
1503,14880,CL335,CL335_L,False,False,False,False,False,False,False,False
1504,14885,DNpe040,DNpe040(CL320)_R,False,False,False,False,False,False,False,False
1505,14888,LC4,LC4_L,False,False,False,False,False,False,False,False
1506,14893,LHAV2b2_a,LHAV2b2_a_L,False,False,False,False,False,False,False,False
1507,14899,AN05B006,AN05B006_L,False,False,False,False,False,False,False,False
1508,14900,AVLP577,AVLP577_R,False,False,False,False,False,False,False,False
1509,14906,GNG523,GNG523_R,False,False,False,False,False,False,False,False
1510,14911,WED092,WED092_R,False,False,False,False,False,False,False,False
1511,14918,CL058,CL058_L,False,False,False,False,False,False,False,False
1512,14926,CB0591,CB0591_R,False,False,False,False,False,False,False,False
1513,14936,DNge052,DNge052_R,False,False,False,False,False,False,False,False
1514,14938,AMMC035,AMMC035_R,False,False,False,False,False,False,False,False
1515,14944,CB1312,CB1312_R,False,False,False,False,False,False,False,False
1516,14946,AVLP285,AVLP285_R,False,False,False,False,False,False,False,False
1517,14950,ANXXX094,ANXXX094_L,False,False,False,False,False,False,False,False
1518,14952,DNg09_b,DNg09_b_L,False,False,False,False,False,False,False,False
1519,14955,GNG136,GNG136_L,False,False,False,False,False,False,False,False
1520,14956,PS002,PS002_R,False,False,False,False,False,False,False,False
1521,14957,AVLP614,AVLP614_R,False,False,False,False,False,False,False,False
1522,14964,DNge113,DNge113_L,False,False,False,False,False,False,False,False
1523,14970,DNge052,DNge052_L,False,False,False,False,False,False,False,False
1524,14973,AN19A018,AN19A018(14113)_L,False,False,False,False,False,False,False,False
1525,14974,PVLP012,PVLP012_L,False,False,False,False,False,False,False,False
1526,14976,ANXXX094,ANXXX094_R,False,False,False,False,False,False,False,False
1527,14987,PLP301m,PLP301m_L,False,False,False,False,False,False,False,False
1528,14988,AVLP263,AVLP263_R,False,False,False,False,False,False,False,False
1529,14993,PLP017,PLP017_L,False,False,False,False,False,False,False,False
1530,14994,ANXXX027,ANXXX027(14994)_R,False,False,False,False,False,False,False,False
1531,14995,WED205,WED205_L,False,False,False,False,False,False,False,False
1532,14998,CB1538,CB1538_L,False,False,False,False,False,False,False,False
1533,15009,AVLP507,AVLP507_L,False,False,False,False,False,False,False,False
1534,15014,DNge121,DNge121_L,False,False,False,False,False,False,False,False
1535,15035,pC1_18b,pC1_18b_R,False,True,False,False,False,True,False,False
1536,15036,mAL_m1,mAL_m1_L,False,False,False,False,False,False,False,False
1537,15037,VES013,VES013_R,False,False,False,False,False,False,False,False
1538,15042,LoVC22,LoVC22_L,False,False,False,False,False,False,False,False
1539,15052,PVLP100,PVLP100_L,False,False,False,False,False,False,False,False
1540,15059,VES022,VES022_L,False,False,False,False,False,False,False,False
1541,15068,PVLP019,PVLP019_L,False,False,False,False,False,False,False,False
1542,15070,AN08B012,AN08B012_L,False,False,False,False,False,False,False,False
1543,15081,WED015,WED015_L,False,False,False,False,False,False,False,False
1544,15087,AN10B019,AN10B019_R,False,False,False,False,False,False,False,False
1545,15100,AN10B019,AN10B019_R,False,False,False,False,False,False,False,False
1546,15105,DNg55,DNg55_M,False,False,False,False,False,False,False,False
1547,15108,mAL_m1,mAL_m1_L,False,False,False,False,False,False,False,False
1548,15116,MeVP18,MeVP18_R,False,False,False,False,False,False,False,False
1549,15118,AVLP015,AVLP015_R,False,False,False,False,False,False,False,False
1550,15132,PS356,PS356_R,False,False,False,False,False,False,False,False
1551,15138,PVLP031,PVLP031_L,False,False,False,False,False,False,False,False
1552,15139,PS002,PS002_L,False,False,False,False,False,False,False,False
1553,15145,GNG532,GNG532_R,False,False,False,False,False,False,False,False
1554,15147,IB115,IB115_R,False,False,False,False,False,False,False,False
1555,15148,DNg62,DNg62_R,False,False,False,False,False,False,False,False
1556,15156,DNge147,DNge147_R,False,False,False,False,False,False,False,False
1557,15171,AN09B004,AN09B004_c_R,False,False,False,False,False,False,False,False
1558,15190,AN17A012,AN17A012_L,False,False,False,False,False,False,False,False
1559,15192,AN05B097,AN05B097_R,False,False,False,False,False,False,False,False
1560,15197,AVLP725m,AVLP725m_L,False,False,False,False,False,False,False,False
1561,15199,mAL_m9,mAL_m9_R,False,False,False,False,False,False,False,False
1562,15204,GNG199,GNG199_R,False,False,False,False,False,False,False,False
1563,15206,GNG203,GNG203_R,False,False,False,False,False,False,False,False
1564,15207,AN09B002,AN09B002_R,False,False,False,False,False,False,False,False
1565,15208,pC1_1a,pC1_1a_L,False,True,False,False,False,True,False,False
1566,15212,CB0079,CB0079_L,False,False,False,False,False,False,False,False
1567,15225,WED072,WED072_L,False,False,False,False,False,False,False,False
1568,15229,CB0682,CB0682_R,False,False,False,False,False,False,False,False
1569,15233,SAD057,SAD057_L,False,False,False,False,False,False,False,False
1570,15239,mAL_m1,mAL_m1_L,False,False,False,False,False,False,False,False
1571,15240,AVLP746m,AVLP746m_L,False,False,False,False,False,False,False,False
1572,15244,CL021,CL021_R,False,False,False,False,False,False,False,False
1573,15252,AVLP735m,AVLP735m_L,False,False,False,False,False,False,False,False
1574,15257,CL252,CL252_R,False,False,False,False,False,False,False,False
1575,15261,CB2664,CB2664_R,False,False,False,False,False,False,False,False
1576,15273,PLP144,PLP144_R,False,False,False,False,False,False,False,False
1577,15276,VA1d_vPN,VA1d_vPN_L,False,False,False,False,False,False,False,False
1578,15278,AVLP036,AVLP036_R,False,False,False,False,False,False,False,False
1579,15279,AVLP152,AVLP152_R,False,False,False,False,False,False,False,False
1580,15288,AVLP576,AVLP576_R,False,False,False,False,False,False,False,False
1581,15289,AVLP162,AVLP162_L,False,False,False,False,False,False,False,False
1582,15291,AN05B099,AN05B099_L,False,False,False,False,False,False,False,False
1583,15292,SAD044,SAD044_R,False,False,False,False,False,False,False,False
1584,15294,M_vPNml63,M_vPNml63_L,False,False,False,False,False,False,False,False
1585,15296,AVLP308,AVLP308_L,False,False,False,False,False,False,False,False
1586,15297,SMP193,SMP193_L,False,False,False,False,False,False,False,False
1587,15298,AVLP577,AVLP577_L,False,False,False,False,False,False,False,False
1588,15299,SIP118m,SIP118m_L,False,False,False,False,False,False,False,False
1589,15300,AVLP706m,AVLP706m_R,False,False,False,False,False,False,False,False
1590,15306,DNpe020,DNpe020(PS133)_M,False,False,False,False,False,False,False,False
1591,15311,mAL_m5b,mAL_m5b_R,False,False,False,False,False,False,False,False
1592,15312,,,False,False,False,False,False,False,False,False
1593,15318,AVLP398,AVLP398_L,False,False,False,False,False,False,False,False
1594,15323,PVLP123,PVLP123_R,False,False,False,False,False,False,False,False
1595,15324,AVLP734m,AVLP734m_R,False,False,False,False,False,False,False,False
1596,15326,DNg109,DNg109_L,False,False,False,False,False,False,False,False
1597,15331,AVLP722m,AVLP722m_R,False,False,False,False,False,False,False,False
1598,15333,BM,BM_R,False,False,False,False,False,False,False,False
1599,15336,CB1538,CB1538_R,False,False,False,False,False,False,False,False
1600,15341,GNG085,GNG085_L,False,False,False,False,False,False,False,False
1601,15345,AVLP139,AVLP139_L,False,False,False,False,False,False,False,False
1602,15347,DNge082,DNge082_L,False,False,False,False,False,False,False,False
1603,15352,CB3692,CB3692_R,False,False,False,False,False,False,False,False
1604,15354,AN17B009,AN17B009_R,False,False,False,False,False,False,False,False
1605,15358,AVLP730m,AVLP730m_L,False,False,False,False,False,False,False,False
1606,15365,GNG342,GNG342_R,False,False,False,False,False,False,False,False
1607,15367,LT52,LT52_R,False,False,False,False,False,False,False,False
1608,15376,WED092,WED092_R,False,False,False,False,False,False,False,False
1609,15383,VES202m,VES202m_L,False,False,False,False,False,False,False,False
1610,15384,SIP108m,SIP108m_R,False,False,False,False,False,False,False,False
1611,15391,PVLP012,PVLP012_R,False,False,False,False,False,False,False,False
1612,15401,SMP710m,SMP710m_R,False,False,False,False,False,False,False,False
1613,15403,AVLP714m,AVLP714m_L,False,False,False,False,False,False,False,False
1614,15406,AVLP709m,AVLP709m_L,False,False,False,False,False,False,False,False
1615,15408,SMP040,SMP040_L,False,False,False,False,False,False,False,False
1616,15414,PVLP123,PVLP123_R,False,False,False,False,False,False,False,False
1617,15420,SAD001,SAD001_L,False,False,False,False,False,False,False,False
1618,15424,PVLP031,PVLP031_R,False,False,False,False,False,False,False,False
1619,15425,AVLP714m,AVLP714m_L,False,False,False,False,False,False,False,False
1620,15434,AVLP490,AVLP490_R,False,False,False,False,False,False,False,False
1621,15436,AMMC028,AMMC028_L,False,False,False,False,False,False,False,False
1622,15443,ANXXX027,ANXXX027(15443)_R,False,False,False,False,False,False,False,False
1623,15447,MeVP48,MeVP48_R,False,False,False,False,False,False,False,False
1624,15463,GNG503,GNG503_R,False,False,False,False,False,False,False,False
1625,15464,aIPg1,aIPg1_L,False,False,False,False,False,False,False,False
1626,15476,CL260,CL260_R,False,False,False,False,False,False,False,False
1627,15483,DNge175,DNge175_R,False,False,False,False,False,False,False,False
1628,15485,DNge145,DNge145_L,False,False,False,False,False,False,False,False
1629,15491,DNpe028,DNpe028(IB046)_L,False,False,False,False,False,False,False,False
1630,15503,DNge019,DNge019_L,False,False,False,False,False,False,False,False
1631,15512,AVLP566,AVLP566_R,False,False,False,False,False,False,False,False
1632,15513,WED106,WED106_L,False,False,False,False,False,False,False,False
1633,15518,AVLP566,AVLP566_R,False,False,False,False,False,False,False,False
1634,15522,CL236,CL236_L,False,False,False,False,False,False,False,False
1635,15523,AVLP417,AVLP417(AVLP438)_R,False,False,False,False,False,False,False,False
1636,15532,mAL_m5b,mAL_m5b_L,False,False,False,False,False,False,False,False
1637,15533,AN17A050,AN17A050_L,False,False,False,False,False,False,False,False
1638,15542,AVLP746m,AVLP746m_R,False,False,False,False,False,False,False,False
1639,15545,PVLP100,PVLP100_R,False,False,False,False,False,False,False,False
1640,15548,AOTU052,AOTU052_R,False,False,False,False,False,False,False,False
1641,15550,ANXXX002,ANXXX002_L,False,False,False,False,False,False,False,False
1642,15553,SAD117,SAD117_L,False,False,False,False,False,False,False,False
1643,15557,AVLP705m,AVLP705m_L,False,False,False,False,False,False,False,False
1644,15561,PS182,PS182_L,False,False,False,False,False,False,False,False
1645,15575,DNge030,DNge030_L,False,False,False,False,False,False,False,False
1646,15577,AVLP263,AVLP263_L,False,False,False,False,False,False,False,False
1647,15582,AVLP508,AVLP508_L,False,False,False,False,False,False,False,False
1648,15594,VES202m,VES202m_R,False,False,False,False,False,False,False,False
1649,15597,,,False,False,False,False,False,False,False,False
1650,15598,LH004m,LH004m_L,False,False,False,False,False,False,False,False
1651,15599,LPLC4,LPLC4_L,False,False,False,False,False,False,False,False
1652,15602,GNG515,GNG515_L,False,False,False,False,False,False,False,False
1653,15613,AVLP492,AVLP492_L,False,False,False,False,False,False,False,False
1654,15614,VES073,VES073_L,False,False,False,False,False,False,False,False
1655,15622,CB1074,CB1074_R,False,False,False,False,False,False,False,False
1656,15633,CL078_a,CL078_a_L,False,False,False,False,False,False,False,False
1657,15638,AVLP490,AVLP490_L,False,False,False,False,False,False,False,False
1658,15645,AN09B017d,AN09B017d_R,False,False,False,False,False,False,False,False
1659,15650,AN08B034,AN08B034_b_R,False,False,False,False,False,False,False,False
1660,15659,AVLP305,AVLP305_L,False,False,False,False,False,False,False,False
1661,15665,SAD064,SAD064_R,False,False,False,False,False,False,False,False
1662,15672,AN12B004,AN12B004_L,False,False,False,False,False,False,False,False
1663,15676,AVLP713m,AVLP713m_R,False,False,False,False,False,False,False,False
1664,15681,DNge113,DNge113_L,False,False,False,False,False,False,False,False
1665,15682,AVLP746m,AVLP746m_R,False,False,False,False,False,False,False,False
1666,15684,LAL203,LAL203_L,False,False,False,False,False,False,False,False
1667,15688,LoVP50,LoVP50_R,False,False,False,False,False,False,False,False
1668,15689,LAL160,LAL160_R,False,False,False,False,False,False,False,False
1669,15690,SMP482,SMP482_R,False,False,False,False,False,False,False,False
1670,15691,AVLP706m,AVLP706m_R,False,False,False,False,False,False,False,False
1671,15694,VES203m,VES203m_L,False,False,False,False,False,False,False,False
1672,15696,GNG554,GNG554_L,False,False,False,False,False,False,False,False
1673,15699,LAL029_e,LAL029_e_R,False,False,False,False,False,False,False,False
1674,15701,AVLP346,AVLP346_R,False,False,False,False,False,False,False,False
1675,15705,DNge081,DNge081_L,False,False,False,False,False,False,False,False
1676,15709,AVLP725m,AVLP725m_L,False,False,False,False,False,False,False,False
1677,15718,WED072,WED072_L,False,False,False,False,False,False,False,False
1678,15720,DNge124,DNge124_L,False,False,False,False,False,False,False,False
1679,15724,PVLP204m,PVLP204m_R,False,False,False,False,False,False,False,False
1680,15733,CB3544,CB3544_R,False,False,False,False,False,False,False,False
1681,15751,AN17A003,AN17A003_L,False,False,False,False,False,False,False,False
1682,15753,LHAV2b2_d,LHAV2b2_d_L,False,False,False,False,False,False,False,False
1683,15754,GNG579,GNG579_L,False,False,False,False,False,False,False,False
1684,15758,AN05B099,AN05B099_R,False,False,False,False,False,False,False,False
1685,15774,AVLP109,AVLP109_R,False,False,False,False,False,False,False,False
1686,15775,GNG347,GNG347_M,False,False,False,False,False,False,False,False
1687,15777,SIP108m,SIP108m_L,False,False,False,False,False,False,False,False
1688,15785,WED060,WED060_R,False,False,False,False,False,False,False,False
1689,15786,PS356,PS356_L,False,False,False,False,False,False,False,False
1690,15791,SAD064,SAD064_L,False,False,False,False,False,False,False,False
1691,15794,AVLP390,AVLP390_L,False,False,False,False,False,False,False,False
1692,15810,AVLP110_b,AVLP110_b_R,False,False,False,False,False,False,False,False
1693,15815,PVLP021,PVLP021_R,False,False,False,False,False,False,False,False
1694,15831,AVLP605,AVLP605_M,False,False,False,False,False,False,False,False
1695,15842,AVLP038,AVLP038_L,False,False,False,False,False,False,False,False
1696,15846,SAD044,SAD044_L,False,False,False,False,False,False,False,False
1697,15854,AOTU065,AOTU065_L,False,False,False,False,False,False,False,False
1698,15856,AVLP252,AVLP252_R,False,False,False,False,False,False,False,False
1699,15861,PVLP026,PVLP026_R,False,False,False,False,False,False,False,False
1700,15866,AVLP714m,AVLP714m_R,False,False,False,False,False,False,False,False
1701,15869,GNG456,GNG456_L,False,False,False,False,False,False,False,False
1702,15871,AVLP733m,AVLP733m_R,False,False,False,False,False,False,False,False
1703,15883,PLP022,PLP022_L,False,False,False,False,False,False,False,False
1704,15898,PS182,PS182_R,False,False,False,False,False,False,False,False
1705,15900,IB020,IB020_L,False,False,False,False,False,False,False,False
1706,15906,AN23B001,AN23B001_R,False,False,False,False,False,False,False,False
1707,15907,PVLP204m,PVLP204m_R,False,False,False,False,False,False,False,False
1708,15908,LoVP50,LoVP50_R,False,False,False,False,False,False,False,False
1709,15935,LPLC4,LPLC4_L,False,False,False,False,False,False,False,False
1710,15937,VES059,VES059_L,False,False,False,False,False,False,False,False
1711,15952,SAD004,SAD004_L,False,False,False,False,False,False,False,False
1712,15959,SAD014,SAD014_R,False,False,False,False,False,False,False,False
1713,15966,WED106,WED106_R,False,False,False,False,False,False,False,False
1714,15972,mAL_m1,mAL_m1_R,False,False,False,False,False,False,False,False
1715,15973,AVLP490,AVLP490_R,False,False,False,False,False,False,False,False
1716,15979,GNG666,GNG666_R,False,False,False,False,False,False,False,False
1717,15988,DNge064,DNge064_R,False,False,False,False,False,False,False,False
1718,15990,aIPg1,aIPg1_R,False,False,False,False,False,False,False,False
1719,15993,,,False,False,False,False,False,False,False,False
1720,15994,CB3513,CB3513_L,False,False,False,False,False,False,False,False
1721,16010,CB1206,CB1206_L,False,False,False,False,False,False,False,False
1722,16030,AVLP451,AVLP451_L,False,False,False,False,False,False,False,False
1723,16032,AVLP725m,AVLP725m_R,False,False,False,False,False,False,False,False
1724,16047,AVLP748m,AVLP748m_R,False,False,False,False,False,False,False,False
1725,16068,CB3710,CB3710_L,False,False,False,False,False,False,False,False
1726,16073,AMMC035,AMMC035_L,False,False,False,False,False,False,False,False
1727,16077,AVLP461,AVLP461_R,False,False,False,False,False,False,False,False
1728,16080,AVLP323,AVLP323_L,False,False,False,False,False,False,False,False
1729,16084,LHPV2g1,LHPV2g1_R,False,False,False,False,False,False,False,False
1730,16086,ANXXX041,ANXXX041_L,False,False,False,False,False,False,False,False
1731,16091,AVLP253,AVLP253_L,False,False,False,False,False,False,False,False
1732,16095,AVLP352,AVLP352_R,False,False,False,False,False,False,False,False
1733,16104,CL205,CL205_L,False,False,False,False,False,False,False,False
1734,16109,,,False,False,False,False,False,False,False,False
1735,16118,DNge145,DNge145_R,False,False,False,False,False,False,False,False
1736,16128,LC4,LC4_R,False,False,False,False,False,False,False,False
1737,16135,AVLP317,AVLP317_R,False,False,False,False,False,False,False,False
1738,16136,VP5+VP3_l2PN,VP5+VP3_l2PN_R,False,False,False,False,False,False,False,False
1739,16138,LC4,LC4_R,False,False,False,False,False,False,False,False
1740,16159,PVLP201m_d,PVLP201m_d_L,False,False,False,False,False,False,False,False
1741,16168,GNG343,GNG343_L,False,False,False,False,False,False,False,False
1742,16172,GNG423,GNG423_R,False,False,False,False,False,False,False,False
1743,16175,IB118,IB118_L,False,False,False,False,False,False,False,False
1744,16176,AN08B034,AN08B034_a(hb1477136606)_L,False,False,False,False,False,False,False,False
1745,16181,GNG135,GNG135_R,False,False,False,False,False,False,False,False
1746,16189,AN08B024,AN08B024(16189)_L,False,False,False,False,False,False,False,False
1747,16193,GNG305,GNG305_R,False,False,False,False,False,False,False,False
1748,16198,aSP-g3Am,aSP-g3Am_L,False,False,False,False,False,False,False,False
1749,16199,AVLP170,AVLP170_R,False,False,False,False,False,False,False,False
1750,16208,CL122_a,CL122_a_R,False,False,False,False,False,False,False,False
1751,16209,AVLP417,AVLP417(AVLP438)_R,False,False,False,False,False,False,False,False
1752,16212,AVLP444,AVLP444_R,False,False,False,False,False,False,False,False
1753,16215,AVLP021,AVLP021_L,False,False,False,False,False,False,False,False
1754,16221,DNg21,DNg21_L,False,False,False,False,False,False,False,False
1755,16231,CB1078,CB1078_L,False,True,False,True,False,False,False,False
1756,16243,AMMC035,AMMC035_R,False,False,False,False,False,False,False,False
1757,16246,AVLP259,AVLP259_R,False,False,False,False,False,False,False,False
1758,16251,CB2659,CB2659_R,False,False,False,False,False,False,False,False
1759,16259,VES205m,VES205m_L,False,False,False,False,False,False,False,False
1760,16262,pC1_1b,pC1_1b_L,False,True,False,False,False,True,False,False
1761,16269,AVLP732m,AVLP732m_R,False,False,False,False,False,False,False,False
1762,16273,PS272,PS272_L,False,False,False,False,False,False,False,False
1763,16288,CL080,CL080_L,False,False,False,False,False,False,False,False
1764,16297,AN00A006,AN00A006(16297)_M,False,False,False,False,False,False,False,False
1765,16302,AN09B017d,AN09B017d_L,False,False,False,False,False,False,False,False
1766,16328,LHPV7c1,LHPV7c1_L,False,False,False,False,False,False,False,False
1767,16329,AMMC035,AMMC035_R,False,False,False,False,False,False,False,False
1768,16338,AN12B006,AN12B006_R,False,False,False,False,False,False,False,False
1769,16348,AVLP451,AVLP451_L,False,False,False,False,False,False,False,False
1770,16362,mAL_m5c,mAL_m5c_L,False,False,False,False,False,False,False,False
1771,16363,AVLP115,AVLP115_R,False,False,False,False,False,False,False,False
1772,16364,pC1_9b,pC1_9b_L,False,True,False,False,False,True,False,False
1773,16366,LoVP50,LoVP50_R,False,False,False,False,False,False,False,False
1774,16370,GNG166,GNG166_R,False,False,False,False,False,False,False,False
1775,16384,AN17A003,AN17A003_R,False,False,False,False,False,False,False,False
1776,16385,PVLP072,PVLP072_R,False,False,False,False,False,False,False,False
1777,16390,LT63,LT63_R,False,False,False,False,False,False,False,False
1778,16401,PVLP113,PVLP113_L,False,False,False,False,False,False,False,False
1779,16404,AVLP735m,AVLP735m_R,False,False,False,False,False,False,False,False
1780,16409,SMP255,SMP255_L,False,False,False,False,False,False,False,False
1781,16411,AVLP203_a,AVLP203_a_R,False,False,False,False,False,False,False,False
1782,16424,PVLP027,PVLP027_R,False,False,False,False,False,False,False,False
1783,16427,AVLP096,AVLP096_L,False,False,False,False,False,False,False,False
1784,16432,AOTU065,AOTU065_R,False,False,False,False,False,False,False,False
1785,16445,PVLP123,PVLP123_R,False,False,False,False,False,False,False,False
1786,16446,AVLP015,AVLP015_L,False,False,False,False,False,False,False,False
1787,16451,GNG601,GNG601_R,False,False,False,False,False,False,False,False
1788,16452,AVLP096,AVLP096_R,False,False,False,False,False,False,False,False
1789,16456,,,False,False,False,False,False,False,False,False
1790,16466,AN05B102d,AN05B102d_L,False,False,False,False,False,False,False,False
1791,16482,PVLP123,PVLP123_L,False,False,False,False,False,False,False,False
1792,16493,LAL113,LAL113_R,False,False,False,False,False,False,False,False
1793,16494,CB4248,CB4175_R,False,False,False,False,False,False,False,False
1794,16500,AN05B097,AN05B097_L,False,False,False,False,False,False,False,False
1795,16504,PVLP034,PVLP034_R,False,False,False,False,False,False,False,False
1796,16505,AN05B102d,AN05B102d_R,False,False,False,False,False,False,False,False
1797,16506,AN04B023,AN04B023(16506)_R,False,False,False,False,False,False,False,False
1798,16510,AN09B009,AN09B009_R,False,False,False,False,False,False,False,False
1799,16519,GNG218,GNG218_R,False,False,False,False,False,False,False,False
1800,16527,PLP075,PLP075_L,False,False,False,False,False,False,False,False
1801,16529,PS217,PS217_L,False,False,False,False,False,False,False,False
1802,16530,SAD044,SAD044_L,False,False,False,False,False,False,False,False
1803,16531,VES200m,VES200m_R,False,False,False,False,False,False,False,False
1804,16534,AVLP417,AVLP417(AVLP438)_L,False,False,False,False,False,False,False,False
1805,16535,AN09B017c,AN09B017c_R,False,False,False,False,False,False,False,False
1806,16541,ICL008m,ICL008m_L,False,False,False,False,False,False,False,False
1807,16542,AN19A018,AN19A018_R,False,False,False,False,False,False,False,False
1808,16548,mAL_m2b,mAL_m2b_L,False,False,False,False,False,False,False,False
1809,16550,aIPg2,aIPg2_R,False,False,False,False,False,False,False,False
1810,16559,vpoEN,vpoEN_R,False,False,False,False,False,False,False,False
1811,16563,AN19B028,AN19B028_R,False,False,False,False,False,False,False,False
1812,16568,WED207,WED207_L,False,False,False,False,False,False,False,False
1813,16571,LAL054,LAL054_R,False,False,False,False,False,False,False,False
1814,16575,AVLP300_a,AVLP300_a_R,False,False,False,False,False,False,False,False
1815,16583,AVLP294,AVLP294_R,False,False,False,False,False,False,False,False
1816,16593,ANXXX002,ANXXX002_R,False,False,False,False,False,False,False,False
1817,16595,GNG184,GNG184_R,False,False,False,False,False,False,False,False
1818,16603,CB4176,CB4176_L,False,False,False,False,False,False,False,False
1819,16615,AVLP390,AVLP390_R,False,False,False,False,False,False,False,False
1820,16616,AN19B025,AN19B025_L,False,False,False,False,False,False,False,False
1821,16628,LC4,LC4_R,False,False,False,False,False,False,False,False
1822,16644,CB2824,CB2824_R,False,False,False,False,False,False,False,False
1823,16647,AVLP363,AVLP363_R,False,False,False,False,False,False,False,False
1824,16650,AVLP706m,AVLP706m_L,False,False,False,False,False,False,False,False
1825,16651,M_vPNml63,M_vPNml63_L,False,False,False,False,False,False,False,False
1826,16656,,,False,False,False,False,False,False,False,False
1827,16657,CB4176,CB4176_R,False,False,False,False,False,False,False,False
1828,16659,PVLP011,PVLP011_R,False,False,False,False,False,False,False,False
1829,16667,CB2789,CB2789_R,False,False,False,False,False,False,False,False
1830,16671,VES022,VES022_R,False,False,False,False,False,False,False,False
1831,16672,AN17B008,AN17B008_R,False,False,False,False,False,False,False,False
1832,16675,AN08B112,AN08B112_L,False,False,False,False,False,False,False,False
1833,16710,VES203m,VES203m_R,False,False,False,False,False,False,False,False
1834,16713,AMMC035,AMMC035_R,False,False,False,False,False,False,False,False
1835,16716,CL131,CL131_R,False,False,False,False,False,False,False,False
1836,16719,pC1_4b,pC1_4b_R,False,True,False,False,False,True,False,False
1837,16721,AVLP268,AVLP268_L,False,False,False,False,False,False,False,False
1838,16723,CB3201,CB3201_R,False,False,False,False,False,False,False,False
1839,16725,VES098,VES098_L,False,False,False,False,False,False,False,False
1840,16738,mAL_m7,mAL_m7_R,False,False,False,False,False,False,False,False
1841,16740,LH004m,LH004m_R,False,False,False,False,False,False,False,False
1842,16744,AVLP737m,AVLP737m_L,False,False,False,False,False,False,False,False
1843,16745,LT77,LT77_L,False,False,False,False,False,False,False,False
1844,16746,DNge064,DNge064_L,False,False,False,False,False,False,False,False
1845,16762,,,False,False,False,False,False,False,False,False
1846,16766,PS333,PS333_R,False,False,False,False,False,False,False,False
1847,16767,AVLP718m,AVLP718m_R,False,False,False,False,False,False,False,False
1848,16783,AVLP268,AVLP268_R,False,False,False,False,False,False,False,False
1849,16789,aIPg10,aIPg10_R,False,False,False,False,False,False,False,False
1850,16803,CB0405,CB0405_L,False,False,False,False,False,False,False,False
1851,16805,AVLP761m,AVLP761m_R,False,True,False,False,True,False,False,False
1852,16807,PVLP214m,PVLP214m_L,False,False,False,False,False,False,False,False
1853,16809,LC4,LC4_L,False,False,False,False,False,False,False,False
1854,16814,CB2682,CB2682_L,False,False,False,False,False,False,False,False
1855,16815,GNG343,GNG343_R,False,False,False,False,False,False,False,False
1856,16855,CB1932,CB1932_R,False,False,False,False,False,False,False,False
1857,16857,SIP116m,SIP116m_R,False,False,False,False,False,False,False,False
1858,16868,AN17A002,AN17A002_L,False,False,False,False,False,False,False,False
1859,16874,AVLP728m,AVLP728m_R,False,False,False,False,False,False,False,False
1860,16882,mAL_m4,mAL_m4_R,False,False,False,False,False,False,False,False
1861,16887,AVLP259,AVLP259_R,False,False,False,False,False,False,False,False
1862,16888,AVLP719m,AVLP719m_R,False,False,False,False,False,False,False,False
1863,16889,CB4182,CB4182_R,False,False,False,False,False,False,False,False
1864,16893,AN10B026,AN10B026_L,False,False,False,False,False,False,False,False
1865,16899,AMMC024,AMMC024_L,False,False,False,False,False,False,False,False
1866,16904,AVLP259,AVLP259_L,False,False,False,False,False,False,False,False
1867,16925,AVLP108,AVLP108_L,False,False,False,False,False,False,False,False
1868,16927,PVLP085,PVLP085_R,False,False,False,False,False,False,False,False
1869,16930,CB3513,CB3513_R,False,False,False,False,False,False,False,False
1870,16931,SAD073,SAD073_R,False,False,False,False,False,False,False,False
1871,16933,aIPg5,aIPg5_L,False,False,False,False,False,False,False,False
1872,16937,GNG543,GNG543_R,False,False,False,False,False,False,False,False
1873,16942,DNge098,DNge098_R,False,False,False,False,False,False,False,False
1874,16957,AN09B004,AN09B004_b_R,False,False,False,False,False,False,False,False
1875,16958,CB4248,CB4176_R,False,False,False,False,False,False,False,False
1876,16961,aIPg10,aIPg10_L,False,False,False,False,False,False,False,False
1877,16963,AVLP709m,AVLP709m_L,False,False,False,False,False,False,False,False
1878,16972,CB0046,CB0046_R,False,False,False,False,False,False,False,False
1879,16983,AN17B016,AN17B016_L,False,False,False,False,False,False,False,False
1880,16985,aIPg2,aIPg2_L,False,False,False,False,False,False,False,False
1881,16995,AVLP166,AVLP166_R,False,False,False,False,False,False,False,False
1882,16997,AVLP104,AVLP104_R,False,False,False,False,False,False,False,False
1883,17004,LoVP50,LoVP50_R,False,False,False,False,False,False,False,False
1884,17008,PVLP034,PVLP034_R,False,False,False,False,False,False,False,False
1885,17012,CB0440,CB0440_L,False,False,False,False,False,False,False,False
1886,17022,CB3692,CB3692_L,False,False,False,False,False,False,False,False
1887,17036,AVLP109,AVLP109_R,False,False,False,False,False,False,False,False
1888,17037,MeVP17,MeVP17_R,False,False,False,False,False,False,False,False
1889,17038,PVLP108,PVLP108_L,False,False,False,False,False,False,False,False
1890,17039,MeVP17,MeVP17_R,False,False,False,False,False,False,False,False
1891,17048,AVLP338,AVLP338_L,False,False,False,False,False,False,False,False
1892,17054,LC4,LC4_R,False,False,False,False,False,False,False,False
1893,17063,GNG340,GNG340_M,False,False,False,False,False,False,False,False
1894,17064,CB3364,CB3364_L,False,False,False,False,False,False,False,False
1895,17065,CB3513,CB3513_R,False,False,False,False,False,False,False,False
1896,17067,GNG554,GNG554_R,False,False,False,False,False,False,False,False
1897,17069,AVLP702m,AVLP702m_R,False,False,False,False,False,False,False,False
1898,17082,LAL192,LAL192_L,False,False,False,False,False,False,False,False
1899,17088,AVLP402,AVLP402_R,False,False,False,False,False,False,False,False
1900,17089,pC1_12b,pC1_12b_R,False,True,False,False,False,True,False,False
1901,17093,DNg45,DNg45_L,False,False,False,False,False,False,False,False
1902,17094,AN09B023,AN09B023(17094)_R,False,False,False,False,False,False,False,False
1903,17097,AN06B007,AN06B007_R,False,False,False,False,False,False,False,False
1904,17098,pC1_6a,pC1_6a_L,False,True,False,False,False,True,False,False
1905,17112,mAL_m5a,mAL_m5a_R,False,False,False,False,False,False,False,False
1906,17126,AVLP733m,AVLP733m_R,False,False,False,False,False,False,False,False
1907,17128,aIPg2,aIPg2_R,False,False,False,False,False,False,False,False
1908,17140,GNG589,GNG589_R,False,False,False,False,False,False,False,False
1909,17142,CB0670,CB0670_L,False,False,False,False,False,False,False,False
1910,17144,CL038,CL038_R,False,False,False,False,False,False,False,False
1911,17153,CB2281,CB2281_R,False,False,False,False,False,False,False,False
1912,17158,AN05B099,AN05B099_R,False,False,False,False,False,False,False,False
1913,17168,CB3710,CB3710_L,False,False,False,False,False,False,False,False
1914,17173,PS312,PS312(hb1405991898)_L,False,False,False,False,False,False,False,False
1915,17184,AVLP380,AVLP380_R,False,False,False,False,False,False,False,False
1916,17192,aIPg_m1,aIPg_m1_R,False,False,False,False,False,False,False,False
1917,17193,AVLP737m,AVLP737m_R,False,False,False,False,False,False,False,False
1918,17197,SAD040,SAD040_L,False,False,False,False,False,False,False,False
1919,17198,DNge035,DNge035_R,False,False,False,False,False,False,False,False
1920,17200,AVLP390,AVLP390_L,False,False,False,False,False,False,False,False
1921,17212,AVLP108,AVLP108_R,False,False,False,False,False,False,False,False
1922,17215,AVLP299_a,AVLP299_a_R,False,False,False,False,False,False,False,False
1923,17221,CB0763,CB0763_L,False,False,False,False,False,False,False,False
1924,17228,WED081,WED081_L,False,False,False,False,False,False,False,False
1925,17231,AN08B027,AN08B027_R,False,False,False,False,False,False,False,False
1926,17234,SAD021_a,SAD021_a_R,False,False,False,False,False,False,False,False
1927,17237,CB2676,CB2676_R,False,False,False,False,False,False,False,False
1928,17251,mAL_m8,mAL_m8_L,False,False,False,False,False,False,False,False
1929,17253,AN09B007,AN09B007_R,False,False,False,False,False,False,False,False
1930,17257,AVLP600,AVLP600(hb1481548230)_R,False,False,False,False,False,False,False,False
1931,17266,LC4,LC4_R,False,False,False,False,False,False,False,False
1932,17278,SAD099,SAD099_M,False,False,False,False,False,False,False,False
1933,17284,,,False,False,False,False,False,False,False,False
1934,17295,MeVP17,MeVP17_R,False,False,False,False,False,False,False,False
1935,17300,PLP262,PLP262_R,False,False,False,False,False,False,False,False
1936,17322,AN27X016,AN27X016_R,False,False,False,False,False,False,False,False
1937,17337,AVLP761m,AVLP761m_R,False,True,False,False,True,False,False,False
1938,17348,,15141_R,False,False,False,False,False,False,False,False
1939,17349,SIP108m,SIP108m_R,False,False,False,False,False,False,False,False
1940,17356,CB1883,CB1883_R,False,False,False,False,False,False,False,False
1941,17357,CB0956,CB0956_L,False,False,False,False,False,False,False,False
1942,17361,AN10B021,AN10B021_L,False,False,False,False,False,False,False,False
1943,17364,LC4,LC4_R,False,False,False,False,False,False,False,False
1944,17366,CB2789,CB2789_R,False,False,False,False,False,False,False,False
1945,17373,DNg58,DNg58_L,False,False,False,False,False,False,False,False
1946,17375,SAD064,SAD064_L,False,False,False,False,False,False,False,False
1947,17380,CL288,CL288_L,False,False,False,False,False,False,False,False
1948,17382,AN06B034,AN06B034_L,False,False,False,False,False,False,False,False
1949,17388,PVLP034,PVLP034_L,False,False,False,False,False,False,False,False
1950,17389,CL021,CL021_L,False,False,False,False,False,False,False,False
1951,17404,AVLP202,AVLP202_R,False,False,False,False,False,False,False,False
1952,17410,PLP123,PLP123_L,False,False,False,False,False,False,False,False
1953,17414,WED063_b,WED063_b_L,False,False,False,False,False,False,False,False
1954,17417,CB0391,CB0391_L,False,False,False,False,False,False,False,False
1955,17420,LAL127,LAL127_R,False,False,False,False,False,False,False,False
1956,17426,PVLP123,PVLP123_R,False,False,False,False,False,False,False,False
1957,17433,CB3104,CB3104_L,False,False,False,False,False,False,False,False
1958,17434,pC1_10c,pC1_10c_R,False,True,False,False,False,True,False,False
1959,17436,AOTU015,AOTU015_R,False,False,False,False,False,False,False,False
1960,17441,VES203m,VES203m_L,False,False,False,False,False,False,False,False
1961,17451,CL067,CL067_R,False,False,False,False,False,False,False,False
1962,17452,AN17A012,AN17A012_L,False,False,False,False,False,False,False,False
1963,17461,AOTU015,AOTU015_R,False,False,False,False,False,False,False,False
1964,17469,AVLP711m,AVLP711m_R,False,False,False,False,False,False,False,False
1965,17470,vpoEN,vpoEN_L,False,False,False,False,False,False,False,False
1966,17478,LC4,LC4_L,False,False,False,False,False,False,False,False
1967,17487,AVLP743m,AVLP743m_L,False,False,False,False,False,False,False,False
1968,17492,AN05B023d,AN05B023d_L,False,False,False,False,False,False,False,False
1969,17493,,CB4116_L,False,False,False,False,False,False,False,False
1970,17499,AVLP511,AVLP511_R,False,False,False,False,False,False,False,False
1971,17503,ANXXX093,ANXXX093_L,False,False,False,False,False,False,False,False
1972,17507,CL100,CL100_L,False,False,False,False,False,False,False,False
1973,17510,AN19A018,AN19A018_L,False,False,False,False,False,False,False,False
1974,17513,AN05B009,AN05B009_R,False,False,False,False,False,False,False,False
1975,17517,AVLP722m,AVLP722m_L,False,False,False,False,False,False,False,False
1976,17522,AN18B001,AN18B001_L,False,False,False,False,False,False,False,False
1977,17527,CB0956,CB0956_R,False,False,False,False,False,False,False,False
1978,17530,CL123_d,CL123_d_R,False,False,False,False,False,False,False,False
1979,17531,SAD021_c,SAD021_c_L,False,False,False,False,False,False,False,False
1980,17542,SAD021_a,SAD021_a_L,False,False,False,False,False,False,False,False
1981,17548,LC4,LC4_R,False,False,False,False,False,False,False,False
1982,17549,AN09B011,AN09B011_R,False,False,False,False,False,False,False,False
1983,17550,aIPg_m1,aIPg_m1_L,False,False,False,False,False,False,False,False
1984,17556,,,False,False,False,False,False,False,False,False
1985,17558,AVLP124,AVLP124_R,False,False,False,False,False,False,False,False
1986,17562,CB1557,CB1557_R,False,False,False,False,False,False,False,False
1987,17568,AVLP039,AVLP039_R,False,False,False,False,False,False,False,False
1988,17575,CL252,CL252_L,False,False,False,False,False,False,False,False
1989,17584,PVLP123,PVLP123_L,False,False,False,False,False,False,False,False
1990,17604,SIP109m,SIP109m_L,False,False,False,False,False,False,False,False
1991,17608,LC4,LC4_L,False,False,False,False,False,False,False,False
1992,17612,PS347_a,PS347_a_L,False,False,False,False,False,False,False,False
1993,17616,PVLP123,PVLP123_R,False,False,False,False,False,False,False,False
1994,17618,AVLP761m,AVLP761m_L,False,True,False,False,True,False,False,False
1995,17628,AN23B001,AN23B001_L,False,False,False,False,False,False,False,False
1996,17630,PLP022,PLP022_R,False,False,False,False,False,False,False,False
1997,17633,AVLP706m,AVLP706m_R,False,False,False,False,False,False,False,False
1998,17637,AN08B027,AN08B027_L,False,False,False,False,False,False,False,False
1999,17654,AVLP748m,AVLP748m_R,False,False,False,False,False,False,False,False
2000,17668,LC4,LC4_R,False,False,False,False,False,False,False,False
2001,17684,AN17A015,AN17A015_R,False,False,False,False,False,False,False,False
2002,17685,LAL300m,LAL300m_L,False,False,False,False,False,False,False,False
2003,17689,CB3530,CB3530_R,False,False,False,False,False,False,False,False
2004,17701,mAL_m2b,mAL_m2b_L,False,False,False,False,False,False,False,False
2005,17711,PVLP201m_d,PVLP201m_d_R,False,False,False,False,False,False,False,False
2006,17727,DNg09_a,DNg09_a_L,False,False,False,False,False,False,False,False
2007,17729,AVLP009,AVLP009(aSP08)_L,False,False,False,False,False,False,False,False
2008,17735,AVLP729m,AVLP729m_R,False,False,False,False,False,False,False,False
2009,17739,DNge105,DNge105_L,False,False,False,False,False,False,False,False
2010,17743,AVLP161,AVLP161_R,False,False,False,False,False,False,False,False
2011,17747,AVLP342,AVLP342_L,False,False,False,False,False,False,False,False
2012,17757,AN19B001,AN19B001(17757)_R,False,False,False,False,False,False,False,False
2013,17767,AVLP132,AVLP132_R,False,False,False,False,False,False,False,False
2014,17770,AVLP705m,AVLP705m_R,False,False,False,False,False,False,False,False
2015,17773,SAD076,SAD076_R,False,False,False,False,False,False,False,False
2016,17778,AVLP107,AVLP107_R,False,False,False,False,False,False,False,False
2017,17784,AVLP024_b,AVLP024_b_L,False,False,False,False,False,False,False,False
2018,17788,AN10B021,AN10B021_R,False,False,False,False,False,False,False,False
2019,17802,CL122_b,CL122_b_R,False,False,False,False,False,False,False,False
2020,17803,CB1932,CB1932_R,False,False,False,False,False,False,False,False
2021,17830,SAD117,SAD117_L,False,False,False,False,False,False,False,False
2022,17832,AN06B026,AN06B026_L,False,False,False,False,False,False,False,False
2023,17839,AVLP722m,AVLP722m_R,False,False,False,False,False,False,False,False
2024,17841,vpoEN,vpoEN_R,False,False,False,False,False,False,False,False
2025,17842,SAD021_b,SAD021_b_R,False,False,False,False,False,False,False,False
2026,17850,aIPg4,aIPg4_R,False,False,False,False,False,False,False,False
2027,17851,pC1_12b,pC1_12b_L,False,True,False,False,False,True,False,False
2028,17860,LC4,LC4_R,False,False,False,False,False,False,False,False
2029,17867,pC1_4b,pC1_4b_L,False,True,False,False,False,True,False,False
2030,17869,AVLP111,AVLP111_R,False,False,False,False,False,False,False,False
2031,17883,MeVP17,MeVP17_R,False,False,False,False,False,False,False,False
2032,17889,AVLP037,AVLP037_L,False,False,False,False,False,False,False,False
2033,17900,VES206m,VES206m_R,False,False,False,False,False,False,False,False
2034,17908,WED125,WED125_R,False,False,False,False,False,False,False,False
2035,17918,AVLP734m,AVLP734m_L,False,False,False,False,False,False,False,False
2036,17921,AVLP745m,AVLP745m_L,False,False,False,False,False,False,False,False
2037,17926,LC4,LC4_R,False,False,False,False,False,False,False,False
2038,17935,CB3364,CB3364_R,False,False,False,False,False,False,False,False
2039,17949,aIPg2,aIPg2_R,False,False,False,False,False,False,False,False
2040,17956,SAD021_a,SAD021_a_R,False,False,False,False,False,False,False,False
2041,17963,AVLP126,AVLP126_R,False,False,False,False,False,False,False,False
2042,17965,VES098,VES098_R,False,False,False,False,False,False,False,False
2043,17967,DNde006,DNde006_L,False,False,False,False,False,False,False,False
2044,17968,CL123_c,CL123_c_R,False,False,False,False,False,False,False,False
2045,17985,LoVP92,LoVP92_R,False,False,False,False,False,False,False,False
2046,17987,LC4,LC4_R,False,False,False,False,False,False,False,False
2047,17992,SMP482,SMP482_L,False,False,False,False,False,False,False,False
2048,17996,PVLP097,PVLP097_R,False,False,False,False,False,False,False,False
2049,17998,SAD021_c,SAD021_c_L,False,False,False,False,False,False,False,False
2050,18000,CB3673b,CB3673b_L,False,False,False,False,False,False,False,False
2051,18005,VES203m,VES203m_R,False,False,False,False,False,False,False,False
2052,18007,LHPV2i1,LHPV2i1_L,False,False,False,False,False,False,False,False
2053,18010,SAD001,SAD001_L,False,False,False,False,False,False,False,False
2054,18011,AVLP107,AVLP107_R,False,False,False,False,False,False,False,False
2055,18017,pC1_3c,pC1_3c_L,False,True,False,False,False,True,False,False
2056,18023,,,False,False,False,False,False,False,False,False
2057,18028,PVLP034,PVLP034_R,False,False,False,False,False,False,False,False
2058,18034,PVLP210m,PVLP210m_L,False,False,False,False,False,False,False,False
2059,18037,AVLP110_a,AVLP110_a_R,False,False,False,False,False,False,False,False
2060,18039,mALB4,mALB4_L,False,False,False,False,False,False,False,False
2061,18050,AN09B009,AN09B009_L,False,False,False,False,False,False,False,False
2062,18066,AVLP718m,AVLP718m_R,False,False,False,False,False,False,False,False
2063,18068,AVLP064,AVLP064_L,False,False,False,False,False,False,False,False
2064,18069,GNG602,GNG602_R,False,False,False,False,False,False,False,False
2065,18082,CB1538,CB1538_R,False,False,False,False,False,False,False,False
2066,18086,PVLP094,PVLP094_R,False,False,False,False,False,False,False,False
2067,18089,AMMC035,AMMC035_L,False,False,False,False,False,False,False,False
2068,18090,CB4180,CB4180_R,False,False,False,False,False,False,False,False
2069,18097,,18097_R,False,False,False,False,False,False,False,False
2070,18100,CB3245,CB3245_R,False,False,False,False,False,False,False,False
2071,18110,DNge145,DNge145_L,False,False,False,False,False,False,False,False
2072,18111,SAD021_a,SAD021_a_R,False,False,False,False,False,False,False,False
2073,18116,AVLP158,AVLP158_L,False,False,False,False,False,False,False,False
2074,18122,DNg77,DNg77_L,False,False,False,False,False,False,False,False
2075,18124,AVLP428,AVLP428_R,False,False,False,False,False,False,False,False
2076,18127,LC4,LC4_R,False,False,False,False,False,False,False,False
2077,18134,AN12A003,AN12A003_L,False,False,False,False,False,False,False,False
2078,18137,IB051,IB051_R,False,False,False,False,False,False,False,False
2079,18139,CL122_b,CL122_b_L,False,False,False,False,False,False,False,False
2080,18145,LPLC4,LPLC4_L,False,False,False,False,False,False,False,False
2081,18151,SAD001,SAD001_R,False,False,False,False,False,False,False,False
2082,18155,LPLC4,LPLC4_L,False,False,False,False,False,False,False,False
2083,18164,AN05B102c,AN05B102c_R,False,False,False,False,False,False,False,False
2084,18173,CB1948,CB1948_R,False,False,False,False,False,False,False,False
2085,18186,AVLP718m,AVLP718m_L,False,False,False,False,False,False,False,False
2086,18187,CL123_e,CL123_e_L,False,False,False,False,False,False,False,False
2087,18189,LC4,LC4_R,False,False,False,False,False,False,False,False
2088,18193,AVLP372,AVLP372_R,False,False,False,False,False,False,False,False
2089,18195,PVLP214m,PVLP214m_R,False,False,False,False,False,False,False,False
2090,18204,PVLP048,PVLP048_L,False,False,False,False,False,False,False,False
2091,18232,AN09B027,AN09B027_R,False,False,False,False,False,False,False,False
2092,18241,PS188,PS188_R,False,False,False,False,False,False,False,False
2093,18253,AVLP117,AVLP117_R,False,False,False,False,False,False,False,False
2094,18257,WED092,WED092_R,False,False,False,False,False,False,False,False
2095,18264,SMP586,SMP586_L,False,False,False,False,False,False,False,False
2096,18267,AVLP117,AVLP117_L,False,False,False,False,False,False,False,False
2097,18275,CL128a,CL128a_L,False,False,False,False,False,False,False,False
2098,18279,AN09B007,AN09B007_L,False,False,False,False,False,False,False,False
2099,18287,CB2153,CB2153_R,False,False,False,False,False,False,False,False
2100,18292,CB3409,CB3409_L,False,False,False,False,False,False,False,False
2101,18296,AVLP329,AVLP329_L,False,False,False,False,False,False,False,False
2102,18302,SAD200m,SAD200m_R,False,False,False,False,False,False,False,False
2103,18320,CB4094,CB4094_L,False,False,False,False,False,False,False,False
2104,18324,AN05B025,AN05B025_R,False,False,False,False,False,False,False,False
2105,18328,LH007m,LH007m_R,False,False,False,False,False,False,False,False
2106,18333,AVLP203_b,AVLP203_b_R,False,False,False,False,False,False,False,False
2107,18335,AOTU015,AOTU015_R,False,False,False,False,False,False,False,False
2108,18338,AN09B003,AN09B003(18338)_R,False,False,False,False,False,False,False,False
2109,18340,WED125,WED125_L,False,False,False,False,False,False,False,False
2110,18349,LH004m,LH004m_R,False,False,False,False,False,False,False,False
2111,18351,VP2+Z_lvPN,VP2+Z_lvPN_L,False,False,False,False,False,False,False,False
2112,18373,AN17B007,AN17B007_L,False,False,False,False,False,False,False,False
2113,18382,VES203m,VES203m_L,False,False,False,False,False,False,False,False
2114,18426,AVLP742m,AVLP742m_R,False,False,False,False,False,False,False,False
2115,18455,AN17B008,AN17B008_L,False,False,False,False,False,False,False,False
2116,18458,WED063_b,WED063_b_R,False,False,False,False,False,False,False,False
2117,18473,CB1557,CB1557_R,False,False,False,False,False,False,False,False
2118,18478,LC4,LC4_L,False,False,False,False,False,False,False,False
2119,18479,mAL_m8,mAL_m8_L,False,False,False,False,False,False,False,False
2120,18480,LAL164,LAL164_R,False,False,False,False,False,False,False,False
2121,18521,AMMC023,AMMC023_L,False,False,False,False,False,False,False,False
2122,18522,CB2458,CB2458_R,False,False,False,False,False,False,False,False
2123,18546,AVLP451,AVLP451_L,False,False,False,False,False,False,False,False
2124,18553,AVLP372,AVLP372_R,False,False,False,False,False,False,False,False
2125,18554,pC1_12b,pC1_12b_R,False,True,False,False,False,True,False,False
2126,18563,SMP037,SMP037_L,False,False,False,False,False,False,False,False
2127,18566,PLP214,PLP214_R,False,False,False,False,False,False,False,False
2128,18568,AN27X003,AN27X003_R,False,False,False,False,False,False,False,False
2129,18574,CL123_d,CL123_d_L,False,False,False,False,False,False,False,False
2130,18583,aIPg6,aIPg6_L,False,False,False,False,False,False,False,False
2131,18604,AVLP204,AVLP204_L,False,False,False,False,False,False,False,False
2132,18606,WED089,WED089_L,False,False,False,False,False,False,False,False
2133,18607,DNpe037,DNpe037(CL338)_R,False,False,False,False,False,False,False,False
2134,18620,AVLP733m,AVLP733m_R,False,False,False,False,False,False,False,False
2135,18643,AN09B027,AN09B027(hb1446765621)_L,False,False,False,False,False,False,False,False
2136,18648,PVLP100,PVLP100_R,False,False,False,False,False,False,False,False
2137,18649,CB3598,CB3598_R,False,False,False,False,False,False,False,False
2138,18651,,,False,False,False,False,False,False,False,False
2139,18659,CB4094,CB4094_R,False,False,False,False,False,False,False,False
2140,18660,AVLP329,AVLP329_L,False,False,False,False,False,False,False,False
2141,18663,CB0115,CB0115_L,False,False,False,False,False,False,False,False
2142,18673,LT77,LT77_R,False,False,False,False,False,False,False,False
2143,18684,SMP245,SMP245_R,False,False,False,False,False,False,False,False
2144,18696,AN05B023c,AN05B023c_R,False,False,False,False,False,False,False,False
2145,18699,AVLP725m,AVLP725m_R,False,False,False,False,False,False,False,False
2146,18704,AVLP204,AVLP204_R,False,False,False,False,False,False,False,False
2147,18705,AVLP040,AVLP040_R,False,False,False,False,False,False,False,False
2148,18714,AN18B004,AN18B004_R,False,False,False,False,False,False,False,False
2149,18716,CB3245,CB3245_R,False,False,False,False,False,False,False,False
2150,18724,CB3660,CB3660_L,False,False,False,False,False,False,False,False
2151,18732,LH004m,LH004m_L,False,False,False,False,False,False,False,False
2152,18738,AMMC023,AMMC023_R,False,False,False,False,False,False,False,False
2153,18739,CB1852,CB1852_L,False,False,False,False,False,False,False,False
2154,18754,PS106,PS106_L,False,False,False,False,False,False,False,False
2155,18760,AVLP346,AVLP346_R,False,False,False,False,False,False,False,False
2156,18783,aIPg2,aIPg2_L,False,False,False,False,False,False,False,False
2157,18791,PVLP207m,PVLP207m_R,False,False,False,False,False,False,False,False
2158,18792,AVLP727m,AVLP727m_L,False,False,False,False,False,False,False,False
2159,18800,PVLP210m,PVLP210m_L,False,False,False,False,False,False,False,False
2160,18802,PVLP202m,PVLP202m_R,False,False,False,False,False,False,False,False
2161,18810,CL122_a,CL122_a_L,False,False,False,False,False,False,False,False
2162,18821,AMMC023,AMMC023_L,False,False,False,False,False,False,False,False
2163,18825,LAL029_c,LAL029_c_R,False,False,False,False,False,False,False,False
2164,18830,AVLP760m,AVLP760m_R,False,False,False,False,False,False,False,False
2165,18831,CB1932,CB1932_R,False,False,False,False,False,False,False,False
2166,18849,SIP024,SIP024_R,False,False,False,False,False,False,False,False
2167,18850,SAD021,SAD021_L,False,False,False,False,False,False,False,False
2168,18876,LAL029_d,LAL029_d_R,False,False,False,False,False,False,False,False
2169,18879,LC14a-2,LC14a-2_L,False,False,False,False,False,False,False,False
2170,18885,AVLP745m,AVLP745m_R,False,False,False,False,False,False,False,False
2171,18894,PVLP214m,PVLP214m_R,False,False,False,False,False,False,False,False
2172,18903,CL270,CL270_L,False,False,False,False,False,False,False,False
2173,18907,PVLP123,PVLP123_L,False,False,False,False,False,False,False,False
2174,18913,pC1_2b,pC1_2b_L,False,True,False,False,False,True,False,False
2175,18924,PVLP080_a,PVLP080_a_R,False,False,False,False,False,False,False,False
2176,18934,pC1_15c,pC1_15c_L,False,True,False,False,False,True,False,False
2177,18937,LHPV2a1_d,LHPV2a1_d_R,False,False,False,False,False,False,False,False
2178,18938,AVLP164,AVLP164_R,False,False,False,False,False,False,False,False
2179,18940,AN05B006,AN05B006_L,False,False,False,False,False,False,False,False
2180,18957,AN05B099,AN05B099_L,False,False,False,False,False,False,False,False
2181,18969,CL072,CL072_R,False,False,False,False,False,False,False,False
2182,18974,pC1_3a,pC1_3a_R,False,True,False,False,False,True,False,False
2183,18981,,18981_L,False,False,False,False,False,False,False,False
2184,18986,LPLC4,LPLC4_L,False,False,False,False,False,False,False,False
2185,18987,AVLP727m,AVLP727m_R,False,False,False,False,False,False,False,False
2186,18990,pC1_11a,pC1_11a_L,False,True,False,False,False,True,False,False
2187,19012,AVLP745m,AVLP745m_R,False,False,False,False,False,False,False,False
2188,19014,AVLP511,AVLP511_L,False,False,False,False,False,False,False,False
2189,19016,AVLP104,AVLP104_R,False,False,False,False,False,False,False,False
2190,19020,AVLP718m,AVLP718m_R,False,False,False,False,False,False,False,False
2191,19024,AVLP124,AVLP124_R,False,False,False,False,False,False,False,False
2192,19030,DNge091,DNge091_L,False,False,False,False,False,False,False,False
2193,19035,AVLP126,AVLP126_R,False,False,False,False,False,False,False,False
2194,19038,DNg106,DNg106_L,False,False,False,False,False,False,False,False
2195,19041,,,False,False,False,False,False,False,False,False
2196,19048,CB1973,CB1973_L,False,False,False,False,False,False,False,False
2197,19051,CB3364,CB3364_R,False,False,False,False,False,False,False,False
2198,19063,AN17A015,AN17A015_L,False,False,False,False,False,False,False,False
2199,19080,AVLP461,AVLP461_L,False,False,False,False,False,False,False,False
2200,19082,CB1314,CB1314_R,False,False,False,False,False,False,False,False
2201,19084,DNge029,DNge029_L,False,False,False,False,False,False,False,False
2202,19088,CB1932,CB1932_L,False,False,False,False,False,False,False,False
2203,19089,AVLP204,AVLP204_R,False,False,False,False,False,False,False,False
2204,19095,CB3630,CB3630_L,False,False,False,False,False,False,False,False
2205,19105,PVLP214m,PVLP214m_L,False,False,False,False,False,False,False,False
2206,19107,AVLP039,AVLP039_R,False,False,False,False,False,False,False,False
2207,19109,AVLP743m,AVLP743m_R,False,False,False,False,False,False,False,False
2208,19122,LT85,LT85_R,False,False,False,False,False,False,False,False
2209,19128,mAL_m8,mAL_m8_L,False,False,False,False,False,False,False,False
2210,19136,pC1_3c,pC1_3c_L,False,True,False,False,False,True,False,False
2211,19163,LAL302m,LAL302m_R,False,False,False,False,False,False,False,False
2212,19165,AMMC022,AMMC022_L,False,False,False,False,False,False,False,False
2213,19171,AVLP347,AVLP347_R,False,False,False,False,False,False,False,False
2214,19174,PVLP078,PVLP078_R,False,False,False,False,False,False,False,False
2215,19175,AN06B002,AN06B002_L,False,False,False,False,False,False,False,False
2216,19187,WED125,WED125_L,False,False,False,False,False,False,False,False
2217,19200,AVLP734m,AVLP734m_L,False,False,False,False,False,False,False,False
2218,19205,AVLP283,AVLP283_R,False,False,False,False,False,False,False,False
2219,19206,AN06B034,AN06B034_R,False,False,False,False,False,False,False,False
2220,19212,LH004m,LH004m_R,False,False,False,False,False,False,False,False
2221,19217,AN23B003,AN23B003_R,False,False,False,False,False,False,False,False
2222,19221,CB2789,CB2789_L,False,False,False,False,False,False,False,False
2223,19222,AVLP333,AVLP333_L,False,False,False,False,False,False,False,False
2224,19223,ICL003m,ICL003m_L,False,False,False,False,False,False,False,False
2225,19231,AVLP731m,AVLP731m_R,False,False,False,False,False,False,False,False
2226,19235,AVLP040,AVLP040_R,False,False,False,False,False,False,False,False
2227,19236,AVLP762m,AVLP762m_R,False,True,False,False,True,False,False,False
2228,19258,PLP052,PLP052_L,False,False,False,False,False,False,False,False
2229,19260,LC4,LC4_R,False,False,False,False,False,False,False,False
2230,19283,LAL300m,LAL300m_L,False,False,False,False,False,False,False,False
2231,19287,CB3530,CB3530_L,False,False,False,False,False,False,False,False
2232,19300,PVLP080_b,PVLP080_b_R,False,False,False,False,False,False,False,False
2233,19306,GNG011,GNG011_R,False,False,False,False,False,False,False,False
2234,19318,LAL029_a,LAL029_a_R,False,False,False,False,False,False,False,False
2235,19322,WED066,WED066_R,False,False,False,False,False,False,False,False
2236,19343,PVLP214m,PVLP214m_R,False,False,False,False,False,False,False,False
2237,19349,CB0154,CB0154_L,False,False,False,False,False,False,False,False
2238,19356,SAD021,SAD021_R,False,False,False,False,False,False,False,False
2239,19359,CB3607,CB3607_R,False,False,False,False,False,False,False,False
2240,19364,LHAV2b2_a,LHAV2b2_a_L,False,False,False,False,False,False,False,False
2241,19368,PVLP210m,PVLP210m_R,False,False,False,False,False,False,False,False
2242,19375,CL025,CL025_R,False,False,False,False,False,False,False,False
2243,19380,PVLP082,PVLP082_R,False,False,False,False,False,False,False,False
2244,19386,GNG345,GNG345_R,False,False,False,False,False,False,False,False
2245,19400,CB4094,CB4094_L,False,False,False,False,False,False,False,False
2246,19414,AVLP750m,AVLP750m_R,False,False,False,False,False,False,False,False
2247,19415,aIPg7,aIPg7_R,False,False,False,False,False,False,False,False
2248,19417,AVLP744m,AVLP744m_R,False,False,False,False,False,False,False,False
2249,19419,AN09B029,AN09B029_R,False,False,False,False,False,False,False,False
2250,19420,LC4,LC4_R,False,False,False,False,False,False,False,False
2251,19422,CB2789,CB2789_L,False,False,False,False,False,False,False,False
2252,19433,AN19B025,AN19B025_R,False,False,False,False,False,False,False,False
2253,19440,AN09B016,AN09B016_L,False,False,False,False,False,False,False,False
2254,19450,DNge091,DNge091_L,False,False,False,False,False,False,False,False
2255,19454,PVLP024,PVLP024_R,False,False,False,False,False,False,False,False
2256,19458,CL122_b,CL122_b_L,False,False,False,False,False,False,False,False
2257,19463,CB1688,CB1688_R,False,False,False,False,False,False,False,False
2258,19487,LH007m,LH007m_L,False,False,False,False,False,False,False,False
2259,19502,VES200m,VES200m_L,False,False,False,False,False,False,False,False
2260,19523,PVLP073,PVLP073_L,False,False,False,False,False,False,False,False
2261,19524,SAD200m,SAD200m_L,False,False,False,False,False,False,False,False
2262,19532,WED206,WED206_L,False,False,False,False,False,False,False,False
2263,19550,LC4,LC4_R,False,False,False,False,False,False,False,False
2264,19554,LAL028,LAL028_R,False,False,False,False,False,False,False,False
2265,19558,PVLP214m,PVLP214m_L,False,False,False,False,False,False,False,False
2266,19559,CB0128,CB0128_L,False,False,False,False,False,False,False,False
2267,19566,LAL029_b,LAL029_b_R,False,False,False,False,False,False,False,False
2268,19567,PVLP210m,PVLP210m_R,False,False,False,False,False,False,False,False
2269,19592,CB3595,CB3595_R,False,False,False,False,False,False,False,False
2270,19598,AVLP113,AVLP113_R,False,False,False,False,False,False,False,False
2271,19600,AVLP763m,AVLP763m_R,False,True,False,False,True,False,False,False
2272,19606,,,False,False,False,False,False,False,False,False
2273,19621,AVLP173,AVLP173_R,False,False,False,False,False,False,False,False
2274,19624,VES023,VES023_R,False,False,False,False,False,False,False,False
2275,19634,LC4,LC4_R,False,False,False,False,False,False,False,False
2276,19638,CB1314,CB1314_L,False,False,False,False,False,False,False,False
2277,19641,CL030,CL030_L,False,False,False,False,False,False,False,False
2278,19649,PVLP204m,PVLP204m_L,False,False,False,False,False,False,False,False
2279,19650,pC1_3a,pC1_3a_L,False,True,False,False,False,True,False,False
2280,19658,PVLP074,PVLP074_L,False,False,False,False,False,False,False,False
2281,19668,SAD021_c,SAD021_c_R,False,False,False,False,False,False,False,False
2282,19672,pC1_13a,pC1_13a_R,False,True,False,False,False,True,False,False
2283,19687,AVLP109,AVLP109_R,False,False,False,False,False,False,False,False
2284,19692,WED117,WED117_L,False,False,False,False,False,False,False,False
2285,19695,AVLP095,AVLP095_R,False,False,False,False,False,False,False,False
2286,19701,CB3364,CB3364_L,False,False,False,False,False,False,False,False
2287,19705,pC1_2b,pC1_2b_R,False,True,False,False,False,True,False,False
2288,19710,AVLP748m,AVLP748m_L,False,False,False,False,False,False,False,False
2289,19721,AVLP040,AVLP040_L,False,False,False,False,False,False,False,False
2290,19748,PVLP028,PVLP028_R,False,False,False,False,False,False,False,False
2291,19749,DNge091,DNge091_L,False,False,False,False,False,False,False,False
2292,19753,AN23B003,AN23B003_L,False,False,False,False,False,False,False,False
2293,19756,CB1852,CB1852_R,False,False,False,False,False,False,False,False
2294,19761,CB3649,CB3649_R,False,False,False,False,False,False,False,False
2295,19765,CB4073,CB4073_L,False,False,False,False,False,False,False,False
2296,19769,AVLP346,AVLP346_L,False,False,False,False,False,False,False,False
2297,19781,LH007m,LH007m_R,False,False,False,False,False,False,False,False
2298,19784,AVLP308,AVLP308_R,False,False,False,False,False,False,False,False
2299,19794,LC4,LC4_R,False,False,False,False,False,False,False,False
2300,19799,WED127,WED127_R,False,False,False,False,False,False,False,False
2301,19816,LAL302m,LAL302m_L,False,False,False,False,False,False,False,False
2302,19818,AVLP762m,AVLP762m_R,False,True,False,False,True,False,False,False
2303,19821,CB3660,CB3660_L,False,False,False,False,False,False,False,False
2304,19822,PVLP201m_b,PVLP201m_b_R,False,False,False,False,False,False,False,False
2305,19838,VES204m,VES204m_L,False,False,False,False,False,False,False,False
2306,19850,PLP132,PLP132_L,False,False,False,False,False,False,False,False
2307,19856,,,False,False,False,False,False,False,False,False
2308,19864,CB3879,CB3879_R,False,False,False,False,False,False,False,False
2309,19866,,,False,False,False,False,False,False,False,False
2310,19881,CL025,CL025_L,False,False,False,False,False,False,False,False
2311,19899,CB3649,CB3649_L,False,False,False,False,False,False,False,False
2312,19904,CB0046,CB0046_L,False,False,False,False,False,False,False,False
2313,19905,CB3631,CB3631_R,False,False,False,False,False,False,False,False
2314,19912,aIPg5,aIPg5_R,False,False,False,False,False,False,False,False
2315,19924,CB2664,CB2664_L,False,False,False,False,False,False,False,False
2316,19926,CB1142,CB1142_R,False,False,False,False,False,False,False,False
2317,19927,CB4073,CB4073_R,False,False,False,False,False,False,False,False
2318,19948,pC1_3c,pC1_3c_R,False,True,False,False,False,True,False,False
2319,19954,LC4,LC4_R,False,False,False,False,False,False,False,False
2320,19955,AVLP040,AVLP040_L,False,False,False,False,False,False,False,False
2321,19977,PVLP074,PVLP074_L,False,False,False,False,False,False,False,False
2322,19984,AVLP567,AVLP567_L,False,False,False,False,False,False,False,False
2323,19986,PS093,PS093_L,False,False,False,False,False,False,False,False
2324,19987,AVLP252,AVLP252_L,False,False,False,False,False,False,False,False
2325,19990,AVLP096,AVLP096_R,False,False,False,False,False,False,False,False
2326,19998,LAL161,LAL161_L,False,False,False,False,False,False,False,False
2327,20010,AN06B002,AN06B002_L,False,False,False,False,False,False,False,False
2328,20016,LC4,LC4_R,False,False,False,False,False,False,False,False
2329,20040,LPLC4,LPLC4_L,False,False,False,False,False,False,False,False
2330,20054,DNge091,DNge091_L,False,False,False,False,False,False,False,False
2331,20055,,,False,False,False,False,False,False,False,False
2332,20061,CB3870,CB3870_L,False,False,False,False,False,False,False,False
2333,20065,ANXXX055,ANXXX055_L,False,False,False,False,False,False,False,False
2334,20077,CL122_b,CL122_b_R,False,False,False,False,False,False,False,False
2335,20080,WED093,WED093_R,False,False,False,False,False,False,False,False
2336,20097,AVLP744m,AVLP744m_R,False,False,False,False,False,False,False,False
2337,20099,AVLP309,AVLP309_R,False,False,False,False,False,False,False,False
2338,20104,AVLP253,AVLP253_R,False,False,False,False,False,False,False,False
2339,20110,CB3184,CB3184_L,False,False,False,False,False,False,False,False
2340,20116,AVLP380,AVLP380_L,False,False,False,False,False,False,False,False
2341,20117,pC1_4a,pC1_4a_R,False,True,False,False,False,True,False,False
2342,20121,CB2396,CB2396_L,False,False,False,False,False,False,False,False
2343,20129,DNg12_e,DNg12_e_R,False,False,False,False,False,False,False,False
2344,20130,WED117,WED117_R,False,False,False,False,False,False,False,False
2345,20137,PVLP080_b,PVLP080_b_R,False,False,False,False,False,False,False,False
2346,20138,CB2254,CB2254_R,False,False,False,False,False,False,False,False
2347,20142,WED063_b,WED063_b_L,False,False,False,False,False,False,False,False
2348,20143,CB4102,CB4102_L,False,False,False,False,False,False,False,False
2349,20150,LC9,LC9_L,False,False,False,False,False,False,False,False
2350,20163,AVLP158,AVLP158_R,False,False,False,False,False,False,False,False
2351,20170,AN17B013,AN17B013_R,False,False,False,False,False,False,False,False
2352,20190,LoVP50,LoVP50_L,False,False,False,False,False,False,False,False
2353,20227,ANXXX005,ANXXX005_R,False,False,False,False,False,False,False,False
2354,20237,WED063_a,WED063_a_L,False,False,False,False,False,False,False,False
2355,20239,SIP118m,SIP118m_R,False,False,False,False,False,False,False,False
2356,20249,AVLP470_a,AVLP470_a_L,False,False,False,False,False,False,False,False
2357,20255,pC1_1a,pC1_1a_L,False,True,False,False,False,True,False,False
2358,20278,M_vPNml65,M_vPNml65_L,False,False,False,False,False,False,False,False
2359,20291,SIP122m,SIP122m_L,False,False,False,False,False,False,False,False
2360,20312,CB3630,CB3630_R,False,False,False,False,False,False,False,False
2361,20335,mAL_m3c,mAL_m3c_L,False,False,False,False,False,False,False,False
2362,20349,AMMC017,AMMC017_L,False,False,False,False,False,False,False,False
2363,20360,PVLP202m,PVLP202m_L,False,False,False,False,False,False,False,False
2364,20392,pC1_2c,pC1_2c_R,False,True,False,False,False,True,False,False
2365,20398,AN01A033,AN01A033_R,False,False,False,False,False,False,False,False
2366,20399,LC4,LC4_R,False,False,False,False,False,False,False,False
2367,20401,CB2501,CB2501_L,False,False,False,False,False,False,False,False
2368,20418,DNpe053,DNpe053(SMP454)_R,False,False,False,False,False,False,False,False
2369,20422,AVLP110_a,AVLP110_a_L,False,False,False,False,False,False,False,False
2370,20432,LT73,LT73_R,False,False,False,False,False,False,False,False
2371,20435,WED117,WED117_R,False,False,False,False,False,False,False,False
2372,20446,aIPg_m3,aIPg_m3_L,False,False,False,False,False,False,False,False
2373,20451,VES097,VES097_R,False,False,False,False,False,False,False,False
2374,20454,AVLP264,AVLP264_L,False,False,False,False,False,False,False,False
2375,20468,PS312,PS312(hb1314351013)_R,False,False,False,False,False,False,False,False
2376,20469,CB3906,CB3906_L,False,False,False,False,False,False,False,False
2377,20487,CL253,CL253_L,False,False,False,False,False,False,False,False
2378,20495,CB3552,CB3552_R,False,False,False,False,False,False,False,False
2379,20501,WED063_b,WED063_b_R,False,False,False,False,False,False,False,False
2380,20503,LHPV2i2_a,LHPV2i2_a_R,False,False,False,False,False,False,False,False
2381,20511,CB3578,CB3578_L,False,False,False,False,False,False,False,False
2382,20512,CB3322,CB3322_R,False,False,False,False,False,False,False,False
2383,20521,AVLP401,AVLP401_R,False,False,False,False,False,False,False,False
2384,20529,LoVP92,LoVP92_L,False,False,False,False,False,False,False,False
2385,20530,AN05B024,AN05B024_L,False,False,False,False,False,False,False,False
2386,20531,DNg09_a,DNg09_a_L,False,False,False,False,False,False,False,False
2387,20539,AN12B006,AN12B006_L,False,False,False,False,False,False,False,False
2388,20542,LC4,LC4_R,False,False,False,False,False,False,False,False
2389,20553,BM,BM_L,False,False,False,False,False,False,False,False
2390,20558,AVLP120,AVLP120_L,False,False,False,False,False,False,False,False
2391,20560,AVLP552,AVLP552_R,False,False,False,False,False,False,False,False
2392,20563,AVLP494,AVLP494_R,False,False,False,False,False,False,False,False
2393,20567,GNG260,GNG260_R,False,False,False,False,False,False,False,False
2394,20574,AVLP039,AVLP039_R,False,False,False,False,False,False,False,False
2395,20582,AOTU008,AOTU008_R,False,False,False,False,False,False,False,False
2396,20588,LC4,LC4_R,False,False,False,False,False,False,False,False
2397,20597,pC1_6a,pC1_6a_R,False,True,False,False,False,True,False,False
2398,20603,CB2006,CB2006_R,False,False,False,False,False,False,False,False
2399,20611,PVLP074,PVLP074_L,False,False,False,False,False,False,False,False
2400,20613,IB050,IB050_L,False,False,False,False,False,False,False,False
2401,20622,SAD200m,SAD200m_L,False,False,False,False,False,False,False,False
2402,20624,AVLP551,AVLP551_L,False,False,False,False,False,False,False,False
2403,20644,AN09B014,AN09B014_L,False,False,False,False,False,False,False,False
2404,20647,LH007m,LH007m_L,False,False,False,False,False,False,False,False
2405,20652,GNG124,GNG124_L,False,False,False,False,False,False,False,False
2406,20657,AVLP551,AVLP551_R,False,False,False,False,False,False,False,False
2407,20658,AVLP731m,AVLP731m_L,False,False,False,False,False,False,False,False
2408,20670,AVLP338,AVLP338_L,False,False,False,False,False,False,False,False
2409,20673,LC4,LC4_R,False,False,False,False,False,False,False,False
2410,20677,CB3450,CB3450_L,False,False,False,False,False,False,False,False
2411,20690,SMP721m,SMP721m_R,False,False,False,False,False,False,False,False
2412,20692,CL215,CL215_R,False,False,False,False,False,False,False,False
2413,20697,CL266_a3,CL266_a3_L,False,False,False,False,False,False,False,False
2414,20709,AVLP744m,AVLP744m_L,False,False,False,False,False,False,False,False
2415,20723,PVLP082,PVLP082_R,False,False,False,False,False,False,False,False
2416,20731,AVLP739m,AVLP739m_R,False,False,False,False,False,False,False,False
2417,20740,PVLP075,PVLP075_R,False,False,False,False,False,False,False,False
2418,20741,AVLP600,AVLP600_L,False,False,False,False,False,False,False,False
2419,20743,DNge019,DNge019_R,False,False,False,False,False,False,False,False
2420,20747,AOTU043,AOTU043_R,False,False,False,False,False,False,False,False
2421,20750,CB3024,CB3024_R,False,False,False,False,False,False,False,False
2422,20751,pC1_16a,pC1_16a_L,False,True,False,False,False,True,False,False
2423,20755,LAL300m,LAL300m_R,False,False,False,False,False,False,False,False
2424,20757,VES203m,VES203m_R,False,False,False,False,False,False,False,False
2425,20772,AVLP723m,AVLP723m_R,False,False,False,False,False,False,False,False
2426,20784,AOTU048,AOTU048_R,False,False,False,False,False,False,False,False
2427,20803,pC1_4a,pC1_4a_R,False,True,False,False,False,True,False,False
2428,20814,PVLP202m,PVLP202m_L,False,False,False,False,False,False,False,False
2429,20823,LH006m,LH006m_L,False,False,False,False,False,False,False,False
2430,20827,CB1678,CB1678_L,False,False,False,False,False,False,False,False
2431,20836,PVLP210m,PVLP210m_R,False,False,False,False,False,False,False,False
2432,20859,LC4,LC4_L,False,False,False,False,False,False,False,False
2433,20879,AVLP261_a,AVLP261_a_L,False,False,False,False,False,False,False,False
2434,20884,LT77,LT77_R,False,False,False,False,False,False,False,False
2435,20885,AVLP093,AVLP093_L,False,False,False,False,False,False,False,False
2436,20905,SIP118m,SIP118m_L,False,False,False,False,False,False,False,False
2437,20911,,20911_R,False,False,False,False,False,False,False,False
2438,20917,LC4,LC4_R,False,False,False,False,False,False,False,False
2439,20922,LAL027,LAL027_R,False,False,False,False,False,False,False,False
2440,20930,WED015,WED015_R,False,False,False,False,False,False,False,False
2441,20938,VES200m,VES200m_L,False,False,False,False,False,False,False,False
2442,20967,LC4,LC4_L,False,False,False,False,False,False,False,False
2443,20978,IB015,IB015_L,False,False,False,False,False,False,False,False
2444,20986,CB2549,CB2549_R,False,False,False,False,False,False,False,False
2445,20994,VES033,VES033_L,False,False,False,False,False,False,False,False
2446,20996,AMMC036,AMMC036_L,False,False,False,False,False,False,False,False
2447,21003,LPLC1,LPLC1_L,False,False,False,False,False,False,False,False
2448,21026,CB2371,CB2371_L,False,False,False,False,False,False,False,False
2449,21033,AVLP760m,AVLP760m_L,False,False,False,False,False,False,False,False
2450,21035,ANXXX151,ANXXX151_R,False,False,False,False,False,False,False,False
2451,21047,SAD040,SAD040_R,False,False,False,False,False,False,False,False
2452,21048,AVLP401,AVLP401_L,False,False,False,False,False,False,False,False
2453,21050,ANXXX174,ANXXX174(hb1978499214)_L,False,False,False,False,False,False,False,False
2454,21075,PVLP125,PVLP125_L,False,False,False,False,False,False,False,False
2455,21088,CB2144,CB2144_R,False,False,False,False,False,False,False,False
2456,21090,AVLP705m,AVLP705m_L,False,False,False,False,False,False,False,False
2457,21093,,21093_R,False,False,False,False,False,False,False,False
2458,21109,AVLP139,AVLP139_R,False,False,False,False,False,False,False,False
2459,21125,CB3661,CB3661_L,False,False,False,False,False,False,False,False
2460,21137,AVLP744m,AVLP744m_R,False,False,False,False,False,False,False,False
2461,21140,AN08B009,AN08B009_R,False,False,False,False,False,False,False,False
2462,21142,CB1085,CB1085_R,False,False,False,False,False,False,False,False
2463,21151,LC4,LC4_R,False,False,False,False,False,False,False,False
2464,21162,AOTU008,AOTU008_L,False,False,False,False,False,False,False,False
2465,21165,LC4,LC4_R,False,False,False,False,False,False,False,False
2466,21175,CB2371,CB2371_R,False,False,False,False,False,False,False,False
2467,21190,CB1852,CB1852_R,False,False,False,False,False,False,False,False
2468,21203,CL078_a,CL078_a_R,False,False,False,False,False,False,False,False
2469,21212,CB3305,CB3305_L,False,False,False,False,False,False,False,False
2470,21224,CL270,CL270_L,False,False,False,False,False,False,False,False
2471,21225,LC4,LC4_R,False,False,False,False,False,False,False,False
2472,21232,SCL001m,SCL001m_R,False,False,False,False,False,False,False,False
2473,21237,PVLP202m,PVLP202m_R,False,False,False,False,False,False,False,False
2474,21239,ANXXX106,ANXXX106_R,False,False,False,False,False,False,False,False
2475,21244,mAL_m2b,mAL_m2b_R,False,False,False,False,False,False,False,False
2476,21251,CB4173,CB4173_R,False,False,False,False,False,False,False,False
2477,21263,LHPV2a1_d,LHPV2a1_d_R,False,False,False,False,False,False,False,False
2478,21264,AVLP309,AVLP309_L,False,False,False,False,False,False,False,False
2479,21269,aIPg4,aIPg4_L,False,False,False,False,False,False,False,False
2480,21285,CB3578,CB3578_L,False,False,False,False,False,False,False,False
2481,21287,LC4,LC4_R,False,False,False,False,False,False,False,False
2482,21291,AVLP700m,AVLP700m_R,False,False,False,False,False,False,False,False
2483,21296,AN04B023,AN04B023(19982)_L,False,False,False,False,False,False,False,False
2484,21297,AVLP285,AVLP285_L,False,False,False,False,False,False,False,False
2485,21301,AVLP711m,AVLP711m_L,False,False,False,False,False,False,False,False
2486,21313,LC4,LC4_R,False,False,False,False,False,False,False,False
2487,21336,LC4,LC4_R,False,False,False,False,False,False,False,False
2488,21351,CB1139,CB1139_L,False,False,False,False,False,False,False,False
2489,21372,AVLP126,AVLP126_R,False,False,False,False,False,False,False,False
2490,21390,AVLP380,AVLP380_L,False,False,False,False,False,False,False,False
2491,21407,WED061,WED061_R,False,False,False,False,False,False,False,False
2492,21413,AVLP179,AVLP179_R,False,False,False,False,False,False,False,False
2493,21417,aSP10B,aSP10B_R,False,False,False,False,False,False,False,False
2494,21443,AVLP120,AVLP120_L,False,False,False,False,False,False,False,False
2495,21454,LH007m,LH007m_R,False,False,False,False,False,False,False,False
2496,21464,SIP121m,SIP121m_L,False,False,False,False,False,False,False,False
2497,21478,CB3578,CB3578_R,False,False,False,False,False,False,False,False
2498,21484,AN08B034,AN08B034_a_R,False,False,False,False,False,False,False,False
2499,21507,pC1_6a,pC1_6a_R,False,True,False,False,False,True,False,False
2500,21512,AN08B013,AN08B013_L,False,False,False,False,False,False,False,False
2501,21515,,,False,False,False,False,False,False,False,False
2502,21531,WED047,WED047_R,False,False,False,False,False,False,False,False
2503,21533,AN10B008,AN10B008_L,False,False,False,False,False,False,False,False
2504,21538,pC1_13b,pC1_13b_L,False,True,False,False,False,True,False,False
2505,21542,PVLP073,PVLP073_R,False,False,False,False,False,False,False,False
2506,21545,CB3305,CB3305_R,False,False,False,False,False,False,False,False
2507,21548,AVLP094,AVLP094_R,False,False,False,False,False,False,False,False
2508,21549,AN08B009,AN08B009_L,False,False,False,False,False,False,False,False
2509,21561,,18097_L,False,False,False,False,False,False,False,False
2510,21568,AVLP080,AVLP080_R,False,False,False,False,False,False,False,False
2511,21578,DNg106,DNg106_L,False,False,False,False,False,False,False,False
2512,21586,AVLP762m,AVLP762m_L,False,True,False,False,True,False,False,False
2513,21591,SIP104m,SIP104m_R,False,False,False,False,False,False,False,False
2514,21599,WED117,WED117_R,False,False,False,False,False,False,False,False
2515,21605,VES204m,VES204m_R,False,False,False,False,False,False,False,False
2516,21607,LT65,LT65_R,False,False,False,False,False,False,False,False
2517,21628,AVLP551,AVLP551_L,False,False,False,False,False,False,False,False
2518,21629,PVLP214m,PVLP214m_R,False,False,False,False,False,False,False,False
2519,21641,,,False,False,False,False,False,False,False,False
2520,21647,SIP121m,SIP121m_R,False,False,False,False,False,False,False,False
2521,21650,CB4116,CB4116_R,False,False,False,False,False,False,False,False
2522,21661,AVLP037,AVLP037_L,False,False,False,False,False,False,False,False
2523,21663,PVLP205m,PVLP205m_R,False,False,False,False,False,False,False,False
2524,21668,DNge019,DNge019_R,False,False,False,False,False,False,False,False
2525,21684,LPLC1,LPLC1_L,False,False,False,False,False,False,False,False
2526,21740,CB3595,CB3595_L,False,False,False,False,False,False,False,False
2527,21763,AN13B002,AN13B002_R,False,False,False,False,False,False,False,False
2528,21795,CL108,CL108_L,False,False,False,False,False,False,False,False
2529,21799,CL123_b,CL123_b_R,False,False,False,False,False,False,False,False
2530,21801,CB2380,CB2380_L,False,False,False,False,False,False,False,False
2531,21803,AN08B048,AN08B048_R,False,False,False,False,False,False,False,False
2532,21804,LC4,LC4_R,False,False,False,False,False,False,False,False
2533,21809,CB1959,CB1959_R,False,False,False,False,False,False,False,False
2534,21822,LHPV2a1_d,LHPV2a1_d_R,False,False,False,False,False,False,False,False
2535,21823,LAL160,LAL160_L,False,False,False,False,False,False,False,False
2536,21834,,,False,False,False,False,False,False,False,False
2537,21837,,,False,False,False,False,False,False,False,False
2538,21842,aSP10A_a,aSP10A_a_L,False,False,False,False,False,False,False,False
2539,21856,AVLP121,AVLP121_R,False,False,False,False,False,False,False,False
2540,21869,CB3676,CB3676_R,False,False,False,False,False,False,False,False
2541,21891,ICL004m_a,ICL004m_a_L,False,False,False,False,False,False,False,False
2542,21902,AVLP753m,AVLP753m_R,False,False,False,False,False,False,False,False
2543,21904,PS063,PS063_L,False,False,False,False,False,False,False,False
2544,21907,AVLP728m,AVLP728m_L,False,False,False,False,False,False,False,False
2545,21939,AVLP381,AVLP381_R,False,False,False,False,False,False,False,False
2546,21942,GNG567,GNG567_L,False,False,False,False,False,False,False,False
2547,21944,AMMC035,AMMC035_L,False,False,False,False,False,False,False,False
2548,21946,SMP043,SMP043_R,False,False,False,False,False,False,False,False
2549,21948,AVLP300_b,AVLP300_b_R,False,False,False,False,False,False,False,False
2550,21951,AVLP753m,AVLP753m_R,False,False,False,False,False,False,False,False
2551,21966,CB4172,CB4172_R,False,False,False,False,False,False,False,False
2552,21997,AVLP517,AVLP517_R,False,False,False,False,False,False,False,False
2553,22006,GNG602,GNG602_L,False,False,False,False,False,False,False,False
2554,22040,LHAV2b2_c,LHAV2b2_c_L,False,False,False,False,False,False,False,False
2555,22047,AN00A006,AN00A006(22047)_M,False,False,False,False,False,False,False,False
2556,22055,AVLP470_b,AVLP470_b_L,False,False,False,False,False,False,False,False
2557,22090,AN27X016,AN27X016_L,False,False,False,False,False,False,False,False
2558,22093,pC1_2c,pC1_2c_L,False,True,False,False,False,True,False,False
2559,22096,ICL011m,ICL011m_R,False,False,False,False,False,False,False,False
2560,22098,PLP150,PLP150_L,False,False,False,False,False,False,False,False
2561,22106,AVLP413,AVLP413_R,False,False,False,False,False,False,False,False
2562,22109,CB3184,CB3184_L,False,False,False,False,False,False,False,False
2563,22121,AVLP349,AVLP349_R,False,False,False,False,False,False,False,False
2564,22149,WED063_b,WED063_b_R,False,False,False,False,False,False,False,False
2565,22172,WED014,WED014_L,False,False,False,False,False,False,False,False
2566,22187,CB1314,CB1314_R,False,False,False,False,False,False,False,False
2567,22192,WED015,WED015_L,False,False,False,False,False,False,False,False
2568,22194,LC4,LC4_R,False,False,False,False,False,False,False,False
2569,22206,WED114,WED114_R,False,False,False,False,False,False,False,False
2570,22251,CB1695,CB1695_R,False,False,False,False,False,False,False,False
2571,22263,AVLP557,AVLP557_R,False,False,False,False,False,False,False,False
2572,22270,WED055_b,WED055_b_L,False,False,False,False,False,False,False,False
2573,22278,PVLP048,PVLP048_L,False,False,False,False,False,False,False,False
2574,22281,LH007m,LH007m_L,False,False,False,False,False,False,False,False
2575,22292,AVLP094,AVLP094_L,False,False,False,False,False,False,False,False
2576,22293,WED032,WED032_L,False,False,False,False,False,False,False,False
2577,22294,CB1549,CB1549_R,False,False,False,False,False,False,False,False
2578,22309,CB3201,CB3201_R,False,False,False,False,False,False,False,False
2579,22319,AN08B010,AN08B010_L,False,False,False,False,False,False,False,False
2580,22321,CB2396,CB2396_L,False,False,False,False,False,False,False,False
2581,22338,LHPV2a1_c,LHPV2a1_c_R,False,False,False,False,False,False,False,False
2582,22340,CB4116,CB4116_R,False,False,False,False,False,False,False,False
2583,22346,AVLP743m,AVLP743m_L,False,False,False,False,False,False,False,False
2584,22357,PVLP131,PVLP131_R,False,False,False,False,False,False,False,False
2585,22388,AVLP176_c,AVLP176_c_L,False,False,False,False,False,False,False,False
2586,22390,DNge008,DNge008_L,False,False,False,False,False,False,False,False
2587,22399,AVLP517,AVLP517_R,False,False,False,False,False,False,False,False
2588,22406,SMP172,SMP172_R,False,False,False,False,False,False,False,False
2589,22419,LAL192,LAL192_R,False,False,False,False,False,False,False,False
2590,22452,CB1695,CB1695_L,False,False,False,False,False,False,False,False
2591,22464,LoVC25,LoVC25_L,False,False,False,False,False,False,False,False
2592,22469,AN18B019,AN18B019_R,False,False,False,False,False,False,False,False
2593,22474,DNg12_e,DNg12_e_R,False,False,False,False,False,False,False,False
2594,22480,AN18B019,AN18B019_L,False,False,False,False,False,False,False,False
2595,22495,CB1852,CB1852_R,False,False,False,False,False,False,False,False
2596,22496,VES100,VES100_R,False,False,False,False,False,False,False,False
2597,22507,,22507_L,False,False,False,False,False,False,False,False
2598,22518,AN09B060,AN09B060(22518)_R,False,False,False,False,False,False,False,False
2599,22549,CB3445,CB3445_R,False,False,False,False,False,False,False,False
2600,22552,AVLP552,AVLP552_L,False,False,False,False,False,False,False,False
2601,22556,SAD117,SAD117_R,False,False,False,False,False,False,False,False
2602,22564,DNg12_e,DNg12_e_R,False,False,False,False,False,False,False,False
2603,22574,CB1852,CB1852_L,False,False,False,False,False,False,False,False
2604,22575,CB1074,CB1074_R,False,False,False,False,False,False,False,False
2605,22578,CL123_e,CL123_e_R,False,False,False,False,False,False,False,False
2606,22584,,,False,False,False,False,False,False,False,False
2607,22592,AVLP140,AVLP140_L,False,False,False,False,False,False,False,False
2608,22596,DNg12_e,DNg12_e_L,False,False,False,False,False,False,False,False
2609,22597,AN01A033,AN01A033_L,False,False,False,False,False,False,False,False
2610,22606,SIP119m,SIP119m_L,False,False,False,False,False,False,False,False
2611,22609,AVLP541,AVLP541_L,False,False,False,False,False,False,False,False
2612,22621,ICL003m,ICL003m_R,False,False,False,False,False,False,False,False
2613,22629,,,False,False,False,False,False,False,False,False
2614,22653,CB2108,CB2108_R,False,False,False,False,False,False,False,False
2615,22684,CB1205,CB1205_L,False,False,False,False,False,False,False,False
2616,22709,IN05B022,IN05B022_R,False,False,False,False,False,False,False,False
2617,22733,CL121_b,CL121_b_L,False,False,False,False,False,False,False,False
2618,22736,AVLP121,AVLP121_R,False,False,False,False,False,False,False,False
2619,22744,CB2633,CB2633_L,False,False,False,False,False,False,False,False
2620,22765,PLP059,PLP059_L,False,False,False,False,False,False,False,False
2621,22776,CB0218,CB0218_R,False,False,False,False,False,False,False,False
2622,22778,PVLP204m,PVLP204m_R,False,False,False,False,False,False,False,False
2623,22784,AVLP132,AVLP132_L,False,False,False,False,False,False,False,False
2624,22814,CB0206,CB0206_L,False,False,False,False,False,False,False,False
2625,22815,WED111,WED111_R,False,False,False,False,False,False,False,False
2626,22818,pC1_17a,pC1_17a_R,False,True,False,False,False,True,False,False
2627,22825,GNG466,GNG466_L,False,False,False,False,False,False,False,False
2628,22828,PVLP080_b,PVLP080_b_L,False,False,False,False,False,False,False,False
2629,22834,CB0374,CB0374_L,False,False,False,False,False,False,False,False
2630,22839,aIPg5,aIPg5_R,False,False,False,False,False,False,False,False
2631,22843,CB3619,CB3619_L,False,False,False,False,False,False,False,False
2632,22852,LHPV2a1_d,LHPV2a1_d_L,False,False,False,False,False,False,False,False
2633,22855,CL072,CL072_L,False,False,False,False,False,False,False,False
2634,22861,CL122_a,CL122_a_R,False,False,False,False,False,False,False,False
2635,22881,aIPg_m1,aIPg_m1_R,False,False,False,False,False,False,False,False
2636,22899,LHPV2a1_c,LHPV2a1_c_L,False,False,False,False,False,False,False,False
2637,22908,CB4118,CB4118_R,False,False,False,False,False,False,False,False
2638,22953,AVLP255,AVLP255_L,False,False,False,False,False,False,False,False
2639,22961,AN09B026,AN09B026_L,False,False,False,False,False,False,False,False
2640,22966,LC4,LC4_R,False,False,False,False,False,False,False,False
2641,22975,LC4,LC4_R,False,False,False,False,False,False,False,False
2642,23017,mAL_m8,mAL_m8_L,False,False,False,False,False,False,False,False
2643,23028,SIP135m,SIP135m_L,False,False,False,False,False,False,False,False
2644,23035,WED166_d,WED166_d_R,False,False,False,False,False,False,False,False
2645,23043,AVLP728m,AVLP728m_R,False,False,False,False,False,False,False,False
2646,23056,PVLP111,PVLP111_L,False,False,False,False,False,False,False,False
2647,23098,LC4,LC4_R,False,False,False,False,False,False,False,False
2648,23112,PVLP074,PVLP074_R,False,False,False,False,False,False,False,False
2649,23113,CB3863,CB3863_L,False,False,False,False,False,False,False,False
2650,23119,CB1549,CB1549_R,False,False,False,False,False,False,False,False
2651,23135,CB4231,CB4231_R,False,False,False,False,False,False,False,False
2652,23137,CB3269,CB3269_R,False,False,False,False,False,False,False,False
2653,23143,SAD047,SAD047_R,False,False,False,False,False,False,False,False
2654,23158,FLA001m,FLA001m_R,False,False,False,False,False,False,False,False
2655,23167,,,False,False,False,False,False,False,False,False
2656,23174,AVLP380,AVLP380_R,False,False,False,False,False,False,False,False
2657,23175,LC14a-1,LC14a-1_R,False,False,False,False,False,False,False,False
2658,23191,SAD078,SAD078_L,False,False,False,False,False,False,False,False
2659,23193,aIPg7,aIPg7_R,False,False,False,False,False,False,False,False
2660,23204,ALIN2,ALIN2_R,False,False,False,False,False,False,False,False
2661,23244,SMP710m,SMP710m_L,False,False,False,False,False,False,False,False
2662,23259,PLP066,PLP066_R,False,False,False,False,False,False,False,False
2663,23270,ICL011m,ICL011m_L,False,False,False,False,False,False,False,False
2664,23307,WED193,WED193_L,False,False,False,False,False,False,False,False
2665,23310,,,False,False,False,False,False,False,False,False
2666,23319,ICL008m,ICL008m_R,False,False,False,False,False,False,False,False
2667,23342,,23342_L,False,False,False,False,False,False,False,False
2668,23375,CL099,CL099_L,False,False,False,False,False,False,False,False
2669,23387,,,False,False,False,False,False,False,False,False
2670,23392,LC4,LC4_R,False,False,False,False,False,False,False,False
2671,23397,AVLP338,AVLP338_R,False,False,False,False,False,False,False,False
2672,23403,VES100,VES100_L,False,False,False,False,False,False,False,False
2673,23440,AVLP256,AVLP256_L,False,False,False,False,False,False,False,False
2674,23504,aIPg7,aIPg7_R,False,False,False,False,False,False,False,False
2675,23505,CB0218,CB0218_L,False,False,False,False,False,False,False,False
2676,23513,AN05B035,AN05B035_L,False,False,False,False,False,False,False,False
2677,23524,AVLP461,AVLP461_L,False,False,False,False,False,False,False,False
2678,23528,CB2595,CB2595_R,False,False,False,False,False,False,False,False
2679,23536,AOTU008,AOTU008_R,False,False,False,False,False,False,False,False
2680,23544,WED072,WED072_R,False,False,False,False,False,False,False,False
2681,23546,AVLP555,AVLP555_R,False,False,False,False,False,False,False,False
2682,23558,vpoIN,vpoIN_R,False,False,False,False,False,False,False,False
2683,23587,WED124,WED124_L,False,False,False,False,False,False,False,False
2684,23608,SAD078,SAD078_L,False,False,False,False,False,False,False,False
2685,23673,LHPD2c1,LHPD2c1_R,False,False,False,False,False,False,False,False
2686,23680,SIP141m,SIP141m_L,False,False,False,False,False,False,False,False
2687,23683,CB4172,CB4172_R,False,False,False,False,False,False,False,False
2688,23685,ANXXX132,ANXXX132_L,False,False,False,False,False,False,False,False
2689,23693,VES023,VES023_R,False,False,False,False,False,False,False,False
2690,23695,pC1_14a,pC1_14a_L,False,True,False,False,False,True,False,False
2691,23696,WEDPN1B,WEDPN1B_L,False,False,False,False,False,False,False,False
2692,23704,PVLP081,PVLP081_L,False,False,False,False,False,False,False,False
2693,23717,,,False,False,False,False,False,False,False,False
2694,23727,AVLP256,AVLP256_R,False,False,False,False,False,False,False,False
2695,23730,CB2374,CB2374_L,False,False,False,False,False,False,False,False
2696,23752,AVLP738m,AVLP738m_R,False,False,False,False,False,False,False,False
2697,23755,AN08B048,AN08B048_L,False,False,False,False,False,False,False,False
2698,23762,PLP067,PLP067_R,False,False,False,False,False,False,False,False
2699,23784,AN09B024,AN09B024_R,False,False,False,False,False,False,False,False
2700,23787,pC1_13c,pC1_13c_L,False,True,False,False,False,True,False,False
2701,23789,pC1_16a,pC1_16a_L,False,True,False,False,False,True,False,False
2702,23792,LC4,LC4_R,False,False,False,False,False,False,False,False
2703,23794,AVLP738m,AVLP738m_L,False,False,False,False,False,False,False,False
2704,23796,AVLP121,AVLP121_R,False,False,False,False,False,False,False,False
2705,23807,PVLP082,PVLP082_L,False,False,False,False,False,False,False,False
2706,23826,AN05B005,AN05B005_L,False,False,False,False,False,False,False,False
2707,23827,PVLP048,PVLP048_L,False,False,False,False,False,False,False,False
2708,23835,AOTU059,AOTU059_L,False,False,False,False,False,False,False,False
2709,23836,GNG331,GNG331_R,False,False,False,False,False,False,False,False
2710,23870,CB1908,CB1908_R,False,False,False,False,False,False,False,False
2711,23883,CB3184,CB3184_R,False,False,False,False,False,False,False,False
2712,23889,PLP150,PLP150_R,False,False,False,False,False,False,False,False
2713,23898,PVLP202m,PVLP202m_R,False,False,False,False,False,False,False,False
2714,23924,pC1_13b,pC1_13b_L,False,True,False,False,False,True,False,False
2715,23942,PVLP207m,PVLP207m_R,False,False,False,False,False,False,False,False
2716,23944,CL261,CL261_L,False,False,False,False,False,False,False,False
2717,23952,pC1_16a,pC1_16a_R,False,True,False,False,False,True,False,False
2718,23956,PVLP131,PVLP131_L,False,False,False,False,False,False,False,False
2719,23963,SAD100,SAD100_R,False,False,False,False,False,False,False,False
2720,23968,pC1_4a,pC1_4a_R,False,True,False,False,False,True,False,False
2721,23973,AVLP526,AVLP526_R,False,False,False,False,False,False,False,False
2722,23978,PVLP209m,PVLP209m_L,False,False,False,False,False,False,False,False
2723,23979,CB1065,CB1065_L,False,False,False,False,False,False,False,False
2724,23984,AVLP121,AVLP121_R,False,False,False,False,False,False,False,False
2725,23991,PVLP205m,PVLP205m_R,False,False,False,False,False,False,False,False
2726,24000,PVLP202m,PVLP202m_L,False,False,False,False,False,False,False,False
2727,24010,AVLP254,AVLP254_L,False,False,False,False,False,False,False,False
2728,24022,AN09B024,AN09B024_L,False,False,False,False,False,False,False,False
2729,24024,CB2373,CB2373_L,False,False,False,False,False,False,False,False
2730,24056,AVLP283,AVLP283_R,False,False,False,False,False,False,False,False
2731,24058,DNge014,DNge014_L,False,False,False,False,False,False,False,False
2732,24060,AVLP743m,AVLP743m_R,False,False,False,False,False,False,False,False
2733,24061,PVLP207m,PVLP207m_R,False,False,False,False,False,False,False,False
2734,24065,AVLP121,AVLP121_L,False,False,False,False,False,False,False,False
2735,24072,ICL008m,ICL008m_R,False,False,False,False,False,False,False,False
2736,24075,PVLP033,PVLP033_L,False,False,False,False,False,False,False,False
2737,24115,AN19A018,AN19A018(24115)_R,False,False,False,False,False,False,False,False
2738,24125,PVLP028,PVLP028_R,False,False,False,False,False,False,False,False
2739,24133,AN19B001,AN19B001(24133)_L,False,False,False,False,False,False,False,False
2740,24136,SMP702m,SMP702m_R,False,False,False,False,False,False,False,False
2741,24148,WED114,WED114_R,False,False,False,False,False,False,False,False
2742,24150,CL056,CL056_R,False,False,False,False,False,False,False,False
2743,24185,WED091,WED091_R,False,False,False,False,False,False,False,False
2744,24206,AVLP555,AVLP555_R,False,False,False,False,False,False,False,False
2745,24214,CB1903,CB1903_L,False,False,False,False,False,False,False,False
2746,24221,,,False,False,False,False,False,False,False,False
2747,24229,AN10B015,AN10B015_L,False,False,False,False,False,False,False,False
2748,24254,GNG466,GNG466_R,False,False,False,False,False,False,False,False
2749,24273,CB2380,CB2380_L,False,False,False,False,False,False,False,False
2750,24287,AVLP060,AVLP060_L,False,False,False,False,False,False,False,False
2751,24294,AVLP059,AVLP059_L,False,False,False,False,False,False,False,False
2752,24302,CB1795,CB1795_L,False,False,False,False,False,False,False,False
2753,24324,AVLP136,AVLP136_R,False,False,False,False,False,False,False,False
2754,24338,LC4,LC4_R,False,False,False,False,False,False,False,False
2755,24342,AVLP526,AVLP526_L,False,False,False,False,False,False,False,False
2756,24347,CL117,CL117_R,False,False,False,False,False,False,False,False
2757,24349,,,False,False,False,False,False,False,False,False
2758,24357,AN06B002,AN06B002_R,False,False,False,False,False,False,False,False
2759,24358,PVLP085,PVLP085_R,False,False,False,False,False,False,False,False
2760,24378,AVLP729m,AVLP729m_R,False,False,False,False,False,False,False,False
2761,24379,CL128a,CL128a_R,False,False,False,False,False,False,False,False
2762,24390,CB2108,CB2108_R,False,False,False,False,False,False,False,False
2763,24391,AVLP045,AVLP045_R,False,False,False,False,False,False,False,False
2764,24410,CB1852,CB1852_L,False,False,False,False,False,False,False,False
2765,24411,PVLP124,PVLP124_R,False,False,False,False,False,False,False,False
2766,24426,CL122_a,CL122_a_R,False,False,False,False,False,False,False,False
2767,24439,PLP134,PLP134_L,False,False,False,False,False,False,False,False
2768,24441,CL266_b1,CL266_b1_L,False,False,False,False,False,False,False,False
2769,24468,AVLP524_b,AVLP524_b_R,False,False,False,False,False,False,False,False
2770,24485,AVLP557,AVLP557_R,False,False,False,False,False,False,False,False
2771,24486,AVLP283,AVLP283_R,False,False,False,False,False,False,False,False
2772,24496,CL261,CL261_L,False,False,False,False,False,False,False,False
2773,24504,CB3302,CB3302_L,False,False,False,False,False,False,False,False
2774,24509,PVLP112,PVLP112_R,False,False,False,False,False,False,False,False
2775,24523,LC4,LC4_L,False,False,False,False,False,False,False,False
2776,24525,CB1549,CB1549_L,False,False,False,False,False,False,False,False
2777,24532,,,False,False,False,False,False,False,False,False
2778,24537,vpoIN,vpoIN_R,False,False,False,False,False,False,False,False
2779,24552,CB2624,CB2624_L,False,False,False,False,False,False,False,False
2780,24595,aSP10A_b,aSP10A_b_L,False,False,False,False,False,False,False,False
2781,24596,CB1948,CB1948_R,False,False,False,False,False,False,False,False
2782,24599,CB4073,CB4073_L,False,False,False,False,False,False,False,False
2783,24600,AVLP611,AVLP611_R,False,False,False,False,False,False,False,False
2784,24606,CB3499,CB3499_L,False,False,False,False,False,False,False,False
2785,24613,SIP145m,SIP145m_L,False,False,False,False,False,False,False,False
2786,24623,pC1_6b,pC1_6b_R,False,True,False,False,False,True,False,False
2787,24626,WED127,WED127_R,False,False,False,False,False,False,False,False
2788,24633,AVLP222,AVLP222_R,False,False,False,False,False,False,False,False
2789,24635,WED047,WED047_R,False,False,False,False,False,False,False,False
2790,24640,PLP218,PLP218_R,False,False,False,False,False,False,False,False
2791,24656,PLP065,PLP065_R,False,False,False,False,False,False,False,False
2792,24687,PVLP131,PVLP131_R,False,False,False,False,False,False,False,False
2793,24700,AN08B031,AN08B031_L,False,False,False,False,False,False,False,False
2794,24702,PLP065,PLP065_R,False,False,False,False,False,False,False,False
2795,24717,AVLP526,AVLP526_R,False,False,False,False,False,False,False,False
2796,24721,CB2412,CB2412_R,False,False,False,False,False,False,False,False
2797,24727,pC1_8a,pC1_8a_L,False,True,False,False,False,True,False,False
2798,24731,VES200m,VES200m_L,False,False,False,False,False,False,False,False
2799,24771,CB1044,CB1044_L,False,False,False,False,False,False,False,False
2800,24780,SIP142m,SIP142m_R,False,False,False,False,False,False,False,False
2801,24783,,,False,False,False,False,False,False,False,False
2802,24788,CL117,CL117_L,False,False,False,False,False,False,False,False
2803,24825,CB1932,CB1932_R,False,False,False,False,False,False,False,False
2804,24829,aSP10A_a,aSP10A_a_L,False,False,False,False,False,False,False,False
2805,24852,WED025,WED025_L,False,False,False,False,False,False,False,False
2806,24865,AVLP059,AVLP059_R,False,False,False,False,False,False,False,False
2807,24875,AVLP525,AVLP525(CL277)_L,False,False,False,False,False,False,False,False
2808,24876,CB4173,CB4173_L,False,False,False,False,False,False,False,False
2809,24888,AN03B011,AN03B011_L,False,False,False,False,False,False,False,False
2810,24893,CB3277,CB3277_L,False,False,False,False,False,False,False,False
2811,24894,AVLP345_a,AVLP345_a_L,False,False,False,False,False,False,False,False
2812,24906,CB2144,CB2144_R,False,False,False,False,False,False,False,False
2813,24913,AN10B015,AN10B015_R,False,False,False,False,False,False,False,False
2814,24924,ANXXX144,ANXXX144_L,False,False,False,False,False,False,False,False
2815,24928,CB1194,CB1194_L,False,False,False,False,False,False,False,False
2816,24938,AVLP221,AVLP221_L,False,False,False,False,False,False,False,False
2817,24970,AVLP265,AVLP265_L,False,False,False,False,False,False,False,False
2818,24980,mAL_m2b,mAL_m2b_R,False,False,False,False,False,False,False,False
2819,24992,LPLC4,LPLC4_L,False,False,False,False,False,False,False,False
2820,24995,AVLP736m,AVLP736m_R,False,False,False,False,False,False,False,False
2821,24997,AN08B013,AN08B013_R,False,False,False,False,False,False,False,False
2822,25007,AVLP137,AVLP137_L,False,False,False,False,False,False,False,False
2823,25018,CB3322,CB3322_R,False,False,False,False,False,False,False,False
2824,25021,GNG009,GNG009_M,False,False,False,False,False,False,False,False
2825,25037,AVLP753m,AVLP753m_R,False,False,False,False,False,False,False,False
2826,25043,AVLP338,AVLP338_R,False,False,False,False,False,False,False,False
2827,25047,AN09B020,AN09B020_L,False,False,False,False,False,False,False,False
2828,25049,CB4172,CB4172_L,False,False,False,False,False,False,False,False
2829,25053,AVLP527,AVLP527_L,False,False,False,False,False,False,False,False
2830,25076,AN08B022,AN08B022_R,False,False,False,False,False,False,False,False
2831,25092,ANXXX082,ANXXX082_L,False,False,False,False,False,False,False,False
2832,25093,CB3499,CB3499_R,False,False,False,False,False,False,False,False
2833,25104,,,False,False,False,False,False,False,False,False
2834,25106,CB3607,CB3607_R,False,False,False,False,False,False,False,False
2835,25108,JO-A2,JO-A2_L,True,False,False,False,False,False,False,False
2836,25110,CB4248,CB4175_L,False,False,False,False,False,False,False,False
2837,25112,,,False,False,False,False,False,False,False,False
2838,25114,ANXXX144,ANXXX144_R,False,False,False,False,False,False,False,False
2839,25152,WED065,WED065_R,False,False,False,False,False,False,False,False
2840,25153,AN06B002,AN06B002_L,False,False,False,False,False,False,False,False
2841,25161,LHPD2c1,LHPD2c1_L,False,False,False,False,False,False,False,False
2842,25179,ANXXX132,ANXXX132_R,False,False,False,False,False,False,False,False
2843,25185,AN09A007,AN09A007_L,False,False,False,False,False,False,False,False
2844,25204,pC1_13a,pC1_13a_L,False,True,False,False,False,True,False,False
2845,25230,AN18B032,AN18B032_R,False,False,False,False,False,False,False,False
2846,25236,,25236_L,False,False,False,False,False,False,False,False
2847,25254,,25236_R,False,False,False,False,False,False,False,False
2848,25275,CB1883,CB1883_R,False,False,False,False,False,False,False,False
2849,25278,PVLP214m,PVLP214m_R,False,False,False,False,False,False,False,False
2850,25289,VES023,VES023_L,False,False,False,False,False,False,False,False
2851,25342,AVLP377,AVLP377_R,False,False,False,False,False,False,False,False
2852,25349,AVLP494,AVLP494_L,False,False,False,False,False,False,False,False
2853,25377,CB1932,CB1932_R,False,False,False,False,False,False,False,False
2854,25381,CL117,CL117_L,False,False,False,False,False,False,False,False
2855,25385,AVLP179,AVLP179_L,False,False,False,False,False,False,False,False
2856,25395,PVLP209m,PVLP209m_R,False,False,False,False,False,False,False,False
2857,25434,AVLP312,AVLP312_L,False,False,False,False,False,False,False,False
2858,25435,LPLC1,LPLC1_L,False,False,False,False,False,False,False,False
2859,25436,SAD004,SAD004_L,False,False,False,False,False,False,False,False
2860,25438,SAD064,SAD064_L,False,False,False,False,False,False,False,False
2861,25466,CB3264,CB3264_L,False,False,False,False,False,False,False,False
2862,25478,FLA001m,FLA001m_L,False,False,False,False,False,False,False,False
2863,25483,VES097,VES097_L,False,False,False,False,False,False,False,False
2864,25487,CB2475,CB2475_L,False,False,False,False,False,False,False,False
2865,25503,AVLP461,AVLP461_R,False,False,False,False,False,False,False,False
2866,25521,pC1_8a,pC1_8a_R,False,True,False,False,False,True,False,False
2867,25522,CB1287_b,CB1287_b_L,False,False,False,False,False,False,False,False
2868,25538,AVLP526,AVLP526_R,False,False,False,False,False,False,False,False
2869,25542,pC1_7a,pC1_7a_R,False,True,False,False,False,True,False,False
2870,25544,CB3329,CB3329_R,False,False,False,False,False,False,False,False
2871,25557,FLA001m,FLA001m_L,False,False,False,False,False,False,False,False
2872,25561,SAD115,SAD115_R,False,False,False,False,False,False,False,False
2873,25568,aSP10C_b,aSP10C_b_R,False,False,False,False,False,False,False,False
2874,25576,PS092,PS092_R,False,False,False,False,False,False,False,False
2875,25584,LC4,LC4_R,False,False,False,False,False,False,False,False
2876,25589,DNg07,DNg07_L,False,False,False,False,False,False,False,False
2877,25593,CB1194,CB1194_R,False,False,False,False,False,False,False,False
2878,25597,AVLP700m,AVLP700m_R,False,False,False,False,False,False,False,False
2879,25608,PVLP125,PVLP125_R,False,False,False,False,False,False,False,False
2880,25613,PVLP112,PVLP112_L,False,False,False,False,False,False,False,False
2881,25615,CL261,CL261_R,False,False,False,False,False,False,False,False
2882,25621,SAD116,SAD116_L,False,False,False,False,False,False,False,False
2883,25657,AOTU049,AOTU049_R,False,False,False,False,False,False,False,False
2884,25668,CB4116,CB4116_L,False,False,False,False,False,False,False,False
2885,25690,pC1_15b,pC1_15b_R,False,True,False,False,False,True,False,False
2886,25724,CL121_b,CL121_b_R,False,False,False,False,False,False,False,False
2887,25730,IB015,IB015_R,False,False,False,False,False,False,False,False
2888,25740,pC1_14b,pC1_14b_R,False,True,False,False,False,True,False,False
2889,25755,SAD047,SAD047_R,False,False,False,False,False,False,False,False
2890,25771,CL368,CL368(hb733873838)_L,False,False,False,False,False,False,False,False
2891,25821,GNG611,GNG611_R,False,False,False,False,False,False,False,False
2892,25831,WED083,WED083_R,False,False,False,False,False,False,False,False
2893,25834,,,False,False,False,False,False,False,False,False
2894,25838,CB1165,CB1165_L,False,False,False,False,False,False,False,False
2895,25857,CB1918,CB1918_L,False,False,False,False,False,False,False,False
2896,25860,AOTU059,AOTU059_R,False,False,False,False,False,False,False,False
2897,25861,DNge038,DNge038_L,False,False,False,False,False,False,False,False
2898,25880,SAD009,SAD009_L,False,False,False,False,False,False,False,False
2899,25912,CB2207,CB2207_L,False,False,False,False,False,False,False,False
2900,25970,PVLP048,PVLP048_L,False,False,False,False,False,False,False,False
2901,25974,ANXXX178,ANXXX178_R,False,False,False,False,False,False,False,False
2902,25990,WED166_d,WED166_d_L,False,False,False,False,False,False,False,False
2903,26012,AN03B011,AN03B011_R,False,False,False,False,False,False,False,False
2904,26021,CB3499,CB3499_L,False,False,False,False,False,False,False,False
2905,26023,WED014,WED014_R,False,False,False,False,False,False,False,False
2906,26056,AVLP093,AVLP093_R,False,False,False,False,False,False,False,False
2907,26084,CB2207,CB2207_L,False,False,False,False,False,False,False,False
2908,26088,AN08B010,AN08B010_R,False,False,False,False,False,False,False,False
2909,26090,AN09B060,AN09B060(22518)_L,False,False,False,False,False,False,False,False
2910,26144,BM_Vib,BM_Vib_L,False,False,False,False,False,False,False,False
2911,26146,ANXXX154,ANXXX154_R,False,False,False,False,False,False,False,False
2912,26164,AOTU034,AOTU034_R,False,False,False,False,False,False,False,False
2913,26205,AVLP256,AVLP256_R,False,False,False,False,False,False,False,False
2914,26226,,,False,False,False,False,False,False,False,False
2915,26255,VES204m,VES204m_L,False,False,False,False,False,False,False,False
2916,26256,AOTU059,AOTU059_L,False,False,False,False,False,False,False,False
2917,26269,AN18B019,AN18B019_L,False,False,False,False,False,False,False,False
2918,26283,GNG324,GNG324_L,False,False,False,False,False,False,False,False
2919,26284,AN05B005,AN05B005_R,False,False,False,False,False,False,False,False
2920,26314,AVLP126,AVLP126_L,False,False,False,False,False,False,False,False
2921,26329,PS096,PS096_L,False,False,False,False,False,False,False,False
2922,26344,GNG458,GNG458_R,False,False,False,False,False,False,False,False
2923,26378,CB3305,CB3305_R,False,False,False,False,False,False,False,False
2924,26394,CB3503,CB3503_L,False,False,False,False,False,False,False,False
2925,26402,WED055_a,WED055_a_R,False,False,False,False,False,False,False,False
2926,26407,WED065,WED065_R,False,False,False,False,False,False,False,False
2927,26431,WED063_a,WED063_a_R,False,False,False,False,False,False,False,False
2928,26432,SMP444,SMP444_R,False,False,False,False,False,False,False,False
2929,26441,DNg12_f,DNg12_f_R,False,False,False,False,False,False,False,False
2930,26469,VES206m,VES206m_R,False,False,False,False,False,False,False,False
2931,26479,WED063_a,WED063_a_L,False,False,False,False,False,False,False,False
2932,26519,JO-FV,JO-FV_R,False,False,False,False,False,False,False,False
2933,26541,CB1959,CB1959_L,False,False,False,False,False,False,False,False
2934,26543,pC1_6a,pC1_6a_L,False,True,False,False,False,True,False,False
2935,26544,AVLP306,AVLP306_L,False,False,False,False,False,False,False,False
2936,26548,AVLP254,AVLP254_R,False,False,False,False,False,False,False,False
2937,26556,CB1744,CB1744_R,False,False,False,False,False,False,False,False
2938,26564,AN00A006,AN00A006_M,False,False,False,False,False,False,False,False
2939,26579,SLP122_b,SLP122_b_R,False,False,False,False,False,False,False,False
2940,26680,AN07B005,AN07B005_L,False,False,False,False,False,False,False,False
2941,26687,AN01B005,AN01B005_L,False,False,False,False,False,False,False,False
2942,26704,AVLP182,AVLP182_L,False,False,False,False,False,False,False,False
2943,26705,WEDPN1A,WEDPN1A_R,False,False,False,False,False,False,False,False
2944,26710,CB4231,CB4231_R,False,False,False,False,False,False,False,False
2945,26722,aIPg5,aIPg5_R,False,False,False,False,False,False,False,False
2946,26724,SAD079,SAD079_R,False,False,False,False,False,False,False,False
2947,26746,pC1_7b,pC1_7b_R,False,True,False,False,False,True,False,False
2948,26750,FLA001m,FLA001m_L,False,False,False,False,False,False,False,False
2949,26756,,,False,False,False,False,False,False,False,False
2950,26764,GNG108,GNG108_R,False,False,False,False,False,False,False,False
2951,26782,VES206m,VES206m_L,False,False,False,False,False,False,False,False
2952,26785,AVLP038,AVLP038_L,False,False,False,False,False,False,False,False
2953,26809,CL253,CL253_R,False,False,False,False,False,False,False,False
2954,26821,AVLP292,AVLP292_L,False,False,False,False,False,False,False,False
2955,26829,CB3322,CB3322_L,False,False,False,False,False,False,False,False
2956,26873,,,False,False,False,False,False,False,False,False
2957,26885,CB3739,CB3739_L,False,False,False,False,False,False,False,False
2958,26952,PVLP206m,PVLP206m_R,False,False,False,False,False,False,False,False
2959,26968,WED031,WED031_L,False,False,False,False,False,False,False,False
2960,26972,AVLP225_b2,AVLP225_b2_R,False,False,False,False,False,False,False,False
2961,26981,AVLP462,AVLP462_L,False,False,False,False,False,False,False,False
2962,26989,LHAV4c2,LHAV4c2_L,False,False,False,False,False,False,False,False
2963,26993,pC1_1b,pC1_1b_R,False,True,False,False,False,True,False,False
2964,27010,CB0956,CB0956_L,False,False,False,False,False,False,False,False
2965,27051,mAL_m8,mAL_m8_L,False,False,False,False,False,False,False,False
2966,27069,CB1964,CB1964_L,False,False,False,False,False,False,False,False
2967,27091,WED118,WED118_R,False,False,False,False,False,False,False,False
2968,27113,DNge180,DNge180_R,False,False,False,False,False,False,False,False
2969,27132,CB4170,CB4170_R,False,False,False,False,False,False,False,False
2970,27161,LHPD2a2,LHPD2a2_R,False,False,False,False,False,False,False,False
2971,27176,GNG601,GNG601_L,False,False,False,False,False,False,False,False
2972,27212,PLP064_b,PLP064_b_L,False,False,False,False,False,False,False,False
2973,27225,AVLP192_a,AVLP192_a_L,False,False,False,False,False,False,False,False
2974,27240,PLP150,PLP150_L,False,False,False,False,False,False,False,False
2975,27249,CL252,CL252_L,False,False,False,False,False,False,False,False
2976,27250,GNG146,GNG146_L,False,False,False,False,False,False,False,False
2977,27254,DNg01_c,DNg01_c_R,False,False,False,False,False,False,False,False
2978,27270,SAD200m,SAD200m_R,False,False,False,False,False,False,False,False
2979,27294,PVLP064,PVLP064_L,False,False,False,False,False,False,False,False
2980,27297,,,False,False,False,False,False,False,False,False
2981,27311,GNG333,GNG333_R,False,False,False,False,False,False,False,False
2982,27316,CB4116,CB4116_R,False,False,False,False,False,False,False,False
2983,27329,aIPg7,aIPg7_R,False,False,False,False,False,False,False,False
2984,27331,AVLP461,AVLP461_L,False,False,False,False,False,False,False,False
2985,27337,AVLP496,AVLP496_L,False,False,False,False,False,False,False,False
2986,27356,AOTU049,AOTU049_R,False,False,False,False,False,False,False,False
2987,27368,WED118,WED118_R,False,False,False,False,False,False,False,False
2988,27380,AVLP003,AVLP003_R,False,False,False,False,False,False,False,False
2989,27453,CL234,CL234_L,False,False,False,False,False,False,False,False
2990,27459,SIP101m,SIP101m_L,False,False,False,False,False,False,False,False
2991,27507,LHAV4c2,LHAV4c2_R,False,False,False,False,False,False,False,False
2992,27515,CB4094,CB4094_L,False,False,False,False,False,False,False,False
2993,27539,SAD001,SAD001_R,False,False,False,False,False,False,False,False
2994,27574,GNG331,GNG331_L,False,False,False,False,False,False,False,False
2995,27585,CB1932,CB1932_L,False,False,False,False,False,False,False,False
2996,27599,GNG448,GNG448_L,False,False,False,False,False,False,False,False
2997,27619,PVLP216m,PVLP216m_R,False,False,False,False,False,False,False,False
2998,27620,CB1638,CB1638_R,False,False,False,False,False,False,False,False
2999,27646,AVLP005,AVLP005_R,False,False,False,False,False,False,False,False
3000,27648,CL120,CL120_R,False,False,False,False,False,False,False,False
3001,27690,SIP115m,SIP115m_L,False,False,False,False,False,False,False,False
3002,27700,GNG260,GNG260_L,False,False,False,False,False,False,False,False
3003,27702,ANXXX013,ANXXX013_L,False,False,False,False,False,False,False,False
3004,27714,ANXXX152,ANXXX152_R,False,False,False,False,False,False,False,False
3005,27729,WED012,WED012_R,False,False,False,False,False,False,False,False
3006,27779,AVLP541,AVLP541_L,False,False,False,False,False,False,False,False
3007,27794,PLP067,PLP067_R,False,False,False,False,False,False,False,False
3008,27797,AN09A007,AN09A007_R,False,False,False,False,False,False,False,False
3009,27805,AVLP527,AVLP527_R,False,False,False,False,False,False,False,False
3010,27816,ANXXX027,ANXXX027(27816)_R,False,False,False,False,False,False,False,False
3011,27827,CB1852,CB1852_R,False,False,False,False,False,False,False,False
3012,27856,PVLP033,PVLP033_R,False,False,False,False,False,False,False,False
3013,27870,SIP119m,SIP119m_R,False,False,False,False,False,False,False,False
3014,27872,CB1950,CB1950_L,False,False,False,False,False,False,False,False
3015,27905,CB4094,CB4094_L,False,False,False,False,False,False,False,False
3016,27918,SIP103m,SIP103m_L,False,False,False,False,False,False,False,False
3017,27930,CB1918,CB1918_L,False,False,False,False,False,False,False,False
3018,27961,,,False,False,False,False,False,False,False,False
3019,27964,AN09B026,AN09B026_R,False,False,False,False,False,False,False,False
3020,27975,GNG005,GNG005_M,False,False,False,False,False,False,False,False
3021,27982,CB1206,CB1206_R,False,False,False,False,False,False,False,False
3022,28024,AVLP305,AVLP305_L,False,False,False,False,False,False,False,False
3023,28038,AVLP225_b1,AVLP225_b1_R,False,False,False,False,False,False,False,False
3024,28089,CL253,CL253_R,False,False,False,False,False,False,False,False
3025,28092,,,False,False,False,False,False,False,False,False
3026,28094,LHAV4c2,LHAV4c2_R,False,False,False,False,False,False,False,False
3027,28097,AVLP047,AVLP047_R,False,False,False,False,False,False,False,False
3028,28105,ANXXX154,ANXXX154_L,False,False,False,False,False,False,False,False
3029,28109,AVLP525,AVLP525(CL277)_L,False,False,False,False,False,False,False,False
3030,28110,AVLP234,AVLP234_R,False,False,False,False,False,False,False,False
3031,28117,CB4116,CB4116_L,False,False,False,False,False,False,False,False
3032,28136,AVLP527,AVLP527_R,False,False,False,False,False,False,False,False
3033,28139,SMP501,SMP501(SMP502)_L,False,False,False,False,False,False,False,False
3034,28152,DNge180,DNge180_L,False,False,False,False,False,False,False,False
3035,28154,,,False,False,False,False,False,False,False,False
3036,28160,CL001,CL001_L,False,False,False,False,False,False,False,False
3037,28165,AN08B084,AN08B084_L,False,False,False,False,False,False,False,False
3038,28195,,28915_L,False,False,False,False,False,False,False,False
3039,28209,AVLP611,AVLP611_L,False,False,False,False,False,False,False,False
3040,28224,AVLP205,AVLP205_L,False,False,False,False,False,False,False,False
3041,28229,GNG290,GNG290_L,False,False,False,False,False,False,False,False
3042,28236,LH003m,LH003m_R,False,False,False,False,False,False,False,False
3043,28261,CL054,CL054_R,False,False,False,False,False,False,False,False
3044,28284,VES024_a,VES024_a_L,False,False,False,False,False,False,False,False
3045,28296,SAD001,SAD001_L,False,False,False,False,False,False,False,False
3046,28302,CB2624,CB2624_L,False,False,False,False,False,False,False,False
3047,28332,GNG150,GNG150_R,False,False,False,False,False,False,False,False
3048,28343,AVLP143,AVLP143_R,False,False,False,False,False,False,False,False
3049,28361,CL120,CL120_L,False,False,False,False,False,False,False,False
3050,28401,LoVP77,LoVP77_R,False,False,False,False,False,False,False,False
3051,28427,,,False,False,False,False,False,False,False,False
3052,28442,AVLP009,AVLP009(aSP08)_R,False,False,False,False,False,False,False,False
3053,28455,ANXXX404,ANXXX404_L,False,False,False,False,False,False,False,False
3054,28463,CB3951b,CB3951b_L,False,False,False,False,False,False,False,False
3055,28506,GNG440,GNG440_L,False,False,False,False,False,False,False,False
3056,28526,AVLP189_a,AVLP189_a_R,False,False,False,False,False,False,False,False
3057,28557,WED093,WED093_R,False,False,False,False,False,False,False,False
3058,28569,SAD046,SAD046_L,False,False,False,False,False,False,False,False
3059,28574,CL253,CL253_L,False,False,False,False,False,False,False,False
3060,28575,AVLP195,AVLP195_R,False,False,False,False,False,False,False,False
3061,28580,ANXXX178,ANXXX178_L,False,False,False,False,False,False,False,False
3062,28584,ANXXX013,ANXXX013_R,False,False,False,False,False,False,False,False
3063,28620,CB2472,CB2472_R,False,False,False,False,False,False,False,False
3064,28648,,28648_R,False,False,False,False,False,False,False,False
3065,28663,AN18B032,AN18B032_L,False,False,False,False,False,False,False,False
3066,28665,CB3631,CB3631_L,False,False,False,False,False,False,False,False
3067,28690,AVLP736m,AVLP736m_L,False,False,False,False,False,False,False,False
3068,28708,LAL021,LAL021_R,False,False,False,False,False,False,False,False
3069,28724,aSP10A_b,aSP10A_b_R,False,False,False,False,False,False,False,False
3070,28755,CB3104,CB3104_L,False,False,False,False,False,False,False,False
3071,28780,AVLP611,AVLP611_L,False,False,False,False,False,False,False,False
3072,28834,aIPg7,aIPg7_L,False,False,False,False,False,False,False,False
3073,28856,AN09B009,AN09B009_R,False,False,False,False,False,False,False,False
3074,28865,PLP099,PLP099_L,False,False,False,False,False,False,False,False
3075,28870,WED015,WED015_R,False,False,False,False,False,False,False,False
3076,28885,AVLP377,AVLP377_L,False,False,False,False,False,False,False,False
3077,28897,VES033,VES033_L,False,False,False,False,False,False,False,False
3078,28907,GNG361,GNG361_R,False,False,False,False,False,False,False,False
3079,28909,CL344_b,CL344_b_L,False,False,False,False,False,False,False,False
3080,28927,CB1908,CB1908_R,False,False,False,False,False,False,False,False
3081,28943,AVLP205,AVLP205_R,False,False,False,False,False,False,False,False
3082,28972,pC1_15b,pC1_15b_L,False,True,False,False,False,True,False,False
3083,29021,PVLP047,PVLP047_L,False,False,False,False,False,False,False,False
3084,29039,CB3910,CB3910_L,False,False,False,False,False,False,False,False
3085,29043,pC1_7a,pC1_7a_L,False,True,False,False,False,True,False,False
3086,29045,CB3104,CB3104_L,False,False,False,False,False,False,False,False
3087,29072,CB4096,CB4096_R,False,False,False,False,False,False,False,False
3088,29073,ICL006m,ICL006m_R,False,False,False,False,False,False,False,False
3089,29116,IB096,IB096_R,False,False,False,False,False,False,False,False
3090,29124,AMMC019,AMMC019_L,False,False,False,False,False,False,False,False
3091,29143,pC1_5b,pC1_5b_R,False,True,False,False,False,True,False,False
3092,29150,AVLP176_d,AVLP176_d_L,False,False,False,False,False,False,False,False
3093,29161,,,False,False,False,False,False,False,False,False
3094,29169,CB3411,CB3411_R,False,False,False,False,False,False,False,False
3095,29196,AOTU034,AOTU034_R,False,False,False,False,False,False,False,False
3096,29208,aSP10C_b,aSP10C_b_R,False,False,False,False,False,False,False,False
3097,29214,pC1_14a,pC1_14a_R,False,True,False,False,False,True,False,False
3098,29229,CL253,CL253_R,False,False,False,False,False,False,False,False
3099,29260,AVLP494,AVLP494_L,False,False,False,False,False,False,False,False
3100,29286,AVLP038,AVLP038_R,False,False,False,False,False,False,False,False
3101,29295,AVLP177_a,AVLP177_a_L,False,False,False,False,False,False,False,False
3102,29300,IN17A029,IN17A029_L,False,False,False,False,False,False,False,False
3103,29304,AN17A003,AN17A003_L,False,False,False,False,False,False,False,False
3104,29316,PVLP113,PVLP113_L,False,False,False,False,False,False,False,False
3105,29343,CB3503,CB3503_L,False,False,False,False,False,False,False,False
3106,29356,,29356_L,False,False,False,False,False,False,False,False
3107,29388,pC1_15c,pC1_15c_R,False,True,False,False,False,True,False,False
3108,29390,PVLP209m,PVLP209m_L,False,False,False,False,False,False,False,False
3109,29404,AVLP739m,AVLP739m_R,False,False,False,False,False,False,False,False
3110,29416,aIPg5,aIPg5_L,False,False,False,False,False,False,False,False
3111,29430,PLP139,PLP139(PLP140)_R,False,False,False,False,False,False,False,False
3112,29445,CB0609,CB0609_L,False,False,False,False,False,False,False,False
3113,29450,GNG493,GNG493_R,False,False,False,False,False,False,False,False
3114,29452,,,False,False,False,False,False,False,False,False
3115,29462,LHAV4c2,LHAV4c2_R,False,False,False,False,False,False,False,False
3116,29467,CB4231,CB4231_L,False,False,False,False,False,False,False,False
3117,29478,WED166_d,WED166_d_R,False,False,False,False,False,False,False,False
3118,29483,pC1_5b,pC1_5b_R,False,True,False,False,False,True,False,False
3119,29485,,,False,False,False,False,False,False,False,False
3120,29523,CB1638,CB1638_R,False,False,False,False,False,False,False,False
3121,29547,CB1314,CB1314_R,False,False,False,False,False,False,False,False
3122,29552,AVLP611,AVLP611_R,False,False,False,False,False,False,False,False
3123,29561,JO-A2,JO-A2_L,True,False,False,False,False,False,False,False
3124,29563,LC4,LC4_R,False,False,False,False,False,False,False,False
3125,29581,PLP150,PLP150_R,False,False,False,False,False,False,False,False
3126,29584,AMMC019,AMMC019_L,False,False,False,False,False,False,False,False
3127,29675,LC9,LC9_L,False,False,False,False,False,False,False,False
3128,29690,AVLP255,AVLP255_R,False,False,False,False,False,False,False,False
3129,29692,AVLP481,AVLP481_L,False,False,False,False,False,False,False,False
3130,29721,AVLP742m,AVLP742m_L,False,False,False,False,False,False,False,False
3131,29759,mAL_m3c,mAL_m3c_R,False,False,False,False,False,False,False,False
3132,29773,CL176,CL176_R,False,False,False,False,False,False,False,False
3133,29785,CL121_b,CL121_b_R,False,False,False,False,False,False,False,False
3134,29789,PVLP033,PVLP033_R,False,False,False,False,False,False,False,False
3135,29795,PVLP088,PVLP088_R,False,False,False,False,False,False,False,False
3136,29818,AMMC019,AMMC019_L,False,False,False,False,False,False,False,False
3137,29860,PS049,PS049_R,False,False,False,False,False,False,False,False
3138,29863,PLP109,PLP109_L,False,False,False,False,False,False,False,False
3139,29889,PVLP064,PVLP064_R,False,False,False,False,False,False,False,False
3140,29905,CB4116,CB4116_R,False,False,False,False,False,False,False,False
3141,29964,AVLP044_b,AVLP044_b_L,False,False,False,False,False,False,False,False
3142,29975,SMP716m,SMP716m_L,False,False,False,False,False,False,False,False
3143,29976,GNG611,GNG611_L,False,False,False,False,False,False,False,False
3144,29988,GNG574,GNG574_L,False,False,False,False,False,False,False,False
3145,29992,WED118,WED118_L,False,False,False,False,False,False,False,False
3146,30026,WED118,WED118_R,False,False,False,False,False,False,False,False
3147,30029,aIPg7,aIPg7_L,False,False,False,False,False,False,False,False
3148,30088,AN13B002,AN13B002_L,False,False,False,False,False,False,False,False
3149,30120,WEDPN6A,WEDPN6A_R,False,False,False,False,False,False,False,False
3150,30135,CL252,CL252_L,False,False,False,False,False,False,False,False
3151,30148,CB1017,CB1017_R,False,False,False,False,False,False,False,False
3152,30194,SAD013,SAD013_L,False,False,False,False,False,False,False,False
3153,30260,CRE080_a,CRE080_a_L,False,False,False,False,False,False,False,False
3154,30261,WED118,WED118_R,False,False,False,False,False,False,False,False
3155,30273,WED118,WED118_R,False,False,False,False,False,False,False,False
3156,30280,AOTU059,AOTU059_R,False,False,False,False,False,False,False,False
3157,30288,CB1165,CB1165_R,False,False,False,False,False,False,False,False
3158,30298,LC9,LC9_L,False,False,False,False,False,False,False,False
3159,30326,AVLP256,AVLP256_R,False,False,False,False,False,False,False,False
3160,30346,AN17A062,AN17A062_L,False,False,False,False,False,False,False,False
3161,30347,SIP142m,SIP142m_R,False,False,False,False,False,False,False,False
3162,30366,GNG449,GNG449_L,False,False,False,False,False,False,False,False
3163,30391,pC1_8b,pC1_8b_R,False,True,False,False,False,True,False,False
3164,30404,WEDPN1A,WEDPN1A_R,False,False,False,False,False,False,False,False
3165,30424,AVLP009,AVLP009(aSP08)_R,False,False,False,False,False,False,False,False
3166,30455,LHAV4c2,LHAV4c2_R,False,False,False,False,False,False,False,False
3167,30466,AVLP481,AVLP481_L,False,False,False,False,False,False,False,False
3168,30494,AVLP192_b,AVLP192_b_L,False,False,False,False,False,False,False,False
3169,30511,AVLP498,AVLP498_L,False,False,False,False,False,False,False,False
3170,30546,pC1_10d,pC1_10d_R,False,True,False,False,False,True,False,False
3171,30551,PLP150,PLP150_R,False,False,False,False,False,False,False,False
3172,30558,WED001,WED001_R,False,False,False,False,False,False,False,False
3173,30597,WED166_d,WED166_d_R,False,False,False,False,False,False,False,False
3174,30669,WED001,WED001_R,False,False,False,False,False,False,False,False
3175,30687,CB3404,CB3404_R,False,False,False,False,False,False,False,False
3176,30705,AN17A009,AN17A009_L,False,False,False,False,False,False,False,False
3177,30777,AN19B004,AN19B004_L,False,False,False,False,False,False,False,False
3178,30789,AN08B009,AN08B009_R,False,False,False,False,False,False,False,False
3179,30792,CB1787,CB1787_L,False,False,False,False,False,False,False,False
3180,30803,LC4,LC4_R,False,False,False,False,False,False,False,False
3181,30883,CL323,CL323_R,False,False,False,False,False,False,False,False
3182,30921,AN08B023,AN08B023_R,False,False,False,False,False,False,False,False
3183,30977,CB1717,CB1717_L,False,False,False,False,False,False,False,False
3184,31035,PVLP034,PVLP034_L,False,False,False,False,False,False,False,False
3185,31096,SMP068,SMP068_L,False,False,False,False,False,False,False,False
3186,31103,AN18B002,AN18B002_L,False,False,False,False,False,False,False,False
3187,31124,PVLP149,PVLP149_L,False,False,False,False,False,False,False,False
3188,31168,CL274,CL274_L,False,False,False,False,False,False,False,False
3189,31171,PS269,PS269_L,False,False,False,False,False,False,False,False
3190,31180,AN09B036,AN09B036_R,False,False,False,False,False,False,False,False
3191,31181,WED166_d,WED166_d_L,False,False,False,False,False,False,False,False
3192,31215,LHAV1a3,LHAV1a3_R,False,False,False,False,False,False,False,False
3193,31227,AN07B005,AN07B005_L,False,False,False,False,False,False,False,False
3194,31231,AVLP611,AVLP611_L,False,False,False,False,False,False,False,False
3195,31272,PLP106,PLP106_R,False,False,False,False,False,False,False,False
3196,31298,DNge009,DNge009_R,False,False,False,False,False,False,False,False
3197,31308,LC4,LC4_L,False,False,False,False,False,False,False,False
3198,31330,PS049,PS049_L,False,False,False,False,False,False,False,False
3199,31334,AN08B009,AN08B009_L,False,False,False,False,False,False,False,False
3200,31362,AN18B032,AN18B032_L,False,False,False,False,False,False,False,False
3201,31388,aSP10C_a,aSP10C_a_L,False,False,False,False,False,False,False,False
3202,31403,PLP099,PLP099_R,False,False,False,False,False,False,False,False
3203,31406,CL274,CL274_L,False,False,False,False,False,False,False,False
3204,31412,PVLP001,PVLP001_R,False,False,False,False,False,False,False,False
3205,31424,PVLP088,PVLP088_L,False,False,False,False,False,False,False,False
3206,31440,AVLP442,AVLP442_R,False,False,False,False,False,False,False,False
3207,31448,CB3660,CB3660_L,False,False,False,False,False,False,False,False
3208,31569,PVLP064,PVLP064_R,False,False,False,False,False,False,False,False
3209,31570,LC9,LC9_L,False,False,False,False,False,False,False,False
3210,31586,WED001,WED001_R,False,False,False,False,False,False,False,False
3211,31649,CB1302,CB1302_L,False,False,False,False,False,False,False,False
3212,31650,AVLP560,AVLP560_L,False,False,False,False,False,False,False,False
3213,31689,CB2377,CB2377_R,False,False,False,False,False,False,False,False
3214,31759,VES023,VES023_R,False,False,False,False,False,False,False,False
3215,31788,PLP065,PLP065_R,False,False,False,False,False,False,False,False
3216,31805,LC9,LC9_L,False,False,False,False,False,False,False,False
3217,31827,SIP116m,SIP116m_R,False,False,False,False,False,False,False,False
3218,31869,CB3561,CB3561_L,False,False,False,False,False,False,False,False
3219,31896,AN18B002,AN18B002_R,False,False,False,False,False,False,False,False
3220,31901,CB2491,CB2491_R,False,False,False,False,False,False,False,False
3221,31905,WED001,WED001_L,False,False,False,False,False,False,False,False
3222,31919,WED004,WED004_R,False,False,False,False,False,False,False,False
3223,31950,PVLP064,PVLP064_R,False,False,False,False,False,False,False,False
3224,32016,AN01A049,AN01A049_R,False,False,False,False,False,False,False,False
3225,32093,PVLP033,PVLP033_L,False,False,False,False,False,False,False,False
3226,32102,GNG297,GNG297_M,False,False,False,False,False,False,False,False
3227,32127,AN03B011,AN03B011_R,False,False,False,False,False,False,False,False
3228,32129,AVLP195,AVLP195_L,False,False,False,False,False,False,False,False
3229,32150,PVLP205m,PVLP205m_L,False,False,False,False,False,False,False,False
3230,32156,mAL_m8,mAL_m8_R,False,False,False,False,False,False,False,False
3231,32169,GNG009,GNG009_M,False,False,False,False,False,False,False,False
3232,32193,AN17A018,AN17A018_L,False,False,False,False,False,False,False,False
3233,32255,AN08B034,AN08B034_c_L,False,False,False,False,False,False,False,False
3234,32291,CB1575,CB1575_L,False,False,False,False,False,False,False,False
3235,32304,CB4170,CB4170_R,False,False,False,False,False,False,False,False
3236,32306,SIP124m,SIP124m_L,False,False,False,False,False,False,False,False
3237,32324,AN08B074,AN08B074_R,False,False,False,False,False,False,False,False
3238,32362,AVLP526,AVLP526_L,False,False,False,False,False,False,False,False
3239,32396,SMP092,SMP092_L,False,False,False,False,False,False,False,False
3240,32413,DNg12_f,DNg12_f_L,False,False,False,False,False,False,False,False
3241,32437,pC1_15a,pC1_15a_R,False,True,False,False,False,True,False,False
3242,32540,CB4116,CB4116_R,False,False,False,False,False,False,False,False
3243,32603,VES024_b,VES024_b_L,False,False,False,False,False,False,False,False
3244,32654,LH003m,LH003m_L,False,False,False,False,False,False,False,False
3245,32692,PVLP216m,PVLP216m_R,False,False,False,False,False,False,False,False
3246,32701,CB4073,CB4073_L,False,False,False,False,False,False,False,False
3247,32741,aSP10C_a,aSP10C_a_L,False,False,False,False,False,False,False,False
3248,32788,pC1_18b,pC1_18b_R,False,True,False,False,False,True,False,False
3249,32824,VES001,VES001_L,False,False,False,False,False,False,False,False
3250,32832,DNg05_c,DNg05_c_L,False,False,False,False,False,False,False,False
3251,32854,GNG296,GNG296_M,False,False,False,False,False,False,False,False
3252,32889,AVLP005,AVLP005_R,False,False,False,False,False,False,False,False
3253,32911,SIP119m,SIP119m_R,False,False,False,False,False,False,False,False
3254,32950,pC1_5a,pC1_5a_R,False,True,False,False,False,True,False,False
3255,32967,CB2228,CB2228_R,False,False,False,False,False,False,False,False
3256,32979,WED014,WED014_R,False,False,False,False,False,False,False,False
3257,33009,WED118,WED118_R,False,False,False,False,False,False,False,False
3258,33033,SIP119m,SIP119m_L,False,False,False,False,False,False,False,False
3259,33037,DNp69,DNp69(CL304)_L,False,False,False,False,False,False,False,False
3260,33047,mALB1,mALB1_R,False,False,False,False,False,False,False,False
3261,33050,AVLP067,AVLP067_L,False,False,False,False,False,False,False,False
3262,33054,AVLP549,AVLP549_R,False,False,False,False,False,False,False,False
3263,33093,AVLP227,AVLP227_R,False,False,False,False,False,False,False,False
3264,33121,aSP10C_a,aSP10C_a_R,False,False,False,False,False,False,False,False
3265,33147,CL274,CL274_L,False,False,False,False,False,False,False,False
3266,33217,SAD200m,SAD200m_R,False,False,False,False,False,False,False,False
3267,33251,,23342_R,False,False,False,False,False,False,False,False
3268,33335,DNpe024,DNpe024(CL325)_L,False,False,False,False,False,False,False,False
3269,33342,CB4073,CB4073_L,False,False,False,False,False,False,False,False
3270,33384,GNG348,GNG348_M,False,False,False,False,False,False,False,False
3271,33400,AN08B016,AN08B016_R,False,False,False,False,False,False,False,False
3272,33431,CB4116,CB4116_R,False,False,False,False,False,False,False,False
3273,33435,WED001,WED001_R,False,False,False,False,False,False,False,False
3274,33442,AVLP005,AVLP005_R,False,False,False,False,False,False,False,False
3275,33445,SMP721m,SMP721m_R,False,False,False,False,False,False,False,False
3276,33474,SAD049,SAD049_R,False,False,False,False,False,False,False,False
3277,33487,AN08B074,AN08B074_R,False,False,False,False,False,False,False,False
3278,33503,LHAV4c2,LHAV4c2_R,False,False,False,False,False,False,False,False
3279,33553,pC1_14a,pC1_14a_R,False,True,False,False,False,True,False,False
3280,33606,CB1575,CB1575_L,False,False,False,False,False,False,False,False
3281,33612,VES023,VES023_R,False,False,False,False,False,False,False,False
3282,33638,PLP065,PLP065_L,False,False,False,False,False,False,False,False
3283,33761,PLP150,PLP150_R,False,False,False,False,False,False,False,False
3284,33799,AN10B015,AN10B015_R,False,False,False,False,False,False,False,False
3285,33801,,,False,False,False,False,False,False,False,False
3286,33840,SMP710m,SMP710m_L,False,False,False,False,False,False,False,False
3287,33867,CB2006,CB2006_R,False,False,False,False,False,False,False,False
3288,33892,AN03B011,AN03B011_L,False,False,False,False,False,False,False,False
3289,33921,AVLP486,AVLP486_R,False,False,False,False,False,False,False,False
3290,34004,AVLP225_b1,AVLP225_b1_R,False,False,False,False,False,False,False,False
3291,34082,WED001,WED001_R,False,False,False,False,False,False,False,False
3292,34114,,30977_R,False,False,False,False,False,False,False,False
3293,34184,mAL_m8,mAL_m8_R,False,False,False,False,False,False,False,False
3294,34195,AVLP002,AVLP002_L,False,False,False,False,False,False,False,False
3295,34209,AVLP256,AVLP256_L,False,False,False,False,False,False,False,False
3296,34246,PVLP066,PVLP066_R,False,False,False,False,False,False,False,False
3297,34312,CB3739,CB3739_L,False,False,False,False,False,False,False,False
3298,34386,CL215,CL215_R,False,False,False,False,False,False,False,False
3299,34409,SIP145m,SIP145m_L,False,False,False,False,False,False,False,False
3300,34525,VES024_a,VES024_a_R,False,False,False,False,False,False,False,False
3301,34552,SLP188,SLP188_R,False,False,False,False,False,False,False,False
3302,34590,DNge182,DNge182_R,False,False,False,False,False,False,False,False
3303,34602,SAD200m,SAD200m_L,False,False,False,False,False,False,False,False
3304,34612,mAL_m2a,mAL_m2a_R,False,False,False,False,False,False,False,False
3305,34667,AN08B074,AN08B074_L,False,False,False,False,False,False,False,False
3306,34725,GNG638,GNG638_R,False,False,False,False,False,False,False,False
3307,34743,PVLP033,PVLP033_R,False,False,False,False,False,False,False,False
3308,34758,ANXXX027,ANXXX027(27816)_L,False,False,False,False,False,False,False,False
3309,34801,PVLP034,PVLP034_L,False,False,False,False,False,False,False,False
3310,34869,CB1638,CB1638_R,False,False,False,False,False,False,False,False
3311,34966,WED089,WED089_R,False,False,False,False,False,False,False,False
3312,34982,CL168,CL168_L,False,False,False,False,False,False,False,False
3313,34992,PVLP005,PVLP005_L,False,False,False,False,False,False,False,False
3314,35043,CB4096,CB4096_R,False,False,False,False,False,False,False,False
3315,35061,CB3739,CB3739_L,False,False,False,False,False,False,False,False
3316,35232,AN01B005,AN01B005_R,False,False,False,False,False,False,False,False
3317,35237,CB4116,CB4116_L,False,False,False,False,False,False,False,False
3318,35261,VES020,VES020_R,False,False,False,False,False,False,False,False
3319,35280,AVLP527,AVLP527_L,False,False,False,False,False,False,False,False
3320,35283,SLP188,SLP188_L,False,False,False,False,False,False,False,False
3321,35332,JO-EV2,JO-EV2_L,False,False,False,False,False,False,False,False
3322,35351,JO-A1,JO-A1_L,True,False,False,False,False,False,False,False
3323,35371,AN08B099_f,AN08B099_f_R,False,False,False,False,False,False,False,False
3324,35376,CB2624,CB2624_R,False,False,False,False,False,False,False,False
3325,35409,AN08B049,AN08B049_L,False,False,False,False,False,False,False,False
3326,35415,WED201,WED201_L,False,False,False,False,False,False,False,False
3327,35433,CB1302,CB1302_R,False,False,False,False,False,False,False,False
3328,35440,AN08B016,AN08B016_L,False,False,False,False,False,False,False,False
3329,35441,AN08B074,AN08B074_L,False,False,False,False,False,False,False,False
3330,35466,CB4116,CB4116_L,False,False,False,False,False,False,False,False
3331,35505,AN07B024,AN07B024_L,False,False,False,False,False,False,False,False
3332,35517,AN08B066,AN08B066_R,False,False,False,False,False,False,False,False
3333,35533,M_lvPNm45,M_lvPNm45_L,False,False,False,False,False,False,False,False
3334,35582,AVLP269_a,AVLP269_a_R,False,False,False,False,False,False,False,False
3335,35608,PVLP047,PVLP047_R,False,False,False,False,False,False,False,False
3336,35614,CB1934,CB1934_R,False,False,False,False,False,False,False,False
3337,35642,FLA001m,FLA001m_L,False,False,False,False,False,False,False,False
3338,35652,CB4072,CB4072_R,False,False,False,False,False,False,False,False
3339,35666,CB2518,CB2518_L,False,False,False,False,False,False,False,False
3340,35669,aSP10A_b,aSP10A_b_R,False,False,False,False,False,False,False,False
3341,35672,CB1852,CB1852_L,False,False,False,False,False,False,False,False
3342,35694,WED001,WED001_R,False,False,False,False,False,False,False,False
3343,35698,CB1883,CB1883_L,False,False,False,False,False,False,False,False
3344,35706,,,False,False,False,False,False,False,False,False
3345,35748,WED091,WED091_L,False,False,False,False,False,False,False,False
3346,35750,SIP118m,SIP118m_L,False,False,False,False,False,False,False,False
3347,35787,,SAD019_R,False,False,False,False,False,False,False,False
3348,35790,PLP208,PLP208_L,False,False,False,False,False,False,False,False
3349,35826,AVLP156,AVLP156_R,False,False,False,False,False,False,False,False
3350,35849,,,False,False,False,False,False,False,False,False
3351,35884,AVLP486,AVLP486_R,False,False,False,False,False,False,False,False
3352,35891,LC43,LC43_R,False,False,False,False,False,False,False,False
3353,35921,AN09B030,AN09B030_R,False,False,False,False,False,False,False,False
3354,35930,CB0533,CB0533_L,False,False,False,False,False,False,False,False
3355,35939,PVLP063,PVLP063_R,False,False,False,False,False,False,False,False
3356,35966,AN17A015,AN17A015_L,False,False,False,False,False,False,False,False
3357,35993,vpoIN,vpoIN_R,False,False,False,False,False,False,False,False
3358,36082,GNG450,GNG450_L,False,False,False,False,False,False,False,False
3359,36095,SApp14,SApp14_R,False,False,False,False,False,False,False,False
3360,36102,DNge136,DNge136_L,False,False,False,False,False,False,False,False
3361,36115,PS096,PS096_L,False,False,False,False,False,False,False,False
3362,36117,SIP143m,SIP143m_L,False,False,False,False,False,False,False,False
3363,36162,CB4216,CB4216_R,False,False,False,False,False,False,False,False
3364,36226,PVLP084,PVLP084_L,False,False,False,False,False,False,False,False
3365,36237,IPS001,IPS001_L,False,False,False,False,False,False,False,False
3366,36265,CB3657,CB3657_R,False,False,False,False,False,False,False,False
3367,36295,AVLP462,AVLP462_R,False,False,False,False,False,False,False,False
3368,36303,WED201,WED201_R,False,False,False,False,False,False,False,False
3369,36316,GNG134,GNG134_R,False,False,False,False,False,False,False,False
3370,36325,CB3657,CB3657_R,False,False,False,False,False,False,False,False
3371,36371,AN23B002,AN23B002_L,False,False,False,False,False,False,False,False
3372,36453,PVLP135,PVLP135_L,False,False,False,False,False,False,False,False
3373,36472,PVLP047,PVLP047_R,False,False,False,False,False,False,False,False
3374,36479,WED096,WED096_L,False,False,False,False,False,False,False,False
3375,36541,DNge078,DNge078_R,False,False,False,False,False,False,False,False
3376,36578,AOTU062,AOTU062_R,False,False,False,False,False,False,False,False
3377,36582,WED004,WED004_L,False,False,False,False,False,False,False,False
3378,36593,AN08B023,AN08B023_L,False,False,False,False,False,False,False,False
3379,36609,GNG600,GNG600_R,False,False,False,False,False,False,False,False
3380,36622,CB4174,CB4174_L,False,False,False,False,False,False,False,False
3381,36642,WED033,WED033_L,False,False,False,False,False,False,False,False
3382,36667,AN09B020,AN09B020_R,False,False,False,False,False,False,False,False
3383,36691,ANXXX130,ANXXX130_R,False,False,False,False,False,False,False,False
3384,36772,CB4174,CB4174_R,False,False,False,False,False,False,False,False
3385,36849,AN08B074,AN08B074_R,False,False,False,False,False,False,False,False
3386,36909,AVLP062,AVLP062_R,False,False,False,False,False,False,False,False
3387,36925,CB0591,CB0591_L,False,False,False,False,False,False,False,False
3388,36930,AN19B001,AN19B001(24133)_R,False,False,False,False,False,False,False,False
3389,37007,GNG404,GNG404_R,False,False,False,False,False,False,False,False
3390,37045,PLP075,PLP075_R,False,False,False,False,False,False,False,False
3391,37047,,,False,False,False,False,False,False,False,False
3392,37066,AN08B049,AN08B049_R,False,False,False,False,False,False,False,False
3393,37121,CL030,CL030_L,False,False,False,False,False,False,False,False
3394,37171,GNG361,GNG361_R,False,False,False,False,False,False,False,False
3395,37190,PLP257,PLP257(hb822351487)_R,False,False,False,False,False,False,False,False
3396,37217,AN07B005,AN07B005_L,False,False,False,False,False,False,False,False
3397,37222,CB0682,CB0682_L,False,False,False,False,False,False,False,False
3398,37240,PLP150,PLP150_L,False,False,False,False,False,False,False,False
3399,37300,SIP115m,SIP115m_R,False,False,False,False,False,False,False,False
3400,37301,CB1717,CB1717_R,False,False,False,False,False,False,False,False
3401,37360,CB2342,CB2342_R,False,False,False,False,False,False,False,False
3402,37366,CL167,CL167_R,False,False,False,False,False,False,False,False
3403,37433,AVLP462,AVLP462_L,False,False,False,False,False,False,False,False
3404,37481,AVLP486,AVLP486_R,False,False,False,False,False,False,False,False
3405,37489,PLP109,PLP109_R,False,False,False,False,False,False,False,False
3406,37522,LHAV4c2,LHAV4c2_L,False,False,False,False,False,False,False,False
3407,37530,AN18B053,AN18B053_R,False,False,False,False,False,False,False,False
3408,37553,CB3381,CB3381_R,False,False,False,False,False,False,False,False
3409,37554,GNG307,GNG307_R,False,False,False,False,False,False,False,False
3410,37563,SMP033,SMP033_L,False,False,False,False,False,False,False,False
3411,37588,LAL021,LAL021_R,False,False,False,False,False,False,False,False
3412,37589,WED031,WED031_L,False,False,False,False,False,False,False,False
3413,37590,SAD011,SAD011_R,False,False,False,False,False,False,False,False
3414,37651,CB2633,CB2633_R,False,False,False,False,False,False,False,False
3415,37864,PLP055,PLP055_R,False,False,False,False,False,False,False,False
3416,37876,AN17A003,AN17A003_R,False,False,False,False,False,False,False,False
3417,37907,CL062_a2,CL062_a2_R,False,False,False,False,False,False,False,False
3418,37924,,37924_R,False,False,False,False,False,False,False,False
3419,37942,AN08B049,AN08B049_R,False,False,False,False,False,False,False,False
3420,37952,AVLP757m,AVLP757m_L,False,False,False,False,False,False,False,False
3421,37965,CB2763,CB2763_R,False,False,False,False,False,False,False,False
3422,37977,WED001,WED001_L,False,False,False,False,False,False,False,False
3423,38005,AN09B030,AN09B030_L,False,False,False,False,False,False,False,False
3424,38007,AN05B107,AN05B107_L,False,False,False,False,False,False,False,False
3425,38037,PLP018,PLP018_L,False,False,False,False,False,False,False,False
3426,38045,CB4173,CB4173_L,False,False,False,False,False,False,False,False
3427,38118,PVLP047,PVLP047_L,False,False,False,False,False,False,False,False
3428,38160,JO-FD1,JO-FD1_L,False,False,False,False,False,False,False,False
3429,38180,CB3576,CB3576_L,False,False,False,False,False,False,False,False
3430,38190,CB3758,CB3758_R,False,False,False,False,False,False,False,False
3431,38194,IPS001,IPS001_L,False,False,False,False,False,False,False,False
3432,38228,SMP093,SMP093_L,False,False,False,False,False,False,False,False
3433,38336,AVLP385,AVLP385_L,False,False,False,False,False,False,False,False
3434,38415,AN08B099_f,AN08B099_f_L,False,False,False,False,False,False,False,False
3435,38423,CB2940,CB2940_L,False,False,False,False,False,False,False,False
3436,38454,AVLP462,AVLP462_L,False,False,False,False,False,False,False,False
3437,38465,DNge089,DNge089_L,False,False,False,False,False,False,False,False
3438,38468,PVLP047,PVLP047_L,False,False,False,False,False,False,False,False
3439,38524,CL128_a,CL128_a_R,False,False,False,False,False,False,False,False
3440,38552,CB3503,CB3503_R,False,False,False,False,False,False,False,False
3441,38593,AMMC019,AMMC019_R,False,False,False,False,False,False,False,False
3442,38685,AN08B034,AN08B034_c_R,False,False,False,False,False,False,False,False
3443,38737,AVLP486,AVLP486_L,False,False,False,False,False,False,False,False
3444,38743,mAL_m2a,mAL_m2a_R,False,False,False,False,False,False,False,False
3445,38876,SAD009,SAD009_L,False,False,False,False,False,False,False,False
3446,38926,ANXXX130,ANXXX130_L,False,False,False,False,False,False,False,False
3447,38984,PLP099,PLP099_L,False,False,False,False,False,False,False,False
3448,39026,AN05B046,AN05B046_L,False,False,False,False,False,False,False,False
3449,39100,GNG612,GNG612_R,False,False,False,False,False,False,False,False
3450,39115,AN08B084,AN08B084_L,False,False,False,False,False,False,False,False
3451,39333,SIP143m,SIP143m_L,False,False,False,False,False,False,False,False
3452,39382,SAD043,SAD043_L,False,False,False,False,False,False,False,False
3453,39461,CB2431,CB2431_L,False,False,False,False,False,False,False,False
3454,39537,ANXXX254,ANXXX254_R,False,False,False,False,False,False,False,False
3455,39580,AN08B053,AN08B053_L,False,False,False,False,False,False,False,False
3456,39679,CB2996,CB2996_R,False,False,False,False,False,False,False,False
3457,39739,CL283_c,CL283_c_L,False,False,False,False,False,False,False,False
3458,39757,AVLP527,AVLP527_R,False,False,False,False,False,False,False,False
3459,39794,ANXXX084,ANXXX084_R,False,False,False,False,False,False,False,False
3460,39815,AMMC016,AMMC016_L,False,False,False,False,False,False,False,False
3461,39871,AVLP309,AVLP309_L,False,False,False,False,False,False,False,False
3462,39899,CB2763,CB2763_R,False,False,False,False,False,False,False,False
3463,40088,,,False,False,False,False,False,False,False,False
3464,40146,WED032,WED032_L,False,False,False,False,False,False,False,False
3465,40205,CB1964,CB1964_L,False,False,False,False,False,False,False,False
3466,40218,AN06B039,AN06B039_R,False,False,False,False,False,False,False,False
3467,40228,AOTU062,AOTU062_L,False,False,False,False,False,False,False,False
3468,40232,PLP150,PLP150_R,False,False,False,False,False,False,False,False
3469,40302,AN07B024,AN07B024_R,False,False,False,False,False,False,False,False
3470,40365,PVLP082,PVLP082_L,False,False,False,False,False,False,False,False
3471,40398,CB4094,CB4094_L,False,False,False,False,False,False,False,False
3472,40466,PVLP033,PVLP033_L,False,False,False,False,False,False,False,False
3473,40546,AVLP156,AVLP156_L,False,False,False,False,False,False,False,False
3474,40608,SMP491,SMP491_R,False,False,False,False,False,False,False,False
3475,40660,WED201,WED201_L,False,False,False,False,False,False,False,False
3476,40665,CB1523,CB1523_L,False,False,False,False,False,False,False,False
3477,40701,DNg12_b,DNg12_b_L,False,False,False,False,False,False,False,False
3478,40806,CB1523,CB1523_R,False,False,False,False,False,False,False,False
3479,40877,ANXXX005,ANXXX005_L,False,False,False,False,False,False,False,False
3480,40893,ANXXX254,ANXXX254_L,False,False,False,False,False,False,False,False
3481,40912,CB1911,CB1911_L,False,False,False,False,False,False,False,False
3482,40955,CB3381,CB3381_L,False,False,False,False,False,False,False,False
3483,41007,AN23B026,AN23B026_L,False,False,False,False,False,False,False,False
3484,41039,AN08B099_i,AN08B099_i_L,False,False,False,False,False,False,False,False
3485,41041,AVLP486,AVLP486_L,False,False,False,False,False,False,False,False
3486,41101,AN07B005,AN07B005_R,False,False,False,False,False,False,False,False
3487,41114,AN08B015,AN08B015_L,False,False,False,False,False,False,False,False
3488,41144,CB0477,CB0477_R,False,False,False,False,False,False,False,False
3489,41184,AN09B013,AN09B013_L,False,False,False,False,False,False,False,False
3490,41197,CB2710,CB2710_L,False,False,False,False,False,False,False,False
3491,41207,PLP106,PLP106_R,False,False,False,False,False,False,False,False
3492,41268,,,False,False,False,False,False,False,False,False
3493,41288,aIPg7,aIPg7_L,False,False,False,False,False,False,False,False
3494,41363,SIP146m,SIP146m_L,False,False,False,False,False,False,False,False
3495,41366,WED001,WED001_L,False,False,False,False,False,False,False,False
3496,41414,AN08B066,AN08B066_L,False,False,False,False,False,False,False,False
3497,41460,PLP158,PLP158_R,False,False,False,False,False,False,False,False
3498,41481,SAD200m,SAD200m_L,False,False,False,False,False,False,False,False
3499,41518,pC1_8c,pC1_8c_R,False,True,False,False,False,True,False,False
3500,41594,AN05B096,AN05B096_L,False,False,False,False,False,False,False,False
3501,41598,ANXXX084,ANXXX084_R,False,False,False,False,False,False,False,False
3502,41612,CB1638,CB1638_R,False,False,False,False,False,False,False,False
3503,41614,AVLP279,AVLP279_L,False,False,False,False,False,False,False,False
3504,41615,CL120,CL120_R,False,False,False,False,False,False,False,False
3505,41628,AVLP560,AVLP560_L,False,False,False,False,False,False,False,False
3506,41642,WED015,WED015_R,False,False,False,False,False,False,False,False
3507,41681,AN08B074,AN08B074_L,False,False,False,False,False,False,False,False
3508,41708,CB4173,CB4173_R,False,False,False,False,False,False,False,False
3509,41746,AN08B049,AN08B049_L,False,False,False,False,False,False,False,False
3510,41824,AN23B026,AN23B026_R,False,False,False,False,False,False,False,False
3511,41843,LH003m,LH003m_L,False,False,False,False,False,False,False,False
3512,41913,PVLP047,PVLP047_R,False,False,False,False,False,False,False,False
3513,41942,LC11,LC11_L,False,False,False,False,False,False,False,False
3514,41961,VES052,VES052_L,False,False,False,False,False,False,False,False
3515,42053,AVLP244,AVLP244_L,False,False,False,False,False,False,False,False
3516,42061,AMMC018,AMMC018_L,False,False,False,False,False,False,False,False
3517,42114,CB1744,CB1744_R,False,False,False,False,False,False,False,False
3518,42148,AN17A031,AN17A031_L,False,False,False,False,False,False,False,False
3519,42194,CB2043,CB2043_R,False,False,False,False,False,False,False,False
3520,42282,aSP10C_a,aSP10C_a_L,False,False,False,False,False,False,False,False
3521,42315,SAD047,SAD047_L,False,False,False,False,False,False,False,False
3522,42344,VES031,VES031_L,False,False,False,False,False,False,False,False
3523,42428,AN05B107,AN05B107_R,False,False,False,False,False,False,False,False
3524,42467,AN17A003,AN17A003_L,False,False,False,False,False,False,False,False
3525,42469,VES023,VES023_L,False,False,False,False,False,False,False,False
3526,42619,JO-B1_a,JO-B1_a_L,True,False,False,False,False,False,False,False
3527,42668,SAD200m,SAD200m_L,False,False,False,False,False,False,False,False
3528,42681,AN06B039,AN06B039_L,False,False,False,False,False,False,False,False
3529,42858,LHPV2e1_a,LHPV2e1_a_R,False,False,False,False,False,False,False,False
3530,43153,AN09B029,AN09B029_L,False,False,False,False,False,False,False,False
3531,43278,SIP116m,SIP116m_R,False,False,False,False,False,False,False,False
3532,43284,VES206m,VES206m_L,False,False,False,False,False,False,False,False
3533,43442,LAL056,LAL056_L,False,False,False,False,False,False,False,False
3534,43457,AVLP187,AVLP187_L,False,False,False,False,False,False,False,False
3535,43476,SMP380,SMP380_L,False,False,False,False,False,False,False,False
3536,43531,PVLP113,PVLP113_L,False,False,False,False,False,False,False,False
3537,43592,pC1_7b,pC1_7b_R,False,True,False,False,False,True,False,False
3538,43903,PLP158,PLP158_R,False,False,False,False,False,False,False,False
3539,43939,CB4216,CB4216_R,False,False,False,False,False,False,False,False
3540,44027,SLP122_b,SLP122_b_R,False,False,False,False,False,False,False,False
3541,44075,CB1523,CB1523_R,False,False,False,False,False,False,False,False
3542,44110,CB2763,CB2763_R,False,False,False,False,False,False,False,False
3543,44125,CB1523,CB1523_R,False,False,False,False,False,False,False,False
3544,44236,LHPV4a1,LHPV4a1_L,False,False,False,False,False,False,False,False
3545,44388,CB4102,CB4102_L,False,False,False,False,False,False,False,False
3546,44457,AVLP279,AVLP279_L,False,False,False,False,False,False,False,False
3547,44495,ANXXX074,ANXXX074_R,False,False,False,False,False,False,False,False
3548,44511,AOTU061,AOTU061_R,False,False,False,False,False,False,False,False
3549,44515,pC1_14a,pC1_14a_L,False,True,False,False,False,True,False,False
3550,44655,CB4072,CB4072_L,False,False,False,False,False,False,False,False
3551,44667,AN05B052,AN05B052_L,False,False,False,False,False,False,False,False
3552,44865,WED099,WED099_L,False,False,False,False,False,False,False,False
3553,44887,AN19B032,AN19B032_R,False,False,False,False,False,False,False,False
3554,44894,AVLP486,AVLP486_R,False,False,False,False,False,False,False,False
3555,44895,SAD040,SAD040_L,False,False,False,False,False,False,False,False
3556,44917,ANXXX037,ANXXX037_L,False,False,False,False,False,False,False,False
3557,44960,AN08B053,AN08B053_R,False,False,False,False,False,False,False,False
3558,45013,CL118,CL118_L,False,False,False,False,False,False,False,False
3559,45031,SAD007,SAD007_L,False,False,False,False,False,False,False,False
3560,45127,GNG565,GNG565_L,False,False,False,False,False,False,False,False
3561,45175,CB4116,CB4116_L,False,False,False,False,False,False,False,False
3562,45311,ANXXX084,ANXXX084_L,False,False,False,False,False,False,False,False
3563,45473,SIP103m,SIP103m_L,False,False,False,False,False,False,False,False
3564,45587,CB2518,CB2518_L,False,False,False,False,False,False,False,False
3565,45633,SMP493,SMP493_R,False,False,False,False,False,False,False,False
3566,45643,SIP110m_b,SIP110m_b_L,False,False,False,False,False,False,False,False
3567,45685,PLP106,PLP106_L,False,False,False,False,False,False,False,False
3568,45694,AMMC036,AMMC036_L,False,False,False,False,False,False,False,False
3569,45701,CB4228,CB4228_L,False,False,False,False,False,False,False,False
3570,45871,SIP146m,SIP146m_L,False,False,False,False,False,False,False,False
3571,45891,CB1731,CB1731_L,False,False,False,False,False,False,False,False
3572,45894,PLP160,PLP160_R,False,False,False,False,False,False,False,False
3573,45918,AVLP279,AVLP279_L,False,False,False,False,False,False,False,False
3574,45951,SIP110m_a,SIP110m_a_L,False,False,False,False,False,False,False,False
3575,46000,AVLP009,AVLP009(aSP08)_L,False,False,False,False,False,False,False,False
3576,46003,WED072,WED072_L,False,False,False,False,False,False,False,False
3577,46054,GNG503,GNG503_L,False,False,False,False,False,False,False,False
3578,46065,CL121_a,CL121_a_R,False,False,False,False,False,False,False,False
3579,46071,JO-A2,JO-A2_L,True,False,False,False,False,False,False,False
3580,46139,PLP108,PLP108_L,False,False,False,False,False,False,False,False
3581,46221,CB1638,CB1638_R,False,False,False,False,False,False,False,False
3582,46348,AN17A014,AN17A014_L,False,False,False,False,False,False,False,False
3583,46359,AN05B063,AN05B063_L,False,False,False,False,False,False,False,False
3584,46376,AN17B002,AN17B002_L,False,False,False,False,False,False,False,False
3585,46447,SIP100m,SIP100m_R,False,False,False,False,False,False,False,False
3586,46508,AVLP715m,AVLP715m_L,False,False,False,False,False,False,False,False
3587,46570,pC1_14b,pC1_14b_L,False,True,False,False,False,True,False,False
3588,46572,CB2620,CB2620(hb1634157810)_R,False,False,False,False,False,False,False,False
3589,46691,PLP177,PLP177_L,False,False,False,False,False,False,False,False
3590,46866,AVLP483,AVLP483_R,False,False,False,False,False,False,False,False
3591,46990,AMMC018,AMMC018_L,False,False,False,False,False,False,False,False
3592,47008,SMP482,SMP482_L,False,False,False,False,False,False,False,False
3593,47042,PVLP115,PVLP115_L,False,False,False,False,False,False,False,False
3594,47102,DNg12_b,DNg12_b_L,False,False,False,False,False,False,False,False
3595,47123,CB1731,CB1731_R,False,False,False,False,False,False,False,False
3596,47325,pC1_8c,pC1_8c_L,False,True,False,False,False,True,False,False
3597,47468,AN05B063,AN05B063_R,False,False,False,False,False,False,False,False
3598,47659,AN05B096,AN05B096_L,False,False,False,False,False,False,False,False
3599,47740,AVLP234,AVLP234_L,False,False,False,False,False,False,False,False
3600,47802,VES017,VES017_L,False,False,False,False,False,False,False,False
3601,47856,AMMC018,AMMC018_L,False,False,False,False,False,False,False,False
3602,47879,PS191,PS191_R,False,False,False,False,False,False,False,False
3603,48125,PLP065,PLP065_L,False,False,False,False,False,False,False,False
3604,48265,GNG451,GNG451_L,False,False,False,False,False,False,False,False
3605,48344,SIP123m,SIP123m_R,False,False,False,False,False,False,False,False
3606,48362,CB3394,CB3394_R,False,False,False,False,False,False,False,False
3607,48408,DNg12_b,DNg12_b_L,False,False,False,False,False,False,False,False
3608,48445,AVLP481,AVLP481_L,False,False,False,False,False,False,False,False
3609,48465,AVLP225_b2,AVLP225_b2_L,False,False,False,False,False,False,False,False
3610,48633,AN18B053,AN18B053_L,False,False,False,False,False,False,False,False
3611,48745,CL128_a,CL128_a_L,False,False,False,False,False,False,False,False
3612,48754,PLP124,PLP124_L,False,False,False,False,False,False,False,False
3613,48763,CL308,CL308_L,False,False,False,False,False,False,False,False
3614,48849,SAD011,SAD011_R,False,False,False,False,False,False,False,False
3615,48850,SAD047,SAD047_L,False,False,False,False,False,False,False,False
3616,49010,ICL006m,ICL006m_R,False,False,False,False,False,False,False,False
3617,49086,AVLP481,AVLP481_R,False,False,False,False,False,False,False,False
3618,49164,AN08B023,AN08B023_L,False,False,False,False,False,False,False,False
3619,49464,AVLP742m,AVLP742m_L,False,False,False,False,False,False,False,False
3620,49539,LC18,LC18_L,False,False,False,False,False,False,False,False
3621,49573,WED164,WED164_L,False,False,False,False,False,False,False,False
3622,49693,AVLP545,AVLP545_L,False,False,False,False,False,False,False,False
3623,49925,SAD021_a,SAD021_a_L,False,False,False,False,False,False,False,False
3624,50028,AN08B023,AN08B023_L,False,False,False,False,False,False,False,False
3625,50132,GNG331,GNG331_R,False,False,False,False,False,False,False,False
3626,50620,SIP147m,SIP147m_R,False,False,False,False,False,False,False,False
3627,50692,AVLP277,AVLP277_L,False,False,False,False,False,False,False,False
3628,50845,CB2501,CB2501_L,False,False,False,False,False,False,False,False
3629,50858,CL054,CL054_L,False,False,False,False,False,False,False,False
3630,50939,CB1908,CB1908_L,False,False,False,False,False,False,False,False
3631,50960,AVLP727m,AVLP727m_L,False,False,False,False,False,False,False,False
3632,51057,AN23B002,AN23B002_R,False,False,False,False,False,False,False,False
3633,51096,FLA001m,FLA001m_R,False,False,False,False,False,False,False,False
3634,51160,AVLP306,AVLP306_L,False,False,False,False,False,False,False,False
3635,51184,SIP048,SIP048_L,False,False,False,False,False,False,False,False
3636,51280,PVLP033,PVLP033_R,False,False,False,False,False,False,False,False
3637,51290,AN05B078,AN05B078_L,False,False,False,False,False,False,False,False
3638,51328,SAD009,SAD009_R,False,False,False,False,False,False,False,False
3639,51494,AN08B081,AN08B081_L,False,False,False,False,False,False,False,False
3640,51525,VES024_a,VES024_a_L,False,False,False,False,False,False,False,False
3641,51639,SAD001,SAD001_L,False,False,False,False,False,False,False,False
3642,51818,AVLP748m,AVLP748m_L,False,False,False,False,False,False,False,False
3643,52029,CB3690,CB3690_L,False,False,False,False,False,False,False,False
3644,52044,CB2674,CB2674_L,False,False,False,False,False,False,False,False
3645,52045,AVLP566,AVLP566_L,False,False,False,False,False,False,False,False
3646,52052,AVLP225_b2,AVLP225_b2_R,False,False,False,False,False,False,False,False
3647,52104,AN09B023,AN09B023_L,False,False,False,False,False,False,False,False
3648,52143,mAL_m3c,mAL_m3c_R,False,False,False,False,False,False,False,False
3649,52388,CB4216,CB4216_L,False,False,False,False,False,False,False,False
3650,52417,SAD006,SAD006_L,False,False,False,False,False,False,False,False
3651,52438,VES024_b,VES024_b_R,False,False,False,False,False,False,False,False
3652,52441,AVLP161,AVLP161_L,False,False,False,False,False,False,False,False
3653,52455,GNG492,GNG492_L,False,False,False,False,False,False,False,False
3654,52478,AMMC036,AMMC036_R,False,False,False,False,False,False,False,False
3655,52543,AN08B081,AN08B081_R,False,False,False,False,False,False,False,False
3656,52665,AN12B008,AN12B008_L,False,False,False,False,False,False,False,False
3657,52703,CL099,CL099_L,False,False,False,False,False,False,False,False
3658,52716,,,False,False,False,False,False,False,False,False
3659,52847,CB0956,CB0956_R,False,False,False,False,False,False,False,False
3660,52931,AMMC019,AMMC019_L,False,False,False,False,False,False,False,False
3661,52991,WED166_d,WED166_d_L,False,False,False,False,False,False,False,False
3662,52997,AVLP180,AVLP180_L,False,False,False,False,False,False,False,False
3663,53325,PVLP007,PVLP007_L,False,False,False,False,False,False,False,False
3664,53355,pC1_7a,pC1_7a_L,False,True,False,False,False,True,False,False
3665,53372,SMP721m,SMP721m_R,False,False,False,False,False,False,False,False
3666,53581,AN09B021,AN09B021_L,False,False,False,False,False,False,False,False
3667,53582,SApp04,SApp04_L,False,False,False,False,False,False,False,False
3668,53584,CB4174,CB4174_R,False,False,False,False,False,False,False,False
3669,53727,CB4228,CB4228_L,False,False,False,False,False,False,False,False
3670,53750,WED014,WED014_L,False,False,False,False,False,False,False,False
3671,53870,AVLP147,AVLP147_R,False,False,False,False,False,False,False,False
3672,53874,CB3316,CB3316_R,False,False,False,False,False,False,False,False
3673,53936,PLP081,PLP081_L,False,False,False,False,False,False,False,False
3674,53967,SAD200m,SAD200m_R,False,False,False,False,False,False,False,False
3675,54078,JO-A2,JO-A2_L,True,False,False,False,False,False,False,False
3676,54507,AVLP486,AVLP486_L,False,False,False,False,False,False,False,False
3677,54533,PLP245,PLP245_L,False,False,False,False,False,False,False,False
3678,55013,IB095,IB095_R,False,False,False,False,False,False,False,False
3679,55103,AVLP225_b3,AVLP225_b3_L,False,False,False,False,False,False,False,False
3680,55302,PLP160,PLP160_R,False,False,False,False,False,False,False,False
3681,55385,LAL059,LAL059_L,False,False,False,False,False,False,False,False
3682,55403,,29356_R,False,False,False,False,False,False,False,False
3683,55705,CB2633,CB2633_R,False,False,False,False,False,False,False,False
3684,55748,CL275,CL275_L,False,False,False,False,False,False,False,False
3685,55785,SIP142m,SIP142m_L,False,False,False,False,False,False,False,False
3686,55985,"SApp11,SApp18","SApp11,SApp18_L",False,False,False,False,False,False,False,False
3687,55986,pC1_14a,pC1_14a_L,False,True,False,False,False,True,False,False
3688,56087,JO-B1_c,JO-B1_c_L,True,False,False,False,False,False,False,False
3689,56264,SAD047,SAD047_L,False,False,False,False,False,False,False,False
3690,56385,AN05B050_c,AN05B050_c_L,False,False,False,False,False,False,False,False
3691,56441,CB2006,CB2006_L,False,False,False,False,False,False,False,False
3692,56590,SIP113m,SIP113m_L,False,False,False,False,False,False,False,False
3693,56906,AN09B023,AN09B023_R,False,False,False,False,False,False,False,False
3694,57240,SMP702m,SMP702m_R,False,False,False,False,False,False,False,False
3695,57245,AN08B098,AN08B098_R,False,False,False,False,False,False,False,False
3696,57335,INXXX063,INXXX063_L,False,False,False,False,False,False,False,False
3697,57554,CB2491,CB2491_L,False,False,False,False,False,False,False,False
3698,57559,CB2936,CB2936_L,False,False,False,False,False,False,False,False
3699,57752,VES206m,VES206m_L,False,False,False,False,False,False,False,False
3700,57956,LHAV4c2,LHAV4c2_L,False,False,False,False,False,False,False,False
3701,58021,CL151,CL151_R,False,False,False,False,False,False,False,False
3702,58078,AVLP107,AVLP107_L,False,False,False,False,False,False,False,False
3703,58156,AN01A049,AN01A049_L,False,False,False,False,False,False,False,False
3704,58186,SIP141m,SIP141m_L,False,False,False,False,False,False,False,False
3705,58245,AVLP045,AVLP045_L,False,False,False,False,False,False,False,False
3706,58456,WED015,WED015_L,False,False,False,False,False,False,False,False
3707,58657,CB2431,CB2431_R,False,False,False,False,False,False,False,False
3708,58708,WEDPN6B,WEDPN6B_L,False,False,False,False,False,False,False,False
3709,58772,AN08B099_j,AN08B099_j_R,False,False,False,False,False,False,False,False
3710,58847,CB4072,CB4072_R,False,False,False,False,False,False,False,False
3711,58999,PLP067,PLP067_L,False,False,False,False,False,False,False,False
3712,59170,VES049,VES049_L,False,False,False,False,False,False,False,False
3713,59347,AVLP711m,AVLP711m_L,False,False,False,False,False,False,False,False
3714,59408,CB1017,CB1017_L,False,False,False,False,False,False,False,False
3715,59776,PS197,PS197(PS198)_R,False,False,False,False,False,False,False,False
3716,59948,WED037,WED037_L,False,False,False,False,False,False,False,False
3717,60170,mAL_m4,mAL_m4_R,False,False,False,False,False,False,False,False
3718,60254,WED106,WED106_L,False,False,False,False,False,False,False,False
3719,60266,VES023,VES023_L,False,False,False,False,False,False,False,False
3720,60335,JO-FD1,JO-FD1_L,False,False,False,False,False,False,False,False
3721,60368,ICL004m_b,ICL004m_b_R,False,False,False,False,False,False,False,False
3722,60372,AN05B049_c,AN05B049_c_R,False,False,False,False,False,False,False,False
3723,60475,AVLP560,AVLP560_R,False,False,False,False,False,False,False,False
3724,60487,CB1260,CB1260_L,False,False,False,False,False,False,False,False
3725,61011,AN18B053,AN18B053_R,False,False,False,False,False,False,False,False
3726,61670,CB4104,CB4104_L,False,False,False,False,False,False,False,False
3727,61732,CB2625,CB2625_R,False,False,False,False,False,False,False,False
3728,61817,PLP123,PLP123_R,False,False,False,False,False,False,False,False
3729,61840,CB3870,CB3870_L,False,False,False,False,False,False,False,False
3730,61909,mAL_m1,mAL_m1_L,False,False,False,False,False,False,False,False
3731,61957,SIP103m,SIP103m_L,False,False,False,False,False,False,False,False
3732,62042,LC31a,LC31a_L,False,False,False,False,False,False,False,False
3733,62123,CB3743,CB3743_L,False,False,False,False,False,False,False,False
3734,62313,AVLP299_b,AVLP299_b_L,False,False,False,False,False,False,False,False
3735,62410,CB2558,CB2558_L,False,False,False,False,False,False,False,False
3736,62602,CB3743,CB3743_L,False,False,False,False,False,False,False,False
3737,62689,CB2300,CB2300_R,False,False,False,False,False,False,False,False
3738,62855,SIP101m,SIP101m_L,False,False,False,False,False,False,False,False
3739,62937,AVLP069_a,AVLP069_a_L,False,False,False,False,False,False,False,False
3740,63141,SApp04,SApp04_L,False,False,False,False,False,False,False,False
3741,63441,EA06B010,EA06B010_L,False,False,False,False,False,False,False,False
3742,63538,SAD019,SAD019_L,False,False,False,False,False,False,False,False
3743,63539,ANXXX023,ANXXX023_L,False,False,False,False,False,False,False,False
3744,63701,DNd02,DNd02(SAD039)_R,False,False,False,False,False,False,False,False
3745,64108,AN08B099_h,AN08B099_h_L,False,False,False,False,False,False,False,False
3746,64172,AVLP560,AVLP560_R,False,False,False,False,False,False,False,False
3747,64219,LC18,LC18_L,False,False,False,False,False,False,False,False
3748,64257,AN08B089,AN08B089_L,False,False,False,False,False,False,False,False
3749,64306,CB4096,CB4096_L,False,False,False,False,False,False,False,False
3750,64345,AMMC018,AMMC018_L,False,False,False,False,False,False,False,False
3751,64351,CL147,CL147_R,False,False,False,False,False,False,False,False
3752,64444,AN09B030,AN09B030_L,False,False,False,False,False,False,False,False
3753,64740,CB4073,CB4073_R,False,False,False,False,False,False,False,False
3754,64874,WED033,WED033_L,False,False,False,False,False,False,False,False
3755,65215,AVLP225_b1,AVLP225_b1_L,False,False,False,False,False,False,False,False
3756,65217,CB2625,CB2625_R,False,False,False,False,False,False,False,False
3757,65272,SIP101m,SIP101m_L,False,False,False,False,False,False,False,False
3758,65339,CB3233,CB3233_L,False,False,False,False,False,False,False,False
3759,65465,AN18B053,AN18B053_L,False,False,False,False,False,False,False,False
3760,65490,AVLP451,AVLP451_R,False,False,False,False,False,False,False,False
3761,65577,AN08B059,AN08B059_R,False,False,False,False,False,False,False,False
3762,65604,LHPV2c2,LHPV2c2_R,False,False,False,False,False,False,False,False
3763,65802,SIP123m,SIP123m_R,False,False,False,False,False,False,False,False
3764,65991,PVLP021,PVLP021_L,False,False,False,False,False,False,False,False
3765,66066,CB4104,CB4104_L,False,False,False,False,False,False,False,False
3766,66069,SIP119m,SIP119m_L,False,False,False,False,False,False,False,False
3767,66264,AN18B053,AN18B053_L,False,False,False,False,False,False,False,False
3768,66268,CB3673b,CB3673b_L,False,False,False,False,False,False,False,False
3769,66354,SIP103m,SIP103m_R,False,False,False,False,False,False,False,False
3770,66459,FLA002m,FLA002m_L,False,False,False,False,False,False,False,False
3771,66837,SIP103m,SIP103m_R,False,False,False,False,False,False,False,False
3772,66912,AVLP155_a,AVLP155_a_L,False,False,False,False,False,False,False,False
3773,66936,SIP100m,SIP100m_R,False,False,False,False,False,False,False,False
3774,67088,SMP723m,SMP723m_R,False,False,False,False,False,False,False,False
3775,67384,PLP132,PLP132_R,False,False,False,False,False,False,False,False
3776,67816,aIPg5,aIPg5_L,False,False,False,False,False,False,False,False
3777,67946,SApp10,SApp10_L,False,False,False,False,False,False,False,False
3778,67982,DNge013,DNge013_R,False,False,False,False,False,False,False,False
3779,68166,CB0956,CB0956_R,False,False,False,False,False,False,False,False
3780,68230,CB1934,CB1934_L,False,False,False,False,False,False,False,False
3781,68335,aSP10C_b,aSP10C_b_L,False,False,False,False,False,False,False,False
3782,68361,WED037,WED037_L,False,False,False,False,False,False,False,False
3783,68624,pC1_19,pC1_19_L,False,True,False,False,False,True,False,False
3784,68651,AN05B078,AN05B078_L,False,False,False,False,False,False,False,False
3785,68968,SMP723m,SMP723m_R,False,False,False,False,False,False,False,False
3786,69211,AN09B030,AN09B030_R,False,False,False,False,False,False,False,False
3787,69394,AVLP299_a,AVLP299_a_L,False,False,False,False,False,False,False,False
3788,69407,SIP103m,SIP103m_R,False,False,False,False,False,False,False,False
3789,69439,AVLP299_c,AVLP299_c_L,False,False,False,False,False,False,False,False
3790,69480,CB1207_b,CB1207_b_L,False,False,False,False,False,False,False,False
3791,69934,SMP490,SMP490_L,False,False,False,False,False,False,False,False
3792,70011,pC1_5b,pC1_5b_L,False,True,False,False,False,True,False,False
3793,70337,LT52,LT52_L,False,False,False,False,False,False,False,False
3794,70610,LH001m,LH001m_L,False,False,False,False,False,False,False,False
3795,70643,LH006m,LH006m_L,False,False,False,False,False,False,False,False
3796,70739,CB4072,CB4072_R,False,False,False,False,False,False,False,False
3797,70815,pC1_17a,pC1_17a_L,False,True,False,False,False,True,False,False
3798,71157,CB3513,CB3513_L,False,False,False,False,False,False,False,False
3799,71162,AN08B095,AN08B095_L,False,False,False,False,False,False,False,False
3800,71352,JO-EV2,JO-EV2_L,False,False,False,False,False,False,False,False
3801,71385,pC1_7a,pC1_7a_R,False,True,False,False,False,True,False,False
3802,71389,CB4166,CB4166_L,False,False,False,False,False,False,False,False
3803,71404,WED060,WED060_L,False,False,False,False,False,False,False,False
3804,71416,mAL_m3b,mAL_m3b_R,False,False,False,False,False,False,False,False
3805,71451,PVLP005,PVLP005_L,False,False,False,False,False,False,False,False
3806,71547,CL129,CL129_L,False,False,False,False,False,False,False,False
3807,72289,AVLP179,AVLP179_L,False,False,False,False,False,False,False,False
3808,72475,CB3741,CB3741_L,False,False,False,False,False,False,False,False
3809,72959,AN08B099_b,AN08B099_b_L,False,False,False,False,False,False,False,False
3810,73049,CB3024,CB3024_L,False,False,False,False,False,False,False,False
3811,73082,SIP112m,SIP112m_R,False,False,False,False,False,False,False,False
3812,73179,AN00A009,AN00A009_M,False,False,False,False,False,False,False,False
3813,73355,CB0956,CB0956_R,False,False,False,False,False,False,False,False
3814,73753,AN07B003,AN07B003_R,False,False,False,False,False,False,False,False
3815,74052,WED117,WED117_L,False,False,False,False,False,False,False,False
3816,74105,AN17B005,AN17B005_L,False,False,False,False,False,False,False,False
3817,74486,AVLP274_b,AVLP274_b_L,False,False,False,False,False,False,False,False
3818,74500,PVLP204m,PVLP204m_L,False,False,False,False,False,False,False,False
3819,74590,CL123_b,CL123_b_L,False,False,False,False,False,False,False,False
3820,74775,WED061,WED061_L,False,False,False,False,False,False,False,False
3821,75060,WED047,WED047_L,False,False,False,False,False,False,False,False
3822,75140,AN17A015,AN17A015_R,False,False,False,False,False,False,False,False
3823,75282,CB1523,CB1523_L,False,False,False,False,False,False,False,False
3824,75407,ICL008m,ICL008m_L,False,False,False,False,False,False,False,False
3825,75453,AVLP164,AVLP164_L,False,False,False,False,False,False,False,False
3826,75474,CB4215,CB4215_L,False,False,False,False,False,False,False,False
3827,75715,aSP10C_b,aSP10C_b_L,False,False,False,False,False,False,False,False
3828,75920,AN08B111,AN08B111_R,False,False,False,False,False,False,False,False
3829,76066,,,False,False,False,False,False,False,False,False
3830,76294,AN08B098,AN08B098_R,False,False,False,False,False,False,False,False
3831,76363,AN08B101,AN08B101_R,False,False,False,False,False,False,False,False
3832,76367,AN08B101,AN08B101_L,False,False,False,False,False,False,False,False
3833,76401,WED093,WED093_L,False,False,False,False,False,False,False,False
3834,76512,AN08B106,AN08B106_L,False,False,False,False,False,False,False,False
3835,76539,CB1695,CB1695_L,False,False,False,False,False,False,False,False
3836,76611,AN08B111,AN08B111_L,False,False,False,False,False,False,False,False
3837,76637,CL323,CL323_R,False,False,False,False,False,False,False,False
3838,76777,LAL025,LAL025_L,False,False,False,False,False,False,False,False
3839,77213,GNG248,GNG248_L,False,False,False,False,False,False,False,False
3840,77370,JO-EV2,JO-EV2_L,False,False,False,False,False,False,False,False
3841,77696,PVLP008_c,PVLP008_c_L,False,False,False,False,False,False,False,False
3842,77730,AVLP297,AVLP297_L,False,False,False,False,False,False,False,False
3843,78065,SIP119m,SIP119m_L,False,False,False,False,False,False,False,False
3844,78134,VES097,VES097_L,False,False,False,False,False,False,False,False
3845,78157,AN05B050_b,AN05B050_b_R,False,False,False,False,False,False,False,False
3846,78535,CB2623,CB2623_L,False,False,False,False,False,False,False,False
3847,78847,CB4245,CB4245_L,False,False,False,False,False,False,False,False
3848,78913,CB2995,CB2995_L,False,False,False,False,False,False,False,False
3849,78975,CB2144,CB2144_L,False,False,False,False,False,False,False,False
3850,79044,AN17B012,AN17B012_L,False,False,False,False,False,False,False,False
3851,79094,WED118,WED118_L,False,False,False,False,False,False,False,False
3852,79155,CL272_b2,CL272_b2_R,False,False,False,False,False,False,False,False
3853,79187,AN08B112,AN08B112_R,False,False,False,False,False,False,False,False
3854,79206,IB026,IB026_L,False,False,False,False,False,False,False,False
3855,79287,SMP710m,SMP710m_R,False,False,False,False,False,False,False,False
3856,79407,LAL302m,LAL302m_L,False,False,False,False,False,False,False,False
3857,79455,CB1573,CB1573_R,False,False,False,False,False,False,False,False
3858,79498,JO-B1_c,JO-B1_c_L,True,False,False,False,False,False,False,False
3859,79634,ANXXX037,ANXXX037_R,False,False,False,False,False,False,False,False
3860,79642,pC1_19,pC1_19_R,False,True,False,False,False,True,False,False
3861,79679,JO-B1_a,JO-B1_a_L,True,False,False,False,False,False,False,False
3862,79784,PVLP206m,PVLP206m_L,False,False,False,False,False,False,False,False
3863,79855,JO-B3,JO-B3_L,True,False,False,False,False,False,False,False
3864,79968,CB2625,CB2625_R,False,False,False,False,False,False,False,False
3865,80046,AN08B099_h,AN08B099_h_R,False,False,False,False,False,False,False,False
3866,80085,CL022_b,CL022_b_L,False,False,False,False,False,False,False,False
3867,80346,AN08B094,AN08B094_L,False,False,False,False,False,False,False,False
3868,80419,AN08B101,AN08B101_L,False,False,False,False,False,False,False,False
3869,80565,JO-A1,JO-A1_L,True,False,False,False,False,False,False,False
3870,80724,AN08B101,AN08B101_L,False,False,False,False,False,False,False,False
3871,80886,CB0925,CB0925_L,False,False,False,False,False,False,False,False
3872,81112,LC4,LC4_L,False,False,False,False,False,False,False,False
3873,81201,SAD080,SAD080_L,False,False,False,False,False,False,False,False
3874,81551,LC31a,LC31a_L,False,False,False,False,False,False,False,False
3875,81660,LoVC25,LoVC25_L,False,False,False,False,False,False,False,False
3876,81762,AVLP299_b,AVLP299_b_R,False,False,False,False,False,False,False,False
3877,81913,SAD007,SAD007_L,False,False,False,False,False,False,False,False
3878,81922,CL168,CL168_L,False,False,False,False,False,False,False,False
3879,81928,AMMC018,AMMC018_L,False,False,False,False,False,False,False,False
3880,81985,AVLP728m,AVLP728m_L,False,False,False,False,False,False,False,False
3881,82205,LAL179,LAL179_L,False,False,False,False,False,False,False,False
3882,82309,SIP112m,SIP112m_L,False,False,False,False,False,False,False,False
3883,82361,JO-B1_a,JO-B1_a_L,True,False,False,False,False,False,False,False
3884,82401,AVLP558,AVLP558_L,False,False,False,False,False,False,False,False
3885,82432,CB2041,CB2041_L,False,False,False,False,False,False,False,False
3886,82569,CB0280,CB0280_L,False,False,False,False,False,False,False,False
3887,82720,WED117,WED117_L,False,False,False,False,False,False,False,False
3888,82791,AN17A013,AN17A013_R,False,False,False,False,False,False,False,False
3889,82900,AN08B097,AN08B097_L,False,False,False,False,False,False,False,False
3890,82912,IN17A051,IN17A051_L,False,False,False,False,False,False,False,False
3891,83259,AVLP739m,AVLP739m_L,False,False,False,False,False,False,False,False
3892,83492,AVLP177_a,AVLP177_a_L,False,False,False,False,False,False,False,False
3893,83661,DNge046,DNge046_R,False,False,False,False,False,False,False,False
3894,83862,PS260,PS260_L,False,False,False,False,False,False,False,False
3895,83968,CB2228,CB2228_R,False,False,False,False,False,False,False,False
3896,84021,AVLP184,AVLP184_L,False,False,False,False,False,False,False,False
3897,84181,vpoIN,vpoIN_L,False,False,False,False,False,False,False,False
3898,84290,,21093_L,False,False,False,False,False,False,False,False
3899,84378,AN08B103,AN08B103_L,False,False,False,False,False,False,False,False
3900,84395,mAL_m3a,mAL_m3a_L,False,False,False,False,False,False,False,False
3901,84707,BM_Vib,BM_Vib_L,False,False,False,False,False,False,False,False
3902,84719,CB4094,CB4094_L,False,False,False,False,False,False,False,False
3903,85099,AVLP296_a,AVLP296_a_L,False,False,False,False,False,False,False,False
3904,85399,CB3743,CB3743_L,False,False,False,False,False,False,False,False
3905,85538,AN05B049_b,AN05B049_b_R,False,False,False,False,False,False,False,False
3906,85544,AVLP452,AVLP452_R,False,False,False,False,False,False,False,False
3907,85756,CB1085,CB1085_L,False,False,False,False,False,False,False,False
3908,86571,VES051,VES051_R,False,False,False,False,False,False,False,False
3909,86750,LAL050,LAL050(LAL062)_L,False,False,False,False,False,False,False,False
3910,86962,LH003m,LH003m_L,False,False,False,False,False,False,False,False
3911,87484,VES206m,VES206m_R,False,False,False,False,False,False,False,False
3912,87497,pC1_18b,pC1_18b_L,False,True,False,False,False,True,False,False
3913,87499,AN09B023,AN09B023_L,False,False,False,False,False,False,False,False
3914,87683,AVLP227,AVLP227_L,False,False,False,False,False,False,False,False
3915,87902,CB1287_b,CB1287_b_L,False,False,False,False,False,False,False,False
3916,88051,CB3466,CB3466_L,False,False,False,False,False,False,False,False
3917,88797,PLP154,PLP154_L,False,False,False,False,False,False,False,False
3918,88912,LHPV2i2_b,LHPV2i2_b_L,False,False,False,False,False,False,False,False
3919,88941,CB2431,CB2431_L,False,False,False,False,False,False,False,False
3920,89002,JO-FV,JO-FV_R,False,False,False,False,False,False,False,False
3921,89017,JO-EV2,JO-EV2_L,False,False,False,False,False,False,False,False
3922,89474,CL191_b,CL191_b_L,False,False,False,False,False,False,False,False
3923,89545,LAL301m,LAL301m_L,False,False,False,False,False,False,False,False
3924,89602,CL169,CL169_L,False,False,False,False,False,False,False,False
3925,89786,CB2207,CB2207_R,False,False,False,False,False,False,False,False
3926,90051,AN07B003,AN07B003_L,False,False,False,False,False,False,False,False
3927,90390,IN06B027,IN06B027_L,False,False,False,False,False,False,False,False
3928,90534,AN08B099_c,AN08B099_c_R,False,False,False,False,False,False,False,False
3929,90552,WED163,WED163_L,False,False,False,False,False,False,False,False
3930,90589,AMMC035,AMMC035_L,False,False,False,False,False,False,False,False
3931,90681,SMP723m,SMP723m_R,False,False,False,False,False,False,False,False
3932,90683,AN17A015,AN17A015_R,False,False,False,False,False,False,False,False
3933,90782,AVLP205,AVLP205_L,False,False,False,False,False,False,False,False
3934,90885,LAL020,LAL020_R,False,False,False,False,False,False,False,False
3935,90933,BM,BM_L,False,False,False,False,False,False,False,False
3936,90949,AN08B106,AN08B106_R,False,False,False,False,False,False,False,False
3937,91126,AVLP401,AVLP401_L,False,False,False,False,False,False,False,False
3938,91616,LPLC4,LPLC4_L,False,False,False,False,False,False,False,False
3939,91617,JO-B4_a,JO-B4_a_L,True,False,False,False,False,False,False,False
3940,91957,AVLP706m,AVLP706m_L,False,False,False,False,False,False,False,False
3941,92541,SMP710m,SMP710m_R,False,False,False,False,False,False,False,False
3942,92767,JO-FD1,JO-FD1_L,False,False,False,False,False,False,False,False
3943,92774,AN05B081,AN05B081_L,False,False,False,False,False,False,False,False
3944,92936,DNge083,DNge083_L,False,False,False,False,False,False,False,False
3945,92988,CB4096,CB4096_L,False,False,False,False,False,False,False,False
3946,93000,BM,BM_L,False,False,False,False,False,False,False,False
3947,93110,PS269,PS269_R,False,False,False,False,False,False,False,False
3948,93134,AVLP225_b2,AVLP225_b2_L,False,False,False,False,False,False,False,False
3949,93227,AN04A001,AN04A001_R,False,False,False,False,False,False,False,False
3950,93383,JO-EV2,JO-EV2_L,False,False,False,False,False,False,False,False
3951,93389,LH002m,LH002m_L,False,False,False,False,False,False,False,False
3952,93504,,,False,False,False,False,False,False,False,False
3953,93558,SMP429,SMP429_L,False,False,False,False,False,False,False,False
3954,93756,AN08B100,AN08B100(92001)_L,False,False,False,False,False,False,False,False
3955,93812,AN08B112,AN08B112_R,False,False,False,False,False,False,False,False
3956,93834,CB4231,CB4231_L,False,False,False,False,False,False,False,False
3957,94221,CB2207,CB2207_R,False,False,False,False,False,False,False,False
3958,94247,PVLP060,PVLP060_L,False,False,False,False,False,False,False,False
3959,94732,AN08B101,AN08B101_R,False,False,False,False,False,False,False,False
3960,95135,,,False,False,False,False,False,False,False,False
3961,95237,PVLP111,PVLP111_L,False,False,False,False,False,False,False,False
3962,95862,AN08B031,AN08B031_R,False,False,False,False,False,False,False,False
3963,96238,PVLP080_b,PVLP080_b_L,False,False,False,False,False,False,False,False
3964,97025,JO-EV2,JO-EV2_L,False,False,False,False,False,False,False,False
3965,97027,JO-B1_c,JO-B1_c_L,True,False,False,False,False,False,False,False
3966,97247,AVLP300_b,AVLP300_b_L,False,False,False,False,False,False,False,False
3967,97309,AN08B098,AN08B098_L,False,False,False,False,False,False,False,False
3968,97354,JO-CA2,JO-CA2_L,False,False,False,False,False,False,False,False
3969,97432,AN08B094,AN08B094_R,False,False,False,False,False,False,False,False
3970,97445,LC18,LC18_L,False,False,False,False,False,False,False,False
3971,98113,pC1_19,pC1_19_L,False,True,False,False,False,True,False,False
3972,98698,AVLP462,AVLP462_R,False,False,False,False,False,False,False,False
3973,98796,IN00A053,IN00A053_M,False,False,False,False,False,False,False,False
3974,99172,ICL006m,ICL006m_L,False,False,False,False,False,False,False,False
3975,99367,JO-CA2,JO-CA2_L,False,False,False,False,False,False,False,False
3976,99446,CB2558,CB2558_L,False,False,False,False,False,False,False,False
3977,99541,ICL004m_a,ICL004m_a_R,False,False,False,False,False,False,False,False
3978,99687,AVLP195,AVLP195_R,False,False,False,False,False,False,False,False
3979,99700,,28648_L,False,False,False,False,False,False,False,False
3980,100059,AN17A015,AN17A015_L,False,False,False,False,False,False,False,False
3981,100485,LC4,LC4_L,False,False,False,False,False,False,False,False
3982,100641,,,False,False,False,False,False,False,False,False
3983,100828,CB1565,CB1565_L,False,False,False,False,False,False,False,False
3984,101124,LLPC1,LLPC1_L,False,False,False,False,False,False,False,False
3985,101169,AN08B099_c,AN08B099_c_L,False,False,False,False,False,False,False,False
3986,101221,PVLP128,PVLP128_L,False,False,False,False,False,False,False,False
3987,101222,CB4096,CB4096_L,False,False,False,False,False,False,False,False
3988,101287,CL121_a,CL121_a_R,False,False,False,False,False,False,False,False
3989,101916,VES024_a,VES024_a_R,False,False,False,False,False,False,False,False
3990,102224,pC1_5a,pC1_5a_L,False,True,False,False,False,True,False,False
3991,102419,ICL004m_b,ICL004m_b_L,False,False,False,False,False,False,False,False
3992,102597,SIP112m,SIP112m_L,False,False,False,False,False,False,False,False
3993,102624,CB0115,CB0115_R,False,False,False,False,False,False,False,False
3994,102695,SIP147m,SIP147m_L,False,False,False,False,False,False,False,False
3995,102834,BM_Taste,BM_Taste_L,False,False,False,False,False,False,False,False
3996,103177,AVLP548_f2,AVLP548_f2_L,False,False,False,False,False,False,False,False
3997,103261,PVLP108,PVLP108_L,False,False,False,False,False,False,False,False
3998,104416,CB2995,CB2995_L,False,False,False,False,False,False,False,False
3999,104738,AN05B069,AN05B069_L,False,False,False,False,False,False,False,False
4000,104910,AN07B062,AN07B062_L,False,False,False,False,False,False,False,False
4001,105241,CB2721,CB2721_L,False,False,False,False,False,False,False,False
4002,105289,ICL003m,ICL003m_R,False,False,False,False,False,False,False,False
4003,106229,LC18,LC18_L,False,False,False,False,False,False,False,False
4004,106293,AN08B094,AN08B094_L,False,False,False,False,False,False,False,False
4005,106350,SMP106,SMP106_L,False,False,False,False,False,False,False,False
4006,106567,CL118,CL118_L,False,False,False,False,False,False,False,False
4007,106702,JO-B1_a,JO-B1_a_L,True,False,False,False,False,False,False,False
4008,107003,ICL005m,ICL005m_L,False,False,False,False,False,False,False,False
4009,107008,CL12X,CL12X_L,False,False,False,False,False,False,False,False
4010,107194,aSP10A_b,aSP10A_b_L,False,False,False,False,False,False,False,False
4011,107471,SIP112m,SIP112m_R,False,False,False,False,False,False,False,False
4012,108261,AN08B106,AN08B106_L,False,False,False,False,False,False,False,False
4013,108777,SIP147m,SIP147m_R,False,False,False,False,False,False,False,False
4014,108816,pC1_15a,pC1_15a_L,False,True,False,False,False,True,False,False
4015,109201,BM_Vib,BM_Vib_L,False,False,False,False,False,False,False,False
4016,109222,SIP112m,SIP112m_L,False,False,False,False,False,False,False,False
4017,109302,CL081,CL081_L,False,False,False,False,False,False,False,False
4018,110055,CB1538,CB1538_L,False,False,False,False,False,False,False,False
4019,111164,LT52,LT52_L,False,False,False,False,False,False,False,False
4020,111272,BM,BM_L,False,False,False,False,False,False,False,False
4021,111277,JO-B3,JO-B3_L,True,False,False,False,False,False,False,False
4022,111822,CB4228,CB4228_L,False,False,False,False,False,False,False,False
4023,112105,JO-B3,JO-B3_L,True,False,False,False,False,False,False,False
4024,112147,AVLP040,AVLP040_L,False,False,False,False,False,False,False,False
4025,112210,AN08B099_d,AN08B099_d_R,False,False,False,False,False,False,False,False
4026,112404,PS268,PS268_R,False,False,False,False,False,False,False,False
4027,112589,AN08B099_d,AN08B099_d_L,False,False,False,False,False,False,False,False
4028,113018,SIP100m,SIP100m_L,False,False,False,False,False,False,False,False
4029,113085,PVLP008_c,PVLP008_c_R,False,False,False,False,False,False,False,False
4030,113270,CB4216,CB4216_L,False,False,False,False,False,False,False,False
4031,113402,AVLP378,AVLP378_L,False,False,False,False,False,False,False,False
4032,113651,AN06B039,AN06B039_L,False,False,False,False,False,False,False,False
4033,114550,IN10B007,IN10B007_L,False,False,False,False,False,False,False,False
4034,114598,JO-B4_b,JO-B4_b_L,True,False,False,False,False,False,False,False
4035,114795,AN08B031,AN08B031_L,False,False,False,False,False,False,False,False
4036,115499,SMP207,SMP207_L,False,False,False,False,False,False,False,False
4037,115598,SIP122m,SIP122m_R,False,False,False,False,False,False,False,False
4038,116367,AVLP235,AVLP235_L,False,False,False,False,False,False,False,False
4039,116783,LC18,LC18_L,False,False,False,False,False,False,False,False
4040,117272,PVLP005,PVLP005_L,False,False,False,False,False,False,False,False
4041,117638,SMP106,SMP106_R,False,False,False,False,False,False,False,False
4042,117756,JO-B1_c,JO-B1_c_L,True,False,False,False,False,False,False,False
4043,117817,AN08B047,AN08B047_R,False,False,False,False,False,False,False,False
4044,118264,LAL021,LAL021_R,False,False,False,False,False,False,False,False
4045,119230,CL128_e,CL128_e_L,False,False,False,False,False,False,False,False
4046,119491,AVLP227,AVLP227_L,False,False,False,False,False,False,False,False
4047,120563,AVLP055,AVLP055_L,False,False,False,False,False,False,False,False
4048,120579,SMP723m,SMP723m_L,False,False,False,False,False,False,False,False
4049,120703,BM_Vib,BM_Vib_L,False,False,False,False,False,False,False,False
4050,120948,CB4170,CB4170_L,False,False,False,False,False,False,False,False
4051,121454,SAD008,SAD008_L,False,False,False,False,False,False,False,False
4052,121617,JO-B1_c,JO-B1_c_L,True,False,False,False,False,False,False,False
4053,122256,CB1460,CB1460_L,False,False,False,False,False,False,False,False
4054,122868,SIP113m,SIP113m_L,False,False,False,False,False,False,False,False
4055,123157,CL271,CL271_L,False,False,False,False,False,False,False,False
4056,123226,PVLP207m,PVLP207m_L,False,False,False,False,False,False,False,False
4057,123245,AOTU032,AOTU032_L,False,False,False,False,False,False,False,False
4058,123650,JO-B3,JO-B3_L,True,False,False,False,False,False,False,False
4059,124001,SApp13,SApp13_L,False,False,False,False,False,False,False,False
4060,124689,AN05B054_a,AN05B054_a_L,False,False,False,False,False,False,False,False
4061,125060,SMP403,SMP403_L,False,False,False,False,False,False,False,False
4062,125137,,17414_L,False,False,False,False,False,False,False,False
4063,125721,pC1_19,pC1_19_R,False,True,False,False,False,True,False,False
4064,125938,CL268,CL268_L,False,False,False,False,False,False,False,False
4065,126498,JO-A1,JO-A1_R,True,False,False,False,False,False,False,False
4066,126888,AVLP412,AVLP412_L,False,False,False,False,False,False,False,False
4067,127239,SIP124m,SIP124m_L,False,False,False,False,False,False,False,False
4068,127881,pC1_19,pC1_19_L,False,True,False,False,False,True,False,False
4069,127912,JO-FV,JO-FV_L,False,False,False,False,False,False,False,False
4070,127914,AN08B099_e,AN08B099_e_L,False,False,False,False,False,False,False,False
4071,128237,AOTU034,AOTU034_L,False,False,False,False,False,False,False,False
4072,129290,JO-B4_a,JO-B4_a_L,True,False,False,False,False,False,False,False
4073,130240,WED015,WED015_L,False,False,False,False,False,False,False,False
4074,130844,SIP147m,SIP147m_L,False,False,False,False,False,False,False,False
4075,131125,AN07B062,AN07B062_L,False,False,False,False,False,False,False,False
4076,131757,BM_Vib,BM_Vib_L,False,False,False,False,False,False,False,False
4077,132923,AN08B110,AN08B110_L,False,False,False,False,False,False,False,False
4078,133115,SApp13,SApp13_R,False,False,False,False,False,False,False,False
4079,133574,CL147,CL147_L,False,False,False,False,False,False,False,False
4080,133757,SMP381_c,SMP381_c_L,False,False,False,False,False,False,False,False
4081,134244,CB2081_b,CB2081_b_L,False,False,False,False,False,False,False,False
4082,134678,CB2721,CB2721_L,False,False,False,False,False,False,False,False
4083,135491,,,False,False,False,False,False,False,False,False
4084,136628,CB1638,CB1638_L,False,False,False,False,False,False,False,False
4085,136782,AVLP225_b3,AVLP225_b3_L,False,False,False,False,False,False,False,False
4086,137979,CB4072,CB4072_R,False,False,False,False,False,False,False,False
4087,138403,JO-EV2,JO-EV2_L,False,False,False,False,False,False,False,False
4088,138445,CL120,CL120_R,False,False,False,False,False,False,False,False
4089,139035,CB2721,CB2721_R,False,False,False,False,False,False,False,False
4090,139266,SMP716m,SMP716m_L,False,False,False,False,False,False,False,False
4091,141220,CB2996,CB2996_L,False,False,False,False,False,False,False,False
4092,141266,JO-CA1,JO-CA1_L,False,False,False,False,False,False,False,False
4093,141560,JO-B3,JO-B3_L,True,False,False,False,False,False,False,False
4094,143244,AN08B097,AN08B097_L,False,False,False,False,False,False,False,False
4095,144027,CL191_b,CL191_b_L,False,False,False,False,False,False,False,False
4096,144112,JO-B4_a,JO-B4_a_L,True,False,False,False,False,False,False,False
4097,144305,LC18,LC18_L,False,False,False,False,False,False,False,False
4098,145198,JO-EV6,JO-EV6_L,False,False,False,False,False,False,False,False
4099,145380,CB4173,CB4173_R,False,False,False,False,False,False,False,False
4100,145734,TmY5a,TmY5a_L,False,False,False,False,False,False,False,False
4101,147029,JO-EV2,JO-EV2_L,False,False,False,False,False,False,False,False
4102,148730,AN08B099_a,AN08B099_a_L,False,False,False,False,False,False,False,False
4103,148808,BM,BM_R,False,False,False,False,False,False,False,False
4104,148994,AN08B047,AN08B047_R,False,False,False,False,False,False,False,False
4105,149631,AN08B061,AN08B061_R,False,False,False,False,False,False,False,False
4106,149854,JO-B2,JO-B2_L,True,False,False,False,False,False,False,False
4107,149913,JO-B4_b,JO-B4_b_L,True,False,False,False,False,False,False,False
4108,150301,AVLP486,AVLP486_L,False,False,False,False,False,False,False,False
4109,150421,JO-B1_b,JO-B1_b_L,True,False,False,False,False,False,False,False
4110,150489,AN09B016,AN09B016_R,False,False,False,False,False,False,False,False
4111,151368,aSP10C_a,aSP10C_a_L,False,False,False,False,False,False,False,False
4112,151800,FLA001m,FLA001m_R,False,False,False,False,False,False,False,False
4113,152260,CB2625,CB2625_L,False,False,False,False,False,False,False,False
4114,152829,BM_Vib,BM_Vib_L,False,False,False,False,False,False,False,False
4115,152873,PVLP205m,PVLP205m_R,False,False,False,False,False,False,False,False
4116,153491,PVLP005,PVLP005_L,False,False,False,False,False,False,False,False
4117,153859,JO-B1_b,JO-B1_b_L,True,False,False,False,False,False,False,False
4118,154274,AN08B061,AN08B061_L,False,False,False,False,False,False,False,False
4119,154726,AN18B003,AN18B003_R,False,False,False,False,False,False,False,False
4120,155298,AN05B054_b,AN05B054_b_L,False,False,False,False,False,False,False,False
4121,155912,JO-EV2,JO-EV2_L,False,False,False,False,False,False,False,False
4122,156482,AVLP235,AVLP235_L,False,False,False,False,False,False,False,False
4123,156865,pC1_19,pC1_19_L,False,True,False,False,False,True,False,False
4124,157371,AN08B061,AN08B061_R,False,False,False,False,False,False,False,False
4125,157603,AN05B048,AN05B048_R,False,False,False,False,False,False,False,False
4126,157875,LH006m,LH006m_L,False,False,False,False,False,False,False,False
4127,158549,SMP461,SMP461_R,False,False,False,False,False,False,False,False
4128,158576,JO-B1_b,JO-B1_b_L,True,False,False,False,False,False,False,False
4129,161900,AN05B048,AN05B048_L,False,False,False,False,False,False,False,False
4130,162461,GNG103,GNG103_L,False,False,False,False,False,False,False,False
4131,162471,AN09B020,AN09B020_R,False,False,False,False,False,False,False,False
4132,162650,AN08B061,AN08B061_L,False,False,False,False,False,False,False,False
4133,162673,PVLP205m,PVLP205m_R,False,False,False,False,False,False,False,False
4134,163625,JO-EV2,JO-EV2_L,False,False,False,False,False,False,False,False
4135,166028,WED166_d,WED166_d_R,False,False,False,False,False,False,False,False
4136,166158,AN08B112,AN08B112_L,False,False,False,False,False,False,False,False
4137,166368,AN08B035,AN08B035_R,False,False,False,False,False,False,False,False
4138,167019,AN08B047,AN08B047_L,False,False,False,False,False,False,False,False
4139,168652,JO-B2,JO-B2_L,True,False,False,False,False,False,False,False
4140,168970,AN10B045,AN10B045_L,False,False,False,False,False,False,False,False
4141,168985,JO-unclear,JO-unclear_L,False,False,False,False,False,False,False,False
4142,170209,pC1_19,pC1_19_R,False,True,False,False,False,True,False,False
4143,173087,BM_Vib,BM_Vib_L,False,False,False,False,False,False,False,False
4144,173861,AVLP120,AVLP120_L,False,False,False,False,False,False,False,False
4145,175313,PS110,PS110_R,False,False,False,False,False,False,False,False
4146,176608,FLA002m,FLA002m_R,False,False,False,False,False,False,False,False
4147,176862,AVLP299_c,AVLP299_c_R,False,False,False,False,False,False,False,False
4148,176912,BM_Vib,BM_Vib_L,False,False,False,False,False,False,False,False
4149,179637,JO-FV,JO-FV_L,False,False,False,False,False,False,False,False
4150,180378,AVLP222,AVLP222_L,False,False,False,False,False,False,False,False
4151,180724,pC1_15c,pC1_15c_L,False,True,False,False,False,True,False,False
4152,181169,SMP106,SMP106_L,False,False,False,False,False,False,False,False
4153,182945,AN10B037,AN10B037_L,False,False,False,False,False,False,False,False
4154,183575,AN08B097,AN08B097_R,False,False,False,False,False,False,False,False
4155,183736,AN08B061,AN08B061_L,False,False,False,False,False,False,False,False
4156,183777,IN10B007,IN10B007_R,False,False,False,False,False,False,False,False
4157,183855,AVLP739m,AVLP739m_L,False,False,False,False,False,False,False,False
4158,184114,AN08B061,AN08B061_L,False,False,False,False,False,False,False,False
4159,186380,DNge144,DNge144_L,False,False,False,False,False,False,False,False
4160,188933,DNg92_a,DNg92_a_L,False,False,False,False,False,False,False,False
4161,188947,DNg60,DNg60_R,False,False,False,False,False,False,False,False
4162,189543,AN08B107,AN08B107_L,False,False,False,False,False,False,False,False
4163,190020,SMP714m,SMP714m_R,False,False,False,False,False,False,False,False
4164,190894,JO-B4_b,JO-B4_b_L,True,False,False,False,False,False,False,False
4165,192450,JO-CM,JO-CM_L,False,False,False,False,False,False,False,False
4166,192515,PLP106,PLP106_R,False,False,False,False,False,False,False,False
4167,195446,JO-B2,JO-B2_L,True,False,False,False,False,False,False,False
4168,197252,DNg92_a,DNg92_a_R,False,False,False,False,False,False,False,False
4169,199352,DNge130,DNge130_L,False,False,False,False,False,False,False,False
4170,199504,IN17A037,IN17A037_L,False,False,False,False,False,False,False,False
4171,199980,SIP113m,SIP113m_R,False,False,False,False,False,False,False,False
4172,200336,AN05B023b,AN05B023b_L,False,False,False,False,False,False,False,False
4173,201329,CB2433,CB2433_L,False,False,False,False,False,False,False,False
4174,202892,,,False,False,False,False,False,False,False,False
4175,205974,JO-B1_b,JO-B1_b_L,True,False,False,False,False,False,False,False
4176,206644,SIP113m,SIP113m_R,False,False,False,False,False,False,False,False
4177,207663,JO-B4_b,JO-B4_b_L,True,False,False,False,False,False,False,False
4178,208509,SMP106,SMP106_L,False,False,False,False,False,False,False,False
4179,209300,AN08B102,AN08B102_R,False,False,False,False,False,False,False,False
4180,210215,AN09B023,AN09B023_R,False,False,False,False,False,False,False,False
4181,210416,JO-B1_c,JO-B1_c_L,True,False,False,False,False,False,False,False
4182,213985,JO-B1_a,JO-B1_a_L,True,False,False,False,False,False,False,False
4183,214478,BM_InOm,BM_InOm_L,False,False,False,False,False,False,False,False
4184,214630,FLA002m,FLA002m_R,False,False,False,False,False,False,False,False
4185,215515,AN10B037,AN10B037_R,False,False,False,False,False,False,False,False
4186,216846,SIP112m,SIP112m_R,False,False,False,False,False,False,False,False
4187,217594,AN08B099_b,AN08B099_b_R,False,False,False,False,False,False,False,False
4188,218203,JO-EV6,JO-EV6_L,False,False,False,False,False,False,False,False
4189,218826,WED163,WED163_L,False,False,False,False,False,False,False,False
4190,220200,pC1_13b,pC1_13b_R,False,True,False,False,False,True,False,False
4191,221939,SIP113m,SIP113m_R,False,False,False,False,False,False,False,False
4192,222154,AN00A002,AN00A002_M,False,False,False,False,False,False,False,False
4193,223861,JO-CM,JO-CM_L,False,False,False,False,False,False,False,False
4194,223870,AN08B084,AN08B084_R,False,False,False,False,False,False,False,False
4195,227102,AN14A003,AN14A003_R,False,False,False,False,False,False,False,False
4196,227289,SIP112m,SIP112m_R,False,False,False,False,False,False,False,False
4197,230783,DNg97,DNg97_R,False,False,False,False,False,False,False,False
4198,231936,JO-FD1,JO-FD1_L,False,False,False,False,False,False,False,False
4199,232828,AVLP279,AVLP279_L,False,False,False,False,False,False,False,False
4200,232880,JO-A1,JO-A1_L,True,False,False,False,False,False,False,False
4201,233170,JO-B3,JO-B3_L,True,False,False,False,False,False,False,False
4202,237614,SMP106,SMP106_L,False,False,False,False,False,False,False,False
4203,238938,JO-EV2,JO-EV2_L,False,False,False,False,False,False,False,False
4204,241016,JO-B3,JO-B3_R,True,False,False,False,False,False,False,False
4205,241227,BM_Vib,BM_Vib_R,False,False,False,False,False,False,False,False
4206,241525,AVLP283,AVLP283_L,False,False,False,False,False,False,False,False
4207,242405,DNge046,DNge046_R,False,False,False,False,False,False,False,False
4208,242879,BM,BM_L,False,False,False,False,False,False,False,False
4209,248488,JO-B2,JO-B2_R,True,False,False,False,False,False,False,False
4210,253904,AN08B061,AN08B061_R,False,False,False,False,False,False,False,False
4211,256420,DNge050,DNge050_R,False,False,False,False,False,False,False,False
4212,257510,SMP093,SMP093_R,False,False,False,False,False,False,False,False
4213,258426,JO-B2,JO-B2_L,True,False,False,False,False,False,False,False
4214,267251,CB1085,CB1085_R,False,False,False,False,False,False,False,False
4215,273433,SIP122m,SIP122m_R,False,False,False,False,False,False,False,False
4216,274166,GNG594,GNG594_L,False,False,False,False,False,False,False,False
4217,274169,JO-B1_b,JO-B1_b_L,True,False,False,False,False,False,False,False
4218,274845,,,False,False,False,False,False,False,False,False
4219,277683,JO-CA2,JO-CA2_L,False,False,False,False,False,False,False,False
4220,283806,JO-B4_b,JO-B4_b_L,True,False,False,False,False,False,False,False
4221,287884,OA-VPM3,OA-VPM3_L,False,False,False,False,False,False,False,False
4222,296721,SIP119m,SIP119m_R,False,False,False,False,False,False,False,False
4223,303829,SIP112m,SIP112m_L,False,False,False,False,False,False,False,False
4224,308087,JO-A1,JO-A1_R,True,False,False,False,False,False,False,False
4225,322714,DNg12_b,DNg12_b_L,False,False,False,False,False,False,False,False
4226,331721,AN27X004,AN27X004_R,False,False,False,False,False,False,False,False
4227,333886,WED207,WED207_L,False,False,False,False,False,False,False,False
4228,342502,AN18B004,AN18B004_L,False,False,False,False,False,False,False,False
4229,381870,JO-B1_b,JO-B1_b_R,True,False,False,False,False,False,False,False
4230,382580,AN08B031,AN08B031_R,False,False,False,False,False,False,False,False
4231,387990,JO-A1,JO-A1_L,True,False,False,False,False,False,False,False
4232,388536,AVLP154,AVLP154_L,False,False,False,False,False,False,False,False
4233,397749,JO-B4_b,JO-B4_b_R,True,False,False,False,False,False,False,False
4234,398883,JO-A1,JO-A1_R,True,False,False,False,False,False,False,False
4235,403791,JO-B1_c,JO-B1_c_L,True,False,False,False,False,False,False,False
4236,407092,JO-FV,JO-FV_L,False,False,False,False,False,False,False,False
4237,423550,BM,BM_L,False,False,False,False,False,False,False,False
4238,427762,JO-A2,JO-A2_R,True,False,False,False,False,False,False,False
4239,429088,CL122_a,CL122_a_L,False,False,False,False,False,False,False,False
4240,431420,AN08B099_a,AN08B099_a_R,False,False,False,False,False,False,False,False
4241,433049,AVLP095,AVLP095_L,False,False,False,False,False,False,False,False
4242,433834,JO-EV2,JO-EV2_L,False,False,False,False,False,False,False,False
4243,468519,BM_Vib,BM_Vib_R,False,False,False,False,False,False,False,False
4244,478230,JO-B1_c,JO-B1_c_L,True,False,False,False,False,False,False,False
4245,491190,JO-A2,JO-A2_L,True,False,False,False,False,False,False,False
4246,506334,DNp42,DNp42_R,False,False,False,False,False,False,False,False
4247,511752,CB0307,CB0307_L,False,False,False,False,False,False,False,False
4248,511757,SAD070,SAD070_L,False,False,False,False,False,False,False,False
4249,511775,LoVP92,LoVP92_L,False,False,False,False,False,False,False,False
4250,511784,PS112,PS112_L,False,False,False,False,False,False,False,False
4251,511797,LoVC11,LoVC11_L,False,False,False,False,False,False,False,False
4252,511799,SAD057,SAD057_R,False,False,False,False,False,False,False,False
4253,511818,ALON3,ALON3_L,False,False,False,False,False,False,False,False
4254,511820,SMP554,SMP554_R,False,False,False,False,False,False,False,False
4255,511860,CB1185,CB1185_L,False,False,False,False,False,False,False,False
4256,511861,aSP10B,aSP10B_L,False,False,False,False,False,False,False,False
4257,511867,AN05B096,AN05B096_R,False,False,False,False,False,False,False,False
4258,511890,Li25,Li25_L,False,False,False,False,False,False,False,False
4259,511899,mAL_m5a,mAL_m5a_R,False,False,False,False,False,False,False,False
4260,511900,mAL_m5c,mAL_m5c_R,False,False,False,False,False,False,False,False
4261,511901,mAL_m8,mAL_m8_R,False,False,False,False,False,False,False,False
4262,511925,WED065,WED065_L,False,False,False,False,False,False,False,False
4263,511956,AVLP163,AVLP163_L,False,False,False,False,False,False,False,False
4264,511993,CL097,CL097_L,False,False,False,False,False,False,False,False
4265,511996,CB0956,CB0956_L,False,False,False,False,False,False,False,False
4266,512010,SAD040,SAD040_R,False,False,False,False,False,False,False,False
4267,512011,pC1_12a,pC1_12a_R,False,True,False,False,False,True,False,False
4268,512033,AVLP381,AVLP381_L,False,False,False,False,False,False,False,False
4269,512059,ANXXX027,ANXXX027(15443)_L,False,False,False,False,False,False,False,False
4270,512070,PVLP135,PVLP135_L,False,False,False,False,False,False,False,False
4271,512071,DNae001,DNae001(DNa01)_L,False,False,False,False,False,False,False,False
4272,512077,LAL082,LAL082_R,False,False,False,False,False,False,False,False
4273,512087,LPLC1,LPLC1_L,False,False,False,False,False,False,False,False
4274,512094,LAL191,LAL191_L,False,False,False,False,False,False,False,False
4275,512118,VES087,VES087_L,False,False,False,False,False,False,False,False
4276,512121,CB1280,CB1280_R,False,False,False,False,False,False,False,False
4277,512159,CL263,CL263_L,False,False,False,False,False,False,False,False
4278,512165,GNG555,GNG555_L,False,False,False,False,False,False,False,False
4279,512166,AVLP059,AVLP059_R,False,False,False,False,False,False,False,False
4280,512176,CB2824,CB2824_L,False,False,False,False,False,False,False,False
4281,512188,SMP092,SMP092_L,False,False,False,False,False,False,False,False
4282,512192,VES099,VES099_L,False,False,False,False,False,False,False,False
4283,512201,LC9,LC9_L,False,False,False,False,False,False,False,False
4284,512236,AMMC028,AMMC028_R,False,False,False,False,False,False,False,False
4285,512246,AVLP541,AVLP541_L,False,False,False,False,False,False,False,False
4286,512263,SIP103m,SIP103m_L,False,False,False,False,False,False,False,False
4287,512281,CB3329,CB3329_L,False,False,False,False,False,False,False,False
4288,512309,LT86,LT86_L,False,False,False,False,False,False,False,False
4289,512314,SMP164,SMP164_L,False,False,False,False,False,False,False,False
4290,512324,SAD052,SAD052_L,False,False,False,False,False,False,False,False
4291,512328,PS197,PS197(PS198)_R,False,False,False,False,False,False,False,False
4292,512347,AVLP153,AVLP153_L,False,False,False,False,False,False,False,False
4293,512351,GNG490,GNG490_L,False,False,False,False,False,False,False,False
4294,512390,LAL113,LAL113_R,False,False,False,False,False,False,False,False
4295,512415,PVLP123,PVLP123_L,False,False,False,False,False,False,False,False
4296,512416,CB2108,CB2108_L,False,False,False,False,False,False,False,False
4297,512456,GNG555,GNG555_R,False,False,False,False,False,False,False,False
4298,512504,CL099,CL099_L,False,False,False,False,False,False,False,False
4299,512530,AN17B002,AN17B002_R,False,False,False,False,False,False,False,False
4300,512531,SAD117,SAD117_R,False,False,False,False,False,False,False,False
4301,512534,CB1852,CB1852_L,False,False,False,False,False,False,False,False
4302,512541,CB3552,CB3552_L,False,False,False,False,False,False,False,False
4303,512575,ALON3,ALON3_R,False,False,False,False,False,False,False,False
4304,512581,SMP702m,SMP702m_L,False,False,False,False,False,False,False,False
4305,512615,CB1078,CB1078_R,False,False,False,False,False,False,False,False
4306,512617,CB2153,CB2153_L,False,False,False,False,False,False,False,False
4307,512629,JO-CM,JO-CM_R,False,False,False,False,False,False,False,False
4308,512673,CL256,CL256_L,False,False,False,False,False,False,False,False
4309,512688,SAD097,SAD097_L,False,False,False,False,False,False,False,False
4310,512690,GNG516,GNG516_R,False,False,False,False,False,False,False,False
4311,512722,CB0405,CB0405_R,False,False,False,False,False,False,False,False
4312,512723,SIP142m,SIP142m_L,False,False,False,False,False,False,False,False
4313,512734,SMP081,SMP081_L,False,False,False,False,False,False,False,False
4314,512782,AN06B039,AN06B039_L,False,False,False,False,False,False,False,False
4315,512821,CB4248,CB4175_L,False,False,False,False,False,False,False,False
4316,512823,mAL_m5a,mAL_m5a_R,False,False,False,False,False,False,False,False
4317,512824,mAL_m1,mAL_m1_L,False,False,False,False,False,False,False,False
4318,512841,SMP109,SMP109_L,False,False,False,False,False,False,False,False
4319,512842,CL029_b,CL029_b_L,False,False,False,False,False,False,False,False
4320,512861,GNG527,GNG527_L,False,False,False,False,False,False,False,False
4321,512862,AVLP059,AVLP059_L,False,False,False,False,False,False,False,False
4322,512881,GNG541,GNG541_L,False,False,False,False,False,False,False,False
4323,512903,AVLP545,AVLP545_R,False,False,False,False,False,False,False,False
4324,512922,SIP143m,SIP143m_R,False,False,False,False,False,False,False,False
4325,512931,CB2855,CB2855_L,False,False,False,False,False,False,False,False
4326,512975,JO-A3,JO-A3_L,True,False,False,False,False,False,False,False
4327,513029,PVLP204m,PVLP204m_L,False,False,False,False,False,False,False,False
4328,513041,SIP124m,SIP124m_L,False,False,False,False,False,False,False,False
4329,513042,mAL_m1,mAL_m1_R,False,False,False,False,False,False,False,False
4330,513052,DNg15,DNg15_R,False,False,False,False,False,False,False,False
4331,513055,AN08B059,AN08B059_L,False,False,False,False,False,False,False,False
4332,513057,DNge046,DNge046_L,False,False,False,False,False,False,False,False
4333,513095,AVLP107,AVLP107_L,False,False,False,False,False,False,False,False
4334,513096,,,False,False,False,False,False,False,False,False
4335,513100,PS146,PS146_L,False,False,False,False,False,False,False,False
4336,513102,VES206m,VES206m_L,False,False,False,False,False,False,False,False
4337,513114,AN01A055,AN01A055_R,False,False,False,False,False,False,False,False
4338,513117,CB2281,CB2281_L,False,False,False,False,False,False,False,False
4339,513125,CB3302,CB3302_R,False,False,False,False,False,False,False,False
4340,513127,SIP122m,SIP122m_L,False,False,False,False,False,False,False,False
4341,513129,pC1_8b,pC1_8b_L,False,True,False,False,False,True,False,False
4342,513132,AVLP300_a,AVLP300_a_L,False,False,False,False,False,False,False,False
4343,513134,ANXXX152,ANXXX152_L,False,False,False,False,False,False,False,False
4344,513149,AVLP109,AVLP109_L,False,False,False,False,False,False,False,False
4345,513163,VES007,VES007_R,False,False,False,False,False,False,False,False
4346,513184,AVLP036,AVLP036_L,False,False,False,False,False,False,False,False
4347,513222,SAD110,SAD110_L,False,False,False,False,False,False,False,False
4348,513233,VES048,VES048_L,False,False,False,False,False,False,False,False
4349,513235,AN00A006,AN00A006_M,False,False,False,False,False,False,False,False
4350,513286,,22507_R,False,False,False,False,False,False,False,False
4351,513287,BM_Vib,BM_Vib_R,False,False,False,False,False,False,False,False
4352,513312,mAL_m5b,mAL_m5b_R,False,False,False,False,False,False,False,False
4353,513313,mAL_m8,mAL_m8_R,False,False,False,False,False,False,False,False
4354,513344,AVLP728m,AVLP728m_L,False,False,False,False,False,False,False,False
4355,513360,AVLP423,AVLP423_L,False,False,False,False,False,False,False,False
4356,513413,AVLP732m,AVLP732m_R,False,False,False,False,False,False,False,False
4357,513415,PVLP210m,PVLP210m_L,False,False,False,False,False,False,False,False
4358,513421,SMP041,SMP041_L,False,False,False,False,False,False,False,False
4359,513433,AVLP160,AVLP160_L,False,False,False,False,False,False,False,False
4360,513434,IB092,IB092_L,False,False,False,False,False,False,False,False
4361,513473,GNG581,GNG581_L,False,False,False,False,False,False,False,False
4362,513483,CB2431,CB2431_L,False,False,False,False,False,False,False,False
4363,513484,WED025,WED025_L,False,False,False,False,False,False,False,False
4364,513499,GNG114,GNG114_L,False,False,False,False,False,False,False,False
4365,513506,CB2659,CB2659_L,False,False,False,False,False,False,False,False
4366,513507,AVLP189_b,AVLP189_b_L,False,False,False,False,False,False,False,False
4367,513515,WED118,WED118_L,False,False,False,False,False,False,False,False
4368,513516,,,False,False,False,False,False,False,False,False
4369,513550,PS106,PS106_R,False,False,False,False,False,False,False,False
4370,513554,AVLP451,AVLP451_R,False,False,False,False,False,False,False,False
4371,513565,GNG284,GNG284_R,False,False,False,False,False,False,False,False
4372,513575,PVLP203m,PVLP203m_L,False,False,False,False,False,False,False,False
4373,513636,GNG495,GNG495_R,False,False,False,False,False,False,False,False
4374,513650,pC1_12a,pC1_12a_L,False,True,False,False,False,True,False,False
4375,513651,pC1_7b,pC1_7b_L,False,True,False,False,False,True,False,False
4376,513652,pC1_7b,pC1_7b_L,False,True,False,False,False,True,False,False
4377,513681,SAD104,SAD104_L,False,False,False,False,False,False,False,False
4378,513691,LAL026_a,LAL026_a_R,False,False,False,False,False,False,False,False
4379,513696,AVLP411,AVLP411_L,False,False,False,False,False,False,False,False
4380,513698,AN08B032,AN08B032_R,False,False,False,False,False,False,False,False
4381,513706,CB4116,CB4116_L,False,False,False,False,False,False,False,False
4382,513709,CB4118,CB4118_L,False,False,False,False,False,False,False,False
4383,513710,LoVC25,LoVC25_L,False,False,False,False,False,False,False,False
4384,513764,LAL028,LAL028_R,False,False,False,False,False,False,False,False
4385,513767,AVLP220,AVLP220_L,False,False,False,False,False,False,False,False
4386,513768,AVLP529,AVLP529_L,False,False,False,False,False,False,False,False
4387,513782,WED127,WED127_L,False,False,False,False,False,False,False,False
4388,513783,DNg01_d,DNg01_d_R,False,False,False,False,False,False,False,False
4389,513785,WED055_b,WED055_b_L,False,False,False,False,False,False,False,False
4390,513816,aSP10C_a,aSP10C_a_L,False,False,False,False,False,False,False,False
4391,513817,aSP10A_a,aSP10A_a_L,False,False,False,False,False,False,False,False
4392,513842,CB4118,CB4118_L,False,False,False,False,False,False,False,False
4393,513864,PS202,PS202_L,False,False,False,False,False,False,False,False
4394,513886,AVLP297,AVLP297_L,False,False,False,False,False,False,False,False
4395,513887,CB1565,CB1565_L,False,False,False,False,False,False,False,False
4396,513888,LAL029_a,LAL029_a_L,False,False,False,False,False,False,False,False
4397,513889,LAL203,LAL203_L,False,False,False,False,False,False,False,False
4398,513904,SAD049,SAD049_L,False,False,False,False,False,False,False,False
4399,513906,ANXXX404,ANXXX404_R,False,False,False,False,False,False,False,False
4400,513933,AN08B084,AN08B084_R,False,False,False,False,False,False,False,False
4401,513934,CL122_b,CL122_b_R,False,False,False,False,False,False,False,False
4402,513970,GNG423,GNG423_R,False,False,False,False,False,False,False,False
4403,513985,GNG560,GNG560_L,False,False,False,False,False,False,False,False
4404,514018,CB2458,CB2458_R,False,False,False,False,False,False,False,False
4405,514020,AN08B018,AN08B018_f_R,False,False,False,False,False,False,False,False
4406,514077,pC1_11b,pC1_11b_L,False,True,False,False,False,True,False,False
4407,514139,SAD021_a,SAD021_a_L,False,False,False,False,False,False,False,False
4408,514185,WED063_b,WED063_b_L,False,False,False,False,False,False,False,False
4409,514187,PVLP033,PVLP033_L,False,False,False,False,False,False,False,False
4410,514197,DNge032,DNge032_R,False,False,False,False,False,False,False,False
4411,514250,AVLP190,AVLP190_L,False,False,False,False,False,False,False,False
4412,514251,AVLP444,AVLP444_L,False,False,False,False,False,False,False,False
4413,514258,CB1287_c,CB1287_c_L,False,False,False,False,False,False,False,False
4414,514283,AVLP372,AVLP372_L,False,False,False,False,False,False,False,False
4415,514284,,,False,False,False,False,False,False,False,False
4416,514292,GNG518,GNG518_L,False,False,False,False,False,False,False,False
4417,514310,CB0297,CB0297_L,False,False,False,False,False,False,False,False
4418,514344,PLP217,PLP217_L,False,False,False,False,False,False,False,False
4419,514363,PLP007,PLP007_L,False,False,False,False,False,False,False,False
4420,514372,LC18,LC18_L,False,False,False,False,False,False,False,False
4421,514378,SIP141m,SIP141m_L,False,False,False,False,False,False,False,False
4422,514384,AN09B004,AN09B004_c_L,False,False,False,False,False,False,False,False
4423,514394,CL335,CL335_R,False,False,False,False,False,False,False,False
4424,514395,AN19B028,AN19B028_L,False,False,False,False,False,False,False,False
4425,514441,AN00A006,AN00A006(514441)_M,False,False,False,False,False,False,False,False
4426,514442,CL117,CL117_L,False,False,False,False,False,False,False,False
4427,514446,AN17B007,AN17B007_R,False,False,False,False,False,False,False,False
4428,514480,CB1065,CB1065_L,False,False,False,False,False,False,False,False
4429,514481,PVLP123,PVLP123_L,False,False,False,False,False,False,False,False
4430,514510,AVLP299_d,AVLP299_d_R,False,False,False,False,False,False,False,False
4431,514526,CL128a,CL128a_L,False,False,False,False,False,False,False,False
4432,514545,PS034,PS034_R,False,False,False,False,False,False,False,False
4433,514554,SIP103m,SIP103m_L,False,False,False,False,False,False,False,False
4434,514581,CB2377,CB2377_L,False,False,False,False,False,False,False,False
4435,514582,PLP065,PLP065_L,False,False,False,False,False,False,False,False
4436,514591,GNG491,GNG491_L,False,False,False,False,False,False,False,False
4437,514660,AN09B003,AN09B003(18338)_L,False,False,False,False,False,False,False,False
4438,514664,CB3364,CB3364_L,False,False,False,False,False,False,False,False
4439,514670,LPLC2,LPLC2_L,False,False,False,False,False,False,False,False
4440,514680,LH004m,LH004m_L,False,False,False,False,False,False,False,False
4441,514706,AVLP750m,AVLP750m_L,False,False,False,False,False,False,False,False
4442,514711,AVLP168,AVLP168_L,False,False,False,False,False,False,False,False
4443,514712,CB4116,CB4116_L,False,False,False,False,False,False,False,False
4444,514729,CB2286,CB2286_L,False,False,False,False,False,False,False,False
4445,514764,PVLP141,PVLP141_R,False,False,False,False,False,False,False,False
4446,514846,LPLC1,LPLC1_L,False,False,False,False,False,False,False,False
4447,514855,AVLP363,AVLP363_L,False,False,False,False,False,False,False,False
4448,514858,PS106,PS106_L,False,False,False,False,False,False,False,False
4449,514863,AN08B041,AN08B041_L,False,False,False,False,False,False,False,False
4450,514881,AVLP567,AVLP567_L,False,False,False,False,False,False,False,False
4451,514909,vpoEN,vpoEN_L,False,False,False,False,False,False,False,False
4452,514910,CB3245,CB3245_L,False,False,False,False,False,False,False,False
4453,514917,PLP218,PLP218_R,False,False,False,False,False,False,False,False
4454,514922,,,False,False,False,False,False,False,False,False
4455,514948,AVLP287,AVLP287_R,False,False,False,False,False,False,False,False
4456,514952,AN08B041,AN08B041_R,False,False,False,False,False,False,False,False
4457,514967,GNG537,GNG537_L,False,False,False,False,False,False,False,False
4458,514979,CB3673a,CB3673a_L,False,False,False,False,False,False,False,False
4459,514983,SMP093,SMP093_L,False,False,False,False,False,False,False,False
4460,514988,PS059,PS059_L,False,False,False,False,False,False,False,False
4461,515002,AVLP750m,AVLP750m_L,False,False,False,False,False,False,False,False
4462,515019,GNG034,GNG034_L,False,False,False,False,False,False,False,False
4463,515026,AMMC028,AMMC028_R,False,False,False,False,False,False,False,False
4464,515056,aSP10A_b,aSP10A_b_L,False,False,False,False,False,False,False,False
4465,515062,GNG287,GNG287_L,False,False,False,False,False,False,False,False
4466,515145,CB1948,CB1948_L,False,False,False,False,False,False,False,False
4467,515177,AVLP120,AVLP120_L,False,False,False,False,False,False,False,False
4468,515182,CL282,CL282_L,False,False,False,False,False,False,False,False
4469,515210,AVLP283,AVLP283_L,False,False,False,False,False,False,False,False
4470,515219,PLP300m,PLP300m_R,False,False,False,False,False,False,False,False
4471,515249,AN05B099,AN05B099_R,False,False,False,False,False,False,False,False
4472,515254,SIP103m,SIP103m_R,False,False,False,False,False,False,False,False
4473,515275,SIP124m,SIP124m_L,False,False,False,False,False,False,False,False
4474,515276,mAL_m5c,mAL_m5c_R,False,False,False,False,False,False,False,False
4475,515307,AN10B019,AN10B019_R,False,False,False,False,False,False,False,False
4476,515308,GNG554,GNG554_R,False,False,False,False,False,False,False,False
4477,515323,PVLP205m,PVLP205m_L,False,False,False,False,False,False,False,False
4478,515337,CB1557,CB1557_L,False,False,False,False,False,False,False,False
4479,515346,SIP100m,SIP100m_L,False,False,False,False,False,False,False,False
4480,515347,AVLP743m,AVLP743m_L,False,False,False,False,False,False,False,False
4481,515367,AVLP300_b,AVLP300_b_R,False,False,False,False,False,False,False,False
4482,515371,AOTU034,AOTU034_L,False,False,False,False,False,False,False,False
4483,515420,WED092,WED092_L,False,False,False,False,False,False,False,False
4484,515423,CB2342,CB2342_L,False,False,False,False,False,False,False,False
4485,515424,AVLP294,AVLP294_L,False,False,False,False,False,False,False,False
4486,515445,VES204m,VES204m_L,False,False,False,False,False,False,False,False
4487,515538,AVLP732m,AVLP732m_L,False,False,False,False,False,False,False,False
4488,515561,VES200m,VES200m_L,False,False,False,False,False,False,False,False
4489,515578,SLP003,SLP003_L,False,False,False,False,False,False,False,False
4490,515743,SIP116m,SIP116m_L,False,False,False,False,False,False,False,False
4491,515757,SAD036,SAD036_L,False,False,False,False,False,False,False,False
4492,515758,AN05B049_a,AN05B049_a_R,False,False,False,False,False,False,False,False
4493,515785,DNg76,DNg76_L,False,False,False,False,False,False,False,False
4494,515799,LAL029_e,LAL029_e_L,False,False,False,False,False,False,False,False
4495,515803,ALON3,ALON3_L,False,False,False,False,False,False,False,False
4496,515859,VES052,VES052_L,False,False,False,False,False,False,False,False
4497,515900,LC4,LC4_L,False,False,False,False,False,False,False,False
4498,515934,LC18,LC18_L,False,False,False,False,False,False,False,False
4499,515974,LC31a,LC31a_L,False,False,False,False,False,False,False,False
4500,515977,pC1_10b,pC1_10b_R,False,True,False,False,False,True,False,False
4501,515990,AVLP734m,AVLP734m_R,False,False,False,False,False,False,False,False
4502,515991,aSP10C_a,aSP10C_a_R,False,False,False,False,False,False,False,False
4503,515998,,,False,False,False,False,False,False,False,False
4504,516133,AVLP256,AVLP256_L,False,False,False,False,False,False,False,False
4505,516134,AVLP372,AVLP372_L,False,False,False,False,False,False,False,False
4506,516152,PVLP027,PVLP027_L,False,False,False,False,False,False,False,False
4507,516170,DNa13,DNa13(LAL041)_R,False,False,False,False,False,False,False,False
4508,516205,AVLP243,AVLP243_L,False,False,False,False,False,False,False,False
4509,516221,mAL_m8,mAL_m8_R,False,False,False,False,False,False,False,False
4510,516225,AVLP706m,AVLP706m_L,False,False,False,False,False,False,False,False
4511,516228,CB3207,CB3207_L,False,False,False,False,False,False,False,False
4512,516255,AVLP225_b1,AVLP225_b1_L,False,False,False,False,False,False,False,False
4513,516258,,,False,False,False,False,False,False,False,False
4514,516295,AVLP261_b,AVLP261_b_L,False,False,False,False,False,False,False,False
4515,516328,CB4073,CB4073_R,False,False,False,False,False,False,False,False
4516,516334,SAD051_b,SAD051_b_L,False,False,False,False,False,False,False,False
4517,516409,AVLP294,AVLP294_L,False,False,False,False,False,False,False,False
4518,516422,WED031,WED031_L,False,False,False,False,False,False,False,False
4519,516431,AN07B036,AN07B036_L,False,False,False,False,False,False,False,False
4520,516432,CB2769,CB2769_L,False,False,False,False,False,False,False,False
4521,516450,AVLP039,AVLP039_L,False,False,False,False,False,False,False,False
4522,516499,JO-B4_b,JO-B4_b_L,True,False,False,False,False,False,False,False
4523,516500,WED206,WED206_L,False,False,False,False,False,False,False,False
4524,516502,PS183,PS183_L,False,False,False,False,False,False,False,False
4525,516522,pC1_14a,pC1_14a_R,False,True,False,False,False,True,False,False
4526,516565,PS233,PS233_R,False,False,False,False,False,False,False,False
4527,516570,PVLP047,PVLP047_L,False,False,False,False,False,False,False,False
4528,516615,AN17A068,AN17A068_R,False,False,False,False,False,False,False,False
4529,516617,AVLP049,AVLP049_L,False,False,False,False,False,False,False,False
4530,516618,PS199,PS199_L,False,False,False,False,False,False,False,False
4531,516626,PLP064_b,PLP064_b_L,False,False,False,False,False,False,False,False
4532,516652,VES200m,VES200m_L,False,False,False,False,False,False,False,False
4533,516668,AVLP524_b,AVLP524_b_L,False,False,False,False,False,False,False,False
4534,516679,LC18,LC18_L,False,False,False,False,False,False,False,False
4535,516692,VES202m,VES202m_R,False,False,False,False,False,False,False,False
4536,516742,AVLP299_b,AVLP299_b_L,False,False,False,False,False,False,False,False
4537,516819,AN19B051,AN19B051_L,False,False,False,False,False,False,False,False
4538,516820,GNG127,GNG127_L,False,False,False,False,False,False,False,False
4539,516890,GNG463,GNG463_R,False,False,False,False,False,False,False,False
4540,516898,AMMC022,AMMC022_R,False,False,False,False,False,False,False,False
4541,516911,PS230,PS230(PLP242)_L,False,False,False,False,False,False,False,False
4542,516917,AVLP038,AVLP038_L,False,False,False,False,False,False,False,False
4543,516930,DNg81,DNg81_L,False,False,False,False,False,False,False,False
4544,516953,CB3162,CB3162_L,False,False,False,False,False,False,False,False
4545,516954,WED118,WED118_L,False,False,False,False,False,False,False,False
4546,517002,CB2769,CB2769_L,False,False,False,False,False,False,False,False
4547,517098,PVLP217m,PVLP217m_L,False,False,False,False,False,False,False,False
4548,517153,mAL_m8,mAL_m8_L,False,False,False,False,False,False,False,False
4549,517165,CB4176,CB4176_L,False,False,False,False,False,False,False,False
4550,517167,SAD104,SAD104_L,False,False,False,False,False,False,False,False
4551,517178,AVLP734m,AVLP734m_L,False,False,False,False,False,False,False,False
4552,517196,PS138,PS138_L,False,False,False,False,False,False,False,False
4553,517200,WED039,WED039_L,False,False,False,False,False,False,False,False
4554,517229,CB1842,CB1842_L,False,False,False,False,False,False,False,False
4555,517236,GNG567,GNG567_R,False,False,False,False,False,False,False,False
4556,517333,AVLP521,AVLP521_L,False,False,False,False,False,False,False,False
4557,517340,SMP380,SMP380_L,False,False,False,False,False,False,False,False
4558,517354,aSP10B,aSP10B_L,False,False,False,False,False,False,False,False
4559,517368,CB3302,CB3302_L,False,False,False,False,False,False,False,False
4560,517375,AVLP190,AVLP190_L,False,False,False,False,False,False,False,False
4561,517410,,,False,False,False,False,False,False,False,False
4562,517424,SIP123m,SIP123m_L,False,False,False,False,False,False,False,False
4563,517425,CB1165,CB1165_L,False,False,False,False,False,False,False,False
4564,517426,PVLP026,PVLP026_L,False,False,False,False,False,False,False,False
4565,517452,LoVC25,LoVC25_R,False,False,False,False,False,False,False,False
4566,517453,LoVC25,LoVC25_R,False,False,False,False,False,False,False,False
4567,517532,LHPV2i1,LHPV2i1_R,False,False,False,False,False,False,False,False
4568,517600,LPLC1,LPLC1_L,False,False,False,False,False,False,False,False
4569,517630,CB3302,CB3302_R,False,False,False,False,False,False,False,False
4570,517639,aSP10C_b,aSP10C_b_L,False,False,False,False,False,False,False,False
4571,517653,ICL008m,ICL008m_R,False,False,False,False,False,False,False,False
4572,517675,CB4118,CB4118_L,False,False,False,False,False,False,False,False
4573,517677,SIP146m,SIP146m_L,False,False,False,False,False,False,False,False
4574,517702,CB3657,CB3657_L,False,False,False,False,False,False,False,False
4575,517735,pC1_6b,pC1_6b_L,False,True,False,False,False,True,False,False
4576,517736,mAL_m8,mAL_m8_R,False,False,False,False,False,False,False,False
4577,517755,AN08B081,AN08B081_L,False,False,False,False,False,False,False,False
4578,517881,DNg77,DNg77_R,False,False,False,False,False,False,False,False
4579,517936,CB1702,CB1702_L,False,False,False,False,False,False,False,False
4580,517938,CB3207,CB3207_L,False,False,False,False,False,False,False,False
4581,517997,aSP10B,aSP10B_R,False,False,False,False,False,False,False,False
4582,517998,CB1085,CB1085_R,False,False,False,False,False,False,False,False
4583,518012,SIP101m,SIP101m_R,False,False,False,False,False,False,False,False
4584,518013,SIP100m,SIP100m_R,False,False,False,False,False,False,False,False
4585,518016,LC4,LC4_L,False,False,False,False,False,False,False,False
4586,518039,WED055_a,WED055_a_L,False,False,False,False,False,False,False,False
4587,518051,CB1085,CB1085_L,False,False,False,False,False,False,False,False
4588,518052,AVLP166,AVLP166_L,False,False,False,False,False,False,False,False
4589,518078,CB3184,CB3184_R,False,False,False,False,False,False,False,False
4590,518127,LAL027,LAL027_L,False,False,False,False,False,False,False,False
4591,518177,DNp08,DNp08(PS271)_L,False,False,False,False,False,False,False,False
4592,518253,pC1_18b,pC1_18b_L,False,True,False,False,False,True,False,False
4593,518263,,,False,False,False,False,False,False,False,False
4594,518330,ANXXX033,ANXXX033_R,False,False,False,False,False,False,False,False
4595,518363,ICL013m_b,ICL013m_b_L,False,False,False,False,False,False,False,False
4596,518379,SAD021_c,SAD021_c_R,False,False,False,False,False,False,False,False
4597,518426,AN01A086,AN01A086_L,False,False,False,False,False,False,False,False
4598,518468,,,False,False,False,False,False,False,False,False
4599,518563,DNg85,DNg85_L,False,False,False,False,False,False,False,False
4600,518588,LPLC4,LPLC4_L,False,False,False,False,False,False,False,False
4601,518589,pC1_10c,pC1_10c_L,False,True,False,False,False,True,False,False
4602,518673,mAL_m3b,mAL_m3b_R,False,False,False,False,False,False,False,False
4603,518733,AN17B013,AN17B013_R,False,False,False,False,False,False,False,False
4604,518778,AVLP104,AVLP104_L,False,False,False,False,False,False,False,False
4605,518833,CB2321,CB2321_L,False,False,False,False,False,False,False,False
4606,518889,SIP109m,SIP109m_R,False,False,False,False,False,False,False,False
4607,518904,AVLP234,AVLP234_L,False,False,False,False,False,False,False,False
4608,518954,CB4116,CB4116_L,False,False,False,False,False,False,False,False
4609,519097,CB3322,CB3322_L,False,False,False,False,False,False,False,False
4610,519121,aSP10A_b,aSP10A_b_R,False,False,False,False,False,False,False,False
4611,519124,AMMC035,AMMC035_L,False,False,False,False,False,False,False,False
4612,519131,MBON32,MBON32(y2)_R,False,False,False,False,False,False,False,False
4613,519171,CB3581,CB3581_R,False,False,False,False,False,False,False,False
4614,519229,GNG290,GNG290_R,False,False,False,False,False,False,False,False
4615,519230,LAL045,LAL045_L,False,False,False,False,False,False,False,False
4616,519231,PVLP214m,PVLP214m_L,False,False,False,False,False,False,False,False
4617,519260,,,False,False,False,False,False,False,False,False
4618,519277,SAD200m,SAD200m_R,False,False,False,False,False,False,False,False
4619,519296,AVLP477,AVLP477_R,False,False,False,False,False,False,False,False
4620,519300,CL211,CL211_R,False,False,False,False,False,False,False,False
4621,519318,mALB3,mALB3_R,False,False,False,False,False,False,False,False
4622,519325,SIP107m,SIP107m_L,False,False,False,False,False,False,False,False
4623,519337,DNge120,DNge120_R,False,False,False,False,False,False,False,False
4624,519365,VES092,VES092_L,False,False,False,False,False,False,False,False
4625,519387,WED060,WED060_L,False,False,False,False,False,False,False,False
4626,519389,AVLP452,AVLP452_L,False,False,False,False,False,False,False,False
4627,519395,CB3245,CB3245_L,False,False,False,False,False,False,False,False
4628,519398,SMP048,SMP048_L,False,False,False,False,False,False,False,False
4629,519399,PS059,PS059_L,False,False,False,False,False,False,False,False
4630,519410,DNp34,DNp34_R,False,False,False,False,False,False,False,False
4631,519411,CB3024,CB3024_L,False,False,False,False,False,False,False,False
4632,519413,PLP029,PLP029_L,False,False,False,False,False,False,False,False
4633,519414,PS203,PS203_L,False,False,False,False,False,False,False,False
4634,519419,AVLP729m,AVLP729m_L,False,False,False,False,False,False,False,False
4635,519420,WED107,WED107_R,False,False,False,False,False,False,False,False
4636,519421,CL062_a2,CL062_a2_L,False,False,False,False,False,False,False,False
4637,519444,IB092,IB092_R,False,False,False,False,False,False,False,False
4638,519454,WED210,WED210_L,False,False,False,False,False,False,False,False
4639,519456,PLP218,PLP218_L,False,False,False,False,False,False,False,False
4640,519457,CB0758,CB0758_R,False,False,False,False,False,False,False,False
4641,519458,JO-B1_a,JO-B1_a_R,True,False,False,False,False,False,False,False
4642,519501,AVLP543,AVLP543_R,False,False,False,False,False,False,False,False
4643,519514,GNG633,GNG633_R,False,False,False,False,False,False,False,False
4644,519516,AN09B004,AN09B004_a_R,False,False,False,False,False,False,False,False
4645,519517,AVLP749m,AVLP749m_L,False,False,False,False,False,False,False,False
4646,519518,pC1_4a,pC1_4a_L,False,True,False,False,False,True,False,False
4647,519519,AVLP733m,AVLP733m_L,False,False,False,False,False,False,False,False
4648,519531,AVLP433_a,AVLP433_a_L,False,False,False,False,False,False,False,False
4649,519532,PVLP034,PVLP034_L,False,False,False,False,False,False,False,False
4650,519538,DNg24,DNg24_R,False,False,False,False,False,False,False,False
4651,519539,CB0956,CB0956_L,False,False,False,False,False,False,False,False
4652,519593,CB1301,CB1301_R,False,False,False,False,False,False,False,False
4653,519634,AVLP195,AVLP195_L,False,False,False,False,False,False,False,False
4654,519636,WED118,WED118_L,False,False,False,False,False,False,False,False
4655,519655,VES001,VES001_R,False,False,False,False,False,False,False,False
4656,519705,VES104,VES104_R,False,False,False,False,False,False,False,False
4657,519715,DNbe002,DNbe002_L,False,False,False,False,False,False,False,False
4658,519720,LAL184,LAL184_L,False,False,False,False,False,False,False,False
4659,519753,SMP720m,SMP720m_R,False,False,False,False,False,False,False,False
4660,519771,DNp71,DNp71(DNp09)_L,False,False,False,False,False,False,False,False
4661,519773,DNge119,DNge119_R,False,False,False,False,False,False,False,False
4662,519786,CB4072,CB4072_L,False,False,False,False,False,False,False,False
4663,519792,CB1533,CB1533_L,False,False,False,False,False,False,False,False
4664,519862,AVLP029,AVLP029_L,False,False,False,False,False,False,False,False
4665,519872,DNg09_a,DNg09_a_L,False,False,False,False,False,False,False,False
4666,519875,JO-B1_a,JO-B1_a_L,True,False,False,False,False,False,False,False
4667,519877,VES007,VES007_L,False,False,False,False,False,False,False,False
4668,519879,VES089,VES089_R,False,False,False,False,False,False,False,False
4669,519894,PS140,PS140_L,False,False,False,False,False,False,False,False
4670,519896,DNa06,DNa06(PS039)_L,False,False,False,False,False,False,False,False
4671,519902,mAL_m5a,mAL_m5a_L,False,False,False,False,False,False,False,False
4672,519903,mAL_m1,mAL_m1_L,False,False,False,False,False,False,False,False
4673,519904,mAL_m5b,mAL_m5b_L,False,False,False,False,False,False,False,False
4674,519906,mAL_m4,mAL_m4_L,False,False,False,False,False,False,False,False
4675,519907,mAL_m9,mAL_m9_L,False,False,False,False,False,False,False,False
4676,519908,SIP116m,SIP116m_L,False,False,False,False,False,False,False,False
4677,519909,AVLP018,AVLP018_L,False,False,False,False,False,False,False,False
4678,519914,pC1_1a,pC1_1a_L,False,True,False,False,False,True,False,False
4679,519916,AVLP309,AVLP309_L,False,False,False,False,False,False,False,False
4680,519917,AOTU100m,AOTU100m_L,False,False,False,False,False,False,False,False
4681,519920,AVLP152,AVLP152_L,False,False,False,False,False,False,False,False
4682,519922,AVLP431,AVLP431_L,False,False,False,False,False,False,False,False
4683,519939,mAL_m8,mAL_m8_L,False,False,False,False,False,False,False,False
4684,519974,AVLP176_b,AVLP176_b_L,False,False,False,False,False,False,False,False
4685,519982,VES071,VES071_L,False,False,False,False,False,False,False,False
4686,519983,AN10B026,AN10B026_R,False,False,False,False,False,False,False,False
4687,519986,PVLP007,PVLP007_L,False,False,False,False,False,False,False,False
4688,520020,AVLP717m,AVLP717m_L,False,False,False,False,False,False,False,False
4689,520022,SIP145m,SIP145m_L,False,False,False,False,False,False,False,False
4690,520024,AVLP281,AVLP281_L,False,False,False,False,False,False,False,False
4691,520028,AVLP308,AVLP308_L,False,False,False,False,False,False,False,False
4692,520029,PVLP208m,PVLP208m_L,False,False,False,False,False,False,False,False
4693,520030,AVLP719m,AVLP719m_L,False,False,False,False,False,False,False,False
4694,520031,PVLP209m,PVLP209m_L,False,False,False,False,False,False,False,False
4695,520032,AVLP455,AVLP455_L,False,False,False,False,False,False,False,False
4696,520034,AVLP082,AVLP082_L,False,False,False,False,False,False,False,False
4697,520035,AVLP378,AVLP378_L,False,False,False,False,False,False,False,False
4698,520039,SMP493,SMP493_L,False,False,False,False,False,False,False,False
4699,520086,mAL_m5b,mAL_m5b_L,False,False,False,False,False,False,False,False
4700,520088,mAL_m7,mAL_m7_L,False,False,False,False,False,False,False,False
4701,520090,mAL_m2b,mAL_m2b_L,False,False,False,False,False,False,False,False
4702,520117,GNG562,GNG562_L,False,False,False,False,False,False,False,False
4703,520118,DNge148,DNge148_L,False,False,False,False,False,False,False,False
4704,520119,mALD3,mALD3_R,False,False,False,False,False,False,False,False
4705,520122,GNG282,GNG282_L,False,False,False,False,False,False,False,False
4706,520143,ANXXX116,ANXXX116(520143)_L,False,False,False,False,False,False,False,False
4707,520146,SIP106m,SIP106m_L,False,False,False,False,False,False,False,False
4708,520177,AN05B097,AN05B097_L,False,False,False,False,False,False,False,False
4709,520188,AVLP610,AVLP610(hb1416796844)_L,False,False,False,False,False,False,False,False
4710,520189,JO-A3,JO-A3_L,True,False,False,False,False,False,False,False
4711,520190,AVLP615,AVLP615_L,False,False,False,False,False,False,False,False
4712,520194,PS304,PS304_R,False,False,False,False,False,False,False,False
4713,520195,AN05B023d,AN05B023d_R,False,False,False,False,False,False,False,False
4714,520197,VES200m,VES200m_R,False,False,False,False,False,False,False,False
4715,520198,ICL013m_b,ICL013m_b_R,False,False,False,False,False,False,False,False
4716,520222,CB1958,CB1958_L,False,False,False,False,False,False,False,False
4717,520233,PLP150,PLP150_L,False,False,False,False,False,False,False,False
4718,520300,DNg75,DNg75(hb1874217622)_R,False,False,False,False,False,False,False,False
4719,520337,CRE074,CRE074_L,False,False,False,False,False,False,False,False
4720,520340,WED031,WED031_L,False,False,False,False,False,False,False,False
4721,520386,ANXXX108,ANXXX108_L,False,False,False,False,False,False,False,False
4722,520388,PS010,PS010_L,False,False,False,False,False,False,False,False
4723,520389,CL067,CL067_L,False,False,False,False,False,False,False,False
4724,520401,AVLP591,AVLP591_L,False,False,False,False,False,False,False,False
4725,520409,CL268,CL268_L,False,False,False,False,False,False,False,False
4726,520432,AVLP722m,AVLP722m_L,False,False,False,False,False,False,False,False
4727,520445,aSP10C_a,aSP10C_a_R,False,False,False,False,False,False,False,False
4728,520468,ExR3,ExR3_R,False,False,False,False,False,False,False,False
4729,520488,AVLP202,AVLP202_L,False,False,False,False,False,False,False,False
4730,520516,PVLP080_a,PVLP080_a_L,False,False,False,False,False,False,False,False
4731,520529,LHPV5l1,LHPV5l1_L,False,False,False,False,False,False,False,False
4732,520530,ATL044,ATL044_L,False,False,False,False,False,False,False,False
4733,520576,PVLP080_a,PVLP080_a_L,False,False,False,False,False,False,False,False
4734,520580,SMP157,SMP157_R,False,False,False,False,False,False,False,False
4735,520590,AVLP433_b,AVLP433_b_L,False,False,False,False,False,False,False,False
4736,520591,CL176,CL176_L,False,False,False,False,False,False,False,False
4737,520604,PLP150,PLP150_L,False,False,False,False,False,False,False,False
4738,520606,PVLP014,PVLP014_L,False,False,False,False,False,False,False,False
4739,520621,FLA016,FLA016_L,False,False,False,False,False,False,False,False
4740,520628,CB0591,CB0591_R,False,False,False,False,False,False,False,False
4741,520642,LAL167,LAL167_L,False,False,False,False,False,False,False,False
4742,520643,DNp46,DNp46(CL206)_L,False,False,False,False,False,False,False,False
4743,520651,AVLP730m,AVLP730m_L,False,False,False,False,False,False,False,False
4744,520655,WED208,WED208_L,False,False,False,False,False,False,False,False
4745,520656,WED201,WED201_L,False,False,False,False,False,False,False,False
4746,520657,JO-B4_b,JO-B4_b_L,True,False,False,False,False,False,False,False
4747,520753,AVLP603,AVLP603_M,False,False,False,False,False,False,False,False
4748,520754,AN08B081,AN08B081_R,False,False,False,False,False,False,False,False
4749,520775,FLA002m,FLA002m_L,False,False,False,False,False,False,False,False
4750,520789,AVLP613,AVLP613_L,False,False,False,False,False,False,False,False
4751,520791,CB2545,CB2545_R,False,False,False,False,False,False,False,False
4752,520792,WED104,WED104_L,False,False,False,False,False,False,False,False
4753,520815,FLA017,FLA017_L,False,False,False,False,False,False,False,False
4754,520816,GNG298,GNG298_M,False,False,False,False,False,False,False,False
4755,520862,GNG031,GNG031_R,False,False,False,False,False,False,False,False
4756,520889,aIPg_m1,aIPg_m1_L,False,False,False,False,False,False,False,False
4757,520891,SMP092,SMP092_R,False,False,False,False,False,False,False,False
4758,520898,DNb04,DNb04_L,False,False,False,False,False,False,False,False
4759,521018,CL274,CL274_L,False,False,False,False,False,False,False,False
4760,521023,PS234,PS234_L,False,False,False,False,False,False,False,False
4761,521025,CB3746,CB3746_L,False,False,False,False,False,False,False,False
4762,521059,PLP019,PLP019_L,False,False,False,False,False,False,False,False
4763,521061,WED075,WED075_L,False,False,False,False,False,False,False,False
4764,521122,WED071,WED071_L,False,False,False,False,False,False,False,False
4765,521126,CL248,CL248_L,False,False,False,False,False,False,False,False
4766,521127,ICL003m,ICL003m_L,False,False,False,False,False,False,False,False
4767,521149,SAD200m,SAD200m_L,False,False,False,False,False,False,False,False
4768,521152,AN05B103,AN05B103_L,False,False,False,False,False,False,False,False
4769,521190,DNae007,DNae007(VES009)_L,False,False,False,False,False,False,False,False
4770,521191,VES005,VES005_L,False,False,False,False,False,False,False,False
4771,521197,DNp56,DNp56(VES055)_R,False,False,False,False,False,False,False,False
4772,521208,SAD044,SAD044_R,False,False,False,False,False,False,False,False
4773,521210,PLP017,PLP017_R,False,False,False,False,False,False,False,False
4774,521213,AVLP046,AVLP046_L,False,False,False,False,False,False,False,False
4775,521217,AVLP749m,AVLP749m_L,False,False,False,False,False,False,False,False
4776,521219,CB0316,CB0316_L,False,False,False,False,False,False,False,False
4777,521227,SLP209,SLP209_L,False,False,False,False,False,False,False,False
4778,521236,GNG144,GNG144_R,False,False,False,False,False,False,False,False
4779,521258,GNG361,GNG361_L,False,False,False,False,False,False,False,False
4780,521262,DNae002,DNae002(DNa04)_R,False,False,False,False,False,False,False,False
4781,521297,GNG149,GNG149_R,False,False,False,False,False,False,False,False
4782,521298,DNge130,DNge130_R,False,False,False,False,False,False,False,False
4783,521306,GNG150,GNG150_L,False,False,False,False,False,False,False,False
4784,521316,GNG113,GNG113_R,False,False,False,False,False,False,False,False
4785,521323,AVLP490,AVLP490_L,False,False,False,False,False,False,False,False
4786,521325,AVLP155_b,AVLP155_b_L,False,False,False,False,False,False,False,False
4787,521326,AVLP259,AVLP259_L,False,False,False,False,False,False,False,False
4788,521352,SMP048,SMP048_R,False,False,False,False,False,False,False,False
4789,521358,SAD093,SAD093_L,False,False,False,False,False,False,False,False
4790,521375,PVLP016,PVLP016_R,False,False,False,False,False,False,False,False
4791,521377,DNpe024,DNpe024(CL325)_R,False,False,False,False,False,False,False,False
4792,521404,CB0930,CB0930_R,False,False,False,False,False,False,False,False
4793,521414,PS269,PS269_L,False,False,False,False,False,False,False,False
4794,521443,BM,BM_L,False,False,False,False,False,False,False,False
4795,521448,CL157,CL157_L,False,False,False,False,False,False,False,False
4796,521449,vpoIN,vpoIN_L,False,False,False,False,False,False,False,False
4797,521450,AVLP739m,AVLP739m_L,False,False,False,False,False,False,False,False
4798,521453,pC1_6a,pC1_6a_L,False,True,False,False,False,True,False,False
4799,521457,CB2286,CB2286_L,False,False,False,False,False,False,False,False
4800,521459,CB2646,CB2646_L,False,False,False,False,False,False,False,False
4801,521490,AVLP721m,AVLP721m_L,False,False,False,False,False,False,False,False
4802,521493,AVLP203_a,AVLP203_a_L,False,False,False,False,False,False,False,False
4803,521551,GNG563,GNG563_L,False,False,False,False,False,False,False,False
4804,521577,AVLP732m,AVLP732m_L,False,False,False,False,False,False,False,False
4805,521580,AVLP729m,AVLP729m_L,False,False,False,False,False,False,False,False
4806,521594,AOTU050,AOTU050_R,False,False,False,False,False,False,False,False
4807,521597,AVLP749m,AVLP749m_L,False,False,False,False,False,False,False,False
4808,521624,DNpe023,DNpe023(LAL201)_R,False,False,False,False,False,False,False,False
4809,521627,LC31b,LC31b_L,False,False,False,False,False,False,False,False
4810,521628,JO-A2,JO-A2_L,True,False,False,False,False,False,False,False
4811,521649,CL078_c,CL078_c_L,False,False,False,False,False,False,False,False
4812,521652,AVLP235,AVLP235_L,False,False,False,False,False,False,False,False
4813,521662,GNG670,GNG670_L,False,False,False,False,False,False,False,False
4814,521664,AVLP264,AVLP264_L,False,False,False,False,False,False,False,False
4815,521666,WED092,WED092_L,False,False,False,False,False,False,False,False
4816,521668,CB2491,CB2491_L,False,False,False,False,False,False,False,False
4817,521669,WED093,WED093_L,False,False,False,False,False,False,False,False
4818,521671,SIP123m,SIP123m_L,False,False,False,False,False,False,False,False
4819,521675,AN05B006,AN05B006_R,False,False,False,False,False,False,False,False
4820,521682,AVLP170,AVLP170_L,False,False,False,False,False,False,False,False
4821,521687,AVLP477,AVLP477_L,False,False,False,False,False,False,False,False
4822,521688,AVLP600,AVLP600_L,False,False,False,False,False,False,False,False
4823,521690,AVLP302,AVLP302_L,False,False,False,False,False,False,False,False
4824,521693,PVLP122,PVLP122_L,False,False,False,False,False,False,False,False
4825,521694,,,False,False,False,False,False,False,False,False
4826,521707,aSP10B,aSP10B_L,False,False,False,False,False,False,False,False
4827,521708,aSP10A_b,aSP10A_b_L,False,False,False,False,False,False,False,False
4828,521713,AVLP164,AVLP164_L,False,False,False,False,False,False,False,False
4829,521734,PVLP005,PVLP005_L,False,False,False,False,False,False,False,False
4830,521736,SMP709m,SMP709m_L,False,False,False,False,False,False,False,False
4831,521761,CL022_a,CL022_a_R,False,False,False,False,False,False,False,False
4832,521763,CL339,CL339_R,False,False,False,False,False,False,False,False
4833,521764,PVLP206m,PVLP206m_L,False,False,False,False,False,False,False,False
4834,521768,WED111,WED111_L,False,False,False,False,False,False,False,False
4835,521770,AN09B031,AN09B031_R,False,False,False,False,False,False,False,False
4836,521783,AVLP712m,AVLP712m_L,False,False,False,False,False,False,False,False
4837,521784,aSP10C_b,aSP10C_b_L,False,False,False,False,False,False,False,False
4838,521972,VES200m,VES200m_R,False,False,False,False,False,False,False,False
4839,521977,SIP100m,SIP100m_L,False,False,False,False,False,False,False,False
4840,521981,SIP102m,SIP102m_R,False,False,False,False,False,False,False,False
4841,521988,CB3404,CB3404_R,False,False,False,False,False,False,False,False
4842,522302,SAD051_a,SAD051_a_L,False,True,False,True,False,False,False,False
4843,522305,JO-B1_a,JO-B1_a_L,True,False,False,False,False,False,False,False
4844,522306,JO-B1_a,JO-B1_a_L,True,False,False,False,False,False,False,False
4845,522310,ANXXX027,ANXXX027_R,False,False,False,False,False,False,False,False
4846,522311,GNG516,GNG516_L,False,False,False,False,False,False,False,False
4847,522325,CL264,CL264_R,False,False,False,False,False,False,False,False
4848,522344,AVLP746m,AVLP746m_L,False,False,False,False,False,False,False,False
4849,522345,DNpe037,DNpe037(CL338)_L,False,False,False,False,False,False,False,False
4850,522346,PVLP013,PVLP013_L,False,False,False,False,False,False,False,False
4851,522348,AVLP744m,AVLP744m_L,False,False,False,False,False,False,False,False
4852,522352,GNG636,GNG636_L,False,False,False,False,False,False,False,False
4853,522355,AN08B007,AN08B007_R,False,False,False,False,False,False,False,False
4854,522357,WED001,WED001_L,False,False,False,False,False,False,False,False
4855,522405,PVLP106,PVLP106_R,False,False,False,False,False,False,False,False
4856,522407,mAL_m11,mAL_m11_L,False,False,False,False,False,False,False,False
4857,522409,CB1955,CB1955_L,False,False,False,False,False,False,False,False
4858,522410,AVLP532,AVLP532_L,False,False,False,False,False,False,False,False
4859,522419,pC1_4a,pC1_4a_L,False,True,False,False,False,True,False,False
4860,522432,DNp56,DNp56(VES055)_L,False,False,False,False,False,False,False,False
4861,522433,SAD047,SAD047_L,False,False,False,False,False,False,False,False
4862,522434,VES012,VES012_L,False,False,False,False,False,False,False,False
4863,522436,VES200m,VES200m_L,False,False,False,False,False,False,False,False
4864,522443,PS002,PS002_R,False,False,False,False,False,False,False,False
4865,522465,SMP593,SMP593_L,False,False,False,False,False,False,False,False
4866,522702,GNG182,GNG182_L,False,False,False,False,False,False,False,False
4867,522709,CB1652,CB1652_L,False,False,False,False,False,False,False,False
4868,522750,mAL_m11,mAL_m11_R,False,False,False,False,False,False,False,False
4869,522763,PLP004,PLP004_L,False,False,False,False,False,False,False,False
4870,522807,LAL134,LAL134_R,False,False,False,False,False,False,False,False
4871,522813,CB1565,CB1565_R,False,False,False,False,False,False,False,False
4872,522822,AN17A076,AN17A076_L,False,False,False,False,False,False,False,False
4873,522824,VES200m,VES200m_R,False,False,False,False,False,False,False,False
4874,522840,,,False,False,False,False,False,False,False,False
4875,522848,,,False,False,False,False,False,False,False,False
4876,522849,CB3384,CB3384_R,False,False,False,False,False,False,False,False
4877,522857,AVLP201,AVLP201_R,False,False,False,False,False,False,False,False
4878,522865,WED117,WED117_R,False,False,False,False,False,False,False,False
4879,522916,AVLP526,AVLP526_L,False,False,False,False,False,False,False,False
4880,522918,AN06B039,AN06B039_R,False,False,False,False,False,False,False,False
4881,522961,DNp47,DNp47(PS293)_L,False,False,False,False,False,False,False,False
4882,522967,CL158,CL158_L,False,False,False,False,False,False,False,False
4883,523015,PS181,PS181_L,False,False,False,False,False,False,False,False
4884,523016,WED012,WED012_L,False,False,False,False,False,False,False,False
4885,523017,CB0214,CB0214_L,False,False,False,False,False,False,False,False
4886,523020,WED101,WED101_L,False,False,False,False,False,False,False,False
4887,523022,CL032,CL032_L,False,False,False,False,False,False,False,False
4888,523040,GNG108,GNG108_L,False,False,False,False,False,False,False,False
4889,523049,CB4247,CB4247_R,False,False,False,False,False,False,False,False
4890,523062,MeVP26,MeVP26_R,False,False,False,False,False,False,False,False
4891,523329,DNa10,DNa10_L,False,False,False,False,False,False,False,False
4892,523347,AVLP299_d,AVLP299_d_L,False,False,False,False,False,False,False,False
4893,523373,AN09B012,AN09B012(14085)_R,False,False,False,False,False,False,False,False
4894,523385,CL065,CL065_L,False,False,False,False,False,False,False,False
4895,523392,GNG295,GNG295_M,False,False,False,False,False,False,False,False
4896,523430,AVLP412,AVLP412_L,False,False,False,False,False,False,False,False
4897,523432,AVLP103,AVLP103_L,False,False,False,False,False,False,False,False
4898,523434,AVLP126,AVLP126_L,False,False,False,False,False,False,False,False
4899,523436,WED072,WED072_R,False,False,False,False,False,False,False,False
4900,523438,SAD112_b,SAD112_b_R,False,False,False,False,False,False,False,False
4901,523446,PS115,PS115_R,False,False,False,False,False,False,False,False
4902,523473,SAD094,SAD094_R,False,False,False,False,False,False,False,False
4903,523476,CB4173,CB4173_L,False,False,False,False,False,False,False,False
4904,523482,GNG633,GNG633_R,False,False,False,False,False,False,False,False
4905,523503,AVLP179,AVLP179_R,False,False,False,False,False,False,False,False
4906,523512,AVLP538,AVLP538_L,False,False,False,False,False,False,False,False
4907,523515,ANXXX250,ANXXX250_L,False,False,False,False,False,False,False,False
4908,523528,PVLP014,PVLP014_R,False,False,False,False,False,False,False,False
4909,523530,CB2373,CB2373_R,False,False,False,False,False,False,False,False
4910,523536,CB1190,CB1190_L,False,False,False,False,False,False,False,False
4911,523537,AVLP115,AVLP115_L,False,False,False,False,False,False,False,False
4912,523539,ANXXX027,ANXXX027(14994)_L,False,False,False,False,False,False,False,False
4913,523560,CB3879,CB3879_L,False,False,False,False,False,False,False,False
4914,523561,SIP133m,SIP133m_L,False,False,False,False,False,False,False,False
4915,523564,PVLP011,PVLP011_L,False,False,False,False,False,False,False,False
4916,523581,AVLP399,AVLP399_L,False,False,False,False,False,False,False,False
4917,523602,AN05B096,AN05B096_R,False,False,False,False,False,False,False,False
4918,523624,PVLP018,PVLP018_L,False,False,False,False,False,False,False,False
4919,523632,GNG700m,GNG700m_R,False,False,False,False,False,False,False,False
4920,523640,AMMC013,AMMC013_L,False,False,False,False,False,False,False,False
4921,523641,CB3024,CB3024_L,False,False,False,False,False,False,False,False
4922,523643,CB0307,CB0307_R,False,False,False,False,False,False,False,False
4923,523644,SAD072,SAD072_L,False,False,False,False,False,False,False,False
4924,523645,CB1065,CB1065_L,False,False,False,False,False,False,False,False
4925,523648,AVLP718m,AVLP718m_L,False,False,False,False,False,False,False,False
4926,523672,AVLP078,AVLP078_R,False,False,False,False,False,False,False,False
4927,523769,DNa02,DNa02_L,False,False,False,False,False,False,False,False
4928,523773,DNg52,DNg52_L,False,False,False,False,False,False,False,False
4929,523808,VES099,VES099_R,False,False,False,False,False,False,False,False
4930,523809,WED166_a,WED166_a_R,False,False,False,False,False,False,False,False
4931,523818,MeVP17,MeVP17_L,False,False,False,False,False,False,False,False
4932,523821,PS065,PS065_R,False,False,False,False,False,False,False,False
4933,523833,AVLP436,AVLP436_L,False,False,False,False,False,False,False,False
4934,523834,mAL_m5c,mAL_m5c_R,False,False,False,False,False,False,False,False
4935,523839,AN08B026,AN08B026_L,False,False,False,False,False,False,False,False
4936,523842,AVLP449,AVLP449_L,False,False,False,False,False,False,False,False
4937,523843,AN19A018,AN19A018(14863)_L,False,False,False,False,False,False,False,False
4938,523858,WED109,WED109_R,False,False,False,False,False,False,False,False
4939,523860,AVLP509,AVLP509_L,False,False,False,False,False,False,False,False
4940,523874,CB3673a,CB3673a_R,False,False,False,False,False,False,False,False
4941,523875,CB0397,CB0397_R,False,False,False,False,False,False,False,False
4942,523894,AVLP526,AVLP526_L,False,False,False,False,False,False,False,False
4943,523921,PVLP122,PVLP122_R,False,False,False,False,False,False,False,False
4944,523938,WED119,WED119_R,False,False,False,False,False,False,False,False
4945,523939,CB2050,CB2050_L,False,False,False,False,False,False,False,False
4946,523994,GNG361,GNG361_L,False,False,False,False,False,False,False,False
4947,523998,pIP10,pIP10_L,False,False,True,False,False,False,True,False
4948,524005,LAL026_b,LAL026_b_L,False,False,False,False,False,False,False,False
4949,524007,AOTU032,AOTU032_L,False,False,False,False,False,False,False,False
4950,524018,CB2374,CB2374_R,False,False,False,False,False,False,False,False
4951,524056,AVLP304,AVLP304_L,False,False,False,False,False,False,False,False
4952,524065,AVLP055,AVLP055_L,False,False,False,False,False,False,False,False
4953,524081,PS138,PS138_R,False,False,False,False,False,False,False,False
4954,524089,LPLC4,LPLC4_L,False,False,False,False,False,False,False,False
4955,524123,SIP140m,SIP140m_L,False,False,False,False,False,False,False,False
4956,524133,AVLP031,AVLP031_L,False,False,False,False,False,False,False,False
4957,524134,CB2453,CB2453_L,False,False,False,False,False,False,False,False
4958,524136,IB118,IB118_R,False,False,False,False,False,False,False,False
4959,524138,SAD111,SAD111_L,False,False,False,False,False,False,False,False
4960,524139,CB3404,CB3404_L,False,False,False,False,False,False,False,False
4961,524152,WED182,WED182_R,False,False,False,False,False,False,False,False
4962,524156,ANXXX084,ANXXX084_L,False,False,False,False,False,False,False,False
4963,524161,,,False,False,False,False,False,False,False,False
4964,524162,SAD023,SAD023_L,False,False,False,False,False,False,False,False
4965,524212,mAL_m1,mAL_m1_R,False,False,False,False,False,False,False,False
4966,524225,DNg14,DNg14_L,False,False,False,False,False,False,False,False
4967,524226,mAL_m9,mAL_m9_R,False,False,False,False,False,False,False,False
4968,524227,CB0391,CB0391_L,False,False,False,False,False,False,False,False
4969,524245,AN09B014,AN09B014_R,False,False,False,False,False,False,False,False
4970,524246,CB2321,CB2321_L,False,False,False,False,False,False,False,False
4971,524274,aSP10A_b,aSP10A_b_R,False,False,False,False,False,False,False,False
4972,524284,ALIN7,ALIN7_R,False,False,False,False,False,False,False,False
4973,524286,CL071_b,CL071_b_L,False,False,False,False,False,False,False,False
4974,524292,AVLP067,AVLP067_L,False,False,False,False,False,False,False,False
4975,524296,pC1_1a,pC1_1a_L,False,True,False,False,False,True,False,False
4976,524297,AVLP763m,AVLP763m_L,False,True,False,False,True,False,False,False
4977,524300,AVLP112,AVLP112_L,False,False,False,False,False,False,False,False
4978,524309,GNG013,GNG013_R,False,False,False,False,False,False,False,False
4979,524363,GNG031,GNG031_L,False,False,False,False,False,False,False,False
4980,524364,PVLP111,PVLP111_L,False,False,False,False,False,False,False,False
4981,524370,PLP218,PLP218_L,False,False,False,False,False,False,False,False
4982,524375,CB1108,CB1108_L,False,False,False,False,False,False,False,False
4983,524425,VES022,VES022_R,False,False,False,False,False,False,False,False
4984,524469,SAD008,SAD008_R,False,False,False,False,False,False,False,False
4985,524470,DNbe001,DNbe001(PS103)_R,False,False,False,False,False,False,False,False
4986,524501,AVLP176_b,AVLP176_b_L,False,False,False,False,False,False,False,False
4987,524502,CB4163,CB4163_L,False,False,False,False,False,False,False,False
4988,524503,OA-ASM2,OA-ASM2_L,False,False,False,False,False,False,False,False
4989,524512,PLP001,PLP001_L,False,False,False,False,False,False,False,False
4990,524521,PLP163,PLP163_R,False,False,False,False,False,False,False,False
4991,524522,AVLP347,AVLP347_L,False,False,False,False,False,False,False,False
4992,524524,AVLP347,AVLP347_L,False,False,False,False,False,False,False,False
4993,524528,CB2006,CB2006_L,False,False,False,False,False,False,False,False
4994,524606,GNG091,GNG091_R,False,False,False,False,False,False,False,False
4995,524627,AVLP126,AVLP126_L,False,False,False,False,False,False,False,False
4996,524631,CB2182,CB2182_R,False,False,False,False,False,False,False,False
4997,524668,PLP256,PLP256_L,False,False,False,False,False,False,False,False
4998,524730,WED111,WED111_L,False,False,False,False,False,False,False,False
4999,524739,AVLP193,AVLP193_L,False,False,False,False,False,False,False,False
5000,524747,pC1_2a,pC1_2a_L,False,True,False,False,False,True,False,False
5001,524753,PVLP124,PVLP124_L,False,False,False,False,False,False,False,False
5002,524765,ICL006m,ICL006m_L,False,False,False,False,False,False,False,False
5003,524788,CL022_a,CL022_a_L,False,False,False,False,False,False,False,False
5004,524789,CL022_c,CL022_c_L,False,False,False,False,False,False,False,False
5005,524804,SIP143m,SIP143m_R,False,False,False,False,False,False,False,False
5006,524806,MeLo7,MeLo7_L,False,False,False,False,False,False,False,False
5007,524845,PVLP208m,PVLP208m_R,False,False,False,False,False,False,False,False
5008,524860,AN09B013,AN09B013_R,False,False,False,False,False,False,False,False
5009,524881,CL002,CL002_L,False,False,False,False,False,False,False,False
5010,524905,CB3503,CB3503_L,False,False,False,False,False,False,False,False
5011,524989,AVLP517,AVLP517_L,False,False,False,False,False,False,False,False
5012,524992,VES200m,VES200m_R,False,False,False,False,False,False,False,False
5013,525015,CL249,CL249_R,False,False,False,False,False,False,False,False
5014,525142,CB3581,CB3581_L,False,False,False,False,False,False,False,False
5015,525191,LT52,LT52_L,False,False,False,False,False,False,False,False
5016,525266,AOTU009,AOTU009_L,False,False,False,False,False,False,False,False
5017,525289,CB0956,CB0956_L,False,False,False,False,False,False,False,False
5018,525353,CB2659,CB2659_L,False,False,False,False,False,False,False,False
5019,525354,AVLP090,AVLP090_L,False,False,False,False,False,False,False,False
5020,525366,CB3552,CB3552_L,False,False,False,False,False,False,False,False
5021,525378,GNG448,GNG448_R,False,False,False,False,False,False,False,False
5022,525400,PLP078,PLP078_R,False,False,False,False,False,False,False,False
5023,525401,WED201,WED201_R,False,False,False,False,False,False,False,False
5024,525402,CB3682,CB3682_R,False,False,False,False,False,False,False,False
5025,525407,DNge128,DNge128_L,False,False,False,False,False,False,False,False
5026,525421,PVLP213m,PVLP213m_R,False,False,False,False,False,False,False,False
5027,525423,AVLP728m,AVLP728m_R,False,False,False,False,False,False,False,False
5028,525424,aSP10C_a,aSP10C_a_R,False,False,False,False,False,False,False,False
5029,525452,AVLP710m,AVLP710m_L,False,False,False,False,False,False,False,False
5030,525454,DNg74_b,DNg74_b_R,False,False,False,False,False,False,False,False
5031,525455,aIPg1,aIPg1_L,False,False,False,False,False,False,False,False
5032,525456,CB2143,CB2143_L,False,False,False,False,False,False,False,False
5033,525460,AVLP729m,AVLP729m_L,False,False,False,False,False,False,False,False
5034,525475,SAD057,SAD057_L,False,False,False,False,False,False,False,False
5035,525484,PVLP007,PVLP007_L,False,False,False,False,False,False,False,False
5036,525496,PVLP082,PVLP082_R,False,False,False,False,False,False,False,False
5037,525497,PVLP034,PVLP034_R,False,False,False,False,False,False,False,False
5038,525529,AVLP745m,AVLP745m_L,False,False,False,False,False,False,False,False
5039,525595,DNg52,DNg52_R,False,False,False,False,False,False,False,False
5040,525615,aIPg_m3,aIPg_m3_R,False,False,False,False,False,False,False,False
5041,525676,AVLP048,AVLP048_L,False,False,False,False,False,False,False,False
5042,525804,AVLP075,AVLP075_L,False,False,False,False,False,False,False,False
5043,525958,PLP060,PLP060_L,False,False,False,False,False,False,False,False
5044,525960,DNa13,DNa13(LAL041)_L,False,False,False,False,False,False,False,False
5045,526001,,,False,False,False,False,False,False,False,False
5046,526030,AVLP457,AVLP457_L,False,False,False,False,False,False,False,False
5047,526031,PVLP021,PVLP021_L,False,False,False,False,False,False,False,False
5048,526032,AVLP711m,AVLP711m_L,False,False,False,False,False,False,False,False
5049,526034,PVLP064,PVLP064_L,False,False,False,False,False,False,False,False
5050,526035,aSP10B,aSP10B_L,False,False,False,False,False,False,False,False
5051,526066,JO-B2,JO-B2_L,True,False,False,False,False,False,False,False
5052,526119,LHPV4a1,LHPV4a1_L,False,False,False,False,False,False,False,False
5053,526286,LC4,LC4_L,False,False,False,False,False,False,False,False
5054,526298,PS197,PS197(PS198)_L,False,False,False,False,False,False,False,False
5055,526472,AVLP451,AVLP451_R,False,False,False,False,False,False,False,False
5056,526572,CL117,CL117_R,False,False,False,False,False,False,False,False
5057,526576,AN27X004,AN27X004_L,False,False,False,False,False,False,False,False
5058,526697,AVLP005,AVLP005_L,False,False,False,False,False,False,False,False
5059,526708,WED204,WED204_L,False,False,False,False,False,False,False,False
5060,526827,SIP122m,SIP122m_L,False,False,False,False,False,False,False,False
5061,526836,PVLP028,PVLP028_L,False,False,False,False,False,False,False,False
5062,526837,ICL013m_a,ICL013m_a_R,False,False,False,False,False,False,False,False
5063,526901,AVLP005,AVLP005_L,False,False,False,False,False,False,False,False
5064,526918,pC1_1a,pC1_1a_R,False,True,False,False,False,True,False,False
5065,526998,AN17A073,AN17A073_L,False,False,False,False,False,False,False,False
5066,527123,CB1695,CB1695_R,False,False,False,False,False,False,False,False
5067,527149,CB1706,CB1706_L,False,False,False,False,False,False,False,False
5068,527282,SIP147m,SIP147m_L,False,False,False,False,False,False,False,False
5069,527318,SMP702m,SMP702m_L,False,False,False,False,False,False,False,False
5070,527409,CB0683,CB0683_L,False,False,False,False,False,False,False,False
5071,527525,GNG305,GNG305_L,False,False,False,False,False,False,False,False
5072,527620,GNG333,GNG333_L,False,False,False,False,False,False,False,False
5073,527647,,,False,False,False,False,False,False,False,False
5074,527655,PVLP047,PVLP047_R,False,False,False,False,False,False,False,False
5075,527690,PVLP022,PVLP022_L,False,False,False,False,False,False,False,False
5076,527694,CL323,CL323_R,False,False,False,False,False,False,False,False
5077,527695,CL259,CL259_R,False,False,False,False,False,False,False,False
5078,527699,SAD064,SAD064_R,False,False,False,False,False,False,False,False
5079,527704,CL038,CL038_R,False,False,False,False,False,False,False,False
5080,527795,AVLP700m,AVLP700m_L,False,False,False,False,False,False,False,False
5081,528986,pC1_6a,pC1_6a_R,False,True,False,False,False,True,False,False
5082,529029,GNG633,GNG633_L,False,False,False,False,False,False,False,False
5083,529031,GNG300,GNG300_L,False,False,False,False,False,False,False,False
5084,529069,mALB5,mALB5_R,False,False,False,False,False,False,False,False
5085,529293,AVLP600,AVLP600_R,False,False,False,False,False,False,False,False
5086,529400,AVLP126,AVLP126_R,False,False,False,False,False,False,False,False
5087,529418,SMP092,SMP092_R,False,False,False,False,False,False,False,False
5088,529455,AVLP109,AVLP109_L,False,False,False,False,False,False,False,False
5089,529456,AVLP323,AVLP323_L,False,False,False,False,False,False,False,False
5090,529457,AVLP062,AVLP062_L,False,False,False,False,False,False,False,False
5091,529458,AVLP097,AVLP097_L,False,False,False,False,False,False,False,False
5092,529498,CB0625,CB0625_R,False,False,False,False,False,False,False,False
5093,529569,GNG535,GNG535_L,False,False,False,False,False,False,False,False
5094,529570,VES085_b,VES085_b_L,False,False,False,False,False,False,False,False
5095,529571,VES087,VES087_L,False,False,False,False,False,False,False,False
5096,529572,CB0204,CB0204_L,False,False,False,False,False,False,False,False
5097,529573,VES051,VES051_L,False,False,False,False,False,False,False,False
5098,529602,ALIN5,ALIN5_L,False,False,False,False,False,False,False,False
5099,529617,SMP482,SMP482_R,False,False,False,False,False,False,False,False
5100,529714,WED163,WED163_L,False,False,False,False,False,False,False,False
5101,529718,mAL_m3c,mAL_m3c_R,False,False,False,False,False,False,False,False
5102,529724,LoVP92,LoVP92_L,False,False,False,False,False,False,False,False
5103,529808,LAL128,LAL128_L,False,False,False,False,False,False,False,False
5104,529811,AVLP476,AVLP476_L,False,False,False,False,False,False,False,False
5105,529875,AVLP762m,AVLP762m_L,False,True,False,False,True,False,False,False
5106,529985,SIP141m,SIP141m_R,False,False,False,False,False,False,False,False
5107,530067,SIP118m,SIP118m_L,False,False,False,False,False,False,False,False
5108,530085,PVLP022,PVLP022_R,False,False,False,False,False,False,False,False
5109,530095,GNG331,GNG331_L,False,False,False,False,False,False,False,False
5110,530154,VES106,VES106_R,False,False,False,False,False,False,False,False
5111,530190,AVLP727m,AVLP727m_R,False,False,False,False,False,False,False,False
5112,530217,WED013,WED013_L,False,False,False,False,False,False,False,False
5113,530273,CB3329,CB3329_L,False,False,False,False,False,False,False,False
5114,530293,aSP10B,aSP10B_R,False,False,False,False,False,False,False,False
5115,530415,AVLP060,AVLP060_L,False,False,False,False,False,False,False,False
5116,530485,SAD004,SAD004_R,False,False,False,False,False,False,False,False
5117,530597,PS333,PS333_L,False,False,False,False,False,False,False,False
5118,530685,PVLP107,PVLP107_R,False,False,False,False,False,False,False,False
5119,530694,IB060,IB060_L,False,False,False,False,False,False,False,False
5120,530789,SMP490,SMP490_R,False,False,False,False,False,False,False,False
5121,530794,SMP243,SMP243_L,False,False,False,False,False,False,False,False
5122,530834,CB2207,CB2207_R,False,False,False,False,False,False,False,False
5123,530938,PVLP149,PVLP149_L,False,False,False,False,False,False,False,False
5124,530941,CL123_c,CL123_c_L,False,False,False,False,False,False,False,False
5125,530945,SMP720m,SMP720m_L,False,False,False,False,False,False,False,False
5126,530997,LH003m,LH003m_R,False,False,False,False,False,False,False,False
5127,531093,AOTU050,AOTU050_L,False,False,False,False,False,False,False,False
5128,531132,DNge073,DNge073_L,False,False,False,False,False,False,False,False
5129,531137,PS146,PS146_L,False,False,False,False,False,False,False,False
5130,531273,AVLP017,AVLP017_L,False,False,False,False,False,False,False,False
5131,531276,aIPg8,aIPg8_L,False,False,False,False,False,False,False,False
5132,531278,AVLP704m,AVLP704m_L,False,False,False,False,False,False,False,False
5133,531291,CL056,CL056_L,False,False,False,False,False,False,False,False
5134,531318,SMP380,SMP380_R,False,False,False,False,False,False,False,False
5135,531383,AVLP743m,AVLP743m_L,False,False,False,False,False,False,False,False
5136,531425,GNG506,GNG506_L,False,False,False,False,False,False,False,False
5137,531427,CB1918,CB1918_L,False,False,False,False,False,False,False,False
5138,531452,CB1748,CB1748_L,False,False,False,False,False,False,False,False
5139,531538,CB1314,CB1314_L,False,False,False,False,False,False,False,False
5140,531558,PVLP205m,PVLP205m_L,False,False,False,False,False,False,False,False
5141,531581,AVLP451,AVLP451_R,False,False,False,False,False,False,False,False
5142,531583,WED104,WED104_R,False,False,False,False,False,False,False,False
5143,531584,AN17A050,AN17A050_R,False,False,False,False,False,False,False,False
5144,531636,PLP099,PLP099_L,False,False,False,False,False,False,False,False
5145,531643,GNG313,GNG313(hb1601624616)_L,False,False,False,False,False,False,False,False
5146,531644,ANXXX084,ANXXX084_L,False,False,False,False,False,False,False,False
5147,531678,AVLP473,AVLP473_L,False,False,False,False,False,False,False,False
5148,531680,CB1017,CB1017_L,False,False,False,False,False,False,False,False
5149,531682,CB1688,CB1688_L,False,False,False,False,False,False,False,False
5150,531685,CB3269,CB3269_L,False,False,False,False,False,False,False,False
5151,531787,CL214,CL214_R,False,False,False,False,False,False,False,False
5152,531808,AOTU032,AOTU032_R,False,False,False,False,False,False,False,False
5153,531838,CB2207,CB2207_L,False,False,False,False,False,False,False,False
5154,531859,DNpe022,DNpe022(PS271)_L,False,False,False,False,False,False,False,False
5155,531864,mAL_m2b,mAL_m2b_R,False,False,False,False,False,False,False,False
5156,531867,SIP102m,SIP102m_L,False,False,False,False,False,False,False,False
5157,531898,DNp04,DNp04_L,False,False,False,False,False,False,False,False
5158,531899,AVLP452,AVLP452_L,False,False,False,False,False,False,False,False
5159,531901,AVLP203_c,AVLP203_c_L,False,False,False,False,False,False,False,False
5160,531983,AVLP452,AVLP452_R,False,False,False,False,False,False,False,False
5161,531985,PVLP010,PVLP010_R,False,False,False,False,False,False,False,False
5162,531998,SMP389_a,SMP389_a_L,False,False,False,False,False,False,False,False
5163,532050,DNp23,DNp23_R,False,False,False,False,False,False,False,False
5164,532080,PVLP205m,PVLP205m_L,False,False,False,False,False,False,False,False
5165,532198,WED196,WED196_M,False,False,False,False,False,False,False,False
5166,532312,AVLP269_a,AVLP269_a_L,False,False,False,False,False,False,False,False
5167,532435,SIP141m,SIP141m_R,False,False,False,False,False,False,False,False
5168,532560,AMMC026,AMMC026_R,False,False,False,False,False,False,False,False
5169,532569,CL038,CL038_L,False,False,False,False,False,False,False,False
5170,532582,LHAV4c2,LHAV4c2_L,False,False,False,False,False,False,False,False
5171,532619,CB2501,CB2501_L,False,False,False,False,False,False,False,False
5172,532627,JO-EV3,JO-EV3_L,False,False,False,False,False,False,False,False
5173,532643,AN09B004,AN09B004_d_R,False,False,False,False,False,False,False,False
5174,532644,AVLP091,AVLP091_L,False,False,False,False,False,False,False,False
5175,532747,WED184,WED184(hb5813078104)_R,False,False,False,False,False,False,False,False
5176,532748,LAL029_d,LAL029_d_L,False,False,False,False,False,False,False,False
5177,532786,ICL006m,ICL006m_R,False,False,False,False,False,False,False,False
5178,532823,AVLP220,AVLP220_L,False,False,False,False,False,False,False,False
5179,532827,AVLP251,AVLP251_L,False,False,False,False,False,False,False,False
5180,532838,AVLP157,AVLP157_L,False,False,False,False,False,False,False,False
5181,532839,CL140,CL140_L,False,False,False,False,False,False,False,False
5182,532906,LAL141,LAL141_L,False,False,False,False,False,False,False,False
5183,532909,LAL123,LAL123_L,False,False,False,False,False,False,False,False
5184,532944,GNG553,GNG553_L,False,False,False,False,False,False,False,False
5185,533064,AVLP370_b,AVLP370_b_L,False,False,False,False,False,False,False,False
5186,533162,AVLP126,AVLP126_L,False,False,False,False,False,False,False,False
5187,533368,AN10B005,AN10B005(IB113)_L,False,False,False,False,False,False,False,False
5188,533431,PLP246,PLP246_L,False,False,False,False,False,False,False,False
5189,533457,LoVP50,LoVP50_L,False,False,False,False,False,False,False,False
5190,533480,AVLP435_b,AVLP435_b_L,False,False,False,False,False,False,False,False
5191,533481,AVLP101,AVLP101_L,False,False,False,False,False,False,False,False
5192,533482,CB0930,CB0930_L,False,False,False,False,False,False,False,False
5193,533529,PS124,PS124_R,False,False,False,False,False,False,False,False
5194,533543,SMP172,SMP172_L,False,False,False,False,False,False,False,False
5195,533649,LT77,LT77_L,False,False,False,False,False,False,False,False
5196,533662,AVLP727m,AVLP727m_L,False,False,False,False,False,False,False,False
5197,533667,LAL127,LAL127_R,False,False,False,False,False,False,False,False
5198,533705,AVLP299_b,AVLP299_b_R,False,False,False,False,False,False,False,False
5199,533709,AVLP299_b,AVLP299_b_R,False,False,False,False,False,False,False,False
5200,533720,CB3411,CB3411_L,False,False,False,False,False,False,False,False
5201,533724,SIP141m,SIP141m_R,False,False,False,False,False,False,False,False
5202,533746,AN17B008,AN17B008_L,False,False,False,False,False,False,False,False
5203,533748,GNG633,GNG633_L,False,False,False,False,False,False,False,False
5204,533750,CB2489,CB2489_L,False,False,False,False,False,False,False,False
5205,533751,CB0466,CB0466_L,False,False,False,False,False,False,False,False
5206,533752,CB1948,CB1948_L,False,False,False,False,False,False,False,False
5207,533769,CB3329,CB3329_L,False,False,False,False,False,False,False,False
5208,534038,PVLP062,PVLP062_R,False,False,False,False,False,False,False,False
5209,534040,PVLP015,PVLP015_R,False,False,False,False,False,False,False,False
5210,534052,CB4163,CB4163_R,False,False,False,False,False,False,False,False
5211,534063,AN18B001,AN18B001_R,False,False,False,False,False,False,False,False
5212,534134,SIP116m,SIP116m_L,False,False,False,False,False,False,False,False
5213,534149,WED118,WED118_L,False,False,False,False,False,False,False,False
5214,534420,mALB5,mALB5_L,False,False,False,False,False,False,False,False
5215,534437,JO-B1_b,JO-B1_b_L,True,False,False,False,False,False,False,False
5216,534480,AN08B034,AN08B034_b_L,False,False,False,False,False,False,False,False
5217,534654,VES204m,VES204m_R,False,False,False,False,False,False,False,False
5218,534743,LPLC1,LPLC1_L,False,False,False,False,False,False,False,False
5219,534870,CL118,CL118_R,False,False,False,False,False,False,False,False
5220,535044,CL128a,CL128a_R,False,False,False,False,False,False,False,False
5221,535834,mAL_m3b,mAL_m3b_L,False,False,False,False,False,False,False,False
5222,535835,pC1_16b,pC1_16b_L,False,True,False,False,False,True,False,False
5223,535965,JO-B2,JO-B2_R,True,False,False,False,False,False,False,False
5224,536002,CB1044,CB1044_R,False,False,False,False,False,False,False,False
5225,536048,DNp27,DNp27_L,False,False,False,False,False,False,False,False
5226,536207,AN19B019,AN19B019(hb706176085)_L,False,False,False,False,False,False,False,False
5227,536345,AVLP243,AVLP243_R,False,False,False,False,False,False,False,False
5228,536389,PLP214,PLP214_L,False,False,False,False,False,False,False,False
5229,536550,AVLP299_d,AVLP299_d_R,False,False,False,False,False,False,False,False
5230,536998,JO-B1_c,JO-B1_c_R,True,False,False,False,False,False,False,False
5231,537751,CL117,CL117_R,False,False,False,False,False,False,False,False
5232,537899,LoVC18,LoVC18_R,False,False,False,False,False,False,False,False
5233,539142,WED166_a,WED166_a_L,False,False,False,False,False,False,False,False
5234,539151,LAL020,LAL020_R,False,False,False,False,False,False,False,False
5235,539202,AN08B098,AN08B098_R,False,False,False,False,False,False,False,False
5236,539215,AMMC019,AMMC019_R,False,False,False,False,False,False,False,False
5237,539234,DNge004,DNge004_L,False,False,False,False,False,False,False,False
5238,539247,ICL008m,ICL008m_L,False,False,False,False,False,False,False,False
5239,539322,mAL_m2a,mAL_m2a_L,False,False,False,False,False,False,False,False
5240,539507,AVLP022,AVLP022_R,False,False,False,False,False,False,False,False
5241,541728,CB1744,CB1744_L,False,False,False,False,False,False,False,False
5242,542561,IPS001,IPS001_L,False,False,False,False,False,False,False,False
5243,542878,CB2558,CB2558_L,False,False,False,False,False,False,False,False
5244,542994,CB1207_b,CB1207_b_L,False,False,False,False,False,False,False,False
5245,543719,CL165,CL165_L,False,False,False,False,False,False,False,False
5246,543901,CB2481,CB2481_L,False,False,False,False,False,False,False,False
5247,546129,WED012,WED012_L,False,False,False,False,False,False,False,False
5248,546546,LoVP91,LoVP91_R,False,False,False,False,False,False,False,False
5249,547552,SMP043,SMP043_L,False,False,False,False,False,False,False,False
5250,547920,JO-B1_a,JO-B1_a_L,True,False,False,False,False,False,False,False
5251,549014,JO-B2,JO-B2_L,True,False,False,False,False,False,False,False
5252,550384,SAD014,SAD014_R,False,False,False,False,False,False,False,False
5253,552035,JO-A2,JO-A2_L,True,False,False,False,False,False,False,False
5254,553196,CB1833,CB1833_L,False,False,False,False,False,False,False,False
5255,555227,CL038,CL038_L,False,False,False,False,False,False,False,False
5256,555264,GNG199,GNG199_L,False,False,False,False,False,False,False,False
5257,555277,AOTU008,AOTU008_R,False,False,False,False,False,False,False,False
5258,555309,GNG385,GNG385_L,False,False,False,False,False,False,False,False
5259,555382,VES003,VES003_L,False,False,False,False,False,False,False,False
5260,555383,PVLP076,PVLP076_L,False,False,False,False,False,False,False,False
5261,555384,AVLP280,AVLP280_L,False,False,False,False,False,False,False,False
5262,555428,GNG085,GNG085_R,False,False,False,False,False,False,False,False
5263,555457,DNge079,DNge079_R,False,False,False,False,False,False,False,False
5264,555458,GNG561,GNG561_L,False,False,False,False,False,False,False,False
5265,555472,DNae009,DNae009(PS009)_L,False,False,False,False,False,False,False,False
5266,555498,CB4169,CB4169_R,False,False,False,False,False,False,False,False
5267,555500,DNg29,DNg29_R,False,False,False,False,False,False,False,False
5268,555501,ANXXX108,ANXXX108_R,False,False,False,False,False,False,False,False
5269,555704,LH006m,LH006m_L,False,False,False,False,False,False,False,False
5270,555705,SIP104m,SIP104m_L,False,False,False,False,False,False,False,False
5271,555707,AVLP733m,AVLP733m_L,False,False,False,False,False,False,False,False
5272,555710,AVLP753m,AVLP753m_R,False,False,False,False,False,False,False,False
5273,555715,SIP100m,SIP100m_L,False,False,False,False,False,False,False,False
5274,555725,AN08B101,AN08B101_R,False,False,False,False,False,False,False,False
5275,555741,SAD021_b,SAD021_b_L,False,False,False,False,False,False,False,False
5276,555742,CB2633,CB2633_L,False,False,False,False,False,False,False,False
5277,555811,AVLP762m,AVLP762m_L,False,True,False,False,True,False,False,False
5278,555824,GNG013,GNG013_L,False,False,False,False,False,False,False,False
5279,555855,PS234,PS234_R,False,False,False,False,False,False,False,False
5280,555871,DNpe017,DNpe017(hb1406000196)_R,False,False,False,False,False,False,False,False
5281,555907,WED072,WED072_R,False,False,False,False,False,False,False,False
5282,556037,WEDPN9,WEDPN9_L,False,False,False,False,False,False,False,False
5283,556076,GNG203,GNG203_L,False,False,False,False,False,False,False,False
5284,556286,DNp32,DNp32_L,False,False,False,False,False,False,False,False
5285,556306,WED012,WED012_R,False,False,False,False,False,False,False,False
5286,556316,aIPg2,aIPg2_L,False,False,False,False,False,False,False,False
5287,556570,AN05B010,AN05B010_L,False,False,False,False,False,False,False,False
5288,556588,SMP327,SMP327_L,False,False,False,False,False,False,False,False
5289,556702,GNG119,GNG119_L,False,False,False,False,False,False,False,False
5290,556706,CB3384,CB3384_L,False,False,False,False,False,False,False,False
5291,556721,,,False,False,False,False,False,False,False,False
5292,556756,BM_Vib,BM_Vib_L,False,False,False,False,False,False,False,False
5293,556767,WED106,WED106_R,False,False,False,False,False,False,False,False
5294,556793,DNge111,DNge111_L,False,False,False,False,False,False,False,False
5295,556999,AVLP755m,AVLP755m_L,False,False,False,False,False,False,False,False
5296,557035,pC1_5b,pC1_5b_L,False,True,False,False,False,True,False,False
5297,557095,AOTU008,AOTU008_L,False,False,False,False,False,False,False,False
5298,557192,AVLP704m,AVLP704m_L,False,False,False,False,False,False,False,False
5299,557308,AN18B019,AN18B019_R,False,False,False,False,False,False,False,False
5300,557352,SIP146m,SIP146m_L,False,False,False,False,False,False,False,False
5301,557380,AVLP753m,AVLP753m_L,False,False,False,False,False,False,False,False
5302,558778,AN08B012,AN08B012_R,False,False,False,False,False,False,False,False
5303,558781,GNG590,GNG590_L,False,False,False,False,False,False,False,False
5304,558793,AVLP053,AVLP053_L,False,False,False,False,False,False,False,False
5305,558839,PVLP207m,PVLP207m_L,False,False,False,False,False,False,False,False
5306,558846,PLP229,PLP229_L,False,False,False,False,False,False,False,False
5307,558850,AN05B099,AN05B099_L,False,False,False,False,False,False,False,False
5308,558868,CL249,CL249_L,False,False,False,False,False,False,False,False
5309,558897,GNG584,GNG584_L,False,False,False,False,False,False,False,False
5310,558912,,,False,False,False,False,False,False,False,False
5311,559181,AVLP743m,AVLP743m_L,False,False,False,False,False,False,False,False
5312,559256,,,False,False,False,False,False,False,False,False
5313,559386,JO-B1_c,JO-B1_c_L,True,False,False,False,False,False,False,False
5314,559505,,,False,False,False,False,False,False,False,False
5315,559757,CB2763,CB2763_L,False,False,False,False,False,False,False,False
5316,559780,aSP10A_b,aSP10A_b_L,False,False,False,False,False,False,False,False
5317,559817,LoVP92,LoVP92_L,False,False,False,False,False,False,False,False
5318,559926,SMP106,SMP106_R,False,False,False,False,False,False,False,False
5319,560878,SMP093,SMP093_R,False,False,False,False,False,False,False,False
5320,562509,JO-ED2_b,JO-ED2_b_R,False,False,False,False,False,False,False,False
5321,562991,LoVP85,LoVP85_L,False,False,False,False,False,False,False,False
5322,563481,AVLP702m,AVLP702m_R,False,False,False,False,False,False,False,False
5323,563537,AVLP551,AVLP551_R,False,False,False,False,False,False,False,False
5324,563656,AN09B023,AN09B023(17094)_L,False,False,False,False,False,False,False,False
5325,564864,DNp19,DNp19_R,False,False,False,False,False,False,False,False
5326,565711,CB2625,CB2625_L,False,False,False,False,False,False,False,False
5327,565953,JO-B3,JO-B3_L,True,False,False,False,False,False,False,False
5328,566769,VES202m,VES202m_L,False,False,False,False,False,False,False,False
5329,567484,CB1638,CB1638_L,False,False,False,False,False,False,False,False
5330,567693,AVLP733m,AVLP733m_L,False,False,False,False,False,False,False,False
5331,568032,JO-DP,JO-DP_L,False,False,False,False,False,False,False,False
5332,569195,PLP262,PLP262_L,False,False,False,False,False,False,False,False
5333,570013,SAD098,SAD098_M,False,False,False,False,False,False,False,False
5334,570588,PVLP207m,PVLP207m_L,False,False,False,False,False,False,False,False
5335,574186,AN09B004,AN09B004_e_L,False,False,False,False,False,False,False,False
5336,574821,AN05B058,AN05B058_L,False,False,False,False,False,False,False,False
5337,574984,GNG385,GNG385_L,False,False,False,False,False,False,False,False
5338,575082,DNpe021,DNpe021_R,False,False,False,False,False,False,False,False
5339,578194,SIP140m,SIP140m_R,False,False,False,False,False,False,False,False
5340,578432,AVLP401,AVLP401_L,False,False,False,False,False,False,False,False
5341,578647,VES089,VES089_L,False,False,False,False,False,False,False,False
5342,579924,WED081,WED081_R,False,False,False,False,False,False,False,False
5343,580850,CL205,CL205_R,False,False,False,False,False,False,False,False
5344,580897,AVLP005,AVLP005_L,False,False,False,False,False,False,False,False
5345,581131,PS306,PS306_L,False,False,False,False,False,False,False,False
5346,581331,,,False,False,False,False,False,False,False,False
5347,582877,AVLP443,AVLP443_L,False,False,False,False,False,False,False,False
5348,584085,CRE020,CRE020_L,False,False,False,False,False,False,False,False
5349,588414,CB4163,CB4163_L,False,False,False,False,False,False,False,False
5350,588759,,,False,False,False,False,False,False,False,False
5351,588857,GNG122,GNG122_L,False,False,False,False,False,False,False,False
5352,800001,IN07B016,IN07B016_L,False,False,False,False,False,False,False,False
5353,800002,IN07B010,IN07B010_L,False,False,False,False,False,False,False,False
5354,800011,IN23B006,IN23B006_R,False,False,False,False,False,False,False,False
5355,800012,AN19B001,AN19B001(17757)_L,False,False,False,False,False,False,False,False
5356,800024,IN19B107,IN19B107_R,False,False,False,False,False,False,False,False
5357,800026,IN05B010,IN05B010_R,False,False,False,False,False,False,False,False
5358,800030,IN12B002,IN12B002_L,False,False,False,False,False,False,False,False
5359,800035,IN05B002,IN05B002_L,False,False,False,False,False,False,False,False
5360,800040,IN05B002,IN05B002_R,False,False,False,False,False,False,False,False
5361,800042,IN27X005,IN27X005_L,False,False,False,False,False,False,False,False
5362,800049,SNpp30,,False,False,False,False,False,False,False,False
5363,800051,IN07B001,IN07B001_L,False,False,False,False,False,False,False,False
5364,800053,IN07B001,IN07B001_R,False,False,False,False,False,False,False,False
5365,800054,INXXX025,INXXX025_L,False,False,False,False,False,False,False,False
5366,800062,IN06B001,IN06B001_L,False,False,False,False,False,False,False,False
5367,800063,IN12B002,IN12B002_R,False,False,False,False,False,False,False,False
5368,800064,IN14A002,IN14A002_R,False,False,False,False,False,False,False,False
5369,800071,IN12B002,IN12B002_R,False,False,False,False,False,False,False,False
5370,800073,IN12A001,IN12A001_R,False,False,False,False,False,False,False,False
5371,800077,IN12B002,IN12B002_L,False,False,False,False,False,False,False,False
5372,800084,IN19B008,IN19B008_L,False,False,False,False,False,False,False,False
5373,800085,IN07B002,IN07B002_L,False,False,False,False,False,False,False,False
5374,800087,IN05B010,IN05B010_L,False,False,False,False,False,False,False,False
5375,800088,INXXX003,INXXX003_R,False,False,False,False,False,False,False,False
5376,800098,IN05B010,IN05B010_L,False,False,False,False,False,False,False,False
5377,800099,DNge079,DNge079_L,False,False,False,False,False,False,False,False
5378,800113,IN05B094,IN05B094_R,False,False,False,False,False,False,False,False
5379,800120,IN07B007,IN07B007_L,False,False,False,False,False,False,False,False
5380,800132,IN13A003,IN13A003_L,False,False,False,False,False,False,False,False
5381,800136,IN06B035,IN06B035_R,False,False,False,False,False,False,False,False
5382,800144,IN07B012,IN07B012_L,False,False,False,False,False,False,False,False
5383,800145,IN11A001,IN11A001_L,False,False,False,False,False,False,False,False
5384,800147,IN12A001,IN12A001_L,False,False,False,False,False,False,False,False
5385,800149,IN07B006,IN07B006_R,False,False,False,False,False,False,False,False
5386,800150,IN19A001,IN19A001_L,False,False,False,False,False,False,False,False
5387,800157,IN19A004,IN19A004_L,False,False,False,False,False,False,False,False
5388,800160,IN10B007,IN10B007_R,False,False,False,False,False,False,False,False
5389,800171,IN07B002,IN07B002_L,False,False,False,False,False,False,False,False
5390,800178,IN11A001,IN11A001_R,False,False,False,False,False,False,False,False
5391,800180,IN23B005,IN23B005_R,False,False,False,False,False,False,False,False
5392,800181,IN10B004,IN10B004_R,False,False,False,False,False,False,False,False
5393,800183,IN13A003,IN13A003_L,False,False,False,False,False,False,False,False
5394,800192,INXXX038,INXXX038_R,False,False,False,False,False,False,False,False
5395,800203,IN13A003,IN13A003_R,False,False,False,False,False,False,False,False
5396,800206,IN23B001,IN23B001_R,False,False,False,False,False,False,False,False
5397,800208,IN05B010,IN05B010_R,False,False,False,False,False,False,False,False
5398,800212,IN19A001,IN19A001_L,False,False,False,False,False,False,False,False
5399,800213,IN12B003,IN12B003_R,False,False,False,False,False,False,False,False
5400,800220,IN06B016,IN06B016_L,False,False,False,False,False,False,False,False
5401,800232,INXXX027,INXXX027_L,False,False,False,False,False,False,False,False
5402,800233,IN19A007,IN19A007_L,False,False,False,False,False,False,False,False
5403,800244,IN06B018,IN06B018_L,False,False,False,False,False,False,False,False
5404,800245,IN02A004,IN02A004_L,False,False,False,False,False,False,False,False
5405,800246,IN12B002,IN12B002_L,False,False,False,False,False,False,False,False
5406,800247,IN07B002,IN07B002_R,False,False,False,False,False,False,False,False
5407,800252,IN19A008,IN19A008_L,False,False,False,False,False,False,False,False
5408,800254,IN06B008,IN06B008_L,False,False,False,False,False,False,False,False
5409,800258,IN05B005,IN05B005_L,False,False,False,False,False,False,False,False
5410,800264,IN13B007,IN13B007_L,False,False,False,False,False,False,False,False
5411,800269,IN19A004,IN19A004_L,False,False,False,False,False,False,False,False
5412,800271,IN07B007,IN07B007_L,False,False,False,False,False,False,False,False
5413,800272,INXXX044,INXXX044_L,False,False,False,False,False,False,False,False
5414,800287,IN13B007,IN13B007_R,False,False,False,False,False,False,False,False
5415,800307,IN13A003,IN13A003_R,False,False,False,False,False,False,False,False
5416,800312,IN03B011,IN03B011_L,False,False,False,False,False,False,False,False
5417,800319,INXXX027,INXXX027_R,False,False,False,False,False,False,False,False
5418,800323,dPR1,dPR1_R,False,False,False,False,False,False,False,False
5419,800329,dPR1,dPR1_L,False,False,False,False,False,False,False,False
5420,800342,IN05B008,IN05B008_L,False,False,False,False,False,False,False,False
5421,800354,IN07B002,IN07B002_L,False,False,False,False,False,False,False,False
5422,800363,IN10B011,IN10B011_L,False,False,False,False,False,False,False,False
5423,800373,IN23B001,IN23B001_L,False,False,False,False,False,False,False,False
5424,800378,IN05B012,IN05B012_L,False,False,False,False,False,False,False,False
5425,800380,IN17A013,IN17A013_L,False,False,False,False,False,False,False,False
5426,800387,IN16B020,IN16B020_L,False,False,False,False,False,False,False,False
5427,800398,IN07B002,IN07B002_R,False,False,False,False,False,False,False,False
5428,800409,IN05B039,IN05B039_L,False,False,False,False,False,False,False,False
5429,800426,IN07B006,IN07B006_L,False,False,False,False,False,False,False,False
5430,800427,IN06B003,IN06B003_R,False,False,False,False,False,False,False,False
5431,800441,IN06B016,IN06B016_R,False,False,False,False,False,False,False,False
5432,800446,IN13A009,IN13A009_R,False,False,False,False,False,False,False,False
5433,800447,IN05B031,IN05B031_R,False,False,False,False,False,False,False,False
5434,800455,IN05B012,IN05B012_R,False,False,False,False,False,False,False,False
5435,800456,IN19B107,IN19B107_L,False,False,False,False,False,False,False,False
5436,800473,IN06B012,IN06B012_R,False,False,False,False,False,False,False,False
5437,800483,IN03A007,IN03A007_L,False,False,False,False,False,False,False,False
5438,800484,IN04B006,IN04B006_R,False,False,False,False,False,False,False,False
5439,800485,IN06B003,IN06B003_L,False,False,False,False,False,False,False,False
5440,800494,IN19A007,IN19A007_L,False,False,False,False,False,False,False,False
5441,800496,IN11B004,IN11B004_L,False,False,False,False,False,False,False,False
5442,800503,IN08B004,IN08B004_L,False,False,False,False,False,False,False,False
5443,800510,INXXX038,INXXX038_L,False,False,False,False,False,False,False,False
5444,800517,INXXX027,INXXX027_R,False,False,False,False,False,False,False,False
5445,800528,IN23B011,IN23B011_L,False,False,False,False,False,False,False,False
5446,800530,IN13B010,IN13B010_L,False,False,False,False,False,False,False,False
5447,800555,IN05B094,IN05B094_L,False,False,False,False,False,False,False,False
5448,800556,IN08B017,IN08B017_L,False,False,False,False,False,False,False,False
5449,800560,IN06B016,IN06B016_R,False,False,False,False,False,False,False,False
5450,800562,IN07B001,IN07B001_L,False,False,False,False,False,False,False,False
5451,800574,IN08B006,IN08B006_L,False,False,False,False,False,False,False,False
5452,800575,INXXX044,INXXX044_L,False,False,False,False,False,False,False,False
5453,800579,IN05B018,IN05B018_R,False,False,False,False,False,False,False,False
5454,800616,IN08B085_a,IN08B085_a_L,False,False,False,False,False,False,False,False
5455,800622,IN19A003,IN19A003_L,False,False,False,False,False,False,False,False
5456,800624,IN13B010,IN13B010_L,False,False,False,False,False,False,False,False
5457,800658,AN07B005,AN07B005_R,False,False,False,False,False,False,False,False
5458,800660,INXXX044,INXXX044_R,False,False,False,False,False,False,False,False
5459,800676,IN09B008,IN09B008_R,False,False,False,False,False,False,False,False
5460,800684,IN12A002,IN12A002_L,False,False,False,False,False,False,False,False
5461,800688,IN08B006,IN08B006_R,False,False,False,False,False,False,False,False
5462,800708,IN13B009,IN13B009_R,False,False,False,False,False,False,False,False
5463,800712,IN04B002,IN04B002_L,False,False,False,False,False,False,False,False
5464,800717,IN00A025,IN00A025_M,False,False,False,False,False,False,False,False
5465,800735,IN04B002,IN04B002_R,False,False,False,False,False,False,False,False
5466,800737,IN03B022,IN03B022_L,False,False,False,False,False,False,False,False
5467,800739,IN12A002,IN12A002_L,False,False,False,False,False,False,False,False
5468,800741,IN06B008,IN06B008_L,False,False,False,False,False,False,False,False
5469,800747,IN19A012,IN19A012_L,False,False,False,False,False,False,False,False
5470,800774,IN06B059,IN06B059_R,False,False,False,False,False,False,False,False
5471,800784,IN12B007,IN12B007_R,False,False,False,False,False,False,False,False
5472,800786,IN17A028,IN17A028_L,False,False,False,False,False,False,False,False
5473,800788,INXXX044,INXXX044_R,False,False,False,False,False,False,False,False
5474,800790,IN17A040,IN17A040_R,False,False,False,False,False,False,False,False
5475,800795,IN04B006,IN04B006_L,False,False,False,False,False,False,False,False
5476,800798,IN11A020,IN11A020_R,False,False,False,False,False,False,False,False
5477,800801,INXXX230,INXXX230_L,False,False,False,False,False,False,False,False
5478,800804,IN12A002,IN12A002_R,False,False,False,False,False,False,False,False
5479,800809,IN00A001,IN00A001_M,False,False,False,False,False,False,False,False
5480,800810,INXXX129,INXXX129_R,False,False,False,False,False,False,False,False
5481,800812,INXXX100,INXXX100_L,False,False,False,False,False,False,False,False
5482,800816,IN21A010,IN21A010_L,False,False,False,False,False,False,False,False
5483,800822,IN17A023,IN17A023_R,False,False,False,False,False,False,False,False
5484,800827,IN12B003,IN12B003_R,False,False,False,False,False,False,False,False
5485,800838,IN19A012,IN19A012_L,False,False,False,False,False,False,False,False
5486,800842,IN13A013,IN13A013_L,False,False,False,False,False,False,False,False
5487,800845,DNp12,DNp12(WED105)_R,False,False,False,False,False,False,False,False
5488,800860,IN19A010,IN19A010_L,False,False,False,False,False,False,False,False
5489,800864,IN06B061,IN06B061_L,False,False,False,False,False,False,False,False
5490,800868,DNpe002,DNpe002(VES068)_R,False,False,False,False,False,False,False,False
5491,800876,IN09A007,IN09A007_L,False,False,False,False,False,False,False,False
5492,800892,IN06B013,IN06B013_R,False,False,False,False,False,False,False,False
5493,800898,IN12B018,IN12B018_R,False,False,False,False,False,False,False,False
5494,800902,IN09A003,IN09A003_L,False,False,False,False,False,False,False,False
5495,800912,INXXX044,INXXX044_R,False,False,False,False,False,False,False,False
5496,800916,IN23B006,IN23B006_L,False,False,False,False,False,False,False,False
5497,800923,IN03B011,IN03B011_R,False,False,False,False,False,False,False,False
5498,800932,AN17A013,AN17A013_L,False,False,False,False,False,False,False,False
5499,800943,IN17B004,IN17B004_R,False,False,False,False,False,False,False,False
5500,800949,IN06B013,IN06B013_L,False,False,False,False,False,False,False,False
5501,800951,AN10B015,IN10B015_R,False,False,False,False,False,False,False,False
5502,800952,IN06A024,IN06A024_R,False,False,False,False,False,False,False,False
5503,800970,IN06B006,IN06B006_R,False,False,False,False,False,False,False,False
5504,800973,IN00A016,IN00A016_M,False,False,False,False,False,False,False,False
5505,800982,IN09B022,IN09B022_R,False,False,False,False,False,False,False,False
5506,801010,IN00A031,IN00A031_M,False,False,False,False,False,False,False,False
5507,801035,AN10B015,IN10B015_L,False,False,False,False,False,False,False,False
5508,801053,IN06A005,IN06A005_L,False,False,False,False,False,False,False,False
5509,801071,vMS12_a,vMS12_a_R,False,False,False,False,False,False,False,False
5510,801072,IN07B012,IN07B012_R,False,False,False,False,False,False,False,False
5511,801098,INXXX062,INXXX062_L,False,False,False,False,False,False,False,False
5512,801100,dMS2,dMS2_L,False,False,False,False,False,False,False,False
5513,801114,IN06B030,IN06B030_R,False,False,False,False,False,False,False,False
5514,801116,IN14B001,IN14B001_R,False,False,False,False,False,False,False,False
5515,801138,IN12A006,IN12A006_L,False,False,False,False,False,False,False,False
5516,801162,IN06A005,IN06A005_R,False,False,False,False,False,False,False,False
5517,801163,IN05B008,IN05B008_R,False,False,False,False,False,False,False,False
5518,801171,IN14B001,IN14B001_L,False,False,False,False,False,False,False,False
5519,801187,IN06B024,IN06B024_L,False,False,False,False,False,False,False,False
5520,801199,INXXX034,INXXX034_M,False,False,False,False,False,False,False,False
5521,801221,IN06B063,IN06B063_R,False,False,False,False,False,False,False,False
5522,801245,TN1a_g,TN1a_g_L,False,False,False,False,False,False,False,False
5523,801247,TN1a_h,TN1a_h_L,False,False,False,False,False,False,False,False
5524,801272,IN17B015,IN17B015_R,False,False,False,False,False,False,False,False
5525,801273,IN13A013,IN13A013_R,False,False,False,False,False,False,False,False
5526,801282,IN05B022,IN05B022_L,False,False,False,False,False,False,False,False
5527,801297,IN23B007,IN23B007_L,False,False,False,False,False,False,False,False
5528,801311,IN23B008,IN23B008_L,False,False,False,False,False,False,False,False
5529,801312,IN01A011,IN01A011_L,False,False,False,False,False,False,False,False
5530,801341,AN19B032,AN19B032_L,False,False,False,False,False,False,False,False
5531,801358,IN12A036,IN12A036_R,False,False,False,False,False,False,False,False
5532,801367,IN17A020,IN17A020_L,False,False,False,False,False,False,False,False
5533,801377,IN23B006,IN23B006_R,False,False,False,False,False,False,False,False
5534,801379,SNpp30,,False,False,False,False,False,False,False,False
5535,801387,IN12B009,IN12B009_R,False,False,False,False,False,False,False,False
5536,801395,IN17B004,IN17B004_L,False,False,False,False,False,False,False,False
5537,801401,IN00A004,IN00A004_M,False,False,False,False,False,False,False,False
5538,801423,IN23B008,IN23B008_R,False,False,False,False,False,False,False,False
5539,801435,IN19A024,IN19A024_L,False,False,False,False,False,False,False,False
5540,801452,IN09B022,IN09B022_L,False,False,False,False,False,False,False,False
5541,801455,IN06B020,IN06B020_R,False,False,False,False,False,False,False,False
5542,801459,IN06B019,IN06B019_L,False,False,False,False,False,False,False,False
5543,801460,IN12B069,IN12B069_R,False,False,False,False,False,False,False,False
5544,801470,IN00A031,IN00A031_M,False,False,False,False,False,False,False,False
5545,801506,INXXX063,INXXX063_R,False,False,False,False,False,False,False,False
5546,801512,IN13B009,IN13B009_L,False,False,False,False,False,False,False,False
5547,801523,IN18B012,IN18B012_R,False,False,False,False,False,False,False,False
5548,801525,IN05B030,IN05B030_L,False,False,False,False,False,False,False,False
5549,801533,SNpp30,,False,False,False,False,False,False,False,False
5550,801534,IN06B006,IN06B006_L,False,False,False,False,False,False,False,False
5551,801537,IN17A042,IN17A042_L,False,False,False,False,False,False,False,False
5552,801557,INXXX473,INXXX473_L,False,False,False,False,False,False,False,False
5553,801570,IN12B014,IN12B014_L,False,False,False,False,False,False,False,False
5554,801571,IN01A017,IN01A017_R,False,False,False,False,False,False,False,False
5555,801621,IN06B054,IN06B054_R,False,False,False,False,False,False,False,False
5556,801625,IN18B016,IN18B016_R,False,False,False,False,False,False,False,False
5557,801653,IN06B008,IN06B008_R,False,False,False,False,False,False,False,False
5558,801657,IN17B015,IN17B015_L,False,False,False,False,False,False,False,False
5559,801662,IN12A030,IN12A030_R,False,False,False,False,False,False,False,False
5560,801669,IN17A032,IN17A032_L,False,False,False,False,False,False,False,False
5561,801689,IN00A010,IN00A010_M,False,False,False,False,False,False,False,False
5562,801698,IN19A024,IN19A024_R,False,False,False,False,False,False,False,False
5563,801706,IN01A005,IN01A005_R,False,False,False,False,False,False,False,False
5564,801711,IN02A013,IN02A013_R,False,False,False,False,False,False,False,False
5565,801725,IN19B005,IN19B005_L,False,False,False,False,False,False,False,False
5566,801730,INXXX217,INXXX217_L,False,False,False,False,False,False,False,False
5567,801805,IN08B003,IN08B003_R,False,False,False,False,False,False,False,False
5568,801809,IN18B032,IN18B032_R,False,False,False,False,False,False,False,False
5569,801823,IN17A028,IN17A028_L,False,False,False,False,False,False,False,False
5570,801828,IN12B015,IN12B015_L,False,False,False,False,False,False,False,False
5571,801829,IN18B017,IN18B017_L,False,False,False,False,False,False,False,False
5572,801848,IN03B024,IN03B024_R,False,False,False,False,False,False,False,False
5573,801883,IN17A028,IN17A028_L,False,False,False,False,False,False,False,False
5574,801920,IN17A030,IN17A030_L,False,False,False,False,False,False,False,False
5575,801921,INXXX101,INXXX101_R,False,False,False,False,False,False,False,False
5576,801956,IN18B032,IN18B032_L,False,False,False,False,False,False,False,False
5577,801960,SNpp30,,False,False,False,False,False,False,False,False
5578,801969,IN11A002,IN11A002_R,False,False,False,False,False,False,False,False
5579,801976,DNpe032,DNpe032(PS216)_R,False,False,False,False,False,False,False,False
5580,801990,SNpp30,,False,False,False,False,False,False,False,False
5581,801994,vMS12_b,vMS12_b_L,False,False,False,False,False,False,False,False
5582,802002,IN23B013,IN23B013_R,False,False,False,False,False,False,False,False
5583,802008,SNpp30,,False,False,False,False,False,False,False,False
5584,802037,IN00A016,IN00A016_M,False,False,False,False,False,False,False,False
5585,802039,IN03B024,IN03B024_L,False,False,False,False,False,False,False,False
5586,802053,IN06B035,IN06B035_L,False,False,False,False,False,False,False,False
5587,802074,IN06B030,IN06B030_R,False,False,False,False,False,False,False,False
5588,802089,IN00A009,IN00A009_M,False,False,False,False,False,False,False,False
5589,802099,INXXX468,INXXX468_L,False,False,False,False,False,False,False,False
5590,802108,IN06B030,IN06B030_L,False,False,False,False,False,False,False,False
5591,802126,AN10B008,AN10B008_R,False,False,False,False,False,False,False,False
5592,802177,INXXX107,INXXX107_L,False,False,False,False,False,False,False,False
5593,802183,IN06B030,IN06B030_L,False,False,False,False,False,False,False,False
5594,802192,IN07B033,IN07B033_L,False,False,False,False,False,False,False,False
5595,802207,IN05B037,IN05B037_L,False,False,False,False,False,False,False,False
5596,802235,INXXX153,INXXX153_L,False,False,False,False,False,False,False,False
5597,802290,IN12B014,IN12B014_R,False,False,False,False,False,False,False,False
5598,802322,INXXX201,INXXX201_R,False,False,False,False,False,False,False,False
5599,802323,INXXX355,INXXX355_R,False,False,False,False,False,False,False,False
5600,802356,IN07B028,IN07B028_R,False,False,False,False,False,False,False,False
5601,802359,IN07B023,IN07B023_R,False,False,False,False,False,False,False,False
5602,802362,IN06B063,IN06B063_R,False,False,False,False,False,False,False,False
5603,802377,IN17A028,IN17A028_L,False,False,False,False,False,False,False,False
5604,802383,IN20A.22A003,IN20A.22A003_L,False,False,False,False,False,False,False,False
5605,802385,IN06B024,IN06B024_R,False,False,False,False,False,False,False,False
5606,802390,IN02A010,IN02A010_L,False,False,False,False,False,False,False,False
5607,802396,IN18B033,IN18B033_L,False,False,False,False,False,False,False,False
5608,802402,IN06B024,IN06B024_L,False,False,False,False,False,False,False,False
5609,802406,IN23B011,IN23B011_R,False,False,False,False,False,False,False,False
5610,802424,SNpp32,,False,False,False,False,False,False,False,False
5611,802425,IN00A038,IN00A038_M,False,False,False,False,False,False,False,False
5612,802478,GFC2,GFC2_R,False,False,False,False,False,False,False,False
5613,802491,IN06B027,IN06B027_R,False,False,False,False,False,False,False,False
5614,802499,IN13A019,IN13A019_L,False,False,False,False,False,False,False,False
5615,802554,vMS12_a,vMS12_a_L,False,False,False,False,False,False,False,False
5616,802561,IN00A048,IN00A048_M,False,False,False,False,False,False,False,False
5617,802594,IN03A013,IN03A013_L,False,False,False,False,False,False,False,False
5618,802595,GFC2,GFC2_L,False,False,False,False,False,False,False,False
5619,802603,IN02A010,IN02A010_L,False,False,False,False,False,False,False,False
5620,802609,IN03A017,IN03A017_L,False,False,False,False,False,False,False,False
5621,802611,TN1a_f,TN1a_f_L,False,False,False,False,False,False,False,False
5622,802614,IN05B042,IN05B042_R,False,False,False,False,False,False,False,False
5623,802644,INXXX230,INXXX230_L,False,False,False,False,False,False,False,False
5624,802658,INXXX110,INXXX110_L,False,False,False,False,False,False,False,False
5625,802681,IN06B008,IN06B008_L,False,False,False,False,False,False,False,False
5626,802689,IN03A020,IN03A020_L,False,False,False,False,False,False,False,False
5627,802715,INXXX110,INXXX110_L,False,False,False,False,False,False,False,False
5628,802723,INXXX448,INXXX448_L,False,False,False,False,False,False,False,False
5629,802745,INXXX110,INXXX110_R,False,False,False,False,False,False,False,False
5630,802748,INXXX110,INXXX110_R,False,False,False,False,False,False,False,False
5631,802766,IN18B020,IN18B020_L,False,False,False,False,False,False,False,False
5632,802804,INXXX270,INXXX270_R,False,False,False,False,False,False,False,False
5633,802828,IN06B047,IN06B047_R,False,False,False,False,False,False,False,False
5634,802843,IN12B018,IN12B018_L,False,False,False,False,False,False,False,False
5635,802871,vPR9_c,vPR9_c_M,False,False,False,False,False,False,False,False
5636,802878,IN11A002,IN11A002_R,False,False,False,False,False,False,False,False
5637,802914,IN05B042,IN05B042_R,False,False,False,False,False,False,False,False
5638,802916,IN03A011,IN03A011_L,False,False,False,False,False,False,False,False
5639,802917,IN17A029,IN17A029_R,False,False,False,False,False,False,False,False
5640,802918,INXXX242,INXXX242_L,False,False,False,False,False,False,False,False
5641,802925,IN17A028,IN17A028_R,False,False,False,False,False,False,False,False
5642,802938,IN00A039,IN00A039_M,False,False,False,False,False,False,False,False
5643,802944,IN12B018,IN12B018_R,False,False,False,False,False,False,False,False
5644,802972,IN00A031,IN00A031_M,False,False,False,False,False,False,False,False
5645,802984,INXXX270,INXXX270_L,False,False,False,False,False,False,False,False
5646,802986,TN1a_f,TN1a_f_R,False,False,False,False,False,False,False,False
5647,802999,IN12B014,IN12B014_L,False,False,False,False,False,False,False,False
5648,803011,IN17A032,IN17A032_R,False,False,False,False,False,False,False,False
5649,803012,TN1a_d,TN1a_d_L,False,False,False,False,False,False,False,False
5650,803029,IN06B054,IN06B054_L,False,False,False,False,False,False,False,False
5651,803037,IN19B094,IN19B094_R,False,False,False,False,False,False,False,False
5652,803126,IN17A034,IN17A034_L,False,False,False,False,False,False,False,False
5653,803128,IN12A036,IN12A036_L,False,False,False,False,False,False,False,False
5654,803133,IN17A030,IN17A030_R,False,False,False,False,False,False,False,False
5655,803135,IN05B065,IN05B065_R,False,False,False,False,False,False,False,False
5656,803149,IN17A035,IN17A035_L,False,False,False,False,False,False,False,False
5657,803150,SNta13,SNta13_R,False,False,False,False,False,False,False,False
5658,803157,INXXX306,INXXX306_L,False,False,False,False,False,False,False,False
5659,803205,IN05B042,IN05B042_L,False,False,False,False,False,False,False,False
5660,803233,IN03A057,IN03A057_L,False,False,False,False,False,False,False,False
5661,803255,IN01A029,IN01A029_L,False,False,False,False,False,False,False,False
5662,803288,IN11A016,IN11A016_R,False,False,False,False,False,False,False,False
5663,803289,IN23B047,IN23B047_L,False,False,False,False,False,False,False,False
5664,803290,vPR9_b,vPR9_b_M,False,False,False,False,False,False,False,False
5665,803304,IN08B051_a,IN08B051_a_R,False,False,False,False,False,False,False,False
5666,803309,IN17A040,IN17A040_L,False,False,False,False,False,False,False,False
5667,803317,IN00A033,IN00A033_M,False,False,False,False,False,False,False,False
5668,803318,AN06B051,AN06B051(803318)_R,False,False,False,False,False,False,False,False
5669,803325,SNpp30,SNpp30_R,False,False,False,False,False,False,False,False
5670,803326,IN00A038,IN00A038_M,False,False,False,False,False,False,False,False
5671,803340,IN05B042,IN05B042_L,False,False,False,False,False,False,False,False
5672,803354,IN08B083_a,IN08B083_a_L,False,False,False,False,False,False,False,False
5673,803360,vPR9_c,vPR9_c_M,False,False,False,False,False,False,False,False
5674,803375,IN17A035,IN17A035_R,False,False,False,False,False,False,False,False
5675,803377,IN07B054,IN07B054_L,False,False,False,False,False,False,False,False
5676,803387,IN11A002,IN11A002_L,False,False,False,False,False,False,False,False
5677,803388,IN23B008,IN23B008_R,False,False,False,False,False,False,False,False
5678,803393,IN17A028,IN17A028_R,False,False,False,False,False,False,False,False
5679,803446,IN17A042,IN17A042_R,False,False,False,False,False,False,False,False
5680,803447,INXXX134,INXXX134_L,False,False,False,False,False,False,False,False
5681,803454,IN08B078,IN08B078_L,False,False,False,False,False,False,False,False
5682,803456,IN08B035,IN08B035_L,False,False,False,False,False,False,False,False
5683,803457,SNpp30,SNpp30_L,False,False,False,False,False,False,False,False
5684,803465,IN12A025,IN12A025_L,False,False,False,False,False,False,False,False
5685,803466,IN11A008,IN11A008_R,False,False,False,False,False,False,False,False
5686,803478,IN12A053_c,IN12A053_c_L,False,False,False,False,False,False,False,False
5687,803501,IN19A014,IN19A014_L,False,False,False,False,False,False,False,False
5688,803520,INXXX369,INXXX369_L,False,False,False,False,False,False,False,False
5689,803564,IN00A008,IN00A008_M,False,False,False,False,False,False,False,False
5690,803591,IN08B068,IN08B068_L,False,False,False,False,False,False,False,False
5691,803597,IN05B065,IN05B065_R,False,False,False,False,False,False,False,False
5692,803619,vPR9_c,vPR9_c_M,False,False,False,False,False,False,False,False
5693,803626,SNta10,,False,False,False,False,False,False,False,False
5694,803658,IN17A039,IN17A039_L,False,False,False,False,False,False,False,False
5695,803782,IN03A043,IN03A043_L,False,False,False,False,False,False,False,False
5696,803792,IN11A020,IN11A020_L,False,False,False,False,False,False,False,False
5697,803805,IN06B047,IN06B047_L,False,False,False,False,False,False,False,False
5698,803834,IN13B104,IN13B104_R,False,False,False,False,False,False,False,False
5699,803840,IN05B057,IN05B057_L,False,False,False,False,False,False,False,False
5700,803842,IN11A002,IN11A002_L,False,False,False,False,False,False,False,False
5701,803864,IN08B051_a,IN08B051_a_L,False,False,False,False,False,False,False,False
5702,803865,INXXX290,INXXX290_R,False,False,False,False,False,False,False,False
5703,803873,IN02A024,IN02A024_R,False,False,False,False,False,False,False,False
5704,803884,IN05B037,IN05B037_R,False,False,False,False,False,False,False,False
5705,803911,IN12A036,IN12A036_R,False,False,False,False,False,False,False,False
5706,803919,IN11A006,IN11A006_L,False,False,False,False,False,False,False,False
5707,803922,TN1a_e,TN1a_e_L,False,False,False,False,False,False,False,False
5708,804003,vMS12_a,vMS12_a_R,False,False,False,False,False,False,False,False
5709,804009,TN1a_d,TN1a_d_R,False,False,False,False,False,False,False,False
5710,804020,IN11A007,IN11A007_R,False,False,False,False,False,False,False,False
5711,804089,IN06A024,IN06A024_L,False,False,False,False,False,False,False,False
5712,804090,TN1a_i,TN1a_i_L,False,False,False,False,False,False,False,False
5713,804103,IN11A009,IN11A009_R,False,False,False,False,False,False,False,False
5714,804109,IN12A036,IN12A036_R,False,False,False,False,False,False,False,False
5715,804115,IN08B051_b,IN08B051_b_L,False,False,False,False,False,False,False,False
5716,804128,IN02A020,IN02A020_L,False,False,False,False,False,False,False,False
5717,804154,vPR9_a,vPR9_a_M,False,False,False,False,False,False,False,False
5718,804181,IN12A036,IN12A036_L,False,False,False,False,False,False,False,False
5719,804185,IN00A038,IN00A038_M,False,False,False,False,False,False,False,False
5720,804188,IN12A036,IN12A036_R,False,False,False,False,False,False,False,False
5721,804189,IN12A053_c,IN12A053_c_R,False,False,False,False,False,False,False,False
5722,804193,IN06B043,IN06B043_R,False,False,False,False,False,False,False,False
5723,804198,TN1c_c,TN1c_c_L,False,False,False,False,False,False,False,False
5724,804231,TN1a_a,TN1a_a_L,False,False,False,False,False,False,False,False
5725,804246,IN01B007,IN01B007_R,False,False,False,False,False,False,False,False
5726,804251,IN12A036,IN12A036_L,False,False,False,False,False,False,False,False
5727,804266,IN11A006,IN11A006_R,False,False,False,False,False,False,False,False
5728,804268,IN00A053,IN00A053_M,False,False,False,False,False,False,False,False
5729,804274,IN02A024,IN02A024_L,False,False,False,False,False,False,False,False
5730,804323,IN08B051_b,IN08B051_b_R,False,False,False,False,False,False,False,False
5731,804325,IN06B047,IN06B047_R,False,False,False,False,False,False,False,False
5732,804327,vPR9_a,vPR9_a_M,False,False,False,False,False,False,False,False
5733,804336,IN05B075,IN05B075_L,False,False,False,False,False,False,False,False
5734,804348,IN08B068,IN08B068_R,False,False,False,False,False,False,False,False
5735,804362,,,False,False,False,False,False,False,False,False
5736,804394,IN11A006,IN11A006_L,False,False,False,False,False,False,False,False
5737,804399,AN12A017,AN12A017_L,False,False,False,False,False,False,False,False
5738,804403,INXXX290,INXXX290_L,False,False,False,False,False,False,False,False
5739,804443,IN06B017,IN06B017_R,False,False,False,False,False,False,False,False
5740,804446,IN05B057,IN05B057_L,False,False,False,False,False,False,False,False
5741,804482,IN19B094,IN19B094_R,False,False,False,False,False,False,False,False
5742,804499,INXXX369,INXXX369_L,False,False,False,False,False,False,False,False
5743,804524,vMS12_b,vMS12_b_R,False,False,False,False,False,False,False,False
5744,804532,IN06B047,IN06B047_R,False,False,False,False,False,False,False,False
5745,804588,vMS12_a,vMS12_a_R,False,False,False,False,False,False,False,False
5746,804619,IN06B056,IN06B056_R,False,False,False,False,False,False,False,False
5747,804628,IN18B038,IN18B038_R,False,False,False,False,False,False,False,False
5748,804630,IN03A050,IN03A050_L,False,False,False,False,False,False,False,False
5749,804631,IN08B051_d,IN08B051_d_L,False,False,False,False,False,False,False,False
5750,804644,vPR9_a,vPR9_a_M,False,False,False,False,False,False,False,False
5751,804653,IN06B047,IN06B047_R,False,False,False,False,False,False,False,False
5752,804655,IN08B068,IN08B068_L,False,False,False,False,False,False,False,False
5753,804671,INXXX394,INXXX394_L,False,False,False,False,False,False,False,False
5754,804700,IN05B057,IN05B057_L,False,False,False,False,False,False,False,False
5755,804706,IN12A036,IN12A036_L,False,False,False,False,False,False,False,False
5756,804719,IN04B089,IN04B089_R,False,False,False,False,False,False,False,False
5757,804743,IN18B034,IN18B034_L,False,False,False,False,False,False,False,False
5758,804748,IN11A022,IN11A022_R,False,False,False,False,False,False,False,False
5759,804770,vMS12_a,vMS12_a_L,False,False,False,False,False,False,False,False
5760,804783,IN18B042,IN18B042_L,False,False,False,False,False,False,False,False
5761,804805,IN03A050,IN03A050_R,False,False,False,False,False,False,False,False
5762,804840,vMS12_c,vMS12_c_L,False,False,False,False,False,False,False,False
5763,804842,IN18B035,IN18B035_L,False,False,False,False,False,False,False,False
5764,804881,IN02A020,IN02A020_R,False,False,False,False,False,False,False,False
5765,804886,IN00A013,IN00A013_M,False,False,False,False,False,False,False,False
5766,804889,IN00A022,IN00A022_M,False,False,False,False,False,False,False,False
5767,804901,IN06B047,IN06B047_R,False,False,False,False,False,False,False,False
5768,804949,TN1a_g,TN1a_g_R,False,False,False,False,False,False,False,False
5769,804984,INXXX382_b,INXXX382_b_L,False,False,False,False,False,False,False,False
5770,805042,IN00A034,IN00A034_M,False,False,False,False,False,False,False,False
5771,805057,IN06B063,IN06B063_R,False,False,False,False,False,False,False,False
5772,805072,IN02A023,IN02A023_L,False,False,False,False,False,False,False,False
5773,805083,IN06B063,IN06B063_L,False,False,False,False,False,False,False,False
5774,805097,IN09B038,IN09B038_L,False,False,False,False,False,False,False,False
5775,805098,IN00A034,IN00A034_M,False,False,False,False,False,False,False,False
5776,805102,IN12B068_a,IN12B068_a_L,False,False,False,False,False,False,False,False
5777,805105,IN06B063,IN06B063_L,False,False,False,False,False,False,False,False
5778,805112,IN18B040,IN18B040_L,False,False,False,False,False,False,False,False
5779,805123,IN08B073,IN08B073_R,False,False,False,False,False,False,False,False
5780,805126,IN12B068_a,IN12B068_a_R,False,False,False,False,False,False,False,False
5781,805132,IN02A023,IN02A023_R,False,False,False,False,False,False,False,False
5782,805138,IN11A014,IN11A014_L,False,False,False,False,False,False,False,False
5783,805152,vMS12_d,vMS12_d_L,False,False,False,False,False,False,False,False
5784,805157,IN08B068,IN08B068_R,False,False,False,False,False,False,False,False
5785,805182,IN06B063,IN06B063_R,False,False,False,False,False,False,False,False
5786,805206,IN05B061,IN05B061_R,False,False,False,False,False,False,False,False
5787,805207,vMS12_d,vMS12_d_R,False,False,False,False,False,False,False,False
5788,805209,IN06B059,IN06B059_L,False,False,False,False,False,False,False,False
5789,805215,IN07B073_a,IN07B073_a_R,False,False,False,False,False,False,False,False
5790,805221,IN10B032,IN10B032_R,False,False,False,False,False,False,False,False
5791,805229,IN27X003,IN27X003_L,False,False,False,False,False,False,False,False
5792,805239,IN18B035,IN18B035_R,False,False,False,False,False,False,False,False
5793,805264,IN17A034,IN17A034_R,False,False,False,False,False,False,False,False
5794,805275,IN11A022,IN11A022_R,False,False,False,False,False,False,False,False
5795,805278,IN05B061,IN05B061_L,False,False,False,False,False,False,False,False
5796,805293,IN12A053_c,IN12A053_c_L,False,False,False,False,False,False,False,False
5797,805298,IN06B059,IN06B059_L,False,False,False,False,False,False,False,False
5798,805303,IN08B051_d,IN08B051_d_R,False,False,False,False,False,False,False,False
5799,805307,IN07B073_c,IN07B073_c_R,False,False,False,False,False,False,False,False
5800,805311,IN11A022,IN11A022_L,False,False,False,False,False,False,False,False
5801,805316,IN06B047,IN06B047_L,False,False,False,False,False,False,False,False
5802,805338,IN02A023,IN02A023_L,False,False,False,False,False,False,False,False
5803,805359,IN08B078,IN08B078_L,False,False,False,False,False,False,False,False
5804,805362,AN27X011,AN27X011_L,False,False,False,False,False,False,False,False
5805,805365,IN11A021,IN11A021_L,False,False,False,False,False,False,False,False
5806,805372,dMS2,dMS2_L,False,False,False,False,False,False,False,False
5807,805388,IN08B078,IN08B078_R,False,False,False,False,False,False,False,False
5808,805401,IN17A085,IN17A085_L,False,False,False,False,False,False,False,False
5809,805405,IN17A033,IN17A033_L,False,False,False,False,False,False,False,False
5810,805423,IN03B053,IN03B053_L,False,False,False,False,False,False,False,False
5811,805444,vMS12_d,vMS12_d_R,False,False,False,False,False,False,False,False
5812,805460,IN08B068,IN08B068_R,False,False,False,False,False,False,False,False
5813,805466,INXXX369,INXXX369_R,False,False,False,False,False,False,False,False
5814,805485,IN05B085,IN05B085_L,False,False,False,False,False,False,False,False
5815,805491,IN02A023,IN02A023_L,False,False,False,False,False,False,False,False
5816,805516,IN08B075,IN08B075_L,False,False,False,False,False,False,False,False
5817,805535,vMS11,vMS11_R,False,False,False,False,False,False,False,False
5818,805542,IN17A049,IN17A049_L,False,False,False,False,False,False,False,False
5819,805548,IN06A016,IN06A016_L,False,False,False,False,False,False,False,False
5820,805604,IN11A021,IN11A021_L,False,False,False,False,False,False,False,False
5821,805609,IN06B047,IN06B047_L,False,False,False,False,False,False,False,False
5822,805632,dMS2,dMS2_L,False,False,False,False,False,False,False,False
5823,805676,IN06B036,IN06B036_R,False,False,False,False,False,False,False,False
5824,805704,IN00A035,IN00A035_M,False,False,False,False,False,False,False,False
5825,805737,IN08B083_d,IN08B083_d_L,False,False,False,False,False,False,False,False
5826,805754,IN07B065,IN07B065_R,False,False,False,False,False,False,False,False
5827,805773,IN12B068_b,IN12B068_b_R,False,False,False,False,False,False,False,False
5828,805788,IN05B066,IN05B066_L,False,False,False,False,False,False,False,False
5829,805793,IN12B068_a,IN12B068_a_L,False,False,False,False,False,False,False,False
5830,805825,IN08B083_d,IN08B083_d_R,False,False,False,False,False,False,False,False
5831,805846,IN05B080,IN05B080_L,False,False,False,False,False,False,False,False
5832,805849,IN08B085_a,IN08B085_a_L,False,False,False,False,False,False,False,False
5833,805854,IN11A014,IN11A014_R,False,False,False,False,False,False,False,False
5834,805874,IN11A022,IN11A022_L,False,False,False,False,False,False,False,False
5835,805962,IN06B061,IN06B061_R,False,False,False,False,False,False,False,False
5836,805963,IN08B085_a,IN08B085_a_L,False,False,False,False,False,False,False,False
5837,805966,IN08B068,IN08B068_L,False,False,False,False,False,False,False,False
5838,805992,AN27X011,AN27X011_R,False,False,False,False,False,False,False,False
5839,805998,IN06B036,IN06B036_L,False,False,False,False,False,False,False,False
5840,806001,IN23B006,IN23B006_L,False,False,False,False,False,False,False,False
5841,806016,IN00A035,IN00A035_M,False,False,False,False,False,False,False,False
5842,806032,INXXX360,INXXX360_R,False,False,False,False,False,False,False,False
5843,806046,IN17A033,IN17A033_R,False,False,False,False,False,False,False,False
5844,806056,IN08B085_a,IN08B085_a_R,False,False,False,False,False,False,False,False
5845,806059,IN05B075,IN05B075_L,False,False,False,False,False,False,False,False
5846,806077,IN05B085,IN05B085_L,False,False,False,False,False,False,False,False
5847,806092,IN11A016,IN11A016_L,False,False,False,False,False,False,False,False
5848,806102,SNpp06,,False,False,False,False,False,False,False,False
5849,806138,IN03B057,IN03B057_L,False,False,False,False,False,False,False,False
5850,806149,IN20A.22A053,IN20A.22A053_R,False,False,False,False,False,False,False,False
5851,806190,IN05B066,IN05B066_L,False,False,False,False,False,False,False,False
5852,806192,IN00A041,IN00A041_M,False,False,False,False,False,False,False,False
5853,806197,IN07B073_b,IN07B073_b_L,False,False,False,False,False,False,False,False
5854,806203,IN06B077,IN06B077_L,False,False,False,False,False,False,False,False
5855,806213,IN00A024,IN00A024_M,False,False,False,False,False,False,False,False
5856,806232,IN00A041,IN00A041_M,False,False,False,False,False,False,False,False
5857,806237,IN06B036,IN06B036_R,False,False,False,False,False,False,False,False
5858,806248,IN06B061,IN06B061_R,False,False,False,False,False,False,False,False
5859,806271,IN12B063_c,IN12B063_c_R,False,False,False,False,False,False,False,False
5860,806277,IN08B051_d,IN08B051_d_L,False,False,False,False,False,False,False,False
5861,806284,IN11A021,IN11A021_L,False,False,False,False,False,False,False,False
5862,806307,IN16B093,IN16B093_R,False,False,False,False,False,False,False,False
5863,806310,IN06B063,IN06B063_L,False,False,False,False,False,False,False,False
5864,806322,vMS12_e,vMS12_e_R,False,False,False,False,False,False,False,False
5865,806345,INXXX369,INXXX369_L,False,False,False,False,False,False,False,False
5866,806393,IN03B053,IN03B053_R,False,False,False,False,False,False,False,False
5867,806394,IN06B059,IN06B059_L,False,False,False,False,False,False,False,False
5868,806395,IN12B068_b,IN12B068_b_L,False,False,False,False,False,False,False,False
5869,806397,IN07B054,IN07B054_R,False,False,False,False,False,False,False,False
5870,806414,IN06B080,IN06B080_L,False,False,False,False,False,False,False,False
5871,806431,IN12A044,IN12A044_L,False,False,False,False,False,False,False,False
5872,806478,IN03B065,IN03B065_R,False,False,False,False,False,False,False,False
5873,806487,IN12A053_c,IN12A053_c_R,False,False,False,False,False,False,False,False
5874,806493,IN06B053,IN06B053_R,False,False,False,False,False,False,False,False
5875,806500,dMS2,dMS2_R,False,False,False,False,False,False,False,False
5876,806509,IN00A054,IN00A054_M,False,False,False,False,False,False,False,False
5877,806522,IN07B073_c,IN07B073_c_R,False,False,False,False,False,False,False,False
5878,806544,IN11A016,IN11A016_R,False,False,False,False,False,False,False,False
5879,806554,IN08B078,IN08B078_R,False,False,False,False,False,False,False,False
5880,806568,IN12B068_a,IN12B068_a_R,False,False,False,False,False,False,False,False
5881,806636,IN02A023,IN02A023_L,False,False,False,False,False,False,False,False
5882,806662,IN07B054,IN07B054_L,False,False,False,False,False,False,False,False
5883,806691,IN08B083_a,IN08B083_a_L,False,False,False,False,False,False,False,False
5884,806702,IN12A053_a,IN12A053_a_L,False,False,False,False,False,False,False,False
5885,806704,IN06B056,IN06B056_L,False,False,False,False,False,False,False,False
5886,806708,IN11A021,IN11A021_L,False,False,False,False,False,False,False,False
5887,806718,IN06B036,IN06B036_L,False,False,False,False,False,False,False,False
5888,806719,IN00A050,IN00A050_M,False,False,False,False,False,False,False,False
5889,806736,IN00A041,IN00A041_M,False,False,False,False,False,False,False,False
5890,806753,IN06B059,IN06B059_L,False,False,False,False,False,False,False,False
5891,806787,IN08B051_c,IN08B051_c_L,False,False,False,False,False,False,False,False
5892,806813,IN06B056,IN06B056_L,False,False,False,False,False,False,False,False
5893,806820,IN21A049,IN21A049_L,False,False,False,False,False,False,False,False
5894,806829,INXXX129,INXXX129_L,False,False,False,False,False,False,False,False
5895,806858,IN12B063_a,IN12B063_a_R,False,False,False,False,False,False,False,False
5896,806864,IN17A056,IN17A056_R,False,False,False,False,False,False,False,False
5897,806870,IN06B061,IN06B061_R,False,False,False,False,False,False,False,False
5898,806903,IN07B054,IN07B054_R,False,False,False,False,False,False,False,False
5899,806954,IN06B080,IN06B080_R,False,False,False,False,False,False,False,False
5900,806969,IN07B058,IN07B058_R,False,False,False,False,False,False,False,False
5901,806976,IN00A044,IN00A044_M,False,False,False,False,False,False,False,False
5902,807039,IN00A053,IN00A053_M,False,False,False,False,False,False,False,False
5903,807115,IN06B061,IN06B061_L,False,False,False,False,False,False,False,False
5904,807118,IN11A032_c,IN11A032_c_R,False,False,False,False,False,False,False,False
5905,807156,IN23B071,IN23B071_L,False,False,False,False,False,False,False,False
5906,807157,IN06B056,IN06B056_R,False,False,False,False,False,False,False,False
5907,807164,IN05B074,IN05B074_L,False,False,False,False,False,False,False,False
5908,807212,vMS12_e,vMS12_e_L,False,False,False,False,False,False,False,False
5909,807244,IN12B069,IN12B069_L,False,False,False,False,False,False,False,False
5910,807254,IN11A021,IN11A021_L,False,False,False,False,False,False,False,False
5911,807263,IN07B054,IN07B054_L,False,False,False,False,False,False,False,False
5912,807292,INXXX290,INXXX290_R,False,False,False,False,False,False,False,False
5913,807325,IN17A053,IN17A053_L,False,False,False,False,False,False,False,False
5914,807338,IN06B061,IN06B061_L,False,False,False,False,False,False,False,False
5915,807339,IN06B043,IN06B043_L,False,False,False,False,False,False,False,False
5916,807340,IN18B049,IN18B049_L,False,False,False,False,False,False,False,False
5917,807361,IN07B066,IN07B066_R,False,False,False,False,False,False,False,False
5918,807362,IN12B063_b,IN12B063_b_R,False,False,False,False,False,False,False,False
5919,807375,IN12B063_c,IN12B063_c_R,False,False,False,False,False,False,False,False
5920,807379,INXXX341,INXXX341_L,False,False,False,False,False,False,False,False
5921,807387,IN05B065,IN05B065_L,False,False,False,False,False,False,False,False
5922,807390,IN19B094,IN19B094_L,False,False,False,False,False,False,False,False
5923,807397,IN05B072_b,IN05B072_b_R,False,False,False,False,False,False,False,False
5924,807431,IN18B051,IN18B051_R,False,False,False,False,False,False,False,False
5925,807445,IN11A030,IN11A030_R,False,False,False,False,False,False,False,False
5926,807512,IN07B054,IN07B054_L,False,False,False,False,False,False,False,False
5927,807518,IN08B051_e,IN08B051_e_L,False,False,False,False,False,False,False,False
5928,807521,IN06B063,IN06B063_R,False,False,False,False,False,False,False,False
5929,807538,IN06B071,IN06B071_L,False,False,False,False,False,False,False,False
5930,807548,IN05B077,IN05B077_L,False,False,False,False,False,False,False,False
5931,807606,IN12B068_b,IN12B068_b_R,False,False,False,False,False,False,False,False
5932,807621,INXXX341,INXXX341_R,False,False,False,False,False,False,False,False
5933,807671,IN17A107,IN17A107_L,False,False,False,False,False,False,False,False
5934,807678,IN08B085_a,IN08B085_a_L,False,False,False,False,False,False,False,False
5935,807778,IN23B065,IN23B065_L,False,False,False,False,False,False,False,False
5936,807804,IN11A030,IN11A030_L,False,False,False,False,False,False,False,False
5937,807820,IN00A048,IN00A048_M,False,False,False,False,False,False,False,False
5938,807878,IN06B063,IN06B063_L,False,False,False,False,False,False,False,False
5939,807886,IN18B051,IN18B051_L,False,False,False,False,False,False,False,False
5940,807926,IN11A011,IN11A011_L,False,False,False,False,False,False,False,False
5941,807941,IN18B052,IN18B052_L,False,False,False,False,False,False,False,False
5942,807949,IN06B059,IN06B059_L,False,False,False,False,False,False,False,False
5943,808057,IN08B051_e,IN08B051_e_R,False,False,False,False,False,False,False,False
5944,808085,IN08B085_a,IN08B085_a_R,False,False,False,False,False,False,False,False
5945,808087,IN12A044,IN12A044_L,False,False,False,False,False,False,False,False
5946,808091,IN12A044,IN12A044_L,False,False,False,False,False,False,False,False
5947,808110,IN06B072,IN06B072_L,False,False,False,False,False,False,False,False
5948,808120,IN19B084,IN19B084_R,False,False,False,False,False,False,False,False
5949,808137,IN07B054,IN07B054_R,False,False,False,False,False,False,False,False
5950,808139,"SNpp29,SNpp63",,False,False,False,False,False,False,False,False
5951,808177,IN06B072,IN06B072_L,False,False,False,False,False,False,False,False
5952,808194,IN19B090,IN19B090_R,False,False,False,False,False,False,False,False
5953,808229,IN12A059_b,IN12A059_b_L,False,False,False,False,False,False,False,False
5954,808245,IN05B085,IN05B085_L,False,False,False,False,False,False,False,False
5955,808289,IN01A023,IN01A023_L,False,False,False,False,False,False,False,False
5956,808323,IN09A050,IN09A050_R,False,False,False,False,False,False,False,False
5957,808334,IN06B064,IN06B064_R,False,False,False,False,False,False,False,False
5958,808384,IN00A064,IN00A064_M,False,False,False,False,False,False,False,False
5959,808427,IN05B090,IN05B090_R,False,False,False,False,False,False,False,False
5960,808531,IN19B084,IN19B084_L,False,False,False,False,False,False,False,False
5961,808596,IN07B073_c,IN07B073_c_L,False,False,False,False,False,False,False,False
5962,808601,IN12B069,IN12B069_R,False,False,False,False,False,False,False,False
5963,808644,IN12A044,IN12A044_R,False,False,False,False,False,False,False,False
5964,808703,IN11A032_d,IN11A032_d_L,False,False,False,False,False,False,False,False
5965,808747,IN06B080,IN06B080_L,False,False,False,False,False,False,False,False
5966,808756,IN08B051_d,IN08B051_d_R,False,False,False,False,False,False,False,False
5967,808762,IN12A044,IN12A044_L,False,False,False,False,False,False,False,False
5968,808777,IN01B052,IN01B052_R,False,False,False,False,False,False,False,False
5969,808786,IN11A032_d,IN11A032_d_R,False,False,False,False,False,False,False,False
5970,808797,IN05B091,IN05B091_L,False,False,False,False,False,False,False,False
5971,808803,IN12A042,IN12A042_R,False,False,False,False,False,False,False,False
5972,808830,IN05B072_a,IN05B072_a_R,False,False,False,False,False,False,False,False
5973,808831,IN17A106_a,IN17A106_a_L,False,False,False,False,False,False,False,False
5974,808844,IN01A073,IN01A073_R,False,False,False,False,False,False,False,False
5975,808894,IN02A041,IN02A041_R,False,False,False,False,False,False,False,False
5976,809000,IN06B080,IN06B080_R,False,False,False,False,False,False,False,False
5977,809090,IN06B080,IN06B080_L,False,False,False,False,False,False,False,False
5978,809094,IN17A090,IN17A090_L,False,False,False,False,False,False,False,False
5979,809119,IN17A112,IN17A112_L,False,False,False,False,False,False,False,False
5980,809161,IN01A076,IN01A076_R,False,False,False,False,False,False,False,False
5981,809180,IN06B059,IN06B059_R,False,False,False,False,False,False,False,False
5982,809189,IN11A032_e,IN11A032_e_R,False,False,False,False,False,False,False,False
5983,809221,IN12A058,IN12A058_R,False,False,False,False,False,False,False,False
5984,809244,IN07B066,IN07B066_R,False,False,False,False,False,False,False,False
5985,809282,IN05B091,IN05B091_L,False,False,False,False,False,False,False,False
5986,809287,IN12A044,IN12A044_R,False,False,False,False,False,False,False,False
5987,809289,IN12A042,IN12A042_R,False,False,False,False,False,False,False,False
5988,809328,IN11A021,IN11A021_R,False,False,False,False,False,False,False,False
5989,809350,IN05B074,IN05B074_R,False,False,False,False,False,False,False,False
5990,809360,IN19B094,IN19B094_L,False,False,False,False,False,False,False,False
5991,809456,,,False,False,False,False,False,False,False,False
5992,809513,IN00A054,IN00A054_M,False,False,False,False,False,False,False,False
5993,809542,IN09A043,IN09A043_L,False,False,False,False,False,False,False,False
5994,809546,IN08B085_a,IN08B085_a_R,False,False,False,False,False,False,False,False
5995,809594,IN19B091,IN19B091_R,False,False,False,False,False,False,False,False
5996,809607,SNpp21,,False,False,False,False,False,False,False,False
5997,809662,IN00A054,IN00A054_M,False,False,False,False,False,False,False,False
5998,809709,IN17A085,IN17A085_L,False,False,False,False,False,False,False,False
5999,809743,IN19B084,IN19B084_L,False,False,False,False,False,False,False,False
6000,809754,IN17A106_b,IN17A106_b_L,False,False,False,False,False,False,False,False
6001,809789,IN08B085_a,IN08B085_a_L,False,False,False,False,False,False,False,False
6002,809816,IN12A062,IN12A062_L,False,False,False,False,False,False,False,False
6003,809827,IN07B066,IN07B066_R,False,False,False,False,False,False,False,False
6004,809849,IN12B070,IN12B070_R,False,False,False,False,False,False,False,False
6005,809865,IN12A044,IN12A044_R,False,False,False,False,False,False,False,False
6006,809868,IN07B066,IN07B066_R,False,False,False,False,False,False,False,False
6007,809876,IN19B095,IN19B095_L,False,False,False,False,False,False,False,False
6008,809933,IN12A044,IN12A044_L,False,False,False,False,False,False,False,False
6009,809956,IN09A060,IN09A060_R,False,False,False,False,False,False,False,False
6010,810070,IN17A094,IN17A094_R,False,False,False,False,False,False,False,False
6011,810119,IN06B080,IN06B080_L,False,False,False,False,False,False,False,False
6012,810128,IN07B073_a,IN07B073_a_R,False,False,False,False,False,False,False,False
6013,810151,IN06B080,IN06B080_R,False,False,False,False,False,False,False,False
6014,810170,IN08B085_a,IN08B085_a_R,False,False,False,False,False,False,False,False
6015,810201,IN12B074,IN12B074_L,False,False,False,False,False,False,False,False
6016,810271,IN00A054,IN00A054_M,False,False,False,False,False,False,False,False
6017,810289,IN03B057,IN03B057_R,False,False,False,False,False,False,False,False
6018,810560,IN19B091,IN19B091_R,False,False,False,False,False,False,False,False
6019,810644,IN09A060,IN09A060_R,False,False,False,False,False,False,False,False
6020,810686,IN11B025,IN11B025_L,False,False,False,False,False,False,False,False
6021,810821,"SNpp29,SNpp63",,False,False,False,False,False,False,False,False
6022,810896,IN06B059,IN06B059_L,False,False,False,False,False,False,False,False
6023,810928,IN06B080,IN06B080_R,False,False,False,False,False,False,False,False
6024,810955,IN19B094,IN19B094_L,False,False,False,False,False,False,False,False
6025,811029,IN03B065,IN03B065_L,False,False,False,False,False,False,False,False
6026,811045,IN08B104,IN08B104_L,False,False,False,False,False,False,False,False
6027,811088,IN06B028,IN06B028_L,False,False,False,False,False,False,False,False
6028,811109,IN17A094,IN17A094_L,False,False,False,False,False,False,False,False
6029,811111,IN00A047,IN00A047_M,False,False,False,False,False,False,False,False
6030,811236,IN08B104,IN08B104_R,False,False,False,False,False,False,False,False
6031,811248,"INXXX447,INXXX449","INXXX447,INXXX449_L",False,False,False,False,False,False,False,False
6032,811257,IN12B078,IN12B078_L,False,False,False,False,False,False,False,False
6033,811420,INXXX448,INXXX448_L,False,False,False,False,False,False,False,False
6034,811523,"INXXX447,INXXX449","INXXX447,INXXX449_L",False,False,False,False,False,False,False,False
6035,811552,IN03B065,IN03B065_R,False,False,False,False,False,False,False,False
6036,811712,"INXXX447,INXXX449","INXXX447,INXXX449_R",False,False,False,False,False,False,False,False
6037,811805,IN03B065,IN03B065_L,False,False,False,False,False,False,False,False
6038,811842,INXXX448,INXXX448_R,False,False,False,False,False,False,False,False
6039,811947,IN03B057,IN03B057_R,False,False,False,False,False,False,False,False
6040,812006,IN08B104,IN08B104_L,False,False,False,False,False,False,False,False
6041,812029,INXXX448,INXXX448_L,False,False,False,False,False,False,False,False
6042,812123,IN17A087,IN17A087_R,False,False,False,False,False,False,False,False
6043,812196,IN05B090,IN05B090_L,False,False,False,False,False,False,False,False
6044,812256,INXXX437,INXXX437_R,False,False,False,False,False,False,False,False
6045,812553,IN08B104,IN08B104_R,False,False,False,False,False,False,False,False
6046,812557,"INXXX447,INXXX449","INXXX447,INXXX449_R",False,False,False,False,False,False,False,False
6047,812651,IN11B025,IN11B025_R,False,False,False,False,False,False,False,False
6048,812704,IN17A103,IN17A103_L,False,False,False,False,False,False,False,False
6049,812751,IN03B057,IN03B057_L,False,False,False,False,False,False,False,False
6050,813084,INXXX448,INXXX448_L,False,False,False,False,False,False,False,False
6051,813184,IN18B052,IN18B052_L,False,False,False,False,False,False,False,False
6052,813350,IN05B088,IN05B088_R,False,False,False,False,False,False,False,False
6053,813673,IN05B090,IN05B090_R,False,False,False,False,False,False,False,False
6054,813748,IN08B105,IN08B105_R,False,False,False,False,False,False,False,False
6055,813851,IN12A059_c,IN12A059_c_L,False,False,False,False,False,False,False,False
6056,813894,INXXX448,INXXX448_L,False,False,False,False,False,False,False,False
6057,814203,INXXX448,INXXX448_R,False,False,False,False,False,False,False,False
6058,814291,IN05B085,IN05B085_L,False,False,False,False,False,False,False,False
6059,814356,IN06B028,IN06B028_R,False,False,False,False,False,False,False,False
6060,814502,IN17A094,IN17A094_L,False,False,False,False,False,False,False,False
6061,814532,IN12B066_b,IN12B066_b_L,False,False,False,False,False,False,False,False
6062,815323,IN19B094,IN19B094_L,False,False,False,False,False,False,False,False
6063,815818,IN09B052_a,IN09B052_a_L,False,False,False,False,False,False,False,False
6064,818458,IN05B093,IN05B093_R,False,False,False,False,False,False,False,False
6065,818593,IN06B036,IN06B036_R,False,False,False,False,False,False,False,False
6066,818784,IN05B090,IN05B090_L,False,False,False,False,False,False,False,False
6067,819028,IN09A006,IN09A006_L,False,False,False,False,False,False,False,False
6068,849981,IN00A039,IN00A039_M,False,False,False,False,False,False,False,False
6069,901791,GNG146,GNG146_R,False,False,False,False,False,False,False,False
6070,902275,IN06B018,IN06B018_R,False,False,False,False,False,False,False,False
6071,902280,IN09B005,IN09B005_R,False,False,False,False,False,False,False,False
6072,902348,IN05B031,IN05B031_L,False,False,False,False,False,False,False,False
6073,902418,TN1c_c,TN1c_c_L,False,False,False,False,False,False,False,False
6074,902439,IN03A007,IN03A007_R,False,False,False,False,False,False,False,False
6075,902476,INXXX023,INXXX023_R,False,False,False,False,False,False,False,False
6076,902529,IN03B022,IN03B022_R,False,False,False,False,False,False,False,False
6077,902533,IN23B018,IN23B018_L,False,False,False,False,False,False,False,False
6078,902578,IN05B090,IN05B090_L,False,False,False,False,False,False,False,False
6079,902691,INXXX360,INXXX360_L,False,False,False,False,False,False,False,False
6080,902704,IN12B009,IN12B009_L,False,False,False,False,False,False,False,False
6081,902760,IN17A020,IN17A020_L,False,False,False,False,False,False,False,False
6082,902810,IN11A008,IN11A008_R,False,False,False,False,False,False,False,False
6083,902931,INXXX230,INXXX230_R,False,False,False,False,False,False,False,False
6084,903066,INXXX337,INXXX337_L,False,False,False,False,False,False,False,False
6085,903085,TN1a_f,TN1a_f_L,False,False,False,False,False,False,False,False
6086,903086,vMS12_a,vMS12_a_L,False,False,False,False,False,False,False,False
6087,903103,IN11A025,IN11A025_L,False,False,False,False,False,False,False,False
6088,903232,GFC2,GFC2_L,False,False,False,False,False,False,False,False
6089,903238,IN20A.22A033,IN20A.22A033_L,False,False,False,False,False,False,False,False
6090,903288,IN21A018,IN21A018_R,False,False,False,False,False,False,False,False
6091,903324,IN20A.22A002,IN20A.22A002_R,False,False,False,False,False,False,False,False
6092,903327,PSI,PSI_R,False,False,False,False,False,False,False,False
6093,903330,"IN17A043,IN17A046","IN17A043,IN17A046_L",False,False,False,False,False,False,False,False
6094,903331,IN17A037,IN17A037_L,False,False,False,False,False,False,False,False
6095,903361,IN06B056,IN06B056_R,False,False,False,False,False,False,False,False
6096,903400,IN18B020,IN18B020_R,False,False,False,False,False,False,False,False
6097,903414,IN06B052,IN06B052_R,False,False,False,False,False,False,False,False
6098,903418,IN23B043,IN23B043_R,False,False,False,False,False,False,False,False
6099,903461,IN17A020,IN17A020_L,False,False,False,False,False,False,False,False
6100,903466,ANXXX023,ANXXX023_R,False,False,False,False,False,False,False,False
6101,903519,IN21A018,IN21A018_R,False,False,False,False,False,False,False,False
6102,903533,IN03A007,IN03A007_L,False,False,False,False,False,False,False,False
6103,903561,IN12B002,IN12B002_R,False,False,False,False,False,False,False,False
6104,903574,IN19A012,IN19A012_R,False,False,False,False,False,False,False,False
6105,903590,IN11A021,IN11A021_R,False,False,False,False,False,False,False,False
6106,903602,IN19A003,IN19A003_L,False,False,False,False,False,False,False,False
6107,903619,IN11A013,IN11A013_L,False,False,False,False,False,False,False,False
6108,903667,IN23B005,IN23B005_R,False,False,False,False,False,False,False,False
6109,903846,IN06B024,IN06B024_R,False,False,False,False,False,False,False,False
6110,903853,IN06B066,IN06B066_L,False,False,False,False,False,False,False,False
6111,903859,INXXX230,INXXX230_R,False,False,False,False,False,False,False,False
6112,904036,IN12B018,IN12B018_L,False,False,False,False,False,False,False,False
6113,904077,IN00A035,IN00A035_M,False,False,False,False,False,False,False,False
6114,904108,INXXX230,INXXX230_R,False,False,False,False,False,False,False,False
6115,904109,INXXX448,INXXX448_L,False,False,False,False,False,False,False,False
6116,904126,IN11A005,IN11A005_R,False,False,False,False,False,False,False,False
6117,904183,INXXX468,INXXX468_L,False,False,False,False,False,False,False,False
6118,904194,IN08B035,IN08B035_R,False,False,False,False,False,False,False,False
6119,904236,IN21A018,IN21A018_L,False,False,False,False,False,False,False,False
6120,904241,IN12B063_c,IN12B063_c_L,False,False,False,False,False,False,False,False
6121,904245,IN07B016,IN07B016_R,False,False,False,False,False,False,False,False
6122,904246,IN12B018,IN12B018_L,False,False,False,False,False,False,False,False
6123,904279,IN05B090,IN05B090_L,False,False,False,False,False,False,False,False
6124,904317,IN00A038,IN00A038_M,False,False,False,False,False,False,False,False
6125,904318,IN11A032_e,IN11A032_e_L,False,False,False,False,False,False,False,False
6126,904400,dMS2,dMS2_R,False,False,False,False,False,False,False,False
6127,904743,IN21A010,IN21A010_R,False,False,False,False,False,False,False,False
6128,904800,INXXX023,INXXX023_L,False,False,False,False,False,False,False,False
6129,904802,IN08B104,IN08B104_L,False,False,False,False,False,False,False,False
6130,904846,IN08B073,IN08B073_L,False,False,False,False,False,False,False,False
6131,904851,IN11A022,IN11A022_L,False,False,False,False,False,False,False,False
6132,904868,IN05B016,IN05B016_L,False,False,False,False,False,False,False,False
6133,904904,IN23B047,IN23B047_L,False,False,False,False,False,False,False,False
6134,904946,IN06A050,IN06A050_L,False,False,False,False,False,False,False,False
6135,904954,SNpp09,,False,False,False,False,False,False,False,False
6136,904997,SNpp09,,False,False,False,False,False,False,False,False
6137,905147,IN06B059,IN06B059_L,False,False,False,False,False,False,False,False
6138,905153,vMS11,vMS11_L,False,False,False,False,False,False,False,False
6139,905156,IN00A022,IN00A022_M,False,False,False,False,False,False,False,False
6140,905173,IN05B090,IN05B090_L,False,False,False,False,False,False,False,False
6141,905214,IN11A025,IN11A025_R,False,False,False,False,False,False,False,False
6142,905231,INXXX281,INXXX281_R,False,False,False,False,False,False,False,False
6143,905247,vPR9_b,vPR9_b_M,False,False,False,False,False,False,False,False
6144,905250,IN00A022,IN00A022_M,False,False,False,False,False,False,False,False
6145,905415,IN07B006,IN07B006_L,False,False,False,False,False,False,False,False
6146,905420,IN11B011,IN11B011_L,False,False,False,False,False,False,False,False
6147,905447,IN18B014,IN18B014_L,False,False,False,False,False,False,False,False
6148,905528,AN27X019,AN27X019_R,False,False,False,False,False,False,False,False
6149,905558,IN01A031,IN01A031_R,False,False,False,False,False,False,False,False
6150,905707,IN11A014,IN11A014_R,False,False,False,False,False,False,False,False
6151,905730,IN11A008,IN11A008_L,False,False,False,False,False,False,False,False
6152,905899,IN17A045,IN17A045_L,False,False,False,False,False,False,False,False
6153,905902,IN16B068_c,IN16B068_c_R,False,False,False,False,False,False,False,False
6154,905905,INXXX230,INXXX230_L,False,False,False,False,False,False,False,False
6155,905915,IN11A032_e,IN11A032_e_R,False,False,False,False,False,False,False,False
6156,905918,IN23B024,IN23B024_L,False,False,False,False,False,False,False,False
6157,906084,IN12B068_a,IN12B068_a_L,False,False,False,False,False,False,False,False
6158,906092,INXXX230,INXXX230_L,False,False,False,False,False,False,False,False
6159,906186,IN06B059,IN06B059_R,False,False,False,False,False,False,False,False
6160,906299,IN13B015,IN13B015_L,False,False,False,False,False,False,False,False
6161,906378,vMS12_c,vMS12_c_L,False,False,False,False,False,False,False,False
6162,906415,IN23B047,IN23B047_R,False,False,False,False,False,False,False,False
6163,906681,IN05B090,IN05B090_L,False,False,False,False,False,False,False,False
6164,906686,INXXX045,INXXX045_L,False,False,False,False,False,False,False,False
6165,906717,vPR9_a,vPR9_a_M,False,False,False,False,False,False,False,False
6166,906992,SNpp32,,False,False,False,False,False,False,False,False
6167,907006,IN23B028,IN23B028_R,False,False,False,False,False,False,False,False
6168,907269,IN06B063,IN06B063_L,False,False,False,False,False,False,False,False
6169,907304,IN11A032_d,IN11A032_d_L,False,False,False,False,False,False,False,False
6170,907376,IN11A022,IN11A022_R,False,False,False,False,False,False,False,False
6171,907554,IN11B024_c,IN11B024_c_L,False,False,False,False,False,False,False,False
6172,907594,IN18B039,IN18B039_R,False,False,False,False,False,False,False,False
6173,907672,IN09B022,IN09B022_L,False,False,False,False,False,False,False,False
6174,907699,IN11A020,IN11A020_L,False,False,False,False,False,False,False,False
6175,907854,IN05B090,IN05B090_R,False,False,False,False,False,False,False,False
6176,907882,IN12A044,IN12A044_R,False,False,False,False,False,False,False,False
6177,908048,IN05B091,IN05B091_R,False,False,False,False,False,False,False,False
6178,908147,IN23B028,IN23B028_L,False,False,False,False,False,False,False,False
6179,908221,INXXX405,INXXX405_R,False,False,False,False,False,False,False,False
6180,908226,IN11A032_c,IN11A032_c_L,False,False,False,False,False,False,False,False
6181,908229,IN05B070,IN05B070_L,False,False,False,False,False,False,False,False
6182,908295,IN12B068_c,IN12B068_c_L,False,False,False,False,False,False,False,False
6183,908297,IN05B070,IN05B070_L,False,False,False,False,False,False,False,False
6184,908304,IN05B061,IN05B061_L,False,False,False,False,False,False,False,False
6185,908371,SNpp06,,False,False,False,False,False,False,False,False
6186,908379,SNpp09,,False,False,False,False,False,False,False,False
6187,908681,IN05B072_b,IN05B072_b_L,False,False,False,False,False,False,False,False
6188,908856,IN06B038,IN06B038_L,False,False,False,False,False,False,False,False
6189,908934,INXXX448,INXXX448_R,False,False,False,False,False,False,False,False
6190,908951,AN08B047,AN08B047_L,False,False,False,False,False,False,False,False
6191,909016,IN11A030,IN11A030_L,False,False,False,False,False,False,False,False
6192,909389,IN12B063_c,IN12B063_c_L,False,False,False,False,False,False,False,False
6193,909435,IN06B056,IN06B056_R,False,False,False,False,False,False,False,False
6194,909596,IN19B084,IN19B084_R,False,False,False,False,False,False,False,False
6195,909688,IN05B090,IN05B090_R,False,False,False,False,False,False,False,False
6196,909778,IN11A011,IN11A011_R,False,False,False,False,False,False,False,False
6197,909823,IN00A024,IN00A024_M,False,False,False,False,False,False,False,False
6198,909829,SNpp06,,False,False,False,False,False,False,False,False
6199,910030,AN09B029,AN09B029_R,False,False,False,False,False,False,False,False
6200,910554,,,False,False,False,False,False,False,False,False
6201,910810,IN05B011a,IN05B011a_R,False,False,False,False,False,False,False,False
6202,910912,IN13B004,IN13B004_L,False,False,False,False,False,False,False,False
6203,911174,IN05B090,IN05B090_R,False,False,False,False,False,False,False,False
6204,911703,IN12A058,IN12A058_L,False,False,False,False,False,False,False,False
6205,912096,AN09B036,AN09B036_L,False,False,False,False,False,False,False,False
6206,912269,IN17A107,IN17A107_R,False,False,False,False,False,False,False,False
6207,913397,IN06B016,IN06B016_L,False,False,False,False,False,False,False,False
6208,913931,IN10B003,IN10B003_R,False,False,False,False,False,False,False,False
6209,914445,IN27X005,IN27X005_R,False,False,False,False,False,False,False,False
6210,919061,JO-A2,JO-A2_L,True,False,False,False,False,False,False,False
6211,919595,IN00A010,IN00A010_M,False,False,False,False,False,False,False,False
6212,919652,IN18B012,IN18B012_L,False,False,False,False,False,False,False,False
6213,920914,JO-B4_b,JO-B4_b_L,True,False,False,False,False,False,False,False
6214,922797,CB3329,CB3329_R,False,False,False,False,False,False,False,False
6215,922950,JO-B1_a,JO-B1_a_L,True,False,False,False,False,False,False,False
6216,923171,INXXX140,INXXX140_R,False,False,False,False,False,False,False,False
6217,923203,DNpe005,DNpe005(WED123)_R,False,False,False,False,False,False,False,False
6218,924571,DNp64,DNp64(CL137)_L,False,False,False,False,False,False,False,False
6219,926518,IN12B015,IN12B015_R,False,False,False,False,False,False,False,False
6220,928257,AN08B031,AN08B031_R,False,False,False,False,False,False,False,False
6221,928274,INXXX003,INXXX003_L,False,False,False,False,False,False,False,False
6222,928361,JO-B1_a,JO-B1_a_L,True,False,False,False,False,False,False,False
6223,928701,AN02A016,AN02A016_R,False,False,False,False,False,False,False,False
6224,928792,IN05B072_a,IN05B072_a_L,False,False,False,False,False,False,False,False
6225,928855,JO-A2,JO-A2_L,True,False,False,False,False,False,False,False
6226,928916,JO-B3,JO-B3_L,True,False,False,False,False,False,False,False
6227,929704,IN01A011,IN01A011_R,False,False,False,False,False,False,False,False
6228,929908,,,False,False,False,False,False,False,False,False
6229,929968,BM_Vib,BM_Vib_L,False,False,False,False,False,False,False,False
6230,930597,,,False,False,False,False,False,False,False,False
6231,930760,JO-A2,JO-A2_L,True,False,False,False,False,False,False,False
6232,930997,vMS12_d,vMS12_d_L,False,False,False,False,False,False,False,False
6233,932493,IN08B003,IN08B003_L,False,False,False,False,False,False,False,False
6234,932684,ANXXX084,ANXXX084_R,False,False,False,False,False,False,False,False
6235,932780,JO-B1_a,JO-B1_a_R,True,False,False,False,False,False,False,False
6236,932807,SNpp09,,False,False,False,False,False,False,False,False
6237,932811,IN17B004,IN17B004_L,False,False,False,False,False,False,False,False
6238,932849,IN23B074,IN23B074_L,False,False,False,False,False,False,False,False
6239,933729,IN17A023,IN17A023_L,False,False,False,False,False,False,False,False
6240,934247,JO-A1,JO-A1_R,True,False,False,False,False,False,False,False
6241,934938,TN1a_f,TN1a_f_R,False,False,False,False,False,False,False,False
6242,934946,IN01A073,IN01A073_R,False,False,False,False,False,False,False,False
6243,935616,AN07B062,AN07B062_L,False,False,False,False,False,False,False,False
6244,936437,IN05B090,IN05B090_R,False,False,False,False,False,False,False,False
6245,936868,IN12A009,IN12A009_L,False,False,False,False,False,False,False,False
6246,940638,IN12A044,IN12A044_R,False,False,False,False,False,False,False,False
6247,940733,IN00A047,IN00A047_M,False,False,False,False,False,False,False,False
6248,941319,IN12B003,IN12B003_L,False,False,False,False,False,False,False,False
6249,941628,AVLP182,AVLP182_R,False,False,False,False,False,False,False,False
6250,942159,,,False,False,False,False,False,False,False,False
6251,942235,,,False,False,False,False,False,False,False,False
6252,943463,JO-B1_b,JO-B1_b_L,True,False,False,False,False,False,False,False
6253,944907,JO-B2,JO-B2_L,True,False,False,False,False,False,False,False
6254,946056,INXXX341,INXXX341_R,False,False,False,False,False,False,False,False
6255,954817,IN10B016,IN10B016_R,False,False,False,False,False,False,False,False
6256,957696,JO-B1_a,JO-B1_a_L,True,False,False,False,False,False,False,False
6257,130272750,JO-A2,JO-A2_R,True,False,False,False,False,False,False,False
6258,137801097,JO-B3,JO-B3_L,True,False,False,False,False,False,False,False
6259,139925399,JO-EV2,JO-EV2_L,False,False,False,False,False,False,False,False
6260,142338522,DNpe039,DNpe039(CL306)_L,False,False,False,False,False,False,False,False
6261,166331476,JO-FV,JO-FV_L,False,False,False,False,False,False,False,False
6262,172381354,,,False,False,False,False,False,False,False,False
6263,367193015,JO-A4,JO-A4_R,True,False,False,False,False,False,False,False
6264,369423058,JO-A4,JO-A4_R,True,False,False,False,False,False,False,False
6265,397041555,AN19B051,AN19B051_R,False,False,False,False,False,False,False,False
6266,465143833,CB1139,CB1139_R,False,False,False,False,False,False,False,False
6267,469098413,JO-A4,JO-A4_L,True,False,False,False,False,False,False,False
6268,610917351,JO-B4_b,JO-B4_b_R,True,False,False,False,False,False,False,False
6269,699735026,,,False,False,False,False,False,False,False,False
6270,725858665,,,False,False,False,False,False,False,False,False
6271,727132040,JO-B4_b,JO-B4_b_L,True,False,False,False,False,False,False,False
6272,747326486,,,False,False,False,False,False,False,False,False
6273,750369552,JO-B3,JO-B3_L,True,False,False,False,False,False,False,False
6274,846271510,JO-A2,JO-A2_L,True,False,False,False,False,False,False,False
6275,974267957,JO-B4_b,JO-B4_b_R,True,False,False,False,False,False,False,False
6276,1050443274,INXXX199,INXXX199_L,False,False,False,False,False,False,False,False
6277,1050859066,INXXX073,INXXX073_R,False,False,False,False,False,False,False,False
6278,1051573091,IN08B083_d,IN08B083_d_R,False,False,False,False,False,False,False,False
