neuron_index,bodyId,type,instance,synonyms,flywireType,hemibrainType,superclass,class,somaSide,dimorphism,fruDsx,consensus_nt,predicted_nt,predicted_nt_confidence,nt_model_sign,input_distance,output_distance,is_input_anchor,is_relay_anchor,is_output_anchor
0,10001,DNp01,DNp01(GF)_R,Kennedy and Broadie 2018: GF,DNp01,Giant Fiber,descending_neuron,,R,,,acetylcholine,acetylcholine,0.5004955542656235,1,1,2,False,False,False
1,10010,DNp01,DNp01(GF)_L,Kennedy and Broadie 2018: GF,DNp01,Giant Fiber,descending_neuron,,L,,,acetylcholine,acetylcholine,0.557140683373016,1,1,2,False,False,False
2,10013,MBON01,MBON01(y5B'2a)_R,,MBON01,MBON01,cb_intrinsic,MBON,R,,,glutamate,glutamate,0.721265767041154,-1,3,1,False,False,False
3,10017,AMMC-A1,AMMC-A1_L,,AMMC-A1,AMMC-A1,cb_intrinsic,,L,,,acetylcholine,unclear,0.4749889901606193,1,2,2,False,False,False
4,10020,AMMC-A1,AMMC-A1_L,,AMMC-A1,AMMC-A1,cb_intrinsic,,L,,,acetylcholine,unclear,0.4912820169458393,1,1,3,False,False,False
5,10026,DNp18,DNp18_R,Matsuo 2016: AMMC-Di3,DNp18,DNp18,descending_neuron,,R,,,acetylcholine,acetylcholine,0.942954004300056,1,2,2,False,False,False
6,10030,pIP1,pIP1_L,"Kimura 2008, Kohatsu 2010: P2b; Cachero 2010: pIP-a; Yu 2010: pIP1",,,descending_neuron,,L,male-specific,fru_high,acetylcholine,acetylcholine,0.9402498666693837,1,2,1,False,False,False
7,10033,DNg56,DNg56_R,,DNg56,,descending_neuron,,R,,,gaba,gaba,0.8807777696283894,-1,2,2,False,False,False
8,10038,pIP1,pIP1_R,"Kimura 2008, Kohatsu 2010: P2b; Cachero 2010: pIP-a; Yu 2010: pIP1",,,descending_neuron,,R,male-specific,fru_high,acetylcholine,acetylcholine,0.9498214919317843,1,2,1,False,False,False
9,10041,OA-VUMa1,OA-VUMa1_M,,OA-VUMa1,OA-VUMa1,cb_intrinsic,,M,,,octopamine,octopamine,0.8772287808970322,0,2,2,False,False,False
10,10044,SMP108,SMP108_L,,SMP108,SMP108,cb_intrinsic,,L,,,acetylcholine,acetylcholine,0.9461774829072599,1,3,1,False,False,False
11,10045,DNg100,DNg100_L,Sapkal 2024: BDN2,DNg100,,descending_neuron,,L,,,acetylcholine,acetylcholine,0.9529439618305637,1,2,2,False,False,False
12,10046,MeVC11,MeVC11_L,,cM15,PS125,visual_centrifugal,,L,,,acetylcholine,acetylcholine,0.9636337589444736,1,2,2,False,False,False
13,10048,DNp18,DNp18_L,Matsuo 2016: AMMC-Di3,DNp18,DNp18,descending_neuron,,L,,,acetylcholine,acetylcholine,0.8895975287307774,1,1,2,False,False,False
14,10050,5-HTPMPV03,5-HTPMPV03_R,,5-HTPMPV03,5-HTPMPV03,visual_centrifugal,,R,,,serotonin,serotonin,0.8074900022418119,0,1,2,False,False,False
15,10056,DNg100,DNg100_R,Sapkal 2024: BDN2,DNg100,,descending_neuron,,R,,,acetylcholine,acetylcholine,0.9560235114457264,1,2,2,False,False,False
16,10057,mALD1,mALD1_R,,mALD1,mALD1,cb_intrinsic,,R,,,gaba,gaba,0.7974837225671012,-1,2,2,False,False,False
17,10063,DNp27,DNp27_R,,DNp27,DNp27,descending_neuron,,R,,,acetylcholine,acetylcholine,0.7339942789480343,1,2,2,False,False,False
18,10065,DNb05,DNb05_R,Matsuo 2016: AMMC-Di7,DNb05,DNb05,descending_neuron,,R,potentially sexually dimorphic,,acetylcholine,acetylcholine,0.9631576733796452,1,2,2,False,False,False
19,10067,MeVPLp1,MeVPLp1_L,,MeLp1,,visual_projection,,L,,,acetylcholine,acetylcholine,0.9522379173187955,1,2,2,False,False,False
20,10069,AN07B004,AN07B004(PS299)_R,,AN_multi_28,PS299,ascending_neuron,,R,,,acetylcholine,gaba,0.8371982104343655,1,2,2,False,False,False
21,10070,AOTU019,AOTU019_L,,AOTU019,AOTU019,cb_intrinsic,,L,,,gaba,gaba,0.8259292441917407,-1,2,2,False,False,False
22,10074,PVLP010,PVLP010_L,,PVLP010,PVLP010,cb_intrinsic,,L,,,glutamate,glutamate,0.6151948465501277,-1,2,2,False,False,False
23,10075,DA1_lPN,DA1_lPN_L,Cachero 2010: aDT-e,DA1_lPN,DA1_lPN,cb_intrinsic,ALPN,L,,fru_high,acetylcholine,acetylcholine,0.9482094475122053,1,2,2,False,False,False
24,10078,MeVC1,MeVC1_L,,cM05,,visual_centrifugal,,L,,,acetylcholine,acetylcholine,0.9425737126302025,1,1,3,False,False,False
25,10080,OA-VUMa3,OA-VUMa3_M,,OA-VUMa3,,cb_intrinsic,,M,,,octopamine,octopamine,0.8309217556504856,0,2,2,False,False,False
26,10082,AVLP016,AVLP016_R,,AVLP016,AVLP016,cb_intrinsic,,R,,,glutamate,glutamate,0.5396932532982424,-1,2,2,False,False,False
27,10083,AVLP748m,AVLP748m_R,Cachero 2010: aIP-b,,,cb_intrinsic,,R,potentially male-specific,fru_high,acetylcholine,acetylcholine,0.9515000463208615,1,2,2,False,False,False
28,10087,ANXXX033,ANXXX033_L,,AN_multi_89,,ascending_neuron,,L,,,acetylcholine,acetylcholine,0.7978131072457166,1,2,2,False,False,False
29,10088,MeVC1,MeVC1_R,,cM05,,visual_centrifugal,,R,,,acetylcholine,acetylcholine,0.9468474140038361,1,1,3,False,False,False
30,10089,PLP034,PLP034_L,,PLP034,PLP034,cb_intrinsic,,L,,,glutamate,glutamate,0.7667451044886248,-1,2,2,False,False,False
31,10090,aSP22,aSP22(DNa12)_L,McKellar 2019: DNa12,aSP22,DNa08,descending_neuron,,L,sexually dimorphic,,acetylcholine,acetylcholine,0.9632889119073276,1,2,1,False,False,False
32,10091,DNpe042,DNpe042(CL262)_L,,DNpe042,CL262,descending_neuron,,L,,,acetylcholine,acetylcholine,0.9563035114571165,1,2,2,False,False,False
33,10094,AVLP597,AVLP597_L,,VESa1_P02,,cb_intrinsic,,L,,,gaba,gaba,0.8126165345247504,-1,2,2,False,False,False
34,10098,AVLP442,AVLP442_L,,AVLP442,AVLP442,cb_intrinsic,,L,,,acetylcholine,acetylcholine,0.9539115858099645,1,2,2,False,False,False
35,10100,LoVCLo3,LoVCLo3_R,,OA-AL2b1,PLP244,visual_centrifugal,,R,,,octopamine,octopamine,0.8676259321331098,0,2,2,False,False,False
36,10101,PS100,PS100_R,,PS100,PS100,cb_intrinsic,,R,,,gaba,gaba,0.8550328160835646,-1,2,2,False,False,False
37,10103,GNG104,GNG104_L,,CB0409,,cb_intrinsic,,L,,,acetylcholine,acetylcholine,0.9441698480380132,1,2,2,False,False,False
38,10104,aSP22,aSP22(DNa12)_R,McKellar 2019: DNa12,aSP22,DNa08,descending_neuron,,R,sexually dimorphic,,acetylcholine,acetylcholine,0.9642187199481161,1,2,1,False,False,False
39,10105,MeVC25,MeVC25_L,,cML01,,visual_centrifugal,,L,,,glutamate,glutamate,0.8417522945934407,-1,1,3,False,False,False
40,10106,DNp11,DNp11_R,Matsuo 2016: AMMC-Db3,DNp11,DNp11,descending_neuron,,R,,,acetylcholine,acetylcholine,0.9111542945898922,1,2,2,False,False,False
41,10109,VES041,VES041_L,,VES041,VES041,cb_intrinsic,,L,,,gaba,gaba,0.8583959215563793,-1,2,1,False,False,False
42,10110,OA-VUMa1,OA-VUMa1_M,,OA-VUMa1,OA-VUMa1,cb_intrinsic,,M,,,octopamine,octopamine,0.8761689911689688,0,2,2,False,False,False
43,10113,GNG106,GNG106_R,,CB0574,,cb_intrinsic,,R,,,acetylcholine,acetylcholine,0.8986007546281047,1,2,2,False,False,False
44,10114,Cm34,Cm34_R,,Sm42,,ol_intrinsic,,R,,,glutamate,glutamate,0.5090808610628856,-1,2,2,False,False,False
45,10115,AVLP016,AVLP016_L,,AVLP016,AVLP016,cb_intrinsic,,L,,,glutamate,glutamate,0.5680680661811779,-1,2,2,False,False,False
46,10116,VES074,VES074_L,Cachero 2010: pIP-g,VES074,VES074,cb_intrinsic,,L,sexually dimorphic,fru_high,acetylcholine,acetylcholine,0.9326937071476118,1,2,2,False,False,False
47,10117,DNp02,DNp02_R,Matsuo 2016: P3b,DNp02,DNp02,descending_neuron,,R,,fru_high,acetylcholine,acetylcholine,0.8450423680625282,1,2,1,False,False,False
48,10118,DNb05,DNb05_L,Matsuo 2016: AMMC-Di7,DNb05,DNb05,descending_neuron,,L,potentially sexually dimorphic,,acetylcholine,acetylcholine,0.9593688149511818,1,1,2,False,False,False
49,10120,OA-VPM4,OA-VPM4_L,,OA-VPM4,OA-VPM4,cb_intrinsic,,L,,,octopamine,octopamine,0.774815961959533,0,2,2,False,False,False
50,10122,SMP108,SMP108_R,,SMP108,SMP108,cb_intrinsic,,R,,,acetylcholine,acetylcholine,0.9443732055257656,1,3,1,False,False,False
51,10123,DNg30,DNg30_L,Scheunemann 2018: SPN,DNg30,DNg30,descending_neuron,,L,,,serotonin,serotonin,0.8334932580871116,0,2,2,False,False,False
52,10124,DNg105,DNg105_L,,DNg105,,descending_neuron,,L,,,gaba,gaba,0.8699713993460887,-1,2,2,False,False,False
53,10127,VES064,VES064_L,,VES064,VES064,cb_intrinsic,,L,sexually dimorphic,,glutamate,glutamate,0.7322223244960003,-1,2,2,False,False,False
54,10128,SAD103,SAD103_M,,CB3876,,cb_intrinsic,,M,,,gaba,gaba,0.8643752680684949,-1,1,2,False,False,False
55,10131,DNg74_a,DNg74_a_R,Sterne 2021: web,DNg74_a,,descending_neuron,,R,,,gaba,gaba,0.8857736261056552,-1,2,2,False,False,False
56,10132,LoVC1,LoVC1(IB112)_R,,cL14,IB112,visual_centrifugal,,R,,,glutamate,glutamate,0.7070441786960925,-1,2,2,False,False,False
57,10134,VL2a_adPN,VL2a_adPN_L,,VL2a_adPN,VL2a_adPN,cb_intrinsic,ALPN,L,,,acetylcholine,acetylcholine,0.9494698609717956,1,2,2,False,False,False
58,10135,DNge031,DNge031_L,,DNge031,,descending_neuron,,L,,,gaba,gaba,0.8575672928209399,-1,1,2,False,False,False
59,10136,PS304,PS304_L,,CB0021,,cb_intrinsic,,L,,,gaba,gaba,0.8388333049837081,-1,2,2,False,False,False
60,10139,AVLP040,AVLP040_L,,AVLP040,AVLP040,cb_intrinsic,,L,,,acetylcholine,acetylcholine,0.9621256555022957,1,2,2,False,False,False
61,10141,DNg15,DNg15_L,Matsuo 2016: AMMC-Db5; Sterne 2021: nagini,DNg15,,descending_neuron,,L,,,acetylcholine,acetylcholine,0.9494359407755731,1,2,2,False,False,False
62,10145,PVLP130,PVLP130_L,,PVLP130,PVLP130,cb_intrinsic,,L,,,gaba,gaba,0.8596009347069874,-1,2,2,False,False,False
63,10147,LHAD1g1,LHAD1g1_L,,LHAD1g1,LHAD1g1,cb_intrinsic,,L,,,gaba,gaba,0.8251751199406103,-1,2,2,False,False,False
64,10151,DNge103,DNge103_R,,DNge103,,descending_neuron,,R,sexually dimorphic,,gaba,gaba,0.8524994218868364,-1,2,2,False,False,False
65,10153,SAD051_b,SAD051_b_L,Cachero 2010: aDT-e; Vaughan 2014: aPN1,CB1542,SAD051_b,cb_intrinsic,,L,,fru_high,acetylcholine,acetylcholine,0.9578714014730989,1,1,2,False,True,False
66,10159,GNG702m,GNG702m_L,,,,cb_intrinsic,,L,male-specific,,unclear,unclear,0.45409880147510756,0,2,2,False,False,False
67,10160,DNg90,DNg90_L,,DNg90,,descending_neuron,,L,,,gaba,gaba,0.884382433997571,-1,2,2,False,False,False
68,10163,DNge036,DNge036_L,,DNge036,,descending_neuron,,L,,,acetylcholine,acetylcholine,0.9534552404112979,1,2,2,False,False,False
69,10164,MeVP26,MeVP26_L,,MTe42,,visual_projection,,L,,,glutamate,glutamate,0.7493789229594844,-1,2,2,False,False,False
70,10166,IB008,IB008_L,,IB008,IB008,cb_intrinsic,,L,,,gaba,gaba,0.8093282200893547,-1,2,2,False,False,False
71,10167,VES041,VES041_R,,VES041,VES041,cb_intrinsic,,R,,,gaba,gaba,0.8562464683286934,-1,2,1,False,False,False
72,10168,OA-VUMa6,OA-VUMa6(OA-VUMa7)_M,,OA-VUMa6,"OA-VUMa6,OA-VUMa7",cb_intrinsic,,M,,,octopamine,octopamine,0.834577178240752,0,2,2,False,False,False
73,10172,AVLP080,AVLP080_L,,AVLP080,AVLP080,cb_intrinsic,,L,,,gaba,gaba,0.8235094618624758,-1,2,2,False,False,False
74,10173,PVLP151,PVLP151_L,,PVLP151,PVLP151,cb_intrinsic,,L,,,acetylcholine,acetylcholine,0.9617031812209408,1,2,2,False,False,False
75,10175,OA-VUMa6,OA-VUMa6(OA-VUMa7)_M,,OA-VUMa6,"OA-VUMa6,OA-VUMa7",cb_intrinsic,,M,,,octopamine,octopamine,0.8158421908270602,0,2,2,False,False,False
76,10177,DNg16,DNg16_L,,DNg16,,descending_neuron,,L,,,acetylcholine,acetylcholine,0.9453293721848813,1,2,2,False,False,False
77,10180,AN02A002,AN02A002_R,,AN_multi_12,,ascending_neuron,,R,,,glutamate,glutamate,0.794404970352812,-1,2,1,False,False,False
78,10184,CL366,CL366_L,,CB0580,,cb_intrinsic,,L,,,gaba,gaba,0.8366736167904898,-1,2,1,False,False,False
79,10185,OA-VUMa8,OA-VUMa8_M,,OA-VUMa8,,cb_intrinsic,,M,,,octopamine,octopamine,0.8649249861199478,0,2,1,False,False,False
80,10186,CL361,CL361_L,,CL361,CL361,cb_intrinsic,,L,,,acetylcholine,acetylcholine,0.9267942197161161,1,2,2,False,False,False
81,10187,OA-VPM3,OA-VPM3_R,,OA-VPM3,OA-VPM3,cb_intrinsic,,R,,,octopamine,octopamine,0.7848141666890297,0,2,2,False,False,False
82,10188,LoVC6,LoVC6_R,,cL15,PLP014,visual_centrifugal,,R,,,gaba,gaba,0.8833024051406725,-1,2,2,False,False,False
83,10191,GNG661,GNG661_R,,CB0519,,cb_intrinsic,,R,,,acetylcholine,acetylcholine,0.9456731931423494,1,2,2,False,False,False
84,10193,CB2207,CB2207_L,,CB2207,,cb_intrinsic,,L,,,acetylcholine,acetylcholine,0.935331189635859,1,2,2,False,False,False
85,10194,CB2377,CB2377_L,,CB2377,,cb_intrinsic,,L,,,acetylcholine,acetylcholine,0.6132483501487861,1,2,2,False,False,False
86,10195,DNp29,DNp29(NPFP1)_R,Scheffer 2020: NPF1,DNp29,NPFP1,descending_neuron,,R,,,unclear,serotonin,0.6911395446117669,0,2,2,False,False,False
87,10197,DNp02,DNp02_L,Matsuo 2016: P3b,DNp02,DNp02,descending_neuron,,L,,fru_high,acetylcholine,acetylcholine,0.9159098167097302,1,1,2,False,False,False
88,10202,GNG103,GNG103(hb5813083315)_R,,CB0626,(hb5813083315),cb_intrinsic,,R,,,gaba,gaba,0.8195405631709332,-1,2,2,False,False,False
89,10203,PS100,PS100_L,,PS100,PS100,cb_intrinsic,,L,,,gaba,gaba,0.8628146857274704,-1,2,2,False,False,False
90,10205,GNG003,GNG003_M,Cachero 2010: pSG-e,CB3916,,cb_intrinsic,,M,,fru_high,gaba,gaba,0.8615250392366015,-1,2,2,False,False,False
91,10207,PS124,PS124_L,,PS124,PS124,cb_intrinsic,,L,,,acetylcholine,acetylcholine,0.9427501860956452,1,2,2,False,False,False
92,10212,AOTU042,AOTU042_L,Cachero 2010: aDT-c,AOTU042,AOTU042,cb_intrinsic,,L,,fru_high,gaba,gaba,0.8570330164854443,-1,2,2,False,False,False
93,10213,DNge083,DNge083_R,,DNge083,,descending_neuron,,R,,,glutamate,glutamate,0.8294433004136075,-1,2,2,False,False,False
94,10215,CB0677,CB0677_R,,CB0677,hb2035544474,cb_intrinsic,,R,,,gaba,gaba,0.8655650949587237,-1,2,2,False,False,False
95,10216,DNge037,DNge037_R,,DNge037,,descending_neuron,,R,,,acetylcholine,acetylcholine,0.9483827339765097,1,2,2,False,False,False
96,10218,DNg35,DNg35_R,,DNg35,,descending_neuron,,R,,,acetylcholine,acetylcholine,0.9341680053736187,1,2,2,False,False,False
97,10220,LoVC16,LoVC16_L,,cL21,PVLP132,visual_centrifugal,,L,,,glutamate,glutamate,0.8296751441039192,-1,1,3,False,False,False
98,10221,DNge037,DNge037_L,,DNge037,,descending_neuron,,L,,,acetylcholine,acetylcholine,0.9443129866112985,1,2,2,False,False,False
99,10223,DNpe056,DNpe056(PVLP146)_L,,DNpe056,PVLP146,descending_neuron,,L,,,acetylcholine,acetylcholine,0.9515824387694533,1,2,1,False,False,False
100,10224,AVLP001,AVLP001_L,,AVLP001,AVLP001,cb_intrinsic,,L,,,gaba,gaba,0.8475016143194397,-1,2,2,False,False,False
101,10228,DNp06,DNp06_L,Matsuo 2016: AMMC-Di5,DNp06,DNp06,descending_neuron,,L,,,acetylcholine,acetylcholine,0.9495065879467789,1,2,2,False,False,False
102,10230,SIP136m,SIP136m_R,,,,cb_intrinsic,,R,male-specific,,acetylcholine,acetylcholine,0.9556047868870247,1,2,1,False,False,False
103,10234,DNp35,DNp35(PVLP136)_L,,DNp35,PVLP136,descending_neuron,,L,,,acetylcholine,acetylcholine,0.9543729552314394,1,2,2,False,False,False
104,10236,DNg99,DNg99_R,,DNg99,,descending_neuron,,R,,,gaba,gaba,0.8495587018179118,-1,1,3,False,False,False
105,10237,DNg30,DNg30_R,Scheunemann 2018: SPN,DNg30,DNg30,descending_neuron,,R,,,serotonin,serotonin,0.8408010388197522,0,2,2,False,False,False
106,10240,WED092,WED092_L,,WED092b,WED092,cb_intrinsic,,L,,,acetylcholine,acetylcholine,0.9383200237078527,1,2,2,False,False,False
107,10241,AVLP001,AVLP001_R,,AVLP001,AVLP001,cb_intrinsic,,R,,,gaba,gaba,0.8573102321500594,-1,2,2,False,False,False
108,10243,VES104,VES104_L,,CB0283,,cb_intrinsic,,L,,,gaba,gaba,0.8818669182456421,-1,2,2,False,False,False
109,10244,DNp55,DNp55(WED180)_L,,DNp55,WED180,descending_neuron,,L,,,acetylcholine,acetylcholine,0.9030786062821096,1,1,2,False,False,False
110,10245,DNp36,DNp36(CL342)_R,Cachero 2010: pIP-h; Yu 2010: pIP9,DNp36,CL342,descending_neuron,,R,sexually dimorphic,fru_high,glutamate,glutamate,0.7973302146761128,-1,2,1,False,False,False
111,10246,SAD096,SAD096(hb2316502686)_M,,CB3878,(hb2316502686),cb_intrinsic,,M,,,gaba,gaba,0.8326948463687913,-1,1,2,False,False,False
112,10247,DNg74_a,DNg74_a_L,Sterne 2021: web,DNg74_a,,descending_neuron,,L,,,gaba,gaba,0.8885212769546232,-1,2,2,False,False,False
113,10252,CL001,CL001_R,,CL001,CL001,cb_intrinsic,,R,,,glutamate,glutamate,0.7961287885034027,-1,2,1,False,False,False
114,10253,AN07B004,AN07B004(PS299)_L,,AN_multi_28,PS299,ascending_neuron,,L,,,acetylcholine,gaba,0.8374600721418463,1,2,2,False,False,False
115,10257,AMMC-A1,AMMC-A1_L,,AMMC-A1,AMMC-A1,cb_intrinsic,,L,,,acetylcholine,acetylcholine,0.5931804647614707,1,1,3,False,False,False
116,10258,PLP124,PLP124_R,,PLP124,PLP124,cb_intrinsic,,R,,,acetylcholine,acetylcholine,0.7993999365668951,1,2,2,False,False,False
117,10259,DNp11,DNp11_L,Matsuo 2016: AMMC-Db3,DNp11,DNp11,descending_neuron,,L,,,acetylcholine,acetylcholine,0.9347718335345766,1,1,2,False,False,False
118,10263,GNG300,GNG300_R,,CB0010,,cb_intrinsic,,R,,,gaba,gaba,0.8327103569609767,-1,1,2,False,False,False
119,10273,SIP136m,SIP136m_L,,,,cb_intrinsic,,L,male-specific,,acetylcholine,acetylcholine,0.9627573078339775,1,2,1,False,False,False
120,10274,DNg108,DNg108_L,,DNg108,,descending_neuron,,L,,,gaba,gaba,0.869021166371277,-1,2,2,False,False,False
121,10278,5-HTPMPV03,5-HTPMPV03_L,,5-HTPMPV03,5-HTPMPV03,visual_centrifugal,,L,,,serotonin,serotonin,0.7850591612122783,0,1,2,False,False,False
122,10279,SAD113,SAD113_L,,CB1231b,,cb_intrinsic,,L,,,gaba,gaba,0.7885115728001123,-1,1,3,False,False,False
123,10280,DNp47,DNp47(PS293)_R,,DNp47,PS293,descending_neuron,,R,,,acetylcholine,acetylcholine,0.9637275124694087,1,2,2,False,False,False
124,10281,DNg108,DNg108_R,,DNg108,,descending_neuron,,R,,,gaba,gaba,0.8561473091788495,-1,2,2,False,False,False
125,10283,DNp103,DNp103(PVLP119)_R,,DNp103,PVLP119,descending_neuron,,R,,,acetylcholine,acetylcholine,0.9568302517284742,1,2,2,False,False,False
126,10286,DNpe053,DNpe053(SMP454)_L,,DNpe053,SMP454,descending_neuron,,L,,,acetylcholine,acetylcholine,0.9523271025371444,1,2,1,False,False,False
127,10287,AVLP606,AVLP606(hb1822659562)_M,,CB3921,(hb1822659562),cb_intrinsic,,M,,,gaba,gaba,0.8345474190284803,-1,2,2,False,False,False
128,10292,GNG702m,GNG702m_R,,,,cb_intrinsic,,R,male-specific,,unclear,unclear,0.49055242186891124,0,2,2,False,False,False
129,10294,OLVC5,OLVC5(PS064)_L,,cMLLP01,PS064,visual_centrifugal,,L,,,acetylcholine,acetylcholine,0.9473006211616313,1,2,2,False,False,False
130,10295,DNg34,DNg34_L,Yu 2010: aDT8; Busch 2009: OA-VPM1,DNg34,,descending_neuron,,L,,,unclear,octopamine,0.8308754461658638,0,2,2,False,False,False
131,10296,DNge054,DNge054_R,,DNge054,,descending_neuron,,R,,,gaba,gaba,0.8360325968376119,-1,2,2,False,False,False
132,10297,LHAD1g1,LHAD1g1_R,,LHAD1g1,LHAD1g1,cb_intrinsic,,R,,,gaba,gaba,0.8023775371779839,-1,2,2,False,False,False
133,10301,DNge050,DNge050_L,Sapkal 2024: BDN4,DNge050,,descending_neuron,,L,,,acetylcholine,acetylcholine,0.9588424113626206,1,2,2,False,False,False
134,10304,DNge041,DNge041_R,,DNge041,,descending_neuron,,R,,,acetylcholine,acetylcholine,0.9213537854107885,1,2,2,False,False,False
135,10305,LHPV12a1,LHPV12a1_L,,LHPV12a1,LHPV12a1,cb_intrinsic,,L,,,gaba,gaba,0.7783059341359696,-1,2,2,False,False,False
136,10307,AVLP083,AVLP083(no left?)_R,,AVLP083,AVLP083,cb_intrinsic,,R,,,gaba,gaba,0.8101512905282575,-1,2,2,False,False,False
137,10313,DNge031,DNge031_R,,DNge031,,descending_neuron,,R,,,gaba,gaba,0.8568825781831001,-1,2,2,False,False,False
138,10315,SAD073,SAD073_R,,CB3707,SAD073,cb_intrinsic,,R,,,gaba,gaba,0.8526228002318329,-1,2,2,False,False,False
139,10319,AVLP215,AVLP215_L,,AVLP215,AVLP215,cb_intrinsic,,L,,,gaba,gaba,0.7622947204133761,-1,2,2,False,False,False
140,10323,CL366,CL366_R,,CB0580,,cb_intrinsic,,R,,,gaba,gaba,0.8423497992582154,-1,2,1,False,False,False
141,10328,SMP709m,SMP709m_R,,,,cb_intrinsic,,R,male-specific,,acetylcholine,acetylcholine,0.8855127369004266,1,3,1,False,False,False
142,10329,PVLP137,PVLP137_R,,PVLP137,PVLP137,cb_intrinsic,,R,,,acetylcholine,acetylcholine,0.9525649224825151,1,2,2,False,False,False
143,10333,PS306,PS306_R,,CB0527,,cb_intrinsic,,R,,,gaba,gaba,0.8651553290167543,-1,2,2,False,False,False
144,10336,DNg22,DNg22_R,,DNg22,,descending_neuron,,R,,,acetylcholine,acetylcholine,0.589698616571164,1,2,2,False,False,False
145,10341,DNp19,DNp19_L,Cachero 2010: pMP-g,DNp19,DNp19,descending_neuron,,L,,fru_high,acetylcholine,acetylcholine,0.9447743894582101,1,1,2,False,False,False
146,10347,LHPV6q1,LHPV6q1_L,Cachero 2010: pSP-e; Wu 2024: FMRFa-WED; fru-M-000116,LHPV6q1,LHPV6q1,cb_intrinsic,,L,,fru_high,unclear,serotonin,0.6617106436789396,0,2,2,False,False,False
147,10348,AVLP501,AVLP501_L,,AVLP501,AVLP501,cb_intrinsic,,L,,,acetylcholine,acetylcholine,0.9680679872503533,1,2,2,False,False,False
148,10353,AVLP538,AVLP538_R,,AVLP538,AVLP538,cb_intrinsic,,R,,,unclear,unclear,0.3534522629601059,0,2,2,False,False,False
149,10354,DNp73,DNp73_R,,DNp73,,descending_neuron,,R,,,acetylcholine,acetylcholine,0.9390010013274677,1,1,3,False,False,False
150,10360,DNa02,DNa02_R,,DNa02,DNa02,descending_neuron,,R,,,acetylcholine,acetylcholine,0.9420250514525982,1,2,2,False,False,False
151,10361,DNg40,DNg40(hb5813056435)_L,,DNg40,hb5813056435,descending_neuron,,L,,,glutamate,glutamate,0.6216921144227514,-1,1,2,False,False,False
152,10364,PVLP061,PVLP061_L,,PVLP061,PVLP061,cb_intrinsic,,L,,,acetylcholine,acetylcholine,0.9674970507899243,1,2,2,False,False,False
153,10365,GNG114,GNG114_R,,CB0608,,cb_intrinsic,,R,,,gaba,gaba,0.8780767047366744,-1,2,1,False,False,False
154,10366,DNp59,DNp59(CL247)_R,,DNp59,CL247,descending_neuron,,R,,,gaba,gaba,0.8880385137744952,-1,2,2,False,False,False
155,10371,WED203,WED203_L,,CB0344,,cb_intrinsic,,L,,,gaba,gaba,0.8910298685287371,-1,1,2,False,False,False
156,10373,PVLP141,PVLP141_L,,PVLP141,PVLP141,cb_intrinsic,,L,,,acetylcholine,acetylcholine,0.9379583593236995,1,1,2,False,False,False
157,10374,SAD112_a,SAD112_a_R,,CB1231b,,cb_intrinsic,,R,,,gaba,gaba,0.8217184416629777,-1,2,2,False,False,False
158,10377,DNge054,DNge054_L,,DNge054,,descending_neuron,,L,,,gaba,gaba,0.8057831587429196,-1,2,2,False,False,False
159,10379,DNa10,DNa10_R,,DNa10,DNa10,descending_neuron,,R,,,acetylcholine,acetylcholine,0.9562710560159317,1,2,2,False,False,False
160,10384,DNp63,DNp63(PS113)_R,,DNp63,PS113,descending_neuron,,R,,,acetylcholine,acetylcholine,0.9481948383226135,1,2,2,False,False,False
161,10386,PVLP031,PVLP031_L,,CB3416,PVLP031,cb_intrinsic,,L,,,gaba,gaba,0.7656511449699439,-1,2,2,False,False,False
162,10388,DNp13,DNp13_R,Kimura 2015: pMN1; Ruta 2010: DN1,DNp13,DNp13,descending_neuron,,R,sexually dimorphic,dsx_high,acetylcholine,acetylcholine,0.9434858792121562,1,2,1,False,False,False
163,10392,AVLP474,AVLP474_L,,AVLP474,AVLP474,cb_intrinsic,,L,,,gaba,gaba,0.7428651965672046,-1,2,2,False,False,False
164,10393,CL257,CL257_R,,CL257,CL257,cb_intrinsic,,R,,,acetylcholine,acetylcholine,0.8639937309645532,1,2,2,False,False,False
165,10394,DNg98,DNg98_L,Pool 2014: DSOG1,DNg98,,descending_neuron,,L,,,gaba,gaba,0.8741067129413166,-1,2,2,False,False,False
166,10399,PPL202,PPL202_R,,PPL202,PPL202,cb_intrinsic,DAN,R,,,dopamine,dopamine,0.5584794745659242,0,2,2,False,False,False
167,10404,AVLP082,AVLP082_R,,AVLP082,AVLP082,cb_intrinsic,,R,,,gaba,gaba,0.8182046567893256,-1,2,2,False,False,False
168,10405,mAL_m5a,mAL_m5a_L,Cachero 2010: aDT-b; Yu 2010: aDT2,,,cb_intrinsic,,L,male-specific,fru_high,gaba,gaba,0.6484324158602519,-1,2,2,False,False,False
169,10407,AVLP609,AVLP609_L,,CB0255,,cb_intrinsic,,L,,,gaba,gaba,0.8275111053962431,-1,1,2,False,False,False
170,10411,DNb09,DNb09(DNb01)_R,,DNb09,DNb01,descending_neuron,,R,,,glutamate,glutamate,0.6190035253893258,-1,2,2,False,False,False
171,10412,CL036,CL036_L,,CL036,CL036,cb_intrinsic,,L,,,glutamate,glutamate,0.8344456509526603,-1,2,2,False,False,False
172,10413,CB4248,CB4175_R,Cachero 2010: aIP-a,CB4248,,cb_intrinsic,,R,,fru_high,gaba,gaba,0.7922496383651895,-1,2,2,False,False,False
173,10417,DNp103,DNp103(PVLP119)_L,,DNp103,PVLP119,descending_neuron,,L,,,acetylcholine,acetylcholine,0.9518838304213051,1,2,2,False,False,False
174,10420,GNG667,GNG667_L,,CB0655,,cb_intrinsic,,L,,,acetylcholine,acetylcholine,0.9470906194127073,1,2,2,False,False,False
175,10421,AVLP079,AVLP079_L,,AVLP079,AVLP079,cb_intrinsic,,L,,,gaba,gaba,0.8351833961277573,-1,2,2,False,False,False
176,10425,DNp10,DNp10_L,,DNp10,DNp10,descending_neuron,,L,,,acetylcholine,acetylcholine,0.9610748876180517,1,2,2,False,False,False
177,10429,VM6_adPN,VM6_adPN_L,,VM6_adPN,VC5_adPN,cb_intrinsic,ALPN,L,,,acetylcholine,acetylcholine,0.9454322412665768,1,2,2,False,False,False
178,10432,LoVCLo3,LoVCLo3_L,,OA-AL2b1,PLP244,visual_centrifugal,,L,,,octopamine,octopamine,0.8684641268836014,0,2,2,False,False,False
179,10433,DNp10,DNp10_R,,DNp10,DNp10,descending_neuron,,R,,,acetylcholine,acetylcholine,0.9590524515115166,1,2,2,False,False,False
180,10434,AN19B019,AN19B019(hb706176085)_R,,AN_multi_105,(hb706176085),ascending_neuron,,R,,,acetylcholine,acetylcholine,0.9605810415296842,1,2,2,False,False,False
181,10440,DNg16,DNg16_R,,DNg16,,descending_neuron,,R,,,acetylcholine,acetylcholine,0.9354104604685751,1,2,2,False,False,False
182,10444,DNge035,DNge035_L,,DNge035,,descending_neuron,,L,,,acetylcholine,acetylcholine,0.9600390378724357,1,2,2,False,False,False
183,10445,LT11,LT11_L,,LT11,LT11,visual_projection,,L,,,gaba,gaba,0.8630910501022659,-1,2,2,False,False,False
184,10446,DNp73,DNp73_L,,DNp73,,descending_neuron,,L,,,acetylcholine,acetylcholine,0.9557297786317981,1,1,2,False,False,False
185,10447,DNge138,DNge138_M,Babski 2024: OA-VUMd1,DNge138,,descending_neuron,,M,,,unclear,octopamine,0.8423277419509008,0,2,2,False,False,False
186,10448,PVLP093,PVLP093_L,,PVLP093,PVLP093,cb_intrinsic,,L,,,gaba,gaba,0.8786754633545315,-1,2,2,False,False,False
187,10449,DNpe025,DNpe025(PVLP145)_L,,DNpe025,PVLP145,descending_neuron,,L,sexually dimorphic,,acetylcholine,acetylcholine,0.9564313841236908,1,2,2,False,False,False
188,10450,LT62,LT62_L,,LT62,LT62,visual_projection,,L,,,acetylcholine,acetylcholine,0.9487300613360331,1,2,2,False,False,False
189,10457,mALD1,mALD1_L,,mALD1,mALD1,cb_intrinsic,,L,,,gaba,gaba,0.7934264278453957,-1,2,2,False,False,False
190,10458,DNp13,DNp13_L,Kimura 2015: pMN1; Ruta 2010: DN1,DNp13,DNp13,descending_neuron,,L,sexually dimorphic,dsx_high,acetylcholine,acetylcholine,0.9590619277799726,1,2,1,False,False,False
191,10461,AL-AST1,AL-AST1_L,fru-M-700042,AL-AST1,AL-AST1,cb_intrinsic,ALON,L,,fru_high,acetylcholine,acetylcholine,0.9406396237630666,1,2,2,False,False,False
192,10468,GNG144,GNG144_L,,CB3715,,cb_intrinsic,,L,,,gaba,gaba,0.8550705485097512,-1,1,2,False,False,False
193,10471,GNG118,GNG118_L,,CB0557,,cb_intrinsic,,L,,,glutamate,glutamate,0.7685315684223814,-1,2,2,False,False,False
194,10472,MZ_lv2PN,MZ_lv2PN_L,Tanaka 2012: lPN4,MZ_lv2PN,MZ_lv2PN,cb_intrinsic,ALPN,L,sexually dimorphic,,gaba,gaba,0.8505873464392163,-1,2,2,False,False,False
195,10475,LT42,LT42_L,,LT42,LT42,visual_centrifugal,,L,,,gaba,gaba,0.8573278419273138,-1,2,2,False,False,False
196,10480,MeVP53,MeVP53_R,,MTe41,,visual_projection,,R,,,gaba,gaba,0.8648440398125334,-1,2,2,False,False,False
197,10482,DNg35,DNg35_L,,DNg35,,descending_neuron,,L,,,acetylcholine,acetylcholine,0.9592062898128236,1,2,2,False,False,False
198,10483,PVLP138,PVLP138_L,,PVLP138,PVLP138,cb_intrinsic,,L,sexually dimorphic,,acetylcholine,acetylcholine,0.9400293917711943,1,2,2,False,False,False
199,10484,SLP031,SLP031_L,,SLP031,SLP031,cb_intrinsic,,L,,,acetylcholine,acetylcholine,0.9507770374960738,1,2,2,False,False,False
200,10485,LPT54,LPT54(PLP179)_L,,LPT54,PLP179,visual_projection,,L,,,acetylcholine,acetylcholine,0.9669047465793902,1,2,2,False,False,False
201,10487,CL311,CL311_L,,CL311,CL311,cb_intrinsic,,L,sexually dimorphic,,acetylcholine,acetylcholine,0.9460279031697028,1,2,2,False,False,False
202,10489,GNG502,GNG502_R,,CB0556,,cb_intrinsic,,R,,,gaba,gaba,0.8358342791091964,-1,2,2,False,False,False
203,10490,GNG671,GNG671_M,,CB4202,,cb_intrinsic,,M,,,unclear,unclear,0.47714728002992657,0,1,2,False,False,False
204,10493,CB4176,CB4176_R,Cachero 2010: aIP-a,CB4176,,cb_intrinsic,,R,,fru_low,gaba,gaba,0.8710652824024765,-1,2,2,False,False,False
205,10494,AVLP076,AVLP076_L,,AVLP076,AVLP076,cb_intrinsic,,L,,,gaba,gaba,0.7998197853354911,-1,2,2,False,False,False
206,10497,VES079,VES079_L,,VES079,VES079,cb_intrinsic,,L,,,acetylcholine,acetylcholine,0.9505667861611362,1,2,2,False,False,False
207,10498,aIPg_m4,aIPg_m4_L,Cachero 2010: aIP-g; Yu 2010: pIP6,,,cb_intrinsic,,L,male-specific,fru_high,acetylcholine,acetylcholine,0.943732132324705,1,2,2,False,False,False
208,10499,DNge039,DNge039_R,,DNge039,,descending_neuron,,R,,,acetylcholine,acetylcholine,0.9641501526235968,1,2,2,False,False,False
209,10501,GNG284,GNG284(hb1821378236)_L,,CB0083,(hb1821378236),cb_intrinsic,,L,,,gaba,gaba,0.8730331134836133,-1,2,2,False,False,False
210,10506,DNg37,DNg37_R,,DNg37,,descending_neuron,,R,potentially sexually dimorphic,,acetylcholine,acetylcholine,0.9605309035622908,1,2,2,False,False,False
211,10509,CB0090,CB0090_R,,CB0090,,cb_intrinsic,,R,,,gaba,gaba,0.8667948658827229,-1,1,3,False,False,False
212,10512,ANXXX109,ANXXX109_R,,AN_AMMC_SAD_2,,ascending_neuron,,R,,,gaba,gaba,0.8386700152561293,-1,1,2,False,False,False
213,10517,LAL124,LAL124_R,,LAL124,LAL124,cb_intrinsic,,R,,,glutamate,glutamate,0.833927390258254,-1,2,2,False,False,False
214,10518,Cm31b,Cm31b_R,,Sm41,,ol_intrinsic,,R,,,gaba,gaba,0.874576164975807,-1,2,2,False,False,False
215,10519,AVLP434_a,AVLP434_a_R,,AVLP434_a,AVLP434_a,cb_intrinsic,,R,,,acetylcholine,acetylcholine,0.8004422456661462,1,2,2,False,False,False
216,10520,DNg74_b,DNg74_b_L,Sterne 2021: web,DNg74_b,,descending_neuron,,L,,,gaba,gaba,0.8700461594832838,-1,2,1,False,False,False
217,10525,SMP544,SMP544_L,,"SMP544,LAL134",SMP544,cb_intrinsic,,L,,,gaba,gaba,0.8689359585746391,-1,2,2,False,False,False
218,10527,DNpe017,DNpe017(hb1406000196)_L,,DNpe017,hb1406000196,descending_neuron,,L,potentially sexually dimorphic,,acetylcholine,acetylcholine,0.9498218522951571,1,1,3,False,False,False
219,10528,SMP054,SMP054_L,,SMP054,SMP054,cb_intrinsic,,L,,,gaba,gaba,0.8160677758725235,-1,3,1,False,False,False
220,10529,WED184,WED184_L,,CB0690,,cb_intrinsic,,L,,,gaba,gaba,0.8240084752884633,-1,2,2,False,False,False
221,10534,AVLP541,AVLP541_L,,AVLP541a,AVLP541,cb_intrinsic,,L,,,glutamate,glutamate,0.8357700252513711,-1,2,2,False,False,False
222,10536,DNg29,DNg29_L,,DNg29,,descending_neuron,,L,,,acetylcholine,acetylcholine,0.9548786999527145,1,1,2,False,False,False
223,10542,LoVC25,LoVC25_L,,cL01,,visual_centrifugal,,L,,,acetylcholine,acetylcholine,0.9404077413772249,1,2,2,False,False,False
224,10544,DNg88,DNg88_R,,DNg88,,descending_neuron,,R,,,acetylcholine,acetylcholine,0.9575779577422086,1,2,2,False,False,False
225,10545,AN06B009,AN06B009(hb1687321237)_R,,AN_multi_11,(hb1687321237),ascending_neuron,,R,,,gaba,gaba,0.83078746002507,-1,2,2,False,False,False
226,10546,LAL125,LAL125_R,,"LAL125,LAL108",LAL125,cb_intrinsic,,R,,,glutamate,glutamate,0.7558925436240018,-1,2,2,False,False,False
227,10547,SIP119m,SIP119m_L,Cachero 2010: aSP-a; Yu 2010: aSP2,,,cb_intrinsic,,L,male-specific,fru_high,glutamate,glutamate,0.7267714776703538,-1,2,2,False,False,False
228,10550,AN02A001,AN02A001_R,,AN_multi_8,,ascending_neuron,,R,,,glutamate,glutamate,0.7934993103066796,-1,2,2,False,False,False
229,10552,DNp29,DNp29(NPFP1)_L,Scheffer 2020: NPF1,DNp29,NPFP1,descending_neuron,,L,,,unclear,unclear,0.49567581895291024,0,2,2,False,False,False
230,10555,OA-VUMa3,OA-VUMa3_M,,OA-VUMa3,,cb_intrinsic,,M,,,octopamine,octopamine,0.8406657784991126,0,2,2,False,False,False
231,10558,DNp35,DNp35(PVLP136)_R,,DNp35,PVLP136,descending_neuron,,R,,,acetylcholine,acetylcholine,0.9643233064380307,1,2,2,False,False,False
232,10559,GNG106,GNG106_L,,CB0574,,cb_intrinsic,,L,,,acetylcholine,acetylcholine,0.8490112033002872,1,2,2,False,False,False
233,10563,GNG109,GNG109_L,,CB0792,,cb_intrinsic,,L,,,gaba,gaba,0.8547413216770121,-1,2,2,False,False,False
234,10570,SAD107,SAD107_R,,CB0104,,cb_intrinsic,,R,,,gaba,gaba,0.8558668356031052,-1,1,2,False,False,False
235,10574,IB038,IB038_L,,IB038,IB038,cb_intrinsic,,L,,,glutamate,glutamate,0.6196294393241746,-1,2,2,False,False,False
236,10575,DNde002,DNde002(VES029)_R,,DNde002,VES029,descending_neuron,,R,potentially sexually dimorphic,,acetylcholine,acetylcholine,0.9582494947610924,1,2,2,False,False,False
237,10576,AN12B004,AN12B004(10576)_L,,AN_multi_19,,ascending_neuron,,L,,,gaba,gaba,0.8731313229064439,-1,1,2,False,False,False
238,10577,DNg96,DNg96_R,,DNg96,,descending_neuron,,R,potentially sexually dimorphic,,glutamate,glutamate,0.6766326839078634,-1,2,2,False,False,False
239,10579,MeVP51,MeVP51_L,,MTe43,,visual_projection,,L,,,glutamate,glutamate,0.7042463037859354,-1,2,2,False,False,False
240,10580,DNp70,DNp70(CL305)_L,,DNp70,CL305,descending_neuron,,L,,,acetylcholine,acetylcholine,0.9345809268178248,1,2,2,False,False,False
241,10581,IN06B012,IN06B012_L,,,,vnc_intrinsic,,L,,,gaba,gaba,0.8871981606848764,-1,2,2,False,False,False
242,10583,LPT60,LPT60_R,,AVLP151,AVLP151,cb_intrinsic,,R,,,acetylcholine,acetylcholine,0.937276948587496,1,2,2,False,False,False
243,10584,DNp06,DNp06_R,Matsuo 2016: AMMC-Di5,DNp06,DNp06,descending_neuron,,R,,,acetylcholine,acetylcholine,0.9496455095554229,1,2,2,False,False,False
244,10585,VES202m,VES202m_L,Cachero 2010: aSP-b; Yu 2010: aSP1,,,cb_intrinsic,,L,potentially male-specific,fru_high,glutamate,glutamate,0.6995968401477713,-1,2,1,False,False,False
245,10587,DNge011,DNge011_L,,DNge011,,descending_neuron,,L,,,acetylcholine,acetylcholine,0.9513507895569058,1,2,2,False,False,False
246,10588,AVLP710m,AVLP710m_R,,,,cb_intrinsic,,R,male-specific,,gaba,gaba,0.8299246198468379,-1,3,1,False,False,False
247,10589,DNp43,DNp43(CL332)_L,,DNp43,CL332,descending_neuron,,L,,,acetylcholine,acetylcholine,0.933780017994812,1,2,2,False,False,False
248,10590,DNpe052,DNpe052(AVLP564)_L,,DNpe052,AVLP564,descending_neuron,,L,potentially sexually dimorphic,,acetylcholine,acetylcholine,0.9558673849112944,1,2,2,False,False,False
249,10592,AN08B012,AN08B012_L,,AN_multi_60,,ascending_neuron,,L,,,acetylcholine,acetylcholine,0.9170252823385429,1,2,2,False,False,False
250,10597,LoVC20,LoVC20_R,,mALD2,mALD2,cb_intrinsic,,R,,,gaba,gaba,0.8625995154277313,-1,2,2,False,False,False
251,10598,WED191,WED191_M,Cachero 2010: pSG-d; Vaughan 2014: aLN(m); Baker 2022: WV-WV,CB3880,,cb_intrinsic,,M,,fru_high,gaba,gaba,0.8784911014434809,-1,1,2,False,False,False
252,10601,DNpe025,DNpe025(PVLP145)_R,,DNpe025,PVLP145,descending_neuron,,R,sexually dimorphic,,acetylcholine,acetylcholine,0.9536421243962725,1,2,2,False,False,False
253,10602,AVLP200,AVLP200_L,,AVLP200,AVLP200,cb_intrinsic,,L,,,gaba,gaba,0.8666028109149452,-1,2,2,False,False,False
254,10603,PS196_a,PS196_a_L,,PS196,PS196,cb_intrinsic,,L,,,acetylcholine,acetylcholine,0.9545313013796821,1,2,2,False,False,False
255,10607,CB0647,CB0647_R,,CB0647,hb1914171250,cb_intrinsic,,R,,,acetylcholine,acetylcholine,0.9065773921042135,1,2,2,False,False,False
256,10609,PVLP120,PVLP120(hb1599285725)_L,,PVLP120,PVLP120(hb1599285725),cb_intrinsic,,L,,,acetylcholine,acetylcholine,0.9637588396038151,1,2,2,False,False,False
257,10611,Li39,Li39_R,,Li33,mALC2,ol_intrinsic,,R,,,gaba,gaba,0.8910187708571473,-1,2,2,False,False,False
258,10612,Pm12,Pm12_R,,Pm14,,ol_intrinsic,,R,,,gaba,glutamate,0.611464233567239,-1,2,2,False,False,False
259,10617,GNG105,GNG105_R,,CB0040,,cb_intrinsic,,R,,,acetylcholine,acetylcholine,0.9506073397400336,1,2,2,False,False,False
260,10618,SIP105m,SIP105m_L,,,,cb_intrinsic,,L,male-specific,,acetylcholine,acetylcholine,0.8507950114915293,1,2,2,False,False,False
261,10620,AN08B007,AN08B007_L,,AN_multi_33,,ascending_neuron,,L,,,gaba,gaba,0.8738890999814664,-1,1,3,False,False,False
262,10623,GNG109,GNG109_R,,CB0792,,cb_intrinsic,,R,,,gaba,gaba,0.8813759311114562,-1,2,2,False,False,False
263,10628,AL-AST1,AL-AST1_R,"fru-M-100011, fru-M-300292",AL-AST1,,cb_intrinsic,ALON,R,,fru_high,acetylcholine,acetylcholine,0.943039910665159,1,2,2,False,False,False
264,10629,AL-AST1,AL-AST1_R,fru-M-700042,AL-AST1,AL-AST1,cb_intrinsic,ALON,R,,fru_high,acetylcholine,acetylcholine,0.9664217748386633,1,2,2,False,False,False
265,10635,CRE021,CRE021_R,,CRE021,CRE021,cb_intrinsic,,R,potentially sexually dimorphic,,gaba,gaba,0.8645237894156659,-1,3,1,False,False,False
266,10637,FLA016,FLA016_R,,CB0894,,cb_intrinsic,,R,,,acetylcholine,acetylcholine,0.9574774130249794,1,2,2,False,False,False
267,10638,GNG667,GNG667_R,,CB0655,,cb_intrinsic,,R,,,acetylcholine,acetylcholine,0.9543600087043458,1,2,2,False,False,False
268,10639,LoVC22,LoVC22_R,,cLLP02,CL033,visual_centrifugal,,R,,,dopamine,dopamine,0.7365113364828719,0,2,2,False,False,False
269,10641,PVLP106,PVLP106_L,,PVLP106,PVLP106,cb_intrinsic,,L,,,unclear,unclear,0.495465130095441,0,2,2,False,False,False
270,10644,PLP163,PLP163_L,,PLP163,PLP163,cb_intrinsic,,L,,,acetylcholine,acetylcholine,0.962501395876171,1,2,2,False,False,False
271,10646,AVLP597,AVLP597_R,,VESa1_P02,,cb_intrinsic,,R,,,gaba,gaba,0.8113174900710125,-1,2,2,False,False,False
272,10648,aMe_TBD1,aMe_TBD1_L,,CB0802,,cb_intrinsic,,L,,,gaba,gaba,0.8752233025715295,-1,2,2,False,False,False
273,10649,DNp38,DNp38_L,,DNp38,,descending_neuron,,L,,,acetylcholine,acetylcholine,0.9700075742780672,1,2,2,False,False,False
274,10654,DNb01,DNb01_L,,DNb01,DNb01,descending_neuron,,L,,,glutamate,glutamate,0.7539327152713451,-1,2,2,False,False,False
275,10657,AVLP299_b,AVLP299_b_L,Cachero 2010: aIP-b,AVLP299_b,AVLP299_b,cb_intrinsic,,L,,fru_high,acetylcholine,acetylcholine,0.9371057033458374,1,2,2,False,False,False
276,10659,AVLP433_a,AVLP433_a_R,,AVLP433_a,AVLP433_a,cb_intrinsic,,R,,,acetylcholine,acetylcholine,0.9400473770453666,1,2,2,False,False,False
277,10666,pC1x_c,pC1x_c_R,"Lee 2002, Rideout 2010, Nojima 2021: pC1, Sten 2025: pC1x","pC1a,pC1c","pC1a,pC1c",cb_intrinsic,,R,sexually dimorphic,dsx_high,acetylcholine,acetylcholine,0.9604260214881213,1,3,1,False,True,False
278,10667,AVLP210,AVLP210_L,,AVLP210,AVLP210,cb_intrinsic,,L,,,acetylcholine,acetylcholine,0.9521677872640355,1,2,2,False,False,False
279,10668,DNge006,DNge006_R,,DNge006,,descending_neuron,,R,,,acetylcholine,acetylcholine,0.9585762733378936,1,2,2,False,False,False
280,10669,CRE074,CRE074_R,,CRE074,CRE074,cb_intrinsic,,R,,,glutamate,glutamate,0.7975759617091878,-1,2,2,False,False,False
281,10671,AN02A002,AN02A002_L,,AN_multi_12,,ascending_neuron,,L,,,glutamate,glutamate,0.7926012251756085,-1,2,1,False,False,False
282,10673,GNG002,GNG002_M,,CB3958,,cb_intrinsic,,L,,,unclear,serotonin,0.59194193170257,0,2,2,False,False,False
283,10674,DNp59,DNp59(CL247)_L,,DNp59,CL247,descending_neuron,,L,,,gaba,gaba,0.8746099922008745,-1,2,2,False,False,False
284,10675,LT66,LT66_L,,LT66,LT66,visual_projection,,L,,,acetylcholine,acetylcholine,0.9323911133224654,1,2,2,False,False,False
285,10678,LHCENT11,LHCENT11_L,,LHCENT11,LHCENT11,cb_intrinsic,,L,,,acetylcholine,acetylcholine,0.9648483854552978,1,2,2,False,False,False
286,10680,DNp48,DNp48(SMP462)_L,,DNp48,SMP462,descending_neuron,,L,potentially sexually dimorphic,,acetylcholine,acetylcholine,0.9082298425047203,1,3,1,False,False,False
287,10681,CL110,CL110_L,,CL110,CL110,cb_intrinsic,,L,,,acetylcholine,acetylcholine,0.9522095966199519,1,2,2,False,False,False
288,10682,LPT54,LPT54(PLP179)_R,,LPT54,PLP179,visual_projection,,R,,,acetylcholine,acetylcholine,0.9639670176252791,1,2,2,False,False,False
289,10683,SLP003,SLP003_R,,SLP003,SLP003,cb_intrinsic,,R,,,gaba,gaba,0.7666304100296794,-1,2,2,False,False,False
290,10684,WED185,WED185(hb2126870445)_M,,CB3881,(hb2126870445),cb_intrinsic,,M,,,gaba,gaba,0.8042225785441675,-1,1,2,False,False,False
291,10686,DNge132,DNge132_L,,DNge132,,descending_neuron,,L,,,acetylcholine,acetylcholine,0.9560398496984972,1,1,2,False,False,False
292,10688,CB0533,CB0533_R,,CB0533,,cb_intrinsic,,R,,,acetylcholine,acetylcholine,0.9680374221865444,1,2,2,False,False,False
293,10689,AN12B001,AN12B001_L,,AN_GNG_SAD_3,,ascending_neuron,,L,,,gaba,gaba,0.8721986331956616,-1,2,2,False,False,False
294,10691,WED203,WED203_R,,CB0344,,cb_intrinsic,,R,,,gaba,gaba,0.8788431652175612,-1,2,2,False,False,False
295,10693,LoVP101,LoVP101_R,,LTe21,,visual_projection,,R,,,acetylcholine,acetylcholine,0.9611035280289673,1,2,2,False,False,False
296,10698,CL092,CL092_L,,CL092,CL092,cb_intrinsic,,L,,,acetylcholine,acetylcholine,0.9515240147487154,1,2,2,False,False,False
297,10703,DNge036,DNge036_R,,DNge036,,descending_neuron,,R,,,acetylcholine,acetylcholine,0.931221614852331,1,2,2,False,False,False
298,10705,DNc02,DNc02(SIFa)_L,,DNc02,SIFa,descending_neuron,,L,,,unclear,unclear,0.3320798611111111,0,2,2,False,False,False
299,10706,DNx01,DNx01_L,,DNx01,,sensory_descending,unknown_sensory,,,,acetylcholine,acetylcholine,0.9229488175334994,1,2,2,False,False,False
300,10707,SMP593,SMP593_R,,SMP593,SMP593,cb_intrinsic,,R,,,gaba,gaba,0.8165118802828346,-1,2,1,False,False,False
301,10709,WED193,WED193_R,,CB0264,,cb_intrinsic,,R,,,acetylcholine,acetylcholine,0.9617079977337469,1,1,2,False,False,False
302,10710,DNg102,DNg102_R,,"DNg102_a,DNg102_b",,descending_neuron,,R,,,gaba,gaba,0.8494553948030912,-1,2,2,False,False,False
303,10712,DNp36,DNp36(CL342)_L,Cachero 2010: pIP-h; Yu 2010: pIP9,DNp36,CL342,descending_neuron,,L,sexually dimorphic,fru_high,glutamate,glutamate,0.76939768707033,-1,2,1,False,False,False
304,10713,DNp42,DNp42_L,,DNp42,DNp42,descending_neuron,,L,,,acetylcholine,acetylcholine,0.9562302491101924,1,2,2,False,False,False
305,10714,LT61a,LT61a_L,,LT61a,,visual_projection,,L,,,acetylcholine,acetylcholine,0.9615352920325505,1,2,2,False,False,False
306,10717,DNg93,DNg93_R,Sterne 2021: oval,DNg93,,descending_neuron,,R,,,gaba,gaba,0.89530379111666,-1,2,2,False,False,False
307,10719,AVLP079,AVLP079_R,,AVLP079,AVLP079,cb_intrinsic,,R,,,gaba,gaba,0.8009423112659673,-1,2,2,False,False,False
308,10720,CB0128,CB0128_R,,CB0128,,cb_intrinsic,,R,,,acetylcholine,acetylcholine,0.9255113899300232,1,2,2,False,False,False
309,10727,DNpe002,DNpe002(VES068)_L,,DNpe002,VES068,descending_neuron,,L,sexually dimorphic,,acetylcholine,acetylcholine,0.9632266764076255,1,2,2,False,False,False
310,10728,WED116,WED116_L,,WED116,WED116,cb_intrinsic,,L,,,acetylcholine,acetylcholine,0.8278126177695364,1,2,2,False,False,False
311,10729,Nod4,Nod4_R,,LPT42_Nod4,,visual_projection,,R,,,acetylcholine,acetylcholine,0.9610452748210582,1,2,2,False,False,False
312,10731,SAD107,SAD107_L,,CB0104,,cb_intrinsic,,L,,,gaba,gaba,0.864709865466728,-1,1,2,False,False,False
313,10732,DNpe056,DNpe056(PVLP146)_R,,DNpe056,PVLP146,descending_neuron,,R,,,acetylcholine,acetylcholine,0.9645276733681327,1,2,2,False,False,False
314,10734,DNg93,DNg93_L,Sterne 2021: oval,DNg93,,descending_neuron,,L,,,gaba,gaba,0.886069988876134,-1,2,2,False,False,False
315,10735,LoVC18,"LoVC18(PLP030,PLP031)_L",,cL16,PLP030,visual_centrifugal,,L,,,dopamine,dopamine,0.7129259789737908,0,2,2,False,False,False
316,10736,VP2_adPN,VP2_adPN_L,,VP2_adPN,VP2_adPN,cb_intrinsic,ALPN,L,,,acetylcholine,acetylcholine,0.9511407669471998,1,2,2,False,False,False
317,10739,DNg24,DNg24_L,Matsuo 2016: AMMC-Db7,DNg24,,descending_neuron,,L,,,gaba,gaba,0.8614626952364884,-1,1,2,False,False,False
318,10742,PVLP107,PVLP107_L,,PVLP107,PVLP107,cb_intrinsic,,L,,,glutamate,glutamate,0.6779377329900024,-1,2,2,False,False,False
319,10743,SAD001,SAD001_L,,CB4182,SAD001,cb_intrinsic,,L,,,acetylcholine,acetylcholine,0.9214902554725388,1,1,3,False,False,False
320,10748,CB0214,CB0214_R,,CB0214,,cb_intrinsic,,R,,,gaba,gaba,0.8321398748894245,-1,2,2,False,False,False
321,10749,AVLP289,AVLP289_L,,AVLP289,AVLP289,cb_intrinsic,,L,,,acetylcholine,acetylcholine,0.9698484334780042,1,2,2,False,False,False
322,10750,MeVC3,MeVC3_R,,cM18,PS134,visual_centrifugal,,R,,,acetylcholine,acetylcholine,0.9666776530767547,1,2,2,False,False,False
323,10760,DNa01,DNa01(VES006)_R,,DNa01,VES006,descending_neuron,,R,,,acetylcholine,acetylcholine,0.9433017499835356,1,2,2,False,False,False
324,10763,MDN,MDN_R,Carreira-Rosario 2018: DNp50,MDN,MDN,descending_neuron,,R,,,acetylcholine,acetylcholine,0.9416676945987759,1,2,2,False,False,False
325,10765,pMP2,pMP2_R,,,,descending_neuron,,R,male-specific,fru_high,acetylcholine,acetylcholine,0.9544461386574086,1,2,0,False,False,True
326,10769,VES012,VES012_R,,VES012,VES012,cb_intrinsic,,R,,,acetylcholine,acetylcholine,0.9319284154462327,1,2,2,False,False,False
327,10770,DNp23,DNp23_L,,DNp23,DNp23,descending_neuron,,L,,,acetylcholine,acetylcholine,0.9602396084685423,1,2,2,False,False,False
328,10773,SAD108,SAD108(hb2033109040)_R,,CB1817a,(hb2033109040),cb_intrinsic,,R,,,acetylcholine,acetylcholine,0.9649364507116719,1,1,2,False,False,False
329,10774,AOTU100m,AOTU100m_R,,,,cb_intrinsic,,R,male-specific,,acetylcholine,acetylcholine,0.9528461274705713,1,2,1,False,False,False
330,10775,AN01A089,AN01A089_R,,AN_LH_AVLP_1,,ascending_neuron,,R,,,acetylcholine,acetylcholine,0.9560564540840882,1,2,2,False,False,False
331,10777,PS088,PS088_L,,PS088,PS088,cb_intrinsic,,L,,,gaba,gaba,0.866950610654096,-1,2,2,False,False,False
332,10778,CL286,CL286_L,,CL286,CL286,cb_intrinsic,,L,,,acetylcholine,acetylcholine,0.9557358745169228,1,2,2,False,False,False
333,10780,AVLP396,AVLP396_L,,AVLP396,AVLP396,cb_intrinsic,,L,,,acetylcholine,acetylcholine,0.9625841918656945,1,2,2,False,False,False
334,10781,PS088,PS088_R,,PS088,PS088,cb_intrinsic,,R,,,gaba,gaba,0.8736802423740442,-1,2,2,False,False,False
335,10783,DNp09,DNp09_L,,DNp09,DNp09,descending_neuron,,L,,,acetylcholine,acetylcholine,0.9534627156106811,1,2,2,False,False,False
336,10784,SAD051_b,SAD051_b_R,Cachero 2010: aDT-e; Vaughan 2014: aPN1,CB1542,SAD051_b,cb_intrinsic,,R,,fru_high,acetylcholine,acetylcholine,0.9696275036923236,1,2,2,False,True,False
337,10788,SAD112_c,SAD112_c_R,,CB1231b,,cb_intrinsic,,R,,,gaba,gaba,0.8843745135055624,-1,1,2,False,False,False
338,10791,CB3024,CB3024_L,,CB3024,,cb_intrinsic,,L,,,gaba,gaba,0.8771729268307287,-1,1,3,False,False,False
339,10792,AVLP571,AVLP571_L,,AVLP571,AVLP571,cb_intrinsic,,L,,,acetylcholine,acetylcholine,0.9355932772753259,1,2,2,False,False,False
340,10794,PLP074,PLP074_L,,VESa2_H02,PLP074,cb_intrinsic,,L,,,gaba,gaba,0.7996144721508651,-1,2,2,False,False,False
341,10795,SAD051_a,SAD051_a_L,Cachero 2010: aDT-e,CB1542,SAD051_a,cb_intrinsic,,L,,fru_high,acetylcholine,acetylcholine,0.9479699858568558,1,1,2,False,False,False
342,10797,AN12B001,AN12B001_R,,AN_GNG_SAD_3,,ascending_neuron,,R,,,gaba,gaba,0.864848266451213,-1,1,2,False,False,False
343,10798,SMP543,SMP543_R,,SMP543,SMP543,cb_intrinsic,,R,,,gaba,gaba,0.7908255087186613,-1,2,2,False,False,False
344,10799,OA-VUMa4,OA-VUMa4_M,,OA-VUMa4,,cb_intrinsic,,M,,,octopamine,octopamine,0.8767902769194716,0,2,2,False,False,False
345,10800,DNbe007,DNbe007(VES042)_L,,DNbe007,VES042,descending_neuron,,L,,,acetylcholine,acetylcholine,0.9685130305336886,1,2,2,False,False,False
346,10806,GNG494,GNG494_R,,CB0603,,cb_intrinsic,,R,sexually dimorphic,,acetylcholine,acetylcholine,0.9609196556616608,1,2,2,False,False,False
347,10810,DNp66,DNp66(AVLP499)_L,,DNp66,AVLP499,descending_neuron,,L,,,acetylcholine,acetylcholine,0.9549225559318765,1,2,2,False,False,False
348,10813,DNp43,DNp43(CL332)_R,,DNp43,CL332,descending_neuron,,R,,,acetylcholine,acetylcholine,0.9396177447639553,1,2,2,False,False,False
349,10822,DNge047,DNge047_R,,DNge047,,descending_neuron,,R,potentially sexually dimorphic,,unclear,unclear,0.4809779355578197,0,2,2,False,False,False
350,10823,DNp48,DNp48(SMP462)_R,,DNp48,SMP462,descending_neuron,,R,potentially sexually dimorphic,,acetylcholine,acetylcholine,0.8165938548316642,1,3,1,False,False,False
351,10828,AVLP531,AVLP531_L,,AVLP531,AVLP531,cb_intrinsic,,L,,,gaba,gaba,0.812318355266578,-1,2,1,False,False,False
352,10831,WED195,WED195_R,,CB0495,,cb_intrinsic,,R,,,gaba,gaba,0.8667608588720672,-1,2,2,False,False,False
353,10832,GNG302,GNG302_L,,CB0442,,cb_intrinsic,,L,,,gaba,gaba,0.8717871664292491,-1,2,2,False,False,False
354,10833,DNge062,DNge062_R,,DNge062,,descending_neuron,,R,,,acetylcholine,acetylcholine,0.9376162531262567,1,2,2,False,False,False
355,10834,DNpe013,DNpe013(PS168)_L,,DNpe013,PS168,descending_neuron,,L,,,acetylcholine,acetylcholine,0.9609728964212138,1,2,2,False,False,False
356,10837,DNa15,DNa15(PS017)_R,,DNa15,PS017,descending_neuron,,R,,,acetylcholine,acetylcholine,0.9602020982424705,1,2,2,False,False,False
357,10838,DNde005,DNde005(VES028)_R,,DNde005,VES028,descending_neuron,,R,,,acetylcholine,acetylcholine,0.9477305414060964,1,2,2,False,False,False
358,10840,AN19B017,AN19B017_R,,AN_multi_14,,ascending_neuron,,R,,,acetylcholine,acetylcholine,0.9595249642103952,1,2,2,False,False,False
359,10842,CB0429,CB0429_L,,CB0429,,descending_neuron,,L,potentially sexually dimorphic,,acetylcholine,acetylcholine,0.9584445727901962,1,2,2,False,False,False
360,10844,DNge053,DNge053_L,Sapkal 2024: BDN1,DNge053,,descending_neuron,,L,,,acetylcholine,acetylcholine,0.9616923243781829,1,2,2,False,False,False
361,10846,DNge107,DNge107_R,,DNge107,,descending_neuron,,R,,,gaba,gaba,0.8489992950312345,-1,2,2,False,False,False
362,10847,AVLP532,AVLP532_R,,AVLP532,AVLP532,cb_intrinsic,,R,,,unclear,serotonin,0.5933073100668342,0,2,2,False,False,False
363,10849,GNG117,GNG117_L,,CB0216,,cb_intrinsic,,L,,,acetylcholine,acetylcholine,0.8518836567194217,1,2,2,False,False,False
364,10852,LoVC18,"LoVC18(PLP030,PLP031)_L",,cL16,PLP030,visual_centrifugal,,L,,,dopamine,dopamine,0.675541397438856,0,2,2,False,False,False
365,10853,DNge049,DNge049_L,,DNge049,,descending_neuron,,L,potentially sexually dimorphic,,acetylcholine,acetylcholine,0.9615584398759169,1,2,2,False,False,False
366,10855,GNG004,GNG004_M,,CB3885,,cb_intrinsic,,M,,,gaba,gaba,0.8477456807157749,-1,1,2,False,False,False
367,10856,DNge129,DNge129_R,,DNge129,,descending_neuron,,R,,,gaba,gaba,0.8821431529424647,-1,2,2,False,False,False
368,10858,GNG666,GNG666_L,,CB0305,,cb_intrinsic,,L,,,acetylcholine,acetylcholine,0.9155205688995712,1,2,2,False,False,False
369,10862,LoVP109,LoVP109(no right?)_L,,LTe12,,visual_projection,,L,,,acetylcholine,acetylcholine,0.9557849682448946,1,2,2,False,False,False
370,10866,PLP092,PLP092_R,,PLP092,PLP092,cb_intrinsic,,R,,,acetylcholine,acetylcholine,0.9645282598369044,1,2,2,False,False,False
371,10867,PVLP076,PVLP076_R,,PVLP076,PVLP076,cb_intrinsic,,R,,,acetylcholine,acetylcholine,0.9581168632896625,1,2,1,False,False,False
372,10872,CB0677,CB0677_L,,CB0677,hb2035544474,cb_intrinsic,,L,,,gaba,gaba,0.868239563069375,-1,2,2,False,False,False
373,10874,AVLP478,AVLP478_L,,AVLP478,AVLP478,cb_intrinsic,,L,,,gaba,gaba,0.7977018376716708,-1,2,2,False,False,False
374,10875,AOTU042,AOTU042_L,Cachero 2010: aDT-c,AOTU042,AOTU042,cb_intrinsic,,L,,fru_high,gaba,gaba,0.8618269938778086,-1,2,2,False,False,False
375,10876,SAD111,SAD111_R,,CB1231_b,,cb_intrinsic,,R,,,gaba,gaba,0.8815293562014268,-1,2,2,False,False,False
376,10879,AVLP076,AVLP076_R,,AVLP076,AVLP076,cb_intrinsic,,R,,,gaba,gaba,0.7962020416900281,-1,2,2,False,False,False
377,10883,CL361,CL361_R,,CL361,CL361,cb_intrinsic,,R,,,acetylcholine,acetylcholine,0.9211385533055291,1,2,2,False,False,False
378,10885,DNg88,DNg88_L,,DNg88,,descending_neuron,,L,,,acetylcholine,acetylcholine,0.9571534179752501,1,2,2,False,False,False
379,10886,GNG302,GNG302_R,,CB0442,,cb_intrinsic,,R,,,gaba,gaba,0.8739546542487103,-1,2,2,False,False,False
380,10887,IB114,IB114_R,,IB114,IB114,cb_intrinsic,,R,,,gaba,gaba,0.859500272036695,-1,2,2,False,False,False
381,10888,DNb06,DNb06_L,,DNb06,DNb06,descending_neuron,,L,,,acetylcholine,acetylcholine,0.9432786639004159,1,2,2,False,False,False
382,10889,SAD097,SAD097(hb2002083432)_R,,CB1817b,(hb2002083432),cb_intrinsic,,R,,,acetylcholine,acetylcholine,0.9624697819483646,1,1,2,False,False,False
383,10895,DNg90,DNg90(hb1467707486)_R,,DNg90,(hb1467707486),descending_neuron,,R,,,gaba,gaba,0.8824600127989121,-1,2,2,False,False,False
384,10897,AVLP731m,AVLP731m_L,Cachero 2010: aIP-c; Yu 2010: aIP1/aIP4/aSP10,,,cb_intrinsic,,L,male-specific,fru_high,acetylcholine,acetylcholine,0.9422645347698944,1,2,2,False,False,False
385,10898,AVLP476,AVLP476_R,,AVLP476,AVLP476,cb_intrinsic,,R,,,dopamine,dopamine,0.7098902386436916,0,2,2,False,False,False
386,10900,AVLP213,AVLP213_L,,AVLP213,AVLP213,cb_intrinsic,,L,,,gaba,gaba,0.7826786972864388,-1,2,2,False,False,False
387,10902,AVLP544,AVLP544_R,,AVLP544,AVLP544,cb_intrinsic,,R,,,gaba,gaba,0.8414114977721525,-1,2,2,False,False,False
388,10910,PPM1203,PPM1203_L,Cachero 2010: pMP-d,PPM1203,PPM1203,cb_intrinsic,,L,,fru_high,dopamine,dopamine,0.7157639837449061,0,2,2,False,False,False
389,10914,LoVC18,LoVC18_R,,cL16,PLP030,visual_centrifugal,,R,,,dopamine,dopamine,0.7317381143104253,0,2,2,False,False,False
390,10916,CRE021,CRE021_L,,CRE021,CRE021,cb_intrinsic,,L,potentially sexually dimorphic,,gaba,gaba,0.8428569538657047,-1,2,1,False,False,False
391,10917,AVLP215,AVLP215_R,,AVLP215,AVLP215,cb_intrinsic,,R,,,gaba,gaba,0.7398771901306659,-1,2,2,False,False,False
392,10919,VES064,VES064_R,,VES064,VES064,cb_intrinsic,,R,sexually dimorphic,,glutamate,glutamate,0.7516610601876358,-1,2,2,False,False,False
393,10920,GNG100,GNG100_R,,CB0415,,cb_intrinsic,,R,,,acetylcholine,acetylcholine,0.9670660323457677,1,2,2,False,False,False
394,10923,DNg40,DNg40(hb5813056435)_R,,DNg40,hb5813056435,descending_neuron,,R,,,glutamate,glutamate,0.6188473742734429,-1,2,2,False,False,False
395,10925,AVLP542,AVLP542_R,,AVLP542,AVLP542,cb_intrinsic,,R,,,gaba,gaba,0.8577448320179283,-1,2,2,False,False,False
396,10930,pMP2,pMP2_L,,,,descending_neuron,,L,male-specific,fru_high,acetylcholine,acetylcholine,0.9565431353158467,1,2,0,False,False,True
397,10931,DNpe045,DNpe045(DNp23)_L,,DNpe045,DNp23,descending_neuron,,L,,,acetylcholine,acetylcholine,0.9581116723527302,1,2,2,False,False,False
398,10935,GNG011,GNG011_L,,CB0009,,cb_intrinsic,,L,,,gaba,gaba,0.8148544066744212,-1,2,2,False,False,False
399,10936,LT61b,LT61b_L,,LT61b,,visual_projection,,L,,,acetylcholine,acetylcholine,0.9544682190516605,1,2,2,False,False,False
400,10940,AVLP732m,AVLP732m_L,Cachero 2010: aIP-c; Yu 2010: aIP1/aIP4/aSP10,,,cb_intrinsic,,L,male-specific,fru_high,acetylcholine,acetylcholine,0.9604476110122273,1,2,2,False,False,False
401,10941,GNG121,GNG121(hb828282250)_L,,CB0059,(hb828282250),cb_intrinsic,,L,,,gaba,gaba,0.7458382585181551,-1,2,2,False,False,False
402,10943,AVLP531,AVLP531_R,,AVLP531,AVLP531,cb_intrinsic,,R,,,gaba,gaba,0.798070783020641,-1,2,2,False,False,False
403,10944,SAD098,SAD098_M,Cachero 2010: pSG-d; Vaughan 2014: aLN(m); Baker 2022: WV-WV,CB4161,,cb_intrinsic,,M,,fru_high,gaba,gaba,0.8698323702904158,-1,1,2,False,False,False
404,10947,CB0090,CB0090_L,,CB0090,,cb_intrinsic,,L,,,gaba,gaba,0.8476158761004248,-1,1,3,False,False,False
405,10948,AVLP608,AVLP608_R,,CB0125,,cb_intrinsic,,R,,,acetylcholine,acetylcholine,0.9690380233751444,1,2,2,False,False,False
406,10949,GNG506,GNG506_R,,CB0534,,cb_intrinsic,,R,,,gaba,gaba,0.8573347840185851,-1,2,2,False,False,False
407,10956,LoVC20,LoVC20_L,,mALD2,mALD2,cb_intrinsic,,L,,,gaba,gaba,0.8517906712010369,-1,2,2,False,False,False
408,10957,DNp69,DNp69(CL304)_R,,DNp69,CL304,descending_neuron,,R,,,acetylcholine,acetylcholine,0.9631105593636228,1,2,2,False,False,False
409,10959,DNg98,DNg98_R,Pool 2014: DSOG1,DNg98,,descending_neuron,,R,,,gaba,gaba,0.8746471821513235,-1,2,2,False,False,False
410,10960,GNG092,GNG092_R,,CB0487,,cb_intrinsic,,R,,,gaba,gaba,0.8925801586192224,-1,2,2,False,False,False
411,10962,LAL026_a,LAL026_a_L,,"CB2418,LAL026",LAL026,cb_intrinsic,,L,,,acetylcholine,acetylcholine,0.9550299355565652,1,2,2,False,False,False
412,10967,DNg70,DNg70_R,Pool 2014: DSOG1,DNg70,,descending_neuron,,R,,,gaba,gaba,0.7733074569381021,-1,2,2,False,False,False
413,10968,DNp34,DNp34_L,,DNp34,DNp34,descending_neuron,,L,,,acetylcholine,acetylcholine,0.9611307984519103,1,2,2,False,False,False
414,10970,GNG301,GNG301_R,,CB0443,,cb_intrinsic,,R,,,gaba,gaba,0.875049437088417,-1,1,2,False,False,False
415,10972,AMMC034_b,AMMC034_b_L,,CB2556,,cb_intrinsic,,L,,,acetylcholine,acetylcholine,0.9592848120911066,1,1,3,False,False,False
416,10975,DNa03,DNa03_R,,DNa03,DNa03,descending_neuron,,R,,,acetylcholine,acetylcholine,0.9598354304191197,1,2,2,False,False,False
417,10979,DNge103,DNge103_L,,DNge103,,descending_neuron,,L,sexually dimorphic,,gaba,gaba,0.8468838715925378,-1,2,2,False,False,False
418,10982,WED063_a,WED063_a_R,,"CB2108,CB2449",WED063_a,cb_intrinsic,,R,,,acetylcholine,acetylcholine,0.9582051474889002,1,2,2,False,False,False
419,10983,PVLP211m_a,PVLP211m_a_R,Cachero 2010: pIP-e; Yu 2010: pIP5,,,cb_intrinsic,,R,male-specific,fru_high,acetylcholine,acetylcholine,0.9699634965394552,1,2,1,False,False,False
420,10985,DNbe004,DNbe004(PS066)_R,,DNbe004,PS066,descending_neuron,,R,,,glutamate,glutamate,0.7751589697587493,-1,2,2,False,False,False
421,10987,CL311,CL311_R,,CL311,CL311,cb_intrinsic,,R,sexually dimorphic,,acetylcholine,acetylcholine,0.9545718423347789,1,2,2,False,False,False
422,10988,AVLP712m,AVLP712m_R,Cachero 2010: aIP-d; Yu 2010: aIP1,,,cb_intrinsic,,R,male-specific,fru_high,glutamate,glutamate,0.7576296621266291,-1,2,1,False,False,False
423,10992,PVLP122,PVLP122_L,,PVLP122b,PVLP122,cb_intrinsic,,L,,,acetylcholine,acetylcholine,0.9552597431537038,1,2,2,False,False,False
424,10993,AVLP078,AVLP078_L,,AVLP078,AVLP078,cb_intrinsic,,L,,,glutamate,glutamate,0.7790542634944013,-1,2,2,False,False,False
425,10995,PVLP120,PVLP120_R,,PVLP120,PVLP120,cb_intrinsic,,R,,,acetylcholine,acetylcholine,0.9665449088328063,1,2,2,False,False,False
426,10997,AN06B009,AN06B009_L,,AN_multi_11,(hb1687321237),ascending_neuron,,L,,,gaba,gaba,0.8371059030654125,-1,2,2,False,False,False
427,10998,CL213,CL213_L,,CL213,CL213,cb_intrinsic,,L,,,acetylcholine,acetylcholine,0.9190820256906147,1,2,2,False,False,False
428,10999,GNG700m,GNG700m_L,fru-M-800059,,,cb_intrinsic,,L,male-specific,fru_high,glutamate,glutamate,0.7461868273492196,-1,2,2,False,False,False
429,11002,DNae002,DNae002(DNa04)_L,,DNae002,DNa04,descending_neuron,,L,,,acetylcholine,acetylcholine,0.9508073077143561,1,2,2,False,False,False
430,11005,OA-VUMa4,OA-VUMa4_M,,OA-VUMa4,,cb_intrinsic,,M,,,octopamine,octopamine,0.8744091723489321,0,2,2,False,False,False
431,11006,DNge129,DNge129_L,,DNge129,,descending_neuron,,L,,,gaba,gaba,0.8867707578088804,-1,2,2,False,False,False
432,11011,AN07B018,AN07B018_R,,AN_AVLP_1,,ascending_neuron,,R,,,acetylcholine,acetylcholine,0.9590878287275781,1,2,2,False,False,False
433,11014,AN01A089,AN01A089_L,,AN_LH_AVLP_1,,ascending_neuron,,L,,,acetylcholine,acetylcholine,0.9377976226624023,1,2,2,False,False,False
434,11017,PVLP093,PVLP093_R,,PVLP093,PVLP093,cb_intrinsic,,R,,,gaba,gaba,0.8840289538295496,-1,2,2,False,False,False
435,11018,AVLP258,AVLP258_L,,AVLP258,AVLP258,cb_intrinsic,,L,,,acetylcholine,acetylcholine,0.9649974273407355,1,2,2,False,False,False
436,11020,DNp05,DNp05_R,Matsuo 2016: AMMC-Db2,DNp05,DNp05,descending_neuron,,R,,,acetylcholine,acetylcholine,0.9584000181046685,1,2,2,False,False,False
437,11023,GNG304,GNG304_L,,CB0531,,cb_intrinsic,,L,,,glutamate,glutamate,0.7101020481031598,-1,2,2,False,False,False
438,11026,LAL009,LAL009_R,,LAL009,LAL009,cb_intrinsic,,R,,,acetylcholine,acetylcholine,0.9288047751548596,1,2,2,False,False,False
439,11040,MeVP18,MeVP18_L,,MTe13,,visual_projection,,L,,,glutamate,glutamate,0.689624003031504,-1,2,2,False,False,False
440,11042,LHCENT10,LHCENT10_L,,LHCENT10,LHCENT10,cb_intrinsic,,L,,,gaba,gaba,0.7671962622338192,-1,2,2,False,False,False
441,11043,LPT60,LPT60_L,,AVLP151,AVLP151,cb_intrinsic,,L,,,acetylcholine,acetylcholine,0.9568246264036326,1,2,2,False,False,False
442,11044,AMMC034_a,AMMC034_a_L,,CB2556,,cb_intrinsic,,L,,,acetylcholine,acetylcholine,0.9510944913282529,1,1,2,False,False,False
443,11047,PS001,PS001_L,,PS001,PS001,cb_intrinsic,,L,,,gaba,gaba,0.7984198853644529,-1,2,2,False,False,False
444,11048,DNge068,DNge068_R,,DNge068,,descending_neuron,,R,,,glutamate,glutamate,0.8105053491668345,-1,2,2,False,False,False
445,11057,DNbe004,DNbe004(PS066)_L,,DNbe004,PS066,descending_neuron,,L,,,glutamate,glutamate,0.763410156271593,-1,2,2,False,False,False
446,11061,VES045,VES045_L,,VES045,VES045,cb_intrinsic,,L,,,gaba,gaba,0.8754847634428213,-1,2,2,False,False,False
447,11063,DNge032,DNge032_L,,DNge032,,descending_neuron,,L,,,acetylcholine,acetylcholine,0.9434669802209595,1,2,2,False,False,False
448,11064,AN19B017,AN19B017_L,,AN_multi_14,,ascending_neuron,,L,,,acetylcholine,acetylcholine,0.9600477628036038,1,2,2,False,False,False
449,11065,DNp14,DNp14(SMP585)_R,,DNp14,SMP585,descending_neuron,,R,,,acetylcholine,acetylcholine,0.9213741623305752,1,2,2,False,False,False
450,11066,DNa13,DNa13(LAL041)_R,,DNa13,LAL041,descending_neuron,,R,,,acetylcholine,acetylcholine,0.9557150693767954,1,2,2,False,False,False
451,11071,CB0530,CB0530_L,,CB0530,,cb_intrinsic,,L,,,glutamate,glutamate,0.7751726683608883,-1,2,2,False,False,False
452,11072,DNp12,DNp12(WED105)_L,,DNp12,WED105,descending_neuron,,L,,,acetylcholine,acetylcholine,0.965883079194186,1,1,2,False,False,False
453,11075,DNg99,DNg99_L,,DNg99,,descending_neuron,,L,,,gaba,gaba,0.7800171629941097,-1,1,3,False,False,False
454,11078,DNg96,DNg96_L,,DNg96,,descending_neuron,,L,potentially sexually dimorphic,,glutamate,glutamate,0.7167309374692661,-1,2,2,False,False,False
455,11088,DNp55,DNp55(WED180)_R,,DNp55,WED180,descending_neuron,,R,,,acetylcholine,acetylcholine,0.9517212406869396,1,2,2,False,False,False
456,11091,AVLP542,AVLP542_L,,AVLP542,AVLP542,cb_intrinsic,,L,,,gaba,gaba,0.8634577571388048,-1,1,2,False,False,False
457,11093,AVLP402,AVLP402_L,,AVLP402,AVLP402,cb_intrinsic,,L,,,acetylcholine,acetylcholine,0.9367148356396496,1,2,2,False,False,False
458,11098,DNg78,DNg78_L,,DNg78,,descending_neuron,,L,,,acetylcholine,acetylcholine,0.9514181286912057,1,2,2,False,False,False
459,11101,AVLP502,AVLP502_L,,AVLP502,AVLP502,cb_intrinsic,,L,,,acetylcholine,acetylcholine,0.9624582043189331,1,1,2,False,False,False
460,11103,DNge141,DNge141_R,,DNge141,,descending_neuron,,R,,,gaba,gaba,0.8707143312008143,-1,2,2,False,False,False
461,11108,CL286,CL286_R,,CL286,CL286,cb_intrinsic,,R,,,acetylcholine,acetylcholine,0.9648603529321069,1,2,2,False,False,False
462,11110,AVLP615,AVLP615(hb2071241779)_R,,CB0089,(hb2071241779),cb_intrinsic,,R,,,gaba,gaba,0.858091154737807,-1,2,2,False,False,False
463,11111,DNbe003,DNbe003(hb5813024933)_L,,DNbe003,hb5813024933,descending_neuron,,L,,,acetylcholine,acetylcholine,0.9593168450373423,1,2,2,False,False,False
464,11116,pIP10,pIP10_R,"Kimura 2008, Kohatsu 2010: P2b; Cachero 2010: pIP-a; Yu 2010: pIP1",,,descending_neuron,,R,male-specific,fru_high,acetylcholine,acetylcholine,0.9487267770124251,1,3,0,False,False,True
465,11118,PVLP137,PVLP137_L,,PVLP137,PVLP137,cb_intrinsic,,L,,,acetylcholine,acetylcholine,0.961406305554867,1,1,2,False,False,False
466,11119,CB1312,CB1312_L,,CB1312,,cb_intrinsic,,L,,,acetylcholine,acetylcholine,0.9580542060715215,1,2,2,False,False,False
467,11121,DNp52,DNp52(CRE101)_L,,DNp52,CRE101,descending_neuron,,L,,,acetylcholine,acetylcholine,0.9574115287278047,1,3,1,False,False,False
468,11125,AVLP610,AVLP610_R,,CB0623,,cb_intrinsic,,R,,,dopamine,dopamine,0.575824372731035,0,2,2,False,False,False
469,11126,SAD010,SAD010_L,,SAD010,SAD010,cb_intrinsic,,L,,,acetylcholine,acetylcholine,0.9262494740899315,1,2,2,False,False,False
470,11128,AVLP085,AVLP085_L,,AVLP085,AVLP085,cb_intrinsic,,L,,,gaba,gaba,0.8508308717815959,-1,2,2,False,False,False
471,11131,DNg70,DNg70_L,Pool 2014: DSOG1,DNg70,,descending_neuron,,L,,,gaba,gaba,0.7668055552565242,-1,2,2,False,False,False
472,11133,DNp70,DNp70(CL305)_R,,DNp70,CL305,descending_neuron,,R,,,acetylcholine,acetylcholine,0.9351963996485984,1,2,2,False,False,False
473,11137,DNp04,DNp04_R,,DNp04,DNp04,descending_neuron,,R,,,acetylcholine,acetylcholine,0.966145372598192,1,2,2,False,False,False
474,11141,M_spPN4t9,M_spPN4t9_R,,M_spPN4t9,M_spPN4t9,cb_intrinsic,ALPN,R,,,acetylcholine,acetylcholine,0.9572453754246523,1,2,2,False,False,False
475,11142,PS059,PS059_R,,PS059,PS059,cb_intrinsic,,R,,,gaba,gaba,0.8031338090320495,-1,2,2,False,False,False
476,11152,PLP032,PLP032_R,,PLP032,PLP032,cb_intrinsic,,R,,,acetylcholine,acetylcholine,0.9470217262125595,1,2,2,False,False,False
477,11154,WED189,WED189_M,Cachero 2010: pSG-d; Vaughan 2014: aLN(m); Baker 2022: WV-WV,CB3913,,cb_intrinsic,,M,,fru_high,gaba,gaba,0.8595747710169612,-1,1,3,False,False,False
478,11155,OLVC5,OLVC5(PS064)_R,,cMLLP01,PS064,visual_centrifugal,,R,,,acetylcholine,acetylcholine,0.9519276217396089,1,2,2,False,False,False
479,11156,GNG102,GNG102_R,,CB0109,,cb_intrinsic,,R,,,gaba,gaba,0.852645836470743,-1,2,2,False,False,False
480,11157,LT51,LT51_R,,LT51,LT51,visual_projection,,R,,,glutamate,glutamate,0.727933731520944,-1,2,2,False,False,False
481,11158,DNge026,DNge026_R,,DNge026,,descending_neuron,,R,,,glutamate,glutamate,0.6958414001811807,-1,2,2,False,False,False
482,11159,DNp71,DNp71(DNp09)_R,,DNp71,DNp09,descending_neuron,,R,,,acetylcholine,acetylcholine,0.9602533701981295,1,2,2,False,False,False
483,11160,DNd02,DNd02(SAD039)_L,Busch 2009: OA-VL1,DNd02,SAD039,descending_neuron,,L,,,unclear,unclear,0.3716355910611089,0,2,2,False,False,False
484,11161,LoVP100,LoVP100_R,,LTe51,PLP091,visual_projection,,R,,,acetylcholine,acetylcholine,0.9456154484766088,1,2,2,False,False,False
485,11164,GNG124,GNG124_R,,CB0358,,cb_intrinsic,,R,,,gaba,gaba,0.8787901947763527,-1,2,2,False,False,False
486,11172,DNg32,DNg32_R,,DNg32,,descending_neuron,,R,,,acetylcholine,acetylcholine,0.9601644184056811,1,2,2,False,False,False
487,11177,DNp09,DNp09_R,,DNp09,DNp09,descending_neuron,,R,,,acetylcholine,acetylcholine,0.957317490972141,1,2,2,False,False,False
488,11181,AVLP086,AVLP086_L,,AVLP086,AVLP086,cb_intrinsic,,L,,,gaba,gaba,0.8085553613330073,-1,2,2,False,False,False
489,11182,DNp101,DNp101(CL334)_R,,DNp101,CL334,descending_neuron,,R,,,acetylcholine,acetylcholine,0.9573409853698145,1,2,2,False,False,False
490,11187,LoVP54,LoVP54_L,,LTe20,,visual_projection,,L,,,acetylcholine,acetylcholine,0.9676187768969475,1,2,2,False,False,False
491,11191,AVLP340,AVLP340_L,,AVLP340,AVLP340,cb_intrinsic,,L,,,acetylcholine,acetylcholine,0.9642890874998694,1,2,2,False,False,False
492,11193,ALIN6,ALIN6_R,,ALIN6,,cb_intrinsic,ALIN,R,,,gaba,gaba,0.6244100248328979,-1,2,2,False,False,False
493,11194,VES059,VES059_R,,VES059,VES059,cb_intrinsic,,R,,,acetylcholine,acetylcholine,0.9343376060298104,1,2,2,False,False,False
494,11198,DNg19,DNg19_R,,DNg19,,descending_neuron,,R,,,acetylcholine,acetylcholine,0.9449366357357523,1,2,2,False,False,False
495,11204,DNp49,DNp49_L,,DNp49,DNp49,descending_neuron,,L,,,glutamate,glutamate,0.7856652645246648,-1,2,2,False,False,False
496,11205,SAD073,SAD073_L,,CB3707,SAD073,cb_intrinsic,,L,,,gaba,gaba,0.8533496640675975,-1,2,2,False,False,False
497,11218,AVLP039,AVLP039_L,,AVLP039,AVLP039,cb_intrinsic,,L,,,acetylcholine,acetylcholine,0.9367499771403256,1,2,2,False,False,False
498,11220,PLP246,PLP246_R,,PLP246,PLP246,cb_intrinsic,,R,,,acetylcholine,acetylcholine,0.8920898528734672,1,2,2,False,False,False
499,11222,DNg111,DNg111(hb1573072464)_L,,DNg111,hb1573072464,descending_neuron,,L,sexually dimorphic,,glutamate,glutamate,0.7629335801862541,-1,2,2,False,False,False
500,11226,LHCENT10,LHCENT10_L,,LHCENT10,LHCENT10,cb_intrinsic,,L,,,gaba,gaba,0.7441403053111251,-1,2,2,False,False,False
501,11228,GNG112,GNG112_L,,CB0430,,cb_intrinsic,,L,,,acetylcholine,acetylcholine,0.9481239345534628,1,2,2,False,False,False
502,11234,GNG423,GNG423_L,,CB1582,,cb_intrinsic,,L,,,acetylcholine,acetylcholine,0.8689800576947568,1,2,2,False,False,False
503,11238,GNG636,GNG636_R,,CB2162,,cb_intrinsic,,R,,,gaba,gaba,0.8791860764719517,-1,1,3,False,False,False
504,11239,DNx01,DNx01_R,,DNx01,,sensory_descending,unknown_sensory,,,,acetylcholine,acetylcholine,0.8793228501091616,1,2,2,False,False,False
505,11242,SAD110,SAD110_R,,CB1231a,,cb_intrinsic,,R,,,gaba,gaba,0.830201867235353,-1,2,2,False,False,False
506,11249,WED190,WED190_M,Cachero 2010: pSG-d; Vaughan 2014: aLN(m); Baker 2022: WV-WV,CB3882,,cb_intrinsic,,M,,fru_high,gaba,gaba,0.8066351655047722,-1,1,2,False,False,False
507,11250,AVLP501,AVLP501_R,,AVLP501,AVLP501,cb_intrinsic,,R,,,acetylcholine,acetylcholine,0.9650596437081402,1,2,2,False,False,False
508,11251,DNpe043,DNpe043(CL207)_L,,DNpe043,CL207,descending_neuron,,L,,,acetylcholine,acetylcholine,0.9642391624011045,1,2,2,False,False,False
509,11252,PVLP017,PVLP017_L,,PVLP017,PVLP017,cb_intrinsic,,L,,,gaba,gaba,0.845664643967482,-1,2,2,False,False,False
510,11258,DNd05,DNd05(CL124)_L,,DNd05,CL124,descending_neuron,,L,,,acetylcholine,acetylcholine,0.9589592662571996,1,2,2,False,False,False
511,11259,DNp68,DNp68(CL138)_R,,DNp68,CL138,descending_neuron,,R,sexually dimorphic,,acetylcholine,acetylcholine,0.9506668840154578,1,2,2,False,False,False
512,11261,DNp54,DNp54(PS163)_L,,DNp54,PS163,descending_neuron,,L,,,gaba,gaba,0.8533504314808632,-1,2,2,False,False,False
513,11268,CL319,CL319_L,,CL319,CL319,cb_intrinsic,,L,,,acetylcholine,acetylcholine,0.9683898268894366,1,2,2,False,False,False
514,11272,PVLP062,PVLP062_L,,PVLP062,PVLP062,cb_intrinsic,,L,,,acetylcholine,acetylcholine,0.9512937100694027,1,2,2,False,False,False
515,11274,GNG091,GNG091_L,,CB0503,,cb_intrinsic,,L,,,gaba,gaba,0.86150095716996,-1,2,2,False,False,False
516,11275,CB1078,CB1078_L,Cachero 2010: aDT-e; Vaughan 2014: aPN1,CB1078,,cb_intrinsic,,L,,fru_high,acetylcholine,acetylcholine,0.9476673807505112,1,1,3,False,True,False
517,11278,PVLP016,PVLP016_L,,PVLP016,PVLP016,cb_intrinsic,,L,sexually dimorphic,,glutamate,glutamate,0.7412464500106433,-1,2,2,False,False,False
518,11285,CB1078,CB1078_R,Cachero 2010: aDT-e; Vaughan 2014: aPN1,CB1078,,cb_intrinsic,,R,,fru_high,acetylcholine,acetylcholine,0.9466471484282749,1,2,2,False,True,False
519,11286,SIP126m_a,SIP126m_a_R,Cachero 2010: pIP-e; Yu 2010: pIP5,,,cb_intrinsic,,R,male-specific,fru_high,acetylcholine,acetylcholine,0.9565760823174735,1,2,1,False,False,False
520,11288,MDN,MDN_L,Carreira-Rosario 2018: DNp50,MDN,MDN,descending_neuron,,L,,,acetylcholine,acetylcholine,0.9602445039629445,1,2,2,False,False,False
521,11290,DNp66,DNp66(AVLP499)_R,,DNp66,AVLP499,descending_neuron,,R,,,acetylcholine,acetylcholine,0.9544094554243171,1,2,2,False,False,False
522,11295,CB0517,CB0517_L,,CB0517,,cb_intrinsic,,L,,,glutamate,glutamate,0.6061600528159512,-1,1,2,False,False,False
523,11297,DNbe003,DNbe003(hb5813024933)_R,,DNbe003,hb5813024933,descending_neuron,,R,,,acetylcholine,acetylcholine,0.9515112634784982,1,2,2,False,False,False
524,11298,DNp49,DNp49_R,,DNp49,DNp49,descending_neuron,,R,,,glutamate,glutamate,0.7731741238847505,-1,2,2,False,False,False
525,11300,LT82b,LT82b_L,,LT82,LT82b,visual_projection,,L,,,acetylcholine,acetylcholine,0.9476734782937101,1,2,2,False,False,False
526,11301,SAD051_b,SAD051_b_R,Cachero 2010: aDT-e; Vaughan 2014: aPN1,CB1078,SAD051_b,cb_intrinsic,,R,,fru_high,acetylcholine,acetylcholine,0.9564415850136688,1,1,2,False,True,False
527,11302,DNg104,DNg104_R,Babski 2024: VPM2,DNg104,,descending_neuron,,R,,,unclear,octopamine,0.7137216809232588,0,2,2,False,False,False
528,11303,PLP211,PLP211_L,,PLP211,PLP211,cb_intrinsic,,L,,,unclear,unclear,0.4025682902497021,0,2,2,False,False,False
529,11304,DNge042,DNge042_L,,DNge042,,descending_neuron,,L,,,acetylcholine,acetylcholine,0.9605239637089926,1,2,2,False,False,False
530,11306,PS013,PS013_L,,PS013,PS013,cb_intrinsic,,L,,,acetylcholine,acetylcholine,0.9559815835564732,1,2,2,False,False,False
531,11310,DNge048,DNge048_R,,DNge048,,descending_neuron,,R,,,acetylcholine,acetylcholine,0.9614911948639122,1,2,2,False,False,False
532,11311,CL248,CL248_R,,CL248,CL248,cb_intrinsic,,R,,,gaba,gaba,0.8383753639696586,-1,2,1,False,False,False
533,11315,CB2132,CB2132_R,,CB2132,,cb_intrinsic,,R,,,acetylcholine,acetylcholine,0.9623105285976689,1,2,2,False,False,False
534,11317,AVLP594,AVLP594_L,,AVLP594,AVLP594,cb_intrinsic,,L,,,unclear,unclear,0.4948507456191404,0,2,2,False,False,False
535,11319,LT42,LT42_R,,LT42,LT42,visual_centrifugal,,R,,,gaba,gaba,0.8416159628862632,-1,2,2,False,False,False
536,11320,AVLP316,AVLP316_L,Cachero 2010: aIP-g; Yu 2010: pIP6,AVLP316,AVLP316,cb_intrinsic,,L,sexually dimorphic,fru_high,acetylcholine,acetylcholine,0.9505147844100835,1,2,1,False,False,False
537,11325,AVLP034,AVLP034_R,,AVLP034,AVLP034,cb_intrinsic,,R,,,acetylcholine,acetylcholine,0.9196925335891194,1,2,2,False,False,False
538,11328,CB2763,CB2763_L,Cachero 2010: aSP-k; Yu 2010: aSP8,CB2763,,cb_intrinsic,,L,,fru_low,gaba,gaba,0.8311518114050851,-1,2,2,False,False,False
539,11331,AVLP758m,AVLP758m_L,,,,cb_intrinsic,,L,male-specific,,acetylcholine,acetylcholine,0.9583305613086107,1,2,2,False,False,False
540,11332,MDN,MDN_R,Carreira-Rosario 2018: DNp50,MDN,MDN,descending_neuron,,R,,,acetylcholine,acetylcholine,0.9453009868687349,1,2,2,False,False,False
541,11334,DNpe045,DNpe045(DNp23)_R,,DNpe045,DNp23,descending_neuron,,R,,,acetylcholine,acetylcholine,0.9567667316880828,1,2,2,False,False,False
542,11336,GNG589,GNG589_L,,CB0036,,cb_intrinsic,,L,,,glutamate,glutamate,0.7164716176192452,-1,2,2,False,False,False
543,11339,LT51,LT51_L,,LT51,LT51,visual_projection,,L,,,glutamate,glutamate,0.6578288885264576,-1,2,2,False,False,False
544,11343,SMP586,SMP586_R,fru-M-600077,SMP586,SMP586,cb_intrinsic,,R,,fru_low,acetylcholine,acetylcholine,0.9315745490481009,1,3,1,False,False,False
545,11349,AVLP572,AVLP572_L,,AVLP572,AVLP572,cb_intrinsic,,L,,,acetylcholine,acetylcholine,0.928092943166494,1,2,2,False,False,False
546,11351,LAL108,LAL108(LAL125)_R,,"LAL125,LAL108",LAL108,cb_intrinsic,,R,,,glutamate,glutamate,0.7505494432366946,-1,2,2,False,False,False
547,11352,DNge027,DNge027_L,,DNge027,,descending_neuron,,L,,,acetylcholine,acetylcholine,0.8715035828769382,1,2,2,False,False,False
548,11357,GNG121,GNG121_R,,CB0059,,cb_intrinsic,,R,,,gaba,gaba,0.7052687904635084,-1,2,2,False,False,False
549,11361,CL367,CL367(hb1506382974)_R,,CB0563,(hb1506382974),cb_intrinsic,,R,,,gaba,gaba,0.8274521553690798,-1,2,2,False,False,False
550,11365,DNbe007,DNbe007(VES042)_R,,DNbe007,VES042,descending_neuron,,R,,,acetylcholine,acetylcholine,0.9633898649434933,1,2,2,False,False,False
551,11366,AVLP300_a,AVLP300_a_L,Cachero 2010: aIP-b,AVLP300_a,AVLP300_a,cb_intrinsic,,L,,fru_low,acetylcholine,acetylcholine,0.9083925112454357,1,2,2,False,False,False
552,11367,PVLP061,PVLP061_R,,PVLP061,PVLP061,cb_intrinsic,,R,,,acetylcholine,acetylcholine,0.9187795482387708,1,2,2,False,False,False
553,11368,MeVC3,MeVC3_L,,cM18,PS134,visual_centrifugal,,L,,,acetylcholine,acetylcholine,0.9553352794550924,1,2,2,False,False,False
554,11371,PS013,PS013_R,,PS013,PS013,cb_intrinsic,,R,,,acetylcholine,acetylcholine,0.9585231821940359,1,2,2,False,False,False
555,11374,DNg60,DNg60_L,Sterne 2021: mesa; Sterne 2021: snail; Sapkal 2024: bluebell; Sapkal 2024: BB,DNg60,,descending_neuron,,L,,,gaba,gaba,0.8756736923534512,-1,2,2,False,False,False
556,11376,AVLP017,AVLP017_R,,AVLP017,AVLP017,cb_intrinsic,,R,,,glutamate,glutamate,0.741481301231791,-1,2,2,False,False,False
557,11377,GNG299,GNG299_M,,CB3901,,cb_intrinsic,,M,,,gaba,gaba,0.847634143334378,-1,2,2,False,False,False
558,11378,CB1280,CB1280_L,,CB1280,,cb_intrinsic,,L,,,acetylcholine,acetylcholine,0.9254516816632299,1,1,2,False,False,False
559,11380,DNp14,DNp14(SMP585)_L,,DNp14,SMP585,descending_neuron,,L,,,acetylcholine,acetylcholine,0.9601172187565117,1,2,2,False,False,False
560,11389,CB1074,CB1074_L,,CB1074,,cb_intrinsic,,L,,,acetylcholine,acetylcholine,0.9673130603515337,1,1,2,False,False,False
561,11391,SAD109,SAD109_M,,CB3875,,cb_intrinsic,,M,,,gaba,gaba,0.8112451601152948,-1,1,2,False,False,False
562,11395,PLP128,PLP128_L,,PLP128,PLP128,cb_intrinsic,,L,,,acetylcholine,acetylcholine,0.8444105959652705,1,2,2,False,False,False
563,11397,SAD013,SAD013_R,,SAD013,SAD013,cb_intrinsic,,R,,,gaba,gaba,0.859589288949775,-1,2,2,False,False,False
564,11401,SAD043,SAD043_R,,SAD043,SAD043,cb_intrinsic,,R,,,gaba,gaba,0.8758787650996694,-1,2,2,False,False,False
565,11405,LAL016,LAL016_R,,LAL016,LAL016,cb_intrinsic,,R,,,acetylcholine,acetylcholine,0.9627486916950314,1,2,2,False,False,False
566,11407,CL002,CL002_R,,CL002,CL002,cb_intrinsic,,R,,,glutamate,glutamate,0.8007053893517052,-1,2,2,False,False,False
567,11408,CB0758,CB0758_L,,CB0758,,cb_intrinsic,,L,,,gaba,gaba,0.8421037873123496,-1,1,3,False,False,False
568,11409,VP4+VL1_l2PN,VP4+VL1_l2PN_L,,VP4+VL1_l2PN,VP4+VL1_l2PN,cb_intrinsic,ALPN,L,,,acetylcholine,acetylcholine,0.9497462565673812,1,2,2,False,False,False
569,11411,DNg31,DNg31_R,,DNg31,,descending_neuron,,R,,,gaba,gaba,0.8519815221783212,-1,2,2,False,False,False
570,11413,VES088,VES088_R,,CB0593,,cb_intrinsic,,R,,,acetylcholine,acetylcholine,0.9460296107776076,1,2,2,False,False,False
571,11419,WED195,WED195(hb5813023473)_L,,CB0495,(hb5813023473),cb_intrinsic,,L,,,gaba,gaba,0.8586727455789273,-1,2,2,False,False,False
572,11420,DNge141,DNge141_L,,DNge141,,descending_neuron,,L,,,gaba,gaba,0.8620081979184313,-1,2,2,False,False,False
573,11421,DNge048,DNge048_L,,DNge048,,descending_neuron,,L,,,acetylcholine,acetylcholine,0.9639888396621329,1,2,2,False,False,False
574,11424,DNge026,DNge026_L,,DNge026,,descending_neuron,,L,,,glutamate,glutamate,0.6847039514981239,-1,2,2,False,False,False
575,11425,CB0429,CB0429_R,,CB0429,,descending_neuron,,R,potentially sexually dimorphic,,acetylcholine,acetylcholine,0.9690467466503888,1,3,1,False,False,False
576,11431,AN05B102a,AN05B102a_L,Kallman 2015: PPN1,AN_AVLP_20,(hb1665775343),ascending_neuron,,L,,,acetylcholine,acetylcholine,0.9548684423316885,1,2,2,False,False,False
577,11432,PLP216,PLP216_R,,PLP216,PLP216,cb_intrinsic,,R,,,gaba,gaba,0.8177226354680134,-1,2,2,False,False,False
578,11435,LoVP54,LoVP54_R,,LTe20,,visual_projection,,R,,,acetylcholine,acetylcholine,0.9544240355622882,1,2,2,False,False,False
579,11439,AVLP023,AVLP023_L,,AVLP023,AVLP023,cb_intrinsic,,L,,,acetylcholine,acetylcholine,0.9254975429366191,1,2,2,False,False,False
580,11440,PLP060,PLP060_R,,PLP060,PLP060,cb_intrinsic,,R,,,gaba,gaba,0.8780276537533747,-1,2,2,False,False,False
581,11443,AN04B003,AN04B003(11443)_R,,AN_IPS_GNG_7,,ascending_neuron,,R,,,acetylcholine,acetylcholine,0.9697385678810243,1,2,2,False,False,False
582,11445,AOTU064,AOTU064_L,,AOTU064,AOTU064,cb_intrinsic,,L,,,gaba,gaba,0.855871681561286,-1,2,2,False,False,False
583,11451,SAD051_a,SAD051_a_R,Cachero 2010: aDT-e,CB1542,SAD051_a,cb_intrinsic,,R,,fru_high,acetylcholine,acetylcholine,0.9578121476381337,1,2,2,False,False,False
584,11458,DNge043,DNge043(hb1499778528)_L,,DNge043,hb1499778528,descending_neuron,,L,,,acetylcholine,gaba,0.8518083217311081,1,2,2,False,False,False
585,11460,AVLP086,AVLP086_R,,AVLP086,AVLP086,cb_intrinsic,,R,,,gaba,gaba,0.8065794782439818,-1,2,2,False,False,False
586,11462,AVLP502,AVLP502_R,,AVLP502,AVLP502,cb_intrinsic,,R,,,acetylcholine,acetylcholine,0.9671246949556139,1,2,2,False,False,False
587,11463,LT51,LT51_R,,LT51,LT51,visual_projection,,R,,,glutamate,glutamate,0.7601621637390563,-1,2,2,False,False,False
588,11466,DNge149,DNge149_M,Babski 2024: OA-VUMd2,DNge149,,descending_neuron,,M,,,unclear,octopamine,0.7970809055977705,0,2,2,False,False,False
589,11472,PVLP015,PVLP015_L,,PVLP015,PVLP015,cb_intrinsic,,L,,,glutamate,glutamate,0.7196540293598763,-1,2,2,False,False,False
590,11475,DNg27,DNg27_L,,DNg27,,descending_neuron,,L,,,glutamate,glutamate,0.614835154191924,-1,3,1,False,False,False
591,11476,SAD112_b,SAD112_b_L,,CB1231b,,cb_intrinsic,,L,,,gaba,gaba,0.8316945427639698,-1,1,2,False,False,False
592,11477,LHPV6q1,LHPV6q1_R,Cachero 2010: pSP-e; Wu 2024: FMRFa-WED; fru-M-000116,LHPV6q1,LHPV6q1,cb_intrinsic,,R,,fru_high,unclear,serotonin,0.700566354033082,0,2,2,False,False,False
593,11479,DNb04,DNb04_R,,DNb04,DNb04,descending_neuron,,R,,,glutamate,glutamate,0.5635968245423512,-1,2,2,False,False,False
594,11482,DNge065,DNge065_R,,DNge065,,descending_neuron,,R,,,gaba,gaba,0.8838797863506236,-1,2,2,False,False,False
595,11486,DNd03,DNd03_L,Busch 2009: OA-VL2,DNd03,,descending_neuron,,L,,,glutamate,glutamate,0.514223932852445,-1,2,2,False,False,False
596,11488,ALON3,ALON3_R,"fru-M-100011, fru-M-300292",ALON3,,cb_intrinsic,ALON,R,,fru_low,glutamate,glutamate,0.6750540569533985,-1,2,2,False,False,False
597,11489,GNG160,GNG160_L,,CB0069,,cb_intrinsic,,L,,,glutamate,glutamate,0.7893167119887675,-1,2,2,False,False,False
598,11490,LAL073,LAL073_R,"fru-M-300269,fru-M-400076",LAL073,LAL073,cb_intrinsic,,R,,fru_low,glutamate,glutamate,0.5475167128045858,-1,2,2,False,False,False
599,11491,DNde005,DNde005(VES028)_L,,DNde005,VES028,descending_neuron,,L,,,acetylcholine,acetylcholine,0.9536618483977635,1,2,2,False,False,False
600,11492,CL112,CL112_R,,CL112,CL112,cb_intrinsic,,R,,,acetylcholine,acetylcholine,0.9431216271544685,1,2,2,False,False,False
601,11496,GNG484,GNG484_L,,CB0684,,cb_intrinsic,,L,,,acetylcholine,acetylcholine,0.5325882039993338,1,2,2,False,False,False
602,11499,AVLP314,AVLP314_L,,AVLP314,AVLP314,cb_intrinsic,,L,,,acetylcholine,acetylcholine,0.9550304329027697,1,2,2,False,False,False
603,11502,DNge132,DNge132_R,,DNge132,,descending_neuron,,R,,,acetylcholine,acetylcholine,0.9609251440401988,1,2,2,False,False,False
604,11505,DNp54,DNp54(PS163)_R,,DNp54,PS163,descending_neuron,,R,,,gaba,gaba,0.8470279123650154,-1,2,2,False,False,False
605,11506,GNG028,GNG028_R,,CB0851,,cb_intrinsic,,R,,,gaba,gaba,0.8766971487512492,-1,2,2,False,False,False
606,11507,PLP211,PLP211_R,,PLP211,PLP211,cb_intrinsic,,R,,,unclear,unclear,0.417853171243112,0,2,2,False,False,False
607,11508,AN02A001,AN02A001_L,,AN_multi_8,,ascending_neuron,,L,,,glutamate,glutamate,0.7922909824445604,-1,1,2,False,False,False
608,11509,AVLP339,AVLP339_L,,AVLP339,AVLP339,cb_intrinsic,,L,,,acetylcholine,acetylcholine,0.9585405915738011,1,2,2,False,False,False
609,11515,PS112,PS112_R,,PS112,PS112,cb_intrinsic,,R,,,glutamate,glutamate,0.7237792324805344,-1,2,2,False,False,False
610,11518,AVLP201,AVLP201_L,,AVLP201,AVLP201,cb_intrinsic,,L,,,gaba,gaba,0.7374214911187752,-1,1,2,False,False,False
611,11519,mAL_m5b,mAL_m5b_R,Cachero 2010: aDT-b; Yu 2010: aDT2,,,cb_intrinsic,,R,male-specific,fru_high,gaba,gaba,0.6416258062617504,-1,2,1,False,False,False
612,11520,SAD110,SAD110_R,,CB1231a,,cb_intrinsic,,R,,,gaba,gaba,0.8103178424217543,-1,2,2,False,False,False
613,11527,DNg101,DNg101_L,,DNg101,,descending_neuron,,L,sexually dimorphic,,acetylcholine,acetylcholine,0.9538342089175708,1,2,2,False,False,False
614,11528,CL259,CL259_L,,CL259,CL259,cb_intrinsic,,L,,,acetylcholine,acetylcholine,0.9560541006799936,1,2,2,False,False,False
615,11530,PLP249,PLP249_R,,PLP249,PLP249,cb_intrinsic,,R,,,gaba,gaba,0.862238026148373,-1,2,2,False,False,False
616,11532,PPM1203,PPM1203_R,Cachero 2010: pMP-d,PPM1203,PPM1203,cb_intrinsic,,R,,fru_high,dopamine,dopamine,0.7608915187042833,0,2,2,False,False,False
617,11535,AVLP749m,AVLP749m_L,Cachero 2010: aSP-h; Ruta 2010: DC2,,,cb_intrinsic,,L,male-specific,fru_high,acetylcholine,acetylcholine,0.9372789661275864,1,2,2,False,False,False
618,11536,AVLP243,AVLP243_L,,AVLP243,AVLP243,cb_intrinsic,,L,,fru_low,acetylcholine,acetylcholine,0.9497175626391477,1,2,2,False,False,False
619,11542,GNG351,GNG351_R,,CB3703,,cb_intrinsic,,R,,,glutamate,glutamate,0.7877939530981078,-1,2,2,False,False,False
620,11545,LoVP53,LoVP53_L,,LTe13,,visual_projection,,L,,,acetylcholine,acetylcholine,0.9669405536079361,1,2,2,False,False,False
621,11549,AVLP535,AVLP535_L,,AVLP535,AVLP535,cb_intrinsic,,L,,,gaba,gaba,0.8413076136282467,-1,2,2,False,False,False
622,11552,CB1076,CB1076_L,,CB1076,,cb_intrinsic,,L,,,acetylcholine,acetylcholine,0.9616235621923332,1,1,3,False,False,False
623,11554,DNp63,DNp63(PS113)_L,,DNp63,PS113,descending_neuron,,L,,,acetylcholine,acetylcholine,0.9588288962004017,1,2,2,False,False,False
624,11559,mALB4,mALB4_R,,mALB4,mALB4,cb_intrinsic,,R,,,gaba,gaba,0.8378016713946456,-1,2,2,False,False,False
625,11561,SAD112_a,SAD112_a_L,,CB1231b,,cb_intrinsic,,L,,,gaba,gaba,0.8460219646790419,-1,1,3,False,False,False
626,11562,MeVP18,MeVP18_L,,MTe13,,visual_projection,,L,,,glutamate,glutamate,0.7237704861293193,-1,2,2,False,False,False
627,11564,DA1_lPN,DA1_lPN_L,Cachero 2010: aDT-e,DA1_lPN,DA1_lPN,cb_intrinsic,ALPN,L,,fru_high,acetylcholine,acetylcholine,0.9579761910849919,1,2,2,False,False,False
628,11566,ALIN4,ALIN4_R,,ALIN4,lLN7,cb_intrinsic,ALIN,R,,,gaba,gaba,0.7222998110796881,-1,2,2,False,False,False
629,11567,WED046,WED046_R,,WED046,WED046,cb_intrinsic,,R,,,acetylcholine,acetylcholine,0.9675002027742234,1,2,2,False,False,False
630,11569,5-HTPLP01,5-HTPLP01_L,,5-HTPLP01,5-HTPLP01,cb_intrinsic,,L,,,glutamate,glutamate,0.6452957524198052,-1,2,2,False,False,False
631,11570,GNG037,GNG037_R,,CB0823,,cb_intrinsic,,R,,,acetylcholine,acetylcholine,0.8264807686856855,1,2,2,False,False,False
632,11572,SAD091,SAD091_M,,CB3877,,cb_intrinsic,,M,,,gaba,gaba,0.7800966432664318,-1,1,2,False,False,False
633,11573,DNpe021,DNpe021(CL307)_L,,DNpe021,CL307,descending_neuron,,L,,,acetylcholine,acetylcholine,0.9602079069685033,1,2,2,False,False,False
634,11574,CB0758,CB0758_L,,CB0758,,cb_intrinsic,,L,,,gaba,gaba,0.8076938336517523,-1,1,3,False,False,False
635,11575,DNge049,DNge049_R,,DNge049,,descending_neuron,,R,potentially sexually dimorphic,,acetylcholine,acetylcholine,0.9578471396677555,1,2,2,False,False,False
636,11580,AVLP539,AVLP539_L,,5-HTPLP01,AVLP539,cb_intrinsic,,L,,,glutamate,glutamate,0.6519630460883322,-1,2,2,False,False,False
637,11588,GNG590,GNG590_R,,CB0030,,cb_intrinsic,,R,,,gaba,gaba,0.8657199100994715,-1,2,2,False,False,False
638,11589,GNG311,GNG311_L,,CB0144,,cb_intrinsic,,L,,,acetylcholine,acetylcholine,0.9631638194304061,1,2,2,False,False,False
639,11590,MeVP23,MeVP23_L,,MTe18,,visual_projection,,L,,,glutamate,glutamate,0.7732444622840928,-1,2,2,False,False,False
640,11592,CL211,CL211_L,,CL211,CL211,cb_intrinsic,,L,,,acetylcholine,acetylcholine,0.9344856963509479,1,2,1,False,False,False
641,11595,MeVP23,MeVP23_R,,MTe18,,visual_projection,,R,,,glutamate,glutamate,0.7761158624305383,-1,2,2,False,False,False
642,11596,DNpe022,DNpe022(PS271)_R,,DNpe022,PS271,descending_neuron,,R,,,acetylcholine,acetylcholine,0.9642569051695217,1,2,2,False,False,False
643,11597,PVLP143,PVLP143_L,,PVLP143,PVLP143,cb_intrinsic,,L,,,acetylcholine,acetylcholine,0.9446756728715426,1,2,2,False,False,False
644,11599,AVLP429,AVLP429_L,,AVLP429,AVLP429,cb_intrinsic,,L,,,acetylcholine,acetylcholine,0.9687442422891067,1,2,2,False,False,False
645,11601,5-HTPLP01,5-HTPLP01_R,,5-HTPLP01,5-HTPLP01,cb_intrinsic,,R,,,glutamate,glutamate,0.5916865401792205,-1,2,2,False,False,False
646,11610,DNae007,DNae007(VES009)_R,,DNae007,VES009,descending_neuron,,R,,,acetylcholine,acetylcholine,0.9438264892621183,1,2,2,False,False,False
647,11613,DNp45,DNp45(PVLP117)_L,,DNp45,PVLP117,descending_neuron,,L,,,acetylcholine,acetylcholine,0.9575373387035205,1,2,1,False,False,False
648,11616,ANXXX106,ANXXX106_L,,AN_GNG_51,,ascending_neuron,,L,,,gaba,gaba,0.8863619079528364,-1,2,2,False,False,False
649,11626,PLP208,PLP208_R,,PLP208,PLP208,cb_intrinsic,,R,,,acetylcholine,acetylcholine,0.9564043175729968,1,2,2,False,False,False
650,11628,LT40,LT40_R,,LT40,LT40,visual_centrifugal,,R,,,gaba,gaba,0.874408094150231,-1,2,2,False,False,False
651,11632,DNpe052,DNpe052(AVLP564)_R,,DNpe052,AVLP564,descending_neuron,,R,potentially sexually dimorphic,,acetylcholine,acetylcholine,0.9624135250199417,1,2,2,False,False,False
652,11636,LAL126,LAL126_L,fru-M-200330,LAL126,LAL126,cb_intrinsic,,L,,fru_low,glutamate,glutamate,0.6894329724590514,-1,2,2,False,False,False
653,11637,PLP092,PLP092_L,,PLP092,PLP092,cb_intrinsic,,L,,,acetylcholine,acetylcholine,0.9643838250103308,1,2,2,False,False,False
654,11642,GNG311,GNG311(hb1375366517)_R,,CB0144,(hb1375366517),cb_intrinsic,,R,,,acetylcholine,acetylcholine,0.9674397834362308,1,2,2,False,False,False
655,11645,GNG583,GNG583_R,,CB0065,,cb_intrinsic,,R,sexually dimorphic,,acetylcholine,acetylcholine,0.9312527258796962,1,2,2,False,False,False
656,11646,SAD112_c,SAD112_c_L,,CB1231b,,cb_intrinsic,,L,,,gaba,gaba,0.8756301414768093,-1,1,2,False,False,False
657,11649,SIP104m,SIP104m_L,Cachero 2010: aSP-a; Yu 2010: aSP2,,,cb_intrinsic,,L,male-specific,fru_high,glutamate,glutamate,0.6674672306566554,-1,2,2,False,False,False
658,11652,GNG584,GNG584_R,,CB0057,,cb_intrinsic,,R,,,gaba,gaba,0.6767112159703232,-1,2,1,False,False,False
659,11654,AVLP077,AVLP077_R,,AVLP077,AVLP077,cb_intrinsic,,R,,,gaba,gaba,0.7854012449006795,-1,2,2,False,False,False
660,11656,AVLP369,AVLP369_L,,AVLP369,AVLP369,cb_intrinsic,,L,,,acetylcholine,acetylcholine,0.9467339328058227,1,2,2,False,False,False
661,11657,DNpe005,DNpe005(WED123)_L,,DNpe005,WED123,descending_neuron,,L,,,acetylcholine,acetylcholine,0.9638494015436333,1,2,2,False,False,False
662,11659,LAL161,LAL161_R,,"LAL160,LAL161",LAL161,cb_intrinsic,,R,,,acetylcholine,acetylcholine,0.9665434209301662,1,2,2,False,False,False
663,11664,AVLP209,AVLP209_R,,AVLP209,AVLP209,cb_intrinsic,,R,,,gaba,gaba,0.7703805614363057,-1,2,2,False,False,False
664,11666,SAD108,SAD108_L,,CB1817a,,cb_intrinsic,,L,,,acetylcholine,acetylcholine,0.9580093280926143,1,1,2,False,False,False
665,11667,WED119,WED119_L,,WED119,WED119,cb_intrinsic,,L,,,glutamate,glutamate,0.709830540614806,-1,1,2,False,False,False
666,11670,LT51,LT51_R,,LT51,LT51,visual_projection,,R,,,glutamate,glutamate,0.7588120676987248,-1,2,2,False,False,False
667,11675,CL065,CL065_R,,CL065,CL065,cb_intrinsic,,R,,,acetylcholine,acetylcholine,0.9618197626020554,1,2,2,False,False,False
668,11677,PVLP151,PVLP151_R,,PVLP151,PVLP151,cb_intrinsic,,R,,,acetylcholine,acetylcholine,0.9645674201527171,1,2,2,False,False,False
669,11680,AVLP211,AVLP211_L,,AVLP211,AVLP211,cb_intrinsic,,L,,,acetylcholine,acetylcholine,0.9604272770297583,1,2,2,False,False,False
670,11681,VES013,VES013_L,,VES013,VES013,cb_intrinsic,,L,,,acetylcholine,acetylcholine,0.9474191407127605,1,2,2,False,False,False
671,11682,LHCENT10,LHCENT10_R,,LHCENT10,LHCENT10,cb_intrinsic,,R,,,gaba,gaba,0.7457767778802348,-1,2,2,False,False,False
672,11687,DNpe031,DNpe031(PVLP116)_R,,DNpe031,PVLP116,descending_neuron,,R,,,glutamate,glutamate,0.7298600923614397,-1,2,2,False,False,False
673,11691,LHCENT11,LHCENT11_R,,LHCENT11,LHCENT11,cb_intrinsic,,R,,,acetylcholine,acetylcholine,0.9641318023623936,1,2,2,False,False,False
674,11693,DNd03,DNd03_R,Busch 2009: OA-VL2,DNd03,,descending_neuron,,R,,,glutamate,glutamate,0.5741109613661253,-1,2,2,False,False,False
675,11697,AVLP500,AVLP500_L,,AVLP500,AVLP500,cb_intrinsic,,L,,,acetylcholine,acetylcholine,0.9601657198017638,1,2,2,False,False,False
676,11701,mALD3,mALD3_L,,mALD3,mALD3,cb_intrinsic,,L,,,gaba,gaba,0.8638876490155404,-1,2,2,False,False,False
677,11702,AMMC012,AMMC012_R,,CB0404,,cb_intrinsic,,R,,,acetylcholine,acetylcholine,0.9422298252880258,1,2,2,False,False,False
678,11705,CL257,CL257_L,,CL257,CL257,cb_intrinsic,,L,,,acetylcholine,acetylcholine,0.8935960145063211,1,2,2,False,False,False
679,11706,DNg111,DNg111(hb1573072464)_R,,DNg111,hb1573072464,descending_neuron,,R,sexually dimorphic,,glutamate,glutamate,0.754939385469189,-1,2,2,False,False,False
680,11711,GNG006,GNG006_M,,CB3887,,cb_intrinsic,,M,,,gaba,gaba,0.8525157806432284,-1,2,2,False,False,False
681,11712,PLP019,PLP019_R,,PLP019,PLP019,cb_intrinsic,,R,,,gaba,gaba,0.8395922818107745,-1,2,2,False,False,False
682,11718,SAD093,SAD093_R,,SAD093,SAD093,cb_intrinsic,,R,,,acetylcholine,acetylcholine,0.9514075296859745,1,2,2,False,False,False
683,11719,PLP256,PLP256(hb1221457679)_R,,CB0143,(hb1221457679),cb_intrinsic,,R,,,glutamate,glutamate,0.6284796893002336,-1,2,2,False,False,False
684,11720,CL322,CL322_L,,CL322,CL322,cb_intrinsic,,L,,,acetylcholine,acetylcholine,0.964363613664382,1,2,2,False,False,False
685,11721,DA1_lPN,DA1_lPN_L,Cachero 2010: aDT-e,DA1_lPN,DA1_lPN,cb_intrinsic,ALPN,L,,fru_high,acetylcholine,acetylcholine,0.9240450528650821,1,2,2,False,False,False
686,11724,DNp64,DNp64(CL137)_R,,DNp64,CL137,descending_neuron,,R,,,acetylcholine,acetylcholine,0.9478242437727559,1,2,2,False,False,False
687,11727,AVLP258,AVLP258_R,,AVLP258,AVLP258,cb_intrinsic,,R,,,acetylcholine,acetylcholine,0.9702432629738896,1,2,2,False,False,False
688,11733,AN08B018,AN08B018_a_L,,AN_AVLP_18,,ascending_neuron,,L,,,acetylcholine,acetylcholine,0.9166820895548204,1,2,2,False,False,False
689,11737,DNge073,DNge073_R,,DNge073,,descending_neuron,,R,,,acetylcholine,acetylcholine,0.9582885141212484,1,2,2,False,False,False
690,11741,mALB1,mALB1_L,,mALB1,mALB1,cb_intrinsic,,L,,,gaba,gaba,0.8423080671614119,-1,2,2,False,False,False
691,11742,DNp104,DNp104(CL324)_L,,DNp104,CL324,descending_neuron,,L,,,acetylcholine,acetylcholine,0.8567368760688212,1,2,2,False,False,False
692,11746,VES046,VES046_L,,VES046,VES046,cb_intrinsic,,L,,,glutamate,glutamate,0.81346845262549,-1,2,2,False,False,False
693,11748,SAD057,SAD057_R,Cachero 2010: aDT-e,CB1078,SAD057,cb_intrinsic,,R,,fru_high,acetylcholine,acetylcholine,0.9065028499171495,1,1,3,False,False,False
694,11754,SAD052,SAD052_R,Cachero 2010: aDT-e,SAD052,SAD052,cb_intrinsic,,R,,fru_high,acetylcholine,acetylcholine,0.9571434520131261,1,2,2,False,False,False
695,11755,GNG117,GNG117_R,,CB0216,,cb_intrinsic,,R,,,acetylcholine,acetylcholine,0.8360950664682701,1,2,2,False,False,False
696,11757,SAD057,SAD057_R,Cachero 2010: aDT-e,CB1078,SAD057,cb_intrinsic,,R,,fru_high,acetylcholine,acetylcholine,0.9275428961008992,1,2,2,False,False,False
697,11759,SAD057,SAD057_L,Cachero 2010: aDT-e,CB1078,SAD057,cb_intrinsic,,L,,fru_high,acetylcholine,acetylcholine,0.9003103977224114,1,1,3,False,False,False
698,11762,PVLP013,PVLP013_R,,PVLP013,PVLP013,cb_intrinsic,,R,,,acetylcholine,acetylcholine,0.9663174679108882,1,2,2,False,False,False
699,11764,AOTU064,AOTU064_R,,AOTU064,AOTU064,cb_intrinsic,,R,,,gaba,gaba,0.8703427473575053,-1,2,2,False,False,False
700,11765,DNge142,DNge142_R,,DNge142,,descending_neuron,,R,,,gaba,gaba,0.8712962679094923,-1,2,2,False,False,False
701,11768,AVLP593,AVLP593_L,,AVLP593,AVLP593,cb_intrinsic,,L,,,unclear,unclear,0.35746108667485,0,2,2,False,False,False
702,11770,DNae010,DNae010(PS016)_R,,DNae010,PS016,descending_neuron,,R,,,acetylcholine,acetylcholine,0.9163273332490958,1,2,2,False,False,False
703,11774,SLP031,SLP031_R,,SLP031,SLP031,cb_intrinsic,,R,,,acetylcholine,acetylcholine,0.9480928866335472,1,2,2,False,False,False
704,11782,SAD106,SAD106_L,,CB0261,,cb_intrinsic,,L,,,acetylcholine,acetylcholine,0.9661361828291694,1,1,2,False,False,False
705,11784,GNG497,GNG497_L,,CB0599,,cb_intrinsic,,L,,,gaba,gaba,0.8303805261498151,-1,2,2,False,False,False
706,11789,PLP015,PLP015_L,,PLP015,PLP015,cb_intrinsic,,L,,,gaba,gaba,0.8632199420973471,-1,2,2,False,False,False
707,11790,CB0397,CB0397_L,,CB0397,,cb_intrinsic,,L,,,gaba,gaba,0.8599362176295928,-1,1,2,False,False,False
708,11791,SIP104m,SIP104m_L,Cachero 2010: aSP-a; Yu 2010: aSP2,,,cb_intrinsic,,L,male-specific,fru_high,glutamate,glutamate,0.670133232699966,-1,2,2,False,False,False
709,11792,AVLP315,AVLP315_L,,AVLP315,AVLP315,cb_intrinsic,,L,,,acetylcholine,acetylcholine,0.9643306999526703,1,2,2,False,False,False
710,11797,DNge041,DNge041_L,,DNge041,,descending_neuron,,L,,,acetylcholine,acetylcholine,0.9310059207048405,1,2,2,False,False,False
711,11799,AVLP715m,AVLP715m_L,Cachero 2010: pIP-e; Yu 2010: pIP5; Nojima 2021: pC2l,,,cb_intrinsic,,L,male-specific,coexpress_high,acetylcholine,acetylcholine,0.9459447819818267,1,2,2,False,False,False
712,11804,CL069,CL069_L,,CL069,CL069,cb_intrinsic,,L,,,acetylcholine,acetylcholine,0.9524065344313402,1,2,2,False,False,False
713,11808,AOTU101m,AOTU101m_L,,,,cb_intrinsic,,L,male-specific,,acetylcholine,acetylcholine,0.935312801755465,1,3,1,False,False,False
714,11810,PLP300m,PLP300m_L,,,,cb_intrinsic,,L,male-specific,fru_high,acetylcholine,acetylcholine,0.9619291315006309,1,2,2,False,False,False
715,11813,CL264,CL264_L,,CL264,CL264,cb_intrinsic,,L,,,acetylcholine,acetylcholine,0.962240877812125,1,3,1,False,False,False
716,11818,CB0758,CB0758_L,,CB0758,,cb_intrinsic,,L,,,gaba,gaba,0.7845706411089461,-1,1,3,False,False,False
717,11821,DNge075,DNge075_R,,DNge075,,descending_neuron,,R,,,acetylcholine,acetylcholine,0.9402463570915048,1,2,2,False,False,False
718,11822,AN08B018,AN08B018_d_R,,AN_AVLP_36,,ascending_neuron,,R,,,acetylcholine,acetylcholine,0.9532856764106542,1,1,3,False,False,False
719,11823,VES063,VES063_L,,VES063a,VES063,cb_intrinsic,,L,,,acetylcholine,acetylcholine,0.9680974770866291,1,2,2,False,False,False
720,11826,PVLP151,PVLP151_R,,PVLP151,PVLP151,cb_intrinsic,,R,,,acetylcholine,acetylcholine,0.9623985009148077,1,2,2,False,False,False
721,11827,CB1076,CB1076_R,,CB1076,,cb_intrinsic,,R,,,acetylcholine,acetylcholine,0.959832901745931,1,2,2,False,False,False
722,11832,CL367,CL367(hb1073428001)_L,,CB0563,(hb1073428001),cb_intrinsic,,L,,,gaba,gaba,0.8428096784419312,-1,2,2,False,False,False
723,11833,AVLP751m,AVLP751m_R,,,,cb_intrinsic,,R,male-specific,,acetylcholine,acetylcholine,0.9586939051173812,1,3,1,False,False,False
724,11834,SIP091,SIP091_R,Cachero 2010: pIP-h; Yu 2010: pIP9,CB0666,hb953013850,cb_intrinsic,,R,sexually dimorphic,fru_high,acetylcholine,acetylcholine,0.9474374531811502,1,2,2,False,False,False
725,11835,CB1076,CB1076_L,,CB1076,,cb_intrinsic,,L,,,acetylcholine,acetylcholine,0.9608775587144154,1,1,2,False,False,False
726,11841,CB1301,CB1301_L,Cachero 2010: aIP-b,CB1301,"AVLP413,AVLP412,AVLP414",cb_intrinsic,,L,,fru_low,acetylcholine,acetylcholine,0.9336630001197969,1,2,2,False,False,False
727,11848,PVLP020,PVLP020_L,,PVLP020,PVLP020,cb_intrinsic,,L,,,gaba,gaba,0.8537463074092357,-1,2,2,False,False,False
728,11850,GNG525,GNG525_R,,CB0418,,cb_intrinsic,,R,,,acetylcholine,acetylcholine,0.9513842026601916,1,2,1,False,False,False
729,11851,,,,,,descending_neuron,,L,,,unclear,unclear,0.43505396982413214,0,2,2,False,False,False
730,11854,AVLP717m,AVLP717m_R,Cachero 2010: pIP-f,,,cb_intrinsic,,R,male-specific,fru_high,acetylcholine,acetylcholine,0.96245456977777,1,3,1,False,False,False
731,11856,CB0194,CB0194_R,,CB0194,,cb_intrinsic,,R,,,gaba,gaba,0.8447611602241769,-1,2,2,False,False,False
732,11859,DNpe050,DNpe050(CL341)_L,,DNpe050,CL341,descending_neuron,,L,,,acetylcholine,acetylcholine,0.9584319641138666,1,2,2,False,False,False
733,11860,IB115,IB115_R,,IB115,IB115,cb_intrinsic,,R,,,acetylcholine,acetylcholine,0.840776707101355,1,2,2,False,False,False
734,11863,GNG553,GNG553_R,,CB0202,,cb_intrinsic,,R,,,acetylcholine,acetylcholine,0.880371389764376,1,2,2,False,False,False
735,11868,AMMC034_a,AMMC034_a_R,,CB2556,,cb_intrinsic,,R,,,acetylcholine,acetylcholine,0.9596375600949406,1,1,2,False,False,False
736,11869,AN19A038,AN19A038_L,,AN_multi_2,,ascending_neuron,,L,,,acetylcholine,acetylcholine,0.9425930118511484,1,2,2,False,False,False
737,11877,PLP032,PLP032_L,,PLP032,PLP032,cb_intrinsic,,L,,,acetylcholine,acetylcholine,0.9485908176400979,1,2,2,False,False,False
738,11883,PVLP017,PVLP017_R,,PVLP017,PVLP017,cb_intrinsic,,R,,,gaba,gaba,0.837807916079281,-1,2,2,False,False,False
739,11887,LT82b,LT82b_R,,LT82,LT82b,visual_projection,,R,,,acetylcholine,acetylcholine,0.9550188290476965,1,2,2,False,False,False
740,11889,DNge065,DNge065_L,,DNge065,,descending_neuron,,L,,,gaba,gaba,0.8818532245027272,-1,2,2,False,False,False
741,11891,LAL139,LAL139_L,,LAL139,LAL139,cb_intrinsic,,L,,,gaba,gaba,0.7624472710076934,-1,2,2,False,False,False
742,11892,PLP216,PLP216_L,,PLP216,PLP216,cb_intrinsic,,L,,,gaba,gaba,0.7977637753470922,-1,2,2,False,False,False
743,11895,PVLP022,PVLP022_L,,PVLP022,PVLP022,cb_intrinsic,,L,,,gaba,gaba,0.873691386469614,-1,1,2,False,False,False
744,11907,LoVP90a,LoVP90a_R,,LTe42a,VES044,visual_projection,,R,,,acetylcholine,acetylcholine,0.9361765909598153,1,2,2,False,False,False
745,11910,LoVP91,LoVP91_L,,PLP051,PLP051,cb_intrinsic,,L,,,gaba,gaba,0.8668620114228841,-1,2,2,False,False,False
746,11915,CL339,CL339_L,,CL339,CL339,cb_intrinsic,,L,,,acetylcholine,acetylcholine,0.9572032183806908,1,2,2,False,False,False
747,11920,GNG587,GNG587_L,,CB0039,,cb_intrinsic,,L,,,acetylcholine,acetylcholine,0.9300260852317658,1,2,2,False,False,False
748,11923,AVLP209,AVLP209_L,,AVLP209,AVLP209,cb_intrinsic,,L,,,gaba,gaba,0.7865143095639681,-1,2,2,False,False,False
749,11924,LAL304m,LAL304m_R,,,,cb_intrinsic,,R,male-specific,fru_high,acetylcholine,acetylcholine,0.9686366773871504,1,2,2,False,False,False
750,11927,PVLP122,PVLP122_L,,PVLP122b,PVLP122,cb_intrinsic,,L,,,acetylcholine,acetylcholine,0.9676638886005774,1,2,2,False,False,False
751,11928,CB2478,CB2478_L,Cachero 2010: aIP-g; Yu 2010: pIP6,CB2478,,cb_intrinsic,,L,,fru_low,acetylcholine,acetylcholine,0.9646946776964321,1,2,2,False,False,False
752,11931,DNd04,DNd04_R,,DNd04,,descending_neuron,,R,,,glutamate,glutamate,0.7014249125539412,-1,2,2,False,False,False
753,11932,GNG119,GNG119_R,,CB0565,,cb_intrinsic,,R,,,gaba,gaba,0.8599374525160534,-1,2,2,False,False,False
754,11937,AVLP077,AVLP077_L,,AVLP077,AVLP077,cb_intrinsic,,L,,,gaba,gaba,0.797898986043051,-1,2,2,False,False,False
755,11944,DNpe026,DNpe026(CL202)_L,,DNpe026,CL202,descending_neuron,,L,,,acetylcholine,acetylcholine,0.9562101796258007,1,2,2,False,False,False
756,11948,DNge142,DNge142_L,,DNge142,,descending_neuron,,L,,,gaba,gaba,0.8669418550868905,-1,2,2,False,False,False
757,11950,CB0591,CB0591_L,,CB0591,,cb_intrinsic,,L,,,acetylcholine,acetylcholine,0.9582532265569493,1,1,2,False,False,False
758,11951,DNg38,DNg38_R,,DNg38,,descending_neuron,,R,,,gaba,gaba,0.889963704682113,-1,2,2,False,False,False
759,11953,LT51,LT51_R,,LT51,LT51,visual_projection,,R,,,glutamate,glutamate,0.7733004761494633,-1,2,2,False,False,False
760,11954,AVLP751m,AVLP751m_L,,,,cb_intrinsic,,L,male-specific,,acetylcholine,acetylcholine,0.9524122456298991,1,3,1,False,False,False
761,11958,SLP230,SLP230_R,,SLP230,SLP230,cb_intrinsic,,R,,,acetylcholine,acetylcholine,0.9467320370033386,1,2,2,False,False,False
762,11960,AMMC012,AMMC012(hb2032849765)_L,,CB0404,(hb2032849765),cb_intrinsic,,L,,,acetylcholine,acetylcholine,0.9545319634728471,1,2,2,False,False,False
763,11964,SIP106m,SIP106m_R,,,,cb_intrinsic,,R,potentially male-specific,,dopamine,dopamine,0.5228243609773844,0,2,1,False,False,False
764,11965,DNge053,DNge053_R,Sapkal 2024: BDN1,DNge053,,descending_neuron,,R,,,acetylcholine,acetylcholine,0.9204426771220345,1,2,2,False,False,False
765,11977,GNG636,GNG636_L,,CB2162,,cb_intrinsic,,L,,,gaba,gaba,0.8380200741211865,-1,1,3,False,False,False
766,11978,GNG492,GNG492_R,,CB0612,,cb_intrinsic,,R,,,gaba,gaba,0.8827677121122718,-1,2,2,False,False,False
767,11980,AVLP491,AVLP491_L,,AVLP491,AVLP491,cb_intrinsic,,L,,,acetylcholine,acetylcholine,0.9641343215525489,1,2,2,False,False,False
768,11982,GNG127,GNG127_R,,CB0013,,cb_intrinsic,,R,,,gaba,gaba,0.8726703419061759,-1,2,2,False,False,False
769,11985,AVLP575,AVLP575_L,,AVLP575,AVLP575,cb_intrinsic,,L,,,acetylcholine,acetylcholine,0.9647143907970528,1,2,2,False,False,False
770,11988,SAD072,SAD072_R,,SAD072,SAD072,cb_intrinsic,,R,,,gaba,gaba,0.8741103311188675,-1,2,1,False,False,False
771,12000,DNge099,DNge099_L,,DNge099,,descending_neuron,,L,,,glutamate,glutamate,0.7512165485521427,-1,2,2,False,False,False
772,12003,LHCENT10,LHCENT10_R,,LHCENT10,LHCENT10,cb_intrinsic,,R,,,gaba,gaba,0.723156559728292,-1,2,2,False,False,False
773,12015,AVLP087,AVLP087_R,,AVLP087,AVLP087,cb_intrinsic,,R,,,glutamate,glutamate,0.6252238130328833,-1,2,2,False,False,False
774,12017,AOTU049,AOTU049_L,,AOTU049,AOTU049,cb_intrinsic,,L,,,gaba,gaba,0.8055259313497508,-1,2,2,False,False,False
775,12020,AVLP592,AVLP592_L,,AVLP592,AVLP592,cb_intrinsic,,L,,,acetylcholine,acetylcholine,0.9647288544766353,1,2,2,False,False,False
776,12026,PLP015,PLP015_L,,PLP015,PLP015,cb_intrinsic,,L,,,gaba,gaba,0.8617589141117412,-1,2,2,False,False,False
777,12027,DNp101,DNp101(CL334)_L,,DNp101,CL334,descending_neuron,,L,,,acetylcholine,acetylcholine,0.9557201493686823,1,2,2,False,False,False
778,12028,GNG556,GNG556_R,,CB0195,,cb_intrinsic,,R,,,gaba,gaba,0.8272576122940494,-1,2,2,False,False,False
779,12032,LC4,LC4_L,,LC4,LC4,visual_projection,,L,,,acetylcholine,acetylcholine,0.9590470461080031,1,2,2,False,False,False
780,12033,PS106,PS106_R,,PS106,PS106,cb_intrinsic,,R,,,gaba,gaba,0.8357494197891203,-1,2,2,False,False,False
781,12034,CB1076,CB1076_L,,CB1076,,cb_intrinsic,,L,,,acetylcholine,acetylcholine,0.9638157156993651,1,1,3,False,False,False
782,12038,DNg38,DNg38_L,,DNg38,,descending_neuron,,L,,,gaba,gaba,0.8832149138782595,-1,2,2,False,False,False
783,12039,DNge135,DNge135_R,,DNge135,,descending_neuron,,R,,,gaba,gaba,0.8324275417318664,-1,2,2,False,False,False
784,12040,SAD051_a,SAD051_a_R,Cachero 2010: aDT-e; Vaughan 2014: aPN1,CB1078,SAD051_a,cb_intrinsic,,R,,fru_high,acetylcholine,acetylcholine,0.9597964547681312,1,1,2,False,True,False
785,12041,AVLP396,AVLP396_R,,AVLP396,AVLP396,cb_intrinsic,,R,,,acetylcholine,acetylcholine,0.9416748726043863,1,2,2,False,False,False
786,12051,AOTU101m,AOTU101m_R,,,,cb_intrinsic,,R,male-specific,,acetylcholine,acetylcholine,0.9571442839028803,1,3,1,False,False,False
787,12053,SAD106,SAD106_R,,CB0261,,cb_intrinsic,,R,,,acetylcholine,acetylcholine,0.9629880021993752,1,1,2,False,False,False
788,12056,WED046,WED046_L,,WED046,WED046,cb_intrinsic,,L,,,acetylcholine,acetylcholine,0.9632147118493594,1,2,2,False,False,False
789,12058,SIP107m,SIP107m_R,,,,cb_intrinsic,,R,male-specific,,glutamate,glutamate,0.8124824936454631,-1,3,1,False,False,False
790,12063,AVLP053,AVLP053_R,,AVLP053,AVLP053,cb_intrinsic,,R,,,acetylcholine,acetylcholine,0.9583752589820103,1,2,2,False,False,False
791,12066,SAD051_a,SAD051_a_L,Cachero 2010: aDT-e; Vaughan 2014: aPN1,CB1078,SAD051_a,cb_intrinsic,,L,,fru_high,acetylcholine,acetylcholine,0.9496831624629258,1,1,2,False,True,False
792,12068,SAD113,SAD113_L,,CB1231b,,cb_intrinsic,,L,,,gaba,gaba,0.8015972554291965,-1,1,3,False,False,False
793,12071,PVLP149,PVLP149_R,fru-M-300226,PVLP149,PVLP149,cb_intrinsic,,R,,fru_high,acetylcholine,acetylcholine,0.9447657767977495,1,2,2,False,False,False
794,12073,GNG136,GNG136_R,,CB0864,,cb_intrinsic,,R,,,acetylcholine,acetylcholine,0.9585845022157725,1,2,2,False,False,False
795,12074,SIP133m,SIP133m_R,Cachero 2010: aSP-e,,,cb_intrinsic,,R,male-specific,fru_high,glutamate,glutamate,0.6499911080877798,-1,2,1,False,False,False
796,12077,SAD051_a,SAD051_a_R,Cachero 2010: aDT-e,CB1542,SAD051_a,cb_intrinsic,,R,,fru_high,acetylcholine,acetylcholine,0.962874450468352,1,1,2,False,False,False
797,12081,CL111,CL111_L,,CL111,CL111,cb_intrinsic,,L,,,acetylcholine,acetylcholine,0.9617765923032926,1,2,2,False,False,False
798,12085,DNge136,DNge136_L,,DNge136,,descending_neuron,,L,,,gaba,gaba,0.8244718069395882,-1,2,1,False,False,False
799,12086,GNG562,GNG562_R,,CB0172,,cb_intrinsic,,R,,,gaba,gaba,0.8356155566885103,-1,2,2,False,False,False
800,12089,DNde006,DNde006_R,,DNde006,,descending_neuron,,R,,,glutamate,glutamate,0.8107220844978159,-1,2,2,False,False,False
801,12090,SMP286,SMP286_L,Cachero 2010: pMP-b; Yu 2010: pMP5; Rideout 2010: pC3; Zhou 2014: pCd; Nojima 2021: pCd-2,SMP286,SMP286,cb_intrinsic,,L,,coexpress_high,gaba,gaba,0.719879003190555,-1,3,1,False,False,False
802,12092,DNge027,DNge027_R,,DNge027,,descending_neuron,,R,,,acetylcholine,acetylcholine,0.9164886204044757,1,2,2,False,False,False
803,12093,GNG579,GNG579_R,,CB0082,,cb_intrinsic,,R,,,gaba,gaba,0.7737223944775978,-1,2,2,False,False,False
804,12101,PS058,PS058_L,,PS058,PS058,cb_intrinsic,,L,,,acetylcholine,acetylcholine,0.9574931460184775,1,2,2,False,False,False
805,12102,DNp38,DNp38_R,,DNp38,,descending_neuron,,R,,,acetylcholine,acetylcholine,0.9654223277531961,1,2,2,False,False,False
806,12108,IB012,IB012_R,,IB012,IB012,cb_intrinsic,,R,,,gaba,gaba,0.8210246367545294,-1,2,2,False,False,False
807,12110,PLP029,PLP029_R,,PLP029,PLP029,cb_intrinsic,,R,,,glutamate,glutamate,0.7315490839571,-1,2,2,False,False,False
808,12115,GNG638,GNG638_L,,CB0249,,cb_intrinsic,,L,,,gaba,gaba,0.8623617535311202,-1,2,2,False,False,False
809,12120,AVLP316,AVLP316_R,Cachero 2010: aIP-g; Yu 2010: pIP6,AVLP316,AVLP316,cb_intrinsic,,R,sexually dimorphic,fru_high,acetylcholine,acetylcholine,0.9531269147871244,1,2,1,False,False,False
810,12123,GNG316,GNG316_R,,CB0191,,cb_intrinsic,,R,,,acetylcholine,acetylcholine,0.9050466025196293,1,2,2,False,False,False
811,12125,AVLP029,AVLP029_R,,AVLP029,AVLP029,cb_intrinsic,,R,sexually dimorphic,,gaba,gaba,0.7744687930146846,-1,2,2,False,False,False
812,12129,SAD053,SAD053_R,,SAD053,SAD053,cb_intrinsic,,R,,,acetylcholine,acetylcholine,0.9634307189659213,1,1,2,False,False,False
813,12131,PS048_a,PS048_a_R,,PS048b,PS048,cb_intrinsic,,R,,,acetylcholine,acetylcholine,0.9489999190711068,1,2,2,False,False,False
814,12136,DNg102,DNg102_L,,"DNg102_a,DNg102_b",,descending_neuron,,L,,,gaba,gaba,0.8424527293230378,-1,2,2,False,False,False
815,12137,CL109,CL109_L,,CL109,CL109,cb_intrinsic,,L,,,acetylcholine,acetylcholine,0.962002721837032,1,2,2,False,False,False
816,12138,GNG160,GNG160_R,,CB0069,,cb_intrinsic,,R,,,glutamate,glutamate,0.6586879480409593,-1,2,2,False,False,False
817,12143,AN01A055,AN01A055_L,,AN_multi_106,,ascending_neuron,,L,,,acetylcholine,acetylcholine,0.9480969333647125,1,1,2,False,False,False
818,12148,AVLP576,AVLP576_L,,AVLP576,AVLP576,cb_intrinsic,,L,,,acetylcholine,acetylcholine,0.9345063044496884,1,2,2,False,False,False
819,12150,CB1542,CB1542_R,Cachero 2010: aDT-e; Vaughan 2014: aPN1,CB1542,,cb_intrinsic,,R,,fru_high,acetylcholine,acetylcholine,0.9588894894974206,1,1,2,False,True,False
820,12151,DNge138,DNge138_M,Babski 2024: OA-VUMd1,DNge138,,descending_neuron,,M,,,unclear,octopamine,0.859107365807585,0,2,2,False,False,False
821,12154,AN12B004,AN12B004(10576)_R,,AN_multi_19,,ascending_neuron,,R,,,gaba,gaba,0.8786915109194443,-1,1,2,False,False,False
822,12156,CB3019,CB3019_L,,CB3019,,cb_intrinsic,,L,,,acetylcholine,acetylcholine,0.9406846460331414,1,2,2,False,False,False
823,12158,GNG594,GNG594_R,,CB0005,,cb_intrinsic,,R,,,gaba,gaba,0.8471647084831758,-1,2,2,False,False,False
824,12161,AVLP478,AVLP478_R,,AVLP478,AVLP478,cb_intrinsic,,R,,,gaba,gaba,0.7966303284932629,-1,2,2,False,False,False
825,12167,GNG574,GNG574_R,,CB0108,,cb_intrinsic,,R,,,acetylcholine,acetylcholine,0.9483956448753483,1,2,2,False,False,False
826,12168,WEDPN9,WEDPN9_R,,WEDPN9,WEDPN9,cb_intrinsic,,R,,,acetylcholine,acetylcholine,0.9590740576110157,1,1,3,False,False,False
827,12169,DNg87,DNg87_L,,DNg87,,descending_neuron,,L,,,acetylcholine,acetylcholine,0.9654270585114656,1,2,2,False,False,False
828,12175,DNge099,DNge099_R,,DNge099,,descending_neuron,,R,,,glutamate,glutamate,0.7789709173637107,-1,2,2,False,False,False
829,12177,DNpe050,DNpe050(CL341)_R,,DNpe050,CL341,descending_neuron,,R,,,acetylcholine,acetylcholine,0.9578291942747676,1,2,2,False,False,False
830,12178,PLP257,PLP257_L,,CB0196,,cb_intrinsic,,L,,,gaba,gaba,0.8476619053611427,-1,2,2,False,False,False
831,12179,DNpe031,DNpe031(PVLP116)_R,,DNpe031,PVLP116,descending_neuron,,R,,,glutamate,glutamate,0.7163023265338423,-1,2,2,False,False,False
832,12181,AVLP593,AVLP593_R,,AVLP593,AVLP593,cb_intrinsic,,R,,,unclear,unclear,0.3329808592624604,0,2,2,False,False,False
833,12184,PVLP122,PVLP122_R,,PVLP122a,PVLP122,cb_intrinsic,,R,,,acetylcholine,acetylcholine,0.9498177386311283,1,2,2,False,False,False
834,12185,CB2132,CB2132_L,,CB2132,,cb_intrinsic,,L,,,acetylcholine,acetylcholine,0.9556536596194806,1,2,2,False,False,False
835,12186,SAD084,SAD084_R,,SAD084,SAD084,cb_intrinsic,,R,,,acetylcholine,acetylcholine,0.954656208424513,1,2,1,False,False,False
836,12188,DNg84,DNg84_R,,DNg84,,descending_neuron,,R,,,acetylcholine,acetylcholine,0.9578969104008335,1,2,2,False,False,False
837,12191,AVLP577,AVLP577_L,,AVLP577,AVLP577,cb_intrinsic,,L,,,acetylcholine,acetylcholine,0.9572431704363986,1,2,2,False,False,False
838,12198,AN17B013,AN17B013_L,,AN_AMMC_SAD_1,,ascending_neuron,,L,,,gaba,gaba,0.8094430002441222,-1,1,3,False,False,False
839,12205,AVLP539,AVLP539_R,,5-HTPLP01,AVLP539,cb_intrinsic,,R,,,glutamate,glutamate,0.6083057774292555,-1,2,2,False,False,False
840,12208,CL110,CL110_R,,CL110,CL110,cb_intrinsic,,R,,,acetylcholine,acetylcholine,0.9516486945774741,1,2,2,False,False,False
841,12210,DNg68,DNg68_R,,DNg68,,descending_neuron,,R,,,acetylcholine,acetylcholine,0.8729738349780733,1,2,2,False,False,False
842,12213,SAD052,SAD052_L,Cachero 2010: aDT-e,SAD052,SAD052,cb_intrinsic,,L,,fru_high,acetylcholine,acetylcholine,0.9534771124458636,1,1,2,False,False,False
843,12215,PVLP122,PVLP122_R,,PVLP122b,PVLP122,cb_intrinsic,,R,,,acetylcholine,acetylcholine,0.9639865854552393,1,2,2,False,False,False
844,12218,DNpe031,DNpe031(PVLP116)_L,,DNpe031,PVLP116,descending_neuron,,L,,,glutamate,glutamate,0.7247571457382347,-1,2,2,False,False,False
845,12220,ICL002m,ICL002m_L,"Kimura 2008, Kohatsu 2010: P2b; Cachero 2010: pIP-a; Yu 2010: pIP1",,,cb_intrinsic,,L,male-specific,fru_high,acetylcholine,acetylcholine,0.963961586968216,1,2,2,False,False,False
846,12222,DNpe031,DNpe031(PVLP116)_L,,DNpe031,PVLP116,descending_neuron,,L,,,glutamate,glutamate,0.7086808702736446,-1,2,2,False,False,False
847,12228,AMMC028,AMMC028_L,,CB3893,,cb_intrinsic,,L,,,gaba,gaba,0.8905442304885173,-1,2,2,False,False,False
848,12229,GNG385,GNG385_R,,CB2700,,cb_intrinsic,,R,,,gaba,gaba,0.8713802986128242,-1,2,2,False,False,False
849,12232,GNG515,GNG515_R,,CB0497,,cb_intrinsic,,R,,,gaba,gaba,0.8500955206002967,-1,2,2,False,False,False
850,12233,AVLP708m,AVLP708m_R,,,,cb_intrinsic,,R,male-specific,,acetylcholine,acetylcholine,0.9271584150484898,1,2,2,False,False,False
851,12237,SAD055,SAD055_L,,CB1280,SAD055,cb_intrinsic,,L,,,acetylcholine,acetylcholine,0.8803651250943256,1,1,2,False,False,False
852,12238,DNg32,DNg32_L,,DNg32,,descending_neuron,,L,,,acetylcholine,acetylcholine,0.9611253406324817,1,2,2,False,False,False
853,12239,DNbe002,DNbe002_R,,DNbe002,,descending_neuron,,R,,,acetylcholine,acetylcholine,0.9579633013083511,1,2,2,False,False,False
854,12242,SAD055,SAD055_R,,CB1280,SAD055,cb_intrinsic,,R,,,acetylcholine,acetylcholine,0.9592939409343542,1,1,2,False,False,False
855,12246,SAD051_b,SAD051_b_R,Cachero 2010: aDT-e; Vaughan 2014: aPN1,CB1542,SAD051_b,cb_intrinsic,,R,,fru_high,acetylcholine,acetylcholine,0.9525478369653041,1,1,2,False,True,False
856,12247,AVLP508,AVLP508_R,,AVLP508,AVLP508,cb_intrinsic,,R,,,acetylcholine,acetylcholine,0.9301389361979093,1,2,2,False,False,False
857,12249,DNg104,DNg104_L,Babski 2024: VPM2,DNg104,,descending_neuron,,L,,,unclear,octopamine,0.7640248986014642,0,2,2,False,False,False
858,12255,PVLP019,PVLP019_R,,PVLP019,PVLP019,cb_intrinsic,,R,,,gaba,gaba,0.8542274449368183,-1,2,2,False,False,False
859,12256,DNge056,DNge056_R,,DNge056,,descending_neuron,,R,,,acetylcholine,acetylcholine,0.9677235745793947,1,2,2,False,False,False
860,12257,pC1x_c,pC1x_c_L,"Lee 2002, Rideout 2010, Nojima 2021: pC1, Sten 2025: pC1x","pC1a,pC1c","pC1a,pC1c",cb_intrinsic,,L,sexually dimorphic,dsx_high,acetylcholine,acetylcholine,0.9382836916741419,1,3,1,False,True,False
861,12262,CL213,CL213_R,,CL213,CL213,cb_intrinsic,,R,,,acetylcholine,acetylcholine,0.9559709647295322,1,2,2,False,False,False
862,12273,PS233,PS233_L,,PS233,PS233,cb_intrinsic,,L,,,acetylcholine,acetylcholine,0.918631181846078,1,2,2,False,False,False
863,12275,PVLP151,PVLP151_L,,PVLP151,PVLP151,cb_intrinsic,,L,,,acetylcholine,acetylcholine,0.8991030091012537,1,2,2,False,False,False
864,12278,PS010,PS010_R,,PS010,PS010,cb_intrinsic,,R,,,acetylcholine,acetylcholine,0.9383251283608433,1,2,2,False,False,False
865,12281,CL344_b,CL344_b_R,"fru-F-300022,fru-M-000069,fru-M-100027,fru-M-100118,fru-M-200044,fru-M-200045,fru-M-500061,fru-M-600043,fru-M-700063,fru-M-700072,fru-M-800053",CL344,CL344,cb_intrinsic,,R,potentially sexually dimorphic,fru_high,unclear,unclear,0.4780370160884867,0,2,1,False,False,False
866,12283,AVLP533,AVLP533_L,,AVLP533,AVLP533,cb_intrinsic,,L,,,gaba,gaba,0.8236477090125245,-1,2,2,False,False,False
867,12286,AN05B102a,AN05B102a_R,Kallman 2015: PPN1,AN_AVLP_20,,ascending_neuron,,R,,,acetylcholine,acetylcholine,0.9651958388926991,1,2,2,False,False,False
868,12287,mAL_m1,mAL_m1_R,Cachero 2010: aDT-b; Yu 2010: aDT2,,,cb_intrinsic,,R,male-specific,fru_high,gaba,gaba,0.5990774556667416,-1,2,2,False,False,False
869,12288,GNG563,GNG563_R,,CB0170,,cb_intrinsic,,R,,,acetylcholine,acetylcholine,0.9208713167753052,1,2,1,False,False,False
870,12292,PS274,PS274_R,,PS274,PS274,cb_intrinsic,,R,,,acetylcholine,acetylcholine,0.9349593494707037,1,2,2,False,False,False
871,12295,aMe20,aMe20_R,,aMe20,aMe20,visual_projection,,R,,,acetylcholine,acetylcholine,0.9631929772146343,1,2,2,False,False,False
872,12299,DNg68,DNg68_L,,DNg68,,descending_neuron,,L,,,acetylcholine,acetylcholine,0.8444880858438865,1,2,2,False,False,False
873,12310,LAL200,LAL200_R,,LAL200,LAL200,cb_intrinsic,,R,,,acetylcholine,acetylcholine,0.9394861506826758,1,2,2,False,False,False
874,12321,SMP456,SMP456_R,,SMP456,SMP456,cb_intrinsic,,R,,,acetylcholine,acetylcholine,0.9421074180331469,1,3,1,False,False,False
875,12323,PVLP115,PVLP115_R,,PVLP115,PVLP115,cb_intrinsic,,R,,,acetylcholine,acetylcholine,0.9632699039815085,1,2,2,False,False,False
876,12324,SIP126m_a,SIP126m_a_L,Cachero 2010: pIP-e; Yu 2010: pIP5,,,cb_intrinsic,,L,male-specific,fru_high,acetylcholine,acetylcholine,0.9518431825280652,1,3,1,False,False,False
877,12326,AVLP316,AVLP316_R,Cachero 2010: aIP-g; Yu 2010: pIP6,AVLP316,AVLP316,cb_intrinsic,,R,sexually dimorphic,fru_high,acetylcholine,acetylcholine,0.9323750024434069,1,2,1,False,False,False
878,12329,CB1078,CB1078_R,Cachero 2010: aDT-e; Vaughan 2014: aPN1,CB1078,,cb_intrinsic,,R,,fru_high,acetylcholine,acetylcholine,0.9587721258261135,1,1,2,False,True,False
879,12334,IB109,IB109_L,,SMPp&v1B_M01,IB109,cb_intrinsic,,L,,,glutamate,glutamate,0.8343896608368643,-1,2,2,False,False,False
880,12336,PS326,PS326_R,,CB0987,,cb_intrinsic,,R,,,glutamate,glutamate,0.7317081751343304,-1,2,2,False,False,False
881,12337,SIP104m,SIP104m_L,Cachero 2010: aSP-a; Yu 2010: aSP2,,,cb_intrinsic,,L,male-specific,fru_high,glutamate,glutamate,0.7329684155934592,-1,2,2,False,False,False
882,12347,LAL141,LAL141_R,,LAL141,LAL141,cb_intrinsic,,R,,,acetylcholine,acetylcholine,0.9449814021297522,1,2,2,False,False,False
883,12348,MDN,MDN_L,Carreira-Rosario 2018: DNp50,MDN,MDN,descending_neuron,,L,,,acetylcholine,acetylcholine,0.9583335773694398,1,2,2,False,False,False
884,12351,M_spPN4t9,M_spPN4t9_L,,M_spPN4t9,M_spPN4t9,cb_intrinsic,ALPN,L,,,acetylcholine,acetylcholine,0.9458201869693431,1,2,2,False,False,False
885,12355,PS047_a,PS047_a_L,,PS047a,PS047,cb_intrinsic,,L,,,acetylcholine,acetylcholine,0.9639809944144032,1,2,2,False,False,False
886,12362,DNpe055,DNpe055(PS167)_R,,DNpe055,PS167,descending_neuron,,R,,,acetylcholine,acetylcholine,0.9688742435317095,1,2,2,False,False,False
887,12368,VES075,VES075_L,,VES075,VES075,cb_intrinsic,,L,,,acetylcholine,acetylcholine,0.9684077176414805,1,2,2,False,False,False
888,12371,ALIN2,ALIN2_L,,ALIN2,ALIN2,cb_intrinsic,ALIN,L,,,acetylcholine,unclear,0.48258493126469126,1,2,2,False,False,False
889,12374,DNge140,DNge140_R,,DNge140,,descending_neuron,,R,,,acetylcholine,acetylcholine,0.9665598141351794,1,2,2,False,False,False
890,12378,DNge007,DNge007_R,,DNge007,,descending_neuron,,R,,,acetylcholine,acetylcholine,0.9609627413424756,1,2,2,False,False,False
891,12379,AVLP543,AVLP543_L,,AVLP543,AVLP543,cb_intrinsic,,L,,,acetylcholine,acetylcholine,0.9657589262742576,1,2,2,False,False,False
892,12380,CL333,CL333_L,,CL333,CL333,cb_intrinsic,,L,,,acetylcholine,acetylcholine,0.9251125915895337,1,2,2,False,False,False
893,12381,SAD057,SAD057_R,Cachero 2010: aDT-e,CB1078,SAD057,cb_intrinsic,,R,,fru_high,acetylcholine,acetylcholine,0.9279426044501761,1,2,2,False,False,False
894,12386,DNg84,DNg84_L,,DNg84,,descending_neuron,,L,,,acetylcholine,acetylcholine,0.924338362230593,1,2,2,False,False,False
895,12394,DNge148,DNge148_R,,DNge148,,descending_neuron,,R,,,acetylcholine,acetylcholine,0.9621297402942931,1,2,2,False,False,False
896,12395,IB114,IB114_L,,IB114,IB114,cb_intrinsic,,L,,,gaba,gaba,0.8640520789756103,-1,2,2,False,False,False
897,12396,AVLP533,AVLP533_R,,AVLP533,AVLP533,cb_intrinsic,,R,,,gaba,gaba,0.7310593102234044,-1,2,2,False,False,False
898,12399,AVLP555,AVLP555_L,,AVLP555,AVLP555,cb_intrinsic,,L,,,glutamate,glutamate,0.7496988466114372,-1,2,2,False,False,False
899,12402,GNG585,GNG585_R,Shiu 2022: Sternum,CB0051,,cb_intrinsic,,R,,,acetylcholine,acetylcholine,0.9243956789092875,1,2,2,False,False,False
900,12407,DNge136,DNge136_R,,DNge136,,descending_neuron,,R,,,gaba,gaba,0.8427655581416285,-1,2,2,False,False,False
901,12408,LAL200,LAL200_L,,LAL200,LAL200,cb_intrinsic,,L,,,acetylcholine,acetylcholine,0.9621709932975989,1,2,2,False,False,False
902,12410,GNG034,GNG034_R,,CB0468,,cb_intrinsic,,R,,,acetylcholine,acetylcholine,0.9610033511161628,1,2,2,False,False,False
903,12417,AVLP121,AVLP121_L,,AVLP121,AVLP121,cb_intrinsic,,L,,,acetylcholine,acetylcholine,0.9509023041209163,1,2,2,False,False,False
904,12419,CL140,CL140_R,,CL140,CL140,cb_intrinsic,,R,,,gaba,gaba,0.8879552906401867,-1,2,1,False,False,False
905,12420,CB2153,CB2153_L,,CB2153,,cb_intrinsic,,L,,,acetylcholine,acetylcholine,0.964269339373685,1,1,2,False,False,False
906,12423,AVLP536,AVLP536_R,,AVLP536,AVLP536,cb_intrinsic,,R,,,glutamate,glutamate,0.5909583879508601,-1,2,2,False,False,False
907,12426,GNG385,GNG385_R,,CB2700,,cb_intrinsic,,R,,,gaba,gaba,0.8788214207978728,-1,2,2,False,False,False
908,12429,LAL190,LAL190_R,,LAL190,LAL190,cb_intrinsic,,R,,,acetylcholine,acetylcholine,0.9561023686310979,1,2,2,False,False,False
909,12433,VES097,VES097_R,,CB3547,,cb_intrinsic,,R,,,gaba,gaba,0.868812777095512,-1,2,2,False,False,False
910,12434,ICL013m_a,ICL013m_a_L,Cachero 2010: aSP-b; Yu 2010: aSP1,,,cb_intrinsic,,L,male-specific,fru_high,glutamate,glutamate,0.8024976252347329,-1,2,1,False,False,False
911,12437,LAL303m,LAL303m_L,"Lee 2002, Rideout 2010: pC2; Robinett 2010, Nojima 2021: pC2m",,,cb_intrinsic,,L,male-specific,dsx_high,acetylcholine,acetylcholine,0.9578800620380983,1,2,2,False,False,False
912,12441,CB4176,CB4176_R,Cachero 2010: aIP-a,CB4176,,cb_intrinsic,,R,,fru_low,gaba,gaba,0.8560542901187184,-1,2,2,False,False,False
913,12442,pC1_4a,pC1_4a_L,"Lee 2002, Rideout 2010, Nojima 2021: pC1",,,cb_intrinsic,,L,male-specific,dsx_high,acetylcholine,acetylcholine,0.9457571340762748,1,2,2,False,True,False
914,12444,AVLP592,AVLP592_R,,AVLP592,AVLP592,cb_intrinsic,,R,,,acetylcholine,acetylcholine,0.965308450937498,1,2,2,False,False,False
915,12447,DNge124,DNge124_R,,DNge124,,descending_neuron,,R,,,acetylcholine,acetylcholine,0.9378012186113645,1,2,2,False,False,False
916,12448,pC1_18a,pC1_18a_L,"Lee 2002, Rideout 2010, Nojima 2021: pC1",,,cb_intrinsic,,L,male-specific,dsx_low,acetylcholine,acetylcholine,0.8801383043454772,1,2,2,False,True,False
917,12459,WED109,WED109_L,,CB2305,WED109,cb_intrinsic,,L,,,acetylcholine,acetylcholine,0.9527945652556561,1,1,3,False,False,False
918,12462,CB1717,CB1717_L,,CB1717,,cb_intrinsic,,L,,,acetylcholine,acetylcholine,0.9394811232957454,1,2,2,False,False,False
919,12464,AVLP505,AVLP505_L,,AVLP505,AVLP505,cb_intrinsic,,L,,,acetylcholine,acetylcholine,0.9162904341696907,1,2,2,False,False,False
920,12465,DNg48,DNg48_R,,DNg48,,descending_neuron,,R,,,acetylcholine,acetylcholine,0.9619728461636265,1,2,2,False,False,False
921,12470,DNge056,DNge056_L,,DNge056,,descending_neuron,,L,,,acetylcholine,acetylcholine,0.9679080097206259,1,2,2,False,False,False
922,12477,CB0992,CB0992_L,,CB0992,,cb_intrinsic,,L,,,acetylcholine,acetylcholine,0.9233802990992666,1,2,2,False,False,False
923,12488,AVLP536,AVLP536_L,,AVLP536,AVLP536,cb_intrinsic,,L,,,glutamate,glutamate,0.5886979963614448,-1,2,2,False,False,False
924,12489,mALB3,mALB3_L,,mALB3,mALB3,cb_intrinsic,,L,,,gaba,gaba,0.793061148644087,-1,2,2,False,False,False
925,12490,DNd04,DNd04_L,,DNd04,,descending_neuron,,L,,,glutamate,glutamate,0.7753996884704154,-1,2,2,False,False,False
926,12492,DNg78,DNg78_R,,DNg78,,descending_neuron,,R,,,acetylcholine,acetylcholine,0.9444878378751194,1,2,2,False,False,False
927,12497,GNG102,GNG102_L,,CB0109,,cb_intrinsic,,L,,,gaba,gaba,0.862736980047083,-1,2,1,False,False,False
928,12499,CL310,CL310_L,,CL310,CL310,cb_intrinsic,,L,,,acetylcholine,acetylcholine,0.9601969517724327,1,2,2,False,False,False
929,12500,LoVP96,LoVP96_L,,cL10,,visual_centrifugal,,L,,,glutamate,glutamate,0.8186795755632669,-1,2,2,False,False,False
930,12501,PLP018,PLP018_L,,PLP018,PLP018,cb_intrinsic,,L,,,gaba,gaba,0.8712099711068879,-1,2,2,False,False,False
931,12507,AVLP340,AVLP340_R,,AVLP340,AVLP340,cb_intrinsic,,R,,,acetylcholine,acetylcholine,0.9446814806430058,1,2,2,False,False,False
932,12508,PVLP149,PVLP149_R,fru-M-300226,PVLP149,PVLP149,cb_intrinsic,,R,,fru_high,acetylcholine,acetylcholine,0.9503882567043389,1,2,2,False,False,False
933,12510,PS048_a,PS048_a_L,,PS048b,PS048,cb_intrinsic,,L,,,acetylcholine,acetylcholine,0.9605918129279947,1,2,2,False,False,False
934,12512,DNge010,DNge010_R,,DNge010,,descending_neuron,,R,sexually dimorphic,,acetylcholine,acetylcholine,0.9583163009516524,1,2,2,False,False,False
935,12514,SAD076,SAD076_L,,SAD076,SAD076,cb_intrinsic,,L,,,glutamate,glutamate,0.6453223087653325,-1,1,3,False,False,False
936,12515,AVLP434_b,AVLP434_b_L,,AVLP434_b,AVLP434_b,cb_intrinsic,,L,,,acetylcholine,acetylcholine,0.8996517959636208,1,2,2,False,False,False
937,12516,DNge047,DNge047_L,,DNge047,,descending_neuron,,L,potentially sexually dimorphic,,unclear,unclear,0.38226252341531214,0,2,2,False,False,False
938,12519,AVLP023,AVLP023_R,,AVLP023,AVLP023,cb_intrinsic,,R,,,acetylcholine,acetylcholine,0.9404849378185322,1,2,2,False,False,False
939,12520,DNge028,DNge028_R,,DNge028,,descending_neuron,,R,,,acetylcholine,acetylcholine,0.9492039449686827,1,2,2,False,False,False
940,12525,AVLP160,AVLP160_R,,AVLP160,AVLP160,cb_intrinsic,,R,,,acetylcholine,acetylcholine,0.9060831628875683,1,2,2,False,False,False
941,12529,GNG304,GNG304_R,,CB0531,,cb_intrinsic,,R,,,glutamate,glutamate,0.7227293476409294,-1,2,2,False,False,False
942,12530,CB1542,CB1542_L,Cachero 2010: aDT-e,CB1542,,cb_intrinsic,,L,,fru_high,acetylcholine,acetylcholine,0.96442225770526,1,1,2,False,False,False
943,12531,AVLP479,AVLP479_L,,AVLP479,AVLP479,cb_intrinsic,,L,,,gaba,gaba,0.8196544891003787,-1,2,2,False,False,False
944,12533,GNG046,GNG046_R,,CB0106,,cb_intrinsic,,R,,,acetylcholine,acetylcholine,0.7196089675884039,1,2,2,False,False,False
945,12535,SLP471,SLP471_L,Sterne 2021: Sullivan,CB0631,,cb_intrinsic,,L,,,acetylcholine,acetylcholine,0.9412031471351548,1,2,2,False,False,False
946,12547,AVLP085,AVLP085_R,,AVLP085,AVLP085,cb_intrinsic,,R,,,gaba,gaba,0.8662835618355693,-1,2,2,False,False,False
947,12552,AVLP081,AVLP081_R,,AVLP081,AVLP081,cb_intrinsic,,R,,,gaba,gaba,0.8215950237039238,-1,2,2,False,False,False
948,12556,PLP093,PLP093_R,,PLP093,PLP093,cb_intrinsic,,R,,,acetylcholine,acetylcholine,0.9668241542022497,1,2,2,False,False,False
949,12557,PLP093,PLP093_L,,PLP093,PLP093,cb_intrinsic,,L,,,acetylcholine,acetylcholine,0.9597827550970952,1,2,2,False,False,False
950,12560,SIP121m,SIP121m_L,Cachero 2010: aSP-a; Yu 2010: aSP2,,,cb_intrinsic,,L,male-specific,fru_high,glutamate,glutamate,0.6581378017882082,-1,2,2,False,False,False
951,12562,GNG504,GNG504_L,,CB0539,,cb_intrinsic,,L,,,gaba,gaba,0.8711543206583205,-1,2,2,False,False,False
952,12565,VES018,VES018_L,,VES018,VES018,cb_intrinsic,,L,,,gaba,gaba,0.8683009074746812,-1,2,2,False,False,False
953,12566,WED080,WED080_L,,WED080,WED080,cb_intrinsic,,L,,,gaba,gaba,0.80949419529528,-1,2,2,False,False,False
954,12570,CB0477,CB0477_L,,CB0477,,cb_intrinsic,,L,,,acetylcholine,acetylcholine,0.9585193196107064,1,2,2,False,False,False
955,12580,GNG007,GNG007_M,,CB3883,,cb_intrinsic,,M,,,gaba,gaba,0.8918664831209232,-1,2,1,False,False,False
956,12583,DNg87,DNg87_R,,DNg87,,descending_neuron,,R,,,acetylcholine,acetylcholine,0.9495403248858291,1,2,2,False,False,False
957,12587,DNge004,DNge004_R,,DNge004,,descending_neuron,,R,,,glutamate,glutamate,0.7585217044665604,-1,2,2,False,False,False
958,12588,PPM1201,PPM1201_R,,PPM1201,PPM1201,cb_intrinsic,,R,,,dopamine,dopamine,0.750772225074198,0,2,2,False,False,False
959,12590,DNg22,DNg22_L,,DNg22,,descending_neuron,,L,,,acetylcholine,acetylcholine,0.6162832055324584,1,2,2,False,False,False
960,12593,SIP126m_b,SIP126m_b_L,Cachero 2010: pIP-e; Yu 2010: pIP5,,,cb_intrinsic,,L,male-specific,fru_high,acetylcholine,acetylcholine,0.9472525297454556,1,2,1,False,False,False
961,12594,WED069,WED069_L,,WED069,WED069,cb_intrinsic,,L,,,acetylcholine,acetylcholine,0.9588421593761979,1,2,2,False,False,False
962,12595,GNG557,GNG557_R,,CB0186,,cb_intrinsic,,R,,,acetylcholine,acetylcholine,0.9676248382682462,1,2,2,False,False,False
963,12596,AMMC009,AMMC009_R,,CB0333,,cb_intrinsic,,R,,,gaba,gaba,0.8445980576224799,-1,2,2,False,False,False
964,12601,DNge122,DNge122_R,,DNge122,,descending_neuron,,R,,,gaba,gaba,0.855363576689503,-1,2,2,False,False,False
965,12602,IB093,IB093_L,,IB093,IB093,cb_intrinsic,,L,,,glutamate,glutamate,0.805090054763943,-1,2,2,False,False,False
966,12608,AVLP609,AVLP609(hb5813057405)_R,,CB0255,(hb5813057405),cb_intrinsic,,R,,,gaba,gaba,0.8479674492644377,-1,1,2,False,False,False
967,12610,DNg102,DNg102_L,,"DNg102_a,DNg102_b",,descending_neuron,,L,,,gaba,gaba,0.8472610079004315,-1,2,2,False,False,False
968,12612,GNG581,GNG581_R,,CB0076,,cb_intrinsic,,R,,,gaba,gaba,0.8823851061642206,-1,2,2,False,False,False
969,12614,SAD092,SAD092_M,,CB3877,,cb_intrinsic,,M,,,gaba,gaba,0.6759788741493538,-1,1,2,False,False,False
970,12615,AVLP575,AVLP575_R,,AVLP575,AVLP575,cb_intrinsic,,R,,,acetylcholine,acetylcholine,0.9623920243778032,1,2,2,False,False,False
971,12619,DNge007,DNge007_L,,DNge007,,descending_neuron,,L,,,acetylcholine,acetylcholine,0.9605231969731027,1,2,2,False,False,False
972,12621,DNg56,DNg56_L,,DNg56,,descending_neuron,,L,,,gaba,gaba,0.8798987695073399,-1,2,2,False,False,False
973,12624,AVLP614,AVLP614_L,,CB4213,,cb_intrinsic,,L,,,gaba,gaba,0.8635877038960422,-1,1,3,False,False,False
974,12628,DNpe042,DNpe042(CL262)_R,,DNpe042,CL262,descending_neuron,,R,,,acetylcholine,acetylcholine,0.9503861713096572,1,2,2,False,False,False
975,12635,DNg19,DNg19_L,,DNg19,,descending_neuron,,L,,,acetylcholine,acetylcholine,0.9564141737022063,1,2,2,False,False,False
976,12636,mALB2,mALB2_L,,mALB2,mALB2,cb_intrinsic,,L,,,gaba,gaba,0.852348421910833,-1,2,2,False,False,False
977,12645,AVLP213,AVLP213_R,,AVLP213,AVLP213,cb_intrinsic,,R,,,gaba,gaba,0.7320126143382051,-1,2,2,False,False,False
978,12649,CL310,CL310_R,,CL310,CL310,cb_intrinsic,,R,,,acetylcholine,acetylcholine,0.96343566819682,1,2,2,False,False,False
979,12652,AVLP294,AVLP294_R,,AVLP294,AVLP294,cb_intrinsic,,R,,,acetylcholine,acetylcholine,0.9283881168676548,1,2,2,False,False,False
980,12653,DA1_lPN,DA1_lPN_L,Cachero 2010: aDT-e,DA1_lPN,DA1_lPN,cb_intrinsic,ALPN,L,,fru_high,acetylcholine,acetylcholine,0.9647568373227208,1,2,2,False,False,False
981,12655,CB3207,CB3207_L,,CB3207,,cb_intrinsic,,L,,,gaba,gaba,0.8532070820270007,-1,1,3,False,False,False
982,12660,SAD010,SAD010_R,,SAD010,SAD010,cb_intrinsic,,R,,,acetylcholine,acetylcholine,0.9539624919955583,1,2,2,False,False,False
983,12677,PVLP046_unclear,PVLP046_unclear_R,,,,visual_centrifugal,,R,,,gaba,gaba,0.539331656102483,-1,2,2,False,False,False
984,12681,SIP025,SIP025_R,fru-M-500221,SIP025,SIP025,cb_intrinsic,,R,sexually dimorphic,fru_high,acetylcholine,acetylcholine,0.9209246977279082,1,2,2,False,False,False
985,12682,SLP278,SLP278_L,fru-M-500020,SLP278,SLP278,cb_intrinsic,,L,,fru_low,acetylcholine,acetylcholine,0.9442163134966027,1,2,2,False,False,False
986,12683,VES048,VES048_R,,VES048,VES048,cb_intrinsic,,R,,,glutamate,glutamate,0.7213358530252114,-1,2,2,False,False,False
987,12689,CL112,CL112_L,,CL112,CL112,cb_intrinsic,,L,,,acetylcholine,acetylcholine,0.9600561585931369,1,2,2,False,False,False
988,12693,PS180,PS180_L,,PS180,PS180,cb_intrinsic,,L,,,acetylcholine,acetylcholine,0.9647965308685724,1,2,2,False,False,False
989,12696,PS058,PS058_R,,PS058,PS058,cb_intrinsic,,R,,,acetylcholine,acetylcholine,0.9623906134245667,1,2,2,False,False,False
990,12705,DNge123,DNge123_R,,DNge123,,descending_neuron,,R,,,glutamate,glutamate,0.8198659653365213,-1,2,2,False,False,False
991,12706,ExR3,ExR3_L,,ExR3,ExR3,cb_intrinsic,CX,L,,,serotonin,serotonin,0.7512667285200181,0,2,2,False,False,False
992,12707,DNpe043,DNpe043(CL207)_R,,DNpe043,CL207,descending_neuron,,R,,,acetylcholine,acetylcholine,0.9631027533447181,1,2,2,False,False,False
993,12708,AVLP714m,AVLP714m_L,Cachero 2010: pIP-e; Yu 2010: pIP5,,,cb_intrinsic,,L,male-specific,fru_high,acetylcholine,acetylcholine,0.9569408328849544,1,2,2,False,False,False
994,12710,LoVC14,LoVC14_R,,mALC4,mALC4,visual_centrifugal,,R,,,gaba,gaba,0.896821877433898,-1,1,3,False,False,False
995,12720,GNG344,GNG344_M,,CB3898,,cb_intrinsic,,M,,,gaba,gaba,0.8496950251611477,-1,2,2,False,False,False
996,12723,AVLP591,AVLP591_R,,AVLP591,AVLP591,cb_intrinsic,,R,,,acetylcholine,acetylcholine,0.9617032140101404,1,2,2,False,False,False
997,12724,LAL014,LAL014_R,,LAL014,LAL014,cb_intrinsic,,R,,,acetylcholine,acetylcholine,0.905163076467351,1,2,2,False,False,False
998,12725,GNG509,GNG509_L,,CB0522,,cb_intrinsic,,L,,,acetylcholine,acetylcholine,0.9197356221808107,1,2,2,False,False,False
999,12729,AVLP018,AVLP018_R,,AVLP018,AVLP018,cb_intrinsic,,R,,,acetylcholine,acetylcholine,0.9644280830566854,1,2,2,False,False,False
1000,12731,AVLP251,AVLP251_R,,AVLP251,AVLP251,cb_intrinsic,,R,,,gaba,gaba,0.8224327137010093,-1,2,2,False,False,False
1001,12734,GNG281,GNG281_R,,CB0912,,cb_intrinsic,,R,,,gaba,gaba,0.7005083589182174,-1,2,2,False,False,False
1002,12742,AMMC038,AMMC038_R,,CB1038b,,cb_intrinsic,,R,,,gaba,gaba,0.8362345781053969,-1,1,3,False,False,False
1003,12745,GNG046,GNG046_L,,CB0106,,cb_intrinsic,,L,,,acetylcholine,acetylcholine,0.7520481191855232,1,2,2,False,False,False
1004,12747,CB0466,CB0466_R,,CB0466,,cb_intrinsic,,R,,,gaba,gaba,0.8915692357799648,-1,2,2,False,False,False
1005,12750,DNge136,DNge136_R,,DNge136,,descending_neuron,,R,,,gaba,gaba,0.7571987938873656,-1,2,1,False,False,False
1006,12751,AVLP316,AVLP316_R,Cachero 2010: aIP-g; Yu 2010: pIP6,AVLP316,AVLP316,cb_intrinsic,,R,sexually dimorphic,fru_high,acetylcholine,acetylcholine,0.9388992485077192,1,2,1,False,False,False
1007,12752,DNge080,DNge080_L,Shiu 2022: Rounddown,DNge080,,descending_neuron,,L,,,acetylcholine,acetylcholine,0.9525370552424296,1,2,2,False,False,False
1008,12753,DNpe003,DNpe003(VES081)_R,,DNpe003,"VES069,VES081",descending_neuron,,R,,,acetylcholine,acetylcholine,0.9704041305960932,1,2,2,False,False,False
1009,12755,LAL182,LAL182_R,,LAL182,LAL182,cb_intrinsic,,R,,,acetylcholine,acetylcholine,0.9650390653435446,1,2,2,False,False,False
1010,12759,ALIN6,ALIN6_L,,ALIN6,,cb_intrinsic,ALIN,L,,,gaba,gaba,0.7124682043388793,-1,2,2,False,False,False
1011,12766,PVLP080_b,PVLP080_b_L,,PVLP080b,PVLP080,cb_intrinsic,,L,,,gaba,gaba,0.868865329368156,-1,2,2,False,False,False
1012,12768,SAD110,SAD110_L,,CB1231a,,cb_intrinsic,,L,,,gaba,gaba,0.8729217839677323,-1,1,3,False,False,False
1013,12771,DNge135,DNge135_L,,DNge135,,descending_neuron,,L,,,gaba,gaba,0.6687142076297684,-1,2,2,False,False,False
1014,12773,AVLP316,AVLP316_L,Cachero 2010: aIP-g; Yu 2010: pIP6,AVLP316,AVLP316,cb_intrinsic,,L,sexually dimorphic,fru_high,acetylcholine,acetylcholine,0.9580818299618288,1,2,1,False,False,False
1015,12784,WED188,WED188_M,Cachero 2010: pSG-d; Vaughan 2014: aLN(m); Baker 2022: WV-WV,CB3915,,cb_intrinsic,,M,,fru_high,gaba,gaba,0.8421940031001124,-1,2,2,False,False,False
1016,12789,AVLP314,AVLP314_R,,AVLP314,AVLP314,cb_intrinsic,,R,,,acetylcholine,acetylcholine,0.9500893176234502,1,2,2,False,False,False
1017,12792,AOTU023,AOTU023_R,,AOTU023,AOTU023,cb_intrinsic,,R,,,acetylcholine,acetylcholine,0.9529957613553689,1,2,2,False,False,False
1018,12794,DNg44,DNg44_R,,DNg44,,descending_neuron,,R,,,glutamate,glutamate,0.7796820496199774,-1,2,2,False,False,False
1019,12798,AVLP210,AVLP210_R,,AVLP210,AVLP210,cb_intrinsic,,R,,,acetylcholine,acetylcholine,0.9486024522358879,1,2,2,False,False,False
1020,12800,AVLP297,AVLP297_L,Cachero 2010: aIP-b,AVLP297,AVLP297,cb_intrinsic,,L,potentially sexually dimorphic,fru_low,acetylcholine,acetylcholine,0.9609496601909179,1,2,2,False,False,False
1021,12803,CB0432,CB0432_L,,CB0432,,cb_intrinsic,,L,,,glutamate,glutamate,0.6899133146757095,-1,2,2,False,False,False
1022,12813,GNG556,GNG556_R,,CB0195,,cb_intrinsic,,R,,,gaba,gaba,0.821557454434409,-1,2,2,False,False,False
1023,12816,AVLP109,AVLP109_L,,AVLP109,AVLP109,cb_intrinsic,,L,,,acetylcholine,acetylcholine,0.9544692416341516,1,2,2,False,False,False
1024,12820,SAD051_b,SAD051_b_L,Cachero 2010: aDT-e; Vaughan 2014: aPN1,CB1078,SAD051_b,cb_intrinsic,,L,,fru_high,acetylcholine,acetylcholine,0.9590511768652711,1,1,2,False,True,False
1025,12822,SAD114,SAD114_L,,CB1231_a,,cb_intrinsic,,L,,,gaba,gaba,0.806138787618275,-1,1,3,False,False,False
1026,12826,CB0629,CB0629_L,,CB0629,,cb_intrinsic,,L,,,gaba,gaba,0.8299615587453294,-1,2,2,False,False,False
1027,12829,PVLP211m_c,PVLP211m_c_L,Cachero 2010: pIP-e; Yu 2010: pIP5,,,cb_intrinsic,,L,male-specific,fru_high,acetylcholine,acetylcholine,0.9721231152781818,1,2,1,False,False,False
1028,12831,DNpe030,DNpe030_L,,DNpe030,,descending_neuron,,L,,,acetylcholine,acetylcholine,0.9112348121729152,1,2,2,False,False,False
1029,12832,CL303,CL303_L,,CL303,CL303,cb_intrinsic,,L,,,acetylcholine,acetylcholine,0.924193007130293,1,2,2,False,False,False
1030,12833,LoVP92,LoVP92_L,Cachero 2010: pIP-b; Yu 2010: pIP8,,,visual_projection,,L,male-specific,fru_high,acetylcholine,acetylcholine,0.9466381049574937,1,2,2,False,False,False
1031,12834,AVLP110_a,AVLP110_a_L,,CB3484,AVLP110,cb_intrinsic,,L,,,acetylcholine,acetylcholine,0.8783908253351261,1,2,2,False,False,False
1032,12854,CB0609,CB0609_R,,CB0609,,cb_intrinsic,,R,,,gaba,gaba,0.8144801711737646,-1,2,2,False,False,False
1033,12857,AVLP721m,AVLP721m_R,Cachero 2010: aIP-c; Yu 2010: aIP1/aIP4/aSP10,,,cb_intrinsic,,R,male-specific,fru_high,acetylcholine,acetylcholine,0.9655543771203567,1,2,1,False,False,False
1034,12860,DNg44,DNg44_L,,DNg44,,descending_neuron,,L,,,glutamate,glutamate,0.7784516512209994,-1,2,2,False,False,False
1035,12865,AMMC034_a,AMMC034_a_R,,CB2556,,cb_intrinsic,,R,,,acetylcholine,acetylcholine,0.9581365958454581,1,1,2,False,False,False
1036,12868,ANXXX027,ANXXX027_L,,AN_AVLP_GNG_4,,ascending_neuron,,L,,,acetylcholine,acetylcholine,0.9557268929267538,1,2,2,False,False,False
1037,12869,DNge098,DNge098_L,,DNge098,,descending_neuron,,L,potentially sexually dimorphic,,gaba,gaba,0.8752056443595543,-1,2,2,False,False,False
1038,12870,AVLP500,AVLP500_R,,AVLP500,AVLP500,cb_intrinsic,,R,,,acetylcholine,acetylcholine,0.9695968440061524,1,2,2,False,False,False
1039,12874,DNde001,DNde001(SAD041)_L,,DNde001,SAD041,descending_neuron,,L,,,glutamate,glutamate,0.7692138103707511,-1,2,2,False,False,False
1040,12876,PS090,PS090_R,,PS090b,PS090,cb_intrinsic,,R,,,gaba,gaba,0.8433705436749911,-1,2,2,False,False,False
1041,12878,AVLP534,AVLP534_L,,AVLP534,AVLP534,cb_intrinsic,,L,,,acetylcholine,acetylcholine,0.9071851355338326,1,2,2,False,False,False
1042,12879,CB3673b,CB3673b_R,,CB3673b,,cb_intrinsic,,R,,,acetylcholine,acetylcholine,0.9423713806742056,1,2,2,False,False,False
1043,12881,CB0432,CB0432_R,,CB0432,,cb_intrinsic,,R,,,glutamate,glutamate,0.6895515230213952,-1,2,2,False,False,False
1044,12885,DNpe020,DNpe020(PS133)_M,,DNpe020,PS133,descending_neuron,,M,,,acetylcholine,acetylcholine,0.9604713871864877,1,2,2,False,False,False
1045,12886,DNg54,DNg54_L,,DNg54,,descending_neuron,,L,,,acetylcholine,acetylcholine,0.9677627267882465,1,2,2,False,False,False
1046,12891,SMP456,SMP456_L,,SMP456,SMP456,cb_intrinsic,,L,,,acetylcholine,acetylcholine,0.9500121041352442,1,3,1,False,False,False
1047,12893,pC1x_d,pC1x_d_L,"Lee 2002, Rideout 2010, Nojima 2021: pC1, Sten 2025: pC1x","pC1a,pC1c","pC1a,pC1c",cb_intrinsic,,L,sexually dimorphic,dsx_high,acetylcholine,acetylcholine,0.8868118628404802,1,3,1,False,True,False
1048,12894,DNge011,DNge011_R,,DNge011,,descending_neuron,,R,,,acetylcholine,acetylcholine,0.9192495760619037,1,2,2,False,False,False
1049,12898,PVLP112,PVLP112_L,Cachero 2010: pIP-c; Yu 2010: pIP7,PVLP112b,PVLP112,cb_intrinsic,,L,,fru_high,gaba,gaba,0.8651926357677585,-1,2,2,False,False,False
1050,12899,AVLP724m,AVLP724m_L,Cachero 2010: pIP-e; Yu 2010: pIP5,,,cb_intrinsic,,L,male-specific,fru_high,acetylcholine,acetylcholine,0.9582584141486428,1,2,2,False,False,False
1051,12900,GNG087,GNG087_R,Shiu 2022: Scapula,CB0219,,cb_intrinsic,,R,,,glutamate,glutamate,0.7948734599851561,-1,2,2,False,False,False
1052,12901,GNG557,GNG557_L,,CB0186,,cb_intrinsic,,L,,,acetylcholine,acetylcholine,0.9245574168046671,1,2,2,False,False,False
1053,12903,AVLP757m,AVLP757m_R,Cachero 2010: pMP-f,,,cb_intrinsic,,R,male-specific,fru_high,acetylcholine,acetylcholine,0.9627821237750317,1,2,2,False,False,False
1054,12904,PS180,PS180_R,,PS180,PS180,cb_intrinsic,,R,,,acetylcholine,acetylcholine,0.965645148253929,1,2,2,False,False,False
1055,12905,SAD084,SAD084_L,,SAD084,SAD084,cb_intrinsic,,L,,,acetylcholine,acetylcholine,0.9554886608241809,1,2,1,False,False,False
1056,12906,GNG423,GNG423_L,,CB1582,,cb_intrinsic,,L,,,acetylcholine,acetylcholine,0.9468563934394586,1,2,2,False,False,False
1057,12914,AN19A038,AN19A038_R,,AN_multi_2,,ascending_neuron,,R,,,acetylcholine,acetylcholine,0.9605961287795175,1,2,2,False,False,False
1058,12916,AVLP339,AVLP339_R,,AVLP339,AVLP339,cb_intrinsic,,R,,,acetylcholine,acetylcholine,0.9487102305548849,1,2,2,False,False,False
1059,12930,AVLP577,AVLP577_R,,AVLP577,AVLP577,cb_intrinsic,,R,,,acetylcholine,acetylcholine,0.9550248640938533,1,2,2,False,False,False
1060,12932,AVLP081,AVLP081_L,,AVLP081,AVLP081,cb_intrinsic,,L,,,gaba,gaba,0.8537199844886805,-1,2,2,False,False,False
1061,12935,GNG143,GNG143_L,,CB0177,,cb_intrinsic,,L,,,acetylcholine,acetylcholine,0.9614070270658381,1,2,2,False,False,False
1062,12937,CL071_b,CL071_b_L,,CL071b,CL071,cb_intrinsic,,L,,,acetylcholine,acetylcholine,0.9564293549943749,1,2,2,False,False,False
1063,12938,PS011,PS011_R,,PS011,PS011,cb_intrinsic,,R,,,acetylcholine,acetylcholine,0.9600542371353759,1,2,2,False,False,False
1064,12942,SAD094,SAD094_L,,SAD094,SAD094,cb_intrinsic,,L,,,acetylcholine,acetylcholine,0.9645313738603035,1,2,2,False,False,False
1065,12946,SMP554,SMP554_L,,SMP554,SMP554,cb_intrinsic,,L,,,gaba,gaba,0.7614496024518844,-1,2,2,False,False,False
1066,12947,PLP004,PLP004_R,,PLP004,PLP004,cb_intrinsic,,R,,,glutamate,glutamate,0.8385015988628388,-1,2,2,False,False,False
1067,12949,AVLP503,AVLP503_L,,AVLP503,AVLP503,cb_intrinsic,,L,,,acetylcholine,acetylcholine,0.9658627125860861,1,2,2,False,False,False
1068,12950,SAD057,SAD057_R,Cachero 2010: aDT-e,CB1078,SAD057,cb_intrinsic,,R,,fru_high,acetylcholine,acetylcholine,0.9541573482792176,1,2,2,False,False,False
1069,12966,LoVC13,LoVC13_L,,cL09,,visual_centrifugal,,L,,,gaba,gaba,0.8262917767035606,-1,2,2,False,False,False
1070,12972,GNG301,GNG301_L,,CB0443,,cb_intrinsic,,L,,,gaba,gaba,0.8733659937449202,-1,1,2,False,False,False
1071,12974,LAL182,LAL182_L,,LAL182,LAL182,cb_intrinsic,,L,,,acetylcholine,acetylcholine,0.9649470988203322,1,2,2,False,False,False
1072,12975,AVLP517,AVLP517_L,,AVLP517,AVLP517,cb_intrinsic,,L,,,acetylcholine,acetylcholine,0.9037048772759402,1,2,2,False,False,False
1073,12976,AN05B007,AN05B007_L,,AN_GNG_109,,ascending_neuron,,L,,,gaba,gaba,0.8817767637041787,-1,2,2,False,False,False
1074,12980,CB2458,CB2458_L,,CB2458,,cb_intrinsic,,L,,,acetylcholine,acetylcholine,0.9644920060342328,1,2,2,False,False,False
1075,12989,PLP245,PLP245_R,,PLP245,PLP245,cb_intrinsic,,R,,,acetylcholine,acetylcholine,0.958042189124761,1,2,2,False,False,False
1076,12993,SAD036,SAD036_R,,SAD036,SAD036,cb_intrinsic,,R,,,glutamate,glutamate,0.6895033680815278,-1,2,2,False,False,False
1077,12996,AN19B036,AN19B036(12996)_L,,AN_AVLP_GNG_1,,ascending_neuron,,L,,,acetylcholine,acetylcholine,0.9246057291247707,1,2,2,False,False,False
1078,13004,GNG316,GNG316_L,,CB0191,,cb_intrinsic,,L,,,acetylcholine,acetylcholine,0.9324749776754555,1,2,2,False,False,False
1079,13005,WEDPN12,WEDPN12_L,,WEDPN12,WEDPN12,cb_intrinsic,,L,,,glutamate,glutamate,0.8032741469218994,-1,2,2,False,False,False
1080,13006,DNge076,DNge076_L,,DNge076,,descending_neuron,,L,,,gaba,gaba,0.8855686902767244,-1,2,2,False,False,False
1081,13007,mALD4,mALD4_R,,mALD4,mALD4,cb_intrinsic,,R,,,gaba,gaba,0.8360330390886642,-1,2,2,False,False,False
1082,13008,DNge140,DNge140_L,,DNge140,,descending_neuron,,L,,,acetylcholine,acetylcholine,0.9650513861261072,1,2,2,False,False,False
1083,13009,PLP012,PLP012_R,,PLP012,PLP012,cb_intrinsic,,R,,,acetylcholine,acetylcholine,0.96334868859324,1,2,2,False,False,False
1084,13011,AVLP413,AVLP413_L,Cachero 2010: aIP-b,"CB1221,CB3628",AVLP413,cb_intrinsic,,L,,fru_low,acetylcholine,acetylcholine,0.903993350819744,1,2,2,False,False,False
1085,13014,SAD057,SAD057_L,Cachero 2010: aDT-e,CB1078,SAD057,cb_intrinsic,,L,,fru_high,acetylcholine,acetylcholine,0.8606077709777146,1,1,3,False,False,False
1086,13020,AVLP417,AVLP417(AVLP438)_L,,"AVLP417,AVLP438","AVLP417,AVLP438",cb_intrinsic,,L,,,acetylcholine,acetylcholine,0.951867227614116,1,2,2,False,False,False
1087,13022,DNge139,DNge139_R,,DNge139,,descending_neuron,,R,,,acetylcholine,acetylcholine,0.9511329958053641,1,2,2,False,False,False
1088,13029,SIP025,SIP025_L,fru-M-500221,SIP025,SIP025,cb_intrinsic,,L,sexually dimorphic,fru_high,acetylcholine,acetylcholine,0.9381275230830576,1,2,2,False,False,False
1089,13036,AVLP370_a,AVLP370_a_L,,AVLP370a,AVLP370,cb_intrinsic,,L,,,acetylcholine,acetylcholine,0.9654306181474093,1,2,2,False,False,False
1090,13038,AVLP720m,AVLP720m_R,Cachero 2010: aIP-c; Yu 2010: aIP1/aIP4/aSP10,,,cb_intrinsic,,R,male-specific,fru_high,acetylcholine,acetylcholine,0.9589325048412966,1,2,2,False,False,False
1091,13041,ANXXX027,ANXXX027_L,,AN_AVLP_GNG_22,,ascending_neuron,,L,,,acetylcholine,acetylcholine,0.9530258443244785,1,2,2,False,False,False
1092,13046,M_vPNml65,M_vPNml65_L,Cachero 2010: aDT-f,M_vPNml65,M_vPNml65,cb_intrinsic,ALPN,L,,fru_low,gaba,gaba,0.7510261951676124,-1,2,2,False,False,False
1093,13047,DNge133,DNge133_L,,DNge133,,descending_neuron,,L,,,acetylcholine,acetylcholine,0.9643181725188276,1,2,2,False,False,False
1094,13049,GNG504,GNG504_R,,CB0539,,cb_intrinsic,,R,,,gaba,gaba,0.8549683101225198,-1,2,2,False,False,False
1095,13050,SIP137m_a,SIP137m_a_L,Cachero 2010: pIP-e; Yu 2010: pIP5; Nojima 2021: pC2l,,,cb_intrinsic,,L,male-specific,coexpress_high,acetylcholine,acetylcholine,0.9672650518196482,1,2,1,False,False,False
1096,13061,AN08B032,AN08B032_L,,AN_multi_55,,ascending_neuron,,L,,,acetylcholine,acetylcholine,0.9357425650166241,1,2,1,False,False,False
1097,13062,WED107,WED107_L,,WED107,WED107,cb_intrinsic,,L,,,acetylcholine,acetylcholine,0.9644950907744588,1,2,2,False,False,False
1098,13068,PPM1201,PPM1201_R,,PPM1201,PPM1201,cb_intrinsic,,R,,,dopamine,dopamine,0.7857924435656354,0,2,2,False,False,False
1099,13072,WED080,WED080_R,,WED080,WED080,cb_intrinsic,,R,,,gaba,gaba,0.8466653828519145,-1,2,2,False,False,False
1100,13073,GNG561,GNG561_R,,CB0174,,cb_intrinsic,,R,,,glutamate,glutamate,0.654619887340439,-1,2,2,False,False,False
1101,13074,GNG163,GNG163_R,,CB3714,,cb_intrinsic,,R,,,acetylcholine,acetylcholine,0.9500500233910931,1,2,2,False,False,False
1102,13075,mAL_m1,mAL_m1_R,Cachero 2010: aDT-b; Yu 2010: aDT2,,,cb_intrinsic,,R,male-specific,fru_high,gaba,gaba,0.5177394818022897,-1,2,1,False,False,False
1103,13077,AMMC034_b,AMMC034_b_R,,CB2556,,cb_intrinsic,,R,,,acetylcholine,acetylcholine,0.9705890372588682,1,1,3,False,False,False
1104,13078,GNG351,GNG351_R,,CB3703,,cb_intrinsic,,R,,,glutamate,glutamate,0.800787325679866,-1,2,2,False,False,False
1105,13080,AVLP537,AVLP537_R,,AVLP537,AVLP537,cb_intrinsic,,R,,,glutamate,glutamate,0.6288432132243077,-1,2,2,False,False,False
1106,13082,CB4165,CB4165_L,,CB4165,,cb_intrinsic,,L,,,acetylcholine,acetylcholine,0.8633833254416686,1,2,2,False,False,False
1107,13088,CB1932,CB1932_L,,CB1932,,cb_intrinsic,,L,,,acetylcholine,acetylcholine,0.9518359341264355,1,2,2,False,False,False
1108,13089,SIP111m,SIP111m_R,Cachero 2010: pIP-e; Yu 2010: pIP5,,,cb_intrinsic,,R,male-specific,fru_high,acetylcholine,acetylcholine,0.9492739065398325,1,2,1,False,False,False
1109,13098,mAL_m1,mAL_m1_R,Cachero 2010: aDT-b; Yu 2010: aDT2,,,cb_intrinsic,,R,male-specific,fru_high,gaba,gaba,0.5550302631127333,-1,2,1,False,False,False
1110,13104,DNpe030,DNpe030_R,,DNpe030,,descending_neuron,,R,,,acetylcholine,acetylcholine,0.8563105027878999,1,2,2,False,False,False
1111,13108,AVLP370_b,AVLP370_b_R,,AVLP370b,AVLP370,cb_intrinsic,,R,sexually dimorphic,,acetylcholine,acetylcholine,0.9554124504128085,1,2,2,False,False,False
1112,13111,AVLP169,AVLP169_R,,AVLP169,AVLP169,cb_intrinsic,,R,,,acetylcholine,acetylcholine,0.9250713360533466,1,2,2,False,False,False
1113,13114,SAD064,SAD064_R,,SAD064,SAD064,cb_intrinsic,,R,,,acetylcholine,acetylcholine,0.901318532368664,1,2,2,False,False,False
1114,13122,PVLP130,PVLP130_R,,PVLP130,PVLP130,cb_intrinsic,,R,,,gaba,gaba,0.8695302644888453,-1,2,2,False,False,False
1115,13130,DNg105,DNg105_R,,DNg105,,descending_neuron,,R,,,gaba,gaba,0.8757044721371768,-1,2,2,False,False,False
1116,13131,CL344_a,CL344_a_R,"fru-F-000047,fru-F-000052,fru-F-000066,fru-F-000124,fru-F-200077,fru-F-200081,fru-F-300049,fru-F-600053,fru-M-200078,fru-M-600047",CL344,CL344,cb_intrinsic,,R,potentially sexually dimorphic,fru_high,unclear,serotonin,0.5412434867084696,0,2,1,False,False,False
1117,13134,CL055,CL055_R,,CL055,CL055,cb_intrinsic,,R,,,gaba,gaba,0.8103374048923176,-1,2,2,False,False,False
1118,13145,GNG149,GNG149_L,,CB0157,,cb_intrinsic,,L,potentially sexually dimorphic,,gaba,gaba,0.849189345908456,-1,2,2,False,False,False
1119,13149,CB3710,CB3710_R,,CB3710,,cb_intrinsic,,R,,,acetylcholine,acetylcholine,0.9657295458816464,1,2,2,False,False,False
1120,13154,CL027,CL027_L,,CL027,CL027,cb_intrinsic,,L,,,gaba,gaba,0.7650998631231177,-1,2,2,False,False,False
1121,13156,SAD052,SAD052_R,Cachero 2010: aDT-e,CB1076,SAD052,cb_intrinsic,,R,,fru_high,acetylcholine,acetylcholine,0.9607615899776998,1,2,2,False,False,False
1122,13157,PS230,PS230(PLP242)_R,,"PS230,PLP242","PS230,PLP242",cb_intrinsic,,R,,,acetylcholine,acetylcholine,0.9551248647658304,1,2,2,False,False,False
1123,13159,AVLP316,AVLP316_L,Cachero 2010: aIP-g; Yu 2010: pIP6,AVLP316,AVLP316,cb_intrinsic,,L,sexually dimorphic,fru_high,acetylcholine,acetylcholine,0.955333659166415,1,2,1,False,False,False
1124,13160,SIP108m,SIP108m_L,Cachero 2010: pIP-e; Yu 2010: pIP5,,,cb_intrinsic,,L,male-specific,fru_high,acetylcholine,acetylcholine,0.9363005803094497,1,2,1,False,False,False
1125,13161,PVLP211m_b,PVLP211m_b_L,Cachero 2010: pIP-e; Yu 2010: pIP5,,,cb_intrinsic,,L,male-specific,fru_high,acetylcholine,acetylcholine,0.9644505876733495,1,2,1,False,False,False
1126,13162,AVLP758m,AVLP758m_R,,,,cb_intrinsic,,R,male-specific,,acetylcholine,acetylcholine,0.9584861070476323,1,2,2,False,False,False
1127,13166,AN08B012,AN08B012_R,,AN_multi_62,,ascending_neuron,,R,,,acetylcholine,acetylcholine,0.9626309274926984,1,2,2,False,False,False
1128,13168,PLP001,PLP001_L,,PLP001,PLP001,cb_intrinsic,,L,,,gaba,gaba,0.7782760977254081,-1,2,2,False,False,False
1129,13171,CL144,CL144_R,,CL144,CL144,cb_intrinsic,,R,sexually dimorphic,,glutamate,glutamate,0.7924316552138458,-1,3,1,False,False,False
1130,13176,DNg85,DNg85_R,,DNg85,,descending_neuron,,R,,,acetylcholine,acetylcholine,0.9689304478314021,1,2,2,False,False,False
1131,13177,SIP111m,SIP111m_L,Cachero 2010: pIP-e; Yu 2010: pIP5,,,cb_intrinsic,,L,male-specific,fru_high,acetylcholine,acetylcholine,0.9582247716506489,1,2,1,False,False,False
1132,13178,DNge039,DNge039_L,,DNge039,,descending_neuron,,L,,,acetylcholine,acetylcholine,0.9615482802527534,1,2,2,False,False,False
1133,13179,GNG166,GNG166_L,,CB0456,,cb_intrinsic,,L,,,glutamate,glutamate,0.72618633195891,-1,3,1,False,False,False
1134,13180,LPLC1,LPLC1_L,,LPLC1,LPLC1,visual_projection,,L,,,acetylcholine,acetylcholine,0.9541397759426982,1,2,2,False,False,False
1135,13181,ANXXX027,ANXXX027_R,,AN_AVLP_GNG_17,,ascending_neuron,,R,,,acetylcholine,acetylcholine,0.9546208743570063,1,2,2,False,False,False
1136,13207,IB115,IB115_L,,IB115,IB115,cb_intrinsic,,L,,,acetylcholine,acetylcholine,0.837679207018743,1,2,2,False,False,False
1137,13215,GNG512,GNG512_R,,CB0508,,cb_intrinsic,,R,,,acetylcholine,acetylcholine,0.9471353308642213,1,2,2,False,False,False
1138,13220,AVLP257,AVLP257_L,,AVLP257,AVLP257,cb_intrinsic,,L,,,acetylcholine,acetylcholine,0.9661098369106137,1,2,2,False,False,False
1139,13222,mAL_m5a,mAL_m5a_L,Cachero 2010: aDT-b; Yu 2010: aDT2,,,cb_intrinsic,,L,male-specific,fru_high,gaba,gaba,0.5156288282201499,-1,2,1,False,False,False
1140,13226,AVLP035,AVLP035_L,,AVLP035,AVLP035,cb_intrinsic,,L,,,acetylcholine,acetylcholine,0.93165587713378,1,2,2,False,False,False
1141,13232,ALIN7,ALIN7_L,,ALIN7,,cb_intrinsic,ALIN,L,,,gaba,gaba,0.8153101200466205,-1,2,2,False,False,False
1142,13235,AVLP720m,AVLP720m_L,Cachero 2010: aIP-c; Yu 2010: aIP1/aIP4/aSP10,,,cb_intrinsic,,L,male-specific,fru_high,acetylcholine,acetylcholine,0.9584049122760563,1,1,2,False,False,False
1143,13236,MeVP60,MeVP60_L,,MTe39,,visual_projection,,L,,,glutamate,glutamate,0.8454253255473585,-1,2,2,False,False,False
1144,13237,CB0492,CB0492_L,"fru-M-000175,fru-M-300236,fru-M-600012",CB0492,,cb_intrinsic,,L,,fru_low,gaba,gaba,0.8640665701939517,-1,2,2,False,False,False
1145,13240,LAL026_b,LAL026_b_R,,"CB2418,LAL026",LAL026,cb_intrinsic,,R,,,acetylcholine,acetylcholine,0.9662009409663179,1,2,2,False,False,False
1146,13242,GNG351,GNG351_L,,CB3703,,cb_intrinsic,,L,,,glutamate,glutamate,0.7701056722879953,-1,2,2,False,False,False
1147,13245,DNp46,DNp46(CL206)_R,,DNp46,CL206,descending_neuron,,R,,,acetylcholine,acetylcholine,0.961341928332455,1,3,1,False,False,False
1148,13249,DNpe034,DNpe034(SMP486_b)_L,Wang 2020a: pMP1; Rideout 2010: pC3; Zhou 2014: pCd; Nojima 2021: pCd-1; Allen 2025: pMP-z,DNpe034,SMP486_b,descending_neuron,,L,sexually dimorphic,coexpress_low,acetylcholine,acetylcholine,0.9572255605368475,1,3,1,False,False,False
1149,13251,AVLP574,AVLP574_L,,AVLP574,AVLP574,cb_intrinsic,,L,,,acetylcholine,acetylcholine,0.879463633373697,1,2,2,False,False,False
1150,13259,PPL202,PPL202_L,,PPL202,PPL202,cb_intrinsic,DAN,L,,,dopamine,dopamine,0.5447102457299927,0,2,2,False,False,False
1151,13261,WED117,WED117_L,,"CB2576,CB3415",WED117,cb_intrinsic,,L,,,acetylcholine,acetylcholine,0.9545029385224586,1,1,2,False,False,False
1152,13266,pC1_3b,pC1_3b_L,"Lee 2002, Rideout 2010, Nojima 2021: pC1; Cachero 2010: pMP-e; Yu 2010: pMP4",,,cb_intrinsic,,L,male-specific,coexpress_high,acetylcholine,acetylcholine,0.9586028734516315,1,2,2,False,True,False
1153,13268,DNg52,DNg52_R,,"DNg52_a,DNg52_b",,descending_neuron,,R,,,gaba,gaba,0.8611498704937771,-1,2,2,False,False,False
1154,13270,AVLP525,AVLP525(CL277)_R,,CB1543,"AVLP525,CL277",cb_intrinsic,,R,,,acetylcholine,acetylcholine,0.9655455476487189,1,2,2,False,False,False
1155,13271,PVLP018,PVLP018_R,,PVLP018,PVLP018,cb_intrinsic,,R,,,gaba,gaba,0.8789096748850201,-1,2,2,False,False,False
1156,13274,SAD073,SAD073_L,,CB3707,SAD073,cb_intrinsic,,L,,,gaba,gaba,0.8495327998903798,-1,2,1,False,False,False
1157,13277,DNg86,DNg86_R,,DNg86,,descending_neuron,,R,,,unclear,unclear,0.4237873134328358,0,2,2,False,False,False
1158,13279,CL122_b,CL122_b_L,Cachero 2010: aDT-g; Yu 2010: aDT5,CB3978,CL122,cb_intrinsic,,L,sexually dimorphic,fru_low,gaba,gaba,0.8101134712682637,-1,3,1,False,False,False
1159,13282,CB0647,CB0647_L,,CB0647,hb1914171250,cb_intrinsic,,L,,,acetylcholine,acetylcholine,0.9456065362438695,1,2,2,False,False,False
1160,13284,AVLP722m,AVLP722m_L,Cachero 2010: aIP-c; Yu 2010: aIP1/aIP4/aSP10,,,cb_intrinsic,,L,male-specific,fru_high,acetylcholine,acetylcholine,0.9705020872935606,1,1,2,False,False,False
1161,13289,VES087,VES087_R,,CB0865,,cb_intrinsic,,R,,,gaba,gaba,0.8466673505370865,-1,2,2,False,False,False
1162,13291,PS230,PS230(PLP242)_L,,"PS230,PLP242","PS230,PLP242",cb_intrinsic,,L,,,acetylcholine,acetylcholine,0.957129920128569,1,2,2,False,False,False
1163,13296,AVLP444,AVLP444_L,,AVLP444,AVLP444,cb_intrinsic,,L,,,acetylcholine,acetylcholine,0.9604942986773767,1,2,2,False,False,False
1164,13300,AVLP433_b,AVLP433_b_R,,AVLP433_b,AVLP433_b,cb_intrinsic,,R,,,acetylcholine,acetylcholine,0.8722916547112246,1,2,2,False,False,False
1165,13306,AMMC038,AMMC038_L,,CB1038b,,cb_intrinsic,,L,,,gaba,gaba,0.8597928624490818,-1,1,3,False,False,False
1166,13317,DNg33,DNg33_L,,DNg33,,descending_neuron,,L,,,acetylcholine,acetylcholine,0.7303000911888903,1,2,2,False,False,False
1167,13323,AVLP504,AVLP504_R,,AVLP504,AVLP504,cb_intrinsic,,R,,,acetylcholine,acetylcholine,0.96149297785842,1,2,2,False,False,False
1168,13335,AVLP700m,AVLP700m_L,Cachero 2010: aSP-g; Yu 2010: aSP6,,,cb_intrinsic,,L,male-specific,fru_high,acetylcholine,acetylcholine,0.9552962030134023,1,3,1,False,False,False
1169,13337,AN08B020,AN08B020_L,,,,ascending_neuron,,L,potentially male-specific,,acetylcholine,acetylcholine,0.9314589486942192,1,2,2,False,False,False
1170,13340,AVLP713m,AVLP713m_L,Cachero 2010: pIP-e; Yu 2010: pIP5; Nojima 2021: pC2l,,,cb_intrinsic,,L,male-specific,coexpress_high,acetylcholine,acetylcholine,0.961066028118402,1,1,2,False,False,False
1171,13345,CB0316,CB0316_R,,CB0316,,cb_intrinsic,,R,,,acetylcholine,acetylcholine,0.9544061371921564,1,2,2,False,False,False
1172,13348,DNg20,DNg20_R,,DNg20,,descending_neuron,,R,,,gaba,gaba,0.877847602254809,-1,2,2,False,False,False
1173,13353,AVLP204,AVLP204_L,Cachero 2010: aIP-a,CB3685,AVLP204,cb_intrinsic,,L,,fru_high,gaba,gaba,0.770546802999846,-1,2,2,False,False,False
1174,13354,CL069,CL069_R,,CL069,CL069,cb_intrinsic,,R,,,acetylcholine,acetylcholine,0.9366674889234607,1,2,2,False,False,False
1175,13358,PLP096,PLP096_L,,PLP096,PLP096,cb_intrinsic,,L,,,acetylcholine,acetylcholine,0.9634934092677597,1,2,2,False,False,False
1176,13360,SMP164,SMP164_R,,SMP164,SMP164,cb_intrinsic,,R,,,gaba,gaba,0.7762435116381202,-1,2,2,False,False,False
1177,13364,DNge022,DNge022_L,,DNge022,,descending_neuron,,L,,,acetylcholine,acetylcholine,0.9238833591474398,1,2,2,False,False,False
1178,13365,SIP110m_a,SIP110m_a_R,Cachero 2010: pIP-e; Yu 2010: pIP5,,,cb_intrinsic,,R,male-specific,fru_high,acetylcholine,acetylcholine,0.9336994569504404,1,2,1,False,False,False
1179,13366,DNde001,DNde001(SAD041)_R,,DNde001,SAD041,descending_neuron,,R,,,glutamate,glutamate,0.8041526078283598,-1,2,2,False,False,False
1180,13369,SMP237,SMP237_R,,SMP237,SMP237,cb_intrinsic,,R,,,acetylcholine,acetylcholine,0.8273166322297729,1,2,2,False,False,False
1181,13374,AVLP491,AVLP491_R,,AVLP491,AVLP491,cb_intrinsic,,R,,,acetylcholine,acetylcholine,0.9623071881172333,1,2,1,False,False,False
1182,13377,DNg86,DNg86_L,,DNg86,,descending_neuron,,L,,,unclear,unclear,0.38041139151076697,0,2,2,False,False,False
1183,13378,ANXXX057,ANXXX057_R,,AN_multi_29,,ascending_neuron,,R,,,acetylcholine,acetylcholine,0.9694803704374054,1,1,3,False,False,False
1184,13381,ANXXX027,ANXXX027_L,,AN_AVLP_GNG_17,,ascending_neuron,,L,,,acetylcholine,acetylcholine,0.9625640923032484,1,1,2,False,False,False
1185,13382,GNG112,GNG112_R,,CB0430,,cb_intrinsic,,R,,,acetylcholine,acetylcholine,0.9604015704361136,1,2,2,False,False,False
1186,13385,AVLP730m,AVLP730m_R,Cachero 2010: aIP-b,,,cb_intrinsic,,R,male-specific,fru_high,acetylcholine,acetylcholine,0.9641349476412714,1,3,1,False,False,False
1187,13398,CL344_a,CL344_a_L,"fru-F-000047,fru-F-000052,fru-F-000066,fru-F-000124,fru-F-200077,fru-F-200081,fru-F-300049,fru-F-600053,fru-M-200078,fru-M-600047",CL344,CL344,cb_intrinsic,,L,potentially sexually dimorphic,fru_high,unclear,serotonin,0.5425352877307275,0,3,1,False,False,False
1188,13399,ANXXX093,ANXXX093_R,,AN_AVLP_21,,ascending_neuron,,R,,,acetylcholine,acetylcholine,0.9339888856609553,1,2,2,False,False,False
1189,13401,AVLP744m,AVLP744m_L,,,,cb_intrinsic,,L,male-specific,,acetylcholine,acetylcholine,0.943457361406163,1,2,2,False,False,False
1190,13402,GNG281,GNG281_L,,CB0912,,cb_intrinsic,,L,,,gaba,gaba,0.6932513075677058,-1,2,2,False,False,False
1191,13410,DNa14,DNa14(CL052)_R,,DNa14,CL052,descending_neuron,,R,,,acetylcholine,acetylcholine,0.9659454045815825,1,2,2,False,False,False
1192,13420,AVLP702m,AVLP702m_L,"Lee 2002, Rideout 2010: pC2; Robinett 2010, Nojima 2021: pC2m",,,cb_intrinsic,,L,male-specific,dsx_high,acetylcholine,acetylcholine,0.9587072997978665,1,2,1,False,False,False
1193,13430,mAL_m5c,mAL_m5c_L,Cachero 2010: aDT-b; Yu 2010: aDT2,,,cb_intrinsic,,L,male-specific,fru_high,gaba,gaba,0.597495608342077,-1,2,1,False,False,False
1194,13433,FLA017,FLA017_R,,CB0544,,cb_intrinsic,,R,,,gaba,gaba,0.832895815222662,-1,3,1,False,False,False
1195,13436,GNG517,GNG517_L,,CB0485,,cb_intrinsic,,L,,,acetylcholine,acetylcholine,0.6054211848545028,1,2,2,False,False,False
1196,13438,AVLP724m,AVLP724m_R,Cachero 2010: pIP-e; Yu 2010: pIP5,,,cb_intrinsic,,R,male-specific,fru_high,acetylcholine,acetylcholine,0.948514004882644,1,2,2,False,False,False
1197,13442,DNg33,DNg33_R,,DNg33,,descending_neuron,,R,,,acetylcholine,acetylcholine,0.7779258797663425,1,2,2,False,False,False
1198,13445,DNge046,DNge046_L,,DNge046,,descending_neuron,,L,,,gaba,gaba,0.8176385383510888,-1,2,2,False,False,False
1199,13449,pC1x_d,pC1x_d_R,"Lee 2002, Rideout 2010, Nojima 2021: pC1, Sten 2025: pC1x","pC1a,pC1c","pC1a,pC1c",cb_intrinsic,,R,sexually dimorphic,dsx_high,acetylcholine,acetylcholine,0.911882985061751,1,3,1,False,True,False
1200,13464,WED069,WED069_R,,WED069,WED069,cb_intrinsic,,R,,,acetylcholine,acetylcholine,0.956224994401422,1,2,2,False,False,False
1201,13465,ANXXX102,ANXXX102_R,,AN_AVLP_PVLP_4,,ascending_neuron,,R,,,acetylcholine,acetylcholine,0.9660861524827932,1,2,2,False,False,False
1202,13466,AVLP033,AVLP033_R,,AVLP033,AVLP033,cb_intrinsic,,R,,,acetylcholine,acetylcholine,0.9489526036850989,1,2,2,False,False,False
1203,13468,SMP245,SMP245_L,,CB3509,SMP245,cb_intrinsic,,L,,,acetylcholine,acetylcholine,0.9510710801563583,1,2,2,False,False,False
1204,13471,ANXXX068,ANXXX068_R,,,,ascending_neuron,,R,potentially male-specific,,acetylcholine,acetylcholine,0.9684317085125901,1,3,1,False,False,False
1205,13472,SAD053,SAD053_L,,SAD053,SAD053,cb_intrinsic,,L,,,acetylcholine,acetylcholine,0.9437932584798396,1,1,2,False,False,False
1206,13483,DA1_lPN,DA1_lPN_L,Cachero 2010: aDT-e,DA1_lPN,DA1_lPN,cb_intrinsic,ALPN,L,,fru_high,acetylcholine,acetylcholine,0.9452521921587008,1,2,2,False,False,False
1207,13495,pC1_11a,pC1_11a_R,"Lee 2002, Rideout 2010, Nojima 2021: pC1",,,cb_intrinsic,,R,male-specific,dsx_high,acetylcholine,acetylcholine,0.9604717715409083,1,2,2,False,True,False
1208,13501,VES087,VES087_R,,CB0865,,cb_intrinsic,,R,,,gaba,gaba,0.8639931551642926,-1,2,2,False,False,False
1209,13508,DNg17,DNg17_R,,DNg17,,descending_neuron,,R,,,acetylcholine,acetylcholine,0.9607282725970399,1,2,2,False,False,False
1210,13515,CL036,CL036_R,,CL036,CL036,cb_intrinsic,,R,,,glutamate,glutamate,0.8222658632538071,-1,2,2,False,False,False
1211,13520,FLA001m,FLA001m_L,,,,cb_intrinsic,,L,male-specific,,acetylcholine,acetylcholine,0.9210419015679727,1,2,1,False,False,False
1212,13521,AVLP432,AVLP432_L,,AVLP432,AVLP432,cb_intrinsic,,L,,,acetylcholine,acetylcholine,0.9280788762989493,1,2,2,False,False,False
1213,13522,SAD051_b,SAD051_b_L,Cachero 2010: aDT-e; Vaughan 2014: aPN1,CB1542,SAD051_b,cb_intrinsic,,L,,fru_high,acetylcholine,acetylcholine,0.9532969633461786,1,1,2,False,True,False
1214,13527,ANXXX027,ANXXX027_L,,AN_AVLP_GNG_22,,ascending_neuron,,L,,,acetylcholine,acetylcholine,0.9364209807020546,1,2,2,False,False,False
1215,13539,,,,,,descending_neuron,,L,,,acetylcholine,acetylcholine,0.62922972129984,1,2,2,False,False,False
1216,13546,SAD051_a,SAD051_a_L,Cachero 2010: aDT-e; Vaughan 2014: aPN1,CB1078,SAD051_a,cb_intrinsic,,L,,fru_high,acetylcholine,acetylcholine,0.9461472107839418,1,1,2,False,True,False
1217,13549,AVLP566,AVLP566_L,,AVLP566,AVLP566,cb_intrinsic,,L,,,acetylcholine,acetylcholine,0.9348698746054072,1,2,2,False,False,False
1218,13552,AN07B018,AN07B018_L,,AN_AVLP_1,,ascending_neuron,,L,,,acetylcholine,acetylcholine,0.9701655189259764,1,2,2,False,False,False
1219,13562,pC1_12b,pC1_12b_L,"Lee 2002, Rideout 2010, Nojima 2021: pC1",,,cb_intrinsic,,L,male-specific,dsx_high,acetylcholine,acetylcholine,0.9595011107051686,1,2,2,False,True,False
1220,13563,WEDPN12,WEDPN12_R,,WEDPN12,WEDPN12,cb_intrinsic,,R,,,glutamate,glutamate,0.803270547745113,-1,2,2,False,False,False
1221,13570,DNge063,DNge063_L,,DNge063,,descending_neuron,,L,sexually dimorphic,,gaba,gaba,0.8745254133236671,-1,2,2,False,False,False
1222,13575,SAD100,SAD100_L,,CB3918,,cb_intrinsic,,M,,,gaba,gaba,0.8461068156721877,-1,2,2,False,False,False
1223,13578,ANXXX109,ANXXX109_L,,AN_AMMC_SAD_2,,ascending_neuron,,L,,,gaba,gaba,0.8048120750878853,-1,1,2,False,False,False
1224,13580,ANXXX027,ANXXX027_R,,AN_AVLP_GNG_22,,ascending_neuron,,R,,,acetylcholine,acetylcholine,0.9496169772848034,1,2,2,False,False,False
1225,13583,DA1_lPN,DA1_lPN_L,Cachero 2010: aDT-e,DA1_lPN,DA1_lPN,cb_intrinsic,ALPN,L,,fru_high,acetylcholine,acetylcholine,0.959616967057901,1,2,2,False,False,False
1226,13584,GNG517,GNG517_R,,CB0485,,cb_intrinsic,,R,,,acetylcholine,acetylcholine,0.653789280080233,1,2,2,False,False,False
1227,13585,DNg34,DNg34_R,Yu 2010: aDT8; Busch 2009: OA-VPM1,DNg34,,descending_neuron,,R,,,unclear,octopamine,0.7854158195574031,0,2,2,False,False,False
1228,13597,SIP121m,SIP121m_L,Cachero 2010: aSP-a; Yu 2010: aSP2,,,cb_intrinsic,,L,male-specific,fru_high,glutamate,glutamate,0.7161965224594813,-1,2,2,False,False,False
1229,13598,VES070,VES070_L,,VES070,VES070,cb_intrinsic,,L,,,acetylcholine,acetylcholine,0.9045522079073267,1,2,2,False,False,False
1230,13600,CB2664,CB2664_R,,CB2664,,cb_intrinsic,,R,,,acetylcholine,acetylcholine,0.9690537837997493,1,2,2,False,False,False
1231,13601,AVLP479,AVLP479_L,,AVLP479,AVLP479,cb_intrinsic,,L,,,gaba,gaba,0.8342637908358775,-1,2,2,False,False,False
1232,13603,AVLP211,AVLP211_R,,AVLP211,AVLP211,cb_intrinsic,,R,,,acetylcholine,acetylcholine,0.9538373801253239,1,2,2,False,False,False
1233,13604,SAD057,SAD057_L,Cachero 2010: aDT-e,CB1078,SAD057,cb_intrinsic,,L,,fru_high,acetylcholine,acetylcholine,0.925946220417486,1,1,3,False,False,False
1234,13608,SMP237,SMP237_L,,SMP237,SMP237,cb_intrinsic,,L,,,acetylcholine,acetylcholine,0.8872552964008077,1,2,2,False,False,False
1235,13616,AVLP504,AVLP504_L,,AVLP504,AVLP504,cb_intrinsic,,L,,,acetylcholine,acetylcholine,0.9603035416739054,1,2,2,False,False,False
1236,13619,CB1078,CB1078_L,Cachero 2010: aDT-e,CB1078,,cb_intrinsic,,L,,fru_high,acetylcholine,acetylcholine,0.7769625646630018,1,1,3,False,False,False
1237,13624,DNg62,DNg62_L,Hampel 2015: aDN1,DNg62,,descending_neuron,,L,,,acetylcholine,acetylcholine,0.9376227656506497,1,2,2,False,False,False
1238,13626,AVLP157,AVLP157_R,,AVLP157,AVLP157,cb_intrinsic,,R,,,acetylcholine,acetylcholine,0.9495716440090721,1,2,2,False,False,False
1239,13627,DNge082,DNge082_R,,DNge082,,descending_neuron,,R,,,acetylcholine,acetylcholine,0.9369380012270965,1,2,2,False,False,False
1240,13633,DNg43,DNg43_L,,DNg43,,descending_neuron,,L,,,acetylcholine,acetylcholine,0.961787023748188,1,2,2,False,False,False
1241,13640,WED209,WED209_R,"fru-M-200149,fru-M-300017,fru-M-800001,fru-M-900067",CB0547,,cb_intrinsic,,R,,,gaba,gaba,0.8230460525075006,-1,2,2,False,False,False
1242,13644,AVLP214,AVLP214_L,,AVLP214,AVLP214,cb_intrinsic,,L,,,acetylcholine,acetylcholine,0.9312906167721289,1,2,2,False,False,False
1243,13648,PVLP150,PVLP150_R,,PVLP150,PVLP150,cb_intrinsic,,R,,,acetylcholine,acetylcholine,0.9636517326785049,1,2,2,False,False,False
1244,13651,PVLP211m_c,PVLP211m_c_R,Cachero 2010: pIP-e; Yu 2010: pIP5,,,cb_intrinsic,,R,male-specific,fru_high,acetylcholine,acetylcholine,0.9609641227532567,1,2,1,False,False,False
1245,13652,DNge038,DNge038_R,,DNge038,,descending_neuron,,R,,,acetylcholine,acetylcholine,0.9227048407309489,1,2,2,False,False,False
1246,13654,AVLP547,AVLP547_R,,AVLP547b,AVLP547,cb_intrinsic,,R,,,glutamate,glutamate,0.6228882396220288,-1,2,2,False,False,False
1247,13655,pC1_11b,pC1_11b_R,"Lee 2002, Rideout 2010, Nojima 2021: pC1",,,cb_intrinsic,,R,male-specific,dsx_high,acetylcholine,acetylcholine,0.8998941717533284,1,3,1,False,True,False
1248,13661,AVLP565,AVLP565_L,,AVLP565,AVLP565,cb_intrinsic,,L,,,acetylcholine,acetylcholine,0.9593029867520666,1,2,2,False,False,False
1249,13662,AVLP708m,AVLP708m_L,,,,cb_intrinsic,,L,male-specific,,acetylcholine,acetylcholine,0.9267304947405856,1,2,2,False,False,False
1250,13665,AVLP729m,AVLP729m_R,Cachero 2010: aIP-b,,,cb_intrinsic,,R,male-specific,fru_high,acetylcholine,acetylcholine,0.9496958404004046,1,2,2,False,False,False
1251,13668,AVLP033,AVLP033_L,,AVLP033,AVLP033,cb_intrinsic,,L,,,acetylcholine,acetylcholine,0.9456251072667046,1,2,2,False,False,False
1252,13670,BM,BM_R,,"BM_Ant,BM_Fr,BM_FrOr,BM_InOc,BM_Oc,BM_Or,BM_Vib",,cb_sensory,mechanosensory,,,,acetylcholine,acetylcholine,0.9719167844878802,1,2,2,False,False,False
1253,13672,AVLP437,AVLP437_L,,AVLP437,AVLP437,cb_intrinsic,,L,,,acetylcholine,acetylcholine,0.9469037627946826,1,2,2,False,False,False
1254,13679,MeVP18,MeVP18_R,,MTe13,,visual_projection,,R,,,glutamate,glutamate,0.7075624847829508,-1,2,2,False,False,False
1255,13685,DNge008,DNge008_R,,DNge008,,descending_neuron,,R,,,acetylcholine,acetylcholine,0.8683496904085961,1,2,2,False,False,False
1256,13690,CB2086,CB2086_L,,CB2086,,cb_intrinsic,,L,,,glutamate,glutamate,0.6443882857585413,-1,1,2,False,False,False
1257,13694,GNG525,GNG525_L,,CB0418,,cb_intrinsic,,L,,,acetylcholine,acetylcholine,0.9616041759842854,1,2,2,False,False,False
1258,13704,AVLP541,AVLP541_L,,AVLP541a,AVLP541,cb_intrinsic,,L,,,glutamate,glutamate,0.8651554961449015,-1,2,2,False,False,False
1259,13706,LT85,LT85_L,,LT85,,visual_projection,,L,,,acetylcholine,acetylcholine,0.9536837671437935,1,2,2,False,False,False
1260,13713,AVLP702m,AVLP702m_L,"Lee 2002, Rideout 2010: pC2; Robinett 2010, Nojima 2021: pC2m",,,cb_intrinsic,,L,male-specific,dsx_high,acetylcholine,acetylcholine,0.9688321214867276,1,2,1,False,False,False
1261,13714,ANXXX057,ANXXX057_L,,AN_multi_29,,ascending_neuron,,L,,,acetylcholine,acetylcholine,0.9593602184301495,1,1,2,False,False,False
1262,13715,CL365,CL365(SCL-AVLP)_R,,CB1444,,cb_intrinsic,,R,,,unclear,serotonin,0.5483395319303338,0,2,2,False,False,False
1263,13719,GNG182,GNG182_R,,CB0857,,cb_intrinsic,,R,,,gaba,gaba,0.8767677389182964,-1,2,2,False,False,False
1264,13727,LoVP103,LoVP103_R,,LTe14,,visual_projection,,R,,,acetylcholine,acetylcholine,0.9485029241377394,1,2,2,False,False,False
1265,13734,ANXXX102,ANXXX102_L,,AN_AVLP_PVLP_4,,ascending_neuron,,L,,,acetylcholine,acetylcholine,0.9528863781577688,1,2,2,False,False,False
1266,13738,mAL_m8,mAL_m8_L,Cachero 2010: aDT-b; Yu 2010: aDT2,,,cb_intrinsic,,L,male-specific,fru_high,gaba,gaba,0.6012080460291787,-1,2,1,False,False,False
1267,13740,LoVP100,LoVP100_L,,LTe51,PLP091,visual_projection,,L,,,acetylcholine,acetylcholine,0.9595668495895756,1,2,2,False,False,False
1268,13753,AVLP731m,AVLP731m_R,Cachero 2010: aIP-c; Yu 2010: aIP1/aIP4/aSP10,,,cb_intrinsic,,R,male-specific,fru_high,acetylcholine,acetylcholine,0.9679032847222835,1,2,2,False,False,False
1269,13755,AVLP749m,AVLP749m_L,Cachero 2010: aSP-h; Ruta 2010: DC2,,,cb_intrinsic,,L,male-specific,fru_high,acetylcholine,acetylcholine,0.9460099992704226,1,2,2,False,False,False
1270,13758,AN06B040,AN06B040_L,,AN_multi_6,,ascending_neuron,,L,,,gaba,gaba,0.8424762458062915,-1,2,2,False,False,False
1271,13759,DNge010,DNge010_L,,DNge010,,descending_neuron,,L,sexually dimorphic,,acetylcholine,acetylcholine,0.956491596625808,1,2,2,False,False,False
1272,13762,PVLP201m_a,PVLP201m_a_L,,,,cb_intrinsic,,L,male-specific,,acetylcholine,acetylcholine,0.9618120316284078,1,2,2,False,False,False
1273,13770,AVLP021,AVLP021_R,,AVLP021,AVLP021,cb_intrinsic,,R,,,acetylcholine,acetylcholine,0.8919308740835825,1,2,2,False,False,False
1274,13771,AN06B004,AN06B004_L,,,,ascending_neuron,,L,potentially male-specific,,gaba,gaba,0.8161137200915317,-1,2,2,False,False,False
1275,13772,SAD035,SAD035_R,,SAD035,SAD035,cb_intrinsic,,R,,,acetylcholine,acetylcholine,0.9518451187968257,1,2,2,False,False,False
1276,13774,AVLP474,AVLP474_R,,AVLP474,AVLP474,cb_intrinsic,,R,,,gaba,gaba,0.7011967624755593,-1,2,2,False,False,False
1277,13775,AVLP299_d,AVLP299_d_R,Cachero 2010: aIP-b,,AVLP299,cb_intrinsic,,R,sexually dimorphic,fru_high,acetylcholine,acetylcholine,0.9515408273159363,1,2,2,False,False,False
1278,13778,PS233,PS233_R,,PS233,PS233,cb_intrinsic,,R,,,acetylcholine,acetylcholine,0.9471564773683789,1,2,2,False,False,False
1279,13780,AN19B036,AN19B036(12996)_R,,AN_AVLP_GNG_1,,ascending_neuron,,R,,,acetylcholine,acetylcholine,0.9553039754866326,1,2,2,False,False,False
1280,13785,AN09B004,AN09B004_b_L,,AN_AVLP_GNG_11,,ascending_neuron,,L,,,acetylcholine,acetylcholine,0.947809294119184,1,2,2,False,False,False
1281,13790,AVLP761m,AVLP761m_L,Cachero 2010: aSP-k; Yu 2010: aSP8; Zhou 2015: vPN1,,,cb_intrinsic,,L,male-specific,fru_high,gaba,gaba,0.7528368560865255,-1,1,1,False,True,False
1282,13794,PVLP021,PVLP021_R,,PVLP021,PVLP021,cb_intrinsic,,R,,,gaba,gaba,0.8631519006649535,-1,2,2,False,False,False
1283,13798,SIP110m_b,SIP110m_b_R,Cachero 2010: pIP-e; Yu 2010: pIP5,,,cb_intrinsic,,R,male-specific,fru_high,acetylcholine,acetylcholine,0.9647986921896492,1,2,1,False,False,False
1284,13805,DNg97,DNg97_L,Sapkal 2024: oDN1,DNg97,,descending_neuron,,L,,,acetylcholine,acetylcholine,0.9614363331103722,1,2,2,False,False,False
1285,13807,SMP157,SMP157_L,,SMP157,SMP157,cb_intrinsic,,L,,,acetylcholine,acetylcholine,0.8874457490184889,1,3,1,False,False,False
1286,13810,CL260,CL260_L,,CL260,CL260,cb_intrinsic,,L,,,acetylcholine,acetylcholine,0.9645223965636879,1,2,2,False,False,False
1287,13811,SIP115m,SIP115m_R,Cachero 2010: aSP-a; Yu 2010: aSP2,,,cb_intrinsic,,R,male-specific,fru_high,glutamate,glutamate,0.6832204063861328,-1,3,1,False,False,False
1288,13815,DNpe026,DNpe026(CL202)_R,,DNpe026,CL202,descending_neuron,,R,,,acetylcholine,acetylcholine,0.7446578730507365,1,2,2,False,False,False
1289,13819,AVLP346,AVLP346_L,,"(AVLP346,AVLP348)a",AVLP346,cb_intrinsic,,L,,,acetylcholine,acetylcholine,0.9275135846926464,1,2,2,False,False,False
1290,13822,SIP115m,SIP115m_L,Cachero 2010: aSP-a; Yu 2010: aSP2,,,cb_intrinsic,,L,male-specific,fru_high,glutamate,glutamate,0.7184004549110893,-1,2,1,False,False,False
1291,13825,AVLP429,AVLP429_R,,AVLP429,AVLP429,cb_intrinsic,,R,,,acetylcholine,acetylcholine,0.9636150473018529,1,2,2,False,False,False
1292,13829,GNG307,GNG307_L,,CB0045,,cb_intrinsic,,L,,,acetylcholine,acetylcholine,0.956545568429597,1,2,2,False,False,False
1293,13841,CB1055,CB1055_L,,CB1055,,cb_intrinsic,,L,,,gaba,gaba,0.663549665355966,-1,2,2,False,False,False
1294,13843,GNG008,GNG008_M,,CB3886,,cb_intrinsic,,M,,,gaba,gaba,0.8562846274581852,-1,1,2,False,False,False
1295,13845,AN17A026,AN17A026_L,Sen 2019: TwoLumps Ascending (TLA),AN_multi_63,,ascending_neuron,,L,,,acetylcholine,acetylcholine,0.9702868800607215,1,2,2,False,False,False
1296,13857,DNge139,DNge139_L,,DNge139,,descending_neuron,,L,,,acetylcholine,acetylcholine,0.9389273295713718,1,2,2,False,False,False
1297,13868,AVLP344,AVLP344_L,,CB3934,AVLP344,cb_intrinsic,,L,,,acetylcholine,acetylcholine,0.9342387924423903,1,2,2,False,False,False
1298,13873,DNa14,DNa14(CL052)_L,,DNa14,CL052,descending_neuron,,L,,,acetylcholine,acetylcholine,0.9575845939688551,1,2,2,False,False,False
1299,13876,AVLP430,AVLP430_L,,AVLP430,AVLP430,cb_intrinsic,,L,,,acetylcholine,acetylcholine,0.9686151865631348,1,2,2,False,False,False
1300,13878,AN17B008,AN17B008_L,,AN_GNG_AMMC_2,,ascending_neuron,,L,,,gaba,gaba,0.876863972617825,-1,1,2,False,False,False
1301,13883,AN17B005,AN17B005_R,,AN_multi_30,,ascending_neuron,,R,,,gaba,gaba,0.8749387925189203,-1,2,2,False,False,False
1302,13887,AVLP732m,AVLP732m_R,Cachero 2010: aIP-c; Yu 2010: aIP1/aIP4/aSP10,,,cb_intrinsic,,R,male-specific,fru_high,acetylcholine,acetylcholine,0.9589752925879135,1,2,2,False,False,False
1303,13890,PVLP208m,PVLP208m_R,Cachero 2010: aIP-b,,,cb_intrinsic,,R,male-specific,fru_high,acetylcholine,acetylcholine,0.954726386085592,1,2,2,False,False,False
1304,13894,CL066,CL066_L,,CL066,CL066,cb_intrinsic,,L,,,gaba,gaba,0.7558281135765427,-1,2,2,False,False,False
1305,13895,CB2521,CB2521_R,,CB2521,,cb_intrinsic,,R,,,acetylcholine,acetylcholine,0.9698525226615687,1,2,2,False,False,False
1306,13898,CL158,CL158_R,,CL158,CL158,cb_intrinsic,,R,,,acetylcholine,acetylcholine,0.9580877015729663,1,2,2,False,False,False
1307,13904,AVLP507,AVLP507_R,,AVLP507,AVLP507,cb_intrinsic,,R,,,acetylcholine,acetylcholine,0.9452028651849698,1,2,2,False,False,False
1308,13913,SMP028,SMP028_L,,SMP028,SMP028,cb_intrinsic,,L,,,glutamate,glutamate,0.8020873508572467,-1,2,2,False,False,False
1309,13919,CL022_b,CL022_b_R,,CL022a,CL022,cb_intrinsic,,R,,,acetylcholine,acetylcholine,0.9582835201060222,1,2,2,False,False,False
1310,13920,VES202m,VES202m_L,Cachero 2010: aSP-b; Yu 2010: aSP1,,,cb_intrinsic,,L,potentially male-specific,fru_high,glutamate,glutamate,0.7492141791554434,-1,2,1,False,False,False
1311,13925,CB1076,CB1076_R,,CB1076,,cb_intrinsic,,R,,,acetylcholine,acetylcholine,0.9680296078485227,1,2,2,False,False,False
1312,13929,AN08B018,AN08B018_b_L,,AN_AVLP_14,,ascending_neuron,,L,,,acetylcholine,acetylcholine,0.9698364477232825,1,2,2,False,False,False
1313,13934,AVLP036,AVLP036_L,,CB2840,AVLP036,cb_intrinsic,,L,,,acetylcholine,acetylcholine,0.9363333425962026,1,2,2,False,False,False
1314,13940,M_l2PN3t18,M_l2PN3t18_L,,M_l2PN3t18,M_l2PN3t18,cb_intrinsic,ALPN,L,,,acetylcholine,acetylcholine,0.9551943611650363,1,2,2,False,False,False
1315,13942,SIP126m_b,SIP126m_b_R,Cachero 2010: pIP-e; Yu 2010: pIP5,,,cb_intrinsic,,R,male-specific,fru_high,acetylcholine,acetylcholine,0.9409479139657769,1,2,1,False,False,False
1316,13953,AVLP430,AVLP430_R,,AVLP430,AVLP430,cb_intrinsic,,R,,,acetylcholine,acetylcholine,0.9630368284441448,1,2,2,False,False,False
1317,13959,OA-ASM3,OA-ASM3_L,fru-M-500095,OA-ASM3,OA-ASM3,cb_intrinsic,,L,,fru_low,unclear,serotonin,0.5104504277368201,0,2,2,False,False,False
1318,13963,CB2521,CB2521_L,,CB2521,,cb_intrinsic,,L,,,acetylcholine,acetylcholine,0.9577601268743686,1,1,2,False,False,False
1319,13964,,,,,,descending_neuron,,R,,,acetylcholine,acetylcholine,0.8931528464158683,1,2,2,False,False,False
1320,13968,CB2659,CB2659_L,,CB2659,,cb_intrinsic,,L,,,acetylcholine,acetylcholine,0.930273314901251,1,2,2,False,False,False
1321,13973,PLP300m,PLP300m_L,,,,cb_intrinsic,,L,male-specific,fru_high,acetylcholine,acetylcholine,0.964575553576897,1,2,2,False,False,False
1322,13975,PVLP211m_b,PVLP211m_b_R,Cachero 2010: pIP-e; Yu 2010: pIP5,,,cb_intrinsic,,R,male-specific,fru_high,acetylcholine,acetylcholine,0.9658286491278325,1,2,2,False,False,False
1323,13986,AVLP299_d,AVLP299_d_L,Cachero 2010: aIP-b,AVLP299_c,AVLP299,cb_intrinsic,,L,sexually dimorphic,fru_high,acetylcholine,acetylcholine,0.9559076108836654,1,2,2,False,False,False
1324,13993,WED092,WED092_R,,WED092b,WED092,cb_intrinsic,,R,,,acetylcholine,acetylcholine,0.9481871526515327,1,2,2,False,False,False
1325,13995,PS181,PS181_R,,PS181,PS181,cb_intrinsic,,R,,,acetylcholine,acetylcholine,0.9614218294932,1,2,2,False,False,False
1326,13996,DNge131,DNge131_L,,DNge131,,descending_neuron,,L,,,gaba,gaba,0.8851332866348879,-1,2,2,False,False,False
1327,13998,VES205m,VES205m_R,Cachero 2010: pIP-e; Yu 2010: pIP5,,,cb_intrinsic,,R,male-specific,fru_high,acetylcholine,acetylcholine,0.9594602438328129,1,2,1,False,False,False
1328,14000,CL214,CL214_L,,CL214,CL214,cb_intrinsic,,L,,,glutamate,glutamate,0.8144333430895843,-1,2,1,False,False,False
1329,14001,CB0204,CB0204_R,,CB0204,,cb_intrinsic,,R,,,gaba,gaba,0.812874129652513,-1,2,2,False,False,False
1330,14003,PLP301m,PLP301m_L,fru-M-000216,,,cb_intrinsic,,L,potentially male-specific,fru_high,acetylcholine,acetylcholine,0.9620219388401497,1,2,2,False,False,False
1331,14008,AVLP281,AVLP281_R,,AVLP281,AVLP281,cb_intrinsic,,R,,,acetylcholine,acetylcholine,0.9368172489391285,1,2,2,False,False,False
1332,14010,AN17A026,AN17A026_R,Sen 2019: TwoLumps Ascending (TLA),AN_multi_63,,ascending_neuron,,R,,,acetylcholine,acetylcholine,0.9615282953430427,1,2,2,False,False,False
1333,14014,AN17A002,AN17A002_R,,AN_GNG_SAD_12,,ascending_neuron,,R,,,acetylcholine,acetylcholine,0.9406626814483358,1,2,2,False,False,False
1334,14016,AN08B020,AN08B020_R,,,,ascending_neuron,,R,potentially male-specific,,acetylcholine,acetylcholine,0.9509636686698589,1,2,2,False,False,False
1335,14017,CL022_c,CL022_c_R,,CL022a,CL022,cb_intrinsic,,R,,,acetylcholine,acetylcholine,0.9595002508427098,1,2,2,False,False,False
1336,14022,CL316,CL316_L,,CL316,CL316,cb_intrinsic,,L,,,gaba,gaba,0.8291510956665714,-1,2,2,False,False,False
1337,14033,PVLP150,PVLP150_L,,PVLP150,PVLP150,cb_intrinsic,,L,,,acetylcholine,acetylcholine,0.972505999922075,1,2,2,False,False,False
1338,14042,GNG509,GNG509_R,,CB0522,,cb_intrinsic,,R,,,acetylcholine,acetylcholine,0.9565951048657153,1,2,2,False,False,False
1339,14047,AMMC009,AMMC009_L,,CB0333,,cb_intrinsic,,L,,,gaba,gaba,0.807888545663534,-1,2,2,False,False,False
1340,14048,DNg52,DNg52_L,,"DNg52_a,DNg52_b",,descending_neuron,,L,,,gaba,gaba,0.8603798307813757,-1,2,1,False,False,False
1341,14050,mAL_m8,mAL_m8_R,Cachero 2010: aDT-b; Yu 2010: aDT2,,,cb_intrinsic,,R,male-specific,fru_high,gaba,gaba,0.5815862669458506,-1,2,1,False,False,False
1342,14051,VES067,VES067_L,,VES067,VES067,cb_intrinsic,,L,,,acetylcholine,acetylcholine,0.8924016564939392,1,2,2,False,False,False
1343,14053,VES058,VES058_L,,VES058,VES058,cb_intrinsic,,L,,,glutamate,glutamate,0.7740382506016484,-1,2,2,False,False,False
1344,14055,CB4176,CB4176_L,Cachero 2010: aIP-a,CB4176,,cb_intrinsic,,L,,fru_low,gaba,gaba,0.8717733799985116,-1,1,2,False,False,False
1345,14063,AN27X003,AN27X003_L,,,,ascending_neuron,,L,,,unclear,unclear,0.3410750167448091,0,2,2,False,False,False
1346,14067,DNpe003,DNpe003(VES081)_L,,DNpe003,"VES069,VES081",descending_neuron,,L,,,acetylcholine,acetylcholine,0.9660550173556249,1,2,2,False,False,False
1347,14072,VES204m,VES204m_R,"Lee 2002, Rideout 2010: pC2; Robinett 2010, Nojima 2021: pC2m",,,cb_intrinsic,,R,male-specific,dsx_high,acetylcholine,acetylcholine,0.9163038521867123,1,3,1,False,False,False
1348,14081,AN08B022,AN08B022_L,,AN_multi_45,,ascending_neuron,,L,,,acetylcholine,acetylcholine,0.9584142501874632,1,2,2,False,False,False
1349,14084,SMP386,SMP386_L,,SMP386,SMP386,cb_intrinsic,,L,,,acetylcholine,acetylcholine,0.9507039653193405,1,2,2,False,False,False
1350,14085,AN09B012,AN09B012(14085)_L,,AN_AVLP_PVLP_8,,ascending_neuron,,L,,,acetylcholine,acetylcholine,0.9225783064104882,1,2,2,False,False,False
1351,14086,GNG548,GNG548_L,,CB0226,,cb_intrinsic,,L,,,acetylcholine,acetylcholine,0.8486596388266308,1,2,2,False,False,False
1352,14091,CB3544,CB3544_L,,CB3544,,cb_intrinsic,,L,,,gaba,gaba,0.7690708862373942,-1,1,2,False,False,False
1353,14096,DNpe003,DNpe003(VES081)_R,,DNpe003,"VES069,VES081",descending_neuron,,R,,,acetylcholine,acetylcholine,0.9685082529855484,1,2,2,False,False,False
1354,14098,DNge044,DNge044_L,,DNge044,,descending_neuron,,L,,,acetylcholine,acetylcholine,0.9661746346951364,1,2,2,False,False,False
1355,14099,CB2144,CB2144_L,,CB2144,,cb_intrinsic,,L,,,acetylcholine,acetylcholine,0.9729465952478927,1,2,2,False,False,False
1356,14103,SIP117m,SIP117m_L,"fru-M-100136,fru-M-700116",,,cb_intrinsic,,L,male-specific,fru_high,glutamate,glutamate,0.795364813869592,-1,2,1,False,False,False
1357,14106,CB2664,CB2664_L,,CB2664,,cb_intrinsic,,L,,,acetylcholine,acetylcholine,0.9137151438268614,1,1,2,False,False,False
1358,14110,GNG342,GNG342_L,,CB3905,,cb_intrinsic,,M,,,gaba,gaba,0.8811220574974925,-1,1,2,False,False,False
1359,14112,AVLP370_a,AVLP370_a_R,,AVLP370a,AVLP370,cb_intrinsic,,R,,,acetylcholine,acetylcholine,0.9439811467249456,1,2,2,False,False,False
1360,14113,AN19A018,AN19A018(14113)_R,Sapkal 2024: BRK,AN_GNG_53,,ascending_neuron,,R,,,acetylcholine,acetylcholine,0.9594692255973243,1,2,1,False,False,False
1361,14115,AN10B018,AN10B018_L,,AN_multi_58,,ascending_neuron,,L,,,acetylcholine,acetylcholine,0.9657028778568116,1,2,2,False,False,False
1362,14119,AN09B023,AN09B023(14119)_R,,AN_multi_67,,ascending_neuron,,R,,,acetylcholine,acetylcholine,0.9511758005072264,1,2,2,False,False,False
1363,14122,AVLP749m,AVLP749m_R,Cachero 2010: aSP-h; Ruta 2010: DC2,,,cb_intrinsic,,R,male-specific,fru_high,acetylcholine,acetylcholine,0.940730894210182,1,2,2,False,False,False
1364,14130,GNG189,GNG189_R,,CB0459,,cb_intrinsic,,R,,,gaba,gaba,0.8320657921265786,-1,2,2,False,False,False
1365,14137,LAL195,LAL195_L,,LAL195,LAL195,cb_intrinsic,,L,,fru_low,acetylcholine,acetylcholine,0.9559119107419574,1,2,2,False,False,False
1366,14143,GNG306,GNG306_L,,CB0486,,cb_intrinsic,,L,,,gaba,gaba,0.8912017474557722,-1,2,2,False,False,False
1367,14146,FLA001m,FLA001m_R,,,,cb_intrinsic,,R,male-specific,,acetylcholine,acetylcholine,0.910680821559356,1,2,2,False,False,False
1368,14147,AVLP110_b,AVLP110_b_R,,CB3579,AVLP110,cb_intrinsic,,R,,,acetylcholine,acetylcholine,0.9338670243217766,1,2,2,False,False,False
1369,14149,PVLP031,PVLP031_R,,CB3416,PVLP031,cb_intrinsic,,R,,,gaba,gaba,0.8251224942646322,-1,2,2,False,False,False
1370,14150,PVLP203m,PVLP203m_L,"Kimura 2008, Kohatsu 2010: P2b; Cachero 2010: pIP-a; Yu 2010: pIP1",,,cb_intrinsic,,L,male-specific,fru_high,acetylcholine,acetylcholine,0.9654493653971533,1,2,2,False,False,False
1371,14155,CB2940,CB2940_R,,CB2940,,cb_intrinsic,,R,,,acetylcholine,acetylcholine,0.9651643671471389,1,2,2,False,False,False
1372,14156,GNG523,GNG523_L,,CB0433,,cb_intrinsic,,L,,,glutamate,glutamate,0.7641214600675685,-1,2,2,False,False,False
1373,14168,CB1932,CB1932_L,,CB1932,,cb_intrinsic,,L,,,acetylcholine,acetylcholine,0.956472086905853,1,2,2,False,False,False
1374,14169,GNG575,GNG575_L,,CB0098,,cb_intrinsic,,L,,,glutamate,glutamate,0.7820499586710523,-1,2,1,False,False,False
1375,14173,AVLP371,AVLP371_L,,AVLP371,AVLP371,cb_intrinsic,,L,,,acetylcholine,acetylcholine,0.8956510209658862,1,2,2,False,False,False
1376,14186,AVLP506,AVLP506_R,,AVLP506,AVLP506,cb_intrinsic,,R,,,acetylcholine,acetylcholine,0.9411780810220159,1,2,2,False,False,False
1377,14192,LAL051,LAL051_L,,LAL051,LAL051,cb_intrinsic,,L,,,glutamate,glutamate,0.8120024149675827,-1,2,2,False,False,False
1378,14193,AN10B019,AN10B019_L,,AN_AVLP_GNG_21,,ascending_neuron,,L,,,acetylcholine,acetylcholine,0.957552238296076,1,2,2,False,False,False
1379,14196,AN10B019,AN10B019_L,,AN_AVLP_GNG_21,,ascending_neuron,,L,,,acetylcholine,acetylcholine,0.957390913777703,1,2,2,False,False,False
1380,14205,PLP094,PLP094_L,,PLP094,PLP094,cb_intrinsic,,L,,,acetylcholine,acetylcholine,0.9285596204713182,1,2,2,False,False,False
1381,14208,GNG565,GNG565_R,,CB0163,,cb_intrinsic,,R,,,gaba,gaba,0.8524175169025142,-1,2,2,False,False,False
1382,14210,GNG048,GNG048_R,,CB0856,,cb_intrinsic,,R,,,gaba,gaba,0.8891712760881998,-1,2,2,False,False,False
1383,14215,PS062,PS062_R,,PS062,PS062,cb_intrinsic,,R,,,acetylcholine,acetylcholine,0.9678680446031233,1,2,2,False,False,False
1384,14230,SIP117m,SIP117m_R,"fru-M-100136,fru-M-700116",,,cb_intrinsic,,R,male-specific,fru_high,glutamate,glutamate,0.7808202901548164,-1,2,2,False,False,False
1385,14239,DNae004,DNae004(DNa05)_L,,DNae004,DNa05,descending_neuron,,L,,,acetylcholine,acetylcholine,0.952360852130513,1,2,2,False,False,False
1386,14241,AVLP547,AVLP547_L,,AVLP547b,AVLP547,cb_intrinsic,,L,,,glutamate,glutamate,0.6484760370702787,-1,1,3,False,False,False
1387,14246,AN17B012,AN17B012_R,,AN_AVLP_9,,ascending_neuron,,R,,,gaba,gaba,0.8555712058878218,-1,2,2,False,False,False
1388,14252,CB3682,CB3682_L,,CB3682,,cb_intrinsic,,L,,,acetylcholine,acetylcholine,0.9689808486730164,1,2,2,False,False,False
1389,14256,GNG575,GNG575_R,,CB0098,,cb_intrinsic,,R,,,glutamate,glutamate,0.7747293737596092,-1,2,1,False,False,False
1390,14257,AVLP261_b,AVLP261_b_R,,CB3641,AVLP261,cb_intrinsic,,R,,,acetylcholine,acetylcholine,0.9528805147204519,1,2,2,False,False,False
1391,14262,OCG06,OCG06_L,,OCC01a,OCG06,visual_centrifugal,,L,,,acetylcholine,acetylcholine,0.9341528868458245,1,1,2,False,False,False
1392,14265,DNge133,DNge133_R,,DNge133,,descending_neuron,,R,,,acetylcholine,acetylcholine,0.968371097176518,1,2,2,False,False,False
1393,14267,PVLP082,PVLP082_L,,PVLP082b,PVLP082,cb_intrinsic,,L,,,gaba,gaba,0.6846886166495029,-1,2,2,False,False,False
1394,14269,VES050,VES050_R,,VES050,VES050,cb_intrinsic,,R,,,glutamate,glutamate,0.8285964169600754,-1,2,2,False,False,False
1395,14272,AVLP120,AVLP120_R,,AVLP120,AVLP120,cb_intrinsic,,R,,,acetylcholine,acetylcholine,0.9478784506246257,1,1,2,False,False,False
1396,14274,CL122_a,CL122_a_L,Cachero 2010: aDT-g; Yu 2010: aDT5,CL122_a,CL122,cb_intrinsic,,L,potentially sexually dimorphic,fru_low,gaba,gaba,0.796854508406049,-1,2,2,False,False,False
1397,14277,SAD099,SAD099_M,Cachero 2010: pSG-d; Vaughan 2014: aLN(m); Baker 2022: WV-WV,CB4045,,cb_intrinsic,,M,,fru_high,gaba,gaba,0.8556032263424268,-1,1,2,False,False,False
1398,14281,AVLP163,AVLP163_L,,CB3625,AVLP163,cb_intrinsic,,L,,,acetylcholine,acetylcholine,0.9062831322343317,1,2,2,False,False,False
1399,14282,aSP10A_b,aSP10A_b_R,Cachero 2010: aIP-b,CB1090,aSP10A,cb_intrinsic,,R,potentially sexually dimorphic,fru_high,acetylcholine,acetylcholine,0.9561870896209311,1,2,2,False,False,False
1400,14288,CL253,CL253_L,,CL252,CL253,cb_intrinsic,,L,,,gaba,gaba,0.7152667241547913,-1,2,2,False,False,False
1401,14291,GNG575,GNG575_R,,CB0098,,cb_intrinsic,,R,,,glutamate,glutamate,0.8141768715637178,-1,2,1,False,False,False
1402,14293,GNG163,GNG163_R,,CB3714,,cb_intrinsic,,R,,,acetylcholine,acetylcholine,0.9578730119087485,1,2,2,False,False,False
1403,14296,GNG523,GNG523_R,,CB0433,,cb_intrinsic,,R,,,glutamate,glutamate,0.7865943638764052,-1,2,2,False,False,False
1404,14303,CL316,CL316_R,,CL316,CL316,cb_intrinsic,,R,,,gaba,gaba,0.8684026979625582,-1,2,2,False,False,False
1405,14310,WED047,WED047_L,,CB2545,WED047,cb_intrinsic,,L,,,acetylcholine,acetylcholine,0.9698987209854643,1,2,2,False,False,False
1406,14316,CL121_b,CL121_b_L,Cachero 2010: aDT-g; Yu 2010: aDT5,CB3978,CL121,cb_intrinsic,,L,,fru_low,gaba,gaba,0.8590179434234103,-1,2,2,False,False,False
1407,14319,M_l2PN3t18,M_l2PN3t18_R,,M_l2PN3t18,M_l2PN3t18,cb_intrinsic,ALPN,R,,,acetylcholine,acetylcholine,0.9565048381233302,1,2,2,False,False,False
1408,14320,AN09B017g,AN09B017g_R,"Yu 2010, von Phillipsborn 2011: vAB3",,,ascending_neuron,,R,male-specific,fru_high,glutamate,acetylcholine,0.9650133900091827,-1,2,2,False,False,False
1409,14323,WED092,WED092_L,,WED092c,WED092,cb_intrinsic,,L,,,acetylcholine,acetylcholine,0.9461815512156257,1,2,2,False,False,False
1410,14324,mAL_m5c,mAL_m5c_L,Cachero 2010: aDT-b; Yu 2010: aDT2,,,cb_intrinsic,,L,male-specific,fru_high,gaba,gaba,0.5374546927811339,-1,2,1,False,False,False
1411,14325,MeVP18,MeVP18_R,,MTe13,,visual_projection,,R,,,glutamate,glutamate,0.7175955652315572,-1,2,2,False,False,False
1412,14328,DNpe040,DNpe040(CL320)_L,,DNpe040,CL320,descending_neuron,,L,,,acetylcholine,acetylcholine,0.9314540260922292,1,2,2,False,False,False
1413,14337,WED012,WED012_R,,WED012,WED012,cb_intrinsic,,R,,,gaba,gaba,0.5454195906809899,-1,2,2,False,False,False
1414,14338,PVLP217m,PVLP217m_R,Cachero 2010: pIP-e; Yu 2010: pIP5,,,cb_intrinsic,,R,male-specific,fru_high,acetylcholine,acetylcholine,0.9657709230508578,1,2,1,False,False,False
1415,14342,MeVP18,MeVP18_L,,MTe13,,visual_projection,,L,,,glutamate,glutamate,0.7197507886717021,-1,2,2,False,False,False
1416,14347,PVLP063,PVLP063_L,,CB3461,PVLP063,cb_intrinsic,,L,,,acetylcholine,acetylcholine,0.8711958373167329,1,2,2,False,False,False
1417,14350,CL144,CL144_L,,CL144,CL144,cb_intrinsic,,L,sexually dimorphic,,glutamate,glutamate,0.7788180188210891,-1,3,1,False,False,False
1418,14364,AN10B019,AN10B019_L,,AN_AVLP_GNG_21,,ascending_neuron,,L,,,acetylcholine,acetylcholine,0.9216464084018318,1,2,2,False,False,False
1419,14370,LT51,LT51_R,,LT51,LT51,visual_projection,,R,,,glutamate,glutamate,0.7094391536465465,-1,2,2,False,False,False
1420,14372,VES002,VES002_R,,VES002,VES002,cb_intrinsic,,R,,,acetylcholine,acetylcholine,0.9475410521572178,1,2,2,False,False,False
1421,14385,GNG118,GNG118_R,,CB0557,,cb_intrinsic,,R,,,glutamate,glutamate,0.7742427359930728,-1,2,2,False,False,False
1422,14387,DNge151,DNge151_M,,DNge151,,descending_neuron,,M,,,unclear,octopamine,0.7382850672761556,0,2,2,False,False,False
1423,14397,PLP229,PLP229_R,,PLP229,PLP229,cb_intrinsic,,R,,,acetylcholine,acetylcholine,0.9614382425612484,1,2,2,False,False,False
1424,14399,DNpe028,DNpe028(IB046)_R,,DNpe028,IB046,descending_neuron,,R,,,acetylcholine,acetylcholine,0.9630182028180843,1,2,2,False,False,False
1425,14400,CB1549,CB1549_L,,CB1549,,cb_intrinsic,,L,,,glutamate,glutamate,0.7332950442750833,-1,2,2,False,False,False
1426,14402,AVLP411,AVLP411_L,,AVLP411,AVLP411,cb_intrinsic,,L,,,acetylcholine,acetylcholine,0.952933581674588,1,2,2,False,False,False
1427,14403,GNG113,GNG113_L,,CB0265,,cb_intrinsic,,L,,,gaba,gaba,0.8719455415136822,-1,2,2,False,False,False
1428,14407,SIP137m_a,SIP137m_a_R,Cachero 2010: pIP-e; Yu 2010: pIP5; Nojima 2021: pC2l,,,cb_intrinsic,,R,male-specific,coexpress_high,acetylcholine,acetylcholine,0.9561268432149138,1,2,2,False,False,False
1429,14408,PS002,PS002_L,,PS002,PS002,cb_intrinsic,,L,,,gaba,gaba,0.852045797179532,-1,2,2,False,False,False
1430,14418,PVLP211m_a,PVLP211m_a_L,Cachero 2010: pIP-e; Yu 2010: pIP5,,,cb_intrinsic,,L,male-specific,fru_high,acetylcholine,acetylcholine,0.964178255888752,1,2,1,False,False,False
1431,14421,DNge131,DNge131_R,,DNge131,,descending_neuron,,R,,,gaba,gaba,0.8880406620011563,-1,2,2,False,False,False
1432,14423,LHPV5l1,LHPV5l1_R,,LHPV5l1,LHPV5l1,cb_intrinsic,,R,,,acetylcholine,acetylcholine,0.8677531179136576,1,2,2,False,False,False
1433,14438,LAL304m,LAL304m_L,,,,cb_intrinsic,,L,male-specific,fru_high,acetylcholine,acetylcholine,0.9607336394686065,1,2,2,False,False,False
1434,14439,AVLP705m,AVLP705m_L,"Lee 2002, Rideout 2010: pC2; Robinett 2010, Nojima 2021: pC2m",,,cb_intrinsic,,L,male-specific,dsx_high,acetylcholine,acetylcholine,0.947252873584333,1,2,2,False,False,False
1435,14441,WED092,WED092_L,,WED092e,WED092,cb_intrinsic,,L,,,acetylcholine,acetylcholine,0.938557900779234,1,1,2,False,False,False
1436,14455,GNG163,GNG163_L,,CB3714,,cb_intrinsic,,L,,,acetylcholine,acetylcholine,0.9553994560902386,1,2,2,False,False,False
1437,14463,PLP001,PLP001_R,,PLP001,PLP001,cb_intrinsic,,R,,,gaba,gaba,0.8060972483617714,-1,2,2,False,False,False
1438,14466,CB2153,CB2153_R,,CB2153,,cb_intrinsic,,R,,,acetylcholine,acetylcholine,0.962425609765369,1,2,2,False,False,False
1439,14469,AN10B018,AN10B018_R,,AN_multi_58,,ascending_neuron,,R,,,acetylcholine,acetylcholine,0.96157184366097,1,2,2,False,False,False
1440,14483,AVLP574,AVLP574_R,,AVLP574,AVLP574,cb_intrinsic,,R,,,acetylcholine,acetylcholine,0.8731355714442989,1,2,2,False,False,False
1441,14484,AN06B040,AN06B040_R,,AN_multi_6,,ascending_neuron,,R,,,gaba,gaba,0.8590546445975812,-1,2,2,False,False,False
1442,14491,CB3673b,CB3673b_R,,CB3673b,,cb_intrinsic,,R,,,acetylcholine,acetylcholine,0.9627285246581214,1,2,2,False,False,False
1443,14492,AVLP755m,AVLP755m_R,Cachero 2010: aSP-k; Yu 2010: aSP8,,,cb_intrinsic,,R,male-specific,fru_high,gaba,gaba,0.7200896301103437,-1,2,1,False,False,False
1444,14503,AVLP126,AVLP126_L,,"CB2370,CB1681",AVLP126,cb_intrinsic,,L,,,acetylcholine,acetylcholine,0.9310582073942575,1,2,2,False,False,False
1445,14505,AVLP746m,AVLP746m_L,Cachero 2010: pIP-e; Yu 2010: pIP5,,,cb_intrinsic,,L,male-specific,fru_high,acetylcholine,acetylcholine,0.9693854673236322,1,2,2,False,False,False
1446,14511,CB3588,CB3588_L,,CB3588,,cb_intrinsic,,L,,,acetylcholine,acetylcholine,0.9491288910206634,1,1,2,False,False,False
1447,14518,AVLP398,AVLP398_R,,AVLP398,AVLP398,cb_intrinsic,,R,,,acetylcholine,acetylcholine,0.9578582619698764,1,2,2,False,False,False
1448,14527,AN05B103,AN05B103_R,Yu 2010: dMS6,AN_multi_82,,ascending_neuron,,R,potentially sexually dimorphic,fru_high,acetylcholine,acetylcholine,0.8008549352599791,1,2,2,False,False,False
1449,14529,CB4176,CB4176_L,Cachero 2010: aIP-a,CB4176,,cb_intrinsic,,L,,fru_low,gaba,gaba,0.8511983492433811,-1,1,2,False,False,False
1450,14533,PS002,PS002_R,,PS002,PS002,cb_intrinsic,,R,,,gaba,gaba,0.8500315262767814,-1,2,2,False,False,False
1451,14537,DNge078,DNge078_L,Hampel 2015: aDN2,DNge078,,descending_neuron,,L,,,acetylcholine,acetylcholine,0.862841366930329,1,2,2,False,False,False
1452,14538,AVLP034,AVLP034_L,,AVLP034,AVLP034,cb_intrinsic,,L,,,acetylcholine,acetylcholine,0.9446706448230675,1,2,2,False,False,False
1453,14543,PS202,PS202_R,,PS202,PS202,cb_intrinsic,,R,,,acetylcholine,acetylcholine,0.9605795979671364,1,2,1,False,False,False
1454,14562,WED063_b,WED063_b_L,,"CB2108,CB2449",WED063_b,cb_intrinsic,,L,,,acetylcholine,acetylcholine,0.9707020543341063,1,2,2,False,False,False
1455,14572,SLP209,SLP209_R,,SLP209,SLP209,cb_intrinsic,,R,,,gaba,gaba,0.8210664141835095,-1,2,2,False,False,False
1456,14577,GNG464,GNG464_R,,CB0830,,cb_intrinsic,,R,,,gaba,gaba,0.8184702813042053,-1,2,2,False,False,False
1457,14587,AN08B018,AN08B018_f_L,,AN_AVLP_35,,ascending_neuron,,L,,,acetylcholine,acetylcholine,0.9623494032360481,1,2,2,False,False,False
1458,14594,AVLP169,AVLP169_L,,AVLP169,AVLP169,cb_intrinsic,,L,,,acetylcholine,acetylcholine,0.9555519732474269,1,2,2,False,False,False
1459,14604,CB1076,CB1076_L,,CB1076,,cb_intrinsic,,L,,,acetylcholine,acetylcholine,0.9720706859217382,1,1,3,False,False,False
1460,14610,AVLP546,AVLP546_R,,AVLP546,AVLP546,cb_intrinsic,,R,,,glutamate,glutamate,0.7289766057682558,-1,2,2,False,False,False
1461,14623,AVLP749m,AVLP749m_L,Cachero 2010: aSP-h; Ruta 2010: DC2,,,cb_intrinsic,,L,male-specific,fru_high,acetylcholine,acetylcholine,0.9495368422961387,1,2,2,False,False,False
1462,14628,AN09B023,AN09B023(14119)_L,,AN_multi_67,,ascending_neuron,,L,,,acetylcholine,acetylcholine,0.9614703253058994,1,2,2,False,False,False
1463,14635,LC9,LC9_L,,LC9,LC9,visual_projection,,L,,,acetylcholine,acetylcholine,0.9557687917000758,1,2,2,False,False,False
1464,14639,PVLP002,PVLP002_L,,PVLP002,PVLP002,cb_intrinsic,,L,,,acetylcholine,acetylcholine,0.9626082547946853,1,2,2,False,False,False
1465,14642,AN09B002,AN09B002_L,,"AN_AVLP_PVLP_2,AN_AVLP_PVLP_7",,ascending_neuron,,L,,,acetylcholine,acetylcholine,0.9583772446145604,1,2,2,False,False,False
1466,14658,PS355,PS355_R,,CB0309,,cb_intrinsic,,R,,,gaba,gaba,0.8008275142151553,-1,2,2,False,False,False
1467,14659,CRE080_b,CRE080_b_L,Cachero 2010: pMP-a; Yu 2010: pMP5,"CRE080a,CRE080b",CRE080,cb_intrinsic,,L,,fru_low,acetylcholine,acetylcholine,0.9684772789448294,1,3,1,False,False,False
1468,14664,CB0079,CB0079_R,,CB0079,,cb_intrinsic,,R,,,gaba,gaba,0.7847421285832,-1,2,1,False,False,False
1469,14683,CL263,CL263_R,,CL263,CL263,cb_intrinsic,,R,,,acetylcholine,acetylcholine,0.9645254634492558,1,2,2,False,False,False
1470,14684,AVLP096,AVLP096_L,,AVLP096,AVLP096,cb_intrinsic,,L,sexually dimorphic,,gaba,gaba,0.8361895818172638,-1,2,2,False,False,False
1471,14692,CB0259,CB0259_L,,CB0259,,cb_intrinsic,,L,,,acetylcholine,acetylcholine,0.9509004691964047,1,2,2,False,False,False
1472,14693,AVLP126,AVLP126_L,,"CB2370,CB1681",AVLP126,cb_intrinsic,,L,,,acetylcholine,acetylcholine,0.9398360041405694,1,2,2,False,False,False
1473,14695,mAL_m8,mAL_m8_R,Cachero 2010: aDT-b; Yu 2010: aDT2,,,cb_intrinsic,,R,male-specific,fru_high,gaba,gaba,0.6505972369914672,-1,2,2,False,False,False
1474,14699,,,,"CB2264,CB3516",,cb_intrinsic,,L,,,acetylcholine,acetylcholine,0.9300862355856325,1,2,2,False,False,False
1475,14700,AN01A086,AN01A086_R,,"AN_AVLP_12,AN_AVLP_13",,ascending_neuron,,R,,,acetylcholine,acetylcholine,0.9611670980281894,1,1,2,False,False,False
1476,14714,CL058,CL058_R,,CL058,CL058,cb_intrinsic,,R,,,acetylcholine,acetylcholine,0.943422536351475,1,2,2,False,False,False
1477,14717,LAL304m,LAL304m_R,,,,cb_intrinsic,,R,male-specific,fru_high,acetylcholine,acetylcholine,0.9656730895631729,1,2,2,False,False,False
1478,14723,AVLP431,AVLP431_R,,CB3700,AVLP431,cb_intrinsic,,R,,,acetylcholine,acetylcholine,0.960298752426437,1,2,2,False,False,False
1479,14726,AVLP506,AVLP506_L,,AVLP506,AVLP506,cb_intrinsic,,L,,,acetylcholine,acetylcholine,0.9366428652895608,1,2,2,False,False,False
1480,14732,GNG163,GNG163_L,,CB3714,,cb_intrinsic,,L,,,acetylcholine,acetylcholine,0.963380917574241,1,2,2,False,False,False
1481,14734,GNG178,GNG178_R,,CB0859,,cb_intrinsic,,R,,,gaba,gaba,0.8848326882499721,-1,2,2,False,False,False
1482,14744,AVLP244,AVLP244_L,,AVLP244,AVLP244,cb_intrinsic,,L,,fru_high,acetylcholine,acetylcholine,0.965701330948607,1,2,2,False,False,False
1483,14746,LAL304m,LAL304m_L,,,,cb_intrinsic,,L,male-specific,fru_high,acetylcholine,acetylcholine,0.9713086415629067,1,2,2,False,False,False
1484,14755,PVLP012,PVLP012_R,,PVLP012,PVLP012,cb_intrinsic,,R,,,acetylcholine,acetylcholine,0.9444075016178991,1,2,2,False,False,False
1485,14761,AVLP039,AVLP039_L,,AVLP039,AVLP039,cb_intrinsic,,L,,,acetylcholine,acetylcholine,0.9412438304089048,1,2,2,False,False,False
1486,14765,PS214,PS214_R,,PS214,PS214,cb_intrinsic,,R,,,glutamate,glutamate,0.8077336442533667,-1,2,2,False,False,False
1487,14766,SAD085,SAD085_L,Cachero 2010: pIP-g,SAD085,SAD085,cb_intrinsic,,L,,fru_high,acetylcholine,acetylcholine,0.9490291372247531,1,2,2,False,False,False
1488,14790,IB096,IB096_L,,CB2237,IB096,cb_intrinsic,,L,,,glutamate,glutamate,0.8249114483143255,-1,2,2,False,False,False
1489,14793,DNge121,DNge121_R,,DNge121,,descending_neuron,,R,,,acetylcholine,acetylcholine,0.9638450018732982,1,2,2,False,False,False
1490,14794,AN09B012,AN09B012(14794)_R,,AN_AVLP_PVLP_9,,ascending_neuron,,R,potentially sexually dimorphic,,acetylcholine,acetylcholine,0.965434418355773,1,2,2,False,False,False
1491,14801,DNge111,DNge111_L,,DNge111,,descending_neuron,,L,,,acetylcholine,acetylcholine,0.9698865316643208,1,1,3,False,False,False
1492,14808,GNG577,GNG577_R,,CB0095,,cb_intrinsic,,R,,,gaba,gaba,0.8217732083228763,-1,2,2,False,False,False
1493,14813,VES003,VES003_R,,VES003,VES003,cb_intrinsic,,R,,,glutamate,glutamate,0.8097056132635336,-1,2,2,False,False,False
1494,14825,AVLP546,AVLP546_L,,AVLP546,AVLP546,cb_intrinsic,,L,,,glutamate,glutamate,0.756959670658888,-1,2,2,False,False,False
1495,14839,CB2659,CB2659_R,,CB2659,,cb_intrinsic,,R,,,acetylcholine,acetylcholine,0.9440300194086397,1,2,2,False,False,False
1496,14842,DNge184,DNge184_L,Cachero 2010: aSG-a,DNge113,,descending_neuron,,L,,fru_low,acetylcholine,acetylcholine,0.9544702305577276,1,1,3,False,False,False
1497,14850,WED061,WED061_R,,WED061,WED061,cb_intrinsic,,R,,,acetylcholine,acetylcholine,0.9575336276807259,1,2,2,False,False,False
1498,14852,AVLP299_c,AVLP299_c_L,Cachero 2010: aIP-b,AVLP299_a,AVLP299_c,cb_intrinsic,,L,sexually dimorphic,fru_high,acetylcholine,acetylcholine,0.9617096092506132,1,2,2,False,False,False
1499,14853,AVLP216,AVLP216_L,,AVLP216,AVLP216,cb_intrinsic,,L,,,gaba,gaba,0.8513100344634482,-1,2,2,False,False,False
1500,14859,AVLP323,AVLP323_R,,AVLP323,AVLP323,cb_intrinsic,,R,,,acetylcholine,acetylcholine,0.8622414506338089,1,2,2,False,False,False
1501,14861,WED060,WED060_R,,WED060,WED060,cb_intrinsic,,R,,,acetylcholine,acetylcholine,0.9694724136653218,1,1,2,False,False,False
1502,14863,AN19A018,AN19A018(14863)_R,Sapkal 2024: BRK,AN_GNG_76,,ascending_neuron,,R,,,acetylcholine,acetylcholine,0.9650173718901074,1,2,1,False,False,False
1503,14880,CL335,CL335_L,,CL335,CL335,cb_intrinsic,,L,,,acetylcholine,acetylcholine,0.9592271669776449,1,2,2,False,False,False
1504,14885,DNpe040,DNpe040(CL320)_R,,DNpe040,CL320,descending_neuron,,R,,,acetylcholine,acetylcholine,0.9690439219091908,1,2,2,False,False,False
1505,14888,LC4,LC4_L,,LC4,LC4,visual_projection,,L,,,acetylcholine,acetylcholine,0.9609048330533637,1,2,2,False,False,False
1506,14893,LHAV2b2_a,LHAV2b2_a_L,Cachero 2010: aIP-e; Yu 2010: aSP9; Ruta 2010: LC2,LHAV2b2a,LHAV2b2_a,cb_intrinsic,,L,sexually dimorphic,fru_high,acetylcholine,acetylcholine,0.9617824111543455,1,2,2,False,False,False
1507,14899,AN05B006,AN05B006_L,,AN_GNG_SAD_18,,ascending_neuron,,L,,,gaba,gaba,0.8882554916660935,-1,2,2,False,False,False
1508,14900,AVLP577,AVLP577_R,,AVLP577,AVLP577,cb_intrinsic,,R,,,acetylcholine,acetylcholine,0.9545368457387302,1,2,2,False,False,False
1509,14906,GNG523,GNG523_R,,CB0433,,cb_intrinsic,,R,,,glutamate,glutamate,0.7570448275188638,-1,2,2,False,False,False
1510,14911,WED092,WED092_R,,WED092c,WED092,cb_intrinsic,,R,,,acetylcholine,acetylcholine,0.9490133876598168,1,2,2,False,False,False
1511,14918,CL058,CL058_L,,CL058,CL058,cb_intrinsic,,L,,,acetylcholine,acetylcholine,0.9500726320674416,1,2,2,False,False,False
1512,14926,CB0591,CB0591_R,,CB0591,,cb_intrinsic,,R,,,acetylcholine,acetylcholine,0.8960204102361704,1,2,2,False,False,False
1513,14936,DNge052,DNge052_R,,DNge052,,descending_neuron,,R,,,gaba,gaba,0.8789031789840951,-1,2,2,False,False,False
1514,14938,AMMC035,AMMC035_R,,CB1427,,cb_intrinsic,,R,,,gaba,gaba,0.8789200238813615,-1,1,3,False,False,False
1515,14944,CB1312,CB1312_R,,CB1312,,cb_intrinsic,,R,,,acetylcholine,acetylcholine,0.970786139908195,1,2,2,False,False,False
1516,14946,AVLP285,AVLP285_R,,CB4166,AVLP285,cb_intrinsic,,R,,,acetylcholine,acetylcholine,0.9625229396831319,1,2,2,False,False,False
1517,14950,ANXXX094,ANXXX094_L,,AN_multi_47,,ascending_neuron,,L,,,acetylcholine,acetylcholine,0.9648204692692169,1,2,2,False,False,False
1518,14952,DNg09_b,DNg09_b_L,,DNg09,,descending_neuron,,L,,fru_low,acetylcholine,acetylcholine,0.9599573198873103,1,1,3,False,False,False
1519,14955,GNG136,GNG136_L,,CB0864,,cb_intrinsic,,L,,,acetylcholine,acetylcholine,0.9289749765558244,1,2,2,False,False,False
1520,14956,PS002,PS002_R,,PS002,PS002,cb_intrinsic,,R,,,gaba,gaba,0.8504727911566446,-1,2,2,False,False,False
1521,14957,AVLP614,AVLP614_R,,CB4213,,cb_intrinsic,,R,,,gaba,gaba,0.8950519940068775,-1,2,2,False,False,False
1522,14964,DNge113,DNge113_L,Cachero 2010: aSG-a,DNge113,,descending_neuron,,L,,fru_low,acetylcholine,acetylcholine,0.944355339352259,1,1,3,False,False,False
1523,14970,DNge052,DNge052_L,,DNge052,,descending_neuron,,L,,,gaba,gaba,0.8554508725431569,-1,2,2,False,False,False
1524,14973,AN19A018,AN19A018(14113)_L,Sapkal 2024: BRK,AN_GNG_53,,ascending_neuron,,L,,,acetylcholine,acetylcholine,0.9521078102648266,1,2,2,False,False,False
1525,14974,PVLP012,PVLP012_L,,PVLP012,PVLP012,cb_intrinsic,,L,,,acetylcholine,acetylcholine,0.96785256408365,1,2,2,False,False,False
1526,14976,ANXXX094,ANXXX094_R,,AN_multi_47,,ascending_neuron,,R,,,acetylcholine,acetylcholine,0.9649720423951171,1,2,2,False,False,False
1527,14987,PLP301m,PLP301m_L,fru-M-000216,,,cb_intrinsic,,L,potentially male-specific,fru_high,acetylcholine,acetylcholine,0.9584522704739575,1,2,2,False,False,False
1528,14988,AVLP263,AVLP263_R,,AVLP263,AVLP263,cb_intrinsic,,R,,,acetylcholine,acetylcholine,0.9544534681768568,1,2,2,False,False,False
1529,14993,PLP017,PLP017_L,,PLP017,PLP017,cb_intrinsic,,L,,,gaba,gaba,0.8858117348689503,-1,2,2,False,False,False
1530,14994,ANXXX027,ANXXX027(14994)_R,,AN_AVLP_GNG_18,,ascending_neuron,,R,,,acetylcholine,acetylcholine,0.9647317499980125,1,2,2,False,False,False
1531,14995,WED205,WED205_L,,CB3480,,cb_intrinsic,,L,,,gaba,gaba,0.782332029537066,-1,1,3,False,False,False
1532,14998,CB1538,CB1538_L,,CB1538,,cb_intrinsic,,L,,,gaba,gaba,0.8012211795553669,-1,1,3,False,False,False
1533,15009,AVLP507,AVLP507_L,,AVLP507,AVLP507,cb_intrinsic,,L,,,acetylcholine,acetylcholine,0.9367878866430074,1,2,2,False,False,False
1534,15014,DNge121,DNge121_L,,DNge121,,descending_neuron,,L,,,acetylcholine,acetylcholine,0.9614232097114913,1,2,2,False,False,False
1535,15035,pC1_18b,pC1_18b_R,"Lee 2002, Rideout 2010, Nojima 2021: pC1",,,cb_intrinsic,,R,male-specific,dsx_low,acetylcholine,acetylcholine,0.9274102671821602,1,2,1,False,True,False
1536,15036,mAL_m1,mAL_m1_L,Cachero 2010: aDT-b; Yu 2010: aDT2,,,cb_intrinsic,,L,male-specific,fru_high,gaba,gaba,0.5459445399160655,-1,2,1,False,False,False
1537,15037,VES013,VES013_R,,VES013,VES013,cb_intrinsic,,R,,,acetylcholine,acetylcholine,0.9081209523814394,1,2,2,False,False,False
1538,15042,LoVC22,LoVC22_L,,cLLP02,CL033,visual_centrifugal,,L,,,dopamine,dopamine,0.7598860415568335,0,2,2,False,False,False
1539,15052,PVLP100,PVLP100_L,,PVLP100,PVLP100,cb_intrinsic,,L,,,gaba,gaba,0.8365595788227895,-1,2,2,False,False,False
1540,15059,VES022,VES022_L,Cachero 2010: aDT-g; Yu 2010: aDT5,VES022,VES022,cb_intrinsic,,L,sexually dimorphic,fru_high,gaba,gaba,0.8576045445527107,-1,2,2,False,False,False
1541,15068,PVLP019,PVLP019_L,,PVLP019,PVLP019,cb_intrinsic,,L,,,gaba,gaba,0.863144363877029,-1,2,2,False,False,False
1542,15070,AN08B012,AN08B012_L,,AN_multi_62,,ascending_neuron,,L,,,acetylcholine,acetylcholine,0.961049342538446,1,2,2,False,False,False
1543,15081,WED015,WED015_L,,WED015c,WED015,cb_intrinsic,,L,,,gaba,gaba,0.8545565979943035,-1,2,2,False,False,False
1544,15087,AN10B019,AN10B019_R,,AN_AVLP_GNG_21,,ascending_neuron,,R,,,acetylcholine,acetylcholine,0.9110386565561527,1,2,2,False,False,False
1545,15100,AN10B019,AN10B019_R,,AN_AVLP_GNG_21,,ascending_neuron,,R,,,acetylcholine,acetylcholine,0.8947037837176387,1,2,2,False,False,False
1546,15105,DNg55,DNg55_M,Sapkal 2024: BDN3,DNg55,,descending_neuron,,M,,,gaba,gaba,0.8167953731033681,-1,2,1,False,False,False
1547,15108,mAL_m1,mAL_m1_L,Cachero 2010: aDT-b; Yu 2010: aDT2,,,cb_intrinsic,,L,male-specific,fru_high,gaba,gaba,0.5376641152185742,-1,2,1,False,False,False
1548,15116,MeVP18,MeVP18_R,,MTe13,,visual_projection,,R,,,glutamate,glutamate,0.6940965559096938,-1,2,2,False,False,False
1549,15118,AVLP015,AVLP015_R,,AVLP015,AVLP015,cb_intrinsic,,R,,,glutamate,glutamate,0.7396804919790485,-1,2,2,False,False,False
1550,15132,PS356,PS356_R,,CB2126,,cb_intrinsic,,R,,,gaba,gaba,0.842435633831973,-1,2,2,False,False,False
1551,15138,PVLP031,PVLP031_L,,CB3416,PVLP031,cb_intrinsic,,L,,,gaba,gaba,0.8107195662774529,-1,2,2,False,False,False
1552,15139,PS002,PS002_L,,PS002,PS002,cb_intrinsic,,L,,,gaba,gaba,0.8654562412765132,-1,2,2,False,False,False
1553,15145,GNG532,GNG532_R,,CB0362,,cb_intrinsic,,R,,,acetylcholine,acetylcholine,0.9007766785962649,1,2,2,False,False,False
1554,15147,IB115,IB115_R,,IB115,IB115,cb_intrinsic,,R,,,acetylcholine,acetylcholine,0.8793165362822087,1,2,2,False,False,False
1555,15148,DNg62,DNg62_R,Hampel 2015: aDN1,DNg62,,descending_neuron,,R,,,acetylcholine,acetylcholine,0.9058155743088687,1,2,2,False,False,False
1556,15156,DNge147,DNge147_R,,DNge147,,descending_neuron,,R,,,acetylcholine,acetylcholine,0.9372740099215469,1,2,2,False,False,False
1557,15171,AN09B004,AN09B004_c_R,,AN_AVLP_PVLP_10,,ascending_neuron,,R,,,acetylcholine,acetylcholine,0.9646666182104002,1,2,2,False,False,False
1558,15190,AN17A012,AN17A012_L,,AN_GNG_SAD_9,,ascending_neuron,,L,,,acetylcholine,acetylcholine,0.9670389590579834,1,2,2,False,False,False
1559,15192,AN05B097,AN05B097_R,,AN_multi_86,,ascending_neuron,,R,,,acetylcholine,acetylcholine,0.9457299194744686,1,2,2,False,False,False
1560,15197,AVLP725m,AVLP725m_L,Cachero 2010: aIP-c; Yu 2010: aIP1/aIP4/aSP10,,,cb_intrinsic,,L,male-specific,fru_high,acetylcholine,acetylcholine,0.9451878091495647,1,3,1,False,False,False
1561,15199,mAL_m9,mAL_m9_R,Cachero 2010: aDT-b; Yu 2010: aDT2,,,cb_intrinsic,,R,male-specific,fru_high,gaba,gaba,0.5966372456030817,-1,2,1,False,False,False
1562,15204,GNG199,GNG199_R,,CB0416,,cb_intrinsic,,R,,,acetylcholine,acetylcholine,0.9489092071247623,1,2,1,False,False,False
1563,15206,GNG203,GNG203_R,,CB0241,,cb_intrinsic,,R,,,gaba,gaba,0.7054505452529712,-1,2,2,False,False,False
1564,15207,AN09B002,AN09B002_R,,"AN_AVLP_PVLP_2,AN_AVLP_PVLP_7",,ascending_neuron,,R,,,acetylcholine,acetylcholine,0.9566583724234126,1,2,2,False,False,False
1565,15208,pC1_1a,pC1_1a_L,"Lee 2002, Rideout 2010, Nojima 2021: pC1; Cachero 2010: pMP-e; Yu 2010: pMP4",,,cb_intrinsic,,L,male-specific,coexpress_high,acetylcholine,acetylcholine,0.961126337790261,1,2,2,False,True,False
1566,15212,CB0079,CB0079_L,,CB0079,,cb_intrinsic,,L,,,gaba,gaba,0.7595022801360016,-1,3,1,False,False,False
1567,15225,WED072,WED072_L,,WED072,WED072,cb_intrinsic,,L,,,acetylcholine,acetylcholine,0.9680497572523222,1,1,2,False,False,False
1568,15229,CB0682,CB0682_R,,CB0682,,cb_intrinsic,,R,,,gaba,gaba,0.880165688893543,-1,2,2,False,False,False
1569,15233,SAD057,SAD057_L,Cachero 2010: aDT-e,CB1078,SAD057,cb_intrinsic,,L,,fru_high,acetylcholine,acetylcholine,0.8502576367334242,1,1,3,False,False,False
1570,15239,mAL_m1,mAL_m1_L,Cachero 2010: aDT-b; Yu 2010: aDT2,,,cb_intrinsic,,L,male-specific,fru_high,gaba,gaba,0.5753596339295698,-1,2,2,False,False,False
1571,15240,AVLP746m,AVLP746m_L,Cachero 2010: pIP-e; Yu 2010: pIP5,,,cb_intrinsic,,L,male-specific,fru_high,acetylcholine,acetylcholine,0.9653639551877591,1,2,2,False,False,False
1572,15244,CL021,CL021_R,,CL021,CL021,cb_intrinsic,,R,,,acetylcholine,acetylcholine,0.9071188536661127,1,2,2,False,False,False
1573,15252,AVLP735m,AVLP735m_L,Cachero 2010: pIP-e; Yu 2010: pIP5; Nojima 2021: pC2l,,,cb_intrinsic,,L,male-specific,coexpress_high,acetylcholine,acetylcholine,0.9562785288385163,1,1,1,False,False,False
1574,15257,CL252,CL252_R,,CL252,CL252,cb_intrinsic,,R,,,gaba,gaba,0.6440419101082111,-1,2,2,False,False,False
1575,15261,CB2664,CB2664_R,,CB2664,,cb_intrinsic,,R,,,acetylcholine,acetylcholine,0.9699559230777467,1,2,2,False,False,False
1576,15273,PLP144,PLP144_R,,PLP144,PLP144,cb_intrinsic,,R,,,gaba,gaba,0.8042708516148476,-1,2,2,False,False,False
1577,15276,VA1d_vPN,VA1d_vPN_L,Cachero 2010: aDT-f,VA1d_vPN,VA1d_vPN,cb_intrinsic,ALPN,L,,fru_low,gaba,gaba,0.8167420431956016,-1,2,2,False,False,False
1578,15278,AVLP036,AVLP036_R,,CB2840,AVLP036,cb_intrinsic,,R,,,acetylcholine,acetylcholine,0.9446951296930495,1,2,2,False,False,False
1579,15279,AVLP152,AVLP152_R,,AVLP152,AVLP152,cb_intrinsic,,R,,,acetylcholine,acetylcholine,0.9658961434650423,1,2,2,False,False,False
1580,15288,AVLP576,AVLP576_R,,AVLP576,AVLP576,cb_intrinsic,,R,,,acetylcholine,acetylcholine,0.9267306860033437,1,2,2,False,False,False
1581,15289,AVLP162,AVLP162_L,,AVLP162,AVLP162,cb_intrinsic,,L,,,acetylcholine,acetylcholine,0.9114042670473441,1,2,2,False,False,False
1582,15291,AN05B099,AN05B099_L,,AN_multi_65,,ascending_neuron,,L,,,acetylcholine,acetylcholine,0.9552221366452233,1,2,2,False,False,False
1583,15292,SAD044,SAD044_R,,SAD044,SAD044,cb_intrinsic,,R,,,acetylcholine,acetylcholine,0.9630206124609183,1,2,2,False,False,False
1584,15294,M_vPNml63,M_vPNml63_L,Cachero 2010: aDT-f,M_vPNml63,M_vPNml63,cb_intrinsic,ALPN,L,,fru_low,gaba,gaba,0.7933096342984819,-1,2,2,False,False,False
1585,15296,AVLP308,AVLP308_L,,AVLP308,AVLP308,cb_intrinsic,,L,,,acetylcholine,acetylcholine,0.9008878365022156,1,2,2,False,False,False
1586,15297,SMP193,SMP193_L,"fru-M-700087,fru-M-700112",SMP193,SMP193,cb_intrinsic,,L,sexually dimorphic,fru_low,acetylcholine,acetylcholine,0.871208418897267,1,2,2,False,False,False
1587,15298,AVLP577,AVLP577_L,,AVLP577,AVLP577,cb_intrinsic,,L,,,acetylcholine,acetylcholine,0.9506305236456797,1,2,2,False,False,False
1588,15299,SIP118m,SIP118m_L,Cachero 2010: aSP-a; Yu 2010: aSP2,,,cb_intrinsic,,L,male-specific,fru_high,glutamate,glutamate,0.7378747882595248,-1,2,2,False,False,False
1589,15300,AVLP706m,AVLP706m_R,Cachero 2010: pIP-e; Yu 2010: pIP5,,,cb_intrinsic,,R,male-specific,fru_high,acetylcholine,acetylcholine,0.9707285347368264,1,2,2,False,False,False
1590,15306,DNpe020,DNpe020(PS133)_M,,DNpe020,PS133,descending_neuron,,M,,,acetylcholine,acetylcholine,0.95491395083197,1,2,2,False,False,False
1591,15311,mAL_m5b,mAL_m5b_R,Cachero 2010: aDT-b; Yu 2010: aDT2,,,cb_intrinsic,,R,male-specific,fru_high,gaba,gaba,0.6108355791213019,-1,2,1,False,False,False
1592,15312,,,,"CB3063,CB3801",,cb_intrinsic,,L,,,gaba,gaba,0.7832876349309359,-1,1,3,False,False,False
1593,15318,AVLP398,AVLP398_L,,AVLP398,AVLP398,cb_intrinsic,,L,,,acetylcholine,acetylcholine,0.9103806817912623,1,2,2,False,False,False
1594,15323,PVLP123,PVLP123_R,,PVLP123a,PVLP123,cb_intrinsic,,R,,,acetylcholine,acetylcholine,0.9413862728867015,1,2,2,False,False,False
1595,15324,AVLP734m,AVLP734m_R,Cachero 2010: aSP-k; Yu 2010: aSP8,,,cb_intrinsic,,R,male-specific,fru_high,gaba,gaba,0.8407048620382085,-1,2,2,False,False,False
1596,15326,DNg109,DNg109_L,,DNg109,,descending_neuron,,L,,,acetylcholine,acetylcholine,0.954604010986217,1,2,2,False,False,False
1597,15331,AVLP722m,AVLP722m_R,Cachero 2010: aIP-c; Yu 2010: aIP1/aIP4/aSP10,,,cb_intrinsic,,R,male-specific,fru_high,acetylcholine,acetylcholine,0.965633978403355,1,2,2,False,False,False
1598,15333,BM,BM_R,,"BM_Ant,BM_Fr,BM_FrOr,BM_InOc,BM_Oc,BM_Or,BM_Vib",,cb_sensory,mechanosensory,,,,acetylcholine,acetylcholine,0.9699186491897278,1,2,2,False,False,False
1599,15336,CB1538,CB1538_R,,CB1538,,cb_intrinsic,,R,,,gaba,gaba,0.8387838456276172,-1,2,2,False,False,False
1600,15341,GNG085,GNG085_L,,CB0357,,cb_intrinsic,,L,,,gaba,gaba,0.8792573951437838,-1,2,2,False,False,False
1601,15345,AVLP139,AVLP139_L,,"CB0189,CB3298",AVLP139,cb_intrinsic,,L,,,acetylcholine,acetylcholine,0.8458665226725833,1,2,2,False,False,False
1602,15347,DNge082,DNge082_L,,DNge082,,descending_neuron,,L,,,acetylcholine,acetylcholine,0.9493994109924224,1,2,2,False,False,False
1603,15352,CB3692,CB3692_R,,CB3692,,cb_intrinsic,,R,,,acetylcholine,acetylcholine,0.9563514366381057,1,1,2,False,False,False
1604,15354,AN17B009,AN17B009_R,,AN_AVLP_52,,ascending_neuron,,R,,,gaba,gaba,0.8779245372461124,-1,2,2,False,False,False
1605,15358,AVLP730m,AVLP730m_L,Cachero 2010: aIP-b,,,cb_intrinsic,,L,male-specific,fru_high,acetylcholine,acetylcholine,0.9583203259864858,1,3,1,False,False,False
1606,15365,GNG342,GNG342_R,,CB3905,,cb_intrinsic,,M,,,gaba,gaba,0.880081598356479,-1,2,2,False,False,False
1607,15367,LT52,LT52_R,,LT52,LT52,visual_projection,,R,,,glutamate,glutamate,0.718143255080032,-1,2,2,False,False,False
1608,15376,WED092,WED092_R,,WED092e,WED092,cb_intrinsic,,R,,,acetylcholine,acetylcholine,0.9117372460942955,1,2,2,False,False,False
1609,15383,VES202m,VES202m_L,Cachero 2010: aSP-b; Yu 2010: aSP1,,,cb_intrinsic,,L,potentially male-specific,fru_high,glutamate,glutamate,0.7605975778826971,-1,2,2,False,False,False
1610,15384,SIP108m,SIP108m_R,Cachero 2010: pIP-e; Yu 2010: pIP5; Nojima 2021: pC2l,,,cb_intrinsic,,R,male-specific,coexpress_high,acetylcholine,acetylcholine,0.9395326180821456,1,2,1,False,False,False
1611,15391,PVLP012,PVLP012_R,,PVLP012,PVLP012,cb_intrinsic,,R,,,acetylcholine,acetylcholine,0.9535456483399151,1,2,2,False,False,False
1612,15401,SMP710m,SMP710m_R,Wang 2020a: pMP1; Rideout 2010: pC3; Zhou 2014: pCd; Nojima 2021: pCd-1; Allen 2025: pMP-z,,,cb_intrinsic,,R,male-specific,coexpress_high,acetylcholine,acetylcholine,0.8977929291897547,1,3,1,False,False,False
1613,15403,AVLP714m,AVLP714m_L,Cachero 2010: pIP-e; Yu 2010: pIP5,,,cb_intrinsic,,L,male-specific,fru_high,acetylcholine,acetylcholine,0.9559043051231706,1,2,2,False,False,False
1614,15406,AVLP709m,AVLP709m_L,"Kimura 2008, Kohatsu 2010: P2b; Cachero 2010: pIP-a; Yu 2010: pIP1",,,cb_intrinsic,,L,male-specific,fru_high,acetylcholine,acetylcholine,0.9670465516445725,1,3,1,False,False,False
1615,15408,SMP040,SMP040_L,,SMP040,SMP040,cb_intrinsic,,L,,,glutamate,glutamate,0.8492885226608007,-1,2,2,False,False,False
1616,15414,PVLP123,PVLP123_R,,PVLP123b,PVLP124,cb_intrinsic,,R,,,acetylcholine,acetylcholine,0.9629315816837357,1,2,2,False,False,False
1617,15420,SAD001,SAD001_L,,CB4182,SAD001,cb_intrinsic,,L,,,acetylcholine,acetylcholine,0.9641807462953876,1,1,3,False,False,False
1618,15424,PVLP031,PVLP031_R,,CB3416,PVLP031,cb_intrinsic,,R,,,gaba,gaba,0.7456528629719195,-1,2,2,False,False,False
1619,15425,AVLP714m,AVLP714m_L,Cachero 2010: pIP-e; Yu 2010: pIP5,,,cb_intrinsic,,L,male-specific,fru_high,acetylcholine,acetylcholine,0.9650498417468166,1,2,2,False,False,False
1620,15434,AVLP490,AVLP490_R,,AVLP490,AVLP490,cb_intrinsic,,R,,,gaba,gaba,0.8575207094049531,-1,2,2,False,False,False
1621,15436,AMMC028,AMMC028_L,,CB3893,,cb_intrinsic,,L,,,gaba,gaba,0.8865775039427385,-1,2,2,False,False,False
1622,15443,ANXXX027,ANXXX027(15443)_R,,AN_AVLP_PVLP_1,,ascending_neuron,,R,,,acetylcholine,acetylcholine,0.952730417226566,1,2,2,False,False,False
1623,15447,MeVP48,MeVP48_R,,MTe31,,visual_projection,,R,,,glutamate,glutamate,0.7885873573873861,-1,3,1,False,False,False
1624,15463,GNG503,GNG503_R,,CB0549,,cb_intrinsic,,R,,,acetylcholine,acetylcholine,0.9387478449338577,1,2,2,False,False,False
1625,15464,aIPg1,aIPg1_L,Cachero 2010: aIP-g; Yu 2010: pIP6,CB2131,aIPg1,cb_intrinsic,,L,sexually dimorphic,fru_high,acetylcholine,acetylcholine,0.9438495300309795,1,2,2,False,False,False
1626,15476,CL260,CL260_R,,CL260,CL260,cb_intrinsic,,R,,,acetylcholine,acetylcholine,0.9663112520284862,1,2,2,False,False,False
1627,15483,DNge175,DNge175_R,Cachero 2010: pSG-b,DNg06_a,,descending_neuron,,R,potentially sexually dimorphic,fru_low,acetylcholine,acetylcholine,0.9686637545309884,1,2,2,False,False,False
1628,15485,DNge145,DNge145_L,,DNge145,,descending_neuron,,L,,fru_low,acetylcholine,acetylcholine,0.9419131870656371,1,1,3,False,False,False
1629,15491,DNpe028,DNpe028(IB046)_L,,DNpe028,IB046,descending_neuron,,L,,,acetylcholine,acetylcholine,0.9690000955458472,1,2,2,False,False,False
1630,15503,DNge019,DNge019_L,,DNge019,,descending_neuron,,L,,,acetylcholine,acetylcholine,0.9612267773506535,1,2,2,False,False,False
1631,15512,AVLP566,AVLP566_R,,AVLP566,AVLP566,cb_intrinsic,,R,,,acetylcholine,acetylcholine,0.9449049521473273,1,2,2,False,False,False
1632,15513,WED106,WED106_L,,CB3655,WED106,cb_intrinsic,,L,,,gaba,gaba,0.8300103610099586,-1,1,2,False,False,False
1633,15518,AVLP566,AVLP566_R,,AVLP566,AVLP566,cb_intrinsic,,R,,,acetylcholine,acetylcholine,0.9402353075408242,1,2,2,False,False,False
1634,15522,CL236,CL236_L,,CL236,CL236,cb_intrinsic,,L,,,acetylcholine,acetylcholine,0.9645147559854486,1,2,2,False,False,False
1635,15523,AVLP417,AVLP417(AVLP438)_R,,"AVLP417,AVLP438","AVLP417,AVLP438",cb_intrinsic,,R,,,acetylcholine,acetylcholine,0.947982994811292,1,2,2,False,False,False
1636,15532,mAL_m5b,mAL_m5b_L,Cachero 2010: aDT-b; Yu 2010: aDT2,,,cb_intrinsic,,L,male-specific,fru_high,gaba,gaba,0.6742869295192374,-1,2,2,False,False,False
1637,15533,AN17A050,AN17A050_L,,AN_VES_GNG_5,,ascending_neuron,,L,,,acetylcholine,acetylcholine,0.9642131679745707,1,2,2,False,False,False
1638,15542,AVLP746m,AVLP746m_R,Cachero 2010: pIP-e; Yu 2010: pIP5,,,cb_intrinsic,,R,male-specific,fru_high,acetylcholine,acetylcholine,0.9617448314669451,1,2,2,False,False,False
1639,15545,PVLP100,PVLP100_R,,PVLP100,PVLP100,cb_intrinsic,,R,,,gaba,gaba,0.8423596851577352,-1,2,2,False,False,False
1640,15548,AOTU052,AOTU052_R,,AOTU052a,AOTU052,cb_intrinsic,,R,,,gaba,gaba,0.8261020960544173,-1,2,2,False,False,False
1641,15550,ANXXX002,ANXXX002_L,,AN_GNG_19,,ascending_neuron,,L,,,gaba,gaba,0.8994470865681168,-1,2,2,False,False,False
1642,15553,SAD117,SAD117_L,,CB1169,,cb_intrinsic,,L,,,gaba,gaba,0.8027022108423413,-1,1,3,False,False,False
1643,15557,AVLP705m,AVLP705m_L,"Lee 2002, Rideout 2010: pC2; Robinett 2010, Nojima 2021: pC2m",,,cb_intrinsic,,L,male-specific,dsx_high,acetylcholine,acetylcholine,0.959896014577899,1,2,2,False,False,False
1644,15561,PS182,PS182_L,,PS182,PS182,cb_intrinsic,,L,,,acetylcholine,acetylcholine,0.9721107336163094,1,2,2,False,False,False
1645,15575,DNge030,DNge030_L,,DNge030,,descending_neuron,,L,,,acetylcholine,acetylcholine,0.9473731774479164,1,2,2,False,False,False
1646,15577,AVLP263,AVLP263_L,,AVLP263,AVLP263,cb_intrinsic,,L,,,acetylcholine,acetylcholine,0.9560017288333833,1,2,2,False,False,False
1647,15582,AVLP508,AVLP508_L,,AVLP508,AVLP508,cb_intrinsic,,L,,,acetylcholine,acetylcholine,0.9186624534257871,1,2,2,False,False,False
1648,15594,VES202m,VES202m_R,Cachero 2010: aSP-b; Yu 2010: aSP1,,,cb_intrinsic,,R,potentially male-specific,fru_high,glutamate,glutamate,0.7689172685085377,-1,3,1,False,False,False
1649,15597,,,,"CB1378,CB3114",,cb_intrinsic,,L,,,acetylcholine,acetylcholine,0.9603225981275862,1,1,2,False,False,False
1650,15598,LH004m,LH004m_L,Ruta 2010: LC1; fru-M-500251,,,cb_intrinsic,,L,male-specific,fru_high,gaba,unclear,0.49048286619584713,-1,2,2,False,False,False
1651,15599,LPLC4,LPLC4_L,,LPLC4,LPLC4,visual_projection,,L,,,acetylcholine,acetylcholine,0.9654219762680536,1,2,2,False,False,False
1652,15602,GNG515,GNG515_L,,CB0497,,cb_intrinsic,,L,,,gaba,gaba,0.845091802286362,-1,2,2,False,False,False
1653,15613,AVLP492,AVLP492_L,,AVLP492,AVLP492,cb_intrinsic,,L,,,acetylcholine,acetylcholine,0.9542910974145787,1,2,2,False,False,False
1654,15614,VES073,VES073_L,Cachero 2010: pIP-g,VES073,VES073,cb_intrinsic,,L,,fru_high,acetylcholine,acetylcholine,0.9366641254381228,1,2,2,False,False,False
1655,15622,CB1074,CB1074_R,,CB1074,,cb_intrinsic,,R,,,acetylcholine,acetylcholine,0.968061751607455,1,2,2,False,False,False
1656,15633,CL078_a,CL078_a_L,,CL078,CL078,cb_intrinsic,,L,,,acetylcholine,acetylcholine,0.9325753610879736,1,2,2,False,False,False
1657,15638,AVLP490,AVLP490_L,,AVLP490,AVLP490,cb_intrinsic,,L,,,gaba,gaba,0.8547529272126067,-1,2,2,False,False,False
1658,15645,AN09B017d,AN09B017d_R,,,,ascending_neuron,,R,male-specific,fru_high,glutamate,acetylcholine,0.9492305485237944,-1,2,2,False,False,False
1659,15650,AN08B034,AN08B034_b_R,,AN_AVLP_26,,ascending_neuron,,R,,,acetylcholine,acetylcholine,0.9737054157360849,1,2,2,False,False,False
1660,15659,AVLP305,AVLP305_L,,AVLP305,AVLP305,cb_intrinsic,,L,,,acetylcholine,acetylcholine,0.9045325240966817,1,2,2,False,False,False
1661,15665,SAD064,SAD064_R,,SAD064,SAD064,cb_intrinsic,,R,,,acetylcholine,acetylcholine,0.9520959783313615,1,2,2,False,False,False
1662,15672,AN12B004,AN12B004_L,,AN_AVLP_5,,ascending_neuron,,L,,,gaba,gaba,0.896375323587037,-1,2,2,False,False,False
1663,15676,AVLP713m,AVLP713m_R,Cachero 2010: pIP-e; Yu 2010: pIP5; Nojima 2021: pC2l,,,cb_intrinsic,,R,male-specific,coexpress_high,acetylcholine,acetylcholine,0.9558841278604561,1,2,2,False,False,False
1664,15681,DNge113,DNge113_L,Cachero 2010: aSG-a,DNge113,,descending_neuron,,L,,fru_low,acetylcholine,acetylcholine,0.9608741132643859,1,1,3,False,False,False
1665,15682,AVLP746m,AVLP746m_R,Cachero 2010: pIP-e; Yu 2010: pIP5,,,cb_intrinsic,,R,male-specific,fru_high,acetylcholine,acetylcholine,0.9642541610545993,1,2,2,False,False,False
1666,15684,LAL203,LAL203_L,,LAL203,LAL203,cb_intrinsic,,L,,,acetylcholine,acetylcholine,0.9367495489598008,1,2,2,False,False,False
1667,15688,LoVP50,LoVP50_R,,"LT53,PLP098",PLP098,visual_projection,,R,,,acetylcholine,acetylcholine,0.9265049462951536,1,2,2,False,False,False
1668,15689,LAL160,LAL160_R,,"LAL160,LAL161",LAL160,cb_intrinsic,,R,,,acetylcholine,acetylcholine,0.955007620876572,1,2,2,False,False,False
1669,15690,SMP482,SMP482_R,,SMP482,SMP482,cb_intrinsic,,R,,,acetylcholine,acetylcholine,0.8503928434023149,1,3,1,False,False,False
1670,15691,AVLP706m,AVLP706m_R,Cachero 2010: pIP-e; Yu 2010: pIP5,,,cb_intrinsic,,R,male-specific,fru_high,acetylcholine,acetylcholine,0.9607626020363954,1,2,2,False,False,False
1671,15694,VES203m,VES203m_L,"Lee 2002, Rideout 2010: pC2; Robinett 2010, Nojima 2021: pC2m",,,cb_intrinsic,,L,male-specific,dsx_high,acetylcholine,acetylcholine,0.9578023700572408,1,3,1,False,False,False
1672,15696,GNG554,GNG554_L,,CB0200,,cb_intrinsic,,L,,,glutamate,glutamate,0.8136764087666901,-1,2,2,False,False,False
1673,15699,LAL029_e,LAL029_e_R,Cachero 2010: aSP-d; Yu 2010: aSP13,"LAL028,LAL029",LAL029,cb_intrinsic,,R,,fru_low,acetylcholine,acetylcholine,0.9474312569941769,1,2,2,False,False,False
1674,15701,AVLP346,AVLP346_R,,"(AVLP346,AVLP348)a",AVLP346,cb_intrinsic,,R,,,acetylcholine,acetylcholine,0.9573750256213986,1,2,2,False,False,False
1675,15705,DNge081,DNge081_L,,DNge081,,descending_neuron,,L,,,acetylcholine,acetylcholine,0.9242732090066855,1,2,2,False,False,False
1676,15709,AVLP725m,AVLP725m_L,Cachero 2010: aIP-c; Yu 2010: aIP1/aIP4/aSP10,,,cb_intrinsic,,L,male-specific,fru_high,acetylcholine,acetylcholine,0.9473007501028723,1,3,1,False,False,False
1677,15718,WED072,WED072_L,,WED072,WED072,cb_intrinsic,,L,,,acetylcholine,acetylcholine,0.9640292912567046,1,1,2,False,False,False
1678,15720,DNge124,DNge124_L,,DNge124,,descending_neuron,,L,,,acetylcholine,acetylcholine,0.9241186363940512,1,2,2,False,False,False
1679,15724,PVLP204m,PVLP204m_R,Cachero 2010: pIP-e; Yu 2010: pIP5; Nojima 2021: pC2l,,,cb_intrinsic,,R,male-specific,coexpress_high,acetylcholine,acetylcholine,0.9041061581279295,1,2,1,False,False,False
1680,15733,CB3544,CB3544_R,,CB3544,,cb_intrinsic,,R,,,gaba,gaba,0.779204502739837,-1,2,2,False,False,False
1681,15751,AN17A003,AN17A003_L,,AN_GNG_91,,ascending_neuron,,L,,,acetylcholine,acetylcholine,0.9655535298981248,1,2,2,False,False,False
1682,15753,LHAV2b2_d,LHAV2b2_d_L,Cachero 2010: aIP-e; Yu 2010: aSP9; Ruta 2010: LC2,LHAV2b2a,LHAV2b2,cb_intrinsic,,L,sexually dimorphic,fru_high,acetylcholine,acetylcholine,0.9568620156021749,1,2,2,False,False,False
1683,15754,GNG579,GNG579_L,,CB0082,,cb_intrinsic,,L,,,gaba,gaba,0.8197694755656655,-1,2,2,False,False,False
1684,15758,AN05B099,AN05B099_R,,AN_multi_65,,ascending_neuron,,R,,,acetylcholine,acetylcholine,0.9611975722484017,1,2,2,False,False,False
1685,15774,AVLP109,AVLP109_R,,AVLP109,AVLP109,cb_intrinsic,,R,,,acetylcholine,acetylcholine,0.9458181663750512,1,2,2,False,False,False
1686,15775,GNG347,GNG347_M,,CB3884,,cb_intrinsic,,M,,,gaba,gaba,0.8272661547524629,-1,2,2,False,False,False
1687,15777,SIP108m,SIP108m_L,Cachero 2010: pIP-e; Yu 2010: pIP5,,,cb_intrinsic,,L,male-specific,fru_high,acetylcholine,acetylcholine,0.9468535699440043,1,2,1,False,False,False
1688,15785,WED060,WED060_R,,WED060,WED060,cb_intrinsic,,R,,,acetylcholine,acetylcholine,0.9654612417868744,1,2,2,False,False,False
1689,15786,PS356,PS356_L,,CB2126,,cb_intrinsic,,L,,,gaba,gaba,0.8582168318535108,-1,2,2,False,False,False
1690,15791,SAD064,SAD064_L,,SAD064,SAD064,cb_intrinsic,,L,,,acetylcholine,acetylcholine,0.9379238067636538,1,1,3,False,False,False
1691,15794,AVLP390,AVLP390_L,,AVLP390,AVLP390,cb_intrinsic,,L,,,acetylcholine,acetylcholine,0.9344665091959261,1,2,2,False,False,False
1692,15810,AVLP110_b,AVLP110_b_R,,CB1522,AVLP110,cb_intrinsic,,R,,,acetylcholine,acetylcholine,0.9433549694588893,1,2,2,False,False,False
1693,15815,PVLP021,PVLP021_R,,PVLP021,PVLP021,cb_intrinsic,,R,,,gaba,gaba,0.8707544151656119,-1,1,2,False,False,False
1694,15831,AVLP605,AVLP605_M,,CB3921,,cb_intrinsic,,M,,,gaba,gaba,0.807796406307049,-1,2,2,False,False,False
1695,15842,AVLP038,AVLP038_L,,CB3940,AVLP038,cb_intrinsic,,L,,,acetylcholine,acetylcholine,0.9468778956840498,1,2,2,False,False,False
1696,15846,SAD044,SAD044_L,,SAD044,SAD044,cb_intrinsic,,L,,,acetylcholine,acetylcholine,0.9514144909943647,1,1,2,False,False,False
1697,15854,AOTU065,AOTU065_L,,AOTU065,AOTU065,cb_intrinsic,,L,,,acetylcholine,acetylcholine,0.9385708873802112,1,2,2,False,False,False
1698,15856,AVLP252,AVLP252_R,,AVLP252,AVLP252,cb_intrinsic,,R,,,gaba,gaba,0.7571651929912493,-1,2,2,False,False,False
1699,15861,PVLP026,PVLP026_R,,PVLP026,PVLP026,cb_intrinsic,,R,,,gaba,gaba,0.8126039882284019,-1,2,2,False,False,False
1700,15866,AVLP714m,AVLP714m_R,Cachero 2010: pIP-e; Yu 2010: pIP5,,,cb_intrinsic,,R,male-specific,fru_high,acetylcholine,acetylcholine,0.9549741148106112,1,2,2,False,False,False
1701,15869,GNG456,GNG456_L,,CB0917,,cb_intrinsic,,L,,,acetylcholine,acetylcholine,0.8954610404857971,1,2,2,False,False,False
1702,15871,AVLP733m,AVLP733m_R,Cachero 2010: aIP-c; Yu 2010: aIP1/aIP4/aSP10,,,cb_intrinsic,,R,male-specific,fru_high,acetylcholine,acetylcholine,0.9646491784781615,1,2,2,False,False,False
1703,15883,PLP022,PLP022_L,,PLP022,PLP022,cb_intrinsic,,L,,,gaba,gaba,0.7872793144154999,-1,2,2,False,False,False
1704,15898,PS182,PS182_R,,PS182,PS182,cb_intrinsic,,R,,,acetylcholine,acetylcholine,0.9680530686192618,1,2,2,False,False,False
1705,15900,IB020,IB020_L,,IB020,IB020,cb_intrinsic,,L,,,acetylcholine,acetylcholine,0.950995573959686,1,2,2,False,False,False
1706,15906,AN23B001,AN23B001_R,,AN_GNG_SAD_15,,ascending_neuron,,R,,,acetylcholine,acetylcholine,0.9539250913186065,1,2,2,False,False,False
1707,15907,PVLP204m,PVLP204m_R,Cachero 2010: pIP-e; Yu 2010: pIP5; Nojima 2021: pC2l,,,cb_intrinsic,,R,male-specific,coexpress_high,acetylcholine,acetylcholine,0.9265977502540484,1,2,1,False,False,False
1708,15908,LoVP50,LoVP50_R,,"LT53,PLP098",PLP098,visual_projection,,R,,,acetylcholine,acetylcholine,0.9419665084477281,1,2,2,False,False,False
1709,15935,LPLC4,LPLC4_L,,LPLC4,LPLC4,visual_projection,,L,,,acetylcholine,acetylcholine,0.9623923428660356,1,2,2,False,False,False
1710,15937,VES059,VES059_L,,VES059,VES059,cb_intrinsic,,L,,,acetylcholine,acetylcholine,0.9377035495942864,1,2,2,False,False,False
1711,15952,SAD004,SAD004_L,,CB1125,SAD004,cb_intrinsic,,L,,,acetylcholine,acetylcholine,0.9699930418898951,1,1,3,False,False,False
1712,15959,SAD014,SAD014_R,,CB4180,SAD014,cb_intrinsic,,R,,,gaba,gaba,0.7440923657730932,-1,2,2,False,False,False
1713,15966,WED106,WED106_R,,CB3655,WED106,cb_intrinsic,,R,,,gaba,gaba,0.8506135872432841,-1,1,2,False,False,False
1714,15972,mAL_m1,mAL_m1_R,Cachero 2010: aDT-b; Yu 2010: aDT2,,,cb_intrinsic,,R,male-specific,fru_high,gaba,gaba,0.5359601740417023,-1,2,2,False,False,False
1715,15973,AVLP490,AVLP490_R,,AVLP490,AVLP490,cb_intrinsic,,R,,,gaba,gaba,0.8415052947100028,-1,2,2,False,False,False
1716,15979,GNG666,GNG666_R,,CB0305,,cb_intrinsic,,R,,,acetylcholine,acetylcholine,0.930104311006634,1,2,2,False,False,False
1717,15988,DNge064,DNge064_R,,DNge064,,descending_neuron,,R,,,glutamate,glutamate,0.7060830188156136,-1,2,2,False,False,False
1718,15990,aIPg1,aIPg1_R,Cachero 2010: aIP-g; Yu 2010: pIP6,CB2131,aIPg1,cb_intrinsic,,R,sexually dimorphic,fru_high,acetylcholine,acetylcholine,0.9418172440589255,1,2,1,False,False,False
1719,15993,,,,"CB1740,CB1779",,cb_intrinsic,,L,,,acetylcholine,acetylcholine,0.9303312527313816,1,2,2,False,False,False
1720,15994,CB3513,CB3513_L,,CB3513,,cb_intrinsic,,L,,,gaba,gaba,0.845313577833457,-1,2,2,False,False,False
1721,16010,CB1206,CB1206_L,,CB1206,,cb_intrinsic,,L,,,acetylcholine,acetylcholine,0.9664057168922605,1,2,2,False,False,False
1722,16030,AVLP451,AVLP451_L,,AVLP451a,AVLP451,cb_intrinsic,,L,,,acetylcholine,acetylcholine,0.9626376980953836,1,2,2,False,False,False
1723,16032,AVLP725m,AVLP725m_R,Cachero 2010: aIP-c; Yu 2010: aIP1/aIP4/aSP10,,,cb_intrinsic,,R,male-specific,fru_high,acetylcholine,acetylcholine,0.9559076651639763,1,2,2,False,False,False
1724,16047,AVLP748m,AVLP748m_R,Cachero 2010: aIP-b,,,cb_intrinsic,,R,potentially male-specific,fru_high,acetylcholine,acetylcholine,0.9399511022149772,1,2,2,False,False,False
1725,16068,CB3710,CB3710_L,,CB3710,,cb_intrinsic,,L,,,acetylcholine,acetylcholine,0.9663081885794449,1,1,3,False,False,False
1726,16073,AMMC035,AMMC035_L,,CB1427,,cb_intrinsic,,L,,,gaba,gaba,0.866940415248573,-1,1,3,False,False,False
1727,16077,AVLP461,AVLP461_R,,AVLP461,AVLP461,cb_intrinsic,,R,,,gaba,gaba,0.6789563359644791,-1,2,2,False,False,False
1728,16080,AVLP323,AVLP323_L,,AVLP323,AVLP323,cb_intrinsic,,L,,,acetylcholine,acetylcholine,0.8948849572211381,1,2,2,False,False,False
1729,16084,LHPV2g1,LHPV2g1_R,,LHPV2g1,LHPV2g1,cb_intrinsic,,R,,,acetylcholine,acetylcholine,0.9670786420309717,1,2,2,False,False,False
1730,16086,ANXXX041,ANXXX041_L,,AN_GNG_64,,ascending_neuron,,L,,,gaba,gaba,0.8372789358074614,-1,2,2,False,False,False
1731,16091,AVLP253,AVLP253_L,,"AVLP253,AVLP254",AVLP253,cb_intrinsic,,L,,,gaba,gaba,0.6762870148962433,-1,2,2,False,False,False
1732,16095,AVLP352,AVLP352_R,,CB3708,AVLP352,cb_intrinsic,,R,,,acetylcholine,acetylcholine,0.9721475688717989,1,2,2,False,False,False
1733,16104,CL205,CL205_L,,CL205,CL205,cb_intrinsic,,L,,,acetylcholine,acetylcholine,0.9545443029451878,1,2,2,False,False,False
1734,16109,,,,"CB1066,CB3649",,cb_intrinsic,,R,,,acetylcholine,acetylcholine,0.9653100431105432,1,2,2,False,False,False
1735,16118,DNge145,DNge145_R,,DNge145,,descending_neuron,,R,,fru_low,acetylcholine,acetylcholine,0.963274719094,1,2,2,False,False,False
1736,16128,LC4,LC4_R,,LC4,LC4,visual_projection,,R,,,acetylcholine,acetylcholine,0.9510266116701801,1,2,2,False,False,False
1737,16135,AVLP317,AVLP317_R,,AVLP317,AVLP317,cb_intrinsic,,R,,,acetylcholine,acetylcholine,0.9533057985927121,1,2,2,False,False,False
1738,16136,VP5+VP3_l2PN,VP5+VP3_l2PN_R,,VP5+VP3_l2PN,VP5+VP3_l2PN,cb_intrinsic,ALPN,R,,,acetylcholine,acetylcholine,0.969360612649334,1,2,2,False,False,False
1739,16138,LC4,LC4_R,,LC4,LC4,visual_projection,,R,,,acetylcholine,acetylcholine,0.9637571785129073,1,2,2,False,False,False
1740,16159,PVLP201m_d,PVLP201m_d_L,,,,cb_intrinsic,,L,male-specific,,acetylcholine,acetylcholine,0.9639073026802641,1,2,2,False,False,False
1741,16168,GNG343,GNG343_L,,CB3903,,cb_intrinsic,,M,,,gaba,gaba,0.8304168361324848,-1,1,2,False,False,False
1742,16172,GNG423,GNG423_R,,CB1582,,cb_intrinsic,,R,,,acetylcholine,acetylcholine,0.9213328331971765,1,2,2,False,False,False
1743,16175,IB118,IB118_L,,IB118,IB118,cb_intrinsic,,L,,,unclear,serotonin,0.7311876144688646,0,2,2,False,False,False
1744,16176,AN08B034,AN08B034_a(hb1477136606)_L,,AN_AVLP_19,(hb1477136606),ascending_neuron,,L,,,acetylcholine,acetylcholine,0.9603686580042733,1,2,2,False,False,False
1745,16181,GNG135,GNG135_R,,CB0137,,cb_intrinsic,,R,,,acetylcholine,acetylcholine,0.5923985292860309,1,2,2,False,False,False
1746,16189,AN08B024,AN08B024(16189)_L,,AN_AVLP_49,,ascending_neuron,,L,,,acetylcholine,acetylcholine,0.9702884886887452,1,2,2,False,False,False
1747,16193,GNG305,GNG305_R,,CB0628,,cb_intrinsic,,R,,,gaba,gaba,0.8536873511864241,-1,3,1,False,False,False
1748,16198,aSP-g3Am,aSP-g3Am_L,Cachero 2010: aSP-g; Yu 2010: aSP6,,,cb_intrinsic,,L,male-specific,fru_high,acetylcholine,acetylcholine,0.9585382243919163,1,2,2,False,False,False
1749,16199,AVLP170,AVLP170_R,,CB2330,AVLP170,cb_intrinsic,,R,,,acetylcholine,acetylcholine,0.9627975178755074,1,2,2,False,False,False
1750,16208,CL122_a,CL122_a_R,Cachero 2010: aDT-g; Yu 2010: aDT5,CL122_a,CL122,cb_intrinsic,,R,potentially sexually dimorphic,fru_low,gaba,gaba,0.8142646722203373,-1,2,1,False,False,False
1751,16209,AVLP417,AVLP417(AVLP438)_R,,"AVLP417,AVLP438","AVLP417,AVLP438",cb_intrinsic,,R,,,acetylcholine,acetylcholine,0.9473680262226705,1,2,2,False,False,False
1752,16212,AVLP444,AVLP444_R,,AVLP444,AVLP444,cb_intrinsic,,R,,,acetylcholine,acetylcholine,0.9624375808290893,1,2,2,False,False,False
1753,16215,AVLP021,AVLP021_L,,AVLP021,AVLP021,cb_intrinsic,,L,,,acetylcholine,acetylcholine,0.9053538089859288,1,2,2,False,False,False
1754,16221,DNg21,DNg21_L,,DNg21,,descending_neuron,,L,,,acetylcholine,acetylcholine,0.7971408956480096,1,2,2,False,False,False
1755,16231,CB1078,CB1078_L,Cachero 2010: aDT-e; Vaughan 2014: aPN1,CB1078,,cb_intrinsic,,L,,fru_high,acetylcholine,acetylcholine,0.9156186535618396,1,1,2,False,True,False
1756,16243,AMMC035,AMMC035_R,,CB1427,,cb_intrinsic,,R,,,gaba,gaba,0.8757821761547807,-1,1,2,False,False,False
1757,16246,AVLP259,AVLP259_R,,AVLP259,AVLP259,cb_intrinsic,,R,,,acetylcholine,acetylcholine,0.9628888814670729,1,2,2,False,False,False
1758,16251,CB2659,CB2659_R,,CB2659,,cb_intrinsic,,R,,,acetylcholine,acetylcholine,0.9380199212176445,1,2,2,False,False,False
1759,16259,VES205m,VES205m_L,Cachero 2010: pIP-e; Yu 2010: pIP5,,,cb_intrinsic,,L,male-specific,fru_high,acetylcholine,acetylcholine,0.9706737377952568,1,2,1,False,False,False
1760,16262,pC1_1b,pC1_1b_L,"Lee 2002, Rideout 2010, Nojima 2021: pC1; Cachero 2010: pMP-e; Yu 2010: pMP4",,,cb_intrinsic,,L,male-specific,coexpress_high,acetylcholine,acetylcholine,0.9630577082002466,1,2,2,False,True,False
1761,16269,AVLP732m,AVLP732m_R,Cachero 2010: aIP-c; Yu 2010: aIP1/aIP4/aSP10,,,cb_intrinsic,,R,male-specific,fru_high,acetylcholine,acetylcholine,0.9601800574500804,1,2,2,False,False,False
1762,16273,PS272,PS272_L,,"PS184,PS272",PS272,cb_intrinsic,,L,,,acetylcholine,acetylcholine,0.9422505050219137,1,2,2,False,False,False
1763,16288,CL080,CL080_L,,CL080,CL080,cb_intrinsic,,L,,,acetylcholine,acetylcholine,0.9490254179894133,1,2,2,False,False,False
1764,16297,AN00A006,AN00A006(16297)_M,,,,ascending_neuron,,M,potentially sexually dimorphic,,gaba,glutamate,0.7276600767424761,-1,3,1,False,False,False
1765,16302,AN09B017d,AN09B017d_L,,,,ascending_neuron,,L,male-specific,fru_high,glutamate,acetylcholine,0.9254445899811173,-1,2,1,False,False,False
1766,16328,LHPV7c1,LHPV7c1_L,,LHPV7c1,LHPV7c1,cb_intrinsic,,L,,,acetylcholine,acetylcholine,0.9547823830095081,1,2,2,False,False,False
1767,16329,AMMC035,AMMC035_R,,CB1427,,cb_intrinsic,,R,,,gaba,gaba,0.8298243932342327,-1,1,3,False,False,False
1768,16338,AN12B006,AN12B006_R,,AN_AVLP_39,,ascending_neuron,,R,,,unclear,unclear,0.49794750904748897,0,2,2,False,False,False
1769,16348,AVLP451,AVLP451_L,,AVLP451b,AVLP451,cb_intrinsic,,L,,,acetylcholine,acetylcholine,0.9589408809004786,1,2,2,False,False,False
1770,16362,mAL_m5c,mAL_m5c_L,Cachero 2010: aDT-b; Yu 2010: aDT2,,,cb_intrinsic,,L,male-specific,fru_high,gaba,gaba,0.6318679572049333,-1,2,2,False,False,False
1771,16363,AVLP115,AVLP115_R,,CB3031,AVLP115,cb_intrinsic,,R,,,acetylcholine,acetylcholine,0.7578757948587672,1,2,2,False,False,False
1772,16364,pC1_9b,pC1_9b_L,,,,cb_intrinsic,,L,potentially male-specific,,acetylcholine,acetylcholine,0.9493894185098256,1,2,2,False,True,False
1773,16366,LoVP50,LoVP50_R,,"LT53,PLP098",PLP098,visual_projection,,R,,,acetylcholine,acetylcholine,0.9660272459791973,1,2,2,False,False,False
1774,16370,GNG166,GNG166_R,,CB0456,,cb_intrinsic,,R,,,glutamate,glutamate,0.6480228863563695,-1,3,1,False,False,False
1775,16384,AN17A003,AN17A003_R,,AN_GNG_91,,ascending_neuron,,R,,,acetylcholine,acetylcholine,0.9682145464497338,1,2,2,False,False,False
1776,16385,PVLP072,PVLP072_R,,CB1920,PVLP072,cb_intrinsic,,R,,,acetylcholine,acetylcholine,0.966429303993591,1,2,2,False,False,False
1777,16390,LT63,LT63_R,,LT63,LT63,visual_projection,,R,,,acetylcholine,acetylcholine,0.9459930952321154,1,2,2,False,False,False
1778,16401,PVLP113,PVLP113_L,,PVLP113,PVLP113,cb_intrinsic,,L,,fru_low,gaba,gaba,0.8679243895811144,-1,2,2,False,False,False
1779,16404,AVLP735m,AVLP735m_R,Cachero 2010: pIP-e; Yu 2010: pIP5; Nojima 2021: pC2l,,,cb_intrinsic,,R,male-specific,coexpress_high,acetylcholine,acetylcholine,0.9594615755219513,1,2,1,False,False,False
1780,16409,SMP255,SMP255_L,,SMP255,SMP255,cb_intrinsic,,L,,,acetylcholine,acetylcholine,0.9374249247292706,1,2,2,False,False,False
1781,16411,AVLP203_a,AVLP203_a_R,,CB3411,AVLP203,cb_intrinsic,,R,,,gaba,gaba,0.748627523815704,-1,2,2,False,False,False
1782,16424,PVLP027,PVLP027_R,Cachero 2010: aIP-a,PVLP027,PVLP027,cb_intrinsic,,R,,fru_high,gaba,gaba,0.8094270970162682,-1,2,2,False,False,False
1783,16427,AVLP096,AVLP096_L,,AVLP096,AVLP096,cb_intrinsic,,L,sexually dimorphic,,gaba,gaba,0.8834390797577132,-1,2,2,False,False,False
1784,16432,AOTU065,AOTU065_R,,AOTU065,AOTU065,cb_intrinsic,,R,,,acetylcholine,acetylcholine,0.943659002456258,1,2,2,False,False,False
1785,16445,PVLP123,PVLP123_R,,PVLP123c,PVLP124,cb_intrinsic,,R,,,acetylcholine,acetylcholine,0.9484722053701019,1,2,2,False,False,False
1786,16446,AVLP015,AVLP015_L,,AVLP015,AVLP015,cb_intrinsic,,L,,,glutamate,glutamate,0.7513135977049026,-1,2,2,False,False,False
1787,16451,GNG601,GNG601_R,,CB3919,,cb_intrinsic,,M,,,gaba,gaba,0.8271655928646711,-1,2,2,False,False,False
1788,16452,AVLP096,AVLP096_R,,AVLP096,AVLP096,cb_intrinsic,,R,sexually dimorphic,,gaba,gaba,0.8473101881949843,-1,2,1,False,False,False
1789,16456,,,,"CB3289,CB3531",,cb_intrinsic,,L,,,acetylcholine,acetylcholine,0.9485257236664846,1,2,2,False,False,False
1790,16466,AN05B102d,AN05B102d_L,,AN_multi_69,,ascending_neuron,,L,potentially sexually dimorphic,,acetylcholine,acetylcholine,0.957639240957632,1,2,2,False,False,False
1791,16482,PVLP123,PVLP123_L,,PVLP123c,PVLP124,cb_intrinsic,,L,,,acetylcholine,acetylcholine,0.9522830781671048,1,1,2,False,False,False
1792,16493,LAL113,LAL113_R,,LAL113,LAL113,cb_intrinsic,,R,,,gaba,gaba,0.8081274823856189,-1,2,2,False,False,False
1793,16494,CB4248,CB4175_R,Cachero 2010: aIP-a,CB4248,,cb_intrinsic,,R,,fru_high,gaba,gaba,0.8342623449867109,-1,2,2,False,False,False
1794,16500,AN05B097,AN05B097_L,,AN_multi_88,,ascending_neuron,,L,,,acetylcholine,acetylcholine,0.9631049242228799,1,2,2,False,False,False
1795,16504,PVLP034,PVLP034_R,Cachero 2010: aIP-a,CB3652,PVLP034,cb_intrinsic,,R,,fru_high,gaba,gaba,0.8569840656145604,-1,2,2,False,False,False
1796,16505,AN05B102d,AN05B102d_R,,AN_multi_69,,ascending_neuron,,R,potentially sexually dimorphic,,acetylcholine,acetylcholine,0.9587805261191534,1,2,2,False,False,False
1797,16506,AN04B023,AN04B023(16506)_R,,AN_SPS_IPS_3,,ascending_neuron,,R,,,acetylcholine,acetylcholine,0.9659501840976308,1,2,2,False,False,False
1798,16510,AN09B009,AN09B009_R,,AN_GNG_SAD_2,,ascending_neuron,,R,,,acetylcholine,acetylcholine,0.9613451466476828,1,2,2,False,False,False
1799,16519,GNG218,GNG218_R,,CB0775,,cb_intrinsic,,R,,,acetylcholine,acetylcholine,0.6694250491472877,1,2,2,False,False,False
1800,16527,PLP075,PLP075_L,,PLP075,PLP075,cb_intrinsic,,L,,,gaba,gaba,0.7445459486702313,-1,2,2,False,False,False
1801,16529,PS217,PS217_L,,PS217,PS217,cb_intrinsic,,L,,,acetylcholine,acetylcholine,0.9310746773031,1,2,2,False,False,False
1802,16530,SAD044,SAD044_L,,SAD044,SAD044,cb_intrinsic,,L,,,acetylcholine,acetylcholine,0.9564171848820495,1,2,2,False,False,False
1803,16531,VES200m,VES200m_R,Cachero 2010: aSP-b; Yu 2010: aSP1,,,cb_intrinsic,,R,potentially male-specific,fru_high,glutamate,glutamate,0.7783251522282667,-1,2,2,False,False,False
1804,16534,AVLP417,AVLP417(AVLP438)_L,,"AVLP417,AVLP438","AVLP417,AVLP438",cb_intrinsic,,L,,,acetylcholine,acetylcholine,0.9629903157103744,1,2,2,False,False,False
1805,16535,AN09B017c,AN09B017c_R,,,,ascending_neuron,,R,male-specific,fru_high,glutamate,acetylcholine,0.9414597824765467,-1,2,2,False,False,False
1806,16541,ICL008m,ICL008m_L,Cachero 2010: aSP-k; Yu 2010: aSP8,,,cb_intrinsic,,L,male-specific,fru_high,gaba,gaba,0.7365128732190747,-1,3,1,False,False,False
1807,16542,AN19A018,AN19A018_R,Sapkal 2024: BRK,AN_GNG_54,,ascending_neuron,,R,,,acetylcholine,acetylcholine,0.9656589269162684,1,2,1,False,False,False
1808,16548,mAL_m2b,mAL_m2b_L,Cachero 2010: aDT-b; Yu 2010: aDT2,,,cb_intrinsic,,L,male-specific,fru_high,gaba,gaba,0.5981139843821422,-1,3,1,False,False,False
1809,16550,aIPg2,aIPg2_R,Cachero 2010: aIP-g; Yu 2010: pIP6,"CB2204,CB1127",aIPg2,cb_intrinsic,,R,sexually dimorphic,fru_high,acetylcholine,acetylcholine,0.9651018904223722,1,2,2,False,False,False
1810,16559,vpoEN,vpoEN_R,Cachero 2010: aIP-g; Yu 2010: pIP6,vpoEN,vpoEN,cb_intrinsic,,R,,fru_high,acetylcholine,acetylcholine,0.9639242308484921,1,2,2,False,False,False
1811,16563,AN19B028,AN19B028_R,,AN_multi_7,,ascending_neuron,,R,,,acetylcholine,acetylcholine,0.966812566811777,1,2,2,False,False,False
1812,16568,WED207,WED207_L,,CB3486,,cb_intrinsic,,L,,,gaba,gaba,0.758783253317989,-1,1,3,False,False,False
1813,16571,LAL054,LAL054_R,,LAL054,LAL054,cb_intrinsic,,R,,,glutamate,glutamate,0.8510845753866795,-1,2,2,False,False,False
1814,16575,AVLP300_a,AVLP300_a_R,Cachero 2010: aIP-b,AVLP300_a,AVLP300_a,cb_intrinsic,,R,,fru_low,acetylcholine,acetylcholine,0.916061626400184,1,2,2,False,False,False
1815,16583,AVLP294,AVLP294_R,,AVLP294,AVLP294,cb_intrinsic,,R,,,acetylcholine,acetylcholine,0.9497229542199143,1,2,2,False,False,False
1816,16593,ANXXX002,ANXXX002_R,,AN_GNG_19,,ascending_neuron,,R,,,gaba,gaba,0.8932603202579837,-1,2,2,False,False,False
1817,16595,GNG184,GNG184_R,,CB0806,,cb_intrinsic,,R,,,gaba,gaba,0.8281881099004094,-1,2,2,False,False,False
1818,16603,CB4176,CB4176_L,Cachero 2010: aIP-a,CB4176,,cb_intrinsic,,L,,fru_low,gaba,gaba,0.8804268095065714,-1,1,2,False,False,False
1819,16615,AVLP390,AVLP390_R,,AVLP390,AVLP390,cb_intrinsic,,R,,,acetylcholine,acetylcholine,0.9307402416208536,1,2,2,False,False,False
1820,16616,AN19B025,AN19B025_L,,AN_GNG_4,,ascending_neuron,,L,,,acetylcholine,acetylcholine,0.9699699394991219,1,2,2,False,False,False
1821,16628,LC4,LC4_R,,LC4,LC4,visual_projection,,R,,,acetylcholine,acetylcholine,0.9614202036385276,1,2,2,False,False,False
1822,16644,CB2824,CB2824_R,,CB2824,,cb_intrinsic,,R,,,gaba,gaba,0.8619770718041467,-1,2,2,False,False,False
1823,16647,AVLP363,AVLP363_R,,AVLP363,AVLP363,cb_intrinsic,,R,,,acetylcholine,acetylcholine,0.9589256787687089,1,2,2,False,False,False
1824,16650,AVLP706m,AVLP706m_L,Cachero 2010: pIP-e; Yu 2010: pIP5,,,cb_intrinsic,,L,male-specific,fru_high,acetylcholine,acetylcholine,0.9367665695685632,1,1,2,False,False,False
1825,16651,M_vPNml63,M_vPNml63_L,Cachero 2010: aDT-f,M_vPNml63,M_vPNml63,cb_intrinsic,ALPN,L,,fru_low,gaba,gaba,0.7931836374522119,-1,2,2,False,False,False
1826,16656,,,,,,cb_intrinsic,,L,,,acetylcholine,acetylcholine,0.841395358563532,1,2,2,False,False,False
1827,16657,CB4176,CB4176_R,Cachero 2010: aIP-a,CB4176,,cb_intrinsic,,R,,fru_low,gaba,gaba,0.8757352864316337,-1,2,2,False,False,False
1828,16659,PVLP011,PVLP011_R,,PVLP011,PVLP011,cb_intrinsic,,R,,,gaba,gaba,0.8404627793236956,-1,2,2,False,False,False
1829,16667,CB2789,CB2789_R,,CB2789,,cb_intrinsic,,R,,,acetylcholine,acetylcholine,0.9637758193027995,1,1,2,False,False,False
1830,16671,VES022,VES022_R,Cachero 2010: aDT-g; Yu 2010: aDT5,VES022,VES022,cb_intrinsic,,R,sexually dimorphic,fru_high,gaba,gaba,0.8102938983151561,-1,2,2,False,False,False
1831,16672,AN17B008,AN17B008_R,,AN_AVLP_SAD_2,,ascending_neuron,,R,,,gaba,gaba,0.8673744749252356,-1,2,2,False,False,False
1832,16675,AN08B112,AN08B112_L,,AN_GNG_164,,ascending_neuron,,L,,,acetylcholine,acetylcholine,0.9096780933333405,1,2,2,False,False,False
1833,16710,VES203m,VES203m_R,"Lee 2002, Rideout 2010: pC2; Robinett 2010, Nojima 2021: pC2m",,,cb_intrinsic,,R,male-specific,dsx_high,acetylcholine,acetylcholine,0.9510095600029502,1,2,1,False,False,False
1834,16713,AMMC035,AMMC035_R,,CB1427,,cb_intrinsic,,R,,,gaba,gaba,0.8376366196518941,-1,1,3,False,False,False
1835,16716,CL131,CL131_R,,CL131,CL131,cb_intrinsic,,R,,,acetylcholine,acetylcholine,0.959971831809991,1,2,2,False,False,False
1836,16719,pC1_4b,pC1_4b_R,"Lee 2002, Rideout 2010, Nojima 2021: pC1",,,cb_intrinsic,,R,male-specific,dsx_high,acetylcholine,acetylcholine,0.9685939922564918,1,2,2,False,True,False
1837,16721,AVLP268,AVLP268_L,,AVLP268,AVLP268,cb_intrinsic,,L,,,acetylcholine,acetylcholine,0.8067287378273853,1,2,2,False,False,False
1838,16723,CB3201,CB3201_R,,CB3201,,cb_intrinsic,,R,,,acetylcholine,acetylcholine,0.952702222177202,1,2,2,False,False,False
1839,16725,VES098,VES098_L,,CB1941,,cb_intrinsic,,L,,,gaba,gaba,0.8425264614939866,-1,2,2,False,False,False
1840,16738,mAL_m7,mAL_m7_R,Cachero 2010: aDT-b; Yu 2010: aDT2,,,cb_intrinsic,,R,male-specific,fru_high,gaba,gaba,0.5951091665519319,-1,2,1,False,False,False
1841,16740,LH004m,LH004m_R,Ruta 2010: LC1; fru-M-500251,,,cb_intrinsic,,R,male-specific,fru_high,gaba,gaba,0.5237741986164904,-1,2,1,False,False,False
1842,16744,AVLP737m,AVLP737m_L,Cachero 2010: pIP-e; Yu 2010: pIP5; Nojima 2021: pC2l,,,cb_intrinsic,,L,male-specific,coexpress_high,acetylcholine,acetylcholine,0.9470387511525925,1,2,2,False,False,False
1843,16745,LT77,LT77_L,,LT77,LT77,visual_projection,,L,,,glutamate,glutamate,0.7668212732913684,-1,2,2,False,False,False
1844,16746,DNge064,DNge064_L,,DNge064,,descending_neuron,,L,,,glutamate,glutamate,0.8333448864477135,-1,2,2,False,False,False
1845,16762,,,,,,cb_intrinsic,,R,,,acetylcholine,acetylcholine,0.9683012508151565,1,2,2,False,False,False
1846,16766,PS333,PS333_R,,CB3372,,cb_intrinsic,,R,,,acetylcholine,acetylcholine,0.9594407491468081,1,2,2,False,False,False
1847,16767,AVLP718m,AVLP718m_R,Cachero 2010: pIP-e; Yu 2010: pIP5; Nojima 2021: pC2l,,,cb_intrinsic,,R,male-specific,coexpress_high,acetylcholine,acetylcholine,0.965823849740847,1,2,1,False,False,False
1848,16783,AVLP268,AVLP268_R,,AVLP268,AVLP268,cb_intrinsic,,R,,,acetylcholine,acetylcholine,0.7740345266729305,1,2,2,False,False,False
1849,16789,aIPg10,aIPg10_R,Cachero 2010: aIP-g; Yu 2010: pIP6,"CB3125,CB3166","SMP575,SMP576",cb_intrinsic,,R,sexually dimorphic,fru_high,acetylcholine,acetylcholine,0.9020356950388771,1,3,1,False,False,False
1850,16803,CB0405,CB0405_L,Cachero 2010: pMP-b; Yu 2010: pMP5; Rideout 2010: pC3; Zhou 2014: pCd; Nojima 2021: pCd-2,CB0405,,cb_intrinsic,,L,,coexpress_high,gaba,gaba,0.7721742640943641,-1,3,1,False,False,False
1851,16805,AVLP761m,AVLP761m_R,Cachero 2010: aSP-k; Yu 2010: aSP8; Zhou 2015: vPN1,,,cb_intrinsic,,R,male-specific,fru_high,gaba,gaba,0.7731761235079788,-1,2,1,False,True,False
1852,16807,PVLP214m,PVLP214m_L,Cachero 2010: pIP-e; Yu 2010: pIP5,,,cb_intrinsic,,L,male-specific,fru_low,acetylcholine,acetylcholine,0.9544282441989623,1,2,2,False,False,False
1853,16809,LC4,LC4_L,,LC4,LC4,visual_projection,,L,,,acetylcholine,acetylcholine,0.9661320748283181,1,2,2,False,False,False
1854,16814,CB2682,CB2682_L,,CB2682,,cb_intrinsic,,L,,,acetylcholine,acetylcholine,0.9622367320430436,1,2,2,False,False,False
1855,16815,GNG343,GNG343_R,,CB3904,,cb_intrinsic,,M,,,gaba,gaba,0.8539969903561392,-1,1,2,False,False,False
1856,16855,CB1932,CB1932_R,,CB1932,,cb_intrinsic,,R,,,acetylcholine,acetylcholine,0.9665152447000738,1,2,2,False,False,False
1857,16857,SIP116m,SIP116m_R,Cachero 2010: aSP-a; Yu 2010: aSP2,,,cb_intrinsic,,R,male-specific,fru_high,glutamate,glutamate,0.7809499825335428,-1,2,1,False,False,False
1858,16868,AN17A002,AN17A002_L,,AN_GNG_SAD_12,,ascending_neuron,,L,,,acetylcholine,acetylcholine,0.9371315045019202,1,2,2,False,False,False
1859,16874,AVLP728m,AVLP728m_R,Cachero 2010: aIP-b,,,cb_intrinsic,,R,male-specific,fru_high,acetylcholine,acetylcholine,0.9477999192918439,1,2,2,False,False,False
1860,16882,mAL_m4,mAL_m4_R,Cachero 2010: aDT-b; Yu 2010: aDT2,,,cb_intrinsic,,R,male-specific,fru_high,gaba,gaba,0.6602662910401231,-1,2,2,False,False,False
1861,16887,AVLP259,AVLP259_R,,AVLP259,AVLP259,cb_intrinsic,,R,,,acetylcholine,acetylcholine,0.9678127601507327,1,2,2,False,False,False
1862,16888,AVLP719m,AVLP719m_R,Cachero 2010: aIP-c; Yu 2010: aIP1/aIP4/aSP10,,,cb_intrinsic,,R,male-specific,fru_high,acetylcholine,acetylcholine,0.946726151502212,1,2,1,False,False,False
1863,16889,CB4182,CB4182_R,,CB4182,,cb_intrinsic,,R,,,acetylcholine,acetylcholine,0.9571334935681859,1,1,3,False,False,False
1864,16893,AN10B026,AN10B026_L,,,,ascending_neuron,,L,potentially male-specific,,acetylcholine,acetylcholine,0.9229051455346725,1,2,2,False,False,False
1865,16899,AMMC024,AMMC024_L,,CB1038a,,cb_intrinsic,,L,,,gaba,gaba,0.8469891671059907,-1,1,3,False,False,False
1866,16904,AVLP259,AVLP259_L,,AVLP259,AVLP259,cb_intrinsic,,L,,,acetylcholine,acetylcholine,0.9648908114505886,1,2,2,False,False,False
1867,16925,AVLP108,AVLP108_L,,AVLP108,AVLP108,cb_intrinsic,,L,,,acetylcholine,acetylcholine,0.9398798793431005,1,2,2,False,False,False
1868,16927,PVLP085,PVLP085_R,,CB1340,PVLP085,cb_intrinsic,,R,,,acetylcholine,acetylcholine,0.958119957092418,1,2,2,False,False,False
1869,16930,CB3513,CB3513_R,,CB3513,,cb_intrinsic,,R,,,gaba,gaba,0.821131473605204,-1,2,2,False,False,False
1870,16931,SAD073,SAD073_R,,CB3707,SAD073,cb_intrinsic,,R,,,gaba,gaba,0.8019707265629017,-1,2,2,False,False,False
1871,16933,aIPg5,aIPg5_L,Cachero 2010: aIP-g; Yu 2010: pIP6,"CB2668,CB3349",SMP557,cb_intrinsic,,L,sexually dimorphic,fru_high,acetylcholine,acetylcholine,0.8197429791203523,1,3,1,False,False,False
1872,16937,GNG543,GNG543_R,,CB0239,,cb_intrinsic,,R,,,acetylcholine,acetylcholine,0.9245536680052232,1,2,2,False,False,False
1873,16942,DNge098,DNge098_R,,DNge098,,descending_neuron,,R,potentially sexually dimorphic,,gaba,gaba,0.8802360784071935,-1,2,2,False,False,False
1874,16957,AN09B004,AN09B004_b_R,,AN_AVLP_GNG_11,,ascending_neuron,,R,,,acetylcholine,acetylcholine,0.9573637791233274,1,2,2,False,False,False
1875,16958,CB4248,CB4176_R,Cachero 2010: aIP-a,CB4248,,cb_intrinsic,,R,,fru_low,gaba,gaba,0.866916586318399,-1,2,2,False,False,False
1876,16961,aIPg10,aIPg10_L,Cachero 2010: aIP-g; Yu 2010: pIP6,"CB3125,CB3166","SMP575,SMP576",cb_intrinsic,,L,sexually dimorphic,fru_high,acetylcholine,acetylcholine,0.9390469138874783,1,3,1,False,False,False
1877,16963,AVLP709m,AVLP709m_L,"Kimura 2008, Kohatsu 2010: P2b; Cachero 2010: pIP-a; Yu 2010: pIP1",,,cb_intrinsic,,L,male-specific,fru_high,acetylcholine,acetylcholine,0.9641425024263675,1,3,1,False,False,False
1878,16972,CB0046,CB0046_R,,CB0046,,cb_intrinsic,,R,,,gaba,gaba,0.8630255268522087,-1,2,2,False,False,False
1879,16983,AN17B016,AN17B016_L,,AN_AVLP_8,,ascending_neuron,,L,,,gaba,gaba,0.8506786733815959,-1,1,3,False,False,False
1880,16985,aIPg2,aIPg2_L,Cachero 2010: aIP-g; Yu 2010: pIP6,"CB2204,CB1127",aIPg2,cb_intrinsic,,L,sexually dimorphic,fru_high,acetylcholine,acetylcholine,0.9244758891268432,1,2,2,False,False,False
1881,16995,AVLP166,AVLP166_R,,CB2777,AVLP166,cb_intrinsic,,R,,,acetylcholine,acetylcholine,0.9572512108750683,1,2,2,False,False,False
1882,16997,AVLP104,AVLP104_R,,CB2256,AVLP104,cb_intrinsic,,R,,,acetylcholine,acetylcholine,0.9053007721382519,1,2,2,False,False,False
1883,17004,LoVP50,LoVP50_R,,"LT53,PLP098",PLP098,visual_projection,,R,,,acetylcholine,acetylcholine,0.9472160588185807,1,2,2,False,False,False
1884,17008,PVLP034,PVLP034_R,Cachero 2010: aIP-a,CB2278,PVLP034,cb_intrinsic,,R,,fru_high,gaba,gaba,0.8696988836752183,-1,2,2,False,False,False
1885,17012,CB0440,CB0440_L,,CB0440,,cb_intrinsic,,L,,,acetylcholine,acetylcholine,0.9628457213318559,1,2,2,False,False,False
1886,17022,CB3692,CB3692_L,,CB3692,,cb_intrinsic,,L,,,acetylcholine,acetylcholine,0.9456829547004404,1,1,2,False,False,False
1887,17036,AVLP109,AVLP109_R,,AVLP109,AVLP109,cb_intrinsic,,R,,,acetylcholine,acetylcholine,0.9565721327638288,1,2,2,False,False,False
1888,17037,MeVP17,MeVP17_R,,MTe08,,visual_projection,,R,,,glutamate,glutamate,0.7205241564898397,-1,2,2,False,False,False
1889,17038,PVLP108,PVLP108_L,,PVLP108,PVLP108,cb_intrinsic,,L,,fru_low,acetylcholine,acetylcholine,0.9634970766262584,1,2,2,False,False,False
1890,17039,MeVP17,MeVP17_R,,MTe08,,visual_projection,,R,,,glutamate,glutamate,0.7580111486157225,-1,2,2,False,False,False
1891,17048,AVLP338,AVLP338_L,Cachero 2010: aIP-g; Yu 2010: pIP6,CB3382,AVLP338,cb_intrinsic,,L,,fru_low,acetylcholine,acetylcholine,0.953698003614112,1,2,2,False,False,False
1892,17054,LC4,LC4_R,,LC4,LC4,visual_projection,,R,,,acetylcholine,acetylcholine,0.961956356236583,1,2,2,False,False,False
1893,17063,GNG340,GNG340_M,,CB3905,,cb_intrinsic,,M,,,gaba,gaba,0.8646505930777593,-1,2,2,False,False,False
1894,17064,CB3364,CB3364_L,,CB3364,,cb_intrinsic,,L,,,acetylcholine,acetylcholine,0.965843073879928,1,1,2,False,False,False
1895,17065,CB3513,CB3513_R,,CB3513,,cb_intrinsic,,R,,,gaba,gaba,0.8516045935393561,-1,2,2,False,False,False
1896,17067,GNG554,GNG554_R,,CB0200,,cb_intrinsic,,R,,,glutamate,glutamate,0.7801086836065526,-1,2,2,False,False,False
1897,17069,AVLP702m,AVLP702m_R,"Lee 2002, Rideout 2010: pC2; Robinett 2010, Nojima 2021: pC2m",,,cb_intrinsic,,R,male-specific,dsx_high,acetylcholine,acetylcholine,0.9633049953839727,1,2,1,False,False,False
1898,17082,LAL192,LAL192_L,,LAL192,LAL192,cb_intrinsic,,L,,,acetylcholine,acetylcholine,0.926476997915235,1,2,2,False,False,False
1899,17088,AVLP402,AVLP402_R,,AVLP402,AVLP402,cb_intrinsic,,R,,,acetylcholine,acetylcholine,0.9306365562132841,1,2,2,False,False,False
1900,17089,pC1_12b,pC1_12b_R,"Lee 2002, Rideout 2010, Nojima 2021: pC1",,,cb_intrinsic,,R,male-specific,dsx_high,acetylcholine,acetylcholine,0.965465533522768,1,2,2,False,True,False
1901,17093,DNg45,DNg45_L,,DNg45,,descending_neuron,,L,,,acetylcholine,acetylcholine,0.9594314933729295,1,2,2,False,False,False
1902,17094,AN09B023,AN09B023(17094)_R,,AN_multi_68,,ascending_neuron,,R,,,acetylcholine,acetylcholine,0.9305071018127435,1,2,2,False,False,False
1903,17097,AN06B007,AN06B007_R,,AN_multi_100,,ascending_neuron,,R,,,gaba,gaba,0.8686533551466821,-1,2,2,False,False,False
1904,17098,pC1_6a,pC1_6a_L,Cachero 2010: pMP-e; Yu 2010: pMP4,,,cb_intrinsic,,L,male-specific,coexpress_low,acetylcholine,acetylcholine,0.9386559029909554,1,2,1,False,True,False
1905,17112,mAL_m5a,mAL_m5a_R,Cachero 2010: aDT-b; Yu 2010: aDT2,,,cb_intrinsic,,R,male-specific,fru_high,gaba,gaba,0.7199466388274133,-1,2,1,False,False,False
1906,17126,AVLP733m,AVLP733m_R,Cachero 2010: aIP-c; Yu 2010: aIP1/aIP4/aSP10,,,cb_intrinsic,,R,male-specific,fru_high,acetylcholine,acetylcholine,0.9631566274369715,1,2,2,False,False,False
1907,17128,aIPg2,aIPg2_R,Cachero 2010: aIP-g; Yu 2010: pIP6,"CB2204,CB1127",aIPg2,cb_intrinsic,,R,sexually dimorphic,fru_high,acetylcholine,acetylcholine,0.9439917468101073,1,2,2,False,False,False
1908,17140,GNG589,GNG589_R,,CB0036,,cb_intrinsic,,R,,,glutamate,glutamate,0.6834951688017288,-1,2,2,False,False,False
1909,17142,CB0670,CB0670_L,,CB0670,,cb_intrinsic,,L,,,acetylcholine,acetylcholine,0.9676449861877077,1,2,2,False,False,False
1910,17144,CL038,CL038_R,,CL038,CL038,cb_intrinsic,,R,,,glutamate,glutamate,0.7641994607716569,-1,2,2,False,False,False
1911,17153,CB2281,CB2281_R,,CB2281,,cb_intrinsic,,R,,,acetylcholine,acetylcholine,0.9499108085616091,1,2,2,False,False,False
1912,17158,AN05B099,AN05B099_R,,AN_AVLP_GNG_9,,ascending_neuron,,R,,,acetylcholine,acetylcholine,0.933069376850589,1,2,2,False,False,False
1913,17168,CB3710,CB3710_L,,CB3710,,cb_intrinsic,,L,,,acetylcholine,acetylcholine,0.9644518060770075,1,1,3,False,False,False
1914,17173,PS312,PS312(hb1405991898)_L,,CB2237,(hb1405991898),cb_intrinsic,,L,,,glutamate,glutamate,0.73088946198495,-1,2,2,False,False,False
1915,17184,AVLP380,AVLP380_R,,AVLP380,AVLP380,cb_intrinsic,,R,,,acetylcholine,acetylcholine,0.9610619241725012,1,2,2,False,False,False
1916,17192,aIPg_m1,aIPg_m1_R,Cachero 2010: aIP-g; Yu 2010: pIP6,,,cb_intrinsic,,R,male-specific,fru_high,acetylcholine,acetylcholine,0.9530026795598744,1,3,1,False,False,False
1917,17193,AVLP737m,AVLP737m_R,Cachero 2010: pIP-e; Yu 2010: pIP5; Nojima 2021: pC2l,,,cb_intrinsic,,R,male-specific,coexpress_high,acetylcholine,acetylcholine,0.9610663060267014,1,2,2,False,False,False
1918,17197,SAD040,SAD040_L,,SAD040,SAD040,cb_intrinsic,,L,,,acetylcholine,acetylcholine,0.8507025987967274,1,2,2,False,False,False
1919,17198,DNge035,DNge035_R,,DNge035,,descending_neuron,,R,,,acetylcholine,acetylcholine,0.9363000870200054,1,2,2,False,False,False
1920,17200,AVLP390,AVLP390_L,,AVLP390,AVLP390,cb_intrinsic,,L,,,acetylcholine,acetylcholine,0.9085461620131603,1,2,2,False,False,False
1921,17212,AVLP108,AVLP108_R,,AVLP108,AVLP108,cb_intrinsic,,R,,,acetylcholine,acetylcholine,0.9382492284896806,1,2,2,False,False,False
1922,17215,AVLP299_a,AVLP299_a_R,Cachero 2010: aIP-b,AVLP299_a,AVLP299_a,cb_intrinsic,,R,sexually dimorphic,fru_high,acetylcholine,acetylcholine,0.9190180460265158,1,2,2,False,False,False
1923,17221,CB0763,CB0763_L,,CB0763,,cb_intrinsic,,L,,,acetylcholine,acetylcholine,0.9406761954313163,1,2,2,False,False,False
1924,17228,WED081,WED081_L,,WED081,WED081,cb_intrinsic,,L,,,gaba,gaba,0.7417369041219414,-1,2,2,False,False,False
1925,17231,AN08B027,AN08B027_R,,AN_multi_59,,ascending_neuron,,R,,,acetylcholine,acetylcholine,0.9609116815942572,1,2,2,False,False,False
1926,17234,SAD021_a,SAD021_a_R,,SAD021_a,SAD021_a,cb_intrinsic,,R,,,gaba,gaba,0.7715098451997942,-1,2,2,False,False,False
1927,17237,CB2676,CB2676_R,Cachero 2010: aIP-a,CB2676,,cb_intrinsic,,R,,fru_high,gaba,gaba,0.798142124589724,-1,2,2,False,False,False
1928,17251,mAL_m8,mAL_m8_L,Cachero 2010: aDT-b; Yu 2010: aDT2,,,cb_intrinsic,,L,male-specific,fru_high,gaba,gaba,0.6336790730905513,-1,2,2,False,False,False
1929,17253,AN09B007,AN09B007_R,,AN_multi_22,,ascending_neuron,,R,,,acetylcholine,acetylcholine,0.9203635835396744,1,2,2,False,False,False
1930,17257,AVLP600,AVLP600(hb1481548230)_R,,CB3514,(hb1481548230),cb_intrinsic,,R,,,acetylcholine,acetylcholine,0.9384138703399351,1,2,2,False,False,False
1931,17266,LC4,LC4_R,,LC4,LC4,visual_projection,,R,,,acetylcholine,acetylcholine,0.9705763343828453,1,2,2,False,False,False
1932,17278,SAD099,SAD099_M,Cachero 2010: pSG-d; Vaughan 2014: aLN(m); Baker 2022: WV-WV,CB4045,,cb_intrinsic,,M,,fru_high,gaba,gaba,0.8257178020571265,-1,1,3,False,False,False
1933,17284,,,,"CB1378,CB3114",,cb_intrinsic,,R,,,acetylcholine,acetylcholine,0.9603016889260265,1,2,2,False,False,False
1934,17295,MeVP17,MeVP17_R,,MTe08,,visual_projection,,R,,,glutamate,glutamate,0.7507902976033248,-1,2,2,False,False,False
1935,17300,PLP262,PLP262_R,,CB0654,,cb_intrinsic,,R,,,acetylcholine,acetylcholine,0.8913409005093499,1,2,2,False,False,False
1936,17322,AN27X016,AN27X016_R,,AN_multi_75,,ascending_neuron,,R,,,glutamate,glutamate,0.6708421030806954,-1,2,2,False,False,False
1937,17337,AVLP761m,AVLP761m_R,Cachero 2010: aSP-k; Yu 2010: aSP8; Zhou 2015: vPN1,,,cb_intrinsic,,R,male-specific,fru_high,gaba,gaba,0.760572669411378,-1,2,1,False,True,False
1938,17348,,15141_R,,"CB1045,CB1588",,cb_intrinsic,,R,,,acetylcholine,acetylcholine,0.9553106534372834,1,2,2,False,False,False
1939,17349,SIP108m,SIP108m_R,Cachero 2010: pIP-e; Yu 2010: pIP5,,,cb_intrinsic,,R,male-specific,fru_high,acetylcholine,acetylcholine,0.9490399579507988,1,2,1,False,False,False
1940,17356,CB1883,CB1883_R,,CB1883,,cb_intrinsic,,R,,fru_low,acetylcholine,acetylcholine,0.9687814443907281,1,2,2,False,False,False
1941,17357,CB0956,CB0956_L,,CB0956,,cb_intrinsic,,L,,,acetylcholine,acetylcholine,0.9568427294989239,1,2,2,False,False,False
1942,17361,AN10B021,AN10B021_L,,AN_IPS_GNG_7,,ascending_neuron,,L,,,acetylcholine,acetylcholine,0.9733979724012389,1,2,2,False,False,False
1943,17364,LC4,LC4_R,,LC4,LC4,visual_projection,,R,,,acetylcholine,acetylcholine,0.9531211457336789,1,2,2,False,False,False
1944,17366,CB2789,CB2789_R,,CB2789,,cb_intrinsic,,R,,,acetylcholine,acetylcholine,0.9570355066785446,1,1,2,False,False,False
1945,17373,DNg58,DNg58_L,,DNg58,,descending_neuron,,L,,,acetylcholine,acetylcholine,0.9659647504720839,1,2,2,False,False,False
1946,17375,SAD064,SAD064_L,,SAD064,SAD064,cb_intrinsic,,L,,,acetylcholine,acetylcholine,0.9314365333352186,1,1,3,False,False,False
1947,17380,CL288,CL288_L,fru-M-300067,CL288,CL288,cb_intrinsic,,L,,fru_low,gaba,gaba,0.8190360113002568,-1,2,2,False,False,False
1948,17382,AN06B034,AN06B034_L,,AN_multi_50,,ascending_neuron,,L,,,gaba,gaba,0.8337256154010751,-1,2,2,False,False,False
1949,17388,PVLP034,PVLP034_L,Cachero 2010: aIP-a,CB2278,PVLP034,cb_intrinsic,,L,,fru_high,gaba,gaba,0.8540820845368707,-1,2,2,False,False,False
1950,17389,CL021,CL021_L,,CL021,CL021,cb_intrinsic,,L,,,acetylcholine,acetylcholine,0.8840055736063889,1,2,2,False,False,False
1951,17404,AVLP202,AVLP202_R,,AVLP202,AVLP202,cb_intrinsic,,R,,,gaba,gaba,0.7483107150626099,-1,2,2,False,False,False
1952,17410,PLP123,PLP123_L,,PLP123,PLP123,cb_intrinsic,,L,,,acetylcholine,acetylcholine,0.9361791459273371,1,2,2,False,False,False
1953,17414,WED063_b,WED063_b_L,,"CB2108,CB2449",WED063_b,cb_intrinsic,,L,,,acetylcholine,acetylcholine,0.9651665041342758,1,2,2,False,False,False
1954,17417,CB0391,CB0391_L,,CB0391,,cb_intrinsic,,L,,,acetylcholine,acetylcholine,0.9557515254874975,1,2,2,False,False,False
1955,17420,LAL127,LAL127_R,,LAL127,LAL127,cb_intrinsic,,R,,,gaba,gaba,0.6945661751716612,-1,2,2,False,False,False
1956,17426,PVLP123,PVLP123_R,,PVLP123a,PVLP123,cb_intrinsic,,R,,,acetylcholine,acetylcholine,0.9548412916843606,1,2,2,False,False,False
1957,17433,CB3104,CB3104_L,,CB3104,,cb_intrinsic,,L,,,acetylcholine,acetylcholine,0.9419766852265272,1,2,2,False,False,False
1958,17434,pC1_10c,pC1_10c_R,"Lee 2002, Rideout 2010, Nojima 2021: pC1",,,cb_intrinsic,,R,male-specific,dsx_high,acetylcholine,acetylcholine,0.9357667245174227,1,2,2,False,True,False
1959,17436,AOTU015,AOTU015_R,Cachero 2010: aSP-d; Yu 2010: aSP13,AOTU015,AOTU015,cb_intrinsic,,R,,fru_low,acetylcholine,acetylcholine,0.9648543644828541,1,2,2,False,False,False
1960,17441,VES203m,VES203m_L,"Lee 2002, Rideout 2010: pC2; Robinett 2010, Nojima 2021: pC2m",,,cb_intrinsic,,L,male-specific,dsx_high,acetylcholine,acetylcholine,0.936173283750929,1,2,1,False,False,False
1961,17451,CL067,CL067_R,,CL067,CL067,cb_intrinsic,,R,,,acetylcholine,acetylcholine,0.9609633000386517,1,2,2,False,False,False
1962,17452,AN17A012,AN17A012_L,,AN_multi_90,,ascending_neuron,,L,,,acetylcholine,acetylcholine,0.955406450375617,1,2,2,False,False,False
1963,17461,AOTU015,AOTU015_R,Cachero 2010: aSP-d; Yu 2010: aSP13,AOTU015,AOTU015,cb_intrinsic,,R,,fru_low,acetylcholine,acetylcholine,0.9707506049737396,1,2,2,False,False,False
1964,17469,AVLP711m,AVLP711m_R,Cachero 2010: pIP-e; Yu 2010: pIP5,,,cb_intrinsic,,R,male-specific,fru_high,acetylcholine,acetylcholine,0.9656899183837324,1,3,1,False,False,False
1965,17470,vpoEN,vpoEN_L,Cachero 2010: aIP-g; Yu 2010: pIP6,vpoEN,vpoEN,cb_intrinsic,,L,,fru_high,acetylcholine,acetylcholine,0.9551254802503544,1,2,2,False,False,False
1966,17478,LC4,LC4_L,,LC4,LC4,visual_projection,,L,,,acetylcholine,acetylcholine,0.9728713899636966,1,2,2,False,False,False
1967,17487,AVLP743m,AVLP743m_L,Ruta 2010: LC1,,,cb_intrinsic,,L,male-specific,fru_low,unclear,unclear,0.4854536672570486,0,2,2,False,False,False
1968,17492,AN05B023d,AN05B023d_L,,AN_AVLP_GNG_10,,ascending_neuron,,L,,,gaba,gaba,0.8658881746939302,-1,2,2,False,False,False
1969,17493,,CB4116_L,,"CB1196,CB1986",,cb_intrinsic,,L,,,acetylcholine,acetylcholine,0.9525707574086331,1,2,2,False,False,False
1970,17499,AVLP511,AVLP511_R,,CB3390,AVLP511,cb_intrinsic,,R,,,acetylcholine,acetylcholine,0.9668251391869437,1,2,2,False,False,False
1971,17503,ANXXX093,ANXXX093_L,,AN_AVLP_21,,ascending_neuron,,L,,,acetylcholine,acetylcholine,0.9427808896236456,1,2,2,False,False,False
1972,17507,CL100,CL100_L,,CL100,CL100,cb_intrinsic,,L,,,acetylcholine,acetylcholine,0.9572743691939211,1,2,2,False,False,False
1973,17510,AN19A018,AN19A018_L,Sapkal 2024: BRK,AN_GNG_54,,ascending_neuron,,L,,,acetylcholine,acetylcholine,0.9692977090902172,1,3,1,False,False,False
1974,17513,AN05B009,AN05B009_R,,AN_GNG_65,,ascending_neuron,,R,,,gaba,gaba,0.8791875299353515,-1,2,2,False,False,False
1975,17517,AVLP722m,AVLP722m_L,Cachero 2010: aIP-c; Yu 2010: aIP1/aIP4/aSP10,,,cb_intrinsic,,L,male-specific,fru_high,acetylcholine,acetylcholine,0.9623010953163962,1,2,2,False,False,False
1976,17522,AN18B001,AN18B001_L,,AN_GNG_SAD_16,,ascending_neuron,,L,,,acetylcholine,acetylcholine,0.9687728831062098,1,2,1,False,False,False
1977,17527,CB0956,CB0956_R,,CB0956,,cb_intrinsic,,R,,,acetylcholine,acetylcholine,0.9579224355182698,1,2,2,False,False,False
1978,17530,CL123_d,CL123_d_R,Cachero 2010: aDT-d,"CL123,CRE061",CL123,cb_intrinsic,,R,sexually dimorphic,fru_low,acetylcholine,acetylcholine,0.9446628224543052,1,3,1,False,False,False
1979,17531,SAD021_c,SAD021_c_L,,SAD021_c,SAD021_c,cb_intrinsic,,L,,,gaba,gaba,0.7648099354290857,-1,1,2,False,False,False
1980,17542,SAD021_a,SAD021_a_L,,SAD021_a,SAD021_a,cb_intrinsic,,L,,,gaba,gaba,0.791629215888178,-1,1,2,False,False,False
1981,17548,LC4,LC4_R,,LC4,LC4,visual_projection,,R,,,acetylcholine,acetylcholine,0.9587211573373126,1,2,2,False,False,False
1982,17549,AN09B011,AN09B011_R,,AN_multi_20,,ascending_neuron,,R,,,acetylcholine,acetylcholine,0.9653365171998667,1,2,2,False,False,False
1983,17550,aIPg_m1,aIPg_m1_L,Cachero 2010: aIP-g; Yu 2010: pIP6,,,cb_intrinsic,,L,male-specific,fru_high,acetylcholine,acetylcholine,0.9341004691000687,1,3,1,False,False,False
1984,17556,,,,"CB1378,CB3114",,cb_intrinsic,,L,,,acetylcholine,acetylcholine,0.9444120180632112,1,1,2,False,False,False
1985,17558,AVLP124,AVLP124_R,,CB1780,AVLP124,cb_intrinsic,,R,,,acetylcholine,acetylcholine,0.8827098061263764,1,2,2,False,False,False
1986,17562,CB1557,CB1557_R,,CB1557,,cb_intrinsic,,R,,,acetylcholine,acetylcholine,0.9648280667647395,1,2,2,False,False,False
1987,17568,AVLP039,AVLP039_R,,AVLP039,AVLP039,cb_intrinsic,,R,,,acetylcholine,acetylcholine,0.9146364985403701,1,2,2,False,False,False
1988,17575,CL252,CL252_L,,CL252,CL252,cb_intrinsic,,L,,,gaba,gaba,0.7296651648167064,-1,2,2,False,False,False
1989,17584,PVLP123,PVLP123_L,,PVLP123a,PVLP123,cb_intrinsic,,L,,,acetylcholine,acetylcholine,0.9502720604657882,1,1,2,False,False,False
1990,17604,SIP109m,SIP109m_L,Cachero 2010: pIP-e; Yu 2010: pIP5,,,cb_intrinsic,,L,male-specific,fru_high,acetylcholine,acetylcholine,0.9372807956480401,1,2,1,False,False,False
1991,17608,LC4,LC4_L,,LC4,LC4,visual_projection,,L,,,acetylcholine,acetylcholine,0.9516361466954979,1,2,2,False,False,False
1992,17612,PS347_a,PS347_a_L,,CB1331a,,cb_intrinsic,,L,,,glutamate,glutamate,0.7792111136267864,-1,2,2,False,False,False
1993,17616,PVLP123,PVLP123_R,,PVLP123b,PVLP124,cb_intrinsic,,R,,,acetylcholine,acetylcholine,0.9607452371048925,1,2,2,False,False,False
1994,17618,AVLP761m,AVLP761m_L,Cachero 2010: aSP-k; Yu 2010: aSP8; Zhou 2015: vPN1,,,cb_intrinsic,,L,male-specific,fru_high,gaba,gaba,0.7814393712561746,-1,1,2,False,True,False
1995,17628,AN23B001,AN23B001_L,,AN_GNG_SAD_15,,ascending_neuron,,L,,,acetylcholine,acetylcholine,0.9622535247047301,1,2,2,False,False,False
1996,17630,PLP022,PLP022_R,,PLP022,PLP022,cb_intrinsic,,R,,,gaba,gaba,0.7714525520278313,-1,2,2,False,False,False
1997,17633,AVLP706m,AVLP706m_R,Cachero 2010: pIP-e; Yu 2010: pIP5,,,cb_intrinsic,,R,male-specific,fru_high,acetylcholine,acetylcholine,0.9541579734684276,1,2,2,False,False,False
1998,17637,AN08B027,AN08B027_L,,AN_multi_59,,ascending_neuron,,L,,,acetylcholine,acetylcholine,0.9623363299014999,1,2,2,False,False,False
1999,17654,AVLP748m,AVLP748m_R,Cachero 2010: aIP-b,,,cb_intrinsic,,R,potentially male-specific,fru_high,acetylcholine,acetylcholine,0.9500417187555615,1,2,2,False,False,False
2000,17668,LC4,LC4_R,,LC4,LC4,visual_projection,,R,,,acetylcholine,acetylcholine,0.93414647853245,1,2,2,False,False,False
2001,17684,AN17A015,AN17A015_R,,AN_AVLP_GNG_19,,ascending_neuron,,R,,,acetylcholine,acetylcholine,0.9670711408282329,1,2,2,False,False,False
2002,17685,LAL300m,LAL300m_L,"Lee 2002, Rideout 2010: pC2; Robinett 2010, Nojima 2021: pC2m",,,cb_intrinsic,,L,male-specific,dsx_high,acetylcholine,acetylcholine,0.9696983501522178,1,2,2,False,False,False
2003,17689,CB3530,CB3530_R,,CB3530,,cb_intrinsic,,R,,,acetylcholine,acetylcholine,0.8910017603231828,1,2,2,False,False,False
2004,17701,mAL_m2b,mAL_m2b_L,Cachero 2010: aDT-b; Yu 2010: aDT2,,,cb_intrinsic,,L,male-specific,fru_high,gaba,gaba,0.5422959655870611,-1,3,1,False,False,False
2005,17711,PVLP201m_d,PVLP201m_d_R,,,,cb_intrinsic,,R,male-specific,,acetylcholine,acetylcholine,0.9467043073841036,1,2,2,False,False,False
2006,17727,DNg09_a,DNg09_a_L,,DNg09,,descending_neuron,,L,,,acetylcholine,acetylcholine,0.9577509038266304,1,1,3,False,False,False
2007,17729,AVLP009,AVLP009(aSP08)_L,Cachero 2010: aSP-k; Yu 2010: aSP8,aSP8,"aSP8,AVLP009",cb_intrinsic,,L,sexually dimorphic,fru_high,gaba,gaba,0.6989435993200673,-1,2,1,False,False,False
2008,17735,AVLP729m,AVLP729m_R,Cachero 2010: aIP-b,,,cb_intrinsic,,R,male-specific,fru_high,acetylcholine,acetylcholine,0.9313596117062833,1,2,2,False,False,False
2009,17739,DNge105,DNge105_L,,DNge105,,descending_neuron,,L,,,acetylcholine,acetylcholine,0.7022580837833561,1,2,2,False,False,False
2010,17743,AVLP161,AVLP161_R,,AVLP161,AVLP161,cb_intrinsic,,R,,,acetylcholine,acetylcholine,0.7842030294553332,1,2,2,False,False,False
2011,17747,AVLP342,AVLP342_L,,AVLP342,AVLP342,cb_intrinsic,,L,,,acetylcholine,acetylcholine,0.9684761389226825,1,1,3,False,False,False
2012,17757,AN19B001,AN19B001(17757)_R,,AN_GNG_IPS_11,,ascending_neuron,,R,,,acetylcholine,acetylcholine,0.9694051659395677,1,2,2,False,False,False
2013,17767,AVLP132,AVLP132_R,,AVLP132,AVLP132,cb_intrinsic,,R,,,acetylcholine,acetylcholine,0.9335136265694364,1,2,2,False,False,False
2014,17770,AVLP705m,AVLP705m_R,"Lee 2002, Rideout 2010: pC2; Robinett 2010, Nojima 2021: pC2m",,,cb_intrinsic,,R,male-specific,dsx_high,acetylcholine,acetylcholine,0.9504381341050405,1,2,2,False,False,False
2015,17773,SAD076,SAD076_R,,SAD076,SAD076,cb_intrinsic,,R,,,glutamate,glutamate,0.5334450844490365,-1,2,2,False,False,False
2016,17778,AVLP107,AVLP107_R,,AVLP107,AVLP107,cb_intrinsic,,R,,,acetylcholine,acetylcholine,0.9597711151545618,1,2,2,False,False,False
2017,17784,AVLP024_b,AVLP024_b_L,,AVLP024b,AVLP024,cb_intrinsic,,L,,,acetylcholine,acetylcholine,0.9460487002713625,1,2,2,False,False,False
2018,17788,AN10B021,AN10B021_R,,AN_IPS_GNG_7,,ascending_neuron,,R,,,acetylcholine,acetylcholine,0.9713861233293974,1,2,2,False,False,False
2019,17802,CL122_b,CL122_b_R,Cachero 2010: aDT-g; Yu 2010: aDT5,CB3978,CL122,cb_intrinsic,,R,sexually dimorphic,fru_low,gaba,gaba,0.8046322807213487,-1,3,1,False,False,False
2020,17803,CB1932,CB1932_R,,CB1932,,cb_intrinsic,,R,,,acetylcholine,acetylcholine,0.9663381170211167,1,2,2,False,False,False
2021,17830,SAD117,SAD117_L,,CB1169,,cb_intrinsic,,L,,,gaba,gaba,0.8466448331753678,-1,1,3,False,False,False
2022,17832,AN06B026,AN06B026_L,,AN_multi_40,,ascending_neuron,,L,,,gaba,gaba,0.8731781237116963,-1,2,2,False,False,False
2023,17839,AVLP722m,AVLP722m_R,Cachero 2010: aIP-c; Yu 2010: aIP1/aIP4/aSP10,,,cb_intrinsic,,R,male-specific,fru_high,acetylcholine,acetylcholine,0.952891170106291,1,2,2,False,False,False
2024,17841,vpoEN,vpoEN_R,Cachero 2010: aIP-g; Yu 2010: pIP6,vpoEN,vpoEN,cb_intrinsic,,R,,fru_high,acetylcholine,acetylcholine,0.9578131256451413,1,2,2,False,False,False
2025,17842,SAD021_b,SAD021_b_R,,CB3245,SAD021_b,cb_intrinsic,,R,,,gaba,gaba,0.8309165528788922,-1,2,2,False,False,False
2026,17850,aIPg4,aIPg4_R,Cachero 2010: aIP-g; Yu 2010: pIP6,CB1877,aIPg4,cb_intrinsic,,R,,fru_low,acetylcholine,acetylcholine,0.9670490714632841,1,2,2,False,False,False
2027,17851,pC1_12b,pC1_12b_L,"Lee 2002, Rideout 2010, Nojima 2021: pC1",,,cb_intrinsic,,L,male-specific,dsx_high,acetylcholine,acetylcholine,0.9625833982105797,1,2,1,False,True,False
2028,17860,LC4,LC4_R,,LC4,LC4,visual_projection,,R,,,acetylcholine,acetylcholine,0.9607147293581528,1,2,2,False,False,False
2029,17867,pC1_4b,pC1_4b_L,"Lee 2002, Rideout 2010, Nojima 2021: pC1",,,cb_intrinsic,,L,male-specific,dsx_high,acetylcholine,acetylcholine,0.9642058886332358,1,2,2,False,True,False
2030,17869,AVLP111,AVLP111_R,,CB3667,AVLP111,cb_intrinsic,,R,,,acetylcholine,acetylcholine,0.8753524590719737,1,2,2,False,False,False
2031,17883,MeVP17,MeVP17_R,,MTe08,,visual_projection,,R,,,glutamate,glutamate,0.7281057786334728,-1,2,2,False,False,False
2032,17889,AVLP037,AVLP037_L,,CB3939,AVLP037,cb_intrinsic,,L,,,acetylcholine,acetylcholine,0.9166158320904063,1,2,2,False,False,False
2033,17900,VES206m,VES206m_R,,,,cb_intrinsic,,R,male-specific,,acetylcholine,acetylcholine,0.9592854057812492,1,2,2,False,False,False
2034,17908,WED125,WED125_R,,WED125,WED125,cb_intrinsic,,R,,,acetylcholine,acetylcholine,0.965307734999586,1,2,2,False,False,False
2035,17918,AVLP734m,AVLP734m_L,Cachero 2010: aSP-k; Yu 2010: aSP8,,,cb_intrinsic,,L,male-specific,fru_high,gaba,gaba,0.858211421237152,-1,2,2,False,False,False
2036,17921,AVLP745m,AVLP745m_L,,,,cb_intrinsic,,L,male-specific,,acetylcholine,acetylcholine,0.925771401344652,1,2,2,False,False,False
2037,17926,LC4,LC4_R,,LC4,LC4,visual_projection,,R,,,acetylcholine,acetylcholine,0.9271884278365842,1,2,2,False,False,False
2038,17935,CB3364,CB3364_R,,CB3364,,cb_intrinsic,,R,,,acetylcholine,acetylcholine,0.9710854944135667,1,2,2,False,False,False
2039,17949,aIPg2,aIPg2_R,Cachero 2010: aIP-g; Yu 2010: pIP6,"CB2204,CB1127",aIPg2,cb_intrinsic,,R,sexually dimorphic,fru_high,acetylcholine,acetylcholine,0.9473594639950108,1,2,2,False,False,False
2040,17956,SAD021_a,SAD021_a_R,,SAD021_a,SAD021_a,cb_intrinsic,,R,,,gaba,gaba,0.8046830068479411,-1,2,2,False,False,False
2041,17963,AVLP126,AVLP126_R,,"CB2370,CB1681",AVLP126,cb_intrinsic,,R,,,acetylcholine,acetylcholine,0.9315984254462373,1,2,2,False,False,False
2042,17965,VES098,VES098_R,,CB1941,,cb_intrinsic,,R,,,gaba,gaba,0.8490515469666394,-1,2,2,False,False,False
2043,17967,DNde006,DNde006_L,,DNde006,,descending_neuron,,L,,,glutamate,glutamate,0.7346889920024492,-1,2,2,False,False,False
2044,17968,CL123_c,CL123_c_R,Cachero 2010: aDT-d,"CL123,CRE061",CL123,cb_intrinsic,,R,sexually dimorphic,fru_low,acetylcholine,acetylcholine,0.9434354475012895,1,3,1,False,False,False
2045,17985,LoVP92,LoVP92_R,Cachero 2010: pIP-b; Yu 2010: pIP8,,,visual_projection,,R,male-specific,fru_high,acetylcholine,acetylcholine,0.8968161381008934,1,2,2,False,False,False
2046,17987,LC4,LC4_R,,LC4,LC4,visual_projection,,R,,,acetylcholine,acetylcholine,0.9564677493587437,1,2,2,False,False,False
2047,17992,SMP482,SMP482_L,,SMP482,SMP482,cb_intrinsic,,L,,,acetylcholine,acetylcholine,0.890727838805236,1,3,1,False,False,False
2048,17996,PVLP097,PVLP097_R,,PVLP097,PVLP097,cb_intrinsic,,R,,,gaba,gaba,0.8627843798511192,-1,2,2,False,False,False
2049,17998,SAD021_c,SAD021_c_L,,SAD021_c,SAD021_c,cb_intrinsic,,L,,,gaba,gaba,0.7599485466026045,-1,1,3,False,False,False
2050,18000,CB3673b,CB3673b_L,,CB3673b,,cb_intrinsic,,L,,,acetylcholine,acetylcholine,0.9567495427904427,1,2,2,False,False,False
2051,18005,VES203m,VES203m_R,"Lee 2002, Rideout 2010: pC2; Robinett 2010, Nojima 2021: pC2m",,,cb_intrinsic,,R,male-specific,dsx_high,acetylcholine,acetylcholine,0.9407127798979956,1,2,1,False,False,False
2052,18007,LHPV2i1,LHPV2i1_L,,LHPV2i1b,LHPV2i1,cb_intrinsic,,L,,,acetylcholine,acetylcholine,0.9524555918208415,1,2,2,False,False,False
2053,18010,SAD001,SAD001_L,,CB4177,SAD001,cb_intrinsic,,L,,,acetylcholine,acetylcholine,0.9264866425526733,1,1,3,False,False,False
2054,18011,AVLP107,AVLP107_R,,AVLP107,AVLP107,cb_intrinsic,,R,,,acetylcholine,acetylcholine,0.910985481324052,1,2,2,False,False,False
2055,18017,pC1_3c,pC1_3c_L,"Lee 2002, Rideout 2010, Nojima 2021: pC1; Cachero 2010: pMP-e; Yu 2010: pMP4",,,cb_intrinsic,,L,male-specific,coexpress_high,acetylcholine,acetylcholine,0.9609281300144629,1,2,2,False,True,False
2056,18023,,,Cachero 2010: aIP-c;Yu 2010: aIP1/aIP4/aSP10,"CB1110,CB3327",,cb_intrinsic,,R,,fru_low,acetylcholine,acetylcholine,0.9659131400850268,1,2,2,False,False,False
2057,18028,PVLP034,PVLP034_R,Cachero 2010: aIP-a,CB3582,PVLP034,cb_intrinsic,,R,,fru_high,gaba,gaba,0.8586973852185972,-1,2,2,False,False,False
2058,18034,PVLP210m,PVLP210m_L,Cachero 2010: pIP-e; Yu 2010: pIP5; Nojima 2021: pC2l,,,cb_intrinsic,,L,male-specific,coexpress_high,acetylcholine,acetylcholine,0.9652776748772282,1,2,1,False,False,False
2059,18037,AVLP110_a,AVLP110_a_R,,CB3484,AVLP110,cb_intrinsic,,R,,,acetylcholine,acetylcholine,0.8727542893487341,1,2,2,False,False,False
2060,18039,mALB4,mALB4_L,,mALB4,mALB4,cb_intrinsic,,L,,,gaba,gaba,0.8373901897211108,-1,2,2,False,False,False
2061,18050,AN09B009,AN09B009_L,,AN_GNG_SAD_2,,ascending_neuron,,L,,,acetylcholine,acetylcholine,0.9505967902977479,1,2,2,False,False,False
2062,18066,AVLP718m,AVLP718m_R,Cachero 2010: pIP-e; Yu 2010: pIP5; Nojima 2021: pC2l,,,cb_intrinsic,,R,male-specific,coexpress_high,acetylcholine,acetylcholine,0.9614429727127812,1,3,1,False,False,False
2063,18068,AVLP064,AVLP064_L,,CB1657,AVLP064,cb_intrinsic,,L,,,glutamate,glutamate,0.8334824815284003,-1,2,2,False,False,False
2064,18069,GNG602,GNG602_R,,CB3923,,cb_intrinsic,,M,potentially sexually dimorphic,,gaba,gaba,0.8369062168028985,-1,2,2,False,False,False
2065,18082,CB1538,CB1538_R,,CB1538,,cb_intrinsic,,R,,,gaba,gaba,0.8471519768114041,-1,2,2,False,False,False
2066,18086,PVLP094,PVLP094_R,,PVLP094,PVLP094,cb_intrinsic,,R,,,gaba,gaba,0.8493596128683961,-1,2,2,False,False,False
2067,18089,AMMC035,AMMC035_L,,CB1427,,cb_intrinsic,,L,,,gaba,gaba,0.8046604920154592,-1,1,3,False,False,False
2068,18090,CB4180,CB4180_R,,CB4180,,cb_intrinsic,,R,,,gaba,gaba,0.8223542613200054,-1,2,2,False,False,False
2069,18097,,18097_R,Cachero 2010: aDT-d,"CL123,CRE061",,cb_intrinsic,,R,sexually dimorphic,fru_low,acetylcholine,acetylcholine,0.8944998783838943,1,3,1,False,False,False
2070,18100,CB3245,CB3245_R,,CB3245,,cb_intrinsic,,R,,,gaba,gaba,0.8522146812314499,-1,2,2,False,False,False
2071,18110,DNge145,DNge145_L,,DNge145,,descending_neuron,,L,,fru_low,acetylcholine,acetylcholine,0.93201119972081,1,1,3,False,False,False
2072,18111,SAD021_a,SAD021_a_R,,SAD021_a,SAD021_a,cb_intrinsic,,R,,,gaba,gaba,0.8247842692099078,-1,2,2,False,False,False
2073,18116,AVLP158,AVLP158_L,,AVLP158,AVLP158,cb_intrinsic,,L,,,acetylcholine,acetylcholine,0.8939748524103949,1,2,2,False,False,False
2074,18122,DNg77,DNg77_L,Sterne 2021: snake,DNg77,,descending_neuron,,L,,,acetylcholine,acetylcholine,0.9158327287999568,1,2,1,False,False,False
2075,18124,AVLP428,AVLP428_R,,AVLP428,AVLP428,cb_intrinsic,,R,,,glutamate,glutamate,0.8250155605730026,-1,2,2,False,False,False
2076,18127,LC4,LC4_R,,LC4,LC4,visual_projection,,R,,,acetylcholine,acetylcholine,0.9676432550706602,1,2,2,False,False,False
2077,18134,AN12A003,AN12A003_L,,AN_GNG_79,,ascending_neuron,,L,,,acetylcholine,acetylcholine,0.9595293115212462,1,2,2,False,False,False
2078,18137,IB051,IB051_R,,IB051,IB051,cb_intrinsic,,R,,,acetylcholine,acetylcholine,0.8566706698945458,1,2,2,False,False,False
2079,18139,CL122_b,CL122_b_L,Cachero 2010: aDT-g; Yu 2010: aDT5,CB3978,CL122,cb_intrinsic,,L,sexually dimorphic,fru_low,gaba,gaba,0.8758771328666968,-1,3,1,False,False,False
2080,18145,LPLC4,LPLC4_L,,LPLC4,LPLC4,visual_projection,,L,,,acetylcholine,acetylcholine,0.9531953390948686,1,2,2,False,False,False
2081,18151,SAD001,SAD001_R,,CB4177,SAD001,cb_intrinsic,,R,,,acetylcholine,acetylcholine,0.9212697895350339,1,1,3,False,False,False
2082,18155,LPLC4,LPLC4_L,,LPLC4,LPLC4,visual_projection,,L,,,acetylcholine,acetylcholine,0.9698014005280273,1,2,2,False,False,False
2083,18164,AN05B102c,AN05B102c_R,,AN_AVLP_PVLP_5,,ascending_neuron,,R,potentially sexually dimorphic,,acetylcholine,acetylcholine,0.9510700538459211,1,2,2,False,False,False
2084,18173,CB1948,CB1948_R,,CB1948,,cb_intrinsic,,R,,,gaba,gaba,0.8518155578524755,-1,2,2,False,False,False
2085,18186,AVLP718m,AVLP718m_L,Cachero 2010: pIP-e; Yu 2010: pIP5,,,cb_intrinsic,,L,male-specific,fru_high,acetylcholine,acetylcholine,0.9614624985231749,1,2,1,False,False,False
2086,18187,CL123_e,CL123_e_L,Cachero 2010: aDT-d,"CL123,CRE061",CL123,cb_intrinsic,,L,sexually dimorphic,fru_low,acetylcholine,acetylcholine,0.9621448380296213,1,3,1,False,False,False
2087,18189,LC4,LC4_R,,LC4,LC4,visual_projection,,R,,,acetylcholine,acetylcholine,0.9608231128189743,1,2,2,False,False,False
2088,18193,AVLP372,AVLP372_R,,CB1839,AVLP372,cb_intrinsic,,R,,,acetylcholine,acetylcholine,0.9666061718249638,1,2,2,False,False,False
2089,18195,PVLP214m,PVLP214m_R,Cachero 2010: pIP-e; Yu 2010: pIP5,,,cb_intrinsic,,R,male-specific,fru_low,acetylcholine,acetylcholine,0.9684844385382269,1,2,2,False,False,False
2090,18204,PVLP048,PVLP048_L,Cachero 2010: aIP-a,CB1544,PVLP048,cb_intrinsic,,L,,fru_high,gaba,gaba,0.8129749496739382,-1,2,2,False,False,False
2091,18232,AN09B027,AN09B027_R,,AN_AVLP_16,,ascending_neuron,,R,,,acetylcholine,acetylcholine,0.9695171251861927,1,2,2,False,False,False
2092,18241,PS188,PS188_R,,PS188,PS188,cb_intrinsic,,R,,,glutamate,glutamate,0.7273796034693571,-1,2,2,False,False,False
2093,18253,AVLP117,AVLP117_R,,CB2735,AVLP117,cb_intrinsic,,R,,,acetylcholine,acetylcholine,0.9625360745964251,1,2,2,False,False,False
2094,18257,WED092,WED092_R,,WED092d,WED092,cb_intrinsic,,R,,,acetylcholine,acetylcholine,0.915096507418036,1,2,2,False,False,False
2095,18264,SMP586,SMP586_L,fru-M-600077,SMP586,SMP586,cb_intrinsic,,L,,fru_low,acetylcholine,acetylcholine,0.9456330270859373,1,3,1,False,False,False
2096,18267,AVLP117,AVLP117_L,,CB2735,AVLP117,cb_intrinsic,,L,,,acetylcholine,acetylcholine,0.9691064829750805,1,2,2,False,False,False
2097,18275,CL128a,CL128a_L,,CL128a,,cb_intrinsic,,L,,,gaba,gaba,0.8420665186260342,-1,2,2,False,False,False
2098,18279,AN09B007,AN09B007_L,,AN_multi_22,,ascending_neuron,,L,,,acetylcholine,acetylcholine,0.9482522799429164,1,2,2,False,False,False
2099,18287,CB2153,CB2153_R,,CB2153,,cb_intrinsic,,R,,,acetylcholine,acetylcholine,0.9614437342296037,1,1,2,False,False,False
2100,18292,CB3409,CB3409_L,,CB3409,,cb_intrinsic,,L,,,acetylcholine,acetylcholine,0.9557157870888082,1,2,2,False,False,False
2101,18296,AVLP329,AVLP329_L,,CB2100,AVLP329,cb_intrinsic,,L,,,acetylcholine,acetylcholine,0.9731171606168784,1,2,2,False,False,False
2102,18302,SAD200m,SAD200m_R,Cachero 2010: aDT-g; Yu 2010: aDT5,,,cb_intrinsic,,R,male-specific,fru_high,gaba,gaba,0.7704081638322651,-1,1,2,False,False,False
2103,18320,CB4094,CB4094_L,,CB4094,,cb_intrinsic,,L,,,acetylcholine,acetylcholine,0.9719326004304287,1,2,2,False,False,False
2104,18324,AN05B025,AN05B025_R,,AN_multi_94,,ascending_neuron,,R,,,gaba,gaba,0.8332705375131381,-1,2,2,False,False,False
2105,18328,LH007m,LH007m_R,Ruta 2010: LC1; fru-M-300124,,,cb_intrinsic,,R,male-specific,fru_high,gaba,gaba,0.6875746350885701,-1,3,1,False,False,False
2106,18333,AVLP203_b,AVLP203_b_R,,CB2426,AVLP203,cb_intrinsic,,R,,,gaba,gaba,0.7961909782958864,-1,2,2,False,False,False
2107,18335,AOTU015,AOTU015_R,Cachero 2010: aSP-d; Yu 2010: aSP13,AOTU015,AOTU015,cb_intrinsic,,R,,fru_low,acetylcholine,acetylcholine,0.9569959108118241,1,2,2,False,False,False
2108,18338,AN09B003,AN09B003(18338)_R,,AN_multi_27,,ascending_neuron,,R,,,acetylcholine,acetylcholine,0.9104205529929529,1,2,2,False,False,False
2109,18340,WED125,WED125_L,,WED125,WED125,cb_intrinsic,,L,,,acetylcholine,acetylcholine,0.9373407029798251,1,2,2,False,False,False
2110,18349,LH004m,LH004m_R,Ruta 2010: LC1; fru-M-500251,,,cb_intrinsic,,R,male-specific,fru_high,gaba,gaba,0.510441981557755,-1,2,2,False,False,False
2111,18351,VP2+Z_lvPN,VP2+Z_lvPN_L,,CB3623,VP2+Z_lvPN,cb_intrinsic,ALPN,L,,,acetylcholine,acetylcholine,0.8777937592810183,1,2,2,False,False,False
2112,18373,AN17B007,AN17B007_L,,AN_AVLP_GNG_3,,ascending_neuron,,L,,,gaba,gaba,0.892067220952063,-1,1,3,False,False,False
2113,18382,VES203m,VES203m_L,"Lee 2002, Rideout 2010: pC2; Robinett 2010, Nojima 2021: pC2m",,,cb_intrinsic,,L,male-specific,dsx_high,acetylcholine,acetylcholine,0.9539438819296514,1,3,1,False,False,False
2114,18426,AVLP742m,AVLP742m_R,,,,cb_intrinsic,,R,male-specific,,acetylcholine,acetylcholine,0.9511736701685547,1,2,2,False,False,False
2115,18455,AN17B008,AN17B008_L,,AN_AVLP_SAD_2,,ascending_neuron,,L,,,gaba,gaba,0.8542155608742735,-1,1,3,False,False,False
2116,18458,WED063_b,WED063_b_R,,"CB2108,CB2449",WED063_b,cb_intrinsic,,R,,,acetylcholine,acetylcholine,0.9671572308436256,1,2,2,False,False,False
2117,18473,CB1557,CB1557_R,,CB1557,,cb_intrinsic,,R,,,acetylcholine,acetylcholine,0.9665468639770964,1,2,2,False,False,False
2118,18478,LC4,LC4_L,,LC4,LC4,visual_projection,,L,,,acetylcholine,acetylcholine,0.9646737400178687,1,2,2,False,False,False
2119,18479,mAL_m8,mAL_m8_L,Cachero 2010: aDT-b; Yu 2010: aDT2,,,cb_intrinsic,,L,male-specific,fru_high,gaba,gaba,0.6791421823558871,-1,2,2,False,False,False
2120,18480,LAL164,LAL164_R,,"LAL163,LAL164",LAL164,cb_intrinsic,,R,,,acetylcholine,acetylcholine,0.9158956632365731,1,2,2,False,False,False
2121,18521,AMMC023,AMMC023_L,,CB1038d,,cb_intrinsic,,L,,,gaba,gaba,0.8519157822049248,-1,1,3,False,False,False
2122,18522,CB2458,CB2458_R,,CB2458,,cb_intrinsic,,R,,,acetylcholine,acetylcholine,0.9607253774227658,1,2,2,False,False,False
2123,18546,AVLP451,AVLP451_L,,AVLP451c,AVLP451,cb_intrinsic,,L,,,acetylcholine,acetylcholine,0.9595377057209623,1,2,2,False,False,False
2124,18553,AVLP372,AVLP372_R,,CB1839,AVLP372,cb_intrinsic,,R,,,acetylcholine,acetylcholine,0.9602132016321849,1,2,2,False,False,False
2125,18554,pC1_12b,pC1_12b_R,"Lee 2002, Rideout 2010, Nojima 2021: pC1",,,cb_intrinsic,,R,male-specific,dsx_high,acetylcholine,acetylcholine,0.9488606838893376,1,2,2,False,True,False
2126,18563,SMP037,SMP037_L,,SMP037,SMP037,cb_intrinsic,,L,,,glutamate,glutamate,0.8167764423097981,-1,2,2,False,False,False
2127,18566,PLP214,PLP214_R,,PLP214,PLP214,cb_intrinsic,,R,,,glutamate,glutamate,0.7083569354309518,-1,2,2,False,False,False
2128,18568,AN27X003,AN27X003_R,,,,ascending_neuron,,R,,,unclear,unclear,0.27989292107618596,0,2,2,False,False,False
2129,18574,CL123_d,CL123_d_L,Cachero 2010: aDT-d,"CL123,CRE061",CL123,cb_intrinsic,,L,sexually dimorphic,fru_low,acetylcholine,acetylcholine,0.9564249002984929,1,3,1,False,False,False
2130,18583,aIPg6,aIPg6_L,Cachero 2010: aIP-g; Yu 2010: pIP6,"CB1618,CB3330",SMP574,cb_intrinsic,,L,sexually dimorphic,fru_high,acetylcholine,acetylcholine,0.9337647456262944,1,3,1,False,False,False
2131,18604,AVLP204,AVLP204_L,Cachero 2010: aIP-a,CB3685,AVLP204,cb_intrinsic,,L,,fru_high,gaba,gaba,0.7868600646286916,-1,2,2,False,False,False
2132,18606,WED089,WED089_L,,WED089,WED089,cb_intrinsic,,L,,,acetylcholine,acetylcholine,0.9436607753820635,1,2,2,False,False,False
2133,18607,DNpe037,DNpe037(CL338)_R,,DNpe037,CL338,descending_neuron,,R,,,acetylcholine,acetylcholine,0.926805204435514,1,2,2,False,False,False
2134,18620,AVLP733m,AVLP733m_R,Cachero 2010: aIP-c; Yu 2010: aIP1/aIP4/aSP10,,,cb_intrinsic,,R,male-specific,fru_high,acetylcholine,acetylcholine,0.9448810579578122,1,2,2,False,False,False
2135,18643,AN09B027,AN09B027(hb1446765621)_L,,AN_AVLP_16,(hb1446765621),ascending_neuron,,L,,,acetylcholine,acetylcholine,0.9717436603396512,1,2,2,False,False,False
2136,18648,PVLP100,PVLP100_R,,PVLP100,PVLP100,cb_intrinsic,,R,,,gaba,gaba,0.8313243525180773,-1,2,2,False,False,False
2137,18649,CB3598,CB3598_R,,CB3598,,cb_intrinsic,,R,,,acetylcholine,acetylcholine,0.9152469193623449,1,2,2,False,False,False
2138,18651,,,,"CB1066,CB3649",,cb_intrinsic,,R,,,acetylcholine,acetylcholine,0.9567784905985534,1,2,2,False,False,False
2139,18659,CB4094,CB4094_R,,CB4094,,cb_intrinsic,,R,,,acetylcholine,acetylcholine,0.9676936982518354,1,2,2,False,False,False
2140,18660,AVLP329,AVLP329_L,,CB2100,AVLP329,cb_intrinsic,,L,,,acetylcholine,acetylcholine,0.9704702036012967,1,2,2,False,False,False
2141,18663,CB0115,CB0115_L,,CB0115,,cb_intrinsic,,L,,,gaba,gaba,0.8491634909655998,-1,2,2,False,False,False
2142,18673,LT77,LT77_R,,LT77,LT77,visual_projection,,R,,,glutamate,glutamate,0.7923982621962431,-1,2,2,False,False,False
2143,18684,SMP245,SMP245_R,,CB3509,SMP245,cb_intrinsic,,R,,,acetylcholine,acetylcholine,0.9601558660238337,1,2,2,False,False,False
2144,18696,AN05B023c,AN05B023c_R,,AN_AVLP_22,,ascending_neuron,,R,,,gaba,gaba,0.826330687363217,-1,1,2,False,False,False
2145,18699,AVLP725m,AVLP725m_R,Cachero 2010: aIP-c; Yu 2010: aIP1/aIP4/aSP10,,,cb_intrinsic,,R,male-specific,fru_high,acetylcholine,acetylcholine,0.9628402838666478,1,3,1,False,False,False
2146,18704,AVLP204,AVLP204_R,Cachero 2010: aIP-a,CB3685,AVLP204,cb_intrinsic,,R,,fru_high,gaba,gaba,0.8218008841767862,-1,2,2,False,False,False
2147,18705,AVLP040,AVLP040_R,,AVLP040,AVLP040,cb_intrinsic,,R,,,acetylcholine,acetylcholine,0.9326714101795527,1,2,2,False,False,False
2148,18714,AN18B004,AN18B004_R,,,,ascending_neuron,,R,,,acetylcholine,acetylcholine,0.964863022820406,1,2,2,False,False,False
2149,18716,CB3245,CB3245_R,,CB3245,,cb_intrinsic,,R,,,gaba,gaba,0.8506990424160802,-1,2,2,False,False,False
2150,18724,CB3660,CB3660_L,,CB3660,"AVLP057,AVLP058",cb_intrinsic,,L,,,glutamate,glutamate,0.8239365246782367,-1,2,2,False,False,False
2151,18732,LH004m,LH004m_L,Ruta 2010: LC1; fru-M-500251,,,cb_intrinsic,,L,male-specific,fru_high,gaba,gaba,0.5207555798090705,-1,3,1,False,False,False
2152,18738,AMMC023,AMMC023_R,,CB1038d,,cb_intrinsic,,R,,,gaba,gaba,0.8625710474256111,-1,1,3,False,False,False
2153,18739,CB1852,CB1852_L,Cachero 2010: aIP-e; Yu 2010: aSP9; Ruta 2010: LC2,CB1852,,cb_intrinsic,,L,,fru_high,acetylcholine,acetylcholine,0.9680624850714047,1,2,2,False,False,False
2154,18754,PS106,PS106_L,,PS106,PS106,cb_intrinsic,,L,,,gaba,gaba,0.8063980619184351,-1,2,2,False,False,False
2155,18760,AVLP346,AVLP346_R,,"(AVLP346,AVLP348)a",AVLP346,cb_intrinsic,,R,,,acetylcholine,acetylcholine,0.9411973126113721,1,2,2,False,False,False
2156,18783,aIPg2,aIPg2_L,Cachero 2010: aIP-g; Yu 2010: pIP6,"CB2204,CB1127",aIPg2,cb_intrinsic,,L,sexually dimorphic,fru_high,acetylcholine,acetylcholine,0.929445723066255,1,2,2,False,False,False
2157,18791,PVLP207m,PVLP207m_R,Cachero 2010: pIP-e; Yu 2010: pIP5,,,cb_intrinsic,,R,male-specific,fru_low,acetylcholine,acetylcholine,0.9412505962784105,1,2,2,False,False,False
2158,18792,AVLP727m,AVLP727m_L,Cachero 2010: aSP-g; Yu 2010: aSP6; Asahina 2014: TK-FruM,,,cb_intrinsic,,L,male-specific,fru_high,acetylcholine,acetylcholine,0.9122494553277645,1,2,1,False,False,False
2159,18800,PVLP210m,PVLP210m_L,Cachero 2010: pIP-e; Yu 2010: pIP5,,,cb_intrinsic,,L,male-specific,fru_high,acetylcholine,acetylcholine,0.9697138139595924,1,2,1,False,False,False
2160,18802,PVLP202m,PVLP202m_R,"Lee 2002, Rideout 2010: pC2; Robinett 2010, Nojima 2021: pC2m",,,cb_intrinsic,,R,male-specific,dsx_high,acetylcholine,acetylcholine,0.9691774479497356,1,2,1,False,False,False
2161,18810,CL122_a,CL122_a_L,Cachero 2010: aDT-g; Yu 2010: aDT5,CL122_a,CL122,cb_intrinsic,,L,potentially sexually dimorphic,fru_low,gaba,gaba,0.824408530291845,-1,2,2,False,False,False
2162,18821,AMMC023,AMMC023_L,,CB1038d,,cb_intrinsic,,L,,,gaba,gaba,0.8416228302494783,-1,1,3,False,False,False
2163,18825,LAL029_c,LAL029_c_R,Cachero 2010: aSP-d; Yu 2010: aSP13,"LAL028,LAL029",LAL029,cb_intrinsic,,R,,fru_low,acetylcholine,acetylcholine,0.9701909536550047,1,2,2,False,False,False
2164,18830,AVLP760m,AVLP760m_R,Cachero 2010: aSP-k; Yu 2010: aSP8,,,cb_intrinsic,,R,male-specific,fru_high,gaba,gaba,0.8292690281808731,-1,3,1,False,False,False
2165,18831,CB1932,CB1932_R,,CB1932,,cb_intrinsic,,R,,,acetylcholine,acetylcholine,0.9671203121434492,1,2,2,False,False,False
2166,18849,SIP024,SIP024_R,,SIP024a,SIP024,cb_intrinsic,,R,,,acetylcholine,acetylcholine,0.9648650912046285,1,2,2,False,False,False
2167,18850,SAD021,SAD021_L,,CB4118,SAD021,cb_intrinsic,,L,,,gaba,gaba,0.8214405502642091,-1,1,3,False,False,False
2168,18876,LAL029_d,LAL029_d_R,Cachero 2010: aSP-d; Yu 2010: aSP13,"LAL028,LAL029",LAL029,cb_intrinsic,,R,,fru_low,acetylcholine,acetylcholine,0.950732922090199,1,2,2,False,False,False
2169,18879,LC14a-2,LC14a-2_L,Cachero 2010: pIP-b; Yu 2010: pIP8,LC14a2,,ol_intrinsic,ol_bilateral,L,,fru_low,acetylcholine,acetylcholine,0.954038816916627,1,2,2,False,False,False
2170,18885,AVLP745m,AVLP745m_R,,,,cb_intrinsic,,R,male-specific,,acetylcholine,acetylcholine,0.8994717043840288,1,2,2,False,False,False
2171,18894,PVLP214m,PVLP214m_R,Cachero 2010: pIP-e; Yu 2010: pIP5,,,cb_intrinsic,,R,male-specific,fru_low,acetylcholine,acetylcholine,0.952084706144376,1,2,2,False,False,False
2172,18903,CL270,CL270_L,,CL270a,CL270,cb_intrinsic,,L,,,acetylcholine,acetylcholine,0.965420403261642,1,2,2,False,False,False
2173,18907,PVLP123,PVLP123_L,,PVLP123b,PVLP124,cb_intrinsic,,L,,,acetylcholine,acetylcholine,0.9538077824415204,1,2,2,False,False,False
2174,18913,pC1_2b,pC1_2b_L,"Lee 2002, Rideout 2010, Nojima 2021: pC1; Cachero 2010: pMP-e; Yu 2010: pMP4",,,cb_intrinsic,,L,male-specific,coexpress_high,acetylcholine,acetylcholine,0.9621804877748098,1,2,1,False,True,False
2175,18924,PVLP080_a,PVLP080_a_R,,PVLP080a,PVLP080,cb_intrinsic,,R,,,gaba,gaba,0.8255042271246408,-1,2,2,False,False,False
2176,18934,pC1_15c,pC1_15c_L,"Lee 2002, Rideout 2010, Nojima 2021: pC1; Cachero 2010: pMP-e; Yu 2010: pMP4",,,cb_intrinsic,,L,male-specific,coexpress_low,acetylcholine,acetylcholine,0.8667849018311096,1,3,1,False,True,False
2177,18937,LHPV2a1_d,LHPV2a1_d_R,,LHPV2a1_d,LHPV2a1_d,cb_intrinsic,,R,,,gaba,gaba,0.8028017117314977,-1,2,2,False,False,False
2178,18938,AVLP164,AVLP164_R,,AVLP164,AVLP164,cb_intrinsic,,R,,,acetylcholine,acetylcholine,0.9442886603641883,1,2,2,False,False,False
2179,18940,AN05B006,AN05B006_L,,AN_multi_87,,ascending_neuron,,L,,,gaba,gaba,0.8812003215609677,-1,2,2,False,False,False
2180,18957,AN05B099,AN05B099_L,,AN_AVLP_GNG_8,,ascending_neuron,,L,,,acetylcholine,acetylcholine,0.9262751037791168,1,2,2,False,False,False
2181,18969,CL072,CL072_R,,CL072,CL072,cb_intrinsic,,R,,,acetylcholine,acetylcholine,0.933342339837714,1,3,1,False,False,False
2182,18974,pC1_3a,pC1_3a_R,"Lee 2002, Rideout 2010, Nojima 2021: pC1; Cachero 2010: pMP-e; Yu 2010: pMP4",,,cb_intrinsic,,R,male-specific,coexpress_high,acetylcholine,acetylcholine,0.9639782400611527,1,2,2,False,True,False
2183,18981,,18981_L,,"CB0050,CB0064",,cb_intrinsic,,L,,,acetylcholine,acetylcholine,0.9099162656242995,1,2,2,False,False,False
2184,18986,LPLC4,LPLC4_L,,LPLC4,LPLC4,visual_projection,,L,,,acetylcholine,acetylcholine,0.9655756905074083,1,2,2,False,False,False
2185,18987,AVLP727m,AVLP727m_R,Cachero 2010: aSP-g; Yu 2010: aSP6; Asahina 2014: TK-FruM,,,cb_intrinsic,,R,male-specific,fru_high,acetylcholine,acetylcholine,0.921681336069591,1,2,1,False,False,False
2186,18990,pC1_11a,pC1_11a_L,"Lee 2002, Rideout 2010, Nojima 2021: pC1",,,cb_intrinsic,,L,male-specific,dsx_high,acetylcholine,acetylcholine,0.9626877610344641,1,2,2,False,True,False
2187,19012,AVLP745m,AVLP745m_R,,,,cb_intrinsic,,R,male-specific,,acetylcholine,acetylcholine,0.9135790900461443,1,2,2,False,False,False
2188,19014,AVLP511,AVLP511_L,,CB3390,AVLP511,cb_intrinsic,,L,,,acetylcholine,acetylcholine,0.9580881428022129,1,2,2,False,False,False
2189,19016,AVLP104,AVLP104_R,,"CB1724,CB1520",AVLP104,cb_intrinsic,,R,,,acetylcholine,acetylcholine,0.920454914760494,1,2,2,False,False,False
2190,19020,AVLP718m,AVLP718m_R,Cachero 2010: pIP-e; Yu 2010: pIP5; Nojima 2021: pC2l,,,cb_intrinsic,,R,male-specific,coexpress_high,acetylcholine,acetylcholine,0.957631343355517,1,3,1,False,False,False
2191,19024,AVLP124,AVLP124_R,,CB1780,AVLP124,cb_intrinsic,,R,,,acetylcholine,acetylcholine,0.8852128217692532,1,2,2,False,False,False
2192,19030,DNge091,DNge091_L,Cachero 2010:aSG-a,DNge091,,descending_neuron,,L,,fru_low,acetylcholine,acetylcholine,0.9747326673375373,1,1,3,False,False,False
2193,19035,AVLP126,AVLP126_R,,"CB2370,CB1681",AVLP126,cb_intrinsic,,R,,,acetylcholine,acetylcholine,0.9068161872244611,1,2,2,False,False,False
2194,19038,DNg106,DNg106_L,,DNg106,,descending_neuron,,L,,,gaba,gaba,0.8560685211747073,-1,2,2,False,False,False
2195,19041,,,,"CB1066,CB3649",,cb_intrinsic,,R,,,acetylcholine,acetylcholine,0.9651180549459968,1,2,2,False,False,False
2196,19048,CB1973,CB1973_L,Cachero 2010: aIP-g; Yu 2010: pIP6,CB1973,,cb_intrinsic,,L,,fru_low,acetylcholine,acetylcholine,0.9690003769731321,1,2,2,False,False,False
2197,19051,CB3364,CB3364_R,,CB3364,,cb_intrinsic,,R,,,acetylcholine,acetylcholine,0.9643834791085568,1,2,2,False,False,False
2198,19063,AN17A015,AN17A015_L,,AN_AVLP_GNG_19,,ascending_neuron,,L,,,acetylcholine,acetylcholine,0.9650799997556796,1,2,2,False,False,False
2199,19080,AVLP461,AVLP461_L,,CB4160,AVLP461,cb_intrinsic,,L,,,gaba,gaba,0.7729383554394833,-1,2,2,False,False,False
2200,19082,CB1314,CB1314_R,,CB1314,,cb_intrinsic,,R,,,gaba,gaba,0.8427704443900379,-1,2,2,False,False,False
2201,19084,DNge029,DNge029_L,,DNge029,,descending_neuron,,L,,,glutamate,glutamate,0.7651459237834257,-1,2,2,False,False,False
2202,19088,CB1932,CB1932_L,,CB1932,,cb_intrinsic,,L,,,acetylcholine,acetylcholine,0.9676391216243757,1,2,2,False,False,False
2203,19089,AVLP204,AVLP204_R,Cachero 2010: aIP-a,CB3685,AVLP204,cb_intrinsic,,R,,fru_high,gaba,gaba,0.8108509696295549,-1,2,2,False,False,False
2204,19095,CB3630,CB3630_L,,CB3630,"AVLP057,AVLP058",cb_intrinsic,,L,,,glutamate,glutamate,0.7715884042932684,-1,2,2,False,False,False
2205,19105,PVLP214m,PVLP214m_L,Cachero 2010: pIP-e; Yu 2010: pIP5,,,cb_intrinsic,,L,male-specific,fru_low,acetylcholine,acetylcholine,0.9596291603165709,1,2,2,False,False,False
2206,19107,AVLP039,AVLP039_R,,AVLP039,AVLP039,cb_intrinsic,,R,,,acetylcholine,acetylcholine,0.8925006172889552,1,2,2,False,False,False
2207,19109,AVLP743m,AVLP743m_R,Ruta 2010: LC1,,,cb_intrinsic,,R,male-specific,fru_low,unclear,unclear,0.46477646890393,0,2,2,False,False,False
2208,19122,LT85,LT85_R,,LT85,,visual_projection,,R,,,acetylcholine,acetylcholine,0.8930929679305492,1,2,2,False,False,False
2209,19128,mAL_m8,mAL_m8_L,Cachero 2010: aDT-b; Yu 2010: aDT2,,,cb_intrinsic,,L,male-specific,fru_high,gaba,gaba,0.6056964224737176,-1,2,2,False,False,False
2210,19136,pC1_3c,pC1_3c_L,"Lee 2002, Rideout 2010, Nojima 2021: pC1; Cachero 2010: pMP-e; Yu 2010: pMP4",,,cb_intrinsic,,L,male-specific,coexpress_high,acetylcholine,acetylcholine,0.960315056735827,1,2,2,False,True,False
2211,19163,LAL302m,LAL302m_R,"Lee 2002, Rideout 2010: pC2; Robinett 2010, Nojima 2021: pC2m",,,cb_intrinsic,,R,male-specific,dsx_high,acetylcholine,acetylcholine,0.971400068375553,1,2,1,False,False,False
2212,19165,AMMC022,AMMC022_L,,CB2067,,cb_intrinsic,,L,,,gaba,gaba,0.8589202575737519,-1,1,3,False,False,False
2213,19171,AVLP347,AVLP347_R,,AVLP347,AVLP347,cb_intrinsic,,R,,,acetylcholine,acetylcholine,0.9454388087650298,1,2,2,False,False,False
2214,19174,PVLP078,PVLP078_R,,CB0813,PVLP078,cb_intrinsic,,R,,,acetylcholine,acetylcholine,0.9609335300340961,1,2,2,False,False,False
2215,19175,AN06B002,AN06B002_L,,AN_GNG_178,,ascending_neuron,,L,,,gaba,gaba,0.8970767089837086,-1,2,2,False,False,False
2216,19187,WED125,WED125_L,,WED125,WED125,cb_intrinsic,,L,,,acetylcholine,acetylcholine,0.9591954392403609,1,1,3,False,False,False
2217,19200,AVLP734m,AVLP734m_L,Cachero 2010: aSP-k; Yu 2010: aSP8,,,cb_intrinsic,,L,male-specific,fru_high,gaba,gaba,0.8336506363679975,-1,3,1,False,False,False
2218,19205,AVLP283,AVLP283_R,,AVLP283,AVLP283,cb_intrinsic,,R,,,acetylcholine,acetylcholine,0.9602965268710958,1,2,2,False,False,False
2219,19206,AN06B034,AN06B034_R,,AN_multi_50,,ascending_neuron,,R,,,gaba,gaba,0.8536502010553482,-1,2,2,False,False,False
2220,19212,LH004m,LH004m_R,Ruta 2010: LC1; fru-M-500251,,,cb_intrinsic,,R,male-specific,fru_high,gaba,gaba,0.5861662547240626,-1,3,1,False,False,False
2221,19217,AN23B003,AN23B003_R,,AN_GNG_81,,ascending_neuron,,R,,,acetylcholine,acetylcholine,0.9699494955946617,1,2,2,False,False,False
2222,19221,CB2789,CB2789_L,,CB2789,,cb_intrinsic,,L,,,acetylcholine,acetylcholine,0.9479601262222966,1,1,2,False,False,False
2223,19222,AVLP333,AVLP333_L,,"CB1993,CB4053",AVLP333,cb_intrinsic,,L,,,acetylcholine,acetylcholine,0.9653010052939238,1,2,2,False,False,False
2224,19223,ICL003m,ICL003m_L,Cachero 2010: aSP-b; Yu 2010: aSP1,,,cb_intrinsic,,L,male-specific,fru_high,glutamate,glutamate,0.8013014124934746,-1,2,1,False,False,False
2225,19231,AVLP731m,AVLP731m_R,Cachero 2010: aIP-c; Yu 2010: aIP1/aIP4/aSP10,,,cb_intrinsic,,R,male-specific,fru_high,acetylcholine,acetylcholine,0.9584524157948064,1,2,2,False,False,False
2226,19235,AVLP040,AVLP040_R,,AVLP040,AVLP040,cb_intrinsic,,R,,,acetylcholine,acetylcholine,0.9237038060943178,1,2,2,False,False,False
2227,19236,AVLP762m,AVLP762m_R,Cachero 2010: aSP-k; Yu 2010: aSP8; Zhou 2015: vPN1,,,cb_intrinsic,,R,male-specific,fru_high,gaba,gaba,0.6543273103492011,-1,2,2,False,True,False
2228,19258,PLP052,PLP052_L,,CB3896,PLP052,cb_intrinsic,,L,,,acetylcholine,acetylcholine,0.9508908237872158,1,2,2,False,False,False
2229,19260,LC4,LC4_R,,LC4,LC4,visual_projection,,R,,,acetylcholine,acetylcholine,0.9603373795067649,1,2,2,False,False,False
2230,19283,LAL300m,LAL300m_L,"Lee 2002, Rideout 2010: pC2; Robinett 2010, Nojima 2021: pC2m",,,cb_intrinsic,,L,male-specific,dsx_high,acetylcholine,acetylcholine,0.9462737274219666,1,2,2,False,False,False
2231,19287,CB3530,CB3530_L,,CB3530,,cb_intrinsic,,L,,,acetylcholine,acetylcholine,0.9059171742943534,1,2,2,False,False,False
2232,19300,PVLP080_b,PVLP080_b_R,,PVLP080b,PVLP080,cb_intrinsic,,R,,,gaba,gaba,0.8421004607732591,-1,2,2,False,False,False
2233,19306,GNG011,GNG011_R,,CB0009,,cb_intrinsic,,R,,,gaba,gaba,0.7716592986598884,-1,2,2,False,False,False
2234,19318,LAL029_a,LAL029_a_R,Cachero 2010: aSP-d; Yu 2010: aSP13,"LAL028,LAL029",LAL029,cb_intrinsic,,R,,fru_low,acetylcholine,acetylcholine,0.9548678250407453,1,2,2,False,False,False
2235,19322,WED066,WED066_R,,"CB2108,CB2449",WED066,cb_intrinsic,,R,,,acetylcholine,acetylcholine,0.9628807534148743,1,2,2,False,False,False
2236,19343,PVLP214m,PVLP214m_R,Cachero 2010: pIP-e; Yu 2010: pIP5,,,cb_intrinsic,,R,male-specific,fru_low,acetylcholine,acetylcholine,0.9407961317861937,1,2,2,False,False,False
2237,19349,CB0154,CB0154_L,,CB0154,,cb_intrinsic,,L,,,gaba,gaba,0.8653237589339126,-1,2,2,False,False,False
2238,19356,SAD021,SAD021_R,,CB4118,SAD021,cb_intrinsic,,R,,,gaba,gaba,0.8129739952412984,-1,2,2,False,False,False
2239,19359,CB3607,CB3607_R,,CB3607,,cb_intrinsic,,R,,,acetylcholine,acetylcholine,0.9546853444929504,1,2,2,False,False,False
2240,19364,LHAV2b2_a,LHAV2b2_a_L,Cachero 2010: aIP-e; Yu 2010: aSP9; Ruta 2010: LC2,LHAV2b2a,LHAV2b2_a,cb_intrinsic,,L,sexually dimorphic,fru_high,acetylcholine,acetylcholine,0.9728934017108573,1,2,2,False,False,False
2241,19368,PVLP210m,PVLP210m_R,Cachero 2010: pIP-e; Yu 2010: pIP5,,,cb_intrinsic,,R,male-specific,fru_high,acetylcholine,acetylcholine,0.9609953296813215,1,3,1,False,False,False
2242,19375,CL025,CL025_R,,CL025,CL025,cb_intrinsic,,R,,,glutamate,glutamate,0.8233597717743547,-1,3,1,False,False,False
2243,19380,PVLP082,PVLP082_R,,PVLP082b,PVLP082,cb_intrinsic,,R,,,gaba,gaba,0.681747879403687,-1,2,2,False,False,False
2244,19386,GNG345,GNG345_R,,CB3899,,cb_intrinsic,,M,,,gaba,gaba,0.8222418794437902,-1,2,2,False,False,False
2245,19400,CB4094,CB4094_L,,CB4094,,cb_intrinsic,,L,,,acetylcholine,acetylcholine,0.9472035231994035,1,1,2,False,False,False
2246,19414,AVLP750m,AVLP750m_R,Cachero 2010: aSP-g; Yu 2010: aSP6,,,cb_intrinsic,,R,male-specific,fru_high,acetylcholine,acetylcholine,0.9385161116097989,1,2,2,False,False,False
2247,19415,aIPg7,aIPg7_R,Cachero 2010: aIP-g; Yu 2010: pIP6,"CB1618,CB3330",SMP574,cb_intrinsic,,R,sexually dimorphic,fru_high,acetylcholine,acetylcholine,0.9188674698811317,1,3,1,False,False,False
2248,19417,AVLP744m,AVLP744m_R,,,,cb_intrinsic,,R,male-specific,,acetylcholine,acetylcholine,0.9180333803027696,1,2,2,False,False,False
2249,19419,AN09B029,AN09B029_R,,AN_multi_16,,ascending_neuron,,R,,,acetylcholine,acetylcholine,0.9526811501232375,1,2,2,False,False,False
2250,19420,LC4,LC4_R,,LC4,LC4,visual_projection,,R,,,acetylcholine,acetylcholine,0.9615833943561014,1,2,2,False,False,False
2251,19422,CB2789,CB2789_L,,CB2789,,cb_intrinsic,,L,,,acetylcholine,acetylcholine,0.9499801450345954,1,1,3,False,False,False
2252,19433,AN19B025,AN19B025_R,,AN_GNG_4,,ascending_neuron,,R,,,acetylcholine,acetylcholine,0.967465029042024,1,2,2,False,False,False
2253,19440,AN09B016,AN09B016_L,,AN_AVLP_54,,ascending_neuron,,L,,,acetylcholine,acetylcholine,0.9655087441787087,1,2,2,False,False,False
2254,19450,DNge091,DNge091_L,Cachero 2010:aSG-a,DNge091,,descending_neuron,,L,,fru_low,acetylcholine,acetylcholine,0.9747326673375373,1,1,3,False,False,False
2255,19454,PVLP024,PVLP024_R,,PVLP024,PVLP024,cb_intrinsic,,R,,,gaba,gaba,0.8655004567993698,-1,2,2,False,False,False
2256,19458,CL122_b,CL122_b_L,Cachero 2010: aDT-g; Yu 2010: aDT5,CB3978,CL122,cb_intrinsic,,L,sexually dimorphic,fru_low,gaba,gaba,0.8408283279915919,-1,3,1,False,False,False
2257,19463,CB1688,CB1688_R,Cachero 2010: aIP-e;Yu 2010: aSP9,CB1688,,cb_intrinsic,,R,,fru_low,acetylcholine,acetylcholine,0.9669723585350576,1,2,2,False,False,False
2258,19487,LH007m,LH007m_L,Ruta 2010: LC1; fru-M-300124,,,cb_intrinsic,,L,male-specific,fru_high,gaba,gaba,0.6155892429526226,-1,2,1,False,False,False
2259,19502,VES200m,VES200m_L,Cachero 2010: aSP-b; Yu 2010: aSP1,,,cb_intrinsic,,L,potentially male-specific,fru_high,glutamate,glutamate,0.7466078982855393,-1,2,2,False,False,False
2260,19523,PVLP073,PVLP073_L,,CB1819,PVLP073,cb_intrinsic,,L,,,acetylcholine,acetylcholine,0.9693886124375637,1,2,2,False,False,False
2261,19524,SAD200m,SAD200m_L,Cachero 2010: aDT-g; Yu 2010: aDT5,,,cb_intrinsic,,L,male-specific,fru_high,gaba,gaba,0.8614315665950639,-1,1,2,False,False,False
2262,19532,WED206,WED206_L,,CB1816,,cb_intrinsic,,L,,,gaba,gaba,0.8363472467759974,-1,1,3,False,False,False
2263,19550,LC4,LC4_R,,LC4,LC4,visual_projection,,R,,,acetylcholine,acetylcholine,0.9663551449510355,1,2,2,False,False,False
2264,19554,LAL028,LAL028_R,Cachero 2010: aSP-d; Yu 2010: aSP13,"LAL028,LAL029",LAL028,cb_intrinsic,,R,,fru_low,acetylcholine,acetylcholine,0.9695368212585712,1,2,2,False,False,False
2265,19558,PVLP214m,PVLP214m_L,Cachero 2010: pIP-e; Yu 2010: pIP5,,,cb_intrinsic,,L,male-specific,fru_low,acetylcholine,acetylcholine,0.9605721319409866,1,2,2,False,False,False
2266,19559,CB0128,CB0128_L,,CB0128,,cb_intrinsic,,L,,,acetylcholine,acetylcholine,0.5338892058639333,1,2,2,False,False,False
2267,19566,LAL029_b,LAL029_b_R,Cachero 2010: aSP-d; Yu 2010: aSP13,"LAL028,LAL029",LAL029,cb_intrinsic,,R,,fru_low,acetylcholine,acetylcholine,0.958207853779737,1,2,2,False,False,False
2268,19567,PVLP210m,PVLP210m_R,Cachero 2010: pIP-e; Yu 2010: pIP5; Nojima 2021: pC2l,,,cb_intrinsic,,R,male-specific,coexpress_high,acetylcholine,acetylcholine,0.9488754628028414,1,2,1,False,False,False
2269,19592,CB3595,CB3595_R,,CB3595,,cb_intrinsic,,R,,,gaba,gaba,0.8541251460936995,-1,2,2,False,False,False
2270,19598,AVLP113,AVLP113_R,,CB3398,AVLP113,cb_intrinsic,,R,,,acetylcholine,acetylcholine,0.9177124548831538,1,2,2,False,False,False
2271,19600,AVLP763m,AVLP763m_R,Cachero 2010: aSP-k; Yu 2010: aSP8; Zhou 2015: vPN1,,,cb_intrinsic,,R,male-specific,fru_high,gaba,gaba,0.7164969357721003,-1,2,1,False,True,False
2272,19606,,,,"CB3289,CB3531",,cb_intrinsic,,L,,,acetylcholine,acetylcholine,0.9613885010829855,1,2,2,False,False,False
2273,19621,AVLP173,AVLP173_R,,CB3977,AVLP173,cb_intrinsic,,R,,,acetylcholine,acetylcholine,0.9115574094744757,1,2,2,False,False,False
2274,19624,VES023,VES023_R,,VES023,VES023,cb_intrinsic,,R,,,gaba,gaba,0.7941103875662355,-1,2,2,False,False,False
2275,19634,LC4,LC4_R,,LC4,LC4,visual_projection,,R,,,acetylcholine,acetylcholine,0.9669544928610335,1,2,2,False,False,False
2276,19638,CB1314,CB1314_L,,CB1314,,cb_intrinsic,,L,,,gaba,gaba,0.8870618597647268,-1,2,2,False,False,False
2277,19641,CL030,CL030_L,,CL030,CL030,cb_intrinsic,,L,,,glutamate,glutamate,0.8185690510017773,-1,2,2,False,False,False
2278,19649,PVLP204m,PVLP204m_L,Cachero 2010: pIP-e; Yu 2010: pIP5,,,cb_intrinsic,,L,male-specific,fru_high,acetylcholine,acetylcholine,0.9452714969395745,1,2,1,False,False,False
2279,19650,pC1_3a,pC1_3a_L,"Lee 2002, Rideout 2010, Nojima 2021: pC1; Cachero 2010: pMP-e; Yu 2010: pMP4",,,cb_intrinsic,,L,male-specific,coexpress_high,acetylcholine,acetylcholine,0.9567871851800777,1,2,2,False,True,False
2280,19658,PVLP074,PVLP074_L,,PVLP074b,PVLP074,cb_intrinsic,,L,,,acetylcholine,acetylcholine,0.9730458214750952,1,2,2,False,False,False
2281,19668,SAD021_c,SAD021_c_R,,SAD021_c,SAD021_c,cb_intrinsic,,R,,,gaba,gaba,0.8137863076813932,-1,2,2,False,False,False
2282,19672,pC1_13a,pC1_13a_R,"Lee 2002, Rideout 2010, Nojima 2021: pC1; Cachero 2010: pMP-e; Yu 2010: pMP4",,,cb_intrinsic,,R,potentially male-specific,coexpress_high,acetylcholine,acetylcholine,0.9214961493097349,1,3,1,False,True,False
2283,19687,AVLP109,AVLP109_R,,AVLP109,AVLP109,cb_intrinsic,,R,,,acetylcholine,acetylcholine,0.9569743015017729,1,2,2,False,False,False
2284,19692,WED117,WED117_L,,"CB1143,CB1692",WED117,cb_intrinsic,,L,,,acetylcholine,acetylcholine,0.962527678095393,1,1,2,False,False,False
2285,19695,AVLP095,AVLP095_R,,CB3348,AVLP095,cb_intrinsic,,R,,,gaba,gaba,0.8654600547738597,-1,2,1,False,False,False
2286,19701,CB3364,CB3364_L,,CB3364,,cb_intrinsic,,L,,,acetylcholine,acetylcholine,0.9618172616288695,1,1,2,False,False,False
2287,19705,pC1_2b,pC1_2b_R,"Lee 2002, Rideout 2010, Nojima 2021: pC1; Cachero 2010: pMP-e; Yu 2010: pMP4",,,cb_intrinsic,,R,male-specific,coexpress_high,acetylcholine,acetylcholine,0.9629136165735351,1,2,1,False,True,False
2288,19710,AVLP748m,AVLP748m_L,Cachero 2010: aIP-b,,,cb_intrinsic,,L,potentially male-specific,fru_high,acetylcholine,acetylcholine,0.9101442083044953,1,2,2,False,False,False
2289,19721,AVLP040,AVLP040_L,,AVLP040,AVLP040,cb_intrinsic,,L,,,acetylcholine,acetylcholine,0.9405786405596153,1,2,2,False,False,False
2290,19748,PVLP028,PVLP028_R,,PVLP028,PVLP028,cb_intrinsic,,R,,,gaba,gaba,0.8415269828005522,-1,2,2,False,False,False
2291,19749,DNge091,DNge091_L,Cachero 2010:aSG-a,DNge091,,descending_neuron,,L,,fru_low,acetylcholine,acetylcholine,0.9747326673375373,1,1,3,False,False,False
2292,19753,AN23B003,AN23B003_L,,AN_GNG_81,,ascending_neuron,,L,,,acetylcholine,acetylcholine,0.965685106870715,1,2,2,False,False,False
2293,19756,CB1852,CB1852_R,Cachero 2010: aIP-e; Yu 2010: aSP9; Ruta 2010: LC2,CB1852,,cb_intrinsic,,R,,fru_high,acetylcholine,acetylcholine,0.9686008763114319,1,2,2,False,False,False
2294,19761,CB3649,CB3649_R,,CB3649,,cb_intrinsic,,R,,,acetylcholine,acetylcholine,0.9666494644835127,1,2,2,False,False,False
2295,19765,CB4073,CB4073_L,,CB4073,,cb_intrinsic,,L,,,acetylcholine,acetylcholine,0.96144505954434,1,2,2,False,False,False
2296,19769,AVLP346,AVLP346_L,,"(AVLP346,AVLP348)a",AVLP346,cb_intrinsic,,L,,,acetylcholine,acetylcholine,0.9474919233457186,1,2,2,False,False,False
2297,19781,LH007m,LH007m_R,Ruta 2010: LC1; fru-M-300124,,,cb_intrinsic,,R,male-specific,fru_high,gaba,gaba,0.6750602034886395,-1,3,1,False,False,False
2298,19784,AVLP308,AVLP308_R,,AVLP308,AVLP308,cb_intrinsic,,R,,,acetylcholine,acetylcholine,0.928240700639131,1,2,2,False,False,False
2299,19794,LC4,LC4_R,,LC4,LC4,visual_projection,,R,,,acetylcholine,acetylcholine,0.9543835203259792,1,2,2,False,False,False
2300,19799,WED127,WED127_R,,WED127,WED127,cb_intrinsic,,R,,,acetylcholine,acetylcholine,0.9517549121630504,1,2,2,False,False,False
2301,19816,LAL302m,LAL302m_L,"Lee 2002, Rideout 2010: pC2; Robinett 2010, Nojima 2021: pC2m",,,cb_intrinsic,,L,male-specific,dsx_high,acetylcholine,acetylcholine,0.9614810666127662,1,3,1,False,False,False
2302,19818,AVLP762m,AVLP762m_R,Cachero 2010: aSP-k; Yu 2010: aSP8; Zhou 2015: vPN1,,,cb_intrinsic,,R,male-specific,fru_high,gaba,gaba,0.6724108973960068,-1,2,1,False,True,False
2303,19821,CB3660,CB3660_L,,CB3660,"AVLP057,AVLP058",cb_intrinsic,,L,,,glutamate,glutamate,0.8125743623983703,-1,2,2,False,False,False
2304,19822,PVLP201m_b,PVLP201m_b_R,,,,cb_intrinsic,,R,male-specific,,acetylcholine,acetylcholine,0.9627710376791627,1,2,2,False,False,False
2305,19838,VES204m,VES204m_L,"Lee 2002, Rideout 2010: pC2; Robinett 2010, Nojima 2021: pC2m",,,cb_intrinsic,,L,male-specific,dsx_high,acetylcholine,acetylcholine,0.9392070677414044,1,2,1,False,False,False
2306,19850,PLP132,PLP132_L,,PLP132,PLP132,cb_intrinsic,,L,,,acetylcholine,acetylcholine,0.964994585403525,1,2,2,False,False,False
2307,19856,,,,"CB1066,CB3649",,cb_intrinsic,,L,,,acetylcholine,acetylcholine,0.9747326673375373,1,2,2,False,False,False
2308,19864,CB3879,CB3879_R,,CB3879,,cb_intrinsic,,R,,,gaba,gaba,0.8211815627054658,-1,2,2,False,False,False
2309,19866,,,,"CB0642,CB0662",,cb_intrinsic,,L,,,acetylcholine,acetylcholine,0.9541914685130476,1,2,2,False,False,False
2310,19881,CL025,CL025_L,,CL025,CL025,cb_intrinsic,,L,,,glutamate,glutamate,0.8076349308237689,-1,3,1,False,False,False
2311,19899,CB3649,CB3649_L,,CB3649,,cb_intrinsic,,L,,,acetylcholine,acetylcholine,0.9545386591275796,1,2,2,False,False,False
2312,19904,CB0046,CB0046_L,,CB0046,,cb_intrinsic,,L,,,gaba,gaba,0.8701566826303141,-1,2,2,False,False,False
2313,19905,CB3631,CB3631_R,,CB3631,,cb_intrinsic,,R,,,acetylcholine,acetylcholine,0.9747326673375372,1,1,3,False,False,False
2314,19912,aIPg5,aIPg5_R,Cachero 2010: aIP-g; Yu 2010: pIP6,"CB2668,CB3349",SMP557,cb_intrinsic,,R,sexually dimorphic,fru_high,acetylcholine,acetylcholine,0.8797541741465981,1,3,1,False,False,False
2315,19924,CB2664,CB2664_L,,CB2664,,cb_intrinsic,,L,,,acetylcholine,acetylcholine,0.949037076997936,1,1,2,False,False,False
2316,19926,CB1142,CB1142_R,,CB1142,,cb_intrinsic,,R,,,acetylcholine,acetylcholine,0.9675901840005752,1,2,2,False,False,False
2317,19927,CB4073,CB4073_R,,CB4073,,cb_intrinsic,,R,,,acetylcholine,acetylcholine,0.9596650727941305,1,2,2,False,False,False
2318,19948,pC1_3c,pC1_3c_R,"Lee 2002, Rideout 2010, Nojima 2021: pC1; Cachero 2010: pMP-e; Yu 2010: pMP4",,,cb_intrinsic,,R,male-specific,coexpress_high,acetylcholine,acetylcholine,0.9318110891655447,1,2,2,False,True,False
2319,19954,LC4,LC4_R,,LC4,LC4,visual_projection,,R,,,acetylcholine,acetylcholine,0.9688685963712497,1,2,2,False,False,False
2320,19955,AVLP040,AVLP040_L,,AVLP040,AVLP040,cb_intrinsic,,L,,,acetylcholine,acetylcholine,0.956750062474615,1,2,2,False,False,False
2321,19977,PVLP074,PVLP074_L,,PVLP074b,PVLP074,cb_intrinsic,,L,,,acetylcholine,acetylcholine,0.9747326673375373,1,2,2,False,False,False
2322,19984,AVLP567,AVLP567_L,Cachero 2010: pIP-e; Yu 2010: pIP5; Nojima 2021: pC2l,AVLP567,AVLP567,cb_intrinsic,,L,sexually dimorphic,coexpress_high,acetylcholine,acetylcholine,0.9305388879993634,1,2,2,False,False,False
2323,19986,PS093,PS093_L,,PS093,PS093,cb_intrinsic,,L,,,gaba,gaba,0.7800145956849904,-1,2,2,False,False,False
2324,19987,AVLP252,AVLP252_L,,AVLP252,AVLP252,cb_intrinsic,,L,,,gaba,gaba,0.7498129924922117,-1,2,2,False,False,False
2325,19990,AVLP096,AVLP096_R,,AVLP096,AVLP096,cb_intrinsic,,R,sexually dimorphic,,gaba,gaba,0.8315141805411793,-1,2,2,False,False,False
2326,19998,LAL161,LAL161_L,,"LAL160,LAL161",LAL161,cb_intrinsic,,L,,,acetylcholine,acetylcholine,0.948922387512826,1,2,2,False,False,False
2327,20010,AN06B002,AN06B002_L,,AN_GNG_178,,ascending_neuron,,L,,,gaba,gaba,0.8923769165070696,-1,2,2,False,False,False
2328,20016,LC4,LC4_R,,LC4,LC4,visual_projection,,R,,,acetylcholine,acetylcholine,0.9693046046740365,1,2,2,False,False,False
2329,20040,LPLC4,LPLC4_L,,LPLC4,LPLC4,visual_projection,,L,,,acetylcholine,acetylcholine,0.9652493483734559,1,2,2,False,False,False
2330,20054,DNge091,DNge091_L,Cachero 2010:aSG-a,DNge091,,descending_neuron,,L,,fru_low,acetylcholine,acetylcholine,0.9729433059806926,1,1,3,False,False,False
2331,20055,,,,"CB3289,CB3531",,cb_intrinsic,,R,,,acetylcholine,acetylcholine,0.9356935774075664,1,2,2,False,False,False
2332,20061,CB3870,CB3870_L,,CB3870,,cb_intrinsic,,L,,,glutamate,glutamate,0.730502832159521,-1,1,3,False,False,False
2333,20065,ANXXX055,ANXXX055_L,,AN_AVLP_15,,ascending_neuron,,L,,,acetylcholine,acetylcholine,0.9676176075784665,1,2,2,False,False,False
2334,20077,CL122_b,CL122_b_R,Cachero 2010: aDT-g; Yu 2010: aDT5,CB3978,CL122,cb_intrinsic,,R,sexually dimorphic,fru_low,gaba,gaba,0.834357947446083,-1,2,1,False,False,False
2335,20080,WED093,WED093_R,,CB1675,WED093,cb_intrinsic,,R,,,acetylcholine,acetylcholine,0.9390945392537745,1,2,2,False,False,False
2336,20097,AVLP744m,AVLP744m_R,,,,cb_intrinsic,,R,male-specific,,acetylcholine,acetylcholine,0.9247443179326046,1,2,1,False,False,False
2337,20099,AVLP309,AVLP309_R,,AVLP309b,AVLP309,cb_intrinsic,,R,,,acetylcholine,acetylcholine,0.9211577785012657,1,2,2,False,False,False
2338,20104,AVLP253,AVLP253_R,,"AVLP253,AVLP254",AVLP253,cb_intrinsic,,R,,,gaba,gaba,0.707206327044336,-1,2,2,False,False,False
2339,20110,CB3184,CB3184_L,,CB3184,,cb_intrinsic,,L,,,acetylcholine,acetylcholine,0.962155063910354,1,1,2,False,False,False
2340,20116,AVLP380,AVLP380_L,,AVLP380,AVLP380,cb_intrinsic,,L,,,acetylcholine,acetylcholine,0.9650517081085975,1,2,2,False,False,False
2341,20117,pC1_4a,pC1_4a_R,"Lee 2002, Rideout 2010, Nojima 2021: pC1",,,cb_intrinsic,,R,male-specific,dsx_high,acetylcholine,acetylcholine,0.9432792386687459,1,2,2,False,True,False
2342,20121,CB2396,CB2396_L,,CB2396,,cb_intrinsic,,L,,,gaba,gaba,0.8195324163626906,-1,2,2,False,False,False
2343,20129,DNg12_e,DNg12_e_R,,DNg12_e,,descending_neuron,,R,,,acetylcholine,acetylcholine,0.9642249166501937,1,2,2,False,False,False
2344,20130,WED117,WED117_R,,"CB2576,CB3415",WED117,cb_intrinsic,,R,,,acetylcholine,acetylcholine,0.9642779172803427,1,2,2,False,False,False
2345,20137,PVLP080_b,PVLP080_b_R,,PVLP080b,PVLP080,cb_intrinsic,,R,,,gaba,gaba,0.8595975156358061,-1,2,2,False,False,False
2346,20138,CB2254,CB2254_R,,CB2254,,cb_intrinsic,,R,,,gaba,gaba,0.7990196896547038,-1,2,2,False,False,False
2347,20142,WED063_b,WED063_b_L,,"CB2108,CB2449",WED063_b,cb_intrinsic,,L,,,acetylcholine,acetylcholine,0.967512029596043,1,2,2,False,False,False
2348,20143,CB4102,CB4102_L,,CB4102,,cb_intrinsic,,L,,,acetylcholine,acetylcholine,0.9702073789260276,1,2,2,False,False,False
2349,20150,LC9,LC9_L,,LC9,LC9,visual_projection,,L,,,acetylcholine,acetylcholine,0.960098668061484,1,2,2,False,False,False
2350,20163,AVLP158,AVLP158_R,,AVLP158,AVLP158,cb_intrinsic,,R,,,acetylcholine,acetylcholine,0.9222027328400214,1,2,2,False,False,False
2351,20170,AN17B013,AN17B013_R,,AN_AMMC_SAD_1,,ascending_neuron,,R,,,gaba,gaba,0.780428136105695,-1,2,2,False,False,False
2352,20190,LoVP50,LoVP50_L,,"LT53,PLP098",PLP098,visual_projection,,L,,,acetylcholine,acetylcholine,0.9411355234402077,1,2,2,False,False,False
2353,20227,ANXXX005,ANXXX005_R,,ANXXX005,,ascending_neuron,,R,,,unclear,serotonin,0.5687872572632846,0,1,2,False,False,False
2354,20237,WED063_a,WED063_a_L,,"CB2108,CB2449",WED063_a,cb_intrinsic,,L,,,acetylcholine,acetylcholine,0.9637288350733455,1,2,2,False,False,False
2355,20239,SIP118m,SIP118m_R,Cachero 2010: aSP-a; Yu 2010: aSP2,,,cb_intrinsic,,R,male-specific,fru_high,glutamate,glutamate,0.7676985208495236,-1,2,2,False,False,False
2356,20249,AVLP470_a,AVLP470_a_L,,AVLP470a,AVLP470,cb_intrinsic,,L,,,acetylcholine,acetylcholine,0.9492528610332022,1,2,2,False,False,False
2357,20255,pC1_1a,pC1_1a_L,"Lee 2002, Rideout 2010, Nojima 2021: pC1; Cachero 2010: pMP-e; Yu 2010: pMP4",,,cb_intrinsic,,L,male-specific,coexpress_high,acetylcholine,acetylcholine,0.9593290343005686,1,2,2,False,True,False
2358,20278,M_vPNml65,M_vPNml65_L,Cachero 2010: aDT-f,M_vPNml65,M_vPNml65,cb_intrinsic,ALPN,L,,fru_low,gaba,gaba,0.772993550278664,-1,2,2,False,False,False
2359,20291,SIP122m,SIP122m_L,Cachero 2010: aSP-a; Yu 2010: aSP2,,,cb_intrinsic,,L,male-specific,fru_high,glutamate,glutamate,0.6912517210936805,-1,2,2,False,False,False
2360,20312,CB3630,CB3630_R,,CB3630,"AVLP057,AVLP058",cb_intrinsic,,R,,,glutamate,glutamate,0.7783618659649395,-1,2,2,False,False,False
2361,20335,mAL_m3c,mAL_m3c_L,Cachero 2010: aDT-b; Yu 2010: aDT2,,,cb_intrinsic,,L,male-specific,fru_high,gaba,gaba,0.624844451722502,-1,2,2,False,False,False
2362,20349,AMMC017,AMMC017_L,,CB3805,,cb_intrinsic,,L,,,acetylcholine,acetylcholine,0.9509429859642202,1,2,2,False,False,False
2363,20360,PVLP202m,PVLP202m_L,"Lee 2002, Rideout 2010: pC2; Robinett 2010, Nojima 2021: pC2m",,,cb_intrinsic,,L,male-specific,dsx_high,acetylcholine,acetylcholine,0.9499187219442825,1,3,1,False,False,False
2364,20392,pC1_2c,pC1_2c_R,"Lee 2002, Rideout 2010, Nojima 2021: pC1; Cachero 2010: pMP-e; Yu 2010: pMP4",,,cb_intrinsic,,R,male-specific,coexpress_high,acetylcholine,acetylcholine,0.9632545571355393,1,2,1,False,True,False
2365,20398,AN01A033,AN01A033_R,,AN_AVLP_26,,ascending_neuron,,R,,,acetylcholine,acetylcholine,0.8661717125017717,1,2,2,False,False,False
2366,20399,LC4,LC4_R,,LC4,LC4,visual_projection,,R,,,acetylcholine,acetylcholine,0.9598578910655974,1,2,2,False,False,False
2367,20401,CB2501,CB2501_L,,CB2501,,cb_intrinsic,,L,,,acetylcholine,acetylcholine,0.962771538325622,1,1,2,False,False,False
2368,20418,DNpe053,DNpe053(SMP454)_R,,DNpe053,SMP454,descending_neuron,,R,,,acetylcholine,acetylcholine,0.9386006238869377,1,2,1,False,False,False
2369,20422,AVLP110_a,AVLP110_a_L,,CB3484,AVLP110,cb_intrinsic,,L,,,acetylcholine,acetylcholine,0.8343478072091206,1,2,2,False,False,False
2370,20432,LT73,LT73_R,,LT73,LT73,visual_projection,,R,,,glutamate,glutamate,0.5216091039460976,-1,2,2,False,False,False
2371,20435,WED117,WED117_R,,"CB2576,CB3415",WED117,cb_intrinsic,,R,,,acetylcholine,acetylcholine,0.9602964356981587,1,2,2,False,False,False
2372,20446,aIPg_m3,aIPg_m3_L,Cachero 2010: aIP-g; Yu 2010: pIP6,,,cb_intrinsic,,L,male-specific,fru_high,acetylcholine,acetylcholine,0.9621410124865789,1,2,2,False,False,False
2373,20451,VES097,VES097_R,,CB3547,,cb_intrinsic,,R,,,gaba,gaba,0.8420343908021355,-1,2,2,False,False,False
2374,20454,AVLP264,AVLP264_L,,CB1111,AVLP264,cb_intrinsic,,L,,,acetylcholine,acetylcholine,0.9023271177123623,1,2,2,False,False,False
2375,20468,PS312,PS312(hb1314351013)_R,,CB2237,(hb1314351013),cb_intrinsic,,R,,,glutamate,glutamate,0.7331239715725216,-1,2,2,False,False,False
2376,20469,CB3906,CB3906_L,,CB3906,,cb_intrinsic,,L,,,acetylcholine,acetylcholine,0.9546112424682266,1,2,2,False,False,False
2377,20487,CL253,CL253_L,,CL253,CL253,cb_intrinsic,,L,,,gaba,gaba,0.6667229487466493,-1,2,2,False,False,False
2378,20495,CB3552,CB3552_R,,CB3552,,cb_intrinsic,,R,,,gaba,gaba,0.8339105136951201,-1,2,2,False,False,False
2379,20501,WED063_b,WED063_b_R,,"CB2108,CB2449",WED063_b,cb_intrinsic,,R,,,acetylcholine,acetylcholine,0.9669452526407437,1,2,2,False,False,False
2380,20503,LHPV2i2_a,LHPV2i2_a_R,,LHPV2i2a,LHPV2i2,cb_intrinsic,,R,,,acetylcholine,acetylcholine,0.9671790522091818,1,2,2,False,False,False
2381,20511,CB3578,CB3578_L,,CB3578,,cb_intrinsic,,L,,,acetylcholine,acetylcholine,0.9173194097860832,1,2,2,False,False,False
2382,20512,CB3322,CB3322_R,,CB3322,,cb_intrinsic,,R,,,acetylcholine,acetylcholine,0.9362880590132707,1,2,2,False,False,False
2383,20521,AVLP401,AVLP401_R,,CB1605,AVLP401,cb_intrinsic,,R,,,acetylcholine,acetylcholine,0.9442062154235079,1,2,2,False,False,False
2384,20529,LoVP92,LoVP92_L,Cachero 2010: pIP-b; Yu 2010: pIP8,,,visual_projection,,L,male-specific,fru_high,acetylcholine,acetylcholine,0.9529546587982757,1,2,2,False,False,False
2385,20530,AN05B024,AN05B024_L,,AN_GNG_SAD_6,,ascending_neuron,,L,,,gaba,gaba,0.855854465340445,-1,2,2,False,False,False
2386,20531,DNg09_a,DNg09_a_L,,DNg09,,descending_neuron,,L,,,acetylcholine,acetylcholine,0.9747326673375373,1,1,3,False,False,False
2387,20539,AN12B006,AN12B006_L,,AN_AVLP_39,,ascending_neuron,,L,,,unclear,unclear,0.4765957585350473,0,2,2,False,False,False
2388,20542,LC4,LC4_R,,LC4,LC4,visual_projection,,R,,,acetylcholine,acetylcholine,0.963687864545836,1,2,2,False,False,False
2389,20553,BM,BM_L,,"BM_Ant,BM_Fr,BM_FrOr,BM_InOc,BM_Oc,BM_Or,BM_Vib",,cb_sensory,mechanosensory,,,,acetylcholine,acetylcholine,0.9392045318472647,1,2,2,False,False,False
2390,20558,AVLP120,AVLP120_L,,AVLP120,AVLP120,cb_intrinsic,,L,,,acetylcholine,acetylcholine,0.9430302739295859,1,1,2,False,False,False
2391,20560,AVLP552,AVLP552_R,,"CB3859,CB3861",AVLP552,cb_intrinsic,,R,,,glutamate,glutamate,0.8282938947385212,-1,2,2,False,False,False
2392,20563,AVLP494,AVLP494_R,,AVLP494,AVLP494,cb_intrinsic,,R,,fru_high,acetylcholine,acetylcholine,0.9662951747021516,1,2,2,False,False,False
2393,20567,GNG260,GNG260_R,,CB0303,,cb_intrinsic,,R,,,gaba,gaba,0.8827367803723138,-1,2,2,False,False,False
2394,20574,AVLP039,AVLP039_R,,AVLP039,AVLP039,cb_intrinsic,,R,,,acetylcholine,acetylcholine,0.9392128978977708,1,2,2,False,False,False
2395,20582,AOTU008,AOTU008_R,Cachero 2010: aSP-i; Yu 2010: aSP11; Kimura 2008: AL5a,AOTU008,AOTU008,cb_intrinsic,,R,sexually dimorphic,fru_high,acetylcholine,acetylcholine,0.9251588871619779,1,3,1,False,False,False
2396,20588,LC4,LC4_R,,LC4,LC4,visual_projection,,R,,,acetylcholine,acetylcholine,0.9669595669385621,1,2,2,False,False,False
2397,20597,pC1_6a,pC1_6a_R,Cachero 2010: pMP-e; Yu 2010: pMP4,,,cb_intrinsic,,R,male-specific,coexpress_low,acetylcholine,acetylcholine,0.9407108848031761,1,2,2,False,True,False
2398,20603,CB2006,CB2006_R,,CB2006,,cb_intrinsic,,R,,,acetylcholine,acetylcholine,0.9248282582699839,1,2,2,False,False,False
2399,20611,PVLP074,PVLP074_L,,PVLP074a,PVLP074,cb_intrinsic,,L,,,acetylcholine,acetylcholine,0.9683993334200729,1,2,2,False,False,False
2400,20613,IB050,IB050_L,,IB050,IB050,cb_intrinsic,,L,,,glutamate,glutamate,0.84676090725857,-1,2,2,False,False,False
2401,20622,SAD200m,SAD200m_L,Cachero 2010: aDT-g; Yu 2010: aDT5,,,cb_intrinsic,,L,male-specific,fru_high,gaba,gaba,0.780938546549506,-1,1,2,False,False,False
2402,20624,AVLP551,AVLP551_L,,"CB3859,CB3861",AVLP551,cb_intrinsic,,L,,,glutamate,glutamate,0.8015280207039782,-1,2,2,False,False,False
2403,20644,AN09B014,AN09B014_L,,AN_GNG_40,,ascending_neuron,,L,,,acetylcholine,acetylcholine,0.9651896522842753,1,2,2,False,False,False
2404,20647,LH007m,LH007m_L,Ruta 2010: LC1; fru-M-300124,,,cb_intrinsic,,L,male-specific,fru_high,gaba,gaba,0.7017937883590857,-1,3,1,False,False,False
2405,20652,GNG124,GNG124_L,,CB0358,,cb_intrinsic,,L,,,gaba,gaba,0.8720604736657631,-1,2,2,False,False,False
2406,20657,AVLP551,AVLP551_R,,"CB3859,CB3861",AVLP551,cb_intrinsic,,R,,,glutamate,glutamate,0.8173472827900892,-1,2,2,False,False,False
2407,20658,AVLP731m,AVLP731m_L,Cachero 2010: aIP-c; Yu 2010: aIP1/aIP4/aSP10,,,cb_intrinsic,,L,male-specific,fru_high,acetylcholine,acetylcholine,0.9684508483941998,1,2,2,False,False,False
2408,20670,AVLP338,AVLP338_L,Cachero 2010: aIP-g; Yu 2010: pIP6,CB3382,AVLP338,cb_intrinsic,,L,,fru_low,acetylcholine,acetylcholine,0.9508340263363929,1,2,2,False,False,False
2409,20673,LC4,LC4_R,,LC4,LC4,visual_projection,,R,,,acetylcholine,acetylcholine,0.9747326673375373,1,2,2,False,False,False
2410,20677,CB3450,CB3450_L,,CB3450,,cb_intrinsic,,L,,,acetylcholine,acetylcholine,0.9264069326617399,1,2,2,False,False,False
2411,20690,SMP721m,SMP721m_R,Wang 2020a: pMP1; Rideout 2010: pC3; Zhou 2014: pCd; Nojima 2021: pCd-1; Allen 2025: pMP-z,,,cb_intrinsic,,R,potentially male-specific,coexpress_high,acetylcholine,acetylcholine,0.8997700348816251,1,3,1,False,False,False
2412,20692,CL215,CL215_R,,CL215,CL215,cb_intrinsic,,R,,,acetylcholine,acetylcholine,0.9294062272192324,1,2,2,False,False,False
2413,20697,CL266_a3,CL266_a3_L,,CL266_a,CL266_a,cb_intrinsic,,L,,,acetylcholine,acetylcholine,0.951668641022235,1,2,2,False,False,False
2414,20709,AVLP744m,AVLP744m_L,,,,cb_intrinsic,,L,male-specific,,acetylcholine,acetylcholine,0.9373734659565887,1,2,2,False,False,False
2415,20723,PVLP082,PVLP082_R,,PVLP082b,PVLP082,cb_intrinsic,,R,,,gaba,gaba,0.7051813013489053,-1,2,2,False,False,False
2416,20731,AVLP739m,AVLP739m_R,Cachero 2010: aIP-c; Yu 2010: aIP1/aIP4/aSP10,,,cb_intrinsic,,R,male-specific,fru_high,acetylcholine,acetylcholine,0.9507437063244706,1,2,2,False,False,False
2417,20740,PVLP075,PVLP075_R,,"CB0050,CB0064",PVLP075,cb_intrinsic,,R,,,acetylcholine,acetylcholine,0.9604131439780216,1,2,2,False,False,False
2418,20741,AVLP600,AVLP600_L,,CB3514,,cb_intrinsic,,L,,,acetylcholine,acetylcholine,0.9638436251910762,1,2,2,False,False,False
2419,20743,DNge019,DNge019_R,,DNge019,,descending_neuron,,R,,,acetylcholine,acetylcholine,0.9682612407245311,1,2,2,False,False,False
2420,20747,AOTU043,AOTU043_R,,"CB2283,CB2848",AOTU043,cb_intrinsic,,R,,,acetylcholine,acetylcholine,0.9631392899677195,1,2,2,False,False,False
2421,20750,CB3024,CB3024_R,,CB3024,,cb_intrinsic,,R,,,gaba,gaba,0.8547865347755182,-1,2,2,False,False,False
2422,20751,pC1_16a,pC1_16a_L,"Lee 2002, Rideout 2010, Nojima 2021: pC1; Cachero 2010: pMP-e; Yu 2010: pMP4",,,cb_intrinsic,,L,male-specific,coexpress_high,acetylcholine,acetylcholine,0.9416989094688694,1,3,1,False,True,False
2423,20755,LAL300m,LAL300m_R,"Lee 2002, Rideout 2010: pC2; Robinett 2010, Nojima 2021: pC2m",,,cb_intrinsic,,R,male-specific,dsx_high,acetylcholine,acetylcholine,0.9521787046161237,1,2,2,False,False,False
2424,20757,VES203m,VES203m_R,"Lee 2002, Rideout 2010: pC2; Robinett 2010, Nojima 2021: pC2m",,,cb_intrinsic,,R,male-specific,dsx_high,acetylcholine,acetylcholine,0.9506587464451091,1,2,1,False,False,False
2425,20772,AVLP723m,AVLP723m_R,Cachero 2010: aIP-c; Yu 2010: aIP1/aIP4/aSP10,,,cb_intrinsic,,R,male-specific,fru_high,acetylcholine,acetylcholine,0.962419576909338,1,2,1,False,False,False
2426,20784,AOTU048,AOTU048_R,,AOTU048,AOTU048,cb_intrinsic,,R,,,gaba,gaba,0.8139432381789277,-1,2,2,False,False,False
2427,20803,pC1_4a,pC1_4a_R,"Lee 2002, Rideout 2010, Nojima 2021: pC1",,,cb_intrinsic,,R,male-specific,dsx_high,acetylcholine,acetylcholine,0.9590615433263218,1,2,2,False,True,False
2428,20814,PVLP202m,PVLP202m_L,"Lee 2002, Rideout 2010: pC2; Robinett 2010, Nojima 2021: pC2m",,,cb_intrinsic,,L,male-specific,dsx_high,acetylcholine,acetylcholine,0.9638911963535223,1,3,1,False,False,False
2429,20823,LH006m,LH006m_L,Cachero 2010: aSP-f; Yu 2010: aSP5; Ruta 2010: DC1,,,cb_intrinsic,,L,male-specific,fru_high,acetylcholine,acetylcholine,0.8898548076686452,1,2,2,False,False,False
2430,20827,CB1678,CB1678_L,,CB1678,"AVLP355,AVLP359",cb_intrinsic,,L,,,acetylcholine,acetylcholine,0.9693466381604681,1,2,2,False,False,False
2431,20836,PVLP210m,PVLP210m_R,Cachero 2010: pIP-e; Yu 2010: pIP5,,,cb_intrinsic,,R,male-specific,fru_high,acetylcholine,acetylcholine,0.9574892898121621,1,3,1,False,False,False
2432,20859,LC4,LC4_L,,LC4,LC4,visual_projection,,L,,,acetylcholine,acetylcholine,0.9684721765596123,1,2,2,False,False,False
2433,20879,AVLP261_a,AVLP261_a_L,,CB1112,AVLP261,cb_intrinsic,,L,,,acetylcholine,acetylcholine,0.9581569718392812,1,2,2,False,False,False
2434,20884,LT77,LT77_R,,LT77,LT77,visual_projection,,R,,,glutamate,glutamate,0.8026991668780529,-1,2,2,False,False,False
2435,20885,AVLP093,AVLP093_L,,AVLP093,AVLP093,cb_intrinsic,,L,,,gaba,gaba,0.7613935910148125,-1,2,2,False,False,False
2436,20905,SIP118m,SIP118m_L,Cachero 2010: aSP-a; Yu 2010: aSP2,,,cb_intrinsic,,L,male-specific,fru_high,glutamate,glutamate,0.7628744246380782,-1,2,2,False,False,False
2437,20911,,20911_R,,"CB1119,CB1989",,cb_intrinsic,,R,,,acetylcholine,acetylcholine,0.9594408690400354,1,2,2,False,False,False
2438,20917,LC4,LC4_R,,LC4,LC4,visual_projection,,R,,,acetylcholine,acetylcholine,0.972118851941928,1,2,2,False,False,False
2439,20922,LAL027,LAL027_R,Cachero 2010: aSP-d; Yu 2010: aSP13,"AOTU015b,LAL027",LAL027,cb_intrinsic,,R,,fru_low,acetylcholine,acetylcholine,0.9322897297888614,1,2,2,False,False,False
2440,20930,WED015,WED015_R,,WED015b,WED015,cb_intrinsic,,R,,,gaba,gaba,0.8443804582514409,-1,2,2,False,False,False
2441,20938,VES200m,VES200m_L,Cachero 2010: aSP-b; Yu 2010: aSP1,,,cb_intrinsic,,L,potentially male-specific,fru_high,glutamate,glutamate,0.7311048157957571,-1,2,2,False,False,False
2442,20967,LC4,LC4_L,,LC4,LC4,visual_projection,,L,,,acetylcholine,acetylcholine,0.9694480596439623,1,2,2,False,False,False
2443,20978,IB015,IB015_L,,IB015,IB015,cb_intrinsic,,L,,,acetylcholine,acetylcholine,0.9554558905942397,1,2,2,False,False,False
2444,20986,CB2549,CB2549_R,,CB2549,,cb_intrinsic,,R,,,acetylcholine,acetylcholine,0.9411408977951923,1,2,2,False,False,False
2445,20994,VES033,VES033_L,,"CB1086,CB3196",VES033,cb_intrinsic,,L,,,gaba,gaba,0.7225499629163498,-1,2,2,False,False,False
2446,20996,AMMC036,AMMC036_L,,CB0957,,cb_intrinsic,,L,,,acetylcholine,acetylcholine,0.9132882526837727,1,2,2,False,False,False
2447,21003,LPLC1,LPLC1_L,,LPLC1,LPLC1,visual_projection,,L,,,acetylcholine,acetylcholine,0.9186644093955856,1,2,2,False,False,False
2448,21026,CB2371,CB2371_L,,CB2371,,cb_intrinsic,,L,,,acetylcholine,acetylcholine,0.9692448307080019,1,2,2,False,False,False
2449,21033,AVLP760m,AVLP760m_L,Cachero 2010: aSP-k; Yu 2010: aSP8,,,cb_intrinsic,,L,male-specific,fru_high,gaba,gaba,0.8315288293004236,-1,3,1,False,False,False
2450,21035,ANXXX151,ANXXX151_R,,AN_multi_71,,ascending_neuron,,R,potentially sexually dimorphic,,acetylcholine,acetylcholine,0.9407080140074023,1,2,2,False,False,False
2451,21047,SAD040,SAD040_R,,SAD040,SAD040,cb_intrinsic,,R,,,acetylcholine,acetylcholine,0.7478556953536845,1,2,2,False,False,False
2452,21048,AVLP401,AVLP401_L,,CB1605,AVLP401,cb_intrinsic,,L,,,acetylcholine,acetylcholine,0.9197881914634509,1,2,2,False,False,False
2453,21050,ANXXX174,ANXXX174(hb1978499214)_L,,AN_AVLP_2,(hb1978499214),ascending_neuron,,L,,,acetylcholine,acetylcholine,0.9594295489008918,1,2,2,False,False,False
2454,21075,PVLP125,PVLP125_L,,CB3390,PVLP125,cb_intrinsic,,L,,,acetylcholine,acetylcholine,0.9612382046923651,1,2,2,False,False,False
2455,21088,CB2144,CB2144_R,,CB2144,,cb_intrinsic,,R,,,acetylcholine,acetylcholine,0.9680966550125885,1,2,2,False,False,False
2456,21090,AVLP705m,AVLP705m_L,"Lee 2002, Rideout 2010: pC2; Robinett 2010, Nojima 2021: pC2m",,,cb_intrinsic,,L,male-specific,dsx_high,acetylcholine,acetylcholine,0.9127740653459274,1,2,2,False,False,False
2457,21093,,21093_R,,"CB2576,CB3415",,cb_intrinsic,,R,,,acetylcholine,acetylcholine,0.9557260055166434,1,2,2,False,False,False
2458,21109,AVLP139,AVLP139_R,,"CB0189,CB3298",AVLP139,cb_intrinsic,,R,,,acetylcholine,acetylcholine,0.8569442738829305,1,2,2,False,False,False
2459,21125,CB3661,CB3661_L,,CB3661,,cb_intrinsic,,L,,,acetylcholine,acetylcholine,0.9516135131385801,1,2,2,False,False,False
2460,21137,AVLP744m,AVLP744m_R,,,,cb_intrinsic,,R,male-specific,,acetylcholine,acetylcholine,0.9513720384044981,1,2,2,False,False,False
2461,21140,AN08B009,AN08B009_R,,AN_GNG_SAD_8,,ascending_neuron,,R,,,acetylcholine,acetylcholine,0.96058708984648,1,2,1,False,False,False
2462,21142,CB1085,CB1085_R,,CB1085,"AVLP413,AVLP412,AVLP414",cb_intrinsic,,R,,,acetylcholine,acetylcholine,0.9243539233805407,1,2,2,False,False,False
2463,21151,LC4,LC4_R,,LC4,LC4,visual_projection,,R,,,acetylcholine,acetylcholine,0.9661661064357494,1,2,2,False,False,False
2464,21162,AOTU008,AOTU008_L,Cachero 2010: aSP-i; Yu 2010: aSP11; Kimura 2008: AL5a,AOTU008,AOTU008,cb_intrinsic,,L,sexually dimorphic,fru_high,acetylcholine,acetylcholine,0.9017556503494496,1,3,1,False,False,False
2465,21165,LC4,LC4_R,,LC4,LC4,visual_projection,,R,,,acetylcholine,acetylcholine,0.9718246374630756,1,2,2,False,False,False
2466,21175,CB2371,CB2371_R,,CB2371,,cb_intrinsic,,R,,,acetylcholine,acetylcholine,0.9627942678791549,1,2,2,False,False,False
2467,21190,CB1852,CB1852_R,Cachero 2010: aIP-e; Yu 2010: aSP9; Ruta 2010: LC2,CB1852,,cb_intrinsic,,R,,fru_high,acetylcholine,acetylcholine,0.9607838702319585,1,2,2,False,False,False
2468,21203,CL078_a,CL078_a_R,,CL078,CL078,cb_intrinsic,,R,,,acetylcholine,acetylcholine,0.9480652880797963,1,2,2,False,False,False
2469,21212,CB3305,CB3305_L,,CB3305,,cb_intrinsic,,L,,,acetylcholine,acetylcholine,0.964368777010452,1,2,2,False,False,False
2470,21224,CL270,CL270_L,,CL270a,CL270,cb_intrinsic,,L,,,acetylcholine,acetylcholine,0.9656401494940898,1,2,2,False,False,False
2471,21225,LC4,LC4_R,,LC4,LC4,visual_projection,,R,,,acetylcholine,acetylcholine,0.9592535038642727,1,2,2,False,False,False
2472,21232,SCL001m,SCL001m_R,"Kimura 2008, Kohatsu 2010: P2b; Cachero 2010: pIP-a; Yu 2010: pIP1",,,cb_intrinsic,,R,male-specific,fru_high,acetylcholine,acetylcholine,0.9484293624303667,1,3,1,False,False,False
2473,21237,PVLP202m,PVLP202m_R,"Lee 2002, Rideout 2010: pC2; Robinett 2010, Nojima 2021: pC2m",,,cb_intrinsic,,R,male-specific,dsx_high,acetylcholine,acetylcholine,0.9625299081626808,1,2,1,False,False,False
2474,21239,ANXXX106,ANXXX106_R,,AN_GNG_51,,ascending_neuron,,R,,,gaba,gaba,0.8831289299190883,-1,2,2,False,False,False
2475,21244,mAL_m2b,mAL_m2b_R,Cachero 2010: aDT-b; Yu 2010: aDT2,,,cb_intrinsic,,R,male-specific,fru_high,gaba,gaba,0.6383815510949717,-1,2,1,False,False,False
2476,21251,CB4173,CB4173_R,,CB4173,,cb_intrinsic,,R,,,acetylcholine,acetylcholine,0.9691462526958471,1,2,2,False,False,False
2477,21263,LHPV2a1_d,LHPV2a1_d_R,,LHPV2a1_d,LHPV2a1_d,cb_intrinsic,,R,,,gaba,gaba,0.8002529008609859,-1,2,2,False,False,False
2478,21264,AVLP309,AVLP309_L,,AVLP309b,AVLP309,cb_intrinsic,,L,,,acetylcholine,acetylcholine,0.9571121414395355,1,2,2,False,False,False
2479,21269,aIPg4,aIPg4_L,Cachero 2010: aIP-g; Yu 2010: pIP6,CB1877,aIPg4,cb_intrinsic,,L,,fru_low,acetylcholine,acetylcholine,0.9358996257843522,1,2,2,False,False,False
2480,21285,CB3578,CB3578_L,,CB3578,,cb_intrinsic,,L,,,acetylcholine,acetylcholine,0.9057236914000997,1,2,2,False,False,False
2481,21287,LC4,LC4_R,,LC4,LC4,visual_projection,,R,,,acetylcholine,acetylcholine,0.9695368212585712,1,2,2,False,False,False
2482,21291,AVLP700m,AVLP700m_R,Cachero 2010: aSP-g; Yu 2010: aSP6,,,cb_intrinsic,,R,male-specific,fru_high,acetylcholine,acetylcholine,0.9348496494981257,1,3,1,False,False,False
2483,21296,AN04B023,AN04B023(19982)_L,,AN_SPS_IPS_6,,ascending_neuron,,L,,,acetylcholine,acetylcholine,0.9676440835203564,1,2,2,False,False,False
2484,21297,AVLP285,AVLP285_L,,CB4166,AVLP285,cb_intrinsic,,L,,,acetylcholine,acetylcholine,0.9501365703185453,1,2,2,False,False,False
2485,21301,AVLP711m,AVLP711m_L,Cachero 2010: pIP-e; Yu 2010: pIP5,,,cb_intrinsic,,L,male-specific,fru_high,acetylcholine,acetylcholine,0.9593061878004099,1,2,1,False,False,False
2486,21313,LC4,LC4_R,,LC4,LC4,visual_projection,,R,,,acetylcholine,acetylcholine,0.9605260154988619,1,2,2,False,False,False
2487,21336,LC4,LC4_R,,LC4,LC4,visual_projection,,R,,,acetylcholine,acetylcholine,0.960597381716312,1,2,2,False,False,False
2488,21351,CB1139,CB1139_L,,CB1139,,cb_intrinsic,,L,,,acetylcholine,acetylcholine,0.9480624899319007,1,2,2,False,False,False
2489,21372,AVLP126,AVLP126_R,,"CB2370,CB1681",AVLP126,cb_intrinsic,,R,,,acetylcholine,acetylcholine,0.922206110969476,1,2,2,False,False,False
2490,21390,AVLP380,AVLP380_L,,AVLP380,AVLP380,cb_intrinsic,,L,,,acetylcholine,acetylcholine,0.9701599768267783,1,2,2,False,False,False
2491,21407,WED061,WED061_R,,WED061,WED061,cb_intrinsic,,R,,,acetylcholine,acetylcholine,0.9667858331837805,1,2,2,False,False,False
2492,21413,AVLP179,AVLP179_R,,CB2428,AVLP179,cb_intrinsic,,R,,,acetylcholine,acetylcholine,0.9611139207782767,1,2,2,False,False,False
2493,21417,aSP10B,aSP10B_R,Cachero 2010: aIP-b,CB2248,aSP10B,cb_intrinsic,,R,,fru_high,acetylcholine,acetylcholine,0.9395109441197458,1,2,2,False,False,False
2494,21443,AVLP120,AVLP120_L,,AVLP120,AVLP120,cb_intrinsic,,L,,,acetylcholine,acetylcholine,0.9460114989627659,1,1,2,False,False,False
2495,21454,LH007m,LH007m_R,Ruta 2010: LC1; fru-M-300124,,,cb_intrinsic,,R,male-specific,fru_high,gaba,gaba,0.7699397094107369,-1,3,1,False,False,False
2496,21464,SIP121m,SIP121m_L,Cachero 2010: aSP-a; Yu 2010: aSP2,,,cb_intrinsic,,L,male-specific,fru_high,glutamate,glutamate,0.6455171610807504,-1,2,2,False,False,False
2497,21478,CB3578,CB3578_R,,CB3578,,cb_intrinsic,,R,,,acetylcholine,acetylcholine,0.946341962371476,1,2,2,False,False,False
2498,21484,AN08B034,AN08B034_a_R,,AN_AVLP_19,,ascending_neuron,,R,,,acetylcholine,acetylcholine,0.9593462095394621,1,2,2,False,False,False
2499,21507,pC1_6a,pC1_6a_R,Cachero 2010: pMP-e; Yu 2010: pMP4,,,cb_intrinsic,,R,male-specific,coexpress_low,acetylcholine,acetylcholine,0.9336508166713469,1,2,2,False,True,False
2500,21512,AN08B013,AN08B013_L,,AN_multi_56,,ascending_neuron,,L,,,acetylcholine,acetylcholine,0.9583720179978804,1,2,2,False,False,False
2501,21515,,,,"CB3431,CB3482",,cb_intrinsic,,R,,,acetylcholine,acetylcholine,0.9349922295019568,1,2,2,False,False,False
2502,21531,WED047,WED047_R,,CB2545,WED047,cb_intrinsic,,R,,,acetylcholine,acetylcholine,0.9652746898540104,1,2,2,False,False,False
2503,21533,AN10B008,AN10B008_L,,AN_GNG_IPS_10,,ascending_neuron,,L,,,acetylcholine,acetylcholine,0.9687085268009856,1,2,2,False,False,False
2504,21538,pC1_13b,pC1_13b_L,"Lee 2002, Rideout 2010, Nojima 2021: pC1",,,cb_intrinsic,,L,potentially male-specific,dsx_high,acetylcholine,acetylcholine,0.9627227137924065,1,2,2,False,True,False
2505,21542,PVLP073,PVLP073_R,,"CB0050,CB0064",PVLP073,cb_intrinsic,,R,,,acetylcholine,acetylcholine,0.9666356170352478,1,2,2,False,False,False
2506,21545,CB3305,CB3305_R,,CB3305,,cb_intrinsic,,R,,,acetylcholine,acetylcholine,0.958045316275616,1,2,2,False,False,False
2507,21548,AVLP094,AVLP094_R,,AVLP094,AVLP094,cb_intrinsic,,R,,,gaba,gaba,0.78627482260791,-1,2,2,False,False,False
2508,21549,AN08B009,AN08B009_L,,AN_GNG_SAD_8,,ascending_neuron,,L,,,acetylcholine,acetylcholine,0.9695554098821478,1,2,1,False,False,False
2509,21561,,18097_L,Cachero 2010: aDT-d,"CL123,CRE061",,cb_intrinsic,,L,sexually dimorphic,fru_low,acetylcholine,acetylcholine,0.6994378906384239,1,3,1,False,False,False
2510,21568,AVLP080,AVLP080_R,,AVLP080,AVLP080,cb_intrinsic,,R,,,gaba,gaba,0.8228441739592474,-1,2,2,False,False,False
2511,21578,DNg106,DNg106_L,,DNg106,,descending_neuron,,L,,,gaba,gaba,0.840889571490179,-1,1,3,False,False,False
2512,21586,AVLP762m,AVLP762m_L,Cachero 2010: aSP-k; Yu 2010: aSP8; Zhou 2015: vPN1,,,cb_intrinsic,,L,male-specific,fru_high,gaba,gaba,0.6899767073221191,-1,1,2,False,True,False
2513,21591,SIP104m,SIP104m_R,Cachero 2010: aSP-a; Yu 2010: aSP2,,,cb_intrinsic,,R,male-specific,fru_high,glutamate,glutamate,0.6621379931767445,-1,2,2,False,False,False
2514,21599,WED117,WED117_R,,"CB1143,CB1692",WED117,cb_intrinsic,,R,,,acetylcholine,acetylcholine,0.9656666847710401,1,2,2,False,False,False
2515,21605,VES204m,VES204m_R,"Lee 2002, Rideout 2010: pC2; Robinett 2010, Nojima 2021: pC2m",,,cb_intrinsic,,R,male-specific,dsx_high,acetylcholine,acetylcholine,0.9666614218627222,1,3,1,False,False,False
2516,21607,LT65,LT65_R,,LT65,LT65,visual_projection,,R,,,acetylcholine,acetylcholine,0.952168339628834,1,2,2,False,False,False
2517,21628,AVLP551,AVLP551_L,,"CB3859,CB3861",AVLP551,cb_intrinsic,,L,,,glutamate,glutamate,0.7918627892664393,-1,2,2,False,False,False
2518,21629,PVLP214m,PVLP214m_R,Cachero 2010: pIP-e; Yu 2010: pIP5,,,cb_intrinsic,,R,male-specific,fru_low,acetylcholine,acetylcholine,0.9455805617899201,1,2,2,False,False,False
2519,21641,,,,"CB1378,CB3114",,cb_intrinsic,,R,,,acetylcholine,acetylcholine,0.9594831551814419,1,2,2,False,False,False
2520,21647,SIP121m,SIP121m_R,Cachero 2010: aSP-a; Yu 2010: aSP2,,,cb_intrinsic,,R,male-specific,fru_high,glutamate,glutamate,0.6477221128727159,-1,2,2,False,False,False
2521,21650,CB4116,CB4116_R,,CB4116,,cb_intrinsic,,R,,,acetylcholine,acetylcholine,0.9525679740280086,1,2,2,False,False,False
2522,21661,AVLP037,AVLP037_L,,CB3939,AVLP037,cb_intrinsic,,L,,,acetylcholine,acetylcholine,0.9608351542707306,1,2,2,False,False,False
2523,21663,PVLP205m,PVLP205m_R,Cachero 2010: aSP-f; Yu 2010: aSP5; Ruta 2010: DC1,,,cb_intrinsic,,R,male-specific,fru_high,acetylcholine,acetylcholine,0.9402607622252407,1,2,2,False,False,False
2524,21668,DNge019,DNge019_R,,DNge019,,descending_neuron,,R,,,acetylcholine,acetylcholine,0.9693059956667985,1,2,2,False,False,False
2525,21684,LPLC1,LPLC1_L,,LPLC1,LPLC1,visual_projection,,L,,,acetylcholine,acetylcholine,0.9445749189471586,1,2,2,False,False,False
2526,21740,CB3595,CB3595_L,,CB3595,,cb_intrinsic,,L,,,gaba,gaba,0.8323832730885797,-1,2,2,False,False,False
2527,21763,AN13B002,AN13B002_R,Shiu 2022: Dandelion,AN_GNG_68,,ascending_neuron,,R,,,gaba,gaba,0.8914148898223048,-1,2,2,False,False,False
2528,21795,CL108,CL108_L,,CL108,CL108,cb_intrinsic,,L,,,acetylcholine,acetylcholine,0.9150243298037554,1,2,2,False,False,False
2529,21799,CL123_b,CL123_b_R,Cachero 2010: aDT-d,"CL123,CRE061",CL123,cb_intrinsic,,R,sexually dimorphic,fru_low,acetylcholine,acetylcholine,0.9285715042676789,1,3,1,False,False,False
2530,21801,CB2380,CB2380_L,Vaughan 2014: aLN(al),CB2380,,cb_intrinsic,,L,,fru_high,gaba,gaba,0.8601724400322238,-1,1,3,False,False,False
2531,21803,AN08B048,AN08B048_R,,AN_multi_98,,ascending_neuron,,R,,,acetylcholine,acetylcholine,0.9680462817251433,1,2,2,False,False,False
2532,21804,LC4,LC4_R,,LC4,LC4,visual_projection,,R,,,acetylcholine,acetylcholine,0.9639934289414493,1,2,2,False,False,False
2533,21809,CB1959,CB1959_R,,CB1959,,cb_intrinsic,,R,,,glutamate,glutamate,0.7761006611360725,-1,2,2,False,False,False
2534,21822,LHPV2a1_d,LHPV2a1_d_R,,LHPV2a1_d,LHPV2a1_d,cb_intrinsic,,R,,,gaba,gaba,0.7759769654059359,-1,2,2,False,False,False
2535,21823,LAL160,LAL160_L,,"LAL160,LAL161",LAL160,cb_intrinsic,,L,,,acetylcholine,acetylcholine,0.9497194819335479,1,2,2,False,False,False
2536,21834,,,,"CB3289,CB3531",,cb_intrinsic,,R,,,acetylcholine,acetylcholine,0.9577148325286222,1,2,2,False,False,False
2537,21837,,,,"CB3289,CB3531",,cb_intrinsic,,R,,,acetylcholine,acetylcholine,0.961416776231052,1,2,2,False,False,False
2538,21842,aSP10A_a,aSP10A_a_L,Cachero 2010: aIP-b,CB1783,aSP10A,cb_intrinsic,,L,sexually dimorphic,fru_high,acetylcholine,acetylcholine,0.9128183253797245,1,2,1,False,False,False
2539,21856,AVLP121,AVLP121_R,,AVLP121,AVLP121,cb_intrinsic,,R,,,acetylcholine,acetylcholine,0.9199833391539527,1,2,2,False,False,False
2540,21869,CB3676,CB3676_R,,CB3676,,cb_intrinsic,,R,,,glutamate,glutamate,0.8246281927524053,-1,2,2,False,False,False
2541,21891,ICL004m_a,ICL004m_a_L,Cachero 2010: aSP-b; Yu 2010: aSP1,,,cb_intrinsic,,L,male-specific,fru_high,glutamate,glutamate,0.8059024461328222,-1,3,1,False,False,False
2542,21902,AVLP753m,AVLP753m_R,Cachero 2010: aSP-f; Yu 2010: aSP5; Ruta 2010: DC1,,,cb_intrinsic,,R,male-specific,fru_high,acetylcholine,acetylcholine,0.9347867281652751,1,2,2,False,False,False
2543,21904,PS063,PS063_L,,PS063,PS063,cb_intrinsic,,L,,,gaba,gaba,0.8599570560304935,-1,2,2,False,False,False
2544,21907,AVLP728m,AVLP728m_L,Cachero 2010: aIP-b,,,cb_intrinsic,,L,male-specific,fru_high,acetylcholine,acetylcholine,0.9385999924103604,1,2,2,False,False,False
2545,21939,AVLP381,AVLP381_R,,AVLP381,AVLP381,cb_intrinsic,,R,,,acetylcholine,acetylcholine,0.9633424853440563,1,2,2,False,False,False
2546,21942,GNG567,GNG567_L,,CB0155,,cb_intrinsic,,L,,,gaba,gaba,0.7354088056411021,-1,2,2,False,False,False
2547,21944,AMMC035,AMMC035_L,,CB1427,,cb_intrinsic,,L,,,gaba,gaba,0.769381806462417,-1,1,3,False,False,False
2548,21946,SMP043,SMP043_R,,SMP043,SMP043,cb_intrinsic,,R,,,glutamate,glutamate,0.8452769906669483,-1,2,2,False,False,False
2549,21948,AVLP300_b,AVLP300_b_R,,AVLP300_b,AVLP300_b,cb_intrinsic,,R,,,acetylcholine,acetylcholine,0.9382687480912403,1,2,2,False,False,False
2550,21951,AVLP753m,AVLP753m_R,Cachero 2010: aSP-f; Yu 2010: aSP5; Ruta 2010: DC1,,,cb_intrinsic,,R,male-specific,fru_high,acetylcholine,acetylcholine,0.8446730694723024,1,2,2,False,False,False
2551,21966,CB4172,CB4172_R,,CB4172,,cb_intrinsic,,R,,,acetylcholine,acetylcholine,0.9690846871199882,1,2,2,False,False,False
2552,21997,AVLP517,AVLP517_R,,AVLP517,AVLP517,cb_intrinsic,,R,,,acetylcholine,acetylcholine,0.9590044287738232,1,2,2,False,False,False
2553,22006,GNG602,GNG602_L,,CB3923,,cb_intrinsic,,M,potentially sexually dimorphic,,gaba,gaba,0.8751431747938011,-1,2,2,False,False,False
2554,22040,LHAV2b2_c,LHAV2b2_c_L,,LHAV2b2b,LHAV2b2_c,cb_intrinsic,,L,potentially sexually dimorphic,,acetylcholine,acetylcholine,0.9710936290724935,1,2,2,False,False,False
2555,22047,AN00A006,AN00A006(22047)_M,,"AN_VES_GNG_4,AN_VES_GNG_6",,ascending_neuron,,M,,,gaba,glutamate,0.8171307109050686,-1,2,1,False,False,False
2556,22055,AVLP470_b,AVLP470_b_L,,AVLP470b,AVLP470,cb_intrinsic,,L,,,acetylcholine,acetylcholine,0.9160344839705817,1,2,2,False,False,False
2557,22090,AN27X016,AN27X016_L,,AN_multi_75,,ascending_neuron,,L,,,glutamate,glutamate,0.516888227807778,-1,2,1,False,False,False
2558,22093,pC1_2c,pC1_2c_L,"Lee 2002, Rideout 2010, Nojima 2021: pC1; Cachero 2010: pMP-e; Yu 2010: pMP4",,,cb_intrinsic,,L,male-specific,coexpress_high,acetylcholine,acetylcholine,0.9431469258245272,1,2,1,False,True,False
2559,22096,ICL011m,ICL011m_R,Cachero 2010: aDT-d,,,cb_intrinsic,,R,male-specific,fru_high,acetylcholine,acetylcholine,0.9195604852156771,1,2,2,False,False,False
2560,22098,PLP150,PLP150_L,,PLP150,PLP150,cb_intrinsic,,L,,,acetylcholine,acetylcholine,0.8989391786080985,1,2,2,False,False,False
2561,22106,AVLP413,AVLP413_R,Cachero 2010: aIP-b,"CB1221,CB3628",AVLP413,cb_intrinsic,,R,,fru_low,acetylcholine,acetylcholine,0.9251488819798475,1,2,2,False,False,False
2562,22109,CB3184,CB3184_L,,CB3184,,cb_intrinsic,,L,,,acetylcholine,acetylcholine,0.950228476943692,1,1,2,False,False,False
2563,22121,AVLP349,AVLP349_R,,CB2186,AVLP349,cb_intrinsic,,R,,,acetylcholine,acetylcholine,0.9692135312595446,1,2,2,False,False,False
2564,22149,WED063_b,WED063_b_R,,"CB2108,CB2449",WED063_b,cb_intrinsic,,R,,,acetylcholine,acetylcholine,0.96506696554,1,2,2,False,False,False
2565,22172,WED014,WED014_L,,WED014,WED014,cb_intrinsic,,L,sexually dimorphic,,gaba,gaba,0.7821629008494146,-1,2,1,False,False,False
2566,22187,CB1314,CB1314_R,,CB1314,,cb_intrinsic,,R,,,gaba,gaba,0.8857864925713498,-1,2,2,False,False,False
2567,22192,WED015,WED015_L,,WED015b,WED015,cb_intrinsic,,L,,,gaba,gaba,0.7973134631798366,-1,2,2,False,False,False
2568,22194,LC4,LC4_R,,LC4,LC4,visual_projection,,R,,,acetylcholine,acetylcholine,0.9692904930750493,1,2,2,False,False,False
2569,22206,WED114,WED114_R,,WED114,WED114,cb_intrinsic,,R,,,acetylcholine,acetylcholine,0.9627206990705105,1,2,2,False,False,False
2570,22251,CB1695,CB1695_R,,CB1695,,cb_intrinsic,,R,,,acetylcholine,acetylcholine,0.9624685339253025,1,2,2,False,False,False
2571,22263,AVLP557,AVLP557_R,,AVLP557,AVLP557,cb_intrinsic,,R,,,glutamate,glutamate,0.7836296911898446,-1,2,2,False,False,False
2572,22270,WED055_b,WED055_b_L,,CB1383,WED055_b,cb_intrinsic,,L,,,gaba,gaba,0.8848933324075483,-1,2,2,False,False,False
2573,22278,PVLP048,PVLP048_L,Cachero 2010: aIP-a,CB1544,PVLP048,cb_intrinsic,,L,,fru_high,gaba,gaba,0.7839026057882493,-1,2,2,False,False,False
2574,22281,LH007m,LH007m_L,Ruta 2010: LC1; fru-M-300124,,,cb_intrinsic,,L,male-specific,fru_high,gaba,gaba,0.7592980474140075,-1,3,1,False,False,False
2575,22292,AVLP094,AVLP094_L,,AVLP094,AVLP094,cb_intrinsic,,L,,,gaba,gaba,0.7751768751397599,-1,2,2,False,False,False
2576,22293,WED032,WED032_L,,WED032,WED032,cb_intrinsic,,L,,,gaba,gaba,0.7694899816442557,-1,1,3,False,False,False
2577,22294,CB1549,CB1549_R,,CB1549,,cb_intrinsic,,R,,,glutamate,glutamate,0.7244074723467266,-1,2,2,False,False,False
2578,22309,CB3201,CB3201_R,,CB3201,,cb_intrinsic,,R,,,acetylcholine,acetylcholine,0.9572898153843605,1,2,2,False,False,False
2579,22319,AN08B010,AN08B010_L,,AN_multi_61,,ascending_neuron,,L,,,acetylcholine,acetylcholine,0.9664590144306906,1,2,2,False,False,False
2580,22321,CB2396,CB2396_L,,CB2396,,cb_intrinsic,,L,,,gaba,gaba,0.8634631056710755,-1,2,2,False,False,False
2581,22338,LHPV2a1_c,LHPV2a1_c_R,,LHPV2a1_c,LHPV2a1_c,cb_intrinsic,,R,,,gaba,gaba,0.8037016620955537,-1,2,2,False,False,False
2582,22340,CB4116,CB4116_R,,CB4116,,cb_intrinsic,,R,,,acetylcholine,acetylcholine,0.9390067039941085,1,2,2,False,False,False
2583,22346,AVLP743m,AVLP743m_L,Ruta 2010: LC1,,,cb_intrinsic,,L,male-specific,fru_low,unclear,unclear,0.46803748710962156,0,2,2,False,False,False
2584,22357,PVLP131,PVLP131_R,,,PVLP131,cb_intrinsic,,R,,,acetylcholine,acetylcholine,0.9640109526571345,1,2,2,False,False,False
2585,22388,AVLP176_c,AVLP176_c_L,,CB2511,AVLP176_c,cb_intrinsic,,L,,,acetylcholine,acetylcholine,0.9337930439872909,1,2,2,False,False,False
2586,22390,DNge008,DNge008_L,,DNge008,,descending_neuron,,L,,,acetylcholine,acetylcholine,0.7077940157356528,1,2,2,False,False,False
2587,22399,AVLP517,AVLP517_R,,AVLP517,AVLP517,cb_intrinsic,,R,,,acetylcholine,acetylcholine,0.9261281364704546,1,2,2,False,False,False
2588,22406,SMP172,SMP172_R,,SMP172,SMP172,cb_intrinsic,,R,,,acetylcholine,acetylcholine,0.89453751833648,1,3,1,False,False,False
2589,22419,LAL192,LAL192_R,,LAL192,LAL192,cb_intrinsic,,R,,,acetylcholine,acetylcholine,0.9333218725615094,1,2,2,False,False,False
2590,22452,CB1695,CB1695_L,,CB1695,,cb_intrinsic,,L,,,acetylcholine,acetylcholine,0.9543842261199124,1,2,2,False,False,False
2591,22464,LoVC25,LoVC25_L,,cL01,,visual_centrifugal,,L,,,acetylcholine,acetylcholine,0.9478742451207607,1,2,2,False,False,False
2592,22469,AN18B019,AN18B019_R,,AN_GNG_WED_3,,ascending_neuron,,R,,,acetylcholine,acetylcholine,0.9526922344297183,1,2,2,False,False,False
2593,22474,DNg12_e,DNg12_e_R,,DNg12_e,,descending_neuron,,R,,,acetylcholine,acetylcholine,0.9674780757524029,1,2,2,False,False,False
2594,22480,AN18B019,AN18B019_L,,AN_GNG_WED_3,,ascending_neuron,,L,,,acetylcholine,acetylcholine,0.9644821223116931,1,2,2,False,False,False
2595,22495,CB1852,CB1852_R,Cachero 2010: aIP-e; Yu 2010: aSP9; Ruta 2010: LC2,CB1852,,cb_intrinsic,,R,,fru_high,acetylcholine,acetylcholine,0.9731240196276587,1,2,2,False,False,False
2596,22496,VES100,VES100_R,,CB1319,,cb_intrinsic,,R,,,gaba,gaba,0.8203833838929931,-1,2,2,False,False,False
2597,22507,,22507_L,,"CB2014,CB2039",,cb_intrinsic,,L,,,acetylcholine,acetylcholine,0.9348163767148852,1,2,2,False,False,False
2598,22518,AN09B060,AN09B060(22518)_R,,AN_multi_21,,ascending_neuron,,R,,,acetylcholine,acetylcholine,0.918291538239851,1,2,2,False,False,False
2599,22549,CB3445,CB3445_R,,CB3445,,cb_intrinsic,,R,,,acetylcholine,acetylcholine,0.8715764581114577,1,2,2,False,False,False
2600,22552,AVLP552,AVLP552_L,,"CB3859,CB3861",AVLP552,cb_intrinsic,,L,,,glutamate,glutamate,0.8211151355036935,-1,2,2,False,False,False
2601,22556,SAD117,SAD117_R,,CB1169,,cb_intrinsic,,R,,,gaba,gaba,0.7807226612853041,-1,2,2,False,False,False
2602,22564,DNg12_e,DNg12_e_R,,DNg12_e,,descending_neuron,,R,,,acetylcholine,acetylcholine,0.9492749061545603,1,2,2,False,False,False
2603,22574,CB1852,CB1852_L,Cachero 2010: aIP-e; Yu 2010: aSP9; Ruta 2010: LC2,CB1852,,cb_intrinsic,,L,,fru_high,acetylcholine,acetylcholine,0.9736633982483939,1,2,2,False,False,False
2604,22575,CB1074,CB1074_R,,CB1074,,cb_intrinsic,,R,,,acetylcholine,acetylcholine,0.9578396138817299,1,2,2,False,False,False
2605,22578,CL123_e,CL123_e_R,Cachero 2010: aDT-d,"CL123,CRE061",CL123,cb_intrinsic,,R,sexually dimorphic,fru_low,acetylcholine,acetylcholine,0.9559120381703237,1,3,1,False,False,False
2606,22584,,,,"CB1378,CB3114",,cb_intrinsic,,L,,,acetylcholine,acetylcholine,0.9676672912229547,1,2,2,False,False,False
2607,22592,AVLP140,AVLP140_L,Cachero 2010: aIP-g; Yu 2010: pIP6,AVLP140,AVLP140,cb_intrinsic,,L,,fru_high,acetylcholine,acetylcholine,0.9624031525746862,1,2,2,False,False,False
2608,22596,DNg12_e,DNg12_e_L,,DNg12_e,,descending_neuron,,L,,,acetylcholine,acetylcholine,0.9591138007839205,1,2,2,False,False,False
2609,22597,AN01A033,AN01A033_L,,AN_AVLP_26,,ascending_neuron,,L,,,acetylcholine,acetylcholine,0.8742004223247748,1,2,2,False,False,False
2610,22606,SIP119m,SIP119m_L,Cachero 2010: aSP-a; Yu 2010: aSP2,,,cb_intrinsic,,L,male-specific,fru_high,glutamate,glutamate,0.7568378886210698,-1,2,2,False,False,False
2611,22609,AVLP541,AVLP541_L,,AVLP541a,AVLP541,cb_intrinsic,,L,,,glutamate,glutamate,0.8472544778781678,-1,2,2,False,False,False
2612,22621,ICL003m,ICL003m_R,Cachero 2010: aSP-b; Yu 2010: aSP1,,,cb_intrinsic,,R,male-specific,fru_high,glutamate,glutamate,0.7828242178177863,-1,3,1,False,False,False
2613,22629,,,,"CB1716,CB1743",,cb_intrinsic,,L,,,acetylcholine,acetylcholine,0.9395534962791204,1,2,2,False,False,False
2614,22653,CB2108,CB2108_R,,CB2108,,cb_intrinsic,,R,,,acetylcholine,acetylcholine,0.9645875892520701,1,2,2,False,False,False
2615,22684,CB1205,CB1205_L,,CB1205,"AVLP355,AVLP359",cb_intrinsic,,L,,,acetylcholine,acetylcholine,0.9682733763015527,1,2,2,False,False,False
2616,22709,IN05B022,IN05B022_R,,,,vnc_intrinsic,,R,,,gaba,gaba,0.8633414851637834,-1,2,2,False,False,False
2617,22733,CL121_b,CL121_b_L,Cachero 2010: aDT-g; Yu 2010: aDT5,CB3978,CL121,cb_intrinsic,,L,sexually dimorphic,fru_low,gaba,gaba,0.8233302603695104,-1,2,2,False,False,False
2618,22736,AVLP121,AVLP121_R,,AVLP121,AVLP121,cb_intrinsic,,R,,,acetylcholine,acetylcholine,0.9233420931731833,1,2,2,False,False,False
2619,22744,CB2633,CB2633_L,,CB2633,,cb_intrinsic,,L,,,acetylcholine,acetylcholine,0.9671818771049591,1,2,2,False,False,False
2620,22765,PLP059,PLP059_L,,PLP059b,PLP059,cb_intrinsic,,L,,,acetylcholine,acetylcholine,0.9647330620869797,1,2,2,False,False,False
2621,22776,CB0218,CB0218_R,,CB0218,,cb_intrinsic,,R,,,acetylcholine,acetylcholine,0.9705435395207636,1,2,2,False,False,False
2622,22778,PVLP204m,PVLP204m_R,Cachero 2010: pIP-e; Yu 2010: pIP5,,,cb_intrinsic,,R,male-specific,fru_high,acetylcholine,acetylcholine,0.9085161175884788,1,2,1,False,False,False
2623,22784,AVLP132,AVLP132_L,,AVLP132,AVLP132,cb_intrinsic,,L,,,acetylcholine,acetylcholine,0.907915909275653,1,2,2,False,False,False
2624,22814,CB0206,CB0206_L,,CB0206,,cb_intrinsic,,L,,,glutamate,glutamate,0.7389434482245912,-1,2,2,False,False,False
2625,22815,WED111,WED111_R,,CB2528,WED111,cb_intrinsic,,R,,,acetylcholine,acetylcholine,0.9670148398820798,1,2,2,False,False,False
2626,22818,pC1_17a,pC1_17a_R,"Lee 2002, Rideout 2010, Nojima 2021: pC1; Cachero 2010: pMP-e; Yu 2010: pMP4",,,cb_intrinsic,,R,male-specific,coexpress_low,acetylcholine,acetylcholine,0.8873122410815021,1,3,1,False,True,False
2627,22825,GNG466,GNG466_L,,CB0814,,cb_intrinsic,,L,,,gaba,gaba,0.8420676644716621,-1,2,2,False,False,False
2628,22828,PVLP080_b,PVLP080_b_L,,PVLP080b,PVLP080,cb_intrinsic,,L,,,gaba,gaba,0.8678071573044326,-1,2,2,False,False,False
2629,22834,CB0374,CB0374_L,,CB0374,,cb_intrinsic,,L,,,glutamate,glutamate,0.6598193664955411,-1,1,3,False,False,False
2630,22839,aIPg5,aIPg5_R,Cachero 2010: aIP-g; Yu 2010: pIP6,"CB2668,CB3349",SMP557,cb_intrinsic,,R,sexually dimorphic,fru_high,acetylcholine,acetylcholine,0.9164385707828135,1,3,1,False,False,False
2631,22843,CB3619,CB3619_L,,CB3619,,cb_intrinsic,,L,,,glutamate,glutamate,0.8427532569682538,-1,2,2,False,False,False
2632,22852,LHPV2a1_d,LHPV2a1_d_L,,LHPV2a1_d,LHPV2a1_d,cb_intrinsic,,L,,,gaba,gaba,0.7863774530093259,-1,2,2,False,False,False
2633,22855,CL072,CL072_L,,CL072,CL072,cb_intrinsic,,L,,,acetylcholine,acetylcholine,0.9490598128565859,1,3,1,False,False,False
2634,22861,CL122_a,CL122_a_R,Cachero 2010: aDT-g; Yu 2010: aDT5,CL122_a,CL122,cb_intrinsic,,R,potentially sexually dimorphic,fru_low,gaba,gaba,0.7933541627296514,-1,3,1,False,False,False
2635,22881,aIPg_m1,aIPg_m1_R,Cachero 2010: aIP-g; Yu 2010: pIP6,,,cb_intrinsic,,R,male-specific,fru_high,acetylcholine,acetylcholine,0.9483905443413047,1,3,1,False,False,False
2636,22899,LHPV2a1_c,LHPV2a1_c_L,,LHPV2a1_c,LHPV2a1_c,cb_intrinsic,,L,,,gaba,gaba,0.8109403086065619,-1,2,2,False,False,False
2637,22908,CB4118,CB4118_R,,CB4118,,cb_intrinsic,,R,,,gaba,gaba,0.8163357328025246,-1,2,2,False,False,False
2638,22953,AVLP255,AVLP255_L,,AVLP255,AVLP255,cb_intrinsic,,L,,,gaba,gaba,0.7990671205956639,-1,2,1,False,False,False
2639,22961,AN09B026,AN09B026_L,,AN_VES_GNG_8,,ascending_neuron,,L,,,acetylcholine,acetylcholine,0.9587007543826999,1,2,2,False,False,False
2640,22966,LC4,LC4_R,,LC4,LC4,visual_projection,,R,,,acetylcholine,acetylcholine,0.9526944848878423,1,2,2,False,False,False
2641,22975,LC4,LC4_R,,LC4,LC4,visual_projection,,R,,,acetylcholine,acetylcholine,0.971941627170669,1,2,2,False,False,False
2642,23017,mAL_m8,mAL_m8_L,Cachero 2010: aDT-b; Yu 2010: aDT2,,,cb_intrinsic,,L,male-specific,fru_high,gaba,gaba,0.6134718997949363,-1,2,2,False,False,False
2643,23028,SIP135m,SIP135m_L,"Lee 2002, Rideout 2010: pC2; Robinett 2010, Nojima 2021: pC2m",,,cb_intrinsic,,L,male-specific,dsx_high,acetylcholine,acetylcholine,0.9668970871000274,1,2,2,False,False,False
2644,23035,WED166_d,WED166_d_R,,"WED166_c,WED027","WED166_c,WED027",cb_intrinsic,,R,,,acetylcholine,acetylcholine,0.9747326673375373,1,2,2,False,False,False
2645,23043,AVLP728m,AVLP728m_R,Cachero 2010: aIP-b,,,cb_intrinsic,,R,male-specific,fru_high,acetylcholine,acetylcholine,0.9326295530746258,1,2,2,False,False,False
2646,23056,PVLP111,PVLP111_L,Cachero 2010: pIP-c; Yu 2010: pIP7,PVLP111,PVLP111,cb_intrinsic,,L,,fru_high,gaba,gaba,0.8099205323001266,-1,2,2,False,False,False
2647,23098,LC4,LC4_R,,LC4,LC4,visual_projection,,R,,,acetylcholine,acetylcholine,0.9719326004304287,1,2,2,False,False,False
2648,23112,PVLP074,PVLP074_R,,PVLP074b,PVLP074,cb_intrinsic,,R,,,acetylcholine,acetylcholine,0.9610471262455379,1,2,2,False,False,False
2649,23113,CB3863,CB3863_L,,CB3863,,cb_intrinsic,,L,,,glutamate,glutamate,0.7884160438810129,-1,2,2,False,False,False
2650,23119,CB1549,CB1549_R,,CB1549,,cb_intrinsic,,R,,,glutamate,glutamate,0.7245015550194983,-1,2,2,False,False,False
2651,23135,CB4231,CB4231_R,,CB4231,,cb_intrinsic,,R,,,acetylcholine,acetylcholine,0.8612332697226263,1,3,1,False,False,False
2652,23137,CB3269,CB3269_R,Cachero 2010: aIP-b,CB3269,,cb_intrinsic,,R,,fru_low,acetylcholine,acetylcholine,0.9029308291988191,1,2,2,False,False,False
2653,23143,SAD047,SAD047_R,,SAD047,SAD047,cb_intrinsic,,R,,,glutamate,glutamate,0.6594120091265645,-1,2,2,False,False,False
2654,23158,FLA001m,FLA001m_R,,,,cb_intrinsic,,R,male-specific,,acetylcholine,acetylcholine,0.9559043979934461,1,2,2,False,False,False
2655,23167,,,,"CB2557,CB3471",,cb_intrinsic,,R,,,gaba,gaba,0.8093654059558267,-1,3,1,False,False,False
2656,23174,AVLP380,AVLP380_R,,AVLP380,AVLP380,cb_intrinsic,,R,,,acetylcholine,acetylcholine,0.9570303325632215,1,2,2,False,False,False
2657,23175,LC14a-1,LC14a-1_R,,LC14a1,,ol_intrinsic,ol_bilateral,R,,,acetylcholine,acetylcholine,0.9387170235074983,1,2,2,False,False,False
2658,23191,SAD078,SAD078_L,,CB1622,SAD078,cb_intrinsic,,L,,,unclear,unclear,0.4945042636789187,0,1,2,False,False,False
2659,23193,aIPg7,aIPg7_R,Cachero 2010: aIP-g; Yu 2010: pIP6,"CB1618,CB3330",SMP574,cb_intrinsic,,R,sexually dimorphic,fru_high,acetylcholine,acetylcholine,0.9084718497933851,1,3,1,False,False,False
2660,23204,ALIN2,ALIN2_R,,ALIN2,ALIN2,cb_intrinsic,ALIN,R,,,acetylcholine,acetylcholine,0.526527499576266,1,2,2,False,False,False
2661,23244,SMP710m,SMP710m_L,Wang 2020a: pMP1; Rideout 2010: pC3; Zhou 2014: pCd; Nojima 2021: pCd-1; Allen 2025: pMP-z,,,cb_intrinsic,,L,male-specific,coexpress_high,acetylcholine,acetylcholine,0.8806359365438771,1,3,1,False,False,False
2662,23259,PLP066,PLP066_R,,CB4018,PLP066,cb_intrinsic,,R,,,acetylcholine,acetylcholine,0.964232711557776,1,2,2,False,False,False
2663,23270,ICL011m,ICL011m_L,Cachero 2010: aDT-d,,,cb_intrinsic,,L,male-specific,fru_high,acetylcholine,acetylcholine,0.9543195673162036,1,2,2,False,False,False
2664,23307,WED193,WED193_L,,CB0264,,cb_intrinsic,,L,,,acetylcholine,acetylcholine,0.9196175776081155,1,2,2,False,False,False
2665,23310,,,Cachero 2010: aIP-c;Yu 2010: aIP1/aIP4/aSP10,"CB1110,CB3327",,cb_intrinsic,,L,,fru_low,acetylcholine,acetylcholine,0.9693497132280267,1,2,2,False,False,False
2666,23319,ICL008m,ICL008m_R,Cachero 2010: aSP-k; Yu 2010: aSP8,,,cb_intrinsic,,R,male-specific,fru_high,gaba,gaba,0.75397186970819,-1,3,1,False,False,False
2667,23342,,23342_L,,"CB1045,CB1588",,cb_intrinsic,,L,,,acetylcholine,acetylcholine,0.9545343273195401,1,2,2,False,False,False
2668,23375,CL099,CL099_L,,CL099,CL099,cb_intrinsic,,L,,,acetylcholine,acetylcholine,0.9212117407204636,1,2,2,False,False,False
2669,23387,,,Cachero 2010: aIP-c;Yu 2010: aIP1/aIP4/aSP10,"CB1110,CB3327",,cb_intrinsic,,L,,fru_low,acetylcholine,acetylcholine,0.9611786515297938,1,2,2,False,False,False
2670,23392,LC4,LC4_R,,LC4,LC4,visual_projection,,R,,,acetylcholine,acetylcholine,0.9551230104716241,1,2,2,False,False,False
2671,23397,AVLP338,AVLP338_R,Cachero 2010: aIP-g; Yu 2010: pIP6,CB3382,AVLP338,cb_intrinsic,,R,,fru_low,acetylcholine,acetylcholine,0.960276504628986,1,2,2,False,False,False
2672,23403,VES100,VES100_L,,CB1319,,cb_intrinsic,,L,,,gaba,gaba,0.7892819226346095,-1,2,2,False,False,False
2673,23440,AVLP256,AVLP256_L,,AVLP256,AVLP256,cb_intrinsic,,L,sexually dimorphic,,gaba,gaba,0.811555638602655,-1,3,1,False,False,False
2674,23504,aIPg7,aIPg7_R,Cachero 2010: aIP-g; Yu 2010: pIP6,"CB1618,CB3330",SMP574,cb_intrinsic,,R,sexually dimorphic,fru_high,acetylcholine,acetylcholine,0.9399684359519452,1,3,1,False,False,False
2675,23505,CB0218,CB0218_L,,CB0218,,cb_intrinsic,,L,,,acetylcholine,acetylcholine,0.9725541399456838,1,2,2,False,False,False
2676,23513,AN05B035,AN05B035_L,,,,ascending_neuron,,L,potentially male-specific,,gaba,gaba,0.834283106512587,-1,2,2,False,False,False
2677,23524,AVLP461,AVLP461_L,,CB4160,AVLP461,cb_intrinsic,,L,,,gaba,gaba,0.8347383013083297,-1,2,2,False,False,False
2678,23528,CB2595,CB2595_R,,CB2595,,cb_intrinsic,,R,,,acetylcholine,acetylcholine,0.9747326673375374,1,2,2,False,False,False
2679,23536,AOTU008,AOTU008_R,Cachero 2010: aSP-i; Yu 2010: aSP11; Kimura 2008: AL5a,AOTU008,AOTU008,cb_intrinsic,,R,sexually dimorphic,fru_high,acetylcholine,acetylcholine,0.949235726490632,1,3,1,False,False,False
2680,23544,WED072,WED072_R,,WED072,WED072,cb_intrinsic,,R,,,acetylcholine,acetylcholine,0.9640004506942786,1,2,2,False,False,False
2681,23546,AVLP555,AVLP555_R,,AVLP555,AVLP555,cb_intrinsic,,R,,,glutamate,glutamate,0.7459104769666942,-1,2,2,False,False,False
2682,23558,vpoIN,vpoIN_R,Cachero 2010: aSP-k; Wang 2020b: vpoIN,CB1385,AVLP007,cb_intrinsic,,R,,fru_high,gaba,gaba,0.7957029673715332,-1,2,2,False,False,False
2683,23587,WED124,WED124_L,,WED124,WED124,cb_intrinsic,,L,,,acetylcholine,acetylcholine,0.9413468397773151,1,2,2,False,False,False
2684,23608,SAD078,SAD078_L,,CB1622,SAD078,cb_intrinsic,,L,,,unclear,unclear,0.49931230461430837,0,2,2,False,False,False
2685,23673,LHPD2c1,LHPD2c1_R,,LHPD2c1,LHPD2c1,cb_intrinsic,,R,,,acetylcholine,acetylcholine,0.9521033973031466,1,2,2,False,False,False
2686,23680,SIP141m,SIP141m_L,Cachero 2010: aSP-a; Yu 2010: aSP2,,,cb_intrinsic,,L,male-specific,fru_high,glutamate,glutamate,0.7166742338099363,-1,2,1,False,False,False
2687,23683,CB4172,CB4172_R,,CB4172,,cb_intrinsic,,R,,,acetylcholine,acetylcholine,0.9620952779589712,1,2,2,False,False,False
2688,23685,ANXXX132,ANXXX132_L,,AN_GNG_145,,ascending_neuron,,L,,,acetylcholine,acetylcholine,0.9705030307884037,1,2,2,False,False,False
2689,23693,VES023,VES023_R,,VES023,VES023,cb_intrinsic,,R,,,gaba,gaba,0.8446654568859598,-1,2,2,False,False,False
2690,23695,pC1_14a,pC1_14a_L,"Lee 2002, Rideout 2010, Nojima 2021: pC1; Cachero 2010: pMP-e; Yu 2010: pMP4",,,cb_intrinsic,,L,potentially male-specific,coexpress_low,acetylcholine,acetylcholine,0.9178036630831372,1,3,1,False,True,False
2691,23696,WEDPN1B,WEDPN1B_L,,WEDPN1B,WEDPN1B,cb_intrinsic,,L,,,gaba,gaba,0.73338034708047,-1,1,3,False,False,False
2692,23704,PVLP081,PVLP081_L,,PVLP081,PVLP081,cb_intrinsic,,L,,,gaba,gaba,0.8375891591305598,-1,2,2,False,False,False
2693,23717,,,Cachero 2010: aIP-c;Yu 2010: aIP1/aIP4/aSP10,"CB1110,CB3327",,cb_intrinsic,,R,,fru_low,acetylcholine,acetylcholine,0.9600111034471334,1,2,2,False,False,False
2694,23727,AVLP256,AVLP256_R,,AVLP256,AVLP256,cb_intrinsic,,R,sexually dimorphic,,gaba,gaba,0.8243489437370215,-1,2,1,False,False,False
2695,23730,CB2374,CB2374_L,,CB2374,,cb_intrinsic,,L,,,glutamate,glutamate,0.809975204003786,-1,2,2,False,False,False
2696,23752,AVLP738m,AVLP738m_R,Cachero 2010: pIP-e; Yu 2010: pIP5; Nojima 2021: pC2l,,,cb_intrinsic,,R,male-specific,coexpress_high,acetylcholine,acetylcholine,0.9431001193864674,1,3,1,False,False,False
2697,23755,AN08B048,AN08B048_L,,AN_multi_98,,ascending_neuron,,L,,,acetylcholine,acetylcholine,0.967872592063433,1,2,2,False,False,False
2698,23762,PLP067,PLP067_R,,PLP067b,PLP067,cb_intrinsic,,R,,,acetylcholine,acetylcholine,0.957368067736282,1,2,2,False,False,False
2699,23784,AN09B024,AN09B024_R,,AN_multi_127,,ascending_neuron,,R,,,acetylcholine,acetylcholine,0.9634245830216422,1,2,2,False,False,False
2700,23787,pC1_13c,pC1_13c_L,"Lee 2002, Rideout 2010, Nojima 2021: pC1",,,cb_intrinsic,,L,potentially male-specific,dsx_high,acetylcholine,acetylcholine,0.9476438203374123,1,2,2,False,True,False
2701,23789,pC1_16a,pC1_16a_L,"Lee 2002, Rideout 2010, Nojima 2021: pC1; Cachero 2010: pMP-e; Yu 2010: pMP4",,,cb_intrinsic,,L,male-specific,coexpress_high,acetylcholine,acetylcholine,0.9443276691547994,1,3,1,False,True,False
2702,23792,LC4,LC4_R,,LC4,LC4,visual_projection,,R,,,acetylcholine,acetylcholine,0.9634046035132354,1,2,2,False,False,False
2703,23794,AVLP738m,AVLP738m_L,Cachero 2010: pIP-e; Yu 2010: pIP5; Nojima 2021: pC2l,,,cb_intrinsic,,L,male-specific,coexpress_high,acetylcholine,acetylcholine,0.9434094396985476,1,2,1,False,False,False
2704,23796,AVLP121,AVLP121_R,,AVLP121,AVLP121,cb_intrinsic,,R,,,acetylcholine,acetylcholine,0.956880144931527,1,2,2,False,False,False
2705,23807,PVLP082,PVLP082_L,,PVLP082b,PVLP082,cb_intrinsic,,L,,,gaba,gaba,0.7861783799863012,-1,2,2,False,False,False
2706,23826,AN05B005,AN05B005_L,,AN_GNG_67,,ascending_neuron,,L,,,gaba,gaba,0.8612796450473968,-1,2,2,False,False,False
2707,23827,PVLP048,PVLP048_L,Cachero 2010: aIP-a,CB1544,PVLP048,cb_intrinsic,,L,,fru_high,gaba,gaba,0.7630352260995571,-1,2,2,False,False,False
2708,23835,AOTU059,AOTU059_L,,AOTU059,AOTU059,cb_intrinsic,,L,,,gaba,gaba,0.812531679180847,-1,3,1,False,False,False
2709,23836,GNG331,GNG331_R,,CB4061,,cb_intrinsic,,R,,,acetylcholine,acetylcholine,0.8540929218476514,1,2,2,False,False,False
2710,23870,CB1908,CB1908_R,,CB1908,,cb_intrinsic,,R,,,acetylcholine,acetylcholine,0.9588952076548574,1,2,2,False,False,False
2711,23883,CB3184,CB3184_R,,CB3184,,cb_intrinsic,,R,,,acetylcholine,acetylcholine,0.9525289542351477,1,2,2,False,False,False
2712,23889,PLP150,PLP150_R,,PLP150,PLP150,cb_intrinsic,,R,,,acetylcholine,acetylcholine,0.9586216846398476,1,2,2,False,False,False
2713,23898,PVLP202m,PVLP202m_R,"Lee 2002, Rideout 2010: pC2; Robinett 2010, Nojima 2021: pC2m",,,cb_intrinsic,,R,male-specific,dsx_high,acetylcholine,acetylcholine,0.9602667104688869,1,2,1,False,False,False
2714,23924,pC1_13b,pC1_13b_L,"Lee 2002, Rideout 2010, Nojima 2021: pC1",,,cb_intrinsic,,L,potentially male-specific,dsx_high,acetylcholine,acetylcholine,0.931694680464509,1,2,1,False,True,False
2715,23942,PVLP207m,PVLP207m_R,Cachero 2010: pIP-e; Yu 2010: pIP5,,,cb_intrinsic,,R,male-specific,fru_low,acetylcholine,acetylcholine,0.9424720358283365,1,2,2,False,False,False
2716,23944,CL261,CL261_L,,CL261b,CL261,cb_intrinsic,,L,,,acetylcholine,acetylcholine,0.9220316443925434,1,2,2,False,False,False
2717,23952,pC1_16a,pC1_16a_R,"Lee 2002, Rideout 2010, Nojima 2021: pC1; Cachero 2010: pMP-e; Yu 2010: pMP4",,,cb_intrinsic,,R,male-specific,coexpress_high,acetylcholine,acetylcholine,0.9477509387470485,1,3,1,False,True,False
2718,23956,PVLP131,PVLP131_L,,,PVLP131,cb_intrinsic,,L,,,acetylcholine,acetylcholine,0.964705120900899,1,2,2,False,False,False
2719,23963,SAD100,SAD100_R,,CB3918,,cb_intrinsic,,M,,,gaba,gaba,0.7926436160536274,-1,2,2,False,False,False
2720,23968,pC1_4a,pC1_4a_R,"Lee 2002, Rideout 2010, Nojima 2021: pC1",,,cb_intrinsic,,R,male-specific,dsx_high,acetylcholine,acetylcholine,0.9549683703170481,1,2,2,False,True,False
2721,23973,AVLP526,AVLP526_R,,CB1552,AVLP526,cb_intrinsic,,R,,,acetylcholine,acetylcholine,0.9713900472143085,1,2,2,False,False,False
2722,23978,PVLP209m,PVLP209m_L,Cachero 2010: pIP-e; Yu 2010: pIP5; Nojima 2021: pC2l,,,cb_intrinsic,,L,male-specific,coexpress_high,acetylcholine,acetylcholine,0.9008215352065694,1,3,1,False,False,False
2723,23979,CB1065,CB1065_L,,CB1065,,cb_intrinsic,,L,,,gaba,gaba,0.7880194056992265,-1,1,3,False,False,False
2724,23984,AVLP121,AVLP121_R,,AVLP121,AVLP121,cb_intrinsic,,R,,,acetylcholine,acetylcholine,0.891972814027713,1,2,2,False,False,False
2725,23991,PVLP205m,PVLP205m_R,Cachero 2010: aSP-f; Yu 2010: aSP5; Ruta 2010: DC1,,,cb_intrinsic,,R,male-specific,fru_high,acetylcholine,acetylcholine,0.9317809453120621,1,2,2,False,False,False
2726,24000,PVLP202m,PVLP202m_L,"Lee 2002, Rideout 2010: pC2; Robinett 2010, Nojima 2021: pC2m",,,cb_intrinsic,,L,male-specific,dsx_high,acetylcholine,acetylcholine,0.9576039967239954,1,3,1,False,False,False
2727,24010,AVLP254,AVLP254_L,,"AVLP253,AVLP254",AVLP254,cb_intrinsic,,L,,,gaba,gaba,0.67528175386637,-1,2,2,False,False,False
2728,24022,AN09B024,AN09B024_L,,AN_multi_127,,ascending_neuron,,L,,,acetylcholine,acetylcholine,0.9606263031070608,1,2,2,False,False,False
2729,24024,CB2373,CB2373_L,,CB2373,,cb_intrinsic,,L,,,acetylcholine,acetylcholine,0.9663743004276529,1,2,2,False,False,False
2730,24056,AVLP283,AVLP283_R,,AVLP283,AVLP283,cb_intrinsic,,R,,,acetylcholine,acetylcholine,0.9621421526306883,1,2,2,False,False,False
2731,24058,DNge014,DNge014_L,Cachero 2010: pSG-b,DNge014,,descending_neuron,,L,,fru_low,acetylcholine,acetylcholine,0.9629500736076952,1,2,2,False,False,False
2732,24060,AVLP743m,AVLP743m_R,Ruta 2010: LC1,,,cb_intrinsic,,R,male-specific,fru_low,unclear,unclear,0.4204527516734751,0,2,2,False,False,False
2733,24061,PVLP207m,PVLP207m_R,Cachero 2010: pIP-e; Yu 2010: pIP5,,,cb_intrinsic,,R,male-specific,fru_low,acetylcholine,acetylcholine,0.9483931301708403,1,2,2,False,False,False
2734,24065,AVLP121,AVLP121_L,,AVLP121,AVLP121,cb_intrinsic,,L,,,acetylcholine,acetylcholine,0.9283540737480973,1,2,2,False,False,False
2735,24072,ICL008m,ICL008m_R,Cachero 2010: aSP-k; Yu 2010: aSP8,,,cb_intrinsic,,R,male-specific,fru_high,gaba,gaba,0.7511036166256054,-1,3,1,False,False,False
2736,24075,PVLP033,PVLP033_L,,PVLP033,PVLP033,cb_intrinsic,,L,,,gaba,gaba,0.7311209090930456,-1,1,2,False,False,False
2737,24115,AN19A018,AN19A018(24115)_R,,,,ascending_neuron,,R,,,acetylcholine,acetylcholine,0.9716501782414428,1,2,2,False,False,False
2738,24125,PVLP028,PVLP028_R,,PVLP028,PVLP028,cb_intrinsic,,R,,,gaba,gaba,0.8430303135223891,-1,2,2,False,False,False
2739,24133,AN19B001,AN19B001(24133)_L,,AN_GNG_3,,ascending_neuron,,L,,,acetylcholine,acetylcholine,0.9660791076264857,1,2,2,False,False,False
2740,24136,SMP702m,SMP702m_R,,,,cb_intrinsic,,R,male-specific,,glutamate,glutamate,0.6602289789836245,-1,3,1,False,False,False
2741,24148,WED114,WED114_R,,WED114,WED114,cb_intrinsic,,R,,,acetylcholine,acetylcholine,0.9704058177436538,1,2,2,False,False,False
2742,24150,CL056,CL056_R,,"CB0719,CB2276",CL056,cb_intrinsic,,R,,,gaba,gaba,0.6748181316558581,-1,2,2,False,False,False
2743,24185,WED091,WED091_R,,WED091,WED092,cb_intrinsic,,R,,,acetylcholine,acetylcholine,0.9578804918701974,1,2,2,False,False,False
2744,24206,AVLP555,AVLP555_R,,AVLP555,AVLP555,cb_intrinsic,,R,,,glutamate,glutamate,0.7771121525482798,-1,2,2,False,False,False
2745,24214,CB1903,CB1903_L,,CB1903,,cb_intrinsic,,L,,,acetylcholine,acetylcholine,0.9702001683882411,1,2,2,False,False,False
2746,24221,,,,"CB2264,CB3516",,cb_intrinsic,,R,,,acetylcholine,acetylcholine,0.9340085971259344,1,2,2,False,False,False
2747,24229,AN10B015,AN10B015_L,,AN_GNG_SAD_17,,ascending_neuron,,L,,,acetylcholine,acetylcholine,0.9511294689303266,1,2,2,False,False,False
2748,24254,GNG466,GNG466_R,,CB0814,,cb_intrinsic,,R,,,gaba,gaba,0.8385111478289827,-1,2,2,False,False,False
2749,24273,CB2380,CB2380_L,Vaughan 2014: aLN(al),CB2380,,cb_intrinsic,,L,,fru_high,gaba,gaba,0.8415494401575293,-1,1,3,False,False,False
2750,24287,AVLP060,AVLP060_L,,AVLP060,AVLP060,cb_intrinsic,,L,,,glutamate,glutamate,0.8171643366887227,-1,2,2,False,False,False
2751,24294,AVLP059,AVLP059_L,,AVLP059,AVLP059,cb_intrinsic,,L,,,glutamate,glutamate,0.7857310003774969,-1,2,2,False,False,False
2752,24302,CB1795,CB1795_L,,CB1795,,cb_intrinsic,,L,,,acetylcholine,acetylcholine,0.949929536048861,1,3,1,False,False,False
2753,24324,AVLP136,AVLP136_R,,AVLP136,AVLP136,cb_intrinsic,,R,,,acetylcholine,acetylcholine,0.94994352637235,1,2,2,False,False,False
2754,24338,LC4,LC4_R,,LC4,LC4,visual_projection,,R,,,acetylcholine,acetylcholine,0.972049567950603,1,2,2,False,False,False
2755,24342,AVLP526,AVLP526_L,,CB1552,AVLP526,cb_intrinsic,,L,,,acetylcholine,acetylcholine,0.94822065293549,1,2,2,False,False,False
2756,24347,CL117,CL117_R,,"CB2338,CB3321",CL117,cb_intrinsic,,R,,,gaba,gaba,0.8464283337297743,-1,2,1,False,False,False
2757,24349,,,,"CB1993,CB4053",,cb_intrinsic,,L,,,acetylcholine,acetylcholine,0.9747326673375373,1,2,2,False,False,False
2758,24357,AN06B002,AN06B002_R,,AN_GNG_178,,ascending_neuron,,R,,,gaba,gaba,0.8933999998923592,-1,2,2,False,False,False
2759,24358,PVLP085,PVLP085_R,,CB0813,PVLP085,cb_intrinsic,,R,,,acetylcholine,acetylcholine,0.957066477798533,1,2,2,False,False,False
2760,24378,AVLP729m,AVLP729m_R,Cachero 2010: aIP-b,,,cb_intrinsic,,R,male-specific,fru_high,acetylcholine,acetylcholine,0.9486613286117762,1,2,2,False,False,False
2761,24379,CL128a,CL128a_R,,CL128a,,cb_intrinsic,,R,,,gaba,gaba,0.8393932417631096,-1,2,2,False,False,False
2762,24390,CB2108,CB2108_R,,CB2108,,cb_intrinsic,,R,,,acetylcholine,acetylcholine,0.9510026711197432,1,2,2,False,False,False
2763,24391,AVLP045,AVLP045_R,,AVLP045,AVLP045,cb_intrinsic,,R,,,acetylcholine,acetylcholine,0.9370811474965747,1,2,2,False,False,False
2764,24410,CB1852,CB1852_L,Cachero 2010: aIP-e; Yu 2010: aSP9; Ruta 2010: LC2,CB1852,,cb_intrinsic,,L,,fru_high,acetylcholine,acetylcholine,0.9708558258584246,1,2,2,False,False,False
2765,24411,PVLP124,PVLP124_R,,PVLP124,PVLP124,cb_intrinsic,,R,,,acetylcholine,acetylcholine,0.9692432706326409,1,2,2,False,False,False
2766,24426,CL122_a,CL122_a_R,Cachero 2010: aDT-g; Yu 2010: aDT5,CL122_a,CL122,cb_intrinsic,,R,potentially sexually dimorphic,fru_low,gaba,gaba,0.7755316189890853,-1,2,2,False,False,False
2767,24439,PLP134,PLP134_L,,CB4072,PLP134,cb_intrinsic,,L,,,acetylcholine,acetylcholine,0.9576911970618041,1,2,2,False,False,False
2768,24441,CL266_b1,CL266_b1_L,,CL266_b,CL266_b,cb_intrinsic,,L,,,acetylcholine,acetylcholine,0.9544787539267872,1,2,2,False,False,False
2769,24468,AVLP524_b,AVLP524_b_R,,CB1995,AVLP524_b,cb_intrinsic,,R,,,acetylcholine,acetylcholine,0.833749384476485,1,3,1,False,False,False
2770,24485,AVLP557,AVLP557_R,,AVLP557,AVLP557,cb_intrinsic,,R,,,glutamate,glutamate,0.7753914951254535,-1,2,2,False,False,False
2771,24486,AVLP283,AVLP283_R,,AVLP283,AVLP283,cb_intrinsic,,R,,,acetylcholine,acetylcholine,0.9584171707967754,1,2,2,False,False,False
2772,24496,CL261,CL261_L,,CL261a,CL261,cb_intrinsic,,L,,,acetylcholine,acetylcholine,0.9163506739650792,1,2,2,False,False,False
2773,24504,CB3302,CB3302_L,,CB3302,,cb_intrinsic,,L,,,acetylcholine,acetylcholine,0.952916428981269,1,2,2,False,False,False
2774,24509,PVLP112,PVLP112_R,Cachero 2010: pIP-c; Yu 2010: pIP7,PVLP112a,PVLP112,cb_intrinsic,,R,,fru_high,gaba,gaba,0.7716923498480479,-1,2,2,False,False,False
2775,24523,LC4,LC4_L,,LC4,LC4,visual_projection,,L,,,acetylcholine,acetylcholine,0.9674370909986699,1,2,2,False,False,False
2776,24525,CB1549,CB1549_L,,CB1549,,cb_intrinsic,,L,,,glutamate,glutamate,0.7864439195462894,-1,2,2,False,False,False
2777,24532,,,,"CB2014,CB2039",,cb_intrinsic,,L,,,acetylcholine,acetylcholine,0.8411729186766411,1,2,2,False,False,False
2778,24537,vpoIN,vpoIN_R,Cachero 2010: aSP-k; Wang 2020b: vpoIN,CB1385,AVLP007,cb_intrinsic,,R,,fru_high,gaba,gaba,0.792178680432463,-1,2,1,False,False,False
2779,24552,CB2624,CB2624_L,,CB2624,,cb_intrinsic,,L,,,acetylcholine,acetylcholine,0.9524356966998706,1,2,2,False,False,False
2780,24595,aSP10A_b,aSP10A_b_L,Cachero 2010: aIP-b,CB1090,aSP10A,cb_intrinsic,,L,potentially sexually dimorphic,fru_high,acetylcholine,acetylcholine,0.9018155962312451,1,2,1,False,False,False
2781,24596,CB1948,CB1948_R,,CB1948,,cb_intrinsic,,R,,,gaba,gaba,0.8560429140732914,-1,2,2,False,False,False
2782,24599,CB4073,CB4073_L,,CB4073,,cb_intrinsic,,L,,,acetylcholine,acetylcholine,0.9549865599811226,1,2,2,False,False,False
2783,24600,AVLP611,AVLP611_R,,CB1476,,cb_intrinsic,,R,,,acetylcholine,acetylcholine,0.9747326673375372,1,2,2,False,False,False
2784,24606,CB3499,CB3499_L,,CB3499,,cb_intrinsic,,L,,,acetylcholine,acetylcholine,0.9689835818549041,1,2,2,False,False,False
2785,24613,SIP145m,SIP145m_L,Cachero 2010: aSP-a; Yu 2010: aSP2,,,cb_intrinsic,,L,male-specific,fru_high,glutamate,glutamate,0.7731509566971241,-1,2,2,False,False,False
2786,24623,pC1_6b,pC1_6b_R,"Lee 2002, Rideout 2010, Nojima 2021: pC1",,,cb_intrinsic,,R,male-specific,coexpress_high,acetylcholine,acetylcholine,0.9583082386364475,1,2,2,False,True,False
2787,24626,WED127,WED127_R,,WED127,WED127,cb_intrinsic,,R,,,acetylcholine,acetylcholine,0.9630028095898513,1,2,2,False,False,False
2788,24633,AVLP222,AVLP222_R,,AVLP222,AVLP222,cb_intrinsic,,R,,,acetylcholine,acetylcholine,0.9555732582323766,1,2,2,False,False,False
2789,24635,WED047,WED047_R,,CB3162,WED047,cb_intrinsic,,R,,,acetylcholine,acetylcholine,0.9694303195586037,1,2,2,False,False,False
2790,24640,PLP218,PLP218_R,,PLP218,PLP218,cb_intrinsic,,R,,,glutamate,glutamate,0.8357405155273651,-1,2,2,False,False,False
2791,24656,PLP065,PLP065_R,,CB4018,PLP065,cb_intrinsic,,R,,,acetylcholine,acetylcholine,0.9679406106363313,1,2,2,False,False,False
2792,24687,PVLP131,PVLP131_R,,,PVLP131,cb_intrinsic,,R,,,acetylcholine,acetylcholine,0.9722009287703813,1,2,2,False,False,False
2793,24700,AN08B031,AN08B031_L,Lillvis 2024: vPR13,AN_GNG_SAD_32,,ascending_neuron,,L,sexually dimorphic,fru_high,acetylcholine,acetylcholine,0.9493056830614476,1,2,2,False,False,False
2794,24702,PLP065,PLP065_R,,PLP065a,PLP065,cb_intrinsic,,R,,,acetylcholine,acetylcholine,0.9747326673375373,1,2,2,False,False,False
2795,24717,AVLP526,AVLP526_R,,CB1552,AVLP526,cb_intrinsic,,R,,,acetylcholine,acetylcholine,0.9231860256756972,1,2,2,False,False,False
2796,24721,CB2412,CB2412_R,,CB2412,,cb_intrinsic,,R,,,acetylcholine,acetylcholine,0.9599516903149066,1,2,2,False,False,False
2797,24727,pC1_8a,pC1_8a_L,"Lee 2002, Rideout 2010, Nojima 2021: pC1",,,cb_intrinsic,,L,male-specific,dsx_high,acetylcholine,acetylcholine,0.9637343754970624,1,2,2,False,True,False
2798,24731,VES200m,VES200m_L,Cachero 2010: aSP-b; Yu 2010: aSP1,,,cb_intrinsic,,L,potentially male-specific,fru_high,glutamate,glutamate,0.7395495148259084,-1,2,2,False,False,False
2799,24771,CB1044,CB1044_L,,CB1044,,cb_intrinsic,,L,,,acetylcholine,acetylcholine,0.9622341763656986,1,2,2,False,False,False
2800,24780,SIP142m,SIP142m_R,Cachero 2010: aSP-a; Yu 2010: aSP2,,,cb_intrinsic,,R,male-specific,fru_high,glutamate,glutamate,0.8123272809475971,-1,3,1,False,False,False
2801,24783,,,,"CB3431,CB3482",,cb_intrinsic,,R,,,acetylcholine,acetylcholine,0.9327415424802951,1,2,2,False,False,False
2802,24788,CL117,CL117_L,,"CB2338,CB3321",CL117,cb_intrinsic,,L,,,gaba,gaba,0.833901928138151,-1,2,2,False,False,False
2803,24825,CB1932,CB1932_R,,CB1932,,cb_intrinsic,,R,,,acetylcholine,acetylcholine,0.9676596739844567,1,2,2,False,False,False
2804,24829,aSP10A_a,aSP10A_a_L,Cachero 2010: aIP-b,CB1783,aSP10A,cb_intrinsic,,L,sexually dimorphic,fru_high,acetylcholine,acetylcholine,0.9528189021192417,1,2,1,False,False,False
2805,24852,WED025,WED025_L,,WED025,WED025,cb_intrinsic,,L,,,gaba,gaba,0.7885240986102735,-1,1,3,False,False,False
2806,24865,AVLP059,AVLP059_R,,AVLP059,AVLP059,cb_intrinsic,,R,,,glutamate,glutamate,0.7623562392239851,-1,2,2,False,False,False
2807,24875,AVLP525,AVLP525(CL277)_L,,CB1543,"AVLP525,CL277",cb_intrinsic,,L,,,acetylcholine,acetylcholine,0.9646325216925066,1,2,2,False,False,False
2808,24876,CB4173,CB4173_L,,CB4173,,cb_intrinsic,,L,,,acetylcholine,acetylcholine,0.9682863874854127,1,1,2,False,False,False
2809,24888,AN03B011,AN03B011_L,,AN_GNG_181,,ascending_neuron,,L,,,gaba,gaba,0.8994400155751043,-1,2,2,False,False,False
2810,24893,CB3277,CB3277_L,,CB3277,,cb_intrinsic,,L,,,acetylcholine,acetylcholine,0.9517584024418155,1,2,2,False,False,False
2811,24894,AVLP345_a,AVLP345_a_L,,AVLP345,AVLP345,cb_intrinsic,,L,,,acetylcholine,acetylcholine,0.9166454296150419,1,2,2,False,False,False
2812,24906,CB2144,CB2144_R,,CB2144,,cb_intrinsic,,R,,,acetylcholine,acetylcholine,0.9562723972648635,1,2,2,False,False,False
2813,24913,AN10B015,AN10B015_R,,AN_GNG_SAD_17,,ascending_neuron,,R,,,acetylcholine,acetylcholine,0.9364703640127802,1,2,2,False,False,False
2814,24924,ANXXX144,ANXXX144_L,,AN_AVLP_GNG_16,,ascending_neuron,,L,,,gaba,gaba,0.8339985643638697,-1,2,2,False,False,False
2815,24928,CB1194,CB1194_L,Cachero 2010: aIP-c;Yu 2010: aIP1/aIP4/aSP10,CB1194,,cb_intrinsic,,L,,fru_low,acetylcholine,acetylcholine,0.9590252049463361,1,2,2,False,False,False
2816,24938,AVLP221,AVLP221_L,,CB0245,AVLP221,cb_intrinsic,,L,,,acetylcholine,acetylcholine,0.9625009979459488,1,2,2,False,False,False
2817,24970,AVLP265,AVLP265_L,,AVLP265a,AVLP265,cb_intrinsic,,L,,,acetylcholine,acetylcholine,0.9422735134364981,1,2,2,False,False,False
2818,24980,mAL_m2b,mAL_m2b_R,Cachero 2010: aDT-b; Yu 2010: aDT2,,,cb_intrinsic,,R,male-specific,fru_high,gaba,gaba,0.5439641941871193,-1,2,1,False,False,False
2819,24992,LPLC4,LPLC4_L,,LPLC4,LPLC4,visual_projection,,L,,,acetylcholine,acetylcholine,0.962916286651489,1,2,2,False,False,False
2820,24995,AVLP736m,AVLP736m_R,Cachero 2010: pIP-e; Yu 2010: pIP5; Nojima 2021: pC2l,,,cb_intrinsic,,R,male-specific,coexpress_high,acetylcholine,acetylcholine,0.9544077329540994,1,2,1,False,False,False
2821,24997,AN08B013,AN08B013_R,,AN_multi_56,,ascending_neuron,,R,,,acetylcholine,acetylcholine,0.8738129598049996,1,2,2,False,False,False
2822,25007,AVLP137,AVLP137_L,,CB1889,AVLP137,cb_intrinsic,,L,,,acetylcholine,acetylcholine,0.9288857273708071,1,2,2,False,False,False
2823,25018,CB3322,CB3322_R,,CB3322,,cb_intrinsic,,R,,,acetylcholine,acetylcholine,0.9396354826879899,1,2,2,False,False,False
2824,25021,GNG009,GNG009_M,,CB3920,,cb_intrinsic,,M,,,gaba,gaba,0.8301049281679685,-1,2,2,False,False,False
2825,25037,AVLP753m,AVLP753m_R,Cachero 2010: aSP-f; Yu 2010: aSP5; Ruta 2010: DC1,,,cb_intrinsic,,R,male-specific,fru_high,acetylcholine,acetylcholine,0.7556859370117827,1,2,2,False,False,False
2826,25043,AVLP338,AVLP338_R,Cachero 2010: aIP-g; Yu 2010: pIP6,CB3382,AVLP338,cb_intrinsic,,R,,fru_low,acetylcholine,acetylcholine,0.9588170285508132,1,2,2,False,False,False
2827,25047,AN09B020,AN09B020_L,,AN_GNG_33,,ascending_neuron,,L,,,acetylcholine,acetylcholine,0.9561049975195264,1,2,2,False,False,False
2828,25049,CB4172,CB4172_L,,CB4172,,cb_intrinsic,,L,,,acetylcholine,acetylcholine,0.9698377041008627,1,2,2,False,False,False
2829,25053,AVLP527,AVLP527_L,,"CB3487,CB3535",AVLP527,cb_intrinsic,,L,,,acetylcholine,acetylcholine,0.8400986344986896,1,2,1,False,False,False
2830,25076,AN08B022,AN08B022_R,,AN_multi_45,,ascending_neuron,,R,,,acetylcholine,acetylcholine,0.9684584611550108,1,2,2,False,False,False
2831,25092,ANXXX082,ANXXX082_L,,AN_AVLP_GNG_6,,ascending_neuron,,L,,,acetylcholine,acetylcholine,0.9660806615369852,1,2,2,False,False,False
2832,25093,CB3499,CB3499_R,,CB3499,,cb_intrinsic,,R,,,acetylcholine,acetylcholine,0.9540058464730021,1,2,2,False,False,False
2833,25104,,,,"CB3431,CB3482",,cb_intrinsic,,L,,,acetylcholine,acetylcholine,0.9266617470556393,1,2,2,False,False,False
2834,25106,CB3607,CB3607_R,,CB3607,,cb_intrinsic,,R,,,acetylcholine,acetylcholine,0.9510566831521324,1,2,2,False,False,False
2835,25108,JO-A2,JO-A2_L,,JO-A2,,cb_sensory,mechanosensory,,,,acetylcholine,acetylcholine,0.9228160931857261,1,0,2,True,False,False
2836,25110,CB4248,CB4175_L,Cachero 2010: aIP-a,CB4248,,cb_intrinsic,,L,,fru_high,gaba,gaba,0.8221491090946855,-1,1,2,False,False,False
2837,25112,,,,"CB1196,CB1986",,cb_intrinsic,,L,,,acetylcholine,acetylcholine,0.9500053749169407,1,2,2,False,False,False
2838,25114,ANXXX144,ANXXX144_R,,AN_AVLP_GNG_16,,ascending_neuron,,R,,,gaba,gaba,0.836622650110775,-1,2,2,False,False,False
2839,25152,WED065,WED065_R,,CB1206,WED065,cb_intrinsic,,R,,,acetylcholine,acetylcholine,0.9682598343898802,1,2,2,False,False,False
2840,25153,AN06B002,AN06B002_L,,AN_GNG_178,,ascending_neuron,,L,,,gaba,gaba,0.8936346994633138,-1,2,2,False,False,False
2841,25161,LHPD2c1,LHPD2c1_L,,LHPD2c1,LHPD2c1,cb_intrinsic,,L,,,acetylcholine,acetylcholine,0.9304015827825185,1,2,2,False,False,False
2842,25179,ANXXX132,ANXXX132_R,,AN_GNG_145,,ascending_neuron,,R,,,acetylcholine,acetylcholine,0.9710386429106743,1,2,2,False,False,False
2843,25185,AN09A007,AN09A007_L,,AN_GNG_198,,ascending_neuron,,L,,,gaba,gaba,0.8403657313522845,-1,2,2,False,False,False
2844,25204,pC1_13a,pC1_13a_L,"Lee 2002, Rideout 2010, Nojima 2021: pC1; Cachero 2010: pMP-e; Yu 2010: pMP4",,,cb_intrinsic,,L,potentially male-specific,coexpress_high,acetylcholine,acetylcholine,0.9279255761983525,1,2,1,False,True,False
2845,25230,AN18B032,AN18B032_R,,AN_GNG_132,,ascending_neuron,,R,,,acetylcholine,acetylcholine,0.9468646397194651,1,2,2,False,False,False
2846,25236,,25236_L,,"CB2618,CB3317",,cb_intrinsic,,L,,,acetylcholine,acetylcholine,0.9640910844280172,1,2,2,False,False,False
2847,25254,,25236_R,,"CB2618,CB3317",,cb_intrinsic,,R,,,acetylcholine,acetylcholine,0.9639067819139534,1,2,2,False,False,False
2848,25275,CB1883,CB1883_R,,CB1883,,cb_intrinsic,,R,,fru_low,acetylcholine,acetylcholine,0.9709669041302823,1,2,2,False,False,False
2849,25278,PVLP214m,PVLP214m_R,Cachero 2010: pIP-e; Yu 2010: pIP5,,,cb_intrinsic,,R,male-specific,fru_low,acetylcholine,acetylcholine,0.9595488727748228,1,2,2,False,False,False
2850,25289,VES023,VES023_L,,VES023,VES023,cb_intrinsic,,L,,,gaba,gaba,0.8642862427874121,-1,2,2,False,False,False
2851,25342,AVLP377,AVLP377_R,,CB0955,AVLP377,cb_intrinsic,,R,,,acetylcholine,acetylcholine,0.9721415281690222,1,2,2,False,False,False
2852,25349,AVLP494,AVLP494_L,,AVLP494,AVLP494,cb_intrinsic,,L,,fru_high,acetylcholine,acetylcholine,0.9646742264671365,1,2,2,False,False,False
2853,25377,CB1932,CB1932_R,,CB1932,,cb_intrinsic,,R,,,acetylcholine,acetylcholine,0.9233580252186167,1,2,2,False,False,False
2854,25381,CL117,CL117_L,,"CB2338,CB3321",CL117,cb_intrinsic,,L,,,gaba,gaba,0.8217750336799129,-1,2,2,False,False,False
2855,25385,AVLP179,AVLP179_L,,CB2428,AVLP179,cb_intrinsic,,L,,,acetylcholine,acetylcholine,0.9317411313434754,1,2,2,False,False,False
2856,25395,PVLP209m,PVLP209m_R,Cachero 2010: pIP-e; Yu 2010: pIP5,,,cb_intrinsic,,R,male-specific,fru_high,acetylcholine,acetylcholine,0.9044835885735198,1,2,2,False,False,False
2857,25434,AVLP312,AVLP312_L,,AVLP312b,AVLP312,cb_intrinsic,,L,,,acetylcholine,acetylcholine,0.9346227281221309,1,2,2,False,False,False
2858,25435,LPLC1,LPLC1_L,,LPLC1,LPLC1,visual_projection,,L,,,acetylcholine,acetylcholine,0.9584498361706054,1,2,2,False,False,False
2859,25436,SAD004,SAD004_L,,CB1125,SAD004,cb_intrinsic,,L,,,acetylcholine,acetylcholine,0.9524189545088314,1,1,3,False,False,False
2860,25438,SAD064,SAD064_L,,SAD064,SAD064,cb_intrinsic,,L,,,acetylcholine,acetylcholine,0.9401877084310687,1,1,3,False,False,False
2861,25466,CB3264,CB3264_L,,CB3264,,cb_intrinsic,,L,,,acetylcholine,acetylcholine,0.9709237184039287,1,1,3,False,False,False
2862,25478,FLA001m,FLA001m_L,,,,cb_intrinsic,,L,male-specific,,acetylcholine,acetylcholine,0.9202012696601626,1,2,2,False,False,False
2863,25483,VES097,VES097_L,,CB3547,,cb_intrinsic,,L,,,gaba,gaba,0.8764624902840178,-1,2,2,False,False,False
2864,25487,CB2475,CB2475_L,,CB2475,,cb_intrinsic,,L,,,acetylcholine,acetylcholine,0.9617483965885084,1,1,3,False,False,False
2865,25503,AVLP461,AVLP461_R,,CB4160,AVLP461,cb_intrinsic,,R,,,gaba,gaba,0.7847494141068103,-1,2,2,False,False,False
2866,25521,pC1_8a,pC1_8a_R,"Lee 2002, Rideout 2010, Nojima 2021: pC1",,,cb_intrinsic,,R,male-specific,dsx_high,acetylcholine,acetylcholine,0.9530166129611561,1,2,2,False,True,False
2867,25522,CB1287_b,CB1287_b_L,,CB2187b,,cb_intrinsic,,L,,,acetylcholine,acetylcholine,0.9551642574377602,1,2,2,False,False,False
2868,25538,AVLP526,AVLP526_R,,CB1552,AVLP526,cb_intrinsic,,R,,,acetylcholine,acetylcholine,0.9221408996378236,1,2,2,False,False,False
2869,25542,pC1_7a,pC1_7a_R,"Lee 2002, Rideout 2010, Nojima 2021: pC1; Cachero 2010: pMP-e; Yu 2010: pMP4",,,cb_intrinsic,,R,male-specific,coexpress_low,acetylcholine,acetylcholine,0.9634649565942806,1,2,1,False,True,False
2870,25544,CB3329,CB3329_R,,CB3329,,cb_intrinsic,,R,,,acetylcholine,acetylcholine,0.9747326673375373,1,2,2,False,False,False
2871,25557,FLA001m,FLA001m_L,,,,cb_intrinsic,,L,male-specific,,acetylcholine,acetylcholine,0.9334483381561615,1,2,2,False,False,False
2872,25561,SAD115,SAD115_R,,CB3997,,cb_intrinsic,,R,,,acetylcholine,acetylcholine,0.9555960669567407,1,2,2,False,False,False
2873,25568,aSP10C_b,aSP10C_b_R,Cachero 2010: aIP-b,CB2376c,aSP10C_b,cb_intrinsic,,R,sexually dimorphic,fru_high,acetylcholine,acetylcholine,0.9483664162612958,1,2,2,False,False,False
2874,25576,PS092,PS092_R,,PS092,PS092,cb_intrinsic,,R,,,gaba,gaba,0.7538550028050777,-1,2,2,False,False,False
2875,25584,LC4,LC4_R,,LC4,LC4,visual_projection,,R,,,acetylcholine,acetylcholine,0.9682778328031957,1,2,2,False,False,False
2876,25589,DNg07,DNg07_L,Vaughan 2014: aPN(desc),DNg07,,descending_neuron,,L,,,acetylcholine,acetylcholine,0.9690617579119759,1,1,3,False,False,False
2877,25593,CB1194,CB1194_R,Cachero 2010: aIP-c;Yu 2010: aIP1/aIP4/aSP10,CB1194,,cb_intrinsic,,R,,fru_low,acetylcholine,acetylcholine,0.9558663165256115,1,2,2,False,False,False
2878,25597,AVLP700m,AVLP700m_R,Cachero 2010: aSP-g; Yu 2010: aSP6,,,cb_intrinsic,,R,male-specific,fru_high,acetylcholine,acetylcholine,0.9469210924324516,1,3,1,False,False,False
2879,25608,PVLP125,PVLP125_R,,CB3390,PVLP125,cb_intrinsic,,R,,,acetylcholine,acetylcholine,0.9643284849412845,1,2,2,False,False,False
2880,25613,PVLP112,PVLP112_L,Cachero 2010: pIP-c; Yu 2010: pIP7,PVLP112b,PVLP112,cb_intrinsic,,L,,fru_high,gaba,gaba,0.8608805878039855,-1,2,2,False,False,False
2881,25615,CL261,CL261_R,,CL261a,CL261,cb_intrinsic,,R,,,acetylcholine,acetylcholine,0.9161938167774937,1,2,2,False,False,False
2882,25621,SAD116,SAD116_L,,CB4235,,cb_intrinsic,,L,,,glutamate,glutamate,0.6978177154708224,-1,1,3,False,False,False
2883,25657,AOTU049,AOTU049_R,,AOTU049,AOTU049,cb_intrinsic,,R,,,gaba,gaba,0.7791868699727342,-1,2,2,False,False,False
2884,25668,CB4116,CB4116_L,,CB4116,,cb_intrinsic,,L,,,acetylcholine,acetylcholine,0.9585842069675887,1,2,2,False,False,False
2885,25690,pC1_15b,pC1_15b_R,"Lee 2002, Rideout 2010, Nojima 2021: pC1; Cachero 2010: pMP-e; Yu 2010: pMP4",,,cb_intrinsic,,R,male-specific,coexpress_low,acetylcholine,acetylcholine,0.8880354931857601,1,3,1,False,True,False
2886,25724,CL121_b,CL121_b_R,Cachero 2010: aDT-g; Yu 2010: aDT5,CB3978,CL121,cb_intrinsic,,R,sexually dimorphic,fru_low,gaba,gaba,0.8665782572809578,-1,2,2,False,False,False
2887,25730,IB015,IB015_R,,IB015,IB015,cb_intrinsic,,R,,,acetylcholine,acetylcholine,0.9622569737202715,1,2,2,False,False,False
2888,25740,pC1_14b,pC1_14b_R,"Lee 2002, Rideout 2010, Nojima 2021: pC1; Cachero 2010: pMP-e; Yu 2010: pMP4",,,cb_intrinsic,,R,potentially male-specific,coexpress_low,acetylcholine,acetylcholine,0.875988169185332,1,3,1,False,True,False
2889,25755,SAD047,SAD047_R,,SAD047,SAD047,cb_intrinsic,,R,,,glutamate,glutamate,0.7030793100422934,-1,2,2,False,False,False
2890,25771,CL368,CL368(hb733873838)_L,,CB0658,(hb733873838),cb_intrinsic,,L,,,glutamate,glutamate,0.8519195954333938,-1,2,2,False,False,False
2891,25821,GNG611,GNG611_R,,CB2115,,cb_intrinsic,,R,,,acetylcholine,acetylcholine,0.8092740549163688,1,2,2,False,False,False
2892,25831,WED083,WED083_R,,CB3954,WED083,cb_intrinsic,,R,,,gaba,gaba,0.8566250973696845,-1,2,2,False,False,False
2893,25834,,,,,,cb_intrinsic,,L,,,acetylcholine,acetylcholine,0.9620585644844266,1,2,2,False,False,False
2894,25838,CB1165,CB1165_L,Cachero 2010: aIP-c; Yu 2010: aIP1/aIP4/aSP10,CB1165,"AVLP246,AVLP249",cb_intrinsic,,L,sexually dimorphic,fru_low,acetylcholine,acetylcholine,0.9252403314735437,1,2,2,False,False,False
2895,25857,CB1918,CB1918_L,,CB1918,,cb_intrinsic,,L,,,gaba,gaba,0.8528102416862896,-1,1,3,False,False,False
2896,25860,AOTU059,AOTU059_R,,AOTU059,AOTU059,cb_intrinsic,,R,,,gaba,gaba,0.7877376378682521,-1,3,1,False,False,False
2897,25861,DNge038,DNge038_L,,DNge038,,descending_neuron,,L,,,acetylcholine,acetylcholine,0.8520618300887886,1,2,2,False,False,False
2898,25880,SAD009,SAD009_L,,SAD009,SAD009,cb_intrinsic,,L,,,acetylcholine,acetylcholine,0.9661204337304129,1,2,2,False,False,False
2899,25912,CB2207,CB2207_L,,CB2207,,cb_intrinsic,,L,,,acetylcholine,acetylcholine,0.9417114496362844,1,2,2,False,False,False
2900,25970,PVLP048,PVLP048_L,Cachero 2010: aIP-a,CB1544,PVLP048,cb_intrinsic,,L,,fru_high,gaba,gaba,0.8146356837439293,-1,2,2,False,False,False
2901,25974,ANXXX178,ANXXX178_R,,AN_AVLP_GNG_20,,ascending_neuron,,R,,,gaba,gaba,0.8572761814625318,-1,1,2,False,False,False
2902,25990,WED166_d,WED166_d_L,,WED166_d,WED166_d,cb_intrinsic,,L,,,acetylcholine,acetylcholine,0.9635645843861964,1,2,2,False,False,False
2903,26012,AN03B011,AN03B011_R,,AN_GNG_181,,ascending_neuron,,R,,,gaba,gaba,0.9022739165718036,-1,2,1,False,False,False
2904,26021,CB3499,CB3499_L,,CB3499,,cb_intrinsic,,L,,,acetylcholine,acetylcholine,0.9685951079780781,1,2,2,False,False,False
2905,26023,WED014,WED014_R,,WED014,WED014,cb_intrinsic,,R,sexually dimorphic,,gaba,gaba,0.7799322170038996,-1,2,1,False,False,False
2906,26056,AVLP093,AVLP093_R,,AVLP093,AVLP093,cb_intrinsic,,R,,,gaba,gaba,0.7505260236675795,-1,2,2,False,False,False
2907,26084,CB2207,CB2207_L,,CB2207,,cb_intrinsic,,L,,,acetylcholine,acetylcholine,0.9520352626149636,1,2,2,False,False,False
2908,26088,AN08B010,AN08B010_R,,AN_multi_61,,ascending_neuron,,R,,,acetylcholine,acetylcholine,0.9696218645805302,1,2,2,False,False,False
2909,26090,AN09B060,AN09B060(22518)_L,,AN_multi_21,,ascending_neuron,,L,,,acetylcholine,acetylcholine,0.9230564695358463,1,2,2,False,False,False
2910,26144,BM_Vib,BM_Vib_L,,BM_Vib,,cb_sensory,mechanosensory,,,,acetylcholine,acetylcholine,0.9690511012453211,1,2,2,False,False,False
2911,26146,ANXXX154,ANXXX154_R,,AN_GNG_WED_2,,ascending_neuron,,R,,,acetylcholine,acetylcholine,0.9350556877806983,1,2,2,False,False,False
2912,26164,AOTU034,AOTU034_R,,CB3962,AOTU034,cb_intrinsic,,R,,,acetylcholine,acetylcholine,0.9699238666750281,1,2,2,False,False,False
2913,26205,AVLP256,AVLP256_R,,AVLP256,AVLP256,cb_intrinsic,,R,sexually dimorphic,,gaba,gaba,0.8554258601651246,-1,3,1,False,False,False
2914,26226,,,,"CB2580,CB3235",,cb_intrinsic,,L,,,acetylcholine,acetylcholine,0.9382064006411472,1,2,2,False,False,False
2915,26255,VES204m,VES204m_L,"Lee 2002, Rideout 2010: pC2; Robinett 2010, Nojima 2021: pC2m",,,cb_intrinsic,,L,male-specific,dsx_high,acetylcholine,acetylcholine,0.9423264337824107,1,2,1,False,False,False
2916,26256,AOTU059,AOTU059_L,,AOTU059,AOTU059,cb_intrinsic,,L,,,gaba,gaba,0.8019689169621989,-1,3,1,False,False,False
2917,26269,AN18B019,AN18B019_L,,AN_GNG_WED_3,,ascending_neuron,,L,,,acetylcholine,acetylcholine,0.9608271654909786,1,2,2,False,False,False
2918,26283,GNG324,GNG324_L,,CB0113,,cb_intrinsic,,L,,,acetylcholine,acetylcholine,0.59316131264903,1,2,2,False,False,False
2919,26284,AN05B005,AN05B005_R,,AN_GNG_67,,ascending_neuron,,R,,,gaba,gaba,0.8663264638993791,-1,2,2,False,False,False
2920,26314,AVLP126,AVLP126_L,,"CB2370,CB1681",AVLP126,cb_intrinsic,,L,,,acetylcholine,acetylcholine,0.9380244378842685,1,2,2,False,False,False
2921,26329,PS096,PS096_L,,PS096a,PS096,cb_intrinsic,,L,,,gaba,gaba,0.6222901130371108,-1,2,2,False,False,False
2922,26344,GNG458,GNG458_R,fru-M-400201,CB0890,,cb_intrinsic,,R,,fru_low,gaba,gaba,0.7894224685287304,-1,2,2,False,False,False
2923,26378,CB3305,CB3305_R,,CB3305,,cb_intrinsic,,R,,,acetylcholine,acetylcholine,0.9700513288612632,1,2,2,False,False,False
2924,26394,CB3503,CB3503_L,,CB3503,,cb_intrinsic,,L,,,acetylcholine,acetylcholine,0.6562514912185639,1,2,2,False,False,False
2925,26402,WED055_a,WED055_a_R,,CB2072,WED055_a,cb_intrinsic,,R,,,gaba,gaba,0.8434931280437106,-1,2,2,False,False,False
2926,26407,WED065,WED065_R,,CB1206,WED065,cb_intrinsic,,R,,,acetylcholine,acetylcholine,0.9628724769822276,1,2,2,False,False,False
2927,26431,WED063_a,WED063_a_R,,"CB2108,CB2449",WED063_a,cb_intrinsic,,R,,,acetylcholine,acetylcholine,0.9624643869024461,1,2,2,False,False,False
2928,26432,SMP444,SMP444_R,,SMP444,SMP444,cb_intrinsic,,R,,,glutamate,glutamate,0.8112940604178189,-1,2,2,False,False,False
2929,26441,DNg12_f,DNg12_f_R,,DNg12_b,,descending_neuron,,R,,,acetylcholine,acetylcholine,0.9094526590300799,1,2,2,False,False,False
2930,26469,VES206m,VES206m_R,,,,cb_intrinsic,,R,male-specific,,acetylcholine,acetylcholine,0.9328827464476159,1,2,2,False,False,False
2931,26479,WED063_a,WED063_a_L,,"CB2108,CB2449",WED063_a,cb_intrinsic,,L,,,acetylcholine,acetylcholine,0.9514717555338122,1,2,2,False,False,False
2932,26519,JO-FV,JO-FV_R,,JO-FV,,cb_sensory,mechanosensory,,,,acetylcholine,acetylcholine,0.95508956331611,1,2,2,False,False,False
2933,26541,CB1959,CB1959_L,,CB1959,,cb_intrinsic,,L,,,glutamate,glutamate,0.8076989431063161,-1,2,2,False,False,False
2934,26543,pC1_6a,pC1_6a_L,Cachero 2010: pMP-e; Yu 2010: pMP4,,,cb_intrinsic,,L,male-specific,coexpress_low,acetylcholine,acetylcholine,0.9525272997929197,1,2,2,False,True,False
2935,26544,AVLP306,AVLP306_L,Cachero 2010: aIP-b,AVLP306,AVLP306,cb_intrinsic,,L,,fru_low,acetylcholine,acetylcholine,0.9243475651339814,1,2,2,False,False,False
2936,26548,AVLP254,AVLP254_R,,"AVLP253,AVLP254",AVLP254,cb_intrinsic,,R,,,gaba,gaba,0.6677944128127555,-1,2,2,False,False,False
2937,26556,CB1744,CB1744_R,,CB1744,,cb_intrinsic,,R,,,acetylcholine,acetylcholine,0.6774772843302627,1,2,2,False,False,False
2938,26564,AN00A006,AN00A006_M,,"AN_VES_GNG_4,AN_VES_GNG_6",,ascending_neuron,,M,,,gaba,glutamate,0.8226649010485039,-1,3,1,False,False,False
2939,26579,SLP122_b,SLP122_b_R,,CB0945,SLP122,cb_intrinsic,,R,,,acetylcholine,acetylcholine,0.9552445225886359,1,2,2,False,False,False
2940,26680,AN07B005,AN07B005_L,,"AN_GNG_43,AN_GNG_83",,ascending_neuron,,L,,,acetylcholine,acetylcholine,0.9686238173988782,1,2,2,False,False,False
2941,26687,AN01B005,AN01B005_L,,AN_GNG_SAD_33,,ascending_neuron,,L,,,gaba,gaba,0.8836522479667551,-1,2,2,False,False,False
2942,26704,AVLP182,AVLP182_L,,AVLP182,AVLP182,cb_intrinsic,,L,,,acetylcholine,acetylcholine,0.9063077134658752,1,2,2,False,False,False
2943,26705,WEDPN1A,WEDPN1A_R,,WEDPN1A,WEDPN1A,cb_intrinsic,,R,,,gaba,gaba,0.7586695686445184,-1,2,2,False,False,False
2944,26710,CB4231,CB4231_R,,CB4231,,cb_intrinsic,,R,,,acetylcholine,acetylcholine,0.9188254928569168,1,2,1,False,False,False
2945,26722,aIPg5,aIPg5_R,Cachero 2010: aIP-g; Yu 2010: pIP6,"CB2668,CB3349",SMP557,cb_intrinsic,,R,sexually dimorphic,fru_high,acetylcholine,acetylcholine,0.8890359572998395,1,3,1,False,False,False
2946,26724,SAD079,SAD079_R,,CB1622,SAD079,cb_intrinsic,,R,,,glutamate,glutamate,0.6350965740561554,-1,2,2,False,False,False
2947,26746,pC1_7b,pC1_7b_R,"Lee 2002, Rideout 2010, Nojima 2021: pC1; Cachero 2010: pMP-e; Yu 2010: pMP4",,,cb_intrinsic,,R,male-specific,coexpress_low,acetylcholine,acetylcholine,0.9574804402270559,1,2,1,False,True,False
2948,26750,FLA001m,FLA001m_L,,,,cb_intrinsic,,L,male-specific,,acetylcholine,acetylcholine,0.9127621550026255,1,2,2,False,False,False
2949,26756,,,,"CB2580,CB3235",,cb_intrinsic,,R,,,acetylcholine,acetylcholine,0.9649182914106014,1,2,2,False,False,False
2950,26764,GNG108,GNG108_R,Shiu 2022: Roundup,CB0553,,cb_intrinsic,,R,,,acetylcholine,acetylcholine,0.9457651778659915,1,2,2,False,False,False
2951,26782,VES206m,VES206m_L,,,,cb_intrinsic,,L,male-specific,,acetylcholine,acetylcholine,0.9375745402127379,1,2,2,False,False,False
2952,26785,AVLP038,AVLP038_L,,CB3983,AVLP038,cb_intrinsic,,L,,,acetylcholine,acetylcholine,0.9607758994396466,1,2,2,False,False,False
2953,26809,CL253,CL253_R,,CL253,CL253,cb_intrinsic,,R,,,gaba,gaba,0.7212105598415637,-1,2,2,False,False,False
2954,26821,AVLP292,AVLP292_L,,AVLP292,AVLP292,cb_intrinsic,,L,,,acetylcholine,acetylcholine,0.9458212171820105,1,2,2,False,False,False
2955,26829,CB3322,CB3322_L,,CB3322,,cb_intrinsic,,L,,,acetylcholine,acetylcholine,0.9448327286501695,1,2,2,False,False,False
2956,26873,,,,"CB1740,CB1779",,cb_intrinsic,,R,,,acetylcholine,acetylcholine,0.8854503888792522,1,2,2,False,False,False
2957,26885,CB3739,CB3739_L,,CB3739,,cb_intrinsic,,L,,,gaba,gaba,0.7856960387277645,-1,1,3,False,False,False
2958,26952,PVLP206m,PVLP206m_R,Cachero 2010: aIP-b,,,cb_intrinsic,,R,male-specific,fru_high,acetylcholine,acetylcholine,0.9407563373639579,1,2,2,False,False,False
2959,26968,WED031,WED031_L,,WED031a,WED031,cb_intrinsic,,L,,,gaba,gaba,0.6458775265364968,-1,1,3,False,False,False
2960,26972,AVLP225_b2,AVLP225_b2_R,,CB2574,AVLP225_b,cb_intrinsic,,R,,,acetylcholine,acetylcholine,0.9546920450261266,1,2,2,False,False,False
2961,26981,AVLP462,AVLP462_L,,AVLP462a,AVLP462,cb_intrinsic,,L,,,gaba,gaba,0.7661921582349142,-1,2,2,False,False,False
2962,26989,LHAV4c2,LHAV4c2_L,Cachero 2010: aSP-k; Yu 2010: aSP8,LHAV4c2,LHAV4c2,cb_intrinsic,,L,sexually dimorphic,fru_high,gaba,gaba,0.6493484609828559,-1,2,1,False,False,False
2963,26993,pC1_1b,pC1_1b_R,"Lee 2002, Rideout 2010, Nojima 2021: pC1; Cachero 2010: pMP-e; Yu 2010: pMP4",,,cb_intrinsic,,R,male-specific,coexpress_high,acetylcholine,acetylcholine,0.9621139387749018,1,2,2,False,True,False
2964,27010,CB0956,CB0956_L,,CB0956,,cb_intrinsic,,L,,,acetylcholine,acetylcholine,0.929501175021912,1,2,2,False,False,False
2965,27051,mAL_m8,mAL_m8_L,Cachero 2010: aDT-b; Yu 2010: aDT2,,,cb_intrinsic,,L,male-specific,fru_high,gaba,gaba,0.5719533785512516,-1,2,2,False,False,False
2966,27069,CB1964,CB1964_L,,CB1964,,cb_intrinsic,,L,,,acetylcholine,acetylcholine,0.9647771869672767,1,2,2,False,False,False
2967,27091,WED118,WED118_R,,"CB1484,CB1869",WED118,cb_intrinsic,,R,,,acetylcholine,acetylcholine,0.9612331909850094,1,2,2,False,False,False
2968,27113,DNge180,DNge180_R,,DNge090,,descending_neuron,,R,,,acetylcholine,acetylcholine,0.9721494705873506,1,2,2,False,False,False
2969,27132,CB4170,CB4170_R,,CB4170,,cb_intrinsic,,R,,,gaba,gaba,0.8547687818947278,-1,2,2,False,False,False
2970,27161,LHPD2a2,LHPD2a2_R,,CB3110,LHPD2a2,cb_intrinsic,,R,,,acetylcholine,acetylcholine,0.9538883146039566,1,2,2,False,False,False
2971,27176,GNG601,GNG601_L,,CB3919,,cb_intrinsic,,M,,,gaba,gaba,0.830234101297049,-1,2,2,False,False,False
2972,27212,PLP064_b,PLP064_b_L,,PLP064_b,PLP064_b,cb_intrinsic,,L,,,acetylcholine,acetylcholine,0.9598519134932415,1,2,2,False,False,False
2973,27225,AVLP192_a,AVLP192_a_L,,AVLP194d,AVLP192,cb_intrinsic,,L,,,acetylcholine,acetylcholine,0.9238786993275564,1,2,2,False,False,False
2974,27240,PLP150,PLP150_L,,PLP150,PLP150,cb_intrinsic,,L,,,acetylcholine,acetylcholine,0.9444239664172124,1,2,2,False,False,False
2975,27249,CL252,CL252_L,,CL252,CL252,cb_intrinsic,,L,,,gaba,gaba,0.6607454961547041,-1,1,2,False,False,False
2976,27250,GNG146,GNG146_L,,CB0606,,cb_intrinsic,,L,,,gaba,gaba,0.6462219000445333,-1,2,2,False,False,False
2977,27254,DNg01_c,DNg01_c_R,Cachero 2010: pSG-b,DNg01,,descending_neuron,,R,,fru_low,acetylcholine,acetylcholine,0.9714163629409738,1,2,2,False,False,False
2978,27270,SAD200m,SAD200m_R,Cachero 2010: aDT-g; Yu 2010: aDT5,,,cb_intrinsic,,R,male-specific,fru_high,gaba,gaba,0.7850654408953923,-1,2,2,False,False,False
2979,27294,PVLP064,PVLP064_L,,CB0738,"PVLP066,PVLP064",cb_intrinsic,,L,,,acetylcholine,acetylcholine,0.9644421288797532,1,2,2,False,False,False
2980,27297,,,,"CB1716,CB1743",,cb_intrinsic,,R,,,acetylcholine,acetylcholine,0.9169542823213281,1,2,2,False,False,False
2981,27311,GNG333,GNG333_R,,CB4061,,cb_intrinsic,,R,,,acetylcholine,acetylcholine,0.9670930210822104,1,2,2,False,False,False
2982,27316,CB4116,CB4116_R,,CB4116,,cb_intrinsic,,R,,,acetylcholine,acetylcholine,0.9373181193437276,1,2,2,False,False,False
2983,27329,aIPg7,aIPg7_R,Cachero 2010: aIP-g; Yu 2010: pIP6,"CB1618,CB3330",SMP574,cb_intrinsic,,R,sexually dimorphic,fru_high,acetylcholine,acetylcholine,0.9059035019911394,1,3,1,False,False,False
2984,27331,AVLP461,AVLP461_L,,AVLP461,AVLP461,cb_intrinsic,,L,,,gaba,gaba,0.6367244466788392,-1,2,2,False,False,False
2985,27337,AVLP496,AVLP496_L,,AVLP496b,AVLP496,cb_intrinsic,,L,,,acetylcholine,acetylcholine,0.9480634672030223,1,2,2,False,False,False
2986,27356,AOTU049,AOTU049_R,,AOTU049,AOTU049,cb_intrinsic,,R,,,gaba,gaba,0.8046531834034995,-1,2,2,False,False,False
2987,27368,WED118,WED118_R,,"CB1484,CB1869",WED118,cb_intrinsic,,R,,,acetylcholine,acetylcholine,0.9626336424420613,1,2,2,False,False,False
2988,27380,AVLP003,AVLP003_R,,CB1002,AVLP003,cb_intrinsic,,R,,,gaba,gaba,0.8011930926009887,-1,2,2,False,False,False
2989,27453,CL234,CL234_L,,CL234,CL234,cb_intrinsic,,L,,,glutamate,glutamate,0.7861605796446136,-1,2,2,False,False,False
2990,27459,SIP101m,SIP101m_L,Cachero 2010: aSP-a; Yu 2010: aSP2,,,cb_intrinsic,,L,male-specific,fru_high,glutamate,glutamate,0.770625552935719,-1,2,2,False,False,False
2991,27507,LHAV4c2,LHAV4c2_R,Cachero 2010: aSP-k; Yu 2010: aSP8,LHAV4c2,LHAV4c2,cb_intrinsic,,R,sexually dimorphic,fru_high,gaba,gaba,0.595780254365423,-1,2,2,False,False,False
2992,27515,CB4094,CB4094_L,,CB4094,,cb_intrinsic,,L,,,acetylcholine,acetylcholine,0.95530156795699,1,1,2,False,False,False
2993,27539,SAD001,SAD001_R,,CB4177,SAD001,cb_intrinsic,,R,,,acetylcholine,acetylcholine,0.9324383317302614,1,1,3,False,False,False
2994,27574,GNG331,GNG331_L,,CB4061,,cb_intrinsic,,L,,,acetylcholine,acetylcholine,0.9676672912229547,1,2,2,False,False,False
2995,27585,CB1932,CB1932_L,,CB1932,,cb_intrinsic,,L,,,acetylcholine,acetylcholine,0.9585857886187111,1,2,2,False,False,False
2996,27599,GNG448,GNG448_L,,CB0988a,,cb_intrinsic,,L,,,acetylcholine,acetylcholine,0.8623144681654931,1,2,2,False,False,False
2997,27619,PVLP216m,PVLP216m_R,Cachero 2010: pIP-e; Yu 2010: pIP5,,,cb_intrinsic,,R,male-specific,fru_high,acetylcholine,acetylcholine,0.9421662265696378,1,2,2,False,False,False
2998,27620,CB1638,CB1638_R,,CB1638,,cb_intrinsic,,R,,,acetylcholine,acetylcholine,0.9503498206559147,1,2,2,False,False,False
2999,27646,AVLP005,AVLP005_R,Cachero 2010: aSP-k; Yu 2010: aSP8,CB1614,AVLP005,cb_intrinsic,,R,,fru_low,gaba,gaba,0.8690785465123833,-1,2,2,False,False,False
3000,27648,CL120,CL120_R,Cachero 2010: aDT-g; Yu 2010: aDT5,CL120b,CL120,cb_intrinsic,,R,,fru_high,gaba,gaba,0.8242406453780038,-1,2,2,False,False,False
3001,27690,SIP115m,SIP115m_L,Cachero 2010: aSP-a; Yu 2010: aSP2,,,cb_intrinsic,,L,male-specific,fru_high,glutamate,glutamate,0.7233258186579947,-1,2,1,False,False,False
3002,27700,GNG260,GNG260_L,,CB0303,,cb_intrinsic,,L,,,gaba,gaba,0.8695021061050329,-1,2,2,False,False,False
3003,27702,ANXXX013,ANXXX013_L,,AN_GNG_150,,ascending_neuron,,L,sexually dimorphic,,gaba,gaba,0.8800383806342456,-1,2,2,False,False,False
3004,27714,ANXXX152,ANXXX152_R,,,,ascending_neuron,,R,potentially male-specific,,acetylcholine,acetylcholine,0.9575494947437602,1,3,1,False,False,False
3005,27729,WED012,WED012_R,,WED012,WED012,cb_intrinsic,,R,,,gaba,gaba,0.7054425262063896,-1,2,2,False,False,False
3006,27779,AVLP541,AVLP541_L,,AVLP541a,AVLP541,cb_intrinsic,,L,,,glutamate,glutamate,0.8493501589430728,-1,2,2,False,False,False
3007,27794,PLP067,PLP067_R,,PLP067b,PLP067,cb_intrinsic,,R,,,acetylcholine,acetylcholine,0.9569574774617565,1,2,2,False,False,False
3008,27797,AN09A007,AN09A007_R,,AN_GNG_198,,ascending_neuron,,R,,,gaba,gaba,0.8494516321517718,-1,2,2,False,False,False
3009,27805,AVLP527,AVLP527_R,,"CB3487,CB3535",AVLP527,cb_intrinsic,,R,,,acetylcholine,acetylcholine,0.8932160940777859,1,3,1,False,False,False
3010,27816,ANXXX027,ANXXX027(27816)_R,,AN_AVLP_4,,ascending_neuron,,R,,,acetylcholine,acetylcholine,0.9563735522572824,1,2,2,False,False,False
3011,27827,CB1852,CB1852_R,Cachero 2010: aIP-e; Yu 2010: aSP9; Ruta 2010: LC2,CB1852,,cb_intrinsic,,R,,fru_high,acetylcholine,acetylcholine,0.9627949685746302,1,2,2,False,False,False
3012,27856,PVLP033,PVLP033_R,,PVLP033,PVLP033,cb_intrinsic,,R,,,gaba,gaba,0.7151892023511877,-1,2,2,False,False,False
3013,27870,SIP119m,SIP119m_R,Cachero 2010: aSP-a; Yu 2010: aSP2,,,cb_intrinsic,,R,male-specific,fru_high,glutamate,glutamate,0.7289204533600524,-1,2,2,False,False,False
3014,27872,CB1950,CB1950_L,,CB1950,,cb_intrinsic,,L,,,acetylcholine,acetylcholine,0.966272530295578,1,2,2,False,False,False
3015,27905,CB4094,CB4094_L,,CB4094,,cb_intrinsic,,L,,,acetylcholine,acetylcholine,0.9378513313532203,1,2,2,False,False,False
3016,27918,SIP103m,SIP103m_L,Cachero 2010: aSP-a; Yu 2010: aSP2,,,cb_intrinsic,,L,male-specific,fru_high,glutamate,glutamate,0.837145406507582,-1,2,2,False,False,False
3017,27930,CB1918,CB1918_L,,CB1918,,cb_intrinsic,,L,,,gaba,gaba,0.8870000385229702,-1,1,3,False,False,False
3018,27961,,,,,,cb_intrinsic,,L,,,gaba,gaba,0.7982956239776058,-1,2,2,False,False,False
3019,27964,AN09B026,AN09B026_R,,AN_VES_GNG_8,,ascending_neuron,,R,,,acetylcholine,acetylcholine,0.9650195216530281,1,2,2,False,False,False
3020,27975,GNG005,GNG005_M,,CB3902,,cb_intrinsic,,M,sexually dimorphic,,gaba,gaba,0.8807366768908992,-1,2,1,False,False,False
3021,27982,CB1206,CB1206_R,,CB1206,,cb_intrinsic,,R,,,acetylcholine,acetylcholine,0.9692894000167157,1,2,2,False,False,False
3022,28024,AVLP305,AVLP305_L,,AVLP305,AVLP305,cb_intrinsic,,L,,,acetylcholine,acetylcholine,0.8780453307715842,1,2,2,False,False,False
3023,28038,AVLP225_b1,AVLP225_b1_R,,CB2574,AVLP225_b,cb_intrinsic,,R,,,acetylcholine,acetylcholine,0.9504145368325737,1,2,2,False,False,False
3024,28089,CL253,CL253_R,,CL253,CL253,cb_intrinsic,,R,,,gaba,gaba,0.7140142568067986,-1,2,2,False,False,False
3025,28092,,,,"CB3431,CB3482",,cb_intrinsic,,R,,,acetylcholine,acetylcholine,0.8526268950655229,1,2,2,False,False,False
3026,28094,LHAV4c2,LHAV4c2_R,Cachero 2010: aSP-k; Yu 2010: aSP8,LHAV4c2,LHAV4c2,cb_intrinsic,,R,sexually dimorphic,fru_high,gaba,gaba,0.7296058039349159,-1,2,1,False,False,False
3027,28097,AVLP047,AVLP047_R,,AVLP047,AVLP047,cb_intrinsic,,R,,,acetylcholine,acetylcholine,0.9449105837654841,1,2,2,False,False,False
3028,28105,ANXXX154,ANXXX154_L,,AN_GNG_WED_2,,ascending_neuron,,L,,,acetylcholine,acetylcholine,0.9170065107894202,1,2,2,False,False,False
3029,28109,AVLP525,AVLP525(CL277)_L,,CB1543,"AVLP525,CL277",cb_intrinsic,,L,,,acetylcholine,acetylcholine,0.9506240323864086,1,2,2,False,False,False
3030,28110,AVLP234,AVLP234_R,,AVLP234,AVLP234,cb_intrinsic,,R,,fru_low,acetylcholine,acetylcholine,0.9291372021214003,1,2,2,False,False,False
3031,28117,CB4116,CB4116_L,,CB4116,,cb_intrinsic,,L,,,acetylcholine,acetylcholine,0.9490593553268742,1,2,2,False,False,False
3032,28136,AVLP527,AVLP527_R,,"CB3487,CB3535",AVLP527,cb_intrinsic,,R,,,acetylcholine,acetylcholine,0.8798566981409177,1,3,1,False,False,False
3033,28139,SMP501,SMP501(SMP502)_L,,"SMP501,SMP502","SMP501,SMP502",cb_intrinsic,,L,,,glutamate,glutamate,0.7158273049748852,-1,2,2,False,False,False
3034,28152,DNge180,DNge180_L,,DNge090,,descending_neuron,,L,,,acetylcholine,acetylcholine,0.972059494614679,1,2,2,False,False,False
3035,28154,,,,"CB3431,CB3482",,cb_intrinsic,,L,,,acetylcholine,acetylcholine,0.8717250672295743,1,2,2,False,False,False
3036,28160,CL001,CL001_L,,CL001,CL001,cb_intrinsic,,L,,,glutamate,glutamate,0.7992502060757294,-1,2,1,False,False,False
3037,28165,AN08B084,AN08B084_L,,,,ascending_neuron,,L,potentially male-specific,,acetylcholine,acetylcholine,0.560335730066681,1,2,1,False,False,False
3038,28195,,28915_L,,"CB1761,CB2741",,cb_intrinsic,,L,,,gaba,gaba,0.8200117493944663,-1,2,2,False,False,False
3039,28209,AVLP611,AVLP611_L,,CB1476,,cb_intrinsic,,L,,,acetylcholine,acetylcholine,0.9678518311188339,1,1,3,False,False,False
3040,28224,AVLP205,AVLP205_L,,AVLP205a,AVLP205,cb_intrinsic,,L,,fru_low,gaba,gaba,0.8306278385182252,-1,2,2,False,False,False
3041,28229,GNG290,GNG290_L,,CB0150,,cb_intrinsic,,L,,,gaba,gaba,0.8260015680571217,-1,2,2,False,False,False
3042,28236,LH003m,LH003m_R,Cachero 2010: aSP-f; Yu 2010: aSP5; Ruta 2010: DC1,,,cb_intrinsic,,R,male-specific,fru_high,acetylcholine,acetylcholine,0.9093663538773455,1,2,2,False,False,False
3043,28261,CL054,CL054_R,,"CB0719,CB2276",CL054,cb_intrinsic,,R,,,gaba,gaba,0.6962575504451455,-1,2,2,False,False,False
3044,28284,VES024_a,VES024_a_L,Cachero 2010: aDT-g; Yu 2010: aDT5,VES024a,VES024,cb_intrinsic,,L,,fru_low,gaba,gaba,0.6980248043917712,-1,2,1,False,False,False
3045,28296,SAD001,SAD001_L,,CB4177,SAD001,cb_intrinsic,,L,,,acetylcholine,acetylcholine,0.8666533718819011,1,1,3,False,False,False
3046,28302,CB2624,CB2624_L,,CB2624,,cb_intrinsic,,L,,,acetylcholine,acetylcholine,0.9545987517445338,1,2,2,False,False,False
3047,28332,GNG150,GNG150_R,,CB0605,,cb_intrinsic,,R,,,gaba,gaba,0.7908139078472994,-1,2,2,False,False,False
3048,28343,AVLP143,AVLP143_R,,AVLP143,AVLP143,cb_intrinsic,,R,,,acetylcholine,acetylcholine,0.9571262058907144,1,2,2,False,False,False
3049,28361,CL120,CL120_L,Cachero 2010: aDT-g; Yu 2010: aDT5,CL120a,CL120,cb_intrinsic,,L,,fru_low,gaba,gaba,0.8003052339685492,-1,3,1,False,False,False
3050,28401,LoVP77,LoVP77_R,,LTe43,AOTU044,visual_projection,,R,,,acetylcholine,acetylcholine,0.866675279332135,1,2,2,False,False,False
3051,28427,,,,,,cb_intrinsic,,R,,,gaba,gaba,0.8376580002807689,-1,2,2,False,False,False
3052,28442,AVLP009,AVLP009(aSP08)_R,Cachero 2010: aSP-k; Yu 2010: aSP8,aSP8,"aSP8,AVLP009",cb_intrinsic,,R,sexually dimorphic,fru_high,gaba,gaba,0.6878627860296853,-1,2,2,False,False,False
3053,28455,ANXXX404,ANXXX404_L,,AN_GNG_73,,ascending_neuron,,L,,,gaba,gaba,0.8629204066050101,-1,2,2,False,False,False
3054,28463,CB3951b,CB3951b_L,,,,cb_intrinsic,,L,,,acetylcholine,acetylcholine,0.9139952184743652,1,2,2,False,False,False
3055,28506,GNG440,GNG440_L,,CB1311,,cb_intrinsic,,L,,,gaba,gaba,0.8670590961018596,-1,1,3,False,False,False
3056,28526,AVLP189_a,AVLP189_a_R,,AVLP189_a,AVLP189_a,cb_intrinsic,,R,,,acetylcholine,acetylcholine,0.919979104465206,1,2,2,False,False,False
3057,28557,WED093,WED093_R,,CB1675,WED093,cb_intrinsic,,R,,,acetylcholine,acetylcholine,0.9412262046944695,1,2,2,False,False,False
3058,28569,SAD046,SAD046_L,,CB3946,SAD046,cb_intrinsic,,L,,,acetylcholine,acetylcholine,0.9318692224843376,1,2,2,False,False,False
3059,28574,CL253,CL253_L,,CL253,CL253,cb_intrinsic,,L,,,gaba,gaba,0.7531570615126937,-1,2,2,False,False,False
3060,28575,AVLP195,AVLP195_R,,AVLP195,AVLP195,cb_intrinsic,,R,,,acetylcholine,acetylcholine,0.8327514782450383,1,2,2,False,False,False
3061,28580,ANXXX178,ANXXX178_L,,AN_AVLP_GNG_20,,ascending_neuron,,L,,,gaba,gaba,0.870781103329481,-1,1,2,False,False,False
3062,28584,ANXXX013,ANXXX013_R,,AN_GNG_150,,ascending_neuron,,R,sexually dimorphic,,gaba,gaba,0.8851980648304993,-1,2,2,False,False,False
3063,28620,CB2472,CB2472_R,,CB2472,,cb_intrinsic,,R,,,acetylcholine,acetylcholine,0.9636657710618278,1,2,2,False,False,False
3064,28648,,28648_R,,"CB1143,CB1692",,cb_intrinsic,,R,,,acetylcholine,acetylcholine,0.9509472055299073,1,1,2,False,False,False
3065,28663,AN18B032,AN18B032_L,,AN_GNG_132,,ascending_neuron,,L,,,acetylcholine,acetylcholine,0.9478236935221378,1,2,2,False,False,False
3066,28665,CB3631,CB3631_L,,CB3631,,cb_intrinsic,,L,,,acetylcholine,acetylcholine,0.969975663017297,1,1,3,False,False,False
3067,28690,AVLP736m,AVLP736m_L,Cachero 2010: pIP-e; Yu 2010: pIP5; Nojima 2021: pC2l,,,cb_intrinsic,,L,male-specific,coexpress_high,acetylcholine,acetylcholine,0.9409674520342997,1,2,1,False,False,False
3068,28708,LAL021,LAL021_R,,LAL021,LAL021,cb_intrinsic,,R,,,acetylcholine,acetylcholine,0.9631426473403114,1,2,2,False,False,False
3069,28724,aSP10A_b,aSP10A_b_R,Cachero 2010: aIP-b,CB3313,aSP10A,cb_intrinsic,,R,potentially sexually dimorphic,fru_high,acetylcholine,acetylcholine,0.935022848379008,1,2,1,False,False,False
3070,28755,CB3104,CB3104_L,,CB3104,,cb_intrinsic,,L,,,acetylcholine,acetylcholine,0.9705799655335943,1,2,2,False,False,False
3071,28780,AVLP611,AVLP611_L,,CB1476,,cb_intrinsic,,L,,,acetylcholine,acetylcholine,0.9647564969697565,1,1,2,False,False,False
3072,28834,aIPg7,aIPg7_L,Cachero 2010: aIP-g; Yu 2010: pIP6,"CB1618,CB3330",SMP574,cb_intrinsic,,L,sexually dimorphic,fru_high,acetylcholine,acetylcholine,0.9201455609203195,1,2,1,False,False,False
3073,28856,AN09B009,AN09B009_R,,AN_GNG_160,,ascending_neuron,,R,,,acetylcholine,acetylcholine,0.9255982053868139,1,2,2,False,False,False
3074,28865,PLP099,PLP099_L,,PLP099,PLP099,cb_intrinsic,,L,,,acetylcholine,acetylcholine,0.9525055986562607,1,2,2,False,False,False
3075,28870,WED015,WED015_R,,WED015c,WED015,cb_intrinsic,,R,,,gaba,gaba,0.8585295229471956,-1,2,2,False,False,False
3076,28885,AVLP377,AVLP377_L,,CB0955,AVLP377,cb_intrinsic,,L,,,acetylcholine,acetylcholine,0.9723373987096294,1,2,2,False,False,False
3077,28897,VES033,VES033_L,,"CB1086,CB3196",VES033,cb_intrinsic,,L,,,gaba,gaba,0.605867661170573,-1,2,2,False,False,False
3078,28907,GNG361,GNG361_R,,CB3412,,cb_intrinsic,,R,,,glutamate,glutamate,0.7982851736941975,-1,2,2,False,False,False
3079,28909,CL344_b,CL344_b_L,"fru-F-300022,fru-M-000069,fru-M-100027,fru-M-100118,fru-M-200044,fru-M-200045,fru-M-500061,fru-M-600043,fru-M-700063,fru-M-700072,fru-M-800053",CL344,CL344,cb_intrinsic,,L,potentially sexually dimorphic,fru_high,unclear,unclear,0.48672581011078764,0,2,1,False,False,False
3080,28927,CB1908,CB1908_R,,CB1908,,cb_intrinsic,,R,,,acetylcholine,acetylcholine,0.9655366293668399,1,2,2,False,False,False
3081,28943,AVLP205,AVLP205_R,,AVLP205a,AVLP205,cb_intrinsic,,R,,fru_low,gaba,gaba,0.8543674595453252,-1,2,2,False,False,False
3082,28972,pC1_15b,pC1_15b_L,"Lee 2002, Rideout 2010, Nojima 2021: pC1; Cachero 2010: pMP-e; Yu 2010: pMP4",,,cb_intrinsic,,L,male-specific,coexpress_low,acetylcholine,acetylcholine,0.9113620643339156,1,3,1,False,True,False
3083,29021,PVLP047,PVLP047_L,Cachero 2010: aIP-a,CB3335,PVLP047,cb_intrinsic,,L,,fru_high,gaba,gaba,0.8084252287260191,-1,2,2,False,False,False
3084,29039,CB3910,CB3910_L,,CB3910,,cb_intrinsic,,L,,fru_high,acetylcholine,acetylcholine,0.9363921205802633,1,2,2,False,False,False
3085,29043,pC1_7a,pC1_7a_L,"Lee 2002, Rideout 2010, Nojima 2021: pC1; Cachero 2010: pMP-e; Yu 2010: pMP4",,,cb_intrinsic,,L,male-specific,coexpress_low,acetylcholine,acetylcholine,0.9630448801463055,1,2,1,False,True,False
3086,29045,CB3104,CB3104_L,,CB3104,,cb_intrinsic,,L,,,acetylcholine,acetylcholine,0.9485789234003824,1,2,2,False,False,False
3087,29072,CB4096,CB4096_R,,CB4096,,cb_intrinsic,,R,,,glutamate,glutamate,0.6882996378598205,-1,2,2,False,False,False
3088,29073,ICL006m,ICL006m_R,Cachero 2010: aSP-b; Yu 2010: aSP1,,,cb_intrinsic,,R,male-specific,fru_high,glutamate,glutamate,0.7987766868217178,-1,3,1,False,False,False
3089,29116,IB096,IB096_R,,CB2237,IB096,cb_intrinsic,,R,,,glutamate,glutamate,0.8088103609634256,-1,2,2,False,False,False
3090,29124,AMMC019,AMMC019_L,,CB0979b,,cb_intrinsic,,L,,,gaba,gaba,0.8426718083986612,-1,1,2,False,False,False
3091,29143,pC1_5b,pC1_5b_R,"Lee 2002, Rideout 2010, Nojima 2021: pC1; Cachero 2010: pMP-e; Yu 2010: pMP4",,,cb_intrinsic,,R,male-specific,coexpress_high,acetylcholine,acetylcholine,0.9594929166366228,1,2,1,False,True,False
3092,29150,AVLP176_d,AVLP176_d_L,,CB1236,AVLP176_d,cb_intrinsic,,L,,,acetylcholine,acetylcholine,0.9522941967388266,1,2,2,False,False,False
3093,29161,,,,"CB1740,CB1779",,cb_intrinsic,,L,,,acetylcholine,acetylcholine,0.8454756958040619,1,2,2,False,False,False
3094,29169,CB3411,CB3411_R,,CB3411,,cb_intrinsic,,R,,,gaba,gaba,0.7317345304740667,-1,2,2,False,False,False
3095,29196,AOTU034,AOTU034_R,,CB3962,AOTU034,cb_intrinsic,,R,,,acetylcholine,acetylcholine,0.9747326673375373,1,2,2,False,False,False
3096,29208,aSP10C_b,aSP10C_b_R,Cachero 2010: aIP-b,CB2376c,aSP10C_b,cb_intrinsic,,R,sexually dimorphic,fru_high,acetylcholine,acetylcholine,0.9557578734622857,1,2,2,False,False,False
3097,29214,pC1_14a,pC1_14a_R,"Lee 2002, Rideout 2010, Nojima 2021: pC1; Cachero 2010: pMP-e; Yu 2010: pMP4",,,cb_intrinsic,,R,potentially male-specific,coexpress_low,acetylcholine,acetylcholine,0.8823214588367259,1,2,1,False,True,False
3098,29229,CL253,CL253_R,,CL252,CL253,cb_intrinsic,,R,,,gaba,gaba,0.7415648329259785,-1,2,2,False,False,False
3099,29260,AVLP494,AVLP494_L,,AVLP494,AVLP494,cb_intrinsic,,L,,fru_high,acetylcholine,acetylcholine,0.9528201829383812,1,3,1,False,False,False
3100,29286,AVLP038,AVLP038_R,,CB3983,AVLP038,cb_intrinsic,,R,,,acetylcholine,acetylcholine,0.9534873560337297,1,2,2,False,False,False
3101,29295,AVLP177_a,AVLP177_a_L,,CB0924,AVLP177_a,cb_intrinsic,,L,,,acetylcholine,acetylcholine,0.8733438034766037,1,2,2,False,False,False
3102,29300,IN17A029,IN17A029_L,,,,vnc_intrinsic,,L,,,acetylcholine,acetylcholine,0.9735633807091459,1,2,2,False,False,False
3103,29304,AN17A003,AN17A003_L,,AN_GNG_98,,ascending_neuron,,L,,,acetylcholine,acetylcholine,0.968218683578529,1,2,2,False,False,False
3104,29316,PVLP113,PVLP113_L,,PVLP113,PVLP113,cb_intrinsic,,L,,fru_low,gaba,gaba,0.8531672913507088,-1,2,2,False,False,False
3105,29343,CB3503,CB3503_L,,CB3503,,cb_intrinsic,,L,,,acetylcholine,acetylcholine,0.5820210768766227,1,2,2,False,False,False
3106,29356,,29356_L,,"CB2618,CB3317",,cb_intrinsic,,L,,,acetylcholine,acetylcholine,0.9565783792624152,1,1,2,False,False,False
3107,29388,pC1_15c,pC1_15c_R,"Lee 2002, Rideout 2010, Nojima 2021: pC1; Cachero 2010: pMP-e; Yu 2010: pMP4",,,cb_intrinsic,,R,male-specific,coexpress_low,acetylcholine,acetylcholine,0.8840847055287626,1,3,1,False,True,False
3108,29390,PVLP209m,PVLP209m_L,Cachero 2010: pIP-e; Yu 2010: pIP5,,,cb_intrinsic,,L,male-specific,fru_high,acetylcholine,acetylcholine,0.9674370909986699,1,2,2,False,False,False
3109,29404,AVLP739m,AVLP739m_R,Cachero 2010: aIP-c; Yu 2010: aIP1/aIP4/aSP10,,,cb_intrinsic,,R,male-specific,fru_high,acetylcholine,acetylcholine,0.9370143359137415,1,2,2,False,False,False
3110,29416,aIPg5,aIPg5_L,Cachero 2010: aIP-g; Yu 2010: pIP6,"CB2668,CB3349",SMP557,cb_intrinsic,,L,sexually dimorphic,fru_high,acetylcholine,acetylcholine,0.9474361004813123,1,3,1,False,False,False
3111,29430,PLP139,PLP139(PLP140)_R,,"PLP139,PLP140","PLP139,PLP140",cb_intrinsic,,R,,,glutamate,glutamate,0.800238515797694,-1,2,2,False,False,False
3112,29445,CB0609,CB0609_L,,CB0609,,cb_intrinsic,,L,,,gaba,gaba,0.8290913939954274,-1,2,2,False,False,False
3113,29450,GNG493,GNG493_R,,CB0610,,cb_intrinsic,,R,,,gaba,gaba,0.858880584811068,-1,2,2,False,False,False
3114,29452,,,,"CB3111,CB2308",,cb_intrinsic,,L,,,acetylcholine,acetylcholine,0.9596512438007745,1,2,2,False,False,False
3115,29462,LHAV4c2,LHAV4c2_R,Cachero 2010: aSP-k; Yu 2010: aSP8,LHAV4c2,LHAV4c2,cb_intrinsic,,R,sexually dimorphic,fru_high,gaba,gaba,0.657341979208174,-1,2,1,False,False,False
3116,29467,CB4231,CB4231_L,,CB4231,,cb_intrinsic,,L,,,acetylcholine,acetylcholine,0.8688313216644789,1,3,1,False,False,False
3117,29478,WED166_d,WED166_d_R,,WED166_d,WED166_d,cb_intrinsic,,R,,,acetylcholine,acetylcholine,0.936897917308901,1,2,2,False,False,False
3118,29483,pC1_5b,pC1_5b_R,"Lee 2002, Rideout 2010, Nojima 2021: pC1; Cachero 2010: pMP-e; Yu 2010: pMP4",,,cb_intrinsic,,R,male-specific,coexpress_high,acetylcholine,acetylcholine,0.9330130240500049,1,2,1,False,True,False
3119,29485,,,,"CB2014,CB2039",,cb_intrinsic,,R,,,acetylcholine,acetylcholine,0.9281394895346139,1,2,2,False,False,False
3120,29523,CB1638,CB1638_R,,CB1638,,cb_intrinsic,,R,,,acetylcholine,acetylcholine,0.9383308324038526,1,2,2,False,False,False
3121,29547,CB1314,CB1314_R,,CB1314,,cb_intrinsic,,R,,,gaba,gaba,0.8452565218235918,-1,2,2,False,False,False
3122,29552,AVLP611,AVLP611_R,,CB1476,,cb_intrinsic,,R,,,acetylcholine,acetylcholine,0.9673901545084367,1,2,2,False,False,False
3123,29561,JO-A2,JO-A2_L,,JO-A2,,cb_sensory,mechanosensory,,,,acetylcholine,acetylcholine,0.9079467035489225,1,0,2,True,False,False
3124,29563,LC4,LC4_R,,LC4,LC4,visual_projection,,R,,,acetylcholine,acetylcholine,0.9747326673375374,1,2,2,False,False,False
3125,29581,PLP150,PLP150_R,,PLP150,PLP150,cb_intrinsic,,R,,,acetylcholine,acetylcholine,0.892903287067766,1,2,2,False,False,False
3126,29584,AMMC019,AMMC019_L,,CB0979b,,cb_intrinsic,,L,,,gaba,gaba,0.8600454229126876,-1,1,3,False,False,False
3127,29675,LC9,LC9_L,,LC9,LC9,visual_projection,,L,,,acetylcholine,acetylcholine,0.9450997765312119,1,2,2,False,False,False
3128,29690,AVLP255,AVLP255_R,,AVLP255,AVLP255,cb_intrinsic,,R,,,gaba,gaba,0.8041409229510966,-1,2,1,False,False,False
3129,29692,AVLP481,AVLP481_L,,"CB1107,CB1380",AVLP481,cb_intrinsic,,L,,,gaba,gaba,0.7289162638668015,-1,2,2,False,False,False
3130,29721,AVLP742m,AVLP742m_L,,,,cb_intrinsic,,L,male-specific,,acetylcholine,acetylcholine,0.9341808026188716,1,2,2,False,False,False
3131,29759,mAL_m3c,mAL_m3c_R,Cachero 2010: aDT-b; Yu 2010: aDT2,,,cb_intrinsic,,R,male-specific,fru_high,gaba,gaba,0.7660183493257537,-1,2,2,False,False,False
3132,29773,CL176,CL176_R,,CL176,CL176,cb_intrinsic,,R,,,glutamate,glutamate,0.832245471215728,-1,3,1,False,False,False
3133,29785,CL121_b,CL121_b_R,Cachero 2010: aDT-g; Yu 2010: aDT5,CB3978,CL121,cb_intrinsic,,R,sexually dimorphic,fru_low,gaba,gaba,0.8505785510285467,-1,2,2,False,False,False
3134,29789,PVLP033,PVLP033_R,,PVLP033,PVLP033,cb_intrinsic,,R,,,gaba,gaba,0.7496889546161645,-1,2,2,False,False,False
3135,29795,PVLP088,PVLP088_R,,PVLP088,PVLP088,cb_intrinsic,,R,,,gaba,gaba,0.8599110774750651,-1,2,2,False,False,False
3136,29818,AMMC019,AMMC019_L,,CB0979b,,cb_intrinsic,,L,,,gaba,gaba,0.8859104617632221,-1,1,3,False,False,False
3137,29860,PS049,PS049_R,,PS049,PS049,cb_intrinsic,,R,,,gaba,gaba,0.8618493112009742,-1,2,2,False,False,False
3138,29863,PLP109,PLP109_L,,"PLP109,PLP112",PLP109,cb_intrinsic,,L,,,acetylcholine,acetylcholine,0.9631664321321914,1,2,2,False,False,False
3139,29889,PVLP064,PVLP064_R,,CB0738,"PVLP066,PVLP064",cb_intrinsic,,R,,,acetylcholine,acetylcholine,0.9099938311602752,1,2,2,False,False,False
3140,29905,CB4116,CB4116_R,,CB4116,,cb_intrinsic,,R,,,acetylcholine,acetylcholine,0.9479275722311856,1,2,2,False,False,False
3141,29964,AVLP044_b,AVLP044_b_L,,AVLP044b,AVLP044_b,cb_intrinsic,,L,,,acetylcholine,acetylcholine,0.9481748392600295,1,2,2,False,False,False
3142,29975,SMP716m,SMP716m_L,,,,cb_intrinsic,,L,potentially male-specific,coexpress_low,acetylcholine,acetylcholine,0.8991146417367484,1,3,1,False,False,False
3143,29976,GNG611,GNG611_L,,CB2115,,cb_intrinsic,,L,,,acetylcholine,acetylcholine,0.7334222309427871,1,2,2,False,False,False
3144,29988,GNG574,GNG574_L,,CB0108,,cb_intrinsic,,L,,,acetylcholine,acetylcholine,0.9085783713766229,1,2,2,False,False,False
3145,29992,WED118,WED118_L,,"CB1484,CB1869",WED118,cb_intrinsic,,L,,,acetylcholine,acetylcholine,0.9661429368597171,1,2,2,False,False,False
3146,30026,WED118,WED118_R,,CB1908,WED118,cb_intrinsic,,R,,,acetylcholine,acetylcholine,0.9695691606953657,1,2,2,False,False,False
3147,30029,aIPg7,aIPg7_L,Cachero 2010: aIP-g; Yu 2010: pIP6,"CB1618,CB3330",SMP574,cb_intrinsic,,L,sexually dimorphic,fru_high,acetylcholine,acetylcholine,0.9366396531801109,1,3,1,False,False,False
3148,30088,AN13B002,AN13B002_L,Shiu 2022: Dandelion,AN_GNG_68,,ascending_neuron,,L,,,gaba,gaba,0.885008524631932,-1,2,2,False,False,False
3149,30120,WEDPN6A,WEDPN6A_R,,WEDPN6A,WEDPN6A,cb_intrinsic,,R,,,gaba,gaba,0.6804759420848392,-1,2,2,False,False,False
3150,30135,CL252,CL252_L,,CL252,CL252,cb_intrinsic,,L,,,gaba,gaba,0.614120051803377,-1,2,2,False,False,False
3151,30148,CB1017,CB1017_R,,CB1017,"CL034,CL035",cb_intrinsic,,R,,,acetylcholine,acetylcholine,0.9197342436246084,1,2,2,False,False,False
3152,30194,SAD013,SAD013_L,,SAD013,SAD013,cb_intrinsic,,L,,,gaba,gaba,0.8604434258612136,-1,1,2,False,False,False
3153,30260,CRE080_a,CRE080_a_L,Cachero 2010: pMP-a; Yu 2010: pMP5,"CRE080a,CRE080b",CRE080,cb_intrinsic,,L,,fru_low,acetylcholine,acetylcholine,0.9665601344360912,1,3,1,False,False,False
3154,30261,WED118,WED118_R,,"CB1484,CB1869",WED118,cb_intrinsic,,R,,,acetylcholine,acetylcholine,0.9522894380142753,1,2,2,False,False,False
3155,30273,WED118,WED118_R,,"CB1484,CB1869",WED118,cb_intrinsic,,R,,,acetylcholine,acetylcholine,0.9555420087635748,1,2,2,False,False,False
3156,30280,AOTU059,AOTU059_R,,AOTU059,AOTU059,cb_intrinsic,,R,,,gaba,gaba,0.8611207731121223,-1,3,1,False,False,False
3157,30288,CB1165,CB1165_R,Cachero 2010: aIP-c; Yu 2010: aIP1/aIP4/aSP10,CB1165,"AVLP246,AVLP249",cb_intrinsic,,R,sexually dimorphic,fru_low,acetylcholine,acetylcholine,0.9072539741491522,1,2,2,False,False,False
3158,30298,LC9,LC9_L,,LC9,LC9,visual_projection,,L,,,acetylcholine,acetylcholine,0.9460865650409975,1,2,2,False,False,False
3159,30326,AVLP256,AVLP256_R,,AVLP256,AVLP256,cb_intrinsic,,R,sexually dimorphic,,gaba,gaba,0.7996067908052196,-1,3,1,False,False,False
3160,30346,AN17A062,AN17A062_L,,AN_multi_118,,ascending_neuron,,L,,,acetylcholine,acetylcholine,0.9528949354223962,1,2,2,False,False,False
3161,30347,SIP142m,SIP142m_R,Cachero 2010: aSP-a; Yu 2010: aSP2,,,cb_intrinsic,,R,male-specific,fru_high,glutamate,glutamate,0.8431861900026493,-1,3,1,False,False,False
3162,30366,GNG449,GNG449_L,,CB0988a,,cb_intrinsic,,L,,,acetylcholine,acetylcholine,0.8380477428464842,1,2,2,False,False,False
3163,30391,pC1_8b,pC1_8b_R,"Lee 2002, Rideout 2010, Nojima 2021: pC1",,,cb_intrinsic,,R,male-specific,dsx_high,acetylcholine,acetylcholine,0.9701547141594017,1,2,2,False,True,False
3164,30404,WEDPN1A,WEDPN1A_R,,WEDPN1A,WEDPN1A,cb_intrinsic,,R,,,gaba,gaba,0.752935999401761,-1,2,2,False,False,False
3165,30424,AVLP009,AVLP009(aSP08)_R,Cachero 2010: aSP-k; Yu 2010: aSP8,aSP8,"aSP8,AVLP009",cb_intrinsic,,R,sexually dimorphic,fru_high,gaba,gaba,0.6987572475830606,-1,2,1,False,False,False
3166,30455,LHAV4c2,LHAV4c2_R,Cachero 2010: aSP-k; Yu 2010: aSP8,LHAV4c2,LHAV4c2,cb_intrinsic,,R,sexually dimorphic,fru_high,gaba,gaba,0.6081229897492372,-1,2,1,False,False,False
3167,30466,AVLP481,AVLP481_L,,"CB1107,CB1380",AVLP481,cb_intrinsic,,L,,,gaba,gaba,0.7760068350215032,-1,2,2,False,False,False
3168,30494,AVLP192_b,AVLP192_b_L,,AVLP194d,AVLP192,cb_intrinsic,,L,,,acetylcholine,acetylcholine,0.9418433132123153,1,2,2,False,False,False
3169,30511,AVLP498,AVLP498_L,,AVLP498,AVLP498,cb_intrinsic,,L,,,acetylcholine,acetylcholine,0.9549113745684179,1,2,2,False,False,False
3170,30546,pC1_10d,pC1_10d_R,"Lee 2002, Rideout 2010, Nojima 2021: pC1",,,cb_intrinsic,,R,male-specific,dsx_high,acetylcholine,acetylcholine,0.9523799287138742,1,2,2,False,True,False
3171,30551,PLP150,PLP150_R,,PLP150,PLP150,cb_intrinsic,,R,,,acetylcholine,acetylcholine,0.9498673359441543,1,2,2,False,False,False
3172,30558,WED001,WED001_R,Cachero 2010: aSP-k; Yu 2010: aSP8,CB2364,WED001,cb_intrinsic,,R,,fru_low,gaba,gaba,0.8562556674854569,-1,2,2,False,False,False
3173,30597,WED166_d,WED166_d_R,,WED166_d,WED166_d,cb_intrinsic,,R,,,acetylcholine,acetylcholine,0.9626765579894159,1,2,2,False,False,False
3174,30669,WED001,WED001_R,Cachero 2010: aSP-k; Yu 2010: aSP8,CB2364,WED001,cb_intrinsic,,R,,fru_low,gaba,gaba,0.8473766372947366,-1,2,2,False,False,False
3175,30687,CB3404,CB3404_R,,CB3404,,cb_intrinsic,,R,,,acetylcholine,acetylcholine,0.9592983390095657,1,2,2,False,False,False
3176,30705,AN17A009,AN17A009_L,,AN_GNG_SAD_13,,ascending_neuron,,L,,,acetylcholine,acetylcholine,0.7192610867947206,1,2,2,False,False,False
3177,30777,AN19B004,AN19B004_L,,AN_GNG_9,,ascending_neuron,,L,,,acetylcholine,acetylcholine,0.924542649276099,1,2,2,False,False,False
3178,30789,AN08B009,AN08B009_R,,AN_GNG_SAD_11,,ascending_neuron,,R,,,acetylcholine,acetylcholine,0.9657133460171965,1,2,2,False,False,False
3179,30792,CB1787,CB1787_L,,CB1787,,cb_intrinsic,,L,,,acetylcholine,acetylcholine,0.949180689107092,1,2,2,False,False,False
3180,30803,LC4,LC4_R,,LC4,LC4,visual_projection,,R,,,acetylcholine,acetylcholine,0.9201132097090077,1,2,2,False,False,False
3181,30883,CL323,CL323_R,,CL323b,CL323,cb_intrinsic,,R,,,acetylcholine,acetylcholine,0.9626720976941199,1,2,2,False,False,False
3182,30921,AN08B023,AN08B023_R,,AN_GNG_SAD_4,,ascending_neuron,,R,,,acetylcholine,acetylcholine,0.8891737981697033,1,2,2,False,False,False
3183,30977,CB1717,CB1717_L,,CB1717,,cb_intrinsic,,L,,,acetylcholine,acetylcholine,0.9351767053394671,1,2,2,False,False,False
3184,31035,PVLP034,PVLP034_L,Cachero 2010: aIP-a,CB2278,PVLP034,cb_intrinsic,,L,,fru_high,gaba,gaba,0.8496514175601821,-1,2,2,False,False,False
3185,31096,SMP068,SMP068_L,,SMP068,SMP068,cb_intrinsic,,L,,fru_high,glutamate,glutamate,0.8139579594296052,-1,2,2,False,False,False
3186,31103,AN18B002,AN18B002_L,,AN_GNG_7,,ascending_neuron,,L,,,acetylcholine,acetylcholine,0.9664993663882177,1,2,2,False,False,False
3187,31124,PVLP149,PVLP149_L,fru-M-300226,PVLP149,PVLP149,cb_intrinsic,,L,,fru_high,acetylcholine,acetylcholine,0.9425294060601076,1,2,2,False,False,False
3188,31168,CL274,CL274_L,,CB1596,CL274,cb_intrinsic,,L,,,acetylcholine,acetylcholine,0.8408772819765318,1,2,2,False,False,False
3189,31171,PS269,PS269_L,,"PS268,PS269,CB3941",PS269,cb_intrinsic,,L,,,acetylcholine,acetylcholine,0.9661342317909296,1,2,2,False,False,False
3190,31180,AN09B036,AN09B036_R,,AN_WED_GNG_1,,ascending_neuron,,R,,,acetylcholine,acetylcholine,0.9645254793698116,1,2,2,False,False,False
3191,31181,WED166_d,WED166_d_L,,WED166_d,WED166_d,cb_intrinsic,,L,,,acetylcholine,acetylcholine,0.9399394034207098,1,2,2,False,False,False
3192,31215,LHAV1a3,LHAV1a3_R,,LHAV1a3,LHAV1a3,cb_intrinsic,,R,,,acetylcholine,acetylcholine,0.9306395155043605,1,2,2,False,False,False
3193,31227,AN07B005,AN07B005_L,,"AN_GNG_43,AN_GNG_83",,ascending_neuron,,L,,,acetylcholine,acetylcholine,0.9699167122347137,1,2,2,False,False,False
3194,31231,AVLP611,AVLP611_L,,CB1476,,cb_intrinsic,,L,,,acetylcholine,acetylcholine,0.962731669891794,1,1,3,False,False,False
3195,31272,PLP106,PLP106_R,,PLP106,PLP106,cb_intrinsic,,R,,,acetylcholine,acetylcholine,0.9654852000492536,1,2,2,False,False,False
3196,31298,DNge009,DNge009_R,,DNge024,,descending_neuron,,R,,,acetylcholine,acetylcholine,0.9468426944777207,1,2,2,False,False,False
3197,31308,LC4,LC4_L,,LC4,LC4,visual_projection,,L,,,acetylcholine,acetylcholine,0.9642624047418099,1,2,2,False,False,False
3198,31330,PS049,PS049_L,,PS049,PS049,cb_intrinsic,,L,,,gaba,gaba,0.8736170784317486,-1,2,2,False,False,False
3199,31334,AN08B009,AN08B009_L,,AN_GNG_SAD_11,,ascending_neuron,,L,,,acetylcholine,acetylcholine,0.9660012257918452,1,2,2,False,False,False
3200,31362,AN18B032,AN18B032_L,,AN_GNG_132,,ascending_neuron,,L,,,acetylcholine,acetylcholine,0.9069559749566767,1,2,2,False,False,False
3201,31388,aSP10C_a,aSP10C_a_L,Cachero 2010: aIP-b,CB1382,aSP10C_a,cb_intrinsic,,L,sexually dimorphic,fru_high,acetylcholine,acetylcholine,0.9327769957096724,1,2,2,False,False,False
3202,31403,PLP099,PLP099_R,,PLP099,PLP099,cb_intrinsic,,R,,,acetylcholine,acetylcholine,0.9543836619832665,1,2,2,False,False,False
3203,31406,CL274,CL274_L,,CB1888,CL274,cb_intrinsic,,L,,,acetylcholine,acetylcholine,0.9410122706463423,1,2,2,False,False,False
3204,31412,PVLP001,PVLP001_R,,PVLP001,PVLP001,cb_intrinsic,,R,,,gaba,gaba,0.7155990660699912,-1,2,2,False,False,False
3205,31424,PVLP088,PVLP088_L,,PVLP088,PVLP088,cb_intrinsic,,L,,,gaba,gaba,0.864303705504215,-1,2,2,False,False,False
3206,31440,AVLP442,AVLP442_R,,AVLP442,AVLP442,cb_intrinsic,,R,,,acetylcholine,acetylcholine,0.9550923370585925,1,2,2,False,False,False
3207,31448,CB3660,CB3660_L,,CB3660,"AVLP057,AVLP058",cb_intrinsic,,L,,,glutamate,glutamate,0.8141199938348894,-1,3,1,False,False,False
3208,31569,PVLP064,PVLP064_R,,CB0738,"PVLP066,PVLP064",cb_intrinsic,,R,,,acetylcholine,acetylcholine,0.9627380607913049,1,2,2,False,False,False
3209,31570,LC9,LC9_L,,LC9,LC9,visual_projection,,L,,,acetylcholine,acetylcholine,0.9473078864219715,1,2,2,False,False,False
3210,31586,WED001,WED001_R,Cachero 2010: aSP-k; Yu 2010: aSP8,CB2364,WED001,cb_intrinsic,,R,,fru_low,gaba,gaba,0.8252227110937597,-1,2,2,False,False,False
3211,31649,CB1302,CB1302_L,,"CB1302,CB1466",,cb_intrinsic,,L,,,acetylcholine,acetylcholine,0.8905455433807389,1,2,2,False,False,False
3212,31650,AVLP560,AVLP560_L,,AVLP560,AVLP560,cb_intrinsic,,L,,,acetylcholine,gaba,0.7951840516775507,1,2,2,False,False,False
3213,31689,CB2377,CB2377_R,,CB2377,,cb_intrinsic,,R,,,acetylcholine,acetylcholine,0.614712827842539,1,2,2,False,False,False
3214,31759,VES023,VES023_R,,VES023,VES023,cb_intrinsic,,R,,,gaba,gaba,0.8488327702033333,-1,2,2,False,False,False
3215,31788,PLP065,PLP065_R,,PLP065a,PLP065,cb_intrinsic,,R,,,acetylcholine,acetylcholine,0.9683993334200729,1,2,2,False,False,False
3216,31805,LC9,LC9_L,,LC9,LC9,visual_projection,,L,,,acetylcholine,acetylcholine,0.9407448924076491,1,2,2,False,False,False
3217,31827,SIP116m,SIP116m_R,Cachero 2010: aSP-a; Yu 2010: aSP2,,,cb_intrinsic,,R,male-specific,fru_high,glutamate,glutamate,0.6993383943176015,-1,2,1,False,False,False
3218,31869,CB3561,CB3561_L,,CB3561,,cb_intrinsic,,L,,,acetylcholine,acetylcholine,0.9160195424046059,1,2,2,False,False,False
3219,31896,AN18B002,AN18B002_R,,AN_GNG_7,,ascending_neuron,,R,,,acetylcholine,acetylcholine,0.9567466017131512,1,2,2,False,False,False
3220,31901,CB2491,CB2491_R,,CB2491,,cb_intrinsic,,R,,,acetylcholine,acetylcholine,0.9658636513185971,1,2,2,False,False,False
3221,31905,WED001,WED001_L,Cachero 2010: aSP-k; Yu 2010: aSP8,CB2364,WED001,cb_intrinsic,,L,,fru_low,gaba,gaba,0.8585175960414175,-1,1,2,False,False,False
3222,31919,WED004,WED004_R,,WED004c,WED004,cb_intrinsic,,R,,,acetylcholine,acetylcholine,0.9433710934989634,1,2,2,False,False,False
3223,31950,PVLP064,PVLP064_R,,CB0738,"PVLP066,PVLP064",cb_intrinsic,,R,,,acetylcholine,acetylcholine,0.9688737194751766,1,2,2,False,False,False
3224,32016,AN01A049,AN01A049_R,,AN_GNG_SAD_7,,ascending_neuron,,R,,,acetylcholine,acetylcholine,0.914400650913436,1,2,2,False,False,False
3225,32093,PVLP033,PVLP033_L,,PVLP033,PVLP033,cb_intrinsic,,L,,,gaba,gaba,0.7132774759653474,-1,2,2,False,False,False
3226,32102,GNG297,GNG297_M,,CB3892a,,cb_intrinsic,,L,,,gaba,gaba,0.8838083979331174,-1,2,2,False,False,False
3227,32127,AN03B011,AN03B011_R,,AN_GNG_181,,ascending_neuron,,R,,,gaba,gaba,0.8978347876487218,-1,2,2,False,False,False
3228,32129,AVLP195,AVLP195_L,,AVLP195,AVLP195,cb_intrinsic,,L,,,acetylcholine,acetylcholine,0.9091222924931787,1,2,2,False,False,False
3229,32150,PVLP205m,PVLP205m_L,Cachero 2010: aSP-f; Yu 2010: aSP5; Ruta 2010: DC1,,,cb_intrinsic,,L,male-specific,fru_high,acetylcholine,acetylcholine,0.876913094640958,1,2,2,False,False,False
3230,32156,mAL_m8,mAL_m8_R,Cachero 2010: aDT-b; Yu 2010: aDT2,,,cb_intrinsic,,R,male-specific,fru_high,gaba,gaba,0.621652099007147,-1,2,2,False,False,False
3231,32169,GNG009,GNG009_M,,CB3920,,cb_intrinsic,,M,,,gaba,gaba,0.7739326720952759,-1,2,2,False,False,False
3232,32193,AN17A018,AN17A018_L,,AN_GNG_112,,ascending_neuron,,L,,,acetylcholine,acetylcholine,0.9649352586523721,1,2,2,False,False,False
3233,32255,AN08B034,AN08B034_c_L,,AN_AVLP_SAD_1,,ascending_neuron,,L,,,acetylcholine,acetylcholine,0.9465090590018165,1,2,2,False,False,False
3234,32291,CB1575,CB1575_L,,CB1575b,,cb_intrinsic,,L,,,acetylcholine,acetylcholine,0.9526140724649721,1,2,2,False,False,False
3235,32304,CB4170,CB4170_R,,CB4170,,cb_intrinsic,,R,,,gaba,gaba,0.8091768201923153,-1,2,2,False,False,False
3236,32306,SIP124m,SIP124m_L,Cachero 2010: aSP-a; Yu 2010: aSP2,,,cb_intrinsic,,L,male-specific,fru_high,glutamate,glutamate,0.793063455182787,-1,2,2,False,False,False
3237,32324,AN08B074,AN08B074_R,Yu 2010: vPR1,,,ascending_neuron,,R,potentially male-specific,fru_high,acetylcholine,acetylcholine,0.676105493418318,1,3,1,False,False,False
3238,32362,AVLP526,AVLP526_L,,CB1552,AVLP526,cb_intrinsic,,L,,,acetylcholine,acetylcholine,0.921437187529255,1,2,2,False,False,False
3239,32396,SMP092,SMP092_L,,SMP092,SMP092,cb_intrinsic,,L,,,glutamate,glutamate,0.7977605013397026,-1,3,1,False,False,False
3240,32413,DNg12_f,DNg12_f_L,,DNg12_b,,descending_neuron,,L,,,acetylcholine,acetylcholine,0.8965616279266871,1,2,2,False,False,False
3241,32437,pC1_15a,pC1_15a_R,"Lee 2002, Rideout 2010, Nojima 2021: pC1; Cachero 2010: pMP-e; Yu 2010: pMP4",,,cb_intrinsic,,R,male-specific,coexpress_high,acetylcholine,acetylcholine,0.8823144568070075,1,3,1,False,True,False
3242,32540,CB4116,CB4116_R,,CB4116,,cb_intrinsic,,R,,,acetylcholine,acetylcholine,0.9264525064667103,1,2,2,False,False,False
3243,32603,VES024_b,VES024_b_L,Cachero 2010: aDT-g; Yu 2010: aDT5,VES024b,VES024,cb_intrinsic,,L,,fru_low,gaba,gaba,0.6962731145387951,-1,3,1,False,False,False
3244,32654,LH003m,LH003m_L,Cachero 2010: aSP-f; Yu 2010: aSP5; Ruta 2010: DC1,,,cb_intrinsic,,L,male-specific,fru_high,acetylcholine,acetylcholine,0.9436452143769368,1,2,2,False,False,False
3245,32692,PVLP216m,PVLP216m_R,Cachero 2010: pIP-e; Yu 2010: pIP5,,,cb_intrinsic,,R,male-specific,fru_high,acetylcholine,acetylcholine,0.9022669219833324,1,2,2,False,False,False
3246,32701,CB4073,CB4073_L,,CB4073,,cb_intrinsic,,L,,,acetylcholine,acetylcholine,0.9669958661295256,1,2,2,False,False,False
3247,32741,aSP10C_a,aSP10C_a_L,Cachero 2010: aIP-b,CB1382,aSP10C_a,cb_intrinsic,,L,sexually dimorphic,fru_high,acetylcholine,acetylcholine,0.9301284344584242,1,2,2,False,False,False
3248,32788,pC1_18b,pC1_18b_R,"Lee 2002, Rideout 2010, Nojima 2021: pC1",,,cb_intrinsic,,R,male-specific,dsx_low,acetylcholine,acetylcholine,0.9077707316670082,1,2,2,False,True,False
3249,32824,VES001,VES001_L,,VES001,VES001,cb_intrinsic,,L,,,glutamate,glutamate,0.8134390678557442,-1,2,2,False,False,False
3250,32832,DNg05_c,DNg05_c_L,Cachero 2010: pSG-b; Sterne 2021: knees,DNg05_b,,descending_neuron,,L,,,acetylcholine,acetylcholine,0.9747326673375373,1,2,2,False,False,False
3251,32854,GNG296,GNG296_M,,CB3925,,cb_intrinsic,,M,,,gaba,gaba,0.6976146723743735,-1,2,2,False,False,False
3252,32889,AVLP005,AVLP005_R,Cachero 2010: aSP-k; Yu 2010: aSP8,CB2114,AVLP005,cb_intrinsic,,R,,fru_low,gaba,gaba,0.8751944926095763,-1,2,2,False,False,False
3253,32911,SIP119m,SIP119m_R,Cachero 2010: aSP-a; Yu 2010: aSP2,,,cb_intrinsic,,R,male-specific,fru_high,glutamate,glutamate,0.758644785587076,-1,2,2,False,False,False
3254,32950,pC1_5a,pC1_5a_R,"Lee 2002, Rideout 2010, Nojima 2021: pC1; Cachero 2010: pMP-e; Yu 2010: pMP4",,,cb_intrinsic,,R,male-specific,coexpress_low,acetylcholine,acetylcholine,0.9361687621975987,1,2,1,False,True,False
3255,32967,CB2228,CB2228_R,,CB2228,,cb_intrinsic,,R,,,gaba,gaba,0.8594681398477942,-1,2,2,False,False,False
3256,32979,WED014,WED014_R,,WED014,WED014,cb_intrinsic,,R,sexually dimorphic,,gaba,gaba,0.8325462893826088,-1,2,1,False,False,False
3257,33009,WED118,WED118_R,,"CB1484,CB1869",WED118,cb_intrinsic,,R,,,acetylcholine,acetylcholine,0.9539468595345125,1,2,2,False,False,False
3258,33033,SIP119m,SIP119m_L,Cachero 2010: aSP-a; Yu 2010: aSP2,,,cb_intrinsic,,L,male-specific,fru_high,glutamate,glutamate,0.730561256830442,-1,2,2,False,False,False
3259,33037,DNp69,DNp69(CL304)_L,,DNp69,CL304,descending_neuron,,L,,,acetylcholine,acetylcholine,0.9573411706490921,1,1,2,False,False,False
3260,33047,mALB1,mALB1_R,,mALB1,mALB1,cb_intrinsic,,R,,,gaba,gaba,0.8376561909257603,-1,2,2,False,False,False
3261,33050,AVLP067,AVLP067_L,,CB2402,AVLP067,cb_intrinsic,,L,,,glutamate,glutamate,0.7779560772087479,-1,2,2,False,False,False
3262,33054,AVLP549,AVLP549_R,,CB2829,AVLP549,cb_intrinsic,,R,,,glutamate,glutamate,0.6022995770323165,-1,2,2,False,False,False
3263,33093,AVLP227,AVLP227_R,,AVLP227,AVLP227,cb_intrinsic,,R,,,acetylcholine,acetylcholine,0.9222062193458344,1,2,2,False,False,False
3264,33121,aSP10C_a,aSP10C_a_R,Cachero 2010: aIP-b,CB1382,aSP10C_a,cb_intrinsic,,R,sexually dimorphic,fru_high,acetylcholine,acetylcholine,0.9355029158507796,1,2,2,False,False,False
3265,33147,CL274,CL274_L,,CB1888,CL274,cb_intrinsic,,L,,,acetylcholine,acetylcholine,0.8559034838743728,1,2,2,False,False,False
3266,33217,SAD200m,SAD200m_R,Cachero 2010: aDT-g; Yu 2010: aDT5,,,cb_intrinsic,,R,male-specific,fru_high,gaba,gaba,0.8196663447161111,-1,2,1,False,False,False
3267,33251,,23342_R,,"CB1045,CB1588",,cb_intrinsic,,R,,,acetylcholine,acetylcholine,0.968298076498023,1,2,2,False,False,False
3268,33335,DNpe024,DNpe024(CL325)_L,,DNpe024,CL325,descending_neuron,,L,,,acetylcholine,acetylcholine,0.959062898501957,1,2,2,False,False,False
3269,33342,CB4073,CB4073_L,,CB4073,,cb_intrinsic,,L,,,acetylcholine,acetylcholine,0.9506173991637814,1,2,2,False,False,False
3270,33384,GNG348,GNG348_M,,CB3917,,cb_intrinsic,,M,,,gaba,gaba,0.8374554444043547,-1,2,2,False,False,False
3271,33400,AN08B016,AN08B016_R,,AN_multi_111,,ascending_neuron,,R,,,gaba,gaba,0.8930259032026973,-1,2,2,False,False,False
3272,33431,CB4116,CB4116_R,,CB4116,,cb_intrinsic,,R,,,acetylcholine,acetylcholine,0.9466265045071314,1,2,2,False,False,False
3273,33435,WED001,WED001_R,Cachero 2010: aSP-k; Yu 2010: aSP8,CB2364,WED001,cb_intrinsic,,R,,fru_low,gaba,gaba,0.8559054003505362,-1,2,2,False,False,False
3274,33442,AVLP005,AVLP005_R,Cachero 2010: aSP-k; Yu 2010: aSP8,CB2253,AVLP005,cb_intrinsic,,R,,fru_low,gaba,gaba,0.8516936592358642,-1,2,2,False,False,False
3275,33445,SMP721m,SMP721m_R,Wang 2020a: pMP1; Rideout 2010: pC3; Zhou 2014: pCd; Nojima 2021: pCd-1; Allen 2025: pMP-z,,,cb_intrinsic,,R,potentially male-specific,coexpress_high,acetylcholine,acetylcholine,0.9076630006273899,1,3,1,False,False,False
3276,33474,SAD049,SAD049_R,,SAD049,SAD049,cb_intrinsic,,R,,,acetylcholine,acetylcholine,0.9457714101946386,1,2,2,False,False,False
3277,33487,AN08B074,AN08B074_R,Yu 2010: vPR1,,,ascending_neuron,,R,potentially male-specific,fru_high,acetylcholine,acetylcholine,0.7808780630656587,1,3,1,False,False,False
3278,33503,LHAV4c2,LHAV4c2_R,Cachero 2010: aSP-k; Yu 2010: aSP8,LHAV4c2,LHAV4c2,cb_intrinsic,,R,sexually dimorphic,fru_high,gaba,gaba,0.6416538473990615,-1,2,1,False,False,False
3279,33553,pC1_14a,pC1_14a_R,"Lee 2002, Rideout 2010, Nojima 2021: pC1; Cachero 2010: pMP-e; Yu 2010: pMP4",,,cb_intrinsic,,R,potentially male-specific,coexpress_low,acetylcholine,acetylcholine,0.9454958614672013,1,3,1,False,True,False
3280,33606,CB1575,CB1575_L,,CB1575b,,cb_intrinsic,,L,,,acetylcholine,acetylcholine,0.9587378156734921,1,2,2,False,False,False
3281,33612,VES023,VES023_R,,VES023,VES023,cb_intrinsic,,R,,,gaba,gaba,0.8516172255267371,-1,2,2,False,False,False
3282,33638,PLP065,PLP065_L,,PLP065a,PLP065,cb_intrinsic,,L,,,acetylcholine,acetylcholine,0.9707829794645021,1,2,2,False,False,False
3283,33761,PLP150,PLP150_R,,PLP150,PLP150,cb_intrinsic,,R,,,acetylcholine,acetylcholine,0.9323804708695099,1,2,2,False,False,False
3284,33799,AN10B015,AN10B015_R,,AN_GNG_SAD_27,,ascending_neuron,,R,,,acetylcholine,unclear,0.412706411235823,1,2,2,False,False,False
3285,33801,,,Cachero 2010: aIP-c;Yu 2010: aIP1/aIP4/aSP10,"CB1485,CB3214,CB3405",,cb_intrinsic,,L,,fru_low,acetylcholine,acetylcholine,0.9456077553306208,1,2,2,False,False,False
3286,33840,SMP710m,SMP710m_L,Wang 2020a: pMP1; Rideout 2010: pC3; Zhou 2014: pCd; Nojima 2021: pCd-1; Allen 2025: pMP-z,,,cb_intrinsic,,L,male-specific,coexpress_high,acetylcholine,acetylcholine,0.8928147825199239,1,3,1,False,False,False
3287,33867,CB2006,CB2006_R,Cachero 2010: aIP-c; Yu 2010: aIP1/aIP4/aSP10,CB2006,,cb_intrinsic,,R,,fru_low,acetylcholine,acetylcholine,0.929363689114967,1,2,2,False,False,False
3288,33892,AN03B011,AN03B011_L,,AN_GNG_181,,ascending_neuron,,L,,,gaba,gaba,0.9008180981302443,-1,2,2,False,False,False
3289,33921,AVLP486,AVLP486_R,,AVLP486,AVLP486,cb_intrinsic,,R,,,gaba,gaba,0.7488188233193471,-1,2,2,False,False,False
3290,34004,AVLP225_b1,AVLP225_b1_R,,CB2574,AVLP225_b,cb_intrinsic,,R,,,acetylcholine,acetylcholine,0.9169305826069435,1,2,2,False,False,False
3291,34082,WED001,WED001_R,Cachero 2010: aSP-k; Yu 2010: aSP8,CB2364,WED001,cb_intrinsic,,R,,fru_low,gaba,gaba,0.8614546629091955,-1,2,2,False,False,False
3292,34114,,30977_R,,"CB1119,CB1989",,cb_intrinsic,,R,,,acetylcholine,acetylcholine,0.9603708645695068,1,2,2,False,False,False
3293,34184,mAL_m8,mAL_m8_R,Cachero 2010: aDT-b; Yu 2010: aDT2,,,cb_intrinsic,,R,male-specific,fru_high,gaba,gaba,0.6866613859673408,-1,2,2,False,False,False
3294,34195,AVLP002,AVLP002_L,Cachero 2010: aSP-k; Yu 2010: aSP8,CB2639,AVLP002,cb_intrinsic,,L,,fru_low,gaba,gaba,0.7729326354373877,-1,2,2,False,False,False
3295,34209,AVLP256,AVLP256_L,,AVLP256,AVLP256,cb_intrinsic,,L,sexually dimorphic,,gaba,gaba,0.8261986742637223,-1,2,1,False,False,False
3296,34246,PVLP066,PVLP066_R,,CB0738,PVLP066,cb_intrinsic,,R,,,acetylcholine,acetylcholine,0.9671220416187384,1,2,2,False,False,False
3297,34312,CB3739,CB3739_L,,CB3739,,cb_intrinsic,,L,,,gaba,gaba,0.7639901096623347,-1,1,3,False,False,False
3298,34386,CL215,CL215_R,,CL215,CL215,cb_intrinsic,,R,,,acetylcholine,acetylcholine,0.9411495131389724,1,2,2,False,False,False
3299,34409,SIP145m,SIP145m_L,Cachero 2010: aSP-a; Yu 2010: aSP2,,,cb_intrinsic,,L,male-specific,fru_high,glutamate,glutamate,0.7964329563971361,-1,2,2,False,False,False
3300,34525,VES024_a,VES024_a_R,Cachero 2010: aDT-g; Yu 2010: aDT5,VES024a,VES024,cb_intrinsic,,R,,fru_low,gaba,gaba,0.6223423438843113,-1,3,1,False,False,False
3301,34552,SLP188,SLP188_R,,SLP188,SLP188,cb_intrinsic,,R,,,glutamate,glutamate,0.7524459818230513,-1,2,2,False,False,False
3302,34590,DNge182,DNge182_R,,DNge102,,descending_neuron,,R,,,glutamate,glutamate,0.8029948966277988,-1,2,2,False,False,False
3303,34602,SAD200m,SAD200m_L,Cachero 2010: aDT-g; Yu 2010: aDT5,,,cb_intrinsic,,L,male-specific,fru_high,gaba,gaba,0.7719477313774877,-1,2,1,False,False,False
3304,34612,mAL_m2a,mAL_m2a_R,Cachero 2010: aDT-b; Yu 2010: aDT2,,,cb_intrinsic,,R,male-specific,fru_high,unclear,unclear,0.4139675366899789,0,3,1,False,False,False
3305,34667,AN08B074,AN08B074_L,Yu 2010: vPR1,,,ascending_neuron,,L,potentially male-specific,fru_high,acetylcholine,acetylcholine,0.6810445603163316,1,3,1,False,False,False
3306,34725,GNG638,GNG638_R,,CB0249,,cb_intrinsic,,R,,,gaba,gaba,0.8497652435143841,-1,2,2,False,False,False
3307,34743,PVLP033,PVLP033_R,,PVLP033,PVLP033,cb_intrinsic,,R,,,gaba,gaba,0.7714645696190231,-1,2,2,False,False,False
3308,34758,ANXXX027,ANXXX027(27816)_L,,AN_AVLP_4,,ascending_neuron,,L,,,acetylcholine,acetylcholine,0.9566199636492475,1,2,2,False,False,False
3309,34801,PVLP034,PVLP034_L,Cachero 2010: aIP-a,CB3652,PVLP034,cb_intrinsic,,L,,fru_high,gaba,gaba,0.8399484146683533,-1,2,2,False,False,False
3310,34869,CB1638,CB1638_R,,CB1638,,cb_intrinsic,,R,,,acetylcholine,acetylcholine,0.9404852369202243,1,2,2,False,False,False
3311,34966,WED089,WED089_R,,WED089,WED089,cb_intrinsic,,R,,,acetylcholine,acetylcholine,0.9397640892323743,1,2,2,False,False,False
3312,34982,CL168,CL168_L,,CL168,CL168,cb_intrinsic,,L,,,acetylcholine,acetylcholine,0.9655623194885906,1,2,2,False,False,False
3313,34992,PVLP005,PVLP005_L,,"PVLP004,PVLP005",PVLP005,cb_intrinsic,,L,,,glutamate,glutamate,0.7864176486686573,-1,2,2,False,False,False
3314,35043,CB4096,CB4096_R,,CB4096,,cb_intrinsic,,R,,,glutamate,glutamate,0.6892656116767137,-1,2,2,False,False,False
3315,35061,CB3739,CB3739_L,,CB3739,,cb_intrinsic,,L,,,gaba,gaba,0.7384678610480704,-1,1,3,False,False,False
3316,35232,AN01B005,AN01B005_R,,AN_GNG_SAD_33,,ascending_neuron,,R,,,gaba,gaba,0.8599548564321555,-1,2,2,False,False,False
3317,35237,CB4116,CB4116_L,,CB4116,,cb_intrinsic,,L,,,acetylcholine,acetylcholine,0.9554323818764824,1,2,2,False,False,False
3318,35261,VES020,VES020_R,,VES020,VES020,cb_intrinsic,,R,,,gaba,gaba,0.8117921577521354,-1,3,1,False,False,False
3319,35280,AVLP527,AVLP527_L,,"CB3487,CB3535",AVLP527,cb_intrinsic,,L,,,acetylcholine,acetylcholine,0.8668269407779615,1,3,1,False,False,False
3320,35283,SLP188,SLP188_L,,SLP188,SLP188,cb_intrinsic,,L,,,glutamate,glutamate,0.650333529845871,-1,2,2,False,False,False
3321,35332,JO-EV2,JO-EV2_L,,JO-EV2,,cb_sensory,mechanosensory,,,,acetylcholine,acetylcholine,0.9398306968581666,1,2,2,False,False,False
3322,35351,JO-A1,JO-A1_L,,JO-A1,,cb_sensory,mechanosensory,,,,acetylcholine,acetylcholine,0.9187267842562528,1,0,3,True,False,False
3323,35371,AN08B099_f,AN08B099_f_R,,AN_GNG_182,,ascending_neuron,,R,,,acetylcholine,acetylcholine,0.9747326673375373,1,2,2,False,False,False
3324,35376,CB2624,CB2624_R,,CB2624,,cb_intrinsic,,R,,,acetylcholine,acetylcholine,0.9527717724646775,1,2,2,False,False,False
3325,35409,AN08B049,AN08B049_L,,AN_multi_99,,ascending_neuron,,L,,,acetylcholine,acetylcholine,0.9652687208761708,1,2,2,False,False,False
3326,35415,WED201,WED201_L,,CB1439,,cb_intrinsic,,L,,,gaba,gaba,0.8652239280983581,-1,2,2,False,False,False
3327,35433,CB1302,CB1302_R,,"CB1302,CB1466",,cb_intrinsic,,R,,,acetylcholine,acetylcholine,0.8928893025690153,1,2,2,False,False,False
3328,35440,AN08B016,AN08B016_L,,AN_multi_111,,ascending_neuron,,L,,,gaba,gaba,0.8830438080074401,-1,2,2,False,False,False
3329,35441,AN08B074,AN08B074_L,Yu 2010: vPR1,,,ascending_neuron,,L,potentially male-specific,fru_high,acetylcholine,acetylcholine,0.7765983264766295,1,3,1,False,False,False
3330,35466,CB4116,CB4116_L,,CB4116,,cb_intrinsic,,L,,,acetylcholine,acetylcholine,0.9425310760355443,1,2,2,False,False,False
3331,35505,AN07B024,AN07B024_L,,AN_multi_37,,ascending_neuron,,L,,,acetylcholine,acetylcholine,0.9686230007686294,1,2,2,False,False,False
3332,35517,AN08B066,AN08B066_R,,AN_multi_54,,ascending_neuron,,R,,,acetylcholine,acetylcholine,0.8905744036637653,1,2,2,False,False,False
3333,35533,M_lvPNm45,M_lvPNm45_L,Taisz 2023: DA1 lvPN,M_lvPNm45,M_lvPNm45,cb_intrinsic,ALPN,L,,fru_high,acetylcholine,acetylcholine,0.9652415308385767,1,2,2,False,False,False
3334,35582,AVLP269_a,AVLP269_a_R,,AVLP269_a,AVLP269,cb_intrinsic,,R,,,acetylcholine,acetylcholine,0.7981450234223445,1,2,2,False,False,False
3335,35608,PVLP047,PVLP047_R,Cachero 2010: aIP-a,CB3549,PVLP047,cb_intrinsic,,R,,fru_high,gaba,gaba,0.8471622825954153,-1,2,2,False,False,False
3336,35614,CB1934,CB1934_R,,CB1934,,cb_intrinsic,,R,,,acetylcholine,acetylcholine,0.9285920075382764,1,2,2,False,False,False
3337,35642,FLA001m,FLA001m_L,,,,cb_intrinsic,,L,male-specific,,acetylcholine,acetylcholine,0.9264507799011996,1,3,1,False,False,False
3338,35652,CB4072,CB4072_R,,CB4072,,cb_intrinsic,,R,,,acetylcholine,acetylcholine,0.9611108535225259,1,2,2,False,False,False
3339,35666,CB2518,CB2518_L,,CB2518,,cb_intrinsic,,L,,,acetylcholine,acetylcholine,0.9534647876523783,1,2,2,False,False,False
3340,35669,aSP10A_b,aSP10A_b_R,Cachero 2010: aIP-b,CB1090,aSP10A,cb_intrinsic,,R,potentially sexually dimorphic,fru_high,acetylcholine,acetylcholine,0.941613198316248,1,2,2,False,False,False
3341,35672,CB1852,CB1852_L,Cachero 2010: aIP-e; Yu 2010: aSP9; Ruta 2010: LC2,CB1852,,cb_intrinsic,,L,,fru_high,acetylcholine,acetylcholine,0.9533424314957173,1,2,2,False,False,False
3342,35694,WED001,WED001_R,Cachero 2010: aSP-k; Yu 2010: aSP8,CB2364,WED001,cb_intrinsic,,R,,fru_low,gaba,gaba,0.8566628640004808,-1,2,2,False,False,False
3343,35698,CB1883,CB1883_L,,CB1883,,cb_intrinsic,,L,,fru_low,acetylcholine,acetylcholine,0.9655083962922842,1,2,2,False,False,False
3344,35706,,,,"CB3111,CB2308",,cb_intrinsic,,L,,,acetylcholine,acetylcholine,0.8824737506250377,1,2,2,False,False,False
3345,35748,WED091,WED091_L,,WED091,WED092,cb_intrinsic,,L,,,acetylcholine,acetylcholine,0.9496224962007302,1,2,2,False,False,False
3346,35750,SIP118m,SIP118m_L,Cachero 2010: aSP-a; Yu 2010: aSP2,,,cb_intrinsic,,L,male-specific,fru_high,glutamate,glutamate,0.7511162706022966,-1,2,2,False,False,False
3347,35787,,SAD019_R,,"CB0719,CB2276",,cb_intrinsic,,R,,,gaba,gaba,0.7625725194911412,-1,2,2,False,False,False
3348,35790,PLP208,PLP208_L,,PLP208,PLP208,cb_intrinsic,,L,,,acetylcholine,acetylcholine,0.9548303289806938,1,2,2,False,False,False
3349,35826,AVLP156,AVLP156_R,,AVLP156,AVLP156,cb_intrinsic,,R,,,acetylcholine,acetylcholine,0.9003334030878578,1,2,2,False,False,False
3350,35849,,,,"CB1196,CB1986",,cb_intrinsic,,R,,,acetylcholine,acetylcholine,0.9252543148207931,1,2,2,False,False,False
3351,35884,AVLP486,AVLP486_R,,AVLP486,AVLP486,cb_intrinsic,,R,,,gaba,gaba,0.6522018827407301,-1,2,2,False,False,False
3352,35891,LC43,LC43_R,,LC43,LC43,visual_projection,,R,,,acetylcholine,acetylcholine,0.9390660458802627,1,2,2,False,False,False
3353,35921,AN09B030,AN09B030_R,,AN_multi_31,,ascending_neuron,,R,,,glutamate,glutamate,0.8358409962188413,-1,2,2,False,False,False
3354,35930,CB0533,CB0533_L,,CB0533,,cb_intrinsic,,L,,,acetylcholine,acetylcholine,0.9605410915744431,1,2,2,False,False,False
3355,35939,PVLP063,PVLP063_R,,CB3461,PVLP063,cb_intrinsic,,R,,,acetylcholine,acetylcholine,0.8966435817914722,1,2,2,False,False,False
3356,35966,AN17A015,AN17A015_L,,"ANG_GNG_94,AN_GNG_117",,ascending_neuron,,L,,,acetylcholine,acetylcholine,0.9708974483473221,1,2,2,False,False,False
3357,35993,vpoIN,vpoIN_R,Cachero 2010: aSP-k; Wang 2020b: vpoIN,CB1385,AVLP007,cb_intrinsic,,R,,fru_high,gaba,gaba,0.828409689606061,-1,2,2,False,False,False
3358,36082,GNG450,GNG450_L,,CB0988b,,cb_intrinsic,,L,,,acetylcholine,acetylcholine,0.8541825637435012,1,2,2,False,False,False
3359,36095,SApp14,SApp14_R,,,,sensory_ascending,mechanosensory_proprioceptive,,,,acetylcholine,acetylcholine,0.9700272865514179,1,2,2,False,False,False
3360,36102,DNge136,DNge136_L,,DNge136,,descending_neuron,,L,,,gaba,gaba,0.813491202638906,-1,2,1,False,False,False
3361,36115,PS096,PS096_L,,PS096e,PS096,cb_intrinsic,,L,,,gaba,gaba,0.7294811998198719,-1,2,2,False,False,False
3362,36117,SIP143m,SIP143m_L,Cachero 2010: aSP-a; Yu 2010: aSP2,,,cb_intrinsic,,L,male-specific,fru_high,glutamate,glutamate,0.772015309633246,-1,3,1,False,False,False
3363,36162,CB4216,CB4216_R,,CB4216,,cb_intrinsic,,R,,,acetylcholine,acetylcholine,0.9211772986919504,1,2,2,False,False,False
3364,36226,PVLP084,PVLP084_L,,PVLP084,PVLP084,cb_intrinsic,,L,,,gaba,gaba,0.7389638557568867,-1,2,2,False,False,False
3365,36237,IPS001,IPS001_L,Cachero 2010: pSG-a,"CB1438,CB1496,CB2949",,cb_intrinsic,,L,,fru_low,gaba,gaba,0.8500782073646551,-1,1,3,False,False,False
3366,36265,CB3657,CB3657_R,Cachero 2010: aIP-b,CB3657,,cb_intrinsic,,R,,fru_low,acetylcholine,acetylcholine,0.9445141183597376,1,2,2,False,False,False
3367,36295,AVLP462,AVLP462_R,,AVLP462b,AVLP462,cb_intrinsic,,R,,,gaba,gaba,0.8264572871060731,-1,2,2,False,False,False
3368,36303,WED201,WED201_R,,CB1439,,cb_intrinsic,,R,,,gaba,gaba,0.8680023096575747,-1,2,2,False,False,False
3369,36316,GNG134,GNG134_R,,CB0251,,cb_intrinsic,,R,,,acetylcholine,acetylcholine,0.9221506435439858,1,2,2,False,False,False
3370,36325,CB3657,CB3657_R,Cachero 2010: aIP-b,CB3657,,cb_intrinsic,,R,,fru_low,acetylcholine,acetylcholine,0.925204518025406,1,2,2,False,False,False
3371,36371,AN23B002,AN23B002_L,,AN_GNG_202,,ascending_neuron,,L,,,acetylcholine,acetylcholine,0.9683246648744093,1,2,2,False,False,False
3372,36453,PVLP135,PVLP135_L,,PVLP135,PVLP135,cb_intrinsic,,L,,,acetylcholine,acetylcholine,0.9454566323993823,1,2,2,False,False,False
3373,36472,PVLP047,PVLP047_R,Cachero 2010: aIP-a,CB3483,PVLP047,cb_intrinsic,,R,,fru_high,gaba,gaba,0.8513781794583132,-1,2,2,False,False,False
3374,36479,WED096,WED096_L,,WED096a,WED096,cb_intrinsic,,L,,,glutamate,glutamate,0.8295807257819096,-1,2,2,False,False,False
3375,36541,DNge078,DNge078_R,Hampel 2015: aDN2,DNge078,,descending_neuron,,R,,,acetylcholine,acetylcholine,0.8169181061787918,1,2,2,False,False,False
3376,36578,AOTU062,AOTU062_R,Cachero 2010: pIP-e; Yu 2010: pIP5,AOTU062,AOTU062,cb_intrinsic,,R,sexually dimorphic,fru_low,gaba,gaba,0.7757088060183401,-1,3,1,False,False,False
3377,36582,WED004,WED004_L,,WED004c,WED004,cb_intrinsic,,L,,,acetylcholine,acetylcholine,0.9632742264189214,1,2,2,False,False,False
3378,36593,AN08B023,AN08B023_L,,AN_GNG_SAD_4,,ascending_neuron,,L,,,acetylcholine,acetylcholine,0.9485214798588657,1,2,2,False,False,False
3379,36609,GNG600,GNG600_R,,CB4061,,cb_intrinsic,,R,,,acetylcholine,acetylcholine,0.9096381799730933,1,2,2,False,False,False
3380,36622,CB4174,CB4174_L,,CB4174,,cb_intrinsic,,L,,,acetylcholine,acetylcholine,0.9475653524334149,1,2,2,False,False,False
3381,36642,WED033,WED033_L,,WED033,WED033,cb_intrinsic,,L,,,gaba,gaba,0.6735578333496316,-1,1,3,False,False,False
3382,36667,AN09B020,AN09B020_R,,AN_GNG_37,,ascending_neuron,,R,,,acetylcholine,acetylcholine,0.9578428286924402,1,2,2,False,False,False
3383,36691,ANXXX130,ANXXX130_R,,AN_GNG_39,,ascending_neuron,,R,,,gaba,gaba,0.8949401088257855,-1,2,2,False,False,False
3384,36772,CB4174,CB4174_R,,CB4174,,cb_intrinsic,,R,,,acetylcholine,acetylcholine,0.9545928730352063,1,2,2,False,False,False
3385,36849,AN08B074,AN08B074_R,Yu 2010: vPR1,,,ascending_neuron,,R,potentially male-specific,fru_high,acetylcholine,acetylcholine,0.879423983097942,1,3,1,False,False,False
3386,36909,AVLP062,AVLP062_R,,CB2140,AVLP062,cb_intrinsic,,R,,,glutamate,glutamate,0.8025380465215339,-1,2,2,False,False,False
3387,36925,CB0591,CB0591_L,,CB0591,,cb_intrinsic,,L,,,acetylcholine,acetylcholine,0.7225744046772189,1,1,2,False,False,False
3388,36930,AN19B001,AN19B001(24133)_R,,AN_GNG_3,,ascending_neuron,,R,,,acetylcholine,acetylcholine,0.9658062403075671,1,2,2,False,False,False
3389,37007,GNG404,GNG404_R,,CB2177,,cb_intrinsic,,R,,,glutamate,glutamate,0.8118741070596063,-1,2,2,False,False,False
3390,37045,PLP075,PLP075_R,,PLP075,PLP075,cb_intrinsic,,R,,,gaba,gaba,0.7604108224232388,-1,2,2,False,False,False
3391,37047,,,,,,cb_intrinsic,,L,,,acetylcholine,acetylcholine,0.8670243537978722,1,2,2,False,False,False
3392,37066,AN08B049,AN08B049_R,,AN_multi_99,,ascending_neuron,,R,,,acetylcholine,acetylcholine,0.9562381898290209,1,2,2,False,False,False
3393,37121,CL030,CL030_L,,CL030,CL030,cb_intrinsic,,L,,,glutamate,glutamate,0.8155428358965956,-1,2,2,False,False,False
3394,37171,GNG361,GNG361_R,,CB3412,,cb_intrinsic,,R,,,glutamate,glutamate,0.7520491035695972,-1,2,2,False,False,False
3395,37190,PLP257,PLP257(hb822351487)_R,,CB0196,(hb822351487),cb_intrinsic,,R,,,gaba,gaba,0.8429927365183443,-1,2,2,False,False,False
3396,37217,AN07B005,AN07B005_L,,"AN_GNG_43,AN_GNG_83",,ascending_neuron,,L,,,acetylcholine,acetylcholine,0.9688638728013178,1,2,2,False,False,False
3397,37222,CB0682,CB0682_L,,CB0682,,cb_intrinsic,,L,,,gaba,gaba,0.8583460423370507,-1,2,2,False,False,False
3398,37240,PLP150,PLP150_L,,PLP150,PLP150,cb_intrinsic,,L,,,acetylcholine,acetylcholine,0.9378043329132467,1,2,2,False,False,False
3399,37300,SIP115m,SIP115m_R,Cachero 2010: aSP-a; Yu 2010: aSP2,,,cb_intrinsic,,R,male-specific,fru_high,glutamate,glutamate,0.6920904186758027,-1,2,1,False,False,False
3400,37301,CB1717,CB1717_R,,CB1717,,cb_intrinsic,,R,,,acetylcholine,acetylcholine,0.963532244171851,1,2,2,False,False,False
3401,37360,CB2342,CB2342_R,,CB2342,,cb_intrinsic,,R,,,glutamate,glutamate,0.8223296171807107,-1,2,2,False,False,False
3402,37366,CL167,CL167_R,,CB2696b,CL167,cb_intrinsic,,R,,,acetylcholine,acetylcholine,0.960103128608034,1,2,2,False,False,False
3403,37433,AVLP462,AVLP462_L,,AVLP462a,AVLP462,cb_intrinsic,,L,,,gaba,gaba,0.7710283253982643,-1,2,2,False,False,False
3404,37481,AVLP486,AVLP486_R,,AVLP486,AVLP486,cb_intrinsic,,R,,,gaba,gaba,0.6823040569007808,-1,2,2,False,False,False
3405,37489,PLP109,PLP109_R,,"PLP109,PLP112",PLP109,cb_intrinsic,,R,,,acetylcholine,acetylcholine,0.9546943128558171,1,2,2,False,False,False
3406,37522,LHAV4c2,LHAV4c2_L,Cachero 2010: aSP-k; Yu 2010: aSP8,LHAV4c2,LHAV4c2,cb_intrinsic,,L,sexually dimorphic,fru_high,gaba,gaba,0.5668196560500638,-1,2,2,False,False,False
3407,37530,AN18B053,AN18B053_R,,,,ascending_neuron,,R,,,acetylcholine,acetylcholine,0.9468617026544643,1,2,2,False,False,False
3408,37553,CB3381,CB3381_R,,CB3381,,cb_intrinsic,,R,,,gaba,gaba,0.8331763941031254,-1,2,2,False,False,False
3409,37554,GNG307,GNG307_R,,CB0045,,cb_intrinsic,,R,,,acetylcholine,acetylcholine,0.9410484045039331,1,2,2,False,False,False
3410,37563,SMP033,SMP033_L,,SMP033,SMP033,cb_intrinsic,,L,,,glutamate,glutamate,0.8247977977515882,-1,2,2,False,False,False
3411,37588,LAL021,LAL021_R,,LAL021,LAL021,cb_intrinsic,,R,,,acetylcholine,acetylcholine,0.9590455635962253,1,2,2,False,False,False
3412,37589,WED031,WED031_L,,WED031a,WED031,cb_intrinsic,,L,,,gaba,gaba,0.8161158502344289,-1,1,3,False,False,False
3413,37590,SAD011,SAD011_R,,SAD011,SAD011,cb_intrinsic,,R,,,gaba,gaba,0.7271748027939657,-1,2,2,False,False,False
3414,37651,CB2633,CB2633_R,,CB2633,,cb_intrinsic,,R,,,acetylcholine,acetylcholine,0.962647801457355,1,2,2,False,False,False
3415,37864,PLP055,PLP055_R,,PLP055,PLP055,cb_intrinsic,,R,,,acetylcholine,acetylcholine,0.9395804634439763,1,2,2,False,False,False
3416,37876,AN17A003,AN17A003_R,,AN_GNG_97,,ascending_neuron,,R,,,acetylcholine,acetylcholine,0.9719004852802624,1,2,2,False,False,False
3417,37907,CL062_a2,CL062_a2_R,Cachero 2010: aIP-e; Yu 2010: aSP9; Ruta 2010: LC2,CL062_a,CL062_a,cb_intrinsic,,R,,fru_low,acetylcholine,acetylcholine,0.9237463391568683,1,3,1,False,False,False
3418,37924,,37924_R,Cachero 2010: aIP-c;Yu 2010: aIP1/aIP4/aSP10,"CB1485,CB3214,CB3405",,cb_intrinsic,,R,,fru_low,acetylcholine,acetylcholine,0.9664863926655598,1,2,2,False,False,False
3419,37942,AN08B049,AN08B049_R,,AN_multi_53,,ascending_neuron,,R,,,acetylcholine,acetylcholine,0.9610457055395754,1,2,2,False,False,False
3420,37952,AVLP757m,AVLP757m_L,Cachero 2010: pMP-f,,,cb_intrinsic,,L,male-specific,fru_high,acetylcholine,acetylcholine,0.9399496910209701,1,2,2,False,False,False
3421,37965,CB2763,CB2763_R,Cachero 2010: aSP-k; Yu 2010: aSP8,CB2763,,cb_intrinsic,,R,,fru_low,gaba,gaba,0.8213461333309627,-1,2,2,False,False,False
3422,37977,WED001,WED001_L,Cachero 2010: aSP-k; Yu 2010: aSP8,CB2364,WED001,cb_intrinsic,,L,,fru_low,gaba,gaba,0.845800839997851,-1,1,2,False,False,False
3423,38005,AN09B030,AN09B030_L,,AN_multi_31,,ascending_neuron,,L,,,glutamate,glutamate,0.8384186413378298,-1,2,2,False,False,False
3424,38007,AN05B107,AN05B107_L,,AN_multi_85,,ascending_neuron,,L,,,acetylcholine,acetylcholine,0.9577270041664956,1,2,2,False,False,False
3425,38037,PLP018,PLP018_L,,PLP018,PLP018,cb_intrinsic,,L,,,gaba,gaba,0.8706881939318624,-1,2,2,False,False,False
3426,38045,CB4173,CB4173_L,,CB4173,,cb_intrinsic,,L,,,acetylcholine,acetylcholine,0.9668971327166893,1,1,2,False,False,False
3427,38118,PVLP047,PVLP047_L,Cachero 2010: aIP-a,CB3483,PVLP047,cb_intrinsic,,L,,fru_high,gaba,gaba,0.8499567577460583,-1,2,2,False,False,False
3428,38160,JO-FD1,JO-FD1_L,,JO-FD1,,cb_sensory,mechanosensory,,,,acetylcholine,acetylcholine,0.9404601608394232,1,2,2,False,False,False
3429,38180,CB3576,CB3576_L,,CB3576,AVLP233,cb_intrinsic,,L,,,acetylcholine,acetylcholine,0.9104999078764081,1,2,2,False,False,False
3430,38190,CB3758,CB3758_R,,CB3758,,cb_intrinsic,,R,,,glutamate,glutamate,0.7919683169679023,-1,2,2,False,False,False
3431,38194,IPS001,IPS001_L,Cachero 2010: pSG-a,"CB1438,CB1496,CB2949",,cb_intrinsic,,L,,fru_low,gaba,gaba,0.8323002972936132,-1,1,3,False,False,False
3432,38228,SMP093,SMP093_L,,SMP093,SMP093,cb_intrinsic,,L,,,glutamate,glutamate,0.8551935873164944,-1,3,1,False,False,False
3433,38336,AVLP385,AVLP385_L,,CB3366,AVLP385,cb_intrinsic,,L,,,acetylcholine,acetylcholine,0.9400033202727706,1,2,2,False,False,False
3434,38415,AN08B099_f,AN08B099_f_L,,AN_GNG_182,,ascending_neuron,,L,,,acetylcholine,acetylcholine,0.9708461629009283,1,2,2,False,False,False
3435,38423,CB2940,CB2940_L,,CB2940,,cb_intrinsic,,L,,,acetylcholine,acetylcholine,0.9566599027047427,1,2,2,False,False,False
3436,38454,AVLP462,AVLP462_L,,AVLP462b,AVLP462,cb_intrinsic,,L,,,gaba,gaba,0.7430543947099043,-1,2,2,False,False,False
3437,38465,DNge089,DNge089_L,,DNge089,,descending_neuron,,L,,fru_high,acetylcholine,acetylcholine,0.9597640763684727,1,2,2,False,False,False
3438,38468,PVLP047,PVLP047_L,Cachero 2010: aIP-a,CB3549,PVLP047,cb_intrinsic,,L,,fru_high,gaba,gaba,0.8594174477155269,-1,2,2,False,False,False
3439,38524,CL128_a,CL128_a_R,,CL128b,CL128,cb_intrinsic,,R,,,gaba,gaba,0.8122990843099576,-1,2,2,False,False,False
3440,38552,CB3503,CB3503_R,,CB3503,,cb_intrinsic,,R,,,acetylcholine,acetylcholine,0.8349745950831744,1,2,2,False,False,False
3441,38593,AMMC019,AMMC019_R,,CB0979b,,cb_intrinsic,,R,,,gaba,gaba,0.8081135089896103,-1,2,2,False,False,False
3442,38685,AN08B034,AN08B034_c_R,,AN_AVLP_SAD_1,,ascending_neuron,,R,,,acetylcholine,acetylcholine,0.9504514940440156,1,2,2,False,False,False
3443,38737,AVLP486,AVLP486_L,,AVLP486,AVLP486,cb_intrinsic,,L,,,gaba,gaba,0.5972536928767557,-1,2,2,False,False,False
3444,38743,mAL_m2a,mAL_m2a_R,Cachero 2010: aDT-b; Yu 2010: aDT2,,,cb_intrinsic,,R,male-specific,fru_high,unclear,unclear,0.483931179169296,0,2,2,False,False,False
3445,38876,SAD009,SAD009_L,,SAD009,SAD009,cb_intrinsic,,L,,,acetylcholine,acetylcholine,0.9187190317177887,1,2,2,False,False,False
3446,38926,ANXXX130,ANXXX130_L,,AN_GNG_39,,ascending_neuron,,L,,,gaba,gaba,0.8842183888370166,-1,2,2,False,False,False
3447,38984,PLP099,PLP099_L,,PLP099,PLP099,cb_intrinsic,,L,,,acetylcholine,acetylcholine,0.9497666747238854,1,2,2,False,False,False
3448,39026,AN05B046,AN05B046_L,,AN_GNG_152,,ascending_neuron,,L,,,gaba,gaba,0.8358124427407199,-1,2,2,False,False,False
3449,39100,GNG612,GNG612_R,,CB2115,,cb_intrinsic,,R,,,acetylcholine,acetylcholine,0.9226734745006057,1,2,2,False,False,False
3450,39115,AN08B084,AN08B084_L,,,,ascending_neuron,,L,potentially male-specific,,acetylcholine,acetylcholine,0.539109116800422,1,2,1,False,False,False
3451,39333,SIP143m,SIP143m_L,Cachero 2010: aSP-a; Yu 2010: aSP2,,,cb_intrinsic,,L,male-specific,fru_high,glutamate,glutamate,0.7641653484717342,-1,2,1,False,False,False
3452,39382,SAD043,SAD043_L,,SAD043,SAD043,cb_intrinsic,,L,,,gaba,gaba,0.8689852754151255,-1,2,2,False,False,False
3453,39461,CB2431,CB2431_L,,CB2431,,cb_intrinsic,,L,,,gaba,gaba,0.7725390290910339,-1,2,2,False,False,False
3454,39537,ANXXX254,ANXXX254_R,,AN_FLA_GNG_2,,ascending_neuron,,R,,,acetylcholine,acetylcholine,0.9259794297539701,1,3,1,False,False,False
3455,39580,AN08B053,AN08B053_L,,AN_multi_102,,ascending_neuron,,L,,,acetylcholine,acetylcholine,0.8216181785153944,1,2,2,False,False,False
3456,39679,CB2996,CB2996_R,,CB2996,,cb_intrinsic,,R,,,glutamate,glutamate,0.8259969574092574,-1,2,2,False,False,False
3457,39739,CL283_c,CL283_c_L,,CL283c,CL283,cb_intrinsic,,L,,,glutamate,glutamate,0.7991823608121749,-1,2,2,False,False,False
3458,39757,AVLP527,AVLP527_R,,"CB3487,CB3535",AVLP527,cb_intrinsic,,R,,,acetylcholine,acetylcholine,0.8990224515686096,1,3,1,False,False,False
3459,39794,ANXXX084,ANXXX084_R,,,,ascending_neuron,,R,potentially sexually dimorphic,,acetylcholine,acetylcholine,0.9535600479529864,1,2,2,False,False,False
3460,39815,AMMC016,AMMC016_L,,CB2313,,cb_intrinsic,,L,,,acetylcholine,acetylcholine,0.9423678502851973,1,2,2,False,False,False
3461,39871,AVLP309,AVLP309_L,,AVLP309b,AVLP309,cb_intrinsic,,L,,,acetylcholine,acetylcholine,0.9230696248990506,1,2,2,False,False,False
3462,39899,CB2763,CB2763_R,Cachero 2010: aSP-k; Yu 2010: aSP8,CB2763,,cb_intrinsic,,R,,fru_low,gaba,gaba,0.8336476822145518,-1,2,2,False,False,False
3463,40088,,,,"CB3377,CB3234",,cb_intrinsic,,R,,,acetylcholine,acetylcholine,0.9479420519376336,1,2,2,False,False,False
3464,40146,WED032,WED032_L,,WED032,WED032,cb_intrinsic,,L,,,gaba,gaba,0.7197455819480985,-1,1,3,False,False,False
3465,40205,CB1964,CB1964_L,,CB1964,,cb_intrinsic,,L,,,acetylcholine,acetylcholine,0.9722577606222567,1,2,2,False,False,False
3466,40218,AN06B039,AN06B039_R,,AN_GNG_VES_3,,ascending_neuron,,R,,,gaba,gaba,0.8575577928851855,-1,2,2,False,False,False
3467,40228,AOTU062,AOTU062_L,Cachero 2010: pIP-e; Yu 2010: pIP5,AOTU062,AOTU062,cb_intrinsic,,L,sexually dimorphic,fru_low,gaba,gaba,0.8161024321540647,-1,2,2,False,False,False
3468,40232,PLP150,PLP150_R,,PLP150,PLP150,cb_intrinsic,,R,,,acetylcholine,acetylcholine,0.9199028430557564,1,2,2,False,False,False
3469,40302,AN07B024,AN07B024_R,,AN_multi_37,,ascending_neuron,,R,,,acetylcholine,acetylcholine,0.9716422114068103,1,2,2,False,False,False
3470,40365,PVLP082,PVLP082_L,,PVLP082a,PVLP082,cb_intrinsic,,L,,,gaba,gaba,0.8078554436878719,-1,2,2,False,False,False
3471,40398,CB4094,CB4094_L,,CB4094,,cb_intrinsic,,L,,,acetylcholine,acetylcholine,0.9551775556574251,1,1,3,False,False,False
3472,40466,PVLP033,PVLP033_L,,PVLP033,PVLP033,cb_intrinsic,,L,,,gaba,gaba,0.7334287664004777,-1,2,2,False,False,False
3473,40546,AVLP156,AVLP156_L,,AVLP156,AVLP156,cb_intrinsic,,L,,,acetylcholine,acetylcholine,0.9076797857856672,1,2,2,False,False,False
3474,40608,SMP491,SMP491_R,,"CL228,SMP491",SMP491,cb_intrinsic,,R,,,acetylcholine,acetylcholine,0.9021727942430358,1,2,2,False,False,False
3475,40660,WED201,WED201_L,,CB1439,,cb_intrinsic,,L,,,gaba,gaba,0.8271146334849719,-1,2,2,False,False,False
3476,40665,CB1523,CB1523_L,,CB1523,,cb_intrinsic,,L,,,glutamate,glutamate,0.7705655165274409,-1,2,2,False,False,False
3477,40701,DNg12_b,DNg12_b_L,,DNg12_b,,descending_neuron,,L,,,acetylcholine,acetylcholine,0.936272153501922,1,2,2,False,False,False
3478,40806,CB1523,CB1523_R,,CB1523,,cb_intrinsic,,R,,,glutamate,glutamate,0.8208006175555246,-1,2,2,False,False,False
3479,40877,ANXXX005,ANXXX005_L,,ANXXX005,,ascending_neuron,,L,,,unclear,unclear,0.4771431249062828,0,2,2,False,False,False
3480,40893,ANXXX254,ANXXX254_L,,AN_FLA_GNG_2,,ascending_neuron,,L,,,acetylcholine,acetylcholine,0.9404536215680562,1,3,1,False,False,False
3481,40912,CB1911,CB1911_L,,CB1911,,cb_intrinsic,,L,,,glutamate,glutamate,0.8384112046264441,-1,2,2,False,False,False
3482,40955,CB3381,CB3381_L,,CB3381,,cb_intrinsic,,L,,,gaba,gaba,0.8527351138718107,-1,2,2,False,False,False
3483,41007,AN23B026,AN23B026_L,,,,ascending_neuron,,L,,,acetylcholine,acetylcholine,0.9236225863641889,1,2,2,False,False,False
3484,41039,AN08B099_i,AN08B099_i_L,,AN_GNG_182,,ascending_neuron,,L,,,acetylcholine,acetylcholine,0.9660764206084814,1,2,2,False,False,False
3485,41041,AVLP486,AVLP486_L,,AVLP486,AVLP486,cb_intrinsic,,L,,,gaba,gaba,0.6690625113190307,-1,2,2,False,False,False
3486,41101,AN07B005,AN07B005_R,,"AN_GNG_43,AN_GNG_83",,ascending_neuron,,R,,,acetylcholine,acetylcholine,0.9700833684771302,1,2,2,False,False,False
3487,41114,AN08B015,AN08B015_L,,,,ascending_neuron,,L,,,acetylcholine,acetylcholine,0.9715614370711287,1,2,2,False,False,False
3488,41144,CB0477,CB0477_R,,CB0477,,cb_intrinsic,,R,,,acetylcholine,acetylcholine,0.9243558871894182,1,2,2,False,False,False
3489,41184,AN09B013,AN09B013_L,,AN_multi_91,,ascending_neuron,,L,,,acetylcholine,acetylcholine,0.952122668467255,1,2,2,False,False,False
3490,41197,CB2710,CB2710_L,,CB2710,,cb_intrinsic,,L,,,acetylcholine,acetylcholine,0.9161012539482161,1,1,3,False,False,False
3491,41207,PLP106,PLP106_R,,PLP106,PLP106,cb_intrinsic,,R,,,acetylcholine,acetylcholine,0.9695749233416825,1,2,2,False,False,False
3492,41268,,,,,,ascending_neuron,,L,,,acetylcholine,acetylcholine,0.9696976444936274,1,2,2,False,False,False
3493,41288,aIPg7,aIPg7_L,Cachero 2010: aIP-g; Yu 2010: pIP6,"CB1618,CB3330",SMP574,cb_intrinsic,,L,sexually dimorphic,fru_high,acetylcholine,acetylcholine,0.9443963509741727,1,3,1,False,False,False
3494,41363,SIP146m,SIP146m_L,Cachero 2010: aSP-a; Yu 2010: aSP2,,,cb_intrinsic,,L,male-specific,fru_high,glutamate,glutamate,0.778529420143987,-1,2,2,False,False,False
3495,41366,WED001,WED001_L,Cachero 2010: aSP-k; Yu 2010: aSP8,CB2364,WED001,cb_intrinsic,,L,,fru_low,gaba,gaba,0.8400081198492577,-1,1,2,False,False,False
3496,41414,AN08B066,AN08B066_L,,AN_multi_54,,ascending_neuron,,L,,,acetylcholine,acetylcholine,0.7972137663883395,1,2,2,False,False,False
3497,41460,PLP158,PLP158_R,,PLP158,PLP158,cb_intrinsic,,R,,,gaba,gaba,0.6767806131671512,-1,2,2,False,False,False
3498,41481,SAD200m,SAD200m_L,Cachero 2010: aDT-g; Yu 2010: aDT5,,,cb_intrinsic,,L,male-specific,fru_high,gaba,gaba,0.8123534482618466,-1,2,2,False,False,False
3499,41518,pC1_8c,pC1_8c_R,"Lee 2002, Rideout 2010, Nojima 2021: pC1",,,cb_intrinsic,,R,male-specific,dsx_high,acetylcholine,acetylcholine,0.9534762101276331,1,2,2,False,True,False
3500,41594,AN05B096,AN05B096_L,,AN_GNG_SAD_20,,ascending_neuron,,L,,,acetylcholine,acetylcholine,0.5655321830655183,1,2,2,False,False,False
3501,41598,ANXXX084,ANXXX084_R,,,,ascending_neuron,,R,potentially sexually dimorphic,,acetylcholine,acetylcholine,0.9533285168458309,1,2,2,False,False,False
3502,41612,CB1638,CB1638_R,,CB1638,,cb_intrinsic,,R,,,acetylcholine,acetylcholine,0.969203018619396,1,2,2,False,False,False
3503,41614,AVLP279,AVLP279_L,,CB1738,AVLP279,cb_intrinsic,,L,,,acetylcholine,acetylcholine,0.8763151466531585,1,2,2,False,False,False
3504,41615,CL120,CL120_R,Cachero 2010: aDT-g; Yu 2010: aDT5,CL120b,CL120,cb_intrinsic,,R,,fru_high,gaba,gaba,0.7869986283382289,-1,3,1,False,False,False
3505,41628,AVLP560,AVLP560_L,,AVLP560,AVLP560,cb_intrinsic,,L,,,acetylcholine,gaba,0.7261236347155282,1,2,2,False,False,False
3506,41642,WED015,WED015_R,,WED015a,WED015,cb_intrinsic,,R,,,gaba,gaba,0.7803687086350394,-1,2,2,False,False,False
3507,41681,AN08B074,AN08B074_L,Yu 2010: vPR1,,,ascending_neuron,,L,potentially male-specific,fru_high,acetylcholine,acetylcholine,0.768964263982657,1,3,1,False,False,False
3508,41708,CB4173,CB4173_R,,CB4173,,cb_intrinsic,,R,,,acetylcholine,acetylcholine,0.9707989701036641,1,2,2,False,False,False
3509,41746,AN08B049,AN08B049_L,,AN_multi_53,,ascending_neuron,,L,,,acetylcholine,acetylcholine,0.9429816604345362,1,2,2,False,False,False
3510,41824,AN23B026,AN23B026_R,,,,ascending_neuron,,R,,,acetylcholine,acetylcholine,0.9316450522702542,1,2,2,False,False,False
3511,41843,LH003m,LH003m_L,Cachero 2010: aSP-f; Yu 2010: aSP5; Ruta 2010: DC1,,,cb_intrinsic,,L,male-specific,fru_high,acetylcholine,acetylcholine,0.9357699536169641,1,2,2,False,False,False
3512,41913,PVLP047,PVLP047_R,Cachero 2010: aIP-a,CB3335,PVLP047,cb_intrinsic,,R,,fru_high,gaba,gaba,0.7972541379723653,-1,2,2,False,False,False
3513,41942,LC11,LC11_L,,LC11,LC11,visual_projection,,L,,,acetylcholine,acetylcholine,0.9602108090349148,1,2,2,False,False,False
3514,41961,VES052,VES052_L,,"VES051,VES052",VES052,cb_intrinsic,,L,,,glutamate,glutamate,0.8238061625515685,-1,2,2,False,False,False
3515,42053,AVLP244,AVLP244_L,,AVLP244,AVLP244,cb_intrinsic,,L,,fru_high,acetylcholine,acetylcholine,0.932496685250969,1,2,2,False,False,False
3516,42061,AMMC018,AMMC018_L,,CB0979a,,cb_intrinsic,,L,,,gaba,gaba,0.8649100383499513,-1,1,3,False,False,False
3517,42114,CB1744,CB1744_R,,CB1744,,cb_intrinsic,,R,,,acetylcholine,acetylcholine,0.6745129320567446,1,2,2,False,False,False
3518,42148,AN17A031,AN17A031_L,,AN_GNG_118,,ascending_neuron,,L,,,acetylcholine,acetylcholine,0.9650159852675009,1,2,2,False,False,False
3519,42194,CB2043,CB2043_R,,CB2043,,cb_intrinsic,,R,,,gaba,gaba,0.6451220536101456,-1,2,2,False,False,False
3520,42282,aSP10C_a,aSP10C_a_L,Cachero 2010: aIP-b,CB1382,aSP10C_a,cb_intrinsic,,L,sexually dimorphic,fru_high,acetylcholine,acetylcholine,0.9492387005000007,1,1,2,False,False,False
3521,42315,SAD047,SAD047_L,,SAD047,SAD047,cb_intrinsic,,L,,,glutamate,glutamate,0.5802407958922776,-1,2,2,False,False,False
3522,42344,VES031,VES031_L,,CB1584,VES031,cb_intrinsic,,L,,,gaba,gaba,0.7689254483649635,-1,2,2,False,False,False
3523,42428,AN05B107,AN05B107_R,,AN_multi_85,,ascending_neuron,,R,,,acetylcholine,acetylcholine,0.9526156621939031,1,2,2,False,False,False
3524,42467,AN17A003,AN17A003_L,,AN_GNG_97,,ascending_neuron,,L,,,acetylcholine,acetylcholine,0.9714762067340024,1,2,2,False,False,False
3525,42469,VES023,VES023_L,,VES023,VES023,cb_intrinsic,,L,,,gaba,gaba,0.8217803888367398,-1,2,2,False,False,False
3526,42619,JO-B1_a,JO-B1_a_L,,JO-B1_a,,cb_sensory,mechanosensory,,,,acetylcholine,acetylcholine,0.9242889674655249,1,0,3,True,False,False
3527,42668,SAD200m,SAD200m_L,Cachero 2010: aDT-g; Yu 2010: aDT5,,,cb_intrinsic,,L,male-specific,fru_high,gaba,gaba,0.7694924237745495,-1,3,1,False,False,False
3528,42681,AN06B039,AN06B039_L,,AN_GNG_VES_3,,ascending_neuron,,L,,,gaba,gaba,0.8629017130868456,-1,2,2,False,False,False
3529,42858,LHPV2e1_a,LHPV2e1_a_R,,"CB2581,CB3108,CB3273",LHPV2e1_a,cb_intrinsic,,R,,,gaba,gaba,0.6357477449762843,-1,2,2,False,False,False
3530,43153,AN09B029,AN09B029_L,,AN_AVLP_17,,ascending_neuron,,L,,,acetylcholine,acetylcholine,0.961659301029547,1,2,2,False,False,False
3531,43278,SIP116m,SIP116m_R,Cachero 2010: aSP-a; Yu 2010: aSP2,,,cb_intrinsic,,R,male-specific,fru_high,glutamate,glutamate,0.7905503272966793,-1,2,1,False,False,False
3532,43284,VES206m,VES206m_L,,,,cb_intrinsic,,L,male-specific,,acetylcholine,acetylcholine,0.9238723055439146,1,2,1,False,False,False
3533,43442,LAL056,LAL056_L,,LAL056b,LAL056,cb_intrinsic,,L,,,gaba,gaba,0.7657478001379506,-1,2,2,False,False,False
3534,43457,AVLP187,AVLP187_L,,AVLP187a,AVLP187,cb_intrinsic,,L,,,acetylcholine,acetylcholine,0.8717251405264012,1,2,2,False,False,False
3535,43476,SMP380,SMP380_L,,CB2075,,cb_intrinsic,,L,,,acetylcholine,acetylcholine,0.9386601990359268,1,2,2,False,False,False
3536,43531,PVLP113,PVLP113_L,,PVLP113,PVLP113,cb_intrinsic,,L,,fru_low,gaba,gaba,0.8035580843590292,-1,2,2,False,False,False
3537,43592,pC1_7b,pC1_7b_R,"Lee 2002, Rideout 2010, Nojima 2021: pC1; Cachero 2010: pMP-e; Yu 2010: pMP4",,,cb_intrinsic,,R,male-specific,coexpress_low,acetylcholine,acetylcholine,0.9184789957670826,1,2,1,False,True,False
3538,43903,PLP158,PLP158_R,,PLP158,PLP158,cb_intrinsic,,R,,,gaba,gaba,0.6593129406222323,-1,2,2,False,False,False
3539,43939,CB4216,CB4216_R,,CB4216,,cb_intrinsic,,R,,,acetylcholine,acetylcholine,0.8720990358265811,1,2,2,False,False,False
3540,44027,SLP122_b,SLP122_b_R,,CB0945,SLP122,cb_intrinsic,,R,,,acetylcholine,acetylcholine,0.9515531607498681,1,2,2,False,False,False
3541,44075,CB1523,CB1523_R,,CB1523,,cb_intrinsic,,R,,,glutamate,glutamate,0.793346439265944,-1,2,2,False,False,False
3542,44110,CB2763,CB2763_R,Cachero 2010: aSP-k; Yu 2010: aSP8,CB2763,,cb_intrinsic,,R,,fru_low,gaba,gaba,0.7870492158832472,-1,2,2,False,False,False
3543,44125,CB1523,CB1523_R,,CB1523,,cb_intrinsic,,R,,,glutamate,glutamate,0.7714641007211929,-1,2,2,False,False,False
3544,44236,LHPV4a1,LHPV4a1_L,,LHPV4a1,LHPV4a1,cb_intrinsic,,L,,,glutamate,glutamate,0.8015172272861254,-1,2,2,False,False,False
3545,44388,CB4102,CB4102_L,,CB4102,,cb_intrinsic,,L,,,acetylcholine,acetylcholine,0.9564951313653731,1,2,2,False,False,False
3546,44457,AVLP279,AVLP279_L,,CB1738,AVLP279,cb_intrinsic,,L,,,acetylcholine,acetylcholine,0.7033745634408003,1,2,2,False,False,False
3547,44495,ANXXX074,ANXXX074_R,,AN_multi_23,,ascending_neuron,,R,,,acetylcholine,acetylcholine,0.9615426422755506,1,3,1,False,False,False
3548,44511,AOTU061,AOTU061_R,,AOTU061,AOTU061,cb_intrinsic,,R,,fru_low,gaba,gaba,0.809044148131865,-1,3,1,False,False,False
3549,44515,pC1_14a,pC1_14a_L,"Lee 2002, Rideout 2010, Nojima 2021: pC1; Cachero 2010: pMP-e; Yu 2010: pMP4",,,cb_intrinsic,,L,potentially male-specific,coexpress_low,acetylcholine,acetylcholine,0.9024513967550718,1,2,1,False,True,False
3550,44655,CB4072,CB4072_L,,CB4072,,cb_intrinsic,,L,,,acetylcholine,acetylcholine,0.9726431550434154,1,2,2,False,False,False
3551,44667,AN05B052,AN05B052_L,,AN_AVLP_GNG_23,,ascending_neuron,,L,,,gaba,gaba,0.8306506979765763,-1,2,2,False,False,False
3552,44865,WED099,WED099_L,,WED099,WED099,cb_intrinsic,,L,,,glutamate,glutamate,0.6560357997968936,-1,1,3,False,False,False
3553,44887,AN19B032,AN19B032_R,,AN_multi_108,,ascending_neuron,,R,,,acetylcholine,acetylcholine,0.9444947361092274,1,2,2,False,False,False
3554,44894,AVLP486,AVLP486_R,,AVLP486,AVLP486,cb_intrinsic,,R,,,gaba,gaba,0.5160228987891219,-1,2,2,False,False,False
3555,44895,SAD040,SAD040_L,,SAD040,SAD040,cb_intrinsic,,L,,,acetylcholine,acetylcholine,0.7321296693156012,1,2,2,False,False,False
3556,44917,ANXXX037,ANXXX037_L,,AN_GNG_24,,ascending_neuron,,L,,,acetylcholine,acetylcholine,0.9671979982448025,1,2,2,False,False,False
3557,44960,AN08B053,AN08B053_R,,AN_multi_102,,ascending_neuron,,R,,,acetylcholine,acetylcholine,0.7755907363806783,1,2,2,False,False,False
3558,45013,CL118,CL118_L,,CL118,CL118,cb_intrinsic,,L,,,gaba,gaba,0.7512888044333322,-1,2,2,False,False,False
3559,45031,SAD007,SAD007_L,,SAD007b,SAD007,cb_intrinsic,,L,,,acetylcholine,acetylcholine,0.9573044482027093,1,2,2,False,False,False
3560,45127,GNG565,GNG565_L,,CB0163,,cb_intrinsic,,L,,,gaba,gaba,0.8574810141521417,-1,2,2,False,False,False
3561,45175,CB4116,CB4116_L,,CB4116,,cb_intrinsic,,L,,,acetylcholine,acetylcholine,0.970632292228746,1,2,2,False,False,False
3562,45311,ANXXX084,ANXXX084_L,,,,ascending_neuron,,L,potentially sexually dimorphic,,acetylcholine,acetylcholine,0.9604090526929181,1,2,2,False,False,False
3563,45473,SIP103m,SIP103m_L,Cachero 2010: aSP-a; Yu 2010: aSP2,,,cb_intrinsic,,L,male-specific,fru_high,glutamate,glutamate,0.8399670414106327,-1,2,2,False,False,False
3564,45587,CB2518,CB2518_L,,CB2518,,cb_intrinsic,,L,,,acetylcholine,acetylcholine,0.9378292913584162,1,2,2,False,False,False
3565,45633,SMP493,SMP493_R,,SMP493,SMP493,cb_intrinsic,,R,,,acetylcholine,acetylcholine,0.9460417135801783,1,2,1,False,False,False
3566,45643,SIP110m_b,SIP110m_b_L,Cachero 2010: pIP-e; Yu 2010: pIP5,,,cb_intrinsic,,L,male-specific,fru_high,acetylcholine,acetylcholine,0.9576912271076952,1,2,1,False,False,False
3567,45685,PLP106,PLP106_L,,PLP106,PLP106,cb_intrinsic,,L,,,acetylcholine,acetylcholine,0.9665898094436546,1,2,2,False,False,False
3568,45694,AMMC036,AMMC036_L,,CB0957,,cb_intrinsic,,L,,,acetylcholine,acetylcholine,0.9655803277358755,1,2,2,False,False,False
3569,45701,CB4228,CB4228_L,,CB4228,,cb_intrinsic,,L,,,acetylcholine,acetylcholine,0.9655661559933874,1,1,3,False,False,False
3570,45871,SIP146m,SIP146m_L,Cachero 2010: aSP-a; Yu 2010: aSP2,,,cb_intrinsic,,L,male-specific,fru_high,glutamate,glutamate,0.7446733991901828,-1,2,2,False,False,False
3571,45891,CB1731,CB1731_L,,CB1731,,cb_intrinsic,,L,,,acetylcholine,acetylcholine,0.9603828250249651,1,2,2,False,False,False
3572,45894,PLP160,PLP160_R,,PLP160,PLP160,cb_intrinsic,,R,,,gaba,gaba,0.6247403897536802,-1,2,2,False,False,False
3573,45918,AVLP279,AVLP279_L,,CB1738,AVLP279,cb_intrinsic,,L,,,acetylcholine,acetylcholine,0.9114624983422976,1,2,2,False,False,False
3574,45951,SIP110m_a,SIP110m_a_L,Cachero 2010: pIP-e; Yu 2010: pIP5,,,cb_intrinsic,,L,male-specific,fru_high,acetylcholine,acetylcholine,0.9563432337047882,1,2,1,False,False,False
3575,46000,AVLP009,AVLP009(aSP08)_L,Cachero 2010: aSP-k; Yu 2010: aSP8,aSP8,"aSP8,AVLP009",cb_intrinsic,,L,sexually dimorphic,fru_high,gaba,gaba,0.7701537921491936,-1,2,1,False,False,False
3576,46003,WED072,WED072_L,,WED072,WED072,cb_intrinsic,,L,,,acetylcholine,acetylcholine,0.9564480311682843,1,1,2,False,False,False
3577,46054,GNG503,GNG503_L,,CB0549,,cb_intrinsic,,L,,,acetylcholine,acetylcholine,0.94168573170334,1,2,2,False,False,False
3578,46065,CL121_a,CL121_a_R,Cachero 2010: aDT-g; Yu 2010: aDT5,CL121_a,CL121,cb_intrinsic,,R,,fru_low,gaba,gaba,0.7854333354428547,-1,2,2,False,False,False
3579,46071,JO-A2,JO-A2_L,,JO-A2,,cb_sensory,mechanosensory,,,,acetylcholine,acetylcholine,0.8740109317268354,1,0,2,True,False,False
3580,46139,PLP108,PLP108_L,,PLP108,PLP108,cb_intrinsic,,L,,,acetylcholine,acetylcholine,0.9617606824382637,1,2,2,False,False,False
3581,46221,CB1638,CB1638_R,,CB1638,,cb_intrinsic,,R,,,acetylcholine,acetylcholine,0.9623093586215432,1,2,2,False,False,False
3582,46348,AN17A014,AN17A014_L,,"AN_GNG_1,AN_GNG_87,AN_GNG_140",,ascending_neuron,,L,,,acetylcholine,acetylcholine,0.9327431300699742,1,2,2,False,False,False
3583,46359,AN05B063,AN05B063_L,,AN_GNG_121,,ascending_neuron,,L,,,gaba,gaba,0.8485646376809616,-1,2,2,False,False,False
3584,46376,AN17B002,AN17B002_L,,AN_GNG_AMMC_1,,ascending_neuron,,L,,,gaba,gaba,0.8497685802730957,-1,1,2,False,False,False
3585,46447,SIP100m,SIP100m_R,Cachero 2010: aSP-a; Yu 2010: aSP2,,,cb_intrinsic,,R,male-specific,fru_high,glutamate,glutamate,0.8164349471816387,-1,2,2,False,False,False
3586,46508,AVLP715m,AVLP715m_L,Cachero 2010: pIP-e; Yu 2010: pIP5,,,cb_intrinsic,,L,male-specific,fru_high,acetylcholine,acetylcholine,0.9375307643663549,1,2,2,False,False,False
3587,46570,pC1_14b,pC1_14b_L,"Lee 2002, Rideout 2010, Nojima 2021: pC1; Cachero 2010: pMP-e; Yu 2010: pMP4",,,cb_intrinsic,,L,potentially male-specific,coexpress_low,acetylcholine,acetylcholine,0.8450419204582633,1,2,1,False,True,False
3588,46572,CB2620,CB2620(hb1634157810)_R,,CB2620,(hb1634157810),cb_intrinsic,,R,,,gaba,gaba,0.7737509567810728,-1,2,2,False,False,False
3589,46691,PLP177,PLP177_L,,PLP177,PLP177,cb_intrinsic,,L,,,acetylcholine,acetylcholine,0.9528958095542215,1,2,2,False,False,False
3590,46866,AVLP483,AVLP483_R,,CB2260,AVLP483,cb_intrinsic,,R,,,unclear,unclear,0.4873063710184889,0,2,2,False,False,False
3591,46990,AMMC018,AMMC018_L,,CB0979a,,cb_intrinsic,,L,,,gaba,gaba,0.8477613663134407,-1,1,3,False,False,False
3592,47008,SMP482,SMP482_L,,SMP482,SMP482,cb_intrinsic,,L,,,acetylcholine,acetylcholine,0.8442934495727961,1,3,1,False,False,False
3593,47042,PVLP115,PVLP115_L,,PVLP115,PVLP115,cb_intrinsic,,L,,,acetylcholine,acetylcholine,0.9586056671131252,1,2,2,False,False,False
3594,47102,DNg12_b,DNg12_b_L,,DNg12_b,,descending_neuron,,L,,,acetylcholine,acetylcholine,0.9661909470567227,1,2,2,False,False,False
3595,47123,CB1731,CB1731_R,,CB1731,,cb_intrinsic,,R,,,acetylcholine,acetylcholine,0.9412393858494195,1,2,2,False,False,False
3596,47325,pC1_8c,pC1_8c_L,"Lee 2002, Rideout 2010, Nojima 2021: pC1",,,cb_intrinsic,,L,male-specific,dsx_high,acetylcholine,acetylcholine,0.949763299698901,1,2,2,False,True,False
3597,47468,AN05B063,AN05B063_R,,AN_GNG_121,,ascending_neuron,,R,,,gaba,gaba,0.8531213123413456,-1,2,2,False,False,False
3598,47659,AN05B096,AN05B096_L,,SA_VTV_DProN_1,,ascending_neuron,,L,,,acetylcholine,acetylcholine,0.7742916411616475,1,2,2,False,False,False
3599,47740,AVLP234,AVLP234_L,,AVLP234,AVLP234,cb_intrinsic,,L,,fru_low,acetylcholine,acetylcholine,0.9397477277718952,1,2,2,False,False,False
3600,47802,VES017,VES017_L,,VES017,VES017,cb_intrinsic,,L,,,acetylcholine,acetylcholine,0.9555619244392596,1,2,2,False,False,False
3601,47856,AMMC018,AMMC018_L,,CB0979a,,cb_intrinsic,,L,,,gaba,gaba,0.8939185313545386,-1,1,3,False,False,False
3602,47879,PS191,PS191_R,,PS191,PS191,cb_intrinsic,,R,,,glutamate,glutamate,0.8023294118012503,-1,2,2,False,False,False
3603,48125,PLP065,PLP065_L,,CB4018,PLP065,cb_intrinsic,,L,,,acetylcholine,acetylcholine,0.9642751593898095,1,2,2,False,False,False
3604,48265,GNG451,GNG451_L,,CB0988b,,cb_intrinsic,,L,,,acetylcholine,acetylcholine,0.848927252060691,1,2,2,False,False,False
3605,48344,SIP123m,SIP123m_R,Cachero 2010: aSP-a; Yu 2010: aSP2,,,cb_intrinsic,,R,male-specific,fru_high,glutamate,glutamate,0.747935092461721,-1,2,2,False,False,False
3606,48362,CB3394,CB3394_R,,CB3394,,cb_intrinsic,,R,,,gaba,gaba,0.6169193196437982,-1,2,2,False,False,False
3607,48408,DNg12_b,DNg12_b_L,,DNg12_b,,descending_neuron,,L,,,acetylcholine,acetylcholine,0.9702107583390572,1,2,2,False,False,False
3608,48445,AVLP481,AVLP481_L,,"CB1107,CB1380",AVLP481,cb_intrinsic,,L,,,gaba,gaba,0.8222591619134109,-1,2,2,False,False,False
3609,48465,AVLP225_b2,AVLP225_b2_L,,CB2574,AVLP225_b,cb_intrinsic,,L,,,acetylcholine,acetylcholine,0.9282042419971513,1,2,2,False,False,False
3610,48633,AN18B053,AN18B053_L,,,,ascending_neuron,,L,,,acetylcholine,acetylcholine,0.9634466495075097,1,2,2,False,False,False
3611,48745,CL128_a,CL128_a_L,,CL128a,CL128,cb_intrinsic,,L,,,gaba,gaba,0.7914420068781975,-1,2,2,False,False,False
3612,48754,PLP124,PLP124_L,,PLP124,PLP124,cb_intrinsic,,L,,,acetylcholine,acetylcholine,0.86271029930596,1,2,2,False,False,False
3613,48763,CL308,CL308_L,,CL308,CL308,cb_intrinsic,,L,,,acetylcholine,acetylcholine,0.9467031643532217,1,2,2,False,False,False
3614,48849,SAD011,SAD011_R,,"SAD011,SAD019","SAD011,SAD019",cb_intrinsic,,R,,,gaba,gaba,0.7669325974552357,-1,2,2,False,False,False
3615,48850,SAD047,SAD047_L,,SAD047,SAD047,cb_intrinsic,,L,,,glutamate,glutamate,0.6409073659220207,-1,2,2,False,False,False
3616,49010,ICL006m,ICL006m_R,Cachero 2010: aSP-b; Yu 2010: aSP1,,,cb_intrinsic,,R,male-specific,fru_high,glutamate,glutamate,0.8036772469223838,-1,3,1,False,False,False
3617,49086,AVLP481,AVLP481_R,,"CB1107,CB1380",AVLP481,cb_intrinsic,,R,,,gaba,gaba,0.7887393190866167,-1,2,2,False,False,False
3618,49164,AN08B023,AN08B023_L,,AN_GNG_SAD_34,,ascending_neuron,,L,,,acetylcholine,acetylcholine,0.9532924167367359,1,2,2,False,False,False
3619,49464,AVLP742m,AVLP742m_L,,,,cb_intrinsic,,L,male-specific,,acetylcholine,acetylcholine,0.9500849672304441,1,2,2,False,False,False
3620,49539,LC18,LC18_L,,LC18,LC18,visual_projection,,L,,,acetylcholine,acetylcholine,0.9506569362894577,1,2,2,False,False,False
3621,49573,WED164,WED164_L,,WED164b,WED164,cb_intrinsic,,L,,,acetylcholine,acetylcholine,0.9465475646479821,1,1,3,False,False,False
3622,49693,AVLP545,AVLP545_L,,AVLP547a,AVLP545,cb_intrinsic,,L,,,glutamate,glutamate,0.6448607378352745,-1,2,2,False,False,False
3623,49925,SAD021_a,SAD021_a_L,,SAD021_a,SAD021_a,cb_intrinsic,,L,,,gaba,gaba,0.7879892352716765,-1,2,2,False,False,False
3624,50028,AN08B023,AN08B023_L,,AN_GNG_SAD_34,,ascending_neuron,,L,,,acetylcholine,acetylcholine,0.9556551270952531,1,2,2,False,False,False
3625,50132,GNG331,GNG331_R,,CB4061,,cb_intrinsic,,R,,,acetylcholine,acetylcholine,0.9383450358474732,1,2,2,False,False,False
3626,50620,SIP147m,SIP147m_R,Cachero 2010: aSP-a; Yu 2010: aSP2,,,cb_intrinsic,,R,male-specific,fru_high,glutamate,glutamate,0.8040323601643329,-1,2,2,False,False,False
3627,50692,AVLP277,AVLP277_L,,CB2633,AVLP277,cb_intrinsic,,L,,,acetylcholine,acetylcholine,0.9714830913617291,1,2,2,False,False,False
3628,50845,CB2501,CB2501_L,,CB2501,,cb_intrinsic,,L,,,acetylcholine,acetylcholine,0.967562876797616,1,1,3,False,False,False
3629,50858,CL054,CL054_L,,"CB0719,CB2276",CL054,cb_intrinsic,,L,,,gaba,gaba,0.7839704477362952,-1,2,2,False,False,False
3630,50939,CB1908,CB1908_L,,CB1908,,cb_intrinsic,,L,,,acetylcholine,acetylcholine,0.9610506541150756,1,2,2,False,False,False
3631,50960,AVLP727m,AVLP727m_L,Cachero 2010: aSP-g; Yu 2010: aSP6; Asahina 2014: TK-FruM,,,cb_intrinsic,,L,male-specific,fru_high,acetylcholine,acetylcholine,0.9404758510912943,1,2,2,False,False,False
3632,51057,AN23B002,AN23B002_R,,AN_GNG_202,,ascending_neuron,,R,,,acetylcholine,acetylcholine,0.9688881687134205,1,2,2,False,False,False
3633,51096,FLA001m,FLA001m_R,,,,cb_intrinsic,,R,male-specific,,acetylcholine,acetylcholine,0.8914193032447966,1,2,1,False,False,False
3634,51160,AVLP306,AVLP306_L,Cachero 2010: aIP-b,AVLP306,AVLP306,cb_intrinsic,,L,,fru_low,acetylcholine,acetylcholine,0.9642060101721672,1,2,2,False,False,False
3635,51184,SIP048,SIP048_L,,SIP048,SIP048,cb_intrinsic,,L,,,acetylcholine,acetylcholine,0.9024191126138797,1,2,2,False,False,False
3636,51280,PVLP033,PVLP033_R,,PVLP033,PVLP033,cb_intrinsic,,R,,,gaba,gaba,0.6375592483365194,-1,2,2,False,False,False
3637,51290,AN05B078,AN05B078_L,,AN_AVLP_GNG_7,,ascending_neuron,,L,,,gaba,gaba,0.8304897661559238,-1,2,2,False,False,False
3638,51328,SAD009,SAD009_R,,SAD009,SAD009,cb_intrinsic,,R,,,acetylcholine,acetylcholine,0.9190684474706752,1,2,2,False,False,False
3639,51494,AN08B081,AN08B081_L,,AN_GNG_182,,ascending_neuron,,L,potentially sexually dimorphic,,acetylcholine,acetylcholine,0.9691924658546667,1,2,2,False,False,False
3640,51525,VES024_a,VES024_a_L,Cachero 2010: aDT-g; Yu 2010: aDT5,VES024a,VES024,cb_intrinsic,,L,,fru_low,gaba,gaba,0.7182808351411364,-1,3,1,False,False,False
3641,51639,SAD001,SAD001_L,,CB4177,SAD001,cb_intrinsic,,L,,,acetylcholine,acetylcholine,0.8739349543958074,1,1,3,False,False,False
3642,51818,AVLP748m,AVLP748m_L,Cachero 2010: aIP-b,,,cb_intrinsic,,L,potentially male-specific,fru_high,acetylcholine,acetylcholine,0.9412805032528511,1,2,2,False,False,False
3643,52029,CB3690,CB3690_L,,CB3690,,cb_intrinsic,,L,,,acetylcholine,acetylcholine,0.9595002443482533,1,2,2,False,False,False
3644,52044,CB2674,CB2674_L,,CB2674,,cb_intrinsic,,L,,,acetylcholine,acetylcholine,0.8933281776112595,1,2,2,False,False,False
3645,52045,AVLP566,AVLP566_L,,AVLP566,AVLP566,cb_intrinsic,,L,,,acetylcholine,acetylcholine,0.940350541920481,1,2,2,False,False,False
3646,52052,AVLP225_b2,AVLP225_b2_R,,CB2574,AVLP225_b,cb_intrinsic,,R,,,acetylcholine,acetylcholine,0.9548624683950201,1,2,2,False,False,False
3647,52104,AN09B023,AN09B023_L,,,,ascending_neuron,,L,,,acetylcholine,acetylcholine,0.9491165637605786,1,2,2,False,False,False
3648,52143,mAL_m3c,mAL_m3c_R,Cachero 2010: aDT-b; Yu 2010: aDT2,,,cb_intrinsic,,R,male-specific,fru_high,gaba,gaba,0.5927469370917855,-1,2,2,False,False,False
3649,52388,CB4216,CB4216_L,,CB4216,,cb_intrinsic,,L,,,acetylcholine,acetylcholine,0.9256393630604748,1,2,2,False,False,False
3650,52417,SAD006,SAD006_L,,SAD007d,SAD006,cb_intrinsic,,L,,,acetylcholine,acetylcholine,0.9574677999505551,1,2,2,False,False,False
3651,52438,VES024_b,VES024_b_R,Cachero 2010: aDT-g; Yu 2010: aDT5,VES024b,VES024,cb_intrinsic,,R,,fru_low,gaba,gaba,0.6108239346589783,-1,3,1,False,False,False
3652,52441,AVLP161,AVLP161_L,,AVLP161,AVLP161,cb_intrinsic,,L,,,acetylcholine,acetylcholine,0.8213458092792975,1,2,2,False,False,False
3653,52455,GNG492,GNG492_L,,CB0612,,cb_intrinsic,,L,,,gaba,gaba,0.8720649667861776,-1,1,2,False,False,False
3654,52478,AMMC036,AMMC036_R,,CB0957,,cb_intrinsic,,R,,,acetylcholine,acetylcholine,0.9527346023951918,1,2,2,False,False,False
3655,52543,AN08B081,AN08B081_R,,AN_GNG_182,,ascending_neuron,,R,potentially sexually dimorphic,,acetylcholine,acetylcholine,0.9640066783130729,1,2,2,False,False,False
3656,52665,AN12B008,AN12B008_L,,AN_GNG_155,,ascending_neuron,,L,,,gaba,gaba,0.8944530614936766,-1,2,2,False,False,False
3657,52703,CL099,CL099_L,,CL099,CL099,cb_intrinsic,,L,,,acetylcholine,acetylcholine,0.943059461938702,1,2,2,False,False,False
3658,52716,,,,,,cb_intrinsic,,L,,,acetylcholine,acetylcholine,0.9602672726364658,1,2,2,False,False,False
3659,52847,CB0956,CB0956_R,,CB0956,,cb_intrinsic,,R,,,acetylcholine,acetylcholine,0.9446649530855249,1,2,2,False,False,False
3660,52931,AMMC019,AMMC019_L,,CB0979b,,cb_intrinsic,,L,,,gaba,gaba,0.8592500294657704,-1,1,3,False,False,False
3661,52991,WED166_d,WED166_d_L,,"WED166_c,WED027","WED166_c,WED027",cb_intrinsic,,L,,,acetylcholine,acetylcholine,0.9720779590950054,1,2,2,False,False,False
3662,52997,AVLP180,AVLP180_L,,AVLP180,AVLP180,cb_intrinsic,,L,,,acetylcholine,acetylcholine,0.9433268506363662,1,2,2,False,False,False
3663,53325,PVLP007,PVLP007_L,,PVLP007,PVLP007,cb_intrinsic,,L,,,glutamate,glutamate,0.6006758408278579,-1,2,2,False,False,False
3664,53355,pC1_7a,pC1_7a_L,"Lee 2002, Rideout 2010, Nojima 2021: pC1; Cachero 2010: pMP-e; Yu 2010: pMP4",,,cb_intrinsic,,L,male-specific,coexpress_low,acetylcholine,acetylcholine,0.9647334704503351,1,2,1,False,True,False
3665,53372,SMP721m,SMP721m_R,Wang 2020a: pMP1; Rideout 2010: pC3; Zhou 2014: pCd; Nojima 2021: pCd-1; Allen 2025: pMP-z,,,cb_intrinsic,,R,potentially male-specific,coexpress_high,acetylcholine,acetylcholine,0.8951720349263431,1,3,1,False,False,False
3666,53581,AN09B021,AN09B021_L,,AN_GNG_AVLP_2,,ascending_neuron,,L,,,glutamate,glutamate,0.8313805183578495,-1,2,2,False,False,False
3667,53582,SApp04,SApp04_L,,,,sensory_ascending,mechanosensory_proprioceptive,,,,acetylcholine,acetylcholine,0.9747326673375373,1,2,2,False,False,False
3668,53584,CB4174,CB4174_R,,CB4174,,cb_intrinsic,,R,,,acetylcholine,acetylcholine,0.9747326673375373,1,2,2,False,False,False
3669,53727,CB4228,CB4228_L,,CB4228,,cb_intrinsic,,L,,,acetylcholine,acetylcholine,0.9561364912135201,1,1,3,False,False,False
3670,53750,WED014,WED014_L,,WED014,WED014,cb_intrinsic,,L,sexually dimorphic,,gaba,gaba,0.6704378798220754,-1,2,1,False,False,False
3671,53870,AVLP147,AVLP147_R,,AVLP147,AVLP147,cb_intrinsic,,R,,,acetylcholine,acetylcholine,0.6260262907241562,1,2,2,False,False,False
3672,53874,CB3316,CB3316_R,,CB3316,,cb_intrinsic,,R,,,acetylcholine,acetylcholine,0.9411099075842437,1,2,2,False,False,False
3673,53936,PLP081,PLP081_L,,PLP081,PLP081,cb_intrinsic,,L,,,glutamate,glutamate,0.7103267420203847,-1,2,2,False,False,False
3674,53967,SAD200m,SAD200m_R,Cachero 2010: aDT-g; Yu 2010: aDT5,,,cb_intrinsic,,R,male-specific,fru_high,gaba,gaba,0.8020569641224107,-1,2,2,False,False,False
3675,54078,JO-A2,JO-A2_L,,JO-A2,,cb_sensory,mechanosensory,,,,acetylcholine,acetylcholine,0.9229039597312646,1,0,3,True,False,False
3676,54507,AVLP486,AVLP486_L,,AVLP486,AVLP486,cb_intrinsic,,L,,,gaba,gaba,0.6907190116637529,-1,2,2,False,False,False
3677,54533,PLP245,PLP245_L,,PLP245,PLP245,cb_intrinsic,,L,,,acetylcholine,acetylcholine,0.9652587333657245,1,2,2,False,False,False
3678,55013,IB095,IB095_R,,IB095,IB095,cb_intrinsic,,R,,,glutamate,glutamate,0.8401268474889587,-1,2,2,False,False,False
3679,55103,AVLP225_b3,AVLP225_b3_L,,CB1573,AVLP225_b,cb_intrinsic,,L,,,acetylcholine,acetylcholine,0.8914589122438084,1,2,2,False,False,False
3680,55302,PLP160,PLP160_R,,PLP160,PLP160,cb_intrinsic,,R,,,gaba,gaba,0.7579203502687241,-1,2,2,False,False,False
3681,55385,LAL059,LAL059_L,Cachero 2010: aIP-h,LAL059a,LAL059,cb_intrinsic,,L,,fru_high,gaba,gaba,0.7259026213097097,-1,2,2,False,False,False
3682,55403,,29356_R,,"CB2618,CB3317",,cb_intrinsic,,R,,,acetylcholine,acetylcholine,0.9675478440252857,1,2,2,False,False,False
3683,55705,CB2633,CB2633_R,,CB2633,,cb_intrinsic,,R,,,acetylcholine,acetylcholine,0.9680818870923502,1,2,2,False,False,False
3684,55748,CL275,CL275_L,,CB3263,CL275,cb_intrinsic,,L,,,acetylcholine,acetylcholine,0.9593710354518984,1,2,2,False,False,False
3685,55785,SIP142m,SIP142m_L,Cachero 2010: aSP-a; Yu 2010: aSP2,,,cb_intrinsic,,L,male-specific,fru_high,glutamate,glutamate,0.8486355185772694,-1,2,1,False,False,False
3686,55985,"SApp11,SApp18","SApp11,SApp18_L",,,,sensory_ascending,mechanosensory_proprioceptive,,,,acetylcholine,acetylcholine,0.9660029974388319,1,2,2,False,False,False
3687,55986,pC1_14a,pC1_14a_L,"Lee 2002, Rideout 2010, Nojima 2021: pC1; Cachero 2010: pMP-e; Yu 2010: pMP4",,,cb_intrinsic,,L,potentially male-specific,coexpress_low,acetylcholine,acetylcholine,0.9424713184938694,1,3,1,False,True,False
3688,56087,JO-B1_c,JO-B1_c_L,,JO-B1_c,,cb_sensory,mechanosensory,,,,acetylcholine,acetylcholine,0.9338203962656387,1,0,3,True,False,False
3689,56264,SAD047,SAD047_L,,SAD047,SAD047,cb_intrinsic,,L,,,glutamate,glutamate,0.563702667901269,-1,2,2,False,False,False
3690,56385,AN05B050_c,AN05B050_c_L,,AN_AVLP_GNG_13,,ascending_neuron,,L,,,gaba,gaba,0.849086338530609,-1,2,2,False,False,False
3691,56441,CB2006,CB2006_L,,CB2006,,cb_intrinsic,,L,,,acetylcholine,acetylcholine,0.9173070420345545,1,2,2,False,False,False
3692,56590,SIP113m,SIP113m_L,Cachero 2010: aSP-a; Yu 2010: aSP2,,,cb_intrinsic,,L,male-specific,fru_high,glutamate,glutamate,0.8124735830099977,-1,2,1,False,False,False
3693,56906,AN09B023,AN09B023_R,,,,ascending_neuron,,R,,,acetylcholine,acetylcholine,0.9634920429356236,1,2,2,False,False,False
3694,57240,SMP702m,SMP702m_R,,,,cb_intrinsic,,R,male-specific,,glutamate,glutamate,0.6956384969032631,-1,3,1,False,False,False
3695,57245,AN08B098,AN08B098_R,,AN_GNG_187,,ascending_neuron,,R,,,acetylcholine,acetylcholine,0.9563548624456685,1,2,2,False,False,False
3696,57335,INXXX063,INXXX063_L,,,,ascending_neuron,,L,,,gaba,gaba,0.8891465466732015,-1,2,2,False,False,False
3697,57554,CB2491,CB2491_L,,CB2491,,cb_intrinsic,,L,,,acetylcholine,acetylcholine,0.9567973591641832,1,2,2,False,False,False
3698,57559,CB2936,CB2936_L,,CB2936,,cb_intrinsic,,L,,fru_high,gaba,gaba,0.6182184878817786,-1,2,2,False,False,False
3699,57752,VES206m,VES206m_L,,,,cb_intrinsic,,L,male-specific,,acetylcholine,acetylcholine,0.9545426385875967,1,2,2,False,False,False
3700,57956,LHAV4c2,LHAV4c2_L,Cachero 2010: aSP-k; Yu 2010: aSP8,LHAV4c2,LHAV4c2,cb_intrinsic,,L,sexually dimorphic,fru_high,gaba,gaba,0.6718118594053608,-1,2,1,False,False,False
3701,58021,CL151,CL151_R,,CL151,CL151,cb_intrinsic,,R,,,acetylcholine,acetylcholine,0.9508852416799276,1,2,2,False,False,False
3702,58078,AVLP107,AVLP107_L,,AVLP107,AVLP107,cb_intrinsic,,L,,,acetylcholine,acetylcholine,0.9620578869095269,1,2,2,False,False,False
3703,58156,AN01A049,AN01A049_L,,AN_GNG_SAD_7,,ascending_neuron,,L,,,acetylcholine,unclear,0.48190066512434937,1,2,2,False,False,False
3704,58186,SIP141m,SIP141m_L,Cachero 2010: aSP-a; Yu 2010: aSP2,,,cb_intrinsic,,L,male-specific,fru_high,glutamate,glutamate,0.7030350659876998,-1,2,1,False,False,False
3705,58245,AVLP045,AVLP045_L,,AVLP045,AVLP045,cb_intrinsic,,L,,,acetylcholine,acetylcholine,0.9433056374119577,1,2,2,False,False,False
3706,58456,WED015,WED015_L,,WED015b,WED015,cb_intrinsic,,L,,,gaba,gaba,0.8466957649278047,-1,2,2,False,False,False
3707,58657,CB2431,CB2431_R,,CB2431,,cb_intrinsic,,R,,,gaba,gaba,0.6689403593561795,-1,1,2,False,False,False
3708,58708,WEDPN6B,WEDPN6B_L,,CB3943,WEDPN6B,cb_intrinsic,,L,,,gaba,gaba,0.5731645193814989,-1,2,2,False,False,False
3709,58772,AN08B099_j,AN08B099_j_R,,AN_GNG_159,,ascending_neuron,,R,,,acetylcholine,acetylcholine,0.9747326673375373,1,2,2,False,False,False
3710,58847,CB4072,CB4072_R,,CB4072,,cb_intrinsic,,R,,,acetylcholine,acetylcholine,0.9514533279287178,1,2,2,False,False,False
3711,58999,PLP067,PLP067_L,,PLP067b,PLP067,cb_intrinsic,,L,,,acetylcholine,acetylcholine,0.9618672914710931,1,2,2,False,False,False
3712,59170,VES049,VES049_L,,VES049,VES049,cb_intrinsic,,L,,,glutamate,glutamate,0.783625138673977,-1,2,2,False,False,False
3713,59347,AVLP711m,AVLP711m_L,Cachero 2010: pIP-e; Yu 2010: pIP5,,,cb_intrinsic,,L,male-specific,fru_high,acetylcholine,acetylcholine,0.9501832835474264,1,2,1,False,False,False
3714,59408,CB1017,CB1017_L,,CB1017,"CL034,CL035",cb_intrinsic,,L,,,acetylcholine,acetylcholine,0.9474817431633851,1,2,2,False,False,False
3715,59776,PS197,PS197(PS198)_R,,PS198,"PS197,PS198",cb_intrinsic,,R,,,acetylcholine,acetylcholine,0.9524541226729745,1,2,2,False,False,False
3716,59948,WED037,WED037_L,,WED037,WED037,cb_intrinsic,,L,,,glutamate,glutamate,0.8378656416049778,-1,2,2,False,False,False
3717,60170,mAL_m4,mAL_m4_R,Cachero 2010: aDT-b; Yu 2010: aDT2,,,cb_intrinsic,,R,male-specific,fru_high,gaba,gaba,0.5828939394422266,-1,2,2,False,False,False
3718,60254,WED106,WED106_L,,CB3655,WED106,cb_intrinsic,,L,,,gaba,gaba,0.8179145250992037,-1,1,2,False,False,False
3719,60266,VES023,VES023_L,,VES023,VES023,cb_intrinsic,,L,,,gaba,gaba,0.8424003438188333,-1,2,2,False,False,False
3720,60335,JO-FD1,JO-FD1_L,,JO-FD1,,cb_sensory,mechanosensory,,,,acetylcholine,acetylcholine,0.9386230471421757,1,2,2,False,False,False
3721,60368,ICL004m_b,ICL004m_b_R,Cachero 2010: aSP-b; Yu 2010: aSP1,,,cb_intrinsic,,R,male-specific,fru_high,glutamate,glutamate,0.8128167387300734,-1,3,1,False,False,False
3722,60372,AN05B049_c,AN05B049_c_R,,,,ascending_neuron,,R,,,gaba,gaba,0.8643121843553786,-1,2,2,False,False,False
3723,60475,AVLP560,AVLP560_R,,AVLP560,AVLP560,cb_intrinsic,,R,,,acetylcholine,gaba,0.6978525455004959,1,2,2,False,False,False
3724,60487,CB1260,CB1260_L,,CB1260,"PS255,PS256,PS257,PS258",cb_intrinsic,,L,,,acetylcholine,acetylcholine,0.9610478332985702,1,2,2,False,False,False
3725,61011,AN18B053,AN18B053_R,,,,ascending_neuron,,R,,,acetylcholine,acetylcholine,0.9481831457381793,1,2,2,False,False,False
3726,61670,CB4104,CB4104_L,,CB4104,,cb_intrinsic,,L,,fru_high,acetylcholine,acetylcholine,0.9644171793458277,1,1,3,False,False,False
3727,61732,CB2625,CB2625_R,,CB2625,,cb_intrinsic,,R,,,acetylcholine,acetylcholine,0.9657326665074565,1,2,2,False,False,False
3728,61817,PLP123,PLP123_R,,PLP123,PLP123,cb_intrinsic,,R,,,acetylcholine,acetylcholine,0.932448264625315,1,2,2,False,False,False
3729,61840,CB3870,CB3870_L,,CB3870,,cb_intrinsic,,L,,,glutamate,glutamate,0.6973631002419911,-1,1,3,False,False,False
3730,61909,mAL_m1,mAL_m1_L,Cachero 2010: aDT-b; Yu 2010: aDT2,,,cb_intrinsic,,L,male-specific,fru_high,gaba,gaba,0.5119161035780586,-1,2,2,False,False,False
3731,61957,SIP103m,SIP103m_L,Cachero 2010: aSP-a; Yu 2010: aSP2,,,cb_intrinsic,,L,male-specific,fru_high,glutamate,glutamate,0.8320053589743976,-1,2,1,False,False,False
3732,62042,LC31a,LC31a_L,,LC31a,,visual_projection,,L,,,acetylcholine,acetylcholine,0.8809261265833542,1,2,2,False,False,False
3733,62123,CB3743,CB3743_L,,CB3743,,cb_intrinsic,,L,,,gaba,gaba,0.8417472438790458,-1,1,3,False,False,False
3734,62313,AVLP299_b,AVLP299_b_L,Cachero 2010: aIP-b,AVLP299_b,AVLP299_b,cb_intrinsic,,L,,fru_high,acetylcholine,acetylcholine,0.9204299903185126,1,2,2,False,False,False
3735,62410,CB2558,CB2558_L,,CB2558,,cb_intrinsic,,L,,,acetylcholine,acetylcholine,0.9615400704501809,1,1,3,False,False,False
3736,62602,CB3743,CB3743_L,,CB3743,,cb_intrinsic,,L,,,gaba,gaba,0.8181309777199156,-1,1,3,False,False,False
3737,62689,CB2300,CB2300_R,,CB2300,"CL163,CL164",cb_intrinsic,,R,,,acetylcholine,acetylcholine,0.945735733515732,1,2,2,False,False,False
3738,62855,SIP101m,SIP101m_L,Cachero 2010: aSP-a; Yu 2010: aSP2,,,cb_intrinsic,,L,male-specific,fru_high,glutamate,glutamate,0.8003522581447524,-1,2,2,False,False,False
3739,62937,AVLP069_a,AVLP069_a_L,,AVLP069_a,AVLP069_a,cb_intrinsic,,L,,,glutamate,glutamate,0.8233121076396374,-1,2,2,False,False,False
3740,63141,SApp04,SApp04_L,,,,sensory_ascending,mechanosensory_proprioceptive,,,,acetylcholine,acetylcholine,0.9723980749957405,1,2,2,False,False,False
3741,63441,EA06B010,EA06B010_L,,,,efferent_ascending,,L,,,glutamate,glutamate,0.7587788001204816,-1,2,2,False,False,False
3742,63538,SAD019,SAD019_L,,SAD011,SAD019,cb_intrinsic,,L,,,gaba,gaba,0.7762171769551897,-1,2,2,False,False,False
3743,63539,ANXXX023,ANXXX023_L,,AN_GNG_141,,ascending_neuron,,L,,,acetylcholine,acetylcholine,0.9714959119062514,1,2,2,False,False,False
3744,63701,DNd02,DNd02(SAD039)_R,Busch 2009: OA-VL1,DNd02,SAD039,descending_neuron,,R,,,unclear,unclear,0.36485386967978406,0,2,2,False,False,False
3745,64108,AN08B099_h,AN08B099_h_L,,AN_GNG_148,,ascending_neuron,,L,,,acetylcholine,acetylcholine,0.9719245077515064,1,2,2,False,False,False
3746,64172,AVLP560,AVLP560_R,,AVLP560,AVLP560,cb_intrinsic,,R,,,acetylcholine,gaba,0.7497767488052588,1,2,2,False,False,False
3747,64219,LC18,LC18_L,,LC18,LC18,visual_projection,,L,,,acetylcholine,acetylcholine,0.9672007044168655,1,2,2,False,False,False
3748,64257,AN08B089,AN08B089_L,,AN_GNG_185,,ascending_neuron,,L,,,acetylcholine,acetylcholine,0.972238624745592,1,2,2,False,False,False
3749,64306,CB4096,CB4096_L,,CB4096,,cb_intrinsic,,L,,,glutamate,glutamate,0.7382987135310803,-1,2,2,False,False,False
3750,64345,AMMC018,AMMC018_L,,CB0979a,,cb_intrinsic,,L,,,gaba,gaba,0.8679739674027478,-1,1,3,False,False,False
3751,64351,CL147,CL147_R,,CB1913,CL147,cb_intrinsic,,R,,,glutamate,glutamate,0.8035076167262322,-1,2,2,False,False,False
3752,64444,AN09B030,AN09B030_L,,AN_GNG_167,,ascending_neuron,,L,,,glutamate,glutamate,0.8592474144181256,-1,2,2,False,False,False
3753,64740,CB4073,CB4073_R,,CB4073,,cb_intrinsic,,R,,,acetylcholine,acetylcholine,0.9396033404224762,1,2,2,False,False,False
3754,64874,WED033,WED033_L,,WED033,WED033,cb_intrinsic,,L,,,gaba,gaba,0.8229447486153956,-1,1,3,False,False,False
3755,65215,AVLP225_b1,AVLP225_b1_L,,CB3287a,AVLP225_b,cb_intrinsic,,L,,,acetylcholine,acetylcholine,0.9156360611810891,1,2,2,False,False,False
3756,65217,CB2625,CB2625_R,,CB2625,,cb_intrinsic,,R,,,acetylcholine,acetylcholine,0.9506930227564311,1,2,2,False,False,False
3757,65272,SIP101m,SIP101m_L,Cachero 2010: aSP-a; Yu 2010: aSP2,,,cb_intrinsic,,L,male-specific,fru_high,glutamate,glutamate,0.8461111956560159,-1,2,2,False,False,False
3758,65339,CB3233,CB3233_L,,CB3233,"AVLP367,AVLP368",cb_intrinsic,,L,,,acetylcholine,acetylcholine,0.970355743066397,1,2,2,False,False,False
3759,65465,AN18B053,AN18B053_L,,,,ascending_neuron,,L,,,acetylcholine,acetylcholine,0.9584024409302071,1,2,2,False,False,False
3760,65490,AVLP451,AVLP451_R,,AVLP451b,AVLP451,cb_intrinsic,,R,,,acetylcholine,acetylcholine,0.9500380779513163,1,2,2,False,False,False
3761,65577,AN08B059,AN08B059_R,Lillvis 2024: vPR13,,,ascending_neuron,,R,male-specific,fru_high,acetylcholine,acetylcholine,0.9684085559774528,1,2,2,False,False,False
3762,65604,LHPV2c2,LHPV2c2_R,,"LHPV2c2a,LHPV2c2b",LHPV2c2,cb_intrinsic,,R,,,unclear,glutamate,0.5938754017783542,0,2,2,False,False,False
3763,65802,SIP123m,SIP123m_R,Cachero 2010: aSP-a; Yu 2010: aSP2,,,cb_intrinsic,,R,male-specific,fru_high,glutamate,glutamate,0.8002471215116999,-1,2,2,False,False,False
3764,65991,PVLP021,PVLP021_L,,PVLP021,PVLP021,cb_intrinsic,,L,,,gaba,gaba,0.8581942676524303,-1,1,2,False,False,False
3765,66066,CB4104,CB4104_L,,CB4104,,cb_intrinsic,,L,,fru_high,acetylcholine,acetylcholine,0.9634027606858079,1,1,3,False,False,False
3766,66069,SIP119m,SIP119m_L,Cachero 2010: aSP-a; Yu 2010: aSP2,,,cb_intrinsic,,L,male-specific,fru_high,glutamate,glutamate,0.70829304466125,-1,2,2,False,False,False
3767,66264,AN18B053,AN18B053_L,,,,ascending_neuron,,L,,,acetylcholine,acetylcholine,0.9553683588920102,1,2,2,False,False,False
3768,66268,CB3673b,CB3673b_L,,CB3673b,,cb_intrinsic,,L,,,acetylcholine,acetylcholine,0.8987777964233209,1,2,2,False,False,False
3769,66354,SIP103m,SIP103m_R,Cachero 2010: aSP-a; Yu 2010: aSP2,,,cb_intrinsic,,R,male-specific,fru_high,glutamate,glutamate,0.8612759299101327,-1,2,2,False,False,False
3770,66459,FLA002m,FLA002m_L,Cachero 2010: aDT-h; Yu 2010: aDT6,,,cb_intrinsic,,L,male-specific,fru_high,acetylcholine,acetylcholine,0.5597869596079834,1,3,1,False,False,False
3771,66837,SIP103m,SIP103m_R,Cachero 2010: aSP-a; Yu 2010: aSP2,,,cb_intrinsic,,R,male-specific,fru_high,glutamate,glutamate,0.8508063134381758,-1,2,2,False,False,False
3772,66912,AVLP155_a,AVLP155_a_L,,AVLP155,AVLP155,cb_intrinsic,,L,,,acetylcholine,acetylcholine,0.9357794354567517,1,2,2,False,False,False
3773,66936,SIP100m,SIP100m_R,Cachero 2010: aSP-a; Yu 2010: aSP2,,,cb_intrinsic,,R,male-specific,fru_high,glutamate,glutamate,0.7828679492421997,-1,2,2,False,False,False
3774,67088,SMP723m,SMP723m_R,Cachero 2010: aSP-a; Yu 2010: aSP2,,,cb_intrinsic,,R,male-specific,fru_high,glutamate,glutamate,0.8320112330032642,-1,3,1,False,False,False
3775,67384,PLP132,PLP132_R,,PLP132,PLP132,cb_intrinsic,,R,,,acetylcholine,acetylcholine,0.9507682137061018,1,2,2,False,False,False
3776,67816,aIPg5,aIPg5_L,Cachero 2010: aIP-g; Yu 2010: pIP6,"CB2668,CB3349",SMP557,cb_intrinsic,,L,sexually dimorphic,fru_high,acetylcholine,acetylcholine,0.9155220858116372,1,3,1,False,False,False
3777,67946,SApp10,SApp10_L,,,,sensory_ascending,mechanosensory_proprioceptive,,,,acetylcholine,acetylcholine,0.9686994635161628,1,2,2,False,False,False
3778,67982,DNge013,DNge013_R,,DNge013,,descending_neuron,,R,,,acetylcholine,acetylcholine,0.9462876287089788,1,2,2,False,False,False
3779,68166,CB0956,CB0956_R,,CB0956,,cb_intrinsic,,R,,,acetylcholine,acetylcholine,0.9366854345673888,1,2,2,False,False,False
3780,68230,CB1934,CB1934_L,,CB1934,,cb_intrinsic,,L,,,acetylcholine,acetylcholine,0.8932528026312291,1,2,2,False,False,False
3781,68335,aSP10C_b,aSP10C_b_L,Cachero 2010: aIP-b,CB2376c,aSP10C_b,cb_intrinsic,,L,sexually dimorphic,fru_high,acetylcholine,acetylcholine,0.9408210150878258,1,2,2,False,False,False
3782,68361,WED037,WED037_L,,WED037,WED037,cb_intrinsic,,L,,,glutamate,glutamate,0.8364531759500334,-1,2,2,False,False,False
3783,68624,pC1_19,pC1_19_L,"Lee 2002, Rideout 2010, Nojima 2021: pC1",,,cb_intrinsic,,L,male-specific,dsx_high,acetylcholine,acetylcholine,0.9321372901726395,1,3,1,False,True,False
3784,68651,AN05B078,AN05B078_L,,AN_AVLP_GNG_7,,ascending_neuron,,L,,,gaba,gaba,0.841723878115258,-1,2,2,False,False,False
3785,68968,SMP723m,SMP723m_R,Cachero 2010: aSP-a; Yu 2010: aSP2,,,cb_intrinsic,,R,male-specific,fru_high,glutamate,glutamate,0.8437985953649044,-1,3,1,False,False,False
3786,69211,AN09B030,AN09B030_R,,AN_GNG_167,,ascending_neuron,,R,,,glutamate,glutamate,0.8479147457119192,-1,2,2,False,False,False
3787,69394,AVLP299_a,AVLP299_a_L,Cachero 2010: aIP-b,AVLP299_a,AVLP299_a,cb_intrinsic,,L,sexually dimorphic,fru_high,acetylcholine,acetylcholine,0.9352582312093802,1,2,2,False,False,False
3788,69407,SIP103m,SIP103m_R,Cachero 2010: aSP-a; Yu 2010: aSP2,,,cb_intrinsic,,R,male-specific,fru_high,glutamate,glutamate,0.8284449518348022,-1,2,2,False,False,False
3789,69439,AVLP299_c,AVLP299_c_L,Cachero 2010: aIP-b,AVLP299_a,AVLP299_c,cb_intrinsic,,L,sexually dimorphic,fru_high,acetylcholine,acetylcholine,0.9436483345356589,1,2,2,False,False,False
3790,69480,CB1207_b,CB1207_b_L,,CB1207b,"AVLP367,AVLP368",cb_intrinsic,,L,,,acetylcholine,acetylcholine,0.9436662187350757,1,2,2,False,False,False
3791,69934,SMP490,SMP490_L,,SMP490,SMP490,cb_intrinsic,,L,,,acetylcholine,acetylcholine,0.8603253406029626,1,2,2,False,False,False
3792,70011,pC1_5b,pC1_5b_L,"Lee 2002, Rideout 2010, Nojima 2021: pC1; Cachero 2010: pMP-e; Yu 2010: pMP4",,,cb_intrinsic,,L,male-specific,coexpress_high,acetylcholine,acetylcholine,0.9317180636935357,1,2,1,False,True,False
3793,70337,LT52,LT52_L,,LT52,LT52,visual_projection,,L,,,glutamate,glutamate,0.7757883267208935,-1,2,2,False,False,False
3794,70610,LH001m,LH001m_L,Cachero 2010: aSP-f; Yu 2010: aSP5; Ruta 2010: DC1,,,cb_intrinsic,,L,male-specific,fru_high,acetylcholine,acetylcholine,0.9437104997381596,1,2,2,False,False,False
3795,70643,LH006m,LH006m_L,Cachero 2010: aSP-f; Yu 2010: aSP5; Ruta 2010: DC1,,,cb_intrinsic,,L,male-specific,fru_high,acetylcholine,acetylcholine,0.8678280242647448,1,2,2,False,False,False
3796,70739,CB4072,CB4072_R,,CB4072,,cb_intrinsic,,R,,,acetylcholine,acetylcholine,0.9544285114397247,1,2,2,False,False,False
3797,70815,pC1_17a,pC1_17a_L,"Lee 2002, Rideout 2010, Nojima 2021: pC1; Cachero 2010: pMP-e; Yu 2010: pMP4",,,cb_intrinsic,,L,male-specific,coexpress_low,acetylcholine,acetylcholine,0.9340349328945649,1,3,1,False,True,False
3798,71157,CB3513,CB3513_L,,CB3513,,cb_intrinsic,,L,,,gaba,gaba,0.8751798658381322,-1,2,2,False,False,False
3799,71162,AN08B095,AN08B095_L,,,,ascending_neuron,,L,,,acetylcholine,acetylcholine,0.914998807727986,1,2,2,False,False,False
3800,71352,JO-EV2,JO-EV2_L,,JO-EV2,,cb_sensory,mechanosensory,,,,acetylcholine,acetylcholine,0.9747326673375374,1,2,2,False,False,False
3801,71385,pC1_7a,pC1_7a_R,"Lee 2002, Rideout 2010, Nojima 2021: pC1; Cachero 2010: pMP-e; Yu 2010: pMP4",,,cb_intrinsic,,R,male-specific,coexpress_low,acetylcholine,acetylcholine,0.9450230511380622,1,2,1,False,True,False
3802,71389,CB4166,CB4166_L,,CB4166,,cb_intrinsic,,L,,,acetylcholine,acetylcholine,0.9517273333380478,1,2,2,False,False,False
3803,71404,WED060,WED060_L,,WED060,WED060,cb_intrinsic,,L,,,acetylcholine,acetylcholine,0.9747326673375373,1,1,2,False,False,False
3804,71416,mAL_m3b,mAL_m3b_R,Cachero 2010: aDT-b; Yu 2010: aDT2,,,cb_intrinsic,,R,male-specific,fru_high,unclear,unclear,0.49177971189035763,0,2,2,False,False,False
3805,71451,PVLP005,PVLP005_L,,"PVLP004,PVLP005",PVLP005,cb_intrinsic,,L,,,glutamate,glutamate,0.7793966537710423,-1,2,2,False,False,False
3806,71547,CL129,CL129_L,,CL129,CL129,cb_intrinsic,,L,,,acetylcholine,acetylcholine,0.9035696218395628,1,2,2,False,False,False
3807,72289,AVLP179,AVLP179_L,,CB2428,AVLP179,cb_intrinsic,,L,,,acetylcholine,acetylcholine,0.9318412976889398,1,2,2,False,False,False
3808,72475,CB3741,CB3741_L,,CB3741,,cb_intrinsic,,L,,,gaba,gaba,0.6698920129183181,-1,1,3,False,False,False
3809,72959,AN08B099_b,AN08B099_b_L,,AN_GNG_149,,ascending_neuron,,L,,,acetylcholine,acetylcholine,0.9691931794045036,1,2,2,False,False,False
3810,73049,CB3024,CB3024_L,,CB3024,,cb_intrinsic,,L,,,gaba,gaba,0.843486119447399,-1,1,3,False,False,False
3811,73082,SIP112m,SIP112m_R,Cachero 2010: aSP-a; Yu 2010: aSP2,,,cb_intrinsic,,R,male-specific,fru_high,glutamate,glutamate,0.7918308233062549,-1,3,1,False,False,False
3812,73179,AN00A009,AN00A009_M,,AN_GNG_35,,ascending_neuron,,M,,,gaba,gaba,0.9013941116739553,-1,2,2,False,False,False
3813,73355,CB0956,CB0956_R,,CB0956,,cb_intrinsic,,R,,,acetylcholine,acetylcholine,0.9617751259317778,1,2,2,False,False,False
3814,73753,AN07B003,AN07B003_R,,,,ascending_neuron,,R,,,acetylcholine,acetylcholine,0.9705939743294513,1,2,2,False,False,False
3815,74052,WED117,WED117_L,,"CB1143,CB1692",WED117,cb_intrinsic,,L,,,acetylcholine,acetylcholine,0.966920679055898,1,1,2,False,False,False
3816,74105,AN17B005,AN17B005_L,,AN_multi_30,,ascending_neuron,,L,,,gaba,gaba,0.8720430548180726,-1,2,2,False,False,False
3817,74486,AVLP274_b,AVLP274_b_L,,CB2866,AVLP274,cb_intrinsic,,L,,,acetylcholine,acetylcholine,0.9334594649292147,1,2,2,False,False,False
3818,74500,PVLP204m,PVLP204m_L,Cachero 2010: pIP-e; Yu 2010: pIP5; Nojima 2021: pC2l,,,cb_intrinsic,,L,male-specific,coexpress_high,acetylcholine,acetylcholine,0.8919041397367966,1,2,1,False,False,False
3819,74590,CL123_b,CL123_b_L,Cachero 2010: aDT-d,"CL123,CRE061",CL123,cb_intrinsic,,L,sexually dimorphic,fru_low,acetylcholine,acetylcholine,0.9250067252236555,1,3,1,False,False,False
3820,74775,WED061,WED061_L,,WED061,WED061,cb_intrinsic,,L,,,acetylcholine,acetylcholine,0.9676743633191826,1,2,2,False,False,False
3821,75060,WED047,WED047_L,,CB2545,WED047,cb_intrinsic,,L,,,acetylcholine,acetylcholine,0.9685083683091092,1,2,2,False,False,False
3822,75140,AN17A015,AN17A015_R,,"ANG_GNG_94,AN_GNG_117",,ascending_neuron,,R,,,acetylcholine,acetylcholine,0.9712895740160006,1,2,2,False,False,False
3823,75282,CB1523,CB1523_L,,CB1523,,cb_intrinsic,,L,,,glutamate,glutamate,0.7675107173697938,-1,2,2,False,False,False
3824,75407,ICL008m,ICL008m_L,Cachero 2010: aSP-k; Yu 2010: aSP8,,,cb_intrinsic,,L,male-specific,fru_high,gaba,gaba,0.7360707751174128,-1,3,1,False,False,False
3825,75453,AVLP164,AVLP164_L,,AVLP164,AVLP164,cb_intrinsic,,L,,,acetylcholine,acetylcholine,0.9259678996719543,1,2,2,False,False,False
3826,75474,CB4215,CB4215_L,,CB4215,,cb_intrinsic,,L,,,acetylcholine,acetylcholine,0.8771635229333817,1,2,2,False,False,False
3827,75715,aSP10C_b,aSP10C_b_L,Cachero 2010: aIP-b,CB2376c,aSP10C_b,cb_intrinsic,,L,sexually dimorphic,fru_high,acetylcholine,acetylcholine,0.8747915253133953,1,2,2,False,False,False
3828,75920,AN08B111,AN08B111_R,,AN_GNG_164,,ascending_neuron,,R,,,acetylcholine,acetylcholine,0.9418111631101782,1,2,2,False,False,False
3829,76066,,,Cachero 2010: aIP-c;Yu 2010: aIP1/aIP4/aSP10,"CB1110,CB3327",,cb_intrinsic,,L,,fru_low,acetylcholine,acetylcholine,0.9688439279565405,1,2,2,False,False,False
3830,76294,AN08B098,AN08B098_R,,AN_GNG_187,,ascending_neuron,,R,,,acetylcholine,acetylcholine,0.948772288921035,1,2,2,False,False,False
3831,76363,AN08B101,AN08B101_R,,,,ascending_neuron,,R,,,acetylcholine,acetylcholine,0.9717117155874718,1,2,2,False,False,False
3832,76367,AN08B101,AN08B101_L,,,,ascending_neuron,,L,,,acetylcholine,acetylcholine,0.971736727629566,1,2,2,False,False,False
3833,76401,WED093,WED093_L,,CB1675,WED093,cb_intrinsic,,L,,,acetylcholine,acetylcholine,0.948774976904078,1,2,2,False,False,False
3834,76512,AN08B106,AN08B106_L,,AN_GNG_164,,ascending_neuron,,L,,,acetylcholine,acetylcholine,0.9021669718592406,1,2,2,False,False,False
3835,76539,CB1695,CB1695_L,,CB1695,,cb_intrinsic,,L,,,acetylcholine,acetylcholine,0.9673023541481066,1,2,2,False,False,False
3836,76611,AN08B111,AN08B111_L,,AN_GNG_164,,ascending_neuron,,L,,,acetylcholine,acetylcholine,0.9120327360381205,1,2,2,False,False,False
3837,76637,CL323,CL323_R,,CL323b,CL323,cb_intrinsic,,R,,,acetylcholine,acetylcholine,0.9622267815443784,1,2,2,False,False,False
3838,76777,LAL025,LAL025_L,,LAL025,LAL025,cb_intrinsic,,L,,,acetylcholine,acetylcholine,0.9703587545496533,1,2,2,False,False,False
3839,77213,GNG248,GNG248_L,,CB0752,,cb_intrinsic,,L,,,acetylcholine,acetylcholine,0.9179269034006801,1,2,2,False,False,False
3840,77370,JO-EV2,JO-EV2_L,,JO-EV2,,cb_sensory,mechanosensory,,,,acetylcholine,acetylcholine,0.9563541370232695,1,2,2,False,False,False
3841,77696,PVLP008_c,PVLP008_c_L,,CB4051,PVLP008_c,cb_intrinsic,,L,,,glutamate,glutamate,0.8073854126187463,-1,2,2,False,False,False
3842,77730,AVLP297,AVLP297_L,Cachero 2010: aIP-b,AVLP297,AVLP297,cb_intrinsic,,L,potentially sexually dimorphic,fru_low,acetylcholine,acetylcholine,0.9177407519909516,1,2,2,False,False,False
3843,78065,SIP119m,SIP119m_L,Cachero 2010: aSP-a; Yu 2010: aSP2,,,cb_intrinsic,,L,male-specific,fru_high,glutamate,glutamate,0.7714822641565913,-1,2,2,False,False,False
3844,78134,VES097,VES097_L,,CB3547,,cb_intrinsic,,L,,,gaba,gaba,0.871953778838396,-1,2,2,False,False,False
3845,78157,AN05B050_b,AN05B050_b_R,,,,ascending_neuron,,R,,,gaba,gaba,0.8522088703583526,-1,2,2,False,False,False
3846,78535,CB2623,CB2623_L,,CB2623,,cb_intrinsic,,L,,,acetylcholine,acetylcholine,0.9303509651912785,1,2,2,False,False,False
3847,78847,CB4245,CB4245_L,,CB4245,,cb_intrinsic,,L,,,acetylcholine,acetylcholine,0.8969677157692035,1,2,2,False,False,False
3848,78913,CB2995,CB2995_L,,CB2995,,cb_intrinsic,,L,,,glutamate,glutamate,0.8399430171982314,-1,2,2,False,False,False
3849,78975,CB2144,CB2144_L,,CB2144,,cb_intrinsic,,L,,,acetylcholine,acetylcholine,0.9661515186708934,1,1,2,False,False,False
3850,79044,AN17B012,AN17B012_L,,AN_AVLP_9,,ascending_neuron,,L,,,gaba,gaba,0.857076544492489,-1,2,2,False,False,False
3851,79094,WED118,WED118_L,,"CB1484,CB1869",WED118,cb_intrinsic,,L,,,acetylcholine,acetylcholine,0.9522982907783174,1,1,2,False,False,False
3852,79155,CL272_b2,CL272_b2_R,,CL272_b,CL272_b,cb_intrinsic,,R,,,acetylcholine,acetylcholine,0.7926566616409402,1,2,2,False,False,False
3853,79187,AN08B112,AN08B112_R,,AN_GNG_164,,ascending_neuron,,R,,,acetylcholine,acetylcholine,0.9385978315214577,1,2,2,False,False,False
3854,79206,IB026,IB026_L,,IB026,IB026,cb_intrinsic,,L,,,glutamate,glutamate,0.8292229911295791,-1,2,2,False,False,False
3855,79287,SMP710m,SMP710m_R,Wang 2020a: pMP1; Rideout 2010: pC3; Zhou 2014: pCd; Nojima 2021: pCd-1; Allen 2025: pMP-z,,,cb_intrinsic,,R,male-specific,coexpress_high,acetylcholine,acetylcholine,0.8772998722648605,1,3,1,False,False,False
3856,79407,LAL302m,LAL302m_L,"Lee 2002, Rideout 2010: pC2; Robinett 2010, Nojima 2021: pC2m",,,cb_intrinsic,,L,male-specific,dsx_high,acetylcholine,acetylcholine,0.9672007044168655,1,2,1,False,False,False
3857,79455,CB1573,CB1573_R,,CB1573,,cb_intrinsic,,R,,,acetylcholine,acetylcholine,0.8835252334207423,1,2,2,False,False,False
3858,79498,JO-B1_c,JO-B1_c_L,,JO-B1_c,,cb_sensory,mechanosensory,,,,acetylcholine,acetylcholine,0.913737613308906,1,0,3,True,False,False
3859,79634,ANXXX037,ANXXX037_R,,AN_GNG_24,,ascending_neuron,,R,,,acetylcholine,acetylcholine,0.9675969645428344,1,2,2,False,False,False
3860,79642,pC1_19,pC1_19_R,"Lee 2002, Rideout 2010, Nojima 2021: pC1",,,cb_intrinsic,,R,male-specific,dsx_high,acetylcholine,acetylcholine,0.9312646764111653,1,3,1,False,True,False
3861,79679,JO-B1_a,JO-B1_a_L,,JO-B1_a,,cb_sensory,mechanosensory,,,,acetylcholine,acetylcholine,0.9153418025717401,1,0,3,True,False,False
3862,79784,PVLP206m,PVLP206m_L,Cachero 2010: aIP-b,,,cb_intrinsic,,L,male-specific,fru_high,acetylcholine,acetylcholine,0.9351404195237452,1,2,2,False,False,False
3863,79855,JO-B3,JO-B3_L,,JO-B3,,cb_sensory,mechanosensory,,,,acetylcholine,acetylcholine,0.961159188387599,1,0,3,True,False,False
3864,79968,CB2625,CB2625_R,,CB2625,,cb_intrinsic,,R,,,acetylcholine,acetylcholine,0.9374949611044134,1,2,2,False,False,False
3865,80046,AN08B099_h,AN08B099_h_R,,AN_GNG_148,,ascending_neuron,,R,,,acetylcholine,acetylcholine,0.9579768197916196,1,2,2,False,False,False
3866,80085,CL022_b,CL022_b_L,,CL022a,CL022,cb_intrinsic,,L,,,acetylcholine,acetylcholine,0.9612228070181611,1,1,2,False,False,False
3867,80346,AN08B094,AN08B094_L,,,,ascending_neuron,,L,,,acetylcholine,acetylcholine,0.9723036092956207,1,2,2,False,False,False
3868,80419,AN08B101,AN08B101_L,,AN_GNG_183,,ascending_neuron,,L,,,acetylcholine,acetylcholine,0.9339342776377375,1,2,2,False,False,False
3869,80565,JO-A1,JO-A1_L,,JO-A1,,cb_sensory,mechanosensory,,,,acetylcholine,acetylcholine,0.9242008916118345,1,0,3,True,False,False
3870,80724,AN08B101,AN08B101_L,,AN_GNG_183,,ascending_neuron,,L,,,acetylcholine,acetylcholine,0.9747326673375372,1,2,2,False,False,False
3871,80886,CB0925,CB0925_L,,CB0925,,cb_intrinsic,,L,,,acetylcholine,acetylcholine,0.9489183121243655,1,2,2,False,False,False
3872,81112,LC4,LC4_L,,LC4,LC4,visual_projection,,L,,,acetylcholine,acetylcholine,0.966254017960694,1,2,2,False,False,False
3873,81201,SAD080,SAD080_L,,SAD080,SAD080,cb_intrinsic,,L,,,glutamate,glutamate,0.6608603350276114,-1,1,3,False,False,False
3874,81551,LC31a,LC31a_L,,LC31a,,visual_projection,,L,,,acetylcholine,acetylcholine,0.8423121322452058,1,2,2,False,False,False
3875,81660,LoVC25,LoVC25_L,,cL01,,visual_centrifugal,,L,,,acetylcholine,acetylcholine,0.9252854383603882,1,2,2,False,False,False
3876,81762,AVLP299_b,AVLP299_b_R,Cachero 2010: aIP-b,AVLP300_b,AVLP299_b,cb_intrinsic,,R,,fru_high,acetylcholine,acetylcholine,0.9229372230463778,1,2,2,False,False,False
3877,81913,SAD007,SAD007_L,,SAD007b,SAD007,cb_intrinsic,,L,,,acetylcholine,acetylcholine,0.9502165996974293,1,2,2,False,False,False
3878,81922,CL168,CL168_L,,CL168,CL168,cb_intrinsic,,L,,,acetylcholine,acetylcholine,0.9497999869628793,1,2,2,False,False,False
3879,81928,AMMC018,AMMC018_L,,CB0979a,,cb_intrinsic,,L,,,gaba,gaba,0.8410016075287541,-1,1,2,False,False,False
3880,81985,AVLP728m,AVLP728m_L,Cachero 2010: aIP-b,,,cb_intrinsic,,L,male-specific,fru_high,acetylcholine,acetylcholine,0.9410416095407387,1,2,2,False,False,False
3881,82205,LAL179,LAL179_L,Cachero 2010: pIP-g,LAL179a,LAL179,cb_intrinsic,,L,,fru_high,acetylcholine,acetylcholine,0.931460698655758,1,2,2,False,False,False
3882,82309,SIP112m,SIP112m_L,Cachero 2010: aSP-a; Yu 2010: aSP2,,,cb_intrinsic,,L,male-specific,fru_high,glutamate,glutamate,0.7767268300716849,-1,2,1,False,False,False
3883,82361,JO-B1_a,JO-B1_a_L,,JO-B1_a,,cb_sensory,mechanosensory,,,,acetylcholine,acetylcholine,0.9042445740333614,1,0,3,True,False,False
3884,82401,AVLP558,AVLP558_L,,AVLP558,AVLP558,cb_intrinsic,,L,,,glutamate,glutamate,0.8509447350185516,-1,2,2,False,False,False
3885,82432,CB2041,CB2041_L,,CB2041,,cb_intrinsic,,L,,,acetylcholine,acetylcholine,0.8927016099547347,1,2,2,False,False,False
3886,82569,CB0280,CB0280_L,,CB0280,,cb_intrinsic,,L,,,acetylcholine,acetylcholine,0.968411482205003,1,2,2,False,False,False
3887,82720,WED117,WED117_L,,"CB2576,CB3415",WED117,cb_intrinsic,,L,,,acetylcholine,acetylcholine,0.9601441866089234,1,1,2,False,False,False
3888,82791,AN17A013,AN17A013_R,,AN_GNG_190,,ascending_neuron,,R,,,acetylcholine,acetylcholine,0.9699064484381701,1,2,2,False,False,False
3889,82900,AN08B097,AN08B097_L,,AN_GNG_85,,ascending_neuron,,L,,,acetylcholine,acetylcholine,0.9564617608811699,1,2,2,False,False,False
3890,82912,IN17A051,IN17A051_L,,,,ascending_neuron,,L,,,acetylcholine,acetylcholine,0.9672331428855734,1,2,2,False,False,False
3891,83259,AVLP739m,AVLP739m_L,Cachero 2010: aIP-c; Yu 2010: aIP1/aIP4/aSP10,,,cb_intrinsic,,L,male-specific,fru_high,acetylcholine,acetylcholine,0.9293086634672928,1,2,2,False,False,False
3892,83492,AVLP177_a,AVLP177_a_L,,CB0924,AVLP177_a,cb_intrinsic,,L,,,acetylcholine,acetylcholine,0.9512237269153446,1,2,2,False,False,False
3893,83661,DNge046,DNge046_R,,DNge046,,descending_neuron,,R,,,gaba,gaba,0.821367604188108,-1,2,2,False,False,False
3894,83862,PS260,PS260_L,,PS260,PS260,cb_intrinsic,,L,,,acetylcholine,acetylcholine,0.9519220394604391,1,2,2,False,False,False
3895,83968,CB2228,CB2228_R,,CB2228,,cb_intrinsic,,R,,,gaba,gaba,0.8535230064295645,-1,2,2,False,False,False
3896,84021,AVLP184,AVLP184_L,,AVLP184,AVLP184,cb_intrinsic,,L,,,acetylcholine,acetylcholine,0.9181395922913425,1,2,2,False,False,False
3897,84181,vpoIN,vpoIN_L,Cachero 2010: aSP-k; Wang 2020b: vpoIN,CB1385,AVLP007,cb_intrinsic,,L,,fru_high,gaba,gaba,0.803182763595967,-1,2,2,False,False,False
3898,84290,,21093_L,,"CB2576,CB3415",,cb_intrinsic,,L,,,acetylcholine,acetylcholine,0.9538827515827688,1,2,2,False,False,False
3899,84378,AN08B103,AN08B103_L,,AN_GNG_146,,ascending_neuron,,L,,,acetylcholine,acetylcholine,0.9570430105335852,1,2,2,False,False,False
3900,84395,mAL_m3a,mAL_m3a_L,Cachero 2010: aDT-b; Yu 2010: aDT2,,,cb_intrinsic,,L,male-specific,fru_high,unclear,unclear,0.44675695339026206,0,2,2,False,False,False
3901,84707,BM_Vib,BM_Vib_L,,BM_Vib,,cb_sensory,mechanosensory,,,,acetylcholine,acetylcholine,0.9389797036281444,1,2,2,False,False,False
3902,84719,CB4094,CB4094_L,,CB4094,,cb_intrinsic,,L,,,acetylcholine,acetylcholine,0.9596979504447088,1,1,3,False,False,False
3903,85099,AVLP296_a,AVLP296_a_L,,AVLP300_a,AVLP296,cb_intrinsic,,L,,,acetylcholine,acetylcholine,0.9525760793921386,1,2,2,False,False,False
3904,85399,CB3743,CB3743_L,,CB3743,,cb_intrinsic,,L,,,gaba,gaba,0.8647199487368604,-1,1,3,False,False,False
3905,85538,AN05B049_b,AN05B049_b_R,,AN_GNG_69,,ascending_neuron,,R,,,gaba,gaba,0.8744053535075165,-1,2,2,False,False,False
3906,85544,AVLP452,AVLP452_R,,CB1498,AVLP452,cb_intrinsic,,R,,,acetylcholine,acetylcholine,0.8915059513516251,1,2,2,False,False,False
3907,85756,CB1085,CB1085_L,,CB1085,"AVLP413,AVLP412,AVLP414",cb_intrinsic,,L,,,acetylcholine,acetylcholine,0.9215238661844075,1,2,2,False,False,False
3908,86571,VES051,VES051_R,,"VES051,VES052",VES051,cb_intrinsic,,R,,,glutamate,glutamate,0.8008775832728507,-1,2,2,False,False,False
3909,86750,LAL050,LAL050(LAL062)_L,,CB3033,"LAL050,LAL062",cb_intrinsic,,L,,fru_low,gaba,gaba,0.5722608482781874,-1,2,2,False,False,False
3910,86962,LH003m,LH003m_L,Cachero 2010: aSP-f; Yu 2010: aSP5; Ruta 2010: DC1,,,cb_intrinsic,,L,male-specific,fru_high,acetylcholine,acetylcholine,0.9172154462100192,1,2,2,False,False,False
3911,87484,VES206m,VES206m_R,,,,cb_intrinsic,,R,male-specific,,acetylcholine,acetylcholine,0.9429554803700372,1,2,2,False,False,False
3912,87497,pC1_18b,pC1_18b_L,"Lee 2002, Rideout 2010, Nojima 2021: pC1",,,cb_intrinsic,,L,male-specific,dsx_low,acetylcholine,acetylcholine,0.9107957504133944,1,2,2,False,True,False
3913,87499,AN09B023,AN09B023_L,,AN_WED_GNG_2,,ascending_neuron,,L,,,acetylcholine,acetylcholine,0.9594258997500607,1,2,2,False,False,False
3914,87683,AVLP227,AVLP227_L,,AVLP227,AVLP227,cb_intrinsic,,L,,,acetylcholine,acetylcholine,0.9341278964431539,1,2,2,False,False,False
3915,87902,CB1287_b,CB1287_b_L,,CB2187a,,cb_intrinsic,,L,,,acetylcholine,acetylcholine,0.9571422611264538,1,2,2,False,False,False
3916,88051,CB3466,CB3466_L,,CB3466,,cb_intrinsic,,L,,,acetylcholine,acetylcholine,0.966904820266164,1,2,2,False,False,False
3917,88797,PLP154,PLP154_L,,PLP154,PLP154,cb_intrinsic,,L,,,acetylcholine,acetylcholine,0.9321184376838945,1,2,2,False,False,False
3918,88912,LHPV2i2_b,LHPV2i2_b_L,,LHPV2i2b,LHPV2i2,cb_intrinsic,,L,,,acetylcholine,acetylcholine,0.964846017875533,1,2,2,False,False,False
3919,88941,CB2431,CB2431_L,,CB2431,,cb_intrinsic,,L,,,gaba,gaba,0.7588365613436403,-1,1,3,False,False,False
3920,89002,JO-FV,JO-FV_R,,JO-FV,,cb_sensory,mechanosensory,,,,acetylcholine,acetylcholine,0.941394495530205,1,2,2,False,False,False
3921,89017,JO-EV2,JO-EV2_L,,JO-EV2,,cb_sensory,mechanosensory,,,,acetylcholine,acetylcholine,0.9497140637631125,1,2,2,False,False,False
3922,89474,CL191_b,CL191_b_L,,CB1408,CL191,cb_intrinsic,,L,,,glutamate,glutamate,0.8258186162424039,-1,2,2,False,False,False
3923,89545,LAL301m,LAL301m_L,"Lee 2002, Rideout 2010: pC2; Robinett 2010, Nojima 2021: pC2m",,,cb_intrinsic,,L,male-specific,dsx_high,acetylcholine,acetylcholine,0.9531410402982782,1,2,2,False,False,False
3924,89602,CL169,CL169_L,,CL169a,CL169,cb_intrinsic,,L,,,acetylcholine,acetylcholine,0.9484191945983982,1,2,2,False,False,False
3925,89786,CB2207,CB2207_R,,CB2207,,cb_intrinsic,,R,,,acetylcholine,acetylcholine,0.955443702440473,1,2,2,False,False,False
3926,90051,AN07B003,AN07B003_L,,,,ascending_neuron,,L,,,acetylcholine,acetylcholine,0.9716417469194535,1,2,2,False,False,False
3927,90390,IN06B027,IN06B027_L,,,,ascending_neuron,,L,,,gaba,gaba,0.8999644975518871,-1,2,2,False,False,False
3928,90534,AN08B099_c,AN08B099_c_R,,AN_GNG_148,,ascending_neuron,,R,,,acetylcholine,acetylcholine,0.9563005049437329,1,2,2,False,False,False
3929,90552,WED163,WED163_L,,WED163c,WED163,cb_intrinsic,,L,,,acetylcholine,acetylcholine,0.9376234776964654,1,1,3,False,False,False
3930,90589,AMMC035,AMMC035_L,,CB1427,,cb_intrinsic,,L,,,gaba,gaba,0.726007189704582,-1,1,3,False,False,False
3931,90681,SMP723m,SMP723m_R,Cachero 2010: aSP-a; Yu 2010: aSP2,,,cb_intrinsic,,R,male-specific,fru_high,glutamate,glutamate,0.8553027497240695,-1,3,1,False,False,False
3932,90683,AN17A015,AN17A015_R,,"ANG_GNG_94,AN_GNG_117",,ascending_neuron,,R,,,acetylcholine,acetylcholine,0.9662346299332449,1,2,2,False,False,False
3933,90782,AVLP205,AVLP205_L,,AVLP205a,AVLP205,cb_intrinsic,,L,,fru_low,gaba,gaba,0.8357046958505197,-1,2,2,False,False,False
3934,90885,LAL020,LAL020_R,,LAL020,LAL020,cb_intrinsic,,R,,,acetylcholine,acetylcholine,0.9572441559108875,1,2,2,False,False,False
3935,90933,BM,BM_L,,"BM_Ant,BM_Fr,BM_FrOr,BM_InOc,BM_Oc,BM_Or,BM_Vib",,cb_sensory,mechanosensory,,,,acetylcholine,acetylcholine,0.8625476260452957,1,2,2,False,False,False
3936,90949,AN08B106,AN08B106_R,,AN_GNG_164,,ascending_neuron,,R,,,acetylcholine,acetylcholine,0.9376851365752104,1,2,2,False,False,False
3937,91126,AVLP401,AVLP401_L,,CB1605,AVLP401,cb_intrinsic,,L,,,acetylcholine,acetylcholine,0.9338877473762922,1,2,2,False,False,False
3938,91616,LPLC4,LPLC4_L,,LPLC4,LPLC4,visual_projection,,L,,,acetylcholine,acetylcholine,0.9703468768300049,1,2,2,False,False,False
3939,91617,JO-B4_a,JO-B4_a_L,,JO-B4_a,,cb_sensory,mechanosensory,,,,acetylcholine,acetylcholine,0.9218395825703208,1,0,3,True,False,False
3940,91957,AVLP706m,AVLP706m_L,Cachero 2010: pIP-e; Yu 2010: pIP5,,,cb_intrinsic,,L,male-specific,fru_high,acetylcholine,acetylcholine,0.9579128624921083,1,1,2,False,False,False
3941,92541,SMP710m,SMP710m_R,Wang 2020a: pMP1; Rideout 2010: pC3; Zhou 2014: pCd; Nojima 2021: pCd-1; Allen 2025: pMP-z,,,cb_intrinsic,,R,male-specific,coexpress_high,acetylcholine,acetylcholine,0.9010071249639352,1,3,1,False,False,False
3942,92767,JO-FD1,JO-FD1_L,,JO-FD1,,cb_sensory,mechanosensory,,,,acetylcholine,acetylcholine,0.9148659640794901,1,2,2,False,False,False
3943,92774,AN05B081,AN05B081_L,,AN_AVLP_GNG_12,,ascending_neuron,,L,,,gaba,gaba,0.887709720044881,-1,2,2,False,False,False
3944,92936,DNge083,DNge083_L,,DNge083,,descending_neuron,,L,,,glutamate,glutamate,0.8018748175827246,-1,2,2,False,False,False
3945,92988,CB4096,CB4096_L,,CB4096,,cb_intrinsic,,L,,,glutamate,glutamate,0.6347618212910198,-1,2,2,False,False,False
3946,93000,BM,BM_L,,"BM_Ant,BM_Fr,BM_FrOr,BM_InOc,BM_Oc,BM_Or,BM_Vib",,cb_sensory,mechanosensory,,,,acetylcholine,acetylcholine,0.9503599091528072,1,2,2,False,False,False
3947,93110,PS269,PS269_R,,"PS268,PS269,CB3941",PS269,cb_intrinsic,,R,,,acetylcholine,acetylcholine,0.9512023915831165,1,2,2,False,False,False
3948,93134,AVLP225_b2,AVLP225_b2_L,,CB2574,AVLP225_b,cb_intrinsic,,L,,,acetylcholine,acetylcholine,0.9435615330094408,1,2,2,False,False,False
3949,93227,AN04A001,AN04A001_R,,AN_GNG_186,,ascending_neuron,,R,,,acetylcholine,acetylcholine,0.9713126998366517,1,2,2,False,False,False
3950,93383,JO-EV2,JO-EV2_L,,JO-EV2,,cb_sensory,mechanosensory,,,,acetylcholine,acetylcholine,0.9249913622121471,1,2,2,False,False,False
3951,93389,LH002m,LH002m_L,Cachero 2010: aSP-f; Yu 2010: aSP5; Ruta 2010: DC1,,,cb_intrinsic,,L,male-specific,fru_high,acetylcholine,acetylcholine,0.9469117344835051,1,2,2,False,False,False
3952,93504,,,,,,cb_intrinsic,,R,,,acetylcholine,acetylcholine,0.9678417225377737,1,2,2,False,False,False
3953,93558,SMP429,SMP429_L,,SMP429,SMP429,cb_intrinsic,,L,,,acetylcholine,acetylcholine,0.936816756182529,1,2,2,False,False,False
3954,93756,AN08B100,AN08B100(92001)_L,,AN_GNG_VES_9,,ascending_neuron,,L,,,acetylcholine,acetylcholine,0.9724717128382973,1,2,2,False,False,False
3955,93812,AN08B112,AN08B112_R,,AN_GNG_164,,ascending_neuron,,R,,,acetylcholine,acetylcholine,0.9257490755688342,1,2,2,False,False,False
3956,93834,CB4231,CB4231_L,,CB4231,,cb_intrinsic,,L,,,acetylcholine,acetylcholine,0.7861730315341003,1,3,1,False,False,False
3957,94221,CB2207,CB2207_R,,CB2207,,cb_intrinsic,,R,,,acetylcholine,acetylcholine,0.9422055653617372,1,2,2,False,False,False
3958,94247,PVLP060,PVLP060_L,,PVLP060,PVLP060,cb_intrinsic,,L,,,gaba,gaba,0.8672403174536079,-1,2,2,False,False,False
3959,94732,AN08B101,AN08B101_R,,AN_GNG_183,,ascending_neuron,,R,,,acetylcholine,acetylcholine,0.9711675000148499,1,2,2,False,False,False
3960,95135,,,,"CB2289,CB2649",,cb_intrinsic,,L,,,acetylcholine,acetylcholine,0.946199734574637,1,2,2,False,False,False
3961,95237,PVLP111,PVLP111_L,Cachero 2010: pIP-c; Yu 2010: pIP7,PVLP111,PVLP111,cb_intrinsic,,L,,fru_high,gaba,gaba,0.8270879609191782,-1,2,2,False,False,False
3962,95862,AN08B031,AN08B031_R,Lillvis 2024: vPR13,,,ascending_neuron,,R,sexually dimorphic,fru_high,acetylcholine,acetylcholine,0.9659516597588009,1,2,2,False,False,False
3963,96238,PVLP080_b,PVLP080_b_L,,PVLP080b,PVLP080,cb_intrinsic,,L,,,gaba,gaba,0.8841850766717642,-1,2,2,False,False,False
3964,97025,JO-EV2,JO-EV2_L,,JO-EV2,,cb_sensory,mechanosensory,,,,acetylcholine,acetylcholine,0.9419737995310179,1,2,2,False,False,False
3965,97027,JO-B1_c,JO-B1_c_L,,JO-B1_c,,cb_sensory,mechanosensory,,,,acetylcholine,acetylcholine,0.9169304456241164,1,0,3,True,False,False
3966,97247,AVLP300_b,AVLP300_b_L,,AVLP300_b,AVLP300_b,cb_intrinsic,,L,,,acetylcholine,acetylcholine,0.922494904824199,1,2,2,False,False,False
3967,97309,AN08B098,AN08B098_L,,AN_GNG_187,,ascending_neuron,,L,,,acetylcholine,acetylcholine,0.9524791495592053,1,2,2,False,False,False
3968,97354,JO-CA2,JO-CA2_L,,JO-CA2,,cb_sensory,mechanosensory,,,,acetylcholine,acetylcholine,0.9609776955393671,1,1,3,False,False,False
3969,97432,AN08B094,AN08B094_R,,AN_GNG_182,,ascending_neuron,,R,,,acetylcholine,acetylcholine,0.9747326673375373,1,2,2,False,False,False
3970,97445,LC18,LC18_L,,LC18,LC18,visual_projection,,L,,,acetylcholine,acetylcholine,0.9590404209752444,1,2,2,False,False,False
3971,98113,pC1_19,pC1_19_L,"Lee 2002, Rideout 2010, Nojima 2021: pC1",,,cb_intrinsic,,L,male-specific,dsx_high,acetylcholine,acetylcholine,0.8758146073721338,1,3,1,False,True,False
3972,98698,AVLP462,AVLP462_R,,AVLP462a,AVLP462,cb_intrinsic,,R,,,gaba,gaba,0.771019012196965,-1,2,2,False,False,False
3973,98796,IN00A053,IN00A053_M,,,,vnc_intrinsic,,M,,,gaba,gaba,0.8855281182153649,-1,2,2,False,False,False
3974,99172,ICL006m,ICL006m_L,Cachero 2010: aSP-b; Yu 2010: aSP1,,,cb_intrinsic,,L,male-specific,fru_high,glutamate,glutamate,0.7312610382516425,-1,2,1,False,False,False
3975,99367,JO-CA2,JO-CA2_L,,JO-CA2,,cb_sensory,mechanosensory,,,,acetylcholine,acetylcholine,0.9432613027318952,1,1,3,False,False,False
3976,99446,CB2558,CB2558_L,,CB2558,,cb_intrinsic,,L,,,acetylcholine,acetylcholine,0.9109200918668817,1,1,3,False,False,False
3977,99541,ICL004m_a,ICL004m_a_R,Cachero 2010: aSP-b; Yu 2010: aSP1,,,cb_intrinsic,,R,male-specific,fru_high,glutamate,glutamate,0.8112346782729424,-1,3,1,False,False,False
3978,99687,AVLP195,AVLP195_R,,AVLP195,AVLP195,cb_intrinsic,,R,,,acetylcholine,acetylcholine,0.9329528691504951,1,2,2,False,False,False
3979,99700,,28648_L,,"CB1143,CB1692",,cb_intrinsic,,L,,,acetylcholine,acetylcholine,0.9680106162372205,1,1,2,False,False,False
3980,100059,AN17A015,AN17A015_L,,"ANG_GNG_94,AN_GNG_117",,ascending_neuron,,L,,,acetylcholine,acetylcholine,0.9654439528563052,1,2,2,False,False,False
3981,100485,LC4,LC4_L,,LC4,LC4,visual_projection,,L,,,acetylcholine,acetylcholine,0.9441555173225762,1,2,2,False,False,False
3982,100641,,,,,,cb_intrinsic,,L,,,gaba,gaba,0.8229749390056439,-1,2,2,False,False,False
3983,100828,CB1565,CB1565_L,,CB1565,,cb_intrinsic,,L,,,acetylcholine,acetylcholine,0.9230246839637904,1,2,2,False,False,False
3984,101124,LLPC1,LLPC1_L,,LLPC1,LLPC1,visual_projection,,L,,,acetylcholine,acetylcholine,0.9542351483802269,1,2,2,False,False,False
3985,101169,AN08B099_c,AN08B099_c_L,,AN_GNG_148,,ascending_neuron,,L,,,acetylcholine,acetylcholine,0.9713301216822005,1,2,2,False,False,False
3986,101221,PVLP128,PVLP128_L,,PVLP128,PVLP128,cb_intrinsic,,L,,,acetylcholine,acetylcholine,0.9447807287746027,1,2,2,False,False,False
3987,101222,CB4096,CB4096_L,,CB4096,,cb_intrinsic,,L,,,glutamate,glutamate,0.7741277353220802,-1,2,2,False,False,False
3988,101287,CL121_a,CL121_a_R,Cachero 2010: aDT-g; Yu 2010: aDT5,CL121_a,CL121,cb_intrinsic,,R,,fru_low,gaba,gaba,0.7490988905807952,-1,2,2,False,False,False
3989,101916,VES024_a,VES024_a_R,Cachero 2010: aDT-g; Yu 2010: aDT5,VES024a,VES024,cb_intrinsic,,R,,fru_low,gaba,gaba,0.649534094610087,-1,2,1,False,False,False
3990,102224,pC1_5a,pC1_5a_L,"Lee 2002, Rideout 2010, Nojima 2021: pC1; Cachero 2010: pMP-e; Yu 2010: pMP4",,,cb_intrinsic,,L,male-specific,coexpress_low,acetylcholine,acetylcholine,0.9445345549392247,1,2,1,False,True,False
3991,102419,ICL004m_b,ICL004m_b_L,Cachero 2010: aSP-b; Yu 2010: aSP1,,,cb_intrinsic,,L,male-specific,fru_high,glutamate,glutamate,0.8098852811652297,-1,3,1,False,False,False
3992,102597,SIP112m,SIP112m_L,Cachero 2010: aSP-a; Yu 2010: aSP2,,,cb_intrinsic,,L,male-specific,fru_high,glutamate,acetylcholine,0.5100626343202169,-1,2,1,False,False,False
3993,102624,CB0115,CB0115_R,,CB0115,,cb_intrinsic,,R,,,gaba,gaba,0.8441022465864029,-1,2,2,False,False,False
3994,102695,SIP147m,SIP147m_L,Cachero 2010: aSP-a; Yu 2010: aSP2,,,cb_intrinsic,,L,male-specific,fru_high,glutamate,glutamate,0.8298699701669666,-1,2,2,False,False,False
3995,102834,BM_Taste,BM_Taste_L,,BM_Taste,,cb_sensory,mechanosensory,,,,acetylcholine,acetylcholine,0.9672002860337144,1,2,2,False,False,False
3996,103177,AVLP548_f2,AVLP548_f2_L,,AVLP548_f,AVLP548_f,cb_intrinsic,,L,,,glutamate,glutamate,0.7029220233044493,-1,1,3,False,False,False
3997,103261,PVLP108,PVLP108_L,,PVLP108,PVLP108,cb_intrinsic,,L,,fru_low,acetylcholine,acetylcholine,0.9683328616507613,1,2,2,False,False,False
3998,104416,CB2995,CB2995_L,,CB2995,,cb_intrinsic,,L,,,glutamate,glutamate,0.8137988919155902,-1,2,2,False,False,False
3999,104738,AN05B069,AN05B069_L,,AN_GNG_197,,ascending_neuron,,L,,,gaba,gaba,0.8500342863878347,-1,2,2,False,False,False
4000,104910,AN07B062,AN07B062_L,Cachero 2010: dPR-b,,,ascending_neuron,,L,,fru_high,acetylcholine,acetylcholine,0.9543976830257292,1,2,2,False,False,False
4001,105241,CB2721,CB2721_L,,CB2721,,cb_intrinsic,,L,,,glutamate,glutamate,0.8070081469361746,-1,2,2,False,False,False
4002,105289,ICL003m,ICL003m_R,Cachero 2010: aSP-b; Yu 2010: aSP1,,,cb_intrinsic,,R,male-specific,fru_high,glutamate,glutamate,0.7750815424353739,-1,3,1,False,False,False
4003,106229,LC18,LC18_L,,LC18,LC18,visual_projection,,L,,,acetylcholine,acetylcholine,0.9481478177310887,1,2,2,False,False,False
4004,106293,AN08B094,AN08B094_L,,AN_GNG_182,,ascending_neuron,,L,,,acetylcholine,acetylcholine,0.9721994513017396,1,2,2,False,False,False
4005,106350,SMP106,SMP106_L,Cachero 2010: aSP-a; Yu 2010: aSP2,SMP106,SMP106,cb_intrinsic,,L,,fru_low,glutamate,glutamate,0.8503361435410137,-1,2,2,False,False,False
4006,106567,CL118,CL118_L,,CL118,CL118,cb_intrinsic,,L,,,gaba,gaba,0.8276965724734956,-1,2,2,False,False,False
4007,106702,JO-B1_a,JO-B1_a_L,,JO-B1_a,,cb_sensory,mechanosensory,,,,acetylcholine,acetylcholine,0.9140740505381473,1,0,3,True,False,False
4008,107003,ICL005m,ICL005m_L,Cachero 2010: aSP-b; Yu 2010: aSP1,,,cb_intrinsic,,L,male-specific,fru_high,glutamate,glutamate,0.7915893142757726,-1,2,1,False,False,False
4009,107008,CL12X,CL12X_L,,CL121,CL121,cb_intrinsic,,L,,fru_low,gaba,gaba,0.7459810962379572,-1,2,2,False,False,False
4010,107194,aSP10A_b,aSP10A_b_L,Cachero 2010: aIP-b,CB3313,aSP10A,cb_intrinsic,,L,potentially sexually dimorphic,fru_high,acetylcholine,acetylcholine,0.9210705735822812,1,2,1,False,False,False
4011,107471,SIP112m,SIP112m_R,Cachero 2010: aSP-a; Yu 2010: aSP2,,,cb_intrinsic,,R,male-specific,fru_high,glutamate,glutamate,0.7913582297933774,-1,2,2,False,False,False
4012,108261,AN08B106,AN08B106_L,,AN_GNG_164,,ascending_neuron,,L,,,acetylcholine,acetylcholine,0.9087924002251905,1,2,2,False,False,False
4013,108777,SIP147m,SIP147m_R,Cachero 2010: aSP-a; Yu 2010: aSP2,,,cb_intrinsic,,R,male-specific,fru_high,glutamate,glutamate,0.7830682517099566,-1,2,1,False,False,False
4014,108816,pC1_15a,pC1_15a_L,"Lee 2002, Rideout 2010, Nojima 2021: pC1; Cachero 2010: pMP-e; Yu 2010: pMP4",,,cb_intrinsic,,L,male-specific,coexpress_high,acetylcholine,acetylcholine,0.9208897857044199,1,3,1,False,True,False
4015,109201,BM_Vib,BM_Vib_L,,BM_Vib,,cb_sensory,mechanosensory,,,,acetylcholine,acetylcholine,0.9567829638063874,1,2,2,False,False,False
4016,109222,SIP112m,SIP112m_L,Cachero 2010: aSP-a; Yu 2010: aSP2,,,cb_intrinsic,,L,male-specific,fru_high,glutamate,glutamate,0.8131501412359109,-1,2,2,False,False,False
4017,109302,CL081,CL081_L,,CL081,CL081,cb_intrinsic,,L,,,acetylcholine,acetylcholine,0.9243244224572875,1,2,2,False,False,False
4018,110055,CB1538,CB1538_L,,CB1538,,cb_intrinsic,,L,,,gaba,gaba,0.7967634955691498,-1,1,2,False,False,False
4019,111164,LT52,LT52_L,,LT52,LT52,visual_projection,,L,,,glutamate,glutamate,0.7583756343139786,-1,2,2,False,False,False
4020,111272,BM,BM_L,,"BM_Ant,BM_Fr,BM_FrOr,BM_InOc,BM_Oc,BM_Or,BM_Vib",,cb_sensory,mechanosensory,,,,acetylcholine,acetylcholine,0.966112885010684,1,2,2,False,False,False
4021,111277,JO-B3,JO-B3_L,,JO-B3,,cb_sensory,mechanosensory,,,,acetylcholine,acetylcholine,0.9549294412129887,1,0,3,True,False,False
4022,111822,CB4228,CB4228_L,,CB4228,,cb_intrinsic,,L,,,acetylcholine,acetylcholine,0.9653924968199714,1,1,3,False,False,False
4023,112105,JO-B3,JO-B3_L,,JO-B3,,cb_sensory,mechanosensory,,,,acetylcholine,acetylcholine,0.9531728428162484,1,0,3,True,False,False
4024,112147,AVLP040,AVLP040_L,,AVLP040,AVLP040,cb_intrinsic,,L,,,acetylcholine,acetylcholine,0.904570839956058,1,2,2,False,False,False
4025,112210,AN08B099_d,AN08B099_d_R,,AN_GNG_148,,ascending_neuron,,R,,,acetylcholine,acetylcholine,0.9710172439207901,1,2,2,False,False,False
4026,112404,PS268,PS268_R,,"PS268,PS269,CB3941",PS268,cb_intrinsic,,R,,,acetylcholine,acetylcholine,0.9479288712847102,1,2,2,False,False,False
4027,112589,AN08B099_d,AN08B099_d_L,,AN_GNG_148,,ascending_neuron,,L,,,acetylcholine,acetylcholine,0.968005535263073,1,2,2,False,False,False
4028,113018,SIP100m,SIP100m_L,Cachero 2010: aSP-a; Yu 2010: aSP2,,,cb_intrinsic,,L,male-specific,fru_high,glutamate,glutamate,0.7584510123771496,-1,2,2,False,False,False
4029,113085,PVLP008_c,PVLP008_c_R,,CB4050,PVLP008_c,cb_intrinsic,,R,,,glutamate,glutamate,0.8295850152094264,-1,2,2,False,False,False
4030,113270,CB4216,CB4216_L,,CB4216,,cb_intrinsic,,L,,,acetylcholine,acetylcholine,0.9235528298660034,1,2,2,False,False,False
4031,113402,AVLP378,AVLP378_L,,CB3370,AVLP378,cb_intrinsic,,L,,,acetylcholine,acetylcholine,0.894064733740435,1,2,2,False,False,False
4032,113651,AN06B039,AN06B039_L,,AN_GNG_106,,ascending_neuron,,L,,,gaba,gaba,0.8500721218092531,-1,2,2,False,False,False
4033,114550,IN10B007,IN10B007_L,,,,ascending_neuron,,L,,,acetylcholine,acetylcholine,0.9712697878649351,1,2,2,False,False,False
4034,114598,JO-B4_b,JO-B4_b_L,,JO-B4_b,,cb_sensory,mechanosensory,,,,acetylcholine,acetylcholine,0.929382426551841,1,0,3,True,False,False
4035,114795,AN08B031,AN08B031_L,Lillvis 2024: vPR13,,,ascending_neuron,,L,sexually dimorphic,fru_high,acetylcholine,acetylcholine,0.9625435451281845,1,2,2,False,False,False
4036,115499,SMP207,SMP207_L,,"SMP213,SMP214",SMP207,cb_intrinsic,,L,,,glutamate,glutamate,0.8413634271804606,-1,2,2,False,False,False
4037,115598,SIP122m,SIP122m_R,Cachero 2010: aSP-a; Yu 2010: aSP2,,,cb_intrinsic,,R,male-specific,fru_high,glutamate,glutamate,0.7429814615703761,-1,2,2,False,False,False
4038,116367,AVLP235,AVLP235_L,,AVLP235,AVLP235,cb_intrinsic,,L,,,acetylcholine,acetylcholine,0.8709225640679165,1,2,2,False,False,False
4039,116783,LC18,LC18_L,,LC18,LC18,visual_projection,,L,,,acetylcholine,acetylcholine,0.9747326673375373,1,2,2,False,False,False
4040,117272,PVLP005,PVLP005_L,,"PVLP004,PVLP005",PVLP005,cb_intrinsic,,L,,,glutamate,glutamate,0.8119334756769517,-1,2,2,False,False,False
4041,117638,SMP106,SMP106_R,Cachero 2010: aSP-a; Yu 2010: aSP2,SMP106,SMP106,cb_intrinsic,,R,,fru_low,glutamate,glutamate,0.8459927686895968,-1,2,2,False,False,False
4042,117756,JO-B1_c,JO-B1_c_L,,JO-B1_c,,cb_sensory,mechanosensory,,,,acetylcholine,acetylcholine,0.9573817708646819,1,0,3,True,False,False
4043,117817,AN08B047,AN08B047_R,,,,ascending_neuron,,R,potentially male-specific,,acetylcholine,acetylcholine,0.9570859813888795,1,2,2,False,False,False
4044,118264,LAL021,LAL021_R,,LAL021,LAL021,cb_intrinsic,,R,,,acetylcholine,acetylcholine,0.9508812408488232,1,2,2,False,False,False
4045,119230,CL128_e,CL128_e_L,,CL128b,CL128,cb_intrinsic,,L,,,gaba,gaba,0.7851673350024657,-1,2,2,False,False,False
4046,119491,AVLP227,AVLP227_L,,AVLP227,AVLP227,cb_intrinsic,,L,,,acetylcholine,acetylcholine,0.9220559629093481,1,2,2,False,False,False
4047,120563,AVLP055,AVLP055_L,,AVLP055,AVLP055,cb_intrinsic,,L,,,glutamate,glutamate,0.8664119279768866,-1,2,2,False,False,False
4048,120579,SMP723m,SMP723m_L,Cachero 2010: aSP-a; Yu 2010: aSP2,,,cb_intrinsic,,L,male-specific,fru_high,glutamate,glutamate,0.8317645086883813,-1,3,1,False,False,False
4049,120703,BM_Vib,BM_Vib_L,,BM_Vib,,cb_sensory,mechanosensory,,,,acetylcholine,acetylcholine,0.9650970612863822,1,2,2,False,False,False
4050,120948,CB4170,CB4170_L,,CB4170,,cb_intrinsic,,L,,,gaba,gaba,0.8438627622301192,-1,2,2,False,False,False
4051,121454,SAD008,SAD008_L,,SAD008a,SAD008,cb_intrinsic,,L,,,acetylcholine,acetylcholine,0.942599863346772,1,2,2,False,False,False
4052,121617,JO-B1_c,JO-B1_c_L,,JO-B1_c,,cb_sensory,mechanosensory,,,,acetylcholine,acetylcholine,0.9028552260224898,1,0,3,True,False,False
4053,122256,CB1460,CB1460_L,,CB1460,,cb_intrinsic,,L,,,acetylcholine,acetylcholine,0.9705623789761932,1,2,2,False,False,False
4054,122868,SIP113m,SIP113m_L,Cachero 2010: aSP-a; Yu 2010: aSP2,,,cb_intrinsic,,L,male-specific,fru_high,glutamate,glutamate,0.7959479051281716,-1,2,1,False,False,False
4055,123157,CL271,CL271_L,,CL271,CL271,cb_intrinsic,,L,,,acetylcholine,acetylcholine,0.9425042829903519,1,2,2,False,False,False
4056,123226,PVLP207m,PVLP207m_L,Cachero 2010: pIP-e; Yu 2010: pIP5,,,cb_intrinsic,,L,male-specific,fru_low,acetylcholine,acetylcholine,0.9026798218125855,1,2,2,False,False,False
4057,123245,AOTU032,AOTU032_L,,CB3961,AOTU032,cb_intrinsic,,L,,,acetylcholine,acetylcholine,0.9625493041178926,1,2,2,False,False,False
4058,123650,JO-B3,JO-B3_L,,JO-B3,,cb_sensory,mechanosensory,,,,acetylcholine,acetylcholine,0.9208235519526459,1,0,3,True,False,False
4059,124001,SApp13,SApp13_L,,,,sensory_ascending,mechanosensory_proprioceptive,,,,acetylcholine,acetylcholine,0.9709416370839412,1,2,2,False,False,False
4060,124689,AN05B054_a,AN05B054_a_L,,AN_GNG_69,,ascending_neuron,,L,,,gaba,gaba,0.8544536268804712,-1,2,2,False,False,False
4061,125060,SMP403,SMP403_L,,CB4199,SMP403,cb_intrinsic,,L,,,acetylcholine,acetylcholine,0.8779900937537316,1,2,2,False,False,False
4062,125137,,17414_L,,"CB3234,CB3377",,cb_intrinsic,,L,,,acetylcholine,acetylcholine,0.9681138559298875,1,2,2,False,False,False
4063,125721,pC1_19,pC1_19_R,"Lee 2002, Rideout 2010, Nojima 2021: pC1",,,cb_intrinsic,,R,male-specific,dsx_high,acetylcholine,acetylcholine,0.899180975877855,1,3,1,False,True,False
4064,125938,CL268,CL268_L,,CL268,CL268,cb_intrinsic,,L,,,acetylcholine,acetylcholine,0.9543776232542167,1,2,2,False,False,False
4065,126498,JO-A1,JO-A1_R,,JO-A1,,cb_sensory,mechanosensory,,,,acetylcholine,unclear,0.870663321267279,1,0,3,True,False,False
4066,126888,AVLP412,AVLP412_L,,"CB1221,CB3628",AVLP412,cb_intrinsic,,L,,,acetylcholine,acetylcholine,0.896699521774826,1,2,2,False,False,False
4067,127239,SIP124m,SIP124m_L,Cachero 2010: aSP-a; Yu 2010: aSP2,,,cb_intrinsic,,L,male-specific,fru_high,glutamate,glutamate,0.7909089770024083,-1,2,2,False,False,False
4068,127881,pC1_19,pC1_19_L,"Lee 2002, Rideout 2010, Nojima 2021: pC1",,,cb_intrinsic,,L,male-specific,dsx_high,acetylcholine,acetylcholine,0.8995128516309188,1,3,1,False,True,False
4069,127912,JO-FV,JO-FV_L,,JO-FV,,cb_sensory,mechanosensory,,,,acetylcholine,acetylcholine,0.9550760691259631,1,2,2,False,False,False
4070,127914,AN08B099_e,AN08B099_e_L,,AN_GNG_182,,ascending_neuron,,L,,,acetylcholine,acetylcholine,0.9339281048531555,1,2,2,False,False,False
4071,128237,AOTU034,AOTU034_L,,CB3962,AOTU034,cb_intrinsic,,L,,,acetylcholine,acetylcholine,0.964362016308439,1,2,2,False,False,False
4072,129290,JO-B4_a,JO-B4_a_L,,JO-B4_a,,cb_sensory,mechanosensory,,,,acetylcholine,acetylcholine,0.9571962643130734,1,0,3,True,False,False
4073,130240,WED015,WED015_L,,WED015a,WED015,cb_intrinsic,,L,,,gaba,gaba,0.7836417658237591,-1,2,2,False,False,False
4074,130844,SIP147m,SIP147m_L,Cachero 2010: aSP-a; Yu 2010: aSP2,,,cb_intrinsic,,L,male-specific,fru_high,glutamate,glutamate,0.7711533124073044,-1,2,2,False,False,False
4075,131125,AN07B062,AN07B062_L,Cachero 2010: dPR-b,,,ascending_neuron,,L,,fru_high,acetylcholine,acetylcholine,0.9708246904728006,1,2,2,False,False,False
4076,131757,BM_Vib,BM_Vib_L,,BM_Vib,,cb_sensory,mechanosensory,,,,acetylcholine,acetylcholine,0.9747326673375373,1,2,2,False,False,False
4077,132923,AN08B110,AN08B110_L,,,,ascending_neuron,,L,,,acetylcholine,acetylcholine,0.9556178322624809,1,2,2,False,False,False
4078,133115,SApp13,SApp13_R,,,,sensory_ascending,mechanosensory_proprioceptive,,,,acetylcholine,acetylcholine,0.9722973861641209,1,2,2,False,False,False
4079,133574,CL147,CL147_L,,CB1913,CL147,cb_intrinsic,,L,,,glutamate,glutamate,0.8233253286558242,-1,2,2,False,False,False
4080,133757,SMP381_c,SMP381_c_L,,SMP381,SMP381,cb_intrinsic,,L,,,acetylcholine,acetylcholine,0.780975942671899,1,2,2,False,False,False
4081,134244,CB2081_b,CB2081_b_L,,CB2081,,cb_intrinsic,,L,,fru_high,acetylcholine,acetylcholine,0.9747326673375373,1,1,3,False,False,False
4082,134678,CB2721,CB2721_L,,CB2721,,cb_intrinsic,,L,,,glutamate,glutamate,0.8611351343180589,-1,2,2,False,False,False
4083,135491,,,Cachero 2010: aIP-c;Yu 2010: aIP1/aIP4/aSP10,"CB1485,CB3214,CB3405",,cb_intrinsic,,L,,fru_low,acetylcholine,acetylcholine,0.9346963868216424,1,2,2,False,False,False
4084,136628,CB1638,CB1638_L,,CB1638,,cb_intrinsic,,L,,,acetylcholine,acetylcholine,0.9527989333900531,1,1,2,False,False,False
4085,136782,AVLP225_b3,AVLP225_b3_L,,CB1573,AVLP225_b,cb_intrinsic,,L,,,acetylcholine,acetylcholine,0.9026389379308031,1,2,2,False,False,False
4086,137979,CB4072,CB4072_R,,CB4072,,cb_intrinsic,,R,,,acetylcholine,acetylcholine,0.9496155745839532,1,2,2,False,False,False
4087,138403,JO-EV2,JO-EV2_L,,JO-EV2,,cb_sensory,mechanosensory,,,,acetylcholine,acetylcholine,0.8963085384953909,1,2,2,False,False,False
4088,138445,CL120,CL120_R,Cachero 2010: aDT-g; Yu 2010: aDT5,CL120a,CL120,cb_intrinsic,,R,,fru_low,gaba,gaba,0.750213140097932,-1,2,1,False,False,False
4089,139035,CB2721,CB2721_R,,CB2721,,cb_intrinsic,,R,,,glutamate,glutamate,0.853524117314226,-1,2,2,False,False,False
4090,139266,SMP716m,SMP716m_L,,,,cb_intrinsic,,L,potentially male-specific,coexpress_low,acetylcholine,acetylcholine,0.9112674854741479,1,3,1,False,False,False
4091,141220,CB2996,CB2996_L,,CB2996,,cb_intrinsic,,L,,,glutamate,glutamate,0.8580774928161877,-1,2,2,False,False,False
4092,141266,JO-CA1,JO-CA1_L,,JO-CA1,,cb_sensory,mechanosensory,,,,acetylcholine,acetylcholine,0.960565822354632,1,1,3,False,False,False
4093,141560,JO-B3,JO-B3_L,,JO-B3,,cb_sensory,mechanosensory,,,,acetylcholine,acetylcholine,0.9581394818677583,1,0,3,True,False,False
4094,143244,AN08B097,AN08B097_L,,AN_GNG_183,,ascending_neuron,,L,,,acetylcholine,acetylcholine,0.9650746798307512,1,2,2,False,False,False
4095,144027,CL191_b,CL191_b_L,,CB2808,CL191,cb_intrinsic,,L,,,glutamate,glutamate,0.7766890191228095,-1,2,2,False,False,False
4096,144112,JO-B4_a,JO-B4_a_L,,JO-B4_a,,cb_sensory,mechanosensory,,,,acetylcholine,acetylcholine,0.8828397528786746,1,0,3,True,False,False
4097,144305,LC18,LC18_L,,LC18,LC18,visual_projection,,L,,,acetylcholine,acetylcholine,0.9431021141520898,1,2,2,False,False,False
4098,145198,JO-EV6,JO-EV6_L,,JO-EV6,,cb_sensory,mechanosensory,,,,acetylcholine,acetylcholine,0.9172712652340597,1,2,2,False,False,False
4099,145380,CB4173,CB4173_R,,CB4173,,cb_intrinsic,,R,,,acetylcholine,acetylcholine,0.9726250247848981,1,2,2,False,False,False
4100,145734,TmY5a,TmY5a_L,,TmY5a,,ol_intrinsic,,L,,,glutamate,glutamate,0.8052026302967414,-1,2,2,False,False,False
4101,147029,JO-EV2,JO-EV2_L,,JO-EV2,,cb_sensory,mechanosensory,,,,acetylcholine,acetylcholine,0.8981610267289595,1,2,2,False,False,False
4102,148730,AN08B099_a,AN08B099_a_L,,AN_GNG_149,,ascending_neuron,,L,,,acetylcholine,acetylcholine,0.962419576909338,1,2,2,False,False,False
4103,148808,BM,BM_R,,"BM_Ant,BM_Fr,BM_FrOr,BM_InOc,BM_Oc,BM_Or,BM_Vib",,cb_sensory,mechanosensory,,,,acetylcholine,acetylcholine,0.7858611253624174,1,2,2,False,False,False
4104,148994,AN08B047,AN08B047_R,,,,ascending_neuron,,R,potentially male-specific,,acetylcholine,acetylcholine,0.9618782312175352,1,2,2,False,False,False
4105,149631,AN08B061,AN08B061_R,,,,ascending_neuron,,R,potentially male-specific,,acetylcholine,acetylcholine,0.957032282436249,1,2,2,False,False,False
4106,149854,JO-B2,JO-B2_L,,JO-B2,,cb_sensory,mechanosensory,,,,acetylcholine,acetylcholine,0.9495714460720084,1,0,3,True,False,False
4107,149913,JO-B4_b,JO-B4_b_L,,JO-B4_b,,cb_sensory,mechanosensory,,,,acetylcholine,acetylcholine,0.9747326673375373,1,0,3,True,False,False
4108,150301,AVLP486,AVLP486_L,,AVLP486,AVLP486,cb_intrinsic,,L,,,gaba,gaba,0.6557991983261227,-1,2,2,False,False,False
4109,150421,JO-B1_b,JO-B1_b_L,,JO-B1_b,,cb_sensory,mechanosensory,,,,acetylcholine,acetylcholine,0.8854654888448444,1,0,3,True,False,False
4110,150489,AN09B016,AN09B016_R,,AN_AVLP_54,,ascending_neuron,,R,,,acetylcholine,acetylcholine,0.9651262998606948,1,2,2,False,False,False
4111,151368,aSP10C_a,aSP10C_a_L,Cachero 2010: aIP-b,CB1382,aSP10C_a,cb_intrinsic,,L,sexually dimorphic,fru_high,acetylcholine,acetylcholine,0.8820367631798615,1,2,2,False,False,False
4112,151800,FLA001m,FLA001m_R,,,,cb_intrinsic,,R,male-specific,,acetylcholine,acetylcholine,0.9354857512981954,1,2,1,False,False,False
4113,152260,CB2625,CB2625_L,,CB2625,,cb_intrinsic,,L,,,acetylcholine,acetylcholine,0.9280510402585169,1,2,2,False,False,False
4114,152829,BM_Vib,BM_Vib_L,,BM_Vib,,cb_sensory,mechanosensory,,,,acetylcholine,acetylcholine,0.9747326673375373,1,2,2,False,False,False
4115,152873,PVLP205m,PVLP205m_R,Cachero 2010: aSP-f; Yu 2010: aSP5; Ruta 2010: DC1,,,cb_intrinsic,,R,male-specific,fru_high,acetylcholine,acetylcholine,0.9215197297609925,1,2,2,False,False,False
4116,153491,PVLP005,PVLP005_L,,"PVLP004,PVLP005",PVLP005,cb_intrinsic,,L,,,glutamate,glutamate,0.8032544608562792,-1,2,2,False,False,False
4117,153859,JO-B1_b,JO-B1_b_L,,JO-B1_b,,cb_sensory,mechanosensory,,,,acetylcholine,acetylcholine,0.864247780020135,1,0,3,True,False,False
4118,154274,AN08B061,AN08B061_L,,,,ascending_neuron,,L,potentially male-specific,,acetylcholine,acetylcholine,0.9614791793115467,1,2,2,False,False,False
4119,154726,AN18B003,AN18B003_R,,,,ascending_neuron,,R,,,acetylcholine,acetylcholine,0.9668846499802392,1,2,2,False,False,False
4120,155298,AN05B054_b,AN05B054_b_L,,AN_GNG_69,,ascending_neuron,,L,,,gaba,gaba,0.8555907355789459,-1,2,2,False,False,False
4121,155912,JO-EV2,JO-EV2_L,,JO-EV2,,cb_sensory,mechanosensory,,,,acetylcholine,acetylcholine,0.9339831576962566,1,2,2,False,False,False
4122,156482,AVLP235,AVLP235_L,,AVLP235,AVLP235,cb_intrinsic,,L,,,acetylcholine,acetylcholine,0.8967896258340624,1,2,2,False,False,False
4123,156865,pC1_19,pC1_19_L,"Lee 2002, Rideout 2010, Nojima 2021: pC1",,,cb_intrinsic,,L,male-specific,dsx_high,acetylcholine,acetylcholine,0.8649871571218489,1,3,1,False,True,False
4124,157371,AN08B061,AN08B061_R,,,,ascending_neuron,,R,potentially male-specific,,acetylcholine,acetylcholine,0.9747326673375373,1,2,2,False,False,False
4125,157603,AN05B048,AN05B048_R,,,,ascending_neuron,,R,,,gaba,gaba,0.8457584770401751,-1,2,2,False,False,False
4126,157875,LH006m,LH006m_L,Cachero 2010: aSP-f; Yu 2010: aSP5; Ruta 2010: DC1,,,cb_intrinsic,,L,male-specific,fru_high,acetylcholine,acetylcholine,0.9521977815381875,1,2,2,False,False,False
4127,158549,SMP461,SMP461_R,,SMP461,SMP461,cb_intrinsic,,R,,,acetylcholine,acetylcholine,0.9131586126277678,1,3,1,False,False,False
4128,158576,JO-B1_b,JO-B1_b_L,,JO-B1_b,,cb_sensory,mechanosensory,,,,acetylcholine,acetylcholine,0.9524239574219276,1,0,3,True,False,False
4129,161900,AN05B048,AN05B048_L,,,,ascending_neuron,,L,,,gaba,gaba,0.8599241752173533,-1,2,2,False,False,False
4130,162461,GNG103,GNG103_L,,CB0626,,cb_intrinsic,,L,,,gaba,unclear,0.4556328299770735,-1,2,2,False,False,False
4131,162471,AN09B020,AN09B020_R,,AN_GNG_33,,ascending_neuron,,R,,,acetylcholine,acetylcholine,0.9330386029476985,1,2,2,False,False,False
4132,162650,AN08B061,AN08B061_L,,,,ascending_neuron,,L,potentially male-specific,,acetylcholine,acetylcholine,0.9592020028622266,1,2,2,False,False,False
4133,162673,PVLP205m,PVLP205m_R,Cachero 2010: aSP-f; Yu 2010: aSP5; Ruta 2010: DC1,,,cb_intrinsic,,R,male-specific,fru_high,acetylcholine,acetylcholine,0.9311984904202673,1,2,2,False,False,False
4134,163625,JO-EV2,JO-EV2_L,,JO-EV2,,cb_sensory,mechanosensory,,,,acetylcholine,acetylcholine,0.9426495310020245,1,2,2,False,False,False
4135,166028,WED166_d,WED166_d_R,,"WED166_c,WED027","WED166_c,WED027",cb_intrinsic,,R,,,acetylcholine,acetylcholine,0.9666410786005809,1,2,2,False,False,False
4136,166158,AN08B112,AN08B112_L,,AN_GNG_164,,ascending_neuron,,L,,,acetylcholine,acetylcholine,0.911154287372997,1,2,2,False,False,False
4137,166368,AN08B035,AN08B035_R,,,,ascending_neuron,,R,potentially male-specific,,acetylcholine,acetylcholine,0.9747326673375373,1,2,2,False,False,False
4138,167019,AN08B047,AN08B047_L,,,,ascending_neuron,,L,potentially male-specific,,acetylcholine,acetylcholine,0.9420094469316453,1,2,2,False,False,False
4139,168652,JO-B2,JO-B2_L,,JO-B2,,cb_sensory,mechanosensory,,,,acetylcholine,acetylcholine,0.9602300227376396,1,0,3,True,False,False
4140,168970,AN10B045,AN10B045_L,,,,ascending_neuron,,L,,,acetylcholine,acetylcholine,0.9654942458942611,1,2,2,False,False,False
4141,168985,JO-unclear,JO-unclear_L,,,,cb_sensory,mechanosensory,,,,acetylcholine,acetylcholine,0.8857954314638328,1,1,3,False,False,False
4142,170209,pC1_19,pC1_19_R,"Lee 2002, Rideout 2010, Nojima 2021: pC1",,,cb_intrinsic,,R,male-specific,dsx_high,acetylcholine,acetylcholine,0.8838162752555572,1,3,1,False,True,False
4143,173087,BM_Vib,BM_Vib_L,,BM_Vib,,cb_sensory,mechanosensory,,,,acetylcholine,acetylcholine,0.912283499336984,1,2,2,False,False,False
4144,173861,AVLP120,AVLP120_L,,AVLP120,AVLP120,cb_intrinsic,,L,,,acetylcholine,acetylcholine,0.9395618453897693,1,1,2,False,False,False
4145,175313,PS110,PS110_R,,CB2582,PS110,cb_intrinsic,,R,,,acetylcholine,acetylcholine,0.9284648951105535,1,2,2,False,False,False
4146,176608,FLA002m,FLA002m_R,Cachero 2010: aDT-h; Yu 2010: aDT6,,,cb_intrinsic,,R,male-specific,fru_high,acetylcholine,acetylcholine,0.574014489999342,1,3,1,False,False,False
4147,176862,AVLP299_c,AVLP299_c_R,Cachero 2010: aIP-b,AVLP299_a,AVLP299_c,cb_intrinsic,,R,sexually dimorphic,fru_high,acetylcholine,acetylcholine,0.9475720265075075,1,2,2,False,False,False
4148,176912,BM_Vib,BM_Vib_L,,BM_Vib,,cb_sensory,mechanosensory,,,,acetylcholine,acetylcholine,0.9747326673375373,1,2,2,False,False,False
4149,179637,JO-FV,JO-FV_L,,JO-FV,,cb_sensory,mechanosensory,,,,acetylcholine,acetylcholine,0.9590766292041691,1,2,2,False,False,False
4150,180378,AVLP222,AVLP222_L,,AVLP222,AVLP222,cb_intrinsic,,L,,,acetylcholine,acetylcholine,0.9675306435572569,1,2,2,False,False,False
4151,180724,pC1_15c,pC1_15c_L,"Lee 2002, Rideout 2010, Nojima 2021: pC1; Cachero 2010: pMP-e; Yu 2010: pMP4",,,cb_intrinsic,,L,male-specific,coexpress_low,acetylcholine,acetylcholine,0.9166825911926558,1,3,1,False,True,False
4152,181169,SMP106,SMP106_L,Cachero 2010: aSP-a; Yu 2010: aSP2,SMP106,SMP106,cb_intrinsic,,L,,fru_low,glutamate,glutamate,0.8487789390460988,-1,2,2,False,False,False
4153,182945,AN10B037,AN10B037_L,,,,ascending_neuron,,L,,,acetylcholine,acetylcholine,0.9689103827232377,1,2,2,False,False,False
4154,183575,AN08B097,AN08B097_R,,AN_GNG_122,,ascending_neuron,,R,,,acetylcholine,acetylcholine,0.968032994251893,1,2,2,False,False,False
4155,183736,AN08B061,AN08B061_L,,,,ascending_neuron,,L,potentially male-specific,,acetylcholine,acetylcholine,0.9580212466114768,1,2,2,False,False,False
4156,183777,IN10B007,IN10B007_R,,,,ascending_neuron,,R,,,acetylcholine,acetylcholine,0.9633309192509967,1,2,2,False,False,False
4157,183855,AVLP739m,AVLP739m_L,Cachero 2010: aIP-c; Yu 2010: aIP1/aIP4/aSP10,,,cb_intrinsic,,L,male-specific,fru_high,acetylcholine,acetylcholine,0.946189310052634,1,2,2,False,False,False
4158,184114,AN08B061,AN08B061_L,,,,ascending_neuron,,L,potentially male-specific,,acetylcholine,acetylcholine,0.9679613977334038,1,2,2,False,False,False
4159,186380,DNge144,DNge144_L,,DNge144,,descending_neuron,,L,,,acetylcholine,acetylcholine,0.9716201895650077,1,2,2,False,False,False
4160,188933,DNg92_a,DNg92_a_L,,DNg92_a,,descending_neuron,,L,,,acetylcholine,acetylcholine,0.9410149025009865,1,2,2,False,False,False
4161,188947,DNg60,DNg60_R,Sterne 2021: mesa; Sterne 2021: snail; Sapkal 2024: bluebell; Sapkal 2024: BB,DNg60,,descending_neuron,,R,,,gaba,gaba,0.8906737556339844,-1,2,2,False,False,False
4162,189543,AN08B107,AN08B107_L,,,,ascending_neuron,,L,,,acetylcholine,acetylcholine,0.9747326673375373,1,2,2,False,False,False
4163,190020,SMP714m,SMP714m_R,Cachero 2010: pMP-a; Yu 2010: pMP5,,,cb_intrinsic,,R,male-specific,fru_high,acetylcholine,acetylcholine,0.881419899529809,1,2,2,False,False,False
4164,190894,JO-B4_b,JO-B4_b_L,,JO-B4_b,,cb_sensory,mechanosensory,,,,acetylcholine,acetylcholine,0.9510689251210365,1,0,3,True,False,False
4165,192450,JO-CM,JO-CM_L,,JO-CM,,cb_sensory,mechanosensory,,,,acetylcholine,acetylcholine,0.8998325266941698,1,1,3,False,False,False
4166,192515,PLP106,PLP106_R,,PLP106,PLP106,cb_intrinsic,,R,,,acetylcholine,acetylcholine,0.9615795537458072,1,2,2,False,False,False
4167,195446,JO-B2,JO-B2_L,,JO-B2,,cb_sensory,mechanosensory,,,,acetylcholine,acetylcholine,0.9314036693357236,1,0,3,True,False,False
4168,197252,DNg92_a,DNg92_a_R,,DNg92_a,,descending_neuron,,R,,,acetylcholine,acetylcholine,0.9322023691002814,1,2,2,False,False,False
4169,199352,DNge130,DNge130_L,,DNge130,,descending_neuron,,L,,,acetylcholine,acetylcholine,0.9409201358408088,1,1,2,False,False,False
4170,199504,IN17A037,IN17A037_L,,,,ascending_neuron,,L,,,acetylcholine,acetylcholine,0.9163412385121008,1,2,2,False,False,False
4171,199980,SIP113m,SIP113m_R,Cachero 2010: aSP-a; Yu 2010: aSP2,,,cb_intrinsic,,R,male-specific,fru_high,glutamate,glutamate,0.8199359947955024,-1,3,1,False,False,False
4172,200336,AN05B023b,AN05B023b_L,,,,ascending_neuron,,L,,,gaba,gaba,0.8479738459114189,-1,2,2,False,False,False
4173,201329,CB2433,CB2433_L,,CB2433,,cb_intrinsic,,L,,,acetylcholine,acetylcholine,0.8967152417206173,1,2,2,False,False,False
4174,202892,,,,,,cb_intrinsic,,R,,,acetylcholine,acetylcholine,0.9714362448876234,1,2,2,False,False,False
4175,205974,JO-B1_b,JO-B1_b_L,,JO-B1_b,,cb_sensory,mechanosensory,,,,acetylcholine,acetylcholine,0.9614487562173867,1,0,3,True,False,False
4176,206644,SIP113m,SIP113m_R,Cachero 2010: aSP-a; Yu 2010: aSP2,,,cb_intrinsic,,R,male-specific,fru_high,glutamate,glutamate,0.7890526967490865,-1,3,1,False,False,False
4177,207663,JO-B4_b,JO-B4_b_L,,JO-B4_b,,cb_sensory,mechanosensory,,,,acetylcholine,acetylcholine,0.9228194611015245,1,0,3,True,False,False
4178,208509,SMP106,SMP106_L,Cachero 2010: aSP-a; Yu 2010: aSP2,SMP106,SMP106,cb_intrinsic,,L,,fru_low,glutamate,glutamate,0.848704798923353,-1,2,2,False,False,False
4179,209300,AN08B102,AN08B102_R,,,,ascending_neuron,,R,,,acetylcholine,acetylcholine,0.9513229038366778,1,2,2,False,False,False
4180,210215,AN09B023,AN09B023_R,,AN_WED_GNG_2,,ascending_neuron,,R,,,acetylcholine,acetylcholine,0.9072630585393866,1,2,2,False,False,False
4181,210416,JO-B1_c,JO-B1_c_L,,JO-B1_c,,cb_sensory,mechanosensory,,,,acetylcholine,acetylcholine,0.9516207304332024,1,0,3,True,False,False
4182,213985,JO-B1_a,JO-B1_a_L,,JO-B1_a,,cb_sensory,mechanosensory,,,,acetylcholine,acetylcholine,0.9439477304559184,1,0,3,True,False,False
4183,214478,BM_InOm,BM_InOm_L,,BM_InOm,,cb_sensory,mechanosensory,,,,acetylcholine,acetylcholine,0.9014840795460645,1,2,2,False,False,False
4184,214630,FLA002m,FLA002m_R,Cachero 2010: aDT-h; Yu 2010: aDT6,,,cb_intrinsic,,R,male-specific,fru_high,acetylcholine,acetylcholine,0.8565793065595991,1,3,1,False,False,False
4185,215515,AN10B037,AN10B037_R,,,,ascending_neuron,,R,,,acetylcholine,acetylcholine,0.9623944576945078,1,2,2,False,False,False
4186,216846,SIP112m,SIP112m_R,Cachero 2010: aSP-a; Yu 2010: aSP2,,,cb_intrinsic,,R,male-specific,fru_high,glutamate,glutamate,0.7990025977576313,-1,2,2,False,False,False
4187,217594,AN08B099_b,AN08B099_b_R,,AN_GNG_149,,ascending_neuron,,R,,,acetylcholine,acetylcholine,0.890878516545083,1,2,2,False,False,False
4188,218203,JO-EV6,JO-EV6_L,,JO-EV6,,cb_sensory,mechanosensory,,,,acetylcholine,acetylcholine,0.9100934692252605,1,2,2,False,False,False
4189,218826,WED163,WED163_L,,WED163c,WED163,cb_intrinsic,,L,,,acetylcholine,acetylcholine,0.9523169946781227,1,1,3,False,False,False
4190,220200,pC1_13b,pC1_13b_R,"Lee 2002, Rideout 2010, Nojima 2021: pC1",,,cb_intrinsic,,R,potentially male-specific,dsx_high,acetylcholine,acetylcholine,0.934107613552648,1,2,1,False,True,False
4191,221939,SIP113m,SIP113m_R,Cachero 2010: aSP-a; Yu 2010: aSP2,,,cb_intrinsic,,R,male-specific,fru_high,glutamate,glutamate,0.7821340787821014,-1,2,1,False,False,False
4192,222154,AN00A002,AN00A002_M,,AN_GNG_133,,ascending_neuron,,M,,,gaba,gaba,0.8923385467349185,-1,2,2,False,False,False
4193,223861,JO-CM,JO-CM_L,,JO-CM,,cb_sensory,mechanosensory,,,,acetylcholine,acetylcholine,0.943284711655236,1,2,2,False,False,False
4194,223870,AN08B084,AN08B084_R,,,,ascending_neuron,,R,potentially male-specific,,acetylcholine,acetylcholine,0.575045087269782,1,2,1,False,False,False
4195,227102,AN14A003,AN14A003_R,,AN_GNG_180,,ascending_neuron,,R,,,glutamate,glutamate,0.7948054086636059,-1,2,2,False,False,False
4196,227289,SIP112m,SIP112m_R,Cachero 2010: aSP-a; Yu 2010: aSP2,,,cb_intrinsic,,R,male-specific,fru_high,glutamate,glutamate,0.790025784441157,-1,2,1,False,False,False
4197,230783,DNg97,DNg97_R,Sapkal 2024: oDN1,DNg97,,descending_neuron,,R,,,acetylcholine,acetylcholine,0.9634516865248812,1,2,2,False,False,False
4198,231936,JO-FD1,JO-FD1_L,,JO-FD1,,cb_sensory,mechanosensory,,,,acetylcholine,acetylcholine,0.9298060494532305,1,2,2,False,False,False
4199,232828,AVLP279,AVLP279_L,,CB1738,AVLP279,cb_intrinsic,,L,,,acetylcholine,acetylcholine,0.8783250889737167,1,2,2,False,False,False
4200,232880,JO-A1,JO-A1_L,,JO-A1,,cb_sensory,mechanosensory,,,,acetylcholine,acetylcholine,0.8481336948903453,1,0,3,True,False,False
4201,233170,JO-B3,JO-B3_L,,JO-B3,,cb_sensory,mechanosensory,,,,acetylcholine,acetylcholine,0.9310020146801756,1,0,3,True,False,False
4202,237614,SMP106,SMP106_L,Cachero 2010: aSP-a; Yu 2010: aSP2,SMP106,SMP106,cb_intrinsic,,L,,fru_low,glutamate,glutamate,0.8314797161864439,-1,2,2,False,False,False
4203,238938,JO-EV2,JO-EV2_L,,JO-EV2,,cb_sensory,mechanosensory,,,,acetylcholine,acetylcholine,0.9117036280872638,1,2,2,False,False,False
4204,241016,JO-B3,JO-B3_R,,JO-B3,,cb_sensory,mechanosensory,,,,acetylcholine,acetylcholine,0.9567386453339606,1,0,3,True,False,False
4205,241227,BM_Vib,BM_Vib_R,,BM_Vib,,cb_sensory,mechanosensory,,,,acetylcholine,acetylcholine,0.8974258402864235,1,2,2,False,False,False
4206,241525,AVLP283,AVLP283_L,,AVLP283,AVLP283,cb_intrinsic,,L,,,acetylcholine,acetylcholine,0.9116939033246094,1,2,2,False,False,False
4207,242405,DNge046,DNge046_R,,DNge046,,descending_neuron,,R,,,gaba,gaba,0.8554268390048418,-1,2,2,False,False,False
4208,242879,BM,BM_L,,"BM_Ant,BM_Fr,BM_FrOr,BM_InOc,BM_Oc,BM_Or,BM_Vib",,cb_sensory,mechanosensory,,,,acetylcholine,acetylcholine,0.9637362068185062,1,2,2,False,False,False
4209,248488,JO-B2,JO-B2_R,,JO-B2,,cb_sensory,mechanosensory,,,,acetylcholine,unclear,0.9516069059549137,1,0,3,True,False,False
4210,253904,AN08B061,AN08B061_R,,,,ascending_neuron,,R,potentially male-specific,,acetylcholine,acetylcholine,0.9635945284887151,1,2,2,False,False,False
4211,256420,DNge050,DNge050_R,Sapkal 2024: BDN4,DNge050,,descending_neuron,,R,,,acetylcholine,acetylcholine,0.9585682580874316,1,2,2,False,False,False
4212,257510,SMP093,SMP093_R,,SMP093,SMP093,cb_intrinsic,,R,,,glutamate,glutamate,0.8370635729194189,-1,3,1,False,False,False
4213,258426,JO-B2,JO-B2_L,,JO-B2,,cb_sensory,mechanosensory,,,,acetylcholine,acetylcholine,0.9394443443801184,1,0,3,True,False,False
4214,267251,CB1085,CB1085_R,,CB1085,"AVLP413,AVLP412,AVLP414",cb_intrinsic,,R,,,acetylcholine,acetylcholine,0.9041892942885521,1,2,2,False,False,False
4215,273433,SIP122m,SIP122m_R,Cachero 2010: aSP-a; Yu 2010: aSP2,,,cb_intrinsic,,R,male-specific,fru_high,glutamate,glutamate,0.8008197653980419,-1,2,1,False,False,False
4216,274166,GNG594,GNG594_L,,CB0005,,cb_intrinsic,,L,,,gaba,gaba,0.7609985733823834,-1,2,2,False,False,False
4217,274169,JO-B1_b,JO-B1_b_L,,JO-B1_b,,cb_sensory,mechanosensory,,,,acetylcholine,acetylcholine,0.9000765625148871,1,0,3,True,False,False
4218,274845,,,,,,,,,,,unclear,unclear,0.9747326673375372,0,2,2,False,False,False
4219,277683,JO-CA2,JO-CA2_L,,JO-CA2,,cb_sensory,mechanosensory,,,,acetylcholine,acetylcholine,0.9162926039176501,1,1,3,False,False,False
4220,283806,JO-B4_b,JO-B4_b_L,,JO-B4_b,,cb_sensory,mechanosensory,,,,acetylcholine,acetylcholine,0.933976076598285,1,0,3,True,False,False
4221,287884,OA-VPM3,OA-VPM3_L,,OA-VPM3,OA-VPM3,cb_intrinsic,,L,,,octopamine,octopamine,0.7670792230852191,0,2,2,False,False,False
4222,296721,SIP119m,SIP119m_R,Cachero 2010: aSP-a; Yu 2010: aSP2,,,cb_intrinsic,,R,male-specific,fru_high,glutamate,glutamate,0.7366552437069116,-1,2,2,False,False,False
4223,303829,SIP112m,SIP112m_L,Cachero 2010: aSP-a; Yu 2010: aSP2,,,cb_intrinsic,,L,male-specific,fru_high,glutamate,glutamate,0.7617199746351833,-1,2,1,False,False,False
4224,308087,JO-A1,JO-A1_R,,,,cb_sensory,mechanosensory,,,,acetylcholine,unclear,0.9099541881246612,1,0,3,True,False,False
4225,322714,DNg12_b,DNg12_b_L,,DNg12_b,,descending_neuron,,L,,,acetylcholine,acetylcholine,0.953196536079028,1,2,2,False,False,False
4226,331721,AN27X004,AN27X004_R,Cheong 2024: MtAHN,MtAHN,,ascending_neuron,,R,,,histamine,histamine,0.7970401993032727,0,2,2,False,False,False
4227,333886,WED207,WED207_L,,CB3486,,cb_intrinsic,,L,,,gaba,gaba,0.7894416573090408,-1,1,3,False,False,False
4228,342502,AN18B004,AN18B004_L,,,,ascending_neuron,,L,,,acetylcholine,acetylcholine,0.9634473886035366,1,2,2,False,False,False
4229,381870,JO-B1_b,JO-B1_b_R,,JO-B1_b,,cb_sensory,mechanosensory,,,,acetylcholine,unclear,0.8452483672192644,1,0,3,True,False,False
4230,382580,AN08B031,AN08B031_R,Lillvis 2024: vPR13,,,ascending_neuron,,R,sexually dimorphic,fru_high,acetylcholine,acetylcholine,0.9705688648128521,1,2,2,False,False,False
4231,387990,JO-A1,JO-A1_L,,JO-A1,,cb_sensory,mechanosensory,,,,acetylcholine,acetylcholine,0.7898900325967518,1,0,3,True,False,False
4232,388536,AVLP154,AVLP154_L,,AVLP154,AVLP154,cb_intrinsic,,L,,,acetylcholine,acetylcholine,0.9193148762948227,1,2,2,False,False,False
4233,397749,JO-B4_b,JO-B4_b_R,,JO-B4_b,,cb_sensory,mechanosensory,,,,acetylcholine,unclear,0.9238016923020252,1,0,3,True,False,False
4234,398883,JO-A1,JO-A1_R,,JO-A1,,cb_sensory,mechanosensory,,,,acetylcholine,unclear,0.9400299106163537,1,0,3,True,False,False
4235,403791,JO-B1_c,JO-B1_c_L,,JO-B1_c,,cb_sensory,mechanosensory,,,,acetylcholine,acetylcholine,0.8129448834217188,1,0,3,True,False,False
4236,407092,JO-FV,JO-FV_L,,JO-FV,,cb_sensory,mechanosensory,,,,acetylcholine,acetylcholine,0.9477567714795637,1,2,2,False,False,False
4237,423550,BM,BM_L,,"BM_Ant,BM_Fr,BM_FrOr,BM_InOc,BM_Oc,BM_Or,BM_Vib",,cb_sensory,mechanosensory,,,,acetylcholine,acetylcholine,0.8513666525318326,1,2,2,False,False,False
4238,427762,JO-A2,JO-A2_R,,JO-A2,,cb_sensory,mechanosensory,,,,acetylcholine,unclear,0.9747326673375373,1,0,3,True,False,False
4239,429088,CL122_a,CL122_a_L,Cachero 2010: aDT-g; Yu 2010: aDT5,CL122_a,CL122,cb_intrinsic,,L,potentially sexually dimorphic,fru_low,gaba,gaba,0.7987258869571937,-1,3,1,False,False,False
4240,431420,AN08B099_a,AN08B099_a_R,,AN_GNG_149,,ascending_neuron,,R,,,acetylcholine,acetylcholine,0.9681107988452454,1,2,2,False,False,False
4241,433049,AVLP095,AVLP095_L,,CB3348,AVLP095,cb_intrinsic,,L,,,gaba,gaba,0.8452720521778814,-1,2,1,False,False,False
4242,433834,JO-EV2,JO-EV2_L,,JO-EV2,,cb_sensory,mechanosensory,,,,acetylcholine,acetylcholine,0.8171383808232967,1,2,2,False,False,False
4243,468519,BM_Vib,BM_Vib_R,,BM_Vib,,cb_sensory,mechanosensory,,,,acetylcholine,acetylcholine,0.9243996348598007,1,2,2,False,False,False
4244,478230,JO-B1_c,JO-B1_c_L,,JO-B1_c,,cb_sensory,mechanosensory,,,,acetylcholine,acetylcholine,0.7351615545453053,1,0,3,True,False,False
4245,491190,JO-A2,JO-A2_L,,JO-A2,,cb_sensory,mechanosensory,,,,acetylcholine,acetylcholine,0.8110347927125947,1,0,3,True,False,False
4246,506334,DNp42,DNp42_R,,DNp42,DNp42,descending_neuron,,R,,,acetylcholine,acetylcholine,0.9536809713527438,1,2,2,False,False,False
4247,511752,CB0307,CB0307_L,,CB0307,,cb_intrinsic,,L,,,gaba,gaba,0.8047811164806967,-1,1,2,False,False,False
4248,511757,SAD070,SAD070_L,,SAD070,SAD070,cb_intrinsic,,L,,,gaba,gaba,0.766879199734552,-1,2,2,False,False,False
4249,511775,LoVP92,LoVP92_L,Cachero 2010: pIP-b; Yu 2010: pIP8,,,visual_projection,,L,male-specific,fru_high,acetylcholine,acetylcholine,0.9510536020767831,1,2,2,False,False,False
4250,511784,PS112,PS112_L,,PS112,PS112,cb_intrinsic,,L,,,glutamate,glutamate,0.7334231564725976,-1,2,2,False,False,False
4251,511797,LoVC11,LoVC11_L,,cL22b,VES015,visual_centrifugal,,L,,,gaba,gaba,0.8728506354673712,-1,2,2,False,False,False
4252,511799,SAD057,SAD057_R,Cachero 2010: aDT-e,CB1078,SAD057,cb_intrinsic,,R,,fru_high,acetylcholine,acetylcholine,0.9106548749885328,1,1,2,False,False,False
4253,511818,ALON3,ALON3_L,"fru-M-100011, fru-M-300292",ALON3,,cb_intrinsic,ALON,L,,fru_low,glutamate,glutamate,0.7032807615648994,-1,2,2,False,False,False
4254,511820,SMP554,SMP554_R,,SMP554,SMP554,cb_intrinsic,,R,,,gaba,gaba,0.7841680862432225,-1,2,2,False,False,False
4255,511860,CB1185,CB1185_L,Cachero 2010: aIP-e; Yu 2010: aSP9; Ruta 2010: LC2,CB1185,,cb_intrinsic,,L,,fru_low,acetylcholine,acetylcholine,0.9673541143967689,1,2,2,False,False,False
4256,511861,aSP10B,aSP10B_L,Cachero 2010: aIP-b,"CB1259,CB3589",aSP10B,cb_intrinsic,,L,,fru_high,acetylcholine,acetylcholine,0.9543055052948743,1,2,2,False,False,False
4257,511867,AN05B096,AN05B096_R,,AN_GNG_SAD_20,,ascending_neuron,,R,,,acetylcholine,acetylcholine,0.6613247834002245,1,2,2,False,False,False
4258,511890,Li25,Li25_L,,Li17,,ol_intrinsic,,L,,,gaba,gaba,0.900418657007391,-1,2,2,False,False,False
4259,511899,mAL_m5a,mAL_m5a_R,Cachero 2010: aDT-b; Yu 2010: aDT2,,,cb_intrinsic,,R,male-specific,fru_high,gaba,gaba,0.6751535101407653,-1,2,1,False,False,False
4260,511900,mAL_m5c,mAL_m5c_R,Cachero 2010: aDT-b; Yu 2010: aDT2,,,cb_intrinsic,,R,male-specific,fru_high,gaba,gaba,0.6300637448043928,-1,2,1,False,False,False
4261,511901,mAL_m8,mAL_m8_R,Cachero 2010: aDT-b; Yu 2010: aDT2,,,cb_intrinsic,,R,male-specific,fru_high,gaba,gaba,0.5866235611248932,-1,2,2,False,False,False
4262,511925,WED065,WED065_L,,CB4172,WED065,cb_intrinsic,,L,,,acetylcholine,acetylcholine,0.9620452574612055,1,2,2,False,False,False
4263,511956,AVLP163,AVLP163_L,,CB3668,AVLP163,cb_intrinsic,,L,,,acetylcholine,acetylcholine,0.9496666819155457,1,2,2,False,False,False
4264,511993,CL097,CL097_L,,CL097,CL097,cb_intrinsic,,L,,,acetylcholine,acetylcholine,0.8879635494856333,1,2,2,False,False,False
4265,511996,CB0956,CB0956_L,,CB0956,,cb_intrinsic,,L,,,acetylcholine,acetylcholine,0.9643890262894746,1,1,2,False,False,False
4266,512010,SAD040,SAD040_R,,SAD040,SAD040,cb_intrinsic,,R,,,acetylcholine,acetylcholine,0.7632770521619328,1,2,2,False,False,False
4267,512011,pC1_12a,pC1_12a_R,"Lee 2002, Rideout 2010, Nojima 2021: pC1; Cachero 2010: pMP-e; Yu 2010: pMP4",,,cb_intrinsic,,R,male-specific,coexpress_low,acetylcholine,acetylcholine,0.9668465261269406,1,2,1,False,True,False
4268,512033,AVLP381,AVLP381_L,,AVLP381,AVLP381,cb_intrinsic,,L,,,acetylcholine,acetylcholine,0.9630456078487121,1,2,2,False,False,False
4269,512059,ANXXX027,ANXXX027(15443)_L,,AN_AVLP_PVLP_1,,ascending_neuron,,L,,,acetylcholine,acetylcholine,0.9706312449861039,1,2,2,False,False,False
4270,512070,PVLP135,PVLP135_L,,PVLP135,PVLP135,cb_intrinsic,,L,,,acetylcholine,acetylcholine,0.958480286407872,1,2,2,False,False,False
4271,512071,DNae001,DNae001(DNa01)_L,,DNae001,DNa01,descending_neuron,,L,,,acetylcholine,acetylcholine,0.9606293159755364,1,2,2,False,False,False
4272,512077,LAL082,LAL082_R,,LAL082,LAL082,cb_intrinsic,,R,,,unclear,unclear,0.4097486820033549,0,2,2,False,False,False
4273,512087,LPLC1,LPLC1_L,,LPLC1,LPLC1,visual_projection,,L,,,acetylcholine,acetylcholine,0.946260451861093,1,2,2,False,False,False
4274,512094,LAL191,LAL191_L,,LAL191,LAL191,cb_intrinsic,,L,,,acetylcholine,acetylcholine,0.9316001677785174,1,2,2,False,False,False
4275,512118,VES087,VES087_L,,CB0865,,cb_intrinsic,,L,,,gaba,gaba,0.8608189614563808,-1,2,2,False,False,False
4276,512121,CB1280,CB1280_R,,CB1280,,cb_intrinsic,,R,,,acetylcholine,acetylcholine,0.9624366616878086,1,1,2,False,False,False
4277,512159,CL263,CL263_L,,CL263,CL263,cb_intrinsic,,L,,,acetylcholine,acetylcholine,0.9636354029753856,1,2,2,False,False,False
4278,512165,GNG555,GNG555_L,,CB0198,,cb_intrinsic,,L,,,gaba,gaba,0.8650162694923234,-1,2,2,False,False,False
4279,512166,AVLP059,AVLP059_R,,AVLP059,AVLP059,cb_intrinsic,,R,,,glutamate,glutamate,0.7831329588983375,-1,2,2,False,False,False
4280,512176,CB2824,CB2824_L,,CB2824,,cb_intrinsic,,L,,,gaba,gaba,0.8320827607322936,-1,1,3,False,False,False
4281,512188,SMP092,SMP092_L,,SMP092,SMP092,cb_intrinsic,,L,,,glutamate,glutamate,0.7804808932155947,-1,3,1,False,False,False
4282,512192,VES099,VES099_L,,CB0632,,cb_intrinsic,,L,,,gaba,gaba,0.821280456695743,-1,2,2,False,False,False
4283,512201,LC9,LC9_L,,LC9,LC9,visual_projection,,L,,,acetylcholine,acetylcholine,0.9487429540472826,1,2,2,False,False,False
4284,512236,AMMC028,AMMC028_R,,CB3893,,cb_intrinsic,,R,,,gaba,gaba,0.8717440935411459,-1,2,2,False,False,False
4285,512246,AVLP541,AVLP541_L,,AVLP541b,AVLP541,cb_intrinsic,,L,,,glutamate,glutamate,0.8261758693373511,-1,2,2,False,False,False
4286,512263,SIP103m,SIP103m_L,Cachero 2010: aSP-a; Yu 2010: aSP2,,,cb_intrinsic,,L,male-specific,fru_high,glutamate,glutamate,0.8494132453974227,-1,2,1,False,False,False
4287,512281,CB3329,CB3329_L,,CB3329,,cb_intrinsic,,L,,,acetylcholine,acetylcholine,0.9665927929344887,1,2,2,False,False,False
4288,512309,LT86,LT86_L,,LT86,LT86,visual_projection,,L,,,acetylcholine,acetylcholine,0.9495814521055904,1,2,2,False,False,False
4289,512314,SMP164,SMP164_L,,SMP164,SMP164,cb_intrinsic,,L,,,gaba,gaba,0.7354480765633197,-1,2,1,False,False,False
4290,512324,SAD052,SAD052_L,Cachero 2010: aDT-e,SAD052,SAD052,cb_intrinsic,,L,,fru_high,acetylcholine,acetylcholine,0.9541805126441566,1,1,2,False,False,False
4291,512328,PS197,PS197(PS198)_R,,PS198,"PS197,PS198",cb_intrinsic,,R,,,acetylcholine,acetylcholine,0.9526650758021562,1,2,2,False,False,False
4292,512347,AVLP153,AVLP153_L,,AVLP153,AVLP153,cb_intrinsic,,L,,,acetylcholine,acetylcholine,0.9622159525278734,1,2,2,False,False,False
4293,512351,GNG490,GNG490_L,,CB0619,,cb_intrinsic,,L,,,gaba,gaba,0.8556507556625873,-1,2,2,False,False,False
4294,512390,LAL113,LAL113_R,,LAL113,LAL113,cb_intrinsic,,R,,,gaba,gaba,0.8373493060745247,-1,2,2,False,False,False
4295,512415,PVLP123,PVLP123_L,,PVLP123a,PVLP123,cb_intrinsic,,L,,,acetylcholine,acetylcholine,0.9640322303635668,1,1,2,False,False,False
4296,512416,CB2108,CB2108_L,,CB2108,,cb_intrinsic,,L,,,acetylcholine,acetylcholine,0.9543247603429478,1,2,2,False,False,False
4297,512456,GNG555,GNG555_R,,CB0198,,cb_intrinsic,,R,,,gaba,gaba,0.8634922272114792,-1,2,2,False,False,False
4298,512504,CL099,CL099_L,,CL099,CL099,cb_intrinsic,,L,,,acetylcholine,acetylcholine,0.9398015596108931,1,2,2,False,False,False
4299,512530,AN17B002,AN17B002_R,,AN_GNG_AMMC_1,,ascending_neuron,,R,,,gaba,gaba,0.8497626681981123,-1,1,3,False,False,False
4300,512531,SAD117,SAD117_R,,CB1169,,cb_intrinsic,,R,,,gaba,gaba,0.7782150396347907,-1,2,2,False,False,False
4301,512534,CB1852,CB1852_L,Cachero 2010: aIP-e; Yu 2010: aSP9; Ruta 2010: LC2,CB1852,,cb_intrinsic,,L,,fru_high,acetylcholine,acetylcholine,0.9640350261260362,1,2,2,False,False,False
4302,512541,CB3552,CB3552_L,,CB3552,,cb_intrinsic,,L,,,gaba,gaba,0.862578961317747,-1,1,3,False,False,False
4303,512575,ALON3,ALON3_R,"fru-M-100011, fru-M-300292",ALON3,,cb_intrinsic,ALON,R,,fru_low,glutamate,glutamate,0.7002389999449986,-1,2,2,False,False,False
4304,512581,SMP702m,SMP702m_L,,,,cb_intrinsic,,L,male-specific,,glutamate,glutamate,0.6502980753623363,-1,3,1,False,False,False
4305,512615,CB1078,CB1078_R,Cachero 2010: aDT-e,CB1078,,cb_intrinsic,,R,,fru_high,acetylcholine,acetylcholine,0.9504580788551558,1,2,2,False,False,False
4306,512617,CB2153,CB2153_L,,CB2153,,cb_intrinsic,,L,,,acetylcholine,acetylcholine,0.9474128031463189,1,1,2,False,False,False
4307,512629,JO-CM,JO-CM_R,,JO-CM,,cb_sensory,mechanosensory,,,,acetylcholine,acetylcholine,0.8604372531180312,1,2,2,False,False,False
4308,512673,CL256,CL256_L,,CL256,CL256,cb_intrinsic,,L,,,acetylcholine,acetylcholine,0.94252201343693,1,2,2,False,False,False
4309,512688,SAD097,SAD097_L,,CB1817b,,cb_intrinsic,,L,,,acetylcholine,acetylcholine,0.9624534240253111,1,1,2,False,False,False
4310,512690,GNG516,GNG516_R,,CB0496,,cb_intrinsic,,R,,,gaba,gaba,0.8583505469817788,-1,1,3,False,False,False
4311,512722,CB0405,CB0405_R,Cachero 2010: pMP-b; Yu 2010: pMP5; Rideout 2010: pC3; Zhou 2014: pCd; Nojima 2021: pCd-2,CB0405,,cb_intrinsic,,R,,coexpress_high,gaba,gaba,0.7512754228868375,-1,3,1,False,False,False
4312,512723,SIP142m,SIP142m_L,Cachero 2010: aSP-a; Yu 2010: aSP2,,,cb_intrinsic,,L,male-specific,fru_high,glutamate,glutamate,0.8275982429837816,-1,3,1,False,False,False
4313,512734,SMP081,SMP081_L,,SMP081,SMP081,cb_intrinsic,,L,,,glutamate,glutamate,0.7381858387472029,-1,2,2,False,False,False
4314,512782,AN06B039,AN06B039_L,,AN_IPS_GNG_7,,ascending_neuron,,L,,,gaba,gaba,0.8737332237420579,-1,2,2,False,False,False
4315,512821,CB4248,CB4175_L,Cachero 2010: aIP-a,CB4248,,cb_intrinsic,,L,,fru_high,gaba,gaba,0.8500977322166245,-1,1,2,False,False,False
4316,512823,mAL_m5a,mAL_m5a_R,Cachero 2010: aDT-b; Yu 2010: aDT2,,,cb_intrinsic,,R,male-specific,fru_high,gaba,gaba,0.5815491407581083,-1,2,1,False,False,False
4317,512824,mAL_m1,mAL_m1_L,Cachero 2010: aDT-b; Yu 2010: aDT2,,,cb_intrinsic,,L,male-specific,fru_high,gaba,gaba,0.6424857757225609,-1,2,2,False,False,False
4318,512841,SMP109,SMP109_L,,SMP109,SMP109,cb_intrinsic,,L,,,acetylcholine,acetylcholine,0.9314591110762862,1,2,2,False,False,False
4319,512842,CL029_b,CL029_b_L,,CL029b,CL029,cb_intrinsic,,L,,,glutamate,glutamate,0.7538867788590965,-1,2,2,False,False,False
4320,512861,GNG527,GNG527_L,,CB0408,,cb_intrinsic,,L,,,gaba,gaba,0.8613390427156844,-1,2,2,False,False,False
4321,512862,AVLP059,AVLP059_L,,AVLP059,AVLP059,cb_intrinsic,,L,,,glutamate,glutamate,0.753514644446743,-1,2,2,False,False,False
4322,512881,GNG541,GNG541_L,,CB0256,,cb_intrinsic,,L,,,glutamate,glutamate,0.806859897121619,-1,2,2,False,False,False
4323,512903,AVLP545,AVLP545_R,,AVLP547a,AVLP545,cb_intrinsic,,R,,,glutamate,glutamate,0.6493849268167426,-1,2,2,False,False,False
4324,512922,SIP143m,SIP143m_R,Cachero 2010: aSP-a; Yu 2010: aSP2,,,cb_intrinsic,,R,male-specific,fru_high,glutamate,glutamate,0.768047730298651,-1,2,1,False,False,False
4325,512931,CB2855,CB2855_L,,CB2855,,cb_intrinsic,,L,,,acetylcholine,acetylcholine,0.9592878221608966,1,2,2,False,False,False
4326,512975,JO-A3,JO-A3_L,,JO-A3,,cb_sensory,mechanosensory,,,,acetylcholine,acetylcholine,0.9518139400755725,1,0,3,True,False,False
4327,513029,PVLP204m,PVLP204m_L,Cachero 2010: pIP-e; Yu 2010: pIP5; Nojima 2021: pC2l,,,cb_intrinsic,,L,male-specific,coexpress_high,acetylcholine,acetylcholine,0.9310281525060371,1,2,1,False,False,False
4328,513041,SIP124m,SIP124m_L,Cachero 2010: aSP-a; Yu 2010: aSP2,,,cb_intrinsic,,L,male-specific,fru_high,glutamate,glutamate,0.7377661898826777,-1,2,2,False,False,False
4329,513042,mAL_m1,mAL_m1_R,Cachero 2010: aDT-b; Yu 2010: aDT2,,,cb_intrinsic,,R,male-specific,fru_high,gaba,gaba,0.5894750612259302,-1,2,1,False,False,False
4330,513052,DNg15,DNg15_R,Matsuo 2016: AMMC-Db5; Sterne 2021: nagini,DNg15,,descending_neuron,,R,,,acetylcholine,acetylcholine,0.9395922026007191,1,1,2,False,False,False
4331,513055,AN08B059,AN08B059_L,Lillvis 2024: vPR13,,,ascending_neuron,,L,male-specific,fru_high,acetylcholine,acetylcholine,0.9731164581512523,1,2,2,False,False,False
4332,513057,DNge046,DNge046_L,,DNge046,,descending_neuron,,L,,,gaba,gaba,0.6888626294952026,-1,2,2,False,False,False
4333,513095,AVLP107,AVLP107_L,,AVLP107,AVLP107,cb_intrinsic,,L,,,acetylcholine,acetylcholine,0.9380783143291399,1,2,2,False,False,False
4334,513096,,,,"CB3289,CB3531",,cb_intrinsic,,L,,,acetylcholine,acetylcholine,0.9726560825184928,1,2,2,False,False,False
4335,513100,PS146,PS146_L,,PS146,PS146,cb_intrinsic,,L,,,glutamate,glutamate,0.7631362821906925,-1,2,2,False,False,False
4336,513102,VES206m,VES206m_L,,,,cb_intrinsic,,L,male-specific,,acetylcholine,acetylcholine,0.9450165723157657,1,2,2,False,False,False
4337,513114,AN01A055,AN01A055_R,,AN_multi_106,,ascending_neuron,,R,,,acetylcholine,acetylcholine,0.9614074911992334,1,1,2,False,False,False
4338,513117,CB2281,CB2281_L,,CB2281,,cb_intrinsic,,L,,,acetylcholine,acetylcholine,0.9051029300605731,1,2,2,False,False,False
4339,513125,CB3302,CB3302_R,,CB3302,,cb_intrinsic,,R,,,acetylcholine,acetylcholine,0.9268115285994816,1,2,2,False,False,False
4340,513127,SIP122m,SIP122m_L,Cachero 2010: aSP-a; Yu 2010: aSP2,,,cb_intrinsic,,L,male-specific,fru_high,glutamate,glutamate,0.7661983360486387,-1,2,2,False,False,False
4341,513129,pC1_8b,pC1_8b_L,"Lee 2002, Rideout 2010, Nojima 2021: pC1",,,cb_intrinsic,,L,male-specific,dsx_high,acetylcholine,acetylcholine,0.9536415221644203,1,2,2,False,True,False
4342,513132,AVLP300_a,AVLP300_a_L,Cachero 2010: aIP-b,AVLP300_b,AVLP300_a,cb_intrinsic,,L,,fru_low,acetylcholine,acetylcholine,0.9426986125675433,1,2,2,False,False,False
4343,513134,ANXXX152,ANXXX152_L,,,,ascending_neuron,,L,potentially male-specific,,acetylcholine,acetylcholine,0.9449235295265787,1,3,1,False,False,False
4344,513149,AVLP109,AVLP109_L,,AVLP109,AVLP109,cb_intrinsic,,L,,,acetylcholine,acetylcholine,0.9667968511089358,1,2,2,False,False,False
4345,513163,VES007,VES007_R,,VES007,VES007,cb_intrinsic,,R,,,acetylcholine,acetylcholine,0.9623685683057955,1,2,2,False,False,False
4346,513184,AVLP036,AVLP036_L,,CB2840,AVLP036,cb_intrinsic,,L,,,acetylcholine,acetylcholine,0.9548478833404368,1,2,2,False,False,False
4347,513222,SAD110,SAD110_L,,CB1231a,,cb_intrinsic,,L,,,gaba,gaba,0.7987114408434205,-1,1,3,False,False,False
4348,513233,VES048,VES048_L,,VES048,VES048,cb_intrinsic,,L,,,glutamate,glutamate,0.7324414568492273,-1,2,2,False,False,False
4349,513235,AN00A006,AN00A006_M,,,,ascending_neuron,,M,potentially sexually dimorphic,,gaba,glutamate,0.8334144427798691,-1,2,1,False,False,False
4350,513286,,22507_R,,"CB2014,CB2039",,cb_intrinsic,,R,,,acetylcholine,acetylcholine,0.9453318629306051,1,2,2,False,False,False
4351,513287,BM_Vib,BM_Vib_R,,BM_Vib,,cb_sensory,mechanosensory,,,,acetylcholine,acetylcholine,0.9449762990541303,1,2,2,False,False,False
4352,513312,mAL_m5b,mAL_m5b_R,Cachero 2010: aDT-b; Yu 2010: aDT2,,,cb_intrinsic,,R,male-specific,fru_high,gaba,gaba,0.6532683438376435,-1,2,1,False,False,False
4353,513313,mAL_m8,mAL_m8_R,Cachero 2010: aDT-b; Yu 2010: aDT2,,,cb_intrinsic,,R,male-specific,fru_high,gaba,gaba,0.5830488098297733,-1,2,2,False,False,False
4354,513344,AVLP728m,AVLP728m_L,Cachero 2010: aIP-b,,,cb_intrinsic,,L,male-specific,fru_high,acetylcholine,acetylcholine,0.9497990774955901,1,2,2,False,False,False
4355,513360,AVLP423,AVLP423_L,,AVLP423,AVLP423,cb_intrinsic,,L,,,gaba,gaba,0.8951045454141368,-1,1,3,False,False,False
4356,513413,AVLP732m,AVLP732m_R,Cachero 2010: aIP-c; Yu 2010: aIP1/aIP4/aSP10,,,cb_intrinsic,,R,male-specific,fru_high,acetylcholine,acetylcholine,0.9656476543688174,1,2,2,False,False,False
4357,513415,PVLP210m,PVLP210m_L,Cachero 2010: pIP-e; Yu 2010: pIP5; Nojima 2021: pC2l,,,cb_intrinsic,,L,male-specific,coexpress_high,acetylcholine,acetylcholine,0.9540993317248342,1,2,1,False,False,False
4358,513421,SMP041,SMP041_L,,SMP041,SMP041,cb_intrinsic,,L,,,glutamate,glutamate,0.7820342522917937,-1,2,2,False,False,False
4359,513433,AVLP160,AVLP160_L,,AVLP160,AVLP160,cb_intrinsic,,L,,,acetylcholine,acetylcholine,0.8985735285773185,1,2,2,False,False,False
4360,513434,IB092,IB092_L,"fru-F-000082,fru-F-200164,fru-F-300023,fru-M-000095,fru-M-000121,fru-M-000155,fru-M-000161,fru-M-000182,fru-M-000189,fru-M-000199,fru-M-100067,fru-M-100167,fru-M-100192,fru-M-100196,fru-M-100200,fru-M-100204,fru-M-200060,fru-M-200075,fru-M-200222,fru-M-200257,fru-M-200265,fru-M-200305,fru-M-200308,fru-M-200312,fru-M-200326,fru-M-200335,fru-M-200343,fru-M-300077,fru-M-300086,fru-M-300099,fru-M-300105,fru-M-300200,fru-M-300249,fru-M-300278,fru-M-300280,fru-M-300294,fru-M-300300,fru-M-300304,fru-M-400126,fru-M-500033,fru-M-500104,fru-M-500136,fru-M-500196,fru-M-500210,fru-M-500219,fru-M-500250,fru-M-700081,fru-M-700148,fru-M-700160,fru-M-700187,fru-M-800065,fru-M-800094,fru-M-800095,fru-M-900057,fru-M-900061",IB092,IB092,cb_intrinsic,,L,,fru_high,glutamate,glutamate,0.8433152806529899,-1,2,2,False,False,False
4361,513473,GNG581,GNG581_L,,CB0076,,cb_intrinsic,,L,,,gaba,gaba,0.8272428596163902,-1,2,2,False,False,False
4362,513483,CB2431,CB2431_L,,CB2431,,cb_intrinsic,,L,,,gaba,gaba,0.7053675408840895,-1,2,2,False,False,False
4363,513484,WED025,WED025_L,,WED025,WED025,cb_intrinsic,,L,,,gaba,gaba,0.690090309806869,-1,1,3,False,False,False
4364,513499,GNG114,GNG114_L,,CB0608,,cb_intrinsic,,L,,,gaba,gaba,0.8708609124339137,-1,2,1,False,False,False
4365,513506,CB2659,CB2659_L,,CB2659,,cb_intrinsic,,L,,,acetylcholine,acetylcholine,0.9430343385260833,1,2,2,False,False,False
4366,513507,AVLP189_b,AVLP189_b_L,,AVLP189_b,AVLP189_b,cb_intrinsic,,L,,,acetylcholine,acetylcholine,0.8303137625976853,1,2,2,False,False,False
4367,513515,WED118,WED118_L,,"CB1484,CB1869",WED118,cb_intrinsic,,L,,,acetylcholine,acetylcholine,0.9526129505653019,1,1,2,False,False,False
4368,513516,,,,"CB3234,CB3377",,cb_intrinsic,,L,,,acetylcholine,acetylcholine,0.9556261477075729,1,2,2,False,False,False
4369,513550,PS106,PS106_R,,PS106,PS106,cb_intrinsic,,R,,,gaba,gaba,0.8485260550076928,-1,2,2,False,False,False
4370,513554,AVLP451,AVLP451_R,,AVLP451c,AVLP451,cb_intrinsic,,R,,,acetylcholine,acetylcholine,0.9626296971094299,1,2,2,False,False,False
4371,513565,GNG284,GNG284_R,,CB0083,,cb_intrinsic,,R,,,gaba,gaba,0.8377467861810431,-1,2,2,False,False,False
4372,513575,PVLP203m,PVLP203m_L,"Kimura 2008, Kohatsu 2010: P2b; Cachero 2010: pIP-a; Yu 2010: pIP1",,,cb_intrinsic,,L,male-specific,fru_high,acetylcholine,acetylcholine,0.9563118182285351,1,2,2,False,False,False
4373,513636,GNG495,GNG495_R,,CB0602,,cb_intrinsic,,R,,,acetylcholine,acetylcholine,0.7008159862007303,1,3,1,False,False,False
4374,513650,pC1_12a,pC1_12a_L,"Lee 2002, Rideout 2010, Nojima 2021: pC1; Cachero 2010: pMP-e; Yu 2010: pMP4",,,cb_intrinsic,,L,male-specific,coexpress_low,acetylcholine,acetylcholine,0.9656216784306345,1,2,2,False,True,False
4375,513651,pC1_7b,pC1_7b_L,"Lee 2002, Rideout 2010, Nojima 2021: pC1; Cachero 2010: pMP-e; Yu 2010: pMP4",,,cb_intrinsic,,L,male-specific,coexpress_low,acetylcholine,acetylcholine,0.9554629480599236,1,2,1,False,True,False
4376,513652,pC1_7b,pC1_7b_L,"Lee 2002, Rideout 2010, Nojima 2021: pC1; Cachero 2010: pMP-e; Yu 2010: pMP4",,,cb_intrinsic,,L,male-specific,coexpress_low,acetylcholine,acetylcholine,0.9629315837051309,1,2,1,False,True,False
4377,513681,SAD104,SAD104_L,,CB3105,,cb_intrinsic,,L,,,gaba,gaba,0.838222442655389,-1,1,3,False,False,False
4378,513691,LAL026_a,LAL026_a_R,,"CB2418,LAL026",LAL026,cb_intrinsic,,R,,,acetylcholine,acetylcholine,0.9732582770237791,1,2,2,False,False,False
4379,513696,AVLP411,AVLP411_L,,AVLP411,AVLP411,cb_intrinsic,,L,,,acetylcholine,acetylcholine,0.9499185020493103,1,2,2,False,False,False
4380,513698,AN08B032,AN08B032_R,,AN_multi_55,,ascending_neuron,,R,,,acetylcholine,acetylcholine,0.9469547989284935,1,2,1,False,False,False
4381,513706,CB4116,CB4116_L,,CB4116,,cb_intrinsic,,L,,,acetylcholine,acetylcholine,0.9587628360065674,1,2,2,False,False,False
4382,513709,CB4118,CB4118_L,,CB4118,,cb_intrinsic,,L,,,gaba,gaba,0.807628810521504,-1,1,3,False,False,False
4383,513710,LoVC25,LoVC25_L,,cL01,,visual_centrifugal,,L,,,acetylcholine,acetylcholine,0.9207035808403737,1,2,2,False,False,False
4384,513764,LAL028,LAL028_R,Cachero 2010: aSP-d; Yu 2010: aSP13,"LAL028,LAL029",LAL028,cb_intrinsic,,R,,fru_low,acetylcholine,acetylcholine,0.9701828887247651,1,2,2,False,False,False
4385,513767,AVLP220,AVLP220_L,,AVLP220,AVLP220,cb_intrinsic,,L,,,acetylcholine,acetylcholine,0.9301473552809804,1,2,2,False,False,False
4386,513768,AVLP529,AVLP529_L,,CB1842,AVLP529,cb_intrinsic,,L,,,acetylcholine,acetylcholine,0.9623134878538319,1,2,2,False,False,False
4387,513782,WED127,WED127_L,,WED127,WED127,cb_intrinsic,,L,,,acetylcholine,acetylcholine,0.9622544004644651,1,2,2,False,False,False
4388,513783,DNg01_d,DNg01_d_R,Cachero 2010: pSG-b,DNg01,,descending_neuron,,R,,fru_low,acetylcholine,acetylcholine,0.950874706692634,1,2,2,False,False,False
4389,513785,WED055_b,WED055_b_L,,CB1383,,cb_intrinsic,,L,,,gaba,gaba,0.8648987610611348,-1,1,3,False,False,False
4390,513816,aSP10C_a,aSP10C_a_L,Cachero 2010: aIP-b,CB1382,aSP10C_a,cb_intrinsic,,L,sexually dimorphic,fru_high,acetylcholine,acetylcholine,0.8499227866293634,1,2,2,False,False,False
4391,513817,aSP10A_a,aSP10A_a_L,Cachero 2010: aIP-b,CB1783,aSP10A,cb_intrinsic,,L,sexually dimorphic,fru_high,acetylcholine,acetylcholine,0.9490600829992464,1,2,1,False,False,False
4392,513842,CB4118,CB4118_L,,CB4118,,cb_intrinsic,,L,,,gaba,gaba,0.8368714008403785,-1,1,3,False,False,False
4393,513864,PS202,PS202_L,,PS202,PS202,cb_intrinsic,,L,,,acetylcholine,acetylcholine,0.9539040777326397,1,2,1,False,False,False
4394,513886,AVLP297,AVLP297_L,Cachero 2010: aIP-b,AVLP297,AVLP297,cb_intrinsic,,L,potentially sexually dimorphic,fru_low,acetylcholine,acetylcholine,0.9309578378785837,1,2,2,False,False,False
4395,513887,CB1565,CB1565_L,,CB1565,,cb_intrinsic,,L,,,acetylcholine,acetylcholine,0.9559691330616378,1,2,2,False,False,False
4396,513888,LAL029_a,LAL029_a_L,Cachero 2010: aSP-d; Yu 2010: aSP13,"LAL028,LAL029",LAL029,cb_intrinsic,,L,,fru_low,acetylcholine,acetylcholine,0.9487568733931152,1,2,2,False,False,False
4397,513889,LAL203,LAL203_L,,LAL203,LAL203,cb_intrinsic,,L,,,acetylcholine,acetylcholine,0.9146077099377565,1,2,2,False,False,False
4398,513904,SAD049,SAD049_L,,SAD049,SAD049,cb_intrinsic,,L,,,acetylcholine,acetylcholine,0.9640439808118888,1,1,2,False,False,False
4399,513906,ANXXX404,ANXXX404_R,,AN_GNG_73,,ascending_neuron,,R,,,gaba,gaba,0.8115091499922561,-1,2,2,False,False,False
4400,513933,AN08B084,AN08B084_R,,,,ascending_neuron,,R,potentially male-specific,,acetylcholine,acetylcholine,0.6311580841524209,1,2,1,False,False,False
4401,513934,CL122_b,CL122_b_R,Cachero 2010: aDT-g; Yu 2010: aDT5,CB3978,CL122,cb_intrinsic,,R,sexually dimorphic,fru_low,gaba,gaba,0.8489833334989298,-1,2,1,False,False,False
4402,513970,GNG423,GNG423_R,,CB1582,,cb_intrinsic,,R,,,acetylcholine,acetylcholine,0.9163768503486817,1,2,2,False,False,False
4403,513985,GNG560,GNG560_L,,CB0175,,cb_intrinsic,,L,,,glutamate,glutamate,0.799283242080246,-1,2,2,False,False,False
4404,514018,CB2458,CB2458_R,,CB2458,,cb_intrinsic,,R,,,acetylcholine,acetylcholine,0.9539495321586265,1,2,2,False,False,False
4405,514020,AN08B018,AN08B018_f_R,,AN_AVLP_35,,ascending_neuron,,R,,,acetylcholine,acetylcholine,0.9716070451399436,1,2,2,False,False,False
4406,514077,pC1_11b,pC1_11b_L,"Lee 2002, Rideout 2010, Nojima 2021: pC1",,,cb_intrinsic,,L,male-specific,dsx_high,acetylcholine,acetylcholine,0.9451570308834003,1,2,1,False,True,False
4407,514139,SAD021_a,SAD021_a_L,,SAD021_a,SAD021_a,cb_intrinsic,,L,,,gaba,gaba,0.7709386324078514,-1,1,3,False,False,False
4408,514185,WED063_b,WED063_b_L,,"CB2108,CB2449",WED063_b,cb_intrinsic,,L,,,acetylcholine,acetylcholine,0.9709745258167184,1,2,2,False,False,False
4409,514187,PVLP033,PVLP033_L,,PVLP033,PVLP033,cb_intrinsic,,L,,,gaba,gaba,0.7099213975936871,-1,2,2,False,False,False
4410,514197,DNge032,DNge032_R,,DNge032,,descending_neuron,,R,,,acetylcholine,acetylcholine,0.9471257978912073,1,2,2,False,False,False
4411,514250,AVLP190,AVLP190_L,,"AVLP190,AVLP191",AVLP190,cb_intrinsic,,L,,,acetylcholine,acetylcholine,0.9320906869959932,1,2,2,False,False,False
4412,514251,AVLP444,AVLP444_L,,AVLP444,AVLP444,cb_intrinsic,,L,,,acetylcholine,acetylcholine,0.9630249595937622,1,2,2,False,False,False
4413,514258,CB1287_c,CB1287_c_L,,CB2187c,,cb_intrinsic,,L,,,acetylcholine,acetylcholine,0.9515081427213438,1,2,2,False,False,False
4414,514283,AVLP372,AVLP372_L,,CB1839,AVLP372,cb_intrinsic,,L,,,acetylcholine,acetylcholine,0.965964681682592,1,2,2,False,False,False
4415,514284,,,,"CB3431,CB3482",,cb_intrinsic,,L,,,acetylcholine,acetylcholine,0.9510051674653823,1,2,2,False,False,False
4416,514292,GNG518,GNG518_L,,CB0467,,cb_intrinsic,,L,,,acetylcholine,acetylcholine,0.959385598042867,1,2,2,False,False,False
4417,514310,CB0297,CB0297_L,,CB0297,,cb_intrinsic,,L,,,acetylcholine,acetylcholine,0.902750271008448,1,2,2,False,False,False
4418,514344,PLP217,PLP217_L,,PLP217,PLP217,cb_intrinsic,,L,,,acetylcholine,acetylcholine,0.9536375628862972,1,2,2,False,False,False
4419,514363,PLP007,PLP007_L,,PLP007,PLP007,cb_intrinsic,,L,,,glutamate,glutamate,0.8487913046120115,-1,2,2,False,False,False
4420,514372,LC18,LC18_L,,LC18,LC18,visual_projection,,L,,,acetylcholine,acetylcholine,0.9644014731132519,1,2,2,False,False,False
4421,514378,SIP141m,SIP141m_L,Cachero 2010: aSP-a; Yu 2010: aSP2,,,cb_intrinsic,,L,male-specific,fru_high,glutamate,glutamate,0.6554458174448017,-1,2,1,False,False,False
4422,514384,AN09B004,AN09B004_c_L,,AN_AVLP_PVLP_10,,ascending_neuron,,L,,,acetylcholine,acetylcholine,0.9491039041288258,1,2,2,False,False,False
4423,514394,CL335,CL335_R,,CL335,CL335,cb_intrinsic,,R,,,acetylcholine,acetylcholine,0.9423644748310536,1,2,2,False,False,False
4424,514395,AN19B028,AN19B028_L,,AN_multi_7,,ascending_neuron,,L,,,acetylcholine,acetylcholine,0.9645181045790615,1,2,2,False,False,False
4425,514441,AN00A006,AN00A006(514441)_M,,,,ascending_neuron,,M,potentially sexually dimorphic,,gaba,glutamate,0.6468485263013238,-1,2,1,False,False,False
4426,514442,CL117,CL117_L,,"CB2338,CB3321",CL117,cb_intrinsic,,L,,,gaba,gaba,0.8586049622226761,-1,2,2,False,False,False
4427,514446,AN17B007,AN17B007_R,,AN_AVLP_GNG_3,,ascending_neuron,,R,,,gaba,gaba,0.8937065149558167,-1,2,2,False,False,False
4428,514480,CB1065,CB1065_L,,CB1065,,cb_intrinsic,,L,,,gaba,gaba,0.8471835247137529,-1,1,3,False,False,False
4429,514481,PVLP123,PVLP123_L,,PVLP123b,PVLP124,cb_intrinsic,,L,,,acetylcholine,acetylcholine,0.941502814540439,1,1,2,False,False,False
4430,514510,AVLP299_d,AVLP299_d_R,Cachero 2010: aIP-b,AVLP299_c,AVLP299,cb_intrinsic,,R,sexually dimorphic,fru_high,acetylcholine,acetylcholine,0.9466663584283884,1,2,2,False,False,False
4431,514526,CL128a,CL128a_L,,CL128a,,cb_intrinsic,,L,,,gaba,gaba,0.7986068356807494,-1,2,2,False,False,False
4432,514545,PS034,PS034_R,,PS034,PS034,cb_intrinsic,,R,,,acetylcholine,acetylcholine,0.916481462510201,1,2,2,False,False,False
4433,514554,SIP103m,SIP103m_L,Cachero 2010: aSP-a; Yu 2010: aSP2,,,cb_intrinsic,,L,male-specific,fru_high,glutamate,glutamate,0.8086506854582638,-1,2,1,False,False,False
4434,514581,CB2377,CB2377_L,,CB2377,,cb_intrinsic,,L,,,acetylcholine,acetylcholine,0.570786540231274,1,2,2,False,False,False
4435,514582,PLP065,PLP065_L,,PLP065a,PLP065,cb_intrinsic,,L,,,acetylcholine,acetylcholine,0.9620125699368647,1,2,2,False,False,False
4436,514591,GNG491,GNG491_L,,CB0617,,cb_intrinsic,,L,,,acetylcholine,acetylcholine,0.7129798228838456,1,2,2,False,False,False
4437,514660,AN09B003,AN09B003(18338)_L,,AN_multi_27,,ascending_neuron,,L,,,acetylcholine,acetylcholine,0.9369463024063981,1,2,2,False,False,False
4438,514664,CB3364,CB3364_L,,CB3364,,cb_intrinsic,,L,,,acetylcholine,acetylcholine,0.967118781660034,1,1,2,False,False,False
4439,514670,LPLC2,LPLC2_L,,LPLC2,,visual_projection,,L,,,acetylcholine,acetylcholine,0.9492895379016489,1,2,2,False,False,False
4440,514680,LH004m,LH004m_L,Ruta 2010: LC1; fru-M-500251,,,cb_intrinsic,,L,male-specific,fru_high,gaba,gaba,0.5466023538594077,-1,2,1,False,False,False
4441,514706,AVLP750m,AVLP750m_L,Cachero 2010: aSP-g; Yu 2010: aSP6,,,cb_intrinsic,,L,male-specific,fru_high,acetylcholine,acetylcholine,0.9430625090848487,1,2,1,False,False,False
4442,514711,AVLP168,AVLP168_L,,CB2057,AVLP168,cb_intrinsic,,L,,,acetylcholine,acetylcholine,0.926693742538907,1,2,2,False,False,False
4443,514712,CB4116,CB4116_L,,CB4116,,cb_intrinsic,,L,,,acetylcholine,acetylcholine,0.9207137048752391,1,2,2,False,False,False
4444,514729,CB2286,CB2286_L,,CB2286,,cb_intrinsic,,L,,,acetylcholine,acetylcholine,0.9265367425111118,1,2,2,False,False,False
4445,514764,PVLP141,PVLP141_R,,PVLP141,PVLP141,cb_intrinsic,,R,,,acetylcholine,acetylcholine,0.947282577126571,1,2,2,False,False,False
4446,514846,LPLC1,LPLC1_L,,LPLC1,LPLC1,visual_projection,,L,,,acetylcholine,acetylcholine,0.9420159143760205,1,2,2,False,False,False
4447,514855,AVLP363,AVLP363_L,,AVLP363,AVLP363,cb_intrinsic,,L,,,acetylcholine,acetylcholine,0.9491869790996846,1,2,2,False,False,False
4448,514858,PS106,PS106_L,,PS106,PS106,cb_intrinsic,,L,,,gaba,gaba,0.8694115914150229,-1,2,2,False,False,False
4449,514863,AN08B041,AN08B041_L,,AN_multi_99,,ascending_neuron,,L,,,acetylcholine,acetylcholine,0.869187704837056,1,2,2,False,False,False
4450,514881,AVLP567,AVLP567_L,Cachero 2010: pIP-e; Yu 2010: pIP5; Nojima 2021: pC2l,AVLP567,AVLP567,cb_intrinsic,,L,sexually dimorphic,coexpress_high,acetylcholine,acetylcholine,0.9341004356746405,1,2,2,False,False,False
4451,514909,vpoEN,vpoEN_L,Cachero 2010: aIP-g; Yu 2010: pIP6,vpoEN,vpoEN,cb_intrinsic,,L,,fru_high,acetylcholine,acetylcholine,0.9563817118674286,1,2,2,False,False,False
4452,514910,CB3245,CB3245_L,,CB3245,,cb_intrinsic,,L,,,gaba,gaba,0.8450218313236487,-1,1,3,False,False,False
4453,514917,PLP218,PLP218_R,,PLP218,PLP218,cb_intrinsic,,R,,,glutamate,glutamate,0.8201069027025966,-1,2,2,False,False,False
4454,514922,,,,"CB1196,CB1986",,cb_intrinsic,,R,,,acetylcholine,acetylcholine,0.9435886155121592,1,2,2,False,False,False
4455,514948,AVLP287,AVLP287_R,,AVLP287,AVLP287,cb_intrinsic,,R,,,acetylcholine,acetylcholine,0.9344661694138483,1,2,2,False,False,False
4456,514952,AN08B041,AN08B041_R,,AN_multi_99,,ascending_neuron,,R,,,acetylcholine,acetylcholine,0.888824499201305,1,2,2,False,False,False
4457,514967,GNG537,GNG537_L,,CB0287,,cb_intrinsic,,L,,,acetylcholine,acetylcholine,0.9527020612653244,1,2,2,False,False,False
4458,514979,CB3673a,CB3673a_L,,CB3673a,,cb_intrinsic,,L,,,acetylcholine,acetylcholine,0.924991901408319,1,1,2,False,False,False
4459,514983,SMP093,SMP093_L,,SMP093,SMP093,cb_intrinsic,,L,,,glutamate,glutamate,0.8469381575556791,-1,3,1,False,False,False
4460,514988,PS059,PS059_L,,PS059,PS059,cb_intrinsic,,L,,,gaba,gaba,0.7889158346809028,-1,2,2,False,False,False
4461,515002,AVLP750m,AVLP750m_L,Cachero 2010: aSP-g; Yu 2010: aSP6,,,cb_intrinsic,,L,male-specific,fru_high,acetylcholine,acetylcholine,0.9463321406890366,1,2,2,False,False,False
4462,515019,GNG034,GNG034_L,,CB0468,,cb_intrinsic,,L,,,acetylcholine,acetylcholine,0.9524268739401579,1,2,2,False,False,False
4463,515026,AMMC028,AMMC028_R,,CB3893,,cb_intrinsic,,R,,,gaba,gaba,0.8818031821050837,-1,2,2,False,False,False
4464,515056,aSP10A_b,aSP10A_b_L,Cachero 2010: aIP-b,CB3313,aSP10A,cb_intrinsic,,L,potentially sexually dimorphic,fru_high,acetylcholine,acetylcholine,0.9626459357825413,1,2,1,False,False,False
4465,515062,GNG287,GNG287_L,,CB0267,,cb_intrinsic,,L,,,gaba,gaba,0.867758820355591,-1,2,2,False,False,False
4466,515145,CB1948,CB1948_L,,CB1948,,cb_intrinsic,,L,,,gaba,gaba,0.7925550920408936,-1,1,3,False,False,False
4467,515177,AVLP120,AVLP120_L,,AVLP120,AVLP120,cb_intrinsic,,L,,,acetylcholine,acetylcholine,0.946075061037245,1,1,2,False,False,False
4468,515182,CL282,CL282_L,,CL282,CL282,cb_intrinsic,,L,,,glutamate,glutamate,0.826449320239633,-1,2,2,False,False,False
4469,515210,AVLP283,AVLP283_L,,AVLP283,AVLP283,cb_intrinsic,,L,,,acetylcholine,acetylcholine,0.9434114595355715,1,2,2,False,False,False
4470,515219,PLP300m,PLP300m_R,,,,cb_intrinsic,,R,male-specific,fru_high,acetylcholine,acetylcholine,0.956219629229486,1,2,2,False,False,False
4471,515249,AN05B099,AN05B099_R,,AN_AVLP_GNG_8,,ascending_neuron,,R,,,acetylcholine,acetylcholine,0.9440195407621996,1,2,2,False,False,False
4472,515254,SIP103m,SIP103m_R,Cachero 2010: aSP-a; Yu 2010: aSP2,,,cb_intrinsic,,R,male-specific,fru_high,glutamate,glutamate,0.8391073323702745,-1,2,2,False,False,False
4473,515275,SIP124m,SIP124m_L,Cachero 2010: aSP-a; Yu 2010: aSP2,,,cb_intrinsic,,L,male-specific,fru_high,glutamate,glutamate,0.7456803822038228,-1,2,2,False,False,False
4474,515276,mAL_m5c,mAL_m5c_R,Cachero 2010: aDT-b; Yu 2010: aDT2,,,cb_intrinsic,,R,male-specific,fru_high,gaba,gaba,0.5862437640026742,-1,2,2,False,False,False
4475,515307,AN10B019,AN10B019_R,,AN_AVLP_GNG_21,,ascending_neuron,,R,,,acetylcholine,acetylcholine,0.9296007428624894,1,2,2,False,False,False
4476,515308,GNG554,GNG554_R,,CB0200,,cb_intrinsic,,R,,,glutamate,glutamate,0.7892674468573018,-1,2,2,False,False,False
4477,515323,PVLP205m,PVLP205m_L,Cachero 2010: aSP-f; Yu 2010: aSP5; Ruta 2010: DC1,,,cb_intrinsic,,L,male-specific,fru_high,acetylcholine,acetylcholine,0.928991048636753,1,2,2,False,False,False
4478,515337,CB1557,CB1557_L,,CB1557,,cb_intrinsic,,L,,,acetylcholine,acetylcholine,0.9646281466386428,1,2,2,False,False,False
4479,515346,SIP100m,SIP100m_L,Cachero 2010: aSP-a; Yu 2010: aSP2,,,cb_intrinsic,,L,male-specific,fru_high,glutamate,glutamate,0.8029276692197985,-1,3,1,False,False,False
4480,515347,AVLP743m,AVLP743m_L,Ruta 2010: LC1,,,cb_intrinsic,,L,male-specific,fru_low,unclear,unclear,0.49552681506193763,0,2,2,False,False,False
4481,515367,AVLP300_b,AVLP300_b_R,,AVLP300_b,AVLP300_b,cb_intrinsic,,R,,,acetylcholine,acetylcholine,0.9365539012512898,1,2,2,False,False,False
4482,515371,AOTU034,AOTU034_L,,CB3962,AOTU034,cb_intrinsic,,L,,,acetylcholine,acetylcholine,0.9698722369053533,1,2,2,False,False,False
4483,515420,WED092,WED092_L,,WED092c,WED092,cb_intrinsic,,L,,,acetylcholine,acetylcholine,0.9292026679744694,1,2,2,False,False,False
4484,515423,CB2342,CB2342_L,,CB2342,,cb_intrinsic,,L,,,glutamate,glutamate,0.7728866913581343,-1,2,2,False,False,False
4485,515424,AVLP294,AVLP294_L,,AVLP294,AVLP294,cb_intrinsic,,L,,,acetylcholine,acetylcholine,0.9227218292175053,1,2,2,False,False,False
4486,515445,VES204m,VES204m_L,"Lee 2002, Rideout 2010: pC2; Robinett 2010, Nojima 2021: pC2m",,,cb_intrinsic,,L,male-specific,dsx_high,acetylcholine,acetylcholine,0.947476931511309,1,2,1,False,False,False
4487,515538,AVLP732m,AVLP732m_L,Cachero 2010: aIP-c; Yu 2010: aIP1/aIP4/aSP10,,,cb_intrinsic,,L,male-specific,fru_high,acetylcholine,acetylcholine,0.9501921466963651,1,2,2,False,False,False
4488,515561,VES200m,VES200m_L,Cachero 2010: aSP-b; Yu 2010: aSP1,,,cb_intrinsic,,L,potentially male-specific,fru_high,glutamate,glutamate,0.7399759204964994,-1,2,2,False,False,False
4489,515578,SLP003,SLP003_L,,SLP003,SLP003,cb_intrinsic,,L,,,gaba,gaba,0.8074954852376155,-1,2,2,False,False,False
4490,515743,SIP116m,SIP116m_L,Cachero 2010: aSP-a; Yu 2010: aSP2,,,cb_intrinsic,,L,male-specific,fru_high,glutamate,glutamate,0.7647754181623282,-1,2,2,False,False,False
4491,515757,SAD036,SAD036_L,,SAD036,SAD036,cb_intrinsic,,L,,,glutamate,glutamate,0.6716718230844586,-1,2,2,False,False,False
4492,515758,AN05B049_a,AN05B049_a_R,,AN_GNG_69,,ascending_neuron,,R,,,gaba,gaba,0.8657956619210802,-1,2,2,False,False,False
4493,515785,DNg76,DNg76_L,,DNg76,,descending_neuron,,L,,,acetylcholine,acetylcholine,0.9405972811976616,1,2,2,False,False,False
4494,515799,LAL029_e,LAL029_e_L,Cachero 2010: aSP-d; Yu 2010: aSP13,"LAL028,LAL029",LAL029,cb_intrinsic,,L,,fru_low,acetylcholine,acetylcholine,0.9420051927729906,1,2,2,False,False,False
4495,515803,ALON3,ALON3_L,"fru-M-100011, fru-M-300292",ALON3,,cb_intrinsic,ALON,L,,fru_low,glutamate,glutamate,0.6068949135405034,-1,2,2,False,False,False
4496,515859,VES052,VES052_L,,"VES051,VES052",VES052,cb_intrinsic,,L,,,glutamate,glutamate,0.8246984460926154,-1,2,2,False,False,False
4497,515900,LC4,LC4_L,,LC4,LC4,visual_projection,,L,,,acetylcholine,acetylcholine,0.9694046614297739,1,2,2,False,False,False
4498,515934,LC18,LC18_L,,LC18,LC18,visual_projection,,L,,,acetylcholine,acetylcholine,0.9610841248529517,1,2,2,False,False,False
4499,515974,LC31a,LC31a_L,,LC31a,,visual_projection,,L,,,acetylcholine,acetylcholine,0.9376435600817113,1,2,2,False,False,False
4500,515977,pC1_10b,pC1_10b_R,"Lee 2002, Rideout 2010, Nojima 2021: pC1",,,cb_intrinsic,,R,male-specific,dsx_high,acetylcholine,acetylcholine,0.9298769114014926,1,3,1,False,True,False
4501,515990,AVLP734m,AVLP734m_R,Cachero 2010: aSP-k; Yu 2010: aSP8,,,cb_intrinsic,,R,male-specific,fru_high,gaba,gaba,0.8270638981292129,-1,3,1,False,False,False
4502,515991,aSP10C_a,aSP10C_a_R,Cachero 2010: aIP-b,CB1382,aSP10C_a,cb_intrinsic,,R,sexually dimorphic,fru_high,acetylcholine,acetylcholine,0.9471968036411877,1,2,2,False,False,False
4503,515998,,,,"CB2264,CB3516",,cb_intrinsic,,L,,,acetylcholine,acetylcholine,0.9126732853811943,1,2,2,False,False,False
4504,516133,AVLP256,AVLP256_L,,AVLP256,AVLP256,cb_intrinsic,,L,sexually dimorphic,,gaba,gaba,0.7769357121518947,-1,3,1,False,False,False
4505,516134,AVLP372,AVLP372_L,,CB1839,AVLP372,cb_intrinsic,,L,,,acetylcholine,acetylcholine,0.9574038735784001,1,2,2,False,False,False
4506,516152,PVLP027,PVLP027_L,Cachero 2010: aIP-a,PVLP027,PVLP027,cb_intrinsic,,L,,fru_high,gaba,gaba,0.8159507394519302,-1,2,2,False,False,False
4507,516170,DNa13,DNa13(LAL041)_R,,DNa13,LAL041,descending_neuron,,R,,,acetylcholine,acetylcholine,0.9643724717102438,1,2,2,False,False,False
4508,516205,AVLP243,AVLP243_L,,AVLP243,AVLP243,cb_intrinsic,,L,,fru_low,acetylcholine,acetylcholine,0.9431208886320908,1,2,2,False,False,False
4509,516221,mAL_m8,mAL_m8_R,Cachero 2010: aDT-b; Yu 2010: aDT2,,,cb_intrinsic,,R,male-specific,fru_high,gaba,gaba,0.5984150912314039,-1,2,2,False,False,False
4510,516225,AVLP706m,AVLP706m_L,Cachero 2010: pIP-e; Yu 2010: pIP5,,,cb_intrinsic,,L,male-specific,fru_high,acetylcholine,acetylcholine,0.960878722973512,1,1,2,False,False,False
4511,516228,CB3207,CB3207_L,,CB3207,,cb_intrinsic,,L,,,gaba,gaba,0.7932420094714405,-1,1,3,False,False,False
4512,516255,AVLP225_b1,AVLP225_b1_L,,CB2574,AVLP225_b,cb_intrinsic,,L,,,acetylcholine,acetylcholine,0.9470449915617681,1,2,2,False,False,False
4513,516258,,,,"CB2264,CB3516",,cb_intrinsic,,R,,,acetylcholine,acetylcholine,0.9355756734677932,1,2,2,False,False,False
4514,516295,AVLP261_b,AVLP261_b_L,,CB3641,AVLP261,cb_intrinsic,,L,,,acetylcholine,acetylcholine,0.964836260413269,1,2,2,False,False,False
4515,516328,CB4073,CB4073_R,,CB4073,,cb_intrinsic,,R,,,acetylcholine,acetylcholine,0.9528539310545802,1,2,2,False,False,False
4516,516334,SAD051_b,SAD051_b_L,Cachero 2010: aDT-e,CB1078,SAD051_b,cb_intrinsic,,L,,fru_high,acetylcholine,acetylcholine,0.895890651036728,1,1,3,False,False,False
4517,516409,AVLP294,AVLP294_L,,AVLP294,AVLP294,cb_intrinsic,,L,,,acetylcholine,acetylcholine,0.9365202038722775,1,2,2,False,False,False
4518,516422,WED031,WED031_L,,WED031b,WED031,cb_intrinsic,,L,,,gaba,gaba,0.761593492470241,-1,1,3,False,False,False
4519,516431,AN07B036,AN07B036_L,,AN_IPS_WED_2,,ascending_neuron,,L,,,acetylcholine,acetylcholine,0.9725847582051141,1,2,2,False,False,False
4520,516432,CB2769,CB2769_L,,CB2769,,cb_intrinsic,,L,,,acetylcholine,acetylcholine,0.939511666216641,1,2,2,False,False,False
4521,516450,AVLP039,AVLP039_L,,AVLP039,AVLP039,cb_intrinsic,,L,,,acetylcholine,acetylcholine,0.9132140130668808,1,2,2,False,False,False
4522,516499,JO-B4_b,JO-B4_b_L,,JO-B4_b,,cb_sensory,mechanosensory,,,,acetylcholine,acetylcholine,0.941124922728677,1,0,3,True,False,False
4523,516500,WED206,WED206_L,,CB1816,,cb_intrinsic,,L,,,gaba,gaba,0.8274730903770336,-1,1,3,False,False,False
4524,516502,PS183,PS183_L,,PS183,PS183,cb_intrinsic,,L,,,acetylcholine,acetylcholine,0.9318086600437454,1,2,2,False,False,False
4525,516522,pC1_14a,pC1_14a_R,"Lee 2002, Rideout 2010, Nojima 2021: pC1; Cachero 2010: pMP-e; Yu 2010: pMP4",,,cb_intrinsic,,R,potentially male-specific,coexpress_low,acetylcholine,acetylcholine,0.9069147464532797,1,3,1,False,True,False
4526,516565,PS233,PS233_R,,PS233,PS233,cb_intrinsic,,R,,,acetylcholine,acetylcholine,0.9166679665876714,1,2,2,False,False,False
4527,516570,PVLP047,PVLP047_L,Cachero 2010: aIP-a,CB3483,PVLP047,cb_intrinsic,,L,,fru_high,gaba,gaba,0.8465479446999404,-1,2,2,False,False,False
4528,516615,AN17A068,AN17A068_R,,AN_GNG_190,,ascending_neuron,,R,,,acetylcholine,acetylcholine,0.9476888315560299,1,2,2,False,False,False
4529,516617,AVLP049,AVLP049_L,,AVLP049,AVLP049,cb_intrinsic,,L,,,acetylcholine,acetylcholine,0.6836231576432529,1,2,2,False,False,False
4530,516618,PS199,PS199_L,,PS199,PS199,cb_intrinsic,,L,,,acetylcholine,acetylcholine,0.9588874275427381,1,2,2,False,False,False
4531,516626,PLP064_b,PLP064_b_L,,PLP064_b,PLP064_b,cb_intrinsic,,L,,,acetylcholine,acetylcholine,0.96820892446782,1,2,2,False,False,False
4532,516652,VES200m,VES200m_L,Cachero 2010: aSP-b; Yu 2010: aSP1,,,cb_intrinsic,,L,potentially male-specific,fru_high,glutamate,glutamate,0.7595947147729288,-1,2,2,False,False,False
4533,516668,AVLP524_b,AVLP524_b_L,,CB1995,AVLP524_b,cb_intrinsic,,L,,,acetylcholine,acetylcholine,0.8095333431473369,1,3,1,False,False,False
4534,516679,LC18,LC18_L,,LC18,LC18,visual_projection,,L,,,acetylcholine,acetylcholine,0.9564372735409203,1,2,2,False,False,False
4535,516692,VES202m,VES202m_R,Cachero 2010: aSP-b; Yu 2010: aSP1,,,cb_intrinsic,,R,potentially male-specific,fru_high,glutamate,glutamate,0.7614880392267342,-1,2,1,False,False,False
4536,516742,AVLP299_b,AVLP299_b_L,Cachero 2010: aIP-b,AVLP299_b,AVLP299_b,cb_intrinsic,,L,,fru_high,acetylcholine,acetylcholine,0.9415905139902045,1,2,2,False,False,False
4537,516819,AN19B051,AN19B051_L,,AN_GNG_203,,ascending_neuron,,L,,,acetylcholine,acetylcholine,0.9566187584321983,1,2,2,False,False,False
4538,516820,GNG127,GNG127_L,,CB0013,,cb_intrinsic,,L,,,gaba,gaba,0.8427996642574994,-1,2,2,False,False,False
4539,516890,GNG463,GNG463_R,,CB0848,,cb_intrinsic,,R,,,acetylcholine,acetylcholine,0.8464003530435953,1,2,2,False,False,False
4540,516898,AMMC022,AMMC022_R,,CB1038d,,cb_intrinsic,,R,,,gaba,gaba,0.8179675023576986,-1,1,3,False,False,False
4541,516911,PS230,PS230(PLP242)_L,,"PS230,PLP242","PS230,PLP242",cb_intrinsic,,L,,,acetylcholine,acetylcholine,0.9479315159697426,1,2,2,False,False,False
4542,516917,AVLP038,AVLP038_L,,CB3983,AVLP038,cb_intrinsic,,L,,,acetylcholine,acetylcholine,0.9497714317934248,1,2,2,False,False,False
4543,516930,DNg81,DNg81_L,,DNg81,,descending_neuron,,L,,,gaba,gaba,0.8768037442044603,-1,2,2,False,False,False
4544,516953,CB3162,CB3162_L,,CB3162,,cb_intrinsic,,L,,fru_high,acetylcholine,acetylcholine,0.9639384660232057,1,2,2,False,False,False
4545,516954,WED118,WED118_L,,"CB1484,CB1869",WED118,cb_intrinsic,,L,,,acetylcholine,acetylcholine,0.9469516450439908,1,1,2,False,False,False
4546,517002,CB2769,CB2769_L,,CB2769,,cb_intrinsic,,L,,,acetylcholine,acetylcholine,0.9564743932682027,1,2,2,False,False,False
4547,517098,PVLP217m,PVLP217m_L,Cachero 2010: pIP-e; Yu 2010: pIP5,,,cb_intrinsic,,L,male-specific,fru_high,acetylcholine,acetylcholine,0.9442831364428905,1,2,1,False,False,False
4548,517153,mAL_m8,mAL_m8_L,Cachero 2010: aDT-b; Yu 2010: aDT2,,,cb_intrinsic,,L,male-specific,fru_high,gaba,gaba,0.6481818024757914,-1,2,2,False,False,False
4549,517165,CB4176,CB4176_L,Cachero 2010: aIP-a,CB4176,,cb_intrinsic,,L,,fru_low,gaba,gaba,0.8631100938825674,-1,1,2,False,False,False
4550,517167,SAD104,SAD104_L,,CB3105,,cb_intrinsic,,L,,,gaba,gaba,0.8864021151237599,-1,1,3,False,False,False
4551,517178,AVLP734m,AVLP734m_L,Cachero 2010: aSP-k; Yu 2010: aSP8,,,cb_intrinsic,,L,male-specific,fru_high,gaba,gaba,0.85100151940819,-1,2,2,False,False,False
4552,517196,PS138,PS138_L,,PS138,PS138,cb_intrinsic,,L,,,gaba,gaba,0.7923932369263236,-1,2,2,False,False,False
4553,517200,WED039,WED039_L,,WED039,WED039,cb_intrinsic,,L,,,glutamate,glutamate,0.8337281121190178,-1,2,2,False,False,False
4554,517229,CB1842,CB1842_L,,CB1842,,cb_intrinsic,,L,,,acetylcholine,acetylcholine,0.963240000363715,1,2,2,False,False,False
4555,517236,GNG567,GNG567_R,,CB0155,,cb_intrinsic,,R,,,gaba,gaba,0.6717176490146717,-1,2,2,False,False,False
4556,517333,AVLP521,AVLP521_L,,CL270b,AVLP521,cb_intrinsic,,L,,,acetylcholine,acetylcholine,0.959577402953406,1,2,2,False,False,False
4557,517340,SMP380,SMP380_L,,CB2075,,cb_intrinsic,,L,,,acetylcholine,acetylcholine,0.8119260079027472,1,2,2,False,False,False
4558,517354,aSP10B,aSP10B_L,Cachero 2010: aIP-b,CB2248,aSP10B,cb_intrinsic,,L,,fru_high,acetylcholine,acetylcholine,0.9519621178308295,1,2,2,False,False,False
4559,517368,CB3302,CB3302_L,,CB3302,,cb_intrinsic,,L,,,acetylcholine,acetylcholine,0.9469711633505908,1,2,2,False,False,False
4560,517375,AVLP190,AVLP190_L,,"AVLP190,AVLP191",AVLP190,cb_intrinsic,,L,,,acetylcholine,acetylcholine,0.9041832023405134,1,2,2,False,False,False
4561,517410,,,,,,cb_intrinsic,,R,,,gaba,gaba,0.8441266819292491,-1,1,2,False,False,False
4562,517424,SIP123m,SIP123m_L,Cachero 2010: aSP-a; Yu 2010: aSP2,,,cb_intrinsic,,L,male-specific,fru_high,glutamate,glutamate,0.7945519227653398,-1,2,2,False,False,False
4563,517425,CB1165,CB1165_L,Cachero 2010: aIP-c; Yu 2010: aIP1/aIP4/aSP10,CB1165,"AVLP246,AVLP249",cb_intrinsic,,L,sexually dimorphic,fru_low,acetylcholine,acetylcholine,0.8507026128127528,1,2,2,False,False,False
4564,517426,PVLP026,PVLP026_L,,PVLP026,PVLP026,cb_intrinsic,,L,,,gaba,gaba,0.8159132057064515,-1,2,2,False,False,False
4565,517452,LoVC25,LoVC25_R,,cL01,,visual_centrifugal,,R,,,acetylcholine,acetylcholine,0.9332787776565414,1,2,2,False,False,False
4566,517453,LoVC25,LoVC25_R,,cL01,,visual_centrifugal,,R,,,acetylcholine,acetylcholine,0.9283018133566466,1,2,2,False,False,False
4567,517532,LHPV2i1,LHPV2i1_R,,LHPV2i1b,LHPV2i1,cb_intrinsic,,R,,,acetylcholine,acetylcholine,0.9574543759290338,1,2,2,False,False,False
4568,517600,LPLC1,LPLC1_L,,LPLC1,LPLC1,visual_projection,,L,,,acetylcholine,acetylcholine,0.9531063521483445,1,2,2,False,False,False
4569,517630,CB3302,CB3302_R,,CB3302,,cb_intrinsic,,R,,,acetylcholine,acetylcholine,0.9381358949117463,1,2,2,False,False,False
4570,517639,aSP10C_b,aSP10C_b_L,Cachero 2010: aIP-b,CB2376c,aSP10C_b,cb_intrinsic,,L,sexually dimorphic,fru_high,acetylcholine,acetylcholine,0.9321543457104691,1,2,2,False,False,False
4571,517653,ICL008m,ICL008m_R,Cachero 2010: aSP-k; Yu 2010: aSP8,,,cb_intrinsic,,R,male-specific,fru_high,gaba,gaba,0.7683413770122107,-1,3,1,False,False,False
4572,517675,CB4118,CB4118_L,,CB4118,,cb_intrinsic,,L,,,gaba,gaba,0.7953890696278625,-1,1,3,False,False,False
4573,517677,SIP146m,SIP146m_L,Cachero 2010: aSP-a; Yu 2010: aSP2,,,cb_intrinsic,,L,male-specific,fru_high,glutamate,glutamate,0.794552253276672,-1,2,2,False,False,False
4574,517702,CB3657,CB3657_L,Cachero 2010: aIP-b,CB3657,,cb_intrinsic,,L,,fru_low,acetylcholine,acetylcholine,0.9324105977321678,1,2,2,False,False,False
4575,517735,pC1_6b,pC1_6b_L,"Lee 2002, Rideout 2010, Nojima 2021: pC1",,,cb_intrinsic,,L,male-specific,coexpress_high,acetylcholine,acetylcholine,0.9628513001570962,1,2,2,False,True,False
4576,517736,mAL_m8,mAL_m8_R,Cachero 2010: aDT-b; Yu 2010: aDT2,,,cb_intrinsic,,R,male-specific,fru_high,gaba,gaba,0.5808418935037319,-1,2,1,False,False,False
4577,517755,AN08B081,AN08B081_L,,AN_GNG_182,,ascending_neuron,,L,potentially sexually dimorphic,,acetylcholine,acetylcholine,0.9707698662264801,1,2,2,False,False,False
4578,517881,DNg77,DNg77_R,Sterne 2021: snake,DNg77,,descending_neuron,,R,,,acetylcholine,acetylcholine,0.7927692399888501,1,2,2,False,False,False
4579,517936,CB1702,CB1702_L,,CB1702,,cb_intrinsic,,L,,,acetylcholine,acetylcholine,0.946993914244958,1,1,3,False,False,False
4580,517938,CB3207,CB3207_L,,CB3207,,cb_intrinsic,,L,,,gaba,gaba,0.7224807685766003,-1,1,3,False,False,False
4581,517997,aSP10B,aSP10B_R,Cachero 2010: aIP-b,CB2248,aSP10B,cb_intrinsic,,R,,fru_high,acetylcholine,acetylcholine,0.9372259146913207,1,2,2,False,False,False
4582,517998,CB1085,CB1085_R,,CB1085,"AVLP413,AVLP412,AVLP414",cb_intrinsic,,R,,,acetylcholine,acetylcholine,0.9149340264874747,1,2,2,False,False,False
4583,518012,SIP101m,SIP101m_R,Cachero 2010: aSP-a; Yu 2010: aSP2,,,cb_intrinsic,,R,male-specific,fru_high,glutamate,glutamate,0.7890462812449677,-1,2,2,False,False,False
4584,518013,SIP100m,SIP100m_R,Cachero 2010: aSP-a; Yu 2010: aSP2,,,cb_intrinsic,,R,male-specific,fru_high,glutamate,glutamate,0.8147673181542455,-1,3,1,False,False,False
4585,518016,LC4,LC4_L,,LC4,LC4,visual_projection,,L,,,acetylcholine,acetylcholine,0.9682247287003968,1,2,2,False,False,False
4586,518039,WED055_a,WED055_a_L,,CB2072,WED055_a,cb_intrinsic,,L,,,gaba,gaba,0.8786033101554007,-1,1,3,False,False,False
4587,518051,CB1085,CB1085_L,,CB1085,"AVLP413,AVLP412,AVLP414",cb_intrinsic,,L,,,acetylcholine,acetylcholine,0.9283358569080796,1,2,2,False,False,False
4588,518052,AVLP166,AVLP166_L,,CB2777,AVLP166,cb_intrinsic,,L,,,acetylcholine,acetylcholine,0.9385575516998481,1,2,2,False,False,False
4589,518078,CB3184,CB3184_R,,CB3184,,cb_intrinsic,,R,,,acetylcholine,acetylcholine,0.9444209745406438,1,2,2,False,False,False
4590,518127,LAL027,LAL027_L,Cachero 2010: aSP-d; Yu 2010: aSP13,"AOTU015b,LAL027",LAL027,cb_intrinsic,,L,,fru_low,acetylcholine,acetylcholine,0.9480800733740488,1,2,2,False,False,False
4591,518177,DNp08,DNp08(PS271)_L,,DNp08,PS271,descending_neuron,,L,,,glutamate,glutamate,0.7455182237099329,-1,2,2,False,False,False
4592,518253,pC1_18b,pC1_18b_L,"Lee 2002, Rideout 2010, Nojima 2021: pC1",,,cb_intrinsic,,L,male-specific,dsx_low,acetylcholine,acetylcholine,0.9275079499134912,1,2,2,False,True,False
4593,518263,,,,"CB3431,CB3482",,cb_intrinsic,,R,,,acetylcholine,acetylcholine,0.8763820362216586,1,2,2,False,False,False
4594,518330,ANXXX033,ANXXX033_R,,AN_multi_89,,ascending_neuron,,R,,,acetylcholine,acetylcholine,0.8704773052133984,1,2,2,False,False,False
4595,518363,ICL013m_b,ICL013m_b_L,Cachero 2010: aSP-b; Yu 2010: aSP1,,,cb_intrinsic,,L,male-specific,fru_high,glutamate,glutamate,0.7532781049874722,-1,2,1,False,False,False
4596,518379,SAD021_c,SAD021_c_R,,SAD021_c,SAD021_c,cb_intrinsic,,R,,,gaba,gaba,0.8181994942521869,-1,2,2,False,False,False
4597,518426,AN01A086,AN01A086_L,,"AN_AVLP_12,AN_AVLP_13",,ascending_neuron,,L,,,acetylcholine,acetylcholine,0.9687776301820606,1,1,2,False,False,False
4598,518468,,,,"CB3431,CB3482",,cb_intrinsic,,L,,,acetylcholine,acetylcholine,0.9059460797043429,1,2,2,False,False,False
4599,518563,DNg85,DNg85_L,,DNg85,,descending_neuron,,L,,,acetylcholine,acetylcholine,0.9568783162942964,1,2,2,False,False,False
4600,518588,LPLC4,LPLC4_L,,LPLC4,LPLC4,visual_projection,,L,,,acetylcholine,acetylcholine,0.9580396077234352,1,2,2,False,False,False
4601,518589,pC1_10c,pC1_10c_L,"Lee 2002, Rideout 2010, Nojima 2021: pC1",,,cb_intrinsic,,L,male-specific,dsx_high,acetylcholine,acetylcholine,0.9407899119064722,1,2,2,False,True,False
4602,518673,mAL_m3b,mAL_m3b_R,Cachero 2010: aDT-b; Yu 2010: aDT2,,,cb_intrinsic,,R,male-specific,fru_high,unclear,unclear,0.4798420581022126,0,2,2,False,False,False
4603,518733,AN17B013,AN17B013_R,,AN_AMMC_SAD_1,,ascending_neuron,,R,,,gaba,gaba,0.7635007231839008,-1,2,2,False,False,False
4604,518778,AVLP104,AVLP104_L,,"CB1724,CB1520",AVLP104,cb_intrinsic,,L,,,acetylcholine,acetylcholine,0.9071318559412659,1,2,2,False,False,False
4605,518833,CB2321,CB2321_L,,CB2321,AVLP233,cb_intrinsic,,L,,,acetylcholine,acetylcholine,0.7900267916213496,1,2,2,False,False,False
4606,518889,SIP109m,SIP109m_R,Cachero 2010: pIP-e; Yu 2010: pIP5,,,cb_intrinsic,,R,male-specific,fru_high,acetylcholine,acetylcholine,0.9172396095746445,1,3,1,False,False,False
4607,518904,AVLP234,AVLP234_L,,AVLP234,AVLP234,cb_intrinsic,,L,,fru_low,acetylcholine,acetylcholine,0.9440688274601445,1,2,2,False,False,False
4608,518954,CB4116,CB4116_L,,CB4116,,cb_intrinsic,,L,,,acetylcholine,acetylcholine,0.9578803354312801,1,2,2,False,False,False
4609,519097,CB3322,CB3322_L,,CB3322,,cb_intrinsic,,L,,,acetylcholine,acetylcholine,0.9674568137610355,1,2,2,False,False,False
4610,519121,aSP10A_b,aSP10A_b_R,Cachero 2010: aIP-b,CB3313,aSP10A,cb_intrinsic,,R,potentially sexually dimorphic,fru_high,acetylcholine,acetylcholine,0.9485160022220981,1,2,1,False,False,False
4611,519124,AMMC035,AMMC035_L,,CB1427,,cb_intrinsic,,L,,,gaba,gaba,0.8615438304076367,-1,1,3,False,False,False
4612,519131,MBON32,MBON32(y2)_R,,MBON32,MBON32,cb_intrinsic,MBON,R,,,gaba,gaba,0.7012121801141866,-1,2,2,False,False,False
4613,519171,CB3581,CB3581_R,,CB3581,,cb_intrinsic,,R,,,acetylcholine,acetylcholine,0.9146899643609727,1,1,3,False,False,False
4614,519229,GNG290,GNG290_R,,CB0150,,cb_intrinsic,,R,,,gaba,gaba,0.8394907275114244,-1,2,2,False,False,False
4615,519230,LAL045,LAL045_L,fru-M-700017,LAL045,LAL045,cb_intrinsic,,L,,fru_low,gaba,gaba,0.8188230024529329,-1,2,2,False,False,False
4616,519231,PVLP214m,PVLP214m_L,Cachero 2010: pIP-e; Yu 2010: pIP5,,,cb_intrinsic,,L,male-specific,fru_low,acetylcholine,acetylcholine,0.9554167115933244,1,2,2,False,False,False
4617,519260,,,,"CB1196,CB1986",,cb_intrinsic,,L,,,acetylcholine,acetylcholine,0.9521984428534908,1,2,2,False,False,False
4618,519277,SAD200m,SAD200m_R,Cachero 2010: aDT-g; Yu 2010: aDT5,,,cb_intrinsic,,R,male-specific,fru_high,gaba,gaba,0.8023687216086918,-1,2,1,False,False,False
4619,519296,AVLP477,AVLP477_R,,AVLP477,AVLP477,cb_intrinsic,,R,,,acetylcholine,acetylcholine,0.9379719362868743,1,2,2,False,False,False
4620,519300,CL211,CL211_R,,CL211,CL211,cb_intrinsic,,R,,,acetylcholine,acetylcholine,0.9572119274437281,1,2,1,False,False,False
4621,519318,mALB3,mALB3_R,mAL,mALB3,mALB3,cb_intrinsic,,R,,,gaba,gaba,0.7824388675835214,-1,2,2,False,False,False
4622,519325,SIP107m,SIP107m_L,,,,cb_intrinsic,,L,male-specific,,glutamate,glutamate,0.8065080580082342,-1,2,1,False,False,False
4623,519337,DNge120,DNge120_R,,DNge120,,descending_neuron,,R,,,glutamate,glutamate,0.7427563852403395,-1,2,2,False,False,False
4624,519365,VES092,VES092_L,,CB0584,,cb_intrinsic,,L,,,gaba,gaba,0.8251231019492394,-1,3,1,False,False,False
4625,519387,WED060,WED060_L,,WED060,WED060,cb_intrinsic,,L,,,acetylcholine,acetylcholine,0.9671155452857823,1,1,2,False,False,False
4626,519389,AVLP452,AVLP452_L,,CB1498,AVLP452,cb_intrinsic,,L,,,acetylcholine,acetylcholine,0.9067228134061512,1,2,2,False,False,False
4627,519395,CB3245,CB3245_L,,CB3245,,cb_intrinsic,,L,,,gaba,gaba,0.8228173867211135,-1,1,2,False,False,False
4628,519398,SMP048,SMP048_L,,SMP048,SMP048,cb_intrinsic,,L,,,acetylcholine,acetylcholine,0.9617726987898567,1,2,2,False,False,False
4629,519399,PS059,PS059_L,,PS059,PS059,cb_intrinsic,,L,,,gaba,gaba,0.7970159798054547,-1,2,2,False,False,False
4630,519410,DNp34,DNp34_R,,DNp34,DNp34,descending_neuron,,R,,,acetylcholine,acetylcholine,0.9521754500729848,1,2,2,False,False,False
4631,519411,CB3024,CB3024_L,,CB3024,,cb_intrinsic,,L,,,gaba,gaba,0.8649092652263838,-1,1,3,False,False,False
4632,519413,PLP029,PLP029_L,,PLP029,PLP029,cb_intrinsic,,L,,,glutamate,glutamate,0.7338977179709811,-1,2,2,False,False,False
4633,519414,PS203,PS203_L,,PS203b,PS203,cb_intrinsic,,L,,,acetylcholine,acetylcholine,0.8553905717516971,1,2,2,False,False,False
4634,519419,AVLP729m,AVLP729m_L,Cachero 2010: aIP-b,,,cb_intrinsic,,L,male-specific,fru_high,acetylcholine,acetylcholine,0.9302927998862267,1,2,2,False,False,False
4635,519420,WED107,WED107_R,,WED107,WED107,cb_intrinsic,,R,,,acetylcholine,acetylcholine,0.9693143340900267,1,2,2,False,False,False
4636,519421,CL062_a2,CL062_a2_L,Cachero 2010: aIP-e; Yu 2010: aSP9; Ruta 2010: LC2,CL062_a,CL062_a,cb_intrinsic,,L,,fru_low,acetylcholine,acetylcholine,0.8924590946781403,1,2,1,False,False,False
4637,519444,IB092,IB092_R,"fru-F-000082,fru-F-200164,fru-F-300023,fru-M-000095,fru-M-000121,fru-M-000155,fru-M-000161,fru-M-000182,fru-M-000189,fru-M-000199,fru-M-100067,fru-M-100167,fru-M-100192,fru-M-100196,fru-M-100200,fru-M-100204,fru-M-200060,fru-M-200075,fru-M-200222,fru-M-200257,fru-M-200265,fru-M-200305,fru-M-200308,fru-M-200312,fru-M-200326,fru-M-200335,fru-M-200343,fru-M-300077,fru-M-300086,fru-M-300099,fru-M-300105,fru-M-300200,fru-M-300249,fru-M-300278,fru-M-300280,fru-M-300294,fru-M-300300,fru-M-300304,fru-M-400126,fru-M-500033,fru-M-500104,fru-M-500136,fru-M-500196,fru-M-500210,fru-M-500219,fru-M-500250,fru-M-700081,fru-M-700148,fru-M-700160,fru-M-700187,fru-M-800065,fru-M-800094,fru-M-800095,fru-M-900057,fru-M-900061",IB092,IB092,cb_intrinsic,,R,,fru_high,glutamate,glutamate,0.8431987155420311,-1,2,2,False,False,False
4638,519454,WED210,WED210_L,,CB0073,,cb_intrinsic,,L,,,acetylcholine,acetylcholine,0.9454495251537115,1,1,2,False,False,False
4639,519456,PLP218,PLP218_L,,PLP218,PLP218,cb_intrinsic,,L,,,glutamate,glutamate,0.8572155359527295,-1,2,2,False,False,False
4640,519457,CB0758,CB0758_R,,CB0758,,cb_intrinsic,,R,,,gaba,gaba,0.8062980464058601,-1,1,3,False,False,False
4641,519458,JO-B1_a,JO-B1_a_R,,JO-B1_a,,cb_sensory,mechanosensory,,,,acetylcholine,unclear,0.9401723628491541,1,0,3,True,False,False
4642,519501,AVLP543,AVLP543_R,,AVLP543,AVLP543,cb_intrinsic,,R,,,acetylcholine,acetylcholine,0.9454202835552666,1,2,2,False,False,False
4643,519514,GNG633,GNG633_R,,"CB2566,CB3640",,cb_intrinsic,,R,,,gaba,gaba,0.8714809778649781,-1,1,2,False,False,False
4644,519516,AN09B004,AN09B004_a_R,,AN_AVLP_PVLP_6,,ascending_neuron,,R,,,acetylcholine,acetylcholine,0.9663232346268386,1,2,2,False,False,False
4645,519517,AVLP749m,AVLP749m_L,Cachero 2010: aSP-h; Ruta 2010: DC2,,,cb_intrinsic,,L,male-specific,fru_high,acetylcholine,acetylcholine,0.9263116953590076,1,2,2,False,False,False
4646,519518,pC1_4a,pC1_4a_L,"Lee 2002, Rideout 2010, Nojima 2021: pC1",,,cb_intrinsic,,L,male-specific,dsx_high,acetylcholine,acetylcholine,0.9416832466379255,1,2,2,False,True,False
4647,519519,AVLP733m,AVLP733m_L,Cachero 2010: aIP-c; Yu 2010: aIP1/aIP4/aSP10,,,cb_intrinsic,,L,male-specific,fru_high,acetylcholine,acetylcholine,0.9488314816782376,1,2,2,False,False,False
4648,519531,AVLP433_a,AVLP433_a_L,,AVLP433_a,AVLP433_a,cb_intrinsic,,L,,,acetylcholine,acetylcholine,0.9187087995982139,1,2,2,False,False,False
4649,519532,PVLP034,PVLP034_L,Cachero 2010: aIP-a,CB3582,PVLP034,cb_intrinsic,,L,,fru_high,gaba,gaba,0.8428523846746344,-1,2,1,False,False,False
4650,519538,DNg24,DNg24_R,Matsuo 2016: AMMC-Db7,DNg24,,descending_neuron,,R,,,gaba,gaba,0.8703507861742366,-1,1,2,False,False,False
4651,519539,CB0956,CB0956_L,,CB0956,,cb_intrinsic,,L,,,acetylcholine,acetylcholine,0.9571830219839286,1,1,2,False,False,False
4652,519593,CB1301,CB1301_R,Cachero 2010: aIP-b,CB1301,"AVLP413,AVLP412,AVLP414",cb_intrinsic,,R,,fru_low,acetylcholine,acetylcholine,0.9303120147473971,1,2,2,False,False,False
4653,519634,AVLP195,AVLP195_L,,AVLP195,AVLP195,cb_intrinsic,,L,,,acetylcholine,acetylcholine,0.8092121363704108,1,2,2,False,False,False
4654,519636,WED118,WED118_L,,CB1908,WED118,cb_intrinsic,,L,,,acetylcholine,acetylcholine,0.9674229147251934,1,2,2,False,False,False
4655,519655,VES001,VES001_R,,VES001,VES001,cb_intrinsic,,R,,,glutamate,glutamate,0.8110582671620403,-1,2,2,False,False,False
4656,519705,VES104,VES104_R,,CB0283,,cb_intrinsic,,R,,,gaba,gaba,0.8701960582111711,-1,2,2,False,False,False
4657,519715,DNbe002,DNbe002_L,,DNbe002,,descending_neuron,,L,,,acetylcholine,acetylcholine,0.9524314817587541,1,2,2,False,False,False
4658,519720,LAL184,LAL184_L,,LAL184,LAL184,cb_intrinsic,,L,,,acetylcholine,acetylcholine,0.9685740168293667,1,2,2,False,False,False
4659,519753,SMP720m,SMP720m_R,Cachero 2010: pMP-b; Yu 2010: pMP5; Rideout 2010: pC3; Zhou 2014: pCd; Nojima 2021: pCd-2,,,cb_intrinsic,,R,male-specific,coexpress_high,gaba,gaba,0.821510105865398,-1,3,1,False,False,False
4660,519771,DNp71,DNp71(DNp09)_L,,DNp71,DNp09,descending_neuron,,L,,,acetylcholine,acetylcholine,0.9524830888438928,1,2,2,False,False,False
4661,519773,DNge119,DNge119_R,,DNge119,,descending_neuron,,R,,,glutamate,glutamate,0.7826354574886264,-1,2,2,False,False,False
4662,519786,CB4072,CB4072_L,,CB4072,,cb_intrinsic,,L,,,acetylcholine,acetylcholine,0.9438880309389095,1,2,2,False,False,False
4663,519792,CB1533,CB1533_L,,CB1533,,cb_intrinsic,,L,,,acetylcholine,acetylcholine,0.9599635725128607,1,2,2,False,False,False
4664,519862,AVLP029,AVLP029_L,,AVLP029,AVLP029,cb_intrinsic,,L,sexually dimorphic,,gaba,gaba,0.7833718612546599,-1,2,2,False,False,False
4665,519872,DNg09_a,DNg09_a_L,,DNg09,,descending_neuron,,L,,,acetylcholine,acetylcholine,0.9653421534242532,1,1,3,False,False,False
4666,519875,JO-B1_a,JO-B1_a_L,,JO-B1_a,,cb_sensory,mechanosensory,,,,acetylcholine,acetylcholine,0.8967141576141678,1,0,3,True,False,False
4667,519877,VES007,VES007_L,,VES007,VES007,cb_intrinsic,,L,,,acetylcholine,acetylcholine,0.9599176164611956,1,2,2,False,False,False
4668,519879,VES089,VES089_R,,CB0529,,cb_intrinsic,,R,,,acetylcholine,acetylcholine,0.9167573457689101,1,2,2,False,False,False
4669,519894,PS140,PS140_L,,PS140,PS140,cb_intrinsic,,L,,,glutamate,glutamate,0.7225949864380404,-1,2,2,False,False,False
4670,519896,DNa06,DNa06(PS039)_L,,DNa06,PS039,descending_neuron,,L,,,acetylcholine,acetylcholine,0.9662194441395126,1,2,2,False,False,False
4671,519902,mAL_m5a,mAL_m5a_L,Cachero 2010: aDT-b; Yu 2010: aDT2,,,cb_intrinsic,,L,male-specific,fru_high,gaba,gaba,0.6953608446839935,-1,2,2,False,False,False
4672,519903,mAL_m1,mAL_m1_L,Cachero 2010: aDT-b; Yu 2010: aDT2,,,cb_intrinsic,,L,male-specific,fru_high,gaba,gaba,0.5800680413954954,-1,2,2,False,False,False
4673,519904,mAL_m5b,mAL_m5b_L,Cachero 2010: aDT-b; Yu 2010: aDT2,,,cb_intrinsic,,L,male-specific,fru_high,gaba,gaba,0.5799141459567051,-1,2,2,False,False,False
4674,519906,mAL_m4,mAL_m4_L,Cachero 2010: aDT-b; Yu 2010: aDT2,,,cb_intrinsic,,L,male-specific,fru_high,gaba,gaba,0.6679277405842634,-1,2,2,False,False,False
4675,519907,mAL_m9,mAL_m9_L,Cachero 2010: aDT-b; Yu 2010: aDT2,,,cb_intrinsic,,L,male-specific,fru_high,gaba,gaba,0.5598657010566029,-1,2,2,False,False,False
4676,519908,SIP116m,SIP116m_L,Cachero 2010: aSP-a; Yu 2010: aSP2,,,cb_intrinsic,,L,male-specific,fru_high,glutamate,glutamate,0.7384175628980856,-1,2,1,False,False,False
4677,519909,AVLP018,AVLP018_L,,AVLP018,AVLP018,cb_intrinsic,,L,,,acetylcholine,acetylcholine,0.9580985826733148,1,1,2,False,False,False
4678,519914,pC1_1a,pC1_1a_L,"Lee 2002, Rideout 2010, Nojima 2021: pC1; Cachero 2010: pMP-e; Yu 2010: pMP4",,,cb_intrinsic,,L,male-specific,coexpress_high,acetylcholine,acetylcholine,0.9351139664052563,1,2,2,False,True,False
4679,519916,AVLP309,AVLP309_L,,AVLP309b,AVLP309,cb_intrinsic,,L,,,acetylcholine,acetylcholine,0.9009542711958891,1,2,2,False,False,False
4680,519917,AOTU100m,AOTU100m_L,,,,cb_intrinsic,,L,male-specific,,acetylcholine,acetylcholine,0.951143142983463,1,2,1,False,False,False
4681,519920,AVLP152,AVLP152_L,,AVLP152,AVLP152,cb_intrinsic,,L,,,acetylcholine,acetylcholine,0.9587983962049721,1,2,2,False,False,False
4682,519922,AVLP431,AVLP431_L,,CB3700,AVLP431,cb_intrinsic,,L,,,acetylcholine,acetylcholine,0.948832442614166,1,2,2,False,False,False
4683,519939,mAL_m8,mAL_m8_L,Cachero 2010: aDT-b; Yu 2010: aDT2,,,cb_intrinsic,,L,male-specific,fru_high,gaba,gaba,0.698739782929776,-1,2,2,False,False,False
4684,519974,AVLP176_b,AVLP176_b_L,,CB2386,AVLP176_b,cb_intrinsic,,L,,,acetylcholine,acetylcholine,0.9446945082353843,1,2,2,False,False,False
4685,519982,VES071,VES071_L,,VES071,VES071,cb_intrinsic,,L,,,acetylcholine,acetylcholine,0.9417846827624374,1,2,2,False,False,False
4686,519983,AN10B026,AN10B026_R,,,,ascending_neuron,,R,potentially male-specific,,acetylcholine,acetylcholine,0.9470382063092767,1,2,2,False,False,False
4687,519986,PVLP007,PVLP007_L,,PVLP007,PVLP007,cb_intrinsic,,L,,,glutamate,glutamate,0.7346889556119669,-1,2,2,False,False,False
4688,520020,AVLP717m,AVLP717m_L,Cachero 2010: pIP-f,,,cb_intrinsic,,L,male-specific,fru_high,acetylcholine,acetylcholine,0.9565944624337553,1,2,1,False,False,False
4689,520022,SIP145m,SIP145m_L,Cachero 2010: aSP-a; Yu 2010: aSP2,,,cb_intrinsic,,L,male-specific,fru_high,glutamate,glutamate,0.782875029718157,-1,2,2,False,False,False
4690,520024,AVLP281,AVLP281_L,,AVLP281,AVLP281,cb_intrinsic,,L,,,acetylcholine,acetylcholine,0.9399824570982857,1,2,2,False,False,False
4691,520028,AVLP308,AVLP308_L,,AVLP308,AVLP308,cb_intrinsic,,L,,,acetylcholine,acetylcholine,0.8738582706604031,1,2,2,False,False,False
4692,520029,PVLP208m,PVLP208m_L,Cachero 2010: aIP-b,,,cb_intrinsic,,L,male-specific,fru_high,acetylcholine,acetylcholine,0.9526986007691787,1,2,2,False,False,False
4693,520030,AVLP719m,AVLP719m_L,Cachero 2010: aIP-c; Yu 2010: aIP1/aIP4/aSP10,,,cb_intrinsic,,L,male-specific,fru_high,acetylcholine,acetylcholine,0.9322275805336971,1,1,2,False,False,False
4694,520031,PVLP209m,PVLP209m_L,Cachero 2010: pIP-e; Yu 2010: pIP5,,,cb_intrinsic,,L,male-specific,fru_high,acetylcholine,acetylcholine,0.9415598744494739,1,3,1,False,False,False
4695,520032,AVLP455,AVLP455_L,,AVLP455,AVLP455,cb_intrinsic,,L,,,acetylcholine,acetylcholine,0.9505602981007182,1,2,2,False,False,False
4696,520034,AVLP082,AVLP082_L,,AVLP082,AVLP082,cb_intrinsic,,L,,,gaba,gaba,0.8094339321412309,-1,2,2,False,False,False
4697,520035,AVLP378,AVLP378_L,,CB3370,AVLP378,cb_intrinsic,,L,,,acetylcholine,acetylcholine,0.9658547909552003,1,2,2,False,False,False
4698,520039,SMP493,SMP493_L,,SMP493,SMP493,cb_intrinsic,,L,,,acetylcholine,acetylcholine,0.957608512730319,1,3,1,False,False,False
4699,520086,mAL_m5b,mAL_m5b_L,Cachero 2010: aDT-b; Yu 2010: aDT2,,,cb_intrinsic,,L,male-specific,fru_high,gaba,gaba,0.5691208444404369,-1,2,1,False,False,False
4700,520088,mAL_m7,mAL_m7_L,Cachero 2010: aDT-b; Yu 2010: aDT2,,,cb_intrinsic,,L,male-specific,fru_high,gaba,gaba,0.6506123971451228,-1,2,1,False,False,False
4701,520090,mAL_m2b,mAL_m2b_L,Cachero 2010: aDT-b; Yu 2010: aDT2,,,cb_intrinsic,,L,male-specific,fru_high,gaba,gaba,0.6898438391496461,-1,3,1,False,False,False
4702,520117,GNG562,GNG562_L,,CB0172,,cb_intrinsic,,L,,,gaba,gaba,0.8432622765073208,-1,2,2,False,False,False
4703,520118,DNge148,DNge148_L,,DNge148,,descending_neuron,,L,,,acetylcholine,acetylcholine,0.9685007517979038,1,2,2,False,False,False
4704,520119,mALD3,mALD3_R,,mALD3,mALD3,cb_intrinsic,,R,,,gaba,gaba,0.8694726899468677,-1,2,2,False,False,False
4705,520122,GNG282,GNG282_L,,CB0058,,cb_intrinsic,,L,,,acetylcholine,acetylcholine,0.9039685593763518,1,2,2,False,False,False
4706,520143,ANXXX116,ANXXX116(520143)_L,,,,ascending_neuron,,L,potentially male-specific,,acetylcholine,acetylcholine,0.8899108908507031,1,2,2,False,False,False
4707,520146,SIP106m,SIP106m_L,,,,cb_intrinsic,,L,potentially male-specific,,dopamine,dopamine,0.5412121053691483,0,3,1,False,False,False
4708,520177,AN05B097,AN05B097_L,,AN_multi_86,,ascending_neuron,,L,,,acetylcholine,acetylcholine,0.9385560357596013,1,2,2,False,False,False
4709,520188,AVLP610,AVLP610(hb1416796844)_L,,CB0623,(hb1416796844),cb_intrinsic,,L,,,dopamine,dopamine,0.6029518574603135,0,2,2,False,False,False
4710,520189,JO-A3,JO-A3_L,,JO-A3,,cb_sensory,mechanosensory,,,,acetylcholine,acetylcholine,0.9618016431661263,1,0,3,True,False,False
4711,520190,AVLP615,AVLP615_L,,CB0089,,cb_intrinsic,,L,,,gaba,gaba,0.8556227574603031,-1,2,2,False,False,False
4712,520194,PS304,PS304_R,,CB0021,,cb_intrinsic,,R,,,gaba,gaba,0.8307732974678249,-1,2,2,False,False,False
4713,520195,AN05B023d,AN05B023d_R,,AN_AVLP_GNG_10,,ascending_neuron,,R,,,gaba,gaba,0.8702467186492008,-1,2,2,False,False,False
4714,520197,VES200m,VES200m_R,Cachero 2010: aSP-b; Yu 2010: aSP1,,,cb_intrinsic,,R,potentially male-specific,fru_high,glutamate,glutamate,0.7487502577802008,-1,2,2,False,False,False
4715,520198,ICL013m_b,ICL013m_b_R,Cachero 2010: aSP-b; Yu 2010: aSP1,,,cb_intrinsic,,R,male-specific,fru_high,glutamate,glutamate,0.7459677642250979,-1,3,1,False,False,False
4716,520222,CB1958,CB1958_L,,CB1958,,cb_intrinsic,,L,,,glutamate,glutamate,0.6683561196809565,-1,2,2,False,False,False
4717,520233,PLP150,PLP150_L,,PLP150,PLP150,cb_intrinsic,,L,,,acetylcholine,acetylcholine,0.9301969077084816,1,2,2,False,False,False
4718,520300,DNg75,DNg75(hb1874217622)_R,Sapkal 2024: cDN1,DNg75,hb1874217622,descending_neuron,,R,,,acetylcholine,acetylcholine,0.958034765386415,1,2,2,False,False,False
4719,520337,CRE074,CRE074_L,,CRE074,CRE074,cb_intrinsic,,L,,,glutamate,glutamate,0.8334038886416865,-1,2,2,False,False,False
4720,520340,WED031,WED031_L,,WED031b,WED031,cb_intrinsic,,L,,,gaba,gaba,0.7222052469432311,-1,1,3,False,False,False
4721,520386,ANXXX108,ANXXX108_L,,AN_multi_103,,ascending_neuron,,L,,,gaba,gaba,0.8835430156829519,-1,1,2,False,False,False
4722,520388,PS010,PS010_L,,PS010,PS010,cb_intrinsic,,L,,,acetylcholine,acetylcholine,0.9633603771289301,1,2,2,False,False,False
4723,520389,CL067,CL067_L,,CL067,CL067,cb_intrinsic,,L,,,acetylcholine,acetylcholine,0.9405938681532211,1,2,2,False,False,False
4724,520401,AVLP591,AVLP591_L,,AVLP591,AVLP591,cb_intrinsic,,L,,,acetylcholine,acetylcholine,0.9685820585976597,1,2,2,False,False,False
4725,520409,CL268,CL268_L,,CL268,CL268,cb_intrinsic,,L,,,acetylcholine,acetylcholine,0.9429533411892648,1,2,1,False,False,False
4726,520432,AVLP722m,AVLP722m_L,Cachero 2010: aIP-c; Yu 2010: aIP1/aIP4/aSP10,,,cb_intrinsic,,L,male-specific,fru_high,acetylcholine,acetylcholine,0.9570080511995475,1,2,2,False,False,False
4727,520445,aSP10C_a,aSP10C_a_R,Cachero 2010: aIP-b,CB1382,aSP10C_a,cb_intrinsic,,R,sexually dimorphic,fru_high,acetylcholine,acetylcholine,0.9401654091803818,1,2,2,False,False,False
4728,520468,ExR3,ExR3_R,,ExR3,ExR3,cb_intrinsic,CX,R,,,serotonin,serotonin,0.7602676305043593,0,2,2,False,False,False
4729,520488,AVLP202,AVLP202_L,,AVLP202,AVLP202,cb_intrinsic,,L,,,gaba,gaba,0.7765079873876335,-1,1,2,False,False,False
4730,520516,PVLP080_a,PVLP080_a_L,,PVLP080a,PVLP080,cb_intrinsic,,L,,,gaba,gaba,0.8449877725475134,-1,2,2,False,False,False
4731,520529,LHPV5l1,LHPV5l1_L,,LHPV5l1,LHPV5l1,cb_intrinsic,,L,,,acetylcholine,acetylcholine,0.9322915495489335,1,2,2,False,False,False
4732,520530,ATL044,ATL044_L,,ATL044,ATL044,cb_intrinsic,,L,,,acetylcholine,acetylcholine,0.9204772106593301,1,2,2,False,False,False
4733,520576,PVLP080_a,PVLP080_a_L,,PVLP080a,PVLP080,cb_intrinsic,,L,,,gaba,gaba,0.8713972079363674,-1,2,2,False,False,False
4734,520580,SMP157,SMP157_R,,SMP157,SMP157,cb_intrinsic,,R,,,acetylcholine,acetylcholine,0.8829813654197596,1,3,1,False,False,False
4735,520590,AVLP433_b,AVLP433_b_L,,AVLP433_b,AVLP433_b,cb_intrinsic,,L,,,acetylcholine,acetylcholine,0.8631967085017404,1,2,2,False,False,False
4736,520591,CL176,CL176_L,,CL176,CL176,cb_intrinsic,,L,,,glutamate,glutamate,0.8406425352498693,-1,3,1,False,False,False
4737,520604,PLP150,PLP150_L,,PLP150,PLP150,cb_intrinsic,,L,,,acetylcholine,acetylcholine,0.940344263009317,1,2,2,False,False,False
4738,520606,PVLP014,PVLP014_L,,PVLP014,PVLP014,cb_intrinsic,,L,,,acetylcholine,acetylcholine,0.9550150949692606,1,2,2,False,False,False
4739,520621,FLA016,FLA016_L,,CB0894,,cb_intrinsic,,L,,,acetylcholine,acetylcholine,0.9611809287148905,1,2,2,False,False,False
4740,520628,CB0591,CB0591_R,,CB0591,,cb_intrinsic,,R,,,acetylcholine,acetylcholine,0.9635937203175778,1,1,2,False,False,False
4741,520642,LAL167,LAL167_L,,LAL167a,LAL167,cb_intrinsic,,L,,fru_low,acetylcholine,acetylcholine,0.9531282808374738,1,2,2,False,False,False
4742,520643,DNp46,DNp46(CL206)_L,,DNp46,CL206,descending_neuron,,L,,,acetylcholine,acetylcholine,0.9511342204243676,1,2,1,False,False,False
4743,520651,AVLP730m,AVLP730m_L,Cachero 2010: aIP-b,,,cb_intrinsic,,L,male-specific,fru_high,acetylcholine,acetylcholine,0.953490709197017,1,3,1,False,False,False
4744,520655,WED208,WED208_L,,CB0033,,cb_intrinsic,,L,,,gaba,gaba,0.7575393378282637,-1,1,2,False,False,False
4745,520656,WED201,WED201_L,,CB1439,,cb_intrinsic,,L,,,gaba,gaba,0.8418179245722256,-1,2,2,False,False,False
4746,520657,JO-B4_b,JO-B4_b_L,,JO-B4_b,,cb_sensory,mechanosensory,,,,acetylcholine,acetylcholine,0.9747326673375373,1,0,3,True,False,False
4747,520753,AVLP603,AVLP603_M,,CB3922,,cb_intrinsic,,M,,,gaba,gaba,0.836056338190897,-1,2,2,False,False,False
4748,520754,AN08B081,AN08B081_R,,AN_GNG_182,,ascending_neuron,,R,potentially sexually dimorphic,,acetylcholine,acetylcholine,0.9417400550679957,1,2,2,False,False,False
4749,520775,FLA002m,FLA002m_L,Cachero 2010: aDT-h; Yu 2010: aDT6,,,cb_intrinsic,,L,male-specific,fru_high,acetylcholine,acetylcholine,0.8549348954291344,1,3,1,False,False,False
4750,520789,AVLP613,AVLP613_L,,CB0101,,cb_intrinsic,,L,,,glutamate,glutamate,0.7477128142046853,-1,2,2,False,False,False
4751,520791,CB2545,CB2545_R,,CB2545,,cb_intrinsic,,R,,,acetylcholine,acetylcholine,0.9517740965072531,1,2,2,False,False,False
4752,520792,WED104,WED104_L,,WED104,WED104,cb_intrinsic,,L,,,gaba,gaba,0.8481924877275007,-1,1,2,False,False,False
4753,520815,FLA017,FLA017_L,,CB0544,,cb_intrinsic,,L,,,gaba,gaba,0.7641734129025898,-1,3,1,False,False,False
4754,520816,GNG298,GNG298_M,,CB3892b,,cb_intrinsic,,M,,,gaba,gaba,0.8536424240390205,-1,2,2,False,False,False
4755,520862,GNG031,GNG031_R,,CB0454,,cb_intrinsic,,R,,,gaba,gaba,0.865865360829389,-1,2,2,False,False,False
4756,520889,aIPg_m1,aIPg_m1_L,Cachero 2010: aIP-g; Yu 2010: pIP6,,,cb_intrinsic,,L,male-specific,fru_high,acetylcholine,acetylcholine,0.9316317406782323,1,3,1,False,False,False
4757,520891,SMP092,SMP092_R,,SMP092,SMP092,cb_intrinsic,,R,,,glutamate,glutamate,0.7522395257180972,-1,3,1,False,False,False
4758,520898,DNb04,DNb04_L,,DNb04,DNb04,descending_neuron,,L,,,glutamate,glutamate,0.5756053863295699,-1,2,2,False,False,False
4759,521018,CL274,CL274_L,,CB1888,CL274,cb_intrinsic,,L,,,acetylcholine,acetylcholine,0.904937386118567,1,2,2,False,False,False
4760,521023,PS234,PS234_L,,PS234,PS234,cb_intrinsic,,L,,,acetylcholine,acetylcholine,0.9427242707960385,1,1,3,False,False,False
4761,521025,CB3746,CB3746_L,,CB3746,,cb_intrinsic,,L,,,gaba,gaba,0.8308609488701411,-1,1,3,False,False,False
4762,521059,PLP019,PLP019_L,,PLP019,PLP019,cb_intrinsic,,L,,,gaba,gaba,0.8558849231049755,-1,2,2,False,False,False
4763,521061,WED075,WED075_L,,WED075,WED075,cb_intrinsic,,L,,,gaba,gaba,0.838437542544814,-1,2,2,False,False,False
4764,521122,WED071,WED071_L,,WED071,WED071,cb_intrinsic,,L,,,glutamate,glutamate,0.8078231260717842,-1,2,2,False,False,False
4765,521126,CL248,CL248_L,,CL248,CL248,cb_intrinsic,,L,,,gaba,gaba,0.838899923200726,-1,2,1,False,False,False
4766,521127,ICL003m,ICL003m_L,Cachero 2010: aSP-b; Yu 2010: aSP1,,,cb_intrinsic,,L,male-specific,fru_high,glutamate,glutamate,0.7640031569643714,-1,3,1,False,False,False
4767,521149,SAD200m,SAD200m_L,Cachero 2010: aDT-g; Yu 2010: aDT5,,,cb_intrinsic,,L,male-specific,fru_high,gaba,gaba,0.7569142131171521,-1,2,2,False,False,False
4768,521152,AN05B103,AN05B103_L,Yu 2010: dMS6,AN_multi_82,,ascending_neuron,,L,potentially sexually dimorphic,fru_high,acetylcholine,acetylcholine,0.8387154974492255,1,2,2,False,False,False
4769,521190,DNae007,DNae007(VES009)_L,,DNae007,VES009,descending_neuron,,L,,,acetylcholine,acetylcholine,0.9504536774195861,1,2,2,False,False,False
4770,521191,VES005,VES005_L,,VES005,VES005,cb_intrinsic,,L,,,acetylcholine,acetylcholine,0.9614733939833691,1,2,2,False,False,False
4771,521197,DNp56,DNp56(VES055)_R,,DNp56,VES055,descending_neuron,,R,,,acetylcholine,acetylcholine,0.9522121641429346,1,2,2,False,False,False
4772,521208,SAD044,SAD044_R,,SAD044,SAD044,cb_intrinsic,,R,,,acetylcholine,acetylcholine,0.9285678982168413,1,2,2,False,False,False
4773,521210,PLP017,PLP017_R,,PLP017,PLP017,cb_intrinsic,,R,,,gaba,gaba,0.8969584037844299,-1,2,2,False,False,False
4774,521213,AVLP046,AVLP046_L,,AVLP046,AVLP046,cb_intrinsic,,L,,,acetylcholine,acetylcholine,0.9445432347658871,1,2,2,False,False,False
4775,521217,AVLP749m,AVLP749m_L,Cachero 2010: aSP-h; Ruta 2010: DC2,,,cb_intrinsic,,L,male-specific,fru_high,acetylcholine,acetylcholine,0.9380337637911641,1,2,2,False,False,False
4776,521219,CB0316,CB0316_L,,CB0316,,cb_intrinsic,,L,,,acetylcholine,acetylcholine,0.9603590459037388,1,2,2,False,False,False
4777,521227,SLP209,SLP209_L,,SLP209,SLP209,cb_intrinsic,,L,,,gaba,gaba,0.8506156130274037,-1,2,2,False,False,False
4778,521236,GNG144,GNG144_R,,CB3715,,cb_intrinsic,,R,,,gaba,gaba,0.874764377498043,-1,2,2,False,False,False
4779,521258,GNG361,GNG361_L,,CB3412,,cb_intrinsic,,L,,,glutamate,glutamate,0.7526873372621914,-1,2,2,False,False,False
4780,521262,DNae002,DNae002(DNa04)_R,,DNae002,DNa04,descending_neuron,,R,,,acetylcholine,acetylcholine,0.9588883153903391,1,2,2,False,False,False
4781,521297,GNG149,GNG149_R,,CB0157,,cb_intrinsic,,R,potentially sexually dimorphic,,gaba,gaba,0.8649436571947581,-1,2,2,False,False,False
4782,521298,DNge130,DNge130_R,,DNge130,,descending_neuron,,R,,,acetylcholine,acetylcholine,0.9562117563339136,1,1,2,False,False,False
4783,521306,GNG150,GNG150_L,,CB0605,,cb_intrinsic,,L,,,gaba,gaba,0.8362376362895142,-1,2,2,False,False,False
4784,521316,GNG113,GNG113_R,,CB0265,,cb_intrinsic,,R,,,gaba,gaba,0.8706006048192394,-1,2,2,False,False,False
4785,521323,AVLP490,AVLP490_L,,AVLP490,AVLP490,cb_intrinsic,,L,,,gaba,gaba,0.8384629164453828,-1,2,2,False,False,False
4786,521325,AVLP155_b,AVLP155_b_L,,CB1758,AVLP155,cb_intrinsic,,L,,,acetylcholine,acetylcholine,0.9520441820500716,1,2,2,False,False,False
4787,521326,AVLP259,AVLP259_L,,AVLP259,AVLP259,cb_intrinsic,,L,,,acetylcholine,acetylcholine,0.9645821332719962,1,2,2,False,False,False
4788,521352,SMP048,SMP048_R,,SMP048,SMP048,cb_intrinsic,,R,,,acetylcholine,acetylcholine,0.9553732673933176,1,2,2,False,False,False
4789,521358,SAD093,SAD093_L,,SAD093,SAD093,cb_intrinsic,,L,,,acetylcholine,acetylcholine,0.945114273387445,1,1,3,False,False,False
4790,521375,PVLP016,PVLP016_R,,PVLP016,PVLP016,cb_intrinsic,,R,sexually dimorphic,,glutamate,glutamate,0.748812884491179,-1,2,2,False,False,False
4791,521377,DNpe024,DNpe024(CL325)_R,,DNpe024,CL325,descending_neuron,,R,,,acetylcholine,acetylcholine,0.9487159361183639,1,2,2,False,False,False
4792,521404,CB0930,CB0930_R,,CB0930,,cb_intrinsic,,R,,,acetylcholine,acetylcholine,0.9440462914918044,1,2,2,False,False,False
4793,521414,PS269,PS269_L,,"PS268,PS269,CB3941",PS269,cb_intrinsic,,L,,,acetylcholine,acetylcholine,0.9688747504077942,1,2,2,False,False,False
4794,521443,BM,BM_L,,"BM_Ant,BM_Fr,BM_FrOr,BM_InOc,BM_Oc,BM_Or,BM_Vib",,cb_sensory,mechanosensory,,,,acetylcholine,acetylcholine,0.9630097278260576,1,2,2,False,False,False
4795,521448,CL157,CL157_L,,CL157,CL157,cb_intrinsic,,L,,,acetylcholine,acetylcholine,0.9561229842625223,1,2,2,False,False,False
4796,521449,vpoIN,vpoIN_L,Cachero 2010: aSP-k; Wang 2020b: vpoIN,CB1385,AVLP007,cb_intrinsic,,L,,fru_high,gaba,gaba,0.8179226439005792,-1,2,1,False,False,False
4797,521450,AVLP739m,AVLP739m_L,Cachero 2010: aIP-c; Yu 2010: aIP1/aIP4/aSP10,,,cb_intrinsic,,L,male-specific,fru_high,acetylcholine,acetylcholine,0.9432936459046833,1,2,2,False,False,False
4798,521453,pC1_6a,pC1_6a_L,Cachero 2010: pMP-e; Yu 2010: pMP4,,,cb_intrinsic,,L,male-specific,coexpress_low,acetylcholine,acetylcholine,0.9419385014818928,1,2,2,False,True,False
4799,521457,CB2286,CB2286_L,,CB2286,,cb_intrinsic,,L,,,acetylcholine,acetylcholine,0.9118498294875957,1,2,2,False,False,False
4800,521459,CB2646,CB2646_L,,CB2646,,cb_intrinsic,,L,,,acetylcholine,acetylcholine,0.9607032413469554,1,2,2,False,False,False
4801,521490,AVLP721m,AVLP721m_L,Cachero 2010: aIP-c; Yu 2010: aIP1/aIP4/aSP10,,,cb_intrinsic,,L,male-specific,fru_high,acetylcholine,acetylcholine,0.959427242034018,1,2,2,False,False,False
4802,521493,AVLP203_a,AVLP203_a_L,,CB2426,AVLP203,cb_intrinsic,,L,,,gaba,gaba,0.7932018626206132,-1,2,2,False,False,False
4803,521551,GNG563,GNG563_L,,CB0170,,cb_intrinsic,,L,,,acetylcholine,acetylcholine,0.9588043879969179,1,2,1,False,False,False
4804,521577,AVLP732m,AVLP732m_L,Cachero 2010: aIP-c; Yu 2010: aIP1/aIP4/aSP10,,,cb_intrinsic,,L,male-specific,fru_high,acetylcholine,acetylcholine,0.9535573675127957,1,2,2,False,False,False
4805,521580,AVLP729m,AVLP729m_L,Cachero 2010: aIP-b,,,cb_intrinsic,,L,male-specific,fru_high,acetylcholine,acetylcholine,0.9451757740228687,1,2,2,False,False,False
4806,521594,AOTU050,AOTU050_R,,AOTU050a,AOTU050,cb_intrinsic,,R,,,gaba,gaba,0.8171312456038691,-1,2,2,False,False,False
4807,521597,AVLP749m,AVLP749m_L,Cachero 2010: aSP-h; Ruta 2010: DC2,,,cb_intrinsic,,L,male-specific,fru_high,acetylcholine,acetylcholine,0.915630425763305,1,2,2,False,False,False
4808,521624,DNpe023,DNpe023(LAL201)_R,,DNpe023,LAL201,descending_neuron,,R,,,acetylcholine,acetylcholine,0.962155030593376,1,2,2,False,False,False
4809,521627,LC31b,LC31b_L,,"LC31b,LC31c",,visual_projection,,L,,,acetylcholine,acetylcholine,0.9407134399352907,1,2,2,False,False,False
4810,521628,JO-A2,JO-A2_L,,JO-A2,,cb_sensory,mechanosensory,,,,acetylcholine,acetylcholine,0.9348872159363145,1,0,3,True,False,False
4811,521649,CL078_c,CL078_c_L,,CL078,CL078,cb_intrinsic,,L,,,acetylcholine,acetylcholine,0.9423912204932021,1,2,2,False,False,False
4812,521652,AVLP235,AVLP235_L,,AVLP235,AVLP235,cb_intrinsic,,L,,,acetylcholine,acetylcholine,0.8801347225903046,1,2,2,False,False,False
4813,521662,GNG670,GNG670_L,,CB0649,,cb_intrinsic,,L,,,glutamate,glutamate,0.7411119079902825,-1,2,2,False,False,False
4814,521664,AVLP264,AVLP264_L,,CB1111,AVLP264,cb_intrinsic,,L,,,acetylcholine,acetylcholine,0.8964623801345067,1,2,2,False,False,False
4815,521666,WED092,WED092_L,,WED092d,WED092,cb_intrinsic,,L,,,acetylcholine,acetylcholine,0.9414009366296884,1,1,2,False,False,False
4816,521668,CB2491,CB2491_L,,CB2491,,cb_intrinsic,,L,,,acetylcholine,acetylcholine,0.951567703457754,1,2,2,False,False,False
4817,521669,WED093,WED093_L,,CB1675,WED093,cb_intrinsic,,L,,,acetylcholine,acetylcholine,0.9476399009809836,1,2,2,False,False,False
4818,521671,SIP123m,SIP123m_L,Cachero 2010: aSP-a; Yu 2010: aSP2,,,cb_intrinsic,,L,male-specific,fru_high,glutamate,glutamate,0.7963648546698939,-1,2,2,False,False,False
4819,521675,AN05B006,AN05B006_R,,AN_multi_87,,ascending_neuron,,R,,,gaba,gaba,0.847482956203654,-1,2,2,False,False,False
4820,521682,AVLP170,AVLP170_L,,CB2330,AVLP170,cb_intrinsic,,L,,,acetylcholine,acetylcholine,0.9665826113027413,1,2,2,False,False,False
4821,521687,AVLP477,AVLP477_L,,AVLP477,AVLP477,cb_intrinsic,,L,,,acetylcholine,acetylcholine,0.9324709196749207,1,2,2,False,False,False
4822,521688,AVLP600,AVLP600_L,,CB3514,,cb_intrinsic,,L,,,acetylcholine,acetylcholine,0.9125193006972476,1,2,2,False,False,False
4823,521690,AVLP302,AVLP302_L,,CB3927,AVLP302,cb_intrinsic,,L,,,acetylcholine,acetylcholine,0.9444973261152189,1,2,2,False,False,False
4824,521693,PVLP122,PVLP122_L,,PVLP122a,PVLP122,cb_intrinsic,,L,,,acetylcholine,acetylcholine,0.9533382915510165,1,2,2,False,False,False
4825,521694,,,,"CB3431,CB3482",,cb_intrinsic,,L,,,acetylcholine,acetylcholine,0.9107157425543101,1,2,2,False,False,False
4826,521707,aSP10B,aSP10B_L,Cachero 2010: aIP-b,"CB1259,CB3589",aSP10B,cb_intrinsic,,L,,fru_high,acetylcholine,acetylcholine,0.9483320413116272,1,2,2,False,False,False
4827,521708,aSP10A_b,aSP10A_b_L,Cachero 2010: aIP-b,CB1090,aSP10A,cb_intrinsic,,L,potentially sexually dimorphic,fru_high,acetylcholine,acetylcholine,0.9112552315409704,1,2,2,False,False,False
4828,521713,AVLP164,AVLP164_L,,AVLP164,AVLP164,cb_intrinsic,,L,,,acetylcholine,acetylcholine,0.9423994340635957,1,2,2,False,False,False
4829,521734,PVLP005,PVLP005_L,,"PVLP004,PVLP005",PVLP005,cb_intrinsic,,L,,,glutamate,glutamate,0.8300294298794844,-1,2,2,False,False,False
4830,521736,SMP709m,SMP709m_L,,,,cb_intrinsic,,L,male-specific,,acetylcholine,acetylcholine,0.878455010765904,1,2,1,False,False,False
4831,521761,CL022_a,CL022_a_R,,CL022b,CL022,cb_intrinsic,,R,,,acetylcholine,acetylcholine,0.9485345254107288,1,2,2,False,False,False
4832,521763,CL339,CL339_R,,CL339,CL339,cb_intrinsic,,R,,,acetylcholine,acetylcholine,0.9613488263842274,1,2,1,False,False,False
4833,521764,PVLP206m,PVLP206m_L,Cachero 2010: aIP-b,,,cb_intrinsic,,L,male-specific,fru_high,acetylcholine,acetylcholine,0.9533037289883933,1,1,2,False,False,False
4834,521768,WED111,WED111_L,,CB3305,WED111,cb_intrinsic,,L,,,acetylcholine,acetylcholine,0.9640234676877064,1,2,2,False,False,False
4835,521770,AN09B031,AN09B031_R,,"AN_multi_25,AN_multi_26",,ascending_neuron,,R,,,acetylcholine,acetylcholine,0.9413115206566031,1,2,2,False,False,False
4836,521783,AVLP712m,AVLP712m_L,Cachero 2010: aIP-d; Yu 2010: aIP1,,,cb_intrinsic,,L,male-specific,fru_high,glutamate,glutamate,0.712288518861459,-1,2,1,False,False,False
4837,521784,aSP10C_b,aSP10C_b_L,Cachero 2010: aIP-b,CB2376c,aSP10C_b,cb_intrinsic,,L,sexually dimorphic,fru_high,acetylcholine,acetylcholine,0.8937603458170518,1,2,2,False,False,False
4838,521972,VES200m,VES200m_R,Cachero 2010: aSP-b; Yu 2010: aSP1,,,cb_intrinsic,,R,potentially male-specific,fru_high,glutamate,glutamate,0.7133902729572229,-1,2,2,False,False,False
4839,521977,SIP100m,SIP100m_L,Cachero 2010: aSP-a; Yu 2010: aSP2,,,cb_intrinsic,,L,male-specific,fru_high,glutamate,glutamate,0.8274171698416393,-1,2,1,False,False,False
4840,521981,SIP102m,SIP102m_R,fru-M-200030,,,cb_intrinsic,,R,potentially male-specific,fru_low,glutamate,glutamate,0.8248189108852201,-1,3,1,False,False,False
4841,521988,CB3404,CB3404_R,,CB3404,,cb_intrinsic,,R,,,acetylcholine,acetylcholine,0.9626626813007566,1,2,2,False,False,False
4842,522302,SAD051_a,SAD051_a_L,Cachero 2010: aDT-e; Vaughan 2014: aPN1,CB1542,SAD051_a,cb_intrinsic,,L,,fru_high,acetylcholine,acetylcholine,0.8995427465478021,1,1,2,False,True,False
4843,522305,JO-B1_a,JO-B1_a_L,,JO-B1_a,,cb_sensory,mechanosensory,,,,acetylcholine,acetylcholine,0.8913978902801166,1,0,3,True,False,False
4844,522306,JO-B1_a,JO-B1_a_L,,JO-B1_a,,cb_sensory,mechanosensory,,,,acetylcholine,acetylcholine,0.8808579730773377,1,0,3,True,False,False
4845,522310,ANXXX027,ANXXX027_R,,AN_AVLP_GNG_4,,ascending_neuron,,R,,,acetylcholine,acetylcholine,0.9352620823402237,1,2,2,False,False,False
4846,522311,GNG516,GNG516_L,,CB0496,,cb_intrinsic,,L,,,gaba,gaba,0.8256443712898857,-1,1,2,False,False,False
4847,522325,CL264,CL264_R,,CL264,CL264,cb_intrinsic,,R,,,acetylcholine,acetylcholine,0.9577660901508611,1,3,1,False,False,False
4848,522344,AVLP746m,AVLP746m_L,Cachero 2010: pIP-e; Yu 2010: pIP5,,,cb_intrinsic,,L,male-specific,fru_high,acetylcholine,acetylcholine,0.9595020458717768,1,2,2,False,False,False
4849,522345,DNpe037,DNpe037(CL338)_L,,DNpe037,CL338,descending_neuron,,L,,,acetylcholine,acetylcholine,0.8610894538152789,1,2,2,False,False,False
4850,522346,PVLP013,PVLP013_L,,PVLP013,PVLP013,cb_intrinsic,,L,,,acetylcholine,acetylcholine,0.9295490663675477,1,2,2,False,False,False
4851,522348,AVLP744m,AVLP744m_L,,,,cb_intrinsic,,L,male-specific,,acetylcholine,acetylcholine,0.929518909361452,1,1,2,False,False,False
4852,522352,GNG636,GNG636_L,,CB2162,,cb_intrinsic,,L,,,gaba,gaba,0.8364803795265352,-1,1,3,False,False,False
4853,522355,AN08B007,AN08B007_R,,AN_multi_33,,ascending_neuron,,R,,,gaba,gaba,0.8759525924122148,-1,1,2,False,False,False
4854,522357,WED001,WED001_L,Cachero 2010: aSP-k; Yu 2010: aSP8,CB2364,WED001,cb_intrinsic,,L,,fru_low,gaba,gaba,0.832628501120252,-1,1,2,False,False,False
4855,522405,PVLP106,PVLP106_R,,PVLP106,PVLP106,cb_intrinsic,,R,,,unclear,unclear,0.4910044370924949,0,2,2,False,False,False
4856,522407,mAL_m11,mAL_m11_L,Cachero 2010: aDT-b; Yu 2010: aDT2,,,cb_intrinsic,,L,male-specific,fru_high,gaba,gaba,0.611317856344547,-1,2,1,False,False,False
4857,522409,CB1955,CB1955_L,,CB1955,,cb_intrinsic,,L,,,acetylcholine,acetylcholine,0.9133382652247934,1,2,2,False,False,False
4858,522410,AVLP532,AVLP532_L,,AVLP532,AVLP532,cb_intrinsic,,L,,,unclear,serotonin,0.562268173626779,0,2,2,False,False,False
4859,522419,pC1_4a,pC1_4a_L,"Lee 2002, Rideout 2010, Nojima 2021: pC1",,,cb_intrinsic,,L,male-specific,dsx_high,acetylcholine,acetylcholine,0.9630736106026381,1,2,2,False,True,False
4860,522432,DNp56,DNp56(VES055)_L,,DNp56,VES055,descending_neuron,,L,,,acetylcholine,acetylcholine,0.964377358890693,1,2,2,False,False,False
4861,522433,SAD047,SAD047_L,,SAD047,SAD047,cb_intrinsic,,L,,,glutamate,glutamate,0.6731375341356879,-1,2,2,False,False,False
4862,522434,VES012,VES012_L,,VES012,VES012,cb_intrinsic,,L,,,acetylcholine,acetylcholine,0.9461226095871416,1,2,2,False,False,False
4863,522436,VES200m,VES200m_L,Cachero 2010: aSP-b; Yu 2010: aSP1,,,cb_intrinsic,,L,potentially male-specific,fru_high,glutamate,glutamate,0.7521288859736792,-1,2,2,False,False,False
4864,522443,PS002,PS002_R,,PS002,PS002,cb_intrinsic,,R,,,gaba,gaba,0.8592384662218432,-1,2,2,False,False,False
4865,522465,SMP593,SMP593_L,,SMP593,SMP593,cb_intrinsic,,L,,,gaba,gaba,0.8128206310885188,-1,2,1,False,False,False
4866,522702,GNG182,GNG182_L,,CB0857,,cb_intrinsic,,L,,,gaba,gaba,0.8673092268536224,-1,2,2,False,False,False
4867,522709,CB1652,CB1652_L,Cachero 2010: aIP-c; Yu 2010: aIP1/aIP4/aSP10,CB1652,,cb_intrinsic,,L,,fru_low,acetylcholine,acetylcholine,0.89049082220092,1,2,2,False,False,False
4868,522750,mAL_m11,mAL_m11_R,Cachero 2010: aDT-b; Yu 2010: aDT2,,,cb_intrinsic,,R,male-specific,fru_high,gaba,gaba,0.5817023151477269,-1,2,1,False,False,False
4869,522763,PLP004,PLP004_L,,PLP004,PLP004,cb_intrinsic,,L,,,glutamate,glutamate,0.8470982635410886,-1,2,2,False,False,False
4870,522807,LAL134,LAL134_R,,"SMP544,LAL134",LAL134,cb_intrinsic,,R,,,gaba,gaba,0.8526428648598776,-1,2,2,False,False,False
4871,522813,CB1565,CB1565_R,,CB1565,,cb_intrinsic,,R,,,acetylcholine,acetylcholine,0.9610304866619621,1,2,2,False,False,False
4872,522822,AN17A076,AN17A076_L,,AN_GNG_89,,ascending_neuron,,L,,,acetylcholine,acetylcholine,0.8121304736295962,1,2,2,False,False,False
4873,522824,VES200m,VES200m_R,Cachero 2010: aSP-b; Yu 2010: aSP1,,,cb_intrinsic,,R,potentially male-specific,fru_high,glutamate,glutamate,0.7387339074769831,-1,2,2,False,False,False
4874,522840,,,,"CB2014,CB2039",,cb_intrinsic,,L,,,acetylcholine,acetylcholine,0.8479841972649321,1,2,2,False,False,False
4875,522848,,,,"CB3234,CB3377",,cb_intrinsic,,R,,,acetylcholine,acetylcholine,0.9428007340114001,1,2,2,False,False,False
4876,522849,CB3384,CB3384_R,,CB3384,,cb_intrinsic,,R,,,glutamate,glutamate,0.6560449978763485,-1,2,2,False,False,False
4877,522857,AVLP201,AVLP201_R,,AVLP201,AVLP201,cb_intrinsic,,R,,,gaba,gaba,0.7621684979249775,-1,2,2,False,False,False
4878,522865,WED117,WED117_R,,"CB1143,CB1692",WED117,cb_intrinsic,,R,,,acetylcholine,acetylcholine,0.8403544794694106,1,1,2,False,False,False
4879,522916,AVLP526,AVLP526_L,,CB1552,AVLP526,cb_intrinsic,,L,,,acetylcholine,acetylcholine,0.9649466802352185,1,2,2,False,False,False
4880,522918,AN06B039,AN06B039_R,,AN_IPS_GNG_7,,ascending_neuron,,R,,,gaba,gaba,0.8779960297095611,-1,2,2,False,False,False
4881,522961,DNp47,DNp47(PS293)_L,,DNp47,PS293,descending_neuron,,L,,,acetylcholine,acetylcholine,0.9648601982024719,1,2,2,False,False,False
4882,522967,CL158,CL158_L,,CL158,CL158,cb_intrinsic,,L,,,acetylcholine,acetylcholine,0.93703188323565,1,2,2,False,False,False
4883,523015,PS181,PS181_L,,PS181,PS181,cb_intrinsic,,L,,,acetylcholine,acetylcholine,0.9700344378137405,1,2,2,False,False,False
4884,523016,WED012,WED012_L,,WED012,WED012,cb_intrinsic,,L,,,gaba,gaba,0.5931219744367041,-1,2,2,False,False,False
4885,523017,CB0214,CB0214_L,,CB0214,,cb_intrinsic,,L,,,gaba,gaba,0.8037415093306584,-1,2,2,False,False,False
4886,523020,WED101,WED101_L,,WED101,WED101,cb_intrinsic,,L,,,glutamate,glutamate,0.7991987958746674,-1,2,2,False,False,False
4887,523022,CL032,CL032_L,,CL032,CL032,cb_intrinsic,,L,,,glutamate,glutamate,0.833809023063653,-1,2,2,False,False,False
4888,523040,GNG108,GNG108_L,Shiu 2022: Roundup,CB0553,,cb_intrinsic,,L,,,acetylcholine,acetylcholine,0.9454908957282174,1,2,2,False,False,False
4889,523049,CB4247,CB4247_R,,CB4247,,cb_intrinsic,,R,,,gaba,gaba,0.8178231595942718,-1,2,2,False,False,False
4890,523062,MeVP26,MeVP26_R,,MTe42,,visual_projection,,R,,,glutamate,glutamate,0.7314781269433076,-1,2,2,False,False,False
4891,523329,DNa10,DNa10_L,,DNa10,DNa10,descending_neuron,,L,,,acetylcholine,acetylcholine,0.950643100220604,1,2,2,False,False,False
4892,523347,AVLP299_d,AVLP299_d_L,Cachero 2010: aIP-b,AVLP299_c,AVLP299,cb_intrinsic,,L,sexually dimorphic,fru_high,acetylcholine,acetylcholine,0.8965181173127117,1,2,2,False,False,False
4893,523373,AN09B012,AN09B012(14085)_R,,AN_AVLP_PVLP_8,,ascending_neuron,,R,,,acetylcholine,acetylcholine,0.9662451612394918,1,2,2,False,False,False
4894,523385,CL065,CL065_L,,CL065,CL065,cb_intrinsic,,L,,,acetylcholine,acetylcholine,0.9430770653089815,1,2,2,False,False,False
4895,523392,GNG295,GNG295_M,,CB3925,,cb_intrinsic,,M,,,gaba,gaba,0.7783866702003434,-1,2,2,False,False,False
4896,523430,AVLP412,AVLP412_L,,"CB1221,CB3628",AVLP412,cb_intrinsic,,L,,,acetylcholine,acetylcholine,0.922987506823476,1,2,2,False,False,False
4897,523432,AVLP103,AVLP103_L,,CB1459,AVLP103,cb_intrinsic,,L,,,acetylcholine,acetylcholine,0.706414469834841,1,2,2,False,False,False
4898,523434,AVLP126,AVLP126_L,,"CB2370,CB1681",AVLP126,cb_intrinsic,,L,,,acetylcholine,acetylcholine,0.9228731313026809,1,2,2,False,False,False
4899,523436,WED072,WED072_R,,WED072,WED072,cb_intrinsic,,R,,,acetylcholine,acetylcholine,0.9554761062607412,1,2,2,False,False,False
4900,523438,SAD112_b,SAD112_b_R,,CB1231b,,cb_intrinsic,,R,,,gaba,gaba,0.8722145851824898,-1,1,2,False,False,False
4901,523446,PS115,PS115_R,,PS115,PS115,cb_intrinsic,,R,,,glutamate,glutamate,0.8002964490894396,-1,2,2,False,False,False
4902,523473,SAD094,SAD094_R,,SAD094,SAD094,cb_intrinsic,,R,,,acetylcholine,acetylcholine,0.9595772949172844,1,2,2,False,False,False
4903,523476,CB4173,CB4173_L,,CB4173,,cb_intrinsic,,L,,,acetylcholine,acetylcholine,0.9659924332091442,1,2,2,False,False,False
4904,523482,GNG633,GNG633_R,,"CB2566,CB3640",,cb_intrinsic,,R,,,gaba,gaba,0.8613252001164712,-1,2,2,False,False,False
4905,523503,AVLP179,AVLP179_R,,CB2428,AVLP179,cb_intrinsic,,R,,,acetylcholine,acetylcholine,0.9478612602011894,1,2,2,False,False,False
4906,523512,AVLP538,AVLP538_L,,AVLP538,AVLP538,cb_intrinsic,,L,,,unclear,unclear,0.3452351982657134,0,2,2,False,False,False
4907,523515,ANXXX250,ANXXX250_L,,AN_AVLP_PVLP_3,,ascending_neuron,,L,,,gaba,gaba,0.8924813849973552,-1,2,2,False,False,False
4908,523528,PVLP014,PVLP014_R,,PVLP014,PVLP014,cb_intrinsic,,R,,,acetylcholine,acetylcholine,0.9647816773212244,1,2,2,False,False,False
4909,523530,CB2373,CB2373_R,,CB2373,,cb_intrinsic,,R,,,acetylcholine,acetylcholine,0.968186475215383,1,2,2,False,False,False
4910,523536,CB1190,CB1190_L,,CB1190,,cb_intrinsic,,L,,,acetylcholine,acetylcholine,0.9019716158658196,1,2,2,False,False,False
4911,523537,AVLP115,AVLP115_L,,CB3031,AVLP115,cb_intrinsic,,L,,,acetylcholine,acetylcholine,0.7367354465500091,1,2,2,False,False,False
4912,523539,ANXXX027,ANXXX027(14994)_L,,AN_AVLP_GNG_18,,ascending_neuron,,L,,,acetylcholine,acetylcholine,0.9627743605851242,1,2,2,False,False,False
4913,523560,CB3879,CB3879_L,,CB3879,,cb_intrinsic,,L,,,gaba,gaba,0.794190562220124,-1,2,2,False,False,False
4914,523561,SIP133m,SIP133m_L,Cachero 2010: aSP-e,,,cb_intrinsic,,L,male-specific,fru_high,glutamate,glutamate,0.6867856073707488,-1,2,1,False,False,False
4915,523564,PVLP011,PVLP011_L,,PVLP011,PVLP011,cb_intrinsic,,L,,,gaba,gaba,0.8418892919787313,-1,2,2,False,False,False
4916,523581,AVLP399,AVLP399_L,,AVLP399,AVLP399,cb_intrinsic,,L,,,acetylcholine,acetylcholine,0.967955225281554,1,1,3,False,False,False
4917,523602,AN05B096,AN05B096_R,,SA_VTV_DProN_1,,ascending_neuron,,R,,,acetylcholine,acetylcholine,0.8774311721706701,1,2,2,False,False,False
4918,523624,PVLP018,PVLP018_L,,PVLP018,PVLP018,cb_intrinsic,,L,,,gaba,gaba,0.8783685438878569,-1,2,2,False,False,False
4919,523632,GNG700m,GNG700m_R,fru-M-800059,,,cb_intrinsic,,R,male-specific,fru_high,glutamate,glutamate,0.7483832091052536,-1,2,2,False,False,False
4920,523640,AMMC013,AMMC013_L,,CB0478,,cb_intrinsic,,L,,,acetylcholine,acetylcholine,0.9498360305337308,1,1,3,False,False,False
4921,523641,CB3024,CB3024_L,,CB3024,,cb_intrinsic,,L,,,gaba,gaba,0.8553613823899252,-1,1,3,False,False,False
4922,523643,CB0307,CB0307_R,,CB0307,,cb_intrinsic,,R,,,gaba,gaba,0.859759013838188,-1,1,2,False,False,False
4923,523644,SAD072,SAD072_L,,SAD072,SAD072,cb_intrinsic,,L,,,gaba,gaba,0.8695123750708947,-1,1,2,False,False,False
4924,523645,CB1065,CB1065_L,,CB1065,,cb_intrinsic,,L,,,gaba,gaba,0.7952173872824704,-1,1,3,False,False,False
4925,523648,AVLP718m,AVLP718m_L,Cachero 2010: pIP-e; Yu 2010: pIP5; Nojima 2021: pC2l,,,cb_intrinsic,,L,male-specific,coexpress_high,acetylcholine,acetylcholine,0.9613684239880195,1,3,1,False,False,False
4926,523672,AVLP078,AVLP078_R,,AVLP078,AVLP078,cb_intrinsic,,R,,,glutamate,glutamate,0.7846618979139538,-1,2,2,False,False,False
4927,523769,DNa02,DNa02_L,,DNa02,DNa02,descending_neuron,,L,,,acetylcholine,acetylcholine,0.9505229392371917,1,2,2,False,False,False
4928,523773,DNg52,DNg52_L,,"DNg52_a,DNg52_b",,descending_neuron,,L,,,gaba,gaba,0.8579195117883693,-1,2,2,False,False,False
4929,523808,VES099,VES099_R,,CB0632,,cb_intrinsic,,R,,,gaba,gaba,0.808286508241439,-1,2,2,False,False,False
4930,523809,WED166_a,WED166_a_R,,CB0345,WED166_a,cb_intrinsic,,R,,,acetylcholine,acetylcholine,0.967536670585882,1,2,2,False,False,False
4931,523818,MeVP17,MeVP17_L,,MTe08,,visual_projection,,L,,,glutamate,glutamate,0.7797927439354356,-1,2,2,False,False,False
4932,523821,PS065,PS065_R,,PS065,PS065,cb_intrinsic,,R,,,gaba,gaba,0.8519382708223138,-1,2,2,False,False,False
4933,523833,AVLP436,AVLP436_L,,AVLP436,AVLP436,cb_intrinsic,,L,,,acetylcholine,acetylcholine,0.9568290629251524,1,2,2,False,False,False
4934,523834,mAL_m5c,mAL_m5c_R,Cachero 2010: aDT-b; Yu 2010: aDT2,,,cb_intrinsic,,R,male-specific,fru_high,gaba,gaba,0.5728231542743603,-1,2,1,False,False,False
4935,523839,AN08B026,AN08B026_L,,AN_multi_57,,ascending_neuron,,L,,,acetylcholine,acetylcholine,0.9107084619998032,1,2,2,False,False,False
4936,523842,AVLP449,AVLP449_L,,AVLP449,AVLP449,cb_intrinsic,,L,,,gaba,gaba,0.828250747379909,-1,2,2,False,False,False
4937,523843,AN19A018,AN19A018(14863)_L,Sapkal 2024: BRK,AN_GNG_76,,ascending_neuron,,L,,,acetylcholine,acetylcholine,0.9449782442380416,1,2,1,False,False,False
4938,523858,WED109,WED109_R,,CB2305,WED109,cb_intrinsic,,R,,,acetylcholine,acetylcholine,0.9414004448072524,1,2,2,False,False,False
4939,523860,AVLP509,AVLP509_L,,AVLP509,AVLP509,cb_intrinsic,,L,,,acetylcholine,acetylcholine,0.9574021506810636,1,2,2,False,False,False
4940,523874,CB3673a,CB3673a_R,,CB3673a,,cb_intrinsic,,R,,,acetylcholine,acetylcholine,0.966300756039009,1,2,2,False,False,False
4941,523875,CB0397,CB0397_R,,CB0397,,cb_intrinsic,,R,,,gaba,gaba,0.8727145120185696,-1,2,2,False,False,False
4942,523894,AVLP526,AVLP526_L,,CB1552,AVLP526,cb_intrinsic,,L,,,acetylcholine,acetylcholine,0.903475701475627,1,2,2,False,False,False
4943,523921,PVLP122,PVLP122_R,,PVLP122b,PVLP122,cb_intrinsic,,R,,,acetylcholine,acetylcholine,0.96167202764078,1,2,2,False,False,False
4944,523938,WED119,WED119_R,,WED119,WED119,cb_intrinsic,,R,,,glutamate,glutamate,0.6958125365202216,-1,2,2,False,False,False
4945,523939,CB2050,CB2050_L,,CB2050,,cb_intrinsic,,L,,,acetylcholine,acetylcholine,0.951515482502137,1,1,3,False,False,False
4946,523994,GNG361,GNG361_L,,CB3412,,cb_intrinsic,,L,,,glutamate,glutamate,0.7780644083390806,-1,2,2,False,False,False
4947,523998,pIP10,pIP10_L,"Kimura 2008, Kohatsu 2010: P2b; Cachero 2010: pIP-a; Yu 2010: pIP1",,,descending_neuron,,L,male-specific,fru_high,acetylcholine,acetylcholine,0.9433122817428078,1,3,0,False,False,True
4948,524005,LAL026_b,LAL026_b_L,,"CB2418,LAL026",LAL026,cb_intrinsic,,L,,,acetylcholine,acetylcholine,0.956647490656083,1,2,2,False,False,False
4949,524007,AOTU032,AOTU032_L,,CB3961,AOTU032,cb_intrinsic,,L,,,acetylcholine,acetylcholine,0.9685493540744401,1,2,2,False,False,False
4950,524018,CB2374,CB2374_R,,CB2374,,cb_intrinsic,,R,,,glutamate,glutamate,0.7905601144848795,-1,2,2,False,False,False
4951,524056,AVLP304,AVLP304_L,,AVLP304,AVLP304,cb_intrinsic,,L,,,acetylcholine,acetylcholine,0.9237528459650433,1,2,2,False,False,False
4952,524065,AVLP055,AVLP055_L,,AVLP055,AVLP055,cb_intrinsic,,L,,,glutamate,glutamate,0.7930485240314263,-1,2,2,False,False,False
4953,524081,PS138,PS138_R,,PS138,PS138,cb_intrinsic,,R,,,gaba,gaba,0.8159014563932466,-1,2,2,False,False,False
4954,524089,LPLC4,LPLC4_L,,LPLC4,LPLC4,visual_projection,,L,,,acetylcholine,acetylcholine,0.928878249468782,1,2,2,False,False,False
4955,524123,SIP140m,SIP140m_L,Cachero 2010: aSP-a; Yu 2010: aSP2,,,cb_intrinsic,,L,male-specific,fru_high,glutamate,glutamate,0.6913950680140754,-1,2,1,False,False,False
4956,524133,AVLP031,AVLP031_L,,AVLP031,AVLP031,cb_intrinsic,,L,,,gaba,gaba,0.70667109079572,-1,2,2,False,False,False
4957,524134,CB2453,CB2453_L,,CB2453,,cb_intrinsic,,L,,,acetylcholine,acetylcholine,0.9580588774909273,1,2,2,False,False,False
4958,524136,IB118,IB118_R,,IB118,IB118,cb_intrinsic,,R,,,unclear,serotonin,0.7216649442846873,0,2,2,False,False,False
4959,524138,SAD111,SAD111_L,,CB1231_b,,cb_intrinsic,,L,,,gaba,gaba,0.8685159278571406,-1,1,2,False,False,False
4960,524139,CB3404,CB3404_L,,CB3404,,cb_intrinsic,,L,,,acetylcholine,acetylcholine,0.9649866855798095,1,2,2,False,False,False
4961,524152,WED182,WED182_R,,WED182,WED182,cb_intrinsic,,R,,,acetylcholine,acetylcholine,0.8735400700528354,1,2,2,False,False,False
4962,524156,ANXXX084,ANXXX084_L,,,,ascending_neuron,,L,potentially sexually dimorphic,,acetylcholine,acetylcholine,0.9473332338350039,1,2,2,False,False,False
4963,524161,,,,,,,,,,,unclear,serotonin,0.8443177796130251,0,2,2,False,False,False
4964,524162,SAD023,SAD023_L,,"CB0027,SAD023",SAD023,cb_intrinsic,,L,potentially sexually dimorphic,,gaba,gaba,0.8502892754365162,-1,1,3,False,False,False
4965,524212,mAL_m1,mAL_m1_R,Cachero 2010: aDT-b; Yu 2010: aDT2,,,cb_intrinsic,,R,male-specific,fru_high,gaba,gaba,0.5977435393849325,-1,2,2,False,False,False
4966,524225,DNg14,DNg14_L,,DNg14,,descending_neuron,,L,,,acetylcholine,acetylcholine,0.9149072506407117,1,2,2,False,False,False
4967,524226,mAL_m9,mAL_m9_R,Cachero 2010: aDT-b; Yu 2010: aDT2,,,cb_intrinsic,,R,male-specific,fru_high,gaba,unclear,0.4638593258495496,-1,2,2,False,False,False
4968,524227,CB0391,CB0391_L,,CB0391,,cb_intrinsic,,L,,,acetylcholine,acetylcholine,0.9532291091725182,1,2,2,False,False,False
4969,524245,AN09B014,AN09B014_R,,AN_GNG_40,,ascending_neuron,,R,,,acetylcholine,acetylcholine,0.9667501214660504,1,2,2,False,False,False
4970,524246,CB2321,CB2321_L,,CB2321,AVLP233,cb_intrinsic,,L,,,acetylcholine,acetylcholine,0.8095950261088595,1,2,2,False,False,False
4971,524274,aSP10A_b,aSP10A_b_R,Cachero 2010: aIP-b,CB1090,aSP10A,cb_intrinsic,,R,potentially sexually dimorphic,fru_high,acetylcholine,acetylcholine,0.9465562214340358,1,2,2,False,False,False
4972,524284,ALIN7,ALIN7_R,,ALIN7,,cb_intrinsic,ALIN,R,,,gaba,gaba,0.75175973169748,-1,1,2,False,False,False
4973,524286,CL071_b,CL071_b_L,,CL071b,CL071,cb_intrinsic,,L,,,acetylcholine,acetylcholine,0.9561871322429125,1,2,2,False,False,False
4974,524292,AVLP067,AVLP067_L,,CB2402,AVLP067,cb_intrinsic,,L,,,glutamate,glutamate,0.8025964122509417,-1,2,2,False,False,False
4975,524296,pC1_1a,pC1_1a_L,"Lee 2002, Rideout 2010, Nojima 2021: pC1; Cachero 2010: pMP-e; Yu 2010: pMP4",,,cb_intrinsic,,L,male-specific,coexpress_high,acetylcholine,acetylcholine,0.9564796642090011,1,2,2,False,True,False
4976,524297,AVLP763m,AVLP763m_L,Cachero 2010: aSP-k; Yu 2010: aSP8; Zhou 2015: vPN1,,,cb_intrinsic,,L,male-specific,fru_high,gaba,gaba,0.7089622908847293,-1,1,1,False,True,False
4977,524300,AVLP112,AVLP112_L,,CB3663,AVLP112,cb_intrinsic,,L,,,acetylcholine,acetylcholine,0.9495335512967016,1,2,2,False,False,False
4978,524309,GNG013,GNG013_R,,CB0072,,cb_intrinsic,,R,,,gaba,gaba,0.8473215054386033,-1,2,2,False,False,False
4979,524363,GNG031,GNG031_L,,CB0454,,cb_intrinsic,,L,,,gaba,gaba,0.879202281223106,-1,2,1,False,False,False
4980,524364,PVLP111,PVLP111_L,Cachero 2010: pIP-c; Yu 2010: pIP7,PVLP111,PVLP111,cb_intrinsic,,L,,fru_high,gaba,gaba,0.7795155066966115,-1,2,2,False,False,False
4981,524370,PLP218,PLP218_L,,PLP218,PLP218,cb_intrinsic,,L,,,glutamate,glutamate,0.836098148176997,-1,2,2,False,False,False
4982,524375,CB1108,CB1108_L,,CB1108,,cb_intrinsic,,L,,,acetylcholine,acetylcholine,0.8998624925571662,1,2,2,False,False,False
4983,524425,VES022,VES022_R,Cachero 2010: aDT-g; Yu 2010: aDT5,VES022,VES022,cb_intrinsic,,R,sexually dimorphic,fru_high,gaba,gaba,0.8031233377708832,-1,3,1,False,False,False
4984,524469,SAD008,SAD008_R,,SAD008a,SAD008,cb_intrinsic,,R,,,acetylcholine,acetylcholine,0.9393984688918834,1,2,2,False,False,False
4985,524470,DNbe001,DNbe001(PS103)_R,,DNbe001,PS103,descending_neuron,,R,,,acetylcholine,acetylcholine,0.9586185800561172,1,2,2,False,False,False
4986,524501,AVLP176_b,AVLP176_b_L,,CB2386,AVLP176_b,cb_intrinsic,,L,,,acetylcholine,acetylcholine,0.9320989224754727,1,2,2,False,False,False
4987,524502,CB4163,CB4163_L,Cachero 2010: aIP-a,CB4163,,cb_intrinsic,,L,,fru_high,gaba,gaba,0.8340204912398985,-1,2,2,False,False,False
4988,524503,OA-ASM2,OA-ASM2_L,,OA-ASM2,OA-ASM2,cb_intrinsic,,L,,,unclear,unclear,0.4821705599942675,0,2,2,False,False,False
4989,524512,PLP001,PLP001_L,,PLP001,PLP001,cb_intrinsic,,L,,,gaba,gaba,0.7952690848213909,-1,2,2,False,False,False
4990,524521,PLP163,PLP163_R,,PLP163,PLP163,cb_intrinsic,,R,,,acetylcholine,acetylcholine,0.9632431449431877,1,2,2,False,False,False
4991,524522,AVLP347,AVLP347_L,,AVLP347,AVLP347,cb_intrinsic,,L,,,acetylcholine,acetylcholine,0.9406407215727081,1,2,2,False,False,False
4992,524524,AVLP347,AVLP347_L,,AVLP347,AVLP347,cb_intrinsic,,L,,,acetylcholine,acetylcholine,0.9549911684070305,1,1,3,False,False,False
4993,524528,CB2006,CB2006_L,,CB2006,,cb_intrinsic,,L,,,acetylcholine,acetylcholine,0.9001213382597782,1,2,2,False,False,False
4994,524606,GNG091,GNG091_R,,CB0503,,cb_intrinsic,,R,,,gaba,gaba,0.8647942431779891,-1,2,2,False,False,False
4995,524627,AVLP126,AVLP126_L,,"CB2370,CB1681",AVLP126,cb_intrinsic,,L,,,acetylcholine,acetylcholine,0.9145673709448047,1,2,2,False,False,False
4996,524631,CB2182,CB2182_R,,CB2182,,cb_intrinsic,,R,,,glutamate,glutamate,0.8199906574877388,-1,2,2,False,False,False
4997,524668,PLP256,PLP256_L,,CB0143,,cb_intrinsic,,L,,,glutamate,glutamate,0.6568657524287973,-1,2,2,False,False,False
4998,524730,WED111,WED111_L,,CB2528,WED111,cb_intrinsic,,L,,,acetylcholine,acetylcholine,0.9597435424099131,1,2,2,False,False,False
4999,524739,AVLP193,AVLP193_L,,AVLP193,AVLP193,cb_intrinsic,,L,,,acetylcholine,acetylcholine,0.9378657182516921,1,2,2,False,False,False
5000,524747,pC1_2a,pC1_2a_L,"Lee 2002, Rideout 2010, Nojima 2021: pC1; Cachero 2010: pMP-e; Yu 2010: pMP4",,,cb_intrinsic,,L,male-specific,coexpress_high,acetylcholine,acetylcholine,0.9562336682045511,1,2,1,False,True,False
5001,524753,PVLP124,PVLP124_L,,PVLP124,PVLP124,cb_intrinsic,,L,,,acetylcholine,acetylcholine,0.9338662651141971,1,2,2,False,False,False
5002,524765,ICL006m,ICL006m_L,Cachero 2010: aSP-b; Yu 2010: aSP1,,,cb_intrinsic,,L,male-specific,fru_high,glutamate,glutamate,0.773927101890374,-1,3,1,False,False,False
5003,524788,CL022_a,CL022_a_L,,CL022b,CL022,cb_intrinsic,,L,,,acetylcholine,acetylcholine,0.9673507875553905,1,2,2,False,False,False
5004,524789,CL022_c,CL022_c_L,,CL022a,CL022,cb_intrinsic,,L,,,acetylcholine,acetylcholine,0.9635820834644485,1,1,2,False,False,False
5005,524804,SIP143m,SIP143m_R,Cachero 2010: aSP-a; Yu 2010: aSP2,,,cb_intrinsic,,R,male-specific,fru_high,glutamate,glutamate,0.7559161458078293,-1,2,1,False,False,False
5006,524806,MeLo7,MeLo7_L,,MLt4,,ol_intrinsic,,L,,,acetylcholine,acetylcholine,0.8523883834402437,1,2,2,False,False,False
5007,524845,PVLP208m,PVLP208m_R,Cachero 2010: aIP-b,,,cb_intrinsic,,R,male-specific,fru_high,acetylcholine,acetylcholine,0.9488255652799221,1,2,2,False,False,False
5008,524860,AN09B013,AN09B013_R,,AN_multi_91,,ascending_neuron,,R,,,acetylcholine,acetylcholine,0.9430213696376674,1,2,2,False,False,False
5009,524881,CL002,CL002_L,,CL002,CL002,cb_intrinsic,,L,,,glutamate,glutamate,0.7927308567765087,-1,2,2,False,False,False
5010,524905,CB3503,CB3503_L,,CB3503,,cb_intrinsic,,L,,,acetylcholine,acetylcholine,0.8686076235957304,1,2,2,False,False,False
5011,524989,AVLP517,AVLP517_L,,AVLP517,AVLP517,cb_intrinsic,,L,,,acetylcholine,acetylcholine,0.9178190935242315,1,2,2,False,False,False
5012,524992,VES200m,VES200m_R,Cachero 2010: aSP-b; Yu 2010: aSP1,,,cb_intrinsic,,R,potentially male-specific,fru_high,glutamate,glutamate,0.7532423546357565,-1,2,2,False,False,False
5013,525015,CL249,CL249_R,,CB0257,CL249,cb_intrinsic,,R,,,acetylcholine,acetylcholine,0.9232648494659905,1,3,1,False,False,False
5014,525142,CB3581,CB3581_L,,CB3581,,cb_intrinsic,,L,,,acetylcholine,acetylcholine,0.9618992535519838,1,1,3,False,False,False
5015,525191,LT52,LT52_L,,LT52,LT52,visual_projection,,L,,,glutamate,glutamate,0.6602024967200706,-1,2,2,False,False,False
5016,525266,AOTU009,AOTU009_L,,AOTU009,AOTU009,cb_intrinsic,,L,,,glutamate,glutamate,0.6852368194524873,-1,2,2,False,False,False
5017,525289,CB0956,CB0956_L,,CB0956,,cb_intrinsic,,L,,,acetylcholine,acetylcholine,0.9747326673375373,1,1,2,False,False,False
5018,525353,CB2659,CB2659_L,,CB2659,,cb_intrinsic,,L,,,acetylcholine,acetylcholine,0.9442274067568782,1,2,2,False,False,False
5019,525354,AVLP090,AVLP090_L,,AVLP090,AVLP090,cb_intrinsic,,L,,,gaba,gaba,0.8446435777259557,-1,2,2,False,False,False
5020,525366,CB3552,CB3552_L,,CB3552,,cb_intrinsic,,L,,,gaba,gaba,0.8677947612643668,-1,1,3,False,False,False
5021,525378,GNG448,GNG448_R,,CB0988a,,cb_intrinsic,,R,,,acetylcholine,acetylcholine,0.8356983193676777,1,2,2,False,False,False
5022,525400,PLP078,PLP078_R,,PLP078,PLP078,cb_intrinsic,,R,,,glutamate,glutamate,0.7081922488453869,-1,2,2,False,False,False
5023,525401,WED201,WED201_R,,CB1439,,cb_intrinsic,,R,,,gaba,gaba,0.8611673287610554,-1,2,2,False,False,False
5024,525402,CB3682,CB3682_R,,CB3682,,cb_intrinsic,,R,,,acetylcholine,acetylcholine,0.9632287912605751,1,2,2,False,False,False
5025,525407,DNge128,DNge128_L,,DNge128,,descending_neuron,,L,potentially sexually dimorphic,,gaba,gaba,0.8185883242293439,-1,2,2,False,False,False
5026,525421,PVLP213m,PVLP213m_R,Cachero 2010: pIP-e; Yu 2010: pIP5,,,cb_intrinsic,,R,male-specific,fru_high,acetylcholine,acetylcholine,0.9495045628347664,1,3,1,False,False,False
5027,525423,AVLP728m,AVLP728m_R,Cachero 2010: aIP-b,,,cb_intrinsic,,R,male-specific,fru_high,acetylcholine,acetylcholine,0.9425629959932061,1,2,2,False,False,False
5028,525424,aSP10C_a,aSP10C_a_R,Cachero 2010: aIP-b,CB1382,aSP10C_a,cb_intrinsic,,R,sexually dimorphic,fru_high,acetylcholine,acetylcholine,0.9447965106015042,1,2,2,False,False,False
5029,525452,AVLP710m,AVLP710m_L,,,,cb_intrinsic,,L,male-specific,,gaba,gaba,0.8389460595271349,-1,2,1,False,False,False
5030,525454,DNg74_b,DNg74_b_R,Sterne 2021: web,DNg74_b,,descending_neuron,,R,,,gaba,gaba,0.8853508276053168,-1,2,1,False,False,False
5031,525455,aIPg1,aIPg1_L,Cachero 2010: aIP-g; Yu 2010: pIP6,CB2131,aIPg1,cb_intrinsic,,L,sexually dimorphic,fru_high,acetylcholine,acetylcholine,0.9369970477028833,1,2,2,False,False,False
5032,525456,CB2143,CB2143_L,,CB2143,,cb_intrinsic,,L,,fru_low,acetylcholine,acetylcholine,0.9672152730105225,1,2,2,False,False,False
5033,525460,AVLP729m,AVLP729m_L,Cachero 2010: aIP-b,,,cb_intrinsic,,L,male-specific,fru_high,acetylcholine,acetylcholine,0.906808185778612,1,2,2,False,False,False
5034,525475,SAD057,SAD057_L,Cachero 2010: aDT-e,CB1078,SAD057,cb_intrinsic,,L,,fru_high,acetylcholine,acetylcholine,0.8462556485999939,1,1,3,False,False,False
5035,525484,PVLP007,PVLP007_L,,PVLP007,PVLP007,cb_intrinsic,,L,,,glutamate,glutamate,0.736580700071824,-1,2,2,False,False,False
5036,525496,PVLP082,PVLP082_R,,PVLP082b,PVLP082,cb_intrinsic,,R,,,gaba,gaba,0.7723777389118843,-1,2,2,False,False,False
5037,525497,PVLP034,PVLP034_R,Cachero 2010: aIP-a,CB2278,PVLP034,cb_intrinsic,,R,,fru_high,gaba,gaba,0.8750633672692131,-1,2,2,False,False,False
5038,525529,AVLP745m,AVLP745m_L,,,,cb_intrinsic,,L,male-specific,,acetylcholine,acetylcholine,0.8960096061892279,1,2,2,False,False,False
5039,525595,DNg52,DNg52_R,,"DNg52_a,DNg52_b",,descending_neuron,,R,,,gaba,gaba,0.869499034380664,-1,2,2,False,False,False
5040,525615,aIPg_m3,aIPg_m3_R,Cachero 2010: aIP-g; Yu 2010: pIP6,,,cb_intrinsic,,R,male-specific,fru_high,acetylcholine,acetylcholine,0.94999493328899,1,2,2,False,False,False
5041,525676,AVLP048,AVLP048_L,,AVLP048,AVLP048,cb_intrinsic,,L,,,acetylcholine,acetylcholine,0.9236517555457817,1,2,2,False,False,False
5042,525804,AVLP075,AVLP075_L,,AVLP075,AVLP075,cb_intrinsic,,L,,,glutamate,glutamate,0.8405371622776622,-1,2,2,False,False,False
5043,525958,PLP060,PLP060_L,,PLP060,PLP060,cb_intrinsic,,L,,,gaba,gaba,0.8685339334210542,-1,2,2,False,False,False
5044,525960,DNa13,DNa13(LAL041)_L,,DNa13,LAL041,descending_neuron,,L,,,acetylcholine,acetylcholine,0.9558179660229181,1,2,2,False,False,False
5045,526001,,,Cachero 2010: aIP-c;Yu 2010: aIP1/aIP4/aSP10,"CB1110,CB3327",,cb_intrinsic,,R,,fru_low,acetylcholine,acetylcholine,0.9629135916188107,1,2,2,False,False,False
5046,526030,AVLP457,AVLP457_L,,AVLP457,AVLP457,cb_intrinsic,,L,,,acetylcholine,acetylcholine,0.9150539833060087,1,2,2,False,False,False
5047,526031,PVLP021,PVLP021_L,,PVLP021,PVLP021,cb_intrinsic,,L,,,gaba,gaba,0.8473104735836953,-1,1,2,False,False,False
5048,526032,AVLP711m,AVLP711m_L,Cachero 2010: pIP-e; Yu 2010: pIP5,,,cb_intrinsic,,L,male-specific,fru_high,acetylcholine,acetylcholine,0.964617677650787,1,2,2,False,False,False
5049,526034,PVLP064,PVLP064_L,,CB0738,"PVLP066,PVLP064",cb_intrinsic,,L,,,acetylcholine,acetylcholine,0.9556939384599505,1,2,2,False,False,False
5050,526035,aSP10B,aSP10B_L,Cachero 2010: aIP-b,CB2248,aSP10B,cb_intrinsic,,L,,fru_high,acetylcholine,acetylcholine,0.9515331092251554,1,2,2,False,False,False
5051,526066,JO-B2,JO-B2_L,,JO-B2,,cb_sensory,mechanosensory,,,,acetylcholine,acetylcholine,0.9582966417143001,1,0,3,True,False,False
5052,526119,LHPV4a1,LHPV4a1_L,,LHPV4a1,LHPV4a1,cb_intrinsic,,L,,,glutamate,glutamate,0.710745788928572,-1,2,2,False,False,False
5053,526286,LC4,LC4_L,,LC4,LC4,visual_projection,,L,,,acetylcholine,acetylcholine,0.9684498107033492,1,2,2,False,False,False
5054,526298,PS197,PS197(PS198)_L,,PS198,"PS197,PS198",cb_intrinsic,,L,,,acetylcholine,acetylcholine,0.9585673307263735,1,2,2,False,False,False
5055,526472,AVLP451,AVLP451_R,,AVLP451b,AVLP451,cb_intrinsic,,R,,,acetylcholine,acetylcholine,0.9633032095995654,1,2,2,False,False,False
5056,526572,CL117,CL117_R,,"CB2338,CB3321",CL117,cb_intrinsic,,R,,,gaba,gaba,0.8321056459556231,-1,2,2,False,False,False
5057,526576,AN27X004,AN27X004_L,Cheong 2024: MtAHN,MtAHN,,ascending_neuron,,L,,,histamine,histamine,0.7930485518761274,0,2,2,False,False,False
5058,526697,AVLP005,AVLP005_L,Cachero 2010: aSP-k; Yu 2010: aSP8,CB2253,AVLP005,cb_intrinsic,,L,,fru_low,gaba,gaba,0.8426115038776604,-1,2,2,False,False,False
5059,526708,WED204,WED204_L,,CB2139,,cb_intrinsic,,L,,,gaba,gaba,0.7217556639489842,-1,1,3,False,False,False
5060,526827,SIP122m,SIP122m_L,Cachero 2010: aSP-a; Yu 2010: aSP2,,,cb_intrinsic,,L,male-specific,fru_high,glutamate,glutamate,0.696018213881121,-1,2,2,False,False,False
5061,526836,PVLP028,PVLP028_L,,PVLP028,PVLP028,cb_intrinsic,,L,,,gaba,gaba,0.8267592128890175,-1,2,2,False,False,False
5062,526837,ICL013m_a,ICL013m_a_R,Cachero 2010: aSP-b; Yu 2010: aSP1,,,cb_intrinsic,,R,male-specific,fru_high,glutamate,glutamate,0.7503749572699657,-1,2,1,False,False,False
5063,526901,AVLP005,AVLP005_L,Cachero 2010: aSP-k; Yu 2010: aSP8,CB2114,AVLP005,cb_intrinsic,,L,,fru_low,gaba,gaba,0.8457109849243151,-1,2,2,False,False,False
5064,526918,pC1_1a,pC1_1a_R,"Lee 2002, Rideout 2010, Nojima 2021: pC1; Cachero 2010: pMP-e; Yu 2010: pMP4",,,cb_intrinsic,,R,male-specific,coexpress_high,acetylcholine,acetylcholine,0.942394297976826,1,2,2,False,True,False
5065,526998,AN17A073,AN17A073_L,,AN_SAD_GNG_2,,ascending_neuron,,L,,,acetylcholine,acetylcholine,0.9285417969754375,1,2,2,False,False,False
5066,527123,CB1695,CB1695_R,,CB1695,,cb_intrinsic,,R,,,acetylcholine,acetylcholine,0.9623510381639618,1,2,2,False,False,False
5067,527149,CB1706,CB1706_L,,CB1706,,cb_intrinsic,,L,,,acetylcholine,acetylcholine,0.9139913441025161,1,1,3,False,False,False
5068,527282,SIP147m,SIP147m_L,Cachero 2010: aSP-a; Yu 2010: aSP2,,,cb_intrinsic,,L,male-specific,fru_high,glutamate,glutamate,0.7913093792900683,-1,2,2,False,False,False
5069,527318,SMP702m,SMP702m_L,,,,cb_intrinsic,,L,male-specific,,glutamate,glutamate,0.5827680144801927,-1,3,1,False,False,False
5070,527409,CB0683,CB0683_L,,CB0683,,cb_intrinsic,ALON,L,,,acetylcholine,acetylcholine,0.9292775327294697,1,2,2,False,False,False
5071,527525,GNG305,GNG305_L,,CB0628,,cb_intrinsic,,L,,,gaba,gaba,0.8203269442519279,-1,3,1,False,False,False
5072,527620,GNG333,GNG333_L,,CB4061,,cb_intrinsic,,L,,,acetylcholine,acetylcholine,0.9479568263622038,1,2,2,False,False,False
5073,527647,,,,"CB3234,CB3377",,cb_intrinsic,,L,,,acetylcholine,acetylcholine,0.9672756643507613,1,2,2,False,False,False
5074,527655,PVLP047,PVLP047_R,Cachero 2010: aIP-a,CB3483,PVLP047,cb_intrinsic,,R,,fru_high,gaba,gaba,0.8242787116432986,-1,2,2,False,False,False
5075,527690,PVLP022,PVLP022_L,,PVLP022,PVLP022,cb_intrinsic,,L,,,gaba,gaba,0.849657090191552,-1,2,2,False,False,False
5076,527694,CL323,CL323_R,,CL323a,CL323,cb_intrinsic,,R,,,acetylcholine,acetylcholine,0.9397557401615704,1,2,2,False,False,False
5077,527695,CL259,CL259_R,,CL259,CL259,cb_intrinsic,,R,,,acetylcholine,acetylcholine,0.942022595428015,1,2,1,False,False,False
5078,527699,SAD064,SAD064_R,,SAD064,SAD064,cb_intrinsic,,R,,,acetylcholine,acetylcholine,0.9361320449970115,1,2,2,False,False,False
5079,527704,CL038,CL038_R,,CL038,CL038,cb_intrinsic,,R,,,glutamate,glutamate,0.752095828111863,-1,2,2,False,False,False
5080,527795,AVLP700m,AVLP700m_L,Cachero 2010: aSP-g; Yu 2010: aSP6,,,cb_intrinsic,,L,male-specific,fru_high,acetylcholine,acetylcholine,0.9387731054051224,1,3,1,False,False,False
5081,528986,pC1_6a,pC1_6a_R,Cachero 2010: pMP-e; Yu 2010: pMP4,,,cb_intrinsic,,R,male-specific,coexpress_low,acetylcholine,acetylcholine,0.9645464723304349,1,2,2,False,True,False
5082,529029,GNG633,GNG633_L,,"CB2566,CB3640",,cb_intrinsic,,L,,,gaba,gaba,0.8567955986456602,-1,1,2,False,False,False
5083,529031,GNG300,GNG300_L,,CB0010,,cb_intrinsic,,L,,,gaba,gaba,0.8561895427087998,-1,1,2,False,False,False
5084,529069,mALB5,mALB5_R,,mALB5,mALB5,cb_intrinsic,,R,,,gaba,gaba,0.832975354028898,-1,2,2,False,False,False
5085,529293,AVLP600,AVLP600_R,,CB3514,,cb_intrinsic,,R,,,acetylcholine,acetylcholine,0.94701242311248,1,2,2,False,False,False
5086,529400,AVLP126,AVLP126_R,,"CB2370,CB1681",AVLP126,cb_intrinsic,,R,,,acetylcholine,acetylcholine,0.9045752396359948,1,2,2,False,False,False
5087,529418,SMP092,SMP092_R,,SMP092,SMP092,cb_intrinsic,,R,,,glutamate,glutamate,0.7771886801199718,-1,3,1,False,False,False
5088,529455,AVLP109,AVLP109_L,,AVLP109,AVLP109,cb_intrinsic,,L,,,acetylcholine,acetylcholine,0.9583854573211487,1,2,2,False,False,False
5089,529456,AVLP323,AVLP323_L,,AVLP323,AVLP323,cb_intrinsic,,L,,,acetylcholine,acetylcholine,0.8822064234040072,1,2,2,False,False,False
5090,529457,AVLP062,AVLP062_L,,CB2140,AVLP062,cb_intrinsic,,L,,,glutamate,glutamate,0.781616249838004,-1,2,2,False,False,False
5091,529458,AVLP097,AVLP097_L,,AVLP097,AVLP097,cb_intrinsic,,L,,,acetylcholine,acetylcholine,0.9334669098189289,1,2,2,False,False,False
5092,529498,CB0625,CB0625_R,,CB0625,,cb_intrinsic,,R,,,gaba,gaba,0.7878998323558372,-1,2,2,False,False,False
5093,529569,GNG535,GNG535_L,,CB0319,,cb_intrinsic,,L,,,acetylcholine,acetylcholine,0.9630390806127267,1,2,2,False,False,False
5094,529570,VES085_b,VES085_b_L,,CB0524,,cb_intrinsic,,L,,,gaba,gaba,0.8648697896173901,-1,2,2,False,False,False
5095,529571,VES087,VES087_L,,CB0865,,cb_intrinsic,,L,,,gaba,gaba,0.8676792944608702,-1,2,2,False,False,False
5096,529572,CB0204,CB0204_L,,CB0204,,cb_intrinsic,,L,,,gaba,gaba,0.8509333092579715,-1,2,2,False,False,False
5097,529573,VES051,VES051_L,,"VES051,VES052",VES051,cb_intrinsic,,L,,,glutamate,glutamate,0.8168705883276752,-1,2,2,False,False,False
5098,529602,ALIN5,ALIN5_L,,ALIN5,,cb_intrinsic,ALIN,L,,,gaba,gaba,0.8094275440322221,-1,2,2,False,False,False
5099,529617,SMP482,SMP482_R,,SMP482,SMP482,cb_intrinsic,,R,,,acetylcholine,acetylcholine,0.7662770821690557,1,3,1,False,False,False
5100,529714,WED163,WED163_L,,WED163c,WED163,cb_intrinsic,,L,,,acetylcholine,acetylcholine,0.9278787704549214,1,1,3,False,False,False
5101,529718,mAL_m3c,mAL_m3c_R,Cachero 2010: aDT-b; Yu 2010: aDT2,,,cb_intrinsic,,R,male-specific,fru_high,gaba,gaba,0.7421521280778705,-1,3,1,False,False,False
5102,529724,LoVP92,LoVP92_L,Cachero 2010: pIP-b; Yu 2010: pIP8,,,visual_projection,,L,male-specific,fru_high,acetylcholine,acetylcholine,0.9476769025961838,1,2,2,False,False,False
5103,529808,LAL128,LAL128_L,,LAL128,LAL128,cb_intrinsic,,L,,,dopamine,dopamine,0.8230846597097783,0,2,2,False,False,False
5104,529811,AVLP476,AVLP476_L,,AVLP476,AVLP476,cb_intrinsic,,L,,,dopamine,dopamine,0.6523795219706033,0,2,2,False,False,False
5105,529875,AVLP762m,AVLP762m_L,Cachero 2010: aSP-k; Yu 2010: aSP8; Zhou 2015: vPN1,,,cb_intrinsic,,L,male-specific,fru_high,gaba,gaba,0.6529569128095489,-1,1,2,False,True,False
5106,529985,SIP141m,SIP141m_R,Cachero 2010: aSP-a; Yu 2010: aSP2,,,cb_intrinsic,,R,male-specific,fru_high,glutamate,glutamate,0.6744876416523653,-1,2,1,False,False,False
5107,530067,SIP118m,SIP118m_L,Cachero 2010: aSP-a; Yu 2010: aSP2,,,cb_intrinsic,,L,male-specific,fru_high,glutamate,glutamate,0.7894904861991935,-1,2,2,False,False,False
5108,530085,PVLP022,PVLP022_R,,PVLP022,PVLP022,cb_intrinsic,,R,,,gaba,gaba,0.873355089752528,-1,2,2,False,False,False
5109,530095,GNG331,GNG331_L,,CB4061,,cb_intrinsic,,L,,,acetylcholine,acetylcholine,0.9520422209256506,1,2,2,False,False,False
5110,530154,VES106,VES106_R,,CB0543,,cb_intrinsic,,R,,,gaba,gaba,0.8454422271366608,-1,2,2,False,False,False
5111,530190,AVLP727m,AVLP727m_R,Cachero 2010: aSP-g; Yu 2010: aSP6; Asahina 2014: TK-FruM,,,cb_intrinsic,,R,male-specific,fru_high,acetylcholine,acetylcholine,0.9105292096036584,1,2,2,False,False,False
5112,530217,WED013,WED013_L,,"AVLP096,AVLP256,AVLP255,WED014",WED013,cb_intrinsic,,L,,,gaba,gaba,0.7379629043963931,-1,2,2,False,False,False
5113,530273,CB3329,CB3329_L,,CB3329,,cb_intrinsic,,L,,,acetylcholine,acetylcholine,0.9649018287453439,1,2,2,False,False,False
5114,530293,aSP10B,aSP10B_R,Cachero 2010: aIP-b,"CB1259,CB3589",aSP10B,cb_intrinsic,,R,,fru_high,acetylcholine,acetylcholine,0.9581842787144853,1,2,2,False,False,False
5115,530415,AVLP060,AVLP060_L,,AVLP060,AVLP060,cb_intrinsic,,L,,,glutamate,glutamate,0.8091079268008341,-1,2,2,False,False,False
5116,530485,SAD004,SAD004_R,,CB1125,SAD004,cb_intrinsic,,R,,,acetylcholine,acetylcholine,0.9566073812712778,1,1,3,False,False,False
5117,530597,PS333,PS333_L,,CB3372,,cb_intrinsic,,L,,,acetylcholine,acetylcholine,0.9521232386502603,1,2,2,False,False,False
5118,530685,PVLP107,PVLP107_R,,PVLP107,PVLP107,cb_intrinsic,,R,,,glutamate,glutamate,0.6659559685813373,-1,2,2,False,False,False
5119,530694,IB060,IB060_L,,IB060,IB060,cb_intrinsic,,L,,,gaba,gaba,0.790619616213589,-1,2,2,False,False,False
5120,530789,SMP490,SMP490_R,,SMP490,SMP490,cb_intrinsic,,R,,,acetylcholine,acetylcholine,0.8889111318212357,1,2,2,False,False,False
5121,530794,SMP243,SMP243_L,,CB1781,SMP243,cb_intrinsic,,L,,,acetylcholine,acetylcholine,0.7928695750260825,1,2,2,False,False,False
5122,530834,CB2207,CB2207_R,,CB2207,,cb_intrinsic,,R,,,acetylcholine,acetylcholine,0.9747326673375373,1,2,2,False,False,False
5123,530938,PVLP149,PVLP149_L,fru-M-300226,PVLP149,PVLP149,cb_intrinsic,,L,,fru_high,acetylcholine,acetylcholine,0.9422647295609073,1,2,2,False,False,False
5124,530941,CL123_c,CL123_c_L,Cachero 2010: aDT-d,"CL123,CRE061",CL123,cb_intrinsic,,L,sexually dimorphic,fru_low,acetylcholine,acetylcholine,0.9424471072013855,1,3,1,False,False,False
5125,530945,SMP720m,SMP720m_L,Cachero 2010: pMP-b; Yu 2010: pMP5; Rideout 2010: pC3; Zhou 2014: pCd; Nojima 2021: pCd-2,,,cb_intrinsic,,L,male-specific,coexpress_high,gaba,gaba,0.8176470762547375,-1,3,1,False,False,False
5126,530997,LH003m,LH003m_R,Cachero 2010: aSP-f; Yu 2010: aSP5; Ruta 2010: DC1,,,cb_intrinsic,,R,male-specific,fru_high,acetylcholine,acetylcholine,0.9296990211529216,1,2,2,False,False,False
5127,531093,AOTU050,AOTU050_L,,AOTU050b,AOTU050,cb_intrinsic,,L,,,gaba,gaba,0.8589306789211674,-1,2,2,False,False,False
5128,531132,DNge073,DNge073_L,,DNge073,,descending_neuron,,L,,,acetylcholine,acetylcholine,0.9581566040695383,1,2,2,False,False,False
5129,531137,PS146,PS146_L,,PS146,PS146,cb_intrinsic,,L,,,glutamate,glutamate,0.7325052492878136,-1,2,2,False,False,False
5130,531273,AVLP017,AVLP017_L,,AVLP017,AVLP017,cb_intrinsic,,L,,,glutamate,glutamate,0.7408554764756226,-1,2,2,False,False,False
5131,531276,aIPg8,aIPg8_L,Cachero 2010: aIP-g; Yu 2010: pIP6,"CB3125,CB3166","SMP575,SMP576",cb_intrinsic,,L,sexually dimorphic,fru_high,acetylcholine,acetylcholine,0.9619380988106809,1,2,2,False,False,False
5132,531278,AVLP704m,AVLP704m_L,Cachero 2010: aSP-g; Yu 2010: aSP6,,,cb_intrinsic,,L,male-specific,fru_high,acetylcholine,acetylcholine,0.954962021965185,1,2,2,False,False,False
5133,531291,CL056,CL056_L,,"CB0719,CB2276",CL056,cb_intrinsic,,L,,,gaba,gaba,0.7655780336499901,-1,2,2,False,False,False
5134,531318,SMP380,SMP380_R,,CB2075,,cb_intrinsic,,R,,,acetylcholine,acetylcholine,0.8357072185291414,1,2,2,False,False,False
5135,531383,AVLP743m,AVLP743m_L,Ruta 2010: LC1,,,cb_intrinsic,,L,male-specific,fru_low,unclear,unclear,0.37395510686325417,0,2,2,False,False,False
5136,531425,GNG506,GNG506_L,,CB0534,,cb_intrinsic,,L,,,gaba,gaba,0.8591436960467687,-1,1,2,False,False,False
5137,531427,CB1918,CB1918_L,,CB1918,,cb_intrinsic,,L,,,gaba,gaba,0.8810541069931044,-1,1,3,False,False,False
5138,531452,CB1748,CB1748_L,,CB1748,,cb_intrinsic,,L,,,acetylcholine,acetylcholine,0.9401535830223184,1,2,2,False,False,False
5139,531538,CB1314,CB1314_L,,CB1314,,cb_intrinsic,,L,,,gaba,gaba,0.8534971448552574,-1,2,2,False,False,False
5140,531558,PVLP205m,PVLP205m_L,Cachero 2010: aSP-f; Yu 2010: aSP5; Ruta 2010: DC1,,,cb_intrinsic,,L,male-specific,fru_high,acetylcholine,acetylcholine,0.9054098672025424,1,2,2,False,False,False
5141,531581,AVLP451,AVLP451_R,,AVLP451a,AVLP451,cb_intrinsic,,R,,,acetylcholine,acetylcholine,0.9563145572936698,1,2,2,False,False,False
5142,531583,WED104,WED104_R,,WED104,WED104,cb_intrinsic,,R,,,gaba,gaba,0.7704449401661708,-1,2,2,False,False,False
5143,531584,AN17A050,AN17A050_R,,AN_VES_GNG_5,,ascending_neuron,,R,,,acetylcholine,acetylcholine,0.9396572355724244,1,2,2,False,False,False
5144,531636,PLP099,PLP099_L,,PLP099,PLP099,cb_intrinsic,,L,,,acetylcholine,acetylcholine,0.9638079286158857,1,2,2,False,False,False
5145,531643,GNG313,GNG313(hb1601624616)_L,,CB0341,(hb1601624616),cb_intrinsic,,L,,,acetylcholine,acetylcholine,0.8778529360464191,1,2,2,False,False,False
5146,531644,ANXXX084,ANXXX084_L,,,,ascending_neuron,,L,potentially sexually dimorphic,,acetylcholine,acetylcholine,0.9562979276400648,1,2,2,False,False,False
5147,531678,AVLP473,AVLP473_L,,AVLP473,AVLP473,cb_intrinsic,,L,,,acetylcholine,acetylcholine,0.8958826043612875,1,2,2,False,False,False
5148,531680,CB1017,CB1017_L,,CB1017,"CL034,CL035",cb_intrinsic,,L,,,acetylcholine,acetylcholine,0.9427888594047464,1,2,2,False,False,False
5149,531682,CB1688,CB1688_L,Cachero 2010: aIP-e;Yu 2010: aSP9,CB1688,,cb_intrinsic,,L,,fru_low,acetylcholine,acetylcholine,0.9537458868460328,1,2,2,False,False,False
5150,531685,CB3269,CB3269_L,Cachero 2010: aIP-b,CB3269,,cb_intrinsic,,L,,fru_low,acetylcholine,acetylcholine,0.931972332526254,1,2,2,False,False,False
5151,531787,CL214,CL214_R,,CL214,CL214,cb_intrinsic,,R,,,glutamate,unclear,0.47422630107470604,-1,3,1,False,False,False
5152,531808,AOTU032,AOTU032_R,,CB3962,AOTU032,cb_intrinsic,,R,,,acetylcholine,acetylcholine,0.9570385063875784,1,2,2,False,False,False
5153,531838,CB2207,CB2207_L,,CB2207,,cb_intrinsic,,L,,,acetylcholine,acetylcholine,0.9678276785771665,1,1,2,False,False,False
5154,531859,DNpe022,DNpe022(PS271)_L,,DNpe022,PS271,descending_neuron,,L,,,acetylcholine,acetylcholine,0.9519309657050674,1,2,2,False,False,False
5155,531864,mAL_m2b,mAL_m2b_R,Cachero 2010: aDT-b; Yu 2010: aDT2,,,cb_intrinsic,,R,male-specific,fru_high,gaba,gaba,0.5587665551612817,-1,2,1,False,False,False
5156,531867,SIP102m,SIP102m_L,fru-M-200030,,,cb_intrinsic,,L,potentially male-specific,fru_low,glutamate,glutamate,0.8410488758546425,-1,3,1,False,False,False
5157,531898,DNp04,DNp04_L,,DNp04,DNp04,descending_neuron,,L,,,acetylcholine,acetylcholine,0.961419260534768,1,2,2,False,False,False
5158,531899,AVLP452,AVLP452_L,,CB1498,AVLP452,cb_intrinsic,,L,,,acetylcholine,acetylcholine,0.9347429975539172,1,2,2,False,False,False
5159,531901,AVLP203_c,AVLP203_c_L,,AVLP203,AVLP203,cb_intrinsic,,L,,,gaba,gaba,0.8263752110895453,-1,1,3,False,False,False
5160,531983,AVLP452,AVLP452_R,,CB1498,AVLP452,cb_intrinsic,,R,,,acetylcholine,acetylcholine,0.9403332524235261,1,2,2,False,False,False
5161,531985,PVLP010,PVLP010_R,,PVLP010,PVLP010,cb_intrinsic,,R,,,glutamate,glutamate,0.6049111724290503,-1,2,2,False,False,False
5162,531998,SMP389_a,SMP389_a_L,,SMP389a,SMP389,cb_intrinsic,,L,,,acetylcholine,acetylcholine,0.9536356832305294,1,2,2,False,False,False
5163,532050,DNp23,DNp23_R,,DNp23,DNp23,descending_neuron,,R,,,acetylcholine,acetylcholine,0.9617469286882037,1,2,2,False,False,False
5164,532080,PVLP205m,PVLP205m_L,Cachero 2010: aSP-f; Yu 2010: aSP5; Ruta 2010: DC1,,,cb_intrinsic,,L,male-specific,fru_high,acetylcholine,acetylcholine,0.9280931975619862,1,2,2,False,False,False
5165,532198,WED196,WED196_M,,CB3911,,cb_intrinsic,,M,,,gaba,gaba,0.8142965092798753,-1,1,2,False,False,False
5166,532312,AVLP269_a,AVLP269_a_L,,AVLP269_a,AVLP269,cb_intrinsic,,L,,,acetylcholine,acetylcholine,0.8809872301593331,1,2,2,False,False,False
5167,532435,SIP141m,SIP141m_R,Cachero 2010: aSP-a; Yu 2010: aSP2,,,cb_intrinsic,,R,male-specific,fru_high,glutamate,glutamate,0.7233334744627024,-1,2,1,False,False,False
5168,532560,AMMC026,AMMC026_R,,CB0980,,cb_intrinsic,,R,,,gaba,gaba,0.7761497403134691,-1,2,2,False,False,False
5169,532569,CL038,CL038_L,,CL038,CL038,cb_intrinsic,,L,,,glutamate,glutamate,0.7349817769575218,-1,2,2,False,False,False
5170,532582,LHAV4c2,LHAV4c2_L,Cachero 2010: aSP-k; Yu 2010: aSP8,LHAV4c2,LHAV4c2,cb_intrinsic,,L,sexually dimorphic,fru_high,gaba,gaba,0.7050099595433156,-1,2,1,False,False,False
5171,532619,CB2501,CB2501_L,,CB2501,,cb_intrinsic,,L,,,acetylcholine,acetylcholine,0.972518277118602,1,1,3,False,False,False
5172,532627,JO-EV3,JO-EV3_L,,JO-EV3,,cb_sensory,mechanosensory,,,,acetylcholine,acetylcholine,0.8750308962807748,1,2,2,False,False,False
5173,532643,AN09B004,AN09B004_d_R,,AN_multi_95,,ascending_neuron,,R,,,acetylcholine,acetylcholine,0.9508058037159736,1,2,2,False,False,False
5174,532644,AVLP091,AVLP091_L,,AVLP091,AVLP091,cb_intrinsic,,L,,,gaba,gaba,0.7435436866237758,-1,1,3,False,False,False
5175,532747,WED184,WED184(hb5813078104)_R,,CB0690,(hb5813078104),cb_intrinsic,,R,,,gaba,gaba,0.8214871287058336,-1,2,2,False,False,False
5176,532748,LAL029_d,LAL029_d_L,Cachero 2010: aSP-d; Yu 2010: aSP13,"LAL028,LAL029",LAL029,cb_intrinsic,,L,,fru_low,acetylcholine,acetylcholine,0.9284335750265783,1,2,2,False,False,False
5177,532786,ICL006m,ICL006m_R,Cachero 2010: aSP-b; Yu 2010: aSP1,,,cb_intrinsic,,R,male-specific,fru_high,glutamate,glutamate,0.8015036503578222,-1,3,1,False,False,False
5178,532823,AVLP220,AVLP220_L,,AVLP220,AVLP220,cb_intrinsic,,L,,,acetylcholine,acetylcholine,0.930916620556732,1,2,2,False,False,False
5179,532827,AVLP251,AVLP251_L,,AVLP251,AVLP251,cb_intrinsic,,L,,,gaba,gaba,0.8086173660454761,-1,2,2,False,False,False
5180,532838,AVLP157,AVLP157_L,,AVLP157,AVLP157,cb_intrinsic,,L,,,acetylcholine,acetylcholine,0.9474168620422738,1,2,2,False,False,False
5181,532839,CL140,CL140_L,,CL140,CL140,cb_intrinsic,,L,,,gaba,gaba,0.8677979290578735,-1,2,1,False,False,False
5182,532906,LAL141,LAL141_L,,LAL141,LAL141,cb_intrinsic,,L,,,acetylcholine,acetylcholine,0.9565569019625055,1,2,2,False,False,False
5183,532909,LAL123,LAL123_L,,LAL123,LAL123,cb_intrinsic,,L,,,unclear,unclear,0.4344758308843579,0,2,2,False,False,False
5184,532944,GNG553,GNG553_L,,CB0202,,cb_intrinsic,,L,,,acetylcholine,acetylcholine,0.9256322574489299,1,2,2,False,False,False
5185,533064,AVLP370_b,AVLP370_b_L,,AVLP370b,AVLP370,cb_intrinsic,,L,sexually dimorphic,,acetylcholine,acetylcholine,0.9618577134402143,1,2,2,False,False,False
5186,533162,AVLP126,AVLP126_L,,"CB2370,CB1681",AVLP126,cb_intrinsic,,L,,,acetylcholine,acetylcholine,0.9601863510021552,1,2,2,False,False,False
5187,533368,AN10B005,AN10B005(IB113)_L,Chen 2023: SS27485,AN_multi_17,IB113,ascending_neuron,,L,,,acetylcholine,acetylcholine,0.945548009730091,1,2,2,False,False,False
5188,533431,PLP246,PLP246_L,,PLP246,PLP246,cb_intrinsic,,L,,,acetylcholine,acetylcholine,0.877443670345315,1,2,2,False,False,False
5189,533457,LoVP50,LoVP50_L,,"LT53,PLP098",,visual_projection,,L,,,acetylcholine,acetylcholine,0.9634213517135387,1,2,2,False,False,False
5190,533480,AVLP435_b,AVLP435_b_L,,AVLP435b,AVLP435,cb_intrinsic,,L,,,acetylcholine,acetylcholine,0.821215679222567,1,2,2,False,False,False
5191,533481,AVLP101,AVLP101_L,,AVLP101,AVLP101,cb_intrinsic,,L,,,acetylcholine,acetylcholine,0.8844103022853602,1,2,2,False,False,False
5192,533482,CB0930,CB0930_L,,CB0930,,cb_intrinsic,,L,,,acetylcholine,acetylcholine,0.9475867845829269,1,2,2,False,False,False
5193,533529,PS124,PS124_R,,PS124,PS124,cb_intrinsic,,R,,,acetylcholine,acetylcholine,0.957256853237545,1,2,2,False,False,False
5194,533543,SMP172,SMP172_L,,SMP172,SMP172,cb_intrinsic,,L,,,acetylcholine,acetylcholine,0.8418287635818701,1,2,2,False,False,False
5195,533649,LT77,LT77_L,,LT77,LT77,visual_projection,,L,,,glutamate,glutamate,0.8005351895286664,-1,2,2,False,False,False
5196,533662,AVLP727m,AVLP727m_L,Cachero 2010: aSP-g; Yu 2010: aSP6; Asahina 2014: TK-FruM,,,cb_intrinsic,,L,male-specific,fru_high,acetylcholine,acetylcholine,0.9096662384446288,1,2,1,False,False,False
5197,533667,LAL127,LAL127_R,,LAL127,LAL127,cb_intrinsic,,R,,,gaba,gaba,0.6837550143203924,-1,2,2,False,False,False
5198,533705,AVLP299_b,AVLP299_b_R,Cachero 2010: aIP-b,AVLP299_b,AVLP299_b,cb_intrinsic,,R,,fru_high,acetylcholine,acetylcholine,0.9262614494935553,1,2,2,False,False,False
5199,533709,AVLP299_b,AVLP299_b_R,Cachero 2010: aIP-b,AVLP299_b,AVLP299_b,cb_intrinsic,,R,,fru_high,acetylcholine,acetylcholine,0.9403499993013906,1,2,2,False,False,False
5200,533720,CB3411,CB3411_L,,CB3411,,cb_intrinsic,,L,,,gaba,gaba,0.7644278685684871,-1,2,2,False,False,False
5201,533724,SIP141m,SIP141m_R,Cachero 2010: aSP-a; Yu 2010: aSP2,,,cb_intrinsic,,R,male-specific,fru_high,glutamate,glutamate,0.7080883427374778,-1,2,1,False,False,False
5202,533746,AN17B008,AN17B008_L,,AN_GNG_AMMC_3,,ascending_neuron,,L,,,gaba,gaba,0.8750246730311673,-1,2,2,False,False,False
5203,533748,GNG633,GNG633_L,,"CB2566,CB3640",,cb_intrinsic,,L,,,gaba,gaba,0.8691949334419768,-1,1,2,False,False,False
5204,533750,CB2489,CB2489_L,,CB2489,,cb_intrinsic,,L,,,acetylcholine,acetylcholine,0.9675546415021039,1,1,2,False,False,False
5205,533751,CB0466,CB0466_L,,CB0466,,cb_intrinsic,,L,,,gaba,gaba,0.870152606325691,-1,1,3,False,False,False
5206,533752,CB1948,CB1948_L,,CB1948,,cb_intrinsic,,L,,,gaba,gaba,0.8231988823634053,-1,1,3,False,False,False
5207,533769,CB3329,CB3329_L,,CB3329,,cb_intrinsic,,L,,,acetylcholine,acetylcholine,0.9702856321512986,1,2,2,False,False,False
5208,534038,PVLP062,PVLP062_R,,PVLP062,PVLP062,cb_intrinsic,,R,,,acetylcholine,acetylcholine,0.9415232345814646,1,2,2,False,False,False
5209,534040,PVLP015,PVLP015_R,,PVLP015,PVLP015,cb_intrinsic,,R,,,glutamate,glutamate,0.7201674402881679,-1,2,2,False,False,False
5210,534052,CB4163,CB4163_R,Cachero 2010: aIP-a,CB4163,,cb_intrinsic,,R,,fru_high,gaba,gaba,0.8509372074115942,-1,2,2,False,False,False
5211,534063,AN18B001,AN18B001_R,,AN_GNG_SAD_16,,ascending_neuron,,R,,,acetylcholine,acetylcholine,0.9700909929949838,1,2,2,False,False,False
5212,534134,SIP116m,SIP116m_L,Cachero 2010: aSP-a; Yu 2010: aSP2,,,cb_intrinsic,,L,male-specific,fru_high,glutamate,glutamate,0.7130584577320689,-1,2,1,False,False,False
5213,534149,WED118,WED118_L,,CB1908,WED118,cb_intrinsic,,L,,,acetylcholine,acetylcholine,0.9558321787695646,1,2,2,False,False,False
5214,534420,mALB5,mALB5_L,,mALB5,mALB5,cb_intrinsic,,L,,,gaba,gaba,0.8407779599332256,-1,2,2,False,False,False
5215,534437,JO-B1_b,JO-B1_b_L,,JO-B1_b,,cb_sensory,mechanosensory,,,,acetylcholine,acetylcholine,0.9747326673375373,1,0,3,True,False,False
5216,534480,AN08B034,AN08B034_b_L,,AN_AVLP_26,,ascending_neuron,,L,,,acetylcholine,acetylcholine,0.9659417835477105,1,2,2,False,False,False
5217,534654,VES204m,VES204m_R,"Lee 2002, Rideout 2010: pC2; Robinett 2010, Nojima 2021: pC2m",,,cb_intrinsic,,R,male-specific,dsx_high,acetylcholine,acetylcholine,0.9386484161997848,1,3,1,False,False,False
5218,534743,LPLC1,LPLC1_L,,LPLC1,LPLC1,visual_projection,,L,,,acetylcholine,acetylcholine,0.9446169141454642,1,2,2,False,False,False
5219,534870,CL118,CL118_R,,CL118,CL118,cb_intrinsic,,R,,,gaba,gaba,0.7942213798673878,-1,2,2,False,False,False
5220,535044,CL128a,CL128a_R,,CL128a,,cb_intrinsic,,R,,,gaba,gaba,0.8270161496439588,-1,2,2,False,False,False
5221,535834,mAL_m3b,mAL_m3b_L,Cachero 2010: aDT-b; Yu 2010: aDT2,,,cb_intrinsic,,L,male-specific,fru_high,unclear,unclear,0.4463224557217423,0,2,2,False,False,False
5222,535835,pC1_16b,pC1_16b_L,"Lee 2002, Rideout 2010, Nojima 2021: pC1; Cachero 2010: pMP-e; Yu 2010: pMP4",,,cb_intrinsic,,L,male-specific,coexpress_high,acetylcholine,acetylcholine,0.8984532380637885,1,3,1,False,True,False
5223,535965,JO-B2,JO-B2_R,,JO-B2,,cb_sensory,mechanosensory,,,,acetylcholine,acetylcholine,0.9529197602753164,1,0,3,True,False,False
5224,536002,CB1044,CB1044_R,,CB1044,,cb_intrinsic,,R,,,acetylcholine,acetylcholine,0.9431822031832695,1,2,2,False,False,False
5225,536048,DNp27,DNp27_L,,DNp27,DNp27,descending_neuron,,L,,,acetylcholine,acetylcholine,0.7222038360320772,1,2,1,False,False,False
5226,536207,AN19B019,AN19B019(hb706176085)_L,,AN_multi_105,(hb706176085),ascending_neuron,,L,,,acetylcholine,acetylcholine,0.9312144660659785,1,2,2,False,False,False
5227,536345,AVLP243,AVLP243_R,,AVLP243,AVLP243,cb_intrinsic,,R,,fru_low,acetylcholine,acetylcholine,0.9573889314350533,1,2,2,False,False,False
5228,536389,PLP214,PLP214_L,,PLP214,PLP214,cb_intrinsic,,L,,,glutamate,glutamate,0.7348527632594298,-1,2,2,False,False,False
5229,536550,AVLP299_d,AVLP299_d_R,Cachero 2010: aIP-b,AVLP299_c,AVLP299,cb_intrinsic,,R,sexually dimorphic,fru_high,acetylcholine,acetylcholine,0.9445193642366546,1,2,2,False,False,False
5230,536998,JO-B1_c,JO-B1_c_R,,JO-B1_c,,cb_sensory,mechanosensory,,,,acetylcholine,acetylcholine,0.8938102608386811,1,0,3,True,False,False
5231,537751,CL117,CL117_R,,"CB2338,CB3321",CL117,cb_intrinsic,,R,,,gaba,gaba,0.8428874191563832,-1,2,2,False,False,False
5232,537899,LoVC18,LoVC18_R,,cL16,PLP030,visual_centrifugal,,R,,,dopamine,dopamine,0.7207592096120917,0,2,2,False,False,False
5233,539142,WED166_a,WED166_a_L,,CB0345,WED166_a,cb_intrinsic,,L,,,acetylcholine,acetylcholine,0.9618350140176259,1,2,2,False,False,False
5234,539151,LAL020,LAL020_R,,LAL020,LAL020,cb_intrinsic,,R,,,acetylcholine,acetylcholine,0.9619888885530463,1,2,2,False,False,False
5235,539202,AN08B098,AN08B098_R,,AN_GNG_187,,ascending_neuron,,R,,,acetylcholine,acetylcholine,0.9574204306969577,1,2,2,False,False,False
5236,539215,AMMC019,AMMC019_R,,CB0979b,,cb_intrinsic,,R,,,gaba,acetylcholine,0.5268826367079408,-1,2,2,False,False,False
5237,539234,DNge004,DNge004_L,,DNge004,,descending_neuron,,L,,,glutamate,glutamate,0.6705004150587103,-1,2,2,False,False,False
5238,539247,ICL008m,ICL008m_L,Cachero 2010: aSP-k; Yu 2010: aSP8,,,cb_intrinsic,,L,male-specific,fru_high,gaba,gaba,0.7569361423962917,-1,3,1,False,False,False
5239,539322,mAL_m2a,mAL_m2a_L,Cachero 2010: aDT-b; Yu 2010: aDT2,,,cb_intrinsic,,L,male-specific,fru_high,unclear,unclear,0.47627530060526463,0,3,1,False,False,False
5240,539507,AVLP022,AVLP022_R,,AVLP022,AVLP022,cb_intrinsic,,R,,,glutamate,glutamate,0.85839439485316,-1,2,2,False,False,False
5241,541728,CB1744,CB1744_L,,CB1744,,cb_intrinsic,,L,,,acetylcholine,acetylcholine,0.7215232307259638,1,2,2,False,False,False
5242,542561,IPS001,IPS001_L,Cachero 2010: pSG-a,"CB1438,CB1496,CB2949",,cb_intrinsic,,L,,fru_low,gaba,gaba,0.8565362564345304,-1,1,3,False,False,False
5243,542878,CB2558,CB2558_L,,CB2558,,cb_intrinsic,,L,,,acetylcholine,acetylcholine,0.9381888353692522,1,2,2,False,False,False
5244,542994,CB1207_b,CB1207_b_L,,CB1207b,"AVLP367,AVLP368",cb_intrinsic,,L,,,acetylcholine,acetylcholine,0.9694734905675659,1,2,2,False,False,False
5245,543719,CL165,CL165_L,,CL165,CL165,cb_intrinsic,,L,,,acetylcholine,acetylcholine,0.9345747181447819,1,2,2,False,False,False
5246,543901,CB2481,CB2481_L,,CB2481,AVLP183,cb_intrinsic,,L,,,acetylcholine,acetylcholine,0.804052609308904,1,2,2,False,False,False
5247,546129,WED012,WED012_L,,WED012,WED012,cb_intrinsic,,L,,,gaba,gaba,0.5680998902005857,-1,2,2,False,False,False
5248,546546,LoVP91,LoVP91_R,,PLP051,PLP051,cb_intrinsic,,R,,,gaba,gaba,0.8693227200271348,-1,2,2,False,False,False
5249,547552,SMP043,SMP043_L,,SMP043,SMP043,cb_intrinsic,,L,,,glutamate,glutamate,0.8472653911976572,-1,2,2,False,False,False
5250,547920,JO-B1_a,JO-B1_a_L,,JO-B1_a,,cb_sensory,mechanosensory,,,,acetylcholine,acetylcholine,0.8952316715632916,1,0,3,True,False,False
5251,549014,JO-B2,JO-B2_L,,JO-B2,,cb_sensory,mechanosensory,,,,acetylcholine,acetylcholine,0.9380006403765148,1,0,3,True,False,False
5252,550384,SAD014,SAD014_R,,CB4180,SAD014,cb_intrinsic,,R,,,gaba,gaba,0.8043540438746996,-1,2,2,False,False,False
5253,552035,JO-A2,JO-A2_L,,JO-A2,,cb_sensory,mechanosensory,,,,acetylcholine,acetylcholine,0.9062210876502111,1,0,2,True,False,False
5254,553196,CB1833,CB1833_L,,CB1833,,cb_intrinsic,,L,,,glutamate,glutamate,0.8421899101655657,-1,2,2,False,False,False
5255,555227,CL038,CL038_L,,CL038,CL038,cb_intrinsic,,L,,,glutamate,glutamate,0.7546861621057148,-1,2,2,False,False,False
5256,555264,GNG199,GNG199_L,,CB0416,,cb_intrinsic,,L,,,acetylcholine,acetylcholine,0.9353394558182798,1,2,2,False,False,False
5257,555277,AOTU008,AOTU008_R,Cachero 2010: aSP-i; Yu 2010: aSP11; Kimura 2008: AL5a,AOTU008,AOTU008,cb_intrinsic,,R,sexually dimorphic,fru_high,acetylcholine,acetylcholine,0.9506595600712116,1,3,1,False,False,False
5258,555309,GNG385,GNG385_L,,CB2700,,cb_intrinsic,,L,,,gaba,gaba,0.8764516958021589,-1,2,2,False,False,False
5259,555382,VES003,VES003_L,,VES003,VES003,cb_intrinsic,,L,,,glutamate,glutamate,0.8394310634408315,-1,2,2,False,False,False
5260,555383,PVLP076,PVLP076_L,,PVLP076,PVLP076,cb_intrinsic,,L,,,acetylcholine,acetylcholine,0.9301798124339802,1,1,2,False,False,False
5261,555384,AVLP280,AVLP280_L,,AVLP280,AVLP280,cb_intrinsic,,L,,,acetylcholine,acetylcholine,0.9567638772684793,1,2,2,False,False,False
5262,555428,GNG085,GNG085_R,,CB0357,,cb_intrinsic,,R,,,gaba,gaba,0.8732501755267831,-1,2,2,False,False,False
5263,555457,DNge079,DNge079_R,,DNge079,,descending_neuron,,R,,,gaba,gaba,0.8347687279927675,-1,2,1,False,False,False
5264,555458,GNG561,GNG561_L,,CB0174,,cb_intrinsic,,L,,,glutamate,glutamate,0.6019029342334173,-1,2,2,False,False,False
5265,555472,DNae009,DNae009(PS009)_L,,DNae009,PS009,descending_neuron,,L,,,acetylcholine,acetylcholine,0.9626975191301986,1,2,2,False,False,False
5266,555498,CB4169,CB4169_R,Cachero 2010: aIP-a,CB4169,,cb_intrinsic,,R,,fru_high,gaba,gaba,0.8639347225780061,-1,2,2,False,False,False
5267,555500,DNg29,DNg29_R,,DNg29,,descending_neuron,,R,,,acetylcholine,acetylcholine,0.9423523032997939,1,1,2,False,False,False
5268,555501,ANXXX108,ANXXX108_R,,AN_multi_103,,ascending_neuron,,R,,,gaba,gaba,0.8907995269465523,-1,2,2,False,False,False
5269,555704,LH006m,LH006m_L,Cachero 2010: aSP-f; Yu 2010: aSP5; Ruta 2010: DC1,,,cb_intrinsic,,L,male-specific,fru_high,acetylcholine,acetylcholine,0.8588570009460003,1,2,2,False,False,False
5270,555705,SIP104m,SIP104m_L,Cachero 2010: aSP-a; Yu 2010: aSP2,,,cb_intrinsic,,L,male-specific,fru_high,glutamate,glutamate,0.6436629479090046,-1,2,2,False,False,False
5271,555707,AVLP733m,AVLP733m_L,Cachero 2010: aIP-c; Yu 2010: aIP1/aIP4/aSP10,,,cb_intrinsic,,L,male-specific,fru_high,acetylcholine,acetylcholine,0.9550116778792537,1,2,2,False,False,False
5272,555710,AVLP753m,AVLP753m_R,Cachero 2010: aSP-f; Yu 2010: aSP5; Ruta 2010: DC1,,,cb_intrinsic,,R,male-specific,fru_high,acetylcholine,acetylcholine,0.8079659020521136,1,2,2,False,False,False
5273,555715,SIP100m,SIP100m_L,Cachero 2010: aSP-a; Yu 2010: aSP2,,,cb_intrinsic,,L,male-specific,fru_high,glutamate,glutamate,0.807218592048031,-1,2,1,False,False,False
5274,555725,AN08B101,AN08B101_R,,AN_GNG_183,,ascending_neuron,,R,,,acetylcholine,acetylcholine,0.9638709697285521,1,2,2,False,False,False
5275,555741,SAD021_b,SAD021_b_L,,CB3245,SAD021_b,cb_intrinsic,,L,,,gaba,gaba,0.8137397536602966,-1,1,2,False,False,False
5276,555742,CB2633,CB2633_L,,CB2633,,cb_intrinsic,,L,,,acetylcholine,acetylcholine,0.9606171612167663,1,2,2,False,False,False
5277,555811,AVLP762m,AVLP762m_L,Cachero 2010: aSP-k; Yu 2010: aSP8; Zhou 2015: vPN1,,,cb_intrinsic,,L,male-specific,fru_high,gaba,gaba,0.7160152123273451,-1,1,2,False,True,False
5278,555824,GNG013,GNG013_L,,CB0072,,cb_intrinsic,,L,,,gaba,gaba,0.8810624399319767,-1,2,2,False,False,False
5279,555855,PS234,PS234_R,,PS234,PS234,cb_intrinsic,,R,,,acetylcholine,acetylcholine,0.9551188613976181,1,2,2,False,False,False
5280,555871,DNpe017,DNpe017(hb1406000196)_R,,DNpe017,hb1406000196,descending_neuron,,R,potentially sexually dimorphic,,acetylcholine,acetylcholine,0.9200174408271634,1,2,2,False,False,False
5281,555907,WED072,WED072_R,,WED072,WED072,cb_intrinsic,,R,,,acetylcholine,acetylcholine,0.968590155929159,1,2,2,False,False,False
5282,556037,WEDPN9,WEDPN9_L,,WEDPN9,WEDPN9,cb_intrinsic,,L,,,acetylcholine,acetylcholine,0.9657894919402209,1,1,3,False,False,False
5283,556076,GNG203,GNG203_L,,CB0241,,cb_intrinsic,,L,,,gaba,gaba,0.706067941576706,-1,2,2,False,False,False
5284,556286,DNp32,DNp32_L,,DNp32,DNp32,descending_neuron,,L,,,unclear,serotonin,0.5806019806253597,0,2,2,False,False,False
5285,556306,WED012,WED012_R,,WED012,WED012,cb_intrinsic,,R,,,gaba,gaba,0.5578658362387445,-1,2,2,False,False,False
5286,556316,aIPg2,aIPg2_L,Cachero 2010: aIP-g; Yu 2010: pIP6,"CB2204,CB1127",aIPg2,cb_intrinsic,,L,sexually dimorphic,fru_high,acetylcholine,acetylcholine,0.9329424131465293,1,2,2,False,False,False
5287,556570,AN05B010,AN05B010_L,,AN_GNG_49,,ascending_neuron,,L,,,gaba,gaba,0.8890544991539261,-1,2,2,False,False,False
5288,556588,SMP327,SMP327_L,,CB0107,SMP327,cb_intrinsic,,L,,,acetylcholine,acetylcholine,0.9617037928307982,1,2,2,False,False,False
5289,556702,GNG119,GNG119_L,,CB0565,,cb_intrinsic,,L,,,gaba,gaba,0.746004598138178,-1,2,2,False,False,False
5290,556706,CB3384,CB3384_L,,CB3384,,cb_intrinsic,,L,,,glutamate,glutamate,0.725767372450867,-1,1,2,False,False,False
5291,556721,,,,"CB2014,CB2039",,cb_intrinsic,,L,,,acetylcholine,acetylcholine,0.898036392401059,1,2,2,False,False,False
5292,556756,BM_Vib,BM_Vib_L,,BM_Vib,,cb_sensory,mechanosensory,,,,acetylcholine,acetylcholine,0.9747326673375373,1,2,2,False,False,False
5293,556767,WED106,WED106_R,,CB3655,WED106,cb_intrinsic,,R,,,gaba,gaba,0.8484665010459432,-1,1,2,False,False,False
5294,556793,DNge111,DNge111_L,,DNge111,,descending_neuron,,L,,,acetylcholine,acetylcholine,0.9212480780451698,1,1,3,False,False,False
5295,556999,AVLP755m,AVLP755m_L,Cachero 2010: aSP-k; Yu 2010: aSP8,,,cb_intrinsic,,L,male-specific,fru_high,gaba,gaba,0.7312968814857922,-1,3,1,False,False,False
5296,557035,pC1_5b,pC1_5b_L,"Lee 2002, Rideout 2010, Nojima 2021: pC1; Cachero 2010: pMP-e; Yu 2010: pMP4",,,cb_intrinsic,,L,male-specific,coexpress_high,acetylcholine,acetylcholine,0.9068431773699566,1,2,1,False,True,False
5297,557095,AOTU008,AOTU008_L,Cachero 2010: aSP-i; Yu 2010: aSP11; Kimura 2008: AL5a,AOTU008,AOTU008,cb_intrinsic,,L,sexually dimorphic,fru_high,acetylcholine,acetylcholine,0.9103040193754224,1,3,1,False,False,False
5298,557192,AVLP704m,AVLP704m_L,Cachero 2010: aSP-g; Yu 2010: aSP6,,,cb_intrinsic,,L,male-specific,fru_high,acetylcholine,acetylcholine,0.9591063964725379,1,3,1,False,False,False
5299,557308,AN18B019,AN18B019_R,,AN_GNG_WED_3,,ascending_neuron,,R,,,acetylcholine,acetylcholine,0.9635289250686427,1,2,2,False,False,False
5300,557352,SIP146m,SIP146m_L,Cachero 2010: aSP-a; Yu 2010: aSP2,,,cb_intrinsic,,L,male-specific,fru_high,glutamate,glutamate,0.769737948566851,-1,2,2,False,False,False
5301,557380,AVLP753m,AVLP753m_L,Cachero 2010: aSP-f; Yu 2010: aSP5; Ruta 2010: DC1,,,cb_intrinsic,,L,male-specific,fru_high,acetylcholine,acetylcholine,0.673866733241914,1,2,2,False,False,False
5302,558778,AN08B012,AN08B012_R,,AN_multi_60,,ascending_neuron,,R,,,acetylcholine,acetylcholine,0.9436095583069443,1,2,2,False,False,False
5303,558781,GNG590,GNG590_L,,CB0030,,cb_intrinsic,,L,,,gaba,gaba,0.839854856784421,-1,2,1,False,False,False
5304,558793,AVLP053,AVLP053_L,,AVLP053,AVLP053,cb_intrinsic,,L,,,acetylcholine,acetylcholine,0.9548847033295709,1,2,2,False,False,False
5305,558839,PVLP207m,PVLP207m_L,Cachero 2010: pIP-e; Yu 2010: pIP5,,,cb_intrinsic,,L,male-specific,fru_low,acetylcholine,acetylcholine,0.9379268498850135,1,2,2,False,False,False
5306,558846,PLP229,PLP229_L,,PLP229,PLP229,cb_intrinsic,,L,,,acetylcholine,acetylcholine,0.9416600734539444,1,2,2,False,False,False
5307,558850,AN05B099,AN05B099_L,,AN_AVLP_GNG_8,,ascending_neuron,,L,,,acetylcholine,acetylcholine,0.9464955257567261,1,2,2,False,False,False
5308,558868,CL249,CL249_L,,CB0257,CL249,cb_intrinsic,,L,,,acetylcholine,acetylcholine,0.9209983245010291,1,2,1,False,False,False
5309,558897,GNG584,GNG584_L,,CB0057,,cb_intrinsic,,L,,,gaba,gaba,0.7340129246844024,-1,2,2,False,False,False
5310,558912,,,,"CB1740,CB1779",,cb_intrinsic,,R,,,acetylcholine,acetylcholine,0.8620308702007721,1,2,2,False,False,False
5311,559181,AVLP743m,AVLP743m_L,Ruta 2010: LC1,,,cb_intrinsic,,L,male-specific,fru_low,unclear,unclear,0.37092522948386786,0,2,2,False,False,False
5312,559256,,,,"CB1886,CB2651",,cb_intrinsic,,R,,,acetylcholine,acetylcholine,0.9531316941763504,1,2,2,False,False,False
5313,559386,JO-B1_c,JO-B1_c_L,,JO-B1_c,,cb_sensory,mechanosensory,,,,acetylcholine,acetylcholine,0.9000764438963673,1,0,3,True,False,False
5314,559505,,,,"CB1886,CB2651",,cb_intrinsic,,L,,,acetylcholine,acetylcholine,0.9673443411565047,1,1,3,False,False,False
5315,559757,CB2763,CB2763_L,Cachero 2010: aSP-k; Yu 2010: aSP8,CB2763,,cb_intrinsic,,L,,fru_low,gaba,gaba,0.8593879018176741,-1,2,2,False,False,False
5316,559780,aSP10A_b,aSP10A_b_L,Cachero 2010: aIP-b,CB3313,aSP10A,cb_intrinsic,,L,potentially sexually dimorphic,fru_high,acetylcholine,acetylcholine,0.9488542985380957,1,2,1,False,False,False
5317,559817,LoVP92,LoVP92_L,Cachero 2010: pIP-b; Yu 2010: pIP8,,,visual_projection,,L,male-specific,fru_high,acetylcholine,acetylcholine,0.9573345070444542,1,2,2,False,False,False
5318,559926,SMP106,SMP106_R,Cachero 2010: aSP-a; Yu 2010: aSP2,SMP106,SMP106,cb_intrinsic,,R,,fru_low,glutamate,glutamate,0.8551276814810311,-1,2,2,False,False,False
5319,560878,SMP093,SMP093_R,,SMP093,SMP093,cb_intrinsic,,R,,,glutamate,glutamate,0.808540532919608,-1,3,1,False,False,False
5320,562509,JO-ED2_b,JO-ED2_b_R,,JO-ED2_b,,cb_sensory,mechanosensory,,,,acetylcholine,acetylcholine,0.880589810611622,1,2,2,False,False,False
5321,562991,LoVP85,LoVP85_L,,LTe18,,visual_projection,,L,,,acetylcholine,acetylcholine,0.9574949027814261,1,2,2,False,False,False
5322,563481,AVLP702m,AVLP702m_R,"Lee 2002, Rideout 2010: pC2; Robinett 2010, Nojima 2021: pC2m",,,cb_intrinsic,,R,male-specific,dsx_high,acetylcholine,acetylcholine,0.9437040194647268,1,2,1,False,False,False
5323,563537,AVLP551,AVLP551_R,,"CB3859,CB3861",AVLP551,cb_intrinsic,,R,,,glutamate,glutamate,0.7919215810409508,-1,2,2,False,False,False
5324,563656,AN09B023,AN09B023(17094)_L,,AN_multi_68,,ascending_neuron,,L,,,acetylcholine,acetylcholine,0.9600943652289528,1,2,2,False,False,False
5325,564864,DNp19,DNp19_R,Cachero 2010: pMP-g,DNp19,DNp19,descending_neuron,,R,,fru_high,acetylcholine,acetylcholine,0.9575083438519099,1,2,2,False,False,False
5326,565711,CB2625,CB2625_L,,CB2625,,cb_intrinsic,,L,,,acetylcholine,acetylcholine,0.934681912038287,1,2,2,False,False,False
5327,565953,JO-B3,JO-B3_L,,JO-B3,,cb_sensory,mechanosensory,,,,acetylcholine,acetylcholine,0.9418202334245014,1,0,3,True,False,False
5328,566769,VES202m,VES202m_L,Cachero 2010: aSP-b; Yu 2010: aSP1,,,cb_intrinsic,,L,potentially male-specific,fru_high,glutamate,glutamate,0.7285442045322449,-1,2,2,False,False,False
5329,567484,CB1638,CB1638_L,,CB1638,,cb_intrinsic,,L,,,acetylcholine,acetylcholine,0.9351877309078713,1,1,3,False,False,False
5330,567693,AVLP733m,AVLP733m_L,Cachero 2010: aIP-c; Yu 2010: aIP1/aIP4/aSP10,,,cb_intrinsic,,L,male-specific,fru_high,acetylcholine,acetylcholine,0.9464252084369658,1,2,2,False,False,False
5331,568032,JO-DP,JO-DP_L,,JO-DP,,cb_sensory,mechanosensory,,,,acetylcholine,acetylcholine,0.914110956920853,1,2,2,False,False,False
5332,569195,PLP262,PLP262_L,,CB0654,,cb_intrinsic,,L,,,acetylcholine,acetylcholine,0.8811311352240264,1,2,2,False,False,False
5333,570013,SAD098,SAD098_M,Cachero 2010: pSG-d; Vaughan 2014: aLN(m); Baker 2022: WV-WV,CB4161,,cb_intrinsic,,M,,fru_high,gaba,unclear,0.30068926070149987,-1,1,2,False,False,False
5334,570588,PVLP207m,PVLP207m_L,Cachero 2010: pIP-e; Yu 2010: pIP5,,,cb_intrinsic,,L,male-specific,fru_low,acetylcholine,acetylcholine,0.9340695135565632,1,2,2,False,False,False
5335,574186,AN09B004,AN09B004_e_L,,AN_multi_93,,ascending_neuron,,L,,,acetylcholine,acetylcholine,0.9377489585595552,1,2,2,False,False,False
5336,574821,AN05B058,AN05B058_L,,AN_GNG_75,,ascending_neuron,,L,,,gaba,gaba,0.8837022600747843,-1,2,2,False,False,False
5337,574984,GNG385,GNG385_L,,CB2700,,cb_intrinsic,,L,,,gaba,gaba,0.886304709310393,-1,2,2,False,False,False
5338,575082,DNpe021,DNpe021_R,,DNpe021,CL307,descending_neuron,,R,,,acetylcholine,acetylcholine,0.9643948601197233,1,2,2,False,False,False
5339,578194,SIP140m,SIP140m_R,Cachero 2010: aSP-a; Yu 2010: aSP2,,,cb_intrinsic,,R,male-specific,fru_high,glutamate,glutamate,0.7273561341478653,-1,2,1,False,False,False
5340,578432,AVLP401,AVLP401_L,,CB2684,AVLP401,cb_intrinsic,,L,,,acetylcholine,acetylcholine,0.8992360627965358,1,2,2,False,False,False
5341,578647,VES089,VES089_L,,CB0529,,cb_intrinsic,,L,,,acetylcholine,acetylcholine,0.83172586326647,1,2,1,False,False,False
5342,579924,WED081,WED081_R,,WED081,WED081,cb_intrinsic,,R,,,gaba,gaba,0.7651517664404985,-1,2,2,False,False,False
5343,580850,CL205,CL205_R,,CL205,CL205,cb_intrinsic,,R,,,acetylcholine,acetylcholine,0.6623581779198391,1,2,2,False,False,False
5344,580897,AVLP005,AVLP005_L,Cachero 2010: aSP-k; Yu 2010: aSP8,CB1614,AVLP005,cb_intrinsic,,L,,fru_low,gaba,gaba,0.8538019489781997,-1,1,2,False,False,False
5345,581131,PS306,PS306_L,,CB0527,,cb_intrinsic,,L,,,gaba,gaba,0.8480439462937566,-1,2,2,False,False,False
5346,581331,,,,"CB1066,CB3649",,cb_intrinsic,,L,,,acetylcholine,acetylcholine,0.9657885770631836,1,1,2,False,False,False
5347,582877,AVLP443,AVLP443_L,,AVLP443,AVLP443,cb_intrinsic,,L,,,acetylcholine,acetylcholine,0.9548126125628522,1,2,2,False,False,False
5348,584085,CRE020,CRE020_L,Cachero 2010: aSP-d; Yu 2010: aSP13,CRE020,CRE020,cb_intrinsic,,L,,fru_low,acetylcholine,acetylcholine,0.9520514330167782,1,2,2,False,False,False
5349,588414,CB4163,CB4163_L,Cachero 2010: aIP-a,CB4163,,cb_intrinsic,,L,,fru_high,gaba,gaba,0.872553597733279,-1,2,2,False,False,False
5350,588759,,,,,,,,,,,acetylcholine,acetylcholine,0.9629315877561382,1,3,1,False,False,False
5351,588857,GNG122,GNG122_L,,CB0292,,cb_intrinsic,,L,,,acetylcholine,acetylcholine,0.9454611166140745,1,2,2,False,False,False
5352,800001,IN07B016,IN07B016_L,,,,vnc_intrinsic,,L,,,acetylcholine,acetylcholine,0.9730854417054274,1,2,2,False,False,False
5353,800002,IN07B010,IN07B010_L,,,,vnc_intrinsic,,L,,,acetylcholine,acetylcholine,0.9738144616325867,1,2,2,False,False,False
5354,800011,IN23B006,IN23B006_R,,,,vnc_intrinsic,,R,,,acetylcholine,acetylcholine,0.9710353937066047,1,2,2,False,False,False
5355,800012,AN19B001,AN19B001(17757)_L,,AN_GNG_IPS_11,,ascending_neuron,,L,,,acetylcholine,acetylcholine,0.9703977903043666,1,2,2,False,False,False
5356,800024,IN19B107,IN19B107_R,,,,vnc_intrinsic,,R,,,acetylcholine,acetylcholine,0.9702646872093204,1,2,2,False,False,False
5357,800026,IN05B010,IN05B010_R,,,,vnc_intrinsic,,R,,,gaba,gaba,0.9002699678635728,-1,2,2,False,False,False
5358,800030,IN12B002,IN12B002_L,,,,vnc_intrinsic,,L,,,gaba,gaba,0.8994078026583546,-1,2,2,False,False,False
5359,800035,IN05B002,IN05B002_L,,,,vnc_intrinsic,,L,,,gaba,gaba,0.8819087319642939,-1,2,2,False,False,False
5360,800040,IN05B002,IN05B002_R,,,,vnc_intrinsic,,R,,,gaba,gaba,0.8796005537497401,-1,2,2,False,False,False
5361,800042,IN27X005,IN27X005_L,,,,vnc_intrinsic,,L,,,gaba,gaba,0.8956370447412233,-1,2,2,False,False,False
5362,800049,SNpp30,,,,,vnc_sensory,mechanosensory_proprioceptive,,,,acetylcholine,acetylcholine,0.9686626882281412,1,2,2,False,False,False
5363,800051,IN07B001,IN07B001_L,,,,vnc_intrinsic,,L,,,acetylcholine,acetylcholine,0.9663268589117103,1,2,2,False,False,False
5364,800053,IN07B001,IN07B001_R,,,,vnc_intrinsic,,R,,,acetylcholine,acetylcholine,0.9686177609496517,1,2,2,False,False,False
5365,800054,INXXX025,INXXX025_L,,,,vnc_intrinsic,,L,potentially male-specific,,acetylcholine,acetylcholine,0.9715045568637588,1,2,2,False,False,False
5366,800062,IN06B001,IN06B001_L,,,,vnc_intrinsic,,L,,,gaba,gaba,0.8907418690024852,-1,2,2,False,False,False
5367,800063,IN12B002,IN12B002_R,,,,vnc_intrinsic,,R,,,gaba,gaba,0.897693315149097,-1,2,2,False,False,False
5368,800064,IN14A002,IN14A002_R,,,,vnc_intrinsic,,R,,,glutamate,glutamate,0.7820471968480254,-1,2,2,False,False,False
5369,800071,IN12B002,IN12B002_R,,,,vnc_intrinsic,,R,,,gaba,gaba,0.891359853575543,-1,2,2,False,False,False
5370,800073,IN12A001,IN12A001_R,,,,vnc_intrinsic,,R,,,acetylcholine,acetylcholine,0.96495976477401,1,2,2,False,False,False
5371,800077,IN12B002,IN12B002_L,,,,vnc_intrinsic,,L,,,gaba,gaba,0.8961089988781872,-1,2,2,False,False,False
5372,800084,IN19B008,IN19B008_L,,,,vnc_intrinsic,,L,,,acetylcholine,acetylcholine,0.9707449361541426,1,2,2,False,False,False
5373,800085,IN07B002,IN07B002_L,,,,vnc_intrinsic,,L,,,acetylcholine,acetylcholine,0.9601849306677247,1,2,2,False,False,False
5374,800087,IN05B010,IN05B010_L,,,,vnc_intrinsic,,L,,,gaba,gaba,0.8909179724610413,-1,2,2,False,False,False
5375,800088,INXXX003,INXXX003_R,,,,vnc_intrinsic,,R,,,gaba,gaba,0.8880117617438475,-1,2,2,False,False,False
5376,800098,IN05B010,IN05B010_L,,,,vnc_intrinsic,,L,,,gaba,gaba,0.8995564422880268,-1,2,2,False,False,False
5377,800099,DNge079,DNge079_L,,DNge079,,descending_neuron,,L,,,gaba,gaba,0.8871561747180955,-1,2,1,False,False,False
5378,800113,IN05B094,IN05B094_R,,,,vnc_intrinsic,,R,,,acetylcholine,acetylcholine,0.963890712530762,1,2,2,False,False,False
5379,800120,IN07B007,IN07B007_L,,,,vnc_intrinsic,,L,,,glutamate,glutamate,0.7581840109484322,-1,2,2,False,False,False
5380,800132,IN13A003,IN13A003_L,,,,vnc_intrinsic,,L,,,gaba,gaba,0.9024291027305601,-1,2,2,False,False,False
5381,800136,IN06B035,IN06B035_R,,,,vnc_intrinsic,,R,,,gaba,gaba,0.8552941927284408,-1,2,2,False,False,False
5382,800144,IN07B012,IN07B012_L,,,,vnc_intrinsic,,L,,,acetylcholine,acetylcholine,0.9723465665981431,1,2,2,False,False,False
5383,800145,IN11A001,IN11A001_L,,,,vnc_intrinsic,,L,,,gaba,gaba,0.8824518458953162,-1,2,1,False,False,False
5384,800147,IN12A001,IN12A001_L,,,,vnc_intrinsic,,L,,,acetylcholine,acetylcholine,0.9718348880088125,1,2,2,False,False,False
5385,800149,IN07B006,IN07B006_R,Cachero 2010: dPR-b,,,vnc_intrinsic,,R,,fru_high,acetylcholine,acetylcholine,0.9683914960133705,1,2,2,False,False,False
5386,800150,IN19A001,IN19A001_L,,,,vnc_intrinsic,,L,,,gaba,gaba,0.9023687918577554,-1,2,2,False,False,False
5387,800157,IN19A004,IN19A004_L,,,,vnc_intrinsic,,L,,,gaba,gaba,0.8811637132009709,-1,2,2,False,False,False
5388,800160,IN10B007,IN10B007_R,,,,vnc_intrinsic,,R,,,acetylcholine,acetylcholine,0.960192475128009,1,2,2,False,False,False
5389,800171,IN07B002,IN07B002_L,,,,vnc_intrinsic,,L,,,acetylcholine,acetylcholine,0.9676287919173479,1,2,2,False,False,False
5390,800178,IN11A001,IN11A001_R,,,,vnc_intrinsic,,R,,,gaba,gaba,0.8777195482656447,-1,2,1,False,False,False
5391,800180,IN23B005,IN23B005_R,,,,vnc_intrinsic,,R,,,acetylcholine,acetylcholine,0.9656325546271946,1,2,2,False,False,False
5392,800181,IN10B004,IN10B004_R,,,,vnc_intrinsic,,R,,,acetylcholine,acetylcholine,0.9684748535615332,1,2,2,False,False,False
5393,800183,IN13A003,IN13A003_L,,,,vnc_intrinsic,,L,,,gaba,gaba,0.8849666461435624,-1,2,2,False,False,False
5394,800192,INXXX038,INXXX038_R,,,,vnc_intrinsic,,R,,,acetylcholine,acetylcholine,0.9713002602553645,1,2,2,False,False,False
5395,800203,IN13A003,IN13A003_R,,,,vnc_intrinsic,,R,,,gaba,gaba,0.9044360480949705,-1,2,2,False,False,False
5396,800206,IN23B001,IN23B001_R,,,,vnc_intrinsic,,R,,,acetylcholine,acetylcholine,0.9534088160110602,1,2,2,False,False,False
5397,800208,IN05B010,IN05B010_R,,,,vnc_intrinsic,,R,,,gaba,gaba,0.8976667933083281,-1,2,2,False,False,False
5398,800212,IN19A001,IN19A001_L,,,,vnc_intrinsic,,L,,,gaba,gaba,0.9009613609536401,-1,2,2,False,False,False
5399,800213,IN12B003,IN12B003_R,,,,vnc_intrinsic,,R,,,gaba,gaba,0.8857665469073711,-1,2,2,False,False,False
5400,800220,IN06B016,IN06B016_L,,,,vnc_intrinsic,,L,,,gaba,gaba,0.8869225881334429,-1,2,2,False,False,False
5401,800232,INXXX027,INXXX027_L,,,,vnc_intrinsic,,L,,,acetylcholine,acetylcholine,0.9599663033415462,1,2,2,False,False,False
5402,800233,IN19A007,IN19A007_L,,,,vnc_intrinsic,,L,,,gaba,gaba,0.9009501489636564,-1,2,2,False,False,False
5403,800244,IN06B018,IN06B018_L,,,,vnc_intrinsic,,L,,,gaba,gaba,0.8935721367018097,-1,2,2,False,False,False
5404,800245,IN02A004,IN02A004_L,,,,vnc_intrinsic,,L,,,glutamate,glutamate,0.8060405254393443,-1,2,2,False,False,False
5405,800246,IN12B002,IN12B002_L,,,,vnc_intrinsic,,L,,,gaba,gaba,0.8899931476009101,-1,2,2,False,False,False
5406,800247,IN07B002,IN07B002_R,,,,vnc_intrinsic,,R,,,acetylcholine,acetylcholine,0.9615890988395415,1,2,2,False,False,False
5407,800252,IN19A008,IN19A008_L,,,,vnc_intrinsic,,L,,,gaba,gaba,0.8798158513739881,-1,2,2,False,False,False
5408,800254,IN06B008,IN06B008_L,,,,vnc_intrinsic,,L,,,gaba,gaba,0.8813966778032563,-1,2,2,False,False,False
5409,800258,IN05B005,IN05B005_L,,,,vnc_intrinsic,,L,,,gaba,gaba,0.8705874378211272,-1,2,2,False,False,False
5410,800264,IN13B007,IN13B007_L,,,,vnc_intrinsic,,L,,,gaba,gaba,0.8600230346838699,-1,2,2,False,False,False
5411,800269,IN19A004,IN19A004_L,,,,vnc_intrinsic,,L,,,gaba,gaba,0.8887701543964045,-1,2,2,False,False,False
5412,800271,IN07B007,IN07B007_L,,,,vnc_intrinsic,,L,,,glutamate,glutamate,0.7994712413874142,-1,2,2,False,False,False
5413,800272,INXXX044,INXXX044_L,,,,vnc_intrinsic,,L,,,gaba,gaba,0.8624199148836509,-1,2,2,False,False,False
5414,800287,IN13B007,IN13B007_R,,,,vnc_intrinsic,,R,,,gaba,gaba,0.8711641560951701,-1,2,2,False,False,False
5415,800307,IN13A003,IN13A003_R,,,,vnc_intrinsic,,R,,,gaba,gaba,0.8946387261014938,-1,2,2,False,False,False
5416,800312,IN03B011,IN03B011_L,,,,vnc_intrinsic,,L,,,gaba,gaba,0.9043721791125896,-1,2,2,False,False,False
5417,800319,INXXX027,INXXX027_R,,,,vnc_intrinsic,,R,,,acetylcholine,acetylcholine,0.9602315128809108,1,2,2,False,False,False
5418,800323,dPR1,dPR1_R,,,,vnc_intrinsic,,R,,coexpress_high,acetylcholine,acetylcholine,0.972224557510688,1,2,2,False,False,False
5419,800329,dPR1,dPR1_L,,,,vnc_intrinsic,,L,,coexpress_high,acetylcholine,acetylcholine,0.970957392712497,1,2,2,False,False,False
5420,800342,IN05B008,IN05B008_L,,,,vnc_intrinsic,,L,,,gaba,gaba,0.8946868203760111,-1,2,1,False,False,False
5421,800354,IN07B002,IN07B002_L,,,,vnc_intrinsic,,L,,,acetylcholine,acetylcholine,0.9570122676973571,1,2,2,False,False,False
5422,800363,IN10B011,IN10B011_L,,,,vnc_intrinsic,,L,,,acetylcholine,acetylcholine,0.8116474067660233,1,2,2,False,False,False
5423,800373,IN23B001,IN23B001_L,,,,vnc_intrinsic,,L,,,acetylcholine,acetylcholine,0.9379442977183929,1,2,2,False,False,False
5424,800378,IN05B012,IN05B012_L,,,,vnc_intrinsic,,L,,,gaba,gaba,0.894601637023014,-1,2,1,False,False,False
5425,800380,IN17A013,IN17A013_L,,,,vnc_intrinsic,,L,,,acetylcholine,acetylcholine,0.9695150634810142,1,2,2,False,False,False
5426,800387,IN16B020,IN16B020_L,,,,vnc_intrinsic,,L,,,glutamate,glutamate,0.6720115705696261,-1,2,2,False,False,False
5427,800398,IN07B002,IN07B002_R,,,,vnc_intrinsic,,R,,,acetylcholine,acetylcholine,0.9683904901486152,1,2,2,False,False,False
5428,800409,IN05B039,IN05B039_L,,,,vnc_intrinsic,,L,,,gaba,gaba,0.8940174015640514,-1,2,2,False,False,False
5429,800426,IN07B006,IN07B006_L,,,,vnc_intrinsic,,L,,,acetylcholine,acetylcholine,0.9733716426882056,1,2,2,False,False,False
5430,800427,IN06B003,IN06B003_R,,,,vnc_intrinsic,,R,,,gaba,gaba,0.8970720063252661,-1,2,2,False,False,False
5431,800441,IN06B016,IN06B016_R,,,,vnc_intrinsic,,R,,,gaba,gaba,0.8856576437214487,-1,2,2,False,False,False
5432,800446,IN13A009,IN13A009_R,,,,vnc_intrinsic,,R,,,gaba,gaba,0.8726515237047479,-1,2,2,False,False,False
5433,800447,IN05B031,IN05B031_R,,,,vnc_intrinsic,,R,,,gaba,gaba,0.8714068640629717,-1,2,2,False,False,False
5434,800455,IN05B012,IN05B012_R,,,,vnc_intrinsic,,R,,,gaba,gaba,0.8960402095004264,-1,2,1,False,False,False
5435,800456,IN19B107,IN19B107_L,,,,vnc_intrinsic,,L,,,acetylcholine,acetylcholine,0.967163488718753,1,2,2,False,False,False
5436,800473,IN06B012,IN06B012_R,,,,vnc_intrinsic,,R,,,gaba,gaba,0.8852416723710296,-1,2,2,False,False,False
5437,800483,IN03A007,IN03A007_L,,,,vnc_intrinsic,,L,,,acetylcholine,acetylcholine,0.8581223690885784,1,2,2,False,False,False
5438,800484,IN04B006,IN04B006_R,,,,vnc_intrinsic,,R,,,acetylcholine,acetylcholine,0.9738672273448813,1,2,2,False,False,False
5439,800485,IN06B003,IN06B003_L,,,,vnc_intrinsic,,L,,,gaba,gaba,0.8978021223363016,-1,2,2,False,False,False
5440,800494,IN19A007,IN19A007_L,,,,vnc_intrinsic,,L,,,gaba,gaba,0.8694881058029569,-1,2,2,False,False,False
5441,800496,IN11B004,IN11B004_L,,,,vnc_intrinsic,,L,,,gaba,gaba,0.8765049213767733,-1,2,2,False,False,False
5442,800503,IN08B004,IN08B004_L,,,,vnc_intrinsic,,L,,,acetylcholine,acetylcholine,0.9703183101068994,1,2,2,False,False,False
5443,800510,INXXX038,INXXX038_L,,,,vnc_intrinsic,,L,,,acetylcholine,acetylcholine,0.9715744644142954,1,2,2,False,False,False
5444,800517,INXXX027,INXXX027_R,,,,vnc_intrinsic,,R,,,acetylcholine,acetylcholine,0.9611824215861555,1,2,2,False,False,False
5445,800528,IN23B011,IN23B011_L,,,,vnc_intrinsic,,L,,,acetylcholine,acetylcholine,0.9576144177534724,1,2,2,False,False,False
5446,800530,IN13B010,IN13B010_L,,,,vnc_intrinsic,,L,,,gaba,gaba,0.9010077580290999,-1,2,2,False,False,False
5447,800555,IN05B094,IN05B094_L,,,,vnc_intrinsic,,L,,,acetylcholine,acetylcholine,0.9703113367137652,1,2,2,False,False,False
5448,800556,IN08B017,IN08B017_L,,,,vnc_intrinsic,,L,,,acetylcholine,acetylcholine,0.9693636993371303,1,2,2,False,False,False
5449,800560,IN06B016,IN06B016_R,,,,vnc_intrinsic,,R,,,gaba,gaba,0.8826797840634336,-1,2,2,False,False,False
5450,800562,IN07B001,IN07B001_L,,,,vnc_intrinsic,,L,,,acetylcholine,acetylcholine,0.9634683837523583,1,2,2,False,False,False
5451,800574,IN08B006,IN08B006_L,,,,vnc_intrinsic,,L,,,acetylcholine,acetylcholine,0.9714560928965531,1,2,2,False,False,False
5452,800575,INXXX044,INXXX044_L,,,,vnc_intrinsic,,L,,,gaba,gaba,0.8903191013218783,-1,2,2,False,False,False
5453,800579,IN05B018,IN05B018_R,,,,vnc_intrinsic,,R,,,gaba,gaba,0.759286706418128,-1,2,2,False,False,False
5454,800616,IN08B085_a,IN08B085_a_L,,,,vnc_intrinsic,,L,,,acetylcholine,acetylcholine,0.9547115254270256,1,2,2,False,False,False
5455,800622,IN19A003,IN19A003_L,,,,vnc_intrinsic,,L,,,gaba,gaba,0.8883475526915822,-1,2,2,False,False,False
5456,800624,IN13B010,IN13B010_L,,,,vnc_intrinsic,,L,,,gaba,gaba,0.8862044902194488,-1,2,2,False,False,False
5457,800658,AN07B005,AN07B005_R,,"AN_GNG_43,AN_GNG_83",,ascending_neuron,,R,,,acetylcholine,acetylcholine,0.9689717828175733,1,2,2,False,False,False
5458,800660,INXXX044,INXXX044_R,,,,vnc_intrinsic,,R,,,gaba,gaba,0.889740253937315,-1,2,2,False,False,False
5459,800676,IN09B008,IN09B008_R,,,,vnc_intrinsic,,R,,,glutamate,glutamate,0.7833666176760927,-1,2,2,False,False,False
5460,800684,IN12A002,IN12A002_L,,,,vnc_intrinsic,,L,sexually dimorphic,,acetylcholine,acetylcholine,0.9679606645548865,1,2,2,False,False,False
5461,800688,IN08B006,IN08B006_R,,,,vnc_intrinsic,,R,,,acetylcholine,acetylcholine,0.9724482279473703,1,2,2,False,False,False
5462,800708,IN13B009,IN13B009_R,,,,vnc_intrinsic,,R,,,gaba,gaba,0.8992665075105569,-1,2,2,False,False,False
5463,800712,IN04B002,IN04B002_L,,,,vnc_intrinsic,,L,,,acetylcholine,acetylcholine,0.9688985354723174,1,2,2,False,False,False
5464,800717,IN00A025,IN00A025_M,,,,vnc_intrinsic,,M,,,gaba,gaba,0.8774035860841833,-1,2,2,False,False,False
5465,800735,IN04B002,IN04B002_R,,,,vnc_intrinsic,,R,,,acetylcholine,acetylcholine,0.9644621012876023,1,2,2,False,False,False
5466,800737,IN03B022,IN03B022_L,,,,vnc_intrinsic,,L,,,gaba,gaba,0.8960419238064103,-1,2,2,False,False,False
5467,800739,IN12A002,IN12A002_L,,,,vnc_intrinsic,,L,sexually dimorphic,,acetylcholine,acetylcholine,0.972722275316658,1,2,2,False,False,False
5468,800741,IN06B008,IN06B008_L,,,,vnc_intrinsic,,L,,,gaba,gaba,0.8992073883867641,-1,2,2,False,False,False
5469,800747,IN19A012,IN19A012_L,,,,vnc_intrinsic,,L,,,acetylcholine,acetylcholine,0.9615541047777821,1,2,2,False,False,False
5470,800774,IN06B059,IN06B059_R,,,,vnc_intrinsic,,R,,,gaba,gaba,0.8816241904148464,-1,2,2,False,False,False
5471,800784,IN12B007,IN12B007_R,,,,vnc_intrinsic,,R,,,gaba,gaba,0.893377565666274,-1,2,2,False,False,False
5472,800786,IN17A028,IN17A028_L,,,,vnc_intrinsic,,L,,,acetylcholine,acetylcholine,0.9658958389459451,1,2,2,False,False,False
5473,800788,INXXX044,INXXX044_R,,,,vnc_intrinsic,,R,,,gaba,gaba,0.8844642149794448,-1,2,2,False,False,False
5474,800790,IN17A040,IN17A040_R,,,,vnc_intrinsic,,R,,,acetylcholine,acetylcholine,0.9734292728324687,1,2,2,False,False,False
5475,800795,IN04B006,IN04B006_L,,,,vnc_intrinsic,,L,,,acetylcholine,acetylcholine,0.9735343762247827,1,2,2,False,False,False
5476,800798,IN11A020,IN11A020_R,,,,vnc_intrinsic,,R,,,acetylcholine,acetylcholine,0.968778656632503,1,2,2,False,False,False
5477,800801,INXXX230,INXXX230_L,,,,vnc_intrinsic,,L,,,gaba,gaba,0.8934128684499839,-1,2,2,False,False,False
5478,800804,IN12A002,IN12A002_R,,,,vnc_intrinsic,,R,sexually dimorphic,,acetylcholine,acetylcholine,0.968661216897036,1,2,2,False,False,False
5479,800809,IN00A001,IN00A001_M,,,,vnc_intrinsic,,M,,,unclear,unclear,0.2440543012671783,0,2,2,False,False,False
5480,800810,INXXX129,INXXX129_R,,,,vnc_intrinsic,,R,,,acetylcholine,acetylcholine,0.9641914156818711,1,2,2,False,False,False
5481,800812,INXXX100,INXXX100_L,,,,vnc_intrinsic,,L,,,acetylcholine,acetylcholine,0.9582171453752729,1,2,2,False,False,False
5482,800816,IN21A010,IN21A010_L,,,,vnc_intrinsic,,L,,,acetylcholine,acetylcholine,0.9599839886124032,1,2,2,False,False,False
5483,800822,IN17A023,IN17A023_R,,,,vnc_intrinsic,,R,,,acetylcholine,acetylcholine,0.9718358046407901,1,2,2,False,False,False
5484,800827,IN12B003,IN12B003_R,,,,vnc_intrinsic,,R,,,gaba,gaba,0.8991910494945335,-1,2,2,False,False,False
5485,800838,IN19A012,IN19A012_L,,,,vnc_intrinsic,,L,,,acetylcholine,acetylcholine,0.969905874516494,1,2,2,False,False,False
5486,800842,IN13A013,IN13A013_L,,,,vnc_intrinsic,,L,,,gaba,gaba,0.8915309287237627,-1,2,2,False,False,False
5487,800845,DNp12,DNp12(WED105)_R,,DNp12,WED105,descending_neuron,,R,,,acetylcholine,acetylcholine,0.9672371463308824,1,1,2,False,False,False
5488,800860,IN19A010,IN19A010_L,,,,vnc_intrinsic,,L,,,acetylcholine,acetylcholine,0.9550384561673446,1,2,2,False,False,False
5489,800864,IN06B061,IN06B061_L,,,,vnc_intrinsic,,L,,,gaba,gaba,0.8802386891754638,-1,2,2,False,False,False
5490,800868,DNpe002,DNpe002(VES068)_R,,DNpe002,VES068,descending_neuron,,R,sexually dimorphic,,acetylcholine,acetylcholine,0.9543494400786326,1,2,2,False,False,False
5491,800876,IN09A007,IN09A007_L,,,,vnc_intrinsic,,L,,,gaba,gaba,0.8878079092858335,-1,2,2,False,False,False
5492,800892,IN06B013,IN06B013_R,,,,vnc_intrinsic,,R,,,gaba,gaba,0.8776021632373738,-1,2,2,False,False,False
5493,800898,IN12B018,IN12B018_R,,,,vnc_intrinsic,,R,,,gaba,gaba,0.9003971776455436,-1,2,2,False,False,False
5494,800902,IN09A003,IN09A003_L,,,,vnc_intrinsic,,L,,,gaba,gaba,0.892585512290547,-1,2,2,False,False,False
5495,800912,INXXX044,INXXX044_R,,,,vnc_intrinsic,,R,,,gaba,gaba,0.8948877937813755,-1,2,2,False,False,False
5496,800916,IN23B006,IN23B006_L,,,,vnc_intrinsic,,L,,,acetylcholine,acetylcholine,0.9709347754465014,1,2,2,False,False,False
5497,800923,IN03B011,IN03B011_R,,,,vnc_intrinsic,,R,,,gaba,gaba,0.9018882168532403,-1,2,2,False,False,False
5498,800932,AN17A013,AN17A013_L,,AN_GNG_190,,ascending_neuron,,L,,,acetylcholine,acetylcholine,0.9691965808791314,1,2,2,False,False,False
5499,800943,IN17B004,IN17B004_R,,,,vnc_intrinsic,,R,,,gaba,gaba,0.8999738831226073,-1,2,2,False,False,False
5500,800949,IN06B013,IN06B013_L,,,,vnc_intrinsic,,L,,,gaba,gaba,0.8733080715845842,-1,2,2,False,False,False
5501,800951,AN10B015,IN10B015_R,,,,vnc_intrinsic,,R,,,acetylcholine,acetylcholine,0.9732098074374762,1,2,2,False,False,False
5502,800952,IN06A024,IN06A024_R,,,,vnc_intrinsic,,R,,,gaba,gaba,0.881189915279099,-1,2,2,False,False,False
5503,800970,IN06B006,IN06B006_R,,,,vnc_intrinsic,,R,,,gaba,gaba,0.8998650927509784,-1,2,2,False,False,False
5504,800973,IN00A016,IN00A016_M,,,,vnc_intrinsic,,M,,,gaba,gaba,0.8416943956271928,-1,2,1,False,False,False
5505,800982,IN09B022,IN09B022_R,,,,vnc_intrinsic,,R,,,glutamate,glutamate,0.7893386457986442,-1,2,2,False,False,False
5506,801010,IN00A031,IN00A031_M,,,,vnc_intrinsic,,M,,,gaba,gaba,0.8816866342535975,-1,2,2,False,False,False
5507,801035,AN10B015,IN10B015_L,,,,vnc_intrinsic,,L,,,acetylcholine,acetylcholine,0.9727017588627433,1,2,2,False,False,False
5508,801053,IN06A005,IN06A005_L,,,,vnc_intrinsic,,L,,,gaba,gaba,0.8819116197380845,-1,2,1,False,False,False
5509,801071,vMS12_a,vMS12_a_R,Cachero 2010: vMs-m,,,vnc_intrinsic,,R,,fru_high,acetylcholine,acetylcholine,0.9699607115802817,1,2,2,False,False,False
5510,801072,IN07B012,IN07B012_R,,,,vnc_intrinsic,,R,,,acetylcholine,acetylcholine,0.9733724658730375,1,2,2,False,False,False
5511,801098,INXXX062,INXXX062_L,,,,vnc_intrinsic,,L,potentially male-specific,,acetylcholine,acetylcholine,0.9714089634103915,1,2,2,False,False,False
5512,801100,dMS2,dMS2_L,"Yu 2010, Lillvis 2024: dMS2",,,vnc_intrinsic,,L,,fru_high,acetylcholine,acetylcholine,0.9368094296134252,1,2,2,False,False,False
5513,801114,IN06B030,IN06B030_R,,,,vnc_intrinsic,,R,,,gaba,gaba,0.8964596387957858,-1,2,2,False,False,False
5514,801116,IN14B001,IN14B001_R,,,,vnc_intrinsic,,R,,,gaba,gaba,0.8886084275447359,-1,2,2,False,False,False
5515,801138,IN12A006,IN12A006_L,,,,vnc_intrinsic,,L,,,acetylcholine,acetylcholine,0.9729055588072728,1,2,2,False,False,False
5516,801162,IN06A005,IN06A005_R,,,,vnc_intrinsic,,R,,,gaba,gaba,0.8894253102279992,-1,2,2,False,False,False
5517,801163,IN05B008,IN05B008_R,,,,vnc_intrinsic,,R,,,gaba,gaba,0.8936287866467185,-1,3,1,False,False,False
5518,801171,IN14B001,IN14B001_L,,,,vnc_intrinsic,,L,,,gaba,gaba,0.8909533249768121,-1,2,2,False,False,False
5519,801187,IN06B024,IN06B024_L,,,,vnc_intrinsic,,L,,,gaba,gaba,0.8930778599563943,-1,2,2,False,False,False
5520,801199,INXXX034,INXXX034_M,,,,vnc_intrinsic,,M,,,unclear,octopamine,0.7244544031209211,0,2,2,False,False,False
5521,801221,IN06B063,IN06B063_R,,,,vnc_intrinsic,,R,,,gaba,gaba,0.8772029615804083,-1,2,2,False,False,False
5522,801245,TN1a_g,TN1a_g_L,,,,vnc_intrinsic,,L,,coexpress_high,acetylcholine,acetylcholine,0.9747326673375373,1,2,2,False,False,False
5523,801247,TN1a_h,TN1a_h_L,,,,vnc_intrinsic,,L,male-specific,coexpress_high,acetylcholine,acetylcholine,0.9731029995890974,1,2,2,False,False,False
5524,801272,IN17B015,IN17B015_R,,,,vnc_intrinsic,,R,,,gaba,gaba,0.8997718541220039,-1,2,2,False,False,False
5525,801273,IN13A013,IN13A013_R,,,,vnc_intrinsic,,R,,,gaba,gaba,0.897327668855379,-1,2,2,False,False,False
5526,801282,IN05B022,IN05B022_L,,,,vnc_intrinsic,,L,,,gaba,gaba,0.8787395853359306,-1,2,2,False,False,False
5527,801297,IN23B007,IN23B007_L,,,,vnc_intrinsic,,L,,,acetylcholine,acetylcholine,0.9676479934932755,1,2,2,False,False,False
5528,801311,IN23B008,IN23B008_L,,,,vnc_intrinsic,,L,,,acetylcholine,acetylcholine,0.9732055174635474,1,2,2,False,False,False
5529,801312,IN01A011,IN01A011_L,,,,vnc_intrinsic,,L,,,acetylcholine,acetylcholine,0.9663754069792606,1,2,2,False,False,False
5530,801341,AN19B032,AN19B032_L,,AN_multi_108,,ascending_neuron,,L,,,acetylcholine,acetylcholine,0.9514021671050247,1,2,2,False,False,False
5531,801358,IN12A036,IN12A036_R,,,,vnc_intrinsic,,R,,,acetylcholine,acetylcholine,0.9714233590647257,1,2,2,False,False,False
5532,801367,IN17A020,IN17A020_L,,,,vnc_intrinsic,,L,,,acetylcholine,acetylcholine,0.9747326673375373,1,2,2,False,False,False
5533,801377,IN23B006,IN23B006_R,,,,vnc_intrinsic,,R,,,acetylcholine,acetylcholine,0.9688711408286671,1,2,2,False,False,False
5534,801379,SNpp30,,,,,vnc_sensory,mechanosensory_proprioceptive,,,,acetylcholine,acetylcholine,0.9684213994449596,1,2,2,False,False,False
5535,801387,IN12B009,IN12B009_R,,,,vnc_intrinsic,,R,,,gaba,gaba,0.8796897638882332,-1,3,1,False,False,False
5536,801395,IN17B004,IN17B004_L,,,,vnc_intrinsic,,L,,,gaba,gaba,0.901993808410565,-1,2,2,False,False,False
5537,801401,IN00A004,IN00A004_M,,,,vnc_intrinsic,,M,,,gaba,gaba,0.8939905827457278,-1,2,2,False,False,False
5538,801423,IN23B008,IN23B008_R,,,,vnc_intrinsic,,R,,,acetylcholine,acetylcholine,0.972453381752621,1,2,2,False,False,False
5539,801435,IN19A024,IN19A024_L,,,,vnc_intrinsic,,L,,,gaba,gaba,0.9011059263838233,-1,2,2,False,False,False
5540,801452,IN09B022,IN09B022_L,,,,vnc_intrinsic,,L,,,glutamate,glutamate,0.8461406381880338,-1,2,2,False,False,False
5541,801455,IN06B020,IN06B020_R,,,,vnc_intrinsic,,R,,,gaba,gaba,0.9056695811317504,-1,2,2,False,False,False
5542,801459,IN06B019,IN06B019_L,,,,vnc_intrinsic,,L,,,gaba,gaba,0.8926886235693884,-1,2,2,False,False,False
5543,801460,IN12B069,IN12B069_R,,,,vnc_intrinsic,,R,,,gaba,gaba,0.8991763301489272,-1,2,2,False,False,False
5544,801470,IN00A031,IN00A031_M,,,,vnc_intrinsic,,M,,,gaba,gaba,0.8883377865525509,-1,2,2,False,False,False
5545,801506,INXXX063,INXXX063_R,,,,vnc_intrinsic,,R,,,gaba,gaba,0.8982248854809567,-1,2,2,False,False,False
5546,801512,IN13B009,IN13B009_L,,,,vnc_intrinsic,,L,,,gaba,gaba,0.9069724042663568,-1,2,2,False,False,False
5547,801523,IN18B012,IN18B012_R,,,,vnc_intrinsic,,R,,,acetylcholine,acetylcholine,0.9704660514252541,1,2,2,False,False,False
5548,801525,IN05B030,IN05B030_L,,,,vnc_intrinsic,,L,,,gaba,gaba,0.9016972367997446,-1,2,2,False,False,False
5549,801533,SNpp30,,,,,vnc_sensory,mechanosensory_proprioceptive,,,,acetylcholine,acetylcholine,0.9702904553060755,1,2,2,False,False,False
5550,801534,IN06B006,IN06B006_L,,,,vnc_intrinsic,,L,,,gaba,gaba,0.9010654197369232,-1,2,2,False,False,False
5551,801537,IN17A042,IN17A042_L,,,,vnc_intrinsic,,L,,,acetylcholine,acetylcholine,0.9709233497723518,1,2,2,False,False,False
5552,801557,INXXX473,INXXX473_L,,,,vnc_intrinsic,,L,,,gaba,gaba,0.839829946038788,-1,2,2,False,False,False
5553,801570,IN12B014,IN12B014_L,,,,vnc_intrinsic,,L,,,gaba,gaba,0.8699199497042451,-1,2,1,False,False,False
5554,801571,IN01A017,IN01A017_R,,,,vnc_intrinsic,,R,,,acetylcholine,acetylcholine,0.96771819726202,1,2,2,False,False,False
5555,801621,IN06B054,IN06B054_R,,,,vnc_intrinsic,,R,,,gaba,gaba,0.8808364848358012,-1,2,2,False,False,False
5556,801625,IN18B016,IN18B016_R,,,,vnc_intrinsic,,R,,,acetylcholine,acetylcholine,0.9710902468045667,1,2,2,False,False,False
5557,801653,IN06B008,IN06B008_R,,,,vnc_intrinsic,,R,,,gaba,gaba,0.9028432127496852,-1,2,2,False,False,False
5558,801657,IN17B015,IN17B015_L,,,,vnc_intrinsic,,L,,,gaba,gaba,0.8995964177930725,-1,2,2,False,False,False
5559,801662,IN12A030,IN12A030_R,,,,vnc_intrinsic,,R,,,acetylcholine,acetylcholine,0.9696678160889957,1,2,2,False,False,False
5560,801669,IN17A032,IN17A032_L,,,,vnc_intrinsic,,L,,,acetylcholine,acetylcholine,0.9673024580946872,1,2,2,False,False,False
5561,801689,IN00A010,IN00A010_M,,,,vnc_intrinsic,,M,,,gaba,gaba,0.8950110076693037,-1,2,2,False,False,False
5562,801698,IN19A024,IN19A024_R,,,,vnc_intrinsic,,R,,,gaba,gaba,0.8982990643436907,-1,2,2,False,False,False
5563,801706,IN01A005,IN01A005_R,,,,vnc_intrinsic,,R,,,acetylcholine,acetylcholine,0.9702669121784899,1,2,2,False,False,False
5564,801711,IN02A013,IN02A013_R,,,,vnc_intrinsic,,R,,,glutamate,glutamate,0.8235556845890702,-1,2,2,False,False,False
5565,801725,IN19B005,IN19B005_L,,,,vnc_intrinsic,,L,,,acetylcholine,acetylcholine,0.9103122988693856,1,2,2,False,False,False
5566,801730,INXXX217,INXXX217_L,Nojima 2021: Mt3,,,vnc_intrinsic,,L,male-specific,dsx_high,gaba,gaba,0.8980554778436932,-1,2,2,False,False,False
5567,801805,IN08B003,IN08B003_R,,,,vnc_intrinsic,,R,,,gaba,gaba,0.8878056084141652,-1,2,1,False,False,False
5568,801809,IN18B032,IN18B032_R,,,,vnc_intrinsic,,R,,,acetylcholine,acetylcholine,0.8977252018575038,1,2,2,False,False,False
5569,801823,IN17A028,IN17A028_L,,,,vnc_intrinsic,,L,,,acetylcholine,acetylcholine,0.9747326673375374,1,2,2,False,False,False
5570,801828,IN12B015,IN12B015_L,,,,vnc_intrinsic,,L,,,gaba,gaba,0.8846696150303189,-1,2,2,False,False,False
5571,801829,IN18B017,IN18B017_L,,,,vnc_intrinsic,,L,,,acetylcholine,acetylcholine,0.9731393992146378,1,2,2,False,False,False
5572,801848,IN03B024,IN03B024_R,,,,vnc_intrinsic,,R,,,gaba,gaba,0.8940330321748163,-1,2,1,False,False,False
5573,801883,IN17A028,IN17A028_L,,,,vnc_intrinsic,,L,,,acetylcholine,acetylcholine,0.9690197892840807,1,2,2,False,False,False
5574,801920,IN17A030,IN17A030_L,,,,vnc_intrinsic,,L,,,acetylcholine,acetylcholine,0.9688164966403955,1,2,2,False,False,False
5575,801921,INXXX101,INXXX101_R,,,,vnc_intrinsic,,R,,,acetylcholine,acetylcholine,0.9657507558354246,1,2,2,False,False,False
5576,801956,IN18B032,IN18B032_L,,,,vnc_intrinsic,,L,,,acetylcholine,acetylcholine,0.8266720160067321,1,2,2,False,False,False
5577,801960,SNpp30,,,,,vnc_sensory,mechanosensory_proprioceptive,,,,acetylcholine,acetylcholine,0.9649219944756942,1,2,2,False,False,False
5578,801969,IN11A002,IN11A002_R,,,,vnc_intrinsic,,R,,,acetylcholine,acetylcholine,0.964918605081927,1,2,2,False,False,False
5579,801976,DNpe032,DNpe032(PS216)_R,,DNpe032,PS216,descending_neuron,,R,,,acetylcholine,acetylcholine,0.9597506632844094,1,2,2,False,False,False
5580,801990,SNpp30,,,,,vnc_sensory,mechanosensory_proprioceptive,,,,acetylcholine,acetylcholine,0.9560275858934678,1,2,2,False,False,False
5581,801994,vMS12_b,vMS12_b_L,Cachero 2010: vMs-m,,,vnc_intrinsic,,L,,fru_high,acetylcholine,acetylcholine,0.9747326673375373,1,2,2,False,False,False
5582,802002,IN23B013,IN23B013_R,,,,vnc_intrinsic,,R,,,acetylcholine,acetylcholine,0.9639520393267925,1,2,2,False,False,False
5583,802008,SNpp30,,,,,vnc_sensory,mechanosensory_proprioceptive,,,,acetylcholine,acetylcholine,0.9682834461366769,1,2,2,False,False,False
5584,802037,IN00A016,IN00A016_M,,,,vnc_intrinsic,,M,,,gaba,gaba,0.8309032628140588,-1,2,2,False,False,False
5585,802039,IN03B024,IN03B024_L,,,,vnc_intrinsic,,L,,,gaba,gaba,0.8937897493597651,-1,2,1,False,False,False
5586,802053,IN06B035,IN06B035_L,,,,vnc_intrinsic,,L,,,gaba,gaba,0.8318776111444476,-1,2,2,False,False,False
5587,802074,IN06B030,IN06B030_R,,,,vnc_intrinsic,,R,,,gaba,gaba,0.8933225560558761,-1,2,2,False,False,False
5588,802089,IN00A009,IN00A009_M,,,,vnc_intrinsic,,M,,,gaba,gaba,0.8979093617683254,-1,2,2,False,False,False
5589,802099,INXXX468,INXXX468_L,,,,vnc_intrinsic,,L,,,acetylcholine,acetylcholine,0.9700258636890351,1,2,2,False,False,False
5590,802108,IN06B030,IN06B030_L,,,,vnc_intrinsic,,L,,,gaba,gaba,0.8891451526122397,-1,2,2,False,False,False
5591,802126,AN10B008,AN10B008_R,,AN_GNG_IPS_10,,ascending_neuron,,R,,,acetylcholine,acetylcholine,0.9677902894580475,1,2,2,False,False,False
5592,802177,INXXX107,INXXX107_L,,,,vnc_intrinsic,,L,,,acetylcholine,acetylcholine,0.9712602130602447,1,2,2,False,False,False
5593,802183,IN06B030,IN06B030_L,,,,vnc_intrinsic,,L,,,gaba,gaba,0.8999552410344119,-1,2,2,False,False,False
5594,802192,IN07B033,IN07B033_L,,,,vnc_intrinsic,,L,,,acetylcholine,acetylcholine,0.9701878722571202,1,2,2,False,False,False
5595,802207,IN05B037,IN05B037_L,,,,vnc_intrinsic,,L,,,gaba,gaba,0.896892727030061,-1,2,2,False,False,False
5596,802235,INXXX153,INXXX153_L,,,,vnc_intrinsic,,L,,,acetylcholine,acetylcholine,0.973576528119288,1,2,2,False,False,False
5597,802290,IN12B014,IN12B014_R,,,,vnc_intrinsic,,R,,,gaba,gaba,0.8987653825483467,-1,2,1,False,False,False
5598,802322,INXXX201,INXXX201_R,,,,vnc_intrinsic,,R,,,acetylcholine,acetylcholine,0.9534038260855799,1,2,2,False,False,False
5599,802323,INXXX355,INXXX355_R,,,,vnc_intrinsic,,R,,,gaba,gaba,0.8780639009072365,-1,2,2,False,False,False
5600,802356,IN07B028,IN07B028_R,,,,vnc_intrinsic,,R,,,acetylcholine,acetylcholine,0.9594924457725351,1,2,2,False,False,False
5601,802359,IN07B023,IN07B023_R,,,,vnc_intrinsic,,R,,,glutamate,glutamate,0.6036983787045361,-1,2,2,False,False,False
5602,802362,IN06B063,IN06B063_R,,,,vnc_intrinsic,,R,,,gaba,gaba,0.883634832225493,-1,2,2,False,False,False
5603,802377,IN17A028,IN17A028_L,,,,vnc_intrinsic,,L,,,acetylcholine,acetylcholine,0.9728630196415408,1,2,2,False,False,False
5604,802383,IN20A.22A003,IN20A.22A003_L,,,,vnc_intrinsic,,L,,,acetylcholine,acetylcholine,0.9705314447509483,1,2,2,False,False,False
5605,802385,IN06B024,IN06B024_R,,,,vnc_intrinsic,,R,,,gaba,gaba,0.9030374787160064,-1,2,2,False,False,False
5606,802390,IN02A010,IN02A010_L,,,,vnc_intrinsic,,L,,,glutamate,glutamate,0.829841456530703,-1,2,2,False,False,False
5607,802396,IN18B033,IN18B033_L,,,,vnc_intrinsic,,L,,,acetylcholine,acetylcholine,0.9132105556397611,1,2,2,False,False,False
5608,802402,IN06B024,IN06B024_L,,,,vnc_intrinsic,,L,,,gaba,gaba,0.9010081463476576,-1,2,2,False,False,False
5609,802406,IN23B011,IN23B011_R,,,,vnc_intrinsic,,R,,,acetylcholine,acetylcholine,0.9689118104299616,1,2,2,False,False,False
5610,802424,SNpp32,,,,,vnc_sensory,mechanosensory_proprioceptive,,,,acetylcholine,acetylcholine,0.9654937357495952,1,2,2,False,False,False
5611,802425,IN00A038,IN00A038_M,,,,vnc_intrinsic,,M,,,gaba,gaba,0.8638746158891764,-1,2,2,False,False,False
5612,802478,GFC2,GFC2_R,,,,vnc_intrinsic,,R,,,acetylcholine,acetylcholine,0.9681616870341736,1,2,2,False,False,False
5613,802491,IN06B027,IN06B027_R,,,,vnc_intrinsic,,R,,,gaba,gaba,0.9005921386851679,-1,2,2,False,False,False
5614,802499,IN13A019,IN13A019_L,,,,vnc_intrinsic,,L,,,gaba,gaba,0.9004367789403462,-1,2,2,False,False,False
5615,802554,vMS12_a,vMS12_a_L,Cachero 2010: vMs-m,,,vnc_intrinsic,,L,,fru_high,acetylcholine,acetylcholine,0.9730199442832457,1,2,2,False,False,False
5616,802561,IN00A048,IN00A048_M,,,,vnc_intrinsic,,M,,,gaba,gaba,0.8695021279247767,-1,2,2,False,False,False
5617,802594,IN03A013,IN03A013_L,,,,vnc_intrinsic,,L,,,acetylcholine,acetylcholine,0.9680150596071276,1,2,2,False,False,False
5618,802595,GFC2,GFC2_L,,,,vnc_intrinsic,,L,,,acetylcholine,acetylcholine,0.967112173915011,1,2,2,False,False,False
5619,802603,IN02A010,IN02A010_L,,,,vnc_intrinsic,,L,,,glutamate,glutamate,0.8063459284231866,-1,2,2,False,False,False
5620,802609,IN03A017,IN03A017_L,,,,vnc_intrinsic,,L,,,acetylcholine,acetylcholine,0.9747326673375373,1,2,2,False,False,False
5621,802611,TN1a_f,TN1a_f_L,,,,vnc_intrinsic,,L,male-specific,coexpress_high,acetylcholine,acetylcholine,0.962817162055703,1,2,2,False,False,False
5622,802614,IN05B042,IN05B042_R,,,,vnc_intrinsic,,R,,,gaba,gaba,0.8392476095240745,-1,2,2,False,False,False
5623,802644,INXXX230,INXXX230_L,,,,vnc_intrinsic,,L,,,gaba,gaba,0.8819154144991798,-1,2,2,False,False,False
5624,802658,INXXX110,INXXX110_L,Nojima 2021: Mt2,,,vnc_intrinsic,,L,male-specific,dsx_high,gaba,gaba,0.8806331148957816,-1,2,1,False,False,False
5625,802681,IN06B008,IN06B008_L,,,,vnc_intrinsic,,L,,,gaba,gaba,0.8868535734756565,-1,2,2,False,False,False
5626,802689,IN03A020,IN03A020_L,,,,vnc_intrinsic,,L,,,acetylcholine,acetylcholine,0.972571189063772,1,2,2,False,False,False
5627,802715,INXXX110,INXXX110_L,Nojima 2021: Mt2,,,vnc_intrinsic,,L,male-specific,dsx_high,gaba,gaba,0.8700864489148521,-1,2,1,False,False,False
5628,802723,INXXX448,INXXX448_L,,,,vnc_intrinsic,,L,,,gaba,gaba,0.8509976591447059,-1,2,2,False,False,False
5629,802745,INXXX110,INXXX110_R,Nojima 2021: Mt2,,,vnc_intrinsic,,R,male-specific,dsx_high,gaba,gaba,0.8869752805843945,-1,3,1,False,False,False
5630,802748,INXXX110,INXXX110_R,Nojima 2021: Mt2,,,vnc_intrinsic,,R,male-specific,dsx_high,gaba,gaba,0.8702060089505698,-1,2,1,False,False,False
5631,802766,IN18B020,IN18B020_L,,,,vnc_intrinsic,,L,,,acetylcholine,acetylcholine,0.9700984776871074,1,2,2,False,False,False
5632,802804,INXXX270,INXXX270_R,,,,vnc_intrinsic,,R,,,gaba,gaba,0.8979078747709017,-1,2,2,False,False,False
5633,802828,IN06B047,IN06B047_R,,,,vnc_intrinsic,,R,,,gaba,gaba,0.9058011855107297,-1,2,2,False,False,False
5634,802843,IN12B018,IN12B018_L,,,,vnc_intrinsic,,L,,,gaba,gaba,0.8816278257865379,-1,2,2,False,False,False
5635,802871,vPR9_c,vPR9_c_M,,,,vnc_intrinsic,,M,,fru_high,gaba,gaba,0.8988736621752539,-1,2,1,False,False,False
5636,802878,IN11A002,IN11A002_R,,,,vnc_intrinsic,,R,,,acetylcholine,acetylcholine,0.9731533098265096,1,2,2,False,False,False
5637,802914,IN05B042,IN05B042_R,,,,vnc_intrinsic,,R,,,gaba,gaba,0.8880496932558625,-1,2,2,False,False,False
5638,802916,IN03A011,IN03A011_L,,,,vnc_intrinsic,,L,,,acetylcholine,acetylcholine,0.9708409171811199,1,2,2,False,False,False
5639,802917,IN17A029,IN17A029_R,,,,vnc_intrinsic,,R,,,acetylcholine,acetylcholine,0.9670054006009077,1,2,2,False,False,False
5640,802918,INXXX242,INXXX242_L,,,,vnc_intrinsic,,L,,,acetylcholine,acetylcholine,0.969899456846256,1,2,2,False,False,False
5641,802925,IN17A028,IN17A028_R,,,,vnc_intrinsic,,R,,,acetylcholine,acetylcholine,0.970464230035032,1,2,2,False,False,False
5642,802938,IN00A039,IN00A039_M,,,,vnc_intrinsic,,M,,,gaba,gaba,0.8392590781364078,-1,2,2,False,False,False
5643,802944,IN12B018,IN12B018_R,,,,vnc_intrinsic,,R,,,gaba,gaba,0.8967000101051432,-1,2,2,False,False,False
5644,802972,IN00A031,IN00A031_M,,,,vnc_intrinsic,,M,,,gaba,gaba,0.8766799372718279,-1,2,2,False,False,False
5645,802984,INXXX270,INXXX270_L,,,,vnc_intrinsic,,L,,,gaba,gaba,0.8980312660419053,-1,2,2,False,False,False
5646,802986,TN1a_f,TN1a_f_R,,,,vnc_intrinsic,,R,male-specific,coexpress_high,acetylcholine,acetylcholine,0.96820821710973,1,2,2,False,False,False
5647,802999,IN12B014,IN12B014_L,,,,vnc_intrinsic,,L,,,gaba,gaba,0.8795734865491742,-1,2,2,False,False,False
5648,803011,IN17A032,IN17A032_R,,,,vnc_intrinsic,,R,,,acetylcholine,acetylcholine,0.9700467035771676,1,2,2,False,False,False
5649,803012,TN1a_d,TN1a_d_L,,,,vnc_intrinsic,,L,male-specific,coexpress_high,acetylcholine,acetylcholine,0.9734021440799069,1,2,2,False,False,False
5650,803029,IN06B054,IN06B054_L,,,,vnc_intrinsic,,L,,,gaba,gaba,0.8970303641096348,-1,2,2,False,False,False
5651,803037,IN19B094,IN19B094_R,,,,vnc_intrinsic,,R,,,acetylcholine,acetylcholine,0.9601969695914536,1,2,2,False,False,False
5652,803126,IN17A034,IN17A034_L,,,,vnc_intrinsic,,L,,,acetylcholine,acetylcholine,0.9332699139096035,1,2,2,False,False,False
5653,803128,IN12A036,IN12A036_L,,,,vnc_intrinsic,,L,,,acetylcholine,acetylcholine,0.9747326673375373,1,2,2,False,False,False
5654,803133,IN17A030,IN17A030_R,,,,vnc_intrinsic,,R,,,acetylcholine,acetylcholine,0.9686857883284493,1,2,2,False,False,False
5655,803135,IN05B065,IN05B065_R,,,,vnc_intrinsic,,R,,,gaba,gaba,0.8631652057450637,-1,2,2,False,False,False
5656,803149,IN17A035,IN17A035_L,,,,vnc_intrinsic,,L,,,acetylcholine,acetylcholine,0.9590493018113095,1,2,2,False,False,False
5657,803150,SNta13,SNta13_R,,,,vnc_sensory,mechanosensory_tactile,,,,acetylcholine,acetylcholine,0.9716738724114309,1,2,2,False,False,False
5658,803157,INXXX306,INXXX306_L,,,,vnc_intrinsic,,L,,,gaba,gaba,0.8711998077802572,-1,2,2,False,False,False
5659,803205,IN05B042,IN05B042_L,,,,vnc_intrinsic,,L,,,gaba,gaba,0.8374280617354432,-1,2,2,False,False,False
5660,803233,IN03A057,IN03A057_L,,,,vnc_intrinsic,,L,,,acetylcholine,acetylcholine,0.9720195891865033,1,2,2,False,False,False
5661,803255,IN01A029,IN01A029_L,,,,vnc_intrinsic,,L,,,acetylcholine,acetylcholine,0.9193561052093239,1,2,2,False,False,False
5662,803288,IN11A016,IN11A016_R,,,,vnc_intrinsic,,R,,,acetylcholine,acetylcholine,0.9587305961862007,1,2,2,False,False,False
5663,803289,IN23B047,IN23B047_L,,,,vnc_intrinsic,,L,,,acetylcholine,acetylcholine,0.9596125341238696,1,2,2,False,False,False
5664,803290,vPR9_b,vPR9_b_M,,,,vnc_intrinsic,,M,,fru_high,gaba,gaba,0.9013783478383468,-1,3,1,False,False,False
5665,803304,IN08B051_a,IN08B051_a_R,,,,vnc_intrinsic,,R,,,acetylcholine,acetylcholine,0.9685521062019279,1,2,2,False,False,False
5666,803309,IN17A040,IN17A040_L,,,,vnc_intrinsic,,L,,,acetylcholine,acetylcholine,0.972209359578281,1,2,2,False,False,False
5667,803317,IN00A033,IN00A033_M,,,,vnc_intrinsic,,M,,,gaba,gaba,0.8419541333184688,-1,2,2,False,False,False
5668,803318,AN06B051,AN06B051(803318)_R,,,,ascending_neuron,,R,,,gaba,gaba,0.881465189760932,-1,2,2,False,False,False
5669,803325,SNpp30,SNpp30_R,,,,vnc_sensory,mechanosensory_proprioceptive,,,,acetylcholine,acetylcholine,0.960539629757188,1,2,2,False,False,False
5670,803326,IN00A038,IN00A038_M,,,,vnc_intrinsic,,M,,,gaba,gaba,0.8811192541223567,-1,2,2,False,False,False
5671,803340,IN05B042,IN05B042_L,,,,vnc_intrinsic,,L,,,gaba,gaba,0.8808888673521462,-1,2,2,False,False,False
5672,803354,IN08B083_a,IN08B083_a_L,,,,vnc_intrinsic,,L,,,acetylcholine,acetylcholine,0.9747326673375373,1,2,2,False,False,False
5673,803360,vPR9_c,vPR9_c_M,,,,vnc_intrinsic,,M,,fru_high,gaba,gaba,0.896744661104653,-1,2,1,False,False,False
5674,803375,IN17A035,IN17A035_R,,,,vnc_intrinsic,,R,,,acetylcholine,acetylcholine,0.963067101120185,1,2,2,False,False,False
5675,803377,IN07B054,IN07B054_L,,,,vnc_intrinsic,,L,,,acetylcholine,acetylcholine,0.9470425420576623,1,2,2,False,False,False
5676,803387,IN11A002,IN11A002_L,,,,vnc_intrinsic,,L,,,acetylcholine,acetylcholine,0.9718931860580821,1,2,2,False,False,False
5677,803388,IN23B008,IN23B008_R,,,,vnc_intrinsic,,R,,,acetylcholine,acetylcholine,0.969530040855415,1,2,2,False,False,False
5678,803393,IN17A028,IN17A028_R,,,,vnc_intrinsic,,R,,,acetylcholine,acetylcholine,0.9731711125681798,1,2,2,False,False,False
5679,803446,IN17A042,IN17A042_R,,,,vnc_intrinsic,,R,,,acetylcholine,acetylcholine,0.9747326673375373,1,2,2,False,False,False
5680,803447,INXXX134,INXXX134_L,,,,vnc_intrinsic,,L,,,acetylcholine,acetylcholine,0.9747326673375372,1,2,2,False,False,False
5681,803454,IN08B078,IN08B078_L,,,,vnc_intrinsic,,L,,,acetylcholine,acetylcholine,0.9726825076932012,1,2,2,False,False,False
5682,803456,IN08B035,IN08B035_L,,,,vnc_intrinsic,,L,,,acetylcholine,acetylcholine,0.9714807365168269,1,2,2,False,False,False
5683,803457,SNpp30,SNpp30_L,,,,vnc_sensory,mechanosensory_proprioceptive,,,,acetylcholine,acetylcholine,0.973592201154212,1,2,2,False,False,False
5684,803465,IN12A025,IN12A025_L,,,,vnc_intrinsic,,L,,,acetylcholine,acetylcholine,0.9747326673375373,1,2,2,False,False,False
5685,803466,IN11A008,IN11A008_R,,,,vnc_intrinsic,,R,,,acetylcholine,acetylcholine,0.971157340081618,1,2,2,False,False,False
5686,803478,IN12A053_c,IN12A053_c_L,,,,vnc_intrinsic,,L,,,acetylcholine,acetylcholine,0.9747326673375373,1,2,2,False,False,False
5687,803501,IN19A014,IN19A014_L,,,,vnc_intrinsic,,L,,,acetylcholine,acetylcholine,0.967478327814667,1,2,2,False,False,False
5688,803520,INXXX369,INXXX369_L,,,,vnc_intrinsic,,L,,,gaba,gaba,0.8517653878523925,-1,2,2,False,False,False
5689,803564,IN00A008,IN00A008_M,,,,vnc_intrinsic,,M,,,gaba,gaba,0.8982866871591341,-1,2,2,False,False,False
5690,803591,IN08B068,IN08B068_L,,,,vnc_intrinsic,,L,,,acetylcholine,acetylcholine,0.973181098682473,1,2,2,False,False,False
5691,803597,IN05B065,IN05B065_R,,,,vnc_intrinsic,,R,,,gaba,gaba,0.8932727053047858,-1,2,2,False,False,False
5692,803619,vPR9_c,vPR9_c_M,,,,vnc_intrinsic,,M,,fru_high,gaba,gaba,0.795157067478053,-1,3,1,False,False,False
5693,803626,SNta10,,,,,vnc_sensory,mechanosensory_tactile,,,,acetylcholine,acetylcholine,0.9628762127186509,1,2,2,False,False,False
5694,803658,IN17A039,IN17A039_L,,,,vnc_intrinsic,,L,,,acetylcholine,acetylcholine,0.932798467083638,1,2,2,False,False,False
5695,803782,IN03A043,IN03A043_L,,,,vnc_intrinsic,,L,,,acetylcholine,acetylcholine,0.9691246204967395,1,2,2,False,False,False
5696,803792,IN11A020,IN11A020_L,,,,vnc_intrinsic,,L,,,acetylcholine,acetylcholine,0.9747326673375373,1,2,2,False,False,False
5697,803805,IN06B047,IN06B047_L,,,,vnc_intrinsic,,L,,,gaba,gaba,0.882784686260141,-1,3,1,False,False,False
5698,803834,IN13B104,IN13B104_R,,,,vnc_intrinsic,,R,,,gaba,unclear,0.2849474822366389,-1,2,2,False,False,False
5699,803840,IN05B057,IN05B057_L,,,,vnc_intrinsic,,L,,,gaba,gaba,0.8954032930780536,-1,2,2,False,False,False
5700,803842,IN11A002,IN11A002_L,,,,vnc_intrinsic,,L,,,acetylcholine,acetylcholine,0.9703041573327804,1,2,2,False,False,False
5701,803864,IN08B051_a,IN08B051_a_L,,,,vnc_intrinsic,,L,,,acetylcholine,acetylcholine,0.9652184611870926,1,2,2,False,False,False
5702,803865,INXXX290,INXXX290_R,,,,vnc_intrinsic,,R,,,unclear,unclear,0.3346593473252246,0,2,2,False,False,False
5703,803873,IN02A024,IN02A024_R,,,,vnc_intrinsic,,R,,,glutamate,glutamate,0.7456582768625134,-1,2,2,False,False,False
5704,803884,IN05B037,IN05B037_R,,,,vnc_intrinsic,,R,,,gaba,gaba,0.8855634763674078,-1,2,2,False,False,False
5705,803911,IN12A036,IN12A036_R,,,,vnc_intrinsic,,R,,,acetylcholine,acetylcholine,0.9717428308599976,1,2,2,False,False,False
5706,803919,IN11A006,IN11A006_L,,,,vnc_intrinsic,,L,,,acetylcholine,acetylcholine,0.9550698670836526,1,2,2,False,False,False
5707,803922,TN1a_e,TN1a_e_L,,,,vnc_intrinsic,,L,male-specific,coexpress_high,acetylcholine,acetylcholine,0.9595616495402002,1,2,2,False,False,False
5708,804003,vMS12_a,vMS12_a_R,Cachero 2010: vMs-m,,,vnc_intrinsic,,R,,fru_high,acetylcholine,acetylcholine,0.9730259856344072,1,2,2,False,False,False
5709,804009,TN1a_d,TN1a_d_R,,,,vnc_intrinsic,,R,male-specific,coexpress_high,acetylcholine,acetylcholine,0.9734341620192616,1,2,2,False,False,False
5710,804020,IN11A007,IN11A007_R,,,,vnc_intrinsic,,R,,,acetylcholine,acetylcholine,0.9716577395267995,1,2,2,False,False,False
5711,804089,IN06A024,IN06A024_L,,,,vnc_intrinsic,,L,,,gaba,gaba,0.8793025148395368,-1,2,2,False,False,False
5712,804090,TN1a_i,TN1a_i_L,,,,vnc_intrinsic,,L,male-specific,coexpress_high,acetylcholine,acetylcholine,0.9710736105272486,1,2,2,False,False,False
5713,804103,IN11A009,IN11A009_R,,,,vnc_intrinsic,,R,,,acetylcholine,acetylcholine,0.9728497051787587,1,2,2,False,False,False
5714,804109,IN12A036,IN12A036_R,,,,vnc_intrinsic,,R,,,acetylcholine,acetylcholine,0.9716377567345887,1,2,2,False,False,False
5715,804115,IN08B051_b,IN08B051_b_L,,,,vnc_intrinsic,,L,,,acetylcholine,acetylcholine,0.9720405626359545,1,2,2,False,False,False
5716,804128,IN02A020,IN02A020_L,,,,vnc_intrinsic,,L,,,glutamate,glutamate,0.8615966210280348,-1,2,2,False,False,False
5717,804154,vPR9_a,vPR9_a_M,,,,vnc_intrinsic,,M,,fru_high,gaba,gaba,0.8598282123625931,-1,2,1,False,False,False
5718,804181,IN12A036,IN12A036_L,,,,vnc_intrinsic,,L,,,acetylcholine,acetylcholine,0.9747326673375373,1,2,2,False,False,False
5719,804185,IN00A038,IN00A038_M,,,,vnc_intrinsic,,M,,,gaba,gaba,0.8417267046677126,-1,2,2,False,False,False
5720,804188,IN12A036,IN12A036_R,,,,vnc_intrinsic,,R,,,acetylcholine,acetylcholine,0.9702068344890024,1,2,2,False,False,False
5721,804189,IN12A053_c,IN12A053_c_R,,,,vnc_intrinsic,,R,,,acetylcholine,acetylcholine,0.9729700288572555,1,2,2,False,False,False
5722,804193,IN06B043,IN06B043_R,,,,vnc_intrinsic,,R,,,gaba,gaba,0.8802694360731067,-1,2,2,False,False,False
5723,804198,TN1c_c,TN1c_c_L,,,,vnc_intrinsic,,L,,coexpress_high,acetylcholine,acetylcholine,0.9747326673375373,1,2,2,False,False,False
5724,804231,TN1a_a,TN1a_a_L,,,,vnc_intrinsic,,L,,coexpress_high,acetylcholine,acetylcholine,0.9698550595530699,1,2,2,False,False,False
5725,804246,IN01B007,IN01B007_R,,,,vnc_intrinsic,,R,,,gaba,gaba,0.8900234044460672,-1,2,2,False,False,False
5726,804251,IN12A036,IN12A036_L,,,,vnc_intrinsic,,L,,,acetylcholine,acetylcholine,0.9731429533838143,1,2,2,False,False,False
5727,804266,IN11A006,IN11A006_R,,,,vnc_intrinsic,,R,,,acetylcholine,acetylcholine,0.9658181855701489,1,2,2,False,False,False
5728,804268,IN00A053,IN00A053_M,,,,vnc_intrinsic,,M,,,gaba,gaba,0.8943992935479952,-1,2,2,False,False,False
5729,804274,IN02A024,IN02A024_L,,,,vnc_intrinsic,,L,,,glutamate,glutamate,0.7539509208456185,-1,2,2,False,False,False
5730,804323,IN08B051_b,IN08B051_b_R,,,,vnc_intrinsic,,R,,,acetylcholine,acetylcholine,0.9669443275276235,1,2,2,False,False,False
5731,804325,IN06B047,IN06B047_R,,,,vnc_intrinsic,,R,,,gaba,gaba,0.9094627041347001,-1,2,2,False,False,False
5732,804327,vPR9_a,vPR9_a_M,,,,vnc_intrinsic,,M,,fru_high,gaba,gaba,0.8705516189582715,-1,2,1,False,False,False
5733,804336,IN05B075,IN05B075_L,,,,vnc_intrinsic,,L,,,gaba,gaba,0.888905083311339,-1,2,2,False,False,False
5734,804348,IN08B068,IN08B068_R,,,,vnc_intrinsic,,R,,,acetylcholine,acetylcholine,0.9732360849368128,1,2,2,False,False,False
5735,804362,,,,,,vnc_intrinsic,,M,,,gaba,gaba,0.9004537671500299,-1,2,2,False,False,False
5736,804394,IN11A006,IN11A006_L,,,,vnc_intrinsic,,L,,,acetylcholine,acetylcholine,0.9702539939486009,1,2,2,False,False,False
5737,804399,AN12A017,AN12A017_L,,,,ascending_neuron,,L,,,acetylcholine,acetylcholine,0.970621872260656,1,2,2,False,False,False
5738,804403,INXXX290,INXXX290_L,,,,vnc_intrinsic,,L,,,unclear,unclear,0.2139090801806999,0,2,2,False,False,False
5739,804443,IN06B017,IN06B017_R,,,,vnc_intrinsic,,R,,,gaba,gaba,0.9026152579185375,-1,2,2,False,False,False
5740,804446,IN05B057,IN05B057_L,,,,vnc_intrinsic,,L,,,gaba,gaba,0.9051092134138675,-1,2,2,False,False,False
5741,804482,IN19B094,IN19B094_R,,,,vnc_intrinsic,,R,,,acetylcholine,acetylcholine,0.9747326673375373,1,2,2,False,False,False
5742,804499,INXXX369,INXXX369_L,,,,vnc_intrinsic,,L,,,gaba,gaba,0.8703898841879939,-1,2,2,False,False,False
5743,804524,vMS12_b,vMS12_b_R,Cachero 2010: vMs-m,,,vnc_intrinsic,,R,,fru_high,acetylcholine,acetylcholine,0.9711419812194911,1,2,2,False,False,False
5744,804532,IN06B047,IN06B047_R,,,,vnc_intrinsic,,R,,,gaba,gaba,0.8957884060144765,-1,2,1,False,False,False
5745,804588,vMS12_a,vMS12_a_R,Cachero 2010: vMs-m,,,vnc_intrinsic,,R,,fru_high,acetylcholine,acetylcholine,0.9728009035439127,1,2,2,False,False,False
5746,804619,IN06B056,IN06B056_R,,,,vnc_intrinsic,,R,,,gaba,gaba,0.8850820108914915,-1,2,2,False,False,False
5747,804628,IN18B038,IN18B038_R,,,,vnc_intrinsic,,R,,,acetylcholine,acetylcholine,0.970751193636178,1,2,2,False,False,False
5748,804630,IN03A050,IN03A050_L,,,,vnc_intrinsic,,L,,,acetylcholine,acetylcholine,0.9712827973707824,1,2,2,False,False,False
5749,804631,IN08B051_d,IN08B051_d_L,,,,vnc_intrinsic,,L,,,acetylcholine,acetylcholine,0.96057500397828,1,2,2,False,False,False
5750,804644,vPR9_a,vPR9_a_M,,,,vnc_intrinsic,,M,,fru_high,gaba,gaba,0.8668388885880686,-1,3,1,False,False,False
5751,804653,IN06B047,IN06B047_R,,,,vnc_intrinsic,,R,,,gaba,gaba,0.8996691938410211,-1,2,2,False,False,False
5752,804655,IN08B068,IN08B068_L,,,,vnc_intrinsic,,L,,,acetylcholine,acetylcholine,0.9747326673375373,1,2,2,False,False,False
5753,804671,INXXX394,INXXX394_L,,,,vnc_intrinsic,,L,,,gaba,gaba,0.8335611752324033,-1,2,2,False,False,False
5754,804700,IN05B057,IN05B057_L,,,,vnc_intrinsic,,L,,,gaba,gaba,0.8886536569385438,-1,2,2,False,False,False
5755,804706,IN12A036,IN12A036_L,,,,vnc_intrinsic,,L,,,acetylcholine,acetylcholine,0.9730522486903571,1,2,2,False,False,False
5756,804719,IN04B089,IN04B089_R,,,,vnc_intrinsic,,R,,,acetylcholine,acetylcholine,0.9747326673375373,1,2,2,False,False,False
5757,804743,IN18B034,IN18B034_L,,,,vnc_intrinsic,,L,,,acetylcholine,acetylcholine,0.9673407275016668,1,2,2,False,False,False
5758,804748,IN11A022,IN11A022_R,,,,vnc_intrinsic,,R,,,acetylcholine,acetylcholine,0.9636032049475713,1,2,2,False,False,False
5759,804770,vMS12_a,vMS12_a_L,Cachero 2010: vMs-m,,,vnc_intrinsic,,L,,fru_high,acetylcholine,acetylcholine,0.9747326673375373,1,2,2,False,False,False
5760,804783,IN18B042,IN18B042_L,,,,vnc_intrinsic,,L,,,acetylcholine,acetylcholine,0.9685908014535617,1,2,2,False,False,False
5761,804805,IN03A050,IN03A050_R,,,,vnc_intrinsic,,R,,,acetylcholine,acetylcholine,0.9675513053659252,1,2,2,False,False,False
5762,804840,vMS12_c,vMS12_c_L,Cachero 2010: vMs-m,,,vnc_intrinsic,,L,,fru_high,acetylcholine,acetylcholine,0.9691398728380928,1,2,2,False,False,False
5763,804842,IN18B035,IN18B035_L,,,,vnc_intrinsic,,L,,,acetylcholine,acetylcholine,0.9747326673375373,1,2,2,False,False,False
5764,804881,IN02A020,IN02A020_R,,,,vnc_intrinsic,,R,,,glutamate,glutamate,0.8668457681741043,-1,2,2,False,False,False
5765,804886,IN00A013,IN00A013_M,,,,vnc_intrinsic,,M,,,gaba,gaba,0.8870639394121722,-1,3,1,False,False,False
5766,804889,IN00A022,IN00A022_M,,,,vnc_intrinsic,,M,,,gaba,gaba,0.872333577520095,-1,2,2,False,False,False
5767,804901,IN06B047,IN06B047_R,,,,vnc_intrinsic,,R,,,gaba,gaba,0.8725014450784483,-1,2,1,False,False,False
5768,804949,TN1a_g,TN1a_g_R,,,,vnc_intrinsic,,R,,coexpress_high,acetylcholine,acetylcholine,0.9747326673375373,1,2,2,False,False,False
5769,804984,INXXX382_b,INXXX382_b_L,,,,vnc_intrinsic,,L,,,gaba,gaba,0.8219178096732639,-1,2,2,False,False,False
5770,805042,IN00A034,IN00A034_M,,,,vnc_intrinsic,,M,,,gaba,gaba,0.8716661522230683,-1,2,2,False,False,False
5771,805057,IN06B063,IN06B063_R,,,,vnc_intrinsic,,R,,,gaba,gaba,0.8635467117974261,-1,2,1,False,False,False
5772,805072,IN02A023,IN02A023_L,,,,vnc_intrinsic,,L,,,glutamate,glutamate,0.861759547679555,-1,2,2,False,False,False
5773,805083,IN06B063,IN06B063_L,,,,vnc_intrinsic,,L,,,gaba,gaba,0.8768218344547165,-1,2,2,False,False,False
5774,805097,IN09B038,IN09B038_L,,,,vnc_intrinsic,,L,,,acetylcholine,acetylcholine,0.9707421991904249,1,2,2,False,False,False
5775,805098,IN00A034,IN00A034_M,,,,vnc_intrinsic,,M,,,gaba,gaba,0.8752919303560711,-1,2,2,False,False,False
5776,805102,IN12B068_a,IN12B068_a_L,,,,vnc_intrinsic,,L,,,gaba,gaba,0.8977621948947934,-1,2,2,False,False,False
5777,805105,IN06B063,IN06B063_L,,,,vnc_intrinsic,,L,,,gaba,gaba,0.8943793243559126,-1,2,2,False,False,False
5778,805112,IN18B040,IN18B040_L,,,,vnc_intrinsic,,L,,,acetylcholine,acetylcholine,0.9615858068347666,1,2,2,False,False,False
5779,805123,IN08B073,IN08B073_R,,,,vnc_intrinsic,,R,,,acetylcholine,acetylcholine,0.9665756923580117,1,2,2,False,False,False
5780,805126,IN12B068_a,IN12B068_a_R,,,,vnc_intrinsic,,R,,,gaba,gaba,0.8959897813226912,-1,2,2,False,False,False
5781,805132,IN02A023,IN02A023_R,,,,vnc_intrinsic,,R,,,glutamate,glutamate,0.7855836422160598,-1,2,2,False,False,False
5782,805138,IN11A014,IN11A014_L,,,,vnc_intrinsic,,L,,,acetylcholine,acetylcholine,0.9747326673375372,1,2,2,False,False,False
5783,805152,vMS12_d,vMS12_d_L,Cachero 2010: vMs-m,,,vnc_intrinsic,,L,,fru_high,acetylcholine,acetylcholine,0.9727333108795316,1,2,2,False,False,False
5784,805157,IN08B068,IN08B068_R,,,,vnc_intrinsic,,R,,,acetylcholine,acetylcholine,0.9747326673375372,1,2,2,False,False,False
5785,805182,IN06B063,IN06B063_R,,,,vnc_intrinsic,,R,,,gaba,gaba,0.9008936755293596,-1,2,2,False,False,False
5786,805206,IN05B061,IN05B061_R,,,,vnc_intrinsic,,R,,,gaba,gaba,0.8775045244449731,-1,2,2,False,False,False
5787,805207,vMS12_d,vMS12_d_R,Cachero 2010: vMs-m,,,vnc_intrinsic,,R,,fru_high,acetylcholine,acetylcholine,0.9747326673375373,1,2,2,False,False,False
5788,805209,IN06B059,IN06B059_L,,,,vnc_intrinsic,,L,,,gaba,gaba,0.8929681123512412,-1,2,2,False,False,False
5789,805215,IN07B073_a,IN07B073_a_R,,,,vnc_intrinsic,,R,,,acetylcholine,acetylcholine,0.9637494540737059,1,2,2,False,False,False
5790,805221,IN10B032,IN10B032_R,,,,vnc_intrinsic,,R,,,acetylcholine,acetylcholine,0.9747326673375373,1,2,2,False,False,False
5791,805229,IN27X003,IN27X003_L,,,,vnc_intrinsic,,L,,,unclear,unclear,0.26084401948219677,0,2,2,False,False,False
5792,805239,IN18B035,IN18B035_R,,,,vnc_intrinsic,,R,,,acetylcholine,acetylcholine,0.9711345862357416,1,2,2,False,False,False
5793,805264,IN17A034,IN17A034_R,,,,vnc_intrinsic,,R,,,acetylcholine,acetylcholine,0.9303582257891184,1,2,2,False,False,False
5794,805275,IN11A022,IN11A022_R,,,,vnc_intrinsic,,R,,,acetylcholine,acetylcholine,0.9747326673375372,1,2,2,False,False,False
5795,805278,IN05B061,IN05B061_L,,,,vnc_intrinsic,,L,,,gaba,gaba,0.8754088197281633,-1,2,2,False,False,False
5796,805293,IN12A053_c,IN12A053_c_L,,,,vnc_intrinsic,,L,,,acetylcholine,acetylcholine,0.972920096287498,1,2,2,False,False,False
5797,805298,IN06B059,IN06B059_L,,,,vnc_intrinsic,,L,,,gaba,gaba,0.8380367059283209,-1,2,2,False,False,False
5798,805303,IN08B051_d,IN08B051_d_R,,,,vnc_intrinsic,,R,,,acetylcholine,acetylcholine,0.9613278229114705,1,2,2,False,False,False
5799,805307,IN07B073_c,IN07B073_c_R,,,,vnc_intrinsic,,R,,,acetylcholine,acetylcholine,0.9747326673375373,1,2,2,False,False,False
5800,805311,IN11A022,IN11A022_L,,,,vnc_intrinsic,,L,,,acetylcholine,acetylcholine,0.9747326673375373,1,2,2,False,False,False
5801,805316,IN06B047,IN06B047_L,,,,vnc_intrinsic,,L,,,gaba,gaba,0.9041508975382507,-1,2,2,False,False,False
5802,805338,IN02A023,IN02A023_L,,,,vnc_intrinsic,,L,,,glutamate,glutamate,0.8109517658962874,-1,2,2,False,False,False
5803,805359,IN08B078,IN08B078_L,,,,vnc_intrinsic,,L,,,acetylcholine,acetylcholine,0.9725040499334245,1,2,2,False,False,False
5804,805362,AN27X011,AN27X011_L,,AN_multi_4,,ascending_neuron,,L,,,acetylcholine,acetylcholine,0.9523903035690352,1,2,2,False,False,False
5805,805365,IN11A021,IN11A021_L,,,,vnc_intrinsic,,L,,,acetylcholine,acetylcholine,0.9710355102140302,1,2,2,False,False,False
5806,805372,dMS2,dMS2_L,"Yu 2010, Lillvis 2024: dMS2",,,vnc_intrinsic,,L,,fru_high,acetylcholine,acetylcholine,0.9663868659678114,1,2,2,False,False,False
5807,805388,IN08B078,IN08B078_R,,,,vnc_intrinsic,,R,,,acetylcholine,acetylcholine,0.9747326673375373,1,2,2,False,False,False
5808,805401,IN17A085,IN17A085_L,,,,vnc_intrinsic,,L,,,acetylcholine,acetylcholine,0.9269763356163191,1,2,2,False,False,False
5809,805405,IN17A033,IN17A033_L,,,,vnc_intrinsic,,L,,,acetylcholine,acetylcholine,0.9557428587778961,1,2,2,False,False,False
5810,805423,IN03B053,IN03B053_L,,,,vnc_intrinsic,,L,,,gaba,gaba,0.8945078736819216,-1,2,2,False,False,False
5811,805444,vMS12_d,vMS12_d_R,Cachero 2010: vMs-m,,,vnc_intrinsic,,R,,fru_high,acetylcholine,acetylcholine,0.9706848357411553,1,2,2,False,False,False
5812,805460,IN08B068,IN08B068_R,,,,vnc_intrinsic,,R,,,acetylcholine,acetylcholine,0.9747326673375373,1,2,2,False,False,False
5813,805466,INXXX369,INXXX369_R,,,,vnc_intrinsic,,R,,,gaba,gaba,0.8759056449348541,-1,2,2,False,False,False
5814,805485,IN05B085,IN05B085_L,,,,vnc_intrinsic,,L,,,gaba,gaba,0.8857101905015947,-1,2,2,False,False,False
5815,805491,IN02A023,IN02A023_L,,,,vnc_intrinsic,,L,,,glutamate,glutamate,0.8349080201325447,-1,2,2,False,False,False
5816,805516,IN08B075,IN08B075_L,,,,vnc_intrinsic,,L,,,acetylcholine,acetylcholine,0.9726528344080508,1,2,2,False,False,False
5817,805535,vMS11,vMS11_R,,,,vnc_intrinsic,,R,,,glutamate,glutamate,0.7967457022979465,-1,2,2,False,False,False
5818,805542,IN17A049,IN17A049_L,,,,vnc_intrinsic,,L,,,acetylcholine,acetylcholine,0.9701001912281311,1,2,2,False,False,False
5819,805548,IN06A016,IN06A016_L,,,,vnc_intrinsic,,L,,,gaba,gaba,0.8993734330798483,-1,2,2,False,False,False
5820,805604,IN11A021,IN11A021_L,,,,vnc_intrinsic,,L,,,acetylcholine,acetylcholine,0.9727333108795316,1,2,2,False,False,False
5821,805609,IN06B047,IN06B047_L,,,,vnc_intrinsic,,L,,,gaba,gaba,0.9047659704874539,-1,2,2,False,False,False
5822,805632,dMS2,dMS2_L,"Yu 2010, Lillvis 2024: dMS2",,,vnc_intrinsic,,L,,fru_high,acetylcholine,acetylcholine,0.9573237841853631,1,2,2,False,False,False
5823,805676,IN06B036,IN06B036_R,,,,vnc_intrinsic,,R,,,gaba,gaba,0.8829646616384098,-1,2,2,False,False,False
5824,805704,IN00A035,IN00A035_M,,,,vnc_intrinsic,,M,,,gaba,gaba,0.8780128226753268,-1,2,2,False,False,False
5825,805737,IN08B083_d,IN08B083_d_L,,,,vnc_intrinsic,,L,,,acetylcholine,acetylcholine,0.9724895218916477,1,2,2,False,False,False
5826,805754,IN07B065,IN07B065_R,,,,vnc_intrinsic,,R,,,acetylcholine,acetylcholine,0.9747326673375373,1,2,2,False,False,False
5827,805773,IN12B068_b,IN12B068_b_R,,,,vnc_intrinsic,,R,,,gaba,gaba,0.888379710042021,-1,2,2,False,False,False
5828,805788,IN05B066,IN05B066_L,,,,vnc_intrinsic,,L,,,gaba,gaba,0.887005701050945,-1,2,2,False,False,False
5829,805793,IN12B068_a,IN12B068_a_L,,,,vnc_intrinsic,,L,,,gaba,gaba,0.8825463456524766,-1,2,2,False,False,False
5830,805825,IN08B083_d,IN08B083_d_R,,,,vnc_intrinsic,,R,,,acetylcholine,acetylcholine,0.9724455788663793,1,2,2,False,False,False
5831,805846,IN05B080,IN05B080_L,,,,vnc_intrinsic,,L,,,gaba,gaba,0.8961498157735834,-1,2,2,False,False,False
5832,805849,IN08B085_a,IN08B085_a_L,,,,vnc_intrinsic,,L,,,acetylcholine,acetylcholine,0.9684772347955214,1,2,2,False,False,False
5833,805854,IN11A014,IN11A014_R,,,,vnc_intrinsic,,R,,,acetylcholine,acetylcholine,0.95676758162743,1,2,2,False,False,False
5834,805874,IN11A022,IN11A022_L,,,,vnc_intrinsic,,L,,,acetylcholine,acetylcholine,0.9747326673375373,1,2,2,False,False,False
5835,805962,IN06B061,IN06B061_R,,,,vnc_intrinsic,,R,,,gaba,gaba,0.8920007681342491,-1,2,2,False,False,False
5836,805963,IN08B085_a,IN08B085_a_L,,,,vnc_intrinsic,,L,,,acetylcholine,acetylcholine,0.9747326673375373,1,2,2,False,False,False
5837,805966,IN08B068,IN08B068_L,,,,vnc_intrinsic,,L,,,acetylcholine,acetylcholine,0.9747326673375373,1,2,2,False,False,False
5838,805992,AN27X011,AN27X011_R,,AN_multi_4,,ascending_neuron,,R,,,acetylcholine,acetylcholine,0.7113962407392278,1,2,2,False,False,False
5839,805998,IN06B036,IN06B036_L,,,,vnc_intrinsic,,L,,,gaba,gaba,0.8912110737207659,-1,2,2,False,False,False
5840,806001,IN23B006,IN23B006_L,,,,vnc_intrinsic,,L,,,acetylcholine,acetylcholine,0.9747326673375374,1,2,2,False,False,False
5841,806016,IN00A035,IN00A035_M,,,,vnc_intrinsic,,M,,,gaba,gaba,0.8737901564921576,-1,2,2,False,False,False
5842,806032,INXXX360,INXXX360_R,,,,vnc_intrinsic,,R,,,gaba,gaba,0.6520578439334064,-1,2,2,False,False,False
5843,806046,IN17A033,IN17A033_R,,,,vnc_intrinsic,,R,,,acetylcholine,acetylcholine,0.9670323154814204,1,2,2,False,False,False
5844,806056,IN08B085_a,IN08B085_a_R,,,,vnc_intrinsic,,R,,,acetylcholine,acetylcholine,0.9747326673375373,1,2,2,False,False,False
5845,806059,IN05B075,IN05B075_L,,,,vnc_intrinsic,,L,,,gaba,gaba,0.8758275000666743,-1,2,2,False,False,False
5846,806077,IN05B085,IN05B085_L,,,,vnc_intrinsic,,L,,,gaba,gaba,0.908711817091346,-1,2,2,False,False,False
5847,806092,IN11A016,IN11A016_L,,,,vnc_intrinsic,,L,,,acetylcholine,acetylcholine,0.9718590520178029,1,2,2,False,False,False
5848,806102,SNpp06,,,,,vnc_sensory,mechanosensory_proprioceptive,,,,acetylcholine,acetylcholine,0.9647359884466613,1,2,2,False,False,False
5849,806138,IN03B057,IN03B057_L,,,,vnc_intrinsic,,L,,,gaba,gaba,0.8653693427847631,-1,2,2,False,False,False
5850,806149,IN20A.22A053,IN20A.22A053_R,,,,vnc_intrinsic,,R,,,acetylcholine,acetylcholine,0.9699859614696542,1,2,2,False,False,False
5851,806190,IN05B066,IN05B066_L,,,,vnc_intrinsic,,L,,,gaba,gaba,0.8872980985940155,-1,2,2,False,False,False
5852,806192,IN00A041,IN00A041_M,,,,vnc_intrinsic,,M,,,gaba,gaba,0.8661085188147651,-1,2,2,False,False,False
5853,806197,IN07B073_b,IN07B073_b_L,,,,vnc_intrinsic,,L,,,acetylcholine,acetylcholine,0.9723856209892446,1,2,2,False,False,False
5854,806203,IN06B077,IN06B077_L,,,,vnc_intrinsic,,L,,,gaba,gaba,0.8995344860530355,-1,2,2,False,False,False
5855,806213,IN00A024,IN00A024_M,,,,vnc_intrinsic,,M,,,gaba,gaba,0.8812330355367048,-1,2,2,False,False,False
5856,806232,IN00A041,IN00A041_M,,,,vnc_intrinsic,,M,,,gaba,gaba,0.8454444396673707,-1,2,2,False,False,False
5857,806237,IN06B036,IN06B036_R,,,,vnc_intrinsic,,R,,,gaba,gaba,0.8953341903571709,-1,2,2,False,False,False
5858,806248,IN06B061,IN06B061_R,,,,vnc_intrinsic,,R,,,gaba,gaba,0.8791856452627447,-1,2,2,False,False,False
5859,806271,IN12B063_c,IN12B063_c_R,,,,vnc_intrinsic,,R,,,gaba,gaba,0.8977621948947934,-1,2,2,False,False,False
5860,806277,IN08B051_d,IN08B051_d_L,,,,vnc_intrinsic,,L,,,acetylcholine,acetylcholine,0.957477329747281,1,2,2,False,False,False
5861,806284,IN11A021,IN11A021_L,,,,vnc_intrinsic,,L,,,acetylcholine,acetylcholine,0.972420091199275,1,2,2,False,False,False
5862,806307,IN16B093,IN16B093_R,,,,vnc_intrinsic,,R,,,glutamate,glutamate,0.8366211026170526,-1,2,2,False,False,False
5863,806310,IN06B063,IN06B063_L,,,,vnc_intrinsic,,L,,,gaba,gaba,0.8884064555574612,-1,2,1,False,False,False
5864,806322,vMS12_e,vMS12_e_R,Cachero 2010: vMs-m,,,vnc_intrinsic,,R,,fru_high,acetylcholine,acetylcholine,0.9615460558247159,1,2,2,False,False,False
5865,806345,INXXX369,INXXX369_L,,,,vnc_intrinsic,,L,,,gaba,gaba,0.8781743997413364,-1,2,2,False,False,False
5866,806393,IN03B053,IN03B053_R,,,,vnc_intrinsic,,R,,,gaba,gaba,0.8765322157920308,-1,2,2,False,False,False
5867,806394,IN06B059,IN06B059_L,,,,vnc_intrinsic,,L,,,gaba,gaba,0.8800232615050221,-1,2,2,False,False,False
5868,806395,IN12B068_b,IN12B068_b_L,,,,vnc_intrinsic,,L,,,gaba,gaba,0.8634075302045824,-1,2,2,False,False,False
5869,806397,IN07B054,IN07B054_R,,,,vnc_intrinsic,,R,,,acetylcholine,acetylcholine,0.9681916943002066,1,2,2,False,False,False
5870,806414,IN06B080,IN06B080_L,,,,vnc_intrinsic,,L,,,gaba,gaba,0.8913253185800235,-1,2,2,False,False,False
5871,806431,IN12A044,IN12A044_L,,,,vnc_intrinsic,,L,,,acetylcholine,acetylcholine,0.9524630716769679,1,2,2,False,False,False
5872,806478,IN03B065,IN03B065_R,,,,vnc_intrinsic,,R,,,gaba,gaba,0.8949456585523481,-1,2,2,False,False,False
5873,806487,IN12A053_c,IN12A053_c_R,,,,vnc_intrinsic,,R,,,acetylcholine,acetylcholine,0.9747326673375374,1,2,2,False,False,False
5874,806493,IN06B053,IN06B053_R,,,,vnc_intrinsic,,R,,,gaba,gaba,0.8992776475223102,-1,2,2,False,False,False
5875,806500,dMS2,dMS2_R,"Yu 2010, Lillvis 2024: dMS2",,,vnc_intrinsic,,R,,fru_high,acetylcholine,acetylcholine,0.9573495856361272,1,2,2,False,False,False
5876,806509,IN00A054,IN00A054_M,,,,vnc_intrinsic,,M,,,gaba,gaba,0.8709740961879572,-1,2,2,False,False,False
5877,806522,IN07B073_c,IN07B073_c_R,,,,vnc_intrinsic,,R,,,acetylcholine,acetylcholine,0.9747326673375372,1,2,2,False,False,False
5878,806544,IN11A016,IN11A016_R,,,,vnc_intrinsic,,R,,,acetylcholine,acetylcholine,0.9662644118487079,1,2,2,False,False,False
5879,806554,IN08B078,IN08B078_R,,,,vnc_intrinsic,,R,,,acetylcholine,acetylcholine,0.9747326673375373,1,2,2,False,False,False
5880,806568,IN12B068_a,IN12B068_a_R,,,,vnc_intrinsic,,R,,,gaba,gaba,0.8978088846695885,-1,2,2,False,False,False
5881,806636,IN02A023,IN02A023_L,,,,vnc_intrinsic,,L,,,glutamate,glutamate,0.8239408340395972,-1,2,2,False,False,False
5882,806662,IN07B054,IN07B054_L,,,,vnc_intrinsic,,L,,,acetylcholine,acetylcholine,0.9591102531326811,1,2,2,False,False,False
5883,806691,IN08B083_a,IN08B083_a_L,,,,vnc_intrinsic,,L,,,acetylcholine,acetylcholine,0.9747326673375373,1,2,2,False,False,False
5884,806702,IN12A053_a,IN12A053_a_L,,,,vnc_intrinsic,,L,,,acetylcholine,acetylcholine,0.9726381034291504,1,2,2,False,False,False
5885,806704,IN06B056,IN06B056_L,,,,vnc_intrinsic,,L,,,gaba,gaba,0.8850061956629687,-1,2,2,False,False,False
5886,806708,IN11A021,IN11A021_L,,,,vnc_intrinsic,,L,,,acetylcholine,acetylcholine,0.9666161048467,1,2,2,False,False,False
5887,806718,IN06B036,IN06B036_L,,,,vnc_intrinsic,,L,,,gaba,gaba,0.8770487674082655,-1,2,2,False,False,False
5888,806719,IN00A050,IN00A050_M,,,,vnc_intrinsic,,M,,,gaba,gaba,0.8579277012751104,-1,2,2,False,False,False
5889,806736,IN00A041,IN00A041_M,,,,vnc_intrinsic,,M,,,gaba,gaba,0.8479875892526898,-1,2,2,False,False,False
5890,806753,IN06B059,IN06B059_L,,,,vnc_intrinsic,,L,,,gaba,gaba,0.8910967289803178,-1,2,2,False,False,False
5891,806787,IN08B051_c,IN08B051_c_L,,,,vnc_intrinsic,,L,,,acetylcholine,acetylcholine,0.9718696835337659,1,2,2,False,False,False
5892,806813,IN06B056,IN06B056_L,,,,vnc_intrinsic,,L,,,gaba,gaba,0.8929499760807103,-1,2,2,False,False,False
5893,806820,IN21A049,IN21A049_L,,,,vnc_intrinsic,,L,,,glutamate,glutamate,0.6728803022980999,-1,2,2,False,False,False
5894,806829,INXXX129,INXXX129_L,,,,vnc_intrinsic,,L,,,acetylcholine,acetylcholine,0.9256862438723273,1,2,2,False,False,False
5895,806858,IN12B063_a,IN12B063_a_R,,,,vnc_intrinsic,,R,,,gaba,gaba,0.8975698920270293,-1,2,2,False,False,False
5896,806864,IN17A056,IN17A056_R,,,,vnc_intrinsic,,R,,,acetylcholine,acetylcholine,0.94349788257734,1,2,2,False,False,False
5897,806870,IN06B061,IN06B061_R,,,,vnc_intrinsic,,R,,,gaba,gaba,0.8873666981764807,-1,2,2,False,False,False
5898,806903,IN07B054,IN07B054_R,,,,vnc_intrinsic,,R,,,acetylcholine,acetylcholine,0.9722776660419146,1,2,2,False,False,False
5899,806954,IN06B080,IN06B080_R,,,,vnc_intrinsic,,R,,,gaba,gaba,0.884011463955944,-1,2,2,False,False,False
5900,806969,IN07B058,IN07B058_R,,,,vnc_intrinsic,,R,,,acetylcholine,acetylcholine,0.9660804662982019,1,2,2,False,False,False
5901,806976,IN00A044,IN00A044_M,,,,vnc_intrinsic,,M,,,gaba,gaba,0.8692841699134356,-1,2,2,False,False,False
5902,807039,IN00A053,IN00A053_M,,,,vnc_intrinsic,,M,,,gaba,gaba,0.8963597352186922,-1,2,2,False,False,False
5903,807115,IN06B061,IN06B061_L,,,,vnc_intrinsic,,L,,,gaba,gaba,0.8916054937362811,-1,2,2,False,False,False
5904,807118,IN11A032_c,IN11A032_c_R,,,,vnc_intrinsic,,R,,,acetylcholine,acetylcholine,0.9546640137619333,1,2,2,False,False,False
5905,807156,IN23B071,IN23B071_L,,,,vnc_intrinsic,,L,,,acetylcholine,acetylcholine,0.9747326673375373,1,2,2,False,False,False
5906,807157,IN06B056,IN06B056_R,,,,vnc_intrinsic,,R,,,gaba,gaba,0.8827336346016665,-1,2,2,False,False,False
5907,807164,IN05B074,IN05B074_L,,,,vnc_intrinsic,,L,,,gaba,gaba,0.8956612959667649,-1,2,2,False,False,False
5908,807212,vMS12_e,vMS12_e_L,Cachero 2010: vMs-m,,,vnc_intrinsic,,L,,fru_high,acetylcholine,acetylcholine,0.9692696653266418,1,2,2,False,False,False
5909,807244,IN12B069,IN12B069_L,,,,vnc_intrinsic,,L,,,gaba,gaba,0.9002590393042473,-1,2,2,False,False,False
5910,807254,IN11A021,IN11A021_L,,,,vnc_intrinsic,,L,,,acetylcholine,acetylcholine,0.9719277730602193,1,2,2,False,False,False
5911,807263,IN07B054,IN07B054_L,,,,vnc_intrinsic,,L,,,acetylcholine,acetylcholine,0.9631098679971708,1,2,2,False,False,False
5912,807292,INXXX290,INXXX290_R,,,,vnc_intrinsic,,R,,,unclear,unclear,0.2147934750074828,0,2,2,False,False,False
5913,807325,IN17A053,IN17A053_L,,,,vnc_intrinsic,,L,,,acetylcholine,acetylcholine,0.9671276868058083,1,2,2,False,False,False
5914,807338,IN06B061,IN06B061_L,,,,vnc_intrinsic,,L,,,gaba,gaba,0.8875226415665673,-1,2,2,False,False,False
5915,807339,IN06B043,IN06B043_L,,,,vnc_intrinsic,,L,,,gaba,gaba,0.8748721318605586,-1,2,2,False,False,False
5916,807340,IN18B049,IN18B049_L,,,,vnc_intrinsic,,L,,,acetylcholine,acetylcholine,0.9596584944201807,1,2,2,False,False,False
5917,807361,IN07B066,IN07B066_R,,,,vnc_intrinsic,,R,,,acetylcholine,acetylcholine,0.971505816912055,1,2,2,False,False,False
5918,807362,IN12B063_b,IN12B063_b_R,,,,vnc_intrinsic,,R,,,gaba,gaba,0.9068398656022052,-1,2,2,False,False,False
5919,807375,IN12B063_c,IN12B063_c_R,,,,vnc_intrinsic,,R,,,gaba,gaba,0.9063633021846609,-1,2,2,False,False,False
5920,807379,INXXX341,INXXX341_L,,,,vnc_intrinsic,,L,,,gaba,gaba,0.886808193770684,-1,2,2,False,False,False
5921,807387,IN05B065,IN05B065_L,,,,vnc_intrinsic,,L,,,gaba,gaba,0.8878488749397605,-1,2,2,False,False,False
5922,807390,IN19B094,IN19B094_L,,,,vnc_intrinsic,,L,,,acetylcholine,acetylcholine,0.9747326673375373,1,2,2,False,False,False
5923,807397,IN05B072_b,IN05B072_b_R,,,,vnc_intrinsic,,R,,,gaba,gaba,0.8813893784608477,-1,2,2,False,False,False
5924,807431,IN18B051,IN18B051_R,,,,vnc_intrinsic,,R,,,acetylcholine,acetylcholine,0.9747326673375373,1,2,2,False,False,False
5925,807445,IN11A030,IN11A030_R,,,,vnc_intrinsic,,R,,,acetylcholine,acetylcholine,0.9720163493773945,1,2,2,False,False,False
5926,807512,IN07B054,IN07B054_L,,,,vnc_intrinsic,,L,,,acetylcholine,acetylcholine,0.9653786762583126,1,2,2,False,False,False
5927,807518,IN08B051_e,IN08B051_e_L,,,,vnc_intrinsic,,L,,,acetylcholine,acetylcholine,0.9573365722079219,1,2,2,False,False,False
5928,807521,IN06B063,IN06B063_R,,,,vnc_intrinsic,,R,,,gaba,gaba,0.8971238407140824,-1,2,1,False,False,False
5929,807538,IN06B071,IN06B071_L,,,,vnc_intrinsic,,L,,,gaba,gaba,0.8778791552562825,-1,2,2,False,False,False
5930,807548,IN05B077,IN05B077_L,,,,vnc_intrinsic,,L,,,gaba,gaba,0.8926739355393334,-1,2,2,False,False,False
5931,807606,IN12B068_b,IN12B068_b_R,,,,vnc_intrinsic,,R,,,gaba,gaba,0.8870066048211949,-1,2,2,False,False,False
5932,807621,INXXX341,INXXX341_R,,,,vnc_intrinsic,,R,,,gaba,gaba,0.8794367691977679,-1,2,2,False,False,False
5933,807671,IN17A107,IN17A107_L,,,,vnc_intrinsic,,L,,,acetylcholine,acetylcholine,0.9619663279486885,1,2,2,False,False,False
5934,807678,IN08B085_a,IN08B085_a_L,,,,vnc_intrinsic,,L,,,acetylcholine,acetylcholine,0.9747326673375373,1,2,2,False,False,False
5935,807778,IN23B065,IN23B065_L,,,,vnc_intrinsic,,L,,,acetylcholine,acetylcholine,0.9708773345659248,1,2,2,False,False,False
5936,807804,IN11A030,IN11A030_L,,,,vnc_intrinsic,,L,,,acetylcholine,acetylcholine,0.9608572105079631,1,2,2,False,False,False
5937,807820,IN00A048,IN00A048_M,,,,vnc_intrinsic,,M,,,gaba,gaba,0.8798644510032271,-1,2,2,False,False,False
5938,807878,IN06B063,IN06B063_L,,,,vnc_intrinsic,,L,,,gaba,gaba,0.8883563666346899,-1,2,2,False,False,False
5939,807886,IN18B051,IN18B051_L,,,,vnc_intrinsic,,L,,,acetylcholine,acetylcholine,0.9747326673375372,1,2,2,False,False,False
5940,807926,IN11A011,IN11A011_L,,,,vnc_intrinsic,,L,,,acetylcholine,acetylcholine,0.9747326673375373,1,2,2,False,False,False
5941,807941,IN18B052,IN18B052_L,,,,vnc_intrinsic,,L,,,acetylcholine,acetylcholine,0.9684373085591447,1,2,2,False,False,False
5942,807949,IN06B059,IN06B059_L,,,,vnc_intrinsic,,L,,,gaba,gaba,0.8674256613465822,-1,2,2,False,False,False
5943,808057,IN08B051_e,IN08B051_e_R,,,,vnc_intrinsic,,R,,,acetylcholine,acetylcholine,0.9716443695293493,1,2,2,False,False,False
5944,808085,IN08B085_a,IN08B085_a_R,,,,vnc_intrinsic,,R,,,acetylcholine,acetylcholine,0.9747326673375373,1,2,2,False,False,False
5945,808087,IN12A044,IN12A044_L,,,,vnc_intrinsic,,L,,,acetylcholine,acetylcholine,0.9573519450995477,1,2,2,False,False,False
5946,808091,IN12A044,IN12A044_L,,,,vnc_intrinsic,,L,,,acetylcholine,acetylcholine,0.9374028786954596,1,2,2,False,False,False
5947,808110,IN06B072,IN06B072_L,,,,vnc_intrinsic,,L,,,gaba,gaba,0.8970373810942361,-1,2,2,False,False,False
5948,808120,IN19B084,IN19B084_R,,,,vnc_intrinsic,,R,,,acetylcholine,acetylcholine,0.9701275621802238,1,2,2,False,False,False
5949,808137,IN07B054,IN07B054_R,,,,vnc_intrinsic,,R,,,acetylcholine,acetylcholine,0.9722088304850875,1,2,2,False,False,False
5950,808139,"SNpp29,SNpp63",,,,,vnc_sensory,mechanosensory_proprioceptive,,,,acetylcholine,acetylcholine,0.9692945645365172,1,2,2,False,False,False
5951,808177,IN06B072,IN06B072_L,,,,vnc_intrinsic,,L,,,gaba,gaba,0.8964949666713568,-1,2,2,False,False,False
5952,808194,IN19B090,IN19B090_R,,,,vnc_intrinsic,,R,,,acetylcholine,acetylcholine,0.9413640974866845,1,2,2,False,False,False
5953,808229,IN12A059_b,IN12A059_b_L,,,,vnc_intrinsic,,L,,,acetylcholine,acetylcholine,0.9662266773644326,1,2,2,False,False,False
5954,808245,IN05B085,IN05B085_L,,,,vnc_intrinsic,,L,,,gaba,gaba,0.9011493942568004,-1,2,2,False,False,False
5955,808289,IN01A023,IN01A023_L,,,,vnc_intrinsic,,L,,,acetylcholine,acetylcholine,0.9616015317821515,1,2,2,False,False,False
5956,808323,IN09A050,IN09A050_R,,,,vnc_intrinsic,,R,,,gaba,gaba,0.9109141500795648,-1,2,2,False,False,False
5957,808334,IN06B064,IN06B064_R,,,,vnc_intrinsic,,R,,,gaba,gaba,0.9048954978421668,-1,2,2,False,False,False
5958,808384,IN00A064,IN00A064_M,,,,vnc_intrinsic,,M,,,gaba,gaba,0.8407829954104362,-1,2,2,False,False,False
5959,808427,IN05B090,IN05B090_R,,,,vnc_intrinsic,,R,,,gaba,gaba,0.8555047062748304,-1,2,2,False,False,False
5960,808531,IN19B084,IN19B084_L,,,,vnc_intrinsic,,L,,,acetylcholine,acetylcholine,0.9542975825016022,1,2,2,False,False,False
5961,808596,IN07B073_c,IN07B073_c_L,,,,vnc_intrinsic,,L,,,acetylcholine,acetylcholine,0.9722961710768061,1,2,2,False,False,False
5962,808601,IN12B069,IN12B069_R,,,,vnc_intrinsic,,R,,,gaba,gaba,0.8965545680447712,-1,2,2,False,False,False
5963,808644,IN12A044,IN12A044_R,,,,vnc_intrinsic,,R,,,acetylcholine,acetylcholine,0.9609597359329114,1,2,2,False,False,False
5964,808703,IN11A032_d,IN11A032_d_L,,,,vnc_intrinsic,,L,,,acetylcholine,acetylcholine,0.9622869858507365,1,2,2,False,False,False
5965,808747,IN06B080,IN06B080_L,,,,vnc_intrinsic,,L,,,gaba,gaba,0.900920566030089,-1,2,2,False,False,False
5966,808756,IN08B051_d,IN08B051_d_R,,,,vnc_intrinsic,,R,,,acetylcholine,acetylcholine,0.965450385953918,1,2,2,False,False,False
5967,808762,IN12A044,IN12A044_L,,,,vnc_intrinsic,,L,,,acetylcholine,acetylcholine,0.93876913186047,1,2,2,False,False,False
5968,808777,IN01B052,IN01B052_R,,,,vnc_intrinsic,,R,,,gaba,gaba,0.8710060275284021,-1,2,2,False,False,False
5969,808786,IN11A032_d,IN11A032_d_R,,,,vnc_intrinsic,,R,,,acetylcholine,acetylcholine,0.966330037511385,1,2,2,False,False,False
5970,808797,IN05B091,IN05B091_L,,,,vnc_intrinsic,,L,,,gaba,gaba,0.862426959813769,-1,2,2,False,False,False
5971,808803,IN12A042,IN12A042_R,Cachero 2010: vPr-k,,,vnc_intrinsic,,R,,fru_high,acetylcholine,acetylcholine,0.959518570291291,1,2,2,False,False,False
5972,808830,IN05B072_a,IN05B072_a_R,,,,vnc_intrinsic,,R,,,gaba,gaba,0.8843723102198608,-1,2,2,False,False,False
5973,808831,IN17A106_a,IN17A106_a_L,,,,vnc_intrinsic,,L,,,acetylcholine,acetylcholine,0.9713011477429461,1,2,2,False,False,False
5974,808844,IN01A073,IN01A073_R,,,,vnc_intrinsic,,R,,,acetylcholine,acetylcholine,0.9603905686188194,1,2,2,False,False,False
5975,808894,IN02A041,IN02A041_R,,,,vnc_intrinsic,,R,,,glutamate,glutamate,0.8715875443011866,-1,2,2,False,False,False
5976,809000,IN06B080,IN06B080_R,,,,vnc_intrinsic,,R,,,gaba,gaba,0.901941131215403,-1,2,2,False,False,False
5977,809090,IN06B080,IN06B080_L,,,,vnc_intrinsic,,L,,,gaba,gaba,0.9081124479869573,-1,2,2,False,False,False
5978,809094,IN17A090,IN17A090_L,,,,vnc_intrinsic,,L,,,acetylcholine,acetylcholine,0.9386248865287787,1,2,2,False,False,False
5979,809119,IN17A112,IN17A112_L,,,,vnc_intrinsic,,L,,,acetylcholine,acetylcholine,0.9363385594883735,1,2,2,False,False,False
5980,809161,IN01A076,IN01A076_R,,,,vnc_intrinsic,,R,,,acetylcholine,acetylcholine,0.9638222557714051,1,2,2,False,False,False
5981,809180,IN06B059,IN06B059_R,,,,vnc_intrinsic,,R,,,gaba,gaba,0.8574931621728141,-1,2,2,False,False,False
5982,809189,IN11A032_e,IN11A032_e_R,,,,vnc_intrinsic,,R,,,acetylcholine,acetylcholine,0.9648719365957079,1,2,2,False,False,False
5983,809221,IN12A058,IN12A058_R,,,,vnc_intrinsic,,R,,,acetylcholine,acetylcholine,0.9747326673375372,1,2,2,False,False,False
5984,809244,IN07B066,IN07B066_R,,,,vnc_intrinsic,,R,,,acetylcholine,acetylcholine,0.9747326673375374,1,2,2,False,False,False
5985,809282,IN05B091,IN05B091_L,,,,vnc_intrinsic,,L,,,gaba,gaba,0.8373942989731352,-1,2,2,False,False,False
5986,809287,IN12A044,IN12A044_R,,,,vnc_intrinsic,,R,,,acetylcholine,acetylcholine,0.942059573274014,1,2,2,False,False,False
5987,809289,IN12A042,IN12A042_R,Cachero 2010: vPr-k,,,vnc_intrinsic,,R,,fru_high,acetylcholine,acetylcholine,0.9662160454719398,1,2,2,False,False,False
5988,809328,IN11A021,IN11A021_R,,,,vnc_intrinsic,,R,,,acetylcholine,acetylcholine,0.9663924581638634,1,2,2,False,False,False
5989,809350,IN05B074,IN05B074_R,,,,vnc_intrinsic,,R,,,gaba,gaba,0.8761563430081404,-1,3,1,False,False,False
5990,809360,IN19B094,IN19B094_L,,,,vnc_intrinsic,,L,,,acetylcholine,acetylcholine,0.9694045051849494,1,2,2,False,False,False
5991,809456,,,,,,vnc_intrinsic,,R,,,acetylcholine,acetylcholine,0.9721172929438218,1,2,2,False,False,False
5992,809513,IN00A054,IN00A054_M,,,,vnc_intrinsic,,M,,,gaba,gaba,0.8879609462690174,-1,2,2,False,False,False
5993,809542,IN09A043,IN09A043_L,,,,vnc_intrinsic,,L,,,gaba,gaba,0.87915226344284,-1,2,2,False,False,False
5994,809546,IN08B085_a,IN08B085_a_R,,,,vnc_intrinsic,,R,,,acetylcholine,acetylcholine,0.9710107883926344,1,2,2,False,False,False
5995,809594,IN19B091,IN19B091_R,,,,vnc_intrinsic,,R,,,acetylcholine,acetylcholine,0.9747326673375372,1,2,2,False,False,False
5996,809607,SNpp21,,,,,vnc_sensory,mechanosensory_proprioceptive,,,,acetylcholine,acetylcholine,0.9690833813596702,1,2,2,False,False,False
5997,809662,IN00A054,IN00A054_M,,,,vnc_intrinsic,,M,,,gaba,gaba,0.8732745551372241,-1,2,2,False,False,False
5998,809709,IN17A085,IN17A085_L,,,,vnc_intrinsic,,L,,,acetylcholine,acetylcholine,0.9346498959414087,1,2,2,False,False,False
5999,809743,IN19B084,IN19B084_L,,,,vnc_intrinsic,,L,,,acetylcholine,acetylcholine,0.9285087935288674,1,2,2,False,False,False
6000,809754,IN17A106_b,IN17A106_b_L,,,,vnc_intrinsic,,L,,,acetylcholine,acetylcholine,0.9460708732796723,1,2,2,False,False,False
6001,809789,IN08B085_a,IN08B085_a_L,,,,vnc_intrinsic,,L,,,acetylcholine,acetylcholine,0.9708926335054947,1,2,2,False,False,False
6002,809816,IN12A062,IN12A062_L,,,,vnc_intrinsic,,L,,,acetylcholine,acetylcholine,0.9747326673375374,1,2,2,False,False,False
6003,809827,IN07B066,IN07B066_R,,,,vnc_intrinsic,,R,,,acetylcholine,acetylcholine,0.9747326673375374,1,2,2,False,False,False
6004,809849,IN12B070,IN12B070_R,,,,vnc_intrinsic,,R,,,gaba,gaba,0.8950717356526374,-1,2,2,False,False,False
6005,809865,IN12A044,IN12A044_R,,,,vnc_intrinsic,,R,,,acetylcholine,acetylcholine,0.9677700725126615,1,2,2,False,False,False
6006,809868,IN07B066,IN07B066_R,,,,vnc_intrinsic,,R,,,acetylcholine,acetylcholine,0.9682699314156646,1,2,2,False,False,False
6007,809876,IN19B095,IN19B095_L,,,,vnc_intrinsic,,L,,,acetylcholine,acetylcholine,0.9747326673375373,1,2,2,False,False,False
6008,809933,IN12A044,IN12A044_L,,,,vnc_intrinsic,,L,,,acetylcholine,acetylcholine,0.8855671091470562,1,2,2,False,False,False
6009,809956,IN09A060,IN09A060_R,Cachero 2010: dMs-b,,,vnc_intrinsic,,R,,fru_high,gaba,gaba,0.9030093477468508,-1,2,2,False,False,False
6010,810070,IN17A094,IN17A094_R,,,,vnc_intrinsic,,R,,,acetylcholine,acetylcholine,0.9520390154654251,1,2,2,False,False,False
6011,810119,IN06B080,IN06B080_L,,,,vnc_intrinsic,,L,,,gaba,gaba,0.8845595720946144,-1,2,2,False,False,False
6012,810128,IN07B073_a,IN07B073_a_R,,,,vnc_intrinsic,,R,,,acetylcholine,acetylcholine,0.9723969048659191,1,2,2,False,False,False
6013,810151,IN06B080,IN06B080_R,,,,vnc_intrinsic,,R,,,gaba,gaba,0.8546729919042746,-1,2,2,False,False,False
6014,810170,IN08B085_a,IN08B085_a_R,,,,vnc_intrinsic,,R,,,acetylcholine,acetylcholine,0.967113072647185,1,2,2,False,False,False
6015,810201,IN12B074,IN12B074_L,,,,vnc_intrinsic,,L,,,gaba,gaba,0.9016918806913985,-1,2,2,False,False,False
6016,810271,IN00A054,IN00A054_M,,,,vnc_intrinsic,,M,,,gaba,gaba,0.8973457537383546,-1,2,2,False,False,False
6017,810289,IN03B057,IN03B057_R,,,,vnc_intrinsic,,R,,,gaba,gaba,0.8900274853016832,-1,2,2,False,False,False
6018,810560,IN19B091,IN19B091_R,,,,vnc_intrinsic,,R,,,acetylcholine,acetylcholine,0.9648699304529519,1,2,2,False,False,False
6019,810644,IN09A060,IN09A060_R,Cachero 2010: dMs-b,,,vnc_intrinsic,,R,,fru_high,gaba,gaba,0.9109141500795648,-1,2,2,False,False,False
6020,810686,IN11B025,IN11B025_L,,,,vnc_intrinsic,,L,,,gaba,gaba,0.8765287480839057,-1,2,2,False,False,False
6021,810821,"SNpp29,SNpp63",,,,,vnc_sensory,mechanosensory_proprioceptive,,,,acetylcholine,acetylcholine,0.9468822006753361,1,2,2,False,False,False
6022,810896,IN06B059,IN06B059_L,,,,vnc_intrinsic,,L,,,gaba,gaba,0.8798430724644422,-1,2,2,False,False,False
6023,810928,IN06B080,IN06B080_R,,,,vnc_intrinsic,,R,,,gaba,gaba,0.8509704040745798,-1,2,2,False,False,False
6024,810955,IN19B094,IN19B094_L,,,,vnc_intrinsic,,L,,,acetylcholine,acetylcholine,0.9561102150098421,1,2,2,False,False,False
6025,811029,IN03B065,IN03B065_L,,,,vnc_intrinsic,,L,,,gaba,gaba,0.8648249161665579,-1,2,2,False,False,False
6026,811045,IN08B104,IN08B104_L,,,,vnc_intrinsic,,L,,,acetylcholine,acetylcholine,0.9695107212188804,1,2,2,False,False,False
6027,811088,IN06B028,IN06B028_L,,,,vnc_intrinsic,,L,,,gaba,gaba,0.8506254372177071,-1,2,2,False,False,False
6028,811109,IN17A094,IN17A094_L,,,,vnc_intrinsic,,L,,,acetylcholine,acetylcholine,0.9360114245322767,1,2,2,False,False,False
6029,811111,IN00A047,IN00A047_M,,,,vnc_intrinsic,,M,,,gaba,gaba,0.8285027572534819,-1,2,2,False,False,False
6030,811236,IN08B104,IN08B104_R,,,,vnc_intrinsic,,R,,,acetylcholine,acetylcholine,0.9747326673375373,1,2,2,False,False,False
6031,811248,"INXXX447,INXXX449","INXXX447,INXXX449_L",,,,vnc_intrinsic,,L,,,gaba,gaba,0.8415912810491217,-1,2,2,False,False,False
6032,811257,IN12B078,IN12B078_L,,,,vnc_intrinsic,,L,,,gaba,gaba,0.9058393756269956,-1,2,2,False,False,False
6033,811420,INXXX448,INXXX448_L,,,,vnc_intrinsic,,L,,,gaba,gaba,0.8623466859874178,-1,2,2,False,False,False
6034,811523,"INXXX447,INXXX449","INXXX447,INXXX449_L",,,,vnc_intrinsic,,L,,,gaba,gaba,0.8375801203694649,-1,2,2,False,False,False
6035,811552,IN03B065,IN03B065_R,,,,vnc_intrinsic,,R,,,gaba,gaba,0.8994162557774352,-1,2,2,False,False,False
6036,811712,"INXXX447,INXXX449","INXXX447,INXXX449_R",,,,vnc_intrinsic,,R,,,gaba,gaba,0.8284761554428272,-1,2,2,False,False,False
6037,811805,IN03B065,IN03B065_L,,,,vnc_intrinsic,,L,,,gaba,gaba,0.8922361361288481,-1,2,2,False,False,False
6038,811842,INXXX448,INXXX448_R,,,,vnc_intrinsic,,R,,,gaba,gaba,0.8979219298020843,-1,2,2,False,False,False
6039,811947,IN03B057,IN03B057_R,,,,vnc_intrinsic,,R,,,gaba,gaba,0.8856187826148799,-1,2,2,False,False,False
6040,812006,IN08B104,IN08B104_L,,,,vnc_intrinsic,,L,,,acetylcholine,acetylcholine,0.9558323576496278,1,2,2,False,False,False
6041,812029,INXXX448,INXXX448_L,,,,vnc_intrinsic,,L,,,gaba,gaba,0.8753504776581105,-1,2,2,False,False,False
6042,812123,IN17A087,IN17A087_R,,,,vnc_intrinsic,,R,,,acetylcholine,acetylcholine,0.9278104367876633,1,2,2,False,False,False
6043,812196,IN05B090,IN05B090_L,,,,vnc_intrinsic,,L,,,gaba,gaba,0.8662335118704717,-1,2,2,False,False,False
6044,812256,INXXX437,INXXX437_R,,,,vnc_intrinsic,,R,,,gaba,gaba,0.8683647428377165,-1,2,2,False,False,False
6045,812553,IN08B104,IN08B104_R,,,,vnc_intrinsic,,R,,,acetylcholine,acetylcholine,0.957554764514909,1,2,2,False,False,False
6046,812557,"INXXX447,INXXX449","INXXX447,INXXX449_R",,,,vnc_intrinsic,,R,,,gaba,gaba,0.8649888431552091,-1,2,2,False,False,False
6047,812651,IN11B025,IN11B025_R,,,,vnc_intrinsic,,R,,,gaba,gaba,0.8602452585360669,-1,2,2,False,False,False
6048,812704,IN17A103,IN17A103_L,,,,vnc_intrinsic,,L,,,acetylcholine,acetylcholine,0.9545251679981553,1,2,2,False,False,False
6049,812751,IN03B057,IN03B057_L,,,,vnc_intrinsic,,L,,,gaba,gaba,0.8883817410653364,-1,2,2,False,False,False
6050,813084,INXXX448,INXXX448_L,,,,vnc_intrinsic,,L,,,gaba,gaba,0.8777605200516292,-1,2,2,False,False,False
6051,813184,IN18B052,IN18B052_L,,,,vnc_intrinsic,,L,,,acetylcholine,acetylcholine,0.9702107583390572,1,2,2,False,False,False
6052,813350,IN05B088,IN05B088_R,,,,vnc_intrinsic,,R,,,gaba,gaba,0.8832477016057528,-1,2,2,False,False,False
6053,813673,IN05B090,IN05B090_R,,,,vnc_intrinsic,,R,,,gaba,gaba,0.8525396662869875,-1,2,2,False,False,False
6054,813748,IN08B105,IN08B105_R,,,,vnc_intrinsic,,R,,,acetylcholine,acetylcholine,0.9364399648389976,1,2,2,False,False,False
6055,813851,IN12A059_c,IN12A059_c_L,,,,vnc_intrinsic,,L,,,acetylcholine,acetylcholine,0.9624379587543702,1,2,2,False,False,False
6056,813894,INXXX448,INXXX448_L,,,,vnc_intrinsic,,L,,,gaba,gaba,0.8478512146588791,-1,2,2,False,False,False
6057,814203,INXXX448,INXXX448_R,,,,vnc_intrinsic,,R,,,gaba,gaba,0.8600373858644005,-1,2,2,False,False,False
6058,814291,IN05B085,IN05B085_L,,,,vnc_intrinsic,,L,,,gaba,gaba,0.887654503233824,-1,2,2,False,False,False
6059,814356,IN06B028,IN06B028_R,,,,vnc_intrinsic,,R,,,gaba,gaba,0.8436964476356806,-1,2,2,False,False,False
6060,814502,IN17A094,IN17A094_L,,,,vnc_intrinsic,,L,,,acetylcholine,acetylcholine,0.9334607013111128,1,2,2,False,False,False
6061,814532,IN12B066_b,IN12B066_b_L,,,,vnc_intrinsic,,L,,,gaba,gaba,0.85249083943778,-1,2,2,False,False,False
6062,815323,IN19B094,IN19B094_L,,,,vnc_intrinsic,,L,,,acetylcholine,acetylcholine,0.9644627864389067,1,2,2,False,False,False
6063,815818,IN09B052_a,IN09B052_a_L,,,,vnc_intrinsic,,L,,,glutamate,glutamate,0.7821148034345162,-1,2,2,False,False,False
6064,818458,IN05B093,IN05B093_R,,,,vnc_intrinsic,,R,,,gaba,gaba,0.7767254513867745,-1,2,2,False,False,False
6065,818593,IN06B036,IN06B036_R,,,,vnc_intrinsic,,R,,,gaba,gaba,0.8759474826912277,-1,2,2,False,False,False
6066,818784,IN05B090,IN05B090_L,,,,vnc_intrinsic,,L,,,gaba,gaba,0.8722968373929973,-1,2,2,False,False,False
6067,819028,IN09A006,IN09A006_L,,,,vnc_intrinsic,,L,,,gaba,gaba,0.8979499528866888,-1,2,2,False,False,False
6068,849981,IN00A039,IN00A039_M,,,,vnc_intrinsic,,M,,,gaba,gaba,0.8200711121816734,-1,2,2,False,False,False
6069,901791,GNG146,GNG146_R,,CB0606,,cb_intrinsic,,R,,,gaba,unclear,0.49536108666261375,-1,2,2,False,False,False
6070,902275,IN06B018,IN06B018_R,,,,vnc_intrinsic,,R,,,gaba,gaba,0.8964834278586769,-1,2,2,False,False,False
6071,902280,IN09B005,IN09B005_R,,,,vnc_intrinsic,,R,,,glutamate,glutamate,0.7712280619725773,-1,2,2,False,False,False
6072,902348,IN05B031,IN05B031_L,,,,vnc_intrinsic,,L,,,gaba,gaba,0.8736464704470084,-1,2,2,False,False,False
6073,902418,TN1c_c,TN1c_c_L,,,,vnc_intrinsic,,L,,coexpress_high,acetylcholine,acetylcholine,0.9718148751124684,1,2,2,False,False,False
6074,902439,IN03A007,IN03A007_R,,,,vnc_intrinsic,,R,,,acetylcholine,acetylcholine,0.9722130566365288,1,2,2,False,False,False
6075,902476,INXXX023,INXXX023_R,,,,vnc_intrinsic,,R,,,acetylcholine,acetylcholine,0.9686784539716754,1,2,2,False,False,False
6076,902529,IN03B022,IN03B022_R,,,,vnc_intrinsic,,R,,,gaba,gaba,0.8982750675636809,-1,2,2,False,False,False
6077,902533,IN23B018,IN23B018_L,,,,vnc_intrinsic,,L,,,acetylcholine,acetylcholine,0.971210200725497,1,2,2,False,False,False
6078,902578,IN05B090,IN05B090_L,,,,vnc_intrinsic,,L,,,gaba,gaba,0.8307922010014455,-1,2,2,False,False,False
6079,902691,INXXX360,INXXX360_L,,,,vnc_intrinsic,,L,,,gaba,gaba,0.7017593307966074,-1,2,2,False,False,False
6080,902704,IN12B009,IN12B009_L,,,,vnc_intrinsic,,L,,,gaba,gaba,0.8771017878386725,-1,3,1,False,False,False
6081,902760,IN17A020,IN17A020_L,,,,vnc_intrinsic,,L,,,acetylcholine,acetylcholine,0.9670345386459972,1,2,2,False,False,False
6082,902810,IN11A008,IN11A008_R,,,,vnc_intrinsic,,R,,,acetylcholine,acetylcholine,0.9643649024809781,1,2,2,False,False,False
6083,902931,INXXX230,INXXX230_R,,,,vnc_intrinsic,,R,,,gaba,gaba,0.8772938036920688,-1,2,2,False,False,False
6084,903066,INXXX337,INXXX337_L,,,,vnc_intrinsic,,L,,,gaba,gaba,0.8673535976671682,-1,2,2,False,False,False
6085,903085,TN1a_f,TN1a_f_L,,,,vnc_intrinsic,,L,male-specific,coexpress_high,acetylcholine,acetylcholine,0.9711694749119129,1,2,2,False,False,False
6086,903086,vMS12_a,vMS12_a_L,Cachero 2010: vMs-m,,,vnc_intrinsic,,L,,fru_high,acetylcholine,acetylcholine,0.9747326673375373,1,2,2,False,False,False
6087,903103,IN11A025,IN11A025_L,,,,vnc_intrinsic,,L,,,acetylcholine,acetylcholine,0.9723569284910992,1,2,2,False,False,False
6088,903232,GFC2,GFC2_L,,,,vnc_intrinsic,,L,,,acetylcholine,acetylcholine,0.9654339480494829,1,2,2,False,False,False
6089,903238,IN20A.22A033,IN20A.22A033_L,,,,vnc_intrinsic,,L,,,acetylcholine,acetylcholine,0.9635225275127047,1,2,2,False,False,False
6090,903288,IN21A018,IN21A018_R,,,,vnc_intrinsic,,R,,,acetylcholine,acetylcholine,0.9616795551657059,1,2,2,False,False,False
6091,903324,IN20A.22A002,IN20A.22A002_R,,,,vnc_intrinsic,,R,,,acetylcholine,acetylcholine,0.9738011346653268,1,2,2,False,False,False
6092,903327,PSI,PSI_R,,,,vnc_efferent,,R,,,unclear,unclear,0.35435745937961594,0,2,2,False,False,False
6093,903330,"IN17A043,IN17A046","IN17A043,IN17A046_L",,,,vnc_intrinsic,,L,,,acetylcholine,acetylcholine,0.8573243509182907,1,2,2,False,False,False
6094,903331,IN17A037,IN17A037_L,,,,vnc_intrinsic,,L,,,acetylcholine,acetylcholine,0.9667843876795156,1,2,2,False,False,False
6095,903361,IN06B056,IN06B056_R,,,,vnc_intrinsic,,R,,,gaba,gaba,0.8927573175155047,-1,2,2,False,False,False
6096,903400,IN18B020,IN18B020_R,,,,vnc_intrinsic,,R,,,acetylcholine,acetylcholine,0.966770303180952,1,2,2,False,False,False
6097,903414,IN06B052,IN06B052_R,,,,vnc_intrinsic,,R,,,gaba,gaba,0.9031082798139214,-1,2,2,False,False,False
6098,903418,IN23B043,IN23B043_R,,,,vnc_intrinsic,,R,,,acetylcholine,acetylcholine,0.9680801432770109,1,2,2,False,False,False
6099,903461,IN17A020,IN17A020_L,,,,vnc_intrinsic,,L,,,acetylcholine,acetylcholine,0.8838145236059116,1,2,2,False,False,False
6100,903466,ANXXX023,ANXXX023_R,,AN_GNG_141,,ascending_neuron,,R,,,acetylcholine,acetylcholine,0.9726720773433493,1,2,2,False,False,False
6101,903519,IN21A018,IN21A018_R,,,,vnc_intrinsic,,R,,,acetylcholine,acetylcholine,0.9715166835806691,1,2,2,False,False,False
6102,903533,IN03A007,IN03A007_L,,,,vnc_intrinsic,,L,,,acetylcholine,acetylcholine,0.9676799977439701,1,2,2,False,False,False
6103,903561,IN12B002,IN12B002_R,,,,vnc_intrinsic,,R,,,gaba,gaba,0.9007319931190562,-1,2,2,False,False,False
6104,903574,IN19A012,IN19A012_R,,,,vnc_intrinsic,,R,,,acetylcholine,acetylcholine,0.962813186345015,1,2,2,False,False,False
6105,903590,IN11A021,IN11A021_R,,,,vnc_intrinsic,,R,,,acetylcholine,acetylcholine,0.9718915059685515,1,2,2,False,False,False
6106,903602,IN19A003,IN19A003_L,,,,vnc_intrinsic,,L,,,gaba,gaba,0.8925607778505736,-1,2,2,False,False,False
6107,903619,IN11A013,IN11A013_L,,,,vnc_intrinsic,,L,,,acetylcholine,acetylcholine,0.9717704014327609,1,2,2,False,False,False
6108,903667,IN23B005,IN23B005_R,,,,vnc_intrinsic,,R,,,acetylcholine,acetylcholine,0.8700174548362909,1,2,2,False,False,False
6109,903846,IN06B024,IN06B024_R,,,,vnc_intrinsic,,R,,,gaba,gaba,0.8821599634954511,-1,2,2,False,False,False
6110,903853,IN06B066,IN06B066_L,,,,vnc_intrinsic,,L,,,gaba,gaba,0.8911019267671876,-1,2,2,False,False,False
6111,903859,INXXX230,INXXX230_R,,,,vnc_intrinsic,,R,,,gaba,gaba,0.8946666406981585,-1,2,2,False,False,False
6112,904036,IN12B018,IN12B018_L,,,,vnc_intrinsic,,L,,,gaba,gaba,0.9011958420525179,-1,2,2,False,False,False
6113,904077,IN00A035,IN00A035_M,,,,vnc_intrinsic,,M,,,gaba,gaba,0.894529439717495,-1,2,2,False,False,False
6114,904108,INXXX230,INXXX230_R,,,,vnc_intrinsic,,R,,,gaba,gaba,0.8920839420158966,-1,2,2,False,False,False
6115,904109,INXXX448,INXXX448_L,,,,vnc_intrinsic,,L,,,gaba,gaba,0.8737082415347307,-1,2,2,False,False,False
6116,904126,IN11A005,IN11A005_R,,,,vnc_intrinsic,,R,,,acetylcholine,acetylcholine,0.955565659021175,1,2,2,False,False,False
6117,904183,INXXX468,INXXX468_L,,,,vnc_intrinsic,,L,,,acetylcholine,acetylcholine,0.9492956499578384,1,2,2,False,False,False
6118,904194,IN08B035,IN08B035_R,,,,vnc_intrinsic,,R,,,acetylcholine,acetylcholine,0.9510510659536148,1,2,2,False,False,False
6119,904236,IN21A018,IN21A018_L,,,,vnc_intrinsic,,L,,,acetylcholine,acetylcholine,0.9734910213557563,1,2,2,False,False,False
6120,904241,IN12B063_c,IN12B063_c_L,,,,vnc_intrinsic,,L,,,gaba,gaba,0.8976435611526958,-1,2,2,False,False,False
6121,904245,IN07B016,IN07B016_R,,,,vnc_intrinsic,,R,,,acetylcholine,acetylcholine,0.9654144493846373,1,2,2,False,False,False
6122,904246,IN12B018,IN12B018_L,,,,vnc_intrinsic,,L,,,gaba,gaba,0.8701211261082631,-1,2,2,False,False,False
6123,904279,IN05B090,IN05B090_L,,,,vnc_intrinsic,,L,,,gaba,gaba,0.9066780837577275,-1,2,2,False,False,False
6124,904317,IN00A038,IN00A038_M,,,,vnc_intrinsic,,M,,,gaba,gaba,0.8516882393374787,-1,2,2,False,False,False
6125,904318,IN11A032_e,IN11A032_e_L,,,,vnc_intrinsic,,L,,,acetylcholine,acetylcholine,0.961069510145917,1,2,2,False,False,False
6126,904400,dMS2,dMS2_R,"Yu 2010, Lillvis 2024: dMS2",,,vnc_intrinsic,,R,,fru_high,acetylcholine,acetylcholine,0.9640077773104507,1,2,2,False,False,False
6127,904743,IN21A010,IN21A010_R,,,,vnc_intrinsic,,R,,,acetylcholine,acetylcholine,0.9728834087596387,1,2,2,False,False,False
6128,904800,INXXX023,INXXX023_L,,,,vnc_intrinsic,,L,,,acetylcholine,acetylcholine,0.9680855860263229,1,2,2,False,False,False
6129,904802,IN08B104,IN08B104_L,,,,vnc_intrinsic,,L,,,acetylcholine,acetylcholine,0.9166252363426176,1,2,2,False,False,False
6130,904846,IN08B073,IN08B073_L,,,,vnc_intrinsic,,L,,,acetylcholine,acetylcholine,0.9727293204988431,1,2,2,False,False,False
6131,904851,IN11A022,IN11A022_L,,,,vnc_intrinsic,,L,,,acetylcholine,acetylcholine,0.9724231481831824,1,2,2,False,False,False
6132,904868,IN05B016,IN05B016_L,,,,vnc_intrinsic,,L,,,gaba,gaba,0.8588869170425262,-1,3,1,False,False,False
6133,904904,IN23B047,IN23B047_L,,,,vnc_intrinsic,,L,,,acetylcholine,acetylcholine,0.6615990419615819,1,2,2,False,False,False
6134,904946,IN06A050,IN06A050_L,,,,vnc_intrinsic,,L,,,gaba,gaba,0.8937831971187478,-1,2,2,False,False,False
6135,904954,SNpp09,,,,,vnc_sensory,mechanosensory_proprioceptive,,,,acetylcholine,acetylcholine,0.969839301968144,1,2,2,False,False,False
6136,904997,SNpp09,,,,,vnc_sensory,mechanosensory_proprioceptive,,,,acetylcholine,acetylcholine,0.9697411749324354,1,2,2,False,False,False
6137,905147,IN06B059,IN06B059_L,,,,vnc_intrinsic,,L,,,gaba,gaba,0.8804363579210208,-1,2,2,False,False,False
6138,905153,vMS11,vMS11_L,,,,vnc_intrinsic,,L,,,glutamate,glutamate,0.7931564469516346,-1,2,2,False,False,False
6139,905156,IN00A022,IN00A022_M,,,,vnc_intrinsic,,M,,,gaba,gaba,0.8784322277483488,-1,2,2,False,False,False
6140,905173,IN05B090,IN05B090_L,,,,vnc_intrinsic,,L,,,gaba,gaba,0.8951578699617347,-1,2,2,False,False,False
6141,905214,IN11A025,IN11A025_R,,,,vnc_intrinsic,,R,,,acetylcholine,acetylcholine,0.9723012891323245,1,2,2,False,False,False
6142,905231,INXXX281,INXXX281_R,,,,vnc_intrinsic,,R,,,acetylcholine,acetylcholine,0.9591743953834576,1,2,2,False,False,False
6143,905247,vPR9_b,vPR9_b_M,,,,vnc_intrinsic,,M,,fru_high,gaba,gaba,0.9008716824270936,-1,3,1,False,False,False
6144,905250,IN00A022,IN00A022_M,,,,vnc_intrinsic,,M,,,gaba,gaba,0.8762726120433861,-1,2,2,False,False,False
6145,905415,IN07B006,IN07B006_L,Cachero 2010: dPR-b,,,vnc_intrinsic,,L,,fru_high,acetylcholine,acetylcholine,0.967734724814371,1,2,2,False,False,False
6146,905420,IN11B011,IN11B011_L,,,,vnc_intrinsic,,L,,,gaba,gaba,0.8982664663472223,-1,2,2,False,False,False
6147,905447,IN18B014,IN18B014_L,,,,vnc_intrinsic,,L,,,acetylcholine,acetylcholine,0.9695204966482791,1,2,2,False,False,False
6148,905528,AN27X019,AN27X019_R,,,,ascending_neuron,,R,,,unclear,unclear,0.36819390420460474,0,2,2,False,False,False
6149,905558,IN01A031,IN01A031_R,,,,vnc_intrinsic,,R,,,acetylcholine,acetylcholine,0.9580099393592874,1,2,2,False,False,False
6150,905707,IN11A014,IN11A014_R,,,,vnc_intrinsic,,R,,,acetylcholine,acetylcholine,0.9595852530600804,1,2,2,False,False,False
6151,905730,IN11A008,IN11A008_L,,,,vnc_intrinsic,,L,,,acetylcholine,acetylcholine,0.9681090296026801,1,2,2,False,False,False
6152,905899,IN17A045,IN17A045_L,,,,vnc_intrinsic,,L,,,acetylcholine,acetylcholine,0.9724717128382973,1,2,2,False,False,False
6153,905902,IN16B068_c,IN16B068_c_R,,,,vnc_intrinsic,,R,,,glutamate,glutamate,0.7983086780352382,-1,2,2,False,False,False
6154,905905,INXXX230,INXXX230_L,,,,vnc_intrinsic,,L,,,gaba,gaba,0.8653524309214293,-1,2,2,False,False,False
6155,905915,IN11A032_e,IN11A032_e_R,,,,vnc_intrinsic,,R,,,acetylcholine,acetylcholine,0.9660972932652557,1,2,2,False,False,False
6156,905918,IN23B024,IN23B024_L,,,,vnc_intrinsic,,L,,,acetylcholine,acetylcholine,0.9726868329245184,1,2,2,False,False,False
6157,906084,IN12B068_a,IN12B068_a_L,,,,vnc_intrinsic,,L,,,gaba,gaba,0.8804787694926112,-1,2,2,False,False,False
6158,906092,INXXX230,INXXX230_L,,,,vnc_intrinsic,,L,,,gaba,gaba,0.8939452739247382,-1,2,2,False,False,False
6159,906186,IN06B059,IN06B059_R,,,,vnc_intrinsic,,R,,,gaba,gaba,0.8993411061414738,-1,2,2,False,False,False
6160,906299,IN13B015,IN13B015_L,,,,vnc_intrinsic,,L,,,gaba,gaba,0.8868848257869333,-1,2,2,False,False,False
6161,906378,vMS12_c,vMS12_c_L,Cachero 2010: vMs-m,,,vnc_intrinsic,,L,,fru_high,acetylcholine,acetylcholine,0.9726561673123317,1,2,2,False,False,False
6162,906415,IN23B047,IN23B047_R,,,,vnc_intrinsic,,R,,,acetylcholine,acetylcholine,0.965560264250573,1,2,2,False,False,False
6163,906681,IN05B090,IN05B090_L,,,,vnc_intrinsic,,L,,,gaba,gaba,0.8507043787569889,-1,2,2,False,False,False
6164,906686,INXXX045,INXXX045_L,,,,vnc_intrinsic,,L,,,unclear,unclear,0.33696593259514024,0,2,2,False,False,False
6165,906717,vPR9_a,vPR9_a_M,,,,vnc_intrinsic,,M,,fru_high,gaba,gaba,0.8522585947247493,-1,3,1,False,False,False
6166,906992,SNpp32,,,,,vnc_sensory,mechanosensory_proprioceptive,,,,acetylcholine,acetylcholine,0.9747326673375373,1,2,2,False,False,False
6167,907006,IN23B028,IN23B028_R,,,,vnc_intrinsic,,R,,,acetylcholine,acetylcholine,0.9670674890707287,1,2,2,False,False,False
6168,907269,IN06B063,IN06B063_L,,,,vnc_intrinsic,,L,,,gaba,gaba,0.8979318718944815,-1,2,1,False,False,False
6169,907304,IN11A032_d,IN11A032_d_L,,,,vnc_intrinsic,,L,,,acetylcholine,acetylcholine,0.9492843540127557,1,2,2,False,False,False
6170,907376,IN11A022,IN11A022_R,,,,vnc_intrinsic,,R,,,acetylcholine,acetylcholine,0.9696112755437611,1,2,2,False,False,False
6171,907554,IN11B024_c,IN11B024_c_L,,,,vnc_intrinsic,,L,,,gaba,gaba,0.8544825347532822,-1,2,2,False,False,False
6172,907594,IN18B039,IN18B039_R,,,,vnc_intrinsic,,R,,,acetylcholine,acetylcholine,0.9733405796753695,1,2,2,False,False,False
6173,907672,IN09B022,IN09B022_L,,,,vnc_intrinsic,,L,,,glutamate,glutamate,0.8091712595348687,-1,2,2,False,False,False
6174,907699,IN11A020,IN11A020_L,,,,vnc_intrinsic,,L,,,acetylcholine,acetylcholine,0.9722461916663296,1,2,2,False,False,False
6175,907854,IN05B090,IN05B090_R,,,,vnc_intrinsic,,R,,,gaba,gaba,0.891439241789624,-1,2,2,False,False,False
6176,907882,IN12A044,IN12A044_R,,,,vnc_intrinsic,,R,,,acetylcholine,acetylcholine,0.9140650075078658,1,2,2,False,False,False
6177,908048,IN05B091,IN05B091_R,,,,vnc_intrinsic,,R,,,gaba,gaba,0.8908014458278921,-1,2,2,False,False,False
6178,908147,IN23B028,IN23B028_L,,,,vnc_intrinsic,,L,,,acetylcholine,acetylcholine,0.9747326673375373,1,2,2,False,False,False
6179,908221,INXXX405,INXXX405_R,,,,vnc_intrinsic,,R,,,acetylcholine,acetylcholine,0.5410261698946768,1,2,2,False,False,False
6180,908226,IN11A032_c,IN11A032_c_L,,,,vnc_intrinsic,,L,,,acetylcholine,acetylcholine,0.9715271162547974,1,2,2,False,False,False
6181,908229,IN05B070,IN05B070_L,,,,vnc_intrinsic,,L,,,gaba,gaba,0.8878041568401344,-1,2,2,False,False,False
6182,908295,IN12B068_c,IN12B068_c_L,,,,vnc_intrinsic,,L,,,gaba,gaba,0.8897252780525535,-1,2,2,False,False,False
6183,908297,IN05B070,IN05B070_L,,,,vnc_intrinsic,,L,,,gaba,gaba,0.8229606532310401,-1,3,1,False,False,False
6184,908304,IN05B061,IN05B061_L,,,,vnc_intrinsic,,L,,,gaba,gaba,0.8673574744924849,-1,2,2,False,False,False
6185,908371,SNpp06,,,,,vnc_sensory,mechanosensory_proprioceptive,,,,acetylcholine,acetylcholine,0.9659192688051732,1,2,2,False,False,False
6186,908379,SNpp09,,,,,vnc_sensory,mechanosensory_proprioceptive,,,,acetylcholine,acetylcholine,0.9696460419370896,1,2,2,False,False,False
6187,908681,IN05B072_b,IN05B072_b_L,,,,vnc_intrinsic,,L,,,gaba,gaba,0.8669995330179331,-1,2,2,False,False,False
6188,908856,IN06B038,IN06B038_L,,,,vnc_intrinsic,,L,,,gaba,gaba,0.9086024603693648,-1,2,2,False,False,False
6189,908934,INXXX448,INXXX448_R,,,,vnc_intrinsic,,R,,,gaba,gaba,0.8690782045925307,-1,2,2,False,False,False
6190,908951,AN08B047,AN08B047_L,,,,ascending_neuron,,L,potentially male-specific,,acetylcholine,acetylcholine,0.9541803136819553,1,2,2,False,False,False
6191,909016,IN11A030,IN11A030_L,,,,vnc_intrinsic,,L,,,acetylcholine,acetylcholine,0.9349778649048677,1,2,2,False,False,False
6192,909389,IN12B063_c,IN12B063_c_L,,,,vnc_intrinsic,,L,,,gaba,gaba,0.9007076806421168,-1,2,2,False,False,False
6193,909435,IN06B056,IN06B056_R,,,,vnc_intrinsic,,R,,,gaba,gaba,0.8786481993474803,-1,2,2,False,False,False
6194,909596,IN19B084,IN19B084_R,,,,vnc_intrinsic,,R,,,acetylcholine,acetylcholine,0.9747326673375373,1,2,2,False,False,False
6195,909688,IN05B090,IN05B090_R,,,,vnc_intrinsic,,R,,,gaba,gaba,0.8965956012480586,-1,2,2,False,False,False
6196,909778,IN11A011,IN11A011_R,,,,vnc_intrinsic,,R,,,acetylcholine,acetylcholine,0.9692129692251563,1,2,2,False,False,False
6197,909823,IN00A024,IN00A024_M,,,,vnc_intrinsic,,M,,,gaba,gaba,0.893173949125385,-1,2,2,False,False,False
6198,909829,SNpp06,,,,,vnc_sensory,mechanosensory_proprioceptive,,,,acetylcholine,acetylcholine,0.9669905319597154,1,2,2,False,False,False
6199,910030,AN09B029,AN09B029_R,,AN_AVLP_17,,ascending_neuron,,R,,,acetylcholine,acetylcholine,0.9578599339733376,1,2,2,False,False,False
6200,910554,,,,,,vnc_intrinsic,,L,,,acetylcholine,acetylcholine,0.9694959842133319,1,2,2,False,False,False
6201,910810,IN05B011a,IN05B011a_R,,,,vnc_intrinsic,,R,,,gaba,gaba,0.8698443954104456,-1,2,2,False,False,False
6202,910912,IN13B004,IN13B004_L,,,,vnc_intrinsic,,L,,,gaba,gaba,0.8955963246115396,-1,2,2,False,False,False
6203,911174,IN05B090,IN05B090_R,,,,vnc_intrinsic,,R,,,gaba,gaba,0.8452659410113352,-1,2,2,False,False,False
6204,911703,IN12A058,IN12A058_L,,,,vnc_intrinsic,,L,,,acetylcholine,acetylcholine,0.9614940937980015,1,2,2,False,False,False
6205,912096,AN09B036,AN09B036_L,,AN_WED_GNG_1,,ascending_neuron,,L,,,acetylcholine,acetylcholine,0.7121114699165084,1,2,2,False,False,False
6206,912269,IN17A107,IN17A107_R,,,,vnc_intrinsic,,R,,,acetylcholine,acetylcholine,0.9706495933895426,1,2,2,False,False,False
6207,913397,IN06B016,IN06B016_L,,,,vnc_intrinsic,,L,,,gaba,gaba,0.885979857165158,-1,2,2,False,False,False
6208,913931,IN10B003,IN10B003_R,,,,vnc_intrinsic,,R,,,acetylcholine,acetylcholine,0.9701608599680094,1,2,2,False,False,False
6209,914445,IN27X005,IN27X005_R,,,,vnc_intrinsic,,R,,,gaba,gaba,0.8990167623343013,-1,2,2,False,False,False
6210,919061,JO-A2,JO-A2_L,,JO-A2,,cb_sensory,mechanosensory,,,,acetylcholine,acetylcholine,0.8865093908699339,1,0,2,True,False,False
6211,919595,IN00A010,IN00A010_M,,,,vnc_intrinsic,,M,,,gaba,gaba,0.886467733524402,-1,2,2,False,False,False
6212,919652,IN18B012,IN18B012_L,,,,vnc_intrinsic,,L,,,acetylcholine,acetylcholine,0.9708430959671176,1,2,2,False,False,False
6213,920914,JO-B4_b,JO-B4_b_L,,JO-B4_b,,cb_sensory,mechanosensory,,,,acetylcholine,acetylcholine,0.9411397810301141,1,0,3,True,False,False
6214,922797,CB3329,CB3329_R,,CB3329,,cb_intrinsic,,R,,,acetylcholine,acetylcholine,0.9747326673375372,1,2,2,False,False,False
6215,922950,JO-B1_a,JO-B1_a_L,,JO-B1_a,,cb_sensory,mechanosensory,,,,acetylcholine,acetylcholine,0.8511640939177785,1,0,3,True,False,False
6216,923171,INXXX140,INXXX140_R,,,,vnc_intrinsic,,R,,,gaba,gaba,0.8926657647332671,-1,2,2,False,False,False
6217,923203,DNpe005,DNpe005(WED123)_R,,DNpe005,WED123,descending_neuron,,R,,,acetylcholine,acetylcholine,0.9619663911934772,1,2,2,False,False,False
6218,924571,DNp64,DNp64(CL137)_L,,DNp64,CL137,descending_neuron,,L,,,acetylcholine,acetylcholine,0.9375146716061227,1,2,2,False,False,False
6219,926518,IN12B015,IN12B015_R,,,,vnc_intrinsic,,R,,,gaba,gaba,0.8885300726171115,-1,2,2,False,False,False
6220,928257,AN08B031,AN08B031_R,Lillvis 2024: vPR13,AN_GNG_SAD_32,,ascending_neuron,,R,sexually dimorphic,fru_high,acetylcholine,acetylcholine,0.9664246689002871,1,2,2,False,False,False
6221,928274,INXXX003,INXXX003_L,,,,vnc_intrinsic,,L,,,gaba,gaba,0.8895295969521609,-1,2,2,False,False,False
6222,928361,JO-B1_a,JO-B1_a_L,,JO-B1_a,,cb_sensory,mechanosensory,,,,acetylcholine,acetylcholine,0.8749650081106369,1,0,3,True,False,False
6223,928701,AN02A016,AN02A016_R,,AN_GNG_56,,ascending_neuron,,R,,,glutamate,glutamate,0.8182867363075708,-1,2,2,False,False,False
6224,928792,IN05B072_a,IN05B072_a_L,,,,vnc_intrinsic,,L,,,gaba,gaba,0.8501026345222554,-1,2,2,False,False,False
6225,928855,JO-A2,JO-A2_L,,JO-A2,,cb_sensory,mechanosensory,,,,acetylcholine,acetylcholine,0.863309557506166,1,0,2,True,False,False
6226,928916,JO-B3,JO-B3_L,,JO-B3,,cb_sensory,mechanosensory,,,,acetylcholine,acetylcholine,0.954709321958423,1,0,3,True,False,False
6227,929704,IN01A011,IN01A011_R,,,,vnc_intrinsic,,R,,,acetylcholine,acetylcholine,0.9673774407206427,1,2,2,False,False,False
6228,929908,,,,,,,,,,,unclear,unclear,0.9079252867359606,0,1,3,False,False,False
6229,929968,BM_Vib,BM_Vib_L,,BM_Vib,,cb_sensory,mechanosensory,,,,acetylcholine,acetylcholine,0.897370836782331,1,2,2,False,False,False
6230,930597,,,,,,,,,,,acetylcholine,acetylcholine,0.8412391846889685,1,2,2,False,False,False
6231,930760,JO-A2,JO-A2_L,,JO-A2,,cb_sensory,mechanosensory,,,,acetylcholine,acetylcholine,0.9600723798622227,1,0,2,True,False,False
6232,930997,vMS12_d,vMS12_d_L,Cachero 2010: vMs-m,,,vnc_intrinsic,,L,,fru_high,acetylcholine,acetylcholine,0.9747326673375373,1,2,2,False,False,False
6233,932493,IN08B003,IN08B003_L,,,,vnc_intrinsic,,L,,,gaba,gaba,0.8828993741234008,-1,2,2,False,False,False
6234,932684,ANXXX084,ANXXX084_R,,,,ascending_neuron,,R,potentially sexually dimorphic,,acetylcholine,acetylcholine,0.9598620679826194,1,2,2,False,False,False
6235,932780,JO-B1_a,JO-B1_a_R,,JO-B1_a,,cb_sensory,mechanosensory,,,,acetylcholine,acetylcholine,0.6625885492032872,1,0,3,True,False,False
6236,932807,SNpp09,,,,,vnc_sensory,mechanosensory_proprioceptive,,,,acetylcholine,acetylcholine,0.96682316527802,1,2,2,False,False,False
6237,932811,IN17B004,IN17B004_L,,,,vnc_intrinsic,,L,,,gaba,gaba,0.9024593078008976,-1,2,2,False,False,False
6238,932849,IN23B074,IN23B074_L,,,,vnc_intrinsic,,L,,,acetylcholine,acetylcholine,0.9588100370267809,1,2,2,False,False,False
6239,933729,IN17A023,IN17A023_L,,,,vnc_intrinsic,,L,,,acetylcholine,acetylcholine,0.9729643843967647,1,2,2,False,False,False
6240,934247,JO-A1,JO-A1_R,,JO-A1,,cb_sensory,mechanosensory,,,,acetylcholine,acetylcholine,0.8764471140541429,1,0,3,True,False,False
6241,934938,TN1a_f,TN1a_f_R,,,,vnc_intrinsic,,R,,coexpress_high,acetylcholine,acetylcholine,0.9712527573279383,1,2,2,False,False,False
6242,934946,IN01A073,IN01A073_R,,,,vnc_intrinsic,,R,,,acetylcholine,acetylcholine,0.9612510003574882,1,2,2,False,False,False
6243,935616,AN07B062,AN07B062_L,,,,ascending_neuron,,L,,,acetylcholine,acetylcholine,0.9668691459082567,1,2,2,False,False,False
6244,936437,IN05B090,IN05B090_R,,,,vnc_intrinsic,,R,,,gaba,gaba,0.8391812153899172,-1,2,2,False,False,False
6245,936868,IN12A009,IN12A009_L,,,,vnc_intrinsic,,L,,,acetylcholine,acetylcholine,0.9642778063640882,1,2,2,False,False,False
6246,940638,IN12A044,IN12A044_R,,,,vnc_intrinsic,,R,,,acetylcholine,acetylcholine,0.9714289871400196,1,2,2,False,False,False
6247,940733,IN00A047,IN00A047_M,,,,vnc_intrinsic,,M,,,gaba,gaba,0.8511685043542434,-1,2,2,False,False,False
6248,941319,IN12B003,IN12B003_L,,,,vnc_intrinsic,,L,,,gaba,gaba,0.8890518136701827,-1,2,2,False,False,False
6249,941628,AVLP182,AVLP182_R,,AVLP182,AVLP182,cb_intrinsic,,R,,,acetylcholine,acetylcholine,0.8986352719882056,1,2,2,False,False,False
6250,942159,,,,,,,,,,,unclear,unclear,0.93338470188251,0,2,2,False,False,False
6251,942235,,,,,,,,,,,glutamate,glutamate,0.8385204907625939,-1,2,2,False,False,False
6252,943463,JO-B1_b,JO-B1_b_L,,JO-B1_b,,cb_sensory,mechanosensory,,,,acetylcholine,acetylcholine,0.9614487562173867,1,0,3,True,False,False
6253,944907,JO-B2,JO-B2_L,,JO-B2,,cb_sensory,mechanosensory,,,,acetylcholine,acetylcholine,0.959683034004482,1,0,3,True,False,False
6254,946056,INXXX341,INXXX341_R,,,,vnc_intrinsic,,R,,,gaba,gaba,0.859791002243051,-1,2,2,False,False,False
6255,954817,IN10B016,IN10B016_R,,,,vnc_intrinsic,,R,,,acetylcholine,acetylcholine,0.9653011402102594,1,2,2,False,False,False
6256,957696,JO-B1_a,JO-B1_a_L,,JO-B1_a,,cb_sensory,mechanosensory,,,,acetylcholine,acetylcholine,0.9127735808644956,1,0,3,True,False,False
6257,130272750,JO-A2,JO-A2_R,,JO-A2,,cb_sensory,mechanosensory,,,,acetylcholine,unclear,0.6512187676640354,1,0,3,True,False,False
6258,137801097,JO-B3,JO-B3_L,,JO-B3,,cb_sensory,mechanosensory,,,,acetylcholine,unclear,0.8130344549524297,1,0,3,True,False,False
6259,139925399,JO-EV2,JO-EV2_L,,JO-EV2,,cb_sensory,mechanosensory,,,,acetylcholine,acetylcholine,0.7186594013111561,1,2,2,False,False,False
6260,142338522,DNpe039,DNpe039(CL306)_L,,DNpe039,CL306,descending_neuron,,L,,,acetylcholine,acetylcholine,0.9560420614937424,1,2,2,False,False,False
6261,166331476,JO-FV,JO-FV_L,,JO-FV,,cb_sensory,mechanosensory,,,,acetylcholine,acetylcholine,0.6165028819134653,1,2,2,False,False,False
6262,172381354,,,,,,,,,,,acetylcholine,acetylcholine,0.7443098229737212,1,2,2,False,False,False
6263,367193015,JO-A4,JO-A4_R,,JO-A4,,cb_sensory,mechanosensory,,,,acetylcholine,acetylcholine,0.8508633909480472,1,0,3,True,False,False
6264,369423058,JO-A4,JO-A4_R,,JO-A4,,cb_sensory,mechanosensory,,,,acetylcholine,unclear,0.4551822642431092,1,0,3,True,False,False
6265,397041555,AN19B051,AN19B051_R,,AN_GNG_203,,ascending_neuron,,R,,,acetylcholine,acetylcholine,0.9298490626726408,1,2,2,False,False,False
6266,465143833,CB1139,CB1139_R,,CB1139,,cb_intrinsic,,R,,,acetylcholine,acetylcholine,0.9625651592610182,1,2,2,False,False,False
6267,469098413,JO-A4,JO-A4_L,,JO-A4,,cb_sensory,mechanosensory,,,,acetylcholine,acetylcholine,0.7344564248684677,1,0,2,True,False,False
6268,610917351,JO-B4_b,JO-B4_b_R,,JO-B4_b,,cb_sensory,mechanosensory,,,,acetylcholine,unclear,0.9747326673375372,1,0,3,True,False,False
6269,699735026,,,,,,cb_sensory_tbc,,,,,acetylcholine,acetylcholine,0.9257432836173665,1,1,3,False,False,False
6270,725858665,,,,,,,,,,,unclear,unclear,0.9747326673375373,0,1,3,False,False,False
6271,727132040,JO-B4_b,JO-B4_b_L,,JO-B4_b,,cb_sensory,mechanosensory,,,,acetylcholine,acetylcholine,0.9348423931793854,1,0,3,True,False,False
6272,747326486,,,,,,,,,,,unclear,unclear,0.8361602588240794,0,2,2,False,False,False
6273,750369552,JO-B3,JO-B3_L,,JO-B3,,cb_sensory,mechanosensory,,,,acetylcholine,acetylcholine,0.9277877758144882,1,0,3,True,False,False
6274,846271510,JO-A2,JO-A2_L,,JO-A2,,cb_sensory,mechanosensory,,,,acetylcholine,acetylcholine,0.9053944938201473,1,0,3,True,False,False
6275,974267957,JO-B4_b,JO-B4_b_R,,JO-B4_b,,cb_sensory,mechanosensory,,,,acetylcholine,acetylcholine,0.9366383646104748,1,0,3,True,False,False
6276,1050443274,INXXX199,INXXX199_L,,,,vnc_intrinsic,,L,,,gaba,gaba,0.8920209832171907,-1,2,2,False,False,False
6277,1050859066,INXXX073,INXXX073_R,,,,vnc_intrinsic,,R,,,acetylcholine,acetylcholine,0.9658610563975198,1,2,2,False,False,False
6278,1051573091,IN08B083_d,IN08B083_d_R,,,,vnc_intrinsic,,R,,,acetylcholine,acetylcholine,0.9721563225681203,1,2,2,False,False,False
