Copyright 1986-2021 Xilinx, Inc. All Rights Reserved.
---------------------------------------------------------------------------------------------------------------------------------------------------------------------------------------------------------
| Tool Version      : Vivado v.2021.2 (win64) Build 3367213 Tue Oct 19 02:48:09 MDT 2021
| Date              : Sat Sep 26 02:09:10 2026
| Host              : LAPTOP-KMF3OJ9O running 64-bit major release  (build 9200)
| Command           : report_timing_summary -delay_type max -max_paths 20 -file {E:/Workspace/CNS2FPGA/code/12_Visual-to-Steering Circuit/reports/visual_left_jtag_200mhz/post_synth_timing_summary.rpt}
| Design            : cns2fpga_axku115_jtag_top
| Device            : xcku115-flva1517
| Speed File        : -2  PRODUCTION 1.26 12-04-2018
| Temperature Grade : I
---------------------------------------------------------------------------------------------------------------------------------------------------------------------------------------------------------

Timing Summary Report

------------------------------------------------------------------------------------------------
| Timer Settings
| --------------
------------------------------------------------------------------------------------------------

  Enable Multi Corner Analysis               :  Yes
  Enable Pessimism Removal                   :  Yes
  Pessimism Removal Resolution               :  Nearest Common Node
  Enable Input Delay Default Clock           :  No
  Enable Preset / Clear Arcs                 :  No
  Disable Flight Delays                      :  No
  Ignore I/O Paths                           :  No
  Timing Early Launch at Borrowing Latches   :  No
  Borrow Time for Max Delay Exceptions       :  Yes
  Merge Timing Exceptions                    :  Yes

  Corner  Analyze    Analyze    
  Name    Max Paths  Min Paths  
  ------  ---------  ---------  
  Slow    Yes        Yes        
  Fast    Yes        Yes        


------------------------------------------------------------------------------------------------
| Report Methodology
| ------------------
------------------------------------------------------------------------------------------------

No report available as report_methodology has not been run prior. Run report_methodology on the current design for the summary of methodology violations.



check_timing report

Table of Contents
-----------------
1. checking no_clock (1124)
2. checking constant_clock (0)
3. checking pulse_width_clock (0)
4. checking unconstrained_internal_endpoints (3190)
5. checking no_input_delay (0)
6. checking no_output_delay (2)
7. checking multiple_clock (0)
8. checking generated_clocks (0)
9. checking loops (0)
10. checking partial_input_delay (0)
11. checking partial_output_delay (0)
12. checking latch_loops (0)

1. checking no_clock (1124)
---------------------------
 There are 1124 register/latch pins with no clock driven by root clock pin: dbg_hub/sl_iport0_o[1] (HIGH)


2. checking constant_clock (0)
------------------------------
 There are 0 register/latch pins with constant_clock.


3. checking pulse_width_clock (0)
---------------------------------
 There are 0 register/latch pins which need pulse_width check


4. checking unconstrained_internal_endpoints (3190)
---------------------------------------------------
 There are 3190 pins that are not constrained for maximum delay. (HIGH)

 There are 0 pins that are not constrained for maximum delay due to constant clock.


5. checking no_input_delay (0)
------------------------------
 There are 0 input ports with no input delay specified.

 There are 0 input ports with no input delay but user has a false path constraint.


6. checking no_output_delay (2)
-------------------------------
 There are 0 ports with no output delay specified.

 There are 2 ports with no output delay but user has a false path constraint (MEDIUM)

 There are 0 ports with no output delay but with a timing clock defined on it or propagating through it


7. checking multiple_clock (0)
------------------------------
 There are 0 register/latch pins with multiple clocks.


8. checking generated_clocks (0)
--------------------------------
 There are 0 generated clocks that are not connected to a clock source.


9. checking loops (0)
---------------------
 There are 0 combinational loops in the design.


10. checking partial_input_delay (0)
------------------------------------
 There are 0 input ports with partial input delay specified.


11. checking partial_output_delay (0)
-------------------------------------
 There are 0 ports with partial output delay specified.


12. checking latch_loops (0)
----------------------------
 There are 0 combinational latch loops in the design through latch input



------------------------------------------------------------------------------------------------
| Design Timing Summary
| ---------------------
------------------------------------------------------------------------------------------------

    WNS(ns)      TNS(ns)  TNS Failing Endpoints  TNS Total Endpoints     WPWS(ns)     TPWS(ns)  TPWS Failing Endpoints  TPWS Total Endpoints  
    -------      -------  ---------------------  -------------------     --------     --------  ----------------------  --------------------  
      1.027        0.000                      0                11026        1.520        0.000                       0                  2524  


All user specified timing constraints are met.


------------------------------------------------------------------------------------------------
| Clock Summary
| -------------
------------------------------------------------------------------------------------------------

Clock            Waveform(ns)         Period(ns)      Frequency(MHz)
-----            ------------         ----------      --------------
clk_50m          {0.000 10.000}       20.000          50.000          
  clk_200m_mmcm  {0.000 2.500}        5.000           200.000         
  clkfb_mmcm     {0.000 10.000}       20.000          50.000          


------------------------------------------------------------------------------------------------
| Intra Clock Table
| -----------------
------------------------------------------------------------------------------------------------

Clock                WNS(ns)      TNS(ns)  TNS Failing Endpoints  TNS Total Endpoints     WPWS(ns)     TPWS(ns)  TPWS Failing Endpoints  TPWS Total Endpoints  
-----                -------      -------  ---------------------  -------------------     --------     --------  ----------------------  --------------------  
clk_50m                                                                                      4.000        0.000                       0                     1  
  clk_200m_mmcm        1.027        0.000                      0                10978        1.520        0.000                       0                  2520  
  clkfb_mmcm                                                                                18.621        0.000                       0                     3  


------------------------------------------------------------------------------------------------
| Inter Clock Table
| -----------------
------------------------------------------------------------------------------------------------

From Clock     To Clock           WNS(ns)      TNS(ns)  TNS Failing Endpoints  TNS Total Endpoints  
----------     --------           -------      -------  ---------------------  -------------------  
               clk_200m_mmcm      999.732        0.000                      0                   24  


------------------------------------------------------------------------------------------------
| Other Path Groups Table
| -----------------------
------------------------------------------------------------------------------------------------

Path Group     From Clock     To Clock           WNS(ns)      TNS(ns)  TNS Failing Endpoints  TNS Total Endpoints  
----------     ----------     --------           -------      -------  ---------------------  -------------------  
**default**    clk_200m_mmcm                       4.732        0.000                      0                   24  


------------------------------------------------------------------------------------------------
| Timing Details
| --------------
------------------------------------------------------------------------------------------------


---------------------------------------------------------------------------------------------------
From Clock:  clk_50m
  To Clock:  clk_50m

Setup :           NA  Failing Endpoints,  Worst Slack           NA  ,  Total Violation           NA
Hold  :           NA  Failing Endpoints,  Worst Slack           NA  ,  Total Violation           NA
PW    :            0  Failing Endpoints,  Worst Slack        4.000ns,  Total Violation        0.000ns
---------------------------------------------------------------------------------------------------


Pulse Width Checks
--------------------------------------------------------------------------------------
Clock Name:         clk_50m
Waveform(ns):       { 0.000 10.000 }
Period(ns):         20.000
Sources:            { clk_50m }

Check Type        Corner  Lib Pin            Reference Pin  Required(ns)  Actual(ns)  Slack(ns)  Location  Pin
Min Period        n/a     MMCME3_ADV/CLKIN1  n/a            1.071         20.000      18.929               clock_manager/CLKIN1
Low Pulse Width   Slow    MMCME3_ADV/CLKIN1  n/a            6.000         10.000      4.000                clock_manager/CLKIN1
Low Pulse Width   Fast    MMCME3_ADV/CLKIN1  n/a            6.000         10.000      4.000                clock_manager/CLKIN1
High Pulse Width  Slow    MMCME3_ADV/CLKIN1  n/a            6.000         10.000      4.000                clock_manager/CLKIN1
High Pulse Width  Fast    MMCME3_ADV/CLKIN1  n/a            6.000         10.000      4.000                clock_manager/CLKIN1



---------------------------------------------------------------------------------------------------
From Clock:  clk_200m_mmcm
  To Clock:  clk_200m_mmcm

Setup :            0  Failing Endpoints,  Worst Slack        1.027ns,  Total Violation        0.000ns
Hold  :           NA  Failing Endpoints,  Worst Slack           NA  ,  Total Violation           NA
PW    :            0  Failing Endpoints,  Worst Slack        1.520ns,  Total Violation        0.000ns
---------------------------------------------------------------------------------------------------


Max Delay Paths
--------------------------------------------------------------------------------------
Slack (MET) :             1.027ns  (required time - arrival time)
  Source:                 experiment/step_index_reg[1]_rep/C
                            (rising edge-triggered cell FDRE clocked by clk_200m_mmcm  {rise@0.000ns fall@2.500ns period=5.000ns})
  Destination:            experiment/stimulus_low_reg_bram_0/ENBWREN
                            (rising edge-triggered cell RAMB36E2 clocked by clk_200m_mmcm  {rise@0.000ns fall@2.500ns period=5.000ns})
  Path Group:             clk_200m_mmcm
  Path Type:              Setup (Max at Slow Process Corner)
  Requirement:            5.000ns  (clk_200m_mmcm rise@5.000ns - clk_200m_mmcm rise@0.000ns)
  Data Path Delay:        3.121ns  (logic 1.291ns (41.365%)  route 1.830ns (58.635%))
  Logic Levels:           7  (CARRY8=3 LUT3=1 LUT4=2 LUT6=1)
  Clock Path Skew:        -0.145ns (DCD - SCD + CPR)
    Destination Clock Delay (DCD):    -0.623ns = ( 4.377 - 5.000 ) 
    Source Clock Delay      (SCD):    0.013ns
    Clock Pessimism Removal (CPR):    0.492ns
  Clock Uncertainty:      0.245ns  ((TSJ^2 + DJ^2)^1/2) / 2 + PE + UU
    Total System Jitter     (TSJ):    0.071ns
    Discrete Jitter          (DJ):    0.056ns
    Phase Error              (PE):    0.000ns
    User Uncertainty         (UU):    0.200ns

    Location             Delay type                Incr(ns)  Path(ns)    Netlist Resource(s)
  -------------------------------------------------------------------    -------------------
                         (clock clk_200m_mmcm rise edge)
                                                      0.000     0.000 r  
    AL14                                              0.000     0.000 r  clk_50m (IN)
                         net (fo=0)                   0.000     0.000    clock_input_buffer/I
    AL14                 INBUF (Prop_INBUF_HRIO_PAD_O)
                                                      0.922     0.922 r  clock_input_buffer/INBUF_INST/O
                         net (fo=1, routed)           0.092     1.014    clock_input_buffer/OUT
    AL14                 IBUFCTRL (Prop_IBUFCTRL_HRIO_I_O)
                                                      0.043     1.057 r  clock_input_buffer/IBUFCTRL_INST/O
                         net (fo=1, unplaced)         0.785     1.842    clk_50m_ibuf
                         MMCME3_ADV (Prop_MMCME3_ADV_CLKIN1_CLKOUT0)
                                                     -4.854    -3.012 r  clock_manager/CLKOUT0
                         net (fo=1, unplaced)         0.358    -2.654    clk_200m_mmcm
                         BUFGCE (Prop_BUFGCE_I_O)     0.083    -2.571 r  system_clock_buffer/O
                         net (fo=2539, unplaced)      2.584     0.013    experiment/clk_200m
                         FDRE                                         r  experiment/step_index_reg[1]_rep/C
  -------------------------------------------------------------------    -------------------
                         FDRE (Prop_FDRE_C_Q)         0.115     0.128 r  experiment/step_index_reg[1]_rep/Q
                         net (fo=25, unplaced)        0.313     0.441    experiment/step_index_reg[1]_rep_n_0
                         CARRY8 (Prop_CARRY8_S[0]_CO[7])
                                                      0.359     0.800 r  experiment/step_index_reg[8]_i_2/CO[7]
                         net (fo=1, unplaced)         0.000     0.800    experiment/step_index_reg[8]_i_2_n_0
                         CARRY8 (Prop_CARRY8_CI_O[7])
                                                      0.186     0.986 r  experiment/step_index_reg[16]_i_2/O[7]
                         net (fo=3, unplaced)         0.222     1.208    experiment/in40[16]
                         LUT4 (Prop_LUT4_I1_O)        0.138     1.346 f  experiment/stimulus_low_reg_bram_0_i_34/O
                         net (fo=1, unplaced)         0.294     1.640    experiment/stimulus_low_reg_bram_0_i_34_n_0
                         CARRY8 (Prop_CARRY8_DI[0]_CO[7])
                                                      0.373     2.013 f  experiment/stimulus_low_reg_bram_0_i_23/CO[7]
                         net (fo=5, unplaced)         0.205     2.218    experiment/core/step_index_reg[6]_rep__0[0]
                         LUT4 (Prop_LUT4_I2_O)        0.040     2.258 r  experiment/core/stimulus_low_reg_bram_0_i_17/O
                         net (fo=16, unplaced)        0.293     2.551    experiment/core/stimulus_low_reg_bram_0_i_17_n_0
                         LUT6 (Prop_LUT6_I1_O)        0.040     2.591 f  experiment/core/stimulus_low_reg_bram_4_i_3/O
                         net (fo=12, unplaced)        0.287     2.878    experiment/core/stim_read_addr[11]
                         LUT3 (Prop_LUT3_I2_O)        0.040     2.918 r  experiment/core/stimulus_low_reg_bram_0_i_2/O
                         net (fo=1, unplaced)         0.216     3.134    experiment/core_n_39
                         RAMB36E2                                     r  experiment/stimulus_low_reg_bram_0/ENBWREN
  -------------------------------------------------------------------    -------------------

                         (clock clk_200m_mmcm rise edge)
                                                      5.000     5.000 r  
    AL14                                              0.000     5.000 r  clk_50m (IN)
                         net (fo=0)                   0.000     5.000    clock_input_buffer/I
    AL14                 INBUF (Prop_INBUF_HRIO_PAD_O)
                                                      0.656     5.656 r  clock_input_buffer/INBUF_INST/O
                         net (fo=1, routed)           0.059     5.715    clock_input_buffer/OUT
    AL14                 IBUFCTRL (Prop_IBUFCTRL_HRIO_I_O)
                                                      0.032     5.747 r  clock_input_buffer/IBUFCTRL_INST/O
                         net (fo=1, unplaced)         0.708     6.455    clk_50m_ibuf
                         MMCME3_ADV (Prop_MMCME3_ADV_CLKIN1_CLKOUT0)
                                                     -4.900     1.555 r  clock_manager/CLKOUT0
                         net (fo=1, unplaced)         0.308     1.863    clk_200m_mmcm
                         BUFGCE (Prop_BUFGCE_I_O)     0.075     1.938 r  system_clock_buffer/O
                         net (fo=2539, unplaced)      2.439     4.377    experiment/clk_200m
                         RAMB36E2                                     r  experiment/stimulus_low_reg_bram_0/CLKBWRCLK
                         clock pessimism              0.492     4.868    
                         clock uncertainty           -0.245     4.623    
                         RAMB36E2 (Setup_RAMB36E2_CLKBWRCLK_ENBWREN)
                                                     -0.462     4.161    experiment/stimulus_low_reg_bram_0
  -------------------------------------------------------------------
                         required time                          4.161    
                         arrival time                          -3.134    
  -------------------------------------------------------------------
                         slack                                  1.027    

Slack (MET) :             1.027ns  (required time - arrival time)
  Source:                 experiment/step_index_reg[1]_rep/C
                            (rising edge-triggered cell FDRE clocked by clk_200m_mmcm  {rise@0.000ns fall@2.500ns period=5.000ns})
  Destination:            experiment/stimulus_low_reg_bram_1/ENBWREN
                            (rising edge-triggered cell RAMB36E2 clocked by clk_200m_mmcm  {rise@0.000ns fall@2.500ns period=5.000ns})
  Path Group:             clk_200m_mmcm
  Path Type:              Setup (Max at Slow Process Corner)
  Requirement:            5.000ns  (clk_200m_mmcm rise@5.000ns - clk_200m_mmcm rise@0.000ns)
  Data Path Delay:        3.121ns  (logic 1.291ns (41.365%)  route 1.830ns (58.635%))
  Logic Levels:           7  (CARRY8=3 LUT3=1 LUT4=2 LUT6=1)
  Clock Path Skew:        -0.145ns (DCD - SCD + CPR)
    Destination Clock Delay (DCD):    -0.623ns = ( 4.377 - 5.000 ) 
    Source Clock Delay      (SCD):    0.013ns
    Clock Pessimism Removal (CPR):    0.492ns
  Clock Uncertainty:      0.245ns  ((TSJ^2 + DJ^2)^1/2) / 2 + PE + UU
    Total System Jitter     (TSJ):    0.071ns
    Discrete Jitter          (DJ):    0.056ns
    Phase Error              (PE):    0.000ns
    User Uncertainty         (UU):    0.200ns

    Location             Delay type                Incr(ns)  Path(ns)    Netlist Resource(s)
  -------------------------------------------------------------------    -------------------
                         (clock clk_200m_mmcm rise edge)
                                                      0.000     0.000 r  
    AL14                                              0.000     0.000 r  clk_50m (IN)
                         net (fo=0)                   0.000     0.000    clock_input_buffer/I
    AL14                 INBUF (Prop_INBUF_HRIO_PAD_O)
                                                      0.922     0.922 r  clock_input_buffer/INBUF_INST/O
                         net (fo=1, routed)           0.092     1.014    clock_input_buffer/OUT
    AL14                 IBUFCTRL (Prop_IBUFCTRL_HRIO_I_O)
                                                      0.043     1.057 r  clock_input_buffer/IBUFCTRL_INST/O
                         net (fo=1, unplaced)         0.785     1.842    clk_50m_ibuf
                         MMCME3_ADV (Prop_MMCME3_ADV_CLKIN1_CLKOUT0)
                                                     -4.854    -3.012 r  clock_manager/CLKOUT0
                         net (fo=1, unplaced)         0.358    -2.654    clk_200m_mmcm
                         BUFGCE (Prop_BUFGCE_I_O)     0.083    -2.571 r  system_clock_buffer/O
                         net (fo=2539, unplaced)      2.584     0.013    experiment/clk_200m
                         FDRE                                         r  experiment/step_index_reg[1]_rep/C
  -------------------------------------------------------------------    -------------------
                         FDRE (Prop_FDRE_C_Q)         0.115     0.128 r  experiment/step_index_reg[1]_rep/Q
                         net (fo=25, unplaced)        0.313     0.441    experiment/step_index_reg[1]_rep_n_0
                         CARRY8 (Prop_CARRY8_S[0]_CO[7])
                                                      0.359     0.800 r  experiment/step_index_reg[8]_i_2/CO[7]
                         net (fo=1, unplaced)         0.000     0.800    experiment/step_index_reg[8]_i_2_n_0
                         CARRY8 (Prop_CARRY8_CI_O[7])
                                                      0.186     0.986 r  experiment/step_index_reg[16]_i_2/O[7]
                         net (fo=3, unplaced)         0.222     1.208    experiment/in40[16]
                         LUT4 (Prop_LUT4_I1_O)        0.138     1.346 f  experiment/stimulus_low_reg_bram_0_i_34/O
                         net (fo=1, unplaced)         0.294     1.640    experiment/stimulus_low_reg_bram_0_i_34_n_0
                         CARRY8 (Prop_CARRY8_DI[0]_CO[7])
                                                      0.373     2.013 f  experiment/stimulus_low_reg_bram_0_i_23/CO[7]
                         net (fo=5, unplaced)         0.205     2.218    experiment/core/step_index_reg[6]_rep__0[0]
                         LUT4 (Prop_LUT4_I2_O)        0.040     2.258 r  experiment/core/stimulus_low_reg_bram_0_i_17/O
                         net (fo=16, unplaced)        0.293     2.551    experiment/core/stimulus_low_reg_bram_0_i_17_n_0
                         LUT6 (Prop_LUT6_I1_O)        0.040     2.591 r  experiment/core/stimulus_low_reg_bram_4_i_3/O
                         net (fo=12, unplaced)        0.287     2.878    experiment/core/stim_read_addr[11]
                         LUT3 (Prop_LUT3_I2_O)        0.040     2.918 r  experiment/core/stimulus_low_reg_bram_1_i_4/O
                         net (fo=1, unplaced)         0.216     3.134    experiment/core_n_56
                         RAMB36E2                                     r  experiment/stimulus_low_reg_bram_1/ENBWREN
  -------------------------------------------------------------------    -------------------

                         (clock clk_200m_mmcm rise edge)
                                                      5.000     5.000 r  
    AL14                                              0.000     5.000 r  clk_50m (IN)
                         net (fo=0)                   0.000     5.000    clock_input_buffer/I
    AL14                 INBUF (Prop_INBUF_HRIO_PAD_O)
                                                      0.656     5.656 r  clock_input_buffer/INBUF_INST/O
                         net (fo=1, routed)           0.059     5.715    clock_input_buffer/OUT
    AL14                 IBUFCTRL (Prop_IBUFCTRL_HRIO_I_O)
                                                      0.032     5.747 r  clock_input_buffer/IBUFCTRL_INST/O
                         net (fo=1, unplaced)         0.708     6.455    clk_50m_ibuf
                         MMCME3_ADV (Prop_MMCME3_ADV_CLKIN1_CLKOUT0)
                                                     -4.900     1.555 r  clock_manager/CLKOUT0
                         net (fo=1, unplaced)         0.308     1.863    clk_200m_mmcm
                         BUFGCE (Prop_BUFGCE_I_O)     0.075     1.938 r  system_clock_buffer/O
                         net (fo=2539, unplaced)      2.439     4.377    experiment/clk_200m
                         RAMB36E2                                     r  experiment/stimulus_low_reg_bram_1/CLKBWRCLK
                         clock pessimism              0.492     4.868    
                         clock uncertainty           -0.245     4.623    
                         RAMB36E2 (Setup_RAMB36E2_CLKBWRCLK_ENBWREN)
                                                     -0.462     4.161    experiment/stimulus_low_reg_bram_1
  -------------------------------------------------------------------
                         required time                          4.161    
                         arrival time                          -3.134    
  -------------------------------------------------------------------
                         slack                                  1.027    

Slack (MET) :             1.027ns  (required time - arrival time)
  Source:                 experiment/step_index_reg[1]_rep/C
                            (rising edge-triggered cell FDRE clocked by clk_200m_mmcm  {rise@0.000ns fall@2.500ns period=5.000ns})
  Destination:            experiment/stimulus_low_reg_bram_2/ENBWREN
                            (rising edge-triggered cell RAMB36E2 clocked by clk_200m_mmcm  {rise@0.000ns fall@2.500ns period=5.000ns})
  Path Group:             clk_200m_mmcm
  Path Type:              Setup (Max at Slow Process Corner)
  Requirement:            5.000ns  (clk_200m_mmcm rise@5.000ns - clk_200m_mmcm rise@0.000ns)
  Data Path Delay:        3.121ns  (logic 1.291ns (41.365%)  route 1.830ns (58.635%))
  Logic Levels:           7  (CARRY8=3 LUT3=1 LUT4=2 LUT6=1)
  Clock Path Skew:        -0.145ns (DCD - SCD + CPR)
    Destination Clock Delay (DCD):    -0.623ns = ( 4.377 - 5.000 ) 
    Source Clock Delay      (SCD):    0.013ns
    Clock Pessimism Removal (CPR):    0.492ns
  Clock Uncertainty:      0.245ns  ((TSJ^2 + DJ^2)^1/2) / 2 + PE + UU
    Total System Jitter     (TSJ):    0.071ns
    Discrete Jitter          (DJ):    0.056ns
    Phase Error              (PE):    0.000ns
    User Uncertainty         (UU):    0.200ns

    Location             Delay type                Incr(ns)  Path(ns)    Netlist Resource(s)
  -------------------------------------------------------------------    -------------------
                         (clock clk_200m_mmcm rise edge)
                                                      0.000     0.000 r  
    AL14                                              0.000     0.000 r  clk_50m (IN)
                         net (fo=0)                   0.000     0.000    clock_input_buffer/I
    AL14                 INBUF (Prop_INBUF_HRIO_PAD_O)
                                                      0.922     0.922 r  clock_input_buffer/INBUF_INST/O
                         net (fo=1, routed)           0.092     1.014    clock_input_buffer/OUT
    AL14                 IBUFCTRL (Prop_IBUFCTRL_HRIO_I_O)
                                                      0.043     1.057 r  clock_input_buffer/IBUFCTRL_INST/O
                         net (fo=1, unplaced)         0.785     1.842    clk_50m_ibuf
                         MMCME3_ADV (Prop_MMCME3_ADV_CLKIN1_CLKOUT0)
                                                     -4.854    -3.012 r  clock_manager/CLKOUT0
                         net (fo=1, unplaced)         0.358    -2.654    clk_200m_mmcm
                         BUFGCE (Prop_BUFGCE_I_O)     0.083    -2.571 r  system_clock_buffer/O
                         net (fo=2539, unplaced)      2.584     0.013    experiment/clk_200m
                         FDRE                                         r  experiment/step_index_reg[1]_rep/C
  -------------------------------------------------------------------    -------------------
                         FDRE (Prop_FDRE_C_Q)         0.115     0.128 r  experiment/step_index_reg[1]_rep/Q
                         net (fo=25, unplaced)        0.313     0.441    experiment/step_index_reg[1]_rep_n_0
                         CARRY8 (Prop_CARRY8_S[0]_CO[7])
                                                      0.359     0.800 r  experiment/step_index_reg[8]_i_2/CO[7]
                         net (fo=1, unplaced)         0.000     0.800    experiment/step_index_reg[8]_i_2_n_0
                         CARRY8 (Prop_CARRY8_CI_O[7])
                                                      0.186     0.986 r  experiment/step_index_reg[16]_i_2/O[7]
                         net (fo=3, unplaced)         0.222     1.208    experiment/in40[16]
                         LUT4 (Prop_LUT4_I1_O)        0.138     1.346 f  experiment/stimulus_low_reg_bram_0_i_34/O
                         net (fo=1, unplaced)         0.294     1.640    experiment/stimulus_low_reg_bram_0_i_34_n_0
                         CARRY8 (Prop_CARRY8_DI[0]_CO[7])
                                                      0.373     2.013 f  experiment/stimulus_low_reg_bram_0_i_23/CO[7]
                         net (fo=5, unplaced)         0.205     2.218    experiment/core/step_index_reg[6]_rep__0[0]
                         LUT4 (Prop_LUT4_I2_O)        0.040     2.258 r  experiment/core/stimulus_low_reg_bram_0_i_17/O
                         net (fo=16, unplaced)        0.293     2.551    experiment/core/stimulus_low_reg_bram_0_i_17_n_0
                         LUT6 (Prop_LUT6_I1_O)        0.040     2.591 r  experiment/core/stimulus_low_reg_bram_6_i_2/O
                         net (fo=12, unplaced)        0.287     2.878    experiment/core/stim_read_addr[12]
                         LUT3 (Prop_LUT3_I2_O)        0.040     2.918 r  experiment/core/stimulus_low_reg_bram_2_i_3/O
                         net (fo=1, unplaced)         0.216     3.134    experiment/core_n_57
                         RAMB36E2                                     r  experiment/stimulus_low_reg_bram_2/ENBWREN
  -------------------------------------------------------------------    -------------------

                         (clock clk_200m_mmcm rise edge)
                                                      5.000     5.000 r  
    AL14                                              0.000     5.000 r  clk_50m (IN)
                         net (fo=0)                   0.000     5.000    clock_input_buffer/I
    AL14                 INBUF (Prop_INBUF_HRIO_PAD_O)
                                                      0.656     5.656 r  clock_input_buffer/INBUF_INST/O
                         net (fo=1, routed)           0.059     5.715    clock_input_buffer/OUT
    AL14                 IBUFCTRL (Prop_IBUFCTRL_HRIO_I_O)
                                                      0.032     5.747 r  clock_input_buffer/IBUFCTRL_INST/O
                         net (fo=1, unplaced)         0.708     6.455    clk_50m_ibuf
                         MMCME3_ADV (Prop_MMCME3_ADV_CLKIN1_CLKOUT0)
                                                     -4.900     1.555 r  clock_manager/CLKOUT0
                         net (fo=1, unplaced)         0.308     1.863    clk_200m_mmcm
                         BUFGCE (Prop_BUFGCE_I_O)     0.075     1.938 r  system_clock_buffer/O
                         net (fo=2539, unplaced)      2.439     4.377    experiment/clk_200m
                         RAMB36E2                                     r  experiment/stimulus_low_reg_bram_2/CLKBWRCLK
                         clock pessimism              0.492     4.868    
                         clock uncertainty           -0.245     4.623    
                         RAMB36E2 (Setup_RAMB36E2_CLKBWRCLK_ENBWREN)
                                                     -0.462     4.161    experiment/stimulus_low_reg_bram_2
  -------------------------------------------------------------------
                         required time                          4.161    
                         arrival time                          -3.134    
  -------------------------------------------------------------------
                         slack                                  1.027    

Slack (MET) :             1.027ns  (required time - arrival time)
  Source:                 experiment/step_index_reg[1]_rep/C
                            (rising edge-triggered cell FDRE clocked by clk_200m_mmcm  {rise@0.000ns fall@2.500ns period=5.000ns})
  Destination:            experiment/stimulus_low_reg_bram_3/ENBWREN
                            (rising edge-triggered cell RAMB36E2 clocked by clk_200m_mmcm  {rise@0.000ns fall@2.500ns period=5.000ns})
  Path Group:             clk_200m_mmcm
  Path Type:              Setup (Max at Slow Process Corner)
  Requirement:            5.000ns  (clk_200m_mmcm rise@5.000ns - clk_200m_mmcm rise@0.000ns)
  Data Path Delay:        3.121ns  (logic 1.291ns (41.365%)  route 1.830ns (58.635%))
  Logic Levels:           7  (CARRY8=3 LUT3=1 LUT4=2 LUT6=1)
  Clock Path Skew:        -0.145ns (DCD - SCD + CPR)
    Destination Clock Delay (DCD):    -0.623ns = ( 4.377 - 5.000 ) 
    Source Clock Delay      (SCD):    0.013ns
    Clock Pessimism Removal (CPR):    0.492ns
  Clock Uncertainty:      0.245ns  ((TSJ^2 + DJ^2)^1/2) / 2 + PE + UU
    Total System Jitter     (TSJ):    0.071ns
    Discrete Jitter          (DJ):    0.056ns
    Phase Error              (PE):    0.000ns
    User Uncertainty         (UU):    0.200ns

    Location             Delay type                Incr(ns)  Path(ns)    Netlist Resource(s)
  -------------------------------------------------------------------    -------------------
                         (clock clk_200m_mmcm rise edge)
                                                      0.000     0.000 r  
    AL14                                              0.000     0.000 r  clk_50m (IN)
                         net (fo=0)                   0.000     0.000    clock_input_buffer/I
    AL14                 INBUF (Prop_INBUF_HRIO_PAD_O)
                                                      0.922     0.922 r  clock_input_buffer/INBUF_INST/O
                         net (fo=1, routed)           0.092     1.014    clock_input_buffer/OUT
    AL14                 IBUFCTRL (Prop_IBUFCTRL_HRIO_I_O)
                                                      0.043     1.057 r  clock_input_buffer/IBUFCTRL_INST/O
                         net (fo=1, unplaced)         0.785     1.842    clk_50m_ibuf
                         MMCME3_ADV (Prop_MMCME3_ADV_CLKIN1_CLKOUT0)
                                                     -4.854    -3.012 r  clock_manager/CLKOUT0
                         net (fo=1, unplaced)         0.358    -2.654    clk_200m_mmcm
                         BUFGCE (Prop_BUFGCE_I_O)     0.083    -2.571 r  system_clock_buffer/O
                         net (fo=2539, unplaced)      2.584     0.013    experiment/clk_200m
                         FDRE                                         r  experiment/step_index_reg[1]_rep/C
  -------------------------------------------------------------------    -------------------
                         FDRE (Prop_FDRE_C_Q)         0.115     0.128 r  experiment/step_index_reg[1]_rep/Q
                         net (fo=25, unplaced)        0.313     0.441    experiment/step_index_reg[1]_rep_n_0
                         CARRY8 (Prop_CARRY8_S[0]_CO[7])
                                                      0.359     0.800 r  experiment/step_index_reg[8]_i_2/CO[7]
                         net (fo=1, unplaced)         0.000     0.800    experiment/step_index_reg[8]_i_2_n_0
                         CARRY8 (Prop_CARRY8_CI_O[7])
                                                      0.186     0.986 r  experiment/step_index_reg[16]_i_2/O[7]
                         net (fo=3, unplaced)         0.222     1.208    experiment/in40[16]
                         LUT4 (Prop_LUT4_I1_O)        0.138     1.346 f  experiment/stimulus_low_reg_bram_0_i_34/O
                         net (fo=1, unplaced)         0.294     1.640    experiment/stimulus_low_reg_bram_0_i_34_n_0
                         CARRY8 (Prop_CARRY8_DI[0]_CO[7])
                                                      0.373     2.013 f  experiment/stimulus_low_reg_bram_0_i_23/CO[7]
                         net (fo=5, unplaced)         0.205     2.218    experiment/core/step_index_reg[6]_rep__0[0]
                         LUT4 (Prop_LUT4_I2_O)        0.040     2.258 r  experiment/core/stimulus_low_reg_bram_0_i_17/O
                         net (fo=16, unplaced)        0.293     2.551    experiment/core/stimulus_low_reg_bram_0_i_17_n_0
                         LUT6 (Prop_LUT6_I1_O)        0.040     2.591 r  experiment/core/stimulus_low_reg_bram_4_i_3/O
                         net (fo=12, unplaced)        0.287     2.878    experiment/core/stim_read_addr[11]
                         LUT3 (Prop_LUT3_I2_O)        0.040     2.918 r  experiment/core/stimulus_low_reg_bram_3_i_3/O
                         net (fo=1, unplaced)         0.216     3.134    experiment/core_n_55
                         RAMB36E2                                     r  experiment/stimulus_low_reg_bram_3/ENBWREN
  -------------------------------------------------------------------    -------------------

                         (clock clk_200m_mmcm rise edge)
                                                      5.000     5.000 r  
    AL14                                              0.000     5.000 r  clk_50m (IN)
                         net (fo=0)                   0.000     5.000    clock_input_buffer/I
    AL14                 INBUF (Prop_INBUF_HRIO_PAD_O)
                                                      0.656     5.656 r  clock_input_buffer/INBUF_INST/O
                         net (fo=1, routed)           0.059     5.715    clock_input_buffer/OUT
    AL14                 IBUFCTRL (Prop_IBUFCTRL_HRIO_I_O)
                                                      0.032     5.747 r  clock_input_buffer/IBUFCTRL_INST/O
                         net (fo=1, unplaced)         0.708     6.455    clk_50m_ibuf
                         MMCME3_ADV (Prop_MMCME3_ADV_CLKIN1_CLKOUT0)
                                                     -4.900     1.555 r  clock_manager/CLKOUT0
                         net (fo=1, unplaced)         0.308     1.863    clk_200m_mmcm
                         BUFGCE (Prop_BUFGCE_I_O)     0.075     1.938 r  system_clock_buffer/O
                         net (fo=2539, unplaced)      2.439     4.377    experiment/clk_200m
                         RAMB36E2                                     r  experiment/stimulus_low_reg_bram_3/CLKBWRCLK
                         clock pessimism              0.492     4.868    
                         clock uncertainty           -0.245     4.623    
                         RAMB36E2 (Setup_RAMB36E2_CLKBWRCLK_ENBWREN)
                                                     -0.462     4.161    experiment/stimulus_low_reg_bram_3
  -------------------------------------------------------------------
                         required time                          4.161    
                         arrival time                          -3.134    
  -------------------------------------------------------------------
                         slack                                  1.027    

Slack (MET) :             1.027ns  (required time - arrival time)
  Source:                 experiment/step_index_reg[1]_rep/C
                            (rising edge-triggered cell FDRE clocked by clk_200m_mmcm  {rise@0.000ns fall@2.500ns period=5.000ns})
  Destination:            experiment/stimulus_low_reg_bram_4/ENBWREN
                            (rising edge-triggered cell RAMB36E2 clocked by clk_200m_mmcm  {rise@0.000ns fall@2.500ns period=5.000ns})
  Path Group:             clk_200m_mmcm
  Path Type:              Setup (Max at Slow Process Corner)
  Requirement:            5.000ns  (clk_200m_mmcm rise@5.000ns - clk_200m_mmcm rise@0.000ns)
  Data Path Delay:        3.121ns  (logic 1.291ns (41.365%)  route 1.830ns (58.635%))
  Logic Levels:           7  (CARRY8=3 LUT4=2 LUT6=2)
  Clock Path Skew:        -0.145ns (DCD - SCD + CPR)
    Destination Clock Delay (DCD):    -0.623ns = ( 4.377 - 5.000 ) 
    Source Clock Delay      (SCD):    0.013ns
    Clock Pessimism Removal (CPR):    0.492ns
  Clock Uncertainty:      0.245ns  ((TSJ^2 + DJ^2)^1/2) / 2 + PE + UU
    Total System Jitter     (TSJ):    0.071ns
    Discrete Jitter          (DJ):    0.056ns
    Phase Error              (PE):    0.000ns
    User Uncertainty         (UU):    0.200ns

    Location             Delay type                Incr(ns)  Path(ns)    Netlist Resource(s)
  -------------------------------------------------------------------    -------------------
                         (clock clk_200m_mmcm rise edge)
                                                      0.000     0.000 r  
    AL14                                              0.000     0.000 r  clk_50m (IN)
                         net (fo=0)                   0.000     0.000    clock_input_buffer/I
    AL14                 INBUF (Prop_INBUF_HRIO_PAD_O)
                                                      0.922     0.922 r  clock_input_buffer/INBUF_INST/O
                         net (fo=1, routed)           0.092     1.014    clock_input_buffer/OUT
    AL14                 IBUFCTRL (Prop_IBUFCTRL_HRIO_I_O)
                                                      0.043     1.057 r  clock_input_buffer/IBUFCTRL_INST/O
                         net (fo=1, unplaced)         0.785     1.842    clk_50m_ibuf
                         MMCME3_ADV (Prop_MMCME3_ADV_CLKIN1_CLKOUT0)
                                                     -4.854    -3.012 r  clock_manager/CLKOUT0
                         net (fo=1, unplaced)         0.358    -2.654    clk_200m_mmcm
                         BUFGCE (Prop_BUFGCE_I_O)     0.083    -2.571 r  system_clock_buffer/O
                         net (fo=2539, unplaced)      2.584     0.013    experiment/clk_200m
                         FDRE                                         r  experiment/step_index_reg[1]_rep/C
  -------------------------------------------------------------------    -------------------
                         FDRE (Prop_FDRE_C_Q)         0.115     0.128 r  experiment/step_index_reg[1]_rep/Q
                         net (fo=25, unplaced)        0.313     0.441    experiment/step_index_reg[1]_rep_n_0
                         CARRY8 (Prop_CARRY8_S[0]_CO[7])
                                                      0.359     0.800 r  experiment/step_index_reg[8]_i_2/CO[7]
                         net (fo=1, unplaced)         0.000     0.800    experiment/step_index_reg[8]_i_2_n_0
                         CARRY8 (Prop_CARRY8_CI_O[7])
                                                      0.186     0.986 r  experiment/step_index_reg[16]_i_2/O[7]
                         net (fo=3, unplaced)         0.222     1.208    experiment/in40[16]
                         LUT4 (Prop_LUT4_I1_O)        0.138     1.346 f  experiment/stimulus_low_reg_bram_0_i_34/O
                         net (fo=1, unplaced)         0.294     1.640    experiment/stimulus_low_reg_bram_0_i_34_n_0
                         CARRY8 (Prop_CARRY8_DI[0]_CO[7])
                                                      0.373     2.013 f  experiment/stimulus_low_reg_bram_0_i_23/CO[7]
                         net (fo=5, unplaced)         0.205     2.218    experiment/core/step_index_reg[6]_rep__0[0]
                         LUT4 (Prop_LUT4_I2_O)        0.040     2.258 r  experiment/core/stimulus_low_reg_bram_0_i_17/O
                         net (fo=16, unplaced)        0.293     2.551    experiment/core/stimulus_low_reg_bram_0_i_17_n_0
                         LUT6 (Prop_LUT6_I1_O)        0.040     2.591 f  experiment/core/stimulus_low_reg_bram_6_i_2/O
                         net (fo=12, unplaced)        0.287     2.878    experiment/core/stim_read_addr[12]
                         LUT6 (Prop_LUT6_I5_O)        0.040     2.918 r  experiment/core/stimulus_low_reg_bram_4_i_2/O
                         net (fo=1, unplaced)         0.216     3.134    experiment/core_n_87
                         RAMB36E2                                     r  experiment/stimulus_low_reg_bram_4/ENBWREN
  -------------------------------------------------------------------    -------------------

                         (clock clk_200m_mmcm rise edge)
                                                      5.000     5.000 r  
    AL14                                              0.000     5.000 r  clk_50m (IN)
                         net (fo=0)                   0.000     5.000    clock_input_buffer/I
    AL14                 INBUF (Prop_INBUF_HRIO_PAD_O)
                                                      0.656     5.656 r  clock_input_buffer/INBUF_INST/O
                         net (fo=1, routed)           0.059     5.715    clock_input_buffer/OUT
    AL14                 IBUFCTRL (Prop_IBUFCTRL_HRIO_I_O)
                                                      0.032     5.747 r  clock_input_buffer/IBUFCTRL_INST/O
                         net (fo=1, unplaced)         0.708     6.455    clk_50m_ibuf
                         MMCME3_ADV (Prop_MMCME3_ADV_CLKIN1_CLKOUT0)
                                                     -4.900     1.555 r  clock_manager/CLKOUT0
                         net (fo=1, unplaced)         0.308     1.863    clk_200m_mmcm
                         BUFGCE (Prop_BUFGCE_I_O)     0.075     1.938 r  system_clock_buffer/O
                         net (fo=2539, unplaced)      2.439     4.377    experiment/clk_200m
                         RAMB36E2                                     r  experiment/stimulus_low_reg_bram_4/CLKBWRCLK
                         clock pessimism              0.492     4.868    
                         clock uncertainty           -0.245     4.623    
                         RAMB36E2 (Setup_RAMB36E2_CLKBWRCLK_ENBWREN)
                                                     -0.462     4.161    experiment/stimulus_low_reg_bram_4
  -------------------------------------------------------------------
                         required time                          4.161    
                         arrival time                          -3.134    
  -------------------------------------------------------------------
                         slack                                  1.027    

Slack (MET) :             1.027ns  (required time - arrival time)
  Source:                 experiment/step_index_reg[1]_rep/C
                            (rising edge-triggered cell FDRE clocked by clk_200m_mmcm  {rise@0.000ns fall@2.500ns period=5.000ns})
  Destination:            experiment/stimulus_low_reg_bram_5/ENBWREN
                            (rising edge-triggered cell RAMB36E2 clocked by clk_200m_mmcm  {rise@0.000ns fall@2.500ns period=5.000ns})
  Path Group:             clk_200m_mmcm
  Path Type:              Setup (Max at Slow Process Corner)
  Requirement:            5.000ns  (clk_200m_mmcm rise@5.000ns - clk_200m_mmcm rise@0.000ns)
  Data Path Delay:        3.121ns  (logic 1.291ns (41.365%)  route 1.830ns (58.635%))
  Logic Levels:           7  (CARRY8=3 LUT4=2 LUT6=2)
  Clock Path Skew:        -0.145ns (DCD - SCD + CPR)
    Destination Clock Delay (DCD):    -0.623ns = ( 4.377 - 5.000 ) 
    Source Clock Delay      (SCD):    0.013ns
    Clock Pessimism Removal (CPR):    0.492ns
  Clock Uncertainty:      0.245ns  ((TSJ^2 + DJ^2)^1/2) / 2 + PE + UU
    Total System Jitter     (TSJ):    0.071ns
    Discrete Jitter          (DJ):    0.056ns
    Phase Error              (PE):    0.000ns
    User Uncertainty         (UU):    0.200ns

    Location             Delay type                Incr(ns)  Path(ns)    Netlist Resource(s)
  -------------------------------------------------------------------    -------------------
                         (clock clk_200m_mmcm rise edge)
                                                      0.000     0.000 r  
    AL14                                              0.000     0.000 r  clk_50m (IN)
                         net (fo=0)                   0.000     0.000    clock_input_buffer/I
    AL14                 INBUF (Prop_INBUF_HRIO_PAD_O)
                                                      0.922     0.922 r  clock_input_buffer/INBUF_INST/O
                         net (fo=1, routed)           0.092     1.014    clock_input_buffer/OUT
    AL14                 IBUFCTRL (Prop_IBUFCTRL_HRIO_I_O)
                                                      0.043     1.057 r  clock_input_buffer/IBUFCTRL_INST/O
                         net (fo=1, unplaced)         0.785     1.842    clk_50m_ibuf
                         MMCME3_ADV (Prop_MMCME3_ADV_CLKIN1_CLKOUT0)
                                                     -4.854    -3.012 r  clock_manager/CLKOUT0
                         net (fo=1, unplaced)         0.358    -2.654    clk_200m_mmcm
                         BUFGCE (Prop_BUFGCE_I_O)     0.083    -2.571 r  system_clock_buffer/O
                         net (fo=2539, unplaced)      2.584     0.013    experiment/clk_200m
                         FDRE                                         r  experiment/step_index_reg[1]_rep/C
  -------------------------------------------------------------------    -------------------
                         FDRE (Prop_FDRE_C_Q)         0.115     0.128 r  experiment/step_index_reg[1]_rep/Q
                         net (fo=25, unplaced)        0.313     0.441    experiment/step_index_reg[1]_rep_n_0
                         CARRY8 (Prop_CARRY8_S[0]_CO[7])
                                                      0.359     0.800 r  experiment/step_index_reg[8]_i_2/CO[7]
                         net (fo=1, unplaced)         0.000     0.800    experiment/step_index_reg[8]_i_2_n_0
                         CARRY8 (Prop_CARRY8_CI_O[7])
                                                      0.186     0.986 r  experiment/step_index_reg[16]_i_2/O[7]
                         net (fo=3, unplaced)         0.222     1.208    experiment/in40[16]
                         LUT4 (Prop_LUT4_I1_O)        0.138     1.346 f  experiment/stimulus_low_reg_bram_0_i_34/O
                         net (fo=1, unplaced)         0.294     1.640    experiment/stimulus_low_reg_bram_0_i_34_n_0
                         CARRY8 (Prop_CARRY8_DI[0]_CO[7])
                                                      0.373     2.013 f  experiment/stimulus_low_reg_bram_0_i_23/CO[7]
                         net (fo=5, unplaced)         0.205     2.218    experiment/core/step_index_reg[6]_rep__0[0]
                         LUT4 (Prop_LUT4_I2_O)        0.040     2.258 r  experiment/core/stimulus_low_reg_bram_0_i_17/O
                         net (fo=16, unplaced)        0.293     2.551    experiment/core/stimulus_low_reg_bram_0_i_17_n_0
                         LUT6 (Prop_LUT6_I1_O)        0.040     2.591 r  experiment/core/stimulus_low_reg_bram_6_i_2/O
                         net (fo=12, unplaced)        0.287     2.878    experiment/core/stim_read_addr[12]
                         LUT6 (Prop_LUT6_I5_O)        0.040     2.918 r  experiment/core/stimulus_low_reg_bram_5_i_3/O
                         net (fo=1, unplaced)         0.216     3.134    experiment/core_n_88
                         RAMB36E2                                     r  experiment/stimulus_low_reg_bram_5/ENBWREN
  -------------------------------------------------------------------    -------------------

                         (clock clk_200m_mmcm rise edge)
                                                      5.000     5.000 r  
    AL14                                              0.000     5.000 r  clk_50m (IN)
                         net (fo=0)                   0.000     5.000    clock_input_buffer/I
    AL14                 INBUF (Prop_INBUF_HRIO_PAD_O)
                                                      0.656     5.656 r  clock_input_buffer/INBUF_INST/O
                         net (fo=1, routed)           0.059     5.715    clock_input_buffer/OUT
    AL14                 IBUFCTRL (Prop_IBUFCTRL_HRIO_I_O)
                                                      0.032     5.747 r  clock_input_buffer/IBUFCTRL_INST/O
                         net (fo=1, unplaced)         0.708     6.455    clk_50m_ibuf
                         MMCME3_ADV (Prop_MMCME3_ADV_CLKIN1_CLKOUT0)
                                                     -4.900     1.555 r  clock_manager/CLKOUT0
                         net (fo=1, unplaced)         0.308     1.863    clk_200m_mmcm
                         BUFGCE (Prop_BUFGCE_I_O)     0.075     1.938 r  system_clock_buffer/O
                         net (fo=2539, unplaced)      2.439     4.377    experiment/clk_200m
                         RAMB36E2                                     r  experiment/stimulus_low_reg_bram_5/CLKBWRCLK
                         clock pessimism              0.492     4.868    
                         clock uncertainty           -0.245     4.623    
                         RAMB36E2 (Setup_RAMB36E2_CLKBWRCLK_ENBWREN)
                                                     -0.462     4.161    experiment/stimulus_low_reg_bram_5
  -------------------------------------------------------------------
                         required time                          4.161    
                         arrival time                          -3.134    
  -------------------------------------------------------------------
                         slack                                  1.027    

Slack (MET) :             1.124ns  (required time - arrival time)
  Source:                 experiment/step_index_reg[1]_rep/C
                            (rising edge-triggered cell FDRE clocked by clk_200m_mmcm  {rise@0.000ns fall@2.500ns period=5.000ns})
  Destination:            experiment/stimulus_high_reg_bram_0/ADDRBWRADDR[4]
                            (rising edge-triggered cell RAMB18E2 clocked by clk_200m_mmcm  {rise@0.000ns fall@2.500ns period=5.000ns})
  Path Group:             clk_200m_mmcm
  Path Type:              Setup (Max at Slow Process Corner)
  Requirement:            5.000ns  (clk_200m_mmcm rise@5.000ns - clk_200m_mmcm rise@0.000ns)
  Data Path Delay:        2.843ns  (logic 1.251ns (44.003%)  route 1.592ns (55.997%))
  Logic Levels:           6  (CARRY8=3 LUT4=3)
  Clock Path Skew:        -0.145ns (DCD - SCD + CPR)
    Destination Clock Delay (DCD):    -0.623ns = ( 4.377 - 5.000 ) 
    Source Clock Delay      (SCD):    0.013ns
    Clock Pessimism Removal (CPR):    0.492ns
  Clock Uncertainty:      0.245ns  ((TSJ^2 + DJ^2)^1/2) / 2 + PE + UU
    Total System Jitter     (TSJ):    0.071ns
    Discrete Jitter          (DJ):    0.056ns
    Phase Error              (PE):    0.000ns
    User Uncertainty         (UU):    0.200ns

    Location             Delay type                Incr(ns)  Path(ns)    Netlist Resource(s)
  -------------------------------------------------------------------    -------------------
                         (clock clk_200m_mmcm rise edge)
                                                      0.000     0.000 r  
    AL14                                              0.000     0.000 r  clk_50m (IN)
                         net (fo=0)                   0.000     0.000    clock_input_buffer/I
    AL14                 INBUF (Prop_INBUF_HRIO_PAD_O)
                                                      0.922     0.922 r  clock_input_buffer/INBUF_INST/O
                         net (fo=1, routed)           0.092     1.014    clock_input_buffer/OUT
    AL14                 IBUFCTRL (Prop_IBUFCTRL_HRIO_I_O)
                                                      0.043     1.057 r  clock_input_buffer/IBUFCTRL_INST/O
                         net (fo=1, unplaced)         0.785     1.842    clk_50m_ibuf
                         MMCME3_ADV (Prop_MMCME3_ADV_CLKIN1_CLKOUT0)
                                                     -4.854    -3.012 r  clock_manager/CLKOUT0
                         net (fo=1, unplaced)         0.358    -2.654    clk_200m_mmcm
                         BUFGCE (Prop_BUFGCE_I_O)     0.083    -2.571 r  system_clock_buffer/O
                         net (fo=2539, unplaced)      2.584     0.013    experiment/clk_200m
                         FDRE                                         r  experiment/step_index_reg[1]_rep/C
  -------------------------------------------------------------------    -------------------
                         FDRE (Prop_FDRE_C_Q)         0.115     0.128 r  experiment/step_index_reg[1]_rep/Q
                         net (fo=25, unplaced)        0.313     0.441    experiment/step_index_reg[1]_rep_n_0
                         CARRY8 (Prop_CARRY8_S[0]_CO[7])
                                                      0.359     0.800 r  experiment/step_index_reg[8]_i_2/CO[7]
                         net (fo=1, unplaced)         0.000     0.800    experiment/step_index_reg[8]_i_2_n_0
                         CARRY8 (Prop_CARRY8_CI_O[7])
                                                      0.186     0.986 r  experiment/step_index_reg[16]_i_2/O[7]
                         net (fo=3, unplaced)         0.222     1.208    experiment/in40[16]
                         LUT4 (Prop_LUT4_I1_O)        0.138     1.346 f  experiment/stimulus_low_reg_bram_0_i_34/O
                         net (fo=1, unplaced)         0.294     1.640    experiment/stimulus_low_reg_bram_0_i_34_n_0
                         CARRY8 (Prop_CARRY8_DI[0]_CO[7])
                                                      0.373     2.013 f  experiment/stimulus_low_reg_bram_0_i_23/CO[7]
                         net (fo=5, unplaced)         0.205     2.218    experiment/core/step_index_reg[6]_rep__0[0]
                         LUT4 (Prop_LUT4_I2_O)        0.040     2.258 r  experiment/core/stimulus_low_reg_bram_0_i_17/O
                         net (fo=16, unplaced)        0.293     2.551    experiment/core/stimulus_low_reg_bram_0_i_17_n_0
                         LUT4 (Prop_LUT4_I1_O)        0.040     2.591 r  experiment/core/stimulus_low_reg_bram_0_i_10/O
                         net (fo=9, unplaced)         0.265     2.856    experiment/stim_read_addr[3]
                         RAMB18E2                                     r  experiment/stimulus_high_reg_bram_0/ADDRBWRADDR[4]
  -------------------------------------------------------------------    -------------------

                         (clock clk_200m_mmcm rise edge)
                                                      5.000     5.000 r  
    AL14                                              0.000     5.000 r  clk_50m (IN)
                         net (fo=0)                   0.000     5.000    clock_input_buffer/I
    AL14                 INBUF (Prop_INBUF_HRIO_PAD_O)
                                                      0.656     5.656 r  clock_input_buffer/INBUF_INST/O
                         net (fo=1, routed)           0.059     5.715    clock_input_buffer/OUT
    AL14                 IBUFCTRL (Prop_IBUFCTRL_HRIO_I_O)
                                                      0.032     5.747 r  clock_input_buffer/IBUFCTRL_INST/O
                         net (fo=1, unplaced)         0.708     6.455    clk_50m_ibuf
                         MMCME3_ADV (Prop_MMCME3_ADV_CLKIN1_CLKOUT0)
                                                     -4.900     1.555 r  clock_manager/CLKOUT0
                         net (fo=1, unplaced)         0.308     1.863    clk_200m_mmcm
                         BUFGCE (Prop_BUFGCE_I_O)     0.075     1.938 r  system_clock_buffer/O
                         net (fo=2539, unplaced)      2.439     4.377    experiment/clk_200m
                         RAMB18E2                                     r  experiment/stimulus_high_reg_bram_0/CLKBWRCLK
                         clock pessimism              0.492     4.868    
                         clock uncertainty           -0.245     4.623    
                         RAMB18E2 (Setup_RAMB18E2_CLKBWRCLK_ADDRBWRADDR[4])
                                                     -0.643     3.980    experiment/stimulus_high_reg_bram_0
  -------------------------------------------------------------------
                         required time                          3.980    
                         arrival time                          -2.856    
  -------------------------------------------------------------------
                         slack                                  1.124    

Slack (MET) :             1.124ns  (required time - arrival time)
  Source:                 experiment/step_index_reg[1]_rep/C
                            (rising edge-triggered cell FDRE clocked by clk_200m_mmcm  {rise@0.000ns fall@2.500ns period=5.000ns})
  Destination:            experiment/stimulus_low_reg_bram_0/ADDRBWRADDR[5]
                            (rising edge-triggered cell RAMB36E2 clocked by clk_200m_mmcm  {rise@0.000ns fall@2.500ns period=5.000ns})
  Path Group:             clk_200m_mmcm
  Path Type:              Setup (Max at Slow Process Corner)
  Requirement:            5.000ns  (clk_200m_mmcm rise@5.000ns - clk_200m_mmcm rise@0.000ns)
  Data Path Delay:        2.843ns  (logic 1.251ns (44.003%)  route 1.592ns (55.997%))
  Logic Levels:           6  (CARRY8=3 LUT4=2 LUT5=1)
  Clock Path Skew:        -0.145ns (DCD - SCD + CPR)
    Destination Clock Delay (DCD):    -0.623ns = ( 4.377 - 5.000 ) 
    Source Clock Delay      (SCD):    0.013ns
    Clock Pessimism Removal (CPR):    0.492ns
  Clock Uncertainty:      0.245ns  ((TSJ^2 + DJ^2)^1/2) / 2 + PE + UU
    Total System Jitter     (TSJ):    0.071ns
    Discrete Jitter          (DJ):    0.056ns
    Phase Error              (PE):    0.000ns
    User Uncertainty         (UU):    0.200ns

    Location             Delay type                Incr(ns)  Path(ns)    Netlist Resource(s)
  -------------------------------------------------------------------    -------------------
                         (clock clk_200m_mmcm rise edge)
                                                      0.000     0.000 r  
    AL14                                              0.000     0.000 r  clk_50m (IN)
                         net (fo=0)                   0.000     0.000    clock_input_buffer/I
    AL14                 INBUF (Prop_INBUF_HRIO_PAD_O)
                                                      0.922     0.922 r  clock_input_buffer/INBUF_INST/O
                         net (fo=1, routed)           0.092     1.014    clock_input_buffer/OUT
    AL14                 IBUFCTRL (Prop_IBUFCTRL_HRIO_I_O)
                                                      0.043     1.057 r  clock_input_buffer/IBUFCTRL_INST/O
                         net (fo=1, unplaced)         0.785     1.842    clk_50m_ibuf
                         MMCME3_ADV (Prop_MMCME3_ADV_CLKIN1_CLKOUT0)
                                                     -4.854    -3.012 r  clock_manager/CLKOUT0
                         net (fo=1, unplaced)         0.358    -2.654    clk_200m_mmcm
                         BUFGCE (Prop_BUFGCE_I_O)     0.083    -2.571 r  system_clock_buffer/O
                         net (fo=2539, unplaced)      2.584     0.013    experiment/clk_200m
                         FDRE                                         r  experiment/step_index_reg[1]_rep/C
  -------------------------------------------------------------------    -------------------
                         FDRE (Prop_FDRE_C_Q)         0.115     0.128 r  experiment/step_index_reg[1]_rep/Q
                         net (fo=25, unplaced)        0.313     0.441    experiment/step_index_reg[1]_rep_n_0
                         CARRY8 (Prop_CARRY8_S[0]_CO[7])
                                                      0.359     0.800 r  experiment/step_index_reg[8]_i_2/CO[7]
                         net (fo=1, unplaced)         0.000     0.800    experiment/step_index_reg[8]_i_2_n_0
                         CARRY8 (Prop_CARRY8_CI_O[7])
                                                      0.186     0.986 r  experiment/step_index_reg[16]_i_2/O[7]
                         net (fo=3, unplaced)         0.222     1.208    experiment/in40[16]
                         LUT4 (Prop_LUT4_I1_O)        0.138     1.346 f  experiment/stimulus_low_reg_bram_0_i_34/O
                         net (fo=1, unplaced)         0.294     1.640    experiment/stimulus_low_reg_bram_0_i_34_n_0
                         CARRY8 (Prop_CARRY8_DI[0]_CO[7])
                                                      0.373     2.013 f  experiment/stimulus_low_reg_bram_0_i_23/CO[7]
                         net (fo=5, unplaced)         0.205     2.218    experiment/core/step_index_reg[6]_rep__0[0]
                         LUT4 (Prop_LUT4_I2_O)        0.040     2.258 r  experiment/core/stimulus_low_reg_bram_0_i_17/O
                         net (fo=16, unplaced)        0.293     2.551    experiment/core/stimulus_low_reg_bram_0_i_17_n_0
                         LUT5 (Prop_LUT5_I1_O)        0.040     2.591 r  experiment/core/stimulus_low_reg_bram_0_i_12/O
                         net (fo=9, unplaced)         0.265     2.856    experiment/stim_read_addr[1]
                         RAMB36E2                                     r  experiment/stimulus_low_reg_bram_0/ADDRBWRADDR[5]
  -------------------------------------------------------------------    -------------------

                         (clock clk_200m_mmcm rise edge)
                                                      5.000     5.000 r  
    AL14                                              0.000     5.000 r  clk_50m (IN)
                         net (fo=0)                   0.000     5.000    clock_input_buffer/I
    AL14                 INBUF (Prop_INBUF_HRIO_PAD_O)
                                                      0.656     5.656 r  clock_input_buffer/INBUF_INST/O
                         net (fo=1, routed)           0.059     5.715    clock_input_buffer/OUT
    AL14                 IBUFCTRL (Prop_IBUFCTRL_HRIO_I_O)
                                                      0.032     5.747 r  clock_input_buffer/IBUFCTRL_INST/O
                         net (fo=1, unplaced)         0.708     6.455    clk_50m_ibuf
                         MMCME3_ADV (Prop_MMCME3_ADV_CLKIN1_CLKOUT0)
                                                     -4.900     1.555 r  clock_manager/CLKOUT0
                         net (fo=1, unplaced)         0.308     1.863    clk_200m_mmcm
                         BUFGCE (Prop_BUFGCE_I_O)     0.075     1.938 r  system_clock_buffer/O
                         net (fo=2539, unplaced)      2.439     4.377    experiment/clk_200m
                         RAMB36E2                                     r  experiment/stimulus_low_reg_bram_0/CLKBWRCLK
                         clock pessimism              0.492     4.868    
                         clock uncertainty           -0.245     4.623    
                         RAMB36E2 (Setup_RAMB36E2_CLKBWRCLK_ADDRBWRADDR[5])
                                                     -0.643     3.980    experiment/stimulus_low_reg_bram_0
  -------------------------------------------------------------------
                         required time                          3.980    
                         arrival time                          -2.856    
  -------------------------------------------------------------------
                         slack                                  1.124    

Slack (MET) :             1.124ns  (required time - arrival time)
  Source:                 experiment/step_index_reg[1]_rep/C
                            (rising edge-triggered cell FDRE clocked by clk_200m_mmcm  {rise@0.000ns fall@2.500ns period=5.000ns})
  Destination:            experiment/stimulus_low_reg_bram_1/ADDRBWRADDR[5]
                            (rising edge-triggered cell RAMB36E2 clocked by clk_200m_mmcm  {rise@0.000ns fall@2.500ns period=5.000ns})
  Path Group:             clk_200m_mmcm
  Path Type:              Setup (Max at Slow Process Corner)
  Requirement:            5.000ns  (clk_200m_mmcm rise@5.000ns - clk_200m_mmcm rise@0.000ns)
  Data Path Delay:        2.843ns  (logic 1.251ns (44.003%)  route 1.592ns (55.997%))
  Logic Levels:           6  (CARRY8=3 LUT4=2 LUT5=1)
  Clock Path Skew:        -0.145ns (DCD - SCD + CPR)
    Destination Clock Delay (DCD):    -0.623ns = ( 4.377 - 5.000 ) 
    Source Clock Delay      (SCD):    0.013ns
    Clock Pessimism Removal (CPR):    0.492ns
  Clock Uncertainty:      0.245ns  ((TSJ^2 + DJ^2)^1/2) / 2 + PE + UU
    Total System Jitter     (TSJ):    0.071ns
    Discrete Jitter          (DJ):    0.056ns
    Phase Error              (PE):    0.000ns
    User Uncertainty         (UU):    0.200ns

    Location             Delay type                Incr(ns)  Path(ns)    Netlist Resource(s)
  -------------------------------------------------------------------    -------------------
                         (clock clk_200m_mmcm rise edge)
                                                      0.000     0.000 r  
    AL14                                              0.000     0.000 r  clk_50m (IN)
                         net (fo=0)                   0.000     0.000    clock_input_buffer/I
    AL14                 INBUF (Prop_INBUF_HRIO_PAD_O)
                                                      0.922     0.922 r  clock_input_buffer/INBUF_INST/O
                         net (fo=1, routed)           0.092     1.014    clock_input_buffer/OUT
    AL14                 IBUFCTRL (Prop_IBUFCTRL_HRIO_I_O)
                                                      0.043     1.057 r  clock_input_buffer/IBUFCTRL_INST/O
                         net (fo=1, unplaced)         0.785     1.842    clk_50m_ibuf
                         MMCME3_ADV (Prop_MMCME3_ADV_CLKIN1_CLKOUT0)
                                                     -4.854    -3.012 r  clock_manager/CLKOUT0
                         net (fo=1, unplaced)         0.358    -2.654    clk_200m_mmcm
                         BUFGCE (Prop_BUFGCE_I_O)     0.083    -2.571 r  system_clock_buffer/O
                         net (fo=2539, unplaced)      2.584     0.013    experiment/clk_200m
                         FDRE                                         r  experiment/step_index_reg[1]_rep/C
  -------------------------------------------------------------------    -------------------
                         FDRE (Prop_FDRE_C_Q)         0.115     0.128 r  experiment/step_index_reg[1]_rep/Q
                         net (fo=25, unplaced)        0.313     0.441    experiment/step_index_reg[1]_rep_n_0
                         CARRY8 (Prop_CARRY8_S[0]_CO[7])
                                                      0.359     0.800 r  experiment/step_index_reg[8]_i_2/CO[7]
                         net (fo=1, unplaced)         0.000     0.800    experiment/step_index_reg[8]_i_2_n_0
                         CARRY8 (Prop_CARRY8_CI_O[7])
                                                      0.186     0.986 r  experiment/step_index_reg[16]_i_2/O[7]
                         net (fo=3, unplaced)         0.222     1.208    experiment/in40[16]
                         LUT4 (Prop_LUT4_I1_O)        0.138     1.346 f  experiment/stimulus_low_reg_bram_0_i_34/O
                         net (fo=1, unplaced)         0.294     1.640    experiment/stimulus_low_reg_bram_0_i_34_n_0
                         CARRY8 (Prop_CARRY8_DI[0]_CO[7])
                                                      0.373     2.013 f  experiment/stimulus_low_reg_bram_0_i_23/CO[7]
                         net (fo=5, unplaced)         0.205     2.218    experiment/core/step_index_reg[6]_rep__0[0]
                         LUT4 (Prop_LUT4_I2_O)        0.040     2.258 r  experiment/core/stimulus_low_reg_bram_0_i_17/O
                         net (fo=16, unplaced)        0.293     2.551    experiment/core/stimulus_low_reg_bram_0_i_17_n_0
                         LUT5 (Prop_LUT5_I1_O)        0.040     2.591 r  experiment/core/stimulus_low_reg_bram_0_i_12/O
                         net (fo=9, unplaced)         0.265     2.856    experiment/stim_read_addr[1]
                         RAMB36E2                                     r  experiment/stimulus_low_reg_bram_1/ADDRBWRADDR[5]
  -------------------------------------------------------------------    -------------------

                         (clock clk_200m_mmcm rise edge)
                                                      5.000     5.000 r  
    AL14                                              0.000     5.000 r  clk_50m (IN)
                         net (fo=0)                   0.000     5.000    clock_input_buffer/I
    AL14                 INBUF (Prop_INBUF_HRIO_PAD_O)
                                                      0.656     5.656 r  clock_input_buffer/INBUF_INST/O
                         net (fo=1, routed)           0.059     5.715    clock_input_buffer/OUT
    AL14                 IBUFCTRL (Prop_IBUFCTRL_HRIO_I_O)
                                                      0.032     5.747 r  clock_input_buffer/IBUFCTRL_INST/O
                         net (fo=1, unplaced)         0.708     6.455    clk_50m_ibuf
                         MMCME3_ADV (Prop_MMCME3_ADV_CLKIN1_CLKOUT0)
                                                     -4.900     1.555 r  clock_manager/CLKOUT0
                         net (fo=1, unplaced)         0.308     1.863    clk_200m_mmcm
                         BUFGCE (Prop_BUFGCE_I_O)     0.075     1.938 r  system_clock_buffer/O
                         net (fo=2539, unplaced)      2.439     4.377    experiment/clk_200m
                         RAMB36E2                                     r  experiment/stimulus_low_reg_bram_1/CLKBWRCLK
                         clock pessimism              0.492     4.868    
                         clock uncertainty           -0.245     4.623    
                         RAMB36E2 (Setup_RAMB36E2_CLKBWRCLK_ADDRBWRADDR[5])
                                                     -0.643     3.980    experiment/stimulus_low_reg_bram_1
  -------------------------------------------------------------------
                         required time                          3.980    
                         arrival time                          -2.856    
  -------------------------------------------------------------------
                         slack                                  1.124    

Slack (MET) :             1.124ns  (required time - arrival time)
  Source:                 experiment/step_index_reg[1]_rep/C
                            (rising edge-triggered cell FDRE clocked by clk_200m_mmcm  {rise@0.000ns fall@2.500ns period=5.000ns})
  Destination:            experiment/stimulus_low_reg_bram_2/ADDRBWRADDR[5]
                            (rising edge-triggered cell RAMB36E2 clocked by clk_200m_mmcm  {rise@0.000ns fall@2.500ns period=5.000ns})
  Path Group:             clk_200m_mmcm
  Path Type:              Setup (Max at Slow Process Corner)
  Requirement:            5.000ns  (clk_200m_mmcm rise@5.000ns - clk_200m_mmcm rise@0.000ns)
  Data Path Delay:        2.843ns  (logic 1.251ns (44.003%)  route 1.592ns (55.997%))
  Logic Levels:           6  (CARRY8=3 LUT4=2 LUT5=1)
  Clock Path Skew:        -0.145ns (DCD - SCD + CPR)
    Destination Clock Delay (DCD):    -0.623ns = ( 4.377 - 5.000 ) 
    Source Clock Delay      (SCD):    0.013ns
    Clock Pessimism Removal (CPR):    0.492ns
  Clock Uncertainty:      0.245ns  ((TSJ^2 + DJ^2)^1/2) / 2 + PE + UU
    Total System Jitter     (TSJ):    0.071ns
    Discrete Jitter          (DJ):    0.056ns
    Phase Error              (PE):    0.000ns
    User Uncertainty         (UU):    0.200ns

    Location             Delay type                Incr(ns)  Path(ns)    Netlist Resource(s)
  -------------------------------------------------------------------    -------------------
                         (clock clk_200m_mmcm rise edge)
                                                      0.000     0.000 r  
    AL14                                              0.000     0.000 r  clk_50m (IN)
                         net (fo=0)                   0.000     0.000    clock_input_buffer/I
    AL14                 INBUF (Prop_INBUF_HRIO_PAD_O)
                                                      0.922     0.922 r  clock_input_buffer/INBUF_INST/O
                         net (fo=1, routed)           0.092     1.014    clock_input_buffer/OUT
    AL14                 IBUFCTRL (Prop_IBUFCTRL_HRIO_I_O)
                                                      0.043     1.057 r  clock_input_buffer/IBUFCTRL_INST/O
                         net (fo=1, unplaced)         0.785     1.842    clk_50m_ibuf
                         MMCME3_ADV (Prop_MMCME3_ADV_CLKIN1_CLKOUT0)
                                                     -4.854    -3.012 r  clock_manager/CLKOUT0
                         net (fo=1, unplaced)         0.358    -2.654    clk_200m_mmcm
                         BUFGCE (Prop_BUFGCE_I_O)     0.083    -2.571 r  system_clock_buffer/O
                         net (fo=2539, unplaced)      2.584     0.013    experiment/clk_200m
                         FDRE                                         r  experiment/step_index_reg[1]_rep/C
  -------------------------------------------------------------------    -------------------
                         FDRE (Prop_FDRE_C_Q)         0.115     0.128 r  experiment/step_index_reg[1]_rep/Q
                         net (fo=25, unplaced)        0.313     0.441    experiment/step_index_reg[1]_rep_n_0
                         CARRY8 (Prop_CARRY8_S[0]_CO[7])
                                                      0.359     0.800 r  experiment/step_index_reg[8]_i_2/CO[7]
                         net (fo=1, unplaced)         0.000     0.800    experiment/step_index_reg[8]_i_2_n_0
                         CARRY8 (Prop_CARRY8_CI_O[7])
                                                      0.186     0.986 r  experiment/step_index_reg[16]_i_2/O[7]
                         net (fo=3, unplaced)         0.222     1.208    experiment/in40[16]
                         LUT4 (Prop_LUT4_I1_O)        0.138     1.346 f  experiment/stimulus_low_reg_bram_0_i_34/O
                         net (fo=1, unplaced)         0.294     1.640    experiment/stimulus_low_reg_bram_0_i_34_n_0
                         CARRY8 (Prop_CARRY8_DI[0]_CO[7])
                                                      0.373     2.013 f  experiment/stimulus_low_reg_bram_0_i_23/CO[7]
                         net (fo=5, unplaced)         0.205     2.218    experiment/core/step_index_reg[6]_rep__0[0]
                         LUT4 (Prop_LUT4_I2_O)        0.040     2.258 r  experiment/core/stimulus_low_reg_bram_0_i_17/O
                         net (fo=16, unplaced)        0.293     2.551    experiment/core/stimulus_low_reg_bram_0_i_17_n_0
                         LUT5 (Prop_LUT5_I1_O)        0.040     2.591 r  experiment/core/stimulus_low_reg_bram_0_i_12/O
                         net (fo=9, unplaced)         0.265     2.856    experiment/stim_read_addr[1]
                         RAMB36E2                                     r  experiment/stimulus_low_reg_bram_2/ADDRBWRADDR[5]
  -------------------------------------------------------------------    -------------------

                         (clock clk_200m_mmcm rise edge)
                                                      5.000     5.000 r  
    AL14                                              0.000     5.000 r  clk_50m (IN)
                         net (fo=0)                   0.000     5.000    clock_input_buffer/I
    AL14                 INBUF (Prop_INBUF_HRIO_PAD_O)
                                                      0.656     5.656 r  clock_input_buffer/INBUF_INST/O
                         net (fo=1, routed)           0.059     5.715    clock_input_buffer/OUT
    AL14                 IBUFCTRL (Prop_IBUFCTRL_HRIO_I_O)
                                                      0.032     5.747 r  clock_input_buffer/IBUFCTRL_INST/O
                         net (fo=1, unplaced)         0.708     6.455    clk_50m_ibuf
                         MMCME3_ADV (Prop_MMCME3_ADV_CLKIN1_CLKOUT0)
                                                     -4.900     1.555 r  clock_manager/CLKOUT0
                         net (fo=1, unplaced)         0.308     1.863    clk_200m_mmcm
                         BUFGCE (Prop_BUFGCE_I_O)     0.075     1.938 r  system_clock_buffer/O
                         net (fo=2539, unplaced)      2.439     4.377    experiment/clk_200m
                         RAMB36E2                                     r  experiment/stimulus_low_reg_bram_2/CLKBWRCLK
                         clock pessimism              0.492     4.868    
                         clock uncertainty           -0.245     4.623    
                         RAMB36E2 (Setup_RAMB36E2_CLKBWRCLK_ADDRBWRADDR[5])
                                                     -0.643     3.980    experiment/stimulus_low_reg_bram_2
  -------------------------------------------------------------------
                         required time                          3.980    
                         arrival time                          -2.856    
  -------------------------------------------------------------------
                         slack                                  1.124    

Slack (MET) :             1.124ns  (required time - arrival time)
  Source:                 experiment/step_index_reg[1]_rep/C
                            (rising edge-triggered cell FDRE clocked by clk_200m_mmcm  {rise@0.000ns fall@2.500ns period=5.000ns})
  Destination:            experiment/stimulus_low_reg_bram_3/ADDRBWRADDR[5]
                            (rising edge-triggered cell RAMB36E2 clocked by clk_200m_mmcm  {rise@0.000ns fall@2.500ns period=5.000ns})
  Path Group:             clk_200m_mmcm
  Path Type:              Setup (Max at Slow Process Corner)
  Requirement:            5.000ns  (clk_200m_mmcm rise@5.000ns - clk_200m_mmcm rise@0.000ns)
  Data Path Delay:        2.843ns  (logic 1.251ns (44.003%)  route 1.592ns (55.997%))
  Logic Levels:           6  (CARRY8=3 LUT4=2 LUT5=1)
  Clock Path Skew:        -0.145ns (DCD - SCD + CPR)
    Destination Clock Delay (DCD):    -0.623ns = ( 4.377 - 5.000 ) 
    Source Clock Delay      (SCD):    0.013ns
    Clock Pessimism Removal (CPR):    0.492ns
  Clock Uncertainty:      0.245ns  ((TSJ^2 + DJ^2)^1/2) / 2 + PE + UU
    Total System Jitter     (TSJ):    0.071ns
    Discrete Jitter          (DJ):    0.056ns
    Phase Error              (PE):    0.000ns
    User Uncertainty         (UU):    0.200ns

    Location             Delay type                Incr(ns)  Path(ns)    Netlist Resource(s)
  -------------------------------------------------------------------    -------------------
                         (clock clk_200m_mmcm rise edge)
                                                      0.000     0.000 r  
    AL14                                              0.000     0.000 r  clk_50m (IN)
                         net (fo=0)                   0.000     0.000    clock_input_buffer/I
    AL14                 INBUF (Prop_INBUF_HRIO_PAD_O)
                                                      0.922     0.922 r  clock_input_buffer/INBUF_INST/O
                         net (fo=1, routed)           0.092     1.014    clock_input_buffer/OUT
    AL14                 IBUFCTRL (Prop_IBUFCTRL_HRIO_I_O)
                                                      0.043     1.057 r  clock_input_buffer/IBUFCTRL_INST/O
                         net (fo=1, unplaced)         0.785     1.842    clk_50m_ibuf
                         MMCME3_ADV (Prop_MMCME3_ADV_CLKIN1_CLKOUT0)
                                                     -4.854    -3.012 r  clock_manager/CLKOUT0
                         net (fo=1, unplaced)         0.358    -2.654    clk_200m_mmcm
                         BUFGCE (Prop_BUFGCE_I_O)     0.083    -2.571 r  system_clock_buffer/O
                         net (fo=2539, unplaced)      2.584     0.013    experiment/clk_200m
                         FDRE                                         r  experiment/step_index_reg[1]_rep/C
  -------------------------------------------------------------------    -------------------
                         FDRE (Prop_FDRE_C_Q)         0.115     0.128 r  experiment/step_index_reg[1]_rep/Q
                         net (fo=25, unplaced)        0.313     0.441    experiment/step_index_reg[1]_rep_n_0
                         CARRY8 (Prop_CARRY8_S[0]_CO[7])
                                                      0.359     0.800 r  experiment/step_index_reg[8]_i_2/CO[7]
                         net (fo=1, unplaced)         0.000     0.800    experiment/step_index_reg[8]_i_2_n_0
                         CARRY8 (Prop_CARRY8_CI_O[7])
                                                      0.186     0.986 r  experiment/step_index_reg[16]_i_2/O[7]
                         net (fo=3, unplaced)         0.222     1.208    experiment/in40[16]
                         LUT4 (Prop_LUT4_I1_O)        0.138     1.346 f  experiment/stimulus_low_reg_bram_0_i_34/O
                         net (fo=1, unplaced)         0.294     1.640    experiment/stimulus_low_reg_bram_0_i_34_n_0
                         CARRY8 (Prop_CARRY8_DI[0]_CO[7])
                                                      0.373     2.013 f  experiment/stimulus_low_reg_bram_0_i_23/CO[7]
                         net (fo=5, unplaced)         0.205     2.218    experiment/core/step_index_reg[6]_rep__0[0]
                         LUT4 (Prop_LUT4_I2_O)        0.040     2.258 r  experiment/core/stimulus_low_reg_bram_0_i_17/O
                         net (fo=16, unplaced)        0.293     2.551    experiment/core/stimulus_low_reg_bram_0_i_17_n_0
                         LUT5 (Prop_LUT5_I1_O)        0.040     2.591 r  experiment/core/stimulus_low_reg_bram_0_i_12/O
                         net (fo=9, unplaced)         0.265     2.856    experiment/stim_read_addr[1]
                         RAMB36E2                                     r  experiment/stimulus_low_reg_bram_3/ADDRBWRADDR[5]
  -------------------------------------------------------------------    -------------------

                         (clock clk_200m_mmcm rise edge)
                                                      5.000     5.000 r  
    AL14                                              0.000     5.000 r  clk_50m (IN)
                         net (fo=0)                   0.000     5.000    clock_input_buffer/I
    AL14                 INBUF (Prop_INBUF_HRIO_PAD_O)
                                                      0.656     5.656 r  clock_input_buffer/INBUF_INST/O
                         net (fo=1, routed)           0.059     5.715    clock_input_buffer/OUT
    AL14                 IBUFCTRL (Prop_IBUFCTRL_HRIO_I_O)
                                                      0.032     5.747 r  clock_input_buffer/IBUFCTRL_INST/O
                         net (fo=1, unplaced)         0.708     6.455    clk_50m_ibuf
                         MMCME3_ADV (Prop_MMCME3_ADV_CLKIN1_CLKOUT0)
                                                     -4.900     1.555 r  clock_manager/CLKOUT0
                         net (fo=1, unplaced)         0.308     1.863    clk_200m_mmcm
                         BUFGCE (Prop_BUFGCE_I_O)     0.075     1.938 r  system_clock_buffer/O
                         net (fo=2539, unplaced)      2.439     4.377    experiment/clk_200m
                         RAMB36E2                                     r  experiment/stimulus_low_reg_bram_3/CLKBWRCLK
                         clock pessimism              0.492     4.868    
                         clock uncertainty           -0.245     4.623    
                         RAMB36E2 (Setup_RAMB36E2_CLKBWRCLK_ADDRBWRADDR[5])
                                                     -0.643     3.980    experiment/stimulus_low_reg_bram_3
  -------------------------------------------------------------------
                         required time                          3.980    
                         arrival time                          -2.856    
  -------------------------------------------------------------------
                         slack                                  1.124    

Slack (MET) :             1.124ns  (required time - arrival time)
  Source:                 experiment/step_index_reg[1]_rep/C
                            (rising edge-triggered cell FDRE clocked by clk_200m_mmcm  {rise@0.000ns fall@2.500ns period=5.000ns})
  Destination:            experiment/stimulus_low_reg_bram_4/ADDRBWRADDR[5]
                            (rising edge-triggered cell RAMB36E2 clocked by clk_200m_mmcm  {rise@0.000ns fall@2.500ns period=5.000ns})
  Path Group:             clk_200m_mmcm
  Path Type:              Setup (Max at Slow Process Corner)
  Requirement:            5.000ns  (clk_200m_mmcm rise@5.000ns - clk_200m_mmcm rise@0.000ns)
  Data Path Delay:        2.843ns  (logic 1.251ns (44.003%)  route 1.592ns (55.997%))
  Logic Levels:           6  (CARRY8=3 LUT4=2 LUT6=1)
  Clock Path Skew:        -0.145ns (DCD - SCD + CPR)
    Destination Clock Delay (DCD):    -0.623ns = ( 4.377 - 5.000 ) 
    Source Clock Delay      (SCD):    0.013ns
    Clock Pessimism Removal (CPR):    0.492ns
  Clock Uncertainty:      0.245ns  ((TSJ^2 + DJ^2)^1/2) / 2 + PE + UU
    Total System Jitter     (TSJ):    0.071ns
    Discrete Jitter          (DJ):    0.056ns
    Phase Error              (PE):    0.000ns
    User Uncertainty         (UU):    0.200ns

    Location             Delay type                Incr(ns)  Path(ns)    Netlist Resource(s)
  -------------------------------------------------------------------    -------------------
                         (clock clk_200m_mmcm rise edge)
                                                      0.000     0.000 r  
    AL14                                              0.000     0.000 r  clk_50m (IN)
                         net (fo=0)                   0.000     0.000    clock_input_buffer/I
    AL14                 INBUF (Prop_INBUF_HRIO_PAD_O)
                                                      0.922     0.922 r  clock_input_buffer/INBUF_INST/O
                         net (fo=1, routed)           0.092     1.014    clock_input_buffer/OUT
    AL14                 IBUFCTRL (Prop_IBUFCTRL_HRIO_I_O)
                                                      0.043     1.057 r  clock_input_buffer/IBUFCTRL_INST/O
                         net (fo=1, unplaced)         0.785     1.842    clk_50m_ibuf
                         MMCME3_ADV (Prop_MMCME3_ADV_CLKIN1_CLKOUT0)
                                                     -4.854    -3.012 r  clock_manager/CLKOUT0
                         net (fo=1, unplaced)         0.358    -2.654    clk_200m_mmcm
                         BUFGCE (Prop_BUFGCE_I_O)     0.083    -2.571 r  system_clock_buffer/O
                         net (fo=2539, unplaced)      2.584     0.013    experiment/clk_200m
                         FDRE                                         r  experiment/step_index_reg[1]_rep/C
  -------------------------------------------------------------------    -------------------
                         FDRE (Prop_FDRE_C_Q)         0.115     0.128 r  experiment/step_index_reg[1]_rep/Q
                         net (fo=25, unplaced)        0.313     0.441    experiment/step_index_reg[1]_rep_n_0
                         CARRY8 (Prop_CARRY8_S[0]_CO[7])
                                                      0.359     0.800 r  experiment/step_index_reg[8]_i_2/CO[7]
                         net (fo=1, unplaced)         0.000     0.800    experiment/step_index_reg[8]_i_2_n_0
                         CARRY8 (Prop_CARRY8_CI_O[7])
                                                      0.186     0.986 r  experiment/step_index_reg[16]_i_2/O[7]
                         net (fo=3, unplaced)         0.222     1.208    experiment/in40[16]
                         LUT4 (Prop_LUT4_I1_O)        0.138     1.346 f  experiment/stimulus_low_reg_bram_0_i_34/O
                         net (fo=1, unplaced)         0.294     1.640    experiment/stimulus_low_reg_bram_0_i_34_n_0
                         CARRY8 (Prop_CARRY8_DI[0]_CO[7])
                                                      0.373     2.013 f  experiment/stimulus_low_reg_bram_0_i_23/CO[7]
                         net (fo=5, unplaced)         0.205     2.218    experiment/core/step_index_reg[6]_rep__0[0]
                         LUT4 (Prop_LUT4_I2_O)        0.040     2.258 r  experiment/core/stimulus_low_reg_bram_0_i_17/O
                         net (fo=16, unplaced)        0.293     2.551    experiment/core/stimulus_low_reg_bram_0_i_17_n_0
                         LUT6 (Prop_LUT6_I1_O)        0.040     2.591 r  experiment/core/stimulus_low_reg_bram_0_i_11/O
                         net (fo=9, unplaced)         0.265     2.856    experiment/stim_read_addr[2]
                         RAMB36E2                                     r  experiment/stimulus_low_reg_bram_4/ADDRBWRADDR[5]
  -------------------------------------------------------------------    -------------------

                         (clock clk_200m_mmcm rise edge)
                                                      5.000     5.000 r  
    AL14                                              0.000     5.000 r  clk_50m (IN)
                         net (fo=0)                   0.000     5.000    clock_input_buffer/I
    AL14                 INBUF (Prop_INBUF_HRIO_PAD_O)
                                                      0.656     5.656 r  clock_input_buffer/INBUF_INST/O
                         net (fo=1, routed)           0.059     5.715    clock_input_buffer/OUT
    AL14                 IBUFCTRL (Prop_IBUFCTRL_HRIO_I_O)
                                                      0.032     5.747 r  clock_input_buffer/IBUFCTRL_INST/O
                         net (fo=1, unplaced)         0.708     6.455    clk_50m_ibuf
                         MMCME3_ADV (Prop_MMCME3_ADV_CLKIN1_CLKOUT0)
                                                     -4.900     1.555 r  clock_manager/CLKOUT0
                         net (fo=1, unplaced)         0.308     1.863    clk_200m_mmcm
                         BUFGCE (Prop_BUFGCE_I_O)     0.075     1.938 r  system_clock_buffer/O
                         net (fo=2539, unplaced)      2.439     4.377    experiment/clk_200m
                         RAMB36E2                                     r  experiment/stimulus_low_reg_bram_4/CLKBWRCLK
                         clock pessimism              0.492     4.868    
                         clock uncertainty           -0.245     4.623    
                         RAMB36E2 (Setup_RAMB36E2_CLKBWRCLK_ADDRBWRADDR[5])
                                                     -0.643     3.980    experiment/stimulus_low_reg_bram_4
  -------------------------------------------------------------------
                         required time                          3.980    
                         arrival time                          -2.856    
  -------------------------------------------------------------------
                         slack                                  1.124    

Slack (MET) :             1.124ns  (required time - arrival time)
  Source:                 experiment/step_index_reg[1]_rep/C
                            (rising edge-triggered cell FDRE clocked by clk_200m_mmcm  {rise@0.000ns fall@2.500ns period=5.000ns})
  Destination:            experiment/stimulus_low_reg_bram_5/ADDRBWRADDR[5]
                            (rising edge-triggered cell RAMB36E2 clocked by clk_200m_mmcm  {rise@0.000ns fall@2.500ns period=5.000ns})
  Path Group:             clk_200m_mmcm
  Path Type:              Setup (Max at Slow Process Corner)
  Requirement:            5.000ns  (clk_200m_mmcm rise@5.000ns - clk_200m_mmcm rise@0.000ns)
  Data Path Delay:        2.843ns  (logic 1.251ns (44.003%)  route 1.592ns (55.997%))
  Logic Levels:           6  (CARRY8=3 LUT4=2 LUT6=1)
  Clock Path Skew:        -0.145ns (DCD - SCD + CPR)
    Destination Clock Delay (DCD):    -0.623ns = ( 4.377 - 5.000 ) 
    Source Clock Delay      (SCD):    0.013ns
    Clock Pessimism Removal (CPR):    0.492ns
  Clock Uncertainty:      0.245ns  ((TSJ^2 + DJ^2)^1/2) / 2 + PE + UU
    Total System Jitter     (TSJ):    0.071ns
    Discrete Jitter          (DJ):    0.056ns
    Phase Error              (PE):    0.000ns
    User Uncertainty         (UU):    0.200ns

    Location             Delay type                Incr(ns)  Path(ns)    Netlist Resource(s)
  -------------------------------------------------------------------    -------------------
                         (clock clk_200m_mmcm rise edge)
                                                      0.000     0.000 r  
    AL14                                              0.000     0.000 r  clk_50m (IN)
                         net (fo=0)                   0.000     0.000    clock_input_buffer/I
    AL14                 INBUF (Prop_INBUF_HRIO_PAD_O)
                                                      0.922     0.922 r  clock_input_buffer/INBUF_INST/O
                         net (fo=1, routed)           0.092     1.014    clock_input_buffer/OUT
    AL14                 IBUFCTRL (Prop_IBUFCTRL_HRIO_I_O)
                                                      0.043     1.057 r  clock_input_buffer/IBUFCTRL_INST/O
                         net (fo=1, unplaced)         0.785     1.842    clk_50m_ibuf
                         MMCME3_ADV (Prop_MMCME3_ADV_CLKIN1_CLKOUT0)
                                                     -4.854    -3.012 r  clock_manager/CLKOUT0
                         net (fo=1, unplaced)         0.358    -2.654    clk_200m_mmcm
                         BUFGCE (Prop_BUFGCE_I_O)     0.083    -2.571 r  system_clock_buffer/O
                         net (fo=2539, unplaced)      2.584     0.013    experiment/clk_200m
                         FDRE                                         r  experiment/step_index_reg[1]_rep/C
  -------------------------------------------------------------------    -------------------
                         FDRE (Prop_FDRE_C_Q)         0.115     0.128 r  experiment/step_index_reg[1]_rep/Q
                         net (fo=25, unplaced)        0.313     0.441    experiment/step_index_reg[1]_rep_n_0
                         CARRY8 (Prop_CARRY8_S[0]_CO[7])
                                                      0.359     0.800 r  experiment/step_index_reg[8]_i_2/CO[7]
                         net (fo=1, unplaced)         0.000     0.800    experiment/step_index_reg[8]_i_2_n_0
                         CARRY8 (Prop_CARRY8_CI_O[7])
                                                      0.186     0.986 r  experiment/step_index_reg[16]_i_2/O[7]
                         net (fo=3, unplaced)         0.222     1.208    experiment/in40[16]
                         LUT4 (Prop_LUT4_I1_O)        0.138     1.346 f  experiment/stimulus_low_reg_bram_0_i_34/O
                         net (fo=1, unplaced)         0.294     1.640    experiment/stimulus_low_reg_bram_0_i_34_n_0
                         CARRY8 (Prop_CARRY8_DI[0]_CO[7])
                                                      0.373     2.013 f  experiment/stimulus_low_reg_bram_0_i_23/CO[7]
                         net (fo=5, unplaced)         0.205     2.218    experiment/core/step_index_reg[6]_rep__0[0]
                         LUT4 (Prop_LUT4_I2_O)        0.040     2.258 r  experiment/core/stimulus_low_reg_bram_0_i_17/O
                         net (fo=16, unplaced)        0.293     2.551    experiment/core/stimulus_low_reg_bram_0_i_17_n_0
                         LUT6 (Prop_LUT6_I1_O)        0.040     2.591 r  experiment/core/stimulus_low_reg_bram_0_i_11/O
                         net (fo=9, unplaced)         0.265     2.856    experiment/stim_read_addr[2]
                         RAMB36E2                                     r  experiment/stimulus_low_reg_bram_5/ADDRBWRADDR[5]
  -------------------------------------------------------------------    -------------------

                         (clock clk_200m_mmcm rise edge)
                                                      5.000     5.000 r  
    AL14                                              0.000     5.000 r  clk_50m (IN)
                         net (fo=0)                   0.000     5.000    clock_input_buffer/I
    AL14                 INBUF (Prop_INBUF_HRIO_PAD_O)
                                                      0.656     5.656 r  clock_input_buffer/INBUF_INST/O
                         net (fo=1, routed)           0.059     5.715    clock_input_buffer/OUT
    AL14                 IBUFCTRL (Prop_IBUFCTRL_HRIO_I_O)
                                                      0.032     5.747 r  clock_input_buffer/IBUFCTRL_INST/O
                         net (fo=1, unplaced)         0.708     6.455    clk_50m_ibuf
                         MMCME3_ADV (Prop_MMCME3_ADV_CLKIN1_CLKOUT0)
                                                     -4.900     1.555 r  clock_manager/CLKOUT0
                         net (fo=1, unplaced)         0.308     1.863    clk_200m_mmcm
                         BUFGCE (Prop_BUFGCE_I_O)     0.075     1.938 r  system_clock_buffer/O
                         net (fo=2539, unplaced)      2.439     4.377    experiment/clk_200m
                         RAMB36E2                                     r  experiment/stimulus_low_reg_bram_5/CLKBWRCLK
                         clock pessimism              0.492     4.868    
                         clock uncertainty           -0.245     4.623    
                         RAMB36E2 (Setup_RAMB36E2_CLKBWRCLK_ADDRBWRADDR[5])
                                                     -0.643     3.980    experiment/stimulus_low_reg_bram_5
  -------------------------------------------------------------------
                         required time                          3.980    
                         arrival time                          -2.856    
  -------------------------------------------------------------------
                         slack                                  1.124    

Slack (MET) :             1.124ns  (required time - arrival time)
  Source:                 experiment/step_index_reg[1]_rep/C
                            (rising edge-triggered cell FDRE clocked by clk_200m_mmcm  {rise@0.000ns fall@2.500ns period=5.000ns})
  Destination:            experiment/stimulus_low_reg_bram_6/ADDRBWRADDR[5]
                            (rising edge-triggered cell RAMB36E2 clocked by clk_200m_mmcm  {rise@0.000ns fall@2.500ns period=5.000ns})
  Path Group:             clk_200m_mmcm
  Path Type:              Setup (Max at Slow Process Corner)
  Requirement:            5.000ns  (clk_200m_mmcm rise@5.000ns - clk_200m_mmcm rise@0.000ns)
  Data Path Delay:        2.843ns  (logic 1.251ns (44.003%)  route 1.592ns (55.997%))
  Logic Levels:           6  (CARRY8=3 LUT4=3)
  Clock Path Skew:        -0.145ns (DCD - SCD + CPR)
    Destination Clock Delay (DCD):    -0.623ns = ( 4.377 - 5.000 ) 
    Source Clock Delay      (SCD):    0.013ns
    Clock Pessimism Removal (CPR):    0.492ns
  Clock Uncertainty:      0.245ns  ((TSJ^2 + DJ^2)^1/2) / 2 + PE + UU
    Total System Jitter     (TSJ):    0.071ns
    Discrete Jitter          (DJ):    0.056ns
    Phase Error              (PE):    0.000ns
    User Uncertainty         (UU):    0.200ns

    Location             Delay type                Incr(ns)  Path(ns)    Netlist Resource(s)
  -------------------------------------------------------------------    -------------------
                         (clock clk_200m_mmcm rise edge)
                                                      0.000     0.000 r  
    AL14                                              0.000     0.000 r  clk_50m (IN)
                         net (fo=0)                   0.000     0.000    clock_input_buffer/I
    AL14                 INBUF (Prop_INBUF_HRIO_PAD_O)
                                                      0.922     0.922 r  clock_input_buffer/INBUF_INST/O
                         net (fo=1, routed)           0.092     1.014    clock_input_buffer/OUT
    AL14                 IBUFCTRL (Prop_IBUFCTRL_HRIO_I_O)
                                                      0.043     1.057 r  clock_input_buffer/IBUFCTRL_INST/O
                         net (fo=1, unplaced)         0.785     1.842    clk_50m_ibuf
                         MMCME3_ADV (Prop_MMCME3_ADV_CLKIN1_CLKOUT0)
                                                     -4.854    -3.012 r  clock_manager/CLKOUT0
                         net (fo=1, unplaced)         0.358    -2.654    clk_200m_mmcm
                         BUFGCE (Prop_BUFGCE_I_O)     0.083    -2.571 r  system_clock_buffer/O
                         net (fo=2539, unplaced)      2.584     0.013    experiment/clk_200m
                         FDRE                                         r  experiment/step_index_reg[1]_rep/C
  -------------------------------------------------------------------    -------------------
                         FDRE (Prop_FDRE_C_Q)         0.115     0.128 r  experiment/step_index_reg[1]_rep/Q
                         net (fo=25, unplaced)        0.313     0.441    experiment/step_index_reg[1]_rep_n_0
                         CARRY8 (Prop_CARRY8_S[0]_CO[7])
                                                      0.359     0.800 r  experiment/step_index_reg[8]_i_2/CO[7]
                         net (fo=1, unplaced)         0.000     0.800    experiment/step_index_reg[8]_i_2_n_0
                         CARRY8 (Prop_CARRY8_CI_O[7])
                                                      0.186     0.986 r  experiment/step_index_reg[16]_i_2/O[7]
                         net (fo=3, unplaced)         0.222     1.208    experiment/in40[16]
                         LUT4 (Prop_LUT4_I1_O)        0.138     1.346 f  experiment/stimulus_low_reg_bram_0_i_34/O
                         net (fo=1, unplaced)         0.294     1.640    experiment/stimulus_low_reg_bram_0_i_34_n_0
                         CARRY8 (Prop_CARRY8_DI[0]_CO[7])
                                                      0.373     2.013 f  experiment/stimulus_low_reg_bram_0_i_23/CO[7]
                         net (fo=5, unplaced)         0.205     2.218    experiment/core/step_index_reg[6]_rep__0[0]
                         LUT4 (Prop_LUT4_I2_O)        0.040     2.258 r  experiment/core/stimulus_low_reg_bram_0_i_17/O
                         net (fo=16, unplaced)        0.293     2.551    experiment/core/stimulus_low_reg_bram_0_i_17_n_0
                         LUT4 (Prop_LUT4_I1_O)        0.040     2.591 r  experiment/core/stimulus_low_reg_bram_0_i_10/O
                         net (fo=9, unplaced)         0.265     2.856    experiment/stim_read_addr[3]
                         RAMB36E2                                     r  experiment/stimulus_low_reg_bram_6/ADDRBWRADDR[5]
  -------------------------------------------------------------------    -------------------

                         (clock clk_200m_mmcm rise edge)
                                                      5.000     5.000 r  
    AL14                                              0.000     5.000 r  clk_50m (IN)
                         net (fo=0)                   0.000     5.000    clock_input_buffer/I
    AL14                 INBUF (Prop_INBUF_HRIO_PAD_O)
                                                      0.656     5.656 r  clock_input_buffer/INBUF_INST/O
                         net (fo=1, routed)           0.059     5.715    clock_input_buffer/OUT
    AL14                 IBUFCTRL (Prop_IBUFCTRL_HRIO_I_O)
                                                      0.032     5.747 r  clock_input_buffer/IBUFCTRL_INST/O
                         net (fo=1, unplaced)         0.708     6.455    clk_50m_ibuf
                         MMCME3_ADV (Prop_MMCME3_ADV_CLKIN1_CLKOUT0)
                                                     -4.900     1.555 r  clock_manager/CLKOUT0
                         net (fo=1, unplaced)         0.308     1.863    clk_200m_mmcm
                         BUFGCE (Prop_BUFGCE_I_O)     0.075     1.938 r  system_clock_buffer/O
                         net (fo=2539, unplaced)      2.439     4.377    experiment/clk_200m
                         RAMB36E2                                     r  experiment/stimulus_low_reg_bram_6/CLKBWRCLK
                         clock pessimism              0.492     4.868    
                         clock uncertainty           -0.245     4.623    
                         RAMB36E2 (Setup_RAMB36E2_CLKBWRCLK_ADDRBWRADDR[5])
                                                     -0.643     3.980    experiment/stimulus_low_reg_bram_6
  -------------------------------------------------------------------
                         required time                          3.980    
                         arrival time                          -2.856    
  -------------------------------------------------------------------
                         slack                                  1.124    

Slack (MET) :             1.124ns  (required time - arrival time)
  Source:                 experiment/step_index_reg[1]_rep/C
                            (rising edge-triggered cell FDRE clocked by clk_200m_mmcm  {rise@0.000ns fall@2.500ns period=5.000ns})
  Destination:            experiment/stimulus_low_reg_bram_7/ADDRBWRADDR[4]
                            (rising edge-triggered cell RAMB18E2 clocked by clk_200m_mmcm  {rise@0.000ns fall@2.500ns period=5.000ns})
  Path Group:             clk_200m_mmcm
  Path Type:              Setup (Max at Slow Process Corner)
  Requirement:            5.000ns  (clk_200m_mmcm rise@5.000ns - clk_200m_mmcm rise@0.000ns)
  Data Path Delay:        2.843ns  (logic 1.251ns (44.003%)  route 1.592ns (55.997%))
  Logic Levels:           6  (CARRY8=3 LUT4=3)
  Clock Path Skew:        -0.145ns (DCD - SCD + CPR)
    Destination Clock Delay (DCD):    -0.623ns = ( 4.377 - 5.000 ) 
    Source Clock Delay      (SCD):    0.013ns
    Clock Pessimism Removal (CPR):    0.492ns
  Clock Uncertainty:      0.245ns  ((TSJ^2 + DJ^2)^1/2) / 2 + PE + UU
    Total System Jitter     (TSJ):    0.071ns
    Discrete Jitter          (DJ):    0.056ns
    Phase Error              (PE):    0.000ns
    User Uncertainty         (UU):    0.200ns

    Location             Delay type                Incr(ns)  Path(ns)    Netlist Resource(s)
  -------------------------------------------------------------------    -------------------
                         (clock clk_200m_mmcm rise edge)
                                                      0.000     0.000 r  
    AL14                                              0.000     0.000 r  clk_50m (IN)
                         net (fo=0)                   0.000     0.000    clock_input_buffer/I
    AL14                 INBUF (Prop_INBUF_HRIO_PAD_O)
                                                      0.922     0.922 r  clock_input_buffer/INBUF_INST/O
                         net (fo=1, routed)           0.092     1.014    clock_input_buffer/OUT
    AL14                 IBUFCTRL (Prop_IBUFCTRL_HRIO_I_O)
                                                      0.043     1.057 r  clock_input_buffer/IBUFCTRL_INST/O
                         net (fo=1, unplaced)         0.785     1.842    clk_50m_ibuf
                         MMCME3_ADV (Prop_MMCME3_ADV_CLKIN1_CLKOUT0)
                                                     -4.854    -3.012 r  clock_manager/CLKOUT0
                         net (fo=1, unplaced)         0.358    -2.654    clk_200m_mmcm
                         BUFGCE (Prop_BUFGCE_I_O)     0.083    -2.571 r  system_clock_buffer/O
                         net (fo=2539, unplaced)      2.584     0.013    experiment/clk_200m
                         FDRE                                         r  experiment/step_index_reg[1]_rep/C
  -------------------------------------------------------------------    -------------------
                         FDRE (Prop_FDRE_C_Q)         0.115     0.128 r  experiment/step_index_reg[1]_rep/Q
                         net (fo=25, unplaced)        0.313     0.441    experiment/step_index_reg[1]_rep_n_0
                         CARRY8 (Prop_CARRY8_S[0]_CO[7])
                                                      0.359     0.800 r  experiment/step_index_reg[8]_i_2/CO[7]
                         net (fo=1, unplaced)         0.000     0.800    experiment/step_index_reg[8]_i_2_n_0
                         CARRY8 (Prop_CARRY8_CI_O[7])
                                                      0.186     0.986 r  experiment/step_index_reg[16]_i_2/O[7]
                         net (fo=3, unplaced)         0.222     1.208    experiment/in40[16]
                         LUT4 (Prop_LUT4_I1_O)        0.138     1.346 f  experiment/stimulus_low_reg_bram_0_i_34/O
                         net (fo=1, unplaced)         0.294     1.640    experiment/stimulus_low_reg_bram_0_i_34_n_0
                         CARRY8 (Prop_CARRY8_DI[0]_CO[7])
                                                      0.373     2.013 f  experiment/stimulus_low_reg_bram_0_i_23/CO[7]
                         net (fo=5, unplaced)         0.205     2.218    experiment/core/step_index_reg[6]_rep__0[0]
                         LUT4 (Prop_LUT4_I2_O)        0.040     2.258 r  experiment/core/stimulus_low_reg_bram_0_i_17/O
                         net (fo=16, unplaced)        0.293     2.551    experiment/core/stimulus_low_reg_bram_0_i_17_n_0
                         LUT4 (Prop_LUT4_I1_O)        0.040     2.591 r  experiment/core/stimulus_low_reg_bram_0_i_10/O
                         net (fo=9, unplaced)         0.265     2.856    experiment/stim_read_addr[3]
                         RAMB18E2                                     r  experiment/stimulus_low_reg_bram_7/ADDRBWRADDR[4]
  -------------------------------------------------------------------    -------------------

                         (clock clk_200m_mmcm rise edge)
                                                      5.000     5.000 r  
    AL14                                              0.000     5.000 r  clk_50m (IN)
                         net (fo=0)                   0.000     5.000    clock_input_buffer/I
    AL14                 INBUF (Prop_INBUF_HRIO_PAD_O)
                                                      0.656     5.656 r  clock_input_buffer/INBUF_INST/O
                         net (fo=1, routed)           0.059     5.715    clock_input_buffer/OUT
    AL14                 IBUFCTRL (Prop_IBUFCTRL_HRIO_I_O)
                                                      0.032     5.747 r  clock_input_buffer/IBUFCTRL_INST/O
                         net (fo=1, unplaced)         0.708     6.455    clk_50m_ibuf
                         MMCME3_ADV (Prop_MMCME3_ADV_CLKIN1_CLKOUT0)
                                                     -4.900     1.555 r  clock_manager/CLKOUT0
                         net (fo=1, unplaced)         0.308     1.863    clk_200m_mmcm
                         BUFGCE (Prop_BUFGCE_I_O)     0.075     1.938 r  system_clock_buffer/O
                         net (fo=2539, unplaced)      2.439     4.377    experiment/clk_200m
                         RAMB18E2                                     r  experiment/stimulus_low_reg_bram_7/CLKBWRCLK
                         clock pessimism              0.492     4.868    
                         clock uncertainty           -0.245     4.623    
                         RAMB18E2 (Setup_RAMB18E2_CLKBWRCLK_ADDRBWRADDR[4])
                                                     -0.643     3.980    experiment/stimulus_low_reg_bram_7
  -------------------------------------------------------------------
                         required time                          3.980    
                         arrival time                          -2.856    
  -------------------------------------------------------------------
                         slack                                  1.124    

Slack (MET) :             1.157ns  (required time - arrival time)
  Source:                 experiment/step_index_reg[1]_rep/C
                            (rising edge-triggered cell FDRE clocked by clk_200m_mmcm  {rise@0.000ns fall@2.500ns period=5.000ns})
  Destination:            experiment/stimulus_low_reg_bram_1/CASDOMUXB
                            (rising edge-triggered cell RAMB36E2 clocked by clk_200m_mmcm  {rise@0.000ns fall@2.500ns period=5.000ns})
  Path Group:             clk_200m_mmcm
  Path Type:              Setup (Max at Slow Process Corner)
  Requirement:            5.000ns  (clk_200m_mmcm rise@5.000ns - clk_200m_mmcm rise@0.000ns)
  Data Path Delay:        3.219ns  (logic 1.291ns (40.106%)  route 1.928ns (59.894%))
  Logic Levels:           7  (CARRY8=3 LUT2=1 LUT4=2 LUT6=1)
  Clock Path Skew:        -0.145ns (DCD - SCD + CPR)
    Destination Clock Delay (DCD):    -0.623ns = ( 4.377 - 5.000 ) 
    Source Clock Delay      (SCD):    0.013ns
    Clock Pessimism Removal (CPR):    0.492ns
  Clock Uncertainty:      0.245ns  ((TSJ^2 + DJ^2)^1/2) / 2 + PE + UU
    Total System Jitter     (TSJ):    0.071ns
    Discrete Jitter          (DJ):    0.056ns
    Phase Error              (PE):    0.000ns
    User Uncertainty         (UU):    0.200ns

    Location             Delay type                Incr(ns)  Path(ns)    Netlist Resource(s)
  -------------------------------------------------------------------    -------------------
                         (clock clk_200m_mmcm rise edge)
                                                      0.000     0.000 r  
    AL14                                              0.000     0.000 r  clk_50m (IN)
                         net (fo=0)                   0.000     0.000    clock_input_buffer/I
    AL14                 INBUF (Prop_INBUF_HRIO_PAD_O)
                                                      0.922     0.922 r  clock_input_buffer/INBUF_INST/O
                         net (fo=1, routed)           0.092     1.014    clock_input_buffer/OUT
    AL14                 IBUFCTRL (Prop_IBUFCTRL_HRIO_I_O)
                                                      0.043     1.057 r  clock_input_buffer/IBUFCTRL_INST/O
                         net (fo=1, unplaced)         0.785     1.842    clk_50m_ibuf
                         MMCME3_ADV (Prop_MMCME3_ADV_CLKIN1_CLKOUT0)
                                                     -4.854    -3.012 r  clock_manager/CLKOUT0
                         net (fo=1, unplaced)         0.358    -2.654    clk_200m_mmcm
                         BUFGCE (Prop_BUFGCE_I_O)     0.083    -2.571 r  system_clock_buffer/O
                         net (fo=2539, unplaced)      2.584     0.013    experiment/clk_200m
                         FDRE                                         r  experiment/step_index_reg[1]_rep/C
  -------------------------------------------------------------------    -------------------
                         FDRE (Prop_FDRE_C_Q)         0.115     0.128 r  experiment/step_index_reg[1]_rep/Q
                         net (fo=25, unplaced)        0.313     0.441    experiment/step_index_reg[1]_rep_n_0
                         CARRY8 (Prop_CARRY8_S[0]_CO[7])
                                                      0.359     0.800 r  experiment/step_index_reg[8]_i_2/CO[7]
                         net (fo=1, unplaced)         0.000     0.800    experiment/step_index_reg[8]_i_2_n_0
                         CARRY8 (Prop_CARRY8_CI_O[7])
                                                      0.186     0.986 r  experiment/step_index_reg[16]_i_2/O[7]
                         net (fo=3, unplaced)         0.222     1.208    experiment/in40[16]
                         LUT4 (Prop_LUT4_I1_O)        0.138     1.346 f  experiment/stimulus_low_reg_bram_0_i_34/O
                         net (fo=1, unplaced)         0.294     1.640    experiment/stimulus_low_reg_bram_0_i_34_n_0
                         CARRY8 (Prop_CARRY8_DI[0]_CO[7])
                                                      0.373     2.013 f  experiment/stimulus_low_reg_bram_0_i_23/CO[7]
                         net (fo=5, unplaced)         0.205     2.218    experiment/core/step_index_reg[6]_rep__0[0]
                         LUT4 (Prop_LUT4_I2_O)        0.040     2.258 r  experiment/core/stimulus_low_reg_bram_0_i_17/O
                         net (fo=16, unplaced)        0.293     2.551    experiment/core/stimulus_low_reg_bram_0_i_17_n_0
                         LUT6 (Prop_LUT6_I1_O)        0.040     2.591 f  experiment/core/stimulus_low_reg_bram_4_i_3/O
                         net (fo=12, unplaced)        0.287     2.878    experiment/core/stim_read_addr[11]
                         LUT2 (Prop_LUT2_I1_O)        0.040     2.918 r  experiment/core/stimulus_low_reg_bram_1_i_1/O
                         net (fo=1, unplaced)         0.314     3.232    experiment/core_n_58
                         RAMB36E2                                     r  experiment/stimulus_low_reg_bram_1/CASDOMUXB
  -------------------------------------------------------------------    -------------------

                         (clock clk_200m_mmcm rise edge)
                                                      5.000     5.000 r  
    AL14                                              0.000     5.000 r  clk_50m (IN)
                         net (fo=0)                   0.000     5.000    clock_input_buffer/I
    AL14                 INBUF (Prop_INBUF_HRIO_PAD_O)
                                                      0.656     5.656 r  clock_input_buffer/INBUF_INST/O
                         net (fo=1, routed)           0.059     5.715    clock_input_buffer/OUT
    AL14                 IBUFCTRL (Prop_IBUFCTRL_HRIO_I_O)
                                                      0.032     5.747 r  clock_input_buffer/IBUFCTRL_INST/O
                         net (fo=1, unplaced)         0.708     6.455    clk_50m_ibuf
                         MMCME3_ADV (Prop_MMCME3_ADV_CLKIN1_CLKOUT0)
                                                     -4.900     1.555 r  clock_manager/CLKOUT0
                         net (fo=1, unplaced)         0.308     1.863    clk_200m_mmcm
                         BUFGCE (Prop_BUFGCE_I_O)     0.075     1.938 r  system_clock_buffer/O
                         net (fo=2539, unplaced)      2.439     4.377    experiment/clk_200m
                         RAMB36E2                                     r  experiment/stimulus_low_reg_bram_1/CLKBWRCLK
                         clock pessimism              0.492     4.868    
                         clock uncertainty           -0.245     4.623    
                         RAMB36E2 (Setup_RAMB36E2_CLKBWRCLK_CASDOMUXB)
                                                     -0.234     4.389    experiment/stimulus_low_reg_bram_1
  -------------------------------------------------------------------
                         required time                          4.389    
                         arrival time                          -3.232    
  -------------------------------------------------------------------
                         slack                                  1.157    

Slack (MET) :             1.157ns  (required time - arrival time)
  Source:                 experiment/step_index_reg[1]_rep/C
                            (rising edge-triggered cell FDRE clocked by clk_200m_mmcm  {rise@0.000ns fall@2.500ns period=5.000ns})
  Destination:            experiment/stimulus_low_reg_bram_2/CASDOMUXB
                            (rising edge-triggered cell RAMB36E2 clocked by clk_200m_mmcm  {rise@0.000ns fall@2.500ns period=5.000ns})
  Path Group:             clk_200m_mmcm
  Path Type:              Setup (Max at Slow Process Corner)
  Requirement:            5.000ns  (clk_200m_mmcm rise@5.000ns - clk_200m_mmcm rise@0.000ns)
  Data Path Delay:        3.219ns  (logic 1.291ns (40.106%)  route 1.928ns (59.894%))
  Logic Levels:           7  (CARRY8=3 LUT2=1 LUT4=2 LUT6=1)
  Clock Path Skew:        -0.145ns (DCD - SCD + CPR)
    Destination Clock Delay (DCD):    -0.623ns = ( 4.377 - 5.000 ) 
    Source Clock Delay      (SCD):    0.013ns
    Clock Pessimism Removal (CPR):    0.492ns
  Clock Uncertainty:      0.245ns  ((TSJ^2 + DJ^2)^1/2) / 2 + PE + UU
    Total System Jitter     (TSJ):    0.071ns
    Discrete Jitter          (DJ):    0.056ns
    Phase Error              (PE):    0.000ns
    User Uncertainty         (UU):    0.200ns

    Location             Delay type                Incr(ns)  Path(ns)    Netlist Resource(s)
  -------------------------------------------------------------------    -------------------
                         (clock clk_200m_mmcm rise edge)
                                                      0.000     0.000 r  
    AL14                                              0.000     0.000 r  clk_50m (IN)
                         net (fo=0)                   0.000     0.000    clock_input_buffer/I
    AL14                 INBUF (Prop_INBUF_HRIO_PAD_O)
                                                      0.922     0.922 r  clock_input_buffer/INBUF_INST/O
                         net (fo=1, routed)           0.092     1.014    clock_input_buffer/OUT
    AL14                 IBUFCTRL (Prop_IBUFCTRL_HRIO_I_O)
                                                      0.043     1.057 r  clock_input_buffer/IBUFCTRL_INST/O
                         net (fo=1, unplaced)         0.785     1.842    clk_50m_ibuf
                         MMCME3_ADV (Prop_MMCME3_ADV_CLKIN1_CLKOUT0)
                                                     -4.854    -3.012 r  clock_manager/CLKOUT0
                         net (fo=1, unplaced)         0.358    -2.654    clk_200m_mmcm
                         BUFGCE (Prop_BUFGCE_I_O)     0.083    -2.571 r  system_clock_buffer/O
                         net (fo=2539, unplaced)      2.584     0.013    experiment/clk_200m
                         FDRE                                         r  experiment/step_index_reg[1]_rep/C
  -------------------------------------------------------------------    -------------------
                         FDRE (Prop_FDRE_C_Q)         0.115     0.128 r  experiment/step_index_reg[1]_rep/Q
                         net (fo=25, unplaced)        0.313     0.441    experiment/step_index_reg[1]_rep_n_0
                         CARRY8 (Prop_CARRY8_S[0]_CO[7])
                                                      0.359     0.800 r  experiment/step_index_reg[8]_i_2/CO[7]
                         net (fo=1, unplaced)         0.000     0.800    experiment/step_index_reg[8]_i_2_n_0
                         CARRY8 (Prop_CARRY8_CI_O[7])
                                                      0.186     0.986 r  experiment/step_index_reg[16]_i_2/O[7]
                         net (fo=3, unplaced)         0.222     1.208    experiment/in40[16]
                         LUT4 (Prop_LUT4_I1_O)        0.138     1.346 f  experiment/stimulus_low_reg_bram_0_i_34/O
                         net (fo=1, unplaced)         0.294     1.640    experiment/stimulus_low_reg_bram_0_i_34_n_0
                         CARRY8 (Prop_CARRY8_DI[0]_CO[7])
                                                      0.373     2.013 f  experiment/stimulus_low_reg_bram_0_i_23/CO[7]
                         net (fo=5, unplaced)         0.205     2.218    experiment/core/step_index_reg[6]_rep__0[0]
                         LUT4 (Prop_LUT4_I2_O)        0.040     2.258 r  experiment/core/stimulus_low_reg_bram_0_i_17/O
                         net (fo=16, unplaced)        0.293     2.551    experiment/core/stimulus_low_reg_bram_0_i_17_n_0
                         LUT6 (Prop_LUT6_I1_O)        0.040     2.591 f  experiment/core/stimulus_low_reg_bram_6_i_2/O
                         net (fo=12, unplaced)        0.287     2.878    experiment/core/stim_read_addr[12]
                         LUT2 (Prop_LUT2_I1_O)        0.040     2.918 r  experiment/core/stimulus_low_reg_bram_2_i_1/O
                         net (fo=1, unplaced)         0.314     3.232    experiment/core_n_59
                         RAMB36E2                                     r  experiment/stimulus_low_reg_bram_2/CASDOMUXB
  -------------------------------------------------------------------    -------------------

                         (clock clk_200m_mmcm rise edge)
                                                      5.000     5.000 r  
    AL14                                              0.000     5.000 r  clk_50m (IN)
                         net (fo=0)                   0.000     5.000    clock_input_buffer/I
    AL14                 INBUF (Prop_INBUF_HRIO_PAD_O)
                                                      0.656     5.656 r  clock_input_buffer/INBUF_INST/O
                         net (fo=1, routed)           0.059     5.715    clock_input_buffer/OUT
    AL14                 IBUFCTRL (Prop_IBUFCTRL_HRIO_I_O)
                                                      0.032     5.747 r  clock_input_buffer/IBUFCTRL_INST/O
                         net (fo=1, unplaced)         0.708     6.455    clk_50m_ibuf
                         MMCME3_ADV (Prop_MMCME3_ADV_CLKIN1_CLKOUT0)
                                                     -4.900     1.555 r  clock_manager/CLKOUT0
                         net (fo=1, unplaced)         0.308     1.863    clk_200m_mmcm
                         BUFGCE (Prop_BUFGCE_I_O)     0.075     1.938 r  system_clock_buffer/O
                         net (fo=2539, unplaced)      2.439     4.377    experiment/clk_200m
                         RAMB36E2                                     r  experiment/stimulus_low_reg_bram_2/CLKBWRCLK
                         clock pessimism              0.492     4.868    
                         clock uncertainty           -0.245     4.623    
                         RAMB36E2 (Setup_RAMB36E2_CLKBWRCLK_CASDOMUXB)
                                                     -0.234     4.389    experiment/stimulus_low_reg_bram_2
  -------------------------------------------------------------------
                         required time                          4.389    
                         arrival time                          -3.232    
  -------------------------------------------------------------------
                         slack                                  1.157    

Slack (MET) :             1.157ns  (required time - arrival time)
  Source:                 experiment/step_index_reg[1]_rep/C
                            (rising edge-triggered cell FDRE clocked by clk_200m_mmcm  {rise@0.000ns fall@2.500ns period=5.000ns})
  Destination:            experiment/stimulus_low_reg_bram_3/CASDOMUXB
                            (rising edge-triggered cell RAMB36E2 clocked by clk_200m_mmcm  {rise@0.000ns fall@2.500ns period=5.000ns})
  Path Group:             clk_200m_mmcm
  Path Type:              Setup (Max at Slow Process Corner)
  Requirement:            5.000ns  (clk_200m_mmcm rise@5.000ns - clk_200m_mmcm rise@0.000ns)
  Data Path Delay:        3.219ns  (logic 1.291ns (40.106%)  route 1.928ns (59.894%))
  Logic Levels:           7  (CARRY8=3 LUT2=1 LUT4=2 LUT6=1)
  Clock Path Skew:        -0.145ns (DCD - SCD + CPR)
    Destination Clock Delay (DCD):    -0.623ns = ( 4.377 - 5.000 ) 
    Source Clock Delay      (SCD):    0.013ns
    Clock Pessimism Removal (CPR):    0.492ns
  Clock Uncertainty:      0.245ns  ((TSJ^2 + DJ^2)^1/2) / 2 + PE + UU
    Total System Jitter     (TSJ):    0.071ns
    Discrete Jitter          (DJ):    0.056ns
    Phase Error              (PE):    0.000ns
    User Uncertainty         (UU):    0.200ns

    Location             Delay type                Incr(ns)  Path(ns)    Netlist Resource(s)
  -------------------------------------------------------------------    -------------------
                         (clock clk_200m_mmcm rise edge)
                                                      0.000     0.000 r  
    AL14                                              0.000     0.000 r  clk_50m (IN)
                         net (fo=0)                   0.000     0.000    clock_input_buffer/I
    AL14                 INBUF (Prop_INBUF_HRIO_PAD_O)
                                                      0.922     0.922 r  clock_input_buffer/INBUF_INST/O
                         net (fo=1, routed)           0.092     1.014    clock_input_buffer/OUT
    AL14                 IBUFCTRL (Prop_IBUFCTRL_HRIO_I_O)
                                                      0.043     1.057 r  clock_input_buffer/IBUFCTRL_INST/O
                         net (fo=1, unplaced)         0.785     1.842    clk_50m_ibuf
                         MMCME3_ADV (Prop_MMCME3_ADV_CLKIN1_CLKOUT0)
                                                     -4.854    -3.012 r  clock_manager/CLKOUT0
                         net (fo=1, unplaced)         0.358    -2.654    clk_200m_mmcm
                         BUFGCE (Prop_BUFGCE_I_O)     0.083    -2.571 r  system_clock_buffer/O
                         net (fo=2539, unplaced)      2.584     0.013    experiment/clk_200m
                         FDRE                                         r  experiment/step_index_reg[1]_rep/C
  -------------------------------------------------------------------    -------------------
                         FDRE (Prop_FDRE_C_Q)         0.115     0.128 r  experiment/step_index_reg[1]_rep/Q
                         net (fo=25, unplaced)        0.313     0.441    experiment/step_index_reg[1]_rep_n_0
                         CARRY8 (Prop_CARRY8_S[0]_CO[7])
                                                      0.359     0.800 r  experiment/step_index_reg[8]_i_2/CO[7]
                         net (fo=1, unplaced)         0.000     0.800    experiment/step_index_reg[8]_i_2_n_0
                         CARRY8 (Prop_CARRY8_CI_O[7])
                                                      0.186     0.986 r  experiment/step_index_reg[16]_i_2/O[7]
                         net (fo=3, unplaced)         0.222     1.208    experiment/in40[16]
                         LUT4 (Prop_LUT4_I1_O)        0.138     1.346 f  experiment/stimulus_low_reg_bram_0_i_34/O
                         net (fo=1, unplaced)         0.294     1.640    experiment/stimulus_low_reg_bram_0_i_34_n_0
                         CARRY8 (Prop_CARRY8_DI[0]_CO[7])
                                                      0.373     2.013 f  experiment/stimulus_low_reg_bram_0_i_23/CO[7]
                         net (fo=5, unplaced)         0.205     2.218    experiment/core/step_index_reg[6]_rep__0[0]
                         LUT4 (Prop_LUT4_I2_O)        0.040     2.258 r  experiment/core/stimulus_low_reg_bram_0_i_17/O
                         net (fo=16, unplaced)        0.293     2.551    experiment/core/stimulus_low_reg_bram_0_i_17_n_0
                         LUT6 (Prop_LUT6_I1_O)        0.040     2.591 f  experiment/core/stimulus_low_reg_bram_4_i_3/O
                         net (fo=12, unplaced)        0.287     2.878    experiment/core/stim_read_addr[11]
                         LUT2 (Prop_LUT2_I1_O)        0.040     2.918 r  experiment/core/stimulus_low_reg_bram_3_i_1/O
                         net (fo=1, unplaced)         0.314     3.232    experiment/core_n_54
                         RAMB36E2                                     r  experiment/stimulus_low_reg_bram_3/CASDOMUXB
  -------------------------------------------------------------------    -------------------

                         (clock clk_200m_mmcm rise edge)
                                                      5.000     5.000 r  
    AL14                                              0.000     5.000 r  clk_50m (IN)
                         net (fo=0)                   0.000     5.000    clock_input_buffer/I
    AL14                 INBUF (Prop_INBUF_HRIO_PAD_O)
                                                      0.656     5.656 r  clock_input_buffer/INBUF_INST/O
                         net (fo=1, routed)           0.059     5.715    clock_input_buffer/OUT
    AL14                 IBUFCTRL (Prop_IBUFCTRL_HRIO_I_O)
                                                      0.032     5.747 r  clock_input_buffer/IBUFCTRL_INST/O
                         net (fo=1, unplaced)         0.708     6.455    clk_50m_ibuf
                         MMCME3_ADV (Prop_MMCME3_ADV_CLKIN1_CLKOUT0)
                                                     -4.900     1.555 r  clock_manager/CLKOUT0
                         net (fo=1, unplaced)         0.308     1.863    clk_200m_mmcm
                         BUFGCE (Prop_BUFGCE_I_O)     0.075     1.938 r  system_clock_buffer/O
                         net (fo=2539, unplaced)      2.439     4.377    experiment/clk_200m
                         RAMB36E2                                     r  experiment/stimulus_low_reg_bram_3/CLKBWRCLK
                         clock pessimism              0.492     4.868    
                         clock uncertainty           -0.245     4.623    
                         RAMB36E2 (Setup_RAMB36E2_CLKBWRCLK_CASDOMUXB)
                                                     -0.234     4.389    experiment/stimulus_low_reg_bram_3
  -------------------------------------------------------------------
                         required time                          4.389    
                         arrival time                          -3.232    
  -------------------------------------------------------------------
                         slack                                  1.157    

Slack (MET) :             1.300ns  (required time - arrival time)
  Source:                 experiment/step_index_reg[1]_rep/C
                            (rising edge-triggered cell FDRE clocked by clk_200m_mmcm  {rise@0.000ns fall@2.500ns period=5.000ns})
  Destination:            experiment/stimulus_high_reg_bram_0/ADDRBWRADDR[10]
                            (rising edge-triggered cell RAMB18E2 clocked by clk_200m_mmcm  {rise@0.000ns fall@2.500ns period=5.000ns})
  Path Group:             clk_200m_mmcm
  Path Type:              Setup (Max at Slow Process Corner)
  Requirement:            5.000ns  (clk_200m_mmcm rise@5.000ns - clk_200m_mmcm rise@0.000ns)
  Data Path Delay:        2.846ns  (logic 1.251ns (43.956%)  route 1.595ns (56.044%))
  Logic Levels:           6  (CARRY8=3 LUT4=3)
  Clock Path Skew:        -0.145ns (DCD - SCD + CPR)
    Destination Clock Delay (DCD):    -0.623ns = ( 4.377 - 5.000 ) 
    Source Clock Delay      (SCD):    0.013ns
    Clock Pessimism Removal (CPR):    0.492ns
  Clock Uncertainty:      0.245ns  ((TSJ^2 + DJ^2)^1/2) / 2 + PE + UU
    Total System Jitter     (TSJ):    0.071ns
    Discrete Jitter          (DJ):    0.056ns
    Phase Error              (PE):    0.000ns
    User Uncertainty         (UU):    0.200ns

    Location             Delay type                Incr(ns)  Path(ns)    Netlist Resource(s)
  -------------------------------------------------------------------    -------------------
                         (clock clk_200m_mmcm rise edge)
                                                      0.000     0.000 r  
    AL14                                              0.000     0.000 r  clk_50m (IN)
                         net (fo=0)                   0.000     0.000    clock_input_buffer/I
    AL14                 INBUF (Prop_INBUF_HRIO_PAD_O)
                                                      0.922     0.922 r  clock_input_buffer/INBUF_INST/O
                         net (fo=1, routed)           0.092     1.014    clock_input_buffer/OUT
    AL14                 IBUFCTRL (Prop_IBUFCTRL_HRIO_I_O)
                                                      0.043     1.057 r  clock_input_buffer/IBUFCTRL_INST/O
                         net (fo=1, unplaced)         0.785     1.842    clk_50m_ibuf
                         MMCME3_ADV (Prop_MMCME3_ADV_CLKIN1_CLKOUT0)
                                                     -4.854    -3.012 r  clock_manager/CLKOUT0
                         net (fo=1, unplaced)         0.358    -2.654    clk_200m_mmcm
                         BUFGCE (Prop_BUFGCE_I_O)     0.083    -2.571 r  system_clock_buffer/O
                         net (fo=2539, unplaced)      2.584     0.013    experiment/clk_200m
                         FDRE                                         r  experiment/step_index_reg[1]_rep/C
  -------------------------------------------------------------------    -------------------
                         FDRE (Prop_FDRE_C_Q)         0.115     0.128 r  experiment/step_index_reg[1]_rep/Q
                         net (fo=25, unplaced)        0.313     0.441    experiment/step_index_reg[1]_rep_n_0
                         CARRY8 (Prop_CARRY8_S[0]_CO[7])
                                                      0.359     0.800 r  experiment/step_index_reg[8]_i_2/CO[7]
                         net (fo=1, unplaced)         0.000     0.800    experiment/step_index_reg[8]_i_2_n_0
                         CARRY8 (Prop_CARRY8_CI_O[7])
                                                      0.186     0.986 r  experiment/step_index_reg[16]_i_2/O[7]
                         net (fo=3, unplaced)         0.222     1.208    experiment/in40[16]
                         LUT4 (Prop_LUT4_I1_O)        0.138     1.346 f  experiment/stimulus_low_reg_bram_0_i_34/O
                         net (fo=1, unplaced)         0.294     1.640    experiment/stimulus_low_reg_bram_0_i_34_n_0
                         CARRY8 (Prop_CARRY8_DI[0]_CO[7])
                                                      0.373     2.013 f  experiment/stimulus_low_reg_bram_0_i_23/CO[7]
                         net (fo=5, unplaced)         0.205     2.218    experiment/core/step_index_reg[6]_rep__0[0]
                         LUT4 (Prop_LUT4_I2_O)        0.040     2.258 r  experiment/core/stimulus_low_reg_bram_0_i_17/O
                         net (fo=16, unplaced)        0.293     2.551    experiment/core/stimulus_low_reg_bram_0_i_17_n_0
                         LUT4 (Prop_LUT4_I1_O)        0.040     2.591 r  experiment/core/stimulus_low_reg_bram_0_i_4/O
                         net (fo=9, unplaced)         0.268     2.859    experiment/stim_read_addr[9]
                         RAMB18E2                                     r  experiment/stimulus_high_reg_bram_0/ADDRBWRADDR[10]
  -------------------------------------------------------------------    -------------------

                         (clock clk_200m_mmcm rise edge)
                                                      5.000     5.000 r  
    AL14                                              0.000     5.000 r  clk_50m (IN)
                         net (fo=0)                   0.000     5.000    clock_input_buffer/I
    AL14                 INBUF (Prop_INBUF_HRIO_PAD_O)
                                                      0.656     5.656 r  clock_input_buffer/INBUF_INST/O
                         net (fo=1, routed)           0.059     5.715    clock_input_buffer/OUT
    AL14                 IBUFCTRL (Prop_IBUFCTRL_HRIO_I_O)
                                                      0.032     5.747 r  clock_input_buffer/IBUFCTRL_INST/O
                         net (fo=1, unplaced)         0.708     6.455    clk_50m_ibuf
                         MMCME3_ADV (Prop_MMCME3_ADV_CLKIN1_CLKOUT0)
                                                     -4.900     1.555 r  clock_manager/CLKOUT0
                         net (fo=1, unplaced)         0.308     1.863    clk_200m_mmcm
                         BUFGCE (Prop_BUFGCE_I_O)     0.075     1.938 r  system_clock_buffer/O
                         net (fo=2539, unplaced)      2.439     4.377    experiment/clk_200m
                         RAMB18E2                                     r  experiment/stimulus_high_reg_bram_0/CLKBWRCLK
                         clock pessimism              0.492     4.868    
                         clock uncertainty           -0.245     4.623    
                         RAMB18E2 (Setup_RAMB18E2_CLKBWRCLK_ADDRBWRADDR[10])
                                                     -0.464     4.159    experiment/stimulus_high_reg_bram_0
  -------------------------------------------------------------------
                         required time                          4.159    
                         arrival time                          -2.859    
  -------------------------------------------------------------------
                         slack                                  1.300    

Slack (MET) :             1.300ns  (required time - arrival time)
  Source:                 experiment/step_index_reg[1]_rep/C
                            (rising edge-triggered cell FDRE clocked by clk_200m_mmcm  {rise@0.000ns fall@2.500ns period=5.000ns})
  Destination:            experiment/stimulus_low_reg_bram_0/ADDRBWRADDR[11]
                            (rising edge-triggered cell RAMB36E2 clocked by clk_200m_mmcm  {rise@0.000ns fall@2.500ns period=5.000ns})
  Path Group:             clk_200m_mmcm
  Path Type:              Setup (Max at Slow Process Corner)
  Requirement:            5.000ns  (clk_200m_mmcm rise@5.000ns - clk_200m_mmcm rise@0.000ns)
  Data Path Delay:        2.846ns  (logic 1.251ns (43.956%)  route 1.595ns (56.044%))
  Logic Levels:           6  (CARRY8=3 LUT4=2 LUT6=1)
  Clock Path Skew:        -0.145ns (DCD - SCD + CPR)
    Destination Clock Delay (DCD):    -0.623ns = ( 4.377 - 5.000 ) 
    Source Clock Delay      (SCD):    0.013ns
    Clock Pessimism Removal (CPR):    0.492ns
  Clock Uncertainty:      0.245ns  ((TSJ^2 + DJ^2)^1/2) / 2 + PE + UU
    Total System Jitter     (TSJ):    0.071ns
    Discrete Jitter          (DJ):    0.056ns
    Phase Error              (PE):    0.000ns
    User Uncertainty         (UU):    0.200ns

    Location             Delay type                Incr(ns)  Path(ns)    Netlist Resource(s)
  -------------------------------------------------------------------    -------------------
                         (clock clk_200m_mmcm rise edge)
                                                      0.000     0.000 r  
    AL14                                              0.000     0.000 r  clk_50m (IN)
                         net (fo=0)                   0.000     0.000    clock_input_buffer/I
    AL14                 INBUF (Prop_INBUF_HRIO_PAD_O)
                                                      0.922     0.922 r  clock_input_buffer/INBUF_INST/O
                         net (fo=1, routed)           0.092     1.014    clock_input_buffer/OUT
    AL14                 IBUFCTRL (Prop_IBUFCTRL_HRIO_I_O)
                                                      0.043     1.057 r  clock_input_buffer/IBUFCTRL_INST/O
                         net (fo=1, unplaced)         0.785     1.842    clk_50m_ibuf
                         MMCME3_ADV (Prop_MMCME3_ADV_CLKIN1_CLKOUT0)
                                                     -4.854    -3.012 r  clock_manager/CLKOUT0
                         net (fo=1, unplaced)         0.358    -2.654    clk_200m_mmcm
                         BUFGCE (Prop_BUFGCE_I_O)     0.083    -2.571 r  system_clock_buffer/O
                         net (fo=2539, unplaced)      2.584     0.013    experiment/clk_200m
                         FDRE                                         r  experiment/step_index_reg[1]_rep/C
  -------------------------------------------------------------------    -------------------
                         FDRE (Prop_FDRE_C_Q)         0.115     0.128 r  experiment/step_index_reg[1]_rep/Q
                         net (fo=25, unplaced)        0.313     0.441    experiment/step_index_reg[1]_rep_n_0
                         CARRY8 (Prop_CARRY8_S[0]_CO[7])
                                                      0.359     0.800 r  experiment/step_index_reg[8]_i_2/CO[7]
                         net (fo=1, unplaced)         0.000     0.800    experiment/step_index_reg[8]_i_2_n_0
                         CARRY8 (Prop_CARRY8_CI_O[7])
                                                      0.186     0.986 r  experiment/step_index_reg[16]_i_2/O[7]
                         net (fo=3, unplaced)         0.222     1.208    experiment/in40[16]
                         LUT4 (Prop_LUT4_I1_O)        0.138     1.346 f  experiment/stimulus_low_reg_bram_0_i_34/O
                         net (fo=1, unplaced)         0.294     1.640    experiment/stimulus_low_reg_bram_0_i_34_n_0
                         CARRY8 (Prop_CARRY8_DI[0]_CO[7])
                                                      0.373     2.013 f  experiment/stimulus_low_reg_bram_0_i_23/CO[7]
                         net (fo=5, unplaced)         0.205     2.218    experiment/core/step_index_reg[6]_rep__0[0]
                         LUT4 (Prop_LUT4_I2_O)        0.040     2.258 r  experiment/core/stimulus_low_reg_bram_0_i_17/O
                         net (fo=16, unplaced)        0.293     2.551    experiment/core/stimulus_low_reg_bram_0_i_17_n_0
                         LUT6 (Prop_LUT6_I1_O)        0.040     2.591 r  experiment/core/stimulus_low_reg_bram_0_i_6/O
                         net (fo=9, unplaced)         0.268     2.859    experiment/stim_read_addr[7]
                         RAMB36E2                                     r  experiment/stimulus_low_reg_bram_0/ADDRBWRADDR[11]
  -------------------------------------------------------------------    -------------------

                         (clock clk_200m_mmcm rise edge)
                                                      5.000     5.000 r  
    AL14                                              0.000     5.000 r  clk_50m (IN)
                         net (fo=0)                   0.000     5.000    clock_input_buffer/I
    AL14                 INBUF (Prop_INBUF_HRIO_PAD_O)
                                                      0.656     5.656 r  clock_input_buffer/INBUF_INST/O
                         net (fo=1, routed)           0.059     5.715    clock_input_buffer/OUT
    AL14                 IBUFCTRL (Prop_IBUFCTRL_HRIO_I_O)
                                                      0.032     5.747 r  clock_input_buffer/IBUFCTRL_INST/O
                         net (fo=1, unplaced)         0.708     6.455    clk_50m_ibuf
                         MMCME3_ADV (Prop_MMCME3_ADV_CLKIN1_CLKOUT0)
                                                     -4.900     1.555 r  clock_manager/CLKOUT0
                         net (fo=1, unplaced)         0.308     1.863    clk_200m_mmcm
                         BUFGCE (Prop_BUFGCE_I_O)     0.075     1.938 r  system_clock_buffer/O
                         net (fo=2539, unplaced)      2.439     4.377    experiment/clk_200m
                         RAMB36E2                                     r  experiment/stimulus_low_reg_bram_0/CLKBWRCLK
                         clock pessimism              0.492     4.868    
                         clock uncertainty           -0.245     4.623    
                         RAMB36E2 (Setup_RAMB36E2_CLKBWRCLK_ADDRBWRADDR[11])
                                                     -0.464     4.159    experiment/stimulus_low_reg_bram_0
  -------------------------------------------------------------------
                         required time                          4.159    
                         arrival time                          -2.859    
  -------------------------------------------------------------------
                         slack                                  1.300    





Pulse Width Checks
--------------------------------------------------------------------------------------
Clock Name:         clk_200m_mmcm
Waveform(ns):       { 0.000 2.500 }
Period(ns):         5.000
Sources:            { clock_manager/CLKOUT0 }

Check Type        Corner  Lib Pin             Reference Pin  Required(ns)  Actual(ns)  Slack(ns)  Location  Pin
Min Period        n/a     RAMB36E2/CLKARDCLK  n/a            1.961         5.000       3.039                experiment/event_mem_reg_0_0/CLKARDCLK
Min Period        n/a     RAMB36E2/CLKARDCLK  n/a            1.961         5.000       3.039                experiment/event_mem_reg_0_1/CLKARDCLK
Min Period        n/a     RAMB36E2/CLKARDCLK  n/a            1.961         5.000       3.039                experiment/event_mem_reg_0_10/CLKARDCLK
Min Period        n/a     RAMB36E2/CLKARDCLK  n/a            1.961         5.000       3.039                experiment/event_mem_reg_0_11/CLKARDCLK
Min Period        n/a     RAMB36E2/CLKARDCLK  n/a            1.961         5.000       3.039                experiment/event_mem_reg_0_12/CLKARDCLK
Min Period        n/a     RAMB36E2/CLKARDCLK  n/a            1.961         5.000       3.039                experiment/event_mem_reg_0_2/CLKARDCLK
Min Period        n/a     RAMB36E2/CLKARDCLK  n/a            1.961         5.000       3.039                experiment/event_mem_reg_0_3/CLKARDCLK
Min Period        n/a     RAMB36E2/CLKARDCLK  n/a            1.961         5.000       3.039                experiment/event_mem_reg_0_4/CLKARDCLK
Min Period        n/a     RAMB36E2/CLKARDCLK  n/a            1.961         5.000       3.039                experiment/event_mem_reg_0_5/CLKARDCLK
Min Period        n/a     RAMB36E2/CLKARDCLK  n/a            1.961         5.000       3.039                experiment/event_mem_reg_0_6/CLKARDCLK
Min Period        n/a     RAMB36E2/CLKARDCLK  n/a            1.961         5.000       3.039                experiment/event_mem_reg_0_7/CLKARDCLK
Min Period        n/a     RAMB36E2/CLKARDCLK  n/a            1.961         5.000       3.039                experiment/event_mem_reg_0_8/CLKARDCLK
Min Period        n/a     RAMB36E2/CLKARDCLK  n/a            1.961         5.000       3.039                experiment/event_mem_reg_0_9/CLKARDCLK
Min Period        n/a     RAMB36E2/CLKARDCLK  n/a            1.961         5.000       3.039                experiment/event_mem_reg_1_0/CLKARDCLK
Min Period        n/a     RAMB36E2/CLKARDCLK  n/a            1.961         5.000       3.039                experiment/event_mem_reg_1_1/CLKARDCLK
Min Period        n/a     RAMB36E2/CLKARDCLK  n/a            1.961         5.000       3.039                experiment/event_mem_reg_1_10/CLKARDCLK
Min Period        n/a     RAMB36E2/CLKARDCLK  n/a            1.961         5.000       3.039                experiment/event_mem_reg_1_11/CLKARDCLK
Min Period        n/a     RAMB36E2/CLKARDCLK  n/a            1.961         5.000       3.039                experiment/event_mem_reg_1_12/CLKARDCLK
Min Period        n/a     RAMB36E2/CLKARDCLK  n/a            1.961         5.000       3.039                experiment/event_mem_reg_1_2/CLKARDCLK
Min Period        n/a     RAMB36E2/CLKARDCLK  n/a            1.961         5.000       3.039                experiment/event_mem_reg_1_3/CLKARDCLK
Low Pulse Width   Slow    RAMB36E2/CLKARDCLK  n/a            0.980         2.500       1.520                experiment/event_mem_reg_0_0/CLKARDCLK
Low Pulse Width   Fast    RAMB36E2/CLKARDCLK  n/a            0.980         2.500       1.520                experiment/event_mem_reg_0_0/CLKARDCLK
Low Pulse Width   Slow    RAMB36E2/CLKARDCLK  n/a            0.980         2.500       1.520                experiment/event_mem_reg_0_1/CLKARDCLK
Low Pulse Width   Fast    RAMB36E2/CLKARDCLK  n/a            0.980         2.500       1.520                experiment/event_mem_reg_0_1/CLKARDCLK
Low Pulse Width   Slow    RAMB36E2/CLKARDCLK  n/a            0.980         2.500       1.520                experiment/event_mem_reg_0_10/CLKARDCLK
Low Pulse Width   Fast    RAMB36E2/CLKARDCLK  n/a            0.980         2.500       1.520                experiment/event_mem_reg_0_10/CLKARDCLK
Low Pulse Width   Slow    RAMB36E2/CLKARDCLK  n/a            0.980         2.500       1.520                experiment/event_mem_reg_0_11/CLKARDCLK
Low Pulse Width   Fast    RAMB36E2/CLKARDCLK  n/a            0.980         2.500       1.520                experiment/event_mem_reg_0_11/CLKARDCLK
Low Pulse Width   Slow    RAMB36E2/CLKARDCLK  n/a            0.980         2.500       1.520                experiment/event_mem_reg_0_12/CLKARDCLK
Low Pulse Width   Fast    RAMB36E2/CLKARDCLK  n/a            0.980         2.500       1.520                experiment/event_mem_reg_0_12/CLKARDCLK
Low Pulse Width   Slow    RAMB36E2/CLKARDCLK  n/a            0.980         2.500       1.520                experiment/event_mem_reg_0_2/CLKARDCLK
Low Pulse Width   Fast    RAMB36E2/CLKARDCLK  n/a            0.980         2.500       1.520                experiment/event_mem_reg_0_2/CLKARDCLK
Low Pulse Width   Slow    RAMB36E2/CLKARDCLK  n/a            0.980         2.500       1.520                experiment/event_mem_reg_0_3/CLKARDCLK
Low Pulse Width   Fast    RAMB36E2/CLKARDCLK  n/a            0.980         2.500       1.520                experiment/event_mem_reg_0_3/CLKARDCLK
Low Pulse Width   Slow    RAMB36E2/CLKARDCLK  n/a            0.980         2.500       1.520                experiment/event_mem_reg_0_4/CLKARDCLK
Low Pulse Width   Fast    RAMB36E2/CLKARDCLK  n/a            0.980         2.500       1.520                experiment/event_mem_reg_0_4/CLKARDCLK
Low Pulse Width   Slow    RAMB36E2/CLKARDCLK  n/a            0.980         2.500       1.520                experiment/event_mem_reg_0_5/CLKARDCLK
Low Pulse Width   Fast    RAMB36E2/CLKARDCLK  n/a            0.980         2.500       1.520                experiment/event_mem_reg_0_5/CLKARDCLK
Low Pulse Width   Slow    RAMB36E2/CLKARDCLK  n/a            0.980         2.500       1.520                experiment/event_mem_reg_0_6/CLKARDCLK
Low Pulse Width   Fast    RAMB36E2/CLKARDCLK  n/a            0.980         2.500       1.520                experiment/event_mem_reg_0_6/CLKARDCLK
High Pulse Width  Slow    RAMB36E2/CLKARDCLK  n/a            0.980         2.500       1.520                experiment/event_mem_reg_0_0/CLKARDCLK
High Pulse Width  Fast    RAMB36E2/CLKARDCLK  n/a            0.980         2.500       1.520                experiment/event_mem_reg_0_0/CLKARDCLK
High Pulse Width  Slow    RAMB36E2/CLKARDCLK  n/a            0.980         2.500       1.520                experiment/event_mem_reg_0_1/CLKARDCLK
High Pulse Width  Fast    RAMB36E2/CLKARDCLK  n/a            0.980         2.500       1.520                experiment/event_mem_reg_0_1/CLKARDCLK
High Pulse Width  Slow    RAMB36E2/CLKARDCLK  n/a            0.980         2.500       1.520                experiment/event_mem_reg_0_10/CLKARDCLK
High Pulse Width  Fast    RAMB36E2/CLKARDCLK  n/a            0.980         2.500       1.520                experiment/event_mem_reg_0_10/CLKARDCLK
High Pulse Width  Slow    RAMB36E2/CLKARDCLK  n/a            0.980         2.500       1.520                experiment/event_mem_reg_0_11/CLKARDCLK
High Pulse Width  Fast    RAMB36E2/CLKARDCLK  n/a            0.980         2.500       1.520                experiment/event_mem_reg_0_11/CLKARDCLK
High Pulse Width  Slow    RAMB36E2/CLKARDCLK  n/a            0.980         2.500       1.520                experiment/event_mem_reg_0_12/CLKARDCLK
High Pulse Width  Fast    RAMB36E2/CLKARDCLK  n/a            0.980         2.500       1.520                experiment/event_mem_reg_0_12/CLKARDCLK
High Pulse Width  Slow    RAMB36E2/CLKARDCLK  n/a            0.980         2.500       1.520                experiment/event_mem_reg_0_2/CLKARDCLK
High Pulse Width  Fast    RAMB36E2/CLKARDCLK  n/a            0.980         2.500       1.520                experiment/event_mem_reg_0_2/CLKARDCLK
High Pulse Width  Slow    RAMB36E2/CLKARDCLK  n/a            0.980         2.500       1.520                experiment/event_mem_reg_0_3/CLKARDCLK
High Pulse Width  Fast    RAMB36E2/CLKARDCLK  n/a            0.980         2.500       1.520                experiment/event_mem_reg_0_3/CLKARDCLK
High Pulse Width  Slow    RAMB36E2/CLKARDCLK  n/a            0.980         2.500       1.520                experiment/event_mem_reg_0_4/CLKARDCLK
High Pulse Width  Fast    RAMB36E2/CLKARDCLK  n/a            0.980         2.500       1.520                experiment/event_mem_reg_0_4/CLKARDCLK
High Pulse Width  Slow    RAMB36E2/CLKARDCLK  n/a            0.980         2.500       1.520                experiment/event_mem_reg_0_5/CLKARDCLK
High Pulse Width  Fast    RAMB36E2/CLKARDCLK  n/a            0.980         2.500       1.520                experiment/event_mem_reg_0_5/CLKARDCLK
High Pulse Width  Slow    RAMB36E2/CLKARDCLK  n/a            0.980         2.500       1.520                experiment/event_mem_reg_0_6/CLKARDCLK
High Pulse Width  Fast    RAMB36E2/CLKARDCLK  n/a            0.980         2.500       1.520                experiment/event_mem_reg_0_6/CLKARDCLK



---------------------------------------------------------------------------------------------------
From Clock:  clkfb_mmcm
  To Clock:  clkfb_mmcm

Setup :           NA  Failing Endpoints,  Worst Slack           NA  ,  Total Violation           NA
Hold  :           NA  Failing Endpoints,  Worst Slack           NA  ,  Total Violation           NA
PW    :            0  Failing Endpoints,  Worst Slack       18.621ns,  Total Violation        0.000ns
---------------------------------------------------------------------------------------------------


Pulse Width Checks
--------------------------------------------------------------------------------------
Clock Name:         clkfb_mmcm
Waveform(ns):       { 0.000 10.000 }
Period(ns):         20.000
Sources:            { clock_manager/CLKFBOUT }

Check Type  Corner  Lib Pin              Reference Pin  Required(ns)  Actual(ns)  Slack(ns)  Location  Pin
Min Period  n/a     BUFGCE/I             n/a            1.379         20.000      18.621               feedback_clock_buffer/I
Min Period  n/a     MMCME3_ADV/CLKFBOUT  n/a            1.071         20.000      18.929               clock_manager/CLKFBOUT
Min Period  n/a     MMCME3_ADV/CLKFBIN   n/a            1.071         20.000      18.929               clock_manager/CLKFBIN



---------------------------------------------------------------------------------------------------
From Clock:  
  To Clock:  clk_200m_mmcm

Setup :            0  Failing Endpoints,  Worst Slack      999.732ns,  Total Violation        0.000ns
Hold  :           NA  Failing Endpoints,  Worst Slack           NA  ,  Total Violation           NA
---------------------------------------------------------------------------------------------------


Max Delay Paths
--------------------------------------------------------------------------------------
Slack (MET) :             999.732ns  (required time - arrival time)
  Source:                 jtag_master/inst/jtag_axi_engine_u/rd_cmd_fifo_i/inst_fifo_gen/gconvfifo.rf/grf.rf/gntv_or_sync_fifo.gcx.clkx/wr_pntr_cdc_inst/src_gray_ff_reg[0]/C
                            (rising edge-triggered cell FDRE)
  Destination:            jtag_master/inst/jtag_axi_engine_u/rd_cmd_fifo_i/inst_fifo_gen/gconvfifo.rf/grf.rf/gntv_or_sync_fifo.gcx.clkx/wr_pntr_cdc_inst/dest_graysync_ff_reg[0][0]/D
                            (rising edge-triggered cell FDRE clocked by clk_200m_mmcm  {rise@0.000ns fall@2.500ns period=5.000ns})
  Path Group:             clk_200m_mmcm
  Path Type:              Setup (Max at Slow Process Corner)
  Requirement:            1000.000ns  (MaxDelay Path 1000.000ns)
  Data Path Delay:        0.327ns  (logic 0.115ns (35.168%)  route 0.212ns (64.832%))
  Logic Levels:           1  (FDRE=1)
  Timing Exception:       MaxDelay Path 1000.000ns -datapath_only

    Location             Delay type                Incr(ns)  Path(ns)    Netlist Resource(s)
  -------------------------------------------------------------------    -------------------
                         FDRE                         0.000     0.000 r  jtag_master/inst/jtag_axi_engine_u/rd_cmd_fifo_i/inst_fifo_gen/gconvfifo.rf/grf.rf/gntv_or_sync_fifo.gcx.clkx/wr_pntr_cdc_inst/src_gray_ff_reg[0]/C
                         FDRE (Prop_FDRE_C_Q)         0.115     0.115 r  jtag_master/inst/jtag_axi_engine_u/rd_cmd_fifo_i/inst_fifo_gen/gconvfifo.rf/grf.rf/gntv_or_sync_fifo.gcx.clkx/wr_pntr_cdc_inst/src_gray_ff_reg[0]/Q
                         net (fo=1, unplaced)         0.212     0.327    jtag_master/inst/jtag_axi_engine_u/rd_cmd_fifo_i/inst_fifo_gen/gconvfifo.rf/grf.rf/gntv_or_sync_fifo.gcx.clkx/wr_pntr_cdc_inst/async_path[0]
                         FDRE                                         r  jtag_master/inst/jtag_axi_engine_u/rd_cmd_fifo_i/inst_fifo_gen/gconvfifo.rf/grf.rf/gntv_or_sync_fifo.gcx.clkx/wr_pntr_cdc_inst/dest_graysync_ff_reg[0][0]/D
  -------------------------------------------------------------------    -------------------

                         max delay                 1000.000  1000.000    
                         FDRE (Setup_FDRE_C_D)        0.059  1000.059    jtag_master/inst/jtag_axi_engine_u/rd_cmd_fifo_i/inst_fifo_gen/gconvfifo.rf/grf.rf/gntv_or_sync_fifo.gcx.clkx/wr_pntr_cdc_inst/dest_graysync_ff_reg[0][0]
  -------------------------------------------------------------------
                         required time                       1000.059    
                         arrival time                          -0.327    
  -------------------------------------------------------------------
                         slack                                999.732    

Slack (MET) :             999.732ns  (required time - arrival time)
  Source:                 jtag_master/inst/jtag_axi_engine_u/rd_cmd_fifo_i/inst_fifo_gen/gconvfifo.rf/grf.rf/gntv_or_sync_fifo.gcx.clkx/wr_pntr_cdc_inst/src_gray_ff_reg[1]/C
                            (rising edge-triggered cell FDRE)
  Destination:            jtag_master/inst/jtag_axi_engine_u/rd_cmd_fifo_i/inst_fifo_gen/gconvfifo.rf/grf.rf/gntv_or_sync_fifo.gcx.clkx/wr_pntr_cdc_inst/dest_graysync_ff_reg[0][1]/D
                            (rising edge-triggered cell FDRE clocked by clk_200m_mmcm  {rise@0.000ns fall@2.500ns period=5.000ns})
  Path Group:             clk_200m_mmcm
  Path Type:              Setup (Max at Slow Process Corner)
  Requirement:            1000.000ns  (MaxDelay Path 1000.000ns)
  Data Path Delay:        0.327ns  (logic 0.115ns (35.168%)  route 0.212ns (64.832%))
  Logic Levels:           1  (FDRE=1)
  Timing Exception:       MaxDelay Path 1000.000ns -datapath_only

    Location             Delay type                Incr(ns)  Path(ns)    Netlist Resource(s)
  -------------------------------------------------------------------    -------------------
                         FDRE                         0.000     0.000 r  jtag_master/inst/jtag_axi_engine_u/rd_cmd_fifo_i/inst_fifo_gen/gconvfifo.rf/grf.rf/gntv_or_sync_fifo.gcx.clkx/wr_pntr_cdc_inst/src_gray_ff_reg[1]/C
                         FDRE (Prop_FDRE_C_Q)         0.115     0.115 r  jtag_master/inst/jtag_axi_engine_u/rd_cmd_fifo_i/inst_fifo_gen/gconvfifo.rf/grf.rf/gntv_or_sync_fifo.gcx.clkx/wr_pntr_cdc_inst/src_gray_ff_reg[1]/Q
                         net (fo=1, unplaced)         0.212     0.327    jtag_master/inst/jtag_axi_engine_u/rd_cmd_fifo_i/inst_fifo_gen/gconvfifo.rf/grf.rf/gntv_or_sync_fifo.gcx.clkx/wr_pntr_cdc_inst/async_path[1]
                         FDRE                                         r  jtag_master/inst/jtag_axi_engine_u/rd_cmd_fifo_i/inst_fifo_gen/gconvfifo.rf/grf.rf/gntv_or_sync_fifo.gcx.clkx/wr_pntr_cdc_inst/dest_graysync_ff_reg[0][1]/D
  -------------------------------------------------------------------    -------------------

                         max delay                 1000.000  1000.000    
                         FDRE (Setup_FDRE_C_D)        0.059  1000.059    jtag_master/inst/jtag_axi_engine_u/rd_cmd_fifo_i/inst_fifo_gen/gconvfifo.rf/grf.rf/gntv_or_sync_fifo.gcx.clkx/wr_pntr_cdc_inst/dest_graysync_ff_reg[0][1]
  -------------------------------------------------------------------
                         required time                       1000.059    
                         arrival time                          -0.327    
  -------------------------------------------------------------------
                         slack                                999.732    

Slack (MET) :             999.732ns  (required time - arrival time)
  Source:                 jtag_master/inst/jtag_axi_engine_u/rd_cmd_fifo_i/inst_fifo_gen/gconvfifo.rf/grf.rf/gntv_or_sync_fifo.gcx.clkx/wr_pntr_cdc_inst/src_gray_ff_reg[2]/C
                            (rising edge-triggered cell FDRE)
  Destination:            jtag_master/inst/jtag_axi_engine_u/rd_cmd_fifo_i/inst_fifo_gen/gconvfifo.rf/grf.rf/gntv_or_sync_fifo.gcx.clkx/wr_pntr_cdc_inst/dest_graysync_ff_reg[0][2]/D
                            (rising edge-triggered cell FDRE clocked by clk_200m_mmcm  {rise@0.000ns fall@2.500ns period=5.000ns})
  Path Group:             clk_200m_mmcm
  Path Type:              Setup (Max at Slow Process Corner)
  Requirement:            1000.000ns  (MaxDelay Path 1000.000ns)
  Data Path Delay:        0.327ns  (logic 0.115ns (35.168%)  route 0.212ns (64.832%))
  Logic Levels:           1  (FDRE=1)
  Timing Exception:       MaxDelay Path 1000.000ns -datapath_only

    Location             Delay type                Incr(ns)  Path(ns)    Netlist Resource(s)
  -------------------------------------------------------------------    -------------------
                         FDRE                         0.000     0.000 r  jtag_master/inst/jtag_axi_engine_u/rd_cmd_fifo_i/inst_fifo_gen/gconvfifo.rf/grf.rf/gntv_or_sync_fifo.gcx.clkx/wr_pntr_cdc_inst/src_gray_ff_reg[2]/C
                         FDRE (Prop_FDRE_C_Q)         0.115     0.115 r  jtag_master/inst/jtag_axi_engine_u/rd_cmd_fifo_i/inst_fifo_gen/gconvfifo.rf/grf.rf/gntv_or_sync_fifo.gcx.clkx/wr_pntr_cdc_inst/src_gray_ff_reg[2]/Q
                         net (fo=1, unplaced)         0.212     0.327    jtag_master/inst/jtag_axi_engine_u/rd_cmd_fifo_i/inst_fifo_gen/gconvfifo.rf/grf.rf/gntv_or_sync_fifo.gcx.clkx/wr_pntr_cdc_inst/async_path[2]
                         FDRE                                         r  jtag_master/inst/jtag_axi_engine_u/rd_cmd_fifo_i/inst_fifo_gen/gconvfifo.rf/grf.rf/gntv_or_sync_fifo.gcx.clkx/wr_pntr_cdc_inst/dest_graysync_ff_reg[0][2]/D
  -------------------------------------------------------------------    -------------------

                         max delay                 1000.000  1000.000    
                         FDRE (Setup_FDRE_C_D)        0.059  1000.059    jtag_master/inst/jtag_axi_engine_u/rd_cmd_fifo_i/inst_fifo_gen/gconvfifo.rf/grf.rf/gntv_or_sync_fifo.gcx.clkx/wr_pntr_cdc_inst/dest_graysync_ff_reg[0][2]
  -------------------------------------------------------------------
                         required time                       1000.059    
                         arrival time                          -0.327    
  -------------------------------------------------------------------
                         slack                                999.732    

Slack (MET) :             999.732ns  (required time - arrival time)
  Source:                 jtag_master/inst/jtag_axi_engine_u/rd_cmd_fifo_i/inst_fifo_gen/gconvfifo.rf/grf.rf/gntv_or_sync_fifo.gcx.clkx/wr_pntr_cdc_inst/src_gray_ff_reg[3]/C
                            (rising edge-triggered cell FDRE)
  Destination:            jtag_master/inst/jtag_axi_engine_u/rd_cmd_fifo_i/inst_fifo_gen/gconvfifo.rf/grf.rf/gntv_or_sync_fifo.gcx.clkx/wr_pntr_cdc_inst/dest_graysync_ff_reg[0][3]/D
                            (rising edge-triggered cell FDRE clocked by clk_200m_mmcm  {rise@0.000ns fall@2.500ns period=5.000ns})
  Path Group:             clk_200m_mmcm
  Path Type:              Setup (Max at Slow Process Corner)
  Requirement:            1000.000ns  (MaxDelay Path 1000.000ns)
  Data Path Delay:        0.327ns  (logic 0.115ns (35.168%)  route 0.212ns (64.832%))
  Logic Levels:           1  (FDRE=1)
  Timing Exception:       MaxDelay Path 1000.000ns -datapath_only

    Location             Delay type                Incr(ns)  Path(ns)    Netlist Resource(s)
  -------------------------------------------------------------------    -------------------
                         FDRE                         0.000     0.000 r  jtag_master/inst/jtag_axi_engine_u/rd_cmd_fifo_i/inst_fifo_gen/gconvfifo.rf/grf.rf/gntv_or_sync_fifo.gcx.clkx/wr_pntr_cdc_inst/src_gray_ff_reg[3]/C
                         FDRE (Prop_FDRE_C_Q)         0.115     0.115 r  jtag_master/inst/jtag_axi_engine_u/rd_cmd_fifo_i/inst_fifo_gen/gconvfifo.rf/grf.rf/gntv_or_sync_fifo.gcx.clkx/wr_pntr_cdc_inst/src_gray_ff_reg[3]/Q
                         net (fo=1, unplaced)         0.212     0.327    jtag_master/inst/jtag_axi_engine_u/rd_cmd_fifo_i/inst_fifo_gen/gconvfifo.rf/grf.rf/gntv_or_sync_fifo.gcx.clkx/wr_pntr_cdc_inst/async_path[3]
                         FDRE                                         r  jtag_master/inst/jtag_axi_engine_u/rd_cmd_fifo_i/inst_fifo_gen/gconvfifo.rf/grf.rf/gntv_or_sync_fifo.gcx.clkx/wr_pntr_cdc_inst/dest_graysync_ff_reg[0][3]/D
  -------------------------------------------------------------------    -------------------

                         max delay                 1000.000  1000.000    
                         FDRE (Setup_FDRE_C_D)        0.059  1000.059    jtag_master/inst/jtag_axi_engine_u/rd_cmd_fifo_i/inst_fifo_gen/gconvfifo.rf/grf.rf/gntv_or_sync_fifo.gcx.clkx/wr_pntr_cdc_inst/dest_graysync_ff_reg[0][3]
  -------------------------------------------------------------------
                         required time                       1000.059    
                         arrival time                          -0.327    
  -------------------------------------------------------------------
                         slack                                999.732    

Slack (MET) :             999.732ns  (required time - arrival time)
  Source:                 jtag_master/inst/jtag_axi_engine_u/rx_fifo_i/inst_fifo_gen/gconvfifo.rf/grf.rf/gntv_or_sync_fifo.gcx.clkx/rd_pntr_cdc_inst/src_gray_ff_reg[0]/C
                            (rising edge-triggered cell FDRE)
  Destination:            jtag_master/inst/jtag_axi_engine_u/rx_fifo_i/inst_fifo_gen/gconvfifo.rf/grf.rf/gntv_or_sync_fifo.gcx.clkx/rd_pntr_cdc_inst/dest_graysync_ff_reg[0][0]/D
                            (rising edge-triggered cell FDRE clocked by clk_200m_mmcm  {rise@0.000ns fall@2.500ns period=5.000ns})
  Path Group:             clk_200m_mmcm
  Path Type:              Setup (Max at Slow Process Corner)
  Requirement:            1000.000ns  (MaxDelay Path 1000.000ns)
  Data Path Delay:        0.327ns  (logic 0.115ns (35.168%)  route 0.212ns (64.832%))
  Logic Levels:           1  (FDRE=1)
  Timing Exception:       MaxDelay Path 1000.000ns -datapath_only

    Location             Delay type                Incr(ns)  Path(ns)    Netlist Resource(s)
  -------------------------------------------------------------------    -------------------
                         FDRE                         0.000     0.000 r  jtag_master/inst/jtag_axi_engine_u/rx_fifo_i/inst_fifo_gen/gconvfifo.rf/grf.rf/gntv_or_sync_fifo.gcx.clkx/rd_pntr_cdc_inst/src_gray_ff_reg[0]/C
                         FDRE (Prop_FDRE_C_Q)         0.115     0.115 r  jtag_master/inst/jtag_axi_engine_u/rx_fifo_i/inst_fifo_gen/gconvfifo.rf/grf.rf/gntv_or_sync_fifo.gcx.clkx/rd_pntr_cdc_inst/src_gray_ff_reg[0]/Q
                         net (fo=1, unplaced)         0.212     0.327    jtag_master/inst/jtag_axi_engine_u/rx_fifo_i/inst_fifo_gen/gconvfifo.rf/grf.rf/gntv_or_sync_fifo.gcx.clkx/rd_pntr_cdc_inst/async_path[0]
                         FDRE                                         r  jtag_master/inst/jtag_axi_engine_u/rx_fifo_i/inst_fifo_gen/gconvfifo.rf/grf.rf/gntv_or_sync_fifo.gcx.clkx/rd_pntr_cdc_inst/dest_graysync_ff_reg[0][0]/D
  -------------------------------------------------------------------    -------------------

                         max delay                 1000.000  1000.000    
                         FDRE (Setup_FDRE_C_D)        0.059  1000.059    jtag_master/inst/jtag_axi_engine_u/rx_fifo_i/inst_fifo_gen/gconvfifo.rf/grf.rf/gntv_or_sync_fifo.gcx.clkx/rd_pntr_cdc_inst/dest_graysync_ff_reg[0][0]
  -------------------------------------------------------------------
                         required time                       1000.059    
                         arrival time                          -0.327    
  -------------------------------------------------------------------
                         slack                                999.732    

Slack (MET) :             999.732ns  (required time - arrival time)
  Source:                 jtag_master/inst/jtag_axi_engine_u/rx_fifo_i/inst_fifo_gen/gconvfifo.rf/grf.rf/gntv_or_sync_fifo.gcx.clkx/rd_pntr_cdc_inst/src_gray_ff_reg[1]/C
                            (rising edge-triggered cell FDRE)
  Destination:            jtag_master/inst/jtag_axi_engine_u/rx_fifo_i/inst_fifo_gen/gconvfifo.rf/grf.rf/gntv_or_sync_fifo.gcx.clkx/rd_pntr_cdc_inst/dest_graysync_ff_reg[0][1]/D
                            (rising edge-triggered cell FDRE clocked by clk_200m_mmcm  {rise@0.000ns fall@2.500ns period=5.000ns})
  Path Group:             clk_200m_mmcm
  Path Type:              Setup (Max at Slow Process Corner)
  Requirement:            1000.000ns  (MaxDelay Path 1000.000ns)
  Data Path Delay:        0.327ns  (logic 0.115ns (35.168%)  route 0.212ns (64.832%))
  Logic Levels:           1  (FDRE=1)
  Timing Exception:       MaxDelay Path 1000.000ns -datapath_only

    Location             Delay type                Incr(ns)  Path(ns)    Netlist Resource(s)
  -------------------------------------------------------------------    -------------------
                         FDRE                         0.000     0.000 r  jtag_master/inst/jtag_axi_engine_u/rx_fifo_i/inst_fifo_gen/gconvfifo.rf/grf.rf/gntv_or_sync_fifo.gcx.clkx/rd_pntr_cdc_inst/src_gray_ff_reg[1]/C
                         FDRE (Prop_FDRE_C_Q)         0.115     0.115 r  jtag_master/inst/jtag_axi_engine_u/rx_fifo_i/inst_fifo_gen/gconvfifo.rf/grf.rf/gntv_or_sync_fifo.gcx.clkx/rd_pntr_cdc_inst/src_gray_ff_reg[1]/Q
                         net (fo=1, unplaced)         0.212     0.327    jtag_master/inst/jtag_axi_engine_u/rx_fifo_i/inst_fifo_gen/gconvfifo.rf/grf.rf/gntv_or_sync_fifo.gcx.clkx/rd_pntr_cdc_inst/async_path[1]
                         FDRE                                         r  jtag_master/inst/jtag_axi_engine_u/rx_fifo_i/inst_fifo_gen/gconvfifo.rf/grf.rf/gntv_or_sync_fifo.gcx.clkx/rd_pntr_cdc_inst/dest_graysync_ff_reg[0][1]/D
  -------------------------------------------------------------------    -------------------

                         max delay                 1000.000  1000.000    
                         FDRE (Setup_FDRE_C_D)        0.059  1000.059    jtag_master/inst/jtag_axi_engine_u/rx_fifo_i/inst_fifo_gen/gconvfifo.rf/grf.rf/gntv_or_sync_fifo.gcx.clkx/rd_pntr_cdc_inst/dest_graysync_ff_reg[0][1]
  -------------------------------------------------------------------
                         required time                       1000.059    
                         arrival time                          -0.327    
  -------------------------------------------------------------------
                         slack                                999.732    

Slack (MET) :             999.732ns  (required time - arrival time)
  Source:                 jtag_master/inst/jtag_axi_engine_u/rx_fifo_i/inst_fifo_gen/gconvfifo.rf/grf.rf/gntv_or_sync_fifo.gcx.clkx/rd_pntr_cdc_inst/src_gray_ff_reg[2]/C
                            (rising edge-triggered cell FDRE)
  Destination:            jtag_master/inst/jtag_axi_engine_u/rx_fifo_i/inst_fifo_gen/gconvfifo.rf/grf.rf/gntv_or_sync_fifo.gcx.clkx/rd_pntr_cdc_inst/dest_graysync_ff_reg[0][2]/D
                            (rising edge-triggered cell FDRE clocked by clk_200m_mmcm  {rise@0.000ns fall@2.500ns period=5.000ns})
  Path Group:             clk_200m_mmcm
  Path Type:              Setup (Max at Slow Process Corner)
  Requirement:            1000.000ns  (MaxDelay Path 1000.000ns)
  Data Path Delay:        0.327ns  (logic 0.115ns (35.168%)  route 0.212ns (64.832%))
  Logic Levels:           1  (FDRE=1)
  Timing Exception:       MaxDelay Path 1000.000ns -datapath_only

    Location             Delay type                Incr(ns)  Path(ns)    Netlist Resource(s)
  -------------------------------------------------------------------    -------------------
                         FDRE                         0.000     0.000 r  jtag_master/inst/jtag_axi_engine_u/rx_fifo_i/inst_fifo_gen/gconvfifo.rf/grf.rf/gntv_or_sync_fifo.gcx.clkx/rd_pntr_cdc_inst/src_gray_ff_reg[2]/C
                         FDRE (Prop_FDRE_C_Q)         0.115     0.115 r  jtag_master/inst/jtag_axi_engine_u/rx_fifo_i/inst_fifo_gen/gconvfifo.rf/grf.rf/gntv_or_sync_fifo.gcx.clkx/rd_pntr_cdc_inst/src_gray_ff_reg[2]/Q
                         net (fo=1, unplaced)         0.212     0.327    jtag_master/inst/jtag_axi_engine_u/rx_fifo_i/inst_fifo_gen/gconvfifo.rf/grf.rf/gntv_or_sync_fifo.gcx.clkx/rd_pntr_cdc_inst/async_path[2]
                         FDRE                                         r  jtag_master/inst/jtag_axi_engine_u/rx_fifo_i/inst_fifo_gen/gconvfifo.rf/grf.rf/gntv_or_sync_fifo.gcx.clkx/rd_pntr_cdc_inst/dest_graysync_ff_reg[0][2]/D
  -------------------------------------------------------------------    -------------------

                         max delay                 1000.000  1000.000    
                         FDRE (Setup_FDRE_C_D)        0.059  1000.059    jtag_master/inst/jtag_axi_engine_u/rx_fifo_i/inst_fifo_gen/gconvfifo.rf/grf.rf/gntv_or_sync_fifo.gcx.clkx/rd_pntr_cdc_inst/dest_graysync_ff_reg[0][2]
  -------------------------------------------------------------------
                         required time                       1000.059    
                         arrival time                          -0.327    
  -------------------------------------------------------------------
                         slack                                999.732    

Slack (MET) :             999.732ns  (required time - arrival time)
  Source:                 jtag_master/inst/jtag_axi_engine_u/rx_fifo_i/inst_fifo_gen/gconvfifo.rf/grf.rf/gntv_or_sync_fifo.gcx.clkx/rd_pntr_cdc_inst/src_gray_ff_reg[3]/C
                            (rising edge-triggered cell FDRE)
  Destination:            jtag_master/inst/jtag_axi_engine_u/rx_fifo_i/inst_fifo_gen/gconvfifo.rf/grf.rf/gntv_or_sync_fifo.gcx.clkx/rd_pntr_cdc_inst/dest_graysync_ff_reg[0][3]/D
                            (rising edge-triggered cell FDRE clocked by clk_200m_mmcm  {rise@0.000ns fall@2.500ns period=5.000ns})
  Path Group:             clk_200m_mmcm
  Path Type:              Setup (Max at Slow Process Corner)
  Requirement:            1000.000ns  (MaxDelay Path 1000.000ns)
  Data Path Delay:        0.327ns  (logic 0.115ns (35.168%)  route 0.212ns (64.832%))
  Logic Levels:           1  (FDRE=1)
  Timing Exception:       MaxDelay Path 1000.000ns -datapath_only

    Location             Delay type                Incr(ns)  Path(ns)    Netlist Resource(s)
  -------------------------------------------------------------------    -------------------
                         FDRE                         0.000     0.000 r  jtag_master/inst/jtag_axi_engine_u/rx_fifo_i/inst_fifo_gen/gconvfifo.rf/grf.rf/gntv_or_sync_fifo.gcx.clkx/rd_pntr_cdc_inst/src_gray_ff_reg[3]/C
                         FDRE (Prop_FDRE_C_Q)         0.115     0.115 r  jtag_master/inst/jtag_axi_engine_u/rx_fifo_i/inst_fifo_gen/gconvfifo.rf/grf.rf/gntv_or_sync_fifo.gcx.clkx/rd_pntr_cdc_inst/src_gray_ff_reg[3]/Q
                         net (fo=1, unplaced)         0.212     0.327    jtag_master/inst/jtag_axi_engine_u/rx_fifo_i/inst_fifo_gen/gconvfifo.rf/grf.rf/gntv_or_sync_fifo.gcx.clkx/rd_pntr_cdc_inst/async_path[3]
                         FDRE                                         r  jtag_master/inst/jtag_axi_engine_u/rx_fifo_i/inst_fifo_gen/gconvfifo.rf/grf.rf/gntv_or_sync_fifo.gcx.clkx/rd_pntr_cdc_inst/dest_graysync_ff_reg[0][3]/D
  -------------------------------------------------------------------    -------------------

                         max delay                 1000.000  1000.000    
                         FDRE (Setup_FDRE_C_D)        0.059  1000.059    jtag_master/inst/jtag_axi_engine_u/rx_fifo_i/inst_fifo_gen/gconvfifo.rf/grf.rf/gntv_or_sync_fifo.gcx.clkx/rd_pntr_cdc_inst/dest_graysync_ff_reg[0][3]
  -------------------------------------------------------------------
                         required time                       1000.059    
                         arrival time                          -0.327    
  -------------------------------------------------------------------
                         slack                                999.732    

Slack (MET) :             999.732ns  (required time - arrival time)
  Source:                 jtag_master/inst/jtag_axi_engine_u/rx_fifo_i/inst_fifo_gen/gconvfifo.rf/grf.rf/gntv_or_sync_fifo.gcx.clkx/rd_pntr_cdc_inst/src_gray_ff_reg[4]/C
                            (rising edge-triggered cell FDRE)
  Destination:            jtag_master/inst/jtag_axi_engine_u/rx_fifo_i/inst_fifo_gen/gconvfifo.rf/grf.rf/gntv_or_sync_fifo.gcx.clkx/rd_pntr_cdc_inst/dest_graysync_ff_reg[0][4]/D
                            (rising edge-triggered cell FDRE clocked by clk_200m_mmcm  {rise@0.000ns fall@2.500ns period=5.000ns})
  Path Group:             clk_200m_mmcm
  Path Type:              Setup (Max at Slow Process Corner)
  Requirement:            1000.000ns  (MaxDelay Path 1000.000ns)
  Data Path Delay:        0.327ns  (logic 0.115ns (35.168%)  route 0.212ns (64.832%))
  Logic Levels:           1  (FDRE=1)
  Timing Exception:       MaxDelay Path 1000.000ns -datapath_only

    Location             Delay type                Incr(ns)  Path(ns)    Netlist Resource(s)
  -------------------------------------------------------------------    -------------------
                         FDRE                         0.000     0.000 r  jtag_master/inst/jtag_axi_engine_u/rx_fifo_i/inst_fifo_gen/gconvfifo.rf/grf.rf/gntv_or_sync_fifo.gcx.clkx/rd_pntr_cdc_inst/src_gray_ff_reg[4]/C
                         FDRE (Prop_FDRE_C_Q)         0.115     0.115 r  jtag_master/inst/jtag_axi_engine_u/rx_fifo_i/inst_fifo_gen/gconvfifo.rf/grf.rf/gntv_or_sync_fifo.gcx.clkx/rd_pntr_cdc_inst/src_gray_ff_reg[4]/Q
                         net (fo=1, unplaced)         0.212     0.327    jtag_master/inst/jtag_axi_engine_u/rx_fifo_i/inst_fifo_gen/gconvfifo.rf/grf.rf/gntv_or_sync_fifo.gcx.clkx/rd_pntr_cdc_inst/async_path[4]
                         FDRE                                         r  jtag_master/inst/jtag_axi_engine_u/rx_fifo_i/inst_fifo_gen/gconvfifo.rf/grf.rf/gntv_or_sync_fifo.gcx.clkx/rd_pntr_cdc_inst/dest_graysync_ff_reg[0][4]/D
  -------------------------------------------------------------------    -------------------

                         max delay                 1000.000  1000.000    
                         FDRE (Setup_FDRE_C_D)        0.059  1000.059    jtag_master/inst/jtag_axi_engine_u/rx_fifo_i/inst_fifo_gen/gconvfifo.rf/grf.rf/gntv_or_sync_fifo.gcx.clkx/rd_pntr_cdc_inst/dest_graysync_ff_reg[0][4]
  -------------------------------------------------------------------
                         required time                       1000.059    
                         arrival time                          -0.327    
  -------------------------------------------------------------------
                         slack                                999.732    

Slack (MET) :             999.732ns  (required time - arrival time)
  Source:                 jtag_master/inst/jtag_axi_engine_u/rx_fifo_i/inst_fifo_gen/gconvfifo.rf/grf.rf/gntv_or_sync_fifo.gcx.clkx/rd_pntr_cdc_inst/src_gray_ff_reg[5]/C
                            (rising edge-triggered cell FDRE)
  Destination:            jtag_master/inst/jtag_axi_engine_u/rx_fifo_i/inst_fifo_gen/gconvfifo.rf/grf.rf/gntv_or_sync_fifo.gcx.clkx/rd_pntr_cdc_inst/dest_graysync_ff_reg[0][5]/D
                            (rising edge-triggered cell FDRE clocked by clk_200m_mmcm  {rise@0.000ns fall@2.500ns period=5.000ns})
  Path Group:             clk_200m_mmcm
  Path Type:              Setup (Max at Slow Process Corner)
  Requirement:            1000.000ns  (MaxDelay Path 1000.000ns)
  Data Path Delay:        0.327ns  (logic 0.115ns (35.168%)  route 0.212ns (64.832%))
  Logic Levels:           1  (FDRE=1)
  Timing Exception:       MaxDelay Path 1000.000ns -datapath_only

    Location             Delay type                Incr(ns)  Path(ns)    Netlist Resource(s)
  -------------------------------------------------------------------    -------------------
                         FDRE                         0.000     0.000 r  jtag_master/inst/jtag_axi_engine_u/rx_fifo_i/inst_fifo_gen/gconvfifo.rf/grf.rf/gntv_or_sync_fifo.gcx.clkx/rd_pntr_cdc_inst/src_gray_ff_reg[5]/C
                         FDRE (Prop_FDRE_C_Q)         0.115     0.115 r  jtag_master/inst/jtag_axi_engine_u/rx_fifo_i/inst_fifo_gen/gconvfifo.rf/grf.rf/gntv_or_sync_fifo.gcx.clkx/rd_pntr_cdc_inst/src_gray_ff_reg[5]/Q
                         net (fo=1, unplaced)         0.212     0.327    jtag_master/inst/jtag_axi_engine_u/rx_fifo_i/inst_fifo_gen/gconvfifo.rf/grf.rf/gntv_or_sync_fifo.gcx.clkx/rd_pntr_cdc_inst/async_path[5]
                         FDRE                                         r  jtag_master/inst/jtag_axi_engine_u/rx_fifo_i/inst_fifo_gen/gconvfifo.rf/grf.rf/gntv_or_sync_fifo.gcx.clkx/rd_pntr_cdc_inst/dest_graysync_ff_reg[0][5]/D
  -------------------------------------------------------------------    -------------------

                         max delay                 1000.000  1000.000    
                         FDRE (Setup_FDRE_C_D)        0.059  1000.059    jtag_master/inst/jtag_axi_engine_u/rx_fifo_i/inst_fifo_gen/gconvfifo.rf/grf.rf/gntv_or_sync_fifo.gcx.clkx/rd_pntr_cdc_inst/dest_graysync_ff_reg[0][5]
  -------------------------------------------------------------------
                         required time                       1000.059    
                         arrival time                          -0.327    
  -------------------------------------------------------------------
                         slack                                999.732    

Slack (MET) :             999.732ns  (required time - arrival time)
  Source:                 jtag_master/inst/jtag_axi_engine_u/rx_fifo_i/inst_fifo_gen/gconvfifo.rf/grf.rf/gntv_or_sync_fifo.gcx.clkx/rd_pntr_cdc_inst/src_gray_ff_reg[6]/C
                            (rising edge-triggered cell FDRE)
  Destination:            jtag_master/inst/jtag_axi_engine_u/rx_fifo_i/inst_fifo_gen/gconvfifo.rf/grf.rf/gntv_or_sync_fifo.gcx.clkx/rd_pntr_cdc_inst/dest_graysync_ff_reg[0][6]/D
                            (rising edge-triggered cell FDRE clocked by clk_200m_mmcm  {rise@0.000ns fall@2.500ns period=5.000ns})
  Path Group:             clk_200m_mmcm
  Path Type:              Setup (Max at Slow Process Corner)
  Requirement:            1000.000ns  (MaxDelay Path 1000.000ns)
  Data Path Delay:        0.327ns  (logic 0.115ns (35.168%)  route 0.212ns (64.832%))
  Logic Levels:           1  (FDRE=1)
  Timing Exception:       MaxDelay Path 1000.000ns -datapath_only

    Location             Delay type                Incr(ns)  Path(ns)    Netlist Resource(s)
  -------------------------------------------------------------------    -------------------
                         FDRE                         0.000     0.000 r  jtag_master/inst/jtag_axi_engine_u/rx_fifo_i/inst_fifo_gen/gconvfifo.rf/grf.rf/gntv_or_sync_fifo.gcx.clkx/rd_pntr_cdc_inst/src_gray_ff_reg[6]/C
                         FDRE (Prop_FDRE_C_Q)         0.115     0.115 r  jtag_master/inst/jtag_axi_engine_u/rx_fifo_i/inst_fifo_gen/gconvfifo.rf/grf.rf/gntv_or_sync_fifo.gcx.clkx/rd_pntr_cdc_inst/src_gray_ff_reg[6]/Q
                         net (fo=1, unplaced)         0.212     0.327    jtag_master/inst/jtag_axi_engine_u/rx_fifo_i/inst_fifo_gen/gconvfifo.rf/grf.rf/gntv_or_sync_fifo.gcx.clkx/rd_pntr_cdc_inst/async_path[6]
                         FDRE                                         r  jtag_master/inst/jtag_axi_engine_u/rx_fifo_i/inst_fifo_gen/gconvfifo.rf/grf.rf/gntv_or_sync_fifo.gcx.clkx/rd_pntr_cdc_inst/dest_graysync_ff_reg[0][6]/D
  -------------------------------------------------------------------    -------------------

                         max delay                 1000.000  1000.000    
                         FDRE (Setup_FDRE_C_D)        0.059  1000.059    jtag_master/inst/jtag_axi_engine_u/rx_fifo_i/inst_fifo_gen/gconvfifo.rf/grf.rf/gntv_or_sync_fifo.gcx.clkx/rd_pntr_cdc_inst/dest_graysync_ff_reg[0][6]
  -------------------------------------------------------------------
                         required time                       1000.059    
                         arrival time                          -0.327    
  -------------------------------------------------------------------
                         slack                                999.732    

Slack (MET) :             999.732ns  (required time - arrival time)
  Source:                 jtag_master/inst/jtag_axi_engine_u/rx_fifo_i/inst_fifo_gen/gconvfifo.rf/grf.rf/gntv_or_sync_fifo.gcx.clkx/rd_pntr_cdc_inst/src_gray_ff_reg[7]/C
                            (rising edge-triggered cell FDRE)
  Destination:            jtag_master/inst/jtag_axi_engine_u/rx_fifo_i/inst_fifo_gen/gconvfifo.rf/grf.rf/gntv_or_sync_fifo.gcx.clkx/rd_pntr_cdc_inst/dest_graysync_ff_reg[0][7]/D
                            (rising edge-triggered cell FDRE clocked by clk_200m_mmcm  {rise@0.000ns fall@2.500ns period=5.000ns})
  Path Group:             clk_200m_mmcm
  Path Type:              Setup (Max at Slow Process Corner)
  Requirement:            1000.000ns  (MaxDelay Path 1000.000ns)
  Data Path Delay:        0.327ns  (logic 0.115ns (35.168%)  route 0.212ns (64.832%))
  Logic Levels:           1  (FDRE=1)
  Timing Exception:       MaxDelay Path 1000.000ns -datapath_only

    Location             Delay type                Incr(ns)  Path(ns)    Netlist Resource(s)
  -------------------------------------------------------------------    -------------------
                         FDRE                         0.000     0.000 r  jtag_master/inst/jtag_axi_engine_u/rx_fifo_i/inst_fifo_gen/gconvfifo.rf/grf.rf/gntv_or_sync_fifo.gcx.clkx/rd_pntr_cdc_inst/src_gray_ff_reg[7]/C
                         FDRE (Prop_FDRE_C_Q)         0.115     0.115 r  jtag_master/inst/jtag_axi_engine_u/rx_fifo_i/inst_fifo_gen/gconvfifo.rf/grf.rf/gntv_or_sync_fifo.gcx.clkx/rd_pntr_cdc_inst/src_gray_ff_reg[7]/Q
                         net (fo=1, unplaced)         0.212     0.327    jtag_master/inst/jtag_axi_engine_u/rx_fifo_i/inst_fifo_gen/gconvfifo.rf/grf.rf/gntv_or_sync_fifo.gcx.clkx/rd_pntr_cdc_inst/async_path[7]
                         FDRE                                         r  jtag_master/inst/jtag_axi_engine_u/rx_fifo_i/inst_fifo_gen/gconvfifo.rf/grf.rf/gntv_or_sync_fifo.gcx.clkx/rd_pntr_cdc_inst/dest_graysync_ff_reg[0][7]/D
  -------------------------------------------------------------------    -------------------

                         max delay                 1000.000  1000.000    
                         FDRE (Setup_FDRE_C_D)        0.059  1000.059    jtag_master/inst/jtag_axi_engine_u/rx_fifo_i/inst_fifo_gen/gconvfifo.rf/grf.rf/gntv_or_sync_fifo.gcx.clkx/rd_pntr_cdc_inst/dest_graysync_ff_reg[0][7]
  -------------------------------------------------------------------
                         required time                       1000.059    
                         arrival time                          -0.327    
  -------------------------------------------------------------------
                         slack                                999.732    

Slack (MET) :             999.732ns  (required time - arrival time)
  Source:                 jtag_master/inst/jtag_axi_engine_u/tx_fifo_i/inst_fifo_gen/gconvfifo.rf/grf.rf/gntv_or_sync_fifo.gcx.clkx/wr_pntr_cdc_inst/src_gray_ff_reg[0]/C
                            (rising edge-triggered cell FDRE)
  Destination:            jtag_master/inst/jtag_axi_engine_u/tx_fifo_i/inst_fifo_gen/gconvfifo.rf/grf.rf/gntv_or_sync_fifo.gcx.clkx/wr_pntr_cdc_inst/dest_graysync_ff_reg[0][0]/D
                            (rising edge-triggered cell FDRE clocked by clk_200m_mmcm  {rise@0.000ns fall@2.500ns period=5.000ns})
  Path Group:             clk_200m_mmcm
  Path Type:              Setup (Max at Slow Process Corner)
  Requirement:            1000.000ns  (MaxDelay Path 1000.000ns)
  Data Path Delay:        0.327ns  (logic 0.115ns (35.168%)  route 0.212ns (64.832%))
  Logic Levels:           1  (FDRE=1)
  Timing Exception:       MaxDelay Path 1000.000ns -datapath_only

    Location             Delay type                Incr(ns)  Path(ns)    Netlist Resource(s)
  -------------------------------------------------------------------    -------------------
                         FDRE                         0.000     0.000 r  jtag_master/inst/jtag_axi_engine_u/tx_fifo_i/inst_fifo_gen/gconvfifo.rf/grf.rf/gntv_or_sync_fifo.gcx.clkx/wr_pntr_cdc_inst/src_gray_ff_reg[0]/C
                         FDRE (Prop_FDRE_C_Q)         0.115     0.115 r  jtag_master/inst/jtag_axi_engine_u/tx_fifo_i/inst_fifo_gen/gconvfifo.rf/grf.rf/gntv_or_sync_fifo.gcx.clkx/wr_pntr_cdc_inst/src_gray_ff_reg[0]/Q
                         net (fo=1, unplaced)         0.212     0.327    jtag_master/inst/jtag_axi_engine_u/tx_fifo_i/inst_fifo_gen/gconvfifo.rf/grf.rf/gntv_or_sync_fifo.gcx.clkx/wr_pntr_cdc_inst/async_path[0]
                         FDRE                                         r  jtag_master/inst/jtag_axi_engine_u/tx_fifo_i/inst_fifo_gen/gconvfifo.rf/grf.rf/gntv_or_sync_fifo.gcx.clkx/wr_pntr_cdc_inst/dest_graysync_ff_reg[0][0]/D
  -------------------------------------------------------------------    -------------------

                         max delay                 1000.000  1000.000    
                         FDRE (Setup_FDRE_C_D)        0.059  1000.059    jtag_master/inst/jtag_axi_engine_u/tx_fifo_i/inst_fifo_gen/gconvfifo.rf/grf.rf/gntv_or_sync_fifo.gcx.clkx/wr_pntr_cdc_inst/dest_graysync_ff_reg[0][0]
  -------------------------------------------------------------------
                         required time                       1000.059    
                         arrival time                          -0.327    
  -------------------------------------------------------------------
                         slack                                999.732    

Slack (MET) :             999.732ns  (required time - arrival time)
  Source:                 jtag_master/inst/jtag_axi_engine_u/tx_fifo_i/inst_fifo_gen/gconvfifo.rf/grf.rf/gntv_or_sync_fifo.gcx.clkx/wr_pntr_cdc_inst/src_gray_ff_reg[1]/C
                            (rising edge-triggered cell FDRE)
  Destination:            jtag_master/inst/jtag_axi_engine_u/tx_fifo_i/inst_fifo_gen/gconvfifo.rf/grf.rf/gntv_or_sync_fifo.gcx.clkx/wr_pntr_cdc_inst/dest_graysync_ff_reg[0][1]/D
                            (rising edge-triggered cell FDRE clocked by clk_200m_mmcm  {rise@0.000ns fall@2.500ns period=5.000ns})
  Path Group:             clk_200m_mmcm
  Path Type:              Setup (Max at Slow Process Corner)
  Requirement:            1000.000ns  (MaxDelay Path 1000.000ns)
  Data Path Delay:        0.327ns  (logic 0.115ns (35.168%)  route 0.212ns (64.832%))
  Logic Levels:           1  (FDRE=1)
  Timing Exception:       MaxDelay Path 1000.000ns -datapath_only

    Location             Delay type                Incr(ns)  Path(ns)    Netlist Resource(s)
  -------------------------------------------------------------------    -------------------
                         FDRE                         0.000     0.000 r  jtag_master/inst/jtag_axi_engine_u/tx_fifo_i/inst_fifo_gen/gconvfifo.rf/grf.rf/gntv_or_sync_fifo.gcx.clkx/wr_pntr_cdc_inst/src_gray_ff_reg[1]/C
                         FDRE (Prop_FDRE_C_Q)         0.115     0.115 r  jtag_master/inst/jtag_axi_engine_u/tx_fifo_i/inst_fifo_gen/gconvfifo.rf/grf.rf/gntv_or_sync_fifo.gcx.clkx/wr_pntr_cdc_inst/src_gray_ff_reg[1]/Q
                         net (fo=1, unplaced)         0.212     0.327    jtag_master/inst/jtag_axi_engine_u/tx_fifo_i/inst_fifo_gen/gconvfifo.rf/grf.rf/gntv_or_sync_fifo.gcx.clkx/wr_pntr_cdc_inst/async_path[1]
                         FDRE                                         r  jtag_master/inst/jtag_axi_engine_u/tx_fifo_i/inst_fifo_gen/gconvfifo.rf/grf.rf/gntv_or_sync_fifo.gcx.clkx/wr_pntr_cdc_inst/dest_graysync_ff_reg[0][1]/D
  -------------------------------------------------------------------    -------------------

                         max delay                 1000.000  1000.000    
                         FDRE (Setup_FDRE_C_D)        0.059  1000.059    jtag_master/inst/jtag_axi_engine_u/tx_fifo_i/inst_fifo_gen/gconvfifo.rf/grf.rf/gntv_or_sync_fifo.gcx.clkx/wr_pntr_cdc_inst/dest_graysync_ff_reg[0][1]
  -------------------------------------------------------------------
                         required time                       1000.059    
                         arrival time                          -0.327    
  -------------------------------------------------------------------
                         slack                                999.732    

Slack (MET) :             999.732ns  (required time - arrival time)
  Source:                 jtag_master/inst/jtag_axi_engine_u/tx_fifo_i/inst_fifo_gen/gconvfifo.rf/grf.rf/gntv_or_sync_fifo.gcx.clkx/wr_pntr_cdc_inst/src_gray_ff_reg[2]/C
                            (rising edge-triggered cell FDRE)
  Destination:            jtag_master/inst/jtag_axi_engine_u/tx_fifo_i/inst_fifo_gen/gconvfifo.rf/grf.rf/gntv_or_sync_fifo.gcx.clkx/wr_pntr_cdc_inst/dest_graysync_ff_reg[0][2]/D
                            (rising edge-triggered cell FDRE clocked by clk_200m_mmcm  {rise@0.000ns fall@2.500ns period=5.000ns})
  Path Group:             clk_200m_mmcm
  Path Type:              Setup (Max at Slow Process Corner)
  Requirement:            1000.000ns  (MaxDelay Path 1000.000ns)
  Data Path Delay:        0.327ns  (logic 0.115ns (35.168%)  route 0.212ns (64.832%))
  Logic Levels:           1  (FDRE=1)
  Timing Exception:       MaxDelay Path 1000.000ns -datapath_only

    Location             Delay type                Incr(ns)  Path(ns)    Netlist Resource(s)
  -------------------------------------------------------------------    -------------------
                         FDRE                         0.000     0.000 r  jtag_master/inst/jtag_axi_engine_u/tx_fifo_i/inst_fifo_gen/gconvfifo.rf/grf.rf/gntv_or_sync_fifo.gcx.clkx/wr_pntr_cdc_inst/src_gray_ff_reg[2]/C
                         FDRE (Prop_FDRE_C_Q)         0.115     0.115 r  jtag_master/inst/jtag_axi_engine_u/tx_fifo_i/inst_fifo_gen/gconvfifo.rf/grf.rf/gntv_or_sync_fifo.gcx.clkx/wr_pntr_cdc_inst/src_gray_ff_reg[2]/Q
                         net (fo=1, unplaced)         0.212     0.327    jtag_master/inst/jtag_axi_engine_u/tx_fifo_i/inst_fifo_gen/gconvfifo.rf/grf.rf/gntv_or_sync_fifo.gcx.clkx/wr_pntr_cdc_inst/async_path[2]
                         FDRE                                         r  jtag_master/inst/jtag_axi_engine_u/tx_fifo_i/inst_fifo_gen/gconvfifo.rf/grf.rf/gntv_or_sync_fifo.gcx.clkx/wr_pntr_cdc_inst/dest_graysync_ff_reg[0][2]/D
  -------------------------------------------------------------------    -------------------

                         max delay                 1000.000  1000.000    
                         FDRE (Setup_FDRE_C_D)        0.059  1000.059    jtag_master/inst/jtag_axi_engine_u/tx_fifo_i/inst_fifo_gen/gconvfifo.rf/grf.rf/gntv_or_sync_fifo.gcx.clkx/wr_pntr_cdc_inst/dest_graysync_ff_reg[0][2]
  -------------------------------------------------------------------
                         required time                       1000.059    
                         arrival time                          -0.327    
  -------------------------------------------------------------------
                         slack                                999.732    

Slack (MET) :             999.732ns  (required time - arrival time)
  Source:                 jtag_master/inst/jtag_axi_engine_u/tx_fifo_i/inst_fifo_gen/gconvfifo.rf/grf.rf/gntv_or_sync_fifo.gcx.clkx/wr_pntr_cdc_inst/src_gray_ff_reg[3]/C
                            (rising edge-triggered cell FDRE)
  Destination:            jtag_master/inst/jtag_axi_engine_u/tx_fifo_i/inst_fifo_gen/gconvfifo.rf/grf.rf/gntv_or_sync_fifo.gcx.clkx/wr_pntr_cdc_inst/dest_graysync_ff_reg[0][3]/D
                            (rising edge-triggered cell FDRE clocked by clk_200m_mmcm  {rise@0.000ns fall@2.500ns period=5.000ns})
  Path Group:             clk_200m_mmcm
  Path Type:              Setup (Max at Slow Process Corner)
  Requirement:            1000.000ns  (MaxDelay Path 1000.000ns)
  Data Path Delay:        0.327ns  (logic 0.115ns (35.168%)  route 0.212ns (64.832%))
  Logic Levels:           1  (FDRE=1)
  Timing Exception:       MaxDelay Path 1000.000ns -datapath_only

    Location             Delay type                Incr(ns)  Path(ns)    Netlist Resource(s)
  -------------------------------------------------------------------    -------------------
                         FDRE                         0.000     0.000 r  jtag_master/inst/jtag_axi_engine_u/tx_fifo_i/inst_fifo_gen/gconvfifo.rf/grf.rf/gntv_or_sync_fifo.gcx.clkx/wr_pntr_cdc_inst/src_gray_ff_reg[3]/C
                         FDRE (Prop_FDRE_C_Q)         0.115     0.115 r  jtag_master/inst/jtag_axi_engine_u/tx_fifo_i/inst_fifo_gen/gconvfifo.rf/grf.rf/gntv_or_sync_fifo.gcx.clkx/wr_pntr_cdc_inst/src_gray_ff_reg[3]/Q
                         net (fo=1, unplaced)         0.212     0.327    jtag_master/inst/jtag_axi_engine_u/tx_fifo_i/inst_fifo_gen/gconvfifo.rf/grf.rf/gntv_or_sync_fifo.gcx.clkx/wr_pntr_cdc_inst/async_path[3]
                         FDRE                                         r  jtag_master/inst/jtag_axi_engine_u/tx_fifo_i/inst_fifo_gen/gconvfifo.rf/grf.rf/gntv_or_sync_fifo.gcx.clkx/wr_pntr_cdc_inst/dest_graysync_ff_reg[0][3]/D
  -------------------------------------------------------------------    -------------------

                         max delay                 1000.000  1000.000    
                         FDRE (Setup_FDRE_C_D)        0.059  1000.059    jtag_master/inst/jtag_axi_engine_u/tx_fifo_i/inst_fifo_gen/gconvfifo.rf/grf.rf/gntv_or_sync_fifo.gcx.clkx/wr_pntr_cdc_inst/dest_graysync_ff_reg[0][3]
  -------------------------------------------------------------------
                         required time                       1000.059    
                         arrival time                          -0.327    
  -------------------------------------------------------------------
                         slack                                999.732    

Slack (MET) :             999.732ns  (required time - arrival time)
  Source:                 jtag_master/inst/jtag_axi_engine_u/tx_fifo_i/inst_fifo_gen/gconvfifo.rf/grf.rf/gntv_or_sync_fifo.gcx.clkx/wr_pntr_cdc_inst/src_gray_ff_reg[4]/C
                            (rising edge-triggered cell FDRE)
  Destination:            jtag_master/inst/jtag_axi_engine_u/tx_fifo_i/inst_fifo_gen/gconvfifo.rf/grf.rf/gntv_or_sync_fifo.gcx.clkx/wr_pntr_cdc_inst/dest_graysync_ff_reg[0][4]/D
                            (rising edge-triggered cell FDRE clocked by clk_200m_mmcm  {rise@0.000ns fall@2.500ns period=5.000ns})
  Path Group:             clk_200m_mmcm
  Path Type:              Setup (Max at Slow Process Corner)
  Requirement:            1000.000ns  (MaxDelay Path 1000.000ns)
  Data Path Delay:        0.327ns  (logic 0.115ns (35.168%)  route 0.212ns (64.832%))
  Logic Levels:           1  (FDRE=1)
  Timing Exception:       MaxDelay Path 1000.000ns -datapath_only

    Location             Delay type                Incr(ns)  Path(ns)    Netlist Resource(s)
  -------------------------------------------------------------------    -------------------
                         FDRE                         0.000     0.000 r  jtag_master/inst/jtag_axi_engine_u/tx_fifo_i/inst_fifo_gen/gconvfifo.rf/grf.rf/gntv_or_sync_fifo.gcx.clkx/wr_pntr_cdc_inst/src_gray_ff_reg[4]/C
                         FDRE (Prop_FDRE_C_Q)         0.115     0.115 r  jtag_master/inst/jtag_axi_engine_u/tx_fifo_i/inst_fifo_gen/gconvfifo.rf/grf.rf/gntv_or_sync_fifo.gcx.clkx/wr_pntr_cdc_inst/src_gray_ff_reg[4]/Q
                         net (fo=1, unplaced)         0.212     0.327    jtag_master/inst/jtag_axi_engine_u/tx_fifo_i/inst_fifo_gen/gconvfifo.rf/grf.rf/gntv_or_sync_fifo.gcx.clkx/wr_pntr_cdc_inst/async_path[4]
                         FDRE                                         r  jtag_master/inst/jtag_axi_engine_u/tx_fifo_i/inst_fifo_gen/gconvfifo.rf/grf.rf/gntv_or_sync_fifo.gcx.clkx/wr_pntr_cdc_inst/dest_graysync_ff_reg[0][4]/D
  -------------------------------------------------------------------    -------------------

                         max delay                 1000.000  1000.000    
                         FDRE (Setup_FDRE_C_D)        0.059  1000.059    jtag_master/inst/jtag_axi_engine_u/tx_fifo_i/inst_fifo_gen/gconvfifo.rf/grf.rf/gntv_or_sync_fifo.gcx.clkx/wr_pntr_cdc_inst/dest_graysync_ff_reg[0][4]
  -------------------------------------------------------------------
                         required time                       1000.059    
                         arrival time                          -0.327    
  -------------------------------------------------------------------
                         slack                                999.732    

Slack (MET) :             999.732ns  (required time - arrival time)
  Source:                 jtag_master/inst/jtag_axi_engine_u/tx_fifo_i/inst_fifo_gen/gconvfifo.rf/grf.rf/gntv_or_sync_fifo.gcx.clkx/wr_pntr_cdc_inst/src_gray_ff_reg[5]/C
                            (rising edge-triggered cell FDRE)
  Destination:            jtag_master/inst/jtag_axi_engine_u/tx_fifo_i/inst_fifo_gen/gconvfifo.rf/grf.rf/gntv_or_sync_fifo.gcx.clkx/wr_pntr_cdc_inst/dest_graysync_ff_reg[0][5]/D
                            (rising edge-triggered cell FDRE clocked by clk_200m_mmcm  {rise@0.000ns fall@2.500ns period=5.000ns})
  Path Group:             clk_200m_mmcm
  Path Type:              Setup (Max at Slow Process Corner)
  Requirement:            1000.000ns  (MaxDelay Path 1000.000ns)
  Data Path Delay:        0.327ns  (logic 0.115ns (35.168%)  route 0.212ns (64.832%))
  Logic Levels:           1  (FDRE=1)
  Timing Exception:       MaxDelay Path 1000.000ns -datapath_only

    Location             Delay type                Incr(ns)  Path(ns)    Netlist Resource(s)
  -------------------------------------------------------------------    -------------------
                         FDRE                         0.000     0.000 r  jtag_master/inst/jtag_axi_engine_u/tx_fifo_i/inst_fifo_gen/gconvfifo.rf/grf.rf/gntv_or_sync_fifo.gcx.clkx/wr_pntr_cdc_inst/src_gray_ff_reg[5]/C
                         FDRE (Prop_FDRE_C_Q)         0.115     0.115 r  jtag_master/inst/jtag_axi_engine_u/tx_fifo_i/inst_fifo_gen/gconvfifo.rf/grf.rf/gntv_or_sync_fifo.gcx.clkx/wr_pntr_cdc_inst/src_gray_ff_reg[5]/Q
                         net (fo=1, unplaced)         0.212     0.327    jtag_master/inst/jtag_axi_engine_u/tx_fifo_i/inst_fifo_gen/gconvfifo.rf/grf.rf/gntv_or_sync_fifo.gcx.clkx/wr_pntr_cdc_inst/async_path[5]
                         FDRE                                         r  jtag_master/inst/jtag_axi_engine_u/tx_fifo_i/inst_fifo_gen/gconvfifo.rf/grf.rf/gntv_or_sync_fifo.gcx.clkx/wr_pntr_cdc_inst/dest_graysync_ff_reg[0][5]/D
  -------------------------------------------------------------------    -------------------

                         max delay                 1000.000  1000.000    
                         FDRE (Setup_FDRE_C_D)        0.059  1000.059    jtag_master/inst/jtag_axi_engine_u/tx_fifo_i/inst_fifo_gen/gconvfifo.rf/grf.rf/gntv_or_sync_fifo.gcx.clkx/wr_pntr_cdc_inst/dest_graysync_ff_reg[0][5]
  -------------------------------------------------------------------
                         required time                       1000.059    
                         arrival time                          -0.327    
  -------------------------------------------------------------------
                         slack                                999.732    

Slack (MET) :             999.732ns  (required time - arrival time)
  Source:                 jtag_master/inst/jtag_axi_engine_u/tx_fifo_i/inst_fifo_gen/gconvfifo.rf/grf.rf/gntv_or_sync_fifo.gcx.clkx/wr_pntr_cdc_inst/src_gray_ff_reg[6]/C
                            (rising edge-triggered cell FDRE)
  Destination:            jtag_master/inst/jtag_axi_engine_u/tx_fifo_i/inst_fifo_gen/gconvfifo.rf/grf.rf/gntv_or_sync_fifo.gcx.clkx/wr_pntr_cdc_inst/dest_graysync_ff_reg[0][6]/D
                            (rising edge-triggered cell FDRE clocked by clk_200m_mmcm  {rise@0.000ns fall@2.500ns period=5.000ns})
  Path Group:             clk_200m_mmcm
  Path Type:              Setup (Max at Slow Process Corner)
  Requirement:            1000.000ns  (MaxDelay Path 1000.000ns)
  Data Path Delay:        0.327ns  (logic 0.115ns (35.168%)  route 0.212ns (64.832%))
  Logic Levels:           1  (FDRE=1)
  Timing Exception:       MaxDelay Path 1000.000ns -datapath_only

    Location             Delay type                Incr(ns)  Path(ns)    Netlist Resource(s)
  -------------------------------------------------------------------    -------------------
                         FDRE                         0.000     0.000 r  jtag_master/inst/jtag_axi_engine_u/tx_fifo_i/inst_fifo_gen/gconvfifo.rf/grf.rf/gntv_or_sync_fifo.gcx.clkx/wr_pntr_cdc_inst/src_gray_ff_reg[6]/C
                         FDRE (Prop_FDRE_C_Q)         0.115     0.115 r  jtag_master/inst/jtag_axi_engine_u/tx_fifo_i/inst_fifo_gen/gconvfifo.rf/grf.rf/gntv_or_sync_fifo.gcx.clkx/wr_pntr_cdc_inst/src_gray_ff_reg[6]/Q
                         net (fo=1, unplaced)         0.212     0.327    jtag_master/inst/jtag_axi_engine_u/tx_fifo_i/inst_fifo_gen/gconvfifo.rf/grf.rf/gntv_or_sync_fifo.gcx.clkx/wr_pntr_cdc_inst/async_path[6]
                         FDRE                                         r  jtag_master/inst/jtag_axi_engine_u/tx_fifo_i/inst_fifo_gen/gconvfifo.rf/grf.rf/gntv_or_sync_fifo.gcx.clkx/wr_pntr_cdc_inst/dest_graysync_ff_reg[0][6]/D
  -------------------------------------------------------------------    -------------------

                         max delay                 1000.000  1000.000    
                         FDRE (Setup_FDRE_C_D)        0.059  1000.059    jtag_master/inst/jtag_axi_engine_u/tx_fifo_i/inst_fifo_gen/gconvfifo.rf/grf.rf/gntv_or_sync_fifo.gcx.clkx/wr_pntr_cdc_inst/dest_graysync_ff_reg[0][6]
  -------------------------------------------------------------------
                         required time                       1000.059    
                         arrival time                          -0.327    
  -------------------------------------------------------------------
                         slack                                999.732    

Slack (MET) :             999.732ns  (required time - arrival time)
  Source:                 jtag_master/inst/jtag_axi_engine_u/tx_fifo_i/inst_fifo_gen/gconvfifo.rf/grf.rf/gntv_or_sync_fifo.gcx.clkx/wr_pntr_cdc_inst/src_gray_ff_reg[7]/C
                            (rising edge-triggered cell FDRE)
  Destination:            jtag_master/inst/jtag_axi_engine_u/tx_fifo_i/inst_fifo_gen/gconvfifo.rf/grf.rf/gntv_or_sync_fifo.gcx.clkx/wr_pntr_cdc_inst/dest_graysync_ff_reg[0][7]/D
                            (rising edge-triggered cell FDRE clocked by clk_200m_mmcm  {rise@0.000ns fall@2.500ns period=5.000ns})
  Path Group:             clk_200m_mmcm
  Path Type:              Setup (Max at Slow Process Corner)
  Requirement:            1000.000ns  (MaxDelay Path 1000.000ns)
  Data Path Delay:        0.327ns  (logic 0.115ns (35.168%)  route 0.212ns (64.832%))
  Logic Levels:           1  (FDRE=1)
  Timing Exception:       MaxDelay Path 1000.000ns -datapath_only

    Location             Delay type                Incr(ns)  Path(ns)    Netlist Resource(s)
  -------------------------------------------------------------------    -------------------
                         FDRE                         0.000     0.000 r  jtag_master/inst/jtag_axi_engine_u/tx_fifo_i/inst_fifo_gen/gconvfifo.rf/grf.rf/gntv_or_sync_fifo.gcx.clkx/wr_pntr_cdc_inst/src_gray_ff_reg[7]/C
                         FDRE (Prop_FDRE_C_Q)         0.115     0.115 r  jtag_master/inst/jtag_axi_engine_u/tx_fifo_i/inst_fifo_gen/gconvfifo.rf/grf.rf/gntv_or_sync_fifo.gcx.clkx/wr_pntr_cdc_inst/src_gray_ff_reg[7]/Q
                         net (fo=1, unplaced)         0.212     0.327    jtag_master/inst/jtag_axi_engine_u/tx_fifo_i/inst_fifo_gen/gconvfifo.rf/grf.rf/gntv_or_sync_fifo.gcx.clkx/wr_pntr_cdc_inst/async_path[7]
                         FDRE                                         r  jtag_master/inst/jtag_axi_engine_u/tx_fifo_i/inst_fifo_gen/gconvfifo.rf/grf.rf/gntv_or_sync_fifo.gcx.clkx/wr_pntr_cdc_inst/dest_graysync_ff_reg[0][7]/D
  -------------------------------------------------------------------    -------------------

                         max delay                 1000.000  1000.000    
                         FDRE (Setup_FDRE_C_D)        0.059  1000.059    jtag_master/inst/jtag_axi_engine_u/tx_fifo_i/inst_fifo_gen/gconvfifo.rf/grf.rf/gntv_or_sync_fifo.gcx.clkx/wr_pntr_cdc_inst/dest_graysync_ff_reg[0][7]
  -------------------------------------------------------------------
                         required time                       1000.059    
                         arrival time                          -0.327    
  -------------------------------------------------------------------
                         slack                                999.732    





---------------------------------------------------------------------------------------------------
Path Group:  **default**
From Clock:  clk_200m_mmcm
  To Clock:  

Setup :            0  Failing Endpoints,  Worst Slack        4.732ns,  Total Violation        0.000ns
Hold  :           NA  Failing Endpoints,  Worst Slack           NA  ,  Total Violation           NA
---------------------------------------------------------------------------------------------------


Max Delay Paths
--------------------------------------------------------------------------------------
Slack (MET) :             4.732ns  (required time - arrival time)
  Source:                 jtag_master/inst/jtag_axi_engine_u/rd_cmd_fifo_i/inst_fifo_gen/gconvfifo.rf/grf.rf/gntv_or_sync_fifo.gcx.clkx/rd_pntr_cdc_inst/src_gray_ff_reg[0]/C
                            (rising edge-triggered cell FDRE clocked by clk_200m_mmcm  {rise@0.000ns fall@2.500ns period=5.000ns})
  Destination:            jtag_master/inst/jtag_axi_engine_u/rd_cmd_fifo_i/inst_fifo_gen/gconvfifo.rf/grf.rf/gntv_or_sync_fifo.gcx.clkx/rd_pntr_cdc_inst/dest_graysync_ff_reg[0][0]/D
  Path Group:             **default**
  Path Type:              Setup (Max at Slow Process Corner)
  Requirement:            5.000ns  (MaxDelay Path 5.000ns)
  Data Path Delay:        0.327ns  (logic 0.115ns (35.168%)  route 0.212ns (64.832%))
  Logic Levels:           0  
  Timing Exception:       MaxDelay Path 5.000ns -datapath_only

    Location             Delay type                Incr(ns)  Path(ns)    Netlist Resource(s)
  -------------------------------------------------------------------    -------------------
                                                      0.000     0.000 r  jtag_master/inst/jtag_axi_engine_u/rd_cmd_fifo_i/inst_fifo_gen/gconvfifo.rf/grf.rf/gntv_or_sync_fifo.gcx.clkx/rd_pntr_cdc_inst/src_gray_ff_reg[0]/C
                         FDRE (Prop_FDRE_C_Q)         0.115     0.115 r  jtag_master/inst/jtag_axi_engine_u/rd_cmd_fifo_i/inst_fifo_gen/gconvfifo.rf/grf.rf/gntv_or_sync_fifo.gcx.clkx/rd_pntr_cdc_inst/src_gray_ff_reg[0]/Q
                         net (fo=1, unplaced)         0.212     0.327    jtag_master/inst/jtag_axi_engine_u/rd_cmd_fifo_i/inst_fifo_gen/gconvfifo.rf/grf.rf/gntv_or_sync_fifo.gcx.clkx/rd_pntr_cdc_inst/async_path[0]
                         FDRE                                         r  jtag_master/inst/jtag_axi_engine_u/rd_cmd_fifo_i/inst_fifo_gen/gconvfifo.rf/grf.rf/gntv_or_sync_fifo.gcx.clkx/rd_pntr_cdc_inst/dest_graysync_ff_reg[0][0]/D
  -------------------------------------------------------------------    -------------------

                         max delay                    5.000     5.000    
                         FDRE (Setup_fdre_C_D)        0.059     5.059    jtag_master/inst/jtag_axi_engine_u/rd_cmd_fifo_i/inst_fifo_gen/gconvfifo.rf/grf.rf/gntv_or_sync_fifo.gcx.clkx/rd_pntr_cdc_inst/dest_graysync_ff_reg[0][0]
  -------------------------------------------------------------------
                         required time                          5.059    
                         arrival time                          -0.327    
  -------------------------------------------------------------------
                         slack                                  4.732    

Slack (MET) :             4.732ns  (required time - arrival time)
  Source:                 jtag_master/inst/jtag_axi_engine_u/rd_cmd_fifo_i/inst_fifo_gen/gconvfifo.rf/grf.rf/gntv_or_sync_fifo.gcx.clkx/rd_pntr_cdc_inst/src_gray_ff_reg[1]/C
                            (rising edge-triggered cell FDRE clocked by clk_200m_mmcm  {rise@0.000ns fall@2.500ns period=5.000ns})
  Destination:            jtag_master/inst/jtag_axi_engine_u/rd_cmd_fifo_i/inst_fifo_gen/gconvfifo.rf/grf.rf/gntv_or_sync_fifo.gcx.clkx/rd_pntr_cdc_inst/dest_graysync_ff_reg[0][1]/D
  Path Group:             **default**
  Path Type:              Setup (Max at Slow Process Corner)
  Requirement:            5.000ns  (MaxDelay Path 5.000ns)
  Data Path Delay:        0.327ns  (logic 0.115ns (35.168%)  route 0.212ns (64.832%))
  Logic Levels:           0  
  Timing Exception:       MaxDelay Path 5.000ns -datapath_only

    Location             Delay type                Incr(ns)  Path(ns)    Netlist Resource(s)
  -------------------------------------------------------------------    -------------------
                                                      0.000     0.000 r  jtag_master/inst/jtag_axi_engine_u/rd_cmd_fifo_i/inst_fifo_gen/gconvfifo.rf/grf.rf/gntv_or_sync_fifo.gcx.clkx/rd_pntr_cdc_inst/src_gray_ff_reg[1]/C
                         FDRE (Prop_FDRE_C_Q)         0.115     0.115 r  jtag_master/inst/jtag_axi_engine_u/rd_cmd_fifo_i/inst_fifo_gen/gconvfifo.rf/grf.rf/gntv_or_sync_fifo.gcx.clkx/rd_pntr_cdc_inst/src_gray_ff_reg[1]/Q
                         net (fo=1, unplaced)         0.212     0.327    jtag_master/inst/jtag_axi_engine_u/rd_cmd_fifo_i/inst_fifo_gen/gconvfifo.rf/grf.rf/gntv_or_sync_fifo.gcx.clkx/rd_pntr_cdc_inst/async_path[1]
                         FDRE                                         r  jtag_master/inst/jtag_axi_engine_u/rd_cmd_fifo_i/inst_fifo_gen/gconvfifo.rf/grf.rf/gntv_or_sync_fifo.gcx.clkx/rd_pntr_cdc_inst/dest_graysync_ff_reg[0][1]/D
  -------------------------------------------------------------------    -------------------

                         max delay                    5.000     5.000    
                         FDRE (Setup_fdre_C_D)        0.059     5.059    jtag_master/inst/jtag_axi_engine_u/rd_cmd_fifo_i/inst_fifo_gen/gconvfifo.rf/grf.rf/gntv_or_sync_fifo.gcx.clkx/rd_pntr_cdc_inst/dest_graysync_ff_reg[0][1]
  -------------------------------------------------------------------
                         required time                          5.059    
                         arrival time                          -0.327    
  -------------------------------------------------------------------
                         slack                                  4.732    

Slack (MET) :             4.732ns  (required time - arrival time)
  Source:                 jtag_master/inst/jtag_axi_engine_u/rd_cmd_fifo_i/inst_fifo_gen/gconvfifo.rf/grf.rf/gntv_or_sync_fifo.gcx.clkx/rd_pntr_cdc_inst/src_gray_ff_reg[2]/C
                            (rising edge-triggered cell FDRE clocked by clk_200m_mmcm  {rise@0.000ns fall@2.500ns period=5.000ns})
  Destination:            jtag_master/inst/jtag_axi_engine_u/rd_cmd_fifo_i/inst_fifo_gen/gconvfifo.rf/grf.rf/gntv_or_sync_fifo.gcx.clkx/rd_pntr_cdc_inst/dest_graysync_ff_reg[0][2]/D
  Path Group:             **default**
  Path Type:              Setup (Max at Slow Process Corner)
  Requirement:            5.000ns  (MaxDelay Path 5.000ns)
  Data Path Delay:        0.327ns  (logic 0.115ns (35.168%)  route 0.212ns (64.832%))
  Logic Levels:           0  
  Timing Exception:       MaxDelay Path 5.000ns -datapath_only

    Location             Delay type                Incr(ns)  Path(ns)    Netlist Resource(s)
  -------------------------------------------------------------------    -------------------
                                                      0.000     0.000 r  jtag_master/inst/jtag_axi_engine_u/rd_cmd_fifo_i/inst_fifo_gen/gconvfifo.rf/grf.rf/gntv_or_sync_fifo.gcx.clkx/rd_pntr_cdc_inst/src_gray_ff_reg[2]/C
                         FDRE (Prop_FDRE_C_Q)         0.115     0.115 r  jtag_master/inst/jtag_axi_engine_u/rd_cmd_fifo_i/inst_fifo_gen/gconvfifo.rf/grf.rf/gntv_or_sync_fifo.gcx.clkx/rd_pntr_cdc_inst/src_gray_ff_reg[2]/Q
                         net (fo=1, unplaced)         0.212     0.327    jtag_master/inst/jtag_axi_engine_u/rd_cmd_fifo_i/inst_fifo_gen/gconvfifo.rf/grf.rf/gntv_or_sync_fifo.gcx.clkx/rd_pntr_cdc_inst/async_path[2]
                         FDRE                                         r  jtag_master/inst/jtag_axi_engine_u/rd_cmd_fifo_i/inst_fifo_gen/gconvfifo.rf/grf.rf/gntv_or_sync_fifo.gcx.clkx/rd_pntr_cdc_inst/dest_graysync_ff_reg[0][2]/D
  -------------------------------------------------------------------    -------------------

                         max delay                    5.000     5.000    
                         FDRE (Setup_fdre_C_D)        0.059     5.059    jtag_master/inst/jtag_axi_engine_u/rd_cmd_fifo_i/inst_fifo_gen/gconvfifo.rf/grf.rf/gntv_or_sync_fifo.gcx.clkx/rd_pntr_cdc_inst/dest_graysync_ff_reg[0][2]
  -------------------------------------------------------------------
                         required time                          5.059    
                         arrival time                          -0.327    
  -------------------------------------------------------------------
                         slack                                  4.732    

Slack (MET) :             4.732ns  (required time - arrival time)
  Source:                 jtag_master/inst/jtag_axi_engine_u/rd_cmd_fifo_i/inst_fifo_gen/gconvfifo.rf/grf.rf/gntv_or_sync_fifo.gcx.clkx/rd_pntr_cdc_inst/src_gray_ff_reg[3]/C
                            (rising edge-triggered cell FDRE clocked by clk_200m_mmcm  {rise@0.000ns fall@2.500ns period=5.000ns})
  Destination:            jtag_master/inst/jtag_axi_engine_u/rd_cmd_fifo_i/inst_fifo_gen/gconvfifo.rf/grf.rf/gntv_or_sync_fifo.gcx.clkx/rd_pntr_cdc_inst/dest_graysync_ff_reg[0][3]/D
  Path Group:             **default**
  Path Type:              Setup (Max at Slow Process Corner)
  Requirement:            5.000ns  (MaxDelay Path 5.000ns)
  Data Path Delay:        0.327ns  (logic 0.115ns (35.168%)  route 0.212ns (64.832%))
  Logic Levels:           0  
  Timing Exception:       MaxDelay Path 5.000ns -datapath_only

    Location             Delay type                Incr(ns)  Path(ns)    Netlist Resource(s)
  -------------------------------------------------------------------    -------------------
                                                      0.000     0.000 r  jtag_master/inst/jtag_axi_engine_u/rd_cmd_fifo_i/inst_fifo_gen/gconvfifo.rf/grf.rf/gntv_or_sync_fifo.gcx.clkx/rd_pntr_cdc_inst/src_gray_ff_reg[3]/C
                         FDRE (Prop_FDRE_C_Q)         0.115     0.115 r  jtag_master/inst/jtag_axi_engine_u/rd_cmd_fifo_i/inst_fifo_gen/gconvfifo.rf/grf.rf/gntv_or_sync_fifo.gcx.clkx/rd_pntr_cdc_inst/src_gray_ff_reg[3]/Q
                         net (fo=1, unplaced)         0.212     0.327    jtag_master/inst/jtag_axi_engine_u/rd_cmd_fifo_i/inst_fifo_gen/gconvfifo.rf/grf.rf/gntv_or_sync_fifo.gcx.clkx/rd_pntr_cdc_inst/async_path[3]
                         FDRE                                         r  jtag_master/inst/jtag_axi_engine_u/rd_cmd_fifo_i/inst_fifo_gen/gconvfifo.rf/grf.rf/gntv_or_sync_fifo.gcx.clkx/rd_pntr_cdc_inst/dest_graysync_ff_reg[0][3]/D
  -------------------------------------------------------------------    -------------------

                         max delay                    5.000     5.000    
                         FDRE (Setup_fdre_C_D)        0.059     5.059    jtag_master/inst/jtag_axi_engine_u/rd_cmd_fifo_i/inst_fifo_gen/gconvfifo.rf/grf.rf/gntv_or_sync_fifo.gcx.clkx/rd_pntr_cdc_inst/dest_graysync_ff_reg[0][3]
  -------------------------------------------------------------------
                         required time                          5.059    
                         arrival time                          -0.327    
  -------------------------------------------------------------------
                         slack                                  4.732    

Slack (MET) :             4.732ns  (required time - arrival time)
  Source:                 jtag_master/inst/jtag_axi_engine_u/rx_fifo_i/inst_fifo_gen/gconvfifo.rf/grf.rf/gntv_or_sync_fifo.gcx.clkx/wr_pntr_cdc_inst/src_gray_ff_reg[0]/C
                            (rising edge-triggered cell FDRE clocked by clk_200m_mmcm  {rise@0.000ns fall@2.500ns period=5.000ns})
  Destination:            jtag_master/inst/jtag_axi_engine_u/rx_fifo_i/inst_fifo_gen/gconvfifo.rf/grf.rf/gntv_or_sync_fifo.gcx.clkx/wr_pntr_cdc_inst/dest_graysync_ff_reg[0][0]/D
  Path Group:             **default**
  Path Type:              Setup (Max at Slow Process Corner)
  Requirement:            5.000ns  (MaxDelay Path 5.000ns)
  Data Path Delay:        0.327ns  (logic 0.115ns (35.168%)  route 0.212ns (64.832%))
  Logic Levels:           0  
  Timing Exception:       MaxDelay Path 5.000ns -datapath_only

    Location             Delay type                Incr(ns)  Path(ns)    Netlist Resource(s)
  -------------------------------------------------------------------    -------------------
                                                      0.000     0.000 r  jtag_master/inst/jtag_axi_engine_u/rx_fifo_i/inst_fifo_gen/gconvfifo.rf/grf.rf/gntv_or_sync_fifo.gcx.clkx/wr_pntr_cdc_inst/src_gray_ff_reg[0]/C
                         FDRE (Prop_FDRE_C_Q)         0.115     0.115 r  jtag_master/inst/jtag_axi_engine_u/rx_fifo_i/inst_fifo_gen/gconvfifo.rf/grf.rf/gntv_or_sync_fifo.gcx.clkx/wr_pntr_cdc_inst/src_gray_ff_reg[0]/Q
                         net (fo=1, unplaced)         0.212     0.327    jtag_master/inst/jtag_axi_engine_u/rx_fifo_i/inst_fifo_gen/gconvfifo.rf/grf.rf/gntv_or_sync_fifo.gcx.clkx/wr_pntr_cdc_inst/async_path[0]
                         FDRE                                         r  jtag_master/inst/jtag_axi_engine_u/rx_fifo_i/inst_fifo_gen/gconvfifo.rf/grf.rf/gntv_or_sync_fifo.gcx.clkx/wr_pntr_cdc_inst/dest_graysync_ff_reg[0][0]/D
  -------------------------------------------------------------------    -------------------

                         max delay                    5.000     5.000    
                         FDRE (Setup_fdre_C_D)        0.059     5.059    jtag_master/inst/jtag_axi_engine_u/rx_fifo_i/inst_fifo_gen/gconvfifo.rf/grf.rf/gntv_or_sync_fifo.gcx.clkx/wr_pntr_cdc_inst/dest_graysync_ff_reg[0][0]
  -------------------------------------------------------------------
                         required time                          5.059    
                         arrival time                          -0.327    
  -------------------------------------------------------------------
                         slack                                  4.732    

Slack (MET) :             4.732ns  (required time - arrival time)
  Source:                 jtag_master/inst/jtag_axi_engine_u/rx_fifo_i/inst_fifo_gen/gconvfifo.rf/grf.rf/gntv_or_sync_fifo.gcx.clkx/wr_pntr_cdc_inst/src_gray_ff_reg[1]/C
                            (rising edge-triggered cell FDRE clocked by clk_200m_mmcm  {rise@0.000ns fall@2.500ns period=5.000ns})
  Destination:            jtag_master/inst/jtag_axi_engine_u/rx_fifo_i/inst_fifo_gen/gconvfifo.rf/grf.rf/gntv_or_sync_fifo.gcx.clkx/wr_pntr_cdc_inst/dest_graysync_ff_reg[0][1]/D
  Path Group:             **default**
  Path Type:              Setup (Max at Slow Process Corner)
  Requirement:            5.000ns  (MaxDelay Path 5.000ns)
  Data Path Delay:        0.327ns  (logic 0.115ns (35.168%)  route 0.212ns (64.832%))
  Logic Levels:           0  
  Timing Exception:       MaxDelay Path 5.000ns -datapath_only

    Location             Delay type                Incr(ns)  Path(ns)    Netlist Resource(s)
  -------------------------------------------------------------------    -------------------
                                                      0.000     0.000 r  jtag_master/inst/jtag_axi_engine_u/rx_fifo_i/inst_fifo_gen/gconvfifo.rf/grf.rf/gntv_or_sync_fifo.gcx.clkx/wr_pntr_cdc_inst/src_gray_ff_reg[1]/C
                         FDRE (Prop_FDRE_C_Q)         0.115     0.115 r  jtag_master/inst/jtag_axi_engine_u/rx_fifo_i/inst_fifo_gen/gconvfifo.rf/grf.rf/gntv_or_sync_fifo.gcx.clkx/wr_pntr_cdc_inst/src_gray_ff_reg[1]/Q
                         net (fo=1, unplaced)         0.212     0.327    jtag_master/inst/jtag_axi_engine_u/rx_fifo_i/inst_fifo_gen/gconvfifo.rf/grf.rf/gntv_or_sync_fifo.gcx.clkx/wr_pntr_cdc_inst/async_path[1]
                         FDRE                                         r  jtag_master/inst/jtag_axi_engine_u/rx_fifo_i/inst_fifo_gen/gconvfifo.rf/grf.rf/gntv_or_sync_fifo.gcx.clkx/wr_pntr_cdc_inst/dest_graysync_ff_reg[0][1]/D
  -------------------------------------------------------------------    -------------------

                         max delay                    5.000     5.000    
                         FDRE (Setup_fdre_C_D)        0.059     5.059    jtag_master/inst/jtag_axi_engine_u/rx_fifo_i/inst_fifo_gen/gconvfifo.rf/grf.rf/gntv_or_sync_fifo.gcx.clkx/wr_pntr_cdc_inst/dest_graysync_ff_reg[0][1]
  -------------------------------------------------------------------
                         required time                          5.059    
                         arrival time                          -0.327    
  -------------------------------------------------------------------
                         slack                                  4.732    

Slack (MET) :             4.732ns  (required time - arrival time)
  Source:                 jtag_master/inst/jtag_axi_engine_u/rx_fifo_i/inst_fifo_gen/gconvfifo.rf/grf.rf/gntv_or_sync_fifo.gcx.clkx/wr_pntr_cdc_inst/src_gray_ff_reg[2]/C
                            (rising edge-triggered cell FDRE clocked by clk_200m_mmcm  {rise@0.000ns fall@2.500ns period=5.000ns})
  Destination:            jtag_master/inst/jtag_axi_engine_u/rx_fifo_i/inst_fifo_gen/gconvfifo.rf/grf.rf/gntv_or_sync_fifo.gcx.clkx/wr_pntr_cdc_inst/dest_graysync_ff_reg[0][2]/D
  Path Group:             **default**
  Path Type:              Setup (Max at Slow Process Corner)
  Requirement:            5.000ns  (MaxDelay Path 5.000ns)
  Data Path Delay:        0.327ns  (logic 0.115ns (35.168%)  route 0.212ns (64.832%))
  Logic Levels:           0  
  Timing Exception:       MaxDelay Path 5.000ns -datapath_only

    Location             Delay type                Incr(ns)  Path(ns)    Netlist Resource(s)
  -------------------------------------------------------------------    -------------------
                                                      0.000     0.000 r  jtag_master/inst/jtag_axi_engine_u/rx_fifo_i/inst_fifo_gen/gconvfifo.rf/grf.rf/gntv_or_sync_fifo.gcx.clkx/wr_pntr_cdc_inst/src_gray_ff_reg[2]/C
                         FDRE (Prop_FDRE_C_Q)         0.115     0.115 r  jtag_master/inst/jtag_axi_engine_u/rx_fifo_i/inst_fifo_gen/gconvfifo.rf/grf.rf/gntv_or_sync_fifo.gcx.clkx/wr_pntr_cdc_inst/src_gray_ff_reg[2]/Q
                         net (fo=1, unplaced)         0.212     0.327    jtag_master/inst/jtag_axi_engine_u/rx_fifo_i/inst_fifo_gen/gconvfifo.rf/grf.rf/gntv_or_sync_fifo.gcx.clkx/wr_pntr_cdc_inst/async_path[2]
                         FDRE                                         r  jtag_master/inst/jtag_axi_engine_u/rx_fifo_i/inst_fifo_gen/gconvfifo.rf/grf.rf/gntv_or_sync_fifo.gcx.clkx/wr_pntr_cdc_inst/dest_graysync_ff_reg[0][2]/D
  -------------------------------------------------------------------    -------------------

                         max delay                    5.000     5.000    
                         FDRE (Setup_fdre_C_D)        0.059     5.059    jtag_master/inst/jtag_axi_engine_u/rx_fifo_i/inst_fifo_gen/gconvfifo.rf/grf.rf/gntv_or_sync_fifo.gcx.clkx/wr_pntr_cdc_inst/dest_graysync_ff_reg[0][2]
  -------------------------------------------------------------------
                         required time                          5.059    
                         arrival time                          -0.327    
  -------------------------------------------------------------------
                         slack                                  4.732    

Slack (MET) :             4.732ns  (required time - arrival time)
  Source:                 jtag_master/inst/jtag_axi_engine_u/rx_fifo_i/inst_fifo_gen/gconvfifo.rf/grf.rf/gntv_or_sync_fifo.gcx.clkx/wr_pntr_cdc_inst/src_gray_ff_reg[3]/C
                            (rising edge-triggered cell FDRE clocked by clk_200m_mmcm  {rise@0.000ns fall@2.500ns period=5.000ns})
  Destination:            jtag_master/inst/jtag_axi_engine_u/rx_fifo_i/inst_fifo_gen/gconvfifo.rf/grf.rf/gntv_or_sync_fifo.gcx.clkx/wr_pntr_cdc_inst/dest_graysync_ff_reg[0][3]/D
  Path Group:             **default**
  Path Type:              Setup (Max at Slow Process Corner)
  Requirement:            5.000ns  (MaxDelay Path 5.000ns)
  Data Path Delay:        0.327ns  (logic 0.115ns (35.168%)  route 0.212ns (64.832%))
  Logic Levels:           0  
  Timing Exception:       MaxDelay Path 5.000ns -datapath_only

    Location             Delay type                Incr(ns)  Path(ns)    Netlist Resource(s)
  -------------------------------------------------------------------    -------------------
                                                      0.000     0.000 r  jtag_master/inst/jtag_axi_engine_u/rx_fifo_i/inst_fifo_gen/gconvfifo.rf/grf.rf/gntv_or_sync_fifo.gcx.clkx/wr_pntr_cdc_inst/src_gray_ff_reg[3]/C
                         FDRE (Prop_FDRE_C_Q)         0.115     0.115 r  jtag_master/inst/jtag_axi_engine_u/rx_fifo_i/inst_fifo_gen/gconvfifo.rf/grf.rf/gntv_or_sync_fifo.gcx.clkx/wr_pntr_cdc_inst/src_gray_ff_reg[3]/Q
                         net (fo=1, unplaced)         0.212     0.327    jtag_master/inst/jtag_axi_engine_u/rx_fifo_i/inst_fifo_gen/gconvfifo.rf/grf.rf/gntv_or_sync_fifo.gcx.clkx/wr_pntr_cdc_inst/async_path[3]
                         FDRE                                         r  jtag_master/inst/jtag_axi_engine_u/rx_fifo_i/inst_fifo_gen/gconvfifo.rf/grf.rf/gntv_or_sync_fifo.gcx.clkx/wr_pntr_cdc_inst/dest_graysync_ff_reg[0][3]/D
  -------------------------------------------------------------------    -------------------

                         max delay                    5.000     5.000    
                         FDRE (Setup_fdre_C_D)        0.059     5.059    jtag_master/inst/jtag_axi_engine_u/rx_fifo_i/inst_fifo_gen/gconvfifo.rf/grf.rf/gntv_or_sync_fifo.gcx.clkx/wr_pntr_cdc_inst/dest_graysync_ff_reg[0][3]
  -------------------------------------------------------------------
                         required time                          5.059    
                         arrival time                          -0.327    
  -------------------------------------------------------------------
                         slack                                  4.732    

Slack (MET) :             4.732ns  (required time - arrival time)
  Source:                 jtag_master/inst/jtag_axi_engine_u/rx_fifo_i/inst_fifo_gen/gconvfifo.rf/grf.rf/gntv_or_sync_fifo.gcx.clkx/wr_pntr_cdc_inst/src_gray_ff_reg[4]/C
                            (rising edge-triggered cell FDRE clocked by clk_200m_mmcm  {rise@0.000ns fall@2.500ns period=5.000ns})
  Destination:            jtag_master/inst/jtag_axi_engine_u/rx_fifo_i/inst_fifo_gen/gconvfifo.rf/grf.rf/gntv_or_sync_fifo.gcx.clkx/wr_pntr_cdc_inst/dest_graysync_ff_reg[0][4]/D
  Path Group:             **default**
  Path Type:              Setup (Max at Slow Process Corner)
  Requirement:            5.000ns  (MaxDelay Path 5.000ns)
  Data Path Delay:        0.327ns  (logic 0.115ns (35.168%)  route 0.212ns (64.832%))
  Logic Levels:           0  
  Timing Exception:       MaxDelay Path 5.000ns -datapath_only

    Location             Delay type                Incr(ns)  Path(ns)    Netlist Resource(s)
  -------------------------------------------------------------------    -------------------
                                                      0.000     0.000 r  jtag_master/inst/jtag_axi_engine_u/rx_fifo_i/inst_fifo_gen/gconvfifo.rf/grf.rf/gntv_or_sync_fifo.gcx.clkx/wr_pntr_cdc_inst/src_gray_ff_reg[4]/C
                         FDRE (Prop_FDRE_C_Q)         0.115     0.115 r  jtag_master/inst/jtag_axi_engine_u/rx_fifo_i/inst_fifo_gen/gconvfifo.rf/grf.rf/gntv_or_sync_fifo.gcx.clkx/wr_pntr_cdc_inst/src_gray_ff_reg[4]/Q
                         net (fo=1, unplaced)         0.212     0.327    jtag_master/inst/jtag_axi_engine_u/rx_fifo_i/inst_fifo_gen/gconvfifo.rf/grf.rf/gntv_or_sync_fifo.gcx.clkx/wr_pntr_cdc_inst/async_path[4]
                         FDRE                                         r  jtag_master/inst/jtag_axi_engine_u/rx_fifo_i/inst_fifo_gen/gconvfifo.rf/grf.rf/gntv_or_sync_fifo.gcx.clkx/wr_pntr_cdc_inst/dest_graysync_ff_reg[0][4]/D
  -------------------------------------------------------------------    -------------------

                         max delay                    5.000     5.000    
                         FDRE (Setup_fdre_C_D)        0.059     5.059    jtag_master/inst/jtag_axi_engine_u/rx_fifo_i/inst_fifo_gen/gconvfifo.rf/grf.rf/gntv_or_sync_fifo.gcx.clkx/wr_pntr_cdc_inst/dest_graysync_ff_reg[0][4]
  -------------------------------------------------------------------
                         required time                          5.059    
                         arrival time                          -0.327    
  -------------------------------------------------------------------
                         slack                                  4.732    

Slack (MET) :             4.732ns  (required time - arrival time)
  Source:                 jtag_master/inst/jtag_axi_engine_u/rx_fifo_i/inst_fifo_gen/gconvfifo.rf/grf.rf/gntv_or_sync_fifo.gcx.clkx/wr_pntr_cdc_inst/src_gray_ff_reg[5]/C
                            (rising edge-triggered cell FDRE clocked by clk_200m_mmcm  {rise@0.000ns fall@2.500ns period=5.000ns})
  Destination:            jtag_master/inst/jtag_axi_engine_u/rx_fifo_i/inst_fifo_gen/gconvfifo.rf/grf.rf/gntv_or_sync_fifo.gcx.clkx/wr_pntr_cdc_inst/dest_graysync_ff_reg[0][5]/D
  Path Group:             **default**
  Path Type:              Setup (Max at Slow Process Corner)
  Requirement:            5.000ns  (MaxDelay Path 5.000ns)
  Data Path Delay:        0.327ns  (logic 0.115ns (35.168%)  route 0.212ns (64.832%))
  Logic Levels:           0  
  Timing Exception:       MaxDelay Path 5.000ns -datapath_only

    Location             Delay type                Incr(ns)  Path(ns)    Netlist Resource(s)
  -------------------------------------------------------------------    -------------------
                                                      0.000     0.000 r  jtag_master/inst/jtag_axi_engine_u/rx_fifo_i/inst_fifo_gen/gconvfifo.rf/grf.rf/gntv_or_sync_fifo.gcx.clkx/wr_pntr_cdc_inst/src_gray_ff_reg[5]/C
                         FDRE (Prop_FDRE_C_Q)         0.115     0.115 r  jtag_master/inst/jtag_axi_engine_u/rx_fifo_i/inst_fifo_gen/gconvfifo.rf/grf.rf/gntv_or_sync_fifo.gcx.clkx/wr_pntr_cdc_inst/src_gray_ff_reg[5]/Q
                         net (fo=1, unplaced)         0.212     0.327    jtag_master/inst/jtag_axi_engine_u/rx_fifo_i/inst_fifo_gen/gconvfifo.rf/grf.rf/gntv_or_sync_fifo.gcx.clkx/wr_pntr_cdc_inst/async_path[5]
                         FDRE                                         r  jtag_master/inst/jtag_axi_engine_u/rx_fifo_i/inst_fifo_gen/gconvfifo.rf/grf.rf/gntv_or_sync_fifo.gcx.clkx/wr_pntr_cdc_inst/dest_graysync_ff_reg[0][5]/D
  -------------------------------------------------------------------    -------------------

                         max delay                    5.000     5.000    
                         FDRE (Setup_fdre_C_D)        0.059     5.059    jtag_master/inst/jtag_axi_engine_u/rx_fifo_i/inst_fifo_gen/gconvfifo.rf/grf.rf/gntv_or_sync_fifo.gcx.clkx/wr_pntr_cdc_inst/dest_graysync_ff_reg[0][5]
  -------------------------------------------------------------------
                         required time                          5.059    
                         arrival time                          -0.327    
  -------------------------------------------------------------------
                         slack                                  4.732    

Slack (MET) :             4.732ns  (required time - arrival time)
  Source:                 jtag_master/inst/jtag_axi_engine_u/rx_fifo_i/inst_fifo_gen/gconvfifo.rf/grf.rf/gntv_or_sync_fifo.gcx.clkx/wr_pntr_cdc_inst/src_gray_ff_reg[6]/C
                            (rising edge-triggered cell FDRE clocked by clk_200m_mmcm  {rise@0.000ns fall@2.500ns period=5.000ns})
  Destination:            jtag_master/inst/jtag_axi_engine_u/rx_fifo_i/inst_fifo_gen/gconvfifo.rf/grf.rf/gntv_or_sync_fifo.gcx.clkx/wr_pntr_cdc_inst/dest_graysync_ff_reg[0][6]/D
  Path Group:             **default**
  Path Type:              Setup (Max at Slow Process Corner)
  Requirement:            5.000ns  (MaxDelay Path 5.000ns)
  Data Path Delay:        0.327ns  (logic 0.115ns (35.168%)  route 0.212ns (64.832%))
  Logic Levels:           0  
  Timing Exception:       MaxDelay Path 5.000ns -datapath_only

    Location             Delay type                Incr(ns)  Path(ns)    Netlist Resource(s)
  -------------------------------------------------------------------    -------------------
                                                      0.000     0.000 r  jtag_master/inst/jtag_axi_engine_u/rx_fifo_i/inst_fifo_gen/gconvfifo.rf/grf.rf/gntv_or_sync_fifo.gcx.clkx/wr_pntr_cdc_inst/src_gray_ff_reg[6]/C
                         FDRE (Prop_FDRE_C_Q)         0.115     0.115 r  jtag_master/inst/jtag_axi_engine_u/rx_fifo_i/inst_fifo_gen/gconvfifo.rf/grf.rf/gntv_or_sync_fifo.gcx.clkx/wr_pntr_cdc_inst/src_gray_ff_reg[6]/Q
                         net (fo=1, unplaced)         0.212     0.327    jtag_master/inst/jtag_axi_engine_u/rx_fifo_i/inst_fifo_gen/gconvfifo.rf/grf.rf/gntv_or_sync_fifo.gcx.clkx/wr_pntr_cdc_inst/async_path[6]
                         FDRE                                         r  jtag_master/inst/jtag_axi_engine_u/rx_fifo_i/inst_fifo_gen/gconvfifo.rf/grf.rf/gntv_or_sync_fifo.gcx.clkx/wr_pntr_cdc_inst/dest_graysync_ff_reg[0][6]/D
  -------------------------------------------------------------------    -------------------

                         max delay                    5.000     5.000    
                         FDRE (Setup_fdre_C_D)        0.059     5.059    jtag_master/inst/jtag_axi_engine_u/rx_fifo_i/inst_fifo_gen/gconvfifo.rf/grf.rf/gntv_or_sync_fifo.gcx.clkx/wr_pntr_cdc_inst/dest_graysync_ff_reg[0][6]
  -------------------------------------------------------------------
                         required time                          5.059    
                         arrival time                          -0.327    
  -------------------------------------------------------------------
                         slack                                  4.732    

Slack (MET) :             4.732ns  (required time - arrival time)
  Source:                 jtag_master/inst/jtag_axi_engine_u/rx_fifo_i/inst_fifo_gen/gconvfifo.rf/grf.rf/gntv_or_sync_fifo.gcx.clkx/wr_pntr_cdc_inst/src_gray_ff_reg[7]/C
                            (rising edge-triggered cell FDRE clocked by clk_200m_mmcm  {rise@0.000ns fall@2.500ns period=5.000ns})
  Destination:            jtag_master/inst/jtag_axi_engine_u/rx_fifo_i/inst_fifo_gen/gconvfifo.rf/grf.rf/gntv_or_sync_fifo.gcx.clkx/wr_pntr_cdc_inst/dest_graysync_ff_reg[0][7]/D
  Path Group:             **default**
  Path Type:              Setup (Max at Slow Process Corner)
  Requirement:            5.000ns  (MaxDelay Path 5.000ns)
  Data Path Delay:        0.327ns  (logic 0.115ns (35.168%)  route 0.212ns (64.832%))
  Logic Levels:           0  
  Timing Exception:       MaxDelay Path 5.000ns -datapath_only

    Location             Delay type                Incr(ns)  Path(ns)    Netlist Resource(s)
  -------------------------------------------------------------------    -------------------
                                                      0.000     0.000 r  jtag_master/inst/jtag_axi_engine_u/rx_fifo_i/inst_fifo_gen/gconvfifo.rf/grf.rf/gntv_or_sync_fifo.gcx.clkx/wr_pntr_cdc_inst/src_gray_ff_reg[7]/C
                         FDRE (Prop_FDRE_C_Q)         0.115     0.115 r  jtag_master/inst/jtag_axi_engine_u/rx_fifo_i/inst_fifo_gen/gconvfifo.rf/grf.rf/gntv_or_sync_fifo.gcx.clkx/wr_pntr_cdc_inst/src_gray_ff_reg[7]/Q
                         net (fo=1, unplaced)         0.212     0.327    jtag_master/inst/jtag_axi_engine_u/rx_fifo_i/inst_fifo_gen/gconvfifo.rf/grf.rf/gntv_or_sync_fifo.gcx.clkx/wr_pntr_cdc_inst/async_path[7]
                         FDRE                                         r  jtag_master/inst/jtag_axi_engine_u/rx_fifo_i/inst_fifo_gen/gconvfifo.rf/grf.rf/gntv_or_sync_fifo.gcx.clkx/wr_pntr_cdc_inst/dest_graysync_ff_reg[0][7]/D
  -------------------------------------------------------------------    -------------------

                         max delay                    5.000     5.000    
                         FDRE (Setup_fdre_C_D)        0.059     5.059    jtag_master/inst/jtag_axi_engine_u/rx_fifo_i/inst_fifo_gen/gconvfifo.rf/grf.rf/gntv_or_sync_fifo.gcx.clkx/wr_pntr_cdc_inst/dest_graysync_ff_reg[0][7]
  -------------------------------------------------------------------
                         required time                          5.059    
                         arrival time                          -0.327    
  -------------------------------------------------------------------
                         slack                                  4.732    

Slack (MET) :             4.732ns  (required time - arrival time)
  Source:                 jtag_master/inst/jtag_axi_engine_u/tx_fifo_i/inst_fifo_gen/gconvfifo.rf/grf.rf/gntv_or_sync_fifo.gcx.clkx/rd_pntr_cdc_inst/src_gray_ff_reg[0]/C
                            (rising edge-triggered cell FDRE clocked by clk_200m_mmcm  {rise@0.000ns fall@2.500ns period=5.000ns})
  Destination:            jtag_master/inst/jtag_axi_engine_u/tx_fifo_i/inst_fifo_gen/gconvfifo.rf/grf.rf/gntv_or_sync_fifo.gcx.clkx/rd_pntr_cdc_inst/dest_graysync_ff_reg[0][0]/D
  Path Group:             **default**
  Path Type:              Setup (Max at Slow Process Corner)
  Requirement:            5.000ns  (MaxDelay Path 5.000ns)
  Data Path Delay:        0.327ns  (logic 0.115ns (35.168%)  route 0.212ns (64.832%))
  Logic Levels:           0  
  Timing Exception:       MaxDelay Path 5.000ns -datapath_only

    Location             Delay type                Incr(ns)  Path(ns)    Netlist Resource(s)
  -------------------------------------------------------------------    -------------------
                                                      0.000     0.000 r  jtag_master/inst/jtag_axi_engine_u/tx_fifo_i/inst_fifo_gen/gconvfifo.rf/grf.rf/gntv_or_sync_fifo.gcx.clkx/rd_pntr_cdc_inst/src_gray_ff_reg[0]/C
                         FDRE (Prop_FDRE_C_Q)         0.115     0.115 r  jtag_master/inst/jtag_axi_engine_u/tx_fifo_i/inst_fifo_gen/gconvfifo.rf/grf.rf/gntv_or_sync_fifo.gcx.clkx/rd_pntr_cdc_inst/src_gray_ff_reg[0]/Q
                         net (fo=1, unplaced)         0.212     0.327    jtag_master/inst/jtag_axi_engine_u/tx_fifo_i/inst_fifo_gen/gconvfifo.rf/grf.rf/gntv_or_sync_fifo.gcx.clkx/rd_pntr_cdc_inst/async_path[0]
                         FDRE                                         r  jtag_master/inst/jtag_axi_engine_u/tx_fifo_i/inst_fifo_gen/gconvfifo.rf/grf.rf/gntv_or_sync_fifo.gcx.clkx/rd_pntr_cdc_inst/dest_graysync_ff_reg[0][0]/D
  -------------------------------------------------------------------    -------------------

                         max delay                    5.000     5.000    
                         FDRE (Setup_fdre_C_D)        0.059     5.059    jtag_master/inst/jtag_axi_engine_u/tx_fifo_i/inst_fifo_gen/gconvfifo.rf/grf.rf/gntv_or_sync_fifo.gcx.clkx/rd_pntr_cdc_inst/dest_graysync_ff_reg[0][0]
  -------------------------------------------------------------------
                         required time                          5.059    
                         arrival time                          -0.327    
  -------------------------------------------------------------------
                         slack                                  4.732    

Slack (MET) :             4.732ns  (required time - arrival time)
  Source:                 jtag_master/inst/jtag_axi_engine_u/tx_fifo_i/inst_fifo_gen/gconvfifo.rf/grf.rf/gntv_or_sync_fifo.gcx.clkx/rd_pntr_cdc_inst/src_gray_ff_reg[1]/C
                            (rising edge-triggered cell FDRE clocked by clk_200m_mmcm  {rise@0.000ns fall@2.500ns period=5.000ns})
  Destination:            jtag_master/inst/jtag_axi_engine_u/tx_fifo_i/inst_fifo_gen/gconvfifo.rf/grf.rf/gntv_or_sync_fifo.gcx.clkx/rd_pntr_cdc_inst/dest_graysync_ff_reg[0][1]/D
  Path Group:             **default**
  Path Type:              Setup (Max at Slow Process Corner)
  Requirement:            5.000ns  (MaxDelay Path 5.000ns)
  Data Path Delay:        0.327ns  (logic 0.115ns (35.168%)  route 0.212ns (64.832%))
  Logic Levels:           0  
  Timing Exception:       MaxDelay Path 5.000ns -datapath_only

    Location             Delay type                Incr(ns)  Path(ns)    Netlist Resource(s)
  -------------------------------------------------------------------    -------------------
                                                      0.000     0.000 r  jtag_master/inst/jtag_axi_engine_u/tx_fifo_i/inst_fifo_gen/gconvfifo.rf/grf.rf/gntv_or_sync_fifo.gcx.clkx/rd_pntr_cdc_inst/src_gray_ff_reg[1]/C
                         FDRE (Prop_FDRE_C_Q)         0.115     0.115 r  jtag_master/inst/jtag_axi_engine_u/tx_fifo_i/inst_fifo_gen/gconvfifo.rf/grf.rf/gntv_or_sync_fifo.gcx.clkx/rd_pntr_cdc_inst/src_gray_ff_reg[1]/Q
                         net (fo=1, unplaced)         0.212     0.327    jtag_master/inst/jtag_axi_engine_u/tx_fifo_i/inst_fifo_gen/gconvfifo.rf/grf.rf/gntv_or_sync_fifo.gcx.clkx/rd_pntr_cdc_inst/async_path[1]
                         FDRE                                         r  jtag_master/inst/jtag_axi_engine_u/tx_fifo_i/inst_fifo_gen/gconvfifo.rf/grf.rf/gntv_or_sync_fifo.gcx.clkx/rd_pntr_cdc_inst/dest_graysync_ff_reg[0][1]/D
  -------------------------------------------------------------------    -------------------

                         max delay                    5.000     5.000    
                         FDRE (Setup_fdre_C_D)        0.059     5.059    jtag_master/inst/jtag_axi_engine_u/tx_fifo_i/inst_fifo_gen/gconvfifo.rf/grf.rf/gntv_or_sync_fifo.gcx.clkx/rd_pntr_cdc_inst/dest_graysync_ff_reg[0][1]
  -------------------------------------------------------------------
                         required time                          5.059    
                         arrival time                          -0.327    
  -------------------------------------------------------------------
                         slack                                  4.732    

Slack (MET) :             4.732ns  (required time - arrival time)
  Source:                 jtag_master/inst/jtag_axi_engine_u/tx_fifo_i/inst_fifo_gen/gconvfifo.rf/grf.rf/gntv_or_sync_fifo.gcx.clkx/rd_pntr_cdc_inst/src_gray_ff_reg[2]/C
                            (rising edge-triggered cell FDRE clocked by clk_200m_mmcm  {rise@0.000ns fall@2.500ns period=5.000ns})
  Destination:            jtag_master/inst/jtag_axi_engine_u/tx_fifo_i/inst_fifo_gen/gconvfifo.rf/grf.rf/gntv_or_sync_fifo.gcx.clkx/rd_pntr_cdc_inst/dest_graysync_ff_reg[0][2]/D
  Path Group:             **default**
  Path Type:              Setup (Max at Slow Process Corner)
  Requirement:            5.000ns  (MaxDelay Path 5.000ns)
  Data Path Delay:        0.327ns  (logic 0.115ns (35.168%)  route 0.212ns (64.832%))
  Logic Levels:           0  
  Timing Exception:       MaxDelay Path 5.000ns -datapath_only

    Location             Delay type                Incr(ns)  Path(ns)    Netlist Resource(s)
  -------------------------------------------------------------------    -------------------
                                                      0.000     0.000 r  jtag_master/inst/jtag_axi_engine_u/tx_fifo_i/inst_fifo_gen/gconvfifo.rf/grf.rf/gntv_or_sync_fifo.gcx.clkx/rd_pntr_cdc_inst/src_gray_ff_reg[2]/C
                         FDRE (Prop_FDRE_C_Q)         0.115     0.115 r  jtag_master/inst/jtag_axi_engine_u/tx_fifo_i/inst_fifo_gen/gconvfifo.rf/grf.rf/gntv_or_sync_fifo.gcx.clkx/rd_pntr_cdc_inst/src_gray_ff_reg[2]/Q
                         net (fo=1, unplaced)         0.212     0.327    jtag_master/inst/jtag_axi_engine_u/tx_fifo_i/inst_fifo_gen/gconvfifo.rf/grf.rf/gntv_or_sync_fifo.gcx.clkx/rd_pntr_cdc_inst/async_path[2]
                         FDRE                                         r  jtag_master/inst/jtag_axi_engine_u/tx_fifo_i/inst_fifo_gen/gconvfifo.rf/grf.rf/gntv_or_sync_fifo.gcx.clkx/rd_pntr_cdc_inst/dest_graysync_ff_reg[0][2]/D
  -------------------------------------------------------------------    -------------------

                         max delay                    5.000     5.000    
                         FDRE (Setup_fdre_C_D)        0.059     5.059    jtag_master/inst/jtag_axi_engine_u/tx_fifo_i/inst_fifo_gen/gconvfifo.rf/grf.rf/gntv_or_sync_fifo.gcx.clkx/rd_pntr_cdc_inst/dest_graysync_ff_reg[0][2]
  -------------------------------------------------------------------
                         required time                          5.059    
                         arrival time                          -0.327    
  -------------------------------------------------------------------
                         slack                                  4.732    

Slack (MET) :             4.732ns  (required time - arrival time)
  Source:                 jtag_master/inst/jtag_axi_engine_u/tx_fifo_i/inst_fifo_gen/gconvfifo.rf/grf.rf/gntv_or_sync_fifo.gcx.clkx/rd_pntr_cdc_inst/src_gray_ff_reg[3]/C
                            (rising edge-triggered cell FDRE clocked by clk_200m_mmcm  {rise@0.000ns fall@2.500ns period=5.000ns})
  Destination:            jtag_master/inst/jtag_axi_engine_u/tx_fifo_i/inst_fifo_gen/gconvfifo.rf/grf.rf/gntv_or_sync_fifo.gcx.clkx/rd_pntr_cdc_inst/dest_graysync_ff_reg[0][3]/D
  Path Group:             **default**
  Path Type:              Setup (Max at Slow Process Corner)
  Requirement:            5.000ns  (MaxDelay Path 5.000ns)
  Data Path Delay:        0.327ns  (logic 0.115ns (35.168%)  route 0.212ns (64.832%))
  Logic Levels:           0  
  Timing Exception:       MaxDelay Path 5.000ns -datapath_only

    Location             Delay type                Incr(ns)  Path(ns)    Netlist Resource(s)
  -------------------------------------------------------------------    -------------------
                                                      0.000     0.000 r  jtag_master/inst/jtag_axi_engine_u/tx_fifo_i/inst_fifo_gen/gconvfifo.rf/grf.rf/gntv_or_sync_fifo.gcx.clkx/rd_pntr_cdc_inst/src_gray_ff_reg[3]/C
                         FDRE (Prop_FDRE_C_Q)         0.115     0.115 r  jtag_master/inst/jtag_axi_engine_u/tx_fifo_i/inst_fifo_gen/gconvfifo.rf/grf.rf/gntv_or_sync_fifo.gcx.clkx/rd_pntr_cdc_inst/src_gray_ff_reg[3]/Q
                         net (fo=1, unplaced)         0.212     0.327    jtag_master/inst/jtag_axi_engine_u/tx_fifo_i/inst_fifo_gen/gconvfifo.rf/grf.rf/gntv_or_sync_fifo.gcx.clkx/rd_pntr_cdc_inst/async_path[3]
                         FDRE                                         r  jtag_master/inst/jtag_axi_engine_u/tx_fifo_i/inst_fifo_gen/gconvfifo.rf/grf.rf/gntv_or_sync_fifo.gcx.clkx/rd_pntr_cdc_inst/dest_graysync_ff_reg[0][3]/D
  -------------------------------------------------------------------    -------------------

                         max delay                    5.000     5.000    
                         FDRE (Setup_fdre_C_D)        0.059     5.059    jtag_master/inst/jtag_axi_engine_u/tx_fifo_i/inst_fifo_gen/gconvfifo.rf/grf.rf/gntv_or_sync_fifo.gcx.clkx/rd_pntr_cdc_inst/dest_graysync_ff_reg[0][3]
  -------------------------------------------------------------------
                         required time                          5.059    
                         arrival time                          -0.327    
  -------------------------------------------------------------------
                         slack                                  4.732    

Slack (MET) :             4.732ns  (required time - arrival time)
  Source:                 jtag_master/inst/jtag_axi_engine_u/tx_fifo_i/inst_fifo_gen/gconvfifo.rf/grf.rf/gntv_or_sync_fifo.gcx.clkx/rd_pntr_cdc_inst/src_gray_ff_reg[4]/C
                            (rising edge-triggered cell FDRE clocked by clk_200m_mmcm  {rise@0.000ns fall@2.500ns period=5.000ns})
  Destination:            jtag_master/inst/jtag_axi_engine_u/tx_fifo_i/inst_fifo_gen/gconvfifo.rf/grf.rf/gntv_or_sync_fifo.gcx.clkx/rd_pntr_cdc_inst/dest_graysync_ff_reg[0][4]/D
  Path Group:             **default**
  Path Type:              Setup (Max at Slow Process Corner)
  Requirement:            5.000ns  (MaxDelay Path 5.000ns)
  Data Path Delay:        0.327ns  (logic 0.115ns (35.168%)  route 0.212ns (64.832%))
  Logic Levels:           0  
  Timing Exception:       MaxDelay Path 5.000ns -datapath_only

    Location             Delay type                Incr(ns)  Path(ns)    Netlist Resource(s)
  -------------------------------------------------------------------    -------------------
                                                      0.000     0.000 r  jtag_master/inst/jtag_axi_engine_u/tx_fifo_i/inst_fifo_gen/gconvfifo.rf/grf.rf/gntv_or_sync_fifo.gcx.clkx/rd_pntr_cdc_inst/src_gray_ff_reg[4]/C
                         FDRE (Prop_FDRE_C_Q)         0.115     0.115 r  jtag_master/inst/jtag_axi_engine_u/tx_fifo_i/inst_fifo_gen/gconvfifo.rf/grf.rf/gntv_or_sync_fifo.gcx.clkx/rd_pntr_cdc_inst/src_gray_ff_reg[4]/Q
                         net (fo=1, unplaced)         0.212     0.327    jtag_master/inst/jtag_axi_engine_u/tx_fifo_i/inst_fifo_gen/gconvfifo.rf/grf.rf/gntv_or_sync_fifo.gcx.clkx/rd_pntr_cdc_inst/async_path[4]
                         FDRE                                         r  jtag_master/inst/jtag_axi_engine_u/tx_fifo_i/inst_fifo_gen/gconvfifo.rf/grf.rf/gntv_or_sync_fifo.gcx.clkx/rd_pntr_cdc_inst/dest_graysync_ff_reg[0][4]/D
  -------------------------------------------------------------------    -------------------

                         max delay                    5.000     5.000    
                         FDRE (Setup_fdre_C_D)        0.059     5.059    jtag_master/inst/jtag_axi_engine_u/tx_fifo_i/inst_fifo_gen/gconvfifo.rf/grf.rf/gntv_or_sync_fifo.gcx.clkx/rd_pntr_cdc_inst/dest_graysync_ff_reg[0][4]
  -------------------------------------------------------------------
                         required time                          5.059    
                         arrival time                          -0.327    
  -------------------------------------------------------------------
                         slack                                  4.732    

Slack (MET) :             4.732ns  (required time - arrival time)
  Source:                 jtag_master/inst/jtag_axi_engine_u/tx_fifo_i/inst_fifo_gen/gconvfifo.rf/grf.rf/gntv_or_sync_fifo.gcx.clkx/rd_pntr_cdc_inst/src_gray_ff_reg[5]/C
                            (rising edge-triggered cell FDRE clocked by clk_200m_mmcm  {rise@0.000ns fall@2.500ns period=5.000ns})
  Destination:            jtag_master/inst/jtag_axi_engine_u/tx_fifo_i/inst_fifo_gen/gconvfifo.rf/grf.rf/gntv_or_sync_fifo.gcx.clkx/rd_pntr_cdc_inst/dest_graysync_ff_reg[0][5]/D
  Path Group:             **default**
  Path Type:              Setup (Max at Slow Process Corner)
  Requirement:            5.000ns  (MaxDelay Path 5.000ns)
  Data Path Delay:        0.327ns  (logic 0.115ns (35.168%)  route 0.212ns (64.832%))
  Logic Levels:           0  
  Timing Exception:       MaxDelay Path 5.000ns -datapath_only

    Location             Delay type                Incr(ns)  Path(ns)    Netlist Resource(s)
  -------------------------------------------------------------------    -------------------
                                                      0.000     0.000 r  jtag_master/inst/jtag_axi_engine_u/tx_fifo_i/inst_fifo_gen/gconvfifo.rf/grf.rf/gntv_or_sync_fifo.gcx.clkx/rd_pntr_cdc_inst/src_gray_ff_reg[5]/C
                         FDRE (Prop_FDRE_C_Q)         0.115     0.115 r  jtag_master/inst/jtag_axi_engine_u/tx_fifo_i/inst_fifo_gen/gconvfifo.rf/grf.rf/gntv_or_sync_fifo.gcx.clkx/rd_pntr_cdc_inst/src_gray_ff_reg[5]/Q
                         net (fo=1, unplaced)         0.212     0.327    jtag_master/inst/jtag_axi_engine_u/tx_fifo_i/inst_fifo_gen/gconvfifo.rf/grf.rf/gntv_or_sync_fifo.gcx.clkx/rd_pntr_cdc_inst/async_path[5]
                         FDRE                                         r  jtag_master/inst/jtag_axi_engine_u/tx_fifo_i/inst_fifo_gen/gconvfifo.rf/grf.rf/gntv_or_sync_fifo.gcx.clkx/rd_pntr_cdc_inst/dest_graysync_ff_reg[0][5]/D
  -------------------------------------------------------------------    -------------------

                         max delay                    5.000     5.000    
                         FDRE (Setup_fdre_C_D)        0.059     5.059    jtag_master/inst/jtag_axi_engine_u/tx_fifo_i/inst_fifo_gen/gconvfifo.rf/grf.rf/gntv_or_sync_fifo.gcx.clkx/rd_pntr_cdc_inst/dest_graysync_ff_reg[0][5]
  -------------------------------------------------------------------
                         required time                          5.059    
                         arrival time                          -0.327    
  -------------------------------------------------------------------
                         slack                                  4.732    

Slack (MET) :             4.732ns  (required time - arrival time)
  Source:                 jtag_master/inst/jtag_axi_engine_u/tx_fifo_i/inst_fifo_gen/gconvfifo.rf/grf.rf/gntv_or_sync_fifo.gcx.clkx/rd_pntr_cdc_inst/src_gray_ff_reg[6]/C
                            (rising edge-triggered cell FDRE clocked by clk_200m_mmcm  {rise@0.000ns fall@2.500ns period=5.000ns})
  Destination:            jtag_master/inst/jtag_axi_engine_u/tx_fifo_i/inst_fifo_gen/gconvfifo.rf/grf.rf/gntv_or_sync_fifo.gcx.clkx/rd_pntr_cdc_inst/dest_graysync_ff_reg[0][6]/D
  Path Group:             **default**
  Path Type:              Setup (Max at Slow Process Corner)
  Requirement:            5.000ns  (MaxDelay Path 5.000ns)
  Data Path Delay:        0.327ns  (logic 0.115ns (35.168%)  route 0.212ns (64.832%))
  Logic Levels:           0  
  Timing Exception:       MaxDelay Path 5.000ns -datapath_only

    Location             Delay type                Incr(ns)  Path(ns)    Netlist Resource(s)
  -------------------------------------------------------------------    -------------------
                                                      0.000     0.000 r  jtag_master/inst/jtag_axi_engine_u/tx_fifo_i/inst_fifo_gen/gconvfifo.rf/grf.rf/gntv_or_sync_fifo.gcx.clkx/rd_pntr_cdc_inst/src_gray_ff_reg[6]/C
                         FDRE (Prop_FDRE_C_Q)         0.115     0.115 r  jtag_master/inst/jtag_axi_engine_u/tx_fifo_i/inst_fifo_gen/gconvfifo.rf/grf.rf/gntv_or_sync_fifo.gcx.clkx/rd_pntr_cdc_inst/src_gray_ff_reg[6]/Q
                         net (fo=1, unplaced)         0.212     0.327    jtag_master/inst/jtag_axi_engine_u/tx_fifo_i/inst_fifo_gen/gconvfifo.rf/grf.rf/gntv_or_sync_fifo.gcx.clkx/rd_pntr_cdc_inst/async_path[6]
                         FDRE                                         r  jtag_master/inst/jtag_axi_engine_u/tx_fifo_i/inst_fifo_gen/gconvfifo.rf/grf.rf/gntv_or_sync_fifo.gcx.clkx/rd_pntr_cdc_inst/dest_graysync_ff_reg[0][6]/D
  -------------------------------------------------------------------    -------------------

                         max delay                    5.000     5.000    
                         FDRE (Setup_fdre_C_D)        0.059     5.059    jtag_master/inst/jtag_axi_engine_u/tx_fifo_i/inst_fifo_gen/gconvfifo.rf/grf.rf/gntv_or_sync_fifo.gcx.clkx/rd_pntr_cdc_inst/dest_graysync_ff_reg[0][6]
  -------------------------------------------------------------------
                         required time                          5.059    
                         arrival time                          -0.327    
  -------------------------------------------------------------------
                         slack                                  4.732    

Slack (MET) :             4.732ns  (required time - arrival time)
  Source:                 jtag_master/inst/jtag_axi_engine_u/tx_fifo_i/inst_fifo_gen/gconvfifo.rf/grf.rf/gntv_or_sync_fifo.gcx.clkx/rd_pntr_cdc_inst/src_gray_ff_reg[7]/C
                            (rising edge-triggered cell FDRE clocked by clk_200m_mmcm  {rise@0.000ns fall@2.500ns period=5.000ns})
  Destination:            jtag_master/inst/jtag_axi_engine_u/tx_fifo_i/inst_fifo_gen/gconvfifo.rf/grf.rf/gntv_or_sync_fifo.gcx.clkx/rd_pntr_cdc_inst/dest_graysync_ff_reg[0][7]/D
  Path Group:             **default**
  Path Type:              Setup (Max at Slow Process Corner)
  Requirement:            5.000ns  (MaxDelay Path 5.000ns)
  Data Path Delay:        0.327ns  (logic 0.115ns (35.168%)  route 0.212ns (64.832%))
  Logic Levels:           0  
  Timing Exception:       MaxDelay Path 5.000ns -datapath_only

    Location             Delay type                Incr(ns)  Path(ns)    Netlist Resource(s)
  -------------------------------------------------------------------    -------------------
                                                      0.000     0.000 r  jtag_master/inst/jtag_axi_engine_u/tx_fifo_i/inst_fifo_gen/gconvfifo.rf/grf.rf/gntv_or_sync_fifo.gcx.clkx/rd_pntr_cdc_inst/src_gray_ff_reg[7]/C
                         FDRE (Prop_FDRE_C_Q)         0.115     0.115 r  jtag_master/inst/jtag_axi_engine_u/tx_fifo_i/inst_fifo_gen/gconvfifo.rf/grf.rf/gntv_or_sync_fifo.gcx.clkx/rd_pntr_cdc_inst/src_gray_ff_reg[7]/Q
                         net (fo=1, unplaced)         0.212     0.327    jtag_master/inst/jtag_axi_engine_u/tx_fifo_i/inst_fifo_gen/gconvfifo.rf/grf.rf/gntv_or_sync_fifo.gcx.clkx/rd_pntr_cdc_inst/async_path[7]
                         FDRE                                         r  jtag_master/inst/jtag_axi_engine_u/tx_fifo_i/inst_fifo_gen/gconvfifo.rf/grf.rf/gntv_or_sync_fifo.gcx.clkx/rd_pntr_cdc_inst/dest_graysync_ff_reg[0][7]/D
  -------------------------------------------------------------------    -------------------

                         max delay                    5.000     5.000    
                         FDRE (Setup_fdre_C_D)        0.059     5.059    jtag_master/inst/jtag_axi_engine_u/tx_fifo_i/inst_fifo_gen/gconvfifo.rf/grf.rf/gntv_or_sync_fifo.gcx.clkx/rd_pntr_cdc_inst/dest_graysync_ff_reg[0][7]
  -------------------------------------------------------------------
                         required time                          5.059    
                         arrival time                          -0.327    
  -------------------------------------------------------------------
                         slack                                  4.732    





